[{"time":2,"angle":360,"holdEase":"inBack","angle2":720,"type":"hold","duration":4},{"angle":270,"type":"mine","time":7},{"angle":90,"type":"mine","time":7},{"angle":247.5,"type":"mine","time":6.5},{"angle":112.5,"type":"mine","time":6.5},{"angle":67.5,"type":"mine","time":7.5},{"angle":292.5,"type":"mine","time":7.5},{"angle":247.5,"type":"mine","time":8},{"angle":112.5,"type":"mine","time":8},{"angle":225,"type":"mine","time":8.5},{"angle":202.5,"type":"mine","time":9},{"angle":157.5,"type":"mine","time":9},{"angle":135,"type":"mine","time":8.5},{"angle":0,"type":"block","time":8},{"angle":337.5,"time":8.25,"angle2":326.25,"type":"hold","duration":0.125},{"angle":315,"type":"block","time":8.5},{"angle":292.5,"type":"block","time":8.75},{"angle":270,"type":"block","time":9},{"angle":270,"type":"block","time":9.25},{"startTap":true,"time":9.75,"angle":270,"holdEase":"inBack","angle2":180,"type":"hold","duration":1.25},{"time":11,"angle":180,"holdEase":"inCubic","angle2":90,"type":"hold","duration":1},{"duration":1,"endTap":true,"time":12,"holdEase":"inCirc","angle2":0,"type":"hold","angle":90},{"angle":180,"time":13,"angle2":180,"type":"mineHold","duration":1},{"duration":1,"segments":1,"time":14,"angle2":202.5,"type":"mineHold","angle":180},{"duration":1,"segments":1,"time":14,"angle2":157.5,"type":"mineHold","angle":180},{"angle":202.5,"time":15,"angle2":202.5,"type":"mineHold","duration":1},{"angle":157.5,"time":15,"angle2":157.5,"type":"mineHold","duration":1},{"duration":1,"segments":1,"time":16,"angle2":225,"type":"mineHold","angle":202.5},{"duration":1,"segments":1,"time":16,"angle2":135,"type":"mineHold","angle":157.5},{"angle":0,"type":"side","time":14},{"duration":1,"angle":225,"angle2":360,"speedMult":1.5,"type":"mineHold","time":14},{"duration":0.5,"angle":135,"angle2":45,"speedMult":1.5,"type":"mineHold","time":16},{"angle":0,"type":"side","time":16},{"angle":67.5,"tap":true,"type":"block","time":15},{"angle":292.5,"tap":true,"type":"block","time":17},{"angle":292.5,"type":"block","time":17.25},{"duration":0.5,"angle":90,"speedMult":1.5,"angle2":0,"type":"mineHold","time":16.5},{"angle":225,"time":17,"angle2":225,"type":"mineHold","duration":0.75},{"angle":135,"time":17,"angle2":135,"type":"mineHold","duration":0.75},{"time":17.75,"speedMult":1.5,"type":"side","angle":360},{"time":19,"startTap":true,"angle":67.5,"angle2":-67.5,"type":"hold","duration":1},{"angle":225,"time":17.75,"angle2":135,"type":"mineHold","duration":0},{"angle":247.5,"type":"block","time":21},{"angle":270,"type":"block","time":21.25},{"angle":292.5,"type":"block","time":21.5},{"angle":315,"type":"block","time":21.75},{"angle":337.5,"type":"block","time":22},{"angle":360,"type":"block","time":22.25},{"angle":45,"tap":true,"type":"block","time":22.75},{"angle":90,"type":"block","time":23.25},{"angle":45,"type":"block","time":23.75},{"startTap":true,"time":24,"angle":22.5,"holdEase":"outSine","angle2":-22.5,"type":"hold","duration":1},{"time":25.75,"startTap":true,"angle":0,"angle2":0,"type":"hold","duration":8.25},{"angle":345,"type":"block","time":25.75},{"angle":15,"type":"block","time":25.75},{"angle":0,"time":42,"angle2":90,"type":"hold","duration":1},{"angle":213.75,"type":"block","time":45},{"angle":360,"type":"block","time":47},{"angle":247.5,"time":19,"angle2":112.5,"type":"mineHold","duration":1},{"angle":225,"type":"mine","time":22.75},{"angle":270,"type":"mine","time":23.25},{"angle":225,"type":"mine","time":23.75},{"time":24,"angle":202.5,"holdEase":"outSine","angle2":157.5,"type":"mineHold","duration":1},{"angle":95,"type":"mine","time":27},{"angle":275,"type":"mine","time":27},{"angle":180,"type":"mine","time":28.5},{"angle":202.5,"type":"mine","time":28.25},{"angle":225,"type":"mine","time":28},{"angle":157.5,"type":"mine","time":28.75},{"angle":135,"type":"mine","time":29},{"angle":275,"time":30,"angle2":275,"type":"mineHold","duration":1},{"angle":95,"time":32,"angle2":95,"type":"mineHold","duration":0.75},{"angle":260,"type":"mine","time":29.833333969116},{"angle":245,"type":"mine","time":29.666666030884},{"angle":230,"type":"mine","time":29.5},{"angle":110,"type":"mine","time":31.833333969116},{"angle":125,"type":"mine","time":31.666666030884},{"angle":140,"type":"mine","time":31.5},{"angle":30,"type":"block","time":47.5},{"angle":15,"type":"block","time":48},{"angle":45,"type":"block","time":48.5},{"startTap":true,"endTap":true,"angle":30,"duration":1,"angle2":30,"type":"hold","time":49},{"angle":30,"time":50,"angle2":-30,"type":"hold","duration":1},{"angle":275,"type":"mine","time":33},{"angle":245,"type":"mine","time":33.25},{"angle":215,"type":"mine","time":33.5},{"angle":185,"type":"mine","time":33.75},{"angle":155,"type":"mine","time":33.5},{"angle":125,"type":"mine","time":33.25},{"angle":95,"type":"mine","time":33},{"angle":247.5,"type":"block","time":53},{"angle":60,"type":"block","time":55},{"angle":90,"type":"block","time":55.5},{"angle":135,"type":"block","time":56},{"angle":105,"type":"block","time":56.5},{"startTap":true,"endTap":true,"angle":75,"duration":1,"angle2":135,"type":"hold","time":57},{"angle":135,"time":58,"angle2":90,"type":"hold","duration":1},{"angle":97.5,"type":"block","time":60.5},{"angle":102.5,"type":"block","time":61},{"angle":90,"type":"block","time":62.5},{"angle":87.5,"type":"block","time":63},{"startTap":true,"angle":290,"time":64.5,"speedMult":1.5,"angle2":290,"type":"hold","duration":0.5},{"startTap":true,"angle":305,"duration":0.5,"angle2":305,"speedMult":1.5,"type":"hold","time":64.5},{"startTap":true,"angle":260,"duration":0.5,"angle2":260,"speedMult":1.5,"type":"hold","time":65.25},{"startTap":true,"angle":245,"duration":0.5,"angle2":245,"speedMult":1.5,"type":"hold","time":65.25},{"startTap":true,"angle":275,"duration":1,"angle2":335,"speedMult":1.5,"type":"hold","time":66},{"angle":95,"time":70,"angle2":95,"type":"hold","duration":0.75},{"time":73,"angle":275,"speedMult":2,"angle2":275,"type":"mineHold","duration":0.75},{"startTap":true,"angle":75,"time":73.75,"angle2":105,"type":"hold","duration":1.25},{"startTap":true,"time":73.75,"angle":60,"angle2":90,"type":"hold","duration":1.25},{"angle":95,"type":"block","time":68},{"angle":97.5,"type":"block","time":75},{"angle":75,"type":"block","time":75.25},{"angle":120,"type":"block","time":75.5},{"angle":105,"type":"block","time":75.75},{"angle":135,"type":"block","time":76},{"angle":315,"type":"block","time":77},{"angle":285,"type":"block","time":77.25},{"angle":255,"type":"block","time":77.5},{"angle":270,"tap":true,"type":"block","time":77.75},{"angle":285,"type":"block","time":78.5},{"angle":270,"type":"block","time":79.5},{"angle":255,"type":"block","time":80.5},{"angle":240,"type":"block","time":81.5},{"angle":277.5,"type":"mine","time":79},{"angle":262.5,"type":"mine","time":80},{"angle":247.5,"type":"mine","time":81},{"time":82,"angle":285,"holdEase":"inSine","angle2":180,"type":"hold","duration":1},{"angle":60,"type":"block","time":85},{"angle":105,"type":"block","time":85.25},{"angle":120,"type":"block","time":85.5},{"angle":90,"tap":true,"type":"block","time":85.75},{"angle":82.5,"type":"block","time":86.5},{"angle":75,"type":"mine","time":87},{"angle":60,"type":"mine","time":88},{"angle":67.5,"type":"block","time":87.5},{"angle":52.5,"type":"block","time":88.5},{"angle":360,"tap":true,"type":"side","time":89.75},{"angle":75,"time":91,"angle2":90,"type":"hold","duration":0.5},{"angle":345,"time":91,"angle2":375,"type":"mineHold","duration":0.5},{"angle":165,"time":91,"angle2":135,"type":"mineHold","duration":0.5},{"angle":255,"time":91,"angle2":255,"type":"mineHold","duration":0.5},{"angle":-52.5,"time":93,"angle2":-37.5,"type":"hold","duration":0.5},{"angle":217.5,"time":93,"angle2":247.5,"type":"mineHold","duration":0.5},{"angle":37.5,"time":93,"angle2":7.5,"type":"mineHold","duration":0.5},{"angle":127.5,"time":93,"angle2":127.5,"type":"mineHold","duration":0.5},{"angle":165,"time":95,"angle2":180,"type":"hold","duration":0.5},{"angle":435,"time":95,"angle2":465,"type":"mineHold","duration":0.5},{"angle":255,"time":95,"angle2":225,"type":"mineHold","duration":0.5},{"angle":345,"time":95,"angle2":345,"type":"mineHold","duration":0.5},{"angle":30,"time":97,"angle2":45,"type":"hold","duration":0.5},{"angle":300,"time":97,"angle2":330,"type":"mineHold","duration":0.5},{"angle":120,"time":97,"angle2":90,"type":"mineHold","duration":0.5},{"angle":210,"time":97,"angle2":210,"type":"mineHold","duration":0.5},{"angle":-75,"time":99,"angle2":-60,"type":"hold","duration":0.5},{"time":99,"angle":195,"angle2":225,"type":"mineHold","duration":0.5},{"angle":15,"time":99,"angle2":-15,"type":"mineHold","duration":0.5},{"time":99,"angle":105,"angle2":105,"type":"mineHold","duration":0.5},{"time":100,"speedMult":1.5,"type":"block","angle":285},{"angle":270,"speedMult":1.5,"type":"block","time":100.25},{"angle":277.5,"speedMult":1.5,"type":"block","time":100.375},{"angle":262.5,"speedMult":1.5,"type":"block","time":100.5},{"angle":277.5,"speedMult":1.5,"type":"block","time":100.75},{"angle":300,"speedMult":1.5,"type":"block","time":101},{"angle":315,"speedMult":1.5,"type":"block","time":101.25},{"angle":0,"speedMult":1.5,"type":"block","time":101.75},{"time":101.75,"speedMult":1.5,"type":"block","angle":345},{"time":101.75,"speedMult":1.5,"type":"block","angle":15},{"angle":22.5,"speedMult":1.5,"type":"extraTap","time":101.75},{"angle":270,"type":"block","time":105},{"angle":247.5,"type":"block","time":105.5},{"angle":292.5,"tap":true,"type":"side","time":106},{"angle":67.5,"type":"mine","time":107},{"angle":180,"type":"mine","time":107.5},{"angle":292.5,"type":"mine","time":108},{"angle":22.5,"type":"mine","time":108.5},{"angle":202.5,"type":"mine","time":109},{"angle":315,"type":"mine","time":109.5},{"angle":90,"tap":true,"type":"side","time":110},{"angle":225,"speedMult":0.89999997615814,"type":"mine","time":107},{"angle":112.5,"speedMult":0.89999997615814,"type":"mine","time":108},{"angle":45,"speedMult":0.89999997615814,"type":"mine","time":109},{"angle":180,"type":"mine","time":111},{"time":111,"speedMult":0.89999997615814,"type":"mine","angle":360},{"angle":135,"type":"mine","time":111.5},{"angle":22.5,"type":"mine","time":112},{"time":112,"speedMult":0.89999997615814,"type":"mine","angle":292.5},{"angle":337.5,"type":"mine","time":112.5},{"angle":45,"type":"mine","time":113},{"time":113,"speedMult":0.89999997615814,"type":"mine","angle":157.5},{"angle":247.5,"type":"block","time":113},{"angle":270,"type":"block","time":113.5},{"angle":292.5,"time":114,"angle2":292.5,"type":"hold","duration":0.5},{"time":115,"angle":202.5,"angle2":202.5,"type":"hold","duration":0.5},{"time":116,"angle":112.5,"angle2":112.5,"type":"hold","duration":0.5},{"angle":22.5,"time":117,"angle2":22.5,"type":"hold","duration":0.5},{"angle":22.5,"speedMult":1.2000000476837,"type":"block","time":117.5},{"time":117.75,"speedMult":1.2000000476837,"type":"block","angle":45},{"tap":true,"time":118,"speedMult":1.2000000476837,"type":"block","angle":67.5},{"time":118.25,"speedMult":1.2000000476837,"type":"block","angle":90},{"angle":135,"speedMult":1.2000000476837,"type":"block","time":118.75},{"time":119.25,"speedMult":1.2000000476837,"type":"block","angle":180},{"angle":225,"speedMult":1.2000000476837,"type":"block","time":119.75},{"tap":true,"time":120,"speedMult":1.2000000476837,"type":"side","angle":315},{"angle":75,"time":91,"angle2":60,"type":"hold","duration":0.5},{"time":93,"angle":-52.5,"angle2":-67.5,"type":"hold","duration":0.5},{"time":95,"angle":165,"angle2":150,"type":"hold","duration":0.5},{"time":97,"angle":30,"angle2":15,"type":"hold","duration":0.5},{"angle":-75,"time":99,"angle2":-90,"type":"hold","duration":0.5},{"angle":80,"type":"block","time":71},{"angle":110,"type":"block","time":71.5},{"angle":80,"type":"block","time":72},{"angle":247.5,"speedMult":1.6000000238419,"type":"mine","time":118},{"angle":270,"speedMult":1.6000000238419,"type":"mine","time":118.25},{"time":118.75,"speedMult":1.6000000238419,"type":"mine","angle":315},{"angle":360,"speedMult":1.6000000238419,"type":"mine","time":119.25},{"angle":45,"speedMult":1.6000000238419,"type":"mine","time":119.75},{"angle":135,"speedMult":1.6000000238419,"type":"mine","time":120},{"startTap":true,"duration":1.25,"angle":90,"holdEase":"inSine","angle2":-90,"type":"hold","time":121.75},{"angle":270,"type":"block","time":124.5},{"angle":270,"type":"block","time":125},{"angle":270,"type":"block","time":124.75},{"angle":270,"type":"block","time":125.25},{"startTap":true,"time":125.75,"duration":1.25,"holdEase":"inSine","angle2":90,"type":"hold","angle":270},{"angle":144.67970275879,"type":"block","time":126.75},{"angle":118.36488342285,"type":"block","time":126.875},{"angle":90,"type":"block","time":127},{"angle":67.5,"type":"block","time":127.25},{"angle":180,"type":"block","time":129},{"angle":180,"type":"block","time":129.25},{"angle":180,"speedMult":1.5,"type":"mine","time":25},{"angle":180,"speedMult":1.5,"type":"mine","time":25.25},{"angle":180,"time":2,"holdEase":"inBack","angle2":540,"type":"mineHold","duration":4},{"time":9.75,"duration":1.25,"holdEase":"inSine","angle2":0,"type":"mineHold","angle":180},{"angle":90,"time":11,"holdEase":"inSine","angle2":-90,"type":"mineHold","duration":1},{"angle":360,"time":12,"holdEase":"inSine","angle2":180,"type":"mineHold","duration":1},{"startTap":true,"time":129.75,"duration":1.25,"holdEase":"inSine","angle2":360,"type":"hold","angle":180},{"startTap":true,"duration":4.5,"time":244.5,"holdEase":"inSine","angle2":-900,"type":"hold","angle":0},{"angle":0,"type":"block","time":132.75},{"angle":0,"type":"block","time":133},{"angle":0,"type":"block","time":133.25},{"startTap":true,"time":133.75,"angle":0,"holdEase":"inSine","angle2":180,"type":"hold","duration":1.25},{"angle":95,"speedMult":1.5,"type":"block","time":136},{"angle":112.5,"speedMult":1.5,"type":"block","time":136.25},{"angle":135,"speedMult":1.3999999761581,"type":"block","time":136.375},{"angle":123.75,"speedMult":1.3999999761581,"type":"block","time":136.5},{"angle":146.25,"speedMult":1.2999999523163,"type":"block","time":136.625},{"angle":135,"speedMult":1.2999999523163,"type":"block","time":136.75},{"duration":0.25,"time":137,"speedMult":1.2000000476837,"angle2":202.5,"type":"hold","angle":157.5},{"angle":275,"speedMult":1.7999999523163,"type":"side","time":137.75},{"time":137.75,"speedMult":1.7999999523163,"type":"extraTap","angle":270},{"angle":292.5,"type":"block","time":139},{"angle":67.5,"type":"block","time":140},{"angle":202.5,"type":"block","time":141},{"angle":360,"type":"block","time":142},{"angle":112.5,"type":"block","time":143},{"angle":247.5,"type":"block","time":144},{"angle":337.5,"type":"block","time":145},{"startTap":true,"time":154,"angle":0,"holdEase":"inBack","angle2":360,"type":"hold","duration":4},{"time":154,"duration":4,"holdEase":"inBack","angle2":540,"type":"mineHold","angle":180},{"angle":67.5,"speedMult":2.5,"type":"block","time":160},{"angle":78.75,"speedMult":2.5,"type":"block","time":160.25},{"time":160.375,"speedMult":2.5,"type":"block","angle":90},{"time":160.5,"speedMult":2.5,"type":"block","angle":101.25},{"time":160.75,"speedMult":2.5,"type":"block","angle":90},{"startTap":true,"duration":0.25,"angle":78.75,"speedMult":2.5,"angle2":112.5,"type":"hold","time":161},{"time":161.75,"tap":true,"speedMult":1.75,"type":"side","angle":292.5},{"time":163,"type":"block","angle":67.5},{"time":163.25,"type":"block","angle":90},{"angle":112.5,"type":"block","time":163.5},{"time":163.75,"type":"block","angle":90},{"time":164,"duration":0.25,"angle2":90,"type":"hold","angle":67.5},{"time":164.75,"type":"block","angle":157.5},{"angle":157.5,"type":"block","time":165.25},{"angle":202.5,"type":"block","time":165.5},{"angle":275,"tap":true,"type":"side","time":166},{"angle":275,"tap":true,"type":"side","time":166.75},{"angle":337.5,"type":"block","time":167.25},{"time":167.5,"type":"block","angle":0},{"angle":45,"type":"block","time":167.75},{"time":168.75,"type":"block","angle":22.5},{"time":169.25,"type":"block","angle":45},{"time":169.5,"type":"block","angle":67.5},{"angle":135,"tap":true,"type":"side","time":170},{"angle":67.5,"time":168,"angle2":112.5,"type":"hold","duration":0.25},{"time":139,"speedMult":0.89999997615814,"type":"mine","angle":135},{"angle":337.5,"speedMult":0.89999997615814,"type":"mine","time":141},{"time":143,"speedMult":0.89999997615814,"type":"mine","angle":202.5},{"angle":45,"speedMult":0.89999997615814,"type":"mine","time":145},{"angle":240,"type":"block","time":171},{"angle":255,"type":"block","time":171.25},{"angle":285,"type":"block","time":171.5},{"time":171.75,"type":"block","angle":270},{"time":172,"duration":0.25,"angle2":315,"type":"hold","angle":285},{"angle":240,"type":"block","time":172.75},{"angle":195,"type":"block","time":173.25},{"time":173.5,"type":"block","angle":240},{"time":174,"tap":true,"type":"side","angle":275},{"angle":275,"tap":true,"type":"side","time":174.75},{"angle":117.5,"type":"block","time":175.25},{"time":175.5,"type":"block","angle":432.5},{"angle":117.5,"type":"block","time":175.75},{"time":176,"type":"block","angle":432.5},{"angle":117.5,"type":"block","time":176.25},{"time":176.75,"type":"block","angle":95},{"time":177.25,"type":"block","angle":155},{"time":177.5,"type":"block","angle":215},{"angle":60,"type":"block","time":146},{"angle":150,"type":"block","time":146.5},{"time":147,"type":"block","angle":240},{"angle":330,"type":"block","time":147.5},{"angle":60,"type":"block","time":148},{"time":148.5,"type":"block","angle":150},{"time":149,"type":"block","angle":240},{"angle":330,"type":"block","time":149.5},{"angle":67.5,"tap":true,"type":"block","time":150},{"time":150.75,"tap":true,"type":"block","angle":315},{"time":146,"speedMult":0.89999997615814,"type":"mine","angle":292.5},{"time":147,"speedMult":0.89999997615814,"type":"mine","angle":450},{"time":148,"speedMult":0.89999997615814,"type":"mine","angle":247.5},{"time":149,"speedMult":0.89999997615814,"type":"mine","angle":405},{"time":150,"speedMult":0.89999997615814,"type":"mine","angle":540},{"time":178,"tap":true,"speedMult":1,"type":"side","angle":315},{"time":206,"tap":true,"type":"side","angle":95},{"angle":196.25,"time":206,"angle2":196.25,"type":"mineHold","duration":3},{"duration":3,"time":206,"angle2":353.75,"type":"mineHold","angle":353.75},{"angle":303.75,"type":"side","time":209.75},{"angle":281.25,"type":"side","time":211},{"time":212,"type":"side","angle":258.75},{"angle":275,"time":213,"angle2":95,"type":"hold","duration":1},{"angle":95,"time":215,"angle2":-85,"type":"hold","duration":1},{"angle":275,"time":217,"angle2":140,"type":"hold","duration":0.75},{"angle":5,"time":213,"angle2":5,"type":"mineHold","duration":1},{"angle":185,"time":215,"angle2":185,"type":"mineHold","duration":1},{"angle":365,"time":217,"angle2":365,"type":"mineHold","duration":0.75},{"angle":310,"duration":0.75,"angle2":290,"type":"mineHold","time":211},{"time":219,"type":"side","angle":45},{"time":220,"type":"side","angle":45},{"angle":270,"speedMult":1.25,"type":"block","time":221.25},{"time":221.5,"speedMult":1.25,"type":"block","angle":281.25},{"time":221.75,"speedMult":1.25,"type":"block","angle":292.5},{"time":222,"speedMult":1.25,"type":"block","angle":315},{"angle":281.25,"speedMult":1.25,"type":"block","time":222.25},{"time":222.75,"duration":0.5,"speedMult":1.25,"angle2":240,"type":"hold","angle":255},{"time":222.75,"angle":240,"angle2":225,"speedMult":1.25,"type":"hold","duration":0.5},{"angle":255,"speedMult":1.25,"type":"block","time":223.75},{"angle":270,"speedMult":1.25,"type":"block","time":223.75},{"time":224,"speedMult":1.25,"type":"block","angle":285},{"time":224,"speedMult":1.25,"type":"block","angle":270},{"angle":60,"type":"block","time":225},{"angle":105,"duration":0.5,"angle2":105,"type":"mineHold","time":225},{"angle":75,"tap":true,"type":"side","time":225.75},{"angle":90,"type":"side","time":227},{"time":228,"type":"side","angle":105},{"angle":131.25,"time":227,"angle2":146.25,"type":"mineHold","duration":0.75},{"time":227.33332824707,"type":"block","angle":44.385612487793},{"time":227.66700744629,"type":"block","angle":45},{"time":229,"duration":1,"angle2":-85,"type":"hold","angle":95},{"time":231,"duration":1,"angle2":95,"type":"hold","angle":275},{"duration":0.25,"time":233,"angle2":50,"type":"hold","angle":95},{"time":229,"duration":1,"angle2":185,"type":"mineHold","angle":185},{"time":231,"duration":1,"angle2":5,"type":"mineHold","angle":5},{"time":233,"duration":0.25,"angle2":185,"type":"mineHold","angle":185},{"time":233.75,"tap":true,"type":"side","angle":275},{"angle":45,"type":"block","time":235},{"time":235.5,"type":"block","angle":135},{"angle":45,"type":"block","time":236},{"angle":0,"type":"block","time":237.25},{"angle":30,"type":"block","time":237.5},{"angle":60,"type":"block","time":237.75},{"time":238,"type":"block","angle":90},{"time":238.25,"type":"block","angle":120},{"time":238.5,"type":"block","angle":150},{"angle":180,"type":"block","time":238.75},{"angle":210,"type":"block","time":239},{"time":239.25,"type":"block","angle":240},{"angle":270,"type":"block","time":239.5},{"angle":300,"type":"block","time":239.75},{"time":240,"tap":true,"type":"block","angle":330},{"time":240.25,"type":"block","angle":30},{"angle":360,"tap":true,"endAngle":300,"type":"block","time":240.75},{"angle":0,"tap":true,"endAngle":60,"type":"block","time":241.25},{"angle":360,"tap":true,"type":"block","time":241.75},{"angle":22.5,"type":"block","time":179},{"angle":45,"type":"block","time":179.25},{"angle":67.5,"type":"block","time":179.5},{"angle":22.5,"type":"block","time":179.75},{"time":180,"angle":45,"angle2":90,"type":"hold","duration":0.25},{"angle":345,"type":"block","time":180.75},{"angle":360,"type":"block","time":181.25},{"angle":30,"type":"block","time":181.5},{"angle":95,"tap":true,"type":"side","time":182},{"angle":95,"tap":true,"type":"side","time":182.75},{"angle":150,"type":"block","time":183.25},{"angle":180,"type":"block","time":183.5},{"angle":210,"type":"block","time":183.75},{"time":184,"angle":240,"angle2":270,"type":"hold","duration":0.25},{"angle":210,"type":"block","time":184.75},{"angle":240,"type":"block","time":185.25},{"angle":270,"type":"block","time":185.5},{"angle":315,"tap":true,"type":"side","time":186},{"angle":300,"type":"block","time":187},{"angle":270,"type":"block","time":187.25},{"angle":300,"type":"block","time":187.5},{"angle":330,"type":"block","time":187.75},{"time":188,"angle":15,"angle2":-15,"type":"hold","duration":0.25},{"angle":300,"type":"block","time":188.75},{"angle":315,"type":"block","time":189.25},{"angle":345,"type":"block","time":189.5},{"angle":60,"tap":true,"type":"side","time":190},{"angle":300,"tap":true,"type":"side","time":190.75}]