{"metadata":{"artist":"LeaF","songName":"Poison AND÷OR Affection","description":"Mechanics used: Mines, Sides, and a little something else...","difficulty":8,"charter":"DIYDamian","bgData":{"greenChannel":{"b":156,"g":42,"r":71},"yellowChannel":{"b":225,"g":60,"r":124},"image":"selectart.png","cyanChannel":{"b":255,"g":255,"r":255},"magentaChannel":{"b":255,"g":255,"r":255},"redChannel":{"b":139,"g":224,"r":255},"blueChannel":{"b":47,"g":25,"r":40}},"artistLink":"","bg":true},"properties":{"loadBeat":-1,"speed":70,"formatversion":13,"offset":8},"events":[{"angle":0,"time":0,"file":"affection.ogg","bpm":120,"volume":0.80000001192093,"type":"play"},{"parentid":"@player","time":25.75,"order":0,"sx":1000,"sy":0,"id":"cover_a","x":0,"y":500,"drawLayer":"fg","sprite":"white_2x2.png","oy":1,"ox":1,"angle":45,"rotationinfluence":0.0099999997764826,"r":4.7639999389648,"type":"deco","drawOrder":0,"recolor":1,"orbit":true},{"time":25.75,"order":1,"type":"deco","ease":"outCirc","id":"cover_a","duration":2,"sy":350,"angle":56.25},{"angle":315,"duration":4,"var":"scrollSpeed","value":3,"time":2,"type":"ease","ease":"outSine"},{"time":6,"var":"scrollSpeed","type":"ease","ease":"outCirc","start":0.5,"duration":2,"value":0.80000001192093,"angle":22.5},{"duration":1.75,"angle":22.5,"var":"scrollSpeed","value":1,"time":8,"type":"ease","ease":"inSine"},{"id":"cover_a","time":26,"duration":90,"type":"deco","angle":45,"y":-500,"ease":"inOutSine"},{"id":"cover_a","duration":90,"angle":45,"type":"deco","time":116,"y":500,"ease":"inOutSine"},{"id":"cover_a","time":26,"duration":45,"angle":60,"x":500,"type":"deco","ease":"outSine"},{"id":"cover_a","angle":48.75,"duration":90,"time":71,"x":-500,"type":"deco","ease":"inOutSine"},{"parentid":"@player","time":34,"order":0,"sx":0.80000001192093,"sy":0.80000001192093,"id":"rotateIcon","x":0,"y":0,"drawLayer":"bg","sprite":"rotate.png","oy":131,"angle":15,"rotationinfluence":0.30000001192093,"type":"deco","recolor":6,"ox":131},{"time":34,"order":1,"type":"deco","id":"rotateIcon","angle":30,"rotationinfluence":0.30000001192093,"r":720,"duration":26},{"id":"cover_a","angle":315,"time":34,"type":"deco","duration":8,"sy":300,"ease":"inOutSine"},{"time":34,"order":1,"sx":0.5,"type":"deco","ease":"outCirc","id":"rotateIcon","duration":2,"rotationinfluence":0.30000001192093,"angle":45,"sy":0.5},{"b":47,"time":-1,"r":40,"angle":300,"g":25,"type":"setColor","color":1},{"b":225,"time":-1,"r":124,"angle":285,"g":60,"type":"setColor","color":0},{"b":156,"time":-1,"r":71,"angle":315,"g":42,"type":"setColor","color":2},{"time":-1,"voidColor":2,"angle":337.5,"type":"setBgColor","color":2},{"b":255,"time":2,"r":255,"angle":112.5,"g":255,"type":"setColor","color":0},{"time":2,"order":0,"type":"setColor","b":235,"angle":123.75,"r":176,"g":112,"color":1},{"time":2,"order":1,"type":"setColor","ease":"outCirc","b":156,"duration":2,"r":71,"g":42,"angle":135,"color":1},{"time":2,"order":0,"type":"setColor","b":244,"angle":146.25,"r":213,"g":159,"color":2},{"time":2,"order":1,"type":"setColor","ease":"outCirc","b":225,"duration":2,"r":124,"g":60,"angle":157.5,"color":2},{"b":255,"time":6,"r":255,"angle":56.25,"g":255,"type":"setColor","color":7},{"value":7,"var":"p.fillColor","angle":67.5,"type":"ease","time":6},{"b":57,"time":6,"r":199,"angle":78.75,"g":82,"type":"setColor","color":0},{"b":47,"time":6,"r":40,"angle":90,"g":25,"type":"setColor","color":1},{"time":8,"type":"setColor","ease":"inSine","b":72,"duration":1.75,"r":235,"g":143,"angle":67.5,"color":0},{"time":9.75,"order":0,"type":"setColor","b":255,"angle":303.75,"r":255,"g":255,"color":0},{"time":9.75,"order":1,"type":"setColor","ease":"outCirc","b":139,"duration":2,"r":255,"g":224,"angle":315,"color":0},{"time":4,"type":"setColor","ease":"inCubic","b":255,"duration":2,"r":255,"g":255,"angle":123.75,"color":1},{"time":4,"type":"setColor","ease":"inCubic","b":255,"duration":1.75,"r":255,"g":255,"angle":135,"color":2},{"time":6,"order":0,"type":"setColor","b":47,"angle":123.75,"r":40,"g":25,"color":2},{"time":6,"order":1,"type":"setColor","ease":"outCirc","b":156,"duration":2,"r":71,"g":42,"angle":135,"color":2},{"time":2,"angle":202.5,"type":"outline","enable":true,"color":0},{"time":6,"angle":146.25,"type":"outline","enable":true,"color":3},{"time":6,"order":1,"type":"setColor","ease":"outCirc","b":225,"duration":2,"r":124,"g":60,"angle":168.75,"color":3},{"time":6,"order":0,"type":"setColor","b":156,"angle":157.5,"r":71,"g":42,"color":3},{"time":8,"type":"setColor","ease":"inCirc","b":235,"duration":1.75,"r":176,"g":112,"angle":90,"color":3},{"angle":33.75,"duration":0.75,"var":"p.y","value":260,"time":25,"type":"ease","ease":"inCirc"},{"angle":33.75,"duration":2,"var":"p.y","value":240,"time":25.75,"type":"ease","ease":"outCirc"},{"angle":33.75,"duration":12,"var":"p.y","value":180,"time":28,"type":"ease","ease":"inOutSine"},{"parentid":"textHoverParent","time":25,"drawLayer":"fg","sprite":"youfool#0","sx":1.2000000476837,"type":"deco","order":0,"id":"w_yf","angle":90,"recolor":7,"ox":16,"sy":1.2000000476837,"drawOrder":5,"y":120,"oy":7},{"time":25,"order":1,"type":"deco","ease":"inExpo","id":"w_yf","angle":101.25,"ox":44,"duration":0.75},{"time":25,"order":1,"sx":1,"type":"deco","ease":"outCirc","id":"w_yf","angle":112.5,"duration":0.5,"sy":1},{"id":"w_yf","time":25.75,"sprite":"youfool#1","type":"deco","recolor":7,"angle":90},{"id":"w_yf","time":25.125,"type":"deco","recolor":-1,"angle":90},{"id":"w_yf","time":25.875,"angle":90,"type":"deco","recolor":-1},{"id":"w_yf","angle":112.5,"time":25.75,"order":0,"x":310,"type":"deco","y":130},{"time":25.75,"order":1,"type":"deco","ease":"outElastic","id":"w_yf","angle":123.75,"x":300,"duration":0.60000002384186},{"time":25.75,"order":1,"type":"deco","ease":"outElastic","id":"w_yf","duration":0.80000001192093,"y":120,"angle":135},{"time":24,"order":0,"type":"deco","id":"textHoverParent","angle":247.5,"x":0,"y":-2,"hide":true},{"time":24,"order":1,"type":"deco","ease":"inOutSine","id":"textHoverParent","duration":2,"y":2,"angle":258.75},{"id":"textHoverParent","angle":258.75,"duration":2,"type":"deco","time":26,"y":-2,"ease":"inOutSine"},{"id":"textHoverParent","time":28,"duration":2,"type":"deco","angle":258.75,"y":2,"ease":"inOutSine"},{"id":"textHoverParent","time":30,"duration":2,"type":"deco","angle":258.75,"y":-2,"ease":"inOutSine"},{"id":"textHoverParent","angle":258.75,"duration":2,"type":"deco","time":32,"y":2,"ease":"inOutSine"},{"id":"textHoverParent","angle":258.75,"duration":2,"type":"deco","time":34,"y":-2,"ease":"inOutSine"},{"id":"textHoverParent","angle":258.75,"duration":2,"type":"deco","time":36,"y":2,"ease":"inOutSine"},{"id":"textHoverParent","angle":258.75,"duration":2,"type":"deco","time":38,"y":-2,"ease":"inOutSine"},{"id":"textHoverParent","angle":258.75,"duration":2,"type":"deco","time":40,"y":2,"ease":"inOutSine"},{"id":"textHoverParent","angle":258.75,"duration":2,"type":"deco","time":42,"y":-2,"ease":"inOutSine"},{"id":"textHoverParent","angle":258.75,"duration":2,"type":"deco","time":44,"y":2,"ease":"inOutSine"},{"id":"textHoverParent","angle":258.75,"duration":2,"type":"deco","time":46,"y":-2,"ease":"inOutSine"},{"parentid":"textHoverParent","time":28,"drawLayer":"fg","sprite":"youtrap.png","oy":7,"type":"deco","id":"w_yt","angle":90,"order":0,"recolor":7,"drawOrder":5,"y":141,"ox":107},{"angle":326.25,"time":26,"var":"scrollSpeed","value":0.80000001192093,"duration":8,"type":"ease","ease":"inOutSine"},{"id":"w_yf","time":32,"duration":1,"type":"deco","angle":45,"y":-50,"ease":"inCirc"},{"id":"w_yt","time":32,"duration":1,"type":"deco","angle":56.25,"y":-34,"ease":"inCirc"},{"id":"w_yt","time":28.125,"angle":90,"type":"deco","recolor":-1},{"time":33,"ox":143,"oy":16,"type":"deco","id":"w_yt","angle":67.5,"y":105,"sprite":"getcrushed.png","recolor":7,"order":0},{"time":33,"order":1,"type":"deco","ease":"outCirc","id":"w_yt","duration":1,"y":100,"angle":78.75},{"id":"w_yt","time":33.125,"type":"deco","recolor":-1,"angle":67.5},{"time":28,"order":1,"type":"deco","ease":"outCirc","id":"w_yt","duration":1,"y":136,"angle":101.25},{"id":"w_yt","time":34,"angle":78.75,"type":"deco","duration":6,"y":85,"ease":"inOutSine"},{"id":"w_yt","duration":1,"angle":78.75,"type":"deco","time":40,"y":-65,"ease":"inCirc"},{"time":34,"order":1,"type":"setColor","ease":"outSine","b":225,"angle":101.25,"r":124,"g":60,"duration":0.5,"color":6},{"time":34,"order":0,"type":"setColor","b":156,"angle":90,"r":71,"g":42,"color":6},{"parentid":"@player","orbit":true,"order":0,"sx":1000,"sy":0,"id":"cover_b","x":0,"y":-500,"drawLayer":"fg","sprite":"white_2x2.png","oy":1,"type":"deco","angle":191.25,"ox":1,"r":184.76400756836,"rotationinfluence":0.0099999997764826,"drawOrder":0,"recolor":1,"time":25.75},{"time":25.75,"order":1,"sy":350,"ease":"outCirc","id":"cover_b","duration":2,"type":"deco","angle":202.5},{"id":"cover_b","duration":90,"time":26,"type":"deco","angle":180,"y":500,"ease":"inOutSine"},{"id":"cover_b","time":26,"duration":45,"angle":195,"x":-500,"type":"deco","ease":"outSine"},{"id":"cover_b","angle":60,"duration":90,"time":71,"x":500,"type":"deco","ease":"inOutSine"},{"id":"cover_b","angle":56.25,"duration":90,"type":"deco","time":116,"y":-500,"ease":"inOutSine"},{"id":"cover_b","angle":326.25,"duration":8,"sy":300,"time":34,"type":"deco","ease":"inOutSine"},{"time":4,"duration":2,"paddle":1,"type":"paddles","angle":285,"newWidth":90,"ease":"inSine"},{"duration":2,"time":6,"paddle":1,"type":"paddles","angle":15,"newWidth":70,"ease":"outCirc"},{"parentid":"@player","time":27,"drawLayer":"bg","sprite":"bgwheel_light.png","oy":250,"type":"deco","order":0,"id":"bgwheel_light","angle":45,"recolor":5,"rotationinfluence":0.075000002980232,"x":0,"drawOrder":-1,"y":0,"ox":250},{"b":156,"time":26.75,"r":71,"angle":20,"g":42,"type":"setColor","color":5},{"time":27,"type":"setColor","ease":"inOutSine","b":225,"duration":12,"r":124,"g":60,"angle":25,"color":5},{"id":"bgwheel_light","angle":50,"r":-2250,"order":1,"time":27,"type":"deco","duration":300},{"time":27,"drawLayer":"bg","sprite":"ditherplane_75.png","type":"deco","id":"bgwheel_dither","angle":60,"y":0,"drawOrder":-2,"recolor":2,"x":0},{"parentid":"@player","time":27,"drawLayer":"bg","sprite":"bgwheel_dark.png","oy":250,"type":"deco","order":0,"id":"bgwheel_dark","angle":70,"recolor":5,"rotationinfluence":0.075000002980232,"drawOrder":-3,"x":0,"y":0,"ox":250},{"id":"bgwheel_dark","duration":300,"r":-2250,"order":1,"time":27,"type":"deco","angle":75},{"time":58,"sx":0.20000000298023,"type":"deco","ease":"inSine","id":"rotateIcon","angle":60,"sy":0.20000000298023,"duration":2},{"id":"rotateIcon","time":60,"angle":120,"type":"deco","hide":true},{"time":50,"type":"setColor","ease":"inQuart","b":156,"angle":45,"r":71,"g":42,"duration":10,"color":6},{"time":34.5,"type":"setColor","ease":"inOutSine","b":255,"angle":100,"r":255,"g":255,"duration":0.5,"color":6},{"time":35,"type":"setColor","ease":"inOutSine","b":225,"angle":100,"r":124,"g":60,"duration":0.5,"color":6},{"angle":270,"time":2,"type":"hom","enable":true},{"time":2,"chance":0.40000000596046,"angle":240,"type":"noise","color":2},{"angle":30,"time":6,"type":"hom","enable":false},{"time":6,"chance":0,"angle":180,"type":"noise","color":0},{"time":2,"var":"vfx.canvPos.sx","type":"ease","ease":"outCirc","start":1.1000000238419,"duration":2,"value":1,"angle":22.5},{"time":2,"var":"vfx.canvPos.sy","type":"ease","ease":"outCirc","start":1.1000000238419,"duration":2,"value":1,"angle":33.75},{"start":1,"time":2,"var":"vfx.homCanvPos.sx","value":1.25,"duration":4,"type":"ease","angle":56.25},{"start":1,"time":2,"var":"vfx.homCanvPos.sy","value":1.25,"duration":4,"type":"ease","angle":67.5},{"value":90,"time":2,"var":"vfx.homCanvPos.r","angle":90,"duration":4,"type":"ease","ease":"inCubic"},{"angle":315,"spriteName":"miss","type":"forcePlayerSprite","time":25.875},{"angle":315,"spriteName":"idle","type":"forcePlayerSprite","time":27.75},{"angle":33.75,"spriteName":"","type":"forcePlayerSprite","time":40},{"time":25.75,"var":"p.x","type":"ease","ease":"outElastic","start":290,"duration":1,"value":300,"angle":67.5},{"time":35.5,"type":"setColor","ease":"inOutSine","b":255,"angle":100,"r":255,"g":255,"duration":0.5,"color":6},{"time":36,"type":"setColor","ease":"inOutSine","b":225,"duration":0.5,"r":124,"g":60,"angle":100,"color":6},{"time":36.5,"type":"setColor","ease":"inOutSine","b":255,"angle":100,"r":255,"g":255,"duration":0.5,"color":6},{"time":37,"type":"setColor","ease":"inOutSine","b":225,"duration":0.5,"r":124,"g":60,"angle":100,"color":6},{"time":37.5,"type":"setColor","ease":"inOutSine","b":255,"angle":100,"r":255,"g":255,"duration":0.5,"color":6},{"time":38,"type":"setColor","ease":"inOutSine","b":225,"duration":0.5,"r":124,"g":60,"angle":100,"color":6},{"time":38.5,"type":"setColor","ease":"inOutSine","b":255,"angle":100,"r":255,"g":255,"duration":0.5,"color":6},{"time":39,"type":"setColor","ease":"inOutSine","b":225,"duration":0.5,"r":124,"g":60,"angle":100,"color":6},{"time":39.5,"type":"setColor","ease":"inOutSine","b":255,"angle":100,"r":255,"g":255,"duration":0.5,"color":6},{"time":40,"type":"setColor","ease":"inOutSine","b":225,"duration":0.5,"r":124,"g":60,"angle":100,"color":6},{"time":40.5,"type":"setColor","ease":"inOutSine","b":255,"angle":100,"r":255,"g":255,"duration":0.5,"color":6},{"time":41,"type":"setColor","ease":"inOutSine","b":225,"duration":0.5,"r":124,"g":60,"angle":100,"color":6},{"time":41.5,"type":"setColor","ease":"inOutSine","b":255,"angle":100,"r":255,"g":255,"duration":0.5,"color":6},{"time":42,"type":"setColor","ease":"inOutSine","b":225,"duration":0.5,"r":124,"g":60,"angle":100,"color":6},{"angle":105,"time":73,"var":"scrollSpeed","value":0.5,"duration":0.375,"type":"ease","ease":"outCirc"},{"value":1.2000000476837,"time":73.375,"var":"scrollSpeed","angle":105,"duration":0.375,"type":"ease","ease":"inCirc"},{"angle":105,"time":73.75,"var":"scrollSpeed","value":1,"duration":1.25,"type":"ease","ease":"outCirc"},{"angle":292.5,"time":101.75,"var":"scrollSpeed","value":0.5,"duration":1.5,"type":"ease","ease":"outQuart"},{"value":1,"time":102.25,"var":"scrollSpeed","angle":292.5,"duration":2,"type":"ease","ease":"inOutSine"},{"time":106,"repeatDelay":4,"var":"scrollSpeed","type":"ease","ease":"outSine","angle":315,"repeats":1,"value":1.5,"duration":0.20000000298023},{"time":106.19999694824,"repeatDelay":4,"var":"scrollSpeed","type":"ease","ease":"inOutSine","angle":315,"repeats":1,"value":1,"duration":1},{"value":0.69999998807907,"var":"scrollSpeed","angle":0,"type":"ease","time":37.25},{"value":0.6000000834465,"var":"scrollSpeed","angle":0,"type":"ease","time":37.5},{"value":0.5,"var":"scrollSpeed","angle":0,"type":"ease","time":37.75},{"value":0.40000000596046,"var":"scrollSpeed","angle":0,"type":"ease","time":38},{"time":38.25,"var":"scrollSpeed","type":"ease","ease":"inOutSine","start":0.30000001192093,"duration":3.25,"value":0.80000001192093,"angle":0},{"angle":337.5,"time":106,"var":"vfx.angleTwist.offset","value":35,"duration":1,"type":"ease","ease":"outSine"},{"value":-35,"time":110,"var":"vfx.angleTwist.offset","angle":67.5,"duration":1,"type":"ease","ease":"outSine"},{"value":0,"time":113,"var":"vfx.angleTwist.offset","angle":90,"duration":3,"type":"ease","ease":"inOutSine"},{"id":"cover_a","angle":60,"time":161,"duration":90,"x":500,"type":"deco","ease":"inOutSine"},{"id":"cover_b","angle":71.25,"time":161,"duration":90,"x":-500,"type":"deco","ease":"inOutSine"},{"id":"cover_a","angle":50,"time":206,"type":"deco","duration":90,"y":-500,"ease":"inOutSine"},{"id":"cover_b","duration":90,"time":206,"type":"deco","angle":61.25,"y":500,"ease":"inOutSine"},{"angle":292.5,"time":113,"var":"scrollSpeed","value":0.80000001192093,"duration":2,"type":"ease","ease":"inOutSine"},{"value":1,"time":115,"var":"scrollSpeed","angle":180,"duration":3,"type":"ease","ease":"inOutSine"},{"time":25.75,"var":"vfx.hwaves.strength","type":"ease","ease":"outCirc","start":5,"duration":1,"value":1,"angle":292.5},{"time":25.75,"var":"vfx.hwaves.period","type":"ease","ease":"outCirc","start":5,"duration":1,"value":100,"angle":270},{"value":100,"var":"vfx.hwaves.offsetDelta","angle":247.5,"type":"ease","time":25.75},{"id":"cover_a","angle":0,"time":236,"type":"deco","duration":70,"y":500,"ease":"inOutSine"},{"id":"cover_b","time":236,"duration":70,"type":"deco","angle":56.25,"y":-500,"ease":"inOutSine"},{"duration":4,"angle":22.5,"paddle":1,"type":"paddles","time":244.5,"newWidth":90,"ease":"inSine"},{"angle":315,"type":"showResults","time":250},{"id":"cover_a","angle":292.5,"time":244.5,"type":"deco","duration":2.5,"sy":240,"ease":"outCubic"},{"id":"cover_a","angle":292.5,"duration":2,"sy":450,"time":247,"type":"deco","ease":"inCirc"},{"id":"cover_b","angle":315,"time":244.5,"type":"deco","duration":2.5,"sy":240,"ease":"outCubic"},{"id":"cover_b","duration":2,"time":247,"sy":450,"angle":315,"type":"deco","ease":"inCirc"},{"time":25,"drawLayer":"bg","sprite":"vignette.png","oy":180,"type":"deco","id":"vig_L","angle":270,"order":0,"recolor":1,"drawOrder":5,"x":200,"y":180,"ox":300},{"time":25,"order":1,"type":"deco","ease":"inOutCirc","id":"vig_L","duration":1.5,"x":300,"angle":247.5},{"time":25,"drawLayer":"bg","order":0,"oy":180,"type":"deco","sprite":"vignette.png","id":"vig_R","angle":225,"recolor":1,"r":180,"drawOrder":5,"x":400,"y":180,"ox":300},{"time":25,"order":1,"type":"deco","ease":"inOutCirc","id":"vig_R","duration":1.5,"x":300,"angle":202.5},{"time":154,"angle":315,"var":"scrollSpeed","value":3,"duration":4,"type":"ease","ease":"outSine"},{"time":64.5,"repeatDelay":0.75,"var":"p.x","type":"ease","ease":"outSine","start":305,"duration":0.75,"repeats":2,"angle":337.5,"value":300},{"angle":45,"time":101.75,"var":"p.drawScale","value":1.5,"duration":0.25,"type":"ease","ease":"outSine"},{"value":1.3999999761581,"duration":0.5,"var":"p.drawScale","angle":45,"time":102,"type":"ease","ease":"inSine"},{"angle":45,"time":102.5,"var":"p.drawScale","value":1,"duration":2,"type":"ease","ease":"outSine"},{"value":290,"time":73.75,"var":"p.x","angle":157.5,"duration":0.5,"type":"ease","ease":"outCirc"},{"value":300,"time":74.25,"var":"p.x","angle":157.5,"duration":1.25,"type":"ease","ease":"inOutSine"},{"time":158,"var":"scrollSpeed","type":"ease","ease":"outCirc","start":0.5,"duration":2,"value":0.80000001192093,"angle":22.5},{"time":160,"angle":33.75,"var":"scrollSpeed","value":1,"duration":1.75,"type":"ease","ease":"inCirc"},{"angle":22.5,"time":152,"var":"scrollSpeed","value":0.89999997615814,"duration":1.3329999446869,"type":"ease","ease":"inOutSine"},{"angle":22.5,"time":153.33332824707,"var":"scrollSpeed","value":1,"duration":0.66699999570847,"type":"ease","ease":"inQuart"},{"angle":315,"time":139,"var":"scrollSpeed","value":1.1000000238419,"duration":13,"type":"ease","ease":"inOutSine"},{"time":137.75,"angle":315,"var":"scrollSpeed","value":1.2000000476837,"duration":0.20000000298023,"type":"ease","ease":"outSine"},{"time":137.94999694824,"angle":315,"var":"scrollSpeed","value":0.80000001192093,"duration":1,"type":"ease","ease":"inOutSine"},{"b":57,"time":158,"r":199,"angle":45,"g":82,"type":"setColor","color":0},{"b":47,"time":158,"r":40,"angle":90,"g":25,"type":"setColor","color":1},{"time":158,"order":0,"type":"setColor","b":47,"angle":123.75,"r":40,"g":25,"color":2},{"time":158,"order":1,"type":"setColor","ease":"outCirc","b":156,"duration":2,"r":71,"g":42,"angle":135,"color":2},{"time":158,"order":1,"type":"setColor","ease":"outCirc","b":225,"duration":2,"r":124,"g":60,"angle":168.75,"color":3},{"time":158,"order":0,"type":"setColor","b":156,"angle":157.5,"r":71,"g":42,"color":3},{"time":160,"type":"setColor","ease":"inSine","b":72,"duration":1.75,"r":235,"g":143,"angle":112.5,"color":0},{"time":160,"type":"setColor","ease":"inCirc","b":235,"duration":1.75,"r":176,"g":112,"angle":135,"color":3},{"time":154,"order":0,"type":"setColor","b":255,"angle":225,"r":255,"g":255,"color":0},{"time":154,"order":1,"type":"setColor","ease":"outCirc","b":139,"angle":236.25,"r":255,"g":224,"duration":2,"color":0},{"time":161.75,"order":0,"type":"setColor","b":255,"angle":303.75,"r":255,"g":255,"color":0},{"time":161.75,"order":1,"type":"setColor","ease":"outCirc","b":139,"duration":2,"r":255,"g":224,"angle":315,"color":0},{"time":156,"type":"setColor","ease":"inCirc","b":255,"angle":292.5,"r":255,"g":255,"duration":1,"color":0},{"time":156,"type":"setColor","ease":"inCirc","b":255,"angle":281.25,"r":255,"g":255,"duration":2,"color":1},{"time":156,"type":"setColor","ease":"inCirc","b":255,"angle":270,"r":255,"g":255,"duration":1.6000000238419,"color":3},{"time":156,"type":"setColor","ease":"inCirc","b":255,"angle":258.75,"r":255,"g":255,"duration":1.75,"color":2},{"time":156,"type":"setColor","ease":"inCirc","b":255,"angle":247.5,"r":255,"g":255,"duration":1.6369999647141,"color":5},{"time":158,"order":0,"type":"setColor","b":47,"angle":191.25,"r":40,"g":25,"color":5},{"time":158,"order":1,"type":"setColor","ease":"outCirc","b":156,"angle":202.5,"r":71,"g":42,"duration":2,"color":5},{"time":161,"type":"setColor","ease":"inExpo","b":235,"angle":157.5,"r":176,"g":112,"duration":0.75,"color":5},{"time":161.75,"type":"setColor","ease":"outCirc","b":225,"angle":157.5,"r":124,"g":60,"duration":1.5,"color":5},{"angle":348.75,"time":32.827194213867,"var":"p.lookRadius","value":6,"duration":0.40000000596046,"type":"ease","ease":"inOutSine"},{"time":29.292388916016,"angle":348.75,"var":"p.lookRadius","value":2,"duration":0.40000000596046,"type":"ease","ease":"inOutSine"},{"angleOffset":false,"tag":"borderPulse","angle":0,"type":"tag","time":161.75},{"angle":0,"tag":"borderPulse","time":163,"type":"tag","angleOffset":false},{"angle":0,"tag":"borderPulse","time":165,"type":"tag","angleOffset":false},{"angle":0,"tag":"borderPulse","time":167,"type":"tag","angleOffset":false},{"angle":0,"tag":"borderPulse","time":169,"type":"tag","angleOffset":false},{"angle":0,"tag":"borderPulse","time":171,"type":"tag","angleOffset":false},{"angle":0,"tag":"borderPulse","time":173,"type":"tag","angleOffset":false},{"angle":0,"tag":"borderPulse","time":174,"type":"tag","angleOffset":false},{"angle":0,"tag":"borderPulse","time":174.75,"type":"tag","angleOffset":false},{"angle":0,"tag":"borderPulse","time":179,"type":"tag","angleOffset":false},{"angle":0,"tag":"borderPulse","time":181,"type":"tag","angleOffset":false},{"angle":0,"tag":"borderPulse","time":183,"type":"tag","angleOffset":false},{"angle":0,"tag":"borderPulse","time":185,"type":"tag","angleOffset":false},{"angle":0,"tag":"borderPulse","time":187,"type":"tag","angleOffset":false},{"angle":0,"tag":"borderPulse","time":189,"type":"tag","angleOffset":false},{"angle":0,"tag":"borderPulse","time":190,"type":"tag","angleOffset":false},{"angle":0,"tag":"borderPulse","time":190.75,"type":"tag","angleOffset":false},{"time":202,"angle":337.5,"var":"vfx.pixelate","value":2,"duration":4,"type":"ease","ease":"inSine"},{"time":206,"var":"vfx.pixelate","angle":337.5,"type":"ease","value":3},{"time":209,"angle":337.5,"var":"vfx.pixelate","value":1,"duration":0.75,"type":"ease","ease":"inCirc"},{"time":206,"var":"vfx.hglitch.strength","type":"ease","ease":"outCirc","start":120,"angle":360,"value":0,"duration":0.5},{"angle":11.25,"var":"vfx.hglitch.resolution","value":3,"type":"ease","time":206},{"time":208,"var":"vfx.hglitch.strength","value":3,"type":"ease","angle":0},{"time":209,"angle":11.25,"var":"vfx.hglitch.resolution","value":1,"duration":0.75,"type":"ease","ease":"inCirc"},{"angle":22.5,"time":209,"var":"vfx.hglitch.strength","value":0,"duration":0.75,"type":"ease","ease":"inQuint"},{"id":"cover_a","angle":45,"time":249,"x":0,"y":0,"type":"deco"},{"time":249,"var":"vfx.hwaves.strength","value":0,"type":"ease","angle":0},{"time":249,"order":0,"drawLayer":"fg","sprite":"melonman.png","oy":15,"type":"deco","recolor":3,"id":"melonman","angle":337.5,"x":300,"ox":14,"sy":0.80000001192093,"drawOrder":9,"y":180,"sx":1.25},{"time":249,"order":1,"sx":1,"sy":1,"ease":"outCirc","id":"melonman","angle":315,"type":"deco","duration":1},{"angleOffset":false,"tag":"borderPulse","angle":0,"type":"tag","time":209.75},{"angleOffset":false,"tag":"borderPulse","angle":0,"type":"tag","time":211},{"angleOffset":false,"tag":"borderPulse","angle":0,"type":"tag","time":212},{"angleOffset":false,"tag":"borderPulse","angle":0,"type":"tag","time":214},{"angleOffset":false,"tag":"borderPulse","angle":0,"type":"tag","time":216},{"angleOffset":false,"tag":"borderPulse","angle":0,"type":"tag","time":217.75},{"angleOffset":false,"tag":"borderPulse","angle":0,"type":"tag","time":219},{"angleOffset":false,"tag":"borderPulse","angle":0,"type":"tag","time":220},{"angleOffset":false,"tag":"borderPulse","angle":0,"type":"tag","time":224},{"angleOffset":false,"tag":"borderPulse","angle":0,"type":"tag","time":225.75},{"angleOffset":false,"tag":"borderPulse","angle":0,"type":"tag","time":227},{"angleOffset":false,"tag":"borderPulse","angle":0,"type":"tag","time":228},{"angleOffset":false,"tag":"borderPulse","angle":0,"type":"tag","time":230},{"angleOffset":false,"tag":"borderPulse","angle":0,"type":"tag","time":232},{"angleOffset":false,"tag":"borderPulse","angle":0,"type":"tag","time":233.75},{"angleOffset":false,"tag":"borderPulse","angle":22.5,"type":"tag","time":236},{"time":161.75,"var":"vfx.canvPos.sx","type":"ease","ease":"outCirc","start":1.1000000238419,"angle":202.5,"value":1,"duration":1},{"time":161.75,"var":"vfx.canvPos.sy","type":"ease","ease":"outCirc","start":1.1000000238419,"duration":1,"angle":225,"value":1}]}