[{"duration":1,"type":"hold","angle":292.5,"angle2":292.5,"time":0.5},{"duration":0.5,"type":"hold","angle":303.75,"angle2":292.5,"time":0.5},{"duration":0.5,"type":"hold","angle":281.25,"angle2":292.5,"time":0.5},{"duration":0.5,"type":"hold","angle":292.5,"angle2":281.25,"time":1},{"duration":0.5,"type":"hold","angle":292.5,"angle2":303.75,"time":1},{"duration":0.5,"type":"hold","angle":281.25,"angle2":292.5,"time":1.5},{"duration":0.5,"type":"hold","angle":303.75,"angle2":292.5,"time":1.5},{"type":"side","time":2.25,"angle":236.25},{"type":"block","time":3,"angle":56.25},{"type":"block","time":3.75,"angle":67.5},{"type":"block","time":3.75,"angle":45},{"type":"block","time":3.75,"angle":56.25},{"duration":1,"type":"hold","angle":56.25,"angle2":258.75,"time":4},{"duration":1,"type":"hold","angle":258.75,"angle2":33.75,"time":5},{"type":"inverse","time":1,"angle":303.75},{"type":"inverse","time":1,"angle":281.25},{"type":"side","time":6.25,"angle":315},{"type":"block","time":7,"angle":225},{"type":"block","time":7.5,"angle":135},{"type":"block","time":8.25,"angle":45},{"type":"block","time":9,"angle":315},{"type":"mine","time":7,"angle":292.5},{"type":"mine","time":7,"angle":326.25},{"type":"mine","time":7,"angle":360},{"type":"mine","time":7.5,"angle":303.75},{"type":"mine","time":7.5,"angle":348.75},{"type":"block","tap":true,"angle":247.5,"time":10.25},{"duration":0.75,"type":"hold","angle":247.5,"angle2":112.5,"time":10.75},{"duration":0.75,"type":"hold","angle":112.5,"angle2":247.5,"time":11.5},{"type":"block","time":13,"angle":303.75},{"type":"block","time":12.75,"angle":315},{"type":"block","time":12.75,"angle":303.75},{"type":"block","time":12.75,"angle":292.5},{"type":"block","time":12.75,"angle":281.25},{"type":"block","time":13,"angle":292.5},{"type":"block","time":13.25,"angle":281.25},{"type":"block","time":13.25,"angle":292.5},{"type":"block","time":13.25,"angle":303.75},{"type":"block","time":13.25,"angle":315},{"type":"block","time":13.5,"angle":303.75},{"type":"block","time":13.5,"angle":292.5},{"type":"block","time":12.5,"angle":303.75},{"type":"block","time":12.5,"angle":292.5},{"type":"block","time":13.75,"angle":315},{"type":"block","time":13.75,"angle":303.75},{"type":"block","time":13.75,"angle":292.5},{"type":"block","time":13.75,"angle":281.25},{"duration":1,"type":"mineHold","angle":247.5,"angle2":258.75,"time":12.5},{"duration":1,"type":"mineHold","angle":348.75,"angle2":337.5,"time":12.5},{"type":"mine","time":14.75,"angle":270},{"type":"mine","time":14.75,"angle":281.25},{"type":"mine","time":14.75,"angle":292.5},{"type":"mine","time":14.75,"angle":303.75},{"type":"mine","time":14.75,"angle":315},{"type":"mine","time":14.75,"angle":326.25},{"type":"mine","time":14.75,"angle":337.5},{"type":"mine","time":14.75,"angle":348.75},{"type":"mine","time":14.75,"angle":0},{"type":"mine","time":14.75,"angle":11.25},{"type":"mine","time":14.75,"angle":22.5},{"type":"mine","time":14.75,"angle":33.75},{"type":"mine","time":14.75,"angle":45},{"type":"mine","time":14.75,"angle":56.25},{"type":"mine","time":14.75,"angle":78.75},{"type":"mine","time":14.75,"angle":67.5},{"type":"mine","time":14.75,"angle":90},{"type":"mine","time":14.75,"angle":101.25},{"type":"mine","time":14.75,"angle":112.5},{"type":"mine","time":14.75,"angle":123.75},{"type":"mine","time":14.75,"angle":135},{"type":"mine","time":14.75,"angle":146.25},{"type":"mine","time":14.75,"angle":157.5},{"type":"mine","time":14.75,"angle":168.75},{"type":"mine","time":14.75,"angle":180},{"duration":1,"type":"hold","angle":292.5,"angle2":225,"time":13.75},{"duration":1,"type":"hold","angle":303.75,"angle2":225,"time":13.75},{"duration":1,"type":"hold","angle":315,"angle2":225,"time":13.75},{"duration":1,"type":"hold","angle":281.25,"angle2":225,"time":13.75},{"type":"extraTap","time":15,"angle":225},{"type":"extraTap","time":15.5,"angle":225},{"type":"extraTap","time":16.5,"angle":225},{"type":"extraTap","time":17,"angle":225},{"type":"inverse","time":15,"angle":213.75},{"type":"inverse","time":15.25,"angle":202.5},{"type":"inverse","time":15.5,"angle":191.25},{"type":"inverse","time":15.75,"angle":180},{"type":"inverse","time":16,"angle":168.75},{"type":"inverse","time":16.25,"angle":157.5},{"type":"inverse","time":16.5,"angle":146.25},{"type":"inverse","time":16.75,"angle":135},{"type":"inverse","time":17,"angle":123.75},{"type":"inverse","time":17.25,"angle":112.5},{"type":"inverse","time":17.5,"angle":101.25},{"duration":2.5,"type":"mineHold","angle":180,"angle2":90,"time":14.75},{"type":"block","time":18,"angle":337.5},{"type":"block","time":18,"angle":315},{"type":"block","time":18,"angle":326.25},{"type":"block","time":18,"angle":303.75},{"type":"block","time":18,"angle":292.5},{"duration":1,"type":"hold","angle":292.5,"angle2":281.25,"time":18},{"duration":1,"type":"hold","angle":281.25,"angle2":483.75,"time":19},{"duration":1,"type":"mineHold","angle":258.75,"angle2":247.5,"time":18},{"duration":1,"type":"mineHold","angle":348.75,"angle2":483.75,"time":18.5},{"type":"side","time":20.25,"angle":247.5},{"type":"side","time":20.75,"angle":135},{"type":"side","time":21.25,"angle":247.5},{"type":"side","time":21.75,"angle":135},{"type":"side","time":20.5,"angle":191.25},{"type":"side","time":21,"angle":191.25},{"type":"side","time":21.5,"angle":191.25},{"duration":1,"type":"hold","angle":67.5,"angle2":-56.25,"time":22},{"type":"block","time":23,"angle":270},{"type":"block","time":23.5,"angle":213.75},{"type":"block","time":24.5,"angle":123.75},{"type":"block","time":25,"angle":101.25},{"duration":2.25,"type":"mineHold","angle":292.5,"angle2":78.75,"time":23.25},{"type":"extraTap","angle":247.5,"speedMult":2,"time":26},{"type":"block","time":26,"angle":315},{"angle":292.5,"time":26.125,"type":"block"},{"angle":270,"time":26.25,"type":"block"},{"angle":247.5,"time":26.375,"type":"block"},{"type":"block","time":26.5,"angle":225},{"angle":202.5,"time":26.625,"type":"block"},{"angle":180,"time":26.75,"type":"block"},{"type":"block","time":27.75,"angle":56.25},{"type":"block","time":27.875,"angle":56.25},{"angle":56.25,"time":28,"type":"block"},{"type":"block","time":28.125,"angle":67.5},{"type":"block","time":28.25,"angle":67.5},{"angle":67.5,"time":28.375,"type":"block"},{"angle":123.75,"time":28.5,"type":"block"},{"angle":123.75,"time":28.75,"type":"block"},{"type":"block","time":28.625,"angle":123.75},{"type":"block","time":29,"angle":146.25},{"type":"block","time":29.25,"angle":146.25},{"type":"block","time":29.125,"angle":146.25},{"type":"block","time":29.375,"angle":135},{"angle":135,"time":29.5,"type":"block"},{"type":"block","time":29.625,"angle":135},{"angle":191.25,"time":29.875,"type":"block"},{"angle":191.25,"time":30,"type":"block"},{"angle":191.25,"time":30.125,"type":"block"},{"angle":225,"time":30.5,"type":"block"},{"type":"block","time":30.75,"angle":225},{"type":"block","time":30.625,"angle":225},{"duration":1,"angle":56.25,"angle2":146.25,"type":"hold","time":27.625},{"duration":1,"type":"hold","angle2":202.5,"angle":146.25,"time":28.625},{"duration":1,"type":"hold","angle2":225,"angle":202.5,"time":29.625},{"angle":236.25,"time":31,"type":"block"},{"type":"block","time":31.25,"angle":281.25},{"type":"block","time":31.75,"angle":236.25},{"angle":270,"time":31.75,"type":"block"},{"duration":1,"type":"hold","angle2":247.5,"angle":348.75,"time":31},{"duration":0.375,"type":"hold","angle2":270,"angle":247.5,"time":32},{"duration":0.375,"angle":270,"angle2":247.5,"type":"hold","time":32.375},{"duration":0.375,"angle":247.5,"angle2":270,"type":"hold","time":32.75},{"duration":1,"angle":270,"angle2":236.25,"type":"hold","time":33.125},{"duration":0.125,"angle":236.25,"angle2":281.25,"type":"hold","time":34.125},{"duration":0.125,"angle":281.25,"angle2":236.25,"type":"hold","time":34.25},{"duration":0.125,"angle":236.25,"angle2":281.25,"type":"hold","time":34.375},{"duration":1,"angle":281.25,"angle2":78.75,"type":"hold","time":35.25}]