{"metadata":{"charter":"lukww","bgData":{"image":"cold2.png","redChannel":{"b":204,"g":168,"r":84},"blueChannel":{"b":206,"g":192,"r":163}},"artist":"Freakquency","difficulty":3,"artistLink":"https://www.instagram.com/freakquencybbx/?hl=en","songName":"gunk v1","description":"the gunk of a gunktime","bg":true},"events":[{"angle":292.5,"bpm":200,"type":"play","file":"gunk_v1.ogg","time":-0.75,"volume":1},{"type":"showResults","time":37,"angle":303.75},{"b":119,"g":91,"angle":157.5,"time":-5,"order":-999,"type":"setColor","r":57,"color":0},{"b":204,"g":168,"angle":180,"time":-5,"order":-999,"type":"setColor","r":84,"color":1},{"x":450,"y":200,"angle":90,"sy":0.29999992251396,"time":-5,"order":1,"id":"","sx":0.29999992251396,"type":"deco","sprite":"cold2.png"},{"b":204,"g":168,"angle":67.5,"time":-5,"order":1,"type":"setColor","r":84,"color":2},{"b":206,"g":192,"angle":45,"time":-5,"order":1,"type":"setColor","r":163,"color":3}],"properties":{"speed":70,"offset":8,"startBeat":0,"formatversion":12}}