[{"type":"block","angle":0,"time":1},{"type":"block","angle":15,"time":1.5},{"type":"block","angle":30,"time":2},{"type":"block","angle":45,"time":2.5},{"type":"block","angle":60,"time":3},{"type":"block","angle":45,"time":3.5},{"type":"block","angle":15,"time":4},{"type":"block","angle":0,"time":4.5},{"type":"block","angle":345,"time":5},{"type":"block","angle":270,"time":5.5},{"type":"block","angle":240,"time":6},{"type":"block","angle":210,"time":6.5},{"type":"block","angle":180,"time":7},{"type":"block","angle":150,"time":7.5},{"type":"block","angle":120,"time":8},{"type":"block","angle":90,"time":8.5},{"type":"block","angle":60,"time":9},{"type":"mine","angle":195,"time":4},{"type":"mine","angle":180,"time":4.5},{"type":"mine","angle":165,"time":5},{"type":"mine","angle":90,"time":5.5},{"type":"mine","angle":180,"time":1},{"type":"mine","angle":210,"time":1},{"type":"mine","angle":150,"time":1},{"type":"mine","angle":240,"time":1},{"type":"mine","angle":120,"time":1},{"type":"mine","angle":270,"time":1},{"type":"mine","angle":90,"time":1},{"type":"mine","angle":60,"time":1},{"type":"mine","angle":300,"time":1},{"type":"mine","angle":210,"time":1.5},{"type":"mine","angle":195,"time":2},{"type":"mine","angle":180,"time":2.5},{"type":"mine","angle":165,"time":3},{"type":"mine","angle":180,"time":3.5},{"type":"mine","angle":172.5,"time":3.25},{"type":"mine","angle":172.5,"time":2.75},{"type":"mine","angle":187.5,"time":2.25},{"type":"mine","angle":202.5,"time":1.75},{"type":"mine","angle":187.5,"time":3.75},{"type":"mine","angle":187.5,"time":4.25},{"type":"mine","angle":172.5,"time":4.75},{"type":"mine","angle":127.5,"time":5.25},{"type":"mine","angle":52.5,"time":6},{"type":"mine","angle":67.5,"time":5.75},{"type":"mine","angle":30,"time":6.5},{"type":"mine","angle":360,"time":7},{"type":"mine","angle":330,"time":7.5},{"type":"mine","angle":300,"time":8},{"type":"mine","angle":270,"time":8.5},{"type":"mine","angle":240,"time":9},{"type":"block","angle":180,"time":9.5},{"type":"block","angle":225,"time":10},{"type":"block","angle":270,"time":10.5},{"type":"block","angle":315,"time":11},{"type":"block","angle":0,"time":11.5},{"type":"block","angle":45,"time":12},{"type":"block","angle":90,"time":12.5},{"type":"hold","angle":135,"angle2":180,"duration":1,"time":13},{"type":"block","angle":158,"time":13.5},{"type":"hold","angle":180,"endTap":true,"angle2":165,"duration":1,"time":14},{"type":"block","angle":173,"time":14.5},{"type":"mine","angle":360,"time":9.5},{"type":"mine","angle":45,"time":10},{"type":"mine","angle":90,"time":10.5},{"type":"mine","angle":135,"time":11},{"type":"mine","angle":180,"time":11.5},{"type":"mine","angle":225,"time":12},{"type":"mine","angle":270,"time":12.5},{"type":"mine","angle":37.5,"time":6.25},{"type":"mine","angle":15,"time":6.75},{"type":"mine","angle":345,"time":7.25},{"type":"mine","angle":315,"time":7.75},{"type":"mine","angle":285,"time":8.25},{"type":"mine","angle":255,"time":8.75},{"type":"mine","angle":22.5,"time":9.75},{"type":"mine","angle":67.5,"time":10.25},{"type":"mine","angle":112.5,"time":10.75},{"type":"mine","angle":157.5,"time":11.25},{"type":"mine","angle":202.5,"time":11.75},{"type":"mine","angle":247.5,"time":12.25},{"type":"extraTap","angle":150,"time":16},{"type":"extraTap","angle":150,"time":17},{"type":"block","angle":180,"time":17},{"type":"block","angle":195,"time":17},{"type":"block","angle":165,"time":17},{"type":"block","angle":195,"time":16},{"type":"block","angle":180,"time":16},{"type":"block","angle":165,"time":16},{"type":"mineHold","angle":255,"angle2":255,"duration":1,"time":16},{"type":"mineHold","angle":270,"angle2":270,"duration":1,"time":16},{"type":"mineHold","angle":285,"angle2":285,"duration":1,"time":16},{"type":"mineHold","angle":300,"angle2":300,"duration":1,"time":16},{"type":"mineHold","angle":315,"angle2":315,"duration":1,"time":16},{"type":"mineHold","angle":330,"angle2":330,"duration":1,"time":16},{"type":"mineHold","angle":345,"angle2":345,"duration":1,"time":16},{"type":"mineHold","angle":0,"angle2":0,"duration":1,"time":16},{"type":"mineHold","angle":15,"angle2":15,"duration":1,"time":16},{"type":"mineHold","angle":30,"angle2":30,"duration":1,"time":16},{"type":"mineHold","angle":45,"angle2":45,"duration":1,"time":16},{"type":"mineHold","angle":60,"angle2":60,"duration":1,"time":16},{"type":"mineHold","angle":75,"angle2":75,"duration":1,"time":16},{"type":"mineHold","angle":90,"angle2":90,"duration":1,"time":16},{"type":"mineHold","angle":105,"angle2":105,"duration":1,"time":16},{"type":"mineHold","angle":120,"angle2":120,"duration":1,"time":16},{"type":"mineHold","angle":240,"angle2":240,"duration":1,"time":16},{"type":"block","angle":135,"time":17.5},{"type":"block","angle":105,"time":18},{"type":"block","angle":120,"time":17.5},{"type":"block","angle":90,"time":18},{"type":"block","angle":75,"time":18.5},{"type":"block","angle":60,"time":18.5},{"type":"block","angle":45,"time":19},{"type":"block","angle":30,"time":19},{"type":"block","angle":15,"time":19.5},{"type":"block","angle":345,"time":19.5},{"type":"extraTap","angle":330,"time":19.5},{"type":"hold","angle":360,"angle2":345,"duration":0.5,"time":19.5},{"type":"hold","angle":345,"angle2":375,"duration":0.5,"time":20},{"type":"hold","angle":15,"angle2":-15,"duration":0.5,"time":20.5},{"type":"extraTap","angle":330,"time":20.5},{"type":"block","angle":0,"time":20.5},{"type":"block","angle":30,"time":20.5},{"type":"block","angle":330,"time":21},{"type":"block","angle":360,"time":21},{"type":"extraTap","angle":315,"time":21},{"type":"mine","angle":195,"time":19.5},{"type":"mine","angle":165,"time":19.5},{"type":"mineHold","angle":180,"angle2":165,"duration":0.5,"time":19.5},{"type":"mineHold","angle":165,"angle2":195,"duration":0.5,"time":20},{"type":"mineHold","angle":195,"angle2":165,"duration":0.5,"time":20.5},{"type":"mine","angle":210,"time":20.5},{"type":"mine","angle":180,"time":20.5},{"type":"mine","angle":150,"time":21},{"type":"mine","angle":180,"time":21},{"type":"hold","angle":345,"angle2":405,"duration":1,"time":21},{"type":"hold","angle":45,"angle2":-15,"duration":1,"time":22},{"type":"block","angle":15,"time":21.5},{"type":"block","angle":15,"time":22.5},{"type":"block","angle":270,"time":23.5},{"type":"block","angle":285,"time":23.5},{"type":"block","angle":255,"time":24},{"type":"block","angle":240,"time":24},{"type":"block","angle":225,"time":24.5},{"type":"block","angle":210,"time":24.5},{"type":"block","angle":195,"time":25},{"type":"block","angle":180,"time":25},{"type":"block","angle":225,"time":25.5},{"type":"block","angle":270,"time":26},{"type":"block","angle":315,"time":26.5},{"type":"block","angle":0,"time":27},{"type":"block","angle":45,"time":27.5},{"type":"block","angle":90,"time":28},{"type":"block","angle":270,"time":28.5},{"type":"hold","angle":270,"angle2":270,"duration":1,"time":29},{"type":"block","angle":270,"time":29.375},{"type":"block","angle":270,"time":29.625},{"type":"hold","angle":270,"angle2":210,"duration":1,"time":30},{"type":"block","angle":248,"time":30.375},{"type":"block","angle":232.5,"time":30.625},{"type":"extraTap","angle":255,"time":29},{"type":"hold","angle":210,"angle2":300,"duration":1,"time":31},{"type":"block","angle":244,"time":31.375},{"type":"block","angle":266,"time":31.625},{"type":"extraTap","angle":285,"time":30},{"type":"extraTap","angle":195,"time":31},{"type":"extraTap","angle":315,"time":32},{"type":"extraTap","angle":240,"time":33},{"type":"hold","angle":285,"angle2":270,"duration":1,"time":33},{"type":"hold","angle":270,"angle2":270,"duration":1.5,"time":33},{"type":"hold","angle":255,"angle2":270,"duration":0.5,"time":33},{"type":"hold","angle":270,"angle2":345,"duration":1,"time":34.5},{"type":"block","angle":307.5,"time":35},{"type":"mine","angle":90,"time":33},{"type":"mine","angle":105,"time":33.25},{"type":"mine","angle":75,"time":33.25},{"type":"mine","angle":75,"time":33.5},{"type":"mine","angle":105,"time":33.5},{"type":"mine","angle":90,"time":33.5},{"type":"mine","angle":90,"time":33.75},{"type":"mine","angle":90,"time":34},{"type":"mine","angle":90,"time":34.25},{"type":"mine","angle":90,"time":34.5},{"type":"mine","angle":105,"time":34.75},{"type":"mine","angle":120,"time":35},{"type":"mine","angle":135,"time":35.25},{"type":"mine","angle":150,"time":35.5},{"type":"mine","angle":165,"time":35.75},{"type":"block","angle":0,"time":36},{"type":"block","angle":15,"time":36},{"type":"extraTap","angle":345,"time":36},{"type":"extraTap","angle":315,"time":36.5},{"type":"block","angle":330,"time":36.5},{"type":"block","angle":345,"time":36.5},{"type":"mine","angle":180,"time":36},{"type":"mine","angle":180,"time":36.25},{"type":"mine","angle":180,"time":36.5},{"type":"mine","angle":180,"time":36.75},{"type":"mine","angle":180,"time":37},{"type":"extraTap","angle":360,"time":37},{"type":"block","angle":15,"time":37},{"type":"block","angle":30,"time":37},{"holdEase":"inOutSine","angle2":15,"angle":45,"type":"hold","duration":1,"time":37.5},{"type":"block","angle":30,"time":38},{"type":"mine","angle":195,"time":37.25},{"type":"mine","angle":180,"time":37.5},{"type":"mine","angle":165,"time":37.75},{"type":"mine","angle":150,"time":38},{"type":"mine","angle":165,"time":38.25},{"type":"mine","angle":180,"time":38.5},{"type":"side","angle":45,"time":39},{"type":"side","angle":60,"time":39},{"type":"hold","angle":90,"angle2":120,"duration":0.5,"time":39.5},{"type":"hold","angle":120,"angle2":45,"duration":0.5,"time":40},{"type":"mine","angle":195,"time":38.75},{"type":"mine","angle":210,"time":39},{"type":"mine","angle":225,"time":39.25},{"type":"mine","angle":240,"time":39.5},{"type":"mine","angle":255,"time":39.75},{"type":"mine","angle":255,"time":40},{"type":"mine","angle":255,"time":40.25},{"type":"mine","angle":255,"time":40.5},{"type":"mine","angle":255,"time":40.75},{"type":"hold","angle":45,"angle2":75,"duration":0.5,"time":40.5},{"type":"mine","angle":255,"time":41},{"type":"hold","angle":75,"angle2":45,"duration":1,"time":41},{"type":"block","angle":67.5,"time":41.25},{"type":"block","angle":60,"time":41.5},{"type":"block","angle":52.5,"time":41.75},{"type":"hold","angle":45,"angle2":135,"duration":1,"time":42},{"type":"block","angle":68,"time":42.25},{"type":"block","angle":90,"time":42.5},{"type":"block","angle":112,"time":42.75},{"type":"hold","angle":135,"angle2":30,"duration":1,"time":43},{"type":"block","angle":109,"time":43.25},{"type":"block","angle":82.5,"time":43.5},{"type":"block","angle":57,"time":43.75},{"type":"hold","angle":30,"angle2":-105,"duration":1,"time":44},{"type":"block","angle":357,"time":44.25},{"type":"block","angle":289,"time":44.75},{"type":"block","angle":323,"time":44.5},{"type":"mineHold","angle":315,"angle2":210,"duration":1,"time":43},{"type":"mineHold","angle":210,"angle2":75,"duration":1,"time":44},{"type":"hold","angle":255,"angle2":450,"duration":1,"time":45},{"type":"block","angle":300,"time":45.25},{"type":"block","angle":352,"time":45.5},{"type":"block","angle":42,"time":45.75},{"type":"mineHold","angle":75,"angle2":270,"duration":1,"time":45},{"type":"hold","angle":90,"angle2":90,"duration":1,"time":46},{"type":"block","angle":90,"time":46.25},{"type":"block","angle":90,"time":46.5},{"type":"block","angle":90,"time":46.75},{"type":"mineHold","angle":270,"angle2":270,"duration":1,"time":46},{"type":"hold","angle":90,"angle2":180,"duration":1,"time":47},{"type":"mineHold","angle":270,"angle2":360,"duration":1,"time":47},{"type":"block","angle":135,"time":47.5},{"type":"block","angle":157,"time":47.75},{"type":"block","angle":112,"time":47.25},{"type":"hold","angle":180,"angle2":180,"duration":1,"time":48},{"type":"mineHold","angle":270,"angle2":270,"duration":1,"time":48},{"type":"mineHold","angle":90,"angle2":90,"duration":1,"time":48},{"type":"mineHold","angle":75,"angle2":75,"duration":1,"time":48},{"type":"mineHold","angle":60,"angle2":60,"duration":1,"time":48},{"type":"mineHold","angle":45,"angle2":45,"duration":1,"time":48},{"type":"mineHold","angle":30,"angle2":30,"duration":1,"time":48},{"type":"mineHold","angle":15,"angle2":15,"duration":1,"time":48},{"type":"mineHold","angle":360,"angle2":360,"duration":1,"time":48},{"type":"mineHold","angle":345,"angle2":345,"duration":1,"time":48},{"type":"mineHold","angle":330,"angle2":330,"duration":1,"time":48},{"type":"mineHold","angle":315,"angle2":315,"duration":1,"time":48},{"type":"mineHold","angle":300,"angle2":300,"duration":1,"time":48},{"type":"mineHold","angle":285,"angle2":285,"duration":1,"time":48},{"type":"mineHold","angle":255,"angle2":255,"duration":1,"time":48},{"type":"mineHold","angle":105,"angle2":105,"duration":1,"time":48},{"type":"block","angle":180,"time":48.5},{"type":"hold","angle":180,"angle2":255,"duration":1,"time":49},{"type":"hold","angle":180,"angle2":105,"duration":1,"time":49},{"type":"block","angle":199,"time":49.25},{"type":"block","angle":217.5,"time":49.5},{"type":"block","angle":236,"time":49.75},{"type":"block","angle":162,"time":49.25},{"type":"block","angle":142.5,"time":49.5},{"type":"block","angle":124,"time":49.75},{"type":"mineHold","angle":360,"angle2":435,"duration":1,"time":49},{"type":"mineHold","angle":360,"angle2":285,"duration":1,"time":49},{"type":"hold","angle":360,"angle2":285,"duration":1,"time":51},{"type":"hold","angle":375,"angle2":345,"duration":1,"time":51},{"type":"hold","angle":345,"angle2":225,"duration":1,"time":51},{"type":"block","angle":285,"time":51.5},{"type":"block","angle":323,"time":51.5},{"type":"block","angle":360,"time":51.5},{"type":"block","angle":255,"time":51.75},{"type":"block","angle":304,"time":51.75},{"type":"block","angle":353,"time":51.75},{"type":"mineHold","angle":195,"angle2":165,"duration":1,"time":51},{"type":"mineHold","angle":180,"angle2":105,"duration":1,"time":51},{"type":"mineHold","angle":165,"angle2":45,"duration":1,"time":51},{"type":"hold","angle":270,"angle2":360,"duration":0.5,"time":53},{"type":"mine","angle":90,"time":53},{"type":"mine","angle":105,"time":53.25},{"type":"mine","angle":120,"time":53.5},{"type":"mine","angle":135,"time":53.75},{"type":"mine","angle":150,"time":54},{"type":"mine","angle":180,"time":54},{"type":"mine","angle":165,"time":53.75},{"type":"mine","angle":150,"time":53.625},{"type":"mine","angle":135,"time":53.5},{"type":"mine","angle":135,"time":54},{"type":"mine","angle":120,"time":53.75},{"type":"mine","angle":105,"time":53.5},{"type":"mine","angle":90,"time":53.25},{"type":"mine","angle":75,"time":53},{"type":"mine","angle":120,"time":53.25},{"type":"hold","angle":360,"angle2":255,"duration":0.5,"time":53.5},{"type":"block","angle":308,"time":53.75},{"type":"hold","angle":270,"angle2":300,"duration":1,"time":54},{"type":"block","angle":314,"time":53.25},{"type":"block","angle":315,"time":51.25},{"type":"block","angle":341,"time":51.25},{"type":"block","angle":8,"time":51.25},{"type":"block","angle":285,"time":54.5},{"type":"block","angle":277,"time":54.25},{"type":"block","angle":292.5,"time":54.75},{"type":"block","angle":300,"time":55.416667938232},{"type":"block","angle":240,"time":55.75},{"type":"block","angle":270,"time":56.083332061768},{"type":"block","angle":300,"time":56.416667938232},{"type":"block","angle":240,"time":56.75},{"type":"hold","angle":270,"angle2":180,"duration":1,"time":57},{"type":"mineHold","angle":90,"angle2":0,"duration":1,"time":57},{"type":"hold","angle":180,"angle2":210,"duration":0.5,"time":58},{"type":"hold","angle":210,"angle2":180,"duration":0.5,"time":58.5},{"type":"mineHold","angle":360,"angle2":390,"duration":0.5,"time":58},{"type":"mineHold","angle":30,"angle2":0,"duration":0.5,"time":58.5},{"type":"block","angle":225,"time":57.5},{"type":"block","angle":195,"time":58.25},{"type":"block","angle":195,"time":58.75},{"type":"hold","angle":180,"angle2":195,"duration":0.5,"time":59},{"type":"hold","angle":180,"angle2":165,"duration":0.75,"time":59},{"type":"block","angle":180,"time":59.25},{"type":"hold","angle":195,"angle2":165,"duration":1,"time":60},{"type":"hold","angle":180,"angle2":150,"duration":1,"time":60},{"type":"hold","angle":165,"angle2":135,"duration":1,"time":60},{"type":"mineHold","angle":345,"angle2":315,"duration":1,"time":60},{"type":"mineHold","angle":360,"angle2":330,"duration":1,"time":60},{"type":"mineHold","angle":15,"angle2":-15,"duration":1,"time":60},{"type":"hold","angle":150,"angle2":255,"duration":1,"time":61},{"type":"hold","angle":165,"angle2":270,"duration":1,"time":61},{"type":"hold","angle":135,"angle2":240,"duration":1,"time":61},{"type":"mineHold","angle":315,"angle2":420,"duration":1,"time":61},{"type":"mineHold","angle":330,"angle2":435,"duration":1,"time":61},{"type":"mineHold","angle":345,"angle2":450,"duration":1,"time":61},{"type":"hold","angle":270,"angle2":270,"duration":1,"time":62},{"type":"block","angle":270,"time":62.25},{"type":"block","angle":270,"time":62.5},{"type":"block","angle":270,"time":62.75},{"type":"hold","angle":240,"angle2":270,"duration":0.25,"time":62},{"type":"block","angle":165,"time":60.5},{"type":"mineHold","angle":90,"angle2":90,"duration":1,"time":62},{"type":"mineHold","angle":60,"angle2":90,"duration":0.25,"time":62},{"type":"hold","angle":270,"angle2":180,"duration":1,"time":63},{"type":"mineHold","angle":90,"angle2":0,"duration":1,"time":63},{"type":"block","angle":248,"time":63.25},{"type":"block","angle":225,"time":63.5},{"type":"block","angle":202.5,"time":63.75},{"type":"mineHold","angle":0,"angle2":90,"duration":2,"time":65},{"type":"mineHold","angle":180,"angle2":270,"duration":2,"time":65},{"type":"mineHold","angle":90,"angle2":0,"duration":2,"time":67},{"type":"mineHold","angle":270,"angle2":180,"duration":2,"time":67},{"type":"hold","angle":270,"angle2":360,"duration":2,"time":65},{"type":"hold","angle":360,"angle2":270,"duration":2,"time":67},{"type":"mineHold","angle":90,"angle2":180,"duration":2,"time":65},{"type":"mineHold","angle":180,"angle2":90,"duration":2,"time":67},{"type":"block","angle":281.5,"time":65.25},{"type":"block","angle":292.5,"time":65.5},{"type":"block","angle":304,"time":65.75},{"type":"block","angle":315,"time":66},{"type":"block","angle":326,"time":66.25},{"type":"block","angle":338,"time":66.5},{"type":"block","angle":348.5,"time":66.75},{"type":"block","angle":348.5,"time":67.25},{"type":"block","angle":338,"time":67.5},{"type":"block","angle":326,"time":67.75},{"type":"block","angle":315,"time":68},{"type":"hold","angle":270,"angle2":405,"duration":4,"time":69},{"type":"block","angle":304,"time":68.25},{"type":"block","angle":292.5,"time":68.5},{"type":"block","angle":281,"time":68.75},{"type":"mineHold","angle":90,"angle2":225,"duration":4,"time":69},{"type":"mineHold","angle":180,"angle2":315,"duration":4,"time":69},{"type":"mineHold","angle":360,"angle2":495,"duration":4,"time":69},{"type":"block","angle":45,"time":73.25},{"type":"block","angle":15,"time":73.5},{"type":"block","angle":345,"time":73.75},{"type":"block","angle":315,"time":74},{"type":"block","angle":285,"time":74.25},{"type":"block","angle":255,"time":74.5},{"type":"block","angle":225,"time":74.75},{"type":"block","angle":195,"time":75},{"type":"extraTap","angle":225,"time":75},{"type":"extraTap","angle":225,"time":76},{"type":"block","angle":225,"time":75.25},{"type":"block","angle":255,"time":75.5},{"type":"block","angle":285,"time":75.75},{"type":"block","angle":315,"time":76},{"type":"block","angle":345,"time":76.25},{"type":"block","angle":15,"time":76.5},{"type":"block","angle":45,"time":76.75},{"type":"hold","angle":45,"angle2":-30,"duration":1,"time":77},{"type":"mineHold","angle":225,"angle2":150,"duration":1,"time":77},{"type":"mine","angle":225,"time":73.25},{"type":"mine","angle":195,"time":73.5},{"type":"mine","angle":135,"time":74},{"type":"mine","angle":165,"time":73.75},{"type":"mine","angle":105,"time":74.25},{"type":"mine","angle":75,"time":74.5},{"type":"mine","angle":45,"time":74.75},{"type":"mine","angle":15,"time":75},{"type":"mine","angle":45,"time":75.25},{"type":"mine","angle":75,"time":75.5},{"type":"mine","angle":105,"time":75.75},{"type":"mine","angle":135,"time":76},{"type":"mine","angle":165,"time":76.25},{"type":"mine","angle":195,"time":76.5},{"type":"mine","angle":225,"time":76.75},{"type":"block","angle":27,"time":77.25},{"type":"block","angle":8,"time":77.5},{"type":"block","angle":349,"time":77.75},{"type":"hold","angle":330,"angle2":450,"duration":1,"time":78},{"type":"extraTap","angle":60,"time":79},{"type":"block","angle":90,"time":79.25},{"type":"block","angle":90,"time":79.5},{"type":"block","angle":120,"time":79.75},{"type":"hold","angle":105,"angle2":0,"duration":1,"time":80},{"type":"extraTap","angle":120,"time":80},{"type":"block","angle":30,"time":81.333335876465},{"type":"block","angle":0,"time":81.666664123535},{"type":"block","angle":30,"time":82},{"type":"block","angle":0,"time":82.333335876465},{"type":"block","angle":330,"time":82.666664123535},{"type":"block","angle":300,"time":83},{"type":"block","angle":270,"time":83.333335876465},{"type":"block","angle":240,"time":83.666664123535},{"type":"block","angle":210,"time":84},{"type":"block","angle":-180,"time":85.333335876465},{"type":"block","angle":-210,"time":85.666664123535},{"type":"block","angle":-180,"time":86},{"type":"block","angle":-210,"time":86.333335876465},{"type":"block","angle":120,"time":86.666664123535},{"type":"block","angle":90,"time":87},{"type":"block","angle":60,"time":87.333335876465},{"type":"block","angle":30,"time":87.666664123535},{"type":"block","angle":0,"time":88},{"type":"block","angle":225,"time":85},{"type":"mine","angle":270,"time":87},{"type":"mine","angle":240,"time":87.333335876465},{"type":"mine","angle":210,"time":87.666664123535},{"type":"mine","angle":180,"time":88},{"type":"mine","angle":30,"time":84},{"type":"mine","angle":60,"time":83.666664123535},{"type":"mine","angle":90,"time":83.333335876465},{"type":"mine","angle":120,"time":83},{"type":"block","angle":278.5,"time":69.25},{"type":"block","angle":287,"time":69.5},{"type":"block","angle":295.5,"time":69.75},{"type":"block","angle":304,"time":70},{"type":"block","angle":312.5,"time":70.25},{"type":"block","angle":321,"time":70.5},{"type":"block","angle":330,"time":70.75},{"type":"block","angle":337,"time":71},{"type":"block","angle":346,"time":71.25},{"type":"block","angle":355,"time":71.5},{"type":"block","angle":3,"time":71.75},{"type":"block","angle":11,"time":72},{"type":"block","angle":20,"time":72.25},{"type":"block","angle":28,"time":72.5},{"type":"block","angle":36,"time":72.75},{"type":"hold","angle":0,"angle2":90,"duration":1,"time":89},{"type":"hold","angle":90,"angle2":75,"duration":0.5,"time":90},{"type":"hold","angle":75,"angle2":105,"duration":0.5,"time":90.5},{"type":"extraTap","angle":60,"time":91},{"type":"extraTap","angle":60,"time":92},{"type":"hold","angle":105,"angle2":60,"duration":0.5,"time":91},{"type":"hold","angle":60,"angle2":120,"duration":0.5,"time":91.5},{"type":"extraTap","angle":90,"time":93},{"type":"hold","angle":120,"angle2":-45,"duration":1,"time":92},{"type":"mineHold","angle":180,"angle2":270,"duration":1,"time":89},{"type":"mineHold","angle":270,"angle2":255,"duration":0.5,"time":90},{"type":"mineHold","angle":255,"angle2":285,"duration":0.5,"time":90.5},{"type":"mineHold","angle":285,"angle2":240,"duration":0.5,"time":91},{"type":"mineHold","angle":240,"angle2":300,"duration":0.5,"time":91.5},{"type":"mineHold","angle":300,"angle2":135,"duration":1,"time":92},{"type":"hold","angle":315,"angle2":405,"duration":1,"time":93},{"type":"block","angle":360,"time":93.5},{"type":"mineHold","angle":135,"angle2":225,"duration":1,"time":93},{"type":"block","angle":337,"time":93.25},{"type":"block","angle":23,"time":93.75},{"type":"hold","angle":45,"angle2":135,"duration":1,"time":94},{"type":"mineHold","angle":225,"angle2":315,"duration":1,"time":94},{"type":"extraTap","angle":45,"time":96},{"type":"block","angle":180,"time":96},{"type":"block","angle":195,"time":96},{"type":"block","angle":165,"time":96},{"type":"block","angle":150,"time":95.5},{"type":"block","angle":165,"time":95.5},{"type":"block","angle":180,"time":97},{"type":"block","angle":210,"time":97.333335876465},{"type":"block","angle":240,"time":97.666664123535},{"type":"block","angle":270,"time":98},{"type":"block","angle":300,"time":98.333335876465},{"type":"block","angle":330,"time":98.666664123535},{"type":"block","angle":360,"time":99},{"type":"block","angle":330,"time":99.333335876465},{"type":"block","angle":300,"time":99.666664123535},{"type":"block","angle":270,"time":100},{"type":"block","angle":240,"time":100.33333587646},{"type":"block","angle":210,"time":100.66666412354},{"type":"block","angle":180,"time":101},{"type":"block","angle":210,"time":101.33333587646},{"type":"block","angle":240,"time":101.66666412354},{"type":"block","angle":270,"time":102},{"type":"block","angle":300,"time":102.33333587646},{"type":"block","angle":330,"time":102.66666412354},{"type":"block","angle":360,"time":103},{"type":"block","angle":30,"time":103.33333587646},{"type":"block","angle":60,"time":103.66666412354},{"type":"block","angle":90,"time":104},{"type":"block","angle":120,"time":104.33333587646},{"type":"block","angle":150,"time":104.66666412354},{"type":"hold","angle":360,"angle2":540,"duration":2,"time":97},{"type":"hold","angle":180,"angle2":0,"duration":2,"time":99},{"type":"hold","angle":360,"angle2":540,"duration":2,"time":101},{"type":"hold","angle":180,"angle2":360,"duration":2,"time":103},{"type":"block","angle":390,"time":105.33333587647},{"type":"block","angle":420,"time":105.66666412353},{"type":"block","angle":450,"time":106},{"type":"block","angle":480,"time":106.33333587647},{"type":"block","angle":510,"time":106.66666412353},{"type":"block","angle":540,"time":107},{"type":"block","angle":510,"time":107.33333587647},{"type":"block","angle":480,"time":107.66666412353},{"type":"block","angle":450,"time":108},{"type":"block","angle":420,"time":108.33333587646},{"type":"block","angle":390,"time":108.66666412354},{"type":"block","angle":360,"time":109},{"type":"block","angle":390,"time":109.33333587646},{"type":"block","angle":420,"time":109.66666412354},{"type":"block","angle":450,"time":110},{"type":"block","angle":480,"time":110.33333587646},{"type":"block","angle":510,"time":110.66666412354},{"type":"block","angle":540,"time":111},{"type":"block","angle":210,"time":111.33333587646},{"type":"block","angle":240,"time":111.66666412354},{"type":"block","angle":270,"time":112},{"type":"block","angle":300,"time":112.33333587646},{"type":"block","angle":330,"time":112.66666412354},{"type":"hold","angle":540,"angle2":720,"duration":2,"time":105},{"type":"hold","angle":360,"angle2":180,"duration":2,"time":107},{"type":"hold","angle":540,"angle2":720,"duration":2,"time":109},{"type":"hold","angle":360,"angle2":540,"duration":2,"time":111},{"type":"hold","angle":180,"angle2":225,"duration":2,"time":113},{"type":"hold","angle":195,"angle2":240,"duration":2,"time":113},{"type":"hold","angle":165,"angle2":210,"duration":2,"time":113},{"type":"hold","angle":345,"angle2":390,"duration":2,"time":113},{"type":"hold","angle":360,"angle2":405,"duration":2,"time":113},{"type":"hold","angle":15,"angle2":60,"duration":2,"time":113},{"type":"mineHold","angle":270,"angle2":315,"duration":2,"time":113},{"type":"mineHold","angle":90,"angle2":135,"duration":2,"time":113},{"type":"mineHold","angle":60,"angle2":105,"duration":2,"time":113},{"type":"mineHold","angle":120,"angle2":165,"duration":2,"time":113},{"type":"mineHold","angle":240,"angle2":285,"duration":2,"time":113},{"type":"mineHold","angle":300,"angle2":345,"duration":2,"time":113},{"type":"hold","angle":240,"angle2":180,"duration":1,"time":115},{"type":"hold","angle":225,"angle2":165,"duration":1,"time":115},{"type":"hold","angle":210,"angle2":150,"duration":1,"time":115},{"type":"hold","angle":60,"angle2":0,"duration":1,"time":115},{"type":"hold","angle":45,"angle2":-15,"duration":1,"time":115},{"type":"hold","angle":30,"angle2":-30,"duration":1,"time":115},{"type":"mineHold","angle":135,"angle2":75,"duration":1,"time":115},{"type":"mineHold","angle":105,"angle2":45,"duration":1,"time":115},{"type":"mineHold","angle":165,"angle2":105,"duration":1,"time":115},{"type":"mineHold","angle":345,"angle2":285,"duration":1,"time":115},{"type":"mineHold","angle":315,"angle2":255,"duration":1,"time":115},{"type":"mineHold","angle":285,"angle2":225,"duration":1,"time":115},{"type":"hold","angle":-210,"angle2":-150,"duration":1,"time":116},{"type":"hold","angle":-195,"angle2":-135,"duration":1,"time":116},{"type":"hold","angle":-180,"angle2":-120,"duration":1,"time":116},{"type":"hold","angle":-30,"angle2":30,"duration":1,"time":116},{"type":"hold","angle":-15,"angle2":45,"duration":1,"time":116},{"type":"hold","angle":0,"angle2":60,"duration":1,"time":116},{"type":"mineHold","angle":-105,"angle2":-45,"duration":1,"time":116},{"type":"mineHold","angle":-75,"angle2":-15,"duration":1,"time":116},{"type":"mineHold","angle":-135,"angle2":-75,"duration":1,"time":116},{"type":"mineHold","angle":-315,"angle2":-255,"duration":1,"time":116},{"type":"mineHold","angle":-285,"angle2":-225,"duration":1,"time":116},{"type":"mineHold","angle":-255,"angle2":-195,"duration":1,"time":116},{"type":"block","angle":210,"time":116.5},{"type":"block","angle":195,"time":116.5},{"type":"block","angle":180,"time":116.5},{"type":"block","angle":30,"time":116.5},{"type":"block","angle":15,"time":116.5},{"type":"block","angle":0,"time":116.5},{"type":"hold","angle":225,"angle2":270,"duration":1,"time":117},{"type":"hold","angle":45,"angle2":90,"duration":1,"time":117},{"type":"mineHold","angle":315,"angle2":360,"duration":1,"time":117},{"type":"mineHold","angle":345,"angle2":390,"duration":1,"time":117},{"type":"mineHold","angle":285,"angle2":330,"duration":1,"time":117},{"type":"mineHold","angle":165,"angle2":210,"duration":1,"time":117},{"type":"mineHold","angle":135,"angle2":180,"duration":1,"time":117},{"type":"mineHold","angle":105,"angle2":150,"duration":1,"time":117},{"type":"hold","angle":270,"angle2":180,"duration":1,"time":118},{"type":"hold","angle":90,"angle2":0,"duration":1,"time":118},{"type":"mineHold","angle":180,"angle2":90,"duration":1,"time":118},{"type":"mineHold","angle":360,"angle2":270,"duration":1,"time":118},{"type":"mineHold","angle":330,"angle2":240,"duration":1,"time":118},{"type":"mineHold","angle":30,"angle2":-60,"duration":1,"time":118},{"type":"mineHold","angle":150,"angle2":60,"duration":1,"time":118},{"type":"mineHold","angle":210,"angle2":120,"duration":1,"time":118},{"type":"block","angle":150,"time":119.25},{"type":"block","angle":120,"time":119.5},{"type":"block","angle":105,"time":119.75},{"type":"block","angle":345,"time":119.25},{"type":"block","angle":315,"time":119.5},{"type":"block","angle":300,"time":119.75},{"type":"block","angle":330,"time":119.25},{"type":"block","angle":165,"time":119.25},{"type":"hold","angle":270,"angle2":270,"duration":1,"time":120},{"type":"hold","angle":90,"angle2":90,"duration":1,"time":120},{"type":"block","angle":270,"time":120.5},{"type":"block","angle":90,"time":120.5},{"type":"block","angle":90,"time":120.25},{"type":"block","angle":90,"time":120.75},{"type":"block","angle":270,"time":120.25},{"type":"block","angle":270,"time":120.75},{"type":"hold","angle":270,"angle2":315,"duration":1,"time":121},{"type":"hold","angle":90,"angle2":135,"duration":1,"time":121},{"type":"hold","angle":360,"angle2":405,"duration":1,"time":121},{"type":"hold","angle":180,"angle2":225,"duration":1,"time":121},{"holdEase":"outQuad","angle2":45,"angle":135,"type":"hold","duration":2,"time":122},{"holdEase":"outQuad","angle2":-45,"angle":45,"type":"hold","duration":2,"time":122},{"holdEase":"outQuad","angle2":225,"angle":315,"type":"hold","duration":2,"time":122},{"holdEase":"outQuad","angle2":135,"angle":225,"type":"hold","duration":2,"time":122},{"type":"mine","angle":255,"time":122},{"type":"mine","angle":165,"time":122},{"type":"mine","angle":75,"time":122},{"type":"mine","angle":345,"time":122},{"type":"block","angle":45,"time":124.5},{"type":"block","angle":315,"time":124.5},{"type":"block","angle":225,"time":124.5},{"type":"block","angle":135,"time":124.5},{"type":"mineHold","angle":270,"angle2":270,"duration":1,"time":124},{"type":"mineHold","angle":360,"angle2":360,"duration":1,"time":124},{"type":"mineHold","angle":180,"angle2":180,"duration":1,"time":124},{"type":"mineHold","angle":90,"angle2":90,"duration":1,"time":124},{"holdEase":"inSine","angle2":0,"angle":45,"type":"hold","duration":1,"time":125},{"holdEase":"inSine","angle2":270,"angle":315,"type":"hold","duration":1,"time":125},{"holdEase":"inSine","angle2":180,"angle":225,"type":"hold","duration":1,"time":125},{"holdEase":"inSine","angle2":90,"angle":135,"type":"hold","duration":1,"time":125},{"type":"mineHold","angle":270,"angle2":240,"duration":1,"time":125},{"type":"mineHold","angle":180,"angle2":150,"duration":1,"time":125},{"type":"mineHold","angle":90,"angle2":60,"duration":1,"time":125},{"type":"mineHold","angle":360,"angle2":330,"duration":1,"time":125},{"type":"hold","angle":360,"angle2":390,"duration":1,"time":126},{"type":"hold","angle":90,"angle2":120,"duration":1,"time":126},{"type":"hold","angle":180,"angle2":210,"duration":1,"time":126},{"type":"hold","angle":270,"angle2":300,"duration":1,"time":126},{"type":"mineHold","angle":225,"angle2":270,"duration":1,"time":126},{"type":"mineHold","angle":135,"angle2":180,"duration":1,"time":126},{"type":"mineHold","angle":45,"angle2":90,"duration":1,"time":126},{"type":"mineHold","angle":315,"angle2":360,"duration":1,"time":126},{"type":"mineHold","angle":240,"angle2":225,"duration":0,"time":126},{"type":"mineHold","angle":150,"angle2":135,"duration":0,"time":126},{"type":"mineHold","angle":60,"angle2":45,"duration":0,"time":126},{"type":"mineHold","angle":330,"angle2":315,"duration":0,"time":126},{"type":"hold","angle":30,"angle2":30,"duration":1,"time":127},{"type":"hold","angle":300,"angle2":300,"duration":1,"time":127},{"type":"hold","angle":120,"angle2":120,"duration":1,"time":127},{"type":"hold","angle":210,"angle2":210,"duration":1,"time":127},{"type":"mineHold","angle":165,"angle2":165,"duration":1,"time":127},{"type":"mineHold","angle":345,"angle2":345,"duration":1,"time":127},{"type":"mineHold","angle":255,"angle2":255,"duration":1,"time":127},{"type":"mineHold","angle":75,"angle2":75,"duration":1,"time":127},{"type":"mineHold","angle":270,"angle2":255,"duration":0,"time":127},{"type":"mineHold","angle":360,"angle2":345,"duration":0,"time":127},{"type":"mineHold","angle":90,"angle2":75,"duration":0,"time":127},{"type":"mineHold","angle":180,"angle2":165,"duration":0,"time":127},{"type":"block","angle":300,"time":127.25},{"type":"block","angle":300,"time":127.5},{"type":"block","angle":300,"time":127.75},{"type":"block","angle":30,"time":127.25},{"type":"block","angle":30,"time":127.5},{"type":"block","angle":30,"time":127.75},{"type":"block","angle":120,"time":127.25},{"type":"block","angle":120,"time":127.5},{"type":"block","angle":120,"time":127.75},{"type":"block","angle":210,"time":127.25},{"type":"block","angle":210,"time":127.5},{"type":"block","angle":210,"time":127.75},{"type":"block","angle":45,"time":128.25},{"type":"block","angle":75,"time":128.5},{"type":"block","angle":105,"time":128.75},{"type":"block","angle":225,"time":128.25},{"type":"block","angle":255,"time":128.5},{"type":"block","angle":285,"time":128.75},{"type":"block","angle":315,"time":128.25},{"type":"block","angle":345,"time":128.5},{"type":"block","angle":15,"time":128.75},{"type":"block","angle":135,"time":128.25},{"type":"block","angle":165,"time":128.5},{"type":"block","angle":195,"time":128.75},{"type":"mine","angle":90,"time":129},{"type":"mine","angle":180,"time":129},{"type":"mine","angle":255,"time":129},{"type":"mine","angle":360,"time":129},{"type":"hold","angle":225,"angle2":270,"duration":3,"time":129},{"type":"hold","angle":315,"angle2":360,"duration":3,"time":129},{"type":"hold","angle":45,"angle2":90,"duration":3,"time":129},{"type":"hold","angle":135,"angle2":180,"duration":3,"time":129},{"type":"mineHold","angle":195,"angle2":225,"duration":2,"time":130},{"type":"mineHold","angle":105,"angle2":135,"duration":2,"time":130},{"type":"mineHold","angle":15,"angle2":45,"duration":2,"time":130},{"type":"mineHold","angle":285,"angle2":315,"duration":2,"time":130},{"type":"hold","angle":90,"angle2":90,"duration":1,"time":137},{"type":"hold","angle":270,"angle2":270,"duration":1,"time":137},{"type":"hold","angle":0,"angle2":0,"duration":1,"time":137},{"type":"hold","angle":180,"angle2":180,"duration":1,"time":137},{"type":"mineHold","angle":45,"angle2":45,"duration":1,"time":137},{"type":"mineHold","angle":315,"angle2":315,"duration":1,"time":137},{"type":"mineHold","angle":225,"angle2":225,"duration":1,"time":137},{"type":"mineHold","angle":135,"angle2":135,"duration":1,"time":137},{"type":"hold","angle":90,"angle2":45,"duration":1,"time":138},{"type":"hold","angle":360,"angle2":315,"duration":1,"time":138},{"type":"hold","angle":270,"angle2":225,"duration":1,"time":138},{"type":"hold","angle":180,"angle2":135,"duration":1,"time":138},{"type":"mineHold","angle":225,"angle2":180,"duration":1,"time":138},{"type":"mineHold","angle":135,"angle2":90,"duration":1,"time":138},{"type":"mineHold","angle":45,"angle2":0,"duration":1,"time":138},{"type":"mineHold","angle":315,"angle2":270,"duration":1,"time":138},{"type":"hold","angle":45,"angle2":90,"duration":1,"time":139},{"type":"hold","angle":135,"angle2":180,"duration":1,"time":139},{"type":"hold","angle":225,"angle2":270,"duration":1,"time":139},{"type":"hold","angle":315,"angle2":360,"duration":1,"time":139},{"type":"mineHold","angle":270,"angle2":315,"duration":1,"time":139},{"type":"mineHold","angle":0,"angle2":45,"duration":1,"time":139},{"type":"mineHold","angle":90,"angle2":135,"duration":1,"time":139},{"type":"mineHold","angle":180,"angle2":225,"duration":1,"time":139},{"type":"hold","angle":90,"angle2":90,"duration":1,"time":140},{"type":"hold","angle":180,"angle2":180,"duration":1,"time":140},{"type":"hold","angle":270,"angle2":270,"duration":1,"time":140},{"type":"hold","angle":360,"angle2":360,"duration":1,"time":140},{"type":"mineHold","angle":315,"angle2":315,"duration":1,"time":140},{"type":"mineHold","angle":45,"angle2":45,"duration":1,"time":140},{"type":"mineHold","angle":135,"angle2":135,"duration":1,"time":140},{"type":"mineHold","angle":225,"angle2":225,"duration":1,"time":140},{"type":"block","angle":90,"time":140.25},{"type":"block","angle":90,"time":140.5},{"type":"block","angle":90,"time":140.75},{"type":"block","angle":0,"time":140.5},{"type":"block","angle":0,"time":140.25},{"type":"block","angle":360,"time":140.75},{"type":"block","angle":270,"time":140.25},{"type":"block","angle":270,"time":140.5},{"type":"block","angle":270,"time":140.75},{"type":"block","angle":180,"time":140.25},{"type":"block","angle":180,"time":140.5},{"type":"block","angle":180,"time":140.75},{"type":"hold","angle":90,"angle2":180,"duration":2,"time":141},{"type":"hold","angle":180,"angle2":270,"duration":2,"time":141},{"type":"hold","angle":270,"angle2":360,"duration":2,"time":141},{"type":"hold","angle":0,"angle2":90,"duration":2,"time":141},{"type":"mineHold","angle":225,"angle2":315,"duration":2,"time":141},{"type":"mineHold","angle":135,"angle2":225,"duration":2,"time":141},{"type":"mineHold","angle":45,"angle2":135,"duration":2,"time":141},{"type":"mineHold","angle":315,"angle2":405,"duration":2,"time":141},{"type":"hold","angle":90,"angle2":60,"duration":1,"time":143},{"type":"hold","angle":180,"angle2":150,"duration":1,"time":143},{"type":"hold","angle":270,"angle2":240,"duration":1,"time":143},{"type":"hold","angle":0,"angle2":-30,"duration":1,"time":143},{"type":"mineHold","angle":45,"angle2":15,"duration":1,"time":143},{"type":"mineHold","angle":315,"angle2":285,"duration":1,"time":143},{"type":"mineHold","angle":225,"angle2":195,"duration":1,"time":143},{"type":"mineHold","angle":135,"angle2":105,"duration":1,"time":143},{"type":"hold","angle":60,"angle2":180,"duration":1,"time":144},{"type":"hold","angle":150,"angle2":270,"duration":1,"time":144},{"type":"hold","angle":240,"angle2":360,"duration":1,"time":144},{"type":"hold","angle":330,"angle2":450,"duration":1,"time":144},{"type":"mineHold","angle":285,"angle2":405,"duration":1,"time":144},{"type":"mineHold","angle":15,"angle2":135,"duration":1,"time":144},{"type":"mineHold","angle":195,"angle2":315,"duration":1,"time":144},{"type":"mineHold","angle":105,"angle2":225,"duration":1,"time":144},{"type":"block","angle":90,"time":145.25},{"type":"block","angle":90,"time":145.5},{"type":"block","angle":90,"time":145.75},{"type":"block","angle":0,"time":145.25},{"type":"block","angle":0,"time":145.5},{"type":"block","angle":0,"time":145.75},{"type":"block","angle":270,"time":145.25},{"type":"block","angle":270,"time":145.5},{"type":"block","angle":270,"time":145.75},{"type":"block","angle":180,"time":145.25},{"type":"block","angle":180,"time":145.5},{"type":"block","angle":180,"time":145.75},{"type":"mine","angle":225,"time":145.25},{"type":"mine","angle":225,"time":145.5},{"type":"mine","angle":225,"time":145.75},{"type":"mine","angle":120,"time":145.25},{"type":"mine","angle":120,"time":145.5},{"type":"mine","angle":120,"time":145.75},{"type":"mine","angle":45,"time":145.25},{"type":"mine","angle":45,"time":145.5},{"type":"mine","angle":45,"time":145.75},{"type":"mine","angle":315,"time":145.25},{"type":"mine","angle":315,"time":145.5},{"type":"mine","angle":315,"time":145.75},{"type":"hold","angle":270,"angle2":300,"duration":1,"time":146},{"type":"hold","angle":0,"angle2":30,"duration":1,"time":146},{"type":"hold","angle":90,"angle2":120,"duration":1,"time":146},{"type":"hold","angle":180,"angle2":210,"duration":1,"time":146},{"type":"mineHold","angle":225,"angle2":255,"duration":1,"time":146},{"type":"mineHold","angle":135,"angle2":165,"duration":1,"time":146},{"type":"mineHold","angle":45,"angle2":75,"duration":1,"time":146},{"type":"mineHold","angle":315,"angle2":345,"duration":1,"time":146},{"type":"hold","angle":300,"angle2":285,"duration":0.5,"time":147},{"type":"hold","angle":285,"angle2":300,"duration":0.5,"time":147.5},{"type":"hold","angle":30,"angle2":15,"duration":0.5,"time":147},{"type":"hold","angle":15,"angle2":30,"duration":0.5,"time":147.5},{"type":"hold","angle":120,"angle2":105,"duration":0.5,"time":147},{"type":"hold","angle":105,"angle2":120,"duration":0.5,"time":147.5},{"type":"hold","angle":210,"angle2":195,"duration":0.5,"time":147},{"type":"hold","angle":195,"angle2":210,"duration":0.5,"time":147.5},{"type":"mineHold","angle":165,"angle2":150,"duration":1,"time":147},{"type":"mineHold","angle":255,"angle2":240,"duration":1,"time":147},{"type":"mineHold","angle":75,"angle2":60,"duration":1,"time":147},{"type":"mineHold","angle":345,"angle2":330,"duration":1,"time":147},{"type":"hold","angle":210,"angle2":180,"duration":0.5,"time":148},{"type":"hold","angle":120,"angle2":90,"duration":0.5,"time":148},{"type":"hold","angle":30,"angle2":0,"duration":0.5,"time":148},{"type":"hold","angle":300,"angle2":270,"duration":0.5,"time":148},{"type":"hold","angle":90,"angle2":90,"duration":0.5,"time":148.5},{"type":"hold","angle":180,"angle2":180,"duration":0.5,"time":148.5},{"type":"hold","angle":270,"angle2":270,"duration":0.5,"time":148.5},{"type":"hold","angle":360,"angle2":360,"duration":0.5,"time":148.5},{"type":"mineHold","angle":240,"angle2":225,"duration":1,"time":148},{"type":"mineHold","angle":150,"angle2":135,"duration":1,"time":148},{"type":"mineHold","angle":60,"angle2":45,"duration":1,"time":148},{"type":"mineHold","angle":330,"angle2":315,"duration":1,"time":148},{"type":"hold","angle":90,"angle2":90,"duration":2,"time":149},{"type":"hold","angle":360,"angle2":360,"duration":2,"time":149},{"type":"hold","angle":270,"angle2":270,"duration":2,"time":149},{"type":"hold","angle":180,"angle2":180,"duration":2,"time":149},{"type":"hold","angle":90,"angle2":60,"duration":1,"time":151},{"type":"hold","angle":0,"angle2":-30,"duration":1,"time":151},{"type":"hold","angle":270,"angle2":240,"duration":1,"time":151},{"type":"hold","angle":180,"angle2":150,"duration":1,"time":151},{"type":"hold","angle":240,"angle2":300,"duration":1,"time":152},{"type":"hold","angle":330,"angle2":390,"duration":1,"time":152},{"type":"hold","angle":60,"angle2":120,"duration":1,"time":152},{"type":"hold","angle":150,"angle2":210,"duration":1,"time":152},{"type":"block","angle":300,"time":153.5},{"type":"block","angle":360,"time":154},{"type":"block","angle":90,"time":154.5},{"type":"block","angle":180,"time":155},{"type":"block","angle":270,"time":155.5},{"type":"block","angle":0,"time":156},{"type":"block","angle":45,"time":156.5},{"type":"block","angle":90,"time":157},{"type":"block","angle":135,"time":157.5},{"type":"block","angle":180,"time":158},{"type":"block","angle":225,"time":158.5},{"type":"block","angle":270,"time":159},{"type":"block","angle":315,"time":159.5},{"type":"block","angle":0,"time":160},{"type":"block","angle":45,"time":160.5},{"type":"block","angle":90,"time":161},{"type":"block","angle":45,"time":161.5},{"type":"block","angle":0,"time":162},{"type":"block","angle":315,"time":162.5},{"type":"block","angle":270,"time":163},{"type":"block","angle":225,"time":163.5},{"type":"block","angle":180,"time":164},{"type":"block","angle":225,"time":164.5},{"type":"hold","angle":270,"angle2":270,"duration":1,"time":165},{"type":"hold","angle":270,"angle2":315,"duration":0.5,"time":165},{"type":"hold","angle":270,"angle2":240,"duration":0.5,"time":166},{"type":"hold","angle":270,"angle2":270,"duration":1,"time":166},{"type":"block","angle":285,"time":167.25},{"type":"block","angle":300,"time":167.5},{"type":"block","angle":315,"time":167.75},{"type":"block","angle":330,"time":168},{"type":"block","angle":345,"time":168.25},{"type":"block","angle":0,"time":168.5},{"type":"block","angle":15,"time":168.75},{"type":"hold","angle":30,"angle2":75,"duration":1,"time":169},{"type":"hold","angle":30,"angle2":15,"duration":0.5,"time":169},{"type":"hold","angle":75,"angle2":105,"duration":0.5,"time":170},{"type":"hold","angle":75,"angle2":45,"duration":1,"time":170},{"type":"hold","angle":45,"angle2":15,"duration":0.5,"time":171},{"type":"hold","angle":45,"angle2":75,"duration":1,"time":171},{"type":"block","angle":30,"time":171.5},{"type":"block","angle":45,"time":171.5},{"type":"block","angle":60,"time":171.5},{"type":"block","angle":15,"time":171.5},{"type":"hold","angle":75,"angle2":15,"duration":0.5,"time":172},{"type":"block","angle":300,"time":173},{"type":"block","angle":315,"time":173},{"type":"block","angle":330,"time":173},{"type":"mine","angle":270,"time":173},{"type":"mine","angle":240,"time":173},{"type":"mine","angle":210,"time":173},{"type":"mine","angle":180,"time":173},{"type":"mine","angle":150,"time":173},{"type":"mine","angle":120,"time":173},{"type":"mine","angle":90,"time":173},{"type":"mine","angle":60,"time":173},{"type":"mine","angle":30,"time":173},{"type":"mine","angle":0,"time":173},{"type":"block","angle":315,"time":173.5},{"type":"block","angle":360,"time":174},{"type":"block","angle":90,"time":174.5},{"type":"block","angle":135,"time":175},{"type":"block","angle":225,"time":175.5},{"type":"block","angle":270,"time":176},{"type":"block","angle":315,"time":176.5},{"type":"block","angle":360,"time":177},{"type":"block","angle":315,"time":177.5},{"type":"block","angle":270,"time":178},{"type":"block","angle":225,"time":178.5},{"type":"block","angle":180,"time":179},{"type":"block","angle":225,"time":179.5},{"type":"block","angle":270,"time":180},{"type":"block","angle":315,"time":180.5},{"type":"hold","angle":0,"angle2":-30,"duration":0.33333334326744,"time":181},{"type":"hold","angle":330,"angle2":375,"duration":0.33333334326744,"time":181.33332824707},{"type":"hold","angle":15,"angle2":-15,"duration":0.3333332836628,"time":181.66667175293},{"type":"hold","angle":345,"angle2":390,"duration":0.3333332836628,"time":182},{"type":"hold","angle":30,"angle2":-15,"duration":0.33333334326744,"time":182.33332824707},{"type":"hold","angle":345,"angle2":375,"duration":0.3333332836628,"time":182.66667175293},{"type":"hold","angle":15,"angle2":-45,"duration":0.3333332836628,"time":183},{"type":"hold","angle":315,"angle2":360,"duration":0.3333332836628,"time":183.33332824707},{"type":"block","angle":30,"time":184},{"type":"block","angle":60,"time":184.33332824707},{"type":"block","angle":90,"time":184.66667175293},{"type":"hold","angle":90,"angle2":120,"duration":1,"time":185},{"type":"hold","angle":120,"angle2":30,"duration":1,"time":186},{"type":"block","angle":75,"time":186.5},{"holdEase":"inCirc","angle2":90,"angle":30,"type":"hold","duration":0.5,"time":187},{"type":"hold","angle":90,"angle2":75,"duration":0.5,"time":187.5},{"type":"block","angle":60,"time":188.25},{"type":"block","angle":30,"time":188.5},{"type":"block","angle":0,"time":188.75},{"type":"hold","angle":330,"angle2":210,"duration":1,"time":189},{"type":"hold","angle":210,"angle2":270,"duration":1,"time":190},{"type":"block","angle":240,"time":190.5},{"type":"block","angle":255,"time":190.75},{"type":"block","angle":225,"time":190.25},{"holdEase":"outQuint","angle2":180,"angle":270,"type":"hold","duration":1,"time":191},{"type":"hold","angle":180,"angle2":225,"duration":1,"time":192},{"type":"block","angle":191,"time":192.25},{"type":"block","angle":214,"time":192.75},{"type":"block","angle":203,"time":192.5},{"type":"block","angle":201,"time":191.25},{"type":"block","angle":182.5,"time":191.5},{"type":"block","angle":180,"time":191.75},{"type":"block","angle":210,"time":193.25},{"type":"block","angle":195,"time":193.5},{"type":"block","angle":180,"time":193.75},{"type":"block","angle":165,"time":194},{"type":"block","angle":150,"time":194.25},{"type":"block","angle":135,"time":194.5},{"type":"block","angle":120,"time":194.75},{"type":"hold","angle":105,"angle2":60,"duration":0.25,"time":195},{"type":"hold","angle":60,"angle2":90,"duration":0.25,"time":195.25},{"type":"hold","angle":90,"angle2":60,"duration":0.25,"time":195.5},{"type":"hold","angle":60,"angle2":90,"duration":0.25,"time":195.75},{"type":"block","angle":120,"time":196.25},{"type":"block","angle":150,"time":196.5},{"type":"block","angle":180,"time":196.75},{"type":"block","angle":210,"time":197},{"type":"block","angle":240,"time":197.25},{"type":"block","angle":270,"time":197.5},{"type":"block","angle":300,"time":197.75},{"type":"hold","angle":330,"angle2":300,"duration":0.25,"time":198},{"type":"hold","angle":300,"angle2":330,"duration":0.25,"time":198.25},{"type":"hold","angle":330,"angle2":300,"duration":0.25,"time":198.5},{"type":"hold","angle":300,"angle2":330,"duration":0.25,"time":198.75},{"type":"block","angle":300,"time":199.25},{"type":"block","angle":270,"time":199.5},{"type":"block","angle":240,"time":199.75},{"type":"block","angle":210,"time":200},{"type":"block","angle":180,"time":200.25},{"type":"block","angle":150,"time":200.5},{"type":"block","angle":120,"time":200.75},{"type":"hold","angle":90,"angle2":15,"duration":2,"time":201},{"type":"hold","angle":75,"angle2":0,"duration":2,"time":201},{"type":"hold","angle":105,"angle2":30,"duration":2,"time":201},{"type":"block","angle":0,"time":203.25},{"type":"block","angle":15,"time":203.25},{"type":"block","angle":30,"time":203.25},{"type":"block","angle":345,"time":203.5},{"type":"block","angle":330,"time":203.5},{"type":"block","angle":315,"time":203.75},{"type":"block","angle":300,"time":203.75},{"type":"block","angle":285,"time":204},{"type":"block","angle":270,"time":204},{"type":"block","angle":255,"time":204.25},{"type":"block","angle":240,"time":204.25},{"type":"block","angle":225,"time":204.5},{"type":"block","angle":210,"time":204.5},{"type":"block","angle":195,"time":204.75},{"type":"block","angle":180,"time":204.75},{"type":"hold","angle":180,"angle2":300,"duration":2,"time":205},{"type":"hold","angle":165,"angle2":285,"duration":2,"time":205},{"type":"hold","angle":150,"angle2":270,"duration":2,"time":205},{"type":"block","angle":270,"time":207.25},{"type":"block","angle":285,"time":207.25},{"type":"block","angle":300,"time":207.25},{"type":"block","angle":315,"time":207.5},{"type":"block","angle":330,"time":207.5},{"type":"block","angle":345,"time":207.75},{"type":"block","angle":360,"time":207.75},{"type":"block","angle":15,"time":208},{"type":"block","angle":30,"time":208},{"type":"block","angle":45,"time":208.25},{"type":"block","angle":60,"time":208.25},{"type":"block","angle":75,"time":208.5},{"type":"block","angle":90,"time":208.5},{"type":"block","angle":105,"time":208.75},{"type":"block","angle":120,"time":208.75},{"type":"hold","angle":135,"angle2":405,"duration":2,"time":209},{"type":"block","angle":168.75,"time":209.25},{"type":"block","angle":202.5,"time":209.5},{"type":"block","angle":236.25,"time":209.75},{"type":"block","angle":270,"time":210},{"type":"block","angle":303.75,"time":210.25},{"type":"block","angle":337.5,"time":210.5},{"type":"block","angle":11.25,"time":210.75},{"type":"hold","angle":45,"angle2":45,"duration":1,"time":211},{"type":"hold","angle":45,"angle2":56.25,"duration":0.25,"time":211},{"type":"hold","angle":45,"angle2":33.75,"duration":0.5,"time":211},{"type":"hold","angle":45,"angle2":56.25,"duration":0.75,"time":211},{"type":"hold","angle":45,"angle2":-258.75,"duration":1,"time":212},{"type":"block","angle":75,"time":213.25},{"type":"block","angle":45,"time":213.5},{"type":"block","angle":15,"time":213.75},{"type":"block","angle":345,"time":214},{"type":"block","angle":315,"time":214.25},{"type":"block","angle":285,"time":214.5},{"type":"block","angle":255,"time":214.75},{"type":"hold","angle":225,"angle2":195,"duration":0.25,"time":215},{"type":"hold","angle":195,"angle2":210,"duration":0.25,"time":215.25},{"type":"hold","angle":210,"angle2":195,"duration":0.25,"time":215.5},{"type":"hold","angle":195,"angle2":210,"duration":0.25,"time":215.75},{"type":"block","angle":240,"time":216.25},{"type":"block","angle":270,"time":216.5},{"type":"block","angle":300,"time":216.75},{"type":"hold","angle":330,"angle2":510,"duration":1,"time":217},{"type":"hold","angle":150,"angle2":105,"duration":0.25,"time":218},{"type":"hold","angle":105,"angle2":150,"duration":0.25,"time":218.25},{"type":"hold","angle":150,"angle2":105,"duration":0.25,"time":218.5},{"type":"hold","angle":105,"angle2":120,"duration":0.25,"time":218.75},{"type":"hold","angle":120,"angle2":-15,"duration":1,"time":219},{"type":"block","angle":0,"time":220.25},{"type":"block","angle":15,"time":220.5},{"type":"block","angle":30,"time":220.75},{"type":"hold","angle":45,"angle2":240,"duration":1,"time":221},{"type":"hold","angle":240,"angle2":225,"duration":0.5,"time":222},{"type":"hold","angle":225,"angle2":255,"duration":0.5,"time":222.5},{"type":"block","angle":270,"time":223.16667175293},{"type":"block","angle":285,"time":223.33332824707},{"type":"block","angle":300,"time":223.5},{"type":"block","angle":315,"time":223.66667175293},{"type":"block","angle":330,"time":223.83332824707},{"type":"block","angle":345,"time":224},{"type":"block","angle":0,"time":224.16667175293},{"type":"block","angle":15,"time":224.33332824707},{"type":"block","angle":30,"time":224.5},{"type":"block","angle":45,"time":224.66667175293},{"type":"block","angle":60,"time":224.83332824707},{"type":"hold","angle":75,"angle2":-45,"duration":1,"time":225},{"type":"hold","angle":300,"angle2":330,"duration":0,"time":226},{"type":"block","angle":300,"time":226.25},{"type":"block","angle":315,"time":226.25},{"type":"block","angle":285,"time":226.5},{"type":"block","angle":255,"time":226.75},{"type":"block","angle":225,"time":227},{"type":"block","angle":195,"time":227.25},{"type":"block","angle":165,"time":227.5},{"type":"block","angle":135,"time":227.75},{"type":"hold","angle":120,"angle2":90,"duration":0.25,"time":228},{"type":"hold","angle":90,"angle2":105,"duration":0.25,"time":228.25},{"type":"hold","angle":105,"angle2":75,"duration":0.25,"time":228.5},{"type":"hold","angle":75,"angle2":135,"duration":0.25,"time":228.75},{"holdEase":"inSine","angle2":0,"angle":135,"type":"hold","duration":1,"time":229},{"type":"block","angle":345,"time":230.25},{"type":"block","angle":330,"time":230.5},{"type":"block","angle":315,"time":230.75},{"type":"hold","angle":300,"angle2":225,"duration":1,"time":231},{"type":"block","angle":210,"time":232.25},{"type":"block","angle":195,"time":232.5},{"type":"block","angle":180,"time":232.75},{"type":"hold","angle":165,"angle2":150,"duration":1,"time":233},{"type":"hold","angle":150,"angle2":180,"duration":0.5,"time":233},{"type":"hold","angle":165,"angle2":180,"duration":0.25,"time":233},{"type":"hold","angle":150,"angle2":135,"duration":0.75,"time":233},{"type":"block","angle":135,"time":234.25},{"type":"block","angle":120,"time":234.5},{"type":"block","angle":105,"time":234.75},{"type":"block","angle":90,"time":235},{"type":"block","angle":75,"time":235.25},{"type":"block","angle":60,"time":235.5},{"type":"block","angle":45,"time":235.75},{"type":"block","angle":30,"time":236},{"type":"block","angle":15,"time":236.25},{"type":"block","angle":0,"time":236.5},{"type":"block","angle":345,"time":236.75},{"type":"hold","angle":330,"angle2":60,"duration":2,"time":237},{"type":"hold","angle":60,"angle2":90,"duration":0.3333332836628,"time":239},{"type":"hold","angle":90,"angle2":60,"duration":0.3333332836628,"time":239.33332824707},{"type":"hold","angle":60,"angle2":90,"duration":0.3333332836628,"time":239.66667175293},{"type":"block","angle":90,"time":240.25},{"type":"block","angle":90,"time":240.5},{"type":"block","angle":90,"time":240.75},{"type":"hold","angle":90,"angle2":30,"duration":0.5,"time":241},{"type":"hold","angle":30,"angle2":60,"duration":0.25,"time":241.5},{"type":"hold","angle":60,"angle2":15,"duration":0.25,"time":241.75},{"type":"block","angle":360,"time":242.25},{"type":"block","angle":345,"time":242.5},{"type":"block","angle":330,"time":242.75},{"type":"block","angle":315,"time":243},{"type":"block","angle":300,"time":243.25},{"type":"block","angle":285,"time":243.5},{"type":"block","angle":270,"time":243.75},{"type":"block","angle":255,"time":244},{"type":"block","angle":240,"time":244.25},{"type":"block","angle":225,"time":244.5},{"type":"block","angle":210,"time":244.75},{"type":"hold","angle":195,"angle2":555,"duration":2,"time":245},{"type":"mine","angle":180,"time":242.25},{"type":"mine","angle":165,"time":242.5},{"type":"mine","angle":150,"time":242.75},{"type":"mine","angle":135,"time":243},{"type":"mine","angle":120,"time":243.25},{"type":"mine","angle":105,"time":243.5},{"type":"mine","angle":90,"time":243.75},{"type":"mine","angle":75,"time":244},{"type":"mine","angle":60,"time":244.25},{"type":"mine","angle":45,"time":244.5},{"type":"mine","angle":30,"time":244.75},{"type":"mineHold","angle":15,"angle2":375,"duration":2,"time":245},{"type":"mineHold","angle":270,"angle2":210,"duration":0.5,"time":241},{"type":"mineHold","angle":210,"angle2":240,"duration":0.25,"time":241.5},{"type":"mineHold","angle":240,"angle2":195,"duration":0.25,"time":241.75},{"type":"mine","angle":270,"time":240.75},{"type":"mine","angle":270,"time":240.5},{"type":"mine","angle":270,"time":240.25},{"type":"hold","angle":195,"angle2":180,"duration":0.5,"time":247},{"type":"block","angle":180,"time":247.75},{"type":"block","angle":165,"time":248},{"type":"block","angle":150,"time":248.25},{"type":"block","angle":135,"time":248.5},{"type":"block","angle":120,"time":248.75},{"type":"hold","angle":105,"angle2":30,"duration":1,"time":249},{"type":"block","angle":15,"time":250.25},{"type":"block","angle":0,"time":250.5},{"type":"block","angle":345,"time":250.75},{"type":"hold","angle":330,"angle2":435,"duration":1,"time":251},{"type":"block","angle":90,"time":252.25},{"type":"block","angle":105,"time":252.5},{"type":"block","angle":120,"time":252.75},{"type":"hold","angle":135,"angle2":495,"duration":2,"time":253},{"type":"block","angle":195,"time":253.33332824707},{"type":"block","angle":255,"time":253.66667175293},{"type":"block","angle":315,"time":254},{"type":"block","angle":15,"time":254.33332824707},{"type":"block","angle":75,"time":254.66667175293},{"type":"hold","angle":135,"angle2":105,"duration":0.3333332836628,"time":255},{"type":"hold","angle":105,"angle2":165,"duration":0.3333332836628,"time":255.33332824707},{"type":"hold","angle":165,"angle2":105,"duration":0.33333334326744,"time":255.66667175293},{"type":"hold","angle":105,"angle2":105,"duration":0.3333332836628,"time":256},{"type":"hold","angle":105,"angle2":60,"duration":0.3333332836628,"time":256.33334350586},{"type":"hold","angle":60,"angle2":105,"duration":0.33333334326744,"time":256.66665649414},{"type":"mine","angle":30,"time":193.25},{"type":"mine","angle":15,"time":193.5},{"type":"mine","angle":0,"time":193.75},{"type":"mine","angle":345,"time":194},{"type":"mine","angle":330,"time":194.25},{"type":"mine","angle":315,"time":194.5},{"type":"mine","angle":300,"time":194.75},{"type":"mineHold","angle":285,"angle2":240,"duration":0.25,"time":195},{"type":"mineHold","angle":240,"angle2":270,"duration":0.25,"time":195.25},{"type":"mineHold","angle":270,"angle2":240,"duration":0.25,"time":195.5},{"type":"mineHold","angle":240,"angle2":270,"duration":0.25,"time":195.75},{"type":"mine","angle":300,"time":196.25},{"type":"mine","angle":330,"time":196.5},{"type":"mine","angle":360,"time":196.75},{"type":"mine","angle":30,"time":197},{"type":"mine","angle":60,"time":197.25},{"type":"mine","angle":90,"time":197.5},{"type":"mine","angle":120,"time":197.75},{"type":"mineHold","angle":150,"angle2":120,"duration":0.25,"time":198},{"type":"mineHold","angle":120,"angle2":150,"duration":0.25,"time":198.25},{"type":"mineHold","angle":150,"angle2":120,"duration":0.25,"time":198.5},{"type":"mineHold","angle":120,"angle2":150,"duration":0.25,"time":198.75},{"type":"mine","angle":120,"time":199.25},{"type":"mine","angle":90,"time":199.5},{"type":"mine","angle":60,"time":199.75},{"type":"mine","angle":30,"time":200},{"type":"mine","angle":0,"time":200.25},{"type":"mine","angle":330,"time":200.5},{"type":"mine","angle":300,"time":200.75},{"type":"mineHold","angle":285,"angle2":210,"duration":2,"time":201},{"type":"mineHold","angle":270,"angle2":195,"duration":2,"time":201},{"type":"mineHold","angle":255,"angle2":180,"duration":2,"time":201},{"type":"mineHold","angle":345,"angle2":465,"duration":2,"time":205},{"type":"mineHold","angle":330,"angle2":450,"duration":2,"time":205},{"type":"mineHold","angle":0,"angle2":120,"duration":2,"time":205},{"type":"block","angle":120,"time":257.25},{"type":"block","angle":135,"time":257.5},{"type":"block","angle":150,"time":257.75},{"type":"block","angle":165,"time":258},{"type":"block","angle":180,"time":258.25},{"type":"block","angle":195,"time":258.5},{"type":"block","angle":210,"time":258.75},{"type":"block","angle":225,"time":259},{"type":"block","angle":210,"time":259.25},{"type":"block","angle":195,"time":259.5},{"type":"block","angle":180,"time":259.75},{"type":"block","angle":165,"time":260},{"type":"block","angle":150,"time":260.25},{"type":"block","angle":135,"time":260.5},{"type":"block","angle":120,"time":260.75},{"type":"hold","angle":105,"angle2":-90,"duration":2,"time":261},{"type":"hold","angle":270,"angle2":300,"duration":0.25,"time":263},{"type":"hold","angle":300,"angle2":270,"duration":0.25,"time":263.25},{"type":"hold","angle":270,"angle2":315,"duration":0.25,"time":263.5},{"type":"hold","angle":315,"angle2":285,"duration":0.25,"time":263.75},{"type":"hold","angle":285,"angle2":345,"duration":1,"time":264},{"type":"block","angle":300,"time":264.25},{"type":"block","angle":315,"time":264.5},{"type":"block","angle":330,"time":264.75},{"type":"hold","angle":345,"angle2":345,"duration":1,"time":265},{"type":"hold","angle":330,"angle2":330,"duration":0.5,"time":265},{"type":"hold","angle":0,"angle2":0,"duration":0.75,"time":265},{"type":"block","angle":0,"time":266.25},{"type":"block","angle":15,"time":266.5},{"type":"block","angle":30,"time":266.75},{"type":"hold","angle":45,"angle2":120,"duration":1,"time":267},{"type":"block","angle":30,"time":267},{"type":"block","angle":60,"time":267},{"type":"block","angle":135,"time":268},{"type":"block","angle":105,"time":268},{"type":"hold","angle":120,"angle2":120,"duration":1,"time":268},{"type":"block","angle":120,"time":268.75},{"type":"block","angle":120,"time":268.5},{"type":"block","angle":135,"time":269.25},{"type":"block","angle":150,"time":269.5},{"type":"block","angle":165,"time":269.75},{"type":"block","angle":180,"time":270},{"type":"block","angle":165,"time":270.25},{"type":"block","angle":150,"time":270.5},{"type":"block","angle":135,"time":270.75},{"type":"block","angle":120,"time":271},{"type":"block","angle":105,"time":271.25},{"type":"block","angle":90,"time":271.5},{"type":"block","angle":75,"time":271.75},{"type":"block","angle":60,"time":272},{"type":"block","angle":45,"time":272.25},{"type":"block","angle":60,"time":272.5},{"type":"block","angle":45,"time":272.75},{"type":"hold","angle":60,"angle2":165,"duration":3,"time":273},{"type":"block","angle":180,"time":276.25},{"type":"block","angle":195,"time":276.5},{"type":"block","angle":210,"time":276.75},{"type":"hold","angle":195,"angle2":150,"duration":0.5,"time":277},{"type":"hold","angle":150,"angle2":195,"duration":0.5,"time":277.5},{"type":"block","angle":210,"time":278.25},{"type":"block","angle":225,"time":278.5},{"type":"block","angle":240,"time":278.75},{"type":"hold","angle":255,"angle2":120,"duration":2,"time":279},{"type":"block","angle":105,"time":281.25},{"type":"block","angle":90,"time":281.5},{"type":"block","angle":75,"time":281.75},{"type":"block","angle":60,"time":282},{"type":"block","angle":45,"time":282.25},{"type":"block","angle":30,"time":282.5},{"type":"block","angle":15,"time":282.75},{"type":"block","angle":360,"time":283},{"type":"block","angle":15,"time":283.25},{"type":"block","angle":30,"time":283.5},{"type":"block","angle":45,"time":283.75},{"type":"block","angle":60,"time":284},{"type":"block","angle":90,"time":284.25},{"type":"block","angle":105,"time":284.5},{"type":"block","angle":120,"time":284.75},{"type":"block","angle":75,"time":284.25},{"type":"block","angle":90,"time":284.5},{"type":"block","angle":105,"time":284.75},{"holdEase":"outSine","angle2":0,"angle":90,"type":"hold","duration":2,"time":289},{"type":"hold","angle":255,"angle2":345,"duration":3,"time":273},{"type":"hold","angle":330,"angle2":360,"duration":0,"time":276},{"type":"hold","angle":360,"angle2":375,"duration":0,"time":276.25},{"type":"hold","angle":15,"angle2":30,"duration":0,"time":276.5},{"type":"hold","angle":15,"angle2":-30,"duration":0.5,"time":277},{"type":"hold","angle":330,"angle2":375,"duration":0.5,"time":277.5},{"type":"block","angle":30,"time":278.25},{"type":"block","angle":45,"time":278.5},{"type":"block","angle":60,"time":278.75},{"type":"hold","angle":75,"angle2":-60,"duration":2,"time":279},{"type":"hold","angle":375,"angle2":390,"duration":0,"time":276.75},{"type":"hold","angle":285,"angle2":180,"duration":1.75,"time":281.25},{"holdEase":"outSine","angle2":180,"angle":270,"type":"hold","duration":2,"time":289},{"type":"mineHold","angle":0,"angle2":-90,"duration":2,"time":289},{"type":"mineHold","angle":180,"angle2":90,"duration":2,"time":289},{"type":"hold","angle":345,"angle2":375,"duration":0,"time":291.25},{"type":"hold","angle":345,"angle2":375,"duration":0,"time":291.5},{"type":"hold","angle":345,"angle2":375,"duration":0,"time":291.75},{"type":"hold","angle":345,"angle2":375,"duration":0,"time":292},{"type":"hold","angle":525,"angle2":555,"duration":0,"time":291.25},{"type":"hold","angle":525,"angle2":555,"duration":0,"time":291.5},{"type":"hold","angle":525,"angle2":555,"duration":0,"time":291.75},{"type":"hold","angle":525,"angle2":555,"duration":0,"time":292},{"type":"mine","angle":315,"time":292.5},{"type":"mine","angle":45,"time":292.5},{"type":"mine","angle":225,"time":292.5},{"type":"mine","angle":135,"time":292.5},{"type":"mineHold","angle":225,"angle2":315,"duration":0,"time":291.25},{"type":"hold","angle":345,"angle2":375,"duration":0,"time":291.25},{"type":"hold","angle":345,"angle2":375,"duration":0,"time":291.5},{"type":"hold","angle":345,"angle2":375,"duration":0,"time":291.75},{"type":"hold","angle":345,"angle2":375,"duration":0,"time":292},{"type":"mineHold","angle":405,"angle2":495,"duration":0,"time":291.25},{"type":"mineHold","angle":225,"angle2":315,"duration":0,"time":291.5},{"type":"mineHold","angle":405,"angle2":495,"duration":0,"time":291.5},{"type":"mineHold","angle":225,"angle2":315,"duration":0,"time":292},{"type":"mineHold","angle":405,"angle2":495,"duration":0,"time":292},{"type":"mineHold","angle":225,"angle2":315,"duration":0,"time":291.75},{"type":"mineHold","angle":405,"angle2":495,"duration":0,"time":291.75},{"type":"mine","angle":270,"time":292.5},{"type":"mine","angle":90,"time":292.5},{"type":"mineHold","angle":315,"angle2":585,"duration":2,"time":293},{"type":"mineHold","angle":135,"angle2":405,"duration":2,"time":293},{"type":"mine","angle":315,"time":234.25},{"type":"mine","angle":300,"time":234.5},{"type":"mine","angle":285,"time":234.75},{"type":"mine","angle":270,"time":235},{"type":"mine","angle":255,"time":235.25},{"type":"mine","angle":240,"time":235.5},{"type":"mine","angle":225,"time":235.75},{"type":"mine","angle":210,"time":236},{"type":"mine","angle":195,"time":236.25},{"type":"mine","angle":180,"time":236.5},{"type":"mine","angle":165,"time":236.75},{"type":"mineHold","angle":225,"angle2":-90,"duration":2,"time":295},{"type":"mineHold","angle":45,"angle2":-270,"duration":2,"time":295},{"type":"hold","angle":0,"angle2":270,"duration":2,"time":297},{"type":"hold","angle":180,"angle2":450,"duration":2,"time":297},{"type":"mineHold","angle":270,"angle2":540,"duration":2,"time":297},{"type":"mineHold","angle":90,"angle2":360,"duration":2,"time":297},{"type":"block","angle":75,"time":299.25},{"type":"block","angle":255,"time":299.25},{"type":"block","angle":60,"time":299.5},{"type":"block","angle":240,"time":299.5},{"type":"block","angle":45,"time":299.75},{"type":"block","angle":225,"time":299.75},{"type":"hold","angle":30,"angle2":-90,"duration":1,"time":300},{"type":"hold","angle":210,"angle2":90,"duration":1,"time":300},{"type":"mineHold","angle":0,"angle2":-165,"duration":2,"time":299},{"type":"mineHold","angle":180,"angle2":15,"duration":2,"time":299},{"type":"extraTap","angle":255,"time":301},{"type":"hold","angle":270,"angle2":330,"duration":2,"time":301},{"type":"hold","angle":90,"angle2":150,"duration":2,"time":301},{"type":"block","angle":345,"time":303.125},{"type":"block","angle":360,"time":303.25},{"type":"block","angle":15,"time":303.375},{"type":"block","angle":30,"time":303.5},{"type":"block","angle":45,"time":303.625},{"type":"block","angle":60,"time":303.75},{"type":"block","angle":75,"time":303.875},{"type":"block","angle":90,"time":304},{"type":"block","angle":165,"time":303.125},{"type":"block","angle":180,"time":303.25},{"type":"block","angle":195,"time":303.375},{"type":"block","angle":210,"time":303.5},{"type":"block","angle":225,"time":303.625},{"type":"block","angle":240,"time":303.75},{"type":"block","angle":255,"time":303.875},{"type":"block","angle":105,"time":304.125},{"type":"block","angle":120,"time":304.25},{"type":"block","angle":135,"time":304.375},{"type":"block","angle":150,"time":304.5},{"type":"block","angle":270,"time":304},{"type":"block","angle":285,"time":304.125},{"type":"block","angle":300,"time":304.25},{"type":"block","angle":315,"time":304.375},{"type":"block","angle":330,"time":304.5},{"type":"block","angle":165,"time":304.625},{"type":"block","angle":180,"time":304.75},{"type":"block","angle":195,"time":304.875},{"type":"block","angle":345,"time":304.625},{"type":"block","angle":360,"time":304.75},{"type":"block","angle":15,"time":304.875},{"type":"extraTap","angle":225,"time":305},{"type":"mineHold","angle":195,"angle2":240,"duration":2,"time":301},{"type":"mineHold","angle":15,"angle2":62,"duration":2,"time":301}]