{"events":[{"volume":1,"type":"play","angle":0,"bpm":140,"file":"Grimm-_Hollow-Knight_-The-Grimm-Troupe_.ogg","offset":0,"time":-0},{"angle":345,"g":0,"b":0,"r":0,"type":"setColor","color":2,"time":-1},{"angle":315,"type":"setBgColor","color":2,"time":-1},{"angle":15,"g":0,"b":0,"r":0,"type":"setColor","color":1,"time":-1},{"r":216,"b":6,"duration":0.25,"time":0.875,"angle":330,"g":6,"type":"setColor","color":2,"ease":"outExpo"},{"r":45,"b":0,"duration":0.5,"time":1.125,"angle":330,"g":0,"type":"setColor","color":2,"ease":"inSine"},{"r":235,"b":6,"duration":0.25,"time":17,"angle":135,"g":6,"type":"setColor","color":2,"ease":"outExpo"},{"r":45,"b":0,"duration":0.19999998807907,"time":17.125,"angle":135,"g":0,"type":"setColor","color":2,"ease":"inSine"},{"r":121,"b":4,"duration":0.25,"time":16,"angle":135,"g":4,"type":"setColor","color":2,"ease":"outExpo"},{"r":28,"b":1,"duration":0.20000000298023,"time":16.25,"angle":180,"g":1,"type":"setColor","color":2,"ease":"inSine"},{"r":74,"b":3,"duration":0.25,"time":15,"angle":210,"g":3,"type":"setColor","color":2,"ease":"outExpo"},{"r":28,"b":1,"duration":0.20000000298023,"time":15.25,"angle":210,"g":1,"type":"setColor","color":2,"ease":"inCirc"},{"angle":15,"spriteName":"angry","type":"forcePlayerSprite","time":1},{"r":235,"b":6,"duration":0.25,"time":19.5,"angle":30,"g":6,"type":"setColor","color":2,"ease":"outExpo"},{"r":28,"b":1,"duration":0.20000000298023,"time":19.75,"angle":390,"g":1,"type":"setColor","color":2,"ease":"inSine"},{"r":235,"b":6,"duration":0.25,"time":20.5,"angle":45,"g":6,"type":"setColor","color":2,"ease":"outExpo"},{"r":28,"b":1,"duration":0.20000000298023,"time":20.625,"angle":405,"g":1,"type":"setColor","color":2,"ease":"inSine"},{"angle":195,"type":"noise","chance":0.80000001192093,"color":1,"time":15},{"value":1.25,"var":"vfx.canvPos.sx","angle":225,"type":"ease","time":15},{"value":1.25,"var":"vfx.canvPos.sy","angle":255,"type":"ease","time":15},{"value":1.5,"var":"vfx.canvPos.sy","angle":210,"type":"ease","time":16},{"value":1.5,"var":"vfx.canvPos.sx","angle":225,"type":"ease","time":16},{"value":1,"var":"vfx.canvPos.sy","angle":210,"type":"ease","time":17},{"value":1,"var":"vfx.canvPos.sx","angle":225,"type":"ease","time":17},{"r":235,"b":6,"duration":0.25,"time":21,"angle":15,"g":6,"type":"setColor","color":2,"ease":"outExpo"},{"r":45,"b":0,"duration":0.20000000298023,"time":21.125,"angle":375,"g":0,"type":"setColor","color":2,"ease":"inSine"},{"angle":330,"type":"noise","chance":0,"color":1,"time":29},{"r":172,"b":15,"duration":3,"time":30,"angle":255,"g":15,"type":"setColor","color":2,"ease":"inSine"},{"r":106,"b":5,"duration":3,"time":30,"angle":240,"g":5,"type":"setColor","color":0,"ease":"inSine"},{"drawLayer":"bg","type":"deco","id":"grim","ox":300,"time":41,"angle":15,"oy":180,"sprite":"B123.png"},{"r":0,"b":0,"duration":2,"time":39.375,"angle":75,"g":0,"type":"setColor","color":2,"ease":"inSine"},{"r":235,"b":6,"duration":0.25,"time":40.875,"angle":30,"g":6,"type":"setColor","color":2,"ease":"outExpo"},{"r":0,"b":0,"duration":0.5,"time":41.125,"angle":45,"g":0,"type":"setColor","color":2,"ease":"inSine"},{"r":235,"b":6,"duration":0.25,"time":42.875,"angle":90,"g":6,"type":"setColor","color":2,"ease":"outExpo"},{"r":0,"b":0,"duration":0.5,"time":43.125,"angle":90,"g":0,"type":"setColor","color":2,"ease":"inSine"},{"r":235,"b":6,"duration":0.25,"time":43.875,"angle":90,"g":6,"type":"setColor","color":2,"ease":"outExpo"},{"r":0,"b":0,"duration":0.5,"time":44.125,"angle":90,"g":0,"type":"setColor","color":2,"ease":"inSine"},{"r":235,"b":6,"duration":0.25,"time":44.875,"angle":90,"g":6,"type":"setColor","color":2,"ease":"outExpo"},{"r":0,"b":0,"duration":0.5,"time":45.125,"angle":90,"g":0,"type":"setColor","color":2,"ease":"inSine"},{"r":235,"b":6,"duration":0.25,"time":46.875,"angle":75,"g":6,"type":"setColor","color":2,"ease":"outExpo"},{"r":0,"b":0,"duration":0.5,"time":47.125,"angle":75,"g":0,"type":"setColor","color":2,"ease":"inSine"},{"r":235,"b":6,"duration":0.25,"time":47.875,"angle":135,"g":6,"type":"setColor","color":2,"ease":"outExpo"},{"r":0,"b":0,"duration":0.5,"time":48.125,"angle":150,"g":0,"type":"setColor","color":2,"ease":"inSine"},{"r":235,"b":6,"duration":0.25,"time":48.875,"angle":165,"g":6,"type":"setColor","color":2,"ease":"outExpo"},{"r":235,"b":6,"duration":0.25,"time":48.875,"angle":150,"g":6,"type":"setColor","color":1,"ease":"outExpo"},{"angle":135,"g":0,"b":0,"r":0,"type":"setColor","color":0,"time":49},{"r":0,"b":0,"duration":0.75,"time":51.875,"angle":165,"g":0,"type":"setColor","color":2,"ease":"inSine"},{"r":0,"b":0,"duration":0.75,"time":51.875,"angle":150,"g":0,"type":"setColor","color":1,"ease":"inSine"},{"r":0,"b":0,"duration":0.75,"time":51.875,"angle":135,"g":0,"type":"setColor","color":0,"ease":"inSine"},{"r":235,"b":6,"duration":0.25,"time":52.875,"angle":165,"g":6,"type":"setColor","color":2,"ease":"inExpo"},{"r":235,"b":6,"duration":0.25,"time":52.875,"angle":150,"g":6,"type":"setColor","color":1,"ease":"inExpo"},{"r":0,"b":0,"duration":0.25,"time":52.875,"angle":135,"g":0,"type":"setColor","color":0,"ease":"inExpo"},{"angle":120,"type":"noise","chance":0.49999991059303,"color":0,"time":49},{"type":"deco","hide":true,"ox":300,"time":48.75,"angle":210,"oy":180,"sprite":"B123.png","id":"grim"},{"duration":0,"angle":180,"type":"paddles","paddle":1,"newWidth":180,"ease":"linear","time":49.125},{"enabled":true,"duration":0,"time":52.625,"angle":270,"paddle":1,"ease":"linear","newWidth":70,"type":"paddles"},{"angle":330,"type":"noise","chance":0.60000002384186,"color":0,"time":55.416667938232},{"angle":285,"type":"noise","chance":1,"color":0,"time":57},{"angle":255,"type":"noise","chance":0.69999998807907,"color":0,"time":55.75},{"angle":285,"type":"noise","chance":0.80000001192093,"color":0,"time":56.083332061768},{"angle":315,"type":"noise","chance":0.89999997615814,"color":0,"time":56.416667938232},{"r":0,"b":0,"duration":1.25,"time":55.416667938232,"angle":270,"g":0,"type":"setColor","color":2,"ease":"inSine"},{"drawLayer":"bg","type":"deco","id":"grim","ox":300,"sprite":"B123.png","angle":330,"time":57,"oy":180,"hide":false},{"r":235,"b":6,"duration":0.25,"time":56.875,"angle":315,"g":6,"type":"setColor","color":2,"ease":"outExpo"},{"r":0,"b":0,"duration":0.5,"time":57.125,"angle":315,"g":0,"type":"setColor","color":2,"ease":"inSine"},{"angle":300,"g":0,"b":0,"r":0,"type":"setColor","color":1,"time":57.125},{"r":255,"b":0,"duration":1.625,"time":55.416667938232,"angle":255,"g":0,"type":"setColor","color":0,"ease":"inSine"},{"r":0,"b":0,"duration":0.5,"time":59.125,"angle":210,"g":0,"type":"setColor","color":2,"ease":"inSine"},{"r":235,"b":6,"duration":0.25,"time":58.875,"angle":210,"g":6,"type":"setColor","color":2,"ease":"outExpo"},{"r":0,"b":0,"duration":0.5,"time":60.125,"angle":210,"g":0,"type":"setColor","color":2,"ease":"inSine"},{"r":235,"b":6,"duration":0.25,"time":59.875,"angle":210,"g":6,"type":"setColor","color":2,"ease":"outExpo"},{"r":0,"b":0,"duration":0.5,"time":61.125,"angle":210,"g":0,"type":"setColor","color":1,"ease":"inSine"},{"r":235,"b":6,"duration":0.25,"time":60.875,"angle":210,"g":6,"type":"setColor","color":1,"ease":"outExpo"},{"r":0,"b":0,"duration":0.25,"time":60.875,"angle":225,"g":0,"type":"setColor","color":0,"ease":"outExpo"},{"r":235,"b":6,"duration":0.5,"time":61.125,"angle":225,"g":6,"type":"setColor","color":0,"ease":"inSine"},{"r":235,"b":6,"duration":0.25,"time":62.875,"angle":225,"g":6,"type":"setColor","color":2,"ease":"outExpo"},{"r":0,"b":0,"duration":0.5,"time":63.125,"angle":225,"g":0,"type":"setColor","color":2,"ease":"inSine"},{"r":235,"b":6,"duration":0.25,"time":63.875,"angle":255,"g":6,"type":"setColor","color":2,"ease":"outExpo"},{"r":0,"b":0,"duration":0.5,"time":64.125,"angle":255,"g":0,"type":"setColor","color":2,"ease":"inSine"},{"r":108,"b":2,"duration":0.25,"time":64.875,"angle":165,"g":2,"type":"setColor","color":2,"ease":"outExpo"},{"r":235,"b":6,"duration":0.25,"time":64.875,"angle":150,"g":6,"type":"setColor","color":1,"ease":"outExpo"},{"angle":135,"g":0,"b":0,"r":0,"type":"setColor","color":0,"time":65},{"angle":120,"type":"noise","chance":0.49999991059303,"color":0,"time":65},{"type":"deco","hide":true,"ox":300,"time":64.75,"angle":210,"oy":180,"sprite":"B123.png","id":"grim"},{"angle":345,"g":0,"b":0,"r":0,"type":"setColor","color":0,"time":67},{"angle":330,"type":"noise","chance":0.49999991059303,"color":0,"time":67},{"r":210,"b":10,"duration":0.25,"time":66.875,"angle":315,"g":10,"type":"setColor","color":2,"ease":"outExpo"},{"r":235,"b":6,"duration":0.25,"time":66.875,"angle":300,"g":6,"type":"setColor","color":1,"ease":"outExpo"},{"r":255,"b":0,"duration":0.25,"time":68.875,"angle":255,"g":0,"type":"setColor","color":2,"ease":"outExpo"},{"r":235,"b":6,"duration":0.25,"time":68.875,"angle":240,"g":6,"type":"setColor","color":1,"ease":"outExpo"},{"value":1.25,"var":"vfx.canvPos.sy","type":"ease","duration":0.25,"angle":240,"ease":"inSine","time":64.875},{"value":1.25,"var":"vfx.canvPos.sx","type":"ease","duration":0.25,"angle":255,"ease":"inSine","time":64.875},{"value":1.5,"var":"vfx.canvPos.sy","type":"ease","duration":0.25,"angle":375,"ease":"inSine","time":66.875},{"value":1.5,"var":"vfx.canvPos.sx","type":"ease","duration":0.25,"angle":390,"ease":"inSine","time":66.875},{"value":1.75,"var":"vfx.canvPos.sy","type":"ease","duration":0.25,"angle":300,"ease":"inSine","time":68.875},{"value":1.75,"var":"vfx.canvPos.sx","type":"ease","duration":0.25,"angle":315,"ease":"inSine","time":68.875},{"value":1,"var":"vfx.canvPos.sy","type":"ease","duration":0.875,"angle":390,"ease":"inSine","time":72},{"value":1,"var":"vfx.canvPos.sx","type":"ease","duration":0.875,"angle":405,"ease":"inSine","time":72},{"r":0,"b":0,"duration":1.25,"time":71.75,"angle":60,"g":0,"type":"setColor","color":2,"ease":"inSine"},{"angle":45,"type":"noise","chance":0.90000009536743,"color":0,"time":72.5},{"angle":45,"type":"noise","chance":0.80000019073486,"color":0,"time":72.25},{"angle":60,"type":"noise","chance":0.69999998807907,"color":0,"time":72},{"r":0,"b":0,"duration":0.5,"time":75.125,"angle":135,"g":0,"type":"setColor","color":2,"ease":"inSine"},{"r":235,"b":6,"duration":0.25,"time":74.875,"angle":135,"g":6,"type":"setColor","color":2,"ease":"inExpo"},{"r":235,"b":6,"duration":0.25,"time":75.875,"angle":270,"g":6,"type":"setColor","color":2,"ease":"inExpo"},{"r":0,"b":0,"duration":0.5,"time":76.125,"angle":270,"g":0,"type":"setColor","color":2,"ease":"inSine"},{"r":0,"b":0,"duration":0.5,"time":77.125,"angle":105,"g":0,"type":"setColor","color":2,"ease":"inSine"},{"r":235,"b":6,"duration":0.25,"time":76.875,"angle":105,"g":6,"type":"setColor","color":2,"ease":"inExpo"},{"r":235,"b":6,"duration":0.25,"time":78.875,"angle":105,"g":6,"type":"setColor","color":2,"ease":"inExpo"},{"r":0,"b":0,"duration":0.5,"time":79.125,"angle":105,"g":0,"type":"setColor","color":2,"ease":"inSine"},{"r":235,"b":6,"duration":0.25,"time":79.875,"angle":105,"g":6,"type":"setColor","color":2,"ease":"inExpo"},{"r":0,"b":0,"duration":0.5,"time":80.125,"angle":105,"g":0,"type":"setColor","color":2,"ease":"inSine"},{"angle":330,"type":"noise","chance":0.69999998807907,"color":3,"time":81.666664123535},{"angle":330,"type":"noise","chance":0.60000002384186,"color":3,"time":82},{"angle":330,"type":"noise","chance":0.80000001192093,"color":3,"time":81.333335876465},{"angle":300,"g":0,"b":0,"r":255,"type":"setColor","color":3,"time":81},{"angle":330,"type":"noise","chance":0.5,"color":3,"time":82.333335876465},{"angle":300,"type":"noise","chance":0.40000000596046,"color":3,"time":82.666664123535},{"angle":270,"type":"noise","chance":0.30000001192093,"color":3,"time":83},{"angle":240,"type":"noise","chance":0.20000000298023,"color":3,"time":83.333335876465},{"angle":210,"type":"noise","chance":0.10000000149012,"color":3,"time":83.666664123535},{"angle":180,"type":"noise","chance":0.049999997019768,"color":3,"time":84},{"angle":330,"type":"noise","chance":0.89999997615814,"color":3,"time":81},{"angle":120,"type":"noise","chance":0.20000000298023,"color":3,"time":85.666664123535},{"angle":120,"type":"noise","chance":0.30000001192093,"color":3,"time":86},{"angle":120,"type":"noise","chance":0.10000000149012,"color":3,"time":85.333335876465},{"angle":90,"g":0,"b":0,"r":255,"type":"setColor","color":3,"time":85},{"angle":120,"type":"noise","chance":0.40000000596046,"color":3,"time":86.333335876465},{"angle":90,"type":"noise","chance":0.5,"color":3,"time":86.666664123535},{"angle":60,"type":"noise","chance":0.60000002384186,"color":3,"time":87},{"angle":30,"type":"noise","chance":0.69999998807907,"color":3,"time":87.333335876465},{"angle":0,"type":"noise","chance":0.80000001192093,"color":3,"time":87.666664123535},{"angle":-30,"type":"noise","chance":0.89999997615814,"color":3,"time":88},{"angle":120,"type":"noise","chance":0.049999997019768,"color":3,"time":85},{"angle":330,"type":"noise","chance":0.9899999499321,"color":3,"time":89},{"r":235,"b":6,"duration":0.25,"time":90.875,"angle":120,"g":6,"type":"setColor","color":2,"ease":"inExpo"},{"r":0,"b":0,"duration":0.5,"time":91.125,"angle":120,"g":0,"type":"setColor","color":2,"ease":"inSine"},{"r":235,"b":6,"duration":0.25,"time":91.875,"angle":75,"g":6,"type":"setColor","color":2,"ease":"inExpo"},{"r":0,"b":0,"duration":0.5,"time":92.125,"angle":75,"g":0,"type":"setColor","color":2,"ease":"inSine"},{"r":235,"b":6,"duration":0.25,"time":92.875,"angle":105,"g":6,"type":"setColor","color":2,"ease":"inExpo"},{"r":0,"b":0,"duration":1,"time":93.125,"angle":105,"g":0,"type":"setColor","color":2,"ease":"inSine"},{"r":235,"b":6,"duration":0.25,"time":94.875,"angle":90,"g":6,"type":"setColor","color":2,"ease":"inExpo"},{"r":0,"b":0,"duration":0.5,"time":95.125,"angle":90,"g":0,"type":"setColor","color":2,"ease":"inSine"},{"r":235,"b":6,"duration":0.25,"time":95.875,"angle":90,"g":6,"type":"setColor","color":2,"ease":"inExpo"},{"r":0,"b":0,"duration":0.5,"time":96.125,"angle":90,"g":0,"type":"setColor","color":2,"ease":"inSine"},{"enabled":true,"newAngle":180,"ease":"linear","time":97,"angle":150,"paddle":2,"duration":0,"type":"paddles"},{"r":235,"b":6,"duration":0.25,"time":96.875,"angle":90,"g":6,"type":"setColor","color":2,"ease":"inExpo"},{"r":0,"b":0,"duration":1,"time":97.125,"angle":90,"g":0,"type":"setColor","color":2,"ease":"inSine"},{"r":235,"b":6,"duration":0.25,"time":98.875,"angle":90,"g":6,"type":"setColor","color":2,"ease":"inExpo"},{"r":0,"b":0,"duration":1,"time":99.125,"angle":90,"g":0,"type":"setColor","color":2,"ease":"inSine"},{"r":235,"b":6,"duration":0.25,"time":100.875,"angle":45,"g":6,"type":"setColor","color":2,"ease":"inExpo"},{"r":0,"b":0,"duration":2,"time":101.125,"angle":45,"g":0,"type":"setColor","color":2,"ease":"inSine"},{"r":235,"b":6,"duration":0.25,"time":104.875,"angle":240,"g":6,"type":"setColor","color":2,"ease":"inExpo"},{"r":0,"b":0,"duration":1,"time":105.125,"angle":240,"g":0,"type":"setColor","color":2,"ease":"inSine"},{"r":235,"b":6,"duration":0.25,"time":106.875,"angle":30,"g":6,"type":"setColor","color":2,"ease":"inExpo"},{"r":0,"b":0,"duration":1,"time":107.125,"angle":30,"g":0,"type":"setColor","color":2,"ease":"inSine"},{"r":235,"b":6,"duration":0.25,"time":108.875,"angle":135,"g":6,"type":"setColor","color":2,"ease":"inExpo"},{"r":0,"b":0,"duration":2,"time":109.125,"angle":135,"g":0,"type":"setColor","color":2,"ease":"inSine"},{"r":235,"b":6,"duration":0.25,"time":112.875,"angle":150,"g":6,"type":"setColor","color":2,"ease":"inExpo"},{"r":0,"b":0,"duration":1,"time":113.125,"angle":135,"g":0,"type":"setColor","color":2,"ease":"inSine"},{"r":235,"b":6,"duration":0.25,"time":114.875,"angle":180,"g":6,"type":"setColor","color":2,"ease":"inExpo"},{"r":0,"b":0,"duration":0.5,"time":115.125,"angle":180,"g":0,"type":"setColor","color":2,"ease":"inSine"},{"r":235,"b":6,"duration":0.25,"time":115.875,"angle":135,"g":6,"type":"setColor","color":2,"ease":"inExpo"},{"r":0,"b":0,"duration":0.5,"time":116.125,"angle":135,"g":0,"type":"setColor","color":2,"ease":"inSine"},{"r":235,"b":6,"duration":0.25,"time":116.875,"angle":90,"g":6,"type":"setColor","color":2,"ease":"inExpo"},{"r":0,"b":0,"duration":1.5,"time":117.125,"angle":90,"g":0,"type":"setColor","color":2,"ease":"inSine"},{"r":235,"b":6,"duration":0.25,"time":118.875,"angle":90,"g":6,"type":"setColor","color":2,"ease":"inExpo"},{"r":0,"b":0,"duration":0.5,"time":119.125,"angle":90,"g":0,"type":"setColor","color":2,"ease":"inSine"},{"r":235,"b":6,"duration":0.25,"time":119.875,"angle":75,"g":6,"type":"setColor","color":2,"ease":"inExpo"},{"r":0,"b":0,"duration":0.375,"time":120.125,"angle":75,"g":0,"type":"setColor","color":2,"ease":"inSine"},{"angle":150,"g":0,"b":0,"r":255,"type":"setColor","color":2,"time":121},{"angle":105,"type":"noise","chance":0.89999997615814,"color":0,"time":121},{"r":55,"b":0,"duration":0.25,"time":120.875,"angle":120,"g":0,"type":"setColor","color":0,"ease":"inSine"},{"angle":135,"g":0,"b":0,"r":0,"type":"setColor","color":1,"time":121},{"enabled":true,"newAngle":90,"duration":0,"time":121,"angle":210,"paddle":4,"ease":"linear","newWidth":40,"type":"paddles"},{"enabled":true,"newAngle":270,"duration":0,"time":121,"angle":225,"paddle":3,"ease":"linear","newWidth":40,"type":"paddles"},{"enabled":true,"newAngle":180,"duration":0,"time":121,"angle":240,"paddle":2,"ease":"linear","newWidth":40,"type":"paddles"},{"enabled":true,"newAngle":0,"duration":0,"time":121,"angle":255,"paddle":1,"ease":"linear","newWidth":40,"type":"paddles"},{"drawLayer":"bg","type":"deco","id":"Pilllar1","ox":300,"time":121,"angle":75,"oy":180,"sprite":"GRIMMP1.png"},{"angle":165,"g":0,"b":0,"r":0,"type":"setColor","color":3,"time":121},{"r":0,"b":0,"duration":2,"time":121.5,"angle":150,"g":0,"type":"setColor","color":2,"ease":"inSine"},{"r":255,"b":0,"duration":0.25,"time":124.875,"angle":60,"g":0,"type":"setColor","color":2,"ease":"outExpo"},{"r":0,"b":0,"duration":1.25,"time":125.5,"angle":60,"g":0,"type":"setColor","color":2,"ease":"inSine"},{"duration":0.25,"r":255,"type":"setColor","angle":45,"color":2,"ease":"outExpo","time":126.875},{"r":30,"b":0,"duration":2,"time":121.5,"angle":135,"g":0,"type":"setColor","color":0,"ease":"inSine"},{"r":90,"b":0,"duration":0.25,"time":124.875,"angle":75,"g":0,"type":"setColor","color":0,"ease":"outExpo"},{"r":30,"b":0,"duration":1.25,"time":125.5,"angle":45,"g":0,"type":"setColor","color":0,"ease":"inSine"},{"r":120,"b":0,"duration":0.25,"time":126.875,"angle":60,"g":0,"type":"setColor","color":0,"ease":"outExpo"},{"r":0,"b":0,"duration":1,"time":127.5,"angle":75,"g":0,"type":"setColor","color":2,"ease":"inSine"},{"r":40,"b":0,"duration":1,"time":127.5,"angle":60,"g":0,"type":"setColor","color":0,"ease":"inSine"},{"duration":0.25,"type":"setColor","angle":45,"ease":"outExpo","r":255,"color":2,"time":128.875},{"r":120,"b":0,"duration":0.25,"time":128.875,"angle":60,"g":0,"type":"setColor","color":0,"ease":"outExpo"},{"r":0,"b":0,"duration":2.5,"time":129.5,"angle":75,"g":0,"type":"setColor","color":2,"ease":"inSine"},{"r":5,"b":0,"duration":2.5,"time":129.5,"angle":90,"g":0,"type":"setColor","color":0,"ease":"inSine"},{"drawLayer":"bg","type":"deco","id":"GRIMMP2","ox":300,"time":132.625,"angle":135,"oy":180,"sprite":"GRIMMP2.png"},{"duration":0.25,"type":"setColor","angle":105,"ease":"outExpo","r":255,"color":2,"time":132.875},{"r":0,"b":0,"duration":0.25,"time":133,"angle":105,"g":0,"type":"setColor","color":2,"ease":"inSine"},{"duration":0.25,"type":"setColor","angle":105,"ease":"outExpo","r":255,"color":2,"time":133.54166666667},{"r":0,"b":0,"duration":0.25,"time":133.66666666667,"angle":105,"g":0,"type":"setColor","color":2,"ease":"inSine"},{"drawLayer":"bg","type":"deco","id":"GRIMMP3","ox":300,"time":133.375,"angle":135,"oy":180,"sprite":"GRIMMP3.png"},{"duration":0.25,"type":"setColor","angle":105,"ease":"outExpo","r":255,"color":2,"time":134.20832824707},{"r":0,"b":0,"duration":0.25,"time":134.33332824707,"angle":105,"g":0,"type":"setColor","color":2,"ease":"inSine"},{"drawLayer":"bg","type":"deco","id":"GRIMMP4","ox":300,"time":134,"angle":135,"oy":180,"sprite":"GRIMMP4.png"},{"duration":0.25,"type":"setColor","angle":105,"ease":"outExpo","r":255,"color":2,"time":134.875},{"r":0,"b":0,"duration":0.25,"time":135,"angle":105,"g":0,"type":"setColor","color":2,"ease":"inSine"},{"drawLayer":"bg","type":"deco","id":"GRIMMP5","ox":300,"time":134.75,"angle":135,"oy":180,"sprite":"GRIMMP5.png"},{"duration":0.25,"type":"setColor","angle":105,"ease":"outExpo","r":255,"color":2,"time":135.5},{"r":0,"b":0,"duration":0.25,"time":135.625,"angle":105,"g":0,"type":"setColor","color":2,"ease":"inSine"},{"drawLayer":"bg","type":"deco","id":"GRIMMP6","ox":300,"time":135.375,"angle":135,"oy":180,"sprite":"GRIMMP6.png"},{"color":2,"r":255,"type":"setColor","angle":105,"duration":0.25,"ease":"outExpo","time":136.125},{"r":0,"b":0,"duration":0.25,"time":136.25,"angle":105,"g":0,"type":"setColor","color":2,"ease":"inSine"},{"drawLayer":"bg","type":"deco","id":"GRIMMP7","ox":300,"time":136,"angle":135,"oy":180,"sprite":"GRIMMP7.png"},{"duration":0.25,"type":"setColor","angle":105,"ease":"outExpo","r":255,"color":2,"time":136.875},{"r":120,"b":0,"duration":0.25,"time":136.875,"angle":120,"g":0,"type":"setColor","color":0,"ease":"outExpo"},{"r":0,"b":0,"duration":2.5,"time":137.5,"angle":105,"g":0,"type":"setColor","color":2,"ease":"inSine"},{"r":40,"b":0,"duration":2.5,"time":137.5,"angle":120,"g":0,"type":"setColor","color":0,"ease":"inSine"},{"drawLayer":"bg","type":"deco","id":"GRIMMP1.1","ox":300,"time":136.75,"angle":135,"oy":180,"sprite":"GRIMMP1.png"},{"color":2,"angle":105,"r":255,"type":"setColor","duration":0.25,"ease":"outExpo","time":140.875},{"r":120,"b":0,"duration":0.25,"time":140.875,"angle":120,"g":0,"type":"setColor","color":0,"ease":"outExpo"},{"r":0,"b":0,"duration":2.5,"time":141.5,"angle":105,"g":0,"type":"setColor","color":2,"ease":"inSine"},{"r":40,"b":0,"duration":2.5,"time":141.5,"angle":120,"g":0,"type":"setColor","color":0,"ease":"inSine"},{"duration":0.25,"type":"setColor","angle":105,"ease":"outExpo","r":255,"color":2,"time":144.875},{"r":120,"b":0,"duration":0.25,"time":144.875,"angle":120,"g":0,"type":"setColor","color":0,"ease":"outExpo"},{"r":0,"b":0,"duration":2.5,"time":145.5,"angle":105,"g":0,"type":"setColor","color":2,"ease":"inSine"},{"r":31,"b":0,"duration":2.5,"time":145.5,"angle":75,"g":0,"type":"setColor","color":0,"ease":"inSine"},{"duration":0.25,"type":"setColor","angle":105,"ease":"outExpo","r":255,"color":2,"time":148.875},{"r":120,"b":0,"duration":0.25,"time":148.875,"angle":120,"g":0,"type":"setColor","color":0,"ease":"outExpo"},{"r":0,"b":0,"duration":3,"time":149.5,"angle":105,"g":0,"type":"setColor","color":2,"ease":"inSine"},{"r":30,"b":0,"duration":3,"time":149.5,"angle":120,"g":0,"type":"setColor","color":0,"ease":"inSine"},{"value":1.2500002384186,"var":"scrollSpeed","type":"ease","duration":1,"angle":255,"ease":"outSine","time":149},{"duration":0.25,"type":"setColor","angle":135,"ease":"outExpo","r":255,"color":2,"time":153},{"r":130,"b":0,"duration":1,"time":151,"angle":135,"g":0,"type":"setColor","color":0,"ease":"inSine"},{"drawLayer":"bg","type":"deco","id":"GRIMMA1","ox":300,"time":152.875,"angle":150,"oy":180,"sprite":"GRIMMF1.png"},{"drawLayer":"bg","type":"deco","id":"GRIMMA2","ox":300,"time":153.375,"angle":150,"oy":180,"sprite":"GRIMMF2.png"},{"drawLayer":"bg","type":"deco","id":"GRIMMA3","ox":300,"time":153.875,"angle":150,"oy":180,"sprite":"GRIMMF3.png"},{"drawLayer":"bg","type":"deco","id":"GRIMMA4","ox":300,"time":154.375,"angle":150,"oy":180,"sprite":"GRIMMF4.png"},{"drawLayer":"bg","type":"deco","id":"GRIMMA5","ox":300,"time":154.875,"angle":150,"oy":180,"sprite":"GRIMMF5.png"},{"drawLayer":"bg","type":"deco","id":"GRIMMA6","ox":300,"time":155.375,"angle":150,"oy":180,"sprite":"GRIMMF6.png"},{"drawLayer":"bg","type":"deco","id":"GRIMMA7","ox":300,"time":155.875,"angle":150,"oy":180,"sprite":"GRIMMF7.png"},{"drawLayer":"bg","type":"deco","id":"GRIMMA8","ox":300,"time":156.375,"angle":150,"oy":180,"sprite":"GRIMMF8.png"},{"drawLayer":"bg","type":"deco","id":"GRIMMA9","ox":300,"time":156.875,"angle":150,"oy":180,"sprite":"GRIMMF9.png"},{"drawLayer":"bg","type":"deco","id":"GRIMMA10","ox":300,"time":157.375,"angle":150,"oy":180,"sprite":"GRIMMF10.png"},{"drawLayer":"bg","type":"deco","id":"GRIMMA11","ox":300,"time":157.875,"angle":150,"oy":180,"sprite":"GRIMMF11.png"},{"drawLayer":"bg","type":"deco","id":"GRIMMA12","ox":300,"time":158.375,"angle":150,"oy":180,"sprite":"GRIMMF12.png"},{"drawLayer":"bg","type":"deco","id":"GRIMMA13","ox":300,"time":158.875,"angle":150,"oy":180,"sprite":"GRIMMF13.png"},{"drawLayer":"bg","type":"deco","id":"GRIMMA14","ox":300,"time":159.375,"angle":150,"oy":180,"sprite":"GRIMMF14.png"},{"drawLayer":"bg","type":"deco","id":"GRIMMA15","ox":300,"time":159.875,"angle":150,"oy":180,"sprite":"GRIMMF15.png"},{"drawLayer":"bg","type":"deco","id":"GRIMMA16","ox":300,"time":160.375,"angle":150,"oy":180,"sprite":"GRIMMF16.png"},{"drawLayer":"bg","type":"deco","id":"GRIMMA17","ox":300,"time":160.875,"angle":150,"oy":180,"sprite":"GRIMMF17.png"},{"duration":0.25,"type":"setColor","angle":135,"ease":"inSine","r":0,"color":2,"time":153.125},{"duration":0.25,"type":"setColor","angle":135,"ease":"outExpo","r":255,"color":2,"time":153.5},{"duration":0.25,"type":"setColor","angle":135,"ease":"inSine","r":0,"color":2,"time":153.625},{"duration":0.25,"type":"setColor","angle":135,"ease":"outExpo","r":255,"color":2,"time":154},{"duration":0.25,"type":"setColor","angle":135,"ease":"inSine","r":0,"color":2,"time":154.125},{"duration":0.25,"type":"setColor","angle":135,"ease":"outExpo","r":255,"color":2,"time":154.5},{"duration":0.25,"type":"setColor","angle":135,"ease":"inSine","r":0,"color":2,"time":154.625},{"duration":0.25,"type":"setColor","angle":135,"ease":"outExpo","r":255,"color":2,"time":155},{"duration":0.25,"type":"setColor","angle":135,"ease":"inSine","r":0,"color":2,"time":155.125},{"duration":0.25,"type":"setColor","angle":135,"ease":"outExpo","r":255,"color":2,"time":155.5},{"duration":0.25,"type":"setColor","angle":135,"ease":"inSine","r":0,"color":2,"time":155.625},{"duration":0.25,"type":"setColor","angle":135,"ease":"outExpo","r":255,"color":2,"time":156},{"duration":0.25,"type":"setColor","angle":135,"ease":"inSine","r":0,"color":2,"time":156.125},{"duration":0.25,"type":"setColor","angle":135,"ease":"outExpo","r":255,"color":2,"time":156.5},{"duration":0.25,"type":"setColor","angle":135,"ease":"inSine","r":0,"color":2,"time":156.625},{"duration":0.25,"type":"setColor","angle":135,"ease":"outExpo","r":255,"color":2,"time":157},{"duration":0.25,"type":"setColor","angle":135,"ease":"inSine","r":0,"color":2,"time":157.125},{"duration":0.25,"type":"setColor","angle":135,"ease":"outExpo","r":255,"color":2,"time":157.5},{"duration":0.25,"type":"setColor","angle":135,"ease":"inSine","r":0,"color":2,"time":157.625},{"duration":0.25,"type":"setColor","angle":135,"ease":"outExpo","r":255,"color":2,"time":158},{"duration":0.25,"type":"setColor","angle":135,"ease":"inSine","r":0,"color":2,"time":158.125},{"duration":0.25,"type":"setColor","angle":135,"ease":"outExpo","r":255,"color":2,"time":158.5},{"duration":0.25,"type":"setColor","angle":135,"ease":"inSine","r":0,"color":2,"time":158.625},{"duration":0.25,"type":"setColor","angle":135,"ease":"outExpo","r":255,"color":2,"time":159},{"duration":0.25,"type":"setColor","angle":135,"ease":"inSine","r":0,"color":2,"time":159.125},{"duration":0.25,"type":"setColor","angle":135,"ease":"outExpo","r":255,"color":2,"time":159.5},{"duration":0.25,"type":"setColor","angle":135,"ease":"inSine","r":0,"color":2,"time":159.625},{"duration":0.25,"type":"setColor","angle":135,"ease":"outExpo","r":255,"color":2,"time":160},{"duration":0.25,"type":"setColor","angle":135,"ease":"inSine","r":0,"color":2,"time":160.125},{"duration":0.25,"type":"setColor","angle":135,"ease":"outExpo","r":255,"color":2,"time":160.5},{"duration":0.25,"type":"setColor","angle":135,"ease":"inSine","r":0,"color":2,"time":160.625},{"duration":0.25,"type":"setColor","angle":135,"ease":"outExpo","r":255,"color":2,"time":161},{"duration":0.25,"type":"setColor","angle":135,"ease":"inSine","r":0,"color":2,"time":161.125},{"duration":0.25,"type":"setColor","angle":135,"ease":"outExpo","r":255,"color":2,"time":161.5},{"r":120,"b":0,"duration":0.25,"time":161.5,"angle":150,"g":0,"type":"setColor","color":0,"ease":"outExpo"},{"drawLayer":"bg","type":"deco","id":"GRIMMA16.1","ox":300,"time":161.375,"angle":150,"oy":180,"sprite":"GRIMMF16.png"},{"drawLayer":"bg","type":"deco","id":"GRIMMA15.1","ox":300,"time":161.875,"angle":150,"oy":180,"sprite":"GRIMMF15.png"},{"drawLayer":"bg","type":"deco","id":"GRIMMA14.1","ox":300,"time":162.375,"angle":150,"oy":180,"sprite":"GRIMMF14.png"},{"drawLayer":"bg","type":"deco","id":"GRIMMA13.1","ox":300,"time":162.875,"angle":150,"oy":180,"sprite":"GRIMMF13.png"},{"drawLayer":"bg","type":"deco","id":"GRIMMA12.1","ox":300,"time":163.375,"angle":150,"oy":180,"sprite":"GRIMMF12.png"},{"drawLayer":"bg","type":"deco","id":"GRIMMA11.1","ox":300,"time":163.875,"angle":150,"oy":180,"sprite":"GRIMMF11.png"},{"drawLayer":"bg","type":"deco","id":"GRIMMA10.1","ox":300,"time":164.375,"angle":150,"oy":180,"sprite":"GRIMMF10.png"},{"drawLayer":"bg","type":"deco","id":"GRIMMA9.1","ox":300,"time":164.875,"angle":150,"oy":180,"sprite":"GRIMMF9.png"},{"drawLayer":"bg","type":"deco","id":"GRIMMA8.1","ox":300,"time":165.375,"angle":150,"oy":180,"sprite":"GRIMMF8.png"},{"drawLayer":"bg","type":"deco","id":"GRIMMA7.1","ox":300,"time":165.875,"angle":150,"oy":180,"sprite":"GRIMMF7.png"},{"drawLayer":"bg","type":"deco","id":"GRIMMA6.1","ox":300,"time":166.375,"angle":150,"oy":180,"sprite":"GRIMMF6.png"},{"drawLayer":"bg","type":"deco","id":"GRIMMA5.1","ox":300,"time":166.875,"angle":150,"oy":180,"sprite":"GRIMMF5.png"},{"drawLayer":"bg","type":"deco","id":"GRIMMA4.1","ox":300,"time":167.375,"angle":150,"oy":180,"sprite":"GRIMMF4.png"},{"drawLayer":"bg","type":"deco","id":"GRIMMA3.1","ox":300,"time":167.875,"angle":150,"oy":180,"sprite":"GRIMMF3.png"},{"drawLayer":"bg","type":"deco","id":"GRIMMA2.1","ox":300,"time":168.375,"angle":150,"oy":180,"sprite":"GRIMMF2.png"},{"drawLayer":"bg","type":"deco","id":"GRIMMA1.1","ox":300,"time":168.875,"angle":150,"oy":180,"sprite":"GRIMMF1.png"},{"drawLayer":"bg","type":"deco","id":"GRIMM0.1","ox":300,"time":169.0625,"angle":150,"oy":180,"sprite":"GRIMMP8.png"},{"duration":0.25,"type":"setColor","angle":135,"ease":"inSine","r":0,"color":2,"time":161.625},{"duration":0.25,"type":"setColor","angle":135,"ease":"outExpo","r":255,"color":2,"time":162},{"duration":0.25,"type":"setColor","angle":135,"ease":"inSine","r":0,"color":2,"time":162.125},{"duration":0.25,"type":"setColor","angle":135,"ease":"outExpo","r":255,"color":2,"time":162.5},{"duration":0.25,"type":"setColor","angle":135,"ease":"inSine","r":0,"color":2,"time":162.625},{"duration":0.25,"type":"setColor","angle":135,"ease":"outExpo","r":255,"color":2,"time":163},{"duration":0.25,"type":"setColor","angle":135,"ease":"inSine","r":0,"color":2,"time":163.125},{"duration":0.25,"type":"setColor","angle":135,"ease":"outExpo","r":255,"color":2,"time":163.5},{"duration":0.25,"type":"setColor","angle":135,"ease":"inSine","r":0,"color":2,"time":163.625},{"duration":0.25,"type":"setColor","angle":135,"ease":"outExpo","r":255,"color":2,"time":164},{"duration":0.25,"type":"setColor","angle":135,"ease":"inSine","r":0,"color":2,"time":164.125},{"duration":0.25,"type":"setColor","angle":135,"ease":"outExpo","r":255,"color":2,"time":164.5},{"duration":0.25,"type":"setColor","angle":135,"ease":"inSine","r":0,"color":2,"time":164.625},{"duration":0.25,"type":"setColor","angle":135,"ease":"outExpo","r":255,"color":2,"time":165},{"duration":0.25,"type":"setColor","angle":135,"ease":"inSine","r":0,"color":2,"time":165.125},{"duration":0.25,"type":"setColor","angle":135,"ease":"outExpo","r":255,"color":2,"time":165.5},{"duration":0.25,"type":"setColor","angle":135,"ease":"inSine","r":0,"color":2,"time":165.625},{"duration":0.25,"type":"setColor","angle":135,"ease":"outExpo","r":255,"color":2,"time":166},{"duration":0.25,"type":"setColor","angle":135,"ease":"inSine","r":0,"color":2,"time":166.125},{"duration":0.25,"type":"setColor","angle":135,"ease":"outExpo","r":255,"color":2,"time":166.5},{"duration":0.25,"type":"setColor","angle":135,"ease":"inSine","r":0,"color":2,"time":166.625},{"duration":0.25,"type":"setColor","angle":135,"ease":"outExpo","r":255,"color":2,"time":167},{"duration":0.25,"type":"setColor","angle":135,"ease":"inSine","r":0,"color":2,"time":167.125},{"duration":0.25,"type":"setColor","angle":135,"ease":"outExpo","r":255,"color":2,"time":167.5},{"duration":0.25,"type":"setColor","angle":135,"ease":"inSine","r":0,"color":2,"time":167.625},{"duration":0.25,"type":"setColor","angle":135,"ease":"outExpo","r":255,"color":2,"time":168},{"duration":0.25,"type":"setColor","angle":135,"ease":"inSine","r":0,"color":2,"time":168.125},{"duration":0.25,"type":"setColor","angle":135,"ease":"outExpo","r":255,"color":2,"time":168.5},{"duration":0.25,"type":"setColor","angle":135,"ease":"inSine","r":0,"color":2,"time":168.625},{"duration":0.25,"type":"setColor","angle":135,"ease":"outExpo","r":255,"color":2,"time":169},{"duration":0.25,"type":"setColor","angle":135,"ease":"outExpo","r":255,"color":2,"time":169.125},{"duration":1,"type":"setColor","angle":135,"ease":"inSine","r":0,"color":2,"time":169.25},{"duration":0.25,"type":"setColor","angle":135,"ease":"outExpo","r":255,"color":2,"time":171.5},{"duration":0.75,"type":"setColor","angle":135,"ease":"inSine","r":0,"color":2,"time":171.625},{"duration":0.25,"type":"setColor","angle":135,"ease":"outExpo","r":255,"color":2,"time":172.5},{"duration":0.25,"type":"setColor","angle":135,"ease":"inSine","r":0,"color":2,"time":172.625},{"duration":0.25,"type":"setColor","angle":135,"ease":"outExpo","r":255,"color":2,"time":173},{"duration":1,"type":"setColor","angle":135,"ease":"inSine","r":0,"color":2,"time":173.125},{"drawLayer":"bg","type":"deco","id":"GRIMMP9","ox":300,"time":172.375,"angle":150,"oy":180,"sprite":"GRIMMP9.png"},{"drawLayer":"bg","type":"deco","id":"GRIMMP1.12","ox":300,"time":172.875,"angle":150,"oy":180,"sprite":"GRIMMP1.png"},{"enabled":true,"newAngle":0,"duration":0,"time":153.08332824707,"angle":225,"paddle":1,"ease":"linear","newWidth":70,"type":"paddles"},{"duration":0,"angle":240,"type":"paddles","paddle":2,"enabled":false,"ease":"linear","time":153.08332824707},{"duration":0,"angle":270,"type":"paddles","paddle":4,"enabled":false,"ease":"linear","time":153.08332824707},{"ease":"linear","type":"paddles","enabled":false,"paddle":3,"angle":255,"duration":0,"time":153.08332824707},{"duration":0.25,"type":"setColor","angle":135,"ease":"outExpo","r":255,"color":2,"time":173.375},{"drawLayer":"bg","type":"deco","id":"GRIMMA1.2","ox":300,"time":173.3125,"angle":150,"oy":180,"sprite":"GRIMMF1.png"},{"drawLayer":"bg","type":"deco","id":"GRIMMA2.2","ox":300,"time":173.75,"angle":150,"oy":180,"sprite":"GRIMMF2.png"},{"drawLayer":"bg","type":"deco","id":"GRIMMA3.2","ox":300,"time":174.25,"angle":150,"oy":180,"sprite":"GRIMMF3.png"},{"drawLayer":"bg","type":"deco","id":"GRIMMA4.2","ox":300,"time":174.75,"angle":150,"oy":180,"sprite":"GRIMMF4.png"},{"drawLayer":"bg","type":"deco","id":"GRIMMA5.2","ox":300,"time":175.3125,"angle":150,"oy":180,"sprite":"GRIMMF5.png"},{"drawLayer":"bg","type":"deco","id":"GRIMMA6.2","ox":300,"time":175.8125,"angle":150,"oy":180,"sprite":"GRIMMF6.png"},{"drawLayer":"bg","type":"deco","id":"GRIMMA7.2","ox":300,"time":176.3125,"angle":150,"oy":180,"sprite":"GRIMMF7.png"},{"drawLayer":"bg","type":"deco","id":"GRIMMA8.2","ox":300,"time":176.8125,"angle":150,"oy":180,"sprite":"GRIMMF8.png"},{"drawLayer":"bg","type":"deco","id":"GRIMMA9.2","ox":300,"time":177.3125,"angle":150,"oy":180,"sprite":"GRIMMF9.png"},{"drawLayer":"bg","type":"deco","id":"GRIMMA10.2","ox":300,"time":177.8125,"angle":150,"oy":180,"sprite":"GRIMMF10.png"},{"drawLayer":"bg","type":"deco","id":"GRIMMA11.2","ox":300,"time":178.3125,"angle":150,"oy":180,"sprite":"GRIMMF11.png"},{"drawLayer":"bg","type":"deco","id":"GRIMMA12.2","ox":300,"time":178.8125,"angle":150,"oy":180,"sprite":"GRIMMF12.png"},{"drawLayer":"bg","type":"deco","id":"GRIMMA13.2","ox":300,"time":179.3125,"angle":150,"oy":180,"sprite":"GRIMMF13.png"},{"drawLayer":"bg","type":"deco","id":"GRIMMA14.2","ox":300,"time":179.8125,"angle":150,"oy":180,"sprite":"GRIMMF14.png"},{"drawLayer":"bg","type":"deco","id":"GRIMMA15.2","ox":300,"time":180.3125,"angle":150,"oy":180,"sprite":"GRIMMF15.png"},{"drawLayer":"bg","type":"deco","id":"GRIMMA16.2","ox":300,"time":180.8125,"angle":150,"oy":180,"sprite":"GRIMMF16.png"},{"drawLayer":"bg","type":"deco","id":"GRIMMA17.2","ox":300,"time":181.3125,"angle":150,"oy":180,"sprite":"GRIMMF17.png"},{"duration":0.25,"type":"setColor","angle":135,"ease":"inSine","r":0,"color":2,"time":173.5},{"duration":0.25,"type":"setColor","angle":135,"ease":"outExpo","r":255,"color":2,"time":173.875},{"duration":0.25,"type":"setColor","angle":135,"ease":"inSine","r":0,"color":2,"time":174},{"duration":0.25,"type":"setColor","angle":135,"ease":"outExpo","r":255,"color":2,"time":174.375},{"duration":0.25,"type":"setColor","angle":135,"ease":"inSine","r":0,"color":2,"time":174.5},{"duration":0.25,"type":"setColor","angle":135,"ease":"outExpo","r":255,"color":2,"time":174.875},{"duration":0.25,"type":"setColor","angle":135,"ease":"inSine","r":0,"color":2,"time":175},{"duration":0.25,"type":"setColor","angle":135,"ease":"outExpo","r":255,"color":2,"time":175.4375},{"duration":0.25,"type":"setColor","angle":135,"ease":"inSine","r":0,"color":2,"time":175.5625},{"duration":0.25,"type":"setColor","angle":135,"ease":"outExpo","r":255,"color":2,"time":175.9375},{"duration":0.25,"type":"setColor","angle":135,"ease":"inSine","r":0,"color":2,"time":176.0625},{"duration":0.25,"type":"setColor","angle":135,"ease":"outExpo","r":255,"color":2,"time":176.4375},{"duration":0.25,"type":"setColor","angle":135,"ease":"inSine","r":0,"color":2,"time":176.5625},{"duration":0.25,"type":"setColor","angle":135,"ease":"outExpo","r":255,"color":2,"time":176.9375},{"duration":0.25,"type":"setColor","angle":135,"ease":"inSine","r":0,"color":2,"time":177.0625},{"duration":0.25,"type":"setColor","angle":135,"ease":"outExpo","r":255,"color":2,"time":177.4375},{"duration":0.25,"type":"setColor","angle":135,"ease":"inSine","r":0,"color":2,"time":177.5625},{"duration":0.25,"type":"setColor","angle":135,"ease":"outExpo","r":255,"color":2,"time":177.9375},{"duration":0.25,"type":"setColor","angle":135,"ease":"inSine","r":0,"color":2,"time":178.0625},{"duration":0.25,"type":"setColor","angle":135,"ease":"outExpo","r":255,"color":2,"time":178.4375},{"duration":0.25,"type":"setColor","angle":135,"ease":"inSine","r":0,"color":2,"time":178.5625},{"duration":0.25,"type":"setColor","angle":135,"ease":"outExpo","r":255,"color":2,"time":178.9375},{"duration":0.25,"type":"setColor","angle":135,"ease":"inSine","r":0,"color":2,"time":179.0625},{"duration":0.25,"type":"setColor","angle":135,"ease":"outExpo","r":255,"color":2,"time":179.4375},{"duration":0.25,"type":"setColor","angle":135,"ease":"inSine","r":0,"color":2,"time":179.5625},{"duration":0.25,"type":"setColor","angle":135,"ease":"outExpo","r":255,"color":2,"time":179.9375},{"duration":0.25,"type":"setColor","angle":135,"ease":"inSine","r":0,"color":2,"time":180.0625},{"duration":0.25,"type":"setColor","angle":135,"ease":"outExpo","r":255,"color":2,"time":180.4375},{"duration":0.25,"type":"setColor","angle":135,"ease":"inSine","r":0,"color":2,"time":180.5625},{"duration":0.25,"type":"setColor","angle":135,"ease":"outExpo","r":255,"color":2,"time":180.9375},{"duration":0.25,"type":"setColor","angle":135,"ease":"inSine","r":0,"color":2,"time":181.0625},{"duration":0.25,"type":"setColor","angle":135,"ease":"outExpo","r":255,"color":2,"time":181.4375},{"duration":0.25,"type":"setColor","angle":135,"ease":"inSine","r":0,"color":2,"time":181.5625},{"duration":0.25,"type":"setColor","angle":135,"ease":"outExpo","r":255,"color":2,"time":181.9375},{"r":120,"b":0,"duration":0.25,"time":181.9375,"angle":150,"g":0,"type":"setColor","color":0,"ease":"outExpo"},{"drawLayer":"bg","type":"deco","id":"GRIMMA16.3","ox":300,"time":181.8125,"angle":150,"oy":180,"sprite":"GRIMMF16.png"},{"drawLayer":"bg","type":"deco","id":"GRIMMA15.3","ox":300,"time":182.3125,"angle":150,"oy":180,"sprite":"GRIMMF15.png"},{"drawLayer":"bg","type":"deco","id":"GRIMMA14.3","ox":300,"time":182.8125,"angle":150,"oy":180,"sprite":"GRIMMF14.png"},{"drawLayer":"bg","type":"deco","id":"GRIMMA13.3","ox":300,"time":183.3125,"angle":150,"oy":180,"sprite":"GRIMMF13.png"},{"drawLayer":"bg","type":"deco","id":"GRIMMA12.2","ox":300,"time":183.8125,"angle":150,"oy":180,"sprite":"GRIMMF12.png"},{"drawLayer":"bg","type":"deco","id":"GRIMMA11.3","ox":300,"time":184.3125,"angle":150,"oy":180,"sprite":"GRIMMF11.png"},{"duration":0.25,"type":"setColor","angle":135,"ease":"inSine","r":0,"color":2,"time":182.0625},{"duration":0.25,"type":"setColor","angle":135,"ease":"outExpo","r":255,"color":2,"time":182.4375},{"duration":0.25,"type":"setColor","angle":135,"ease":"inSine","r":0,"color":2,"time":182.5625},{"duration":0.25,"type":"setColor","angle":135,"ease":"outExpo","r":255,"color":2,"time":182.9375},{"duration":0.25,"type":"setColor","angle":135,"ease":"inSine","r":0,"color":2,"time":183.0625},{"duration":0.25,"type":"setColor","angle":135,"ease":"outExpo","r":255,"color":2,"time":183.4375},{"duration":0.25,"type":"setColor","angle":135,"ease":"inSine","r":0,"color":2,"time":183.5625},{"duration":0.25,"type":"setColor","angle":135,"ease":"outExpo","r":255,"color":2,"time":183.9375},{"duration":0.25,"type":"setColor","angle":135,"ease":"inSine","r":0,"color":2,"time":184.0625},{"duration":0.25,"type":"setColor","angle":135,"ease":"outExpo","r":255,"color":2,"time":184.4375},{"duration":0.25,"type":"setColor","angle":135,"ease":"inSine","r":0,"color":2,"time":184.5625},{"drawLayer":"bg","type":"deco","id":"GRIMM0.3","ox":300,"time":184.8125,"angle":150,"oy":180,"sprite":"GRIMMP8.png"},{"duration":0.25,"type":"setColor","angle":135,"ease":"outExpo","r":255,"color":2,"time":184.9375},{"duration":1,"type":"setColor","angle":135,"ease":"inSine","r":0,"color":2,"time":185.0625},{"duration":0.25,"type":"setColor","angle":120,"ease":"outExpo","r":255,"color":2,"time":186.9375},{"duration":0.625,"type":"setColor","angle":120,"ease":"inSine","r":0,"color":2,"time":187.0625},{"drawLayer":"bg","type":"deco","id":"GRIMMP1s","ox":300,"time":186.8125,"angle":135,"oy":180,"sprite":"GRIMMP1.png"},{"duration":0.25,"type":"setColor","angle":120,"ease":"outExpo","r":255,"color":2,"time":187.9375},{"duration":0.625,"type":"setColor","angle":120,"ease":"inSine","r":0,"color":2,"time":188.0625},{"drawLayer":"bg","type":"deco","id":"GRIMMP9s","ox":300,"time":187.875,"angle":135,"oy":180,"sprite":"GRIMMP9.png"},{"drawLayer":"bg","type":"deco","id":"GRIMM0.4","ox":300,"time":188.8125,"angle":150,"oy":180,"sprite":"GRIMMP8.png"},{"duration":0.25,"type":"setColor","angle":135,"ease":"outExpo","r":255,"color":2,"time":188.9375},{"duration":1,"type":"setColor","angle":135,"ease":"inSine","r":0,"color":2,"time":189.0625},{"drawLayer":"bg","type":"deco","id":"GRIMM0.3","ox":300,"time":190.8125,"angle":150,"oy":180,"sprite":"GRIMMP8.png"},{"duration":0.25,"type":"setColor","angle":135,"ease":"outExpo","r":255,"color":2,"time":190.9375},{"duration":0.625,"type":"setColor","angle":135,"ease":"inSine","r":0,"color":2,"time":191.0625},{"duration":0.25,"type":"setColor","angle":135,"ease":"outExpo","r":255,"color":2,"time":191.9375},{"duration":0.75,"type":"setColor","angle":135,"ease":"inSine","r":0,"color":2,"time":192.0625},{"duration":0.25,"type":"setColor","angle":240,"ease":"outExpo","r":255,"color":2,"time":192.875},{"duration":1.5,"type":"setColor","angle":240,"ease":"inSine","r":0,"color":2,"time":193.125},{"duration":0.25,"type":"setColor","angle":240,"ease":"outExpo","r":255,"color":2,"time":194.875},{"duration":0.75,"type":"setColor","angle":240,"ease":"inSine","r":0,"color":2,"time":195.125},{"duration":0.25,"type":"setColor","angle":240,"ease":"outExpo","r":255,"color":2,"time":195.875},{"duration":0.625,"type":"setColor","angle":240,"ease":"inSine","r":0,"color":2,"time":196.125},{"duration":0.25,"type":"setColor","angle":240,"ease":"outExpo","r":255,"color":2,"time":196.875},{"duration":1.5,"type":"setColor","angle":240,"ease":"inSine","r":0,"color":2,"time":197.125},{"duration":0.25,"type":"setColor","angle":225,"ease":"outExpo","r":255,"color":0,"time":193.875},{"duration":0.75,"type":"setColor","angle":225,"ease":"inSine","r":75,"color":0,"time":194.125},{"duration":0.25,"type":"setColor","angle":225,"ease":"outExpo","r":255,"color":0,"time":196},{"duration":0.75,"type":"setColor","angle":225,"ease":"inSine","r":75,"color":0,"time":196.125},{"duration":0.25,"type":"setColor","angle":225,"ease":"outExpo","r":255,"color":0,"time":198},{"duration":0.5,"type":"setColor","angle":225,"ease":"inSine","r":75,"color":0,"time":198.125},{"duration":0.25,"type":"setColor","angle":225,"ease":"outExpo","r":255,"color":0,"time":200},{"duration":0.5,"type":"setColor","angle":225,"ease":"inSine","r":75,"color":0,"time":200.125},{"duration":0.25,"type":"setColor","angle":225,"ease":"outExpo","r":255,"color":0,"time":202},{"duration":0.5,"type":"setColor","angle":225,"ease":"inSine","r":75,"color":0,"time":202.125},{"duration":0.25,"type":"setColor","angle":225,"ease":"outExpo","r":255,"color":0,"time":204},{"duration":0.5,"type":"setColor","angle":225,"ease":"inSine","r":75,"color":0,"time":204.125},{"duration":0.25,"type":"setColor","angle":345,"ease":"outExpo","r":255,"color":0,"time":169},{"duration":0.75,"type":"setColor","angle":345,"ease":"inSine","r":75,"color":0,"time":169.125},{"duration":0.25,"type":"setColor","angle":0,"ease":"outExpo","r":255,"color":0,"time":171.5},{"duration":0.75,"type":"setColor","angle":360,"ease":"inSine","r":75,"color":0,"time":171.625},{"duration":0.25,"type":"setColor","angle":285,"ease":"outExpo","r":255,"color":0,"time":173},{"duration":0.5,"type":"setColor","angle":285,"ease":"inSine","r":75,"color":0,"time":173.125},{"duration":0.25,"type":"setColor","angle":180,"ease":"outExpo","r":255,"color":0,"time":206},{"duration":0.75,"type":"setColor","angle":180,"ease":"inSine","r":75,"color":0,"time":206.125},{"duration":0.25,"type":"setColor","angle":180,"ease":"outExpo","r":255,"color":0,"time":208},{"duration":0.75,"type":"setColor","angle":180,"ease":"inSine","r":75,"color":0,"time":208.125},{"duration":0.25,"type":"setColor","angle":180,"ease":"outExpo","r":255,"color":0,"time":210},{"duration":0.75,"type":"setColor","angle":180,"ease":"inSine","r":75,"color":0,"time":210.125},{"duration":0.25,"type":"setColor","angle":180,"ease":"outExpo","r":255,"color":0,"time":212},{"duration":0.75,"type":"setColor","angle":180,"ease":"inSine","r":75,"color":0,"time":212.125},{"duration":0.25,"type":"setColor","angle":180,"ease":"outExpo","r":255,"color":0,"time":214},{"duration":0.75,"type":"setColor","angle":180,"ease":"inSine","r":75,"color":0,"time":214.125},{"duration":0.25,"type":"setColor","angle":180,"ease":"outExpo","r":255,"color":0,"time":216},{"duration":0.75,"type":"setColor","angle":180,"ease":"inSine","r":75,"color":0,"time":216.125},{"duration":0.25,"type":"setColor","angle":180,"ease":"outExpo","r":255,"color":0,"time":217.875},{"duration":0.75,"type":"setColor","angle":180,"ease":"inSine","r":75,"color":0,"time":218.125},{"duration":0.25,"type":"setColor","angle":180,"ease":"outExpo","r":255,"color":0,"time":220},{"duration":0.75,"type":"setColor","angle":180,"ease":"inSine","r":75,"color":0,"time":220.125},{"duration":0.25,"type":"setColor","angle":270,"ease":"outExpo","r":255,"color":2,"time":198.875},{"duration":0.625,"type":"setColor","angle":270,"ease":"inSine","r":0,"color":2,"time":199.125},{"duration":0.25,"type":"setColor","angle":270,"ease":"outExpo","r":255,"color":2,"time":199.875},{"duration":0.625,"type":"setColor","angle":270,"ease":"inSine","r":0,"color":2,"time":200.125},{"drawLayer":"bg","type":"deco","id":"G1","ox":300,"time":198.75,"angle":270,"oy":180,"sprite":"GRIMMP1.png"},{"drawLayer":"bg","type":"deco","id":"G9","ox":300,"time":199.75,"angle":270,"oy":180,"sprite":"GRIMMP9.png"},{"duration":0.25,"type":"setColor","angle":-90,"ease":"outExpo","r":255,"color":2,"time":200.875},{"duration":3.75,"type":"setColor","angle":-90,"ease":"inSine","r":0,"color":2,"time":201.125},{"drawLayer":"bg","type":"deco","id":"G8","ox":300,"time":200.75,"angle":270,"oy":180,"sprite":"GRIMMP8.png"},{"duration":0.25,"type":"setColor","angle":-150,"ease":"outExpo","r":255,"color":2,"time":204.875},{"duration":3.75,"type":"setColor","angle":-150,"ease":"inSine","r":0,"color":2,"time":205.125},{"duration":0.25,"type":"setColor","angle":270,"ease":"outExpo","r":255,"color":2,"time":209},{"duration":0.75,"type":"setColor","angle":-90,"ease":"inSine","r":0,"color":2,"time":209.125},{"drawLayer":"bg","type":"deco","id":"P6","ox":300,"time":208.875,"angle":270,"oy":180,"sprite":"GRIMMP6.png"},{"duration":0.25,"type":"setColor","angle":270,"ease":"outExpo","r":255,"color":2,"time":211},{"duration":0.625,"type":"setColor","angle":-90,"ease":"inSine","r":0,"color":2,"time":211.125},{"drawLayer":"bg","type":"deco","id":"P8.1","ox":300,"time":210.875,"angle":270,"oy":180,"sprite":"GRIMMP8.png"},{"duration":0.25,"type":"setColor","angle":270,"ease":"outExpo","r":255,"color":2,"time":212},{"duration":0.75,"type":"setColor","angle":-90,"ease":"inSine","r":0,"color":2,"time":212.125},{"drawLayer":"bg","type":"deco","id":"P9.1","ox":300,"time":211.875,"angle":270,"oy":180,"sprite":"GRIMMP9.png"},{"duration":0.25,"type":"setColor","angle":270,"ease":"outExpo","r":255,"color":2,"time":213},{"duration":1.5,"type":"setColor","angle":-90,"ease":"inSine","r":0,"color":2,"time":213.125},{"drawLayer":"bg","type":"deco","id":"Pp8","ox":300,"time":212.875,"angle":270,"oy":180,"sprite":"GRIMMP8.png"},{"duration":0.25,"type":"setColor","angle":270,"ease":"outExpo","r":255,"color":2,"time":215},{"color":2,"type":"setColor","r":0,"angle":-90,"ease":"inSine","duration":0.75,"time":215.125},{"drawLayer":"bg","type":"deco","id":"Pp8","ox":300,"time":214.875,"angle":270,"oy":180,"sprite":"GRIMMP8.png"},{"duration":0.25,"type":"setColor","angle":270,"ease":"outExpo","r":255,"color":2,"time":216},{"duration":0.75,"type":"setColor","angle":-90,"ease":"inSine","r":0,"color":2,"time":216.125},{"duration":0.25,"type":"setColor","angle":270,"ease":"outExpo","r":255,"color":2,"time":217},{"duration":1.5,"type":"setColor","angle":-90,"ease":"inSine","r":0,"color":2,"time":217.125},{"drawLayer":"bg","type":"deco","id":"T1","ox":300,"time":216.875,"angle":270,"oy":180,"sprite":"GRIMMT1.png"},{"duration":0.25,"type":"setColor","angle":270,"ease":"outExpo","r":255,"color":2,"time":219},{"color":2,"type":"setColor","r":0,"angle":-90,"ease":"inSine","duration":1.5,"time":219.125},{"duration":0.25,"type":"setColor","angle":270,"ease":"outExpo","r":255,"color":2,"time":221},{"color":2,"type":"setColor","r":0,"angle":-90,"ease":"inSine","duration":1.75,"time":221.125},{"drawLayer":"bg","type":"deco","id":"TP9","ox":300,"time":218.875,"angle":270,"oy":180,"sprite":"GRIMMP8.png"},{"drawLayer":"bg","type":"deco","id":"T2","ox":300,"time":220.875,"angle":270,"oy":180,"sprite":"GRIMMT1.png"},{"color":0,"type":"setColor","r":255,"angle":180,"ease":"outExpo","duration":0.25,"time":222},{"duration":0.75,"type":"setColor","angle":180,"ease":"inSine","r":75,"color":0,"time":222.125},{"color":0,"type":"setColor","r":255,"angle":180,"ease":"outExpo","duration":0.25,"time":223},{"duration":0.375,"type":"setColor","angle":180,"ease":"inSine","r":75,"color":0,"time":223.125},{"color":0,"type":"setColor","r":255,"angle":180,"ease":"outExpo","duration":0.25,"time":226},{"duration":0.75,"type":"setColor","angle":180,"ease":"inSine","r":75,"color":0,"time":226.125},{"color":0,"type":"setColor","r":255,"angle":180,"ease":"outExpo","duration":0.25,"time":223.625},{"duration":0.375,"type":"setColor","angle":180,"ease":"inSine","r":75,"color":0,"time":223.75},{"color":0,"type":"setColor","r":255,"angle":180,"ease":"outExpo","duration":0.25,"time":224.25},{"duration":0.375,"type":"setColor","angle":180,"ease":"inSine","r":75,"color":0,"time":224.375},{"drawLayer":"bg","type":"deco","id":"Fw","ox":300,"time":222.875,"angle":195,"oy":180,"sprite":"GRIMMP6.png"},{"drawLayer":"bg","type":"deco","id":"fwd","ox":300,"time":223.5,"angle":195,"oy":180,"sprite":"GRIMMP9.png"},{"drawLayer":"bg","type":"deco","id":"fwdw","ox":300,"time":224.125,"angle":195,"oy":180,"sprite":"GRIMMT1.png"},{"duration":0.25,"type":"setColor","angle":195,"ease":"outExpo","r":255,"color":2,"time":223},{"color":2,"type":"setColor","r":0,"angle":195,"ease":"inSine","duration":0.375,"time":223.125},{"duration":0.25,"type":"setColor","angle":195,"ease":"outExpo","r":255,"color":2,"time":223.625},{"color":2,"type":"setColor","r":0,"angle":195,"ease":"inSine","duration":0.375,"time":223.75},{"duration":0.25,"type":"setColor","angle":195,"ease":"outExpo","r":255,"color":2,"time":224.25},{"color":2,"type":"setColor","r":0,"angle":195,"ease":"inSine","duration":0.375,"time":224.375},{"duration":0.25,"type":"setColor","angle":180,"ease":"outExpo","r":255,"color":0,"time":225},{"color":0,"type":"setColor","r":75,"angle":180,"ease":"inSine","duration":0.375,"time":225.125},{"drawLayer":"bg","type":"deco","id":"fwdws","ox":300,"time":224.875,"angle":195,"oy":180,"sprite":"GRIMMP8.png"},{"color":2,"type":"setColor","r":255,"angle":195,"ease":"outExpo","duration":0.25,"time":225},{"duration":1.375,"type":"setColor","angle":195,"ease":"inSine","r":0,"color":2,"time":225.125},{"duration":0.25,"type":"setColor","angle":180,"ease":"outExpo","r":255,"color":0,"time":228},{"color":0,"type":"setColor","r":75,"angle":180,"ease":"inSine","duration":0.75,"time":228.125},{"duration":0.25,"type":"setColor","angle":180,"ease":"outExpo","r":255,"color":0,"time":230},{"color":0,"type":"setColor","r":75,"angle":180,"ease":"inSine","duration":0.75,"time":230.125},{"duration":0.25,"type":"setColor","angle":180,"ease":"outExpo","r":255,"color":0,"time":232},{"color":0,"type":"setColor","r":75,"angle":180,"ease":"inSine","duration":0.75,"time":232.125},{"duration":0.25,"type":"setColor","angle":180,"ease":"outExpo","r":255,"color":0,"time":234},{"color":0,"type":"setColor","r":75,"angle":180,"ease":"inSine","duration":0.75,"time":234.125},{"duration":0.25,"type":"setColor","angle":180,"ease":"outExpo","r":255,"color":0,"time":236},{"color":0,"type":"setColor","r":75,"angle":180,"ease":"inSine","duration":0.75,"time":236.125},{"drawLayer":"bg","type":"deco","id":"T2s","ox":300,"time":226.875,"angle":195,"oy":180,"sprite":"GRIMMT2.png"},{"duration":0.25,"type":"setColor","angle":195,"ease":"outExpo","r":255,"color":2,"time":227},{"color":2,"type":"setColor","r":0,"angle":195,"ease":"inSine","duration":0.625,"time":227.125},{"drawLayer":"bg","type":"deco","id":"P7s","ox":300,"time":227.875,"angle":195,"oy":180,"sprite":"GRIMMP7.png"},{"color":2,"type":"setColor","r":255,"angle":195,"ease":"outExpo","duration":0.25,"time":228},{"duration":0.625,"type":"setColor","angle":195,"ease":"inSine","r":0,"color":2,"time":228.125},{"drawLayer":"bg","type":"deco","id":"T2ss","ox":300,"time":228.875,"angle":195,"oy":180,"sprite":"GRIMMP9.png"},{"color":2,"type":"setColor","r":255,"angle":195,"ease":"outExpo","duration":0.25,"time":229},{"duration":1.625,"type":"setColor","angle":195,"ease":"inSine","r":0,"color":2,"time":229.125},{"drawLayer":"bg","type":"deco","id":"T2sas","ox":300,"time":230.875,"angle":195,"oy":180,"sprite":"GRIMMP8.png"},{"color":2,"type":"setColor","r":255,"angle":195,"ease":"outExpo","duration":0.25,"time":231},{"duration":0.625,"type":"setColor","angle":195,"ease":"inSine","r":0,"color":2,"time":231.125},{"drawLayer":"bg","type":"deco","id":"T4woekfj","ox":300,"time":231.875,"angle":195,"oy":180,"sprite":"GRIMMT4.png"},{"color":2,"type":"setColor","r":255,"angle":195,"ease":"outExpo","duration":0.25,"time":232},{"duration":0.625,"type":"setColor","angle":195,"ease":"inSine","r":0,"color":2,"time":232.125},{"drawLayer":"bg","type":"deco","id":"T3","ox":300,"time":232.875,"angle":195,"oy":180,"sprite":"GRIMMT3.png"},{"color":2,"type":"setColor","r":255,"angle":195,"ease":"outExpo","duration":0.25,"time":233},{"duration":3.5,"type":"setColor","angle":195,"ease":"inSine","r":0,"color":2,"time":233.125},{"drawLayer":"bg","type":"deco","id":"T8sd","ox":300,"time":236.875,"angle":195,"oy":180,"sprite":"GRIMMP8.png"},{"color":2,"type":"setColor","r":255,"angle":195,"ease":"outExpo","duration":0.25,"time":237},{"duration":3.5,"type":"setColor","angle":195,"ease":"inSine","r":0,"color":2,"time":237.125},{"duration":0.25,"type":"setColor","angle":105,"ease":"outExpo","r":255,"color":0,"time":239},{"color":0,"type":"setColor","r":75,"angle":105,"ease":"inSine","duration":0.25,"time":239.08332824707},{"duration":0.25,"type":"setColor","angle":105,"ease":"outExpo","r":255,"color":0,"time":239.33332824707},{"color":0,"type":"setColor","r":75,"angle":105,"ease":"inSine","duration":0.25,"time":239.41667175293},{"duration":0.25,"type":"setColor","angle":105,"ease":"outExpo","r":255,"color":0,"time":239.66667175293},{"color":0,"type":"setColor","r":75,"angle":105,"ease":"inSine","duration":0.25,"time":239.75},{"duration":0.25,"type":"setColor","angle":105,"ease":"outExpo","r":255,"color":0,"time":240},{"color":0,"type":"setColor","r":75,"angle":105,"ease":"inSine","duration":0.25,"time":240.08332824707},{"color":0,"type":"setColor","r":255,"angle":180,"ease":"outExpo","duration":0.25,"time":238},{"duration":0.75,"type":"setColor","angle":180,"ease":"inSine","r":75,"color":0,"time":238.125},{"color":0,"type":"setColor","r":255,"angle":180,"ease":"outExpo","duration":0.25,"time":242},{"duration":0.75,"type":"setColor","angle":180,"ease":"inSine","r":75,"color":0,"time":242.125},{"color":0,"type":"setColor","r":255,"angle":180,"ease":"outExpo","duration":0.25,"time":244},{"duration":0.75,"type":"setColor","angle":180,"ease":"inSine","r":75,"color":0,"time":244.125},{"color":0,"type":"setColor","r":255,"angle":180,"ease":"outExpo","duration":0.25,"time":246},{"duration":0.75,"type":"setColor","angle":180,"ease":"inSine","r":75,"color":0,"time":246.125},{"color":0,"type":"setColor","r":255,"angle":180,"ease":"outExpo","duration":0.25,"time":248},{"duration":0.75,"type":"setColor","angle":180,"ease":"inSine","r":75,"color":0,"time":248.125},{"color":0,"type":"setColor","r":255,"angle":180,"ease":"outExpo","duration":0.25,"time":250},{"duration":0.75,"type":"setColor","angle":180,"ease":"inSine","r":75,"color":0,"time":250.125},{"color":0,"type":"setColor","r":255,"angle":180,"ease":"outExpo","duration":0.25,"time":252},{"duration":0.75,"type":"setColor","angle":180,"ease":"inSine","r":75,"color":0,"time":252.125},{"color":0,"type":"setColor","r":255,"angle":180,"ease":"outExpo","duration":0.25,"time":254},{"duration":0.75,"type":"setColor","angle":180,"ease":"inSine","r":75,"color":0,"time":254.125},{"color":0,"type":"setColor","r":255,"angle":180,"ease":"outExpo","duration":0.25,"time":256},{"duration":0.75,"type":"setColor","angle":180,"ease":"inSine","r":75,"color":0,"time":256.125},{"color":0,"type":"setColor","r":255,"angle":180,"ease":"outExpo","duration":0.25,"time":258},{"duration":0.75,"type":"setColor","angle":180,"ease":"inSine","r":75,"color":0,"time":258.125},{"color":0,"type":"setColor","r":255,"angle":180,"ease":"outExpo","duration":0.25,"time":260},{"duration":0.75,"type":"setColor","angle":180,"ease":"inSine","r":75,"color":0,"time":260.125},{"color":0,"type":"setColor","r":255,"angle":180,"ease":"outExpo","duration":0.25,"time":262},{"duration":0.75,"type":"setColor","angle":180,"ease":"inSine","r":75,"color":0,"time":262.125},{"color":0,"type":"setColor","r":255,"angle":180,"ease":"outExpo","duration":0.25,"time":264},{"duration":0.75,"type":"setColor","angle":180,"ease":"inSine","r":75,"color":0,"time":264.125},{"drawLayer":"bg","type":"deco","id":"T8sd","ox":300,"time":240.875,"angle":225,"oy":180,"sprite":"GRIMMP8.png"},{"duration":0.25,"type":"setColor","angle":225,"ease":"outExpo","r":255,"color":2,"time":241},{"color":2,"type":"setColor","r":0,"angle":225,"ease":"inSine","duration":1.5,"time":241.125},{"drawLayer":"bg","type":"deco","id":"T8sdas","ox":300,"time":243.875,"angle":225,"oy":180,"sprite":"GRIMMT3.png"},{"color":2,"type":"setColor","r":255,"angle":225,"ease":"outExpo","duration":0.25,"time":244},{"duration":0.625,"type":"setColor","angle":225,"ease":"inSine","r":0,"color":2,"time":244.125},{"drawLayer":"bg","type":"deco","id":"T8wkodfnwedj","ox":300,"time":242.875,"angle":225,"oy":180,"sprite":"GRIMMT1.png"},{"color":2,"type":"setColor","r":255,"angle":225,"ease":"outExpo","duration":0.25,"time":243},{"duration":0.625,"type":"setColor","angle":225,"ease":"inSine","r":0,"color":2,"time":243.125},{"drawLayer":"bg","type":"deco","id":"T8sdedjfhe","ox":300,"time":244.875,"angle":225,"oy":180,"sprite":"GRIMMP1.png"},{"color":2,"type":"setColor","r":255,"angle":225,"ease":"outExpo","duration":0.25,"time":245},{"duration":1.5,"type":"setColor","angle":225,"ease":"inSine","r":0,"color":2,"time":245.125},{"drawLayer":"bg","type":"deco","id":"T8sdasdAd","ox":300,"time":246.875,"angle":225,"oy":180,"sprite":"GRIMMT1.png"},{"color":2,"type":"setColor","r":255,"angle":225,"ease":"outExpo","duration":0.25,"time":247},{"duration":0.625,"type":"setColor","angle":225,"ease":"inSine","r":0,"color":2,"time":247.125},{"drawLayer":"bg","type":"deco","id":"T8sd2342134234","ox":300,"time":247.875,"angle":225,"oy":180,"sprite":"GRIMMP9.png"},{"color":2,"type":"setColor","r":255,"angle":225,"ease":"outExpo","duration":0.25,"time":248},{"duration":0.625,"type":"setColor","angle":225,"ease":"inSine","r":0,"color":2,"time":248.125},{"drawLayer":"bg","type":"deco","id":"T8sduyhwedfuwj","ox":300,"time":248.875,"angle":225,"oy":180,"sprite":"GRIMMP8.png"},{"duration":0.25,"type":"setColor","angle":225,"ease":"outExpo","r":255,"color":2,"time":249},{"color":2,"type":"setColor","r":0,"angle":225,"ease":"inSine","duration":1.5,"time":249.125},{"drawLayer":"bg","type":"deco","id":"T8sd78923ynm","ox":300,"time":250.875,"angle":225,"oy":180,"sprite":"GRIMMT3.png"},{"duration":0.25,"type":"setColor","angle":225,"ease":"outExpo","r":255,"color":2,"time":251},{"color":2,"type":"setColor","r":0,"angle":225,"ease":"inSine","duration":1.5,"time":251.125},{"drawLayer":"bg","type":"deco","id":"T8sd12321","ox":300,"time":252.875,"angle":225,"oy":180,"sprite":"GRIMMP8.png"},{"color":2,"type":"setColor","r":255,"angle":225,"ease":"outExpo","duration":0.25,"time":253},{"duration":3.5,"type":"setColor","angle":225,"ease":"inSine","r":0,"color":2,"time":253.125},{"drawLayer":"bg","type":"deco","id":"T8sderf81","ox":300,"time":256.875,"angle":225,"oy":180,"sprite":"GRIMMT3.png"},{"color":2,"type":"setColor","r":255,"angle":225,"ease":"outExpo","duration":0.25,"time":257},{"duration":1.5,"type":"setColor","angle":225,"ease":"inSine","r":0,"color":2,"time":257.125},{"drawLayer":"bg","type":"deco","id":"T8sdsdfsdf","ox":300,"time":258.875,"angle":255,"oy":180,"sprite":"GRIMMT4.png"},{"color":2,"type":"setColor","r":255,"angle":255,"ease":"outExpo","duration":0.25,"time":259},{"duration":1.5,"type":"setColor","angle":255,"ease":"inSine","r":0,"color":2,"time":259.125},{"drawLayer":"bg","type":"deco","id":"T8sd234234wsd","ox":300,"time":260.875,"angle":225,"oy":180,"sprite":"GRIMMP8.png"},{"color":2,"type":"setColor","r":255,"angle":225,"ease":"outExpo","duration":0.25,"time":261},{"duration":3.5,"type":"setColor","angle":225,"ease":"inSine","r":0,"color":2,"time":261.125},{"drawLayer":"bg","type":"deco","id":"T902384hj","ox":300,"time":264.875,"angle":225,"oy":180,"sprite":"GRIMMT3.png"},{"duration":0.25,"type":"setColor","angle":225,"ease":"outExpo","r":255,"color":2,"time":265},{"color":2,"type":"setColor","r":0,"angle":225,"ease":"inSine","duration":1.5,"time":265.125},{"drawLayer":"bg","type":"deco","id":"T80349ujnkedfjnksdfsdfcnjik","ox":300,"time":266.875,"angle":225,"oy":180,"sprite":"GRIMMP1.png"},{"duration":0.25,"type":"setColor","angle":225,"ease":"outExpo","r":255,"color":2,"time":267},{"color":2,"type":"setColor","r":0,"angle":225,"ease":"inSine","duration":0.625,"time":267.125},{"drawLayer":"bg","type":"deco","id":"T912938jn","ox":300,"time":267.875,"angle":225,"oy":180,"sprite":"GRIMMP9.png"},{"duration":0.25,"type":"setColor","angle":225,"ease":"outExpo","r":255,"color":2,"time":268},{"color":2,"type":"setColor","r":0,"angle":225,"ease":"inSine","duration":0.625,"time":268.125},{"drawLayer":"bg","type":"deco","id":"8123h","ox":300,"time":268.875,"angle":225,"oy":180,"sprite":"GRIMMP8.png"},{"duration":0.25,"type":"setColor","angle":225,"ease":"outExpo","r":255,"color":2,"time":269},{"color":2,"type":"setColor","r":0,"angle":225,"ease":"inSine","duration":1.5,"time":269.125},{"drawLayer":"bg","type":"deco","id":"T120-39","ox":300,"time":270.875,"angle":225,"oy":180,"sprite":"GRIMMT2.png"},{"color":2,"type":"setColor","r":255,"angle":225,"ease":"outExpo","duration":0.25,"time":271},{"duration":0.625,"type":"setColor","angle":225,"ease":"inSine","r":0,"color":2,"time":271.125},{"drawLayer":"bg","type":"deco","id":"T123983","ox":300,"time":271.875,"angle":225,"oy":180,"sprite":"GRIMMT4.png"},{"color":2,"type":"setColor","r":255,"angle":225,"ease":"outExpo","duration":0.25,"time":272},{"duration":0.625,"type":"setColor","angle":225,"ease":"inSine","r":0,"color":2,"time":272.125},{"drawLayer":"bg","type":"deco","id":"91239hjn","ox":300,"time":272.875,"angle":225,"oy":180,"sprite":"GRIMMT3.png"},{"color":2,"type":"setColor","r":255,"angle":225,"ease":"outExpo","duration":0.25,"time":273},{"duration":3.5,"type":"setColor","angle":225,"ease":"inSine","r":0,"color":2,"time":273.125},{"drawLayer":"bg","type":"deco","id":"GRIMMP2123","ox":300,"time":284.75,"angle":135,"oy":180,"sprite":"GRIMMP2.png"},{"color":2,"type":"setColor","r":255,"angle":105,"ease":"outExpo","duration":0.25,"time":285},{"r":0,"b":0,"duration":0.25,"time":285.125,"angle":105,"g":0,"type":"setColor","color":2,"ease":"inSine"},{"color":2,"type":"setColor","r":255,"angle":105,"ease":"outExpo","duration":0.25,"time":285.66666666667},{"r":0,"b":0,"duration":0.25,"time":285.79165649414,"angle":105,"g":0,"type":"setColor","color":2,"ease":"inSine"},{"drawLayer":"bg","type":"deco","id":"GRIMMP212334","ox":300,"time":285.5,"angle":135,"oy":180,"sprite":"GRIMMP3.png"},{"color":2,"type":"setColor","r":255,"angle":105,"ease":"outExpo","duration":0.25,"time":286.33331298828},{"r":0,"b":0,"duration":0.25,"time":286.45831298828,"angle":105,"g":0,"type":"setColor","color":2,"ease":"inSine"},{"drawLayer":"bg","type":"deco","id":"GRIMMP4234","ox":300,"time":286.125,"angle":135,"oy":180,"sprite":"GRIMMP4.png"},{"color":2,"type":"setColor","r":255,"angle":105,"ease":"outExpo","duration":0.25,"time":287},{"r":0,"b":0,"duration":0.25,"time":287.125,"angle":105,"g":0,"type":"setColor","color":2,"ease":"inSine"},{"drawLayer":"bg","type":"deco","id":"GRIMMP5123","ox":300,"time":286.875,"angle":135,"oy":180,"sprite":"GRIMMP5.png"},{"color":2,"type":"setColor","r":255,"angle":105,"ease":"outExpo","duration":0.25,"time":287.625},{"r":0,"b":0,"duration":0.25,"time":287.75,"angle":105,"g":0,"type":"setColor","color":2,"ease":"inSine"},{"drawLayer":"bg","type":"deco","id":"GRIMMP65677","ox":300,"time":287.5,"angle":135,"oy":180,"sprite":"GRIMMP6.png"},{"color":2,"type":"setColor","r":255,"angle":105,"ease":"outExpo","duration":0.25,"time":288.25},{"r":0,"b":0,"duration":0.25,"time":288.375,"angle":105,"g":0,"type":"setColor","color":2,"ease":"inSine"},{"drawLayer":"bg","type":"deco","id":"GRIMMP73123","ox":300,"time":288.125,"angle":135,"sprite":"GRIMMP7.png","oy":180},{"color":2,"type":"setColor","r":255,"angle":105,"ease":"outExpo","duration":0.25,"time":289},{"drawLayer":"bg","type":"deco","id":"GRIMMP1.16","ox":300,"time":288.875,"angle":135,"sprite":"GRIMMP1.png","oy":180},{"drawLayer":"bg","type":"deco","id":"91239hjn45","ox":300,"time":276.875,"angle":225,"oy":180,"sprite":"GRIMMP6.png"},{"duration":0.25,"type":"setColor","angle":225,"ease":"outExpo","r":255,"color":2,"time":277},{"color":2,"type":"setColor","r":0,"angle":225,"ease":"inSine","duration":1.5,"time":277.125},{"drawLayer":"bg","type":"deco","id":"91239hjn123","ox":300,"time":278.875,"angle":225,"oy":180,"sprite":"GRIMMT4.png"},{"duration":0.25,"type":"setColor","angle":225,"ease":"outExpo","r":255,"color":2,"time":279},{"color":2,"type":"setColor","r":0,"angle":225,"ease":"inSine","duration":1.5,"time":279.125},{"drawLayer":"bg","type":"deco","id":"91239hjn123","ox":300,"time":280.875,"angle":225,"oy":180,"sprite":"GRIMMP8.png"},{"duration":0.25,"type":"setColor","angle":225,"ease":"outExpo","r":255,"color":2,"time":281},{"color":2,"type":"setColor","r":0,"angle":225,"ease":"inSine","duration":3.5,"time":281.125},{"duration":0.25,"type":"setColor","angle":180,"ease":"outExpo","r":255,"color":0,"time":266},{"color":0,"type":"setColor","r":75,"angle":180,"ease":"inSine","duration":0.75,"time":266.125},{"duration":0.25,"type":"setColor","angle":180,"ease":"outExpo","r":255,"color":0,"time":268},{"color":0,"type":"setColor","r":75,"angle":180,"ease":"inSine","duration":0.75,"time":268.125},{"duration":0.25,"type":"setColor","angle":180,"ease":"outExpo","r":255,"color":0,"time":270},{"color":0,"type":"setColor","r":75,"angle":180,"ease":"inSine","duration":0.75,"time":270.125},{"duration":0.25,"type":"setColor","angle":180,"ease":"outExpo","r":255,"color":0,"time":272},{"color":0,"type":"setColor","r":75,"angle":180,"ease":"inSine","duration":0.75,"time":272.125},{"duration":0.25,"type":"setColor","angle":180,"ease":"outExpo","r":255,"color":0,"time":274},{"color":0,"type":"setColor","r":75,"angle":180,"ease":"inSine","duration":0.75,"time":274.125},{"duration":0.25,"type":"setColor","angle":180,"ease":"outExpo","r":255,"color":0,"time":276},{"color":0,"type":"setColor","r":75,"angle":180,"ease":"inSine","duration":0.75,"time":276.125},{"duration":0.25,"type":"setColor","angle":180,"ease":"outExpo","r":255,"color":0,"time":278},{"color":0,"type":"setColor","r":75,"angle":180,"ease":"inSine","duration":0.75,"time":278.125},{"duration":0.25,"type":"setColor","angle":180,"ease":"outExpo","r":255,"color":0,"time":280},{"color":0,"type":"setColor","r":75,"angle":180,"ease":"inSine","duration":0.75,"time":280.125},{"duration":0.25,"type":"setColor","angle":180,"ease":"outExpo","r":255,"color":0,"time":282},{"color":0,"type":"setColor","r":75,"angle":180,"ease":"inSine","duration":0.75,"time":282.125},{"duration":0.25,"type":"setColor","angle":180,"ease":"outExpo","r":255,"color":0,"time":284},{"color":0,"type":"setColor","r":39,"angle":180,"ease":"inSine","duration":0.75,"time":284.125},{"duration":0.25,"type":"setColor","angle":180,"ease":"outExpo","r":255,"color":0,"time":290},{"color":0,"type":"setColor","r":75,"angle":180,"ease":"inSine","duration":0.75,"time":290.125},{"duration":0.25,"type":"setColor","angle":180,"ease":"outExpo","r":255,"color":0,"time":285},{"color":0,"type":"setColor","r":0,"angle":180,"ease":"inSine","duration":0.24999995529652,"time":285.125},{"duration":0.25,"type":"setColor","angle":180,"ease":"outExpo","r":255,"color":0,"time":287},{"color":0,"type":"setColor","r":0,"angle":180,"ease":"inSine","duration":0.24999995529652,"time":287.125},{"duration":0.25,"type":"setColor","angle":180,"ease":"outExpo","r":255,"color":0,"time":287.625},{"color":0,"type":"setColor","r":0,"angle":180,"ease":"inSine","duration":0.25,"time":287.75},{"duration":0.25,"type":"setColor","angle":180,"ease":"outExpo","r":255,"color":0,"time":288.25},{"color":0,"type":"setColor","r":38,"angle":180,"ease":"inSine","duration":0.25,"time":288.375},{"duration":0.25,"type":"setColor","angle":180,"ease":"outExpo","r":255,"color":0,"time":286.33331298828},{"r":0,"b":0,"duration":0.25,"time":286.45831298828,"angle":180,"g":0,"type":"setColor","color":0,"ease":"inSine"},{"color":0,"type":"setColor","r":255,"angle":180,"ease":"outExpo","duration":0.25,"time":285.66665649414},{"r":0,"b":0,"duration":0.25,"time":285.79165649414,"angle":180,"g":0,"type":"setColor","color":0,"ease":"inSine"},{"duration":3.625,"type":"setColor","angle":105,"ease":"inSine","r":0,"color":2,"time":289.125},{"enabled":true,"newAngle":180,"duration":0,"time":273,"angle":90,"paddle":2,"ease":"linear","newWidth":70,"type":"paddles"},{"color":0,"angle":150,"r":255,"type":"setColor","duration":0.25,"ease":"outExpo","time":292},{"duration":0.75,"r":75,"angle":150,"ease":"inSine","type":"setColor","color":0,"time":292.125},{"duration":0.25,"type":"setColor","angle":180,"ease":"outExpo","r":255,"color":0,"time":294},{"color":0,"type":"setColor","r":0,"angle":180,"ease":"inSine","duration":0.75,"time":294.125},{"color":0,"angle":180,"r":255,"type":"setColor","duration":0.25,"ease":"outExpo","time":296},{"color":0,"type":"setColor","r":0,"angle":180,"ease":"inSine","duration":0.75,"time":296.125},{"color":0,"angle":180,"r":255,"type":"setColor","duration":0.25,"ease":"outExpo","time":298},{"color":0,"type":"setColor","r":30,"angle":180,"ease":"inSine","duration":0.75,"time":298.125},{"r":255,"b":0,"duration":0.25,"time":293,"angle":90,"g":0,"type":"setColor","color":3,"ease":"outExpo"},{"angle":75,"type":"setBgColor","color":3,"time":292.75},{"drawLayer":"bg","type":"deco","id":"GRIMMP1.16","ox":300,"sprite":"GRIMMP1.png","angle":30,"time":292.75,"oy":180,"hide":true},{"drawLayer":"bg","type":"deco","id":"GRIMMP73123","ox":300,"oy":180,"angle":15,"time":292.75,"sprite":"GRIMMP7.png","hide":true},{"drawLayer":"bg","type":"deco","id":"GRIMMP65677","ox":300,"sprite":"GRIMMP6.png","angle":0,"time":292.75,"oy":180,"hide":true},{"drawLayer":"bg","type":"deco","id":"GRIMMP1.16123","ox":300,"time":292.875,"angle":75,"sprite":"GRIMMFF.png","oy":180},{"r":5,"b":0,"duration":1,"time":293.125,"angle":90,"g":0,"type":"setColor","color":3,"ease":"inSine"},{"r":0,"b":0,"duration":0.25,"time":292.625,"angle":75,"g":0,"type":"setColor","color":0,"ease":"inSine"},{"r":255,"b":0,"duration":0.25,"time":295,"angle":90,"g":0,"type":"setColor","color":3,"ease":"outExpo"},{"r":5,"b":0,"duration":1,"time":295.125,"angle":90,"g":0,"ease":"inSine","color":3,"type":"setColor"},{"r":255,"b":0,"duration":0.25,"time":297,"angle":75,"g":0,"type":"setColor","color":3,"ease":"outExpo"},{"r":5,"b":0,"duration":1,"time":297.125,"angle":75,"g":0,"ease":"inSine","color":3,"type":"setColor"},{"r":255,"b":0,"duration":0.25,"time":299,"angle":45,"g":0,"type":"setColor","color":3,"ease":"outExpo"},{"r":5,"b":0,"duration":1,"time":299.125,"angle":45,"g":0,"ease":"inSine","color":3,"type":"setColor"},{"r":255,"b":0,"duration":0.25,"time":301,"angle":90,"g":0,"type":"setColor","color":3,"ease":"outExpo"},{"r":0,"b":0,"duration":1,"time":301.125,"angle":90,"g":0,"ease":"inSine","color":3,"type":"setColor"},{"color":0,"type":"setColor","r":255,"angle":180,"duration":0.25,"ease":"outExpo","time":300},{"color":0,"type":"setColor","r":0,"angle":180,"ease":"inSine","duration":0.75,"time":300.125},{"ease":"outExpo","r":255,"angle":165,"color":1,"type":"setColor","duration":0.25,"time":300},{"color":1,"type":"setColor","r":30,"angle":165,"ease":"inSine","duration":0.75,"time":300.125},{"color":0,"type":"setColor","r":255,"angle":240,"duration":0.25,"ease":"outExpo","time":301},{"color":1,"type":"setColor","r":255,"angle":225,"duration":0.25,"ease":"outExpo","time":301},{"r":0,"b":0,"duration":3.75,"time":301.125,"angle":240,"g":0,"type":"setColor","color":0,"ease":"inSine"},{"r":0,"b":0,"duration":3.75,"time":301.125,"angle":225,"g":0,"type":"setColor","color":1,"ease":"inSine"},{"drawLayer":"fg","type":"deco","id":"grim11","ox":300,"time":305,"angle":360,"sprite":"GRIMM22.png","oy":180},{"r":6,"b":0,"duration":2,"time":305.125,"angle":345,"g":0,"type":"setColor","color":3,"ease":"inSine"},{"r":176,"b":0,"duration":2,"time":305.125,"angle":330,"g":0,"type":"setColor","color":2,"ease":"inSine"},{"r":255,"b":255,"duration":2,"time":305.125,"angle":315,"g":255,"type":"setColor","color":0,"ease":"inSine"},{"type":"showResults","angle":360,"time":312},{"r":0,"b":0,"duration":0.625,"time":13,"angle":150,"g":0,"ease":"inSine","color":1,"type":"setColor"},{"type":"setColor","angle":90,"r":40,"color":0,"time":136.125}],"properties":{"loadBeat":-1,"offset":4,"startBeat":0,"speed":145,"formatversion":12},"metadata":{"songName":"The Grimm Troupe","artistLink":"","difficulty":0,"description":"\"Through dream I travel, at lantern's call,\nTo consume the flames of a kingdom's fall.\"\n\n- Grimm","bgData":{"image":"NKG1.png","redChannel":{"r":219,"g":12,"b":12},"blueChannel":{"r":50,"g":14,"b":15}},"charter":"","artist":"Christopher Larkin","bg":true}}