[{"time":2,"type":"side","angle":255},{"time":2.25,"angle":240,"angle2":330,"duration":0.75,"type":"hold","holdEase":"inQuad"},{"time":3.5,"type":"block","angle":360},{"time":4,"type":"side","angle":330},{"time":4.25,"angle":315,"angle2":405,"duration":0.75,"type":"hold","holdEase":"inQuad"},{"time":5.5,"type":"block","angle":75},{"time":6,"type":"side","angle":45},{"time":6.25,"angle":30,"angle2":120,"duration":0.75,"type":"hold","holdEase":"inQuad"},{"time":7.5,"type":"block","angle":150},{"time":8,"type":"side","angle":120},{"time":8.5,"type":"block","angle":90},{"time":9,"type":"side","angle":60},{"time":9.5,"type":"block","angle":30},{"time":10,"type":"side","angle":360},{"time":10.25,"angle":345,"angle2":435,"duration":0.75,"type":"hold"},{"time":11.5,"type":"block","angle":105},{"time":12,"type":"side","angle":75},{"time":12.25,"angle":60,"angle2":150,"duration":0.75,"type":"hold","holdEase":"inQuad"},{"time":13.5,"type":"block","angle":180},{"time":14,"type":"side","angle":150},{"time":14.25,"angle":135,"angle2":225,"duration":0.75,"type":"hold","holdEase":"inQuad"},{"time":15.5,"type":"block","angle":240},{"time":16,"type":"side","angle":210},{"time":16.5,"type":"block","angle":180},{"time":17,"type":"side","angle":150},{"time":17.5,"type":"block","angle":120},{"time":16.5,"angle":0,"angle2":0,"duration":0.5,"type":"mineHold","speedMult":3},{"time":16.5,"angle":30,"angle2":30,"duration":0.5,"type":"mineHold","speedMult":3},{"time":16.5,"angle":60,"angle2":60,"duration":0.5,"type":"mineHold","speedMult":3},{"time":16.5,"angle":90,"angle2":90,"duration":0.5,"type":"mineHold","speedMult":3},{"time":16.5,"angle":120,"angle2":120,"duration":0.5,"type":"mineHold","speedMult":3},{"time":17,"angle":360,"angle2":360,"duration":0.5,"type":"mineHold","speedMult":3},{"time":17,"angle":330,"angle2":330,"duration":0.5,"type":"mineHold","speedMult":3},{"time":17,"angle":300,"angle2":300,"duration":0.5,"type":"mineHold","speedMult":3},{"time":17,"angle":270,"angle2":270,"duration":0.5,"type":"mineHold","speedMult":3},{"time":17,"angle":240,"angle2":240,"duration":0.5,"type":"mineHold","speedMult":3},{"time":18,"type":"side","angle":90},{"time":18.25,"angle":75,"angle2":105,"duration":0.25,"type":"hold"},{"time":18.5,"angle":105,"angle2":60,"duration":0.5,"type":"hold"},{"time":19,"angle":60,"angle2":90,"duration":0.5,"type":"hold"},{"time":20,"type":"side","angle":90},{"time":21,"type":"side","angle":330},{"speedMult":2,"time":20.5,"holdEase":"inSine","angle2":120,"duration":0.5,"type":"mineHold","angle":30},{"time":20.25,"angle":30,"angle2":120,"duration":1,"type":"mineHold"},{"time":20.75,"angle":30,"angle2":120,"duration":0.25,"type":"mineHold","speedMult":3},{"time":21.25,"angle":30,"angle2":-60,"duration":1,"type":"mineHold"},{"speedMult":2,"time":21.5,"holdEase":"inSine","angle2":-60,"duration":0.5,"type":"mineHold","angle":30},{"time":21.75,"angle":30,"angle2":-60,"duration":0.25,"type":"mineHold","speedMult":3},{"time":22,"type":"side","angle":210},{"time":22.25,"angle":225,"angle2":195,"duration":0.25,"type":"hold"},{"time":22.5,"angle":195,"angle2":240,"duration":0.5,"type":"hold"},{"time":23,"angle":240,"angle2":210,"duration":0.5,"type":"hold"},{"time":24,"type":"side","angle":210},{"time":25,"type":"side","angle":330},{"time":24.25,"angle":270,"angle2":180,"duration":1,"type":"mineHold"},{"speedMult":2,"time":24.5,"holdEase":"inSine","angle2":180,"duration":0.5,"type":"mineHold","angle":270},{"time":24.75,"angle":270,"angle2":180,"duration":0.25,"type":"mineHold","speedMult":3},{"time":25.25,"angle":270,"angle2":360,"duration":1,"type":"mineHold"},{"speedMult":2,"time":25.5,"holdEase":"inSine","angle2":360,"duration":0.5,"type":"mineHold","angle":270},{"time":25.75,"angle":270,"angle2":360,"duration":0.25,"type":"mineHold","speedMult":3},{"time":26,"type":"side","angle":90},{"time":26.25,"angle":75,"angle2":105,"duration":0.25,"type":"hold"},{"time":26.5,"angle":105,"angle2":60,"duration":0.5,"type":"hold"},{"time":27,"angle":60,"angle2":90,"duration":0.5,"type":"hold"},{"time":28,"type":"side","angle":90},{"time":28.25,"angle":30,"angle2":120,"duration":1,"type":"mineHold"},{"speedMult":2,"time":28.5,"holdEase":"inSine","angle2":120,"duration":0.5,"type":"mineHold","angle":30},{"time":28.75,"angle":30,"angle2":120,"duration":0.25,"type":"mineHold","speedMult":3},{"time":29,"type":"side","angle":330},{"time":29.25,"angle":30,"angle2":-60,"duration":1,"type":"mineHold"},{"speedMult":2,"time":29.5,"holdEase":"inSine","angle2":-60,"duration":0.5,"type":"mineHold","angle":30},{"time":29.75,"angle":30,"angle2":-60,"duration":0.25,"type":"mineHold","speedMult":3},{"time":30,"type":"side","angle":210},{"time":30.25,"angle":225,"angle2":195,"duration":0.25,"type":"hold"},{"time":30.5,"angle":195,"angle2":240,"duration":0.5,"type":"hold"},{"time":31,"angle":240,"angle2":210,"duration":0.5,"type":"hold"},{"time":32,"type":"side","angle":210},{"time":32.25,"angle":270,"angle2":180,"duration":1,"type":"mineHold"},{"speedMult":2,"time":32.5,"holdEase":"inSine","angle2":180,"duration":0.5,"type":"mineHold","angle":270},{"time":32.75,"angle":270,"angle2":180,"duration":0.25,"type":"mineHold","speedMult":3},{"time":33,"type":"side","angle":330},{"time":33.25,"angle":270,"angle2":360,"duration":1,"type":"mineHold"},{"speedMult":2,"time":33.5,"holdEase":"inSine","angle2":360,"duration":0.5,"type":"mineHold","angle":270},{"time":33.75,"angle":270,"angle2":360,"duration":0.25,"type":"mineHold","speedMult":3},{"time":34,"type":"side","angle":90},{"time":34.25,"angle":75,"angle2":105,"duration":0.25,"type":"hold"},{"time":34.5,"angle":105,"angle2":60,"duration":0.5,"type":"hold"},{"time":35,"angle":60,"angle2":90,"duration":0.5,"type":"hold"},{"time":36,"type":"side","angle":90},{"time":36.25,"angle":30,"angle2":120,"duration":1,"type":"mineHold"},{"speedMult":2,"time":36.5,"holdEase":"inSine","angle2":120,"duration":0.5,"type":"mineHold","angle":30},{"time":36.75,"angle":30,"angle2":120,"duration":0.25,"type":"mineHold","speedMult":3},{"time":37,"type":"side","angle":330},{"time":37.25,"angle":30,"angle2":-60,"duration":1,"type":"mineHold"},{"speedMult":2,"time":37.5,"holdEase":"inSine","angle2":-60,"duration":0.5,"type":"mineHold","angle":30},{"time":37.75,"angle":30,"angle2":-60,"duration":0.25,"type":"mineHold","speedMult":3},{"time":38,"type":"side","angle":210},{"time":38.25,"angle":225,"angle2":195,"duration":0.25,"type":"hold"},{"time":38.5,"angle":195,"angle2":240,"duration":0.5,"type":"hold"},{"time":39,"angle":240,"angle2":210,"duration":0.5,"type":"hold"},{"time":40,"type":"block","angle":180},{"time":40.25,"type":"block","angle":195},{"time":40.5,"type":"block","angle":165},{"time":40.75,"type":"block","angle":180},{"time":41,"type":"block","angle":150},{"time":42,"type":"side","angle":150},{"time":42.75,"type":"block","angle":210},{"time":43.25,"type":"block","angle":270},{"time":44,"type":"side","angle":330},{"time":44.75,"type":"block","angle":30},{"time":45.25,"type":"block","angle":90},{"time":46,"type":"side","angle":150},{"time":46.75,"type":"block","angle":210},{"time":47.25,"type":"block","angle":270},{"time":48,"type":"side","angle":330},{"time":48.75,"type":"block","angle":30},{"time":49.25,"type":"block","angle":90},{"time":50,"angle":150,"angle2":210,"duration":3,"type":"hold","holdEase":"inBack"},{"time":53,"angle":210,"angle2":-30,"duration":2,"type":"hold","holdEase":"outSine"},{"time":56,"type":"side","angle":30},{"time":19,"angle":90,"speedMult":1.5,"type":"extraTap"},{"time":21,"angle":360,"speedMult":1.5,"type":"extraTap"},{"time":23,"angle":210,"speedMult":1.5,"type":"extraTap"},{"time":25,"angle":360,"speedMult":1.5,"type":"extraTap"},{"time":27,"angle":90,"speedMult":1.5,"type":"extraTap"},{"time":29,"angle":0,"speedMult":1.5,"type":"extraTap"},{"time":31,"angle":210,"speedMult":1.5,"type":"extraTap"},{"time":33,"angle":360,"speedMult":1.5,"type":"extraTap"},{"time":35,"angle":90,"speedMult":1.5,"type":"extraTap"},{"time":37,"angle":360,"speedMult":1.5,"type":"extraTap"},{"time":39,"angle":210,"speedMult":1.5,"type":"extraTap"},{"time":41,"angle":180,"speedMult":1.5,"type":"extraTap"},{"time":43,"angle":270,"speedMult":1.5,"type":"extraTap"},{"time":45,"angle":90,"speedMult":1.5,"type":"extraTap"},{"time":47,"type":"extraTap","angle":270},{"time":49,"type":"extraTap","angle":90},{"time":51,"angle":157.5,"speedMult":1.5,"type":"extraTap"},{"time":53,"angle":180,"speedMult":1.5,"type":"extraTap"},{"time":55,"angle":337.5,"speedMult":1.5,"type":"extraTap"},{"time":56.5,"angle":90,"angle2":0,"duration":0,"type":"mineHold"},{"time":56,"angle":90,"angle2":90,"duration":0.5,"type":"mineHold"},{"time":56.5,"angle":0,"angle2":0,"duration":1,"type":"mineHold"},{"time":57.5,"angle":360,"angle2":270,"duration":0,"type":"mineHold"},{"time":57,"type":"side","angle":300},{"time":58,"type":"side","angle":210},{"time":58.25,"angle":225,"angle2":90,"duration":2.75,"type":"hold","holdEase":"outCirc"},{"time":61,"angle":90,"angle2":-30,"duration":2,"type":"hold","holdEase":"outBack"},{"time":57,"angle":315,"speedMult":1.5,"type":"extraTap"},{"time":59,"angle":90,"speedMult":1.5,"type":"extraTap"},{"time":61,"angle":105,"speedMult":1.5,"type":"extraTap"},{"time":63,"type":"extraTap","angle":315},{"time":63,"angle":330,"angle2":420,"duration":1,"type":"hold","holdEase":"inQuad"},{"time":64.5,"type":"side","angle":120},{"time":65,"type":"side","angle":120},{"time":65.25,"angle":-270,"angle2":-210,"duration":0.75,"type":"hold","holdEase":"outBack"},{"time":65,"type":"extraTap","angle":360},{"time":66,"angle":150,"angle2":0,"duration":3,"type":"hold","holdEase":"inBack"},{"time":67,"angle":150,"speedMult":1.5,"type":"extraTap"},{"time":69,"type":"extraTap","angle":345},{"time":69,"angle":360,"angle2":360,"duration":2,"type":"hold"},{"time":70,"type":"mine","angle":45},{"time":71,"type":"mine","angle":315},{"time":72,"type":"side","angle":30},{"time":72,"angle":90,"angle2":90,"duration":0.5,"type":"mineHold"},{"time":72.5,"angle":90,"angle2":30,"duration":0,"type":"mineHold"},{"time":72.75,"type":"side","angle":360},{"time":71,"angle":345,"speedMult":1.5,"type":"extraTap"},{"time":73,"type":"extraTap","angle":0},{"time":73.25,"type":"block","angle":90},{"time":73.5,"type":"block","angle":105},{"time":73.75,"type":"block","angle":135},{"time":74,"angle":180,"angle2":60,"duration":3,"type":"hold","holdEase":"outQuart"},{"time":75,"angle":60,"speedMult":1.5,"type":"extraTap"},{"time":77,"angle":60,"angle2":-60,"duration":2,"type":"hold","holdEase":"inSine"},{"time":77,"angle":45,"speedMult":1.5,"type":"extraTap"},{"time":79,"angle":315,"speedMult":1.5,"type":"extraTap"},{"time":80,"type":"side","angle":330},{"time":80,"angle":30,"angle2":30,"duration":0.5,"type":"mineHold"},{"time":80.5,"angle":30,"angle2":-60,"duration":0,"type":"mineHold"},{"time":80.5,"angle":300,"angle2":300,"duration":1,"type":"mineHold"},{"time":81.5,"angle":300,"angle2":210,"duration":0,"type":"mineHold"},{"time":81,"type":"side","angle":240},{"time":81,"angle":255,"speedMult":1.5,"type":"extraTap"},{"time":82,"angle":120,"angle2":135,"duration":3,"type":"hold"},{"time":82,"angle":30,"angle2":90,"duration":1,"type":"mineHold"},{"time":83,"angle":90,"angle2":105,"duration":1,"type":"mineHold","holdEase":"outQuint"},{"time":83,"angle":135,"speedMult":1.5,"type":"extraTap"},{"time":85,"angle":135,"angle2":0,"duration":2,"type":"hold","holdEase":"outBack"},{"time":85,"angle":150,"speedMult":1.5,"type":"extraTap"},{"time":87,"angle":345,"speedMult":1.5,"type":"extraTap"},{"time":88,"type":"side","angle":30},{"time":88,"angle":90,"angle2":90,"duration":0.5,"type":"mineHold"},{"time":88.5,"angle":90,"angle2":0,"duration":0,"type":"mineHold"},{"time":88.5,"angle":0,"angle2":0,"duration":1,"type":"mineHold"},{"time":89.5,"angle":360,"angle2":270,"duration":0,"type":"mineHold"},{"time":89,"type":"side","angle":300},{"time":89,"angle":315,"speedMult":1.5,"type":"extraTap"},{"time":89.5,"angle":270,"angle2":270,"duration":1,"type":"mineHold"},{"time":90.5,"angle":270,"angle2":180,"duration":0,"type":"mineHold"},{"time":90,"type":"side","angle":210},{"time":90.5,"angle":180,"angle2":180,"duration":1,"type":"mineHold"},{"time":91.5,"angle":180,"angle2":90,"duration":0,"type":"mineHold"},{"time":91,"type":"side","angle":120},{"time":91,"angle":135,"speedMult":1.5,"type":"extraTap"},{"time":91.5,"angle":90,"angle2":90,"duration":1,"type":"mineHold"},{"time":92.5,"angle":90,"angle2":0,"duration":0,"type":"mineHold"},{"time":92,"type":"side","angle":30},{"time":92.5,"angle":0,"angle2":0,"duration":1,"type":"mineHold"},{"time":93.5,"angle":360,"angle2":270,"duration":0,"type":"mineHold"},{"time":93,"type":"side","angle":300},{"time":93,"angle":315,"speedMult":1.5,"type":"extraTap"},{"time":94,"type":"block","angle":240},{"time":94.5,"type":"block","angle":330},{"time":95,"type":"block","angle":300},{"time":95.5,"type":"block","angle":30},{"time":96,"type":"block","angle":0},{"time":96.5,"type":"block","angle":90},{"time":97,"type":"block","angle":60},{"time":97.5,"type":"block","angle":150},{"time":98,"type":"side","angle":90},{"time":98.25,"angle":90,"angle2":90,"duration":0.25,"type":"mineHold"},{"time":99,"type":"side","angle":90},{"time":99.25,"angle":90,"angle2":90,"duration":0.25,"type":"mineHold"},{"time":100,"type":"side","angle":90},{"time":100.25,"angle":90,"angle2":90,"duration":0.25,"type":"mineHold"},{"time":101,"type":"side","angle":90},{"time":101.25,"angle":90,"angle2":90,"duration":0.25,"type":"mineHold"},{"time":102,"type":"side","angle":90},{"time":102.25,"angle":90,"angle2":90,"duration":0.25,"type":"mineHold"},{"time":103,"type":"side","angle":90},{"time":103.25,"angle":90,"angle2":90,"duration":0.25,"type":"mineHold"},{"time":104,"type":"side","angle":90},{"time":104.25,"angle":90,"angle2":90,"duration":1,"type":"mineHold"},{"time":105,"type":"block","angle":330},{"time":105.25,"type":"block","angle":300},{"time":105.5,"type":"block","angle":270},{"time":105.75,"angle":210,"angle2":360,"duration":1.25,"type":"hold"},{"time":107.5,"angle":150,"angle2":270,"duration":1.5,"type":"hold"},{"time":109.5,"angle":60,"angle2":180,"duration":1.5,"type":"hold"},{"time":111.5,"angle":330,"angle2":450,"duration":1.5,"type":"hold"},{"time":113.5,"type":"block","angle":240},{"time":114,"angle":255,"speedMult":1.5,"type":"extraTap"},{"time":95,"angle":285,"speedMult":1.5,"type":"extraTap"},{"time":97,"angle":45,"speedMult":1.5,"type":"extraTap"},{"time":99,"angle":60,"speedMult":1.5,"type":"extraTap"},{"time":101,"angle":60,"speedMult":1.5,"type":"extraTap"},{"time":103,"angle":75,"speedMult":1.5,"type":"extraTap"},{"time":105,"angle":300,"speedMult":1.5,"type":"extraTap"},{"time":107,"angle":30,"speedMult":1.5,"type":"extraTap"},{"time":109,"angle":285,"speedMult":1.5,"type":"extraTap"},{"time":111,"angle":195,"speedMult":1.5,"type":"extraTap"},{"time":113,"angle":105,"speedMult":1.5,"type":"extraTap"},{"time":115,"angle":240,"angle2":300,"duration":0.5,"type":"hold"},{"time":115.5,"angle":300,"angle2":240,"duration":0.5,"type":"hold"},{"time":116,"angle":240,"angle2":360,"duration":1,"type":"hold"},{"time":117,"angle":360,"angle2":300,"duration":0.5,"type":"hold"},{"time":117.5,"angle":300,"angle2":360,"duration":0.5,"type":"hold"},{"time":118,"angle":360,"angle2":240,"duration":1,"type":"hold"},{"time":115.5,"angle":240,"speedMult":1.5,"type":"extraTap"},{"time":117,"angle":315,"speedMult":1.5,"type":"extraTap"},{"time":118,"angle":315,"speedMult":1.5,"type":"extraTap"},{"time":119.5,"angle":240,"speedMult":1.5,"type":"extraTap"},{"time":114,"angle":150,"angle2":150,"duration":6,"type":"mineHold","speedMult":3},{"time":114,"angle":120,"angle2":120,"duration":6,"type":"mineHold","speedMult":3},{"time":114,"angle":90,"angle2":90,"duration":6,"type":"mineHold","speedMult":3},{"time":114,"angle":60,"angle2":60,"duration":6,"type":"mineHold","speedMult":3},{"time":114,"angle":30,"angle2":30,"duration":6,"type":"mineHold","speedMult":3},{"time":120,"angle":180,"angle2":240,"duration":0.5,"type":"hold"},{"time":120.5,"angle":240,"angle2":180,"duration":0.5,"type":"hold"},{"time":121,"angle":180,"angle2":240,"duration":0.5,"type":"hold"},{"time":121.5,"angle":240,"angle2":60,"duration":1.5,"type":"hold"},{"time":122,"angle":30,"angle2":30,"duration":6,"type":"mineHold","speedMult":3},{"time":122,"angle":360,"angle2":360,"duration":6,"type":"mineHold","speedMult":3},{"time":122,"angle":330,"angle2":330,"duration":6,"type":"mineHold","speedMult":3},{"time":122,"angle":300,"angle2":300,"duration":6,"type":"mineHold","speedMult":3},{"time":122,"angle":270,"angle2":270,"duration":6,"type":"mineHold","speedMult":3},{"time":121,"angle":210,"speedMult":1.5,"type":"extraTap"},{"time":122,"angle":195,"speedMult":1.5,"type":"extraTap"},{"time":123,"angle":60,"angle2":120,"duration":0.5,"type":"hold"},{"time":123.5,"angle":120,"angle2":60,"duration":0.5,"type":"hold"},{"time":124,"angle":60,"angle2":180,"duration":1,"type":"hold"},{"time":123.5,"angle":90,"speedMult":1.5,"type":"extraTap"},{"time":125,"angle":165,"speedMult":1.5,"type":"extraTap"},{"time":126,"angle":210,"speedMult":1.5,"type":"extraTap"},{"time":126,"type":"block","angle":180},{"time":126.5,"type":"block","angle":210},{"time":127,"type":"block","angle":150},{"time":127.5,"type":"block","angle":180},{"time":128,"type":"block","angle":120},{"time":128.5,"angle":150,"angle2":0,"duration":1,"type":"hold"},{"time":127.5,"angle":165,"speedMult":1.5,"type":"extraTap"},{"time":129,"angle":60,"speedMult":1.5,"type":"extraTap"},{"time":130,"angle":30,"speedMult":1.5,"type":"extraTap"},{"time":130,"angle":270,"angle2":270,"duration":6,"type":"mineHold","speedMult":3},{"time":130,"angle":240,"angle2":240,"duration":6,"type":"mineHold","speedMult":3},{"time":130,"angle":210,"angle2":210,"duration":6,"type":"mineHold","speedMult":3},{"time":130,"angle":180,"angle2":180,"duration":6,"type":"mineHold","speedMult":3},{"time":130,"angle":150,"angle2":150,"duration":6,"type":"mineHold","speedMult":3},{"time":129.5,"angle":360,"angle2":480,"duration":1.5,"type":"hold"},{"time":131,"angle":120,"angle2":60,"duration":0.5,"type":"hold"},{"time":131.5,"angle":60,"angle2":120,"duration":0.5,"type":"hold"},{"time":132,"angle":120,"angle2":60,"duration":0.5,"type":"hold"},{"time":132.5,"angle":60,"angle2":120,"duration":0.5,"type":"hold"},{"time":133,"angle":120,"angle2":-60,"duration":2,"type":"hold"},{"time":135,"angle":300,"angle2":360,"duration":0.5,"type":"hold"},{"time":135.5,"angle":0,"angle2":-60,"duration":0.5,"type":"hold"},{"time":136,"angle":300,"angle2":360,"duration":0.5,"type":"hold"},{"time":136.5,"angle":360,"angle2":300,"duration":0.5,"type":"hold"},{"time":137,"angle":300,"angle2":450,"duration":2,"type":"hold"},{"time":139,"angle":150,"angle2":150,"duration":1,"type":"mineHold","speedMult":3},{"time":139,"angle":180,"angle2":180,"duration":1,"type":"mineHold","speedMult":3},{"time":138,"angle":210,"angle2":210,"duration":2,"type":"mineHold","speedMult":3},{"time":138,"angle":240,"angle2":240,"duration":2,"type":"mineHold","speedMult":3},{"time":138,"angle":270,"angle2":270,"duration":2,"type":"mineHold","speedMult":3},{"time":138,"angle":300,"angle2":300,"duration":2,"type":"mineHold","speedMult":3},{"time":138,"angle":330,"angle2":330,"duration":2,"type":"mineHold","speedMult":3},{"time":139,"angle":360,"angle2":360,"duration":1,"type":"mineHold","speedMult":3},{"time":139,"angle":30,"angle2":30,"duration":1,"type":"mineHold","speedMult":3},{"time":140.5,"type":"block","angle":360},{"time":142,"type":"block","angle":270},{"time":143.5,"type":"block","angle":180},{"time":145,"type":"block","angle":90},{"time":146,"type":"block","angle":360},{"time":140.5,"angle":300,"angle2":300,"duration":1,"type":"mineHold","speedMult":3},{"time":140.5,"angle":270,"angle2":270,"duration":1,"type":"mineHold","speedMult":3},{"time":140.5,"angle":240,"angle2":240,"duration":1,"type":"mineHold","speedMult":3},{"time":140.5,"angle":210,"angle2":210,"duration":1,"type":"mineHold","speedMult":3},{"time":140.5,"angle":180,"angle2":180,"duration":1,"type":"mineHold","speedMult":3},{"time":140.5,"angle":150,"angle2":60,"duration":0.25,"type":"mineHold","speedMult":3},{"time":140.5,"angle":120,"angle2":120,"duration":1,"type":"mineHold","speedMult":3},{"time":140.5,"angle":90,"angle2":90,"duration":1,"type":"mineHold","speedMult":3},{"time":140.5,"angle":60,"angle2":60,"duration":1,"type":"mineHold","speedMult":3},{"time":142,"angle":210,"angle2":210,"duration":1,"type":"mineHold","speedMult":3},{"time":142,"angle":180,"angle2":180,"duration":1,"type":"mineHold","speedMult":3},{"time":142,"angle":150,"angle2":150,"duration":1,"type":"mineHold","speedMult":3},{"time":142,"angle":120,"angle2":120,"duration":1,"type":"mineHold","speedMult":3},{"time":142,"angle":90,"angle2":90,"duration":1,"type":"mineHold","speedMult":3},{"time":142,"angle":60,"angle2":60,"duration":1,"type":"mineHold","speedMult":3},{"time":142,"angle":30,"angle2":30,"duration":1,"type":"mineHold","speedMult":3},{"time":142,"angle":360,"angle2":360,"duration":1,"type":"mineHold","speedMult":3},{"time":142,"angle":330,"angle2":330,"duration":1,"type":"mineHold","speedMult":3},{"time":143.5,"angle":240,"angle2":240,"duration":1,"type":"mineHold","speedMult":3},{"time":143.5,"angle":270,"angle2":270,"duration":1,"type":"mineHold","speedMult":3},{"time":143.5,"angle":300,"angle2":300,"duration":1,"type":"mineHold","speedMult":3},{"time":143.5,"angle":330,"angle2":330,"duration":1,"type":"mineHold","speedMult":3},{"time":143.5,"angle":0,"angle2":0,"duration":1,"type":"mineHold","speedMult":3},{"time":143.5,"angle":30,"angle2":30,"duration":1,"type":"mineHold","speedMult":3},{"time":143.5,"angle":60,"angle2":60,"duration":1,"type":"mineHold","speedMult":3},{"time":143.5,"angle":90,"angle2":90,"duration":1,"type":"mineHold","speedMult":3},{"time":143.5,"angle":120,"angle2":120,"duration":1,"type":"mineHold","speedMult":3},{"time":145,"angle":150,"angle2":150,"duration":1,"type":"mineHold","speedMult":3},{"time":145,"angle":180,"angle2":180,"duration":1,"type":"mineHold","speedMult":3},{"time":145,"angle":210,"angle2":210,"duration":1,"type":"mineHold","speedMult":3},{"time":145,"angle":240,"angle2":240,"duration":1,"type":"mineHold","speedMult":2},{"time":145,"angle":270,"angle2":270,"duration":1,"type":"mineHold","speedMult":3},{"time":145,"angle":300,"angle2":300,"duration":1,"type":"mineHold","speedMult":3},{"time":145,"angle":330,"angle2":330,"duration":0.75,"type":"mineHold","speedMult":3},{"time":145,"angle":360,"angle2":360,"duration":0.5,"type":"mineHold","speedMult":3},{"time":145,"angle":30,"angle2":30,"duration":0.25,"type":"mineHold","speedMult":3},{"time":131.5,"angle":105,"speedMult":1.5,"type":"extraTap"},{"time":133,"angle":90,"speedMult":1.5,"type":"extraTap"},{"time":134,"angle":15,"speedMult":1.5,"type":"extraTap"},{"time":135.5,"angle":15,"speedMult":1.5,"type":"extraTap"},{"time":137,"angle":330,"speedMult":1.5,"type":"extraTap"},{"time":138,"angle":45,"speedMult":1.5,"type":"extraTap"},{"time":140,"angle":150,"angle2":60,"duration":1,"type":"mineHold"},{"speedMult":2,"time":140.25,"holdEase":"inSine","angle2":60,"duration":0.5,"type":"mineHold","angle":150},{"time":140.5,"angle":150,"angle2":150,"duration":1,"type":"mineHold","speedMult":3},{"time":141.5,"angle":60,"angle2":-30,"duration":1,"type":"mineHold"},{"speedMult":2,"time":141.75,"holdEase":"inSine","angle2":-30,"duration":0.5,"type":"mineHold","angle":60},{"time":142,"angle":60,"angle2":-30,"duration":0.25,"type":"mineHold","speedMult":3},{"time":143,"angle":330,"angle2":240,"duration":1,"type":"mineHold"},{"speedMult":2,"time":143.25,"holdEase":"inSine","angle2":240,"duration":0.5,"type":"mineHold","angle":330},{"time":143.5,"angle":330,"angle2":240,"duration":0.25,"type":"mineHold","speedMult":3},{"time":144.5,"angle":240,"angle2":150,"duration":1,"type":"mineHold"},{"speedMult":2,"time":144.75,"holdEase":"inSine","angle2":150,"duration":0.5,"type":"mineHold","angle":240},{"time":145,"angle":240,"angle2":150,"duration":0.25,"type":"mineHold","speedMult":3},{"time":146,"angle":150,"angle2":60,"duration":1,"type":"mineHold"},{"speedMult":2,"time":146.25,"holdEase":"inSine","angle2":60,"duration":0.5,"type":"mineHold","angle":150},{"time":146.5,"angle":150,"angle2":60,"duration":0.25,"type":"mineHold","speedMult":3},{"time":139.5,"angle":90,"speedMult":1.5,"type":"extraTap"},{"time":141,"angle":360,"speedMult":1.5,"type":"extraTap"},{"time":142,"angle":285,"speedMult":1.5,"type":"extraTap"},{"time":143.5,"angle":210,"speedMult":1.5,"type":"extraTap"},{"time":145,"angle":105,"speedMult":1.5,"type":"extraTap"},{"time":146,"angle":30,"speedMult":1.5,"type":"extraTap"},{"time":146,"angle":180,"angle2":180,"duration":6,"type":"mineHold","speedMult":3},{"time":146,"angle":150,"angle2":150,"duration":6,"type":"mineHold","speedMult":3},{"time":146,"angle":120,"angle2":120,"duration":6,"type":"mineHold","speedMult":3},{"time":146,"angle":210,"angle2":210,"duration":6,"type":"mineHold","speedMult":3},{"time":146,"angle":240,"angle2":240,"duration":6,"type":"mineHold","speedMult":3},{"time":147,"angle":270,"angle2":330,"duration":0.5,"type":"hold"},{"time":147.5,"angle":330,"angle2":270,"duration":0.5,"type":"hold"},{"time":148,"angle":270,"angle2":450,"duration":1,"type":"hold"},{"time":149,"angle":90,"angle2":30,"duration":0.5,"type":"hold"},{"time":149.5,"angle":30,"angle2":90,"duration":0.5,"type":"hold"},{"time":150,"angle":90,"angle2":-90,"duration":1,"type":"hold"},{"time":151,"angle":270,"angle2":450,"duration":1,"type":"hold"},{"time":152,"angle":90,"angle2":30,"duration":0.5,"type":"hold"},{"time":152.5,"angle":30,"angle2":90,"duration":0.5,"type":"hold"},{"time":153,"angle":90,"angle2":30,"duration":0.5,"type":"hold"},{"time":154,"angle":240,"angle2":240,"duration":6,"type":"mineHold","speedMult":3},{"time":154,"angle":270,"angle2":270,"duration":6,"type":"mineHold","speedMult":3},{"time":154,"angle":300,"angle2":300,"duration":6,"type":"mineHold","speedMult":3},{"time":154,"angle":330,"angle2":330,"duration":6,"type":"mineHold","speedMult":3},{"time":154,"angle":360,"angle2":360,"duration":6,"type":"mineHold","speedMult":3},{"time":153.5,"angle":30,"angle2":210,"duration":1.5,"type":"hold"},{"time":155,"angle":210,"angle2":150,"duration":0.5,"type":"hold"},{"time":155.5,"angle":150,"angle2":210,"duration":0.5,"type":"hold"},{"time":156,"angle":210,"angle2":30,"duration":1,"type":"hold"},{"time":158,"type":"block","angle":30},{"time":158.5,"type":"block","angle":90},{"time":159,"type":"block","angle":60},{"time":159.5,"type":"block","angle":120},{"time":160,"type":"block","angle":90},{"time":160.5,"type":"block","angle":150},{"time":162,"angle":360,"angle2":360,"duration":6,"type":"mineHold","speedMult":3},{"time":162,"angle":30,"angle2":30,"duration":6,"type":"mineHold","speedMult":3},{"time":162,"angle":60,"angle2":60,"duration":6,"type":"mineHold","speedMult":3},{"time":162,"angle":90,"angle2":90,"duration":6,"type":"mineHold","speedMult":3},{"time":162,"angle":120,"angle2":120,"duration":6,"type":"mineHold","speedMult":3},{"time":161.5,"angle":150,"angle2":210,"duration":0.5,"type":"hold","holdEase":"inQuad"},{"time":162.5,"type":"block","angle":180},{"time":163,"angle":150,"angle2":210,"duration":0.5,"type":"hold"},{"time":163.5,"angle":210,"angle2":150,"duration":0.5,"type":"hold"},{"time":164,"angle":150,"angle2":210,"duration":0.5,"type":"hold"},{"time":164.5,"angle":210,"angle2":150,"duration":0.5,"type":"hold"},{"time":165,"angle":150,"angle2":330,"duration":2,"type":"hold"},{"time":167,"angle":330,"angle2":270,"duration":0.5,"type":"hold"},{"time":167.5,"angle":270,"angle2":330,"duration":0.5,"type":"hold"},{"time":168,"angle":330,"angle2":270,"duration":0.5,"type":"hold"},{"time":168.5,"angle":270,"angle2":330,"duration":0.5,"type":"hold"},{"time":169,"angle":330,"angle2":450,"duration":1.5,"type":"hold","holdEase":"outCubic"},{"time":147.5,"angle":285,"speedMult":1.5,"type":"extraTap"},{"time":149,"angle":45,"speedMult":1.5,"type":"extraTap"},{"time":150,"angle":60,"speedMult":1.5,"type":"extraTap"},{"time":151.5,"angle":30,"speedMult":1.5,"type":"extraTap"},{"time":153,"angle":60,"speedMult":1.5,"type":"extraTap"},{"time":154,"angle":75,"speedMult":1.5,"type":"extraTap"},{"time":155.5,"angle":195,"speedMult":1.5,"type":"extraTap"},{"time":157,"angle":45,"speedMult":1.5,"type":"extraTap"},{"time":158,"angle":45,"speedMult":1.5,"type":"extraTap"},{"time":159.5,"angle":90,"speedMult":1.5,"type":"extraTap"},{"time":161,"angle":135,"speedMult":1.5,"type":"extraTap"},{"time":162,"angle":165,"speedMult":1.5,"type":"extraTap"},{"time":163.5,"angle":180,"speedMult":1.5,"type":"extraTap"},{"time":165,"angle":180,"speedMult":1.5,"type":"extraTap"},{"time":166,"angle":270,"speedMult":1.5,"type":"extraTap"},{"time":167.5,"angle":292.5,"speedMult":1.5,"type":"extraTap"},{"time":169,"angle":15,"speedMult":1.5,"type":"extraTap"},{"time":170,"angle":67.5,"speedMult":1.5,"type":"extraTap"},{"time":171.5,"angle":90,"speedMult":1.5,"type":"extraTap"},{"time":173,"angle":90,"speedMult":1.5,"type":"extraTap"},{"time":171,"angle":135,"speedMult":0.75,"type":"side"},{"time":171.75,"angle":135,"speedMult":0.75,"type":"side"},{"time":172.5,"angle":135,"speedMult":0.75,"type":"side"},{"time":173.25,"angle":135,"speedMult":0.75,"type":"side"},{"time":174,"angle":105,"speedMult":1.5,"type":"extraTap"},{"time":174.25,"angle":105,"angle2":75,"duration":0.25,"type":"hold"},{"time":174.5,"angle":75,"angle2":105,"duration":0.25,"type":"hold"},{"time":174.75,"angle":105,"angle2":75,"duration":0.25,"type":"hold"},{"time":175,"angle":75,"angle2":120,"duration":0.25,"type":"hold"},{"time":175.25,"angle":120,"angle2":60,"duration":0.25,"type":"hold"},{"time":175.5,"angle":60,"angle2":120,"duration":0.25,"type":"hold"},{"time":175.75,"angle":120,"angle2":60,"duration":0.25,"type":"hold"},{"time":176,"angle":60,"angle2":135,"duration":0.25,"type":"hold"},{"time":176.25,"angle":135,"angle2":45,"duration":0.25,"type":"hold"},{"time":176.5,"angle":45,"angle2":135,"duration":0.25,"type":"hold"},{"time":176.75,"angle":135,"angle2":45,"duration":0.25,"type":"hold"},{"time":178,"angle":90,"angle2":90,"duration":6,"type":"hold","speedMult":3},{"time":178,"angle":120,"angle2":120,"duration":6,"type":"hold","speedMult":3},{"time":178,"angle":150,"angle2":150,"duration":6,"type":"hold","speedMult":3},{"time":178,"angle":60,"angle2":60,"duration":6,"type":"hold","speedMult":3},{"time":178,"angle":30,"angle2":30,"duration":6,"type":"hold","speedMult":3},{"time":178,"type":"mine","angle":270},{"time":178.25,"angle":270,"type":"side"},{"time":178.5,"angle":285,"type":"block"},{"time":179,"type":"mine","angle":225},{"time":179.25,"angle":225,"type":"side"},{"time":179.5,"angle":180,"type":"block"},{"time":178.5,"angle":300,"type":"block"},{"time":178.5,"angle":315,"type":"block"},{"time":179.5,"angle":210,"type":"block"},{"time":179.5,"angle":195,"type":"block"},{"time":180,"type":"side","angle":300},{"time":182,"type":"mine","angle":240},{"time":182.5,"angle":210,"type":"mine"},{"time":183.5,"angle":210,"angle2":270,"duration":0.5,"type":"mineHold"},{"time":174,"angle":75,"angle2":105,"duration":0.25,"type":"hold"},{"time":184,"angle":270,"angle2":180,"duration":0.5,"type":"mineHold"},{"time":184.5,"angle":180,"angle2":270,"duration":0.5,"type":"mineHold"},{"time":185,"angle":270,"angle2":180,"duration":0.5,"type":"mineHold"},{"time":186,"angle":30,"angle2":30,"duration":6,"type":"hold","speedMult":3},{"time":186,"angle":0,"angle2":0,"duration":6,"type":"hold","speedMult":3},{"time":186,"angle":330,"angle2":330,"duration":6,"type":"hold","speedMult":3},{"time":186,"angle":300,"angle2":300,"duration":6,"type":"hold","speedMult":3},{"time":186,"angle":270,"angle2":270,"duration":6,"type":"hold","speedMult":3},{"time":186,"angle":180,"type":"mine"},{"time":186.25,"angle":180,"type":"side"},{"time":186.5,"angle":195,"type":"block"},{"time":186.5,"angle":210,"type":"block"},{"time":186.5,"angle":225,"type":"block"},{"time":187,"type":"mine","angle":135},{"time":187.25,"angle":135,"type":"side"},{"time":187.5,"angle":120,"type":"block"},{"time":187.5,"angle":105,"type":"block"},{"time":188,"angle":210,"type":"side"},{"time":190,"type":"mine","angle":150},{"time":190.5,"type":"mine","angle":105},{"time":191.5,"angle":75,"type":"mine"},{"time":192.5,"type":"mine","angle":30},{"time":193,"angle":0,"type":"mine"},{"time":194,"angle":270,"angle2":270,"duration":6,"type":"hold","speedMult":3},{"time":194,"angle":240,"angle2":240,"duration":6,"type":"hold","speedMult":3},{"time":194,"angle":210,"angle2":210,"duration":6,"type":"hold","speedMult":3},{"time":194,"angle":180,"angle2":180,"duration":6,"type":"hold","speedMult":3},{"time":194,"angle":150,"angle2":150,"duration":6,"type":"hold","speedMult":3},{"time":194,"angle":315,"angle2":405,"duration":1,"type":"mineHold"},{"time":195.5,"type":"mine","angle":345},{"time":196,"angle":15,"type":"mine"},{"time":196.5,"type":"mine","angle":315},{"time":197,"angle":345,"angle2":435,"duration":2,"type":"mineHold","holdEase":"inSine"},{"time":199.5,"type":"mine","angle":15},{"time":200,"angle":45,"type":"mine"},{"time":200.5,"type":"mine","angle":345},{"time":201,"angle":15,"angle2":-75,"duration":2,"type":"mineHold"},{"speedMult":3,"time":203,"holdEase":"inQuad","angle2":-120,"duration":1.5,"type":"hold","angle":30},{"speedMult":3,"time":203,"holdEase":"inQuad","angle2":-90,"duration":1.5,"type":"hold","angle":60},{"speedMult":3,"time":203,"holdEase":"inQuad","angle2":-60,"duration":1.5,"type":"hold","angle":90},{"speedMult":3,"time":203,"holdEase":"inQuad","angle2":-30,"duration":1.5,"type":"hold","angle":120},{"speedMult":3,"time":203,"holdEase":"inQuad","angle2":0,"duration":1.5,"type":"hold","angle":150},{"speedMult":3,"time":204.5,"holdEase":"inQuad","angle2":90,"duration":1.5,"type":"hold","angle":240},{"speedMult":3,"time":204.5,"holdEase":"inQuad","angle2":120,"duration":1.5,"type":"hold","angle":270},{"speedMult":3,"time":204.5,"holdEase":"inQuad","angle2":150,"duration":1.5,"type":"hold","angle":300},{"speedMult":3,"time":204.5,"holdEase":"inQuad","angle2":180,"duration":1.5,"type":"hold","angle":330},{"speedMult":3,"time":204.5,"holdEase":"inQuad","angle2":210,"duration":1.5,"type":"hold","angle":360},{"speedMult":3,"time":206,"holdEase":"inQuad","angle2":-60,"duration":1.5,"type":"hold","angle":90},{"speedMult":3,"time":206,"holdEase":"inQuad","angle2":-30,"duration":1.5,"type":"hold","angle":120},{"speedMult":3,"time":206,"holdEase":"inQuad","angle2":0,"duration":1.5,"type":"hold","angle":150},{"speedMult":3,"time":206,"holdEase":"inQuad","angle2":30,"duration":1.5,"type":"hold","angle":180},{"speedMult":3,"time":206,"holdEase":"inQuad","angle2":60,"duration":1.5,"type":"hold","angle":210},{"speedMult":3,"time":207.5,"holdEase":"inQuad","angle2":-210,"duration":1.5,"type":"hold","angle":-60},{"speedMult":3,"time":207.5,"holdEase":"inQuad","angle2":-180,"duration":1.5,"type":"hold","angle":-30},{"speedMult":3,"time":207.5,"holdEase":"inQuad","angle2":-150,"duration":1.5,"type":"hold","angle":0},{"speedMult":3,"time":207.5,"holdEase":"inQuad","angle2":-120,"duration":1.5,"type":"hold","angle":30},{"speedMult":3,"time":207.5,"holdEase":"inQuad","angle2":-90,"duration":1.5,"type":"hold","angle":60},{"speedMult":3,"time":209,"holdEase":"inQuad","angle2":0,"duration":1,"type":"hold","angle":150},{"speedMult":3,"time":209,"holdEase":"inQuad","angle2":30,"duration":1,"type":"hold","angle":180},{"speedMult":3,"time":209,"holdEase":"inQuad","angle2":60,"duration":1,"type":"hold","angle":210},{"speedMult":3,"time":209,"holdEase":"inQuad","angle2":90,"duration":1,"type":"hold","angle":240},{"speedMult":3,"time":209,"holdEase":"inQuad","angle2":120,"duration":1,"type":"hold","angle":270},{"time":179,"angle":247.5,"speedMult":1.5,"type":"extraTap"},{"time":181,"angle":270,"speedMult":1.5,"type":"extraTap"},{"time":183,"angle":225,"speedMult":1.5,"type":"extraTap"},{"time":185,"angle":225,"speedMult":1.5,"type":"extraTap"},{"time":187,"angle":202.5,"speedMult":1.5,"type":"extraTap"},{"time":189,"angle":112.5,"speedMult":1.5,"type":"extraTap"},{"time":191,"angle":135,"speedMult":1.5,"type":"extraTap"},{"time":193,"angle":45,"speedMult":1.5,"type":"extraTap"},{"time":195,"angle":90,"speedMult":1.5,"type":"extraTap"},{"time":197,"angle":22.5,"speedMult":1.5,"type":"extraTap"},{"time":199,"angle":90,"speedMult":1.5,"type":"extraTap"},{"time":201,"angle":22.5,"speedMult":1.5,"type":"extraTap"},{"time":203,"angle":255,"speedMult":1.5,"type":"extraTap"},{"time":205,"angle":90,"speedMult":1.5,"type":"extraTap"},{"time":207,"angle":240,"speedMult":1.5,"type":"extraTap"},{"time":209,"angle":90,"speedMult":1.5,"type":"extraTap"},{"speedMult":3,"time":210,"holdEase":"inQuad","angle2":-90,"duration":2,"type":"hold","angle":-240},{"speedMult":3,"time":210,"holdEase":"inQuad","angle2":-120,"duration":2,"type":"hold","angle":-270},{"speedMult":3,"time":210,"holdEase":"inQuad","angle2":-150,"duration":2,"type":"hold","angle":-300},{"speedMult":3,"time":210,"holdEase":"inQuad","angle2":-180,"duration":2,"type":"hold","angle":-330},{"speedMult":3,"time":210,"holdEase":"inQuad","angle2":-210,"duration":2,"type":"hold","angle":-360},{"speedMult":3,"time":212,"holdEase":"inQuad","angle2":0,"duration":2,"type":"hold","angle":150},{"speedMult":3,"time":212,"holdEase":"inQuad","angle2":30,"duration":2,"type":"hold","angle":180},{"speedMult":3,"time":212,"holdEase":"inQuad","angle2":60,"duration":2,"type":"hold","angle":210},{"speedMult":3,"time":212,"holdEase":"inQuad","angle2":90,"duration":2,"type":"hold","angle":240},{"speedMult":3,"time":212,"holdEase":"inQuad","angle2":120,"duration":2,"type":"hold","angle":270},{"speedMult":3,"time":214,"holdEase":"inQuad","angle2":-90,"duration":2,"type":"hold","angle":-240},{"speedMult":3,"time":214,"holdEase":"inQuad","angle2":-120,"duration":2,"type":"hold","angle":-270},{"speedMult":3,"time":214,"holdEase":"inQuad","angle2":-150,"duration":2,"type":"hold","angle":-300},{"speedMult":3,"time":214,"holdEase":"inQuad","angle2":-180,"duration":2,"type":"hold","angle":-330},{"speedMult":3,"time":214,"holdEase":"inQuad","angle2":-210,"duration":2,"type":"hold","angle":-360},{"speedMult":3,"time":216,"holdEase":"inQuad","angle2":0,"duration":2,"type":"hold","angle":150},{"speedMult":3,"time":216,"holdEase":"inQuad","angle2":30,"duration":2,"type":"hold","angle":180},{"speedMult":3,"time":216,"holdEase":"inQuad","angle2":60,"duration":2,"type":"hold","angle":210},{"speedMult":3,"time":216,"holdEase":"inQuad","angle2":90,"duration":2,"type":"hold","angle":240},{"speedMult":3,"time":216,"holdEase":"inQuad","angle2":120,"duration":2,"type":"hold","angle":270},{"speedMult":3,"time":218,"holdEase":"inQuad","angle2":-150,"duration":2,"type":"hold","angle":0},{"speedMult":3,"time":218,"holdEase":"inQuad","angle2":-120,"duration":2,"type":"hold","angle":30},{"speedMult":3,"time":218,"holdEase":"inQuad","angle2":-90,"duration":2,"type":"hold","angle":60},{"speedMult":3,"time":218,"holdEase":"inQuad","angle2":-60,"duration":2,"type":"hold","angle":90},{"speedMult":3,"time":218,"holdEase":"inQuad","angle2":-30,"duration":2,"type":"hold","angle":120},{"speedMult":3,"time":220,"holdEase":"inQuad","angle2":120,"duration":2,"type":"hold","angle":-30},{"speedMult":3,"time":220,"holdEase":"inQuad","angle2":90,"duration":2,"type":"hold","angle":-60},{"speedMult":3,"time":220,"holdEase":"inQuad","angle2":60,"duration":2,"type":"hold","angle":-90},{"speedMult":3,"time":220,"holdEase":"inQuad","angle2":30,"duration":2,"type":"hold","angle":-120},{"speedMult":3,"time":220,"holdEase":"inQuad","angle2":0,"duration":2,"type":"hold","angle":-150},{"speedMult":3,"time":222,"holdEase":"inQuad","angle2":-150,"duration":2,"type":"hold","angle":0},{"speedMult":3,"time":222,"holdEase":"inQuad","angle2":-120,"duration":2,"type":"hold","angle":30},{"speedMult":3,"time":222,"holdEase":"inQuad","angle2":-90,"duration":2,"type":"hold","angle":60},{"speedMult":3,"time":222,"holdEase":"inQuad","angle2":-60,"duration":2,"type":"hold","angle":90},{"speedMult":3,"time":222,"holdEase":"inQuad","angle2":-30,"duration":2,"type":"hold","angle":120},{"speedMult":3,"time":224,"holdEase":"linear","angle2":-240,"duration":1,"type":"hold","angle":-390},{"speedMult":3,"time":224,"holdEase":"linear","angle2":-270,"duration":1,"type":"hold","angle":-420},{"speedMult":3,"time":224,"holdEase":"linear","angle2":-300,"duration":1,"type":"hold","angle":-450},{"speedMult":3,"time":224,"holdEase":"linear","angle2":-330,"duration":1,"type":"hold","angle":-480},{"speedMult":3,"time":224,"holdEase":"linear","angle2":-360,"duration":1,"type":"hold","angle":-510},{"speedMult":3,"time":225,"holdEase":"linear","angle2":210,"duration":1,"type":"hold","angle":360},{"speedMult":3,"time":225,"holdEase":"linear","angle2":240,"duration":1,"type":"hold","angle":390},{"speedMult":3,"time":225,"holdEase":"linear","angle2":270,"duration":1,"type":"hold","angle":420},{"speedMult":3,"time":225,"holdEase":"linear","angle2":300,"duration":1,"type":"hold","angle":450},{"speedMult":3,"time":225,"holdEase":"linear","angle2":330,"duration":1,"type":"hold","angle":480},{"speedMult":3,"time":226,"holdEase":"inQuad","angle2":-300,"duration":2,"type":"hold","angle":-150},{"speedMult":3,"time":226,"holdEase":"inQuad","angle2":-270,"duration":2,"type":"hold","angle":-120},{"speedMult":3,"time":226,"holdEase":"inQuad","angle2":-240,"duration":2,"type":"hold","angle":-90},{"speedMult":3,"time":226,"holdEase":"inQuad","angle2":-210,"duration":2,"type":"hold","angle":-60},{"speedMult":3,"time":226,"holdEase":"inQuad","angle2":-180,"duration":2,"type":"hold","angle":-30},{"speedMult":3,"time":228,"holdEase":"inQuad","angle2":-30,"duration":2,"type":"hold","angle":-180},{"speedMult":3,"time":228,"holdEase":"inQuad","angle2":-60,"duration":2,"type":"hold","angle":-210},{"speedMult":3,"time":228,"holdEase":"inQuad","angle2":-90,"duration":2,"type":"hold","angle":-240},{"speedMult":3,"time":228,"holdEase":"inQuad","angle2":-120,"duration":2,"type":"hold","angle":-270},{"speedMult":3,"time":228,"holdEase":"inQuad","angle2":-150,"duration":2,"type":"hold","angle":-300},{"speedMult":3,"time":230,"holdEase":"inQuad","angle2":-300,"duration":2,"type":"hold","angle":-150},{"speedMult":3,"time":230,"holdEase":"inQuad","angle2":-270,"duration":2,"type":"hold","angle":-120},{"speedMult":3,"time":230,"holdEase":"inQuad","angle2":-240,"duration":2,"type":"hold","angle":-90},{"speedMult":3,"time":230,"holdEase":"inQuad","angle2":-210,"duration":2,"type":"hold","angle":-60},{"speedMult":3,"time":230,"holdEase":"inQuad","angle2":-180,"duration":2,"type":"hold","angle":-30},{"speedMult":3,"time":232,"holdEase":"inQuad","angle2":-30,"duration":2,"type":"hold","angle":-180},{"speedMult":3,"time":232,"holdEase":"inQuad","angle2":-60,"duration":2,"type":"hold","angle":-210},{"speedMult":3,"time":232,"holdEase":"inQuad","angle2":-90,"duration":2,"type":"hold","angle":-240},{"speedMult":3,"time":232,"holdEase":"inQuad","angle2":-120,"duration":2,"type":"hold","angle":-270},{"speedMult":3,"time":232,"holdEase":"inQuad","angle2":-150,"duration":2,"type":"hold","angle":-300},{"time":211,"angle":225,"speedMult":1.5,"type":"extraTap"},{"time":213,"angle":255,"speedMult":1.5,"type":"extraTap"},{"time":215,"angle":195,"speedMult":1.5,"type":"extraTap"},{"time":217,"angle":255,"speedMult":1.5,"type":"extraTap"},{"time":219,"angle":300,"type":"extraTap"},{"time":221,"angle":30,"speedMult":1.5,"type":"extraTap"},{"time":223,"angle":285,"speedMult":1.5,"type":"extraTap"},{"time":225,"angle":292.5,"speedMult":1.5,"type":"extraTap"},{"time":227,"angle":150,"speedMult":1.5,"type":"extraTap"},{"time":229,"angle":240,"speedMult":1.5,"type":"extraTap"},{"time":231,"angle":150,"speedMult":1.5,"type":"extraTap"},{"time":233,"angle":240,"speedMult":1.5,"type":"extraTap"},{"time":235,"angle":90,"speedMult":2,"type":"mine"},{"time":235.25,"angle":105,"speedMult":2,"type":"mine"},{"time":235.5,"angle":120,"speedMult":2,"type":"mine"},{"time":235.75,"angle":105,"speedMult":2,"type":"mine"},{"time":236,"angle":120,"speedMult":2,"type":"mine"},{"time":236.25,"angle":135,"speedMult":2,"type":"mine"},{"time":236.5,"angle":120,"speedMult":2,"type":"mine"},{"time":236.75,"angle":135,"speedMult":2,"type":"mine"},{"time":237,"angle":150,"speedMult":2,"type":"mine"},{"time":237.25,"angle":135,"speedMult":2,"type":"mine"},{"time":237.5,"angle":150,"speedMult":2,"type":"mine"},{"time":237.75,"angle":165,"speedMult":2,"type":"mine"},{"time":238,"angle":180,"speedMult":2,"type":"mine"},{"time":238.25,"angle":195,"speedMult":2,"type":"mine"},{"time":238.5,"angle":180,"speedMult":2,"type":"mine"},{"time":238.75,"angle":165,"speedMult":2,"type":"mine"},{"time":239,"angle":150,"speedMult":2,"type":"mine"},{"time":239.25,"angle":135,"speedMult":2,"type":"mine"},{"time":239.5,"angle":120,"speedMult":2,"type":"mine"},{"time":239.75,"angle":105,"speedMult":2,"type":"mine"},{"time":240,"angle":120,"speedMult":2,"type":"mine"},{"time":240.25,"angle":105,"speedMult":2,"type":"mine"},{"time":240.5,"angle":90,"speedMult":2,"type":"mine"},{"time":240.75,"angle":75,"speedMult":2,"type":"mine"},{"time":241,"angle":60,"speedMult":2,"type":"mine"},{"time":241.25,"angle":45,"speedMult":2,"type":"mine"},{"time":241.5,"angle":30,"speedMult":2,"type":"mine"},{"time":241.75,"angle":15,"speedMult":2,"type":"mine"},{"time":242,"angle":180,"angle2":240,"duration":3,"type":"hold","holdEase":"inBack"},{"time":245,"angle":240,"angle2":-30,"duration":2,"type":"hold","holdEase":"outQuad"},{"time":248,"type":"side","angle":30},{"time":248,"angle":90,"angle2":90,"duration":0.5,"type":"mineHold"},{"time":248.5,"angle":90,"angle2":0,"duration":0,"type":"mineHold"},{"time":248.5,"angle":360,"angle2":360,"duration":1,"type":"mineHold"},{"time":249.5,"angle":0,"angle2":-90,"duration":0,"type":"mineHold"},{"time":249,"type":"side","angle":300},{"time":250,"type":"side","angle":210},{"time":250.25,"angle":225,"angle2":165,"duration":0.25,"type":"hold"},{"time":250.75,"type":"block","angle":120},{"time":251,"type":"side","angle":180},{"time":251.25,"angle":195,"angle2":135,"duration":0.25,"type":"hold"},{"time":251.75,"type":"block","angle":90},{"time":252,"type":"side","angle":150},{"time":252.25,"angle":165,"angle2":105,"duration":0.25,"type":"hold"},{"time":252.75,"type":"block","angle":60},{"time":253,"type":"side","angle":120},{"time":253.25,"angle":135,"angle2":75,"duration":0.25,"type":"hold"},{"time":254,"angle":30,"angle2":90,"duration":0.5,"type":"hold"},{"time":254.5,"angle":90,"angle2":30,"duration":0.5,"type":"hold"},{"time":255,"angle":30,"angle2":90,"duration":0.5,"type":"hold"},{"time":255.5,"angle":90,"angle2":30,"duration":0.5,"type":"hold"},{"time":256,"angle":30,"angle2":90,"duration":0.5,"type":"hold"},{"time":256,"angle":90,"angle2":150,"duration":0.5,"type":"hold"},{"time":256.5,"angle":90,"angle2":30,"duration":0.5,"type":"hold"},{"time":256.5,"angle":150,"angle2":90,"duration":0.5,"type":"hold"},{"time":257,"angle":90,"angle2":150,"duration":0.5,"type":"hold"},{"time":257,"angle":30,"angle2":90,"duration":0.5,"type":"hold"},{"time":257.5,"angle":90,"angle2":30,"duration":0.5,"type":"hold"},{"time":257.5,"angle":150,"angle2":90,"duration":0.5,"type":"hold"},{"time":258,"type":"side","angle":240},{"time":259,"type":"side","angle":300},{"time":260,"type":"side","angle":240},{"time":261,"type":"side","angle":300},{"time":262,"type":"side","angle":240},{"time":263,"type":"side","angle":300},{"time":264,"type":"side","angle":240},{"time":265,"type":"mine","angle":300},{"time":265.25,"type":"mine","angle":285},{"time":265.5,"type":"mine","angle":270},{"time":265.75,"angle":240,"angle2":450,"duration":1.75,"type":"mineHold","holdEase":"inQuad"},{"time":267.5,"angle":90,"angle2":270,"duration":1.5,"type":"mineHold","holdEase":"inQuad"},{"time":270,"angle":270,"angle2":90,"duration":1.5,"type":"mineHold","holdEase":"inQuad"},{"time":271.5,"angle":90,"angle2":-90,"duration":1.5,"type":"mineHold","holdEase":"inQuad"},{"time":243,"angle":210,"speedMult":1.5,"type":"extraTap"},{"time":245,"angle":195,"speedMult":1.5,"type":"extraTap"},{"time":247,"angle":300,"speedMult":1.5,"type":"extraTap"},{"time":249,"angle":285,"speedMult":1.5,"type":"extraTap"},{"time":259,"angle":270,"speedMult":1.5,"type":"extraTap"},{"time":258.25,"type":"block","angle":225},{"time":258.25,"type":"block","angle":210},{"time":258.25,"type":"block","angle":195},{"time":259.25,"type":"block","angle":315},{"time":259.25,"type":"block","angle":330},{"time":259.25,"type":"block","angle":345},{"time":260.25,"type":"block","angle":225},{"time":260.25,"type":"block","angle":210},{"time":260.25,"type":"block","angle":195},{"time":261.25,"type":"block","angle":315},{"time":261.25,"type":"block","angle":330},{"time":261.25,"type":"block","angle":345},{"time":261,"angle":330,"speedMult":1.5,"type":"extraTap"},{"time":262.25,"type":"block","angle":225},{"time":262.25,"type":"block","angle":210},{"time":262.25,"type":"block","angle":195},{"time":263.25,"type":"block","angle":315},{"time":263.25,"type":"block","angle":330},{"time":263.25,"type":"block","angle":345},{"time":263,"angle":330,"speedMult":1.5,"type":"extraTap"},{"time":264.25,"type":"block","angle":225},{"time":264.25,"type":"block","angle":210},{"time":264.25,"type":"block","angle":195},{"time":265,"angle":270,"speedMult":1.5,"type":"extraTap"},{"time":267,"angle":30,"speedMult":1.5,"type":"extraTap"},{"time":269,"angle":300,"speedMult":1.5,"type":"extraTap"},{"time":271,"angle":165,"speedMult":1.5,"type":"extraTap"},{"time":273,"angle":255,"speedMult":1.5,"type":"extraTap"},{"time":274,"angle":90,"angle2":90,"duration":3,"type":"hold"},{"time":275,"angle":30,"angle2":75,"duration":2.5,"type":"mineHold","holdEase":"inCubic"},{"time":276,"angle":150,"angle2":330,"duration":2.5,"type":"mineHold","holdEase":"inSine"},{"time":277,"angle":90,"angle2":270,"duration":2,"type":"hold","holdEase":"outQuad"},{"time":280,"type":"side","angle":300},{"time":280,"angle":0,"angle2":0,"duration":0.5,"type":"mineHold"},{"time":280.5,"angle":0,"angle2":-90,"duration":0,"type":"mineHold"},{"time":280.5,"angle":270,"angle2":270,"duration":1,"type":"mineHold"},{"time":281.5,"angle":270,"angle2":180,"duration":0,"type":"mineHold"},{"time":281,"type":"side","angle":210},{"time":282,"type":"side","angle":120},{"time":281.5,"angle":180,"angle2":180,"duration":1,"type":"mineHold"},{"time":282.5,"angle":180,"angle2":90,"duration":0,"type":"mineHold"},{"time":282.5,"angle":90,"angle2":90,"duration":1,"type":"mineHold"},{"time":283.5,"angle":90,"angle2":0,"duration":0,"type":"mineHold"},{"time":283,"type":"side","angle":30},{"time":283.5,"angle":360,"angle2":360,"duration":1,"type":"mineHold"},{"time":284,"type":"side","angle":300},{"time":284.5,"angle":360,"angle2":270,"duration":0,"type":"mineHold"},{"time":284.5,"angle":270,"angle2":270,"duration":1,"type":"mineHold"},{"time":285,"type":"side","angle":210},{"time":285.5,"type":"side","angle":90},{"time":275,"angle":105,"speedMult":1.5,"type":"extraTap"},{"time":277,"angle":135,"speedMult":1.5,"type":"extraTap"},{"time":279,"angle":240,"speedMult":1.5,"type":"extraTap"},{"time":281,"angle":180,"speedMult":1.5,"type":"extraTap"},{"time":283,"angle":360,"speedMult":1.5,"type":"extraTap"},{"time":285,"angle":180,"speedMult":1.5,"type":"extraTap"},{"time":287,"angle":105,"speedMult":1.5,"type":"extraTap"},{"time":286,"angle":225,"angle2":345,"duration":0.5,"type":"mineHold","speedMult":2},{"time":286.5,"angle":345,"angle2":180,"duration":0.5,"type":"mineHold","speedMult":2},{"time":287,"angle":180,"angle2":360,"duration":0.5,"type":"mineHold","speedMult":2},{"time":287.5,"angle":0,"angle2":-180,"duration":0.5,"type":"mineHold","speedMult":2},{"time":288,"angle":180,"angle2":360,"duration":0.5,"type":"mineHold","speedMult":2},{"time":288.5,"angle":0,"angle2":-180,"duration":0.5,"type":"mineHold","speedMult":2},{"time":289,"angle":180,"angle2":360,"duration":0.5,"type":"mineHold","speedMult":2},{"time":289.5,"angle":0,"angle2":-180,"duration":0.5,"type":"mineHold","speedMult":2},{"time":289,"angle":90,"speedMult":1.5,"type":"extraTap"},{"time":291,"angle":240,"speedMult":1.5,"type":"extraTap"},{"speedMult":3,"time":290,"holdEase":"inQuad","angle2":-90,"duration":1,"type":"hold","angle":0},{"speedMult":3,"time":290,"holdEase":"inQuad","angle2":-60,"duration":1,"type":"hold","angle":30},{"speedMult":3,"time":290,"holdEase":"inQuad","angle2":-30,"duration":1,"type":"hold","angle":60},{"speedMult":3,"time":290,"holdEase":"inQuad","angle2":0,"duration":1,"type":"hold","angle":90},{"speedMult":3,"time":291,"holdEase":"inQuad","angle2":-180,"duration":1,"type":"hold","angle":-90},{"speedMult":3,"time":291,"holdEase":"inQuad","angle2":-150,"duration":1,"type":"hold","angle":-60},{"speedMult":3,"time":291,"holdEase":"inQuad","angle2":-120,"duration":1,"type":"hold","angle":-30},{"speedMult":3,"time":291,"holdEase":"inQuad","angle2":-90,"duration":1,"type":"hold","angle":0},{"speedMult":3,"time":292,"holdEase":"inQuad","angle2":-270,"duration":1,"type":"hold","angle":-180},{"speedMult":3,"time":292,"holdEase":"inQuad","angle2":-240,"duration":1,"type":"hold","angle":-150},{"speedMult":3,"time":292,"holdEase":"inQuad","angle2":-210,"duration":1,"type":"hold","angle":-120},{"speedMult":3,"time":292,"holdEase":"inQuad","angle2":-180,"duration":1,"type":"hold","angle":-90},{"speedMult":3,"time":293,"holdEase":"inQuad","angle2":0,"duration":1,"type":"hold","angle":90},{"speedMult":3,"time":293,"holdEase":"inQuad","angle2":30,"duration":1,"type":"hold","angle":120},{"speedMult":3,"time":293,"holdEase":"inQuad","angle2":60,"duration":1,"type":"hold","angle":150},{"speedMult":3,"time":293,"holdEase":"inQuad","angle2":90,"duration":1,"type":"hold","angle":180},{"speedMult":3,"time":294,"holdEase":"inQuad","angle2":-90,"duration":1,"type":"hold","angle":0},{"speedMult":3,"time":294,"holdEase":"inQuad","angle2":-60,"duration":1,"type":"hold","angle":30},{"speedMult":3,"time":294,"holdEase":"inQuad","angle2":-30,"duration":1,"type":"hold","angle":60},{"speedMult":3,"time":294,"holdEase":"inQuad","angle2":0,"duration":1,"type":"hold","angle":90},{"speedMult":3,"time":295,"holdEase":"inQuad","angle2":-180,"duration":1,"type":"hold","angle":-90},{"speedMult":3,"time":295,"holdEase":"inQuad","angle2":-150,"duration":1,"type":"hold","angle":-60},{"speedMult":3,"time":295,"holdEase":"inQuad","angle2":-120,"duration":1,"type":"hold","angle":-30},{"speedMult":3,"time":295,"holdEase":"inQuad","angle2":-90,"duration":1,"type":"hold","angle":0},{"speedMult":3,"time":296,"holdEase":"inQuad","angle2":90,"duration":1,"type":"hold","angle":180},{"speedMult":3,"time":296,"holdEase":"inQuad","angle2":120,"duration":1,"type":"hold","angle":210},{"speedMult":3,"time":296,"holdEase":"inQuad","angle2":150,"duration":1,"type":"hold","angle":240},{"speedMult":3,"time":296,"holdEase":"inQuad","angle2":180,"duration":1,"type":"hold","angle":270},{"speedMult":3,"time":297,"holdEase":"inQuad","angle2":0,"duration":1,"type":"hold","angle":90},{"speedMult":3,"time":297,"holdEase":"inQuad","angle2":30,"duration":1,"type":"hold","angle":120},{"speedMult":3,"time":297,"holdEase":"inQuad","angle2":60,"duration":1,"type":"hold","angle":150},{"speedMult":3,"time":297,"holdEase":"inQuad","angle2":90,"duration":1,"type":"hold","angle":180},{"time":293,"angle":60,"speedMult":1.5,"type":"extraTap"},{"time":295,"angle":255,"speedMult":1.5,"type":"extraTap"},{"time":297,"angle":60,"speedMult":1.5,"type":"extraTap"},{"time":299,"angle":30,"speedMult":1.5,"type":"extraTap"},{"time":297,"angle":315,"angle2":315,"duration":1,"type":"mineHold"},{"time":297.25,"angle":285,"angle2":285,"duration":0.75,"type":"mineHold"},{"time":297.5,"angle":255,"angle2":255,"duration":0.5,"type":"mineHold"},{"time":297.75,"angle":225,"angle2":225,"duration":0.25,"type":"mineHold"},{"speedMult":3,"time":298,"holdEase":"inQuad","angle2":105,"duration":1.5,"type":"mineHold","angle":225},{"speedMult":3,"time":298,"holdEase":"inQuad","angle2":135,"duration":1.5,"type":"mineHold","angle":255},{"speedMult":3,"time":298,"holdEase":"inQuad","angle2":165,"duration":1.5,"type":"mineHold","angle":285},{"speedMult":3,"time":298,"holdEase":"inQuad","angle2":195,"duration":1.5,"type":"mineHold","angle":315},{"speedMult":3,"time":299.5,"holdEase":"inQuad","angle2":-15,"duration":1.5,"type":"mineHold","angle":105},{"speedMult":3,"time":299.5,"holdEase":"inQuad","angle2":15,"duration":1.5,"type":"mineHold","angle":135},{"speedMult":3,"time":299.5,"holdEase":"inQuad","angle2":45,"duration":1.5,"type":"mineHold","angle":165},{"speedMult":3,"time":299.5,"holdEase":"inQuad","angle2":75,"duration":1.5,"type":"mineHold","angle":195},{"speedMult":3,"time":302,"holdEase":"inQuad","angle2":-15,"duration":1.5,"type":"mineHold","angle":105},{"speedMult":3,"time":302,"holdEase":"inQuad","angle2":15,"duration":1.5,"type":"mineHold","angle":135},{"speedMult":3,"time":302,"holdEase":"inQuad","angle2":45,"duration":1.5,"type":"mineHold","angle":165},{"speedMult":3,"time":302,"holdEase":"inQuad","angle2":75,"duration":1.5,"type":"mineHold","angle":195},{"time":301,"angle":-285,"angle2":-165,"duration":1,"type":"mineHold","speedMult":3},{"time":301,"angle":-315,"angle2":-195,"duration":1,"type":"mineHold","speedMult":3},{"time":301,"angle":-345,"angle2":-225,"duration":1,"type":"mineHold","speedMult":3},{"time":301,"angle":-375,"angle2":-255,"duration":1,"type":"mineHold","speedMult":3},{"time":301,"angle":300,"speedMult":1.5,"type":"extraTap"},{"time":303,"angle":345,"speedMult":1.5,"type":"extraTap"},{"time":305,"angle":150,"speedMult":1.5,"type":"extraTap"},{"speedMult":3,"time":303.5,"holdEase":"inQuad","angle2":-135,"duration":1.5,"type":"mineHold","angle":-15},{"speedMult":3,"time":303.5,"holdEase":"inQuad","angle2":-105,"duration":1.5,"type":"mineHold","angle":15},{"speedMult":3,"time":303.5,"holdEase":"inQuad","angle2":-75,"duration":1.5,"type":"mineHold","angle":45},{"speedMult":3,"time":303.5,"holdEase":"inQuad","angle2":-45,"duration":1.5,"type":"mineHold","angle":75},{"time":305.25,"type":"block","angle":90},{"time":305.5,"type":"block","angle":90},{"time":305.75,"type":"block","angle":90},{"time":306,"angle":90,"speedMult":1.5,"type":"extraTap"},{"time":307,"angle":90,"speedMult":1.5,"type":"extraTap"},{"time":308,"angle":90,"speedMult":1.5,"type":"extraTap"},{"time":309,"angle":90,"speedMult":1.5,"type":"extraTap"},{"time":310,"angle":90,"speedMult":1.5,"type":"extraTap"},{"time":311,"angle":90,"speedMult":1.5,"type":"extraTap"},{"time":312,"angle":90,"speedMult":1.5,"type":"extraTap"},{"time":313,"angle":90,"speedMult":1.5,"type":"extraTap"},{"time":314,"angle":90,"speedMult":1.5,"type":"extraTap"},{"time":315,"angle":90,"speedMult":1.5,"type":"extraTap"},{"time":316,"angle":90,"speedMult":1.5,"type":"extraTap"},{"time":317,"angle":90,"speedMult":1.5,"type":"extraTap"},{"time":318,"angle":90,"speedMult":1.5,"type":"extraTap"},{"time":319,"angle":90,"speedMult":1.5,"type":"extraTap"},{"time":320,"angle":90,"speedMult":1.5,"type":"extraTap"},{"time":306.25,"type":"block","angle":30},{"time":306.5,"type":"block","angle":30},{"time":306.75,"type":"block","angle":30},{"time":307.25,"type":"block","angle":330},{"time":307.5,"type":"block","angle":330},{"time":307.75,"type":"block","angle":330},{"time":308.25,"type":"block","angle":270},{"time":308.5,"type":"block","angle":270},{"time":308.75,"type":"block","angle":270},{"time":310.25,"type":"block","angle":90},{"time":310.5,"type":"block","angle":90},{"time":310.75,"type":"block","angle":90},{"time":311.25,"type":"block","angle":30},{"time":311.5,"type":"block","angle":30},{"time":311.75,"type":"block","angle":30},{"time":309,"angle":210,"angle2":150,"duration":0.25,"type":"hold"},{"time":312,"angle":330,"angle2":270,"duration":0.25,"type":"hold"},{"time":313,"angle":210,"angle2":150,"duration":0.25,"type":"hold"},{"time":314.25,"type":"block","angle":90},{"time":314.5,"type":"block","angle":90},{"time":314.75,"type":"block","angle":90},{"time":315.25,"type":"block","angle":30},{"time":315.5,"type":"block","angle":30},{"time":315.75,"type":"block","angle":30},{"time":316.25,"type":"block","angle":330},{"time":316.5,"type":"block","angle":330},{"time":316.75,"type":"block","angle":330},{"time":317,"angle":270,"angle2":210,"duration":0.25,"type":"hold"},{"time":318.25,"type":"block","angle":150},{"time":318.5,"type":"block","angle":150},{"time":318.75,"type":"block","angle":150},{"time":319.25,"type":"block","angle":90},{"time":319.5,"type":"block","angle":90},{"time":319.75,"type":"block","angle":90},{"time":320,"angle":30,"angle2":-30,"duration":0.25,"type":"hold"},{"time":321,"angle":270,"angle2":210,"duration":0.25,"type":"hold"},{"time":321,"angle":90,"speedMult":1.5,"type":"extraTap"},{"time":322,"angle":90,"speedMult":1.5,"type":"extraTap"},{"time":323,"angle":90,"speedMult":1.5,"type":"extraTap"},{"time":324,"angle":90,"speedMult":1.5,"type":"extraTap"},{"time":325,"angle":90,"speedMult":1.5,"type":"extraTap"},{"time":326,"angle":90,"speedMult":1.5,"type":"extraTap"},{"time":327,"angle":90,"speedMult":1.5,"type":"extraTap"},{"time":328,"angle":105,"speedMult":1.5,"type":"extraTap"},{"time":329,"angle":90,"speedMult":1.5,"type":"extraTap"},{"time":330,"angle":90,"speedMult":1.5,"type":"extraTap"},{"time":331,"angle":90,"speedMult":1.5,"type":"extraTap"},{"time":332,"angle":90,"speedMult":1.5,"type":"extraTap"},{"time":333,"angle":90,"speedMult":1.5,"type":"extraTap"},{"time":334,"angle":90,"speedMult":1.5,"type":"extraTap"},{"time":335,"angle":90,"speedMult":1.5,"type":"extraTap"},{"time":336,"angle":90,"speedMult":1.5,"type":"extraTap"},{"time":337,"angle":90,"speedMult":1.5,"type":"extraTap"},{"time":322.25,"type":"block","angle":150},{"time":322.5,"type":"block","angle":150},{"time":322.75,"type":"block","angle":150},{"time":323.25,"type":"block","angle":90},{"time":323.5,"type":"block","angle":90},{"time":323.75,"type":"block","angle":90},{"time":324.25,"type":"block","angle":30},{"time":324.5,"type":"block","angle":30},{"time":324.75,"type":"block","angle":30},{"time":325,"angle":330,"angle2":270,"duration":0.25,"type":"hold"},{"time":326.25,"type":"block","angle":210},{"time":326.5,"type":"block","angle":210},{"time":326.75,"type":"block","angle":210},{"time":327.25,"type":"block","angle":150},{"time":327.5,"type":"block","angle":150},{"time":327.75,"type":"block","angle":150},{"time":328,"angle":90,"angle2":30,"duration":0.25,"type":"hold"},{"time":329,"angle":330,"angle2":270,"duration":0.25,"type":"hold"},{"time":330.25,"type":"block","angle":210},{"time":330.5,"type":"block","angle":210},{"time":330.75,"type":"block","angle":210},{"time":331.25,"type":"block","angle":150},{"time":331.5,"type":"block","angle":150},{"time":331.75,"type":"block","angle":150},{"time":332.25,"type":"block","angle":90},{"time":332.5,"type":"block","angle":90},{"time":332.75,"type":"block","angle":90},{"time":333,"angle":30,"angle2":-30,"duration":0.25,"type":"hold"},{"time":334.25,"type":"block","angle":270},{"time":334.5,"type":"block","angle":270},{"time":334.75,"type":"block","angle":270},{"time":335.25,"type":"block","angle":210},{"time":335.5,"type":"block","angle":210},{"time":335.75,"type":"block","angle":210},{"time":336,"angle":150,"angle2":90,"duration":0.25,"type":"hold"},{"time":337,"angle":30,"angle2":-30,"duration":0.25,"type":"hold"},{"time":338,"angle":90,"speedMult":1.5,"type":"extraTap"},{"time":339,"angle":90,"speedMult":1.5,"type":"extraTap"},{"time":340,"angle":90,"speedMult":1.5,"type":"extraTap"},{"time":341,"angle":90,"speedMult":1.5,"type":"extraTap"},{"time":342,"angle":90,"speedMult":1.5,"type":"extraTap"},{"time":343,"angle":90,"speedMult":1.5,"type":"extraTap"},{"time":344,"angle":90,"speedMult":1.5,"type":"extraTap"},{"time":345,"angle":90,"speedMult":1.5,"type":"extraTap"},{"time":346,"angle":90,"speedMult":1.5,"type":"extraTap"},{"time":347,"angle":90,"speedMult":1.5,"type":"extraTap"},{"time":348,"angle":90,"speedMult":1.5,"type":"extraTap"},{"time":349,"angle":90,"speedMult":1.5,"type":"extraTap"},{"time":350,"angle":90,"speedMult":1.5,"type":"extraTap"},{"time":351,"angle":90,"speedMult":1.5,"type":"extraTap"},{"time":352,"angle":90,"speedMult":1.5,"type":"extraTap"},{"time":353,"angle":90,"speedMult":1.5,"type":"extraTap"},{"time":354,"angle":90,"speedMult":1.5,"type":"extraTap"},{"time":355,"angle":90,"speedMult":1.5,"type":"extraTap"},{"time":356,"angle":90,"speedMult":1.5,"type":"extraTap"},{"time":357,"angle":105,"speedMult":1.5,"type":"extraTap"},{"time":358,"angle":90,"speedMult":1.5,"type":"extraTap"},{"time":359,"angle":90,"speedMult":1.5,"type":"extraTap"},{"time":360,"angle":90,"speedMult":1.5,"type":"extraTap"},{"time":361,"angle":90,"speedMult":1.5,"type":"extraTap"},{"time":338.25,"type":"block","angle":270},{"time":338.5,"type":"block","angle":270},{"time":338.75,"type":"block","angle":270},{"time":339.25,"type":"block","angle":150},{"time":339.5,"type":"block","angle":150},{"time":339.75,"type":"block","angle":150},{"time":340.25,"type":"block","angle":30},{"time":340.5,"type":"block","angle":30},{"time":340.75,"type":"block","angle":30},{"time":341,"angle":330,"angle2":270,"duration":0.25,"type":"hold"},{"time":342.25,"type":"block","angle":210},{"time":342.25,"type":"block","angle":210},{"time":342.5,"type":"block","angle":210},{"time":342.75,"type":"block","angle":210},{"time":343.25,"type":"block","angle":90},{"time":343.5,"type":"block","angle":90},{"time":343.75,"type":"block","angle":90},{"time":344,"angle":30,"angle2":-30,"duration":0.25,"type":"hold"},{"time":345,"angle":270,"angle2":210,"duration":0.25,"type":"hold"},{"time":346.25,"type":"block","angle":150},{"time":346.5,"type":"block","angle":150},{"time":346.75,"type":"block","angle":150},{"time":347.25,"type":"block","angle":30},{"time":347.5,"type":"block","angle":30},{"time":347.75,"type":"block","angle":30},{"time":348.25,"type":"block","angle":270},{"time":348.5,"type":"block","angle":270},{"time":348.75,"type":"block","angle":270},{"time":349,"angle":210,"angle2":150,"duration":0.25,"type":"hold"},{"time":350.25,"type":"block","angle":90},{"time":350.5,"type":"block","angle":90},{"time":350.75,"type":"block","angle":90},{"time":351.25,"type":"block","angle":330},{"time":351.5,"type":"block","angle":330},{"time":351.75,"type":"block","angle":330},{"time":352,"angle":270,"angle2":210,"duration":0.25,"type":"hold"},{"time":353,"angle":150,"angle2":90,"duration":0.25,"type":"hold"},{"time":354.25,"type":"block","angle":30},{"time":354.5,"type":"block","angle":30},{"time":354.75,"type":"block","angle":30},{"time":355.25,"type":"block","angle":270},{"time":355.5,"type":"block","angle":270},{"time":355.75,"type":"block","angle":270},{"time":356.25,"type":"block","angle":150},{"time":356.5,"type":"block","angle":150},{"time":356.75,"type":"block","angle":150},{"time":357,"angle":90,"angle2":30,"duration":0.25,"type":"hold"},{"time":358.25,"type":"block","angle":330},{"time":358.5,"type":"block","angle":330},{"time":358.75,"type":"block","angle":330},{"time":359.25,"type":"block","angle":210},{"time":359.5,"type":"block","angle":210},{"time":359.75,"type":"block","angle":210},{"time":360,"angle":150,"angle2":90,"duration":0.25,"type":"hold"},{"time":361,"type":"block","angle":30},{"time":361.25,"type":"block","angle":30},{"time":361.5,"type":"block","angle":30},{"time":361.75,"type":"block","angle":30},{"time":362,"type":"block","angle":0},{"time":362.25,"type":"block","angle":0},{"time":362.5,"type":"block","angle":0},{"time":362.75,"type":"block","angle":360},{"time":363,"type":"block","angle":330},{"time":363.25,"type":"block","angle":330},{"time":363.5,"type":"block","angle":330},{"time":363.75,"type":"block","angle":330},{"time":364,"type":"block","angle":300},{"time":364.25,"type":"block","angle":300},{"time":364.5,"type":"block","angle":300},{"time":364.75,"type":"block","angle":300},{"time":366,"type":"side","angle":240},{"time":366.25,"angle":225,"angle2":315,"duration":0.75,"type":"hold","holdEase":"inQuad"},{"time":367.5,"type":"block","angle":345},{"time":368,"type":"side","angle":315},{"time":368.5,"type":"side","angle":315},{"time":369,"type":"side","angle":315},{"time":365,"type":"block","angle":270},{"time":365.25,"type":"block","angle":270},{"time":365.5,"type":"block","angle":270},{"time":365.75,"type":"block","angle":270}]