{"metadata":{"bgData":{"redChannel":{"g":0,"b":0,"r":255},"blueChannel":{"g":40,"b":40,"r":127},"greenChannel":{"g":255,"b":255,"r":255},"yellowChannel":{"g":255,"b":255,"r":255},"image":"triangle.png","cyanChannel":{"g":255,"b":255,"r":255},"magentaChannel":{"g":255,"b":255,"r":255}},"songName":"The Fraud Triangle","artistLink":"https://www.youtube.com/@Packtion","difficulty":8,"artist":"Packtion","description":"triangular\nUses: Sides, Mines","bg":true,"charter":"owaloid"},"properties":{"formatversion":13,"speed":150,"offset":8,"loadBeat":-1,"startBeat":0},"events":[{"time":2,"angle":240,"bpm":125,"file":"triangle1.ogg","type":"play","volume":1},{"color":1,"time":-2,"angle":247.5,"type":"setBgColor"},{"color":2,"time":-2,"angle":225,"b":0,"g":0,"type":"setColor","r":255},{"color":2,"time":-2,"angle":135,"enable":true,"type":"outline"},{"newWidth":40,"time":40.5,"angle":240,"paddle":1,"duration":0.75,"type":"paddles","ease":"inSine"},{"newWidth":70,"time":49,"angle":75,"paddle":1,"duration":0.75,"type":"paddles","ease":"inSine"},{"newWidth":40,"time":113,"angle":247.5,"paddle":1,"duration":1,"type":"paddles","ease":"inOutSine"},{"ease":"inOutSine","time":174,"angle":90,"newWidth":280,"duration":4,"type":"paddles","paddle":1},{"ease":"inOutSine","time":241,"angle":202.5,"newWidth":70,"duration":2,"type":"paddles","paddle":1},{"ease":"inQuart","time":255,"angle":90,"newWidth":280,"duration":3,"type":"paddles","paddle":1},{"newWidth":70,"time":272.5,"angle":270,"paddle":1,"duration":1,"type":"paddles","ease":"inQuad"},{"newWidth":180,"time":285.5,"angle":120,"paddle":1,"duration":1,"type":"paddles","ease":"outQuad"},{"newWidth":70,"time":304.5,"angle":90,"paddle":1,"duration":0.5,"type":"paddles","ease":"inSine"},{"time":369.5,"type":"showResults","angle":315},{"time":211,"angle":292.5,"enable":true,"type":"hom"},{"value":1,"time":211,"start":0.0049999998882413,"angle":315,"duration":1.5,"type":"ease","var":"vfx.bgNoise"},{"color":1,"time":213,"angle":337.5,"chance":0.80000001192093,"type":"noise"},{"color":1,"time":211,"angle":337.5,"chance":0.10000000149012,"type":"noise"},{"start":1,"time":213,"angle":315,"value":0.0049999998882413,"duration":0.80000001192093,"type":"ease","var":"vfx.bgNoise"},{"color":1,"time":214,"angle":337.5,"chance":1,"type":"noise"},{"angle":315,"value":0.0049999998882413,"start":1,"time":214,"duration":1,"type":"ease","var":"vfx.bgNoise"},{"value":0,"time":215,"angle":315,"start":0.0049999998882413,"duration":2,"type":"ease","var":"vfx.bgNoise"},{"color":1,"time":215,"angle":337.5,"chance":0.10000000149012,"type":"noise"},{"angle":315,"time":219,"start":0.0049999998882413,"value":1,"duration":1.5,"type":"ease","var":"vfx.bgNoise"},{"color":1,"time":219,"angle":337.5,"chance":0.10000000149012,"type":"noise"},{"value":1,"time":227,"start":0.0049999998882413,"angle":315,"duration":1.5,"type":"ease","var":"vfx.bgNoise"},{"color":1,"time":227,"angle":337.5,"chance":0.10000000149012,"type":"noise"},{"value":0,"time":223,"angle":315,"start":0.0049999998882413,"duration":2,"type":"ease","var":"vfx.bgNoise"},{"color":1,"time":223,"angle":337.5,"chance":0.10000000149012,"type":"noise"},{"value":0,"time":231,"angle":315,"start":0.0049999998882413,"duration":2,"type":"ease","var":"vfx.bgNoise"},{"color":1,"time":231,"angle":337.5,"chance":0.10000000149012,"type":"noise"},{"color":1,"time":217,"angle":337.5,"chance":0.80000001192093,"type":"noise"},{"start":1,"time":217,"angle":315,"value":0.0049999998882413,"duration":0.80000001192093,"type":"ease","var":"vfx.bgNoise"},{"color":1,"time":221,"angle":337.5,"chance":0.80000001192093,"type":"noise"},{"start":1,"time":221,"angle":315,"value":0.0049999998882413,"duration":0.80000001192093,"type":"ease","var":"vfx.bgNoise"},{"color":1,"time":225,"angle":337.5,"chance":0.80000001192093,"type":"noise"},{"start":1,"time":225,"angle":315,"value":0.0049999998882413,"duration":0.80000001192093,"type":"ease","var":"vfx.bgNoise"},{"color":1,"time":229,"angle":337.5,"chance":0.80000001192093,"type":"noise"},{"start":1,"time":229,"angle":315,"value":0.0049999998882413,"duration":0.80000001192093,"type":"ease","var":"vfx.bgNoise"},{"color":1,"time":233,"angle":337.5,"chance":0.80000001192093,"type":"noise"},{"start":1,"time":233,"angle":315,"value":0.0049999998882413,"duration":0.80000001192093,"type":"ease","var":"vfx.bgNoise"},{"color":1,"time":218,"angle":337.5,"chance":1,"type":"noise"},{"angle":315,"value":0.0049999998882413,"start":1,"time":218,"duration":1,"type":"ease","var":"vfx.bgNoise"},{"color":1,"time":222,"angle":337.5,"chance":1,"type":"noise"},{"angle":315,"value":0.0049999998882413,"start":1,"time":222,"duration":1,"type":"ease","var":"vfx.bgNoise"},{"color":1,"time":226,"angle":337.5,"chance":1,"type":"noise"},{"angle":315,"value":0.0049999998882413,"start":1,"time":226,"duration":1,"type":"ease","var":"vfx.bgNoise"},{"color":1,"time":230,"angle":337.5,"chance":1,"type":"noise"},{"angle":315,"value":0.0049999998882413,"start":1,"time":230,"duration":1,"type":"ease","var":"vfx.bgNoise"},{"color":1,"time":234,"angle":337.5,"chance":1,"type":"noise"},{"value":0,"time":234,"angle":315,"start":1,"duration":1,"type":"ease","var":"vfx.bgNoise"},{"time":234,"angle":360,"enable":false,"type":"hom"},{"value":0.80000001192093,"time":290,"angle":315,"start":0.0049999998882413,"duration":0.75,"type":"ease","var":"vfx.bgNoise"},{"color":1,"time":290,"angle":337.5,"chance":0.10000000149012,"type":"noise"},{"start":0.0049999998882413,"value":0.80000001192093,"angle":315,"time":291,"duration":0.75,"type":"ease","var":"vfx.bgNoise"},{"color":1,"time":291,"angle":337.5,"chance":0.10000000149012,"type":"noise"},{"angle":315,"time":292,"start":0.0049999998882413,"value":0.80000001192093,"duration":0.75,"type":"ease","var":"vfx.bgNoise"},{"color":1,"time":292,"angle":337.5,"chance":0.10000000149012,"type":"noise"},{"angle":315,"time":293,"start":0.0049999998882413,"value":0.80000001192093,"duration":0.75,"type":"ease","var":"vfx.bgNoise"},{"color":1,"time":293,"angle":337.5,"chance":0.10000000149012,"type":"noise"},{"start":0.0049999998882413,"time":294,"angle":315,"value":0.80000001192093,"duration":0.75,"type":"ease","var":"vfx.bgNoise"},{"color":1,"time":294,"angle":337.5,"chance":0.10000000149012,"type":"noise"},{"angle":315,"time":295,"start":0.0049999998882413,"value":0.80000001192093,"duration":0.75,"type":"ease","var":"vfx.bgNoise"},{"color":1,"time":295,"angle":337.5,"chance":0.10000000149012,"type":"noise"},{"angle":315,"time":296,"start":0.0049999998882413,"value":0.80000001192093,"duration":0.75,"type":"ease","var":"vfx.bgNoise"},{"color":1,"time":296,"angle":337.5,"chance":0.10000000149012,"type":"noise"},{"time":297,"value":0,"angle":292.5,"start":0.80000001192093,"duration":0.5,"type":"ease","var":"vfx.bgNoise"},{"color":1,"time":297,"angle":337.5,"chance":0.10000000149012,"type":"noise"},{"time":297,"angle":0,"enable":false,"type":"hom"},{"time":290,"angle":292.5,"enable":true,"type":"hom"},{"time":306,"value":5,"angle":135,"type":"ease","var":"vfx.hglitch.strength"},{"value":1.1499999761581,"start":1,"duration":1,"repeats":54,"repeatDelay":1,"var":"vfx.canvPos.sx","time":306,"angle":180,"type":"ease"},{"value":1.2000000476837,"start":1,"duration":1,"repeats":54,"repeatDelay":1,"var":"vfx.canvPos.sy","time":306,"angle":202.5,"type":"ease"},{"value":1,"start":1.2000000476837,"time":361,"angle":67.5,"type":"ease","var":"vfx.canvPos.sx"},{"time":361,"angle":45,"start":1.2000000476837,"value":1,"type":"ease","var":"vfx.canvPos.sy"},{"value":0,"time":366,"angle":270,"type":"ease","var":"vfx.hglitch.strength"},{"color":4,"time":-2,"angle":292.5,"b":0,"g":0,"type":"setColor","r":0},{"drawLayer":"bg","sprite":"trbig.png","x":-100,"time":16.5,"angle":315,"id":"1","type":"deco","y":-40},{"drawLayer":"bg","sprite":"trbig.png","x":100,"time":17,"angle":292.5,"id":"2","type":"deco","y":160},{"color":5,"time":-2,"angle":315,"b":0,"g":0,"type":"setColor","r":0},{"x":300,"time":18,"angle":292.5,"id":"1","duration":16,"type":"deco","ease":"inSine"},{"x":-200,"time":18,"angle":270,"id":"2","duration":16,"type":"deco","ease":"inSine"},{"ease":"inSine","time":34,"angle":135,"id":"1","duration":16,"type":"deco","y":160},{"ease":"inSine","time":34,"angle":157.5,"id":"2","duration":16,"type":"deco","y":-50},{"x":-600,"time":48.5,"angle":135,"id":"1","duration":2,"type":"deco","ease":"inBack"},{"x":600,"time":48.5,"angle":112.5,"id":"2","duration":2,"type":"deco","ease":"inBack"},{"color":5,"time":0,"angle":315,"type":"setColor"},{"color":2,"time":16.5,"angle":270,"chance":0.98000001907349,"type":"noise"},{"drawLayer":"bg","sprite":"trbig.png","x":-600,"y":0,"angle":292.5,"id":"step1","type":"deco","time":49.5},{"x":-500,"time":50,"angle":292.5,"ease":"inQuad","duration":1,"type":"deco","id":"step1"},{"x":-400,"time":52,"angle":292.5,"id":"step1","duration":1,"type":"deco","ease":"inQuad"},{"x":-300,"time":54,"angle":292.5,"id":"step1","duration":1,"type":"deco","ease":"inQuad"},{"x":-200,"time":55.5,"angle":292.5,"ease":"inQuad","duration":1,"type":"deco","id":"step1"},{"x":-100,"time":57,"angle":292.5,"id":"step1","duration":1,"type":"deco","ease":"outQuad"},{"x":0,"time":58,"angle":292.5,"id":"step1","duration":1,"type":"deco","ease":"inQuad"},{"x":100,"time":60,"angle":292.5,"id":"step1","duration":1,"type":"deco","ease":"inQuad"},{"x":200,"time":62,"angle":292.5,"id":"step1","duration":1,"type":"deco","ease":"inQuad"},{"x":300,"time":63.5,"angle":292.5,"id":"step1","duration":1,"type":"deco","ease":"inQuad"},{"x":500,"time":66,"angle":292.5,"ease":"inQuad","duration":1,"type":"deco","id":"step1"},{"x":600,"time":68,"angle":292.5,"ease":"inQuad","duration":1,"type":"deco","id":"step1"},{"x":400,"time":65,"angle":292.5,"id":"step1","duration":1,"type":"deco","ease":"outQuad"},{"drawLayer":"bg","sprite":"trbig.png","x":600,"y":120,"angle":157.5,"time":81.5,"type":"deco","id":"step2"},{"ease":"inQuad","time":82,"angle":157.5,"x":500,"duration":1,"type":"deco","id":"step2"},{"ease":"inQuad","time":84,"angle":157.5,"id":"step2","duration":1,"type":"deco","x":400},{"ease":"inQuad","time":86,"angle":157.5,"id":"step2","duration":1,"type":"deco","x":300},{"ease":"inQuad","time":87.5,"angle":157.5,"id":"step2","duration":1,"type":"deco","x":200},{"ease":"outQuad","time":89,"angle":157.5,"x":100,"duration":1,"type":"deco","id":"step2"},{"ease":"inQuad","time":90,"angle":157.5,"id":"step2","duration":1,"type":"deco","x":0},{"ease":"inQuad","time":92,"angle":157.5,"x":-100,"duration":1,"type":"deco","id":"step2"},{"ease":"inQuad","time":94,"angle":157.5,"id":"step2","duration":1,"type":"deco","x":-200},{"ease":"inQuad","time":96,"angle":157.5,"id":"step2","duration":1,"type":"deco","x":-300},{"ease":"inQuad","time":97.5,"angle":157.5,"x":-400,"duration":1,"type":"deco","id":"step2"},{"ease":"outQuad","time":99,"angle":157.5,"id":"step2","duration":1,"type":"deco","x":-500},{"ease":"inQuad","time":100,"angle":157.5,"x":-600,"duration":1,"type":"deco","id":"step2"},{"color":2,"time":114,"angle":292.5,"chance":0,"type":"noise"},{"drawLayer":"bg","sprite":"circle.png","x":-140,"y":-60,"angle":67.5,"time":146,"type":"deco","id":"circ1"},{"time":146,"angle":90,"enable":true,"type":"hom"},{"color":1,"time":178,"angle":225,"chance":0.95999997854233,"type":"noise"},{"sx":0,"sy":0,"id":"circ1","duration":1,"time":209,"angle":315,"type":"deco","ease":"inQuad"}]}