[{"type":"block","time":3.875,"angle":356.96441650391},{"type":"block","time":4.5416665077209,"angle":359.72454833984},{"type":"block","time":5.5,"angle":356.10986328125},{"type":"block","time":5.0416665077209,"angle":0.69027721881866},{"type":"block","time":5.8333334922791,"angle":357.96496582031},{"type":"block","time":6.5416665077209,"angle":355.6012878418},{"type":"block","time":7.0416665077209,"angle":0},{"type":"block","time":7.5,"angle":2.1132764816284},{"type":"block","time":8.5,"angle":1.7134653329849},{"type":"block","time":9.375,"angle":358.89828491211},{"type":"block","time":10.375,"angle":1.4782726764679},{"type":"block","time":14.416666984558,"angle":1.2060487270355},{"type":"mine","time":12,"angle":358.95837402344},{"type":"mine","time":12.5,"angle":358.57678222656},{"type":"mine","time":13,"angle":0.50479555130005},{"type":"mine","time":13.5,"angle":358.7939453125},{"type":"mine","time":14,"angle":359.49298095703},{"type":"mine","time":14.5,"angle":357.87173461914},{"type":"mine","time":15,"angle":1.4943336248398},{"type":"mine","time":16,"angle":357.53189086914},{"type":"mine","time":15.5,"angle":359.45086669922},{"type":"mine","time":16.5,"angle":0.9093804359436},{"type":"mine","time":17,"angle":2.1515188217163},{"type":"mine","time":17.5,"angle":359.16967773438},{"type":"mine","time":18,"angle":359.11312866211},{"type":"mine","time":18.5,"angle":0.52724689245224},{"type":"mine","time":19,"angle":357.04205322266},{"type":"mine","time":19.5,"angle":358.93249511719},{"type":"mine","time":20,"angle":2.6195487976074},{"type":"mine","time":20.5,"angle":0.21299448609352},{"type":"mine","time":21.5,"angle":1.7691912651062},{"type":"mine","time":21,"angle":1.7061783075333},{"type":"mine","time":22,"angle":2.922712802887},{"type":"mine","time":22.5,"angle":359.10830688477},{"type":"mine","time":23,"angle":0.59888875484467},{"type":"mine","time":23.5,"angle":0},{"type":"mine","time":24,"angle":358.10348510742},{"type":"mine","time":24.5,"angle":1.8476102352142},{"type":"mine","time":25,"angle":0.21785362064838},{"type":"mine","time":25.5,"angle":358.18743896484},{"type":"mine","time":26,"angle":0.89517372846603},{"type":"mine","time":26.5,"angle":359.29559326172},{"type":"mine","time":27,"angle":3.0127875804901},{"type":"mine","time":27.5,"angle":357.01571655273},{"type":"mine","time":28,"angle":-358.95837402344},{"type":"mine","time":28.5,"angle":-358.57678222656},{"type":"mine","time":29,"angle":-0.50479555130005},{"type":"mine","time":29.5,"angle":-358.7939453125},{"type":"mine","time":30,"angle":-359.49298095703},{"type":"mine","time":30.5,"angle":-357.87173461914},{"type":"mine","time":31,"angle":-1.4943336248398},{"type":"mine","time":32,"angle":-357.53189086914},{"type":"mine","time":31.5,"angle":-359.45086669922},{"type":"mine","time":32.5,"angle":-0.9093804359436},{"type":"mine","time":33,"angle":-2.1515188217163},{"type":"mine","time":33.5,"angle":-359.16967773438},{"type":"mine","time":34,"angle":-359.11312866211},{"type":"mine","time":34.5,"angle":-0.52724689245224},{"type":"mine","time":35,"angle":-357.04205322266},{"type":"mine","time":35.5,"angle":-358.93249511719},{"type":"mine","time":36,"angle":-2.6195487976074},{"type":"mine","time":36.5,"angle":-0.21299448609352},{"type":"mine","time":37.5,"angle":-1.7691912651062},{"type":"mine","time":37,"angle":-1.7061783075333},{"type":"mine","time":38,"angle":-2.922712802887},{"type":"mine","time":38.5,"angle":-359.10830688477},{"type":"mine","time":39,"angle":-0.59888875484467},{"type":"mine","time":39.5,"angle":0},{"type":"mine","time":40,"angle":-358.10348510742},{"type":"mine","time":40.5,"angle":-1.8476102352142},{"type":"mine","time":41,"angle":-0.21785362064838},{"type":"mine","time":41.5,"angle":-358.18743896484},{"type":"mine","time":42,"angle":-0.89517372846603},{"type":"mine","time":42.5,"angle":-359.29559326172},{"type":"mine","time":43,"angle":-3.0127875804901},{"type":"mine","time":43.5,"angle":-357.01571655273},{"type":"mine","time":44,"angle":359.03713989258},{"type":"mine","time":46.5,"angle":357.84906005859},{"type":"mine","time":47.75,"angle":1.0708245038986},{"type":"mine","time":47.875,"angle":1.8840502500534},{"type":"mine","time":48.375,"angle":357.99545288086},{"type":"mine","time":50.5,"angle":0.77422016859055},{"type":"mine","time":52,"angle":358.35882568359},{"type":"mine","time":52.5,"angle":0},{"angle2":-10,"type":"mineHold","time":45,"angle":0,"duration":0},{"angle2":0,"type":"mineHold","time":47,"angle":10,"duration":0},{"angle2":-10,"type":"mineHold","time":49,"angle":0,"duration":0},{"angle2":0,"type":"mineHold","time":51,"angle":10,"duration":0},{"angle2":-10,"type":"mineHold","time":53,"angle":0,"duration":0},{"angle2":0,"type":"mineHold","time":55,"angle":10,"duration":0},{"type":"mine","time":54.5,"angle":357.63375854492},{"type":"mine","time":55.75,"angle":0.36034604907036},{"type":"mine","time":55.875,"angle":357.98336791992},{"type":"mine","time":56.375,"angle":358.82485961914},{"angle2":-10,"type":"mineHold","time":57,"angle":0,"duration":0},{"angle2":0,"type":"mineHold","time":59,"angle":10,"duration":0},{"type":"mine","time":58.375,"angle":357.7223815918},{"type":"mine","time":58.25,"angle":358.08020019531},{"type":"mine","time":60,"angle":358.35882568359},{"type":"mine","time":60.5,"angle":0},{"angle2":-10,"type":"mineHold","time":61,"angle":0,"duration":0},{"angle2":0,"type":"mineHold","time":63,"angle":10,"duration":0},{"type":"mine","time":62.5,"angle":357.63375854492},{"type":"mine","time":63.75,"angle":0.36034604907036},{"type":"mine","time":63.875,"angle":357.98336791992},{"type":"mine","time":64.375,"angle":358.82485961914},{"angle2":-10,"type":"mineHold","time":65,"angle":0,"duration":0},{"angle2":0,"type":"mineHold","time":67,"angle":10,"duration":0},{"type":"mine","time":66.375,"angle":357.7223815918},{"angle2":10,"type":"mineHold","time":61,"angle":2,"duration":0},{"angle2":-10,"type":"mineHold","time":63,"angle":-2,"duration":0},{"angle2":10,"type":"mineHold","time":65,"angle":2,"duration":0},{"angle2":-10,"type":"mineHold","time":67,"angle":-2,"duration":0},{"type":"mine","time":68,"angle":358.35882568359},{"type":"mine","time":68.5,"angle":0},{"angle2":-10,"type":"mineHold","time":69,"angle":0,"duration":0},{"angle2":0,"type":"mineHold","time":71,"angle":10,"duration":0},{"type":"mine","time":70.5,"angle":357.63375854492},{"type":"mine","time":71.75,"angle":0.36034604907036},{"type":"mine","time":71.875,"angle":357.98336791992},{"type":"mine","time":72.375,"angle":358.82485961914},{"angle2":-10,"type":"mineHold","time":73,"angle":0,"duration":0},{"type":"mine","time":74.375,"angle":357.7223815918},{"angle2":10,"type":"mineHold","time":69,"angle":2,"duration":0},{"angle2":-10,"type":"mineHold","time":71,"angle":-2,"duration":0},{"angle2":10,"type":"mineHold","time":73,"angle":2,"duration":0},{"angle2":10,"type":"mineHold","time":75,"angle":1,"duration":0},{"angle2":-10,"type":"mineHold","time":75,"angle":-1,"duration":0},{"type":"hold","duration":4,"angle":0,"time":76,"angle2":-2,"holdEase":"inOutSine"},{"type":"hold","duration":4,"angle":-2,"time":80,"angle2":2,"holdEase":"inOutSine"},{"type":"hold","duration":4,"angle":2,"time":84,"angle2":-2,"holdEase":"inBack"},{"type":"hold","duration":4,"angle":-2,"time":88,"angle2":1,"holdEase":"outSine"},{"type":"mineHold","duration":4,"angle":0,"time":92,"angle2":-1,"holdEase":"inOutSine"},{"type":"mineHold","duration":4,"angle":2,"time":92,"angle2":1,"holdEase":"inOutSine"},{"type":"mineHold","duration":0,"angle":0,"time":92,"angle2":-7,"holdEase":"inOutSine"},{"angle2":10,"type":"mineHold","time":92,"angle":2,"duration":0},{"type":"mineHold","duration":4,"angle":-1,"time":96,"angle2":-2,"holdEase":"inOutSine"},{"type":"mineHold","duration":4,"angle":1,"time":96,"angle2":0,"holdEase":"inOutSine"},{"type":"mineHold","duration":4,"angle":0,"time":100,"angle2":2,"holdEase":"inOutSine"},{"type":"mineHold","duration":4,"angle":-2,"time":100,"angle2":0,"holdEase":"inOutSine"},{"type":"mineHold","duration":4,"angle":0,"time":104,"angle2":-1,"holdEase":"inOutSine"},{"type":"mineHold","duration":4,"angle":2,"time":104,"angle2":1,"holdEase":"inOutSine"},{"type":"block","time":96,"angle":0},{"type":"block","time":100,"angle":-1},{"type":"block","time":104,"angle":1},{"type":"block","time":108,"angle":0},{"type":"block","time":109,"angle":-2},{"type":"block","time":110.5,"angle":359},{"type":"block","time":111,"angle":2},{"type":"block","time":112,"angle":0.5},{"type":"block","time":111.875,"angle":1},{"type":"block","time":112.5,"angle":359.38394165039},{"type":"block","time":113,"angle":1.1233026981354},{"type":"block","time":114.5,"angle":358.67291259766},{"type":"block","time":115,"angle":358.69403076172},{"type":"block","time":116,"angle":358.87670898438},{"type":"block","time":117,"angle":0.38452965021133},{"type":"block","time":118.5,"angle":1.8626209497452},{"type":"block","time":119,"angle":0.50258165597916},{"type":"block","time":120,"angle":0},{"type":"block","time":119.875,"angle":359.64633178711},{"type":"block","time":120.5,"angle":0},{"type":"block","time":121,"angle":0.67974674701691},{"type":"mineHold","duration":14,"angle":353,"time":110,"angle2":358.48016357422,"holdEase":"inOutSine"},{"type":"mineHold","duration":14,"angle":7,"time":110,"angle2":1,"holdEase":"inOutSine"},{"type":"block","time":121.875,"angle":0},{"type":"block","time":122.375,"angle":-0.2097635269165},{"type":"block","time":122.5,"angle":359.63272094727},{"type":"block","time":123,"angle":359.57559204102},{"type":"block","time":125,"angle":359.8127746582},{"type":"block","time":127,"angle":358.24615478516},{"type":"block","time":128,"angle":0.40000000596046},{"type":"block","time":127.875,"angle":-0.0021201372146606},{"type":"block","time":126.5,"angle":-1},{"type":"block","time":128.5,"angle":358.6028137207},{"type":"block","time":129,"angle":1.5747450590134},{"type":"block","time":130.5,"angle":359.89117431641},{"type":"block","time":131,"angle":1.7161599397659},{"type":"block","time":132,"angle":358.02505493164},{"type":"mineHold","duration":3,"angle":5,"time":124,"angle2":0,"holdEase":"inSine"},{"type":"mineHold","duration":3,"angle":-5,"time":128,"angle2":0,"holdEase":"inSine"},{"type":"block","time":124,"angle":0},{"type":"block","time":133,"angle":0},{"type":"block","time":134.5,"angle":0},{"type":"block","time":135,"angle":358.16275024414},{"type":"mineHold","duration":3,"angle":5,"time":132,"angle2":0,"holdEase":"inSine"},{"type":"mineHold","duration":3,"angle":-5,"time":136,"angle2":0,"holdEase":"inSine"},{"type":"block","time":136,"angle":358.68005371094},{"type":"block","time":135.875,"angle":358.41619873047},{"type":"block","time":136.5,"angle":1.8822824954987},{"type":"block","time":137,"angle":0.5405101776123},{"type":"block","time":138.375,"angle":1.6846842765808},{"type":"block","time":138.5,"angle":2.213228225708},{"type":"block","time":139,"angle":1.8656524419785},{"type":"mine","time":140,"angle":357.55758666992},{"type":"mine","time":140.5,"angle":358.87670898438},{"type":"mine","time":141,"angle":0.20174486935139},{"type":"mine","time":141.5,"angle":1.7999999523163},{"type":"mine","time":142,"angle":-357.55758666992},{"type":"mine","time":142.5,"angle":-358.87670898438},{"type":"mine","time":143,"angle":-0.20174486935139},{"type":"mine","time":143.5,"angle":-1.7999999523163},{"type":"mine","time":144,"angle":357.55758666992},{"type":"mine","time":144.5,"angle":358.87670898438},{"type":"mine","time":145,"angle":0.20174486935139},{"type":"mine","time":145.5,"angle":1.7999999523163},{"type":"mine","time":146,"angle":-357.55758666992},{"type":"mine","time":146.5,"angle":-358.87670898438},{"type":"mine","time":147,"angle":-0.20174486935139},{"type":"mine","time":147.5,"angle":-1.7999999523163},{"type":"block","time":141,"angle":2.6582541465759},{"type":"block","time":143,"angle":357.76519775391},{"type":"block","time":145,"angle":357.68222045898},{"type":"block","time":147,"angle":1.8063702583313},{"type":"mine","time":148,"angle":357.05758666992},{"type":"mine","time":148.5,"angle":358.37670898438},{"type":"mine","time":149,"angle":-0.29825513064861},{"type":"mine","time":149.5,"angle":1.2999999523163},{"type":"mine","time":150,"angle":-358.05758666992},{"type":"mine","time":150.5,"angle":-359.37670898438},{"type":"mine","time":151,"angle":-0.70174486935139},{"type":"mine","time":151.5,"angle":-2.2999999523163},{"type":"mine","time":152,"angle":357.05758666992},{"type":"mine","time":152.5,"angle":358.37670898438},{"type":"mine","time":153,"angle":-0.29825513064861},{"type":"mine","time":153.5,"angle":1.2999999523163},{"type":"mine","time":154,"angle":-358.05758666992},{"type":"mine","time":154.5,"angle":-359.37670898438},{"type":"mine","time":155,"angle":-0.70174486935139},{"type":"mine","time":155.5,"angle":-2.2999999523163},{"type":"block","time":149,"angle":2.6582541465759},{"type":"block","time":151,"angle":357.76519775391},{"type":"block","time":153,"angle":357.68222045898},{"type":"block","time":155,"angle":1.8063702583313},{"type":"mine","time":148,"angle":358.05758666992},{"type":"mine","time":148.5,"angle":359.37670898438},{"type":"mine","time":149,"angle":0.70174486935139},{"type":"mine","time":149.5,"angle":2.2999999523163},{"type":"mine","time":150,"angle":-357.05758666992},{"type":"mine","time":150.5,"angle":-358.37670898438},{"type":"mine","time":151,"angle":0.29825513064861},{"type":"mine","time":151.5,"angle":-1.2999999523163},{"type":"mine","time":152,"angle":358.05758666992},{"type":"mine","time":152.5,"angle":359.37670898438},{"type":"mine","time":153,"angle":0.70174486935139},{"type":"mine","time":153.5,"angle":2.2999999523163},{"type":"mine","time":154,"angle":-357.05758666992},{"type":"mine","time":154.5,"angle":-358.37670898438},{"type":"mine","time":155,"angle":0.29825513064861},{"type":"mine","time":155.5,"angle":-1.2999999523163},{"type":"mine","time":156,"angle":358.05758666992},{"angle":0,"type":"extraTap","time":157,"speedMult":0.69999998807907},{"type":"block","time":157,"angle":360,"tap":true},{"angle":0,"type":"extraTap","time":159,"speedMult":0.69999998807907},{"type":"block","time":159,"angle":360,"tap":true},{"angle":0,"type":"extraTap","time":161,"speedMult":0.69999998807907},{"type":"block","time":161,"angle":360,"tap":true},{"angle":0,"type":"extraTap","time":163,"speedMult":0.69999998807907},{"type":"block","time":163,"angle":360,"tap":true},{"angle":2,"type":"extraTap","time":165,"speedMult":0.69999998807907},{"type":"block","time":165,"angle":362,"tap":true},{"angle":2,"type":"extraTap","time":167,"speedMult":0.69999998807907},{"type":"block","time":167,"angle":362,"tap":true},{"angle":-2,"type":"extraTap","time":169,"speedMult":0.69999998807907},{"type":"block","time":169,"angle":358,"tap":true},{"angle":-2,"type":"extraTap","time":171,"speedMult":0.69999998807907},{"type":"block","time":171,"angle":358,"tap":true},{"angle2":0,"type":"hold","time":176.5,"angle":0,"duration":2.5},{"type":"hold","duration":1,"angle":0,"time":179,"angle2":90,"holdEase":"inSine"},{"angle2":0,"type":"hold","time":180,"angle":-270,"duration":3},{"type":"hold","duration":1,"angle":360,"time":183,"angle2":420,"holdEase":"outSine"},{"type":"hold","duration":4,"angle":60,"time":184,"angle2":-180,"holdEase":"inSine"},{"angle2":0,"type":"hold","time":195.75,"angle":0,"duration":0.25},{"angle2":-180,"type":"hold","time":196,"angle":0,"duration":3},{"angle2":120,"type":"hold","time":199,"angle":180,"duration":1},{"angle2":30,"type":"mineHold","time":200,"angle":300,"duration":4},{"angle2":-150,"type":"hold","time":200,"angle":120,"duration":4},{"angle2":330,"type":"hold","time":206,"angle":180,"duration":2},{"angle2":450,"type":"hold","time":208,"angle":326.25,"duration":3},{"angle2":450,"type":"hold","time":208,"angle":337.5,"duration":3},{"angle2":135,"type":"hold","time":211,"angle":90,"duration":1},{"angle2":315,"type":"hold","time":212,"angle":135,"duration":4},{"angle2":540,"type":"hold","time":216,"angle":315,"duration":4},{"angle2":382.5,"type":"mineHold","time":212,"angle":225,"duration":4},{"angle2":247.5,"type":"mineHold","time":212,"angle":45,"duration":4},{"angle2":472.5,"type":"mineHold","time":216,"angle":247.5,"duration":4},{"angle2":247.5,"type":"mineHold","time":216,"angle":22.5,"duration":4},{"angle2":360,"type":"hold","time":224.5,"angle":360,"duration":2.5},{"angle2":315,"type":"hold","time":227,"angle":360,"duration":1.25},{"angle2":427.5,"type":"hold","time":228.25,"angle":315,"duration":2.75},{"angle2":-90,"type":"hold","time":231,"angle":67.5,"duration":1.5},{"type":"extraTap","time":237,"angle":270},{"type":"mine","time":236,"angle":360},{"type":"mine","time":236,"angle":90},{"type":"mine","time":236,"angle":180},{"type":"mine","time":236,"angle":270},{"type":"mine","time":238.5,"angle":45},{"type":"mine","time":238.5,"angle":315},{"type":"mine","time":238.5,"angle":225},{"type":"mine","time":238.5,"angle":135},{"type":"extraTap","time":239,"angle":360},{"type":"mine","time":240,"angle":360},{"type":"mine","time":240,"angle":90},{"type":"mine","time":240,"angle":180},{"type":"mine","time":240,"angle":270},{"type":"mine","time":239.83332824707,"angle":258.75},{"type":"mine","time":239.83332824707,"angle":348.75},{"type":"mine","time":239.83332824707,"angle":78.75},{"type":"mine","time":239.83332824707,"angle":168.75},{"type":"mine","time":240.5,"angle":315},{"type":"mine","time":240.5,"angle":45},{"type":"mine","time":240.5,"angle":135},{"type":"mine","time":240.5,"angle":225},{"type":"extraTap","time":241,"angle":0},{"type":"extraTap","time":243,"angle":0},{"type":"mine","time":242.5,"angle":225},{"type":"mine","time":242.5,"angle":315},{"type":"mine","time":242.5,"angle":45},{"type":"mine","time":242.5,"angle":135},{"type":"extraTap","time":245,"angle":270},{"type":"mine","time":244,"angle":360},{"type":"mine","time":244,"angle":90},{"type":"mine","time":244,"angle":180},{"type":"mine","time":244,"angle":270},{"type":"mine","time":246.5,"angle":45},{"type":"mine","time":246.5,"angle":315},{"type":"mine","time":246.5,"angle":225},{"type":"mine","time":246.5,"angle":135},{"type":"extraTap","time":247,"angle":360},{"type":"mine","time":248,"angle":360},{"type":"mine","time":248,"angle":90},{"type":"mine","time":248,"angle":180},{"type":"mine","time":248,"angle":270},{"type":"mine","time":247.83332824707,"angle":258.75},{"type":"mine","time":247.83332824707,"angle":348.75},{"type":"mine","time":247.83332824707,"angle":78.75},{"type":"mine","time":247.83332824707,"angle":168.75},{"type":"mine","time":248.5,"angle":315},{"type":"mine","time":248.5,"angle":45},{"type":"mine","time":248.5,"angle":135},{"type":"mine","time":248.5,"angle":225},{"type":"extraTap","time":249,"angle":0},{"type":"extraTap","time":251,"angle":0},{"type":"mine","time":250.5,"angle":225},{"type":"mine","time":250.5,"angle":315},{"type":"mine","time":250.5,"angle":45},{"type":"mine","time":250.5,"angle":135},{"type":"mine","time":250.375,"angle":213.75},{"type":"mine","time":250.375,"angle":303.75},{"type":"mine","time":250.375,"angle":33.75},{"type":"mine","time":250.375,"angle":123.75},{"type":"extraTap","time":253,"angle":292.5},{"type":"mine","time":252,"angle":382.5},{"type":"mine","time":252,"angle":112.5},{"type":"mine","time":252,"angle":202.5},{"type":"mine","time":252,"angle":292.5},{"type":"mine","time":254.5,"angle":67.5},{"type":"mine","time":254.5,"angle":337.5},{"type":"mine","time":254.5,"angle":247.5},{"type":"mine","time":254.5,"angle":157.5},{"type":"extraTap","time":255,"angle":382.5},{"type":"mine","time":256,"angle":382.5},{"type":"mine","time":256,"angle":112.5},{"type":"mine","time":256,"angle":202.5},{"type":"mine","time":256,"angle":292.5},{"type":"mine","time":255.83332824707,"angle":281.25},{"type":"mine","time":255.83332824707,"angle":371.25},{"type":"mine","time":255.83332824707,"angle":101.25},{"type":"mine","time":255.83332824707,"angle":191.25},{"type":"mine","time":256.5,"angle":337.5},{"type":"mine","time":256.5,"angle":67.5},{"type":"mine","time":256.5,"angle":157.5},{"type":"mine","time":256.5,"angle":247.5},{"type":"extraTap","time":257,"angle":22.5},{"type":"extraTap","time":259,"angle":22.5},{"type":"mine","time":258.5,"angle":247.5},{"type":"mine","time":258.5,"angle":337.5},{"type":"mine","time":258.5,"angle":67.5},{"type":"mine","time":258.5,"angle":157.5},{"type":"extraTap","time":261,"angle":292.5},{"type":"mine","time":260,"angle":382.5},{"type":"mine","time":260,"angle":112.5},{"type":"mine","time":260,"angle":202.5},{"type":"mine","time":260,"angle":292.5},{"type":"mine","time":262.5,"angle":67.5},{"type":"mine","time":262.5,"angle":337.5},{"type":"mine","time":262.5,"angle":247.5},{"type":"mine","time":262.5,"angle":157.5},{"type":"extraTap","time":263,"angle":382.5},{"type":"mine","time":264,"angle":382.5},{"type":"mine","time":264,"angle":112.5},{"type":"mine","time":264,"angle":202.5},{"type":"mine","time":264,"angle":292.5},{"type":"mine","time":263.83332824707,"angle":281.25},{"type":"mine","time":263.83332824707,"angle":371.25},{"type":"mine","time":263.83332824707,"angle":101.25},{"type":"mine","time":263.83332824707,"angle":191.25},{"type":"mine","time":264.5,"angle":337.5},{"type":"mine","time":264.5,"angle":67.5},{"type":"mine","time":264.5,"angle":157.5},{"type":"mine","time":264.5,"angle":247.5},{"type":"extraTap","time":265,"angle":22.5},{"type":"extraTap","time":267,"angle":22.5},{"type":"mine","time":266.5,"angle":247.5},{"type":"mine","time":266.5,"angle":337.5},{"type":"mine","time":266.5,"angle":67.5},{"type":"mine","time":266.5,"angle":157.5},{"type":"mine","time":266.375,"angle":236.25},{"type":"mine","time":266.375,"angle":326.25},{"type":"mine","time":266.375,"angle":56.25},{"type":"mine","time":266.375,"angle":146.25},{"type":"extraTap","time":269,"angle":315},{"type":"mine","time":268,"angle":405},{"type":"mine","time":268,"angle":135},{"type":"mine","time":268,"angle":225},{"type":"mine","time":268,"angle":315},{"type":"mine","time":270.5,"angle":90},{"type":"mine","time":270.5,"angle":360},{"type":"mine","time":270.5,"angle":270},{"type":"mine","time":270.5,"angle":180},{"type":"extraTap","time":271,"angle":405},{"type":"mine","time":272,"angle":405},{"type":"mine","time":272,"angle":135},{"type":"mine","time":272,"angle":225},{"type":"mine","time":272,"angle":315},{"type":"mine","time":271.83332824707,"angle":303.75},{"type":"mine","time":271.83332824707,"angle":393.75},{"type":"mine","time":271.83332824707,"angle":123.75},{"type":"mine","time":271.83332824707,"angle":213.75},{"type":"mine","time":272.5,"angle":360},{"type":"mine","time":272.5,"angle":90},{"type":"mine","time":272.5,"angle":180},{"type":"mine","time":272.5,"angle":270},{"type":"extraTap","time":273,"angle":45},{"type":"extraTap","time":275,"angle":45},{"type":"mine","time":274.5,"angle":270},{"type":"mine","time":274.5,"angle":360},{"type":"mine","time":274.5,"angle":90},{"type":"mine","time":274.5,"angle":180},{"type":"extraTap","time":277,"angle":315},{"type":"mine","time":276,"angle":405},{"type":"mine","time":276,"angle":135},{"type":"mine","time":276,"angle":225},{"type":"mine","time":276,"angle":315},{"type":"mine","time":278.5,"angle":90},{"type":"mine","time":278.5,"angle":360},{"type":"mine","time":278.5,"angle":270},{"type":"mine","time":278.5,"angle":180},{"type":"extraTap","time":279,"angle":405},{"type":"mine","time":280,"angle":405},{"type":"mine","time":280,"angle":135},{"type":"mine","time":280,"angle":225},{"type":"mine","time":280,"angle":315},{"type":"mine","time":279.83332824707,"angle":303.75},{"type":"mine","time":279.83332824707,"angle":393.75},{"type":"mine","time":279.83332824707,"angle":123.75},{"type":"mine","time":279.83332824707,"angle":213.75},{"type":"mine","time":280.5,"angle":360},{"type":"mine","time":280.5,"angle":90},{"type":"mine","time":280.5,"angle":180},{"type":"mine","time":280.5,"angle":270},{"type":"extraTap","time":281,"angle":45},{"type":"extraTap","time":283,"angle":45},{"type":"mine","time":282.5,"angle":270},{"type":"mine","time":282.5,"angle":360},{"type":"mine","time":282.5,"angle":90},{"type":"mine","time":282.5,"angle":180},{"type":"mine","time":282.375,"angle":258.75},{"type":"mine","time":282.375,"angle":348.75},{"type":"mine","time":282.375,"angle":78.75},{"type":"mine","time":282.375,"angle":168.75},{"type":"extraTap","time":285,"angle":337.5},{"type":"mine","time":284,"angle":427.5},{"type":"mine","time":284,"angle":157.5},{"type":"mine","time":284,"angle":247.5},{"type":"mine","time":284,"angle":337.5},{"type":"mine","time":286.5,"angle":112.5},{"type":"mine","time":286.5,"angle":382.5},{"type":"mine","time":286.5,"angle":292.5},{"type":"mine","time":286.5,"angle":202.5},{"type":"extraTap","time":287,"angle":427.5},{"type":"mine","time":288,"angle":427.5},{"type":"mine","time":288,"angle":157.5},{"type":"mine","time":288,"angle":247.5},{"type":"mine","time":288,"angle":337.5},{"type":"mine","time":287.83332824707,"angle":326.25},{"type":"mine","time":287.83332824707,"angle":416.25},{"type":"mine","time":287.83332824707,"angle":146.25},{"type":"mine","time":287.83332824707,"angle":236.25},{"type":"mine","time":288.5,"angle":382.5},{"type":"mine","time":288.5,"angle":112.5},{"type":"mine","time":288.5,"angle":202.5},{"type":"mine","time":288.5,"angle":292.5},{"type":"extraTap","time":289,"angle":67.5},{"type":"extraTap","time":291,"angle":67.5},{"type":"mine","time":290.5,"angle":292.5},{"type":"mine","time":290.5,"angle":382.5},{"type":"mine","time":290.5,"angle":112.5},{"type":"mine","time":290.5,"angle":202.5},{"type":"extraTap","time":293,"angle":337.5},{"type":"mine","time":292,"angle":427.5},{"type":"mine","time":292,"angle":157.5},{"type":"mine","time":292,"angle":247.5},{"type":"mine","time":292,"angle":337.5},{"type":"mine","time":294.5,"angle":112.5},{"type":"mine","time":294.5,"angle":382.5},{"type":"mine","time":294.5,"angle":292.5},{"type":"mine","time":294.5,"angle":202.5},{"type":"extraTap","time":295,"angle":427.5},{"type":"mine","time":296,"angle":427.5},{"type":"mine","time":296,"angle":157.5},{"type":"mine","time":296,"angle":247.5},{"type":"mine","time":296,"angle":337.5},{"type":"mine","time":295.83332824707,"angle":326.25},{"type":"mine","time":295.83332824707,"angle":416.25},{"type":"mine","time":295.83332824707,"angle":146.25},{"type":"mine","time":295.83332824707,"angle":236.25},{"type":"mine","time":296.5,"angle":382.5},{"type":"mine","time":296.5,"angle":112.5},{"type":"mine","time":296.5,"angle":202.5},{"type":"mine","time":296.5,"angle":292.5},{"type":"extraTap","time":297,"angle":67.5},{"type":"extraTap","time":299,"angle":67.5},{"type":"mine","time":298.5,"angle":292.5},{"type":"mine","time":298.5,"angle":382.5},{"type":"mine","time":298.5,"angle":112.5},{"type":"mine","time":298.5,"angle":202.5},{"type":"mine","time":298.375,"angle":281.25},{"type":"mine","time":298.375,"angle":371.25},{"type":"mine","time":298.375,"angle":101.25},{"type":"mine","time":298.375,"angle":191.25},{"type":"mineHold","duration":7,"angle":180,"time":300,"angle2":180,"holdEase":"inSine"},{"type":"mineHold","duration":7,"angle":180,"time":300,"angle2":315,"holdEase":"inSine"},{"type":"mineHold","duration":7,"angle":180,"time":300,"angle2":45,"holdEase":"inSine"},{"type":"mineHold","duration":7,"angle":180,"time":300,"angle2":270,"holdEase":"inSine"},{"type":"mineHold","duration":7,"angle":180,"time":300,"angle2":90,"holdEase":"inSine"},{"type":"mine","time":307,"angle":195},{"type":"mine","time":307,"angle":165},{"type":"mine","time":307.25,"angle":150},{"type":"mine","time":307.5,"angle":135},{"type":"mine","time":307.75,"angle":120},{"type":"mine","time":307.25,"angle":210},{"type":"mine","time":307.5,"angle":225},{"type":"mine","time":307.75,"angle":240},{"type":"mine","time":308,"angle":255},{"type":"mine","time":308,"angle":105},{"angle2":330,"type":"mineHold","time":307,"angle":180,"duration":1},{"angle2":30,"type":"mineHold","time":307,"angle":180,"duration":1},{"angle2":300,"type":"mineHold","time":308,"angle":330,"duration":3},{"angle2":0,"type":"mineHold","time":308,"angle":30,"duration":3},{"angle2":330,"type":"mineHold","time":311,"angle":300,"duration":1},{"angle2":30,"type":"mineHold","time":311,"angle":0,"duration":1},{"angle2":15,"type":"mineHold","time":312,"angle":30,"duration":3},{"angle2":315,"type":"mineHold","time":312,"angle":330,"duration":3},{"angle2":345,"type":"mineHold","time":315,"angle":315,"duration":1},{"angle2":45,"type":"mineHold","time":315,"angle":15,"duration":1},{"type":"block","time":309,"angle":345},{"type":"block","time":311,"angle":330},{"type":"block","time":313,"angle":360},{"type":"block","time":315,"angle":345},{"angle2":375,"type":"mineHold","time":316,"angle":345,"duration":2.5},{"angle2":75,"type":"mineHold","time":316,"angle":45,"duration":2.5},{"type":"block","time":317,"angle":30},{"type":"block","time":319,"angle":45},{"type":"block","time":321,"angle":90},{"angle2":270,"type":"mineHold","time":320.5,"angle":270,"duration":2.5},{"angle2":405,"type":"mineHold","time":323,"angle":270,"duration":1},{"angle2":135,"type":"mineHold","time":323,"angle":270,"duration":1},{"angle2":105,"type":"mineHold","time":324,"angle":45,"duration":3},{"angle2":195,"type":"mineHold","time":324,"angle":135,"duration":3},{"angle2":15,"type":"mineHold","time":327,"angle":-255,"duration":5},{"angle2":195,"type":"mineHold","time":327,"angle":-165,"duration":5},{"type":"block","time":323,"angle":90},{"type":"block","time":325,"angle":112.5},{"type":"block","time":327,"angle":-195},{"type":"block","time":329,"angle":-82.5},{"type":"block","time":331,"angle":-330},{"type":"mine","time":340,"angle":358.95837402344},{"type":"mine","time":340.5,"angle":358.57678222656},{"type":"mine","time":341,"angle":0.50479555130005},{"type":"mine","time":341.5,"angle":358.7939453125},{"type":"mine","time":342,"angle":359.49298095703},{"type":"mine","time":342.5,"angle":357.87173461914},{"type":"mine","time":343,"angle":1.4943336248398},{"type":"mine","time":344,"angle":357.53189086914},{"type":"mine","time":343.5,"angle":359.45086669922},{"type":"mine","time":344.5,"angle":0.9093804359436},{"type":"mine","time":345,"angle":2.1515188217163},{"type":"mine","time":345.5,"angle":359.16967773438},{"type":"mine","time":346,"angle":359.11312866211},{"type":"mine","time":346.5,"angle":0.52724689245224},{"type":"mine","time":347,"angle":357.04205322266},{"type":"mine","time":347.5,"angle":358.93249511719},{"type":"mine","time":348,"angle":2.6195487976074},{"type":"mine","time":348.5,"angle":0.21299448609352},{"type":"mine","time":349.5,"angle":1.7691912651062},{"type":"mine","time":349,"angle":1.7061783075333},{"type":"mine","time":350,"angle":2.922712802887},{"type":"mine","time":350.5,"angle":359.10830688477},{"type":"mine","time":351,"angle":0.59888875484467},{"type":"mine","time":351.5,"angle":0},{"type":"mine","time":352,"angle":358.10348510742},{"type":"mine","time":352.5,"angle":1.8476102352142},{"type":"mine","time":353,"angle":0.21785362064838},{"type":"mine","time":353.5,"angle":358.18743896484},{"type":"mine","time":354,"angle":0.89517372846603},{"type":"mine","time":354.5,"angle":359.29559326172},{"type":"mine","time":355,"angle":3.0127875804901},{"type":"mine","time":355.5,"angle":357.01571655273},{"type":"mine","time":356,"angle":-358.95837402344},{"type":"mine","time":356.5,"angle":-358.57678222656},{"type":"mine","time":357,"angle":-0.50479555130005},{"type":"mine","time":357.5,"angle":-358.7939453125},{"type":"mine","time":358,"angle":-359.49298095703},{"type":"mine","time":358.5,"angle":-357.87173461914},{"type":"mine","time":359,"angle":-1.4943336248398},{"type":"mine","time":360,"angle":-357.53189086914},{"type":"mine","time":359.5,"angle":-359.45086669922},{"type":"mine","time":360.5,"angle":-0.9093804359436},{"type":"mine","time":361,"angle":-2.1515188217163},{"type":"mine","time":361.5,"angle":-359.16967773438},{"type":"mine","time":362,"angle":-359.11312866211},{"type":"mine","time":362.5,"angle":-0.52724689245224},{"type":"mine","time":363,"angle":-357.04205322266},{"type":"mine","time":363.5,"angle":-358.93249511719},{"type":"mine","time":364,"angle":-2.6195487976074},{"type":"mine","time":364.5,"angle":-0.21299448609352},{"type":"mine","time":365.5,"angle":-1.7691912651062},{"type":"mine","time":365,"angle":-1.7061783075333},{"type":"mine","time":366,"angle":-2.922712802887},{"type":"mine","time":366.5,"angle":-359.10830688477},{"type":"mine","time":367,"angle":-0.59888875484467},{"type":"mine","time":367.5,"angle":0},{"type":"mine","time":368,"angle":-358.10348510742},{"type":"mine","time":368.5,"angle":-1.8476102352142},{"type":"mine","time":369,"angle":-0.21785362064838},{"type":"mine","time":369.5,"angle":-358.18743896484},{"type":"mine","time":370,"angle":-0.89517372846603},{"type":"mine","time":370.5,"angle":-359.29559326172},{"type":"mine","time":371,"angle":358.75463867188},{"type":"mine","time":371.5,"angle":-357.01571655273},{"type":"mine","time":372,"angle":358.95837402344},{"type":"mine","time":372.5,"angle":358.57678222656},{"type":"mine","time":373,"angle":0.50479555130005},{"type":"mine","time":373.5,"angle":358.7939453125},{"type":"mine","time":374,"angle":359.49298095703},{"type":"mine","time":374.5,"angle":357.87173461914},{"type":"mine","time":375,"angle":1.4943336248398},{"type":"mine","time":376,"angle":357.53189086914},{"type":"mine","time":375.5,"angle":359.45086669922},{"type":"mine","time":376.5,"angle":0.9093804359436},{"type":"mine","time":377,"angle":2.1515188217163},{"type":"mine","time":377.5,"angle":359.16967773438},{"type":"mine","time":378,"angle":359.11312866211},{"type":"mine","time":378.5,"angle":0.52724689245224},{"type":"mine","time":379,"angle":357.04205322266},{"type":"mine","time":379.5,"angle":358.93249511719},{"type":"mine","time":380,"angle":2.6195487976074},{"type":"mine","time":380.5,"angle":0.21299448609352},{"type":"mine","time":381.5,"angle":1.7691912651062},{"type":"mine","time":381,"angle":1.7061783075333},{"type":"mine","time":382,"angle":2.922712802887},{"type":"mine","time":382.5,"angle":359.10830688477},{"type":"mine","time":383,"angle":0.59888875484467},{"type":"mine","time":383.5,"angle":0},{"type":"mine","time":384,"angle":358.10348510742},{"type":"mine","time":384.5,"angle":1.8476102352142},{"type":"mine","time":385,"angle":0.21785362064838},{"type":"mine","time":385.5,"angle":358.18743896484},{"type":"mine","time":386,"angle":0.89517372846603},{"type":"mine","time":386.5,"angle":359.29559326172},{"type":"mine","time":387,"angle":3.0127875804901},{"type":"mine","time":387.5,"angle":357.01571655273},{"type":"mine","time":388,"angle":-358.95837402344},{"type":"mine","time":388.5,"angle":-358.57678222656},{"type":"mine","time":389,"angle":-0.50479555130005},{"type":"mine","time":389.5,"angle":-358.7939453125},{"type":"mine","time":390,"angle":-359.49298095703},{"type":"mine","time":390.5,"angle":-357.87173461914},{"type":"mine","time":391,"angle":-1.4943336248398},{"type":"mine","time":392,"angle":-357.53189086914},{"type":"mine","time":391.5,"angle":-359.45086669922},{"type":"mine","time":392.5,"angle":-0.9093804359436},{"type":"mine","time":393,"angle":-2.1515188217163},{"type":"mine","time":393.5,"angle":-359.16967773438},{"type":"mine","time":394,"angle":-359.11312866211},{"type":"mine","time":394.5,"angle":-0.52724689245224},{"type":"mine","time":395,"angle":-357.04205322266},{"type":"mine","time":395.5,"angle":-358.93249511719},{"type":"block","time":341,"angle":359.33380126953},{"type":"block","time":343,"angle":358.90878295898},{"type":"block","time":345,"angle":358.78970336914},{"type":"block","time":347,"angle":1.8829634189606},{"type":"block","time":349,"angle":359.43829345703},{"type":"block","time":351,"angle":357.51043701172},{"type":"block","time":353,"angle":358.43063354492},{"type":"block","time":355,"angle":359.67630004883},{"type":"block","time":357,"angle":357.39743041992},{"type":"block","time":359,"angle":0.83637529611588},{"type":"block","time":361,"angle":1.3531919717789},{"type":"block","time":363,"angle":359.42126464844},{"type":"block","time":365,"angle":2.9061412811279},{"type":"block","time":367,"angle":1.1233026981354},{"type":"block","time":369,"angle":2.3059666156769},{"type":"block","time":371,"angle":1.060911655426},{"type":"block","time":373,"angle":1.9548412561417},{"type":"block","time":375,"angle":357.10140991211},{"type":"block","time":377,"angle":359.49740600586},{"type":"block","time":379,"angle":2.0700306892395},{"type":"block","time":381,"angle":2.9755537509918},{"type":"block","time":383,"angle":2.1798300743103},{"type":"block","time":385,"angle":1.3626266717911},{"type":"block","time":387,"angle":359.63735961914},{"type":"block","time":389,"angle":2},{"type":"block","time":391,"angle":2.0327026844025},{"type":"block","time":393,"angle":2.1529626846313},{"type":"block","time":395,"angle":358.97695922852},{"angle2":0,"type":"hold","time":396,"angle":0,"duration":7.75},{"type":"hold","duration":4,"angle":0,"time":403.75,"angle2":2,"holdEase":"outSine"},{"angle2":-3,"type":"hold","time":407.75,"angle":2,"duration":4.25},{"angle2":1,"type":"hold","time":412,"angle":-3,"duration":7.75},{"angle2":-2,"type":"hold","time":419.75,"angle":1,"duration":4},{"angle2":3.5,"type":"hold","time":423.75,"angle":-2,"duration":4.25},{"type":"mine","time":428,"angle":356.34072875977},{"type":"mine","time":428.25,"angle":5.3952646255493},{"type":"mine","time":428.5,"angle":356.44073486328},{"type":"mine","time":428.75,"angle":353.68762207031},{"type":"mine","time":429,"angle":355.87432861328},{"type":"mine","time":428.875,"angle":4.6928625106812},{"type":"mine","time":428.625,"angle":3.3949234485626},{"type":"mine","time":428.375,"angle":352.74026489258},{"type":"mine","time":428.125,"angle":355.69805908203},{"type":"mine","time":428.25,"angle":351.6897277832},{"type":"mine","time":429.25,"angle":3.1850357055664},{"angle":90,"type":"extraTap","time":341,"speedMult":0.69999998807907},{"angle":90,"type":"extraTap","time":343,"speedMult":0.69999998807907},{"angle":90,"type":"extraTap","time":345,"speedMult":0.69999998807907},{"angle":90,"type":"extraTap","time":347,"speedMult":0.69999998807907},{"angle":92,"type":"extraTap","time":349,"speedMult":0.69999998807907},{"angle":92,"type":"extraTap","time":351,"speedMult":0.69999998807907},{"angle":88,"type":"extraTap","time":353,"speedMult":0.69999998807907},{"angle":88,"type":"extraTap","time":355,"speedMult":0.69999998807907},{"angle":90,"type":"extraTap","time":357,"speedMult":0.69999998807907},{"angle":90,"type":"extraTap","time":359,"speedMult":0.69999998807907},{"angle":90,"type":"extraTap","time":361,"speedMult":0.69999998807907},{"angle":90,"type":"extraTap","time":363,"speedMult":0.69999998807907},{"angle":92,"type":"extraTap","time":365,"speedMult":0.69999998807907},{"angle":92,"type":"extraTap","time":367,"speedMult":0.69999998807907},{"angle":88,"type":"extraTap","time":369,"speedMult":0.69999998807907},{"angle":88,"type":"extraTap","time":371,"speedMult":0.69999998807907},{"angle":90,"type":"extraTap","time":373,"speedMult":0.69999998807907},{"angle":90,"type":"extraTap","time":375,"speedMult":0.69999998807907},{"angle":90,"type":"extraTap","time":377,"speedMult":0.69999998807907},{"angle":90,"type":"extraTap","time":379,"speedMult":0.69999998807907},{"angle":92,"type":"extraTap","time":381,"speedMult":0.69999998807907},{"angle":92,"type":"extraTap","time":383,"speedMult":0.69999998807907},{"angle":88,"type":"extraTap","time":385,"speedMult":0.69999998807907},{"angle":88,"type":"extraTap","time":387,"speedMult":0.69999998807907},{"angle":90,"type":"extraTap","time":389,"speedMult":0.69999998807907},{"angle":90,"type":"extraTap","time":391,"speedMult":0.69999998807907},{"angle":90,"type":"extraTap","time":393,"speedMult":0.69999998807907},{"angle":90,"type":"extraTap","time":395,"speedMult":0.69999998807907},{"type":"block","time":191.66667175293,"angle":0}]