{"properties":{"offset":8,"formatversion":13,"speed":145,"startBeat":0},"metadata":{"difficulty":0,"songName":"Lost in Translation","artistLink":"https://visioneternal.bandcamp.com/track/lost-in-translation","description":"It's raining today.","artist":"nitsua","charter":"Starcat_JP","bg":true,"bgData":{"redChannel":{"r":66,"b":89,"g":66},"blueChannel":{"r":72,"b":107,"g":72},"greenChannel":{"r":77,"b":125,"g":77},"yellowChannel":{"r":82,"b":143,"g":82},"magentaChannel":{"r":97,"b":91,"g":59},"cyanChannel":{"r":150,"b":141,"g":88},"image":"bg.png"}},"events":[{"file":"mus.wav","type":"play","time":-0.27000001072884,"angle":90,"offset":0,"bpm":90,"volume":1},{"type":"ease","time":-4.5,"angle":180,"value":2600,"var":"p.paddleDistance"},{"duration":4,"b":96,"type":"setColor","time":-5,"angle":45,"ease":"linear","g":144,"color":6,"r":137},{"type":"ease","time":-4.5,"angle":157.5,"value":42,"var":"p.bodyRadius"},{"type":"ease","time":-4.5,"angle":135,"value":3000,"var":"p.y"},{"newWidth":4,"type":"paddles","duration":0,"angle":202.5,"ease":"linear","paddle":1,"time":-4.5},{"duration":4,"b":19,"type":"setColor","time":-5,"angle":292.5,"ease":"linear","g":12,"color":1,"r":12},{"duration":4,"b":89,"type":"setColor","time":-5,"angle":315,"ease":"linear","g":66,"color":2,"r":66},{"duration":4,"b":107,"type":"setColor","time":-5,"angle":337.5,"ease":"linear","g":72,"color":3,"r":72},{"type":"outline","time":-5,"angle":225,"enable":false,"color":3},{"angle":247.5,"type":"setBgColor","time":-5,"color":2},{"duration":4,"b":125,"type":"setColor","time":-5,"angle":360,"ease":"linear","g":77,"color":4,"r":77},{"duration":4,"b":143,"type":"setColor","time":-5,"angle":382.5,"ease":"linear","g":82,"color":5,"r":82},{"duration":4,"b":91,"type":"setColor","time":-5,"angle":270,"ease":"linear","g":59,"color":0,"r":97},{"duration":4,"b":141,"type":"setColor","time":-5,"angle":427.5,"ease":"linear","g":88,"color":7,"r":150},{"type":"ease","time":-4.5,"angle":112.5,"value":1,"var":"vfx.noteXScale"},{"ox":300,"oy":180,"type":"deco","time":-5,"angle":180,"id":"rain","drawLayer":"bg","sprite":"rain#default"},{"ox":300,"oy":180,"sprite":"fore#default","type":"deco","time":-5,"angle":168.75,"y":250,"id":"fore","drawLayer":"fg","outline":true},{"chance":0.80000001192093,"type":"noise","time":-5.5,"color":3,"angle":-90},{"newWidth":1,"type":"paddles","duration":12,"angle":202.5,"ease":"outSine","paddle":1,"time":0},{"angle":-180,"type":"tag","time":12,"angleOffset":false,"tag":"rainpack"},{"angle":180,"type":"tag","time":20,"angleOffset":false,"tag":"rainpack"},{"angle":-180,"type":"tag","time":28,"angleOffset":false,"tag":"rainpack"},{"angle":-180,"type":"tag","time":36,"angleOffset":false,"tag":"rainpack"},{"angle":180,"type":"tag","time":44,"angleOffset":false,"tag":"rainpack"},{"sprite":"cloud.png","oy":180,"sx":1.2000000476837,"sy":1.2000000476837,"type":"deco","time":-5,"angle":213.75,"y":0,"id":"cloud","ox":300},{"duration":12,"sx":1,"sy":1,"type":"deco","time":0,"angle":135,"y":180,"id":"cloud","ease":"outQuint"},{"type":"ease","value":6,"time":19.75,"angle":90,"ease":"outSine","duration":1,"var":"vfx.angleTwist.offset"},{"type":"ease","value":0,"time":20.75,"angle":90,"ease":"inOutSine","duration":5,"var":"vfx.angleTwist.offset"},{"type":"ease","value":-6,"time":23.75,"angle":-90,"ease":"outSine","duration":1,"var":"vfx.angleTwist.offset"},{"type":"ease","value":0,"time":24.75,"angle":-90,"ease":"inOutSine","duration":5,"var":"vfx.angleTwist.offset"},{"type":"ease","value":0.80000001192093,"time":28,"angle":-135,"ease":"outSine","duration":1,"var":"scrollSpeed"},{"type":"ease","value":1,"time":29,"angle":-135,"ease":"inOutSine","duration":5,"var":"scrollSpeed"},{"angle":0,"type":"tag","time":35.75,"angleOffset":false,"tag":"swipe"},{"angle":0,"type":"tag","time":51.75,"angleOffset":false,"tag":"swipe"},{"angle":180,"type":"tag","time":52,"angleOffset":false,"tag":"rainpack"},{"angle":180,"type":"tag","time":60,"angleOffset":false,"tag":"rainpack"},{"angle":180,"type":"tag","time":67.75,"angleOffset":false,"tag":"swipe"},{"angle":180,"type":"tag","time":68,"angleOffset":false,"tag":"rainpack"},{"type":"ease","value":2910,"time":-0,"angle":180,"ease":"outQuint","duration":12,"var":"p.y"},{"type":"deco","duration":6,"angle":90,"ease":"outSine","id":"fore","time":-0,"y":180},{"ox":300,"oy":180,"type":"deco","time":-5,"angle":191.25,"id":"back","drawLayer":"bg","sprite":"back.png"},{"angleOffset":false,"type":"tag","time":76,"angle":180,"tag":"rainpack"},{"angleOffset":false,"type":"tag","time":83.75,"angle":180,"tag":"swipe"},{"angleOffset":false,"type":"tag","time":84,"angle":180,"tag":"rainpack"},{"angle":180,"type":"tag","time":92,"angleOffset":false,"tag":"rainpack"},{"angle":180,"type":"tag","time":99.75,"angleOffset":false,"tag":"swipe"},{"angle":180,"type":"tag","time":100,"angleOffset":false,"tag":"rainpack"},{"angle":180,"type":"tag","time":108,"angleOffset":false,"tag":"rainpack"},{"angle":180,"type":"tag","time":115.75,"angleOffset":false,"tag":"swipe"},{"angle":180,"type":"tag","time":116,"angleOffset":false,"tag":"rainpack"},{"angle":180,"type":"tag","time":124,"angleOffset":false,"tag":"rainpack"},{"angle":180,"type":"tag","time":131.75,"angleOffset":false,"tag":"swipe"},{"angle":180,"type":"tag","time":132,"angleOffset":false,"tag":"rainpack"},{"angle":180,"type":"tag","time":140,"angleOffset":false,"tag":"rainpack"},{"angle":180,"type":"tag","time":147.75,"angleOffset":false,"tag":"swipe"},{"angle":180,"type":"tag","time":148,"angleOffset":false,"tag":"rainpack"},{"angle":180,"type":"tag","time":156,"angleOffset":false,"tag":"rainpack"},{"angle":180,"type":"tag","time":163.75,"angleOffset":false,"tag":"swipe"},{"angle":180,"type":"tag","time":164,"angleOffset":false,"tag":"rainpack"},{"type":"hom","time":-5.5,"angle":225,"enable":true},{"duration":0.5,"order":-1,"b":0,"type":"setColor","time":-5.5,"angle":90,"ease":"linear","g":0,"color":1,"r":0},{"duration":0.5,"order":-1,"b":0,"type":"setColor","time":-5.5,"angle":45,"ease":"linear","g":0,"color":0,"r":0},{"duration":0.5,"order":-1,"b":0,"type":"setColor","time":-5.5,"angle":135,"ease":"linear","g":0,"color":2,"r":0},{"duration":0.5,"order":-1,"b":0,"type":"setColor","time":-5.5,"angle":180,"ease":"linear","g":0,"color":3,"r":0},{"type":"ease","value":20,"time":172,"angle":150,"ease":"outSine","duration":4,"var":"p.bodyRadius"},{"type":"ease","value":180,"time":172,"angle":120,"ease":"outQuint","duration":12,"var":"p.y"},{"newWidth":70,"type":"paddles","duration":9,"angle":202.5,"ease":"outSine","paddle":1,"time":172},{"type":"ease","value":31,"time":172,"angle":180,"ease":"outSine","duration":4,"var":"p.paddleDistance"},{"value":1,"duration":12,"start":5,"type":"ease","time":172,"angle":90,"ease":"outSine","var":"scrollSpeed"},{"angle":180,"type":"tag","time":179.75,"angleOffset":false,"tag":"swipe2"},{"angle":180,"type":"tag","time":195.75,"angleOffset":false,"tag":"swipe2"},{"angleOffset":false,"type":"tag","time":211.75,"angle":180,"tag":"swipe2"},{"angle":180,"type":"tag","time":227.75,"angleOffset":false,"tag":"swipe2"},{"newWidth":30,"type":"paddles","time":234,"angle":236.25,"ease":"inSine","paddle":1,"duration":2},{"type":"ease","value":-720,"time":236,"angle":135,"ease":"inSine","duration":64,"var":"vfx.angleTwist.offset"},{"type":"ease","value":0,"time":299,"angle":90,"ease":"outSine","duration":2,"var":"vfx.angleTwist.offset"},{"newWidth":15,"type":"paddles","time":299,"angle":112.5,"ease":"outSine","paddle":1,"duration":8},{"angle":180,"type":"tag","time":307.75,"angleOffset":false,"tag":"swipe2"},{"angleOffset":false,"type":"tag","time":323.75,"angle":180,"tag":"swipe2"},{"type":"ease","value":2600,"time":332,"angle":165,"ease":"inOutSine","duration":4,"var":"p.paddleDistance"},{"type":"ease","value":42,"time":332,"angle":142.5,"ease":"inOutSine","duration":4,"var":"p.bodyRadius"},{"type":"ease","value":2910,"time":332,"angle":120,"ease":"inOutSine","duration":4,"var":"p.y"},{"newWidth":1,"type":"paddles","duration":1,"angle":90,"ease":"linear","paddle":1,"time":331.25},{"type":"ease","value":1,"time":332,"angle":97.5,"ease":"inOutSine","duration":4,"var":"vfx.noteXScale"},{"angleOffset":false,"type":"tag","time":340,"angle":180,"tag":"rainpack"},{"value":1,"duration":4,"start":0.29999998211861,"type":"ease","time":332,"angle":75,"ease":"inOutSine","var":"scrollSpeed"},{"angle":180,"type":"tag","time":348,"angleOffset":false,"tag":"rainpack"},{"angle":180,"type":"tag","time":356,"angleOffset":false,"tag":"rainpack"},{"angle":180,"type":"tag","time":364,"angleOffset":false,"tag":"rainpack"},{"angle":180,"type":"tag","time":372,"angleOffset":false,"tag":"rainpack"},{"angle":180,"type":"tag","time":380,"angleOffset":false,"tag":"rainpack"},{"angle":180,"type":"tag","time":388,"angleOffset":false,"tag":"rainpack"},{"angle":180,"type":"tag","time":396,"angleOffset":false,"tag":"rainpack"},{"angle":180,"type":"tag","time":339.75,"angleOffset":false,"tag":"swipe"},{"angle":180,"type":"tag","time":355.75,"angleOffset":false,"tag":"swipe"},{"angle":180,"type":"tag","time":371.75,"angleOffset":false,"tag":"swipe"},{"angle":180,"type":"tag","time":387.75,"angleOffset":false,"tag":"swipe"},{"angleOffset":false,"type":"tag","time":404,"angle":180,"tag":"rainpack"},{"angle":180,"type":"tag","time":403.75,"angleOffset":false,"tag":"swipe"},{"angleOffset":false,"type":"tag","time":412,"angle":180,"tag":"rainpack"},{"angleOffset":false,"type":"tag","time":420,"angle":180,"tag":"rainpack"},{"angle":180,"type":"tag","time":419.75,"angleOffset":false,"tag":"swipe"},{"angle":354,"type":"tag","time":334,"angleOffset":true,"tag":"rain1"},{"angle":-354,"type":"tag","time":334,"angleOffset":true,"tag":"rain2"},{"angle":-354,"type":"tag","time":336,"angleOffset":true,"tag":"rain1"},{"angle":354,"type":"tag","time":336,"angleOffset":true,"tag":"rain2"},{"angle":355,"type":"tag","time":336.25,"angleOffset":true,"tag":"rain1"},{"angle":-355,"type":"tag","time":336.25,"angleOffset":true,"tag":"rain2"},{"duration":5,"order":1,"b":0,"type":"setColor","time":428,"angle":90,"ease":"linear","g":0,"color":2,"r":0},{"duration":5,"order":1,"b":0,"type":"setColor","time":428,"angle":45,"ease":"linear","g":0,"color":0,"r":0},{"duration":5,"order":1,"b":0,"type":"setColor","time":428,"angle":135,"ease":"linear","g":0,"color":4,"r":0},{"duration":5,"order":1,"b":0,"type":"setColor","time":428,"angle":180,"ease":"linear","g":0,"color":6,"r":0},{"duration":5,"order":1,"b":0,"type":"setColor","time":428,"angle":112.5,"ease":"linear","g":0,"color":3,"r":0},{"duration":5,"order":1,"b":0,"type":"setColor","time":428,"angle":67.5,"ease":"linear","g":0,"color":1,"r":0},{"duration":5,"order":1,"b":0,"type":"setColor","time":428,"angle":157.5,"ease":"linear","g":0,"color":5,"r":0},{"duration":5,"order":1,"b":0,"type":"setColor","time":428,"angle":202.5,"ease":"linear","g":0,"color":7,"r":0},{"duration":32,"order":-1,"b":91,"type":"setColor","time":396,"angle":135,"ease":"linear","g":99,"color":4,"r":155},{"type":"deco","time":428,"angle":258.111328125,"id":"rain","hide":true},{"type":"showResults","time":430.5,"angle":0},{"type":"ease","value":31,"time":428,"angle":292.5,"ease":"inSine","duration":16,"var":"p.paddleDistance"},{"type":"ease","time":430.5,"angle":315,"value":0,"var":"p.paddleDistance"},{"sprite":"image1.png","oy":180,"order":0,"sx":0,"sy":0,"ox":300,"r":-15,"time":237,"x":100,"y":-100,"id":"image","angle":0,"type":"deco"},{"duration":2,"order":1,"sx":0.30000001192093,"sy":0.30000001192093,"type":"deco","time":237,"angle":22.5,"ease":"outBack","id":"image"},{"duration":16,"type":"deco","order":1,"r":15,"drawOrder":2,"time":237,"angle":45,"y":500,"id":"image","drawLayer":"bg","ease":"linear"},{"sprite":"image2.png","oy":180,"order":0,"sx":0,"sy":0,"ox":300,"r":15,"time":252,"x":500,"y":-100,"id":"image","angle":22.5,"type":"deco"},{"duration":2,"order":1,"sx":0.30000001192093,"sy":0.30000001192093,"type":"deco","time":252,"angle":45,"ease":"outBack","id":"image"},{"duration":16,"type":"deco","order":1,"r":-15,"drawOrder":2,"time":252,"angle":67.5,"y":500,"id":"image","drawLayer":"bg","ease":"linear"},{"sprite":"image3.png","oy":180,"order":0,"sx":0,"sy":0,"ox":300,"r":-15,"time":268,"x":100,"y":-100,"id":"image","angle":-22.5,"type":"deco"},{"duration":2,"order":1,"sx":0.30000001192093,"sy":0.30000001192093,"type":"deco","time":268,"angle":0,"ease":"outBack","id":"image"},{"duration":16,"type":"deco","order":1,"r":15,"drawOrder":2,"time":268,"angle":22.5,"ease":"linear","id":"image","drawLayer":"bg","y":500},{"sprite":"image4.png","oy":180,"order":0,"sx":0,"sy":0,"ox":300,"r":15,"time":284,"x":500,"y":-100,"id":"image","angle":0,"type":"deco"},{"duration":2,"order":1,"sx":0.30000001192093,"sy":0.30000001192093,"type":"deco","time":284,"angle":22.5,"ease":"outBack","id":"image"},{"duration":16,"type":"deco","order":1,"r":-15,"drawOrder":2,"time":284,"angle":45,"y":500,"id":"image","drawLayer":"bg","ease":"linear"}]}