{"properties":{"formatversion":12,"speed":70,"offset":8,"startBeat":0},"metadata":{"description":"Played around with mirror, static and rotation.\n\nMechanics: Holds, Taps, Mines","artistLink":"","difficulty":3,"artist":"LilyNiku","charter":"Coz the Bunny","bgData":{"image":"kicker thumb.png","redChannel":{"b":90,"g":90,"r":255},"blueChannel":{"b":90,"g":255,"r":120}},"bg":true,"songName":"Tunnel Vision / Kicker"},"events":[{"type":"play","time":1,"angle":180,"volume":1,"bpm":85,"file":"Kicker (scrapped).ogg"},{"newWidth":20,"paddle":1,"time":-0.5,"ease":"linear","angle":292.5,"duration":30,"enabled":true,"type":"paddles"},{"newWidth":40,"paddle":1,"time":33,"ease":"outSine","angle":180,"duration":0.75,"enabled":true,"type":"paddles"},{"time":33,"angle":270,"tag":"Hover","angleOffset":false,"type":"tag"},{"time":-0.5,"angle":112.5,"tag":"Hover","angleOffset":false,"type":"tag"},{"time":68.5,"angle":0,"spriteName":"happy","type":"forcePlayerSprite"},{"time":69,"angle":180,"spriteName":"","type":"forcePlayerSprite"},{"time":-0.5,"angle":270,"spriteName":"none","type":"forcePlayerSprite"},{"ease":"inOutSine","duration":2,"value":180,"angle":270,"time":65,"var":"p.y","type":"ease"},{"time":68,"angle":90,"enable":false,"var":"vfx.notesFollowPlayer","type":"setBoolean"},{"ease":"outSine","start":175,"angle":270,"time":68.5,"duration":0.5,"value":180,"var":"p.y","type":"ease"},{"b":0,"g":0,"angle":337.5,"description":"","r":0,"name":"Vocal start","time":33,"type":"bookmark"},{"time":58,"angle":180,"tag":"Bop","angleOffset":false,"type":"tag"},{"time":49,"angle":180,"tag":"Bop","angleOffset":false,"type":"tag"},{"time":50,"angle":90,"tag":"Bop","angleOffset":false,"type":"tag"},{"time":50.75,"angle":326.25,"tag":"Bop","angleOffset":false,"type":"tag"},{"time":52,"angle":0,"tag":"Bop","angleOffset":false,"type":"tag"},{"newWidth":55,"paddle":1,"time":46,"ease":"inSine","angle":180,"duration":3,"enabled":true,"type":"paddles"},{"b":0,"g":0,"angle":90,"description":"","r":0,"name":"Drums","time":49,"type":"bookmark"},{"ease":"inOutSine","duration":2.5,"value":1.5,"angle":191.25,"time":66,"var":"vfx.canvPos.sx","type":"ease"},{"ease":"inOutSine","duration":2.5,"value":1.5,"angle":168.75,"time":66,"var":"vfx.canvPos.sy","type":"ease"},{"ease":"outSine","duration":1,"value":1,"angle":101.25,"time":69,"var":"vfx.canvPos.sx","type":"ease"},{"ease":"outSine","duration":1,"value":1,"angle":78.75,"time":69,"var":"vfx.canvPos.sy","type":"ease"},{"time":53,"angle":360,"tag":"Bop","angleOffset":false,"type":"tag"},{"time":54,"angle":0,"tag":"Bop","angleOffset":false,"type":"tag"},{"time":54.75,"angle":0,"tag":"Bop","angleOffset":false,"type":"tag"},{"time":56,"angle":180,"tag":"Bop","angleOffset":false,"type":"tag"},{"time":57,"angle":270,"tag":"Bop","angleOffset":false,"type":"tag"},{"time":58.75,"angle":90,"tag":"Bop","angleOffset":false,"type":"tag"},{"time":60,"angle":180,"tag":"Bop","angleOffset":false,"type":"tag"},{"time":62,"angle":303.75,"tag":"Bop","angleOffset":false,"type":"tag"},{"time":62.75,"angle":168.75,"tag":"Bop","angleOffset":false,"type":"tag"},{"time":64,"angle":348.75,"tag":"Bop","angleOffset":false,"type":"tag"},{"time":61,"angle":168.75,"tag":"Bop","angleOffset":false,"type":"tag"},{"b":0,"g":0,"angle":0,"description":"","r":0,"name":"hey!","time":68,"type":"bookmark"},{"newWidth":120,"paddle":1,"time":96,"ease":"outSine","angle":180,"duration":0.5,"enabled":true,"type":"paddles"},{"ease":"inOutSine","angle":90,"newAngle":20,"enabled":true,"paddle":1,"duration":0.5,"time":90,"type":"paddles"},{"ease":"inOutSine","angle":90,"newAngle":0,"enabled":true,"paddle":1,"duration":0.5,"time":90.5,"type":"paddles"},{"newWidth":55,"paddle":1,"time":97,"ease":"outSine","angle":180,"duration":1.5,"enabled":true,"type":"paddles"},{"time":96.5,"angle":180,"spriteName":"happy","type":"forcePlayerSprite"},{"time":97,"angle":67.5,"spriteName":"","type":"forcePlayerSprite"},{"time":108.5,"angle":-45,"spriteName":"happy","type":"forcePlayerSprite"},{"ease":"outSine","start":175,"angle":225,"time":108.5,"duration":0.5,"value":180,"var":"p.y","type":"ease"},{"time":109,"angle":78.75,"spriteName":"","type":"forcePlayerSprite"},{"b":0,"g":0,"angle":270,"description":"","r":0,"name":"Drop","time":109,"type":"bookmark"},{"type":"showResults","time":212,"angle":180},{"newWidth":70,"paddle":1,"time":108.5,"ease":"outSine","angle":78.75,"duration":0.5,"enabled":true,"type":"paddles"},{"b":0,"g":0,"angle":0,"description":"","r":0,"name":"crescendo??","time":125,"type":"bookmark"},{"ease":"outSine","duration":1,"value":1.5,"angle":45,"time":109,"var":"scrollSpeed","type":"ease"},{"ease":"inOutSine","duration":32,"value":540,"angle":112.5,"time":141,"var":"vfx.canvPos.r","type":"ease"},{"b":0,"g":0,"angle":270,"description":"","r":0,"name":"cool part","time":141,"type":"bookmark"},{"ease":"inOutSine","angle":213.75,"newAngle":540,"enabled":true,"paddle":1,"duration":32,"time":141,"type":"paddles"},{"time":143,"angle":-45,"spriteName":"miss","type":"forcePlayerSprite"},{"ease":"outSine","start":175,"angle":225,"time":143,"duration":0.5,"value":180,"var":"p.y","type":"ease"},{"time":144.5,"angle":-45,"spriteName":"happy","type":"forcePlayerSprite"},{"ease":"outSine","start":175,"angle":225,"time":144.5,"duration":0.5,"value":180,"var":"p.y","type":"ease"},{"time":145,"angle":-90,"spriteName":"","type":"forcePlayerSprite"},{"time":200.5,"angle":78.75,"spriteName":"angry","type":"forcePlayerSprite"},{"time":201,"angle":-135,"spriteName":"happy","type":"forcePlayerSprite"},{"ease":"outSine","start":175,"angle":45,"time":212,"duration":0.5,"value":180,"var":"p.y","type":"ease"},{"b":0,"g":0,"angle":360,"description":"","r":0,"name":"Ending","time":173,"type":"bookmark"},{"ease":"outSine","start":185,"angle":281.25,"time":200.5,"duration":0.5,"value":180,"var":"p.y","type":"ease"},{"time":110,"angle":360,"tag":"Bop","angleOffset":false,"type":"tag"},{"time":112,"angle":360,"tag":"Bop","angleOffset":false,"type":"tag"},{"time":114.5,"angle":360,"tag":"Bop","angleOffset":false,"type":"tag"},{"time":116,"angle":360,"tag":"Bop","angleOffset":false,"type":"tag"},{"time":118,"angle":360,"tag":"Bop","angleOffset":false,"type":"tag"},{"time":120,"angle":360,"tag":"Bop","angleOffset":false,"type":"tag"},{"time":122.5,"angle":360,"tag":"Bop","angleOffset":false,"type":"tag"},{"time":124,"angle":360,"tag":"Bop","angleOffset":false,"type":"tag"},{"time":126,"angle":360,"tag":"Bop","angleOffset":false,"type":"tag"},{"time":128,"angle":360,"tag":"Bop","angleOffset":false,"type":"tag"},{"time":130.5,"angle":360,"tag":"Bop","angleOffset":false,"type":"tag"},{"time":132,"angle":-540,"tag":"Bop","angleOffset":false,"type":"tag"},{"time":134,"angle":360,"tag":"Bop","angleOffset":false,"type":"tag"},{"time":136,"angle":360,"tag":"Bop","angleOffset":false,"type":"tag"},{"time":138.5,"angle":360,"tag":"Bop","angleOffset":false,"type":"tag"},{"time":140,"angle":360,"tag":"Bop","angleOffset":false,"type":"tag"},{"time":146.5,"angle":360,"tag":"Bop","angleOffset":false,"type":"tag"},{"time":148,"angle":-540,"tag":"Bop","angleOffset":false,"type":"tag"},{"time":150,"angle":360,"tag":"Bop","angleOffset":false,"type":"tag"},{"time":152,"angle":360,"tag":"Bop","angleOffset":false,"type":"tag"},{"time":154.5,"angle":360,"tag":"Bop","angleOffset":false,"type":"tag"},{"time":156,"angle":360,"tag":"Bop","angleOffset":false,"type":"tag"},{"time":158,"angle":360,"tag":"Bop","angleOffset":false,"type":"tag"},{"time":160,"angle":360,"tag":"Bop","angleOffset":false,"type":"tag"},{"time":162.5,"angle":360,"tag":"Bop","angleOffset":false,"type":"tag"},{"time":164,"angle":-540,"tag":"Bop","angleOffset":false,"type":"tag"},{"time":166,"angle":360,"tag":"Bop","angleOffset":false,"type":"tag"},{"time":168,"angle":360,"tag":"Bop","angleOffset":false,"type":"tag"},{"time":178,"angle":-540,"tag":"Bop","angleOffset":false,"type":"tag"},{"time":180,"angle":360,"tag":"Bop","angleOffset":false,"type":"tag"},{"time":182.5,"angle":360,"tag":"Bop","angleOffset":false,"type":"tag"},{"time":186,"angle":-540,"tag":"Bop","angleOffset":false,"type":"tag"},{"time":188,"angle":360,"tag":"Bop","angleOffset":false,"type":"tag"},{"time":190.5,"angle":360,"tag":"Bop","angleOffset":false,"type":"tag"},{"time":194,"angle":360,"tag":"Bop","angleOffset":false,"type":"tag"},{"time":196,"angle":360,"tag":"Bop","angleOffset":false,"type":"tag"},{"time":198.5,"angle":-540,"tag":"Bop","angleOffset":false,"type":"tag"},{"time":202,"angle":360,"tag":"Bop","angleOffset":false,"type":"tag"},{"time":204,"angle":360,"tag":"Bop","angleOffset":false,"type":"tag"},{"time":206.5,"angle":360,"tag":"Bop","angleOffset":false,"type":"tag"},{"time":210,"angle":360,"tag":"Bop","angleOffset":false,"type":"tag"},{"time":212,"angle":360,"tag":"Bop","angleOffset":false,"type":"tag"},{"b":46,"g":46,"time":-0.5,"angle":337.5,"r":46,"type":"setColor","color":2},{"type":"setBgColor","time":-0.5,"angle":360,"color":2},{"b":255,"g":255,"time":-0.5,"angle":315,"r":255,"type":"setColor","color":1},{"b":32,"g":32,"time":67,"angle":180,"r":33,"type":"setColor","color":2},{"b":26,"g":26,"time":67.25,"angle":180,"r":26,"color":2,"type":"setColor"},{"b":15,"g":15,"time":67.5,"angle":180,"r":15,"type":"setColor","color":2},{"b":11,"g":11,"time":67.75,"angle":180,"r":11,"color":2,"type":"setColor"},{"b":0,"g":0,"time":68,"angle":180,"r":0,"type":"setColor","color":2},{"type":"setColor","time":68.25,"angle":225,"color":2},{"b":0,"g":0,"time":68.5,"angle":22.5,"r":0,"type":"setColor","color":1},{"time":68.5,"type":"outline","enable":true,"angle":337.5,"color":0},{"chance":0.5,"color":2,"time":-0.5,"angle":180,"type":"noise"},{"enable":true,"time":-0.5,"angle":337.5,"type":"hom"},{"enable":false,"time":64.75,"angle":0,"type":"hom"},{"enable":true,"time":69,"angle":270,"type":"hom"},{"time":-0.5,"angle":90,"value":-271,"var":"vfx.comboX","type":"ease"},{"time":-0.5,"angle":67.5,"value":280,"var":"vfx.comboY","type":"ease"},{"value":-540,"var":"vfx.accuracyX","time":-0.5,"angle":123.75,"type":"ease"},{"value":318,"var":"vfx.accuracyY","time":-0.5,"angle":146.25,"type":"ease"},{"time":-0.5,"angle":225,"enable":false,"var":"vfx.drawDifficulty","type":"setBoolean"},{"time":-0.5,"angle":191.25,"enable":false,"var":"vfx.drawUI","type":"setBoolean"},{"time":68.5,"angle":90,"enable":true,"var":"vfx.drawUI","type":"setBoolean"},{"ease":"outBack","duration":1,"value":0.75,"angle":303.75,"time":69,"var":"vfx.bgNoise","type":"ease"},{"ease":"linear","duration":32,"value":0.94999998807907,"angle":90,"time":109,"var":"vfx.bgNoise","type":"ease"},{"ease":"linear","duration":1,"value":0.050000000745058,"angle":123.75,"time":144.5,"var":"vfx.bgNoise","type":"ease"},{"b":30,"g":30,"time":143,"angle":0,"r":30,"type":"setColor","color":2},{"b":60,"g":60,"time":143.125,"angle":11.25,"r":60,"color":2,"type":"setColor"},{"b":90,"g":90,"time":143.25,"angle":0,"r":90,"color":2,"type":"setColor"},{"b":120,"g":120,"time":143.375,"angle":348.75,"r":120,"color":2,"type":"setColor"},{"b":150,"g":150,"time":143.5,"angle":0,"r":150,"type":"setColor","color":2},{"b":180,"g":180,"time":143.625,"angle":11.25,"r":180,"color":2,"type":"setColor"},{"b":210,"g":210,"time":143.75,"angle":360,"r":210,"type":"setColor","color":2},{"b":255,"g":255,"time":143.875,"angle":348.75,"r":255,"type":"setColor","color":2},{"b":255,"g":255,"time":173,"angle":-270,"r":255,"color":2,"type":"setColor"},{"b":210,"g":210,"time":173.125,"angle":-281.25,"r":210,"type":"setColor","color":2},{"b":180,"g":180,"time":173.25,"angle":-270,"r":180,"type":"setColor","color":2},{"b":150,"g":150,"time":173.375,"angle":-618.75,"r":150,"type":"setColor","color":2},{"b":120,"g":120,"time":173.5,"angle":-270,"r":120,"color":2,"type":"setColor"},{"b":90,"g":90,"time":173.625,"angle":-281.25,"r":90,"type":"setColor","color":2},{"b":60,"g":60,"time":173.75,"angle":-630,"r":60,"color":2,"type":"setColor"},{"b":30,"g":30,"time":173.875,"angle":-618.75,"r":30,"color":2,"type":"setColor"},{"b":0,"g":0,"time":174,"angle":90,"r":0,"type":"setColor","color":2},{"time":200.25,"angle":78.75,"spriteName":"happy","type":"forcePlayerSprite"},{"time":200.75,"angle":78.75,"spriteName":"idle","type":"forcePlayerSprite"},{"time":201.25,"angle":225,"spriteName":"","type":"forcePlayerSprite"},{"angle":112.5,"duration":2,"time":173,"var":"vfx.bgNoise","value":0.0010000000474975,"type":"ease"},{"ease":"inSine","duration":1,"time":212,"angle":67.5,"var":"vfx.comboY","value":360,"type":"ease"},{"ease":"inSine","duration":1,"time":212,"angle":146.25,"var":"vfx.accuracyY","value":370,"type":"ease"},{"ease":"inSine","duration":1,"value":360,"var":"vfx.songNameY","time":212,"angle":90,"type":"ease"}]}