[{"type":"block","time":4,"angle":270},{"type":"block","time":4,"angle":258.75},{"type":"block","time":4,"angle":281.25},{"type":"block","time":5,"angle":90},{"type":"block","time":5,"angle":78.75},{"type":"block","time":5.5,"angle":180},{"type":"block","time":6,"angle":281.25},{"type":"block","time":6,"angle":270},{"type":"block","time":6,"angle":258.75},{"type":"block","time":5,"angle":101.25},{"type":"block","time":4.5,"angle":180},{"type":"block","time":6.5,"angle":180},{"type":"block","time":7,"angle":101.25},{"type":"block","time":7,"angle":90},{"type":"block","time":7,"angle":78.75},{"type":"block","time":4.5,"angle":191.25},{"type":"block","time":4.5,"angle":168.75},{"type":"block","time":5.5,"angle":191.25},{"type":"block","time":5.5,"angle":168.75},{"type":"block","time":6.5,"angle":191.25},{"type":"block","time":6.5,"angle":168.75},{"type":"block","time":7.5,"angle":191.25},{"type":"block","time":7.5,"angle":180},{"type":"block","time":7.5,"angle":168.75},{"time":8,"type":"hold","angle":281.25,"duration":0.5,"angle2":247.5},{"time":8,"type":"hold","angle":270,"duration":0.5,"angle2":236.25},{"time":8,"type":"hold","angle":258.75,"duration":0.5,"angle2":225},{"type":"block","time":9,"angle":180},{"type":"block","time":8.75,"angle":213.75},{"time":9.5,"type":"hold","angle":-281.25,"duration":0.5,"angle2":-270},{"time":9.5,"type":"hold","angle":-270,"duration":0.5,"angle2":-270},{"time":9.5,"type":"hold","angle":101.25,"duration":0.5,"angle2":90},{"time":10,"type":"hold","angle":90,"duration":1,"angle2":180},{"time":11,"type":"hold","angle":180,"duration":0.375,"angle2":191.25},{"time":11,"type":"hold","angle":180,"duration":0.375,"angle2":180},{"time":11,"type":"hold","angle":180,"duration":0.375,"angle2":168.75},{"type":"block","time":12,"angle":202.5},{"type":"block","time":12,"angle":180},{"type":"block","time":12,"angle":157.5},{"type":"block","time":13,"angle":303.75},{"type":"block","time":13,"angle":292.5},{"type":"block","time":13,"angle":281.25},{"type":"block","time":14,"angle":78.75},{"type":"block","time":14,"angle":67.5},{"type":"block","time":14,"angle":56.25},{"type":"block","time":14,"angle":67.5},{"type":"block","time":15,"angle":11.25},{"type":"block","time":15,"angle":22.5},{"type":"block","time":15,"angle":33.75},{"type":"block","time":16,"angle":292.5},{"type":"block","time":16,"angle":303.75},{"type":"block","time":16,"angle":315},{"type":"block","time":17,"angle":180},{"type":"block","time":17,"angle":168.75},{"type":"block","time":17,"angle":157.5},{"type":"block","time":18,"angle":225},{"type":"block","time":18,"angle":213.75},{"type":"block","time":18,"angle":202.5},{"type":"block","time":19,"angle":281.25},{"type":"block","time":19,"angle":270},{"type":"block","time":19,"angle":258.75},{"type":"block","time":20,"angle":348.75},{"type":"block","time":20,"angle":337.5},{"type":"block","time":20,"angle":326.25},{"type":"block","time":21,"angle":303.75},{"type":"block","time":21,"angle":292.5},{"type":"block","time":21,"angle":281.25},{"type":"block","time":22,"angle":157.5},{"type":"block","time":22,"angle":180},{"type":"block","time":22,"angle":168.75},{"type":"block","time":23,"angle":405},{"type":"block","time":23,"angle":393.75},{"type":"block","time":23,"angle":22.5},{"type":"block","time":24,"angle":517.5},{"type":"block","time":24,"angle":506.25},{"type":"block","time":24,"angle":495},{"type":"block","time":25,"angle":292.5},{"type":"block","time":25,"angle":281.25},{"type":"block","time":25,"angle":270},{"type":"block","time":25,"angle":281.25},{"type":"block","time":26,"angle":225},{"type":"block","time":26,"angle":236.25},{"type":"block","time":26,"angle":247.5},{"type":"block","time":27,"angle":506.25},{"type":"block","time":27,"angle":517.5},{"type":"block","time":27,"angle":528.75},{"type":"block","time":28,"angle":393.75},{"type":"block","time":28,"angle":382.5},{"type":"block","time":28,"angle":371.25},{"type":"block","time":29,"angle":438.75},{"type":"block","time":29,"angle":427.5},{"type":"block","time":29,"angle":416.25},{"type":"block","time":30,"angle":495},{"type":"block","time":30,"angle":483.75},{"type":"block","time":30,"angle":472.5},{"type":"block","time":31,"angle":562.5},{"type":"block","time":31,"angle":551.25},{"type":"block","time":31,"angle":540},{"type":"block","time":32,"angle":517.5},{"type":"block","time":32,"angle":506.25},{"type":"block","time":32,"angle":495},{"type":"block","time":33,"angle":371.25},{"type":"block","time":33,"angle":393.75},{"type":"block","time":33,"angle":382.5},{"type":"block","time":27.75,"angle":56.25},{"type":"block","time":27.75,"angle":67.5},{"type":"block","time":27.75,"angle":78.75},{"type":"block","time":34,"angle":573.75},{"type":"block","time":34,"angle":562.5},{"type":"block","time":34,"angle":551.25},{"type":"block","time":35,"angle":618.75},{"type":"block","time":35,"angle":607.5},{"type":"block","time":35,"angle":596.25},{"type":"block","time":36,"angle":675},{"type":"block","time":36,"angle":663.75},{"type":"block","time":36,"angle":652.5},{"type":"block","time":37,"angle":742.5},{"type":"block","time":37,"angle":731.25},{"type":"block","time":37,"angle":720},{"type":"block","time":38,"angle":697.5},{"type":"block","time":38,"angle":686.25},{"type":"block","time":38,"angle":675},{"type":"block","time":39,"angle":551.25},{"type":"block","time":39,"angle":573.75},{"type":"block","time":39,"angle":562.5},{"type":"block","time":40,"angle":450},{"type":"block","time":40,"angle":438.75},{"type":"block","time":40,"angle":427.5},{"type":"block","time":41,"angle":495},{"type":"block","time":41,"angle":483.75},{"type":"block","time":41,"angle":472.5},{"type":"block","time":42,"angle":551.25},{"type":"block","time":42,"angle":540},{"type":"block","time":42,"angle":528.75},{"time":43,"type":"hold","angle":281.25,"duration":0.75,"angle2":292.5},{"time":43,"type":"hold","angle":270,"duration":0.75,"angle2":270},{"time":43,"type":"hold","angle":258.75,"duration":0.75,"angle2":247.5},{"type":"block","time":44.25,"angle":225},{"type":"block","time":44.25,"angle":213.75},{"type":"block","time":44.25,"angle":202.5},{"type":"block","time":44.75,"angle":315},{"type":"block","time":44.75,"angle":326.25},{"type":"block","time":44.75,"angle":337.5},{"type":"block","time":45.25,"angle":225},{"type":"block","time":45.25,"angle":213.75},{"type":"block","time":45.75,"angle":315},{"type":"block","time":45.75,"angle":326.25},{"type":"block","time":45.75,"angle":337.5},{"type":"block","time":45.25,"angle":202.5},{"time":46.5,"type":"hold","angle":270,"duration":0.5,"angle2":225},{"time":47,"type":"hold","angle":225,"duration":0.75,"angle2":146.25},{"time":47,"type":"hold","angle":225,"duration":0.75,"angle2":135},{"time":47,"type":"hold","angle":225,"duration":0.75,"angle2":123.75},{"type":"block","time":48.25,"angle":146.25},{"type":"block","time":48.25,"angle":123.75},{"type":"block","time":48.25,"angle":135},{"type":"block","time":48.75,"angle":33.75},{"type":"block","time":48.75,"angle":45},{"type":"block","time":48.75,"angle":56.25},{"type":"block","time":49.25,"angle":123.75},{"type":"block","time":49.25,"angle":135},{"type":"block","time":49.25,"angle":146.25},{"type":"block","time":49.75,"angle":33.75},{"type":"block","time":49.75,"angle":45},{"type":"block","time":49.75,"angle":56.25},{"time":50.5,"type":"hold","angle":180,"duration":0.5,"angle2":45},{"time":51,"type":"hold","angle":45,"duration":0.75,"angle2":22.5},{"time":51,"type":"hold","angle":45,"duration":0.75,"angle2":-22.5},{"time":51,"type":"hold","angle":45,"duration":0.75,"angle2":0},{"type":"block","time":52.25,"angle":348.75},{"type":"block","time":52.25,"angle":0},{"type":"block","time":52.25,"angle":11.25},{"type":"block","time":52.75,"angle":191.25},{"type":"block","time":52.75,"angle":180},{"type":"block","time":52.75,"angle":168.75},{"type":"block","time":53.25,"angle":348.75},{"type":"block","time":53.25,"angle":360},{"type":"block","time":53.25,"angle":11.25},{"type":"block","time":53.75,"angle":180},{"type":"block","time":53.75,"angle":168.75},{"type":"block","time":53.75,"angle":191.25},{"time":54.5,"type":"hold","angle":180,"duration":0.5,"angle2":180},{"time":55,"type":"hold","angle":180,"duration":1,"angle2":0},{"time":56.5,"type":"hold","angle":360,"duration":0.75,"angle2":225},{"time":57.25,"type":"hold","angle":225,"duration":0.75,"angle2":360},{"time":58,"type":"hold","angle":0,"duration":0.75,"angle2":135},{"time":58.75,"type":"hold","angle":135,"duration":0.75,"angle2":0},{"type":"block","time":57.25,"angle":213.75},{"type":"block","time":57.25,"angle":225},{"type":"block","time":57.25,"angle":236.25},{"type":"block","time":58.75,"angle":123.75},{"type":"block","time":58.75,"angle":146.25},{"type":"block","time":58.75,"angle":135},{"type":"block","time":60.25,"angle":326.25},{"type":"block","time":60.25,"angle":337.5},{"type":"block","time":60.25,"angle":315},{"type":"block","time":60.75,"angle":157.5},{"type":"block","time":60.75,"angle":146.25},{"type":"block","time":60.75,"angle":135},{"type":"block","time":61.25,"angle":22.5},{"type":"block","time":61.25,"angle":33.75},{"type":"block","time":61.25,"angle":45},{"type":"block","time":61.75,"angle":225},{"type":"block","time":61.75,"angle":213.75},{"type":"block","time":61.75,"angle":202.5},{"time":62.5,"type":"hold","angle":191.25,"duration":0.5,"angle2":202.5},{"time":62.5,"type":"hold","angle":180,"duration":0.5,"angle2":180},{"time":62.5,"type":"hold","angle":168.75,"duration":0.5,"angle2":157.5},{"time":63,"type":"hold","angle":202.5,"duration":0.75,"angle2":180},{"time":63,"type":"hold","angle":180,"duration":0.75,"angle2":180},{"time":63,"type":"hold","angle":157.5,"duration":0.75,"angle2":180},{"type":"block","time":64.25,"angle":281.25},{"type":"block","time":64.25,"angle":270},{"type":"block","time":64.25,"angle":258.75},{"type":"block","time":64.75,"angle":78.75},{"type":"block","time":64.75,"angle":90},{"type":"block","time":64.75,"angle":101.25},{"type":"block","time":65.25,"angle":191.25},{"type":"block","time":65.25,"angle":180},{"type":"block","time":65.25,"angle":168.75},{"type":"block","time":65.75,"angle":348.75},{"type":"block","time":65.75,"angle":360},{"type":"block","time":65.75,"angle":11.25},{"time":66.5,"type":"hold","angle":0,"duration":0.5,"angle2":-90},{"time":67,"type":"hold","angle":270,"duration":0.75,"angle2":123.75},{"type":"block","time":68.25,"angle":112.5},{"type":"block","time":68.25,"angle":123.75},{"type":"block","time":68.25,"angle":135},{"type":"block","time":68.75,"angle":315},{"type":"block","time":68.75,"angle":326.25},{"type":"block","time":68.75,"angle":337.5},{"type":"block","time":69.25,"angle":191.25},{"type":"block","time":69.25,"angle":180},{"type":"block","time":69.25,"angle":168.75},{"type":"block","time":69.75,"angle":348.75},{"type":"block","time":69.75,"angle":0},{"type":"block","time":69.75,"angle":11.25},{"type":"block","time":70.5,"angle":78.75},{"type":"block","time":70.5,"angle":90},{"type":"block","time":70.5,"angle":101.25},{"type":"block","time":71,"angle":348.75},{"type":"block","time":71,"angle":360},{"type":"block","time":71,"angle":11.25},{"type":"block","time":72,"angle":281.25},{"type":"block","time":72,"angle":270},{"type":"block","time":72,"angle":258.75},{"type":"block","time":73,"angle":191.25},{"type":"block","time":73,"angle":180},{"type":"block","time":73,"angle":180},{"type":"block","time":73,"angle":168.75},{"type":"block","time":74,"angle":101.25},{"type":"block","time":74,"angle":90},{"type":"block","time":74,"angle":78.75},{"time":75,"type":"hold","angle":337.5,"duration":0.5,"angle2":360},{"time":75,"type":"hold","angle":0,"duration":0.5,"angle2":0},{"time":75,"type":"hold","angle":22.5,"duration":0.5,"angle2":0},{"type":"block","time":76,"angle":348.75},{"type":"block","time":76,"angle":360},{"type":"block","time":76,"angle":11.25},{"type":"block","time":77.5,"angle":67.5},{"type":"block","time":79,"angle":258.75},{"type":"block","time":79,"angle":247.5},{"type":"block","time":79,"angle":236.25},{"type":"block","time":80.5,"angle":326.25},{"type":"block","time":82,"angle":157.5},{"type":"block","time":82,"angle":168.75},{"type":"block","time":82,"angle":180},{"type":"block","time":83.5,"angle":67.5},{"type":"block","time":85,"angle":-22.5},{"type":"block","time":85,"angle":-11.25},{"type":"block","time":85,"angle":0},{"type":"block","time":86.5,"angle":360},{"type":"block","time":87.5,"angle":337.5},{"type":"block","time":88,"angle":202.5},{"type":"block","time":88,"angle":191.25},{"type":"block","time":88,"angle":213.75},{"type":"block","time":88.5,"angle":11.25},{"type":"block","time":89.5,"angle":157.5},{"type":"block","time":90.5,"angle":45},{"type":"block","time":91,"angle":348.75},{"type":"block","time":91,"angle":360},{"type":"block","time":91,"angle":11.25},{"type":"block","time":92.5,"angle":90},{"type":"block","time":94.5,"angle":45},{"type":"block","time":95.5,"angle":371.25},{"type":"block","time":97,"angle":157.5},{"type":"block","time":97,"angle":168.75},{"type":"block","time":97,"angle":180},{"type":"block","time":98.5,"angle":67.5},{"type":"block","time":99.5,"angle":180},{"type":"block","time":100,"angle":-22.5},{"type":"block","time":100,"angle":-11.25},{"type":"block","time":100,"angle":0},{"type":"block","time":100.5,"angle":112.5},{"type":"block","time":101.5,"angle":213.75},{"type":"block","time":102.5,"angle":337.5},{"type":"block","time":103,"angle":202.5},{"type":"block","time":103,"angle":191.25},{"type":"block","time":103,"angle":213.75},{"type":"block","time":103.5,"angle":33.75},{"type":"block","time":104.5,"angle":135},{"type":"block","time":105.5,"angle":135},{"type":"block","time":106,"angle":326.25},{"type":"block","time":106,"angle":337.5},{"type":"block","time":106,"angle":-11.25},{"type":"block","time":106.5,"angle":202.5},{"type":"block","time":107.5,"angle":78.75},{"type":"block","time":109,"angle":270},{"type":"block","time":109,"angle":258.75},{"type":"block","time":109,"angle":247.5},{"type":"block","time":110.5,"angle":326.25},{"type":"block","time":111.5,"angle":56.25},{"type":"block","time":112,"angle":168.75},{"type":"block","time":112,"angle":180},{"type":"block","time":112,"angle":191.25},{"type":"block","time":112.5,"angle":281.25},{"type":"block","time":113.5,"angle":78.75},{"type":"block","time":114.5,"angle":191.25},{"type":"block","time":115,"angle":-11.25},{"type":"block","time":115,"angle":0},{"type":"block","time":115,"angle":11.25},{"type":"block","time":115.5,"angle":101.25},{"type":"block","time":116,"angle":303.75},{"type":"block","time":116,"angle":315},{"type":"block","time":116,"angle":326.25},{"type":"block","time":116.5,"angle":202.5},{"type":"block","time":118,"angle":213.75},{"type":"block","time":118,"angle":202.5},{"type":"block","time":118,"angle":225},{"type":"block","time":118.5,"angle":22.5},{"type":"block","time":119.5,"angle":180},{"time":120.5,"type":"hold","segments":1,"angle":191.25,"duration":2,"angle2":180},{"time":121,"angle":168.75,"type":"hold","segments":1,"duration":1.5,"angle2":180},{"time":121.5,"type":"hold","angle":180,"duration":1,"angle2":180},{"type":"block","time":123,"angle":180},{"type":"block","time":123.33333587646,"angle":150},{"type":"block","time":123.66666412354,"angle":120},{"type":"block","time":124,"angle":90},{"type":"block","time":124,"angle":75},{"type":"block","time":124,"angle":105},{"type":"block","time":139.75,"angle":315},{"type":"block","time":139.75,"angle":326.25},{"type":"block","time":139.75,"angle":337.5},{"time":151.5,"type":"hold","angle":348.75,"duration":1,"angle2":348.75},{"time":151.5,"type":"hold","angle":360,"duration":1,"angle2":360},{"time":151.5,"type":"hold","angle":11.25,"duration":1,"angle2":11.25},{"type":"block","time":152.75,"angle":348.75},{"type":"block","time":152.75,"angle":0},{"type":"block","time":152.75,"angle":11.25},{"type":"block","time":153,"angle":360},{"type":"block","time":153,"angle":348.75},{"type":"block","time":153,"angle":11.25},{"time":154,"type":"hold","angle":360,"duration":1,"angle2":270},{"time":155,"type":"hold","angle":270,"duration":1,"angle2":90},{"type":"block","time":156,"angle":90},{"type":"block","time":156,"angle":75},{"type":"block","time":156,"angle":105},{"type":"block","time":184,"angle":157.5},{"type":"block","time":184,"angle":168.75},{"type":"block","time":184,"angle":180},{"type":"block","time":185,"angle":135},{"type":"block","time":185,"angle":123.75},{"type":"block","time":185,"angle":112.5},{"type":"block","time":186,"angle":360},{"type":"block","time":186,"angle":11.25},{"type":"block","time":186,"angle":22.5},{"type":"block","time":188.25,"angle":213.75},{"type":"block","time":188.25,"angle":202.5},{"type":"block","time":188.25,"angle":225},{"type":"block","time":188.75,"angle":157.5},{"type":"block","time":188.75,"angle":146.25},{"type":"block","time":189.25,"angle":225},{"type":"block","time":189.25,"angle":213.75},{"type":"block","time":189.25,"angle":202.5},{"type":"block","time":188.75,"angle":135},{"type":"block","time":189.75,"angle":157.5},{"type":"block","time":189.75,"angle":146.25},{"type":"block","time":189.75,"angle":135},{"time":187,"type":"hold","angle":191.25,"duration":0.75,"angle2":202.5},{"time":187,"type":"hold","angle":180,"duration":0.75,"angle2":180},{"time":187,"type":"hold","angle":168.75,"duration":0.75,"angle2":157.5},{"time":190.5,"type":"hold","angle":180,"duration":0.5,"angle2":270},{"time":191,"type":"hold","angle":270,"duration":0.75,"angle2":135},{"type":"block","time":192.25,"angle":146.25},{"type":"block","time":192.25,"angle":123.75},{"type":"block","time":192.25,"angle":135},{"type":"block","time":192.75,"angle":56.25},{"type":"block","time":192.75,"angle":67.5},{"type":"block","time":192.75,"angle":45},{"type":"block","time":193.25,"angle":123.75},{"type":"block","time":193.25,"angle":135},{"type":"block","time":193.25,"angle":146.25},{"type":"block","time":193.75,"angle":67.5},{"type":"block","time":193.75,"angle":56.25},{"type":"block","time":193.75,"angle":45},{"time":194.5,"type":"hold","angle":90,"duration":0.5,"angle2":112.5},{"time":195,"type":"hold","angle":112.5,"duration":0.75,"angle2":0},{"type":"block","time":196.25,"angle":348.75},{"type":"block","time":196.25,"angle":360},{"type":"block","time":196.25,"angle":11.25},{"type":"block","time":196.75,"angle":281.25},{"type":"block","time":196.75,"angle":270},{"type":"block","time":196.75,"angle":258.75},{"type":"block","time":197.25,"angle":78.75},{"type":"block","time":197.25,"angle":90},{"type":"block","time":197.25,"angle":101.25},{"type":"block","time":197.75,"angle":191.25},{"type":"block","time":197.75,"angle":180},{"type":"block","time":197.75,"angle":168.75},{"time":199.5,"type":"hold","angle":270,"duration":0.5,"angle2":191.25},{"time":200,"type":"hold","angle":191.25,"duration":0.5,"angle2":270},{"time":200.5,"type":"hold","angle":270,"duration":0.5,"angle2":191.25},{"time":201,"type":"hold","angle":191.25,"duration":0.5,"angle2":270},{"time":201.5,"type":"hold","angle":270,"duration":0.5,"angle2":90},{"time":198.5,"type":"hold","angle":180,"duration":0.5,"angle2":157.5},{"time":202,"type":"hold","angle":-270,"duration":0.5,"angle2":-191.25},{"time":202.5,"type":"hold","angle":-191.25,"duration":0.5,"angle2":-270},{"time":203,"type":"hold","angle":90,"duration":0.75,"angle2":0},{"type":"block","time":204.25,"angle":348.75},{"type":"block","time":204.25,"angle":0},{"type":"block","time":204.25,"angle":11.25},{"type":"block","time":204.75,"angle":191.25},{"type":"block","time":204.75,"angle":180},{"type":"block","time":204.75,"angle":168.75},{"type":"block","time":205.25,"angle":348.75},{"type":"block","time":205.25,"angle":360},{"type":"block","time":205.25,"angle":11.25},{"type":"block","time":205.75,"angle":191.25},{"type":"block","time":205.75,"angle":180},{"type":"block","time":205.75,"angle":168.75},{"time":199,"type":"hold","angle":157.5,"duration":0.5,"angle2":270},{"time":206.5,"type":"hold","angle":270,"duration":0.5,"angle2":292.5},{"time":207,"type":"hold","angle":292.5,"duration":0.75,"angle2":112.5},{"type":"block","time":208.25,"angle":101.25},{"type":"block","time":208.25,"angle":112.5},{"type":"block","time":208.25,"angle":123.75},{"type":"block","time":208.75,"angle":326.25},{"type":"block","time":208.75,"angle":337.5},{"type":"block","time":208.75,"angle":348.75},{"type":"block","time":209.25,"angle":191.25},{"type":"block","time":209.25,"angle":180},{"type":"block","time":209.25,"angle":168.75},{"type":"block","time":209.75,"angle":22.5},{"type":"block","time":209.75,"angle":33.75},{"type":"block","time":209.75,"angle":45},{"time":210.5,"type":"hold","angle":360,"duration":0.5,"angle2":371.25},{"time":211,"type":"hold","angle":11.25,"duration":0.75,"angle2":-157.5},{"type":"block","time":212.25,"angle":213.75},{"type":"block","time":212.25,"angle":202.5},{"type":"block","time":212.25,"angle":191.25},{"type":"block","time":212.75,"angle":112.5},{"type":"block","time":212.75,"angle":123.75},{"type":"block","time":212.75,"angle":135},{"type":"block","time":213.25,"angle":326.25},{"type":"block","time":213.25,"angle":337.5},{"type":"block","time":213.25,"angle":315},{"type":"block","time":213.75,"angle":45},{"type":"block","time":213.75,"angle":22.5},{"type":"block","time":213.75,"angle":33.75},{"time":214.5,"type":"hold","angle":360,"duration":0.5,"angle2":326.25},{"time":215,"type":"hold","angle":326.25,"duration":0.75,"angle2":495},{"type":"block","time":216.25,"angle":146.25},{"type":"block","time":216.25,"angle":135},{"type":"block","time":216.25,"angle":123.75},{"type":"block","time":216.75,"angle":33.75},{"type":"block","time":216.75,"angle":45},{"type":"block","time":216.75,"angle":56.25},{"type":"block","time":217.25,"angle":236.25},{"type":"block","time":217.25,"angle":225},{"type":"block","time":217.25,"angle":213.75},{"type":"block","time":217.75,"angle":303.75},{"type":"block","time":217.75,"angle":315},{"type":"block","time":217.75,"angle":326.25},{"type":"block","time":218.25,"angle":146.25},{"type":"block","time":218.25,"angle":135},{"type":"block","time":218.25,"angle":123.75},{"type":"extraTap","time":219,"angle":45},{"type":"block","time":220,"angle":348.75},{"type":"block","time":220,"angle":0},{"type":"block","time":220,"angle":11.25},{"type":"block","time":221,"angle":348.75},{"type":"block","time":221,"angle":0},{"type":"block","time":221,"angle":11.25},{"type":"block","time":222,"angle":348.75},{"type":"block","time":222,"angle":0},{"type":"block","time":222,"angle":11.25},{"type":"block","time":223,"angle":348.75},{"type":"block","time":223,"angle":360},{"type":"block","time":223,"angle":11.25},{"type":"block","time":224,"angle":348.75},{"type":"block","time":224,"angle":0},{"type":"block","time":224,"angle":11.25},{"type":"block","time":225,"angle":348.75},{"type":"block","time":225,"angle":0},{"type":"block","time":225,"angle":11.25},{"type":"block","time":226,"angle":348.75},{"type":"block","time":226,"angle":0},{"type":"block","time":226,"angle":11.25},{"type":"block","time":227,"angle":348.75},{"type":"block","time":227,"angle":360},{"type":"block","time":227,"angle":11.25},{"type":"block","time":228,"angle":22.5},{"type":"block","time":228,"angle":33.75},{"type":"block","time":228,"angle":45},{"type":"block","time":229,"angle":67.5},{"type":"block","time":229,"angle":78.75},{"type":"block","time":229,"angle":90},{"type":"block","time":230,"angle":101.25},{"type":"block","time":230,"angle":112.5},{"type":"block","time":230,"angle":123.75},{"type":"block","time":231,"angle":135},{"type":"block","time":231,"angle":146.25},{"type":"block","time":231,"angle":157.5},{"type":"block","time":232,"angle":168.75},{"type":"block","time":232,"angle":180},{"type":"block","time":232,"angle":191.25},{"type":"block","time":233,"angle":202.5},{"type":"block","time":233,"angle":213.75},{"type":"block","time":233,"angle":225},{"type":"block","time":234,"angle":236.25},{"type":"block","time":234,"angle":247.5},{"type":"block","time":234,"angle":258.75},{"type":"block","time":235,"angle":270},{"type":"block","time":235,"angle":281.25},{"type":"block","time":235,"angle":292.5},{"type":"block","time":236,"angle":303.75},{"type":"block","time":236,"angle":315},{"type":"block","time":236,"angle":326.25},{"type":"block","time":237,"angle":337.5},{"type":"block","time":237,"angle":348.75},{"type":"block","time":237,"angle":0},{"type":"block","time":238,"angle":11.25},{"type":"block","time":238,"angle":22.5},{"type":"block","time":238,"angle":33.75},{"type":"block","time":239,"angle":45},{"type":"block","time":239,"angle":56.25},{"type":"block","time":239,"angle":67.5},{"type":"block","time":240,"angle":78.75},{"type":"block","time":240,"angle":90},{"type":"block","time":240,"angle":101.25},{"type":"block","time":241,"angle":472.5},{"type":"block","time":241,"angle":483.75},{"type":"block","time":241,"angle":135},{"type":"block","time":242,"angle":146.25},{"type":"block","time":242,"angle":157.5},{"type":"block","time":242,"angle":168.75},{"type":"block","time":243,"angle":180},{"type":"block","time":243,"angle":191.25},{"type":"block","time":243,"angle":202.5},{"type":"block","time":244,"angle":213.75},{"type":"block","time":244,"angle":225},{"type":"block","time":244,"angle":236.25},{"type":"block","time":244.5,"angle":247.5},{"type":"block","time":244.5,"angle":258.75},{"type":"block","time":244.5,"angle":270},{"type":"block","time":245,"angle":281.25},{"type":"block","time":245,"angle":292.5},{"type":"block","time":245,"angle":303.75},{"type":"block","time":245.5,"angle":315},{"type":"block","time":245.5,"angle":326.25},{"type":"block","time":245.5,"angle":337.5},{"type":"block","time":246,"angle":348.75},{"type":"block","time":246,"angle":360},{"type":"block","time":246,"angle":11.25},{"type":"block","time":246.25,"angle":22.5},{"type":"block","time":246.25,"angle":33.75},{"type":"block","time":246.25,"angle":45},{"type":"block","time":246.5,"angle":56.25},{"type":"block","time":246.5,"angle":67.5},{"type":"block","time":246.5,"angle":78.75},{"type":"block","time":246.75,"angle":90},{"type":"block","time":246.75,"angle":101.25},{"type":"block","time":246.75,"angle":112.5},{"type":"block","time":247,"angle":123.75},{"type":"block","time":247,"angle":135},{"type":"block","time":247,"angle":146.25},{"type":"block","time":247.25,"angle":157.5},{"type":"block","time":247.25,"angle":168.75},{"type":"block","time":247.25,"angle":180},{"type":"block","time":247.5,"angle":191.25},{"type":"block","time":247.5,"angle":202.5},{"type":"block","time":247.5,"angle":213.75},{"type":"block","time":249,"angle":247.5},{"type":"block","time":249,"angle":236.25},{"type":"block","time":249,"angle":225},{"type":"block","time":250,"angle":135},{"type":"block","time":250,"angle":123.75},{"type":"block","time":250,"angle":112.5},{"type":"block","time":254.5,"angle":191.25},{"type":"block","time":254.5,"angle":180},{"type":"block","time":254.5,"angle":168.75},{"type":"block","time":255,"angle":191.25},{"type":"block","time":255,"angle":180},{"type":"block","time":255,"angle":168.75},{"type":"block","time":256,"angle":213.75},{"type":"block","time":256,"angle":202.5},{"type":"block","time":256,"angle":191.25},{"type":"block","time":257,"angle":168.75},{"type":"block","time":257,"angle":157.5},{"type":"block","time":257,"angle":146.25},{"type":"block","time":258,"angle":247.5},{"type":"block","time":258,"angle":236.25},{"type":"block","time":258,"angle":225},{"type":"block","time":259,"angle":123.75},{"type":"block","time":259,"angle":112.5},{"type":"block","time":259,"angle":101.25},{"type":"block","time":260,"angle":281.25},{"type":"block","time":260,"angle":270},{"type":"block","time":260,"angle":258.75},{"type":"block","time":261,"angle":78.75},{"type":"block","time":261,"angle":90},{"type":"block","time":261,"angle":101.25},{"type":"block","time":261.5,"angle":67.5},{"type":"block","time":261.5,"angle":56.25},{"type":"block","time":261.5,"angle":45},{"type":"block","time":261.75,"angle":33.75},{"type":"block","time":261.75,"angle":22.5},{"type":"block","time":261.75,"angle":11.25},{"type":"block","time":262,"angle":0},{"type":"block","time":262,"angle":348.75},{"type":"block","time":262,"angle":337.5},{"type":"block","time":262.25,"angle":326.25},{"type":"block","time":262.25,"angle":315},{"type":"block","time":262.25,"angle":303.75},{"type":"block","time":262.5,"angle":292.5},{"type":"block","time":262.5,"angle":281.25},{"type":"block","time":262.5,"angle":270},{"type":"block","time":260.5,"angle":191.25},{"type":"block","time":260.5,"angle":180},{"type":"block","time":260.5,"angle":168.75},{"type":"block","time":264,"angle":281.25},{"type":"block","time":264,"angle":270},{"type":"block","time":264,"angle":258.75},{"type":"block","time":264.5,"angle":326.25},{"type":"block","time":264.5,"angle":337.5},{"type":"block","time":264.5,"angle":348.75},{"type":"block","time":265,"angle":67.5},{"type":"block","time":265,"angle":78.75},{"type":"block","time":265,"angle":56.25},{"type":"block","time":265.50030517578,"angle":225},{"type":"block","time":266.00030517578,"angle":427.5},{"type":"block","time":266,"angle":405},{"type":"block","time":266.99998982747,"angle":213.75},{"type":"block","time":267.00032552083,"angle":236.25},{"type":"block","time":267.99998982747,"angle":371.25},{"type":"block","time":267.99998982747,"angle":382.5},{"type":"block","time":267.99998982747,"angle":393.75},{"type":"block","time":272,"angle":78.75},{"type":"block","time":272,"angle":90},{"type":"block","time":272,"angle":67.5},{"type":"block","time":273.00030517578,"angle":438.75},{"type":"block","time":273.00001017253,"angle":416.25},{"type":"block","time":274,"angle":112.5},{"type":"block","time":274.00033569336,"angle":135},{"type":"block","time":274.99998982747,"angle":236.25},{"type":"block","time":274.99998982747,"angle":247.5},{"type":"block","time":274.99998982747,"angle":258.75},{"type":"block","time":277.75001017252,"angle":427.5},{"type":"block","time":277.66666666666,"angle":416.25},{"type":"block","time":277.66697184244,"angle":438.75},{"type":"block","time":277.66667683919,"angle":416.25},{"type":"block","time":278,"angle":191.25},{"type":"block","time":278,"angle":180},{"type":"block","time":278,"angle":168.75},{"type":"block","time":279,"angle":-22.5},{"type":"block","time":279,"angle":-11.25},{"type":"block","time":279,"angle":-33.75},{"type":"block","time":280.00030517578,"angle":337.5},{"type":"block","time":280.00001017253,"angle":315},{"type":"block","time":280.99998982747,"angle":123.75},{"type":"block","time":281.00032552083,"angle":146.25},{"type":"block","time":281.99998982747,"angle":281.25},{"type":"block","time":281.99998982747,"angle":292.5},{"type":"block","time":281.99998982747,"angle":303.75},{"type":"block","time":283.00068155925,"angle":270},{"type":"block","time":283.00031534831,"angle":292.5},{"type":"block","time":283.33332316081,"angle":382.5},{"type":"block","time":283.33332316081,"angle":393.75},{"type":"block","time":283.33332316081,"angle":405},{"type":"block","time":283.00001017253,"angle":270},{"type":"block","time":283.75001017253,"angle":483.75},{"type":"block","time":283.66666666667,"angle":472.5},{"type":"block","time":283.66697184245,"angle":495},{"type":"block","time":283.6666768392,"angle":472.5},{"type":"block","time":284,"angle":292.5},{"type":"block","time":284,"angle":281.25},{"type":"block","time":284,"angle":270},{"type":"block","time":285,"angle":78.75},{"type":"block","time":285,"angle":90},{"type":"block","time":285,"angle":67.5},{"type":"block","time":286,"angle":416.25},{"type":"block","time":286.00030517578,"angle":438.75},{"type":"block","time":286.99998982747,"angle":225},{"type":"block","time":287.00032552083,"angle":247.5},{"type":"block","time":288,"angle":371.25},{"type":"block","time":288,"angle":360},{"type":"block","time":288,"angle":348.75},{"type":"block","time":289.00001017253,"angle":292.5},{"type":"block","time":289.00001017253,"angle":315},{"type":"block","time":291,"angle":157.5},{"type":"block","time":291,"angle":146.25},{"type":"block","time":291,"angle":135},{"type":"block","time":292,"angle":90},{"type":"block","time":292,"angle":101.25},{"type":"block","time":292,"angle":78.75},{"type":"block","time":293,"angle":427.5},{"type":"block","time":293.00030517578,"angle":450},{"type":"block","time":293.99998982747,"angle":236.25},{"type":"block","time":293.99998982747,"angle":247.5},{"type":"block","time":293.99998982747,"angle":258.75},{"type":"block","time":298,"angle":-11.25},{"type":"block","time":298,"angle":0},{"type":"block","time":298,"angle":-22.5},{"time":300,"type":"hold","angle":348.75,"duration":0.66666662693024,"angle2":348.75},{"time":300,"type":"hold","angle":360,"duration":0.66666662693024,"angle2":360},{"time":300,"type":"hold","angle":11.25,"duration":0.66666662693024,"angle2":11.25},{"time":301,"type":"hold","angle":78.75,"duration":0.66666662693024,"angle2":78.75},{"time":301,"type":"hold","angle":90,"duration":0.66666662693024,"angle2":90},{"time":301,"type":"hold","angle":101.25,"duration":0.66666662693024,"angle2":101.25},{"time":302,"type":"hold","angle":191.25,"duration":0.66666662693024,"angle2":191.25},{"time":302,"type":"hold","angle":180,"duration":0.66699999570847,"angle2":180},{"time":302,"type":"hold","angle":168.75,"duration":0.66666662693024,"angle2":168.75},{"time":303.00003051758,"type":"hold","angle":281.25,"duration":0.66699999570847,"angle2":281.25},{"time":303.00003051758,"type":"hold","angle":270,"duration":0.66666662693024,"angle2":270},{"time":303.00003051758,"type":"hold","angle":258.75,"duration":0.66699999570847,"angle2":258.75},{"type":"block","time":304,"angle":348.75},{"type":"block","time":304,"angle":0},{"type":"block","time":304,"angle":11.25},{"type":"block","time":304.5,"angle":225},{"type":"block","time":304.5,"angle":213.75},{"type":"block","time":304.5,"angle":202.5},{"type":"block","time":305,"angle":33.75},{"type":"block","time":305,"angle":45},{"type":"block","time":305,"angle":56.25},{"type":"block","time":305.5,"angle":180},{"type":"block","time":305.5,"angle":168.75},{"type":"block","time":305.5,"angle":191.25},{"type":"block","time":306,"angle":281.25},{"type":"block","time":306,"angle":292.5},{"type":"block","time":306,"angle":303.75},{"type":"block","time":306.5,"angle":123.75},{"type":"block","time":306.5,"angle":112.5},{"type":"block","time":306.5,"angle":101.25},{"type":"block","time":307,"angle":337.5},{"type":"block","time":307,"angle":348.75},{"type":"block","time":307,"angle":326.25},{"type":"block","time":307.16665649414,"angle":11.25},{"type":"block","time":307.16665649414,"angle":22.5},{"type":"block","time":307.16665649414,"angle":33.75},{"type":"block","time":307.33334350586,"angle":56.25},{"type":"block","time":307.33334350586,"angle":67.5},{"type":"block","time":307.33334350586,"angle":78.75},{"type":"block","time":308.50003051758,"angle":326.25},{"type":"block","time":308.50003051758,"angle":337.5},{"type":"block","time":308.50003051758,"angle":348.75},{"type":"block","time":309,"angle":78.75},{"type":"block","time":309,"angle":90},{"type":"block","time":309,"angle":101.25},{"type":"block","time":310,"angle":348.75},{"type":"block","time":310,"angle":0},{"type":"block","time":310,"angle":11.25},{"type":"block","time":311,"angle":348.75},{"type":"block","time":311,"angle":0},{"type":"block","time":311,"angle":11.25},{"time":2,"angle":0,"holdEase":"outExpo","type":"mineHold","duration":0.49999994039536,"angle2":-22.5},{"time":2.5,"angle":337.5,"holdEase":"inExpo","type":"mineHold","duration":0.49999994039536,"angle2":360},{"time":3,"angle":0,"holdEase":"outExpo","type":"mineHold","duration":0.49999994039536,"angle2":22.5},{"time":3.5,"angle":22.5,"holdEase":"inExpo","type":"mineHold","duration":0.49999994039536,"angle2":0},{"time":4,"angle":0,"holdEase":"outExpo","type":"mineHold","duration":0.49999994039536,"angle2":-22.5},{"time":4.5,"angle":337.5,"holdEase":"inExpo","type":"mineHold","duration":0.49999994039536,"angle2":360},{"time":5,"angle":0,"holdEase":"outExpo","type":"mineHold","duration":0.49999994039536,"angle2":22.5},{"time":5.5,"angle":22.5,"holdEase":"inExpo","type":"mineHold","duration":0.49999994039536,"angle2":0},{"time":6,"angle":0,"holdEase":"outExpo","type":"mineHold","duration":0.49999994039536,"angle2":-22.5},{"time":6.5,"angle":337.5,"holdEase":"inExpo","type":"mineHold","duration":0.49999994039536,"angle2":360},{"time":7,"angle":0,"holdEase":"outExpo","type":"mineHold","duration":0.49999994039536,"angle2":22.5},{"time":7.5,"angle":22.5,"holdEase":"inExpo","type":"mineHold","duration":0.49999994039536,"angle2":0},{"time":2,"angle":0,"holdEase":"outExpo","type":"mineHold","duration":0.49999994039536,"angle2":22.5},{"time":2.5,"angle":-337.5,"holdEase":"inExpo","type":"mineHold","duration":0.49999994039536,"angle2":-360},{"time":3,"angle":0,"holdEase":"outExpo","type":"mineHold","duration":0.49999994039536,"angle2":-22.5},{"time":3.5,"angle":-22.5,"holdEase":"inExpo","type":"mineHold","duration":0.49999994039536,"angle2":0},{"time":4,"angle":0,"holdEase":"outExpo","type":"mineHold","duration":0.49999994039536,"angle2":22.5},{"time":4.5,"angle":-337.5,"holdEase":"inExpo","type":"mineHold","duration":0.49999994039536,"angle2":-360},{"time":5,"angle":0,"holdEase":"outExpo","type":"mineHold","duration":0.49999994039536,"angle2":-22.5},{"time":5.5,"angle":-22.5,"holdEase":"inExpo","type":"mineHold","duration":0.49999994039536,"angle2":0},{"time":6,"angle":0,"holdEase":"outExpo","type":"mineHold","duration":0.49999994039536,"angle2":22.5},{"time":6.5,"angle":-337.5,"holdEase":"inExpo","type":"mineHold","duration":0.49999994039536,"angle2":-360},{"time":7,"angle":0,"holdEase":"outExpo","type":"mineHold","duration":0.49999994039536,"angle2":-22.5},{"time":7.5,"angle":-22.5,"holdEase":"inExpo","type":"mineHold","duration":0.49999994039536,"angle2":0},{"time":8,"angle":0,"holdEase":"outExpo","type":"mineHold","duration":0.49999994039536,"angle2":-22.5},{"time":8.5,"angle":337.5,"holdEase":"inExpo","type":"mineHold","duration":0.49999994039536,"angle2":360},{"time":9,"angle":0,"holdEase":"outExpo","type":"mineHold","duration":0.49999994039536,"angle2":22.5},{"time":9.5,"angle":22.5,"holdEase":"inExpo","type":"mineHold","duration":0.49999994039536,"angle2":0},{"time":10,"angle":0,"holdEase":"outExpo","type":"mineHold","duration":0.49999994039536,"angle2":-22.5},{"time":10.5,"angle":337.5,"holdEase":"inExpo","type":"mineHold","duration":0.49999994039536,"angle2":315},{"time":8,"angle":0,"holdEase":"outExpo","type":"mineHold","duration":0.49999994039536,"angle2":22.5},{"time":8.5,"angle":-337.5,"holdEase":"inExpo","type":"mineHold","duration":0.49999994039536,"angle2":-360},{"time":9,"angle":0,"holdEase":"outExpo","type":"mineHold","duration":0.49999994039536,"angle2":-22.5},{"time":9.5,"angle":-22.5,"holdEase":"inExpo","type":"mineHold","duration":0.49999994039536,"angle2":0},{"time":10,"angle":0,"holdEase":"outExpo","type":"mineHold","duration":0.49999994039536,"angle2":22.5},{"time":10.5,"angle":-337.5,"holdEase":"inExpo","type":"mineHold","duration":0.49999994039536,"angle2":-315},{"time":1.5,"angle":337.5,"holdEase":"inExpo","type":"mineHold","duration":0.49999994039536,"angle2":360},{"time":1.5,"angle":-337.5,"holdEase":"inExpo","type":"mineHold","duration":0.49999994039536,"angle2":-360},{"type":"mine","time":12,"angle":337.5},{"type":"mine","time":12,"angle":0},{"type":"mine","time":12,"angle":22.5},{"type":"mine","time":13,"angle":112.5},{"type":"mine","time":13,"angle":123.75},{"type":"mine","time":13,"angle":135},{"type":"mine","time":14,"angle":247.5},{"type":"mine","time":14,"angle":236.25},{"type":"mine","time":14,"angle":225},{"type":"mine","time":15,"angle":225},{"type":"mine","time":15,"angle":213.75},{"type":"mine","time":15,"angle":202.5},{"type":"mine","time":16,"angle":112.5},{"type":"mine","time":16,"angle":123.75},{"type":"mine","time":16,"angle":135},{"type":"mine","time":17,"angle":360},{"type":"mine","time":17,"angle":348.75},{"type":"mine","time":17,"angle":337.5},{"type":"mine","time":18,"angle":11.25},{"type":"mine","time":18,"angle":22.5},{"type":"mine","time":18,"angle":33.75},{"type":"mine","time":19,"angle":78.75},{"type":"mine","time":19,"angle":90},{"type":"mine","time":19,"angle":101.25},{"type":"mine","time":20,"angle":180},{"type":"mine","time":20,"angle":168.75},{"type":"mine","time":20,"angle":157.5},{"type":"mine","time":21,"angle":101.25},{"type":"mine","time":21,"angle":112.5},{"type":"mine","time":21,"angle":123.75},{"type":"mine","time":22,"angle":360},{"type":"mine","time":22,"angle":348.75},{"type":"mine","time":22,"angle":337.5},{"type":"mine","time":23,"angle":225},{"type":"mine","time":23,"angle":213.75},{"type":"mine","time":23,"angle":202.5},{"type":"mine","time":24,"angle":337.5},{"type":"mine","time":24,"angle":326.25},{"type":"mine","time":24,"angle":315},{"type":"mine","time":25,"angle":90},{"type":"mine","time":25,"angle":101.25},{"type":"mine","time":25,"angle":112.5},{"type":"mine","time":26,"angle":45},{"type":"mine","time":26,"angle":56.25},{"type":"mine","time":26,"angle":67.5},{"type":"mine","time":27,"angle":348.75},{"type":"mine","time":27,"angle":337.5},{"type":"mine","time":27,"angle":326.25},{"type":"mine","time":28,"angle":191.25},{"type":"mine","time":28,"angle":202.5},{"type":"mine","time":28,"angle":213.75},{"type":"mine","time":28,"angle":247.5},{"type":"mine","time":28,"angle":236.25},{"type":"mine","time":28,"angle":258.75},{"type":"mine","time":29,"angle":258.75},{"type":"mine","time":29,"angle":247.5},{"type":"mine","time":29,"angle":236.25},{"type":"mine","time":30,"angle":292.5},{"type":"mine","time":30,"angle":303.75},{"type":"mine","time":30,"angle":315},{"type":"mine","time":31,"angle":0},{"type":"mine","time":31,"angle":11.25},{"type":"mine","time":31,"angle":22.5},{"type":"mine","time":32,"angle":337.5},{"type":"mine","time":32,"angle":326.25},{"type":"mine","time":32,"angle":315},{"type":"mine","time":33,"angle":191.25},{"type":"mine","time":33,"angle":202.5},{"type":"mine","time":33,"angle":213.75},{"type":"mine","time":34,"angle":11.25},{"type":"mine","time":34,"angle":22.5},{"type":"mine","time":34,"angle":33.75},{"type":"mine","time":35,"angle":78.75},{"type":"mine","time":35,"angle":56.25},{"type":"mine","time":35,"angle":67.5},{"type":"mine","time":36,"angle":112.5},{"type":"mine","time":36,"angle":123.75},{"type":"mine","time":36,"angle":135},{"type":"mine","time":37,"angle":180},{"type":"mine","time":37,"angle":191.25},{"type":"mine","time":37,"angle":202.5},{"type":"mine","time":38,"angle":157.5},{"type":"mine","time":38,"angle":146.25},{"type":"mine","time":38,"angle":135},{"type":"mine","time":39,"angle":11.25},{"type":"mine","time":39,"angle":22.5},{"type":"mine","time":39,"angle":33.75},{"type":"mine","time":40,"angle":270},{"type":"mine","time":40,"angle":258.75},{"type":"mine","time":40,"angle":247.5},{"type":"mine","time":41,"angle":326.25},{"type":"mine","time":41,"angle":315},{"type":"mine","time":41,"angle":303.75},{"type":"mine","time":42,"angle":348.75},{"type":"mine","time":42,"angle":360},{"type":"mine","time":42,"angle":11.25},{"time":43,"type":"mineHold","angle":78.75,"duration":1,"angle2":67.5},{"time":43,"type":"mineHold","angle":90,"duration":1,"angle2":90},{"time":43,"type":"mineHold","angle":101.25,"duration":1,"angle2":112.5},{"time":43,"type":"mineHold","angle":112.5,"duration":0.5,"angle2":213.75},{"time":43,"type":"mineHold","angle":67.5,"duration":0.5,"angle2":-33.75},{"time":43.5,"type":"mineHold","angle":326.25,"duration":0.5,"angle2":427.5},{"time":43.5,"type":"mineHold","angle":213.75,"duration":0.5,"angle2":112.5},{"time":43.25,"type":"mineHold","angle":123.75,"duration":0.5,"angle2":123.75},{"time":43.25,"type":"mineHold","angle":67.5,"duration":0.5,"angle2":67.5},{"type":"mine","time":4,"angle":315},{"type":"mine","time":4,"angle":326.25},{"type":"mine","time":4.5,"angle":0},{"type":"mine","time":5,"angle":33.75},{"type":"mine","time":5,"angle":45},{"type":"mine","time":5.5,"angle":0},{"type":"mine","time":6,"angle":326.25},{"type":"mine","time":6,"angle":315},{"type":"mine","time":6.5,"angle":0},{"type":"mine","time":7,"angle":33.75},{"type":"mine","time":7,"angle":45},{"type":"mine","time":7.5,"angle":0},{"type":"mine","time":8,"angle":326.25},{"type":"mine","time":8,"angle":315},{"type":"mine","time":8.5,"angle":360},{"type":"mine","time":9,"angle":33.75},{"type":"mine","time":9,"angle":45},{"type":"mine","time":9.5,"angle":360},{"type":"mine","time":10,"angle":326.25},{"type":"mine","time":10,"angle":315},{"type":"mine","time":10,"angle":33.75},{"type":"mine","time":10,"angle":45},{"type":"mine","time":10.5,"angle":360},{"type":"mine","time":11,"angle":348.75},{"type":"mine","time":11,"angle":360},{"type":"mine","time":11,"angle":11.25},{"time":54.5,"type":"mineHold","angle":360,"duration":0.5,"angle2":360},{"time":55,"type":"mineHold","angle":0,"duration":1,"angle2":-180},{"time":57,"type":"mineHold","angle":180,"duration":1,"angle2":180},{"time":57.75,"type":"mineHold","angle":180,"duration":1,"angle2":180},{"time":58.5,"type":"mineHold","angle":180,"duration":1,"angle2":180},{"time":46.5,"type":"mineHold","angle":90,"duration":0.5,"angle2":45},{"time":47,"type":"mineHold","angle":45,"duration":1,"angle2":-101.25},{"time":47,"type":"mineHold","angle":45,"duration":1,"angle2":-90},{"time":47,"type":"mineHold","angle":45,"duration":1,"angle2":-78.75},{"time":50.5,"type":"mineHold","angle":360,"duration":0.5,"angle2":225},{"time":51,"type":"mineHold","angle":225,"duration":1,"angle2":202.5},{"time":51,"type":"mineHold","angle":225,"duration":1,"angle2":180},{"time":51,"type":"mineHold","angle":225,"duration":1,"angle2":157.5},{"time":66.5,"type":"mineHold","angle":180,"duration":0.5,"angle2":90},{"time":67,"type":"mineHold","angle":90,"duration":1,"angle2":-90},{"time":310,"type":"mineHold","angle":315,"duration":1.25,"angle2":-326.25},{"type":"block","time":125,"angle":22.5},{"type":"block","time":125,"angle":33.75},{"type":"block","time":125,"angle":45},{"type":"block","time":126,"angle":191.25},{"type":"block","time":126,"angle":180},{"type":"block","time":126,"angle":168.75},{"type":"block","time":127,"angle":135},{"type":"block","time":127,"angle":123.75},{"type":"block","time":127,"angle":112.5},{"type":"block","time":128,"angle":33.75},{"type":"block","time":128,"angle":45},{"type":"block","time":128,"angle":56.25},{"type":"block","time":129,"angle":258.75},{"type":"block","time":129,"angle":270},{"type":"block","time":129,"angle":281.25},{"type":"block","time":130,"angle":326.25},{"type":"block","time":130,"angle":303.75},{"type":"block","time":130,"angle":315},{"type":"block","time":131,"angle":0},{"type":"block","time":131,"angle":11.25},{"type":"block","time":131,"angle":22.5},{"type":"block","time":132,"angle":67.5},{"type":"block","time":132,"angle":78.75},{"type":"block","time":132,"angle":90},{"type":"block","time":133,"angle":22.5},{"type":"block","time":133,"angle":33.75},{"type":"block","time":133,"angle":45},{"type":"block","time":134,"angle":292.5},{"type":"block","time":134,"angle":303.75},{"type":"block","time":134,"angle":315},{"type":"block","time":135,"angle":67.5},{"type":"block","time":135,"angle":78.75},{"type":"block","time":135,"angle":90},{"type":"block","time":136,"angle":22.5},{"type":"block","time":136,"angle":33.75},{"type":"block","time":136,"angle":45},{"type":"block","time":137,"angle":303.75},{"type":"block","time":137,"angle":315},{"type":"block","time":137,"angle":326.25},{"type":"block","time":138,"angle":191.25},{"type":"block","time":138,"angle":180},{"type":"block","time":138,"angle":168.75},{"type":"block","time":139,"angle":213.75},{"type":"block","time":139,"angle":225},{"type":"block","time":139,"angle":236.25},{"type":"block","time":140,"angle":292.5},{"type":"block","time":140,"angle":281.25},{"type":"block","time":140,"angle":270},{"type":"block","time":141,"angle":348.75},{"type":"block","time":141,"angle":0},{"type":"block","time":141,"angle":11.25},{"type":"block","time":142,"angle":315},{"type":"block","time":142,"angle":303.75},{"type":"block","time":142,"angle":292.5},{"type":"block","time":143,"angle":247.5},{"type":"block","time":143,"angle":236.25},{"type":"block","time":143,"angle":225},{"type":"block","time":144,"angle":0},{"type":"block","time":144,"angle":11.25},{"type":"block","time":144,"angle":22.5},{"type":"block","time":145,"angle":315},{"type":"block","time":145,"angle":326.25},{"type":"block","time":145,"angle":337.5},{"type":"block","time":146,"angle":247.5},{"type":"block","time":146,"angle":236.25},{"type":"block","time":146,"angle":258.75},{"type":"block","time":147,"angle":135},{"type":"block","time":147,"angle":123.75},{"type":"block","time":147,"angle":112.5},{"type":"block","time":148,"angle":180},{"type":"block","time":148,"angle":168.75},{"type":"block","time":148,"angle":157.5},{"type":"block","time":149,"angle":225},{"type":"block","time":149,"angle":213.75},{"type":"block","time":149,"angle":202.5},{"type":"block","time":150,"angle":270},{"type":"block","time":150,"angle":281.25},{"type":"block","time":150,"angle":292.5},{"type":"block","time":151,"angle":225},{"type":"block","time":151,"angle":236.25},{"type":"block","time":151,"angle":247.5},{"type":"block","time":157,"angle":-157.5},{"type":"block","time":157,"angle":-146.25},{"type":"block","time":157,"angle":-135},{"type":"block","time":158,"angle":11.25},{"type":"block","time":158,"angle":0},{"type":"block","time":158,"angle":-11.25},{"type":"block","time":159,"angle":-45},{"type":"block","time":159,"angle":-56.25},{"type":"block","time":159,"angle":-67.5},{"type":"block","time":160,"angle":-258.75},{"type":"block","time":160,"angle":-247.5},{"type":"block","time":160,"angle":-236.25},{"type":"block","time":161,"angle":78.75},{"type":"block","time":161,"angle":90},{"type":"block","time":161,"angle":101.25},{"type":"block","time":162,"angle":146.25},{"type":"block","time":162,"angle":123.75},{"type":"block","time":162,"angle":135},{"type":"block","time":163,"angle":-180},{"type":"block","time":163,"angle":-168.75},{"type":"block","time":163,"angle":-157.5},{"type":"block","time":164,"angle":-112.5},{"type":"block","time":164,"angle":-101.25},{"type":"block","time":164,"angle":-90},{"type":"block","time":165,"angle":-157.5},{"type":"block","time":165,"angle":-146.25},{"type":"block","time":165,"angle":-135},{"type":"block","time":166,"angle":112.5},{"type":"block","time":166,"angle":123.75},{"type":"block","time":166,"angle":135},{"type":"block","time":167,"angle":-112.5},{"type":"block","time":167,"angle":-101.25},{"type":"block","time":167,"angle":-90},{"type":"block","time":168,"angle":-157.5},{"type":"block","time":168,"angle":-146.25},{"type":"block","time":168,"angle":-135},{"type":"block","time":169,"angle":123.75},{"type":"block","time":169,"angle":135},{"type":"block","time":169,"angle":146.25},{"type":"block","time":170,"angle":11.25},{"type":"block","time":170,"angle":0},{"type":"block","time":170,"angle":-11.25},{"type":"block","time":171,"angle":33.75},{"type":"block","time":171,"angle":45},{"type":"block","time":171,"angle":56.25},{"type":"block","time":172,"angle":112.5},{"type":"block","time":172,"angle":101.25},{"type":"block","time":172,"angle":90},{"type":"block","time":173,"angle":168.75},{"type":"block","time":173,"angle":-180},{"type":"block","time":173,"angle":-168.75},{"type":"block","time":174,"angle":135},{"type":"block","time":174,"angle":123.75},{"type":"block","time":174,"angle":112.5},{"type":"block","time":175,"angle":67.5},{"type":"block","time":175,"angle":56.25},{"type":"block","time":175,"angle":45},{"type":"block","time":176,"angle":-180},{"type":"block","time":176,"angle":-168.75},{"type":"block","time":176,"angle":-157.5},{"type":"block","time":177,"angle":135},{"type":"block","time":177,"angle":146.25},{"type":"block","time":177,"angle":157.5},{"type":"block","time":178,"angle":67.5},{"type":"block","time":178,"angle":56.25},{"type":"block","time":178,"angle":78.75},{"type":"block","time":179,"angle":-45},{"type":"block","time":179,"angle":-56.25},{"type":"block","time":179,"angle":-67.5},{"type":"block","time":180,"angle":0},{"type":"block","time":180,"angle":-11.25},{"type":"block","time":180,"angle":-22.5},{"type":"block","time":181,"angle":45},{"type":"block","time":181,"angle":33.75},{"type":"block","time":181,"angle":22.5},{"type":"block","time":182,"angle":90},{"type":"block","time":182,"angle":101.25},{"type":"block","time":182,"angle":112.5},{"type":"block","time":183,"angle":45},{"type":"block","time":183,"angle":56.25},{"type":"block","time":183,"angle":67.5},{"type":"mine","time":156,"angle":281.25},{"type":"mine","time":156,"angle":270},{"type":"mine","time":156,"angle":258.75},{"type":"mine","time":157,"angle":22.5},{"type":"mine","time":157,"angle":33.75},{"type":"mine","time":157,"angle":45},{"type":"mine","time":158,"angle":191.25},{"type":"mine","time":158,"angle":180},{"type":"mine","time":158,"angle":168.75},{"type":"mine","time":159,"angle":112.5},{"type":"mine","time":159,"angle":123.75},{"type":"mine","time":159,"angle":135},{"type":"mine","time":160,"angle":281.25},{"type":"mine","time":160,"angle":292.5},{"type":"mine","time":160,"angle":303.75},{"type":"mine","time":161,"angle":281.25},{"type":"mine","time":161,"angle":270},{"type":"mine","time":161,"angle":258.75},{"type":"mine","time":162,"angle":326.25},{"type":"mine","time":162,"angle":303.75},{"type":"mine","time":162,"angle":315},{"type":"mine","time":163,"angle":360},{"type":"mine","time":163,"angle":11.25},{"type":"mine","time":163,"angle":22.5},{"type":"mine","time":164,"angle":90},{"type":"mine","time":164,"angle":78.75},{"type":"mine","time":164,"angle":67.5},{"type":"mine","time":165,"angle":22.5},{"type":"mine","time":165,"angle":33.75},{"type":"mine","time":165,"angle":45},{"type":"mine","time":166,"angle":292.5},{"type":"mine","time":166,"angle":303.75},{"type":"mine","time":167,"angle":90},{"type":"mine","time":167,"angle":78.75},{"type":"mine","time":167,"angle":67.5},{"type":"mine","time":168,"angle":22.5},{"type":"mine","time":168,"angle":33.75},{"type":"mine","time":168,"angle":45},{"type":"mine","time":169,"angle":303.75},{"type":"mine","time":169,"angle":315},{"type":"mine","time":169,"angle":326.25},{"type":"mine","time":170,"angle":191.25},{"type":"mine","time":170,"angle":180},{"type":"mine","time":170,"angle":168.75},{"type":"mine","time":171,"angle":236.25},{"type":"mine","time":171,"angle":225},{"type":"mine","time":171,"angle":213.75},{"type":"mine","time":172,"angle":292.5},{"type":"mine","time":172,"angle":281.25},{"type":"mine","time":173,"angle":348.75},{"type":"mine","time":173,"angle":0},{"type":"mine","time":173,"angle":11.25},{"type":"mine","time":174,"angle":292.5},{"type":"mine","time":174,"angle":303.75},{"type":"mine","time":174,"angle":315},{"type":"mine","time":175,"angle":225},{"type":"mine","time":175,"angle":236.25},{"type":"mine","time":175,"angle":247.5},{"type":"mine","time":176,"angle":0},{"type":"mine","time":176,"angle":11.25},{"type":"mine","time":176,"angle":22.5},{"type":"mine","time":177,"angle":315},{"type":"mine","time":177,"angle":326.25},{"type":"mine","time":178,"angle":258.75},{"type":"mine","time":178,"angle":247.5},{"type":"mine","time":178,"angle":236.25},{"type":"mine","time":179,"angle":135},{"type":"mine","time":179,"angle":123.75},{"type":"mine","time":179,"angle":112.5},{"type":"mine","time":180,"angle":180},{"type":"mine","time":180,"angle":168.75},{"type":"mine","time":180,"angle":157.5},{"type":"mine","time":181,"angle":225},{"type":"mine","time":181,"angle":213.75},{"type":"mine","time":181,"angle":202.5},{"type":"mine","time":182,"angle":270},{"type":"mine","time":182,"angle":281.25},{"type":"mine","time":182,"angle":292.5},{"type":"mine","time":183,"angle":225},{"type":"mine","time":183,"angle":236.25},{"type":"mine","time":183,"angle":247.5},{"type":"mine","time":184,"angle":0},{"type":"mine","time":184,"angle":348.75},{"type":"mine","time":184,"angle":337.5},{"type":"mine","time":185,"angle":292.5},{"type":"mine","time":185,"angle":303.75},{"type":"mine","time":185,"angle":315},{"type":"mine","time":186,"angle":180},{"type":"mine","time":186,"angle":202.5},{"type":"mine","time":186,"angle":191.25},{"time":187,"type":"mineHold","angle":348.75,"duration":1,"angle2":337.5},{"time":187,"type":"mineHold","angle":0,"duration":1,"angle2":0},{"time":187,"type":"mineHold","angle":11.25,"duration":1,"angle2":22.5},{"time":190.5,"type":"mineHold","angle":360,"duration":0.5,"angle2":450},{"time":191,"type":"mineHold","angle":90,"duration":1,"angle2":-90},{"time":194.5,"type":"mineHold","angle":270,"duration":0.5,"angle2":292.5},{"time":195,"type":"mineHold","angle":292.5,"duration":1,"angle2":180},{"time":198.5,"type":"mineHold","angle":0,"duration":0.5,"angle2":-22.5},{"time":199,"type":"mineHold","angle":337.5,"duration":0.5,"angle2":450},{"time":199.5,"type":"mineHold","angle":90,"duration":0.5,"angle2":11.25},{"time":200,"type":"mineHold","angle":371.25,"duration":0.5,"angle2":450},{"time":200.5,"type":"mineHold","angle":90,"duration":0.5,"angle2":11.25},{"time":201,"type":"mineHold","angle":11.25,"duration":0.5,"angle2":90},{"time":201.5,"type":"mineHold","angle":90,"duration":0.5,"angle2":-90},{"time":202,"type":"mineHold","angle":270,"duration":0.5,"angle2":348.75},{"time":202.5,"type":"mineHold","angle":348.75,"duration":0.5,"angle2":270},{"time":203,"type":"mineHold","angle":270,"duration":1,"angle2":180},{"time":206.5,"type":"mineHold","angle":90,"duration":0.5,"angle2":112.5},{"time":207,"type":"mineHold","angle":112.5,"duration":1,"angle2":-67.5},{"time":210.5,"type":"mineHold","angle":180,"duration":0.5,"angle2":191.25},{"time":211,"type":"mineHold","angle":191.25,"duration":1,"angle2":0},{"time":214.5,"type":"mineHold","angle":180,"duration":0.5,"angle2":146.25},{"time":215,"type":"mineHold","angle":146.25,"duration":1,"angle2":315},{"type":"block","time":219,"angle":348.75},{"type":"block","time":219,"angle":0},{"type":"block","time":219,"angle":11.25},{"time":263.25,"type":"mineHold","angle":326.25,"duration":0.5,"angle2":326.25},{"time":263.25,"type":"mineHold","angle":348.75,"duration":0.5,"angle2":348.75},{"time":263.25,"type":"mineHold","angle":371.25,"duration":0.5,"angle2":371.25},{"time":263.25,"type":"mineHold","angle":393.75,"duration":0.5,"angle2":393.75},{"time":263.25,"type":"mineHold","angle":416.25,"duration":0.5,"angle2":416.25},{"time":263.25,"type":"mineHold","angle":438.75,"duration":0.5,"angle2":438.75},{"time":263.25,"type":"mineHold","angle":461.25,"duration":0.5,"angle2":461.25},{"time":263.25,"type":"mineHold","angle":483.75,"duration":0.5,"angle2":483.75},{"time":263.25,"type":"mineHold","angle":506.25,"duration":0.5,"angle2":506.25},{"time":263.25,"type":"mineHold","angle":528.75,"duration":0.5,"angle2":528.75},{"time":263.25,"type":"mineHold","angle":551.25,"duration":0.5,"angle2":551.25},{"time":263.25,"type":"mineHold","angle":573.75,"duration":0.5,"angle2":573.75},{"time":300,"type":"mineHold","angle":191.25,"duration":0.75,"angle2":191.25},{"time":300,"type":"mineHold","angle":180,"duration":0.75,"angle2":180},{"time":300,"type":"mineHold","angle":168.75,"duration":0.75,"angle2":168.75},{"time":301,"type":"mineHold","angle":281.25,"duration":0.75,"angle2":281.25},{"time":301,"type":"mineHold","angle":270,"duration":0.75,"angle2":270},{"time":301,"type":"mineHold","angle":258.75,"duration":0.75,"angle2":258.75},{"time":302,"type":"mineHold","angle":371.25,"duration":0.75,"angle2":371.25},{"time":302,"type":"mineHold","angle":360,"duration":0.75,"angle2":360},{"time":302,"type":"mineHold","angle":348.75,"duration":0.75,"angle2":348.75},{"time":303,"type":"mineHold","angle":461.25,"duration":0.75,"angle2":461.25},{"time":303,"type":"mineHold","angle":450,"duration":0.75,"angle2":450},{"time":303,"type":"mineHold","angle":438.75,"duration":0.75,"angle2":438.75},{"time":311.25,"type":"mineHold","angle":-326.25,"duration":1,"angle2":258.75},{"type":"block","time":76.5,"angle":225},{"type":"block","time":77,"angle":337.5},{"type":"block","time":77,"angle":348.75},{"type":"block","time":77,"angle":360},{"type":"block","time":78,"angle":213.75},{"type":"block","time":78,"angle":202.5},{"type":"block","time":78,"angle":225},{"type":"block","time":78.5,"angle":146.25},{"type":"block","time":79.5,"angle":45},{"type":"block","time":80,"angle":112.5},{"type":"block","time":80,"angle":135},{"type":"block","time":80,"angle":123.75},{"type":"block","time":81,"angle":101.25},{"type":"block","time":81,"angle":90},{"type":"block","time":81,"angle":78.75},{"type":"block","time":81.5,"angle":11.25},{"type":"block","time":82.5,"angle":270},{"type":"block","time":83,"angle":202.5},{"type":"block","time":83,"angle":191.25},{"type":"block","time":83,"angle":180},{"type":"block","time":84,"angle":326.25},{"type":"block","time":84,"angle":315},{"type":"block","time":84,"angle":303.75},{"type":"block","time":84.5,"angle":168.75},{"type":"block","time":85.5,"angle":112.5},{"type":"block","time":86,"angle":213.75},{"type":"block","time":86,"angle":202.5},{"type":"block","time":86,"angle":191.25},{"type":"block","time":87,"angle":78.75},{"type":"block","time":87,"angle":90},{"type":"block","time":87,"angle":101.25},{"type":"block","time":89,"angle":247.5},{"type":"block","time":89,"angle":236.25},{"type":"block","time":89,"angle":225},{"type":"block","time":90,"angle":337.5},{"type":"block","time":90,"angle":326.25},{"type":"block","time":90,"angle":315},{"type":"block","time":91.5,"angle":225},{"type":"block","time":92,"angle":337.5},{"type":"block","time":92,"angle":348.75},{"type":"block","time":92,"angle":360},{"type":"block","time":93,"angle":213.75},{"type":"block","time":93,"angle":202.5},{"type":"block","time":93,"angle":191.25},{"type":"block","time":93.5,"angle":33.75},{"type":"block","time":94,"angle":292.5},{"type":"block","time":94,"angle":303.75},{"type":"block","time":94,"angle":315},{"type":"block","time":95,"angle":146.25},{"type":"block","time":95,"angle":135},{"type":"block","time":95,"angle":123.75},{"type":"block","time":96,"angle":78.75},{"type":"block","time":96,"angle":90},{"type":"block","time":96,"angle":101.25},{"type":"block","time":96.5,"angle":315},{"type":"block","time":97.5,"angle":22.5},{"type":"block","time":98,"angle":202.5},{"type":"block","time":98,"angle":191.25},{"type":"block","time":98,"angle":180},{"type":"block","time":99,"angle":326.25},{"type":"block","time":99,"angle":315},{"type":"block","time":99,"angle":303.75},{"type":"block","time":101,"angle":337.5},{"type":"block","time":101,"angle":348.75},{"type":"block","time":101,"angle":0},{"type":"block","time":102,"angle":78.75},{"type":"block","time":102,"angle":90},{"type":"block","time":102,"angle":101.25},{"type":"block","time":104,"angle":225},{"type":"block","time":104,"angle":236.25},{"type":"block","time":104,"angle":247.5},{"type":"block","time":105,"angle":337.5},{"type":"block","time":105,"angle":326.25},{"type":"block","time":105,"angle":315},{"type":"block","time":107,"angle":348.75},{"type":"block","time":107,"angle":0},{"type":"block","time":107,"angle":11.25},{"type":"block","time":108,"angle":236.25},{"type":"block","time":108,"angle":225},{"type":"block","time":108,"angle":213.75},{"type":"block","time":108.5,"angle":157.5},{"type":"block","time":109.5,"angle":33.75},{"type":"block","time":110,"angle":146.25},{"type":"block","time":110,"angle":135},{"type":"block","time":110,"angle":123.75},{"type":"block","time":111,"angle":90},{"type":"block","time":111,"angle":101.25},{"type":"block","time":111,"angle":112.5},{"type":"block","time":113,"angle":326.25},{"type":"block","time":113,"angle":337.5},{"type":"block","time":113,"angle":348.75},{"type":"block","time":114,"angle":33.75},{"type":"block","time":114,"angle":45},{"type":"block","time":114,"angle":56.25},{"type":"block","time":117,"angle":112.5},{"type":"block","time":117,"angle":101.25},{"type":"block","time":117,"angle":90},{"type":"block","time":117.5,"angle":11.25},{"type":"block","time":119,"angle":236.25},{"type":"block","time":119,"angle":247.5},{"type":"block","time":119,"angle":258.75},{"type":"block","time":152.5,"angle":348.75},{"type":"block","time":152.5,"angle":0},{"type":"block","time":152.5,"angle":11.25},{"type":"mine","time":177,"angle":337.5},{"type":"block","time":265.5,"angle":213.75},{"type":"block","time":265.5,"angle":202.5},{"type":"block","time":266,"angle":56.25},{"type":"block","time":266.5,"angle":315},{"type":"block","time":266.5,"angle":326.25},{"type":"block","time":266.5,"angle":337.5},{"type":"block","time":267,"angle":225},{"type":"block","time":267.5,"angle":112.5},{"type":"block","time":267.5,"angle":123.75},{"type":"block","time":267.5,"angle":135},{"type":"block","time":268.5,"angle":101.25},{"type":"block","time":268.5,"angle":123.75},{"type":"block","time":268.5,"angle":112.5},{"type":"block","time":269,"angle":292.5},{"type":"block","time":269,"angle":303.75},{"type":"block","time":269,"angle":281.25},{"type":"block","time":269.5,"angle":135},{"type":"block","time":269.5,"angle":123.75},{"type":"block","time":269.5,"angle":112.5},{"type":"block","time":270,"angle":180},{"type":"block","time":270,"angle":168.75},{"type":"block","time":270,"angle":157.5},{"type":"block","time":270.5,"angle":281.25},{"type":"block","time":270.5,"angle":270},{"type":"block","time":270.5,"angle":292.5},{"type":"block","time":271,"angle":11.25},{"type":"block","time":271,"angle":22.5},{"type":"block","time":271,"angle":33.75},{"type":"block","time":271.5,"angle":191.25},{"type":"block","time":271.5,"angle":180},{"type":"block","time":271.5,"angle":168.75},{"type":"block","time":272.5,"angle":236.25},{"type":"block","time":272.5,"angle":225},{"type":"block","time":272.5,"angle":213.75},{"type":"block","time":273,"angle":67.5},{"type":"block","time":273.5,"angle":236.25},{"type":"block","time":273.5,"angle":225},{"type":"block","time":273.5,"angle":213.75},{"type":"block","time":274,"angle":123.75},{"type":"block","time":274.5,"angle":11.25},{"type":"block","time":274.5,"angle":22.5},{"type":"block","time":274.5,"angle":33.75},{"type":"block","time":275.5,"angle":0},{"type":"block","time":275.5,"angle":11.25},{"type":"block","time":275.5,"angle":22.5},{"type":"block","time":276,"angle":292.5},{"type":"block","time":276,"angle":281.25},{"type":"block","time":276,"angle":270},{"type":"block","time":276.5,"angle":191.25},{"type":"block","time":276.5,"angle":180},{"type":"block","time":276.5,"angle":168.75},{"type":"block","time":277,"angle":56.25},{"type":"block","time":277,"angle":67.5},{"type":"block","time":277,"angle":78.75},{"type":"block","time":277.5,"angle":348.75},{"type":"block","time":277.5,"angle":337.5},{"type":"block","time":277.5,"angle":326.25},{"type":"block","time":278.5,"angle":258.75},{"type":"block","time":278.5,"angle":247.5},{"type":"block","time":278.5,"angle":236.25},{"type":"block","time":279.5,"angle":112.5},{"type":"block","time":279.5,"angle":123.75},{"type":"block","time":279.5,"angle":135},{"type":"block","time":280,"angle":326.25},{"type":"block","time":280.5,"angle":180},{"type":"block","time":280.5,"angle":191.25},{"type":"block","time":280.5,"angle":202.5},{"type":"block","time":281,"angle":135},{"type":"block","time":281,"angle":146.25},{"type":"block","time":281.5,"angle":22.5},{"type":"block","time":281.5,"angle":33.75},{"type":"block","time":281.5,"angle":45},{"type":"block","time":282.5,"angle":123.75},{"type":"block","time":282.5,"angle":135},{"type":"block","time":282.5,"angle":146.25},{"type":"block","time":283,"angle":281.25},{"type":"block","time":285.5,"angle":213.75},{"type":"block","time":285.5,"angle":225},{"type":"block","time":285.5,"angle":236.25},{"type":"block","time":284.5,"angle":360},{"type":"block","time":284.5,"angle":348.75},{"type":"block","time":284.5,"angle":337.5},{"type":"block","time":286,"angle":67.5},{"type":"block","time":286.5,"angle":315},{"type":"block","time":286.5,"angle":326.25},{"type":"block","time":286.5,"angle":337.5},{"type":"block","time":287,"angle":236.25},{"type":"block","time":287.5,"angle":123.75},{"type":"block","time":287.5,"angle":135},{"type":"block","time":287.5,"angle":146.25},{"type":"block","time":288.5,"angle":112.5},{"type":"block","time":288.5,"angle":123.75},{"type":"block","time":288.5,"angle":135},{"type":"block","time":289,"angle":303.75},{"type":"block","time":289.5,"angle":123.75},{"type":"block","time":289.5,"angle":135},{"type":"block","time":289.5,"angle":146.25},{"type":"block","time":290,"angle":191.25},{"type":"block","time":290,"angle":168.75},{"type":"block","time":290,"angle":180},{"type":"block","time":290.5,"angle":303.75},{"type":"block","time":290.5,"angle":292.5},{"type":"block","time":290.5,"angle":281.25},{"type":"block","time":291.5,"angle":11.25},{"type":"block","time":291.5,"angle":360},{"type":"block","time":291.5,"angle":348.75},{"type":"block","time":292.5,"angle":247.5},{"type":"block","time":292.5,"angle":225},{"type":"block","time":292.5,"angle":236.25},{"type":"block","time":293,"angle":78.75},{"type":"block","time":293.5,"angle":360},{"type":"block","time":293.5,"angle":348.75},{"type":"block","time":293.5,"angle":337.5},{"type":"block","time":294.5,"angle":326.25},{"type":"block","time":294.5,"angle":337.5},{"type":"block","time":294.5,"angle":348.75},{"type":"block","time":295,"angle":191.25},{"type":"block","time":295,"angle":180},{"type":"block","time":295,"angle":180},{"type":"block","time":295,"angle":168.75},{"type":"block","time":295.5,"angle":22.5},{"type":"block","time":295.5,"angle":33.75},{"type":"block","time":295.5,"angle":45},{"type":"block","time":296,"angle":90},{"type":"block","time":296,"angle":101.25},{"type":"block","time":296,"angle":101.25},{"type":"block","time":296,"angle":112.5},{"type":"block","time":296.5,"angle":168.75},{"type":"block","time":296.5,"angle":157.5},{"type":"block","time":296.5,"angle":146.25},{"type":"block","time":297,"angle":303.75},{"type":"block","time":297,"angle":315},{"type":"block","time":297,"angle":326.25},{"type":"block","time":297.5,"angle":270},{"type":"block","time":297.5,"angle":258.75},{"type":"block","time":297.5,"angle":247.5},{"type":"block","time":298.5,"angle":123.75},{"type":"block","time":298.5,"angle":135},{"type":"block","time":298.5,"angle":146.25},{"type":"block","time":299,"angle":326.25},{"type":"block","time":299,"angle":337.5},{"type":"block","time":299,"angle":348.75},{"type":"block","time":299.5,"angle":45},{"type":"block","time":299.5,"angle":56.25},{"type":"block","time":299.5,"angle":67.5}]