[{"duration":0.5,"type":"hold","time":1.5,"angle2":135,"angle":90},{"duration":0.5,"type":"hold","time":0,"angle":360,"angle2":405},{"duration":0.5,"type":"hold","time":3.5,"angle2":270,"angle":225},{"time":2.5,"type":"block","angle":157.5},{"time":3,"type":"block","angle":180},{"time":5,"type":"side","angle":0},{"time":6,"type":"side","angle":360},{"time":7,"type":"side","angle":360},{"duration":0.5,"type":"hold","time":9.5,"angle2":225,"angle":180},{"duration":0.5,"type":"hold","time":8,"angle2":495,"angle":450},{"duration":0.5,"type":"hold","time":11.5,"angle2":360,"angle":315},{"time":10.5,"type":"block","angle":247.5},{"time":11,"type":"block","angle":270},{"time":13,"type":"side","angle":90},{"time":14,"type":"side","angle":450},{"time":15,"type":"side","angle":450},{"time":5.5,"type":"block","angle":45},{"time":6.5,"type":"block","angle":315},{"time":7.5,"type":"block","angle":45},{"time":13.5,"type":"block","angle":135},{"time":14.5,"type":"block","angle":45},{"duration":0.5,"type":"hold","time":17.5,"angle2":315,"angle":270},{"duration":0.5,"type":"hold","time":16,"angle2":585,"angle":540},{"duration":0.5,"type":"hold","time":19.5,"angle2":450,"angle":405},{"time":18.5,"type":"block","angle":337.5},{"time":19,"type":"block","angle":360},{"time":21,"type":"side","angle":180},{"time":22,"type":"side","angle":540},{"time":23,"type":"side","angle":540},{"duration":0.5,"type":"hold","time":25.5,"angle2":45,"angle":0},{"duration":0.5,"type":"hold","time":24,"angle2":315,"angle":270},{"duration":0.5,"type":"hold","time":27.5,"angle2":180,"angle":135},{"time":26.5,"type":"block","angle":67.5},{"time":27,"type":"block","angle":90},{"time":29,"type":"side","angle":-90},{"time":30,"type":"side","angle":270},{"time":21.5,"type":"block","angle":225},{"time":22.5,"type":"block","angle":135},{"time":23.5,"type":"block","angle":225},{"duration":2,"type":"hold","time":32,"angle2":135,"angle":180},{"time":35,"type":"block","angle":180},{"time":35.5,"type":"block","angle":225},{"time":36,"type":"block","angle":270},{"time":36.5,"type":"block","angle":315},{"time":37,"type":"block","angle":360},{"time":37.5,"type":"block","angle":45},{"time":38,"type":"block","angle":90},{"time":38.5,"type":"block","angle":135},{"time":39,"type":"block","angle":180},{"time":39.5,"type":"block","angle":225},{"duration":2,"type":"hold","time":40,"angle2":-45,"angle":-90},{"time":43,"type":"block","angle":-90},{"time":43.5,"type":"block","angle":-135},{"time":44,"type":"block","angle":-180},{"time":44.5,"type":"block","angle":-225},{"time":45,"type":"block","angle":-270},{"time":45.5,"type":"block","angle":45},{"time":46,"type":"block","angle":0},{"time":46.5,"type":"block","angle":-45},{"time":47,"type":"block","angle":-90},{"time":47.5,"type":"block","angle":-135},{"duration":2,"type":"hold","time":48,"angle2":135,"angle":180},{"time":51,"type":"block","angle":180},{"time":51.5,"type":"block","angle":225},{"time":52,"type":"block","angle":270},{"time":52.5,"type":"block","angle":315},{"time":53,"type":"block","angle":360},{"time":53.5,"type":"block","angle":45},{"time":54,"type":"block","angle":90},{"time":54.5,"type":"block","angle":135},{"time":55,"type":"block","angle":180},{"time":55.5,"type":"block","angle":225},{"duration":2,"type":"hold","time":56,"angle2":-45,"angle":-90},{"time":59,"type":"block","angle":-90},{"time":59.5,"type":"block","angle":-135},{"time":60,"type":"block","angle":-180},{"time":60.5,"type":"block","angle":-225},{"time":61,"type":"block","angle":-270},{"time":61.5,"type":"block","angle":45},{"time":33.5,"type":"side","angle":45},{"time":41.5,"type":"side","angle":45},{"time":49.5,"type":"side","angle":45},{"time":57.5,"type":"side","angle":45},{"duration":1,"type":"hold","time":62,"angle2":270,"angle":360},{"duration":1,"speedMult":8,"type":"hold","time":192,"angle":90,"angle2":90},{"time":65,"type":"block","angle":90},{"time":65.5,"type":"block","angle":45},{"time":66,"type":"block","angle":90},{"time":66.5,"type":"block","angle":45},{"duration":1,"type":"hold","time":67,"angle2":135,"angle":90},{"time":69,"type":"block","angle":180},{"time":69.5,"type":"block","angle":225},{"time":70,"type":"block","angle":270},{"time":71,"type":"block","angle":225},{"time":71.5,"type":"block","angle":180},{"duration":1,"type":"hold","time":72,"angle2":45,"angle":135},{"duration":0.5,"type":"hold","time":73.5,"angle2":-45,"angle":0},{"time":75,"type":"block","angle":225},{"duration":0.5,"type":"hold","time":75.5,"angle2":135,"angle":180},{"time":77,"type":"block","angle":45},{"time":77.5,"type":"block","angle":0},{"time":78,"type":"block","angle":45},{"time":78.5,"type":"block","angle":90},{"time":79,"type":"block","angle":135},{"time":79.5,"type":"block","angle":180},{"duration":2,"type":"hold","time":80,"angle2":315,"angle":225},{"time":81,"type":"side","angle":22.5},{"time":83,"type":"block","angle":225},{"time":83.5,"type":"block","angle":180},{"time":84,"type":"block","angle":135},{"time":84.5,"type":"block","angle":90},{"time":85,"type":"block","angle":45},{"duration":1,"type":"hold","time":85.5,"angle2":-90,"angle":0},{"time":87,"type":"block","angle":225},{"duration":2,"type":"hold","time":88,"angle2":-315,"angle":-225},{"time":89,"type":"side","angle":-22.5},{"time":91,"type":"block","angle":-225},{"time":91.5,"type":"block","angle":-180},{"time":92,"type":"block","angle":-135},{"time":92.5,"type":"block","angle":-90},{"time":93,"type":"block","angle":-45},{"time":93.5,"type":"block","angle":360},{"duration":1,"type":"hold","time":94,"angle2":135,"angle":45},{"duration":1,"type":"hold","time":99,"angle2":360,"angle":315},{"time":101,"type":"block","angle":405},{"time":101.5,"type":"block","angle":450},{"time":102,"type":"block","angle":495},{"time":103,"type":"block","angle":450},{"time":103.5,"type":"block","angle":405},{"duration":1,"type":"hold","time":104,"angle2":270,"angle":360},{"duration":0.5,"type":"hold","time":105.5,"angle2":180,"angle":225},{"time":107,"type":"block","angle":450},{"duration":0.5,"type":"hold","time":107.5,"angle2":360,"angle":405},{"time":109,"type":"block","angle":270},{"time":109.5,"type":"block","angle":225},{"time":110,"type":"block","angle":270},{"time":110.5,"type":"block","angle":315},{"time":111,"type":"block","angle":360},{"time":111.5,"type":"block","angle":405},{"duration":2,"type":"hold","time":112,"angle2":540,"angle":450},{"time":113,"type":"side","angle":247.5},{"time":115,"type":"block","angle":450},{"time":115.5,"type":"block","angle":405},{"time":116,"type":"block","angle":360},{"time":116.5,"type":"block","angle":315},{"time":117,"type":"block","angle":270},{"duration":1,"type":"hold","time":117.5,"angle2":135,"angle":225},{"time":119,"type":"block","angle":450},{"duration":2,"type":"hold","time":120,"angle2":-90,"angle":0},{"time":121,"type":"side","angle":202.5},{"time":123,"type":"block","angle":0},{"time":123.5,"type":"block","angle":45},{"time":124,"type":"block","angle":90},{"time":124.5,"type":"block","angle":135},{"time":125,"type":"block","angle":180},{"time":125.5,"type":"block","angle":585},{"time":97,"type":"block","angle":315},{"time":98,"type":"block","angle":225},{"time":126,"type":"block","angle":270},{"time":127,"type":"block","angle":0},{"time":127.5,"type":"block","angle":45},{"duration":2,"type":"hold","time":128,"angle2":270,"angle":90},{"time":130.5,"type":"block","angle":315},{"time":131,"type":"block","angle":270},{"time":131.5,"type":"block","angle":315},{"time":132,"type":"block","angle":270},{"time":132.5,"type":"block","angle":225},{"time":133,"type":"block","angle":180},{"time":133.5,"type":"block","angle":135},{"time":134,"type":"block","angle":90},{"time":134.5,"type":"block","angle":45},{"time":135,"type":"block","angle":0},{"time":135.5,"type":"block","angle":315},{"duration":3,"type":"hold","time":136,"angle2":0,"angle":270},{"time":139.5,"type":"block","angle":315},{"time":140,"type":"block","angle":360},{"time":140.5,"type":"block","angle":45},{"time":141,"type":"block","angle":90},{"time":141.5,"type":"block","angle":135},{"time":142,"type":"block","angle":180},{"time":142.5,"type":"block","angle":225},{"time":143,"type":"block","angle":270},{"time":143.5,"type":"block","angle":315},{"time":144,"type":"block","angle":360},{"duration":1,"type":"hold","time":145,"angle2":180,"angle":90},{"time":147,"type":"block","angle":270},{"time":147.5,"type":"block","angle":315},{"time":148,"type":"block","angle":360},{"time":149,"type":"block","angle":90},{"time":149.5,"type":"block","angle":135},{"time":150,"type":"block","angle":180},{"time":151,"type":"block","angle":270},{"time":151.5,"type":"block","angle":315},{"time":152,"type":"block","angle":0},{"time":152.5,"type":"block","angle":45},{"time":153,"type":"block","angle":90},{"duration":2,"type":"hold","time":153.5,"angle2":315,"angle":135},{"time":156,"type":"block","angle":360},{"time":156.5,"type":"block","angle":315},{"time":157,"type":"block","angle":360},{"time":157.5,"type":"block","angle":315},{"time":158,"type":"block","angle":270},{"time":158.5,"type":"block","angle":225},{"time":159,"type":"block","angle":180},{"time":159.5,"type":"block","angle":135},{"duration":2,"type":"hold","time":160,"angle2":-450,"angle":-270},{"time":162.5,"type":"block","angle":-495},{"time":163,"type":"block","angle":-450},{"time":163.5,"type":"block","angle":-495},{"time":164,"type":"block","angle":-450},{"time":164.5,"type":"block","angle":-405},{"time":165,"type":"block","angle":-360},{"time":165.5,"type":"block","angle":-315},{"time":166,"type":"block","angle":-270},{"time":166.5,"type":"block","angle":-225},{"time":167,"type":"block","angle":-180},{"time":167.5,"type":"block","angle":-495},{"duration":3,"type":"hold","time":168,"angle2":-180,"angle":-450},{"time":171.5,"type":"block","angle":-495},{"time":172,"type":"block","angle":-540},{"time":172.5,"type":"block","angle":-225},{"time":173,"type":"block","angle":-270},{"time":173.5,"type":"block","angle":-315},{"time":174,"type":"block","angle":-360},{"time":174.5,"type":"block","angle":-405},{"time":175,"type":"block","angle":-450},{"time":175.5,"type":"block","angle":-495},{"time":176,"type":"block","angle":-540},{"duration":1,"type":"hold","time":177,"angle2":-360,"angle":-270},{"time":179,"type":"block","angle":-450},{"time":179.5,"type":"block","angle":-495},{"time":180,"type":"block","angle":-540},{"time":181,"type":"block","angle":-270},{"time":181.5,"type":"block","angle":-315},{"time":182,"type":"block","angle":-360},{"time":183,"type":"block","angle":-450},{"time":183.5,"type":"block","angle":-495},{"time":184,"type":"block","angle":-180},{"time":184.5,"type":"block","angle":-225},{"time":185,"type":"block","angle":-270},{"time":185.5,"type":"block","angle":45},{"time":186,"type":"block","angle":360},{"time":186.5,"type":"block","angle":315},{"time":187,"type":"block","angle":270},{"time":187.5,"type":"block","angle":225},{"duration":1,"type":"hold","time":188,"angle2":90,"angle":180},{"duration":1,"type":"hold","time":189,"angle2":0,"angle":90},{"time":194,"type":"block","angle":270},{"time":194.5,"type":"block","angle":337.5},{"time":195,"type":"block","angle":45},{"time":195.5,"type":"block","angle":112.5},{"time":196,"type":"block","angle":180},{"time":196.5,"type":"block","angle":247.5},{"time":197,"type":"block","angle":315},{"time":197.5,"type":"block","angle":22.5},{"time":198,"type":"block","angle":90},{"time":199,"type":"block","angle":225},{"time":199.5,"type":"block","angle":292.5},{"speedMult":1.5,"type":"side","time":200,"angle":360},{"time":201,"type":"block","angle":225},{"time":201.5,"type":"block","angle":157.5},{"duration":1,"type":"hold","time":202,"angle2":-45,"angle":90},{"time":204,"type":"block","angle":180},{"time":204.5,"type":"block","angle":112.5},{"time":205,"type":"block","angle":45},{"time":205.5,"type":"block","angle":337.5},{"duration":1,"type":"hold","time":206,"angle2":135,"angle":270},{"speedMult":1.5,"type":"side","time":208,"angle":0},{"time":209,"type":"block","angle":135},{"time":209.5,"type":"block","angle":202.5},{"time":210,"type":"block","angle":270},{"time":210.5,"type":"block","angle":337.5},{"time":211,"type":"block","angle":45},{"time":211.5,"type":"block","angle":112.5},{"time":212,"type":"block","angle":180},{"time":213,"type":"block","angle":315},{"time":213.5,"type":"block","angle":22.5},{"time":214,"type":"block","angle":90},{"time":214.5,"type":"block","angle":157.5},{"time":215,"type":"block","angle":225},{"time":215.5,"type":"block","angle":292.5},{"speedMult":1.5,"type":"side","time":216,"angle":0},{"time":217,"type":"block","angle":225},{"time":217.5,"type":"block","angle":157.5},{"time":218,"type":"block","angle":90},{"time":218.5,"type":"block","angle":22.5},{"time":219,"type":"block","angle":315},{"time":219.5,"type":"block","angle":247.5},{"duration":1,"type":"hold","time":220,"angle2":45,"angle":180},{"duration":1,"type":"hold","time":222,"angle2":135,"angle":270},{"speedMult":1.5,"type":"side","time":224,"angle":0},{"time":225.5,"type":"block","angle":202.5},{"time":226,"type":"block","angle":270},{"time":226.5,"type":"block","angle":337.5},{"time":227,"type":"block","angle":45},{"time":227.5,"type":"block","angle":112.5},{"time":228,"type":"block","angle":180},{"time":228.5,"type":"block","angle":247.5},{"time":229,"type":"block","angle":315},{"time":229.5,"type":"block","angle":22.5},{"duration":1,"type":"hold","time":230,"angle2":225,"angle":90},{"time":231.5,"type":"block","angle":292.5},{"speedMult":1.5,"type":"side","time":232,"angle":360},{"time":233,"type":"block","angle":225},{"time":233.5,"type":"block","angle":157.5},{"time":234,"type":"block","angle":90},{"time":235,"type":"block","angle":315},{"time":235.5,"type":"block","angle":247.5},{"time":236,"type":"block","angle":180},{"time":236.5,"type":"block","angle":112.5},{"time":237,"type":"block","angle":45},{"time":237.5,"type":"block","angle":337.5},{"duration":1,"type":"hold","time":238,"angle2":135,"angle":270},{"speedMult":1.5,"type":"side","time":240,"angle":360},{"time":241,"type":"block","angle":135},{"time":241.5,"type":"block","angle":202.5},{"time":242,"type":"block","angle":270},{"time":242.5,"type":"block","angle":337.5},{"time":243,"type":"block","angle":45},{"time":243.5,"type":"block","angle":112.5},{"time":244,"type":"block","angle":180},{"time":245,"type":"block","angle":315},{"time":245.5,"type":"block","angle":22.5},{"time":246,"type":"block","angle":90},{"time":246.5,"type":"block","angle":157.5},{"time":247,"type":"block","angle":225},{"time":247.5,"type":"block","angle":292.5},{"speedMult":1.5,"type":"side","time":248,"angle":0},{"duration":1,"type":"hold","time":249,"angle2":90,"angle":225},{"time":251,"type":"block","angle":315},{"time":251.5,"type":"block","angle":247.5},{"time":252,"type":"block","angle":180},{"time":252.5,"type":"block","angle":112.5},{"time":253,"type":"block","angle":45},{"time":253.5,"type":"block","angle":337.5},{"duration":1,"type":"hold","time":254,"angle2":135,"angle":270},{"duration":1,"speedMult":8,"type":"hold","time":416,"angle":0,"angle2":0},{"duration":1,"speedMult":8,"type":"hold","time":416,"angle":337.5,"angle2":337.5},{"duration":1,"speedMult":8,"type":"hold","time":416,"angle":22.5,"angle2":22.5},{"duration":2,"type":"hold","time":256,"angle2":-180,"angle":0},{"time":257.5,"type":"side","angle":112.5},{"duration":1,"type":"hold","time":258,"angle2":270,"angle":180},{"time":260,"type":"block","angle":0},{"time":260.5,"type":"block","angle":45},{"time":261,"type":"block","angle":90},{"time":261.5,"type":"block","angle":135},{"time":262,"type":"block","angle":180},{"time":262.5,"type":"block","angle":225},{"time":263,"type":"block","angle":270},{"time":263.5,"type":"block","angle":315},{"duration":2,"type":"hold","time":264,"angle2":180,"angle":0},{"time":265.5,"type":"side","angle":-112.5},{"duration":1,"type":"hold","time":266,"angle2":-270,"angle":-180},{"time":268,"type":"block","angle":0},{"time":268.5,"type":"block","angle":-45},{"time":269,"type":"block","angle":-90},{"time":269.5,"type":"block","angle":-135},{"time":270,"type":"block","angle":-180},{"time":270.5,"type":"block","angle":-225},{"time":271,"type":"block","angle":-270},{"time":271.5,"type":"block","angle":-315},{"duration":2,"type":"hold","time":272,"angle2":-180,"angle":0},{"time":273.5,"type":"side","angle":112.5},{"duration":1,"type":"hold","time":274,"angle2":270,"angle":180},{"time":276,"type":"block","angle":0},{"time":276.5,"type":"block","angle":45},{"time":277,"type":"block","angle":90},{"time":277.5,"type":"block","angle":135},{"time":278,"type":"block","angle":180},{"time":278.5,"type":"block","angle":225},{"time":279,"type":"block","angle":270},{"time":279.5,"type":"block","angle":315},{"duration":2,"type":"hold","time":280,"angle2":180,"angle":0},{"time":281.5,"type":"side","angle":-112.5},{"duration":1,"type":"hold","time":282,"angle2":-270,"angle":-180},{"time":284,"type":"block","angle":0},{"time":284.5,"type":"block","angle":-45},{"time":285,"type":"block","angle":-90},{"time":285.5,"type":"block","angle":-135},{"duration":1,"type":"hold","time":286,"angle2":90,"angle":180},{"time":288,"type":"block","angle":0},{"time":289,"type":"block","angle":270},{"time":289.5,"type":"block","angle":225},{"duration":1,"type":"hold","time":290,"angle2":90,"angle":180},{"time":291.5,"type":"block","angle":45},{"duration":1,"type":"hold","time":292,"angle":360,"angle2":270},{"time":293.5,"type":"block","angle":225},{"time":294,"type":"block","angle":180},{"time":295,"type":"block","angle":90},{"time":295.5,"type":"block","angle":45},{"duration":1.5,"type":"hold","time":296,"angle":360,"angle2":225},{"time":297,"type":"side","angle":157.5},{"duration":1.5,"type":"hold","time":298,"angle":270,"angle2":405},{"time":299,"type":"side","angle":112.5},{"time":301,"type":"side","angle":157.5},{"duration":1.5,"type":"hold","time":300,"angle":360,"angle2":225},{"time":302,"type":"block","angle":270},{"time":302.5,"type":"block","angle":315},{"time":303,"type":"block","angle":360},{"time":303.5,"type":"block","angle":45},{"duration":2,"type":"hold","time":304,"angle":90,"angle2":270},{"time":306.5,"type":"block","angle":315},{"time":307,"type":"block","angle":360},{"time":307.5,"type":"block","angle":45},{"time":308,"type":"block","angle":90},{"time":309,"type":"block","angle":180},{"time":309.5,"type":"block","angle":225},{"time":310,"type":"block","angle":270},{"time":310.5,"type":"block","angle":315},{"time":311,"type":"block","angle":0},{"time":311.5,"type":"block","angle":45},{"duration":2,"type":"hold","time":312,"angle2":270,"angle":90},{"duration":1,"type":"hold","time":314,"angle2":360,"angle":270},{"time":315.5,"type":"block","angle":45},{"time":316,"type":"block","angle":90},{"time":316.5,"type":"block","angle":135},{"time":317,"type":"block","angle":180},{"time":317.5,"type":"block","angle":225},{"duration":1,"type":"hold","time":318,"angle2":360,"angle":270},{"time":320,"type":"side","angle":90},{"time":321,"type":"block","angle":0},{"time":321.5,"type":"block","angle":-45},{"duration":1,"type":"hold","time":324,"angle2":0,"angle":90},{"time":325.5,"type":"block","angle":-45},{"time":326,"type":"block","angle":-90},{"time":327,"type":"block","angle":-180},{"time":327.5,"type":"block","angle":-225},{"duration":1.5,"type":"hold","time":328,"angle2":-45,"angle":90},{"time":329,"type":"side","angle":-112.5},{"duration":1.5,"type":"hold","time":330,"angle":0,"angle2":135},{"time":331,"type":"side","angle":-157.5},{"time":333,"type":"side","angle":-112.5},{"duration":1.5,"type":"hold","time":332,"angle":90,"angle2":-45},{"time":334,"type":"block","angle":0},{"time":334.5,"type":"block","angle":45},{"time":335,"type":"block","angle":90},{"time":335.5,"type":"block","angle":-225},{"duration":2,"type":"hold","time":336,"angle2":0,"angle":-180},{"time":339,"type":"block","angle":90},{"time":339.5,"type":"block","angle":-225},{"time":340,"type":"block","angle":-180},{"time":341,"type":"block","angle":-90},{"time":341.5,"type":"block","angle":-45},{"time":342,"type":"block","angle":0},{"time":342.5,"type":"block","angle":45},{"time":343,"type":"block","angle":-270},{"time":343.5,"type":"block","angle":-225},{"time":347.5,"type":"block","angle":-225},{"time":348,"type":"block","angle":-180},{"time":348.5,"type":"block","angle":-135},{"time":349,"type":"block","angle":-90},{"time":349.5,"type":"block","angle":-45},{"time":322,"type":"block","angle":270},{"time":322.5,"type":"block","angle":225},{"duration":1,"type":"hold","time":323,"angle2":90,"angle":180},{"time":340.5,"type":"block","angle":225},{"duration":1,"type":"hold","time":344,"angle2":270,"angle":180},{"time":345.5,"type":"block","angle":315},{"time":346,"type":"block","angle":360},{"time":346.5,"type":"block","angle":45},{"time":347,"type":"block","angle":90},{"time":351.5,"type":"block","angle":135},{"duration":2,"type":"hold","time":352,"angle":180,"angle2":360},{"time":354.5,"type":"block","angle":405},{"time":355,"type":"block","angle":360},{"time":355.5,"type":"block","angle":405},{"time":356,"type":"block","angle":360},{"time":356.5,"type":"block","angle":315},{"time":357,"type":"block","angle":270},{"time":357.5,"type":"block","angle":225},{"time":358,"type":"block","angle":180},{"time":358.5,"type":"block","angle":135},{"time":359,"type":"block","angle":90},{"time":359.5,"type":"block","angle":405},{"duration":3,"type":"hold","time":360,"angle":360,"angle2":90},{"time":363.5,"type":"block","angle":405},{"time":364,"type":"block","angle":450},{"time":364.5,"type":"block","angle":135},{"time":365,"type":"block","angle":180},{"time":365.5,"type":"block","angle":225},{"time":366,"type":"block","angle":270},{"time":366.5,"type":"block","angle":315},{"time":367,"type":"block","angle":360},{"time":367.5,"type":"block","angle":405},{"time":368,"type":"block","angle":450},{"duration":1,"type":"hold","time":369,"angle":180,"angle2":270},{"time":371,"type":"block","angle":360},{"time":371.5,"type":"block","angle":405},{"time":372,"type":"block","angle":450},{"time":373,"type":"block","angle":180},{"time":373.5,"type":"block","angle":225},{"time":374,"type":"block","angle":270},{"time":375,"type":"block","angle":360},{"time":375.5,"type":"block","angle":405},{"time":376,"type":"block","angle":90},{"time":376.5,"type":"block","angle":135},{"time":377,"type":"block","angle":180},{"duration":2,"type":"hold","time":377.5,"angle":225,"angle2":405},{"time":380,"type":"block","angle":450},{"time":380.5,"type":"block","angle":405},{"time":381,"type":"block","angle":450},{"time":381.5,"type":"block","angle":405},{"time":382,"type":"block","angle":360},{"time":382.5,"type":"block","angle":315},{"time":383,"type":"block","angle":270},{"time":383.5,"type":"block","angle":225},{"duration":2,"type":"hold","time":384,"angle":-180,"angle2":-360},{"time":386.5,"type":"block","angle":-405},{"time":387,"type":"block","angle":-360},{"time":387.5,"type":"block","angle":-405},{"time":388,"type":"block","angle":-360},{"time":388.5,"type":"block","angle":-315},{"time":389,"type":"block","angle":-270},{"time":389.5,"type":"block","angle":-225},{"time":390,"type":"block","angle":-180},{"time":390.5,"type":"block","angle":-135},{"time":391,"type":"block","angle":-90},{"time":391.5,"type":"block","angle":-405},{"duration":3,"type":"hold","time":392,"angle":-360,"angle2":-90},{"time":395.5,"type":"block","angle":-405},{"time":396,"type":"block","angle":-450},{"time":396.5,"type":"block","angle":-135},{"time":397,"type":"block","angle":-180},{"time":397.5,"type":"block","angle":-225},{"time":398,"type":"block","angle":-270},{"time":398.5,"type":"block","angle":-315},{"time":399,"type":"block","angle":-360},{"time":399.5,"type":"block","angle":-405},{"time":400,"type":"block","angle":-450},{"duration":1,"type":"hold","time":401,"angle":-180,"angle2":-270},{"time":403,"type":"block","angle":-360},{"time":403.5,"type":"block","angle":-405},{"time":404,"type":"block","angle":-450},{"time":405,"type":"block","angle":-180},{"time":405.5,"type":"block","angle":-225},{"time":406,"type":"block","angle":-270},{"time":407,"type":"block","angle":-360},{"time":407.5,"type":"block","angle":-405},{"time":408,"type":"block","angle":-90},{"time":408.5,"type":"block","angle":-135},{"time":409,"type":"block","angle":-180},{"time":409.5,"type":"block","angle":135},{"time":410,"type":"block","angle":450},{"time":410.5,"type":"block","angle":405},{"time":411,"type":"block","angle":360},{"time":411.5,"type":"block","angle":315},{"duration":1,"type":"hold","time":412,"angle":270,"angle2":180},{"duration":1,"type":"hold","time":413,"angle":180,"angle2":90},{"time":351,"type":"block","angle":90},{"time":350,"type":"block","angle":0},{"time":418,"type":"block","angle":-270},{"time":418.5,"type":"block","angle":-337.5},{"time":419,"type":"block","angle":-45},{"time":419.5,"type":"block","angle":-112.5},{"time":420,"type":"block","angle":-180},{"time":420.5,"type":"block","angle":-247.5},{"time":421,"type":"block","angle":-315},{"time":421.5,"type":"block","angle":-22.5},{"time":422,"type":"block","angle":-90},{"time":423,"type":"block","angle":-225},{"time":423.5,"type":"block","angle":-292.5},{"speedMult":1.5,"type":"side","time":424,"angle":-360},{"time":425,"type":"block","angle":-225},{"time":425.5,"type":"block","angle":-157.5},{"duration":1,"type":"hold","time":426,"angle2":45,"angle":-90},{"time":428,"type":"block","angle":-180},{"time":428.5,"type":"block","angle":-112.5},{"time":429,"type":"block","angle":-45},{"time":429.5,"type":"block","angle":-337.5},{"duration":1,"type":"hold","time":430,"angle2":-135,"angle":-270},{"speedMult":1.5,"type":"side","time":432,"angle":0},{"time":433,"type":"block","angle":-135},{"time":433.5,"type":"block","angle":-202.5},{"time":434,"type":"block","angle":-270},{"time":434.5,"type":"block","angle":-337.5},{"time":435,"type":"block","angle":-45},{"time":435.5,"type":"block","angle":-112.5},{"time":436,"type":"block","angle":-180},{"time":437,"type":"block","angle":-315},{"time":437.5,"type":"block","angle":-22.5},{"time":438,"type":"block","angle":-90},{"time":438.5,"type":"block","angle":-157.5},{"time":439,"type":"block","angle":-225},{"time":439.5,"type":"block","angle":-292.5},{"speedMult":1.5,"type":"side","time":440,"angle":0},{"time":441,"type":"block","angle":-225},{"time":441.5,"type":"block","angle":-157.5},{"time":442,"type":"block","angle":-90},{"time":442.5,"type":"block","angle":-22.5},{"time":443,"type":"block","angle":-315},{"time":443.5,"type":"block","angle":-247.5},{"duration":1,"type":"hold","time":444,"angle2":-45,"angle":-180},{"duration":1,"type":"hold","time":446,"angle2":-135,"angle":-270},{"speedMult":1.5,"type":"side","time":448,"angle":0},{"time":449.5,"type":"block","angle":-202.5},{"time":450,"type":"block","angle":-270},{"time":450.5,"type":"block","angle":-337.5},{"time":451,"type":"block","angle":-45},{"time":451.5,"type":"block","angle":-112.5},{"time":452,"type":"block","angle":-180},{"time":452.5,"type":"block","angle":-247.5},{"time":453,"type":"block","angle":-315},{"time":453.5,"type":"block","angle":-22.5},{"duration":1,"type":"hold","time":454,"angle2":-225,"angle":-90},{"time":455.5,"type":"block","angle":-292.5},{"speedMult":1.5,"type":"side","time":456,"angle":-360},{"time":457,"type":"block","angle":-225},{"time":457.5,"type":"block","angle":-157.5},{"time":458,"type":"block","angle":-90},{"time":459,"type":"block","angle":-315},{"time":459.5,"type":"block","angle":-247.5},{"time":460,"type":"block","angle":-180},{"time":460.5,"type":"block","angle":-112.5},{"time":461,"type":"block","angle":-45},{"time":461.5,"type":"block","angle":-337.5},{"duration":1,"type":"hold","time":462,"angle2":-135,"angle":-270},{"speedMult":1.5,"type":"side","time":464,"angle":-360},{"time":465,"type":"block","angle":-135},{"time":465.5,"type":"block","angle":-202.5},{"time":466,"type":"block","angle":-270},{"time":466.5,"type":"block","angle":-337.5},{"time":467,"type":"block","angle":-45},{"time":467.5,"type":"block","angle":-112.5},{"time":468,"type":"block","angle":-180},{"time":469,"type":"block","angle":-315},{"time":469.5,"type":"block","angle":-22.5},{"time":470,"type":"block","angle":-90},{"time":470.5,"type":"block","angle":-157.5},{"time":471,"type":"block","angle":-225},{"time":471.5,"type":"block","angle":-292.5},{"speedMult":1.5,"type":"side","time":472,"angle":0},{"duration":1,"type":"hold","time":473,"angle2":-90,"angle":-225},{"time":475,"type":"block","angle":-315},{"time":475.5,"type":"block","angle":-247.5},{"time":476,"type":"block","angle":-180},{"time":476.5,"type":"block","angle":-112.5},{"time":477,"type":"block","angle":-45},{"time":477.5,"type":"block","angle":-337.5},{"duration":1,"type":"hold","time":478,"angle2":-135,"angle":-270},{"time":480,"type":"block","angle":-360},{"duration":1.5,"type":"hold","time":481,"angle":-270,"angle2":-135},{"time":482,"type":"side","angle":-427.5},{"duration":0.5,"type":"hold","time":482.5,"angle2":-540,"angle":-495},{"duration":1,"type":"hold","time":483.5,"angle2":-315,"angle":-225},{"time":485,"type":"block","angle":-360},{"duration":1,"type":"hold","time":485.5,"angle":-405,"angle2":-495},{"time":487,"type":"block","angle":-180},{"time":487.5,"type":"block","angle":-225},{"duration":1,"type":"hold","time":488,"angle2":-360,"angle":-270},{"time":488.5,"type":"side","angle":-427.5},{"duration":0.5,"type":"hold","time":489,"angle2":-315,"angle":-360},{"time":490,"type":"block","angle":-270},{"time":490.5,"type":"block","angle":-225},{"duration":1,"type":"hold","time":491,"angle":-540,"angle2":-450},{"time":491.5,"type":"side","angle":-382.5},{"duration":0.5,"type":"hold","time":492,"angle":-450,"angle2":-495},{"duration":1,"type":"hold","time":493.5,"angle2":-315,"angle":-225},{"time":493,"type":"block","angle":-540},{"time":495,"type":"block","angle":-360},{"duration":1,"type":"hold","time":495.5,"angle":-405,"angle2":-495},{"time":497,"type":"block","angle":-540},{"time":497.5,"type":"block","angle":-225},{"time":498,"type":"block","angle":-270},{"time":498.5,"type":"block","angle":-315},{"time":499,"type":"block","angle":-360},{"time":499.5,"type":"block","angle":-405},{"time":500,"type":"block","angle":-450},{"duration":1,"type":"hold","time":500.5,"angle":-495,"angle2":-585},{"time":496.75,"type":"block","angle":-517.5},{"time":497.25,"type":"block","angle":-202.5},{"time":497.75,"type":"block","angle":-247.5},{"time":498.25,"type":"block","angle":-292.5},{"time":498.75,"type":"block","angle":-337.5},{"time":499.25,"type":"block","angle":-382.5},{"time":499.75,"type":"block","angle":-427.5},{"time":500.25,"type":"block","angle":-472.5},{"duration":1,"type":"hold","time":501.5,"angle":-225,"angle2":-315},{"time":503,"type":"block","angle":-360},{"duration":1.25,"type":"hold","time":503.5,"angle":-405,"angle2":-517.5},{"duration":0.75,"type":"hold","time":505,"angle2":-247.5,"angle":-180},{"duration":0.75,"type":"hold","time":506,"angle":-270,"angle2":-337.5},{"time":507.5,"type":"block","angle":-405},{"time":507.75,"type":"block","angle":-427.5},{"duration":0.25,"type":"hold","time":507,"angle":-360,"angle2":-382.5},{"duration":0.5,"type":"hold","time":508,"angle":-450,"angle2":-495},{"time":508.75,"type":"block","angle":-517.5},{"time":509,"type":"block","angle":-540},{"time":509.25,"type":"block","angle":-202.5},{"time":509.5,"type":"block","angle":-225},{"time":509.75,"type":"block","angle":-247.5},{"time":510,"type":"block","angle":-270},{"time":510.25,"type":"block","angle":-292.5},{"time":510.5,"type":"block","angle":-315},{"time":510.75,"type":"block","angle":-337.5},{"time":511,"type":"block","angle":-360},{"time":511.25,"type":"block","angle":-382.5},{"time":511.5,"type":"block","angle":-405},{"time":511.75,"type":"block","angle":-427.5},{"duration":1,"type":"hold","time":512,"angle2":-540,"angle":-450},{"time":513.5,"type":"block","angle":-225},{"time":514,"type":"block","angle":-270},{"time":514.5,"type":"block","angle":-315},{"speedMult":0.5,"type":"side","time":515,"angle":-405},{"time":515.5,"type":"block","angle":-315},{"time":516,"type":"block","angle":-270},{"time":516.5,"type":"block","angle":-225},{"speedMult":0.5,"type":"side","time":517,"angle":-135},{"time":517.5,"type":"block","angle":-225},{"time":518,"type":"block","angle":-270},{"time":518.5,"type":"block","angle":-315},{"speedMult":0.5,"type":"side","time":519,"angle":-405},{"time":519.5,"type":"block","angle":-315},{"time":520,"type":"block","angle":-270},{"time":520.5,"type":"block","angle":-225},{"speedMult":0.5,"type":"side","time":521,"angle":-135},{"time":521.5,"type":"block","angle":-225},{"time":522,"type":"block","angle":-270},{"time":522.5,"type":"block","angle":-315},{"speedMult":0.5,"type":"side","time":523,"angle":-405},{"time":523.5,"type":"block","angle":-315},{"time":524,"type":"block","angle":-270},{"time":524.5,"type":"block","angle":-225},{"speedMult":0.5,"type":"side","time":525,"angle":-135},{"time":525.5,"type":"block","angle":-225},{"time":526,"type":"block","angle":-270},{"time":526.5,"type":"block","angle":-315},{"speedMult":0.5,"type":"side","time":527,"angle":-405},{"time":527.5,"type":"block","angle":-315},{"time":528,"type":"block","angle":-270},{"time":528.5,"type":"block","angle":-225},{"speedMult":0.5,"type":"side","time":529,"angle":-135},{"time":529.5,"type":"block","angle":-225},{"time":530,"type":"block","angle":-270},{"time":530.5,"type":"block","angle":-315},{"speedMult":0.5,"type":"side","time":531,"angle":-405},{"time":531.5,"type":"block","angle":-315},{"time":532,"type":"block","angle":-270},{"time":532.5,"type":"block","angle":-225},{"speedMult":0.5,"type":"side","time":533,"angle":-135},{"time":533.5,"type":"block","angle":-225},{"time":534,"type":"block","angle":-270},{"time":534.5,"type":"block","angle":-315},{"speedMult":0.5,"type":"side","time":535,"angle":-405},{"time":535.5,"type":"block","angle":-315},{"time":536,"type":"block","angle":-270},{"time":536.5,"type":"block","angle":-225},{"speedMult":0.5,"type":"side","time":537,"angle":-135},{"time":537.5,"type":"block","angle":-225},{"time":538,"type":"block","angle":-270},{"time":538.5,"type":"block","angle":-315},{"speedMult":0.5,"type":"side","time":539,"angle":-405},{"time":539.5,"type":"block","angle":-315},{"time":540,"type":"block","angle":-270},{"time":540.5,"type":"block","angle":-225},{"duration":3,"type":"hold","time":541,"angle2":-225,"angle":-495},{"duration":2,"type":"hold","time":544,"angle":-225,"angle2":-135},{"time":545.5,"type":"side","angle":-427.5},{"time":546.5,"type":"block","angle":-495},{"time":547,"type":"block","angle":-517.5},{"time":547.5,"type":"block","angle":-540},{"time":548,"type":"block","angle":-202.5},{"time":548.5,"type":"block","angle":-225},{"time":549,"type":"block","angle":-247.5},{"time":549.5,"type":"block","angle":-270},{"duration":1.5,"type":"hold","time":550,"angle":-292.5,"angle2":-360},{"time":551,"type":"side","angle":-427.5},{"duration":1.5,"type":"hold","time":552,"angle2":-292.5,"angle":-360},{"time":554,"type":"block","angle":-270},{"time":554.5,"type":"block","angle":-247.5},{"time":555,"type":"block","angle":-225},{"time":555.5,"type":"block","angle":-202.5},{"time":556,"type":"block","angle":-540},{"time":556.5,"type":"block","angle":-517.5},{"time":557,"type":"block","angle":-495},{"time":557.5,"type":"block","angle":-472.5},{"duration":2,"type":"hold","time":558,"angle":-450,"angle2":-360},{"duration":2,"type":"hold","time":560,"angle":-360,"angle2":-270},{"time":561.5,"type":"side","angle":-562.5},{"time":562.5,"type":"block","angle":-630},{"time":563,"type":"block","angle":-652.5},{"time":563.5,"type":"block","angle":-675},{"duration":1.5,"type":"hold","time":566,"angle2":-495,"angle":-427.5},{"time":567,"type":"side","angle":-562.5},{"duration":1.5,"type":"hold","time":568,"angle":-495,"angle2":-427.5},{"time":570,"type":"block","angle":-405},{"time":570.5,"type":"block","angle":-382.5},{"time":571,"type":"block","angle":-360},{"time":571.5,"type":"block","angle":-337.5},{"time":572,"type":"block","angle":-675},{"time":572.5,"type":"block","angle":-652.5},{"time":573,"type":"block","angle":-630},{"time":573.5,"type":"block","angle":-607.5},{"duration":2,"type":"hold","time":574,"angle":-585,"angle2":-495},{"duration":1,"type":"hold","time":564,"angle":-337.5,"angle2":-382.5},{"duration":2,"type":"hold","time":576,"angle":-135,"angle2":-45},{"time":577.5,"type":"side","angle":-337.5},{"time":578.5,"type":"block","angle":-405},{"time":579,"type":"block","angle":-427.5},{"time":579.5,"type":"block","angle":-450},{"time":580,"type":"block","angle":-112.5},{"time":580.5,"type":"block","angle":-135},{"time":581,"type":"block","angle":-157.5},{"time":581.5,"type":"block","angle":-180},{"duration":1.5,"type":"hold","time":582,"angle2":-270,"angle":-202.5},{"time":583,"type":"side","angle":-337.5},{"duration":1.5,"type":"hold","time":584,"angle":-270,"angle2":-202.5},{"time":586,"type":"block","angle":-180},{"time":586.5,"type":"block","angle":-157.5},{"time":587,"type":"block","angle":-135},{"time":587.5,"type":"block","angle":-112.5},{"time":588,"type":"block","angle":-450},{"time":588.5,"type":"block","angle":-427.5},{"time":589,"type":"block","angle":-405},{"time":589.5,"type":"block","angle":-382.5},{"duration":2,"type":"hold","time":590,"angle2":-270,"angle":-360},{"duration":2,"type":"hold","time":592,"angle":-270,"angle2":-180},{"time":593.5,"type":"side","angle":-472.5},{"time":594.5,"type":"block","angle":-540},{"time":595,"type":"block","angle":-562.5},{"time":595.5,"type":"block","angle":-585},{"duration":4,"type":"hold","time":600,"angle2":-225,"angle":-405},{"duration":1,"type":"hold","time":596,"angle":-247.5,"angle2":-292.5},{"time":598,"type":"block","angle":-337.5},{"time":598.5,"type":"block","angle":-360},{"time":599,"type":"block","angle":-382.5},{"time":599.5,"type":"block","angle":-405},{"duration":1,"type":"hold","time":604,"angle":-225,"angle2":-180},{"duration":1,"type":"hold","time":605,"angle2":-495,"angle":-540},{"duration":1,"speedMult":8,"type":"hold","time":608,"angle2":0,"angle":0},{"duration":1,"speedMult":8,"type":"hold","time":608,"angle":337.5,"angle2":337.5},{"duration":1,"speedMult":8,"type":"hold","time":608,"angle":22.5,"angle2":22.5},{"time":610,"type":"block","angle":90},{"time":610.5,"type":"block","angle":157.5},{"time":611,"type":"block","angle":-135},{"time":611.5,"type":"block","angle":-67.5},{"time":612,"type":"block","angle":0},{"time":612.5,"type":"block","angle":67.5},{"time":613,"type":"block","angle":135},{"time":613.5,"type":"block","angle":-157.5},{"time":614,"type":"block","angle":-90},{"time":615,"type":"block","angle":45},{"time":615.5,"type":"block","angle":112.5},{"speedMult":1.5,"type":"side","time":616,"angle":180},{"time":617,"type":"block","angle":45},{"time":617.5,"type":"block","angle":-22.5},{"duration":1,"type":"hold","time":618,"angle2":-225,"angle":-90},{"time":620,"type":"block","angle":0},{"time":620.5,"type":"block","angle":-67.5},{"time":621,"type":"block","angle":-135},{"time":621.5,"type":"block","angle":157.5},{"duration":1,"type":"hold","time":622,"angle2":-45,"angle":90},{"speedMult":1.5,"type":"side","time":624,"angle":-180},{"time":625,"type":"block","angle":-45},{"time":625.5,"type":"block","angle":22.5},{"time":626,"type":"block","angle":90},{"time":626.5,"type":"block","angle":157.5},{"time":627,"type":"block","angle":-135},{"time":627.5,"type":"block","angle":-67.5},{"time":628,"type":"block","angle":0},{"time":629,"type":"block","angle":135},{"time":629.5,"type":"block","angle":-157.5},{"time":630,"type":"block","angle":-90},{"time":630.5,"type":"block","angle":-22.5},{"time":631,"type":"block","angle":45},{"time":631.5,"type":"block","angle":112.5},{"speedMult":1.5,"type":"side","time":632,"angle":-180},{"time":633,"type":"block","angle":45},{"time":633.5,"type":"block","angle":-22.5},{"time":634,"type":"block","angle":-90},{"time":634.5,"type":"block","angle":-157.5},{"time":635,"type":"block","angle":135},{"time":635.5,"type":"block","angle":67.5},{"duration":1,"type":"hold","time":636,"angle2":-135,"angle":0},{"duration":1,"type":"hold","time":638,"angle2":-45,"angle":90},{"speedMult":1.5,"type":"side","time":640,"angle":-180},{"time":641.5,"type":"block","angle":22.5},{"time":642,"type":"block","angle":90},{"time":642.5,"type":"block","angle":157.5},{"time":643,"type":"block","angle":-135},{"time":643.5,"type":"block","angle":-67.5},{"time":644,"type":"block","angle":0},{"time":644.5,"type":"block","angle":67.5},{"time":645,"type":"block","angle":135},{"time":645.5,"type":"block","angle":-157.5},{"duration":1,"type":"hold","time":646,"angle2":45,"angle":-90},{"time":647.5,"type":"block","angle":112.5},{"speedMult":1.5,"type":"side","time":648,"angle":180},{"time":649,"type":"block","angle":45},{"time":649.5,"type":"block","angle":-22.5},{"time":650,"type":"block","angle":-90},{"time":651,"type":"block","angle":135},{"time":651.5,"type":"block","angle":67.5},{"time":652,"type":"block","angle":0},{"time":652.5,"type":"block","angle":-67.5},{"time":653,"type":"block","angle":-135},{"time":653.5,"type":"block","angle":157.5},{"duration":1,"type":"hold","time":654,"angle":90,"angle2":-45},{"speedMult":1.5,"type":"side","time":656,"angle":180},{"time":657,"type":"block","angle":-45},{"time":657.5,"type":"block","angle":22.5},{"time":658,"type":"block","angle":90},{"time":658.5,"type":"block","angle":157.5},{"time":659,"type":"block","angle":-135},{"time":659.5,"type":"block","angle":-67.5},{"time":660,"type":"block","angle":0},{"time":661,"type":"block","angle":135},{"time":661.5,"type":"block","angle":-157.5},{"time":662,"type":"block","angle":-90},{"time":662.5,"type":"block","angle":-22.5},{"time":663,"type":"block","angle":45},{"time":663.5,"type":"block","angle":112.5},{"speedMult":1.5,"type":"side","time":664,"angle":-180},{"duration":1,"type":"hold","time":665,"angle":45,"angle2":-90},{"time":667,"type":"block","angle":135},{"time":667.5,"type":"block","angle":67.5},{"time":668,"type":"block","angle":0},{"time":668.5,"type":"block","angle":-67.5},{"time":669,"type":"block","angle":-135},{"time":669.5,"type":"block","angle":157.5},{"duration":1,"type":"hold","time":670,"angle":90,"angle2":-45},{"duration":1,"speedMult":8,"type":"hold","time":608,"angle":-315,"angle2":-315},{"duration":1,"speedMult":8,"type":"hold","time":608,"angle2":-292.5,"angle":-292.5},{"duration":1,"speedMult":8,"type":"hold","time":608,"angle":-247.5,"angle2":-247.5},{"duration":1,"speedMult":8,"type":"hold","time":608,"angle":-225,"angle2":-225},{"duration":1,"speedMult":8,"type":"hold","time":608,"angle":-202.5,"angle2":-202.5},{"duration":1,"speedMult":8,"type":"hold","time":608,"angle2":-540,"angle":-540},{"duration":1,"speedMult":8,"type":"hold","time":608,"angle":-517.5,"angle2":-517.5},{"duration":1,"speedMult":8,"type":"hold","time":608,"angle":-495,"angle2":-495},{"duration":1,"speedMult":8,"type":"hold","time":608,"angle2":-472.5,"angle":-472.5},{"duration":1,"speedMult":8,"type":"hold","time":608,"angle":-450,"angle2":-450},{"duration":1,"speedMult":8,"type":"hold","time":608,"angle":-427.5,"angle2":-427.5},{"duration":1,"speedMult":8,"type":"hold","time":608,"angle":-405,"angle2":-405},{"duration":2,"type":"hold","time":672,"angle":-135,"angle2":45},{"time":673.5,"type":"side","angle":-247.5},{"duration":1,"type":"hold","time":674,"angle":-315,"angle2":-405},{"time":676,"type":"block","angle":-135},{"time":676.5,"type":"block","angle":-180},{"time":677,"type":"block","angle":-225},{"time":677.5,"type":"block","angle":-270},{"time":678,"type":"block","angle":-315},{"time":678.5,"type":"block","angle":-360},{"time":679,"type":"block","angle":-405},{"time":679.5,"type":"block","angle":-450},{"duration":2,"type":"hold","time":680,"angle":-135,"angle2":-315},{"time":681.5,"type":"side","angle":-22.5},{"duration":1,"type":"hold","time":682,"angle":45,"angle2":135},{"time":684,"type":"block","angle":-135},{"time":684.5,"type":"block","angle":-90},{"time":685,"type":"block","angle":-45},{"time":685.5,"type":"block","angle":0},{"time":686,"type":"block","angle":45},{"time":686.5,"type":"block","angle":90},{"time":687,"type":"block","angle":135},{"time":687.5,"type":"block","angle":180},{"duration":2,"type":"hold","time":688,"angle":-135,"angle2":45},{"time":689.5,"type":"side","angle":-247.5},{"duration":1,"type":"hold","time":690,"angle":-315,"angle2":-405},{"time":692,"type":"block","angle":-135},{"time":692.5,"type":"block","angle":-180},{"time":693,"type":"block","angle":-225},{"time":693.5,"type":"block","angle":-270},{"time":694,"type":"block","angle":-315},{"time":694.5,"type":"block","angle":-360},{"time":695,"type":"block","angle":-405},{"time":695.5,"type":"block","angle":-450},{"duration":2,"type":"hold","time":696,"angle":-135,"angle2":-315},{"time":697.5,"type":"side","angle":-22.5},{"duration":1,"type":"hold","time":698,"angle":45,"angle2":135},{"time":700,"type":"block","angle":-135},{"time":700.5,"type":"block","angle":-90},{"time":701,"type":"block","angle":-45},{"time":701.5,"type":"block","angle":0},{"duration":1,"type":"hold","time":702,"angle":-315,"angle2":-225},{"time":704,"type":"block","angle":-135},{"time":705,"type":"block","angle":-450},{"time":705.5,"type":"block","angle":-405},{"duration":1,"type":"hold","time":706,"angle":-360,"angle2":-270},{"time":707.5,"type":"block","angle":-225},{"duration":1,"type":"hold","time":708,"angle2":-450,"angle":-540},{"time":709.5,"type":"block","angle":-405},{"time":710,"type":"block","angle":-360},{"time":711,"type":"block","angle":-270},{"time":711.5,"type":"block","angle":-225},{"duration":1.5,"type":"hold","time":712,"angle":-540,"angle2":-405},{"time":713,"type":"side","angle":-337.5},{"duration":1.5,"type":"hold","time":714,"angle":-450,"angle2":-585},{"time":715,"type":"side","angle":-292.5},{"time":717,"type":"side","angle":-337.5},{"duration":1.5,"type":"hold","time":716,"angle2":-405,"angle":-540},{"time":718,"type":"block","angle":-450},{"time":718.5,"type":"block","angle":-495},{"time":719,"type":"block","angle":-540},{"time":719.5,"type":"block","angle":-225},{"duration":2,"type":"hold","time":720,"angle2":-450,"angle":-270},{"time":723.5,"type":"block","angle":-225},{"time":724,"type":"block","angle":-270},{"time":725,"type":"block","angle":-360},{"time":727,"type":"block","angle":-180},{"time":727.5,"type":"block","angle":-225},{"duration":2,"type":"hold","time":728,"angle":-270,"angle2":-450},{"duration":1,"type":"hold","time":730,"angle":-450,"angle2":-540},{"time":731.5,"type":"block","angle":-225},{"time":732,"type":"block","angle":-270},{"time":732.5,"type":"block","angle":-315},{"time":733,"type":"block","angle":-360},{"time":733.5,"type":"block","angle":-405},{"duration":1,"type":"hold","time":734,"angle":-450,"angle2":-540},{"time":736,"type":"side","angle":-270},{"time":737,"type":"block","angle":-180},{"time":737.5,"type":"block","angle":-135},{"duration":1,"type":"hold","time":740,"angle":-270,"angle2":-180},{"time":741.5,"type":"block","angle":-135},{"time":742,"type":"block","angle":-90},{"time":743,"type":"block","angle":0},{"time":743.5,"type":"block","angle":45},{"duration":1.5,"type":"hold","time":744,"angle":-270,"angle2":-135},{"time":745,"type":"side","angle":-67.5},{"duration":1.5,"type":"hold","time":746,"angle2":-315,"angle":-180},{"time":747,"type":"side","angle":-22.5},{"time":749,"type":"side","angle":-67.5},{"duration":1.5,"type":"hold","time":748,"angle":-270,"angle2":-135},{"time":750,"type":"block","angle":-180},{"time":750.5,"type":"block","angle":-225},{"time":751,"type":"block","angle":-270},{"time":751.5,"type":"block","angle":45},{"duration":2,"type":"hold","time":752,"angle":0,"angle2":-180},{"time":755,"type":"block","angle":-270},{"time":755.5,"type":"block","angle":45},{"time":756,"type":"block","angle":0},{"time":757,"type":"block","angle":-90},{"time":757.5,"type":"block","angle":-135},{"time":763.5,"type":"block","angle":45},{"duration":1,"type":"hold","time":739,"angle":-360,"angle2":-270},{"time":756.5,"type":"block","angle":-405},{"time":721,"type":"side","angle":-472.5},{"duration":1,"type":"hold","time":722,"angle":-450,"angle2":-540},{"time":724.5,"type":"block","angle":-315},{"duration":1,"type":"hold","time":725.5,"angle":-405,"angle2":-495},{"time":729,"type":"side","angle":-517.5},{"duration":1,"type":"hold","time":738,"angle":-450,"angle2":-360},{"time":753,"type":"side","angle":-202.5},{"duration":1,"type":"hold","time":758,"angle":-540,"angle2":-630},{"time":760,"type":"block","angle":-360},{"duration":1,"type":"hold","time":761,"angle":-450,"angle2":-540},{"duration":1,"type":"hold","time":762,"angle":-540,"angle2":-630},{"duration":1,"type":"hold","time":764,"angle2":270,"angle":360},{"duration":1,"type":"hold","time":765,"angle2":180,"angle":270},{"time":305.5,"type":"side","angle":337.5},{"time":313,"type":"side","angle":292.5},{"time":337.5,"type":"side","angle":67.5}]