{"metadata":{"bgData":{"redChannel":{"r":255,"g":0,"b":0},"blueChannel":{"r":0,"g":0,"b":255},"greenChannel":{"r":255,"g":0,"b":0},"yellowChannel":{"r":255,"g":255,"b":255},"magentaChannel":{"r":97,"g":99,"b":100},"cyanChannel":{"r":110,"g":165,"b":230},"image":"bg.png"},"artistLink":"","bg":true,"difficulty":6,"charter":"9thCore","songName":"Kagerou Daze","artist":"Jin","description":"its the 15th of august"},"events":[{"type":"play","bpm":200.02000427246,"time":0,"volume":0.5,"file":"song.ogg","angle":180},{"duration":1,"ease":"outExpo","type":"ease","var":"scrollSpeed","time":32,"value":1.5,"angle":0},{"r":0,"b":0,"description":"","time":32,"angle":270,"g":0,"type":"bookmark","name":"verse 1"},{"duration":1,"angle":270,"type":"ease","value":2.5,"time":193,"var":"scrollSpeed","ease":"outExpo"},{"duration":64,"ease":"linear","type":"ease","var":"scrollSpeed","time":128,"value":2,"angle":180},{"r":0,"b":0,"description":"","time":127,"angle":90,"g":0,"type":"bookmark","name":"buildup 1"},{"spriteName":"miss","type":"forcePlayerSprite","time":192,"angle":270},{"r":0,"b":0,"description":"","time":192,"angle":180,"g":0,"type":"bookmark","name":"drop 1"},{"duration":0,"paddle":1,"type":"paddles","ease":"linear","time":192,"newWidth":360,"angle":0},{"duration":2,"paddle":1,"type":"paddles","ease":"outExpo","time":193.5,"newWidth":70,"angle":180},{"type":"ease","var":"p.paddleDistance","time":192,"value":8,"angle":315},{"duration":1,"angle":315,"type":"ease","value":31,"time":193.5,"var":"p.paddleDistance","ease":"outExpo"},{"type":"ease","var":"scrollSpeed","time":190,"value":4,"angle":180},{"duration":4,"var":"scrollSpeed","time":200,"value":2.5,"ease":"outExpo","order":0,"type":"ease","repeats":6,"repeatDelay":8,"start":0,"angle":180},{"duration":4,"angle":180,"type":"ease","var":"scrollSpeed","time":256,"value":1.5,"ease":"outExpo"},{"sx":2,"sy":2,"time":0,"angle":90,"ox":300,"oy":180,"type":"deco","drawLayer":"fg","sprite":"splat.png","id":"0"},{"sx":1,"sy":1,"time":192,"ease":"outExpo","type":"deco","angle":225,"duration":1,"id":"0"},{"r":79,"b":0,"type":"setColor","g":0,"time":191,"color":2,"angle":45},{"duration":64,"b":0,"time":192,"color":2,"ease":"linear","g":0,"type":"setColor","r":38,"angle":45},{"sx":2,"sy":2,"time":256,"ease":"outExpo","type":"deco","angle":270,"duration":2,"id":"0"},{"r":0,"b":0,"description":"","time":256,"angle":90,"g":0,"type":"bookmark","name":"intermission 1"},{"r":0,"b":0,"description":"","time":289,"angle":90,"g":0,"type":"bookmark","name":"verse 2"},{"r":0,"b":0,"description":"","time":352,"angle":90,"g":0,"type":"bookmark","name":"buildup 2"},{"duration":1,"ease":"outExpo","type":"ease","var":"scrollSpeed","time":417,"value":2.5,"angle":270},{"spriteName":"miss","type":"forcePlayerSprite","time":416,"angle":270},{"r":0,"b":0,"description":"","time":416,"angle":180,"g":0,"type":"bookmark","name":"drop 2"},{"duration":0,"paddle":1,"type":"paddles","ease":"linear","time":416,"newWidth":360,"angle":90},{"duration":2,"paddle":1,"type":"paddles","ease":"outExpo","time":417.5,"newWidth":70,"angle":180},{"type":"ease","var":"p.paddleDistance","time":416,"value":8,"angle":315},{"duration":1,"angle":315,"type":"ease","value":31,"time":417.5,"var":"p.paddleDistance","ease":"outExpo"},{"sx":1,"sy":1,"time":416,"ease":"outExpo","type":"deco","angle":225,"duration":1,"id":"0"},{"r":38,"b":0,"type":"setColor","g":0,"time":415,"color":2,"angle":360},{"type":"tag","tag":"vignetteflash","time":416,"angleOffset":false,"angle":0},{"type":"tag","tag":"vignetteflash","time":416,"angleOffset":false,"angle":45},{"type":"tag","tag":"vignetteflash","time":424,"angleOffset":false,"angle":-225},{"type":"tag","tag":"vignetteflash","time":432,"angleOffset":false,"angle":-225},{"type":"tag","tag":"vignetteflash","time":440,"angleOffset":false,"angle":-225},{"type":"tag","tag":"vignetteflash","time":448,"angleOffset":false,"angle":-225},{"type":"tag","tag":"vignetteflash","time":456,"angleOffset":false,"angle":-225},{"type":"tag","tag":"vignetteflash","time":464,"angleOffset":false,"angle":-225},{"type":"tag","tag":"vignetteflash","time":472,"angleOffset":false,"angle":-225},{"r":0,"b":0,"description":"","time":480,"angle":-270,"g":0,"type":"bookmark","name":"intermission 2"},{"r":0,"b":0,"description":"","time":544,"angle":-360,"g":0,"type":"bookmark","name":"verse 3"},{"r":0,"b":0,"description":"","time":608,"angle":-360,"g":0,"type":"bookmark","name":"drop 3"},{"r":0,"b":0,"description":"","time":672,"angle":-360,"g":0,"type":"bookmark","name":"intermission 3"},{"r":0,"b":0,"description":"","time":704,"angle":-360,"g":0,"type":"bookmark","name":"verse 4"},{"time":769,"type":"showResults","angle":-270},{"r":0,"b":0,"description":"","time":576,"angle":-360,"g":0,"type":"bookmark","name":"buildup 3"},{"duration":64,"ease":"linear","type":"ease","var":"scrollSpeed","time":352,"value":2,"angle":270},{"type":"ease","var":"scrollSpeed","time":414,"value":4,"angle":270},{"duration":4,"var":"scrollSpeed","time":424,"value":2.5,"ease":"outExpo","order":0,"type":"ease","repeats":6,"repeatDelay":8,"start":0,"angle":-180},{"duration":4,"angle":-90,"type":"ease","var":"scrollSpeed","time":480,"value":1.5,"ease":"outExpo"},{"sx":2,"sy":2,"time":480,"angle":-180,"type":"deco","ease":"outExpo","duration":2,"id":"0"},{"duration":4,"ease":"linear","type":"ease","var":"scrollSpeed","time":496.5,"value":6,"angle":-270},{"duration":4,"angle":-270,"type":"ease","var":"scrollSpeed","time":500.5,"value":1.5,"ease":"outExpo"},{"duration":4,"ease":"linear","type":"ease","var":"scrollSpeed","time":507,"value":8,"angle":-270},{"duration":4,"ease":"outExpo","type":"ease","var":"scrollSpeed","time":512,"value":1.5,"angle":-270},{"duration":28,"type":"ease","var":"scrollSpeed","time":513,"value":0.25,"angle":-270},{"duration":28,"ease":"linear","type":"ease","var":"vfx.angleTwist.offset","time":513,"value":180,"angle":-450},{"duration":8,"angle":-270,"type":"ease","var":"vfx.angleTwist.offset","time":541,"value":0,"ease":"outExpo"},{"r":0,"b":0,"type":"setColor","g":0,"time":544,"color":0,"angle":-180},{"duration":4,"b":255,"time":544,"color":1,"angle":-270,"g":255,"type":"setColor","r":255,"ease":"linear"},{"type":"ease","var":"scrollSpeed","time":544,"value":0.80000001192093,"angle":-247.5},{"duration":32,"b":255,"time":576,"color":0,"angle":-247.5,"g":255,"type":"setColor","r":255},{"duration":32,"b":0,"time":576,"color":1,"angle":-292.5,"g":0,"type":"setColor","r":0},{"duration":32,"type":"ease","var":"scrollSpeed","time":576,"value":1.5,"angle":-450},{"duration":1,"ease":"outExpo","type":"ease","var":"scrollSpeed","time":609,"value":3,"angle":-461.25},{"spriteName":"angry","type":"forcePlayerSprite","time":608,"angle":-438.75},{"duration":0,"paddle":1,"type":"paddles","angle":-281.25,"time":608,"newWidth":360,"ease":"linear"},{"duration":2,"paddle":1,"type":"paddles","ease":"outExpo","time":609.5,"newWidth":70,"angle":180},{"type":"ease","value":8,"time":608,"var":"p.paddleDistance","angle":-393.75},{"duration":1,"angle":315,"type":"ease","value":31,"time":609.5,"var":"p.paddleDistance","ease":"outExpo"},{"sx":1,"sy":1,"time":608,"angle":-483.75,"type":"deco","ease":"outExpo","duration":1,"id":"0"},{"order":0,"time":616,"value":2.75,"angle":0,"type":"ease","duration":4,"ease":"outExpo","start":0,"var":"scrollSpeed"},{"duration":1,"angle":-270,"type":"ease","var":"scrollSpeed","time":605,"value":4,"ease":"outExpo"},{"type":"tag","tag":"flasherg","time":608,"angleOffset":false,"angle":-180},{"type":"tag","tag":"flasherg","time":608,"angleOffset":false,"angle":-258.75},{"type":"tag","tag":"flasherg","time":610,"angleOffset":false,"angle":-258.75},{"type":"tag","tag":"flasherg","time":609,"angleOffset":false,"angle":-258.75},{"type":"tag","tag":"flasherg","time":611,"angleOffset":false,"angle":-258.75},{"type":"tag","tag":"flasherg","time":612,"angleOffset":false,"angle":-258.75},{"type":"tag","tag":"flasherg","time":613,"angleOffset":false,"angle":-258.75},{"type":"tag","tag":"flasherg","time":614,"angleOffset":false,"angle":-258.75},{"type":"tag","tag":"flasherg","time":615,"angleOffset":false,"angle":-258.75},{"type":"tag","tag":"flasherg","time":616,"angleOffset":false,"angle":-337.5},{"type":"tag","tag":"flasherg","time":617,"angleOffset":false,"angle":-337.5},{"type":"tag","tag":"flasherg","time":618,"angleOffset":false,"angle":-337.5},{"type":"tag","tag":"flasherg","time":619,"angleOffset":false,"angle":-337.5},{"type":"tag","tag":"flasherg","time":620,"angleOffset":false,"angle":-337.5},{"type":"tag","tag":"flasherg","time":621,"angleOffset":false,"angle":-337.5},{"type":"tag","tag":"flasherg","time":622,"angleOffset":false,"angle":-337.5},{"type":"tag","tag":"flasherg","time":623,"angleOffset":false,"angle":-337.5},{"type":"tag","tag":"flasherg","time":624,"angleOffset":false,"angle":-337.5},{"type":"tag","tag":"flasherg","time":625,"angleOffset":false,"angle":-337.5},{"type":"tag","tag":"flasherg","time":626,"angleOffset":false,"angle":-337.5},{"type":"tag","tag":"flasherg","time":627,"angleOffset":false,"angle":-337.5},{"type":"tag","tag":"flasherg","time":628,"angleOffset":false,"angle":-337.5},{"type":"tag","tag":"flasherg","time":629,"angleOffset":false,"angle":-337.5},{"type":"tag","tag":"flasherg","time":630,"angleOffset":false,"angle":-337.5},{"type":"tag","tag":"flasherg","time":631,"angleOffset":false,"angle":-337.5},{"type":"tag","tag":"flasherg","time":632,"angleOffset":false,"angle":-337.5},{"type":"tag","tag":"flasherg","time":633,"angleOffset":false,"angle":-337.5},{"type":"tag","tag":"flasherg","time":634,"angleOffset":false,"angle":-337.5},{"type":"tag","tag":"flasherg","time":635,"angleOffset":false,"angle":-337.5},{"type":"tag","tag":"flasherg","time":636,"angleOffset":false,"angle":-337.5},{"type":"tag","tag":"flasherg","time":637,"angleOffset":false,"angle":-337.5},{"type":"tag","tag":"flasherg","time":638,"angleOffset":false,"angle":-337.5},{"type":"tag","tag":"flasherg","time":639,"angleOffset":false,"angle":-337.5},{"type":"tag","tag":"flasherg","time":640,"angleOffset":false,"angle":-337.5},{"type":"tag","tag":"flasherg","time":641,"angleOffset":false,"angle":-337.5},{"type":"tag","tag":"flasherg","time":642,"angleOffset":false,"angle":-337.5},{"type":"tag","tag":"flasherg","time":643,"angleOffset":false,"angle":-337.5},{"type":"tag","tag":"flasherg","time":644,"angleOffset":false,"angle":-337.5},{"type":"tag","tag":"flasherg","time":645,"angleOffset":false,"angle":-337.5},{"type":"tag","tag":"flasherg","time":646,"angleOffset":false,"angle":-337.5},{"type":"tag","tag":"flasherg","time":647,"angleOffset":false,"angle":-337.5},{"type":"tag","tag":"flasherg","time":648,"angleOffset":false,"angle":-337.5},{"type":"tag","tag":"flasherg","time":649,"angleOffset":false,"angle":-337.5},{"type":"tag","tag":"flasherg","time":650,"angleOffset":false,"angle":-337.5},{"type":"tag","tag":"flasherg","time":651,"angleOffset":false,"angle":-337.5},{"type":"tag","tag":"flasherg","time":652,"angleOffset":false,"angle":-337.5},{"type":"tag","tag":"flasherg","time":653,"angleOffset":false,"angle":-337.5},{"type":"tag","tag":"flasherg","time":654,"angleOffset":false,"angle":-337.5},{"type":"tag","tag":"flasherg","time":655,"angleOffset":false,"angle":-337.5},{"type":"tag","tag":"flasherg","time":656,"angleOffset":false,"angle":-337.5},{"type":"tag","tag":"flasherg","time":657,"angleOffset":false,"angle":-337.5},{"type":"tag","tag":"flasherg","time":658,"angleOffset":false,"angle":-337.5},{"type":"tag","tag":"flasherg","time":659,"angleOffset":false,"angle":-337.5},{"type":"tag","tag":"flasherg","time":660,"angleOffset":false,"angle":-337.5},{"type":"tag","tag":"flasherg","time":661,"angleOffset":false,"angle":-337.5},{"type":"tag","tag":"flasherg","time":662,"angleOffset":false,"angle":-337.5},{"type":"tag","tag":"flasherg","time":663,"angleOffset":false,"angle":-337.5},{"type":"tag","tag":"flasherg","time":664,"angleOffset":false,"angle":-337.5},{"type":"tag","tag":"flasherg","time":665,"angleOffset":false,"angle":-337.5},{"type":"tag","tag":"flasherg","time":666,"angleOffset":false,"angle":-337.5},{"type":"tag","tag":"flasherg","time":667,"angleOffset":false,"angle":-337.5},{"type":"tag","tag":"flasherg","time":668,"angleOffset":false,"angle":-337.5},{"type":"tag","tag":"flasherg","time":669,"angleOffset":false,"angle":-337.5},{"type":"tag","tag":"flasherg","time":670,"angleOffset":false,"angle":-337.5},{"type":"tag","tag":"flasherg","time":671,"angleOffset":false,"angle":-337.5},{"duration":64,"b":125,"time":608,"color":0,"angle":-326.25,"g":125,"type":"setColor","r":255,"ease":"inQuad"},{"spriteName":"happy","type":"forcePlayerSprite","time":640,"angle":-382.5},{"order":0,"time":624,"value":2.5,"angle":0,"type":"ease","duration":4,"ease":"outExpo","start":0,"var":"scrollSpeed"},{"order":0,"time":632,"value":2.25,"angle":0,"type":"ease","duration":4,"ease":"outExpo","start":0,"var":"scrollSpeed"},{"order":0,"time":640,"value":2,"angle":0,"type":"ease","duration":4,"ease":"outExpo","start":0,"var":"scrollSpeed"},{"order":0,"time":648,"value":1.75,"angle":0,"type":"ease","duration":4,"ease":"outExpo","start":0,"var":"scrollSpeed"},{"order":0,"time":656,"value":1.5,"angle":0,"type":"ease","duration":4,"ease":"outExpo","start":0,"var":"scrollSpeed"},{"order":0,"time":664,"value":1.25,"angle":0,"type":"ease","duration":4,"ease":"outExpo","start":0,"var":"scrollSpeed"},{"duration":30,"ease":"linear","type":"ease","var":"scrollSpeed","time":672,"value":1.5,"angle":-315},{"sx":2,"sy":2,"time":672,"angle":-405,"type":"deco","ease":"outExpo","duration":2,"id":"0"},{"duration":16,"b":255,"time":672,"color":0,"angle":-270,"g":255,"type":"setColor","r":255},{"spriteName":"","type":"forcePlayerSprite","time":704,"angle":135},{"sx":0,"sy":0,"time":0,"angle":270,"ox":300,"oy":180,"type":"deco","drawLayer":"bg","sprite":"splat2.png","id":"1"},{"r":161,"b":17,"type":"setColor","g":17,"time":0,"color":3,"angle":135},{"sx":0.30000001192093,"sy":0.30000001192093,"time":608,"angle":90,"type":"deco","ease":"outExpo","duration":4,"id":"1"},{"duration":60,"sy":0.40000000596046,"type":"deco","id":"1","time":611,"sx":0.40000000596046,"angle":90},{"duration":97,"b":10,"time":672,"color":3,"angle":180,"g":10,"type":"setColor","r":41},{"x":300,"y":380,"time":0,"angle":225,"drawOrder":-1,"oy":132,"drawLayer":"fg","type":"deco","ox":273,"sprite":"lyrics#0","id":"2"},{"duration":4,"angle":90,"y":460,"type":"deco","time":24,"ease":"inQuint","id":"2"},{"id":"2","type":"deco","y":380,"time":64.5,"hide":true,"angle":270},{"id":"2","hide":false,"type":"deco","time":65,"sprite":"lyrics#1","angle":270},{"type":"deco","angle":90,"time":85.5,"sprite":"lyrics#2","id":"2"},{"id":"2","hide":false,"type":"deco","time":97,"sprite":"lyrics#3","angle":180},{"type":"deco","angle":0,"time":117,"sprite":"lyrics#4","id":"2"},{"type":"deco","angle":292.5,"time":127,"sprite":"lyrics#5","id":"2"},{"type":"deco","angle":270,"time":145,"sprite":"lyrics#6","id":"2"},{"type":"deco","angle":270,"time":160,"sprite":"lyrics#7","id":"2"},{"type":"deco","angle":270,"time":177,"sprite":"lyrics#8","id":"2"},{"drawOrder":10,"type":"deco","angle":135,"time":192,"sprite":"lyrics#9","id":"2"},{"type":"deco","angle":180,"time":208,"sprite":"lyrics#10","id":"2"},{"type":"deco","angle":180,"time":224,"sprite":"lyrics#11","id":"2"},{"type":"deco","angle":180,"time":240,"sprite":"lyrics#12","id":"2"},{"type":"deco","angle":225,"time":256,"hide":true,"id":"2"},{"id":"2","hide":false,"type":"deco","time":289,"sprite":"lyrics#13","angle":180},{"type":"deco","angle":90,"time":310,"sprite":"lyrics#14","id":"2"},{"type":"deco","angle":180,"time":321,"sprite":"lyrics#15","id":"2"},{"type":"deco","angle":180,"time":341,"sprite":"lyrics#16","id":"2"},{"type":"deco","angle":270,"time":351,"sprite":"lyrics#17","id":"2"},{"type":"deco","angle":180,"time":364.5,"sprite":"lyrics#18","id":"2"},{"type":"deco","angle":270,"time":384,"sprite":"lyrics#19","id":"2"},{"type":"deco","angle":270,"time":401,"sprite":"lyrics#20","id":"2"},{"type":"deco","angle":135,"time":416,"sprite":"lyrics#21","id":"2"},{"type":"deco","angle":180,"time":432,"sprite":"lyrics#22","id":"2"},{"type":"deco","angle":180,"time":448,"sprite":"lyrics#23","id":"2"},{"type":"deco","angle":180,"time":464,"sprite":"lyrics#24","id":"2"},{"type":"deco","id":"2","time":480,"hide":true,"angle":45},{"angle":270,"type":"deco","hide":false,"time":544,"sprite":"lyrics#25","id":"2"},{"type":"deco","angle":90,"time":560,"sprite":"lyrics#26","id":"2"},{"type":"deco","angle":180,"time":576,"sprite":"lyrics#27","id":"2"},{"type":"deco","angle":270,"time":592,"sprite":"lyrics#28","id":"2"},{"type":"deco","angle":191.25,"time":608,"sprite":"lyrics#29","id":"2"},{"type":"deco","angle":270,"time":624,"sprite":"lyrics#30","id":"2"},{"type":"deco","angle":270,"time":640,"sprite":"lyrics#31","id":"2"},{"type":"deco","angle":270,"time":656,"sprite":"lyrics#32","id":"2"},{"type":"deco","angle":270,"time":664,"sprite":"lyrics#33","id":"2"},{"type":"deco","id":"2","time":672,"hide":true,"angle":270},{"id":"2","hide":false,"type":"deco","time":705,"sprite":"lyrics#34","angle":90},{"type":"deco","angle":360,"time":725.5,"sprite":"lyrics#35","id":"2"},{"type":"deco","angle":270,"time":737,"sprite":"lyrics#36","id":"2"},{"type":"deco","id":"2","time":766,"hide":true,"angle":90},{"spriteName":"","type":"forcePlayerSprite","time":256,"angle":45},{"spriteName":"","type":"forcePlayerSprite","time":480,"angle":315},{"spriteName":"idle2.png","type":"forcePlayerSprite","time":544,"angle":315},{"spriteName":"idle3.png","type":"forcePlayerSprite","time":664,"angle":90},{"x":0,"y":0,"time":0,"angle":315,"drawOrder":-100,"drawLayer":"bg","type":"deco","sprite":"bglevel.png","id":"3"},{"r":255,"g":255,"type":"setColor","b":255,"time":0,"color":2,"angle":337.5},{"r":255,"g":255,"type":"setColor","b":255,"time":0,"color":4,"angle":292.5},{"r":255,"g":255,"type":"setColor","b":255,"time":0,"color":5,"angle":247.5},{"r":255,"g":255,"type":"setColor","b":255,"time":0,"color":6,"angle":202.5},{"r":255,"b":255,"type":"setColor","g":255,"time":0,"color":7,"angle":157.5},{"r":100,"b":100,"time":32,"color":5,"ease":"outExpo","g":100,"type":"setColor","duration":4,"angle":45},{"r":255,"b":0,"time":32,"color":4,"ease":"outExpo","g":0,"type":"setColor","duration":4,"angle":22.5},{"r":109,"b":240,"time":32,"color":7,"ease":"outExpo","g":167,"type":"setColor","duration":4,"angle":90},{"r":255,"b":255,"time":32,"color":6,"ease":"outExpo","g":255,"type":"setColor","duration":4,"angle":67.5},{"hide":true,"id":"3","time":544,"type":"deco","angle":225},{"hide":false,"id":"3","time":608,"type":"deco","angle":258.75},{"r":109,"b":115,"time":608,"color":7,"ease":"inQuad","g":42,"type":"setColor","duration":64,"angle":56.25},{"r":107,"b":241,"time":672,"color":7,"angle":67.5,"g":166,"type":"setColor","duration":16},{"spriteName":"idle3.png","type":"forcePlayerSprite","time":704.5,"angle":135},{"spriteName":"","type":"forcePlayerSprite","time":705,"angle":135},{"sx":4,"x":444,"y":276,"time":31,"angle":67.5,"ox":21,"oy":21,"drawLayer":"bg","type":"deco","sy":4,"sprite":"clockhour.png","id":"4"},{"sx":4,"x":444,"y":276,"time":31,"angle":135,"ox":21,"oy":21,"drawLayer":"bg","type":"deco","sy":4,"sprite":"clockminute.png","id":"5"},{"r":360,"type":"deco","id":"4","time":32,"duration":737,"angle":112.5},{"r":12960,"type":"deco","angle":157.5,"time":32,"duration":737,"id":"5"},{"hide":true,"angle":45,"time":544,"type":"deco","id":"4"},{"type":"deco","id":"5","time":544,"hide":true,"angle":67.5},{"type":"deco","id":"4","time":608,"hide":false,"angle":315},{"hide":false,"id":"5","time":608,"type":"deco","angle":337.5},{"r":100,"b":50,"time":608,"color":5,"ease":"inQuad","g":50,"type":"setColor","angle":11.25,"duration":64},{"r":99,"b":99,"time":672,"color":5,"angle":112.5,"g":99,"type":"setColor","duration":16}],"properties":{"loadBeat":-2,"speed":35,"startBeat":0,"offset":8,"formatversion":12}}