[{"type":"side","angle":360,"time":1},{"type":"side","angle":180,"time":3},{"type":"side","angle":180,"time":7},{"type":"side","angle":360,"time":5},{"type":"side","angle":0,"time":9},{"type":"side","angle":180,"time":11},{"type":"side","angle":0,"time":13},{"type":"side","angle":180,"time":15},{"type":"block","angle":270,"time":2},{"type":"block","angle":90,"time":4},{"type":"block","angle":270,"time":6},{"type":"block","angle":90,"time":8},{"type":"block","angle":270,"time":10},{"type":"block","angle":90,"time":12},{"type":"block","angle":270,"time":14},{"angle":180,"angle2":180,"speedMult":16,"type":"hold","duration":0.5,"time":15.5},{"angle":202.5,"angle2":202.5,"speedMult":16,"type":"hold","duration":0.5,"time":15.5},{"angle":157.5,"angle2":157.5,"speedMult":16,"type":"hold","duration":0.5,"time":15.5},{"type":"mine","angle":315,"time":12.5},{"angle":315,"duration":1.5,"type":"mineHold","angle2":247.5,"time":15},{"angle":45,"duration":1.5,"type":"mineHold","angle2":112.5,"time":15},{"type":"mine","angle":315,"time":8.5},{"type":"mine","angle":135,"time":10.5},{"type":"block","angle":180,"time":17},{"angle":180,"duration":1,"type":"hold","angle2":-180,"time":18},{"angle":180,"duration":1,"type":"hold","angle2":-180,"time":22},{"angle":180,"duration":2,"type":"mineHold","angle2":-180,"time":24},{"type":"block","angle":45,"time":24},{"type":"side","angle":180,"time":25},{"angle":0,"duration":2,"type":"mineHold","angle2":-360,"time":27},{"angle":180,"duration":1,"type":"hold","angle2":-180,"time":20},{"type":"block","angle":90,"time":26},{"type":"side","angle":225,"time":27},{"type":"side","angle":45,"time":28},{"angle":202.5,"duration":0,"type":"hold","angle2":157.5,"time":29.5},{"type":"block","angle":360,"time":31},{"angle":292.5,"duration":1.5,"type":"mineHold","angle2":292.5,"time":31},{"angle":67.5,"duration":1.5,"type":"mineHold","angle2":67.5,"time":31},{"angle":180,"duration":1,"type":"hold","angle2":0,"time":30},{"angle":0,"angle2":0,"speedMult":16,"type":"hold","duration":0.5,"time":31.5},{"angle":22.5,"angle2":22.5,"speedMult":16,"type":"hold","duration":0.5,"time":31.5},{"angle":337.5,"angle2":337.5,"speedMult":16,"type":"hold","duration":0.5,"time":31.5},{"type":"block","angle":45,"time":34},{"type":"block","angle":0,"time":33.5},{"type":"block","angle":90,"time":34.5},{"type":"block","angle":157.5,"time":35.25},{"type":"block","angle":112.5,"time":36},{"type":"block","angle":135,"time":35.5},{"type":"block","angle":180,"time":36.5},{"type":"block","angle":202.5,"time":37},{"type":"block","angle":270,"time":37.5},{"type":"block","angle":180,"time":38},{"type":"block","angle":270,"time":38.5},{"angle":270,"duration":0.25,"type":"hold","angle2":225,"time":39.5},{"angle":225,"duration":0.25,"type":"hold","angle2":270,"time":39.75},{"angle":270,"duration":0.25,"type":"hold","angle2":292.5,"time":40},{"angle":292.5,"duration":0.25,"type":"hold","angle2":270,"time":40.25},{"type":"block","angle":270,"time":41.5},{"type":"block","angle":315,"time":41.25},{"angle":315,"duration":0.5,"type":"hold","angle2":270,"time":42},{"angle":270,"duration":0.5,"type":"hold","angle2":315,"time":42.5},{"angle":315,"duration":0.5,"type":"hold","angle2":270,"time":43},{"type":"block","angle":270,"time":44.5},{"angle":0,"type":"side","tap":true,"time":46},{"type":"block","angle":135,"time":50.5},{"type":"block","angle":270,"time":53.5},{"angle":270,"duration":0.25,"type":"hold","angle2":225,"time":54.25},{"angle":225,"duration":0.5,"type":"hold","angle2":270,"time":54.5},{"angle":270,"duration":0.5,"type":"hold","angle2":292.5,"time":55},{"type":"block","angle":225,"time":29},{"type":"block","angle":225,"time":47.5},{"type":"block","angle":180,"time":48.5},{"type":"block","angle":157.5,"time":50},{"type":"block","angle":112.5,"time":51.25},{"type":"block","angle":90,"time":51.5},{"type":"block","angle":180,"time":49.25},{"type":"block","angle":180,"time":49.5},{"type":"block","angle":337.5,"time":52},{"type":"block","angle":337.5,"time":52.5},{"type":"block","angle":315,"time":52.75},{"type":"block","angle":326.25,"time":52.625},{"angle":292.5,"duration":0.5,"type":"hold","angle2":270,"time":55.5},{"type":"block","angle":180,"time":57.5},{"type":"block","angle":180,"time":57.25},{"type":"block","angle":180,"time":58},{"type":"block","angle":180,"time":58.5},{"type":"block","angle":180,"time":59},{"angle":90,"duration":0.5,"type":"hold","angle2":180,"time":59.5},{"angle":270,"duration":0.5,"type":"hold","angle2":180,"time":61},{"type":"block","angle":180,"time":60.5},{"type":"inverse","angle":270,"time":61.25},{"type":"inverse","angle":180,"time":62},{"type":"block","angle":180,"time":62},{"type":"block","angle":157.5,"time":62.5},{"angle":22.5,"duration":0.5,"type":"hold","angle2":0,"time":63.5},{"angle":22.5,"duration":0.25,"type":"hold","angle2":22.5,"time":63.25},{"type":"block","angle":45,"time":66},{"type":"block","angle":0,"time":65.5},{"type":"block","angle":90,"time":66.5},{"type":"block","angle":157.5,"time":67.25},{"type":"block","angle":112.5,"time":68},{"type":"block","angle":135,"time":67.5},{"type":"block","angle":180,"time":68.5},{"type":"block","angle":202.5,"time":69},{"type":"block","angle":270,"time":69.5},{"type":"block","angle":180,"time":70},{"type":"block","angle":270,"time":70.5},{"angle":270,"duration":0.25,"type":"hold","angle2":225,"time":71.5},{"angle":225,"duration":0.25,"type":"hold","angle2":270,"time":71.75},{"angle":270,"duration":0.25,"type":"hold","angle2":292.5,"time":72},{"angle":292.5,"duration":0.25,"type":"hold","angle2":270,"time":72.25},{"type":"block","angle":270,"time":73.5},{"type":"block","angle":315,"time":73.25},{"angle":315,"duration":0.5,"type":"hold","angle2":270,"time":74},{"angle":270,"duration":0.5,"type":"hold","angle2":315,"time":74.5},{"angle":315,"duration":0.5,"type":"hold","angle2":270,"time":75},{"type":"block","angle":270,"time":76.5},{"angle":0,"type":"side","tap":true,"time":78},{"type":"block","angle":135,"time":82.5},{"type":"block","angle":270,"time":85.5},{"angle":270,"duration":0.25,"type":"hold","angle2":225,"time":86.25},{"angle":225,"duration":0.5,"type":"hold","angle2":270,"time":86.5},{"angle":270,"duration":0.5,"type":"hold","angle2":292.5,"time":87},{"type":"block","angle":180,"time":80.5},{"type":"block","angle":157.5,"time":82},{"type":"block","angle":112.5,"time":83.25},{"type":"block","angle":90,"time":83.5},{"type":"block","angle":180,"time":81.25},{"type":"block","angle":180,"time":81.5},{"type":"block","angle":337.5,"time":84},{"type":"block","angle":337.5,"time":84.5},{"type":"block","angle":315,"time":84.75},{"type":"block","angle":326.25,"time":84.625},{"angle":292.5,"duration":0.5,"type":"hold","angle2":270,"time":87.5},{"type":"block","angle":180,"time":89.5},{"type":"block","angle":180,"time":89.25},{"type":"block","angle":180,"time":90},{"type":"block","angle":180,"time":90.5},{"type":"inverse","angle":22.5,"time":63},{"type":"inverse","angle":11.25,"time":63.75},{"type":"inverse","angle":0,"time":64.25},{"type":"inverse","angle":90,"time":66.75},{"type":"inverse","angle":270,"time":70.75},{"type":"inverse","angle":270,"time":71.25},{"type":"inverse","angle":315,"time":73},{"type":"inverse","angle":292.5,"time":73.25},{"type":"inverse","angle":292.5,"time":74.75},{"type":"inverse","angle":292.5,"time":75.25},{"type":"inverse","angle":270,"time":76},{"type":"inverse","angle":157.5,"time":77.25},{"type":"inverse","angle":180,"time":80.25},{"type":"block","angle":247.5,"time":79.25},{"type":"block","angle":202.5,"time":79.75},{"type":"inverse","angle":225,"time":79.5},{"type":"inverse","angle":180,"time":81},{"type":"inverse","angle":135,"time":82.75},{"type":"inverse","angle":112.5,"time":83},{"type":"inverse","angle":67.5,"time":83.75},{"type":"inverse","angle":292.5,"time":85},{"type":"inverse","angle":270,"time":85.25},{"type":"inverse","angle":247.5,"time":86.75},{"type":"inverse","angle":281.25,"time":87.25},{"type":"inverse","angle":281.25,"time":87.75},{"type":"inverse","angle":180,"time":89},{"type":"inverse","angle":180,"time":90.75},{"type":"inverse","angle":180,"time":91.5},{"type":"inverse","angle":180,"time":91.25},{"type":"block","angle":180,"time":91},{"angle":0,"type":"inverse","tap":true,"time":92},{"angle":0,"type":"block","tap":true,"time":92},{"type":"mine","angle":270,"time":92.5},{"type":"mine","angle":270,"time":92.75},{"type":"mine","angle":270,"time":93.25},{"type":"mine","angle":270,"time":93.75},{"type":"mine","angle":270,"time":94},{"type":"mine","angle":270,"time":93.875},{"type":"mine","angle":270,"time":94.25},{"type":"mine","angle":270,"time":95},{"type":"mine","angle":270,"time":95.5},{"type":"mine","angle":270,"time":96},{"type":"mine","angle":270,"time":96.25},{"type":"mine","angle":270,"time":96.375},{"type":"mine","angle":270,"time":96.125},{"type":"mine","angle":90,"time":95},{"type":"mine","angle":90,"time":95.5},{"type":"mine","angle":90,"time":96},{"type":"mine","angle":90,"time":96.25},{"type":"mine","angle":90,"time":96.125},{"type":"mine","angle":90,"time":96.375},{"type":"mine","angle":90,"time":92.5},{"type":"mine","angle":90,"time":92.75},{"type":"mine","angle":90,"time":93.25},{"type":"mine","angle":90,"time":93.75},{"type":"mine","angle":90,"time":94},{"type":"mine","angle":90,"time":93.875},{"type":"mine","angle":90,"time":94.25},{"angle":360,"type":"extraTap","time":96.5},{"angle":0,"duration":1,"type":"hold","angle2":0,"time":97.5},{"angle":360,"duration":0.5,"type":"hold","angle2":450,"time":99.5},{"angle":67.5,"type":"side","time":98},{"type":"extraTap","angle":90,"time":100.5},{"angle":90,"duration":0.5,"type":"hold","angle2":45,"time":101.5},{"angle":45,"duration":0.5,"type":"hold","angle2":90,"time":102},{"angle":90,"duration":1,"type":"hold","angle2":180,"time":102.5},{"angle":180,"duration":1,"type":"hold","angle2":180,"time":103.5},{"angle":180,"type":"block","time":104},{"angle":157.5,"type":"block","time":104},{"type":"block","angle":315,"time":99.25},{"angle":202.5,"type":"block","time":103.75},{"angle":225,"duration":0.25,"type":"hold","angle2":225,"time":105.25},{"angle":225,"duration":0.5,"type":"hold","angle2":202.5,"time":105.5},{"angle":90,"type":"side","time":106.5},{"angle":270,"type":"side","time":107},{"angle":247.5,"type":"side","time":107},{"angle":112.5,"type":"side","time":106.5},{"angle":292.5,"type":"side","time":107},{"angle":67.5,"type":"side","time":106.5},{"type":"mine","angle":292.5,"time":106},{"type":"mine","angle":270,"time":106},{"type":"mine","angle":247.5,"time":106},{"angle":180,"angle2":90,"type":"hold","endTap":true,"duration":1,"time":107.5},{"angle":90,"duration":0.5,"type":"hold","angle2":0,"time":108.5},{"angle":0,"duration":0.5,"type":"hold","angle2":-90,"time":109},{"angle":180,"type":"block","time":110},{"angle":180,"duration":0.5,"type":"hold","angle2":90,"startTap":true,"time":111},{"angle":90,"type":"block","time":111.625},{"angle":45,"type":"block","time":112},{"angle":78.75,"type":"block","time":111.75},{"angle":67.5,"type":"block","time":111.875},{"angle":56.25,"type":"block","time":112},{"angle":33.75,"type":"block","time":112.125},{"angle":22.5,"type":"block","time":112.25},{"angle":11.25,"type":"block","time":112.375},{"angle":0,"type":"block","time":112.5},{"angle":0,"duration":1,"type":"hold","angle2":0,"time":113.5},{"angle":360,"duration":0.25,"type":"hold","angle2":382.5,"time":115.25},{"type":"extraTap","angle":67.5,"time":116.5},{"angle":90,"duration":0.5,"type":"hold","angle2":45,"time":117.5},{"angle":45,"duration":0.5,"type":"hold","angle2":90,"time":118},{"angle":90,"duration":1,"type":"hold","angle2":180,"time":118.5},{"angle":180,"duration":1,"type":"hold","angle2":135,"time":119.5},{"angle":225,"duration":0.25,"type":"hold","angle2":225,"time":121.25},{"angle":225,"duration":0.5,"type":"hold","angle2":202.5,"time":121.5},{"type":"side","angle":90,"time":122.5},{"type":"side","angle":270,"time":123},{"type":"side","angle":247.5,"time":123},{"type":"side","angle":112.5,"time":122.5},{"type":"side","angle":292.5,"time":123},{"type":"side","angle":67.5,"time":122.5},{"type":"block","angle":0,"time":122.75},{"angle":292.5,"type":"mine","time":122},{"angle":270,"type":"mine","time":122},{"angle":247.5,"type":"mine","time":122},{"angle":180,"angle2":90,"type":"hold","endTap":true,"duration":1,"time":123.5},{"angle":90,"duration":0.5,"type":"hold","angle2":0,"time":124.5},{"angle":0,"duration":0.5,"type":"hold","angle2":-90,"time":125},{"type":"block","angle":180,"time":126},{"angle":180,"duration":0.75,"type":"hold","angle2":90,"startTap":true,"time":126.5},{"angle":0,"type":"block","time":113.25},{"type":"block","angle":22.5,"time":114},{"angle":22.5,"duration":0.5,"type":"hold","angle2":90,"time":115.5},{"angle":90,"type":"block","time":116.5},{"angle":90,"type":"block","time":116.625},{"angle":90,"type":"block","time":116.75},{"angle":90,"type":"block","time":116.875},{"angle":90,"type":"block","time":117},{"angle":67.5,"type":"block","time":118.25},{"angle":135,"type":"block","time":119},{"angle":202.5,"type":"block","time":120},{"angle":67.5,"type":"block","time":127.5},{"angle":56.25,"type":"block","time":127.625},{"angle":45,"type":"block","time":127.75},{"angle":33.75,"type":"block","time":127.875},{"angle":22.5,"type":"block","time":128},{"angle":11.25,"type":"block","time":128.125},{"angle":0,"type":"block","time":128.25},{"angle":360,"type":"block","time":128.25},{"angle":348.75,"type":"block","time":128.375},{"angle":337.5,"type":"block","tap":true,"time":128.5},{"type":"extraTap","angle":157.5,"time":104.25},{"type":"extraTap","angle":337.5,"time":112.5},{"type":"extraTap","angle":112.5,"time":120.5},{"type":"extraTap","angle":67.5,"time":124.5},{"type":"extraTap","angle":135,"time":108.5},{"type":"extraTap","angle":0,"time":128.5},{"angle":0,"type":"inverse","time":98.75},{"angle":157.5,"type":"inverse","time":103.25},{"angle":247.5,"type":"inverse","time":105},{"angle":360,"type":"block","time":106.75},{"angle":135,"type":"inverse","time":108},{"angle":315,"type":"inverse","time":109.25},{"angle":123.75,"type":"inverse","time":111.25},{"type":"inverse","angle":157.5,"time":119.25},{"type":"inverse","angle":135,"time":124},{"type":"inverse","angle":315,"time":125.25},{"type":"inverse","angle":123.75,"time":127.25},{"angle":360,"type":"inverse","time":113},{"angle":360,"type":"inverse","time":114.75},{"angle":360,"type":"inverse","time":115},{"angle":56.25,"type":"inverse","time":115.75},{"angle":90,"type":"inverse","time":117.25},{"angle":112.5,"type":"inverse","time":118.75},{"angle":146.25,"type":"inverse","time":120.25},{"angle":247.5,"type":"inverse","time":121},{"angle":90,"type":"block","time":45.5},{"angle":180,"type":"side","time":45},{"angle":180,"type":"side","time":77},{"angle":90,"type":"block","time":77.5},{"angle":270,"type":"block","time":79},{"angle":270,"type":"block","time":47},{"angle":-45,"duration":0,"type":"mineHold","angle2":180,"time":129},{"angle":-45,"duration":0,"type":"mineHold","angle2":180,"time":129.5},{"angle":-45,"duration":0,"type":"mineHold","angle2":180,"time":130},{"angle":-45,"duration":0,"type":"mineHold","angle2":180,"time":130.5},{"angle":135,"duration":0,"type":"mineHold","angle2":360,"time":131},{"angle":135,"duration":0,"type":"mineHold","angle2":360,"time":131.5},{"angle":135,"duration":0,"type":"mineHold","angle2":360,"time":132},{"angle":135,"duration":0,"type":"mineHold","angle2":360,"time":132.5},{"angle":-45,"duration":0,"type":"mineHold","angle2":180,"time":133},{"angle":-45,"duration":0,"type":"mineHold","angle2":180,"time":133.5},{"angle":-45,"duration":0,"type":"mineHold","angle2":180,"time":134},{"angle":-45,"duration":0,"type":"mineHold","angle2":180,"time":134.5},{"angle":135,"duration":0,"type":"mineHold","angle2":360,"time":135},{"angle":135,"duration":0,"type":"mineHold","angle2":360,"time":135.5},{"angle":135,"duration":0,"type":"mineHold","angle2":360,"time":136},{"angle":135,"duration":0,"type":"mineHold","angle2":360,"time":136.5},{"angle":225,"type":"block","time":130.5},{"angle":45,"type":"block","tap":true,"time":132.5},{"angle":225,"type":"block","time":134.5},{"angle":90,"type":"block","tap":true,"time":136.5},{"angle":0,"duration":0,"type":"mineHold","angle2":180,"time":137},{"angle":0,"duration":0,"type":"mineHold","angle2":180,"time":138},{"angle":0,"duration":0,"type":"mineHold","angle2":180,"time":137.5},{"angle":0,"duration":0,"type":"mineHold","angle2":180,"time":138.5},{"angle":-180,"duration":0,"type":"mineHold","angle2":0,"time":139},{"angle":-180,"duration":0,"type":"mineHold","angle2":0,"time":139.5},{"angle":-180,"duration":0,"type":"mineHold","angle2":0,"time":140},{"angle":-180,"duration":0,"type":"mineHold","angle2":0,"time":140.5},{"angle":0,"duration":0,"type":"mineHold","angle2":180,"time":141},{"angle":0,"duration":0,"type":"mineHold","angle2":180,"time":142},{"angle":0,"duration":0,"type":"mineHold","angle2":180,"time":141.5},{"angle":0,"duration":0,"type":"mineHold","angle2":180,"time":142.5},{"angle":-180,"duration":0,"type":"mineHold","angle2":0,"time":143},{"angle":-180,"duration":0,"type":"mineHold","angle2":0,"time":143.5},{"angle":-180,"duration":0,"type":"mineHold","angle2":0,"time":144},{"angle":-292.5,"duration":0,"type":"mineHold","angle2":-45,"time":144.5},{"angle":270,"type":"block","tap":true,"time":138.5},{"angle":90,"type":"block","tap":true,"time":140.5},{"angle":270,"type":"block","tap":true,"time":142.5},{"angle":270,"type":"block","time":137.5},{"angle":90,"type":"block","time":139.5},{"angle":270,"type":"block","time":141.5},{"angle":90,"angle2":0,"type":"hold","endTap":true,"duration":1,"time":143.5},{"angle":22.5,"type":"extraTap","time":144.5},{"type":"mine","angle":22.5,"time":145},{"type":"mine","angle":45,"time":145},{"type":"mine","angle":67.5,"time":145},{"type":"mine","angle":90,"time":145},{"type":"mine","angle":112.5,"time":145},{"type":"mine","angle":270,"time":145},{"type":"mine","angle":247.5,"time":145},{"type":"mine","angle":45,"time":145.5},{"type":"mine","angle":67.5,"time":145.5},{"type":"mine","angle":90,"time":145.5},{"type":"mine","angle":112.5,"time":145.5},{"type":"mine","angle":247.5,"time":145.5},{"type":"mine","angle":270,"time":145.5},{"type":"mine","angle":292.5,"time":145.5},{"type":"mine","angle":247.5,"time":146},{"type":"mine","angle":270,"time":146},{"type":"mine","angle":292.5,"time":146},{"type":"mine","angle":315,"time":146},{"type":"mine","angle":67.5,"time":146},{"type":"mine","angle":90,"time":146},{"type":"mine","angle":112.5,"time":146},{"type":"mine","angle":247.5,"time":146.5},{"type":"mine","angle":270,"time":146.5},{"type":"mine","angle":292.5,"time":146.5},{"type":"mine","angle":315,"time":146.5},{"type":"mine","angle":337.5,"time":146.5},{"type":"mine","angle":247.5,"time":147},{"type":"mine","angle":270,"time":147},{"type":"mine","angle":292.5,"time":147},{"type":"mine","angle":315,"time":147},{"type":"mine","angle":337.5,"time":147},{"type":"mine","angle":90,"time":146.5},{"type":"mine","angle":112.5,"time":146.5},{"type":"mine","angle":247.5,"time":147.5},{"type":"mine","angle":270,"time":147.5},{"type":"mine","angle":292.5,"time":147.5},{"type":"mine","angle":315,"time":147.5},{"type":"mine","angle":292.5,"time":145},{"type":"mine","angle":315,"time":145.5},{"type":"mine","angle":337.5,"time":146},{"type":"mine","angle":360,"time":146.5},{"type":"mine","angle":225,"time":145},{"type":"mine","angle":202.5,"time":145},{"type":"mine","angle":157.5,"time":145},{"type":"mine","angle":180,"time":145},{"type":"mine","angle":135,"time":145},{"type":"mine","angle":135,"time":145.5},{"type":"mine","angle":135,"time":146},{"type":"mine","angle":157.5,"time":145.5},{"type":"mine","angle":157.5,"time":146},{"type":"mine","angle":180,"time":145.5},{"type":"mine","angle":180,"time":146},{"type":"mine","angle":202.5,"time":145.5},{"type":"mine","angle":202.5,"time":146},{"type":"mine","angle":225,"time":145.5},{"type":"mine","angle":225,"time":146},{"type":"mine","angle":225,"time":146.5},{"type":"mine","angle":225,"time":147},{"type":"mine","angle":225,"time":147.5},{"type":"mine","angle":202.5,"time":147.5},{"type":"mine","angle":202.5,"time":147},{"type":"mine","angle":202.5,"time":146.5},{"type":"mine","angle":180,"time":146.5},{"type":"mine","angle":180,"time":147},{"type":"mine","angle":180,"time":147.5},{"type":"mine","angle":157.5,"time":147.5},{"type":"mine","angle":157.5,"time":147},{"type":"mine","angle":157.5,"time":146.5},{"type":"mine","angle":135,"time":146.5},{"type":"mine","angle":135,"time":147},{"type":"mine","angle":135,"time":147.5},{"type":"mine","angle":112.5,"time":147},{"type":"mine","angle":112.5,"time":147.5},{"type":"mine","angle":90,"time":147},{"angle":67.5,"type":"mine","time":147},{"type":"mine","angle":112.5,"time":147.5},{"type":"mine","angle":90,"time":147.5},{"type":"mine","angle":67.5,"time":147.5},{"type":"mine","angle":45,"time":147.5},{"type":"mine","angle":22.5,"time":148},{"type":"mine","angle":45,"time":148},{"type":"mine","angle":67.5,"time":148},{"type":"mine","angle":90,"time":148},{"type":"mine","angle":112.5,"time":148},{"type":"mine","angle":135,"time":148},{"type":"mine","angle":180,"time":148},{"type":"mine","angle":157.5,"time":148},{"type":"mine","angle":202.5,"time":148},{"type":"mine","angle":225,"time":148},{"type":"mine","angle":247.5,"time":148},{"type":"mine","angle":270,"time":148},{"type":"mine","angle":292.5,"time":148},{"type":"mine","angle":0,"time":148.5},{"type":"mine","angle":22.5,"time":148.5},{"type":"mine","angle":45,"time":148.5},{"type":"mine","angle":67.5,"time":148.5},{"type":"mine","angle":112.5,"time":148.5},{"type":"mine","angle":90,"time":148.5},{"type":"mine","angle":157.5,"time":148.5},{"type":"mine","angle":135,"time":148.5},{"type":"mine","angle":180,"time":148.5},{"type":"mine","angle":202.5,"time":148.5},{"type":"mine","angle":225,"time":148.5},{"type":"mine","angle":247.5,"time":148.5},{"type":"mine","angle":270,"time":148.5},{"angle":22.5,"type":"mine","time":149},{"angle":45,"type":"mine","time":149},{"angle":67.5,"type":"mine","time":149},{"angle":112.5,"type":"mine","time":149},{"angle":90,"type":"mine","time":149},{"angle":157.5,"type":"mine","time":149},{"angle":135,"type":"mine","time":149},{"angle":180,"type":"mine","time":149},{"angle":202.5,"type":"mine","time":149},{"angle":225,"type":"mine","time":149},{"angle":247.5,"type":"mine","time":149},{"angle":270,"type":"mine","time":149},{"angle":292.5,"type":"mine","time":149},{"angle":45,"type":"mine","time":149.5},{"angle":67.5,"type":"mine","time":149.5},{"angle":112.5,"type":"mine","time":149.5},{"angle":90,"type":"mine","time":149.5},{"angle":157.5,"type":"mine","time":149.5},{"angle":135,"type":"mine","time":149.5},{"angle":180,"type":"mine","time":149.5},{"angle":202.5,"type":"mine","time":149.5},{"angle":225,"type":"mine","time":149.5},{"angle":247.5,"type":"mine","time":149.5},{"angle":270,"type":"mine","time":149.5},{"angle":292.5,"type":"mine","time":149.5},{"angle":315,"type":"mine","time":149.5},{"angle":67.5,"type":"mine","time":150},{"angle":112.5,"type":"mine","time":150},{"angle":90,"type":"mine","time":150},{"angle":157.5,"type":"mine","time":150},{"angle":135,"type":"mine","time":150},{"angle":180,"type":"mine","time":150},{"angle":202.5,"type":"mine","time":150},{"angle":225,"type":"mine","time":150},{"angle":247.5,"type":"mine","time":150},{"angle":270,"type":"mine","time":150},{"angle":292.5,"type":"mine","time":150},{"angle":315,"type":"mine","time":150},{"angle":337.5,"type":"mine","time":150},{"angle":0,"type":"mine","time":150.5},{"angle":112.5,"type":"mine","time":150.5},{"angle":90,"type":"mine","time":150.5},{"angle":157.5,"type":"mine","time":150.5},{"angle":135,"type":"mine","time":150.5},{"angle":180,"type":"mine","time":150.5},{"angle":202.5,"type":"mine","time":150.5},{"angle":225,"type":"mine","time":150.5},{"angle":247.5,"type":"mine","time":150.5},{"angle":270,"type":"mine","time":150.5},{"angle":292.5,"type":"mine","time":150.5},{"angle":315,"type":"mine","time":150.5},{"angle":337.5,"type":"mine","time":150.5},{"angle":247.5,"type":"mine","time":151},{"angle":270,"type":"mine","time":151},{"angle":292.5,"type":"mine","time":151},{"angle":315,"type":"mine","time":151},{"angle":337.5,"type":"mine","time":151},{"angle":247.5,"type":"mine","time":151.5},{"angle":270,"type":"mine","time":151.5},{"angle":292.5,"type":"mine","time":151.5},{"angle":315,"type":"mine","time":151.5},{"angle":225,"type":"mine","time":151},{"angle":225,"type":"mine","time":151.5},{"angle":202.5,"type":"mine","time":151.5},{"angle":202.5,"type":"mine","time":151},{"angle":180,"type":"mine","time":151},{"angle":180,"type":"mine","time":151.5},{"angle":157.5,"type":"mine","time":151.5},{"angle":157.5,"type":"mine","time":151},{"angle":135,"type":"mine","time":151},{"angle":135,"type":"mine","time":151.5},{"angle":112.5,"type":"mine","time":151},{"angle":112.5,"type":"mine","time":151.5},{"angle":90,"type":"mine","time":151},{"type":"mine","angle":67.5,"time":151},{"angle":112.5,"type":"mine","time":151.5},{"angle":90,"type":"mine","time":151.5},{"angle":67.5,"type":"mine","time":151.5},{"angle":45,"type":"mine","time":151.5},{"angle":22.5,"type":"mine","time":152},{"angle":45,"type":"mine","time":152},{"angle":67.5,"type":"mine","time":152},{"angle":90,"type":"mine","time":152},{"angle":112.5,"type":"mine","time":152},{"angle":135,"type":"mine","time":152},{"angle":180,"type":"mine","time":152},{"angle":157.5,"type":"mine","time":152},{"angle":202.5,"type":"mine","time":152},{"angle":225,"type":"mine","time":152},{"angle":247.5,"type":"mine","time":152},{"angle":270,"type":"mine","time":152},{"angle":292.5,"type":"mine","time":152},{"angle":0,"type":"mine","time":152.5},{"angle":22.5,"type":"mine","time":152.5},{"angle":45,"type":"mine","time":152.5},{"angle":67.5,"type":"mine","time":152.5},{"angle":112.5,"type":"mine","time":152.5},{"angle":90,"type":"mine","time":152.5},{"angle":157.5,"type":"mine","time":152.5},{"angle":135,"type":"mine","time":152.5},{"angle":180,"type":"mine","time":152.5},{"angle":202.5,"type":"mine","time":152.5},{"angle":225,"type":"mine","time":152.5},{"angle":247.5,"type":"mine","time":152.5},{"angle":270,"type":"mine","time":152.5},{"type":"mine","angle":22.5,"time":153},{"type":"mine","angle":45,"time":153},{"type":"mine","angle":67.5,"time":153},{"type":"mine","angle":112.5,"time":153},{"type":"mine","angle":90,"time":153},{"type":"mine","angle":157.5,"time":153},{"type":"mine","angle":135,"time":153},{"type":"mine","angle":180,"time":153},{"type":"mine","angle":202.5,"time":153},{"type":"mine","angle":225,"time":153},{"type":"mine","angle":247.5,"time":153},{"type":"mine","angle":270,"time":153},{"type":"mine","angle":292.5,"time":153},{"type":"mine","angle":45,"time":153.5},{"type":"mine","angle":67.5,"time":153.5},{"type":"mine","angle":112.5,"time":153.5},{"type":"mine","angle":90,"time":153.5},{"type":"mine","angle":157.5,"time":153.5},{"type":"mine","angle":135,"time":153.5},{"type":"mine","angle":180,"time":153.5},{"type":"mine","angle":202.5,"time":153.5},{"type":"mine","angle":225,"time":153.5},{"type":"mine","angle":247.5,"time":153.5},{"type":"mine","angle":270,"time":153.5},{"type":"mine","angle":292.5,"time":153.5},{"type":"mine","angle":315,"time":153.5},{"type":"mine","angle":67.5,"time":154},{"type":"mine","angle":112.5,"time":154},{"type":"mine","angle":90,"time":154},{"type":"mine","angle":157.5,"time":154},{"type":"mine","angle":135,"time":154},{"type":"mine","angle":180,"time":154},{"type":"mine","angle":202.5,"time":154},{"type":"mine","angle":225,"time":154},{"type":"mine","angle":247.5,"time":154},{"type":"mine","angle":270,"time":154},{"type":"mine","angle":292.5,"time":154},{"type":"mine","angle":315,"time":154},{"type":"mine","angle":337.5,"time":154},{"type":"mine","angle":0,"time":154.5},{"type":"mine","angle":112.5,"time":154.5},{"type":"mine","angle":90,"time":154.5},{"type":"mine","angle":157.5,"time":154.5},{"type":"mine","angle":135,"time":154.5},{"type":"mine","angle":180,"time":154.5},{"type":"mine","angle":202.5,"time":154.5},{"type":"mine","angle":225,"time":154.5},{"type":"mine","angle":247.5,"time":154.5},{"type":"mine","angle":270,"time":154.5},{"type":"mine","angle":292.5,"time":154.5},{"type":"mine","angle":315,"time":154.5},{"type":"mine","angle":337.5,"time":154.5},{"angle":30,"duration":0.5,"type":"hold","angle2":15,"time":150.5},{"angle":15,"duration":0.5,"type":"hold","angle2":0,"time":151},{"angle":0,"duration":1,"type":"hold","angle2":-30,"time":151.5},{"angle":352.5,"duration":0,"type":"mineHold","angle2":75,"time":155},{"angle":337.5,"duration":0,"type":"mineHold","angle2":52.5,"time":155.5},{"angle":315,"duration":0,"type":"mineHold","angle2":30,"time":156},{"angle":292.5,"duration":0,"type":"mineHold","angle2":7.5,"time":156.5},{"angle":123.75,"type":"block","time":159.75},{"angle":112.5,"type":"block","time":160},{"angle":0,"type":"block","time":160.5},{"angle":90,"type":"side","time":161.5},{"angle":0,"type":"block","time":162.5},{"angle":270,"type":"side","time":163.5},{"type":"block","angle":0,"time":164.5},{"type":"side","angle":90,"time":165.5},{"type":"block","angle":0,"time":166.5},{"angle":270,"type":"side","time":167},{"angle":225,"type":"inverse","time":167.75},{"angle":202.5,"type":"inverse","time":168},{"angle":180,"type":"inverse","time":168.25},{"angle":247.5,"type":"inverse","time":167.5},{"type":"block","angle":-180,"time":168.5},{"type":"side","angle":90,"time":169.5},{"type":"block","angle":-180,"time":170.5},{"type":"side","angle":270,"time":171.5},{"angle":-180,"type":"block","time":172.5},{"angle":90,"type":"side","time":173.5},{"angle":-180,"type":"block","time":174.5},{"type":"side","angle":270,"time":175},{"type":"inverse","angle":-382.5,"time":176},{"type":"inverse","angle":-360,"time":176.25},{"type":"inverse","angle":-427.5,"time":175.5},{"angle":315,"type":"inverse","time":175.75},{"angle":303.75,"type":"block","time":175.75},{"angle":348.75,"type":"block","time":176.25},{"angle":298.125,"type":"block","time":175.625},{"angle":309.375,"type":"block","time":175.75},{"angle":343.125,"type":"block","time":176.125},{"angle":354.375,"type":"block","time":176.25},{"angle":90,"type":"side","time":176.5},{"angle":270,"type":"side","tap":true,"time":177.5},{"angle":90,"type":"side","time":178.5},{"angle":270,"type":"side","tap":true,"time":179.5},{"angle":90,"type":"side","time":180.5},{"angle":270,"type":"side","tap":true,"time":181.5},{"angle":90,"type":"side","time":182.5},{"angle":270,"type":"side","tap":true,"time":183.5},{"angle":270,"type":"side","time":184.5},{"angle":90,"type":"side","tap":true,"time":185.5},{"angle":270,"type":"side","time":186.5},{"angle":180,"duration":6,"type":"mineHold","angle2":180,"time":176.5},{"angle":315,"type":"side","tap":true,"time":188.5},{"angle":45,"type":"side","tap":true,"time":189.5},{"angle":315,"type":"side","tap":true,"time":190.5},{"type":"mine","angle":337.5,"time":188.5},{"type":"mine","angle":22.5,"time":189.5},{"type":"mine","angle":337.5,"time":190.5},{"type":"mine","angle":337.5,"time":189},{"type":"mine","angle":22.5,"time":190},{"type":"mine","angle":337.5,"time":191},{"angle":90,"duration":1,"type":"hold","angle2":292.5,"startTap":true,"time":187.5},{"angle":45,"duration":1,"type":"hold","angle2":-270,"startTap":true,"time":191.5},{"angle":180,"duration":2.5,"type":"mineHold","angle2":180,"time":184.5},{"angle":90,"type":"side","time":192.5},{"angle":270,"type":"side","time":193.5},{"angle":90,"type":"side","time":194.5},{"angle":270,"type":"side","tap":true,"time":195.5},{"angle":90,"type":"side","time":196.5},{"angle":270,"type":"side","time":197.5},{"angle":90,"type":"side","time":198.5},{"angle":270,"type":"side","time":199.5},{"angle":180,"type":"side","tap":true,"time":201.5},{"angle":0,"type":"side","tap":true,"time":202.5},{"angle":135,"type":"side","tap":true,"time":204.5},{"angle":-135,"type":"side","tap":true,"time":205.5},{"angle":135,"type":"side","tap":true,"time":206.5},{"angle":157.5,"type":"mine","time":204.5},{"angle":-157.5,"type":"mine","time":205.5},{"angle":157.5,"type":"mine","time":206.5},{"angle":157.5,"type":"mine","time":205},{"angle":-157.5,"type":"mine","time":206},{"angle":157.5,"type":"mine","time":207},{"angle":0,"duration":1,"type":"hold","angle2":112.5,"startTap":true,"time":203.5},{"angle":-135,"duration":1,"type":"hold","angle2":-540,"startTap":true,"time":207.5},{"type":"block","angle":45,"time":195},{"type":"block","angle":0,"time":196},{"angle":0,"type":"block","time":197.25},{"type":"block","angle":135,"time":198.75},{"type":"block","angle":180,"time":199},{"angle":0,"type":"side","tap":true,"time":200.5},{"angle":330,"duration":0.75,"type":"hold","angle2":285,"time":156.5},{"angle":270,"duration":0.5,"type":"hold","angle2":240,"startTap":true,"time":157.5},{"angle":210,"type":"block","time":158.5},{"angle":180,"type":"block","tap":true,"time":159},{"angle":135,"type":"block","time":159.5},{"angle":270,"type":"mine","time":208.5},{"type":"mine","angle":270,"time":208.75},{"angle":270,"type":"mine","time":209.25},{"angle":270,"type":"mine","time":209.75},{"angle":270,"type":"mine","time":210},{"angle":270,"type":"mine","time":209.875},{"angle":270,"type":"mine","time":210.25},{"angle":270,"type":"mine","time":211},{"angle":270,"type":"mine","time":211.5},{"angle":270,"type":"mine","time":212},{"angle":270,"type":"mine","time":212.25},{"angle":270,"type":"mine","time":212.375},{"angle":270,"type":"mine","time":212.125},{"angle":90,"type":"mine","time":211},{"angle":90,"type":"mine","time":211.5},{"angle":90,"type":"mine","time":212},{"angle":90,"type":"mine","time":212.25},{"angle":90,"type":"mine","time":212.125},{"angle":90,"type":"mine","time":212.375},{"angle":90,"type":"mine","time":208.5},{"angle":90,"type":"mine","time":208.75},{"angle":90,"type":"mine","time":209.25},{"angle":90,"type":"mine","time":209.75},{"angle":90,"type":"mine","time":210},{"angle":90,"type":"mine","time":209.875},{"angle":90,"type":"mine","time":210.25},{"angle":0,"type":"mine","time":211},{"angle":0,"type":"mine","time":211.5},{"angle":0,"type":"mine","time":212},{"angle":0,"type":"mine","time":212.25},{"angle":0,"type":"mine","time":212.125},{"angle":0,"type":"mine","time":212.375},{"angle":0,"type":"mine","time":208.5},{"angle":0,"type":"mine","time":208.75},{"angle":0,"type":"mine","time":209.25},{"angle":0,"type":"mine","time":209.75},{"angle":0,"type":"mine","time":210},{"angle":0,"type":"mine","time":209.875},{"angle":0,"type":"mine","time":210.25},{"angle":315,"duration":3.875,"type":"mineHold","angle2":315,"time":208.5},{"type":"extraTap","angle":180,"time":212.5},{"angle":-180,"duration":1,"type":"hold","angle2":-180,"time":213.5},{"angle":180,"duration":0.5,"type":"hold","angle2":270,"time":215.5},{"type":"side","angle":-112.5,"time":214},{"angle":-90,"type":"extraTap","time":216.5},{"angle":-90,"duration":0.5,"type":"hold","angle2":-135,"time":217.5},{"angle":-135,"duration":0.5,"type":"hold","angle2":-90,"time":218},{"angle":-90,"duration":1,"type":"hold","angle2":0,"time":218.5},{"angle":0,"duration":1,"type":"hold","angle2":0,"time":219.5},{"type":"block","angle":0,"time":220},{"type":"block","angle":-22.5,"time":220},{"angle":135,"type":"block","time":215.25},{"type":"block","angle":22.5,"time":219.75},{"angle":45,"duration":0.25,"type":"hold","angle2":45,"time":221.25},{"angle":45,"duration":0.5,"type":"hold","angle2":22.5,"time":221.5},{"type":"side","angle":-90,"time":222.5},{"type":"side","angle":90,"time":223},{"type":"side","angle":67.5,"time":223},{"type":"side","angle":-67.5,"time":222.5},{"type":"side","angle":112.5,"time":223},{"type":"side","angle":-112.5,"time":222.5},{"angle":112.5,"type":"mine","time":222},{"angle":90,"type":"mine","time":222},{"angle":67.5,"type":"mine","time":222},{"angle":0,"angle2":-90,"type":"hold","endTap":true,"duration":1,"time":223.5},{"angle":-90,"duration":0.5,"type":"hold","angle2":-180,"time":224.5},{"angle":-180,"duration":0.5,"type":"hold","angle2":-270,"time":225},{"type":"block","angle":0,"time":226},{"angle":0,"duration":0.5,"type":"hold","angle2":-90,"startTap":true,"time":227},{"type":"block","angle":-90,"time":227.625},{"type":"block","angle":-135,"time":228},{"type":"block","angle":-101.25,"time":227.75},{"type":"block","angle":-112.5,"time":227.875},{"type":"block","angle":-123.75,"time":228},{"type":"block","angle":-146.25,"time":228.125},{"type":"block","angle":-157.5,"time":228.25},{"type":"block","angle":-168.75,"time":228.375},{"type":"block","angle":-180,"time":228.5},{"angle":-180,"duration":1,"type":"hold","angle2":-180,"time":229.5},{"angle":180,"duration":0.25,"type":"hold","angle2":202.5,"time":231.25},{"angle":-112.5,"type":"extraTap","time":232.5},{"angle":-90,"duration":0.5,"type":"hold","angle2":-135,"time":233.5},{"angle":-135,"duration":0.5,"type":"hold","angle2":-90,"time":234},{"angle":-90,"duration":1,"type":"hold","angle2":0,"time":234.5},{"angle":0,"duration":1,"type":"hold","angle2":-45,"time":235.5},{"angle":45,"duration":0.25,"type":"hold","angle2":45,"time":237.25},{"angle":45,"duration":0.5,"type":"hold","angle2":22.5,"time":237.5},{"angle":-90,"type":"side","time":238.5},{"angle":90,"type":"side","time":239},{"angle":67.5,"type":"side","time":239},{"angle":-67.5,"type":"side","time":238.5},{"angle":112.5,"type":"side","time":239},{"angle":-112.5,"type":"side","time":238.5},{"angle":-180,"type":"block","time":238.75},{"type":"mine","angle":112.5,"time":238},{"type":"mine","angle":90,"time":238},{"type":"mine","angle":67.5,"time":238},{"angle":0,"angle2":-90,"type":"hold","endTap":true,"duration":1,"time":239.5},{"type":"block","angle":-180,"time":229.25},{"angle":-157.5,"type":"block","time":230},{"angle":-157.5,"duration":0.5,"type":"hold","angle2":-90,"time":231.5},{"type":"block","angle":-90,"time":232.5},{"type":"block","angle":-90,"time":232.625},{"type":"block","angle":-90,"time":232.75},{"type":"block","angle":-90,"time":232.875},{"type":"block","angle":-90,"time":233},{"type":"block","angle":-112.5,"time":234.25},{"type":"block","angle":-45,"time":235},{"type":"block","angle":22.5,"time":236},{"angle":-22.5,"type":"extraTap","time":220.25},{"angle":157.5,"type":"extraTap","time":228.5},{"angle":-67.5,"type":"extraTap","time":236.5},{"angle":-112.5,"type":"extraTap","time":240.5},{"angle":-45,"type":"extraTap","time":224.5},{"type":"inverse","angle":-180,"time":214.75},{"type":"inverse","angle":-22.5,"time":219.25},{"type":"inverse","angle":67.5,"time":221},{"type":"block","angle":180,"time":222.75},{"type":"inverse","angle":-45,"time":224},{"type":"inverse","angle":135,"time":225.25},{"type":"inverse","angle":-56.25,"time":227.25},{"angle":-22.5,"type":"inverse","time":235.25},{"angle":-45,"type":"inverse","time":240},{"type":"inverse","angle":180,"time":229},{"type":"inverse","angle":180,"time":230.75},{"type":"inverse","angle":180,"time":231},{"type":"inverse","angle":-123.75,"time":231.75},{"type":"inverse","angle":-90,"time":233.25},{"type":"inverse","angle":-67.5,"time":234.75},{"type":"inverse","angle":-33.75,"time":236.25},{"type":"inverse","angle":67.5,"time":237},{"angle":45,"duration":3.875,"type":"mineHold","angle2":45,"time":208.5},{"type":"block","angle":270,"time":241.25},{"angle":270,"type":"block","time":241.5},{"angle":270,"type":"block","time":242},{"angle":292.5,"type":"extraTap","time":244.5},{"angle":270,"duration":1.5,"type":"hold","time":243,"angle2":540,"endTap":true},{"type":"block","angle":315,"time":243.25},{"type":"block","angle":360,"time":243.5},{"type":"block","angle":45,"time":243.75},{"type":"block","angle":90,"time":244},{"type":"block","angle":135,"time":244.25},{"type":"block","angle":112.5,"time":244.125},{"type":"block","angle":157.5,"time":244.375}]