{"properties":{"formatversion":12,"offset":8,"speed":70,"startBeat":0,"loadBeat":-1},"events":[{"angle":315,"volume":1,"type":"play","bpm":148,"file":"jitter2.ogg","time":0},{"ease":"inOutSine","angle":22.5,"duration":0.5,"type":"paddles","paddle":1,"newWidth":70,"time":33},{"angle":157.5,"type":"hom","enable":true,"time":23},{"angle":135,"b":191,"g":37,"type":"setColor","r":42,"color":0,"time":23},{"angle":112.5,"b":192,"g":76,"type":"setColor","r":255,"color":1,"time":23},{"angle":191.25,"b":255,"g":255,"type":"setColor","r":255,"color":0,"time":24},{"angle":202.5,"b":90,"g":90,"type":"setColor","r":90,"color":1,"time":24},{"angle":281.25,"type":"hom","enable":false,"time":24},{"angle":22.5,"ease":"inOutSine","duration":0.5,"newWidth":70,"paddle":1,"type":"paddles","time":92},{"angle":90,"type":"ease","var":"vfx.glitchUIElements","time":23,"value":4},{"angle":270,"type":"ease","value":0,"time":24,"var":"vfx.glitchUIElements"},{"angle":157.5,"ease":"inOutSine","duration":0.5,"type":"paddles","paddle":1,"newWidth":100,"time":1},{"angle":135,"time":-1,"g":90,"type":"setColor","r":90,"color":1,"b":90},{"angle":382.5,"type":"outline","time":1,"color":3,"enable":true},{"angle":157.5,"time":-1,"g":255,"type":"setColor","r":255,"color":3,"b":255},{"ease":"outSine","outline":true,"sprite":"square.png","x":0,"y":0,"drawLayer":"bg","duration":0.75,"type":"deco","id":"square1","time":1,"angle":22.5},{"angle":22.5,"sprite":"square.png","time":0.25,"drawLayer":"bg","outline":true,"type":"deco","id":"square1","x":0,"y":-120},{"angle":202.5,"sprite":"square.png","time":0.25,"y":360,"outline":true,"type":"deco","id":"square2","x":-600,"drawLayer":"bg"},{"ease":"outSine","outline":true,"sprite":"square.png","x":-600,"y":240,"drawLayer":"bg","duration":0.75,"type":"deco","id":"square2","time":3,"angle":202.5},{"ease":"outSine","outline":true,"sprite":"square.png","x":-200,"y":0,"drawLayer":"bg","duration":0.75,"type":"deco","id":"square1","time":5,"angle":22.5},{"ease":"outSine","outline":true,"sprite":"square.png","x":-400,"y":240,"drawLayer":"bg","duration":0.75,"type":"deco","id":"square2","time":7,"angle":202.5},{"ease":"outSine","outline":true,"sprite":"square.png","x":-400,"y":0,"drawLayer":"bg","duration":0.75,"type":"deco","id":"square1","time":9,"angle":22.5},{"ease":"outSine","outline":true,"sprite":"square.png","x":-200,"y":240,"drawLayer":"bg","duration":0.75,"type":"deco","id":"square2","time":11,"angle":202.5},{"angle":22.5,"sprite":"square.png","duration":0.75,"x":-600,"drawLayer":"bg","outline":true,"type":"deco","id":"square1","time":13,"ease":"outSine"},{"ease":"outSine","outline":true,"sprite":"square.png","x":0,"y":240,"drawLayer":"bg","duration":0.75,"type":"deco","id":"square2","time":15,"angle":202.5},{"ease":"outSine","y":-60,"duration":0.5,"type":"deco","id":"square1","angle":247.5,"time":15.5},{"angle":225,"y":300,"duration":0.5,"type":"deco","id":"square2","ease":"outSine","time":15.5},{"ease":"linear","time":16,"duration":8,"type":"deco","id":"square1","angle":247.5,"x":0},{"angle":225,"time":16,"duration":8,"type":"deco","id":"square2","ease":"linear","x":-600},{"ease":"linear","time":24,"duration":8,"type":"deco","id":"square1","angle":225,"x":-600},{"ease":"linear","time":24,"duration":8,"type":"deco","id":"square2","angle":236.25,"x":0},{"angle":67.5,"b":255,"g":101,"type":"setColor","r":164,"color":2,"time":23},{"angle":247.5,"b":224,"g":224,"type":"setColor","r":224,"color":2,"time":24},{"angle":292.5,"b":255,"g":255,"type":"setColor","r":255,"color":3,"time":24},{"angle":45,"g":9,"r":133,"color":3,"time":23,"duration":0.5,"type":"setColor","ease":"inOutSine","b":255},{"angle":22.5,"type":"noise","chance":0.49999991059303,"color":4,"time":23},{"angle":315,"type":"noise","chance":0,"color":4,"time":24},{"angle":157.5,"type":"hom","enable":true,"time":55},{"angle":135,"b":191,"g":37,"type":"setColor","r":42,"color":0,"time":55},{"angle":112.5,"b":192,"g":76,"type":"setColor","r":255,"color":1,"time":55},{"angle":191.25,"b":255,"g":255,"type":"setColor","r":255,"color":0,"time":56},{"angle":202.5,"b":90,"g":90,"type":"setColor","r":90,"color":1,"time":56},{"angle":281.25,"type":"hom","enable":false,"time":56},{"angle":90,"type":"ease","value":4,"time":55,"var":"vfx.glitchUIElements"},{"angle":270,"type":"ease","value":0,"time":56,"var":"vfx.glitchUIElements"},{"angle":67.5,"b":255,"g":101,"type":"setColor","r":164,"color":2,"time":55},{"ease":"inOutSine","g":9,"r":133,"color":3,"b":255,"duration":0.5,"type":"setColor","time":55,"angle":45},{"angle":22.5,"type":"noise","chance":0.49999991059303,"color":4,"time":55},{"angle":315,"type":"noise","chance":0,"color":4,"time":56},{"angle":157.5,"type":"hom","enable":true,"time":87.25},{"angle":135,"b":191,"g":37,"type":"setColor","r":42,"color":0,"time":87.25},{"angle":112.5,"b":192,"g":76,"type":"setColor","r":255,"color":1,"time":87.25},{"angle":191.25,"time":88.25,"g":255,"type":"setColor","r":255,"color":0,"b":255},{"angle":202.5,"b":65,"g":65,"type":"setColor","r":115,"color":1,"time":88.25},{"angle":281.25,"type":"hom","enable":false,"time":88.25},{"angle":90,"type":"ease","value":4,"time":87.25,"var":"vfx.glitchUIElements"},{"angle":270,"type":"ease","value":0,"time":88.25,"var":"vfx.glitchUIElements"},{"angle":225,"time":88.25,"duration":8,"type":"deco","id":"square1","ease":"linear","x":-600},{"angle":236.25,"time":88.25,"duration":8,"type":"deco","id":"square2","ease":"linear","x":0},{"angle":67.5,"b":255,"g":101,"type":"setColor","r":164,"color":2,"time":87.25},{"angle":247.5,"b":151,"g":181,"type":"setColor","r":229,"color":2,"time":88.25},{"angle":292.5,"b":255,"g":255,"type":"setColor","r":255,"color":3,"time":88.25},{"ease":"inOutSine","g":9,"r":133,"color":3,"b":255,"duration":0.5,"type":"setColor","time":87.25,"angle":45},{"angle":22.5,"type":"noise","chance":0.49999991059303,"color":4,"time":87.25},{"angle":315,"type":"noise","chance":0,"color":4,"time":88.25},{"angle":225,"y":-120,"duration":0.5,"type":"deco","id":"square1","ease":"outSine","time":31.5},{"ease":"outSine","y":360,"duration":0.5,"type":"deco","id":"square2","angle":247.5,"time":31.5},{"angle":202.5,"sprite":"square_verticle_alt.png","ease":"outSine","x":0,"drawLayer":"bg","duration":0.5,"type":"deco","id":"square_verticle1","time":32,"outline":true},{"ease":"outSine","x":600,"sprite":"square_verticle_alt.png","time":31.75,"drawLayer":"bg","angle":180,"duration":0.5,"type":"deco","id":"square_verticle2","outline":true,"y":-600},{"angle":180,"g":44,"r":44,"color":2,"time":31.5,"duration":0.5,"type":"setColor","ease":"outSine","b":44},{"angle":157.5,"g":142,"r":142,"color":3,"time":31.5,"duration":0.5,"type":"setColor","ease":"outSine","b":142},{"ease":"outSine","g":44,"r":44,"color":2,"b":44,"duration":0.5,"type":"setColor","time":56,"angle":180},{"ease":"outSine","g":142,"r":142,"color":3,"b":142,"duration":0.5,"type":"setColor","time":56,"angle":157.5},{"angle":202.5,"y":0,"sprite":"square_verticle_alt.png","time":31.75,"drawLayer":"bg","ease":"outSine","outline":true,"type":"deco","id":"square_verticle1","x":-120,"duration":0.5},{"ease":"outSine","sprite":"square_verticle_alt.png","duration":0.5,"x":480,"drawLayer":"bg","outline":true,"type":"deco","id":"square_verticle2","time":32,"angle":180},{"angle":202.5,"sprite":"square_verticle_alt.png","duration":16,"time":31.875,"y":-600,"outline":true,"type":"deco","id":"square_verticle1","drawLayer":"bg","ease":"linear"},{"ease":"linear","sprite":"square_verticle_alt.png","duration":16,"time":31.875,"y":0,"outline":true,"type":"deco","id":"square_verticle2","drawLayer":"bg","angle":180},{"sx":1.7999999523163,"sy":1.7999999523163,"sprite":"fish1.png","angle":315,"time":60.5,"drawLayer":"bg","x":600,"outline":false,"drawOrder":-2,"id":"fish1","type":"deco","y":180},{"ease":"inOutElastic","sy":1.7999999523163,"sprite":"fish1.png","drawOrder":-2,"angle":315,"drawLayer":"bg","time":61,"y":180,"duration":0.5,"outline":false,"type":"deco","id":"fish1","x":300,"sx":1.7999999523163},{"angle":337.5,"type":"hom","time":61,"enable":true,"order":0},{"angle":337.5,"type":"hom","enable":false,"time":61.5},{"sx":1.7999999523163,"sy":1.7999999523163,"sprite":"fish2.png","angle":315,"x":-120,"drawLayer":"bg","time":61.5,"outline":false,"drawOrder":-2,"id":"fish2","type":"deco","y":80},{"angle":315,"sy":1.7999999523163,"sprite":"fish2.png","drawOrder":-2,"ease":"inOutElastic","y":80,"time":62,"drawLayer":"bg","outline":false,"duration":0.5,"type":"deco","id":"fish2","x":128,"sx":1.7999999523163},{"angle":337.5,"type":"hom","time":62,"enable":true,"order":0},{"angle":337.5,"type":"hom","enable":false,"time":62.5},{"angle":315,"b":0,"g":0,"type":"setColor","r":255,"color":1,"time":63},{"angle":315,"b":0,"g":0,"type":"setColor","r":0,"color":1,"time":63.25},{"angle":315,"b":0,"g":0,"type":"setColor","r":255,"color":1,"time":63.5},{"angle":315,"b":0,"g":0,"type":"setColor","r":0,"color":1,"time":63.75},{"angle":292.5,"sy":1.7999999523163,"sprite":"fish1.png","sx":1.7999999523163,"x":1000,"y":1000,"time":63.25,"outline":false,"drawOrder":-2,"id":"fish1","type":"deco","drawLayer":"bg"},{"ease":"inOutSine","sy":1.7999999523163,"type":"deco","angle":292.5,"sx":1.7999999523163,"time":63.75,"y":1000,"duration":1,"outline":false,"drawOrder":-2,"id":"fish2","drawLayer":"bg","x":128},{"angle":337.5,"type":"hom","enable":true,"time":63},{"angle":337.5,"type":"hom","enable":false,"time":64.25},{"recolor":-1,"sy":1.5,"sprite":"bg_fish.png","drawOrder":-7,"sx":1.5,"time":63.75,"drawLayer":"bg","y":180,"outline":false,"type":"deco","id":"bg_fish1","x":0,"angle":270},{"recolor":-1,"sy":1.5,"sprite":"bg_fish.png","drawOrder":-7,"angle":270,"y":180,"time":64.25,"drawLayer":"bg","outline":false,"duration":16,"type":"deco","id":"bg_fish1","x":-600,"sx":1.5},{"angle":270,"sy":1.5,"sprite":"bg_fish.png","drawOrder":-7,"recolor":-1,"drawLayer":"bg","time":64,"y":180,"duration":4,"outline":false,"type":"deco","id":"bg_fish1","x":200,"sx":1.5},{"angle":157.5,"b":0,"g":0,"type":"setColor","r":255,"color":1,"time":79.75},{"angle":135,"type":"hom","enable":true,"time":79.75},{"angle":112.5,"type":"deco","id":"bg_fish1","time":80.25,"x":1000},{"angle":202.5,"sprite":"square_verticle_alt.png","duration":0.5,"x":550,"drawLayer":"bg","outline":true,"type":"deco","id":"square_verticle2","time":63.5,"ease":"outSine"},{"ease":"outSine","sprite":"square_verticle_alt.png","duration":0.5,"x":-75,"drawLayer":"bg","outline":true,"type":"deco","id":"square_verticle1","time":63.5,"angle":225},{"angle":202.5,"sprite":"square_verticle_alt.png","duration":16,"time":48,"y":0,"outline":true,"type":"deco","id":"square_verticle1","drawLayer":"bg","ease":"linear"},{"angle":180,"sprite":"square_verticle_alt.png","duration":16,"time":48,"y":-600,"outline":true,"type":"deco","id":"square_verticle2","drawLayer":"bg","ease":"linear"},{"ease":"linear","sprite":"square_verticle_alt.png","outline":true,"time":64,"y":-600,"duration":16,"type":"deco","id":"square_verticle1","drawLayer":"bg","angle":225},{"ease":"linear","sprite":"square_verticle_alt.png","outline":true,"time":64,"y":0,"duration":16,"type":"deco","id":"square_verticle2","drawLayer":"bg","angle":202.5},{"ease":"linear","sprite":"square_verticle_alt.png","duration":16,"time":80,"y":0,"outline":true,"type":"deco","id":"square_verticle1","drawLayer":"bg","angle":67.5},{"angle":45,"sprite":"square_verticle_alt.png","duration":16,"time":80,"y":-600,"outline":true,"type":"deco","id":"square_verticle2","drawLayer":"bg","ease":"linear"},{"ease":"outSine","sprite":"square_verticle_alt.png","angle":202.5,"x":600,"drawLayer":"bg","duration":0.5,"type":"deco","id":"square_verticle2","time":96,"outline":true},{"angle":225,"sprite":"square_verticle_alt.png","duration":0.5,"x":-120,"drawLayer":"bg","outline":true,"type":"deco","id":"square_verticle1","time":96,"ease":"outSine"},{"angle":135,"type":"noise","chance":0.5,"color":2,"time":80.25},{"angle":157.5,"b":0,"g":0,"type":"setColor","r":0,"color":1,"time":80.25},{"angle":90,"b":121,"g":129,"type":"setColor","r":216,"color":3,"time":80.25},{"angle":112.5,"b":199,"g":220,"type":"setColor","r":250,"color":0,"time":96},{"angle":157.5,"b":85,"g":45,"type":"setColor","r":172,"color":1,"time":96},{"angle":135,"time":96,"g":253,"type":"setColor","r":255,"color":2,"b":234},{"angle":180,"time":96,"g":190,"type":"setColor","r":198,"color":3,"b":255},{"ease":"inOutSine","angle":45,"duration":0.5,"newWidth":45,"paddle":1,"type":"paddles","time":144.5},{"ease":"inOutSine","var":"scrollSpeed","duration":2,"type":"ease","angle":360,"time":153.5,"value":1.5},{"angle":345,"ease":"outSine","duration":0.5,"newWidth":70,"paddle":1,"type":"paddles","time":156.5},{"angle":315,"var":"scrollSpeed","duration":2,"type":"ease","time":158.5,"ease":"inOutSine","value":1},{"type":"showResults","angle":315,"time":244.5},{"ease":"outSine","y":0,"sprite":"square.png","time":98.75,"drawLayer":"bg","outline":true,"duration":0.75,"type":"deco","id":"square1","x":0,"angle":22.5},{"angle":22.5,"sprite":"square.png","x":0,"y":-120,"outline":true,"type":"deco","id":"square1","drawLayer":"bg","time":98},{"angle":202.5,"sprite":"square.png","x":-600,"drawLayer":"bg","outline":true,"type":"deco","id":"square2","time":98,"y":360},{"ease":"outSine","y":240,"sprite":"square.png","time":100.75,"drawLayer":"bg","outline":true,"duration":0.75,"type":"deco","id":"square2","x":-600,"angle":202.5},{"ease":"outSine","x":-200,"sprite":"square.png","time":102.75,"y":0,"angle":22.5,"outline":true,"type":"deco","id":"square1","duration":0.75,"drawLayer":"bg"},{"ease":"outSine","y":240,"sprite":"square.png","time":104.75,"drawLayer":"bg","outline":true,"duration":0.75,"type":"deco","id":"square2","x":-400,"angle":202.5},{"ease":"outSine","y":0,"sprite":"square.png","time":106.75,"drawLayer":"bg","outline":true,"duration":0.75,"type":"deco","id":"square1","x":-400,"angle":22.5},{"ease":"outSine","y":240,"sprite":"square.png","time":108.75,"drawLayer":"bg","outline":true,"duration":0.75,"type":"deco","id":"square2","x":-200,"angle":202.5},{"angle":22.5,"sprite":"square.png","duration":0.75,"x":-600,"drawLayer":"bg","outline":true,"type":"deco","id":"square1","time":110.75,"ease":"outSine"},{"ease":"outSine","x":0,"sprite":"square.png","time":111.25,"y":240,"duration":0.75,"outline":true,"type":"deco","id":"square2","angle":202.5,"drawLayer":"bg"},{"ease":"outSine","y":-60,"duration":0.5,"type":"deco","id":"square1","angle":247.5,"time":111.5},{"angle":225,"ease":"outSine","duration":0.5,"type":"deco","id":"square2","y":300,"time":111.5},{"ease":"linear","x":0,"duration":8,"type":"deco","id":"square1","angle":247.5,"time":112},{"angle":225,"time":112,"duration":8,"type":"deco","id":"square2","ease":"linear","x":-600},{"ease":"linear","time":120.5,"duration":8,"type":"deco","id":"square1","angle":225,"x":-600},{"ease":"linear","time":120.5,"duration":8,"type":"deco","id":"square2","angle":236.25,"x":0},{"angle":225,"ease":"outSine","duration":0.5,"type":"deco","id":"square1","y":-120,"time":128.5},{"ease":"outSine","y":360,"duration":0.5,"type":"deco","id":"square2","angle":247.5,"time":128.5},{"angle":90,"g":98,"r":145,"color":0,"time":128.5,"duration":0.5,"type":"setColor","b":139,"ease":"inOutSine"},{"angle":112.5,"g":210,"r":226,"color":1,"b":160,"duration":0.5,"type":"setColor","ease":"inOutSine","time":128.5},{"angle":67.5,"g":54,"r":47,"color":2,"b":75,"duration":0.5,"type":"setColor","time":128.5,"ease":"inOutSine"},{"angle":348.75,"g":0,"r":0,"color":0,"b":0,"duration":0.5,"type":"setColor","time":144.5,"ease":"inOutSine"},{"angle":315,"g":0,"r":0,"color":1,"time":144.5,"duration":0.5,"type":"setColor","ease":"inOutSine","b":0},{"angle":337.5,"g":45,"r":27,"color":2,"time":144.5,"duration":1,"type":"setColor","b":94,"ease":"inOutSine"},{"angle":22.5,"g":255,"r":255,"color":0,"time":150.25,"duration":1.5,"type":"setColor","ease":"inOutSine","b":255},{"angle":326.25,"type":"outline","enable":false,"color":3,"time":144.5},{"angle":0,"g":0,"r":0,"color":0,"b":0,"duration":1,"type":"setColor","ease":"inOutSine","time":152.25},{"angle":22.5,"g":255,"r":255,"color":0,"b":255,"duration":3,"type":"setColor","ease":"inOutCubic","time":154},{"angle":315,"time":156.5,"g":255,"type":"setColor","r":255,"color":2,"b":255},{"angle":22.5,"time":158.5,"duration":2.5,"type":"ease","ease":"inExpo","var":"vfx.canvPos.sx","value":1.5},{"angle":22.5,"var":"vfx.canvPos.sx","duration":0.5,"type":"ease","value":1,"ease":"outExpo","time":160.5},{"angle":45,"var":"vfx.canvPos.sy","duration":0.5,"type":"ease","time":160.5,"ease":"outExpo","value":1},{"angle":45,"type":"outline","enable":true,"color":0,"time":188.5},{"angle":157.5,"type":"hom","time":167,"enable":true},{"angle":135,"time":167,"g":37,"type":"setColor","r":42,"color":0,"b":191},{"angle":112.5,"time":167,"g":76,"type":"setColor","r":255,"color":1,"b":192},{"angle":191.25,"b":255,"g":255,"type":"setColor","r":255,"color":0,"time":168},{"angle":180,"time":168,"g":90,"type":"setColor","r":90,"color":1,"b":90},{"angle":90,"type":"ease","time":167,"var":"vfx.glitchUIElements","value":4},{"angle":270,"type":"ease","time":168,"var":"vfx.glitchUIElements","value":0},{"angle":67.5,"time":167,"g":101,"type":"setColor","r":164,"color":2,"b":255},{"angle":247.5,"time":168,"g":224,"type":"setColor","r":224,"color":2,"b":224},{"angle":292.5,"time":168,"g":255,"type":"setColor","r":255,"color":3,"b":255},{"angle":45,"g":9,"r":133,"color":3,"b":255,"duration":0.5,"type":"setColor","ease":"inOutSine","time":167},{"angle":22.5,"type":"noise","chance":0.5,"color":4,"time":167},{"angle":315,"type":"noise","time":168,"color":2,"chance":0.15000000596046},{"angle":225,"time":160.5,"g":255,"type":"setColor","r":255,"color":0,"b":255},{"angle":202.5,"time":160.5,"g":90,"type":"setColor","r":90,"color":1,"b":90},{"angle":247.5,"b":224,"g":224,"type":"setColor","r":224,"color":2,"time":160.5},{"angle":270,"time":160.5,"g":255,"type":"setColor","r":255,"color":3,"b":255},{"angle":225,"time":176.5,"g":0,"type":"setColor","r":0,"color":0,"b":0},{"angle":202.5,"time":176.5,"g":0,"type":"setColor","r":0,"color":1,"b":0},{"angle":247.5,"b":224,"g":224,"type":"setColor","r":224,"color":2,"time":176.5},{"angle":270,"time":176.5,"g":255,"type":"setColor","r":255,"color":3,"b":255},{"angle":157.5,"time":188.5,"g":255,"type":"setColor","r":255,"color":0,"b":255},{"angle":135,"b":90,"g":90,"type":"setColor","r":90,"color":1,"time":188.5},{"angle":180,"time":188.5,"g":0,"type":"setColor","r":0,"color":2,"b":0},{"angle":202.5,"b":255,"g":255,"type":"setColor","r":255,"color":3,"time":188.5},{"angle":225,"b":0,"g":0,"type":"setColor","r":0,"color":0,"time":192.5},{"angle":202.5,"time":192.5,"g":0,"type":"setColor","r":0,"color":1,"b":0},{"angle":247.5,"b":224,"g":224,"type":"setColor","r":224,"color":2,"time":192.5},{"angle":270,"time":192.5,"g":255,"type":"setColor","r":255,"color":3,"b":255},{"angle":157.5,"time":195.5,"g":255,"type":"setColor","r":255,"color":0,"b":255},{"angle":135,"b":90,"g":90,"type":"setColor","r":90,"color":1,"time":195.5},{"angle":180,"time":195.5,"g":0,"type":"setColor","r":0,"color":2,"b":0},{"angle":202.5,"b":255,"g":255,"type":"setColor","r":255,"color":3,"time":195.5},{"angle":225,"b":0,"g":0,"type":"setColor","r":0,"color":0,"time":196.5},{"angle":202.5,"b":0,"g":0,"type":"setColor","r":0,"color":1,"time":196.5},{"angle":247.5,"time":196.5,"g":224,"type":"setColor","r":224,"color":2,"b":224},{"angle":270,"b":255,"g":255,"type":"setColor","r":255,"color":3,"time":196.5},{"angle":157.5,"b":255,"g":255,"type":"setColor","r":255,"color":0,"time":200.5},{"angle":135,"b":90,"g":90,"type":"setColor","r":90,"color":1,"time":200.5},{"angle":180,"time":200.5,"g":0,"type":"setColor","r":0,"color":2,"b":0},{"angle":202.5,"time":200.5,"g":255,"type":"setColor","r":255,"color":3,"b":255},{"angle":180,"time":208.5,"g":255,"type":"setColor","r":255,"color":3,"b":255},{"angle":135,"type":"hom","time":128.5,"enable":true},{"angle":157.5,"type":"noise","time":128.5,"color":2,"chance":0.30000001192093},{"angle":315,"type":"outline","time":160.5,"color":1,"enable":true},{"angle":180,"type":"noise","time":160.5,"color":2,"chance":0.15000000596046},{"angle":45,"type":"outline","time":128.5,"color":1,"enable":true},{"angle":112.5,"time":175.5,"duration":0.5,"type":"ease","var":"vfx.hglitch.strength","ease":"outExpo","value":5},{"angle":135,"value":4,"duration":0.5,"type":"ease","ease":"outExpo","time":175.5,"var":"vfx.hglitch.resolution"},{"angle":112.5,"time":176.5,"duration":0.5,"type":"ease","ease":"outExpo","value":0,"var":"vfx.hglitch.strength"},{"angle":225,"var":"vfx.hglitch.strength","duration":1,"type":"ease","ease":"outExpo","time":208.5,"value":0},{"angle":112.5,"sprite":"square_3d.png","x":175,"drawLayer":"bg","type":"deco","id":"square_3d1","time":160.5,"y":160},{"angle":135,"r":180,"x":425,"y":200,"type":"deco","id":"square_3d1","time":176.5,"drawLayer":"bg"},{"angle":90,"sprite":"square_3d.png","r":0,"x":175,"y":160,"type":"deco","id":"square_3d1","time":188.5,"drawLayer":"bg"},{"angle":45,"r":180,"x":425,"y":200,"type":"deco","id":"square_3d1","time":192.5,"drawLayer":"bg"},{"angle":292.5,"sprite":"square_3d.png","r":0,"time":195.5,"drawLayer":"bg","type":"deco","id":"square_3d1","x":175,"y":160},{"angle":135,"r":180,"time":196.5,"drawLayer":"bg","type":"deco","id":"square_3d1","x":425,"y":200},{"angle":90,"sprite":"square_3d.png","r":0,"time":200.5,"y":160,"type":"deco","id":"square_3d1","x":175,"drawLayer":"bg"},{"angle":292.5,"type":"outline","time":176.5,"color":2,"enable":true},{"angle":292.5,"type":"outline","time":192.5,"color":2,"enable":true},{"angle":112.5,"type":"outline","enable":true,"color":3,"time":200.5},{"angle":157.5,"enable":true,"type":"outline","order":-5,"color":6,"time":196.5},{"angle":180,"b":255,"g":255,"type":"setColor","r":255,"color":6,"time":196.5},{"angle":123.75,"b":255,"g":255,"type":"setColor","r":255,"color":0,"time":208.5},{"angle":135,"time":208.5,"g":65,"type":"setColor","r":115,"color":1,"b":71},{"angle":180,"time":208.5,"g":181,"type":"setColor","r":229,"color":2,"b":151},{"angle":202.5,"b":255,"g":255,"type":"setColor","r":255,"color":3,"time":208.5},{"angle":67.5,"time":212.75,"g":255,"type":"setColor","r":255,"color":0,"b":255},{"angle":90,"time":212.75,"g":227,"type":"setColor","r":244,"color":2,"b":241},{"angle":135,"time":212.75,"g":179,"type":"setColor","r":159,"color":3,"b":255},{"angle":202.5,"b":255,"g":255,"type":"setColor","r":255,"color":2,"time":240.5},{"angle":180,"time":240.5,"g":0,"type":"setColor","r":0,"color":1,"b":0},{"angle":157.5,"type":"outline","enable":false,"color":0,"time":240.5},{"angle":157.5,"sy":0,"time":208.5,"x":300,"y":450,"duration":6,"type":"deco","id":"square_3d1","ease":"inOutSine","sx":0},{"angle":247.5,"sprite":"square_verticle_alt.png","duration":0.5,"time":212.75,"drawLayer":"bg","outline":true,"type":"deco","id":"square_verticle1","x":0,"ease":"outSine"},{"ease":"outSine","x":600,"sprite":"square_verticle_alt.png","time":212.5,"y":-600,"angle":225,"outline":true,"type":"deco","id":"square_verticle2","duration":0.5,"drawLayer":"bg"},{"angle":247.5,"time":212.5,"sprite":"square_verticle_alt.png","x":-120,"y":0,"outline":true,"duration":0.5,"type":"deco","id":"square_verticle1","ease":"outSine","drawLayer":"bg"},{"ease":"outSine","sprite":"square_verticle_alt.png","duration":0.5,"x":480,"drawLayer":"bg","outline":true,"type":"deco","id":"square_verticle2","time":212.75,"angle":225},{"angle":247.5,"sprite":"square_verticle_alt.png","duration":16,"time":212.625,"y":-600,"outline":true,"type":"deco","id":"square_verticle1","drawLayer":"bg","ease":"linear"},{"ease":"linear","sprite":"square_verticle_alt.png","duration":16,"time":212.625,"y":0,"outline":true,"type":"deco","id":"square_verticle2","drawLayer":"bg","angle":225},{"angle":247.5,"sprite":"square_verticle_alt.png","duration":16,"time":228.75,"y":0,"outline":true,"type":"deco","id":"square_verticle1","drawLayer":"bg","ease":"linear"},{"angle":225,"sprite":"square_verticle_alt.png","duration":16,"time":228.75,"y":-600,"outline":true,"type":"deco","id":"square_verticle2","drawLayer":"bg","ease":"linear"},{"ease":"outSine","sprite":"square_verticle_alt.png","time":240.5,"drawLayer":"bg","outline":true,"type":"deco","id":"square_verticle2","angle":90,"x":600},{"angle":112.5,"sprite":"square_verticle_alt.png","time":240.5,"drawLayer":"bg","outline":true,"type":"deco","id":"square_verticle1","x":-120},{"angle":112.5,"time":212.75,"g":46,"type":"setColor","r":73,"color":1,"b":105},{"angle":90,"g":220,"r":220,"color":2,"order":-3,"type":"setColor","time":-1,"b":220},{"angle":45,"type":"setBgColor","color":2,"time":-1},{"angle":337.5,"var":"vfx.pixelate","duration":1,"type":"ease","ease":"inOutBack","time":127.5,"value":1.5},{"angle":22.5,"value":1,"duration":2,"type":"ease","ease":"inOutBack","var":"vfx.pixelate","time":149.5},{"angle":315,"var":"vfx.pixelate","duration":1,"type":"ease","ease":"inOutBack","time":152,"value":1.5},{"angle":405,"time":154,"duration":2,"type":"ease","ease":"inOutBack","value":1,"var":"vfx.pixelate"},{"angle":315,"order":0,"start":1.0499999523163,"time":177.5,"value":1,"ease":"outExpo","duration":2,"type":"ease","repeats":5,"repeatDelay":2,"var":"vfx.canvPos.sx"},{"angle":337.5,"order":0,"start":1.0499999523163,"time":177.5,"value":1,"ease":"outExpo","duration":2,"type":"ease","repeats":5,"repeatDelay":2,"var":"vfx.canvPos.sy"},{"angle":360,"order":0,"start":1.1000000238419,"time":188.5,"value":1,"ease":"outExpo","duration":2,"type":"ease","repeats":3,"repeatDelay":1,"var":"vfx.canvPos.sx"},{"angle":382.5,"order":0,"start":1.1000000238419,"time":188.5,"value":1,"ease":"outExpo","duration":2,"type":"ease","repeats":3,"repeatDelay":1,"var":"vfx.canvPos.sy"},{"angle":180,"var":"vfx.pixelate","duration":1,"type":"ease","value":1.25,"ease":"inOutBack","time":191.5},{"angle":315,"start":8,"time":195.5,"duration":1,"type":"ease","value":0,"ease":"outExpo","var":"vfx.hwaves.strength"},{"angle":315,"start":4,"ease":"outExpo","time":200.5,"value":0,"duration":1,"type":"ease","repeats":3,"repeatDelay":1,"var":"vfx.hwaves.strength"},{"angle":0,"start":8,"ease":"outExpo","time":204.5,"value":0,"duration":1,"type":"ease","repeats":2,"repeatDelay":1,"var":"vfx.hwaves.strength"},{"angle":270,"start":4,"time":207.5,"duration":0.5,"type":"ease","ease":"outExpo","var":"vfx.hwaves.strength","value":1.5},{"angle":292.5,"start":4,"time":207.5,"duration":5,"type":"ease","ease":"outExpo","value":2,"var":"vfx.hwaves.strength"},{"angle":247.5,"type":"noise","chance":0.5,"color":1,"time":207.5},{"angle":180,"value":1.0099999904633,"duration":0.5,"type":"ease","ease":"inOutBack","time":209,"var":"vfx.pixelate"},{"angle":202.5,"var":"vfx.hwaves.strength","duration":1,"type":"ease","ease":"inOutBack","time":209,"value":0},{"angle":157.5,"var":"vfx.hwaves.strength","duration":5,"type":"ease","ease":"inOutBack","time":209,"value":0},{"angle":225,"type":"noise","time":209,"color":1,"chance":0},{"angle":225,"type":"noise","time":240.5,"color":2,"chance":0},{"angle":236.25,"type":"hom","time":240.5,"enable":false},{"angle":337.5,"type":"noise","time":244.5,"color":0,"chance":0.30000001192093},{"angle":45,"type":"hom","time":244.5,"enable":true},{"angle":0,"start":1.5,"value":1,"time":244.5,"duration":2,"type":"ease","order":0,"ease":"outExpo","var":"vfx.canvPos.sx"},{"angle":22.5,"start":1.5,"value":1,"time":244.5,"duration":2,"type":"ease","order":0,"ease":"outExpo","var":"vfx.canvPos.sy"},{"angle":45,"time":158.5,"duration":2,"type":"ease","value":1.1000000238419,"ease":"inExpo","var":"vfx.canvPos.sy"},{"angle":22.5,"start":8,"time":192.5,"duration":1,"type":"ease","ease":"outExpo","var":"vfx.hwaves.strength","value":0},{"angle":337.5,"start":1.1200000047684,"value":1,"time":207.5,"duration":2,"type":"ease","order":0,"ease":"outExpo","var":"vfx.canvPos.sx"},{"angle":360,"start":1.1200000047684,"value":1,"time":207.5,"duration":2,"type":"ease","order":0,"ease":"outExpo","var":"vfx.canvPos.sy"},{"angle":202.5,"type":"noise","chance":0.20000000298023,"color":1,"time":212.5},{"angle":157.5,"start":12,"time":212.5,"duration":1,"type":"ease","ease":"outExpo","var":"vfx.hwaves.strength","value":0},{"angle":292.5,"var":"vfx.canvPos.sx","duration":8,"type":"ease","ease":"inOutQuad","time":128.5,"value":0.75},{"angle":281.25,"time":128.5,"duration":12,"type":"ease","ease":"inOutQuad","value":0.75,"var":"vfx.canvPos.sy"},{"angle":461.25,"value":0.69999998807907,"duration":6.5,"type":"ease","time":144.5,"ease":"inOutQuad","var":"vfx.canvPos.sx"},{"angle":450,"time":144.5,"duration":8,"type":"ease","ease":"inOutQuad","var":"vfx.canvPos.sy","value":0.69999998807907},{"angle":281.25,"time":156.5,"duration":4,"type":"ease","var":"vfx.canvPos.sx","ease":"outExpo","value":0.94999998807907},{"angle":270,"time":156.5,"duration":4,"type":"ease","ease":"outExpo","var":"vfx.canvPos.sy","value":0.94999998807907},{"angle":135,"start":4,"time":48,"duration":1,"type":"ease","ease":"outExpo","value":0,"var":"vfx.hwaves.strength"},{"angle":135,"var":"vfx.hwaves.strength","duration":0.5,"type":"ease","time":47.5,"ease":"inExpo","value":4},{"angle":135,"start":2,"time":64,"duration":1,"type":"ease","ease":"outExpo","var":"vfx.hwaves.strength","value":0},{"angle":135,"value":2,"duration":0.5,"type":"ease","ease":"inExpo","time":63.5,"var":"vfx.hwaves.strength"},{"angle":360,"type":"noise","chance":0.15000000596046,"color":2,"time":156.5}],"metadata":{"bgData":{"image":"icon.png","redChannel":{"r":162,"g":162,"b":162},"blueChannel":{"r":78,"g":77,"b":77},"greenChannel":{"r":255,"g":255,"b":255},"yellowChannel":{"r":255,"g":255,"b":255},"magentaChannel":{"r":255,"g":255,"b":255},"cyanChannel":{"r":255,"g":255,"b":255}},"artistLink":"","artist":"Splatoon 3 - Side Order OST","bg":true,"charter":"hhumanoid","songName":"jitter2","description":"My first level, made in 2.5 days.\n\nContains flashing lights and visual effects.\n\nMechanics used: Sides, Mines, Inverses","difficulty":8}}