[{"type":"hold","angle":0,"time":1,"segments":8,"holdEase":"inExpo","angle2":45,"duration":1},{"type":"hold","angle":360,"time":2,"segments":8,"holdEase":"inExpo","angle2":315,"duration":1},{"angle":0,"holdEase":"outQuad","speedMult":1,"type":"hold","endTap":true,"segments":64,"duration":2,"angle2":720,"time":4},{"endAngle":67.5,"spinEase":"inExpo","speedMult":2,"type":"mineHold","angle":45,"segments":1,"duration":0,"time":7,"angle2":180},{"endAngle":292.5,"spinEase":"inExpo","speedMult":2,"type":"mineHold","angle":315,"segments":1,"duration":0,"time":7,"angle2":180},{"type":"mineHold","angle":315,"segments":2,"duration":0,"time":8,"angle2":405},{"endAngle":180,"spinEase":"linear","speedMult":4,"angle":0,"type":"hold","holdEase":"inExpo","duration":2,"time":8,"angle2":135},{"endAngle":135,"speedMult":4,"angle":0,"type":"hold","startTap":true,"duration":1,"segments":8,"holdEase":"outBack","time":10,"angle2":-45},{"angle":315,"holdEase":"linear","speedMult":4,"type":"hold","startTap":true,"duration":4,"time":11,"angle2":855},{"type":"mineHold","angle":180,"speedMult":2,"duration":1,"time":10,"angle2":270},{"type":"mineHold","angle":225,"duration":4,"speedMult":4,"holdEase":"linear","angle2":745,"time":11},{"type":"inverse","angle":360,"speedMult":4,"time":11.5},{"type":"inverse","angle":135,"speedMult":4,"time":12.5},{"type":"inverse","angle":202.5,"speedMult":4,"time":13},{"type":"inverse","angle":270,"speedMult":4,"time":13.5},{"type":"inverse","angle":337.5,"speedMult":4,"time":14},{"type":"inverse","angle":67.5,"speedMult":4,"time":12},{"type":"hold","angle":135,"speedMult":4,"duration":1,"time":15,"angle2":45},{"angle":45,"holdEase":"outQuad","speedMult":4,"type":"hold","startTap":true,"duration":1,"time":16,"angle2":90},{"type":"side","angle":112.5,"speedMult":4,"time":17.60000038147},{"type":"hold","angle":135,"speedMult":4,"duration":1,"time":18,"angle2":315},{"angle":-22.5,"type":"mine","endAngle":157.55000305176,"time":17.5,"speedMult":4},{"type":"side","angle":67.5,"speedMult":4,"time":17.5},{"type":"extraTap","angle":0,"speedMult":4,"time":20},{"type":"extraTap","angle":0,"speedMult":4,"time":20.5},{"type":"mineHold","angle":0,"speedMult":4,"duration":2,"time":19,"angle2":202.5},{"type":"mineHold","angle":225,"speedMult":4,"duration":2,"time":19,"angle2":427.5},{"type":"extraTap","angle":45,"speedMult":4,"time":22},{"type":"extraTap","angle":45,"speedMult":4,"time":22.5},{"type":"hold","angle":270,"speedMult":4,"duration":1,"time":23,"angle2":157.5},{"type":"hold","angle":157.5,"endTap":true,"speedMult":4,"duration":2,"angle2":450,"time":24},{"type":"hold","angle":112.5,"endTap":true,"speedMult":4,"duration":0.5,"angle2":112.5,"time":22},{"type":"extraTap","angle":67.5,"speedMult":4,"time":7},{"type":"extraTap","angle":90,"speedMult":4,"time":28},{"type":"extraTap","angle":90,"speedMult":4,"time":28.5},{"type":"mineHold","angle":45,"duration":1,"time":28,"angle2":0},{"type":"mineHold","angle":315,"duration":1,"time":28,"angle2":360},{"type":"mineHold","angle":225,"duration":1,"time":28,"angle2":180},{"type":"mineHold","angle":135,"duration":1,"time":28,"angle2":180},{"type":"mineHold","angle":315,"duration":1,"time":28,"angle2":302.5},{"type":"mineHold","angle":225,"duration":1,"time":28,"angle2":237.5},{"type":"mineHold","angle":135,"duration":1,"time":28,"angle2":90},{"type":"mineHold","angle":45,"duration":1,"time":28,"angle2":90},{"type":"hold","angle":270,"speedMult":4,"duration":0.5,"time":29,"angle2":292.5},{"type":"hold","angle":292.5,"speedMult":4,"duration":0.5,"time":29.5,"angle2":247.5},{"angle":90,"type":"side","endAngle":247.5,"time":27,"speedMult":2},{"type":"hold","angle":247.5,"speedMult":4,"duration":2,"time":30,"angle2":607.5},{"angle":247.5,"speedMult":4,"type":"hold","startTap":true,"segments":4,"duration":1,"time":32,"angle2":90},{"angle":90,"speedMult":4,"type":"hold","duration":1,"segments":4,"holdEase":"outCirc","time":33,"angle2":-90},{"angle":270,"speedMult":4,"type":"hold","startTap":true,"endTap":true,"segments":9,"duration":2,"time":34,"angle2":810},{"type":"hold","angle":247.5,"time":37,"segments":8,"duration":0,"angle2":607.5,"speedMult":16},{"endAngle":67.5,"speedMult":24,"type":"hold","angle":427.5,"segments":8,"duration":0,"time":37.5,"angle2":1147.5},{"type":"block","time":40,"angle":180},{"type":"block","time":40.75,"angle":180},{"type":"block","time":41.5,"angle":180},{"type":"block","time":41.75,"angle":165},{"type":"block","time":42.5,"angle":180},{"type":"block","time":42.75,"angle":195},{"type":"block","time":43,"angle":210},{"type":"block","time":43.25,"angle":225},{"type":"block","time":43.5,"angle":240},{"type":"hold","angle":255,"duration":0.5,"time":43.75,"angle2":330},{"type":"hold","angle":330,"duration":0.5,"time":44.25,"angle2":255},{"type":"mineHold","angle":15,"duration":0.5,"time":43.75,"angle2":15},{"type":"mineHold","angle":15,"duration":0.5,"time":44.25,"angle2":45},{"type":"mineHold","angle":45,"duration":0.5,"time":44.75,"angle2":-30},{"type":"mineHold","angle":330,"duration":0.5,"time":45.25,"angle2":330},{"type":"mineHold","angle":330,"duration":0.5,"time":45.75,"angle2":255},{"type":"mineHold","angle":255,"duration":0.5,"time":46.25,"angle2":255},{"type":"mine","time":46.75,"angle":270},{"type":"mine","time":46.75,"angle":240},{"type":"mineHold","angle":360,"duration":5,"time":47.75,"angle2":360},{"type":"mineHold","angle":345,"duration":1,"time":48.5,"angle2":345},{"type":"mineHold","angle":15,"duration":1,"time":48.5,"angle2":15},{"type":"mineHold","angle":30,"duration":1,"time":49,"angle2":30},{"type":"mineHold","angle":330,"duration":1,"time":49,"angle2":330},{"type":"hold","angle":180,"duration":1,"time":47.75,"angle2":210},{"type":"hold","angle":210,"duration":1,"time":48.75,"angle2":150},{"type":"hold","angle":180,"duration":1,"time":49.75,"angle2":120},{"type":"hold","angle":150,"duration":0.5,"time":50.75,"angle2":180},{"type":"hold","angle":180,"duration":0.5,"time":51.25,"angle2":180},{"type":"block","time":52.25,"angle":195},{"type":"mine","time":52.25,"angle":165},{"type":"block","time":52.75,"angle":210},{"type":"block","time":53.25,"angle":225},{"type":"block","time":53.75,"angle":255},{"type":"block","time":54.25,"angle":270},{"type":"block","time":54.75,"angle":255},{"type":"mine","time":52.75,"angle":150},{"type":"mine","time":53.25,"angle":135},{"type":"mine","time":53.75,"angle":105},{"type":"mine","time":54.25,"angle":90},{"type":"mine","time":54.75,"angle":105},{"type":"mine","time":55.25,"angle":285},{"type":"side","time":55.25,"angle":75},{"type":"mineHold","angle":225,"duration":1,"time":45,"angle2":165},{"type":"hold","angle":0,"time":55.75,"duration":1,"angle2":0,"startTap":true},{"type":"hold","angle":360,"duration":1,"time":56.75,"angle2":540},{"type":"hold","angle":180,"duration":1,"holdEase":"inElastic","time":57.75,"angle2":165},{"type":"hold","angle":180,"duration":1,"holdEase":"inElastic","time":57.75,"angle2":195},{"type":"inverse","time":58.75,"angle":195},{"type":"inverse","time":58.75,"angle":165},{"type":"hold","angle":195,"duration":1,"time":58.75,"angle2":180},{"type":"hold","angle":165,"duration":1,"time":58.75,"angle2":180},{"type":"hold","angle":180,"duration":1,"time":59.75,"angle2":540},{"type":"hold","angle":180,"duration":1,"holdEase":"inBack","time":60.75,"angle2":90},{"type":"hold","angle":90,"duration":1,"time":61.75,"angle2":-180},{"type":"hold","angle":180,"duration":1,"holdEase":"inBack","time":62.75,"angle2":225},{"type":"hold","angle":225,"duration":3,"holdEase":"inBack","time":63.75,"angle2":135},{"type":"hold","angle":135,"duration":1,"time":66.75,"angle2":225},{"type":"block","angle":240,"tap":true,"time":67.75},{"type":"block","angle":195,"tap":true,"time":68.5},{"type":"block","time":69.5,"angle":180},{"type":"block","time":70,"angle":150},{"type":"block","time":70.5,"angle":135},{"type":"block","time":71,"angle":150},{"type":"block","time":71.25,"angle":165},{"type":"block","time":71.5,"angle":180},{"type":"hold","angle":180,"duration":1,"time":71.75,"angle2":67.5},{"type":"hold","angle":67.5,"duration":1,"time":72.75,"angle2":67.5},{"type":"hold","angle":67.5,"duration":1,"time":73.75,"angle2":90},{"type":"hold","angle":67.5,"duration":1,"holdEase":"inElastic","time":73.75,"angle2":90},{"type":"hold","angle":90,"duration":1,"time":74.75,"angle2":247.5},{"type":"hold","angle":247.5,"duration":1,"time":75.75,"angle2":157.5},{"type":"block","time":76.75,"angle":135},{"type":"block","time":77,"angle":112.5},{"type":"block","time":77.25,"angle":90},{"type":"block","time":77.5,"angle":67.5},{"type":"hold","startTap":true,"endTap":true,"angle":45,"duration":0.5,"angle2":90,"time":77.5},{"type":"hold","startTap":true,"endTap":false,"angle":67.5,"duration":0.5,"angle2":135,"time":78},{"type":"inverse","time":77,"angle":123.75},{"type":"inverse","time":77.25,"angle":101.25},{"type":"inverse","time":77.5,"angle":78.75},{"type":"mineHold","angle":90,"duration":1.5,"time":78.5,"angle2":-112.5},{"type":"mineHold","angle":225,"duration":1.75,"time":78.5,"angle2":0},{"type":"extraTap","time":67.75,"angle":78.75},{"type":"extraTap","time":68.5,"angle":168.75},{"type":"extraTap","time":77.5,"angle":22.5},{"type":"extraTap","time":78,"angle":45},{"type":"hold","angle":292.5,"duration":1,"time":80.5,"angle2":337.5},{"type":"hold","angle":360,"duration":0.5,"time":81.5,"angle2":337.5},{"type":"block","time":82.25,"angle":22.5},{"type":"block","time":82.5,"angle":292.5},{"type":"block","time":82.375,"angle":337.5},{"type":"hold","angle":270,"duration":1,"time":82.5,"angle2":90},{"type":"mineHold","angle":45,"duration":0.5,"time":84,"angle2":-90},{"type":"hold","angle":90,"endTap":true,"duration":1,"time":84.5,"angle2":90},{"type":"block","angle":-90,"tap":true,"time":86},{"type":"extraTap","time":85.5,"angle":67.5},{"type":"extraTap","time":86,"angle":67.5},{"type":"mineHold","angle":225,"duration":1,"time":87,"angle2":270},{"type":"mineHold","angle":315,"duration":1,"time":87,"angle2":270},{"type":"hold","angle":90,"duration":1,"time":87.5,"angle2":-45},{"type":"hold","angle":315,"duration":0.5,"time":88.5,"angle2":585},{"type":"hold","angle":225,"duration":0.5,"time":89,"angle2":135},{"type":"hold","angle":135,"duration":0.5,"holdEase":"inBack","time":89.5,"angle2":202.5},{"type":"mineHold","angle":0,"duration":0.75,"time":90,"angle2":247.5},{"type":"hold","angle":202.5,"duration":1,"holdEase":"outQuad","time":90,"angle2":427.5},{"type":"side","time":91,"angle":90},{"type":"side","time":91,"angle":112.5},{"type":"hold","angle":202.5,"duration":1.5,"time":91.5,"angle2":-157.5},{"type":"block","angle":180,"tap":true,"time":93.5},{"type":"block","angle":135,"tap":true,"time":94},{"type":"inverse","time":93.5,"angle":157.5},{"type":"inverse","time":94,"angle":157.5},{"type":"extraTap","time":93.5,"angle":202.5},{"type":"extraTap","time":94,"angle":112.5},{"type":"mineHold","angle":202.5,"duration":1,"time":95,"angle2":22.5},{"type":"mineHold","angle":67.5,"duration":1,"time":95,"angle2":-112.5},{"type":"hold","angle":337.5,"duration":1,"time":96.5,"angle2":292.5},{"type":"hold","angle":315,"duration":1,"time":96.5,"angle2":315},{"type":"hold","angle":292.5,"duration":1,"time":97.5,"angle2":360},{"type":"hold","angle":315,"duration":1,"time":97.5,"angle2":382.5},{"type":"block","time":98.25,"angle":0},{"type":"block","time":98.375,"angle":22.5},{"type":"hold","angle":45,"duration":0.5,"time":98.5,"angle2":90},{"type":"hold","angle":157.5,"duration":1,"holdEase":"inElastic","time":99.5,"angle2":135},{"type":"hold","angle":157.5,"time":101.5,"duration":1,"angle2":180,"startTap":true},{"type":"block","angle":135,"tap":true,"time":102},{"type":"extraTap","time":101.5,"angle":135},{"type":"extraTap","time":102,"angle":225},{"type":"hold","angle":180,"duration":3,"time":103.5,"angle2":22.5},{"type":"hold","angle":22.5,"duration":1,"time":106.5,"angle2":45},{"type":"extraTap","time":108.25,"angle":45},{"type":"extraTap","time":110.25,"angle":45},{"type":"extraTap","time":109.25,"angle":45},{"type":"hold","angle":135,"duration":1,"holdEase":"inElastic","time":99.5,"angle2":157.5},{"type":"hold","angle":90,"duration":1,"time":113,"angle2":22.5},{"type":"hold","angle":22.5,"duration":1,"time":114,"angle2":45},{"type":"mine","time":114,"angle":45},{"type":"mine","time":114.5,"angle":22.5},{"type":"block","time":115,"angle":90},{"type":"block","time":115.5,"angle":67.5},{"type":"block","angle":315,"time":116,"endAngle":67.5},{"type":"block","angle":202.5,"time":116.5,"endAngle":225},{"type":"hold","angle":157.5,"time":116,"duration":1,"angle2":247.5,"endAngle":67.5},{"type":"hold","angle":225,"time":117.25,"duration":0.25,"angle2":247.5,"endAngle":247.5},{"type":"hold","angle":270,"time":117.5,"duration":0.25,"angle2":247.5,"endAngle":247.5},{"type":"block","angle":67.5,"tap":true,"time":118.5,"speedMult":3},{"type":"mineHold","angle":270,"duration":1,"holdEase":"outCirc","time":118,"angle2":247.5},{"type":"mineHold","angle":225,"duration":1,"holdEase":"outCirc","time":118,"angle2":247.5},{"type":"mine","time":119.5,"angle":67.5},{"type":"mine","time":119.5,"angle":45},{"type":"mine","time":119.5,"angle":22.5},{"type":"mine","time":119.5,"angle":292.5},{"type":"mine","time":119.5,"angle":270},{"type":"mine","time":119.5,"angle":247.5},{"type":"mine","time":119.5,"angle":225},{"type":"mine","time":119.5,"angle":202.5},{"type":"mine","time":119.5,"angle":180},{"type":"mine","time":119.5,"angle":157.5},{"type":"mine","time":119.5,"angle":135},{"type":"mine","time":119.5,"angle":112.5},{"type":"mine","time":119.5,"angle":90},{"type":"hold","angle":315,"duration":0.5,"holdEase":"outElastic","time":119.5,"angle2":360},{"type":"hold","angle":360,"duration":0.5,"holdEase":"outElastic","time":119.5,"angle2":315},{"type":"mineHold","angle":225,"duration":0,"time":121,"angle2":450},{"type":"block","time":121,"angle":180},{"type":"block","time":121.25,"angle":157.5},{"type":"block","time":121.5,"angle":135},{"type":"block","time":120.75,"angle":157.5},{"type":"block","time":121.75,"angle":135},{"type":"inverse","time":123,"angle":315},{"type":"inverse","time":122.5,"angle":337.5},{"type":"mineHold","angle":225,"duration":1,"time":121,"angle2":202.5},{"type":"hold","angle":337.5,"duration":0.5,"time":123.5,"angle2":180},{"type":"hold","angle":180,"duration":0.5,"time":124,"angle2":202.5},{"type":"hold","angle":202.5,"duration":0.5,"time":124.5,"angle2":112.5},{"type":"block","time":125.5,"angle":90},{"type":"block","time":126,"angle":67.5},{"type":"hold","angle":67.5,"speedMult":5,"duration":1,"time":126.5,"angle2":135},{"type":"block","angle":67.5,"tap":true,"time":126.5},{"type":"block","time":127.5,"angle":157.5},{"type":"block","time":127.75,"angle":180},{"type":"block","time":128,"angle":202.5},{"type":"hold","angle":202.5,"duration":0.25,"time":128.5,"angle2":112.5},{"type":"block","time":129.25,"angle":112.5},{"angle":247.5,"type":"block","endAngle":-112.5,"time":130.5,"speedMult":2},{"type":"block","time":131.25,"angle":225},{"type":"block","time":131.5,"angle":202.5},{"type":"block","time":131.75,"angle":180},{"type":"block","time":132.25,"angle":157.5},{"type":"block","time":132.5,"angle":180},{"type":"block","time":132.75,"angle":202.5},{"type":"block","time":133,"angle":225},{"type":"block","time":133.25,"angle":292.5},{"type":"block","time":133.5,"angle":315},{"type":"block","time":133.75,"angle":337.5},{"type":"block","angle":360,"tap":true,"time":134.25},{"type":"hold","angle":360,"speedMult":10,"duration":1,"time":134.25,"angle2":427.5},{"type":"block","time":136,"angle":45},{"type":"block","time":136.75,"angle":337.5},{"type":"block","time":137,"angle":292.5},{"type":"block","time":137.25,"angle":247.5},{"type":"hold","angle":225,"duration":0.25,"time":137.5,"angle2":225},{"type":"mineHold","angle":202.5,"duration":2,"time":136,"angle2":-112.5},{"type":"block","time":138.25,"angle":180},{"type":"block","time":138.75,"angle":90},{"type":"block","time":139.25,"angle":90},{"type":"block","time":139.5,"angle":112.5},{"type":"block","time":139.75,"angle":135},{"type":"block","time":140.25,"angle":202.5},{"type":"block","time":140.5,"angle":180},{"type":"block","time":140.75,"angle":202.5},{"type":"block","time":141,"angle":180},{"type":"block","time":141.25,"angle":157.5},{"type":"block","time":141.5,"angle":112.5},{"type":"block","time":141.75,"angle":90},{"type":"block","angle":67.5,"tap":true,"time":142},{"type":"hold","angle":67.5,"duration":0.5,"time":142,"angle2":67.5},{"type":"block","time":143.25,"angle":67.5},{"type":"block","time":143.75,"angle":112.5},{"type":"block","time":144.25,"angle":202.5},{"type":"block","time":145,"angle":135},{"type":"block","time":144.75,"angle":157.5},{"type":"block","time":145.5,"angle":135},{"type":"hold","angle":112.5,"duration":0.25,"time":144,"angle2":202.5},{"type":"block","time":145.75,"angle":157.5},{"type":"block","time":146,"angle":135},{"type":"hold","angle":135,"duration":0.5,"time":146.25,"angle2":112.5},{"type":"hold","angle":90,"duration":0.5,"time":147.25,"angle2":67.5},{"type":"hold","angle":67.5,"duration":0.5,"time":147.75,"angle2":90},{"type":"hold","angle":90,"duration":1.75,"holdEase":"inExpo","time":148.25,"angle2":135},{"type":"hold","angle":135,"duration":1,"holdEase":"outExpo","time":150,"angle2":180},{"type":"block","time":151.75,"angle":157.5},{"type":"block","time":152,"angle":135},{"type":"block","time":152.5,"angle":112.5},{"type":"block","angle":157.5,"time":152.75},{"type":"block","time":153,"angle":112.5},{"type":"block","angle":180,"time":153.75},{"type":"block","time":153.5,"angle":112.5},{"type":"block","time":154.5,"angle":112.5},{"type":"block","time":154,"angle":112.5},{"type":"hold","angle":112.5,"duration":0.5,"time":154.5,"angle2":45},{"type":"hold","angle":45,"duration":1,"holdEase":"inQuad","time":155,"angle2":270},{"type":"hold","angle":292.5,"duration":0.5,"time":157,"angle2":315},{"type":"block","angle":270,"tap":true,"time":158},{"type":"block","angle":112.5,"tap":true,"time":158.5},{"type":"extraTap","time":158,"angle":225},{"type":"extraTap","time":158.5,"angle":225},{"type":"extraTap","time":159,"angle":225},{"type":"block","angle":247.5,"tap":true,"time":159},{"type":"block","time":159.5,"angle":247.5},{"type":"block","time":159.75,"angle":270},{"type":"hold","angle":270,"duration":0.75,"time":160.5,"angle2":270},{"type":"side","time":161.25,"angle":337.5},{"type":"block","time":162,"angle":90},{"type":"block","time":162.25,"angle":135},{"type":"side","time":161.25,"angle":315},{"type":"hold","angle":180,"duration":3,"time":163,"angle2":1260},{"type":"mineHold","angle":90,"duration":3,"time":163,"angle2":1170},{"type":"extraTap","time":163,"angle":45},{"type":"extraTap","time":164,"angle":45},{"type":"extraTap","time":165,"angle":45},{"type":"extraTap","time":166,"angle":45},{"type":"block","time":167,"angle":180},{"type":"block","time":167.25,"angle":157.5},{"type":"block","time":167.75,"angle":180},{"type":"block","time":168,"angle":202.5},{"type":"mine","time":168,"angle":135},{"type":"mine","time":168.5,"angle":225},{"type":"block","time":168.5,"angle":157.5},{"type":"block","time":168.75,"angle":202.5},{"type":"mineHold","angle":270,"duration":1,"time":169,"angle2":270},{"type":"mineHold","angle":90,"duration":1,"time":169,"angle2":90},{"type":"block","time":170.25,"angle":180},{"type":"block","angle":180,"tap":true,"time":169.25},{"type":"block","angle":157.5,"tap":true,"time":169.5},{"type":"block","time":170,"angle":225},{"type":"hold","angle":135,"duration":0.25,"time":170.5,"angle2":180},{"type":"block","time":171,"angle":202.5},{"type":"block","time":171.25,"angle":180},{"type":"block","time":171.75,"angle":157.5},{"type":"block","time":172,"angle":135},{"type":"mine","time":171.5,"angle":202.5},{"type":"mine","time":171.75,"angle":180},{"type":"block","time":172.5,"angle":180},{"type":"block","time":172.75,"angle":202.5},{"type":"mine","time":172.5,"angle":135},{"type":"mine","time":172.75,"angle":157.5},{"type":"hold","angle":180,"duration":0.25,"time":173.25,"angle2":180},{"type":"block","time":174,"angle":135},{"type":"block","time":174.25,"angle":112.5},{"type":"hold","angle":157.5,"duration":0.25,"time":174.5,"angle2":225},{"type":"block","time":175,"angle":180},{"type":"block","time":175.25,"angle":247.5},{"type":"block","time":175.75,"angle":225},{"type":"block","time":176,"angle":202.5},{"type":"block","time":176.5,"angle":180},{"type":"block","time":176.75,"angle":157.5},{"type":"block","time":177.25,"angle":157.5},{"type":"block","time":177.5,"angle":225},{"type":"block","time":178,"angle":202.5},{"type":"block","time":178.25,"angle":157.5},{"type":"block","time":178.5,"angle":112.5},{"type":"block","time":179,"angle":135},{"type":"block","time":179.25,"angle":157.5},{"type":"mine","time":178.5,"angle":180},{"type":"mine","time":177.5,"angle":180},{"type":"mine","time":175.5,"angle":180},{"type":"block","time":179.75,"angle":180},{"type":"block","time":180,"angle":202.5},{"type":"hold","angle":202.5,"duration":0.25,"time":179.75,"angle2":180},{"type":"mine","time":180,"angle":247.5},{"type":"mine","time":180,"angle":112.5},{"type":"mine","time":180,"angle":270},{"type":"mine","time":180,"angle":90},{"type":"block","time":180.5,"angle":180},{"type":"block","time":180.75,"angle":157.5},{"type":"mine","time":180.75,"angle":202.5},{"type":"hold","angle":157.5,"duration":0.25,"time":181.25,"angle2":112.5},{"type":"block","time":182,"angle":135},{"type":"block","time":182.25,"angle":157.5},{"type":"block","angle":202.5,"tap":true,"time":182.5},{"type":"hold","angle":202.5,"duration":0.5,"speedMult":50,"holdEase":"inQuart","angle2":180,"time":182.5},{"type":"block","angle":157.5,"tap":true,"time":182.5},{"type":"hold","angle":157.5,"duration":0.5,"speedMult":50,"holdEase":"inQuart","angle2":180,"time":182.5},{"type":"block","time":183,"angle":180},{"type":"block","time":183.25,"angle":202.5},{"type":"block","time":183.75,"angle":202.5},{"type":"block","time":184,"angle":180},{"type":"mine","time":183.5,"angle":180},{"type":"block","time":184.5,"angle":157.5},{"type":"block","time":184.75,"angle":180},{"type":"mine","time":184.25,"angle":180},{"type":"block","time":185.25,"angle":180},{"type":"block","time":185.5,"angle":157.5},{"type":"block","time":186,"angle":180},{"type":"block","time":186.25,"angle":225},{"type":"block","time":186.5,"angle":135},{"type":"block","time":186.75,"angle":180},{"type":"block","time":187,"angle":157.5},{"type":"block","time":187.25,"angle":180},{"type":"block","time":187.75,"angle":202.5},{"type":"block","time":188,"angle":180},{"type":"block","time":188.5,"angle":135},{"type":"block","time":188.75,"angle":157.5},{"type":"block","time":189.25,"angle":202.5},{"type":"block","time":189.5,"angle":180},{"type":"block","time":190,"angle":247.5},{"type":"block","time":190.25,"angle":225},{"type":"block","time":190.5,"angle":202.5},{"type":"block","time":191,"angle":157.5},{"type":"block","time":191.25,"angle":180},{"type":"block","time":191.75,"angle":135},{"type":"block","time":192,"angle":135},{"type":"block","time":192.5,"angle":202.5},{"type":"block","time":192.75,"angle":225},{"type":"block","time":193.25,"angle":225},{"type":"block","time":193.5,"angle":180},{"type":"block","time":194,"angle":202.5},{"type":"block","time":194.25,"angle":157.5},{"type":"block","time":194.5,"angle":180},{"type":"hold","angle":157.5,"duration":1,"time":194.5,"angle2":157.5},{"type":"hold","angle":202.5,"duration":1,"time":194.5,"angle2":202.5},{"type":"extraTap","time":195,"angle":135},{"type":"extraTap","time":196,"angle":180},{"type":"extraTap","time":197,"angle":180},{"type":"extraTap","time":197.5,"angle":180},{"type":"extraTap","time":198,"angle":180},{"type":"block","time":196,"angle":157.5},{"type":"block","time":196,"angle":202.5},{"type":"block","time":197.5,"angle":180},{"type":"block","time":197,"angle":180},{"type":"block","time":198,"angle":180},{"type":"block","time":198.75,"angle":180},{"type":"block","time":199,"angle":157.5},{"type":"block","time":199.75,"angle":202.5},{"type":"block","time":200,"angle":225},{"type":"hold","angle":225,"duration":0.25,"time":200.5,"angle2":202.5},{"type":"block","time":201.25,"angle":225},{"type":"block","time":201.5,"angle":202.5},{"type":"hold","angle":202.5,"duration":0.25,"time":202,"angle2":247.5},{"type":"hold","angle":247.5,"duration":0.25,"time":202.25,"angle2":202.5},{"type":"hold","angle":202.5,"duration":0.25,"time":202.5,"angle2":247.5},{"type":"block","time":203,"angle":225},{"type":"block","time":203.25,"angle":202.5},{"type":"mine","time":203.75,"angle":225},{"type":"mine","time":204,"angle":180},{"type":"block","time":203.75,"angle":90},{"type":"block","time":204,"angle":67.5},{"type":"block","time":204.5,"angle":360},{"type":"block","time":204.75,"angle":337.5},{"type":"block","time":205.25,"angle":270},{"type":"block","time":205.5,"angle":247.5},{"type":"hold","angle":270,"duration":0.25,"time":205.75,"angle2":337.5},{"type":"hold","angle":337.5,"duration":0.25,"time":206,"angle2":270},{"type":"hold","angle":270,"duration":0.25,"time":206.25,"angle2":337.5},{"type":"block","time":207,"angle":292.5},{"type":"block","time":207.25,"angle":315},{"type":"extraTap","time":207.75,"angle":292.5},{"type":"extraTap","time":209.75,"angle":292.5},{"type":"extraTap","time":211.75,"angle":292.5},{"type":"block","time":207.75,"angle":360},{"type":"block","time":208,"angle":22.5},{"type":"block","time":208.5,"angle":45},{"type":"block","time":208.75,"angle":22.5},{"type":"block","time":209.25,"angle":292.5},{"type":"block","time":209.25,"angle":270},{"type":"block","time":209.5,"angle":315},{"type":"block","time":209.5,"angle":337.5},{"type":"block","time":210,"angle":337.5},{"type":"block","time":210.25,"angle":360},{"type":"hold","angle":270,"duration":0,"time":210.75,"angle2":292.5},{"type":"hold","angle":270,"duration":0,"time":211,"angle2":292.5},{"type":"hold","angle":292.5,"duration":0.25,"time":211.5,"angle2":315},{"type":"hold","angle":315,"duration":0.25,"time":212.25,"angle2":292.5},{"type":"extraTap","time":213.75,"angle":292.5},{"type":"hold","angle":315,"duration":0.25,"time":213,"angle2":405},{"type":"block","time":213.75,"angle":45},{"type":"block","time":214,"angle":22.5},{"type":"block","time":214.25,"angle":0},{"type":"block","time":214.75,"angle":0},{"type":"block","time":215,"angle":22.5},{"type":"block","time":215.5,"angle":360},{"type":"block","time":215.75,"angle":337.5},{"type":"block","time":216.25,"angle":0},{"type":"block","time":216.5,"angle":22.5},{"type":"mineHold","angle":90,"duration":15,"time":214,"angle2":112.5},{"type":"mineHold","angle":270,"duration":15,"time":214,"angle2":247.5},{"type":"mineHold","endAngle":180,"angle":247.5,"duration":15,"angle2":247.5,"time":214},{"type":"mineHold","angle":225,"time":214,"duration":15,"angle2":225,"endAngle":180},{"type":"mineHold","angle":202.5,"time":214,"duration":15,"angle2":202.5,"endAngle":180},{"type":"mineHold","angle":180,"duration":15,"time":214,"angle2":180},{"type":"mineHold","angle":157.5,"time":214,"duration":15,"angle2":157.5,"endAngle":180},{"type":"mineHold","angle":112.5,"time":214,"duration":15,"angle2":112.5,"endAngle":180},{"type":"mineHold","angle":135,"time":214,"duration":15,"angle2":135,"endAngle":180},{"type":"side","angle":337.5,"speedMult":0.5,"time":217},{"type":"side","angle":22.5,"speedMult":0.5,"time":217.25},{"type":"hold","angle":337.5,"duration":0.25,"time":217.75,"angle2":382.5},{"type":"hold","angle":22.5,"duration":0.25,"time":217.75,"angle2":-22.5},{"type":"hold","angle":360,"duration":0.25,"time":218,"angle2":360},{"type":"extraTap","time":217.75,"angle":45},{"type":"extraTap","time":218,"angle":45},{"type":"block","time":218.75,"angle":337.5},{"type":"block","time":219,"angle":0},{"type":"block","time":219.5,"angle":22.5},{"type":"block","time":219.75,"angle":45},{"type":"hold","angle":360,"duration":0.25,"time":220.25,"angle2":22.5},{"type":"hold","angle":-360,"duration":0.25,"time":221,"angle2":-22.5},{"type":"block","angle":337.5,"tap":true,"time":221.75},{"type":"block","angle":360,"tap":true,"time":222},{"type":"block","angle":22.5,"tap":true,"time":222.25},{"type":"block","time":222.75,"angle":0},{"type":"block","time":223,"angle":337.5},{"type":"block","time":223.5,"angle":360},{"type":"block","time":223.75,"angle":22.5},{"type":"inverse","angle":360,"speedMult":0.5,"time":224.25},{"type":"inverse","angle":337.5,"speedMult":0.5,"time":224.5},{"type":"hold","angle":337.5,"duration":0.25,"time":225,"angle2":382.5},{"type":"hold","angle":22.5,"duration":1,"time":225.75,"angle2":67.5},{"type":"hold","angle":67.5,"duration":1,"time":226.75,"angle2":0},{"type":"block","time":226.75,"angle":45},{"type":"block","time":227,"angle":22.5},{"type":"block","time":227.5,"angle":45},{"type":"block","time":227.75,"angle":337.5},{"type":"block","time":228.25,"angle":337.5},{"type":"block","time":228.5,"angle":0},{"type":"block","time":229,"angle":22.5},{"type":"block","time":229.25,"angle":0},{"type":"hold","angle":0,"speedMult":5,"duration":1,"time":229.75,"angle2":0},{"type":"block","angle":0,"tap":true,"time":229.75,"speedMult":0.5},{"type":"block","time":231.5,"angle":0},{"type":"block","time":231.75,"angle":22.5},{"type":"hold","angle":0,"duration":0.5,"time":232.5,"angle2":22.5},{"type":"hold","angle":22.5,"duration":0.5,"time":233.5,"angle2":22.5},{"type":"block","time":232.25,"angle":22.5},{"type":"block","time":233.75,"angle":22.5},{"type":"block","time":234.75,"angle":337.5},{"type":"block","time":235.5,"angle":0},{"type":"block","time":235.75,"angle":337.5},{"type":"block","time":235,"angle":0},{"type":"inverse","time":236.25,"angle":0},{"type":"inverse","time":236.5,"angle":22.5},{"type":"inverse","time":237,"angle":22.5},{"type":"inverse","time":237.25,"angle":0},{"type":"extraTap","time":238.25,"angle":360},{"type":"extraTap","time":237.75,"angle":360},{"type":"extraTap","time":238,"angle":0},{"type":"hold","angle":0,"duration":7,"time":238.75,"angle2":720},{"type":"block","angle":360,"tap":true,"time":246.5},{"type":"block","angle":90,"tap":true,"time":247.5},{"type":"block","angle":180,"tap":true,"time":248.25},{"type":"block","angle":225,"tap":true,"time":249},{"type":"block","angle":202.5,"tap":true,"time":249.5},{"type":"block","angle":0,"tap":true,"time":250.5},{"type":"block","angle":270,"tap":true,"time":251.25},{"type":"block","angle":90,"tap":true,"time":252},{"type":"mineHold","angle":0,"duration":1,"time":251,"angle2":0},{"type":"block","angle":180,"tap":true,"time":253},{"type":"hold","startTap":true,"angle2":22.5,"duration":0.25,"time":253.5,"angle":90},{"type":"block","angle":292.5,"tap":true,"time":254.5},{"type":"block","angle":112.5,"tap":true,"time":255.25},{"type":"block","angle":225,"tap":true,"time":256},{"type":"block","angle":180,"tap":true,"time":256.75},{"type":"block","angle":180,"tap":true,"time":258},{"type":"mineHold","angle":180,"duration":0.25,"time":257.25,"angle2":180},{"type":"block","angle":360,"tap":true,"time":258.5},{"type":"block","angle":90,"tap":true,"time":259.25},{"type":"block","angle":180,"tap":true,"time":260},{"type":"block","angle":180,"tap":true,"time":261},{"type":"mine","angle":180,"time":260.25},{"type":"mine","angle":180,"time":261.25},{"type":"hold","angle":202.5,"duration":1,"time":262.5,"angle2":202.5},{"type":"block","time":264.25,"angle":202.5},{"type":"block","time":264.5,"angle":180},{"type":"block","angle":202.5,"time":265.25},{"type":"block","angle":180,"time":265.5},{"type":"block","angle":157.5,"time":265.75},{"type":"block","angle":135,"time":266},{"type":"block","time":266.25,"angle":112.5},{"type":"hold","angle":90,"duration":0.5,"holdEase":"linear","time":266.5,"angle2":270},{"type":"block","angle":112.5,"tap":true,"time":268},{"type":"block","angle":112.5,"tap":true,"time":268.75},{"type":"block","angle":135,"tap":true,"time":269.25},{"type":"block","angle":292.5,"time":269.5},{"type":"block","angle":315,"time":270.25},{"type":"block","angle":292.5,"time":270.75},{"type":"block","angle":270,"time":271.25},{"type":"block","angle":292.5,"time":271.75},{"type":"block","angle":315,"time":272.25},{"type":"block","angle":315,"time":272.75},{"type":"block","angle":292.5,"time":273.25},{"type":"block","angle":315,"time":273.25},{"type":"block","angle":292.5,"time":273.75},{"type":"block","angle":315,"time":273.75},{"type":"block","angle":157.5,"tap":true,"time":270.5},{"type":"block","angle":90,"tap":true,"time":271.25},{"type":"block","angle":112.5,"tap":true,"time":272},{"type":"block","angle":135,"tap":true,"time":273},{"type":"block","time":269.25,"angle":315},{"type":"block","angle":135,"tap":true,"time":273.75},{"type":"block","angle":157.5,"tap":true,"time":274.25},{"type":"block","angle":135,"tap":true,"time":275},{"type":"block","angle":112.5,"tap":true,"time":275.75},{"type":"block","angle":22.5,"tap":true,"time":276.75},{"type":"block","angle":0,"tap":true,"time":277.75},{"type":"block","time":274.5,"angle":315},{"type":"block","time":275,"angle":337.5},{"type":"block","time":275.5,"angle":292.5},{"type":"block","time":276,"angle":247.5},{"type":"block","time":276.5,"angle":225},{"type":"block","time":277,"angle":202.5},{"type":"block","time":277.5,"angle":180},{"type":"block","time":278,"angle":180},{"type":"hold","angle":180,"speedMult":5,"duration":1,"time":278.5,"angle2":180},{"type":"block","time":278.5,"angle":180},{"type":"hold","angle":180,"duration":1,"time":279.5,"angle2":202.5},{"type":"hold","angle":180,"duration":1,"time":280.5,"angle2":337.5},{"type":"hold","angle":337.5,"duration":0.5,"time":281.5,"angle2":247.5},{"type":"hold","angle":180,"duration":1,"time":282.5,"angle2":225},{"type":"hold","angle":225,"duration":1,"time":282.5,"angle2":225},{"type":"hold","angle":202.5,"duration":1,"time":283.5,"angle2":90},{"type":"hold","angle":90,"duration":0.5,"time":284.5,"angle2":112.5},{"type":"hold","angle":67.5,"duration":0.5,"time":285,"angle2":90},{"type":"block","angle":90,"time":286.5},{"type":"block","angle":67.5,"time":286.75},{"type":"block","angle":67.5,"time":287},{"type":"block","time":287.25,"angle":112.5},{"type":"block","time":287.75,"angle":45},{"type":"block","time":288,"angle":22.5},{"type":"block","angle":45,"time":288.5},{"type":"block","angle":67.5,"time":288.25},{"type":"block","time":288.5,"angle":90},{"type":"block","angle":112.5,"time":288.75},{"type":"block","time":289,"angle":112.5},{"type":"block","time":289.25,"angle":67.5},{"type":"block","angle":45,"time":289.5},{"type":"block","angle":90,"time":289.75},{"type":"block","time":290,"angle":67.5},{"type":"block","angle":180,"time":279},{"type":"block","angle":90,"time":290.5},{"type":"extraTap","angle":157.5,"time":292.5},{"type":"extraTap","time":293,"angle":157.5},{"type":"block","time":293.5,"angle":180},{"type":"block","time":293.75,"angle":202.5},{"type":"block","time":294,"angle":180},{"type":"block","angle":157.5,"time":294.25},{"type":"hold","angle":135,"duration":1,"time":294.5,"angle2":180},{"type":"hold","angle":180,"duration":0.25,"time":296.5,"angle2":135},{"type":"block","time":297.25,"angle":135},{"type":"extraTap","angle":112.5,"time":296.75},{"type":"extraTap","angle":112.5,"time":299},{"type":"extraTap","time":297.5,"angle":112.5},{"type":"extraTap","angle":112.5,"time":303},{"type":"hold","angle":112.5,"duration":1,"time":298.5,"angle2":135},{"type":"block","angle":135,"time":299},{"type":"block","angle":157.5,"time":299.5},{"type":"block","angle":180,"time":299.75},{"type":"block","angle":157.5,"time":299.25},{"type":"block","angle":180,"time":299.5},{"type":"block","angle":202.5,"tap":true,"time":300.25},{"type":"block","angle":180,"tap":true,"time":300.75},{"type":"hold","angle":180,"duration":1,"time":301.25,"angle2":157.5},{"type":"hold","angle":157.5,"duration":1,"time":303,"angle2":360},{"type":"inverse","time":305.08331298828,"angle":292.5},{"type":"inverse","time":305.16665649414,"angle":247.5},{"type":"inverse","angle":225,"time":305.33364868164},{"type":"mineHold","angle":67.5,"duration":1,"time":305,"angle2":-45},{"type":"hold","angle":292.5,"duration":1,"time":305.25,"angle2":90},{"type":"side","time":306.25,"angle":67.5},{"type":"hold","angle":135,"endTap":true,"time":307,"holdEase":"inExpo","angle2":-112.5,"duration":1},{"type":"block","angle":225,"tap":true,"time":308.5},{"type":"extraTap","angle":202.5,"time":308},{"type":"extraTap","angle":202.5,"time":308.5},{"type":"hold","angle":247.5,"duration":0.25,"time":308.5,"angle2":202.5},{"type":"mineHold","angle":292.5,"duration":1,"time":309,"angle2":360},{"type":"mineHold","angle":157.5,"duration":1,"time":309,"angle2":225},{"type":"hold","angle":292.5,"duration":1,"holdEase":"inSine","time":310.25,"angle2":360},{"type":"hold","angle":0,"duration":0.5,"holdEase":"outSine","time":311.25,"angle2":225},{"type":"block","time":312.5,"angle":225},{"type":"block","time":312.75,"angle":247.5},{"type":"block","time":313.5,"angle":292.5},{"type":"block","time":313.75,"angle":337.5},{"type":"block","time":313.25,"angle":247.5},{"type":"hold","angle":0,"duration":1,"time":314.25,"angle2":180},{"type":"block","time":315.5,"angle":202.5},{"type":"block","angle":180,"time":315.75},{"type":"block","angle":157.5,"time":316},{"type":"block","angle":225,"tap":true,"time":316.25},{"type":"block","angle":112.5,"tap":true,"time":316.75},{"type":"extraTap","angle":247.5,"time":316.25},{"type":"extraTap","angle":135,"time":316.75},{"type":"hold","angle":90,"duration":1,"time":316.75,"angle2":45},{"type":"block","time":317.75,"angle":22.5},{"type":"hold","angle":22.5,"duration":0.5,"holdEase":"inExpo","time":318.25,"angle2":90},{"type":"hold","angle":90,"duration":1,"time":319.25,"angle2":45},{"type":"hold","angle":45,"duration":1,"holdEase":"inSine","time":320.25,"angle2":180},{"type":"hold","angle":202.5,"duration":1,"time":322,"angle2":-157.5},{"type":"block","time":323.25,"angle":180},{"type":"block","time":323.75,"angle":157.5},{"type":"block","angle":180,"tap":true,"time":324.25},{"type":"block","angle":0,"tap":true,"time":324.75},{"type":"extraTap","angle":202.5,"time":324.25},{"type":"extraTap","time":324.75,"angle":337.5},{"type":"block","time":326.25,"angle":180},{"type":"hold","angle":22.5,"duration":1,"time":324.75,"angle2":-22.5},{"type":"block","angle":157.5,"time":326.75},{"type":"block","angle":135,"time":327},{"type":"block","time":327.5,"angle":112.5},{"type":"block","time":327.75,"angle":135},{"type":"block","time":328.75,"angle":157.5},{"type":"block","angle":45,"time":329},{"type":"block","angle":315,"time":329.25},{"type":"mineHold","angle":202.5,"duration":1,"time":329,"angle2":-22.5},{"type":"hold","angle":225,"duration":1,"holdEase":"outSine","time":329.75,"angle2":135},{"type":"block","angle":135,"time":332},{"type":"block","angle":157.5,"time":331.75},{"type":"block","angle":90,"time":332.25},{"type":"block","angle":45,"time":332.5},{"type":"block","angle":0,"time":332.75},{"type":"hold","angle":315,"duration":1,"time":333,"angle2":562.5},{"type":"hold","angle":202.5,"speedMult":5,"duration":1,"time":335,"angle2":157.5},{"type":"block","angle":202.5,"time":335},{"type":"block","angle":225,"time":334.75},{"type":"hold","angle":135,"duration":0.25,"time":337,"angle2":67.5},{"type":"hold","angle":67.5,"duration":0.25,"time":337.25,"angle2":135},{"type":"hold","angle":247.5,"duration":0.25,"time":339.25,"angle2":180},{"type":"hold","angle":135,"duration":0.5,"time":338.25,"angle2":225},{"type":"hold","angle":180,"duration":0.25,"time":339.5,"angle2":247.5},{"type":"hold","angle":202.5,"duration":1,"time":340.25,"angle2":90},{"type":"hold","angle":90,"duration":1,"time":341.25,"angle2":180},{"type":"block","time":342.25,"angle":157.5},{"type":"block","time":342.75,"angle":157.5},{"type":"block","time":343,"angle":180},{"type":"block","time":343.75,"angle":157.5},{"type":"block","time":344,"angle":135},{"type":"hold","angle":180,"duration":1.5,"time":344.5,"angle2":225},{"type":"block","time":346,"angle":202.5},{"type":"block","time":347.25,"angle":202.5},{"type":"block","time":347.5,"angle":180},{"type":"block","time":348.5,"angle":180},{"type":"block","time":348.75,"angle":202.5},{"type":"block","time":349,"angle":225},{"type":"extraTap","angle":135,"time":348.75},{"type":"extraTap","time":347.75,"angle":135},{"type":"extraTap","time":349.75,"angle":135},{"type":"hold","angle":180,"duration":0.5,"time":328.75,"angle2":-22.5},{"type":"block","angle":90,"time":135.25},{"type":"block","angle":67.5,"time":290.66665649414},{"type":"block","time":290.83331298828,"angle":45},{"type":"block","time":291,"angle":22.5},{"type":"block","time":291.16665649414,"angle":0},{"type":"block","angle":337.5,"time":291.33334350586},{"type":"block","angle":315,"time":291.5},{"type":"block","angle":292.5,"time":291.66665649414},{"type":"block","time":291.83334350586,"angle":270},{"type":"block","angle":247.5,"time":292}]