{"events":[{"file":"Creo - In Circles.ogg","type":"play","angle":0,"bpm":92,"volume":1,"time":0},{"order":1,"angle":22.5,"ease":"outCirc","g":255,"b":255,"type":"setColor","color":0,"duration":6,"time":-0.5,"r":255},{"angle":45,"ease":"outCirc","g":30,"b":30,"type":"setColor","color":1,"duration":1,"time":-0.5,"r":28},{"type":"noise","angle":22.5,"chance":0.010000014677644,"time":8,"color":1},{"var":"vfx.pixelate","angle":45,"ease":"inExpo","start":1,"type":"ease","value":10,"duration":1,"time":11,"repeats":3},{"var":"vfx.comboY","angle":22.5,"value":100,"start":0,"type":"ease","duration":4,"time":11,"ease":"inElastic"},{"angle":67.5,"type":"setColor","b":255,"r":255,"g":255,"time":-0.5,"color":3},{"color":2,"type":"outline","angle":112.5,"time":-0.5,"enable":true},{"var":"vfx.comboY","angle":292.5,"value":315,"start":100,"type":"ease","duration":5,"time":15,"ease":"outExpo"},{"var":"vfx.accuracyY","angle":315,"value":315,"start":0,"type":"ease","duration":1,"time":15,"ease":"outExpo"},{"var":"vfx.glitchUIElements","type":"ease","angle":67.5,"value":1,"time":11},{"var":"vfx.glitchUIElements","type":"ease","angle":270,"value":0,"time":15},{"angle":45,"ease":"outSine","g":0,"b":0,"type":"setColor","color":0,"duration":1,"time":6,"r":0},{"angle":67.5,"ease":"inOutCirc","g":192,"b":192,"type":"setColor","color":0,"duration":1,"time":8,"r":86},{"var":"vfx.pixelate","angle":247.5,"value":1,"start":0,"type":"ease","duration":0,"time":15,"ease":"linear"},{"type":"paddles","angle":225,"paddle":1,"ease":"inBack","duration":1,"time":15,"newWidth":50},{"var":"vfx.songNameX","angle":337.5,"value":-100,"start":0,"type":"ease","duration":5,"time":5,"ease":"inSine"},{"type":"noise","angle":202.5,"chance":0.89999997615814,"time":15,"color":2},{"type":"paddles","angle":45,"paddle":1,"ease":"inBack","duration":0.5,"time":27,"newWidth":30},{"angle":135,"ease":"inOutSine","g":150,"b":82,"type":"setColor","color":0,"duration":0.5,"time":21,"r":172},{"angle":135,"ease":"inOutSine","g":0,"b":57,"type":"setColor","color":1,"duration":0.5,"time":21.5,"r":65},{"angle":270,"ease":"inOutSine","g":163,"b":186,"type":"setColor","color":0,"duration":0.5,"time":28,"r":63},{"angle":247.5,"ease":"inOutSine","g":22,"b":28,"type":"setColor","color":1,"duration":1,"time":28.5,"r":31},{"type":"noise","angle":157.5,"chance":0.5,"time":21.5,"color":2},{"type":"noise","angle":270,"chance":0.050000000745058,"time":28.5,"color":1},{"order":0,"angle":157.5,"b":0,"g":0,"type":"setColor","color":0,"time":-1,"r":0},{"type":"paddles","angle":247.5,"paddle":1,"ease":"outElastic","duration":0.5,"time":29,"newWidth":70},{"var":"scrollSpeed","angle":45,"value":1,"start":-0.10000000149012,"type":"ease","duration":2,"time":36,"ease":"inOutSine"},{"type":"noise","angle":112.5,"chance":0.55000001192093,"time":36,"color":2},{"angle":112.5,"ease":"inOutSine","g":0,"b":0,"type":"setColor","color":0,"duration":1,"time":35,"r":0},{"type":"paddles","angle":135,"paddle":1,"ease":"linear","duration":0,"time":36,"newWidth":360},{"type":"paddles","angle":90,"paddle":1,"ease":"outSine","duration":1,"time":37.5,"newWidth":70},{"angle":112.5,"ease":"linear","g":0,"b":0,"type":"setColor","color":2,"duration":1,"time":37.5,"r":0},{"b":255,"angle":135,"color":0,"type":"setColor","g":255,"duration":1,"time":37.5,"r":255},{"type":"noise","angle":157.5,"chance":0,"time":37.5,"color":0},{"var":"scrollSpeed","angle":255,"value":5,"start":2.5,"type":"ease","duration":1,"time":67.75,"ease":"inExpo"},{"angle":165,"ease":"linear","g":99,"b":99,"type":"setColor","color":0,"duration":4,"time":67.75,"r":99},{"type":"noise","angle":135,"chance":0.89999997615814,"time":67.75,"color":1},{"var":"scrollSpeed","type":"ease","angle":22.5,"value":2.5,"duration":7,"time":55.75,"start":1},{"b":0,"angle":135,"color":0,"type":"setColor","g":0,"duration":0.5,"time":71,"r":0},{"type":"hom","angle":180,"time":67.75,"enable":true},{"type":"noise","angle":213.75,"chance":0.40000000596046,"time":71,"color":4},{"b":255,"angle":281.25,"color":5,"type":"setColor","g":0,"duration":0,"time":71,"r":45},{"b":0,"angle":112.5,"color":1,"type":"setColor","g":0,"duration":1,"time":71,"r":255},{"var":"p.outlineColor","type":"ease","angle":191.25,"value":5,"time":71},{"var":"vfx.hwaves.strength","angle":146.25,"ease":"inOutSine","start":1,"value":-1,"type":"ease","repeats":57,"duration":0.65200001001358,"time":67.75,"repeatDelay":0.65217000246048},{"var":"vfx.hwaves.period","type":"ease","angle":112.5,"value":64,"time":67.75},{"var":"vfx.hwaves.offsetDelta","type":"ease","angle":101.25,"value":50,"time":67.75},{"var":"vfx.homCanvPos.r","angle":56.25,"value":2,"start":-2,"type":"ease","duration":6.5209999084473,"time":67.75,"ease":"inOutCirc"},{"var":"vfx.homCanvPos.sx","type":"ease","angle":360,"value":1.0099999904633,"time":67.75},{"var":"vfx.homCanvPos.sy","type":"ease","angle":348.75,"value":1.0099999904633,"time":67.75},{"var":"vfx.homCanvPos.r","type":"ease","angle":225,"value":0,"time":71},{"var":"vfx.tapPulsePeriod","type":"ease","angle":123.75,"value":9999,"time":67.75},{"var":"vfx.canvPos.r","angle":45,"value":-20,"start":0,"type":"ease","duration":0.5,"time":82.25,"ease":"outSine"},{"var":"vfx.canvPos.r","angle":270,"value":0,"start":-20,"type":"ease","duration":1,"time":82.75,"ease":"inExpo"},{"var":"vfx.homCanvPos.r","angle":67.5,"value":20,"start":0,"type":"ease","duration":0.5,"time":82.25,"ease":"linear"},{"var":"vfx.homCanvPos.r","type":"ease","angle":292.5,"ease":"inExpo","duration":1,"time":82.75,"value":0},{"var":"vfx.canvPos.sx","angle":90,"value":2,"start":1,"type":"ease","duration":0.5,"time":82.25,"ease":"outSine"},{"var":"vfx.canvPos.sy","angle":112.5,"value":2,"start":1,"type":"ease","duration":0.5,"time":82.25,"ease":"outSine"},{"var":"vfx.homCanvPos.sx","type":"ease","angle":135,"value":0.5,"start":1,"time":82.25},{"var":"vfx.homCanvPos.sy","type":"ease","angle":157.5,"value":0.5,"time":82.25},{"var":"vfx.canvPos.sx","angle":315,"value":1,"start":2,"type":"ease","duration":0.5,"time":82.75,"ease":"inExpo"},{"var":"vfx.canvPos.sy","angle":337.5,"value":1,"start":2,"type":"ease","duration":0.5,"time":82.75,"ease":"inExpo"},{"var":"vfx.homCanvPos.sx","angle":0,"value":1,"start":0.5,"type":"ease","duration":0.5,"time":82.75,"ease":"inExpo"},{"var":"vfx.homCanvPos.sy","angle":22.5,"value":1,"start":0.5,"type":"ease","duration":0.5,"time":82.75,"ease":"inExpo"},{"var":"scrollSpeed","type":"ease","angle":180,"ease":"inOutSine","duration":2,"time":82.25,"value":1},{"var":"scrollSpeed","type":"ease","angle":90,"value":4,"duration":1,"time":84},{"var":"scrollSpeed","angle":45,"value":0.5,"start":4,"type":"ease","duration":4,"time":102.25,"ease":"outSine"},{"type":"noise","angle":225,"chance":1,"time":103,"color":0},{"var":"scrollSpeed","type":"ease","angle":67.5,"ease":"outSine","duration":2,"time":106,"value":2},{"var":"vfx.bgNoise","type":"ease","angle":45,"value":0,"duration":1,"time":111,"start":1},{"type":"noise","angle":45,"chance":0.10000000149012,"time":112.25,"color":0},{"var":"vfx.hwaves.strength","type":"ease","angle":135,"value":0,"start":0,"time":111},{"angle":202.5,"ease":"outSine","g":255,"b":255,"type":"setColor","color":1,"duration":10,"time":103.5,"r":255},{"angle":225,"ease":"outSine","g":0,"b":0,"type":"setColor","color":5,"duration":10,"time":103.5,"r":0},{"type":"paddles","angle":67.5,"paddle":1,"ease":"inSine","duration":2,"time":108,"newWidth":360},{"var":"p.extend","angle":90,"value":30,"start":0,"type":"ease","duration":2,"time":108,"ease":"inSine"},{"var":"p.extend","angle":90,"value":0,"start":30,"type":"ease","duration":0.5,"time":111,"ease":"outBack"},{"type":"paddles","angle":67.5,"paddle":1,"ease":"linear","duration":0,"time":111,"newWidth":70},{"angle":112.5,"type":"setColor","b":255,"r":255,"g":255,"time":111,"color":5},{"angle":157.5,"type":"setColor","b":0,"r":53,"g":255,"time":111,"color":1},{"var":"scrollSpeed","angle":45,"value":3.5,"start":2,"type":"ease","duration":1,"time":142,"ease":"outSine"},{"var":"p.y","angle":67.5,"value":0,"start":180,"type":"ease","duration":7,"time":163,"ease":"inOutExpo"},{"var":"vfx.homCanvPos.sy","angle":22.5,"value":-1,"start":1,"type":"ease","duration":6,"time":163,"ease":"inOutExpo"},{"angle":0,"ease":"inOutExpo","g":255,"b":255,"type":"setColor","color":0,"duration":6,"time":163,"r":255},{"angle":337.5,"ease":"inOutExpo","g":0,"b":0,"type":"setColor","color":1,"duration":6,"time":163,"r":0},{"var":"scrollSpeed","angle":315,"value":2,"start":3.5,"type":"ease","duration":6,"time":163,"ease":"inOutExpo"},{"type":"noise","angle":292.5,"chance":0.0010000000474975,"time":163,"color":0},{"var":"vfx.bgNoise","type":"ease","angle":270,"value":0.60000002384186,"duration":27,"time":167,"start":0.0010000000474975},{"var":"scrollSpeed","type":"ease","angle":135,"value":4,"duration":10,"time":183,"start":2},{"var":"p.y","angle":112.5,"value":180,"start":0,"type":"ease","duration":4,"time":195,"ease":"inOutExpo"},{"b":0,"angle":225,"color":0,"type":"setColor","g":0,"duration":20,"time":167,"r":0},{"b":255,"angle":315,"color":1,"type":"setColor","g":255,"duration":20,"time":167,"r":255},{"var":"vfx.homCanvPos.sx","angle":270,"value":-1,"start":1,"type":"ease","duration":6,"time":163,"ease":"inOutExpo"},{"type":"paddles","angle":67.5,"paddle":1,"ease":"linear","duration":0,"time":198,"newWidth":65},{"var":"vfx.hwaves.strength","angle":202.5,"ease":"inOutElastic","start":-2,"value":2,"type":"ease","repeats":10,"duration":0.65200001001358,"time":198.75,"repeatDelay":0.65200001001358},{"var":"vfx.hwaves.period","angle":225,"ease":"inOutQuad","start":10,"value":-10,"type":"ease","repeats":50,"duration":0.65200001001358,"time":198.75,"repeatDelay":0.62000000476837},{"angle":247.5,"ease":"outSine","g":48,"b":48,"type":"setColor","color":5,"duration":1,"time":198.75,"r":48},{"b":255,"angle":270,"color":1,"type":"setColor","g":94,"duration":1,"time":198.75,"r":46},{"type":"noise","angle":292.5,"chance":0.30000001192093,"time":198.75,"color":0},{"var":"vfx.homCanvPos.sx","type":"ease","angle":337.5,"value":1.1000000238419,"start":1,"time":198.75},{"var":"vfx.homCanvPos.sy","type":"ease","angle":315,"value":0.99000000953674,"start":1,"time":198.75},{"type":"paddles","angle":225,"paddle":2,"ease":"linear","duration":1,"time":205.75,"newAngle":0},{"type":"paddles","angle":247.5,"paddle":2,"ease":"linear","duration":0,"time":206.75,"enabled":false},{"var":"scrollSpeed","type":"ease","angle":360,"value":4,"duration":1,"time":213.75,"start":3.5},{"b":0,"angle":45,"color":1,"type":"setColor","g":0,"duration":1,"time":214.75,"r":255},{"var":"scrollSpeed","angle":22.5,"value":1,"start":5,"type":"ease","duration":1,"time":229.75,"ease":"inExpo"},{"b":255,"angle":337.5,"color":1,"type":"setColor","g":255,"duration":1,"time":229.75,"r":255},{"b":39,"angle":315,"color":5,"type":"setColor","g":185,"duration":1,"time":229.75,"r":73},{"var":"vfx.hwaves.strength","type":"ease","angle":22.5,"value":0,"duration":63,"time":230.75,"start":40},{"var":"vfx.hwaves.period","angle":45,"value":1,"start":1000,"type":"ease","duration":62,"time":230.75,"ease":"inBack"},{"angle":67.5,"type":"setColor","b":0,"r":0,"g":0,"time":230.5,"color":1},{"angle":67.5,"type":"setColor","b":87,"r":51,"g":216,"time":231,"color":5},{"angle":90,"type":"setColor","b":0,"r":0,"g":0,"time":230.5,"color":5},{"angle":90,"type":"setColor","b":255,"r":255,"g":255,"time":231,"color":1},{"type":"noise","angle":292.5,"chance":0.10000000149012,"time":230.75,"color":0},{"type":"paddles","angle":22.5,"paddle":1,"ease":"outExpo","duration":1,"time":245.75,"newWidth":35},{"var":"scrollSpeed","angle":180,"value":1.5,"start":10,"type":"ease","duration":1,"time":262.5,"ease":"outExpo"},{"var":"scrollSpeed","type":"ease","angle":202.5,"ease":"outBack","duration":2,"time":260,"value":2.5},{"type":"paddles","angle":292.5,"paddle":1,"ease":"inExpo","duration":1,"time":267,"newWidth":90},{"angle":315,"enabled":true,"newAngle":180,"duration":1,"type":"paddles","ease":"inOutSine","paddle":2,"time":267,"newWidth":35},{"angle":135,"ease":"outExpo","duration":1,"type":"paddles","paddle":2,"newAngle":360,"time":278.25,"newWidth":70},{"type":"paddles","angle":135,"duration":0,"ease":"linear","paddle":2,"time":279.25,"enabled":false},{"type":"paddles","angle":112.5,"paddle":1,"ease":"outExpo","duration":1,"time":278.25,"newWidth":70},{"var":"scrollSpeed","type":"ease","angle":157.5,"value":3,"time":278.5},{"var":"scrollSpeed","type":"ease","angle":90,"ease":"inSine","duration":5,"time":286,"value":5},{"var":"scrollSpeed","type":"ease","angle":135,"ease":"inSine","duration":0.5,"time":292.5,"value":4},{"var":"vfx.homCanvPos.r","type":"ease","angle":112.5,"ease":"inSine","duration":1.25,"time":290.5,"value":3},{"type":"noise","angle":135,"chance":0.60000002384186,"time":290.5,"color":0},{"var":"vfx.homCanvPos.sx","type":"ease","angle":157.5,"value":1,"time":290.5},{"b":255,"angle":180,"color":1,"type":"setColor","g":146,"duration":1.25,"time":290.5,"r":154},{"b":255,"angle":202.5,"color":5,"type":"setColor","g":0,"duration":1.25,"time":290.5,"r":151},{"b":0,"angle":247.5,"color":3,"type":"setColor","g":0,"duration":0,"time":290.5,"r":0},{"type":"deco","angle":135,"id":"blackhole","drawLayer":"bg","sx":0.30000001192093,"sy":0.30000001192093,"ox":256,"oy":256,"time":290.67855834961,"sprite":"blackhole.png"},{"b":255,"angle":270,"color":6,"type":"setColor","g":0,"duration":2,"time":290.5,"r":168},{"b":171,"angle":292.5,"color":7,"type":"setColor","g":0,"duration":0.5,"time":290.5,"r":89},{"type":"deco","angle":112.5,"id":"blackhole","duration":100,"time":290.75,"r":-288000},{"b":50,"angle":180,"color":1,"type":"setColor","g":50,"duration":0.10000000149012,"time":334.75,"r":255},{"b":0,"angle":202.5,"color":1,"type":"setColor","g":0,"duration":10,"time":342.25,"r":0},{"var":"scrollSpeed","type":"ease","angle":135,"value":1,"duration":10,"time":341.25,"start":3.5},{"angle":135,"ease":"inSine","g":0,"b":0,"type":"setColor","color":5,"duration":1,"time":350.75,"r":0},{"var":"p.extend","type":"ease","angle":157.5,"ease":"inBack","duration":1,"time":350.75,"value":-30},{"b":0,"angle":157.5,"color":6,"type":"setColor","g":0,"duration":2,"time":351.25,"r":0},{"b":0,"angle":180,"color":7,"type":"setColor","g":0,"duration":4,"time":351.25,"r":0},{"type":"showResults","time":363,"angle":45},{"x":780,"y":10,"id":"tfp","sprite":"tfp.png","type":"deco","ox":179,"oy":4,"time":352,"angle":0},{"angle":22.5,"type":"setColor","b":0,"r":46,"g":255,"time":352,"color":4},{"var":"vfx.homCanvPos.r","type":"ease","angle":45,"value":0,"duration":1,"time":352},{"type":"deco","angle":0,"id":"tfp","time":352.25,"x":770},{"type":"deco","angle":0,"id":"tfp","time":352.5,"x":760},{"type":"deco","angle":0,"id":"tfp","time":352.75,"x":750},{"type":"deco","angle":0,"id":"tfp","time":353,"x":740},{"type":"deco","angle":0,"id":"tfp","time":353.25,"x":730},{"type":"deco","angle":0,"id":"tfp","time":353.5,"x":720},{"type":"deco","angle":360,"id":"tfp","time":353.75,"x":710},{"type":"deco","angle":0,"id":"tfp","time":354,"x":700},{"type":"deco","angle":0,"id":"tfp","time":354.25,"x":690},{"type":"deco","angle":360,"id":"tfp","time":354.5,"x":680},{"type":"deco","angle":0,"id":"tfp","time":354.75,"x":670},{"type":"deco","angle":0,"id":"tfp","time":355,"x":650},{"type":"deco","angle":0,"id":"tfp","time":355.25,"x":640},{"type":"deco","angle":0,"id":"tfp","time":355.5,"x":630},{"type":"deco","angle":0,"id":"tfp","time":355.75,"x":620},{"type":"deco","angle":360,"id":"tfp","time":356,"x":610},{"type":"deco","angle":0,"id":"tfp","time":356.25,"x":600},{"b":0,"angle":22.5,"color":4,"type":"setColor","g":0,"duration":5,"time":356.25,"r":0},{"var":"vfx.bgNoise","type":"ease","angle":67.5,"ease":"outExpo","duration":8,"time":352,"value":0},{"ox":9.5,"x":300,"angle":45,"id":"arrow","y":300,"sprite":"arrow.png","type":"deco","oy":24,"drawOrder":1,"time":325,"drawLayer":"fg"},{"angle":337.5,"type":"setColor","b":255,"r":255,"g":255,"time":324.5,"color":4},{"order":1,"angle":67.5,"id":"arrow","ease":"inOutSine","type":"deco","duration":1,"time":325,"y":240},{"type":"deco","angle":90,"id":"arrow","ease":"inSine","duration":2,"time":326,"y":400},{"angle":67.5,"type":"setColor","b":0,"r":255,"g":0,"time":360,"color":4},{"x":600,"drawLayer":"fg","id":"gg","sprite":"gg.png","sx":1,"sy":1,"y":350,"type":"deco","time":352,"angle":90},{"type":"deco","angle":90,"id":"gg","ease":"inOutExpo","duration":6,"time":353,"x":-20},{"var":"vfx.drawUI","type":"setBoolean","angle":202.5,"time":350.75,"enable":false}],"metadata":{"bg":true,"artistLink":"https://creo.bandcamp.com/","songName":"In Circles","description":"My first chart. Have fun!\n\nMechanics used: Bombs, Inverses, Sides","difficulty":8,"charter":"XenoBeam","artist":"Creo","bgData":{"cyanChannel":{"g":136,"b":117,"r":183},"image":"bg.png","redChannel":{"g":126,"b":113,"r":207},"blueChannel":{"g":202,"b":179,"r":2355},"greenChannel":{"g":174,"b":154,"r":217},"yellowChannel":{"g":156,"b":149,"r":182},"magentaChannel":{"g":121,"b":98,"r":180}}},"properties":{"speed":70,"formatversion":13,"startBeat":0,"offset":2,"loadBeat":-0.5}}