[{"time":2,"type":"block","angle":0},{"tap":true,"type":"block","angle":90,"time":3},{"time":4,"type":"block","angle":0},{"tap":true,"type":"block","angle":90,"time":5},{"time":6,"type":"block","angle":0},{"tap":true,"type":"block","angle":90,"time":7},{"time":8,"type":"block","angle":360},{"type":"hold","angle":371.25,"duration":1,"time":8,"angle2":337.5},{"type":"hold","angle":-22.5,"duration":1,"time":9,"angle2":0},{"time":11,"type":"block","angle":22.5},{"tap":true,"type":"block","angle":33.75,"time":11.5},{"time":13,"type":"block","angle":56.25},{"tap":true,"type":"block","angle":78.75,"time":13.5},{"time":15,"type":"inverse","angle":33.75},{"time":15.5,"type":"inverse","angle":45},{"time":16,"type":"block","angle":78.75},{"time":16.5,"type":"inverse","angle":101.25},{"time":17,"type":"inverse","angle":123.75},{"time":17.5,"type":"inverse","angle":146.25},{"time":18,"type":"inverse","angle":112.5},{"time":18.5,"type":"inverse","angle":90},{"endTap":true,"type":"hold","angle":90,"duration":1.5,"time":19.5,"angle2":90},{"type":"hold","angle":90,"duration":1,"time":22,"angle2":180},{"time":24,"type":"block","angle":135},{"time":24.5,"type":"block","angle":225},{"time":25,"type":"block","angle":135},{"time":25.5,"type":"block","angle":225},{"time":26,"type":"block","angle":135},{"type":"hold","angle":180,"duration":2,"time":24,"angle2":180},{"type":"hold","angle":225,"duration":0.5,"time":27,"angle2":135},{"segments":5,"type":"hold","angle2":810,"duration":0,"time":29,"angle":90},{"segments":5,"type":"hold","angle2":855,"duration":0,"time":29.5,"angle":135},{"endTap":true,"segments":2,"type":"hold","angle":135,"duration":0.5,"time":31,"angle2":202.5},{"time":32.25,"type":"block","angle":157.5},{"time":32.75,"type":"block","angle":202.5},{"time":33.75,"type":"block","angle":157.5},{"time":33.25,"type":"block","angle":180},{"time":34.25,"type":"block","angle":180},{"time":34.75,"type":"block","angle":202.5},{"tap":true,"type":"block","angle":213.75,"time":35.25},{"type":"hold","angle":202.5,"duration":1.5,"time":35.25,"angle2":270},{"endTap":true,"type":"hold","angle":258.75,"duration":1,"time":38,"angle2":236.25},{"type":"hold","angle":270,"duration":1,"time":40,"angle2":360},{"type":"hold","angle2":90,"duration":2,"time":40,"order":-1,"angle":-90},{"time":42.75,"type":"block","angle":101.25},{"tap":true,"type":"block","angle":123.75,"time":43.25},{"time":44.75,"type":"block","angle":146.25},{"tap":true,"type":"block","angle":168.75,"time":45.25},{"time":46.75,"type":"block","angle":191.25},{"time":47.25,"type":"block","angle":213.75},{"time":47.5,"type":"block","angle":180},{"time":48,"type":"block","angle":135},{"time":48.5,"type":"block","angle":157.5},{"time":49,"type":"block","angle":202.5},{"time":49.5,"type":"block","angle":135},{"time":51.25,"type":"block","angle":157.5},{"time":50.75,"type":"block","angle":180},{"time":54,"type":"block","angle":247.5},{"time":55,"type":"block","angle":303.75},{"time":56,"type":"block","angle":180},{"type":"hold","angle":168.75,"duration":2,"time":56,"angle2":191.25},{"type":"hold","angle":191.25,"duration":2,"time":56,"angle2":168.75},{"time":58.75,"type":"block","angle":213.75},{"time":58,"type":"block","angle":180},{"type":"hold","angle":191.25,"duration":1.5,"time":59.25,"angle2":135},{"type":"hold","angle":135,"duration":0.5,"time":60.75,"angle2":146.25},{"type":"hold","angle":146.25,"duration":1.5,"time":61.25,"angle2":22.5},{"type":"hold","angle":22.5,"duration":0.5,"time":62.75,"angle2":56.25},{"time":63.75,"type":"block","angle":78.75},{"time":64.25,"type":"block","angle":78.75},{"time":64.75,"type":"block","angle":67.5},{"time":65.25,"type":"block","angle":67.5},{"time":65.75,"type":"block","angle":45},{"time":65.75,"type":"extraTap","angle":45},{"time":65.75,"type":"inverse","angle":45},{"type":"hold","angle":90,"duration":0.25,"time":67,"angle2":0},{"time":68.75,"type":"block","angle":360},{"tap":true,"type":"block","angle":0,"time":69.75},{"time":70.75,"type":"block","angle":90},{"time":71.75,"type":"block","angle":180},{"time":72.25,"type":"block","angle":202.5},{"time":72.75,"type":"block","angle":225},{"time":73.25,"type":"block","angle":247.5},{"time":73.75,"type":"extraTap","angle":281.25},{"time":73.75,"type":"block","angle":270},{"time":74.75,"type":"block","angle":270},{"tap":true,"type":"block","angle":247.5,"time":75.25},{"time":76.75,"type":"block","angle":225},{"tap":true,"type":"block","angle":213.75,"time":77.25},{"time":78.75,"type":"block","angle":202.5},{"time":79,"type":"block","angle":191.25},{"time":79.5,"type":"block","angle":168.75},{"time":80,"type":"block","angle":146.25},{"time":80.5,"type":"block","angle":123.75},{"time":81,"type":"block","angle":135},{"time":81.5,"type":"block","angle":157.5},{"time":82,"type":"block","angle":168.75},{"time":82.5,"type":"block","angle":168.75},{"type":"hold","angle":168.75,"duration":1.5,"time":83,"angle2":191.25},{"type":"hold","angle":191.25,"duration":1.5,"time":83,"angle2":168.75},{"type":"hold","angle":168.75,"duration":1,"time":84.5,"angle2":213.75},{"type":"hold","angle":191.25,"duration":1,"time":84.5,"angle2":225},{"type":"hold","angle":213.75,"duration":1,"time":85.5,"angle2":157.5},{"type":"hold","angle":225,"duration":1,"time":85.5,"angle2":168.75},{"type":"hold","angle":168.75,"duration":1,"time":86.5,"angle2":213.75},{"type":"hold","angle":157.5,"duration":1,"time":86.5,"angle2":225},{"time":88,"type":"block","angle":225},{"time":88.5,"type":"block","angle":236.25},{"time":89,"type":"block","angle":247.5},{"tap":true,"type":"block","angle":225,"time":89.5},{"time":90.5,"type":"block","angle":213.75},{"tap":true,"type":"block","angle":202.5,"time":91},{"time":92.5,"type":"block","angle":191.25},{"tap":true,"type":"block","angle":180,"time":93},{"time":94.5,"type":"block","angle":146.25},{"tap":true,"type":"block","angle":123.75,"time":95},{"time":96,"type":"block","angle":90},{"time":96.5,"type":"block","angle":67.5},{"time":97,"type":"block","angle":45},{"time":97.5,"type":"block","angle":33.75},{"time":98,"type":"block","angle":22.5},{"time":98.5,"type":"block","angle":0},{"tap":true,"type":"block","angle":33.75,"time":100.5},{"type":"hold","angle":11.25,"duration":2,"time":98.5,"angle2":45},{"type":"hold","angle":33.75,"duration":1,"time":101.5,"angle2":11.25},{"type":"hold","angle":11.25,"duration":1,"time":102.5,"angle2":45},{"type":"hold","angle":45,"duration":1,"time":103.5,"angle2":0},{"time":104,"type":"block","angle":22.5},{"time":106.5,"type":"block","angle":348.75},{"tap":true,"type":"block","angle":11.25,"time":107},{"time":108.5,"type":"block","angle":348.75},{"tap":true,"type":"block","angle":33.75,"time":109},{"time":110.5,"type":"block","angle":348.75},{"time":111,"type":"block","angle":11.25},{"time":112,"type":"block","angle":90},{"time":112.5,"type":"block","angle":101.25},{"time":113,"type":"block","angle":78.75},{"time":111.5,"type":"block","angle":56.25},{"tap":true,"type":"block","angle":56.25,"time":113.5},{"time":113.5,"type":"inverse","angle":33.75},{"tap":true,"type":"block","angle":33.75,"time":115},{"time":114.5,"type":"block","angle":56.25},{"tap":true,"type":"block","angle":180,"time":1},{"type":"hold","angle":22.5,"duration":1.5,"time":115,"angle2":45},{"type":"hold","angle2":0,"duration":1,"time":116.5,"angle":45,"startTap":true},{"type":"hold","angle":0,"duration":1,"time":117.5,"angle2":45},{"type":"hold","angle":45,"duration":1,"time":118.5,"angle2":-22.5},{"type":"hold","angle":337.5,"duration":1,"time":119.5,"angle2":22.5},{"time":120,"type":"block","angle":180},{"time":120.5,"type":"block","angle":33.75},{"type":"hold","angle":22.5,"duration":1,"time":120.5,"angle2":78.75},{"type":"hold","angle":78.75,"duration":1,"time":121.5,"angle2":11.25},{"type":"hold","angle":11.25,"duration":0.5,"time":122.5,"angle2":45},{"time":123,"type":"extraTap","angle":0},{"type":"hold","angle":45,"duration":1.5,"time":123,"angle2":236.25},{"type":"hold","angle":236.25,"duration":0.5,"time":124.5,"angle2":213.75},{"type":"hold","angle":213.75,"duration":1.5,"time":125,"angle2":236.25},{"time":124.5,"type":"inverse","angle":247.5},{"time":124.5,"type":"inverse","angle":225},{"time":125,"type":"inverse","angle":225},{"time":125,"type":"inverse","angle":202.5},{"time":123,"type":"inverse","angle":56.25},{"time":123,"type":"inverse","angle":33.75},{"time":126.5,"type":"block","angle":236.25},{"time":127,"type":"block","angle":213.75},{"time":128.5,"type":"block","angle":180},{"time":129,"type":"block","angle":202.5},{"time":128,"type":"block","angle":168.75},{"time":127.5,"type":"block","angle":180},{"time":129.5,"type":"block","angle":180},{"time":130,"type":"block","angle":157.5},{"time":130.5,"type":"block","angle":180},{"type":"hold","angle":180,"duration":1.5,"time":131,"angle2":180},{"time":133.5,"type":"block","angle":213.75},{"time":134.5,"type":"block","angle":180},{"time":135.5,"type":"block","angle":123.75},{"time":136,"type":"block","angle":135},{"time":136.5,"type":"block","angle":146.25},{"time":137,"type":"block","angle":157.5},{"time":137.5,"type":"block","angle":168.75},{"type":"hold","angle":123.75,"duration":2,"time":135.5,"angle2":168.75},{"type":"hold","angle":180,"duration":0.5,"time":138.5,"angle2":213.75},{"time":140.5,"type":"block","angle":202.5},{"time":141,"type":"block","angle":180},{"time":143,"type":"block","angle":168.75},{"time":142.5,"type":"block","angle":146.25},{"time":144,"type":"block","angle":191.25},{"time":144.5,"type":"block","angle":202.5},{"time":145,"type":"block","angle":213.75},{"time":145.5,"type":"block","angle":225},{"time":146,"type":"block","angle":247.5},{"time":146.5,"type":"block","angle":258.75},{"time":147,"type":"block","angle":258.75},{"type":"hold","angle":247.5,"duration":1.5,"time":147,"angle2":270},{"type":"hold","angle":270,"duration":1.5,"time":147,"angle2":247.5},{"time":149.5,"type":"block","angle":281.25},{"time":150.5,"type":"block","angle":303.75},{"time":151.5,"type":"block","angle":326.25},{"time":8,"type":"mine","angle":326.25},{"time":8,"type":"mine","angle":45},{"type":"hold","angle":0,"duration":1.5,"time":99,"angle2":56.25},{"type":"hold","angle":33.75,"duration":1.5,"time":99,"angle2":33.75},{"type":"hold","angle":337.5,"duration":2,"time":151.5,"angle2":315},{"type":"hold","angle":315,"duration":2,"time":151.5,"angle2":337.5},{"tap":true,"type":"block","angle":326.25,"time":152.25},{"time":154.5,"type":"inverse","angle":326.25},{"tap":true,"type":"block","angle":360,"time":155},{"tap":true,"type":"block","angle":0,"time":157},{"time":156.5,"type":"block","angle":326.25},{"time":158.25,"type":"block","angle":33.75},{"tap":true,"type":"block","angle":11.25,"time":158.75},{"time":159.25,"type":"block","angle":56.25},{"time":159.75,"type":"block","angle":78.75},{"time":160.25,"type":"block","angle":56.25},{"time":160.75,"type":"block","angle":22.5},{"time":161.25,"type":"block","angle":0},{"time":161.75,"type":"block","angle":337.5},{"time":162.25,"type":"block","angle":11.25},{"time":162.75,"type":"block","angle":11.25},{"type":"hold","angle":0,"duration":1.5,"time":162.75,"angle2":22.5},{"type":"hold","angle":22.5,"duration":1.5,"time":162.75,"angle2":0},{"time":164.25,"type":"block","angle":11.25},{"time":165.5,"type":"block","angle":360},{"time":166.5,"type":"block","angle":33.75},{"time":167.25,"type":"block","angle":337.5},{"time":167.75,"type":"block","angle":0},{"time":168.25,"type":"block","angle":22.5},{"time":168.75,"type":"block","angle":360},{"time":169.25,"type":"block","angle":337.5},{"time":170.25,"type":"block","angle":0},{"tap":true,"type":"block","angle":22.5,"time":170.75},{"time":172.25,"type":"block","angle":45},{"tap":true,"type":"block","angle":67.5,"time":172.75},{"time":174.25,"type":"block","angle":101.25},{"tap":true,"type":"block","angle":123.75,"time":174.75},{"time":175.25,"type":"block","angle":157.5},{"time":175.75,"type":"block","angle":180},{"time":176.25,"type":"block","angle":191.25},{"time":176.75,"type":"block","angle":213.75},{"time":177.25,"type":"block","angle":236.25},{"type":"hold","angle":236.25,"duration":0.5,"time":178.25,"angle2":258.75},{"type":"hold","angle":225,"duration":0.5,"time":178.25,"angle2":270},{"type":"hold","angle":258.75,"duration":1.5,"time":178.75,"angle2":270},{"type":"hold","angle":270,"duration":1.5,"time":178.75,"angle2":258.75},{"time":181.25,"type":"block","angle":247.5},{"time":182.25,"type":"block","angle":225},{"time":183.25,"type":"block","angle":202.5},{"type":"hold","angle":213.75,"duration":2,"time":183.25,"angle2":191.25},{"type":"hold","angle":191.25,"duration":2,"time":183.25,"angle2":213.75},{"type":"hold","angle":191.25,"duration":1,"time":185.25,"angle2":258.75},{"type":"hold","angle":213.75,"duration":1,"time":185.25,"angle2":247.5},{"tap":true,"type":"block","angle":270,"time":186.75},{"time":188.25,"type":"block","angle":315},{"tap":true,"type":"block","angle":292.5,"time":188.75},{"time":190.25,"type":"block","angle":326.25},{"tap":true,"type":"block","angle":292.5,"time":190.75},{"time":191.25,"type":"block","angle":315},{"time":191.75,"type":"block","angle":326.25},{"time":192.25,"type":"block","angle":337.5},{"time":192.75,"type":"block","angle":348.75},{"time":193.25,"type":"block","angle":0},{"type":"hold","angle":-11.25,"duration":1,"time":193.25,"angle2":11.25},{"type":"hold","angle":371.25,"duration":1,"time":193.25,"angle2":348.75},{"type":"hold","angle":371.25,"duration":1.5,"time":194.75,"angle2":348.75},{"type":"hold","angle":-11.25,"duration":1.5,"time":194.75,"angle2":11.25},{"time":197.25,"type":"block","angle":360},{"time":198.25,"type":"inverse","angle":33.75},{"time":199.25,"type":"block","angle":56.25},{"type":"hold","angle":67.5,"duration":2,"time":199.25,"angle2":45},{"type":"hold","angle":45,"duration":2,"time":199.25,"angle2":67.5},{"time":202.25,"type":"block","angle":67.5},{"time":202.75,"type":"block","angle":123.75},{"time":204.25,"type":"block","angle":112.5},{"time":204.75,"type":"block","angle":191.25},{"time":206.25,"type":"block","angle":202.5},{"time":206.75,"type":"block","angle":315},{"time":207.5,"type":"block","angle":348.75},{"time":208,"type":"block","angle":33.75},{"time":208.5,"type":"block","angle":22.5},{"time":209,"type":"block","angle":11.25},{"type":"hold","angle":22.5,"duration":1.5,"time":209,"angle2":0},{"type":"hold","angle":0,"duration":1.5,"time":209,"angle2":22.5},{"time":209.75,"type":"block","angle":11.25},{"tap":true,"type":"block","angle":11.25,"time":210.5},{"time":212.25,"type":"block","angle":11.25},{"time":213.25,"type":"block","angle":33.75},{"time":214.25,"type":"block","angle":101.25},{"endTap":true,"type":"hold","angle":135,"duration":1,"time":215.25,"angle2":0},{"time":217.25,"type":"block","angle":33.75},{"time":218.25,"type":"block","angle":101.25},{"time":218.75,"type":"block","angle":0},{"type":"hold","angle":371.25,"duration":1.5,"time":218.75,"angle2":348.75},{"type":"hold","angle":-11.25,"duration":1.5,"time":218.75,"angle2":11.25},{"tap":true,"type":"block","angle":33.75,"time":220.75},{"time":220.25,"type":"block","angle":360},{"time":222,"type":"block","angle":67.5},{"tap":true,"type":"block","angle":56.25,"time":222.5},{"time":223,"type":"block","angle":33.75},{"time":223.5,"type":"block","angle":56.25},{"time":224,"type":"block","angle":67.5},{"time":224.5,"type":"block","angle":78.75},{"type":"hold","angle":56.25,"duration":1.5,"time":225,"angle2":56.25},{"type":"hold","angle":56.25,"duration":1.5,"time":226.5,"angle2":22.5},{"time":229.25,"type":"block","angle":45},{"time":230.25,"type":"block","angle":56.25},{"time":231.5,"type":"block","angle":67.5},{"time":232,"type":"block","angle":78.75},{"time":232.5,"type":"block","angle":56.25},{"type":"hold","angle":45,"duration":1,"time":233,"angle2":45},{"time":234,"type":"block","angle":33.75},{"time":234,"type":"block","angle":56.25},{"tap":true,"type":"block","angle":78.75,"time":234.5},{"time":231,"type":"block","angle":45},{"time":236,"type":"block","angle":56.25},{"tap":true,"type":"block","angle":45,"time":236.5},{"time":238,"type":"block","angle":56.25},{"tap":true,"type":"block","angle":78.75,"time":238.5},{"time":239,"type":"block","angle":56.25},{"time":239.5,"type":"block","angle":78.75},{"time":240,"type":"block","angle":112.5},{"time":240.5,"type":"block","angle":135},{"time":241,"type":"block","angle":157.5},{"time":242,"type":"inverse","angle":180},{"time":242.5,"type":"inverse","angle":202.5},{"type":"hold","angle":191.25,"duration":1.5,"time":242.5,"angle2":213.75},{"type":"hold","angle":213.75,"duration":1.5,"time":242.5,"angle2":191.25},{"time":245,"type":"block","angle":202.5},{"time":246,"type":"block","angle":168.75},{"time":247,"type":"block","angle":270},{"time":247.5,"type":"block","angle":247.5},{"time":248,"type":"block","angle":292.5},{"time":248.5,"type":"block","angle":315},{"time":249,"type":"block","angle":0},{"time":250,"type":"block","angle":22.5},{"tap":true,"type":"block","angle":45,"time":250.5},{"time":252,"type":"block","angle":348.75},{"tap":true,"type":"block","angle":11.25,"time":252.5},{"time":254,"type":"block","angle":303.75},{"tap":true,"type":"block","angle":326.25,"time":254.5},{"time":255,"type":"block","angle":11.25},{"time":255.5,"type":"block","angle":45},{"time":256,"type":"block","angle":22.5},{"tap":true,"type":"block","angle":360,"time":256.5},{"time":257,"type":"block","angle":33.75},{"time":258,"type":"block","angle":45},{"tap":true,"type":"block","angle":67.5,"time":258.5},{"type":"hold","angle":56.25,"duration":1.5,"time":258.5,"angle2":67.5},{"type":"hold","angle":78.75,"duration":1.5,"time":258.5,"angle2":67.5},{"time":261,"type":"block","angle":56.25},{"time":263,"type":"block","angle":33.75},{"time":263.5,"type":"block","angle":101.25},{"time":264,"type":"block","angle":11.25},{"time":264.5,"type":"block","angle":67.5},{"time":265,"type":"block","angle":348.75},{"time":265.75,"type":"block","angle":11.25},{"tap":true,"type":"block","angle":33.75,"time":266.25},{"time":267.75,"type":"block","angle":45},{"tap":true,"type":"block","angle":22.5,"time":268.25},{"time":269.75,"type":"block","angle":45},{"tap":true,"type":"block","angle":56.25,"time":270.25},{"time":270.75,"type":"block","angle":45},{"time":271.25,"type":"block","angle":67.5},{"time":271.75,"type":"block","angle":112.5},{"time":272.25,"type":"block","angle":33.75},{"time":272.75,"type":"block","angle":337.5},{"time":273.75,"type":"block","angle":22.5},{"tap":true,"type":"block","angle":56.25,"time":274.25},{"type":"hold","angle":56.25,"duration":1.5,"time":274.25,"angle2":45},{"type":"hold","angle":56.25,"duration":1.5,"time":274.25,"angle2":67.5},{"time":276.75,"type":"block","angle":67.5},{"time":277.75,"type":"block","angle":11.25},{"time":278.75,"type":"block","angle":101.25},{"time":279.25,"type":"block","angle":123.75},{"time":279.75,"type":"block","angle":146.25},{"time":280.75,"type":"block","angle":168.75},{"time":282,"type":"block","angle":146.25},{"tap":true,"type":"block","angle":168.75,"time":282.5},{"time":283.75,"type":"block","angle":270},{"tap":true,"type":"block","angle":180,"time":284.25},{"time":285.75,"type":"block","angle":90},{"tap":true,"type":"block","angle":180,"time":286.25},{"time":286.75,"type":"block","angle":202.5},{"time":287.25,"type":"block","angle":225},{"time":287.75,"type":"block","angle":247.5},{"time":288.25,"type":"block","angle":258.75},{"time":288.75,"type":"block","angle":281.25},{"time":289.75,"type":"block","angle":281.25},{"tap":true,"type":"block","angle":258.75,"time":290.25},{"type":"hold","angle":247.5,"duration":1.5,"time":290.25,"angle2":146.25},{"type":"hold","angle":270,"duration":1.5,"time":290.25,"angle2":157.5},{"time":292.75,"type":"block","angle":112.5},{"time":293.75,"type":"block","angle":78.75},{"time":294.75,"type":"block","angle":180},{"time":295.25,"type":"block","angle":180},{"time":295.75,"type":"block","angle":202.5},{"time":296.25,"type":"block","angle":236.25},{"time":296.75,"type":"side","angle":270},{"type":"hold","angle":348.75,"duration":3,"time":298.5,"angle2":11.25},{"type":"hold","angle":337.5,"duration":3,"time":298.5,"angle2":22.5},{"type":"hold","angle":326.25,"duration":3,"time":298.5,"angle2":22.5},{"time":301.75,"type":"block","angle":360},{"time":302.25,"type":"block","angle":337.5},{"type":"hold","angle":686.25,"duration":3,"time":302.75,"angle2":11.25},{"time":280.25,"type":"side","angle":157.5},{"time":262,"type":"side","angle":101.25}]