{"properties":{"offset":8,"formatversion":13,"loadBeat":-1,"speed":70},"metadata":{"description":"cruelity squad\n-------------------------------\n\nAstro: This is my testing thing idk why I\ngave it a name\n\nPurpz: i did the vfx :3 and also uh. watch GRAVITY FALLS.","bgData":{"redChannel":{"r":115,"g":31,"b":122},"blueChannel":{"r":158,"g":32,"b":131},"greenChannel":{"r":182,"g":63,"b":131},"yellowChannel":{"r":107,"g":155,"b":207},"magentaChannel":{"r":255,"g":255,"b":255},"image":"pyrotv-ssbg.png","cyanChannel":{"r":0,"g":0,"b":0}},"artist":"Lucideds","charter":"astrob4t + ImPurplez_ [_IPz]","artistLink":"","bg":true,"difficulty":5,"songName":"pyrocynical outro - none basically"},"events":[{"offset":0.20000000298023,"type":"play","angle":0,"time":1,"volume":1,"file":"pyrocynical outro.ogg","bpm":93},{"angle":303.75,"type":"setColor","b":54,"color":0,"time":-1,"g":2,"r":20},{"ox":42,"oy":42,"time":-1,"rotationinfluence":-0.25,"type":"deco","x":0,"y":0,"angle":135,"id":"crankyout.png","sprite":"customBodyout.png","parentid":"@player"},{"ox":42,"oy":42,"time":-1,"parentid":"@player","rotationinfluence":1,"x":0,"y":0,"angle":45,"id":"Crank that cranky boy","sprite":"customBody.png","type":"deco"},{"paddle":1,"ease":"linear","type":"paddles","angle":360,"duration":0.5,"time":7.5,"newWidth":50},{"paddle":1,"ease":"linear","type":"paddles","angle":0,"duration":0.75,"time":8.25,"newWidth":70},{"start":1,"time":302.75,"ease":"linear","type":"ease","value":15,"duration":5,"angle":337.5,"var":"scrollSpeed"},{"time":306,"type":"showResults","angle":0},{"type":"deco","angle":348.75,"id":"Crank that cranky boy","time":302.75,"hide":true},{"angle":281.25,"type":"setColor","b":255,"color":1,"time":-1,"g":0,"r":140},{"sx":0.125,"sy":0.17499999701977,"time":296.75,"x":64,"y":0.75,"angle":315,"id":"3","type":"deco","sprite":"3.png"},{"sx":0.125,"sy":0.15000000596046,"time":280.25,"x":64,"y":0.75,"angle":135,"id":"2","type":"deco","sprite":"2.png"},{"sx":0.125,"sy":0.15000000596046,"time":262,"x":64,"y":0.75,"angle":78.75,"id":"1","type":"deco","sprite":"1.png"},{"type":"deco","angle":56.25,"id":"0","time":262,"hide":true},{"angle":292.5,"type":"setColor","b":122,"color":2,"time":-1,"g":31,"r":115},{"angle":315,"type":"setColor","b":131,"color":3,"time":-1,"g":32,"r":158},{"angle":337.5,"type":"setColor","b":131,"color":4,"time":-1,"g":63,"r":182},{"angle":247.5,"type":"setColor","b":207,"color":5,"time":-1,"g":155,"r":107},{"angle":225,"type":"setColor","b":255,"color":6,"time":-1,"g":255,"r":255},{"ox":264.5,"oy":159.5,"sx":1.2999999523163,"sy":1.5,"rotationinfluence":0,"drawOrder":100,"type":"deco","angle":22.5,"id":"tv","y":200,"sprite":"pyrotv.png","time":-1},{"type":"ease","angle":337.5,"time":-0.66666668653488,"value":-30,"var":"vfx.accuracyX"},{"type":"ease","value":18,"time":-0.66666668653488,"angle":0,"var":"vfx.accuracyY"},{"ease":"outSine","type":"ease","angle":270,"duration":1.3333333730698,"time":18.333333969116,"value":150,"var":"p.y"},{"ease":"outSine","type":"ease","angle":180,"duration":2.3333332538605,"time":60.666667938232,"value":170,"var":"p.y"},{"type":"ease","value":190,"duration":3.3333332538605,"time":147,"angle":292.5,"var":"p.y"},{"ease":"inOutQuad","type":"ease","angle":135,"duration":3,"time":172.66667175293,"value":170,"var":"p.y"}]}