{"events":[{"bpm":90,"type":"play","offset":0.20000000298023,"file":"E minor.ogg","time":0,"volume":1,"angle":292.5},{"time":18,"type":"showResults","angle":270},{"spriteName":"idle","time":0,"type":"forcePlayerSprite","angle":0},{"spriteName":"happy","time":4.1657686233521,"type":"forcePlayerSprite","angle":270},{"spriteName":"eepy.png","time":11.615852355957,"type":"forcePlayerSprite","angle":315},{"type":"setColor","color":0,"time":11.975628852844,"angle":337.5},{"sprite":"zzz@3","x":300,"y":110,"type":"deco","time":11.793789863586,"id":"zzz","angle":292.5},{"type":"deco","hide":true,"time":19.191232681274,"id":"zzz","angle":292.5}],"metadata":{"description":"Yeah! E minor! All right! Yeah!\n\n\n","artistLink":"https://www.youtube.com/watch?v=X21R6tpeaJs","songName":"Solitude in E Minor","artist":"Squidward J. Q. Tentacles","difficulty":-1,"bgData":{"magentaChannel":{"b":140,"r":173,"g":165},"cyanChannel":{"b":148,"r":58,"g":123},"yellowChannel":{"b":58,"r":82,"g":107},"redChannel":{"b":107,"r":156,"g":99},"blueChannel":{"b":123,"r":41,"g":66},"greenChannel":{"b":25,"r":49,"g":58},"image":"solitude_in_e_minor.png"},"bg":true,"charter":"Random22"},"properties":{"startingBeat":0,"loadBeat":0,"offset":8,"speed":70,"formatversion":13}}