[{"angle":270,"time":-0,"type":"block"},{"angle":45,"time":0.5,"type":"block"},{"angle":202.5,"time":1,"type":"block"},{"angle":101.25,"time":1.5,"type":"block"},{"angle":315,"time":2.5,"type":"block"},{"angle":225,"time":2,"type":"block"},{"angle":56.25,"time":3,"type":"block"},{"angle":202.5,"time":3.5,"type":"block"},{"angle":112.5,"time":4,"type":"block"},{"angle":315,"time":4.5,"type":"block"},{"angle":33.75,"time":5.5,"type":"block"},{"angle":157.5,"time":6,"type":"block"},{"angle":292.5,"time":6.5,"type":"block"},{"angle":22.5,"time":7,"type":"block"},{"angle":135,"time":7.5,"type":"block"},{"angle":270,"time":8,"type":"block"},{"angle":11.25,"time":8.5,"type":"block"},{"angle":247.5,"time":9,"type":"block"},{"angle":112.5,"time":9.5,"type":"block"},{"angle":0,"time":10,"type":"block"},{"angle":213.75,"time":10.5,"type":"block"},{"angle":67.5,"time":11,"type":"block"},{"angle":326.25,"time":11.5,"type":"block"},{"angle":135,"time":12,"type":"block"},{"angle":247.5,"time":12.5,"type":"block"},{"angle":337.5,"time":13,"type":"block"},{"angle":101.25,"time":13.5,"type":"block"},{"angle":213.75,"time":14,"type":"block"},{"angle":146.25,"time":14.5,"type":"block"},{"angle":315,"time":15,"type":"block"},{"angle":101.25,"time":15.5,"type":"block"},{"angle":225,"time":16,"type":"block"},{"angle":337.5,"time":16.5,"type":"block"},{"angle":101.25,"time":17,"type":"block"},{"angle":281.25,"time":17.5,"type":"block"},{"angle":157.5,"time":18,"type":"block"},{"angle":56.25,"time":18.5,"type":"block"},{"angle":247.5,"time":19,"type":"block"},{"angle":337.5,"time":19.5,"type":"block"},{"angle":135,"time":20,"type":"block"},{"angle":247.5,"time":20.5,"type":"block"},{"angle":0,"time":21,"type":"block"},{"angle":123.75,"time":21.5,"type":"block"},{"angle":247.5,"time":22,"type":"block"},{"angle":360,"time":22.5,"type":"block"},{"angle":112.5,"time":23,"type":"block"},{"angle":337.5,"time":23.5,"type":"block"},{"angle":236.25,"time":24,"type":"block"},{"angle":348.75,"time":24.5,"type":"block"},{"angle":78.75,"time":25,"type":"block"},{"angle":258.75,"time":25.5,"type":"block"},{"angle":56.25,"time":26,"type":"block"},{"angle":101.25,"time":23,"type":"block"},{"angle":123.75,"time":23,"type":"block"},{"angle":326.25,"time":23.5,"type":"block"},{"angle":348.75,"time":23.5,"type":"block"},{"angle":247.5,"time":24,"type":"block"},{"angle":225,"time":24,"type":"block"},{"angle":337.5,"time":24.5,"type":"block"},{"angle":0,"time":24.5,"type":"block"},{"angle":67.5,"time":25,"type":"block"},{"angle":90,"time":25,"type":"block"},{"angle":270,"time":25.5,"type":"block"},{"angle":247.5,"time":25.5,"type":"block"},{"angle":67.5,"time":26,"type":"block"},{"angle":45,"time":26,"type":"block"},{"angle":281.25,"time":26.5,"type":"block"},{"angle":292.5,"time":26.5,"type":"block"},{"angle":303.75,"time":26.5,"type":"block"},{"angle":146.25,"time":27,"type":"block"},{"angle":135,"time":27,"type":"block"},{"angle":123.75,"time":27,"type":"block"},{"angle":112.5,"time":27.25,"type":"block"},{"angle":101.25,"time":27.25,"type":"block"},{"angle":90,"time":27.25,"type":"block"},{"angle":78.75,"time":27.5,"type":"block"},{"angle":67.5,"time":27.5,"type":"block"},{"angle":56.25,"time":27.5,"type":"block"},{"angle":45,"time":27.75,"type":"block"},{"angle":22.5,"time":27.75,"type":"block"},{"angle":33.75,"time":27.75,"type":"block"},{"angle":11.25,"time":28,"type":"block"},{"angle":0,"time":28,"type":"block"},{"angle":348.75,"time":28,"type":"block"},{"angle":337.5,"time":28.25,"type":"block"},{"angle":326.25,"time":28.25,"type":"block"},{"angle":315,"time":28.25,"type":"block"},{"angle":303.75,"time":28.5,"type":"block"},{"angle":292.5,"time":28.5,"type":"block"},{"angle":281.25,"time":28.5,"type":"block"},{"angle":270,"time":28.75,"type":"block"},{"angle":258.75,"time":28.75,"type":"block"},{"angle":247.5,"time":28.75,"type":"block"},{"angle":236.25,"time":29,"type":"block"},{"angle":225,"time":29,"type":"block"},{"angle":213.75,"time":29,"type":"block"},{"angle":202.5,"time":29.25,"type":"block"},{"angle":191.25,"time":29.25,"type":"block"},{"angle":180,"time":29.25,"type":"block"},{"angle":202.5,"time":5,"type":"block"},{"angle":168.75,"time":29.5,"type":"block"},{"angle":157.5,"time":29.5,"type":"block"},{"angle":146.25,"time":29.5,"type":"block"},{"angle":135,"time":29.75,"type":"block"},{"angle":123.75,"time":29.75,"type":"block"},{"angle":112.5,"time":29.75,"type":"block"},{"angle":101.25,"time":30,"type":"block"},{"angle":90,"time":30,"type":"block"},{"angle":78.75,"time":30,"type":"block"},{"angle":67.5,"time":30.25,"type":"block"},{"angle":56.25,"time":30.25,"type":"block"},{"angle":45,"time":30.25,"type":"block"},{"angle":22.5,"time":30.5,"type":"block"},{"angle":11.25,"time":30.5,"type":"block"},{"angle":360,"time":30.5,"type":"block"},{"angle":348.75,"time":30.75,"type":"block"},{"angle":337.5,"time":30.75,"type":"block"},{"angle":326.25,"time":30.75,"type":"block"},{"time":31,"type":"hold","duration":1,"angle2":0,"angle":303.75},{"angle":315,"time":31,"type":"block"},{"angle":292.5,"time":31,"type":"block"},{"angle":348.75,"time":32,"type":"block"},{"angle":11.25,"time":32,"type":"block"},{"angle":292.5,"time":32.5,"type":"block"},{"angle":123.75,"time":33,"type":"block"},{"angle":112.5,"time":33,"type":"block"},{"angle":101.25,"time":33,"type":"block"},{"angle":22.5,"time":33.5,"type":"block"},{"angle":236.25,"time":34,"type":"block"},{"angle":225,"time":34,"type":"block"},{"angle":213.75,"time":34,"type":"block"},{"angle":315,"time":34.5,"type":"block"},{"angle":168.75,"time":35,"type":"block"},{"angle":157.5,"time":35,"type":"block"},{"angle":146.25,"time":35,"type":"block"},{"angle":56.25,"time":35.5,"type":"block"},{"angle":225,"time":36,"type":"block"},{"angle":236.25,"time":36,"type":"block"},{"angle":247.5,"time":36,"type":"block"},{"angle":360,"time":36.5,"type":"block"},{"angle":146.25,"time":37,"type":"block"},{"angle":135,"time":37,"type":"block"},{"angle":123.75,"time":37,"type":"block"},{"angle":258.75,"time":37.5,"type":"block"},{"angle":292.5,"time":38,"type":"block"},{"angle":303.75,"time":38,"type":"block"},{"angle":315,"time":38,"type":"block"},{"angle":135,"time":38.5,"type":"block"},{"angle":225,"time":39,"type":"block"},{"angle":202.5,"time":39,"type":"block"},{"angle":213.75,"time":39,"type":"block"},{"angle":56.25,"time":39.5,"type":"block"},{"angle":337.5,"time":40,"type":"block"},{"angle":348.75,"time":40,"type":"block"},{"angle":360,"time":40,"type":"block"},{"angle":292.5,"time":40.5,"type":"block"},{"angle":123.75,"time":41,"type":"block"},{"angle":112.5,"time":41,"type":"block"},{"angle":101.25,"time":41,"type":"block"},{"angle":202.5,"time":41.5,"type":"block"},{"angle":326.25,"time":42,"type":"block"},{"angle":348.75,"time":42,"type":"block"},{"angle":337.5,"time":42,"type":"block"},{"angle":101.25,"time":42.5,"type":"block"},{"angle":213.75,"time":43,"type":"block"},{"angle":202.5,"time":43,"type":"block"},{"angle":191.25,"time":43,"type":"block"},{"angle":326.25,"time":43.5,"type":"block"},{"angle":213.75,"time":44,"type":"block"},{"angle":202.5,"time":44,"type":"block"},{"angle":191.25,"time":44,"type":"block"},{"angle":56.25,"time":44.5,"type":"block"},{"angle":315,"time":45,"type":"block"},{"angle":326.25,"time":45,"type":"block"},{"angle":337.5,"time":45,"type":"block"},{"angle":78.75,"time":45.5,"type":"block"},{"angle":225,"time":46,"type":"block"},{"angle":213.75,"time":46,"type":"block"},{"angle":202.5,"time":46,"type":"block"},{"angle":78.75,"time":46.5,"type":"block"},{"angle":67.5,"time":46.5,"type":"block"},{"angle":56.25,"time":46.5,"type":"block"},{"angle":-101.25,"time":47,"type":"block"},{"angle":247.5,"time":47,"type":"block"},{"angle":236.25,"time":47,"type":"block"},{"angle":371.25,"time":47.5,"type":"block"},{"angle":360,"time":47.5,"type":"block"},{"angle":348.75,"time":47.5,"type":"block"},{"angle":191.25,"time":48,"type":"block"},{"angle":180,"time":48,"type":"block"},{"angle":168.75,"time":48,"type":"block"},{"angle":56.25,"time":48.5,"type":"block"},{"angle":292.5,"time":49,"type":"block"},{"angle":213.75,"time":49.5,"type":"block"},{"angle":123.75,"time":50,"type":"block"},{"angle":348.75,"time":50.5,"type":"block"},{"angle":247.5,"time":51,"type":"block"},{"angle":78.75,"time":51.5,"type":"block"},{"angle":225,"time":52,"type":"block"},{"angle":360,"time":52.5,"type":"block"},{"angle":281.25,"time":53,"type":"block"},{"angle":135,"time":53.5,"type":"block"},{"angle":45,"time":54,"type":"block"},{"angle":292.5,"time":54.5,"type":"block"},{"angle":360,"time":55,"type":"block"},{"angle":123.75,"time":55.5,"type":"block"},{"angle":236.25,"time":56,"type":"block"},{"angle":11.25,"time":56.5,"type":"block"},{"angle":22.5,"time":56.5,"type":"block"},{"angle":33.75,"time":56.5,"type":"block"},{"angle":258.75,"time":57,"type":"block"},{"angle":247.5,"time":57,"type":"block"},{"angle":236.25,"time":57,"type":"block"},{"angle":135,"time":57.5,"type":"block"},{"angle":112.5,"time":57.5,"type":"block"},{"angle":123.75,"time":57.5,"type":"block"},{"angle":337.5,"time":58,"type":"block"},{"angle":348.75,"time":58,"type":"block"},{"angle":360,"time":58,"type":"block"},{"angle":258.75,"time":58.5,"type":"block"},{"angle":270,"time":58.5,"type":"block"},{"angle":281.25,"time":58.5,"type":"block"},{"angle":56.25,"time":59,"type":"block"},{"angle":67.5,"time":59,"type":"block"},{"angle":78.75,"time":59,"type":"block"},{"angle":326.25,"time":59.5,"type":"block"},{"angle":337.5,"time":59.5,"type":"block"},{"angle":348.75,"time":59.5,"type":"block"},{"angle":360,"time":59.5,"type":"block"},{"angle":202.5,"time":60,"type":"block"},{"angle":191.25,"time":60,"type":"block"},{"angle":180,"time":60,"type":"block"},{"angle":90,"time":60.5,"type":"block"},{"angle":78.75,"time":60.5,"type":"block"},{"angle":67.5,"time":60.5,"type":"block"},{"angle":292.5,"time":61,"type":"block"},{"angle":303.75,"time":61,"type":"block"},{"angle":315,"time":61,"type":"block"},{"angle":202.5,"time":61.5,"type":"block"},{"angle":191.25,"time":61.5,"type":"block"},{"angle":180,"time":61.5,"type":"block"},{"angle":78.75,"time":62,"type":"block"},{"angle":67.5,"time":62,"type":"block"},{"angle":56.25,"time":62,"type":"block"},{"angle":270,"time":62.5,"type":"block"},{"angle":258.75,"time":62.5,"type":"block"},{"angle":247.5,"time":62.5,"type":"block"},{"angle":123.75,"time":63,"type":"block"},{"angle":112.5,"time":63,"type":"block"},{"angle":101.25,"time":63,"type":"block"},{"angle":326.25,"time":63.5,"type":"block"},{"angle":337.5,"time":63.5,"type":"block"},{"angle":348.75,"time":63.5,"type":"block"},{"angle":191.25,"time":64,"type":"block"},{"angle":180,"time":64,"type":"block"},{"angle":168.75,"time":64,"type":"block"},{"angle":45,"time":64.5,"type":"block"},{"angle":281.25,"time":65,"type":"block"},{"angle":270,"time":65,"type":"block"},{"angle":258.75,"time":65,"type":"block"},{"angle":157.5,"time":65.5,"type":"block"},{"angle":33.75,"time":66,"type":"block"},{"angle":45,"time":66,"type":"block"},{"angle":56.25,"time":66,"type":"block"},{"angle":270,"time":66.5,"type":"block"},{"angle":180,"time":67,"type":"block"},{"angle":168.75,"time":67,"type":"block"},{"angle":157.5,"time":67,"type":"block"},{"angle":326.25,"time":67.5,"type":"block"},{"angle":78.75,"time":68,"type":"block"},{"angle":90,"time":68,"type":"block"},{"angle":101.25,"time":68,"type":"block"},{"angle":202.5,"time":68.5,"type":"block"},{"angle":247.5,"time":69,"type":"block"},{"angle":258.75,"time":69,"type":"block"},{"angle":270,"time":69,"type":"block"},{"angle":101.25,"time":69.5,"type":"block"},{"angle":315,"time":70,"type":"block"},{"angle":326.25,"time":70,"type":"block"},{"angle":337.5,"time":70,"type":"block"},{"angle":67.5,"time":70.5,"type":"block"},{"angle":225,"time":71,"type":"block"},{"angle":213.75,"time":71,"type":"block"},{"angle":202.5,"time":71,"type":"block"},{"angle":146.25,"time":71.5,"type":"block"},{"angle":303.75,"time":72,"type":"block"},{"angle":315,"time":72,"type":"block"},{"angle":326.25,"time":72,"type":"block"},{"angle":78.75,"time":72.5,"type":"block"},{"angle":213.75,"time":73,"type":"block"},{"angle":202.5,"time":73,"type":"block"},{"angle":191.25,"time":73,"type":"block"},{"angle":303.75,"time":73.5,"type":"block"},{"angle":33.75,"time":74,"type":"block"},{"angle":45,"time":74,"type":"block"},{"angle":56.25,"time":74,"type":"block"},{"angle":168.75,"time":74.5,"type":"block"},{"angle":360,"time":75,"type":"block"},{"angle":348.75,"time":75,"type":"block"},{"angle":11.25,"time":75,"type":"block"},{"angle":225,"time":75.5,"type":"block"},{"angle":112.5,"time":76,"type":"block"},{"angle":101.25,"time":76,"type":"block"},{"angle":90,"time":76,"type":"block"},{"angle":337.5,"time":76.5,"type":"block"},{"angle":281.25,"time":77,"type":"block"},{"angle":270,"time":77,"type":"block"},{"angle":258.75,"time":77,"type":"block"},{"angle":168.75,"time":77.5,"type":"block"},{"angle":315,"time":78,"type":"block"},{"angle":326.25,"time":78,"type":"block"},{"angle":337.5,"time":78,"type":"block"},{"angle":101.25,"time":78.5,"type":"block"},{"angle":213.75,"time":79,"type":"block"},{"angle":202.5,"time":79,"type":"block"},{"angle":191.25,"time":79,"type":"block"},{"angle":123.75,"time":79.5,"type":"block"},{"angle":315,"time":80,"type":"block"},{"angle":337.5,"time":80,"type":"block"},{"angle":326.25,"time":80,"type":"block"},{"angle":135,"time":79.5,"type":"block"},{"angle":112.5,"time":79.5,"type":"block"},{"angle":258.75,"time":80.5,"type":"block"},{"angle":247.5,"time":80.5,"type":"block"},{"angle":236.25,"time":80.5,"type":"block"},{"angle":22.5,"time":81,"type":"block"},{"angle":33.75,"time":81,"type":"block"},{"angle":45,"time":81,"type":"block"},{"angle":101.25,"time":81.5,"type":"block"},{"angle":213.75,"time":82,"type":"block"},{"angle":225,"time":82,"type":"block"},{"angle":202.5,"time":82,"type":"block"},{"angle":337.5,"time":82.5,"type":"block"},{"angle":67.5,"time":83,"type":"block"},{"angle":78.75,"time":83,"type":"block"},{"angle":90,"time":83,"type":"block"},{"angle":236.25,"time":83.5,"type":"block"},{"angle":157.5,"time":84,"type":"block"},{"angle":146.25,"time":84,"type":"block"},{"angle":135,"time":84,"type":"block"},{"angle":281.25,"time":84.5,"type":"block"},{"angle":348.75,"time":85,"type":"block"},{"angle":0,"time":85,"type":"block"},{"angle":11.25,"time":85,"type":"block"},{"angle":236.25,"time":85.5,"type":"block"},{"angle":123.75,"time":86,"type":"block"},{"angle":112.5,"time":86,"type":"block"},{"angle":101.25,"time":86,"type":"block"},{"angle":33.75,"time":86.5,"type":"block"},{"angle":315,"time":87,"type":"block"},{"angle":303.75,"time":87,"type":"block"},{"angle":292.5,"time":87,"type":"block"},{"angle":213.75,"time":87.5,"type":"block"},{"angle":303.75,"time":88,"type":"block"},{"angle":315,"time":88,"type":"block"},{"angle":326.25,"time":88,"type":"block"},{"angle":337.5,"time":88,"type":"block"},{"angle":348.75,"time":88,"type":"block"},{"angle":56.25,"time":88.5,"type":"block"},{"angle":67.5,"time":88.5,"type":"block"},{"angle":78.75,"time":88.5,"type":"block"},{"angle":281.25,"time":89,"type":"block"},{"angle":270,"time":89,"type":"block"},{"angle":258.75,"time":89,"type":"block"},{"angle":247.5,"time":89,"type":"block"},{"angle":236.25,"time":89,"type":"block"},{"angle":168.75,"time":89.5,"type":"block"},{"angle":157.5,"time":89.5,"type":"block"},{"angle":146.25,"time":89.5,"type":"block"},{"angle":326.25,"time":90,"type":"block"},{"angle":348.75,"time":90,"type":"block"},{"angle":337.5,"time":90,"type":"block"},{"angle":360,"time":90,"type":"block"},{"angle":371.25,"time":90,"type":"block"},{"angle":123.75,"time":90.5,"type":"block"},{"angle":135,"time":90.5,"type":"block"},{"angle":146.25,"time":90.5,"type":"block"},{"angle":270,"time":91,"type":"block"},{"angle":258.75,"time":91,"type":"block"},{"angle":247.5,"time":91,"type":"block"},{"angle":236.25,"time":91,"type":"block"},{"angle":225,"time":91,"type":"block"},{"angle":45,"time":91.5,"type":"block"},{"angle":56.25,"time":91.5,"type":"block"},{"angle":67.5,"time":91.5,"type":"block"},{"angle":135,"time":92,"type":"block"},{"angle":157.5,"time":92,"type":"block"},{"angle":168.75,"time":92,"type":"block"},{"angle":180,"time":92,"type":"block"},{"angle":146.25,"time":92,"type":"block"},{"angle":326.25,"time":92.5,"type":"block"},{"angle":315,"time":92.5,"type":"block"},{"angle":303.75,"time":92.5,"type":"block"},{"angle":45,"time":93,"type":"block"},{"angle":56.25,"time":93,"type":"block"},{"angle":67.5,"time":93,"type":"block"},{"angle":78.75,"time":93,"type":"block"},{"angle":90,"time":93,"type":"block"},{"angle":337.5,"time":93.5,"type":"block"},{"angle":326.25,"time":93.5,"type":"block"},{"angle":315,"time":93.5,"type":"block"},{"angle":213.75,"time":94,"type":"block"},{"angle":202.5,"time":94,"type":"block"},{"angle":191.25,"time":94,"type":"block"},{"angle":180,"time":94,"type":"block"},{"angle":168.75,"time":94,"type":"block"},{"angle":101.25,"time":94.5,"type":"block"},{"angle":90,"time":94.5,"type":"block"},{"angle":78.75,"time":94.5,"type":"block"},{"angle":157.5,"time":95,"type":"block"},{"angle":168.75,"time":95,"type":"block"},{"angle":180,"time":95,"type":"block"},{"angle":191.25,"time":95,"type":"block"},{"angle":202.5,"time":95,"type":"block"},{"angle":337.5,"time":95.5,"type":"block"},{"angle":326.25,"time":95.5,"type":"block"},{"angle":315,"time":95.5,"type":"block"},{"angle":56.25,"time":96,"type":"block"},{"angle":67.5,"time":96,"type":"block"},{"angle":78.75,"time":96,"type":"block"},{"angle":90,"time":96,"type":"block"},{"angle":101.25,"time":96,"type":"block"},{"angle":112.5,"time":96,"type":"block"},{"angle":123.75,"time":96,"type":"block"},{"angle":168.75,"time":96.5,"type":"block"},{"angle":270,"time":97,"type":"block"},{"angle":45,"time":97.5,"type":"block"},{"angle":292.5,"time":98,"type":"block"},{"angle":168.75,"time":98.5,"type":"block"},{"angle":56.25,"time":99,"type":"block"},{"angle":348.75,"time":99.5,"type":"block"},{"angle":236.25,"time":100,"type":"block"},{"angle":123.75,"time":100.5,"type":"block"},{"angle":348.75,"time":101,"type":"block"},{"angle":236.25,"time":101.5,"type":"block"},{"angle":123.75,"time":102,"type":"block"},{"angle":22.5,"time":102.5,"type":"block"},{"angle":247.5,"time":103,"type":"block"},{"angle":157.5,"time":103.5,"type":"block"},{"angle":11.25,"time":104,"type":"block"},{"angle":247.5,"time":104.5,"type":"block"},{"angle":78.75,"time":105,"type":"block"},{"angle":213.75,"time":105.5,"type":"block"},{"angle":348.75,"time":106,"type":"block"},{"angle":213.75,"time":106.5,"type":"block"},{"angle":315,"time":107,"type":"block"},{"angle":45,"time":107.5,"type":"block"},{"angle":292.5,"time":108,"type":"block"},{"angle":146.25,"time":108.5,"type":"block"},{"angle":33.75,"time":109,"type":"block"},{"angle":281.25,"time":109.5,"type":"block"},{"angle":157.5,"time":110,"type":"block"},{"angle":281.25,"time":110.5,"type":"block"},{"angle":45,"time":111,"type":"block"},{"angle":146.25,"time":111.5,"type":"block"},{"angle":213.75,"time":112,"type":"block"},{"angle":90,"time":112.5,"type":"block"},{"angle":337.5,"time":113,"type":"block"},{"angle":270,"time":113.5,"type":"block"},{"angle":135,"time":114,"type":"block"},{"angle":11.25,"time":114.5,"type":"block"},{"angle":247.5,"time":115,"type":"block"},{"angle":146.25,"time":115.5,"type":"block"},{"angle":22.5,"time":116,"type":"block"},{"angle":326.25,"time":116.5,"type":"block"},{"angle":213.75,"time":117,"type":"block"},{"angle":90,"time":117.5,"type":"block"},{"angle":11.25,"time":118,"type":"block"},{"angle":315,"time":118.5,"type":"block"},{"angle":157.5,"time":119,"type":"block"},{"angle":45,"time":119.5,"type":"block"},{"angle":258.75,"time":120,"type":"block"},{"angle":168.75,"time":120.5,"type":"block"},{"angle":22.5,"time":121,"type":"block"},{"angle":101.25,"time":121.5,"type":"block"},{"angle":213.75,"time":122,"type":"block"},{"angle":135,"time":122.5,"type":"block"},{"angle":348.75,"time":123,"type":"block"},{"angle":247.5,"time":123.5,"type":"block"},{"angle":67.5,"time":124,"type":"block"},{"angle":146.25,"time":124.5,"type":"block"},{"angle":270,"time":125,"type":"block"},{"angle":123.75,"time":125.5,"type":"block"},{"angle":11.25,"time":126,"type":"block"},{"angle":315,"time":126.5,"type":"block"},{"angle":180,"time":127,"type":"block"},{"angle":78.75,"time":127.5,"type":"block"},{"angle":348.75,"time":128,"type":"block"},{"angle":281.25,"time":128.5,"type":"block"},{"angle":146.25,"time":129,"type":"block"},{"angle":56.25,"time":129.5,"type":"block"},{"angle":337.5,"time":130,"type":"block"},{"angle":225,"time":130.5,"type":"block"},{"angle":101.25,"time":131,"type":"block"},{"angle":0,"time":131.5,"type":"block"},{"angle":292.5,"time":132,"type":"block"},{"angle":348.75,"time":132.5,"type":"block"},{"angle":191.25,"time":133,"type":"block"},{"angle":123.75,"time":133.5,"type":"block"},{"angle":315,"time":134,"type":"block"},{"angle":67.5,"time":134.5,"type":"block"},{"angle":135,"time":135,"type":"block"},{"angle":348.75,"time":135.5,"type":"block"},{"angle":236.25,"time":136,"type":"block"},{"angle":123.75,"time":136.5,"type":"block"},{"angle":22.5,"time":137,"type":"block"},{"angle":326.25,"time":137.5,"type":"block"},{"angle":78.75,"time":138,"type":"block"},{"angle":213.75,"time":138.5,"type":"block"},{"angle":326.25,"time":139,"type":"block"},{"angle":90,"time":139.5,"type":"block"},{"angle":202.5,"time":140,"type":"block"},{"angle":337.5,"time":140.5,"type":"block"},{"angle":56.25,"time":141,"type":"block"},{"angle":258.75,"time":141.5,"type":"block"},{"angle":337.5,"time":142,"type":"block"},{"angle":123.75,"time":142.5,"type":"block"},{"angle":213.75,"time":143,"type":"block"},{"angle":56.25,"time":143.5,"type":"block"},{"angle":281.25,"time":144,"type":"block"},{"angle":78.75,"time":144.5,"type":"block"},{"angle":348.75,"time":145,"type":"block"},{"angle":146.25,"time":145.5,"type":"block"},{"angle":270,"time":146,"type":"block"},{"angle":45,"time":146.5,"type":"block"},{"angle":236.25,"time":147,"type":"block"},{"angle":101.25,"time":147.5,"type":"block"},{"angle":337.5,"time":148,"type":"block"},{"angle":45,"time":148.5,"type":"block"},{"angle":213.75,"time":149,"type":"block"},{"angle":315,"time":149.5,"type":"block"},{"angle":112.5,"time":150,"type":"block"},{"angle":213.75,"time":150.5,"type":"block"},{"angle":33.75,"time":151,"type":"block"},{"angle":326.25,"time":151.5,"type":"block"},{"angle":123.75,"time":152,"type":"block"},{"angle":225,"time":152.5,"type":"block"},{"angle":33.75,"time":153,"type":"block"},{"angle":135,"time":153.5,"type":"block"},{"angle":247.5,"time":154,"type":"block"},{"angle":22.5,"time":154.5,"type":"block"},{"angle":225,"time":155,"type":"block"},{"angle":180,"time":155.5,"type":"block"},{"angle":146.25,"time":156,"type":"block"},{"angle":123.75,"time":156.5,"type":"block"},{"angle":67.5,"time":157,"type":"block"},{"angle":11.25,"time":157.5,"type":"block"},{"angle":315,"time":158,"type":"block"},{"angle":258.75,"time":158.5,"type":"block"},{"angle":191.25,"time":159,"type":"block"},{"angle":112.5,"time":78.5,"type":"block"},{"angle":90,"time":78.5,"type":"block"},{"angle":123.75,"time":160,"type":"block"},{"angle":112.5,"time":160,"type":"block"},{"angle":101.25,"time":160,"type":"block"},{"angle":315,"time":160.5,"type":"block"},{"angle":213.75,"time":161,"type":"block"},{"angle":202.5,"time":161,"type":"block"},{"angle":191.25,"time":161,"type":"block"},{"angle":78.75,"time":161.5,"type":"block"},{"angle":348.75,"time":162,"type":"block"},{"angle":0,"time":162,"type":"block"},{"angle":11.25,"time":162,"type":"block"},{"angle":303.75,"time":162.5,"type":"block"},{"angle":123.75,"time":163,"type":"block"},{"angle":112.5,"time":163,"type":"block"},{"angle":101.25,"time":163,"type":"block"},{"angle":22.5,"time":163.5,"type":"block"},{"angle":247.5,"time":164,"type":"block"},{"angle":236.25,"time":164,"type":"block"},{"angle":225,"time":164,"type":"block"},{"angle":135,"time":164.5,"type":"block"},{"angle":22.5,"time":165,"type":"block"},{"angle":33.75,"time":165,"type":"block"},{"angle":45,"time":165,"type":"block"},{"angle":281.25,"time":165.5,"type":"block"},{"angle":112.5,"time":166,"type":"block"},{"angle":101.25,"time":166,"type":"block"},{"angle":90,"time":166,"type":"block"},{"angle":213.75,"time":166.5,"type":"block"},{"angle":337.5,"time":167,"type":"block"},{"angle":0,"time":167,"type":"block"},{"angle":348.75,"time":167,"type":"block"},{"angle":123.75,"time":167.5,"type":"block"},{"angle":292.5,"time":168,"type":"block"},{"angle":303.75,"time":168,"type":"block"},{"angle":315,"time":168,"type":"block"},{"angle":78.75,"time":168.5,"type":"block"},{"angle":191.25,"time":169,"type":"block"},{"angle":180,"time":169,"type":"block"},{"angle":168.75,"time":169,"type":"block"},{"angle":45,"time":169.5,"type":"block"},{"angle":292.5,"time":170,"type":"block"},{"angle":303.75,"time":170,"type":"block"},{"angle":315,"time":170,"type":"block"},{"angle":135,"time":170.5,"type":"block"},{"angle":213.75,"time":171,"type":"block"},{"angle":202.5,"time":171,"type":"block"},{"angle":191.25,"time":171,"type":"block"},{"angle":326.25,"time":171.5,"type":"block"},{"angle":157.5,"time":172,"type":"block"},{"angle":146.25,"time":172,"type":"block"},{"angle":135,"time":172,"type":"block"},{"angle":11.25,"time":172.5,"type":"block"},{"angle":292.5,"time":173,"type":"block"},{"angle":303.75,"time":173,"type":"block"},{"angle":315,"time":173,"type":"block"},{"angle":225,"time":173.5,"type":"block"},{"angle":56.25,"time":174,"type":"block"},{"angle":67.5,"time":174,"type":"block"},{"angle":78.75,"time":174,"type":"block"},{"angle":247.5,"time":175,"type":"block"},{"angle":236.25,"time":175,"type":"block"},{"angle":225,"time":175,"type":"block"},{"angle":11.25,"time":175.5,"type":"block"},{"angle":135,"time":174.5,"type":"block"},{"angle":146.25,"time":174.5,"type":"block"},{"angle":123.75,"time":174.5,"type":"block"},{"angle":0,"time":175.5,"type":"block"},{"angle":22.5,"time":175.5,"type":"block"},{"angle":247.5,"time":176,"type":"block"},{"angle":258.75,"time":176,"type":"block"},{"angle":270,"time":176,"type":"block"},{"angle":101.25,"time":176.5,"type":"block"},{"angle":348.75,"time":177,"type":"block"},{"angle":0,"time":177,"type":"block"},{"angle":11.25,"time":177,"type":"block"},{"angle":90,"time":177.5,"type":"block"},{"angle":213.75,"time":178,"type":"block"},{"angle":202.5,"time":178,"type":"block"},{"angle":191.25,"time":178,"type":"block"},{"angle":101.25,"time":178.5,"type":"block"},{"angle":326.25,"time":179,"type":"block"},{"angle":337.5,"time":179,"type":"block"},{"angle":348.75,"time":179,"type":"block"},{"angle":56.25,"time":179.5,"type":"block"},{"angle":225,"time":180,"type":"block"},{"angle":213.75,"time":180,"type":"block"},{"angle":202.5,"time":180,"type":"block"},{"angle":123.75,"time":180.5,"type":"block"},{"angle":303.75,"time":181,"type":"block"},{"angle":315,"time":181,"type":"block"},{"angle":326.25,"time":181,"type":"block"},{"angle":90,"time":181.5,"type":"block"},{"angle":191.25,"time":182,"type":"block"},{"angle":180,"time":182,"type":"block"},{"angle":168.75,"time":182,"type":"block"},{"angle":315,"time":182.5,"type":"block"},{"angle":78.75,"time":183,"type":"block"},{"angle":67.5,"time":183,"type":"block"},{"angle":90,"time":183,"type":"block"},{"angle":191.25,"time":183.5,"type":"block"},{"angle":348.75,"time":184,"type":"block"},{"angle":0,"time":184,"type":"block"},{"angle":11.25,"time":184,"type":"block"},{"angle":101.25,"time":184.5,"type":"block"},{"angle":236.25,"time":185,"type":"block"},{"angle":225,"time":185,"type":"block"},{"angle":213.75,"time":185,"type":"block"},{"angle":292.5,"time":185.5,"type":"block"},{"angle":45,"time":186,"type":"block"},{"angle":33.75,"time":186,"type":"block"},{"angle":22.5,"time":186,"type":"block"},{"angle":337.5,"time":184,"type":"block"},{"angle":22.5,"time":184,"type":"block"},{"angle":90,"time":184.5,"type":"block"},{"angle":112.5,"time":184.5,"type":"block"},{"angle":247.5,"time":185,"type":"block"},{"angle":202.5,"time":185,"type":"block"},{"angle":281.25,"time":185.5,"type":"block"},{"angle":303.75,"time":185.5,"type":"block"},{"angle":11.25,"time":186,"type":"block"},{"angle":56.25,"time":186,"type":"block"},{"angle":168.75,"time":186.5,"type":"block"},{"angle":157.5,"time":186.5,"type":"block"},{"angle":146.25,"time":186.5,"type":"block"},{"angle":90,"time":187,"type":"block"},{"angle":78.75,"time":187,"type":"block"},{"angle":67.5,"time":187,"type":"block"},{"angle":56.25,"time":187,"type":"block"},{"angle":45,"time":187,"type":"block"},{"angle":281.25,"time":187.5,"type":"block"},{"angle":292.5,"time":187.5,"type":"block"},{"angle":303.75,"time":187.5,"type":"block"},{"angle":225,"time":188,"type":"block"},{"angle":213.75,"time":188,"type":"block"},{"angle":202.5,"time":188,"type":"block"},{"angle":191.25,"time":188,"type":"block"},{"angle":180,"time":188,"type":"block"},{"angle":45,"time":188.5,"type":"block"},{"angle":56.25,"time":188.5,"type":"block"},{"angle":67.5,"time":188.5,"type":"block"},{"angle":315,"time":189,"type":"block"},{"angle":326.25,"time":189,"type":"block"},{"angle":337.5,"time":189,"type":"block"},{"angle":348.75,"time":189,"type":"block"},{"angle":0,"time":189,"type":"block"},{"angle":146.25,"time":189.5,"type":"block"},{"angle":135,"time":189.5,"type":"block"},{"angle":123.75,"time":189.5,"type":"block"},{"angle":236.25,"time":190,"type":"block"},{"angle":213.75,"time":190,"type":"block"},{"angle":225,"time":190,"type":"block"},{"angle":202.5,"time":190,"type":"block"},{"angle":191.25,"time":190,"type":"block"},{"angle":11.25,"time":190.5,"type":"block"},{"angle":22.5,"time":190.5,"type":"block"},{"angle":33.75,"time":190.5,"type":"block"},{"angle":270,"time":191,"type":"block"},{"angle":281.25,"time":191,"type":"block"},{"angle":292.5,"time":191,"type":"block"},{"angle":303.75,"time":191,"type":"block"},{"angle":315,"time":191,"type":"block"},{"angle":180,"time":191.5,"type":"block"},{"angle":168.75,"time":191.5,"type":"block"},{"angle":157.5,"time":191.5,"type":"block"},{"angle":123.75,"time":192,"type":"block"},{"angle":112.5,"time":192,"type":"block"},{"angle":101.25,"time":192,"type":"block"},{"angle":90,"time":192,"type":"block"},{"angle":78.75,"time":192,"type":"block"},{"angle":326.25,"time":192.5,"type":"block"},{"angle":236.25,"time":193,"type":"block"},{"angle":225,"time":193,"type":"block"},{"angle":213.75,"time":193,"type":"block"},{"angle":78.75,"time":193.5,"type":"block"},{"angle":337.5,"time":194,"type":"block"},{"angle":348.75,"time":194,"type":"block"},{"angle":0,"time":194,"type":"block"},{"angle":225,"time":194.5,"type":"block"},{"angle":157.5,"time":195,"type":"block"},{"angle":146.25,"time":195,"type":"block"},{"angle":135,"time":195,"type":"block"},{"angle":45,"time":195.5,"type":"block"},{"angle":270,"time":196,"type":"block"},{"angle":258.75,"time":196,"type":"block"},{"angle":247.5,"time":196,"type":"block"},{"angle":348.75,"time":196.5,"type":"block"},{"angle":123.75,"time":197,"type":"block"},{"angle":112.5,"time":197,"type":"block"},{"angle":101.25,"time":197,"type":"block"},{"angle":236.25,"time":197.5,"type":"block"},{"angle":0,"time":198,"type":"block"},{"angle":11.25,"time":198,"type":"block"},{"angle":22.5,"time":198,"type":"block"},{"angle":146.25,"time":198.5,"type":"block"},{"angle":225,"time":199,"type":"block"},{"angle":213.75,"time":199,"type":"block"},{"angle":202.5,"time":199,"type":"block"},{"angle":78.75,"time":199.5,"type":"block"},{"angle":337.5,"time":200,"type":"block"},{"angle":348.75,"time":200,"type":"block"},{"angle":360,"time":200,"type":"block"},{"angle":135,"time":200.5,"type":"block"},{"angle":292.5,"time":201,"type":"block"},{"angle":315,"time":201,"type":"block"},{"angle":303.75,"time":201,"type":"block"},{"angle":78.75,"time":201.5,"type":"block"},{"angle":225,"time":202,"type":"block"},{"angle":202.5,"time":202,"type":"block"},{"angle":213.75,"time":202,"type":"block"},{"angle":78.75,"time":202.5,"type":"block"},{"angle":315,"time":203,"type":"block"},{"angle":326.25,"time":203,"type":"block"},{"angle":337.5,"time":203,"type":"block"},{"angle":33.75,"time":203.5,"type":"block"},{"angle":258.75,"time":204,"type":"block"},{"angle":247.5,"time":204,"type":"block"},{"angle":236.25,"time":204,"type":"block"},{"angle":157.5,"time":204.5,"type":"block"},{"angle":22.5,"time":205,"type":"block"},{"angle":33.75,"time":205,"type":"block"},{"angle":45,"time":205,"type":"block"},{"angle":315,"time":205.5,"type":"block"},{"angle":225,"time":206,"type":"block"},{"angle":213.75,"time":206,"type":"block"},{"angle":202.5,"time":206,"type":"block"},{"angle":101.25,"time":206.5,"type":"block"},{"angle":270,"time":207,"type":"block"},{"angle":281.25,"time":207,"type":"block"},{"angle":292.5,"time":207,"type":"block"},{"angle":22.5,"time":207.5,"type":"block"},{"angle":157.5,"time":208,"type":"block"},{"angle":146.25,"time":208,"type":"block"},{"angle":135,"time":208,"type":"block"},{"angle":326.25,"time":208.5,"type":"block"},{"angle":191.25,"time":209,"type":"block"},{"angle":180,"time":209,"type":"block"},{"angle":168.75,"time":209,"type":"block"},{"angle":78.75,"time":209.5,"type":"block"},{"angle":303.75,"time":210,"type":"block"},{"angle":315,"time":210,"type":"block"},{"angle":326.25,"time":210,"type":"block"},{"angle":90,"time":206.5,"type":"block"},{"angle":112.5,"time":206.5,"type":"block"},{"angle":11.25,"time":207.5,"type":"block"},{"angle":33.75,"time":207.5,"type":"block"},{"angle":135,"time":210.5,"type":"block"},{"angle":247.5,"time":211,"type":"block"},{"angle":236.25,"time":211,"type":"block"},{"angle":225,"time":211,"type":"block"},{"angle":348.75,"time":211.5,"type":"block"},{"angle":90,"time":212,"type":"block"},{"angle":78.75,"time":212,"type":"block"},{"angle":67.5,"time":212,"type":"block"},{"angle":281.25,"time":212.5,"type":"block"},{"angle":213.75,"time":213,"type":"block"},{"angle":202.5,"time":213,"type":"block"},{"angle":191.25,"time":213,"type":"block"},{"angle":101.25,"time":213.5,"type":"block"},{"angle":22.5,"time":214,"type":"block"},{"angle":33.75,"time":214,"type":"block"},{"angle":45,"time":214,"type":"block"},{"angle":303.75,"time":214.5,"type":"block"},{"angle":225,"time":215,"type":"block"},{"angle":213.75,"time":215,"type":"block"},{"angle":202.5,"time":215,"type":"block"},{"angle":90,"time":215.5,"type":"block"},{"angle":303.75,"time":216,"type":"block"},{"angle":315,"time":216,"type":"block"},{"angle":326.25,"time":216,"type":"block"},{"angle":292.5,"time":216,"type":"block"},{"angle":337.5,"time":216,"type":"block"},{"angle":191.25,"time":216.5,"type":"block"},{"angle":180,"time":216.5,"type":"block"},{"angle":168.75,"time":216.5,"type":"block"},{"angle":22.5,"time":217,"type":"block"},{"angle":33.75,"time":217,"type":"block"},{"angle":45,"time":217,"type":"block"},{"angle":56.25,"time":217,"type":"block"},{"angle":67.5,"time":217,"type":"block"},{"angle":191.25,"time":217.5,"type":"block"},{"angle":180,"time":217.5,"type":"block"},{"angle":168.75,"time":217.5,"type":"block"},{"angle":337.5,"time":218,"type":"block"},{"angle":326.25,"time":218,"type":"block"},{"angle":315,"time":218,"type":"block"},{"angle":303.75,"time":218,"type":"block"},{"angle":292.5,"time":218,"type":"block"},{"angle":191.25,"time":218.5,"type":"block"},{"angle":180,"time":218.5,"type":"block"},{"angle":168.75,"time":218.5,"type":"block"},{"angle":22.5,"time":219,"type":"block"},{"angle":33.75,"time":219,"type":"block"},{"angle":45,"time":219,"type":"block"},{"angle":56.25,"time":219,"type":"block"},{"angle":67.5,"time":219,"type":"block"},{"angle":191.25,"time":219.5,"type":"block"},{"angle":180,"time":219.5,"type":"block"},{"angle":168.75,"time":219.5,"type":"block"},{"angle":326.25,"time":220,"type":"block"},{"angle":337.5,"time":220,"type":"block"},{"angle":315,"time":220,"type":"block"},{"angle":303.75,"time":220,"type":"block"},{"angle":292.5,"time":220,"type":"block"},{"angle":348.75,"time":220.5,"type":"block"},{"angle":0,"time":220.5,"type":"block"},{"angle":11.25,"time":220.5,"type":"block"},{"angle":157.5,"time":221,"type":"block"},{"angle":146.25,"time":221,"type":"block"},{"angle":135,"time":221,"type":"block"},{"angle":123.75,"time":221,"type":"block"},{"angle":112.5,"time":221,"type":"block"},{"angle":348.75,"time":221.5,"type":"block"},{"angle":360,"time":221.5,"type":"block"},{"angle":11.25,"time":221.5,"type":"block"},{"angle":236.25,"time":222,"type":"block"},{"angle":225,"time":222,"type":"block"},{"angle":247.5,"time":222,"type":"block"},{"angle":213.75,"time":222,"type":"block"},{"angle":202.5,"time":222,"type":"block"},{"angle":348.75,"time":222.5,"type":"block"},{"angle":0,"time":222.5,"type":"block"},{"angle":11.25,"time":222.5,"type":"block"},{"angle":157.5,"time":223,"type":"block"},{"angle":146.25,"time":223,"type":"block"},{"angle":135,"time":223,"type":"block"},{"angle":123.75,"time":223,"type":"block"},{"angle":112.5,"time":223,"type":"block"},{"angle":348.75,"time":223.5,"type":"block"},{"angle":360,"time":223.5,"type":"block"},{"angle":11.25,"time":223.5,"type":"block"},{"angle":157.5,"time":224,"type":"block"},{"angle":168.75,"time":224,"type":"block"},{"angle":180,"time":224,"type":"block"},{"angle":191.25,"time":224,"type":"block"},{"angle":202.5,"time":224,"type":"block"},{"angle":146.25,"time":224,"type":"block"},{"angle":213.75,"time":224,"type":"block"},{"angle":90,"time":224.5,"type":"block"},{"angle":67.5,"time":224.75,"type":"block"},{"angle":45,"time":225,"type":"block"},{"angle":33.75,"time":225,"type":"block"},{"angle":22.5,"time":225,"type":"block"},{"angle":247.5,"time":225.5,"type":"block"},{"angle":225,"time":225.75,"type":"block"},{"angle":202.5,"time":226,"type":"block"},{"angle":180,"time":226.25,"type":"block"},{"angle":157.5,"time":226.5,"type":"block"},{"angle":146.25,"time":226.5,"type":"block"},{"angle":135,"time":226.5,"type":"block"},{"angle":-22.5,"time":227,"type":"block"},{"angle":-33.75,"time":227,"type":"block"},{"angle":-45,"time":227,"type":"block"},{"angle":0,"time":227.25,"type":"block"},{"angle":22.5,"time":227.5,"type":"block"},{"angle":45,"time":227.75,"type":"block"},{"angle":67.5,"time":228,"type":"block"},{"angle":78.75,"time":228,"type":"block"},{"angle":90,"time":228,"type":"block"},{"angle":-405,"time":229,"type":"block"},{"angle":-393.75,"time":229,"type":"block"},{"angle":-382.5,"time":229,"type":"block"},{"angle":-315,"time":228.25,"type":"block"},{"angle":-337.5,"time":228.5,"type":"block"},{"angle":-360,"time":228.75,"type":"block"},{"angle":0,"time":229.25,"type":"block"},{"angle":22.5,"time":229.5,"type":"block"},{"angle":45,"time":229.75,"type":"block"},{"angle":45,"time":230.25,"type":"block"},{"angle":0,"time":230.5,"type":"block"},{"angle":11.25,"time":230.5,"type":"block"},{"angle":22.5,"time":230.5,"type":"block"},{"angle":281.25,"time":231,"type":"block"},{"angle":292.5,"time":231,"type":"block"},{"angle":303.75,"time":231,"type":"block"},{"angle":326.25,"time":231.25,"type":"block"},{"angle":348.75,"time":231.5,"type":"block"},{"angle":11.25,"time":231.75,"type":"block"},{"angle":78.75,"time":230,"type":"block"},{"angle":90,"time":230,"type":"block"},{"angle":67.5,"time":230,"type":"block"},{"angle":33.75,"time":232,"type":"block"},{"angle":45,"time":232,"type":"block"},{"angle":56.25,"time":232,"type":"block"},{"angle":11.25,"time":232.25,"type":"block"},{"angle":348.75,"time":232.5,"type":"block"},{"angle":326.25,"time":232.75,"type":"block"},{"angle":303.75,"time":233,"type":"block"},{"angle":292.5,"time":233,"type":"block"},{"angle":281.25,"time":233,"type":"block"},{"angle":326.25,"time":233.25,"type":"block"},{"angle":348.75,"time":233.5,"type":"block"},{"angle":11.25,"time":233.75,"type":"block"},{"angle":33.75,"time":234,"type":"block"},{"angle":56.25,"time":234.25,"type":"block"},{"angle":78.75,"time":234.5,"type":"block"},{"angle":90,"time":234.5,"type":"block"},{"angle":101.25,"time":234.5,"type":"block"},{"angle":281.25,"time":235,"type":"block"},{"angle":270,"time":235,"type":"block"},{"angle":258.75,"time":235,"type":"block"},{"angle":236.25,"time":235.25,"type":"block"},{"angle":213.75,"time":235.5,"type":"block"},{"angle":191.25,"time":235.75,"type":"block"},{"angle":168.75,"time":236,"type":"block"},{"angle":157.5,"time":236,"type":"block"},{"angle":146.25,"time":236,"type":"block"},{"angle":191.25,"time":236.25,"type":"block"},{"angle":213.75,"time":236.5,"type":"block"},{"angle":236.25,"time":236.75,"type":"block"},{"angle":247.5,"time":237,"type":"block"},{"angle":258.75,"time":237,"type":"block"},{"angle":270,"time":237,"type":"block"},{"angle":236.25,"time":237.25,"type":"block"},{"angle":213.75,"time":237.5,"type":"block"},{"angle":191.25,"time":237.75,"type":"block"},{"angle":168.75,"time":238,"type":"block"},{"angle":146.25,"time":238.25,"type":"block"},{"angle":123.75,"time":238.5,"type":"block"},{"angle":112.5,"time":238.5,"type":"block"},{"angle":101.25,"time":238.5,"type":"block"},{"angle":225,"time":239,"type":"block"},{"angle":236.25,"time":239,"type":"block"},{"angle":213.75,"time":239,"type":"block"},{"angle":191.25,"time":239.25,"type":"block"},{"angle":168.75,"time":239.5,"type":"block"},{"angle":146.25,"time":239.75,"type":"block"},{"angle":123.75,"time":240,"type":"block"},{"angle":112.5,"time":240,"type":"block"},{"angle":101.25,"time":240,"type":"block"},{"angle":146.25,"time":240.25,"type":"block"},{"angle":168.75,"time":240.5,"type":"block"},{"angle":191.25,"time":240.75,"type":"block"},{"angle":213.75,"time":241,"type":"block"},{"angle":225,"time":241,"type":"block"},{"angle":236.25,"time":241,"type":"block"},{"angle":191.25,"time":241.25,"type":"block"},{"angle":168.75,"time":241.5,"type":"block"},{"angle":146.25,"time":241.75,"type":"block"},{"angle":123.75,"time":242,"type":"block"},{"angle":101.25,"time":242.25,"type":"block"},{"angle":78.75,"time":242.5,"type":"block"},{"angle":67.5,"time":242.5,"type":"block"},{"angle":56.25,"time":242.5,"type":"block"},{"angle":326.25,"time":243,"type":"block"},{"angle":337.5,"time":243,"type":"block"},{"angle":315,"time":243,"type":"block"},{"angle":292.5,"time":243.25,"type":"block"},{"angle":270,"time":243.5,"type":"block"},{"angle":247.5,"time":243.75,"type":"block"},{"angle":225,"time":244,"type":"block"},{"angle":213.75,"time":244,"type":"block"},{"angle":202.5,"time":244,"type":"block"},{"angle":247.5,"time":244.25,"type":"block"},{"angle":270,"time":244.5,"type":"block"},{"angle":292.5,"time":244.75,"type":"block"},{"angle":315,"time":245,"type":"block"},{"angle":326.25,"time":245,"type":"block"},{"angle":337.5,"time":245,"type":"block"},{"angle":292.5,"time":245.25,"type":"block"},{"angle":270,"time":245.5,"type":"block"},{"angle":247.5,"time":245.75,"type":"block"},{"angle":225,"time":246,"type":"block"},{"angle":202.5,"time":246.25,"type":"block"},{"angle":180,"time":246.5,"type":"block"},{"angle":168.75,"time":246.5,"type":"block"},{"angle":157.5,"time":246.5,"type":"block"},{"angle":-371.25,"time":247,"type":"block"},{"angle":-382.5,"time":247,"type":"block"},{"angle":-360,"time":247,"type":"block"},{"angle":-337.5,"time":247.25,"type":"block"},{"angle":-315,"time":247.5,"type":"block"},{"angle":-292.5,"time":247.75,"type":"block"},{"angle":-270,"time":248,"type":"block"},{"angle":-258.75,"time":248,"type":"block"},{"angle":-247.5,"time":248,"type":"block"},{"angle":-292.5,"time":248.25,"type":"block"},{"angle":-315,"time":248.5,"type":"block"},{"angle":-337.5,"time":248.75,"type":"block"},{"angle":-360,"time":249,"type":"block"},{"angle":-371.25,"time":249,"type":"block"},{"angle":-382.5,"time":249,"type":"block"},{"angle":-337.5,"time":249.25,"type":"block"},{"angle":-315,"time":249.5,"type":"block"},{"angle":-292.5,"time":249.75,"type":"block"},{"angle":-270,"time":250,"type":"block"},{"angle":-247.5,"time":250.25,"type":"block"},{"angle":-225,"time":250.5,"type":"block"},{"angle":-213.75,"time":250.5,"type":"block"},{"angle":-202.5,"time":250.5,"type":"block"},{"angle":292.5,"time":251,"type":"block"},{"angle":303.75,"time":251,"type":"block"},{"angle":281.25,"time":251,"type":"block"},{"angle":258.75,"time":251.25,"type":"block"},{"angle":236.25,"time":251.5,"type":"block"},{"angle":213.75,"time":251.75,"type":"block"},{"angle":191.25,"time":252,"type":"block"},{"angle":180,"time":252,"type":"block"},{"angle":168.75,"time":252,"type":"block"},{"angle":213.75,"time":252.25,"type":"block"},{"angle":236.25,"time":252.5,"type":"block"},{"angle":258.75,"time":252.75,"type":"block"},{"angle":281.25,"time":253,"type":"block"},{"angle":292.5,"time":253,"type":"block"},{"angle":303.75,"time":253,"type":"block"},{"angle":258.75,"time":253.25,"type":"block"},{"angle":236.25,"time":253.5,"type":"block"},{"angle":213.75,"time":253.75,"type":"block"},{"angle":191.25,"time":254,"type":"block"},{"angle":213.75,"time":254.25,"type":"block"},{"angle":258.75,"time":254.5,"type":"block"},{"angle":247.5,"time":254.5,"type":"block"},{"angle":236.25,"time":254.5,"type":"block"},{"angle":180,"time":254,"type":"block"},{"angle":45,"time":255,"type":"block"},{"angle":56.25,"time":255,"type":"block"},{"angle":67.5,"time":255,"type":"block"},{"angle":101.25,"time":255.25,"type":"block"},{"angle":123.75,"time":255.5,"type":"block"},{"angle":146.25,"time":255.75,"type":"block"},{"angle":168.75,"time":256,"type":"block"},{"angle":180,"time":256,"type":"block"},{"angle":191.25,"time":256,"type":"block"},{"angle":281.25,"time":256.5,"type":"block"},{"angle":45,"time":257,"type":"block"},{"angle":315,"time":257.5,"type":"block"},{"angle":123.75,"time":258,"type":"block"},{"angle":236.25,"time":258.5,"type":"block"},{"angle":11.25,"time":259,"type":"block"},{"angle":112.5,"time":259.5,"type":"block"},{"angle":247.5,"time":260,"type":"block"},{"angle":112.5,"time":260.5,"type":"block"},{"angle":326.25,"time":261,"type":"block"},{"angle":56.25,"time":261.5,"type":"block"},{"angle":247.5,"time":262,"type":"block"},{"angle":123.75,"time":262.5,"type":"block"},{"angle":337.5,"time":263,"type":"block"},{"angle":168.75,"time":263.5,"type":"block"},{"angle":45,"time":264,"type":"block"},{"angle":258.75,"time":264.5,"type":"block"},{"angle":326.25,"time":265,"type":"block"},{"angle":67.5,"time":265.5,"type":"block"},{"angle":213.75,"time":266,"type":"block"},{"angle":112.5,"time":266.5,"type":"block"},{"angle":315,"time":267,"type":"block"},{"angle":67.5,"time":267.5,"type":"block"},{"angle":225,"time":268,"type":"block"},{"angle":348.75,"time":268.5,"type":"block"},{"angle":123.75,"time":269,"type":"block"},{"angle":337.5,"time":269.5,"type":"block"},{"angle":168.75,"time":270,"type":"block"},{"angle":78.75,"time":270.5,"type":"block"},{"angle":303.75,"time":271,"type":"block"},{"angle":112.5,"time":271.5,"type":"block"},{"angle":258.75,"time":272,"type":"block"},{"angle":348.75,"time":272.5,"type":"block"},{"angle":101.25,"time":273,"type":"block"},{"angle":191.25,"time":273.5,"type":"block"},{"angle":337.5,"time":274,"type":"block"},{"angle":101.25,"time":274.5,"type":"block"},{"angle":270,"time":275,"type":"block"},{"angle":348.75,"time":275.5,"type":"block"},{"angle":157.5,"time":276,"type":"block"},{"angle":56.25,"time":276.5,"type":"block"},{"angle":213.75,"time":277,"type":"block"},{"angle":112.5,"time":277.5,"type":"block"},{"angle":337.5,"time":278,"type":"block"},{"angle":157.5,"time":278.5,"type":"block"},{"angle":45,"time":279,"type":"block"},{"angle":213.75,"time":279.5,"type":"block"},{"angle":326.25,"time":280,"type":"block"},{"angle":112.5,"time":280.5,"type":"block"},{"angle":157.5,"time":281,"type":"block"},{"angle":112.5,"time":282,"type":"block"},{"angle":258.75,"time":282.5,"type":"block"},{"angle":0,"time":283,"type":"block"},{"angle":90,"time":283.5,"type":"block"},{"angle":191.25,"time":284,"type":"block"},{"angle":22.5,"time":284.5,"type":"block"},{"angle":247.5,"time":285,"type":"block"},{"angle":101.25,"time":285.5,"type":"block"},{"angle":337.5,"time":286,"type":"block"},{"angle":168.75,"time":286.5,"type":"block"},{"angle":213.75,"time":287,"type":"block"},{"angle":78.75,"time":287.5,"type":"block"},{"angle":348.75,"time":288,"type":"block"},{"angle":78.75,"time":288.5,"type":"block"},{"angle":213.75,"time":289,"type":"block"},{"angle":11.25,"time":289.5,"type":"block"},{"angle":135,"time":290,"type":"block"},{"angle":281.25,"time":290.5,"type":"block"},{"angle":33.75,"time":291,"type":"block"},{"angle":180,"time":291.5,"type":"block"},{"angle":326.25,"time":292,"type":"block"},{"angle":112.5,"time":292.5,"type":"block"},{"angle":236.25,"time":293,"type":"block"},{"angle":33.75,"time":293.5,"type":"block"},{"angle":101.25,"time":294,"type":"block"},{"angle":213.75,"time":294.5,"type":"block"},{"angle":101.25,"time":295,"type":"block"},{"angle":348.75,"time":295.5,"type":"block"},{"angle":213.75,"time":296,"type":"block"},{"angle":33.75,"time":296.5,"type":"block"},{"angle":348.75,"time":297,"type":"block"},{"angle":0,"time":297,"type":"block"},{"angle":0,"time":297,"type":"block"},{"angle":11.25,"time":297,"type":"block"},{"angle":236.25,"time":297.5,"type":"block"},{"angle":225,"time":297.5,"type":"block"},{"angle":213.75,"time":297.5,"type":"block"},{"angle":360,"time":298,"type":"block"},{"angle":348.75,"time":298,"type":"block"},{"angle":11.25,"time":298,"type":"block"},{"angle":146.25,"time":298.5,"type":"block"},{"angle":135,"time":298.5,"type":"block"},{"angle":123.75,"time":298.5,"type":"block"},{"angle":348.75,"time":299,"type":"block"},{"angle":0,"time":299,"type":"block"},{"angle":11.25,"time":299,"type":"block"},{"angle":236.25,"time":299.5,"type":"block"},{"angle":225,"time":299.5,"type":"block"},{"angle":213.75,"time":299.5,"type":"block"},{"angle":-528.75,"time":300,"type":"block"},{"angle":-180,"time":300,"type":"block"},{"angle":-191.25,"time":300,"type":"block"},{"angle":-303.75,"time":300.5,"type":"block"},{"angle":-326.25,"time":300.5,"type":"block"},{"angle":-315,"time":300.5,"type":"block"},{"angle":-528.75,"time":301,"type":"block"},{"angle":-540,"time":301,"type":"block"},{"angle":-191.25,"time":301,"type":"block"},{"angle":-416.25,"time":301.5,"type":"block"},{"angle":-405,"time":301.5,"type":"block"},{"angle":-393.75,"time":301.5,"type":"block"},{"angle":-528.75,"time":302,"type":"block"},{"angle":-540,"time":302,"type":"block"},{"angle":-191.25,"time":302,"type":"block"},{"angle":-326.25,"time":302.5,"type":"block"},{"angle":-315,"time":302.5,"type":"block"},{"angle":-303.75,"time":302.5,"type":"block"},{"angle":-528.75,"time":303,"type":"block"},{"angle":-540,"time":303,"type":"block"},{"angle":-191.25,"time":303,"type":"block"},{"angle":-416.25,"time":303.5,"type":"block"},{"angle":-405,"time":303.5,"type":"block"},{"angle":-393.75,"time":303.5,"type":"block"},{"angle":157.5,"time":304,"type":"block"},{"angle":247.5,"time":304.5,"type":"block"},{"angle":45,"time":305,"type":"block"},{"angle":157.5,"time":305.5,"type":"block"},{"angle":292.5,"time":306,"type":"block"},{"angle":45,"time":306.5,"type":"block"},{"angle":168.75,"time":307,"type":"block"},{"angle":292.5,"time":307.5,"type":"block"},{"angle":101.25,"time":308,"type":"block"},{"angle":22.5,"time":308.5,"type":"block"},{"angle":213.75,"time":309,"type":"block"},{"angle":135,"time":309.5,"type":"block"},{"angle":326.25,"time":310,"type":"block"},{"angle":180,"time":310.5,"type":"block"},{"angle":90,"time":311,"type":"block"},{"angle":337.5,"time":311.5,"type":"block"},{"angle":146.25,"time":312,"type":"block"},{"angle":247.5,"time":312.5,"type":"block"},{"angle":45,"time":313,"type":"block"},{"angle":112.5,"time":313.5,"type":"block"},{"angle":0,"time":314,"type":"block"},{"angle":292.5,"time":314.5,"type":"block"},{"angle":157.5,"time":315,"type":"block"},{"angle":67.5,"time":315.5,"type":"block"},{"angle":360,"time":316,"type":"block"},{"angle":360,"time":318,"type":"block"},{"angle":348.75,"time":318,"type":"block"},{"angle":11.25,"time":318,"type":"block"},{"angle":348.75,"time":318.5,"type":"block"},{"angle":0,"time":318.5,"type":"block"},{"angle":11.25,"time":318.5,"type":"block"},{"angle":11.25,"time":319,"type":"block"},{"angle":0,"time":319,"type":"block"},{"angle":348.75,"time":319,"type":"block"},{"angle":348.75,"time":319.5,"type":"block"},{"angle":360,"time":319.5,"type":"block"},{"angle":11.25,"time":319.5,"type":"block"},{"angle":348.75,"time":320,"type":"block"},{"angle":360,"time":320,"type":"block"},{"angle":11.25,"time":320,"type":"block"},{"angle":337.5,"time":320,"type":"block"},{"angle":22.5,"time":320,"type":"block"},{"angle":112.5,"time":320.5,"type":"block"},{"angle":258.75,"time":321,"type":"block"},{"angle":247.5,"time":321,"type":"block"},{"angle":236.25,"time":321,"type":"block"},{"angle":225,"time":321,"type":"block"},{"angle":213.75,"time":321,"type":"block"},{"angle":315,"time":321.5,"type":"block"},{"angle":56.25,"time":322,"type":"block"},{"angle":67.5,"time":322,"type":"block"},{"angle":78.75,"time":322,"type":"block"},{"angle":90,"time":322,"type":"block"},{"angle":101.25,"time":322,"type":"block"},{"angle":11.25,"time":322.5,"type":"block"},{"angle":236.25,"time":323,"type":"block"},{"angle":225,"time":323,"type":"block"},{"angle":213.75,"time":323,"type":"block"},{"angle":202.5,"time":323,"type":"block"},{"angle":191.25,"time":323,"type":"block"},{"angle":315,"time":323.5,"type":"block"},{"angle":67.5,"time":324,"type":"block"},{"angle":78.75,"time":324,"type":"block"},{"angle":90,"time":324,"type":"block"},{"angle":101.25,"time":324,"type":"block"},{"angle":112.5,"time":324,"type":"block"},{"angle":22.5,"time":324.5,"type":"block"},{"angle":258.75,"time":325,"type":"block"},{"angle":247.5,"time":325,"type":"block"},{"angle":236.25,"time":325,"type":"block"},{"angle":225,"time":325,"type":"block"},{"angle":213.75,"time":325,"type":"block"},{"angle":315,"time":325.5,"type":"block"},{"angle":45,"time":326,"type":"block"},{"angle":67.5,"time":326,"type":"block"},{"angle":56.25,"time":326,"type":"block"},{"angle":78.75,"time":326,"type":"block"},{"angle":90,"time":326,"type":"block"},{"angle":348.75,"time":326.5,"type":"block"},{"angle":225,"time":327,"type":"block"},{"angle":213.75,"time":327,"type":"block"},{"angle":202.5,"time":327,"type":"block"},{"angle":191.25,"time":327,"type":"block"},{"angle":180,"time":327,"type":"block"},{"angle":101.25,"time":327.5,"type":"block"},{"angle":303.75,"time":328,"type":"block"},{"angle":315,"time":328,"type":"block"},{"angle":326.25,"time":328,"type":"block"},{"angle":337.5,"time":328,"type":"block"},{"angle":348.75,"time":328,"type":"block"},{"angle":45,"time":328.5,"type":"block"},{"angle":213.75,"time":329,"type":"block"},{"angle":202.5,"time":329,"type":"block"},{"angle":191.25,"time":329,"type":"block"},{"angle":180,"time":329,"type":"block"},{"angle":168.75,"time":329,"type":"block"},{"angle":315,"time":329.5,"type":"block"},{"angle":45,"time":330,"type":"block"},{"angle":56.25,"time":330,"type":"block"},{"angle":67.5,"time":330,"type":"block"},{"angle":78.75,"time":330,"type":"block"},{"angle":90,"time":330,"type":"block"},{"angle":22.5,"time":330.5,"type":"block"},{"angle":270,"time":331,"type":"block"},{"angle":258.75,"time":331,"type":"block"},{"angle":247.5,"time":331,"type":"block"},{"angle":236.25,"time":331,"type":"block"},{"angle":225,"time":331,"type":"block"},{"angle":360,"time":331.5,"type":"block"},{"angle":67.5,"time":332,"type":"block"},{"angle":78.75,"time":332,"type":"block"},{"angle":90,"time":332,"type":"block"},{"angle":101.25,"time":332,"type":"block"},{"angle":112.5,"time":332,"type":"block"},{"angle":33.75,"time":332.5,"type":"block"},{"angle":247.5,"time":333,"type":"block"},{"angle":236.25,"time":333,"type":"block"},{"angle":225,"time":333,"type":"block"},{"angle":213.75,"time":333,"type":"block"},{"angle":202.5,"time":333,"type":"block"},{"angle":337.5,"time":333.5,"type":"block"},{"angle":67.5,"time":334,"type":"block"},{"angle":78.75,"time":334,"type":"block"},{"angle":90,"time":334,"type":"block"},{"angle":112.5,"time":334,"type":"block"},{"angle":101.25,"time":334,"type":"block"},{"angle":326.25,"time":334.5,"type":"block"},{"angle":337.5,"time":334.5,"type":"block"},{"angle":348.75,"time":334.5,"type":"block"},{"angle":0,"time":334.5,"type":"block"},{"angle":11.25,"time":334.5,"type":"block"},{"angle":225,"time":335,"type":"block"},{"angle":213.75,"time":335,"type":"block"},{"angle":202.5,"time":335,"type":"block"},{"angle":191.25,"time":335,"type":"block"},{"angle":180,"time":335,"type":"block"},{"angle":292.5,"time":336,"type":"block"},{"angle":303.75,"time":336,"type":"block"},{"angle":315,"time":336,"type":"block"},{"angle":326.25,"time":336,"type":"block"},{"angle":337.5,"time":336,"type":"block"},{"angle":90,"time":335.5,"type":"block"},{"angle":78.75,"time":335.5,"type":"block"},{"angle":67.5,"time":335.5,"type":"block"},{"angle":56.25,"time":335.5,"type":"block"},{"angle":45,"time":335.5,"type":"block"},{"angle":191.25,"time":336.5,"type":"block"},{"angle":101.25,"time":337,"type":"block"},{"angle":90,"time":337,"type":"block"},{"angle":90,"time":337,"type":"block"},{"angle":78.75,"time":337,"type":"block"},{"angle":67.5,"time":337,"type":"block"},{"angle":56.25,"time":337,"type":"block"},{"angle":337.5,"time":337.5,"type":"block"},{"angle":213.75,"time":338,"type":"block"},{"angle":202.5,"time":338,"type":"block"},{"angle":191.25,"time":338,"type":"block"},{"angle":168.75,"time":338,"type":"block"},{"angle":180,"time":338,"type":"block"},{"angle":78.75,"time":338.5,"type":"block"},{"angle":292.5,"time":339,"type":"block"},{"angle":303.75,"time":339,"type":"block"},{"angle":315,"time":339,"type":"block"},{"angle":326.25,"time":339,"type":"block"},{"angle":337.5,"time":339,"type":"block"},{"angle":213.75,"time":339.5,"type":"block"},{"angle":22.5,"time":340,"type":"block"},{"angle":33.75,"time":340,"type":"block"},{"angle":45,"time":340,"type":"block"},{"angle":56.25,"time":340,"type":"block"},{"angle":67.5,"time":340,"type":"block"},{"angle":146.25,"time":340.5,"type":"block"},{"angle":270,"time":341,"type":"block"},{"angle":281.25,"time":341,"type":"block"},{"angle":292.5,"time":341,"type":"block"},{"angle":303.75,"time":341,"type":"block"},{"angle":315,"time":341,"type":"block"},{"angle":22.5,"time":341.5,"type":"block"},{"angle":213.75,"time":342,"type":"block"},{"angle":202.5,"time":342,"type":"block"},{"angle":191.25,"time":342,"type":"block"},{"angle":180,"time":342,"type":"block"},{"angle":168.75,"time":342,"type":"block"},{"angle":101.25,"time":342.5,"type":"block"},{"angle":303.75,"time":343,"type":"block"},{"angle":315,"time":343,"type":"block"},{"angle":326.25,"time":343,"type":"block"},{"angle":337.5,"time":343,"type":"block"},{"angle":348.75,"time":343,"type":"block"},{"angle":168.75,"time":343.5,"type":"block"},{"angle":258.75,"time":344,"type":"block"},{"angle":270,"time":344,"type":"block"},{"angle":281.25,"time":344,"type":"block"},{"angle":292.5,"time":344,"type":"block"},{"angle":303.75,"time":344,"type":"block"},{"angle":0,"time":344.5,"type":"block"},{"angle":11.25,"time":344.5,"type":"block"},{"angle":22.5,"time":344.5,"type":"block"},{"angle":213.75,"time":345,"type":"block"},{"angle":202.5,"time":345,"type":"block"},{"angle":191.25,"time":345,"type":"block"},{"angle":180,"time":345,"type":"block"},{"angle":168.75,"time":345,"type":"block"},{"angle":303.75,"time":345.5,"type":"block"},{"angle":315,"time":345.5,"type":"block"},{"angle":326.25,"time":345.5,"type":"block"},{"angle":90,"time":346,"type":"block"},{"angle":78.75,"time":346,"type":"block"},{"angle":67.5,"time":346,"type":"block"},{"angle":56.25,"time":346,"type":"block"},{"angle":45,"time":346,"type":"block"},{"angle":326.25,"time":346.5,"type":"block"},{"angle":337.5,"time":346.5,"type":"block"},{"angle":348.75,"time":346.5,"type":"block"},{"angle":225,"time":347,"type":"block"},{"angle":213.75,"time":347,"type":"block"},{"angle":202.5,"time":347,"type":"block"},{"angle":191.25,"time":347,"type":"block"},{"angle":180,"time":347,"type":"block"},{"angle":90,"time":347.5,"type":"block"},{"angle":78.75,"time":347.5,"type":"block"},{"angle":67.5,"time":347.5,"type":"block"},{"angle":303.75,"time":348,"type":"block"},{"angle":315,"time":348,"type":"block"},{"angle":326.25,"time":348,"type":"block"},{"angle":337.5,"time":348,"type":"block"},{"angle":348.75,"time":348,"type":"block"},{"angle":225,"time":348.5,"type":"block"},{"angle":213.75,"time":348.5,"type":"block"},{"angle":202.5,"time":348.5,"type":"block"},{"angle":56.25,"time":349,"type":"block"},{"angle":67.5,"time":349,"type":"block"},{"angle":78.75,"time":349,"type":"block"},{"angle":90,"time":349,"type":"block"},{"angle":101.25,"time":349,"type":"block"},{"angle":303.75,"time":349.5,"type":"block"},{"angle":315,"time":349.5,"type":"block"},{"angle":326.25,"time":349.5,"type":"block"},{"angle":236.25,"time":350,"type":"block"},{"angle":225,"time":350,"type":"block"},{"angle":213.75,"time":350,"type":"block"},{"angle":202.5,"time":350,"type":"block"},{"angle":191.25,"time":350,"type":"block"},{"angle":101.25,"time":350.5,"type":"block"},{"angle":90,"time":350.5,"type":"block"},{"angle":78.75,"time":350.5,"type":"block"},{"angle":337.5,"time":351,"type":"block"},{"angle":326.25,"time":351,"type":"block"},{"angle":348.75,"time":351,"type":"block"},{"angle":0,"time":351,"type":"block"},{"angle":11.25,"time":351,"type":"block"},{"angle":247.5,"time":351.5,"type":"block"},{"angle":236.25,"time":351.5,"type":"block"},{"angle":225,"time":351.5,"type":"block"},{"angle":146.25,"time":352,"type":"block"},{"angle":135,"time":352,"type":"block"},{"angle":123.75,"time":352,"type":"block"},{"angle":112.5,"time":352,"type":"block"},{"angle":101.25,"time":352,"type":"block"},{"angle":348.75,"time":352.5,"type":"block"},{"angle":247.5,"time":353,"type":"block"},{"angle":236.25,"time":353,"type":"block"},{"angle":225,"time":353,"type":"block"},{"angle":213.75,"time":353,"type":"block"},{"angle":202.5,"time":353,"type":"block"},{"angle":78.75,"time":353.5,"type":"block"},{"angle":315,"time":354,"type":"block"},{"angle":326.25,"time":354,"type":"block"},{"angle":337.5,"time":354,"type":"block"},{"angle":348.75,"time":354,"type":"block"},{"angle":0,"time":354,"type":"block"},{"angle":213.75,"time":354.5,"type":"block"},{"angle":146.25,"time":355,"type":"block"},{"angle":135,"time":355,"type":"block"},{"angle":123.75,"time":355,"type":"block"},{"angle":112.5,"time":355,"type":"block"},{"angle":101.25,"time":355,"type":"block"},{"angle":56.25,"time":355.5,"type":"block"},{"angle":258.75,"time":356,"type":"block"},{"angle":270,"time":356,"type":"block"},{"angle":281.25,"time":356,"type":"block"},{"angle":292.5,"time":356,"type":"block"},{"angle":303.75,"time":356,"type":"block"},{"angle":0,"time":356.5,"type":"block"},{"angle":157.5,"time":357,"type":"block"},{"angle":146.25,"time":357,"type":"block"},{"angle":135,"time":357,"type":"block"},{"angle":123.75,"time":357,"type":"block"},{"angle":112.5,"time":357,"type":"block"},{"angle":78.75,"time":357.5,"type":"block"},{"angle":258.75,"time":358,"type":"block"},{"angle":247.5,"time":358,"type":"block"},{"angle":236.25,"time":358,"type":"block"},{"angle":225,"time":358,"type":"block"},{"angle":213.75,"time":358,"type":"block"},{"angle":348.75,"time":358.5,"type":"block"},{"angle":33.75,"time":359,"type":"block"},{"angle":45,"time":359,"type":"block"},{"angle":56.25,"time":359,"type":"block"},{"angle":67.5,"time":359,"type":"block"},{"angle":78.75,"time":359,"type":"block"},{"angle":157.5,"time":359.5,"type":"block"},{"angle":258.75,"time":360,"type":"block"},{"angle":270,"time":360,"type":"block"},{"angle":281.25,"time":360,"type":"block"},{"angle":292.5,"time":360,"type":"block"},{"angle":303.75,"time":360,"type":"block"},{"angle":22.5,"time":360.5,"type":"block"},{"angle":180,"time":361,"type":"block"},{"angle":168.75,"time":361,"type":"block"},{"angle":157.5,"time":361,"type":"block"},{"angle":146.25,"time":361,"type":"block"},{"angle":135,"time":361,"type":"block"},{"angle":78.75,"time":361.5,"type":"block"},{"angle":258.75,"time":362,"type":"block"},{"angle":270,"time":362,"type":"block"},{"angle":281.25,"time":362,"type":"block"},{"angle":292.5,"time":362,"type":"block"},{"angle":303.75,"time":362,"type":"block"},{"angle":135,"time":362.5,"type":"block"},{"angle":315,"time":363,"type":"block"},{"angle":337.5,"time":363,"type":"block"},{"angle":326.25,"time":363,"type":"block"},{"angle":348.75,"time":363,"type":"block"},{"angle":0,"time":363,"type":"block"},{"angle":90,"time":363.5,"type":"block"},{"angle":202.5,"time":364,"type":"block"},{"angle":191.25,"time":364,"type":"block"},{"angle":180,"time":364,"type":"block"},{"angle":168.75,"time":364,"type":"block"},{"angle":157.5,"time":364,"type":"block"},{"angle":270,"time":364.5,"type":"block"},{"angle":22.5,"time":365,"type":"block"},{"angle":33.75,"time":365,"type":"block"},{"angle":45,"time":365,"type":"block"},{"angle":56.25,"time":365,"type":"block"},{"angle":67.5,"time":365,"type":"block"},{"angle":326.25,"time":365.5,"type":"block"},{"angle":202.5,"time":366,"type":"block"},{"angle":191.25,"time":366,"type":"block"},{"angle":180,"time":366,"type":"block"},{"angle":168.75,"time":366,"type":"block"},{"angle":157.5,"time":366,"type":"block"},{"angle":78.75,"time":366.5,"type":"block"},{"angle":258.75,"time":367,"type":"block"},{"angle":270,"time":367,"type":"block"},{"angle":281.25,"time":367,"type":"block"},{"angle":292.5,"time":367,"type":"block"},{"angle":303.75,"time":367,"type":"block"},{"angle":11.25,"time":367.5,"type":"block"},{"angle":213.75,"time":368,"type":"block"},{"angle":202.5,"time":368,"type":"block"},{"angle":191.25,"time":368,"type":"block"},{"angle":180,"time":368,"type":"block"},{"angle":168.75,"time":368,"type":"block"},{"angle":247.5,"time":368.5,"type":"block"},{"angle":67.5,"time":369,"type":"block"},{"angle":56.25,"time":369,"type":"block"},{"angle":45,"time":369,"type":"block"},{"angle":33.75,"time":369,"type":"block"},{"angle":22.5,"time":369,"type":"block"},{"angle":0,"time":367.5,"type":"block"},{"angle":22.5,"time":367.5,"type":"block"},{"angle":348.75,"time":367.5,"type":"block"},{"angle":33.75,"time":367.5,"type":"block"},{"angle":67.5,"time":366.5,"type":"block"},{"angle":56.25,"time":366.5,"type":"block"},{"angle":90,"time":366.5,"type":"block"},{"angle":101.25,"time":366.5,"type":"block"},{"angle":303.75,"time":369.5,"type":"block"},{"angle":180,"time":370,"type":"block"},{"angle":157.5,"time":370,"type":"block"},{"angle":168.75,"time":370,"type":"block"},{"angle":146.25,"time":370,"type":"block"},{"angle":135,"time":370,"type":"block"},{"angle":67.5,"time":370.5,"type":"block"},{"angle":315,"time":371,"type":"block"},{"angle":326.25,"time":371,"type":"block"},{"angle":337.5,"time":371,"type":"block"},{"angle":348.75,"time":371,"type":"block"},{"angle":303.75,"time":371,"type":"block"},{"angle":56.25,"time":371.5,"type":"block"},{"angle":202.5,"time":372,"type":"block"},{"angle":191.25,"time":372,"type":"block"},{"angle":180,"time":372,"type":"block"},{"angle":168.75,"time":372,"type":"block"},{"angle":157.5,"time":372,"type":"block"},{"angle":315,"time":372.5,"type":"block"},{"angle":112.5,"time":373,"type":"block"},{"angle":101.25,"time":373,"type":"block"},{"angle":90,"time":373,"type":"block"},{"angle":78.75,"time":373,"type":"block"},{"angle":67.5,"time":373,"type":"block"},{"angle":22.5,"time":373.5,"type":"block"},{"angle":236.25,"time":374,"type":"block"},{"angle":225,"time":374,"type":"block"},{"angle":213.75,"time":374,"type":"block"},{"angle":202.5,"time":374,"type":"block"},{"angle":191.25,"time":374,"type":"block"},{"angle":303.75,"time":374.5,"type":"block"},{"angle":123.75,"time":375,"type":"block"},{"angle":112.5,"time":375,"type":"block"},{"angle":101.25,"time":375,"type":"block"},{"angle":90,"time":375,"type":"block"},{"angle":78.75,"time":375,"type":"block"},{"angle":191.25,"time":375.5,"type":"block"},{"angle":270,"time":376,"type":"block"},{"angle":281.25,"time":376,"type":"block"},{"angle":292.5,"time":376,"type":"block"},{"angle":303.75,"time":376,"type":"block"},{"angle":315,"time":376,"type":"block"},{"angle":146.25,"time":376.5,"type":"block"},{"angle":135,"time":376.5,"type":"block"},{"angle":123.75,"time":376.5,"type":"block"},{"angle":11.25,"time":377,"type":"block"},{"angle":33.75,"time":377,"type":"block"},{"angle":22.5,"time":377,"type":"block"},{"angle":45,"time":377,"type":"block"},{"angle":56.25,"time":377,"type":"block"},{"angle":270,"time":377.5,"type":"block"},{"angle":281.25,"time":377.5,"type":"block"},{"angle":292.5,"time":377.5,"type":"block"},{"angle":202.5,"time":378,"type":"block"},{"angle":191.25,"time":378,"type":"block"},{"angle":180,"time":378,"type":"block"},{"angle":168.75,"time":378,"type":"block"},{"angle":157.5,"time":378,"type":"block"},{"angle":78.75,"time":378.5,"type":"block"},{"angle":67.5,"time":378.5,"type":"block"},{"angle":56.25,"time":378.5,"type":"block"},{"angle":270,"time":379,"type":"block"},{"angle":281.25,"time":379,"type":"block"},{"angle":292.5,"time":379,"type":"block"},{"angle":303.75,"time":379,"type":"block"},{"angle":315,"time":379,"type":"block"},{"angle":90,"time":379.5,"type":"block"},{"angle":101.25,"time":379.5,"type":"block"},{"angle":101.25,"time":379.5,"type":"block"},{"angle":112.5,"time":379.5,"type":"block"},{"angle":236.25,"time":380,"type":"block"},{"angle":225,"time":380,"type":"block"},{"angle":213.75,"time":380,"type":"block"},{"angle":202.5,"time":380,"type":"block"},{"angle":191.25,"time":380,"type":"block"},{"angle":315,"time":380.5,"type":"block"},{"angle":326.25,"time":380.5,"type":"block"},{"angle":337.5,"time":380.5,"type":"block"},{"angle":45,"time":381,"type":"block"},{"angle":56.25,"time":381,"type":"block"},{"angle":67.5,"time":381,"type":"block"},{"angle":78.75,"time":381,"type":"block"},{"angle":90,"time":381,"type":"block"},{"angle":168.75,"time":381.5,"type":"block"},{"angle":157.5,"time":381.5,"type":"block"},{"angle":146.25,"time":381.5,"type":"block"},{"angle":270,"time":382,"type":"block"},{"angle":258.75,"time":382,"type":"block"},{"angle":247.5,"time":382,"type":"block"},{"angle":236.25,"time":382,"type":"block"},{"angle":225,"time":382,"type":"block"},{"angle":22.5,"time":382.5,"type":"block"},{"angle":33.75,"time":382.5,"type":"block"},{"angle":45,"time":382.5,"type":"block"},{"angle":213.75,"time":383,"type":"block"},{"angle":225,"time":383,"type":"block"},{"angle":202.5,"time":383,"type":"block"},{"angle":303.75,"time":383.5,"type":"block"},{"angle":135,"time":384,"type":"block"},{"angle":123.75,"time":384,"type":"block"},{"angle":112.5,"time":384,"type":"block"},{"angle":360,"time":384.5,"type":"block"},{"angle":258.75,"time":385,"type":"block"},{"angle":247.5,"time":385,"type":"block"},{"angle":270,"time":385,"type":"block"},{"angle":146.25,"time":385.5,"type":"block"},{"angle":0,"time":386,"type":"block"},{"angle":11.25,"time":386,"type":"block"},{"angle":22.5,"time":386,"type":"block"},{"angle":225,"time":386.5,"type":"block"},{"angle":90,"time":387,"type":"block"},{"angle":78.75,"time":387,"type":"block"},{"angle":67.5,"time":387,"type":"block"},{"angle":337.5,"time":387.5,"type":"block"},{"angle":225,"time":388,"type":"block"},{"angle":213.75,"time":388,"type":"block"},{"angle":202.5,"time":388,"type":"block"},{"angle":56.25,"time":388.5,"type":"block"},{"angle":303.75,"time":389,"type":"block"},{"angle":315,"time":389,"type":"block"},{"angle":326.25,"time":389,"type":"block"},{"angle":247.5,"time":389.5,"type":"block"},{"angle":90,"time":390,"type":"block"},{"angle":101.25,"time":390,"type":"block"},{"angle":112.5,"time":390,"type":"block"},{"angle":33.75,"time":390.5,"type":"block"},{"angle":225,"time":391,"type":"block"},{"angle":202.5,"time":391,"type":"block"},{"angle":213.75,"time":391,"type":"block"},{"angle":281.25,"time":391.5,"type":"block"},{"angle":22.5,"time":392,"type":"block"},{"angle":33.75,"time":392,"type":"block"},{"angle":45,"time":392,"type":"block"},{"angle":123.75,"time":392.5,"type":"block"},{"angle":247.5,"time":393,"type":"block"},{"angle":258.75,"time":393,"type":"block"},{"angle":270,"time":393,"type":"block"},{"angle":337.5,"time":393.5,"type":"block"},{"angle":191.25,"time":394,"type":"block"},{"angle":180,"time":394,"type":"block"},{"angle":168.75,"time":394,"type":"block"},{"angle":123.75,"time":394.5,"type":"block"},{"angle":337.5,"time":395,"type":"block"},{"angle":348.75,"time":395,"type":"block"},{"angle":0,"time":395,"type":"block"},{"angle":11.25,"time":392,"type":"block"},{"angle":56.25,"time":392,"type":"block"},{"angle":112.5,"time":392.5,"type":"block"},{"angle":135,"time":392.5,"type":"block"},{"angle":281.25,"time":393,"type":"block"},{"angle":236.25,"time":393,"type":"block"},{"angle":326.25,"time":393.5,"type":"block"},{"angle":348.75,"time":393.5,"type":"block"},{"angle":202.5,"time":394,"type":"block"},{"angle":157.5,"time":394,"type":"block"},{"angle":135,"time":394.5,"type":"block"},{"angle":112.5,"time":394.5,"type":"block"},{"angle":326.25,"time":395,"type":"block"},{"angle":11.25,"time":395,"type":"block"},{"angle":78.75,"time":395.5,"type":"block"},{"angle":90,"time":395.5,"type":"block"},{"angle":101.25,"time":395.5,"type":"block"},{"angle":236.25,"time":396,"type":"block"},{"angle":225,"time":396,"type":"block"},{"angle":213.75,"time":396,"type":"block"},{"angle":202.5,"time":396,"type":"block"},{"angle":191.25,"time":396,"type":"block"},{"angle":303.75,"time":396.5,"type":"block"},{"angle":315,"time":396.5,"type":"block"},{"angle":326.25,"time":396.5,"type":"block"},{"angle":135,"time":397,"type":"block"},{"angle":123.75,"time":397,"type":"block"},{"angle":112.5,"time":397,"type":"block"},{"angle":101.25,"time":397,"type":"block"},{"angle":90,"time":397,"type":"block"},{"angle":270,"time":397.5,"type":"block"},{"angle":258.75,"time":397.5,"type":"block"},{"angle":281.25,"time":397.5,"type":"block"},{"angle":33.75,"time":398,"type":"block"},{"angle":45,"time":398,"type":"block"},{"angle":56.25,"time":398,"type":"block"},{"angle":67.5,"time":398,"type":"block"},{"angle":78.75,"time":398,"type":"block"},{"angle":258.75,"time":398.5,"type":"block"},{"angle":270,"time":398.5,"type":"block"},{"angle":281.25,"time":398.5,"type":"block"},{"angle":191.25,"time":399,"type":"block"},{"angle":157.5,"time":399,"type":"block"},{"angle":180,"time":399,"type":"block"},{"angle":168.75,"time":399,"type":"block"},{"angle":146.25,"time":399,"type":"block"},{"angle":348.75,"time":399.5,"type":"block"},{"angle":101.25,"time":400,"type":"block"},{"angle":112.5,"time":400,"type":"block"},{"angle":123.75,"time":400,"type":"block"},{"angle":270,"time":400.5,"type":"block"},{"angle":22.5,"time":401,"type":"block"},{"angle":33.75,"time":401,"type":"block"},{"angle":45,"time":401,"type":"block"},{"angle":135,"time":401.5,"type":"block"},{"angle":258.75,"time":402,"type":"block"},{"angle":247.5,"time":402,"type":"block"},{"angle":236.25,"time":402,"type":"block"},{"angle":33.75,"time":402.5,"type":"block"},{"angle":157.5,"time":403,"type":"block"},{"angle":146.25,"time":403,"type":"block"},{"angle":135,"time":403,"type":"block"},{"angle":225,"time":403.5,"type":"block"},{"angle":11.25,"time":404,"type":"block"},{"angle":22.5,"time":404,"type":"block"},{"angle":33.75,"time":404,"type":"block"},{"angle":112.5,"time":404.5,"type":"block"},{"angle":247.5,"time":405,"type":"block"},{"angle":236.25,"time":405,"type":"block"},{"angle":225,"time":405,"type":"block"},{"angle":146.25,"time":405.5,"type":"block"},{"angle":337.5,"time":406,"type":"block"},{"angle":348.75,"time":406,"type":"block"},{"angle":0,"time":406,"type":"block"},{"angle":247.5,"time":406.5,"type":"block"},{"angle":146.25,"time":407,"type":"block"},{"angle":135,"time":407,"type":"block"},{"angle":123.75,"time":407,"type":"block"},{"angle":45,"time":407.5,"type":"block"},{"angle":225,"time":408,"type":"block"},{"angle":202.5,"time":408,"type":"block"},{"angle":213.75,"time":408,"type":"block"},{"angle":135,"time":408.5,"type":"block"},{"angle":315,"time":409,"type":"block"},{"angle":326.25,"time":409,"type":"block"},{"angle":337.5,"time":409,"type":"block"},{"angle":236.25,"time":408,"type":"block"},{"angle":191.25,"time":408,"type":"block"},{"angle":146.25,"time":408.5,"type":"block"},{"angle":123.75,"time":408.5,"type":"block"},{"angle":303.75,"time":409,"type":"block"},{"angle":348.75,"time":409,"type":"block"},{"angle":56.25,"time":409.5,"type":"block"},{"angle":67.5,"time":409.5,"type":"block"},{"angle":78.75,"time":409.5,"type":"block"},{"angle":236.25,"time":410,"type":"block"},{"angle":225,"time":410,"type":"block"},{"angle":213.75,"time":410,"type":"block"},{"angle":202.5,"time":410,"type":"block"},{"angle":191.25,"time":410,"type":"block"},{"angle":123.75,"time":410.5,"type":"block"},{"angle":337.5,"time":411,"type":"block"},{"angle":348.75,"time":411,"type":"block"},{"angle":0,"time":411,"type":"block"},{"angle":11.25,"time":411,"type":"block"},{"angle":22.5,"time":411,"type":"block"},{"angle":112.5,"time":410.5,"type":"block"},{"angle":135,"time":410.5,"type":"block"},{"angle":90,"time":411.5,"type":"block"},{"angle":101.25,"time":411.5,"type":"block"},{"angle":112.5,"time":411.5,"type":"block"},{"angle":225,"time":412,"type":"block"},{"angle":213.75,"time":412,"type":"block"},{"angle":202.5,"time":412,"type":"block"},{"angle":191.25,"time":412,"type":"block"},{"angle":180,"time":412,"type":"block"},{"angle":292.5,"time":412.5,"type":"block"},{"angle":303.75,"time":412.5,"type":"block"},{"angle":315,"time":412.5,"type":"block"},{"angle":78.75,"time":413,"type":"block"},{"angle":90,"time":413,"type":"block"},{"angle":101.25,"time":413,"type":"block"},{"angle":112.5,"time":413,"type":"block"},{"angle":123.75,"time":413,"type":"block"},{"angle":247.5,"time":413.5,"type":"block"},{"angle":236.25,"time":413.5,"type":"block"},{"angle":225,"time":413.5,"type":"block"},{"angle":337.5,"time":414,"type":"block"},{"angle":360,"time":414,"type":"block"},{"angle":348.75,"time":414,"type":"block"},{"angle":11.25,"time":414,"type":"block"},{"angle":22.5,"time":414,"type":"block"},{"angle":90,"time":414.5,"type":"block"},{"angle":67.5,"time":414.5,"type":"block"},{"angle":78.75,"time":414.5,"type":"block"},{"angle":258.75,"time":415,"type":"block"},{"angle":247.5,"time":415,"type":"block"},{"angle":236.25,"time":415,"type":"block"},{"angle":225,"time":415,"type":"block"},{"angle":213.75,"time":415,"type":"block"},{"angle":337.5,"time":416,"type":"block"},{"angle":348.75,"time":416,"type":"block"},{"angle":11.25,"time":416,"type":"block"},{"angle":22.5,"time":416,"type":"block"},{"time":416,"type":"hold","duration":32,"angle2":-1080,"angle":0},{"angle":202.5,"time":432,"type":"block"},{"angle":146.25,"time":432.25,"type":"block"},{"angle":303.75,"time":438,"type":"block"},{"angle":337.5,"time":438.25,"type":"block"},{"angle":258.75,"time":440,"type":"block"},{"angle":247.5,"time":440,"type":"block"},{"angle":270,"time":440,"type":"block"},{"angle":303.75,"time":49,"type":"block"},{"angle":281.25,"time":49,"type":"block"},{"angle":112.5,"time":50,"type":"block"},{"angle":135,"time":50,"type":"block"},{"angle":258.75,"time":51,"type":"block"},{"angle":236.25,"time":51,"type":"block"},{"angle":236.25,"time":52,"type":"block"},{"angle":213.75,"time":52,"type":"block"},{"angle":292.5,"time":53,"type":"block"},{"angle":270,"time":53,"type":"block"},{"angle":33.75,"time":54,"type":"block"},{"angle":56.25,"time":54,"type":"block"},{"angle":348.75,"time":55,"type":"block"},{"angle":11.25,"time":55,"type":"block"},{"angle":247.5,"time":56,"type":"block"},{"angle":225,"time":56,"type":"block"},{"angle":270,"time":57,"type":"block"},{"angle":225,"time":57,"type":"block"},{"angle":326.25,"time":58,"type":"block"},{"angle":11.25,"time":58,"type":"block"},{"angle":45,"time":59,"type":"block"},{"angle":90,"time":59,"type":"block"},{"angle":213.75,"time":60,"type":"block"},{"angle":168.75,"time":60,"type":"block"},{"angle":326.25,"time":61,"type":"block"},{"angle":281.25,"time":61,"type":"block"},{"angle":45,"time":62,"type":"block"},{"angle":90,"time":62,"type":"block"},{"angle":135,"time":63,"type":"block"},{"angle":90,"time":63,"type":"block"},{"angle":202.5,"time":64,"type":"block"},{"angle":157.5,"time":64,"type":"block"},{"angle":157.5,"time":315,"type":"block"},{"angle":168.75,"time":315,"type":"block"},{"angle":146.25,"time":315,"type":"block"},{"angle":348.75,"time":316,"type":"block"},{"angle":11.25,"time":316,"type":"block"},{"angle":348.75,"time":314,"type":"block"},{"angle":11.25,"time":314,"type":"block"},{"angle":56.25,"time":313,"type":"block"},{"angle":33.75,"time":313,"type":"block"},{"angle":157.5,"time":312,"type":"block"},{"angle":135,"time":312,"type":"block"},{"angle":78.75,"time":311,"type":"block"},{"angle":101.25,"time":311,"type":"block"},{"angle":236.25,"time":383,"type":"block"},{"angle":191.25,"time":383,"type":"block"},{"angle":78.75,"time":415.5,"type":"block"},{"angle":90,"time":415.5,"type":"block"},{"angle":101.25,"time":415.5,"type":"block"}]