{"events":[{"b":0,"r":0,"time":-8,"g":0,"type":"setColor","color":0,"angle":303.75},{"bpm":200,"angle":303.75,"volume":1,"offset":0.071000002324581,"file":"1.ogg","time":0,"type":"play"},{"duration":27,"b":255,"type":"setColor","g":255,"r":255,"color":1,"angle":191.25,"time":-4},{"time":-8,"var":"scrollSpeed","type":"ease","value":0.5,"angle":281.25},{"type":"ease","duration":2,"var":"scrollSpeed","ease":"inSine","time":-2,"value":1,"angle":270},{"type":"ease","duration":1,"var":"scrollSpeed","ease":"inSine","time":31,"value":1.75,"angle":326.25},{"time":96,"var":"scrollSpeed","angle":191.25,"duration":0.5,"value":1.5,"type":"ease"},{"time":155,"var":"scrollSpeed","angle":157.5,"duration":3.5,"value":0.75,"type":"ease"},{"type":"ease","duration":1,"var":"scrollSpeed","ease":"inSine","time":159,"value":1.75,"angle":157.5},{"angle":33.75,"start":2.5,"var":"scrollSpeed","time":288,"duration":4,"value":1.75,"type":"ease"},{"angle":191.25,"start":2.5,"var":"scrollSpeed","time":304,"duration":4,"value":1.75,"type":"ease"},{"type":"ease","duration":0.5,"var":"scrollSpeed","ease":"outExpo","time":316,"value":0.5,"angle":337.5},{"time":319,"var":"scrollSpeed","angle":337.5,"duration":1,"value":2,"type":"ease"},{"time":416,"var":"scrollSpeed","angle":303.75,"duration":32,"value":0.5,"type":"ease"},{"b":0,"r":0,"time":448,"g":0,"type":"setColor","color":1,"angle":348.75},{"angle":360,"time":449,"type":"showResults"},{"b":0,"r":0,"time":-8,"g":0,"type":"setColor","color":2,"angle":326.25},{"type":"setBgColor","time":-8,"color":2,"angle":348.75},{"angle":180,"start":0.5,"var":"vfx.noteXSkew","time":23,"duration":0.5,"value":0,"type":"ease"},{"angle":180,"start":-0.5,"var":"vfx.noteXSkew","time":23.5,"duration":0.5,"value":0,"type":"ease"},{"angle":180,"start":0.5,"var":"vfx.noteXSkew","time":24,"duration":0.5,"value":0,"type":"ease"},{"angle":180,"start":-0.5,"var":"vfx.noteXSkew","time":24.5,"duration":0.5,"value":0,"type":"ease"},{"angle":180,"start":0.5,"var":"vfx.noteXSkew","time":25,"duration":0.5,"value":0,"type":"ease"},{"angle":180,"start":-0.5,"var":"vfx.noteXSkew","time":25.5,"duration":0.5,"value":0,"type":"ease"},{"angle":180,"start":0.5,"var":"vfx.noteXSkew","time":26,"duration":0.5,"value":0,"type":"ease"},{"angle":180,"start":-0.5,"var":"vfx.noteXSkew","time":26.5,"duration":0.5,"value":0,"type":"ease"},{"angle":180,"start":0.5,"var":"vfx.noteXSkew","time":27,"duration":0.5,"value":0,"type":"ease"},{"angle":180,"start":-0.5,"var":"vfx.noteXSkew","time":27.25,"duration":0.5,"value":0,"type":"ease"},{"angle":180,"start":0.5,"var":"vfx.noteXSkew","time":27.5,"duration":0.5,"value":0,"type":"ease"},{"angle":180,"start":-0.5,"var":"vfx.noteXSkew","time":27.75,"duration":0.5,"value":0,"type":"ease"},{"angle":180,"start":0.5,"var":"vfx.noteXSkew","time":28,"duration":0.5,"value":0,"type":"ease"},{"angle":180,"start":-0.5,"var":"vfx.noteXSkew","time":28.25,"duration":0.5,"value":0,"type":"ease"},{"angle":180,"start":0.5,"var":"vfx.noteXSkew","time":28.5,"duration":0.5,"value":0,"type":"ease"},{"angle":180,"start":-0.5,"var":"vfx.noteXSkew","time":28.75,"duration":0.5,"value":0,"type":"ease"},{"angle":168.75,"start":0.5,"var":"vfx.noteXSkew","time":29,"duration":0.5,"value":0,"type":"ease"},{"angle":168.75,"start":-0.5,"var":"vfx.noteXSkew","time":29.25,"duration":0.5,"value":0,"type":"ease"},{"angle":180,"start":0.5,"var":"vfx.noteXSkew","time":29.5,"duration":0.5,"value":0,"type":"ease"},{"angle":180,"start":-0.5,"var":"vfx.noteXSkew","time":29.75,"duration":0.5,"value":0,"type":"ease"},{"angle":180,"start":0.5,"var":"vfx.noteXSkew","time":30,"duration":0.5,"value":0,"type":"ease"},{"angle":180,"start":-0.5,"var":"vfx.noteXSkew","time":30.25,"duration":0.5,"value":0,"type":"ease"},{"angle":180,"start":0.5,"var":"vfx.noteXSkew","time":30.5,"duration":0.5,"value":0,"type":"ease"},{"angle":180,"start":-0.5,"var":"vfx.noteXSkew","time":30.75,"duration":0.5,"value":0,"type":"ease"},{"duration":1,"g":85,"b":85,"angle":337.5,"time":31,"r":85,"type":"setColor","ease":"inSine","color":1},{"time":32,"b":0,"type":"setColor","color":1,"r":255,"order":0,"angle":326.25,"g":0},{"time":32,"g":0,"color":1,"angle":315,"duration":1.5,"r":0,"order":1,"type":"setColor","b":0},{"time":33,"b":0,"type":"setColor","color":1,"r":255,"order":0,"angle":326.25,"g":0},{"time":33,"g":0,"color":1,"angle":315,"duration":1.25,"r":0,"order":1,"type":"setColor","b":0},{"time":34,"b":0,"type":"setColor","color":1,"r":255,"order":0,"angle":326.25,"g":0},{"time":34,"g":0,"color":1,"angle":315,"duration":1.25,"r":0,"order":1,"type":"setColor","b":0},{"time":35,"b":0,"type":"setColor","color":1,"r":255,"order":0,"angle":326.25,"g":0},{"time":35,"g":0,"color":1,"angle":315,"duration":1.25,"r":0,"order":1,"type":"setColor","b":0},{"time":36,"b":0,"type":"setColor","color":1,"r":255,"order":0,"angle":326.25,"g":0},{"time":36,"g":0,"color":1,"angle":315,"duration":1.25,"r":0,"order":1,"type":"setColor","b":0},{"time":37,"b":0,"type":"setColor","color":1,"r":255,"order":0,"angle":337.5,"g":0},{"time":37,"g":0,"color":1,"angle":326.25,"duration":1.25,"r":0,"order":1,"type":"setColor","b":0},{"time":38,"b":0,"type":"setColor","color":1,"r":255,"order":0,"angle":337.5,"g":0},{"time":38,"g":0,"color":1,"angle":326.25,"duration":1.25,"r":0,"order":1,"type":"setColor","b":0},{"time":39,"b":0,"type":"setColor","color":1,"r":255,"order":0,"angle":337.5,"g":0},{"time":39,"g":0,"color":1,"angle":326.25,"duration":1.25,"r":0,"order":1,"type":"setColor","b":0},{"time":40,"b":0,"type":"setColor","color":1,"r":255,"order":0,"angle":337.5,"g":0},{"time":40,"g":0,"color":1,"angle":326.25,"duration":1.25,"r":0,"order":1,"type":"setColor","b":0},{"time":41,"b":0,"type":"setColor","color":1,"r":255,"order":0,"angle":315,"g":0},{"time":41,"g":0,"color":1,"angle":303.75,"duration":1.25,"r":0,"order":1,"type":"setColor","b":0},{"time":42,"b":0,"type":"setColor","color":1,"r":255,"order":0,"angle":315,"g":0},{"time":42,"g":0,"color":1,"angle":303.75,"duration":1.25,"r":0,"order":1,"type":"setColor","b":0},{"time":43,"b":0,"type":"setColor","color":1,"r":255,"order":0,"angle":315,"g":0},{"time":43,"g":0,"color":1,"angle":303.75,"duration":1.25,"r":0,"order":1,"type":"setColor","b":0},{"time":44,"b":0,"type":"setColor","color":1,"r":255,"order":0,"angle":315,"g":0},{"time":44,"g":0,"color":1,"angle":303.75,"duration":1.25,"r":0,"order":1,"type":"setColor","b":0},{"time":45,"b":0,"type":"setColor","color":1,"r":255,"order":0,"angle":303.75,"g":0},{"time":45,"g":0,"color":1,"angle":292.5,"duration":1.25,"r":0,"order":1,"type":"setColor","b":0},{"time":46,"b":0,"type":"setColor","color":1,"r":255,"order":0,"angle":303.75,"g":0},{"time":46,"g":0,"color":1,"angle":292.5,"duration":1.25,"r":0,"order":1,"type":"setColor","b":0},{"time":46.5,"b":0,"type":"setColor","color":1,"r":255,"order":0,"angle":303.75,"g":0},{"time":46.5,"g":0,"color":1,"angle":292.5,"duration":1.25,"r":0,"order":1,"type":"setColor","b":0},{"time":47,"b":0,"type":"setColor","color":1,"r":255,"order":0,"angle":303.75,"g":0},{"time":47,"g":0,"color":1,"angle":292.5,"duration":1.25,"r":0,"order":1,"type":"setColor","b":0},{"time":47.5,"b":0,"type":"setColor","color":1,"r":255,"order":0,"angle":326.25,"g":0},{"time":47.5,"g":0,"color":1,"angle":315,"duration":1.25,"r":0,"order":1,"type":"setColor","b":0},{"time":48,"b":0,"type":"setColor","color":1,"r":255,"order":0,"angle":326.25,"g":0},{"time":48,"g":0,"color":1,"angle":315,"duration":1.25,"r":0,"order":1,"type":"setColor","b":0},{"time":49,"b":0,"type":"setColor","color":1,"r":255,"order":0,"angle":326.25,"g":0},{"time":49,"g":0,"color":1,"angle":315,"duration":1.25,"r":0,"order":1,"type":"setColor","b":0},{"time":50,"b":0,"type":"setColor","color":1,"r":255,"order":0,"angle":326.25,"g":0},{"time":50,"g":0,"color":1,"angle":315,"duration":1.25,"r":0,"order":1,"type":"setColor","b":0},{"time":51,"b":0,"type":"setColor","color":1,"r":255,"order":0,"angle":326.25,"g":0},{"time":51,"g":0,"color":1,"angle":315,"duration":1.25,"r":0,"order":1,"type":"setColor","b":0},{"time":52,"b":0,"type":"setColor","color":1,"r":255,"order":0,"angle":326.25,"g":0},{"time":52,"g":0,"color":1,"angle":315,"duration":1.25,"r":0,"order":1,"type":"setColor","b":0},{"time":53,"b":0,"type":"setColor","color":1,"r":255,"order":0,"angle":326.25,"g":0},{"time":53,"g":0,"color":1,"angle":315,"duration":1.25,"r":0,"order":1,"type":"setColor","b":0},{"time":54,"b":0,"type":"setColor","color":1,"r":255,"order":0,"angle":326.25,"g":0},{"time":54,"g":0,"color":1,"angle":315,"duration":1.25,"r":0,"order":1,"type":"setColor","b":0},{"time":55,"b":0,"type":"setColor","color":1,"r":255,"order":0,"angle":326.25,"g":0},{"time":55,"g":0,"color":1,"angle":315,"duration":1.25,"r":0,"order":1,"type":"setColor","b":0},{"time":56,"b":0,"type":"setColor","color":1,"r":255,"order":0,"angle":326.25,"g":0},{"time":56,"g":0,"color":1,"angle":315,"duration":1.25,"r":0,"order":1,"type":"setColor","b":0},{"time":57,"b":0,"type":"setColor","color":1,"r":255,"order":0,"angle":315,"g":0},{"time":57,"g":0,"color":1,"angle":303.75,"duration":1.25,"r":0,"order":1,"type":"setColor","b":0},{"time":58,"b":0,"type":"setColor","color":1,"r":255,"order":0,"angle":315,"g":0},{"time":58,"g":0,"color":1,"angle":303.75,"duration":1.25,"r":0,"order":1,"type":"setColor","b":0},{"time":59,"b":0,"type":"setColor","color":1,"r":255,"order":0,"angle":315,"g":0},{"time":59,"g":0,"color":1,"angle":303.75,"duration":1.25,"r":0,"order":1,"type":"setColor","b":0},{"time":60,"b":0,"type":"setColor","color":1,"r":255,"order":0,"angle":315,"g":0},{"time":60,"g":0,"color":1,"angle":303.75,"duration":1.25,"r":0,"order":1,"type":"setColor","b":0},{"time":61,"b":0,"type":"setColor","color":1,"r":255,"order":0,"angle":360,"g":0},{"time":61,"g":0,"color":1,"angle":348.75,"duration":1.25,"r":0,"order":1,"type":"setColor","b":0},{"time":62,"b":0,"type":"setColor","color":1,"r":255,"order":0,"angle":360,"g":0},{"time":62,"g":0,"color":1,"angle":348.75,"duration":1.25,"r":0,"order":1,"type":"setColor","b":0},{"time":63,"b":0,"type":"setColor","color":1,"r":255,"order":0,"angle":360,"g":0},{"time":63,"g":0,"color":1,"angle":348.75,"duration":1.25,"r":0,"order":1,"type":"setColor","b":0},{"time":64,"b":0,"type":"setColor","color":1,"r":255,"order":0,"angle":360,"g":0},{"time":64,"g":0,"color":1,"angle":348.75,"duration":1.25,"r":0,"order":1,"type":"setColor","b":0},{"time":65,"b":0,"type":"setColor","color":1,"r":255,"order":0,"angle":326.25,"g":0},{"time":65,"g":0,"color":1,"angle":315,"duration":1.25,"r":0,"order":1,"type":"setColor","b":0},{"time":66,"b":0,"type":"setColor","color":1,"r":255,"order":0,"angle":326.25,"g":0},{"time":66,"g":0,"color":1,"angle":315,"duration":1.25,"r":0,"order":1,"type":"setColor","b":0},{"time":67,"b":0,"type":"setColor","color":1,"r":255,"order":0,"angle":326.25,"g":0},{"time":67,"g":0,"color":1,"angle":315,"duration":1.25,"r":0,"order":1,"type":"setColor","b":0},{"time":68,"b":0,"type":"setColor","color":1,"r":255,"order":0,"angle":326.25,"g":0},{"time":68,"g":0,"color":1,"angle":315,"duration":1.25,"r":0,"order":1,"type":"setColor","b":0},{"time":69,"b":0,"type":"setColor","color":1,"r":255,"order":0,"angle":303.75,"g":0},{"time":69,"g":0,"color":1,"angle":292.5,"duration":1.25,"r":0,"order":1,"type":"setColor","b":0},{"time":70,"b":0,"type":"setColor","color":1,"r":255,"order":0,"angle":303.75,"g":0},{"time":70,"g":0,"color":1,"angle":292.5,"duration":1.25,"r":0,"order":1,"type":"setColor","b":0},{"time":71,"b":0,"type":"setColor","color":1,"r":255,"order":0,"angle":303.75,"g":0},{"time":71,"g":0,"color":1,"angle":292.5,"duration":1.25,"r":0,"order":1,"type":"setColor","b":0},{"time":72,"b":0,"type":"setColor","color":1,"r":255,"order":0,"angle":303.75,"g":0},{"time":72,"g":0,"color":1,"angle":292.5,"duration":1.25,"r":0,"order":1,"type":"setColor","b":0},{"time":73,"b":0,"type":"setColor","color":1,"r":255,"order":0,"angle":326.25,"g":0},{"time":73,"g":0,"color":1,"angle":315,"duration":1.25,"r":0,"order":1,"type":"setColor","b":0},{"time":74,"b":0,"type":"setColor","color":1,"r":255,"order":0,"angle":326.25,"g":0},{"time":74,"g":0,"color":1,"angle":315,"duration":1.25,"r":0,"order":1,"type":"setColor","b":0},{"time":75,"b":0,"type":"setColor","color":1,"r":255,"order":0,"angle":326.25,"g":0},{"time":75,"g":0,"color":1,"angle":315,"duration":1.25,"r":0,"order":1,"type":"setColor","b":0},{"time":76,"b":0,"type":"setColor","color":1,"r":255,"order":0,"angle":326.25,"g":0},{"time":76,"g":0,"color":1,"angle":315,"duration":1.25,"r":0,"order":1,"type":"setColor","b":0},{"time":77,"b":0,"type":"setColor","color":1,"r":255,"order":0,"angle":360,"g":0},{"time":77,"g":0,"color":1,"angle":348.75,"duration":1.25,"r":0,"order":1,"type":"setColor","b":0},{"time":78,"b":0,"type":"setColor","color":1,"r":255,"order":0,"angle":360,"g":0},{"time":78,"g":0,"color":1,"angle":348.75,"duration":1.25,"r":0,"order":1,"type":"setColor","b":0},{"time":79,"b":0,"type":"setColor","color":1,"r":255,"order":0,"angle":360,"g":0},{"time":79,"g":0,"color":1,"angle":348.75,"duration":1.25,"r":0,"order":1,"type":"setColor","b":0},{"time":80,"b":0,"type":"setColor","color":1,"r":255,"order":0,"angle":360,"g":0},{"time":80,"g":0,"color":1,"angle":348.75,"duration":1.25,"r":0,"order":1,"type":"setColor","b":0},{"time":81,"b":0,"type":"setColor","color":1,"r":255,"order":0,"angle":326.25,"g":0},{"time":81,"g":0,"color":1,"angle":315,"duration":1.25,"r":0,"order":1,"type":"setColor","b":0},{"time":82,"b":0,"type":"setColor","color":1,"r":255,"order":0,"angle":326.25,"g":0},{"time":82,"g":0,"color":1,"angle":315,"duration":1.25,"r":0,"order":1,"type":"setColor","b":0},{"time":83,"b":0,"type":"setColor","color":1,"r":255,"order":0,"angle":326.25,"g":0},{"time":83,"g":0,"color":1,"angle":315,"duration":1.25,"r":0,"order":1,"type":"setColor","b":0},{"time":84,"b":0,"type":"setColor","color":1,"r":255,"order":0,"angle":326.25,"g":0},{"time":84,"g":0,"color":1,"angle":315,"duration":1.25,"r":0,"order":1,"type":"setColor","b":0},{"time":85,"b":0,"type":"setColor","color":1,"r":255,"order":0,"angle":337.5,"g":0},{"time":85,"g":0,"color":1,"angle":326.25,"duration":1.25,"r":0,"order":1,"type":"setColor","b":0},{"time":86,"b":0,"type":"setColor","color":1,"r":255,"order":0,"angle":337.5,"g":0},{"time":86,"g":0,"color":1,"angle":326.25,"duration":1.25,"r":0,"order":1,"type":"setColor","b":0},{"time":87,"b":0,"type":"setColor","color":1,"r":255,"order":0,"angle":337.5,"g":0},{"time":87,"g":0,"color":1,"angle":326.25,"duration":1.25,"r":0,"order":1,"type":"setColor","b":0},{"time":88,"b":0,"type":"setColor","color":1,"r":255,"order":0,"angle":337.5,"g":0},{"time":88,"g":0,"color":1,"angle":326.25,"duration":1.25,"r":0,"order":1,"type":"setColor","b":0},{"time":89,"b":0,"type":"setColor","color":1,"r":255,"order":0,"angle":315,"g":0},{"time":89,"g":0,"color":1,"angle":303.75,"duration":1.25,"r":0,"order":1,"type":"setColor","b":0},{"time":90,"b":0,"type":"setColor","color":1,"r":255,"order":0,"angle":315,"g":0},{"time":90,"g":0,"color":1,"angle":303.75,"duration":1.25,"r":0,"order":1,"type":"setColor","b":0},{"time":91,"b":0,"type":"setColor","color":1,"r":255,"order":0,"angle":315,"g":0},{"time":91,"g":0,"color":1,"angle":303.75,"duration":1.25,"r":0,"order":1,"type":"setColor","b":0},{"time":92,"b":0,"type":"setColor","color":1,"r":255,"order":0,"angle":315,"g":0},{"time":92,"g":0,"color":1,"angle":303.75,"duration":1.25,"r":0,"order":1,"type":"setColor","b":0},{"time":93,"b":0,"type":"setColor","color":1,"r":255,"order":0,"angle":326.25,"g":0},{"time":93,"g":0,"color":1,"angle":315,"duration":1.25,"r":0,"order":1,"type":"setColor","b":0},{"time":94,"b":0,"type":"setColor","color":1,"r":255,"order":0,"angle":326.25,"g":0},{"time":94,"g":0,"color":1,"angle":315,"duration":1.25,"r":0,"order":1,"type":"setColor","b":0},{"time":95,"b":0,"type":"setColor","color":1,"r":255,"order":0,"angle":326.25,"g":0},{"time":95,"g":0,"color":1,"angle":315,"duration":1.25,"r":0,"order":1,"type":"setColor","b":0},{"time":96,"b":0,"type":"setColor","color":1,"r":255,"order":0,"angle":326.25,"g":0},{"time":96,"g":144,"color":1,"angle":315,"duration":1,"r":144,"order":1,"type":"setColor","b":144},{"time":78,"b":0,"type":"setColor","color":1,"r":255,"order":0,"angle":281.25,"g":0},{"time":78,"g":0,"color":1,"angle":270,"duration":1.25,"r":0,"order":1,"type":"setColor","b":0},{"time":78.5,"b":0,"type":"setColor","color":1,"r":255,"order":0,"angle":281.25,"g":0},{"time":78.5,"g":0,"color":1,"angle":270,"duration":1.25,"r":0,"order":1,"type":"setColor","b":0},{"time":79,"b":0,"type":"setColor","color":1,"r":255,"order":0,"angle":281.25,"g":0},{"time":79,"g":0,"color":1,"angle":270,"duration":1.25,"r":0,"order":1,"type":"setColor","b":0},{"time":79.5,"b":0,"type":"setColor","color":1,"r":255,"order":0,"angle":281.25,"g":0},{"time":79.5,"g":0,"color":1,"angle":270,"duration":1.25,"r":0,"order":1,"type":"setColor","b":0},{"duration":3,"b":51,"type":"setColor","g":51,"r":51,"color":1,"angle":247.5,"time":155},{"duration":1,"b":0,"type":"setColor","g":0,"r":165,"color":1,"angle":146.25,"time":159},{"time":224,"b":0,"type":"setColor","color":1,"r":255,"order":0,"angle":348.75,"g":0},{"time":224,"g":71,"color":1,"angle":337.5,"duration":64,"r":71,"order":1,"type":"setColor","b":71},{"b":0,"r":255,"time":288,"g":0,"type":"setColor","color":1,"angle":292.5},{"time":288,"g":181,"color":1,"angle":270,"duration":5,"r":181,"order":1,"type":"setColor","b":181},{"g":0,"r":255,"time":297,"color":1,"type":"setColor","b":0,"angle":292.5},{"time":297,"g":181,"color":1,"angle":270,"duration":1,"r":181,"order":1,"type":"setColor","b":181},{"b":0,"r":255,"time":298,"g":0,"type":"setColor","color":1,"angle":292.5},{"time":298,"g":181,"color":1,"angle":270,"duration":1,"r":181,"order":1,"type":"setColor","b":181},{"b":0,"r":255,"time":299,"g":0,"type":"setColor","color":1,"angle":292.5},{"time":299,"g":181,"color":1,"angle":270,"duration":1,"r":181,"order":1,"type":"setColor","b":181},{"b":0,"r":255,"time":300,"g":0,"type":"setColor","color":1,"angle":292.5},{"time":300,"g":181,"color":1,"angle":270,"duration":1,"r":181,"order":1,"type":"setColor","b":181},{"b":0,"r":255,"time":301,"g":0,"type":"setColor","color":1,"angle":292.5},{"time":301,"g":181,"color":1,"angle":270,"duration":1,"r":181,"order":1,"type":"setColor","b":181},{"b":0,"r":255,"time":302,"g":0,"type":"setColor","color":1,"angle":292.5},{"time":302,"g":181,"color":1,"angle":270,"duration":1,"r":181,"order":1,"type":"setColor","b":181},{"b":0,"r":255,"time":303,"g":0,"type":"setColor","color":1,"angle":292.5},{"time":303,"g":181,"color":1,"angle":270,"duration":1,"r":181,"order":1,"type":"setColor","b":181},{"b":0,"r":255,"time":304,"g":0,"type":"setColor","color":1,"angle":292.5},{"time":304,"g":181,"color":1,"angle":270,"duration":5,"r":181,"order":1,"type":"setColor","b":181},{"time":315,"g":33,"color":1,"angle":270,"duration":1,"r":33,"order":1,"type":"setColor","b":33},{"b":71,"r":71,"time":318,"g":71,"type":"setColor","color":1,"angle":315},{"g":119,"r":119,"time":318.5,"color":1,"type":"setColor","b":119,"angle":315},{"g":144,"r":144,"time":319,"color":1,"type":"setColor","b":144,"angle":315},{"b":209,"r":209,"time":319.5,"g":209,"type":"setColor","color":1,"angle":315},{"time":320,"b":0,"type":"setColor","color":1,"r":255,"order":0,"angle":303.75,"g":0},{"time":320,"g":0,"color":1,"angle":292.5,"duration":1.5,"r":0,"order":1,"type":"setColor","b":0},{"time":321,"b":0,"type":"setColor","color":1,"r":255,"order":0,"angle":303.75,"g":0},{"time":321,"g":0,"color":1,"angle":292.5,"duration":1.25,"r":0,"order":1,"type":"setColor","b":0},{"time":322,"b":0,"type":"setColor","color":1,"r":255,"order":0,"angle":303.75,"g":0},{"time":322,"g":0,"color":1,"angle":292.5,"duration":1.25,"r":0,"order":1,"type":"setColor","b":0},{"time":323,"b":0,"type":"setColor","color":1,"r":255,"order":0,"angle":303.75,"g":0},{"time":323,"g":0,"color":1,"angle":292.5,"duration":1.25,"r":0,"order":1,"type":"setColor","b":0},{"time":324,"b":0,"type":"setColor","color":1,"r":255,"order":0,"angle":303.75,"g":0},{"time":324,"g":0,"color":1,"angle":292.5,"duration":1.25,"r":0,"order":1,"type":"setColor","b":0},{"time":325,"b":0,"type":"setColor","color":1,"r":255,"order":0,"angle":315,"g":0},{"time":325,"g":0,"color":1,"angle":303.75,"duration":1.25,"r":0,"order":1,"type":"setColor","b":0},{"time":326,"b":0,"type":"setColor","color":1,"r":255,"order":0,"angle":315,"g":0},{"time":326,"g":0,"color":1,"angle":303.75,"duration":1.25,"r":0,"order":1,"type":"setColor","b":0},{"time":327,"b":0,"type":"setColor","color":1,"r":255,"order":0,"angle":315,"g":0},{"time":327,"g":0,"color":1,"angle":303.75,"duration":1.25,"r":0,"order":1,"type":"setColor","b":0},{"time":328,"b":0,"type":"setColor","color":1,"r":255,"order":0,"angle":315,"g":0},{"time":328,"g":0,"color":1,"angle":303.75,"duration":1.25,"r":0,"order":1,"type":"setColor","b":0},{"time":329,"b":0,"type":"setColor","color":1,"r":255,"order":0,"angle":292.5,"g":0},{"time":329,"g":0,"color":1,"angle":281.25,"duration":1.25,"r":0,"order":1,"type":"setColor","b":0},{"time":330,"b":0,"type":"setColor","color":1,"r":255,"order":0,"angle":292.5,"g":0},{"time":330,"g":0,"color":1,"angle":281.25,"duration":1.25,"r":0,"order":1,"type":"setColor","b":0},{"time":331,"b":0,"type":"setColor","color":1,"r":255,"order":0,"angle":292.5,"g":0},{"time":331,"g":0,"color":1,"angle":281.25,"duration":1.25,"r":0,"order":1,"type":"setColor","b":0},{"time":332,"b":0,"type":"setColor","color":1,"r":255,"order":0,"angle":292.5,"g":0},{"time":332,"g":0,"color":1,"angle":281.25,"duration":1.25,"r":0,"order":1,"type":"setColor","b":0},{"time":333,"b":0,"type":"setColor","color":1,"r":255,"order":0,"angle":281.25,"g":0},{"time":333,"g":0,"color":1,"angle":270,"duration":1.25,"r":0,"order":1,"type":"setColor","b":0},{"time":334,"b":0,"type":"setColor","color":1,"r":255,"order":0,"angle":281.25,"g":0},{"time":334,"g":0,"color":1,"angle":270,"duration":1.25,"r":0,"order":1,"type":"setColor","b":0},{"time":334.5,"b":0,"type":"setColor","color":1,"r":255,"order":0,"angle":281.25,"g":0},{"time":334.5,"g":0,"color":1,"angle":270,"duration":1.25,"r":0,"order":1,"type":"setColor","b":0},{"time":335,"b":0,"type":"setColor","color":1,"r":255,"order":0,"angle":281.25,"g":0},{"time":335,"g":0,"color":1,"angle":270,"duration":1.25,"r":0,"order":1,"type":"setColor","b":0},{"time":335.5,"b":0,"type":"setColor","color":1,"r":255,"order":0,"angle":303.75,"g":0},{"time":335.5,"g":0,"color":1,"angle":292.5,"duration":1.25,"r":0,"order":1,"type":"setColor","b":0},{"time":336,"b":0,"type":"setColor","color":1,"r":255,"order":0,"angle":303.75,"g":0},{"time":336,"g":0,"color":1,"angle":292.5,"duration":1.25,"r":0,"order":1,"type":"setColor","b":0},{"time":337,"b":0,"type":"setColor","color":1,"r":255,"order":0,"angle":303.75,"g":0},{"time":337,"g":0,"color":1,"angle":292.5,"duration":1.25,"r":0,"order":1,"type":"setColor","b":0},{"time":338,"b":0,"type":"setColor","color":1,"r":255,"order":0,"angle":303.75,"g":0},{"time":338,"g":0,"color":1,"angle":292.5,"duration":1.25,"r":0,"order":1,"type":"setColor","b":0},{"time":339,"b":0,"type":"setColor","color":1,"r":255,"order":0,"angle":303.75,"g":0},{"time":339,"g":0,"color":1,"angle":292.5,"duration":1.25,"r":0,"order":1,"type":"setColor","b":0},{"time":340,"b":0,"type":"setColor","color":1,"r":255,"order":0,"angle":303.75,"g":0},{"time":340,"g":0,"color":1,"angle":292.5,"duration":1.25,"r":0,"order":1,"type":"setColor","b":0},{"time":341,"b":0,"type":"setColor","color":1,"r":255,"order":0,"angle":303.75,"g":0},{"time":341,"g":0,"color":1,"angle":292.5,"duration":1.25,"r":0,"order":1,"type":"setColor","b":0},{"time":342,"b":0,"type":"setColor","color":1,"r":255,"order":0,"angle":303.75,"g":0},{"time":342,"g":0,"color":1,"angle":292.5,"duration":1.25,"r":0,"order":1,"type":"setColor","b":0},{"time":343,"b":0,"type":"setColor","color":1,"r":255,"order":0,"angle":303.75,"g":0},{"time":343,"g":0,"color":1,"angle":292.5,"duration":1.25,"r":0,"order":1,"type":"setColor","b":0},{"time":344,"b":0,"type":"setColor","color":1,"r":255,"order":0,"angle":303.75,"g":0},{"time":344,"g":0,"color":1,"angle":292.5,"duration":1.25,"r":0,"order":1,"type":"setColor","b":0},{"time":345,"b":0,"type":"setColor","color":1,"r":255,"order":0,"angle":292.5,"g":0},{"time":345,"g":0,"color":1,"angle":281.25,"duration":1.25,"r":0,"order":1,"type":"setColor","b":0},{"time":346,"b":0,"type":"setColor","color":1,"r":255,"order":0,"angle":292.5,"g":0},{"time":346,"g":0,"color":1,"angle":281.25,"duration":1.25,"r":0,"order":1,"type":"setColor","b":0},{"time":347,"b":0,"type":"setColor","color":1,"r":255,"order":0,"angle":292.5,"g":0},{"time":347,"g":0,"color":1,"angle":281.25,"duration":1.25,"r":0,"order":1,"type":"setColor","b":0},{"time":348,"b":0,"type":"setColor","color":1,"r":255,"order":0,"angle":292.5,"g":0},{"time":348,"g":0,"color":1,"angle":281.25,"duration":1.25,"r":0,"order":1,"type":"setColor","b":0},{"time":349,"b":0,"type":"setColor","color":1,"r":255,"order":0,"angle":337.5,"g":0},{"time":349,"g":0,"color":1,"angle":326.25,"duration":1.25,"r":0,"order":1,"type":"setColor","b":0},{"time":350,"b":0,"type":"setColor","color":1,"r":255,"order":0,"angle":337.5,"g":0},{"time":350,"g":0,"color":1,"angle":326.25,"duration":1.25,"r":0,"order":1,"type":"setColor","b":0},{"time":351,"b":0,"type":"setColor","color":1,"r":255,"order":0,"angle":337.5,"g":0},{"time":351,"g":0,"color":1,"angle":326.25,"duration":1.25,"r":0,"order":1,"type":"setColor","b":0},{"time":352,"b":0,"type":"setColor","color":1,"r":255,"order":0,"angle":337.5,"g":0},{"time":352,"g":0,"color":1,"angle":326.25,"duration":1.25,"r":0,"order":1,"type":"setColor","b":0},{"time":353,"b":0,"type":"setColor","color":1,"r":255,"order":0,"angle":303.75,"g":0},{"time":353,"g":0,"color":1,"angle":292.5,"duration":1.25,"r":0,"order":1,"type":"setColor","b":0},{"time":354,"b":0,"type":"setColor","color":1,"r":255,"order":0,"angle":303.75,"g":0},{"time":354,"g":0,"color":1,"angle":292.5,"duration":1.25,"r":0,"order":1,"type":"setColor","b":0},{"time":355,"b":0,"type":"setColor","color":1,"r":255,"order":0,"angle":303.75,"g":0},{"time":355,"g":0,"color":1,"angle":292.5,"duration":1.25,"r":0,"order":1,"type":"setColor","b":0},{"time":356,"b":0,"type":"setColor","color":1,"r":255,"order":0,"angle":303.75,"g":0},{"time":356,"g":0,"color":1,"angle":292.5,"duration":1.25,"r":0,"order":1,"type":"setColor","b":0},{"time":357,"b":0,"type":"setColor","color":1,"r":255,"order":0,"angle":281.25,"g":0},{"time":357,"g":0,"color":1,"angle":270,"duration":1.25,"r":0,"order":1,"type":"setColor","b":0},{"time":358,"b":0,"type":"setColor","color":1,"r":255,"order":0,"angle":281.25,"g":0},{"time":358,"g":0,"color":1,"angle":270,"duration":1.25,"r":0,"order":1,"type":"setColor","b":0},{"time":359,"b":0,"type":"setColor","color":1,"r":255,"order":0,"angle":281.25,"g":0},{"time":359,"g":0,"color":1,"angle":270,"duration":1.25,"r":0,"order":1,"type":"setColor","b":0},{"time":360,"b":0,"type":"setColor","color":1,"r":255,"order":0,"angle":281.25,"g":0},{"time":360,"g":0,"color":1,"angle":270,"duration":1.25,"r":0,"order":1,"type":"setColor","b":0},{"time":361,"b":0,"type":"setColor","color":1,"r":255,"order":0,"angle":303.75,"g":0},{"time":361,"g":0,"color":1,"angle":292.5,"duration":1.25,"r":0,"order":1,"type":"setColor","b":0},{"time":362,"b":0,"type":"setColor","color":1,"r":255,"order":0,"angle":303.75,"g":0},{"time":362,"g":0,"color":1,"angle":292.5,"duration":1.25,"r":0,"order":1,"type":"setColor","b":0},{"time":363,"b":0,"type":"setColor","color":1,"r":255,"order":0,"angle":303.75,"g":0},{"time":363,"g":0,"color":1,"angle":292.5,"duration":1.25,"r":0,"order":1,"type":"setColor","b":0},{"time":364,"b":0,"type":"setColor","color":1,"r":255,"order":0,"angle":303.75,"g":0},{"time":364,"g":0,"color":1,"angle":292.5,"duration":1.25,"r":0,"order":1,"type":"setColor","b":0},{"time":365,"b":0,"type":"setColor","color":1,"r":255,"order":0,"angle":337.5,"g":0},{"time":365,"g":0,"color":1,"angle":326.25,"duration":1.25,"r":0,"order":1,"type":"setColor","b":0},{"time":366,"b":0,"type":"setColor","color":1,"r":255,"order":0,"angle":337.5,"g":0},{"time":366,"g":0,"color":1,"angle":326.25,"duration":1.25,"r":0,"order":1,"type":"setColor","b":0},{"time":367,"b":0,"type":"setColor","color":1,"r":255,"order":0,"angle":337.5,"g":0},{"time":367,"g":0,"color":1,"angle":326.25,"duration":1.25,"r":0,"order":1,"type":"setColor","b":0},{"time":368,"b":0,"type":"setColor","color":1,"r":255,"order":0,"angle":337.5,"g":0},{"time":368,"g":0,"color":1,"angle":326.25,"duration":1.25,"r":0,"order":1,"type":"setColor","b":0},{"time":369,"b":0,"type":"setColor","color":1,"r":255,"order":0,"angle":303.75,"g":0},{"time":369,"g":0,"color":1,"angle":292.5,"duration":1.25,"r":0,"order":1,"type":"setColor","b":0},{"time":370,"b":0,"type":"setColor","color":1,"r":255,"order":0,"angle":303.75,"g":0},{"time":370,"g":0,"color":1,"angle":292.5,"duration":1.25,"r":0,"order":1,"type":"setColor","b":0},{"time":371,"b":0,"type":"setColor","color":1,"r":255,"order":0,"angle":303.75,"g":0},{"time":371,"g":0,"color":1,"angle":292.5,"duration":1.25,"r":0,"order":1,"type":"setColor","b":0},{"time":372,"b":0,"type":"setColor","color":1,"r":255,"order":0,"angle":303.75,"g":0},{"time":372,"g":0,"color":1,"angle":292.5,"duration":1.25,"r":0,"order":1,"type":"setColor","b":0},{"time":373,"b":0,"type":"setColor","color":1,"r":255,"order":0,"angle":315,"g":0},{"time":373,"g":0,"color":1,"angle":303.75,"duration":1.25,"r":0,"order":1,"type":"setColor","b":0},{"time":374,"b":0,"type":"setColor","color":1,"r":255,"order":0,"angle":315,"g":0},{"time":374,"g":0,"color":1,"angle":303.75,"duration":1.25,"r":0,"order":1,"type":"setColor","b":0},{"time":375,"b":0,"type":"setColor","color":1,"r":255,"order":0,"angle":315,"g":0},{"time":375,"g":0,"color":1,"angle":303.75,"duration":1.25,"r":0,"order":1,"type":"setColor","b":0},{"time":376,"b":0,"type":"setColor","color":1,"r":255,"order":0,"angle":315,"g":0},{"time":376,"g":0,"color":1,"angle":303.75,"duration":1.25,"r":0,"order":1,"type":"setColor","b":0},{"time":377,"b":0,"type":"setColor","color":1,"r":255,"order":0,"angle":292.5,"g":0},{"time":377,"g":0,"color":1,"angle":281.25,"duration":1.25,"r":0,"order":1,"type":"setColor","b":0},{"time":378,"b":0,"type":"setColor","color":1,"r":255,"order":0,"angle":292.5,"g":0},{"time":378,"g":0,"color":1,"angle":281.25,"duration":1.25,"r":0,"order":1,"type":"setColor","b":0},{"time":379,"b":0,"type":"setColor","color":1,"r":255,"order":0,"angle":292.5,"g":0},{"time":379,"g":0,"color":1,"angle":281.25,"duration":1.25,"r":0,"order":1,"type":"setColor","b":0},{"time":380,"b":0,"type":"setColor","color":1,"r":255,"order":0,"angle":292.5,"g":0},{"time":380,"g":0,"color":1,"angle":281.25,"duration":1.25,"r":0,"order":1,"type":"setColor","b":0},{"time":381,"b":0,"type":"setColor","color":1,"r":255,"order":0,"angle":303.75,"g":0},{"time":381,"g":0,"color":1,"angle":292.5,"duration":1.25,"r":0,"order":1,"type":"setColor","b":0},{"time":382,"b":0,"type":"setColor","color":1,"r":255,"order":0,"angle":303.75,"g":0},{"time":382,"g":0,"color":1,"angle":292.5,"duration":1.25,"r":0,"order":1,"type":"setColor","b":0},{"time":383,"b":0,"type":"setColor","color":1,"r":255,"order":0,"angle":303.75,"g":0},{"time":383,"g":0,"color":1,"angle":292.5,"duration":1.25,"r":0,"order":1,"type":"setColor","b":0},{"time":366,"b":0,"type":"setColor","color":1,"r":255,"order":0,"angle":258.75,"g":0},{"time":366,"g":0,"color":1,"angle":247.5,"duration":1.25,"r":0,"order":1,"type":"setColor","b":0},{"time":366.5,"b":0,"type":"setColor","color":1,"r":255,"order":0,"angle":258.75,"g":0},{"time":366.5,"g":0,"color":1,"angle":247.5,"duration":1.25,"r":0,"order":1,"type":"setColor","b":0},{"time":367,"b":0,"type":"setColor","color":1,"r":255,"order":0,"angle":258.75,"g":0},{"time":367,"g":0,"color":1,"angle":247.5,"duration":1.25,"r":0,"order":1,"type":"setColor","b":0},{"time":367.5,"b":0,"type":"setColor","color":1,"r":255,"order":0,"angle":258.75,"g":0},{"time":367.5,"g":0,"color":1,"angle":247.5,"duration":1.25,"r":0,"order":1,"type":"setColor","b":0},{"b":0,"r":39,"time":320,"g":0,"type":"setColor","color":2,"angle":281.25},{"time":320,"g":0,"color":2,"angle":270,"duration":1,"r":0,"order":1,"type":"setColor","b":0},{"b":0,"r":39,"time":321,"g":0,"type":"setColor","color":2,"angle":281.25},{"time":321,"g":0,"color":2,"angle":270,"duration":1,"r":0,"order":1,"type":"setColor","b":0},{"b":0,"r":39,"time":322,"g":0,"type":"setColor","color":2,"angle":281.25},{"time":322,"g":0,"color":2,"angle":270,"duration":1,"r":0,"order":1,"type":"setColor","b":0},{"b":0,"r":39,"time":323,"g":0,"type":"setColor","color":2,"angle":281.25},{"time":323,"g":0,"color":2,"angle":270,"duration":1,"r":0,"order":1,"type":"setColor","b":0},{"b":0,"r":39,"time":324,"g":0,"type":"setColor","color":2,"angle":281.25},{"time":324,"g":0,"color":2,"angle":270,"duration":1,"r":0,"order":1,"type":"setColor","b":0},{"b":0,"r":39,"time":325,"g":0,"type":"setColor","color":2,"angle":281.25},{"time":325,"g":0,"color":2,"angle":270,"duration":1,"r":0,"order":1,"type":"setColor","b":0},{"b":0,"r":39,"time":326,"g":0,"type":"setColor","color":2,"angle":281.25},{"time":326,"g":0,"color":2,"angle":270,"duration":1,"r":0,"order":1,"type":"setColor","b":0},{"b":0,"r":39,"time":327,"g":0,"type":"setColor","color":2,"angle":281.25},{"time":327,"g":0,"color":2,"angle":270,"duration":1,"r":0,"order":1,"type":"setColor","b":0},{"b":0,"r":39,"time":328,"g":0,"type":"setColor","color":2,"angle":270},{"time":328,"g":0,"color":2,"angle":258.75,"duration":1,"r":0,"order":1,"type":"setColor","b":0},{"b":0,"r":39,"time":329,"g":0,"type":"setColor","color":2,"angle":270},{"time":329,"g":0,"color":2,"angle":258.75,"duration":1,"r":0,"order":1,"type":"setColor","b":0},{"b":0,"r":39,"time":330,"g":0,"type":"setColor","color":2,"angle":270},{"time":330,"g":0,"color":2,"angle":258.75,"duration":1,"r":0,"order":1,"type":"setColor","b":0},{"b":0,"r":39,"time":331,"g":0,"type":"setColor","color":2,"angle":270},{"time":331,"g":0,"color":2,"angle":258.75,"duration":1,"r":0,"order":1,"type":"setColor","b":0},{"b":0,"r":39,"time":332,"g":0,"type":"setColor","color":2,"angle":315},{"time":332,"g":0,"color":2,"angle":303.75,"duration":1,"r":0,"order":1,"type":"setColor","b":0},{"b":0,"r":39,"time":333,"g":0,"type":"setColor","color":2,"angle":315},{"time":333,"g":0,"color":2,"angle":303.75,"duration":1,"r":0,"order":1,"type":"setColor","b":0},{"b":0,"r":39,"time":334,"g":0,"type":"setColor","color":2,"angle":258.75},{"time":334,"g":0,"color":2,"angle":247.5,"duration":1,"r":0,"order":1,"type":"setColor","b":0},{"b":0,"r":39,"time":334.5,"g":0,"type":"setColor","color":2,"angle":258.75},{"time":334.5,"g":0,"color":2,"angle":247.5,"duration":1,"r":0,"order":1,"type":"setColor","b":0},{"b":0,"r":39,"time":335,"g":0,"type":"setColor","color":2,"angle":258.75},{"time":335,"g":0,"color":2,"angle":247.5,"duration":1,"r":0,"order":1,"type":"setColor","b":0},{"b":0,"r":39,"time":335.5,"g":0,"type":"setColor","color":2,"angle":258.75},{"time":335.5,"g":0,"color":2,"angle":247.5,"duration":1,"r":0,"order":1,"type":"setColor","b":0},{"g":0,"r":39,"time":336,"color":2,"type":"setColor","b":0,"angle":281.25},{"time":336,"g":0,"color":2,"angle":270,"duration":1,"r":0,"order":1,"type":"setColor","b":0},{"b":0,"r":103,"time":337,"g":0,"type":"setColor","color":2,"angle":281.25},{"time":337,"g":0,"color":2,"angle":270,"duration":1,"r":0,"order":1,"type":"setColor","b":0},{"g":0,"r":39,"time":338,"color":2,"type":"setColor","b":0,"angle":281.25},{"time":338,"g":0,"color":2,"angle":270,"duration":1,"r":0,"order":1,"type":"setColor","b":0},{"b":0,"r":103,"time":339,"g":0,"type":"setColor","color":2,"angle":281.25},{"time":339,"g":0,"color":2,"angle":270,"duration":1,"r":0,"order":1,"type":"setColor","b":0},{"g":0,"r":39,"time":340,"color":2,"type":"setColor","b":0,"angle":258.75},{"time":340,"g":0,"color":2,"angle":247.5,"duration":1,"r":0,"order":1,"type":"setColor","b":0},{"b":0,"r":103,"time":341,"g":0,"type":"setColor","color":2,"angle":258.75},{"time":341,"g":0,"color":2,"angle":247.5,"duration":1,"r":0,"order":1,"type":"setColor","b":0},{"g":0,"r":39,"time":342,"color":2,"type":"setColor","b":0,"angle":281.25},{"time":342,"g":0,"color":2,"angle":270,"duration":1,"r":0,"order":1,"type":"setColor","b":0},{"b":0,"r":103,"time":343,"g":0,"type":"setColor","color":2,"angle":281.25},{"time":343,"g":0,"color":2,"angle":270,"duration":1,"r":0,"order":1,"type":"setColor","b":0},{"g":0,"r":39,"time":344,"color":2,"type":"setColor","b":0,"angle":236.25},{"time":344,"g":0,"color":2,"angle":225,"duration":1,"r":0,"order":1,"type":"setColor","b":0},{"b":0,"r":103,"time":345,"g":0,"type":"setColor","color":2,"angle":236.25},{"time":345,"g":0,"color":2,"angle":225,"duration":1,"r":0,"order":1,"type":"setColor","b":0},{"g":0,"r":39,"time":346,"color":2,"type":"setColor","b":0,"angle":270},{"time":346,"g":0,"color":2,"angle":258.75,"duration":1,"r":0,"order":1,"type":"setColor","b":0},{"b":0,"r":103,"time":347,"g":0,"type":"setColor","color":2,"angle":270},{"time":347,"g":0,"color":2,"angle":258.75,"duration":1,"r":0,"order":1,"type":"setColor","b":0},{"b":0,"r":39,"time":348,"g":0,"type":"setColor","color":2,"angle":270},{"time":348,"g":0,"color":2,"angle":258.75,"duration":1,"r":0,"order":1,"type":"setColor","b":0},{"b":0,"r":103,"time":349,"g":0,"type":"setColor","color":2,"angle":270},{"time":349,"g":0,"color":2,"angle":258.75,"duration":1,"r":0,"order":1,"type":"setColor","b":0},{"b":0,"r":103,"time":351,"g":0,"type":"setColor","color":2,"angle":270},{"time":351,"g":0,"color":2,"angle":258.75,"duration":1,"r":0,"order":1,"type":"setColor","b":0},{"b":0,"r":103,"time":350,"g":0,"type":"setColor","color":2,"angle":292.5},{"time":350,"g":0,"color":2,"angle":281.25,"duration":1,"r":0,"order":1,"type":"setColor","b":0},{"b":0,"r":39,"time":352,"g":0,"type":"setColor","color":2,"angle":270},{"time":352,"g":0,"color":2,"angle":258.75,"duration":1,"r":0,"order":1,"type":"setColor","b":0},{"b":0,"r":103,"time":353,"g":0,"type":"setColor","color":2,"angle":270},{"time":353,"g":0,"color":2,"angle":258.75,"duration":1,"r":0,"order":1,"type":"setColor","b":0},{"b":0,"r":39,"time":354,"g":0,"type":"setColor","color":2,"angle":270},{"time":354,"g":0,"color":2,"angle":258.75,"duration":1,"r":0,"order":1,"type":"setColor","b":0},{"b":0,"r":103,"time":355,"g":0,"type":"setColor","color":2,"angle":270},{"time":355,"g":0,"color":2,"angle":258.75,"duration":1,"r":0,"order":1,"type":"setColor","b":0},{"b":0,"r":39,"time":356,"g":0,"type":"setColor","color":2,"angle":247.5},{"time":356,"g":0,"color":2,"angle":236.25,"duration":1,"r":0,"order":1,"type":"setColor","b":0},{"b":0,"r":103,"time":357,"g":0,"type":"setColor","color":2,"angle":247.5},{"time":357,"g":0,"color":2,"angle":236.25,"duration":1,"r":0,"order":1,"type":"setColor","b":0},{"b":0,"r":39,"time":358,"g":0,"type":"setColor","color":2,"angle":258.75},{"time":358,"g":0,"color":2,"angle":247.5,"duration":1,"r":0,"order":1,"type":"setColor","b":0},{"b":0,"r":103,"time":359,"g":0,"type":"setColor","color":2,"angle":258.75},{"time":359,"g":0,"color":2,"angle":247.5,"duration":1,"r":0,"order":1,"type":"setColor","b":0},{"g":0,"r":39,"time":360,"color":2,"type":"setColor","b":0,"angle":258.75},{"time":360,"g":0,"color":2,"angle":247.5,"duration":1,"r":0,"order":1,"type":"setColor","b":0},{"b":0,"r":103,"time":361,"g":0,"type":"setColor","color":2,"angle":258.75},{"time":361,"g":0,"color":2,"angle":247.5,"duration":1,"r":0,"order":1,"type":"setColor","b":0},{"g":0,"r":39,"time":362,"color":2,"type":"setColor","b":0,"angle":258.75},{"time":362,"g":0,"color":2,"angle":247.5,"duration":1,"r":0,"order":1,"type":"setColor","b":0},{"b":0,"r":103,"time":363,"g":0,"type":"setColor","color":2,"angle":258.75},{"time":363,"g":0,"color":2,"angle":247.5,"duration":1,"r":0,"order":1,"type":"setColor","b":0},{"g":0,"r":39,"time":364,"color":2,"type":"setColor","b":0,"angle":258.75},{"time":364,"g":0,"color":2,"angle":247.5,"duration":1,"r":0,"order":1,"type":"setColor","b":0},{"b":0,"r":103,"time":365,"g":0,"type":"setColor","color":2,"angle":258.75},{"time":365,"g":0,"color":2,"angle":247.5,"duration":1,"r":0,"order":1,"type":"setColor","b":0},{"g":0,"r":39,"time":366,"color":2,"type":"setColor","b":0,"angle":236.25},{"time":366,"g":0,"color":2,"angle":225,"duration":1,"r":0,"order":1,"type":"setColor","b":0},{"g":0,"r":39,"time":366.5,"color":2,"type":"setColor","b":0,"angle":236.25},{"time":366.5,"g":0,"color":2,"angle":225,"duration":1,"r":0,"order":1,"type":"setColor","b":0},{"b":0,"r":39,"time":367,"g":0,"type":"setColor","color":2,"angle":236.25},{"time":367,"g":0,"color":2,"angle":225,"duration":1,"r":0,"order":1,"type":"setColor","b":0},{"b":0,"r":39,"time":367.5,"g":0,"type":"setColor","color":2,"angle":236.25},{"time":367.5,"g":0,"color":2,"angle":225,"duration":1,"r":0,"order":1,"type":"setColor","b":0},{"b":0,"r":39,"time":368,"g":0,"type":"setColor","color":2,"angle":236.25},{"time":368,"g":0,"color":2,"angle":225,"duration":1,"r":0,"order":1,"type":"setColor","b":0},{"b":0,"r":103,"time":369,"g":0,"type":"setColor","color":2,"angle":236.25},{"time":369,"g":0,"color":2,"angle":225,"duration":1,"r":0,"order":1,"type":"setColor","b":0},{"b":0,"r":39,"time":370,"g":0,"type":"setColor","color":2,"angle":236.25},{"time":370,"g":0,"color":2,"angle":225,"duration":1,"r":0,"order":1,"type":"setColor","b":0},{"b":0,"r":103,"time":371,"g":0,"type":"setColor","color":2,"angle":236.25},{"time":371,"g":0,"color":2,"angle":225,"duration":1,"r":0,"order":1,"type":"setColor","b":0},{"b":0,"r":39,"time":372,"g":0,"type":"setColor","color":2,"angle":236.25},{"time":372,"g":0,"color":2,"angle":225,"duration":1,"r":0,"order":1,"type":"setColor","b":0},{"b":0,"r":103,"time":373,"g":0,"type":"setColor","color":2,"angle":236.25},{"time":373,"g":0,"color":2,"angle":225,"duration":1,"r":0,"order":1,"type":"setColor","b":0},{"b":0,"r":39,"time":374,"g":0,"type":"setColor","color":2,"angle":236.25},{"time":374,"g":0,"color":2,"angle":225,"duration":1,"r":0,"order":1,"type":"setColor","b":0},{"b":0,"r":103,"time":375,"g":0,"type":"setColor","color":2,"angle":236.25},{"time":375,"g":0,"color":2,"angle":225,"duration":1,"r":0,"order":1,"type":"setColor","b":0},{"b":0,"r":39,"time":376,"g":0,"type":"setColor","color":2,"angle":236.25},{"time":376,"g":0,"color":2,"angle":225,"duration":1,"r":0,"order":1,"type":"setColor","b":0},{"b":0,"r":103,"time":377,"g":0,"type":"setColor","color":2,"angle":236.25},{"time":377,"g":0,"color":2,"angle":225,"duration":1,"r":0,"order":1,"type":"setColor","b":0},{"b":0,"r":39,"time":378,"g":0,"type":"setColor","color":2,"angle":236.25},{"time":378,"g":0,"color":2,"angle":225,"duration":1,"r":0,"order":1,"type":"setColor","b":0},{"b":0,"r":103,"time":379,"g":0,"type":"setColor","color":2,"angle":236.25},{"time":379,"g":0,"color":2,"angle":225,"duration":1,"r":0,"order":1,"type":"setColor","b":0},{"b":0,"r":39,"time":380,"g":0,"type":"setColor","color":2,"angle":236.25},{"time":380,"g":0,"color":2,"angle":225,"duration":1,"r":0,"order":1,"type":"setColor","b":0},{"b":0,"r":103,"time":381,"g":0,"type":"setColor","color":2,"angle":236.25},{"time":381,"g":0,"color":2,"angle":225,"duration":1,"r":0,"order":1,"type":"setColor","b":0},{"b":0,"r":103,"time":382,"g":0,"type":"setColor","color":2,"angle":213.75},{"time":382,"g":0,"color":2,"angle":202.5,"duration":1,"r":0,"order":1,"type":"setColor","b":0},{"b":0,"r":103,"time":383,"g":0,"type":"setColor","color":2,"angle":180},{"time":383,"g":0,"color":2,"angle":168.75,"duration":1,"r":0,"order":1,"type":"setColor","b":0},{"b":0,"r":39,"time":384,"g":0,"type":"setColor","color":2,"angle":236.25},{"time":384,"g":0,"color":2,"angle":225,"duration":1,"r":0,"order":1,"type":"setColor","b":0},{"b":0,"r":103,"time":385,"g":0,"type":"setColor","color":2,"angle":236.25},{"time":385,"g":0,"color":2,"angle":225,"duration":1,"r":0,"order":1,"type":"setColor","b":0},{"b":0,"r":39,"time":386,"g":0,"type":"setColor","color":2,"angle":236.25},{"time":386,"g":0,"color":2,"angle":225,"duration":1,"r":0,"order":1,"type":"setColor","b":0},{"b":0,"r":103,"time":387,"g":0,"type":"setColor","color":2,"angle":236.25},{"time":387,"g":0,"color":2,"angle":225,"duration":1,"r":0,"order":1,"type":"setColor","b":0},{"b":0,"r":39,"time":388,"g":0,"type":"setColor","color":2,"angle":236.25},{"time":388,"g":0,"color":2,"angle":225,"duration":1,"r":0,"order":1,"type":"setColor","b":0},{"b":0,"r":103,"time":389,"g":0,"type":"setColor","color":2,"angle":236.25},{"time":389,"g":0,"color":2,"angle":225,"duration":1,"r":0,"order":1,"type":"setColor","b":0},{"b":0,"r":39,"time":390,"g":0,"type":"setColor","color":2,"angle":236.25},{"time":390,"g":0,"color":2,"angle":225,"duration":1,"r":0,"order":1,"type":"setColor","b":0},{"b":0,"r":103,"time":391,"g":0,"type":"setColor","color":2,"angle":236.25},{"time":391,"g":0,"color":2,"angle":225,"duration":1,"r":0,"order":1,"type":"setColor","b":0},{"b":0,"r":39,"time":392,"g":0,"type":"setColor","color":2,"angle":236.25},{"time":392,"g":0,"color":2,"angle":225,"duration":1,"r":0,"order":1,"type":"setColor","b":0},{"b":0,"r":103,"time":393,"g":0,"type":"setColor","color":2,"angle":236.25},{"time":393,"g":0,"color":2,"angle":225,"duration":1,"r":0,"order":1,"type":"setColor","b":0},{"b":0,"r":39,"time":394,"g":0,"type":"setColor","color":2,"angle":236.25},{"time":394,"g":0,"color":2,"angle":225,"duration":1,"r":0,"order":1,"type":"setColor","b":0},{"b":0,"r":103,"time":395,"g":0,"type":"setColor","color":2,"angle":236.25},{"time":395,"g":0,"color":2,"angle":225,"duration":1,"r":0,"order":1,"type":"setColor","b":0},{"time":384,"b":0,"type":"setColor","color":1,"r":255,"order":0,"angle":303.75,"g":0},{"time":384,"g":0,"color":1,"angle":292.5,"duration":1.25,"r":0,"order":1,"type":"setColor","b":0},{"time":385,"b":0,"type":"setColor","color":1,"r":255,"order":0,"angle":303.75,"g":0},{"time":385,"g":0,"color":1,"angle":292.5,"duration":1.25,"r":0,"order":1,"type":"setColor","b":0},{"time":386,"b":0,"type":"setColor","color":1,"r":255,"order":0,"angle":303.75,"g":0},{"time":386,"g":0,"color":1,"angle":292.5,"duration":1.25,"r":0,"order":1,"type":"setColor","b":0},{"time":387,"b":0,"type":"setColor","color":1,"r":255,"order":0,"angle":303.75,"g":0},{"time":387,"g":0,"color":1,"angle":292.5,"duration":1.25,"r":0,"order":1,"type":"setColor","b":0},{"time":388,"b":0,"type":"setColor","color":1,"r":255,"order":0,"angle":292.5,"g":0},{"time":388,"g":0,"color":1,"angle":281.25,"duration":1.25,"r":0,"order":1,"type":"setColor","b":0},{"time":389,"b":0,"type":"setColor","color":1,"r":255,"order":0,"angle":303.75,"g":0},{"time":389,"g":0,"color":1,"angle":292.5,"duration":1.25,"r":0,"order":1,"type":"setColor","b":0},{"time":390,"b":0,"type":"setColor","color":1,"r":255,"order":0,"angle":303.75,"g":0},{"time":390,"g":0,"color":1,"angle":292.5,"duration":1.25,"r":0,"order":1,"type":"setColor","b":0},{"time":391,"b":0,"type":"setColor","color":1,"r":255,"order":0,"angle":303.75,"g":0},{"time":391,"g":0,"color":1,"angle":292.5,"duration":1.25,"r":0,"order":1,"type":"setColor","b":0},{"time":392,"b":0,"type":"setColor","color":1,"r":255,"order":0,"angle":303.75,"g":0},{"time":392,"g":0,"color":1,"angle":292.5,"duration":1.25,"r":0,"order":1,"type":"setColor","b":0},{"time":393,"b":0,"type":"setColor","color":1,"r":255,"order":0,"angle":303.75,"g":0},{"time":393,"g":0,"color":1,"angle":292.5,"duration":1.25,"r":0,"order":1,"type":"setColor","b":0},{"time":394,"b":0,"type":"setColor","color":1,"r":255,"order":0,"angle":303.75,"g":0},{"time":394,"g":0,"color":1,"angle":292.5,"duration":1.25,"r":0,"order":1,"type":"setColor","b":0},{"time":395,"b":0,"type":"setColor","color":1,"r":255,"order":0,"angle":303.75,"g":0},{"time":395,"g":0,"color":1,"angle":292.5,"duration":1.25,"r":0,"order":1,"type":"setColor","b":0},{"g":0,"r":39,"time":396,"color":2,"type":"setColor","b":0,"angle":236.25},{"time":396,"g":0,"color":2,"angle":225,"duration":1,"r":0,"order":1,"type":"setColor","b":0},{"g":0,"r":103,"time":397,"color":2,"type":"setColor","b":0,"angle":236.25},{"time":397,"g":0,"color":2,"angle":225,"duration":1,"r":0,"order":1,"type":"setColor","b":0},{"time":396,"b":0,"type":"setColor","color":1,"r":255,"order":0,"angle":303.75,"g":0},{"time":396,"g":0,"color":1,"angle":292.5,"duration":1.25,"r":0,"order":1,"type":"setColor","b":0},{"time":397,"b":0,"type":"setColor","color":1,"r":255,"order":0,"angle":303.75,"g":0},{"time":397,"g":0,"color":1,"angle":292.5,"duration":1.25,"r":0,"order":1,"type":"setColor","b":0},{"b":0,"r":103,"time":398,"g":0,"type":"setColor","color":2,"angle":236.25},{"time":398,"g":0,"color":2,"angle":225,"duration":1,"r":0,"order":1,"type":"setColor","b":0},{"time":398,"b":0,"type":"setColor","color":1,"r":255,"order":0,"angle":303.75,"g":0},{"time":398,"g":0,"color":1,"angle":292.5,"duration":1.25,"r":0,"order":1,"type":"setColor","b":0},{"b":0,"r":103,"time":399,"g":0,"type":"setColor","color":2,"angle":236.25},{"time":399,"g":0,"color":2,"angle":225,"duration":1,"r":0,"order":1,"type":"setColor","b":0},{"time":399,"b":0,"type":"setColor","color":1,"r":255,"order":0,"angle":303.75,"g":0},{"time":399,"g":0,"color":1,"angle":292.5,"duration":1.25,"r":0,"order":1,"type":"setColor","b":0},{"g":0,"r":39,"time":400,"color":2,"type":"setColor","b":0,"angle":236.25},{"time":400,"g":0,"color":2,"angle":225,"duration":1,"r":0,"order":1,"type":"setColor","b":0},{"g":0,"r":103,"time":401,"color":2,"type":"setColor","b":0,"angle":236.25},{"time":401,"g":0,"color":2,"angle":225,"duration":1,"r":0,"order":1,"type":"setColor","b":0},{"b":0,"r":39,"time":402,"g":0,"type":"setColor","color":2,"angle":236.25},{"time":402,"g":0,"color":2,"angle":225,"duration":1,"r":0,"order":1,"type":"setColor","b":0},{"g":0,"r":103,"time":403,"color":2,"type":"setColor","b":0,"angle":236.25},{"time":403,"g":0,"color":2,"angle":225,"duration":1,"r":0,"order":1,"type":"setColor","b":0},{"b":0,"r":39,"time":404,"g":0,"type":"setColor","color":2,"angle":236.25},{"time":404,"g":0,"color":2,"angle":225,"duration":1,"r":0,"order":1,"type":"setColor","b":0},{"g":0,"r":103,"time":405,"color":2,"type":"setColor","b":0,"angle":236.25},{"time":405,"g":0,"color":2,"angle":225,"duration":1,"r":0,"order":1,"type":"setColor","b":0},{"b":0,"r":39,"time":406,"g":0,"type":"setColor","color":2,"angle":236.25},{"time":406,"g":0,"color":2,"angle":225,"duration":1,"r":0,"order":1,"type":"setColor","b":0},{"g":0,"r":103,"time":407,"color":2,"type":"setColor","b":0,"angle":236.25},{"time":407,"g":0,"color":2,"angle":225,"duration":1,"r":0,"order":1,"type":"setColor","b":0},{"b":0,"r":39,"time":408,"g":0,"type":"setColor","color":2,"angle":236.25},{"time":408,"g":0,"color":2,"angle":225,"duration":1,"r":0,"order":1,"type":"setColor","b":0},{"g":0,"r":103,"time":409,"color":2,"type":"setColor","b":0,"angle":236.25},{"time":409,"g":0,"color":2,"angle":225,"duration":1,"r":0,"order":1,"type":"setColor","b":0},{"b":0,"r":39,"time":410,"g":0,"type":"setColor","color":2,"angle":236.25},{"time":410,"g":0,"color":2,"angle":225,"duration":1,"r":0,"order":1,"type":"setColor","b":0},{"g":0,"r":103,"time":411,"color":2,"type":"setColor","b":0,"angle":236.25},{"time":411,"g":0,"color":2,"angle":225,"duration":1,"r":0,"order":1,"type":"setColor","b":0},{"time":400,"b":0,"type":"setColor","color":1,"r":255,"order":0,"angle":303.75,"g":0},{"time":400,"g":0,"color":1,"angle":292.5,"duration":1.25,"r":0,"order":1,"type":"setColor","b":0},{"time":401,"b":0,"type":"setColor","color":1,"r":255,"order":0,"angle":303.75,"g":0},{"time":401,"g":0,"color":1,"angle":292.5,"duration":1.25,"r":0,"order":1,"type":"setColor","b":0},{"time":402,"b":0,"type":"setColor","color":1,"r":255,"order":0,"angle":303.75,"g":0},{"time":402,"g":0,"color":1,"angle":292.5,"duration":1.25,"r":0,"order":1,"type":"setColor","b":0},{"time":403,"b":0,"type":"setColor","color":1,"r":255,"order":0,"angle":303.75,"g":0},{"time":403,"g":0,"color":1,"angle":292.5,"duration":1.25,"r":0,"order":1,"type":"setColor","b":0},{"time":404,"b":0,"type":"setColor","color":1,"r":255,"order":0,"angle":292.5,"g":0},{"time":404,"g":0,"color":1,"angle":281.25,"duration":1.25,"r":0,"order":1,"type":"setColor","b":0},{"time":405,"b":0,"type":"setColor","color":1,"r":255,"order":0,"angle":303.75,"g":0},{"time":405,"g":0,"color":1,"angle":292.5,"duration":1.25,"r":0,"order":1,"type":"setColor","b":0},{"time":406,"b":0,"type":"setColor","color":1,"r":255,"order":0,"angle":303.75,"g":0},{"time":406,"g":0,"color":1,"angle":292.5,"duration":1.25,"r":0,"order":1,"type":"setColor","b":0},{"time":407,"b":0,"type":"setColor","color":1,"r":255,"order":0,"angle":303.75,"g":0},{"time":407,"g":0,"color":1,"angle":292.5,"duration":1.25,"r":0,"order":1,"type":"setColor","b":0},{"time":408,"b":0,"type":"setColor","color":1,"r":255,"order":0,"angle":303.75,"g":0},{"time":408,"g":0,"color":1,"angle":292.5,"duration":1.25,"r":0,"order":1,"type":"setColor","b":0},{"time":409,"b":0,"type":"setColor","color":1,"r":255,"order":0,"angle":303.75,"g":0},{"time":409,"g":0,"color":1,"angle":292.5,"duration":1.25,"r":0,"order":1,"type":"setColor","b":0},{"time":410,"b":0,"type":"setColor","color":1,"r":255,"order":0,"angle":303.75,"g":0},{"time":410,"g":0,"color":1,"angle":292.5,"duration":1.25,"r":0,"order":1,"type":"setColor","b":0},{"time":411,"b":0,"type":"setColor","color":1,"r":255,"order":0,"angle":303.75,"g":0},{"time":411,"g":0,"color":1,"angle":292.5,"duration":1.25,"r":0,"order":1,"type":"setColor","b":0},{"b":0,"r":39,"time":412,"g":0,"type":"setColor","color":2,"angle":236.25},{"time":412,"g":0,"color":2,"angle":225,"duration":1,"r":0,"order":1,"type":"setColor","b":0},{"b":0,"r":103,"time":413,"g":0,"type":"setColor","color":2,"angle":236.25},{"time":413,"g":0,"color":2,"angle":225,"duration":1,"r":0,"order":1,"type":"setColor","b":0},{"time":412,"b":0,"type":"setColor","color":1,"r":255,"order":0,"angle":303.75,"g":0},{"time":412,"g":0,"color":1,"angle":292.5,"duration":1.25,"r":0,"order":1,"type":"setColor","b":0},{"time":413,"b":0,"type":"setColor","color":1,"r":255,"order":0,"angle":303.75,"g":0},{"time":413,"g":0,"color":1,"angle":292.5,"duration":1.25,"r":0,"order":1,"type":"setColor","b":0},{"b":0,"r":103,"time":414,"g":0,"type":"setColor","color":2,"angle":236.25},{"time":414,"g":0,"color":2,"angle":225,"duration":1,"r":0,"order":1,"type":"setColor","b":0},{"time":414,"b":0,"type":"setColor","color":1,"r":255,"order":0,"angle":303.75,"g":0},{"time":414,"g":0,"color":1,"angle":292.5,"duration":1.25,"r":0,"order":1,"type":"setColor","b":0},{"b":0,"r":103,"time":415,"g":0,"type":"setColor","color":2,"angle":236.25},{"time":415,"g":0,"color":2,"angle":225,"duration":1,"r":0,"order":1,"type":"setColor","b":0},{"time":415,"b":0,"type":"setColor","color":1,"r":255,"order":0,"angle":303.75,"g":0},{"time":415,"g":0,"color":1,"angle":292.5,"duration":1.25,"r":0,"order":1,"type":"setColor","b":0},{"time":416,"b":0,"type":"setColor","color":1,"r":255,"order":0,"angle":292.5,"g":0},{"time":416,"g":255,"color":1,"angle":281.25,"duration":32,"r":255,"order":1,"type":"setColor","b":255},{"time":160,"b":0,"type":"setColor","color":1,"r":255,"order":0,"angle":303.75,"g":0},{"time":160,"g":0,"color":1,"angle":292.5,"order":1,"r":0,"duration":1.5,"type":"setColor","b":0},{"time":161,"b":0,"type":"setColor","color":1,"r":255,"order":0,"angle":303.75,"g":0},{"time":161,"g":0,"color":1,"angle":292.5,"order":1,"r":0,"duration":1.25,"type":"setColor","b":0},{"time":162,"b":0,"type":"setColor","color":1,"r":255,"order":0,"angle":303.75,"g":0},{"time":162,"g":0,"color":1,"angle":292.5,"order":1,"r":0,"duration":1.25,"type":"setColor","b":0},{"time":163,"b":0,"type":"setColor","color":1,"r":255,"order":0,"angle":303.75,"g":0},{"time":163,"g":0,"color":1,"angle":292.5,"order":1,"r":0,"duration":1.25,"type":"setColor","b":0},{"time":164,"b":0,"type":"setColor","color":1,"r":255,"order":0,"angle":303.75,"g":0},{"time":164,"g":0,"color":1,"angle":292.5,"order":1,"r":0,"duration":1.25,"type":"setColor","b":0},{"time":165,"b":0,"type":"setColor","color":1,"r":255,"order":0,"angle":315,"g":0},{"time":165,"g":0,"color":1,"angle":303.75,"order":1,"r":0,"duration":1.25,"type":"setColor","b":0},{"time":166,"b":0,"type":"setColor","color":1,"r":255,"order":0,"angle":315,"g":0},{"time":166,"g":0,"color":1,"angle":303.75,"order":1,"r":0,"duration":1.25,"type":"setColor","b":0},{"time":167,"b":0,"type":"setColor","color":1,"r":255,"order":0,"angle":315,"g":0},{"time":167,"g":0,"color":1,"angle":303.75,"order":1,"r":0,"duration":1.25,"type":"setColor","b":0},{"time":168,"b":0,"type":"setColor","color":1,"r":255,"order":0,"angle":315,"g":0},{"time":168,"g":0,"color":1,"angle":303.75,"order":1,"r":0,"duration":1.25,"type":"setColor","b":0},{"time":169,"b":0,"type":"setColor","color":1,"r":255,"order":0,"angle":292.5,"g":0},{"time":169,"g":0,"color":1,"angle":281.25,"order":1,"r":0,"duration":1.25,"type":"setColor","b":0},{"time":170,"b":0,"type":"setColor","color":1,"r":255,"order":0,"angle":292.5,"g":0},{"time":170,"g":0,"color":1,"angle":281.25,"order":1,"r":0,"duration":1.25,"type":"setColor","b":0},{"time":171,"b":0,"type":"setColor","color":1,"r":255,"order":0,"angle":292.5,"g":0},{"time":171,"g":0,"color":1,"angle":281.25,"order":1,"r":0,"duration":1.25,"type":"setColor","b":0},{"time":172,"b":0,"type":"setColor","color":1,"r":255,"order":0,"angle":292.5,"g":0},{"time":172,"g":0,"color":1,"angle":281.25,"order":1,"r":0,"duration":1.25,"type":"setColor","b":0},{"time":173,"b":0,"type":"setColor","color":1,"r":255,"order":0,"angle":281.25,"g":0},{"time":173,"g":0,"color":1,"angle":270,"order":1,"r":0,"duration":1.25,"type":"setColor","b":0},{"time":174,"b":0,"type":"setColor","color":1,"r":255,"order":0,"angle":281.25,"g":0},{"time":174,"g":0,"color":1,"angle":270,"order":1,"r":0,"duration":1.25,"type":"setColor","b":0},{"time":174.5,"b":0,"type":"setColor","color":1,"r":255,"order":0,"angle":281.25,"g":0},{"time":174.5,"g":0,"color":1,"angle":270,"order":1,"r":0,"duration":1.25,"type":"setColor","b":0},{"time":175,"b":0,"type":"setColor","color":1,"r":255,"order":0,"angle":281.25,"g":0},{"time":175,"g":0,"color":1,"angle":270,"order":1,"r":0,"duration":1.25,"type":"setColor","b":0},{"time":175.5,"b":0,"type":"setColor","color":1,"r":255,"order":0,"angle":303.75,"g":0},{"time":175.5,"g":0,"color":1,"angle":292.5,"order":1,"r":0,"duration":1.25,"type":"setColor","b":0},{"time":176,"b":0,"type":"setColor","color":1,"r":255,"order":0,"angle":303.75,"g":0},{"time":176,"g":0,"color":1,"angle":292.5,"order":1,"r":0,"duration":1.25,"type":"setColor","b":0},{"time":177,"b":0,"type":"setColor","color":1,"r":255,"order":0,"angle":303.75,"g":0},{"time":177,"g":0,"color":1,"angle":292.5,"order":1,"r":0,"duration":1.25,"type":"setColor","b":0},{"time":178,"b":0,"type":"setColor","color":1,"r":255,"order":0,"angle":303.75,"g":0},{"time":178,"g":0,"color":1,"angle":292.5,"order":1,"r":0,"duration":1.25,"type":"setColor","b":0},{"time":179,"b":0,"type":"setColor","color":1,"r":255,"order":0,"angle":303.75,"g":0},{"time":179,"g":0,"color":1,"angle":292.5,"order":1,"r":0,"duration":1.25,"type":"setColor","b":0},{"time":180,"b":0,"type":"setColor","color":1,"r":255,"order":0,"angle":303.75,"g":0},{"time":180,"g":0,"color":1,"angle":292.5,"order":1,"r":0,"duration":1.25,"type":"setColor","b":0},{"time":181,"b":0,"type":"setColor","color":1,"r":255,"order":0,"angle":303.75,"g":0},{"time":181,"g":0,"color":1,"angle":292.5,"order":1,"r":0,"duration":1.25,"type":"setColor","b":0},{"time":182,"b":0,"type":"setColor","color":1,"r":255,"order":0,"angle":303.75,"g":0},{"time":182,"g":0,"color":1,"angle":292.5,"order":1,"r":0,"duration":1.25,"type":"setColor","b":0},{"time":183,"b":0,"type":"setColor","color":1,"r":255,"order":0,"angle":303.75,"g":0},{"time":183,"g":0,"color":1,"angle":292.5,"order":1,"r":0,"duration":1.25,"type":"setColor","b":0},{"time":184,"b":0,"type":"setColor","color":1,"r":255,"order":0,"angle":303.75,"g":0},{"time":184,"g":0,"color":1,"angle":292.5,"order":1,"r":0,"duration":1.25,"type":"setColor","b":0},{"time":185,"b":0,"type":"setColor","color":1,"r":255,"order":0,"angle":292.5,"g":0},{"time":185,"g":0,"color":1,"angle":281.25,"order":1,"r":0,"duration":1.25,"type":"setColor","b":0},{"time":186,"b":0,"type":"setColor","color":1,"r":255,"order":0,"angle":292.5,"g":0},{"time":186,"g":0,"color":1,"angle":281.25,"order":1,"r":0,"duration":1.25,"type":"setColor","b":0},{"time":187,"b":0,"type":"setColor","color":1,"r":255,"order":0,"angle":292.5,"g":0},{"time":187,"g":0,"color":1,"angle":281.25,"order":1,"r":0,"duration":1.25,"type":"setColor","b":0},{"time":188,"b":0,"type":"setColor","color":1,"r":255,"order":0,"angle":292.5,"g":0},{"time":188,"g":0,"color":1,"angle":281.25,"order":1,"r":0,"duration":1.25,"type":"setColor","b":0},{"time":189,"b":0,"type":"setColor","color":1,"r":255,"order":0,"angle":337.5,"g":0},{"time":189,"g":0,"color":1,"angle":326.25,"order":1,"r":0,"duration":1.25,"type":"setColor","b":0},{"time":190,"b":0,"type":"setColor","color":1,"r":255,"order":0,"angle":337.5,"g":0},{"time":190,"g":0,"color":1,"angle":326.25,"order":1,"r":0,"duration":1.25,"type":"setColor","b":0},{"time":191,"b":0,"type":"setColor","color":1,"r":255,"order":0,"angle":337.5,"g":0},{"time":191,"g":0,"color":1,"angle":326.25,"order":1,"r":0,"duration":1.25,"type":"setColor","b":0},{"time":192,"b":0,"type":"setColor","color":1,"r":255,"order":0,"angle":337.5,"g":0},{"time":192,"g":0,"color":1,"angle":326.25,"order":1,"r":0,"duration":1.25,"type":"setColor","b":0},{"time":193,"b":0,"type":"setColor","color":1,"r":255,"order":0,"angle":303.75,"g":0},{"time":193,"g":0,"color":1,"angle":292.5,"order":1,"r":0,"duration":1.25,"type":"setColor","b":0},{"time":194,"b":0,"type":"setColor","color":1,"r":255,"order":0,"angle":303.75,"g":0},{"time":194,"g":0,"color":1,"angle":292.5,"order":1,"r":0,"duration":1.25,"type":"setColor","b":0},{"time":195,"b":0,"type":"setColor","color":1,"r":255,"order":0,"angle":303.75,"g":0},{"time":195,"g":0,"color":1,"angle":292.5,"order":1,"r":0,"duration":1.25,"type":"setColor","b":0},{"time":196,"b":0,"type":"setColor","color":1,"r":255,"order":0,"angle":303.75,"g":0},{"time":196,"g":0,"color":1,"angle":292.5,"order":1,"r":0,"duration":1.25,"type":"setColor","b":0},{"time":197,"b":0,"type":"setColor","color":1,"r":255,"order":0,"angle":281.25,"g":0},{"time":197,"g":0,"color":1,"angle":270,"order":1,"r":0,"duration":1.25,"type":"setColor","b":0},{"time":198,"b":0,"type":"setColor","color":1,"r":255,"order":0,"angle":281.25,"g":0},{"time":198,"g":0,"color":1,"angle":270,"order":1,"r":0,"duration":1.25,"type":"setColor","b":0},{"time":199,"b":0,"type":"setColor","color":1,"r":255,"order":0,"angle":281.25,"g":0},{"time":199,"g":0,"color":1,"angle":270,"order":1,"r":0,"duration":1.25,"type":"setColor","b":0},{"time":200,"b":0,"type":"setColor","color":1,"r":255,"order":0,"angle":281.25,"g":0},{"time":200,"g":0,"color":1,"angle":270,"order":1,"r":0,"duration":1.25,"type":"setColor","b":0},{"time":201,"b":0,"type":"setColor","color":1,"r":255,"order":0,"angle":303.75,"g":0},{"time":201,"g":0,"color":1,"angle":292.5,"order":1,"r":0,"duration":1.25,"type":"setColor","b":0},{"time":202,"b":0,"type":"setColor","color":1,"r":255,"order":0,"angle":303.75,"g":0},{"time":202,"g":0,"color":1,"angle":292.5,"order":1,"r":0,"duration":1.25,"type":"setColor","b":0},{"time":203,"b":0,"type":"setColor","color":1,"r":255,"order":0,"angle":303.75,"g":0},{"time":203,"g":0,"color":1,"angle":292.5,"order":1,"r":0,"duration":1.25,"type":"setColor","b":0},{"time":204,"b":0,"type":"setColor","color":1,"r":255,"order":0,"angle":303.75,"g":0},{"time":204,"g":0,"color":1,"angle":292.5,"order":1,"r":0,"duration":1.25,"type":"setColor","b":0},{"time":205,"b":0,"type":"setColor","color":1,"r":255,"order":0,"angle":337.5,"g":0},{"time":205,"g":0,"color":1,"angle":326.25,"order":1,"r":0,"duration":1.25,"type":"setColor","b":0},{"time":206,"b":0,"type":"setColor","color":1,"r":255,"order":0,"angle":337.5,"g":0},{"time":206,"g":0,"color":1,"angle":326.25,"order":1,"r":0,"duration":1.25,"type":"setColor","b":0},{"time":207,"b":0,"type":"setColor","color":1,"r":255,"order":0,"angle":337.5,"g":0},{"time":207,"g":0,"color":1,"angle":326.25,"order":1,"r":0,"duration":1.25,"type":"setColor","b":0},{"time":208,"b":0,"type":"setColor","color":1,"r":255,"order":0,"angle":337.5,"g":0},{"time":208,"g":0,"color":1,"angle":326.25,"order":1,"r":0,"duration":1.25,"type":"setColor","b":0},{"time":209,"b":0,"type":"setColor","color":1,"r":255,"order":0,"angle":303.75,"g":0},{"time":209,"g":0,"color":1,"angle":292.5,"order":1,"r":0,"duration":1.25,"type":"setColor","b":0},{"time":210,"b":0,"type":"setColor","color":1,"r":255,"order":0,"angle":303.75,"g":0},{"time":210,"g":0,"color":1,"angle":292.5,"order":1,"r":0,"duration":1.25,"type":"setColor","b":0},{"time":211,"b":0,"type":"setColor","color":1,"r":255,"order":0,"angle":303.75,"g":0},{"time":211,"g":0,"color":1,"angle":292.5,"order":1,"r":0,"duration":1.25,"type":"setColor","b":0},{"time":212,"b":0,"type":"setColor","color":1,"r":255,"order":0,"angle":303.75,"g":0},{"time":212,"g":0,"color":1,"angle":292.5,"order":1,"r":0,"duration":1.25,"type":"setColor","b":0},{"time":213,"b":0,"type":"setColor","color":1,"r":255,"order":0,"angle":315,"g":0},{"time":213,"g":0,"color":1,"angle":303.75,"order":1,"r":0,"duration":1.25,"type":"setColor","b":0},{"time":214,"b":0,"type":"setColor","color":1,"r":255,"order":0,"angle":315,"g":0},{"time":214,"g":0,"color":1,"angle":303.75,"order":1,"r":0,"duration":1.25,"type":"setColor","b":0},{"time":215,"b":0,"type":"setColor","color":1,"r":255,"order":0,"angle":315,"g":0},{"time":215,"g":0,"color":1,"angle":303.75,"order":1,"r":0,"duration":1.25,"type":"setColor","b":0},{"time":216,"b":0,"type":"setColor","color":1,"r":255,"order":0,"angle":315,"g":0},{"time":216,"g":0,"color":1,"angle":303.75,"order":1,"r":0,"duration":1.25,"type":"setColor","b":0},{"time":217,"b":0,"type":"setColor","color":1,"r":255,"order":0,"angle":292.5,"g":0},{"time":217,"g":0,"color":1,"angle":281.25,"order":1,"r":0,"duration":1.25,"type":"setColor","b":0},{"time":218,"b":0,"type":"setColor","color":1,"r":255,"order":0,"angle":292.5,"g":0},{"time":218,"g":0,"color":1,"angle":281.25,"order":1,"r":0,"duration":1.25,"type":"setColor","b":0},{"time":219,"b":0,"type":"setColor","color":1,"r":255,"order":0,"angle":292.5,"g":0},{"time":219,"g":0,"color":1,"angle":281.25,"order":1,"r":0,"duration":1.25,"type":"setColor","b":0},{"time":220,"b":0,"type":"setColor","color":1,"r":255,"order":0,"angle":292.5,"g":0},{"time":220,"g":0,"color":1,"angle":281.25,"order":1,"r":0,"duration":1.25,"type":"setColor","b":0},{"time":221,"b":0,"type":"setColor","color":1,"r":255,"order":0,"angle":303.75,"g":0},{"time":221,"g":0,"color":1,"angle":292.5,"order":1,"r":0,"duration":1.25,"type":"setColor","b":0},{"time":222,"b":0,"type":"setColor","color":1,"r":255,"order":0,"angle":303.75,"g":0},{"time":222,"g":0,"color":1,"angle":292.5,"order":1,"r":0,"duration":1.25,"type":"setColor","b":0},{"time":223,"b":0,"type":"setColor","color":1,"r":255,"order":0,"angle":303.75,"g":0},{"time":223,"g":0,"color":1,"angle":292.5,"order":1,"r":0,"duration":1.25,"type":"setColor","b":0},{"time":206,"b":0,"type":"setColor","color":1,"r":255,"order":0,"angle":258.75,"g":0},{"time":206,"g":0,"color":1,"angle":247.5,"order":1,"r":0,"duration":1.25,"type":"setColor","b":0},{"time":206.5,"b":0,"type":"setColor","color":1,"r":255,"order":0,"angle":258.75,"g":0},{"time":206.5,"g":0,"color":1,"angle":247.5,"order":1,"r":0,"duration":1.25,"type":"setColor","b":0},{"time":207,"b":0,"type":"setColor","color":1,"r":255,"order":0,"angle":258.75,"g":0},{"time":207,"g":0,"color":1,"angle":247.5,"order":1,"r":0,"duration":1.25,"type":"setColor","b":0},{"time":207.5,"b":0,"type":"setColor","color":1,"r":255,"order":0,"angle":258.75,"g":0},{"time":207.5,"g":0,"color":1,"angle":247.5,"order":1,"r":0,"duration":1.25,"type":"setColor","b":0},{"b":0,"r":39,"time":160,"g":0,"type":"setColor","color":2,"angle":281.25},{"duration":1,"g":0,"color":2,"angle":270,"time":160,"order":1,"r":0,"type":"setColor","b":0},{"b":0,"r":39,"time":161,"g":0,"type":"setColor","color":2,"angle":281.25},{"duration":1,"g":0,"color":2,"angle":270,"time":161,"order":1,"r":0,"type":"setColor","b":0},{"b":0,"r":39,"time":162,"g":0,"type":"setColor","color":2,"angle":281.25},{"duration":1,"g":0,"color":2,"angle":270,"time":162,"order":1,"r":0,"type":"setColor","b":0},{"b":0,"r":39,"time":163,"g":0,"type":"setColor","color":2,"angle":281.25},{"duration":1,"g":0,"color":2,"angle":270,"time":163,"order":1,"r":0,"type":"setColor","b":0},{"b":0,"r":39,"time":164,"g":0,"type":"setColor","color":2,"angle":281.25},{"duration":1,"g":0,"color":2,"angle":270,"time":164,"order":1,"r":0,"type":"setColor","b":0},{"b":0,"r":39,"time":165,"g":0,"type":"setColor","color":2,"angle":281.25},{"duration":1,"g":0,"color":2,"angle":270,"time":165,"order":1,"r":0,"type":"setColor","b":0},{"b":0,"r":39,"time":166,"g":0,"type":"setColor","color":2,"angle":281.25},{"duration":1,"g":0,"color":2,"angle":270,"time":166,"order":1,"r":0,"type":"setColor","b":0},{"b":0,"r":39,"time":167,"g":0,"type":"setColor","color":2,"angle":281.25},{"duration":1,"g":0,"color":2,"angle":270,"time":167,"order":1,"r":0,"type":"setColor","b":0},{"b":0,"r":39,"time":168,"g":0,"type":"setColor","color":2,"angle":270},{"duration":1,"g":0,"color":2,"angle":258.75,"time":168,"order":1,"r":0,"type":"setColor","b":0},{"b":0,"r":39,"time":169,"g":0,"type":"setColor","color":2,"angle":270},{"duration":1,"g":0,"color":2,"angle":258.75,"time":169,"order":1,"r":0,"type":"setColor","b":0},{"b":0,"r":39,"time":170,"g":0,"type":"setColor","color":2,"angle":270},{"duration":1,"g":0,"color":2,"angle":258.75,"time":170,"order":1,"r":0,"type":"setColor","b":0},{"b":0,"r":39,"time":171,"g":0,"type":"setColor","color":2,"angle":270},{"duration":1,"g":0,"color":2,"angle":258.75,"time":171,"order":1,"r":0,"type":"setColor","b":0},{"b":0,"r":39,"time":172,"g":0,"type":"setColor","color":2,"angle":315},{"duration":1,"g":0,"color":2,"angle":303.75,"time":172,"order":1,"r":0,"type":"setColor","b":0},{"b":0,"r":39,"time":173,"g":0,"type":"setColor","color":2,"angle":315},{"duration":1,"g":0,"color":2,"angle":303.75,"time":173,"order":1,"r":0,"type":"setColor","b":0},{"b":0,"r":39,"time":174,"g":0,"type":"setColor","color":2,"angle":258.75},{"duration":1,"g":0,"color":2,"angle":247.5,"time":174,"order":1,"r":0,"type":"setColor","b":0},{"b":0,"r":39,"time":174.5,"g":0,"type":"setColor","color":2,"angle":258.75},{"duration":1,"g":0,"color":2,"angle":247.5,"time":174.5,"order":1,"r":0,"type":"setColor","b":0},{"b":0,"r":39,"time":175,"g":0,"type":"setColor","color":2,"angle":258.75},{"duration":1,"g":0,"color":2,"angle":247.5,"time":175,"order":1,"r":0,"type":"setColor","b":0},{"b":0,"r":39,"time":175.5,"g":0,"type":"setColor","color":2,"angle":258.75},{"duration":1,"g":0,"color":2,"angle":247.5,"time":175.5,"order":1,"r":0,"type":"setColor","b":0},{"g":0,"r":39,"time":176,"color":2,"type":"setColor","b":0,"angle":281.25},{"duration":1,"g":0,"color":2,"angle":270,"time":176,"order":1,"r":0,"type":"setColor","b":0},{"b":0,"r":103,"time":177,"g":0,"type":"setColor","color":2,"angle":281.25},{"duration":1,"g":0,"color":2,"angle":270,"time":177,"order":1,"r":0,"type":"setColor","b":0},{"g":0,"r":39,"time":178,"color":2,"type":"setColor","b":0,"angle":281.25},{"duration":1,"g":0,"color":2,"angle":270,"time":178,"order":1,"r":0,"type":"setColor","b":0},{"b":0,"r":103,"time":179,"g":0,"type":"setColor","color":2,"angle":281.25},{"duration":1,"g":0,"color":2,"angle":270,"time":179,"order":1,"r":0,"type":"setColor","b":0},{"g":0,"r":39,"time":180,"color":2,"type":"setColor","b":0,"angle":258.75},{"duration":1,"g":0,"color":2,"angle":247.5,"time":180,"order":1,"r":0,"type":"setColor","b":0},{"b":0,"r":103,"time":181,"g":0,"type":"setColor","color":2,"angle":258.75},{"duration":1,"g":0,"color":2,"angle":247.5,"time":181,"order":1,"r":0,"type":"setColor","b":0},{"g":0,"r":39,"time":182,"color":2,"type":"setColor","b":0,"angle":281.25},{"duration":1,"g":0,"color":2,"angle":270,"time":182,"order":1,"r":0,"type":"setColor","b":0},{"b":0,"r":103,"time":183,"g":0,"type":"setColor","color":2,"angle":281.25},{"duration":1,"g":0,"color":2,"angle":270,"time":183,"order":1,"r":0,"type":"setColor","b":0},{"g":0,"r":39,"time":184,"color":2,"type":"setColor","b":0,"angle":236.25},{"duration":1,"g":0,"color":2,"angle":225,"time":184,"order":1,"r":0,"type":"setColor","b":0},{"b":0,"r":103,"time":185,"g":0,"type":"setColor","color":2,"angle":236.25},{"duration":1,"g":0,"color":2,"angle":225,"time":185,"order":1,"r":0,"type":"setColor","b":0},{"g":0,"r":39,"time":186,"color":2,"type":"setColor","b":0,"angle":270},{"duration":1,"g":0,"color":2,"angle":258.75,"time":186,"order":1,"r":0,"type":"setColor","b":0},{"b":0,"r":103,"time":187,"g":0,"type":"setColor","color":2,"angle":270},{"duration":1,"g":0,"color":2,"angle":258.75,"time":187,"order":1,"r":0,"type":"setColor","b":0},{"b":0,"r":39,"time":188,"g":0,"type":"setColor","color":2,"angle":270},{"duration":1,"g":0,"color":2,"angle":258.75,"time":188,"order":1,"r":0,"type":"setColor","b":0},{"b":0,"r":103,"time":189,"g":0,"type":"setColor","color":2,"angle":270},{"duration":1,"g":0,"color":2,"angle":258.75,"time":189,"order":1,"r":0,"type":"setColor","b":0},{"b":0,"r":103,"time":191,"g":0,"type":"setColor","color":2,"angle":270},{"duration":1,"g":0,"color":2,"angle":258.75,"time":191,"order":1,"r":0,"type":"setColor","b":0},{"b":0,"r":103,"time":190,"g":0,"type":"setColor","color":2,"angle":292.5},{"duration":1,"g":0,"color":2,"angle":281.25,"time":190,"order":1,"r":0,"type":"setColor","b":0},{"b":0,"r":39,"time":192,"g":0,"type":"setColor","color":2,"angle":270},{"duration":1,"g":0,"color":2,"angle":258.75,"time":192,"order":1,"r":0,"type":"setColor","b":0},{"b":0,"r":103,"time":193,"g":0,"type":"setColor","color":2,"angle":270},{"duration":1,"g":0,"color":2,"angle":258.75,"time":193,"order":1,"r":0,"type":"setColor","b":0},{"b":0,"r":39,"time":194,"g":0,"type":"setColor","color":2,"angle":270},{"duration":1,"g":0,"color":2,"angle":258.75,"time":194,"order":1,"r":0,"type":"setColor","b":0},{"b":0,"r":103,"time":195,"g":0,"type":"setColor","color":2,"angle":270},{"duration":1,"g":0,"color":2,"angle":258.75,"time":195,"order":1,"r":0,"type":"setColor","b":0},{"b":0,"r":39,"time":196,"g":0,"type":"setColor","color":2,"angle":247.5},{"duration":1,"g":0,"color":2,"angle":236.25,"time":196,"order":1,"r":0,"type":"setColor","b":0},{"b":0,"r":103,"time":197,"g":0,"type":"setColor","color":2,"angle":247.5},{"duration":1,"g":0,"color":2,"angle":236.25,"time":197,"order":1,"r":0,"type":"setColor","b":0},{"b":0,"r":39,"time":198,"g":0,"type":"setColor","color":2,"angle":258.75},{"duration":1,"g":0,"color":2,"angle":247.5,"time":198,"order":1,"r":0,"type":"setColor","b":0},{"b":0,"r":103,"time":199,"g":0,"type":"setColor","color":2,"angle":258.75},{"duration":1,"g":0,"color":2,"angle":247.5,"time":199,"order":1,"r":0,"type":"setColor","b":0},{"g":0,"r":39,"time":200,"color":2,"type":"setColor","b":0,"angle":258.75},{"duration":1,"g":0,"color":2,"angle":247.5,"time":200,"order":1,"r":0,"type":"setColor","b":0},{"b":0,"r":103,"time":201,"g":0,"type":"setColor","color":2,"angle":258.75},{"duration":1,"g":0,"color":2,"angle":247.5,"time":201,"order":1,"r":0,"type":"setColor","b":0},{"g":0,"r":39,"time":202,"color":2,"type":"setColor","b":0,"angle":258.75},{"duration":1,"g":0,"color":2,"angle":247.5,"time":202,"order":1,"r":0,"type":"setColor","b":0},{"b":0,"r":103,"time":203,"g":0,"type":"setColor","color":2,"angle":258.75},{"duration":1,"g":0,"color":2,"angle":247.5,"time":203,"order":1,"r":0,"type":"setColor","b":0},{"g":0,"r":39,"time":204,"color":2,"type":"setColor","b":0,"angle":258.75},{"duration":1,"g":0,"color":2,"angle":247.5,"time":204,"order":1,"r":0,"type":"setColor","b":0},{"b":0,"r":103,"time":205,"g":0,"type":"setColor","color":2,"angle":258.75},{"duration":1,"g":0,"color":2,"angle":247.5,"time":205,"order":1,"r":0,"type":"setColor","b":0},{"g":0,"r":39,"time":206,"color":2,"type":"setColor","b":0,"angle":236.25},{"duration":1,"g":0,"color":2,"angle":225,"time":206,"order":1,"r":0,"type":"setColor","b":0},{"g":0,"r":39,"time":206.5,"color":2,"type":"setColor","b":0,"angle":236.25},{"duration":1,"g":0,"color":2,"angle":225,"time":206.5,"order":1,"r":0,"type":"setColor","b":0},{"b":0,"r":39,"time":207,"g":0,"type":"setColor","color":2,"angle":236.25},{"duration":1,"g":0,"color":2,"angle":225,"time":207,"order":1,"r":0,"type":"setColor","b":0},{"b":0,"r":39,"time":207.5,"g":0,"type":"setColor","color":2,"angle":236.25},{"duration":1,"g":0,"color":2,"angle":225,"time":207.5,"order":1,"r":0,"type":"setColor","b":0},{"b":0,"r":39,"time":208,"g":0,"type":"setColor","color":2,"angle":236.25},{"duration":1,"g":0,"color":2,"angle":225,"time":208,"order":1,"r":0,"type":"setColor","b":0},{"b":0,"r":103,"time":209,"g":0,"type":"setColor","color":2,"angle":236.25},{"duration":1,"g":0,"color":2,"angle":225,"time":209,"order":1,"r":0,"type":"setColor","b":0},{"b":0,"r":39,"time":210,"g":0,"type":"setColor","color":2,"angle":236.25},{"duration":1,"g":0,"color":2,"angle":225,"time":210,"order":1,"r":0,"type":"setColor","b":0},{"b":0,"r":103,"time":211,"g":0,"type":"setColor","color":2,"angle":236.25},{"duration":1,"g":0,"color":2,"angle":225,"time":211,"order":1,"r":0,"type":"setColor","b":0},{"b":0,"r":39,"time":212,"g":0,"type":"setColor","color":2,"angle":236.25},{"duration":1,"g":0,"color":2,"angle":225,"time":212,"order":1,"r":0,"type":"setColor","b":0},{"b":0,"r":103,"time":213,"g":0,"type":"setColor","color":2,"angle":236.25},{"duration":1,"g":0,"color":2,"angle":225,"time":213,"order":1,"r":0,"type":"setColor","b":0},{"b":0,"r":39,"time":214,"g":0,"type":"setColor","color":2,"angle":236.25},{"duration":1,"g":0,"color":2,"angle":225,"time":214,"order":1,"r":0,"type":"setColor","b":0},{"b":0,"r":103,"time":215,"g":0,"type":"setColor","color":2,"angle":236.25},{"duration":1,"g":0,"color":2,"angle":225,"time":215,"order":1,"r":0,"type":"setColor","b":0},{"b":0,"r":39,"time":216,"g":0,"type":"setColor","color":2,"angle":236.25},{"duration":1,"g":0,"color":2,"angle":225,"time":216,"order":1,"r":0,"type":"setColor","b":0},{"b":0,"r":103,"time":217,"g":0,"type":"setColor","color":2,"angle":236.25},{"duration":1,"g":0,"color":2,"angle":225,"time":217,"order":1,"r":0,"type":"setColor","b":0},{"b":0,"r":39,"time":218,"g":0,"type":"setColor","color":2,"angle":236.25},{"duration":1,"g":0,"color":2,"angle":225,"time":218,"order":1,"r":0,"type":"setColor","b":0},{"b":0,"r":103,"time":219,"g":0,"type":"setColor","color":2,"angle":236.25},{"duration":1,"g":0,"color":2,"angle":225,"time":219,"order":1,"r":0,"type":"setColor","b":0},{"b":0,"r":39,"time":220,"g":0,"type":"setColor","color":2,"angle":236.25},{"duration":1,"g":0,"color":2,"angle":225,"time":220,"order":1,"r":0,"type":"setColor","b":0},{"b":0,"r":103,"time":221,"g":0,"type":"setColor","color":2,"angle":236.25},{"duration":1,"g":0,"color":2,"angle":225,"time":221,"order":1,"r":0,"type":"setColor","b":0},{"b":0,"r":103,"time":222,"g":0,"type":"setColor","color":2,"angle":213.75},{"duration":1,"g":0,"color":2,"angle":202.5,"time":222,"order":1,"r":0,"type":"setColor","b":0},{"b":0,"r":103,"time":223,"g":0,"type":"setColor","color":2,"angle":180},{"duration":1,"g":0,"color":2,"angle":168.75,"time":223,"order":1,"r":0,"type":"setColor","b":0},{"type":"ease","duration":2,"var":"vfx.hglitch.strength","start":20,"time":337,"value":0,"angle":258.75},{"angle":258.75,"start":20,"var":"vfx.hglitch.strength","time":339,"duration":2,"value":0,"type":"ease"},{"angle":236.25,"start":20,"var":"vfx.hglitch.strength","time":341,"duration":2,"value":0,"type":"ease"},{"type":"ease","duration":2,"var":"vfx.hglitch.strength","start":20,"time":343,"value":0,"angle":258.75},{"type":"ease","duration":2,"var":"vfx.hglitch.strength","start":20,"time":345,"value":0,"angle":258.75},{"angle":247.5,"start":20,"var":"vfx.hglitch.strength","time":347,"duration":2,"value":0,"type":"ease"},{"angle":247.5,"start":20,"var":"vfx.hglitch.strength","time":349,"duration":2,"value":0,"type":"ease"},{"angle":247.5,"start":20,"var":"vfx.hglitch.strength","time":350,"duration":2,"value":0,"type":"ease"},{"angle":247.5,"start":20,"var":"vfx.hglitch.strength","time":351,"duration":2,"value":0,"type":"ease"},{"angle":191.25,"start":20,"var":"vfx.hglitch.strength","time":353,"duration":2,"value":0,"type":"ease"},{"type":"ease","duration":2,"var":"vfx.hglitch.strength","start":20,"time":355,"value":0,"angle":247.5},{"type":"ease","duration":2,"var":"vfx.hglitch.strength","start":20,"time":357,"value":0,"angle":258.75},{"angle":236.25,"start":20,"var":"vfx.hglitch.strength","time":359,"duration":2,"value":0,"type":"ease"},{"type":"ease","duration":2,"var":"vfx.hglitch.strength","start":20,"time":361,"value":0,"angle":236.25},{"type":"ease","duration":2,"var":"vfx.hglitch.strength","start":20,"time":363,"value":0,"angle":236.25},{"angle":236.25,"start":20,"var":"vfx.hglitch.strength","time":365,"duration":2,"value":0,"type":"ease"},{"angle":247.5,"start":20,"var":"vfx.hglitch.strength","time":369,"duration":2,"value":0,"type":"ease"},{"angle":247.5,"start":20,"var":"vfx.hglitch.strength","time":371,"duration":2,"value":0,"type":"ease"},{"angle":247.5,"start":20,"var":"vfx.hglitch.strength","time":373,"duration":2,"value":0,"type":"ease"},{"angle":247.5,"start":20,"var":"vfx.hglitch.strength","time":375,"duration":2,"value":0,"type":"ease"},{"angle":247.5,"start":20,"var":"vfx.hglitch.strength","time":377,"duration":2,"value":0,"type":"ease"},{"angle":247.5,"start":20,"var":"vfx.hglitch.strength","time":379,"duration":2,"value":0,"type":"ease"},{"angle":247.5,"start":20,"var":"vfx.hglitch.strength","time":381,"duration":2,"value":0,"type":"ease"},{"type":"ease","duration":2,"var":"vfx.hglitch.strength","start":20,"time":383,"value":0,"angle":247.5},{"type":"ease","duration":2,"var":"vfx.hglitch.strength","start":20,"time":385,"value":0,"angle":281.25},{"angle":247.5,"start":20,"var":"vfx.hglitch.strength","time":387,"duration":2,"value":0,"type":"ease"},{"type":"ease","duration":2,"var":"vfx.hglitch.strength","start":20,"time":389,"value":0,"angle":247.5},{"type":"ease","duration":2,"var":"vfx.hglitch.strength","start":20,"time":391,"value":0,"angle":247.5},{"type":"ease","duration":2,"var":"vfx.hglitch.strength","start":20,"time":393,"value":0,"angle":213.75},{"angle":247.5,"start":20,"var":"vfx.hglitch.strength","time":395,"duration":2,"value":0,"type":"ease"},{"type":"ease","duration":2,"var":"vfx.hglitch.strength","start":20,"time":397,"value":0,"angle":247.5},{"angle":247.5,"start":20,"var":"vfx.hglitch.strength","time":398,"duration":2,"value":0,"type":"ease"},{"type":"ease","duration":2,"var":"vfx.hglitch.strength","start":20,"time":399,"value":0,"angle":247.5},{"type":"ease","duration":2,"var":"vfx.hglitch.strength","start":20,"time":401,"value":0,"angle":247.5},{"angle":247.5,"start":20,"var":"vfx.hglitch.strength","time":403,"duration":2,"value":0,"type":"ease"},{"angle":258.75,"start":20,"var":"vfx.hglitch.strength","time":405,"duration":2,"value":0,"type":"ease"},{"type":"ease","duration":2,"var":"vfx.hglitch.strength","start":20,"time":407,"value":0,"angle":247.5},{"type":"ease","duration":2,"var":"vfx.hglitch.strength","start":20,"time":409,"value":0,"angle":247.5},{"type":"ease","duration":2,"var":"vfx.hglitch.strength","start":20,"time":411,"value":0,"angle":247.5},{"angle":247.5,"start":20,"var":"vfx.hglitch.strength","time":413,"duration":2,"value":0,"type":"ease"},{"angle":247.5,"start":20,"var":"vfx.hglitch.strength","time":414,"duration":2,"value":0,"type":"ease"},{"type":"ease","duration":2,"var":"vfx.hglitch.strength","start":20,"time":415,"value":0,"angle":202.5},{"type":"ease","duration":3,"var":"vfx.pixelate","start":3,"time":432,"value":1,"angle":225},{"type":"ease","duration":1,"var":"vfx.pixelate","start":2,"time":438,"value":1,"angle":292.5},{"type":"ease","duration":5,"var":"vfx.pixelate","start":5,"time":440,"value":1,"angle":236.25},{"duration":1,"g":144,"time":97,"angle":315,"r":144,"order":1,"type":"setColor","b":144,"color":1},{"b":255,"r":255,"time":97,"g":255,"type":"setColor","color":1,"angle":326.25},{"duration":1,"g":144,"time":99,"angle":315,"r":144,"order":1,"type":"setColor","b":144,"color":1},{"g":255,"r":255,"time":99,"color":1,"angle":326.25,"b":255,"type":"setColor"},{"duration":1,"g":144,"time":101,"angle":315,"r":144,"order":1,"type":"setColor","b":144,"color":1},{"g":255,"r":255,"time":101,"color":1,"angle":326.25,"b":255,"type":"setColor"},{"duration":1,"g":144,"time":103,"angle":315,"r":144,"order":1,"type":"setColor","b":144,"color":1},{"g":255,"r":255,"time":103,"color":1,"angle":326.25,"b":255,"type":"setColor"},{"duration":1,"g":144,"time":105,"angle":315,"r":144,"order":1,"type":"setColor","b":144,"color":1},{"g":255,"r":255,"time":105,"color":1,"angle":326.25,"b":255,"type":"setColor"},{"duration":1,"g":144,"time":107,"angle":315,"r":144,"order":1,"type":"setColor","b":144,"color":1},{"g":255,"r":255,"time":107,"color":1,"angle":326.25,"b":255,"type":"setColor"},{"duration":1,"g":144,"time":109,"angle":315,"r":144,"order":1,"type":"setColor","b":144,"color":1},{"g":255,"r":255,"time":109,"color":1,"angle":326.25,"b":255,"type":"setColor"},{"duration":1,"g":144,"time":111,"angle":315,"r":144,"order":1,"type":"setColor","b":144,"color":1},{"g":255,"r":255,"time":111,"color":1,"angle":326.25,"b":255,"type":"setColor"},{"duration":1,"g":144,"time":113,"angle":315,"r":144,"order":1,"type":"setColor","b":144,"color":1},{"g":255,"r":255,"time":113,"color":1,"angle":326.25,"b":255,"type":"setColor"},{"duration":1,"g":144,"time":115,"angle":315,"r":144,"order":1,"type":"setColor","b":144,"color":1},{"g":255,"r":255,"time":115,"color":1,"angle":326.25,"b":255,"type":"setColor"},{"duration":1,"g":144,"time":117,"angle":315,"r":144,"order":1,"type":"setColor","b":144,"color":1},{"g":255,"r":255,"time":117,"color":1,"angle":326.25,"b":255,"type":"setColor"},{"duration":1,"g":144,"time":119,"angle":315,"r":144,"order":1,"type":"setColor","b":144,"color":1},{"g":255,"r":255,"time":119,"color":1,"angle":326.25,"b":255,"type":"setColor"},{"duration":1,"g":144,"time":121,"angle":315,"r":144,"order":1,"type":"setColor","b":144,"color":1},{"g":255,"r":255,"time":121,"color":1,"angle":326.25,"b":255,"type":"setColor"},{"duration":1,"g":144,"time":123,"angle":315,"r":144,"order":1,"type":"setColor","b":144,"color":1},{"g":255,"r":255,"time":123,"color":1,"angle":326.25,"b":255,"type":"setColor"},{"duration":1,"g":144,"time":125,"angle":315,"r":144,"order":1,"type":"setColor","b":144,"color":1},{"g":255,"r":255,"time":125,"color":1,"angle":326.25,"b":255,"type":"setColor"},{"duration":1,"g":144,"time":127,"angle":315,"r":144,"order":1,"type":"setColor","b":144,"color":1},{"g":255,"r":255,"time":127,"color":1,"angle":326.25,"b":255,"type":"setColor"},{"duration":1,"g":144,"time":129,"angle":315,"r":144,"order":1,"type":"setColor","b":144,"color":1},{"g":255,"r":255,"time":129,"color":1,"angle":326.25,"b":255,"type":"setColor"},{"duration":1,"g":144,"time":131,"angle":315,"r":144,"order":1,"type":"setColor","b":144,"color":1},{"g":255,"r":255,"time":131,"color":1,"angle":326.25,"b":255,"type":"setColor"},{"duration":1,"g":144,"time":133,"angle":315,"r":144,"order":1,"type":"setColor","b":144,"color":1},{"g":255,"r":255,"time":133,"color":1,"angle":326.25,"b":255,"type":"setColor"},{"duration":1,"g":144,"time":135,"angle":315,"r":144,"order":1,"type":"setColor","b":144,"color":1},{"g":255,"r":255,"time":135,"color":1,"angle":326.25,"b":255,"type":"setColor"},{"duration":1,"g":144,"time":137,"angle":315,"r":144,"order":1,"type":"setColor","b":144,"color":1},{"g":255,"r":255,"time":137,"color":1,"angle":326.25,"b":255,"type":"setColor"},{"duration":1,"g":144,"time":139,"angle":315,"r":144,"order":1,"type":"setColor","b":144,"color":1},{"g":255,"r":255,"time":139,"color":1,"angle":326.25,"b":255,"type":"setColor"},{"duration":1,"g":144,"time":141,"angle":315,"r":144,"order":1,"type":"setColor","b":144,"color":1},{"g":255,"r":255,"time":141,"color":1,"angle":326.25,"b":255,"type":"setColor"},{"duration":1,"g":144,"time":143,"angle":315,"r":144,"order":1,"type":"setColor","b":144,"color":1},{"g":255,"r":255,"time":143,"color":1,"angle":326.25,"b":255,"type":"setColor"},{"duration":1,"g":144,"time":145,"angle":315,"r":144,"order":1,"type":"setColor","b":144,"color":1},{"g":255,"r":255,"time":145,"color":1,"angle":326.25,"b":255,"type":"setColor"},{"duration":1,"g":144,"time":147,"angle":315,"r":144,"order":1,"type":"setColor","b":144,"color":1},{"g":255,"r":255,"time":147,"color":1,"angle":326.25,"b":255,"type":"setColor"},{"duration":1,"g":144,"time":149,"angle":315,"r":144,"order":1,"type":"setColor","b":144,"color":1},{"g":255,"r":255,"time":149,"color":1,"angle":326.25,"b":255,"type":"setColor"},{"duration":1,"g":144,"time":151,"angle":315,"r":144,"order":1,"type":"setColor","b":144,"color":1},{"g":255,"r":255,"time":151,"color":1,"angle":326.25,"b":255,"type":"setColor"},{"duration":1,"g":144,"time":153,"angle":315,"r":144,"order":1,"type":"setColor","b":144,"color":1},{"g":255,"r":255,"time":153,"color":1,"angle":326.25,"b":255,"type":"setColor"}],"properties":{"offset":8,"speed":70,"formatversion":13},"metadata":{"songName":"risuyu krov'yu","bg":false,"difficulty":12,"artistLink":"","artist":"ANGUISH, hxvvxn & billboards","charter":"Ratøri","description":"2/5 part of jumpbeat pack\nMechanics used: JUMPBEATS and...\neh... hm... oh, yeah, JUMPBEATS"}}