[{"type":"hold","angle":67.5,"time":0,"duration":8,"holdEase":"outQuad","angle2":-180},{"type":"block","angle":-180,"time":8,"tap":true},{"time":8.5,"type":"block","angle":-517.5},{"time":9,"type":"block","angle":-472.5},{"time":9.5,"type":"block","angle":-450},{"type":"hold","angle":-382.5,"startTap":true,"time":10,"duration":1,"angle2":-427.5},{"type":"hold","angle":-405,"startTap":true,"time":10,"duration":1,"angle2":-450},{"time":8.75,"type":"block","angle":-495},{"time":12.5,"type":"block","angle":-427.5},{"time":13,"type":"block","angle":-472.5},{"time":13.5,"type":"block","angle":-450},{"time":12.75,"type":"block","angle":-450},{"type":"hold","angle":292.5,"startTap":true,"time":14,"duration":1.5,"holdEase":"outCubic","angle2":157.5},{"type":"hold","startTap":true,"angle":-382.5,"time":12,"duration":0,"endTap":true,"angle2":-405},{"type":"block","angle":180,"time":16,"tap":true},{"time":16.25,"type":"block","angle":-517.5},{"time":16.5,"type":"block","angle":225},{"time":16.75,"type":"block","angle":-112.5},{"type":"block","angle":-450,"time":17,"tap":true},{"time":17.25,"type":"block","angle":-67.5},{"time":17.5,"type":"block","angle":-45},{"time":17.75,"type":"block","angle":-382.5},{"type":"block","angle":-360,"time":18,"tap":true},{"type":"side","angle":225,"time":20,"tap":true},{"type":"side","angle":67.5,"time":21,"tap":true},{"time":22.5,"type":"extraTap","angle":450},{"time":23,"type":"extraTap","angle":450},{"type":"mineHold","angle":247.5,"time":0,"duration":8,"holdEase":"outQuad","angle2":0},{"type":"mineHold","angle":157.5,"time":0,"duration":8,"holdEase":"outQuad","angle2":-90},{"type":"mineHold","angle":337.5,"time":0,"duration":8,"holdEase":"outQuad","angle2":90},{"time":18.25,"type":"block","angle":22.5},{"time":18.5,"type":"block","angle":45},{"time":18.75,"type":"block","angle":22.5},{"type":"block","angle":0,"time":19,"tap":true},{"time":19.25,"type":"block","angle":337.5},{"time":19.5,"type":"block","angle":315},{"time":19.75,"type":"block","angle":292.5},{"type":"mineHold","angle":90,"time":20,"duration":1.5,"angle2":-157.5},{"type":"hold","angle":-67.5,"time":24,"duration":0,"angle2":-90},{"type":"hold","angle":45,"time":25,"duration":0,"angle2":22.5},{"type":"hold","angle":-67.5,"time":26,"duration":0,"angle2":-90},{"type":"hold","angle":135,"time":27,"duration":0,"angle2":112.5},{"type":"hold","angle":-112.5,"time":28,"duration":0,"angle2":-135},{"type":"hold","angle":22.5,"time":29,"duration":0,"angle2":0},{"type":"hold","angle":-67.5,"time":30,"duration":0,"angle2":-90},{"type":"hold","angle":67.5,"time":31,"duration":0,"angle2":45},{"time":32,"type":"block","angle":360},{"time":32.5,"type":"block","angle":337.5},{"time":33,"type":"block","angle":315},{"time":33.5,"type":"block","angle":292.5},{"time":34,"type":"block","angle":270},{"time":34.25,"type":"block","angle":247.5},{"time":34.5,"type":"block","angle":225},{"time":34.75,"type":"block","angle":202.5},{"time":35,"type":"block","angle":180},{"time":35.25,"type":"block","angle":157.5},{"time":35.5,"type":"block","angle":135},{"time":35.75,"type":"block","angle":112.5},{"time":36,"type":"block","angle":90},{"time":36.25,"type":"block","angle":112.5},{"time":36.5,"type":"block","angle":135},{"time":36.75,"type":"block","angle":157.5},{"time":37,"type":"block","angle":180},{"time":37.25,"type":"block","angle":202.5},{"time":37.5,"type":"block","angle":225},{"time":37.75,"type":"block","angle":247.5},{"time":38,"type":"block","angle":270},{"time":38.25,"type":"block","angle":292.5},{"time":38.5,"type":"block","angle":315},{"time":38.75,"type":"block","angle":337.5},{"time":39,"type":"block","angle":0},{"type":"hold","speedMult":10,"angle":0,"time":40,"duration":0.5,"angle2":0},{"type":"hold","speedMult":10,"angle":22.5,"time":40,"duration":0.5,"angle2":22.5},{"time":40,"type":"block","angle":0},{"time":40,"type":"block","angle":22.5},{"time":40,"type":"extraTap","angle":337.5},{"type":"hold","angle":0,"time":41,"duration":2,"holdEase":"outSine","angle2":-112.5},{"time":43.5,"type":"block","angle":270},{"time":44,"type":"block","angle":292.5},{"time":44,"type":"block","angle":315},{"type":"hold","angle2":-67.5,"angle":-67.5,"time":44,"duration":0.5,"speedMult":10},{"type":"hold","angle2":-45,"angle":-45,"time":44,"duration":0.5,"speedMult":10},{"time":44,"type":"extraTap","angle":360},{"time":45.5,"type":"side","angle":337.5},{"time":46,"type":"side","angle":270},{"time":45,"type":"side","angle":247.5},{"type":"hold","angle":315,"time":47,"duration":0,"angle2":337.5},{"time":48,"type":"block","angle":405},{"time":48,"type":"block","angle":427.5},{"type":"hold","speedMult":10,"angle":45,"time":48,"duration":0.5,"angle2":45},{"type":"hold","speedMult":10,"angle":67.5,"time":48,"duration":0.5,"angle2":67.5},{"time":48,"type":"extraTap","angle":472.5},{"time":49,"type":"inverse","angle":22.5},{"time":49.25,"type":"inverse","angle":0},{"time":49.5,"type":"inverse","angle":-22.5},{"time":49.75,"type":"inverse","angle":-45},{"time":50,"type":"inverse","angle":292.5},{"time":50.25,"type":"inverse","angle":270},{"time":50.5,"type":"inverse","angle":247.5},{"time":50.75,"type":"inverse","angle":225},{"time":51,"type":"block","angle":202.5},{"time":51.25,"type":"block","angle":225},{"time":51.5,"type":"block","angle":247.5},{"time":51.75,"type":"block","angle":270},{"time":52,"type":"block","angle":292.5},{"time":52,"type":"block","angle":315},{"type":"hold","speedMult":10,"angle":-67.5,"time":52,"duration":0.5,"angle2":-67.5},{"type":"hold","speedMult":10,"angle":-45,"time":52,"duration":0.5,"angle2":-45},{"time":52,"type":"extraTap","angle":360},{"time":53.5,"type":"block","angle":405},{"time":53.5,"type":"block","angle":427.5},{"type":"hold","speedMult":10,"angle":45,"time":53.5,"duration":0.5,"angle2":45},{"type":"hold","speedMult":10,"angle":67.5,"time":53.5,"duration":0.5,"angle2":67.5},{"time":53.5,"type":"extraTap","angle":472.5},{"time":55,"type":"block","angle":180},{"time":55,"type":"block","angle":202.5},{"type":"hold","speedMult":10,"angle":-180,"time":55,"duration":0.5,"angle2":-180},{"type":"hold","speedMult":10,"angle":-157.5,"time":55,"duration":0.5,"angle2":-157.5},{"time":55,"type":"extraTap","angle":247.5},{"time":56,"type":"block","angle":472.5},{"time":56,"type":"block","angle":495},{"type":"hold","speedMult":10,"angle":112.5,"time":56,"duration":0.5,"angle2":112.5},{"type":"hold","speedMult":10,"angle":135,"time":56,"duration":0.5,"angle2":135},{"time":56,"type":"extraTap","angle":540},{"time":57,"type":"block","angle":157.5},{"time":58,"type":"block","angle":202.5},{"type":"hold","speedMult":10,"angle":-180,"time":60,"duration":0.5,"angle2":-180},{"type":"hold","speedMult":10,"angle":-157.5,"time":60,"duration":0.5,"angle2":-157.5},{"time":60,"type":"block","angle":-180},{"time":60,"type":"block","angle":-157.5},{"time":60,"type":"extraTap","angle":157.5},{"time":59.5,"type":"block","angle":225},{"time":57.5,"type":"block","angle":180},{"time":58.5,"type":"block","angle":225},{"time":59,"type":"block","angle":247.5},{"time":61,"type":"block","angle":225},{"time":61.666667938232,"type":"block","angle":270},{"time":61.333332061768,"type":"block","angle":247.5},{"time":62,"type":"block","angle":292.5},{"time":62.5,"type":"block","angle":247.5},{"time":63,"type":"side","angle":315},{"type":"hold","speedMult":10,"angle":0,"time":64,"duration":0.5,"angle2":0},{"type":"hold","speedMult":10,"angle":22.5,"time":64,"duration":0.5,"angle2":22.5},{"time":64,"type":"block","angle":0},{"time":64,"type":"block","angle":22.5},{"time":64,"type":"extraTap","angle":337.5},{"type":"hold","angle":45,"time":65,"duration":0.5,"angle2":112.5},{"type":"hold","angle":112.5,"time":65.5,"duration":0.5,"angle2":90},{"type":"hold","angle":90,"time":66,"duration":0.5,"angle2":135},{"type":"hold","speedMult":10,"angle":-315,"time":68,"duration":0.5,"angle2":-315},{"type":"hold","speedMult":10,"angle":-292.5,"time":68,"duration":0.5,"angle2":-292.5},{"time":68,"type":"block","angle":-315},{"time":68,"type":"block","angle":-292.5},{"time":68,"type":"extraTap","angle":22.5},{"time":67,"type":"inverse","angle":112.5},{"time":67.5,"type":"inverse","angle":90},{"type":"hold","angle2":-405,"angle":-405,"time":69.5,"duration":0.5,"speedMult":10},{"type":"hold","angle2":-382.5,"angle":-382.5,"time":69.5,"duration":0.5,"speedMult":10},{"time":69.5,"type":"block","angle":-405},{"time":69.5,"type":"block","angle":-382.5},{"time":69.5,"type":"extraTap","angle":-67.5},{"type":"hold","angle2":-517.5,"angle":-517.5,"time":71,"duration":0.5,"speedMult":10},{"type":"hold","angle2":-495,"angle":-495,"time":71,"duration":0.5,"speedMult":10},{"time":71,"type":"block","angle":-517.5},{"time":71,"type":"block","angle":-495},{"time":71,"type":"extraTap","angle":-180},{"type":"hold","angle":-90,"time":72,"duration":0,"angle2":-112.5},{"type":"hold","angle":-45,"time":73,"duration":0,"angle2":-67.5},{"type":"hold","angle":-180,"time":74,"duration":0,"angle2":-202.5},{"type":"hold","angle":67.5,"time":75,"duration":0,"angle2":45},{"type":"hold","angle":-202.5,"time":76,"duration":0,"angle2":-225},{"type":"hold","angle":-67.5,"time":77,"duration":0,"angle2":-90},{"type":"hold","angle":-270,"time":78,"duration":0,"angle2":-292.5},{"type":"hold","angle":0,"time":79,"duration":0,"angle2":-22.5},{"type":"hold","angle":-247.5,"time":80,"duration":0,"angle2":-270},{"type":"hold","angle":-157.5,"time":81,"duration":0,"angle2":-180},{"type":"hold","angle":45,"time":82,"duration":0,"angle2":22.5},{"type":"hold","angle":-67.5,"time":84,"duration":0,"angle2":-90},{"type":"hold","angle":-292.5,"time":85,"duration":0,"angle2":-315},{"time":88,"type":"block","angle":270},{"time":88.5,"type":"block","angle":315},{"time":89,"type":"block","angle":360},{"time":89.5,"type":"block","angle":405},{"time":90,"type":"block","angle":450},{"time":72,"type":"extraTap","angle":315},{"time":86,"type":"extraTap","angle":292.5},{"time":88,"type":"extraTap","angle":292.5},{"time":94,"type":"extraTap","angle":315},{"time":96,"type":"extraTap","angle":292.5},{"time":100,"type":"extraTap","angle":292.5},{"time":108,"type":"extraTap","angle":270},{"time":90.5,"type":"block","angle":135},{"time":91,"type":"block","angle":180},{"time":91.5,"type":"block","angle":225},{"time":92,"type":"block","angle":180},{"time":92.5,"type":"block","angle":135},{"time":93,"type":"block","angle":90},{"time":93.5,"type":"block","angle":45},{"time":94,"type":"block","angle":0},{"type":"hold","angle":-225,"time":83,"duration":0,"angle2":-247.5},{"time":96,"type":"block","angle":315},{"time":96.25,"type":"block","angle":337.5},{"time":96.5,"type":"block","angle":0},{"time":96.75,"type":"block","angle":22.5},{"time":97,"type":"block","angle":45},{"time":97.25,"type":"block","angle":67.5},{"time":97.5,"type":"block","angle":90},{"time":97.75,"type":"block","angle":112.5},{"time":98,"type":"block","angle":135},{"time":98.25,"type":"block","angle":157.5},{"time":98.5,"type":"block","angle":180},{"time":98.75,"type":"block","angle":202.5},{"time":99,"type":"block","angle":225},{"time":99.25,"type":"block","angle":247.5},{"time":99.5,"type":"block","angle":270},{"time":99.75,"type":"block","angle":292.5},{"time":100,"type":"block","angle":315},{"time":101,"type":"block","angle":0},{"time":101.5,"type":"block","angle":337.5},{"time":102,"type":"block","angle":315},{"time":102.5,"type":"block","angle":292.5},{"time":103,"type":"block","angle":270},{"type":"hold","angle":202.5,"time":104,"duration":0,"angle2":180},{"type":"hold","angle":292.5,"time":105,"duration":0,"angle2":315},{"type":"hold","angle":22.5,"time":106,"duration":0,"angle2":45},{"type":"hold","angle":45,"time":106.5,"duration":0,"angle2":67.5},{"type":"hold","angle":67.5,"time":107,"duration":0,"angle2":90},{"type":"side","time":108,"angle":360},{"type":"side","time":109,"angle":112.5},{"type":"side","time":110,"angle":315},{"type":"side","time":111,"angle":157.5},{"type":"side","time":112,"angle":337.5},{"type":"hold","angle":45,"time":113,"duration":2,"holdEase":"outSine","angle2":225},{"type":"mineHold","angle":157.5,"time":115,"duration":2,"angle2":67.5},{"type":"block","time":117,"angle":135},{"type":"block","time":117.5,"angle":90},{"type":"mineHold","angle":292.5,"time":115,"duration":2,"angle2":202.5},{"type":"block","time":118,"angle":45},{"type":"block","time":118.5,"angle":67.5},{"type":"inverse","time":119,"angle":45},{"type":"inverse","time":119.33333587646,"angle":22.5},{"type":"hold","angle":22.5,"time":120,"duration":1,"angle2":-45},{"type":"hold","angle":45,"time":120,"duration":1,"angle2":-22.5},{"type":"hold","angle":315,"time":121,"duration":1,"angle2":337.5},{"type":"hold","angle":315,"time":122,"duration":2,"angle2":472.5},{"type":"hold","angle":337.5,"time":122,"duration":2,"angle2":472.5},{"type":"block","time":124.25,"angle":135},{"type":"block","time":124.5,"angle":157.5},{"type":"block","time":124.75,"angle":180},{"type":"block","time":125,"angle":157.5},{"type":"block","time":125.25,"angle":135},{"type":"block","time":125.5,"angle":112.5},{"type":"block","time":125.75,"angle":90},{"type":"block","time":126,"angle":67.5},{"type":"inverse","time":126.25,"angle":90},{"type":"inverse","time":126.5,"angle":112.5},{"type":"inverse","time":126.75,"angle":135},{"type":"inverse","time":127,"angle":157.5},{"type":"inverse","time":127.25,"angle":180},{"type":"inverse","time":127.5,"angle":202.5},{"type":"inverse","time":127.75,"angle":225},{"type":"inverse","time":128,"angle":247.5},{"type":"block","time":128.25,"angle":270},{"type":"block","time":128.5,"angle":292.5},{"type":"block","time":128.75,"angle":315},{"type":"hold","angle":337.5,"time":129,"duration":0,"angle2":360},{"type":"mineHold","angle":90,"time":129,"duration":2,"angle2":-180},{"type":"block","time":130.5,"angle":135},{"type":"block","time":131,"angle":90},{"type":"block","time":131.5,"angle":45},{"type":"side","time":132,"angle":135},{"type":"hold","angle":247.5,"time":133,"duration":1,"angle2":270},{"type":"hold","angle":270,"time":133,"duration":1,"angle2":292.5},{"type":"hold","angle":315,"time":134.5,"duration":1,"angle2":270},{"type":"hold","angle":292.5,"time":134.5,"duration":1,"angle2":247.5},{"type":"hold","angle":270,"time":136,"duration":1,"angle2":315},{"type":"hold","angle":292.5,"time":136,"duration":1,"angle2":337.5},{"type":"block","time":137.5,"angle":337.5},{"type":"block","time":137.5,"angle":0},{"type":"block","time":138,"angle":0},{"type":"block","time":138,"angle":22.5},{"type":"block","time":138.5,"angle":22.5},{"type":"block","time":138.5,"angle":45},{"type":"hold","angle":45,"time":139,"duration":1,"angle2":0},{"type":"hold","angle":67.5,"time":139,"duration":1,"angle2":22.5},{"type":"block","time":140.25,"angle":360},{"type":"block","time":140.5,"angle":337.5},{"type":"block","time":140.75,"angle":315},{"type":"block","time":141,"angle":292.5},{"type":"block","time":141.25,"angle":270},{"type":"block","time":141.5,"angle":292.5},{"type":"block","time":141.75,"angle":315},{"type":"hold","angle":337.5,"time":142,"duration":1,"holdEase":"inExpo","angle2":270},{"type":"side","time":144,"angle":90},{"type":"mineHold","angle":90,"time":142,"duration":3,"angle2":292.5},{"type":"hold","angle":180,"time":145,"duration":2,"holdEase":"outSine","angle2":67.5},{"type":"block","time":147.33332824707,"angle":45},{"type":"block","time":147.66667175293,"angle":22.5},{"type":"inverse","time":148,"angle":0},{"type":"inverse","time":148.33332824707,"angle":337.5},{"type":"hold","angle":315,"time":148.75,"duration":0.75,"angle2":270},{"type":"side","time":150,"angle":337.5},{"type":"block","time":150.5,"angle":22.5},{"type":"hold","angle":45,"time":151,"duration":1,"holdEase":"outQuad","angle2":135},{"type":"hold","angle":135,"time":152,"duration":1,"holdEase":"inSine","angle2":90},{"type":"hold","angle":90,"time":153,"duration":1.5,"angle2":180},{"type":"block","time":155.33332824707,"angle":202.5},{"type":"hold","angle":225,"time":156,"duration":0,"angle2":247.5},{"type":"hold","angle":270,"time":156.66667175293,"duration":0,"angle2":292.5},{"type":"hold","angle":225,"time":157.3333384196,"duration":0,"angle2":247.5},{"type":"mine","time":248.6803894043,"angle":90.145050048828},{"type":"mine","time":249.17364501953,"angle":355.18185424805},{"type":"mine","time":249.43873596191,"angle":72.645973205566},{"type":"mine","time":248.57247924805,"angle":43.388523101807},{"type":"mine","time":248.66780090332,"angle":259.4264831543},{"type":"mine","time":249.48307800293,"angle":311.46044921875},{"type":"mine","time":248.98446655273,"angle":200.0198059082},{"type":"mine","time":248.07566833496,"angle":349.5888671875},{"type":"mine","time":247.06945800781,"angle":276.97100830078},{"type":"mine","time":247.52656555176,"angle":124.81336975098},{"type":"mine","time":247.37733459473,"angle":28.468919754028},{"type":"mine","time":245.92039489746,"angle":227.97372436523},{"type":"mine","time":246.48468017578,"angle":2.5232663154602},{"type":"mine","time":246.63531494141,"angle":86.969520568848},{"type":"mine","time":245.4621887207,"angle":341.67254638672},{"type":"mine","time":245.5938873291,"angle":140.26495361328},{"type":"mine","time":245.69352722168,"angle":62.465751647949},{"type":"mine","time":244.58741760254,"angle":256.69082641602},{"type":"mine","time":244.50596618652,"angle":12.757532119751},{"type":"mine","time":243.88275146484,"angle":296.46826171875},{"type":"mine","time":243.8424987793,"angle":108.93690490723},{"type":"mine","time":243.70043945313,"angle":14.896277427673},{"type":"mine","time":243.80897521973,"angle":162.98408508301},{"type":"mine","time":242.8346862793,"angle":266.05480957031},{"type":"mine","time":243.14059448242,"angle":95.566329956055},{"type":"mine","time":243.11589050293,"angle":165.11679077148},{"type":"mine","time":242.53103637695,"angle":35.423011779785},{"type":"mine","time":241.61184692383,"angle":288.95819091797},{"type":"mine","time":242.02018737793,"angle":89.341453552246},{"type":"mine","time":241.4317779541,"angle":8.4624176025391},{"type":"mine","time":240.01419067383,"angle":20.040952682495},{"type":"mine","time":240.45057678223,"angle":218.77905273438},{"type":"mine","time":239.55407714844,"angle":130.29214477539},{"type":"mine","time":242.58760070801,"angle":320.59655761719},{"type":"mine","time":241.47085571289,"angle":135.78176879883},{"type":"mine","time":242.46151733398,"angle":206.07949829102},{"type":"mine","time":239.98262023926,"angle":254.58726501465},{"type":"mine","time":244.03804016113,"angle":219.63436889648},{"type":"mine","time":244.73252868652,"angle":61.109767913818},{"type":"mine","time":244.49122619629,"angle":315.45593261719},{"type":"mine","time":245.07556152344,"angle":139.49714660645},{"type":"mine","time":244.91151428223,"angle":188.93325805664},{"type":"mine","time":245.83776855469,"angle":20.397205352783},{"type":"mine","time":246.47605895996,"angle":270.47058105469},{"type":"mine","time":246.87287902832,"angle":319.79013061523},{"type":"mine","time":247.41152954102,"angle":183.03939819336},{"type":"mine","time":247.0559387207,"angle":230.51249694824},{"type":"mine","time":247.1046295166,"angle":150.23541259766},{"type":"hold","angle":292.5,"time":160,"duration":1,"angle2":337.5},{"type":"hold","angle":270,"time":160,"duration":1,"angle2":315},{"type":"block","time":159.25,"angle":292.5},{"type":"block","time":159.5,"angle":270},{"type":"block","time":159,"angle":315},{"type":"block","time":158.75,"angle":337.5},{"type":"hold","angle":-337.5,"time":162,"duration":1,"angle2":-382.5},{"type":"hold","angle":-315,"time":162,"duration":1,"angle2":-360},{"type":"side","time":164,"angle":225},{"type":"side","time":165,"angle":45},{"type":"side","time":166,"angle":225},{"type":"side","time":167,"angle":45},{"type":"hold","angle":315,"time":168,"duration":4,"holdEase":"outSine","angle2":630},{"type":"mineHold","angle":45,"time":164,"duration":4,"angle2":-585},{"type":"extraTap","time":133,"angle":315},{"type":"extraTap","time":134.5,"angle":337.5},{"type":"extraTap","time":136,"angle":315},{"type":"extraTap","time":137.5,"angle":45},{"type":"extraTap","time":139,"angle":90},{"type":"extraTap","time":140,"angle":67.5},{"type":"mineHold","angle":90,"time":157.25,"duration":1,"angle2":247.5},{"type":"hold","angle":-67.5,"time":172,"duration":0,"angle2":-90},{"type":"hold","angle":-135,"time":173,"duration":0,"angle2":-157.5},{"type":"hold","angle":90,"time":174,"duration":0,"angle2":67.5},{"type":"hold","angle":-45,"time":175,"duration":0,"angle2":-67.5},{"type":"hold","angle":-495,"time":176,"duration":0,"angle2":-517.5},{"type":"hold","angle":45,"time":177,"duration":0,"angle2":22.5},{"type":"hold","angle":-247.5,"time":178,"duration":0,"angle2":-270},{"type":"hold","angle":-22.5,"time":179,"duration":0,"angle2":-45},{"type":"hold","angle":-270,"time":180,"duration":0,"angle2":-292.5},{"type":"hold","angle":-112.5,"time":181,"duration":0,"angle2":-135},{"type":"hold","angle":0,"time":182,"duration":0,"angle2":-22.5},{"type":"hold","angle":-90,"time":184,"duration":0,"angle2":-112.5},{"type":"hold","angle":-337.5,"time":185,"duration":0,"angle2":-360},{"time":172,"type":"extraTap","angle":337.5},{"time":186,"type":"extraTap","angle":315},{"time":188,"type":"extraTap","angle":315},{"time":194,"type":"extraTap","angle":337.5},{"type":"hold","angle":-247.5,"time":183,"duration":0,"angle2":-270},{"time":196,"type":"extraTap","angle":585},{"time":200,"type":"block","angle":157.5},{"time":200.25,"type":"block","angle":180},{"time":200.5,"type":"block","angle":202.5},{"time":200.75,"type":"block","angle":225},{"time":201,"type":"block","angle":247.5},{"time":201.25,"type":"block","angle":270},{"time":201.5,"type":"block","angle":292.5},{"time":201.75,"type":"block","angle":315},{"time":202,"type":"block","angle":337.5},{"time":202.25,"type":"block","angle":360},{"time":202.5,"type":"block","angle":382.5},{"time":202.75,"type":"block","angle":405},{"time":203,"type":"block","angle":67.5},{"type":"hold","angle2":67.5,"angle":67.5,"time":204,"duration":0.5,"speedMult":10},{"type":"hold","angle2":90,"angle":90,"time":204,"duration":0.5,"speedMult":10},{"time":204,"type":"block","angle":67.5},{"time":204,"type":"block","angle":90},{"time":204,"type":"extraTap","angle":405},{"type":"extraTap","time":168,"angle":22.5},{"type":"hold","angle":-45,"time":175,"duration":0,"angle2":-67.5},{"type":"hold","angle":-495,"time":176,"duration":0,"angle2":-517.5},{"type":"hold","angle":45,"time":177,"duration":0,"angle2":22.5},{"type":"hold","angle":-247.5,"time":178,"duration":0,"angle2":-270},{"type":"hold","angle":-22.5,"time":179,"duration":0,"angle2":-45},{"type":"hold","angle":-157.5,"time":188,"duration":0,"angle2":-180},{"type":"hold","angle":-607.5,"time":189,"duration":0,"angle2":-630},{"type":"hold","angle":-22.5,"time":190,"duration":0,"angle2":-45},{"type":"hold","angle":-247.5,"time":191,"duration":0,"angle2":-270},{"type":"hold","angle":-135,"time":192,"duration":0,"angle2":-157.5},{"type":"hold","angle":45,"time":193,"duration":0,"angle2":22.5},{"type":"hold","angle":157.5,"time":196,"duration":0,"angle2":135},{"type":"hold","angle":135,"time":196.5,"duration":0,"angle2":112.5},{"type":"hold","angle":112.5,"time":197,"duration":0,"angle2":90},{"type":"hold","angle":90,"time":197.5,"duration":0,"angle2":67.5},{"type":"hold","angle":67.5,"time":198,"duration":0,"angle2":45},{"type":"hold","angle":90,"time":198.5,"duration":0,"angle2":67.5},{"type":"hold","angle":112.5,"time":199,"duration":0,"angle2":90},{"type":"hold","angle":135,"time":199.5,"duration":0,"angle2":112.5},{"type":"hold","angle":112.5,"time":205,"duration":2,"holdEase":"outSine","angle2":0},{"time":207.5,"type":"block","angle":22.5},{"time":208,"type":"block","angle":45},{"time":208,"type":"block","angle":67.5},{"type":"hold","speedMult":10,"angle":-315,"time":208,"duration":0.5,"angle2":-315},{"type":"hold","speedMult":10,"angle":-292.5,"time":208,"duration":0.5,"angle2":-292.5},{"time":208,"type":"extraTap","angle":112.5},{"time":209.5,"type":"side","angle":45},{"time":210,"type":"side","angle":112.5},{"time":209,"type":"side","angle":135},{"type":"hold","angle":45,"time":211,"duration":0,"angle2":67.5},{"time":212,"type":"block","angle":450},{"time":212,"type":"block","angle":472.5},{"type":"hold","angle2":90,"angle":90,"time":212,"duration":0.5,"speedMult":10},{"type":"hold","angle2":112.5,"angle":112.5,"time":212,"duration":0.5,"speedMult":10},{"time":212,"type":"extraTap","angle":517.5},{"time":213,"type":"inverse","angle":472.5},{"time":213.25,"type":"inverse","angle":495},{"time":213.5,"type":"inverse","angle":517.5},{"time":213.75,"type":"inverse","angle":540},{"time":214,"type":"inverse","angle":202.5},{"time":214.25,"type":"inverse","angle":225},{"time":214.5,"type":"inverse","angle":247.5},{"time":214.75,"type":"inverse","angle":270},{"time":215,"type":"block","angle":292.5},{"time":215.25,"type":"block","angle":270},{"time":215.5,"type":"block","angle":247.5},{"time":215.75,"type":"block","angle":225},{"time":216,"type":"block","angle":202.5},{"time":216,"type":"block","angle":180},{"type":"hold","angle2":562.5,"angle":562.5,"time":216,"duration":0.5,"speedMult":10},{"type":"hold","angle2":540,"angle":540,"time":216,"duration":0.5,"speedMult":10},{"time":216,"type":"extraTap","angle":135},{"time":217.5,"type":"block","angle":247.5},{"time":217.5,"type":"block","angle":270},{"type":"hold","angle2":-112.5,"angle":-112.5,"time":217.5,"duration":0.5,"speedMult":10},{"type":"hold","angle2":-90,"angle":-90,"time":217.5,"duration":0.5,"speedMult":10},{"time":217.5,"type":"extraTap","angle":315},{"time":219,"type":"block","angle":22.5},{"time":219,"type":"block","angle":45},{"type":"hold","angle2":-337.5,"angle":-337.5,"time":219,"duration":0.5,"speedMult":10},{"type":"hold","angle2":-315,"angle":-315,"time":219,"duration":0.5,"speedMult":10},{"time":219,"type":"extraTap","angle":90},{"time":220,"type":"block","angle":315},{"time":220,"type":"block","angle":337.5},{"type":"hold","angle2":-45,"angle":-45,"time":220,"duration":0.5,"speedMult":10},{"type":"hold","angle2":-22.5,"angle":-22.5,"time":220,"duration":0.5,"speedMult":10},{"time":220,"type":"extraTap","angle":382.5},{"time":221,"type":"block","angle":0},{"time":222,"type":"block","angle":0},{"type":"hold","angle2":-405,"angle":-405,"time":224,"duration":0.5,"speedMult":10},{"type":"hold","angle2":-382.5,"angle":-382.5,"time":224,"duration":0.5,"speedMult":10},{"time":224,"type":"block","angle":-405},{"time":224,"type":"block","angle":-382.5},{"time":224,"type":"extraTap","angle":-67.5},{"time":223.5,"type":"block","angle":292.5},{"time":221.5,"type":"block","angle":22.5},{"time":222.5,"type":"block","angle":337.5},{"time":223,"type":"block","angle":315},{"time":225,"type":"block","angle":0},{"time":225.66666793823,"type":"block","angle":45},{"time":225.33333206177,"type":"block","angle":22.5},{"time":226,"type":"block","angle":22.5},{"time":226.5,"type":"block","angle":337.5},{"time":227,"type":"side","angle":45},{"type":"hold","angle2":-270,"angle":-270,"time":228,"duration":0.5,"speedMult":10},{"type":"hold","angle2":-247.5,"angle":-247.5,"time":228,"duration":0.5,"speedMult":10},{"time":228,"type":"block","angle":-270},{"time":228,"type":"block","angle":-247.5},{"time":228,"type":"extraTap","angle":67.5},{"type":"hold","angle":495,"time":229,"duration":0.5,"angle2":427.5},{"type":"hold","angle":427.5,"time":229.5,"duration":0.5,"angle2":450},{"type":"hold","angle":450,"time":230,"duration":0.5,"angle2":405},{"type":"hold","angle2":-382.5,"angle":-382.5,"time":232,"duration":0.5,"speedMult":10},{"type":"hold","angle2":-360,"angle":-360,"time":232,"duration":0.5,"speedMult":10},{"time":232,"type":"block","angle":-382.5},{"time":232,"type":"block","angle":-360},{"time":232,"type":"extraTap","angle":-45},{"time":231,"type":"inverse","angle":-337.5},{"time":231.5,"type":"inverse","angle":-360},{"type":"hold","speedMult":10,"angle":-427.5,"time":233.5,"duration":0.5,"angle2":-427.5},{"type":"hold","speedMult":10,"angle":-405,"time":233.5,"duration":0.5,"angle2":-405},{"time":233.5,"type":"block","angle":-427.5},{"time":233.5,"type":"block","angle":-405},{"time":233.5,"type":"extraTap","angle":-90},{"type":"hold","speedMult":10,"angle":-630,"time":235,"duration":0.5,"angle2":-630},{"type":"hold","speedMult":10,"angle":-607.5,"time":235,"duration":0.5,"angle2":-607.5},{"time":235,"type":"block","angle":-630},{"time":235,"type":"block","angle":-607.5},{"time":235,"type":"extraTap","angle":-292.5}]