{"metadata":{"songName":"IGDWUTSWHWHMTC","artistLink":"https://www.youtube.com/channel/UC0keS6HcpWxhpsxPBWs7tWg","bgData":{"image":"mimideath.png","redChannel":{"b":57,"g":175,"r":206},"blueChannel":{"b":121,"g":87,"r":149}},"bg":true,"charter":"Keru","description":"if god didnt want us to snort worms he wouldn't have made them cylindrical!\n\n\n\n\n//// HAVE FUN ////","artist":"MIMIDEATH","difficulty":3},"properties":{"formatversion":12,"offset":8,"startBeat":0,"speed":70},"events":[{"volume":1,"bpm":124,"type":"play","time":-5.5,"angle":360,"file":"worms.ogg"},{"drawLayer":"bg","sx":0.69999992847443,"id":"b1","y":0,"sprite":"background1.png","time":-7,"type":"deco","sy":0.69999992847443,"x":0,"angle":0},{"g":0,"duration":1,"time":-7,"color":1,"b":0,"angle":315,"type":"setColor","r":0},{"g":255,"duration":1,"time":-7,"color":0,"b":255,"angle":292.5,"type":"setColor","r":255},{"g":83,"duration":1,"time":-7,"color":3,"b":160,"angle":270,"type":"setColor","r":15},{"g":131,"duration":1,"time":-7,"color":2,"b":202,"angle":247.5,"type":"setColor","r":30},{"type":"setBgColor","angle":225,"time":-7,"color":1},{"value":0.5,"type":"ease","angle":202.5,"var":"vfx.pixelate","time":-7},{"angle":22.5,"duration":12,"ease":"inOutQuad","type":"deco","id":"b1","y":-210,"time":-5},{"color":3,"type":"outline","angle":180,"time":-7,"enable":true},{"sx":1.5000001192093,"id":"game","y":-80,"time":8.5,"sprite":"gameboy.png","x":-380,"type":"deco","angle":67.5,"sy":1.5000001192093},{"duration":4,"value":3,"ease":"inOutQuart","type":"ease","time":5,"var":"vfx.canvPos.sy","angle":67.5},{"angle":22.5,"duration":4,"ease":"inOutQuart","type":"ease","time":5,"var":"vfx.canvPos.sx","value":3},{"g":0,"time":-8.5,"color":3,"b":0,"angle":337.5,"type":"setColor","r":0},{"g":0,"time":-8.5,"color":2,"b":0,"angle":0,"type":"setColor","r":0},{"g":0,"time":-8.5,"color":1,"b":0,"angle":22.5,"type":"setColor","r":0},{"g":0,"time":-8.5,"color":0,"b":0,"angle":45,"type":"setColor","r":0},{"value":1,"type":"ease","angle":22.5,"var":"vfx.canvPos.sy","time":8.5},{"value":1,"type":"ease","angle":360,"var":"vfx.canvPos.sx","time":8.5},{"sx":1,"id":"game","y":-0,"x":-150,"type":"deco","time":9,"sy":1,"angle":67.5},{"sx":0.49999991059303,"angle":67.5,"y":90,"x":70,"type":"deco","sy":0.49999991059303,"time":9.5,"id":"game"},{"value":3,"type":"ease","angle":90,"var":"vfx.hglitch.strength","time":8.5},{"value":6,"type":"ease","angle":90,"var":"vfx.hglitch.strength","time":9},{"value":9,"type":"ease","angle":90,"var":"vfx.hglitch.strength","time":9.5},{"type":"setColor","angle":112.5,"time":9.5,"color":0},{"g":0,"time":9.5,"color":2,"b":0,"angle":157.5,"type":"setColor","r":255},{"g":0,"time":9.5,"color":1,"b":0,"angle":135,"type":"setColor","r":0},{"g":0,"time":9.5,"color":3,"b":0,"angle":180,"type":"setColor","r":255},{"chance":1,"type":"noise","angle":337.5,"time":9.5,"color":1},{"angle":202.5,"type":"deco","time":9.5,"id":"b1","hide":true},{"drawLayer":"bg","sx":0.59999990463257,"id":"b2","y":2,"sprite":"background2.png","angle":45,"ease":"inOutQuad","type":"deco","sy":0.59999990463257,"x":600,"time":9.5},{"value":0,"type":"ease","angle":22.5,"var":"vfx.hglitch.strength","time":10.5},{"g":40,"duration":1,"time":10.5,"color":1,"b":91,"angle":67.5,"type":"setColor","r":16},{"g":212,"duration":1,"time":10.5,"color":0,"b":196,"angle":90,"type":"setColor","r":240},{"g":101,"duration":1,"time":10.5,"color":2,"b":161,"angle":112.5,"type":"setColor","r":10},{"g":170,"duration":1,"time":10.5,"color":3,"b":222,"angle":135,"type":"setColor","r":10},{"angle":360,"type":"deco","time":10,"id":"game","hide":true},{"g":0,"time":10,"color":3,"b":0,"angle":67.5,"type":"setColor","r":0},{"g":0,"time":10,"color":2,"b":0,"angle":90,"type":"setColor","r":0},{"g":0,"time":10,"color":1,"b":0,"angle":112.5,"type":"setColor","r":0},{"g":0,"time":10,"color":0,"b":0,"angle":135,"type":"setColor","r":0},{"time":10,"duration":7,"type":"deco","angle":45,"x":-1300,"id":"b2"},{"drawLayer":"bg","sx":0.60000002384186,"id":"b22","y":2,"sprite":"background2.png","time":13.5,"type":"deco","sy":0.60000002384186,"x":600,"angle":45},{"time":14,"duration":7,"drawLayer":"bg","type":"deco","angle":45,"x":-1300,"id":"b22"},{"time":17,"type":"deco","angle":45,"x":600,"id":"b2"},{"time":17.5,"duration":7,"type":"deco","angle":45,"x":-1300,"id":"b2"},{"duration":2.5,"time":10.5,"var":"vfx.canvPos.sy","value":1,"ease":"inOutQuad","type":"ease","angle":315,"start":3},{"duration":2.5,"time":10.5,"var":"vfx.canvPos.sx","value":1,"ease":"inOutQuad","type":"ease","angle":292.5,"start":3},{"time":21,"type":"deco","angle":45,"x":600,"id":"b22"},{"time":21.5,"duration":7,"type":"deco","angle":45,"x":-1300,"id":"b22"},{"time":24.5,"type":"deco","angle":45,"x":600,"id":"b2"},{"time":25,"duration":7,"type":"deco","angle":45,"x":-1300,"id":"b2"},{"value":1.5,"type":"ease","angle":112.5,"var":"vfx.pixelate","time":8.5},{"value":2,"type":"ease","angle":112.5,"var":"vfx.pixelate","time":9},{"value":3,"type":"ease","angle":225,"var":"vfx.pixelate","time":9.5},{"angle":225,"duration":1.5,"type":"ease","time":10.5,"var":"vfx.pixelate","value":1},{"time":-7,"value":1,"duration":1,"type":"ease","angle":45,"var":"vfx.canvPos.sy","start":2},{"angle":67.5,"start":2,"value":1,"type":"ease","time":-7,"var":"vfx.canvPos.sx","duration":1},{"paddle":2,"enabled":true,"newAngle":180,"time":13,"newWidth":80,"type":"paddles","angle":135,"ease":"inOutQuad","duration":0.25},{"paddle":3,"duration":0.25,"newAngle":90,"time":18.5,"ease":"linear","type":"paddles","angle":315,"enabled":true},{"paddle":4,"duration":0.25,"newAngle":270,"time":18.5,"ease":"linear","type":"paddles","angle":360,"enabled":true},{"paddle":0,"duration":0.25,"ease":"linear","type":"paddles","time":18.5,"angle":337.5,"newWidth":50},{"paddle":0,"enabled":true,"newAngle":0,"time":22.5,"newWidth":70,"type":"paddles","angle":247.5,"ease":"linear","duration":1},{"paddle":2,"duration":1,"newAngle":0,"time":21.5,"ease":"linear","type":"paddles","angle":112.5,"enabled":true},{"time":27.916666030884,"type":"deco","angle":67.5,"x":-100,"id":"b2"},{"time":30.375,"duration":7,"type":"deco","angle":67.5,"x":-1800,"id":"b2"},{"time":28,"duration":7,"type":"deco","angle":90,"x":-1300,"id":"b2"},{"time":30.25,"type":"deco","angle":67.5,"x":-100,"id":"b2"},{"time":31.5,"type":"deco","angle":67.5,"x":600,"id":"b22"},{"time":32,"duration":7,"type":"deco","angle":67.5,"x":-1300,"id":"b22"},{"time":35,"type":"deco","angle":67.5,"x":600,"id":"b2"},{"time":35.5,"duration":7,"type":"deco","angle":67.5,"x":-1300,"id":"b2"},{"time":38.5,"type":"deco","angle":45,"x":-100,"id":"b2"},{"g":159,"time":28,"color":3,"b":17,"angle":45,"type":"setColor","r":206},{"g":136,"time":28,"color":2,"b":15,"angle":22.5,"type":"setColor","r":149},{"g":85,"time":28,"color":1,"b":18,"angle":0,"type":"setColor","r":73},{"g":214,"time":28,"color":0,"b":233,"angle":337.5,"type":"setColor","r":211},{"g":52,"time":30.25,"color":3,"b":132,"angle":45,"type":"setColor","r":147},{"g":39,"time":30.25,"color":2,"b":86,"angle":22.5,"type":"setColor","r":107},{"g":29,"time":30.25,"color":1,"b":44,"angle":0,"type":"setColor","r":63},{"g":204,"time":30.25,"color":0,"b":195,"angle":337.5,"type":"setColor","r":192},{"g":170,"time":33.5,"color":3,"b":222,"angle":45,"type":"setColor","r":10},{"g":101,"time":33.5,"color":2,"b":161,"angle":22.5,"type":"setColor","r":10},{"g":40,"time":33.5,"color":1,"b":91,"angle":360,"type":"setColor","r":16},{"g":212,"time":33.5,"color":0,"b":196,"angle":337.5,"type":"setColor","r":240},{"time":38.625,"duration":7,"type":"deco","angle":45,"x":-1300,"id":"b2"},{"time":39.625,"duration":7,"type":"deco","angle":45,"x":-1300,"id":"b2"},{"time":39.5,"type":"deco","angle":45,"x":-100,"id":"b2"},{"time":40.5,"type":"deco","angle":45,"x":-100,"id":"b2"},{"time":40.625,"duration":7,"type":"deco","angle":45,"x":-1800,"id":"b2"},{"g":159,"time":38.5,"color":3,"b":17,"angle":337.5,"type":"setColor","r":206},{"g":136,"time":38.5,"color":2,"b":15,"angle":315,"type":"setColor","r":149},{"g":85,"time":38.5,"color":1,"b":18,"angle":292.5,"type":"setColor","r":73},{"g":214,"time":38.5,"color":0,"b":233,"angle":270,"type":"setColor","r":211},{"g":52,"time":39.5,"color":3,"b":132,"angle":22.5,"type":"setColor","r":147},{"g":39,"time":39.5,"color":2,"b":86,"angle":360,"type":"setColor","r":107},{"g":29,"time":39.5,"color":1,"b":44,"angle":337.5,"type":"setColor","r":63},{"g":204,"time":39.5,"color":0,"b":195,"angle":315,"type":"setColor","r":192},{"time":42,"type":"deco","angle":45,"x":600,"id":"b22"},{"time":42.5,"duration":7,"type":"deco","angle":45,"x":-1300,"id":"b22"},{"sx":0.19999992847443,"angle":315,"y":0,"sprite":"rewind.png","x":0,"type":"deco","sy":0.19999992847443,"time":28,"id":"rew"},{"angle":315,"type":"deco","time":33.5,"id":"rew","hide":true},{"angle":360,"type":"deco","time":38.5,"id":"rew","hide":false},{"g":170,"time":40.5,"color":3,"b":222,"angle":22.5,"type":"setColor","r":10},{"g":101,"time":40.5,"color":2,"b":161,"angle":0,"type":"setColor","r":10},{"g":40,"time":40.5,"color":1,"b":91,"angle":337.5,"type":"setColor","r":16},{"g":212,"time":40.5,"color":0,"b":196,"angle":315,"type":"setColor","r":240},{"angle":67.5,"start":3,"duration":1.5,"type":"ease","time":26.5,"var":"vfx.canvPos.sy","value":1},{"angle":45,"start":3,"duration":1.5,"type":"ease","time":26.5,"var":"vfx.canvPos.sx","value":1},{"angle":45,"start":3,"duration":1.5,"type":"ease","time":28.5,"var":"vfx.canvPos.sx","value":1},{"angle":67.5,"start":3,"duration":1.5,"type":"ease","time":28.5,"var":"vfx.canvPos.sy","value":1},{"angle":315,"start":3,"duration":1.5,"type":"ease","time":30.25,"var":"vfx.canvPos.sy","value":1},{"angle":292.5,"start":3,"duration":1.5,"type":"ease","time":30.25,"var":"vfx.canvPos.sx","value":1},{"angle":292.5,"start":3,"duration":1.5,"type":"ease","time":33.5,"var":"vfx.canvPos.sx","value":1},{"angle":270,"start":3,"duration":1.5,"type":"ease","time":33.5,"var":"vfx.canvPos.sy","value":1},{"angle":247.5,"start":2,"duration":0.5,"type":"ease","time":38.5,"var":"vfx.canvPos.sx","value":1},{"angle":270,"start":2,"duration":0.5,"type":"ease","time":39.5,"var":"vfx.canvPos.sx","value":1},{"angle":225,"start":2,"duration":0.5,"type":"ease","time":40.5,"var":"vfx.canvPos.sx","value":1},{"paddle":1,"duration":0.5,"newAngle":-180,"type":"paddles","time":42.5,"ease":"linear","angle":202.5},{"paddle":0,"duration":0.5,"newAngle":0,"angle":202.5,"type":"paddles","time":42.333332061768,"ease":"linear"},{"paddle":1,"duration":0.5,"ease":"linear","type":"paddles","time":65.5,"angle":337.5,"newWidth":90},{"angle":292.5,"type":"deco","time":40.5,"id":"rew","hide":true},{"time":46,"type":"deco","angle":45,"x":600,"id":"b2"},{"time":46.5,"duration":7,"type":"deco","angle":45,"x":-1300,"id":"b2"},{"time":49.5,"type":"deco","angle":45,"x":600,"id":"b22"},{"time":50,"duration":7,"type":"deco","angle":45,"x":-1300,"id":"b22"},{"time":53.5,"duration":7,"type":"deco","angle":22.5,"x":-1300,"id":"b2"},{"time":53,"type":"deco","angle":22.5,"x":600,"id":"b2"},{"time":57.5,"duration":7,"type":"deco","angle":90,"x":-1300,"id":"b22"},{"time":57,"type":"deco","angle":90,"x":600,"id":"b22"},{"time":60.5,"type":"deco","angle":90,"x":600,"id":"b2"},{"time":61,"duration":7,"type":"deco","angle":90,"x":-1300,"id":"b2"},{"time":64.5,"type":"deco","angle":90,"x":600,"id":"b22"},{"time":65,"duration":7,"type":"deco","angle":90,"x":-1300,"id":"b22"},{"time":68.5,"type":"deco","angle":180,"x":500,"id":"b2"},{"time":69,"duration":3,"type":"deco","angle":180,"x":0,"id":"b2"},{"duration":3,"value":2,"type":"ease","time":68.5,"var":"vfx.canvPos.sx","angle":202.5},{"duration":3,"value":2,"type":"ease","time":68.5,"var":"vfx.canvPos.sy","angle":225},{"angle":360,"type":"deco","time":58.5,"id":"rew","hide":false},{"angle":22.5,"start":3,"duration":1,"type":"ease","time":58.5,"var":"vfx.hglitch.strength","value":0},{"angle":22.5,"start":6,"duration":1,"type":"ease","time":60.5,"var":"vfx.hglitch.strength","value":0},{"angle":292.5,"value":0,"duration":1,"type":"ease","time":63,"var":"vfx.hglitch.strength","start":9},{"angle":22.5,"start":3,"duration":1,"type":"ease","time":26.5,"var":"vfx.hglitch.strength","value":0},{"angle":270,"start":6,"duration":1,"type":"ease","time":28,"var":"vfx.hglitch.strength","value":0},{"angle":270,"start":9,"duration":1,"type":"ease","time":30.333333969116,"var":"vfx.hglitch.strength","value":0},{"value":1.5,"type":"ease","angle":180,"var":"vfx.canvPos.sx","time":73},{"value":1.5,"type":"ease","angle":157.5,"var":"vfx.canvPos.sy","time":73},{"value":2,"type":"ease","angle":180,"var":"vfx.canvPos.sx","time":73.5},{"value":2,"type":"ease","angle":157.5,"var":"vfx.canvPos.sy","time":73.5},{"value":3,"type":"ease","angle":180,"var":"vfx.canvPos.sx","time":74},{"value":3,"type":"ease","angle":157.5,"var":"vfx.canvPos.sy","time":74},{"duration":0.5,"value":1,"type":"ease","time":71.5,"var":"vfx.canvPos.sx","angle":180},{"duration":0.5,"value":1,"type":"ease","time":71.5,"var":"vfx.canvPos.sy","angle":157.5},{"g":178,"time":73,"color":2,"b":22,"angle":135,"type":"setColor","r":195},{"g":63,"time":73.5,"color":2,"b":140,"angle":135,"type":"setColor","r":174},{"g":70,"time":74,"color":2,"b":70,"angle":135,"type":"setColor","r":187},{"g":255,"time":74,"color":0,"b":255,"angle":67.5,"type":"setColor","r":255},{"g":255,"time":73.5,"color":0,"b":255,"angle":67.5,"type":"setColor","r":255},{"g":255,"time":73,"color":0,"b":255,"angle":67.5,"type":"setColor","r":255},{"angle":202.5,"type":"deco","time":73,"id":"b2","hide":true},{"type":"setBgColor","angle":45,"time":73,"color":2},{"color":0,"type":"outline","angle":0,"time":73,"enable":false},{"value":6,"type":"ease","angle":112.5,"var":"vfx.hglitch.strength","time":73.5},{"value":9,"type":"ease","angle":112.5,"var":"vfx.hglitch.strength","time":74},{"value":3,"type":"ease","angle":112.5,"var":"vfx.hglitch.strength","time":73},{"value":2,"type":"ease","angle":90,"var":"vfx.pixelate","time":73},{"value":2.5,"type":"ease","angle":90,"var":"vfx.pixelate","time":73.5},{"value":3,"type":"ease","angle":90,"var":"vfx.pixelate","time":74},{"drawLayer":"bg","sx":0.59999990463257,"hide":false,"y":2,"sprite":"background2b.png","id":"b2b","time":73.5,"type":"deco","sy":0.59999990463257,"x":600,"angle":202.5},{"time":74.5,"duration":1,"type":"ease","angle":157.5,"var":"vfx.canvPos.sx","value":1.5},{"angle":135,"duration":1,"type":"ease","time":74.5,"var":"vfx.canvPos.sy","value":1.5},{"time":74.666664123535,"value":0,"duration":1,"type":"ease","angle":225,"var":"vfx.hglitch.strength","start":3},{"angle":90,"duration":0.5,"type":"ease","time":74.5,"var":"vfx.pixelate","value":1},{"g":255,"time":74.333335876465,"color":0,"b":255,"angle":247.5,"type":"setColor","r":255},{"g":255,"time":74.333335876465,"color":1,"b":255,"angle":270,"type":"setColor","r":255},{"g":255,"time":74.333335876465,"color":2,"b":255,"angle":292.5,"type":"setColor","r":255},{"g":255,"time":74.333335876465,"color":3,"b":255,"angle":315,"type":"setColor","r":255},{"g":214,"duration":0.33333334326744,"time":74.666664123535,"color":3,"b":233,"angle":247.5,"type":"setColor","r":211},{"g":0,"duration":0.33333334326744,"time":74.666664123535,"color":2,"b":0,"angle":270,"type":"setColor","r":0},{"g":29,"duration":0.33333334326744,"time":74.666664123535,"color":1,"b":44,"angle":292.5,"type":"setColor","r":63},{"g":214,"duration":0.33333334326744,"time":74.666664123535,"color":0,"b":233,"angle":315,"type":"setColor","r":211},{"angle":202.5,"duration":7,"type":"deco","id":"b2b","x":-1300,"time":74},{"type":"setBgColor","angle":337.5,"time":74.5,"color":3},{"time":74,"type":"deco","angle":45,"hide":true,"id":"rew"},{"time":74.5,"value":360,"ease":"inOutQuad","type":"ease","angle":67.5,"var":"vfx.canvPos.r","duration":20},{"time":78,"duration":7,"type":"deco","angle":202.5,"x":-1300,"id":"b2bb"},{"drawLayer":"bg","sx":0.59999990463257,"id":"b2bb","y":2,"sprite":"background2b.png","time":77.5,"type":"deco","sy":0.59999990463257,"x":600,"angle":202.5},{"time":81.5,"type":"deco","angle":202.5,"x":600,"id":"b2b"},{"time":82,"duration":7,"type":"deco","angle":202.5,"x":-1300,"id":"b2b"},{"time":85.5,"type":"deco","angle":225,"x":600,"id":"b2bb"},{"time":86,"duration":7,"type":"deco","angle":225,"x":-1300,"id":"b2bb"},{"time":89.5,"type":"deco","angle":225,"x":600,"id":"b2b"},{"time":90,"duration":7,"type":"deco","angle":225,"x":-1300,"id":"b2b"},{"g":52,"time":78.5,"color":3,"b":132,"angle":292.5,"type":"setColor","r":147},{"g":170,"time":86,"color":3,"b":222,"angle":292.5,"type":"setColor","r":10},{"angle":315,"start":1.5,"duration":3,"type":"ease","time":78.5,"var":"vfx.canvPos.sx","value":1},{"angle":337.5,"start":1.5,"duration":3,"type":"ease","time":78.5,"var":"vfx.canvPos.sy","value":1},{"angle":315,"start":1,"duration":3,"type":"ease","time":82.5,"var":"vfx.canvPos.sy","value":0.5},{"angle":337.5,"start":1,"duration":3,"type":"ease","time":82.5,"var":"vfx.canvPos.sx","value":0.5},{"duration":3,"value":1.2999999523163,"type":"ease","time":87,"var":"vfx.canvPos.sy","angle":270},{"duration":3,"value":1.2999999523163,"type":"ease","time":87,"var":"vfx.canvPos.sx","angle":292.5},{"g":170,"time":86,"color":0,"b":222,"angle":247.5,"type":"setColor","r":10},{"duration":0.5,"value":1,"type":"ease","time":91,"var":"vfx.canvPos.sx","angle":225},{"duration":0.5,"value":1,"type":"ease","time":91,"var":"vfx.canvPos.sy","angle":180},{"g":52,"time":78.5,"color":0,"b":132,"angle":270,"type":"setColor","r":147},{"g":70,"time":82.5,"color":0,"b":70,"angle":292.5,"type":"setColor","r":187},{"g":70,"time":82.5,"color":3,"b":70,"angle":270,"type":"setColor","r":187},{"angle":360,"start":6,"duration":1,"type":"ease","time":78.5,"var":"vfx.hglitch.strength","value":0},{"angle":360,"start":12,"duration":1,"type":"ease","time":82.5,"var":"vfx.hglitch.strength","value":0},{"angle":315,"start":18,"duration":3.9999995231628,"type":"ease","time":86,"var":"vfx.hglitch.strength","value":0},{"color":2,"type":"outline","angle":360,"time":74.5,"enable":true},{"paddle":0,"enabled":true,"newAngle":0,"angle":360,"newWidth":90,"type":"paddles","ease":"linear","duration":0.5,"time":98.5},{"time":106.33333587646,"x":0,"id":"b1","type":"deco","angle":67.5,"y":-0,"hide":false},{"g":0,"duration":0.5,"time":106,"color":3,"b":0,"angle":135,"type":"setColor","r":0},{"g":0,"duration":0.5,"time":106,"color":2,"b":0,"angle":112.5,"type":"setColor","r":0},{"g":0,"duration":0.5,"time":106,"color":1,"b":0,"angle":90,"type":"setColor","r":0},{"g":0,"duration":0.5,"time":106,"color":0,"b":0,"angle":427.5,"type":"setColor","r":0},{"g":83,"duration":0.5,"time":106.5,"color":3,"b":160,"angle":45,"type":"setColor","r":15},{"g":131,"duration":0.5,"time":106.5,"color":2,"b":202,"angle":22.5,"type":"setColor","r":30},{"g":0,"duration":0.5,"time":106.5,"color":1,"b":0,"angle":360,"type":"setColor","r":0},{"g":255,"duration":0.5,"time":106.5,"color":0,"b":255,"angle":337.5,"type":"setColor","r":255},{"angle":90,"start":3,"duration":2,"type":"ease","time":106.5,"var":"vfx.canvPos.sy","value":1},{"angle":112.5,"start":3,"duration":2,"type":"ease","time":106.5,"var":"vfx.canvPos.sx","value":1},{"duration":0.5,"value":1.5,"type":"ease","time":106,"var":"vfx.canvPos.sy","angle":405},{"duration":0.5,"value":1.5,"type":"ease","time":106,"var":"vfx.canvPos.sx","angle":382.5},{"time":93.5,"type":"deco","angle":247.5,"x":600,"id":"b2bb"},{"time":94,"duration":7,"type":"deco","angle":247.5,"x":-1300,"id":"b2bb"},{"time":97.5,"type":"deco","angle":247.5,"x":600,"id":"b2b"},{"time":98,"duration":7,"type":"deco","angle":247.5,"x":-1300,"id":"b2b"},{"time":101.5,"type":"deco","angle":315,"x":600,"id":"b2bb"},{"time":102,"duration":7,"type":"deco","angle":315,"x":-1300,"id":"b2bb"},{"angle":135,"type":"deco","time":106.5,"id":"b2bb","hide":true},{"id":"b1","duration":8,"type":"deco","angle":67.5,"y":-50,"time":106.5},{"duration":0.89999997615814,"value":1,"type":"ease","time":106.5,"var":"p.drawScale","angle":157.5},{"type":"showResults","angle":202.5,"time":115},{"paddle":0,"duration":1,"newWidth":90,"type":"paddles","time":59.5,"ease":"inOutCirc","angle":270},{"paddle":0,"duration":1.5,"newWidth":70,"type":"paddles","time":73,"ease":"linear","angle":270}]}