[{"time":0,"type":"block","angle":270},{"time":0,"type":"block","angle":315},{"time":0.5,"type":"block","angle":315},{"time":0.75,"type":"block","angle":292.5},{"time":0.75,"type":"block","angle":337.5},{"time":1.25,"type":"block","angle":337.5},{"time":1.5,"type":"block","angle":315},{"time":1.5,"type":"block","angle":360},{"time":2,"type":"block","angle":337.5},{"time":0,"angle2":382.5,"duration":3.5,"angle":292.5,"type":"hold"},{"time":2.5,"type":"block","angle":360},{"time":3,"type":"block","angle":30},{"time":3.25,"type":"block","angle":0},{"time":3.75,"type":"block","angle":60},{"time":5.25,"angle2":90,"duration":0.25,"angle":150,"type":"hold"},{"time":5.875,"type":"block","angle":60},{"time":6,"type":"block","angle":45},{"time":6.125,"type":"block","angle":75},{"time":6.5,"type":"block","angle":60},{"time":7,"type":"block","angle":30},{"time":7.5,"type":"block","angle":15},{"time":6.5,"type":"block","angle":30},{"time":7,"type":"block","angle":0},{"time":7.5,"type":"block","angle":345},{"time":7.75,"type":"block","angle":360},{"time":8,"type":"block","angle":15},{"time":8,"type":"block","angle":30},{"time":8.25,"angle2":-75,"angle":300,"speedMult":8,"duration":6,"type":"mineHold"},{"time":8.25,"angle2":-90,"angle":270,"speedMult":8,"duration":6,"type":"mineHold"},{"time":8.375,"angle2":-105,"angle":240,"speedMult":8,"duration":6,"type":"mineHold"},{"time":8.625,"angle2":-135,"angle":180,"speedMult":8,"duration":6,"type":"mineHold"},{"time":8.75,"angle2":-150,"angle":150,"speedMult":8,"duration":6,"type":"mineHold"},{"time":8.875,"angle2":-165,"angle":120,"speedMult":8,"duration":6,"type":"mineHold"},{"time":8.5,"angle2":-120,"angle":210,"speedMult":8,"duration":6,"type":"mineHold"},{"time":9,"angle2":-180,"angle":90,"speedMult":8,"duration":6,"type":"mineHold"},{"time":9.125,"angle2":-195,"angle":60,"speedMult":8,"duration":6,"type":"mineHold"},{"time":9.125,"angle2":-210,"angle":30,"speedMult":8,"duration":6,"type":"mineHold"},{"time":9.25,"angle2":-225,"angle":0,"speedMult":8,"duration":6,"type":"mineHold"},{"time":8.5,"type":"block","angle":345},{"time":8.75,"type":"block","angle":330},{"time":9.25,"type":"block","angle":315},{"time":9.5,"type":"block","angle":300},{"time":9.75,"type":"block","angle":285},{"time":10,"type":"block","angle":255},{"time":10.5,"type":"block","angle":240},{"time":10.75,"type":"block","angle":210},{"time":11,"type":"block","angle":195},{"time":11.25,"type":"block","angle":210},{"time":12.75,"type":"block","angle":105},{"time":13.25,"type":"block","angle":90},{"time":13.5,"type":"block","angle":105},{"time":11.25,"angle2":120,"duration":1.25,"angle":195,"type":"hold"},{"time":13.833333015442,"type":"block","angle":60},{"time":13.916666984558,"type":"block","angle":75},{"time":14.5,"type":"block","angle":30},{"time":14.5,"type":"block","angle":60},{"time":15.5,"type":"block","angle":0},{"time":15,"type":"block","angle":15},{"time":15,"type":"block","angle":45},{"time":15.25,"type":"block","angle":30},{"time":15.5,"type":"block","angle":15},{"time":15.75,"type":"block","angle":345},{"time":16,"type":"block","angle":315},{"time":16,"type":"block","angle":330},{"time":14,"angle":135,"speedMult":8,"type":"mine"},{"time":14.75,"angle":90,"speedMult":8,"type":"mine"},{"time":14,"angle":345,"speedMult":8,"type":"mine"},{"time":14.75,"angle":300,"speedMult":8,"type":"mine"},{"time":15,"angle":90,"speedMult":8,"type":"mine"},{"time":14.25,"angle":135,"speedMult":8,"type":"mine"},{"time":14.25,"angle":345,"speedMult":8,"type":"mine"},{"time":15,"angle":300,"speedMult":8,"type":"mine"},{"time":15.75,"angle":270,"speedMult":8,"type":"mine"},{"time":15.5,"angle":270,"speedMult":8,"type":"mine"},{"time":15.5,"angle":75,"speedMult":8,"type":"mine"},{"time":15.75,"angle":75,"speedMult":8,"type":"mine"},{"time":14,"type":"block","angle":45},{"time":14,"angle":60,"speedMult":8,"type":"inverse"},{"time":14.25,"angle":45,"speedMult":8,"type":"inverse"},{"time":14.75,"angle":30,"speedMult":8,"type":"inverse"},{"time":15,"angle":30,"speedMult":8,"type":"inverse"},{"time":15.5,"angle":11.25,"speedMult":8,"type":"inverse"},{"time":15.75,"angle":11.25,"speedMult":8,"type":"inverse"},{"time":4.5,"angle2":146.25,"duration":0.25,"angle":90,"type":"hold"},{"time":16.5,"type":"block","angle":315},{"time":16.75,"type":"block","angle":292.5},{"time":16.75,"type":"block","angle":303.75},{"time":17,"type":"block","angle":281.25},{"time":17.25,"type":"block","angle":270},{"time":17.5,"type":"block","angle":258.75},{"time":17.5,"type":"block","angle":281.25},{"time":17.75,"type":"block","angle":270},{"time":19,"type":"block","angle":225},{"time":18.5,"type":"block","angle":225},{"time":19,"type":"block","angle":213.75},{"time":18,"type":"block","angle":247.5},{"time":18.5,"type":"block","angle":236.25},{"time":19.25,"angle2":315,"duration":1.25,"angle":202.5,"type":"hold"},{"time":20,"angle2":75,"angle":180,"speedMult":8,"duration":3,"type":"mineHold"},{"time":20.166666030884,"angle2":60,"angle":150,"speedMult":8,"duration":3,"type":"mineHold"},{"time":20.333333969116,"angle2":45,"angle":120,"speedMult":8,"duration":3,"type":"mineHold"},{"time":20.5,"angle2":30,"angle":90,"speedMult":8,"duration":3,"type":"mineHold"},{"time":20.666666030884,"angle2":15,"angle":60,"speedMult":8,"duration":3,"type":"mineHold"},{"time":20.833333969116,"angle2":0,"angle":30,"speedMult":8,"duration":3,"type":"mineHold"},{"time":21,"angle2":-15,"angle":0,"speedMult":8,"duration":3,"type":"mineHold"},{"time":20.75,"type":"block","angle":300},{"time":20.75,"type":"block","angle":281.25},{"time":21.25,"type":"block","angle":281.25},{"time":21.5,"type":"block","angle":292.5},{"time":21.5,"type":"block","angle":270},{"time":21.833333969116,"type":"block","angle":258.75},{"time":21.916666030884,"type":"block","angle":236.25},{"time":22,"type":"block","angle":247.5},{"time":22.5,"type":"block","angle":236.25},{"time":22.5,"type":"block","angle":225},{"time":23,"type":"block","angle":225},{"time":23,"type":"block","angle":213.75},{"time":23.5,"type":"block","angle":202.5},{"time":23.5,"type":"block","angle":180},{"time":23.75,"type":"block","angle":191.25},{"time":24,"angle":270,"speedMult":10,"type":"mine"},{"time":24,"angle":90,"speedMult":10,"type":"mine"},{"time":24,"type":"block","angle":168.75},{"time":24,"type":"block","angle":191.25},{"time":24,"angle2":360,"angle":180,"endTap":false,"duration":2.5,"type":"hold"},{"time":24.25,"type":"block","angle":191.25},{"time":24.25,"type":"block","angle":213.75},{"time":24.5,"type":"block","angle":225},{"time":24.75,"type":"block","angle":236.25},{"time":25.25,"type":"block","angle":270},{"time":25.5,"type":"block","angle":281.25},{"time":25.75,"type":"block","angle":303.75},{"time":26,"type":"block","angle":315},{"time":26.5,"type":"block","angle":337.5},{"time":26.25,"type":"block","angle":0},{"time":27.25,"type":"block","angle":0},{"time":27.25,"type":"block","angle":33.75},{"time":26.5,"angle":90,"speedMult":10,"type":"mine"},{"time":26.5,"angle":270,"speedMult":10,"type":"mine"},{"time":27.25,"angle":270,"speedMult":10,"type":"mine"},{"time":28,"angle":270,"speedMult":10,"type":"mine"},{"time":28,"angle":90,"speedMult":10,"type":"mine"},{"time":27.25,"angle":90,"speedMult":10,"type":"mine"},{"time":27.25,"angle2":-30,"angle":15,"duration":1.25,"type":"hold"},{"time":28.75,"angle2":405,"duration":0.5,"angle":345,"type":"hold"},{"time":29.5,"angle2":-30,"duration":0.5,"angle":30,"type":"hold"},{"time":30.5,"type":"block","angle":315},{"time":30.5,"type":"block","angle":345},{"time":31,"type":"block","angle":360},{"time":31.25,"type":"block","angle":345},{"time":31.5,"type":"block","angle":15},{"time":31.75,"type":"block","angle":345},{"time":32,"type":"side","angle":67.5},{"time":32,"type":"side","angle":90},{"time":32,"type":"side","angle":112.5},{"time":29,"angle":202.5,"speedMult":10,"type":"mine"},{"time":29,"angle":157.5,"speedMult":10,"type":"mine"},{"time":30,"angle":270,"speedMult":10,"type":"mine"},{"time":30,"angle":90,"speedMult":10,"type":"mine"},{"time":30.166666030884,"angle":202.5,"speedMult":10,"type":"mine"},{"time":30.166666030884,"angle":157.5,"speedMult":10,"type":"mine"},{"time":31,"angle":270,"speedMult":10,"type":"mine"},{"time":31,"angle":90,"speedMult":10,"type":"mine"},{"time":31.166666030884,"angle":202.5,"speedMult":10,"type":"mine"},{"time":31.166666030884,"angle":157.5,"speedMult":10,"type":"mine"},{"time":31.666666030884,"angle":202.5,"speedMult":10,"type":"mine"},{"time":31.833333969116,"angle":202.5,"speedMult":10,"type":"mine"},{"time":31.666666030884,"angle":157.5,"speedMult":10,"type":"mine"},{"time":31.833333969116,"angle":157.5,"speedMult":10,"type":"mine"},{"time":33,"angle2":-90,"angle":180,"speedMult":2,"duration":3,"type":"hold"},{"time":34.25,"angle":90,"speedMult":2,"type":"block"},{"time":35,"angle":22.5,"speedMult":2,"type":"block"},{"time":35.25,"angle":315,"speedMult":2,"type":"block"},{"time":33.5,"angle":157.5,"speedMult":2,"type":"block"},{"time":36.5,"angle":247.5,"speedMult":2,"type":"block"},{"time":36.75,"angle":225,"speedMult":2,"type":"block"},{"time":37.25,"angle":247.5,"speedMult":2,"type":"block"},{"time":37.25,"angle":202.5,"speedMult":2,"type":"block"},{"time":37.75,"angle":225,"speedMult":2,"type":"block"},{"time":38,"angle2":382.5,"angle":247.5,"speedMult":2,"duration":1.75,"type":"hold"},{"time":38.5,"angle":270,"speedMult":2,"type":"block"},{"time":39,"angle":315,"speedMult":2,"type":"block"},{"time":39.25,"angle":337.5,"speedMult":2,"type":"block"},{"time":40,"angle":0,"speedMult":2,"type":"block"},{"time":40.25,"angle":45,"speedMult":2,"type":"block"},{"time":40.75,"angle":90,"speedMult":2,"type":"block"},{"time":41,"angle":112.5,"speedMult":2,"type":"block"},{"time":41.5,"angle":135,"speedMult":2,"type":"block"},{"time":41.75,"angle":180,"speedMult":2,"type":"block"},{"time":43,"angle":202.5,"speedMult":2,"type":"block"},{"time":43.25,"angle":180,"speedMult":2,"type":"block"},{"time":42.25,"angle":240,"speedMult":2,"type":"block"},{"time":43.75,"angle":135,"speedMult":2,"type":"block"},{"time":44,"angle":105,"speedMult":2,"type":"block"},{"time":44.5,"angle":112.5,"speedMult":2,"type":"block"},{"time":45,"angle":157.5,"speedMult":2,"type":"block"},{"time":45,"angle":135,"speedMult":2,"type":"block"},{"time":46,"angle":202.5,"speedMult":2,"type":"block"},{"time":46,"angle":180,"speedMult":2,"type":"block"},{"time":45.75,"angle":191.25,"speedMult":2,"type":"inverse"},{"time":46.75,"angle":236.25,"speedMult":2,"type":"inverse"},{"time":42.75,"angle":225,"speedMult":2,"type":"inverse"},{"time":47,"type":"block","angle":247.5},{"time":47,"type":"block","angle":270},{"time":47.5,"type":"block","angle":258.75},{"time":47.75,"type":"block","angle":281.25},{"time":48,"type":"block","angle":270},{"time":48,"type":"block","angle":247.5},{"time":42,"angle":213.75,"speedMult":2,"type":"inverse"},{"time":46.5,"type":"block","angle":225},{"time":48.25,"type":"block","angle":255},{"time":48.75,"type":"block","angle":240},{"time":49,"type":"block","angle":225},{"time":49,"type":"block","angle":255},{"time":49.5,"type":"block","angle":210},{"time":49.75,"type":"block","angle":225},{"time":49.75,"type":"block","angle":195},{"time":50.25,"type":"block","angle":180},{"time":50.5,"type":"block","angle":195},{"time":50.5,"type":"block","angle":165},{"time":51,"type":"block","angle":180},{"time":51,"type":"block","angle":157.5},{"time":51.5,"type":"block","angle":168.75},{"time":51.5,"type":"block","angle":146.25},{"holdEase":"inBack","angle2":472.5,"duration":4,"angle":135,"time":52,"type":"hold"},{"time":52.5,"type":"inverse","angle":135},{"time":52.75,"type":"inverse","angle":112.5},{"time":53.25,"type":"inverse","angle":101.25},{"time":53.75,"type":"inverse","angle":101.25},{"time":54,"type":"inverse","angle":112.5},{"time":54.5,"type":"inverse","angle":123.75},{"time":54.75,"type":"inverse","angle":146.25},{"time":55,"type":"inverse","angle":180},{"time":55.25,"type":"inverse","angle":225},{"time":55.5,"type":"inverse","angle":270},{"time":55.75,"type":"inverse","angle":337.5},{"time":56,"type":"inverse","angle":56.25},{"time":56.25,"type":"block","angle":101.25},{"time":56.25,"type":"block","angle":123.75},{"time":56.75,"type":"block","angle":135},{"time":57,"type":"block","angle":157.5},{"time":57.5,"type":"block","angle":180},{"time":57.5,"type":"block","angle":157.5},{"time":58,"type":"block","angle":168.75},{"time":58.5,"type":"block","angle":191.25},{"time":58.5,"type":"block","angle":168.75},{"time":59,"type":"block","angle":213.75},{"time":59,"type":"block","angle":191.25},{"time":59.5,"type":"block","angle":225},{"time":59.75,"type":"block","angle":247.5},{"holdEase":"linear","angle2":180,"duration":2,"angle":303.75,"time":60,"type":"hold"},{"time":60,"angle2":157.5,"duration":2,"angle":281.25,"type":"hold"},{"time":60.5,"type":"block","angle":258.75},{"time":60.75,"type":"block","angle":247.5},{"time":61.25,"type":"block","angle":225},{"time":62.5,"type":"block","angle":157.5},{"time":63,"type":"block","angle":135},{"time":63.25,"type":"block","angle":112.5},{"time":63.5,"type":"block","angle":90},{"time":63.75,"type":"block","angle":67.5},{"time":64.0625,"type":"block","angle":22.5},{"time":64,"angle2":-45,"duration":1.75,"angle":33.75,"type":"hold"},{"time":60,"angle2":-101.25,"angle":0,"speedMult":8,"duration":2,"type":"mineHold"},{"time":60,"angle2":-11.25,"angle":67.5,"speedMult":8,"duration":2,"type":"mineHold"},{"time":60,"angle2":67.5,"angle":135,"speedMult":8,"duration":2,"type":"mineHold"},{"time":32.416667938232,"angle":247.5,"speedMult":8,"type":"mine"},{"time":32.583332061768,"angle":247.5,"speedMult":8,"type":"mine"},{"time":32.5,"angle":247.5,"speedMult":8,"type":"mine"},{"time":32.666667938232,"angle":247.5,"speedMult":8,"type":"mine"},{"time":33.166667938232,"angle":236.25,"speedMult":8,"type":"mine"},{"time":33.25,"angle":236.25,"speedMult":8,"type":"mine"},{"time":33.916667938232,"angle":225,"speedMult":8,"type":"mine"},{"time":33.833332061768,"angle":225,"speedMult":8,"type":"mine"},{"time":33.75,"angle":225,"speedMult":8,"type":"mine"},{"time":34,"angle":225,"speedMult":8,"type":"mine"},{"time":34.500001271566,"angle":213.75,"speedMult":8,"type":"mine"},{"time":34.666665395101,"angle":213.75,"speedMult":8,"type":"mine"},{"time":34.583333333333,"angle":213.75,"speedMult":8,"type":"mine"},{"time":34.750001271566,"angle":213.75,"speedMult":8,"type":"mine"},{"time":35.500001271566,"angle":180,"speedMult":8,"type":"mine"},{"time":35.666665395101,"angle":180,"speedMult":8,"type":"mine"},{"time":35.583333333333,"angle":180,"speedMult":8,"type":"mine"},{"time":35.750001271566,"angle":180,"speedMult":8,"type":"mine"},{"time":36,"angle":135,"speedMult":8,"type":"mine"},{"time":36.166667938232,"angle":135,"speedMult":8,"type":"mine"},{"time":36.083332061768,"angle":135,"speedMult":8,"type":"mine"},{"time":36.25,"angle":135,"speedMult":8,"type":"mine"},{"time":37.166667938232,"angle":101.25,"speedMult":8,"type":"mine"},{"time":37.583332061768,"angle":101.25,"speedMult":8,"type":"mine"},{"time":37.75,"angle":101.25,"speedMult":8,"type":"mine"},{"time":38.1875,"angle":56.25,"speedMult":8,"type":"mine"},{"time":38.6875,"angle":56.25,"speedMult":8,"type":"mine"},{"time":38.8125,"angle":56.25,"speedMult":8,"type":"mine"},{"time":39.4375,"angle":90,"speedMult":8,"type":"mine"},{"time":39.5,"angle":90,"speedMult":8,"type":"mine"},{"time":39.5625,"angle":90,"speedMult":8,"type":"mine"},{"time":40.645832061768,"angle":348.75,"speedMult":8,"type":"mine"},{"time":40.5625,"angle":348.75,"speedMult":8,"type":"mine"},{"time":40.729167938232,"angle":348.75,"speedMult":8,"type":"mine"},{"time":41.229167938232,"angle":337.5,"speedMult":8,"type":"mine"},{"time":41.3125,"angle":337.5,"speedMult":8,"type":"mine"},{"time":41.979167938232,"angle":326.25,"speedMult":8,"type":"mine"},{"time":41.895832061768,"angle":326.25,"speedMult":8,"type":"mine"},{"time":41.8125,"angle":326.25,"speedMult":8,"type":"mine"},{"time":42.0625,"angle":326.25,"speedMult":8,"type":"mine"},{"time":42.562501271566,"angle":315,"speedMult":8,"type":"mine"},{"time":42.729165395101,"angle":315,"speedMult":8,"type":"mine"},{"time":42.645833333333,"angle":315,"speedMult":8,"type":"mine"},{"time":42.812501271566,"angle":315,"speedMult":8,"type":"mine"},{"time":43.562501271566,"angle":281.25,"speedMult":8,"type":"mine"},{"time":43.729165395101,"angle":281.25,"speedMult":8,"type":"mine"},{"time":43.645833333333,"angle":281.25,"speedMult":8,"type":"mine"},{"time":43.812501271566,"angle":281.25,"speedMult":8,"type":"mine"},{"time":44.0625,"angle":236.25,"speedMult":8,"type":"mine"},{"time":44.229167938232,"angle":236.25,"speedMult":8,"type":"mine"},{"time":44.145832061768,"angle":236.25,"speedMult":8,"type":"mine"},{"time":44.3125,"angle":236.25,"speedMult":8,"type":"mine"},{"time":45.229167938232,"angle":382.5,"speedMult":8,"type":"mine"},{"time":45.645832061768,"angle":382.5,"speedMult":8,"type":"mine"},{"time":45.8125,"angle":382.5,"speedMult":8,"type":"mine"},{"time":46.25,"angle":337.5,"speedMult":8,"type":"mine"},{"time":46.75,"angle":337.5,"speedMult":8,"type":"mine"},{"time":46.875,"angle":337.5,"speedMult":8,"type":"mine"},{"time":47.5,"angle":371.25,"speedMult":8,"type":"mine"},{"time":47.5625,"angle":371.25,"speedMult":8,"type":"mine"},{"time":47.625,"angle":371.25,"speedMult":8,"type":"mine"},{"time":48.645832061768,"angle":348.75,"speedMult":8,"type":"mine"},{"time":48.5625,"angle":348.75,"speedMult":8,"type":"mine"},{"time":48.729167938232,"angle":348.75,"speedMult":8,"type":"mine"},{"time":49.229167938232,"angle":337.5,"speedMult":8,"type":"mine"},{"time":49.3125,"angle":337.5,"speedMult":8,"type":"mine"},{"time":49.979167938232,"angle":326.25,"speedMult":8,"type":"mine"},{"time":49.895832061768,"angle":326.25,"speedMult":8,"type":"mine"},{"time":49.8125,"angle":326.25,"speedMult":8,"type":"mine"},{"time":50.0625,"angle":326.25,"speedMult":8,"type":"mine"},{"time":50.562501271566,"angle":315,"speedMult":8,"type":"mine"},{"time":50.729165395101,"angle":315,"speedMult":8,"type":"mine"},{"time":50.645833333333,"angle":315,"speedMult":8,"type":"mine"},{"time":50.812501271566,"angle":315,"speedMult":8,"type":"mine"},{"time":51.562501271566,"angle":281.25,"speedMult":8,"type":"mine"},{"time":51.729165395101,"angle":281.25,"speedMult":8,"type":"mine"},{"time":51.645833333333,"angle":281.25,"speedMult":8,"type":"mine"},{"time":51.812501271566,"angle":281.25,"speedMult":8,"type":"mine"},{"time":52.0625,"angle":236.25,"speedMult":8,"type":"mine"},{"time":52.229167938232,"angle":236.25,"speedMult":8,"type":"mine"},{"time":52.145832061768,"angle":236.25,"speedMult":8,"type":"mine"},{"time":52.3125,"angle":236.25,"speedMult":8,"type":"mine"},{"time":53.229167938232,"angle":202.5,"speedMult":8,"type":"mine"},{"time":53.645832061768,"angle":202.5,"speedMult":8,"type":"mine"},{"time":53.8125,"angle":202.5,"speedMult":8,"type":"mine"},{"time":54.25,"angle":292.5,"speedMult":8,"type":"mine"},{"time":54.75,"angle":292.5,"speedMult":8,"type":"mine"},{"time":54.875,"angle":292.5,"speedMult":8,"type":"mine"},{"time":55.5,"angle":416.25,"speedMult":8,"type":"mine"},{"time":55.5625,"angle":416.25,"speedMult":8,"type":"mine"},{"time":55.625,"angle":416.25,"speedMult":8,"type":"mine"},{"time":56.645832061768,"angle":45,"speedMult":8,"type":"mine"},{"time":56.5625,"angle":45,"speedMult":8,"type":"mine"},{"time":56.729167938232,"angle":45,"speedMult":8,"type":"mine"},{"time":57.229167938232,"angle":67.5,"speedMult":8,"type":"mine"},{"time":57.3125,"angle":67.5,"speedMult":8,"type":"mine"},{"time":57.979167938232,"angle":45,"speedMult":8,"type":"mine"},{"time":57.895832061768,"angle":45,"speedMult":8,"type":"mine"},{"time":57.8125,"angle":45,"speedMult":8,"type":"mine"},{"time":58.0625,"angle":45,"speedMult":8,"type":"mine"},{"time":58.562501271566,"angle":33.75,"speedMult":8,"type":"mine"},{"time":58.729165395101,"angle":33.75,"speedMult":8,"type":"mine"},{"time":58.645833333333,"angle":33.75,"speedMult":8,"type":"mine"},{"time":58.812501271566,"angle":33.75,"speedMult":8,"type":"mine"},{"time":59.562501271566,"angle":33.75,"speedMult":8,"type":"mine"},{"time":59.729165395101,"angle":33.75,"speedMult":8,"type":"mine"},{"time":59.645833333333,"angle":33.75,"speedMult":8,"type":"mine"},{"time":59.812501271566,"angle":33.75,"speedMult":8,"type":"mine"},{"time":60.0625,"angle":101.25,"speedMult":8,"type":"mine"},{"time":60.229167938232,"angle":101.25,"speedMult":8,"type":"mine"},{"time":60.145832061768,"angle":101.25,"speedMult":8,"type":"mine"},{"time":60.3125,"angle":101.25,"speedMult":8,"type":"mine"},{"time":61.229167938232,"angle":-337.5,"speedMult":8,"type":"mine"},{"time":61.645832061768,"angle":-337.5,"speedMult":8,"type":"mine"},{"time":61.8125,"angle":-337.5,"speedMult":8,"type":"mine"},{"time":62.25,"angle":-382.5,"speedMult":8,"type":"mine"},{"time":62.75,"angle":-382.5,"speedMult":8,"type":"mine"},{"time":62.875,"angle":-382.5,"speedMult":8,"type":"mine"},{"time":63.5,"angle":-348.75,"speedMult":8,"type":"mine"},{"time":63.5625,"angle":-348.75,"speedMult":8,"type":"mine"},{"time":63.625,"angle":-348.75,"speedMult":8,"type":"mine"},{"time":65.75,"angle2":483.75,"duration":2,"angle":315,"type":"hold"},{"holdEase":"inBack","angle2":22.5,"duration":4.25,"angle":123.75,"time":67.75,"type":"hold"},{"time":65.25,"type":"inverse","angle":337.5},{"time":65.5,"type":"inverse","angle":326.25},{"time":67.25,"type":"inverse","angle":78.75},{"time":67.5,"type":"inverse","angle":101.25},{"time":69,"type":"inverse","angle":135},{"time":69.75,"type":"inverse","angle":135},{"time":69.5,"type":"inverse","angle":135},{"time":70.5,"type":"inverse","angle":123.75},{"time":71,"type":"inverse","angle":101.25},{"time":71.5,"type":"inverse","angle":56.25},{"time":68.4375,"type":"inverse","angle":135},{"time":69.083335876465,"type":"inverse","angle":135},{"time":64,"angle2":247.5,"angle":270,"speedMult":9,"duration":1.7500004768372,"type":"mineHold"},{"time":64,"angle2":202.5,"angle":225,"speedMult":9,"duration":1.75,"type":"mineHold"},{"time":63.75,"angle2":157.5,"angle":180,"speedMult":8,"duration":2,"type":"mineHold"},{"time":63.75,"angle2":90,"angle":135,"speedMult":8,"duration":2,"type":"mineHold"},{"time":65.75,"angle2":382.5,"duration":2,"angle":247.5,"speedMult":8,"holdEase":"inSine","type":"mineHold"},{"time":65.75,"angle2":337.5,"duration":2,"angle":202.5,"speedMult":8,"holdEase":"inSine","type":"mineHold"},{"time":65.75,"angle2":292.5,"duration":2,"angle":157.5,"speedMult":8,"holdEase":"inSine","type":"mineHold"},{"time":65.75,"angle2":247.5,"duration":2,"angle":90,"speedMult":8,"holdEase":"inSine","type":"mineHold"},{"time":67.75,"angle2":247.5,"duration":4.25,"angle":337.5,"speedMult":8,"holdEase":"inSine","type":"mineHold"},{"time":67.75,"angle2":191.25,"duration":4.25,"angle":292.5,"speedMult":8,"holdEase":"inSine","type":"mineHold"},{"time":67.75,"angle2":303.75,"duration":4.25,"angle":382.5,"speedMult":8,"holdEase":"inSine","type":"mineHold"},{"time":67.75,"angle2":135,"duration":4.25,"angle":247.5,"speedMult":8,"holdEase":"inSine","type":"mineHold"},{"time":68.5,"type":"inverse","angle":135},{"holdEase":"outSine","angle2":-90,"duration":1.75,"angle":22.5,"time":72,"type":"hold"},{"holdEase":"inSine","angle2":360,"duration":2,"angle":270,"time":73.75,"type":"hold"},{"time":73.25,"type":"inverse","angle":281.25},{"time":73.5,"type":"inverse","angle":270},{"time":74.5,"type":"inverse","angle":281.25},{"time":75,"type":"inverse","angle":303.75},{"time":75.5,"type":"inverse","angle":348.75},{"holdEase":"inOutBack","angle2":157.5,"duration":1.25,"angle":0,"time":75.75,"type":"hold"},{"time":76.5,"type":"block","angle":112.5},{"time":76.5,"type":"block","angle":78.75},{"time":77.5,"type":"block","angle":202.5},{"time":77.75,"type":"block","angle":236.25},{"time":77.75,"type":"block","angle":225},{"time":77.5,"type":"block","angle":191.25},{"time":78.5,"type":"block","angle":258.75},{"time":78.5,"type":"block","angle":247.5},{"time":79,"type":"block","angle":292.5},{"time":79,"type":"block","angle":281.25},{"time":79.5,"type":"block","angle":326.25},{"time":79.5,"type":"block","angle":337.5},{"time":80,"type":"block","angle":348.75},{"time":80,"type":"block","angle":11.25},{"time":80.5,"type":"block","angle":0},{"time":81,"type":"block","angle":348.75},{"time":81,"type":"block","angle":11.25},{"time":81.5,"type":"block","angle":45},{"time":82,"type":"block","angle":101.25},{"time":81.75,"type":"block","angle":78.75},{"time":83,"type":"block","angle":112.5},{"time":82.5,"type":"block","angle":112.5},{"time":82.75,"type":"block","angle":135},{"time":83.5,"type":"block","angle":101.25},{"time":83.5,"type":"block","angle":78.75},{"time":84,"type":"block","angle":45},{"time":84,"type":"block","angle":33.75},{"time":84.5,"type":"block","angle":11.25},{"time":84.5,"type":"block","angle":0},{"time":85,"type":"block","angle":337.5},{"time":85,"type":"block","angle":326.25},{"time":85.5,"type":"block","angle":281.25},{"time":85.75,"type":"block","angle":292.5},{"time":85.75,"type":"block","angle":270},{"time":86.5,"type":"block","angle":258.75},{"time":86.75,"type":"block","angle":247.5},{"time":86.75,"type":"block","angle":236.25},{"time":87.5,"type":"block","angle":236.25},{"time":87.5,"type":"block","angle":213.75},{"time":87.25,"type":"block","angle":225},{"time":87.75,"type":"block","angle":225},{"time":88,"type":"block","angle":236.25},{"time":88,"type":"block","angle":213.75},{"time":88.5,"type":"block","angle":213.75},{"time":88.5,"type":"block","angle":191.25},{"time":89,"type":"block","angle":180},{"time":89.5,"type":"block","angle":157.5},{"time":89.75,"type":"block","angle":135},{"time":89.75,"type":"block","angle":123.75},{"time":90.5,"type":"block","angle":90},{"time":91,"type":"block","angle":90},{"time":91,"type":"block","angle":101.25},{"time":90.5,"type":"block","angle":78.75},{"time":91.5,"type":"block","angle":101.25},{"time":91.5,"type":"block","angle":112.5},{"time":92.25,"type":"block","angle":101.25},{"time":92.25,"type":"block","angle":123.75},{"time":92,"type":"block","angle":101.25},{"time":92,"type":"block","angle":112.5},{"time":92.75,"type":"block","angle":146.25},{"time":92.75,"type":"block","angle":168.75},{"time":93,"type":"block","angle":146.25},{"time":93,"type":"block","angle":168.75},{"time":93.75,"type":"block","angle":191.25},{"time":93.75,"type":"block","angle":213.75},{"time":93.5,"type":"block","angle":191.25},{"time":93.5,"type":"block","angle":213.75},{"time":94.5,"type":"block","angle":236.25},{"time":95,"type":"block","angle":225},{"time":95,"type":"block","angle":247.5},{"time":95.75,"type":"block","angle":258.75},{"time":95.75,"type":"block","angle":281.25},{"time":95.5,"type":"block","angle":258.75},{"time":96,"type":"block","angle":303.75},{"time":96,"type":"block","angle":281.25},{"time":92.5,"type":"inverse","angle":135},{"time":93.25,"type":"inverse","angle":180},{"time":94,"type":"inverse","angle":225},{"time":80,"type":"inverse","angle":360},{"time":81.75,"type":"inverse","angle":75},{"time":84,"type":"inverse","angle":37.5},{"time":86,"type":"inverse","angle":262.5},{"time":88,"type":"inverse","angle":202.5},{"time":89.75,"type":"inverse","angle":127.5},{"time":96,"type":"inverse","angle":292.5},{"time":72,"angle2":168.75,"angle":303.75,"speedMult":8,"duration":1.75,"type":"mineHold"},{"time":72,"angle2":123.75,"angle":247.5,"speedMult":8,"duration":1.75,"type":"mineHold"},{"time":72,"angle2":78.75,"angle":191.25,"speedMult":8,"duration":1.75,"type":"mineHold"},{"time":72,"angle2":33.75,"angle":135,"speedMult":8,"duration":1.75,"type":"mineHold"},{"time":92,"angle":270,"speedMult":10,"type":"mine"},{"time":92.25,"angle":270,"speedMult":10,"type":"mine"},{"time":92,"angle":337.5,"speedMult":10,"type":"mine"},{"time":92.25,"angle":337.5,"speedMult":10,"type":"mine"},{"time":93,"angle":292.5,"speedMult":10,"type":"mine"},{"time":92.75,"angle":292.5,"speedMult":10,"type":"mine"},{"time":92.75,"angle":0,"speedMult":10,"type":"mine"},{"time":93,"angle":0,"speedMult":10,"type":"mine"},{"time":93.5,"angle":315,"speedMult":10,"type":"mine"},{"time":93.75,"angle":315,"speedMult":10,"type":"mine"},{"time":93.5,"angle":22.5,"speedMult":10,"type":"mine"},{"time":93.75,"angle":22.5,"speedMult":10,"type":"mine"},{"time":73.75,"angle2":270,"angle":168.75,"speedMult":9,"duration":2,"type":"mineHold"},{"time":73.75,"angle2":225,"angle":123.75,"speedMult":8,"duration":2,"type":"mineHold"},{"time":73.75,"angle2":168.75,"angle":78.75,"speedMult":8,"duration":2,"type":"mineHold"},{"time":73.75,"angle2":112.5,"angle":33.75,"speedMult":8,"duration":2,"type":"mineHold"},{"time":80,"angle2":337.5,"angle":270,"speedMult":3,"duration":3.25,"type":"mineHold"},{"time":80,"angle2":258.75,"angle":90,"speedMult":3,"duration":4,"type":"mineHold"},{"time":80,"angle2":315,"angle":225,"speedMult":3,"duration":3.5,"type":"mineHold"},{"time":80,"angle2":292.5,"angle":180,"speedMult":3,"duration":3.75,"type":"mineHold"},{"time":80,"angle2":281.25,"angle":135,"speedMult":3,"duration":4,"type":"mineHold"},{"time":83.25,"angle2":90,"angle":337.5,"speedMult":8,"duration":4.75,"type":"mineHold"},{"time":83.5,"angle2":45,"angle":315,"speedMult":8,"duration":4.5,"type":"mineHold"},{"time":83.75,"angle2":0,"angle":292.5,"speedMult":8,"duration":4.25,"type":"mineHold"},{"time":84,"angle2":-45,"angle":281.25,"speedMult":8,"duration":4,"type":"mineHold"},{"time":84,"angle2":-67.5,"angle":258.75,"speedMult":8,"duration":4,"type":"mineHold"},{"time":88,"angle2":281.25,"angle":292.5,"speedMult":8,"duration":2,"type":"mineHold"},{"time":88,"angle2":303.75,"angle":315,"speedMult":8,"duration":2,"type":"mineHold"},{"time":88,"angle2":-33.75,"angle":0,"speedMult":8,"duration":2,"type":"mineHold"},{"time":88,"angle2":-11.25,"angle":45,"speedMult":8,"duration":2,"type":"mineHold"},{"time":88,"angle2":11.25,"angle":90,"speedMult":8,"duration":2,"type":"mineHold"},{"time":90,"angle2":202.5,"duration":6,"angle":11.25,"speedMult":8,"holdEase":"inExpo","type":"mineHold"},{"time":90,"angle2":517.5,"duration":6,"angle":348.75,"speedMult":8,"holdEase":"inExpo","type":"mineHold"},{"time":90,"angle2":450,"duration":6,"angle":326.25,"speedMult":8,"holdEase":"inExpo","type":"mineHold"},{"time":90,"angle2":405,"duration":6,"angle":303.75,"speedMult":8,"holdEase":"inExpo","type":"mineHold"},{"time":90,"angle2":416.25,"duration":6,"angle":281.25,"speedMult":8,"holdEase":"inExpo","type":"mineHold"},{"time":96.25,"angle2":225,"duration":3.75,"angle":292.5,"type":"hold"},{"holdEase":"inCirc","angle2":337.5,"duration":3.75,"angle":225,"time":100,"type":"hold"},{"time":96.5,"type":"block","angle":281.25},{"time":97,"type":"block","angle":281.25},{"time":97.5,"type":"block","angle":270},{"time":97.75,"type":"block","angle":258.75},{"time":98.25,"type":"block","angle":247.5},{"time":98.25,"type":"block","angle":262.5},{"time":99.25,"type":"block","angle":232.5},{"time":98.75,"type":"block","angle":240},{"time":100.5,"type":"block","angle":213.75},{"time":100.5,"type":"block","angle":236.25},{"time":100.75,"type":"block","angle":225},{"time":101,"type":"block","angle":236.25},{"time":101,"type":"block","angle":213.75},{"time":101.25,"type":"block","angle":225},{"time":101.5,"type":"block","angle":236.25},{"time":101.75,"type":"block","angle":236.25},{"time":102.25,"type":"block","angle":258.75},{"time":102.25,"type":"block","angle":236.25},{"time":102.75,"type":"block","angle":258.75},{"time":103.25,"type":"block","angle":281.25},{"time":103.25,"type":"block","angle":270},{"time":104,"type":"side","angle":33.75},{"time":104.5,"type":"block","angle":101.25},{"time":104.75,"type":"block","angle":112.5},{"time":105,"type":"block","angle":123.75},{"time":105,"type":"block","angle":112.5},{"time":105.5,"type":"block","angle":135},{"time":105.75,"type":"block","angle":157.5},{"time":106.25,"type":"block","angle":191.25},{"time":106.25,"type":"block","angle":168.75},{"time":106.75,"type":"block","angle":202.5},{"time":107.25,"type":"block","angle":225},{"time":108,"type":"block","angle":191.25},{"time":108,"type":"block","angle":168.75},{"time":108.5,"type":"block","angle":157.5},{"time":108.75,"type":"block","angle":146.25},{"time":109,"type":"block","angle":135},{"time":109.25,"type":"block","angle":123.75},{"time":109.5,"type":"block","angle":112.5},{"time":109.75,"type":"block","angle":101.25},{"time":110.5,"type":"block","angle":78.75},{"time":110.5,"type":"block","angle":112.5},{"time":111,"type":"block","angle":78.75},{"time":111,"type":"block","angle":112.5},{"time":111.5,"type":"block","angle":78.75},{"time":111.5,"type":"block","angle":112.5},{"time":111,"type":"mine","angle":157.5},{"time":111,"type":"mine","angle":33.75},{"time":111,"type":"mine","angle":281.25},{"time":111,"type":"mine","angle":337.5},{"time":111,"type":"mine","angle":213.75},{"time":111.5,"type":"mine","angle":303.75},{"time":111.5,"type":"mine","angle":360},{"time":111.5,"type":"mine","angle":236.25},{"time":110.5,"type":"mine","angle":0},{"time":110.5,"type":"mine","angle":303.75},{"time":110.5,"type":"mine","angle":247.5},{"time":110.5,"type":"mine","angle":180},{"holdEase":"inSine","angle2":607.5,"duration":4,"angle":90,"time":112,"type":"hold"},{"time":116,"angle2":-67.5,"duration":4,"angle":247.5,"type":"hold"},{"holdEase":"inCubic","angle2":720,"duration":4,"angle":292.5,"time":120,"type":"hold"},{"holdEase":"inBack","angle2":-382.5,"duration":4,"angle":0,"time":124,"type":"hold"},{"time":128,"angle2":697.5,"duration":4,"angle":337.5,"type":"hold"},{"holdEase":"inBack","angle2":135,"duration":4,"angle":337.5,"time":132,"type":"hold"},{"time":136,"angle2":607.5,"duration":4,"angle":135,"type":"hold"},{"holdEase":"outSine","angle2":-506.25,"duration":4,"angle":247.5,"time":140,"type":"hold"},{"time":112.5,"type":"block","angle":101.25},{"time":113,"type":"block","angle":123.75},{"time":114.75,"type":"block","angle":0},{"time":115.25,"type":"block","angle":90},{"time":114.25,"type":"block","angle":270},{"time":114.25,"type":"block","angle":281.25},{"time":113.75,"type":"block","angle":213.75},{"time":113.75,"type":"block","angle":202.5},{"time":113.5,"type":"block","angle":180},{"time":113.5,"type":"block","angle":168.75},{"time":116.5,"type":"inverse","angle":202.5},{"time":117,"type":"inverse","angle":168.75},{"time":117.5,"type":"inverse","angle":135},{"time":117.75,"type":"inverse","angle":112.5},{"time":118.25,"type":"inverse","angle":78.75},{"time":118.75,"type":"inverse","angle":33.75},{"time":119.25,"type":"inverse","angle":348.75},{"time":119.75,"type":"inverse","angle":315},{"time":120.5,"type":"block","angle":281.25},{"time":120.5,"type":"block","angle":303.75},{"time":121,"type":"block","angle":303.75},{"time":121.5,"type":"block","angle":315},{"time":121.75,"type":"block","angle":337.5},{"time":121.75,"type":"block","angle":315},{"time":122.25,"type":"block","angle":0},{"time":122.75,"type":"block","angle":56.25},{"time":122.75,"type":"block","angle":67.5},{"time":123.25,"type":"block","angle":146.25},{"time":124.5,"type":"inverse","angle":11.25},{"time":124.75,"type":"inverse","angle":11.25},{"time":125,"type":"inverse","angle":22.5},{"time":125.25,"type":"inverse","angle":33.75},{"time":125.5,"type":"inverse","angle":33.75},{"time":125.75,"type":"inverse","angle":33.75},{"time":126.5,"type":"inverse","angle":360},{"time":127,"type":"inverse","angle":292.5},{"time":127.5,"type":"inverse","angle":180},{"holdEase":"inSine","angle2":787.5,"duration":4,"angle":270,"time":112,"type":"mineHold"},{"time":116,"angle2":112.5,"duration":4,"angle":427.5,"type":"mineHold"},{"holdEase":"inCubic","angle2":540,"duration":4,"angle":112.5,"time":120,"type":"mineHold"},{"holdEase":"inBack","angle2":-202.5,"duration":4,"angle":180,"time":124,"type":"mineHold"},{"time":128,"angle2":517.5,"duration":4,"angle":157.5,"type":"mineHold"},{"holdEase":"inBack","angle2":-45,"duration":4,"angle":157.5,"time":132,"type":"mineHold"},{"time":136,"angle2":787.5,"duration":4,"angle":315,"type":"mineHold"},{"holdEase":"outSine","angle2":-686.25,"duration":4,"angle":67.5,"time":140,"type":"mineHold"},{"time":128.5,"type":"block","angle":11.25},{"time":128.5,"type":"block","angle":33.75},{"time":129,"type":"block","angle":67.5},{"time":129.5,"type":"block","angle":112.5},{"time":129.75,"type":"block","angle":135},{"time":130.25,"type":"block","angle":191.25},{"time":130.25,"type":"block","angle":168.75},{"time":131.25,"type":"block","angle":258.75},{"time":131.25,"type":"block","angle":270},{"time":130.75,"type":"block","angle":213.75},{"time":130.75,"type":"block","angle":225},{"time":130.75,"type":"block","angle":236.25},{"time":132.5,"type":"inverse","angle":337.5},{"time":133,"type":"inverse","angle":348.75},{"time":133.75,"type":"inverse","angle":360},{"time":133.5,"type":"inverse","angle":360},{"time":134.25,"type":"inverse","angle":348.75},{"time":134.75,"type":"inverse","angle":326.25},{"time":135.25,"type":"inverse","angle":281.25},{"time":135.75,"type":"inverse","angle":191.25},{"time":136.5,"type":"block","angle":202.5},{"time":136.5,"type":"block","angle":191.25},{"time":137,"type":"block","angle":247.5},{"time":137.25,"type":"block","angle":292.5},{"time":137.5,"type":"block","angle":315},{"time":137.75,"type":"block","angle":337.5},{"time":137.75,"type":"block","angle":348.75},{"time":138.25,"type":"block","angle":33.75},{"time":138.75,"type":"block","angle":90},{"time":138.75,"type":"block","angle":101.25},{"time":139.25,"type":"block","angle":146.25},{"time":139.25,"type":"block","angle":157.5},{"time":140.5,"type":"inverse","angle":101.25},{"time":141,"type":"inverse","angle":315},{"time":140.75,"type":"inverse","angle":22.5},{"time":141.25,"type":"inverse","angle":258.75},{"time":141.5,"type":"inverse","angle":191.25},{"time":141.75,"type":"inverse","angle":135},{"time":142.5,"type":"inverse","angle":326.25},{"time":143,"type":"inverse","angle":270},{"time":143.5,"type":"inverse","angle":225},{"time":144.5,"type":"block","angle":225},{"time":144.5,"type":"block","angle":202.5},{"time":145,"type":"block","angle":213.75},{"time":145.75,"type":"block","angle":236.25},{"time":146.25,"type":"block","angle":258.75},{"time":146.25,"type":"block","angle":270},{"time":146.75,"type":"block","angle":292.5},{"time":147.25,"type":"block","angle":315},{"time":147.25,"type":"block","angle":292.5},{"time":147,"type":"inverse","angle":303.75},{"time":145.5,"type":"inverse","angle":225},{"time":147.75,"type":"inverse","angle":337.5},{"time":148,"type":"block","angle":348.75},{"time":148.5,"type":"inverse","angle":11.25},{"time":149,"type":"inverse","angle":33.75},{"time":148.75,"type":"block","angle":22.5},{"time":149.5,"type":"block","angle":56.25},{"time":149.5,"type":"block","angle":78.75},{"time":149.75,"type":"inverse","angle":67.5},{"time":150.25,"type":"block","angle":101.25},{"time":150.25,"type":"block","angle":112.5},{"time":150.5,"type":"inverse","angle":123.75},{"time":150.5,"type":"inverse","angle":112.5},{"time":150.75,"type":"block","angle":135},{"time":150.75,"type":"block","angle":123.75},{"time":151.25,"type":"inverse","angle":157.5},{"time":151.25,"type":"inverse","angle":135},{"time":151.5,"type":"block","angle":123.75},{"time":152,"type":"side","angle":22.5},{"time":152.5,"type":"block","angle":292.5},{"time":152.5,"type":"block","angle":315},{"time":152.75,"type":"inverse","angle":303.75},{"time":153,"type":"block","angle":292.5},{"time":153,"type":"block","angle":315},{"time":153.5,"type":"inverse","angle":270},{"time":153.5,"type":"inverse","angle":303.75},{"time":153.75,"type":"block","angle":281.25},{"time":153.75,"type":"block","angle":292.5},{"time":154.25,"type":"inverse","angle":258.75},{"time":154.5,"type":"block","angle":247.5},{"time":154.75,"type":"inverse","angle":236.25},{"time":155.25,"type":"block","angle":202.5},{"time":155.5,"type":"inverse","angle":191.25},{"time":156,"type":"side","angle":270},{"time":156.5,"type":"block","angle":348.75},{"time":156.75,"type":"inverse","angle":0},{"time":157,"type":"block","angle":11.25},{"time":157.25,"type":"inverse","angle":22.5},{"time":157.5,"type":"block","angle":33.75},{"time":156.75,"type":"block","angle":348.75},{"time":156.75,"type":"block","angle":11.25},{"time":157,"type":"block","angle":33.75},{"time":157.5,"type":"block","angle":56.25},{"time":157.75,"type":"inverse","angle":45},{"time":157.75,"type":"inverse","angle":67.5},{"time":158.25,"type":"block","angle":56.25},{"time":158.5,"type":"block","angle":45},{"time":158.5,"type":"block","angle":67.5},{"time":158.5,"type":"inverse","angle":56.25},{"time":159,"type":"block","angle":67.5},{"time":159,"type":"block","angle":90},{"time":159.5,"type":"block","angle":90},{"time":159.5,"type":"block","angle":112.5},{"time":159,"type":"inverse","angle":78.75},{"time":159.5,"type":"inverse","angle":101.25},{"time":160,"type":"side","angle":180},{"time":160.5,"type":"block","angle":270},{"time":161.5,"type":"block","angle":270},{"time":161,"type":"block","angle":270},{"time":160.5625,"type":"block","angle":258.75},{"time":161.0625,"type":"block","angle":281.25},{"time":161.5625,"type":"block","angle":258.75},{"time":162.5,"type":"block","angle":360},{"time":163.5,"type":"block","angle":0},{"time":163,"type":"block","angle":0},{"time":164.5,"type":"inverse","angle":90},{"time":165,"type":"inverse","angle":90},{"time":165.5,"type":"inverse","angle":90},{"time":166.5,"type":"inverse","angle":180},{"time":167,"type":"inverse","angle":180},{"time":167.5,"type":"inverse","angle":180},{"time":162.5625,"type":"block","angle":11.25},{"time":163.0625,"type":"block","angle":348.75},{"time":163.5625,"type":"block","angle":11.25},{"time":164.5625,"type":"inverse","angle":101.25},{"time":165.0625,"type":"inverse","angle":78.75},{"time":165.5625,"type":"inverse","angle":101.25},{"time":166.5625,"type":"inverse","angle":191.25},{"time":167.0625,"type":"inverse","angle":168.75},{"time":167.5625,"type":"inverse","angle":191.25},{"time":168.5,"type":"block","angle":270},{"time":169,"type":"block","angle":270},{"time":168.5625,"type":"block","angle":258.75},{"time":169.0625,"type":"block","angle":281.25},{"time":169.5625,"type":"block","angle":258.75},{"time":170.5,"type":"block","angle":360},{"time":171.5,"type":"block","angle":0},{"time":171,"type":"block","angle":0},{"time":172.5,"type":"inverse","angle":90},{"time":173,"type":"inverse","angle":90},{"time":173.5,"type":"inverse","angle":90},{"time":174.5,"type":"inverse","angle":180},{"time":175,"type":"inverse","angle":180},{"time":175.5,"type":"inverse","angle":180},{"time":170.5625,"type":"block","angle":11.25},{"time":171.0625,"type":"block","angle":348.75},{"time":171.5625,"type":"block","angle":11.25},{"time":172.5625,"type":"inverse","angle":101.25},{"time":173.0625,"type":"inverse","angle":78.75},{"time":173.5625,"type":"inverse","angle":101.25},{"time":174.5625,"type":"inverse","angle":191.25},{"time":175.0625,"type":"inverse","angle":168.75},{"time":175.5625,"type":"inverse","angle":191.25},{"time":176.5,"type":"block","angle":270},{"time":177.5,"type":"block","angle":270},{"time":177,"type":"block","angle":270},{"time":176.5625,"type":"block","angle":258.75},{"time":177.0625,"type":"block","angle":281.25},{"time":177.5625,"type":"block","angle":258.75},{"time":178.5,"type":"block","angle":360},{"time":179.5,"type":"block","angle":0},{"time":179,"type":"block","angle":0},{"time":180.5,"type":"inverse","angle":90},{"time":181,"type":"inverse","angle":90},{"time":181.5,"type":"inverse","angle":90},{"time":178.5625,"type":"block","angle":11.25},{"time":179.0625,"type":"block","angle":348.75},{"time":179.5625,"type":"block","angle":11.25},{"time":180.5625,"type":"inverse","angle":101.25},{"time":181.0625,"type":"inverse","angle":78.75},{"time":181.5625,"type":"inverse","angle":101.25},{"time":166.5,"angle":0,"speedMult":8,"type":"mine"},{"time":166.25,"angle":270,"speedMult":8,"type":"mine"},{"time":166.25,"angle":0,"speedMult":8,"type":"mine"},{"time":167,"angle":270,"speedMult":8,"type":"mine"},{"time":167,"angle":0,"speedMult":8,"type":"mine"},{"time":167.5,"angle":270,"speedMult":8,"type":"mine"},{"time":167.5,"angle":0,"speedMult":8,"type":"mine"},{"time":166.5,"angle":270,"speedMult":8,"type":"mine"},{"time":168,"angle2":56.25,"angle":56.25,"speedMult":9,"duration":0.25,"type":"mineHold"},{"time":168,"angle2":112.5,"angle":112.5,"speedMult":8,"duration":0.25,"type":"mineHold"},{"time":169,"angle":78.75,"speedMult":8,"type":"mine"},{"time":169,"angle":101.25,"speedMult":8,"type":"mine"},{"time":169.75,"angle2":146.25,"angle":146.25,"speedMult":9,"duration":0.25,"type":"mineHold"},{"time":169.75,"angle2":213.75,"angle":213.75,"speedMult":8,"duration":0.25,"type":"mineHold"},{"time":170.75,"angle2":146.25,"angle":146.25,"speedMult":9,"duration":0.25,"type":"mineHold"},{"time":170.75,"angle2":213.75,"angle":213.75,"speedMult":8,"duration":0.25,"type":"mineHold"},{"time":171.25,"angle":168.75,"speedMult":8,"type":"mine"},{"time":171.25,"angle":191.25,"speedMult":8,"type":"mine"},{"time":172,"angle2":303.75,"angle":303.75,"speedMult":9,"duration":0.25,"type":"mineHold"},{"time":172,"angle2":236.25,"angle":236.25,"speedMult":8,"duration":0.25,"type":"mineHold"},{"time":173.75,"angle2":326.25,"angle":326.25,"speedMult":9,"duration":0.25,"type":"mineHold"},{"time":173.75,"angle2":33.75,"angle":33.75,"speedMult":8,"duration":0.25,"type":"mineHold"},{"time":174.5,"angle2":33.75,"angle":33.75,"speedMult":9,"duration":0.25,"type":"mineHold"},{"time":174.5,"angle2":326.25,"angle":326.25,"speedMult":8,"duration":0.25,"type":"mineHold"},{"time":173,"angle":281.25,"speedMult":8,"type":"mine"},{"time":173,"angle":258.75,"speedMult":8,"type":"mine"},{"time":169.5,"type":"block","angle":270},{"time":175,"angle":348.75,"speedMult":8,"type":"mine"},{"time":175,"angle":11.25,"speedMult":8,"type":"mine"},{"time":175.5,"angle2":33.75,"angle":33.75,"speedMult":9,"duration":0.25,"type":"mineHold"},{"time":175.5,"angle2":326.25,"angle":326.25,"speedMult":9,"duration":0.25,"type":"mineHold"},{"time":175.75,"angle":348.75,"speedMult":8,"type":"mine"},{"time":175.75,"angle":11.25,"speedMult":8,"type":"mine"},{"time":176,"angle2":56.25,"angle":56.25,"speedMult":9,"duration":0.25,"type":"mineHold"},{"time":176,"angle2":123.75,"angle":123.75,"speedMult":8,"duration":0.25,"type":"mineHold"},{"time":177.75,"angle2":146.25,"angle":146.25,"speedMult":9,"duration":0.25,"type":"mineHold"},{"time":177.75,"angle2":213.75,"angle":213.75,"speedMult":8,"duration":0.25,"type":"mineHold"},{"time":178.75,"angle2":146.25,"angle":146.25,"speedMult":9,"duration":0.25,"type":"mineHold"},{"time":178.75,"angle2":213.75,"angle":213.75,"speedMult":8,"duration":0.25,"type":"mineHold"},{"time":180,"angle2":303.75,"angle":303.75,"speedMult":9,"duration":0.25,"type":"mineHold"},{"time":180,"angle2":236.25,"angle":236.25,"speedMult":8,"duration":0.25,"type":"mineHold"},{"time":183,"angle2":33.75,"angle":33.75,"speedMult":9,"duration":0.25,"type":"mineHold"},{"time":183,"angle2":326.25,"angle":326.25,"speedMult":9,"duration":0.25,"type":"mineHold"},{"time":177,"angle":78.75,"speedMult":8,"type":"mine"},{"time":177,"angle":101.25,"speedMult":8,"type":"mine"},{"time":179.25,"angle":168.75,"speedMult":8,"type":"mine"},{"time":179.25,"angle":191.25,"speedMult":8,"type":"mine"},{"time":182.25,"angle":348.75,"speedMult":8,"type":"mine"},{"time":182.25,"angle":11.25,"speedMult":8,"type":"mine"},{"time":183.25,"angle":348.75,"speedMult":8,"type":"mine"},{"time":183.25,"angle":11.25,"speedMult":8,"type":"mine"},{"time":183.75,"angle":348.75,"speedMult":8,"type":"mine"},{"time":184,"angle":348.75,"speedMult":8,"type":"mine"},{"time":183.75,"angle":11.25,"speedMult":8,"type":"mine"},{"time":184,"angle":11.25,"speedMult":8,"type":"mine"},{"time":182.5,"type":"block","angle":191.25},{"time":182.5,"type":"block","angle":168.75},{"time":183.25,"type":"block","angle":191.25},{"time":183.25,"type":"block","angle":168.75},{"time":184,"type":"block","angle":191.25},{"time":184,"type":"block","angle":168.75},{"time":182.5,"type":"inverse","angle":180},{"time":183.25,"type":"inverse","angle":180},{"holdEase":"inExpo","angle2":270,"duration":1.5,"angle":180,"time":184,"type":"hold"},{"time":186,"type":"block","angle":281.25},{"time":186,"type":"block","angle":258.75},{"time":186.5,"type":"block","angle":270},{"time":187,"type":"block","angle":258.75},{"time":187.5,"angle2":56.25,"duration":2,"angle":236.25,"type":"hold"},{"time":190,"angle2":112.5,"duration":0.75,"angle":33.75,"type":"hold"},{"time":148.5,"angle":157.5,"speedMult":10,"type":"mine"},{"time":148.5,"angle":247.5,"speedMult":10,"type":"mine"},{"time":148.75,"angle":247.5,"speedMult":10,"type":"mine"},{"time":148.75,"angle":157.5,"speedMult":10,"type":"mine"},{"time":149.25,"angle":247.5,"speedMult":10,"type":"mine"},{"time":149.25,"angle":157.5,"speedMult":10,"type":"mine"},{"time":160,"angle":0,"speedMult":10,"type":"mine"},{"time":160,"angle":90,"speedMult":10,"type":"mine"},{"time":190.75,"angle2":-90,"duration":1.25,"angle":112.5,"type":"hold"},{"time":192,"angle2":540,"duration":1.5,"angle":270,"type":"hold"},{"time":194,"type":"block","angle":202.5},{"time":194,"type":"block","angle":180},{"time":194.5,"type":"block","angle":202.5},{"time":195,"type":"block","angle":202.5},{"time":195,"type":"block","angle":225},{"time":195.5,"angle2":371.25,"duration":2.5,"angle":213.75,"type":"hold"},{"time":198,"angle2":-360,"duration":2,"angle":11.25,"type":"hold"},{"time":185,"type":"inverse","angle":191.25},{"time":189,"type":"inverse","angle":112.5},{"time":191,"type":"inverse","angle":67.5},{"time":193,"type":"inverse","angle":101.25},{"time":187,"type":"inverse","angle":236.25},{"time":187,"type":"block","angle":247.5},{"time":195,"type":"inverse","angle":213.75},{"time":197,"type":"inverse","angle":303.75},{"time":199,"type":"inverse","angle":180},{"time":199.75,"type":"inverse","angle":45},{"holdEase":"inCirc","angle2":540,"duration":1.5,"angle":360,"time":200,"type":"hold"},{"time":202,"type":"block","angle":191.25},{"time":202,"type":"block","angle":168.75},{"time":202.5,"type":"block","angle":168.75},{"time":203,"type":"block","angle":168.75},{"time":203,"type":"block","angle":146.25},{"holdEase":"outExpo","angle2":0,"duration":2,"angle":112.5,"time":203.5,"type":"hold"},{"time":206,"type":"block","angle":348.75},{"time":206,"type":"block","angle":11.25},{"time":206.75,"type":"block","angle":337.5},{"time":206.75,"angle2":405,"duration":1.25,"angle":326.25,"type":"hold"},{"time":206.75,"type":"block","angle":315},{"time":208,"angle2":-90,"duration":1.5,"angle":45,"type":"hold"},{"time":210,"type":"block","angle":236.25},{"time":210,"type":"block","angle":225},{"time":210.5,"type":"block","angle":202.5},{"time":210.5,"type":"block","angle":191.25},{"time":211,"type":"block","angle":180},{"time":211,"type":"block","angle":168.75},{"holdEase":"inBack","angle2":270,"duration":2.5,"angle":146.25,"time":211.5,"type":"hold"},{"holdEase":"inQuad","angle2":90,"duration":2,"angle":270,"time":214,"type":"hold"},{"time":216,"angle2":-270,"duration":7,"angle":0,"speedMult":6,"holdEase":"inBack","type":"mineHold"},{"time":216.08332824707,"angle2":45,"duration":7,"angle":315,"speedMult":6,"holdEase":"inBack","type":"mineHold"},{"time":216.16667175293,"angle2":0,"duration":7,"angle":270,"speedMult":6,"holdEase":"inBack","type":"mineHold"},{"time":216.25,"angle2":-45,"duration":7,"angle":225,"speedMult":6,"holdEase":"inBack","type":"mineHold"},{"time":216.33332824707,"angle2":-90,"duration":7,"angle":180,"speedMult":6,"holdEase":"inBack","type":"mineHold"},{"time":228,"type":"block","angle":202.5},{"time":228,"type":"block","angle":157.5},{"time":222.25,"angle":292.5,"speedMult":3,"type":"inverse"},{"time":222.5,"angle":247.5,"speedMult":3,"type":"inverse"},{"time":223.5,"angle":157.5,"speedMult":3,"type":"inverse"},{"time":223,"angle":202.5,"speedMult":3,"type":"inverse"},{"time":222.25,"type":"block","angle":292.5},{"time":222.5,"type":"block","angle":247.5},{"time":223,"type":"block","angle":202.5},{"time":223.5,"type":"block","angle":157.5},{"time":226.25,"type":"inverse","angle":180},{"time":226.5,"type":"inverse","angle":191.25},{"time":226.5,"type":"inverse","angle":168.75},{"time":227,"type":"inverse","angle":191.25},{"time":227,"type":"inverse","angle":180},{"time":227,"type":"inverse","angle":168.75},{"time":227.5,"type":"inverse","angle":180},{"time":229,"type":"block","angle":168.75},{"time":229,"type":"block","angle":135},{"time":229.75,"type":"block","angle":146.25},{"time":229.75,"type":"block","angle":112.5},{"time":230.5,"type":"block","angle":146.25},{"time":230.5,"type":"block","angle":112.5},{"time":231,"type":"block","angle":90},{"time":231,"type":"block","angle":123.75},{"time":231.5,"type":"block","angle":101.25},{"time":231.5,"type":"block","angle":78.75},{"time":228.5,"type":"inverse","angle":168.75},{"time":229,"type":"inverse","angle":157.5},{"time":229.5,"type":"inverse","angle":135},{"time":229.75,"type":"inverse","angle":123.75},{"time":231,"type":"inverse","angle":112.5},{"time":231,"type":"inverse","angle":101.25},{"time":201,"type":"inverse","angle":45},{"time":203,"type":"inverse","angle":157.5},{"time":205,"type":"inverse","angle":0},{"time":207,"type":"inverse","angle":348.75},{"time":207.75,"type":"inverse","angle":33.75},{"time":209,"type":"inverse","angle":315},{"time":211,"type":"inverse","angle":177.23077392578},{"time":213,"type":"inverse","angle":146.25},{"time":215,"type":"inverse","angle":225},{"time":215.75,"type":"inverse","angle":123.75},{"time":232,"angle2":45,"duration":0.25,"angle":90,"type":"hold"},{"time":232.75,"angle2":112.5,"duration":0.25,"angle":45,"type":"hold"},{"time":233.5,"angle2":45,"duration":0.25,"angle":112.5,"type":"hold"},{"time":234.25,"angle2":112.5,"duration":0.25,"angle":45,"type":"hold"},{"time":235,"angle2":45,"duration":0.25,"angle":112.5,"type":"hold"},{"time":235.75,"type":"block","angle":22.5},{"time":236,"angle2":303.75,"duration":0.25,"angle":360,"type":"hold"},{"time":236.75,"angle2":360,"duration":0.25,"angle":303.75,"type":"hold"},{"time":237.5,"angle2":-90,"duration":0.25,"angle":0,"type":"hold"},{"time":238.25,"angle2":337.5,"duration":0.25,"angle":270,"type":"hold"},{"time":239,"angle2":247.5,"duration":0.25,"angle":337.5,"type":"hold"},{"time":239.75,"type":"block","angle":213.75},{"time":240,"angle2":135,"duration":0.25,"angle":191.25,"type":"hold"},{"time":240.75,"angle2":202.5,"duration":0.25,"angle":135,"type":"hold"},{"time":241.5,"angle2":135,"duration":0.25,"angle":202.5,"type":"hold"},{"time":242.25,"angle2":202.5,"duration":0.25,"angle":135,"type":"hold"},{"time":243,"angle2":135,"duration":0.25,"angle":202.5,"type":"hold"},{"time":243.75,"type":"block","angle":112.5},{"time":244,"angle2":56.25,"duration":0.25,"angle":90,"type":"hold"},{"time":244.25,"angle2":67.5,"duration":0.5,"angle":56.25,"type":"hold"},{"time":244.75,"angle2":22.5,"duration":0.25,"angle":67.5,"type":"hold"},{"time":245,"angle2":33.75,"duration":0.5,"angle":22.5,"type":"hold"},{"time":245.5,"angle2":-11.25,"duration":0.25,"angle":33.75,"type":"hold"},{"time":245.75,"angle2":360,"duration":0.5,"angle":348.75,"type":"hold"},{"time":246.25,"angle2":315,"duration":0.25,"angle":360,"type":"hold"},{"time":246.5,"angle2":326.25,"duration":0.5,"angle":315,"type":"hold"},{"time":247,"angle2":270,"duration":0.25,"angle":326.25,"type":"hold"},{"time":247.25,"angle2":281.25,"duration":0.5,"angle":270,"type":"hold"},{"time":247.75,"angle2":236.25,"duration":0.25,"angle":281.25,"type":"hold"},{"time":248,"angle2":247.5,"duration":0.75,"angle":236.25,"type":"hold"},{"time":248.75,"angle2":202.5,"duration":0.25,"angle":247.5,"type":"hold"},{"time":249,"angle2":213.75,"duration":0.5,"angle":202.5,"type":"hold"},{"time":249.5,"angle2":168.75,"duration":0.25,"angle":213.75,"type":"hold"},{"time":249.75,"angle2":180,"duration":0.5,"angle":168.75,"type":"hold"},{"time":250.25,"angle2":135,"duration":0.25,"angle":180,"type":"hold"},{"time":250.5,"angle2":146.25,"duration":0.5,"angle":135,"type":"hold"},{"time":251,"angle2":101.25,"duration":0.25,"angle":146.25,"type":"hold"},{"time":248.25,"type":"inverse","angle":236.25},{"time":251.25,"angle2":112.5,"duration":0.75,"angle":101.25,"type":"hold"},{"time":251.75,"type":"inverse","angle":112.5},{"time":252,"angle2":67.5,"duration":0.25,"angle":112.5,"type":"hold"},{"time":252.25,"angle2":78.75,"duration":0.5,"angle":67.5,"type":"hold"},{"time":252.75,"angle2":33.75,"duration":0.25,"angle":78.75,"type":"hold"},{"time":253,"angle2":45,"duration":0.5,"angle":33.75,"type":"hold"},{"time":253.5,"angle2":0,"duration":0.25,"angle":45,"type":"hold"},{"time":253.75,"angle2":371.25,"duration":0.5,"angle":360,"type":"hold"},{"time":254.25,"angle2":-33.75,"duration":0.25,"angle":11.25,"type":"hold"},{"time":254.5,"angle2":315,"duration":0.5,"angle":326.25,"type":"hold"},{"time":255,"angle2":360,"duration":0.25,"angle":315,"type":"hold"},{"time":255.75,"type":"inverse","angle":22.5},{"time":256,"type":"block","angle":33.75},{"time":256,"type":"block","angle":45},{"time":256.25,"type":"block","angle":45},{"time":257,"type":"block","angle":101.25},{"time":256.75,"type":"inverse","angle":78.75},{"time":257.5,"type":"block","angle":146.25},{"time":257.75,"type":"inverse","angle":168.75},{"time":258.25,"type":"inverse","angle":202.5},{"time":258.5,"type":"block","angle":225},{"time":259,"type":"block","angle":258.75},{"time":259.25,"type":"inverse","angle":281.25},{"time":259.75,"type":"block","angle":247.5},{"time":260,"type":"block","angle":225},{"time":260.25,"type":"block","angle":202.5},{"time":260.75,"type":"block","angle":157.5},{"time":261,"type":"block","angle":135},{"time":261.5,"type":"block","angle":90},{"time":261.75,"type":"block","angle":67.5},{"time":262.25,"type":"block","angle":22.5},{"time":262.5,"type":"block","angle":0},{"time":263,"type":"block","angle":292.5},{"time":263,"type":"block","angle":315},{"time":263.5,"type":"block","angle":303.75},{"time":232,"angle2":270,"angle":315,"speedMult":7,"duration":3.5,"type":"mineHold"},{"time":232,"angle2":180,"angle":270,"speedMult":7,"duration":3.5,"type":"mineHold"},{"time":236,"angle2":157.5,"angle":225,"speedMult":5,"duration":3.5,"type":"mineHold"},{"time":236,"angle2":67.5,"angle":157.5,"speedMult":5,"duration":3.5,"type":"mineHold"},{"time":240,"angle2":292.5,"angle":360,"speedMult":7,"duration":3.5,"type":"mineHold"},{"time":240,"angle2":0,"angle":67.5,"speedMult":7,"duration":3.5,"type":"mineHold"},{"time":244,"angle2":-157.5,"angle":270,"speedMult":7,"duration":11,"type":"mineHold"},{"time":244,"angle2":-202.5,"angle":225,"speedMult":7,"duration":11,"type":"mineHold"},{"time":264,"angle2":787.5,"angle":202.5,"duration":7,"type":"mineHold"},{"time":264,"angle2":630,"angle":45,"duration":7,"type":"mineHold"},{"time":264,"angle":315,"type":"inverse"},{"time":264.25,"type":"inverse","angle":337.5},{"time":264.75,"type":"inverse","angle":22.5},{"time":265,"type":"inverse","angle":45},{"time":265.5,"angle":90,"type":"inverse"},{"time":265.75,"angle":112.5,"type":"inverse"},{"time":266.25,"angle":146.25,"type":"inverse"},{"time":266.5,"angle":168.75,"type":"inverse"},{"time":267,"type":"inverse","angle":202.5},{"time":267.25,"angle":236.25,"type":"inverse"},{"time":267.75,"type":"inverse","angle":258.75},{"time":268,"type":"inverse","angle":281.25},{"time":268.25,"type":"inverse","angle":292.5},{"time":269,"type":"inverse","angle":11.25},{"time":268.75,"angle":337.5,"type":"inverse"},{"time":269.5,"angle":56.25,"type":"inverse"},{"time":269.75,"type":"inverse","angle":78.75},{"time":270.5,"type":"inverse","angle":146.25},{"time":270.25,"angle":123.75,"type":"inverse"},{"time":271,"angle":180,"type":"inverse"},{"time":271.5,"angle":191.25,"type":"inverse"},{"time":271.5,"angle":168.75,"type":"inverse"},{"time":271.5,"angle":180,"type":"block"},{"time":272,"angle2":270,"duration":0.75,"angle":180,"type":"hold"},{"time":272.5,"angle":247.5,"type":"inverse"},{"time":273,"type":"block","angle":285},{"time":273.25,"angle2":240,"duration":0.5,"angle":270,"type":"hold"},{"time":274.25,"angle2":300,"duration":0.25,"angle":225,"type":"hold"},{"time":273.5,"angle":255,"type":"inverse"},{"time":275,"angle2":225,"duration":0.25,"angle":300,"type":"hold"},{"time":275.75,"angle2":120,"duration":0.5,"angle":210,"type":"hold"},{"time":276,"angle":168.75,"type":"block"},{"time":276,"angle":157.5,"type":"block"},{"time":276.5,"type":"block","angle":101.25},{"time":276.75,"angle2":22.5,"duration":0.25,"angle":78.75,"type":"hold"},{"time":277.5,"angle2":101.25,"duration":0.25,"angle":22.5,"type":"hold"},{"time":278.25,"angle2":11.25,"duration":0.25,"angle":101.25,"type":"hold"},{"time":279,"angle":348.75,"type":"block"},{"time":279.25,"angle":326.25,"type":"block"},{"time":279.25,"type":"block","angle":337.5},{"time":279.5,"type":"block","angle":315},{"time":279.75,"angle":303.75,"type":"block"},{"time":279.75,"angle":292.5,"type":"block"},{"time":280,"type":"block","angle":281.25},{"time":280,"type":"block","angle":258.75},{"time":280.5,"type":"block","angle":270},{"time":281,"type":"block","angle":281.25},{"time":281,"angle":258.75,"type":"block"},{"time":281.5,"angle2":326.25,"duration":0.25,"angle":270,"type":"hold"},{"time":282.25,"type":"block","angle":360},{"time":282.75,"type":"block","angle":11.25},{"time":282.75,"angle":22.5,"type":"block"},{"time":283,"angle":22.5,"type":"block"},{"time":283.25,"angle2":78.75,"duration":0.5,"angle":33.75,"type":"hold"},{"time":284,"angle2":33.75,"duration":1,"angle":78.75,"type":"hold"},{"time":284.5,"type":"inverse","angle":56.25},{"time":285.5,"type":"block","angle":0},{"time":285.5,"angle":11.25,"type":"block"},{"time":285.75,"angle":348.75,"type":"block"},{"time":285.75,"type":"block","angle":360},{"time":286.25,"angle":337.5,"type":"block"},{"time":286.25,"type":"block","angle":348.75},{"time":286.5,"angle":337.5,"type":"block"},{"time":286.75,"type":"block","angle":315},{"time":287.25,"angle":292.5,"type":"block"},{"time":286.75,"angle2":303.75,"duration":0.5,"angle":303.75,"type":"hold"},{"time":287.75,"angle2":360,"duration":0.5,"angle":281.25,"type":"hold"},{"time":288.5,"angle":11.25,"type":"block"},{"time":288.5,"angle":33.75,"type":"block"},{"time":289,"angle":45,"type":"block"},{"time":289.5,"angle":56.25,"type":"block"},{"time":289.75,"type":"block","angle":78.75},{"time":286,"type":"inverse","angle":348.75},{"time":286.5,"angle":326.25,"type":"inverse"},{"time":289.5,"angle":67.5,"type":"inverse"},{"time":290.25,"angle":101.25,"type":"block"},{"time":290.25,"angle":112.5,"type":"block"},{"time":290.75,"angle":146.25,"type":"block"},{"time":291.25,"type":"block","angle":180},{"time":290.75,"type":"block","angle":157.5},{"time":291.25,"type":"block","angle":191.25},{"time":292,"angle2":146.25,"duration":1,"angle":225,"type":"hold"},{"time":292.5,"angle":180,"type":"block"},{"time":292.75,"type":"block","angle":168.75},{"time":293.25,"angle":123.75,"type":"block"},{"time":293.5,"type":"block","angle":101.25},{"time":293.75,"angle":90,"type":"block"},{"time":293.25,"angle":112.5,"type":"block"},{"time":293.5,"angle":90,"type":"block"},{"time":293.75,"angle":78.75,"type":"block"},{"time":294.25,"angle":22.5,"type":"block"},{"time":294.5,"angle":11.25,"type":"block"},{"time":294.5,"angle":348.75,"type":"block"},{"time":294.75,"type":"block","angle":360},{"time":295,"angle":348.75,"type":"block"},{"time":295,"angle":11.25,"type":"block"},{"time":295.5,"type":"block","angle":348.75},{"time":295.5,"type":"block","angle":11.25},{"time":296,"angle2":900,"angle":360,"duration":4,"type":"hold"},{"time":300,"angle2":-360,"angle":180,"holdEase":"outSine","duration":4,"type":"hold"},{"time":304,"angle2":990,"angle":360,"duration":4,"type":"hold"},{"time":308,"angle2":-225,"angle":270,"holdEase":"inSine","duration":4,"type":"hold"},{"time":296,"angle2":720,"angle":180,"duration":4,"type":"mineHold"},{"time":300,"angle2":-180,"angle":360,"holdEase":"outSine","duration":4,"type":"mineHold"},{"time":304,"angle2":810,"angle":180,"duration":4,"type":"mineHold"},{"time":308,"angle2":-405,"angle":90,"holdEase":"inSine","duration":4,"type":"mineHold"},{"time":312,"angle2":-45,"angle":225,"duration":4,"type":"mineHold"},{"time":312,"angle2":-225,"angle":45,"duration":4,"type":"mineHold"},{"time":312.5,"angle":90,"type":"block"},{"time":312.5,"angle":112.5,"type":"block"},{"time":312,"type":"block","angle":112.5},{"time":313,"angle":67.5,"type":"block"},{"time":313,"type":"block","angle":90},{"time":313.5,"type":"block","angle":45},{"time":313.5,"type":"block","angle":22.5},{"time":313.75,"angle":30,"type":"block"},{"time":313.75,"angle":15,"type":"block"},{"time":314.25,"type":"block","angle":330},{"time":314.5,"angle":300,"type":"block"},{"time":315,"type":"block","angle":285},{"time":315,"type":"block","angle":270},{"time":315.5,"angle":270,"type":"block"},{"time":315.5,"angle":255,"type":"block"},{"time":316,"type":"block","angle":240},{"time":316,"angle":225,"type":"block"},{"time":315.75,"angle":236.25,"type":"block"},{"time":316.5,"angle":270,"type":"block"},{"time":316.5,"type":"block","angle":258.75},{"time":316.5,"angle":281.25,"type":"block"},{"time":316,"angle2":663.75,"angle":315,"duration":4,"type":"mineHold"},{"time":316,"angle2":476.25,"angle":135,"duration":4,"type":"mineHold"},{"time":317,"type":"block","angle":315},{"time":317,"type":"block","angle":326.25},{"time":317.5,"type":"block","angle":0},{"time":317.5,"angle":11.25,"type":"block"},{"time":317.75,"angle":33.75,"type":"block"},{"time":317.75,"type":"block","angle":45},{"time":318.5,"type":"block","angle":78.75},{"time":318.75,"angle":101.25,"type":"block"},{"time":319.25,"angle":123.75,"type":"block"},{"time":319.5,"type":"block","angle":146.25},{"time":319.75,"type":"block","angle":168.75},{"time":320,"type":"block","angle":202.5},{"time":320,"type":"block","angle":191.25},{"time":320,"angle2":-11.25,"angle":303.75,"duration":4,"type":"mineHold"},{"time":320,"angle2":-191.25,"angle":112.5,"duration":4,"type":"mineHold"},{"time":320.5,"angle":157.5,"type":"block"},{"time":320.5,"angle":146.25,"type":"block"},{"time":321,"type":"block","angle":112.5},{"time":321,"type":"block","angle":123.75},{"time":321,"type":"block","angle":101.25},{"time":321.5,"type":"block","angle":67.5},{"time":321.5,"angle":78.75,"type":"block"},{"time":321.75,"angle":56.25,"type":"block"},{"time":321.75,"type":"block","angle":45},{"time":322.5,"type":"block","angle":22.5},{"time":322.5,"angle":33.75,"type":"block"},{"time":322.75,"angle":0,"type":"block"},{"time":322.75,"angle":11.25,"type":"block"},{"time":322.25,"angle":45,"type":"block"},{"time":322.25,"angle":56.25,"type":"block"},{"time":323.25,"angle":337.5,"type":"block"},{"time":323.25,"type":"block","angle":326.25},{"time":323.5,"type":"block","angle":315},{"time":323.5,"angle":303.75,"type":"block"},{"time":323.75,"type":"block","angle":281.25},{"time":323.75,"type":"block","angle":292.5},{"time":324,"angle":270,"type":"block"},{"time":324,"type":"block","angle":258.75},{"time":324,"angle2":461.25,"angle":168.75,"duration":4,"type":"mineHold"},{"time":324.5,"angle":303.75,"type":"block"},{"time":324.75,"type":"block","angle":326.25},{"time":324.75,"angle":337.5,"type":"block"},{"time":325,"angle":348.75,"type":"block"},{"time":325,"angle":360,"type":"block"},{"time":325.5,"angle":22.5,"type":"block"},{"time":325.5,"angle":33.75,"type":"block"},{"time":325.75,"angle":45,"type":"block"},{"time":326.25,"angle":78.75,"type":"block"},{"time":326.5,"type":"block","angle":90},{"time":327,"angle":146.25,"type":"block"},{"time":327.5,"angle":157.5,"type":"block"},{"time":327.75,"type":"block","angle":180},{"time":327.75,"angle":168.75,"type":"block"},{"time":324,"angle2":641.25,"angle":348.75,"duration":4,"type":"mineHold"},{"time":328,"angle2":360,"angle":281.25,"speedMult":4,"duration":8,"type":"mineHold"},{"time":328,"angle2":0,"angle":101.25,"speedMult":4,"duration":8,"type":"mineHold"},{"time":328,"angle":213.75,"type":"block"},{"time":328,"type":"block","angle":191.25},{"time":328.25,"angle":202.5,"type":"block"},{"time":328.5,"angle":213.75,"type":"block"},{"time":328.75,"angle":225,"type":"block"},{"time":328.75,"angle":213.75,"type":"block"},{"time":329.25,"angle":213.75,"type":"block"},{"time":329.25,"type":"block","angle":225},{"time":329.5,"angle":202.5,"type":"block"},{"time":330,"angle":191.25,"type":"block"},{"time":330.25,"type":"block","angle":180},{"time":330.25,"type":"block","angle":168.75},{"time":330.5,"type":"block","angle":146.25},{"time":330.5,"angle":157.5,"type":"block"},{"time":331,"type":"block","angle":135},{"time":331,"type":"block","angle":112.5},{"time":331.25,"angle":123.75,"type":"block"},{"time":331.5,"type":"block","angle":157.5},{"time":331.5,"angle":168.75,"type":"block"},{"time":331.75,"angle":202.5,"type":"block"},{"time":331.75,"angle":191.25,"type":"block"},{"time":332.5,"type":"block","angle":225},{"time":332.75,"angle":258.75,"type":"block"},{"time":332.75,"type":"block","angle":247.5},{"time":333.25,"type":"block","angle":281.25},{"time":333.25,"type":"block","angle":270},{"time":333.5,"angle":292.5,"type":"block"},{"time":333.75,"angle":258.75,"type":"block"},{"time":333.75,"angle":247.5,"type":"block"},{"time":334,"angle":225,"type":"block"},{"time":334,"type":"block","angle":213.75},{"time":334.25,"type":"block","angle":202.5},{"time":334.5,"angle":191.25,"type":"block"},{"time":334.5,"angle":180,"type":"block"},{"time":334.75,"type":"block","angle":157.5},{"time":335,"angle":135,"type":"block"},{"time":335,"angle":112.5,"type":"block"},{"time":335,"type":"block","angle":123.75},{"time":335.5,"angle":112.5,"type":"block"},{"time":335.75,"angle":101.25,"type":"block"},{"time":335.75,"type":"block","angle":123.75},{"time":329.75,"type":"block","angle":191.25},{"time":335.75,"angle":112.5,"type":"block"},{"time":336,"type":"block","angle":90},{"time":336,"angle2":-90,"angle":0,"speedMult":4,"duration":6,"type":"mineHold"},{"time":336,"angle2":270,"angle":180,"speedMult":4,"duration":6,"type":"mineHold"},{"time":336.25,"angle":78.75,"type":"block"},{"time":336.25,"type":"block","angle":56.25},{"time":336.5,"angle":45,"type":"block"},{"time":336.5,"angle":67.5,"type":"block"},{"time":336.75,"angle":56.25,"type":"block"},{"time":336.75,"angle":78.75,"type":"block"},{"time":337,"angle":101.25,"type":"block"},{"time":337,"type":"block","angle":123.75},{"time":337.25,"angle":112.5,"type":"block"},{"time":337.25,"angle":123.75,"type":"block"},{"time":337.5,"angle":123.75,"type":"block"},{"time":337.5,"angle":101.25,"type":"block"},{"time":337.75,"angle":112.5,"type":"block"},{"time":337.75,"type":"block","angle":90},{"time":338,"type":"block","angle":101.25},{"time":338,"angle":78.75,"type":"block"},{"time":338.5,"type":"block","angle":67.5},{"time":338.5,"angle":90,"type":"block"},{"time":338.75,"angle":56.25,"type":"block"},{"time":338.75,"angle":78.75,"type":"block"},{"time":339,"type":"block","angle":45},{"time":339,"angle":67.5,"type":"block"},{"time":339.25,"angle":33.75,"type":"block"},{"time":339.25,"type":"block","angle":56.25},{"time":339.75,"type":"block","angle":22.5},{"time":339.75,"type":"block","angle":45},{"time":340.5,"angle":45,"type":"block"},{"time":340.5,"angle":67.5,"type":"block"},{"time":340.75,"angle":101.25,"type":"block"},{"time":340.75,"angle":90,"type":"block"},{"time":340.75,"type":"block","angle":112.5},{"time":341.25,"angle":146.25,"type":"block"},{"time":341.25,"type":"block","angle":157.5},{"time":341.5,"type":"block","angle":180},{"time":341.5,"angle":168.75,"type":"block"},{"time":342,"angle2":30,"angle":168.75,"duration":2,"type":"hold"},{"time":342,"angle2":-60,"angle":30,"speedMult":4,"duration":2,"type":"mineHold"},{"time":342,"angle2":240,"angle":270,"speedMult":4,"duration":2,"type":"mineHold"},{"time":342,"angle2":45,"angle":180,"duration":2,"type":"hold"},{"time":344,"angle2":360,"angle":33.75,"duration":4,"type":"hold"},{"time":348,"angle2":-326.25,"angle":0,"holdEase":"outSine","duration":4,"type":"hold"},{"time":352,"angle2":641.25,"angle":33.75,"duration":4,"type":"hold"},{"time":356,"angle2":-270,"angle":281.25,"holdEase":"inSine","duration":4,"type":"hold"},{"time":360,"angle2":326.25,"angle":90,"duration":1.75,"type":"hold"},{"time":361.75,"angle2":78.75,"angle":326.25,"holdEase":"inOutSine","duration":2.25,"type":"hold"},{"time":364,"angle2":720,"angle":78.75,"duration":4,"type":"hold"},{"time":368,"angle2":-360,"angle":0,"duration":1.75,"type":"hold"},{"time":369.75,"angle2":551.25,"angle":0,"duration":2.25,"type":"hold"},{"time":372,"angle2":-180,"angle":191.25,"duration":1.75,"type":"hold"},{"time":373.75,"angle2":630,"angle":180,"duration":2.25,"type":"hold"},{"time":344,"angle2":540,"angle":213.75,"duration":4,"type":"mineHold"},{"time":348,"angle2":-146.25,"angle":180,"holdEase":"outSine","duration":4,"type":"mineHold"},{"time":352,"angle2":821.25,"angle":213.75,"duration":4,"type":"mineHold"},{"time":356,"angle2":-450,"angle":101.25,"holdEase":"inSine","duration":4,"type":"mineHold"},{"time":360,"angle2":506.25,"angle":270,"duration":1.75,"type":"mineHold"},{"time":361.75,"angle2":-101.25,"angle":146.25,"holdEase":"inOutSine","duration":2.25,"type":"mineHold"},{"time":364,"angle2":900,"angle":258.75,"duration":4,"type":"mineHold"},{"time":368,"angle2":-180,"angle":180,"duration":1.75,"type":"mineHold"},{"time":369.75,"angle2":731.25,"angle":180,"duration":2.25,"type":"mineHold"},{"time":372,"angle2":-360,"angle":11.25,"duration":1.75,"type":"mineHold"},{"time":373.75,"angle2":450,"angle":0,"duration":2.25,"type":"mineHold"},{"time":296.5,"angle":56.25,"type":"block"},{"time":297,"angle":123.75,"type":"block"},{"time":297,"type":"block","angle":135},{"time":297.5,"angle":213.75,"type":"block"},{"time":297.75,"type":"block","angle":247.5},{"time":298,"angle":258.75,"type":"block"},{"time":298,"angle":270,"type":"block"},{"time":298.25,"type":"block","angle":292.5},{"time":298.25,"angle":303.75,"type":"block"},{"time":298.5,"type":"block","angle":326.25},{"time":298.5,"angle":337.5,"type":"block"},{"time":298.75,"type":"block","angle":11.25},{"time":298.75,"angle":22.5,"type":"block"},{"time":299.25,"angle":67.5,"type":"block"},{"time":299.25,"type":"block","angle":78.75},{"time":300.25,"angle":135,"type":"block"},{"time":300.5,"angle":78.75,"type":"block"},{"time":300.5,"type":"block","angle":67.5},{"time":301,"type":"block","angle":326.25},{"time":301,"angle":315,"type":"block"},{"time":301.75,"type":"block","angle":191.25},{"time":301.75,"angle":180,"type":"block"},{"time":301.5,"angle":225,"type":"block"},{"time":302.25,"type":"block","angle":112.5},{"time":302.75,"angle":67.5,"type":"block"},{"time":303.25,"type":"block","angle":22.5},{"time":303.75,"type":"block","angle":0},{"time":304.5,"angle":78.75,"type":"block"},{"time":304.5,"type":"block","angle":90},{"time":305,"angle":146.25,"type":"block"},{"time":305,"type":"block","angle":157.5},{"time":305.5,"type":"block","angle":236.25},{"time":305.5,"angle":247.5,"type":"block"},{"time":305.75,"angle":258.75,"type":"block"},{"time":305.75,"type":"block","angle":270},{"time":306.25,"angle":348.75,"type":"block"},{"time":306.25,"type":"block","angle":360},{"time":306.75,"type":"block","angle":78.75},{"time":306.75,"type":"block","angle":90},{"time":307.25,"angle":168.75,"type":"block"},{"time":309,"type":"block","angle":225},{"time":309.25,"type":"block","angle":202.5},{"time":309.5,"angle":180,"type":"block"},{"time":309.75,"angle":157.5,"type":"block"},{"time":308.75,"angle":247.5,"type":"block"},{"time":308.5,"angle":258.75,"type":"block"},{"time":344.5,"angle":78.75,"type":"block"},{"time":344.75,"angle":101.25,"type":"block"},{"time":345.5,"angle":157.5,"type":"block"},{"time":345.75,"type":"block","angle":180},{"time":345.25,"type":"block","angle":135},{"time":346,"angle":202.5,"type":"block"},{"time":346.5,"type":"block","angle":236.25},{"time":347,"type":"block","angle":281.25},{"time":347.25,"type":"block","angle":303.75},{"time":348.5,"angle":292.5,"type":"block"},{"time":348.75,"type":"block","angle":270},{"time":349,"type":"block","angle":236.25},{"time":349.25,"type":"block","angle":202.5},{"time":349.5,"type":"block","angle":180},{"time":349.75,"angle":157.5,"type":"block"},{"time":350,"angle":135,"type":"block"},{"time":350.25,"type":"block","angle":112.5},{"time":350.5,"angle":90,"type":"block"},{"time":350.75,"type":"block","angle":67.5},{"time":351,"angle":56.25,"type":"block"},{"time":351.75,"angle":33.75,"type":"block"},{"time":351.5,"angle":45,"type":"block"},{"time":352.25,"angle":67.5,"type":"block"},{"time":352.5,"angle":101.25,"type":"block"},{"time":352.75,"angle":135,"type":"block"},{"time":353.25,"type":"block","angle":225},{"time":353.5,"type":"block","angle":270},{"time":354,"type":"block","angle":337.5},{"time":354.5,"type":"block","angle":56.25},{"time":355,"angle":123.75,"type":"block"},{"time":355.25,"type":"block","angle":157.5},{"time":355.75,"type":"block","angle":247.5},{"time":356.25,"angle":281.25,"type":"block"},{"time":356.5,"type":"block","angle":270},{"time":356.75,"type":"block","angle":258.75},{"time":357,"type":"block","angle":236.25},{"time":357.25,"type":"block","angle":213.75},{"time":357.5,"angle":191.25,"type":"block"},{"time":357.75,"type":"block","angle":157.5},{"time":358,"angle":123.75,"type":"block"},{"time":358.25,"angle":78.75,"type":"block"},{"time":358.5,"type":"block","angle":45},{"time":359,"type":"block","angle":303.75},{"time":359.5,"type":"block","angle":202.5},{"time":359.75,"angle":157.5,"type":"block"},{"time":360.25,"angle":123.75,"type":"inverse"},{"time":360.75,"angle":191.25,"type":"block"},{"time":361,"type":"inverse","angle":225},{"time":361.5,"type":"block","angle":292.5},{"time":362.25,"angle":303.75,"type":"inverse"},{"time":362.5,"type":"block","angle":270},{"time":363,"type":"inverse","angle":191.25},{"time":363.25,"type":"block","angle":146.25},{"time":363.75,"type":"inverse","angle":90},{"time":364.25,"type":"inverse","angle":112.5},{"time":364.75,"angle":202.5,"type":"block"},{"time":365,"angle":236.25,"type":"inverse"},{"time":365.5,"angle":326.25,"type":"block"},{"time":365.75,"type":"inverse","angle":0},{"time":366.25,"type":"block","angle":78.75},{"time":366.5,"angle":112.5,"type":"inverse"},{"time":367,"type":"block","angle":202.5},{"time":367.5,"angle":270,"type":"inverse"},{"time":368.25,"type":"inverse","angle":315},{"time":368.75,"angle":202.5,"type":"block"},{"time":369,"angle":157.5,"type":"inverse"},{"time":369.5,"type":"inverse","angle":33.75},{"time":370.25,"angle":112.5,"type":"inverse"},{"time":370.5,"type":"block","angle":168.75},{"time":371,"type":"inverse","angle":315},{"time":371.25,"angle":11.25,"type":"block"},{"time":371.75,"type":"inverse","angle":123.75},{"time":372.25,"angle":146.25,"type":"inverse"},{"time":372.75,"type":"block","angle":33.75},{"time":373,"angle":348.75,"type":"inverse"},{"time":373.5,"type":"block","angle":236.25},{"time":374.25,"angle":270,"type":"inverse"},{"time":374.5,"angle":315,"type":"block"},{"time":375,"type":"inverse","angle":78.75},{"time":375.5,"type":"block","angle":180},{"time":376,"type":"inverse","angle":258.75},{"time":24,"type":"extraTap","angle":157.5},{"time":60,"type":"extraTap","angle":326.25},{"time":184,"type":"extraTap","angle":146.25},{"time":216,"type":"extraTap","angle":67.5}]