[{"time":9,"type":"block","angle":292.5},{"time":11,"type":"block","angle":326.25},{"time":12,"type":"block","angle":326.25},{"time":13,"tap":true,"type":"block","angle":270},{"time":15,"type":"block","angle":292.5},{"time":16,"type":"block","angle":292.5},{"time":17,"tap":true,"type":"block","angle":270},{"time":19,"type":"block","angle":292.5},{"time":20,"type":"block","angle":292.5},{"time":21,"tap":true,"type":"block","angle":270},{"time":23,"type":"block","angle":292.5},{"time":24,"type":"block","angle":292.5},{"time":25,"tap":true,"type":"block","angle":270},{"time":2,"duration":6,"angle2":630,"type":"hold","angle":270},{"time":8.5,"type":"block","angle":270},{"time":10.5,"type":"block","angle":326.25},{"time":12.875,"type":"side","angle":270},{"time":14.5,"type":"block","angle":292.5},{"time":16.875,"type":"side","angle":270},{"time":13.75,"duration":0.25,"angle2":315,"type":"hold","angle":303.75},{"time":9.5,"duration":0.25,"angle2":281.25,"type":"hold","angle":303.75},{"time":9.75,"duration":0.25,"endTap":true,"angle2":303.75,"type":"hold","angle":281.25},{"time":17.75,"duration":0.25,"angle2":292.5,"type":"hold","angle":315},{"time":18.5,"type":"block","angle":292.5},{"time":20.875,"type":"side","angle":270},{"time":21.75,"duration":0.25,"spinEase":"inSine","angle2":337.5,"type":"hold","angle":292.5},{"time":23.75,"type":"block","angle":292.5},{"time":22.75,"type":"block","angle":292.5},{"time":24.875,"type":"side","angle":270},{"time":25.5,"type":"block","angle":270},{"time":25.75,"type":"block","angle":292.5},{"time":26,"tap":true,"type":"block","angle":247.5},{"time":25.5,"type":"mine","angle":157.5},{"time":25.5,"type":"mine","angle":22.5},{"time":25.75,"type":"mine","angle":180},{"time":25.75,"type":"mine","angle":45},{"time":26,"type":"mine","angle":135},{"time":26,"type":"mine","angle":360},{"time":26.5,"type":"block","angle":270},{"time":27,"duration":1,"angle2":292.5,"type":"hold","angle":292.5},{"time":29,"tap":true,"type":"block","angle":270},{"time":28.875,"type":"side","angle":270},{"time":29.75,"duration":0.25,"endTap":true,"angle2":360,"type":"hold","angle":270},{"time":8,"type":"extraTap","angle":315},{"time":31,"type":"extraTap","angle":270},{"time":32,"type":"extraTap","angle":270},{"time":31,"type":"block","angle":360},{"time":33,"type":"extraTap","angle":270},{"time":34,"type":"extraTap","angle":270},{"time":35,"type":"extraTap","angle":270},{"time":36,"type":"extraTap","angle":270},{"time":37,"type":"extraTap","angle":270},{"time":38,"type":"extraTap","angle":270},{"time":32,"type":"block","angle":337.5},{"time":32,"type":"block","angle":360},{"time":32,"type":"block","angle":22.5},{"time":33,"type":"block","angle":45},{"time":33.25,"type":"block","angle":67.5},{"time":33.5,"type":"block","angle":90},{"time":33.75,"type":"block","angle":112.5},{"time":34,"type":"block","angle":135},{"time":34.25,"type":"block","angle":157.5},{"time":34.5,"type":"block","angle":180},{"time":34.75,"type":"block","angle":202.5},{"time":35,"type":"block","angle":225},{"time":35.25,"type":"block","angle":247.5},{"time":35.5,"type":"block","angle":270},{"time":35.75,"type":"block","angle":292.5},{"time":36,"type":"block","angle":315},{"time":36.25,"type":"block","angle":337.5},{"time":36.5,"type":"block","angle":0},{"time":36.75,"type":"block","angle":22.5},{"time":37.25,"type":"block","angle":45},{"time":37.5,"type":"block","angle":67.5},{"time":37.75,"type":"block","angle":90},{"time":38,"type":"block","angle":90},{"time":38,"type":"inverse","angle":90},{"time":37.75,"type":"inverse","angle":90},{"time":37.5,"type":"inverse","angle":67.5},{"time":37.25,"type":"inverse","angle":45},{"time":39,"type":"extraTap","angle":270},{"time":38,"duration":1,"angle2":90,"type":"hold","angle":90},{"time":40,"type":"block","angle":90},{"time":42,"type":"block","angle":90},{"time":44,"type":"block","angle":90},{"time":43.5,"type":"block","angle":315},{"time":41,"type":"block","angle":90},{"time":42.75,"tap":true,"type":"block","angle":45},{"time":42.5,"duration":0.5,"angle2":22.5,"type":"hold","angle":90},{"time":33,"duration":3,"angle2":382.5,"type":"mineHold","angle":360},{"time":34,"duration":3,"angle2":112.5,"type":"mineHold","angle":90},{"time":35,"duration":3,"angle2":202.5,"type":"mineHold","angle":180},{"time":36,"duration":3,"angle2":292.5,"type":"mineHold","angle":270},{"time":45,"type":"extraTap","angle":67.5},{"time":46,"duration":1,"angle2":90,"type":"hold","angle":90},{"time":46.5,"tap":true,"type":"block","angle":67.5},{"time":2,"type":"block","angle":270},{"time":48,"type":"extraTap","angle":67.5},{"time":49,"type":"block","angle":270},{"time":49.75,"type":"block","angle":270},{"time":50,"duration":1,"angle2":270,"type":"hold","angle":270},{"time":50.5,"tap":true,"type":"block","angle":247.5},{"time":52,"type":"block","angle":360},{"time":52,"type":"extraTap","angle":270},{"time":53,"duration":1,"angle2":0,"type":"hold","angle":180},{"time":53.875,"tap":true,"type":"block","angle":22.5},{"time":54.5,"type":"block","angle":0},{"time":54.75,"type":"block","angle":315},{"time":55,"type":"block","angle":337.5},{"time":55.25,"type":"block","angle":22.5},{"time":56,"type":"extraTap","angle":67.5},{"time":56,"duration":8,"angle2":315,"type":"mineHold","angle":315},{"time":56,"duration":8,"angle2":45,"type":"mineHold","angle":45},{"time":64,"type":"extraTap","angle":22.5},{"time":58,"type":"block","angle":112.5},{"time":58,"type":"block","angle":90},{"time":58,"type":"block","angle":67.5},{"time":58.5,"type":"side","angle":157.5},{"time":58.5,"type":"side","angle":180},{"time":58.5,"type":"side","angle":202.5},{"time":59,"type":"block","angle":292.5},{"time":59,"type":"block","angle":270},{"time":59,"type":"block","angle":247.5},{"time":60,"type":"extraTap","angle":270},{"time":60,"duration":4,"angle2":135,"type":"mineHold","angle":135},{"time":60,"duration":4,"angle2":90,"type":"mineHold","angle":90},{"time":60,"duration":4,"angle2":0,"type":"mineHold","angle":0},{"time":60,"duration":4,"angle2":225,"type":"mineHold","angle":225},{"time":60,"duration":4,"angle2":180,"type":"mineHold","angle":180},{"startTap":true,"duration":0.75,"time":61,"angle2":270,"type":"hold","angle":270},{"time":62,"tap":true,"type":"block","angle":270},{"time":62.5,"type":"block","angle":270},{"startTap":true,"duration":2,"time":63,"angle2":270,"type":"hold","angle":270},{"time":64,"tap":true,"type":"block","angle":270},{"time":72,"type":"block","angle":270},{"time":66,"duration":2,"endTap":true,"angle2":990,"type":"hold","angle":270},{"time":68,"duration":2,"angle2":-450,"type":"hold","angle":270},{"time":74,"type":"block","angle":270},{"time":76,"type":"block","angle":247.5},{"time":75.5,"type":"block","angle":315},{"time":74.5,"type":"block","angle":315},{"time":75,"type":"block","angle":247.5},{"time":76.5,"type":"block","angle":315},{"time":77,"type":"block","angle":247.5},{"time":77.5,"type":"block","angle":315},{"time":78,"type":"block","angle":247.5},{"time":79,"type":"block","angle":247.5},{"time":79.5,"type":"block","angle":225},{"time":80,"duration":1,"spinEase":"inOutQuint","startTap":true,"angle2":90,"type":"hold","angle":202.5},{"time":83.5,"type":"inverse","angle":67.5},{"time":84.5,"type":"inverse","angle":67.5},{"time":85.5,"type":"inverse","angle":67.5},{"time":86,"type":"inverse","angle":112.5},{"time":87,"type":"inverse","angle":67.5},{"time":82,"type":"inverse","angle":90},{"time":82.5,"type":"inverse","angle":67.5},{"time":83,"type":"inverse","angle":112.5},{"time":84,"type":"inverse","angle":112.5},{"time":85,"type":"inverse","angle":112.5},{"time":86,"duration":1,"angle2":90,"type":"hold","angle":112.5},{"time":82,"type":"mine","angle":270},{"time":83,"type":"mine","angle":247.5},{"time":83.5,"type":"mine","angle":292.5},{"time":84,"type":"mine","angle":247.5},{"time":84.5,"type":"mine","angle":292.5},{"time":85,"type":"mine","angle":247.5},{"time":85.5,"type":"mine","angle":292.5},{"time":86,"type":"mine","angle":247.5},{"time":86.5,"type":"mine","angle":292.5},{"time":87,"type":"mine","angle":247.5},{"startTap":true,"duration":1,"time":88,"angle2":180,"type":"hold","angle":90},{"time":90,"duration":5,"angle2":180,"type":"hold","angle":180},{"time":90,"duration":1.5,"speedMult":0.75,"angle2":213.75,"type":"mineHold","angle":213.75},{"time":92,"duration":1.5,"speedMult":0.75,"angle2":146.25,"type":"mineHold","angle":146.25},{"time":94,"duration":4,"speedMult":0.75,"angle2":213.75,"type":"mineHold","angle":213.75},{"time":96,"duration":2,"speedMult":0.75,"angle2":146.25,"type":"mineHold","angle":146.25},{"time":96,"duration":2,"angle2":247.5,"type":"mineHold","angle":247.5},{"time":96,"duration":2,"angle2":270,"type":"mineHold","angle":270},{"time":97,"type":"mine","angle":258.75},{"time":97,"type":"mine","angle":135},{"time":97,"type":"mine","angle":225},{"time":90,"type":"extraTap","angle":157.5},{"time":92,"type":"extraTap","angle":202.5},{"time":94,"type":"extraTap","angle":157.5},{"time":96,"type":"extraTap","angle":202.5},{"startTap":true,"duration":1,"speedMult":0.5,"time":96,"angle2":-45,"type":"hold","angle":0},{"time":97,"duration":1,"angle2":180,"type":"mineHold","angle":180},{"time":98,"tap":true,"speedMult":0.25,"type":"side","angle":348.75},{"time":100,"tap":true,"speedMult":0.25,"type":"side","angle":11.25},{"time":102,"tap":true,"speedMult":0.25,"type":"side","angle":348.75},{"time":104,"tap":true,"speedMult":0.25,"type":"side","angle":11.25},{"startTap":true,"duration":1,"angle2":540,"type":"hold","angle":360,"spinEase":"inExpo","time":105,"speedMult":0.75},{"time":107,"duration":4.5,"angle2":300,"type":"mineHold","angle":240},{"time":107,"duration":4.5,"angle2":420,"type":"mineHold","angle":360},{"time":107,"duration":4.5,"angle2":180,"type":"mineHold","angle":120},{"time":107,"duration":5,"angle2":360,"type":"hold","angle":300},{"time":107,"duration":5,"angle2":120,"type":"hold","angle":60},{"time":107,"duration":5,"angle2":240,"type":"hold","angle":180},{"time":107,"type":"extraTap","angle":90},{"time":111,"type":"extraTap","angle":90},{"time":109,"type":"extraTap","angle":90},{"time":112,"type":"extraTap","angle":75},{"time":112,"duration":1,"angle2":330,"type":"hold","angle":330},{"time":112,"duration":1,"angle2":30,"type":"hold","angle":30},{"time":112,"duration":1,"angle2":270,"type":"hold","angle":270},{"time":112,"duration":1,"angle2":210,"type":"hold","angle":210},{"time":112,"duration":1,"angle2":150,"type":"hold","angle":150},{"time":112,"duration":1,"angle2":90,"type":"hold","angle":90},{"time":114,"type":"inverse","angle":330},{"time":114.5,"type":"inverse","angle":150},{"time":115,"type":"inverse","angle":300},{"time":115,"type":"inverse","angle":120},{"time":115.5,"type":"inverse","angle":270},{"time":115.5,"type":"inverse","angle":90},{"time":116,"type":"inverse","angle":240},{"time":116,"type":"inverse","angle":60},{"time":116.5,"type":"inverse","angle":270},{"time":116.5,"type":"inverse","angle":90},{"time":117,"type":"inverse","angle":300},{"time":117,"type":"inverse","angle":120},{"time":114,"type":"extraTap","angle":30},{"time":114,"type":"extraTap","angle":300},{"time":116,"type":"extraTap","angle":300},{"time":118,"type":"extraTap","angle":270},{"time":118.5,"type":"extraTap","angle":270},{"time":120,"duration":0.75,"angle2":330,"type":"hold","angle":270},{"time":120,"duration":0.75,"angle2":240,"type":"hold","angle":180},{"time":120,"duration":0.75,"angle2":150,"type":"hold","angle":90},{"time":120,"duration":0.75,"angle2":60,"type":"hold","angle":0},{"time":119,"type":"block","angle":270},{"time":119,"type":"block","angle":300},{"time":119,"type":"block","angle":330},{"time":119,"type":"block","angle":0},{"time":119,"type":"block","angle":30},{"time":119,"type":"block","angle":60},{"time":119,"type":"block","angle":90},{"time":119,"type":"block","angle":120},{"time":119,"type":"block","angle":150},{"time":119,"type":"block","angle":180},{"time":119,"type":"block","angle":210},{"time":119,"type":"block","angle":240},{"time":121,"type":"extraTap","angle":270},{"time":123,"duration":2,"angle2":180,"type":"hold","angle":180},{"time":125,"duration":1,"angle2":165,"type":"hold","angle":165},{"time":125,"duration":1,"angle2":195,"type":"hold","angle":195},{"time":123,"duration":2,"angle2":191.25,"type":"hold","angle":191.25},{"time":123,"duration":2,"angle2":168.75,"type":"hold","angle":168.75},{"time":127,"duration":1,"endTap":true,"angle2":191.25,"type":"hold","angle":191.25},{"time":127,"duration":1,"endTap":true,"angle2":168.75,"type":"hold","angle":168.75},{"time":127,"duration":1,"endTap":true,"angle2":180,"type":"hold","angle":180},{"time":128,"duration":1,"angle2":315,"type":"mineHold","angle":315},{"time":128,"duration":1,"angle2":225,"type":"mineHold","angle":225},{"time":128,"duration":1,"angle2":0,"type":"hold","angle":180},{"time":130,"type":"extraTap","angle":360},{"time":130.5,"type":"block","angle":67.5},{"time":131,"type":"block","angle":67.5},{"time":131.5,"type":"block","angle":90},{"time":134,"duration":1,"angle2":67.5,"type":"hold","angle":67.5},{"time":134,"duration":1.5,"angle2":90,"type":"hold","angle":90},{"time":134,"duration":1,"angle2":112.5,"type":"hold","angle":112.5},{"time":134,"type":"mine","angle":292.5},{"time":134.5,"type":"mine","angle":247.5},{"time":135,"type":"mine","angle":292.5},{"time":135.5,"type":"mine","angle":247.5},{"time":136,"type":"block","angle":180},{"time":137,"type":"block","angle":157.5},{"time":138,"type":"block","angle":112.5},{"time":135.5,"duration":0.5,"endTap":true,"angle2":180,"type":"hold","angle":90},{"time":139,"type":"block","angle":135},{"time":139.5,"type":"block","angle":90},{"time":140,"type":"block","angle":67.5},{"time":141,"type":"block","angle":112.5},{"time":146,"duration":2,"angle2":157.5,"type":"hold","angle":202.5},{"time":148.5,"type":"block","angle":135},{"time":149,"duration":1,"angle2":180,"type":"hold","angle":157.5},{"time":147.5,"tap":true,"speedMult":0.75,"type":"block","angle":180},{"time":142,"duration":2,"angle2":157.5,"type":"hold","angle":90},{"time":138,"type":"extraTap","angle":135},{"time":142,"type":"extraTap","angle":135},{"time":144,"type":"extraTap","angle":135},{"time":148,"type":"extraTap","angle":135},{"time":150,"type":"extraTap","angle":135},{"time":156,"type":"extraTap","angle":135},{"time":158,"type":"extraTap","angle":135},{"time":160,"type":"extraTap","angle":135},{"time":164,"type":"extraTap","angle":135},{"time":166,"type":"extraTap","angle":135},{"time":168,"type":"extraTap","angle":135},{"time":170,"type":"extraTap","angle":135},{"time":172,"type":"extraTap","angle":135},{"time":174,"type":"extraTap","angle":135},{"time":152,"duration":1,"angle2":0,"type":"hold","angle":90},{"time":154,"tap":true,"speedMult":0.5,"type":"side","angle":360},{"time":154.75,"type":"block","angle":22.5},{"time":155,"type":"block","angle":67.5},{"time":155.5,"type":"block","angle":90},{"time":156,"duration":1,"angle2":90,"type":"hold","angle":112.5},{"time":156,"duration":1,"angle2":90,"type":"hold","angle":67.5},{"time":156,"duration":0,"angle2":112.5,"type":"hold","angle":67.5},{"time":159,"speedMult":0.5,"type":"side","angle":75},{"time":159.5,"speedMult":0.5,"type":"side","angle":105},{"time":162,"tap":true,"speedMult":0.5,"type":"side","angle":150},{"time":163.5,"type":"inverse","angle":150},{"time":165,"type":"inverse","angle":135},{"time":165.5,"type":"inverse","angle":150},{"startTap":true,"duration":1,"speedMult":0.75,"time":166,"angle2":360,"type":"hold","angle":150},{"time":163.5,"type":"block","angle":150},{"time":165,"type":"block","angle":135},{"time":165.5,"type":"block","angle":150},{"time":133,"type":"extraTap","angle":90},{"time":168,"speedMult":0.67500001192093,"type":"side","angle":360},{"time":169,"type":"block","angle":45},{"time":169.5,"type":"block","angle":67.5},{"time":170,"duration":1,"angle2":-90,"type":"hold","angle":45},{"time":171.5,"type":"block","angle":247.5},{"time":172,"type":"block","angle":292.5},{"time":172,"duration":1,"angle2":225,"type":"hold","angle":270},{"time":173,"duration":1,"angle2":135,"type":"hold","angle":225},{"time":176,"spinEase":"linear","duration":2,"holdEase":"inExpo","angle2":-45,"type":"hold","angle":135},{"time":178,"duration":1.5,"holdEase":"inSine","angle2":337.5,"type":"hold","angle":315},{"time":179.5,"duration":0.5,"holdEase":"inOutElastic","angle2":427.5,"type":"hold","angle":337.5},{"time":180,"duration":1,"angle2":157.5,"type":"hold","angle":67.5},{"time":181,"duration":1,"angle2":225,"type":"hold","angle":157.5},{"time":183,"type":"extraTap","angle":270},{"time":183,"duration":0.5,"angle2":247.5,"type":"hold","angle":225},{"time":183,"duration":0.5,"angle2":202.5,"type":"hold","angle":225},{"time":183.5,"duration":0.5,"endTap":true,"angle2":225,"type":"hold","angle":202.5},{"time":183.5,"duration":0.5,"endTap":true,"angle2":225,"type":"hold","angle":247.5},{"time":182,"duration":1,"angle2":225,"type":"hold","angle":225},{"time":186,"type":"block","angle":225},{"time":187.5,"type":"block","angle":202.5},{"time":188,"type":"block","angle":202.5},{"time":189,"type":"block","angle":180},{"time":190,"duration":1,"angle2":135,"type":"hold","angle":157.5},{"time":190,"duration":1,"angle2":135,"type":"hold","angle":112.5},{"time":190,"duration":0,"angle2":157.5,"type":"hold","angle":112.5},{"time":191,"type":"extraTap","angle":202.5},{"time":192,"type":"extraTap","angle":202.5},{"time":194,"type":"inverse","angle":202.5},{"time":195.5,"type":"inverse","angle":22.5},{"time":197,"type":"inverse","angle":247.5},{"time":198,"type":"inverse","angle":315},{"time":196,"type":"extraTap","angle":135},{"time":196.75,"type":"side","angle":247.5},{"time":200,"type":"extraTap","angle":292.5},{"time":200.5,"type":"side","angle":157.5},{"time":201,"type":"side","angle":202.5},{"time":201.5,"type":"side","angle":157.5},{"time":202,"duration":2,"angle2":157.5,"type":"hold","angle":202.5},{"time":204,"duration":2,"angle2":202.5,"type":"hold","angle":157.5},{"time":202.5,"type":"block","angle":180},{"time":203,"tap":true,"type":"block","angle":167.63684082031},{"time":203.5,"type":"block","angle":161.10432434082},{"time":204.5,"type":"block","angle":180},{"time":205.5,"type":"block","angle":202.5},{"time":205,"type":"block","angle":195},{"time":206,"duration":1,"holdEase":"inExpo","angle2":90,"type":"hold","angle":202.5},{"time":208,"type":"extraTap","angle":247.5},{"time":208,"type":"block","angle":90},{"time":208.5,"type":"block","angle":90},{"time":209,"type":"block","angle":45},{"time":209.5,"type":"block","angle":360},{"time":210,"tap":true,"type":"block","angle":45},{"time":210.5,"type":"block","angle":90},{"time":211,"duration":1,"angle2":90,"type":"hold","angle":90},{"time":213,"duration":1,"angle2":112.5,"type":"hold","angle":22.5},{"time":215,"duration":1,"angle2":90,"type":"hold","angle":90},{"time":215.5,"type":"extraTap","angle":112.5},{"time":216,"duration":1.5,"angle2":90,"type":"hold","angle":90},{"time":218,"duration":1.5,"angle2":180,"type":"hold","angle":180},{"time":220,"duration":1.5,"angle2":0,"type":"hold","angle":0},{"time":222,"duration":1,"angle2":90,"type":"hold","angle":90},{"time":224,"type":"side","angle":90},{"time":224.5,"type":"block","angle":90},{"time":225.5,"type":"block","angle":90},{"time":226,"type":"side","angle":135},{"time":226.5,"type":"block","angle":135},{"time":227.5,"type":"block","angle":135},{"time":228,"duration":2,"speedMult":16,"angle2":67.5,"type":"hold","angle":112.5},{"time":228,"duration":2,"speedMult":16,"angle2":22.5,"type":"hold","angle":67.5},{"time":228,"duration":4,"speedMult":16,"angle2":0,"type":"mineHold","angle":0},{"time":228,"duration":4,"speedMult":16,"angle2":315,"type":"mineHold","angle":315},{"time":228,"duration":4,"speedMult":16,"angle2":270,"type":"mineHold","angle":270},{"time":228,"duration":4,"speedMult":16,"angle2":225,"type":"mineHold","angle":225},{"time":228,"duration":4,"speedMult":16,"angle2":180,"type":"mineHold","angle":180},{"time":228,"type":"block","angle":67.5},{"time":228,"type":"block","angle":112.5},{"time":230,"duration":2,"speedMult":16,"angle2":157.5,"type":"hold","angle":67.5},{"time":230,"duration":2,"speedMult":16,"angle2":112.5,"type":"hold","angle":22.5},{"time":225,"type":"block","angle":90},{"time":227,"type":"block","angle":135},{"time":225,"type":"extraTap","angle":67.5},{"time":227,"type":"extraTap","angle":112.5},{"time":228,"type":"block","angle":90},{"time":230,"type":"block","angle":45},{"time":232,"type":"block","angle":135},{"time":232,"type":"extraTap","angle":247.5},{"time":234,"type":"extraTap","angle":247.5},{"time":235,"duration":1,"angle2":360,"type":"hold","angle":270},{"time":236,"duration":1,"angle2":-180,"type":"hold","angle":0},{"time":237,"duration":1,"angle2":270,"type":"hold","angle":180},{"startTap":true,"duration":1,"time":238,"angle2":-90,"type":"hold","angle":-90},{"time":240,"type":"extraTap","angle":270},{"time":240,"type":"block","angle":292.5},{"time":240,"type":"block","angle":303.75},{"time":240.25,"type":"block","angle":292.5},{"time":240.25,"type":"block","angle":281.25},{"time":240.5,"tap":true,"type":"block","angle":303.75},{"time":240.5,"tap":true,"type":"block","angle":315},{"time":240.75,"type":"block","angle":281.25},{"time":240.75,"type":"block","angle":270},{"time":241,"tap":true,"type":"block","angle":247.5},{"time":241,"tap":true,"type":"block","angle":236.25},{"time":241.25,"type":"block","angle":315},{"time":241.25,"type":"block","angle":326.25},{"time":241.5,"tap":true,"type":"block","angle":348.75},{"time":241.5,"tap":true,"type":"block","angle":360},{"time":241.5,"tap":true,"type":"block","angle":337.5},{"time":241.75,"type":"block","angle":281.25},{"time":241.75,"type":"block","angle":270},{"time":241.75,"type":"block","angle":258.75},{"time":242,"tap":true,"type":"block","angle":202.5},{"time":242,"tap":true,"type":"block","angle":191.25},{"time":242,"tap":true,"type":"block","angle":180},{"startTap":true,"duration":0.25,"time":242.5,"angle2":236.25,"type":"hold","angle":191.25},{"time":242.75,"duration":0.25,"angle2":270,"type":"hold","angle":236.25},{"time":243,"duration":0.25,"angle2":303.75,"type":"hold","angle":270},{"time":240,"type":"mine","angle":112.5},{"time":240,"type":"mine","angle":123.75},{"time":240.25,"type":"mine","angle":112.5},{"time":240.25,"type":"mine","angle":101.25},{"time":240.5,"type":"mine","angle":123.75},{"time":240.5,"type":"mine","angle":135},{"time":240.75,"type":"mine","angle":101.25},{"time":240.75,"type":"mine","angle":90},{"time":241,"type":"mine","angle":67.5},{"time":241,"type":"mine","angle":56.25},{"time":241.25,"type":"mine","angle":135},{"time":241.25,"type":"mine","angle":146.25},{"time":241.5,"type":"mine","angle":180},{"time":241.5,"type":"mine","angle":168.75},{"time":241.5,"type":"mine","angle":157.5},{"time":241.75,"type":"mine","angle":101.25},{"time":241.75,"type":"mine","angle":90},{"time":241.75,"type":"mine","angle":78.75},{"time":242,"type":"mine","angle":11.25},{"time":242,"type":"mine","angle":22.5},{"time":242,"type":"mine","angle":360},{"time":240.5,"type":"extraTap","angle":78.75},{"time":243.25,"duration":0.25,"endTap":true,"angle2":191.25,"type":"hold","angle":303.75},{"time":245,"duration":1,"angle2":270,"type":"hold","angle":270},{"time":247,"duration":1,"angle2":0,"type":"hold","angle":0},{"time":249,"duration":1,"angle2":180,"type":"hold","angle":180},{"time":251,"duration":1,"angle2":258.75,"type":"hold","angle":281.25},{"time":251,"duration":1,"angle2":281.25,"type":"hold","angle":258.75},{"time":252,"type":"block","angle":270},{"time":253.5,"type":"block","angle":270},{"time":253.5,"type":"block","angle":281.25},{"time":253.5,"type":"block","angle":292.5},{"time":254,"type":"block","angle":258.75},{"time":254,"type":"block","angle":247.5},{"time":254,"type":"block","angle":236.25},{"time":256,"type":"block","angle":303.75},{"time":256,"type":"block","angle":315},{"time":256,"type":"block","angle":326.25},{"time":257,"type":"block","angle":247.5},{"time":257,"type":"block","angle":236.25},{"time":257,"type":"block","angle":225},{"time":257.5,"type":"block","angle":213.75},{"time":257.5,"type":"block","angle":202.5},{"time":257.5,"type":"block","angle":191.25},{"time":258,"duration":2,"speedMult":16,"angle2":540,"type":"hold","angle":360},{"time":258,"duration":2,"speedMult":16,"angle2":225,"type":"hold","angle":45},{"time":258,"duration":2,"speedMult":16,"angle2":270,"type":"hold","angle":90},{"time":258,"duration":2,"speedMult":16,"angle2":315,"type":"hold","angle":135},{"time":258,"duration":2,"speedMult":16,"angle2":360,"type":"hold","angle":180},{"time":258,"duration":2,"speedMult":16,"angle2":405,"type":"hold","angle":225},{"time":258,"duration":2,"speedMult":16,"angle2":450,"type":"hold","angle":270},{"time":258,"duration":2,"speedMult":16,"angle2":495,"type":"hold","angle":315},{"time":260,"duration":0,"angle2":360,"type":"hold","angle":0},{"time":261,"type":"block","angle":225},{"time":263,"type":"block","angle":225},{"time":263.5,"duration":0.5,"angle2":315,"type":"hold","angle":225},{"time":264,"duration":1,"angle2":315,"type":"hold","angle":315},{"time":265,"duration":1,"angle2":303.75,"type":"hold","angle":315},{"time":265,"duration":1,"angle2":326.25,"type":"hold","angle":315},{"time":266,"type":"extraTap","angle":360},{"time":266.25,"type":"block","angle":315},{"time":266,"type":"block","angle":315},{"time":266.5,"type":"block","angle":292.5},{"time":266.75,"type":"block","angle":270},{"time":267,"type":"block","angle":236.25},{"time":267.25,"type":"block","angle":191.25},{"time":267.5,"type":"block","angle":146.25},{"time":267.75,"type":"block","angle":112.5},{"time":262,"type":"extraTap","angle":225},{"time":259.75,"type":"block","angle":101.25},{"time":268,"duration":4,"angle2":90,"type":"hold","angle":90},{"time":268,"duration":4,"angle2":45,"type":"mineHold","angle":45},{"time":268,"duration":4,"angle2":135,"type":"mineHold","angle":135},{"time":270,"type":"block","angle":281.25},{"time":271.5,"type":"block","angle":270},{"time":272,"type":"block","angle":292.5},{"time":268,"duration":4,"angle2":225,"type":"mineHold","angle":225},{"time":268,"duration":4,"angle2":315,"type":"mineHold","angle":315},{"time":269,"type":"mine","angle":236.25},{"time":269,"type":"mine","angle":303.75},{"time":270,"type":"mine","angle":247.5},{"time":270,"type":"mine","angle":315},{"time":271.5,"type":"mine","angle":247.5},{"time":271.5,"type":"mine","angle":292.5},{"time":272,"type":"mine","angle":270},{"time":272,"type":"mine","angle":315},{"time":273,"speedMult":0.75,"type":"side","angle":180},{"time":274,"speedMult":0.75,"type":"side","angle":337.5},{"time":275,"speedMult":0.75,"type":"side","angle":112.5},{"time":274,"duration":0,"holdEase":"inOutCirc","angle2":90,"type":"mineHold","angle":270},{"time":275,"duration":0,"angle2":405,"type":"mineHold","angle":225},{"time":275,"duration":1,"angle2":225,"type":"mineHold","angle":225},{"time":275,"duration":1,"angle2":45,"type":"mineHold","angle":45},{"time":276,"duration":1,"angle2":0,"type":"hold","angle":135},{"time":276,"type":"extraTap","angle":123.75},{"time":278,"type":"inverse","angle":0},{"time":279.5,"type":"inverse","angle":0},{"time":280,"type":"inverse","angle":22.5},{"time":282,"type":"inverse","angle":337.5},{"time":281,"type":"inverse","angle":0},{"time":282.25,"type":"block","angle":0},{"time":282.5,"type":"block","angle":22.5},{"time":282.75,"type":"block","angle":45},{"time":283,"type":"block","angle":67.5},{"time":283.25,"type":"block","angle":90},{"time":283.5,"type":"block","angle":112.5},{"time":283.75,"type":"block","angle":135},{"time":284,"type":"block","angle":157.5},{"time":284,"duration":1,"angle2":180,"type":"hold","angle":180},{"time":284,"duration":1,"angle2":202.5,"type":"hold","angle":202.5},{"time":284,"type":"extraTap","angle":247.5},{"time":286.5,"type":"block","angle":202.5},{"time":287,"type":"block","angle":180},{"time":288,"type":"block","angle":157.5},{"time":289,"type":"block","angle":337.5},{"time":290,"type":"block","angle":67.5},{"time":291,"type":"block","angle":247.5},{"time":291.5,"type":"block","angle":247.5},{"time":292,"type":"block","angle":247.5},{"time":292,"tap":true,"type":"inverse","angle":247.5},{"time":293,"duration":4,"angle2":247.5,"type":"hold","angle":247.5},{"time":293,"duration":4,"angle2":225,"type":"hold","angle":225},{"time":298,"type":"block","angle":247.5},{"time":298,"type":"block","angle":225},{"time":299,"type":"block","angle":247.5},{"time":298.5,"type":"block","angle":225},{"time":293,"duration":6,"angle2":236.25,"type":"hold","angle":236.25},{"time":300,"duration":8,"angle2":11.25,"type":"mineHold","angle":11.25},{"time":300,"duration":8,"angle2":56.25,"type":"mineHold","angle":56.25},{"time":300,"duration":8,"angle2":90,"type":"mineHold","angle":90},{"time":300,"duration":8,"angle2":337.5,"type":"mineHold","angle":337.5},{"time":300,"duration":8,"angle2":33.75,"type":"mineHold","angle":33.75},{"time":300,"type":"extraTap","angle":292.5},{"time":302,"duration":1,"angle2":270,"type":"hold","angle":292.5},{"time":303,"duration":1,"angle2":236.25,"type":"hold","angle":270},{"time":304,"duration":1,"angle2":191.25,"type":"hold","angle":236.25},{"time":305,"duration":1,"angle2":146.25,"type":"hold","angle":191.25},{"time":306,"duration":1,"angle2":112.5,"type":"hold","angle":146.25},{"time":305,"type":"extraTap","angle":168.75},{"time":308,"type":"extraTap","angle":112.5},{"time":308,"duration":8,"angle2":0,"type":"mineHold","angle":0},{"time":308.25,"type":"block","angle":101.25},{"time":308.5,"type":"block","angle":56.25},{"time":308.75,"type":"block","angle":11.25},{"time":309,"type":"block","angle":56.25},{"time":309.25,"type":"block","angle":101.25},{"time":309.5,"type":"block","angle":146.25},{"time":309.75,"type":"block","angle":191.25},{"time":310,"type":"block","angle":236.25},{"time":310.25,"type":"block","angle":281.25},{"time":310.5,"type":"block","angle":326.25},{"time":310.75,"type":"block","angle":326.25},{"time":311.25,"type":"block","angle":236.25},{"time":311.5,"type":"block","angle":191.25},{"time":311.75,"type":"block","angle":146.25},{"time":312,"type":"block","angle":101.25},{"time":312.25,"type":"block","angle":56.25},{"time":312.5,"type":"block","angle":11.25},{"time":312.75,"type":"block","angle":56.25},{"time":313,"type":"block","angle":101.25},{"time":313.25,"type":"block","angle":146.25},{"time":313.5,"type":"block","angle":191.25},{"time":313.75,"type":"block","angle":236.25},{"time":314,"type":"block","angle":281.25},{"time":314.25,"type":"block","angle":326.25},{"time":315,"type":"block","angle":281.25},{"time":315.25,"type":"block","angle":236.25},{"time":315.5,"type":"block","angle":191.25},{"time":315.75,"type":"block","angle":146.25},{"time":316,"type":"block","angle":101.25},{"time":299,"type":"block","angle":135},{"time":311,"type":"block","angle":270},{"time":314.75,"type":"block","angle":326.25},{"time":324,"type":"block","angle":90},{"time":324.5,"duration":0.5,"angle2":67.5,"type":"hold","angle":90},{"time":325.5,"tap":true,"type":"side","angle":90},{"time":325.75,"type":"block","angle":90},{"time":326,"duration":1,"holdEase":"outExpo","angle2":-90,"type":"hold","angle":90},{"time":328,"duration":1,"holdEase":"outExpo","angle2":450,"type":"hold","angle":270},{"time":328.5,"type":"block","angle":90},{"time":329,"duration":0.75,"angle2":22.5,"type":"hold","angle":90},{"time":330,"duration":0.5,"angle2":90,"type":"hold","angle":22.5},{"time":330.5,"duration":0.5,"angle2":0,"type":"hold","angle":90},{"time":332,"duration":8,"angle2":180,"type":"mineHold","angle":180},{"time":333,"duration":0.75,"angle2":-112.5,"type":"hold","angle":-45},{"time":334,"duration":0.5,"angle2":-45,"type":"hold","angle":-112.5},{"time":334.5,"duration":0.5,"angle2":-135,"type":"hold","angle":-45},{"time":337,"duration":0.75,"angle2":67.5,"type":"hold","angle":135},{"time":338,"duration":0.5,"angle2":135,"type":"hold","angle":67.5},{"time":338.5,"duration":0.5,"angle2":45,"type":"hold","angle":135},{"time":332,"type":"side","angle":123.75},{"time":336,"type":"side","angle":0},{"time":336.5,"type":"side","angle":90},{"time":339.5,"type":"block","angle":45},{"time":339.75,"type":"block","angle":33.75},{"time":340,"duration":0,"angle2":45,"type":"hold","angle":0},{"time":340,"duration":8,"angle2":315,"type":"mineHold","angle":315},{"time":340,"duration":8,"angle2":90,"type":"hold","angle":45},{"time":340,"duration":8,"angle2":180,"type":"mineHold","angle":180},{"time":340.5,"type":"side","angle":247.5},{"time":341,"type":"side","angle":247.5},{"time":341.5,"type":"block","angle":247.5},{"time":342,"type":"block","angle":258.75},{"time":343,"type":"block","angle":281.25},{"time":342.5,"type":"block","angle":225},{"time":344,"duration":1,"angle2":292.5,"type":"hold","angle":270},{"time":345.75,"type":"side","angle":258.75},{"time":346,"type":"block","angle":258.75},{"time":346.5,"type":"block","angle":247.5},{"time":347,"type":"block","angle":281.25},{"time":348,"type":"extraTap","angle":270},{"time":348,"duration":1,"angle2":22.5,"type":"hold","angle":90},{"time":349,"duration":7,"angle2":22.5,"type":"hold","angle":22.5},{"time":348,"type":"inverse","angle":90},{"time":348.25,"type":"inverse","angle":78.75},{"time":348.5,"type":"inverse","angle":67.5},{"time":348.75,"type":"inverse","angle":56.25},{"time":349,"type":"inverse","angle":45},{"time":349.25,"type":"inverse","angle":33.75},{"time":349.5,"type":"inverse","angle":22.5},{"time":349.75,"type":"inverse","angle":11.25},{"time":350,"type":"inverse","angle":22.5},{"time":350.25,"type":"inverse","angle":33.75},{"time":350.5,"type":"inverse","angle":45},{"time":350.75,"type":"inverse","angle":56.25},{"time":351,"type":"inverse","angle":45},{"time":351.25,"type":"inverse","angle":33.75},{"time":351.5,"type":"inverse","angle":22.5},{"time":351.75,"type":"inverse","angle":11.25},{"time":352,"type":"inverse","angle":22.5},{"time":352.25,"type":"inverse","angle":33.75},{"time":352.5,"type":"inverse","angle":45},{"time":352.75,"type":"inverse","angle":56.25},{"time":353,"type":"inverse","angle":45},{"time":353.25,"type":"inverse","angle":33.75},{"time":353.5,"type":"inverse","angle":22.5},{"time":353.75,"type":"inverse","angle":11.25},{"time":354,"type":"inverse","angle":22.5},{"time":354.25,"type":"inverse","angle":33.75},{"time":354.5,"type":"inverse","angle":45},{"time":354.75,"type":"inverse","angle":56.25},{"time":355,"type":"inverse","angle":45},{"time":355.25,"type":"inverse","angle":33.75},{"time":355.5,"type":"inverse","angle":22.5},{"time":355.75,"type":"inverse","angle":11.25},{"time":356,"type":"extraTap","angle":45},{"time":357,"type":"extraTap","angle":67.5},{"time":357.75,"type":"extraTap","angle":67.5},{"time":358,"type":"extraTap","angle":67.5},{"time":357.5,"type":"extraTap","angle":67.5},{"time":358.5,"type":"extraTap","angle":67.5},{"time":359,"type":"extraTap","angle":67.5},{"time":356,"duration":8,"angle2":810,"type":"hold","angle":33.75},{"time":356,"duration":8,"angle2":798.75,"type":"hold","angle":22.5},{"time":356,"duration":8,"angle2":787.5,"type":"hold","angle":11.25},{"time":360,"type":"extraTap","angle":78.75},{"time":361,"type":"extraTap","angle":90},{"time":361.75,"type":"extraTap","angle":90},{"time":362,"type":"extraTap","angle":90},{"time":362.5,"type":"extraTap","angle":90},{"time":363,"type":"extraTap","angle":90},{"time":364,"type":"extraTap","angle":112.5},{"time":364,"type":"extraTap","angle":56.25},{"time":365,"type":"extraTap","angle":33.75},{"time":365.75,"type":"extraTap","angle":33.75},{"time":366,"type":"extraTap","angle":33.75},{"time":365.5,"type":"extraTap","angle":33.75},{"time":366.5,"type":"extraTap","angle":33.75},{"time":367,"type":"extraTap","angle":33.75},{"time":364,"duration":8,"angle2":-708.75,"type":"hold","angle":67.5},{"time":364,"duration":8,"angle2":-697.5,"type":"hold","angle":78.75},{"time":364,"duration":8,"angle2":-686.25,"type":"hold","angle":90},{"time":368,"type":"extraTap","angle":22.5},{"time":369,"type":"extraTap","angle":11.25},{"time":369.75,"type":"extraTap","angle":11.25},{"time":370,"type":"extraTap","angle":11.25},{"time":370.5,"type":"extraTap","angle":11.25},{"time":371,"type":"extraTap","angle":11.25},{"time":372,"type":"extraTap","angle":-11.25},{"time":371.5,"type":"extraTap","angle":348.75},{"time":371.75,"type":"extraTap","angle":348.75},{"time":372,"type":"extraTap","angle":45},{"time":373,"type":"extraTap","angle":67.5},{"time":373.75,"type":"extraTap","angle":67.5},{"time":374,"type":"extraTap","angle":67.5},{"time":373.5,"type":"extraTap","angle":67.5},{"time":374.5,"type":"extraTap","angle":67.5},{"time":375,"type":"extraTap","angle":67.5},{"time":372,"duration":8,"angle2":1170,"type":"hold","angle":33.75},{"time":372,"duration":8,"angle2":1158.75,"type":"hold","angle":22.5},{"time":372,"duration":8,"angle2":1147.5,"type":"hold","angle":11.25},{"time":376,"type":"extraTap","angle":78.75},{"time":377,"type":"extraTap","angle":90},{"time":377.75,"type":"extraTap","angle":90},{"time":378,"type":"extraTap","angle":90},{"time":378.5,"type":"extraTap","angle":90},{"time":379,"type":"extraTap","angle":90},{"time":380,"type":"extraTap","angle":112.5},{"time":380,"duration":3,"angle2":258.75,"type":"hold","angle":78.75},{"time":381,"type":"extraTap","angle":112.5},{"time":381.75,"type":"extraTap","angle":112.5},{"time":382,"type":"extraTap","angle":112.5},{"time":382.5,"type":"extraTap","angle":112.5},{"time":383,"type":"extraTap","angle":112.5},{"time":384,"duration":4,"angle2":78.75,"type":"hold","angle":258.75},{"time":387,"speedMult":1.5,"type":"extraTap","angle":90},{"time":388,"type":"extraTap","angle":67.5},{"time":389,"type":"block","angle":56.25},{"time":389.25,"type":"block","angle":123.75},{"time":390.25,"type":"block","angle":123.75},{"time":390.5,"type":"block","angle":56.25},{"time":389.5,"type":"block","angle":56.25},{"time":389.75,"type":"block","angle":123.75},{"time":390.75,"type":"block","angle":90},{"time":391,"type":"block","angle":90},{"time":393,"type":"block","angle":-56.25},{"time":393.25,"type":"block","angle":236.25},{"time":394.25,"type":"block","angle":303.75},{"time":394.5,"type":"block","angle":236.25},{"time":393.5,"type":"block","angle":-56.25},{"time":393.75,"type":"block","angle":236.25},{"time":394.75,"type":"block","angle":-56.25},{"time":395,"type":"block","angle":236.25},{"time":395.5,"type":"block","angle":0},{"time":395.75,"type":"block","angle":0},{"time":401,"type":"block","angle":33.75},{"time":401.25,"type":"block","angle":33.75},{"time":402.25,"type":"block","angle":33.75},{"time":402.5,"type":"block","angle":326.25},{"time":401.5,"type":"block","angle":326.25},{"time":401.75,"type":"block","angle":33.75},{"time":402.75,"type":"block","angle":33.75},{"time":403,"type":"block","angle":326.25},{"time":403.75,"type":"block","angle":33.75},{"time":391.5,"duration":0.25,"angle2":90,"type":"hold","angle":90},{"time":397,"type":"side","angle":90},{"time":397.25,"type":"side","angle":90},{"time":397.5,"type":"side","angle":90},{"time":398.25,"type":"side","angle":90},{"time":398.5,"type":"side","angle":90},{"time":398.75,"type":"side","angle":90},{"time":399.5,"type":"side","angle":90},{"time":397.75,"type":"block","angle":67.5},{"time":399,"type":"block","angle":78.75},{"time":399.75,"type":"block","angle":67.5},{"time":401,"type":"mine","angle":180},{"time":401.25,"type":"mine","angle":180},{"time":401.5,"type":"mine","angle":180},{"time":401.75,"type":"mine","angle":180},{"time":402.25,"type":"mine","angle":180},{"time":402.5,"type":"mine","angle":180},{"time":402.75,"type":"mine","angle":180},{"time":403,"type":"mine","angle":180},{"time":403.5,"type":"mine","angle":180},{"time":403.75,"type":"mine","angle":180},{"time":405,"type":"block","angle":180},{"time":405.25,"type":"block","angle":150},{"time":406.25,"type":"block","angle":60},{"time":406.5,"type":"block","angle":30},{"time":405.5,"type":"block","angle":120},{"time":405.75,"type":"block","angle":90},{"time":406.75,"type":"block","angle":0},{"time":407,"type":"block","angle":330},{"time":407.5,"type":"block","angle":300},{"time":407.75,"type":"block","angle":270},{"time":408,"duration":12,"angle2":90,"type":"mineHold","angle":90},{"time":408,"duration":12,"angle2":30,"type":"mineHold","angle":30},{"time":408,"duration":12,"angle2":360,"type":"mineHold","angle":360},{"time":408,"duration":12,"angle2":330,"type":"mineHold","angle":330},{"time":408,"duration":12,"angle2":270,"type":"mineHold","angle":270},{"time":408,"type":"extraTap","angle":180},{"time":409,"type":"extraTap","angle":180},{"time":410,"type":"extraTap","angle":180},{"time":411,"type":"extraTap","angle":180},{"time":412,"type":"extraTap","angle":180},{"time":413,"type":"extraTap","angle":180},{"time":414,"type":"extraTap","angle":180},{"time":415,"type":"extraTap","angle":180},{"time":416,"type":"extraTap","angle":180},{"time":417,"type":"extraTap","angle":180},{"time":418,"type":"extraTap","angle":180},{"time":408,"type":"mine","angle":300},{"time":408,"type":"mine","angle":60},{"time":410,"type":"mine","angle":300},{"time":410,"type":"mine","angle":60},{"time":412,"type":"mine","angle":300},{"time":412,"type":"mine","angle":60},{"time":414,"type":"mine","angle":300},{"time":414,"type":"mine","angle":60},{"time":416,"type":"mine","angle":300},{"time":416,"type":"mine","angle":60},{"time":418,"type":"mine","angle":300},{"time":418,"type":"mine","angle":60},{"time":420,"type":"mine","angle":300},{"time":420,"type":"mine","angle":60},{"time":420,"duration":1,"angle2":180,"type":"hold","angle":180},{"time":421,"type":"block","angle":210},{"time":421.25,"type":"block","angle":210},{"time":421.5,"type":"block","angle":210},{"time":421.75,"type":"block","angle":210},{"time":422,"type":"block","angle":150},{"time":422.5,"type":"block","angle":150},{"time":422.25,"type":"block","angle":150},{"time":422.75,"type":"block","angle":150},{"time":423,"duration":0.5,"endTap":true,"angle2":360,"type":"hold","angle":150},{"time":424,"type":"block","angle":180},{"time":424.25,"type":"block","angle":180},{"time":424.5,"type":"block","angle":202.5},{"time":424.75,"type":"block","angle":202.5},{"time":425,"type":"block","angle":157.5},{"time":425.25,"type":"block","angle":157.5},{"time":425.5,"duration":0.5,"angle2":180,"type":"hold","angle":180},{"time":424.5,"duration":1,"angle2":191.25,"type":"hold","angle":191.25},{"time":425,"duration":1,"angle2":168.75,"type":"hold","angle":168.75},{"time":426,"type":"extraTap","angle":191.25},{"time":427,"type":"block","angle":191.25},{"time":427.5,"type":"block","angle":202.5},{"time":427.75,"type":"block","angle":213.75},{"time":426.5,"type":"block","angle":180},{"time":428,"duration":0.5,"angle2":213.75,"type":"hold","angle":213.75},{"time":429,"duration":0.5,"angle2":270,"type":"hold","angle":270},{"time":429,"duration":0.5,"angle2":281.25,"type":"hold","angle":281.25},{"time":430,"duration":0.5,"angle2":348.75,"type":"hold","angle":348.75},{"time":430,"duration":0.5,"angle2":360,"type":"hold","angle":360},{"time":430,"duration":0.5,"angle2":11.25,"type":"hold","angle":11.25},{"time":431,"duration":0.5,"angle2":90,"type":"hold","angle":67.5},{"time":431,"duration":0.5,"angle2":101.25,"type":"hold","angle":78.75},{"time":431,"duration":0.5,"angle2":112.5,"type":"hold","angle":90},{"time":431,"duration":0.5,"angle2":123.75,"type":"hold","angle":101.25},{"time":431,"duration":0.5,"angle2":135,"type":"hold","angle":112.5},{"time":432,"type":"extraTap","angle":123.75},{"time":432.75,"type":"extraTap","angle":123.75},{"time":433,"type":"extraTap","angle":123.75},{"time":432.5,"type":"extraTap","angle":123.75},{"time":432,"type":"block","angle":270},{"time":433,"type":"block","angle":315},{"time":434,"duration":1,"holdEase":"outExpo","angle2":450,"type":"hold","angle":270},{"time":435,"duration":1,"endTap":true,"holdEase":"inExpo","angle2":270,"type":"hold","angle":90},{"time":437,"type":"extraTap","angle":270},{"time":437,"type":"block","angle":247.5},{"time":437.25,"type":"block","angle":247.5},{"time":437.5,"type":"block","angle":247.5},{"time":437.75,"type":"block","angle":247.5},{"time":438,"type":"block","angle":180},{"time":438.25,"type":"block","angle":180},{"time":438.5,"type":"block","angle":180},{"time":438.75,"type":"block","angle":180},{"time":439,"duration":1,"angle2":236.25,"type":"hold","angle":112.5},{"time":440.25,"type":"block","angle":236.25},{"time":440.5,"duration":0.25,"angle2":247.5,"type":"hold","angle":247.5},{"time":441,"type":"side","angle":236.25},{"time":441.25,"type":"side","angle":213.75},{"time":441.5,"type":"side","angle":180},{"time":442,"type":"block","angle":157.5},{"time":442.25,"type":"block","angle":180},{"time":442.5,"type":"block","angle":157.5},{"time":442.75,"type":"block","angle":180},{"time":443,"type":"block","angle":202.5},{"time":443.25,"type":"block","angle":180},{"time":443.5,"type":"block","angle":202.5},{"time":438.75,"type":"block","angle":202.5},{"time":444,"duration":1,"angle2":202.5,"type":"hold","angle":202.5},{"time":444,"duration":1,"angle2":157.5,"type":"hold","angle":157.5},{"time":445,"duration":1,"angle2":180,"type":"hold","angle":180},{"time":446,"duration":1,"angle2":191.25,"type":"hold","angle":191.25},{"time":446,"duration":1,"angle2":168.75,"type":"hold","angle":168.75},{"time":446,"duration":1,"angle2":180,"type":"hold","angle":180},{"time":447,"duration":0.75,"angle2":202.5,"type":"hold","angle":202.5},{"time":447,"duration":0.75,"angle2":191.25,"type":"hold","angle":191.25},{"time":447,"duration":0.75,"angle2":180,"type":"hold","angle":180},{"time":447,"duration":0.75,"angle2":168.75,"type":"hold","angle":168.75},{"time":447,"duration":0.75,"angle2":157.5,"type":"hold","angle":157.5},{"time":444,"type":"extraTap","angle":180},{"time":445,"type":"extraTap","angle":146.25},{"time":446,"type":"extraTap","angle":146.25},{"time":447,"type":"extraTap","angle":146.25},{"time":448,"type":"block","angle":270},{"time":448.5,"type":"block","angle":270},{"time":448.75,"type":"block","angle":270},{"time":449,"type":"block","angle":90},{"time":449.5,"type":"block","angle":90},{"time":449.75,"type":"block","angle":90},{"time":450,"type":"block","angle":180},{"time":450.5,"type":"block","angle":180},{"time":450.75,"type":"block","angle":180},{"time":451,"type":"inverse","angle":180},{"time":451.5,"type":"inverse","angle":180},{"time":451.75,"type":"inverse","angle":180},{"time":452.25,"type":"block","angle":225},{"time":452.75,"type":"block","angle":225},{"time":452.5,"type":"block","angle":225},{"time":453.25,"type":"block","angle":225},{"time":453.5,"type":"block","angle":225},{"time":453.75,"type":"block","angle":225},{"time":453,"tap":true,"angle":90,"type":"block","speedMult":2},{"time":454,"speedMult":0.25,"type":"side","angle":360},{"time":455,"tap":true,"angle":270,"type":"block","speedMult":2},{"time":456,"type":"side","angle":0},{"time":454.25,"type":"block","angle":202.5},{"time":454.25,"type":"block","angle":157.5},{"time":454.5,"speedMult":0.5,"type":"block","angle":180},{"time":454.75,"speedMult":0.89999997615814,"type":"block","angle":202.5},{"time":454.75,"speedMult":0.89999997615814,"type":"block","angle":157.5},{"time":455.5,"type":"mine","angle":315},{"time":455.25,"speedMult":0.60000002384186,"type":"mine","angle":292.5},{"time":455.5,"type":"mine","angle":270},{"time":455.25,"speedMult":0.60000002384186,"type":"mine","angle":247.5},{"time":455.5,"type":"mine","angle":225},{"time":455.75,"speedMult":2,"type":"mine","angle":337.5},{"time":455.75,"speedMult":2,"type":"mine","angle":202.5},{"time":455.75,"type":"mine","angle":292.5},{"time":455.75,"type":"mine","angle":247.5},{"time":455.25,"type":"mine","angle":337.5},{"time":455.25,"type":"mine","angle":202.5},{"time":456,"speedMult":2,"type":"mine","angle":225},{"time":456,"speedMult":2,"type":"mine","angle":315},{"time":456,"angle":292.5,"type":"mine","speedMult":2},{"time":456,"speedMult":2,"type":"mine","angle":270},{"time":456,"speedMult":2,"type":"mine","angle":247.5},{"time":455.25,"duration":0.75,"segments":3,"angle2":45,"type":"hold","angle":180},{"time":456.5,"speedMult":0.44999998807907,"type":"block","angle":22.5},{"time":456.625,"speedMult":0.40000000596046,"type":"block","angle":90},{"time":456.75,"speedMult":0.30000001192093,"type":"block","angle":45},{"time":456.875,"speedMult":0.34999999403954,"type":"block","angle":67.5},{"time":457,"type":"block","angle":45},{"time":457.25,"type":"block","angle":90},{"time":457.5,"type":"block","angle":135},{"time":457.75,"type":"block","angle":180},{"time":457,"duration":1,"angle2":202.5,"type":"hold","angle":45},{"time":455,"speedMult":1.5,"type":"extraTap","angle":90},{"time":457,"speedMult":1.5,"type":"extraTap","angle":157.5},{"time":458.25,"speedMult":1.2000000476837,"type":"block","angle":202.5},{"time":458.25,"type":"block","angle":191.25},{"time":458.5,"speedMult":1.2000000476837,"type":"block","angle":180},{"time":458.5,"type":"block","angle":168.75},{"time":458.75,"speedMult":1.2000000476837,"type":"block","angle":157.5},{"time":458.75,"type":"block","angle":146.25},{"time":459,"speedMult":1.2000000476837,"type":"block","angle":202.5},{"time":459,"tap":true,"type":"block","angle":191.25},{"time":459,"duration":0.75,"angle2":191.25,"type":"hold","angle":213.75},{"time":459.5,"speedMult":3,"type":"inverse","angle":202.5},{"time":459.75,"speedMult":3,"type":"inverse","angle":191.25},{"time":458,"speedMult":0.5,"type":"extraTap","angle":258.75},{"time":460,"speedMult":0.5,"type":"side","angle":191.25},{"time":460.5,"type":"block","angle":225},{"time":460.75,"type":"block","angle":180},{"time":461,"tap":true,"angle":157.5,"type":"side","speedMult":0.5},{"time":461.5,"type":"block","angle":135},{"time":461.75,"type":"block","angle":202.5},{"time":463,"tap":true,"angle":0,"type":"block","speedMult":2},{"time":462,"speedMult":1.2000000476837,"type":"block","angle":202.5},{"time":462.25,"type":"block","angle":191.25},{"time":462.5,"speedMult":0.80000001192093,"type":"block","angle":180},{"time":462.75,"speedMult":0.60000002384186,"type":"block","angle":168.75},{"time":463,"endTap":true,"angle2":90,"type":"hold","angle":-326.25,"endAngle":0,"duration":1,"speedMult":0.89999997615814},{"time":464.5,"speedMult":1.7999999523163,"type":"block","angle":90},{"time":464.25,"speedMult":2.2000000476837,"type":"block","angle":78.75},{"time":464,"type":"mine","angle":0},{"time":464,"type":"mine","angle":180},{"time":465.25,"type":"block","angle":90},{"time":465.75,"type":"block","angle":67.5},{"time":466,"type":"block","angle":90},{"time":465.5,"type":"side","angle":45},{"time":464.125,"type":"mine","angle":326.25},{"time":464.125,"type":"mine","angle":326.25},{"time":464,"type":"mine","angle":292.5},{"time":464.5,"type":"mine","angle":303.75},{"time":464.25,"type":"mine","angle":303.75},{"time":464.375,"type":"mine","angle":303.75},{"time":464.5,"type":"mine","angle":258.75},{"time":464.375,"type":"mine","angle":247.5},{"time":464.25,"type":"mine","angle":236.25},{"time":463.875,"type":"mine","angle":236.25},{"time":464.75,"type":"mine","angle":303.75},{"time":464.5,"type":"mine","angle":315},{"time":464.375,"type":"mine","angle":315},{"time":464.375,"type":"mine","angle":337.5},{"time":464.375,"type":"mine","angle":348.75},{"time":464.125,"type":"mine","angle":337.5},{"time":463.875,"type":"mine","angle":326.25},{"time":463.75,"type":"mine","angle":326.25},{"time":463.625,"type":"mine","angle":303.75},{"time":463.5,"type":"mine","angle":270},{"time":463.625,"type":"mine","angle":247.5},{"time":463.875,"type":"mine","angle":236.25},{"time":463.875,"type":"mine","angle":225},{"time":463.875,"type":"mine","angle":213.75},{"time":463.875,"type":"mine","angle":202.5},{"time":464,"type":"mine","angle":213.75},{"time":466.25,"type":"side","angle":101.25},{"time":466.5,"type":"side","angle":123.75},{"time":466.75,"type":"side","angle":146.25},{"time":467,"type":"side","angle":168.75},{"time":467.25,"type":"side","angle":191.25},{"time":467.5,"type":"side","angle":213.75},{"time":467.75,"type":"side","angle":236.25},{"time":468,"type":"side","angle":258.75},{"time":468.0625,"type":"block","angle":270},{"time":468.0625,"type":"block","angle":281.25},{"time":468.125,"type":"block","angle":275.625},{"time":468.1875,"speedMult":3.1410000324249,"type":"block","angle":281.25},{"time":468.1875,"speedMult":0.75419998168945,"type":"block","angle":292.5},{"time":468.25,"type":"block","angle":286.875},{"time":468.3125,"angle":298.125,"type":"block","speedMult":2},{"time":468.3125,"type":"block","angle":286.875},{"time":468.375,"speedMult":23,"type":"block","angle":292.5},{"time":468.375,"angle":303.75,"type":"block","speedMult":0.34000000357628},{"time":468.4375,"type":"block","angle":298.125},{"time":468.5,"speedMult":1.2400000095367,"type":"block","angle":292.5},{"time":468.5625,"type":"block","angle":298.125},{"time":468.5,"type":"block","angle":303.75},{"time":468.4375,"speedMult":2,"type":"block","angle":309.375},{"time":468.625,"speedMult":374,"type":"block","angle":303.75},{"time":468.5625,"speedMult":0.0010000000474975,"type":"block","angle":309.375},{"time":468.5,"speedMult":1.2539999485016,"type":"block","angle":315},{"time":468.75,"speedMult":0.75,"type":"block","angle":309.375},{"time":468.6875,"speedMult":3.1199998855591,"type":"block","angle":315},{"time":468.625,"speedMult":0.64300000667572,"type":"block","angle":320.625},{"time":468.8125,"speedMult":0.51999998092651,"type":"block","angle":315},{"time":468.75,"type":"block","angle":320.625},{"time":468.875,"speedMult":0.38400000333786,"type":"block","angle":320.625},{"time":468,"endTap":true,"angle2":331.875,"type":"hold","angle":354.375,"endAngle":264.37200927734,"duration":1,"order":14,"speedMult":5},{"time":468.875,"speedMult":0.75,"type":"block","angle":326.25},{"time":468.9375,"speedMult":9.3640003204346,"type":"block","angle":320.625},{"time":468.8125,"speedMult":0.11999999731779,"type":"block","angle":331.875},{"time":468.6875,"type":"block","angle":326.25},{"time":468,"speedMult":2,"type":"inverse","angle":264.375},{"time":468.3125,"speedMult":2,"type":"inverse","angle":309.375},{"time":468.0625,"angle":360,"type":"inverse","speedMult":2},{"time":468,"speedMult":1.5,"type":"extraTap","angle":247.5},{"time":468,"duration":0,"holdEase":"inOutCirc","angle2":225,"type":"mineHold","angle":22.5},{"time":469,"type":"inverse","angle":360},{"time":469.25,"type":"inverse","angle":0},{"time":469.25,"type":"inverse","angle":22.5},{"time":469.5,"type":"inverse","angle":45},{"time":469.5,"type":"inverse","angle":67.5},{"time":469.75,"type":"inverse","angle":90},{"time":469.75,"type":"inverse","angle":112.5},{"time":470,"type":"inverse","angle":135},{"time":470,"type":"inverse","angle":157.5},{"time":470.25,"type":"inverse","angle":135},{"time":470.25,"type":"inverse","angle":112.5},{"time":470.5,"type":"inverse","angle":90},{"time":470.5,"type":"inverse","angle":67.5},{"time":470.75,"type":"inverse","angle":45},{"time":470.75,"type":"inverse","angle":22.5},{"time":471,"type":"inverse","angle":0},{"time":469.5,"type":"block","angle":45},{"time":463.625,"type":"block","angle":45},{"time":469,"duration":1,"angle2":157.5,"type":"hold","angle":0},{"time":470,"duration":1,"angle2":0,"type":"hold","angle":157.5},{"time":471.75,"speedMult":0.30000001192093,"type":"block","angle":0},{"time":471.5,"tap":true,"speedMult":0.80000001192093,"type":"block","angle":0},{"time":472,"type":"block","angle":0},{"time":472.0625,"type":"block","angle":22.5},{"time":472.125,"type":"block","angle":45},{"time":472.1875,"type":"block","angle":67.5},{"time":472.25,"type":"block","angle":90},{"time":472.3125,"type":"block","angle":112.5},{"time":472.375,"type":"block","angle":135},{"time":472.4375,"type":"block","angle":157.5},{"time":472.5,"type":"block","angle":180},{"time":472.5625,"type":"block","angle":202.5},{"time":472.625,"type":"block","angle":225},{"time":472.6875,"type":"block","angle":247.5},{"time":472.75,"type":"block","angle":270},{"time":472.8125,"type":"block","angle":292.5},{"time":472.875,"type":"block","angle":315},{"time":472.9375,"type":"block","angle":337.5},{"time":473,"type":"block","angle":360},{"time":473,"type":"extraTap","angle":45},{"time":472,"type":"block","angle":180},{"time":472.0625,"type":"block","angle":202.5},{"time":472.125,"type":"block","angle":225},{"time":472.1875,"type":"block","angle":247.5},{"time":472.25,"type":"block","angle":270},{"time":472.3125,"type":"block","angle":292.5},{"time":472.375,"type":"block","angle":315},{"time":472.4375,"type":"block","angle":337.5},{"time":472.5,"type":"block","angle":360},{"time":472.5625,"type":"block","angle":22.5},{"time":472.625,"type":"block","angle":45},{"time":472.6875,"type":"block","angle":67.5},{"time":472.75,"type":"block","angle":90},{"time":472.8125,"type":"block","angle":112.5},{"time":472.875,"type":"block","angle":135},{"time":472.9375,"type":"block","angle":157.5},{"time":473,"type":"block","angle":180},{"time":473,"duration":1,"angle2":22.5,"type":"hold","angle":0},{"time":473,"duration":1,"angle2":202.5,"type":"hold","angle":180},{"time":474,"type":"extraTap","angle":45},{"time":475,"type":"inverse","angle":225},{"time":474.75,"type":"inverse","angle":225},{"time":474.5,"type":"inverse","angle":225},{"time":474.25,"type":"inverse","angle":225},{"time":475,"duration":2,"angle2":765,"type":"hold","angle":225},{"time":477.25,"type":"block","angle":45},{"time":477.5,"type":"block","angle":45},{"time":477.75,"type":"block","angle":45},{"time":474.375,"type":"mine","angle":45},{"time":474.3125,"type":"mine","angle":33.75},{"time":474.3125,"type":"mine","angle":56.25},{"time":474.4375,"type":"mine","angle":33.75},{"time":474.4375,"type":"mine","angle":56.25},{"time":478,"type":"block","angle":0},{"time":478.25,"type":"block","angle":0},{"time":478.5,"type":"block","angle":0},{"time":478.75,"type":"block","angle":0},{"time":479,"type":"block","angle":315},{"time":479.25,"type":"block","angle":315},{"time":479.5,"type":"block","angle":315},{"time":479.75,"type":"block","angle":315},{"time":480,"type":"inverse","angle":360},{"time":480.25,"type":"inverse","angle":360},{"time":480.5,"type":"inverse","angle":360},{"time":480.75,"type":"inverse","angle":360},{"time":481,"type":"block","angle":0},{"time":481.25,"type":"block","angle":0},{"time":481.5,"type":"block","angle":0},{"time":481.75,"type":"block","angle":0},{"time":482,"duration":1,"angle":11.25,"angle2":270,"type":"hold","speedMult":0.80000001192093},{"time":482,"type":"extraTap","angle":270},{"time":482.25,"type":"extraTap","angle":270},{"time":482.5,"type":"extraTap","angle":270},{"time":448,"type":"extraTap","angle":78.75},{"time":483.25,"type":"mine","angle":270},{"time":483.5,"type":"mine","angle":270},{"time":483.75,"type":"mine","angle":270},{"time":484,"type":"mine","angle":270},{"time":483.25,"type":"mine","angle":90},{"time":483.5,"type":"mine","angle":90},{"time":483.75,"type":"mine","angle":90},{"time":484,"type":"mine","angle":90},{"time":484,"type":"extraTap","angle":303.75},{"time":485,"type":"extraTap","angle":90},{"time":486,"type":"extraTap","angle":90},{"time":487,"type":"extraTap","angle":90},{"time":488,"type":"extraTap","angle":90},{"time":489,"type":"extraTap","angle":90},{"time":490,"type":"extraTap","angle":90},{"time":491,"type":"extraTap","angle":90},{"time":492,"type":"extraTap","angle":90},{"time":493,"type":"extraTap","angle":90},{"time":494,"type":"extraTap","angle":90},{"time":495,"type":"extraTap","angle":90},{"time":496,"type":"extraTap","angle":90},{"time":488,"duration":1,"angle2":56.25,"type":"hold","angle":67.5},{"time":492,"duration":1,"angle2":101.25,"type":"hold","angle":45},{"time":496,"duration":1,"angle2":90,"type":"hold","angle":33.75},{"time":497,"type":"extraTap","angle":90},{"time":498,"type":"extraTap","angle":90},{"time":499,"type":"extraTap","angle":90},{"time":500,"type":"extraTap","angle":90},{"time":501,"type":"extraTap","angle":90},{"time":502,"type":"extraTap","angle":90},{"time":503,"type":"extraTap","angle":90},{"time":504,"type":"extraTap","angle":90},{"time":505,"type":"extraTap","angle":90},{"time":506,"type":"extraTap","angle":90},{"time":507,"type":"extraTap","angle":90},{"time":508,"type":"extraTap","angle":90},{"time":509,"type":"extraTap","angle":90},{"time":510,"type":"extraTap","angle":90},{"time":511,"type":"extraTap","angle":90},{"time":512,"type":"extraTap","angle":90},{"time":500,"duration":16,"angle2":382.5,"type":"mineHold","angle":360},{"time":504,"duration":12,"angle2":202.5,"type":"mineHold","angle":180},{"time":508,"duration":8,"angle2":292.5,"type":"mineHold","angle":270},{"time":502,"type":"side","angle":112.5},{"time":500,"type":"side","angle":112.5},{"time":504,"type":"side","angle":123.75},{"time":506,"type":"side","angle":123.75},{"time":508,"type":"side","angle":67.5},{"time":510,"type":"side","angle":67.5},{"time":512,"duration":4,"angle2":112.5,"type":"hold","angle":90},{"time":512,"duration":4,"angle2":90,"type":"hold","angle":112.5},{"time":455,"angle":202.5,"type":"extraTap","speedMult":0.64999997615814},{"time":460,"angle":157.5,"type":"extraTap","speedMult":1.5},{"time":462,"tap":true,"type":"inverse","angle":202.5},{"time":465,"angle":90,"type":"side","speedMult":0.5},{"time":465,"angle":67.5,"type":"side","speedMult":0.5},{"time":465,"speedMult":0.5,"type":"side","angle":112.5},{"time":464.75,"angle":45,"type":"block","speedMult":2},{"time":458,"type":"mine","angle":360},{"time":459,"type":"mine","angle":315},{"time":459,"type":"mine","angle":45},{"time":460.5,"angle":225,"type":"inverse","speedMult":0.30000001192093},{"time":460.75,"type":"inverse","angle":180},{"time":472,"type":"mine","angle":90},{"time":472.0625,"type":"mine","angle":112.5},{"time":472.125,"type":"mine","angle":135},{"time":472.1875,"type":"mine","angle":157.5},{"time":472.25,"type":"mine","angle":180},{"time":472.3125,"type":"mine","angle":202.5},{"time":472.375,"type":"mine","angle":225},{"time":472.4375,"type":"mine","angle":247.5},{"time":472.5,"type":"mine","angle":270},{"time":472.5625,"type":"mine","angle":292.5},{"time":472.625,"type":"mine","angle":315},{"time":472.6875,"type":"mine","angle":337.5},{"time":472.75,"type":"mine","angle":360},{"time":472.8125,"type":"mine","angle":22.5},{"time":472.875,"type":"mine","angle":45},{"time":472.9375,"type":"mine","angle":67.5},{"time":473,"type":"mine","angle":90},{"time":472,"type":"mine","angle":270},{"time":472.0625,"type":"mine","angle":292.5},{"time":472.125,"type":"mine","angle":315},{"time":472.1875,"type":"mine","angle":337.5},{"time":472.25,"type":"mine","angle":360},{"time":472.3125,"type":"mine","angle":382.5},{"time":472.375,"type":"mine","angle":405},{"time":472.4375,"type":"mine","angle":427.5},{"time":472.5,"type":"mine","angle":450},{"time":472.5625,"type":"mine","angle":472.5},{"time":472.625,"type":"mine","angle":495},{"time":472.6875,"type":"mine","angle":517.5},{"time":472.75,"type":"mine","angle":540},{"time":472.8125,"type":"mine","angle":202.5},{"time":472.875,"type":"mine","angle":225},{"time":472.9375,"type":"mine","angle":247.5},{"time":473,"type":"mine","angle":270},{"time":517,"type":"block","angle":112.5},{"time":517.25,"type":"block","angle":112.5},{"time":517.5,"type":"block","angle":112.5},{"time":517.75,"type":"block","angle":112.5},{"time":518,"type":"extraTap","angle":247.5},{"time":518,"duration":1,"angle2":225,"type":"hold","angle":112.5},{"time":519,"duration":1,"angle2":90,"type":"hold","angle":225},{"time":515.5,"type":"extraTap","angle":67.5},{"time":520,"type":"block","angle":90},{"time":521,"type":"block","angle":90},{"time":521.25,"type":"block","angle":135},{"time":521.5,"type":"block","angle":157.5},{"time":521.75,"type":"block","angle":180},{"time":522,"duration":1,"angle2":202.5,"type":"hold","angle":202.5},{"time":522,"duration":1,"angle2":157.5,"type":"hold","angle":157.5},{"time":521,"type":"extraTap","angle":67.5},{"time":522,"type":"extraTap","angle":135},{"time":523,"type":"extraTap","angle":180},{"time":523,"duration":1,"angle2":180,"type":"hold","angle":180},{"time":525,"type":"side","angle":270},{"time":525.5,"type":"side","angle":315},{"time":525.25,"type":"block","angle":292.5},{"time":525.75,"type":"block","angle":337.5},{"time":526,"duration":0,"angle2":315,"type":"hold","angle":360},{"time":527,"duration":0,"angle2":45,"type":"hold","angle":0},{"time":526,"duration":1,"angle2":360,"type":"hold","angle":360},{"time":526,"duration":0,"angle2":45,"type":"mineHold","angle":247.5},{"time":527,"duration":0,"angle2":90,"type":"mineHold","angle":270},{"time":528,"type":"inverse","angle":45},{"time":528.25,"type":"inverse","angle":22.5},{"time":528.5,"type":"inverse","angle":45},{"time":528.75,"type":"inverse","angle":22.5},{"time":529,"duration":0.25,"angle2":22.5,"type":"hold","angle":45},{"time":529.25,"duration":0.25,"angle2":45,"type":"hold","angle":22.5},{"time":529.5,"duration":0.25,"angle2":22.5,"type":"hold","angle":45},{"time":529.75,"duration":0.25,"angle2":45,"type":"hold","angle":22.5},{"time":530,"duration":1,"angle2":67.5,"type":"hold","angle":22.5},{"time":530,"duration":1,"angle2":90,"type":"hold","angle":45},{"time":530,"type":"extraTap","angle":90},{"time":530.5,"type":"extraTap","angle":90},{"time":531,"type":"extraTap","angle":112.5},{"time":531.5,"type":"block","angle":90},{"time":531.75,"type":"block","angle":112.5},{"time":532,"duration":1,"angle2":720,"type":"hold","angle":112.5},{"time":533.25,"type":"block","angle":45},{"time":533.5,"type":"block","angle":67.5},{"time":533.75,"type":"block","angle":90},{"time":534,"type":"block","angle":67.5},{"time":534,"type":"mine","angle":247.5},{"time":535,"type":"mine","angle":315},{"time":535,"type":"block","angle":135},{"time":536,"type":"extraTap","angle":135},{"time":537,"type":"side","angle":135},{"time":537.25,"type":"side","angle":135},{"time":537.5,"type":"side","angle":135},{"time":537.75,"type":"side","angle":135},{"time":538,"type":"side","angle":135},{"time":539,"type":"side","angle":315},{"time":539,"type":"side","angle":292.5},{"time":539,"type":"side","angle":337.5},{"time":540,"duration":1,"angle2":495,"type":"hold","angle":360},{"time":540.5,"type":"block","angle":90},{"time":541,"duration":1,"angle2":135,"type":"hold","angle":135},{"time":541.25,"type":"block","angle":90},{"time":541,"type":"block","angle":180},{"time":541.5,"type":"block","angle":180},{"time":541.75,"type":"block","angle":90},{"time":542,"duration":1,"angle2":202.5,"type":"hold","angle":135},{"time":543,"duration":1,"angle2":360,"type":"hold","angle":202.5},{"time":545,"type":"extraTap","angle":22.5},{"time":545.25,"type":"inverse","angle":22.5},{"time":545.5,"type":"block","angle":22.5},{"time":545.75,"type":"inverse","angle":22.5},{"time":546,"type":"block","angle":22.5},{"time":546.5,"type":"block","angle":45},{"time":547,"duration":1,"angle2":180,"type":"hold","angle":67.5},{"time":547.25,"type":"block","angle":67.5},{"time":547.75,"type":"block","angle":135},{"time":547,"duration":1,"angle2":337.5,"type":"mineHold","angle":337.5},{"time":547,"duration":1,"angle2":315,"type":"mineHold","angle":315},{"time":547,"duration":1,"angle2":292.5,"type":"mineHold","angle":292.5},{"time":547,"duration":1,"angle2":270,"type":"mineHold","angle":270},{"time":547,"duration":1,"angle2":247.5,"type":"mineHold","angle":247.5},{"time":547,"duration":1,"angle2":0,"type":"mineHold","angle":0},{"time":547,"duration":1,"angle2":22.5,"type":"mineHold","angle":22.5},{"time":547.5,"type":"block","angle":112.5},{"time":547,"duration":0,"angle2":-112.5,"type":"mineHold","angle":22.5},{"time":548,"type":"block","angle":180},{"time":549,"type":"block","angle":157.5},{"time":550,"type":"block","angle":112.5},{"time":551,"type":"block","angle":135},{"time":551.5,"type":"block","angle":90},{"time":552,"type":"block","angle":67.5},{"time":553,"type":"block","angle":112.5},{"time":558,"duration":2,"angle2":157.5,"type":"hold","angle":202.5},{"time":560.5,"type":"block","angle":135},{"time":561,"duration":1,"angle2":180,"type":"hold","angle":157.5},{"time":559.5,"tap":true,"speedMult":0.75,"type":"block","angle":180},{"time":554,"duration":2,"angle2":157.5,"type":"hold","angle":90},{"time":550,"type":"extraTap","angle":135},{"time":554,"type":"extraTap","angle":135},{"time":556,"type":"extraTap","angle":135},{"time":560,"type":"extraTap","angle":135},{"time":562,"type":"extraTap","angle":135},{"time":568,"type":"extraTap","angle":135},{"time":564,"duration":1,"angle2":0,"type":"hold","angle":90},{"time":566,"tap":true,"speedMult":0.5,"type":"side","angle":360},{"time":566.75,"type":"block","angle":22.5},{"time":567,"type":"block","angle":67.5},{"time":567.5,"type":"block","angle":90},{"time":568,"duration":1,"angle2":90,"type":"hold","angle":112.5},{"time":568,"duration":1,"angle2":90,"type":"hold","angle":67.5},{"time":568,"duration":0,"angle2":112.5,"type":"hold","angle":67.5},{"time":570,"type":"extraTap","angle":112.5},{"time":572,"duration":2,"angle2":225,"type":"hold","angle":90},{"time":574.5,"type":"block","angle":225},{"time":575,"type":"block","angle":225},{"time":575.5,"type":"block","angle":225},{"time":576,"type":"block","angle":180},{"time":578,"type":"block","angle":135},{"time":572,"type":"extraTap","angle":67.5},{"time":576,"type":"extraTap","angle":157.5},{"time":578,"type":"extraTap","angle":157.5},{"time":579,"duration":1,"angle2":225,"type":"hold","angle":135},{"time":581,"type":"inverse","angle":225},{"time":583,"type":"inverse","angle":202.5},{"time":585,"type":"inverse","angle":135},{"time":586,"type":"inverse","angle":112.5},{"time":587,"type":"inverse","angle":67.5},{"time":582,"type":"inverse","angle":202.5},{"time":582.75,"type":"inverse","angle":202.5},{"time":584,"type":"inverse","angle":180},{"time":588,"duration":1,"angle2":-112.5,"type":"hold","angle":45},{"time":591,"type":"side","angle":202.5},{"time":591.75,"type":"side","angle":157.5},{"time":592,"type":"block","angle":157.5},{"time":593,"type":"side","angle":202.5},{"time":594,"type":"side","angle":157.5},{"time":595,"duration":1,"angle2":180,"type":"hold","angle":180},{"time":596,"duration":1,"angle2":540,"type":"hold","angle":180},{"time":598,"duration":1,"angle2":180,"type":"hold","angle":180},{"time":599,"duration":0.75,"angle2":180,"type":"hold","angle":180},{"time":599.75,"duration":0.25,"angle2":180,"type":"hold","angle":180},{"time":600,"duration":1,"angle2":180,"type":"hold","angle":180},{"time":601,"duration":1,"angle2":180,"type":"hold","angle":180},{"time":604,"type":"side","angle":180},{"time":602,"duration":8,"angle2":270,"type":"mineHold","angle":270},{"time":602,"duration":8,"angle2":292.5,"type":"mineHold","angle":292.5},{"time":602,"duration":8,"angle2":315,"type":"mineHold","angle":315},{"time":602,"duration":8,"angle2":337.5,"type":"mineHold","angle":337.5},{"time":602,"duration":8,"angle2":0,"type":"mineHold","angle":0},{"time":602,"duration":8,"angle2":22.5,"type":"mineHold","angle":22.5},{"time":602,"duration":8,"angle2":45,"type":"mineHold","angle":45},{"time":602,"duration":8,"angle2":67.5,"type":"mineHold","angle":67.5},{"time":602,"duration":8,"angle2":90,"type":"mineHold","angle":90},{"time":605,"type":"block","angle":202.5},{"time":606,"type":"block","angle":157.5},{"time":607,"type":"extraTap","angle":180},{"time":606,"type":"block","angle":202.5},{"time":605,"type":"block","angle":157.5},{"time":607,"type":"block","angle":157.5},{"time":607,"type":"block","angle":202.5},{"time":608,"type":"block","angle":202.5},{"time":608,"type":"block","angle":157.5},{"time":609,"type":"block","angle":202.5},{"time":609,"type":"block","angle":157.5},{"time":610,"type":"block","angle":202.5},{"time":610,"type":"block","angle":157.5},{"time":611,"type":"block","angle":202.5},{"time":611,"type":"block","angle":157.5},{"time":612,"type":"block","angle":202.5},{"time":612,"type":"block","angle":157.5},{"time":612,"type":"extraTap","angle":180},{"time":613,"type":"block","angle":270},{"time":614,"type":"extraTap","angle":360},{"time":615,"type":"block","angle":360},{"time":616,"type":"extraTap","angle":450},{"time":617,"type":"block","angle":450},{"time":618,"type":"extraTap","angle":540},{"time":619,"type":"block","angle":540},{"time":620,"type":"extraTap","angle":630},{"time":621,"type":"block","angle":270},{"time":622,"type":"extraTap","angle":360},{"time":623,"type":"block","angle":360},{"time":624,"type":"extraTap","angle":450},{"time":625,"type":"block","angle":450},{"time":626,"type":"extraTap","angle":540},{"time":627,"type":"block","angle":540},{"time":629,"type":"block","angle":270},{"time":630,"type":"extraTap","angle":360},{"time":631,"type":"block","angle":360},{"time":632,"type":"extraTap","angle":450},{"time":633,"type":"block","angle":450},{"time":634,"type":"extraTap","angle":540},{"time":635,"type":"block","angle":540},{"time":636,"type":"extraTap","angle":630},{"time":637,"type":"block","angle":270},{"time":638,"type":"extraTap","angle":360},{"time":639,"type":"block","angle":360},{"time":640,"type":"extraTap","angle":450},{"time":641,"type":"block","angle":450},{"time":642,"type":"extraTap","angle":540},{"time":643,"tap":true,"type":"block","angle":540},{"time":628,"type":"extraTap","angle":270}]