[{"time":0,"angle":228.25721740723,"type":"block"},{"time":0.5,"angle":247.90368652344,"type":"block"},{"time":1,"angle":269.31384277344,"type":"block"},{"angle2":228.25700378418,"type":"hold","duration":1.25,"angle":292.25701904297,"time":1.5},{"time":3.25,"angle":252.14231872559,"type":"block"},{"time":3.75,"angle":271.23767089844,"type":"block"},{"time":4.25,"angle":285.66333007813,"type":"block"},{"time":4.75,"angle":299.58044433594,"type":"block"},{"angle2":180,"type":"hold","endTap":true,"duration":2.5,"angle":300.78170776367,"time":6},{"time":8.5,"angle":121.08312225342,"type":"extraTap"},{"time":10.25,"angle":90,"type":"side"},{"time":14.5,"angle":270,"type":"side"},{"time":19.25,"angle":90,"type":"side"},{"tap":true,"type":"side","angle":270,"time":23.5},{"time":23.5,"angle":315,"type":"extraTap"},{"time":26.5,"angle":225,"type":"block"},{"time":27,"angle":225,"type":"block"},{"time":27.5,"angle":225,"type":"block"},{"time":28,"angle":240,"type":"block"},{"time":29,"angle":270,"type":"block"},{"time":29.5,"angle":240,"type":"block"},{"time":30,"angle":210,"type":"block"},{"time":31,"angle":210,"type":"block"},{"time":31.5,"angle":210,"type":"block"},{"time":32,"angle":210,"type":"block"},{"time":33.5,"angle":270,"type":"block"},{"time":34,"angle":240,"type":"block"},{"time":34.5,"angle":210,"type":"block"},{"time":35,"angle":210,"type":"block"},{"time":35.5,"angle":210,"type":"block"},{"time":36,"angle":210,"type":"block"},{"time":36.5,"angle":240,"type":"block"},{"time":37.5,"angle":240,"type":"block"},{"time":38,"angle":270,"type":"block"},{"time":38.5,"angle":240,"type":"block"},{"time":39.5,"angle":270,"type":"block"},{"time":40,"angle":300,"type":"block"},{"time":41,"angle":300,"type":"block"},{"time":17.5,"angle":180,"type":"extraTap"},{"time":40.5,"angle":330,"type":"block"},{"angle2":90,"type":"mineHold","duration":0.5,"angle":90,"time":40.5},{"angle2":120,"type":"mineHold","duration":0.5,"angle":120,"time":40.5},{"angle2":150,"type":"mineHold","duration":0.5,"angle":150,"time":40.5},{"angle2":240,"type":"mineHold","duration":0.5,"angle":240,"time":40.5},{"angle2":210,"type":"mineHold","duration":0.5,"angle":210,"time":40.5},{"angle2":180,"type":"mineHold","duration":0.5,"angle":180,"time":40.5},{"angle2":60,"type":"mineHold","duration":0.5,"angle":60,"time":40.5},{"angle2":30,"type":"mineHold","duration":0.5,"angle":30,"time":40.5},{"angle2":180,"type":"mineHold","duration":0.5,"angle":180,"time":42},{"angle2":150,"type":"mineHold","duration":0.5,"angle":150,"time":42},{"angle2":120,"type":"mineHold","duration":0.5,"angle":120,"time":42},{"angle2":90,"type":"mineHold","duration":0.5,"angle":90,"time":42},{"angle2":60,"type":"mineHold","duration":0.5,"angle":60,"time":42},{"angle2":0,"type":"mineHold","duration":0.5,"angle":0,"time":42},{"angle2":-30,"type":"mineHold","duration":0.5,"angle":-30,"time":42},{"angle2":210,"type":"mineHold","duration":0.5,"angle":210,"time":42},{"angle2":30,"type":"mineHold","duration":0.5,"angle":30,"time":42},{"angle2":270,"type":"mineHold","duration":0.5,"angle":270,"time":43},{"angle2":30,"type":"mineHold","duration":0.5,"angle":30,"time":43},{"angle2":60,"type":"mineHold","duration":0.5,"angle":60,"time":43},{"angle2":90,"type":"mineHold","duration":0.5,"angle":90,"time":43},{"angle2":120,"type":"mineHold","duration":0.5,"angle":120,"time":43},{"angle2":150,"type":"mineHold","duration":0.5,"angle":150,"time":43},{"angle2":180,"type":"mineHold","duration":0.5,"angle":180,"time":43},{"angle2":210,"type":"mineHold","duration":0.5,"angle":210,"time":43},{"angle2":240,"type":"mineHold","duration":0.5,"angle":240,"time":43},{"angle2":300,"type":"mineHold","duration":0.5,"angle":270,"time":43.5},{"angle2":60,"type":"mineHold","duration":0.5,"angle":30,"time":43.5},{"angle2":90,"type":"mineHold","duration":0.5,"angle":60,"time":43.5},{"angle2":120,"type":"mineHold","duration":0.5,"angle":90,"time":43.5},{"angle2":150,"type":"mineHold","duration":0.5,"angle":120,"time":43.5},{"angle2":180,"type":"mineHold","duration":0.5,"angle":150,"time":43.5},{"angle2":210,"type":"mineHold","duration":0.5,"angle":180,"time":43.5},{"angle2":240,"type":"mineHold","duration":0.5,"angle":210,"time":43.5},{"angle2":270,"type":"mineHold","duration":0.5,"angle":240,"time":43.5},{"angle2":-22.5,"type":"hold","duration":0.5,"angle":0,"time":44},{"angle2":-45,"type":"hold","duration":0.5,"angle":-22.5,"time":44.5},{"angle2":292.5,"type":"hold","duration":0.5,"angle":315,"time":45},{"angle2":360,"type":"hold","duration":1,"angle":292.5,"time":45.5},{"angle2":22.5,"type":"hold","duration":0.5,"angle":0,"time":46.5},{"angle2":427.5,"type":"hold","duration":0.5,"angle":382.5,"time":47},{"angle2":360,"type":"hold","duration":1,"angle":427.5,"time":47.5},{"angle2":-22.5,"type":"hold","duration":0.5,"angle":0,"time":48.5},{"angle2":315,"type":"hold","duration":0.5,"angle":337.5,"time":49},{"angle2":360,"type":"hold","duration":1,"angle":315,"time":49.5},{"angle2":22.5,"type":"hold","duration":0.5,"angle":0,"time":50.5},{"angle2":45,"type":"hold","duration":0.5,"angle":22.5,"time":51},{"angle2":67.5,"type":"hold","duration":0.5,"angle":45,"time":51.5},{"angle2":0,"type":"hold","duration":1,"angle":67.5,"time":52},{"angle2":337.5,"type":"hold","duration":0.5,"angle":360,"time":53},{"time":53,"angle":360,"type":"inverse"},{"angle2":315,"type":"hold","duration":0.5,"angle":337.5,"time":53.5},{"time":53.5,"angle":337.5,"type":"inverse"},{"angle2":360,"type":"hold","duration":1,"angle":315,"time":54},{"time":55,"angle":0,"type":"inverse"},{"angle2":22.5,"type":"hold","duration":0.5,"angle":0,"time":55},{"angle2":0,"type":"hold","duration":0.5,"angle":22.5,"time":55.5},{"angle2":337.5,"type":"hold","duration":0.5,"angle":360,"time":56},{"angle2":360,"type":"hold","duration":0.5,"angle":337.5,"time":56.5},{"angle2":22.5,"type":"hold","duration":0.5,"angle":0,"time":57},{"angle2":22.5,"type":"hold","duration":1,"angle":22.5,"time":57.5},{"time":54,"angle":315,"type":"inverse"},{"time":55.5,"angle":22.5,"type":"inverse"},{"time":56,"angle":0,"type":"inverse"},{"time":56.5,"angle":337.5,"type":"inverse"},{"time":57,"angle":360,"type":"inverse"},{"time":57.5,"angle":22.5,"type":"inverse"},{"time":58.5,"angle":22.5,"type":"inverse"},{"angle2":202.5,"type":"hold","duration":0.5,"angle":157.5,"time":61.25},{"angle2":157.5,"type":"hold","duration":0.5,"angle":202.5,"time":61.75},{"angle2":112.5,"type":"hold","duration":0.5,"angle":157.5,"time":62.25},{"angle2":-22.5,"type":"hold","duration":1,"angle":112.5,"time":62.75},{"angle2":270,"type":"hold","duration":0.5,"angle":337.5,"time":63.75},{"angle2":202.5,"type":"hold","duration":0.5,"angle":270,"time":64.25},{"angle2":180,"type":"hold","duration":0.5,"angle":202.5,"time":64.75},{"angle2":202.5,"type":"hold","duration":0.5,"angle":180,"time":65.25},{"angle2":225,"type":"hold","duration":0.5,"angle":202.5,"time":65.75},{"angle2":247.5,"type":"hold","duration":0.5,"angle":225,"time":66.25},{"angle2":202.5,"type":"hold","duration":0.5,"angle":247.5,"time":66.75},{"time":70.25,"angle":180,"type":"block"},{"time":71.25,"angle":135,"type":"block"},{"time":70.75,"angle":157.5,"type":"block"},{"time":71.75,"angle":112.5,"type":"block"},{"time":72.75,"angle":135,"type":"block"},{"time":73.25,"angle":157.5,"type":"block"},{"time":73.75,"angle":135,"type":"block"},{"time":71.666664123535,"angle":135,"type":"block"},{"time":74.5,"angle":135,"type":"block"},{"time":75,"angle":112.5,"type":"block"},{"time":75.5,"angle":90,"type":"block"},{"time":76,"angle":112.5,"type":"block"},{"time":79,"angle":180,"type":"inverse"},{"time":79.5,"angle":180,"type":"inverse"},{"time":80,"angle":180,"type":"inverse"},{"time":80.5,"angle":135,"type":"inverse"},{"time":81.75,"angle":135,"type":"inverse"},{"time":82.25,"angle":157.5,"type":"inverse"},{"time":82.75,"angle":180,"type":"inverse"},{"time":83.25,"angle":180,"type":"inverse"},{"time":83.75,"angle":157.5,"type":"inverse"},{"time":84.25,"angle":157.5,"type":"inverse"},{"time":84.75,"angle":180,"type":"inverse"},{"angle2":135,"type":"hold","duration":0.5,"angle":157.5,"time":86},{"time":86,"angle":135,"type":"inverse"},{"time":86,"angle":180,"type":"block"},{"time":86.5,"angle":112.5,"type":"block"},{"time":86.5,"angle":157.5,"type":"inverse"},{"angle2":157.5,"type":"hold","duration":0.5,"angle":135,"time":86.5},{"angle2":180,"type":"hold","duration":0.75,"angle":157.5,"time":87},{"angle2":157.5,"type":"hold","duration":0.25,"angle":180,"time":87.75},{"angle2":157.5,"type":"hold","duration":0.25,"angle":157.5,"time":88},{"angle2":517.5,"type":"hold","duration":4.25,"endTap":true,"angle":157.5,"time":88.25},{"endAngle":157.5,"time":92.5,"startTap":true,"duration":1,"angle2":247.5,"type":"hold","endTap":true,"angle":-112.5},{"time":87,"angle":135,"type":"inverse"},{"time":87.75,"angle":202.5,"type":"inverse"},{"time":88,"angle":135,"type":"inverse"},{"time":88.25,"angle":180,"type":"inverse"},{"time":87,"angle":180,"type":"block"},{"time":87.75,"angle":157.5,"type":"block"},{"time":88,"angle":180,"type":"block"},{"time":88.25,"angle":135,"type":"block"},{"time":92.5,"angle":112.5,"type":"extraTap"},{"time":93.5,"angle":135,"type":"extraTap"},{"endAngle":157.5,"tap":true,"type":"block","angle":-202.5,"time":92.5},{"endAngle":517.5,"tap":true,"type":"inverse","angle":-202.5,"time":92.5},{"endAngle":247.5,"tap":true,"type":"inverse","angle":-112.5,"time":93.5},{"endAngle":607.5,"type":"block","angle":-112.5,"time":93.5},{"angle2":270,"type":"hold","duration":0.5,"angle":270,"time":96.5},{"angle2":90,"type":"hold","duration":0.5,"angle":90,"time":96.5},{"angle2":225,"type":"hold","duration":2,"angle":270,"time":97},{"angle2":45,"type":"hold","duration":2,"angle":90,"time":97},{"angle2":247.5,"type":"hold","duration":0.5,"angle":225,"time":99},{"angle2":67.5,"type":"hold","duration":0.5,"angle":45,"time":99},{"angle2":270,"type":"hold","duration":0.5,"angle":247.5,"time":99.5},{"angle2":90,"type":"hold","duration":0.5,"angle":67.5,"time":99.5},{"angle2":292.5,"type":"hold","duration":1,"angle":270,"time":100},{"angle2":112.5,"type":"hold","duration":1,"angle":90,"time":100},{"angle2":472.5,"type":"hold","duration":2.5,"angle":292.5,"time":101},{"angle2":292.5,"type":"hold","duration":2.5,"angle":112.5,"time":101},{"angle2":90,"type":"hold","duration":0.5,"angle":112.5,"time":103.5},{"angle2":270,"type":"hold","duration":0.5,"angle":292.5,"time":103.5},{"angle2":90,"type":"hold","duration":1,"angle":90,"time":104},{"angle2":270,"type":"hold","duration":1,"angle":270,"time":104},{"angle2":247.5,"type":"hold","duration":0.25,"angle":270,"time":105},{"angle2":67.5,"type":"hold","duration":0.25,"angle":90,"time":105},{"angle2":225,"type":"hold","duration":0.25,"angle":247.5,"time":105.25},{"angle2":45,"type":"hold","duration":0.25,"angle":67.5,"time":105.25},{"angle2":202.5,"type":"hold","duration":2.5,"angle":225,"time":105.5},{"angle2":22.5,"type":"hold","duration":2.5,"angle":45,"time":105.5},{"angle2":225,"type":"hold","duration":0.5,"angle":202.5,"time":108},{"angle2":45,"type":"hold","duration":0.5,"angle":22.5,"time":108},{"angle2":202.5,"type":"hold","duration":0.5,"angle":225,"time":108.5},{"angle2":22.5,"type":"hold","duration":0.5,"angle":45,"time":108.5},{"angle2":45,"type":"hold","duration":1,"angle":22.5,"time":109},{"angle2":225,"type":"hold","duration":1,"angle":202.5,"time":109},{"angle2":202.5,"type":"hold","duration":0.5,"angle":225,"time":110},{"angle2":22.5,"type":"hold","duration":0.5,"angle":45,"time":110},{"angle2":225,"type":"hold","duration":1,"angle":202.5,"time":110.5},{"angle2":45,"type":"hold","duration":1,"angle":22.5,"time":110.5},{"angle2":22.5,"type":"hold","duration":0.5,"angle":45,"time":111.5},{"angle2":202.5,"type":"hold","duration":0.5,"angle":225,"time":111.5},{"angle2":180,"type":"hold","duration":1.5,"angle":202.5,"time":112},{"angle2":0,"type":"hold","duration":1.5,"angle":22.5,"time":112},{"angle2":157.5,"type":"hold","duration":0.5,"angle":180,"time":113.5},{"angle2":337.5,"type":"hold","duration":0.5,"angle":360,"time":113.5},{"angle2":180,"type":"hold","duration":0.5,"angle":157.5,"time":114},{"angle2":360,"type":"hold","duration":0.5,"angle":337.5,"time":114},{"angle2":-22.5,"type":"hold","duration":2,"angle":180,"time":114.5},{"angle2":157.5,"type":"hold","duration":2,"angle":360,"time":114.5},{"angle2":360,"type":"hold","duration":0.5,"angle":337.5,"time":116.5},{"angle2":180,"type":"hold","duration":0.5,"angle":157.5,"time":116.5},{"angle2":180,"type":"hold","duration":1,"angle":180,"time":117},{"angle2":360,"type":"hold","duration":1,"angle":360,"time":117},{"angle2":157.5,"type":"hold","duration":0.5,"angle":180,"time":118},{"angle2":157.5,"type":"hold","duration":1.5,"angle":157.5,"time":118.5},{"angle2":337.5,"type":"hold","duration":0.5,"angle":360,"time":118},{"angle2":337.5,"type":"hold","duration":1.5,"angle":337.5,"time":118.5},{"angle2":135,"type":"hold","duration":0.5,"angle":157.5,"time":120},{"angle2":315,"type":"hold","duration":0.5,"angle":337.5,"time":120},{"angle2":112.5,"type":"hold","duration":0.5,"angle":135,"time":120.5},{"angle2":292.5,"type":"hold","duration":0.5,"angle":315,"time":120.5},{"angle2":270,"type":"hold","duration":0.5,"angle":292.5,"time":121},{"angle2":90,"type":"hold","duration":0.5,"angle":112.5,"time":121},{"angle2":67.5,"type":"hold","duration":0.5,"angle":90,"time":121.5},{"angle2":247.5,"type":"hold","duration":0.5,"angle":270,"time":121.5},{"angle2":45,"type":"hold","duration":0.5,"angle":67.5,"time":122},{"angle2":225,"type":"hold","duration":0.5,"angle":247.5,"time":122},{"angle2":67.5,"type":"hold","duration":0.5,"angle":45,"time":122.5},{"angle2":247.5,"type":"hold","duration":0.5,"angle":225,"time":122.5},{"angle2":-180,"type":"hold","duration":3,"angle":67.5,"time":123},{"angle2":0,"type":"hold","duration":3,"angle":247.5,"time":123},{"angle2":180,"type":"hold","duration":0.5,"angle":180,"time":126},{"angle2":360,"type":"hold","duration":0.5,"angle":360,"time":126},{"angle2":540,"type":"hold","duration":3,"angle":360,"time":126.5},{"angle2":360,"type":"hold","duration":3,"angle":180,"time":126.5},{"angle2":360,"type":"hold","duration":0.5,"angle":360,"time":129.5},{"angle2":180,"type":"hold","duration":0.5,"angle":180,"time":129.5},{"time":132,"angle":225,"type":"block"},{"time":131.5,"angle":45,"type":"block"},{"time":134,"angle":135,"type":"block"},{"time":134.5,"angle":315,"type":"block"},{"time":135,"angle":90,"type":"block"},{"time":136,"angle":315,"type":"block"},{"angle2":0,"type":"mineHold","duration":35,"angle":0,"time":131.5},{"angle2":180,"type":"mineHold","duration":35,"angle":180,"time":131.5},{"time":134.5,"angle":90,"type":"extraTap"},{"time":138.5,"angle":112.5,"type":"block"},{"time":139,"angle":247.5,"type":"block"},{"time":140,"angle":67.5,"type":"block"},{"time":140.25,"angle":270,"type":"block"},{"time":140.5,"angle":112.5,"type":"block"},{"time":143,"angle":112.5,"type":"block"},{"time":143.5,"angle":247.5,"type":"block"},{"time":144,"angle":112.5,"type":"block"},{"time":145,"angle":247.5,"type":"block"},{"time":145.5,"angle":112.5,"type":"block"},{"time":146.5,"angle":247.5,"type":"block"},{"time":147,"angle":112.5,"type":"block"},{"time":148,"angle":247.5,"type":"block"},{"time":148.5,"angle":112.5,"type":"block"},{"time":139,"angle":270,"type":"extraTap"},{"time":148,"angle":225,"type":"extraTap"},{"time":143.5,"angle":225,"type":"extraTap"},{"time":149,"angle":90,"type":"block"},{"time":149.5,"angle":270,"type":"block"},{"time":151.75,"angle":22.5,"type":"block"},{"time":152.25,"angle":202.5,"type":"block"},{"time":154,"angle":112.5,"type":"block"},{"time":153.5,"angle":292.5,"type":"block"},{"time":155,"angle":225,"type":"block"},{"time":155.5,"angle":45,"type":"block"},{"time":156,"angle":247.5,"type":"block"},{"time":156.5,"angle":112.5,"type":"block"},{"time":156.5,"angle":90,"type":"extraTap"},{"time":165.5,"angle":112.5,"type":"extraTap"},{"time":161,"angle":112.5,"type":"extraTap"},{"time":152.5,"angle":90,"type":"extraTap"},{"time":161,"angle":67.5,"type":"block"},{"time":157.5,"angle":315,"type":"block"},{"time":158,"angle":67.5,"type":"block"},{"time":161.5,"angle":315,"type":"block"},{"time":164,"angle":112.5,"type":"block"},{"time":164.5,"angle":202.5,"type":"block"},{"time":167,"angle":135,"type":"block"},{"time":167.5,"angle":135,"type":"block"},{"time":168,"angle":135,"type":"block"},{"time":168.5,"angle":112.5,"type":"block"},{"time":169,"angle":90,"type":"block"},{"time":169.5,"angle":90,"type":"block"},{"time":170,"angle":112.5,"type":"block"},{"time":170.5,"angle":135,"type":"block"},{"time":171,"angle":157.5,"type":"block"},{"time":171.5,"angle":135,"type":"block"},{"time":172.5,"angle":157.5,"type":"block"},{"time":175.5,"angle":157.5,"type":"block"},{"time":176,"angle":157.5,"type":"block"},{"time":176.5,"angle":157.5,"type":"block"},{"time":177,"angle":135,"type":"block"},{"time":177.5,"angle":112.5,"type":"block"},{"time":178,"angle":112.5,"type":"block"},{"time":178.5,"angle":90,"type":"block"},{"time":179,"angle":112.5,"type":"block"},{"time":179.5,"angle":90,"type":"block"},{"time":180,"angle":67.5,"type":"block"},{"time":181,"angle":67.5,"type":"block"},{"time":183.25,"angle":90,"type":"block"},{"time":183.5,"angle":112.5,"type":"block"},{"time":183.75,"angle":135,"type":"block"},{"time":184.25,"angle":135,"type":"block"},{"time":184.75,"angle":135,"type":"block"},{"time":185.25,"angle":135,"type":"block"},{"time":185.75,"angle":112.5,"type":"block"},{"time":186.25,"angle":90,"type":"block"},{"time":186.75,"angle":90,"type":"block"},{"time":187.25,"angle":112.5,"type":"block"},{"time":187.75,"angle":135,"type":"block"},{"time":188.25,"angle":157.5,"type":"block"},{"time":188.75,"angle":112.5,"type":"block"},{"time":189.75,"angle":157.5,"type":"block"},{"time":192.75,"angle":225,"type":"block"},{"time":193.25,"angle":225,"type":"block"},{"time":193.75,"angle":225,"type":"block"},{"time":194.25,"angle":247.5,"type":"block"},{"time":194.75,"angle":225,"type":"block"},{"time":195.25,"angle":225,"type":"block"},{"time":195.75,"angle":202.5,"type":"block"},{"time":196.25,"angle":180,"type":"block"},{"time":196.75,"angle":157.5,"type":"block"},{"time":197.25,"angle":202.5,"type":"block"},{"time":197.75,"angle":180,"type":"block"},{"time":198.25,"angle":180,"type":"block"},{"time":198.75,"angle":157.5,"type":"block"},{"time":184.25,"angle":112.5,"type":"extraTap"},{"angle2":382.5,"type":"hold","time":201.5,"angle":180,"duration":1.75},{"time":201.5,"angle":157.5,"type":"extraTap"},{"angle2":0,"type":"hold","duration":0.25,"angle":22.5,"time":203.25},{"angle2":382.5,"type":"hold","duration":0.25,"angle":360,"time":203.5},{"holdEase":"inBack","angle2":-90,"type":"hold","time":203.75,"angle":22.5,"duration":0.75},{"angle2":247.5,"type":"hold","time":204.5,"angle":270,"duration":1},{"angle2":225,"type":"hold","duration":0.75,"angle":247.5,"time":205.5},{"angle2":247.5,"type":"hold","time":206.25,"angle":225,"duration":0.5},{"angle2":270,"type":"hold","duration":0.25,"angle":247.5,"time":206.75},{"angle2":540,"type":"hold","time":207,"angle":270,"duration":2.75},{"angle2":225,"type":"hold","time":209.75,"angle":180,"duration":0.25},{"angle2":270,"type":"hold","duration":0.25,"angle":225,"time":210},{"angle2":180,"type":"hold","duration":1.5,"angle":270,"time":210.25},{"angle2":135,"type":"hold","duration":0.25,"angle":180,"time":211.75},{"angle2":180,"type":"hold","time":212,"angle":135,"duration":0.25},{"angle2":112.5,"type":"hold","time":212.25,"angle":180,"duration":1},{"angle2":45,"type":"hold","duration":0.75,"angle":112.5,"time":213.25},{"angle2":45,"type":"hold","duration":0.5,"angle":45,"time":214},{"angle2":45,"type":"hold","time":214.5,"angle":45,"duration":2},{"angle2":22.5,"type":"hold","time":214.5,"angle":22.5,"duration":2},{"angle2":0,"type":"hold","duration":2,"angle":0,"time":214.5},{"angle2":337.5,"type":"hold","duration":2,"angle":337.5,"time":214.5},{"angle2":315,"type":"hold","duration":2,"angle":315,"time":214.5},{"angle2":292.5,"type":"hold","duration":2,"angle":292.5,"time":214.5},{"angle2":270,"type":"hold","duration":2,"angle":270,"time":214.5},{"angle2":247.5,"type":"hold","time":214.5,"angle":247.5,"duration":2},{"angle2":225,"type":"hold","time":214.5,"angle":225,"duration":2},{"angle2":202.5,"type":"hold","duration":2,"angle":202.5,"time":214.5},{"angle2":180,"type":"hold","time":214.5,"angle":180,"duration":2},{"angle2":157.5,"type":"hold","time":214.5,"angle":157.5,"duration":2},{"angle2":135,"type":"hold","duration":2,"angle":135,"time":214.5},{"angle2":112.5,"type":"hold","duration":2,"angle":112.5,"time":214.5},{"angle2":90,"type":"hold","time":214.5,"angle":90,"duration":1},{"angle2":67.5,"type":"hold","time":214.5,"angle":67.5,"duration":1},{"angle2":90,"type":"hold","duration":2,"angle":90,"time":214.5},{"angle2":67.5,"type":"hold","time":214.5,"angle":67.5,"duration":2},{"angle2":90,"type":"hold","duration":1,"angle":135,"time":217.5},{"angle2":0,"type":"hold","time":219,"angle":67.5,"duration":1.5},{"angle2":-22.5,"type":"hold","duration":0.25,"angle":0,"time":220.5},{"angle2":315,"type":"hold","duration":0.25,"angle":337.5,"time":220.75},{"angle2":225,"type":"hold","time":221,"angle":315,"duration":1},{"angle2":135,"type":"hold","time":222,"angle":225,"duration":0.75},{"angle2":45,"type":"hold","duration":0.75,"angle":135,"time":222.75},{"angle2":45,"type":"hold","time":223.5,"angle":45,"duration":1.5},{"angle2":67.5,"type":"hold","time":225,"angle":45,"duration":0.25},{"angle2":90,"type":"hold","time":225.25,"angle":67.5,"duration":0.25},{"angle2":180,"type":"hold","duration":0.75,"angle":90,"time":225.5},{"angle2":180,"type":"hold","duration":0.75,"angle":180,"time":226.25},{"angle2":202.5,"type":"hold","duration":1,"angle":180,"time":227},{"angle2":225,"type":"hold","duration":0.75,"angle":202.5,"time":228},{"angle2":225,"type":"hold","duration":0.25,"angle":225,"time":228.75},{"angle2":420,"type":"hold","endTap":true,"duration":3.25,"angle":225,"time":229},{"time":232.75,"angle":22.5,"type":"extraTap"},{"tap":true,"type":"block","angle":112.5,"time":234},{"time":234.5,"angle":90,"type":"extraTap"},{"tap":true,"type":"block","angle":247.5,"time":235.75},{"tap":true,"type":"block","angle":270,"time":236.25},{"tap":true,"type":"block","angle":292.5,"time":236.75},{"time":235.75,"angle":270,"type":"extraTap"},{"time":236.25,"angle":292.5,"type":"extraTap"}]