{"events":[{"offset":0,"volume":1,"type":"play","bpm":172,"file":"1-17 Royal Nemesis (vs. King Dedede) [from Kirby's Dream Land].ogg","angle":270,"time":0},{"r":255,"g":175,"time":-5,"color":1,"b":83,"type":"setColor","duration":5,"angle":283.64291381836},{"color":1,"type":"setBgColor","angle":330.64224243164,"time":-5},{"r":255,"g":255,"type":"setColor","color":1,"b":255,"angle":327.92599487305,"time":-10},{"color":5,"order":0,"type":"outline","enable":true,"angle":270.76388549805,"time":-10},{"r":255,"g":50,"time":-5,"color":2,"b":150,"type":"setColor","duration":5,"angle":267.62112426758},{"type":"ease","var":"p.fillColor","value":2,"angle":267.00378417969,"time":-4.75},{"type":"ease","var":"p.outlineColor","value":3,"angle":250.91227722168,"time":-4.75},{"type":"ease","var":"p.faceColor","value":4,"angle":232.82907104492,"time":-4.75},{"r":255,"g":150,"type":"setColor","color":3,"b":255,"angle":250.61219787598,"time":-5},{"r":0,"g":150,"type":"setColor","color":4,"b":255,"angle":233.87658691406,"time":-5},{"r":0,"g":0,"type":"setColor","color":5,"b":0,"angle":294.3323059082,"time":-5},{"newAngle":-180,"duration":3,"time":93.5,"ease":"linear","enabled":true,"paddle":2,"type":"paddles","angle":270},{"time":235,"angle":270,"type":"showResults"},{"time":1.5,"order":1,"type":"ease","value":5,"angle":337.5,"var":"vfx.noteYScale"},{"var":"vfx.noteYScale","type":"ease","order":2,"time":1.5,"value":1,"angle":315,"duration":0.75},{"var":"vfx.noteXScale","order":3,"type":"ease","value":0.5,"angle":22.5,"time":1.5},{"var":"vfx.noteXScale","type":"ease","order":4,"time":1.5,"value":1,"angle":360,"duration":0.75},{"time":1.5,"type":"ease","var":"scrollSpeed","value":2.5,"angle":45,"duration":1.25},{"time":2.75,"type":"ease","duration":1,"value":1,"angle":247.5,"var":"scrollSpeed"},{"ease":"linear","time":166.5,"type":"paddles","newAngle":0,"paddle":2,"angle":180,"duration":0.5},{"ease":"linear","duration":0,"type":"paddles","paddle":2,"enabled":false,"angle":180,"time":167},{"duration":2.75,"type":"ease","var":"scrollSpeed","value":1,"angle":90,"time":72},{"type":"ease","var":"scrollSpeed","value":2.5,"angle":202.5,"time":92.5},{"type":"ease","var":"scrollSpeed","value":5,"angle":292.5,"time":93.5},{"time":96.5,"type":"ease","duration":35,"value":1,"angle":292.5,"var":"scrollSpeed"},{"ease":"outBack","time":214,"type":"paddles","newWidth":355,"paddle":1,"angle":22.5,"duration":1},{"ease":"outBack","duration":1,"type":"paddles","newWidth":70,"paddle":1,"angle":45,"time":216.5},{"var":"scrollSpeed","type":"ease","time":219,"value":2.5,"angle":90,"duration":3},{"time":71.5,"type":"ease","duration":1.5,"value":0.24999998509884,"angle":67.5,"var":"scrollSpeed"}],"properties":{"speed":100,"offset":8,"formatversion":12,"startBeat":0},"metadata":{"artist":"Hirokazu Ando","bg":true,"bgData":{"cyanChannel":{"r":0,"b":255,"g":255},"magentaChannel":{"r":0,"b":255,"g":50},"redChannel":{"r":240,"b":43,"g":56},"blueChannel":{"r":0,"b":255,"g":100},"greenChannel":{"r":181,"b":82,"g":21},"yellowChannel":{"r":226,"b":10,"g":202},"image":"gaydede.png"},"charter":"Tri The Kitten","description":"Oh no! King Dedede got possessed for the 218974591425619th time!\nBeat the shit out of him and make him normal again!\n\nMechanics included: two mine segments, one easy, the other the hardest part of the level, one short sides segment, Inverses","songName":"King Dedede (SA)","artistLink":"","difficulty":0}}