{"events":[{"time":-1,"volume":1,"angle":270,"offset":0.10000000149012,"bpm":185,"type":"play","file":"I-can_t-sing-a-love-song.ogg"},{"time":-3,"b":0,"type":"setColor","angle":202.5,"r":0,"color":0,"g":0},{"time":-3,"g":86,"color":1,"r":210,"angle":225,"type":"setColor","b":78},{"var":"vfx.canvPos.sx","time":-3,"angle":270,"type":"ease","value":1.5},{"var":"vfx.canvPos.sy","time":-3,"angle":247.5,"type":"ease","value":1.5},{"var":"vfx.canvPos.x","time":-3,"angle":292.5,"type":"ease","value":100},{"var":"vfx.canvPos.y","time":-3,"angle":315,"type":"ease","value":180},{"time":16,"angle":135,"type":"bookmark","g":0,"name":"Section","description":"","r":255,"b":0},{"var":"vfx.canvPos.y","time":15,"ease":"inOutSine","duration":1,"angle":225,"type":"ease","value":180},{"var":"vfx.canvPos.x","time":15,"ease":"inOutSine","duration":1,"angle":135,"type":"ease","value":300},{"newAngle":180,"time":27,"angle":247.5,"type":"paddles","paddle":2,"enabled":true,"ease":"inOutSine","duration":0.5},{"time":30.5,"g":0,"color":0,"r":0,"angle":247.5,"type":"setColor","b":0},{"time":30.5,"g":0,"color":1,"r":0,"angle":225,"type":"setColor","b":0},{"time":31.5,"g":88,"color":2,"r":199,"angle":180,"type":"setColor","b":78},{"time":31,"enabled":false,"ease":"linear","duration":0,"paddle":2,"type":"paddles","angle":180},{"newAngle":-180,"time":56.25,"newWidth":160,"paddle":2,"type":"paddles","order":1,"angle":225,"ease":"inOutSine","duration":0.5},{"newAngle":0,"time":56.25,"paddle":2,"type":"paddles","angle":247.5,"order":0,"enabled":true,"ease":"linear","duration":0},{"var":"vfx.canvPos.sx","time":31.5,"ease":"inOutSine","duration":0.5,"angle":157.5,"type":"ease","value":1},{"var":"vfx.canvPos.sy","time":31.5,"ease":"inOutSine","duration":0.5,"angle":135,"type":"ease","value":1},{"time":64,"g":183,"color":0,"r":238,"angle":247.5,"type":"setColor","b":197},{"time":64,"g":98,"color":1,"r":218,"angle":202.5,"type":"setColor","b":129},{"newAngle":0,"time":63.5,"newWidth":70,"angle":180,"type":"paddles","paddle":2,"ease":"inOutSine","duration":0.5},{"time":64,"enabled":false,"ease":"linear","duration":0,"paddle":2,"type":"paddles","angle":180},{"var":"vfx.canvPos.sy","time":57,"ease":"inOutSine","duration":0.25,"angle":210,"type":"ease","value":1.1000000238419},{"var":"vfx.canvPos.sx","time":57,"ease":"inOutSine","duration":0.25,"angle":195,"type":"ease","value":1.1000000238419},{"var":"vfx.canvPos.sy","time":58,"ease":"inOutSine","duration":0.25,"angle":150,"type":"ease","value":1.2000000476837},{"var":"vfx.canvPos.sx","time":58,"ease":"inOutSine","duration":0.25,"angle":135,"type":"ease","value":1.2000000476837},{"var":"vfx.canvPos.sy","time":59,"ease":"inOutSine","duration":0.25,"angle":210,"type":"ease","value":1.2999999523163},{"var":"vfx.canvPos.sx","time":59,"ease":"inOutSine","duration":0.25,"angle":225,"type":"ease","value":1.2999999523163},{"var":"vfx.canvPos.sy","time":64,"ease":"inOutSine","duration":0.5,"angle":165,"type":"ease","value":1},{"var":"vfx.canvPos.sx","time":64,"ease":"inOutSine","duration":0.5,"angle":150,"type":"ease","value":1},{"var":"vfx.canvPos.r","time":1.5,"ease":"inOutQuad","duration":0.5,"angle":135,"type":"ease","value":-5},{"var":"vfx.canvPos.sy","time":1.5,"ease":"inOutQuad","duration":0.5,"angle":157.5,"type":"ease","value":2},{"var":"vfx.canvPos.sx","time":1.5,"ease":"inOutQuad","duration":0.5,"angle":180,"type":"ease","value":2},{"var":"vfx.canvPos.r","time":4,"ease":"inOutQuad","duration":0.5,"angle":135,"type":"ease","value":0},{"var":"vfx.canvPos.sy","time":4,"ease":"inOutQuad","duration":0.5,"angle":157.5,"type":"ease","value":1.5},{"var":"vfx.canvPos.sx","time":4,"ease":"inOutQuad","duration":0.5,"angle":180,"type":"ease","value":1.5},{"var":"vfx.canvPos.r","time":5.5,"ease":"inOutSine","duration":0.5,"angle":135,"type":"ease","value":-5},{"var":"vfx.canvPos.sy","time":5.5,"ease":"inOutQuad","duration":0.5,"angle":157.5,"type":"ease","value":2},{"var":"vfx.canvPos.sx","time":5.5,"ease":"inOutSine","duration":0.5,"angle":180,"type":"ease","value":2},{"var":"vfx.canvPos.r","time":8,"ease":"inOutSine","duration":0.5,"angle":247.5,"type":"ease","value":0},{"var":"vfx.canvPos.sy","time":8,"ease":"inOutQuad","duration":0.5,"angle":270,"type":"ease","value":1.5},{"var":"vfx.canvPos.sx","time":8,"ease":"inOutQuad","duration":0.5,"angle":292.5,"type":"ease","value":1.5},{"var":"vfx.canvPos.sy","time":9.5,"ease":"inOutQuad","duration":0.5,"angle":270,"type":"ease","value":2},{"var":"vfx.canvPos.r","time":9.5,"ease":"inOutQuad","duration":0.5,"angle":247.5,"type":"ease","value":5},{"var":"vfx.canvPos.sx","time":9.5,"ease":"inOutQuad","duration":0.5,"angle":292.5,"type":"ease","value":2},{"var":"vfx.canvPos.r","time":12,"ease":"inOutQuad","duration":0.5,"angle":247.5,"type":"ease","value":0},{"var":"vfx.canvPos.sy","time":12,"ease":"inOutQuad","duration":0.5,"angle":270,"type":"ease","value":1.5},{"var":"vfx.canvPos.sx","time":12,"ease":"inOutQuad","duration":0.5,"angle":292.5,"type":"ease","value":1.5},{"var":"vfx.canvPos.sx","time":13.5,"ease":"inOutQuad","duration":0.5,"angle":292.5,"type":"ease","value":2},{"var":"vfx.canvPos.sy","time":13.5,"ease":"inOutSine","duration":0.5,"angle":270,"type":"ease","value":2},{"var":"vfx.canvPos.r","time":13.5,"ease":"inOutQuad","duration":0.5,"angle":247.5,"type":"ease","value":-5},{"var":"vfx.canvPos.sx","time":15,"ease":"inOutQuad","duration":1,"angle":247.5,"type":"ease","value":1},{"var":"vfx.canvPos.sy","time":15,"ease":"inOutQuad","duration":1,"angle":270,"type":"ease","value":1},{"var":"vfx.canvPos.r","time":15,"ease":"inOutSine","duration":1,"angle":292.5,"type":"ease","value":0},{"time":31.5,"enable":true,"angle":225,"type":"hom"},{"time":31.5,"chance":0.20000000298023,"angle":247.5,"type":"noise","color":0},{"time":64,"enable":false,"angle":135,"type":"hom"},{"y":150,"time":27.5,"id":"bar1","angle":247.5,"type":"deco","recolor":6,"sprite":"bar.png","x":0},{"y":-150,"time":27.5,"id":"bar2","angle":202.5,"type":"deco","recolor":6,"sprite":"bar.png","ease":"outSine","duration":4,"x":0},{"y":180,"time":31.5,"id":"bar1","angle":112.5,"type":"deco"},{"y":-180,"time":31.5,"id":"bar2","angle":90,"type":"deco"},{"time":64,"id":"bar1","hide":true,"angle":112.5,"type":"deco"},{"time":64,"id":"bar2","hide":true,"angle":90,"type":"deco"},{"time":96,"angle":225,"type":"bookmark","g":0,"name":"Section","description":"","r":255,"b":0},{"var":"vfx.drawUI","time":27.5,"enable":false,"angle":135,"type":"setBoolean"},{"var":"vfx.drawUI","time":31.5,"enable":true,"angle":270,"type":"setBoolean"},{"y":25,"time":1.5,"id":"stripes","angle":202.5,"type":"deco","recolor":1,"sprite":"stripes!stripes","drawLayer":"bg","r":-5,"x":0},{"time":4,"id":"stripes","hide":true,"angle":202.5,"type":"deco"},{"time":5.5,"id":"stripes","hide":false,"angle":202.5,"type":"deco"},{"y":-25,"time":9.5,"id":"stripes","hide":false,"r":5,"type":"deco","angle":315},{"time":8,"id":"stripes","hide":true,"angle":225,"type":"deco"},{"time":12,"id":"stripes","hide":true,"angle":315,"type":"deco"},{"time":13.5,"id":"stripes","hide":false,"angle":315,"type":"deco"},{"time":15,"id":"stripes","hide":true,"angle":315,"type":"deco"},{"time":16,"g":98,"color":1,"r":218,"angle":225,"type":"setColor","b":129},{"time":16,"g":183,"color":2,"r":238,"angle":270,"type":"setColor","b":197},{"y":0,"time":16,"id":"back","angle":247.5,"type":"deco","order":0,"sprite":"back.png","drawLayer":"bg","x":0},{"time":16,"g":183,"color":0,"r":238,"angle":292.5,"type":"setColor","b":197},{"time":30.5,"id":"back","hide":true,"angle":67.5,"type":"deco"},{"time":64,"id":"back","hide":false,"angle":292.5,"type":"deco"},{"time":64,"g":183,"color":2,"r":238,"angle":315,"type":"setColor","b":197},{"time":27.5,"g":0,"color":6,"r":0,"angle":225,"type":"setColor","b":0},{"var":"vfx.canvPos.sx","time":104,"ease":"outQuad","duration":1,"angle":22.5,"type":"ease","value":1.2000000476837},{"var":"vfx.canvPos.sy","time":104,"ease":"outQuad","duration":1,"angle":45,"type":"ease","value":1.2000000476837},{"var":"vfx.canvPos.sy","time":105.5,"ease":"outQuad","duration":1,"angle":225,"type":"ease","value":1.3999999761581},{"var":"vfx.canvPos.sx","time":105.5,"ease":"outQuad","duration":1,"angle":247.5,"type":"ease","value":1.3999999761581},{"var":"vfx.canvPos.sx","time":107,"ease":"outQuad","duration":1,"angle":22.5,"type":"ease","value":1.6000000238419},{"var":"vfx.canvPos.sy","time":107,"ease":"outQuad","duration":1,"angle":45,"type":"ease","value":1.6000000238419},{"var":"vfx.canvPos.sx","time":108.75,"ease":"inOutQuad","duration":2.5,"angle":157.5,"type":"ease","value":1},{"var":"vfx.canvPos.sy","time":108.75,"ease":"inOutQuad","duration":2.5,"angle":135,"type":"ease","value":1},{"y":0,"time":96,"id":"shu","angle":90,"type":"deco","sprite":"shuraba!shu","drawLayer":"bg","x":0},{"y":0,"time":97.5,"id":"ra","angle":135,"type":"deco","sprite":"shuraba!ra","drawLayer":"bg","x":0},{"y":0,"time":99,"id":"ba","angle":90,"type":"deco","sprite":"shuraba!ba","drawLayer":"bg","x":0},{"time":102,"id":"ba","hide":true,"angle":157.5,"type":"deco"},{"time":97.5,"id":"shu","hide":true,"angle":112.5,"type":"deco"},{"time":99,"id":"ra","hide":true,"angle":112.5,"type":"deco"},{"y":0,"time":103.5,"id":"o","angle":315,"type":"deco","sprite":"okinai!o","drawLayer":"bg","x":0},{"y":0,"time":105.5,"id":"ki","angle":135,"type":"deco","sprite":"okinai!ki","drawLayer":"bg","x":0},{"y":0,"time":107,"id":"nai","angle":90,"type":"deco","sprite":"okinai!nai","drawLayer":"bg","x":0},{"time":105.5,"id":"o","hide":true,"angle":112.5,"type":"deco"},{"time":107,"id":"ki","hide":true,"angle":112.5,"type":"deco"},{"time":109.25,"id":"nai","hide":true,"angle":112.5,"type":"deco"},{"var":"vfx.canvPos.sx","time":111.75,"ease":"outQuad","duration":1,"angle":337.5,"type":"ease","value":1.25},{"var":"vfx.canvPos.sy","time":111.75,"ease":"outQuad","duration":1,"angle":315,"type":"ease","value":1.25},{"y":0,"time":111.75,"id":"wa","angle":292.5,"type":"deco","sprite":"watashi!wa","drawLayer":"bg","x":0},{"var":"vfx.canvPos.sy","time":113.25,"ease":"outQuad","duration":1,"angle":315,"type":"ease","value":1.5},{"var":"vfx.canvPos.sx","time":113.25,"ease":"outQuad","duration":1,"angle":292.5,"type":"ease","value":1.5},{"time":113.25,"id":"wa","hide":true,"angle":202.5,"type":"deco"},{"y":0,"time":113.25,"id":"ta","angle":247.5,"type":"deco","sprite":"watashi!ta","drawLayer":"bg","x":0},{"var":"vfx.canvPos.sx","time":114.75,"ease":"outQuad","duration":1,"angle":337.5,"type":"ease","value":1.75},{"var":"vfx.canvPos.sy","time":114.75,"ease":"outQuad","duration":1,"angle":315,"type":"ease","value":1.75},{"time":114.75,"id":"ta","hide":true,"angle":292.5,"type":"deco"},{"y":0,"time":114.75,"id":"shi","angle":270,"type":"deco","sprite":"watashi!shi","drawLayer":"bg","x":0},{"time":31.5,"g":88,"color":1,"r":199,"angle":202.5,"type":"setColor","b":78},{"time":118.75,"id":"shi","hide":true,"angle":337.5,"type":"deco"},{"time":16,"g":166,"color":5,"r":234,"angle":315,"type":"setColor","b":183},{"time":128,"angle":180,"type":"bookmark","g":0,"name":"Section","description":"","r":255,"b":0},{"time":123,"enabled":true,"ease":"linear","duration":0,"paddle":2,"type":"paddles","angle":225},{"newAngle":180,"time":123.5,"ease":"inOutQuad","duration":0.5,"paddle":2,"type":"paddles","angle":225},{"time":131.5,"g":0,"color":0,"r":0,"angle":202.5,"type":"setColor","b":0},{"time":131.5,"id":"back","hide":true,"angle":270,"type":"deco"},{"time":136,"angle":247.5,"type":"bookmark","g":0,"name":"Section","description":"","r":255,"b":0},{"time":136,"drawOrder":0,"id":"back","hide":false,"angle":236.25,"type":"deco"},{"time":131.5,"g":255,"color":6,"r":254,"angle":292,"type":"setColor","b":255},{"time":131.625,"enabled":false,"ease":"linear","duration":0,"paddle":2,"type":"paddles","angle":247.5},{"time":131.5,"g":0,"color":1,"r":0,"angle":180,"type":"setColor","b":0},{"time":30.5,"enable":false,"angle":292.5,"type":"outline","color":0},{"time":131.5,"enable":false,"angle":157.5,"type":"outline","color":0},{"time":132.5,"color":1,"angle":225,"type":"setColor","b":129,"ease":"linear","duration":4,"r":218,"g":98},{"newAngle":180,"time":146,"angle":281.25,"type":"paddles","paddle":2,"enabled":true,"ease":"linear","duration":0},{"newAngle":90,"time":152,"angle":225,"type":"paddles","paddle":2,"enabled":true,"ease":"linear","duration":0},{"newAngle":180,"time":152,"angle":210,"type":"paddles","paddle":3,"enabled":true,"ease":"linear","duration":0},{"newAngle":270,"time":152,"angle":195,"type":"paddles","paddle":4,"enabled":true,"ease":"linear","duration":0},{"newAngle":0,"time":157.25,"ease":"inOutSine","duration":1,"paddle":2,"type":"paddles","angle":270},{"newAngle":0,"time":157.25,"ease":"inOutSine","duration":1,"paddle":3,"type":"paddles","angle":285},{"newAngle":0,"time":157.25,"ease":"inOutSine","duration":1,"paddle":4,"type":"paddles","angle":300},{"time":159,"enabled":false,"ease":"linear","duration":0,"paddle":2,"type":"paddles","angle":315},{"time":159,"enabled":false,"ease":"linear","duration":0,"paddle":3,"type":"paddles","angle":337.5},{"time":159,"enabled":false,"ease":"linear","duration":0,"paddle":4,"type":"paddles","angle":0},{"time":163,"newWidth":30,"paddle":1,"type":"paddles","enabled":true,"angle":337.5,"ease":"inOutSine","duration":0.5},{"time":164,"newWidth":70,"ease":"inOutSine","duration":0.5,"paddle":1,"type":"paddles","angle":337.5},{"time":143,"newWidth":30,"ease":"inOutSine","duration":0.5,"paddle":1,"type":"paddles","angle":247.5},{"time":144,"newWidth":70,"ease":"inOutSine","duration":0.5,"paddle":1,"type":"paddles","angle":247.5},{"time":158.75,"newWidth":30,"ease":"inOutSine","duration":0.5,"paddle":1,"type":"paddles","angle":150},{"time":159.75,"newWidth":70,"ease":"inOutSine","duration":0.5,"paddle":1,"type":"paddles","angle":165},{"newAngle":180,"time":184,"angle":112.5,"type":"paddles","paddle":2,"enabled":true,"ease":"linear","duration":0},{"time":207.5,"newWidth":180,"ease":"linear","duration":0.5,"paddle":1,"type":"paddles","angle":22.5},{"time":207.5,"newWidth":180,"ease":"linear","duration":0.5,"paddle":2,"type":"paddles","angle":45},{"time":212,"enabled":false,"ease":"linear","duration":0,"paddle":1,"type":"paddles","angle":112.5},{"time":212,"enabled":false,"ease":"linear","duration":0,"paddle":2,"type":"paddles","angle":135},{"time":214,"g":0,"color":0,"r":0,"angle":360,"type":"setColor","b":0},{"var":"vfx.drawUI","time":132.5,"enable":false,"angle":202.5,"type":"setBoolean"},{"var":"vfx.drawUI","time":136,"enable":true,"angle":45,"type":"setBoolean"},{"time":214.5,"g":0,"color":1,"r":0,"angle":22.5,"type":"setColor","b":0},{"time":214.5,"newWidth":360,"paddle":1,"type":"paddles","enabled":true,"angle":360,"ease":"linear","duration":0},{"time":216,"g":86,"color":1,"r":210,"angle":281.25,"type":"setColor","b":78},{"var":"vfx.canvPos.x","time":216,"angle":303.75,"type":"ease","value":100},{"var":"vfx.canvPos.sx","time":216,"angle":292.5,"type":"ease","value":1.5},{"var":"vfx.canvPos.sy","time":216,"angle":315,"type":"ease","value":1.5},{"var":"vfx.drawUI","time":216,"enable":false,"angle":255,"type":"setBoolean"},{"time":217.5,"g":86,"color":1,"r":210,"angle":255,"type":"setColor","b":78},{"var":"vfx.canvPos.x","time":217.5,"angle":240,"type":"ease","value":500},{"var":"scrollSpeed","time":214,"angle":15,"type":"ease","value":2},{"time":216.25,"g":0,"color":1,"r":0,"angle":270,"type":"setColor","b":0},{"time":217.75,"g":0,"color":1,"r":0,"angle":270,"type":"setColor","b":0},{"time":219,"g":86,"color":1,"r":210,"angle":255,"type":"setColor","b":78},{"var":"vfx.canvPos.x","time":219,"angle":240,"type":"ease","value":300},{"var":"vfx.canvPos.y","time":219,"angle":210,"type":"ease","value":180},{"time":219.25,"g":0,"color":1,"r":0,"angle":270,"type":"setColor","b":0},{"var":"scrollSpeed","time":220.5,"angle":210,"type":"ease","value":1},{"var":"vfx.canvPos.sx","time":192,"ease":"outExpo","duration":1.5,"angle":22.5,"type":"ease","value":1.3999999761581},{"var":"vfx.canvPos.sy","time":192,"ease":"outExpo","duration":1.5,"angle":45,"type":"ease","value":1.3999999761581},{"var":"vfx.canvPos.sx","time":193.5,"ease":"outExpo","duration":1.5,"angle":22.5,"type":"ease","value":1.2000000476837},{"var":"vfx.canvPos.sy","time":193.5,"ease":"outExpo","duration":1.5,"angle":45,"type":"ease","value":1.2000000476837},{"var":"vfx.canvPos.sx","time":195,"ease":"outExpo","duration":1.5,"angle":22.5,"type":"ease","value":1},{"var":"vfx.canvPos.sy","time":195,"ease":"outExpo","duration":1.5,"angle":45,"type":"ease","value":1},{"time":220.5,"g":86,"color":1,"r":210,"angle":285,"type":"setColor","b":78},{"time":223,"g":0,"color":1,"r":0,"angle":285,"type":"setColor","b":0},{"time":224,"g":86,"color":1,"r":210,"angle":255,"type":"setColor","b":78},{"var":"vfx.canvPos.y","time":224,"angle":240,"type":"ease","value":80},{"time":224.25,"g":0,"color":1,"r":0,"angle":270,"type":"setColor","b":0},{"time":225.5,"g":86,"color":1,"r":210,"angle":210,"type":"setColor","b":78},{"time":225.75,"g":0,"color":1,"r":0,"angle":270,"type":"setColor","b":0},{"var":"vfx.canvPos.y","time":225.5,"angle":195,"type":"ease","value":280},{"var":"vfx.canvPos.y","time":227,"angle":240,"type":"ease","value":180},{"time":227,"g":86,"color":1,"r":210,"angle":255,"type":"setColor","b":78},{"var":"scrollSpeed","time":223,"angle":255,"type":"ease","value":2.5},{"time":227.25,"g":0,"color":1,"r":0,"angle":270,"type":"setColor","b":0},{"time":228.5,"g":86,"color":1,"r":210,"angle":255,"type":"setColor","b":78},{"var":"vfx.canvPos.sx","time":229.25,"ease":"outExpo","duration":2,"angle":270,"type":"ease","value":1},{"var":"vfx.canvPos.sy","time":229.25,"ease":"outExpo","duration":2,"angle":255,"type":"ease","value":1},{"time":229.25,"newWidth":70,"ease":"outExpo","duration":2,"paddle":1,"type":"paddles","angle":240},{"var":"scrollSpeed","time":229.25,"angle":225,"type":"ease","value":1},{"var":"vfx.drawUI","time":232,"enable":true,"angle":337.5,"type":"setBoolean"},{"var":"vfx.drawUI","time":-3,"enable":false,"angle":180,"type":"setBoolean"},{"var":"vfx.drawUI","time":16,"enable":true,"angle":22.5,"type":"setBoolean"},{"y":145,"time":16,"id":"bocchi","angle":112.5,"type":"deco","order":1,"sprite":"bocchi.png","drawLayer":"bg","sx":1.5,"sy":1.5,"x":248},{"time":15.5,"g":217,"color":4,"r":241,"angle":157.5,"type":"setColor","b":83},{"time":15.5,"g":198,"color":3,"r":108,"angle":180,"type":"setColor","b":228},{"time":30.5,"id":"bocchi","hide":true,"angle":202.5,"type":"deco"},{"time":27.5,"color":2,"angle":112.5,"type":"setColor","b":99,"ease":"linear","duration":4,"r":141,"g":84},{"time":64,"id":"bocchi","hide":false,"angle":67.5,"type":"deco"},{"time":131.5,"id":"bocchi","hide":true,"angle":135,"type":"deco"},{"time":136,"drawOrder":2,"id":"bocchi","hide":false,"angle":67.5,"type":"deco","drawLayer":"bg","outline":true},{"time":212,"id":"back","hide":true,"angle":67.5,"type":"deco"},{"time":214.5,"g":0,"color":0,"r":0,"angle":337.5,"type":"setColor","b":0},{"time":214.5,"id":"bocchi","hide":true,"angle":45,"type":"deco"},{"time":228.5,"chance":0.20000000298023,"angle":210,"type":"noise","color":0},{"time":228.5,"enable":true,"angle":240,"type":"hom"},{"y":80,"time":136,"drawOrder":1,"id":"heart","angle":90,"type":"deco","drawLayer":"bg","sprite":"heart!heart","outline":true,"x":197},{"time":136,"g":98,"color":6,"r":218,"angle":105,"type":"setColor","b":129},{"time":136,"enable":true,"angle":120,"type":"outline","color":7},{"time":136,"g":255,"color":7,"r":255,"angle":135,"type":"setColor","b":255},{"time":214.5,"id":"heart","hide":true,"angle":75,"type":"deco"},{"time":136,"g":183,"color":0,"r":238,"angle":225,"type":"setColor","b":197},{"time":248,"g":183,"color":0,"r":238,"angle":337.5,"type":"setColor","b":197},{"time":245,"angle":315,"color":1,"type":"setColor","b":129,"duration":3,"r":218,"g":98},{"time":248,"g":183,"color":2,"r":238,"angle":292.5,"type":"setColor","b":197},{"time":248,"g":198,"color":3,"r":108,"angle":270,"type":"setColor","b":228},{"time":248,"g":217,"color":4,"r":241,"angle":247.5,"type":"setColor","b":83},{"time":248,"g":166,"color":5,"r":234,"angle":225,"type":"setColor","b":183},{"time":248,"id":"back","hide":false,"angle":22.5,"type":"deco"},{"time":248,"id":"bocchi","hide":false,"angle":45,"type":"deco"},{"newAngle":180,"time":263.5,"newWidth":70,"angle":315,"type":"paddles","paddle":2,"enabled":true,"ease":"linear","duration":0.5},{"time":248,"enable":false,"angle":202.5,"type":"outline","color":0},{"newAngle":0,"time":263,"newWidth":70,"angle":292.5,"type":"paddles","paddle":2,"enabled":false,"ease":"linear","duration":0},{"var":"vfx.canvPos.sx","time":276.5,"ease":"outExpo","duration":0.5,"angle":45,"type":"ease","value":0.94999998807907},{"var":"vfx.canvPos.sy","time":276.5,"ease":"outExpo","duration":0.5,"angle":67.5,"type":"ease","value":0.94999998807907},{"var":"vfx.canvPos.sy","time":277,"ease":"outExpo","duration":0.5,"angle":22.5,"type":"ease","value":0.89999997615814},{"var":"vfx.canvPos.sx","time":277,"ease":"outExpo","duration":0.5,"angle":360,"type":"ease","value":0.89999997615814},{"var":"vfx.canvPos.sy","time":277.5,"ease":"outExpo","duration":0.5,"angle":360,"type":"ease","value":0.85000002384186},{"var":"vfx.canvPos.sx","time":277.5,"ease":"outExpo","duration":0.5,"angle":337.5,"type":"ease","value":0.85000002384186},{"var":"vfx.canvPos.sy","time":278,"ease":"outExpo","duration":0.5,"angle":0,"type":"ease","value":0.80000001192093},{"var":"vfx.canvPos.sx","time":278,"ease":"outExpo","duration":0.5,"angle":337.5,"type":"ease","value":0.80000001192093},{"var":"vfx.canvPos.sy","time":278.5,"ease":"outExpo","duration":0.5,"angle":337.5,"type":"ease","value":0.75},{"var":"vfx.canvPos.sx","time":278.5,"ease":"outExpo","duration":0.5,"angle":315,"type":"ease","value":0.75},{"var":"vfx.canvPos.sx","time":279,"ease":"outExpo","duration":0.5,"angle":337.5,"type":"ease","value":0.69999998807907},{"var":"vfx.canvPos.sy","time":279,"ease":"outExpo","duration":0.5,"angle":315,"type":"ease","value":0.69999998807907},{"time":280,"angle":202.5,"type":"ease","value":1.5,"order":0,"var":"vfx.canvPos.sy","ease":"outExpo","duration":1.5},{"time":280,"angle":225,"type":"ease","value":1.5,"order":0,"var":"vfx.canvPos.sx","ease":"outExpo","duration":1.5},{"time":280,"id":"back","hide":true,"angle":337.5,"type":"deco"},{"time":280,"id":"bocchi","hide":true,"angle":315,"type":"deco"},{"time":280,"g":0,"color":0,"r":0,"angle":292.5,"type":"setColor","b":0},{"time":280,"chance":0.89999997615814,"angle":270,"type":"noise","color":1},{"time":280,"angle":247.5,"color":0,"type":"setBgColor"},{"time":280,"g":0,"color":7,"r":0,"angle":180,"type":"setColor","b":0},{"time":279.5,"enable":false,"angle":337.5,"type":"hom"},{"newAngle":0,"time":280,"ease":"outExpo","duration":1,"paddle":2,"type":"paddles","angle":157.5},{"time":280.5,"enabled":false,"ease":"linear","duration":0,"paddle":2,"type":"paddles","angle":22.5},{"var":"scrollSpeed","time":280,"angle":22.5,"type":"ease","value":0.60000002384186},{"var":"vfx.drawUI","time":280,"enable":false,"angle":67.5,"type":"setBoolean"},{"time":294,"chance":0,"angle":360,"type":"noise","color":0},{"var":"vfx.drawUI","time":296,"enable":true,"angle":90,"type":"setBoolean"},{"y":85,"time":296,"id":"heart3","angle":45,"type":"deco","sprite":"heart3.png","drawLayer":"bg","x":199},{"time":296,"enable":true,"angle":67.5,"type":"outline","color":0},{"newAngle":-90,"time":305.5,"angle":225,"type":"paddles","paddle":2,"enabled":true,"ease":"inOutSine","duration":1},{"newAngle":0,"time":310,"ease":"outSine","duration":1,"paddle":2,"type":"paddles","angle":135},{"var":"vfx.canvPos.sx","time":294,"ease":"outExpo","duration":1,"angle":22.5,"type":"ease","value":1},{"var":"vfx.canvPos.sy","time":294,"ease":"outExpo","duration":1,"angle":45,"type":"ease","value":1},{"var":"scrollSpeed","time":310,"ease":"linear","duration":2,"angle":90,"type":"ease","value":1},{"time":312,"outline":false,"id":"bocchi","hide":false,"angle":315,"type":"deco"},{"time":312,"id":"back","hide":false,"angle":292.5,"type":"deco"},{"time":312,"id":"heart3","hide":true,"angle":270,"type":"deco"},{"time":312,"g":183,"color":0,"r":238,"angle":247.5,"type":"setColor","b":197},{"time":312,"enable":false,"angle":337.5,"type":"outline","color":0},{"time":96,"tag":"zoom words","angle":22.5,"type":"tag","angleOffset":false},{"time":344,"tag":"zoom words","angle":225,"type":"tag","angleOffset":false},{"time":97.5,"tag":"zoom words 2","angle":-135,"type":"tag","angleOffset":false},{"time":99,"tag":"zoom words 3","angle":45,"type":"tag","angleOffset":false},{"time":345.5,"tag":"zoom words 2","angle":112.5,"type":"tag","angleOffset":false},{"time":347,"tag":"zoom words 3","angle":292.5,"type":"tag","angleOffset":false},{"time":102,"tag":"unzoom","angle":-157.5,"type":"tag","angleOffset":false},{"time":350,"tag":"unzoom","angle":67.5,"type":"tag","angleOffset":false},{"time":352,"tag":"zoom words","angleOffset":false,"type":"tag","angle":247.5},{"time":353.5,"tag":"zoom words 2","angleOffset":false,"type":"tag","angle":67.5},{"time":355,"tag":"zoom words 3","angleOffset":false,"type":"tag","angle":292.5},{"var":"vfx.canvPos.sx","time":356.75,"ease":"outQuad","duration":2.5,"angle":67.5,"type":"ease","value":1},{"var":"vfx.canvPos.sy","time":356.75,"ease":"outQuad","duration":2.5,"angle":45,"type":"ease","value":1},{"time":263.5,"newWidth":50,"ease":"linear","duration":0.25,"paddle":1,"type":"paddles","angle":337.5},{"time":280,"newWidth":70,"ease":"linear","duration":0.25,"paddle":1,"type":"paddles","angle":45},{"var":"vfx.canvPos.sx","time":360,"ease":"outQuad","duration":1,"angle":247.5,"type":"ease","value":1.25},{"var":"vfx.canvPos.sy","time":360,"ease":"outQuad","duration":1,"angle":225,"type":"ease","value":1.25},{"var":"vfx.canvPos.sx","time":361.5,"ease":"outQuad","duration":1,"angle":202.5,"type":"ease","value":1.5},{"var":"vfx.canvPos.sy","time":361.5,"ease":"outQuad","duration":1,"angle":225,"type":"ease","value":1.5},{"var":"vfx.canvPos.sy","time":363,"ease":"outQuad","duration":1,"angle":337.5,"type":"ease","value":1.75},{"var":"vfx.canvPos.sx","time":363,"ease":"outQuad","duration":1,"angle":315,"type":"ease","value":1.75},{"time":116.75,"tag":"unzoom 2","angle":0,"type":"tag","angleOffset":false},{"time":364.75,"tag":"unzoom 2","angle":202.5,"type":"tag","angleOffset":false},{"newAngle":180,"time":371.5,"angle":135,"type":"paddles","paddle":2,"enabled":true,"ease":"outSine","duration":0.5},{"time":379.5,"id":"back","hide":true,"angle":337.5,"type":"deco"},{"time":379.5,"id":"bocchi","hide":true,"angle":360,"type":"deco"},{"time":379.5,"g":0,"color":0,"r":0,"angle":22.5,"type":"setColor","b":0},{"time":379.5,"g":0,"color":1,"r":0,"angle":45,"type":"setColor","b":0},{"time":381,"color":1,"angle":315,"type":"setColor","b":129,"ease":"linear","duration":4,"r":218,"g":98},{"time":380,"enabled":false,"ease":"linear","duration":0,"paddle":2,"type":"paddles","angle":315},{"time":384,"id":"back","hide":false,"angle":157.5,"type":"deco"},{"time":384,"outline":true,"id":"bocchi","hide":false,"angle":135,"type":"deco"},{"time":384,"id":"heart","hide":false,"angle":112.5,"type":"deco"},{"time":384,"enable":true,"angle":90,"type":"outline","color":0},{"time":384,"g":183,"color":0,"r":238,"angle":67.5,"type":"setColor","b":197},{"time":384,"g":98,"color":1,"r":218,"angle":45,"type":"setColor","b":129},{"time":390.75,"newWidth":30,"ease":"linear","duration":0.5,"paddle":1,"type":"paddles","angle":112.5},{"time":392,"newWidth":70,"ease":"linear","duration":0.5,"paddle":1,"type":"paddles","angle":112.5},{"newAngle":180,"time":394,"angle":247.5,"type":"paddles","paddle":2,"enabled":true,"ease":"linear","duration":0},{"newAngle":180,"time":400,"angle":180,"type":"paddles","paddle":3,"enabled":true,"ease":"linear","duration":0},{"newAngle":90,"time":400,"ease":"linear","duration":0,"paddle":2,"type":"paddles","angle":202.5},{"newAngle":270,"time":400,"angle":157.5,"type":"paddles","paddle":4,"enabled":true,"ease":"linear","duration":0},{"newAngle":0,"time":405.25,"ease":"linear","duration":1,"paddle":2,"type":"paddles","angle":360},{"newAngle":0,"time":405.25,"ease":"linear","duration":1,"paddle":3,"type":"paddles","angle":22.5},{"newAngle":0,"time":405.25,"ease":"linear","duration":1,"paddle":4,"type":"paddles","angle":337.5},{"newAngle":180,"time":432,"angle":247.5,"type":"paddles","paddle":2,"enabled":true,"ease":"linear","duration":0},{"newAngle":0,"time":446,"ease":"linear","duration":0.5,"paddle":2,"type":"paddles","angle":247.5},{"time":446.75,"enabled":false,"ease":"linear","duration":0,"paddle":2,"type":"paddles","angle":247.5},{"time":446.75,"newWidth":35,"ease":"linear","duration":0.5,"paddle":1,"type":"paddles","angle":45},{"time":446.75,"enabled":false,"ease":"linear","duration":0,"paddle":3,"type":"paddles","angle":225},{"time":446.75,"enabled":false,"ease":"linear","duration":0,"paddle":4,"type":"paddles","angle":202.5},{"time":454,"newWidth":70,"ease":"linear","duration":0,"paddle":1,"type":"paddles","angle":157.5},{"time":459,"newWidth":30,"ease":"linear","duration":0.5,"paddle":1,"type":"paddles","angle":337.5},{"time":463,"newWidth":70,"ease":"linear","duration":0.5,"paddle":1,"type":"paddles","angle":247.5},{"newAngle":180,"time":472,"angle":0,"type":"paddles","paddle":2,"enabled":true,"ease":"linear","duration":0},{"time":472,"newWidth":35,"ease":"linear","duration":0,"paddle":1,"type":"paddles","angle":22.5},{"time":476.75,"newWidth":70,"ease":"linear","duration":0.5,"paddle":1,"type":"paddles","angle":337.5},{"enabled":false,"time":476.75,"ease":"linear","duration":0,"paddle":2,"type":"paddles","angle":315},{"time":406.5,"newWidth":35,"ease":"linear","duration":0.5,"paddle":1,"type":"paddles","angle":112.5},{"enabled":false,"time":406,"ease":"linear","duration":0,"paddle":2,"type":"paddles","angle":112.5},{"enabled":false,"time":406,"ease":"linear","duration":0,"paddle":3,"type":"paddles","angle":90},{"enabled":false,"time":406,"ease":"linear","duration":0,"paddle":4,"type":"paddles","angle":67.5},{"time":408,"newWidth":70,"ease":"linear","duration":0,"paddle":1,"type":"paddles","angle":112.5},{"time":410.75,"newWidth":35,"ease":"linear","duration":0.5,"paddle":1,"type":"paddles","angle":202.5},{"time":412,"newWidth":70,"ease":"linear","duration":0.5,"paddle":1,"type":"paddles","angle":202.5},{"newAngle":180,"time":512,"angle":337.5,"type":"paddles","paddle":2,"enabled":true,"ease":"linear","duration":0},{"time":152,"tag":"pohuy","angle":-22.5,"type":"tag","angleOffset":false},{"time":154,"tag":"pohuy2","angle":0,"type":"tag","angleOffset":false},{"time":156,"tag":"pohuy3","angle":-22.5,"type":"tag","angleOffset":false},{"time":160,"tag":"12345","angleOffset":false,"type":"tag","angle":0},{"time":164,"tag":"111","angleOffset":false,"type":"tag","angle":22.5},{"time":184,"tag":"a1","angleOffset":false,"type":"tag","angle":0},{"time":200,"tag":"zxc","angle":22.5,"type":"tag","angleOffset":false},{"time":400,"tag":"pohuy","angleOffset":false,"type":"tag","angle":112.5},{"time":402,"tag":"pohuy2","angleOffset":false,"type":"tag","angle":157.5},{"time":404,"tag":"pohuy3","angleOffset":false,"type":"tag","angle":112.5},{"time":157,"tag":"huy","angleOffset":false,"type":"tag","angle":0},{"time":405,"tag":"huy","angleOffset":false,"type":"tag","angle":180},{"time":408,"tag":"12345","angleOffset":false,"type":"tag","angle":67.5},{"time":412,"tag":"111","angleOffset":false,"type":"tag","angle":157.5},{"time":432,"tag":"a1","angle":202.5,"type":"tag","angleOffset":false},{"var":"vfx.canvPos.sx","time":440,"ease":"outExpo","duration":1.5,"angle":247.5,"type":"ease","value":1.3999999761581},{"var":"vfx.canvPos.sy","time":440,"ease":"outExpo","duration":1.5,"angle":225,"type":"ease","value":1.3999999761581},{"var":"vfx.canvPos.sx","time":441.5,"ease":"outExpo","duration":1.5,"angle":225,"type":"ease","value":1.2000000476837},{"var":"vfx.canvPos.sy","time":441.5,"ease":"outExpo","duration":1.5,"angle":202.5,"type":"ease","value":1.2000000476837},{"var":"vfx.canvPos.sx","time":443,"ease":"outExpo","duration":1.5,"angle":112.5,"type":"ease","value":1},{"var":"vfx.canvPos.sy","time":443,"ease":"outExpo","duration":1.5,"angle":135,"type":"ease","value":1},{"time":448,"id":"bocchi","hide":true,"angle":337.5,"type":"deco"},{"time":448,"id":"back","hide":true,"angle":0,"type":"deco"},{"time":448,"g":0,"color":0,"r":0,"angle":22.5,"type":"setColor","b":0},{"time":448,"id":"heart","hide":true,"angle":292.5,"type":"deco"},{"var":"vfx.drawUI","time":448,"enable":false,"angle":270,"type":"setBoolean"},{"var":"vfx.drawUI","time":454,"enable":true,"angle":135,"type":"setBoolean"},{"time":456,"outline":true,"id":"bocchi","hide":false,"angle":112.5,"type":"deco"},{"time":456,"id":"back","hide":false,"angle":90,"type":"deco"},{"time":454,"id":"heart","hide":false,"angle":112.5,"type":"deco"},{"time":456,"g":183,"color":0,"r":238,"angle":135,"type":"setColor","b":197},{"var":"vfx.canvPos.sx","time":448,"duration":0.5,"angle":247.5,"type":"ease","value":1.25},{"var":"vfx.canvPos.sy","time":448,"duration":0.5,"angle":225,"type":"ease","value":1.25},{"var":"vfx.canvPos.sx","time":454,"ease":"outExpo","duration":1,"angle":90,"type":"ease","value":1},{"var":"vfx.canvPos.sy","time":454,"ease":"outExpo","duration":1,"angle":67.5,"type":"ease","value":1},{"time":472,"tag":"12345","angle":45,"type":"tag","angleOffset":false},{"time":477,"tag":"111","angle":45,"type":"tag","angleOffset":false},{"time":512,"tag":"zxc","angleOffset":false,"type":"tag","angle":315},{"time":212,"tag":"blya","angleOffset":false,"type":"tag","angle":0},{"time":214,"tag":"blya2","angleOffset":false,"type":"tag","angle":45},{"time":524,"tag":"blya","angleOffset":false,"type":"tag","angle":157.5},{"time":526,"tag":"blya2","angleOffset":false,"type":"tag","angle":157.5},{"var":"vfx.canvPos.sx","time":526.5,"ease":"outExpo","duration":1,"angle":157.5,"type":"ease","value":1},{"var":"vfx.canvPos.sy","time":526.5,"ease":"outExpo","duration":1,"angle":135,"type":"ease","value":1},{"var":"vfx.canvPos.sy","time":504,"ease":"outExpo","duration":1.5,"angle":45,"type":"ease","value":1.2000000476837},{"var":"vfx.canvPos.sx","time":504,"ease":"outExpo","duration":1.5,"angle":67.5,"type":"ease","value":1.2000000476837},{"var":"vfx.canvPos.sy","time":505.5,"ease":"outExpo","duration":1.5,"angle":135,"type":"ease","value":1.3999999761581},{"var":"vfx.canvPos.sx","time":505.5,"ease":"outExpo","duration":1.5,"angle":112.5,"type":"ease","value":1.3999999761581},{"var":"vfx.canvPos.sx","time":507,"ease":"outSine","duration":5,"angle":315,"type":"ease","value":1},{"var":"vfx.canvPos.sy","time":507,"ease":"outSine","duration":5,"angle":292.5,"type":"ease","value":1},{"enabled":false,"time":559.25,"ease":"linear","duration":0,"paddle":2,"type":"paddles","angle":337.5},{"time":264,"tag":"asda","angleOffset":false,"type":"tag","angle":0},{"time":272,"tag":"asda2","angleOffset":false,"type":"tag","angle":0},{"time":544,"tag":"asda","angleOffset":false,"type":"tag","angle":22.5},{"time":552,"tag":"asda2","angleOffset":false,"type":"tag","angle":202.5},{"time":560,"id":"heart","hide":true,"angle":247.5,"type":"deco"},{"time":544,"newWidth":50,"ease":"linear","duration":0.5,"paddle":1,"type":"paddles","angle":45},{"var":"vfx.canvPos.sx","time":556.5,"ease":"outExpo","duration":0.5,"angle":225,"type":"ease","value":0.94999998807907},{"var":"vfx.canvPos.sy","time":556.5,"ease":"outExpo","duration":0.5,"angle":247.5,"type":"ease","value":0.94999998807907},{"var":"vfx.canvPos.sx","time":557,"ease":"outExpo","duration":0.5,"angle":135,"type":"ease","value":0.89999997615814},{"var":"vfx.canvPos.sy","time":557,"ease":"outExpo","duration":0.5,"angle":112.5,"type":"ease","value":0.89999997615814},{"var":"vfx.canvPos.sx","time":557.5,"ease":"outExpo","duration":0.5,"angle":157.5,"type":"ease","value":0.85000002384186},{"var":"vfx.canvPos.sy","time":557.5,"ease":"outExpo","duration":0.5,"angle":135,"type":"ease","value":0.85000002384186},{"var":"vfx.canvPos.sy","time":558,"ease":"outExpo","duration":0.5,"angle":202.5,"type":"ease","value":0.80000001192093},{"var":"vfx.canvPos.sx","time":558,"ease":"outExpo","duration":0.5,"angle":225,"type":"ease","value":0.80000001192093},{"var":"vfx.canvPos.sy","time":558.5,"ease":"outExpo","duration":0.5,"angle":157.5,"type":"ease","value":0.75},{"var":"vfx.canvPos.sx","time":558.5,"ease":"outExpo","duration":0.5,"angle":135,"type":"ease","value":0.75},{"var":"vfx.canvPos.sy","time":559,"ease":"outExpo","duration":1,"angle":135,"type":"ease","value":1},{"var":"vfx.canvPos.sx","time":559,"ease":"outExpo","duration":1,"angle":112.5,"type":"ease","value":1},{"time":560,"b":78,"type":"setColor","angle":22.5,"r":210,"color":0,"g":86},{"time":562,"g":213,"color":0,"r":231,"angle":337.5,"type":"setColor","b":124},{"time":560,"b":255,"type":"setColor","angle":45,"r":255,"color":1,"g":255},{"time":560,"id":"back","hide":true,"angle":292.5,"type":"deco"},{"time":560,"angle":112.5,"color":7,"type":"setBgColor"},{"time":560,"g":255,"color":7,"r":255,"angle":90,"type":"setColor","b":255},{"var":"vfx.drawUI","time":560,"enable":false,"angle":135,"type":"setBoolean"},{"time":562,"b":255,"type":"setColor","angle":360,"r":255,"color":1,"g":255},{"time":564,"b":255,"type":"setColor","angle":337.5,"r":255,"color":1,"g":255},{"time":564,"g":97,"color":0,"r":64,"angle":360,"type":"setColor","b":161},{"time":567.5,"g":183,"color":0,"r":238,"angle":337.5,"type":"setColor","b":197},{"time":567.5,"g":98,"color":1,"r":218,"angle":315,"type":"setColor","b":129},{"time":567.5,"id":"bocchi","hide":false,"angle":292.5,"type":"deco"},{"time":560,"id":"bocchi","hide":true,"angle":157.5,"type":"deco"},{"var":"vfx.drawUI","time":568.5,"enable":true,"angle":315,"type":"setBoolean"},{"time":569.5,"type":"showResults","angle":0},{"time":27.5,"type":"setColor","angle":157.5,"color":5,"g":30,"ease":"linear","duration":4,"r":128,"b":55},{"time":64,"g":166,"color":5,"r":234,"angle":225,"type":"setColor","b":183},{"y":0,"time":560,"id":"yaida1","angle":270,"type":"deco","drawLayer":"bg","sprite":"yaida!1","outline":true,"x":0},{"y":0,"time":562,"id":"yaida2","angle":292.5,"type":"deco","outline":true,"sprite":"yaida!2","drawLayer":"bg","x":0},{"time":562,"id":"yaida1","hide":true,"angle":270,"type":"deco"},{"y":0,"time":564,"id":"yaida3","angle":292.5,"type":"deco","outline":true,"sprite":"yaida!3","drawLayer":"bg","x":0},{"time":564,"id":"yaida2","hide":true,"angle":270,"type":"deco"},{"time":560,"b":47,"type":"setColor","angle":360,"r":184,"color":2,"g":55},{"time":562,"g":199,"color":2,"r":220,"angle":22.5,"type":"setColor","b":92},{"time":564,"b":129,"color":2,"angle":22.5,"r":51,"type":"setColor","g":78},{"time":566,"id":"yaida3","hide":true,"angle":45,"type":"deco"},{"time":560,"enable":true,"angle":337.5,"color":6,"type":"outline"},{"time":560,"b":0,"color":6,"r":0,"angle":67.5,"type":"setColor","g":0}],"metadata":{"bg":false,"songName":"I can't sing a love song","description":"Im constantly, constantly, constantly screaming\nIn a small, gigantic voice, struggling\nOh no, no, no\nThe formless passion doesnt stop, it hurts\nLove songs, no more","difficulty":0,"artist":"Kessoku Band","charter":"Aylary","artistLink":""},"properties":{"speed":125,"formatversion":13,"startBeat":-3,"offset":8,"loadBeat":-3}}