{"events":[{"time":-0.019999999552965,"type":"play","bpm":140,"angle":191.25,"file":"dune_eternal_fadeout.ogg","volume":1.5000001192093},{"angle":270,"time":331,"type":"showResults"},{"b":0,"time":0,"type":"setColor","angle":168.75,"r":255,"g":217,"color":0},{"description":"","g":0,"name":"drummy","time":72,"type":"bookmark","angle":180,"r":255,"b":0},{"description":"","g":0,"name":"intro","time":-0,"type":"bookmark","angle":202.5,"r":255,"b":0},{"description":"","g":0,"name":"not the intro","time":8,"type":"bookmark","angle":-180,"r":255,"b":0},{"description":"","g":0,"name":"dadun dun dun duun","time":104,"type":"bookmark","angle":180,"r":255,"b":0},{"description":"","g":0,"name":"this part","time":136,"type":"bookmark","angle":180,"r":255,"b":0},{"description":"","g":0,"name":"insanity","time":168,"type":"bookmark","angle":360,"r":255,"b":0},{"description":"","g":0,"name":"dun dudu dun dun dudu","time":264,"type":"bookmark","angle":180,"r":255,"b":0},{"description":"","g":0,"name":"not the outro","time":296,"type":"bookmark","angle":180,"r":255,"b":0},{"ease":"linear","time":168,"type":"paddles","angle":348.75,"duration":1,"paddle":1,"newWidth":100},{"ease":"linear","time":231,"type":"paddles","angle":0,"duration":1,"paddle":1,"newWidth":70},{"y":0,"drawLayer":"bg","time":0,"type":"deco","x":0,"id":"","ox":5,"sx":1.6000001430511,"sy":1.6000001430511,"angle":180,"sprite":"slaves_to_power.png"},{"b":0,"time":-2,"type":"setColor","angle":180,"r":0,"g":0,"color":1},{"color":2,"time":-2,"type":"setColor","angle":202.5,"r":0,"g":114,"b":4},{"b":0,"time":-2,"type":"setColor","angle":225,"r":220,"g":104,"color":3},{"time":-0,"var":"vfx.hwaves.strength","type":"ease","angle":292.5,"value":0,"duration":10,"start":5},{"time":-0,"var":"vfx.hwaves.period","type":"ease","angle":281.25,"value":16,"duration":10,"start":0},{"time":-0,"type":"outline","angle":157.5,"enable":true,"color":2},{"b":0,"g":23,"type":"setColor","time":8,"duration":1,"angle":270,"r":41,"color":1},{"b":31,"g":135,"type":"setColor","time":8,"duration":1,"angle":247.5,"r":199,"color":3},{"b":67,"g":176,"type":"setColor","time":8,"duration":1,"angle":258.75,"r":67,"color":2},{"b":147,"time":8,"type":"setColor","angle":281.25,"r":255,"g":246,"color":0},{"paddle":1,"duration":0,"newWidth":0,"ease":"linear","time":-2,"type":"paddles","angle":360,"enabled":false},{"paddle":1,"duration":1,"newWidth":70,"ease":"linear","time":2,"type":"paddles","angle":360,"enabled":true},{"b":0,"time":312,"type":"setColor","angle":157.5,"r":255,"g":217,"color":0},{"description":"","g":0,"name":"outro","time":312,"type":"bookmark","angle":202.5,"r":255,"b":0},{"y":0,"drawLayer":"bg","time":312,"type":"deco","x":0,"id":"","ox":5,"sx":1.6000001430511,"sy":1.6000001430511,"angle":180,"sprite":"slaves_to_power.png"},{"time":312,"var":"vfx.hwaves.strength","type":"ease","angle":292.5,"value":0,"duration":25,"start":5},{"time":312,"var":"vfx.hwaves.period","type":"ease","angle":281.25,"value":16,"duration":25,"start":0},{"b":0,"time":312,"type":"setColor","angle":123.75,"r":0,"g":0,"color":1},{"b":4,"time":312,"type":"setColor","angle":135,"r":0,"g":114,"color":2},{"b":0,"time":312,"type":"setColor","angle":146.25,"r":220,"g":104,"color":3},{"value":1,"start":2,"duration":3,"var":"vfx.canvPos.sx","ease":"outSine","time":-0,"type":"ease","angle":258.75},{"value":1,"start":2,"duration":3,"var":"vfx.canvPos.sy","ease":"outSine","time":-0,"type":"ease","angle":247.5},{"value":180,"start":280,"duration":3,"var":"vfx.canvPos.y","ease":"outSine","time":-0,"type":"ease","angle":101.25},{"time":70.75,"var":"vfx.canvPos.sx","type":"ease","angle":90,"value":1,"duration":1.25,"start":1.1000000238419},{"time":70.75,"var":"vfx.canvPos.sy","type":"ease","angle":101.25,"value":1,"duration":1.25,"start":1.1000000238419},{"time":70,"var":"vfx.canvPos.sx","type":"ease","angle":90,"value":1.0499999523163,"duration":0.25,"start":1.1000000238419},{"time":70,"var":"vfx.canvPos.sy","type":"ease","angle":101.25,"value":1.0499999523163,"duration":0.25,"start":1.1000000238419},{"time":70.25,"var":"vfx.canvPos.sx","type":"ease","angle":90,"value":1.0499999523163,"duration":0.25,"start":1.1000000238419},{"time":70.25,"var":"vfx.canvPos.sy","type":"ease","angle":101.25,"value":1.0499999523163,"duration":0.25,"start":1.1000000238419},{"time":70.5,"var":"vfx.canvPos.sx","type":"ease","angle":90,"value":1.0499999523163,"duration":0.25,"start":1.1000000238419},{"time":70.5,"var":"vfx.canvPos.sy","type":"ease","angle":101.25,"value":1.0499999523163,"duration":0.25,"start":1.1000000238419},{"time":72,"var":"vfx.canvPos.sx","type":"ease","angle":90,"value":1,"duration":1.25,"start":1.1000000238419},{"time":72,"var":"vfx.canvPos.sy","type":"ease","angle":101.25,"value":1,"duration":1.25,"start":1.1000000238419},{"time":76,"var":"vfx.canvPos.sx","type":"ease","angle":90,"value":1,"duration":1.25,"start":1.1000000238419},{"time":76,"var":"vfx.canvPos.sy","type":"ease","angle":101.25,"value":1,"duration":1.25,"start":1.1000000238419},{"time":80,"var":"vfx.canvPos.sx","type":"ease","angle":90,"value":1,"duration":1.25,"start":1.1000000238419},{"time":80,"var":"vfx.canvPos.sy","type":"ease","angle":101.25,"value":1,"duration":1.25,"start":1.1000000238419},{"time":84,"var":"vfx.canvPos.sx","type":"ease","angle":90,"value":1,"duration":1.25,"start":1.1000000238419},{"time":84,"var":"vfx.canvPos.sy","type":"ease","angle":101.25,"value":1,"duration":1.25,"start":1.1000000238419},{"time":84.5,"var":"vfx.canvPos.sx","type":"ease","angle":90,"value":1,"duration":1.25,"start":1.1000000238419},{"time":84.5,"var":"vfx.canvPos.sy","type":"ease","angle":101.25,"value":1,"duration":1.25,"start":1.1000000238419},{"time":85,"var":"vfx.canvPos.sx","type":"ease","angle":90,"value":1,"duration":2,"start":1.1000000238419},{"time":85,"var":"vfx.canvPos.sy","type":"ease","angle":101.25,"value":1,"duration":2,"start":1.1000000238419},{"time":88,"var":"vfx.canvPos.sx","type":"ease","angle":-90,"value":1,"duration":1.25,"start":1.1000000238419},{"time":88,"var":"vfx.canvPos.sy","type":"ease","angle":-101.25,"value":1,"duration":1.25,"start":1.1000000238419},{"time":92,"var":"vfx.canvPos.sx","type":"ease","angle":-90,"value":1,"duration":1.25,"start":1.1000000238419},{"time":92,"var":"vfx.canvPos.sy","type":"ease","angle":-101.25,"value":1,"duration":1.25,"start":1.1000000238419},{"time":96,"var":"vfx.canvPos.sx","type":"ease","angle":-90,"value":1,"duration":1.25,"start":1.1000000238419},{"time":96,"var":"vfx.canvPos.sy","type":"ease","angle":-101.25,"value":1,"duration":1.25,"start":1.1000000238419},{"time":100,"var":"vfx.canvPos.sx","type":"ease","angle":-90,"value":1,"duration":1.25,"start":1.1000000238419},{"time":100,"var":"vfx.canvPos.sy","type":"ease","angle":-101.25,"value":1,"duration":1.25,"start":1.1000000238419},{"time":100.5,"var":"vfx.canvPos.sx","type":"ease","angle":-90,"value":1,"duration":1.25,"start":1.1000000238419},{"time":100.5,"var":"vfx.canvPos.sy","type":"ease","angle":-101.25,"value":1,"duration":1.25,"start":1.1000000238419},{"time":101,"var":"vfx.canvPos.sx","type":"ease","angle":-90,"value":1,"duration":2,"start":1.1000000238419},{"time":101,"var":"vfx.canvPos.sy","type":"ease","angle":-101.25,"value":1,"duration":2,"start":1.1000000238419},{"b":31,"g":101,"type":"setColor","time":72,"duration":32,"angle":112.5,"r":190,"color":3},{"b":0,"g":0,"type":"setColor","time":168,"duration":64,"angle":11.25,"r":0,"color":3},{"b":31,"g":101,"type":"setColor","time":232,"duration":32,"angle":90,"r":190,"color":3},{"b":31,"g":135,"type":"setColor","time":296,"duration":16,"angle":-270,"r":199,"color":3},{"time":104,"var":"vfx.canvPos.sx","type":"ease","angle":90,"value":1,"duration":1.25,"start":1.1000000238419},{"time":104,"var":"vfx.canvPos.sy","type":"ease","angle":101.25,"value":1,"duration":1.25,"start":1.1000000238419},{"time":108,"var":"vfx.canvPos.sx","type":"ease","angle":-90,"value":1,"duration":1.25,"start":1.1000000238419},{"time":108,"var":"vfx.canvPos.sy","type":"ease","angle":-101.25,"value":1,"duration":1.25,"start":1.1000000238419},{"time":109.5,"var":"vfx.canvPos.sx","type":"ease","angle":-90,"value":1,"duration":1.25,"start":1.1000000238419},{"time":109.5,"var":"vfx.canvPos.sy","type":"ease","angle":-101.25,"value":1,"duration":1.25,"start":1.1000000238419},{"time":110.5,"var":"vfx.canvPos.sx","type":"ease","angle":-90,"value":1,"duration":1.25,"start":1.1000000238419},{"time":110.5,"var":"vfx.canvPos.sy","type":"ease","angle":-101.25,"value":1,"duration":1.25,"start":1.1000000238419},{"time":111.5,"var":"vfx.canvPos.sx","type":"ease","angle":90,"value":1,"duration":1.25,"start":1.1000000238419},{"time":111.5,"var":"vfx.canvPos.sy","type":"ease","angle":101.25,"value":1,"duration":1.25,"start":1.1000000238419},{"time":112,"var":"vfx.canvPos.sx","type":"ease","angle":90,"value":1,"duration":1.25,"start":1.1000000238419},{"time":112,"var":"vfx.canvPos.sy","type":"ease","angle":101.25,"value":1,"duration":1.25,"start":1.1000000238419},{"time":116,"value":1,"duration":1.25,"angle":90,"type":"ease","var":"vfx.canvPos.sx","start":1.1000000238419},{"time":116,"var":"vfx.canvPos.sy","type":"ease","angle":101.25,"value":1,"duration":1.25,"start":1.1000000238419},{"time":117.5,"var":"vfx.canvPos.sx","type":"ease","angle":-90,"value":1,"duration":1.25,"start":1.1000000238419},{"time":117.5,"var":"vfx.canvPos.sy","type":"ease","angle":-101.25,"value":1,"duration":1.25,"start":1.1000000238419},{"time":118.5,"var":"vfx.canvPos.sx","type":"ease","angle":-90,"value":1,"duration":1.25,"start":1.1000000238419},{"time":118.5,"var":"vfx.canvPos.sy","type":"ease","angle":-101.25,"value":1,"duration":1.25,"start":1.1000000238419},{"time":120,"var":"vfx.canvPos.sx","type":"ease","angle":-90,"value":1,"duration":1.25,"start":1.1000000238419},{"time":120,"var":"vfx.canvPos.sy","type":"ease","angle":-101.25,"value":1,"duration":1.25,"start":1.1000000238419},{"time":119.5,"var":"vfx.canvPos.sx","type":"ease","angle":-90,"value":1,"duration":1.25,"start":1.1000000238419},{"time":119.5,"var":"vfx.canvPos.sy","type":"ease","angle":-101.25,"value":1,"duration":1.25,"start":1.1000000238419},{"time":124,"var":"vfx.canvPos.sx","type":"ease","angle":-90,"value":1,"duration":1.25,"start":1.1000000238419},{"time":124,"var":"vfx.canvPos.sy","type":"ease","angle":-101.25,"value":1,"duration":1.25,"start":1.1000000238419},{"time":125.5,"var":"vfx.canvPos.sx","type":"ease","angle":-90,"value":1,"duration":1.25,"start":1.1000000238419},{"time":125.5,"var":"vfx.canvPos.sy","type":"ease","angle":-101.25,"value":1,"duration":1.25,"start":1.1000000238419},{"time":126.5,"var":"vfx.canvPos.sx","type":"ease","angle":-90,"value":1,"duration":1.25,"start":1.1000000238419},{"time":126.5,"var":"vfx.canvPos.sy","type":"ease","angle":-101.25,"value":1,"duration":1.25,"start":1.1000000238419},{"time":127.5,"var":"vfx.canvPos.sx","type":"ease","angle":-90,"value":1,"duration":1.25,"start":1.1000000238419},{"time":127.5,"var":"vfx.canvPos.sy","type":"ease","angle":-101.25,"value":1,"duration":1.25,"start":1.1000000238419},{"time":128,"var":"vfx.canvPos.sx","type":"ease","angle":-90,"value":1,"duration":1.25,"start":1.1000000238419},{"time":128,"var":"vfx.canvPos.sy","type":"ease","angle":-101.25,"value":1,"duration":1.25,"start":1.1000000238419},{"time":132,"var":"vfx.canvPos.sx","type":"ease","angle":90,"value":1,"duration":1.25,"start":1.1000000238419},{"time":132,"var":"vfx.canvPos.sy","type":"ease","angle":101.25,"value":1,"duration":1.25,"start":1.1000000238419},{"time":133.5,"var":"vfx.canvPos.sx","type":"ease","angle":-90,"value":1,"duration":1.25,"start":1.1000000238419},{"time":133.5,"var":"vfx.canvPos.sy","type":"ease","angle":-101.25,"value":1,"duration":1.25,"start":1.1000000238419},{"time":134.5,"var":"vfx.canvPos.sx","type":"ease","angle":-90,"value":1,"duration":1.25,"start":1.1000000238419},{"time":134.5,"var":"vfx.canvPos.sy","type":"ease","angle":-101.25,"value":1,"duration":1.25,"start":1.1000000238419},{"value":1,"start":1.1499999761581,"duration":16,"var":"vfx.canvPos.sx","ease":"inQuad","time":136,"type":"ease","angle":-90},{"value":1,"start":1.1499999761581,"duration":16,"var":"vfx.canvPos.sy","ease":"inQuad","time":136,"type":"ease","angle":-101.25},{"time":135.5,"var":"vfx.canvPos.sx","type":"ease","angle":-90,"value":1,"duration":1.25,"start":1.1000000238419},{"time":135.5,"var":"vfx.canvPos.sy","type":"ease","angle":-101.25,"value":1,"duration":1.25,"start":1.1000000238419},{"value":1.1499999761581,"start":1.0499999523163,"duration":0.25,"var":"vfx.canvPos.sx","ease":"outExpo","time":135.75,"type":"ease","angle":-90},{"value":1.1499999761581,"start":1.0500000715256,"duration":0.25,"var":"vfx.canvPos.sy","ease":"outExpo","time":135.75,"type":"ease","angle":-101.25},{"value":1,"start":0.94999992847443,"duration":2,"var":"vfx.canvPos.sx","ease":"outSine","time":152,"type":"ease","angle":90},{"value":1,"start":0.94999998807907,"duration":2,"var":"vfx.canvPos.sy","ease":"outSine","time":152,"type":"ease","angle":101.25},{"time":168,"type":"ease","angle":22.5,"value":0.74999976158142,"start":0,"var":"vfx.hwaves.strength"},{"repeats":16,"repeatDelay":4,"value":2,"start":0,"var":"vfx.hwaves.period","duration":4,"time":168,"type":"ease","angle":33.75},{"time":232,"var":"vfx.hwaves.strength","type":"ease","angle":67.5,"value":0,"duration":1,"start":0.75},{"time":168,"var":"vfx.canvPos.sx","type":"ease","angle":-22.5,"value":1.1000000238419,"duration":64,"start":1},{"time":168,"var":"vfx.canvPos.sy","type":"ease","angle":315,"value":1.1000000238419,"duration":64,"start":1},{"value":1,"start":1.1000000238419,"duration":1,"var":"vfx.canvPos.sx","ease":"outQuad","time":232,"type":"ease","angle":45},{"value":1,"start":1.1000000238419,"duration":1,"var":"vfx.canvPos.sy","ease":"outQuad","time":232,"type":"ease","angle":56.25},{"value":1,"start":1.1000000238419,"duration":1.25,"var":"vfx.canvPos.sx","ease":"inQuad","time":264,"type":"ease","angle":90},{"value":1,"start":1.1000000238419,"duration":1.25,"var":"vfx.canvPos.sy","ease":"inQuad","time":264,"type":"ease","angle":101.25},{"value":1,"start":1.1000000238419,"duration":1.25,"var":"vfx.canvPos.sx","ease":"inQuad","time":268,"type":"ease","angle":90},{"value":1,"start":1.1000000238419,"duration":1.25,"var":"vfx.canvPos.sy","ease":"inQuad","time":268,"type":"ease","angle":101.25},{"value":1,"start":1.1000000238419,"duration":1.25,"var":"vfx.canvPos.sx","ease":"inQuad","time":272,"type":"ease","angle":-90},{"value":1,"start":1.1000000238419,"duration":1.25,"var":"vfx.canvPos.sy","ease":"inQuad","time":272,"type":"ease","angle":-101.25},{"time":276,"var":"vfx.canvPos.sx","type":"ease","angle":90,"value":0.95000004768372,"duration":4,"start":1},{"time":276,"var":"vfx.canvPos.sy","type":"ease","angle":101.25,"value":0.95000004768372,"duration":4,"start":1},{"value":1,"start":1.1000000238419,"duration":1.25,"var":"vfx.canvPos.sx","ease":"inQuad","time":280,"type":"ease","angle":90},{"value":1,"start":1.1000000238419,"duration":1.25,"var":"vfx.canvPos.sy","ease":"inQuad","time":280,"type":"ease","angle":101.25},{"value":1,"start":1.1000000238419,"duration":1.25,"var":"vfx.canvPos.sx","ease":"inQuad","time":284,"type":"ease","angle":90},{"value":1,"start":1.1000000238419,"duration":1.25,"var":"vfx.canvPos.sy","ease":"inQuad","time":284,"type":"ease","angle":101.25},{"value":1,"start":1.1000000238419,"duration":1.25,"var":"vfx.canvPos.sx","ease":"inQuad","time":288,"type":"ease","angle":90},{"value":1,"start":1.1000000238419,"duration":1.25,"var":"vfx.canvPos.sy","ease":"inQuad","time":288,"type":"ease","angle":101.25},{"time":292,"var":"vfx.canvPos.sx","type":"ease","angle":90,"value":0.95000004768372,"duration":4,"start":1.0000001192093},{"time":292,"var":"vfx.canvPos.sy","type":"ease","angle":101.25,"value":0.95000004768372,"duration":4,"start":1.0000001192093},{"value":1,"start":1.1000000238419,"duration":4,"var":"vfx.canvPos.sx","ease":"inQuad","time":296,"type":"ease","angle":67.5},{"value":1,"start":1.1000000238419,"duration":4,"var":"vfx.canvPos.sy","ease":"inQuad","time":296,"type":"ease","angle":78.75},{"value":1,"start":1.1000000238419,"duration":4,"var":"vfx.canvPos.sx","ease":"inQuad","time":300,"type":"ease","angle":90},{"value":1,"start":1.1000000238419,"duration":4,"var":"vfx.canvPos.sy","ease":"inQuad","time":300,"type":"ease","angle":101.25},{"value":1,"start":1.1000000238419,"duration":4,"var":"vfx.canvPos.sx","ease":"inQuad","time":304,"type":"ease","angle":90},{"value":1,"start":1.1000000238419,"duration":4,"var":"vfx.canvPos.sy","ease":"inQuad","time":304,"type":"ease","angle":101.25},{"value":1.0999999046326,"start":1.0000001192093,"duration":4,"var":"vfx.canvPos.sx","ease":"inQuad","time":308,"type":"ease","angle":90},{"value":1.0999999046326,"start":1.0000001192093,"duration":4,"var":"vfx.canvPos.sy","ease":"inQuad","time":308,"type":"ease","angle":101.25},{"value":1.25,"start":1,"duration":25,"var":"vfx.canvPos.sx","ease":"outQuad","time":312,"type":"ease","angle":90},{"value":1.25,"start":1,"duration":25,"var":"vfx.canvPos.sy","ease":"outQuad","time":312,"type":"ease","angle":101.25},{"b":65,"g":184,"type":"setColor","time":69,"duration":1,"angle":90,"r":0,"color":2}],"properties":{"loadBeat":-1,"offset":4,"formatversion":12,"speed":90,"startBeat":0},"metadata":{"songName":"Dune Eternal","artist":"Heaven Pierce Her","bgData":{"image":"slaves_to_power.png","blueChannel":{"r":190,"g":150,"b":77},"redChannel":{"r":49,"g":115,"b":52}},"charter":"Charter","bg":true,"description":"GREED /// FIRST\nSLAVES TO POWER\n\nthe second half of the song was cut since it's practically just a loop of the first (and would be a pain to chart) sot that's why the end might sound a little off","difficulty":8,"artistLink":""}}