[{"type":"block","angle":-112.5,"time":0},{"type":"block","angle":-67.5,"time":1},{"type":"block","angle":22.5,"time":1.75},{"type":"block","angle":0,"time":2},{"type":"block","angle":45,"time":3},{"type":"block","angle":292.5,"time":3.75},{"type":"block","angle":270,"time":4},{"type":"block","angle":292.5,"time":5},{"type":"block","angle":382.5,"time":6},{"type":"block","angle":0,"time":5.75},{"time":8,"angle":0,"tap":true,"type":"block","speedMult":1.5},{"type":"block","angle":45,"time":7.5},{"type":"block","angle":67.5,"time":8.5},{"speedMult":1.5,"angle":337.5,"type":"extraTap","time":8},{"type":"block","angle":112.5,"time":9},{"type":"block","angle":90,"time":9.5},{"type":"block","angle":90,"time":10},{"type":"block","angle":67.5,"time":10.25},{"type":"block","angle":0,"time":10.5},{"type":"block","angle":45,"time":12},{"type":"block","angle":45,"time":11.75},{"type":"block","angle":22.5,"time":11.5},{"type":"block","angle":337.5,"time":12.5},{"type":"block","angle":45,"time":13},{"type":"block","angle":67.5,"time":13.5},{"type":"block","angle":112.5,"time":14},{"type":"block","angle":112.5,"time":16},{"type":"block","angle":67.5,"time":16.5},{"type":"block","angle":22.5,"time":17},{"type":"block","angle":337.5,"time":17.5},{"type":"block","angle":67.5,"time":18.25},{"type":"block","angle":22.5,"time":18},{"type":"block","angle":135,"time":18.5},{"type":"block","angle":225,"time":19.5},{"type":"block","angle":225,"time":20},{"type":"block","angle":202.5,"time":19.75},{"type":"extraTap","angle":202.5,"time":19},{"type":"extraTap","angle":202.5,"time":17},{"type":"extraTap","angle":202.5,"time":15},{"type":"extraTap","angle":202.5,"time":13},{"type":"extraTap","angle":202.5,"time":11},{"type":"extraTap","angle":202.5,"time":9},{"type":"extraTap","angle":202.5,"time":21},{"type":"extraTap","angle":202.5,"time":23},{"type":"extraTap","angle":202.5,"time":25},{"type":"extraTap","angle":202.5,"time":27},{"type":"extraTap","angle":202.5,"time":29},{"type":"extraTap","angle":202.5,"time":30},{"type":"block","angle":135,"time":21},{"type":"block","angle":157.5,"time":22},{"type":"block","angle":180,"time":20.5},{"type":"block","angle":90,"time":21.5},{"type":"block","angle":180,"time":24},{"type":"block","angle":90,"time":24.5},{"type":"block","angle":360,"time":25},{"type":"block","angle":0,"time":25.5},{"type":"block","angle":270,"time":26},{"type":"block","angle":247.5,"time":26.25},{"type":"block","angle":270,"time":26.5},{"type":"block","angle":135,"time":27.5},{"type":"block","angle":202.5,"time":27.75},{"type":"block","angle":157.5,"time":28},{"type":"block","angle":157.5,"time":28.5},{"type":"block","angle":180,"time":29},{"type":"block","angle":225,"time":29.5},{"type":"block","angle":247.5,"time":30},{"type":"block","angle":450,"time":32},{"type":"block","angle":22.5,"time":32.5},{"type":"block","angle":337.5,"time":33},{"type":"block","angle":315,"time":33.5},{"type":"block","angle":292.5,"time":34},{"type":"block","angle":337.5,"time":34.5},{"type":"block","angle":360,"time":34.25},{"type":"block","angle":45,"time":35.5},{"type":"block","angle":0,"time":35.75},{"type":"block","angle":45,"time":36},{"type":"block","angle":67.5,"time":36.5},{"type":"block","angle":90,"time":37},{"type":"block","angle":112.5,"time":37.5},{"type":"block","angle":157.5,"time":38},{"type":"block","angle":337.5,"time":40.5},{"type":"block","angle":90,"time":41},{"type":"block","angle":270,"time":40},{"type":"block","angle":90,"time":41.5},{"type":"block","angle":157.5,"time":42},{"type":"block","angle":180,"time":42.25},{"type":"block","angle":225,"time":42.5},{"type":"block","angle":292.5,"time":43.5},{"type":"block","angle":337.5,"time":43.75},{"type":"block","angle":337.5,"time":44},{"type":"block","angle":337.5,"time":44.5},{"type":"block","angle":382.5,"time":45},{"type":"block","angle":405,"time":45.5},{"type":"block","angle":450,"time":46},{"type":"block","angle":270,"time":48},{"type":"block","angle":315,"time":48.5},{"type":"block","angle":247.5,"time":49},{"type":"block","angle":225,"time":49.5},{"type":"block","angle":315,"time":50},{"type":"block","angle":292.5,"time":50.25},{"type":"block","angle":292.5,"time":50.5},{"type":"block","angle":45,"time":51.5},{"type":"block","angle":90,"time":52},{"type":"block","angle":45,"time":51.75},{"type":"block","angle":90,"time":52.5},{"type":"block","angle":112.5,"time":53},{"type":"block","angle":135,"time":53.5},{"type":"block","angle":180,"time":54},{"type":"block","angle":180,"time":56},{"speedMult":2,"angle":157.5,"type":"block","time":56.25},{"speedMult":2,"angle":135,"type":"block","time":56.5},{"speedMult":2,"angle":112.5,"type":"block","time":56.75},{"speedMult":2,"angle":90,"type":"block","time":57},{"speedMult":2,"angle":67.5,"type":"block","time":57.25},{"speedMult":2,"angle":45,"type":"block","time":57.5},{"speedMult":2,"angle":22.5,"type":"block","time":57.75},{"speedMult":2,"angle":0,"type":"block","time":58},{"speedMult":2,"angle":-22.5,"type":"block","time":58.25},{"speedMult":2,"angle":-45,"type":"block","time":58.5},{"speedMult":2,"angle":-67.5,"type":"block","time":58.75},{"speedMult":2,"angle":270,"type":"block","time":59},{"speedMult":2,"angle":247.5,"type":"block","time":59.25},{"speedMult":2,"angle":225,"type":"block","time":59.5},{"speedMult":2,"angle":202.5,"type":"block","time":59.75},{"speedMult":2,"angle":180,"type":"block","time":60},{"speedMult":2,"angle":157.5,"type":"block","time":60.25},{"speedMult":2,"angle":135,"type":"block","time":60.5},{"speedMult":2,"angle":112.5,"type":"block","time":60.75},{"speedMult":2,"angle":90,"type":"block","time":61},{"speedMult":2,"angle":67.5,"type":"block","time":61.25},{"speedMult":2,"angle":45,"type":"block","time":61.5},{"speedMult":2,"angle":22.5,"type":"block","time":61.75},{"speedMult":2,"angle":0,"type":"block","time":62},{"speedMult":2,"angle":-22.5,"type":"block","time":62.25},{"speedMult":2,"angle":-45,"type":"block","time":62.5},{"speedMult":2,"angle":-67.5,"type":"block","time":62.75},{"speedMult":2,"angle":270,"type":"block","time":63},{"speedMult":2,"angle":247.5,"type":"block","time":63.25},{"speedMult":2,"angle":225,"type":"block","time":63.5},{"speedMult":2,"angle":202.5,"type":"block","time":63.75},{"speedMult":2,"angle":180,"type":"block","time":64},{"type":"extraTap","angle":0,"time":64},{"type":"block","angle":135,"time":64.5},{"type":"block","angle":180,"time":65},{"type":"block","angle":157.5,"time":65.25},{"type":"block","angle":112.5,"time":65.5},{"type":"block","angle":90,"time":65.5},{"time":68,"angle":90,"duration":0.25,"angle2":22.5,"type":"hold"},{"time":64,"angle":180,"duration":0.5,"angle2":135,"type":"hold"},{"time":65,"angle":180,"duration":0.5,"angle2":90,"type":"hold"},{"time":68.25,"angle":22.5,"duration":0.25,"angle2":67.5,"type":"hold"},{"type":"hold","angle":67.5,"duration":0.25,"angle2":0,"time":68.5},{"type":"hold","angle":0,"duration":0.25,"angle2":67.5,"time":68.75},{"type":"block","angle":67.5,"time":67.25},{"type":"block","angle":90,"time":67.5},{"type":"block","angle":112.5,"time":68},{"type":"hold","angle":45,"duration":0.5,"angle2":22.5,"time":66},{"time":66.5,"angle":22.5,"duration":0.25,"angle2":-22.5,"type":"hold"},{"time":66.75,"angle":-22.5,"duration":0.25,"angle2":0,"type":"hold"},{"time":69.5,"angle":67.5,"duration":1,"angle2":90,"type":"hold"},{"type":"block","angle":90,"time":70.5},{"type":"block","angle":90,"time":70.5},{"type":"block","angle":112.5,"time":70.75},{"type":"block","angle":135,"time":71},{"type":"block","angle":157.5,"time":71.25},{"type":"block","angle":180,"time":71.5},{"type":"block","angle":90,"time":70.625},{"type":"block","angle":112.5,"time":70.875},{"type":"block","angle":135,"time":71.125},{"type":"block","angle":157.5,"time":71.375},{"type":"hold","angle":180,"duration":0.25,"angle2":157.5,"time":72},{"time":72.25,"angle":157.5,"duration":0.25,"angle2":202.5,"type":"hold"},{"time":72.5,"angle":202.5,"duration":0.5,"angle2":202.5,"type":"hold"},{"type":"block","angle":202.5,"time":72.75},{"type":"hold","angle":202.5,"time":73,"segments":3,"duration":0.75,"angle2":270},{"type":"block","angle":225,"time":73.25},{"type":"block","angle":247.5,"time":73.5},{"time":73.75,"angle":270,"duration":1,"angle2":270,"type":"hold"},{"type":"block","angle":270,"time":74},{"type":"block","angle":292.5,"time":74.25},{"type":"block","angle":270,"time":74.5},{"type":"block","angle":247.5,"time":75},{"type":"block","angle":225,"time":75.25},{"type":"block","angle":202.5,"time":75.5},{"type":"block","angle":180,"time":75.5},{"time":76,"angle":135,"speedMult":1.5,"type":"hold","duration":0.5,"angle2":135},{"type":"hold","angle":135,"duration":0.5,"angle2":180,"time":76.5},{"type":"block","angle":157.5,"time":76.75},{"time":77,"angle":180,"duration":0.25,"angle2":135,"type":"hold"},{"time":77.25,"angle":135,"duration":0.25,"angle2":202.5,"type":"hold"},{"time":77.5,"angle":202.5,"duration":0.5,"angle2":180,"type":"hold"},{"type":"hold","angle":180,"duration":0.5,"angle2":225,"time":78},{"type":"hold","angle":225,"duration":0.5,"angle2":315,"time":78.5},{"type":"block","angle":270,"time":78.75},{"type":"hold","angle":315,"duration":0.25,"angle2":292.5,"time":79},{"time":79.25,"angle":292.5,"duration":0.25,"angle2":337.5,"type":"hold"},{"time":80,"angle":337.5,"duration":1,"angle2":427.5,"type":"hold"},{"type":"block","angle":0,"time":80.25},{"type":"block","angle":22.5,"time":80.5},{"type":"block","angle":45,"time":80.75},{"time":81,"angle":67.5,"duration":0.5,"angle2":112.5,"type":"hold"},{"type":"block","angle":90,"time":81.25},{"time":81.5,"angle":112.5,"duration":0.5,"angle2":225,"type":"hold"},{"type":"block","angle":247.5,"time":82.25},{"type":"block","angle":225,"time":82.5},{"type":"block","angle":247.5,"time":83},{"type":"block","angle":225,"time":83.25},{"type":"block","angle":225,"time":82},{"type":"block","angle":225,"time":82.75},{"type":"hold","angle":225,"duration":0.5,"angle2":292.5,"time":84},{"type":"block","angle":292.5,"time":84.75},{"type":"block","angle":292.5,"time":85.5},{"type":"block","angle":292.5,"time":85.5},{"type":"block","angle":337.5,"time":85.75},{"type":"block","angle":292.5,"time":86},{"type":"block","angle":292.5,"time":85},{"type":"block","angle":247.5,"time":85.25},{"type":"extraTap","angle":180,"time":32},{"type":"extraTap","angle":180,"time":33},{"type":"extraTap","angle":180,"time":35},{"type":"extraTap","angle":180,"time":37},{"type":"extraTap","angle":180,"time":39},{"type":"extraTap","angle":180,"time":41},{"type":"extraTap","angle":180,"time":43},{"type":"extraTap","angle":180,"time":45},{"type":"extraTap","angle":180,"time":47},{"type":"extraTap","angle":180,"time":49},{"type":"extraTap","angle":180,"time":51},{"type":"extraTap","angle":180,"time":53},{"type":"extraTap","angle":157.5,"time":54},{"type":"extraTap","angle":360,"time":65},{"type":"extraTap","angle":270,"time":67},{"type":"extraTap","angle":270,"time":69},{"type":"extraTap","angle":270,"time":71},{"type":"extraTap","angle":270,"time":73},{"type":"extraTap","angle":270,"time":75},{"type":"extraTap","angle":135,"time":77},{"type":"extraTap","angle":247.5,"time":79},{"type":"extraTap","angle":45,"time":81},{"type":"extraTap","angle":202.5,"time":83},{"type":"extraTap","angle":315,"time":85},{"type":"extraTap","angle":315,"time":86}]