{"metadata":{"artist":"Surasshu","charter":"Frogballoon","difficulty":6,"artistLink":"","bgData":{"image":"bg.png","redChannel":{"g":199,"b":251,"r":255},"blueChannel":{"g":149,"b":209,"r":207}},"songName":"Eek!","bg":true,"description":"The [REDACTED]"},"events":[{"time":0,"file":"eek.ogg","volume":1,"angle":360,"type":"play","bpm":110},{"type":"ease","var":"vfx.canvPos.sy","angle":360,"time":7,"value":1.5,"duration":0.25,"ease":"linear"},{"type":"setColor","g":1,"angle":315,"r":70,"time":-1.5,"color":1,"b":88},{"type":"setColor","angle":405,"color":0,"time":-1.5},{"time":6,"var":"vfx.canvPos.sx","angle":360,"type":"ease","value":1.5,"duration":0.5,"ease":"outElastic"},{"type":"ease","var":"vfx.canvPos.sx","angle":270,"time":7,"value":0.75,"duration":0.25,"ease":"outElastic"},{"type":"ease","var":"vfx.canvPos.sy","angle":360,"time":7.5,"value":1,"duration":0.5,"ease":"outElastic"},{"type":"ease","var":"vfx.canvPos.sx","angle":270,"time":7.5,"value":1,"duration":0.25,"ease":"outElastic"},{"type":"ease","var":"vfx.canvPos.sy","angle":360,"time":31,"value":1.5,"duration":0.25,"ease":"linear"},{"type":"ease","var":"vfx.canvPos.sx","angle":360,"time":30,"value":1.5,"duration":0.5,"ease":"outElastic"},{"type":"ease","var":"vfx.canvPos.sx","angle":270,"time":31,"value":0.75,"duration":0.25,"ease":"outElastic"},{"type":"ease","var":"vfx.canvPos.sy","angle":360,"time":31.5,"value":1,"duration":0.5,"ease":"outElastic"},{"type":"ease","var":"vfx.canvPos.sx","angle":270,"time":31.5,"value":1,"duration":0.25,"ease":"outElastic"},{"time":87,"var":"vfx.canvPos.sy","angle":360,"type":"ease","value":1.5,"duration":0.25,"ease":"linear"},{"type":"ease","var":"vfx.canvPos.sx","angle":360,"time":86,"value":1.5,"duration":0.5,"ease":"outElastic"},{"type":"ease","var":"vfx.canvPos.sx","angle":270,"time":87,"value":0.75,"duration":0.25,"ease":"outElastic"},{"type":"ease","var":"vfx.canvPos.sy","angle":360,"time":87.5,"value":1,"duration":0.5,"ease":"outElastic"},{"type":"ease","var":"vfx.canvPos.sx","angle":270,"time":87.5,"value":1,"duration":0.25,"ease":"outElastic"},{"type":"deco","angle":90,"sx":1,"ox":300,"oy":180,"id":"bg","y":180,"sprite":"bg.png","drawLayer":"bg","x":300,"sy":1,"time":-1.5},{"type":"setColor","g":199,"angle":180,"r":255,"time":-1.5,"color":2,"b":251},{"type":"setColor","g":199,"angle":135,"r":255,"time":-1.5,"color":3,"b":251},{"id":"bg","angle":90,"duration":1,"sx":1.2000000476837,"sy":1.2000000476837,"ease":"outElastic","time":8,"type":"deco"},{"id":"bg","angle":-450,"duration":1,"sx":1,"sy":1,"ease":"outElastic","time":9,"type":"deco"},{"id":"bg","angle":90,"duration":1,"sx":1.2000000476837,"sy":1.2000000476837,"ease":"outElastic","time":11,"type":"deco"},{"id":"bg","angle":90,"duration":1,"sx":1,"sy":1,"ease":"outElastic","time":13,"type":"deco"},{"id":"bg","angle":90,"duration":1,"sx":1.2000000476837,"sy":1.2000000476837,"ease":"outElastic","time":15,"type":"deco"},{"id":"bg","angle":90,"duration":1,"sx":1,"sy":1,"ease":"outElastic","time":17,"type":"deco"},{"id":"bg","angle":90,"duration":1,"sx":1.2000000476837,"sy":1.2000000476837,"ease":"outElastic","time":19,"type":"deco"},{"id":"bg","angle":90,"duration":1,"sx":1,"sy":1,"ease":"outElastic","time":21,"type":"deco"},{"id":"bg","angle":90,"duration":1,"sx":1.2000000476837,"sy":1.2000000476837,"ease":"outElastic","time":23,"type":"deco"},{"id":"bg","angle":90,"duration":1,"sx":1,"sy":1,"ease":"outElastic","time":25,"type":"deco"},{"id":"bg","angle":90,"duration":1,"sx":1.2000000476837,"sy":1.2000000476837,"ease":"outElastic","time":27,"type":"deco"},{"id":"bg","angle":90,"duration":1,"sx":1,"sy":1,"ease":"outElastic","time":29,"type":"deco"},{"id":"bg","angle":90,"duration":1,"sx":1.2000000476837,"sy":1.2000000476837,"ease":"outElastic","time":30,"type":"deco"},{"id":"bg","angle":67.5,"duration":1,"sx":1,"sy":1,"ease":"outElastic","time":32,"type":"deco"},{"id":"bg","angle":90,"duration":1,"sx":1.2000000476837,"sy":1.2000000476837,"ease":"outElastic","time":33,"type":"deco"},{"id":"bg","angle":90,"duration":1,"sx":1,"sy":1,"ease":"outElastic","time":35,"type":"deco"},{"id":"bg","angle":67.5,"duration":1,"sx":1.2000000476837,"sy":1.2000000476837,"ease":"outElastic","time":37,"type":"deco"},{"id":"bg","angle":90,"duration":1,"sx":1,"sy":1,"ease":"outElastic","time":39,"type":"deco"},{"id":"bg","angle":67.5,"duration":1,"sx":1.2000000476837,"sy":1.2000000476837,"ease":"outElastic","time":41,"type":"deco"},{"id":"bg","angle":90,"duration":1,"sx":1,"sy":1,"ease":"outElastic","time":43,"type":"deco"},{"id":"bg","angle":90,"duration":1,"sx":1.2000000476837,"sy":1.2000000476837,"ease":"outElastic","time":45,"type":"deco"},{"id":"bg","angle":90,"duration":1,"sx":1,"sy":1,"ease":"outElastic","time":47,"type":"deco"},{"id":"bg","angle":90,"duration":1,"sx":1.2000000476837,"sy":1.2000000476837,"ease":"outElastic","time":49,"type":"deco"},{"id":"bg","angle":90,"duration":1,"sx":1,"sy":1,"ease":"outElastic","time":51,"type":"deco"},{"id":"bg","angle":90,"duration":1,"sx":1.2000000476837,"sy":1.2000000476837,"ease":"outElastic","time":53,"type":"deco"},{"id":"bg","angle":90,"duration":1,"sx":1,"sy":1,"ease":"outElastic","time":54,"type":"deco"},{"id":"bg","angle":90,"duration":8,"sx":1.3999999761581,"sy":1.3999999761581,"ease":"inSine","time":56,"type":"deco"},{"id":"bg","angle":90,"duration":1,"sx":1,"sy":1,"ease":"outElastic","time":64,"type":"deco"},{"id":"bg","angle":90,"duration":1,"sx":1.2000000476837,"sy":1.2000000476837,"ease":"outElastic","time":65,"type":"deco"},{"id":"bg","angle":90,"duration":1,"sx":1,"sy":1,"ease":"outElastic","time":67,"type":"deco"},{"id":"bg","angle":90,"duration":1,"sx":1.2000000476837,"sy":1.2000000476837,"ease":"outElastic","time":69,"type":"deco"},{"id":"bg","angle":90,"duration":1,"sx":1,"sy":1,"ease":"outElastic","time":71,"type":"deco"},{"id":"bg","angle":90,"duration":1,"sx":1.2000000476837,"sy":1.2000000476837,"ease":"outElastic","time":73,"type":"deco"},{"id":"bg","angle":90,"duration":1,"sx":1,"sy":1,"ease":"outElastic","time":75,"type":"deco"},{"id":"bg","angle":90,"duration":1,"sx":1.2000000476837,"sy":1.2000000476837,"ease":"outElastic","time":77,"type":"deco"},{"id":"bg","angle":90,"duration":1,"sx":1,"sy":1,"ease":"outElastic","time":79,"type":"deco"},{"id":"bg","angle":157.5,"duration":1,"sx":1.2000000476837,"sy":1.2000000476837,"ease":"outElastic","time":81,"type":"deco"},{"id":"bg","angle":90,"duration":1,"sx":1,"sy":1,"ease":"outElastic","time":83,"type":"deco"},{"id":"bg","angle":90,"duration":1,"sx":1.2000000476837,"sy":1.2000000476837,"ease":"outElastic","time":85,"type":"deco"},{"id":"bg","angle":90,"duration":1,"sx":1.5,"sy":1.5,"ease":"outElastic","time":86,"type":"deco"},{"type":"showResults","angle":315,"time":89},{"type":"setColor","color":3,"duration":0.5,"b":209,"g":149,"r":207,"time":-0.5,"ease":"linear","angle":135},{"type":"setBgColor","angle":0,"color":2,"time":-1.5}],"properties":{"loadBeat":-1,"startBeat":0,"formatversion":12,"offset":8,"speed":80}}