[{"angle":270,"type":"hold","duration":1,"time":4,"angle2":270},{"angle":270,"type":"hold","duration":1,"time":3,"angle2":270},{"angle":270,"type":"hold","duration":1,"time":2,"angle2":270},{"angle":270,"type":"hold","duration":1,"time":1,"angle2":270},{"angle":90,"type":"hold","duration":1,"time":6,"angle2":90},{"speedMult":2,"angle":135,"type":"side","time":7},{"angle":180,"time":9,"type":"block"},{"angle":180,"time":11,"type":"block"},{"angle":180,"time":13,"type":"block"},{"angle":90,"time":16,"type":"block"},{"angle":90,"type":"hold","duration":1,"time":17,"angle2":90},{"angle":90,"type":"hold","duration":1,"time":14,"angle2":90},{"speedMult":2,"angle":90,"type":"inverse","time":20},{"speedMult":2,"angle":90,"type":"inverse","time":21},{"speedMult":2,"angle":90,"type":"inverse","time":19},{"angle":180,"type":"hold","duration":1,"time":22,"angle2":180},{"angle":180,"type":"hold","duration":1,"time":23,"angle2":180},{"angle":180,"time":25,"type":"block"},{"angle":202.5,"time":25,"type":"block"},{"angle":157.5,"time":25,"type":"block"},{"angle":270,"type":"hold","duration":1,"time":31,"angle2":270},{"angle":292.5,"time":33,"type":"block"},{"angle":247.5,"time":33,"type":"block"},{"angle":270,"type":"hold","duration":1,"time":32,"angle2":270},{"speedMult":1.5,"angle":90,"type":"side","time":27},{"angle":315,"time":35,"type":"block"},{"angle":337.5,"time":35.5,"type":"block"},{"angle":22.5,"time":36,"type":"side"},{"angle":90,"type":"hold","duration":4,"time":37,"angle2":90},{"angle":67.5,"type":"hold","duration":3,"time":38,"angle2":67.5},{"angle":112.5,"type":"hold","duration":2,"time":39,"angle2":112.5},{"speedMult":1.5,"angle":67.5,"type":"side","time":27},{"speedMult":1.5,"angle":112.5,"type":"side","time":27},{"angle":270,"type":"hold","duration":1,"time":43,"angle2":270},{"angle":315,"time":45,"type":"block"},{"angle":0,"time":46,"type":"block"},{"angle":45,"time":47,"type":"block"},{"angle":90,"type":"hold","duration":1,"time":48,"angle2":90},{"angle":90,"type":"hold","duration":2,"time":50,"angle2":157.5},{"angle":67.5,"time":49,"type":"block"},{"angle":112.5,"time":49,"type":"block"},{"angle":0,"time":34,"type":"extraTap"},{"angle":0,"time":36,"type":"extraTap"},{"angle":0,"time":38,"type":"extraTap"},{"angle":0,"time":39.5,"type":"extraTap"},{"angle":0,"time":42,"type":"extraTap"},{"angle":360,"time":44,"type":"extraTap"},{"angle":22.5,"time":46,"type":"extraTap"},{"angle":0,"time":47.5,"type":"extraTap"},{"angle":360,"time":50,"type":"extraTap"},{"angle":0,"time":52,"type":"extraTap"},{"angle":0,"time":54,"type":"extraTap"},{"angle":0,"time":55.5,"type":"extraTap"},{"angle":90,"type":"hold","duration":1,"time":57,"angle2":112.5},{"angle":112.5,"type":"hold","duration":1,"time":58,"angle2":135},{"angle":135,"type":"hold","duration":1,"time":59,"angle2":157.5},{"angle":180,"time":61.5,"type":"block"},{"angle":180,"time":63.5,"type":"block"},{"angle":180,"type":"hold","duration":1,"time":64,"angle2":180},{"angle":180,"time":62.5,"type":"block"},{"angle":202.5,"type":"hold","duration":1,"time":64,"angle2":202.5},{"angle":157.5,"type":"hold","duration":1,"time":64,"angle2":157.5},{"angle":180,"time":53,"type":"block"},{"angle":225,"time":54,"type":"block"},{"angle":157.5,"time":55,"type":"block"},{"angle":247.5,"type":"hold","duration":0.5,"time":67,"angle2":270},{"angle":90,"type":"hold","duration":2,"time":75,"angle2":45},{"angle":67.5,"type":"hold","duration":1.5,"time":75.5,"angle2":45},{"angle":225,"time":66,"type":"block"},{"angle":315,"type":"hold","duration":1,"time":80,"angle2":315},{"angle":292.5,"time":81,"type":"block"},{"angle":337.5,"time":81,"type":"block"},{"angle":22.5,"time":77.5,"type":"block"},{"angle":337.5,"time":78.5,"type":"block"},{"angle":292.5,"time":79.5,"type":"block"},{"angle":270,"type":"hold","duration":1.5,"time":67.5,"angle2":337.5},{"angle":315,"time":82,"type":"block"},{"angle":292.5,"time":82.5,"type":"block"},{"angle":270,"time":86,"type":"block"},{"angle":270,"time":87,"type":"block"},{"angle":270,"type":"hold","duration":1.5,"time":87.5,"angle2":247.5},{"angle":247.5,"type":"hold","duration":1,"time":89,"angle2":225},{"angle":225,"type":"hold","duration":1,"time":90,"angle2":202.5},{"angle":202.5,"type":"hold","duration":2,"time":91,"angle2":157.5},{"angle":135,"time":93.5,"type":"block"},{"angle":90,"time":94.5,"type":"block"},{"angle":67.5,"type":"hold","duration":1,"time":95,"angle2":225},{"angle":315,"type":"hold","duration":4,"time":97,"angle2":427.5},{"angle":67.5,"type":"hold","duration":4,"time":101,"angle2":202.5},{"angle":225,"type":"hold","duration":1,"time":96,"angle2":315},{"angle":202.5,"type":"hold","duration":4,"time":105,"angle2":337.5},{"angle":-22.5,"type":"hold","duration":4,"time":109,"angle2":112.5},{"angle":135,"type":"hold","duration":4,"time":97,"angle2":247.5},{"angle":247.5,"type":"hold","duration":4,"time":101,"angle2":382.5},{"angle":45,"time":115,"type":"block"},{"angle":90,"time":125,"type":"block"},{"angle":67.5,"time":125,"type":"block"},{"angle":22.5,"type":"hold","duration":4,"time":105,"angle2":157.5},{"angle":157.5,"type":"hold","duration":4,"time":109,"angle2":292.5},{"angle":180,"time":118,"type":"block"},{"angle":135,"time":120,"type":"block"},{"angle":90,"time":121,"type":"block"},{"angle":45,"time":122,"type":"block"},{"angle":360,"time":123,"type":"block"},{"angle":270,"time":124.5,"type":"block"},{"angle":112.5,"time":125,"type":"block"},{"angle":0,"time":129,"type":"block"},{"angle":180,"time":131,"type":"block"},{"angle":270,"time":132,"type":"block"},{"angle":0,"time":133,"type":"block"},{"angle":90,"type":"hold","duration":0.5,"time":130,"angle2":135},{"angle":135,"type":"hold","duration":0.5,"time":130.5,"angle2":180},{"angle":225,"time":100,"type":"inverse"},{"angle":112.5,"time":102,"type":"inverse"},{"angle":337.5,"time":103.5,"type":"inverse"},{"angle":202.5,"time":105,"type":"inverse"},{"angle":337.5,"time":129,"type":"block"},{"angle":22.5,"time":129,"type":"block"},{"angle":292.5,"time":132,"type":"block"},{"angle":247.5,"time":132,"type":"block"},{"angle":337.5,"type":"hold","duration":1,"time":133,"angle2":360},{"angle":22.5,"type":"hold","duration":1,"time":133,"angle2":0},{"angle":67.5,"type":"hold","duration":1,"time":72,"angle2":67.5},{"angle":90,"type":"hold","duration":1,"time":72,"angle2":90},{"angle":112.5,"type":"hold","duration":1,"time":72,"angle2":112.5},{"angle":90,"type":"hold","duration":1,"time":73,"angle2":90},{"angle":112.5,"type":"hold","duration":1,"time":73,"angle2":112.5},{"angle":67.5,"type":"hold","duration":1,"time":73,"angle2":67.5},{"angle":270,"time":83.5,"type":"block"},{"angle":270,"type":"hold","duration":2,"time":84,"angle2":270},{"angle":360,"type":"hold","duration":1,"time":135,"angle2":270},{"angle":360,"time":134.5,"type":"block"},{"angle":157.5,"time":140,"type":"block"},{"angle":247.5,"time":136.5,"type":"block"},{"angle":202.5,"type":"hold","duration":1,"time":138,"angle2":180},{"angle":180,"type":"hold","duration":1,"time":139,"angle2":157.5},{"speedMult":1.7999999523163,"angle":90,"type":"side","time":141},{"angle":22.5,"time":142.5,"type":"block"},{"angle":337.5,"time":143.5,"type":"block"},{"angle":292.5,"time":144.5,"type":"block"},{"angle":270,"type":"hold","duration":1,"time":145,"angle2":315},{"angle":315,"type":"hold","duration":1,"time":146,"angle2":360},{"angle":0,"type":"hold","duration":1,"time":147,"angle2":45},{"angle":45,"type":"hold","duration":1,"time":148,"angle2":112.5},{"angle":135,"time":150,"type":"block"},{"angle":135,"type":"hold","duration":0.5,"time":150.5,"angle2":135},{"angle":135,"time":151.5,"type":"block"},{"angle":135,"time":152,"type":"block"},{"angle":90,"time":153,"type":"block"},{"angle":67.5,"time":153,"type":"block"},{"angle":112.5,"time":153,"type":"block"},{"angle":22.5,"type":"hold","duration":1,"time":155,"angle2":-67.5},{"angle":0,"type":"hold","duration":0.5,"time":155.5,"angle2":-67.5},{"angle":270,"time":156.5,"type":"block"},{"angle":292.5,"time":157,"type":"block"},{"angle":270,"time":157,"type":"block"},{"angle":247.5,"time":157,"type":"block"},{"angle":270,"type":"hold","duration":0.5,"time":158,"angle2":247.5},{"angle":292.5,"type":"hold","duration":0.5,"time":159,"angle2":315},{"angle":270,"type":"hold","duration":0.5,"time":160,"angle2":247.5},{"angle":270,"time":161,"type":"block"},{"angle":292.5,"time":162,"type":"block"},{"angle":315,"time":163,"type":"block"},{"angle":0,"time":164,"type":"block"},{"angle":337.5,"time":165,"type":"block"},{"angle":0,"time":165,"type":"block"},{"angle":22.5,"time":165,"type":"block"},{"angle":90,"type":"hold","duration":0.5,"time":166,"angle2":135},{"angle":135,"type":"hold","duration":0.5,"time":166.5,"angle2":180},{"angle":292.5,"time":168,"type":"block"},{"angle":270,"time":168,"type":"block"},{"angle":247.5,"time":168,"type":"block"},{"angle":337.5,"type":"hold","duration":1,"time":169,"angle2":360},{"angle":22.5,"type":"hold","duration":1,"time":169,"angle2":0},{"angle":0,"time":169,"type":"block"},{"angle":0,"time":170.5,"type":"block"},{"angle":0,"type":"hold","duration":1,"time":171,"angle2":-90},{"angle":225,"time":173,"type":"block"},{"angle":202.5,"time":174,"type":"block"},{"angle":247.5,"time":172.5,"type":"block"},{"angle":180,"type":"hold","duration":0.5,"time":174.5,"angle2":112.5},{"angle":112.5,"type":"hold","duration":0.5,"time":175,"angle2":0},{"angle":292.5,"time":177,"type":"block"},{"angle":270,"time":178,"type":"block"},{"angle":0,"type":"hold","duration":0.5,"time":175.5,"angle2":-90},{"angle":180,"time":22.5,"type":"block"},{"angle":292.5,"time":178.5,"type":"block"},{"angle":225,"time":179,"type":"block"},{"angle":292.5,"time":179.5,"type":"block"},{"angle":225,"time":180,"type":"block"},{"angle":270,"time":176.5,"type":"block"},{"angle":337.5,"time":181,"type":"block"},{"angle":0,"time":181,"type":"block"},{"angle":22.5,"time":181,"type":"block"},{"angle":202.5,"time":185,"type":"block"},{"angle":180,"time":185,"type":"block"},{"angle":157.5,"time":185,"type":"block"},{"angle":270,"type":"hold","duration":2,"time":182,"angle2":450},{"angle":0,"type":"hold","duration":1,"time":183,"angle2":90},{"angle":315,"type":"hold","duration":0.5,"time":182.5,"angle2":360},{"angle":180,"type":"hold","duration":0.5,"time":186.5,"angle2":112.5},{"angle":112.5,"type":"hold","duration":0.5,"time":187,"angle2":45},{"angle":45,"type":"hold","duration":0.5,"time":187.5,"angle2":-22.5},{"angle":337.5,"time":189,"type":"block"},{"angle":0,"time":189,"type":"block"},{"angle":22.5,"time":189,"type":"block"},{"angle":315,"time":190,"type":"extraTap"},{"angle":315,"time":191,"type":"extraTap"},{"angle":315,"time":192,"type":"extraTap"},{"angle":315,"time":193,"type":"extraTap"},{"tap":true,"type":"block","time":193,"angle":360},{"angle":0,"type":"hold","duration":0.5,"time":195,"angle2":0},{"angle":0,"type":"hold","duration":1.5,"time":195.5,"angle2":0},{"angle":0,"type":"hold","duration":4,"time":197,"angle2":607.5},{"speedMult":2,"angle":270,"type":"block","time":201},{"speedMult":2,"angle":225,"type":"block","time":201},{"angle":292.5,"type":"hold","duration":0.5,"time":203,"angle2":315},{"angle":360,"time":205,"type":"block"},{"angle":22.5,"time":205.5,"type":"block"},{"angle":45,"time":206,"type":"block"},{"angle":67.5,"time":206.5,"type":"block"},{"angle":90,"time":207,"type":"block"},{"angle":135,"type":"hold","duration":2,"endTap":true,"time":208,"angle2":180},{"angle":112.5,"type":"hold","duration":2.5,"endTap":true,"time":207.5,"angle2":157.5},{"angle":180,"time":211,"type":"inverse"},{"angle":180,"type":"hold","duration":1.5,"time":211.5,"angle2":180},{"angle":180,"time":211.5,"type":"inverse"},{"angle":202.5,"time":214,"type":"block"},{"angle":225,"time":214.5,"type":"block"},{"angle":180,"time":213.5,"type":"block"},{"angle":247.5,"type":"hold","duration":2,"time":215,"angle2":315},{"angle":270,"time":215.5,"type":"block"},{"angle":337.5,"time":218,"type":"block"},{"angle":0,"time":218.5,"type":"block"},{"angle":22.5,"time":219,"type":"block"},{"angle":315,"time":217.5,"type":"block"},{"angle":22.5,"type":"hold","duration":0.5,"time":220.5,"angle2":45},{"angle":45,"type":"hold","duration":0.5,"time":221,"angle2":22.5},{"angle":22.5,"type":"hold","duration":0.5,"time":221.5,"angle2":67.5},{"angle":67.5,"type":"hold","duration":0.5,"time":222,"angle2":22.5},{"angle":22.5,"type":"hold","duration":0.5,"time":222.5,"angle2":90},{"angle":90,"type":"hold","duration":0.5,"time":223,"angle2":22.5},{"angle":337.5,"time":224,"type":"inverse"},{"angle":360,"time":224,"type":"inverse"},{"angle":22.5,"time":224,"type":"inverse"},{"angle":22.5,"time":224,"type":"block"},{"angle":360,"time":224,"type":"block"},{"angle":337.5,"time":224,"type":"block"},{"angle":337.5,"type":"hold","duration":0.5,"time":225.5,"angle2":337.5},{"angle":337.5,"time":225,"type":"block"},{"angle":337.5,"type":"hold","duration":1,"time":226,"angle2":337.5},{"angle":337.5,"type":"hold","duration":1,"time":227,"angle2":337.5},{"angle":315,"time":229,"type":"block"},{"angle":292.5,"time":230,"type":"block"},{"angle":270,"type":"hold","duration":0.5,"time":231,"angle2":225},{"angle":225,"type":"hold","duration":0.5,"time":231.5,"angle2":292.5},{"angle":292.5,"type":"hold","duration":1,"time":232,"angle2":225},{"angle":225,"type":"hold","duration":1,"time":234,"angle2":157.5},{"angle":157.5,"type":"hold","duration":1.5,"time":235,"angle2":45},{"angle":22.5,"time":237,"type":"block"},{"angle":292.5,"type":"hold","duration":0.5,"time":239,"angle2":360},{"angle":292.5,"type":"hold","duration":1,"time":240,"angle2":427.5},{"angle":337.5,"time":238,"type":"block"},{"angle":360,"type":"hold","duration":0.5,"time":239.5,"angle2":292.5},{"angle":112.5,"type":"hold","duration":0,"time":242,"angle2":112.5},{"angle":90,"time":241.5,"type":"block"},{"angle":180,"type":"hold","duration":0,"time":10,"angle2":180},{"angle":180,"type":"hold","duration":0,"time":12,"angle2":180},{"angle":22.5,"type":"hold","duration":0,"time":29,"angle2":22.5},{"angle":0,"type":"hold","duration":0,"time":29,"angle2":0},{"angle":337.5,"type":"hold","duration":0,"time":29,"angle2":337.5},{"angle":180,"type":"hold","duration":0,"time":61,"angle2":180},{"angle":180,"type":"hold","duration":0,"time":63,"angle2":180},{"angle":67.5,"time":70.5,"type":"block"},{"angle":22.5,"type":"hold","duration":0,"time":70,"angle2":22.5},{"angle":157.5,"type":"hold","duration":1.5,"time":243,"angle2":225},{"angle":247.5,"type":"hold","duration":0,"time":245,"angle2":247.5},{"angle":270,"type":"hold","duration":3,"time":246,"angle2":270},{"angle":270,"time":247,"type":"block"},{"angle":270,"time":247.5,"type":"block"},{"angle":270,"time":248,"type":"block"},{"angle":292.5,"type":"hold","duration":0,"time":249,"angle2":292.5},{"angle":247.5,"type":"hold","duration":0,"time":249,"angle2":247.5},{"angle":0,"type":"hold","duration":0,"time":78,"angle2":0},{"angle":315,"type":"hold","duration":0,"time":79,"angle2":315},{"angle":112.5,"type":"hold","duration":0,"time":94,"angle2":112.5},{"angle":22.5,"type":"hold","duration":0,"time":117,"angle2":22.5},{"angle":337.5,"type":"hold","duration":0,"time":119,"angle2":337.5},{"angle":292.5,"type":"hold","duration":0,"time":120.5,"angle2":292.5},{"angle":247.5,"type":"hold","duration":0,"time":121.5,"angle2":247.5},{"angle":202.5,"type":"hold","duration":0,"time":122.5,"angle2":202.5},{"angle":157.5,"type":"hold","duration":0,"time":123.25,"angle2":157.5},{"angle":90,"type":"hold","duration":0,"time":124.75,"angle2":90},{"angle":225,"type":"hold","duration":0,"time":137,"angle2":225},{"speedMult":2,"angle":292.5,"type":"block","time":1},{"speedMult":2,"angle":247.5,"type":"block","time":1},{"speedMult":2,"angle":247.5,"type":"block","time":3},{"speedMult":2,"angle":292.5,"type":"block","time":3},{"speedMult":2,"angle":292.5,"type":"block","time":5},{"speedMult":2,"angle":247.5,"type":"block","time":5},{"angle":292.5,"type":"hold","duration":0,"time":125,"angle2":292.5},{"angle":270,"type":"hold","duration":0,"time":125,"angle2":270},{"angle":247.5,"type":"hold","duration":0,"time":125,"angle2":247.5},{"angle":270,"type":"hold","duration":1,"time":253,"angle2":630},{"angle":270,"time":249,"type":"inverse"},{"angle":270,"time":249.5,"type":"inverse"},{"angle":270,"time":250,"type":"inverse"},{"angle":270,"time":250.5,"type":"inverse"},{"angle":270,"time":251,"type":"inverse"},{"angle":270,"time":251.5,"type":"inverse"},{"angle":270,"time":252,"type":"inverse"},{"angle":315,"type":"hold","duration":4,"time":257,"angle2":427.5},{"angle":135,"type":"hold","duration":4,"time":257,"angle2":247.5},{"angle":67.5,"type":"hold","duration":4,"time":261,"angle2":202.5},{"angle":247.5,"type":"hold","duration":4,"time":261,"angle2":382.5},{"angle":90,"time":262,"type":"inverse"},{"angle":315,"time":263.5,"type":"inverse"},{"angle":225,"time":265,"type":"inverse"},{"angle":315,"type":"hold","duration":0,"time":144,"angle2":315},{"angle":0,"type":"hold","duration":0,"time":143,"angle2":0},{"angle":45,"type":"hold","duration":0,"time":142,"angle2":45},{"angle":202.5,"type":"hold","duration":4,"time":265,"angle2":337.5},{"angle":-22.5,"type":"hold","duration":4,"time":269,"angle2":112.5},{"angle":22.5,"type":"hold","duration":4,"time":265,"angle2":157.5},{"angle":157.5,"type":"hold","duration":4,"time":269,"angle2":292.5},{"angle":225,"time":265,"type":"inverse"},{"angle":315,"time":123.5,"type":"block"},{"angle":112.5,"type":"hold","duration":0,"time":123.75,"angle2":112.5},{"angle":270,"time":124,"type":"block"},{"angle":90,"type":"hold","duration":0,"time":124.25,"angle2":90},{"angle":45,"time":275,"type":"block"},{"angle":90,"time":285,"type":"block"},{"angle":67.5,"time":285,"type":"block"},{"angle":180,"time":278,"type":"block"},{"angle":135,"time":280,"type":"block"},{"angle":90,"time":281,"type":"block"},{"angle":45,"time":282,"type":"block"},{"angle":360,"time":283,"type":"block"},{"angle":270,"time":284.5,"type":"block"},{"angle":112.5,"time":285,"type":"block"},{"angle":0,"time":289,"type":"block"},{"angle":180,"time":291,"type":"block"},{"angle":270,"time":292,"type":"block"},{"angle":0,"time":293,"type":"block"},{"angle":90,"type":"hold","duration":0.5,"time":290,"angle2":135},{"angle":135,"type":"hold","duration":0.5,"time":290.5,"angle2":180},{"angle":337.5,"time":289,"type":"block"},{"angle":22.5,"time":289,"type":"block"},{"angle":292.5,"time":292,"type":"block"},{"angle":247.5,"time":292,"type":"block"},{"angle":337.5,"type":"hold","duration":1,"time":293,"angle2":360},{"angle":22.5,"type":"hold","duration":1,"time":293,"angle2":0},{"angle":360,"type":"hold","duration":1,"time":295,"angle2":270},{"angle":360,"time":294.5,"type":"block"},{"angle":157.5,"time":300,"type":"block"},{"angle":247.5,"time":296.5,"type":"block"},{"angle":202.5,"type":"hold","duration":1,"time":298,"angle2":180},{"angle":180,"type":"hold","duration":1,"time":299,"angle2":157.5},{"angle":90,"time":301,"type":"side"},{"angle":22.5,"time":302.5,"type":"block"},{"angle":337.5,"time":303.5,"type":"block"},{"angle":292.5,"time":304.5,"type":"block"},{"angle":270,"type":"hold","duration":1,"time":305,"angle2":315},{"angle":315,"type":"hold","duration":1,"time":306,"angle2":360},{"angle":0,"type":"hold","duration":1,"time":307,"angle2":45},{"angle":45,"type":"hold","duration":1,"time":308,"angle2":112.5},{"angle":135,"time":310,"type":"block"},{"angle":135,"type":"hold","duration":0.5,"time":310.5,"angle2":135},{"angle":135,"time":311.5,"type":"block"},{"angle":135,"time":312,"type":"block"},{"angle":90,"time":313,"type":"block"},{"angle":67.5,"time":313,"type":"block"},{"angle":112.5,"time":313,"type":"block"},{"angle":22.5,"type":"hold","duration":1,"time":315,"angle2":-67.5},{"angle":0,"type":"hold","duration":0.5,"time":315.5,"angle2":-67.5},{"angle":270,"time":316.5,"type":"block"},{"angle":292.5,"time":317,"type":"block"},{"angle":270,"time":317,"type":"block"},{"angle":247.5,"time":317,"type":"block"},{"angle":270,"type":"hold","duration":0.5,"time":318,"angle2":247.5},{"angle":292.5,"type":"hold","duration":0.5,"time":319,"angle2":315},{"angle":270,"type":"hold","duration":0.5,"time":320,"angle2":247.5},{"angle":270,"time":321,"type":"block"},{"angle":292.5,"time":322,"type":"block"},{"angle":315,"time":323,"type":"block"},{"angle":0,"time":324,"type":"block"},{"angle":337.5,"time":325,"type":"block"},{"angle":0,"time":325,"type":"block"},{"angle":22.5,"time":325,"type":"block"},{"angle":90,"type":"hold","duration":0.5,"time":326,"angle2":135},{"angle":135,"type":"hold","duration":0.5,"time":326.5,"angle2":180},{"angle":292.5,"time":328,"type":"block"},{"angle":270,"time":328,"type":"block"},{"angle":247.5,"time":328,"type":"block"},{"angle":337.5,"type":"hold","duration":1,"time":329,"angle2":360},{"angle":22.5,"type":"hold","duration":1,"time":329,"angle2":0},{"angle":0,"time":329,"type":"block"},{"angle":0,"time":330.5,"type":"block"},{"angle":0,"type":"hold","duration":1,"time":331,"angle2":-90},{"angle":225,"time":333,"type":"block"},{"angle":202.5,"time":334,"type":"block"},{"angle":247.5,"time":332.5,"type":"block"},{"angle":180,"type":"hold","duration":0.5,"time":334.5,"angle2":112.5},{"angle":112.5,"type":"hold","duration":0.5,"time":335,"angle2":0},{"angle":292.5,"time":337,"type":"block"},{"angle":270,"time":338,"type":"block"},{"angle":0,"type":"hold","duration":0.5,"time":335.5,"angle2":-90},{"angle":292.5,"time":338.5,"type":"block"},{"angle":225,"time":339,"type":"block"},{"angle":292.5,"time":339.5,"type":"block"},{"angle":225,"time":340,"type":"block"},{"angle":270,"time":336.5,"type":"block"},{"angle":337.5,"time":341,"type":"block"},{"angle":0,"time":341,"type":"block"},{"angle":22.5,"time":341,"type":"block"},{"angle":202.5,"time":345,"type":"block"},{"angle":180,"time":345,"type":"block"},{"angle":157.5,"time":345,"type":"block"},{"angle":270,"type":"hold","duration":2,"time":342,"angle2":450},{"angle":0,"type":"hold","duration":1,"time":343,"angle2":90},{"angle":315,"type":"hold","duration":0.5,"time":342.5,"angle2":360},{"angle":180,"type":"hold","duration":0.5,"time":346.5,"angle2":112.5},{"angle":112.5,"type":"hold","duration":0.5,"time":347,"angle2":45},{"angle":45,"type":"hold","duration":0.5,"time":347.5,"angle2":-22.5},{"angle":337.5,"time":349,"type":"block"},{"angle":0,"time":349,"type":"block"},{"angle":22.5,"time":349,"type":"block"},{"angle":315,"time":350,"type":"extraTap"},{"angle":315,"time":351,"type":"extraTap"},{"angle":315,"time":352,"type":"extraTap"},{"angle":22.5,"type":"hold","duration":0,"time":277,"angle2":22.5},{"angle":337.5,"type":"hold","duration":0,"time":279,"angle2":337.5},{"angle":292.5,"type":"hold","duration":0,"time":280.5,"angle2":292.5},{"angle":247.5,"type":"hold","duration":0,"time":281.5,"angle2":247.5},{"angle":202.5,"type":"hold","duration":0,"time":282.5,"angle2":202.5},{"angle":157.5,"type":"hold","duration":0,"time":283.25,"angle2":157.5},{"angle":90,"type":"hold","duration":0,"time":284.75,"angle2":90},{"angle":225,"type":"hold","duration":0,"time":297,"angle2":225},{"angle":292.5,"type":"hold","duration":0,"time":285,"angle2":292.5},{"angle":270,"type":"hold","duration":0,"time":285,"angle2":270},{"angle":247.5,"type":"hold","duration":0,"time":285,"angle2":247.5},{"angle":315,"type":"hold","duration":0,"time":304,"angle2":315},{"angle":0,"type":"hold","duration":0,"time":303,"angle2":0},{"angle":45,"type":"hold","duration":0,"time":302,"angle2":45},{"angle":315,"time":283.5,"type":"block"},{"angle":112.5,"type":"hold","duration":0,"time":283.75,"angle2":112.5},{"angle":270,"time":284,"type":"block"},{"angle":90,"type":"hold","duration":0,"time":284.25,"angle2":90},{"angle":337.5,"type":"hold","duration":20,"time":353,"angle2":337.5},{"angle":315,"type":"hold","duration":20,"time":353,"angle2":315},{"angle":292.5,"type":"hold","duration":20,"time":353,"angle2":292.5},{"angle":270,"type":"hold","duration":20,"time":353,"angle2":270},{"angle":247.5,"type":"hold","duration":20,"time":353,"angle2":247.5},{"angle":225,"type":"hold","duration":20,"time":353,"angle2":225},{"angle":202.5,"type":"hold","duration":20,"time":353,"angle2":202.5},{"angle":180,"type":"hold","duration":20,"time":353,"angle2":180},{"angle":157.5,"type":"hold","duration":20,"time":353,"angle2":157.5},{"angle":135,"type":"hold","duration":20,"time":353,"angle2":135},{"angle":112.5,"type":"hold","duration":20,"time":353,"angle2":112.5},{"angle":90,"type":"hold","duration":20,"time":353,"angle2":90},{"angle":67.5,"type":"hold","duration":20,"time":353,"angle2":67.5},{"angle":45,"type":"hold","duration":20,"time":353,"angle2":45},{"angle":22.5,"type":"hold","duration":20,"time":353,"angle2":22.5},{"angle":90,"type":"hold","duration":0,"time":14.5,"angle2":90},{"angle":67.5,"type":"hold","duration":0,"time":71,"angle2":67.5},{"angle":360,"type":"hold","duration":20,"time":353,"angle2":360},{"angle":0,"type":"mineHold","duration":3,"time":1,"holdEase":"outQuad","angle2":0},{"angle":180,"type":"mineHold","duration":3,"time":1,"holdEase":"outQuad","angle2":180},{"angle":157.5,"type":"mineHold","duration":3,"time":1,"holdEase":"outQuad","angle2":157.5},{"angle":135,"type":"mineHold","duration":3,"time":1,"holdEase":"outQuad","angle2":135},{"angle":112.5,"type":"mineHold","duration":3,"time":1,"holdEase":"outQuad","angle2":112.5},{"angle":90,"type":"mineHold","duration":3,"time":1,"holdEase":"outQuad","angle2":90},{"angle":67.5,"type":"mineHold","duration":3,"time":1,"holdEase":"outQuad","angle2":67.5},{"angle":45,"type":"mineHold","duration":3,"time":1,"holdEase":"outQuad","angle2":45},{"angle":22.5,"type":"mineHold","duration":3,"time":1,"holdEase":"outQuad","angle2":22.5},{"speedMult":2,"angle":247.5,"type":"mineHold","duration":3,"time":9,"angle2":247.5},{"speedMult":2,"angle":270,"type":"mineHold","duration":3,"time":9,"angle2":270},{"speedMult":2,"angle":292.5,"type":"mineHold","duration":3,"time":9,"angle2":292.5},{"speedMult":2,"angle":337.5,"type":"mineHold","duration":3,"time":9,"angle2":337.5},{"speedMult":2,"angle":315,"type":"mineHold","duration":3,"time":9,"angle2":315},{"speedMult":2,"angle":0,"type":"mineHold","duration":3,"time":9,"angle2":0},{"speedMult":2,"angle":22.5,"type":"mineHold","duration":3,"time":9,"angle2":22.5},{"speedMult":2,"angle":45,"type":"mineHold","duration":3,"time":9,"angle2":45},{"speedMult":2,"angle":90,"type":"mineHold","duration":3,"time":9,"angle2":90},{"speedMult":2,"angle":67.5,"type":"mineHold","duration":3,"time":9,"angle2":67.5},{"speedMult":2,"angle":112.5,"type":"mineHold","duration":3,"time":9,"angle2":112.5},{"speedMult":2,"angle":0,"type":"mineHold","duration":3,"time":14,"holdEase":"outQuad","angle2":0},{"speedMult":2,"angle":270,"type":"mineHold","duration":2,"time":15,"holdEase":"outQuad","angle2":270},{"speedMult":2,"angle":180,"type":"mineHold","duration":1,"time":16,"holdEase":"outQuad","angle2":180},{"angle":247.5,"type":"mineHold","duration":0,"time":25,"angle2":472.5},{"angle":292.5,"type":"mineHold","duration":0,"time":29,"angle2":67.5},{"angle":22.5,"type":"mineHold","duration":1,"time":33,"angle2":22.5},{"angle":45,"type":"mineHold","duration":1,"time":33,"angle2":45},{"angle":90,"type":"mineHold","duration":1,"time":33,"angle2":90},{"angle":112.5,"type":"mineHold","duration":1,"time":33,"angle2":112.5},{"angle":67.5,"type":"mineHold","duration":1,"time":33,"angle2":67.5},{"angle":135,"type":"mineHold","duration":1,"time":33,"angle2":135},{"angle":157.5,"type":"mineHold","duration":1,"time":33,"angle2":157.5},{"angle":202.5,"type":"mineHold","duration":1,"time":33,"angle2":202.5},{"angle":180,"type":"mineHold","duration":1,"time":33,"angle2":180},{"angle":0,"type":"mineHold","duration":1,"time":33,"angle2":0},{"angle":337.5,"type":"mineHold","duration":1,"time":33,"angle2":337.5},{"angle":180,"type":"mineHold","duration":2,"time":37,"angle2":180},{"angle":202.5,"type":"mineHold","duration":2,"time":37,"angle2":202.5},{"angle":225,"type":"mineHold","duration":2,"time":37,"angle2":225},{"angle":247.5,"type":"mineHold","duration":2,"time":37,"angle2":247.5},{"angle":292.5,"type":"mineHold","duration":2,"time":37,"angle2":292.5},{"angle":270,"type":"mineHold","duration":2,"time":37,"angle2":270},{"angle":315,"type":"mineHold","duration":2,"time":37,"angle2":315},{"angle":337.5,"type":"mineHold","duration":2,"time":37,"angle2":337.5},{"angle":0,"type":"mineHold","duration":2,"time":37,"angle2":0},{"angle":22.5,"type":"mineHold","duration":2,"time":37,"angle2":22.5},{"angle":157.5,"type":"mineHold","duration":2,"time":37,"angle2":157.5},{"speedMult":3,"angle":337.5,"type":"mineHold","duration":1,"time":64,"angle2":337.5},{"speedMult":3,"angle":360,"type":"mineHold","duration":1,"time":64,"angle2":360},{"speedMult":3,"angle":22.5,"type":"mineHold","duration":1,"time":64,"angle2":22.5},{"angle":315,"time":201,"type":"mine"},{"angle":337.5,"time":201,"type":"mine"},{"angle":0,"time":201,"type":"mine"},{"angle":22.5,"time":201,"type":"mine"},{"angle":45,"time":201,"type":"mine"},{"angle":90,"time":201,"type":"mine"},{"angle":67.5,"time":201,"type":"mine"},{"angle":112.5,"time":201,"type":"mine"},{"angle":157.5,"time":201,"type":"mine"},{"angle":135,"time":201,"type":"mine"},{"angle":180,"time":201,"type":"mine"}]