{"properties":{"startBeat":0,"speed":70,"formatversion":12,"offset":8},"metadata":{"artistLink":"https://open.spotify.com/track/6aJn7Cst74cj4lNIiPRgav?si=eca37950156140fc","songName":"Touch!","artist":"KATSEYE","description":"stan katseye !!!!!!!!!!!\npretty beginner friendly, if you want a challenge try playing on 1.4x speed.\n\n**mild flash warning**\n","difficulty":0,"bgData":{"blueChannel":{"b":82,"g":31,"r":109},"image":"TOUCH.png","redChannel":{"b":179,"g":179,"r":250}},"bg":true,"charter":"sonia"},"events":[{"volume":0.5,"angle":180,"bpm":167.05400085449,"type":"play","file":"touch.ogg.ogg","time":0,"offset":0.23000000417233},{"time":95,"ease":"outQuad","enabled":true,"angle":45,"newAngle":180,"duration":1,"paddle":2,"type":"paddles"},{"time":124,"angle":292.5,"type":"paddles","duration":0.5,"newWidth":100,"paddle":1,"ease":"linear"},{"time":124,"angle":225,"type":"paddles","duration":0.5,"newWidth":100,"paddle":2,"ease":"linear"},{"newWidth":70,"time":125,"ease":"linear","enabled":true,"angle":90,"type":"paddles","duration":3,"paddle":1},{"newWidth":80,"paddle":2,"ease":"linear","enabled":false,"angle":315,"type":"paddles","duration":1,"newAngle":0,"time":125.5},{"time":152,"angle":90,"type":"paddles","duration":0.5,"newWidth":80,"paddle":1,"ease":"linear"},{"time":256,"ease":"inOutQuad","enabled":true,"angle":90,"newAngle":180,"duration":1,"paddle":2,"type":"paddles"},{"time":284,"angle":292.5,"type":"paddles","duration":0.5,"newWidth":100,"paddle":1,"ease":"linear"},{"time":284,"angle":225,"type":"paddles","duration":0.5,"newWidth":100,"paddle":2,"ease":"linear"},{"newWidth":70,"time":285,"ease":"linear","enabled":true,"angle":90,"type":"paddles","duration":3,"paddle":1},{"newWidth":80,"paddle":2,"ease":"linear","enabled":false,"angle":315,"type":"paddles","duration":1,"newAngle":0,"time":285.5},{"time":312,"angle":90,"type":"paddles","duration":0.5,"newWidth":80,"paddle":1,"ease":"linear"},{"time":352,"angle":270,"type":"paddles","duration":0.5,"newWidth":360,"paddle":1,"ease":"linear"},{"angle":292.5,"time":357,"type":"showResults"},{"order":1,"b":179,"time":1,"color":0,"r":250,"g":179,"type":"setColor","angle":315},{"order":0,"b":82,"time":1,"color":1,"r":109,"g":31,"type":"setColor","angle":315},{"order":1,"b":179,"time":3,"color":1,"r":250,"g":179,"type":"setColor","angle":315},{"order":0,"b":82,"time":3,"color":0,"r":109,"g":31,"type":"setColor","angle":225},{"order":1,"b":179,"time":5,"color":0,"r":250,"g":179,"type":"setColor","angle":315},{"order":0,"b":82,"time":5,"color":1,"r":109,"g":31,"type":"setColor","angle":225},{"order":1,"b":82,"time":25,"color":0,"r":109,"g":31,"type":"setColor","angle":225},{"order":0,"b":179,"time":25,"color":1,"r":250,"g":179,"type":"setColor","angle":135},{"order":0,"b":179,"time":29,"color":0,"r":250,"g":179,"type":"setColor","angle":45},{"order":1,"b":82,"time":29,"color":1,"r":109,"g":31,"type":"setColor","angle":315},{"order":1,"b":82,"time":33,"color":0,"r":109,"g":31,"type":"setColor","angle":315},{"order":0,"b":179,"time":33,"color":1,"r":250,"g":179,"type":"setColor","angle":315},{"order":0,"b":179,"time":64,"color":0,"r":250,"g":179,"type":"setColor","angle":135},{"order":1,"b":82,"time":64,"color":1,"r":109,"g":31,"type":"setColor","angle":112.5},{"order":1,"b":82,"time":97,"color":0,"r":109,"g":31,"type":"setColor","angle":337.5},{"order":0,"b":179,"time":97,"color":1,"r":250,"g":179,"type":"setColor","angle":157.5},{"order":0,"b":179,"time":125,"color":0,"r":250,"g":179,"type":"setColor","angle":337.5},{"order":1,"b":82,"time":125,"color":1,"r":109,"g":31,"type":"setColor","angle":0},{"order":1,"b":82,"time":129,"color":0,"r":109,"g":31,"type":"setColor","angle":315},{"order":0,"b":179,"time":129,"color":1,"r":250,"g":179,"type":"setColor","angle":45},{"order":1,"b":82,"time":132,"color":1,"r":109,"g":31,"type":"setColor","angle":315},{"order":0,"b":179,"time":132,"color":0,"r":250,"g":179,"type":"setColor","angle":337.5},{"order":0,"b":179,"time":153,"color":1,"r":250,"g":179,"type":"setColor","angle":45},{"order":1,"b":82,"time":153,"color":0,"r":109,"g":31,"type":"setColor","angle":22.5},{"order":1,"b":82,"time":165,"color":1,"r":109,"g":31,"type":"setColor","angle":315},{"order":0,"b":179,"time":165,"color":0,"r":250,"g":179,"type":"setColor","angle":292.5},{"order":1,"b":82,"time":168,"color":0,"r":109,"g":31,"type":"setColor","angle":315},{"order":0,"b":179,"time":168,"color":1,"r":250,"g":179,"type":"setColor","angle":337.5},{"order":1,"b":82,"time":185,"color":1,"r":109,"g":31,"type":"setColor","angle":225},{"order":0,"b":179,"time":185,"color":0,"r":250,"g":179,"type":"setColor","angle":247.5},{"order":1,"b":82,"time":189,"color":0,"r":109,"g":31,"type":"setColor","angle":315},{"order":0,"b":179,"time":189,"color":1,"r":250,"g":179,"type":"setColor","angle":292.5},{"order":1,"b":82,"time":193,"color":1,"r":109,"g":31,"type":"setColor","angle":22.5},{"order":0,"b":179,"time":193,"color":0,"r":250,"g":179,"type":"setColor","angle":45},{"order":1,"b":82,"time":224,"color":0,"r":109,"g":31,"type":"setColor","angle":315},{"order":0,"b":179,"time":224,"color":1,"r":250,"g":179,"type":"setColor","angle":292.5},{"order":0,"b":179,"time":249,"color":0,"r":250,"g":179,"type":"setColor","angle":315},{"order":1,"b":82,"time":249,"color":1,"r":109,"g":31,"type":"setColor","angle":337.5},{"order":1,"b":82,"time":254,"color":0,"r":109,"g":31,"type":"setColor","angle":292.5},{"order":0,"b":179,"time":254,"color":1,"r":250,"g":179,"type":"setColor","angle":315},{"order":1,"b":82,"time":257,"color":1,"r":109,"g":31,"type":"setColor","angle":337.5},{"order":0,"b":179,"time":257,"color":0,"r":250,"g":179,"type":"setColor","angle":360},{"order":1,"b":82,"time":285,"color":0,"r":109,"g":31,"type":"setColor","angle":0},{"order":0,"b":179,"time":285,"color":1,"r":250,"g":179,"type":"setColor","angle":22.5},{"order":1,"b":82,"time":289,"color":1,"r":109,"g":31,"type":"setColor","angle":315},{"order":0,"b":179,"time":289,"color":0,"r":250,"g":179,"type":"setColor","angle":292.5},{"order":0,"b":179,"time":292,"color":1,"r":250,"g":179,"type":"setColor","angle":315},{"order":1,"b":82,"time":292,"color":0,"r":109,"g":31,"type":"setColor","angle":337.5},{"order":1,"b":82,"time":313,"color":1,"r":109,"g":31,"type":"setColor","angle":45},{"order":0,"b":179,"time":313,"color":0,"r":250,"g":179,"type":"setColor","angle":22.5},{"order":0,"b":179,"time":345,"color":1,"r":250,"g":179,"type":"setColor","angle":225},{"order":1,"b":82,"time":345,"color":0,"r":109,"g":31,"type":"setColor","angle":247.5},{"order":1,"b":82,"time":349,"color":1,"r":109,"g":31,"type":"setColor","angle":45},{"order":0,"b":179,"time":349,"color":0,"r":250,"g":179,"type":"setColor","angle":67.5},{"drawLayer":"bg","id":"1","time":1,"hide":false,"angle":315,"type":"deco","x":221,"y":100,"sprite":"logo!LogoLoop"},{"r":255,"angle":315,"type":"setColor","b":255,"g":255,"time":1,"color":2},{"color":3,"angle":315,"type":"setColor","b":82,"g":31,"time":1,"r":109},{"drawLayer":"bg","sy":2,"id":"2","time":33,"hide":false,"sx":2,"angle":225,"type":"deco","x":200,"y":105,"sprite":"phone!PhoneLoop"},{"drawLayer":"bg","hide":true,"type":"deco","id":"2","time":64,"angle":90},{"angle":67.5,"color":2,"type":"setColor","b":255,"g":255,"time":64,"r":255},{"color":3,"angle":45,"type":"setColor","b":82,"g":31,"time":64,"r":109},{"r":250,"color":2,"type":"setColor","b":179,"g":179,"time":33,"angle":315},{"type":"setColor","color":3,"r":199,"b":142,"g":102,"time":33,"angle":315},{"drawLayer":"bg","angle":225,"type":"deco","hide":false,"id":"1","time":64,"sprite":"logo!LogoLoop"},{"drawLayer":"bg","hide":true,"type":"deco","id":"1","time":33,"angle":225},{"drawLayer":"bg","id":"3","time":97,"sy":3,"sx":3,"angle":0,"type":"deco","x":150,"y":27,"sprite":"moon!MoonLoop"},{"drawLayer":"bg","hide":true,"type":"deco","id":"1","time":97,"angle":22.5},{"r":255,"color":2,"type":"setColor","b":255,"g":255,"time":97,"angle":45},{"type":"setColor","angle":67.5,"r":250,"b":179,"g":179,"time":97,"color":3},{"drawLayer":"bg","angle":270,"type":"deco","hide":false,"id":"1","time":129,"sprite":"logo!LogoLoop"},{"hide":true,"type":"deco","id":"3","time":129,"angle":292.5},{"type":"setColor","angle":225,"r":255,"b":255,"g":255,"time":129,"color":2},{"type":"setColor","angle":247.5,"r":109,"b":82,"g":31,"time":129,"color":3},{"drawLayer":"bg","hide":true,"type":"deco","id":"1","time":249,"angle":0},{"drawLayer":"bg","time":249,"id":"2","sy":2,"angle":22.5,"sx":2,"hide":false,"type":"deco","x":200,"y":105,"sprite":"phone!PhoneLoop"},{"r":250,"color":2,"type":"setColor","b":179,"g":179,"time":249,"angle":45},{"r":199,"color":3,"type":"setColor","b":142,"g":102,"time":249,"angle":67.5},{"drawLayer":"bg","hide":true,"type":"deco","id":"2","time":257,"angle":22.5},{"drawLayer":"bg","time":257,"sx":3,"sy":3,"angle":45,"id":"3","hide":false,"type":"deco","x":150,"y":27,"sprite":"moon!MoonLoop"},{"r":199,"color":3,"type":"setColor","b":142,"g":102,"time":257,"angle":67.5},{"type":"setColor","color":2,"r":255,"b":255,"g":255,"time":257,"angle":90},{"r":109,"angle":270,"type":"setColor","b":82,"g":31,"time":289,"color":3},{"type":"setColor","color":2,"r":255,"b":255,"g":255,"time":289,"angle":247.5},{"drawLayer":"bg","angle":225,"type":"deco","hide":false,"id":"1","time":289,"sprite":"logo!LogoLoop"},{"hide":true,"type":"deco","id":"3","time":289,"angle":202.5}]}