[{"time":1,"duration":5,"type":"hold","angle2":112.5,"angle":0},{"time":6,"duration":4.75,"type":"hold","angle2":-45,"angle":112.5},{"time":10.75,"duration":4.75,"type":"hold","angle2":22.5,"angle":315},{"time":15.5,"duration":5,"type":"hold","angle2":90,"angle":22.5},{"time":20.799999237061,"type":"inverse","angle":427.5},{"time":20.549999237061,"type":"inverse","angle":450},{"time":21.5,"tap":true,"angle":90,"type":"block"},{"time":21.75,"type":"block","angle":67.5},{"time":23.5,"type":"block","angle":337.5},{"time":23.5,"type":"block","angle":22.5},{"time":23.5,"tap":true,"angle":360,"type":"block"},{"time":24.5,"type":"block","angle":202.5},{"time":24.5,"tap":true,"angle":180,"type":"block"},{"time":24.5,"type":"block","angle":157.5},{"time":25.25,"type":"inverse","angle":180},{"time":25.5,"type":"inverse","angle":225},{"time":28,"tap":true,"angle":315,"type":"block"},{"time":28,"type":"block","angle":337.5},{"time":28,"type":"block","angle":292.5},{"time":26,"tap":true,"angle":225,"type":"block"},{"time":26.25,"type":"block","angle":225},{"time":29,"type":"block","angle":67.5},{"time":29,"tap":true,"angle":90,"type":"block"},{"time":29,"type":"block","angle":112.5},{"time":30,"type":"inverse","angle":67.5},{"time":29.75,"type":"inverse","angle":80.5},{"time":30,"tap":true,"angle":45,"type":"block"},{"time":30.5,"type":"block","angle":0},{"time":32,"angle":337.5,"speedMult":3,"type":"block"},{"time":32,"tap":true,"speedMult":3,"angle":360,"type":"block"},{"time":32,"angle":22.5,"speedMult":3,"type":"block"},{"time":33,"angle":337.5,"speedMult":3,"type":"block"},{"time":33,"tap":true,"speedMult":3,"angle":0,"type":"block"},{"time":33,"angle":22.5,"speedMult":3,"type":"block"},{"time":33.75,"type":"block","angle":360},{"time":34.799999237061,"angle":0,"speedMult":2,"type":"block"},{"time":34.900001525879,"angle":10,"speedMult":2,"type":"block"},{"time":35,"angle":20,"speedMult":2,"type":"block"},{"time":35.099998474121,"angle":30,"speedMult":2,"type":"block"},{"time":35.200000762939,"angle":40,"speedMult":2,"type":"block"},{"time":35.299999237061,"angle":50,"speedMult":2,"type":"block"},{"time":35.400001525879,"angle":60,"speedMult":2,"type":"block"},{"time":35.599998474121,"angle":80,"speedMult":2,"type":"block"},{"time":36.5,"angle":170,"speedMult":2,"type":"block"},{"time":35.700000762939,"angle":90,"speedMult":2,"type":"block"},{"time":35.799999237061,"angle":100,"speedMult":2,"type":"block"},{"time":35.900001525879,"angle":110,"speedMult":2,"type":"block"},{"time":36,"angle":120,"speedMult":2,"type":"block"},{"time":36.099998474121,"angle":130,"speedMult":2,"type":"block"},{"time":36.200000762939,"angle":140,"speedMult":2,"type":"block"},{"time":36.299999237061,"angle":150,"speedMult":2,"type":"block"},{"time":36.400001525879,"angle":160,"speedMult":2,"type":"block"},{"time":36.599998474121,"angle":180,"speedMult":2,"type":"block"},{"time":35.5,"angle":70,"speedMult":2,"type":"block"},{"time":38,"tap":true,"speedMult":2,"angle":270,"type":"block"},{"time":36.700000762939,"angle":190,"speedMult":2,"type":"block"},{"time":36.799999237061,"angle":200,"speedMult":2,"type":"block"},{"time":36.900001525879,"angle":210,"speedMult":2,"type":"block"},{"time":37,"angle":220,"speedMult":2,"type":"block"},{"time":37.099998474121,"angle":230,"speedMult":2,"type":"block"},{"time":37.200000762939,"angle":240,"speedMult":2,"type":"block"},{"time":37.400001525879,"angle":260,"speedMult":2,"type":"block"},{"time":37.299999237061,"angle":250,"speedMult":2,"type":"block"},{"time":37.5,"angle":270,"speedMult":2,"type":"block"},{"time":40,"angle":270,"speedMult":2,"type":"block"},{"time":40.5,"angle":315,"speedMult":2,"type":"block"},{"time":41.5,"tap":true,"speedMult":2,"angle":90,"type":"block"},{"time":42.5,"tap":true,"speedMult":2,"angle":360,"type":"block"},{"time":44.5,"tap":true,"type":"block","angle":270,"speedMult":2},{"time":43.5,"tap":true,"type":"block","angle":180,"speedMult":2},{"time":47.5,"startTap":true,"endTap":true,"type":"hold","duration":1,"speedMult":1.5,"angle2":-22.5,"angle":0},{"time":48.5,"duration":1.5,"speedMult":1.5,"type":"hold","angle":337.5,"angle2":742.5},{"time":46,"duration":0.30000001192093,"speedMult":2,"type":"hold","angle":135,"angle2":45},{"time":51,"angle":315,"speedMult":2,"type":"block"},{"time":52,"angle":315,"speedMult":2,"type":"block"},{"time":52,"angle":305,"speedMult":2,"type":"block"},{"time":52.200000762939,"angle":325,"speedMult":2,"type":"block"},{"time":52.400001525879,"angle":325,"speedMult":2,"type":"block"},{"time":52.200000762939,"angle":315,"speedMult":2,"type":"block"},{"time":52.400001525879,"angle":315,"speedMult":2,"type":"block"},{"time":52.200000762939,"angle":305,"speedMult":2,"type":"block"},{"time":52,"angle":325,"speedMult":2,"type":"block"},{"time":53,"angle":190,"speedMult":1.5,"type":"block"},{"time":53,"angle":180,"speedMult":1.5,"type":"block"},{"time":53,"angle":170,"speedMult":1.5,"type":"block"},{"time":53.200000762939,"angle":170,"speedMult":1.5,"type":"block"},{"time":53.200000762939,"angle":180,"speedMult":1.5,"type":"block"},{"time":53.400001525879,"angle":190,"speedMult":1.5,"type":"block"},{"time":53.200000762939,"angle":190,"speedMult":1.5,"type":"block"},{"time":53.400001525879,"angle":180,"speedMult":1.5,"type":"block"},{"time":53.400001525879,"angle":170,"speedMult":1.5,"type":"block"},{"time":54,"startTap":true,"duration":2,"type":"hold","angle2":360,"speedMult":1.1000000238419,"angle":180},{"time":56,"duration":0.5,"speedMult":1.1000000238419,"type":"hold","angle":0,"angle2":112.5},{"time":56.5,"duration":1,"speedMult":1.1000000238419,"type":"hold","angle":112.5,"angle2":-112.5},{"time":57.5,"startTap":true,"endTap":true,"type":"hold","duration":1,"speedMult":1.1000000238419,"angle2":360,"angle":247.5},{"time":58.5,"duration":1,"speedMult":1.1000000238419,"type":"hold","angle":360,"angle2":247.5},{"time":59.5,"startTap":true,"endTap":true,"type":"hold","duration":1,"speedMult":1.1000000238419,"angle2":450,"angle":247.5},{"time":62,"duration":0.5,"speedMult":1.1000000238419,"type":"hold","angle":225,"angle2":45},{"time":63.5,"angle":247.5,"speedMult":1.1000000238419,"type":"block"},{"time":63.5,"angle":292.5,"speedMult":1.1000000238419,"type":"block"},{"time":63.5,"tap":true,"speedMult":1.1000000238419,"angle":270,"type":"block"},{"time":64.5,"tap":true,"speedMult":1.1000000238419,"angle":0,"type":"block"},{"time":64.5,"angle":337.5,"speedMult":1.1000000238419,"type":"block"},{"time":64.5,"angle":22.5,"speedMult":1.1000000238419,"type":"block"},{"time":67,"angle":270,"speedMult":2,"type":"block"},{"time":67,"angle":292.5,"speedMult":2,"type":"block"},{"time":67,"angle":247.5,"speedMult":2,"type":"block"},{"time":67,"angle":22.5,"speedMult":2,"type":"mine"},{"time":67,"angle":45,"speedMult":2,"type":"mine"},{"time":67,"angle":90,"speedMult":2,"type":"mine"},{"time":67,"angle":135,"speedMult":2,"type":"mine"},{"time":67,"angle":67.5,"speedMult":2,"type":"mine"},{"time":67,"angle":157.5,"speedMult":2,"type":"mine"},{"time":67,"angle":360,"speedMult":2,"type":"mine"},{"time":67,"angle":112.5,"speedMult":2,"type":"mine"},{"time":67,"angle":337.5,"speedMult":2,"type":"mine"},{"time":68,"startTap":true,"endTap":true,"angle2":472.5,"duration":1,"speedMult":2,"angle":270,"type":"hold"},{"time":69,"duration":1,"speedMult":2,"type":"hold","angle":112.5,"angle2":-90},{"time":70,"duration":2,"speedMult":2,"type":"hold","angle":270,"angle2":337.5},{"time":66,"tap":true,"angle":90,"type":"block","speedMult":2},{"time":66,"angle":67.5,"speedMult":2,"type":"block"},{"time":66,"angle":112.5,"speedMult":2,"type":"block"},{"time":66,"angle":22.5,"speedMult":2,"type":"mine"},{"time":66,"angle":0,"speedMult":2,"type":"mine"},{"time":66,"angle":337.5,"speedMult":2,"type":"mine"},{"time":66,"angle":315,"speedMult":2,"type":"mine"},{"time":66,"angle":292.5,"speedMult":2,"type":"mine"},{"time":66,"angle":270,"speedMult":2,"type":"mine"},{"time":66,"angle":247.5,"speedMult":2,"type":"mine"},{"time":66,"angle":225,"speedMult":2,"type":"mine"},{"time":66,"angle":202.5,"speedMult":2,"type":"mine"},{"time":52.400001525879,"angle":305,"speedMult":2,"type":"block"},{"time":72.5,"angle":45,"speedMult":2,"type":"block"},{"time":72.5,"angle":22.5,"speedMult":2,"type":"block"},{"time":72,"duration":6,"type":"mineHold","angle2":225,"angle":225},{"time":72,"duration":11.5,"type":"mineHold","angle2":180,"angle":180},{"time":72,"duration":11.5,"type":"mineHold","angle2":135,"angle":135},{"time":72,"duration":11.5,"type":"mineHold","angle2":157.5,"angle":157.5},{"time":72,"duration":6,"type":"mineHold","angle2":202.5,"angle":202.5},{"time":72,"duration":11.5,"type":"mineHold","angle2":112.5,"angle":112.5},{"time":72,"duration":6,"type":"mineHold","angle2":247.5,"angle":247.5},{"time":73.5,"tap":true,"speedMult":2,"angle":315,"type":"block"},{"time":74.5,"tap":true,"speedMult":1.5,"angle":45,"type":"block"},{"time":75.5,"tap":true,"angle":360,"type":"block"},{"time":76.5,"tap":true,"type":"block","angle":315,"speedMult":2},{"time":78,"angle":292.5,"speedMult":1.5,"type":"block"},{"time":78,"duration":5.5,"type":"mineHold","angle2":90,"angle":90},{"time":78,"duration":5.5,"type":"mineHold","angle2":67.5,"angle":67.5},{"time":78,"duration":5.5,"type":"mineHold","angle2":45,"angle":45},{"time":78,"duration":5,"type":"mineHold","angle2":22.5,"angle":22.5},{"time":78,"duration":5,"type":"mineHold","angle2":0,"angle":0},{"time":78.25,"angle":292.5,"speedMult":1.5,"type":"block"},{"time":79.5,"tap":true,"speedMult":3,"angle":225,"type":"block"},{"time":80.5,"tap":true,"speedMult":1.5,"angle":292.5,"type":"block"},{"time":82,"startTap":true,"duration":1,"speedMult":2,"angle2":202.5,"type":"hold","angle":315},{"time":83,"duration":1,"speedMult":2,"type":"hold","angle":202.5,"angle2":360},{"time":84,"startTap":true,"endTap":true,"type":"hold","duration":1,"speedMult":2,"angle":0,"angle2":360},{"time":85,"duration":1,"speedMult":2,"type":"hold","angle":0,"angle2":360},{"time":86,"startTap":true,"duration":3.5,"type":"hold","angle2":360,"speedMult":2,"angle":360},{"time":88,"angle":45,"speedMult":1.5,"type":"block"},{"time":88.5,"angle":315,"speedMult":1.5,"type":"block"},{"time":89.5,"startTap":true,"endTap":true,"type":"hold","duration":1,"speedMult":2,"angle2":180,"angle":0},{"time":91.5,"angle":315,"speedMult":2.5,"type":"block"},{"time":91.5,"tap":true,"speedMult":2.5,"angle":292.5,"type":"block"},{"time":91.5,"angle":270,"speedMult":2.5,"type":"block"},{"time":92.5,"angle":22.5,"speedMult":2.5,"type":"block"},{"time":92.5,"tap":true,"speedMult":2.5,"angle":45,"type":"block"},{"time":92.5,"angle":67.5,"speedMult":2.5,"type":"block"},{"time":94,"duration":0.5,"speedMult":2,"type":"hold","angle":0,"angle2":90},{"time":95.5,"angle":157.5,"speedMult":2,"type":"block"},{"time":95.5,"tap":true,"speedMult":2,"angle":135,"type":"block"},{"time":95.5,"angle":112.5,"speedMult":2,"type":"block"},{"time":96.5,"tap":true,"angle":315,"type":"block"},{"time":96.5,"type":"block","angle":292.5},{"time":96.5,"type":"block","angle":337.5},{"time":98,"angle":90,"speedMult":3,"type":"block"},{"time":99,"type":"block","angle":270},{"time":99,"type":"block","angle":292.5},{"time":98,"angle":67.5,"speedMult":3,"type":"block"},{"time":98,"angle":112.5,"speedMult":2,"type":"block"},{"time":98,"angle":90,"speedMult":1.5,"type":"inverse"},{"time":98,"angle":67.5,"speedMult":1.5,"type":"inverse"},{"time":98,"angle":112.5,"speedMult":1.5,"type":"inverse"},{"time":99,"type":"block","angle":247.5},{"time":100,"angle":190,"speedMult":2,"type":"block"},{"time":100,"angle":180,"speedMult":2,"type":"block"},{"time":100,"angle":170,"speedMult":2,"type":"block"},{"time":100.19999694824,"angle":170,"speedMult":2,"type":"block"},{"time":100.19999694824,"angle":180,"speedMult":2,"type":"block"},{"time":100.40000152588,"angle":190,"speedMult":2,"type":"block"},{"time":100.19999694824,"angle":190,"speedMult":2,"type":"block"},{"time":100.40000152588,"angle":180,"speedMult":2,"type":"block"},{"time":100.40000152588,"angle":170,"speedMult":2,"type":"block"},{"time":99.900001525879,"angle":190,"speedMult":2,"type":"block"},{"time":99.900001525879,"angle":180,"speedMult":2,"type":"block"},{"time":99.900001525879,"angle":170,"speedMult":2,"type":"block"},{"time":101.19999694824,"angle":170,"speedMult":1.1000000238419,"type":"block"},{"time":100.5,"angle":190,"speedMult":2,"type":"block"},{"time":100.5,"angle":180,"speedMult":2,"type":"block"},{"time":100.5,"angle":170,"speedMult":2,"type":"block"},{"time":100.69999694824,"angle":170,"speedMult":2,"type":"block"},{"time":100.69999694824,"angle":180,"speedMult":2,"type":"block"},{"time":100.90000152588,"angle":190,"speedMult":2,"type":"block"},{"time":100.69999694824,"angle":190,"speedMult":2,"type":"block"},{"time":100.90000152588,"angle":180,"speedMult":2,"type":"block"},{"time":100.90000152588,"angle":170,"speedMult":2,"type":"block"},{"time":102,"duration":0.5,"type":"hold","speedMult":1.7000000476837,"angle":180,"angle2":90},{"time":103.5,"angle":360,"speedMult":1.7000000476837,"type":"block"},{"time":104.5,"angle":270,"speedMult":1.2999999523163,"type":"block"},{"time":105.5,"type":"block","angle":180},{"time":107.5,"angle":180,"speedMult":1.7000000476837,"type":"block"},{"time":108.5,"angle":270,"speedMult":1.2000000476837,"type":"block"},{"time":109.40000152588,"angle":315,"speedMult":1.3999999761581,"type":"block"},{"time":106.5,"angle":90,"speedMult":1.5,"type":"block"},{"time":110,"type":"block","angle":225},{"time":110.5,"type":"block","angle":135},{"time":111,"type":"block","angle":45},{"time":111.5,"type":"block","angle":315},{"time":112,"type":"block","angle":225},{"time":112.5,"type":"block","angle":135},{"time":113,"type":"block","angle":45},{"time":113.5,"type":"block","angle":315},{"time":114,"type":"block","angle":225},{"time":114.5,"type":"block","angle":135},{"time":115,"type":"block","angle":45},{"time":115.5,"type":"block","angle":315},{"time":116,"type":"block","angle":225},{"time":116.5,"type":"block","angle":135},{"time":117,"type":"block","angle":45},{"time":117.5,"type":"block","angle":315},{"time":118,"duration":0.5,"speedMult":1.3999999761581,"type":"hold","angle":247.5,"angle2":180},{"time":119.5,"angle":90,"speedMult":1,"type":"block"},{"time":120.5,"angle":247.5,"speedMult":0.30000001192093,"type":"block"},{"time":121.5,"angle":337.5,"speedMult":0.60000002384186,"type":"block"},{"time":122.5,"angle":112.5,"speedMult":0.20000000298023,"type":"block"},{"time":123.5,"angle":22.5,"speedMult":0.89999997615814,"type":"block"},{"time":124.5,"angle":247.5,"speedMult":0.5,"type":"block"},{"time":125.40000152588,"angle":45,"speedMult":0.30000001192093,"type":"block"},{"time":126,"duration":0.5,"speedMult":1.2000000476837,"type":"hold","angle":112.5,"angle2":22.5},{"time":126.5,"duration":0.5,"speedMult":1.2000000476837,"type":"hold","angle":22.5,"angle2":112.5},{"time":127,"duration":0.5,"speedMult":1.2000000476837,"type":"hold","angle":112.5,"angle2":22.5},{"time":127.5,"duration":0.5,"speedMult":1.2000000476837,"type":"hold","angle":22.5,"angle2":112.5},{"time":128,"duration":0.5,"speedMult":1.2000000476837,"type":"hold","angle":112.5,"angle2":22.5},{"time":128.5,"duration":0.5,"speedMult":1.2000000476837,"type":"hold","angle":22.5,"angle2":112.5},{"time":129,"duration":0.5,"speedMult":1.2000000476837,"type":"hold","angle":112.5,"angle2":22.5},{"time":129.5,"duration":0.5,"speedMult":1.2000000476837,"type":"hold","angle":22.5,"angle2":112.5},{"time":130,"duration":0.5,"speedMult":1.2000000476837,"type":"hold","angle":112.5,"angle2":22.5},{"time":130.5,"duration":0.5,"speedMult":1.2000000476837,"type":"hold","angle":22.5,"angle2":112.5},{"time":131,"duration":0.5,"speedMult":1.2000000476837,"type":"hold","angle":112.5,"angle2":22.5},{"time":131.5,"duration":0.5,"speedMult":1.2000000476837,"type":"hold","angle":22.5,"angle2":112.5},{"time":132,"duration":0.5,"speedMult":1.2000000476837,"type":"hold","angle":112.5,"angle2":22.5},{"time":132.5,"duration":0.5,"speedMult":1.2000000476837,"type":"hold","angle":22.5,"angle2":112.5},{"time":133,"duration":0.5,"speedMult":1.2000000476837,"type":"hold","angle":112.5,"angle2":22.5},{"time":133.5,"duration":0.5,"speedMult":1.2000000476837,"type":"hold","angle":22.5,"angle2":112.5},{"time":134,"angle":135,"type":"extraTap","speedMult":3},{"time":134.5,"type":"side","angle":180},{"time":134.75,"type":"side","angle":135},{"time":135.5,"angle":90,"speedMult":2,"type":"block"},{"time":136.5,"angle":270,"speedMult":2,"type":"block"},{"time":137.5,"angle":90,"speedMult":2,"type":"block"},{"time":138.5,"angle":270,"speedMult":2,"type":"block"},{"time":139.5,"angle":90,"speedMult":2,"type":"block"},{"time":140.5,"duration":1,"speedMult":2,"type":"hold","angle":270,"angle2":90},{"time":142,"duration":0.5,"speedMult":1.5,"type":"hold","angle":22.5,"angle2":32},{"time":142,"duration":0.5,"speedMult":1.5,"type":"hold","angle":22.5,"angle2":12},{"time":143,"duration":0.5,"speedMult":1.5,"type":"hold","angle":-67.5,"angle2":-58},{"time":143,"duration":0.5,"speedMult":1.5,"type":"hold","angle":-67.5,"angle2":-78},{"time":144,"duration":0.5,"speedMult":1.5,"type":"hold","angle":0,"angle2":9.5},{"time":144,"duration":0.5,"speedMult":1.5,"type":"hold","angle":0,"angle2":-10.5},{"time":145,"duration":0.5,"speedMult":1.5,"type":"hold","angle":-135,"angle2":-125.5},{"time":145,"duration":0.5,"speedMult":1.5,"type":"hold","angle":-135,"angle2":-145.5},{"time":146,"duration":0.5,"speedMult":1.5,"type":"hold","angle":90,"angle2":99.5},{"time":146,"duration":0.5,"speedMult":1.5,"type":"hold","angle":90,"angle2":79.5},{"time":147,"duration":0.5,"speedMult":1.5,"type":"hold","angle":-45,"angle2":-35.5},{"time":147,"duration":0.5,"speedMult":1.5,"type":"hold","angle":-45,"angle2":-55.5},{"time":149,"duration":0.5,"speedMult":1.5,"type":"hold","angle":-90,"angle2":-80.5},{"time":149,"duration":0.5,"speedMult":1.5,"type":"hold","angle":-90,"angle2":-100.5},{"time":148,"duration":0.5,"speedMult":1.5,"type":"hold","angle":135,"angle2":144.5},{"time":148,"duration":0.5,"speedMult":1.5,"type":"hold","angle":135,"angle2":124.5},{"time":151.5,"angle":540,"speedMult":1.2000000476837,"type":"inverse"},{"time":152.5,"angle":472.5,"speedMult":1.2000000476837,"type":"inverse"},{"time":153.5,"angle":-45,"speedMult":1.2000000476837,"type":"inverse"},{"time":154.5,"angle":180,"speedMult":1.2000000476837,"type":"inverse"},{"time":155.5,"angle":427.5,"speedMult":1.2000000476837,"type":"inverse"},{"time":156.5,"angle":202.5,"speedMult":1.2000000476837,"type":"inverse"},{"time":151.5,"angle":337.5,"speedMult":2,"type":"mine"},{"time":151.5,"angle":0,"speedMult":2,"type":"mine"},{"time":151.5,"angle":22.5,"speedMult":2,"type":"mine"},{"time":151.5,"angle":315,"speedMult":2,"type":"mine"},{"time":151.5,"angle":45,"speedMult":2,"type":"mine"},{"time":151.5,"angle":292.5,"speedMult":2,"type":"mine"},{"time":151.5,"angle":67.5,"speedMult":2,"type":"mine"},{"time":152.5,"angle":270,"speedMult":2,"type":"mine"},{"time":152.5,"angle":-67.5,"speedMult":2,"type":"mine"},{"time":152.5,"angle":-45,"speedMult":2,"type":"mine"},{"time":152.5,"angle":247.5,"speedMult":2,"type":"mine"},{"time":152.5,"angle":-22.5,"speedMult":2,"type":"mine"},{"time":152.5,"angle":225,"speedMult":2,"type":"mine"},{"time":152.5,"angle":0,"speedMult":2,"type":"mine"},{"time":153.5,"angle":472.5,"speedMult":2,"type":"mine"},{"time":153.5,"angle":135,"speedMult":2,"type":"mine"},{"time":153.5,"angle":157.5,"speedMult":2,"type":"mine"},{"time":153.5,"angle":450,"speedMult":2,"type":"mine"},{"time":153.5,"angle":180,"speedMult":2,"type":"mine"},{"time":153.5,"angle":427.5,"speedMult":2,"type":"mine"},{"time":153.5,"angle":202.5,"speedMult":2,"type":"mine"},{"time":154.5,"angle":337.5,"speedMult":2,"type":"mine"},{"time":154.5,"angle":0,"speedMult":2,"type":"mine"},{"time":154.5,"angle":22.5,"speedMult":2,"type":"mine"},{"time":154.5,"angle":315,"speedMult":2,"type":"mine"},{"time":154.5,"angle":45,"speedMult":2,"type":"mine"},{"time":154.5,"angle":292.5,"speedMult":2,"type":"mine"},{"time":154.5,"angle":67.5,"speedMult":2,"type":"mine"},{"time":155.5,"angle":225,"speedMult":2,"type":"mine"},{"time":155.5,"angle":-112.5,"speedMult":2,"type":"mine"},{"time":155.5,"angle":-90,"speedMult":2,"type":"mine"},{"time":155.5,"angle":202.5,"speedMult":2,"type":"mine"},{"time":155.5,"angle":-67.5,"speedMult":2,"type":"mine"},{"time":155.5,"angle":180,"speedMult":2,"type":"mine"},{"time":155.5,"angle":-45,"speedMult":2,"type":"mine"},{"time":156.5,"angle":360,"speedMult":2,"type":"mine"},{"time":156.5,"angle":22.5,"speedMult":2,"type":"mine"},{"time":156.5,"angle":45,"speedMult":2,"type":"mine"},{"time":156.5,"angle":337.5,"speedMult":2,"type":"mine"},{"time":156.5,"angle":67.5,"speedMult":2,"type":"mine"},{"time":156.5,"angle":315,"speedMult":2,"type":"mine"},{"time":156.5,"angle":90,"speedMult":2,"type":"mine"},{"time":158,"angle":225,"speedMult":2,"type":"block"},{"time":158.5,"angle":247.5,"speedMult":2,"type":"block"},{"time":159,"angle":270,"speedMult":2,"type":"block"},{"time":159.5,"angle":292.5,"speedMult":2,"type":"block"},{"time":160,"angle":315,"speedMult":2,"type":"block"},{"time":160.5,"angle":292.5,"speedMult":2,"type":"block"},{"time":161,"angle":270,"speedMult":2,"type":"block"},{"time":161.5,"angle":247.5,"type":"block","speedMult":2},{"time":162,"angle":270,"speedMult":2,"type":"block"},{"time":162.5,"angle":292.5,"speedMult":2,"type":"block"},{"time":163,"angle":315,"speedMult":2,"type":"block"},{"time":163.5,"angle":337.5,"speedMult":2,"type":"block"},{"time":164,"angle":0,"speedMult":2,"type":"block"},{"time":164.5,"angle":22.5,"speedMult":2,"type":"block"},{"time":165,"angle":0,"speedMult":2,"type":"block"},{"time":165.5,"angle":337.5,"speedMult":2,"type":"block"},{"time":157.5,"angle":247.5,"speedMult":2,"type":"block"},{"time":158,"angle":405,"speedMult":2,"type":"block"},{"time":158.5,"angle":427.5,"speedMult":2,"type":"block"},{"time":159,"angle":450,"speedMult":2,"type":"block"},{"time":159.5,"angle":472.5,"speedMult":2,"type":"block"},{"time":160,"angle":495,"speedMult":2,"type":"block"},{"time":160.5,"angle":472.5,"speedMult":2,"type":"block"},{"time":161,"angle":450,"speedMult":2,"type":"block"},{"time":161.5,"angle":427.5,"speedMult":2,"type":"block"},{"time":162,"angle":450,"speedMult":2,"type":"block"},{"time":162.5,"angle":472.5,"speedMult":2,"type":"block"},{"time":163,"angle":495,"speedMult":2,"type":"block"},{"time":163.5,"angle":517.5,"speedMult":2,"type":"block"},{"time":164,"angle":180,"speedMult":2,"type":"block"},{"time":164.5,"angle":202.5,"speedMult":2,"type":"block"},{"time":165,"angle":180,"speedMult":2,"type":"block"},{"time":165.5,"angle":517.5,"speedMult":2,"type":"block"},{"time":157.5,"angle":427.5,"speedMult":2,"type":"block"},{"time":134,"duration":0.5,"type":"mineHold","angle2":0,"angle":0},{"time":136,"duration":0.5,"type":"mineHold","angle2":180,"angle":180},{"time":137,"duration":0.5,"type":"mineHold","angle2":360,"angle":360},{"time":138,"duration":0.5,"type":"mineHold","angle2":180,"angle":180},{"time":139,"duration":0.5,"type":"mineHold","angle2":0,"angle":0},{"time":166,"angle":180,"speedMult":2.5,"type":"extraTap"},{"time":166.5,"angle":135,"speedMult":1,"type":"block"},{"time":167.5,"angle":270,"speedMult":1.1000000238419,"type":"block"},{"time":168.5,"angle":337.5,"speedMult":0.20000000298023,"type":"block"},{"time":169.5,"angle":270,"speedMult":0.69999998807907,"type":"block"},{"time":170.5,"angle":337.5,"speedMult":0.40000000596046,"type":"block"},{"time":171.5,"angle":45,"speedMult":2,"type":"block"},{"time":174,"endAngle":247.5,"duration":2,"type":"hold","angle2":90,"speedMult":1,"angle":90},{"time":172.5,"type":"block","angle":135},{"time":176,"duration":2,"type":"hold","angle2":-450,"speedMult":1,"angle":90,"endTap":true},{"time":179,"tap":true,"speedMult":1,"angle":67.5,"type":"block"},{"time":179,"angle":45,"speedMult":1,"type":"block"},{"time":179,"angle":90,"speedMult":1,"type":"block"},{"time":180,"tap":true,"speedMult":1,"angle":225,"type":"block"},{"time":180,"angle":202.5,"speedMult":1,"type":"block"},{"time":180,"angle":247.5,"speedMult":1,"type":"block"},{"time":181,"tap":true,"speedMult":1,"angle":0,"type":"block"},{"time":181,"angle":-22.5,"speedMult":1,"type":"block"},{"time":181,"angle":22.5,"speedMult":1,"type":"block"},{"time":182.5,"angle":360,"speedMult":2,"type":"inverse"},{"time":182,"angle":360,"speedMult":2,"type":"extraTap"},{"time":183.5,"angle":90,"speedMult":1.3999999761581,"type":"inverse"},{"time":186.5,"angle":67.5,"speedMult":1.6000000238419,"type":"inverse"},{"time":185.5,"angle":225,"speedMult":1.7999999523163,"type":"inverse"},{"time":184.5,"angle":112.5,"speedMult":1.1000000238419,"type":"inverse"},{"time":187.5,"angle":337.5,"speedMult":1.7000000476837,"type":"inverse"},{"time":188.5,"angle":90,"speedMult":1.5,"type":"inverse"},{"time":189.5,"spinEase":"linear","angle":495,"type":"hold","angle2":-112.5,"duration":2},{"time":191.5,"duration":2,"type":"hold","angle2":742.5,"angle":247.5},{"time":194,"tap":true,"speedMult":2,"angle":67.5,"type":"block"},{"time":194,"angle":45,"speedMult":2,"type":"block"},{"time":194,"angle":90,"speedMult":2,"type":"block"},{"time":194,"angle":247.5,"speedMult":2,"type":"mine"},{"time":194,"angle":270,"speedMult":2,"type":"mine"},{"time":194,"angle":225,"speedMult":2,"type":"mine"},{"time":195,"tap":true,"speedMult":2,"angle":180,"type":"block"},{"time":195,"angle":157.5,"speedMult":2,"type":"block"},{"time":195,"angle":202.5,"speedMult":2,"type":"block"},{"time":195,"angle":360,"speedMult":2,"type":"mine"},{"time":195,"angle":382.5,"speedMult":2,"type":"mine"},{"time":195,"angle":337.5,"speedMult":2,"type":"mine"},{"time":196,"tap":true,"speedMult":2,"angle":270,"type":"block"},{"time":196,"angle":247.5,"speedMult":2,"type":"block"},{"time":196,"angle":292.5,"speedMult":2,"type":"block"},{"time":196,"angle":450,"speedMult":2,"type":"mine"},{"time":196,"angle":472.5,"speedMult":2,"type":"mine"},{"time":196,"angle":427.5,"speedMult":2,"type":"mine"},{"time":197,"tap":true,"speedMult":2,"angle":67.5,"type":"block"},{"time":197,"angle":45,"speedMult":2,"type":"block"},{"time":197,"angle":90,"speedMult":2,"type":"block"},{"time":197,"angle":247.5,"speedMult":2,"type":"mine"},{"time":197,"angle":270,"speedMult":2,"type":"mine"},{"time":197,"angle":225,"speedMult":2,"type":"mine"},{"time":196,"angle":337.5,"speedMult":2,"type":"extraTap"},{"time":197,"angle":0,"speedMult":2,"type":"extraTap"},{"time":198,"duration":2,"speedMult":1.2999999523163,"type":"hold","angle":90,"angle2":67.5},{"time":200,"duration":0.5,"speedMult":1.2999999523163,"type":"hold","angle":67.5,"angle2":180},{"time":201.5,"duration":1,"speedMult":1.2000000476837,"type":"hold","angle":90,"angle2":-67.5},{"time":202.5,"duration":1,"speedMult":1.2000000476837,"type":"hold","angle":292.5,"angle2":720},{"time":204.5,"tap":true,"speedMult":1.5,"angle":315,"type":"block"},{"time":204.5,"angle":337.5,"speedMult":1.5,"type":"block"},{"time":204.5,"angle":292.5,"speedMult":1.5,"type":"block"},{"time":206,"duration":0.5,"speedMult":2,"type":"hold","angle":90,"angle2":-90},{"time":207.5,"angle":157.5,"speedMult":2,"type":"block"},{"time":207.5,"tap":true,"speedMult":2,"angle":135,"type":"block"},{"time":207.5,"angle":112.5,"speedMult":2,"type":"block"},{"time":208.5,"angle":157.5,"speedMult":2,"type":"block"},{"time":208.5,"tap":true,"speedMult":2,"angle":135,"type":"block"},{"time":208.5,"angle":112.5,"speedMult":2,"type":"block"},{"time":206,"angle":112.5,"speedMult":3,"type":"extraTap"},{"time":210,"angle":124.83148193359,"speedMult":2,"type":"block"},{"time":210.0625,"angle":129.83148193359,"speedMult":2,"type":"block"},{"time":210.125,"angle":134.83148193359,"speedMult":2,"type":"block"},{"time":210.1875,"angle":139.83148193359,"speedMult":2,"type":"block"},{"time":210.25,"angle":144.83148193359,"speedMult":2,"type":"block"},{"time":210.3125,"angle":149.83148193359,"speedMult":2,"type":"block"},{"time":210.375,"angle":154.83148193359,"speedMult":2,"type":"block"},{"time":210.4375,"angle":159.83148193359,"speedMult":2,"type":"block"},{"time":210.5,"angle":169.98202514648,"speedMult":2,"type":"block"},{"time":210.5,"angle":164.83148193359,"speedMult":2,"type":"block"},{"time":210.5625,"angle":180.98202514648,"speedMult":2,"type":"block"},{"time":210.5625,"angle":175.83148193359,"speedMult":2,"type":"block"},{"time":210.625,"angle":190.98202514648,"speedMult":2,"type":"block"},{"time":210.625,"angle":185.83148193359,"speedMult":2,"type":"block"},{"time":210.6875,"angle":200.98202514648,"speedMult":2,"type":"block"},{"time":210.6875,"angle":195.83148193359,"speedMult":2,"type":"block"},{"time":210.75,"angle":210.98202514648,"speedMult":2,"type":"block"},{"time":210.75,"angle":205.83148193359,"speedMult":2,"type":"block"},{"time":210.8125,"angle":219.98202514648,"speedMult":2,"type":"block"},{"time":210.8125,"angle":214.83148193359,"speedMult":2,"type":"block"},{"time":210.875,"angle":229.98202514648,"speedMult":2,"type":"block"},{"time":210.875,"angle":224.83148193359,"speedMult":2,"type":"block"},{"time":210.9375,"angle":239.98202514648,"speedMult":2,"type":"block"},{"time":210.9375,"angle":234.83148193359,"speedMult":2,"type":"block"},{"time":211,"angle":255,"speedMult":2,"type":"block"},{"time":211,"angle":249.98202514648,"speedMult":2,"type":"block"},{"time":211,"angle":244.83148193359,"speedMult":2,"type":"block"},{"time":211.0625,"angle":263.98202514648,"speedMult":2,"type":"block"},{"time":211.0625,"angle":258.83148193359,"speedMult":2,"type":"block"},{"time":211.125,"angle":274.98202514648,"speedMult":2,"type":"block"},{"time":211.125,"angle":269.83148193359,"speedMult":2,"type":"block"},{"time":211.1875,"angle":284.98202514648,"speedMult":2,"type":"block"},{"time":211.1875,"angle":279.83148193359,"speedMult":2,"type":"block"},{"time":211.25,"angle":294.98202514648,"speedMult":2,"type":"block"},{"time":211.25,"angle":289.83148193359,"speedMult":2,"type":"block"},{"time":211.3125,"angle":304.98202514648,"speedMult":2,"type":"block"},{"time":211.3125,"angle":299.83148193359,"speedMult":2,"type":"block"},{"time":211.375,"angle":313.98202514648,"speedMult":2,"type":"block"},{"time":211.375,"angle":308.83148193359,"speedMult":2,"type":"block"},{"time":211.4375,"angle":323.98202514648,"speedMult":2,"type":"block"},{"time":211.4375,"angle":318.83148193359,"speedMult":2,"type":"block"},{"time":211.5,"angle":333.98202514648,"speedMult":2,"type":"block"},{"time":211.5,"angle":328.83148193359,"speedMult":2,"type":"block"},{"time":211.5625,"angle":349,"speedMult":2,"type":"block"},{"time":211.5625,"angle":343.98202514648,"speedMult":2,"type":"block"},{"time":211.5625,"angle":338.83148193359,"speedMult":2,"type":"block"},{"time":211.5625,"angle":364,"speedMult":2,"type":"block"},{"time":211.5625,"angle":358.98202514648,"speedMult":2,"type":"block"},{"time":211.560546875,"angle":354.10775756836,"speedMult":2,"type":"block"},{"time":211.5625,"angle":7.9820251464844,"speedMult":2,"type":"block"},{"time":211.5625,"angle":2.8314819335938,"speedMult":2,"type":"block"},{"time":211.625,"angle":17.982025146484,"speedMult":2,"type":"block"},{"time":211.625,"angle":12.831481933594,"speedMult":2,"type":"block"},{"time":211.6875,"angle":27.982025146484,"speedMult":2,"type":"block"},{"time":211.6875,"angle":22.831481933594,"speedMult":2,"type":"block"},{"time":211.75,"angle":37.982025146484,"speedMult":2,"type":"block"},{"time":211.75,"angle":32.831481933594,"speedMult":2,"type":"block"},{"time":211.8125,"angle":46.982025146484,"speedMult":2,"type":"block"},{"time":211.8125,"angle":41.831481933594,"speedMult":2,"type":"block"},{"time":211.875,"angle":56.982025146484,"speedMult":2,"type":"block"},{"time":211.875,"angle":51.831481933594,"speedMult":2,"type":"block"},{"time":211.9375,"angle":66.982025146484,"speedMult":2,"type":"block"},{"time":211.9375,"angle":61.831481933594,"speedMult":2,"type":"block"},{"time":212.0057220459,"angle":79.643005371094,"speedMult":2,"type":"block"},{"time":211.98600769043,"angle":73.488670349121,"speedMult":2,"type":"block"},{"time":212,"angle":90.982025146484,"speedMult":2,"type":"block"},{"time":212,"angle":85.831481933594,"speedMult":2,"type":"block"},{"time":212.0625,"angle":101.98202514648,"speedMult":2,"type":"block"},{"time":212.0625,"angle":96.831481933594,"speedMult":2,"type":"block"},{"time":212.125,"angle":111.98202514648,"speedMult":2,"type":"block"},{"time":212.125,"angle":106.83148193359,"speedMult":2,"type":"block"},{"time":212.1875,"angle":121.98202514648,"speedMult":2,"type":"block"},{"time":212.1875,"angle":116.83148193359,"speedMult":2,"type":"block"},{"time":212.25,"angle":131.98202514648,"speedMult":2,"type":"block"},{"time":212.25,"angle":126.83148193359,"speedMult":2,"type":"block"},{"time":212.3125,"angle":140.98202514648,"speedMult":2,"type":"block"},{"time":212.3125,"angle":135.83148193359,"speedMult":2,"type":"block"},{"time":212.375,"angle":150.98202514648,"speedMult":2,"type":"block"},{"time":212.375,"angle":145.83148193359,"speedMult":2,"type":"block"},{"time":212.4375,"angle":160.98202514648,"speedMult":2,"type":"block"},{"time":212.4375,"angle":155.83148193359,"speedMult":2,"type":"block"},{"time":212.5,"angle":165.83148193359,"speedMult":2,"type":"block"},{"time":212.5,"angle":176.98202514648,"speedMult":2,"type":"block"},{"time":212.5,"angle":171.83148193359,"speedMult":2,"type":"block"},{"time":212.5625,"angle":187.98202514648,"speedMult":2,"type":"block"},{"time":212.5625,"angle":182.83148193359,"speedMult":2,"type":"block"},{"time":212.625,"angle":197.98202514648,"speedMult":2,"type":"block"},{"time":212.625,"angle":192.83148193359,"speedMult":2,"type":"block"},{"time":212.6875,"angle":207.98202514648,"speedMult":2,"type":"block"},{"time":212.6875,"angle":202.83148193359,"speedMult":2,"type":"block"},{"time":212.75,"angle":217.98202514648,"speedMult":2,"type":"block"},{"time":212.75,"angle":212.83148193359,"speedMult":2,"type":"block"},{"time":212.8125,"angle":226.98202514648,"speedMult":2,"type":"block"},{"time":212.8125,"angle":221.83148193359,"speedMult":2,"type":"block"},{"time":212.875,"angle":236.98202514648,"speedMult":2,"type":"block"},{"time":212.875,"angle":231.83148193359,"speedMult":2,"type":"block"},{"time":212.9375,"angle":246.98202514648,"speedMult":2,"type":"block"},{"time":212.9375,"angle":241.83148193359,"speedMult":2,"type":"block"},{"time":213,"angle":262,"speedMult":2,"type":"block"},{"time":213,"angle":256.98202514648,"speedMult":2,"type":"block"},{"time":213,"angle":251.83148193359,"speedMult":2,"type":"block"},{"time":213,"angle":271.98202514648,"speedMult":2,"type":"block"},{"time":213,"angle":266.83148193359,"speedMult":2,"type":"block"},{"time":213.0625,"angle":282.98202514648,"speedMult":2,"type":"block"},{"time":213.0625,"angle":277.83148193359,"speedMult":2,"type":"block"},{"time":213.125,"angle":292.98202514648,"speedMult":2,"type":"block"},{"time":213.125,"angle":287.83148193359,"speedMult":2,"type":"block"},{"time":213.1875,"angle":302.98202514648,"speedMult":2,"type":"block"},{"time":213.1875,"angle":297.83148193359,"speedMult":2,"type":"block"},{"time":213.25,"angle":312.98202514648,"speedMult":2,"type":"block"},{"time":213.25,"angle":307.83148193359,"speedMult":2,"type":"block"},{"time":213.3125,"angle":321.98202514648,"speedMult":2,"type":"block"},{"time":213.3125,"angle":316.83148193359,"speedMult":2,"type":"block"},{"time":213.375,"angle":331.98202514648,"speedMult":2,"type":"block"},{"time":213.375,"angle":326.83148193359,"speedMult":2,"type":"block"},{"time":213.4375,"angle":341.98202514648,"speedMult":2,"type":"block"},{"time":213.4375,"angle":336.83148193359,"speedMult":2,"type":"block"},{"time":213.5,"angle":357,"speedMult":2,"type":"block"},{"time":213.5,"angle":351.98202514648,"speedMult":2,"type":"block"},{"time":213.5,"angle":346.83148193359,"speedMult":2,"type":"block"},{"time":213.5,"angle":361.83148193359,"speedMult":2,"type":"block"},{"time":214,"duration":4,"speedMult":1,"type":"hold","angle":360,"angle2":382.5},{"time":214,"angle":337.5,"speedMult":3,"type":"extraTap"},{"time":218,"startTap":true,"endTap":true,"duration":1.5,"angle":22.5,"angle2":-67.5,"type":"hold"},{"time":219.5,"duration":1,"type":"hold","angle2":67.5,"angle":292.5},{"time":221,"type":"block","angle":22.5},{"time":221.5,"type":"block","angle":45},{"time":222,"tap":true,"angle":22.5,"type":"block"},{"time":215,"type":"block","angle":337.5},{"time":216,"type":"block","angle":45},{"time":223,"type":"block","angle":225},{"time":224,"type":"block","angle":135},{"time":224.5,"type":"block","angle":90},{"time":226,"startTap":true,"endTap":true,"duration":1.5,"angle":22.5,"angle2":-90,"type":"hold"},{"time":229,"angle":202.5,"speedMult":0.10000000149012,"type":"block"},{"time":229.5,"angle":270,"speedMult":0.60000002384186,"type":"block"},{"time":230,"angle":360,"speedMult":0.40000000596046,"type":"block"},{"time":228.5,"angle":135,"speedMult":0.30000001192093,"type":"block"},{"time":231,"angle":112.5,"speedMult":0.89999997615814,"type":"block"},{"time":232,"angle":67.5,"speedMult":0.60000002384186,"type":"block"},{"time":232.5,"angle":45,"speedMult":0.60000002384186,"type":"block"},{"time":234,"tap":true,"speedMult":0.40000000596046,"angle":315,"type":"block"},{"time":235.5,"tap":true,"speedMult":0.20000000298023,"angle":135,"type":"block"},{"time":216.5,"type":"block","angle":0},{"time":236.5,"type":"block","angle":180},{"time":237,"type":"block","angle":270},{"time":237.5,"type":"block","angle":0},{"time":238,"type":"side","angle":90},{"time":239,"type":"side","angle":45},{"time":240,"type":"side","angle":270},{"time":240.5,"type":"side","angle":292.5},{"time":242,"tap":true,"angle":22.5,"type":"block"},{"time":243.5,"tap":true,"angle":270,"type":"block"},{"time":245,"type":"block","angle":225},{"time":245.5,"type":"block","angle":202.5},{"time":244.5,"type":"block","angle":202.5},{"time":246,"endAngle":202.5,"duration":3,"angle2":22.5,"type":"hold","speedMult":3,"angle":67.5},{"time":249,"duration":1,"speedMult":3,"type":"hold","angle":22.5,"angle2":45},{"time":250,"duration":4,"speedMult":3,"type":"hold","angle":45,"angle2":337.5},{"time":255,"angle":45,"speedMult":2,"type":"block"},{"time":255,"tap":true,"speedMult":2,"angle":67.5,"type":"block"},{"time":255,"angle":90,"speedMult":2,"type":"block"},{"time":256,"angle":-45,"speedMult":2,"type":"block"},{"time":256,"tap":true,"speedMult":2,"angle":-22.5,"type":"block"},{"time":256,"angle":0,"speedMult":2,"type":"block"},{"time":257,"angle":202.5,"speedMult":2,"type":"block"},{"time":257,"tap":true,"speedMult":2,"angle":225,"type":"block"},{"time":257,"angle":247.5,"speedMult":2,"type":"block"},{"time":258,"angle":0,"speedMult":2,"type":"block"},{"time":258,"tap":true,"speedMult":2,"angle":22.5,"type":"block"},{"time":258,"angle":45,"speedMult":2,"type":"block"},{"time":259,"angle":-112.5,"speedMult":2,"type":"block"},{"time":259,"tap":true,"speedMult":2,"angle":-90,"type":"block"},{"time":259,"angle":-67.5,"speedMult":2,"type":"block"},{"time":260,"angle":-22.5,"speedMult":2,"type":"block"},{"time":260,"tap":true,"speedMult":2,"angle":0,"type":"block"},{"time":260,"angle":22.5,"speedMult":2,"type":"block"},{"time":261,"angle":157.5,"speedMult":2,"type":"block"},{"time":261,"tap":true,"speedMult":2,"angle":180,"type":"block"},{"time":261,"angle":202.5,"speedMult":2,"type":"block"},{"time":262,"duration":3,"speedMult":3,"type":"hold","angle":180,"angle2":405},{"time":265,"duration":1,"speedMult":3,"type":"hold","angle":45,"angle2":-67.5},{"time":266,"duration":2,"speedMult":3,"type":"hold","angle":292.5,"angle2":697.5},{"time":268,"duration":2,"type":"hold","angle2":202.5,"speedMult":3,"angle":337.5,"endTap":true},{"time":270.3125,"angle":210,"speedMult":3,"type":"block"},{"time":270.375,"angle":195,"speedMult":3,"type":"block"},{"time":270.6875,"angle":210,"speedMult":3,"type":"block"},{"time":272,"duration":2,"type":"hold","angle2":105,"speedMult":2,"angle":37.5,"endTap":true},{"time":274.125,"angle":101.25,"speedMult":2,"type":"block"},{"time":274.3125,"angle":112.5,"speedMult":2,"type":"block"},{"time":274.4375,"angle":101.25,"speedMult":2,"type":"block"},{"time":275.5,"duration":2.5,"speedMult":3,"type":"hold","angle":112.5,"angle2":720},{"time":280,"duration":0.5,"speedMult":2,"type":"hold","angle":45,"angle2":135},{"time":281.5,"startTap":true,"duration":0,"type":"hold","angle2":180,"speedMult":5,"angle":180},{"time":281.5,"startTap":true,"duration":0,"type":"hold","angle2":0,"speedMult":5,"angle":0},{"time":282.5,"startTap":true,"duration":0,"type":"hold","angle2":270,"speedMult":5,"angle":270},{"time":282.5,"startTap":true,"duration":0,"type":"hold","angle2":90,"speedMult":5,"angle":90},{"time":283.5,"startTap":true,"duration":0,"type":"hold","angle2":180,"speedMult":5,"angle":180},{"time":283.5,"startTap":true,"duration":0,"type":"hold","angle2":0,"speedMult":5,"angle":0},{"time":284.5,"startTap":true,"duration":0,"type":"hold","angle2":270,"speedMult":5,"angle":270},{"time":284.5,"startTap":true,"duration":0,"type":"hold","angle2":90,"speedMult":5,"angle":90},{"time":281,"angle":90,"speedMult":2,"type":"mine"},{"time":281,"angle":270,"speedMult":2,"type":"mine"},{"time":286.5,"endAngle":270,"speedMult":3,"type":"block","angle":315},{"time":286,"endAngle":90,"speedMult":3,"type":"block","angle":135},{"time":287.5,"tap":true,"speedMult":2,"angle":90,"type":"block"},{"time":288.5,"tap":true,"speedMult":2,"angle":270,"type":"block"},{"time":290,"angle":202.5,"speedMult":1.2999999523163,"type":"block"},{"time":291,"angle":112.5,"speedMult":1.2999999523163,"type":"block"},{"time":292.66666666667,"angle":190,"speedMult":1.5,"type":"block"},{"time":292.66666666667,"angle":180,"speedMult":1.5,"type":"block"},{"time":292.66666666667,"angle":170,"speedMult":1.5,"type":"block"},{"time":292.86666742961,"angle":170,"speedMult":1.5,"type":"block"},{"time":292.86666742961,"angle":180,"speedMult":1.5,"type":"block"},{"time":293.06666819255,"angle":190,"speedMult":1.5,"type":"block"},{"time":292.86666742961,"angle":190,"speedMult":1.5,"type":"block"},{"time":293.06666819255,"angle":180,"speedMult":1.5,"type":"block"},{"time":293.06666819255,"angle":170,"speedMult":1.5,"type":"block"},{"time":291.83333333333,"angle":235,"speedMult":1.5,"type":"block"},{"time":291.83333333333,"angle":225,"speedMult":1.5,"type":"block"},{"time":291.83334350586,"angle":215,"speedMult":1.5,"type":"block"},{"time":292.03333409627,"angle":215,"speedMult":1.5,"type":"block"},{"time":292.03333409627,"angle":225,"speedMult":1.5,"type":"block"},{"time":292.23333485921,"angle":235,"speedMult":1.5,"type":"block"},{"time":292.03333409627,"angle":235,"speedMult":1.5,"type":"block"},{"time":292.23333485921,"angle":225,"speedMult":1.5,"type":"block"},{"time":292.23333485921,"angle":215,"speedMult":1.5,"type":"block"},{"time":294,"duration":2,"speedMult":2,"type":"hold","angle":112.5,"angle2":22.5},{"time":296,"duration":0.5,"speedMult":2,"type":"hold","angle":22.5,"angle2":-135},{"time":297.5,"endAngle":135,"tap":true,"angle":225,"type":"block","speedMult":2},{"time":298.5,"endAngle":90,"tap":true,"angle":292.5,"type":"block","speedMult":2},{"time":299.5,"endAngle":22.5,"tap":true,"angle":112.5,"type":"block","speedMult":2},{"time":300.5,"endAngle":112.5,"tap":true,"angle":337.5,"type":"block","speedMult":2},{"time":302,"duration":0.5,"speedMult":2,"type":"hold","angle":225,"angle2":292.5},{"time":303.5,"endAngle":337.5,"tap":true,"angle":112.5,"type":"block","speedMult":2},{"time":304.5,"endAngle":292.5,"tap":true,"angle":112.5,"type":"block","speedMult":2},{"time":306,"endAngle":0,"spinEase":"linear","angle":292.5,"type":"block","speedMult":2},{"time":307,"endAngle":67.5,"speedMult":2.2000000476837,"type":"block","angle":180},{"time":308,"startTap":true,"endTap":true,"type":"hold","duration":1,"speedMult":1.5,"angle":22.5,"angle2":-382.5},{"time":309,"duration":1,"speedMult":1.5,"type":"hold","angle":337.5,"angle2":630},{"time":310,"duration":2,"speedMult":1.5,"type":"hold","angle":270,"angle2":382.5},{"time":312.5,"angle":90,"speedMult":2,"type":"block"},{"time":313.5,"angle":90,"speedMult":2,"type":"side"},{"time":314.5,"angle":45,"speedMult":2,"type":"side"},{"time":315.5,"tap":true,"speedMult":2,"angle":247.5,"type":"side"},{"time":316.5,"tap":true,"speedMult":2,"angle":292.5,"type":"side"},{"time":318,"angle":337.5,"speedMult":2,"type":"side"},{"time":318.5,"angle":0,"speedMult":2,"type":"side"},{"time":319.5,"startTap":true,"endTap":true,"type":"hold","duration":1,"speedMult":2,"angle2":292.5,"angle":90},{"time":322,"duration":1,"speedMult":2,"type":"hold","angle":315,"angle2":495},{"time":324,"angle":202.5,"speedMult":2,"type":"inverse"},{"time":324.5,"angle":225,"speedMult":2,"type":"inverse"},{"time":325,"angle":247.5,"speedMult":2,"type":"inverse"},{"time":324.08334350586,"angle":208.39999389648,"speedMult":2,"type":"inverse"},{"time":324.16665649414,"angle":212.17864990234,"speedMult":2,"type":"inverse"},{"time":324.25,"angle":216.92166137695,"speedMult":2,"type":"inverse"},{"time":324.33334350586,"angle":219.86744689941,"speedMult":2,"type":"inverse"},{"time":324.41665649414,"angle":221.85891723633,"speedMult":2,"type":"inverse"},{"time":324.58334350586,"angle":228.83367919922,"speedMult":2,"type":"inverse"},{"time":324.66665649414,"angle":231.03099060059,"speedMult":2,"type":"inverse"},{"time":324.75,"angle":234.4623260498,"speedMult":2,"type":"inverse"},{"time":324.83334350586,"angle":238.05340576172,"speedMult":2,"type":"inverse"},{"time":324.91665649414,"angle":242.32409667969,"speedMult":2,"type":"inverse"},{"time":326,"duration":6.5,"speedMult":3,"type":"hold","angle":270,"angle2":382.5},{"time":328,"angle":270,"speedMult":2,"type":"block"},{"time":328.5,"angle":360,"speedMult":2,"type":"block"},{"time":328,"angle":180,"speedMult":2,"type":"mine"},{"time":328.5,"angle":112.5,"speedMult":2,"type":"mine"},{"time":330.5,"tap":true,"speedMult":2,"angle":270,"type":"block"},{"time":329.5,"tap":true,"speedMult":2,"angle":348,"type":"block"},{"time":334,"angle":315,"speedMult":2,"type":"block"},{"time":332.5,"startTap":true,"duration":5.5,"type":"hold","angle2":-112.5,"speedMult":3,"angle":22.5},{"time":329.5,"angle":157.5,"speedMult":2,"type":"mine"},{"time":330.5,"angle":112.5,"speedMult":2,"type":"mine"},{"time":331.5,"tap":true,"speedMult":2,"angle":315,"type":"block"},{"time":331.5,"angle":45,"speedMult":2,"type":"mine"},{"time":332.5,"duration":0.5,"speedMult":2,"type":"mineHold","angle":90,"angle2":157.5},{"time":334.5,"angle":360,"speedMult":2,"type":"block"},{"time":334,"angle":247.5,"speedMult":2,"type":"mine"},{"time":334.5,"angle":292.5,"speedMult":2,"type":"mine"},{"time":335.5,"angle":225,"speedMult":2,"type":"mine"},{"time":336.5,"angle":180,"speedMult":2,"type":"mine"},{"time":335.5,"tap":true,"speedMult":2,"angle":337.5,"type":"block"},{"time":336.5,"tap":true,"speedMult":2,"angle":247.5,"type":"block"},{"time":339,"angle":180,"speedMult":2,"type":"side"},{"time":340,"angle":-67.5,"speedMult":2,"type":"side"},{"time":340,"duration":2,"speedMult":2,"type":"mineHold","angle":0,"angle2":-180},{"time":340,"duration":2,"type":"mineHold","angle2":-292.5,"angle":-157.5},{"time":342,"angle":135,"speedMult":2,"type":"block"},{"time":342.5,"angle":90,"speedMult":2,"type":"block"},{"time":343.5,"angle":360,"speedMult":2,"type":"side"},{"time":344.5,"angle":90,"speedMult":2,"type":"block"},{"time":345.5,"angle":180,"speedMult":2,"type":"block"},{"time":346.5,"angle":270,"speedMult":2,"type":"side"},{"time":347.5,"angle":90,"speedMult":2,"type":"side"},{"time":348.5,"duration":1,"angle2":360,"type":"hold","angle":270,"speedMult":2},{"time":350,"angle":45,"speedMult":0.60000002384186,"type":"block"},{"time":350.5,"angle":90,"speedMult":0.80000001192093,"type":"block"},{"time":351,"angle":135,"speedMult":0.69999998807907,"type":"block"},{"time":351.5,"angle":112.5,"speedMult":0.60000002384186,"type":"block"},{"time":352,"angle":67.5,"speedMult":0.5,"type":"block"},{"time":352.5,"angle":112.5,"speedMult":0.80000001192093,"type":"block"},{"time":353,"angle":90,"speedMult":0.96999990940094,"type":"block"},{"time":353.5,"angle":45,"speedMult":0.89999997615814,"type":"block"},{"time":354,"angle":112.5,"speedMult":0.69999998807907,"type":"block"},{"time":354.5,"angle":67.5,"speedMult":0.68999999761581,"type":"block"},{"time":355.5,"angle":135,"speedMult":0.60000002384186,"type":"block"},{"time":356,"angle":67.5,"speedMult":0.60000002384186,"type":"block"},{"time":356.5,"angle":45,"speedMult":0.80000001192093,"type":"block"},{"time":357,"angle":90,"speedMult":1,"type":"block"},{"time":358,"angle":67.5,"speedMult":0.69999998807907,"type":"block"},{"time":355,"angle":90,"speedMult":0.69999998807907,"type":"block"},{"time":357.5,"angle":135,"speedMult":0.60000002384186,"type":"block"},{"time":358.5,"type":"block","angle":67.5},{"time":359.5,"duration":1,"angle2":-45,"type":"hold","angle":22.5,"speedMult":2},{"time":360.5,"duration":1,"angle2":540,"type":"hold","angle":315,"speedMult":2},{"time":361.5,"duration":1,"speedMult":2,"type":"hold","angle":180,"angle2":90},{"time":362.5,"duration":1,"angle2":360,"type":"hold","angle":90,"speedMult":2},{"time":363.5,"duration":1,"speedMult":2,"type":"hold","angle":360,"angle2":247.5},{"time":364.5,"duration":1,"speedMult":2,"type":"hold","angle":247.5,"angle2":292.5},{"time":366,"angle":337.5,"speedMult":2,"type":"block"},{"time":366.5,"angle":360,"speedMult":2,"type":"block"},{"time":367,"angle":315,"speedMult":2,"type":"block"},{"time":367.5,"angle":337.5,"speedMult":2,"type":"block"},{"time":368,"angle":315,"speedMult":2,"type":"block"},{"time":368.5,"angle":360,"speedMult":2,"type":"block"},{"time":369,"angle":315,"speedMult":2,"type":"block"},{"time":369.5,"angle":0,"speedMult":2,"type":"block"},{"time":370,"angle":337.5,"speedMult":2,"type":"block"},{"time":370.5,"angle":360,"speedMult":2,"type":"block"},{"time":371,"angle":315,"speedMult":2,"type":"block"},{"time":371.5,"angle":315,"speedMult":2,"type":"block"},{"time":372,"angle":360,"speedMult":2,"type":"block"},{"time":372.5,"angle":337.5,"speedMult":2,"type":"block"},{"time":373,"angle":315,"speedMult":2,"type":"block"},{"time":373.5,"angle":337.5,"speedMult":2,"type":"block"},{"time":374,"duration":0.5,"speedMult":2,"type":"hold","angle":337.5,"angle2":405},{"time":375.5,"angle":22.5,"speedMult":2,"type":"block"},{"time":376.5,"angle":337.5,"speedMult":2,"type":"block"},{"time":377.5,"angle":292.5,"speedMult":2,"type":"block"},{"time":379.5,"angle":337.5,"speedMult":2,"type":"block"},{"time":378.5,"angle":45,"speedMult":2,"type":"block"},{"time":380.5,"duration":1,"speedMult":2,"type":"hold","angle":67.5,"angle2":0},{"time":382,"type":"inverse","angle":360},{"time":383.5,"type":"inverse","angle":337.5},{"time":382.5,"type":"inverse","angle":22.5},{"time":383,"type":"inverse","angle":0},{"time":384,"type":"inverse","angle":360},{"time":384.5,"type":"inverse","angle":22.5},{"time":385,"type":"inverse","angle":0},{"time":385.5,"type":"inverse","angle":337.5},{"time":386,"type":"inverse","angle":360},{"time":386.5,"type":"inverse","angle":22.5},{"time":387,"type":"inverse","angle":0},{"time":387.5,"type":"inverse","angle":337.5},{"time":388,"type":"inverse","angle":360},{"time":388.5,"type":"inverse","angle":22.5},{"time":389,"type":"inverse","angle":0},{"time":389.5,"type":"inverse","angle":337.5},{"time":390,"duration":0.5,"angle2":-67.5,"type":"hold","angle":45,"speedMult":1.5},{"time":391.5,"angle":247.5,"speedMult":1.5,"type":"block"},{"time":392.5,"angle":180,"speedMult":1.5,"type":"block"},{"time":393.5,"angle":90,"speedMult":1.5,"type":"side"},{"time":394.5,"angle":180,"speedMult":1.5,"type":"block"},{"time":395.5,"angle":270,"speedMult":1.5,"type":"block"},{"time":396.5,"angle":0,"speedMult":1.5,"type":"block"},{"time":397.5,"duration":0.5,"speedMult":2.5,"type":"hold","angle":90,"angle2":157.5},{"time":398.5,"type":"mine","angle":202.5},{"time":398.5,"type":"mine","angle":90},{"time":399,"type":"mine","angle":180},{"time":399,"type":"mine","angle":67.5},{"time":398.5,"type":"mine","angle":225},{"time":398.5,"type":"mine","angle":247.5},{"time":398.5,"type":"mine","angle":247.5},{"time":398.5,"type":"mine","angle":270},{"time":398.5,"type":"mine","angle":292.5},{"time":398.5,"type":"mine","angle":315},{"time":398.5,"type":"mine","angle":337.5},{"time":398.5,"type":"mine","angle":0},{"time":398.5,"type":"mine","angle":22.5},{"time":398.5,"type":"mine","angle":45},{"time":398.5,"type":"mine","angle":67.5},{"time":399,"type":"mine","angle":202.5},{"time":399,"type":"mine","angle":225},{"time":399,"type":"mine","angle":247.5},{"time":399,"type":"mine","angle":270},{"time":399,"type":"mine","angle":292.5},{"time":399,"type":"mine","angle":315},{"time":399,"type":"mine","angle":337.5},{"time":399,"type":"mine","angle":22.5},{"time":399,"type":"mine","angle":0},{"time":399,"type":"mine","angle":45},{"time":399.5,"type":"mine","angle":180},{"time":399.5,"type":"mine","angle":202.5},{"time":399.5,"type":"mine","angle":225},{"time":399.5,"type":"mine","angle":247.5},{"time":399.5,"type":"mine","angle":270},{"time":399.5,"type":"mine","angle":292.5},{"time":399.5,"type":"mine","angle":315},{"time":399.5,"type":"mine","angle":337.5},{"time":399.5,"type":"mine","angle":22.5},{"time":399.5,"type":"mine","angle":0},{"time":399.5,"type":"mine","angle":157.5},{"time":399.5,"type":"mine","angle":45},{"time":400,"type":"mine","angle":22.5},{"time":400.5,"type":"mine","angle":0},{"time":400,"type":"mine","angle":135},{"time":400.5,"type":"mine","angle":112.5},{"time":401,"type":"mine","angle":90},{"time":401,"type":"mine","angle":337.5},{"time":401.5,"type":"mine","angle":67.5},{"time":401.5,"type":"mine","angle":315},{"time":402,"type":"mine","angle":45},{"time":402,"type":"mine","angle":292.5},{"time":402.5,"type":"mine","angle":22.5},{"time":403,"type":"mine","angle":0},{"time":403.5,"type":"mine","angle":337.5},{"time":402.5,"type":"mine","angle":270},{"time":403,"type":"mine","angle":247.5},{"time":403.5,"type":"mine","angle":225},{"time":404,"type":"mine","angle":315},{"time":404,"type":"mine","angle":202.5},{"time":404.5,"type":"mine","angle":180},{"time":404.5,"type":"mine","angle":292.5},{"time":405,"type":"mine","angle":157.5},{"time":405,"type":"mine","angle":270},{"time":405.5,"type":"mine","angle":135},{"time":405.5,"type":"mine","angle":247.5},{"time":400,"type":"mine","angle":360},{"time":400,"type":"mine","angle":337.5},{"time":400,"type":"mine","angle":292.5},{"time":400,"type":"mine","angle":315},{"time":400,"type":"mine","angle":270},{"time":400,"type":"mine","angle":247.5},{"time":400,"type":"mine","angle":225},{"time":400,"type":"mine","angle":202.5},{"time":400,"type":"mine","angle":180},{"time":400,"type":"mine","angle":157.5},{"time":400.5,"type":"mine","angle":135},{"time":400.5,"type":"mine","angle":157.5},{"time":400.5,"type":"mine","angle":180},{"time":400.5,"type":"mine","angle":202.5},{"time":400.5,"type":"mine","angle":225},{"time":400.5,"type":"mine","angle":247.5},{"time":400.5,"type":"mine","angle":270},{"time":400.5,"type":"mine","angle":292.5},{"time":400.5,"type":"mine","angle":315},{"time":400.5,"type":"mine","angle":337.5},{"time":401,"type":"mine","angle":315},{"time":401,"type":"mine","angle":292.5},{"time":401,"type":"mine","angle":270},{"time":401,"type":"mine","angle":247.5},{"time":401,"type":"mine","angle":225},{"time":401,"type":"mine","angle":202.5},{"time":401,"type":"mine","angle":180},{"time":401,"type":"mine","angle":157.5},{"time":401,"type":"mine","angle":135},{"time":401,"type":"mine","angle":112.5},{"time":401.5,"type":"mine","angle":90},{"time":401.5,"type":"mine","angle":112.5},{"time":401.5,"type":"mine","angle":135},{"time":401.5,"type":"mine","angle":157.5},{"time":401.5,"type":"mine","angle":180},{"time":401.5,"type":"mine","angle":202.5},{"time":401.5,"type":"mine","angle":225},{"time":401.5,"type":"mine","angle":247.5},{"time":401.5,"type":"mine","angle":270},{"time":401.5,"type":"mine","angle":292.5},{"time":402,"type":"mine","angle":270},{"time":402,"type":"mine","angle":225},{"time":402,"type":"mine","angle":247.5},{"time":402,"type":"mine","angle":202.5},{"time":402,"type":"mine","angle":180},{"time":402,"type":"mine","angle":157.5},{"time":402,"type":"mine","angle":135},{"time":402,"type":"mine","angle":112.5},{"time":402,"type":"mine","angle":90},{"time":402,"type":"mine","angle":67.5},{"time":402.5,"type":"mine","angle":45},{"time":402.5,"type":"mine","angle":67.5},{"time":402.5,"type":"mine","angle":90},{"time":402.5,"type":"mine","angle":112.5},{"time":402.5,"type":"mine","angle":135},{"time":402.5,"type":"mine","angle":157.5},{"time":402.5,"type":"mine","angle":180},{"time":402.5,"type":"mine","angle":202.5},{"time":402.5,"type":"mine","angle":225},{"time":402.5,"type":"mine","angle":247.5},{"time":403,"type":"mine","angle":225},{"time":403,"type":"mine","angle":202.5},{"time":403,"type":"mine","angle":180},{"time":403,"type":"mine","angle":157.5},{"time":403,"type":"mine","angle":135},{"time":403,"type":"mine","angle":112.5},{"time":403,"type":"mine","angle":90},{"time":403,"type":"mine","angle":67.5},{"time":403,"type":"mine","angle":45},{"time":403,"type":"mine","angle":22.5},{"time":403.5,"type":"mine","angle":0},{"time":403.5,"type":"mine","angle":22.5},{"time":403.5,"type":"mine","angle":67.5},{"time":403.5,"type":"mine","angle":90},{"time":403.5,"type":"mine","angle":45},{"time":403.5,"type":"mine","angle":112.5},{"time":403.5,"type":"mine","angle":135},{"time":403.5,"type":"mine","angle":157.5},{"time":403.5,"type":"mine","angle":180},{"time":403.5,"type":"mine","angle":202.5},{"time":404,"type":"mine","angle":180},{"time":404,"type":"mine","angle":157.5},{"time":404,"type":"mine","angle":135},{"time":404,"type":"mine","angle":112.5},{"time":404,"type":"mine","angle":90},{"time":404,"type":"mine","angle":67.5},{"time":404,"type":"mine","angle":45},{"time":404,"type":"mine","angle":22.5},{"time":404,"type":"mine","angle":360},{"time":404,"type":"mine","angle":337.5},{"time":404.5,"type":"mine","angle":315},{"time":404.5,"type":"mine","angle":337.5},{"time":404.5,"type":"mine","angle":360},{"time":404.5,"type":"mine","angle":22.5},{"time":404.5,"type":"mine","angle":45},{"time":404.5,"type":"mine","angle":67.5},{"time":404.5,"type":"mine","angle":90},{"time":404.5,"type":"mine","angle":112.5},{"time":404.5,"type":"mine","angle":135},{"time":404.5,"type":"mine","angle":157.5},{"time":405,"type":"mine","angle":135},{"time":405,"type":"mine","angle":112.5},{"time":405,"type":"mine","angle":90},{"time":405,"type":"mine","angle":67.5},{"time":405,"type":"mine","angle":45},{"time":405,"type":"mine","angle":22.5},{"time":405,"type":"mine","angle":0},{"time":405,"type":"mine","angle":337.5},{"time":405,"type":"mine","angle":315},{"time":405,"type":"mine","angle":292.5},{"time":405.5,"type":"mine","angle":270},{"time":405.5,"type":"mine","angle":292.5},{"time":405.5,"type":"mine","angle":315},{"time":405.5,"type":"mine","angle":337.5},{"time":405.5,"type":"mine","angle":0},{"time":405.5,"type":"mine","angle":22.5},{"time":405.5,"type":"mine","angle":45},{"time":405.5,"type":"mine","angle":67.5},{"time":405.5,"type":"mine","angle":90},{"time":405.5,"type":"mine","angle":112.5},{"time":398.5,"type":"block","angle":135},{"time":399,"type":"block","angle":112.5},{"time":399.5,"type":"block","angle":90},{"time":400,"type":"block","angle":67.5},{"time":400.5,"type":"block","angle":45},{"time":401,"type":"block","angle":22.5},{"time":401.5,"type":"block","angle":0},{"time":402,"type":"block","angle":337.5},{"time":402.5,"type":"block","angle":315},{"time":403,"type":"block","angle":292.5},{"time":403.5,"type":"block","angle":270},{"time":404,"type":"block","angle":247.5},{"time":404.5,"type":"block","angle":225},{"time":405,"type":"block","angle":202.5},{"time":405.5,"type":"block","angle":180},{"time":406.5,"angle":180,"speedMult":2,"type":"block"},{"time":407.5,"duration":0,"speedMult":2,"type":"hold","angle":112.5,"angle2":67.5},{"time":408.5,"duration":0,"speedMult":2,"type":"hold","angle":337.5,"angle2":292.5},{"time":409.5,"duration":0,"speedMult":2,"type":"hold","angle":67.5,"angle2":112.5},{"time":410.5,"duration":0,"speedMult":2,"type":"hold","angle":202.5,"angle2":247.5},{"time":411.5,"duration":0,"speedMult":2,"type":"hold","angle":135,"angle2":90},{"time":412.5,"duration":0,"speedMult":2,"type":"hold","angle":337.5,"angle2":382.5},{"time":413.5,"duration":2.5,"speedMult":3,"type":"hold","angle":67.5,"angle2":-90},{"time":416,"duration":1.5,"speedMult":3,"type":"hold","angle":270,"angle2":450},{"time":418,"angle":45,"speedMult":3,"type":"extraTap"},{"time":419,"angle":67.5,"type":"extraTap","speedMult":3},{"time":420,"angle":67.5,"type":"extraTap","speedMult":3},{"time":421,"angle":67.5,"type":"extraTap","speedMult":3},{"time":422,"duration":1.5,"angle2":180,"type":"hold","angle":45,"speedMult":5},{"time":423.5,"duration":1,"type":"hold","angle2":-90,"angle":180,"speedMult":5},{"time":424.5,"duration":1,"angle2":225,"type":"hold","angle":270,"speedMult":5},{"time":425.5,"duration":1,"type":"hold","angle2":337.5,"angle":225,"speedMult":5},{"time":426.5,"duration":1,"speedMult":5,"type":"hold","angle":337.5,"angle2":495},{"time":427.5,"duration":1,"type":"hold","angle2":-22.5,"angle":135,"speedMult":5},{"time":428.5,"duration":1,"type":"hold","angle2":450,"angle":337.5,"speedMult":5},{"time":429.5,"duration":2,"speedMult":5,"type":"hold","angle":90,"angle2":-270},{"time":431.5,"duration":2,"type":"hold","speedMult":5,"angle":90,"angle2":495},{"time":434.5,"duration":0,"angle2":315,"type":"hold","angle":225,"speedMult":2},{"time":435.5,"duration":0,"angle2":90,"type":"hold","angle":0,"speedMult":2},{"time":436.5,"duration":0,"angle2":135,"type":"hold","angle":180,"speedMult":2},{"time":438,"duration":2,"speedMult":3,"type":"hold","angle":135,"angle2":45},{"time":440.5,"angle":90,"speedMult":2,"type":"block"},{"time":441.5,"angle":315,"speedMult":2,"type":"block"},{"time":442.5,"angle":225,"speedMult":2,"type":"block"},{"time":443.5,"angle":67.5,"speedMult":2,"type":"block"},{"time":444.5,"angle":180,"speedMult":2,"type":"block"},{"time":446,"duration":0.5,"type":"hold","angle2":22.5,"angle":112.5,"speedMult":3},{"time":447.5,"duration":1,"speedMult":3,"type":"hold","angle":315,"angle2":495},{"time":450,"type":"block","angle":360},{"time":450.5,"type":"block","angle":360},{"time":451,"type":"block","angle":0},{"time":451.5,"type":"block","angle":360},{"time":452,"type":"block","angle":360},{"time":452.5,"type":"block","angle":360},{"time":453,"type":"block","angle":0},{"time":453.5,"type":"block","angle":0},{"time":454,"type":"block","angle":0},{"time":450.25,"type":"block","angle":0},{"time":450.125,"type":"block","angle":0},{"time":450.375,"type":"block","angle":0},{"time":450.625,"type":"block","angle":0},{"time":450.75,"type":"block","angle":0},{"time":450.875,"type":"block","angle":0},{"time":451.125,"type":"block","angle":0},{"time":451.25,"type":"block","angle":0},{"time":451.375,"type":"block","angle":0},{"time":451.5,"type":"block","angle":0},{"time":451.625,"type":"block","angle":0},{"time":451.75,"type":"block","angle":0},{"time":451.875,"type":"block","angle":0},{"time":452.125,"type":"block","angle":0},{"time":452.25,"type":"block","angle":0},{"time":452.375,"type":"block","angle":0},{"time":452.625,"type":"block","angle":0},{"time":452.75,"type":"block","angle":0},{"time":452.875,"type":"block","angle":0},{"time":453.125,"type":"block","angle":0},{"time":453.25,"type":"block","angle":0},{"time":453.375,"type":"block","angle":0},{"time":453.625,"type":"block","angle":0},{"time":453.75,"type":"block","angle":0},{"time":453.875,"type":"block","angle":0},{"time":450,"type":"block","angle":371.25},{"time":450.5,"type":"block","angle":371.25},{"time":451,"type":"block","angle":11.25},{"time":451.5,"type":"block","angle":371.25},{"time":452,"type":"block","angle":371.25},{"time":452.5,"type":"block","angle":371.25},{"time":453,"type":"block","angle":11.25},{"time":453.5,"type":"block","angle":11.25},{"time":454,"type":"block","angle":11.25},{"time":450.25,"type":"block","angle":11.25},{"time":450.125,"type":"block","angle":11.25},{"time":450.375,"type":"block","angle":11.25},{"time":450.625,"type":"block","angle":11.25},{"time":450.75,"type":"block","angle":11.25},{"time":450.875,"type":"block","angle":11.25},{"time":451.125,"type":"block","angle":11.25},{"time":451.25,"type":"block","angle":11.25},{"time":451.375,"type":"block","angle":11.25},{"time":451.5,"type":"block","angle":11.25},{"time":451.625,"type":"block","angle":11.25},{"time":451.75,"type":"block","angle":11.25},{"time":451.875,"type":"block","angle":11.25},{"time":452.125,"type":"block","angle":11.25},{"time":452.25,"type":"block","angle":11.25},{"time":452.375,"type":"block","angle":11.25},{"time":452.625,"type":"block","angle":11.25},{"time":452.75,"type":"block","angle":11.25},{"time":452.875,"type":"block","angle":11.25},{"time":453.125,"type":"block","angle":11.25},{"time":453.25,"type":"block","angle":11.25},{"time":453.375,"type":"block","angle":11.25},{"time":453.625,"type":"block","angle":11.25},{"time":453.75,"type":"block","angle":11.25},{"time":453.875,"type":"block","angle":11.25},{"time":450,"type":"block","angle":382.5},{"time":450.5,"type":"block","angle":382.5},{"time":451,"type":"block","angle":22.5},{"time":451.5,"type":"block","angle":382.5},{"time":452,"type":"block","angle":382.5},{"time":452.5,"type":"block","angle":382.5},{"time":453,"type":"block","angle":22.5},{"time":453.5,"type":"block","angle":22.5},{"time":454,"type":"block","angle":22.5},{"time":450.25,"type":"block","angle":22.5},{"time":450.125,"type":"block","angle":22.5},{"time":450.375,"type":"block","angle":22.5},{"time":450.625,"type":"block","angle":22.5},{"time":450.75,"type":"block","angle":22.5},{"time":450.875,"type":"block","angle":22.5},{"time":451.125,"type":"block","angle":22.5},{"time":451.25,"type":"block","angle":22.5},{"time":451.375,"type":"block","angle":22.5},{"time":451.5,"type":"block","angle":22.5},{"time":451.625,"type":"block","angle":22.5},{"time":451.75,"type":"block","angle":22.5},{"time":451.875,"type":"block","angle":22.5},{"time":452.125,"type":"block","angle":22.5},{"time":452.25,"type":"block","angle":22.5},{"time":452.375,"type":"block","angle":22.5},{"time":452.625,"type":"block","angle":22.5},{"time":452.75,"type":"block","angle":22.5},{"time":452.875,"type":"block","angle":22.5},{"time":453.125,"type":"block","angle":22.5},{"time":453.25,"type":"block","angle":22.5},{"time":453.375,"type":"block","angle":22.5},{"time":453.625,"type":"block","angle":22.5},{"time":453.75,"type":"block","angle":22.5},{"time":453.875,"type":"block","angle":22.5},{"time":450,"type":"block","angle":348.75},{"time":450.5,"type":"block","angle":348.75},{"time":451,"type":"block","angle":-11.25},{"time":451.5,"type":"block","angle":348.75},{"time":452,"type":"block","angle":348.75},{"time":452.5,"type":"block","angle":348.75},{"time":453,"type":"block","angle":-11.25},{"time":453.5,"type":"block","angle":-11.25},{"time":454,"type":"block","angle":-11.25},{"time":450.25,"type":"block","angle":-11.25},{"time":450.125,"type":"block","angle":-11.25},{"time":450.375,"type":"block","angle":-11.25},{"time":450.625,"type":"block","angle":-11.25},{"time":450.75,"type":"block","angle":-11.25},{"time":450.875,"type":"block","angle":-11.25},{"time":451.125,"type":"block","angle":-11.25},{"time":451.25,"type":"block","angle":-11.25},{"time":451.375,"type":"block","angle":-11.25},{"time":451.5,"type":"block","angle":-11.25},{"time":451.625,"type":"block","angle":-11.25},{"time":451.75,"type":"block","angle":-11.25},{"time":451.875,"type":"block","angle":-11.25},{"time":452.125,"type":"block","angle":-11.25},{"time":452.25,"type":"block","angle":-11.25},{"time":452.375,"type":"block","angle":-11.25},{"time":452.625,"type":"block","angle":-11.25},{"time":452.75,"type":"block","angle":-11.25},{"time":452.875,"type":"block","angle":-11.25},{"time":453.125,"type":"block","angle":-11.25},{"time":453.25,"type":"block","angle":-11.25},{"time":453.375,"type":"block","angle":-11.25},{"time":453.625,"type":"block","angle":-11.25},{"time":453.75,"type":"block","angle":-11.25},{"time":453.875,"type":"block","angle":-11.25},{"time":450,"type":"block","angle":337.5},{"time":450.5,"type":"block","angle":337.5},{"time":451,"type":"block","angle":-22.5},{"time":451.5,"type":"block","angle":337.5},{"time":452,"type":"block","angle":337.5},{"time":452.5,"type":"block","angle":337.5},{"time":453,"type":"block","angle":-22.5},{"time":453.5,"type":"block","angle":-22.5},{"time":454,"type":"block","angle":-22.5},{"time":450.25,"type":"block","angle":-22.5},{"time":450.125,"type":"block","angle":-22.5},{"time":450.375,"type":"block","angle":-22.5},{"time":450.625,"type":"block","angle":-22.5},{"time":450.75,"type":"block","angle":-22.5},{"time":450.875,"type":"block","angle":-22.5},{"time":451.125,"type":"block","angle":-22.5},{"time":451.25,"type":"block","angle":-22.5},{"time":451.375,"type":"block","angle":-22.5},{"time":451.5,"type":"block","angle":-22.5},{"time":451.625,"type":"block","angle":-22.5},{"time":451.75,"type":"block","angle":-22.5},{"time":451.875,"type":"block","angle":-22.5},{"time":452.125,"type":"block","angle":-22.5},{"time":452.25,"type":"block","angle":-22.5},{"time":452.375,"type":"block","angle":-22.5},{"time":452.625,"type":"block","angle":-22.5},{"time":452.75,"type":"block","angle":-22.5},{"time":452.875,"type":"block","angle":-22.5},{"time":453.125,"type":"block","angle":-22.5},{"time":453.25,"type":"block","angle":-22.5},{"time":453.375,"type":"block","angle":-22.5},{"time":453.625,"type":"block","angle":-22.5},{"time":453.75,"type":"block","angle":-22.5},{"time":453.875,"type":"block","angle":-22.5},{"time":454,"angle":315,"speedMult":1,"type":"extraTap"},{"time":118,"angle":292.5,"type":"extraTap","speedMult":2},{"time":102,"angle":225,"type":"extraTap","speedMult":2},{"time":126,"angle":135,"type":"extraTap","speedMult":3},{"time":130,"angle":337.5,"type":"extraTap","speedMult":3},{"time":132,"angle":135,"type":"extraTap","speedMult":3},{"time":133,"angle":135,"type":"extraTap","speedMult":3},{"time":150,"angle":292.5,"speedMult":1,"type":"block"},{"time":150.5,"angle":225,"speedMult":1.5,"type":"block"},{"time":158,"angle":270,"type":"extraTap","speedMult":3},{"time":162,"angle":225,"type":"extraTap","speedMult":3},{"time":164,"angle":247.5,"type":"extraTap","speedMult":3},{"time":165,"angle":247.5,"type":"extraTap","speedMult":3},{"time":150,"angle":337.5,"type":"extraTap","speedMult":3},{"time":246,"angle":202.5,"type":"extraTap","speedMult":3},{"time":262,"angle":225,"type":"extraTap","speedMult":3},{"time":278,"angle":45,"type":"extraTap","speedMult":3},{"time":294,"angle":67.5,"type":"extraTap","speedMult":3},{"time":306,"angle":337.5,"type":"extraTap","speedMult":3},{"time":322,"angle":292.5,"type":"extraTap","speedMult":3},{"time":326,"angle":315,"type":"extraTap","speedMult":3},{"time":358,"angle":45,"type":"extraTap","speedMult":3},{"time":366,"angle":360,"type":"extraTap","speedMult":3},{"time":370,"angle":45,"type":"extraTap","speedMult":3},{"time":371,"angle":45,"type":"extraTap","speedMult":3},{"time":372,"angle":45,"type":"extraTap","speedMult":3},{"time":373,"angle":45,"type":"extraTap","speedMult":3},{"time":390,"angle":90,"type":"extraTap","speedMult":3},{"time":442.5,"angle":247.5,"type":"extraTap","speedMult":3},{"time":446,"angle":135,"type":"extraTap","speedMult":3}]