{"metadata":{"bgData":{"redChannel":{"r":185,"g":194,"b":0},"blueChannel":{"r":0,"g":151,"b":0},"greenChannel":{"r":0,"g":0,"b":0},"yellowChannel":{"r":0,"g":0,"b":0},"magentaChannel":{"r":0,"g":0,"b":0},"cyanChannel":{"r":0,"g":0,"b":0},"image":"Dalv2.png"},"artist":"Masterswordremix","charter":"Charter","songName":"Forlorn","difficulty":0,"bg":true,"description":"This is my first level, so why not do the first boss of undertale yellow (I don't count decibate)\n","artistLink":""},"events":[{"time":1.5,"bpm":175,"angle":0,"type":"setBPM"},{"time":1,"volume":2.0000002384186,"bpm":175,"file":"14.Forlorn.ogg","type":"play","angle":90},{"time":0,"color":0,"angle":22.5,"type":"setBgColor"},{"time":0,"g":0,"angle":337.5,"r":14,"type":"setColor","b":16,"color":0},{"time":0,"color":1,"angle":67.5,"type":"outline","enable":true},{"time":0,"g":0,"angle":315,"r":137,"type":"setColor","b":192,"color":1},{"time":23.5,"g":255,"angle":315,"r":255,"type":"setColor","b":255,"color":2},{"time":23.5,"color":2,"angle":45,"type":"setBgColor"},{"time":24.5,"color":2,"angle":225,"type":"setBgColor"},{"time":25,"color":0,"angle":225,"type":"setBgColor"},{"time":24,"color":0,"angle":45,"type":"setBgColor"},{"time":28,"color":2,"angle":360,"type":"setBgColor"},{"time":28.5,"color":0,"angle":0,"type":"setBgColor"},{"time":29.5,"color":0,"angle":67.5,"type":"setBgColor"},{"time":29,"color":2,"angle":45,"type":"setBgColor"},{"time":32,"color":2,"angle":45,"type":"setBgColor"},{"time":32.5,"color":0,"angle":45,"type":"setBgColor"},{"time":33,"color":2,"angle":45,"type":"setBgColor"},{"time":33.5,"color":0,"angle":45,"type":"setBgColor"},{"time":34,"type":"paddles","ease":"linear","paddle":1,"duration":8,"angle":360,"newWidth":100,"enabled":true},{"time":37.5,"type":"paddles","ease":"linear","paddle":0,"duration":0.5,"angle":292.5,"newWidth":70,"enabled":true},{"time":38,"value":1,"duration":1,"type":"ease","angle":292.5,"var":"p.drawScale"},{"time":38,"value":1,"duration":1,"type":"ease","angle":247.5,"var":"vfx.noteXScale"},{"time":38,"value":1,"duration":1,"type":"ease","angle":225,"var":"vfx.noteYScale"},{"time":70.5,"type":"paddles","ease":"linear","newAngle":0,"newWidth":40,"angle":247.5,"paddle":0,"duration":1.5},{"time":83.5,"type":"paddles","ease":"linear","newAngle":0,"newWidth":70,"angle":360,"paddle":0,"duration":0},{"time":156.5,"type":"paddles","ease":"linear","newAngle":180,"newWidth":70,"angle":270,"paddle":4,"duration":1},{"time":166.60000610352,"type":"paddles","ease":"linear","newAngle":0,"newWidth":70,"angle":157.5,"paddle":0,"duration":1},{"time":157,"value":35,"duration":8,"type":"ease","angle":247.5,"var":"noteRadius"},{"time":157,"value":1.5,"duration":8,"type":"ease","angle":292.5,"var":"vfx.noteYScale"},{"time":157,"value":1.5,"duration":8,"type":"ease","angle":315,"var":"vfx.noteXScale"},{"time":166,"value":1,"duration":1,"type":"ease","angle":247.5,"var":"p.drawScale"},{"time":166,"value":1,"duration":1,"type":"ease","angle":292.5,"var":"vfx.noteYScale"},{"time":166,"value":1,"duration":1,"type":"ease","angle":315,"var":"vfx.noteXScale"},{"time":157,"value":1.5,"duration":8,"type":"ease","angle":225,"var":"p.drawScale"},{"time":0,"type":"bookmark","name":"Start","g":0,"r":0,"angle":270,"description":"","b":0},{"time":20.5,"type":"bookmark","name":"Section 2","g":0,"r":0,"angle":112.5,"description":"","b":0},{"time":38,"type":"bookmark","name":"Beat drop","g":0,"r":0,"angle":202.5,"description":"","b":0},{"time":68,"type":"bookmark","name":"section 4","g":0,"r":0,"angle":247.5,"description":"","b":0},{"time":102.5,"type":"bookmark","name":"Section 5","g":0,"r":0,"angle":67.5,"description":"","b":0},{"time":118,"type":"bookmark","name":"Section 6","g":0,"r":0,"angle":270,"description":"","b":0},{"time":134,"type":"bookmark","name":"Section 7","g":0,"r":0,"angle":225,"description":"","b":0},{"time":150.5,"type":"bookmark","name":"Section 8","g":0,"r":0,"angle":360,"description":"","b":0},{"time":166,"type":"bookmark","name":"Section 9","g":0,"r":0,"angle":135,"description":"","b":0},{"time":166,"value":9,"duration":1,"type":"ease","angle":270,"var":"noteRadius"},{"time":34,"value":35,"duration":4,"type":"ease","angle":337.5,"var":"noteRadius"},{"time":34,"value":1.5,"duration":4,"type":"ease","angle":22.5,"var":"vfx.noteYScale"},{"time":34,"value":1.5,"duration":4,"type":"ease","angle":45,"var":"vfx.noteXScale"},{"time":34,"value":1.5,"duration":4,"type":"ease","angle":315,"var":"p.drawScale"},{"time":38,"value":9,"duration":1,"type":"ease","angle":315,"var":"noteRadius"},{"time":109.5,"value":35,"duration":6,"type":"ease","angle":382.5,"var":"noteRadius"},{"time":109.5,"value":1.5,"duration":6,"type":"ease","angle":427.5,"var":"vfx.noteYScale"},{"time":109.5,"value":1.5,"duration":6,"type":"ease","angle":450,"var":"vfx.noteXScale"},{"time":109.5,"value":1.5,"duration":6,"type":"ease","angle":360,"var":"p.drawScale"},{"time":115.5,"value":9,"duration":2,"type":"ease","angle":292.5,"var":"noteRadius"},{"time":115.5,"value":1,"duration":2,"type":"ease","angle":337.5,"var":"vfx.noteYScale"},{"time":115.5,"value":1,"duration":2,"type":"ease","angle":360,"var":"vfx.noteXScale"},{"time":115.5,"value":1,"duration":2,"type":"ease","angle":270,"var":"p.drawScale"},{"time":182,"type":"bookmark","name":"Section 10","g":0,"r":0,"angle":315,"description":"","b":0},{"time":198,"type":"bookmark","name":"Section 11","g":0,"r":0,"angle":135,"description":"","b":0},{"time":214,"type":"bookmark","name":"Section 12","g":0,"r":0,"angle":22.5,"description":"","b":0},{"time":210,"value":35,"duration":3,"type":"ease","angle":247.5,"var":"noteRadius"},{"time":210,"value":1.5,"duration":3,"type":"ease","angle":292.5,"var":"vfx.noteYScale"},{"time":210,"value":1.5,"duration":3,"type":"ease","angle":315,"var":"vfx.noteXScale"},{"time":210,"value":1.5,"duration":3,"type":"ease","angle":225,"var":"p.drawScale"},{"time":214,"value":1,"duration":2,"type":"ease","angle":292.5,"var":"vfx.noteYScale"},{"time":214,"value":1,"duration":2,"type":"ease","angle":315,"var":"vfx.noteXScale"},{"time":214,"value":1,"duration":2,"type":"ease","angle":225,"var":"p.drawScale"},{"time":210,"type":"paddles","ease":"linear","paddle":0,"duration":1,"angle":90,"newWidth":150,"enabled":true},{"time":213.5,"type":"paddles","ease":"linear","newAngle":0,"newWidth":70,"angle":45,"paddle":0,"duration":2},{"time":244,"type":"bookmark","name":"Section 13","g":0,"r":0,"angle":202.5,"description":"","b":0},{"time":278,"type":"bookmark","name":"Section 14","g":0,"r":0,"angle":0,"description":"","b":0},{"time":281,"type":"paddles","ease":"linear","newAngle":180,"newWidth":70,"angle":180,"paddle":1,"duration":0.5},{"time":281.5,"color":3,"angle":225,"type":"setBgColor"},{"time":281.60000610352,"color":0,"angle":225,"type":"setBgColor"},{"time":282.5,"color":3,"angle":225,"type":"setBgColor"},{"time":282.60000610352,"color":0,"angle":225,"type":"setBgColor"},{"time":283.5,"color":3,"angle":225,"type":"setBgColor"},{"time":283.60000610352,"color":0,"angle":225,"type":"setBgColor"},{"time":284.5,"color":3,"angle":225,"type":"setBgColor"},{"time":284.60000610352,"color":0,"angle":225,"type":"setBgColor"},{"time":288.5,"type":"paddles","ease":"linear","newAngle":0,"newWidth":70,"angle":135,"paddle":1,"duration":0.5},{"time":294,"type":"bookmark","name":"Section 15","g":0,"r":0,"angle":90,"description":"","b":0},{"time":325,"type":"paddles","ease":"linear","paddle":0,"duration":1,"angle":270,"newWidth":270,"enabled":true},{"time":214,"value":9,"duration":2,"type":"ease","angle":247.5,"var":"noteRadius"},{"time":337,"type":"paddles","ease":"linear","newAngle":0,"newWidth":70,"angle":202.5,"paddle":0,"duration":1},{"time":325,"type":"bookmark","name":"Section 16","g":0,"r":0,"angle":247.5,"description":"","b":0},{"time":342,"type":"bookmark","name":"Section 18","g":0,"r":0,"angle":315,"description":"","b":0},{"time":340,"type":"bookmark","name":"Section 17","g":0,"r":0,"angle":22.5,"description":"","b":0},{"time":349.5,"type":"paddles","ease":"linear","newAngle":0,"newWidth":40,"angle":315,"paddle":0,"duration":0.5},{"time":357.5,"type":"paddles","ease":"linear","newAngle":0,"newWidth":70,"angle":45,"paddle":0,"duration":1},{"time":349.5,"value":200,"duration":8,"type":"ease","angle":270,"var":"p.x"},{"time":365.5,"type":"paddles","ease":"linear","newAngle":0,"newWidth":40,"angle":315,"paddle":0,"duration":1},{"time":366,"value":300,"duration":8,"type":"ease","angle":225,"var":"p.x"},{"time":366,"value":260,"duration":8,"type":"ease","angle":202.5,"var":"p.y"},{"time":373.5,"type":"bookmark","name":"Section 19","g":0,"r":0,"angle":0,"description":"","b":0},{"time":381.5,"value":180,"duration":8,"type":"ease","angle":337.5,"var":"p.y"},{"time":381.5,"type":"paddles","ease":"linear","newAngle":0,"newWidth":70,"angle":45,"paddle":0,"duration":10},{"time":405.5,"type":"bookmark","name":"Section 20","g":0,"r":0,"angle":202.5,"description":"","b":0},{"time":418,"type":"paddles","paddle":0,"ease":"linear","newAngle":0,"duration":0,"angle":157.5,"newWidth":0,"enabled":false},{"time":418,"value":100,"angle":112.5,"type":"ease","var":"p.y"},{"time":418,"value":75,"angle":135,"type":"ease","var":"p.x"},{"time":419,"value":170,"angle":112.5,"type":"ease","var":"p.y"},{"time":419,"value":450,"angle":135,"type":"ease","var":"p.x"},{"time":420,"value":240,"angle":112.5,"type":"ease","var":"p.y"},{"time":420,"value":200,"angle":135,"type":"ease","var":"p.x"},{"time":421,"value":180,"angle":112.5,"type":"ease","var":"p.y"},{"time":421,"value":300,"angle":135,"type":"ease","var":"p.x"},{"time":418,"color":3,"angle":22.5,"type":"setBgColor"},{"time":418.5,"color":0,"angle":22.5,"type":"setBgColor"},{"time":419,"color":3,"angle":22.5,"type":"setBgColor"},{"time":419.5,"color":0,"angle":22.5,"type":"setBgColor"},{"time":420,"color":3,"angle":22.5,"type":"setBgColor"},{"time":420.5,"color":0,"angle":22.5,"type":"setBgColor"},{"time":421,"color":3,"angle":22.5,"type":"setBgColor"},{"time":421.5,"color":0,"angle":22.5,"type":"setBgColor"},{"time":421,"type":"paddles","ease":"linear","paddle":0,"newAngle":0,"duration":0,"angle":157.5,"enabled":true,"newWidth":360},{"time":418,"color":2,"angle":337.5,"type":"outline","enable":true},{"time":418.5,"color":1,"angle":337.5,"type":"outline","enable":true},{"time":419,"color":2,"angle":337.5,"type":"outline","enable":true},{"time":419.5,"color":1,"angle":337.5,"type":"outline","enable":true},{"time":420,"color":2,"angle":337.5,"type":"outline","enable":true},{"time":420.5,"color":1,"angle":337.5,"type":"outline","enable":true},{"time":421,"color":2,"angle":337.5,"type":"outline","enable":true},{"time":421.5,"color":1,"angle":337.5,"type":"outline","enable":true},{"time":0,"g":225,"angle":225,"r":252,"type":"setColor","b":255,"color":3},{"time":422,"type":"paddles","ease":"linear","newAngle":0,"newWidth":120,"angle":157.5,"paddle":0,"duration":2},{"time":435.5,"type":"paddles","ease":"linear","newAngle":0,"newWidth":70,"angle":112.5,"paddle":0,"duration":0.5},{"time":454.5,"type":"showResults","angle":326.25},{"time":0,"value":0.69999998807907,"angle":180,"type":"ease","var":"scrollSpeed"}],"properties":{"offset":5,"speed":70,"formatversion":13,"startBeat":0}}