[{"time":1.625,"type":"block","angle":0},{"time":2.5,"type":"block","angle":22.5},{"time":2.5,"type":"block","angle":22.5},{"time":2,"type":"block","angle":33.75},{"time":2.25,"type":"block","angle":78.75},{"time":3,"type":"block","angle":22.5},{"time":3.5,"type":"block","angle":22.5},{"time":3.75,"type":"block","angle":348.75},{"time":4,"type":"block","angle":337.5},{"time":4.625,"type":"block","angle":22.5},{"time":5,"type":"block","angle":22.5},{"time":5.25,"type":"block","angle":348.75},{"time":5.5,"type":"block","angle":45},{"time":5.75,"type":"block","angle":326.25},{"time":6,"type":"block","angle":292.5},{"time":6.5,"type":"block","angle":337.5},{"time":6.75,"type":"block","angle":0},{"time":7.375,"type":"block","angle":33.75},{"time":7.75,"type":"block","angle":22.5},{"time":8,"type":"block","angle":11.25},{"time":8.375,"type":"block","angle":33.75},{"type":"hold","duration":0.5,"angle":360,"angle2":281.25,"time":9.625},{"type":"hold","duration":0.5,"angle":225,"angle2":225,"time":10.375},{"type":"hold","duration":1.625,"angle":303.75,"angle2":405,"time":11.375},{"time":11.375,"type":"inverse","angle":292.5},{"time":11.875,"type":"inverse","angle":337.5},{"time":12.125,"type":"inverse","angle":360},{"time":12.375,"type":"inverse","angle":11.25},{"time":12.875,"type":"inverse","angle":33.75},{"type":"hold","duration":0.5,"angle":326.25,"angle2":326.25,"time":13.5},{"type":"hold","duration":0.5,"angle":236.25,"angle2":202.5,"time":14.375},{"type":"hold","duration":1.875,"angle":135,"angle2":56.25,"time":15.25},{"time":15.25,"type":"inverse","angle":123.75},{"time":15.75,"type":"inverse","angle":112.5},{"time":16,"type":"inverse","angle":101.25},{"time":16.25,"type":"inverse","angle":90},{"time":16.5,"type":"inverse","angle":78.75},{"type":"hold","duration":0.5,"angle":180,"angle2":157.5,"time":17.5},{"type":"hold","duration":0.5,"angle":202.5,"angle2":258.75,"time":18.375},{"type":"hold","duration":2.25,"angle":326.25,"angle2":112.5,"time":19.375},{"time":19.375,"type":"inverse","angle":315},{"time":19.875,"type":"inverse","angle":281.25},{"time":20.125,"type":"inverse","angle":270},{"time":20.375,"type":"inverse","angle":236.25},{"time":20.625,"type":"inverse","angle":213.75},{"time":20.875,"type":"inverse","angle":191.25},{"time":21.125,"type":"inverse","angle":168.75},{"time":21.375,"type":"inverse","angle":146.25},{"startTap":true,"type":"hold","duration":3.125,"angle":112.5,"time":21.625,"angle2":-258.75},{"time":21.625,"type":"inverse","angle":101.25},{"time":22,"type":"inverse","angle":78.75},{"time":22.25,"type":"inverse","angle":56.25},{"time":22.75,"type":"inverse","angle":348.75},{"time":23.25,"type":"inverse","angle":292.5},{"time":23.75,"type":"inverse","angle":225},{"time":24.25,"type":"inverse","angle":146.25},{"time":26,"type":"block","angle":337.5},{"time":26.25,"type":"block","angle":67.5},{"time":26.625,"type":"block","angle":45},{"time":26.875,"type":"block","angle":56.25},{"type":"hold","duration":2.25,"angle":11.25,"angle2":11.25,"time":27.25},{"time":27.75,"type":"block","angle":360},{"time":28.25,"type":"block","angle":22.5},{"time":28.875,"type":"block","angle":360},{"time":27.75,"type":"mine","angle":22.5},{"time":28.25,"type":"mine","angle":0},{"time":28.875,"type":"mine","angle":22.5},{"time":29.5,"type":"extraTap","angle":0},{"time":30.25,"type":"block","angle":213.75},{"time":30,"type":"side","angle":225},{"type":"hold","duration":1,"angle":247.5,"angle2":393.75,"time":30.5},{"time":30.875,"type":"block","angle":303.75},{"time":32.125,"type":"inverse","angle":180},{"time":31.875,"type":"inverse","angle":180},{"time":32.375,"type":"inverse","angle":180},{"time":32.625,"type":"inverse","angle":180},{"time":33.625,"type":"extraTap","angle":202.5},{"type":"hold","duration":0.5,"angle":180,"angle2":258.75,"holdEase":"inBack","time":34},{"time":34.875,"type":"block","angle":270},{"time":35.375,"type":"block","angle":292.5},{"time":35.75,"type":"block","angle":236.25},{"startTap":true,"endTap":true,"duration":1.375,"angle":225,"time":36,"angle2":360,"type":"hold"},{"time":36.375,"type":"block","angle":258.75,"tap":true},{"time":36.75,"type":"block","angle":303.75,"tap":true},{"time":37.75,"type":"block","angle":0},{"time":38,"type":"block","angle":180},{"time":38.625,"type":"block","angle":90},{"time":38.25,"type":"block","angle":360},{"time":38.875,"type":"block","angle":270},{"time":39.25,"type":"block","angle":90},{"time":40.75,"type":"extraTap","angle":90},{"time":40.25,"type":"extraTap","angle":90},{"type":"hold","duration":0.75,"angle":270,"time":41.625,"holdEase":"inQuad","angle2":450},{"type":"hold","duration":1.25,"angle":90,"time":42.375,"holdEase":"outQuad","angle2":-90},{"time":44.375,"type":"inverse","angle":270},{"time":45.5,"type":"block","angle":270},{"time":45.75,"type":"block","angle":270},{"time":46.25,"type":"block","angle":303.75},{"time":46.75,"type":"block","angle":11.25},{"type":"hold","duration":0.75,"angle":281.25,"angle2":371.25,"holdEase":"inCubic","time":47.375},{"time":48.5,"type":"block","angle":45},{"time":49,"type":"side","angle":11.25},{"time":49.5,"type":"side","angle":315},{"time":50.25,"type":"block","angle":326.25},{"time":51.5,"type":"side","angle":33.75},{"time":52.375,"type":"side","angle":56.25},{"time":53.5,"type":"block","angle":360},{"type":"block","angle":360,"time":53.75,"speedMult":5},{"type":"hold","duration":0.5,"angle":360,"angle2":461.25,"holdEase":"inQuad","time":54.25},{"type":"hold","duration":0.625,"angle":270,"angle2":270,"time":55.25},{"type":"hold","duration":0.25,"angle":270,"angle2":303.75,"time":55.875},{"type":"hold","duration":0.25,"angle":303.75,"angle2":258.75,"time":56.125},{"type":"hold","duration":0.25,"angle":258.75,"angle2":292.5,"time":56.375},{"type":"hold","duration":0.625,"angle":270,"angle2":270,"time":57.25},{"type":"hold","duration":0.25,"angle":270,"angle2":303.75,"time":57.875},{"type":"hold","duration":0.25,"angle":303.75,"angle2":258.75,"time":58.125},{"type":"hold","duration":0.25,"angle":258.75,"angle2":292.5,"time":58.375},{"type":"hold","duration":0.625,"angle":270,"angle2":270,"time":59.125},{"type":"hold","duration":0.25,"angle":270,"angle2":303.75,"time":59.75},{"type":"hold","duration":0.25,"angle":303.75,"angle2":258.75,"time":60},{"type":"hold","duration":0.25,"angle":258.75,"angle2":292.5,"time":60.25},{"type":"hold","duration":0.25,"angle":292.5,"angle2":225,"time":60.5},{"type":"hold","duration":0.25,"angle":225,"angle2":337.5,"time":60.75},{"type":"hold","duration":0.625,"angle":337.5,"angle2":258.75,"time":61},{"type":"hold","duration":0.625,"angle":450,"angle2":450,"time":57.25},{"type":"hold","duration":0.25,"angle":450,"angle2":483.75,"time":57.875},{"type":"hold","duration":0.25,"angle":483.75,"angle2":438.75,"time":58.125},{"type":"hold","duration":0.25,"angle":438.75,"angle2":472.5,"time":58.375},{"type":"hold","duration":0.625,"angle":450,"angle2":450,"time":59.125},{"type":"hold","duration":0.25,"angle":450,"angle2":483.75,"time":59.75},{"type":"hold","duration":0.25,"angle":483.75,"angle2":438.75,"time":60},{"type":"hold","duration":0.25,"angle":438.75,"angle2":472.5,"time":60.25},{"type":"hold","duration":0.25,"angle":472.5,"angle2":405,"time":60.5},{"type":"hold","duration":0.25,"angle":405,"angle2":517.5,"time":60.75},{"type":"hold","duration":0.625,"angle":517.5,"angle2":438.75,"time":61},{"type":"hold","duration":0.625,"angle":360,"angle2":360,"time":59.125},{"type":"hold","duration":0.25,"angle":360,"angle2":393.75,"time":59.75},{"type":"hold","duration":0.25,"angle":393.75,"angle2":348.75,"time":60},{"type":"hold","duration":0.25,"angle":348.75,"angle2":382.5,"time":60.25},{"type":"hold","duration":0.25,"angle":382.5,"angle2":315,"time":60.5},{"type":"hold","duration":0.25,"angle":315,"angle2":427.5,"time":60.75},{"type":"hold","duration":0.625,"angle":427.5,"angle2":348.75,"time":61},{"type":"hold","duration":0.625,"angle":540,"angle2":540,"time":59.125},{"type":"hold","duration":0.25,"angle":540,"angle2":573.75,"time":59.75},{"type":"hold","duration":0.25,"angle":573.75,"angle2":528.75,"time":60},{"type":"hold","duration":0.25,"angle":528.75,"angle2":562.5,"time":60.25},{"type":"hold","duration":0.25,"angle":562.5,"angle2":495,"time":60.5},{"type":"hold","duration":0.25,"angle":495,"angle2":607.5,"time":60.75},{"type":"hold","duration":0.625,"angle":607.5,"angle2":528.75,"time":61},{"time":63.625,"type":"block","angle":303.75},{"time":64,"type":"block","angle":303.75},{"time":64.25,"type":"block","angle":303.75},{"time":64.625,"type":"block","angle":315},{"time":65,"type":"block","angle":225},{"time":65.5,"type":"block","angle":225},{"time":65.75,"type":"block","angle":315},{"time":66,"type":"block","angle":270},{"time":66.5,"type":"block","angle":303.75},{"time":67,"type":"block","angle":292.5},{"time":67.25,"type":"block","angle":270},{"type":"hold","duration":2.625,"angle":292.5,"angle2":180,"time":67.625},{"time":70.5,"type":"extraTap","angle":191.25},{"time":70.125,"type":"extraTap","angle":202.5},{"time":71,"type":"extraTap","angle":191.25},{"time":69.625,"type":"extraTap","angle":213.75},{"startTap":true,"endTap":true,"duration":2,"angle":135,"time":71.5,"type":"hold","angle2":135},{"time":72.125,"type":"inverse","angle":135,"tap":true},{"time":72.375,"type":"inverse","angle":135,"tap":true},{"time":72.875,"type":"inverse","angle":135,"tap":true},{"type":"hold","duration":0.5,"angle":135,"angle2":45,"time":73.5},{"type":"hold","duration":0.5,"angle":45,"angle2":45,"time":74},{"time":75,"type":"side","angle":0},{"time":75.5,"type":"side","angle":45},{"time":76.125,"type":"block","angle":22.5},{"type":"block","angle":22.5,"time":76.375,"speedMult":10},{"time":76.75,"type":"side","angle":326.25},{"startTap":true,"endTap":true,"duration":1,"angle":292.5,"time":77.25,"type":"hold","angle2":393.75},{"time":77.75,"type":"extraTap","angle":101.25},{"time":78.5,"type":"extraTap","angle":303.75},{"time":78.875,"type":"extraTap","angle":303.75},{"tap":true,"type":"block","angle":78.75,"time":79.625},{"time":80.125,"type":"block","angle":146.25},{"time":80.625,"type":"block","angle":146.25},{"time":80.375,"type":"block","angle":225},{"tap":true,"type":"block","angle":78.75,"time":81.125},{"time":81.5,"type":"block","angle":146.25},{"time":81.75,"type":"block","angle":225},{"time":82.125,"type":"block","angle":146.25},{"tap":true,"type":"block","angle":78.75,"time":82.5},{"time":83,"type":"block","angle":146.25},{"time":83.25,"type":"block","angle":225},{"time":83.5,"type":"block","angle":146.25},{"type":"hold","duration":0.375,"angle":146.25,"angle2":202.5,"time":83.75},{"time":84.625,"type":"block","angle":202.5},{"type":"hold","duration":0.375,"angle":258.75,"angle2":202.5,"time":85.375},{"time":84.875,"type":"side","angle":247.5},{"type":"hold","duration":0.375,"angle":202.5,"angle2":236.25,"time":85.75},{"type":"hold","duration":0.375,"angle":236.25,"angle2":247.5,"time":86.125},{"time":87.625,"type":"block","angle":337.5},{"time":89.875,"type":"side","angle":315},{"type":"mineHold","duration":1.625,"angle":258.75,"angle2":258.75,"time":88.875},{"time":88,"type":"block","angle":360},{"time":88.375,"type":"block","angle":22.5},{"time":88.875,"type":"block","angle":45},{"time":89.375,"type":"side","angle":168.75},{"time":90.375,"type":"block","angle":348.75},{"time":90.875,"type":"block","angle":33.75},{"type":"hold","duration":4.25,"angle":11.25,"angle2":-78.75,"time":91.25},{"time":93,"type":"extraTap","angle":326.25},{"time":92.125,"type":"extraTap","angle":337.5},{"time":92.5,"type":"extraTap","angle":337.5},{"time":92.75,"type":"extraTap","angle":326.25},{"time":93.375,"type":"extraTap","angle":326.25},{"time":93.875,"type":"extraTap","angle":315},{"time":94.375,"type":"extraTap","angle":303.75},{"time":95.125,"type":"extraTap","angle":292.5},{"time":94.875,"type":"extraTap","angle":303.75},{"type":"hold","duration":0.5,"angle":281.25,"angle2":337.5,"time":95.5},{"time":96,"type":"side","angle":348.75},{"type":"hold","duration":0.5,"angle":45,"angle2":45,"time":96.375},{"time":96.875,"type":"side","angle":22.5},{"type":"hold","duration":2.125,"angle":315,"angle2":360,"time":97.375},{"time":96,"type":"side","angle":360},{"time":96,"type":"side","angle":11.25},{"time":96.875,"type":"side","angle":11.25},{"time":96.875,"type":"side","angle":360},{"time":97.75,"type":"inverse","angle":326.25},{"time":98.125,"type":"inverse","angle":326.25},{"time":98.375,"type":"inverse","angle":337.5},{"time":98.75,"type":"inverse","angle":348.75},{"time":99.125,"type":"inverse","angle":348.75},{"type":"hold","duration":0.5,"angle":360,"angle2":416.25,"time":99.5},{"time":100,"type":"side","angle":427.5},{"type":"hold","duration":0.5,"angle":123.75,"angle2":123.75,"time":100.375},{"time":100.875,"type":"side","angle":101.25},{"type":"hold","duration":1.625,"angle":393.75,"angle2":438.75,"time":101.375},{"time":100,"type":"side","angle":438.75},{"time":100,"type":"side","angle":90},{"time":100.875,"type":"side","angle":90},{"time":100.875,"type":"side","angle":438.75},{"time":101.75,"type":"inverse","angle":405},{"time":102.125,"type":"inverse","angle":405},{"time":102.375,"type":"inverse","angle":416.25},{"time":102.625,"type":"inverse","angle":67.5},{"type":"hold","duration":0.5,"angle":438.75,"angle2":495,"time":103.5},{"time":104,"type":"side","angle":506.25},{"type":"hold","duration":0.5,"angle":202.5,"angle2":202.5,"time":104.375},{"time":104.875,"type":"side","angle":180},{"endTap":true,"duration":2.125,"angle":472.5,"angle2":517.5,"type":"hold","time":105.375},{"time":104,"type":"side","angle":517.5},{"time":104,"type":"side","angle":168.75},{"time":104.875,"type":"side","angle":168.75},{"time":104.875,"type":"side","angle":517.5},{"time":105.75,"type":"inverse","angle":483.75},{"time":106.125,"type":"inverse","angle":483.75},{"time":106.375,"type":"inverse","angle":495},{"time":106.75,"type":"inverse","angle":506.25},{"time":107.125,"type":"inverse","angle":506.25},{"time":108.125,"type":"block","angle":0},{"time":108.375,"type":"block","angle":0},{"time":108.75,"type":"block","angle":326.25},{"type":"hold","duration":0.5,"angle":281.25,"angle2":180,"time":109.25},{"type":"hold","duration":0.625,"angle":0,"angle2":0,"time":110.25},{"type":"hold","duration":0.625,"angle":348.75,"time":110.25,"angle2":348.75,"speedMult":7},{"type":"hold","duration":0.625,"angle":337.5,"time":110.25,"angle2":337.5,"speedMult":7},{"type":"hold","duration":0.625,"angle":326.25,"time":110.25,"angle2":326.25,"speedMult":7},{"type":"hold","duration":0.625,"angle":315,"time":110.25,"angle2":315,"speedMult":7},{"type":"hold","duration":0.625,"angle":303.75,"time":110.25,"angle2":303.75,"speedMult":7},{"type":"hold","duration":0.625,"angle":292.5,"time":110.25,"angle2":292.5,"speedMult":7},{"type":"hold","duration":0.625,"angle":281.25,"time":110.25,"angle2":281.25,"speedMult":7},{"type":"hold","duration":0.625,"angle":270,"time":110.25,"angle2":270,"speedMult":7},{"type":"hold","duration":0.625,"angle":258.75,"time":110.25,"angle2":258.75,"speedMult":7},{"type":"hold","duration":0.625,"angle":247.5,"time":110.25,"angle2":247.5,"speedMult":7},{"type":"hold","duration":0.625,"angle":236.25,"time":110.25,"angle2":236.25,"speedMult":7},{"type":"hold","duration":0.625,"angle":225,"time":110.25,"angle2":225,"speedMult":7},{"type":"hold","duration":0.625,"angle":213.75,"time":110.25,"angle2":213.75,"speedMult":7},{"type":"hold","duration":0.625,"angle":202.5,"time":110.25,"angle2":202.5,"speedMult":7},{"type":"hold","duration":0.625,"angle":191.25,"time":110.25,"angle2":191.25,"speedMult":7},{"type":"hold","duration":0.625,"angle":168.75,"angle2":168.75,"time":110.25,"speedMult":7},{"type":"hold","duration":0.625,"angle":157.5,"time":110.25,"angle2":157.5,"speedMult":7},{"type":"hold","duration":0.625,"angle":146.25,"time":110.25,"angle2":146.25,"speedMult":7},{"type":"hold","duration":0.625,"angle":135,"time":110.25,"angle2":135,"speedMult":7},{"type":"hold","duration":0.625,"angle":123.75,"time":110.25,"angle2":123.75,"speedMult":7},{"type":"hold","duration":0.625,"angle":112.5,"time":110.25,"angle2":112.5,"speedMult":7},{"type":"hold","duration":0.625,"angle":101.25,"time":110.25,"angle2":101.25,"speedMult":7},{"type":"hold","duration":0.625,"angle":90,"time":110.25,"angle2":90,"speedMult":7},{"type":"hold","duration":0.625,"angle":78.75,"time":110.25,"angle2":78.75,"speedMult":7},{"type":"hold","duration":0.625,"angle":67.5,"time":110.25,"angle2":67.5,"speedMult":7},{"type":"hold","duration":0.625,"angle":56.25,"time":110.25,"angle2":56.25,"speedMult":7},{"type":"hold","duration":0.625,"angle":45,"time":110.25,"angle2":45,"speedMult":7},{"type":"hold","duration":0.625,"angle":33.75,"time":110.25,"angle2":33.75,"speedMult":7},{"type":"hold","duration":0.625,"angle":22.5,"time":110.25,"angle2":22.5,"speedMult":7},{"type":"hold","duration":0.625,"angle":11.25,"time":110.25,"angle2":11.25,"speedMult":7},{"type":"hold","duration":0.625,"angle":180,"time":110.25,"angle2":180,"speedMult":7},{"time":112,"type":"block","angle":360},{"time":112.625,"type":"block","angle":45},{"time":112.25,"type":"block","angle":22.5},{"time":112.875,"type":"block","angle":90},{"type":"mineHold","duration":1,"angle":135,"angle2":135,"time":112.25},{"time":113.25,"type":"side","angle":270},{"time":113.875,"type":"block","angle":191.25},{"time":114.125,"type":"block","angle":191.25},{"time":114.75,"type":"inverse","angle":326.25},{"type":"hold","duration":0.75,"angle":326.25,"angle2":416.25,"time":115.25},{"type":"hold","duration":0.625,"angle":56.25,"angle2":56.25,"time":116},{"type":"hold","duration":0.625,"angle":56.25,"time":116,"angle2":157.5,"speedMult":10},{"time":116.875,"type":"block","angle":56.25},{"time":117.375,"type":"block","angle":146.25},{"time":118,"type":"block","angle":303.75},{"time":118.25,"type":"block","angle":281.25},{"time":118.625,"type":"block","angle":337.5},{"time":118.83333587646,"type":"block","angle":360},{"time":119.25,"type":"block","angle":326.25},{"time":119,"type":"block","angle":326.25},{"time":119.625,"type":"side","angle":360},{"time":119.875,"type":"block","angle":45},{"time":120.125,"type":"block","angle":67.5},{"time":120.375,"type":"block","angle":78.75},{"time":120.625,"type":"block","angle":112.5},{"time":120.875,"type":"block","angle":33.75},{"type":"hold","duration":0.625,"holdEase":"inBack","time":121.25,"angle2":146.25,"angle":78.75},{"time":122.375,"type":"block","angle":157.5},{"time":122.875,"type":"block","angle":123.75},{"time":123.33333587646,"type":"block","angle":348.75},{"time":124,"type":"block","angle":67.5},{"time":124.25,"type":"block","angle":101.25},{"time":124.625,"type":"block","angle":78.75},{"time":125,"type":"block","angle":146.25},{"time":125.5,"type":"block","angle":225},{"type":"hold","duration":1,"angle":22.5,"time":127.5,"angle2":56.25},{"time":129.5,"type":"side","angle":360},{"time":130.375,"type":"side","angle":0},{"type":"hold","duration":0.25,"angle":146.25,"time":131.5,"angle2":180},{"time":132.25,"type":"inverse","angle":146.25},{"time":132.875,"type":"inverse","angle":112.5},{"type":"hold","duration":0.75,"angle":213.75,"time":133.375,"angle2":247.5},{"type":"hold","duration":0.5,"angle":247.5,"time":134.125,"angle2":123.75},{"type":"hold","duration":0.375,"angle":123.75,"time":134.625,"angle2":22.5},{"type":"hold","duration":0.5,"angle":22.5,"time":135,"angle2":-33.75},{"time":136.25,"type":"block","angle":326.25},{"time":137.625,"type":"block","angle":11.25},{"time":138.375,"type":"block","angle":191.25},{"time":139.5,"type":"block","angle":281.25},{"time":139.75,"type":"block","angle":281.25},{"time":140.25,"type":"block","angle":258.75},{"time":140.875,"type":"block","angle":281.25},{"type":"hold","duration":0.375,"angle":281.25,"time":141.375,"angle2":281.25},{"type":"hold","duration":0.25,"angle":281.25,"time":141.75,"angle2":292.5},{"type":"hold","duration":0.25,"angle":292.5,"time":142,"angle2":270},{"type":"hold","duration":0.25,"angle":270,"time":142.25,"angle2":303.75},{"type":"hold","duration":0.375,"angle":281.25,"time":143.375,"angle2":281.25},{"type":"hold","duration":0.25,"angle":281.25,"time":143.75,"angle2":292.5},{"type":"hold","duration":0.25,"angle":292.5,"time":144,"angle2":270},{"type":"hold","duration":0.25,"angle":270,"time":144.25,"angle2":303.75},{"type":"hold","duration":0.375,"angle":270,"time":143.375,"angle2":270},{"type":"hold","duration":0.25,"angle":270,"time":143.75,"angle2":281.25},{"type":"hold","duration":0.25,"angle":281.25,"time":144,"angle2":258.75},{"type":"hold","duration":0.25,"angle":258.75,"time":144.25,"angle2":292.5},{"type":"hold","duration":0.375,"angle":281.25,"time":145.375,"angle2":281.25},{"type":"hold","duration":0.25,"angle":281.25,"time":145.75,"angle2":292.5},{"type":"hold","duration":0.25,"angle":292.5,"time":146,"angle2":270},{"type":"hold","duration":0.25,"angle":270,"time":146.25,"angle2":303.75},{"type":"hold","duration":0.25,"angle":303.75,"time":146.5,"angle2":270},{"type":"hold","duration":0.25,"angle":270,"time":146.75,"angle2":303.75},{"type":"hold","duration":0.25,"angle":303.75,"time":147,"angle2":270},{"type":"hold","duration":0.25,"angle":270,"time":147.25,"angle2":303.75},{"type":"hold","duration":0.375,"angle":258.75,"time":145.375,"angle2":258.75},{"type":"hold","duration":0.25,"angle":258.75,"time":145.75,"angle2":270},{"type":"hold","duration":0.25,"angle":270,"time":146,"angle2":247.5},{"type":"hold","duration":0.25,"angle":247.5,"time":146.25,"angle2":281.25},{"type":"hold","duration":0.25,"angle":281.25,"time":146.5,"angle2":247.5},{"type":"hold","duration":0.25,"angle":247.5,"time":146.75,"angle2":281.25},{"type":"hold","duration":0.25,"angle":281.25,"time":147,"angle2":247.5},{"type":"hold","duration":0.25,"angle":247.5,"time":147.25,"angle2":281.25},{"type":"hold","duration":0.375,"angle":270,"time":145.375,"angle2":270},{"type":"hold","duration":0.25,"angle":270,"time":145.75,"angle2":281.25},{"type":"hold","duration":0.25,"angle":281.25,"time":146,"angle2":258.75},{"type":"hold","duration":0.25,"angle":258.75,"time":146.25,"angle2":292.5},{"type":"hold","duration":0.25,"angle":292.5,"time":146.5,"angle2":258.75},{"type":"hold","duration":0.25,"angle":258.75,"time":146.75,"angle2":292.5},{"type":"hold","duration":0.25,"angle":292.5,"time":147,"angle2":258.75},{"type":"hold","duration":0.25,"angle":258.75,"time":147.25,"angle2":292.5},{"type":"hold","duration":0.375,"angle":292.5,"time":145.375,"angle2":292.5},{"type":"hold","duration":0.25,"angle":292.5,"time":145.75,"angle2":303.75},{"type":"hold","duration":0.25,"angle":303.75,"time":146,"angle2":281.25},{"type":"hold","duration":0.25,"angle":281.25,"time":146.25,"angle2":315},{"type":"hold","duration":0.25,"angle":315,"time":146.5,"angle2":281.25},{"type":"hold","duration":0.25,"angle":281.25,"time":146.75,"angle2":315},{"type":"hold","duration":0.25,"angle":315,"time":147,"angle2":281.25},{"type":"hold","duration":0.25,"angle":281.25,"time":147.25,"angle2":315},{"time":149.625,"type":"block","angle":315},{"time":150.375,"type":"block","angle":303.75},{"time":150.125,"type":"block","angle":337.5},{"time":150.625,"type":"block","angle":270},{"type":"hold","duration":0.5,"holdEase":"inCubic","time":151,"angle":281.25,"angle2":337.5},{"type":"hold","duration":0.25,"angle":337.5,"angle2":247.5,"time":151.5},{"type":"hold","duration":0.375,"angle":247.5,"angle2":337.5,"time":151.75},{"type":"hold","duration":0.75,"angle":281.25,"angle2":281.25,"time":152.5},{"time":153,"type":"block","angle":292.5},{"type":"hold","duration":0.25,"angle":281.25,"angle2":326.25,"time":153.625},{"type":"hold","duration":0.625,"angle":326.25,"angle2":303.75,"time":153.875},{"type":"hold","duration":0.5,"angle":326.25,"angle2":360,"time":154.75},{"type":"hold","duration":1,"angle":360,"angle2":450,"time":155.25},{"time":157,"type":"extraTap","angle":90},{"time":156.625,"type":"extraTap","angle":90},{"time":157.375,"type":"extraTap","angle":90},{"startTap":true,"type":"hold","duration":1.875,"angle":101.25,"time":157.375,"angle2":67.5,"endTap":true},{"time":157.875,"type":"inverse","angle":90},{"time":158.25,"type":"inverse","angle":78.75},{"time":158.75,"type":"inverse","angle":67.5},{"type":"hold","duration":0.625,"angle":45,"angle2":90,"time":160.375},{"type":"hold","duration":0.625,"angle":90,"angle2":45,"time":161},{"type":"hold","duration":0.5,"angle":45,"angle2":101.25,"time":161.625},{"type":"hold","duration":0.25,"angle":101.25,"angle2":78.75,"time":162.125},{"type":"hold","duration":0.5,"angle":78.75,"angle2":78.75,"time":162.375},{"type":"hold","duration":0.5,"angle":78.75,"angle2":45,"time":162.875},{"type":"hold","duration":0.375,"angle":45,"angle2":191.25,"time":163.375},{"time":164.25,"type":"block","angle":180},{"time":164.75,"type":"block","angle":135},{"time":164.5,"type":"block","angle":157.5},{"time":165,"type":"block","angle":112.5},{"type":"hold","duration":0.375,"angle":90,"angle2":146.25,"time":165.625},{"type":"hold","duration":0.25,"angle":146.25,"angle2":90,"time":166},{"time":166.5,"type":"side","angle":157.5},{"type":"hold","duration":0.5,"angle":90,"time":167,"angle2":146.25},{"type":"hold","duration":0.25,"angle":146.25,"time":167.5,"angle2":90},{"time":168,"type":"side","angle":157.5},{"type":"hold","duration":0.5,"angle":90,"time":168.5,"angle2":146.25},{"type":"hold","duration":0.25,"angle":146.25,"time":169,"angle2":90},{"time":169.5,"type":"block","angle":90},{"type":"hold","duration":1.5,"angle":11.25,"angle2":-67.5,"time":169.75},{"time":169.75,"type":"side","angle":22.5},{"time":169.75,"type":"side","angle":33.75},{"time":169.75,"type":"side","angle":45},{"time":170.125,"type":"inverse","angle":348.75},{"time":170.5,"type":"inverse","angle":337.5},{"time":170.75,"type":"inverse","angle":326.25},{"type":"hold","duration":1.125,"angle":292.5,"angle2":360,"time":171.25},{"time":171.75,"type":"inverse","angle":326.25},{"time":172.125,"type":"inverse","angle":337.5},{"type":"hold","duration":1.125,"angle":0,"angle2":0,"time":172.375},{"type":"mineHold","duration":1,"angle":326.25,"angle2":326.25,"time":172.375},{"type":"mineHold","duration":1,"angle":315,"time":172.375,"angle2":315},{"type":"mineHold","duration":1,"angle":303.75,"time":172.375,"angle2":303.75},{"type":"mineHold","duration":1,"angle":292.5,"angle2":292.5,"time":172.375},{"type":"mineHold","duration":1,"angle":281.25,"angle2":281.25,"time":172.375},{"type":"mineHold","duration":1,"angle":270,"angle2":270,"time":172.375},{"type":"mineHold","duration":1,"angle":258.75,"time":172.375,"angle2":258.75},{"type":"mineHold","duration":1,"angle":247.5,"angle2":247.5,"time":172.375},{"type":"mineHold","duration":1,"angle":236.25,"angle2":236.25,"time":172.375},{"type":"mineHold","duration":1,"angle":213.75,"angle2":213.75,"time":172.375},{"type":"mineHold","duration":1,"angle":225,"angle2":225,"time":172.375},{"type":"mineHold","duration":1,"angle":202.5,"angle2":202.5,"time":172.375},{"type":"mineHold","duration":1,"angle":191.25,"angle2":191.25,"time":172.375},{"type":"mineHold","duration":1,"angle":180,"time":172.375,"angle2":180},{"type":"mineHold","duration":1,"angle":168.75,"angle2":168.75,"time":172.375},{"type":"mineHold","duration":1,"angle":157.5,"time":172.375,"angle2":157.5},{"type":"mineHold","duration":1,"angle":146.25,"time":172.375,"angle2":146.25},{"type":"mineHold","duration":1,"angle":135,"angle2":135,"time":172.375},{"type":"mineHold","duration":1,"angle":123.75,"angle2":123.75,"time":172.375},{"type":"mineHold","duration":1,"angle":112.5,"angle2":112.5,"time":172.375},{"type":"mineHold","duration":1,"angle":101.25,"time":172.375,"angle2":101.25},{"type":"mineHold","duration":1,"angle":90,"time":172.375,"angle2":90},{"type":"mineHold","duration":1,"angle":78.75,"time":172.375,"angle2":78.75},{"type":"mineHold","duration":1,"angle":67.5,"angle2":67.5,"time":172.375},{"type":"mineHold","duration":1,"angle":56.25,"time":172.375,"angle2":56.25},{"type":"mineHold","duration":1,"angle":45,"angle2":45,"time":172.375},{"type":"mineHold","duration":1,"angle":33.75,"angle2":33.75,"time":172.375},{"time":174.25,"type":"block","angle":67.5},{"time":174,"type":"block","angle":22.5},{"time":174.75,"type":"block","angle":90},{"time":175.25,"type":"block","angle":135},{"time":175.625,"type":"block","angle":168.75},{"time":176.25,"type":"block","angle":213.75},{"time":176.75,"type":"block","angle":236.25},{"type":"hold","duration":1.125,"angle":258.75,"angle2":618.75,"time":177.375},{"time":178,"type":"inverse","angle":101.25},{"time":178.75,"type":"inverse","angle":258.75},{"time":179,"type":"inverse","angle":258.75},{"time":179.25,"type":"inverse","angle":225},{"time":179.75,"type":"inverse","angle":191.25},{"time":180.375,"type":"inverse","angle":157.5},{"time":180.83332824707,"type":"inverse","angle":180},{"time":181.08332824707,"type":"inverse","angle":168.75},{"type":"hold","duration":0.375,"angle":202.5,"angle2":202.5,"time":181.625,"speedMult":2},{"type":"hold","duration":0.375,"angle":135,"time":182.375,"angle2":135,"speedMult":2},{"type":"hold","duration":0.375,"angle":168.75,"angle2":168.75,"time":183.375},{"time":184.25,"type":"block","angle":135},{"time":184,"type":"block","angle":202.5},{"time":184.5,"type":"block","angle":202.5},{"time":184.75,"type":"block","angle":135},{"time":185,"type":"block","angle":202.5},{"time":185.25,"type":"block","angle":135},{"type":"hold","duration":0.375,"angle":202.5,"angle2":202.5,"time":185.625},{"type":"hold","duration":0.375,"angle":135,"angle2":135,"time":186.375},{"type":"hold","duration":0.375,"angle":168.75,"angle2":168.75,"time":187.375},{"time":188.25,"type":"block","angle":135},{"time":188,"type":"block","angle":202.5},{"time":188.5,"type":"block","angle":202.5},{"type":"hold","duration":0.375,"angle":202.5,"angle2":202.5,"time":189.625},{"type":"hold","duration":0.375,"angle":135,"angle2":135,"time":190.375},{"type":"hold","duration":0.375,"angle":168.75,"angle2":168.75,"time":191.375},{"time":192.25,"type":"block","angle":135},{"time":192,"type":"block","angle":202.5},{"time":192.5,"type":"block","angle":202.5},{"time":192.75,"type":"block","angle":135},{"time":193,"type":"block","angle":202.5},{"time":193.25,"type":"block","angle":135},{"endTap":true,"duration":2.875,"angle":180,"angle2":-157.5,"type":"hold","time":193.5},{"time":194,"type":"extraTap","angle":123.75},{"time":194.25,"type":"extraTap","angle":101.25},{"time":194.75,"type":"extraTap","angle":33.75},{"time":195.25,"type":"extraTap","angle":315},{"time":195.75,"type":"extraTap","angle":270},{"tap":true,"type":"block","angle":191.25,"time":196.875},{"time":197.625,"type":"side","angle":135},{"type":"hold","duration":0.25,"angle":135,"time":198.125,"angle2":135},{"time":198.625,"type":"side","angle":202.5},{"time":199,"type":"side","angle":135},{"type":"hold","duration":0.25,"angle":135,"time":199.5,"angle2":135},{"time":200,"type":"side","angle":202.5},{"time":200.5,"type":"side","angle":135},{"type":"hold","duration":0.25,"angle":135,"time":201,"angle2":135},{"type":"hold","duration":0.5,"holdEase":"inCubic","time":201.625,"angle":213.75,"angle2":258.75},{"time":201.625,"type":"side","angle":202.5},{"time":202.5,"type":"block","angle":258.75},{"time":202.75,"type":"block","angle":270},{"type":"hold","duration":1.125,"holdEase":"inOutSine","time":203.25,"angle2":382.5,"angle":270},{"time":205.625,"type":"block","angle":11.25},{"time":205.375,"type":"block","angle":11.25},{"time":206.375,"type":"block","angle":33.75},{"time":206,"type":"block","angle":22.5},{"time":206.875,"type":"block","angle":67.5},{"time":207.375,"type":"block","angle":90},{"time":207.75,"type":"block","angle":112.5},{"time":208.25,"type":"block","angle":135},{"type":"hold","duration":0.5,"angle":135,"angle2":180,"time":208.5},{"type":"hold","duration":0.5,"angle":-180,"angle2":-112.5,"time":209},{"type":"hold","duration":1.75,"angle":-112.5,"angle2":-562.5,"time":209.5},{"time":206.875,"type":"block","angle":-112.5},{"time":207.375,"type":"block","angle":-90},{"time":207.75,"type":"block","angle":-67.5},{"time":208.25,"type":"block","angle":-45},{"type":"hold","duration":0.5,"angle":-45,"angle2":0,"time":208.5},{"type":"hold","duration":0.5,"angle":-360,"angle2":-292.5,"time":209},{"type":"hold","duration":1.75,"angle":-292.5,"angle2":-742.5,"time":209.5},{"type":"hold","duration":0.5,"angle":78.75,"time":213.5,"angle2":146.25},{"type":"hold","duration":0.25,"angle":146.25,"time":214,"angle2":135},{"type":"hold","duration":0.25,"angle":135,"time":214.25,"angle2":236.25},{"type":"hold","duration":1.125,"angle":146.25,"time":217.5,"angle2":22.5},{"time":217.25,"type":"block","angle":168.75},{"time":217,"type":"block","angle":191.25},{"time":216.125,"type":"block","angle":146.25},{"time":215.875,"type":"block","angle":168.75},{"time":215.625,"type":"block","angle":191.25},{"time":218.875,"type":"block","angle":33.75},{"type":"hold","duration":1.125,"angle":33.75,"time":219.375,"angle2":123.75},{"time":221.5,"type":"block","angle":191.25},{"time":216.5,"type":"block","angle":78.75},{"time":215,"type":"block","angle":303.75},{"time":222,"type":"block","angle":146.25},{"time":222.25,"type":"block","angle":213.75},{"time":222.75,"type":"block","angle":258.75},{"time":223.375,"type":"block","angle":292.5},{"time":223.875,"type":"block","angle":326.25},{"time":224.375,"type":"block","angle":33.75},{"time":224.875,"type":"block","angle":360},{"type":"hold","duration":3.625,"angle":0,"time":225.375,"angle2":112.5},{"time":226,"type":"inverse","angle":33.75},{"time":226.5,"type":"inverse","angle":45},{"time":226.75,"type":"inverse","angle":56.25},{"time":227.25,"type":"inverse","angle":67.5},{"time":227,"type":"inverse","angle":67.5},{"time":227.875,"type":"inverse","angle":78.75},{"time":228.375,"type":"inverse","angle":101.25},{"time":228.75,"type":"inverse","angle":101.25},{"time":229.625,"type":"block","angle":90},{"time":230.25,"type":"block","angle":337.5},{"time":231.25,"type":"block","angle":225},{"time":232.5,"type":"extraTap","angle":213.75},{"time":233,"type":"extraTap","angle":213.75},{"type":"hold","duration":1,"angle":112.5,"time":233.5,"holdEase":"inBack","angle2":22.5},{"time":235.375,"type":"block","angle":292.5},{"time":236.5,"type":"inverse","angle":225},{"time":236.875,"type":"inverse","angle":180},{"time":237.25,"type":"inverse","angle":135},{"time":237.5,"type":"block","angle":528.75},{"time":238.375,"type":"block","angle":191.25},{"time":239.375,"type":"block","angle":45},{"time":240,"type":"block","angle":337.5},{"time":240.5,"type":"block","angle":360},{"time":241,"type":"block","angle":22.5},{"time":241.5,"type":"block","angle":360},{"time":241.625,"type":"block","angle":348.75},{"time":242.375,"type":"block","angle":258.75},{"time":242.25,"type":"block","angle":270},{"time":242.5,"type":"block","angle":258.75},{"time":243,"type":"block","angle":90},{"time":243.25,"type":"block","angle":101.25},{"type":"hold","duration":1.5,"angle":180,"angle2":225,"time":244}]