{"metadata":{"difficulty":7,"charter":"あなたは世界の終わりにピンクを食べるのだ","bgData":{"image":"songselectbg.png","blueChannel":{"g":255,"b":255,"r":255},"redChannel":{"g":255,"b":255,"r":255}},"artist":"なみぐる","description":"you WILL eat the zunda at the end of the world","bg":true,"artistLink":"https://www.youtube.com/watch?v=HE0mAgDAx-Q","songName":"あなたは世界の終わりにずんだを食べるのだ"},"properties":{"speed":70,"formatversion":10,"startBeat":0,"offset":8},"events":[{"angle":360,"type":"play","bpm":140,"volume":1,"time":-0.50999999046326,"file":"あなたは世界の終わりにずんだを食べるのだ ⧸ なみぐる feat.ずんだもん ogg.ogg"},{"color":2,"type":"outline","enable":true,"time":-8,"angle":90},{"color":0,"type":"setColor","time":-8,"angle":337.5},{"color":2,"g":255,"type":"setColor","b":255,"r":255,"time":-8,"angle":315},{"color":3,"g":0,"type":"setColor","b":0,"r":0,"time":-8,"angle":337.5},{"color":3,"type":"setBgColor","time":-8,"angle":67.5},{"type":"setColor","duration":1,"g":255,"color":0,"r":255,"angle":157.5,"ease":"inCubic","time":16.5,"b":255},{"type":"showResults","time":317,"angle":0}]}