[{"endAngle":180,"angle":90,"type":"block","time":2},{"time":5.75,"type":"block","angle":-90},{"time":6.5,"type":"block","angle":0},{"angle":-180,"tap":true,"type":"block","time":8.75},{"angle":-180,"tap":true,"type":"block","time":9.5},{"endAngle":270,"angle":360,"type":"block","time":2.75},{"angle":-180,"tap":true,"type":"block","time":10.25},{"angle":180,"tap":true,"type":"block","time":11},{"type":"hold","duration":1.75,"holdEase":"outExpo","time":3.5,"angle":360,"angle2":180},{"type":"hold","duration":1,"angle2":-180,"time":7.25,"angle":90},{"type":"hold","duration":0.75,"angle2":0,"time":13.25,"angle":180},{"type":"hold","duration":0.75,"angle2":450,"time":14,"angle":360},{"type":"hold","duration":1.5,"holdEase":"outExpo","time":14.75,"angle":90,"angle2":270},{"angle":236.25,"tap":true,"type":"inverse","time":11.75},{"angle":146.25,"tap":true,"type":"inverse","time":12.5},{"time":13.25,"type":"inverse","angle":180},{"type":"hold","duration":0.75,"angle2":360,"time":16.25,"angle":270},{"type":"hold","duration":0.75,"angle2":-90,"time":17,"angle":0},{"type":"hold","duration":0.5,"angle2":180,"time":17.75,"angle":270},{"type":"hold","duration":2.25,"angle2":-180,"time":18.25,"angle":180},{"time":21.25,"type":"inverse","angle":191.25},{"time":22,"type":"inverse","angle":168.75},{"time":24.5,"type":"side","angle":326.25},{"time":24.75,"type":"side","angle":33.75},{"time":25,"type":"side","angle":326.25},{"time":25.25,"type":"side","angle":33.75},{"time":27,"type":"extraTap","angle":0},{"type":"hold","duration":2.75,"angle2":360,"time":28,"angle":0},{"time":31.75,"type":"side","angle":270},{"startTap":true,"type":"hold","duration":0,"time":32.75,"angle2":0,"angle":0},{"startTap":true,"type":"hold","duration":0,"time":34.5,"angle2":0,"angle":0},{"startTap":true,"type":"hold","duration":0,"time":38.25,"angle2":0,"angle":0},{"time":33.5,"type":"side","angle":270},{"time":35.375,"type":"side","angle":270},{"startTap":true,"type":"hold","duration":0,"time":36.375,"angle2":0,"angle":0},{"time":37.25,"type":"side","angle":270},{"type":"hold","duration":0.75,"angle2":202.5,"time":38.75,"angle":90},{"type":"hold","duration":0.25,"angle2":146.25,"time":39.5,"angle":202.5},{"type":"hold","duration":0.25,"angle2":202.5,"time":39.75,"angle":146.25},{"type":"hold","duration":0.5,"angle2":247.5,"time":40,"angle":202.5},{"type":"hold","duration":0.25,"angle2":202.5,"time":40.5,"angle":247.5},{"type":"hold","duration":0.25,"angle2":112.5,"time":40.75,"angle":202.5},{"type":"hold","duration":0.5,"angle2":191.25,"time":41,"angle":112.5},{"time":43.75,"type":"extraTap","angle":168.75},{"time":44.25,"type":"block","angle":180},{"time":44.625,"type":"block","angle":112.5},{"time":45.25,"type":"block","angle":180},{"time":46.5,"type":"extraTap","angle":180},{"time":47.75,"type":"block","angle":180},{"type":"hold","duration":0.75,"angle2":45,"time":48.25,"angle":168.75},{"time":51.25,"type":"extraTap","angle":78.75},{"time":49.25,"type":"extraTap","angle":78.75},{"time":51.5,"type":"block","angle":0},{"type":"hold","duration":0.75,"angle2":540,"time":52,"angle":360},{"time":53.75,"type":"side","angle":360},{"time":54.25,"type":"block","angle":56.25},{"time":54.75,"type":"block","angle":0},{"time":55.25,"type":"block","angle":303.75},{"time":55.75,"type":"block","angle":180},{"time":56,"type":"block","angle":146.25},{"time":57,"type":"block","angle":360},{"time":57.25,"type":"block","angle":11.25},{"type":"hold","duration":0.5,"angle2":270,"time":61.25,"angle":180},{"type":"hold","duration":0.625,"angle2":135,"time":62.125,"angle":90},{"type":"hold","duration":0.875,"angle2":-11.25,"time":62.75,"angle":135},{"time":64.5,"type":"side","angle":90},{"time":65.375,"type":"block","angle":45},{"angle":112.5,"tap":true,"type":"block","time":58.5},{"type":"hold","duration":1.5,"angle2":-90,"time":65.75,"angle":135},{"time":67.75,"type":"block","angle":303.75},{"time":68.25,"type":"block","angle":0},{"type":"hold","duration":0.5,"angle2":-56.25,"time":68.625,"angle":33.75},{"type":"hold","duration":0.37499994039536,"angle2":191.25,"time":69.125,"angle":303.75},{"type":"hold","duration":0.58333325386047,"angle2":270,"time":69.5,"angle":191.25},{"endAngle":315,"angle":292.5,"type":"block","time":72},{"time":71.5,"type":"block","angle":270},{"endAngle":45,"angle":180,"type":"block","time":72.75},{"endAngle":33.75,"angle":168.75,"type":"block","time":72.75},{"endAngle":56.25,"angle":191.25,"type":"block","time":72.75},{"endAngle":337.5,"angle":191.25,"type":"block","time":73.25},{"endAngle":326.25,"angle":180,"type":"block","time":73.25},{"endAngle":315,"angle":168.75,"type":"block","time":73.25},{"endAngle":33.75,"angle":168.75,"type":"block","time":73.75},{"endAngle":45,"angle":180,"type":"block","time":73.75},{"endAngle":56.25,"angle":191.25,"type":"block","time":73.75},{"endTap":true,"duration":0.5,"time":74.5,"angle2":450,"angle":360,"type":"hold"},{"angle":270,"tap":false,"type":"block","time":75.5},{"time":76,"type":"block","angle":270},{"time":76,"type":"mine","angle":45},{"time":76,"type":"mine","angle":135},{"time":76,"type":"mine","angle":213.75},{"time":76.5,"type":"mine","angle":258.75},{"time":76.5,"type":"mine","angle":11.25},{"time":76.5,"type":"mine","angle":90},{"time":76.5,"type":"mine","angle":180},{"time":76.5,"type":"block","angle":315},{"time":75.5,"type":"mine","angle":11.25},{"time":77.5,"type":"side","angle":101.25},{"angle":270,"tap":true,"type":"block","time":77},{"time":71,"type":"block","angle":303.75},{"time":78.25,"type":"block","angle":180},{"angle":135,"tap":true,"type":"block","time":78.75},{"endTap":true,"duration":0.75,"time":79.75,"angle2":-90,"angle":90,"type":"hold"},{"endAngle":140,"angle":90,"type":"side","time":81.5},{"startTap":true,"type":"hold","duration":0.5,"time":82.5,"angle2":450,"angle":270},{"type":"hold","duration":3,"angle2":-618.75,"time":83,"angle":90},{"angle":101.25,"tap":true,"type":"block","time":86},{"time":87,"type":"extraTap","angle":360},{"angle":90,"tap":true,"type":"block","time":88},{"time":84.25,"type":"extraTap","angle":180},{"type":"hold","duration":1,"angle2":-90,"time":88,"angle":90},{"endTap":true,"duration":0.75,"time":89,"angle2":90,"angle":270,"type":"hold"},{"time":90.75,"type":"side","angle":270},{"endAngle":180,"angle":360,"type":"block","time":91.25},{"angle":56.25,"tap":true,"type":"block","time":91.75},{"type":"hold","duration":0.875,"angle2":225,"time":92.25,"angle":90},{"type":"hold","duration":1,"angle2":45,"time":93.125,"angle":225},{"time":95,"type":"side","angle":101.25},{"time":95.25,"type":"extraTap","angle":146.25},{"time":95.75,"type":"block","angle":78.75},{"time":96.25,"type":"block","angle":45},{"time":96.75,"type":"block","angle":11.25},{"angle":337.5,"tap":true,"type":"block","time":97.25},{"time":97.75,"type":"block","angle":270},{"type":"hold","duration":0.5,"angle2":348.75,"time":98.25,"angle":270},{"startTap":true,"type":"hold","duration":0.5,"time":99.166664123535,"angle2":45,"angle":90},{"time":100.5,"type":"block","angle":135},{"angle":90,"tap":true,"type":"block","time":101},{"time":101.5,"type":"block","angle":45},{"time":102.25,"type":"side","angle":270},{"angle":90,"tap":true,"type":"side","time":102.75},{"endTap":true,"duration":0.45833331346512,"time":104.125,"angle2":123.75,"angle":0,"type":"hold"},{"time":105,"type":"block","angle":67.5},{"time":105.5,"type":"block","angle":360},{"time":106,"type":"block","angle":315},{"startTap":false,"type":"hold","duration":0.75,"time":107,"angle2":-22.5,"angle":90},{"endTap":true,"duration":0.5,"time":107.75,"angle2":472.5,"angle":337.5,"type":"hold"},{"angle":90,"tap":true,"type":"block","time":106.5},{"time":109.25,"type":"block","angle":90},{"angle":90,"tap":true,"type":"block","time":110.25},{"time":109.5,"type":"mine","angle":90},{"time":109.5,"type":"mine","angle":101.25},{"time":109.5,"type":"mine","angle":78.75},{"time":111,"type":"side","angle":270},{"startTap":true,"type":"hold","duration":0.5,"time":112,"angle2":393.75,"angle":225},{"endTap":true,"duration":3.25,"time":112.5,"angle2":-292.5,"angle":33.75,"type":"hold"},{"time":117.5,"type":"block","angle":270},{"angle":90,"tap":true,"type":"side","time":118.5},{"time":127.25,"type":"block","angle":90},{"time":126.25,"type":"block","angle":45},{"time":126.75,"type":"block","angle":112.5},{"time":127.5,"type":"block","angle":90},{"time":127.75,"type":"block","angle":67.5},{"time":128.25,"type":"side","angle":315},{"angle":11.25,"tap":true,"type":"block","time":128.625},{"time":129.125,"type":"block","angle":45},{"endTap":true,"duration":0.5,"time":130,"angle2":33.75,"angle":101.25,"type":"hold"},{"time":131,"type":"side","angle":270},{"time":131.875,"type":"block","angle":90},{"angle":303.75,"tap":true,"type":"block","time":132.375},{"time":133.75,"type":"block","angle":33.75},{"angle":67.5,"tap":true,"type":"block","time":134.25},{"time":134.75,"type":"block","angle":101.25},{"time":135.125,"type":"block","angle":270},{"time":135.625,"type":"side","angle":146.25},{"angle":157.5,"tap":true,"type":"block","time":136},{"time":136.5,"type":"block","angle":236.25},{"type":"hold","duration":1.375,"angle2":-202.5,"time":137.5,"angle":67.5},{"time":137,"type":"block","angle":67.5},{"time":138,"type":"extraTap","angle":337.5},{"time":113.75,"type":"extraTap","angle":247.5},{"angle":90,"tap":true,"type":"block","time":139.75},{"time":140.625,"type":"side","angle":0},{"angle":270,"tap":true,"type":"block","time":141.5},{"endTap":true,"duration":3.25,"time":142,"angle2":630,"angle":270,"type":"hold"},{"time":143.5,"type":"extraTap","angle":67.5},{"time":145.25,"type":"inverse","angle":281.25},{"time":145.5,"type":"inverse","angle":292.5},{"time":145.875,"type":"inverse","angle":315},{"angle":0,"tap":true,"type":"block","time":147},{"endTap":true,"duration":1,"time":148,"angle2":180,"angle":0,"type":"hold"},{"angle":0,"tap":false,"type":"side","time":149.875},{"time":93.5,"type":"extraTap","angle":180},{"time":150.25,"type":"block","angle":22.5},{"angle":67.5,"tap":true,"type":"block","time":150.75},{"type":"hold","duration":1,"angle2":-45,"time":151.25,"angle":33.75},{"time":152.75,"type":"extraTap","angle":360},{"time":153.25,"type":"block","angle":33.75},{"time":154,"type":"side","angle":270},{"angle":90,"tap":true,"type":"side","time":154.5},{"angle":281.25,"tap":true,"type":"block","time":156.25},{"time":155.75,"type":"block","angle":11.25},{"time":156.75,"type":"side","angle":90},{"time":157.25,"type":"block","angle":33.75},{"time":157.75,"type":"block","angle":360},{"angle":90,"tap":true,"type":"block","time":158.25},{"time":158.75,"type":"block","angle":123.75},{"angle2":123.75,"endTap":true,"duration":0.5,"holdEase":"inCubic","time":159.5,"type":"hold","angle":180},{"time":160.5,"type":"block","angle":360},{"type":"mineHold","duration":1,"angle2":225,"time":160.5,"angle":281.25},{"type":"mineHold","duration":0.875,"angle2":-22.5,"time":160.5,"angle":78.75},{"time":161.375,"type":"block","angle":292.5},{"angle":326.25,"tap":true,"type":"block","time":161.875},{"type":"mineHold","duration":1,"angle2":360,"time":161.5,"angle":225},{"type":"mineHold","duration":0.875,"angle2":461.25,"time":161.375,"angle":337.5},{"time":163.25,"type":"block","angle":360},{"angle":90,"tap":true,"type":"block","time":163.75},{"time":164.125,"type":"side","angle":270},{"time":164.625,"type":"block","angle":326.25},{"time":165,"type":"block","angle":270},{"time":165.5,"type":"extraTap","angle":236.25},{"type":"hold","duration":1,"angle2":146.25,"time":166,"angle":0},{"type":"hold","duration":1.25,"angle2":-67.5,"time":167,"angle":146.25},{"time":167.5,"type":"extraTap","angle":78.75},{"angle":258.75,"tap":true,"type":"block","time":169.25},{"time":170.125,"type":"block","angle":180},{"angle":360,"tap":true,"type":"side","time":171},{"time":171.625,"type":"block","angle":45},{"time":181,"type":"block","angle":360},{"time":181.5,"type":"block","angle":45},{"time":182,"type":"block","angle":315},{"time":182.75,"type":"side","angle":360},{"time":183.25,"type":"block","angle":67.5},{"time":183.75,"type":"block","angle":67.5},{"time":184.25,"type":"side","angle":0},{"type":"hold","duration":0.25,"angle2":337.5,"time":184.75,"angle":292.5},{"type":"hold","duration":0.25,"angle2":337.5,"time":185.25,"angle":292.5},{"time":186,"type":"side","angle":270},{"time":187.125,"type":"extraTap","angle":0},{"time":188.25,"type":"extraTap","angle":360},{"time":190.875,"type":"block","angle":180},{"time":189.375,"type":"block","angle":236.25},{"time":189.875,"type":"block","angle":123.75},{"time":191.5,"type":"side","angle":270},{"type":"hold","duration":1,"angle2":101.25,"time":192,"angle":180},{"endTap":false,"duration":1,"time":193,"angle2":236.25,"angle":101.25,"type":"hold"},{"angle":247.5,"tap":true,"type":"inverse","time":194.875},{"time":195.08332824707,"type":"inverse","angle":258.75},{"time":195.5,"type":"inverse","angle":270},{"time":196,"type":"inverse","angle":315},{"angle":315,"tap":true,"type":"inverse","time":196.375},{"time":197.625,"type":"block","angle":90},{"time":198.25,"type":"block","angle":45},{"type":"hold","duration":0.625,"angle2":45,"time":198.5,"angle":135},{"time":199.75,"type":"side","angle":123.75},{"time":200.25,"type":"block","angle":90},{"time":200.75,"type":"block","angle":56.25},{"time":201.25,"type":"block","angle":135},{"type":"hold","duration":0.25,"angle2":101.25,"time":201.75,"angle":56.25},{"type":"hold","duration":0.25,"angle2":22.5,"time":202,"angle":101.25},{"type":"hold","duration":0.25,"angle2":101.25,"time":202.25,"angle":22.5},{"time":204,"type":"extraTap","angle":0},{"time":205,"type":"extraTap","angle":0},{"type":"hold","duration":0.25,"angle2":236.25,"time":206,"angle":292.5},{"time":206.5,"type":"block","angle":270},{"time":207.5,"type":"block","angle":303.75},{"time":208,"type":"block","angle":247.5},{"time":208.5,"type":"side","angle":292.5},{"type":"hold","duration":3.5,"angle2":-146.25,"time":208.75,"angle":326.25},{"angle":270,"tap":true,"type":"block","time":213.25},{"angle":90,"tap":true,"type":"block","time":214.25},{"angle":270,"tap":true,"type":"block","time":215},{"time":215.75,"type":"block","angle":360},{"time":216,"type":"block","angle":348.75},{"time":216.75,"type":"block","angle":180},{"time":217,"type":"block","angle":168.75},{"angle":180,"tap":true,"type":"block","time":217.25},{"angle":0,"tap":true,"type":"block","time":218.25},{"angle":180,"tap":true,"type":"block","time":219.25},{"type":"hold","duration":1,"angle2":-270,"time":220,"angle":90},{"type":"hold","duration":0.5,"angle2":270,"time":221,"angle":90},{"time":222.5,"type":"block","angle":315},{"time":223.5,"type":"block","angle":225},{"time":224,"type":"block","angle":258.75},{"time":224.25,"type":"block","angle":281.25},{"time":224.5,"type":"block","angle":258.75},{"time":225,"type":"block","angle":360},{"type":"hold","duration":3,"angle2":-607.5,"time":225.5,"angle":67.5},{"angle":90,"tap":true,"type":"block","time":229.75},{"angle":270,"tap":true,"type":"block","time":230.75},{"angle":90,"tap":true,"type":"block","time":231.5},{"type":"hold","duration":0.5,"angle2":112.5,"time":232.25,"angle":33.75},{"time":233.25,"type":"block","angle":213.75},{"angle":0,"tap":true,"type":"block","time":233.75},{"angle":180,"tap":true,"type":"block","time":234.75},{"angle":0,"tap":true,"type":"block","time":235.5},{"angle":45,"tap":true,"type":"block","time":237},{"angle":101.25,"tap":true,"type":"block","time":238},{"type":"hold","duration":0,"angle2":0,"time":236.5,"angle":0},{"type":"hold","duration":0,"angle2":78.75,"time":237.5,"angle":78.75},{"time":239,"type":"side","angle":270},{"type":"hold","duration":1,"angle2":0,"time":240,"angle":180},{"type":"hold","duration":0.5,"angle2":146.25,"time":242,"angle":213.75},{"type":"hold","duration":0.5,"angle2":56.25,"time":243,"angle":90},{"type":"hold","duration":2.75,"angle2":-202.5,"time":243.5,"angle":56.25},{"time":246.75,"type":"block","angle":67.5},{"time":247.25,"type":"block","angle":123.75},{"time":247.75,"type":"block","angle":168.75},{"time":248.25,"type":"side","angle":270},{"time":249.5,"type":"side","angle":90},{"time":250.125,"type":"block","angle":180},{"type":"hold","duration":0.5,"angle2":78.75,"time":251,"angle":180},{"time":252,"type":"block","angle":45},{"time":252.5,"type":"block","angle":0},{"time":253,"type":"block","angle":11.25},{"time":253.5,"type":"block","angle":56.25},{"time":255,"type":"block","angle":225},{"time":255.5,"type":"block","angle":247.5},{"time":256,"type":"block","angle":270},{"time":256.5,"type":"block","angle":-67.5},{"time":257,"type":"block","angle":-56.25},{"type":"hold","duration":0.75,"angle2":225,"time":254.25,"angle":78.75},{"time":257.75,"type":"side","angle":45},{"time":258.75,"type":"side","angle":236.25},{"time":259.25,"type":"block","angle":258.75},{"type":"hold","duration":1,"angle2":146.25,"time":259.75,"angle":281.25},{"time":261.25,"type":"block","angle":360},{"time":262.25,"type":"block","angle":45},{"time":261.75,"type":"block","angle":33.75},{"time":262.75,"type":"side","angle":270},{"time":263.75,"type":"block","angle":146.25},{"time":263.25,"type":"block","angle":213.75},{"time":264.25,"type":"block","angle":90},{"type":"hold","duration":0.5,"angle2":0,"time":264.875,"angle":22.5},{"type":"hold","duration":0.5,"angle2":0,"time":265.375,"angle":22.5},{"time":266.75,"type":"block","angle":281.25},{"time":267.5,"type":"block","angle":270},{"time":268,"type":"block","angle":247.5},{"time":268.5,"type":"block","angle":225},{"time":269,"type":"block","angle":90},{"time":269.5,"type":"block","angle":90},{"time":270,"type":"block","angle":67.5},{"time":270.875,"type":"block","angle":45},{"time":271.625,"type":"side","angle":180},{"time":272.25,"type":"block","angle":213.75},{"time":272.75,"type":"block","angle":236.25},{"type":"hold","duration":1,"angle2":450,"time":273.25,"angle":270},{"type":"hold","duration":1,"angle2":-270,"time":274.25,"angle":90},{"time":275.75,"type":"block","angle":90},{"time":276.25,"type":"block","angle":56.25},{"time":278.25,"type":"extraTap","angle":0},{"time":277.25,"type":"extraTap","angle":0},{"time":278.875,"type":"block","angle":270},{"angle":281.25,"tap":true,"type":"block","time":279.125},{"time":280,"type":"block","angle":315},{"time":280.5,"type":"block","angle":22.5},{"time":281,"type":"block","angle":90},{"time":281.5,"type":"block","angle":45},{"time":282,"type":"block","angle":45},{"time":282.5,"type":"block","angle":22.5},{"time":283.25,"type":"block","angle":315},{"time":284,"type":"side","angle":90},{"time":284.5,"type":"side","angle":180},{"time":285,"type":"block","angle":270},{"time":285.5,"type":"block","angle":315},{"time":286,"type":"block","angle":326.25},{"time":286.5,"type":"block","angle":337.5},{"time":287.375,"type":"block","angle":22.5},{"time":288.25,"type":"block","angle":0},{"time":288.75,"type":"block","angle":292.5},{"time":289.25,"type":"block","angle":247.5},{"type":"hold","duration":1,"angle2":112.5,"time":289.75,"angle":180},{"time":291.75,"type":"block","angle":78.75},{"time":292.25,"type":"block","angle":56.25},{"time":292.75,"type":"block","angle":0},{"time":294.5,"type":"block","angle":0},{"time":295,"type":"block","angle":33.75},{"time":293.75,"type":"extraTap","angle":22.5},{"time":295.5,"type":"block","angle":78.75},{"time":296,"type":"side","angle":270},{"time":296.5,"type":"block","angle":326.25},{"time":297,"type":"block","angle":281.25},{"time":297.5,"type":"block","angle":236.25},{"time":298,"type":"block","angle":180},{"time":298.5,"type":"block","angle":180},{"time":299,"type":"block","angle":157.5},{"time":300,"type":"block","angle":123.75},{"type":"hold","duration":0.5,"angle2":416.25,"time":300.5,"angle":360},{"type":"hold","duration":0.5,"angle2":67.5,"time":301.5,"angle":112.5},{"time":302.5,"type":"block","angle":67.5},{"time":303.25,"type":"block","angle":101.25},{"time":304,"type":"block","angle":123.75},{"time":304.75,"type":"block","angle":236.25},{"time":305.25,"type":"block","angle":258.75},{"time":305.75,"type":"block","angle":281.25},{"time":306.25,"type":"side","angle":90},{"type":"hold","duration":1,"angle2":180,"time":307.25,"angle":180},{"time":315.5,"type":"block","angle":78.75},{"time":316.25,"type":"block","angle":45},{"time":314.5,"type":"block","angle":112.5},{"time":317.25,"type":"side","angle":270},{"type":"hold","duration":0.5,"angle2":45,"time":317.75,"angle":180},{"type":"hold","duration":1,"angle2":573.75,"time":318.75,"angle":303.75},{"time":320.5,"type":"side","angle":360},{"time":321.25,"type":"block","angle":45},{"time":321.75,"type":"block","angle":337.5},{"time":322.25,"type":"block","angle":281.25},{"time":322.875,"type":"side","angle":180},{"type":"hold","duration":1,"angle2":-90,"time":323.75,"angle":90},{"type":"hold","duration":0.5,"angle2":303.75,"time":324.75,"angle":270},{"type":"hold","duration":0.5,"angle2":258.75,"time":325.25,"angle":303.75},{"time":329.5,"type":"block","angle":281.25},{"time":330,"type":"block","angle":292.5},{"time":330.5,"type":"block","angle":303.75},{"time":331,"type":"block","angle":258.75},{"type":"hold","duration":1,"angle2":-180,"time":332,"angle":180},{"time":333.75,"type":"side","angle":0},{"time":334.25,"type":"block","angle":270},{"time":334.75,"type":"block","angle":247.5},{"type":"hold","duration":1,"angle2":450,"time":335.25,"angle":258.75},{"time":337,"type":"block","angle":45},{"time":337.875,"type":"side","angle":180},{"type":"hold","duration":0.5,"angle2":123.75,"time":338.375,"angle":202.5},{"type":"hold","duration":0.5,"angle2":202.5,"time":338.875,"angle":123.75},{"time":340.5,"type":"block","angle":0},{"time":341.25,"type":"block","angle":56.25},{"time":342,"type":"block","angle":22.5},{"time":342.5,"type":"block","angle":337.5},{"time":343.5,"type":"block","angle":337.5},{"angle":56.25,"tap":true,"type":"block","time":344.5},{"time":344,"type":"block","angle":11.25},{"time":344.25,"type":"block","angle":33.75},{"time":345.25,"type":"block","angle":56.25},{"time":345,"type":"block","angle":78.75},{"type":"hold","duration":0.5,"angle2":427.5,"time":346,"angle":360},{"type":"hold","duration":1,"angle2":-180,"time":346.5,"angle":67.5},{"type":"hold","duration":0.75,"angle2":450,"time":348.75,"angle":247.5},{"time":350.25,"type":"block","angle":348.75},{"time":350.75,"type":"block","angle":22.5},{"time":351.25,"type":"block","angle":0},{"time":351.75,"type":"block","angle":315},{"time":352.375,"type":"block","angle":270},{"startTap":true,"type":"hold","duration":0.375,"time":353,"angle":90,"angle2":11.25},{"time":353.75,"type":"block","angle":11.25},{"time":354.5,"type":"block","angle":337.5},{"time":355.75,"type":"block","angle":112.5},{"time":355.25,"type":"block","angle":45},{"time":355.5,"type":"block","angle":78.75},{"time":356.25,"type":"block","angle":112.5},{"type":"hold","duration":0.5,"angle2":11.25,"time":357,"angle":135},{"time":358,"type":"block","angle":11.25},{"time":358.5,"type":"side","angle":90},{"time":359,"type":"block","angle":180},{"time":359.5,"type":"side","angle":90},{"time":360.5,"type":"block","angle":0},{"time":361,"type":"block","angle":270},{"time":361.5,"type":"block","angle":292.5},{"time":361.25,"type":"block","angle":281.25},{"angle":315,"tap":true,"type":"block","time":362},{"time":361.75,"type":"block","angle":303.75},{"time":362.75,"type":"block","angle":56.25},{"time":363.25,"type":"block","angle":11.25},{"time":363.75,"type":"block","angle":337.5},{"time":364.25,"type":"block","angle":67.5},{"time":364.75,"type":"block","angle":11.25},{"time":365.25,"type":"block","angle":67.5},{"time":365.5,"type":"block","angle":101.25},{"time":365.75,"type":"block","angle":123.75},{"time":366,"type":"block","angle":90},{"type":"hold","duration":0.75,"angle2":11.25,"time":366.5,"angle":157.5},{"time":367.75,"type":"block","angle":33.75},{"time":368.25,"type":"block","angle":337.5},{"time":368.875,"type":"block","angle":303.75},{"angle":303.75,"tap":true,"type":"block","time":369.5},{"time":370,"type":"block","angle":247.5},{"time":370.25,"type":"block","angle":258.75},{"type":"hold","duration":0.75,"angle2":450,"time":370.75,"angle":270},{"time":372,"type":"block","angle":90},{"time":372.5,"type":"block","angle":45},{"time":373,"type":"block","angle":11.25},{"time":373.5,"type":"block","angle":67.5},{"time":373.75,"type":"block","angle":67.5},{"time":374.25,"type":"block","angle":0},{"time":374.75,"type":"block","angle":0},{"time":375.5,"type":"block","angle":67.5},{"time":376.25,"type":"block","angle":101.25},{"type":"hold","duration":1,"angle2":-90,"time":376.75,"angle":90},{"time":378.5,"type":"block","angle":292.5},{"time":379.75,"type":"block","angle":292.5},{"time":379.25,"type":"block","angle":292.5},{"time":380.25,"type":"block","angle":315},{"angle":270,"tap":true,"type":"block","time":380.75},{"angle":292.5,"tap":true,"type":"block","time":381.75},{"time":382.5,"type":"block","angle":180},{"time":383.25,"type":"block","angle":146.25},{"time":384.25,"type":"block","angle":168.75},{"time":384.5,"type":"block","angle":191.25},{"time":385,"type":"block","angle":157.5},{"time":386,"type":"block","angle":135},{"angle":168.75,"tap":true,"type":"block","time":386.75},{"angle":191.25,"tap":true,"type":"block","time":388},{"type":"hold","duration":1,"angle2":146.25,"time":389,"angle":281.25},{"angle":303.75,"tap":true,"type":"block","time":391},{"time":392.25,"type":"extraTap","angle":281.25},{"time":395.75,"type":"block","angle":270},{"time":393.25,"type":"extraTap","angle":270},{"time":394.25,"type":"extraTap","angle":326.25},{"type":"hold","duration":0.5,"angle2":315,"time":396.25,"angle":258.75},{"angle":247.5,"tap":true,"type":"block","time":397.375},{"angle":281.25,"tap":true,"type":"block","time":398.25},{"time":399,"type":"block","angle":56.25},{"time":401.5,"type":"extraTap","angle":11.25},{"time":402.5,"type":"extraTap","angle":11.25},{"time":403.5,"type":"extraTap","angle":11.25},{"time":404.5,"type":"extraTap","angle":11.25},{"time":405.5,"type":"extraTap","angle":11.25},{"time":406.5,"type":"extraTap","angle":22.5},{"time":407.5,"type":"extraTap","angle":11.25},{"time":408.5,"type":"extraTap","angle":11.25},{"time":409.75,"type":"extraTap","angle":11.25},{"time":410.75,"type":"extraTap","angle":11.25},{"time":412.25,"type":"block","angle":281.25},{"time":412.75,"type":"block","angle":270},{"time":413.25,"type":"block","angle":247.5},{"type":"hold","duration":1,"angle2":326.25,"time":413.75,"angle":236.25},{"type":"hold","duration":1,"angle2":247.5,"time":414.75,"angle":326.25},{"type":"hold","duration":1,"angle2":191.25,"time":416.5,"angle":348.75},{"time":417.75,"type":"side","angle":270},{"angle":303.75,"tap":true,"type":"block","time":418},{"time":419,"type":"extraTap","angle":281.25},{"type":"hold","duration":1,"angle2":-90,"time":421.125,"angle":90},{"type":"hold","duration":1,"angle2":-90,"time":423.125,"angle":90},{"type":"hold","duration":1,"angle2":-90,"time":426.25,"angle":90},{"angle":90,"tap":true,"type":"block","time":425.25},{"time":428.25,"type":"block","angle":90},{"type":"hold","duration":0.5,"angle2":540,"time":428.75,"angle":360},{"type":"hold","duration":0.5,"angle2":360,"time":429.25,"angle":180},{"time":430.5,"type":"block","angle":360},{"time":431.5,"type":"block","angle":45},{"angle":90,"tap":true,"type":"block","time":432.25},{"time":431,"type":"block","angle":292.5},{"type":"hold","duration":0.5,"angle2":281.25,"time":434.5,"angle":225},{"type":"hold","duration":0.625,"angle2":191.25,"time":435,"angle":281.25},{"time":433.5,"type":"extraTap","angle":292.5},{"time":436.75,"type":"extraTap","angle":225},{"time":437.75,"type":"extraTap","angle":225},{"time":438.75,"type":"extraTap","angle":225},{"time":439.75,"type":"extraTap","angle":225},{"time":440.75,"type":"extraTap","angle":225},{"time":441.75,"type":"extraTap","angle":225},{"time":442.75,"type":"extraTap","angle":236.25},{"time":443.75,"type":"extraTap","angle":236.25},{"time":445.5,"type":"block","angle":180},{"time":446,"type":"block","angle":146.25},{"time":446.5,"type":"block","angle":90},{"type":"hold","duration":0.5,"time":447,"angle2":90,"angle":270},{"type":"hold","duration":0.5,"time":447.5,"angle2":180,"angle":90},{"time":448.75,"type":"block","angle":146.25},{"type":"hold","duration":1,"time":449.5,"angle2":78.75,"angle":146.25},{"time":450.75,"type":"block","angle":146.25},{"time":451,"type":"extraTap","angle":180},{"time":452,"type":"extraTap","angle":180},{"time":453,"type":"extraTap","angle":180},{"time":454.25,"type":"extraTap","angle":180},{"time":455.25,"type":"extraTap","angle":180},{"time":456.25,"type":"extraTap","angle":180},{"time":457.25,"type":"extraTap","angle":180},{"time":458.25,"type":"extraTap","angle":180},{"time":459.25,"type":"extraTap","angle":180},{"time":460.25,"type":"extraTap","angle":180},{"time":462.5,"type":"extraTap","angle":90},{"time":464.5,"type":"extraTap","angle":90},{"time":466.625,"type":"extraTap","angle":90},{"time":468.625,"type":"extraTap","angle":90},{"time":470.75,"type":"extraTap","angle":90},{"time":472.75,"type":"extraTap","angle":90},{"time":474.875,"type":"extraTap","angle":90},{"time":476.875,"type":"extraTap","angle":90}]