[{"time":0.5,"type":"inverse","angle":45},{"time":1.5,"type":"inverse","angle":45},{"time":2.5,"type":"inverse","angle":45},{"time":6,"type":"block","angle":22.5},{"time":6.5,"type":"block","angle":67.5},{"time":7,"type":"block","angle":45},{"duration":2.5,"time":7.5,"type":"hold","angle2":45,"angle":0},{"time":13.5,"type":"block","angle":22.5},{"time":14.5,"type":"block","angle":45},{"time":16,"type":"block","angle":22.5},{"time":15,"type":"block","angle":22.5},{"time":22,"tap":true,"type":"block","angle":0},{"time":21.5,"type":"block","angle":22.5},{"time":22.5,"angle":45,"type":"hold","angle2":90,"duration":2},{"time":24.5,"duration":1.5,"type":"hold","angle2":22.5,"angle":90},{"time":29.5,"type":"block","angle":22.5},{"time":30,"type":"block","angle":45},{"time":30.5,"type":"block","angle":360},{"time":32,"type":"block","angle":0},{"time":32.5,"type":"block","angle":337.5},{"time":33,"type":"block","angle":315},{"time":33,"type":"block","angle":292.5},{"time":33.5,"type":"block","angle":292.5},{"time":34,"type":"block","angle":315},{"time":39,"type":"extraTap","angle":292.5},{"time":41,"type":"extraTap","angle":315},{"time":42,"type":"extraTap","angle":337.5},{"time":46.5,"type":"block","angle":292.5},{"time":47,"type":"block","angle":315},{"time":47.5,"tap":true,"type":"block","angle":337.5},{"time":54.5,"type":"block","angle":337.5},{"time":54,"type":"block","angle":315},{"time":55,"type":"block","angle":292.5},{"time":55.5,"duration":1.5,"type":"hold","angle2":337.5,"angle":315},{"time":57,"duration":0.5,"type":"hold","angle2":315,"angle":337.5},{"time":58,"type":"block","angle":315},{"time":58.5,"type":"block","angle":337.5},{"time":59.5,"type":"block","angle":315},{"time":61,"type":"block","angle":315},{"time":63.5,"duration":1,"type":"hold","angle2":360,"angle":45},{"time":67.5,"type":"block","angle":45},{"time":68.5,"type":"block","angle":337.5},{"time":70,"type":"block","angle":22.5},{"time":71.5,"type":"block","angle":360},{"time":73,"type":"block","angle":337.5},{"time":75.5,"type":"block","angle":315},{"time":77.5,"type":"block","angle":360},{"time":79.5,"type":"block","angle":45},{"time":84,"type":"block","angle":0},{"time":84.5,"type":"block","angle":337.5},{"time":85,"type":"block","angle":292.5},{"time":86.5,"type":"block","angle":315},{"time":87,"type":"block","angle":337.5},{"time":87.5,"type":"block","angle":360},{"time":89.5,"type":"block","angle":0},{"time":90,"type":"block","angle":337.5},{"time":90.5,"type":"block","angle":315},{"time":92.5,"type":"block","angle":315},{"time":93,"type":"block","angle":337.5},{"time":93,"type":"block","angle":360},{"time":93.5,"type":"block","angle":22.5},{"time":95,"type":"block","angle":0},{"time":96,"startTap":true,"angle":360,"type":"hold","angle2":382.5,"duration":1.5},{"time":101,"type":"extraTap","angle":292.5},{"time":102.5,"type":"block","angle":22.5},{"time":103,"type":"block","angle":45},{"time":103.5,"duration":1,"type":"hold","angle2":45,"angle":22.5},{"time":104.5,"angle":45,"type":"hold","angle2":0,"duration":1},{"time":106.1875,"type":"side","angle":360},{"time":108.66666412354,"type":"block","angle":315},{"time":109.66666412354,"type":"block","angle":337.5},{"time":110.66666412354,"type":"block","angle":0},{"time":111.33331298828,"type":"block","angle":315},{"time":118.33333587646,"type":"block","angle":337.5},{"time":119,"type":"block","angle":315},{"time":119.66666412354,"angle":337.5,"type":"hold","angle2":360,"duration":1},{"time":120.66666412354,"duration":0.66666662693024,"type":"hold","angle2":337.5,"angle":360},{"time":121.33333587646,"duration":1,"type":"hold","angle2":360,"angle":337.5},{"time":122.66666412354,"type":"block","angle":22.5},{"time":123.33333587646,"type":"block","angle":0},{"time":124,"type":"block","angle":22.5},{"time":125.33333587646,"type":"block","angle":0},{"time":126,"type":"block","angle":337.5},{"time":126.33333587646,"type":"block","angle":0},{"time":126.66666412354,"type":"block","angle":337.5},{"time":128,"type":"side","angle":337.5},{"time":131.33332824707,"type":"block","angle":337.5},{"time":132,"type":"block","angle":0},{"time":132.66667175293,"type":"block","angle":315},{"time":133.33332824707,"type":"block","angle":0},{"time":133.66667175293,"type":"block","angle":337.5},{"time":134,"type":"block","angle":22.5},{"time":135,"type":"block","angle":22.5},{"time":135.33332824707,"type":"block","angle":337.5},{"time":136,"type":"block","angle":22.5},{"time":136.66667175293,"type":"block","angle":22.5},{"time":137,"type":"block","angle":360},{"time":137.66667175293,"type":"block","angle":0},{"time":138.33332824707,"type":"block","angle":22.5},{"time":138.66667175293,"type":"block","angle":337.5},{"time":139,"duration":1.9999998807907,"type":"hold","angle2":22.5,"angle":0},{"time":141,"angle":22.5,"type":"hold","angle2":-67.5,"duration":1.6666667461395},{"time":143,"type":"block","angle":315},{"time":143.33332824707,"type":"block","angle":292.5},{"time":144,"type":"block","angle":292.5},{"time":144.33332824707,"type":"block","angle":315},{"time":144.66667175293,"type":"block","angle":337.5},{"time":145,"type":"block","angle":360},{"time":146.33332824707,"type":"block","angle":0},{"time":147.33332824707,"type":"block","angle":0},{"time":148,"type":"block","angle":337.5},{"time":149,"type":"block","angle":337.5},{"time":149.66667175293,"type":"block","angle":0},{"time":150.66667175293,"type":"block","angle":360},{"time":151.33332824707,"type":"block","angle":337.5},{"time":153.33332824707,"type":"block","angle":360},{"time":154,"type":"block","angle":22.5},{"time":155.33332824707,"type":"block","angle":360},{"time":156,"angle":337.5,"type":"hold","angle2":315,"duration":2},{"time":158.66667175293,"type":"block","angle":315},{"time":159,"type":"block","angle":337.5},{"time":159,"type":"block","angle":360},{"time":162.66667175293,"type":"block","angle":360},{"time":163,"type":"block","angle":337.5},{"time":163.33332824707,"type":"block","angle":337.5},{"time":165.33332824707,"type":"block","angle":337.5},{"time":166,"type":"block","angle":337.5},{"time":167.33332824707,"type":"block","angle":22.5},{"time":168,"type":"block","angle":22.5},{"time":169.33332824707,"type":"block","angle":90},{"time":170,"type":"block","angle":90},{"time":172.66667175293,"type":"block","angle":180},{"time":172,"type":"block","angle":180},{"time":173.33332824707,"type":"block","angle":225},{"time":174.33332824707,"type":"block","angle":225},{"time":180,"type":"block","angle":247.5},{"time":180.33332824707,"type":"block","angle":270},{"time":181,"type":"block","angle":292.5},{"time":182.33332824707,"type":"block","angle":292.5},{"time":183,"type":"block","angle":315},{"time":183.66667175293,"type":"block","angle":337.5},{"time":184.33332824707,"type":"block","angle":360},{"time":185.33332824707,"type":"block","angle":67.5},{"time":186,"type":"block","angle":90},{"time":188,"type":"block","angle":157.5},{"time":189,"type":"block","angle":135},{"time":192,"type":"block","angle":180},{"time":192.66667175293,"type":"block","angle":202.5},{"time":193,"type":"block","angle":225},{"time":196.66667175293,"type":"block","angle":202.5},{"time":198,"type":"block","angle":247.5},{"time":198.66667175293,"type":"block","angle":247.5},{"time":198.66667175293,"type":"block","angle":270},{"time":199,"type":"block","angle":292.5}]