{"events":[{"angle":270,"file":"rolling.ogg","volume":1,"type":"play","time":-5,"bpm":195},{"b":90,"color":1,"g":90,"angle":202.5,"type":"setColor","r":90,"time":-7},{"b":177,"color":2,"g":177,"angle":157.5,"type":"setColor","r":177,"time":-7},{"angle":247.5,"color":2,"type":"setBgColor","time":-7},{"b":184,"color":1,"g":152,"angle":195,"type":"setColor","r":5,"time":99},{"spriteName":"miss","angle":180,"type":"forcePlayerSprite","time":99},{"angle":240,"type":"setBPM","bpm":160,"time":103.75},{"angle":105,"type":"setBPM","bpm":195,"time":154.25},{"b":90,"color":1,"g":90,"angle":225,"type":"setColor","r":90,"time":152},{"spriteName":"","angle":210,"type":"forcePlayerSprite","time":152},{"b":184,"color":1,"g":152,"angle":210,"type":"setColor","r":5,"time":184},{"spriteName":"miss","angle":195,"type":"forcePlayerSprite","time":184},{"duration":1,"var":"p.x","value":30,"angle":180,"ease":"inExpo","type":"ease","time":248},{"b":246,"color":2,"g":238,"angle":202.5,"type":"setColor","r":214,"time":248},{"spriteName":"angry","angle":150,"type":"forcePlayerSprite","time":248},{"duration":1,"var":"p.x","value":580,"angle":180,"ease":"inExpo","type":"ease","time":280},{"duration":4,"var":"p.x","value":300,"angle":180,"type":"ease","ease":"inOutExpo","time":311},{"b":90,"color":1,"g":90,"angle":202.5,"type":"setColor","r":90,"time":312.5},{"b":177,"color":2,"g":177,"angle":157.5,"type":"setColor","r":177,"time":312.5},{"spriteName":"idle","type":"forcePlayerSprite","angle":180,"time":312.5},{"x":0,"y":0,"id":"","time":342.5,"hide":false,"duration":0.5,"angle":180,"sprite":"black.png","type":"deco"},{"x":0,"y":0,"id":"","time":343,"hide":true,"type":"deco","sprite":"black.png","angle":180},{"x":0,"y":0,"id":"","time":343.5,"hide":false,"type":"deco","sprite":"black.png","angle":180},{"x":0,"y":0,"id":"","time":344,"hide":true,"type":"deco","sprite":"black.png","angle":180},{"hide":true,"angle":225,"type":"deco","id":"","sprite":"arrowl.png","time":248},{"x":200,"y":30,"id":"","time":276,"hide":false,"type":"deco","sprite":"arrowr.png","angle":180},{"hide":true,"angle":225,"type":"deco","id":"","sprite":"arrowr.png","time":280},{"x":0,"y":0,"id":"","time":341.25,"hide":true,"duration":0.5,"angle":180,"sprite":"black.png","type":"deco"},{"angle":247.5,"type":"tag","angleOffset":false,"tag":"zoom","time":248},{"angle":247.5,"type":"tag","angleOffset":false,"tag":"zoom","time":252},{"angle":247.5,"type":"tag","angleOffset":false,"tag":"zoom","time":250},{"angle":247.5,"type":"tag","angleOffset":false,"tag":"zoom","time":256},{"angle":247.5,"type":"tag","angleOffset":false,"tag":"zoom","time":254},{"angle":247.5,"type":"tag","angleOffset":false,"tag":"zoom","time":260},{"angle":247.5,"type":"tag","angleOffset":false,"tag":"zoom","time":258},{"angle":247.5,"type":"tag","angleOffset":false,"tag":"zoom","time":264},{"angle":247.5,"type":"tag","angleOffset":false,"tag":"zoom","time":262},{"angle":247.5,"type":"tag","angleOffset":false,"tag":"zoom","time":268},{"angle":247.5,"type":"tag","angleOffset":false,"tag":"zoom","time":266},{"angle":247.5,"type":"tag","angleOffset":false,"tag":"zoom","time":272},{"angle":247.5,"type":"tag","angleOffset":false,"tag":"zoom","time":270},{"angle":247.5,"type":"tag","angleOffset":false,"tag":"zoom","time":276},{"angle":247.5,"type":"tag","angleOffset":false,"tag":"zoom","time":274},{"angle":247.5,"type":"tag","angleOffset":false,"tag":"zoom","time":280},{"angle":247.5,"type":"tag","angleOffset":false,"tag":"zoom","time":278},{"angle":247.5,"type":"tag","angleOffset":false,"tag":"zoom","time":284},{"angle":247.5,"type":"tag","angleOffset":false,"tag":"zoom","time":282},{"angle":247.5,"type":"tag","angleOffset":false,"tag":"zoom","time":288},{"angle":247.5,"type":"tag","angleOffset":false,"tag":"zoom","time":286},{"angle":247.5,"type":"tag","angleOffset":false,"tag":"zoom","time":292},{"angle":247.5,"type":"tag","angleOffset":false,"tag":"zoom","time":290},{"angle":247.5,"type":"tag","angleOffset":false,"tag":"zoom","time":296},{"angle":247.5,"type":"tag","angleOffset":false,"tag":"zoom","time":294},{"angle":247.5,"type":"tag","angleOffset":false,"tag":"zoom","time":300},{"angle":247.5,"type":"tag","angleOffset":false,"tag":"zoom","time":298},{"angle":247.5,"type":"tag","angleOffset":false,"tag":"zoom","time":304},{"angle":247.5,"type":"tag","angleOffset":false,"tag":"zoom","time":302},{"angle":247.5,"type":"tag","angleOffset":false,"tag":"zoom","time":308},{"angle":247.5,"type":"tag","angleOffset":false,"tag":"zoom","time":306},{"angle":210,"type":"tag","angleOffset":false,"tag":"zoom","time":312},{"angle":247.5,"type":"tag","angleOffset":false,"tag":"zoom","time":310},{"angle":270,"type":"tag","angleOffset":false,"tag":"rain","time":248},{"x":200,"y":30,"angle":180,"type":"deco","id":"","sprite":"arrowl.png","time":245},{"x":200,"y":30,"angle":180,"type":"deco","id":"","sprite":"arrowl.png","time":250},{"angle":270,"type":"tag","angleOffset":false,"tag":"rain","time":250},{"angle":270,"type":"tag","angleOffset":false,"tag":"rain","time":252},{"angle":270,"type":"tag","angleOffset":false,"tag":"rain","time":254},{"angle":270,"type":"tag","angleOffset":false,"tag":"rain","time":256},{"angle":270,"type":"tag","angleOffset":false,"tag":"rain","time":258},{"angle":270,"type":"tag","angleOffset":false,"tag":"rain","time":260},{"angle":270,"type":"tag","angleOffset":false,"tag":"rain","time":249},{"angle":270,"type":"tag","angleOffset":false,"tag":"rain","time":251},{"angle":270,"type":"tag","angleOffset":false,"tag":"rain","time":253},{"angle":270,"type":"tag","angleOffset":false,"tag":"rain","time":255},{"angle":270,"type":"tag","angleOffset":false,"tag":"rain","time":257},{"angle":315,"type":"tag","angleOffset":false,"tag":"rain","time":262},{"angle":315,"type":"tag","angleOffset":false,"tag":"rain","time":264},{"angle":315,"type":"tag","angleOffset":false,"tag":"rain","time":266},{"angle":315,"type":"tag","angleOffset":false,"tag":"rain","time":268},{"angle":315,"type":"tag","angleOffset":false,"tag":"rain","time":270},{"angle":315,"type":"tag","angleOffset":false,"tag":"rain","time":272},{"angle":315,"type":"tag","angleOffset":false,"tag":"rain","time":261},{"angle":315,"type":"tag","angleOffset":false,"tag":"rain","time":263},{"angle":315,"type":"tag","angleOffset":false,"tag":"rain","time":265},{"angle":315,"type":"tag","angleOffset":false,"tag":"rain","time":267},{"angle":315,"type":"tag","angleOffset":false,"tag":"rain","time":269},{"angle":315,"type":"tag","angleOffset":false,"tag":"rain","time":274},{"angle":315,"type":"tag","angleOffset":false,"tag":"rain","time":276},{"angle":315,"type":"tag","angleOffset":false,"tag":"rain","time":278},{"angle":315,"type":"tag","angleOffset":false,"tag":"rain","time":273},{"angle":315,"type":"tag","angleOffset":false,"tag":"rain","time":275},{"angle":315,"type":"tag","angleOffset":false,"tag":"rain","time":277},{"angle":315,"type":"tag","angleOffset":false,"tag":"rain","time":279},{"angle":90,"type":"tag","angleOffset":false,"tag":"rainback","time":280},{"angle":90,"type":"tag","angleOffset":false,"tag":"rainback","time":281},{"angle":90,"type":"tag","angleOffset":false,"tag":"rainback","time":282},{"angle":90,"type":"tag","angleOffset":false,"tag":"rainback","time":283},{"angle":90,"type":"tag","angleOffset":false,"tag":"rainback","time":284},{"angle":90,"type":"tag","angleOffset":false,"tag":"rainback","time":285},{"angle":90,"type":"tag","angleOffset":false,"tag":"rainback","time":286},{"angle":67.5,"type":"tag","angleOffset":false,"tag":"rainback","time":287},{"angle":67.5,"type":"tag","angleOffset":false,"tag":"rainback","time":288},{"angle":67.5,"type":"tag","angleOffset":false,"tag":"rainback","time":289},{"angle":67.5,"type":"tag","angleOffset":false,"tag":"rainback","time":290},{"angle":67.5,"type":"tag","angleOffset":false,"tag":"rainback","time":291},{"angle":67.5,"type":"tag","angleOffset":false,"tag":"rainback","time":292},{"angle":67.5,"type":"tag","angleOffset":false,"tag":"rainback","time":293},{"angle":67.5,"type":"tag","angleOffset":false,"tag":"rainback","time":294},{"angle":67.5,"type":"tag","angleOffset":false,"tag":"rainback","time":295},{"angle":67.5,"type":"tag","angleOffset":false,"tag":"rainback","time":296},{"angle":67.5,"type":"tag","angleOffset":false,"tag":"rainback","time":297},{"angle":67.5,"type":"tag","angleOffset":false,"tag":"rainback","time":298},{"angle":67.5,"type":"tag","angleOffset":false,"tag":"rainback","time":299},{"angle":67.5,"type":"tag","angleOffset":false,"tag":"rainback","time":300},{"angle":67.5,"type":"tag","angleOffset":false,"tag":"rainback","time":301},{"angle":67.5,"type":"tag","angleOffset":false,"tag":"rainback","time":302},{"angle":67.5,"type":"tag","angleOffset":false,"tag":"rainback","time":303},{"angle":67.5,"type":"tag","angleOffset":false,"tag":"rainback","time":304},{"angle":67.5,"type":"tag","angleOffset":false,"tag":"rainback","time":305},{"angle":67.5,"type":"tag","angleOffset":false,"tag":"rainback","time":306},{"angle":67.5,"type":"tag","angleOffset":false,"tag":"rainback","time":307},{"angle":67.5,"type":"tag","angleOffset":false,"tag":"rainback","time":308},{"angle":67.5,"type":"tag","angleOffset":false,"tag":"rainback","time":309},{"angle":67.5,"type":"tag","angleOffset":false,"tag":"rainback","time":310},{"angle":67.5,"type":"tag","angleOffset":false,"tag":"rainback","time":311},{"spriteName":"miss","angle":120,"type":"forcePlayerSprite","time":275.5},{"spriteName":"angry","angle":120,"type":"forcePlayerSprite","time":279.5},{"time":244,"duration":2.5,"type":"paddles","ease":"linear","angle":180,"paddle":1,"newWidth":40},{"var":"scrollSpeed","value":1.5,"type":"ease","angle":285,"time":248},{"time":311,"duration":3,"type":"paddles","ease":"linear","angle":225,"paddle":1,"newWidth":60},{"var":"scrollSpeed","value":1.2000000476837,"type":"ease","angle":285,"time":-7},{"var":"scrollSpeed","value":1.2000000476837,"angle":285,"type":"ease","time":312.5},{"time":342.25,"duration":0,"type":"paddles","angle":255,"ease":"linear","paddle":1,"enabled":false},{"spriteName":"miss","angle":210,"type":"forcePlayerSprite","time":343},{"spriteName":"idle","type":"forcePlayerSprite","angle":225,"time":344},{"enabled":true,"time":344,"duration":0,"type":"paddles","ease":"linear","angle":255,"paddle":1,"newWidth":60},{"b":184,"color":1,"g":152,"angle":240,"type":"setColor","r":5,"time":344},{"var":"scrollSpeed","value":30,"type":"ease","angle":240,"time":342},{"var":"scrollSpeed","value":1.2000000476837,"type":"ease","angle":210,"time":344},{"b":145,"color":1,"g":121,"angle":210,"type":"setColor","r":6,"time":408},{"spriteName":"miss","angle":240,"type":"forcePlayerSprite","time":408},{"spriteName":"in.png","angle":255,"type":"forcePlayerSprite","time":431},{"b":184,"color":1,"g":152,"angle":210,"type":"setColor","r":5,"time":431},{"spriteName":"idle","angle":262.5,"type":"forcePlayerSprite","time":434},{"angle":240,"type":"tag","angleOffset":false,"tag":"zoom","time":456},{"angle":240,"type":"tag","angleOffset":false,"tag":"zoom","time":458},{"angle":240,"type":"tag","angleOffset":false,"tag":"zoom","time":460},{"angle":240,"type":"tag","angleOffset":false,"tag":"zoom","time":462},{"angle":240,"type":"tag","angleOffset":false,"tag":"zoom","time":464},{"angle":240,"type":"tag","angleOffset":false,"tag":"zoom","time":465},{"angle":240,"type":"tag","angleOffset":false,"tag":"zoom","time":466},{"angle":240,"type":"tag","angleOffset":false,"tag":"zoom","time":467},{"angle":240,"type":"tag","angleOffset":false,"tag":"zoom","time":468},{"angle":240,"type":"tag","angleOffset":false,"tag":"zoom","time":469},{"angle":240,"type":"tag","angleOffset":false,"tag":"zoom","time":470},{"angle":240,"type":"tag","angleOffset":false,"tag":"zoom","time":471},{"duration":1,"var":"p.x","value":30,"angle":180,"ease":"inExpo","type":"ease","time":472},{"b":246,"color":2,"g":238,"angle":202.5,"type":"setColor","r":214,"time":472},{"spriteName":"angry","angle":150,"type":"forcePlayerSprite","time":472},{"hide":true,"angle":225,"type":"deco","id":"","sprite":"arrowl.png","time":472},{"angle":247.5,"type":"tag","angleOffset":false,"tag":"zoom","time":472},{"angle":270,"type":"tag","angleOffset":false,"tag":"rain","time":472},{"x":200,"y":30,"id":"","time":469,"hide":false,"type":"deco","sprite":"arrowl.png","angle":180},{"var":"scrollSpeed","value":1.5,"angle":285,"type":"ease","time":472},{"angle":240,"type":"tag","angleOffset":false,"tag":"zoom","time":474},{"angle":240,"type":"tag","angleOffset":false,"tag":"zoom","time":476},{"angle":240,"type":"tag","angleOffset":false,"tag":"zoom","time":478},{"angle":240,"type":"tag","angleOffset":false,"tag":"zoom","time":480},{"angle":240,"type":"tag","angleOffset":false,"tag":"zoom","time":468.5},{"angle":240,"type":"tag","angleOffset":false,"tag":"zoom","time":469.5},{"angle":240,"type":"tag","angleOffset":false,"tag":"zoom","time":470.5},{"angle":240,"type":"tag","angleOffset":false,"tag":"zoom","time":471.5},{"angle":240,"type":"tag","angleOffset":false,"tag":"zoom","time":482},{"angle":240,"type":"tag","angleOffset":false,"tag":"zoom","time":484},{"angle":240,"type":"tag","angleOffset":false,"tag":"zoom","time":486},{"angle":240,"type":"tag","angleOffset":false,"tag":"zoom","time":488},{"angle":240,"type":"tag","angleOffset":false,"tag":"zoom","time":490},{"angle":240,"type":"tag","angleOffset":false,"tag":"zoom","time":492},{"angle":240,"type":"tag","angleOffset":false,"tag":"zoom","time":494},{"angle":240,"type":"tag","angleOffset":false,"tag":"zoom","time":496},{"angle":240,"type":"tag","angleOffset":false,"tag":"zoom","time":498},{"angle":240,"type":"tag","angleOffset":false,"tag":"zoom","time":500},{"angle":240,"type":"tag","angleOffset":false,"tag":"zoom","time":502},{"angle":240,"type":"tag","angleOffset":false,"tag":"zoom","time":504},{"angle":240,"type":"tag","angleOffset":false,"tag":"zoom","time":506},{"angle":240,"type":"tag","angleOffset":false,"tag":"zoom","time":508},{"angle":240,"type":"tag","angleOffset":false,"tag":"zoom","time":510},{"angle":240,"type":"tag","angleOffset":false,"tag":"zoom","time":512},{"angle":240,"type":"tag","angleOffset":false,"tag":"zoom","time":514},{"duration":1,"var":"p.x","value":580,"angle":180,"ease":"inExpo","type":"ease","time":504},{"x":200,"y":30,"id":"","time":500,"hide":false,"type":"deco","sprite":"arrowr.png","angle":180},{"hide":true,"angle":225,"type":"deco","id":"","sprite":"arrowr.png","time":504},{"angle":240,"type":"tag","angleOffset":false,"tag":"zoom","time":516},{"angle":240,"type":"tag","angleOffset":false,"tag":"zoom","time":518},{"angle":240,"type":"tag","angleOffset":false,"tag":"zoom","time":520},{"angle":240,"type":"tag","angleOffset":false,"tag":"zoom","time":522},{"angle":240,"type":"tag","angleOffset":false,"tag":"zoom","time":524},{"angle":240,"type":"tag","angleOffset":false,"tag":"zoom","time":526},{"angle":240,"type":"tag","angleOffset":false,"tag":"zoom","time":528},{"angle":240,"type":"tag","angleOffset":false,"tag":"zoom","time":530},{"angle":240,"type":"tag","angleOffset":false,"tag":"zoom","time":532},{"angle":240,"type":"tag","angleOffset":false,"tag":"zoom","time":534},{"angle":240,"type":"tag","tag":"zoom","angleOffset":false,"time":536},{"spriteName":"in.png","angle":210,"type":"forcePlayerSprite","time":536},{"spriteName":"miss","angle":210,"type":"forcePlayerSprite","time":564},{"spriteName":"in.png","angle":210,"type":"forcePlayerSprite","time":568},{"x":0,"y":0,"id":"","time":598,"hide":false,"type":"deco","sprite":"black.png","angle":180},{"b":3,"color":1,"r":4,"angle":195,"type":"setColor","g":3,"time":598},{"type":"showResults","angle":180,"time":602},{"duration":1,"var":"p.x","value":300,"ease":"inExpo","angle":180,"type":"ease","time":536},{"x":200,"y":30,"id":"","time":532,"hide":false,"type":"deco","sprite":"arrowu.png","angle":180},{"hide":true,"angle":225,"type":"deco","id":"","sprite":"arrowu.png","time":536},{"duration":1,"var":"p.y","value":30,"ease":"inExpo","angle":165,"type":"ease","time":536},{"angle":240,"type":"tag","angleOffset":false,"tag":"zoomb","time":537},{"angle":240,"type":"tag","angleOffset":false,"tag":"zoomb","time":539},{"angle":240,"type":"tag","angleOffset":false,"tag":"zoomb","time":541},{"angle":240,"type":"tag","angleOffset":false,"tag":"zoomb","time":543},{"angle":240,"type":"tag","angleOffset":false,"tag":"zoomb","time":545},{"angle":240,"type":"tag","angleOffset":false,"tag":"zoomb","time":547},{"angle":240,"type":"tag","angleOffset":false,"tag":"zoomb","time":549},{"angle":240,"type":"tag","angleOffset":false,"tag":"zoomb","time":551},{"angle":240,"type":"tag","angleOffset":false,"tag":"zoomb","time":553},{"angle":240,"type":"tag","angleOffset":false,"tag":"zoomb","time":555},{"angle":240,"type":"tag","angleOffset":false,"tag":"zoomb","time":557},{"angle":240,"type":"tag","angleOffset":false,"tag":"zoomb","time":559},{"angle":240,"type":"tag","angleOffset":false,"tag":"zoomb","time":561},{"angle":240,"type":"tag","angleOffset":false,"tag":"zoomb","time":563},{"angle":240,"type":"tag","angleOffset":false,"tag":"zoomb","time":565},{"angle":240,"type":"tag","angleOffset":false,"tag":"zoomb","time":567},{"angle":240,"type":"tag","angleOffset":false,"tag":"zoomb","time":569},{"angle":240,"type":"tag","angleOffset":false,"tag":"zoomb","time":571},{"angle":240,"type":"tag","angleOffset":false,"tag":"zoomb","time":573},{"angle":240,"type":"tag","angleOffset":false,"tag":"zoomb","time":575},{"angle":240,"type":"tag","angleOffset":false,"tag":"zoomb","time":577},{"angle":240,"type":"tag","angleOffset":false,"tag":"zoomb","time":579},{"angle":240,"type":"tag","angleOffset":false,"tag":"zoomb","time":581},{"angle":240,"type":"tag","angleOffset":false,"tag":"zoomb","time":583},{"angle":240,"type":"tag","angleOffset":false,"tag":"zoomb","time":585},{"angle":240,"type":"tag","angleOffset":false,"tag":"zoomb","time":587},{"angle":240,"type":"tag","angleOffset":false,"tag":"zoomb","time":589},{"angle":240,"type":"tag","angleOffset":false,"tag":"zoomb","time":591},{"angle":240,"type":"tag","angleOffset":false,"tag":"zoomb","time":593},{"angle":240,"type":"tag","tag":"zoomb","angleOffset":false,"time":595},{"spriteName":"in.png","angle":240,"type":"forcePlayerSprite","time":443.5},{"spriteName":"idle","type":"forcePlayerSprite","angle":240,"time":445},{"time":-7,"duration":0,"type":"paddles","angle":120,"ease":"linear","paddle":1,"newWidth":60},{"time":468,"duration":2.5,"type":"paddles","angle":180,"ease":"linear","paddle":1,"newWidth":40},{"angle":240,"type":"tag","angleOffset":false,"tag":"zoom","time":468.25},{"angle":240,"type":"tag","angleOffset":false,"tag":"zoom","time":469.25},{"angle":240,"type":"tag","angleOffset":false,"tag":"zoom","time":470.25},{"angle":240,"type":"tag","angleOffset":false,"tag":"zoom","time":471.25},{"angle":240,"type":"tag","angleOffset":false,"tag":"zoom","time":468.75},{"angle":240,"type":"tag","angleOffset":false,"tag":"zoom","time":469.75},{"angle":240,"type":"tag","angleOffset":false,"tag":"zoom","time":470.75},{"angle":240,"type":"tag","angleOffset":false,"tag":"zoom","time":471.75},{"angle":315,"type":"tag","angleOffset":false,"tag":"rain","time":472},{"angle":315,"type":"tag","tag":"rain","angleOffset":false,"time":473},{"angle":315,"type":"tag","tag":"rain","angleOffset":false,"time":474},{"angle":315,"type":"tag","tag":"rain","angleOffset":false,"time":475},{"angle":315,"type":"tag","tag":"rain","angleOffset":false,"time":476},{"angle":315,"type":"tag","tag":"rain","angleOffset":false,"time":477},{"angle":315,"type":"tag","tag":"rain","angleOffset":false,"time":478},{"angle":315,"type":"tag","tag":"rain","angleOffset":false,"time":479},{"angle":315,"type":"tag","tag":"rain","angleOffset":false,"time":480},{"angle":315,"type":"tag","tag":"rain","angleOffset":false,"time":481},{"angle":315,"type":"tag","tag":"rain","angleOffset":false,"time":482},{"angle":315,"type":"tag","tag":"rain","angleOffset":false,"time":483},{"angle":315,"type":"tag","tag":"rain","angleOffset":false,"time":484},{"angle":315,"type":"tag","tag":"rain","angleOffset":false,"time":485},{"angle":315,"type":"tag","tag":"rain","angleOffset":false,"time":486},{"angle":315,"type":"tag","tag":"rain","angleOffset":false,"time":487},{"angle":315,"type":"tag","tag":"rain","angleOffset":false,"time":488},{"angle":315,"type":"tag","tag":"rain","angleOffset":false,"time":489},{"angle":315,"type":"tag","tag":"rain","angleOffset":false,"time":490},{"angle":315,"type":"tag","tag":"rain","angleOffset":false,"time":491},{"angle":315,"type":"tag","tag":"rain","angleOffset":false,"time":492},{"angle":315,"type":"tag","tag":"rain","angleOffset":false,"time":493},{"angle":315,"type":"tag","tag":"rain","angleOffset":false,"time":494},{"angle":315,"type":"tag","tag":"rain","angleOffset":false,"time":495},{"angle":315,"type":"tag","tag":"rain","angleOffset":false,"time":496},{"angle":315,"type":"tag","tag":"rain","angleOffset":false,"time":497},{"angle":315,"type":"tag","tag":"rain","angleOffset":false,"time":498},{"angle":315,"type":"tag","tag":"rain","angleOffset":false,"time":499},{"angle":315,"type":"tag","tag":"rain","angleOffset":false,"time":500},{"angle":315,"type":"tag","tag":"rain","angleOffset":false,"time":501},{"angle":315,"type":"tag","tag":"rain","angleOffset":false,"time":502},{"angle":315,"type":"tag","tag":"rain","angleOffset":false,"time":503},{"angle":90,"type":"tag","angleOffset":false,"tag":"rainback","time":504},{"angle":90,"type":"tag","angleOffset":false,"tag":"rainback","time":505},{"angle":90,"type":"tag","angleOffset":false,"tag":"rainback","time":506},{"angle":90,"type":"tag","angleOffset":false,"tag":"rainback","time":507},{"angle":90,"type":"tag","angleOffset":false,"tag":"rainback","time":508},{"angle":90,"type":"tag","angleOffset":false,"tag":"rainback","time":509},{"angle":90,"type":"tag","angleOffset":false,"tag":"rainback","time":510},{"angle":90,"type":"tag","angleOffset":false,"tag":"rainback","time":511},{"angle":90,"type":"tag","angleOffset":false,"tag":"rainback","time":512},{"angle":90,"type":"tag","angleOffset":false,"tag":"rainback","time":513},{"angle":90,"type":"tag","angleOffset":false,"tag":"rainback","time":514},{"angle":90,"type":"tag","angleOffset":false,"tag":"rainback","time":515},{"angle":90,"type":"tag","angleOffset":false,"tag":"rainback","time":516},{"angle":90,"type":"tag","angleOffset":false,"tag":"rainback","time":517},{"angle":90,"type":"tag","angleOffset":false,"tag":"rainback","time":518},{"angle":90,"type":"tag","angleOffset":false,"tag":"rainback","time":519},{"angle":90,"type":"tag","angleOffset":false,"tag":"rainback","time":520},{"angle":90,"type":"tag","angleOffset":false,"tag":"rainback","time":521},{"angle":90,"type":"tag","angleOffset":false,"tag":"rainback","time":522},{"angle":90,"type":"tag","angleOffset":false,"tag":"rainback","time":523},{"angle":90,"type":"tag","angleOffset":false,"tag":"rainback","time":524},{"angle":90,"type":"tag","angleOffset":false,"tag":"rainback","time":525},{"angle":90,"type":"tag","angleOffset":false,"tag":"rainback","time":526},{"angle":90,"type":"tag","angleOffset":false,"tag":"rainback","time":527},{"angle":90,"type":"tag","angleOffset":false,"tag":"rainback","time":528},{"angle":90,"type":"tag","angleOffset":false,"tag":"rainback","time":529},{"angle":90,"type":"tag","angleOffset":false,"tag":"rainback","time":530},{"angle":90,"type":"tag","angleOffset":false,"tag":"rainback","time":531},{"angle":90,"type":"tag","angleOffset":false,"tag":"rainback","time":532},{"angle":90,"type":"tag","angleOffset":false,"tag":"rainback","time":533},{"angle":90,"type":"tag","angleOffset":false,"tag":"rainback","time":534},{"angle":90,"type":"tag","angleOffset":false,"tag":"rainback","time":535},{"angle":360,"type":"tag","tag":"rainup","angleOffset":false,"time":536},{"angle":360,"type":"tag","tag":"rainup","angleOffset":false,"time":537},{"angle":360,"type":"tag","tag":"rainup","angleOffset":false,"time":538},{"angle":360,"type":"tag","tag":"rainup","angleOffset":false,"time":539},{"angle":360,"type":"tag","tag":"rainup","angleOffset":false,"time":540},{"angle":360,"type":"tag","tag":"rainup","angleOffset":false,"time":541},{"angle":360,"type":"tag","tag":"rainup","angleOffset":false,"time":542},{"angle":360,"type":"tag","tag":"rainup","angleOffset":false,"time":543},{"angle":360,"type":"tag","tag":"rainup","angleOffset":false,"time":544},{"angle":360,"type":"tag","tag":"rainup","angleOffset":false,"time":545},{"angle":360,"type":"tag","tag":"rainup","angleOffset":false,"time":546},{"angle":360,"type":"tag","tag":"rainup","angleOffset":false,"time":547},{"angle":360,"type":"tag","tag":"rainup","angleOffset":false,"time":548},{"angle":360,"type":"tag","tag":"rainup","angleOffset":false,"time":549},{"angle":360,"type":"tag","tag":"rainup","angleOffset":false,"time":550},{"angle":360,"type":"tag","tag":"rainup","angleOffset":false,"time":551},{"angle":360,"type":"tag","tag":"rainup","angleOffset":false,"time":552},{"angle":360,"type":"tag","tag":"rainup","angleOffset":false,"time":553},{"angle":360,"type":"tag","tag":"rainup","angleOffset":false,"time":554},{"angle":360,"type":"tag","tag":"rainup","angleOffset":false,"time":555},{"angle":360,"type":"tag","tag":"rainup","angleOffset":false,"time":556},{"angle":360,"type":"tag","tag":"rainup","angleOffset":false,"time":557},{"angle":360,"type":"tag","tag":"rainup","angleOffset":false,"time":558},{"angle":360,"type":"tag","tag":"rainup","angleOffset":false,"time":559},{"angle":360,"type":"tag","tag":"rainup","angleOffset":false,"time":560},{"angle":360,"type":"tag","tag":"rainup","angleOffset":false,"time":561},{"angle":360,"type":"tag","tag":"rainup","angleOffset":false,"time":562},{"angle":360,"type":"tag","tag":"rainup","angleOffset":false,"time":563},{"angle":360,"type":"tag","tag":"rainup","angleOffset":false,"time":564},{"angle":360,"type":"tag","tag":"rainup","angleOffset":false,"time":565},{"angle":360,"type":"tag","tag":"rainup","angleOffset":false,"time":566},{"angle":360,"type":"tag","tag":"rainup","angleOffset":false,"time":567},{"angle":360,"type":"tag","tag":"rainup","angleOffset":false,"time":568},{"angle":360,"type":"tag","tag":"rainup","angleOffset":false,"time":569},{"angle":360,"type":"tag","tag":"rainup","angleOffset":false,"time":570},{"angle":360,"type":"tag","tag":"rainup","angleOffset":false,"time":571},{"angle":360,"type":"tag","tag":"rainup","angleOffset":false,"time":572},{"angle":360,"type":"tag","tag":"rainup","angleOffset":false,"time":573},{"angle":360,"type":"tag","tag":"rainup","angleOffset":false,"time":574},{"angle":360,"type":"tag","tag":"rainup","angleOffset":false,"time":575},{"angle":360,"type":"tag","tag":"rainup","angleOffset":false,"time":576},{"angle":360,"type":"tag","tag":"rainup","angleOffset":false,"time":577},{"angle":360,"type":"tag","tag":"rainup","angleOffset":false,"time":578},{"angle":360,"type":"tag","tag":"rainup","angleOffset":false,"time":579},{"angle":360,"type":"tag","tag":"rainup","angleOffset":false,"time":580},{"angle":360,"type":"tag","tag":"rainup","angleOffset":false,"time":581},{"angle":360,"type":"tag","tag":"rainup","angleOffset":false,"time":582},{"angle":360,"type":"tag","tag":"rainup","angleOffset":false,"time":583},{"angle":360,"type":"tag","tag":"rainup","angleOffset":false,"time":584},{"angle":360,"type":"tag","tag":"rainup","angleOffset":false,"time":585},{"angle":360,"type":"tag","tag":"rainup","angleOffset":false,"time":586},{"angle":360,"type":"tag","tag":"rainup","angleOffset":false,"time":587},{"angle":360,"type":"tag","tag":"rainup","angleOffset":false,"time":588},{"angle":360,"type":"tag","tag":"rainup","angleOffset":false,"time":589},{"angle":360,"type":"tag","tag":"rainup","angleOffset":false,"time":590},{"angle":360,"type":"tag","tag":"rainup","angleOffset":false,"time":591},{"angle":360,"type":"tag","tag":"rainup","angleOffset":false,"time":592},{"angle":360,"type":"tag","tag":"rainup","angleOffset":false,"time":593},{"angle":360,"type":"tag","tag":"rainup","angleOffset":false,"time":594},{"angle":360,"type":"tag","tag":"rainup","angleOffset":false,"time":595},{"angle":360,"type":"tag","tag":"rainup","angleOffset":false,"time":596},{"angle":240,"type":"tag","tag":"zoomb","angleOffset":false,"time":597},{"spriteName":"idle","type":"forcePlayerSprite","angle":90,"time":-7},{"spriteName":"miss","type":"forcePlayerSprite","angle":210,"time":500},{"spriteName":"angry","type":"forcePlayerSprite","angle":150,"time":504},{"var":"scrollSpeed","value":2.5,"type":"ease","angle":150,"time":536},{"angle":240,"type":"tag","angleOffset":false,"tag":"zoomb","time":566},{"angle":240,"type":"tag","angleOffset":false,"tag":"zoomb","time":564},{"angle":240,"type":"tag","angleOffset":false,"tag":"zoomb","time":568},{"angle":240,"type":"tag","angleOffset":false,"tag":"zoomb","time":570},{"var":"scrollSpeed","value":3,"type":"ease","angle":150,"time":568},{"angle":240,"type":"tag","angleOffset":false,"tag":"zoomb","time":594},{"angle":240,"type":"tag","angleOffset":false,"tag":"zoomb","time":596},{"spriteName":"miss","type":"forcePlayerSprite","angle":315,"time":379},{"spriteName":"idle","type":"forcePlayerSprite","angle":270,"time":383},{"spriteName":"in.png","type":"forcePlayerSprite","angle":315,"time":403}],"properties":{"speed":70,"offset":8,"startBeat":0,"formatversion":12},"metadata":{"bg":true,"description":"This is my second chart I've done in this game.\nThis one is more so about me learning how to use the editor and the effects so the quality of the chart itself isn't the greatest ","artist":"Wowaka","charter":"Demo","artistLink":"https://www.youtube.com/user/hitorieJP","songName":"Rolling girl","bgData":{"blueChannel":{"b":128,"g":129,"r":130},"greenChannel":{"b":132,"g":133,"r":133},"yellowChannel":{"b":150,"g":150,"r":152},"magentaChannel":{"b":150,"g":150,"r":152},"cyanChannel":{"b":205,"g":207,"r":207},"image":"rollering.png","redChannel":{"b":117,"g":118,"r":119}},"difficulty":0}}