{"metadata":{"description":"The 20th level in Geometry Dash.\nNo Sides or Inverses in this one.","artist":"F-777","charter":"Me","bg":true,"artistLink":"https://www.youtube.com/@F-777","songName":"Deadlocked (GD Mix)","bgData":{"blueChannel":{"r":158,"b":75,"g":255},"greenChannel":{"r":74,"b":141,"g":1},"yellowChannel":{"r":255,"b":255,"g":255},"magentaChannel":{"r":255,"b":255,"g":255},"cyanChannel":{"r":255,"b":255,"g":255},"redChannel":{"r":162,"b":201,"g":8},"image":"deadlock.png"},"difficulty":6},"properties":{"offset":8,"formatversion":12,"startBeat":0,"speed":60},"events":[{"time":0,"bpm":135,"angle":315,"offset":0.54299998283386,"file":"Deadlocked.ogg","type":"play","volume":25},{"g":0,"angle":292.5,"description":"","time":8.0000009536743,"type":"bookmark","name":"Section","b":0,"r":0},{"g":0,"angle":247.5,"description":"","time":15.666666030884,"type":"bookmark","name":"Section","b":0,"r":0},{"g":0,"angle":247.5,"description":"","time":31,"type":"bookmark","name":"Section","b":0,"r":0},{"time":32,"var":"scrollSpeed","angle":202.5,"ease":"linear","duration":0.5,"type":"ease","value":1.5},{"g":0,"angle":330,"description":"","time":63,"type":"bookmark","name":"Section","b":0,"r":0},{"g":0,"angle":225,"description":"","time":79,"type":"bookmark","name":"Section","b":0,"r":0},{"g":0,"angle":195,"description":"","time":94,"type":"bookmark","name":"Section","b":0,"r":0},{"time":96,"var":"scrollSpeed","angle":247.5,"ease":"linear","duration":0.5,"type":"ease","value":0.80000001192093},{"time":112,"var":"scrollSpeed","angle":337.5,"ease":"linear","duration":0.5,"type":"ease","value":1.5},{"g":0,"angle":292.5,"description":"","time":111,"type":"bookmark","name":"Section","b":0,"r":0},{"g":0,"angle":337.5,"description":"","time":127,"type":"bookmark","name":"Section","b":0,"r":0},{"g":0,"angle":202.5,"description":"","time":159,"type":"bookmark","name":"Section","b":0,"r":0},{"time":160,"var":"scrollSpeed","angle":225,"ease":"linear","duration":0.5,"type":"ease","value":2.25},{"g":0,"angle":292.5,"description":"","time":174,"type":"bookmark","name":"Section","b":0,"r":0},{"g":0,"angle":135,"description":"","time":191,"type":"bookmark","name":"Section","b":0,"r":0},{"g":0,"angle":375,"description":"","time":206,"type":"bookmark","name":"Section","b":0,"r":0},{"g":0,"angle":270,"description":"","time":208,"type":"bookmark","name":"Section","b":0,"r":0},{"time":208,"var":"scrollSpeed","angle":292.5,"ease":"linear","duration":0.5,"type":"ease","value":0.80000001192093},{"time":208,"angle":247.5,"chance":0.5,"type":"noise","color":0},{"g":0,"angle":292.5,"description":"","time":224,"type":"bookmark","name":"Section","b":0,"r":0},{"time":0,"paddle":1,"angle":360,"duration":0.5,"ease":"linear","type":"paddles","newWidth":60},{"time":31,"paddle":1,"angle":270,"duration":0.5,"ease":"linear","type":"paddles","newWidth":70},{"time":228,"type":"showResults","angle":337.5},{"g":6,"angle":180,"r":63,"time":0,"duration":32,"ease":"linear","type":"setColor","b":64,"color":0},{"time":0,"angle":157.5,"type":"setBgColor","color":0},{"enable":true,"angle":202.5,"time":0,"type":"outline","color":1},{"g":255,"angle":202.5,"r":255,"time":0,"duration":32,"ease":"linear","type":"setColor","b":255,"color":1},{"g":235,"angle":292.5,"r":141,"time":62.666667938232,"duration":1.3329999446869,"ease":"linear","type":"setColor","b":255,"color":1},{"g":57,"angle":270,"r":58,"time":96,"duration":0.5,"ease":"linear","type":"setColor","b":57,"color":0},{"g":12,"angle":337.5,"r":61,"time":111.66666412354,"duration":0.5,"ease":"linear","type":"setColor","b":0,"color":0},{"g":175,"angle":292.5,"r":255,"time":128,"duration":0.25,"ease":"linear","type":"setColor","b":135,"color":1},{"g":0,"angle":315,"r":54,"time":146.66667175293,"duration":1.3329999446869,"ease":"linear","type":"setColor","b":73,"color":0},{"g":16,"angle":202.5,"r":78,"time":150.66667175293,"duration":1.3329999446869,"ease":"linear","type":"setColor","b":0,"color":0},{"g":40,"angle":180,"r":125,"time":156,"duration":3,"ease":"linear","type":"setColor","b":185,"color":1},{"g":151,"angle":135,"r":208,"time":159.99998474121,"duration":0.25,"ease":"linear","type":"setColor","b":255,"color":1},{"g":40,"angle":315,"r":40,"time":176,"duration":32,"ease":"linear","type":"setColor","b":40,"color":0},{"g":220,"angle":67.5,"r":220,"time":208,"duration":0.5,"ease":"linear","type":"setColor","b":220,"color":1},{"time":111,"paddle":1,"angle":337.5,"duration":1,"ease":"linear","type":"paddles","newWidth":80},{"time":127,"paddle":1,"angle":0,"duration":1,"ease":"linear","type":"paddles","newWidth":70},{"time":207,"paddle":1,"angle":315,"duration":1,"ease":"linear","type":"paddles","newWidth":65},{"enabled":true,"ease":"linear","newAngle":180,"angle":247.5,"time":159,"type":"paddles","duration":1,"paddle":2},{"enabled":true,"angle":337.5,"time":174.66667175293,"newAngle":0,"ease":"linear","duration":1.3329999446869,"type":"paddles","paddle":2}]}