[{"time":3.5,"type":"block","angle":270},{"angle":270,"type":"block","time":4},{"time":4.5,"type":"block","angle":270},{"angle":270,"type":"block","time":5},{"angle":315,"type":"block","time":6},{"time":6.5,"type":"block","angle":315},{"time":7,"type":"block","angle":315},{"angle":247.5,"type":"block","time":8},{"angle":247.5,"type":"block","time":8.5},{"time":9,"type":"block","angle":247.5},{"time":10,"type":"block","angle":0},{"angle":90,"type":"block","time":10.5},{"angle":180,"type":"block","time":11.5},{"time":12,"type":"block","angle":180},{"time":12.5,"type":"block","angle":180},{"time":13,"type":"block","angle":180},{"angle":157.5,"type":"block","time":11},{"time":14,"type":"block","angle":0},{"time":14.5,"type":"block","angle":0},{"angle":0,"type":"block","time":15},{"angle":270,"type":"block","time":16},{"time":16.5,"type":"block","angle":180},{"angle":90,"type":"block","time":17},{"angle":292.5,"type":"block","time":18},{"time":18.5,"type":"block","angle":270},{"time":19,"type":"block","angle":247.5},{"time":19.5,"type":"block","angle":225},{"time":20,"type":"block","angle":202.5},{"time":20.5,"type":"block","angle":180},{"angle":157.5,"type":"block","time":21},{"time":22,"type":"block","angle":360},{"angle":0,"type":"block","time":22.5},{"angle":315,"type":"block","time":23},{"angle":270,"type":"block","time":24},{"angle":270,"type":"block","time":24.5},{"angle":315,"type":"block","time":25},{"angle":67.5,"type":"block","time":26},{"angle":90,"type":"block","time":26.5},{"time":27,"type":"block","angle":112.5},{"time":27.5,"type":"block","angle":135},{"time":28,"type":"block","angle":157.5},{"angle":180,"type":"block","time":28.5},{"time":29,"type":"block","angle":112.5},{"angle":45,"type":"block","time":30},{"time":30.5,"type":"block","angle":45},{"angle":45,"type":"block","time":31},{"angle":315,"type":"block","time":32},{"angle":315,"type":"block","time":32.5},{"angle":225,"type":"block","time":33},{"angle":112.5,"type":"block","time":34},{"angle":90,"type":"block","time":34.5},{"time":35,"type":"block","angle":67.5},{"tap":true,"angle":337.5,"time":35.5,"type":"block"},{"tap":true,"time":36,"angle":315,"type":"block"},{"tap":true,"time":36.5,"angle":292.5,"type":"block"},{"tap":true,"time":37,"angle":270,"type":"block"},{"angle":135,"type":"block","time":38},{"angle":135,"type":"block","time":38.5},{"time":39,"type":"block","angle":157.5},{"angle":202.5,"type":"mine","time":37},{"angle":225,"type":"mine","time":37.5},{"time":38,"type":"mine","angle":247.5},{"time":38.5,"type":"mine","angle":270},{"angle":292.5,"type":"mine","time":38.5},{"angle":315,"type":"mine","time":39},{"angle":202.5,"type":"block","time":40},{"angle":225,"type":"block","time":40},{"time":40.5,"type":"block","angle":225},{"time":41,"type":"block","angle":225},{"time":42,"type":"block","angle":0},{"time":42.5,"type":"block","angle":22.5},{"angle":45,"type":"block","time":43},{"time":43.5,"type":"block","angle":315},{"time":44,"type":"block","angle":292.5},{"time":44.5,"type":"block","angle":270},{"angle":247.5,"type":"block","time":45},{"angle":292.5,"type":"mine","time":45},{"angle":292.5,"type":"mine","time":45.5},{"time":46,"type":"mine","angle":292.5},{"angle":292.5,"type":"mine","time":46.5},{"angle":292.5,"type":"mine","time":47},{"time":45,"type":"mine","angle":202.5},{"angle":202.5,"type":"mine","time":44.5},{"time":46,"type":"block","angle":202.5},{"angle":112.5,"type":"block","time":46.5},{"time":47,"type":"block","angle":90},{"time":48,"type":"block","angle":360},{"time":48.5,"type":"block","angle":180},{"time":49,"type":"block","angle":270},{"angle":360,"type":"block","time":50},{"time":50.5,"type":"block","angle":22.5},{"time":51,"type":"block","angle":45},{"time":51.5,"type":"block","angle":247.5},{"angle":270,"type":"block","time":52},{"time":52.5,"type":"block","angle":292.5},{"angle":315,"type":"block","time":53},{"time":51.5,"type":"extraTap","angle":225},{"time":52.5,"type":"extraTap","angle":225},{"angle":225,"type":"extraTap","time":53.5},{"angle":225,"type":"extraTap","time":54.5},{"time":55.5,"type":"extraTap","angle":225},{"angle":225,"type":"extraTap","time":56.5},{"angle":225,"type":"extraTap","time":57.5},{"time":58.5,"type":"extraTap","angle":225},{"time":59.5,"type":"extraTap","angle":225},{"time":60.5,"type":"extraTap","angle":225},{"time":61.5,"type":"extraTap","angle":225},{"angle":225,"type":"extraTap","time":62.5},{"angle":22.5,"type":"block","time":54},{"angle":45,"type":"block","time":54.5},{"time":55,"type":"block","angle":67.5},{"angle":337.5,"type":"block","time":56},{"time":58,"type":"block","angle":315},{"time":58.5,"type":"block","angle":337.5},{"time":56.5,"type":"block","angle":337.5},{"angle":337.5,"type":"block","time":57},{"angle":337.5,"type":"block","time":57},{"time":59,"type":"block","angle":45},{"time":59.5,"type":"block","angle":90},{"time":60,"type":"block","angle":112.5},{"angle":135,"type":"block","time":60.5},{"angle":135,"type":"block","time":61},{"time":62,"type":"block","angle":157.5},{"angle":157.5,"type":"block","time":62.5},{"angle":270,"type":"block","time":63},{"time":64,"type":"block","angle":270},{"angle":270,"type":"block","time":64.5},{"angle":270,"type":"block","time":65},{"angle":90,"type":"block","time":66},{"angle":90,"type":"block","time":66.5},{"angle":90,"type":"block","time":67},{"angle":90,"type":"block","time":67.5},{"time":64,"type":"mine","angle":360},{"time":64.5,"type":"mine","angle":0},{"angle":0,"type":"mine","time":65},{"angle":0,"type":"mine","time":65.5},{"angle":360,"type":"mine","time":66},{"angle2":90,"duration":2,"angle":360,"endTap":true,"type":"hold","time":68.5},{"angle2":315,"duration":1.5,"angle":337.5,"type":"hold","time":72},{"tap":true,"time":74.5,"angle":225,"type":"block"},{"angle2":202.5,"duration":1,"angle":202.5,"type":"hold","time":75.5},{"angle2":135,"duration":1,"angle":135,"type":"hold","time":78},{"angle2":315,"duration":1,"angle":315,"type":"hold","time":80.5},{"time":83,"type":"block","angle":337.5},{"angle":337.5,"type":"block","time":83.5},{"angle":22.5,"type":"block","time":84.5},{"time":85,"type":"block","angle":45},{"angle":67.5,"type":"block","time":85.5},{"angle2":247.5,"duration":2,"time":87,"angle":292.5,"endTap":true,"type":"hold","segments":4},{"angle":247.5,"type":"block","time":89.5},{"time":90,"type":"block","angle":315},{"time":90.5,"type":"block","angle":225},{"time":91,"type":"block","angle":270},{"tap":true,"time":92,"angle":180,"type":"block"},{"tap":true,"angle":0,"time":93.5,"type":"block"},{"tap":true,"angle":90,"time":94.5,"type":"block"},{"tap":true,"angle":270,"time":96,"type":"block"},{"tap":true,"angle":22.5,"time":97.5,"type":"block"},{"angle":360,"type":"block","time":99.5},{"angle":337.5,"type":"block","time":100},{"angle":315,"type":"block","time":100.5},{"angle":292.5,"type":"block","time":101},{"time":101.5,"type":"block","angle":270},{"angle2":225,"duration":2,"time":102.5,"type":"hold","angle":225},{"angle2":247.5,"duration":1,"time":105,"type":"hold","angle":292.5},{"angle":225,"type":"block","time":106.5},{"angle":202.5,"type":"block","time":108},{"angle2":157.5,"duration":1,"time":110,"type":"hold","angle":157.5},{"angle2":90,"duration":2,"time":111.5,"type":"hold","angle":90},{"angle2":337.5,"duration":1,"angle":337.5,"type":"hold","time":114.5},{"angle":337.5,"type":"block","time":116.5},{"time":117,"type":"block","angle":337.5},{"time":117.5,"type":"block","angle":337.5},{"angle2":315,"duration":3,"angle":135,"type":"hold","time":118.5},{"time":122,"type":"block","angle":315},{"time":122.5,"type":"block","angle":292.5},{"angle":270,"type":"block","time":123},{"angle":45,"type":"block","time":124.5},{"time":125.5,"type":"block","angle":225},{"time":127.5,"type":"block","angle":135},{"angle":337.5,"type":"block","time":126.5},{"time":128.5,"type":"block","angle":180},{"angle":0,"type":"block","time":129.5},{"tap":true,"time":130.5,"angle":0,"type":"block"},{"time":131.5,"type":"block","angle":337.5},{"time":131.5,"type":"block","angle":0},{"angle":22.5,"type":"block","time":132},{"angle":45,"type":"block","time":132},{"time":132.5,"type":"block","angle":112.5},{"time":132.5,"type":"block","angle":135},{"angle":157.5,"type":"block","time":133},{"time":133,"type":"block","angle":180},{"time":134,"type":"block","angle":225},{"time":134,"type":"block","angle":247.5},{"time":134.5,"type":"block","angle":247.5},{"angle":270,"type":"block","time":135},{"angle":270,"type":"block","time":136},{"angle":270,"type":"block","time":136.5},{"angle":247.5,"type":"block","time":137},{"angle":67.5,"type":"block","time":138},{"angle":67.5,"type":"block","time":138.5},{"angle":45,"type":"block","time":139},{"time":139.5,"type":"block","angle":337.5},{"time":140,"type":"block","angle":337.5},{"angle":202.5,"type":"block","time":140.5},{"angle":225,"type":"block","time":141},{"time":142,"type":"block","angle":247.5},{"angle":247.5,"type":"block","time":142.5},{"angle":247.5,"type":"block","time":143},{"angle":315,"type":"block","time":144},{"angle":337.5,"type":"block","time":144.5},{"time":144.5,"type":"block","angle":315},{"angle":337.5,"type":"block","time":145},{"angle":22.5,"type":"block","time":146},{"time":146.5,"type":"block","angle":22.5},{"angle":0,"type":"block","time":147},{"angle":90,"type":"block","time":148},{"angle":90,"type":"block","time":148.5},{"time":149,"type":"block","angle":112.5},{"angle":112.5,"type":"block","time":150.5},{"time":151,"type":"block","angle":90},{"time":147.5,"type":"block","angle":0},{"time":150,"type":"block","angle":135},{"time":152,"type":"block","angle":67.5},{"angle":67.5,"type":"block","time":152.5},{"time":153,"type":"block","angle":45},{"angle":0,"type":"block","time":154},{"angle":0,"type":"block","time":154.5},{"angle":22.5,"type":"block","time":155},{"angle":360,"type":"block","time":155.5},{"time":156,"type":"block","angle":337.5},{"angle":315,"type":"block","time":156.5},{"angle":315,"type":"block","time":157},{"angle":337.5,"type":"block","time":158},{"time":158.5,"type":"block","angle":337.5},{"time":159,"type":"block","angle":315},{"angle":292.5,"type":"block","time":160},{"angle":292.5,"type":"block","time":160.5},{"time":161,"type":"block","angle":270}]