[{"b":84,"r":28,"angle":67.5,"g":123,"type":"setColor","duration":0.5,"color":0,"time":0.25},{"b":147,"r":33,"g":224,"angle":67.5,"type":"setColor","duration":0,"color":0,"time":0},{"start":1.2999999523163,"value":1,"var":"vfx.canvPos.sx","type":"ease","duration":0.5,"angle":45,"time":0},{"start":1.2999999523163,"value":1,"var":"vfx.canvPos.sy","type":"ease","duration":0.5,"angle":22.5,"time":0},{"type":"hom","enable":false,"time":0,"angle":0},{"type":"hom","enable":true,"time":0.5,"angle":360}]