{"metadata":{"charter":"brazilian sex king","bgData":{"magentaChannel":{"g":255,"b":255,"r":255},"redChannel":{"g":141,"b":82,"r":200},"blueChannel":{"g":155,"b":126,"r":208},"greenChannel":{"g":255,"b":255,"r":255},"yellowChannel":{"g":255,"b":255,"r":255},"image":"endtroud.png","cyanChannel":{"g":255,"b":255,"r":255}},"bg":true,"difficulty":2,"songName":"Why Hip Hop Sucks In '96","artistLink":"","description":"From \"Endtroducing.....\", 1996","artist":"DJ Shadow"},"properties":{"speed":70,"formatversion":12,"offset":8,"startBeat":0},"events":[{"angle":0,"time":0,"bpm":158,"volume":1,"type":"play","file":"sucksin93.wav"},{"angle":360,"type":"showResults","time":100},{"angle":360,"time":6,"description":"","r":0,"b":0,"g":0,"type":"bookmark","name":"Section"},{"angle":67.5,"color":0,"g":141,"time":0,"type":"setColor","b":82,"r":200},{"angle":90,"time":0,"g":155,"color":1,"type":"setColor","b":126,"r":208},{"angle":157.5,"color":0,"time":0,"type":"setBgColor"},{"angle":180,"color":1,"enable":true,"type":"outline","time":0},{"angle":315,"time":13,"enable":true,"type":"hom"},{"angle":247.5,"color":0,"enable":true,"type":"outline","time":13},{"angle":270,"color":1,"time":13,"type":"setBgColor"},{"angle":270,"time":0,"paddle":1,"duration":0,"newWidth":50,"type":"paddles","ease":"linear"},{"angle":67.5,"time":6,"type":"noise","color":3,"chance":0},{"angle":225,"time":0,"type":"noise","color":3,"chance":0.07999999076128}]}