[{"type":"extraTap","time":1,"angle":67.5},{"type":"extraTap","time":2,"angle":67.5},{"type":"extraTap","time":3,"angle":67.5},{"type":"extraTap","time":4,"angle":67.5},{"type":"extraTap","time":5,"angle":67.5},{"type":"extraTap","time":6,"angle":67.5},{"type":"extraTap","time":7,"angle":67.5},{"type":"extraTap","time":9,"angle":67.5},{"type":"extraTap","time":9,"angle":67.5},{"type":"block","time":9,"angle":292.5},{"type":"block","time":9,"angle":270},{"type":"block","time":9,"angle":247.5},{"type":"mineHold","angle2":562.5,"duration":0,"angle":337.5,"time":9},{"type":"extraTap","time":9,"angle":202.5},{"type":"extraTap","time":9.5,"angle":67.5},{"type":"extraTap","time":9.5,"angle":67.5},{"type":"block","time":9.5,"angle":292.5},{"type":"block","time":9.5,"angle":270},{"type":"block","time":9.5,"angle":247.5},{"type":"mineHold","angle2":562.5,"duration":0,"angle":337.5,"time":9.5},{"type":"extraTap","time":9.5,"angle":202.5},{"type":"extraTap","time":11,"angle":-67.5},{"type":"extraTap","time":11,"angle":-67.5},{"type":"block","time":11,"angle":-292.5},{"type":"block","time":11,"angle":-270},{"type":"block","time":11,"angle":-247.5},{"type":"mineHold","angle2":-585,"duration":0,"angle":-315,"time":11},{"type":"extraTap","time":11,"angle":-202.5},{"type":"extraTap","time":11.5,"angle":-67.5},{"type":"extraTap","time":11.5,"angle":-67.5},{"type":"block","time":11.5,"angle":-292.5},{"type":"block","time":11.5,"angle":-270},{"type":"block","time":11.5,"angle":-247.5},{"type":"mineHold","angle2":-585,"duration":0,"angle":-315,"time":11.5},{"type":"extraTap","time":11.5,"angle":-202.5},{"type":"extraTap","time":13,"angle":-157.5},{"type":"block","time":13,"angle":-382.5},{"type":"block","time":13,"angle":-360},{"type":"block","time":13,"angle":-337.5},{"type":"mineHold","angle2":-675,"duration":0,"angle":-405,"time":13},{"type":"extraTap","time":13,"angle":-292.5},{"type":"extraTap","time":13.5,"angle":-157.5},{"type":"block","time":13.5,"angle":-382.5},{"type":"block","time":13.5,"angle":-360},{"type":"block","time":13.5,"angle":-337.5},{"type":"mineHold","angle2":-675,"duration":0,"angle":-405,"time":13.5},{"type":"extraTap","time":13.5,"angle":-292.5},{"type":"extraTap","time":15,"angle":-22.5},{"type":"extraTap","time":15,"angle":-22.5},{"type":"block","time":15,"angle":202.5},{"type":"block","time":15,"angle":180},{"type":"block","time":15,"angle":157.5},{"type":"mineHold","angle2":495,"duration":0,"angle":225,"time":15},{"type":"extraTap","time":15,"angle":112.5},{"type":"extraTap","time":15.5,"angle":-22.5},{"type":"extraTap","time":15.5,"angle":-22.5},{"type":"block","time":15.5,"angle":202.5},{"type":"block","time":15.5,"angle":180},{"type":"block","time":15.5,"angle":157.5},{"type":"mineHold","angle2":495,"duration":0,"angle":225,"time":15.5},{"type":"extraTap","time":15.5,"angle":112.5},{"type":"block","time":16,"angle":180},{"type":"block","time":16.5,"angle":135},{"type":"extraTap","time":17,"angle":-112.5},{"type":"block","time":17,"angle":112.5},{"type":"block","time":17,"angle":90},{"type":"block","time":17,"angle":67.5},{"type":"mineHold","angle2":247.5,"duration":0,"angle":135,"time":17},{"type":"extraTap","time":17,"angle":22.5},{"type":"extraTap","time":17.5,"angle":-112.5},{"type":"block","time":17.5,"angle":112.5},{"type":"block","time":17.5,"angle":90},{"type":"block","time":17.5,"angle":67.5},{"type":"mineHold","angle2":247.5,"duration":0,"angle":135,"time":17.5},{"type":"extraTap","time":17.5,"angle":22.5},{"type":"mineHold","angle2":-67.5,"duration":0,"angle":45,"time":17},{"type":"mineHold","angle2":-67.5,"duration":0,"angle":45,"time":17.5},{"type":"block","time":17,"angle":270},{"type":"block","time":17.5,"angle":270},{"type":"extraTap","time":19,"angle":112.5},{"type":"extraTap","time":19,"angle":112.5},{"type":"block","time":19,"angle":-112.5},{"type":"block","time":19,"angle":-90},{"type":"block","time":19,"angle":-67.5},{"type":"mineHold","angle2":-247.5,"duration":0,"angle":-135,"time":19},{"type":"extraTap","time":19,"angle":-22.5},{"type":"extraTap","time":19.5,"angle":112.5},{"type":"block","time":19.5,"angle":-112.5},{"type":"block","time":19.5,"angle":-90},{"type":"block","time":19.5,"angle":-67.5},{"type":"mineHold","angle2":-247.5,"duration":0,"angle":-135,"time":19.5},{"type":"extraTap","time":19.5,"angle":-22.5},{"type":"mineHold","angle2":67.5,"duration":0,"angle":-45,"time":19},{"type":"mineHold","angle2":67.5,"duration":0,"angle":-45,"time":19.5},{"type":"block","time":19,"angle":-270},{"type":"block","time":19.5,"angle":-270},{"type":"extraTap","time":21,"angle":202.5},{"type":"extraTap","time":21,"angle":202.5},{"type":"block","time":21,"angle":-22.5},{"type":"block","time":21,"angle":0},{"type":"block","time":21,"angle":22.5},{"type":"mineHold","angle2":-157.5,"duration":0,"angle":-45,"time":21},{"type":"extraTap","time":21,"angle":67.5},{"type":"extraTap","time":21.5,"angle":202.5},{"type":"block","time":21.5,"angle":-22.5},{"type":"block","time":21.5,"angle":0},{"type":"block","time":21.5,"angle":22.5},{"type":"mineHold","angle2":-157.5,"duration":0,"angle":-45,"time":21.5},{"type":"extraTap","time":21.5,"angle":67.5},{"type":"mineHold","angle2":157.5,"duration":0,"angle":45,"time":21},{"type":"mineHold","angle2":157.5,"duration":0,"angle":45,"time":21.5},{"type":"block","time":21,"angle":-180},{"type":"block","time":21.5,"angle":-180},{"type":"extraTap","time":23,"angle":-382.5},{"type":"extraTap","time":23,"angle":-382.5},{"type":"block","time":23,"angle":-157.5},{"type":"block","time":23,"angle":-180},{"type":"block","time":23,"angle":-202.5},{"type":"mineHold","angle2":-22.5,"duration":0,"angle":-135,"time":23},{"type":"extraTap","time":23,"angle":-247.5},{"type":"extraTap","time":23.5,"angle":-382.5},{"type":"block","time":23.5,"angle":-157.5},{"type":"block","time":23.5,"angle":-180},{"type":"block","time":23.5,"angle":-202.5},{"type":"mineHold","angle2":-22.5,"duration":0,"angle":-135,"time":23.5},{"type":"extraTap","time":23.5,"angle":-247.5},{"type":"mineHold","angle2":-337.5,"duration":0,"angle":-225,"time":23},{"type":"mineHold","angle2":-337.5,"duration":0,"angle":-225,"time":23.5},{"type":"block","time":23,"angle":0},{"type":"block","time":23.5,"angle":0},{"type":"extraTap","time":25,"angle":-607.5},{"type":"extraTap","time":25,"angle":-607.5},{"type":"block","time":25,"angle":-382.5},{"type":"block","time":25,"angle":-405},{"type":"block","time":25,"angle":-427.5},{"type":"mineHold","angle2":-247.5,"duration":0,"angle":-360,"time":25},{"type":"extraTap","time":25,"angle":-472.5},{"type":"extraTap","time":25.5,"angle":-607.5},{"type":"block","time":25.5,"angle":-382.5},{"type":"block","time":25.5,"angle":-405},{"type":"block","time":25.5,"angle":-427.5},{"type":"mineHold","angle2":-247.5,"duration":0,"angle":-360,"time":25.5},{"type":"extraTap","time":25.5,"angle":-472.5},{"type":"mineHold","angle2":-562.5,"duration":0,"angle":-450,"time":25},{"type":"mineHold","angle2":-562.5,"duration":0,"angle":-450,"time":25.5},{"type":"block","time":25,"angle":-225},{"type":"block","time":25.5,"angle":-225},{"type":"extraTap","time":27,"angle":-427.5},{"type":"extraTap","time":27,"angle":-427.5},{"type":"block","time":27,"angle":-202.5},{"type":"block","time":27,"angle":-225},{"type":"block","time":27,"angle":-247.5},{"type":"mineHold","angle2":-67.5,"duration":0,"angle":-180,"time":27},{"type":"extraTap","time":27,"angle":-292.5},{"type":"extraTap","time":27.5,"angle":-427.5},{"type":"block","time":27.5,"angle":-202.5},{"type":"block","time":27.5,"angle":-225},{"type":"block","time":27.5,"angle":-247.5},{"type":"mineHold","angle2":-67.5,"duration":0,"angle":-180,"time":27.5},{"type":"extraTap","time":27.5,"angle":-292.5},{"type":"mineHold","angle2":-382.5,"duration":0,"angle":-270,"time":27},{"type":"mineHold","angle2":-382.5,"duration":0,"angle":-270,"time":27.5},{"type":"block","time":27,"angle":-45},{"type":"block","time":27.5,"angle":-45},{"type":"extraTap","time":29,"angle":247.5},{"type":"extraTap","time":29,"angle":247.5},{"type":"block","time":29,"angle":22.5},{"type":"block","time":29,"angle":45},{"type":"block","time":29,"angle":67.5},{"type":"mineHold","angle2":-112.5,"duration":0,"angle":0,"time":29},{"type":"extraTap","time":29,"angle":112.5},{"type":"extraTap","time":29.5,"angle":247.5},{"type":"block","time":29.5,"angle":22.5},{"type":"block","time":29.5,"angle":45},{"type":"block","time":29.5,"angle":67.5},{"type":"mineHold","angle2":-112.5,"duration":0,"angle":0,"time":29.5},{"type":"extraTap","time":29.5,"angle":112.5},{"type":"mineHold","angle2":202.5,"duration":0,"angle":90,"time":29},{"type":"mineHold","angle2":202.5,"duration":0,"angle":90,"time":29.5},{"type":"block","time":29,"angle":-135},{"type":"block","time":29.5,"angle":-135},{"type":"extraTap","time":31,"angle":427.5},{"type":"extraTap","time":31,"angle":427.5},{"type":"block","time":31,"angle":202.5},{"type":"block","time":31,"angle":225},{"type":"block","time":31,"angle":247.5},{"type":"mineHold","angle2":67.5,"duration":0,"angle":180,"time":31},{"type":"extraTap","time":31,"angle":292.5},{"type":"extraTap","time":31.5,"angle":427.5},{"type":"block","time":31.5,"angle":202.5},{"type":"block","time":31.5,"angle":225},{"type":"block","time":31.5,"angle":247.5},{"type":"mineHold","angle2":67.5,"duration":0,"angle":180,"time":31.5},{"type":"extraTap","time":31.5,"angle":292.5},{"type":"mineHold","angle2":382.5,"duration":0,"angle":270,"time":31},{"type":"mineHold","angle2":382.5,"duration":0,"angle":270,"time":31.5},{"type":"block","time":31,"angle":45},{"type":"block","time":31.5,"angle":45},{"type":"hold","angle2":0,"duration":0.5,"angle":90,"time":39},{"type":"block","time":40.5,"angle":270},{"type":"hold","angle2":360,"duration":1.5,"angle":360,"time":41},{"type":"hold","angle2":180,"duration":1,"speedMult":1.5,"angle":180,"time":43},{"type":"hold","spinEase":"linear","angle2":202.5,"duration":4.5,"speedMult":2,"angle":270,"time":49},{"type":"block","time":54.5,"speedMult":1.5,"angle":360},{"type":"block","time":55,"speedMult":1.5,"angle":270},{"type":"block","time":55.5,"speedMult":1.5,"angle":90},{"type":"block","time":56.5,"angle":180},{"type":"hold","angle2":0,"duration":1,"angle":0,"time":57.5},{"type":"extraTap","time":65.5,"angle":292.5},{"type":"extraTap","time":66.5,"angle":292.5},{"type":"extraTap","time":67.5,"angle":292.5},{"type":"extraTap","time":68.5,"angle":292.5},{"type":"extraTap","time":69.5,"angle":292.5},{"type":"extraTap","time":70.5,"angle":292.5},{"type":"extraTap","time":71.5,"angle":292.5},{"type":"extraTap","time":72.5,"angle":292.5},{"type":"extraTap","time":73.5,"angle":292.5},{"type":"hold","angle":0,"angle2":0,"duration":6,"endAngle":180,"time":65},{"type":"block","time":71,"angle":360},{"type":"block","time":71.5,"angle":0},{"type":"block","time":72.5,"angle":0},{"type":"hold","angle2":90,"duration":1.5,"angle":0,"time":73},{"type":"hold","angle2":135,"duration":0.5,"angle":90,"time":74.5},{"type":"hold","angle2":270,"duration":2,"angle":135,"time":75},{"type":"extraTap","time":74.5,"angle":292.5},{"type":"extraTap","time":75.5,"angle":292.5},{"type":"extraTap","time":76.5,"angle":292.5},{"type":"extraTap","time":77.5,"angle":292.5},{"type":"extraTap","time":78.5,"angle":292.5},{"type":"extraTap","time":79.5,"angle":292.5},{"type":"extraTap","time":81,"angle":247.5},{"type":"extraTap","time":82,"angle":247.5},{"type":"extraTap","time":83,"angle":247.5},{"type":"extraTap","time":84,"angle":247.5},{"type":"extraTap","time":85,"angle":247.5},{"type":"extraTap","time":86,"angle":247.5},{"type":"extraTap","time":87,"angle":247.5},{"type":"extraTap","time":88,"angle":247.5},{"type":"extraTap","time":89,"angle":292.5},{"type":"block","time":78.5,"angle":0},{"type":"hold","holdEase":"outCubic","angle2":472.5,"duration":1,"angle":360,"time":79},{"type":"hold","holdEase":"inCubic","angle2":360,"duration":1,"angle":472.5,"time":80},{"type":"hold","holdEase":"outSine","angle2":-360,"duration":8,"angle":0,"time":81},{"type":"extraTap","time":90,"angle":292.5},{"type":"extraTap","time":91,"angle":292.5},{"type":"extraTap","time":92,"angle":292.5},{"type":"extraTap","time":93,"angle":292.5},{"type":"extraTap","time":94,"angle":292.5},{"type":"extraTap","time":95,"angle":292.5},{"type":"block","time":96,"angle":0},{"type":"block","time":96.25,"angle":360},{"type":"block","time":96.5,"angle":360},{"type":"block","time":96.75,"angle":360},{"type":"block","time":97,"angle":360},{"type":"extraTap","time":97,"angle":270},{"type":"hold","holdEase":"inSine","angle2":180,"duration":6,"angle":0,"time":89},{"type":"block","time":98,"angle":292.5},{"type":"block","time":98,"angle":270},{"type":"block","time":98,"angle":247.5},{"type":"hold","angle2":247.5,"duration":1.5,"angle":247.5,"time":99},{"type":"hold","angle2":270,"duration":1.5,"angle":270,"time":99},{"type":"hold","angle2":292.5,"duration":1.5,"angle":292.5,"time":99},{"type":"block","time":101,"speedMult":2,"angle":202.5},{"type":"block","time":101,"speedMult":2,"angle":180},{"type":"block","time":101,"speedMult":2,"angle":157.5},{"type":"block","time":101.5,"speedMult":2,"angle":22.5},{"type":"block","time":101.5,"speedMult":2,"angle":0},{"type":"block","time":101.5,"speedMult":2,"angle":-22.5},{"type":"block","time":102,"speedMult":2,"angle":202.5},{"type":"block","time":102,"speedMult":2,"angle":180},{"type":"block","time":102,"speedMult":2,"angle":157.5},{"type":"block","time":102.5,"speedMult":2,"angle":-382.5},{"type":"block","time":102.5,"speedMult":2,"angle":-360},{"type":"block","time":102.5,"speedMult":2,"angle":-337.5},{"type":"block","time":105,"speedMult":2,"angle":90},{"type":"block","time":107,"speedMult":2,"angle":270},{"type":"block","time":107.5,"speedMult":2,"angle":270},{"type":"block","time":106,"speedMult":2,"angle":90},{"type":"block","time":110,"speedMult":2,"angle":270},{"type":"block","time":111,"speedMult":2,"angle":90},{"type":"block","time":111.5,"speedMult":2,"angle":67.5},{"type":"block","time":111.5,"speedMult":2,"angle":112.5},{"type":"hold","angle2":67.5,"duration":0,"speedMult":2,"angle":112.5,"time":111.5},{"type":"block","time":108.5,"speedMult":2,"angle":270},{"type":"block","time":114,"angle":112.5},{"type":"block","time":114,"angle":90},{"type":"block","time":114,"angle":67.5},{"type":"hold","angle2":67.5,"duration":1.5,"angle":67.5,"time":115},{"type":"hold","angle2":90,"duration":1.5,"angle":90,"time":115},{"type":"hold","angle2":112.5,"duration":1.5,"angle":112.5,"time":115},{"type":"block","time":117,"speedMult":2,"angle":22.5},{"type":"block","time":117,"speedMult":2,"angle":0},{"type":"block","time":117,"speedMult":2,"angle":-22.5},{"type":"block","time":117.5,"speedMult":2,"angle":-157.5},{"type":"block","time":117.5,"speedMult":2,"angle":-180},{"type":"block","time":117.5,"speedMult":2,"angle":-202.5},{"type":"block","time":118,"speedMult":2,"angle":22.5},{"type":"block","time":118,"speedMult":2,"angle":0},{"type":"block","time":118,"speedMult":2,"angle":-22.5},{"type":"block","time":118.5,"speedMult":2,"angle":-562.5},{"type":"block","time":118.5,"speedMult":2,"angle":-540},{"type":"block","time":118.5,"speedMult":2,"angle":-517.5},{"type":"block","time":121,"speedMult":2,"angle":-90},{"type":"block","time":123,"speedMult":2,"angle":90},{"type":"block","time":123.5,"speedMult":2,"angle":90},{"type":"block","time":122,"speedMult":2,"angle":-90},{"type":"block","time":126,"speedMult":2,"angle":90},{"type":"block","time":127,"speedMult":2,"angle":-90},{"type":"block","time":127.5,"speedMult":2,"angle":-90},{"type":"block","time":127.5,"speedMult":2,"angle":-112.5},{"type":"block","time":127.5,"speedMult":2,"angle":-67.5},{"type":"hold","angle2":-112.5,"duration":0,"speedMult":2,"angle":-67.5,"time":127.5},{"type":"block","time":124.5,"speedMult":2,"angle":90},{"type":"block","time":130,"angle":382.5},{"type":"block","time":130,"angle":360},{"type":"block","time":130,"angle":337.5},{"type":"hold","angle2":337.5,"duration":1.5,"angle":337.5,"time":131},{"type":"hold","angle2":360,"duration":1.5,"angle":360,"time":131},{"type":"hold","angle2":382.5,"duration":1.5,"angle":382.5,"time":131},{"type":"block","time":133,"speedMult":2,"angle":292.5},{"type":"block","time":133,"speedMult":2,"angle":270},{"type":"block","time":133,"speedMult":2,"angle":247.5},{"type":"block","time":133.5,"speedMult":2,"angle":112.5},{"type":"block","time":133.5,"speedMult":2,"angle":90},{"type":"block","time":133.5,"speedMult":2,"angle":67.5},{"type":"block","time":134,"speedMult":2,"angle":292.5},{"type":"block","time":134,"speedMult":2,"angle":270},{"type":"block","time":134,"speedMult":2,"angle":247.5},{"type":"block","time":134.5,"speedMult":2,"angle":-292.5},{"type":"block","time":134.5,"speedMult":2,"angle":-270},{"type":"block","time":134.5,"speedMult":2,"angle":-247.5},{"type":"block","time":136,"angle":180},{"type":"block","time":136.5,"angle":180},{"type":"block","time":136.25,"angle":180},{"type":"block","time":136.75,"angle":180},{"type":"extraTap","time":136.75,"angle":202.5},{"type":"block","time":111.5,"speedMult":2,"angle":90},{"type":"block","time":138,"angle":562.5},{"type":"block","time":138,"angle":540},{"type":"block","time":138,"angle":517.5},{"type":"hold","angle2":517.5,"duration":1.5,"angle":517.5,"time":139},{"type":"hold","angle2":540,"duration":1.5,"angle":540,"time":139},{"type":"hold","angle2":562.5,"duration":1.5,"angle":562.5,"time":139},{"type":"block","time":141,"speedMult":2,"angle":472.5},{"type":"block","time":141,"speedMult":2,"angle":450},{"type":"block","time":141,"speedMult":2,"angle":427.5},{"type":"block","time":141.5,"speedMult":2,"angle":292.5},{"type":"block","time":141.5,"speedMult":2,"angle":270},{"type":"block","time":141.5,"speedMult":2,"angle":247.5},{"type":"block","time":142,"speedMult":2,"angle":472.5},{"type":"block","time":142,"speedMult":2,"angle":450},{"type":"block","time":142,"speedMult":2,"angle":427.5},{"type":"block","time":142.5,"speedMult":2,"angle":-112.5},{"type":"block","time":142.5,"speedMult":2,"angle":-90},{"type":"block","time":142.5,"speedMult":2,"angle":-67.5},{"type":"block","time":144.5,"angle":180},{"type":"block","time":144.75,"angle":180},{"type":"extraTap","time":144.75,"angle":202.5},{"type":"block","time":144,"angle":180},{"type":"block","time":146,"angle":382.5},{"type":"block","time":146,"angle":360},{"type":"block","time":146,"angle":337.5},{"type":"hold","angle2":337.5,"duration":1.5,"angle":337.5,"time":147},{"type":"hold","angle2":360,"duration":1.5,"angle":360,"time":147},{"type":"hold","angle2":382.5,"duration":1.5,"angle":382.5,"time":147},{"type":"block","time":149,"speedMult":2,"angle":292.5},{"type":"block","time":149,"speedMult":2,"angle":270},{"type":"block","time":149,"speedMult":2,"angle":247.5},{"type":"block","time":149.5,"speedMult":2,"angle":112.5},{"type":"block","time":149.5,"speedMult":2,"angle":90},{"type":"block","time":149.5,"speedMult":2,"angle":67.5},{"type":"block","time":150,"speedMult":2,"angle":292.5},{"type":"block","time":150,"speedMult":2,"angle":270},{"type":"block","time":150,"speedMult":2,"angle":247.5},{"type":"block","time":150.5,"speedMult":2,"angle":-292.5},{"type":"block","time":150.5,"speedMult":2,"angle":-270},{"type":"block","time":150.5,"speedMult":2,"angle":-247.5},{"type":"hold","angle2":180,"duration":1,"angle":180,"time":152.5},{"type":"extraTap","time":155,"angle":247.5},{"type":"extraTap","time":155.5,"angle":247.5},{"type":"extraTap","time":153,"angle":247.5},{"type":"extraTap","time":153.5,"angle":247.5},{"type":"extraTap","time":157,"angle":247.5},{"type":"extraTap","time":157.5,"angle":247.5},{"type":"extraTap","time":159,"angle":247.5},{"type":"extraTap","time":159.5,"angle":247.5},{"type":"hold","holdEase":"outSine","angle2":-90,"duration":5.5,"angle":90,"time":161},{"type":"block","time":167.25,"angle":360},{"type":"block","time":167.75,"angle":45},{"type":"block","time":168.75,"angle":180},{"type":"block","time":169.25,"angle":225},{"type":"block","time":170.75,"angle":270},{"type":"hold","angle2":270,"duration":2,"angle":270,"time":171.25},{"type":"block","time":176.5,"angle":0},{"type":"block","time":177,"angle":360},{"type":"hold","angle2":270,"duration":2.5,"angle":270,"time":177.5},{"type":"block","time":183.75,"angle":67.5},{"type":"block","time":183.25,"angle":360},{"type":"block","time":184.5,"angle":135},{"type":"block","time":185.75,"angle":180},{"type":"block","time":185.25,"angle":180},{"type":"block","time":187.25,"angle":270},{"type":"block","time":187.75,"angle":270},{"type":"extraTap","time":185.75,"angle":247.5},{"type":"extraTap","time":186.25,"angle":247.5},{"type":"extraTap","time":187.75,"angle":247.5},{"type":"extraTap","time":188.25,"angle":247.5},{"type":"extraTap","time":189.75,"angle":247.5},{"type":"extraTap","time":190.25,"angle":247.5},{"type":"extraTap","time":191.75,"angle":247.5},{"type":"extraTap","time":192.25,"angle":247.5},{"type":"hold","holdEase":"inSine","angle2":450,"duration":6,"angle":90,"time":193.75},{"type":"block","time":201.25,"angle":270},{"type":"hold","angle2":90,"duration":1.5,"angle":270,"time":201.75},{"type":"hold","angle2":180,"duration":2,"angle":90,"time":203.75},{"type":"block","time":207.25,"angle":0},{"type":"block","time":207.75,"angle":360},{"type":"block","time":208.75,"angle":180},{"type":"hold","angle2":90,"duration":4,"angle":90,"time":209.75},{"type":"extraTap","time":209.75,"angle":112.5},{"type":"extraTap","time":210.75,"angle":112.5},{"type":"extraTap","time":211.75,"angle":112.5},{"type":"extraTap","time":212.75,"angle":112.5},{"type":"extraTap","time":213.75,"angle":112.5},{"type":"extraTap","time":214.75,"angle":112.5},{"type":"extraTap","time":215.75,"angle":112.5},{"type":"extraTap","time":216.75,"angle":112.5},{"type":"extraTap","time":217.75,"angle":112.5},{"type":"extraTap","time":218.75,"angle":112.5},{"type":"extraTap","time":219.75,"angle":112.5},{"type":"extraTap","time":220.75,"angle":112.5},{"type":"extraTap","time":221.75,"angle":112.5},{"type":"extraTap","time":223.75,"angle":112.5},{"type":"extraTap","time":222.75,"angle":112.5},{"type":"block","time":224.75,"angle":90},{"type":"block","time":225,"angle":90},{"type":"block","time":225.25,"angle":90},{"type":"block","time":224.5,"angle":90},{"type":"extraTap","time":225.75,"angle":67.5},{"type":"block","time":226.75,"angle":292.5},{"type":"block","time":226.75,"angle":270},{"type":"block","time":226.75,"angle":247.5},{"type":"hold","angle2":247.5,"duration":1.5,"angle":247.5,"time":227.75},{"type":"hold","angle2":270,"duration":1.5,"angle":270,"time":227.75},{"type":"hold","angle2":292.5,"duration":1.5,"angle":292.5,"time":227.75},{"type":"block","time":229.75,"speedMult":2,"angle":202.5},{"type":"block","time":229.75,"speedMult":2,"angle":180},{"type":"block","time":229.75,"speedMult":2,"angle":157.5},{"type":"block","time":230.25,"speedMult":2,"angle":22.5},{"type":"block","time":230.25,"speedMult":2,"angle":0},{"type":"block","time":230.25,"speedMult":2,"angle":-22.5},{"type":"block","time":230.75,"speedMult":2,"angle":202.5},{"type":"block","time":230.75,"speedMult":2,"angle":180},{"type":"block","time":230.75,"speedMult":2,"angle":157.5},{"type":"block","time":231.25,"speedMult":2,"angle":-382.5},{"type":"block","time":231.25,"speedMult":2,"angle":-360},{"type":"block","time":231.25,"speedMult":2,"angle":-337.5},{"type":"block","time":233.75,"speedMult":2,"angle":90},{"type":"block","time":235.75,"speedMult":2,"angle":270},{"type":"block","time":236.25,"speedMult":2,"angle":270},{"type":"block","time":234.75,"speedMult":2,"angle":90},{"type":"block","time":238.75,"speedMult":2,"angle":270},{"type":"block","time":239.75,"speedMult":2,"angle":90},{"type":"block","time":240.25,"speedMult":2,"angle":67.5},{"type":"block","time":240.25,"speedMult":2,"angle":112.5},{"type":"hold","angle2":67.5,"duration":0,"speedMult":2,"angle":112.5,"time":240.25},{"type":"block","time":237.25,"speedMult":2,"angle":270},{"type":"block","time":240.25,"speedMult":2,"angle":90},{"type":"block","time":242.5,"angle":-292.5},{"type":"block","time":242.5,"angle":-270},{"type":"block","time":242.5,"angle":-247.5},{"type":"hold","angle2":-247.5,"duration":1.5,"angle":-247.5,"time":243.5},{"type":"hold","angle2":-270,"duration":1.5,"angle":-270,"time":243.5},{"type":"hold","angle2":-292.5,"duration":1.5,"angle":-292.5,"time":243.5},{"type":"block","time":245.5,"speedMult":2,"angle":-202.5},{"type":"block","time":245.5,"speedMult":2,"angle":-180},{"type":"block","time":245.5,"speedMult":2,"angle":-157.5},{"type":"block","time":246,"speedMult":2,"angle":-22.5},{"type":"block","time":246,"speedMult":2,"angle":0},{"type":"block","time":246,"speedMult":2,"angle":22.5},{"type":"block","time":246.5,"speedMult":2,"angle":-202.5},{"type":"block","time":246.5,"speedMult":2,"angle":-180},{"type":"block","time":246.5,"speedMult":2,"angle":-157.5},{"type":"block","time":247,"speedMult":2,"angle":382.5},{"type":"block","time":247,"speedMult":2,"angle":360},{"type":"block","time":247,"speedMult":2,"angle":337.5},{"type":"block","time":249.5,"speedMult":2,"angle":-90},{"type":"block","time":251.5,"speedMult":2,"angle":-270},{"type":"block","time":252,"speedMult":2,"angle":-270},{"type":"block","time":250.5,"speedMult":2,"angle":-90},{"type":"block","time":254.5,"speedMult":2,"angle":-270},{"type":"block","time":255.5,"speedMult":2,"angle":-90},{"type":"block","time":256,"speedMult":2,"angle":-67.5},{"type":"block","time":256,"speedMult":2,"angle":-112.5},{"type":"hold","angle2":-67.5,"duration":0,"speedMult":2,"angle":-112.5,"time":256},{"type":"block","time":253,"speedMult":2,"angle":-270},{"type":"block","time":256,"speedMult":2,"angle":-90},{"type":"block","time":258.5,"angle":382.5},{"type":"block","time":258.5,"angle":360},{"type":"block","time":258.5,"angle":337.5},{"type":"hold","angle2":337.5,"duration":1.5,"angle":337.5,"time":259.5},{"type":"hold","angle2":360,"duration":1.5,"angle":360,"time":259.5},{"type":"hold","angle2":382.5,"duration":1.5,"angle":382.5,"time":259.5},{"type":"block","time":261.5,"speedMult":2,"angle":292.5},{"type":"block","time":261.5,"speedMult":2,"angle":270},{"type":"block","time":261.5,"speedMult":2,"angle":247.5},{"type":"block","time":262,"speedMult":2,"angle":112.5},{"type":"block","time":262,"speedMult":2,"angle":90},{"type":"block","time":262,"speedMult":2,"angle":67.5},{"type":"block","time":262.5,"speedMult":2,"angle":292.5},{"type":"block","time":262.5,"speedMult":2,"angle":270},{"type":"block","time":262.5,"speedMult":2,"angle":247.5},{"type":"block","time":263,"speedMult":2,"angle":-292.5},{"type":"block","time":263,"speedMult":2,"angle":-270},{"type":"block","time":263,"speedMult":2,"angle":-247.5},{"type":"block","time":264.5,"angle":180},{"type":"hold","holdEase":"inSine","angle2":-360,"duration":3.5,"angle":180,"time":265},{"type":"block","time":269.5,"angle":0},{"type":"block","time":270,"angle":337.5},{"type":"block","time":270.5,"angle":270},{"type":"hold","angle2":270,"duration":1.5,"angle":270,"time":271},{"type":"hold","holdEase":"inCirc","angle2":45,"duration":6,"angle":225,"time":273.5},{"type":"block","time":280,"angle":22.5},{"type":"block","time":281,"angle":360},{"type":"block","time":283,"angle":180},{"type":"block","time":283.5,"angle":180},{"type":"block","time":281.5,"angle":270},{"type":"hold","holdEase":"inOutQuint","angle2":90,"duration":6,"angle":270,"time":289.5},{"type":"block","time":296,"angle":90},{"type":"block","time":297,"angle":315},{"type":"block","time":297.5,"angle":315},{"type":"block","time":299,"angle":45},{"type":"block","time":299.5,"angle":45},{"type":"block","time":299,"angle":45},{"type":"hold","holdEase":"inSine","angle2":450,"duration":6,"angle":270,"time":305.5,"endTap":true},{"type":"block","tap":true,"time":312.5,"angle":180},{"type":"hold","holdEase":"inSine","angle2":270,"duration":6,"angle":90,"time":313.5,"endTap":true},{"type":"block","tap":true,"time":320.5,"angle":270},{"type":"hold","angle2":180,"duration":5.75,"angle":0,"time":321.5},{"type":"block","time":326.75,"angle":180},{"type":"block","time":328,"angle":180},{"type":"hold","angle2":0,"duration":3,"angle":0,"time":329},{"type":"block","time":338.5,"angle":315},{"type":"block","time":339.5,"angle":45},{"type":"block","time":341.5,"angle":292.5},{"type":"block","time":342,"angle":292.5},{"type":"block","time":343,"angle":0},{"type":"block","time":344,"angle":67.5},{"type":"block","time":344.5,"angle":67.5},{"type":"block","time":345,"angle":67.5},{"type":"extraTap","time":338,"angle":22.5},{"type":"extraTap","time":337.5,"angle":22.5},{"type":"extraTap","time":339.5,"angle":22.5},{"type":"extraTap","time":340,"angle":22.5},{"type":"extraTap","time":342,"angle":22.5},{"type":"extraTap","time":341.5,"angle":22.5},{"type":"extraTap","time":344,"angle":22.5},{"type":"extraTap","time":343.5,"angle":22.5},{"type":"extraTap","time":344.5,"angle":22.5},{"type":"extraTap","time":346,"angle":22.5},{"type":"extraTap","time":345.5,"angle":22.5},{"type":"block","time":346.5,"angle":45},{"type":"block","time":347.5,"angle":315},{"type":"block","time":349,"angle":337.5},{"type":"block","time":349.5,"angle":0},{"type":"block","time":350,"angle":22.5},{"type":"extraTap","time":348,"angle":22.5},{"type":"extraTap","time":347.5,"angle":22.5},{"type":"extraTap","time":350,"angle":22.5},{"type":"extraTap","time":349.5,"angle":22.5},{"type":"hold","angle2":0,"duration":1,"angle":0,"time":351},{"type":"block","time":352.5,"angle":337.5},{"type":"block","time":353,"angle":22.5},{"type":"extraTap","time":351.5,"angle":22.5},{"type":"extraTap","time":352,"angle":22.5},{"type":"extraTap","time":352.5,"angle":22.5},{"type":"extraTap","time":193.75,"angle":247.5},{"type":"extraTap","time":194.25,"angle":247.5},{"type":"extraTap","time":195.75,"angle":247.5},{"type":"extraTap","time":196.25,"angle":247.5},{"type":"extraTap","time":197.75,"angle":247.5},{"type":"extraTap","time":198.25,"angle":247.5},{"type":"extraTap","time":199.75,"angle":247.5},{"type":"extraTap","time":200.25,"angle":247.5},{"type":"extraTap","time":201.75,"angle":247.5},{"type":"extraTap","time":202.25,"angle":247.5},{"type":"extraTap","time":203.75,"angle":247.5},{"type":"extraTap","time":204.25,"angle":247.5},{"type":"extraTap","time":205.75,"angle":247.5},{"type":"extraTap","time":206.25,"angle":247.5},{"type":"extraTap","time":207.75,"angle":247.5},{"type":"extraTap","time":208.25,"angle":247.5},{"type":"block","time":354.5,"angle":360},{"type":"block","time":355.5,"angle":360},{"type":"block","time":357.5,"angle":292.5},{"type":"block","time":358,"angle":292.5},{"type":"block","time":359,"angle":67.5},{"type":"block","time":360,"angle":360},{"type":"block","time":360.5,"angle":0},{"type":"block","time":361,"angle":0},{"type":"extraTap","time":353.5,"angle":22.5},{"type":"extraTap","time":354,"angle":22.5},{"type":"extraTap","time":356,"angle":22.5},{"type":"extraTap","time":355.5,"angle":22.5},{"type":"block","time":362.5,"angle":-360},{"type":"block","time":363.5,"angle":-360},{"type":"block","time":365.5,"angle":-292.5},{"type":"block","time":366,"angle":-292.5},{"type":"block","time":367,"angle":-67.5},{"type":"block","time":368,"angle":-360},{"type":"block","time":368.5,"angle":0},{"type":"block","time":369,"angle":0},{"type":"extraTap","time":358,"angle":22.5},{"type":"extraTap","time":357.5,"angle":22.5},{"type":"extraTap","time":360,"angle":22.5},{"type":"extraTap","time":359.5,"angle":22.5},{"type":"extraTap","time":362,"angle":22.5},{"type":"extraTap","time":361.5,"angle":22.5},{"type":"extraTap","time":364,"angle":22.5},{"type":"extraTap","time":363.5,"angle":22.5},{"type":"extraTap","time":360.5,"angle":22.5},{"type":"extraTap","time":366,"angle":22.5},{"type":"extraTap","time":365.5,"angle":22.5},{"type":"extraTap","time":368,"angle":22.5},{"type":"extraTap","time":367.5,"angle":22.5},{"type":"extraTap","time":368.5,"angle":22.5},{"type":"block","time":370.5,"angle":-540},{"type":"block","time":371.5,"angle":-540},{"type":"block","time":373.5,"angle":-472.5},{"type":"block","time":374,"angle":-472.5},{"type":"block","time":375,"angle":-247.5},{"type":"block","time":376,"angle":-540},{"type":"block","time":376.5,"angle":-180},{"type":"block","time":377,"angle":-180},{"type":"block","time":378.5,"angle":180},{"type":"block","time":379.5,"angle":180},{"type":"block","time":381.5,"angle":112.5},{"type":"block","time":382,"angle":112.5},{"type":"block","time":383,"angle":-112.5},{"type":"block","time":384,"angle":180},{"type":"block","time":384.5,"angle":-180},{"type":"block","time":385,"angle":-180},{"type":"extraTap","time":385.5,"angle":225},{"type":"extraTap","time":386.5,"angle":225},{"type":"extraTap","time":387.5,"angle":225},{"type":"extraTap","time":388.5,"angle":225},{"type":"extraTap","time":389.5,"angle":225},{"type":"extraTap","time":390.5,"angle":225},{"type":"extraTap","time":391.5,"angle":225},{"type":"extraTap","time":392.5,"angle":225},{"type":"extraTap","time":393.5,"angle":225},{"type":"extraTap","time":394.5,"angle":225},{"type":"extraTap","time":395.5,"angle":225},{"type":"extraTap","time":396.5,"angle":225},{"type":"extraTap","time":397.5,"angle":225},{"type":"extraTap","time":398.5,"angle":225},{"type":"extraTap","time":399.5,"angle":225},{"type":"extraTap","time":400.5,"angle":225},{"type":"block","time":402.5,"angle":247.5},{"type":"block","time":402.5,"angle":270},{"type":"block","time":402.5,"angle":292.5},{"type":"hold","angle2":-427.5,"duration":1.5,"angle":-427.5,"time":403.5},{"type":"hold","angle2":-450,"duration":1.5,"angle":-450,"time":403.5},{"type":"hold","angle2":-472.5,"duration":1.5,"angle":-472.5,"time":403.5},{"type":"block","time":405.5,"speedMult":2,"angle":-382.5},{"type":"block","time":405.5,"speedMult":2,"angle":-360},{"type":"block","time":405.5,"speedMult":2,"angle":-337.5},{"type":"block","time":406,"speedMult":2,"angle":-202.5},{"type":"block","time":406,"speedMult":2,"angle":-180},{"type":"block","time":406,"speedMult":2,"angle":-157.5},{"type":"block","time":406.5,"speedMult":2,"angle":-382.5},{"type":"block","time":406.5,"speedMult":2,"angle":-360},{"type":"block","time":406.5,"speedMult":2,"angle":-337.5},{"type":"block","time":407,"speedMult":2,"angle":202.5},{"type":"block","time":407,"speedMult":2,"angle":180},{"type":"block","time":407,"speedMult":2,"angle":157.5},{"type":"block","time":409.5,"speedMult":2,"angle":-270},{"type":"block","time":411.5,"speedMult":2,"angle":-450},{"type":"block","time":412,"speedMult":2,"angle":-450},{"type":"block","time":410.5,"speedMult":2,"angle":-270},{"type":"block","time":414.5,"speedMult":2,"angle":-450},{"type":"block","time":415.5,"speedMult":2,"angle":-270},{"type":"block","time":416,"speedMult":2,"angle":-247.5},{"type":"block","time":416,"speedMult":2,"angle":-292.5},{"type":"hold","angle2":-247.5,"duration":0,"speedMult":2,"angle":-292.5,"time":416},{"type":"block","time":413,"speedMult":2,"angle":-450},{"type":"block","time":418.5,"angle":472.5},{"type":"block","time":418.5,"angle":450},{"type":"block","time":418.5,"angle":427.5},{"type":"hold","angle2":427.5,"duration":1.5,"angle":427.5,"time":419.5},{"type":"hold","angle2":450,"duration":1.5,"angle":450,"time":419.5},{"type":"hold","angle2":472.5,"duration":1.5,"angle":472.5,"time":419.5},{"type":"block","time":421.5,"speedMult":2,"angle":382.5},{"type":"block","time":421.5,"speedMult":2,"angle":360},{"type":"block","time":421.5,"speedMult":2,"angle":337.5},{"type":"block","time":422,"speedMult":2,"angle":202.5},{"type":"block","time":422,"speedMult":2,"angle":180},{"type":"block","time":422,"speedMult":2,"angle":157.5},{"type":"block","time":422.5,"speedMult":2,"angle":382.5},{"type":"block","time":422.5,"speedMult":2,"angle":360},{"type":"block","time":422.5,"speedMult":2,"angle":337.5},{"type":"block","time":423,"speedMult":2,"angle":-202.5},{"type":"block","time":423,"speedMult":2,"angle":-180},{"type":"block","time":423,"speedMult":2,"angle":-157.5},{"type":"block","time":425.5,"speedMult":2,"angle":270},{"type":"block","time":427.5,"speedMult":2,"angle":450},{"type":"block","time":428,"speedMult":2,"angle":450},{"type":"block","time":426.5,"speedMult":2,"angle":270},{"type":"block","time":430.5,"speedMult":2,"angle":450},{"type":"block","time":431.5,"speedMult":2,"angle":270},{"type":"block","time":432,"speedMult":2,"angle":247.5},{"type":"block","time":432,"speedMult":2,"angle":292.5},{"type":"hold","angle2":247.5,"duration":0,"speedMult":2,"angle":292.5,"time":432},{"type":"block","time":429,"speedMult":2,"angle":450},{"type":"hold","holdEase":"outElastic","angle2":90,"duration":1,"speedMult":2,"angle":112.5,"time":416},{"type":"hold","holdEase":"outElastic","angle2":270,"duration":1,"speedMult":2,"angle":247.5,"time":432},{"type":"block","time":434.5,"angle":-382.5},{"type":"block","time":434.5,"angle":-360},{"type":"block","time":434.5,"angle":-337.5},{"type":"hold","angle2":-337.5,"duration":1.5,"angle":-337.5,"time":435.5},{"type":"hold","angle2":-360,"duration":1.5,"angle":-360,"time":435.5},{"type":"hold","angle2":-382.5,"duration":1.5,"angle":-382.5,"time":435.5},{"type":"block","time":437.5,"speedMult":2,"angle":-292.5},{"type":"block","time":437.5,"speedMult":2,"angle":-270},{"type":"block","time":437.5,"speedMult":2,"angle":-247.5},{"type":"block","time":438,"speedMult":2,"angle":-112.5},{"type":"block","time":438,"speedMult":2,"angle":-90},{"type":"block","time":438,"speedMult":2,"angle":-67.5},{"type":"block","time":438.5,"speedMult":2,"angle":-292.5},{"type":"block","time":438.5,"speedMult":2,"angle":-270},{"type":"block","time":438.5,"speedMult":2,"angle":-247.5},{"type":"block","time":439,"speedMult":2,"angle":292.5},{"type":"block","time":439,"speedMult":2,"angle":270},{"type":"block","time":439,"speedMult":2,"angle":247.5},{"type":"block","time":441.5,"speedMult":2,"angle":180},{"type":"block","time":443.5,"speedMult":2,"angle":-360},{"type":"block","time":444,"speedMult":2,"angle":-360},{"type":"block","time":442.5,"speedMult":2,"angle":-180},{"type":"block","time":446.5,"speedMult":2,"angle":-360},{"type":"block","time":447.5,"speedMult":2,"angle":-180},{"type":"block","time":448,"speedMult":2,"angle":-157.5},{"type":"block","time":448,"speedMult":2,"angle":-202.5},{"type":"hold","angle2":-157.5,"duration":0,"speedMult":2,"angle":-202.5,"time":448},{"type":"block","time":445,"speedMult":2,"angle":-360},{"type":"block","time":450.5,"angle":562.5},{"type":"block","time":450.5,"angle":540},{"type":"block","time":450.5,"angle":517.5},{"type":"hold","angle2":517.5,"duration":1.5,"angle":517.5,"time":451.5},{"type":"hold","angle2":540,"duration":1.5,"angle":540,"time":451.5},{"type":"hold","angle2":562.5,"duration":1.5,"angle":562.5,"time":451.5},{"type":"block","time":453.5,"speedMult":2,"angle":472.5},{"type":"block","time":453.5,"speedMult":2,"angle":450},{"type":"block","time":453.5,"speedMult":2,"angle":427.5},{"type":"block","time":454,"speedMult":2,"angle":292.5},{"type":"block","time":454,"speedMult":2,"angle":270},{"type":"block","time":454,"speedMult":2,"angle":247.5},{"type":"block","time":454.5,"speedMult":2,"angle":472.5},{"type":"block","time":454.5,"speedMult":2,"angle":450},{"type":"block","time":454.5,"speedMult":2,"angle":427.5},{"type":"block","time":455,"speedMult":2,"angle":-112.5},{"type":"block","time":455,"speedMult":2,"angle":-90},{"type":"block","time":455,"speedMult":2,"angle":-67.5},{"type":"hold","holdEase":"outElastic","angle2":180,"duration":1,"speedMult":2,"angle":202.5,"time":448},{"type":"block","time":457,"angle":0},{"type":"block","time":457.5,"angle":0},{"type":"block","time":458,"angle":360},{"type":"block","time":459,"angle":-180},{"type":"block","time":459.5,"angle":-180},{"type":"block","time":460,"angle":-540},{"type":"block","time":461,"angle":-90},{"type":"block","time":461.5,"angle":-90},{"type":"block","time":462,"angle":270},{"type":"block","time":463,"angle":90},{"type":"block","time":463.5,"angle":90},{"type":"block","time":464,"angle":-270},{"type":"hold","holdEase":"outElastic","angle2":90,"duration":1,"angle":67.5,"time":464.5},{"type":"block","time":466.5,"angle":90},{"type":"block","time":466.75,"angle":90},{"type":"block","time":467,"angle":90},{"type":"block","time":467.25,"angle":90},{"type":"block","time":465.5,"angle":450},{"type":"block","time":466,"angle":90},{"type":"block","time":466.25,"angle":450},{"type":"block","time":468.5,"angle":45},{"type":"block","time":468.75,"angle":45},{"type":"block","time":469,"angle":45},{"type":"block","time":469.25,"angle":45},{"type":"block","time":467.5,"angle":405},{"type":"block","time":468,"angle":45},{"type":"block","time":468.25,"angle":405},{"type":"block","time":470.5,"angle":0},{"type":"block","time":470.75,"angle":0},{"type":"block","time":471,"angle":0},{"type":"block","time":471.25,"angle":0},{"type":"block","time":469.5,"angle":0},{"type":"block","time":470,"angle":0},{"type":"block","time":470.25,"angle":360},{"type":"block","time":472.5,"angle":-45},{"type":"block","time":472.75,"angle":-45},{"type":"block","time":473,"angle":-45},{"type":"block","time":473.25,"angle":-45},{"type":"block","time":471.5,"angle":315},{"type":"block","time":472,"angle":-45},{"type":"block","time":472.25,"angle":315},{"type":"block","time":474.5,"angle":270},{"type":"block","time":474.75,"angle":270},{"type":"block","time":475,"angle":270},{"type":"block","time":475.25,"angle":270},{"type":"block","time":473.5,"angle":630},{"type":"block","time":474,"angle":270},{"type":"block","time":474.25,"angle":630},{"type":"block","time":476.5,"angle":225},{"type":"block","time":476.75,"angle":225},{"type":"block","time":477,"angle":225},{"type":"block","time":477.25,"angle":225},{"type":"block","time":475.5,"angle":585},{"type":"block","time":476,"angle":225},{"type":"block","time":476.25,"angle":585},{"type":"block","time":478.5,"angle":180},{"type":"block","time":478.75,"angle":180},{"type":"block","time":479,"angle":180},{"type":"block","time":479.25,"angle":180},{"type":"block","time":477.5,"angle":180},{"type":"block","time":478,"angle":180},{"type":"block","time":478.25,"angle":540},{"type":"block","time":480.5,"angle":135},{"type":"block","time":480.75,"angle":135},{"type":"block","time":481,"angle":135},{"type":"block","time":481.25,"angle":135},{"type":"block","time":479.5,"angle":495},{"type":"block","time":480,"angle":135},{"type":"block","time":480.25,"angle":495},{"type":"extraTap","time":465.5,"angle":112.5},{"type":"extraTap","time":467.5,"angle":112.5},{"type":"extraTap","time":469.5,"angle":112.5},{"type":"extraTap","time":471.5,"angle":112.5},{"type":"extraTap","time":473.5,"angle":112.5},{"type":"extraTap","time":475.5,"angle":112.5},{"type":"extraTap","time":477.5,"angle":112.5},{"type":"extraTap","time":479.5,"angle":112.5},{"type":"block","time":482.5,"angle":90},{"type":"block","time":482.75,"angle":90},{"type":"block","time":483,"angle":90},{"type":"block","time":483.25,"angle":90},{"type":"block","time":481.5,"angle":450},{"type":"block","time":482,"angle":90},{"type":"block","time":482.25,"angle":450},{"type":"block","time":484.5,"angle":45},{"type":"block","time":484.75,"angle":45},{"type":"block","time":485,"angle":45},{"type":"block","time":485.25,"angle":45},{"type":"block","time":483.5,"angle":405},{"type":"block","time":484,"angle":45},{"type":"block","time":484.25,"angle":405},{"type":"block","time":486.5,"angle":0},{"type":"block","time":486.75,"angle":0},{"type":"block","time":487,"angle":0},{"type":"block","time":487.25,"angle":0},{"type":"block","time":485.5,"angle":0},{"type":"block","time":486,"angle":0},{"type":"block","time":486.25,"angle":360},{"type":"block","time":488.5,"angle":-45},{"type":"block","time":488.75,"angle":-45},{"type":"block","time":489,"angle":-45},{"type":"block","time":489.25,"angle":-45},{"type":"block","time":487.5,"angle":315},{"type":"block","time":488,"angle":-45},{"type":"block","time":488.25,"angle":315},{"type":"block","time":490.5,"angle":270},{"type":"block","time":490.75,"angle":270},{"type":"block","time":491,"angle":270},{"type":"block","time":491.25,"angle":270},{"type":"block","time":489.5,"angle":630},{"type":"block","time":490,"angle":270},{"type":"block","time":490.25,"angle":630},{"type":"block","time":492.5,"angle":225},{"type":"block","time":492.75,"angle":225},{"type":"block","time":493,"angle":225},{"type":"block","time":493.25,"angle":225},{"type":"block","time":491.5,"angle":585},{"type":"block","time":492,"angle":225},{"type":"block","time":492.25,"angle":585},{"type":"block","time":494.5,"angle":180},{"type":"block","time":494.75,"angle":180},{"type":"block","time":495,"angle":180},{"type":"block","time":495.25,"angle":180},{"type":"block","time":493.5,"angle":180},{"type":"block","time":494,"angle":180},{"type":"block","time":494.25,"angle":540},{"type":"block","time":496.5,"angle":135},{"type":"block","time":496.75,"angle":135},{"type":"block","time":497,"angle":135},{"type":"block","time":497.25,"angle":135},{"type":"block","time":495.5,"angle":495},{"type":"block","time":496,"angle":135},{"type":"block","time":496.25,"angle":495},{"type":"extraTap","time":481.5,"angle":112.5},{"type":"extraTap","time":483.5,"angle":112.5},{"type":"extraTap","time":485.5,"angle":112.5},{"type":"extraTap","time":487.5,"angle":112.5},{"type":"extraTap","time":489.5,"angle":112.5},{"type":"extraTap","time":491.5,"angle":112.5},{"type":"extraTap","time":493.5,"angle":112.5},{"type":"extraTap","time":495.5,"angle":112.5},{"type":"extraTap","time":497.5,"angle":112.5},{"type":"hold","holdEase":"inOutSine","angle2":450,"duration":6,"angle":270,"time":33}]