[
    {
        "type": "ease",
        "duration": 0,
        "var": "vfx.canvPos.sx",
        "time": 0,
        "ease": "linear",
        "value": 1.15,
        "angle": 326.25
    },
    {
        "type": "ease",
        "time": 0.125,
        "var": "vfx.canvPos.sx",
        "duration": 0.75,
        "ease": "outSine",
        "value": 1,
        "angle": 326.25
    },
    {
        "angle": 326.25,
        "time": 0,
        "value": 1.15,
        "ease": "linear",
        "duration": 0,
        "var": "vfx.canvPos.sy",
        "type": "ease"
    },
    {
        "type": "ease",
        "duration": 0.75,
        "var": "vfx.canvPos.sy",
        "ease": "outSine",
        "time": 0.125,
        "value": 1,
        "angle": 326.25
    }
]