[{"type":"block","angle":270,"time":1},{"type":"block","angle":315,"time":2.5},{"type":"block","angle":292.5,"time":2},{"type":"block","angle":292.5,"time":1},{"type":"block","angle":247.5,"time":1},{"angle":360,"type":"block","tap":true,"time":3.5},{"type":"block","angle":0,"time":4.5},{"type":"block","angle":0,"time":5.5},{"type":"side","angle":45,"time":6.5},{"type":"side","angle":315,"time":7},{"type":"side","angle":45,"time":7.5},{"type":"side","angle":315,"time":8},{"angle":0,"endTap":true,"duration":1.5,"type":"hold","angle2":-22.5,"time":8.5},{"type":"block","angle":337.5,"time":10.5},{"angle":337.5,"type":"block","tap":true,"time":10.5},{"angle":22.5,"type":"block","tap":true,"time":12.5},{"angle":45,"endTap":true,"duration":3.5,"type":"hold","angle2":292.5,"startTap":true,"time":13.5},{"type":"block","angle":270,"time":20},{"type":"block","angle":90,"time":21},{"angle":0,"type":"block","tap":true,"time":11.5},{"type":"side","angle":0,"time":17.5},{"type":"side","angle":292.5,"time":18},{"type":"side","angle":337.5,"time":19},{"type":"side","angle":45,"time":22},{"type":"side","angle":45,"time":23},{"type":"side","angle":135,"time":23.5},{"type":"side","angle":135,"time":22.5},{"angle":0,"endTap":true,"duration":3.5,"type":"hold","angle2":67.5,"startTap":true,"time":24.5},{"type":"extraTap","angle":67.5,"time":27},{"type":"extraTap","angle":67.5,"time":29},{"type":"extraTap","angle":67.5,"time":30},{"angle":67.5,"endTap":true,"duration":4.5,"type":"hold","angle2":-22.5,"time":28},{"type":"block","angle":337.5,"time":33.5},{"type":"block","angle":67.5,"time":34},{"type":"block","angle":270,"time":35},{"angle":270,"duration":1.5,"type":"hold","angle2":337.5,"speedMult":1.5000009536743,"time":36.5},{"angle":0,"type":"block","tap":true,"time":38.5},{"type":"block","angle":0,"time":39},{"type":"block","angle":360,"time":39.5},{"angle":-45,"endTap":true,"duration":1,"type":"hold","angle2":0,"time":40.5},{"angle":0,"endTap":true,"duration":1,"type":"hold","angle2":-67.5,"time":41.5},{"type":"extraTap","angle":292.5,"time":44},{"angle":292.5,"endTap":true,"duration":4.5,"type":"hold","angle2":652.5,"time":42.5},{"angle":67.5,"type":"block","tap":true,"time":48.5},{"angle":292.5,"type":"block","tap":true,"time":49.5},{"type":"side","angle":180,"time":49},{"angle":292.5,"duration":1,"type":"hold","angle2":292.5,"time":51},{"angle":292.5,"duration":2,"type":"hold","angle2":360,"startTap":true,"time":52.5},{"angle":180,"type":"block","tap":true,"time":55},{"angle":180,"endTap":true,"duration":1.5,"type":"hold","angle2":225,"startTap":true,"time":56},{"angle":225,"endTap":true,"duration":1,"type":"hold","angle2":225,"time":57.5},{"type":"extraTap","angle":180,"time":59},{"angle":225,"duration":1,"type":"hold","angle2":247.5,"time":58.5},{"angle":247.5,"duration":4,"type":"hold","angle2":607.5,"time":59.5},{"type":"block","angle":22.5,"time":64},{"type":"block","angle":45,"time":64},{"type":"block","angle":67.5,"time":64},{"angle":90,"type":"block","tap":true,"time":71},{"type":"block","angle":45,"time":70.5},{"angle":270,"endTap":true,"duration":1,"type":"hold","angle2":315,"startTap":true,"time":72},{"angle":337.5,"endTap":true,"duration":1,"type":"hold","angle2":382.5,"startTap":true,"time":73.5},{"angle":45,"type":"block","tap":true,"time":75},{"angle":67.5,"endTap":true,"duration":1.5,"type":"hold","angle2":112.5,"startTap":true,"time":75.5},{"angle":112.5,"endTap":true,"duration":1.5,"type":"hold","angle2":157.5,"time":77},{"angle":270,"endTap":true,"duration":2,"type":"hold","angle2":315,"startTap":true,"time":80},{"type":"block","angle":22.5,"time":83.5},{"angle":22.5,"type":"block","tap":true,"time":83.5},{"angle":22.5,"type":"block","tap":true,"time":85},{"angle":22.5,"type":"block","tap":true,"time":86},{"type":"block","angle":315,"time":88},{"type":"block","angle":292.5,"time":89.5},{"angle":292.5,"type":"block","tap":true,"time":92},{"angle":337.5,"type":"block","tap":true,"time":93},{"angle":0,"type":"block","tap":true,"time":93.5},{"angle":22.5,"type":"block","tap":true,"time":94.5},{"type":"block","angle":22.5,"time":96},{"type":"block","angle":225,"time":97},{"type":"block","angle":270,"time":97.5},{"type":"block","angle":315,"time":98},{"angle":0,"duration":1,"type":"hold","angle2":45,"time":99},{"angle":45,"duration":1,"type":"hold","angle2":0,"time":100},{"angle":360,"duration":1,"type":"hold","angle2":472.5,"time":101},{"angle":112.5,"duration":1,"type":"hold","angle2":0,"time":102},{"type":"side","angle":292.5,"time":104},{"type":"side","angle":292.5,"time":105},{"type":"side","angle":67.5,"time":104.5},{"type":"side","angle":67.5,"time":105.5},{"type":"side","angle":292.5,"time":106},{"angle":180,"duration":6,"type":"mineHold","angle2":180,"time":103},{"type":"extraTap","angle":360,"time":107.5},{"type":"extraTap","angle":360,"time":110},{"type":"extraTap","angle":0,"time":109},{"type":"extraTap","angle":0,"time":110.5},{"angle":360,"type":"block","tap":true,"time":112.5},{"angle":90,"type":"block","tap":true,"time":112},{"angle":270,"type":"block","tap":true,"time":113},{"angle":180,"type":"block","tap":true,"time":113.5},{"angle":180,"endTap":true,"duration":1.5,"type":"hold","angle2":225,"startTap":true,"time":115},{"angle":225,"endTap":true,"duration":1.5,"type":"hold","angle2":292.5,"time":116.5},{"angle":292.5,"endTap":true,"duration":0.5,"type":"hold","angle2":360,"time":118},{"angle":45,"endTap":true,"duration":0.5,"type":"hold","angle2":0,"startTap":true,"time":119.5},{"angle":360,"duration":0.5,"type":"hold","angle2":405,"time":120},{"startTap":true,"endTap":true,"duration":0.5,"type":"hold","angle2":-22.5,"angle":45,"time":120.5},{"angle":360,"type":"block","tap":true,"time":122},{"angle":337.5,"type":"block","tap":true,"time":122},{"angle":315,"type":"block","tap":true,"time":122},{"angle":0,"duration":1,"type":"hold","angle2":-45,"time":127.5},{"angle":315,"duration":1,"type":"hold","angle2":360,"time":128.5},{"type":"extraTap","angle":22.5,"time":127.5},{"type":"extraTap","angle":22.5,"time":128.5},{"type":"extraTap","angle":22.5,"time":128},{"type":"extraTap","angle":22.5,"time":129.5},{"angle":0,"duration":3,"type":"hold","angle2":270,"time":130.5},{"type":"extraTap","angle":22.5,"time":131.5},{"type":"extraTap","angle":45,"time":133},{"type":"extraTap","angle":0,"time":134},{"type":"extraTap","angle":0,"time":134.5},{"angle":0,"type":"block","tap":true,"time":123.5},{"angle":0,"type":"block","tap":true,"time":125},{"angle":0,"type":"block","tap":true,"time":126},{"angle":0,"type":"block","tap":true,"time":126.5}]