{"events":[{"angle":270,"file":"3S.ogg","type":"play","volume":1,"bpm":188,"time":0},{"type":"showResults","angle":0,"time":136.5},{"g":255,"angle":225,"b":255,"r":255,"type":"setColor","color":1,"time":0},{"g":0,"angle":202.5,"b":0,"r":255,"type":"setColor","color":0,"time":0},{"spriteName":"3SFACE.png","angle":180,"type":"forcePlayerSprite","time":0}],"properties":{"speed":70,"formatversion":12,"startBeat":0,"offset":8},"metadata":{"songName":"3 S'","bgData":{"cyanChannel":{"b":255,"g":255,"r":255},"yellowChannel":{"b":255,"g":255,"r":255},"redChannel":{"b":255,"g":255,"r":255},"blueChannel":{"b":29,"g":29,"r":187},"greenChannel":{"b":255,"g":255,"r":255},"image":"3SDECO.png","magentaChannel":{"b":255,"g":255,"r":255}},"difficulty":0,"artistLink":"https://youtu.be/FUAKrtOtRl8","description":"uh first level im just testing stuff","artist":"Mindless self indulgence","charter":"Charter","bg":true}}