[{"tap":true,"angle":90,"time":1,"type":"block"},{"angle":0,"time":2,"type":"block"},{"angle":270,"time":3,"type":"block"},{"angle":180,"time":4,"type":"block"},{"tap":true,"angle":90,"time":5,"type":"block"},{"angle":0,"time":6,"type":"block"},{"angle":90,"time":8,"type":"block"},{"angle":270,"time":7,"type":"block"},{"tap":true,"angle":360,"time":9,"type":"block"},{"angle":281.25,"time":9.5,"type":"block"},{"angle":270,"time":9.75,"type":"block"},{"angle":247.5,"time":10.25,"type":"block"},{"angle":157.5,"time":10.75,"type":"block"},{"angle":180,"time":11.5,"type":"block"},{"angle2":540,"duration":1,"startTap":true,"angle":180,"time":12,"type":"hold"},{"angle":213.75,"time":13.5,"type":"block"},{"angle":225,"time":13.75,"type":"block"},{"tap":true,"angle":236.25,"time":13.75,"type":"block"},{"tap":true,"angle":123.75,"time":14.25,"type":"block"},{"angle":112.5,"time":14.25,"type":"block"},{"tap":true,"angle":45,"time":17,"type":"block"},{"angle":360,"time":17.75,"type":"block"},{"angle":315,"time":18.5,"type":"block"},{"tap":true,"angle":292.5,"time":19,"type":"block"},{"angle":247.5,"time":19.5,"type":"block"},{"tap":true,"angle":225,"time":20,"type":"block"},{"angle2":270,"type":"hold","angle":247.5,"endTap":true,"time":20.25,"duration":0.75},{"angle":360,"time":21.5,"type":"block"},{"angle":45,"time":22,"type":"block"},{"angle":90,"time":22.5,"type":"block"},{"tap":true,"angle":180,"time":23,"type":"block"},{"tap":true,"angle":112.5,"time":23.75,"type":"block"},{"angle":22.5,"time":24.5,"type":"block"},{"tap":true,"angle":315,"time":25,"type":"block"},{"angle":45,"time":25.75,"type":"block"},{"angle2":315,"duration":2.5,"angle":270,"startTap":true,"endTap":true,"time":26.5,"type":"hold"},{"angle":337.5,"time":29.5,"type":"block"},{"angle":315,"time":30.25,"type":"block"},{"angle":135,"time":32.25,"type":"block"},{"angle2":337.5,"duration":1,"startTap":true,"angle":270,"time":33,"type":"hold"},{"angle":360,"time":34.5,"type":"block"},{"angle":11.25,"time":34.75,"type":"block"},{"tap":true,"angle":33.75,"time":35,"type":"block"},{"tap":true,"angle":315,"time":35.75,"type":"block"},{"angle2":191.25,"holdEase":"inCirc","type":"hold","startTap":true,"angle":225,"time":36.5,"duration":1},{"angle":146.25,"time":38,"type":"block"},{"angle":168.75,"time":38.25,"type":"block"},{"angle2":56.25,"duration":1.25,"startTap":true,"angle":112.5,"time":38.75,"type":"hold"},{"angle":33.75,"time":40.5,"type":"block"},{"angle2":360,"duration":3.25,"startTap":true,"angle":180,"time":45,"type":"hold"},{"angle":22.5,"time":48.5,"type":"block"},{"angle":45,"time":48.75,"type":"block"},{"tap":true,"angle":67.5,"time":49,"type":"block"},{"angle":78.75,"time":49,"type":"block"},{"angle":11.25,"time":49.75,"type":"block"},{"angle":303.75,"time":50.5,"type":"block"},{"tap":true,"angle":292.5,"time":51,"type":"block"},{"angle":315,"time":51.5,"type":"block"},{"tap":true,"angle":258.75,"time":52,"type":"block"},{"tap":true,"angle":146.25,"time":53,"type":"block"},{"angle":225,"time":53.5,"type":"block"},{"angle":236.25,"time":53.5,"type":"block"},{"angle":292.5,"time":54,"type":"block"},{"angle":281.25,"time":54,"type":"block"},{"angle":-11.25,"time":54.5,"type":"block"},{"angle":360,"time":54.5,"type":"block"},{"tap":true,"angle":281.25,"time":55,"type":"block"},{"angle":292.5,"time":55,"type":"block"},{"angle":270,"time":55,"type":"block"},{"angle":56.25,"time":55.75,"type":"block"},{"angle":45,"time":55.75,"type":"block"},{"angle":168.75,"time":56.5,"type":"block"},{"angle":157.5,"time":56.5,"type":"block"},{"tap":true,"angle":270,"time":57,"type":"block"},{"angle":258.75,"time":57,"type":"block"},{"angle":281.25,"time":57,"type":"block"},{"angle":326.25,"time":57.75,"type":"block"},{"angle":337.5,"time":57.75,"type":"block"},{"angle2":135,"duration":2.5,"angle":67.5,"startTap":true,"endTap":true,"time":58.5,"type":"hold"},{"angle":112.5,"time":61.5,"type":"block"},{"tap":true,"angle":90,"time":61.75,"type":"block"},{"angle":101.25,"time":61.75,"type":"block"},{"angle":78.75,"time":62.25,"type":"block"},{"angle":90,"time":63.5,"type":"block"},{"tap":true,"angle":78.75,"time":63.75,"type":"block"},{"angle":281.25,"time":64.25,"type":"block"},{"angle":67.5,"time":63.75,"type":"block"},{"angle":303.75,"time":64.5,"type":"block"},{"tap":true,"angle":315,"time":64.5,"type":"block"},{"angle2":56.25,"duration":1.5,"startTap":true,"angle":22.5,"time":65,"type":"hold"},{"angle":67.5,"time":66.75,"type":"block"},{"tap":true,"angle":90,"time":67,"type":"block"},{"angle":78.75,"time":67,"type":"block"},{"angle":360,"time":67.75,"type":"block"},{"angle":348.75,"time":67.75,"type":"block"},{"angle2":180,"duration":1,"startTap":true,"angle":225,"time":68.5,"type":"hold"},{"angle":146.25,"time":70,"type":"block"},{"angle":135,"time":70.25,"type":"block"},{"tap":true,"angle":67.5,"time":70.75,"type":"block"},{"angle":78.75,"time":70.75,"type":"block"},{"angle":56.25,"time":70.75,"type":"block"},{"tap":true,"angle":270,"time":72,"type":"block"},{"angle":281.25,"time":72,"type":"block"},{"angle":202.5,"time":72.5,"type":"block"},{"angle":157.5,"time":73,"type":"block"},{"tap":true,"angle":146.25,"time":73,"type":"block"},{"angle":33.75,"time":74,"type":"block"},{"tap":true,"angle":22.5,"time":74,"type":"block"},{"angle":315,"time":75,"type":"block"},{"tap":true,"angle":303.75,"time":75,"type":"block"},{"angle2":258.75,"duration":1.5,"startTap":true,"angle":281.25,"time":76,"type":"hold"},{"angle2":281.25,"type":"hold","angle":258.75,"endTap":true,"time":76,"duration":1.5},{"tap":true,"angle":303.75,"time":78.25,"type":"block"},{"angle":315,"time":78.25,"type":"block"},{"tap":true,"angle":45,"time":79,"type":"block"},{"angle":56.25,"time":79,"type":"block"},{"angle":348.75,"time":62.5,"type":"block"},{"tap":true,"angle":360,"time":62.5,"type":"block"},{"angle":168.75,"time":63,"type":"block"},{"tap":true,"angle":180,"time":63,"type":"block"},{"angle":191.25,"time":63,"type":"block"},{"angle":11.25,"time":62.5,"type":"block"},{"angle2":393.75,"duration":0.75,"angle":326.25,"time":78.25,"type":"hold"},{"tap":true,"angle":0,"time":14.75,"type":"block"},{"angle":11.25,"time":29.75,"type":"block"},{"angle":292.5,"time":30.5,"type":"block"},{"tap":true,"angle":258.75,"time":31,"type":"block"},{"angle":270,"time":31,"type":"block"},{"angle":281.25,"time":31,"type":"block"},{"angle":213.75,"time":31.5,"type":"block"},{"angle":202.5,"time":31.75,"type":"block"},{"angle":157.5,"time":32.5,"type":"block"},{"angle":78.75,"time":41,"type":"block"},{"tap":true,"angle":90,"time":41,"type":"block"},{"angle":101.25,"time":41,"type":"block"},{"angle":11.25,"time":42,"type":"block"},{"angle":348.75,"time":42,"type":"block"},{"tap":true,"angle":360,"time":42,"type":"block"},{"angle":168.75,"time":43,"type":"block"},{"angle":191.25,"time":43,"type":"block"},{"tap":true,"angle":180,"time":43,"type":"block"},{"angle":258.75,"time":44,"type":"block"},{"angle":281.25,"time":44,"type":"block"},{"tap":true,"angle":270,"time":44,"type":"block"},{"angle":225,"time":52.25,"type":"block"},{"angle2":157.5,"duration":0.75,"angle":213.75,"time":52.25,"type":"hold"},{"angle":11.25,"time":14.75,"type":"block"},{"angle":348.75,"time":14.75,"type":"block"},{"angle":67.5,"time":81,"type":"block"},{"angle":45,"time":81.25,"type":"block"},{"angle":67.5,"time":81.5,"type":"block"},{"tap":true,"angle":45,"time":81.75,"type":"block"},{"angle":315,"time":82.5,"type":"block"},{"angle":292.5,"time":82.75,"type":"block"},{"angle2":270,"duration":0.75,"angle":315,"startTap":true,"endTap":true,"time":83,"type":"hold"},{"angle":270,"time":84.5,"type":"block"},{"angle":292.5,"time":84.75,"type":"block"},{"tap":true,"angle":270,"time":85,"type":"block"},{"angle":258.75,"time":85,"type":"block"},{"angle":281.25,"time":85,"type":"block"},{"tap":true,"angle":225,"time":85.75,"type":"block"},{"startTap":true,"endTap":true,"time":86.5,"type":"hold","angle2":90,"angle":157.5,"holdEase":"inCubic","duration":1},{"angle":67.5,"time":88,"type":"block"},{"tap":true,"angle":45,"time":88.25,"type":"block"},{"angle":56.25,"time":88.25,"type":"block"},{"angle":67.5,"time":88,"type":"block"},{"angle2":337.5,"duration":0.75,"angle":303.75,"startTap":true,"endTap":true,"time":89,"type":"hold"},{"angle2":101.25,"duration":1.5,"angle":33.75,"startTap":true,"endTap":true,"time":90.5,"type":"hold"},{"angle":90,"time":93,"type":"block"},{"tap":true,"angle":30,"time":93.333335876465,"type":"block"},{"tap":true,"angle":90,"time":95,"type":"block"},{"tap":true,"angle":330,"time":93.666664123535,"type":"block"},{"tap":true,"angle":270,"time":94,"type":"block"},{"tap":true,"angle":210,"time":94.333335876465,"type":"block"},{"tap":true,"angle":150,"time":94.666664123535,"type":"block"},{"tap":true,"angle":90,"time":93,"type":"block"},{"tap":true,"angle":11.25,"time":67.75,"type":"block"},{"angle":90,"time":96,"type":"block"},{"angle":72.75,"time":96.375,"type":"block"},{"angle":85,"time":96.25,"type":"block"},{"angle":50.5,"time":96.583335876465,"type":"block"},{"angle":35,"time":96.75,"type":"block"},{"tap":true,"angle":22.5,"time":97,"type":"block"},{"angle":33.75,"time":97,"type":"block"},{"angle":11.25,"time":97,"type":"block"},{"angle":315,"time":97.5,"type":"block"},{"angle":337.5,"time":97.75,"type":"block"},{"angle":22.5,"time":98.25,"type":"block"},{"angle2":90,"duration":0.75,"startTap":true,"angle":45,"time":98.75,"type":"hold"},{"angle":157.5,"time":100,"type":"block"},{"angle":225,"time":100.5,"type":"block"},{"tap":true,"angle":180,"time":101,"type":"block"},{"angle":191.25,"time":101,"type":"block"},{"angle":135,"time":101.75,"type":"block"},{"tap":true,"angle":123.75,"time":101.75,"type":"block"},{"angle2":225,"duration":1,"angle":225,"startTap":true,"endTap":true,"time":102.5,"type":"hold"},{"angle":191.25,"time":104,"type":"block"},{"angle":157.5,"time":104.5,"type":"block"},{"tap":true,"angle":101.25,"time":105,"type":"block"},{"angle":90,"time":105,"type":"block"},{"angle":11.25,"time":105.75,"type":"block"},{"tap":true,"angle":236.25,"time":106.5,"type":"block"},{"angle2":281.25,"duration":1,"angle":225,"time":106.5,"type":"hold"},{"angle":303.75,"time":108,"type":"block"},{"angle":315,"time":108.25,"type":"block"},{"angle":315,"time":108.66666412354,"type":"block"},{"angle":326.25,"time":108.83333587646,"type":"block"},{"angle2":270,"duration":1,"angle":315,"startTap":true,"endTap":true,"time":109,"type":"hold"},{"angle":258.75,"time":110.66666412354,"type":"block"},{"angle":270,"time":110.83333587646,"type":"block"},{"angle2":292.5,"duration":1,"angle":258.75,"startTap":true,"endTap":true,"time":111,"type":"hold"},{"angle2":213.75,"holdEase":"inCirc","type":"hold","angle":292.5,"endTap":true,"time":112,"duration":1},{"angle":157.5,"time":113.75,"type":"block"},{"angle":90,"time":114.5,"type":"block"},{"tap":true,"angle":67.5,"time":115.5,"type":"block"},{"angle":135,"time":116,"type":"block"},{"angle":202.5,"time":116.5,"type":"block"},{"tap":true,"angle":270,"time":117,"type":"block"},{"angle":247.5,"time":117.75,"type":"block"},{"angle2":270,"duration":1,"startTap":true,"angle":315,"time":118.5,"type":"hold"},{"angle":225,"time":120,"type":"block"},{"angle":180,"time":120.5,"type":"block"},{"tap":true,"angle":135,"time":121,"type":"block"},{"angle":123.75,"time":121,"type":"block"},{"angle":146.25,"time":121,"type":"block"},{"tap":true,"angle":22.5,"time":122,"type":"block"},{"angle":11.25,"time":122,"type":"block"},{"angle":33.75,"time":122,"type":"block"},{"angle2":258.75,"duration":1,"angle":270,"startTap":true,"endTap":true,"time":123,"type":"hold"},{"angle":258.75,"time":123,"type":"block"},{"angle":281.25,"time":123,"type":"block"},{"angle":245.4056854248,"time":123.83333587646,"type":"block"},{"angle":252.70565795898,"time":123.91666412354,"type":"block"},{"startTap":true,"endTap":true,"time":125,"type":"hold","angle2":405,"angle":303.75,"holdEase":"inQuad","duration":4},{"angle":326.25,"time":125.5,"type":"block"},{"angle":303.75,"time":126.25,"type":"block"},{"angle":337.5,"time":127,"type":"block"},{"angle":326.25,"time":127.75,"type":"block"},{"angle":337.5,"time":128.25,"type":"block"},{"angle":0,"time":128.5,"type":"block"},{"angle":11.25,"time":128.75,"type":"block"},{"angle":33.75,"time":129,"type":"block"},{"angle":11.25,"time":129.5,"type":"block"},{"angle":22.5,"time":129.5,"type":"block"},{"angle":56.25,"time":130,"type":"block"},{"angle":67.5,"time":130,"type":"block"},{"angle":112.5,"time":131,"type":"block"},{"angle":123.75,"time":131,"type":"block"},{"angle":225,"time":131.75,"type":"block"},{"angle2":225,"type":"hold","angle":236.25,"endTap":true,"time":131.75,"duration":1.25},{"angle":281.25,"time":133.5,"type":"block"},{"angle":292.5,"time":133.5,"type":"block"},{"angle":360,"time":134,"type":"block"},{"angle":11.25,"time":134,"type":"block"},{"angle":67.5,"time":135,"type":"block"},{"angle":78.75,"time":135,"type":"block"},{"angle2":247.5,"duration":1.25,"startTap":true,"angle":213.75,"time":135.75,"type":"hold"},{"angle2":258.75,"type":"hold","angle":202.5,"endTap":true,"time":135.75,"duration":1.25},{"angle":38.410266876221,"time":137,"type":"block"},{"angle":9.7477569580078,"time":139.25,"type":"block"},{"angle":12.402944564819,"time":139.5,"type":"block"},{"angle":16.562957763672,"time":139.75,"type":"block"},{"angle":13.053153991699,"time":140,"type":"block"},{"angle":5.0204162597656,"time":140.25,"type":"block"},{"angle":358.54925537109,"time":140.5,"type":"block"},{"angle":353.65621948242,"time":140.75,"type":"block"},{"angle":353.0793762207,"time":141,"type":"block"},{"angle":355.04125976563,"time":141.25,"type":"block"},{"angle":356.62017822266,"time":141.5,"type":"block"},{"angle":351.87576293945,"time":141.75,"type":"block"},{"angle":346.9098815918,"time":142,"type":"block"},{"angle":341.74948120117,"time":142.25,"type":"block"},{"angle":337.90029907227,"time":142.5,"type":"block"},{"angle":334.60885620117,"time":142.75,"type":"block"},{"angle":333.30661010742,"time":143,"type":"block"},{"angle":317.61981201172,"time":143.5,"type":"block"},{"angle":35.715702056885,"time":137.25,"type":"block"},{"angle":37.210403442383,"time":137.5,"type":"block"},{"angle":29.969533920288,"time":137.75,"type":"block"},{"angle":24.629899978638,"time":138,"type":"block"},{"angle":17.913080215454,"time":138.25,"type":"block"},{"angle":11.024858474731,"time":138.5,"type":"block"},{"angle":6.0992379188538,"time":138.75,"type":"block"},{"angle":3.7695300579071,"time":139,"type":"block"},{"angle":308.02508544922,"time":143.75,"type":"block"},{"angle":325.40591430664,"time":143.25,"type":"block"},{"angle":297.82388305664,"time":144,"type":"block"},{"angle":284.58102416992,"time":144.25,"type":"block"},{"angle":275.40188598633,"time":144.5,"type":"block"},{"angle":263.3017578125,"time":144.75,"type":"block"},{"tap":true,"angle":251.3758392334,"time":145,"type":"block"},{"angle":57.589733123779,"time":145,"type":"block"},{"angle":86.252243041992,"time":147.25,"type":"block"},{"angle":83.597055435181,"time":147.5,"type":"block"},{"angle":79.437042236328,"time":147.75,"type":"block"},{"angle":82.946846008301,"time":148,"type":"block"},{"angle":90.979583740234,"time":148.25,"type":"block"},{"angle":-262.54925537109,"time":148.5,"type":"block"},{"angle":-257.65621948242,"time":148.75,"type":"block"},{"angle":-257.0793762207,"time":149,"type":"block"},{"angle":-259.04125976563,"time":149.25,"type":"block"},{"angle":-260.62017822266,"time":149.5,"type":"block"},{"angle":-255.87576293945,"time":149.75,"type":"block"},{"angle":-250.9098815918,"time":150,"type":"block"},{"angle":-245.74948120117,"time":150.25,"type":"block"},{"angle":-241.90029907227,"time":150.5,"type":"block"},{"angle":-238.60885620117,"time":150.75,"type":"block"},{"angle":-237.30661010742,"time":151,"type":"block"},{"angle":-221.61981201172,"time":151.5,"type":"block"},{"angle":60.284297943115,"time":145.25,"type":"block"},{"angle":58.789596557617,"time":145.5,"type":"block"},{"angle":66.030466079712,"time":145.75,"type":"block"},{"angle":71.370100021362,"time":146,"type":"block"},{"angle":78.086919784546,"time":146.25,"type":"block"},{"angle":84.975141525269,"time":146.5,"type":"block"},{"angle":89.900762081146,"time":146.75,"type":"block"},{"angle":92.230469942093,"time":147,"type":"block"},{"angle":-212.02508544922,"time":151.75,"type":"block"},{"angle":-229.40591430664,"time":151.25,"type":"block"},{"angle":-201.82388305664,"time":152,"type":"block"},{"angle":-188.58102416992,"time":152.25,"type":"block"},{"angle":-179.40188598633,"time":152.5,"type":"block"},{"angle":-167.3017578125,"time":152.75,"type":"block"},{"tap":true,"angle":-155.3758392334,"time":153,"type":"block"},{"angle":38.410266876221,"time":153,"type":"block"},{"angle":9.7477569580078,"time":155.25,"type":"block"},{"angle":12.402944564819,"time":155.5,"type":"block"},{"angle":16.562957763672,"time":155.75,"type":"block"},{"angle":13.053153991699,"time":156,"type":"block"},{"angle":5.0204162597656,"time":156.25,"type":"block"},{"angle":358.54925537109,"time":156.5,"type":"block"},{"angle":353.65621948242,"time":156.75,"type":"block"},{"angle":353.0793762207,"time":157,"type":"block"},{"angle":355.04125976563,"time":157.25,"type":"block"},{"angle":356.62017822266,"time":157.5,"type":"block"},{"angle":351.87576293945,"time":157.75,"type":"block"},{"angle":346.9098815918,"time":158,"type":"block"},{"angle":341.74948120117,"time":158.25,"type":"block"},{"angle":337.90029907227,"time":158.5,"type":"block"},{"angle":334.60885620117,"time":158.75,"type":"block"},{"angle":333.30661010742,"time":159,"type":"block"},{"angle":317.61981201172,"time":159.5,"type":"block"},{"angle":35.715702056885,"time":153.25,"type":"block"},{"angle":37.210403442383,"time":153.5,"type":"block"},{"angle":29.969533920288,"time":153.75,"type":"block"},{"angle":24.629899978638,"time":154,"type":"block"},{"angle":17.913080215454,"time":154.25,"type":"block"},{"angle":11.024858474731,"time":154.5,"type":"block"},{"angle":6.0992379188538,"time":154.75,"type":"block"},{"angle":3.7695300579071,"time":155,"type":"block"},{"angle":308.02508544922,"time":159.75,"type":"block"},{"angle":325.40591430664,"time":159.25,"type":"block"},{"angle":297.82388305664,"time":160,"type":"block"},{"angle":284.58102416992,"time":160.25,"type":"block"},{"angle":275.40188598633,"time":160.5,"type":"block"},{"angle":263.3017578125,"time":160.75,"type":"block"},{"tap":true,"angle":251.3758392334,"time":161,"type":"block"},{"angle":57.589733123779,"time":161,"type":"block"},{"angle":86.252243041992,"time":163.25,"type":"block"},{"angle":83.597055435181,"time":163.5,"type":"block"},{"angle":79.437042236328,"time":163.75,"type":"block"},{"angle":82.946846008301,"time":164,"type":"block"},{"angle":90.979583740234,"time":164.25,"type":"block"},{"angle":-262.54925537109,"time":164.5,"type":"block"},{"angle":-257.65621948242,"time":164.75,"type":"block"},{"angle":-257.0793762207,"time":165,"type":"block"},{"angle":-259.04125976563,"time":165.25,"type":"block"},{"angle":-260.62017822266,"time":165.5,"type":"block"},{"angle":-255.87576293945,"time":165.75,"type":"block"},{"angle":-250.9098815918,"time":166,"type":"block"},{"angle":-245.74948120117,"time":166.25,"type":"block"},{"angle":-241.90029907227,"time":166.5,"type":"block"},{"angle":-238.60885620117,"time":166.75,"type":"block"},{"angle":-237.30661010742,"time":167,"type":"block"},{"angle":-221.61981201172,"time":167.5,"type":"block"},{"angle":60.284297943115,"time":161.25,"type":"block"},{"angle":58.789596557617,"time":161.5,"type":"block"},{"angle":66.030466079712,"time":161.75,"type":"block"},{"angle":71.370100021362,"time":162,"type":"block"},{"angle":78.086919784546,"time":162.25,"type":"block"},{"angle":84.975141525269,"time":162.5,"type":"block"},{"angle":89.900762081146,"time":162.75,"type":"block"},{"angle":92.230469942093,"time":163,"type":"block"},{"angle":-212.02508544922,"time":167.75,"type":"block"},{"angle":-229.40591430664,"time":167.25,"type":"block"},{"angle":-201.82388305664,"time":168,"type":"block"},{"angle":-188.58102416992,"time":168.25,"type":"block"},{"angle":-179.40188598633,"time":168.5,"type":"block"},{"angle":-167.3017578125,"time":168.75,"type":"block"},{"angle":-155.3758392334,"time":169,"type":"block"},{"angle2":146.25,"type":"hold","holdEase":"inQuad","angle":213.75,"time":137.5,"duration":5.5},{"angle":236.25,"time":137.25,"type":"block"},{"angle":236.25,"time":137,"type":"block"},{"angle":157.5,"time":143,"type":"block"},{"tap":true,"angle":135,"time":143,"type":"block"},{"tap":true,"angle":112.5,"time":143.75,"type":"block"},{"tap":true,"angle":90,"time":144.5,"type":"block"},{"angle":270,"time":145,"type":"block"},{"angle":236.25,"time":145.25,"type":"block"},{"angle2":292.5,"holdEase":"inQuad","type":"hold","angle":247.5,"endTap":true,"time":145.5,"duration":3.5},{"angle":303.75,"time":149,"type":"block"},{"tap":true,"angle":315,"time":150.5,"type":"block"},{"tap":true,"angle":0,"time":152,"type":"block"},{"angle2":180,"holdEase":"inQuad","type":"hold","startTap":true,"angle":225,"time":153.75,"duration":3.5},{"tap":true,"angle":135,"time":159,"type":"block"},{"angle":123.75,"time":159,"type":"block"},{"angle":146.25,"time":159,"type":"block"},{"tap":true,"angle":123.75,"time":159.75,"type":"block"},{"angle":135,"time":159.75,"type":"block"},{"angle":112.5,"time":159.75,"type":"block"},{"tap":true,"angle":78.75,"time":160.5,"type":"block"},{"angle":67.5,"time":160.5,"type":"block"},{"angle":90,"time":160.5,"type":"block"},{"angle":258.75,"time":161,"type":"block"},{"angle":236.25,"time":161,"type":"block"},{"tap":true,"angle":258.75,"time":161.66667175293,"type":"block"},{"tap":true,"angle":281.25,"time":162.33332824707,"type":"block"},{"tap":true,"angle":281.25,"time":163,"type":"block"},{"tap":true,"angle":270,"time":163.66667175293,"type":"block"},{"tap":true,"angle":258.75,"time":164.33332824707,"type":"block"},{"tap":true,"angle":292.5,"time":165,"type":"block"},{"angle":303.75,"time":165,"type":"block"},{"angle":281.25,"time":165.25,"type":"block"},{"angle2":393.75,"holdEase":"inQuad","type":"hold","angle":292.5,"endTap":true,"time":165.5,"duration":3.5},{"angle":45,"time":169,"type":"block"},{"angle":67.5,"time":169.5,"type":"block"},{"angle":56.25,"time":169.75,"type":"block"},{"angle":33.75,"time":170.25,"type":"block"},{"angle2":45,"duration":0.5,"angle":56.25,"time":170.75,"type":"hold"},{"angle":56.25,"time":171.5,"type":"block"},{"angle":45,"time":171.66667175293,"type":"block"},{"angle":33.75,"time":171.83332824707,"type":"block"},{"angle":22.5,"time":172,"type":"block"},{"angle":11.25,"time":172.25,"type":"block"},{"angle":360,"time":172.5,"type":"block"},{"angle":348.75,"time":172.75,"type":"block"},{"tap":true,"angle":337.5,"time":173,"type":"block"},{"angle":326.25,"time":173,"type":"block"},{"angle":303.75,"time":173.25,"type":"block"},{"angle":292.5,"time":173.5,"type":"block"},{"angle":270,"time":173.75,"type":"block"},{"angle":191.25,"time":174.25,"type":"block"},{"angle":202.5,"time":174.5,"type":"block"},{"angle":180,"time":174.75,"type":"block"},{"angle":146.25,"time":175.25,"type":"block"},{"angle":135,"time":175.5,"type":"block"},{"angle":123.75,"time":175.75,"type":"block"},{"tap":true,"angle":112.5,"time":176,"type":"block"},{"angle":101.25,"time":176,"type":"block"},{"angle":101.25,"time":176.16667175293,"type":"block"},{"angle":90,"time":176.33332824707,"type":"block"},{"angle":78.75,"time":176.5,"type":"block"},{"angle":67.5,"time":176.66667175293,"type":"block"},{"angle":56.25,"time":176.83332824707,"type":"block"},{"tap":true,"angle":45,"time":177,"type":"block"},{"angle":326.25,"time":177.5,"type":"block"},{"tap":true,"angle":303.75,"time":177.75,"type":"block"},{"angle":315,"time":177.75,"type":"block"},{"angle":258.75,"time":178.25,"type":"block"},{"tap":true,"angle":270,"time":178.5,"type":"block"},{"angle":281.25,"time":178.5,"type":"block"},{"angle":360,"time":179,"type":"block"},{"angle2":337.5,"duration":0.25,"angle":348.75,"time":179.25,"type":"hold"},{"angle":326.25,"time":179.5,"type":"block"},{"angle":303.75,"time":179.75,"type":"block"},{"angle":315,"time":180,"type":"block"},{"angle":292.5,"time":180.25,"type":"block"},{"angle":270,"time":180.5,"type":"block"},{"angle":281.25,"time":180.75,"type":"block"},{"angle":247.5,"time":181,"type":"block"},{"angle":258.75,"time":181.25,"type":"block"},{"tap":true,"angle":236.25,"time":181,"type":"block"},{"tap":true,"angle":180,"time":182,"type":"block"},{"angle":168.75,"time":182,"type":"block"},{"angle":157.5,"time":182.25,"type":"block"},{"angle":33.75,"time":183.75,"type":"block"},{"angle":11.25,"time":184.25,"type":"block"},{"angle":348.75,"time":184.75,"type":"block"},{"tap":true,"angle":337.5,"time":185,"type":"block"},{"angle":292.5,"time":185.25,"type":"block"},{"angle":303.75,"time":185.5,"type":"block"},{"tap":true,"angle":337.5,"time":185.75,"type":"block"},{"angle":292.5,"time":186,"type":"block"},{"angle":303.75,"time":186.25,"type":"block"},{"tap":true,"angle":337.5,"time":186.5,"type":"block"},{"angle":292.5,"time":186.75,"type":"block"},{"angle":303.75,"time":187,"type":"block"},{"angle":67.5,"time":183.25,"type":"block"},{"tap":true,"angle":337.5,"time":187.25,"type":"block"},{"angle":292.5,"time":187.5,"type":"block"},{"angle":303.75,"time":187.75,"type":"block"},{"tap":true,"angle":337.5,"time":188,"type":"block"},{"angle":315,"time":188.25,"type":"block"},{"angle":303.75,"time":188.5,"type":"block"},{"angle":281.25,"time":188.75,"type":"block"},{"angle":236.25,"time":189,"type":"block"},{"angle":247.5,"time":189.16667175293,"type":"block"},{"angle":270,"time":189.33332824707,"type":"block"},{"angle":292.5,"time":189.5,"type":"block"},{"angle":315,"time":189.75,"type":"block"},{"angle":348.75,"time":190.25,"type":"block"},{"angle":0,"time":190.5,"type":"block"},{"angle":11.25,"time":190.75,"type":"block"},{"tap":true,"angle":33.75,"time":191,"type":"block"},{"angle":45,"time":191,"type":"block"},{"angle":67.5,"time":191.5,"type":"block"},{"tap":true,"angle":56.25,"time":191.75,"type":"block"},{"angle":45,"time":191.75,"type":"block"},{"angle":56.25,"time":192.25,"type":"block"},{"angle":67.5,"time":192.5,"type":"block"},{"angle":90,"time":192.75,"type":"block"},{"angle":112.5,"time":193,"type":"block"},{"angle":112.5,"time":193.75,"type":"block"},{"angle":67.5,"time":194,"type":"block"},{"tap":true,"angle":78.75,"time":194,"type":"block"},{"tap":true,"angle":78.75,"time":193.25,"type":"block"},{"angle":67.5,"time":193.25,"type":"block"},{"angle":112.5,"time":194.5,"type":"block"},{"tap":true,"angle":78.75,"time":194.75,"type":"block"},{"angle":67.5,"time":194.75,"type":"block"},{"angle":112.5,"time":195.25,"type":"block"},{"angle":67.5,"time":195.5,"type":"block"},{"angle":90,"time":195.75,"type":"block"},{"angle":112.5,"time":196,"type":"block"},{"angle":123.75,"time":196.16667175293,"type":"block"},{"angle":135,"time":196.33332824707,"type":"block"},{"angle":146.25,"time":196.5,"type":"block"},{"angle":168.75,"time":196.75,"type":"block"},{"angle":180,"time":196.875,"type":"block"},{"angle":191.25,"time":197,"type":"block"},{"tap":true,"angle":202.5,"time":197,"type":"block"},{"tap":true,"angle":225,"time":197.75,"type":"block"},{"angle":236.25,"time":197.75,"type":"block"},{"angle":258.75,"time":198.5,"type":"block"},{"angle":247.5,"time":198.375,"type":"block"},{"angle":213.75,"time":197.33332824707,"type":"block"},{"angle2":315,"holdEase":"inSine","type":"hold","startTap":true,"angle":270,"time":198.5,"duration":1},{"angle":326.25,"time":199.66667175293,"type":"block"},{"angle":337.5,"time":199.83332824707,"type":"block"},{"angle":348.75,"time":200,"type":"block"},{"angle":360,"time":200.16667175293,"type":"block"},{"angle":11.25,"time":200.33332824707,"type":"block"},{"angle":22.5,"time":200.5,"type":"block"},{"angle":33.75,"time":200.66667175293,"type":"block"},{"angle":45,"time":200.83332824707,"type":"block"},{"tap":true,"angle":67.5,"time":195.5,"type":"block"},{"angle":78.75,"time":195.5,"type":"block"},{"angle2":405,"type":"hold","angle":303.75,"endTap":true,"time":199.5,"duration":1.5},{"angle":22.5,"time":201.5,"type":"block"},{"angle":0,"time":201.75,"type":"block"},{"angle":315,"time":202.25,"type":"block"},{"angle":337.5,"time":201.75,"type":"block"},{"angle":292.5,"time":202.25,"type":"block"},{"angle2":315,"duration":0.75,"startTap":true,"angle":270,"time":202.75,"type":"hold"},{"angle":337.5,"time":203.5,"type":"block"},{"angle":22.5,"time":204,"type":"block"},{"angle":90,"time":204.5,"type":"block"},{"angle":202.5,"time":205,"type":"block"},{"tap":true,"angle":191.25,"time":205,"type":"block"},{"angle":258.75,"time":205.5,"type":"block"},{"angle":247.5,"time":205.75,"type":"block"},{"angle":270,"time":206.25,"type":"block"},{"angle":315,"time":206.75,"type":"block"},{"angle2":247.5,"duration":0.75,"startTap":true,"angle":337.5,"time":206.75,"type":"hold"},{"angle":202.5,"time":208,"type":"block"},{"angle":135,"time":208.5,"type":"block"},{"tap":true,"angle":90,"time":209,"type":"block"},{"angle":67.5,"time":209,"type":"block"},{"angle":45,"time":209.5,"type":"block"},{"angle":22.5,"time":209.75,"type":"block"},{"angle":337.5,"time":210.25,"type":"block"},{"tap":true,"angle":22.5,"time":210.75,"type":"block"},{"angle2":-67.5,"type":"hold","angle":0,"endTap":true,"time":210.75,"duration":2.25},{"angle":348.75,"time":211.5,"type":"block"},{"angle":337.5,"time":212,"type":"block"},{"angle":315,"time":212.5,"type":"block"},{"angle":281.25,"time":213,"type":"block"},{"angle":326.25,"time":213.5,"type":"block"},{"angle":348.75,"time":213.75,"type":"block"},{"angle":22.5,"time":214.25,"type":"block"},{"angle2":123.75,"holdEase":"inQuad","type":"hold","startTap":true,"angle":56.25,"time":214.75,"duration":0.75},{"tap":true,"angle":157.5,"time":216,"type":"block"},{"angle":168.75,"time":216,"type":"block"},{"tap":true,"angle":213.75,"time":216.5,"type":"block"},{"angle":202.5,"time":216.5,"type":"block"},{"angle":168.75,"time":217,"type":"block"},{"tap":true,"angle":157.5,"time":217,"type":"block"},{"tap":true,"angle":90,"time":218,"type":"block"},{"tap":true,"angle":270,"time":219,"type":"block"},{"tap":true,"angle":270,"time":220,"type":"block"},{"tap":true,"angle":270,"time":221,"type":"block"},{"tap":true,"angle":90,"time":222,"type":"block"},{"tap":true,"angle":270,"time":223,"type":"block"},{"tap":true,"angle":90,"time":224,"type":"block"},{"tap":true,"angle":270,"time":225,"type":"block"},{"tap":true,"angle":90,"time":226,"type":"block"},{"tap":true,"angle":270,"time":227,"type":"block"},{"angle2":-180,"duration":1,"angle":90,"startTap":true,"endTap":true,"time":228,"type":"hold"},{"angle2":-675,"type":"hold","angle":90,"endTap":true,"time":235,"duration":2},{"angle":337.5,"time":218.75,"type":"block"},{"angle":360,"time":219.5,"type":"block"},{"angle":225,"time":220.5,"type":"block"},{"angle":135,"time":217.5,"type":"block"},{"angle":112.5,"time":217.75,"type":"block"},{"angle":22.5,"time":218.25,"type":"block"},{"angle":180,"time":221.5,"type":"block"},{"angle":135,"time":221.75,"type":"block"},{"angle":157.5,"time":222.25,"type":"block"},{"angle":247.5,"time":222.75,"type":"block"},{"angle":180,"time":223.5,"type":"block"},{"angle":0,"time":224.5,"type":"block"},{"angle":0,"time":225.5,"type":"block"},{"angle":45,"time":225.75,"type":"block"},{"angle":45,"time":226.25,"type":"block"},{"angle":315,"time":226.75,"type":"block"},{"angle":0,"time":227.5,"type":"block"},{"angle":112.5,"time":229.5,"type":"block"},{"angle":90,"time":229.75,"type":"block"},{"angle":45,"time":230.25,"type":"block"},{"tap":true,"angle":0,"time":230.75,"type":"block"},{"angle":348.75,"time":230.75,"type":"block"},{"angle":11.25,"time":230.75,"type":"block"},{"angle":315,"time":231.5,"type":"block"},{"angle":225,"time":232.25,"type":"block"},{"tap":true,"angle":180,"time":232.75,"type":"block"},{"angle":191.25,"time":232.75,"type":"block"},{"angle":168.75,"time":232.75,"type":"block"},{"angle":292.5,"time":231.75,"type":"block"},{"tap":true,"angle":360,"time":238,"type":"block"},{"angle":22.5,"time":237,"type":"block"},{"angle":315,"time":238.5,"type":"block"},{"angle":247.5,"time":239,"type":"block"},{"angle":270,"time":239.25,"type":"block"},{"angle":292.5,"time":239.75,"type":"block"},{"tap":true,"angle":270,"time":240,"type":"block"},{"angle":225,"time":240.75,"type":"block"},{"angle":180,"time":241.5,"type":"block"},{"angle":247.5,"time":240.25,"type":"block"},{"tap":true,"angle":135,"time":242,"type":"block"},{"angle":112.5,"time":242.25,"type":"block"},{"angle":180,"time":242.5,"type":"block"},{"angle":202.5,"time":242.75,"type":"block"},{"angle":225,"time":243,"type":"block"},{"angle":292.5,"time":243.5,"type":"block"},{"angle":247.5,"time":243.75,"type":"block"},{"angle":270,"time":244.25,"type":"block"},{"angle":225,"time":244.75,"type":"block"},{"angle":225,"time":245.5,"type":"block"},{"tap":true,"angle":180,"time":246,"type":"block"},{"angle":225,"time":246.5,"type":"block"},{"angle":157.5,"time":247,"type":"block"},{"angle":135,"time":247.25,"type":"block"},{"angle":90,"time":247.75,"type":"block"},{"angle":45,"time":248.25,"type":"block"},{"angle":0,"time":248.75,"type":"block"},{"tap":true,"angle":67.5,"time":248,"type":"block"},{"tap":true,"angle":258.75,"time":244,"type":"block"},{"angle":292.5,"time":249.5,"type":"block"},{"tap":true,"angle":270,"time":250,"type":"block"},{"angle":337.5,"time":250.5,"type":"block"},{"angle":292.5,"time":250.75,"type":"block"},{"angle":315,"time":251,"type":"block"},{"angle":337.5,"time":251.5,"type":"block"},{"angle":315,"time":251.75,"type":"block"},{"tap":true,"angle":337.5,"time":252,"type":"block"},{"angle":315,"time":252.25,"type":"block"},{"angle":292.5,"time":253,"type":"block"},{"angle":270,"time":252.75,"type":"block"},{"angle":247.5,"time":253.66667175293,"type":"block"},{"tap":true,"angle":225,"time":254,"type":"block"},{"angle":236.25,"time":253.83332824707,"type":"block"},{"angle":202.5,"time":254.25,"type":"block"},{"angle":225,"time":254.5,"type":"block"},{"angle":180,"time":254.75,"type":"block"},{"angle":180,"time":255.5,"type":"block"},{"angle":180,"time":255.75,"type":"block"},{"tap":true,"angle":202.5,"time":256,"type":"block"},{"angle":180,"time":256.25,"type":"block"},{"angle":157.5,"time":256.5,"type":"block"},{"angle":202.5,"time":257,"type":"block"},{"angle":157.5,"time":257.5,"type":"block"},{"angle":135,"time":257.75,"type":"block"},{"tap":true,"angle":202.5,"time":258,"type":"block"},{"angle":180,"time":258.5,"type":"block"},{"angle":157.5,"time":258.75,"type":"block"},{"angle":202.5,"time":259,"type":"block"},{"angle":225,"time":259.5,"type":"block"},{"angle":247.5,"time":259.75,"type":"block"},{"tap":true,"angle":270,"time":260,"type":"block"},{"angle":202.5,"time":260.25,"type":"block"},{"angle":247.5,"time":260.75,"type":"block"},{"angle":270,"time":261,"type":"block"},{"angle":270,"time":261.25,"type":"block"},{"angle":225,"time":261.5,"type":"block"},{"angle2":202.5,"duration":0.25,"startTap":true,"angle":180,"time":262,"type":"hold"},{"angle2":180,"duration":0.25,"angle":225,"time":262.5,"type":"hold"},{"angle":157.5,"time":263,"type":"block"},{"angle":112.5,"time":263.5,"type":"block"},{"angle":123.75,"time":263.75,"type":"block"},{"tap":true,"angle":135,"time":264,"type":"block"},{"angle":157.5,"time":264.25,"type":"block"},{"angle":112.5,"time":264.75,"type":"block"},{"angle2":22.5,"duration":0.25,"angle":45,"time":265.5,"type":"hold"},{"tap":true,"angle":45,"time":266,"type":"block"},{"angle":360,"time":266.5,"type":"block"},{"angle":315,"time":267,"type":"block"},{"angle":292.5,"time":267.25,"type":"block"},{"angle2":202.5,"duration":0.75,"angle":270,"time":267.75,"type":"hold"},{"angle":281.25,"time":267.5,"type":"block"},{"tap":true,"angle":225,"time":268,"type":"block"},{"angle":180,"time":269,"type":"block"},{"angle":168.75,"time":268.9375,"type":"block"},{"tap":true,"angle":90,"time":270,"type":"block"},{"angle2":236.25,"type":"hold","angle":213.75,"time":271,"duration":0.75},{"angle":225,"time":271.0625,"type":"block"},{"angle":123.75,"time":272.5,"type":"block"},{"angle":45,"time":273.5625,"type":"block"},{"angle2":11.25,"duration":0.5,"angle":33.75,"endTap":true,"time":273.5,"type":"hold"},{"angle":326.25,"time":274.5,"type":"block"},{"angle":292.5,"time":275.0625,"type":"block"},{"angle2":315,"duration":0.75,"angle":303.75,"time":275,"type":"hold"},{"angle":292.5,"time":276.25,"type":"block"},{"angle":258.75,"time":276.75,"type":"block"},{"angle2":247.5,"type":"hold","angle":270,"time":281,"duration":0.49999994039536},{"angle":258.75,"time":280.83334350586,"type":"block"},{"angle":247.5,"time":280.66665649414,"type":"block"},{"angle":236.25,"time":280.5,"type":"block"},{"angle":213.75,"time":281.75,"type":"block"},{"angle":180,"time":282.25,"type":"block"},{"angle":146.25,"time":282.75,"type":"block"},{"tap":true,"angle":202.5,"time":272,"type":"block"},{"tap":true,"angle":303.75,"time":276,"type":"block"},{"tap":true,"angle":236.25,"time":278,"type":"block"},{"tap":true,"angle":247.5,"time":280,"type":"block"},{"tap":true,"angle":195,"time":282,"type":"block"},{"tap":true,"angle":120,"time":284,"type":"block"},{"angle":90,"time":285.5,"type":"block"},{"tap":true,"angle":67.5,"time":286,"type":"block"},{"angle":45,"time":286.5,"type":"block"},{"angle":101.25,"time":285.4375,"type":"block"},{"angle2":22.5,"duration":0.75,"angle":0,"time":287,"type":"hold"},{"tap":true,"angle":33.75,"time":288,"type":"block"},{"angle":11.25,"time":287.0625,"type":"block"},{"angle":303.75,"time":289,"type":"block"},{"angle":281.25,"time":289.5,"type":"block"},{"angle":270,"time":289.75,"type":"block"},{"tap":true,"angle":258.75,"time":290,"type":"block"},{"angle":292.5,"time":290.25,"type":"block"},{"angle":315,"time":290.875,"type":"block"},{"angle":326.25,"time":290.75,"type":"block"},{"angle":315,"time":291.25,"type":"block"},{"angle":292.5,"time":291.5,"type":"block"},{"tap":true,"angle":270,"time":292,"type":"block"},{"angle":247.5,"time":292.5,"type":"block"},{"angle":180,"time":293.5,"type":"block"},{"tap":true,"angle":112.5,"time":294,"type":"block"},{"angle":112.5,"time":295,"type":"block"},{"angle":135,"time":294.9375,"type":"block"},{"angle":157.5,"time":295.75,"type":"block"},{"tap":true,"angle":135,"time":296,"type":"block"},{"angle":101.25,"time":297,"type":"block"},{"tap":true,"angle":360,"time":298,"type":"block"},{"angle":270,"time":299.0625,"type":"block"},{"angle2":90,"type":"hold","angle":180,"startTap":true,"endTap":true,"time":300,"duration":1},{"angle":90,"time":297.0625,"type":"block"},{"angle":258.75,"time":299,"type":"block"},{"angle":78.75,"time":301.25,"type":"block"},{"angle":101.25,"time":301.5,"type":"block"},{"angle":90,"time":301.75,"type":"block"},{"tap":true,"angle":0,"time":302.5,"type":"block"},{"angle":348.75,"time":302.75,"type":"block"},{"angle":11.25,"time":303,"type":"block"},{"angle":360,"time":303.25,"type":"block"},{"angle":348.75,"time":303.25,"type":"block"},{"angle":11.25,"time":303.25,"type":"block"},{"angle":78.75,"time":301.75,"type":"block"},{"angle":101.25,"time":301.75,"type":"block"},{"tap":true,"angle":270,"time":304,"type":"block"},{"angle":281.25,"time":304.5,"type":"block"},{"angle":258.75,"time":304.25,"type":"block"},{"angle":281.25,"time":304.75,"type":"block"},{"angle":270,"time":304.75,"type":"block"},{"angle":258.75,"time":304.75,"type":"block"},{"tap":true,"angle":90,"time":309,"type":"block"},{"angle":78.75,"time":308.83334350586,"type":"block"},{"angle":101.25,"time":308.66665649414,"type":"block"},{"angle":78.75,"time":308.5,"type":"block"}]