{"properties":{"offset":8,"formatversion":12,"startBeat":0,"speed":70},"events":[{"type":"play","angle":270,"time":0,"volume":1,"file":"Round Start (Unused Mix) - Among Us.ogg","bpm":148},{"time":12,"type":"showResults","angle":337.5},{"time":4.5,"duration":0.5,"angle":22.5,"newAngle":180,"paddle":2,"type":"paddles","ease":"linear","enabled":true}],"metadata":{"songName":"Round Start (Unused Mix) - Among Us","bg":true,"difficulty":2,"artistLink":"","bgData":{"blueChannel":{"g":201,"r":149,"b":220},"image":"mogus.png","redChannel":{"g":17,"r":197,"b":17}},"artist":"PuffballsUnited","charter":"aedrien_","description":"This High Quality Rip(TM) of Round Start (Unused Mix) has been sourced from only the best from within the High Quality Video Games Soundtrack Rips(TM) community!\n\nPlease enjoy this High Quality Rip(TM)"}}