{"properties":{"speed":80,"startBeat":0,"formatversion":12,"loadBeat":-1,"offset":8},"events":[{"angle":90,"time":1,"file":"iloveyoutoomuch.ogg","type":"play","volume":1,"bpm":175},{"sx":0.49999997019768,"sy":0.49999991059303,"time":-2,"type":"deco","x":0,"angle":90,"sprite":"Untitled.png","drawLayer":"bg","y":0,"id":""},{"type":"showResults","angle":180,"time":420.5}],"metadata":{"description":"if you didnt know, its super easy to make your own worm by just editing the code of ILOVEYOU.vbs\n\"script kiddies\" would edit them, poorly.","bgData":{"redChannel":{"b":0,"g":0,"r":255},"image":"Untitled.png","blueChannel":{"b":255,"g":0,"r":0}},"bg":true,"songName":"ILOVEYOU.vbs but it was edited by a skid","artistLink":"","difficulty":2,"artist":"AspidCat","charter":"Gotchfutchian"}}