{"events":[{"type":"ease","value":50,"time":-1,"angle":191.25,"var":"p.bodyRadius"},{"type":"ease","value":57,"time":-1,"angle":168.75,"var":"p.paddleDistance"},{"type":"play","time":1,"volume":1,"file":"diabeto.ogg","angle":360,"bpm":119},{"sy":0.079999998211861,"sprite":"cookie.png","x":130,"y":135,"type":"deco","outline":true,"time":-1,"id":"cookie","angle":146.25,"sx":0.079999998211861},{"type":"setColor","angle":112.5,"color":3,"g":152,"r":232,"b":80,"time":-1},{"type":"setColor","angle":90,"color":2,"g":115,"r":185,"b":53,"time":-1},{"type":"setColor","b":19,"color":1,"g":42,"r":69,"angle":67.5,"time":-1},{"type":"outline","enable":true,"color":3,"time":-1,"angle":213.75},{"id":"cookie","x":-500,"ease":"inSine","duration":5,"type":"deco","angle":45,"time":12},{"type":"ease","duration":5,"ease":"inSine","time":12,"value":1000,"angle":67.5,"var":"p.x"},{"time":14,"angle":22.5,"type":"showResults"}],"properties":{"loadBeat":-1,"offset":8,"startBeat":0,"formatversion":12,"speed":70},"metadata":{"artist":"Family Guy","charter":"By: newqu","difficulty":0,"songName":"mama may i have cookie?","bg":true,"description":"LOLL.\n","artistLink":"","bgData":{"redChannel":{"g":145,"r":215,"b":94},"blueChannel":{"g":67,"r":37,"b":105},"image":"bg.png"}}}