[{"time":4.8333334922791,"angle2":150,"type":"hold","angle":120,"duration":0.75},{"time":6.3333334922791,"angle2":135,"type":"hold","angle":165,"duration":0.5},{"time":7.3333334922791,"angle2":180,"type":"hold","angle":135,"duration":0.5},{"time":7.8333334922791,"angle2":210,"type":"hold","angle":180,"duration":0.5},{"type":"block","angle":255,"time":8.8333330154419},{"type":"block","angle":300,"time":9.3333330154419},{"type":"block","angle":315,"time":9.5},{"type":"block","angle":345,"time":10.333333015442},{"type":"block","angle":0,"time":10.833333015442},{"type":"block","angle":15,"time":11.333333015442},{"type":"block","angle":330,"time":11.833333015442},{"type":"block","angle":285,"time":12.333333015442},{"type":"block","angle":255,"time":12.833333015442},{"type":"block","angle":210,"time":13.333333015442},{"type":"block","angle":195,"time":13.5},{"type":"block","angle":150,"time":14.333333015442},{"type":"block","angle":165,"time":14.5},{"type":"block","angle":180,"time":14.833333015442},{"type":"block","angle":180,"time":15.333333015442},{"time":15.833333015442,"angle2":135,"type":"hold","angle":150,"duration":0.5},{"type":"block","angle":120,"tap":true,"time":16.833333969116},{"type":"block","angle":105,"tap":true,"time":16.833333969116},{"type":"block","angle":120,"tap":true,"time":17.5},{"type":"block","angle":105,"tap":true,"time":17.5},{"type":"block","angle":90,"tap":true,"time":18.333333969116},{"type":"block","angle":75,"tap":true,"time":18.333333969116},{"type":"block","angle":75,"tap":true,"time":18.833333969116},{"type":"block","angle":90,"tap":true,"time":18.833333969116},{"startTap":true,"time":19.5,"type":"hold","angle2":75,"angle":75,"duration":0.75},{"startTap":true,"time":19.5,"type":"hold","angle2":90,"angle":90,"duration":0.75},{"time":20.75,"angle2":75,"type":"hold","angle":60,"duration":2},{"time":21.25,"angle2":75,"type":"hold","angle":75,"duration":1.5},{"time":21.75,"angle2":75,"type":"hold","angle":90,"duration":1},{"type":"extraTap","angle":60,"time":22.75},{"startTap":true,"time":24.25,"type":"hold","angle2":90,"angle":105,"duration":0.5},{"time":24.75,"angle2":45,"type":"hold","angle":90,"duration":1.5},{"type":"block","angle":30,"time":26.5},{"type":"block","angle":15,"time":26.833333969116},{"type":"block","angle":0,"time":28.25},{"time":28.75,"angle2":315,"type":"hold","angle":345,"duration":0.5},{"time":29.75,"angle2":315,"type":"hold","angle":285,"duration":0.5},{"startTap":true,"time":30.75,"type":"hold","angle2":330,"angle":330,"duration":1},{"time":32.25,"angle2":375,"type":"hold","angle":345,"duration":1},{"time":33.25,"angle2":90,"type":"hold","angle":15,"duration":1},{"time":34.25,"angle2":60,"type":"hold","angle":90,"duration":2},{"type":"mine","angle":210,"time":37.5},{"type":"mine","angle":180,"time":37.5},{"type":"mine","angle":150,"time":37.5},{"type":"mine","angle":120,"time":38},{"type":"mine","angle":90,"time":38},{"type":"mine","angle":240,"time":38},{"type":"mine","angle":270,"time":38},{"type":"block","angle":345,"tap":true,"time":38.833332061768},{"type":"block","angle":15,"tap":true,"time":38.833332061768},{"type":"block","angle":30,"time":40.25},{"endTap":true,"time":40.75,"type":"hold","angle2":-15,"angle":15,"duration":1.5},{"time":42.5,"angle2":315,"type":"hold","angle":330,"duration":0.25},{"type":"block","angle":240,"time":44.25},{"type":"block","angle":225,"time":44.5},{"type":"block","angle":210,"time":44.75},{"time":45.25,"angle2":195,"type":"hold","angle":195,"duration":0.5},{"endTap":true,"time":45.75,"type":"hold","angle2":180,"angle":195,"duration":0.5},{"time":46.25,"angle2":135,"type":"hold","angle":180,"duration":1},{"endTap":true,"time":47.25,"type":"hold","angle2":165,"angle":135,"duration":0.49999988079071},{"type":"block","angle":180,"time":48.5},{"time":48.833332061768,"angle2":240,"type":"hold","angle":195,"duration":0.83333331346512},{"time":49.833332061768,"angle2":285,"type":"hold","angle":255,"duration":0.75},{"time":51.333332061768,"angle2":285,"type":"hold","angle":285,"duration":0.5},{"time":55,"angle2":60,"type":"mineHold","angle":60,"duration":1},{"time":55,"angle2":90,"type":"mineHold","angle":90,"duration":1},{"time":55,"angle2":270,"type":"mineHold","angle":270,"duration":1},{"time":55,"angle2":300,"type":"mineHold","angle":300,"duration":1},{"time":55,"angle2":180,"type":"mineHold","angle":180,"duration":1},{"time":55,"angle2":120,"type":"mineHold","angle":120,"duration":1},{"time":55,"angle2":240,"type":"mineHold","angle":240,"duration":1},{"time":55,"angle2":210,"type":"mineHold","angle":210,"duration":1},{"time":55,"angle2":150,"type":"mineHold","angle":150,"duration":1},{"time":56.25,"angle2":330,"type":"hold","angle":360,"duration":0.5},{"time":56.75,"angle2":315,"type":"hold","angle":330,"duration":1.5},{"type":"block","angle":300,"time":58.5},{"type":"block","angle":285,"tap":true,"time":58.75},{"type":"block","angle":225,"time":60.333332061768},{"time":60.833332061768,"angle2":195,"angle":210,"type":"hold","duration":0.5},{"time":61.333332061768,"angle2":225,"angle":195,"type":"hold","duration":0.58333331346512},{"type":"block","angle":240,"time":62.333332061768},{"time":62.833332061768,"angle2":285,"type":"hold","angle":240,"duration":1},{"endTap":true,"time":64.333335876465,"type":"hold","angle2":270,"angle":315,"duration":1},{"time":66.333335876465,"angle2":210,"type":"hold","angle":240,"duration":1},{"time":65.333335876465,"angle2":240,"type":"hold","angle":270,"duration":1},{"type":"block","angle":150,"time":68.833335876465},{"type":"block","angle":120,"time":69.333335876465},{"type":"block","angle":105,"time":69.833335876465},{"time":70.333335876465,"angle2":60,"type":"hold","angle":90,"duration":1},{"time":72.333335876465,"angle2":0,"type":"hold","angle":30,"duration":1},{"type":"block","angle":345,"time":73.833335876465},{"time":74.333335876465,"angle2":330,"type":"hold","angle":330,"duration":1},{"time":74.333335876465,"angle2":315,"type":"hold","angle":315,"duration":1},{"type":"block","angle":255,"tap":true,"time":76.333335876465},{"time":76.833335876465,"angle2":225,"type":"hold","angle":225,"duration":1},{"time":76.833335876465,"angle2":210,"type":"hold","angle":210,"duration":1},{"type":"block","angle":195,"tap":true,"time":78.333335876465},{"type":"block","angle":180,"tap":true,"time":78.333335876465},{"type":"block","angle":150,"tap":true,"time":79.333335876465},{"type":"block","angle":135,"tap":true,"time":79.333335876465},{"time":79.833335876465,"angle2":120,"type":"hold","angle":120,"duration":1},{"time":79.833335876465,"angle2":105,"type":"hold","angle":105,"duration":1},{"time":81.833335876465,"angle2":135,"angle":135,"type":"hold","duration":0.49999994039536},{"time":82.333335876465,"angle2":120,"type":"hold","angle":135,"duration":1},{"time":83.333335876465,"angle2":90,"type":"hold","angle":120,"duration":0.49999988079071},{"type":"block","angle":285,"time":50.833332061768},{"time":51.833332061768,"angle2":315,"type":"hold","angle":285,"duration":0.49999994039536},{"time":52.333332061768,"angle2":345,"type":"hold","angle":315,"duration":1},{"endTap":true,"time":53.333332061768,"type":"hold","angle2":360,"angle":345,"duration":1.6666665077209},{"type":"block","angle":75,"time":84.333335876465},{"type":"block","angle":60,"time":84.833335876465},{"type":"block","angle":30,"time":85.333335876465},{"type":"block","angle":0,"time":85.833335876465},{"time":86.333335876465,"angle2":330,"type":"hold","angle":330,"duration":0.49999994039536},{"time":86.333335876465,"angle2":315,"type":"hold","angle":315,"duration":0.49999994039536},{"type":"extraTap","angle":15,"time":89.833335876465},{"type":"extraTap","angle":15,"time":88.833335876465},{"type":"extraTap","angle":15,"time":87.833335876465},{"type":"extraTap","angle":15,"time":86.833335876465},{"type":"extraTap","angle":15,"time":90.833335876465},{"type":"extraTap","angle":15,"time":91.833335876465},{"type":"extraTap","angle":15,"time":92.833335876465},{"type":"extraTap","angle":15,"time":93.833335876465},{"type":"extraTap","angle":15,"time":94.833335876465},{"type":"extraTap","angle":15,"time":95.833335876465},{"type":"extraTap","angle":15,"time":96.833335876465},{"type":"extraTap","angle":15,"time":97.833335876465},{"type":"extraTap","angle":15,"time":98.833335876465},{"type":"extraTap","angle":15,"time":99.833335876465},{"type":"extraTap","angle":15,"time":100.83333587646},{"type":"extraTap","angle":15,"time":101.83333587646},{"time":88.333335876465,"angle2":345,"type":"hold","angle":360,"duration":0.49999994039536},{"type":"block","angle":330,"time":89.333335876465},{"time":89.833335876465,"angle2":300,"type":"hold","angle":315,"duration":0.49999994039536},{"time":90.333335876465,"angle2":300,"type":"hold","angle":300,"duration":0.49999994039536},{"type":"block","angle":330,"time":92.333335876465},{"type":"block","angle":315,"time":92.833335876465},{"time":93.333335876465,"angle2":330,"type":"hold","angle":330,"duration":0.49999994039536},{"time":93.833335876465,"angle2":345,"type":"hold","angle":330,"duration":0.49999994039536},{"time":94.333335876465,"angle2":360,"type":"hold","angle":345,"duration":0.49999994039536},{"type":"block","angle":15,"time":95.333335876465},{"type":"block","angle":30,"time":95.833335876465},{"time":96.333335876465,"angle2":30,"type":"hold","angle":45,"duration":0.33333325386047},{"type":"block","angle":30,"time":96.833335876465},{"type":"block","angle":15,"time":97.333335876465},{"type":"block","angle":360,"time":97.833335876465},{"time":98.333335876465,"angle2":345,"type":"hold","angle":345,"duration":0.83333331346512},{"time":99.166664123535,"angle2":360,"type":"hold","angle":345,"duration":0.66666662693024},{"time":100.33333587646,"angle2":390,"angle":360,"type":"hold","duration":0.83333331346512},{"time":102.83333587646,"angle2":90,"type":"mineHold","angle":90,"duration":1},{"time":102.83333587646,"angle2":270,"type":"mineHold","angle":270,"duration":1},{"time":102.83333587646,"angle2":180,"type":"mineHold","angle":180,"duration":1},{"time":102.83333587646,"angle2":225,"type":"mineHold","angle":225,"duration":1},{"time":102.83333587646,"angle2":135,"type":"mineHold","angle":135,"duration":1},{"time":102.83333587646,"angle2":15,"type":"hold","angle":15,"duration":1},{"time":102.83333587646,"angle2":345,"type":"hold","angle":345,"duration":1},{"type":"block","angle":0,"time":104.33333587646},{"time":104.83333587646,"angle2":300,"type":"hold","angle":315,"duration":0.49999994039536},{"time":105.33333587646,"angle2":285,"type":"hold","angle":300,"duration":0.49999994039536},{"type":"block","angle":240,"tap":true,"time":107.16666412354},{"type":"block","angle":255,"tap":true,"time":107.16666412354},{"type":"block","angle":255,"tap":true,"time":106.33333587646},{"type":"block","angle":240,"tap":true,"time":106.33333587646},{"time":108.33333587646,"angle2":195,"type":"hold","angle":225,"duration":1},{"time":109.33333587646,"angle2":135,"type":"hold","angle":195,"duration":1},{"time":110.33333587646,"angle2":45,"type":"hold","angle":135,"duration":1.8333331346512},{"time":113.16666412354,"angle2":15,"type":"hold","angle":15,"duration":0.49999994039536},{"time":113.66666412354,"angle2":0,"type":"hold","angle":15,"duration":0.66666662693024},{"startTap":true,"time":114.33333587646,"type":"hold","angle2":-90,"angle":0,"duration":2.5},{"type":"block","angle":300,"time":120.33333587646},{"type":"block","angle":315,"time":120.83333587646},{"type":"block","angle":330,"time":121.33333587646},{"type":"block","angle":345,"time":121.66666412354},{"endTap":true,"time":122.33333587646,"type":"hold","angle2":0,"angle":0,"duration":1},{"endTap":true,"time":122.33333587646,"type":"hold","angle2":15,"angle":15,"duration":1},{"time":123.33333587646,"angle2":-30,"type":"hold","angle":0,"duration":1},{"time":123.33333587646,"angle2":-15,"type":"hold","angle":15,"duration":1},{"time":124.33333587646,"angle2":360,"type":"hold","angle":330,"duration":1},{"time":124.33333587646,"angle2":375,"type":"hold","angle":345,"duration":1},{"endTap":true,"time":125.33333587646,"type":"hold","angle2":30,"angle":0,"duration":1},{"endTap":true,"time":125.33333587646,"type":"hold","angle2":45,"angle":15,"duration":1},{"time":126.33333587646,"angle2":60,"type":"hold","angle":30,"duration":1},{"time":126.33333587646,"angle2":75,"type":"hold","angle":45,"duration":1},{"type":"mine","angle":180,"time":117.16666412354},{"type":"mine","angle":210,"time":117.16666412354},{"type":"mine","angle":150,"time":117.16666412354},{"type":"mine","angle":90,"time":117.16666412354},{"type":"mine","angle":120,"time":117.16666412354},{"type":"mine","angle":60,"time":117.16666412354},{"type":"mine","angle":30,"time":117.16666412354},{"type":"mine","angle":0,"time":117.16666412354},{"type":"mine","angle":330,"time":117.16666412354},{"time":117.5,"type":"mineHold","angle2":105,"angle":105,"duration":1},{"time":117.5,"type":"mineHold","angle2":75,"angle":75,"duration":1},{"time":117.5,"type":"mineHold","angle2":45,"angle":45,"duration":1},{"time":117.5,"type":"mineHold","angle2":135,"angle":135,"duration":1},{"time":117.5,"type":"mineHold","angle2":165,"angle":165,"duration":1},{"time":117.5,"type":"mineHold","angle2":15,"angle":15,"duration":1},{"endTap":true,"time":128.33332824707,"type":"hold","angle2":105,"angle":105,"duration":0.49999994039536},{"type":"block","angle":90,"time":129.33332824707},{"time":129.5,"angle2":30,"type":"hold","angle":75,"duration":0.83333331346512},{"time":130.33332824707,"type":"hold","angle2":60,"angle":30,"duration":1},{"time":131.33332824707,"angle2":30,"type":"hold","angle":60,"duration":1},{"time":132.33332824707,"type":"hold","angle2":-45,"angle":30,"duration":1},{"time":133.33332824707,"angle2":390,"type":"hold","angle":315,"duration":1},{"time":134.33332824707,"angle2":105,"type":"hold","angle":30,"duration":1.4999998807907},{"time":134.33332824707,"type":"hold","angle2":120,"angle":45,"duration":1.4999998807907},{"time":133.33332824707,"type":"hold","angle2":405,"angle":315,"duration":1},{"type":"block","angle":120,"tap":true,"time":136.83332824707},{"time":137.33332824707,"type":"hold","angle2":135,"angle":135,"duration":0.49999994039536},{"time":137.83332824707,"type":"hold","angle2":105,"angle":135,"duration":1},{"startTap":true,"time":138.83332824707,"angle2":60,"type":"hold","angle":105,"duration":1},{"startTap":true,"time":139.83332824707,"angle2":15,"type":"hold","angle":60,"duration":1},{"startTap":true,"endTap":true,"time":140.83332824707,"type":"hold","angle2":-15,"angle":15,"duration":1},{"time":142.33332824707,"type":"hold","angle2":285,"angle":330,"duration":0.99999994039536},{"type":"block","angle":105,"time":138.33332824707},{"type":"block","angle":60,"time":139.5},{"type":"block","angle":15,"time":140.5},{"type":"block","angle":225,"time":144.33332824707},{"duration":0.49999994039536,"type":"hold","angle2":165,"angle":210,"time":144.83332824707},{"duration":0.49999994039536,"type":"hold","angle2":180,"angle":150,"time":145.83332824707},{"duration":0.49999994039536,"type":"hold","angle2":210,"angle":180,"time":146.33332824707},{"startTap":true,"time":146.83332824707,"type":"hold","angle2":270,"angle":210,"duration":1},{"type":"block","angle":270,"time":147.5},{"startTap":true,"time":147.83332824707,"type":"hold","angle2":300,"angle":270,"duration":1},{"startTap":true,"time":148.83332824707,"type":"hold","angle2":330,"angle":300,"duration":1},{"duration":0.49999994039536,"type":"hold","angle2":300,"angle":330,"time":149.83332824707},{"endTap":true,"time":150.33332824707,"angle2":330,"angle":300,"type":"hold","duration":0.99999994039536},{"duration":0.33333325386047,"type":"hold","angle2":0,"angle":30,"time":101.16666412354},{"duration":0.49999994039536,"type":"hold","angle2":0,"angle":0,"time":101.5},{"duration":0.49999994039536,"type":"mineHold","angle2":225,"angle":225,"time":119},{"duration":0.49999994039536,"type":"mineHold","angle2":135,"angle":135,"time":119.5},{"type":"block","angle":300,"time":148.5},{"type":"block","angle":330,"time":152.83332824707},{"type":"block","angle":360,"time":153.33332824707},{"type":"block","angle":30,"time":153.83332824707},{"duration":1,"type":"hold","angle2":30,"angle":60,"time":154.33332824707},{"angle":360,"type":"block","tap":true,"time":155.83332824707},{"duration":1,"type":"hold","angle2":345,"angle":345,"time":156.33332824707},{"duration":0.49999994039536,"angle":345,"type":"hold","angle2":300,"time":157.33332824707},{"duration":0.49999994039536,"angle2":330,"angle":300,"type":"hold","time":157.83332824707},{"duration":1,"angle":330,"type":"hold","angle2":375,"time":158.33332824707},{"angle":45,"type":"block","tap":true,"time":160.33332824707},{"time":160.83332824707,"type":"hold","angle2":30,"angle":45,"duration":0.49999994039536},{"angle":360,"type":"block","tap":true,"time":161.83332824707},{"time":162.33332824707,"angle2":315,"angle":345,"type":"hold","duration":1},{"time":163.33332824707,"angle2":330,"angle":315,"type":"hold","duration":0.49999994039536},{"time":163.83332824707,"angle":330,"type":"hold","angle2":300,"duration":0.49999994039536},{"startTap":true,"duration":1,"type":"hold","angle":300,"angle2":240,"time":164.33332824707},{"type":"block","angle":195,"time":165.83332824707},{"time":166.33332824707,"angle2":105,"angle":165,"type":"hold","duration":1},{"time":167.83332824707,"angle":105,"type":"hold","angle2":90,"duration":0.66666662693024},{"time":168.5,"angle2":75,"angle":90,"type":"hold","duration":0.33333325386047},{"type":"block","angle":60,"time":169.33332824707},{"type":"block","angle":30,"time":170.33332824707},{"type":"block","angle":15,"time":170.5},{"type":"block","angle":345,"time":170.83332824707},{"type":"block","angle":0,"time":170.83332824707},{"type":"block","angle":330,"time":171.5},{"time":171.83332824707,"angle2":315,"angle":315,"type":"hold","duration":1},{"time":172.83332824707,"type":"hold","angle2":360,"angle":315,"duration":1},{"time":173.83332824707,"angle2":45,"angle":0,"type":"hold","duration":0.49999994039536},{"time":174.33332824707,"angle":45,"type":"hold","angle2":15,"duration":0.83333331346512},{"time":175.16667175293,"angle":15,"type":"hold","angle2":45,"duration":1.1666666269302},{"type":"block","angle":45,"time":176.83332824707},{"type":"block","angle":30,"time":177.33332824707},{"type":"block","angle":0,"time":177.83332824707},{"time":178.33332824707,"type":"hold","angle2":345,"angle":345,"duration":0.83333331346512},{"time":178.33332824707,"type":"hold","angle2":330,"angle":330,"duration":0.83333331346512},{"time":180.16667175293,"angle2":285,"angle":285,"type":"hold","duration":1},{"time":180.16667175293,"type":"hold","angle2":270,"angle":270,"duration":1},{"type":"block","angle":300,"time":179.66667175293},{"time":181.83332824707,"angle2":210,"angle":255,"type":"hold","duration":1.3333332538605},{"type":"block","angle":180,"time":184.33332824707},{"type":"block","angle":165,"time":184.5},{"time":184.83332824707,"angle2":120,"angle":150,"type":"hold","duration":0.49999994039536},{"time":185.83332824707,"angle2":90,"angle":105,"type":"hold","duration":0.49999994039536},{"time":186.33332824707,"angle":90,"type":"hold","angle2":120,"duration":0.49999994039536},{"time":186.83332824707,"type":"hold","angle2":165,"angle":120,"duration":1},{"duration":1.6666665077209,"type":"hold","angle":165,"angle2":180,"time":187.83332824707},{"type":"block","angle":150,"time":192.33332824707},{"type":"block","angle":135,"time":192.83332824707},{"type":"block","angle":105,"time":193.33332824707},{"startTap":true,"duration":0.49999994039536,"type":"hold","angle2":60,"angle":90,"time":193.83332824707},{"time":194.83332824707,"angle2":90,"type":"hold","angle":75,"duration":0.66666662693024},{"time":195.5,"angle2":75,"type":"hold","angle":90,"duration":0.33333325386047},{"time":195.83332824707,"angle2":0,"type":"hold","angle":75,"duration":1.8333331346512},{"type":"block","angle":15,"time":201.33332824707},{"type":"block","angle":0,"time":201.66667175293},{"type":"block","angle":345,"time":201.83332824707},{"type":"block","angle":330,"time":202.16667175293},{"duration":1,"angle2":300,"type":"hold","angle":315,"time":202.33332824707},{"duration":0.49999994039536,"angle2":315,"type":"hold","angle":330,"time":201.83332824707},{"duration":0.49999994039536,"angle":300,"angle2":330,"type":"hold","time":203.33332824707},{"duration":0.83333331346512,"type":"hold","angle":330,"angle2":315,"time":203.83332824707},{"duration":1,"type":"hold","angle":315,"angle2":270,"time":204.66667175293},{"duration":0.83333331346512,"type":"hold","angle":240,"angle2":225,"time":206.33332824707},{"duration":0.49999994039536,"angle2":195,"type":"hold","angle":225,"time":207.16667175293},{"duration":0.66666656732559,"angle":195,"angle2":225,"type":"hold","time":207.66667175293},{"type":"block","angle":240,"time":208.83332824707},{"type":"block","angle":255,"time":209.33332824707},{"duration":1,"type":"hold","angle":285,"angle2":285,"time":210.33332824707},{"duration":1,"angle":300,"angle2":300,"type":"hold","time":211.83332824707},{"duration":1,"angle":300,"angle2":330,"type":"hold","time":212.83332824707},{"duration":1,"angle2":360,"type":"hold","angle":360,"time":214.33332824707},{"type":"block","angle":0,"time":216.16667175293},{"type":"block","angle":15,"time":216.83332824707},{"type":"block","angle":45,"time":217.33332824707},{"time":217.83332824707,"angle":60,"type":"hold","angle2":90,"duration":0.66666662693024}]