[{"start":8,"type":"ease","value":0,"angle":90,"time":0,"var":"vfx.hwaves.strength","duration":1},{"start":8,"type":"ease","value":0,"angle":90,"time":2,"var":"vfx.hwaves.strength","duration":0.5},{"start":-8,"type":"ease","value":0,"angle":90,"time":2.5,"var":"vfx.hwaves.strength","duration":0.5},{"start":8,"type":"ease","value":0,"angle":90,"time":3,"var":"vfx.hwaves.strength","duration":0.5},{"start":-8,"type":"ease","value":0,"angle":90,"time":3.5,"var":"vfx.hwaves.strength","duration":0.5},{"start":-8,"type":"ease","value":0,"angle":90,"time":1.5,"var":"vfx.hwaves.strength","duration":0.5}]