[{"type":"block","time":0.5,"angle":337.5},{"type":"block","time":1.5,"angle":405},{"type":"block","time":2.5,"angle":112.5},{"type":"block","time":3.5,"angle":360},{"type":"block","time":4.5,"angle":292.5},{"type":"block","time":6.1097831726074,"angle":180},{"type":"block","time":6.9095206260681,"angle":247.5},{"type":"block","time":7.4946603775024,"angle":202.5},{"type":"block","time":8.1265516281128,"angle":270},{"duration":0.90000009536743,"angle2":337.5,"type":"hold","time":8.8601312637329,"angle":292.5},{"type":"inverse","time":11.329109191895,"angle":45},{"order":1,"type":"block","time":12.924958229065,"angle":295.5},{"order":1,"type":"block","time":13.335309028625,"angle":281},{"order":1,"type":"block","time":13.639719963074,"angle":272},{"duration":4.1999998092651,"angle2":360,"type":"hold","time":18.078384399414,"angle":281},{"duration":4.2600002288818,"angle2":180,"type":"hold","time":12.288014411926,"angle":315},{"duration":4.2800002098083,"angle2":248.5,"type":"hold","time":24.06130027771,"angle":428.5},{"duration":2.2000000476837,"angle2":270,"type":"hold","time":32.89266204834,"angle":270},{"type":"block","tap":true,"time":36.182723999023,"angle":270},{"type":"block","tap":true,"time":37.01639175415,"angle":270},{"type":"block","tap":true,"time":37.815898895264,"angle":270},{"duration":2.7999999523163,"angle2":270,"type":"hold","time":40.040096282959,"angle":270},{"duration":2.7999999523163,"angle2":292.5,"type":"hold","time":40.040096282959,"angle":292.5},{"duration":2.7999999523163,"angle2":247.5,"type":"hold","time":40.040096282959,"angle":247.5},{"order":1,"type":"block","time":18.685903549194,"angle":293},{"order":1,"type":"block","time":19.207508087158,"angle":304},{"order":1,"type":"block","time":19.61940574646,"angle":310},{"order":1,"type":"block","time":20.628017425537,"angle":329.25},{"order":1,"type":"block","time":20.984443664551,"angle":335.5},{"type":"block","time":24.795795440674,"angle":398},{"type":"block","time":25.171276092529,"angle":382},{"type":"block","time":25.504573822021,"angle":369},{"type":"block","time":26.157133102417,"angle":341},{"type":"block","time":26.504676818848,"angle":326},{"type":"block","time":27.09055519104,"angle":319},{"type":"block","time":33.274173736572,"angle":270},{"type":"block","time":33.673927307129,"angle":270},{"type":"block","time":34.069194793701,"angle":270},{"type":"extraTap","time":40.040000915527,"angle":315},{"order":0,"type":"block","time":14.944283485413,"angle":230}]