{"properties":{"speed":140,"formatversion":12,"offset":4,"loadBeat":-5,"startBeat":0},"metadata":{"difficulty":9,"charter":"DeDuMeNu","artist":"Teminite & Panda Eyes","artistLink":"https://www.youtube.com/watch?v=Qg1qZq5yjps","bg":false,"description":"Shoutout to Lunautical for making me pave my way \nthrough the editor just so he can play the map\n\nIf you're photosensitive, there's your warning!\nThe sudden colour changes may be triggering for you,\nProceed with caution!\n\nMap contains: Taps, Mines,Sides, Color/Speed/Zoom changes","songName":"Highscore"},"events":[{"time":-4,"file":"Teminite Panda Eyes - Highscore.ogg","bpm":110,"type":"play","volume":0.3999999165535,"angle":45},{"order":0,"g":71,"time":1.625,"duration":6,"angle":315,"r":177,"ease":"linear","b":71,"color":0,"type":"setColor"},{"g":176,"angle":315,"r":69,"type":"setColor","b":78,"color":0,"time":12.75},{"g":216,"angle":270,"r":201,"type":"setColor","b":45,"color":0,"time":16.75},{"g":195,"angle":67.5,"r":30,"type":"setColor","b":219,"color":0,"time":20.75},{"g":29,"angle":90,"r":192,"type":"setColor","b":173,"color":0,"time":24.75},{"g":76,"angle":135,"r":93,"type":"setColor","b":76,"color":0,"time":28.75},{"g":66,"angle":90,"r":49,"type":"setColor","b":182,"color":0,"time":32.75},{"g":47,"angle":67.5,"r":91,"type":"setColor","b":47,"color":0,"time":36.75},{"g":161,"angle":135,"r":166,"type":"setColor","b":49,"color":0,"time":40.75},{"g":196,"angle":236.25,"r":23,"type":"setColor","b":115,"color":0,"time":44.75},{"g":51,"angle":258.75,"r":51,"type":"setColor","b":106,"color":1,"time":44.75},{"g":135,"angle":292.5,"r":146,"type":"setColor","b":80,"color":0,"time":48.75},{"g":147,"angle":11.25,"r":220,"type":"setColor","b":147,"color":0,"time":52.75},{"g":102,"angle":33.75,"r":76,"type":"setColor","b":200,"color":0,"time":56.75},{"g":36,"time":40.75,"duration":4,"angle":157.5,"r":200,"type":"setColor","b":36,"color":2},{"enabled":true,"newWidth":70,"ease":"linear","duration":1.75,"angle":45,"time":66.75,"type":"paddles","paddle":2,"newAngle":180},{"g":179,"time":64.75,"duration":2,"angle":213.75,"r":40,"type":"setColor","b":109,"color":2},{"g":31,"angle":135,"r":147,"type":"setColor","b":31,"color":0,"time":64.75},{"g":51,"time":68.75,"duration":2,"angle":101.25,"r":79,"type":"setColor","b":51,"color":2},{"g":186,"angle":247.5,"r":101,"type":"setColor","b":128,"color":0,"time":68.75},{"g":0,"time":72.75,"duration":2,"angle":67.5,"r":0,"type":"setColor","b":0,"color":0},{"g":0,"time":72.75,"duration":2,"angle":247.5,"r":0,"type":"setColor","b":0,"color":2},{"g":0,"time":72.75,"duration":2,"angle":191.25,"r":0,"type":"setColor","b":0,"color":1},{"g":0,"time":72.75,"duration":2,"angle":45,"r":0,"type":"setColor","b":0,"color":3},{"time":75.75,"enabled":false,"angle":45,"paddle":0,"type":"paddles","ease":"linear","duration":0},{"g":210,"time":76.375,"duration":0.5,"angle":33.75,"r":184,"ease":"inQuint","b":62,"color":1,"type":"setColor"},{"g":197,"time":76.375,"duration":0.5,"angle":22.5,"r":51,"ease":"inQuint","b":32,"color":2,"type":"setColor"},{"g":172,"time":76.375,"duration":0.5,"angle":11.25,"r":44,"ease":"inQuint","b":189,"color":3,"type":"setColor"},{"g":255,"angle":360,"r":255,"type":"setColor","b":255,"color":3,"time":75.75},{"g":255,"angle":348.75,"r":255,"type":"setColor","b":255,"color":2,"time":75.75},{"g":251,"angle":337.5,"r":251,"type":"setColor","b":251,"color":1,"time":75.75},{"g":255,"angle":326.25,"r":255,"type":"setColor","b":255,"color":0,"time":75.75},{"g":0,"time":76.375,"duration":0.5,"angle":0,"r":0,"ease":"inQuint","b":0,"color":0,"type":"setColor"},{"enabled":true,"time":76.375,"ease":"linear","duration":0,"angle":45,"type":"paddles","paddle":1,"newWidth":360},{"value":30,"angle":90,"time":75.5,"type":"ease","var":"vfx.canvPos.sx"},{"value":30,"angle":67.5,"time":75.5,"type":"ease","var":"vfx.canvPos.sy"},{"value":1,"angle":90,"var":"vfx.canvPos.sx","time":76,"type":"ease","duration":0.75},{"value":1,"angle":67.5,"var":"vfx.canvPos.sy","time":76,"type":"ease","duration":0.75},{"type":"ease","value":150,"angle":236.25,"duration":0.75,"time":76.375,"ease":"inQuint","var":"p.x"},{"type":"ease","value":150,"angle":247.5,"duration":0.75,"time":76.375,"ease":"inQuint","var":"p.y"},{"ease":"linear","time":77.875,"angle":101.25,"type":"paddles","newWidth":50,"paddle":1,"duration":1},{"type":"ease","value":300,"angle":106.875,"var":"p.x","time":80.75,"ease":"outQuart","duration":1},{"type":"ease","value":300,"angle":123.75,"var":"p.y","time":80.75,"ease":"outQuart","duration":1},{"ease":"linear","time":80.5,"angle":112.5,"type":"paddles","newWidth":180,"paddle":1,"duration":0},{"paddle":1,"type":"paddles","angle":112.5,"ease":"linear","newWidth":70,"time":80.625,"duration":1},{"type":"ease","value":450,"angle":326.25,"duration":0.625,"time":84.75,"ease":"outQuad","var":"p.x"},{"type":"ease","value":100,"angle":337.5,"duration":0.625,"time":84.75,"ease":"outQuad","var":"p.y"},{"g":34,"time":80.75,"duration":0.625,"angle":45,"r":65,"type":"setColor","b":12,"color":1},{"g":125,"time":80.75,"duration":0.625,"angle":33.75,"r":141,"type":"setColor","b":48,"color":2},{"ease":"linear","type":"paddles","angle":360,"paddle":1,"time":84.625,"newWidth":150,"duration":0},{"ease":"linear","type":"paddles","angle":11.25,"paddle":1,"time":84.75,"newWidth":70,"duration":0.625},{"g":135,"angle":22.5,"r":68,"type":"setColor","b":144,"color":1,"time":84.75},{"g":81,"angle":33.75,"r":156,"type":"setColor","b":186,"color":2,"time":84.75},{"type":"ease","value":400,"angle":202.5,"duration":0.625,"time":88.75,"ease":"outQuart","var":"p.x"},{"type":"ease","value":300,"angle":180,"duration":0.625,"time":88.75,"ease":"outQuart","var":"p.y"},{"g":31,"angle":135,"r":88,"type":"setColor","b":142,"color":2,"time":88.75},{"g":10,"angle":112.5,"r":14,"type":"setColor","b":10,"color":1,"time":88.75},{"ease":"linear","type":"paddles","angle":315,"paddle":1,"time":92.75,"newWidth":0,"duration":0},{"ease":"linear","type":"paddles","angle":337.5,"paddle":1,"time":93.5,"newWidth":70,"duration":0.125},{"g":0,"angle":326.25,"r":0,"type":"setColor","b":0,"color":2,"time":92.75},{"g":15,"angle":303.75,"r":231,"type":"setColor","b":15,"color":1,"time":92.75},{"type":"ease","value":100,"angle":337.5,"duration":0.625,"time":92.75,"ease":"outQuad","var":"p.x"},{"type":"ease","value":100,"angle":348.75,"duration":0.625,"time":92.75,"ease":"outQuad","var":"p.y"},{"type":"ease","value":500,"angle":90,"duration":3,"time":93.75,"ease":"inOutQuad","var":"p.x"},{"ease":"linear","type":"paddles","angle":270,"paddle":1,"time":96.5,"newWidth":0,"duration":0.10000000149012},{"ease":"inOutQuad","type":"paddles","angle":270,"paddle":1,"time":97,"newWidth":70,"duration":0.375},{"type":"ease","value":100,"angle":281.25,"duration":0.625,"time":96.75,"ease":"inOutQuint","var":"p.x"},{"type":"ease","value":300,"angle":303.75,"duration":0.625,"time":96.75,"ease":"inOutQuint","var":"p.y"},{"type":"ease","value":500,"angle":45,"duration":3,"time":97.75,"ease":"inOutQuad","var":"p.x"},{"ease":"linear","type":"paddles","angle":292.5,"paddle":1,"time":100.77500152588,"newWidth":0,"duration":0},{"ease":"linear","type":"paddles","angle":337.5,"paddle":1,"time":101.5,"newWidth":70,"duration":0.125},{"g":0,"angle":326.25,"r":0,"type":"setColor","b":0,"color":2,"time":100.75},{"g":231,"angle":303.75,"r":34,"type":"setColor","b":15,"color":1,"time":100.75},{"type":"ease","value":100,"angle":337.5,"duration":0.625,"time":100.75,"ease":"outQuad","var":"p.x"},{"type":"ease","value":100,"angle":348.75,"duration":0.625,"time":100.75,"ease":"outQuad","var":"p.y"},{"type":"ease","value":500,"angle":90,"duration":3,"time":101.75,"ease":"inOutQuad","var":"p.x"},{"ease":"linear","type":"paddles","angle":270,"paddle":1,"time":104.5,"newWidth":0,"duration":0.10000000149012},{"type":"ease","value":300,"angle":281.25,"duration":0.625,"time":104.75,"ease":"inOutQuint","var":"p.x"},{"type":"ease","value":200,"angle":303.75,"duration":0.625,"time":104.75,"ease":"inOutQuint","var":"p.y"},{"g":40,"angle":348.75,"r":6,"type":"setColor","b":220,"color":1,"time":96.75},{"angle":33.75,"type":"setColor","color":2,"time":96.75},{"ease":"linear","type":"paddles","angle":348.75,"paddle":1,"time":105,"newWidth":360,"duration":0.5},{"value":100,"angle":360,"time":106.75,"type":"ease","var":"p.x"},{"value":100,"angle":22.5,"time":106.75,"type":"ease","var":"p.y"},{"value":400,"angle":67.5,"time":107,"type":"ease","var":"p.x"},{"value":300,"angle":90,"time":107.25,"type":"ease","var":"p.y"},{"value":100,"angle":45,"time":107.5,"type":"ease","var":"p.x"},{"value":180,"angle":90,"time":107.75,"type":"ease","var":"p.y"},{"value":300,"angle":45,"type":"ease","time":108,"var":"p.x"},{"g":29,"angle":22.5,"r":197,"type":"setColor","b":29,"color":1,"time":108.25},{"g":45,"angle":337.5,"r":26,"type":"setColor","b":186,"color":1,"time":108.5},{"g":12,"angle":0,"r":157,"type":"setColor","b":12,"color":1,"time":108.75},{"g":186,"angle":360,"r":32,"type":"setColor","b":22,"color":1,"time":108},{"g":0,"angle":337.5,"r":0,"type":"setColor","b":0,"color":1,"time":107.875},{"g":0,"angle":45,"r":0,"type":"setColor","b":0,"color":1,"time":108.125},{"g":0,"angle":0,"r":0,"type":"setColor","b":0,"color":1,"time":108.375},{"g":0,"angle":22.5,"r":0,"type":"setColor","b":0,"color":1,"time":108.625},{"ease":"linear","type":"paddles","angle":180,"paddle":1,"time":106.75,"newWidth":0,"duration":0},{"paddle":1,"ease":"linear","angle":67.5,"newWidth":70,"time":108.75,"type":"paddles","duration":1},{"g":91,"angle":180,"r":59,"type":"setColor","b":197,"color":1,"time":112.75},{"time":112.75,"newWidth":70,"angle":247.5,"paddle":1,"type":"paddles","ease":"linear","duration":1},{"g":239,"angle":-270,"r":111,"type":"setColor","b":131,"color":1,"time":116.75},{"ease":"linear","type":"paddles","angle":-337.5,"paddle":1,"time":116.75,"newWidth":70,"duration":1},{"g":7,"time":120.75,"duration":1,"angle":247.5,"r":3,"ease":"outQuad","b":172,"color":1,"type":"setColor"},{"g":13,"time":121.75,"duration":1,"angle":90,"r":185,"ease":"outQuad","b":173,"color":1,"type":"setColor"},{"g":11,"time":122.75,"duration":1,"angle":112.5,"r":139,"ease":"outQuad","b":11,"color":1,"type":"setColor"},{"g":0,"time":123.75,"duration":2,"angle":270,"r":0,"ease":"outQuad","b":0,"color":1,"type":"setColor"},{"g":50,"time":124.75,"duration":0,"angle":157.5,"r":118,"ease":"outQuad","b":50,"color":2,"type":"setColor"},{"paddle":1,"ease":"linear","angle":292.5,"newWidth":360,"time":108.6875,"type":"paddles","duration":0},{"ease":"linear","type":"paddles","angle":180,"paddle":1,"time":124.75,"newWidth":35,"duration":1},{"type":"paddles","angle":67.5,"time":123.5,"paddle":1,"ease":"linear","duration":0},{"ease":"linear","type":"paddles","angle":112.5,"paddle":1,"time":127,"newWidth":70,"duration":0.75},{"g":99,"time":128.75,"duration":0,"angle":-360,"r":47,"ease":"outQuad","b":55,"color":2,"type":"setColor"},{"ease":"linear","type":"paddles","angle":-382.5,"paddle":1,"time":128.75,"newWidth":35,"duration":1},{"ease":"linear","type":"paddles","angle":-315,"paddle":1,"time":131,"newWidth":70,"duration":0.75},{"g":77,"time":132.75,"duration":0,"angle":-607.5,"r":61,"ease":"outQuad","b":103,"color":2,"type":"setColor"},{"ease":"linear","type":"paddles","angle":-630,"paddle":1,"time":132.75,"newWidth":35,"duration":1},{"ease":"linear","type":"paddles","angle":-562.5,"paddle":1,"time":135,"newWidth":70,"duration":0.75},{"g":7,"time":136.75,"duration":1,"angle":-135,"r":3,"ease":"outQuad","b":172,"color":1,"type":"setColor"},{"g":13,"time":137.75,"duration":1,"angle":22.5,"r":185,"ease":"outQuad","b":173,"color":1,"type":"setColor"},{"g":11,"time":138.75,"duration":1,"angle":0,"r":139,"ease":"outQuad","b":11,"color":1,"type":"setColor"},{"g":0,"time":139.75,"duration":2,"angle":-157.5,"r":0,"ease":"outQuad","b":0,"color":1,"type":"setColor"},{"type":"paddles","angle":45,"time":139.5,"paddle":1,"ease":"linear","duration":0},{"g":7,"time":152.75,"duration":1,"angle":-345,"r":3,"ease":"outQuad","b":172,"color":1,"type":"setColor"},{"g":13,"time":153.75,"duration":1,"angle":-187.5,"r":185,"ease":"outQuad","b":173,"color":1,"type":"setColor"},{"g":11,"time":154.75,"duration":1,"angle":-210,"r":139,"ease":"outQuad","b":11,"color":1,"type":"setColor"},{"g":0,"time":155.75,"duration":2,"angle":-367.5,"r":0,"ease":"outQuad","b":0,"color":1,"type":"setColor"},{"type":"paddles","angle":-165,"time":155.5,"paddle":1,"ease":"linear","duration":0},{"g":7,"time":168.75,"duration":1,"angle":-45,"r":3,"ease":"outQuad","b":172,"color":1,"type":"setColor"},{"g":13,"time":169.75,"duration":1,"angle":-202.5,"r":185,"ease":"outQuad","b":173,"color":1,"type":"setColor"},{"g":56,"angle":75,"r":110,"type":"setColor","b":141,"color":2,"time":144.75},{"g":126,"angle":315,"r":113,"type":"setColor","b":67,"color":2,"time":148.75},{"g":128,"angle":45,"r":176,"type":"setColor","b":52,"color":2,"time":156.75},{"g":200,"angle":345,"r":50,"type":"setColor","b":174,"color":2,"time":160.75},{"g":38,"angle":105,"r":119,"type":"setColor","b":38,"color":2,"time":164.75},{"g":0,"angle":330,"r":0,"type":"setColor","b":0,"color":2,"time":172.75},{"g":166,"time":170.75,"duration":1,"angle":255,"r":0,"type":"setColor","b":5,"color":1},{"g":0,"angle":-420,"r":0,"type":"setColor","b":0,"color":2,"time":180.75},{"g":102,"time":4.875,"duration":4,"angle":45,"r":104,"type":"setColor","b":102,"color":2},{"angle":292.5,"type":"setBgColor","color":2,"time":-4},{"g":255,"angle":270,"r":255,"type":"setColor","b":255,"color":2,"time":-3.75},{"order":0,"g":71,"time":1.625,"duration":6,"angle":360,"r":177,"ease":"linear","b":71,"color":2,"type":"setColor"},{"g":0,"angle":-645,"r":0,"type":"setColor","b":0,"color":2,"time":187.75},{"g":201,"angle":-420,"r":19,"type":"setColor","b":197,"color":1,"time":188.75},{"g":0,"angle":330,"r":0,"type":"setColor","b":0,"color":2,"time":196.75},{"ease":"linear","type":"paddles","angle":90,"paddle":1,"time":202.25,"newWidth":270,"duration":1},{"ease":"linear","type":"paddles","angle":315,"paddle":1,"time":204.25,"newWidth":70,"duration":0.5},{"g":0,"angle":270,"r":254,"type":"setColor","b":7,"color":1,"time":203.75},{"g":0,"angle":281.25,"r":255,"type":"setColor","b":225,"color":1,"time":203.875},{"g":0,"angle":270,"r":112,"type":"setColor","b":255,"color":1,"time":204},{"g":0,"angle":281.25,"r":0,"type":"setColor","b":255,"color":1,"time":204.125},{"g":232,"angle":270,"r":0,"type":"setColor","b":255,"color":1,"time":204.25},{"g":255,"angle":281.25,"r":0,"type":"setColor","b":82,"color":1,"time":204.375},{"g":255,"angle":270,"r":165,"type":"setColor","b":0,"color":1,"time":204.5},{"g":172,"angle":281.25,"r":255,"type":"setColor","b":0,"color":1,"time":204.625},{"g":0,"angle":270,"r":255,"type":"setColor","b":0,"color":1,"time":204.75},{"ease":"linear","type":"paddles","angle":315,"paddle":1,"time":232.75,"newWidth":20,"duration":8},{"value":0.5,"angle":247.5,"type":"ease","time":-3.5,"var":"scrollSpeed"},{"type":"ease","value":0.15000000596046,"angle":337.5,"duration":7,"time":232.75,"ease":"linear","var":"scrollSpeed"},{"type":"ease","value":0.5,"angle":427.5,"duration":0.75,"time":240.25,"ease":"linear","var":"scrollSpeed"},{"time":218.75,"enabled":true,"angle":0,"paddle":2,"type":"paddles","ease":"linear","duration":0},{"enabled":false,"time":232.82499694824,"ease":"linear","duration":0.20000000298023,"angle":292.5,"type":"paddles","paddle":2,"newWidth":20},{"type":"ease","value":2,"angle":22.5,"duration":7,"time":232.75,"ease":"linear","var":"vfx.canvPos.sy"},{"type":"ease","value":2,"angle":45,"duration":7,"time":232.75,"ease":"linear","var":"vfx.canvPos.sx"},{"type":"ease","value":1,"angle":56.25,"duration":0.5,"time":240.75,"ease":"inOutQuint","var":"vfx.canvPos.sx"},{"type":"ease","value":1,"angle":78.75,"duration":0.5,"time":240.75,"ease":"inOutQuint","var":"vfx.canvPos.sy"},{"g":196,"time":220.875,"duration":3,"angle":67.5,"r":38,"ease":"linear","b":27,"color":1,"type":"setColor"},{"g":44,"time":224.75,"duration":3,"angle":337.5,"r":26,"ease":"linear","b":212,"color":1,"type":"setColor"},{"g":255,"time":228.75,"duration":3,"angle":180,"r":255,"ease":"linear","b":255,"color":1,"type":"setColor"},{"g":16,"time":232.75,"duration":7,"angle":90,"r":16,"ease":"linear","b":16,"color":1,"type":"setColor"},{"g":57,"angle":67.5,"r":61,"type":"setColor","b":57,"color":2,"time":240.75},{"ease":"linear","type":"paddles","angle":90,"paddle":1,"time":240.875,"newWidth":70,"duration":0.375},{"value":100,"angle":360,"time":270.75,"type":"ease","var":"p.x"},{"value":100,"angle":22.5,"time":270.75,"type":"ease","var":"p.y"},{"value":400,"angle":67.5,"time":271,"type":"ease","var":"p.x"},{"value":300,"angle":90,"time":271.25,"type":"ease","var":"p.y"},{"value":100,"angle":45,"time":271.5,"type":"ease","var":"p.x"},{"value":180,"angle":90,"time":271.75,"type":"ease","var":"p.y"},{"value":300,"angle":45,"time":272,"type":"ease","var":"p.x"},{"g":29,"angle":22.5,"r":197,"type":"setColor","b":29,"color":1,"time":272.25},{"g":45,"angle":337.5,"r":26,"type":"setColor","b":186,"color":1,"time":272.5},{"g":12,"angle":0,"r":157,"type":"setColor","b":12,"color":1,"time":272.75},{"g":186,"angle":360,"r":32,"type":"setColor","b":22,"color":1,"time":272},{"g":0,"angle":337.5,"r":0,"type":"setColor","b":0,"color":1,"time":271.875},{"g":0,"angle":45,"r":0,"type":"setColor","b":0,"color":1,"time":272.125},{"g":0,"angle":0,"r":0,"type":"setColor","b":0,"color":1,"time":272.375},{"g":0,"angle":22.5,"r":0,"type":"setColor","b":0,"color":1,"time":272.625},{"g":150,"time":256.75,"duration":1,"angle":90,"r":150,"ease":"linear","b":150,"color":1,"type":"setColor"},{"g":0,"time":257.75,"duration":12,"angle":45,"r":0,"ease":"linear","b":0,"color":2,"type":"setColor"},{"g":27,"angle":-630,"r":41,"type":"setColor","b":27,"color":1,"time":270.5},{"g":0,"time":244.75,"duration":0.25,"angle":90,"r":255,"ease":"linear","b":0,"color":1,"type":"setColor"},{"g":255,"time":245,"duration":0.25,"angle":180,"r":0,"ease":"linear","b":0,"color":1,"type":"setColor"},{"g":0,"time":245.25,"duration":0.25,"angle":270,"r":8,"ease":"linear","b":255,"color":1,"type":"setColor"},{"g":43,"time":245.5,"duration":0.25,"angle":0,"r":45,"ease":"linear","b":43,"color":1,"type":"setColor"},{"g":0,"time":248.75,"duration":0.25,"angle":135,"r":255,"ease":"linear","b":0,"color":1,"type":"setColor"},{"g":255,"time":249,"duration":0.25,"angle":45,"r":0,"ease":"linear","b":0,"color":1,"type":"setColor"},{"g":0,"time":249.25,"duration":0.25,"angle":-45,"r":8,"ease":"linear","b":255,"color":1,"type":"setColor"},{"g":43,"time":249.5,"duration":0.25,"angle":225,"r":45,"ease":"linear","b":43,"color":1,"type":"setColor"},{"g":0,"time":252.75,"duration":0.25,"angle":90,"r":255,"ease":"linear","b":0,"color":1,"type":"setColor"},{"g":255,"time":253,"duration":0.25,"angle":180,"r":0,"ease":"linear","b":0,"color":1,"type":"setColor"},{"g":0,"time":253.25,"duration":0.25,"angle":270,"r":8,"ease":"linear","b":255,"color":1,"type":"setColor"},{"g":43,"time":253.5,"duration":0.25,"angle":0,"r":45,"ease":"linear","b":43,"color":1,"type":"setColor"},{"type":"ease","value":330,"angle":180,"duration":0.25,"time":336.75,"ease":"inQuint","var":"p.y"},{"time":339.75,"enabled":false,"angle":22.5,"paddle":1,"type":"paddles","ease":"linear","duration":0},{"type":"ease","value":50,"angle":315,"duration":1,"time":339.75,"ease":"inOutQuint","var":"p.y"},{"time":343.75,"enabled":false,"angle":-202.5,"paddle":1,"type":"paddles","ease":"linear","duration":0},{"type":"ease","value":310,"angle":-495,"duration":1,"time":343.75,"ease":"inOutQuint","var":"p.y"},{"time":340.75,"enabled":true,"angle":135,"paddle":1,"type":"paddles","ease":"linear","duration":0},{"time":347.75,"enabled":false,"angle":22.5,"paddle":1,"type":"paddles","ease":"linear","duration":0},{"type":"ease","value":180,"angle":315,"duration":1,"time":347.75,"ease":"inOutQuint","var":"p.y"},{"time":344.625,"enabled":true,"angle":45,"paddle":1,"type":"paddles","ease":"linear","duration":0},{"time":348.625,"enabled":true,"angle":45,"paddle":1,"type":"paddles","ease":"linear","duration":0},{"ease":"linear","type":"paddles","angle":0,"paddle":1,"time":350.625,"newWidth":360,"duration":1},{"ease":"linear","type":"paddles","angle":247.5,"paddle":1,"time":351.75,"newWidth":70,"duration":1},{"type":"ease","value":50,"angle":90,"duration":0.5,"time":352.75,"ease":"inOutExpo","var":"p.x"},{"type":"ease","value":300,"angle":225,"duration":0.5,"time":355.75,"ease":"inOutQuad","var":"p.x"},{"type":"ease","value":550,"angle":202.5,"duration":0.5,"time":356.25,"ease":"inOutQuad","var":"p.x"},{"time":355.75,"enabled":false,"angle":202.5,"paddle":1,"type":"paddles","ease":"linear","duration":0},{"time":356.75,"enabled":true,"angle":247.5,"paddle":1,"type":"paddles","ease":"linear","duration":0},{"type":"ease","value":300,"angle":-225,"duration":0.5,"time":359.75,"ease":"inOutQuad","var":"p.x"},{"type":"ease","value":50,"angle":-202.5,"duration":0.5,"time":360.25,"ease":"inOutQuad","var":"p.x"},{"time":359.75,"enabled":false,"angle":-202.5,"paddle":1,"type":"paddles","ease":"linear","duration":0},{"type":"ease","value":300,"angle":225,"duration":0.5,"time":363.75,"ease":"inOutQuad","var":"p.x"},{"type":"ease","value":550,"angle":202.5,"duration":0.5,"time":364.25,"ease":"inOutQuad","var":"p.x"},{"time":363.75,"enabled":false,"angle":202.5,"paddle":1,"type":"paddles","ease":"linear","duration":0},{"time":364.75,"enabled":true,"angle":247.5,"paddle":1,"type":"paddles","ease":"linear","duration":0},{"time":360.75,"enabled":true,"angle":90,"paddle":1,"type":"paddles","ease":"linear","duration":0},{"type":"ease","value":300,"angle":270,"duration":4,"time":368.75,"ease":"linear","var":"p.x"},{"g":0,"time":368.75,"duration":3,"angle":292.5,"r":0,"ease":"linear","b":0,"color":1,"type":"setColor"},{"g":246,"time":372.625,"duration":0.5,"angle":337.5,"r":250,"ease":"inBack","b":246,"color":1,"type":"setColor"},{"g":255,"angle":0,"r":255,"type":"setColor","b":255,"color":2,"time":372.75},{"g":0,"time":372.77499389648,"duration":0.5,"angle":22.5,"r":0,"ease":"linear","b":0,"color":2,"type":"setColor"},{"type":"ease","value":1.5,"angle":67.5,"duration":0.44999998807907,"time":372.75,"ease":"linear","var":"scrollSpeed"},{"type":"ease","value":0.5,"angle":270,"duration":36,"time":436.75,"ease":"linear","var":"scrollSpeed"},{"g":0,"angle":202.5,"r":252,"type":"setColor","b":0,"color":1,"time":452.75},{"g":3,"time":452.875,"duration":16,"angle":225,"r":1,"ease":"linear","b":252,"color":1,"type":"setColor"},{"g":0,"angle":337.5,"r":0,"type":"setColor","b":0,"color":2,"time":468.25},{"g":0,"angle":337.5,"r":0,"type":"setColor","b":0,"color":1,"time":468.5},{"g":255,"time":452.875,"duration":16,"angle":247.5,"r":255,"ease":"linear","b":255,"color":2,"type":"setColor"},{"g":255,"angle":22.5,"r":8,"type":"setColor","b":0,"color":1,"time":336.75},{"g":23,"angle":157.5,"r":0,"type":"setColor","b":255,"color":1,"time":340.75},{"g":0,"angle":22.5,"r":252,"type":"setColor","b":230,"color":1,"time":344.75},{"g":255,"angle":90,"r":225,"type":"setColor","b":0,"color":1,"time":348.75},{"g":240,"time":350.75,"duration":0.5,"angle":101.25,"r":0,"ease":"linear","b":255,"color":1,"type":"setColor"},{"g":0,"time":351.75,"duration":0.5,"angle":281.25,"r":255,"ease":"linear","b":0,"color":1,"type":"setColor"},{"g":255,"angle":303.75,"r":30,"type":"setColor","b":0,"color":1,"time":356.75},{"g":240,"angle":292.5,"r":0,"type":"setColor","b":255,"color":1,"time":364.75},{"g":0,"angle":56.25,"r":255,"type":"setColor","b":240,"color":1,"time":360.75},{"g":255,"time":366.75,"duration":0.5,"angle":247.5,"r":233,"ease":"linear","b":0,"color":1,"type":"setColor"},{"g":0,"time":367.75,"duration":0.5,"angle":22.5,"r":255,"ease":"linear","b":0,"color":1,"type":"setColor"},{"time":468.54998779297,"angle":33.75,"type":"showResults"},{"value":0.40000000596046,"angle":112.5,"time":108.75,"type":"ease","var":"scrollSpeed"},{"type":"ease","value":0.5,"angle":22.5,"var":"scrollSpeed","time":156.75,"ease":"linear","duration":12},{"time":404.75,"value":1,"angle":292.5,"var":"scrollSpeed","type":"ease","ease":"linear","duration":2}]}