{"metadata":{"description":"This song is from a game called Another Crab's Treasure.","bg":true,"bgData":{"redChannel":{"r":73,"b":255,"g":177},"blueChannel":{"r":255,"b":73,"g":73},"image":"Another_Crab's_Treasure.png"},"artist":"Feasley","charter":"Lux","difficulty":0,"artistLink":"","songName":"Polluted Platoon Pathfinder"},"properties":{"startBeat":-4,"speed":90,"offset":8,"loadBeat":-6,"formatversion":12},"events":[{"g":214,"b":50,"type":"setColor","r":87,"color":0,"time":0,"angle":315},{"duration":4,"r":255,"color":1,"time":-4,"g":255,"type":"setColor","ease":"inSine","b":255,"angle":337.5},{"angle":360,"type":"play","time":-4,"bpm":108.55500030518,"file":"Polluted Platoon Pathfinder.ogg","volume":1},{"g":0,"b":0,"type":"setColor","r":0,"color":0,"time":-6,"angle":315},{"g":255,"b":255,"type":"setColor","r":255,"color":3,"time":-4,"angle":45},{"g":34,"b":255,"type":"setColor","r":135,"color":0,"time":1,"angle":315},{"g":69,"b":69,"type":"setColor","r":255,"color":0,"time":2,"angle":315},{"g":70,"b":243,"type":"setColor","r":255,"color":0,"time":3,"angle":315},{"duration":0.5,"r":47,"order":1,"time":4,"g":195,"type":"setColor","ease":"linear","color":0,"b":195,"angle":337.5},{"duration":0.5,"paddle":2,"angle":22.5,"time":16,"type":"paddles","enabled":true,"ease":"inBack","newWidth":70,"newAngle":180},{"enabled":false,"duration":0,"type":"paddles","ease":"linear","paddle":2,"time":27.25,"angle":0},{"duration":0.25,"r":0,"color":0,"time":27,"g":0,"type":"setColor","ease":"outSine","b":0,"angle":22.5},{"duration":0.25,"r":0,"color":1,"time":27,"g":0,"type":"setColor","ease":"outSine","b":0,"angle":337.5},{"id":"","x":0,"y":0,"drawLayer":"fg","type":"deco","recolor":0,"sprite":"blackout.png","time":27.5,"angle":22.5},{"duration":0.5,"r":255,"color":1,"time":27.5,"g":255,"type":"setColor","ease":"linear","b":255,"angle":337.5},{"hide":true,"type":"deco","id":"","sprite":"blackout.png","time":36,"angle":0},{"duration":0.5,"r":47,"color":0,"time":36,"g":195,"type":"setColor","ease":"linear","order":1,"b":195,"angle":337.5},{"ease":"linear","duration":0.5,"type":"paddles","newWidth":180,"paddle":1,"time":45,"angle":180},{"ease":"inSine","duration":0.5,"type":"paddles","newWidth":70,"paddle":1,"time":52,"angle":0},{"g":0,"b":0,"type":"setColor","r":0,"color":0,"time":59,"angle":90},{"g":255,"b":255,"type":"setColor","r":255,"color":0,"time":59.25,"angle":90},{"g":255,"b":255,"type":"setColor","r":255,"color":0,"time":59.75,"angle":90},{"g":0,"b":0,"type":"setColor","r":0,"color":0,"time":59.5,"angle":90},{"g":99,"b":99,"type":"setColor","r":255,"color":0,"time":60,"angle":90},{"g":0,"b":0,"type":"setColor","r":0,"color":1,"time":59.25,"angle":105},{"g":0,"b":0,"type":"setColor","r":0,"color":1,"time":59.75,"angle":105},{"g":255,"b":255,"type":"setColor","r":255,"color":1,"time":59.5,"angle":105},{"g":255,"b":255,"type":"setColor","r":255,"color":1,"time":60,"angle":105},{"ease":"linear","duration":0,"type":"paddles","newWidth":360,"paddle":1,"time":116,"angle":0},{"ease":"linear","duration":0.25,"type":"paddles","newWidth":50,"paddle":1,"time":116.5,"angle":0},{"duration":0.5,"paddle":2,"angle":337.5,"time":116.5,"type":"paddles","enabled":true,"ease":"linear","newWidth":50,"newAngle":135},{"enabled":false,"duration":0,"type":"paddles","ease":"linear","paddle":2,"time":121.75,"angle":105},{"g":0,"b":0,"type":"setColor","r":0,"color":0,"time":123,"angle":0},{"duration":1,"r":0,"color":1,"time":123,"g":0,"type":"setColor","ease":"linear","b":0,"angle":337.5},{"angle":0,"time":125,"type":"showResults"},{"duration":0.5,"r":252,"order":1,"time":12,"g":124,"type":"setColor","ease":"linear","color":0,"b":43,"angle":0},{"duration":0.5,"r":68,"order":1,"time":20,"g":189,"type":"setColor","ease":"linear","color":0,"b":19,"angle":0},{"g":255,"b":255,"type":"setColor","r":255,"color":0,"time":44,"angle":0},{"duration":0.5,"r":129,"order":1,"time":44,"g":27,"type":"setColor","ease":"linear","color":0,"b":212,"angle":22.5},{"r":255,"order":0,"time":4,"g":255,"type":"setColor","color":0,"b":255,"angle":315},{"r":255,"order":0,"time":12,"g":255,"type":"setColor","color":0,"b":255,"angle":337.5},{"g":255,"b":255,"type":"setColor","r":255,"color":0,"time":20,"angle":45},{"g":255,"b":255,"type":"setColor","r":255,"color":0,"time":22.5,"angle":0},{"duration":0.5,"r":235,"color":0,"time":22.5,"g":6,"type":"setColor","ease":"linear","order":1,"b":80,"angle":45},{"g":255,"b":255,"type":"setColor","r":255,"color":0,"time":23.25,"angle":360},{"duration":0.5,"r":24,"color":0,"time":23.25,"g":109,"type":"setColor","ease":"linear","order":1,"b":226,"angle":45},{"g":255,"b":255,"type":"setColor","r":255,"color":0,"time":24,"angle":360},{"duration":0.5,"r":135,"color":0,"time":24,"g":93,"type":"setColor","ease":"linear","order":1,"b":195,"angle":45},{"g":255,"b":255,"type":"setColor","r":255,"color":0,"time":26.5,"angle":337.5},{"duration":0.5,"r":20,"order":1,"time":26.5,"g":202,"type":"setColor","ease":"linear","color":0,"b":91,"angle":360},{"g":255,"b":255,"type":"setColor","r":255,"color":0,"time":28,"angle":315},{"duration":0.5,"r":0,"order":1,"time":28,"g":0,"type":"setColor","ease":"linear","color":0,"b":0,"angle":337.5},{"duration":0.5,"r":0,"order":1,"time":30.5,"g":0,"type":"setColor","ease":"linear","color":0,"b":0,"angle":360},{"g":255,"b":255,"type":"setColor","r":255,"color":0,"time":30.5,"angle":337.5},{"duration":0.5,"r":0,"order":1,"time":31.25,"g":0,"type":"setColor","ease":"linear","color":0,"b":0,"angle":0},{"g":255,"b":255,"type":"setColor","r":255,"color":0,"time":31.25,"angle":337.5},{"g":255,"b":255,"type":"setColor","r":255,"color":0,"time":32,"angle":337.5},{"duration":0.5,"r":0,"order":1,"time":32,"g":0,"type":"setColor","ease":"linear","color":0,"b":0,"angle":360},{"g":255,"b":255,"type":"setColor","r":255,"color":0,"time":52,"angle":22.5},{"duration":0.5,"r":214,"color":0,"time":52,"g":17,"type":"setColor","ease":"linear","order":1,"b":214,"angle":45},{"g":255,"b":255,"type":"setColor","r":255,"color":0,"time":76,"angle":337.5},{"duration":0.5,"r":45,"color":0,"time":76,"g":200,"type":"setColor","ease":"linear","order":1,"b":23,"angle":0},{"g":255,"b":255,"type":"setColor","r":255,"color":0,"time":92,"angle":337.5},{"duration":0.5,"r":255,"color":0,"time":92,"g":124,"type":"setColor","ease":"linear","order":1,"b":34,"angle":0},{"g":255,"b":255,"type":"setColor","r":255,"color":0,"time":108,"angle":315},{"duration":0.5,"r":35,"order":1,"time":108,"g":205,"type":"setColor","ease":"linear","color":0,"b":202,"angle":337.5},{"type":"hom","angle":45,"time":60,"enable":false},{"g":255,"b":255,"type":"setColor","r":255,"color":0,"time":36,"angle":315}]}