[{"time":2,"type":"block","angle":0},{"time":3,"type":"block","angle":0},{"time":4,"type":"block","angle":0},{"time":6,"type":"block","angle":0},{"time":7,"type":"block","angle":0},{"time":0.5,"type":"extraTap","angle":0},{"time":5,"type":"block","angle":360},{"time":8,"type":"block","angle":360},{"time":12,"type":"block","angle":0},{"time":11,"type":"block","angle":360},{"time":11.5,"type":"block","angle":360},{"time":15,"tap":true,"type":"block","angle":0},{"time":16,"tap":true,"type":"block","angle":180},{"time":18,"type":"block","angle":225},{"time":19,"type":"block","angle":270},{"time":20,"type":"block","angle":315},{"time":21,"type":"block","angle":0},{"time":22,"type":"block","angle":45},{"time":23,"type":"block","angle":360},{"time":24,"type":"block","angle":360},{"time":28,"type":"block","angle":0},{"time":28.666666030884,"type":"block","angle":337.5},{"time":29.333333969116,"type":"block","angle":315},{"time":30,"type":"block","angle":0},{"time":30.666666030884,"type":"block","angle":22.5},{"time":31.333333969116,"type":"block","angle":45},{"time":32,"type":"extraTap","angle":360},{"time":34,"type":"block","angle":270},{"time":35,"type":"block","angle":225},{"time":36,"type":"block","angle":202.5},{"time":37,"type":"block","angle":180},{"time":38,"type":"block","angle":225},{"time":39,"type":"block","angle":270},{"time":40,"type":"block","angle":0},{"time":43,"type":"block","angle":45},{"time":43.5,"type":"block","angle":67.5},{"time":44,"type":"block","angle":45},{"time":37,"type":"extraTap","angle":337.5},{"time":40,"type":"extraTap","angle":247.5},{"time":45,"type":"extraTap","angle":0},{"time":46.5,"type":"extraTap","angle":0},{"time":47,"type":"extraTap","angle":337.5},{"time":48,"type":"extraTap","angle":337.5},{"time":50,"type":"block","angle":0},{"time":51,"type":"block","angle":270},{"time":52,"type":"block","angle":180},{"time":53,"type":"block","angle":270},{"time":54,"type":"block","angle":360},{"time":55,"type":"block","angle":90},{"time":56,"type":"block","angle":270},{"angle2":247.5,"time":60,"type":"hold","duration":0.66666662693024,"angle":225},{"angle2":270,"time":60.666664123535,"type":"hold","duration":0.66666662693024,"angle":247.5},{"angle2":315,"time":61.999996185303,"type":"hold","duration":0.66666662693024,"angle":337.5},{"angle2":292.5,"time":62.666664123535,"type":"hold","duration":0.66666662693024,"angle":315},{"time":64,"type":"block","angle":270},{"time":64,"type":"extraTap","angle":292.5},{"angle2":90,"time":64,"type":"mineHold","duration":18,"angle":90},{"angle2":247.5,"time":66,"type":"mineHold","duration":0.66666662693024,"angle":247.5},{"angle2":225,"time":67,"type":"mineHold","duration":0.66666662693024,"angle":225},{"angle2":337.5,"time":66,"type":"mineHold","duration":0.66666662693024,"angle":337.5},{"angle2":315,"time":67,"type":"mineHold","duration":0.66666662693024,"angle":315},{"angle2":247.5,"time":68,"type":"mineHold","duration":0.66666662693024,"angle":247.5},{"angle2":337.5,"time":68,"type":"mineHold","duration":0.66666662693024,"angle":337.5},{"angle2":270,"time":69,"type":"mineHold","duration":0.66666662693024,"angle":270},{"angle2":360,"time":69,"type":"mineHold","duration":0.66666662693024,"angle":360},{"angle2":247.5,"time":70,"type":"mineHold","duration":0.66666662693024,"angle":247.5},{"angle2":337.5,"time":70,"type":"mineHold","duration":0.66666662693024,"angle":337.5},{"angle2":270,"time":71,"type":"mineHold","duration":0.66666662693024,"angle":270},{"angle2":0,"time":71,"type":"mineHold","duration":0.66666662693024,"angle":0},{"time":72,"tap":true,"type":"block","angle":315},{"time":66,"type":"block","angle":292.5},{"time":70,"type":"block","angle":292.5},{"angle2":247.5,"time":75,"type":"hold","duration":0.5,"angle":202.5},{"angle2":315,"time":75.5,"type":"hold","duration":0.5,"angle":247.5},{"angle2":210,"time":80,"type":"mineHold","duration":2,"angle":210},{"angle2":330,"time":79,"type":"mineHold","duration":3,"angle":330},{"angle2":360,"time":82,"type":"mineHold","duration":1,"angle":330},{"angle2":240,"time":82,"type":"mineHold","duration":1,"angle":210},{"angle2":120,"time":82,"type":"mineHold","duration":1,"angle":90},{"angle2":-30,"time":83,"type":"mineHold","duration":1,"angle":0},{"angle2":90,"time":83,"type":"mineHold","duration":1,"angle":120},{"angle2":210,"time":83,"type":"mineHold","duration":1,"angle":240},{"angle2":390,"time":84,"type":"mineHold","duration":1,"angle":330},{"angle2":150,"time":84,"type":"mineHold","duration":1,"angle":90},{"angle2":270,"time":84,"type":"mineHold","duration":1,"angle":210},{"angle2":300,"time":85,"type":"mineHold","duration":1,"angle":270},{"angle2":60,"time":85,"type":"mineHold","duration":1,"angle":30},{"angle2":180,"time":85,"type":"mineHold","duration":1,"angle":150},{"angle2":270,"time":86,"type":"mineHold","duration":1,"angle":300},{"angle2":30,"time":86,"type":"mineHold","duration":1,"angle":60},{"angle2":150,"time":86,"type":"mineHold","duration":1,"angle":180},{"angle2":330,"time":87,"type":"mineHold","duration":1,"angle":270},{"angle2":90,"time":87,"type":"mineHold","duration":1,"angle":30},{"angle2":210,"time":87,"type":"mineHold","duration":1,"angle":150},{"angle2":420,"time":88,"type":"mineHold","duration":1,"angle":330},{"angle2":180,"time":88,"type":"mineHold","duration":1,"angle":90},{"time":94,"type":"side","angle":360},{"time":94,"tap":true,"type":"side","angle":330},{"time":94,"tap":true,"type":"side","angle":30},{"angle2":300,"time":88,"type":"mineHold","duration":1,"angle":210},{"time":79,"type":"extraTap","angle":247.5},{"time":80,"type":"extraTap","angle":247.5}]