{"properties":{"speed":70,"offset":8,"formatversion":12,"startBeat":0},"metadata":{"bgData":{"image":"amogus.png","redChannel":{"r":206,"g":0,"b":0},"blueChannel":{"r":81,"g":173,"b":227}},"songName":"Among Us Trap Remix","charter":"Me","difficulty":1,"description":"Amogus\n\nMy first level so just some basic testing","artist":"Leonz","bg":true,"artistLink":"https://www.youtube.com/@amogus"},"events":[{"bpm":188,"volume":1,"time":0,"type":"play","file":"Among us trap remix.ogg","angle":0},{"time":32,"name":"Section","type":"bookmark","angle":135,"description":"","g":0,"r":0,"b":0},{"time":64,"name":"Section","type":"bookmark","angle":225,"description":"","g":0,"r":0,"b":0},{"paddle":1,"time":64,"ease":"linear","newWidth":30,"duration":2,"type":"paddles","angle":315},{"paddle":1,"time":72,"ease":"linear","newWidth":70,"duration":1,"type":"paddles","angle":360},{"time":76,"name":"Section","type":"bookmark","angle":330,"description":"","g":0,"r":0,"b":0},{"time":90,"name":"Section","type":"bookmark","angle":330,"description":"","g":0,"r":0,"b":0},{"time":92,"type":"showResults","angle":225},{"time":-6,"type":"setColor","angle":180,"g":0,"color":1,"r":0,"b":0},{"time":-6,"type":"setColor","angle":135,"g":255,"color":0,"r":255,"b":255},{"time":-6,"color":0,"enable":true,"type":"outline","angle":247.5},{"time":90,"type":"setColor","angle":315,"g":0,"ease":"linear","color":1,"r":84,"duration":2,"b":0},{"time":90,"color":1,"enable":true,"type":"outline","angle":360},{"time":-6,"name":"Section","type":"bookmark","angle":360,"description":"","g":0,"r":0,"b":0},{"id":"","time":-6,"sprite":"amogus bg.png","type":"deco","angle":292.5,"drawLayer":"bg","x":0,"y":0,"sx":0.25,"sy":0.25},{"time":-6,"color":1,"type":"setBgColor","angle":90},{"time":-6,"g":72,"angle":202.5,"color":2,"r":229,"type":"setColor","b":72},{"time":-6,"value":2,"var":"p.fillColor","type":"ease","angle":67.5},{"time":-6,"value":3,"var":"p.outlineColor","type":"ease","angle":45},{"time":-6,"g":246,"b":255,"color":3,"r":114,"type":"setColor","angle":157.5},{"paddle":1,"time":79,"ease":"linear","newWidth":50,"duration":0.5,"type":"paddles","angle":270}]}