{"metadata":{"difficulty":4,"description":"Dog.","songName":"Dogsong","charter":"bananharcos","artist":"Toby Fox","bgData":{"image":"BG.png","redChannel":{"r":255,"g":255,"b":255},"blueChannel":{"r":0,"g":0,"b":255}},"bg":true,"artistLink":""},"events":[{"bpm":111,"file":"Dogsong.ogg","offset":0.43000000715256,"type":"play","angle":337.5,"time":0,"volume":1.5},{"name":"Section","description":"","r":0,"g":0,"time":-2,"angle":0,"type":"bookmark","b":0},{"b":0,"time":-2,"angle":315,"type":"setColor","r":0,"g":0,"color":0},{"b":0,"type":"setColor","r":0,"time":-2,"angle":337.5,"g":0,"color":2},{"enable":true,"time":-2,"angle":292.5,"type":"outline","color":2},{"duration":0,"enabled":false,"ease":"linear","time":-2,"type":"paddles","angle":270,"paddle":1},{"duration":0,"type":"paddles","paddle":2,"ease":"linear","time":-2,"angle":247.5,"enabled":true,"newWidth":55},{"sprite":"Circ.png","ox":27,"oy":27,"id":"circ","sy":1,"drawLayer":"fg","drawOrder":1,"sx":1,"time":-2,"angle":225,"recolor":0,"type":"deco"},{"time":-2,"spriteName":"none","type":"forcePlayerSprite","angle":202.5},{"sprite":"dog!run","ox":10,"oy":9,"id":"1","sy":0,"r":0,"type":"deco","drawOrder":2,"outline":true,"time":-2,"angle":180,"sx":0,"order":0},{"duration":6,"id":"1","type":"deco","order":1,"ease":"inSine","time":0,"angle":348.75,"r":400},{"enable":false,"time":-2,"type":"setBoolean","angle":157.5,"var":"vfx.drawAccuracy"},{"enable":false,"type":"setBoolean","time":-2,"angle":135,"var":"vfx.drawSongTitle"},{"enable":false,"time":-2,"type":"setBoolean","angle":112.5,"var":"vfx.drawDifficulty"},{"sprite":"dog!run@8","ox":10,"oy":9,"sx":2,"sy":2,"r":270,"y":-50,"id":"2","drawOrder":0,"hide":false,"time":-1.25,"angle":0,"outline":true,"type":"deco"},{"duration":1.5,"id":"2","type":"deco","x":300,"y":180,"ease":"linear","time":-1.125,"angle":360},{"sprite":"dog!run@8","ox":10,"oy":9,"id":"3","sy":-2,"r":270,"y":-50,"outline":true,"drawOrder":0,"hide":false,"time":9.125,"angle":0,"type":"deco","sx":2},{"duration":1.625,"id":"3","type":"deco","x":300,"y":180,"ease":"linear","time":9.25,"angle":360},{"sprite":"dog!run@8","ox":10,"oy":9,"id":"4","sy":-2,"r":270,"y":-50,"sx":2,"drawOrder":0,"hide":false,"time":11.125,"angle":0,"outline":true,"type":"deco"},{"duration":1.625,"id":"4","type":"deco","x":300,"y":180,"ease":"linear","time":11.25,"angle":360},{"sprite":"dog!run@8","ox":10,"oy":9,"id":"5","sy":2,"r":270,"y":-50,"type":"deco","drawOrder":0,"outline":true,"time":12.75,"angle":0,"sx":2,"hide":false},{"duration":1.625,"id":"5","type":"deco","x":300,"y":180,"ease":"linear","time":12.875,"angle":360},{"sprite":"dog!run@8","ox":10,"oy":9,"id":"6","sy":2,"r":90,"y":410,"outline":true,"drawOrder":0,"hide":false,"time":13.5,"angle":180,"sx":2,"type":"deco"},{"duration":1.625,"id":"6","type":"deco","x":300,"y":180,"ease":"linear","time":13.625,"angle":540},{"type":"deco","hide":true,"time":-0,"angle":11.25,"id":"2"},{"time":10.5,"id":"3","type":"deco","angle":11.25,"hide":true},{"time":12.5,"id":"4","type":"deco","angle":11.25,"hide":true},{"time":14.125,"id":"5","type":"deco","angle":11.25,"hide":true},{"time":14.875,"id":"6","type":"deco","angle":168.75,"hide":true},{"type":"deco","id":"70","time":2.625,"angle":180,"hide":true},{"sprite":"dog!run@8","ox":10,"oy":9,"sx":2,"sy":2,"r":78.75,"x":340,"y":430,"type":"deco","drawOrder":0,"hide":false,"time":2.5,"angle":157.5,"outline":true,"id":"8"},{"time":3.875,"id":"8","type":"deco","angle":157.5,"hide":true},{"duration":1.625,"id":"8","type":"deco","x":300,"y":180,"ease":"linear","time":2.625,"angle":517.5},{"sprite":"dog!run@8","ox":10,"oy":9,"id":"2","sy":2,"r":270,"y":-50,"hide":false,"drawOrder":0,"outline":true,"time":15.875,"angle":0,"type":"deco","sx":2},{"duration":1.625,"id":"2","type":"deco","x":300,"y":180,"ease":"linear","time":16,"angle":360},{"time":17.25,"id":"2","type":"deco","angle":11.25,"hide":true},{"sprite":"dog!run@8","ox":10,"oy":9,"id":"2","sy":2,"r":270,"y":-50,"hide":false,"drawOrder":0,"outline":true,"time":33.75,"angle":0,"type":"deco","sx":2},{"duration":1.625,"id":"2","type":"deco","x":300,"y":180,"ease":"linear","time":33.875,"angle":360},{"time":35.125,"id":"2","type":"deco","angle":11.25,"hide":true},{"sprite":"dog#2","time":65.25,"id":"1","type":"deco","angle":67.5},{"sprite":"dog!run@8","ox":10,"oy":9,"id":"2","sy":2,"r":270,"y":-50,"sx":2,"drawOrder":0,"outline":true,"time":52.625,"angle":0,"type":"deco","hide":false},{"duration":1.625,"id":"2","type":"deco","x":300,"y":180,"ease":"linear","time":52.75,"angle":360},{"time":54,"id":"2","type":"deco","angle":11.25,"hide":true},{"sprite":"dog!run@8","ox":10,"oy":9,"sx":-2,"sy":2,"r":78.75,"x":260,"y":-70,"id":"7","drawOrder":0,"outline":true,"time":9.625,"angle":-11.25,"type":"deco","hide":false},{"duration":1.625,"id":"7","type":"deco","x":300,"y":180,"ease":"linear","time":9.75,"angle":348.75},{"type":"deco","id":"7","time":11,"angle":360,"hide":true},{"sprite":"dog!run@8","ox":10,"oy":9,"id":"7","sy":2,"r":78.75,"x":260,"y":-70,"outline":true,"drawOrder":0,"hide":false,"time":16.625,"angle":-11.25,"sx":-2,"type":"deco"},{"duration":1.625,"id":"7","type":"deco","x":300,"y":180,"ease":"linear","time":16.75,"angle":348.75},{"time":18,"id":"7","type":"deco","angle":337.5,"hide":true},{"sprite":"dog!run@8","ox":10,"oy":9,"id":"8","sy":2,"r":78.75,"x":260,"y":-70,"outline":true,"drawOrder":0,"hide":false,"time":17.375,"angle":-11.25,"type":"deco","sx":-2},{"duration":1.625,"id":"8","type":"deco","x":300,"y":180,"ease":"linear","time":17.5,"angle":348.75},{"time":18.75,"id":"8","type":"deco","angle":337.5,"hide":true},{"sprite":"dog!run@8","ox":10,"oy":9,"id":"7","sy":2,"r":78.75,"x":260,"y":-70,"outline":true,"drawOrder":0,"hide":false,"time":27,"angle":-11.25,"sx":-2,"type":"deco"},{"duration":1.625,"id":"7","type":"deco","x":300,"y":180,"ease":"linear","time":27.125,"angle":348.75},{"time":28.5,"hide":false,"type":"deco","angle":337.5,"id":"700"},{"sprite":"dog!run@8","ox":10,"oy":9,"id":"7","sy":2,"r":78.75,"x":340,"y":430,"hide":false,"drawOrder":0,"outline":true,"time":37.25,"angle":-191.25,"type":"deco","sx":2},{"duration":1.625,"id":"7","type":"deco","x":300,"y":180,"ease":"linear","time":37.375,"angle":168.75},{"time":38.625,"id":"7","type":"deco","angle":157.5,"hide":true},{"sprite":"dog!run@12","ox":10,"oy":9,"id":"99","sy":10,"x":700,"y":180,"time":29.25,"angle":315,"sx":10,"type":"deco"},{"duration":3,"id":"99","type":"deco","x":-200,"drawOrder":1,"time":29.5,"angle":315,"ease":"inOutQuad","drawLayer":"fg"},{"sprite":"dog!run@8","ox":10,"oy":9,"id":"7","sy":-2,"r":101.25,"x":260,"y":430,"outline":true,"drawOrder":0,"hide":false,"time":40.125,"angle":-168.75,"type":"deco","sx":2},{"duration":1.625,"id":"7","type":"deco","x":300,"y":180,"ease":"linear","time":40.25,"angle":191.25},{"time":41.5,"id":"7","type":"deco","angle":180,"hide":true},{"duration":1.5,"sx":80,"sy":80,"x":100,"y":140,"ease":"inBack","time":66,"angle":67.5,"id":"1","type":"deco"},{"duration":0.5,"id":"1","type":"deco","ease":"outBack","time":-0.5,"angle":360,"sx":2.5,"sy":2.5},{"duration":1,"type":"setColor","r":255,"g":255,"color":2,"ease":"inOutSine","time":-1,"angle":348.75,"b":255},{"sprite":"dog!run@8","ox":10,"oy":9,"id":"7","sy":-2,"r":101.25,"x":260,"y":430,"sx":2,"drawOrder":0,"outline":true,"time":59.5,"angle":-168.75,"type":"deco","hide":false},{"duration":1.625,"id":"7","type":"deco","x":300,"y":180,"ease":"linear","time":59.625,"angle":191.25},{"time":60.875,"hide":true,"type":"deco","angle":180,"id":"7"},{"duration":54,"angle":360,"time":6,"id":"1","type":"deco","r":6000},{"duration":6,"id":"1","type":"deco","r":720,"ease":"outSine","time":60,"angle":0,"order":1},{"r":240,"order":0,"type":"deco","id":"1","time":60,"angle":337.5},{"sprite":"dog!run@8","ox":10,"oy":9,"id":"7","sy":2,"r":67.5,"x":210,"y":-50,"hide":false,"drawOrder":0,"outline":true,"time":3.875,"angle":337.5,"sx":-2,"type":"deco"},{"duration":1.625,"id":"7","type":"deco","x":300,"y":180,"ease":"linear","time":4,"angle":337.5},{"time":5.25,"id":"7","type":"deco","angle":326.25,"hide":true},{"sprite":"dog!run@8","ox":10,"oy":9,"id":"7","sy":2,"r":67.5,"x":210,"y":-50,"hide":false,"drawOrder":0,"outline":true,"time":0,"angle":326.25,"sx":-2,"type":"deco"},{"duration":1.625,"id":"7","type":"deco","x":300,"y":180,"ease":"linear","time":0.125,"angle":326.25},{"time":1.375,"id":"7","type":"deco","angle":326.25,"hide":true},{"sprite":"dog!run@8","ox":10,"oy":9,"id":"7","sy":2,"r":67.5,"x":210,"y":-50,"type":"deco","drawOrder":0,"outline":true,"time":7,"angle":337.5,"sx":-2,"hide":false},{"duration":1.625,"id":"7","type":"deco","x":300,"y":180,"ease":"linear","time":7.125,"angle":337.5},{"time":8.375,"id":"7","type":"deco","angle":326.25,"hide":true},{"sprite":"dog!run@8","ox":10,"oy":9,"id":"75","sy":2,"r":67.5,"x":210,"y":-50,"type":"deco","drawOrder":0,"hide":false,"time":10.875,"angle":337.5,"sx":-2,"outline":true},{"duration":1.625,"id":"75","type":"deco","x":300,"y":180,"ease":"linear","time":11,"angle":337.5},{"time":12.25,"id":"75","type":"deco","angle":326.25,"hide":true},{"sprite":"dog!run@8","ox":10,"oy":9,"id":"70","sy":2,"r":67.5,"x":210,"y":-50,"type":"deco","drawOrder":0,"hide":false,"time":26.75,"angle":337.5,"sx":-2,"outline":true},{"duration":1.625,"id":"70","type":"deco","x":300,"y":180,"ease":"linear","time":26.875,"angle":337.5},{"type":"deco","hide":true,"time":28.25,"angle":337.5,"id":"70"},{"sprite":"dog!run@8","ox":10,"oy":9,"id":"7","sy":2,"r":67.5,"x":210,"y":-50,"hide":false,"drawOrder":0,"outline":true,"time":28.375,"angle":326.25,"sx":-2,"type":"deco"},{"duration":1.625,"id":"7","type":"deco","x":300,"y":180,"ease":"linear","time":28.5,"angle":326.25},{"sprite":"dog!run@8","ox":10,"oy":9,"id":"7","sy":2,"r":67.5,"x":210,"y":-50,"type":"deco","drawOrder":0,"outline":true,"time":33.5,"angle":337.5,"sx":-2,"hide":false},{"duration":1.625,"id":"7","type":"deco","x":300,"y":180,"ease":"linear","time":33.625,"angle":337.5},{"time":34.875,"hide":true,"type":"deco","angle":326.25,"id":"7"},{"sprite":"dog!run@8","ox":10,"oy":9,"id":"7","sy":2,"r":67.5,"x":210,"y":-50,"type":"deco","drawOrder":0,"outline":true,"time":52.375,"angle":337.5,"sx":-2,"hide":false},{"duration":1.625,"id":"7","type":"deco","x":300,"y":180,"ease":"linear","time":52.5,"angle":337.5},{"time":53.75,"hide":true,"type":"deco","angle":326.25,"id":"7"},{"sprite":"dog!run@8","ox":10,"oy":9,"id":"7","sy":1.5,"r":67.5,"x":210,"y":-50,"hide":false,"drawOrder":0,"outline":true,"time":62.375,"angle":337.5,"sx":-1.5,"type":"deco"},{"duration":1.625,"id":"7","type":"deco","x":300,"y":180,"ease":"linear","time":62.5,"angle":337.5},{"time":63.75,"hide":true,"type":"deco","angle":326.25,"id":"7"},{"sprite":"dog!run@8","ox":10,"oy":9,"id":"73","sy":-2,"r":281.25,"x":340,"y":-50,"sx":2,"drawOrder":0,"hide":false,"time":27.875,"angle":11.25,"type":"deco","outline":true},{"duration":1.625,"id":"73","type":"deco","x":300,"y":180,"ease":"linear","time":28,"angle":371.25},{"type":"deco","hide":true,"time":29.25,"angle":360,"id":"73"},{"sprite":"dog!run@8","ox":10,"oy":9,"id":"76","sy":-2,"r":281.25,"x":340,"y":-50,"hide":false,"drawOrder":0,"outline":true,"time":32.75,"angle":11.25,"type":"deco","sx":2},{"duration":1.625,"id":"76","type":"deco","x":300,"y":180,"ease":"linear","time":32.875,"angle":371.25},{"type":"deco","hide":true,"time":34.125,"angle":360,"id":"76"},{"sprite":"dog!run@8","ox":10,"oy":9,"id":"11","sy":2,"r":292.5,"x":390,"y":-50,"outline":true,"drawOrder":0,"hide":false,"time":4.625,"angle":382.5,"sx":2,"type":"deco"},{"duration":1.625,"id":"11","type":"deco","x":300,"y":180,"ease":"linear","time":4.75,"angle":22.5},{"time":6,"id":"11","type":"deco","angle":371.25,"hide":true},{"sprite":"dog!run@8","ox":10,"oy":9,"id":"11","sy":2,"r":292.5,"x":390,"y":-50,"outline":true,"drawOrder":0,"hide":false,"time":18.375,"angle":382.5,"sx":2,"type":"deco"},{"duration":1.625,"id":"11","type":"deco","x":300,"y":180,"ease":"linear","time":18.5,"angle":22.5},{"time":19.75,"id":"11","type":"deco","angle":371.25,"hide":true},{"sprite":"dog!run@8","ox":10,"oy":9,"id":"11","sy":-2,"r":112.5,"x":210,"y":410,"outline":true,"drawOrder":0,"hide":false,"time":36.5,"angle":562.5,"sx":2,"type":"deco"},{"duration":1.625,"id":"11","type":"deco","x":300,"y":180,"ease":"linear","time":36.625,"angle":202.5},{"time":37.875,"id":"11","type":"deco","angle":551.25,"hide":true},{"sprite":"dog!run@8","ox":10,"oy":9,"id":"112","sy":2,"r":67.5,"x":390,"y":410,"hide":false,"drawOrder":0,"outline":true,"time":36.75,"angle":517.5,"sx":2,"type":"deco"},{"duration":1.625,"id":"112","type":"deco","x":300,"y":180,"ease":"linear","time":36.875,"angle":157.5},{"time":38.125,"hide":true,"type":"deco","angle":506.25,"id":"112"},{"sprite":"dog!run@8","ox":10,"oy":9,"id":"21","sy":-2,"r":236.25,"x":160,"y":-30,"hide":false,"drawOrder":0,"outline":true,"time":9.375,"angle":326.25,"sx":2,"type":"deco"},{"duration":1.625,"id":"21","type":"deco","x":300,"y":180,"ease":"linear","time":9.5,"angle":-33.75},{"time":10.75,"hide":true,"type":"deco","angle":315,"id":"21"},{"sprite":"dog!run@8","ox":10,"oy":9,"id":"21","sy":-2,"r":236.25,"x":160,"y":-30,"hide":false,"drawOrder":0,"outline":true,"time":15.25,"angle":326.25,"sx":2,"type":"deco"},{"duration":1.625,"id":"21","type":"deco","x":300,"y":180,"ease":"linear","time":15.375,"angle":-33.75},{"time":16.625,"hide":true,"type":"deco","angle":315,"id":"21"},{"sprite":"dog!run@8","ox":10,"oy":9,"id":"21","sy":-2,"r":236.25,"x":160,"y":-30,"type":"deco","drawOrder":0,"outline":true,"time":17.125,"angle":326.25,"sx":2,"hide":false},{"duration":1.625,"id":"21","type":"deco","x":300,"y":180,"ease":"linear","time":17.25,"angle":-33.75},{"time":18.5,"hide":true,"type":"deco","angle":315,"id":"21"},{"sprite":"dog!run@8","ox":10,"oy":9,"id":"21","sy":-1.5,"r":236.25,"x":160,"y":-30,"sx":1.5,"drawOrder":0,"outline":true,"time":42.625,"angle":326.25,"hide":false,"type":"deco"},{"duration":1.625,"id":"21","type":"deco","x":300,"y":180,"ease":"linear","time":42.75,"angle":-33.75},{"time":44,"hide":true,"type":"deco","angle":315,"id":"21"},{"sprite":"dog!run@8","ox":10,"oy":9,"id":"21","sy":-2,"r":236.25,"x":160,"y":-30,"type":"deco","drawOrder":0,"outline":true,"time":49.375,"angle":326.25,"sx":2,"hide":false},{"duration":1.625,"id":"21","type":"deco","x":300,"y":180,"ease":"linear","time":49.5,"angle":-33.75},{"time":50.75,"hide":true,"type":"deco","angle":315,"id":"21"},{"sprite":"dog!run@8","ox":10,"oy":9,"id":"21","sy":2,"r":303.75,"x":440,"y":-30,"hide":false,"drawOrder":0,"outline":true,"time":-0.75,"angle":393.75,"sx":2,"type":"deco"},{"duration":1.625,"id":"21","type":"deco","x":300,"y":180,"ease":"linear","time":-0.625,"angle":33.75},{"time":0.625,"hide":true,"type":"deco","angle":382.5,"id":"21"},{"sprite":"dog!run@8","ox":10,"oy":9,"id":"21","sy":2,"r":303.75,"x":440,"y":-30,"hide":false,"drawOrder":0,"outline":true,"time":4.375,"angle":393.75,"sx":2,"type":"deco"},{"duration":1.625,"id":"21","type":"deco","x":300,"y":180,"ease":"linear","time":4.5,"angle":33.75},{"time":5.75,"hide":true,"type":"deco","angle":382.5,"id":"21"},{"sprite":"dog!run@8","ox":10,"oy":9,"id":"210","sy":2,"r":303.75,"x":440,"y":-30,"type":"deco","drawOrder":0,"outline":true,"time":8.125,"angle":393.75,"sx":2,"hide":false},{"duration":1.625,"id":"210","type":"deco","x":300,"y":180,"ease":"linear","time":8.25,"angle":33.75},{"time":9.5,"hide":true,"type":"deco","angle":382.5,"id":"210"},{"sprite":"dog!run@8","ox":10,"oy":9,"id":"212","sy":2,"r":303.75,"x":440,"y":-30,"outline":true,"drawOrder":0,"hide":false,"time":8.875,"angle":393.75,"sx":2,"type":"deco"},{"duration":1.625,"id":"212","type":"deco","x":300,"y":180,"ease":"linear","time":9,"angle":33.75},{"time":10.25,"hide":true,"type":"deco","angle":382.5,"id":"212"},{"sprite":"dog!run@8","ox":10,"oy":9,"id":"21","sy":2,"r":303.75,"x":440,"y":-30,"hide":false,"drawOrder":0,"outline":true,"time":35.375,"angle":393.75,"sx":2,"type":"deco"},{"duration":1.625,"id":"21","type":"deco","x":300,"y":180,"ease":"linear","time":35.5,"angle":33.75},{"time":36.75,"hide":true,"type":"deco","angle":382.5,"id":"21"},{"sprite":"dog!run@8","ox":10,"oy":9,"id":"21","sy":2,"r":303.75,"x":440,"y":-30,"hide":false,"drawOrder":0,"outline":true,"time":45.875,"angle":393.75,"sx":2,"type":"deco"},{"duration":1.625,"id":"21","type":"deco","x":300,"y":180,"ease":"linear","time":46,"angle":33.75},{"time":47.25,"hide":true,"type":"deco","angle":382.5,"id":"21"},{"sprite":"dog!run@8","ox":10,"oy":9,"id":"21","sy":2,"r":303.75,"x":440,"y":-30,"hide":false,"drawOrder":0,"outline":true,"time":52,"angle":393.75,"sx":2,"type":"deco"},{"duration":1.625,"id":"21","type":"deco","x":300,"y":180,"ease":"linear","time":52.125,"angle":33.75},{"time":53.375,"hide":true,"type":"deco","angle":382.5,"id":"21"},{"sprite":"dog!run@8","ox":10,"oy":9,"id":"21","sy":2,"r":303.75,"x":440,"y":-30,"hide":false,"drawOrder":0,"outline":true,"time":57,"angle":393.75,"sx":2,"type":"deco"},{"duration":1.625,"id":"21","type":"deco","x":300,"y":180,"ease":"linear","time":57.125,"angle":33.75},{"time":58.375,"hide":true,"type":"deco","angle":382.5,"id":"21"},{"sprite":"dog!run@8","ox":10,"oy":9,"id":"21","sy":1.5,"r":303.75,"x":440,"y":-30,"hide":false,"drawOrder":0,"outline":true,"time":61.875,"angle":393.75,"sx":1.5,"type":"deco"},{"duration":1.625,"id":"21","type":"deco","x":300,"y":180,"ease":"linear","time":62,"angle":33.75},{"time":63.25,"hide":true,"type":"deco","angle":382.5,"id":"21"},{"sprite":"dog!run@8","ox":10,"oy":9,"id":"23","sy":2,"r":56.25,"x":440,"y":390,"hide":false,"drawOrder":0,"outline":true,"time":36,"angle":506.25,"sx":2,"type":"deco"},{"duration":1.625,"id":"23","type":"deco","x":300,"y":180,"ease":"linear","time":36.125,"angle":146.25},{"time":37.375,"id":"23","type":"deco","angle":495,"hide":true},{"sprite":"dog!run@8","ox":10,"oy":9,"id":"23","sy":2,"r":56.25,"x":440,"y":390,"hide":false,"drawOrder":0,"outline":true,"time":40.875,"angle":506.25,"sx":2,"type":"deco"},{"duration":1.625,"id":"23","type":"deco","x":300,"y":180,"ease":"linear","time":41,"angle":146.25},{"time":42.25,"id":"23","type":"deco","angle":495,"hide":true},{"sprite":"dog!run@8","ox":10,"oy":9,"id":"23","sy":2,"r":56.25,"x":440,"y":390,"hide":false,"drawOrder":0,"outline":true,"time":60,"angle":506.25,"sx":2,"type":"deco"},{"duration":1.625,"id":"23","type":"deco","x":300,"y":180,"ease":"linear","time":60.125,"angle":146.25},{"time":61.375,"id":"23","type":"deco","angle":495,"hide":true},{"sprite":"dog!run@8","ox":10,"oy":9,"id":"23","sy":1.5,"r":56.25,"x":440,"y":390,"outline":true,"drawOrder":0,"hide":false,"time":63.25,"angle":506.25,"sx":1.5,"type":"deco"},{"duration":1.625,"id":"23","type":"deco","x":300,"y":180,"ease":"linear","time":63.375,"angle":146.25},{"time":64.625,"id":"23","type":"deco","angle":495,"hide":true},{"sprite":"dog!run@8","ox":10,"oy":9,"id":"25","sy":-2,"r":123.75,"x":160,"y":390,"type":"deco","drawOrder":0,"outline":true,"time":0.75,"angle":573.75,"sx":2,"hide":false},{"duration":1.625,"id":"25","type":"deco","x":300,"y":180,"ease":"linear","time":0.875,"angle":213.75},{"time":2.125,"id":"25","type":"deco","angle":562.5,"hide":true},{"sprite":"dog!run@8","ox":10,"oy":9,"id":"26","sy":-2,"r":123.75,"x":160,"y":390,"type":"deco","drawOrder":0,"outline":true,"time":1.5,"angle":573.75,"sx":2,"hide":false},{"duration":1.625,"id":"26","type":"deco","x":300,"y":180,"ease":"linear","time":1.625,"angle":213.75},{"time":2.875,"hide":true,"type":"deco","angle":562.5,"id":"26"},{"sprite":"dog!run@8","ox":10,"oy":9,"id":"30","sy":-2,"r":225,"x":85,"y":-30,"type":"deco","drawOrder":0,"outline":true,"time":9.5,"angle":675,"sx":2,"hide":false},{"duration":2,"id":"30","type":"deco","x":300,"y":180,"ease":"linear","time":9.625,"angle":315},{"time":11.25,"hide":true,"type":"deco","angle":663.75,"id":"30"},{"sprite":"dog!run@8","ox":10,"oy":9,"id":"300","sy":-2,"r":225,"x":85,"y":-30,"type":"deco","drawOrder":0,"outline":true,"time":10.25,"angle":675,"sx":2,"hide":false},{"duration":2,"id":"300","type":"deco","x":300,"y":180,"ease":"linear","time":10.375,"angle":315},{"time":12,"hide":true,"type":"deco","angle":663.75,"id":"300"},{"sprite":"dog!run@8","ox":10,"oy":9,"id":"30","sy":-2,"r":225,"x":85,"y":-30,"type":"deco","drawOrder":0,"outline":true,"time":16,"angle":675,"sx":2,"hide":false},{"duration":2,"id":"30","type":"deco","x":300,"y":180,"ease":"linear","time":16.125,"angle":315},{"time":17.75,"hide":true,"type":"deco","angle":663.75,"id":"30"},{"sprite":"dog!run@8","ox":10,"oy":9,"id":"30","sy":-2,"r":225,"x":85,"y":-30,"type":"deco","drawOrder":0,"outline":true,"time":22.5,"angle":675,"sx":2,"hide":false},{"duration":2,"id":"30","type":"deco","x":300,"y":180,"ease":"linear","time":22.625,"angle":315},{"time":24.25,"hide":true,"type":"deco","angle":663.75,"id":"30"},{"sprite":"dog!run@8","ox":10,"oy":9,"id":"300","sy":-2,"r":225,"x":85,"y":-30,"outline":true,"drawOrder":0,"hide":false,"time":23.75,"angle":675,"sx":2,"type":"deco"},{"duration":2,"id":"300","type":"deco","x":300,"y":180,"ease":"linear","time":23.875,"angle":315},{"time":25.5,"id":"300","type":"deco","angle":663.75,"hide":true},{"sprite":"dog!run@8","ox":10,"oy":9,"id":"30","sy":-2,"r":225,"x":85,"y":-30,"type":"deco","drawOrder":0,"outline":true,"time":27,"angle":675,"sx":2,"hide":false},{"duration":2,"id":"30","type":"deco","x":300,"y":180,"ease":"linear","time":27.125,"angle":315},{"time":28.75,"hide":true,"type":"deco","angle":663.75,"id":"30"},{"sprite":"dog!run@8","ox":10,"oy":9,"id":"30","sy":-2,"r":225,"x":85,"y":-30,"type":"deco","drawOrder":0,"outline":true,"time":32.875,"angle":675,"sx":2,"hide":false},{"duration":2,"id":"30","type":"deco","x":300,"y":180,"ease":"linear","time":33,"angle":315},{"time":34.625,"hide":true,"type":"deco","angle":663.75,"id":"30"},{"sprite":"dog!run@8","ox":10,"oy":9,"id":"30","sy":-2,"r":225,"x":85,"y":-30,"type":"deco","drawOrder":0,"outline":true,"time":56.125,"angle":675,"sx":2,"hide":false},{"duration":2,"id":"30","type":"deco","x":300,"y":180,"ease":"linear","time":56.25,"angle":315},{"time":57.875,"id":"30","type":"deco","angle":663.75,"hide":true},{"sprite":"dog!run@8","ox":10,"oy":9,"id":"300","sy":-2,"r":225,"x":85,"y":-30,"type":"deco","drawOrder":0,"hide":false,"time":57.875,"angle":326.25,"sx":2,"outline":true},{"duration":2,"id":"300","type":"deco","x":300,"y":180,"ease":"linear","time":58,"angle":326.25},{"time":59.625,"id":"300","type":"deco","angle":663.75,"hide":true},{"sprite":"dog!run@8","ox":10,"oy":9,"id":"30","sy":-1.5,"r":225,"x":85,"y":-30,"type":"deco","drawOrder":0,"outline":true,"time":62,"angle":675,"sx":1.5,"hide":false},{"duration":2,"id":"30","type":"deco","x":300,"y":180,"ease":"linear","time":62.125,"angle":315},{"time":63.75,"hide":true,"type":"deco","angle":663.75,"id":"30"},{"sprite":"dog!run@8","ox":10,"oy":9,"id":"305","sy":2,"r":315,"x":515,"y":-30,"hide":false,"drawOrder":0,"outline":true,"time":23.25,"angle":765,"sx":2,"type":"deco"},{"duration":2,"id":"305","type":"deco","x":300,"y":180,"ease":"linear","time":23.375,"angle":405},{"type":"deco","hide":true,"time":25,"angle":753.75,"id":"305"},{"sprite":"dog!run@8","ox":10,"oy":9,"id":"305","sy":2,"r":315,"x":515,"y":-30,"type":"deco","drawOrder":0,"outline":true,"time":30.875,"angle":765,"sx":2,"hide":false},{"duration":2,"id":"305","type":"deco","x":300,"y":180,"ease":"linear","time":31,"angle":405},{"time":32.625,"hide":true,"type":"deco","angle":753.75,"id":"305"},{"sprite":"dog!run@8","ox":10,"oy":9,"id":"303","sy":2,"r":315,"x":515,"y":-30,"type":"deco","drawOrder":0,"hide":false,"time":32.125,"angle":765,"sx":2,"outline":true},{"duration":2,"id":"303","type":"deco","x":300,"y":180,"ease":"linear","time":32.25,"angle":405},{"type":"deco","hide":true,"time":33.875,"angle":753.75,"id":"303"},{"sprite":"dog!run@8","ox":10,"oy":9,"id":"305","sy":2,"r":315,"x":515,"y":-30,"outline":true,"drawOrder":0,"hide":false,"time":45.25,"angle":765,"sx":2,"type":"deco"},{"duration":2,"id":"305","type":"deco","x":300,"y":180,"ease":"linear","time":45.375,"angle":405},{"time":47,"hide":true,"type":"deco","angle":753.75,"id":"305"},{"sprite":"dog!run@8","ox":10,"oy":9,"id":"305","sy":2,"r":315,"x":515,"y":-30,"type":"deco","drawOrder":0,"hide":false,"time":52.75,"angle":765,"sx":2,"outline":true},{"duration":2,"id":"305","type":"deco","x":300,"y":180,"ease":"linear","time":52.875,"angle":405},{"type":"deco","hide":true,"time":54.5,"angle":753.75,"id":"305"},{"sprite":"dog!run@8","ox":10,"oy":9,"id":"35","sy":-1.5,"r":135,"x":85,"y":390,"type":"deco","drawOrder":0,"outline":true,"time":42.875,"angle":945,"sx":1.5,"hide":false},{"duration":2,"id":"35","type":"deco","x":300,"y":180,"ease":"linear","time":43,"angle":585},{"time":44.625,"id":"35","type":"deco","angle":933.75,"hide":true},{"sprite":"dog!run@8","ox":10,"oy":9,"id":"35","sy":-2,"r":135,"x":85,"y":390,"type":"deco","drawOrder":0,"hide":false,"time":47,"angle":945,"sx":2,"outline":true},{"duration":2,"id":"35","type":"deco","x":300,"y":180,"ease":"linear","time":47.125,"angle":585},{"time":48.75,"id":"35","type":"deco","angle":933.75,"hide":true},{"sprite":"dog!run@8","ox":10,"oy":9,"id":"35","sy":-2,"r":135,"x":85,"y":390,"type":"deco","drawOrder":0,"hide":false,"time":50.125,"angle":945,"sx":2,"outline":true},{"duration":2,"id":"35","type":"deco","x":300,"y":180,"ease":"linear","time":50.25,"angle":585},{"time":51.875,"id":"35","type":"deco","angle":933.75,"hide":true},{"sprite":"dog!run@8","ox":10,"oy":9,"sx":1.5,"sy":1.5,"r":90,"y":410,"id":"2","drawOrder":0,"hide":false,"time":63.25,"angle":-180,"outline":true,"type":"deco"},{"duration":1.5,"id":"2","type":"deco","x":300,"y":180,"ease":"linear","time":63.375,"angle":180},{"time":64.625,"id":"2","type":"deco","angle":191.25,"hide":true},{"sprite":"dog!run@8","ox":10,"oy":9,"sx":2,"sy":2,"r":78.75,"x":340,"y":430,"type":"deco","drawOrder":0,"hide":false,"time":1.25,"angle":168.75,"outline":true,"id":"70"},{"duration":1.625,"id":"70","type":"deco","x":300,"y":180,"ease":"linear","time":1.375,"angle":168.75},{"sprite":"dog!run@8","ox":10,"oy":9,"id":"40","sy":-2,"r":213.75,"x":7,"y":-13,"outline":true,"drawOrder":0,"hide":false,"time":16.875,"angle":303.75,"sx":2,"type":"deco"},{"duration":2.375,"id":"40","type":"deco","x":300,"y":180,"ease":"linear","time":17,"angle":663.75},{"type":"deco","id":"40","time":19,"angle":1012.5,"hide":true},{"sprite":"dog!run@8","ox":10,"oy":9,"id":"400","sy":-2,"r":213.75,"x":7,"y":-13,"type":"deco","drawOrder":0,"outline":true,"time":18.375,"angle":303.75,"sx":2,"hide":false},{"duration":2.375,"id":"400","type":"deco","x":300,"y":180,"ease":"linear","time":18.5,"angle":663.75},{"type":"deco","id":"400","time":20.5,"angle":1012.5,"hide":true},{"sprite":"dog!run@8","ox":10,"oy":9,"id":"40","sy":-2,"r":213.75,"x":7,"y":-13,"outline":true,"drawOrder":0,"hide":false,"time":38.125,"angle":303.75,"sx":2,"type":"deco"},{"duration":2.375,"id":"40","type":"deco","x":300,"y":180,"ease":"linear","time":38.25,"angle":663.75},{"type":"deco","id":"40","time":40.25,"angle":1012.5,"hide":true},{"sprite":"dog!run@8","ox":10,"oy":9,"id":"40","sy":-1.5,"r":213.75,"x":7,"y":-13,"hide":false,"drawOrder":0,"outline":true,"time":41.875,"angle":303.75,"sx":1.5,"type":"deco"},{"duration":2.375,"id":"40","type":"deco","x":300,"y":180,"ease":"linear","time":42,"angle":663.75},{"type":"deco","id":"40","time":44,"angle":1012.5,"hide":true},{"sprite":"dog!run@8","ox":10,"oy":9,"id":"400","sy":-1.5,"r":213.75,"x":7,"y":-13,"hide":false,"drawOrder":0,"outline":true,"time":43.25,"angle":303.75,"sx":1.5,"type":"deco"},{"duration":2.375,"id":"400","type":"deco","x":300,"y":180,"ease":"linear","time":43.375,"angle":663.75},{"time":45.375,"id":"400","type":"deco","angle":1012.5,"hide":true},{"sprite":"dog!run@8","ox":10,"oy":9,"id":"40","sy":-2,"r":213.75,"x":7,"y":-13,"outline":true,"drawOrder":0,"hide":false,"time":54.375,"angle":303.75,"sx":2,"type":"deco"},{"duration":2.375,"id":"40","type":"deco","x":300,"y":180,"ease":"linear","time":54.5,"angle":663.75},{"type":"deco","id":"40","time":56.5,"angle":1012.5,"hide":true},{"duration":2.375,"id":"43","type":"deco","x":300,"y":180,"ease":"linear","time":7.75,"angle":776.25},{"type":"deco","id":"43","time":9.75,"angle":1125,"hide":true},{"sprite":"dog!run@8","ox":10,"oy":9,"id":"43","sy":2,"r":326.25,"x":593,"y":-13,"type":"deco","drawOrder":0,"outline":true,"time":7.625,"angle":416.25,"sx":2,"hide":false},{"duration":2.375,"id":"43","type":"deco","x":300,"y":180,"ease":"linear","time":11.625,"angle":776.25},{"type":"deco","id":"43","time":13.625,"angle":1125,"hide":true},{"sprite":"dog!run@8","ox":10,"oy":9,"id":"43","sy":2,"r":326.25,"x":593,"y":-13,"type":"deco","drawOrder":0,"outline":true,"time":11.5,"angle":416.25,"sx":2,"hide":false},{"duration":2.375,"id":"43","type":"deco","x":300,"y":180,"ease":"linear","time":21.5,"angle":776.25},{"type":"deco","id":"43","time":23.5,"angle":1125,"hide":true},{"sprite":"dog!run@8","ox":10,"oy":9,"id":"43","sy":2,"r":326.25,"x":593,"y":-13,"type":"deco","drawOrder":0,"outline":true,"time":21.375,"angle":416.25,"sx":2,"hide":false},{"duration":2.375,"id":"43","type":"deco","x":300,"y":180,"ease":"linear","time":23.75,"angle":776.25},{"type":"deco","id":"43","time":25.75,"angle":1125,"hide":true},{"sprite":"dog!run@8","ox":10,"oy":9,"id":"43","sy":2,"r":326.25,"x":593,"y":-13,"type":"deco","drawOrder":0,"hide":false,"time":23.625,"angle":416.25,"sx":2,"outline":true},{"duration":2.375,"id":"430","type":"deco","x":300,"y":180,"ease":"linear","time":25.125,"angle":776.25},{"type":"deco","id":"430","time":27.125,"angle":1125,"hide":true},{"sprite":"dog!run@8","ox":10,"oy":9,"id":"430","sy":2,"r":326.25,"x":593,"y":-13,"hide":false,"drawOrder":0,"outline":true,"time":25,"angle":416.25,"sx":2,"type":"deco"},{"duration":2.375,"id":"43","type":"deco","x":300,"y":180,"ease":"linear","time":41,"angle":776.25},{"type":"deco","id":"43","time":43,"angle":1125,"hide":true},{"sprite":"dog!run@8","ox":10,"oy":9,"id":"43","sy":2,"r":326.25,"x":593,"y":-13,"type":"deco","drawOrder":0,"outline":true,"time":40.875,"angle":416.25,"sx":2,"hide":false},{"duration":2.375,"id":"43","type":"deco","x":300,"y":180,"ease":"linear","time":60.375,"angle":776.25},{"type":"deco","id":"43","time":62.375,"angle":1125,"hide":true},{"sprite":"dog!run@8","ox":10,"oy":9,"id":"43","sy":2,"r":326.25,"x":593,"y":-13,"type":"deco","drawOrder":0,"outline":true,"time":60.25,"angle":416.25,"sx":2,"hide":false},{"duration":2.375,"id":"45","type":"deco","x":300,"y":180,"ease":"linear","time":36.875,"angle":843.75},{"type":"deco","hide":true,"time":38.875,"angle":1192.5,"id":"45"},{"sprite":"dog!run@8","ox":10,"oy":9,"id":"45","sy":2,"r":33.75,"x":593,"y":373,"outline":true,"drawOrder":0,"hide":false,"time":36.75,"angle":483.75,"sx":2,"type":"deco"},{"duration":2.375,"id":"46","type":"deco","x":300,"y":180,"ease":"linear","time":44.25,"angle":596.25},{"time":46.25,"id":"46","type":"deco","angle":945,"hide":true},{"sprite":"dog!run@8","ox":10,"oy":9,"id":"46","sy":-1.5,"r":146.25,"x":7,"y":373,"type":"deco","drawOrder":0,"outline":true,"time":44.125,"angle":236.25,"sx":1.5,"hide":false},{"duration":2.25,"id":"50","type":"deco","x":300,"y":180,"ease":"linear","time":5.75,"angle":652.5},{"type":"deco","id":"50","time":7.625,"angle":1001.25,"hide":true},{"sprite":"dog!run@8","ox":10,"oy":9,"id":"50","sy":-2,"r":202.5,"x":-10,"y":50,"outline":true,"drawOrder":0,"hide":false,"time":5.625,"angle":292.5,"sx":2,"type":"deco"},{"duration":2.25,"id":"50","type":"deco","x":300,"y":180,"ease":"linear","time":9.625,"angle":652.5},{"type":"deco","hide":true,"time":11.5,"angle":1001.25,"id":"50"},{"sprite":"dog!run@8","ox":10,"oy":9,"id":"50","sy":-2,"r":202.5,"x":-10,"y":50,"hide":false,"drawOrder":0,"outline":true,"time":9.5,"angle":292.5,"sx":2,"type":"deco"},{"duration":2.25,"id":"500","type":"deco","x":300,"y":180,"ease":"linear","time":11.25,"angle":652.5},{"type":"deco","hide":true,"time":13.125,"angle":1001.25,"id":"500"},{"sprite":"dog!run@8","ox":10,"oy":9,"id":"500","sy":-2,"r":202.5,"x":-10,"y":50,"hide":false,"drawOrder":0,"outline":true,"time":11.125,"angle":292.5,"sx":2,"type":"deco"},{"duration":2.25,"id":"50","type":"deco","x":300,"y":180,"ease":"linear","time":14.125,"angle":652.5},{"time":16,"hide":true,"type":"deco","angle":1001.25,"id":"50"},{"sprite":"dog!run@8","ox":10,"oy":9,"id":"50","sy":-2,"r":202.5,"x":-10,"y":50,"hide":false,"drawOrder":0,"outline":true,"time":14,"angle":292.5,"sx":2,"type":"deco"},{"duration":2.25,"id":"50","type":"deco","x":300,"y":180,"ease":"linear","time":19.75,"angle":652.5},{"time":21.625,"hide":true,"type":"deco","angle":1001.25,"id":"50"},{"sprite":"dog!run@8","ox":10,"oy":9,"id":"50","sy":-2,"r":202.5,"x":-10,"y":50,"hide":false,"drawOrder":0,"outline":true,"time":19.625,"angle":292.5,"sx":2,"type":"deco"},{"duration":2.25,"id":"50","type":"deco","x":300,"y":180,"ease":"linear","time":28.375,"angle":652.5},{"time":30.25,"hide":true,"type":"deco","angle":1001.25,"id":"50"},{"sprite":"dog!run@8","ox":10,"oy":9,"id":"50","sy":-2,"r":202.5,"x":-10,"y":50,"hide":false,"drawOrder":0,"outline":true,"time":28.25,"angle":292.5,"sx":2,"type":"deco"},{"duration":2.25,"id":"50","type":"deco","x":300,"y":180,"ease":"linear","time":47.625,"angle":652.5},{"time":49.5,"hide":true,"type":"deco","angle":1001.25,"id":"50"},{"sprite":"dog!run@8","ox":10,"oy":9,"id":"50","sy":-2,"r":202.5,"x":-10,"y":50,"hide":false,"drawOrder":0,"outline":true,"time":47.5,"angle":292.5,"sx":2,"type":"deco"},{"duration":2.25,"id":"500","type":"deco","x":300,"y":180,"ease":"linear","time":49.125,"angle":652.5},{"time":51,"hide":true,"type":"deco","angle":1001.25,"id":"500"},{"sprite":"dog!run@8","ox":10,"oy":9,"id":"500","sy":-2,"r":202.5,"x":-10,"y":50,"type":"deco","drawOrder":0,"hide":false,"time":49,"angle":292.5,"sx":2,"outline":true},{"duration":2.25,"id":"50","type":"deco","x":300,"y":180,"ease":"linear","time":55.75,"angle":652.5},{"time":57.625,"hide":true,"type":"deco","angle":1001.25,"id":"50"},{"sprite":"dog!run@8","ox":10,"oy":9,"id":"50","sy":-2,"r":202.5,"x":-10,"y":50,"hide":false,"drawOrder":0,"outline":true,"time":55.625,"angle":292.5,"sx":2,"type":"deco"},{"duration":2.25,"id":"52","type":"deco","x":300,"y":180,"ease":"linear","time":7.125,"angle":787.5},{"type":"deco","id":"52","time":9,"angle":1136.25,"hide":true},{"sprite":"dog!run@8","ox":10,"oy":9,"id":"52","sy":2,"r":337.5,"x":610,"y":50,"outline":true,"drawOrder":0,"hide":false,"time":7,"angle":67.5,"sx":2,"type":"deco"},{"duration":2.25,"id":"52","type":"deco","x":300,"y":180,"ease":"linear","time":24.625,"angle":787.5},{"type":"deco","id":"52","time":26.5,"angle":1136.25,"hide":true},{"sprite":"dog!run@8","ox":10,"oy":9,"id":"52","sy":2,"r":337.5,"x":610,"y":50,"outline":true,"drawOrder":0,"hide":false,"time":24.5,"angle":67.5,"sx":2,"type":"deco"},{"duration":2.25,"id":"520","type":"deco","x":300,"y":180,"ease":"linear","time":25.5,"angle":787.5},{"type":"deco","id":"520","time":27.375,"angle":1136.25,"hide":true},{"sprite":"dog!run@8","ox":10,"oy":9,"id":"520","sy":2,"r":337.5,"x":610,"y":50,"type":"deco","drawOrder":0,"hide":false,"time":25.375,"angle":67.5,"sx":2,"outline":true},{"duration":2.25,"id":"52","type":"deco","x":300,"y":180,"ease":"linear","time":44.875,"angle":787.5},{"type":"deco","id":"52","time":46.75,"angle":1136.25,"hide":true},{"sprite":"dog!run@8","ox":10,"oy":9,"id":"52","sy":2,"r":337.5,"x":610,"y":50,"outline":true,"drawOrder":0,"hide":false,"time":44.75,"angle":67.5,"sx":2,"type":"deco"},{"duration":2.25,"id":"52","type":"deco","x":300,"y":180,"ease":"linear","time":52.875,"angle":787.5},{"type":"deco","id":"52","time":54.75,"angle":1136.25,"hide":true},{"sprite":"dog!run@8","ox":10,"oy":9,"id":"52","sy":2,"r":337.5,"x":610,"y":50,"outline":true,"drawOrder":0,"hide":false,"time":52.75,"angle":67.5,"sx":2,"type":"deco"},{"duration":2.25,"id":"52","type":"deco","x":300,"y":180,"ease":"linear","time":56.75,"angle":787.5},{"type":"deco","id":"52","time":58.625,"angle":1136.25,"hide":true},{"sprite":"dog!run@8","ox":10,"oy":9,"id":"52","sy":2,"r":337.5,"x":610,"y":50,"outline":true,"drawOrder":0,"hide":false,"time":56.625,"angle":67.5,"sx":2,"type":"deco"},{"duration":2.25,"id":"52","type":"deco","x":300,"y":180,"ease":"linear","time":61.375,"angle":787.5},{"type":"deco","id":"52","time":63.25,"angle":1136.25,"hide":true},{"sprite":"dog!run@8","ox":10,"oy":9,"id":"52","sy":1.5,"r":337.5,"x":610,"y":50,"hide":false,"drawOrder":0,"outline":true,"time":61.25,"angle":67.5,"sx":1.5,"type":"deco"},{"duration":2.25,"id":"54","type":"deco","x":300,"y":180,"ease":"linear","time":40.125,"angle":832.5},{"type":"deco","id":"54","time":42,"angle":1181.25,"hide":true},{"sprite":"dog!run@8","ox":10,"oy":9,"id":"54","sy":2,"r":22.5,"x":610,"y":310,"type":"deco","drawOrder":0,"hide":false,"time":40,"angle":112.5,"sx":2,"outline":true},{"duration":2.25,"id":"54","type":"deco","x":300,"y":180,"ease":"linear","time":46.125,"angle":832.5},{"type":"deco","id":"54","time":48,"angle":1181.25,"hide":true},{"sprite":"dog!run@8","ox":10,"oy":9,"id":"54","sy":2,"r":22.5,"x":610,"y":310,"type":"deco","drawOrder":0,"hide":false,"time":46,"angle":112.5,"sx":2,"outline":true},{"duration":2.25,"id":"54","type":"deco","x":300,"y":180,"ease":"linear","time":63.375,"angle":832.5},{"type":"deco","hide":true,"time":65.25,"angle":157.5,"id":"54"},{"sprite":"dog!run@8","ox":10,"oy":9,"id":"54","sy":1.5,"r":22.5,"x":610,"y":310,"outline":true,"drawOrder":0,"hide":false,"time":63.25,"angle":112.5,"sx":1.5,"type":"deco"},{"duration":2.25,"id":"56","type":"deco","x":300,"y":180,"ease":"linear","time":39,"angle":967.5},{"time":40.875,"id":"56","type":"deco","angle":1316.25,"hide":true},{"sprite":"dog!run@8","ox":10,"oy":9,"id":"56","sy":-2,"r":157.5,"x":-10,"y":310,"type":"deco","drawOrder":0,"hide":false,"time":38.875,"angle":247.5,"sx":2,"outline":true},{"duration":2.25,"id":"56","type":"deco","x":300,"y":180,"ease":"linear","time":42.75,"angle":967.5},{"time":44.625,"id":"56","type":"deco","angle":1316.25,"hide":true},{"sprite":"dog!run@8","ox":10,"oy":9,"id":"56","sy":-1.5,"r":157.5,"x":-10,"y":310,"hide":false,"drawOrder":0,"outline":true,"time":42.625,"angle":247.5,"sx":1.5,"type":"deco"},{"duration":2.25,"id":"560","type":"deco","x":300,"y":180,"ease":"linear","time":44.125,"angle":967.5},{"type":"deco","id":"560","time":46,"angle":1316.25,"hide":true},{"sprite":"dog!run@8","ox":10,"oy":9,"id":"560","sy":-1.5,"r":157.5,"x":-10,"y":310,"type":"deco","drawOrder":0,"hide":false,"time":44,"angle":247.5,"sx":1.5,"outline":true},{"duration":2.25,"id":"5600","type":"deco","x":300,"y":180,"ease":"linear","time":44.375,"angle":967.5},{"time":46.25,"id":"5600","type":"deco","angle":618.75,"hide":true},{"sprite":"dog!run@8","ox":10,"oy":9,"id":"5600","sy":-1.5,"r":157.5,"x":-10,"y":310,"type":"deco","drawOrder":0,"outline":true,"time":44.25,"angle":247.5,"sx":1.5,"hide":false},{"duration":2.25,"id":"56","type":"deco","x":300,"y":180,"ease":"linear","time":62.25,"angle":967.5},{"type":"deco","hide":true,"time":64.125,"angle":1316.25,"id":"56"},{"sprite":"dog!run@8","ox":10,"oy":9,"id":"56","sy":-1.5,"r":157.5,"x":-10,"y":310,"hide":false,"drawOrder":0,"outline":true,"time":62.125,"angle":247.5,"sx":1.5,"type":"deco"},{"duration":2.125,"id":"59","type":"deco","x":300,"y":180,"ease":"linear","time":0.125,"angle":1001.25},{"type":"deco","id":"59","time":1.875,"angle":1350,"hide":true},{"sprite":"dog!run@8","ox":10,"oy":9,"id":"59","sy":-2,"r":191.25,"x":-10,"y":120,"type":"deco","drawOrder":0,"hide":false,"time":0,"angle":281.25,"sx":2,"outline":true},{"duration":2.125,"id":"59","type":"deco","x":300,"y":180,"ease":"linear","time":34.25,"angle":1001.25},{"type":"deco","id":"59","time":36,"angle":1350,"hide":true},{"sprite":"dog!run@8","ox":10,"oy":9,"id":"59","sy":-2,"r":191.25,"x":-10,"y":120,"outline":true,"drawOrder":0,"hide":false,"time":34.125,"angle":281.25,"sx":2,"type":"deco"},{"duration":2.125,"id":"59","type":"deco","x":300,"y":180,"ease":"linear","time":43.625,"angle":1001.25},{"type":"deco","id":"59","time":45.375,"angle":1350,"hide":true},{"sprite":"dog!run@8","ox":10,"oy":9,"id":"59","sy":-1.5,"r":191.25,"x":-10,"y":120,"type":"deco","drawOrder":0,"outline":true,"time":43.5,"angle":281.25,"sx":1.5,"hide":false},{"time":29.75,"id":"7","type":"deco","angle":326.25},{"duration":2.125,"id":"61","type":"deco","x":300,"y":180,"ease":"linear","time":1.375,"angle":978.75},{"type":"deco","hide":true,"time":3.125,"angle":1327.5,"id":"61"},{"sprite":"dog!run@8","ox":10,"oy":9,"id":"61","sy":-2,"r":168.75,"x":-10,"y":240,"hide":false,"drawOrder":0,"outline":true,"time":1.25,"angle":258.75,"sx":2,"type":"deco"},{"duration":2.125,"id":"61","type":"deco","x":300,"y":180,"ease":"linear","time":20.125,"angle":978.75},{"type":"deco","hide":true,"time":21.875,"angle":1327.5,"id":"61"},{"sprite":"dog!run@8","ox":10,"oy":9,"id":"61","sy":-2,"r":168.75,"x":-10,"y":240,"hide":false,"drawOrder":0,"outline":true,"time":20,"angle":258.75,"sx":2,"type":"deco"},{"duration":2.125,"id":"61","type":"deco","x":300,"y":180,"ease":"linear","time":44.25,"angle":978.75},{"type":"deco","hide":true,"time":46,"angle":630,"id":"61"},{"sprite":"dog!run@8","ox":10,"oy":9,"id":"61","sy":-1.5,"r":168.75,"x":-10,"y":240,"hide":false,"drawOrder":0,"outline":true,"time":44.125,"angle":258.75,"sx":1.5,"type":"deco"},{"duration":2.125,"id":"61","type":"deco","x":300,"y":180,"ease":"linear","time":48.25,"angle":978.75},{"type":"deco","hide":true,"time":50,"angle":1327.5,"id":"61"},{"sprite":"dog!run@8","ox":10,"oy":9,"id":"61","sy":-2,"r":168.75,"x":-10,"y":240,"hide":false,"drawOrder":0,"outline":true,"time":48.125,"angle":258.75,"sx":2,"type":"deco"},{"duration":2.125,"id":"61","type":"deco","x":300,"y":180,"ease":"linear","time":55.375,"angle":978.75},{"type":"deco","hide":true,"time":57.125,"angle":1327.5,"id":"61"},{"sprite":"dog!run@8","ox":10,"oy":9,"id":"61","sy":-2,"r":168.75,"x":-10,"y":240,"hide":false,"drawOrder":0,"outline":true,"time":55.25,"angle":258.75,"sx":2,"type":"deco"},{"duration":2.125,"id":"63","type":"deco","x":300,"y":180,"ease":"linear","time":25.875,"angle":1181.25},{"time":27.625,"id":"63","type":"deco","angle":1530,"hide":true},{"sprite":"dog!run@8","ox":10,"oy":9,"id":"63","sy":2,"r":11.25,"x":610,"y":240,"type":"deco","drawOrder":0,"outline":true,"time":25.75,"angle":461.25,"sx":2,"hide":false},{"duration":2.125,"id":"63","type":"deco","x":300,"y":180,"ease":"linear","time":50.875,"angle":1181.25},{"time":52.625,"id":"63","type":"deco","angle":1530,"hide":true},{"sprite":"dog!run@8","ox":10,"oy":9,"id":"63","sy":2,"r":11.25,"x":610,"y":240,"type":"deco","drawOrder":0,"outline":true,"time":50.75,"angle":461.25,"sx":2,"hide":false},{"duration":2.125,"id":"63","type":"deco","x":300,"y":180,"ease":"linear","time":57.125,"angle":1181.25},{"time":58.875,"id":"63","type":"deco","angle":1530,"hide":true},{"sprite":"dog!run@8","ox":10,"oy":9,"id":"63","sy":2,"r":11.25,"x":610,"y":240,"type":"deco","drawOrder":0,"outline":true,"time":57,"angle":461.25,"sx":2,"hide":false},{"duration":2.125,"id":"63","type":"deco","x":300,"y":180,"ease":"linear","time":59.875,"angle":1181.25},{"time":61.625,"id":"63","type":"deco","angle":1530,"hide":true},{"sprite":"dog!run@8","ox":10,"oy":9,"id":"63","sy":2,"r":11.25,"x":610,"y":240,"type":"deco","drawOrder":0,"outline":true,"time":59.75,"angle":461.25,"sx":2,"hide":false},{"duration":2.125,"id":"63","type":"deco","x":300,"y":180,"ease":"linear","time":63.5,"angle":1181.25},{"time":65.25,"id":"63","type":"deco","angle":146.25,"hide":true},{"sprite":"dog!run@8","ox":10,"oy":9,"id":"63","sy":1.5,"r":11.25,"x":610,"y":240,"outline":true,"drawOrder":0,"hide":false,"time":63.375,"angle":461.25,"sx":1.5,"type":"deco"},{"duration":2.125,"id":"66","type":"deco","x":300,"y":180,"ease":"linear","time":25,"angle":1158.75},{"time":26.75,"id":"66","type":"deco","angle":1507.5,"hide":true},{"sprite":"dog!run@8","ox":10,"oy":9,"id":"66","sy":2,"r":348.75,"x":610,"y":120,"type":"deco","drawOrder":0,"outline":true,"time":24.875,"angle":438.75,"sx":2,"hide":false},{"duration":2.125,"id":"66","type":"deco","x":300,"y":180,"ease":"linear","time":41,"angle":1158.75},{"time":42.75,"id":"66","type":"deco","angle":1507.5,"hide":true},{"sprite":"dog!run@8","ox":10,"oy":9,"id":"66","sy":2,"r":348.75,"x":610,"y":120,"type":"deco","drawOrder":0,"outline":true,"time":40.875,"angle":438.75,"sx":2,"hide":false},{"duration":2.125,"id":"66","type":"deco","x":300,"y":180,"ease":"linear","time":63.5,"angle":1158.75},{"type":"deco","id":"66","time":65.25,"angle":123.75,"hide":true},{"sprite":"dog!run@8","ox":10,"oy":9,"id":"66","sy":1.5,"r":348.75,"x":610,"y":120,"hide":false,"drawOrder":0,"outline":true,"time":63.375,"angle":438.75,"sx":1.5,"type":"deco"},{"duration":2.125,"id":"67","type":"deco","x":300,"y":180,"ease":"linear","time":48.5,"angle":1001.25},{"time":50.25,"id":"67","type":"deco","angle":1350,"hide":true},{"sprite":"dog!run@8","ox":10,"oy":9,"id":"67","sy":-2,"r":191.25,"x":-10,"y":120,"outline":true,"drawOrder":0,"hide":false,"time":48.375,"angle":281.25,"sx":2,"type":"deco"},{"duration":2.125,"id":"670","type":"deco","x":300,"y":180,"ease":"linear","time":49.5,"angle":990},{"time":51.25,"id":"670","type":"deco","angle":1350,"hide":true},{"sprite":"dog!run@8","ox":10,"oy":9,"id":"670","sy":-2,"r":191.25,"x":-10,"y":120,"hide":false,"drawOrder":0,"outline":true,"time":49.375,"angle":270,"sx":2,"type":"deco"},{"duration":2.125,"id":"68","type":"deco","x":300,"y":180,"ease":"linear","time":19.5,"angle":990},{"time":21.25,"hide":true,"type":"deco","angle":1338.75,"id":"68"},{"sprite":"dog!run@8","ox":10,"oy":9,"id":"68","sy":-2,"r":180,"x":-10,"y":180,"type":"deco","drawOrder":0,"outline":true,"time":19.375,"angle":270,"sx":2,"hide":false},{"duration":2.125,"id":"68","type":"deco","x":300,"y":180,"ease":"linear","time":58.5,"angle":990},{"time":60.25,"hide":true,"type":"deco","angle":1338.75,"id":"68"},{"sprite":"dog!run@8","ox":10,"oy":9,"id":"68","sy":-2,"r":180,"x":-10,"y":180,"type":"deco","drawOrder":0,"outline":true,"time":58.375,"angle":270,"sx":2,"hide":false},{"angle":22.5,"time":-2,"r":137,"type":"setColor","b":30,"g":84,"color":3},{"duration":2.125,"id":"69","type":"deco","x":300,"y":180,"ease":"linear","time":2.75,"angle":1170},{"time":4.5,"id":"69","type":"deco","angle":1518.75,"hide":true},{"sprite":"dog!run@8","ox":10,"oy":9,"id":"69","sy":2,"r":0,"x":610,"y":180,"hide":false,"drawOrder":0,"outline":true,"time":2.625,"angle":450,"sx":2,"type":"deco"},{"duration":2.125,"id":"69","type":"deco","x":300,"y":180,"ease":"linear","time":24.5,"angle":1170},{"time":26.25,"id":"69","type":"deco","angle":1518.75,"hide":true},{"sprite":"dog!run@8","ox":10,"oy":9,"id":"69","sy":2,"r":0,"x":610,"y":180,"hide":false,"drawOrder":0,"outline":true,"time":24.375,"angle":450,"sx":2,"type":"deco"},{"duration":2.125,"id":"69","type":"deco","x":300,"y":180,"ease":"linear","time":30.25,"angle":1170},{"time":32,"id":"69","type":"deco","angle":1518.75,"hide":true},{"sprite":"brownie.png","ox":10,"oy":9,"id":"69","sy":2,"r":0,"x":610,"y":180,"hide":false,"drawOrder":0,"outline":true,"time":30.125,"angle":450,"sx":2,"type":"deco"},{"duration":2.125,"id":"690","type":"deco","x":300,"y":180,"ease":"linear","time":31.625,"angle":1170},{"type":"deco","id":"690","time":33.375,"angle":1518.75,"hide":true},{"sprite":"dog!run@8","ox":10,"oy":9,"id":"690","sy":2,"r":0,"x":610,"y":180,"hide":false,"drawOrder":0,"outline":true,"time":31.5,"angle":450,"sx":2,"type":"deco"},{"duration":2.125,"id":"69","type":"deco","x":300,"y":180,"ease":"linear","time":41.5,"angle":1170},{"time":43.25,"id":"69","type":"deco","angle":1518.75,"hide":true},{"sprite":"dog!run@8","ox":10,"oy":9,"id":"69","sy":2,"r":0,"x":610,"y":180,"hide":false,"drawOrder":0,"outline":true,"time":41.375,"angle":450,"sx":2,"type":"deco"},{"duration":2.125,"id":"69","type":"deco","x":300,"y":180,"ease":"linear","time":63.5,"angle":1170},{"type":"deco","id":"69","time":65.25,"angle":135,"hide":true},{"sprite":"dog!run@8","ox":10,"oy":9,"id":"69","sy":1.5,"r":0,"x":610,"y":180,"type":"deco","drawOrder":0,"outline":true,"time":63.375,"angle":450,"sx":1.5,"hide":false},{"duration":2.125,"id":"69","type":"deco","x":300,"y":180,"ease":"linear","time":54.125,"angle":1001.25},{"type":"deco","id":"69","time":55.875,"angle":1350,"hide":true},{"sprite":"dog!run@8","ox":10,"oy":9,"id":"69","sy":-2,"r":191.25,"x":-10,"y":120,"type":"deco","drawOrder":0,"outline":true,"time":54,"angle":281.25,"sx":2,"hide":false},{"duration":2.125,"id":"690","type":"deco","x":300,"y":180,"ease":"linear","time":62.375,"angle":1001.25},{"type":"deco","id":"690","time":64.125,"angle":1350,"hide":true},{"sprite":"dog!run@8","ox":10,"oy":9,"id":"690","sy":-1.5,"r":191.25,"x":-10,"y":120,"type":"deco","drawOrder":0,"hide":false,"time":62.25,"angle":281.25,"sx":1.5,"outline":true},{"type":"showResults","angle":90,"time":66},{"value":0,"var":"vfx.noteXScale","time":-2,"type":"ease","angle":45},{"value":0,"var":"vfx.noteYScale","time":-2,"type":"ease","angle":67.5}],"properties":{"formatversion":12,"loadBeat":-1.5,"speed":150,"startBeat":-3,"offset":4}}