{"properties":{"speed":70,"formatversion":13,"offset":8},"events":[{"file":"mayday.ogg","angle":270,"volume":1,"bpm":150,"time":0,"type":"play","offset":0.071000002324581},{"angle":390,"value":10000000000,"duration":4.5,"var":"extraHoldLeniency","type":"ease","time":-4.5},{"newWidth":360,"duration":0.5,"angle":330,"paddle":1,"enabled":true,"ease":"linear","time":3,"type":"paddles"},{"newWidth":70,"duration":0,"angle":292.5,"paddle":1,"enabled":true,"ease":"linear","time":3.6666667461395,"type":"paddles"},{"newWidth":360,"duration":0,"angle":360,"paddle":1,"enabled":true,"ease":"linear","time":8,"type":"paddles"},{"newWidth":70,"duration":0,"angle":60,"paddle":1,"enabled":true,"ease":"linear","time":8.5625,"type":"paddles"},{"angle":300,"paddle":2,"ease":"linear","duration":0,"time":8.5625,"type":"paddles","enabled":false},{"newWidth":360,"duration":0,"angle":270,"paddle":1,"enabled":true,"ease":"linear","time":11,"type":"paddles"},{"newWidth":70,"duration":0,"angle":270,"paddle":1,"enabled":true,"ease":"linear","time":11.5625,"type":"paddles"},{"newWidth":360,"duration":0,"angle":15,"paddle":1,"enabled":true,"ease":"linear","time":13.5,"type":"paddles"},{"angle":0,"paddle":1,"ease":"linear","duration":0,"time":14.0625,"type":"paddles","newWidth":70},{"newAngle":120,"newWidth":30,"duration":5,"angle":-30,"paddle":2,"type":"paddles","ease":"linear","time":23.5,"enabled":true},{"newAngle":-120,"newWidth":30,"duration":5,"angle":0,"paddle":3,"type":"paddles","ease":"linear","time":23.5,"enabled":true},{"angle":270,"paddle":1,"ease":"linear","duration":0,"time":55.75,"type":"paddles","newWidth":360},{"angle":150,"paddle":3,"ease":"linear","duration":0,"time":55.75,"type":"paddles","enabled":false},{"newWidth":70,"duration":0,"angle":300,"paddle":1,"enabled":true,"ease":"linear","time":56.75,"type":"paddles"},{"angle":30,"paddle":2,"ease":"linear","duration":0,"time":55.75,"type":"paddles","enabled":false},{"newWidth":360,"duration":0,"angle":270,"paddle":1,"enabled":true,"ease":"linear","time":66,"type":"paddles"},{"newWidth":70,"duration":0,"angle":300,"paddle":1,"enabled":true,"ease":"linear","time":66.583335876465,"type":"paddles"},{"newWidth":360,"duration":0,"angle":240,"paddle":1,"enabled":true,"ease":"linear","time":69,"type":"paddles"},{"newWidth":70,"duration":0,"angle":300,"paddle":1,"enabled":true,"ease":"linear","time":69.583335876465,"type":"paddles"},{"angle":30,"paddle":1,"ease":"linear","duration":0,"time":69.75,"type":"paddles","newWidth":360},{"newWidth":70,"duration":0,"angle":60,"paddle":1,"enabled":true,"ease":"linear","time":70.75,"type":"paddles"},{"newWidth":360,"duration":0,"angle":60,"paddle":1,"enabled":true,"ease":"linear","time":73.5,"type":"paddles"},{"angle":60,"paddle":1,"ease":"linear","duration":0,"time":74.125,"type":"paddles","newWidth":70},{"newWidth":360,"duration":0,"angle":180,"paddle":1,"enabled":true,"ease":"linear","time":78,"type":"paddles"},{"angle":180,"paddle":1,"ease":"linear","duration":0,"time":6,"type":"paddles","newWidth":360},{"angle":180,"paddle":1,"ease":"linear","duration":0,"time":6.6666665077209,"type":"paddles","newWidth":70},{"newWidth":70,"duration":0,"angle":120,"paddle":1,"enabled":true,"ease":"linear","time":63.5,"type":"paddles"},{"newWidth":70,"duration":0,"angle":300,"paddle":1,"enabled":true,"ease":"linear","time":80.75,"type":"paddles"},{"newWidth":360,"duration":0,"angle":150,"paddle":1,"enabled":true,"ease":"linear","time":82,"type":"paddles"},{"newWidth":70,"duration":0,"angle":180,"paddle":1,"enabled":true,"ease":"linear","time":83,"type":"paddles"},{"newWidth":360,"duration":0,"angle":180,"paddle":1,"enabled":true,"ease":"linear","time":90,"type":"paddles"},{"angle":180,"paddle":1,"ease":"linear","duration":0,"time":90.583335876465,"type":"paddles","newWidth":70},{"angle":90,"value":10,"duration":4.5,"var":"noteRadius","type":"ease","time":-4.5},{"newWidth":360,"duration":0,"angle":270,"paddle":1,"enabled":true,"ease":"linear","time":128,"type":"paddles"},{"newWidth":70,"duration":0,"angle":330,"paddle":1,"enabled":true,"ease":"linear","time":129,"type":"paddles"},{"newWidth":360,"duration":0,"angle":330,"paddle":1,"enabled":true,"ease":"linear","time":162,"type":"paddles"},{"newWidth":60,"duration":0,"angle":300,"paddle":1,"enabled":true,"ease":"linear","time":163,"type":"paddles"},{"newWidth":360,"duration":0,"angle":330,"paddle":1,"enabled":true,"ease":"linear","time":166,"type":"paddles"},{"newWidth":60,"duration":0,"angle":330,"paddle":1,"enabled":true,"ease":"linear","time":167,"type":"paddles"},{"newWidth":360,"duration":0,"angle":360,"paddle":1,"enabled":true,"ease":"linear","time":170,"type":"paddles"},{"newWidth":60,"duration":0,"angle":330,"paddle":1,"enabled":true,"ease":"linear","time":171,"type":"paddles"},{"newWidth":360,"duration":0,"angle":360,"paddle":1,"enabled":true,"ease":"linear","time":174,"type":"paddles"},{"newWidth":60,"duration":0,"angle":360,"paddle":1,"enabled":true,"ease":"linear","time":175,"type":"paddles"},{"newWidth":360,"duration":0,"angle":360,"paddle":1,"enabled":true,"ease":"linear","time":178.25,"type":"paddles"},{"newWidth":60,"duration":0,"angle":330,"paddle":1,"enabled":true,"ease":"linear","time":179,"type":"paddles"},{"newWidth":360,"duration":0,"angle":0,"paddle":1,"enabled":true,"ease":"linear","time":182,"type":"paddles"},{"newWidth":60,"duration":0,"angle":0,"paddle":1,"enabled":true,"ease":"linear","time":183,"type":"paddles"},{"newWidth":360,"duration":0,"angle":360,"paddle":1,"enabled":true,"ease":"linear","time":186.125,"type":"paddles"},{"newWidth":60,"duration":0,"angle":330,"paddle":1,"enabled":true,"ease":"linear","time":187,"type":"paddles"},{"newWidth":60,"duration":0,"angle":0,"paddle":1,"enabled":true,"ease":"linear","time":195,"type":"paddles"},{"newWidth":360,"duration":0,"angle":360,"paddle":1,"enabled":true,"ease":"linear","time":198.25,"type":"paddles"},{"newWidth":60,"duration":0,"angle":0,"paddle":1,"enabled":true,"ease":"linear","time":199,"type":"paddles"},{"newWidth":360,"duration":0,"angle":360,"paddle":1,"enabled":true,"ease":"linear","time":202,"type":"paddles"},{"newWidth":60,"duration":0,"angle":330,"paddle":1,"enabled":true,"ease":"linear","time":203,"type":"paddles"},{"newWidth":360,"duration":0,"angle":0,"paddle":1,"enabled":true,"ease":"linear","time":206,"type":"paddles"},{"newWidth":60,"duration":0,"angle":0,"paddle":1,"enabled":true,"ease":"linear","time":207.25,"type":"paddles"},{"newWidth":360,"duration":0,"angle":0,"paddle":1,"enabled":true,"ease":"linear","time":210,"type":"paddles"},{"newWidth":60,"duration":0,"angle":0,"paddle":1,"enabled":true,"ease":"linear","time":210.75,"type":"paddles"},{"newWidth":360,"duration":0,"angle":30,"paddle":1,"enabled":true,"ease":"linear","time":214,"type":"paddles"},{"newWidth":60,"duration":0,"angle":360,"paddle":1,"enabled":true,"ease":"linear","time":215,"type":"paddles"},{"newWidth":360,"duration":0,"angle":0,"paddle":1,"enabled":true,"ease":"linear","time":218,"type":"paddles"},{"newWidth":60,"duration":0,"angle":330,"paddle":1,"enabled":true,"ease":"linear","time":219,"type":"paddles"},{"newWidth":360,"duration":0,"angle":120,"paddle":1,"enabled":true,"ease":"linear","time":222.25,"type":"paddles"},{"newWidth":70,"duration":0,"angle":0,"paddle":1,"enabled":true,"ease":"linear","time":223,"type":"paddles"},{"newWidth":360,"duration":0,"angle":180,"paddle":1,"enabled":true,"ease":"linear","time":190,"type":"paddles"},{"newWidth":60,"duration":0,"angle":210,"paddle":1,"enabled":true,"ease":"linear","time":192.75,"type":"paddles"},{"newWidth":180,"duration":0,"angle":0,"paddle":1,"enabled":true,"ease":"linear","time":224,"type":"paddles"},{"angle":292.5,"type":"showResults","time":285},{"newWidth":360,"duration":0,"angle":45,"paddle":1,"enabled":true,"ease":"linear","time":280,"type":"paddles"},{"newWidth":30,"duration":5,"angle":30,"paddle":1,"enabled":true,"ease":"linear","time":23.5,"type":"paddles"},{"newWidth":65,"duration":0,"angle":60,"paddle":1,"enabled":true,"ease":"linear","time":158.5,"type":"paddles"},{"newWidth":60,"duration":0,"angle":330,"paddle":1,"enabled":true,"ease":"linear","time":159.5,"type":"paddles"},{"newWidth":360,"duration":0,"angle":120,"paddle":1,"enabled":true,"ease":"linear","time":205.25,"type":"paddles"},{"angle":90,"value":0,"time":25.5,"type":"ease","var":"vfx.angleTwist.offset"},{"r":0,"duration":4.5,"angle":210,"b":15,"color":0,"g":0,"time":-4.5,"type":"setColor"},{"r":0,"duration":5.5,"angle":180,"b":36,"color":7,"g":0,"time":-4.5,"type":"setColor"},{"angle":150,"color":7,"time":-4.5,"type":"setBgColor"},{"angle":240,"value":5,"duration":4.5,"var":"vfx.tapWidthPulse","type":"ease","time":-4.5},{"angle":120,"color":2,"enable":true,"time":-4.5,"type":"outline"},{"r":255,"duration":4.5,"angle":300,"b":255,"color":6,"g":255,"time":-4.5,"type":"setColor"},{"angle":330,"value":10000,"time":-4.5,"type":"ease","var":"vfx.tapPulsePeriod"},{"r":255,"duration":4.5,"angle":360,"b":255,"color":1,"g":255,"time":-4.5,"type":"setColor"},{"r":0,"angle":315,"color":0,"g":0,"time":-5,"type":"setColor","b":0},{"drawLayer":"bg","x":300,"ox":350,"oy":350,"sprite":"spr_space.png","angle":337.5,"y":180,"id":"space","time":24.5,"recolor":5,"type":"deco"},{"r":255,"duration":8,"angle":315,"b":255,"color":5,"g":255,"time":24.5,"type":"setColor"},{"r":0,"angle":300,"color":5,"g":0,"time":18,"type":"setColor","b":0},{"r":0,"duration":5,"angle":270,"b":0,"color":6,"g":0,"time":18,"type":"setColor"},{"r":0,"duration":5,"angle":240,"b":0,"color":1,"g":0,"time":18,"type":"setColor"},{"angle":210,"color":0,"duration":5,"time":18,"type":"setColor"},{"r":0,"duration":5,"angle":180,"b":0,"color":7,"g":0,"time":18,"type":"setColor"},{"angle":300,"color":6,"time":24.5,"type":"setColor"},{"r":255,"duration":3,"angle":270,"b":255,"color":1,"g":255,"time":24.5,"type":"setColor"},{"angle":240,"color":0,"time":24.5,"type":"setColor"},{"angle":180,"color":7,"duration":0,"time":24.5,"type":"setColor"},{"angle":120,"color":0,"time":-2,"type":"setColor"},{"sx":0.65000003576279,"sy":0.65000003576279,"ox":25,"oy":25,"x":300,"sprite":"circle.png","angle":22.5,"order":0,"id":"star1","recolor":4,"time":17,"type":"deco","y":-13},{"r":255,"angle":300,"color":4,"g":255,"time":14.5,"type":"setColor","b":255},{"sx":0.65000003576279,"x":300,"y":180,"sy":0.65000003576279,"angle":45,"order":1,"id":"star1","duration":1.3500000238419,"time":17,"type":"deco"},{"angle":22.5,"id":"star1","time":18,"type":"deco","hide":true},{"sx":0.65000003576279,"sy":0.65000003576279,"ox":25,"oy":25,"x":14,"sprite":"circle.png","angle":270,"order":0,"id":"star2","recolor":4,"time":16.5,"type":"deco","y":347},{"x":300,"y":180,"angle":240,"time":16.5,"id":"star2","duration":2.3800001144409,"order":1,"type":"deco"},{"angle":210,"hide":true,"time":18.5,"type":"deco","id":"star2"},{"sx":0.65000003576279,"sy":0.65000003576279,"ox":25,"oy":25,"y":364,"sprite":"circle.png","angle":120,"order":0,"id":"star3","recolor":4,"time":17.5,"type":"deco","x":487},{"x":300,"y":180,"angle":150,"time":17.5,"id":"star3","duration":1.8700000047684,"order":1,"type":"deco"},{"angle":150,"id":"star3","time":19,"type":"deco","hide":true},{"sx":0.65000003576279,"sy":0.65000003576279,"ox":25,"oy":25,"x":487,"sprite":"circle.png","angle":30,"recolor":4,"id":"star4","order":0,"time":18,"type":"deco","y":-5},{"x":300,"y":180,"angle":60,"time":18,"id":"star4","duration":1.8700000047684,"order":1,"type":"deco"},{"angle":60,"id":"star4","time":19.5,"type":"deco","hide":true},{"sx":0.65000003576279,"sy":0.65000003576279,"ox":25,"oy":25,"x":14,"sprite":"circle.png","angle":270,"order":0,"id":"star5","recolor":4,"time":18.5,"type":"deco","y":347},{"x":300,"y":180,"angle":240,"time":18.5,"id":"star5","duration":2.3800001144409,"order":1,"type":"deco"},{"angle":210,"hide":true,"time":20.5,"type":"deco","id":"star5"},{"sx":0.65000003576279,"sy":0.65000003576279,"ox":25,"oy":25,"y":180,"sprite":"circle.png","angle":120,"time":20,"id":"star6","recolor":4,"order":0,"type":"deco","x":565},{"x":300,"y":180,"angle":90,"time":20,"id":"star6","duration":1.8999999761581,"order":1,"type":"deco"},{"angle":120,"hide":true,"time":21.5,"type":"deco","id":"star6"},{"sx":0.65000003576279,"sy":0.65000003576279,"ox":25,"oy":25,"x":211,"sprite":"circle.png","angle":210,"recolor":4,"id":"star7","time":21.25,"order":0,"type":"deco","y":390},{"sx":0.65000003576279,"sy":0.65000003576279,"y":180,"x":300,"angle":180,"order":1,"id":"star7","duration":1.6499999761581,"time":21.25,"type":"deco"},{"angle":210,"hide":true,"time":22.5,"type":"deco","id":"star7"},{"sx":0.65000003576279,"sy":0.65000003576279,"ox":25,"oy":25,"y":-13,"sprite":"circle.png","angle":22.5,"recolor":4,"id":"star8","order":0,"time":22,"type":"deco","x":300},{"x":300,"y":180,"angle":45,"time":22,"id":"star8","duration":1.3500000238419,"order":1,"type":"deco"},{"angle":30,"hide":true,"time":23,"type":"deco","id":"star8"},{"sx":0.65000003576279,"sy":0.65000003576279,"ox":25,"oy":25,"y":180,"sprite":"circle.png","angle":120,"order":0,"id":"star9","recolor":4,"time":22,"type":"deco","x":565},{"x":300,"y":180,"angle":90,"time":22,"id":"star9","duration":1.8999999761581,"order":1,"type":"deco"},{"angle":120,"hide":true,"time":23.5,"type":"deco","id":"star9"},{"r":180,"angle":90,"id":"space","duration":10,"time":32.5,"type":"deco"},{"angle":0,"value":6,"duration":12,"var":"vfx.hwaves.strength","type":"ease","time":24.5},{"angle":90,"value":0,"duration":1,"time":32,"type":"ease","var":"vfx.hwaves.strength"},{"angle":90,"value":10,"duration":1,"var":"vfx.hwaves.strength","type":"ease","time":31.5},{"r":200,"angle":60,"id":"space","duration":4,"time":42.5,"type":"deco"},{"r":180,"angle":30,"id":"space","duration":2,"time":47.5,"type":"deco"},{"r":-100,"angle":0,"id":"space","duration":20,"time":49.5,"type":"deco"},{"r":0,"duration":10,"angle":135,"b":0,"color":5,"g":0,"time":96.5,"type":"setColor"},{"angle":225,"color":1,"time":128.5,"type":"noise","chance":0.30000001192093},{"angle":255,"enable":true,"time":128.5,"type":"hom"},{"r":0,"duration":0.5,"angle":195,"b":0,"color":1,"g":0,"time":128.5,"type":"setColor"},{"angle":90,"value":1,"time":152,"type":"ease","var":"vfx.hwaves.strength"},{"angle":120,"value":2,"time":153,"type":"ease","var":"vfx.hwaves.strength"},{"angle":180,"value":3,"time":154,"type":"ease","var":"vfx.hwaves.strength"},{"angle":270,"value":4,"time":155,"type":"ease","var":"vfx.hwaves.strength"},{"angle":60,"value":8,"duration":2,"time":156,"type":"ease","var":"vfx.hwaves.strength"},{"angle":90,"value":0,"duration":2,"time":158.5,"type":"ease","var":"vfx.hwaves.strength"},{"angle":105,"color":0,"chance":0.5,"type":"noise","time":160.5},{"angle":90,"enable":true,"time":160.5,"type":"hom"},{"r":360,"angle":135,"id":"space","ease":"outSine","time":160.5,"type":"deco","duration":6},{"r":255,"angle":150,"color":5,"g":255,"time":160.5,"type":"setColor","b":255},{"r":0,"angle":165,"color":6,"g":0,"time":160.5,"type":"setColor","b":0},{"r":255,"angle":180,"color":1,"g":255,"time":160.5,"type":"setColor","b":255},{"r":0,"time":160.5,"duration":0.5,"angle":195,"b":0,"color":0,"g":0,"order":1,"type":"setColor"},{"r":0,"angle":210,"color":7,"g":0,"time":160.5,"type":"setColor","b":0},{"r":180,"angle":120,"id":"space","duration":5,"time":166.5,"type":"deco","ease":"inSine"},{"r":0,"angle":75,"id":"space","ease":"outSine","time":171.5,"type":"deco","duration":5},{"r":360,"angle":90,"id":"space","duration":16,"time":176.5,"type":"deco","ease":"outSine"},{"r":0,"duration":10,"angle":120,"color":0,"b":0,"g":0,"time":96.5,"type":"setColor"},{"angle":105,"value":20,"time":128.5,"type":"ease","var":"p.bodyRadius"},{"r":0,"duration":20,"angle":135,"color":1,"b":0,"g":0,"time":215,"type":"setColor"},{"angle":120,"color":2,"enable":true,"time":215,"type":"outline"},{"angle":15,"value":5,"duration":50,"var":"p.bodyRadius","type":"ease","time":224},{"angle":30,"value":0,"duration":70,"var":"p.paddleDistance","type":"ease","time":224},{"angle":45,"value":2,"duration":50,"var":"noteRadius","type":"ease","time":224},{"angle":315,"enable":false,"time":224,"type":"hom"},{"angle":105,"ease":"linear","value":1.2000000476837,"duration":30,"var":"vfx.pixelate","type":"ease","time":97},{"angle":15,"value":1,"time":128.5,"type":"ease","var":"vfx.pixelate"},{"angle":225,"id":"space","recolor":5,"type":"deco","time":222.5},{"r":0,"duration":5,"angle":210,"color":5,"b":0,"g":0,"time":222.5,"type":"setColor"},{"angle":105,"ease":"inSine","value":1.2000000476837,"duration":4,"var":"vfx.pixelate","type":"ease","time":152},{"angle":75,"value":1,"time":160.5,"type":"ease","var":"vfx.pixelate"},{"angle":105,"value":1,"duration":1,"var":"vfx.pixelate","type":"ease","time":158},{"angle":165,"value":10,"duration":2,"var":"vfx.hwaves.strength","type":"ease","time":192.5},{"angle":165,"value":0,"duration":0.5,"time":194,"type":"ease","var":"vfx.hwaves.strength"},{"angle":135,"value":1.2000000476837,"duration":2,"var":"vfx.pixelate","type":"ease","time":192.5},{"angle":135,"value":1,"duration":0.5,"var":"vfx.pixelate","type":"ease","time":194},{"r":255,"angle":105,"color":1,"g":255,"time":192.5,"type":"setColor","b":255},{"r":255,"angle":45,"color":5,"g":255,"time":192.5,"type":"setColor","b":255},{"r":255,"order":0,"angle":225,"color":0,"b":255,"g":255,"time":160.5,"type":"setColor"},{"r":255,"order":0,"angle":300,"color":0,"b":255,"g":255,"time":192.5,"type":"setColor"},{"r":0,"time":192.5,"duration":1,"angle":225,"color":0,"b":0,"g":0,"order":1,"type":"setColor"},{"angle":345,"color":0,"chance":0.30000001192093,"type":"noise","time":192.5},{"angle":0,"enable":true,"time":192.5,"type":"hom"},{"r":190,"duration":30,"angle":90,"color":1,"b":190,"g":190,"time":161,"type":"setColor"},{"r":0,"angle":285,"id":"space","ease":"outSine","time":192.5,"type":"deco","duration":8},{"r":-360,"angle":105,"id":"space","duration":30,"time":199.5,"type":"deco"},{"angle":225,"duration":2,"value":275,"ease":"inOutSine","var":"p.x","type":"ease","time":65},{"angle":292.5,"duration":7,"value":325,"ease":"inSine","var":"p.x","type":"ease","time":67.5},{"angle":67.5,"duration":6.5,"value":300,"ease":"outSine","var":"p.x","type":"ease","time":75},{"angle":270,"value":100,"time":66.5,"type":"ease","var":"vfx.angleTwist.offset"},{"angle":247.5,"color":1,"chance":0.30000001192093,"type":"noise","time":66.5},{"angle":225,"enable":true,"time":66.5,"type":"hom"},{"angle":247.5,"color":0,"chance":0,"type":"noise","time":67},{"angle":225,"enable":false,"time":67,"type":"hom"},{"r":0,"duration":0.5,"angle":202.5,"color":1,"b":0,"g":0,"time":66.5,"type":"setColor"},{"r":255,"duration":4,"angle":180,"color":1,"b":255,"g":255,"time":67,"type":"setColor"},{"angle":360,"color":1,"chance":0.30000001192093,"type":"noise","time":74.5},{"angle":360,"color":0,"chance":0,"type":"noise","time":75},{"angle":315,"enable":true,"time":74.5,"type":"hom"},{"angle":315,"enable":false,"time":75,"type":"hom"},{"r":0,"duration":0.5,"angle":247.5,"b":0,"color":1,"g":0,"time":74.5,"type":"setColor"},{"r":255,"duration":4,"angle":247.5,"b":255,"color":1,"g":255,"time":75,"type":"setColor"},{"r":0,"duration":0.5,"angle":202.5,"color":1,"b":0,"g":0,"time":82.5,"type":"setColor"},{"r":255,"duration":4,"angle":202.5,"color":1,"b":255,"g":255,"time":83,"type":"setColor"},{"angle":225,"enable":true,"time":82.5,"type":"hom"},{"angle":225,"enable":false,"time":83,"type":"hom"},{"angle":247.5,"color":1,"chance":0.30000001192093,"type":"noise","time":82.5},{"angle":247.5,"color":0,"chance":0,"type":"noise","time":83},{"angle":225,"color":1,"chance":0.30000001192093,"type":"noise","time":90.5},{"angle":225,"color":0,"chance":0,"type":"noise","time":91},{"r":0,"duration":0.5,"angle":247.5,"b":0,"color":1,"g":0,"time":90.5,"type":"setColor"},{"r":255,"duration":4,"angle":247.5,"b":255,"color":1,"g":255,"time":91,"type":"setColor"},{"angle":292.5,"enable":true,"time":90.5,"type":"hom"},{"angle":292.5,"enable":false,"time":91,"type":"hom"},{"angle":135,"value":0,"time":90.5,"type":"ease","var":"vfx.angleTwist.offset"},{"angle":67.5,"value":-40,"var":"vfx.angleTwist.offset","type":"ease","time":74.5},{"angle":157.5,"value":120,"time":82.5,"type":"ease","var":"vfx.angleTwist.offset"},{"r":300,"angle":157.5,"id":"space","duration":10,"time":66.5,"type":"deco"},{"r":0,"angle":90,"id":"space","duration":10,"time":74.5,"type":"deco"},{"r":200,"angle":135,"id":"space","duration":8,"time":82.5,"type":"deco"},{"angle":45,"value":100,"time":160.5,"type":"ease","var":"vfx.angleTwist.offset"},{"angle":22.5,"value":-100,"time":192.5,"type":"ease","var":"vfx.angleTwist.offset"},{"angle":180,"value":0,"time":222.5,"type":"ease","var":"vfx.angleTwist.offset"},{"angle":135,"color":1,"time":222.5,"type":"noise","chance":0.30000001192093},{"angle":135,"color":0,"time":223,"type":"noise","chance":0},{"angle":112.5,"enable":false,"time":223,"type":"hom"},{"angle":112.5,"enable":true,"time":222.5,"type":"hom"},{"r":0,"order":1,"duration":0.5,"angle":45,"color":1,"b":0,"g":0,"time":222.5,"type":"setColor"},{"r":255,"order":0,"duration":0,"angle":22.5,"color":1,"b":255,"g":255,"time":222.5,"type":"setColor"},{"sx":0.65000003576279,"sy":0.65000003576279,"ox":25,"oy":25,"y":-15,"sprite":"circle.png","angle":22.5,"order":0,"id":"star10","recolor":4,"time":57,"type":"deco","x":300},{"sx":0.65000003576279,"x":300,"y":180,"sy":0.65000003576279,"angle":45,"order":1,"id":"star10","duration":1.3500000238419,"time":57,"type":"deco"},{"angle":22.5,"id":"star10","time":58,"type":"deco","hide":true},{"sx":0.65000003576279,"sy":0.65000003576279,"ox":25,"oy":25,"y":367,"sprite":"circle.png","angle":112.5,"order":0,"id":"star11","recolor":4,"time":57,"type":"deco","x":490},{"sx":0.65000003576279,"x":300,"y":180,"sy":0.65000003576279,"angle":135,"order":1,"id":"star11","duration":1.8600000143051,"time":57,"type":"deco"},{"angle":157.5,"id":"star11","time":58.5,"type":"deco","hide":true},{"sx":0.65000003576279,"sy":0.65000003576279,"ox":25,"oy":25,"x":35,"sprite":"circle.png","angle":270,"time":57.5,"id":"star12","recolor":4,"order":0,"type":"deco","y":180},{"x":300,"y":180,"angle":247.5,"time":57.5,"id":"star12","duration":1.8999999761581,"order":1,"type":"deco"},{"angle":292.5,"id":"star12","time":59,"type":"deco","hide":true},{"sx":0.65000003576279,"sy":0.65000003576279,"ox":25,"oy":25,"x":389,"sprite":"circle.png","angle":180,"recolor":4,"id":"star13","order":0,"time":58.25,"type":"deco","y":390},{"sx":0.65000003576279,"sy":0.65000003576279,"y":180,"x":300,"angle":157.5,"order":1,"id":"star13","duration":1.6499999761581,"time":58.25,"type":"deco"},{"angle":135,"id":"star13","time":59.5,"type":"deco","hide":true},{"sx":0.65000003576279,"sy":0.65000003576279,"ox":25,"oy":25,"y":-30,"sprite":"circle.png","angle":45,"order":0,"id":"star14","recolor":4,"time":59.25,"type":"deco","x":389},{"sx":0.65000003576279,"sy":0.65000003576279,"y":180,"x":300,"angle":22.5,"order":1,"id":"star14","duration":1.6499999761581,"time":59.25,"type":"deco"},{"angle":45,"id":"star14","time":60.5,"type":"deco","hide":true},{"sx":0.65000003576279,"sy":0.65000003576279,"ox":25,"oy":25,"x":58,"sprite":"circle.png","angle":247.5,"recolor":4,"id":"star15","time":60,"order":0,"type":"deco","y":284},{"sx":0.65000003576279,"x":300,"y":180,"sy":0.65000003576279,"angle":225,"order":1,"id":"star15","duration":1.8999999761581,"time":60,"type":"deco"},{"angle":225,"hide":true,"time":61.5,"type":"deco","id":"star15"},{"sx":0.65000003576279,"sy":0.65000003576279,"ox":25,"oy":25,"y":-30,"sprite":"circle.png","angle":45,"recolor":4,"id":"star16","order":0,"time":61.25,"type":"deco","x":389},{"sx":0.65000003576279,"x":300,"y":180,"sy":0.65000003576279,"angle":22.5,"order":1,"id":"star16","duration":1.6499999761581,"time":61.25,"type":"deco"},{"angle":45,"id":"star16","time":62.5,"type":"deco","hide":true},{"sx":0.65000003576279,"sy":0.65000003576279,"ox":25,"oy":25,"y":284,"sprite":"circle.png","angle":292.5,"recolor":4,"id":"star17","time":61.5,"order":0,"type":"deco","x":58},{"sx":0.65000003576279,"x":300,"y":180,"sy":0.65000003576279,"angle":270,"order":1,"id":"star17","duration":1.8999999761581,"time":61.5,"type":"deco"},{"angle":225,"id":"star17","time":63,"type":"deco","hide":true},{"sx":0.65000003576279,"sy":0.65000003576279,"ox":25,"oy":25,"y":390,"sprite":"circle.png","angle":180,"time":62.25,"id":"star18","recolor":4,"order":0,"type":"deco","x":389},{"sx":0.65000003576279,"sy":0.65000003576279,"y":180,"x":300,"angle":157.5,"order":1,"id":"star18","duration":1.6499999761581,"time":62.25,"type":"deco"},{"angle":180,"id":"star18","time":63.5,"type":"deco","hide":true},{"sx":0.65000003576279,"sy":0.65000003576279,"ox":25,"oy":25,"x":389,"sprite":"circle.png","angle":180,"order":0,"id":"star19","recolor":4,"time":89.75,"type":"deco","y":390},{"sx":0.65000003576279,"x":300,"y":180,"sy":0.65000003576279,"angle":157.5,"order":1,"id":"star19","duration":1.6499999761581,"time":89.75,"type":"deco"},{"angle":180,"hide":true,"time":91,"type":"deco","id":"star19"},{"sx":0.65000003576279,"sy":0.65000003576279,"ox":25,"oy":25,"x":35,"sprite":"circle.png","angle":270,"time":90,"id":"star20","recolor":4,"order":0,"type":"deco","y":180},{"x":300,"y":180,"angle":247.5,"time":90,"id":"star20","duration":1.8999999761581,"order":1,"type":"deco"},{"angle":300,"hide":true,"time":91.5,"type":"deco","id":"star20"},{"sx":0.65000003576279,"sy":0.65000003576279,"ox":25,"oy":25,"y":180,"sprite":"circle.png","angle":120,"recolor":4,"id":"star21","order":0,"time":91,"type":"deco","x":565},{"x":300,"y":180,"angle":90,"time":91,"id":"star21","duration":1.8999999761581,"order":1,"type":"deco"},{"angle":120,"id":"star21","time":92.5,"type":"deco","hide":true},{"sx":0.65000003576279,"sy":0.65000003576279,"ox":25,"oy":25,"y":-15,"sprite":"circle.png","angle":30,"time":92.5,"id":"star22","recolor":4,"order":0,"type":"deco","x":300},{"sx":0.65000003576279,"x":300,"y":180,"sy":0.65000003576279,"angle":60,"order":1,"id":"star22","duration":1.3500000238419,"time":92.5,"type":"deco"},{"angle":30,"id":"star22","time":93.5,"type":"deco","hide":true},{"sx":0.65000003576279,"sy":0.65000003576279,"ox":25,"oy":25,"y":14,"sprite":"circle.png","angle":90,"recolor":4,"id":"star23","order":0,"time":92.5,"type":"deco","x":584},{"x":300,"y":180,"angle":60,"time":92.5,"id":"star23","duration":2.3800001144409,"order":1,"type":"deco"},{"angle":30,"hide":true,"time":94.5,"type":"deco","id":"star23"},{"x":300,"y":180,"angle":300,"time":93,"id":"star24","duration":2.3800001144409,"order":1,"type":"deco"},{"sx":0.65000003576279,"sy":0.65000003576279,"ox":25,"oy":25,"y":14,"sprite":"circle.png","angle":270,"time":93,"id":"star24","recolor":4,"order":0,"type":"deco","x":16},{"angle":270,"id":"star24","time":95,"type":"deco","hide":true},{"sx":0.65000003576279,"sy":0.65000003576279,"ox":25,"oy":25,"y":409,"sprite":"circle.png","angle":225,"recolor":4,"id":"star26","time":94,"order":0,"type":"deco","x":164},{"sx":0.65000003576279,"sy":0.65000003576279,"y":180,"x":300,"angle":247.5,"order":1,"id":"star26","duration":1.8600000143051,"time":94,"type":"deco"},{"angle":247.5,"hide":true,"time":95.5,"type":"deco","id":"star26"},{"angle":45,"value":1.2000000476837,"time":34.5,"type":"ease","var":"vfx.pixelate"},{"angle":22.5,"value":1,"time":35,"type":"ease","var":"vfx.pixelate"},{"angle":22.5,"value":1.2000000476837,"time":38.5,"type":"ease","var":"vfx.pixelate"},{"angle":45,"value":1,"time":39,"type":"ease","var":"vfx.pixelate"},{"angle":337.5,"value":1.2000000476837,"time":42.5,"type":"ease","var":"vfx.pixelate"},{"angle":360,"value":1,"time":43,"type":"ease","var":"vfx.pixelate"},{"angle":45,"value":1.2000000476837,"time":46.5,"type":"ease","var":"vfx.pixelate"},{"angle":45,"value":1,"time":47,"type":"ease","var":"vfx.pixelate"},{"angle":45,"value":1.2000000476837,"time":50.5,"type":"ease","var":"vfx.pixelate"},{"angle":67.5,"value":1,"time":51,"type":"ease","var":"vfx.pixelate"},{"angle":45,"value":1,"time":55,"type":"ease","var":"vfx.pixelate"},{"angle":45,"value":1.2000000476837,"time":54.5,"type":"ease","var":"vfx.pixelate"},{"angle":247.5,"enable":false,"time":-5,"type":"setBoolean","var":"vfx.drawSongTitle"},{"angle":225,"enable":false,"time":-5,"type":"setBoolean","var":"vfx.drawDifficulty"}],"metadata":{"bgData":{"yellowChannel":{"r":44,"g":86,"b":184},"magentaChannel":{"r":78,"g":159,"b":216},"cyanChannel":{"r":174,"g":200,"b":231},"greenChannel":{"r":29,"g":45,"b":129},"redChannel":{"r":12,"g":11,"b":42},"blueChannel":{"r":25,"g":26,"b":82},"image":"bg.png"},"artistLink":"https://www.youtube.com/@TheFatRat","artist":"TheFatRat","songName":"MAYDAY feat. Laura Brehm (Cut Ver.)","description":"Im running out of air...\n\nSpecial thanks to Ratøri for teaching me how to use the editor and creating decorations!\n\nWarning: dont try to aim the entire slider, just aim for the spiky notes!","difficulty":7,"charter":"Piger","bg":true}}