[{"duration":0.10000000149012,"color":0,"angle":22.5,"g":35,"b":0,"type":"setColor","time":0,"r":29},{"duration":0.10000000149012,"color":0,"angle":22.5,"g":0,"b":40,"time":0.25,"type":"setColor","r":25},{"duration":0.10000000149012,"color":0,"angle":22.5,"g":35,"b":11,"time":0.5,"type":"setColor","r":0},{"duration":0.10000000149012,"color":0,"angle":22.5,"g":9,"b":0,"type":"setColor","time":0.75,"r":40},{"duration":0.10000000149012,"color":0,"angle":22.5,"g":0,"b":35,"time":1,"type":"setColor","r":33},{"duration":0.10000000149012,"color":0,"angle":22.5,"g":38,"b":0,"type":"setColor","time":1.25,"r":40},{"duration":0.10000000149012,"color":0,"angle":22.5,"g":34,"b":35,"time":1.5,"type":"setColor","r":0},{"duration":0.10000000149012,"color":0,"angle":22.5,"g":0,"b":26,"type":"setColor","time":1.75,"r":40}]