[{"r":192,"type":"setColor","duration":0.25,"g":0,"time":-0,"b":0,"angle":112.5,"color":2},
{"color":2,"type":"setColor","duration":0.25,"g":224,"time":0.25,"b":0,"angle":112.5,"r":168},
{"angle":112.5,"type":"setColor","duration":0.25,"g":212,"time":0.5,"b":0,"r":212,"color":2},
{"angle":112.5,"type":"setColor","duration":0.25,"g":212,"time":0.75,"b":85,"color":2,"r":0},
{"angle":112.5,"type":"setColor","duration":0.25,"g":0,"time":1,"b":192,"r":96,"color":2},
{"angle":112.5,"type":"setColor","duration":0.25,"g":145,"time":1.25,"b":0,"color":2,"r":224},
{"r":0,"angle":112.5,"duration":0.25,"g":206,"time":1.5,"b":212,"type":"setColor","color":2},
{"color":2,"angle":112.5,"duration":0.25,"g":0,"time":1.75,"b":206,"type":"setColor","r":212}]