[{"time":1,"angle":0,"type":"block"},{"time":1.5,"angle":22.5,"type":"block"},{"time":2,"angle":360,"type":"block"},{"time":2.5,"angle":337.5,"type":"block"},{"time":3,"angle":0,"type":"block"},{"time":3.5,"angle":22.5,"type":"block"},{"time":4,"angle":0,"type":"block"},{"time":4.5,"angle":337.5,"type":"block"},{"time":5,"angle":0,"type":"block"},{"time":5.5,"angle":22.5,"type":"block"},{"time":6,"angle":0,"type":"block"},{"time":6.5,"angle":337.5,"type":"block"},{"time":7,"angle":0,"type":"block"},{"time":7.5,"angle":22.5,"type":"block"},{"time":8,"angle":360,"type":"block"},{"time":8.5,"angle":337.5,"type":"block"},{"time":9,"angle":315,"type":"block"},{"time":9.5,"angle":292.5,"type":"block"},{"time":10,"angle":270,"type":"block"},{"time":10.5,"angle":247.5,"type":"block"},{"time":11,"angle":270,"type":"block"},{"time":11.5,"angle":292.5,"type":"block"},{"time":12,"angle":270,"type":"block"},{"time":12.5,"angle":247.5,"type":"block"},{"time":13,"angle":270,"type":"block"},{"time":13.5,"angle":292.5,"type":"block"},{"time":14,"angle":270,"type":"block"},{"time":14.5,"angle":247.5,"type":"block"},{"time":15,"angle":225,"type":"block"},{"time":15.5,"angle":202.5,"type":"block"},{"time":16,"angle":180,"type":"block"},{"time":16.5,"angle":157.5,"type":"block"},{"time":17,"angle":180,"type":"block"},{"time":17.5,"angle":202.5,"type":"block"},{"time":18,"angle":180,"type":"block"},{"time":18.5,"angle":157.5,"type":"block"},{"time":19,"angle":180,"type":"block"},{"time":19.5,"angle":202.5,"type":"block"},{"time":20,"angle":180,"type":"block"},{"time":20.5,"angle":157.5,"type":"block"},{"time":16,"angle":202.5,"type":"extraTap"},{"time":16.5,"angle":202.5,"type":"extraTap"},{"time":18,"angle":247.5,"type":"extraTap"},{"time":20,"angle":247.5,"type":"extraTap"},{"time":22,"angle":247.5,"type":"extraTap"},{"time":21,"angle":180,"type":"block"},{"time":21.5,"angle":202.5,"type":"block"},{"time":22,"angle":180,"type":"block"},{"time":22.5,"angle":157.5,"type":"block"},{"time":23,"angle":180,"type":"block"},{"time":23.5,"angle":202.5,"type":"block"},{"time":24,"angle":180,"type":"block"},{"time":24.5,"angle":157.5,"type":"block"},{"time":25,"angle":135,"type":"block"},{"time":25.5,"angle":112.5,"type":"block"},{"time":26,"angle":90,"type":"block"},{"time":26.5,"angle":67.5,"type":"block"},{"time":27,"angle":90,"type":"block"},{"time":27.5,"angle":112.5,"type":"block"},{"time":28,"angle":90,"type":"block"},{"time":28.5,"angle":67.5,"type":"block"},{"time":29,"angle":90,"type":"block"},{"time":29.5,"angle":112.5,"type":"block"},{"time":30,"angle":90,"type":"block"},{"time":30.5,"angle":67.5,"type":"block"},{"time":31,"angle":45,"type":"block"},{"time":31.5,"angle":22.5,"type":"block"},{"time":32,"angle":0,"type":"block"},{"time":32.5,"angle":337.5,"type":"block"},{"time":33,"angle":360,"type":"block"},{"time":33.5,"angle":22.5,"type":"block"},{"time":34,"angle":0,"type":"block"},{"time":34.5,"angle":337.5,"type":"block"},{"time":24,"angle":247.5,"type":"extraTap"},{"time":26,"angle":247.5,"type":"extraTap"},{"time":28,"angle":247.5,"type":"extraTap"},{"time":30,"angle":247.5,"type":"extraTap"},{"time":32,"angle":247.5,"type":"extraTap"},{"time":34,"angle":247.5,"type":"extraTap"},{"time":36,"angle":247.5,"type":"extraTap"},{"time":35,"angle":0,"type":"block"},{"time":35.5,"angle":22.5,"type":"block"},{"time":36,"angle":0,"type":"block"},{"time":36.5,"angle":337.5,"type":"block"},{"time":37,"angle":0,"type":"block"},{"time":37.5,"angle":22.5,"type":"block"},{"time":38,"angle":360,"type":"block"},{"time":38.5,"angle":337.5,"type":"block"},{"time":39,"angle":0,"type":"block"},{"time":38,"angle":247.5,"type":"extraTap"},{"time":40,"angle":247.5,"type":"extraTap"},{"type":"hold","duration":0.5,"time":40,"angle":22.5,"angle2":-22.5},{"time":39.5,"angle":22.5,"type":"block"},{"time":41.5,"angle":337.5,"type":"block"},{"time":42,"angle":292.5,"type":"block"},{"time":42.5,"angle":247.5,"type":"block"},{"time":43,"angle":202.5,"type":"block"},{"time":43.5,"angle":157.5,"type":"block"},{"time":44,"angle":112.5,"type":"block"},{"time":44.5,"angle":67.5,"type":"block"},{"time":45,"angle":112.5,"type":"block"},{"time":45.5,"angle":67.5,"type":"block"},{"time":46,"angle":112.5,"type":"block"},{"time":46.5,"angle":67.5,"type":"block"},{"time":47,"angle":112.5,"type":"block"},{"type":"hold","duration":0.5,"time":48,"angle":135,"angle2":45},{"time":49.5,"angle":45,"type":"block"},{"time":50,"angle":315,"type":"block"},{"time":50.5,"angle":225,"type":"block"},{"time":51,"angle":135,"type":"block"},{"time":51.5,"angle":45,"type":"block"},{"time":52,"angle":315,"type":"block"},{"time":52.5,"angle":225,"type":"block"},{"time":47.5,"angle":67.5,"type":"block"},{"time":53,"angle":135,"type":"block"},{"time":53.5,"angle":45,"type":"block"},{"time":54,"angle":315,"type":"block"},{"time":54.5,"angle":225,"type":"block"},{"time":55,"angle":135,"type":"block"},{"time":55.5,"angle":45,"type":"block"},{"type":"hold","duration":0.5,"time":56,"angle":315,"angle2":135},{"time":57,"angle":90,"type":"block"},{"time":57.5,"angle":67.5,"type":"inverse"},{"time":58.5,"angle":22.5,"type":"inverse"},{"time":59.5,"angle":337.5,"type":"inverse"},{"time":60.5,"angle":292.5,"type":"inverse"},{"time":61.5,"angle":247.5,"type":"inverse"},{"time":58,"angle":45,"type":"block"},{"time":59,"angle":0,"type":"block"},{"time":60,"angle":315,"type":"block"},{"time":61,"angle":270,"type":"block"},{"time":62,"angle":225,"type":"block"},{"time":63,"angle":180,"type":"block"},{"time":62.5,"angle":202.5,"type":"inverse"},{"time":63.5,"angle":157.5,"type":"inverse"},{"time":64,"angle":135,"type":"block"},{"time":64.5,"angle":135,"type":"block"},{"time":66,"angle":315,"type":"block"},{"time":66,"angle":292.5,"type":"block"},{"time":66,"angle":270,"type":"block"},{"time":67,"angle":337.5,"type":"block"},{"time":67,"angle":315,"type":"block"},{"time":67,"angle":292.5,"type":"block"},{"time":67.5,"angle":337.5,"type":"block"},{"time":67.5,"angle":315,"type":"block"},{"time":67.5,"angle":292.5,"type":"block"},{"time":68.5,"angle":292.5,"type":"block"},{"time":68.5,"angle":270,"type":"block"},{"time":68.5,"angle":247.5,"type":"block"},{"time":66,"angle":360,"type":"extraTap"},{"time":67,"angle":360,"type":"extraTap"},{"time":67.5,"angle":360,"type":"extraTap"},{"time":68.5,"angle":315,"type":"extraTap"},{"time":70,"angle":292.5,"type":"block"},{"time":70,"angle":270,"type":"block"},{"time":70,"angle":247.5,"type":"block"},{"time":71,"angle":247.5,"type":"block"},{"time":71,"angle":225,"type":"block"},{"time":71,"angle":202.5,"type":"block"},{"time":71.5,"angle":225,"type":"block"},{"time":71.5,"angle":225,"type":"block"},{"time":71.5,"angle":202.5,"type":"block"},{"time":71.5,"angle":247.5,"type":"block"},{"time":72.5,"angle":315,"type":"block"},{"time":72.5,"angle":292.5,"type":"block"},{"time":72.5,"angle":270,"type":"block"},{"time":72.5,"angle":337.5,"type":"extraTap"},{"time":71.5,"angle":270,"type":"extraTap"},{"time":71,"angle":270,"type":"extraTap"},{"time":70,"angle":225,"type":"extraTap"},{"startTap":true,"type":"hold","duration":1,"time":74,"angle":45,"angle2":112.5},{"type":"hold","duration":1,"time":75,"angle":112.5,"angle2":22.5},{"type":"hold","duration":1,"time":76,"angle":22.5,"angle2":135},{"startTap":true,"type":"hold","duration":1,"time":77,"angle":135,"angle2":112.5},{"type":"hold","duration":0.5,"time":78,"angle":112.5,"angle2":90},{"startTap":true,"type":"hold","duration":1,"time":79.5,"angle":45,"angle2":112.5},{"type":"hold","duration":1,"time":80.5,"angle":112.5,"angle2":247.5},{"time":82,"angle":315,"type":"block"},{"time":82,"angle":292.5,"type":"block"},{"time":82,"angle":270,"type":"block"},{"time":82.5,"angle":315,"type":"block"},{"time":82.5,"angle":292.5,"type":"block"},{"time":82.5,"angle":270,"type":"block"},{"time":83,"angle":315,"type":"block"},{"time":83,"angle":292.5,"type":"block"},{"time":83,"angle":270,"type":"block"},{"time":86,"angle":315,"type":"block"},{"time":86,"angle":337.5,"type":"block"},{"time":86,"angle":360,"type":"block"},{"time":86.5,"angle":315,"type":"block"},{"time":86.5,"angle":337.5,"type":"block"},{"time":86.5,"angle":360,"type":"block"},{"startTap":true,"type":"hold","duration":0.5,"time":87,"angle":292.5,"angle2":292.5},{"startTap":true,"type":"hold","duration":0.5,"time":87,"angle":292.5,"angle2":315},{"startTap":true,"type":"hold","duration":0.5,"time":87,"angle":292.5,"angle2":270},{"time":88.5,"angle":247.5,"type":"block"},{"time":88.5,"angle":225,"type":"block"},{"time":88.5,"angle":225,"type":"block"},{"time":88.5,"angle":202.5,"type":"block"},{"time":88.5,"angle":270,"type":"extraTap"},{"time":86.5,"angle":22.5,"type":"extraTap"},{"time":86,"angle":22.5,"type":"extraTap"},{"time":83,"angle":337.5,"type":"extraTap"},{"time":82.5,"angle":337.5,"type":"extraTap"},{"time":82,"angle":337.5,"type":"extraTap"},{"time":83.5,"angle":22.5,"type":"side"},{"time":84.5,"angle":337.5,"type":"side"},{"time":88,"angle":225,"type":"side"},{"startTap":true,"type":"hold","duration":1,"time":90,"angle":157.5,"angle2":112.5},{"type":"hold","duration":1,"time":91,"angle":112.5,"angle2":45},{"startTap":true,"type":"hold","duration":0.5,"time":93,"angle":0,"angle2":22.5},{"type":"hold","duration":0.5,"time":93.5,"angle":22.5,"angle2":67.5},{"type":"hold","duration":1,"time":94,"angle":67.5,"angle2":112.5},{"startTap":true,"type":"hold","duration":1,"time":95,"angle":112.5,"angle2":90},{"type":"hold","duration":1,"time":96,"angle":90,"angle2":45},{"time":97,"angle":22.5,"type":"block"},{"time":97.5,"angle":360,"type":"block"},{"time":98,"angle":22.5,"type":"block"},{"time":98.5,"angle":360,"type":"block"},{"time":99.5,"angle":337.5,"type":"block"},{"time":100,"angle":315,"type":"block"},{"time":100.5,"angle":292.5,"type":"block"},{"time":101,"angle":270,"type":"block"},{"time":101,"angle":247.5,"type":"block"},{"time":101.5,"angle":270,"type":"block"},{"time":101.5,"angle":247.5,"type":"block"},{"time":102,"angle":225,"type":"block"},{"time":102.5,"angle":202.5,"type":"block"},{"tap":true,"type":"block","time":103.25,"angle":180},{"time":103.75,"angle":180,"type":"block"},{"time":104,"angle":180,"type":"block"},{"time":106,"angle":337.5,"type":"block"},{"time":106,"angle":315,"type":"block"},{"time":106,"angle":292.5,"type":"block"},{"time":108.25,"angle":135,"type":"block"},{"time":108.25,"angle":112.5,"type":"block"},{"time":108.25,"angle":157.5,"type":"block"},{"time":106,"angle":22.5,"type":"extraTap"},{"time":108.25,"angle":90,"type":"extraTap"},{"time":107,"angle":247.5,"type":"inverse"},{"time":107,"angle":225,"type":"inverse"},{"time":107.5,"angle":202.5,"type":"inverse"},{"time":107.5,"angle":180,"type":"inverse"},{"time":110,"angle":67.5,"type":"block"},{"time":110,"angle":45,"type":"block"},{"time":110,"angle":22.5,"type":"block"},{"time":111,"angle":360,"type":"inverse"},{"time":111,"angle":337.5,"type":"inverse"},{"time":111.5,"angle":315,"type":"inverse"},{"time":111.5,"angle":292.5,"type":"inverse"},{"time":110,"angle":360,"type":"extraTap"},{"time":112.5,"angle":202.5,"type":"extraTap"},{"time":112.5,"angle":270,"type":"block"},{"time":112.5,"angle":247.5,"type":"block"},{"time":112.5,"angle":225,"type":"block"},{"startTap":true,"type":"hold","duration":1,"time":114,"angle":135,"angle2":45},{"type":"hold","duration":1,"time":115,"angle":45,"angle2":67.5},{"type":"hold","duration":1,"time":116,"angle":67.5,"angle2":135},{"type":"hold","duration":1,"time":117,"angle":135,"angle2":0},{"type":"hold","duration":0.5,"time":118,"angle":0,"angle2":45},{"type":"hold","duration":1,"time":118.5,"angle":45,"angle2":67.5},{"type":"hold","duration":1,"time":119.5,"angle":67.5,"angle2":45},{"type":"hold","duration":1.5,"time":120.5,"angle":45,"angle2":247.5},{"time":122,"angle":270,"type":"block"},{"time":122,"angle":247.5,"type":"block"},{"time":122,"angle":225,"type":"block"},{"time":122,"angle":292.5,"type":"extraTap"},{"time":123,"angle":315,"type":"block"},{"time":123,"angle":292.5,"type":"block"},{"time":123,"angle":270,"type":"block"},{"time":123.5,"angle":315,"type":"block"},{"time":123.5,"angle":292.5,"type":"block"},{"time":123.5,"angle":270,"type":"block"},{"time":124.5,"angle":22.5,"type":"block"},{"time":124.5,"angle":360,"type":"block"},{"time":124.5,"angle":337.5,"type":"block"},{"time":123,"angle":337.5,"type":"extraTap"},{"time":123.5,"angle":337.5,"type":"extraTap"},{"time":124.5,"angle":45,"type":"extraTap"},{"time":126,"angle":202.5,"type":"block"},{"time":126,"angle":180,"type":"block"},{"time":126,"angle":157.5,"type":"block"},{"type":"hold","duration":1,"time":126.5,"angle":202.5,"angle2":225},{"type":"hold","duration":1,"time":126.5,"angle":180,"angle2":225},{"type":"hold","duration":1,"time":126.5,"angle":157.5,"angle2":225},{"time":128,"angle":225,"type":"block"},{"time":126.5,"angle":270,"type":"extraTap"},{"type":"hold","duration":1,"time":130,"angle":0,"angle2":22.5},{"type":"hold","duration":1,"time":130,"angle":22.5,"angle2":45},{"type":"hold","duration":1,"time":131,"angle":22.5,"angle2":0},{"type":"hold","duration":1,"time":131,"angle":45,"angle2":22.5},{"type":"hold","duration":1,"time":132,"angle":0,"angle2":-67.5},{"type":"hold","duration":1,"time":132,"angle":22.5,"angle2":-45},{"type":"hold","duration":0.5,"time":133,"angle":315,"angle2":337.5},{"type":"hold","duration":0.5,"time":133,"angle":292.5,"angle2":315},{"type":"hold","duration":1,"time":133.5,"angle":315,"angle2":360},{"type":"hold","duration":1,"time":133.5,"angle":337.5,"angle2":360},{"type":"hold","duration":1,"time":134.5,"angle":360,"angle2":360},{"type":"hold","duration":1,"time":134.5,"angle":0,"angle2":22.5},{"type":"hold","duration":1,"time":134.5,"angle":360,"angle2":337.5},{"type":"hold","duration":2,"time":136,"angle":337.5,"angle2":360},{"type":"hold","duration":2,"time":136,"angle":0,"angle2":0},{"type":"hold","duration":2,"time":136,"angle":22.5,"angle2":0},{"type":"hold","duration":0,"time":130,"angle":360,"angle2":382.5},{"time":136.5,"angle":337.5,"type":"block"},{"time":136.5,"angle":0,"type":"block"},{"time":136.5,"angle":22.5,"type":"block"},{"time":137,"angle":337.5,"type":"block"},{"time":137,"angle":22.5,"type":"block"},{"time":137.5,"angle":0,"type":"block"},{"type":"hold","duration":0.5,"time":138,"angle":360,"angle2":360},{"time":139,"angle":337.5,"type":"block"},{"time":139.5,"angle":0,"type":"block"},{"time":140,"angle":22.5,"type":"block"},{"time":140.5,"angle":337.5,"type":"block"},{"time":140.5,"angle":22.5,"type":"block"},{"time":141,"angle":337.5,"type":"block"},{"time":141,"angle":22.5,"type":"block"},{"time":141.5,"angle":0,"type":"block"},{"type":"hold","duration":0.5,"time":142,"angle":0,"angle2":45},{"time":143,"angle":67.5,"type":"block"},{"time":143.5,"angle":90,"type":"block"},{"time":144,"angle":112.5,"type":"block"},{"time":144.5,"angle":135,"type":"block"},{"time":144.5,"angle":157.5,"type":"block"},{"time":145,"angle":135,"type":"block"},{"time":145,"angle":157.5,"type":"block"},{"time":145.5,"angle":135,"type":"block"},{"time":145.5,"angle":157.5,"type":"block"},{"type":"hold","duration":0,"time":146,"angle":135,"angle2":157.5},{"type":"hold","duration":2,"time":146,"angle":135,"angle2":112.5},{"type":"hold","duration":2,"time":146,"angle":157.5,"angle2":135},{"type":"hold","duration":0,"time":148,"angle":112.5,"angle2":135},{"type":"hold","duration":0,"time":148.75,"angle":90,"angle2":112.5},{"type":"hold","duration":0,"time":149.75,"angle":90,"angle2":67.5},{"type":"hold","duration":0,"time":150.75,"angle":90,"angle2":112.5},{"type":"hold","duration":0,"time":151.75,"angle":90,"angle2":67.5},{"time":152.75,"angle":67.5,"type":"block"},{"time":153.25,"angle":67.5,"type":"block"},{"time":153.75,"angle":90,"type":"block"},{"time":154.25,"angle":90,"type":"block"},{"type":"hold","duration":0.5,"time":155,"angle":90,"angle2":112.5},{"type":"hold","duration":0.5,"time":155.5,"angle":112.5,"angle2":67.5},{"type":"hold","duration":0.5,"time":156,"angle":67.5,"angle2":112.5},{"type":"hold","duration":1,"time":156.5,"angle":112.5,"angle2":135},{"type":"hold","duration":1,"time":157.5,"angle":135,"angle2":202.5},{"type":"hold","duration":1,"time":158.5,"angle":202.5,"angle2":157.5},{"type":"hold","duration":1,"time":159.5,"angle":157.5,"angle2":157.5},{"type":"hold","duration":1,"time":159.5,"angle":157.5,"angle2":135},{"type":"hold","duration":1,"time":159.5,"angle":157.5,"angle2":180},{"time":160.5,"angle":90,"type":"extraTap"},{"type":"hold","duration":0,"time":160.5,"angle":135,"angle2":180},{"time":161,"angle":180,"type":"block"},{"time":161.75,"angle":202.5,"type":"block"},{"time":162.5,"angle":247.5,"type":"block"},{"time":163.25,"angle":292.5,"type":"block"},{"time":163.5,"angle":292.5,"type":"block"},{"time":162.75,"angle":247.5,"type":"block"},{"time":162,"angle":202.5,"type":"block"},{"time":161.25,"angle":180,"type":"block"},{"time":163.75,"angle":337.5,"type":"block"},{"time":164,"angle":337.5,"type":"block"},{"time":164.5,"angle":0,"type":"block"},{"time":165,"angle":22.5,"type":"block"},{"time":165.5,"angle":0,"type":"block"},{"time":166,"angle":337.5,"type":"block"},{"time":166.5,"angle":337.5,"type":"block"},{"time":166.75,"angle":360,"type":"block"},{"time":167,"angle":22.5,"type":"block"},{"time":167.25,"angle":0,"type":"block"},{"time":167.75,"angle":337.5,"type":"block"},{"time":167.75,"angle":0,"type":"block"},{"time":167.75,"angle":22.5,"type":"block"},{"time":168.25,"angle":337.5,"type":"block"},{"time":168.25,"angle":0,"type":"block"},{"time":168.25,"angle":22.5,"type":"block"},{"time":169,"angle":0,"type":"block"},{"time":169.25,"angle":22.5,"type":"block"},{"time":169.75,"angle":45,"type":"block"},{"time":170,"angle":67.5,"type":"block"},{"time":170.5,"angle":45,"type":"block"},{"time":170.75,"angle":22.5,"type":"block"},{"time":171.25,"angle":0,"type":"block"},{"time":171.5,"angle":337.5,"type":"block"},{"time":172,"angle":360,"type":"block"},{"time":172.25,"angle":22.5,"type":"block"},{"time":172.75,"angle":0,"type":"block"},{"time":173.25,"angle":337.5,"type":"block"},{"time":174.25,"angle":337.5,"type":"block"},{"time":175.75,"angle":337.5,"type":"block"},{"time":175.75,"angle":0,"type":"block"},{"time":175.75,"angle":22.5,"type":"block"},{"time":176.25,"angle":22.5,"type":"block"},{"time":176.25,"angle":360,"type":"block"},{"time":176.25,"angle":337.5,"type":"block"},{"time":175.75,"angle":315,"type":"extraTap"},{"time":176.25,"angle":315,"type":"extraTap"},{"time":168.25,"angle":45,"type":"extraTap"},{"time":167.75,"angle":45,"type":"extraTap"},{"time":177,"angle":337.5,"type":"block"},{"time":177.25,"angle":337.5,"type":"inverse"},{"time":177.75,"angle":292.5,"type":"block"},{"time":178.5,"angle":247.5,"type":"block"},{"time":179.25,"angle":202.5,"type":"block"},{"time":180,"angle":157.5,"type":"block"},{"time":180.75,"angle":112.5,"type":"block"},{"time":178,"angle":292.5,"type":"inverse"},{"time":178.75,"angle":247.5,"type":"inverse"},{"time":179.5,"angle":202.5,"type":"inverse"},{"time":180.25,"angle":157.5,"type":"inverse"},{"time":181.25,"angle":90,"type":"block"},{"time":181.75,"angle":67.5,"type":"block"},{"time":182.25,"angle":45,"type":"block"},{"time":182.75,"angle":22.5,"type":"block"},{"time":183.25,"angle":360,"type":"block"},{"time":183.75,"angle":337.5,"type":"block"},{"time":183.75,"angle":360,"type":"block"},{"time":183.75,"angle":22.5,"type":"block"},{"time":183.75,"angle":315,"type":"extraTap"},{"time":184.25,"angle":315,"type":"extraTap"},{"time":184.25,"angle":337.5,"type":"inverse"},{"time":184.25,"angle":360,"type":"inverse"},{"time":184.25,"angle":22.5,"type":"inverse"},{"type":"hold","duration":0.25,"time":185,"angle":337.5,"angle2":360},{"type":"hold","duration":0.5,"time":185.25,"angle":0,"angle2":22.5},{"type":"hold","duration":0.25,"time":185.75,"angle":22.5,"angle2":45},{"type":"hold","duration":0.5,"time":186,"angle":45,"angle2":67.5},{"type":"hold","duration":0.25,"time":186.5,"angle":67.5,"angle2":90},{"type":"hold","duration":0.5,"time":186.75,"angle":90,"angle2":112.5},{"type":"hold","duration":0.25,"time":187.25,"angle":112.5,"angle2":135},{"type":"hold","duration":0.5,"time":187.5,"angle":135,"angle2":157.5},{"type":"hold","duration":0.25,"time":188,"angle":157.5,"angle2":180},{"type":"hold","duration":0.5,"time":188.75,"angle":202.5,"angle2":157.5},{"type":"hold","duration":0.5,"time":189.25,"angle":157.5,"angle2":202.5},{"type":"hold","duration":0.5,"time":189.75,"angle":202.5,"angle2":157.5},{"type":"hold","duration":0.5,"time":190.25,"angle":157.5,"angle2":202.5},{"type":"hold","duration":0.5,"time":190.75,"angle":202.5,"angle2":157.5},{"type":"hold","duration":0.5,"time":191.75,"angle":180,"angle2":202.5},{"type":"hold","duration":0.5,"time":191.75,"angle":180,"angle2":180},{"type":"hold","duration":0.5,"time":191.75,"angle":180,"angle2":157.5},{"type":"hold","duration":0.5,"time":192.25,"angle":202.5,"angle2":180},{"type":"hold","duration":0.5,"time":192.25,"angle":180,"angle2":180},{"type":"hold","duration":0.5,"time":192.25,"angle":157.5,"angle2":180},{"time":193.25,"angle":180,"type":"block"},{"time":194.25,"angle":270,"type":"block"},{"time":195.25,"angle":360,"type":"block"},{"time":196.25,"angle":90,"type":"block"},{"time":197.25,"angle":180,"type":"block"},{"time":198.25,"angle":270,"type":"block"},{"time":199.25,"angle":360,"type":"block"},{"time":193.75,"angle":225,"type":"inverse"},{"time":194.75,"angle":315,"type":"inverse"},{"time":195.75,"angle":45,"type":"inverse"},{"time":196.75,"angle":135,"type":"inverse"},{"time":197.75,"angle":225,"type":"inverse"},{"time":198.75,"angle":315,"type":"inverse"},{"tap":true,"type":"inverse","time":199.75,"angle":45},{"time":202.5,"angle":337.5,"type":"block"},{"time":202.5,"angle":360,"type":"block"},{"time":202.5,"angle":22.5,"type":"block"},{"time":203,"angle":22.5,"type":"block"},{"time":203,"angle":0,"type":"block"},{"time":203,"angle":337.5,"type":"block"},{"time":201.5,"angle":22.5,"type":"block"},{"time":201.5,"angle":45,"type":"block"},{"time":201.5,"angle":67.5,"type":"block"},{"time":204,"angle":337.5,"type":"block"},{"time":204,"angle":315,"type":"block"},{"time":204,"angle":292.5,"type":"block"},{"time":205.75,"angle":337.5,"type":"block"},{"time":205.75,"angle":315,"type":"block"},{"time":205.75,"angle":292.5,"type":"block"},{"time":206.75,"angle":337.5,"type":"block"},{"time":206.75,"angle":0,"type":"block"},{"time":206.75,"angle":22.5,"type":"block"},{"time":207.25,"angle":337.5,"type":"block"},{"time":207.25,"angle":0,"type":"block"},{"time":207.25,"angle":22.5,"type":"block"},{"time":208.25,"angle":22.5,"type":"block"},{"time":208.25,"angle":45,"type":"block"},{"time":208.25,"angle":67.5,"type":"block"},{"type":"hold","duration":8,"time":209.75,"angle":360,"angle2":1440},{"time":217.75,"angle":337.5,"type":"block"},{"time":217.75,"angle":360,"type":"block"},{"time":217.75,"angle":22.5,"type":"block"},{"time":218.75,"angle":337.5,"type":"block"},{"time":218.75,"angle":360,"type":"block"},{"time":218.75,"angle":22.5,"type":"block"},{"time":219.25,"angle":337.5,"type":"block"},{"time":219.25,"angle":360,"type":"block"},{"time":219.25,"angle":22.5,"type":"block"},{"time":220.25,"angle":202.5,"type":"inverse"},{"time":220.25,"angle":180,"type":"inverse"},{"time":220.25,"angle":157.5,"type":"inverse"},{"time":208.25,"angle":90,"type":"extraTap"},{"time":207.25,"angle":45,"type":"extraTap"},{"time":206.75,"angle":45,"type":"extraTap"},{"time":205.75,"angle":360,"type":"extraTap"},{"time":204,"angle":360,"type":"extraTap"},{"time":203,"angle":45,"type":"extraTap"},{"time":202.5,"angle":45,"type":"extraTap"},{"time":201.5,"angle":90,"type":"extraTap"},{"time":217.75,"angle":45,"type":"extraTap"},{"time":218.75,"angle":45,"type":"extraTap"},{"time":219.25,"angle":45,"type":"extraTap"},{"time":220.25,"angle":135,"type":"extraTap"},{"time":221.75,"angle":292.5,"type":"block"},{"time":221.75,"angle":270,"type":"block"},{"time":221.75,"angle":247.5,"type":"block"},{"time":223.5,"angle":67.5,"type":"block"},{"time":223.5,"angle":90,"type":"block"},{"time":223.5,"angle":112.5,"type":"block"},{"time":224,"angle":67.5,"type":"block"},{"time":224,"angle":90,"type":"block"},{"time":224,"angle":112.5,"type":"block"},{"time":222.75,"angle":337.5,"type":"side"},{"time":222.75,"angle":0,"type":"side"},{"time":222.75,"angle":22.5,"type":"side"},{"type":"hold","duration":1,"time":225.5,"angle":90,"angle2":112.5},{"type":"hold","duration":1,"time":225.5,"angle":112.5,"angle2":135},{"type":"hold","duration":1,"time":225.5,"angle":135,"angle2":157.5},{"type":"hold","duration":1,"time":226.5,"angle":157.5,"angle2":112.5},{"type":"hold","duration":1,"time":226.5,"angle":135,"angle2":90},{"type":"hold","duration":1,"time":226.5,"angle":112.5,"angle2":67.5},{"type":"hold","duration":1,"time":228.5,"angle":22.5,"angle2":45},{"type":"hold","duration":1,"time":228.5,"angle":45,"angle2":67.5},{"type":"hold","duration":0.5,"time":229.5,"angle":45,"angle2":22.5},{"type":"hold","duration":0.5,"time":229.5,"angle":67.5,"angle2":45},{"type":"hold","duration":0.75,"time":230,"angle":22.5,"angle2":22.5},{"type":"hold","duration":0.75,"time":230,"angle":45,"angle2":45},{"type":"hold","duration":0,"time":230.75,"angle":22.5,"angle2":45},{"type":"hold","duration":0,"time":228.5,"angle":22.5,"angle2":45},{"type":"hold","duration":0,"time":229.5,"angle":45,"angle2":67.5},{"type":"hold","duration":0,"time":230,"angle":22.5,"angle2":45},{"type":"hold","duration":0,"time":225.5,"angle":135,"angle2":90},{"type":"hold","duration":0,"time":227.5,"angle":112.5,"angle2":67.5},{"type":"hold","duration":1,"time":230.75,"angle":22.5,"angle2":0},{"type":"hold","duration":1,"time":230.75,"angle":45,"angle2":0},{"type":"hold","duration":4,"time":231.75,"angle":360,"angle2":360},{"time":232.5,"angle":337.5,"type":"block"},{"time":233,"angle":22.5,"type":"block"},{"time":233.5,"angle":337.5,"type":"block"},{"type":"hold","duration":0.5,"time":234,"angle":22.5,"angle2":-22.5},{"time":235,"angle":337.5,"type":"block"},{"time":235.5,"angle":22.5,"type":"block"},{"time":236,"angle":337.5,"type":"block"},{"time":236.5,"angle":22.5,"type":"block"},{"time":237,"angle":337.5,"type":"block"},{"type":"hold","duration":0.5,"time":237.5,"angle":337.5,"angle2":360},{"type":"hold","duration":0.5,"time":237.5,"angle":22.5,"angle2":0},{"type":"hold","duration":0,"time":237.5,"angle":337.5,"angle2":382.5},{"time":239,"angle":360,"type":"block"},{"time":239.5,"angle":337.5,"type":"block"},{"time":239.5,"angle":22.5,"type":"block"},{"time":240,"angle":337.5,"type":"block"},{"time":240,"angle":360,"type":"block"},{"time":240,"angle":22.5,"type":"block"},{"type":"hold","duration":0.5,"time":240.5,"angle":337.5,"angle2":382.5},{"type":"hold","duration":0.5,"time":241,"angle":22.5,"angle2":-22.5},{"type":"hold","duration":0.5,"time":241.5,"angle":337.5,"angle2":382.5},{"type":"hold","duration":0.5,"time":242,"angle":337.5,"angle2":360},{"type":"hold","duration":0.5,"time":242,"angle":22.5,"angle2":0},{"type":"hold","duration":0.5,"time":242,"angle":0,"angle2":0},{"type":"hold","duration":0,"time":242,"angle":337.5,"angle2":382.5},{"type":"hold","duration":0,"time":244.75,"angle":337.5,"angle2":382.5},{"type":"hold","duration":0,"time":245.75,"angle":247.5,"angle2":292.5},{"type":"hold","duration":0,"time":246.75,"angle":157.5,"angle2":202.5},{"type":"hold","duration":0,"time":247.75,"angle":67.5,"angle2":112.5},{"time":244.75,"angle":315,"type":"extraTap"},{"time":245.75,"angle":225,"type":"extraTap"},{"time":246.75,"angle":135,"type":"extraTap"},{"time":247.75,"angle":45,"type":"extraTap"},{"time":248.5,"angle":90,"type":"block"},{"time":249,"angle":112.5,"type":"block"},{"time":249.5,"angle":135,"type":"block"},{"type":"hold","duration":1,"time":250,"angle":157.5,"angle2":202.5},{"time":251.5,"angle":225,"type":"block"},{"time":252,"angle":202.5,"type":"block"},{"type":"hold","duration":1,"time":253.5,"angle":157.5,"angle2":202.5},{"type":"hold","duration":1,"time":254.5,"angle":202.5,"angle2":157.5},{"type":"hold","duration":1,"time":255.5,"angle":157.5,"angle2":202.5},{"type":"hold","duration":1,"time":252.5,"angle":180,"angle2":157.5},{"time":256.5,"angle":247.5,"type":"extraTap"},{"time":256.5,"angle":180,"type":"block"},{"time":256.5,"angle":202.5,"type":"block"},{"time":256.5,"angle":225,"type":"block"},{"time":257.5,"angle":202.5,"type":"block"},{"time":259,"angle":180,"type":"block"},{"time":259.25,"angle":157.5,"type":"block"},{"time":259.5,"angle":180,"type":"block"},{"time":260.75,"angle":180,"type":"block"},{"time":261.5,"angle":180,"type":"block"},{"time":263.75,"angle":202.5,"type":"block"},{"time":263.75,"angle":180,"type":"block"},{"time":263.25,"angle":202.5,"type":"block"},{"time":262.75,"angle":157.5,"type":"block"},{"time":263.75,"angle":225,"type":"block"},{"time":264.75,"angle":202.5,"type":"block"},{"time":265.75,"angle":225,"type":"block"},{"time":267.25,"angle":247.5,"type":"block"},{"time":268,"angle":270,"type":"block"},{"time":268.25,"angle":292.5,"type":"block"},{"time":269.5,"angle":292.5,"type":"block"},{"time":270.5,"angle":292.5,"type":"block"},{"time":270.5,"angle":315,"type":"block"},{"time":271.5,"angle":315,"type":"block"},{"time":271.75,"angle":337.5,"type":"block"},{"time":272,"angle":337.5,"type":"block"},{"type":"hold","duration":15,"time":273,"angle":0,"angle2":2160},{"time":288.5,"angle":90,"type":"extraTap"},{"time":289.5,"angle":90,"type":"extraTap"},{"time":290.5,"angle":90,"type":"extraTap"},{"time":291.5,"angle":90,"type":"extraTap"},{"time":292.5,"angle":90,"type":"extraTap"},{"time":293.5,"angle":90,"type":"extraTap"},{"time":294.5,"angle":90,"type":"extraTap"},{"time":295.5,"angle":90,"type":"extraTap"},{"time":296.5,"angle":90,"type":"extraTap"},{"time":297.5,"angle":90,"type":"extraTap"},{"time":298.5,"angle":90,"type":"extraTap"},{"time":299.5,"angle":90,"type":"extraTap"},{"time":300.5,"angle":90,"type":"extraTap"},{"time":301.5,"angle":90,"type":"extraTap"},{"time":302.5,"angle":90,"type":"extraTap"},{"time":303.5,"angle":90,"type":"extraTap"},{"time":304.5,"angle":90,"type":"extraTap"},{"time":305.5,"angle":90,"type":"extraTap"},{"time":306.5,"angle":90,"type":"extraTap"},{"time":320.5,"angle":90,"type":"extraTap"},{"time":319.5,"angle":90,"type":"extraTap"},{"time":318.5,"angle":90,"type":"extraTap"},{"time":317.5,"angle":90,"type":"extraTap"},{"time":316.5,"angle":90,"type":"extraTap"},{"time":315.5,"angle":90,"type":"extraTap"},{"time":314.5,"angle":90,"type":"extraTap"},{"time":313.5,"angle":90,"type":"extraTap"},{"time":312.5,"angle":90,"type":"extraTap"},{"time":311.5,"angle":90,"type":"extraTap"},{"time":310.5,"angle":90,"type":"extraTap"},{"time":309.5,"angle":90,"type":"extraTap"},{"time":308.5,"angle":90,"type":"extraTap"},{"time":307.5,"angle":90,"type":"extraTap"},{"type":"hold","duration":3,"time":290,"angle":360,"angle2":540},{"type":"hold","duration":3,"time":294,"angle":180,"angle2":360},{"type":"hold","duration":3,"time":298,"angle":360,"angle2":720},{"type":"hold","duration":0.5,"time":301.5,"angle":360,"angle2":427.5},{"type":"hold","duration":0.5,"time":302,"angle":67.5,"angle2":22.5},{"type":"hold","duration":0.75,"time":302.5,"angle":22.5,"angle2":90},{"type":"hold","duration":0.5,"time":303.25,"angle":90,"angle2":67.5},{"type":"hold","duration":3,"time":306,"angle":0,"angle2":-180},{"type":"hold","duration":3,"time":310,"angle":180,"angle2":0},{"type":"hold","duration":3,"time":314,"angle":0,"angle2":-360},{"type":"hold","duration":0.5,"time":317.5,"angle":360,"angle2":315},{"type":"hold","duration":0.5,"time":318,"angle":315,"angle2":382.5},{"type":"hold","duration":0.5,"time":318.5,"angle":22.5,"angle2":-22.5},{"type":"hold","duration":0.5,"time":319,"angle":337.5,"angle2":405},{"type":"hold","duration":0.5,"time":319.5,"angle":45,"angle2":22.5},{"type":"hold","duration":0.5,"time":320.5,"angle":0,"angle2":22.5},{"type":"hold","duration":0.5,"time":321,"angle":22.5,"angle2":-22.5},{"type":"hold","duration":0.5,"time":321.5,"angle":337.5,"angle2":360},{"type":"hold","duration":0.5,"time":322,"angle":0,"angle2":-45},{"type":"hold","duration":0.5,"time":322.5,"angle":315,"angle2":337.5},{"type":"hold","duration":0.5,"time":323,"angle":337.5,"angle2":292.5},{"type":"hold","duration":0.5,"time":323.5,"angle":292.5,"angle2":315},{"type":"hold","duration":0.5,"time":324,"angle":315,"angle2":270},{"type":"hold","duration":0.5,"time":324.5,"angle":270,"angle2":292.5},{"type":"hold","duration":0.5,"time":325,"angle":292.5,"angle2":247.5},{"type":"hold","duration":0.5,"time":325.5,"angle":247.5,"angle2":270},{"type":"hold","duration":0.5,"time":326,"angle":270,"angle2":225},{"type":"hold","duration":0.5,"time":326.5,"angle":225,"angle2":247.5},{"type":"hold","duration":0.5,"time":327,"angle":247.5,"angle2":202.5},{"type":"hold","duration":0.5,"time":327.5,"angle":202.5,"angle2":225},{"type":"hold","duration":0.5,"time":328,"angle":225,"angle2":180},{"type":"hold","duration":0.5,"time":328.5,"angle":180,"angle2":202.5},{"type":"hold","duration":0.5,"time":329,"angle":202.5,"angle2":157.5},{"type":"hold","duration":0.5,"time":329.5,"angle":157.5,"angle2":180},{"type":"hold","duration":0.5,"time":330,"angle":180,"angle2":135},{"type":"hold","duration":0.5,"time":330.5,"angle":135,"angle2":157.5},{"type":"hold","duration":0.5,"time":331,"angle":157.5,"angle2":112.5},{"type":"hold","duration":0.5,"time":331.5,"angle":112.5,"angle2":135},{"type":"hold","duration":0.5,"time":332,"angle":135,"angle2":90},{"type":"hold","duration":0,"time":332.5,"angle":67.5,"angle2":112.5},{"type":"hold","duration":0,"time":333.5,"angle":45,"angle2":90},{"type":"hold","duration":0,"time":334.5,"angle":22.5,"angle2":67.5},{"type":"hold","duration":0,"time":335.5,"angle":0,"angle2":45},{"type":"hold","duration":0,"time":336.5,"angle":337.5,"angle2":382.5},{"type":"hold","duration":0.5,"time":336.5,"angle":0,"angle2":22.5},{"type":"hold","duration":0.5,"time":337,"angle":22.5,"angle2":-22.5},{"type":"hold","duration":0.5,"time":337.5,"angle":337.5,"angle2":382.5},{"type":"hold","duration":1,"time":338,"angle":22.5,"angle2":90},{"type":"hold","duration":0.5,"time":339,"angle":90,"angle2":112.5},{"type":"hold","duration":0.5,"time":339.5,"angle":112.5,"angle2":45},{"type":"hold","duration":0.5,"time":340,"angle":45,"angle2":67.5},{"type":"hold","duration":1,"time":340.5,"angle":67.5,"angle2":135},{"type":"hold","duration":1,"time":341.5,"angle":135,"angle2":112.5},{"type":"hold","duration":1,"time":342.5,"angle":112.5,"angle2":157.5},{"type":"hold","duration":0.75,"time":343.5,"angle":157.5,"angle2":90},{"time":344.75,"angle":90,"type":"block"},{"time":345,"angle":67.5,"type":"block"},{"time":345.5,"angle":67.5,"type":"block"},{"time":345.75,"angle":45,"type":"block"},{"time":346.25,"angle":45,"type":"block"},{"time":346.5,"angle":22.5,"type":"block"},{"time":347,"angle":22.5,"type":"block"},{"time":347.25,"angle":360,"type":"block"},{"time":347.75,"angle":337.5,"type":"block"},{"time":347.75,"angle":22.5,"type":"block"},{"time":348,"angle":337.5,"type":"block"},{"time":348,"angle":22.5,"type":"block"},{"time":348.5,"angle":360,"type":"block"},{"time":349,"angle":337.5,"type":"block"},{"time":349,"angle":22.5,"type":"block"},{"time":349.5,"angle":0,"type":"block"},{"time":350,"angle":337.5,"type":"block"},{"time":350,"angle":22.5,"type":"block"},{"time":350.5,"angle":337.5,"type":"block"},{"time":350.5,"angle":0,"type":"block"},{"time":350.5,"angle":22.5,"type":"block"},{"time":351,"angle":337.5,"type":"block"},{"time":351,"angle":0,"type":"block"},{"time":351,"angle":22.5,"type":"block"},{"time":350.25,"angle":360,"type":"block"},{"time":350.75,"angle":348.75,"type":"block"},{"time":350.75,"angle":11.25,"type":"block"},{"time":351.5,"angle":337.5,"type":"block"},{"time":351.5,"angle":0,"type":"block"},{"time":351.5,"angle":22.5,"type":"block"},{"time":352,"angle":337.5,"type":"block"},{"time":352,"angle":360,"type":"block"},{"time":352,"angle":22.5,"type":"block"},{"time":351.5,"angle":315,"type":"extraTap"},{"time":352,"angle":315,"type":"extraTap"},{"time":352.75,"angle":360,"type":"block"},{"time":353,"angle":360,"type":"block"},{"time":353.5,"angle":270,"type":"block"},{"time":353.75,"angle":270,"type":"block"},{"time":354.25,"angle":180,"type":"block"},{"time":354.5,"angle":180,"type":"block"},{"time":355,"angle":90,"type":"block"},{"time":355.25,"angle":90,"type":"block"},{"time":355.75,"angle":0,"type":"block"},{"time":356,"angle":0,"type":"block"},{"time":356.5,"angle":0,"type":"block"},{"time":357,"angle":337.5,"type":"block"},{"time":357.5,"angle":315,"type":"block"},{"time":358,"angle":292.5,"type":"block"},{"time":358.5,"angle":270,"type":"block"},{"time":359,"angle":247.5,"type":"block"},{"time":359.5,"angle":225,"type":"block"},{"time":358.5,"angle":247.5,"type":"block"},{"time":359,"angle":225,"type":"block"},{"time":359.5,"angle":202.5,"type":"block"},{"time":359.5,"angle":180,"type":"block"},{"time":360,"angle":225,"type":"block"},{"time":360,"angle":202.5,"type":"block"},{"time":360,"angle":180,"type":"block"},{"time":359.5,"angle":247.5,"type":"extraTap"},{"time":360,"angle":247.5,"type":"extraTap"},{"type":"hold","duration":0.25,"time":360.75,"angle":157.5,"angle2":135},{"type":"hold","duration":0.25,"time":361.5,"angle":112.5,"angle2":90},{"type":"hold","duration":0.25,"time":362.25,"angle":67.5,"angle2":45},{"type":"hold","duration":0.25,"time":363,"angle":22.5,"angle2":0},{"type":"hold","duration":0.25,"time":363.75,"angle":337.5,"angle2":315},{"type":"hold","duration":0,"time":364.5,"angle":270,"angle2":247.5},{"type":"hold","duration":0,"time":365,"angle":247.5,"angle2":225},{"type":"hold","duration":0,"time":365.5,"angle":225,"angle2":202.5},{"type":"hold","duration":0,"time":366,"angle":202.5,"angle2":180},{"type":"hold","duration":0,"time":366.5,"angle":202.5,"angle2":157.5},{"type":"hold","duration":0,"time":367,"angle":202.5,"angle2":157.5},{"type":"hold","duration":0.5,"time":367.5,"angle":202.5,"angle2":202.5},{"type":"hold","duration":0.5,"time":367.5,"angle":157.5,"angle2":157.5},{"type":"hold","duration":0.5,"time":367.5,"angle":180,"angle2":180},{"type":"hold","duration":0,"time":367.5,"angle":157.5,"angle2":202.5},{"type":"hold","duration":0,"time":368,"angle":157.5,"angle2":202.5},{"type":"mineHold","duration":0,"time":368.5,"angle":135,"angle2":-135},{"type":"mineHold","duration":0,"time":368.75,"angle":135,"angle2":-135},{"type":"mineHold","duration":0.25,"time":368.5,"angle":225,"angle2":225},{"type":"mineHold","duration":0.25,"time":368.5,"angle":135,"angle2":135},{"type":"mineHold","duration":0.25,"time":369.25,"angle":202.5,"angle2":202.5},{"type":"mineHold","duration":0.25,"time":369.25,"angle":112.5,"angle2":112.5},{"type":"mineHold","duration":0,"time":369.25,"angle":112.5,"angle2":-157.5},{"type":"mineHold","duration":0,"time":369.5,"angle":112.5,"angle2":-157.5},{"type":"mineHold","duration":0.25,"time":370,"angle":90,"angle2":90},{"type":"mineHold","duration":0.25,"time":370,"angle":180,"angle2":180},{"type":"mineHold","duration":0,"time":370.25,"angle":90,"angle2":-180},{"type":"mineHold","duration":0,"time":370,"angle":180,"angle2":450},{"type":"mineHold","duration":0.25,"time":370.75,"angle":157.5,"angle2":157.5},{"type":"mineHold","duration":0.25,"time":370.75,"angle":45,"angle2":45},{"type":"mineHold","duration":0.25,"time":371.5,"angle":22.5,"angle2":22.5},{"type":"mineHold","duration":0.25,"time":371.5,"angle":112.5,"angle2":112.5},{"type":"mineHold","duration":0,"time":371,"angle":157.5,"angle2":405},{"type":"mineHold","duration":0,"time":370.75,"angle":45,"angle2":-202.5},{"type":"mineHold","duration":0,"time":371.5,"angle":112.5,"angle2":382.5},{"type":"mineHold","duration":0,"time":371.75,"angle":22.5,"angle2":-247.5},{"type":"mineHold","duration":0,"time":372.25,"angle":112.5,"angle2":382.5},{"type":"mineHold","duration":0,"time":372.75,"angle":0,"angle2":-270},{"type":"mineHold","duration":0,"time":373.25,"angle":337.5,"angle2":67.5},{"type":"mineHold","duration":0,"time":373.75,"angle":0,"angle2":-270},{"type":"mineHold","duration":0,"time":374.25,"angle":22.5,"angle2":-247.5},{"type":"mineHold","duration":0,"time":374.75,"angle":90,"angle2":360},{"type":"mineHold","duration":0,"time":375.5,"angle":270,"angle2":90},{"type":"mineHold","duration":0,"time":376,"angle":292.5,"angle2":427.5},{"time":376.75,"angle":180,"type":"block"},{"time":377,"angle":165,"type":"block"},{"time":377.5,"angle":135,"type":"block"},{"time":377.75,"angle":120,"type":"block"},{"time":378.25,"angle":90,"type":"block"},{"time":378.5,"angle":75,"type":"block"},{"time":379,"angle":45,"type":"block"},{"time":379.25,"angle":30,"type":"block"},{"time":379.75,"angle":360,"type":"block"},{"time":380,"angle":345,"type":"block"},{"time":380.5,"angle":315,"type":"block"},{"time":381,"angle":300,"type":"block"},{"time":381.5,"angle":285,"type":"block"},{"time":382,"angle":270,"type":"block"},{"time":382.5,"angle":255,"type":"block"},{"time":383,"angle":240,"type":"block"},{"type":"hold","duration":0.5,"time":383.5,"angle":225,"angle2":210},{"time":385,"angle":210,"type":"mine"},{"time":384.75,"angle":210,"type":"mine"},{"time":385.5,"angle":180,"type":"mine"},{"time":385.75,"angle":180,"type":"mine"},{"time":386.25,"angle":165,"type":"mine"},{"time":386.5,"angle":165,"type":"mine"},{"time":387,"angle":150,"type":"mine"},{"time":387.25,"angle":150,"type":"mine"},{"time":387.75,"angle":135,"type":"mine"},{"time":388,"angle":135,"type":"mine"},{"time":388.5,"angle":120,"type":"mine"},{"time":389,"angle":105,"type":"mine"},{"time":389.5,"angle":90,"type":"mine"},{"time":390,"angle":75,"type":"mine"},{"time":390.5,"angle":60,"type":"mine"},{"time":391,"angle":45,"type":"mine"},{"type":"mineHold","duration":0.5,"time":391.5,"angle":30,"angle2":0},{"type":"hold","duration":0.25,"time":392.75,"angle":360,"angle2":375},{"type":"hold","duration":0.25,"time":393.5,"angle":30,"angle2":45},{"type":"hold","duration":0.25,"time":394.25,"angle":60,"angle2":45},{"type":"hold","duration":0.25,"time":395,"angle":30,"angle2":15},{"type":"hold","duration":0.25,"time":395.75,"angle":360,"angle2":345},{"type":"hold","duration":0.5,"time":396.5,"angle":330,"angle2":360},{"type":"hold","duration":0.5,"time":397,"angle":0,"angle2":-45},{"type":"hold","duration":0.5,"time":397.5,"angle":315,"angle2":360},{"type":"hold","duration":0.5,"time":398,"angle":0,"angle2":-60},{"type":"hold","duration":0.5,"time":398.5,"angle":300,"angle2":375},{"type":"hold","duration":0.5,"time":399,"angle":15,"angle2":-60},{"tap":true,"type":"block","time":400,"angle":300},{"tap":true,"type":"block","time":399.5,"angle":300},{"time":400.75,"angle":300,"type":"inverse"},{"time":401,"angle":330,"type":"inverse"},{"time":401,"angle":270,"type":"inverse"},{"time":401.5,"angle":345,"type":"inverse"},{"time":401.75,"angle":300,"type":"inverse"},{"time":401.75,"angle":30,"type":"inverse"},{"time":402.25,"angle":45,"type":"inverse"},{"time":402.5,"angle":345,"type":"inverse"},{"time":402.5,"angle":105,"type":"inverse"},{"time":403,"angle":45,"type":"inverse"},{"time":403.25,"angle":345,"type":"inverse"},{"time":403.25,"angle":105,"type":"inverse"},{"time":403.75,"angle":45,"type":"inverse"},{"time":404,"angle":345,"type":"inverse"},{"time":404,"angle":105,"type":"inverse"},{"time":404.5,"angle":30,"type":"inverse"},{"time":404.5,"angle":45,"type":"inverse"},{"time":404.5,"angle":60,"type":"inverse"},{"time":405,"angle":15,"type":"inverse"},{"time":405,"angle":30,"type":"inverse"},{"time":405,"angle":45,"type":"inverse"},{"time":405.5,"angle":15,"type":"inverse"},{"time":405.5,"angle":360,"type":"inverse"},{"time":405.5,"angle":30,"type":"inverse"},{"time":406,"angle":0,"type":"inverse"},{"time":406,"angle":345,"type":"inverse"},{"time":406,"angle":15,"type":"inverse"},{"time":406.5,"angle":315,"type":"inverse"},{"time":406.5,"angle":330,"type":"inverse"},{"time":406.5,"angle":345,"type":"inverse"},{"time":406.5,"angle":360,"type":"inverse"},{"time":406.5,"angle":15,"type":"inverse"},{"time":407,"angle":315,"type":"inverse"},{"time":407,"angle":330,"type":"inverse"},{"time":407,"angle":345,"type":"inverse"},{"time":407,"angle":360,"type":"inverse"},{"time":407,"angle":15,"type":"inverse"},{"time":407.5,"angle":300,"type":"inverse"},{"time":407.5,"angle":315,"type":"inverse"},{"time":407.5,"angle":330,"type":"inverse"},{"time":407.5,"angle":345,"type":"inverse"},{"time":407.5,"angle":0,"type":"inverse"},{"time":407.5,"angle":15,"type":"inverse"},{"time":407.5,"angle":30,"type":"inverse"},{"time":408,"angle":285,"type":"inverse"},{"time":408,"angle":300,"type":"inverse"},{"time":408,"angle":315,"type":"inverse"},{"time":408,"angle":330,"type":"inverse"},{"time":408,"angle":345,"type":"inverse"},{"time":408,"angle":345,"type":"inverse"},{"time":408,"angle":0,"type":"inverse"},{"time":408,"angle":15,"type":"inverse"},{"time":408,"angle":30,"type":"inverse"},{"time":408,"angle":45,"type":"inverse"},{"time":173.75,"angle":22.5,"type":"block"},{"time":174.75,"angle":22.5,"type":"block"},{"time":175.25,"angle":337.5,"type":"block"}]