[{"time":222,"type":"block","angle":360},{"time":222,"type":"block","angle":360},{"time":222,"type":"block","angle":360},{"time":222,"type":"block","angle":360},{"time":222,"type":"block","angle":360},{"time":222,"type":"block","angle":360},{"time":222,"type":"block","angle":360},{"time":222,"type":"block","angle":360},{"time":222,"type":"block","angle":360},{"time":222,"type":"block","angle":360},{"time":222,"type":"block","angle":360},{"time":222,"type":"block","angle":360},{"time":222,"type":"block","angle":360},{"time":222,"type":"block","angle":360},{"time":222,"type":"block","angle":360},{"time":222,"type":"block","angle":360},{"time":222,"type":"block","angle":360},{"time":222,"type":"block","angle":360},{"time":222,"type":"block","angle":360},{"time":222,"type":"block","angle":360},{"time":222,"type":"block","angle":360},{"time":222,"type":"block","angle":360},{"time":222,"type":"block","angle":360},{"time":222,"type":"block","angle":360},{"time":222,"type":"block","angle":360},{"time":222,"type":"block","angle":360},{"time":222,"type":"block","angle":360},{"time":222,"type":"block","angle":360},{"time":222,"type":"block","angle":360},{"time":222,"type":"block","angle":360},{"time":222,"type":"block","angle":360},{"time":222,"type":"block","angle":360},{"time":222,"type":"block","angle":360},{"time":222,"type":"block","angle":360},{"time":222,"type":"block","angle":360},{"time":222,"type":"block","angle":360},{"time":222,"type":"block","angle":360},{"time":222,"type":"block","angle":360},{"time":222,"type":"block","angle":360},{"time":222,"type":"block","angle":360},{"time":222,"type":"block","angle":360},{"time":222,"type":"block","angle":360},{"time":222,"type":"block","angle":360},{"time":222,"type":"block","angle":360},{"time":222,"type":"block","angle":360},{"time":222,"type":"block","angle":360},{"time":222,"type":"block","angle":360},{"time":222,"type":"block","angle":360},{"time":222,"type":"block","angle":360},{"time":222,"type":"block","angle":360},{"time":222,"type":"block","angle":360},{"time":222,"type":"block","angle":360},{"time":222,"type":"block","angle":360},{"time":222,"type":"block","angle":360},{"time":222,"type":"block","angle":360},{"time":222,"type":"block","angle":360},{"time":222,"type":"block","angle":360},{"time":222,"type":"block","angle":360},{"time":222,"type":"block","angle":360},{"time":222,"type":"block","angle":360},{"time":222,"type":"block","angle":360},{"time":222,"type":"block","angle":360},{"time":222,"type":"block","angle":360},{"time":222,"type":"block","angle":360},{"time":222,"type":"block","angle":360},{"time":222,"type":"block","angle":360},{"time":222,"type":"block","angle":360},{"time":222,"type":"block","angle":360},{"time":222,"type":"block","angle":360},{"time":222,"type":"block","angle":360},{"time":222,"type":"block","angle":360},{"time":222,"type":"block","angle":360},{"time":222,"type":"block","angle":360},{"time":222,"type":"block","angle":360},{"time":222,"type":"block","angle":360},{"time":222,"type":"block","angle":360},{"time":222,"type":"block","angle":360},{"time":222,"type":"block","angle":360},{"time":222,"type":"block","angle":360},{"time":222,"type":"block","angle":360},{"time":222,"type":"block","angle":360},{"time":222,"type":"block","angle":360},{"time":222,"type":"block","angle":360},{"time":222,"type":"block","angle":360},{"time":222,"type":"block","angle":360},{"time":222,"type":"block","angle":360},{"time":222,"type":"block","angle":360},{"time":222,"type":"block","angle":360},{"time":222,"type":"block","angle":360},{"time":222,"type":"block","angle":360},{"time":222,"type":"block","angle":360},{"time":222,"type":"block","angle":360},{"time":222,"type":"block","angle":360},{"time":222,"type":"block","angle":360},{"time":222,"type":"block","angle":360},{"time":222,"type":"block","angle":360},{"time":222,"type":"block","angle":360},{"time":222,"type":"block","angle":360},{"time":222,"type":"block","angle":360},{"time":222,"type":"block","angle":360},{"time":222,"type":"block","angle":360},{"time":222,"type":"block","angle":360},{"time":222,"type":"block","angle":360},{"time":222,"type":"block","angle":360},{"time":222,"type":"block","angle":360},{"time":222,"type":"block","angle":360},{"time":222,"type":"block","angle":360},{"time":222,"type":"block","angle":360},{"time":222,"type":"block","angle":360},{"time":222,"type":"block","angle":360},{"time":222,"type":"block","angle":360},{"time":222,"type":"block","angle":360},{"time":222,"type":"block","angle":360},{"time":222,"type":"block","angle":360},{"time":222,"type":"block","angle":360},{"time":222,"type":"block","angle":360},{"time":222,"type":"block","angle":360},{"time":222,"type":"block","angle":360},{"time":222,"type":"block","angle":360},{"time":222,"type":"block","angle":360},{"time":222,"type":"block","angle":360},{"time":222,"type":"block","angle":360},{"time":222,"type":"block","angle":360},{"time":222,"type":"block","angle":360},{"time":222,"type":"block","angle":360},{"time":222,"type":"block","angle":360},{"time":222,"type":"block","angle":360},{"time":222,"type":"block","angle":360},{"time":222,"type":"block","angle":360},{"time":222,"type":"block","angle":360},{"time":222,"type":"block","angle":360},{"time":222,"type":"block","angle":360},{"time":222,"type":"block","angle":360},{"time":222,"type":"block","angle":360},{"time":222,"type":"block","angle":360},{"time":222,"type":"block","angle":360},{"time":222,"type":"block","angle":360},{"time":222,"type":"block","angle":360},{"time":222,"type":"block","angle":360},{"time":222,"type":"block","angle":360},{"time":222,"type":"block","angle":360},{"time":222,"type":"block","angle":360},{"time":222,"type":"block","angle":360},{"time":222,"type":"block","angle":360},{"time":222,"type":"block","angle":360},{"time":222,"type":"block","angle":360},{"time":222,"type":"block","angle":360},{"time":222,"type":"block","angle":360},{"time":222,"type":"block","angle":360},{"time":222,"type":"block","angle":360},{"time":222,"type":"block","angle":360},{"time":222,"type":"block","angle":360},{"time":222,"type":"block","angle":360},{"time":222,"type":"block","angle":360},{"time":222,"type":"block","angle":360},{"time":222,"type":"block","angle":360},{"time":222,"type":"block","angle":360},{"time":222,"type":"block","angle":360},{"time":222,"type":"block","angle":360},{"time":222,"type":"block","angle":360},{"time":222,"type":"block","angle":360},{"time":222,"type":"block","angle":360},{"time":222,"type":"block","angle":360},{"time":222,"type":"block","angle":360},{"time":222,"type":"block","angle":360},{"time":222,"type":"block","angle":360},{"time":222,"type":"block","angle":360},{"time":222,"type":"block","angle":360},{"time":222,"type":"block","angle":360},{"time":222,"type":"block","angle":360},{"time":222,"type":"block","angle":360},{"time":222,"type":"block","angle":360},{"time":222,"type":"block","angle":360},{"time":222,"type":"block","angle":360},{"time":222,"type":"block","angle":360},{"time":222,"type":"block","angle":360},{"time":222,"type":"block","angle":360},{"time":222,"type":"block","angle":360},{"time":222,"type":"block","angle":360},{"time":222,"type":"block","angle":360},{"time":222,"type":"block","angle":360},{"time":222,"type":"block","angle":360},{"time":222,"type":"block","angle":360},{"time":222,"type":"block","angle":360},{"time":222,"type":"block","angle":360},{"time":222,"type":"block","angle":360},{"time":222,"type":"block","angle":360},{"time":222,"type":"block","angle":360},{"time":222,"type":"block","angle":360},{"time":222,"type":"block","angle":360},{"time":222,"type":"block","angle":360},{"time":222,"type":"block","angle":360},{"time":222,"type":"block","angle":360},{"time":222,"type":"block","angle":360},{"time":222,"type":"block","angle":360},{"time":222,"type":"block","angle":360},{"time":222,"type":"block","angle":360},{"time":222,"type":"block","angle":360},{"time":222,"type":"block","angle":360},{"time":222,"type":"block","angle":360},{"time":222,"type":"block","angle":360},{"time":222,"type":"block","angle":360},{"time":222,"type":"block","angle":360},{"time":222,"type":"block","angle":360},{"time":222,"type":"block","angle":360},{"time":222,"type":"block","angle":360},{"time":222,"type":"block","angle":360},{"time":222,"type":"block","angle":360},{"time":222,"type":"block","angle":360},{"time":222,"type":"block","angle":360},{"time":222,"type":"block","angle":360},{"time":222,"type":"block","angle":360},{"time":222,"type":"block","angle":360},{"time":222,"type":"block","angle":360},{"time":222,"type":"block","angle":360},{"time":222,"type":"block","angle":360},{"time":222,"type":"block","angle":360},{"time":222,"type":"block","angle":360},{"time":222,"type":"block","angle":360},{"time":222,"type":"block","angle":360},{"time":222,"type":"block","angle":360},{"time":222,"type":"block","angle":360},{"time":222,"type":"block","angle":360},{"time":222,"type":"block","angle":360},{"time":222,"type":"block","angle":360},{"time":222,"type":"block","angle":360},{"time":222,"type":"block","angle":360},{"time":222,"type":"block","angle":360},{"time":222,"type":"block","angle":360},{"time":222,"type":"block","angle":360},{"time":222,"type":"block","angle":360},{"time":222,"type":"block","angle":360},{"time":222,"type":"block","angle":360},{"time":222,"type":"block","angle":360},{"time":222,"type":"block","angle":360},{"time":222,"type":"block","angle":360},{"time":222,"type":"block","angle":360},{"time":222,"type":"block","angle":360},{"time":222,"type":"block","angle":360},{"time":222,"type":"block","angle":360}]