{"events":[{"type":"deco","angle":90,"drawLayer":"bg","id":"bg","x":0,"y":0,"sprite":"bg.png","time":-4},{"b":255,"type":"setColor","time":-4,"angle":292.5,"r":245,"color":2,"g":77},{"b":229,"type":"setColor","angle":303.75,"time":-4,"r":0,"color":3,"g":191},{"b":168,"type":"setColor","time":-4,"angle":315,"r":255,"color":4,"g":253},{"b":0,"type":"setColor","angle":326.25,"time":-4,"r":255,"color":5,"g":255},{"volume":1,"type":"play","file":"All The Times.ogg","angle":360,"offset":0.64899998903275,"bpm":90.5,"time":0},{"type":"setBPM","time":14,"bpm":145,"angle":360},{"type":"bookmark","angle":90,"description":"","g":0,"b":0,"r":0,"time":22,"name":"All the Times"},{"oy":75,"type":"deco","rotationinfluence":0,"x":0,"angle":78.75,"drawLayer":"bg","parentid":"@player","sx":3,"sy":3,"ox":100,"sprite":"window.png","id":"window","time":-4,"y":0,"order":1000},{"angle":180,"type":"ease","value":0.33300000429153,"ease":"inOutSine","time":78,"var":"p.drawScale","duration":6},{"type":"deco","angle":168.75,"sx":1,"sy":1,"duration":6,"id":"window","time":78,"ease":"inOutSine"},{"angle":0,"type":"ease","value":-1e+308,"ease":"inOutSine","time":2,"var":"scrollSpeed","duration":6},{"angle":180,"type":"ease","value":120,"ease":"inOutSine","time":82,"var":"p.y","duration":4},{"newWidth":50,"type":"paddles","paddle":1,"time":-4,"ease":"linear","angle":180,"duration":0},{"type":"bookmark","angle":0,"description":"","g":0,"b":0,"r":0,"time":78,"name":"Ease jumpscare"},{"type":"deco","oy":16,"y":-180,"angle":360,"sy":1.125,"rotationinfluence":0,"sx":1.125,"x":0,"ox":16,"sprite":"block#5","parentid":"@player","time":-4,"id":"block1_1"},{"type":"deco","oy":16,"y":-180,"angle":360,"sy":1.125,"rotationinfluence":0,"sx":1.125,"x":0,"ox":16,"sprite":"block#5","parentid":"@player","time":-4,"id":"block1_2"},{"type":"deco","oy":16,"y":-180,"angle":360,"sy":1.125,"rotationinfluence":0,"sx":1.125,"x":74.55844,"ox":16,"sprite":"block#5","parentid":"@player","time":-4,"id":"block2_1"},{"type":"deco","oy":16,"y":-180,"angle":360,"sy":1.125,"rotationinfluence":0,"sx":1.125,"x":74.55844,"ox":16,"sprite":"block#5","parentid":"@player","time":-4,"id":"block2_2"},{"type":"deco","oy":16,"y":-180,"angle":360,"sy":1.125,"rotationinfluence":0,"sx":1.125,"x":180,"ox":16,"sprite":"block#5","parentid":"@player","time":-4,"id":"block3_1"},{"type":"deco","oy":16,"y":-180,"angle":360,"sy":1.125,"rotationinfluence":0,"sx":1.125,"x":180,"ox":16,"sprite":"block#5","parentid":"@player","time":-4,"id":"block3_2"},{"type":"deco","oy":16,"y":-124.26407,"angle":360,"sy":1.125,"rotationinfluence":0,"sx":1.125,"x":300,"ox":16,"sprite":"block#5","parentid":"@player","time":-4,"id":"block4_1"},{"type":"deco","oy":16,"y":-124.26407,"angle":360,"sy":1.125,"rotationinfluence":0,"sx":1.125,"x":300,"ox":16,"sprite":"block#5","parentid":"@player","time":-4,"id":"block4_2"},{"type":"deco","oy":16,"y":0,"angle":360,"sy":1.125,"rotationinfluence":0,"sx":1.125,"x":300,"ox":16,"sprite":"block#5","parentid":"@player","time":-4,"id":"block5_1"},{"type":"deco","oy":16,"y":0,"angle":360,"sy":1.125,"rotationinfluence":0,"sx":1.125,"x":300,"ox":16,"sprite":"block#5","parentid":"@player","time":-4,"id":"block5_2"},{"type":"deco","oy":16,"y":124.26407,"angle":360,"sy":1.125,"rotationinfluence":0,"sx":1.125,"x":300,"ox":16,"sprite":"block#5","parentid":"@player","time":-4,"id":"block6_1"},{"type":"deco","oy":16,"y":124.26407,"angle":360,"sy":1.125,"rotationinfluence":0,"sx":1.125,"x":300,"ox":16,"sprite":"block#5","parentid":"@player","time":-4,"id":"block6_2"},{"type":"deco","oy":16,"y":180,"angle":360,"sy":1.125,"rotationinfluence":0,"sx":1.125,"x":180,"ox":16,"sprite":"block#5","parentid":"@player","time":-4,"id":"block7_1"},{"type":"deco","oy":16,"y":180,"angle":360,"sy":1.125,"rotationinfluence":0,"sx":1.125,"x":180,"ox":16,"sprite":"block#5","parentid":"@player","time":-4,"id":"block7_2"},{"type":"deco","oy":16,"y":180,"angle":360,"sy":1.125,"rotationinfluence":0,"sx":1.125,"x":74.55844,"ox":16,"sprite":"block#5","parentid":"@player","time":-4,"id":"block8_1"},{"type":"deco","oy":16,"y":180,"angle":360,"sy":1.125,"rotationinfluence":0,"sx":1.125,"x":74.55844,"ox":16,"sprite":"block#5","parentid":"@player","time":-4,"id":"block8_2"},{"type":"deco","oy":16,"y":180,"angle":360,"sy":1.125,"rotationinfluence":0,"sx":1.125,"x":0,"ox":16,"sprite":"block#5","parentid":"@player","time":-4,"id":"block9_1"},{"type":"deco","oy":16,"y":180,"angle":360,"sy":1.125,"rotationinfluence":0,"sx":1.125,"x":0,"ox":16,"sprite":"block#5","parentid":"@player","time":-4,"id":"block9_2"},{"type":"deco","oy":16,"y":180,"angle":360,"sy":1.125,"rotationinfluence":0,"sx":1.125,"x":-74.55844,"ox":16,"sprite":"block#5","parentid":"@player","time":-4,"id":"block10_1"},{"type":"deco","oy":16,"y":180,"angle":360,"sy":1.125,"rotationinfluence":0,"sx":1.125,"x":-74.55844,"ox":16,"sprite":"block#5","parentid":"@player","time":-4,"id":"block10_2"},{"type":"deco","oy":16,"y":180,"angle":360,"sy":1.125,"rotationinfluence":0,"sx":1.125,"x":-180,"ox":16,"sprite":"block#5","parentid":"@player","time":-4,"id":"block11_1"},{"type":"deco","oy":16,"y":180,"angle":360,"sy":1.125,"rotationinfluence":0,"sx":1.125,"x":-180,"ox":16,"sprite":"block#5","parentid":"@player","time":-4,"id":"block11_2"},{"type":"deco","oy":16,"y":124.26407,"angle":360,"sy":1.125,"rotationinfluence":0,"sx":1.125,"x":-300,"ox":16,"sprite":"block#5","parentid":"@player","time":-4,"id":"block12_1"},{"type":"deco","oy":16,"y":124.26407,"angle":360,"sy":1.125,"rotationinfluence":0,"sx":1.125,"x":-300,"ox":16,"sprite":"block#5","parentid":"@player","time":-4,"id":"block12_2"},{"type":"deco","oy":16,"y":0,"angle":360,"sy":1.125,"rotationinfluence":0,"sx":1.125,"x":-300,"ox":16,"sprite":"block#5","parentid":"@player","time":-4,"id":"block13_1"},{"type":"deco","oy":16,"y":0,"angle":360,"sy":1.125,"rotationinfluence":0,"sx":1.125,"x":-300,"ox":16,"sprite":"block#5","parentid":"@player","time":-4,"id":"block13_2"},{"type":"deco","oy":16,"y":-124.26407,"angle":360,"sy":1.125,"rotationinfluence":0,"sx":1.125,"x":-300,"ox":16,"sprite":"block#5","parentid":"@player","time":-4,"id":"block14_1"},{"type":"deco","oy":16,"y":-124.26407,"angle":360,"sy":1.125,"rotationinfluence":0,"sx":1.125,"x":-300,"ox":16,"sprite":"block#5","parentid":"@player","time":-4,"id":"block14_2"},{"type":"deco","oy":16,"y":-180,"angle":360,"sy":1.125,"rotationinfluence":0,"sx":1.125,"x":-180,"ox":16,"sprite":"block#5","parentid":"@player","time":-4,"id":"block15_1"},{"type":"deco","oy":16,"y":-180,"angle":360,"sy":1.125,"rotationinfluence":0,"sx":1.125,"x":-180,"ox":16,"sprite":"block#5","parentid":"@player","time":-4,"id":"block15_2"},{"type":"deco","oy":16,"y":-180,"angle":360,"sy":1.125,"rotationinfluence":0,"sx":1.125,"x":-74.55844,"ox":16,"sprite":"block#5","parentid":"@player","time":-4,"id":"block16_1"},{"type":"deco","oy":16,"y":-180,"angle":360,"sy":1.125,"rotationinfluence":0,"sx":1.125,"x":-74.55844,"ox":16,"sprite":"block#5","parentid":"@player","time":-4,"id":"block16_2"},{"type":"tag","tag":"hit1_1","time":29,"angleOffset":false,"angle":0},{"type":"tag","tag":"hit3_1","time":27.5,"angleOffset":false,"angle":45},{"type":"tag","tag":"hit4_1","time":27,"angleOffset":false,"angle":67.5},{"type":"tag","tag":"hit9_1","time":22,"angleOffset":false,"angle":180},{"type":"tag","tag":"hit8_1","time":23,"angleOffset":false,"angle":157.5},{"type":"tag","tag":"hit7_1","time":24,"angleOffset":false,"angle":135},{"type":"tag","tag":"hit6_1","time":25.5,"angleOffset":false,"angle":112.5},{"type":"tag","tag":"hit5_1","time":26,"angleOffset":false,"angle":90},{"type":"tag","tag":"hit2_1","time":28,"angleOffset":false,"angle":22.5},{"type":"ease","value":0,"time":2,"var":"vfx.noteXScale","angle":22.5},{"type":"ease","value":0,"time":2,"var":"vfx.noteYScale","angle":45},{"type":"tag","tag":"hit16_1","time":29.5,"angleOffset":false,"angle":337.5},{"type":"tag","tag":"hit15_1","time":30,"angleOffset":false,"angle":315},{"type":"tag","tag":"hit11_1","time":32,"angleOffset":false,"angle":225},{"type":"tag","tag":"hit7_1","time":34,"angleOffset":false,"angle":135},{"type":"tag","tag":"hit6_1","time":35.5,"angleOffset":false,"angle":112.5},{"type":"tag","tag":"hit5_1","time":36,"angleOffset":false,"angle":90},{"type":"tag","tag":"hit9_1","time":38,"angleOffset":false,"angle":180},{"type":"tag","tag":"hit10_1","time":39,"angleOffset":false,"angle":202.5},{"type":"tag","tag":"hit12_1","time":40,"angleOffset":false,"angle":247.5},{"type":"tag","tag":"hit13_1","time":40.5,"angleOffset":false,"angle":270},{"type":"tag","tag":"hit14_1","time":42,"angleOffset":false,"angle":292.5},{"type":"tag","tag":"hit15_1","time":43.5,"angleOffset":false,"angle":315},{"type":"tag","tag":"hit16_1","time":44,"angleOffset":false,"angle":337.5},{"type":"tag","tag":"hit3_1","time":46,"angleOffset":false,"angle":45},{"type":"tag","tag":"hit6_1","time":47,"angleOffset":false,"angle":112.5},{"type":"tag","tag":"hit7_1","time":48,"angleOffset":false,"angle":135},{"type":"tag","tag":"hit9_1","time":50,"angleOffset":false,"angle":180},{"type":"tag","tag":"hit10_1","time":51.5,"angleOffset":false,"angle":202.5},{"type":"tag","tag":"hit11_1","time":52,"angleOffset":false,"angle":225},{"type":"tag","tag":"hit13_1","time":53,"angleOffset":false,"angle":270},{"type":"tag","tag":"hit15_1","time":54,"angleOffset":false,"angle":315},{"type":"tag","tag":"hit1_1","time":55,"angleOffset":false,"angle":0},{"type":"tag","tag":"hit1_2","time":56,"angleOffset":false,"angle":0},{"type":"tag","tag":"hit3_1","time":56.5,"angleOffset":false,"angle":45},{"type":"tag","tag":"hit3_2","time":57.5,"angleOffset":false,"angle":45},{"type":"tag","tag":"hit5_1","time":58,"angleOffset":false,"angle":90},{"type":"tag","tag":"hit5_2","time":59,"angleOffset":false,"angle":90},{"type":"tag","tag":"hit2_1","time":59.5,"angleOffset":false,"angle":22.5},{"type":"tag","tag":"hit1_1","time":60,"angleOffset":false,"angle":0},{"type":"tag","tag":"hit15_1","time":61,"angleOffset":false,"angle":315},{"type":"tag","tag":"hit14_1","time":61.5,"angleOffset":false,"angle":292.5},{"type":"tag","tag":"hit13_1","time":62,"angleOffset":false,"angle":270},{"type":"tag","tag":"hit11_1","time":64,"angleOffset":false,"angle":225},{"type":"tag","tag":"hit8_1","time":66,"angleOffset":false,"angle":157.5},{"type":"tag","tag":"hit5_1","time":67.5,"angleOffset":false,"angle":90},{"type":"tag","tag":"hit4_1","time":68,"angleOffset":false,"angle":67.5},{"type":"tag","tag":"hit2_1","time":68.5,"angleOffset":false,"angle":22.5},{"type":"tag","tag":"hit1_1","time":69,"angleOffset":false,"angle":0},{"type":"tag","tag":"hit16_1","time":69.5,"angleOffset":false,"angle":337.5},{"type":"tag","tag":"hit15_1","time":70,"angleOffset":false,"angle":315},{"type":"tag","tag":"hit14_1","time":71,"angleOffset":false,"angle":292.5},{"type":"tag","tag":"hit13_1","time":72,"angleOffset":false,"angle":270},{"type":"tag","tag":"hit11_1","time":73,"angleOffset":false,"angle":225},{"type":"tag","tag":"hit12_1","time":73.5,"angleOffset":false,"angle":247.5},{"type":"tag","tag":"hit13_2","time":74,"angleOffset":false,"angle":270},{"type":"tag","tag":"hit14_1","time":75.5,"angleOffset":false,"angle":292.5},{"type":"tag","tag":"hit13_1","time":76,"angleOffset":false,"angle":270},{"type":"tag","tag":"hit15_1","time":77,"angleOffset":false,"angle":315},{"type":"tag","tag":"hit16_1","time":78,"angleOffset":false,"angle":337.5},{"type":"tag","tag":"hit1_1","time":79,"angleOffset":false,"angle":0},{"type":"tag","tag":"hit2_1","time":80,"angleOffset":false,"angle":22.5},{"type":"tag","tag":"shit3_1","time":83.5,"angleOffset":false,"angle":45},{"type":"tag","tag":"shit4_1","time":84,"angleOffset":false,"angle":67.5},{"type":"tag","tag":"shit5_1","time":85,"angleOffset":false,"angle":90},{"type":"tag","tag":"shit6_1","time":86,"angleOffset":false,"angle":112.5},{"type":"tag","tag":"shit7_1","time":87,"angleOffset":false,"angle":135},{"type":"tag","tag":"shit4_1","time":89,"angleOffset":false,"angle":67.5},{"type":"tag","tag":"shit3_1","time":89.5,"angleOffset":false,"angle":45},{"type":"tag","tag":"shit2_1","time":90,"angleOffset":false,"angle":22.5},{"type":"deco","angle":90,"sx":0.3333,"sy":0.3333,"duration":6,"id":"block1_1","time":78,"ease":"inOutSine"},{"type":"deco","angle":90,"sx":0.3333,"sy":0.3333,"duration":6,"id":"block1_2","time":78,"ease":"inOutSine"},{"type":"deco","angle":90,"sx":0.3333,"sy":0.3333,"duration":6,"id":"block2_1","time":78,"ease":"inOutSine"},{"type":"deco","angle":90,"sx":0.3333,"sy":0.3333,"duration":6,"id":"block2_2","time":78,"ease":"inOutSine"},{"type":"deco","angle":90,"sx":0.3333,"sy":0.3333,"duration":6,"id":"block3_1","time":78,"ease":"inOutSine"},{"type":"deco","angle":90,"sx":0.3333,"sy":0.3333,"duration":6,"id":"block3_2","time":78,"ease":"inOutSine"},{"type":"deco","angle":90,"sx":0.3333,"sy":0.3333,"duration":6,"id":"block4_1","time":78,"ease":"inOutSine"},{"type":"deco","angle":90,"sx":0.3333,"sy":0.3333,"duration":6,"id":"block4_2","time":78,"ease":"inOutSine"},{"type":"deco","angle":90,"sx":0.3333,"sy":0.3333,"duration":6,"id":"block5_1","time":78,"ease":"inOutSine"},{"type":"deco","angle":90,"sx":0.3333,"sy":0.3333,"duration":6,"id":"block5_2","time":78,"ease":"inOutSine"},{"type":"deco","angle":90,"sx":0.3333,"sy":0.3333,"duration":6,"id":"block6_1","time":78,"ease":"inOutSine"},{"type":"deco","angle":90,"sx":0.3333,"sy":0.3333,"duration":6,"id":"block6_2","time":78,"ease":"inOutSine"},{"type":"deco","angle":90,"sx":0.3333,"sy":0.3333,"duration":6,"id":"block7_1","time":78,"ease":"inOutSine"},{"type":"deco","angle":90,"sx":0.3333,"sy":0.3333,"duration":6,"id":"block7_2","time":78,"ease":"inOutSine"},{"type":"deco","angle":90,"sx":0.3333,"sy":0.3333,"duration":6,"id":"block8_1","time":78,"ease":"inOutSine"},{"type":"deco","angle":90,"sx":0.3333,"sy":0.3333,"duration":6,"id":"block8_2","time":78,"ease":"inOutSine"},{"type":"deco","angle":90,"sx":0.3333,"sy":0.3333,"duration":6,"id":"block9_1","time":78,"ease":"inOutSine"},{"type":"deco","angle":90,"sx":0.3333,"sy":0.3333,"duration":6,"id":"block9_2","time":78,"ease":"inOutSine"},{"type":"deco","angle":90,"sx":0.3333,"sy":0.3333,"duration":6,"id":"block10_1","time":78,"ease":"inOutSine"},{"type":"deco","angle":90,"sx":0.3333,"sy":0.3333,"duration":6,"id":"block10_2","time":78,"ease":"inOutSine"},{"type":"deco","angle":90,"sx":0.3333,"sy":0.3333,"duration":6,"id":"block11_1","time":78,"ease":"inOutSine"},{"type":"deco","angle":90,"sx":0.3333,"sy":0.3333,"duration":6,"id":"block11_2","time":78,"ease":"inOutSine"},{"type":"deco","angle":90,"sx":0.3333,"sy":0.3333,"duration":6,"id":"block12_1","time":78,"ease":"inOutSine"},{"type":"deco","angle":90,"sx":0.3333,"sy":0.3333,"duration":6,"id":"block12_2","time":78,"ease":"inOutSine"},{"type":"deco","angle":90,"sx":0.3333,"sy":0.3333,"duration":6,"id":"block13_1","time":78,"ease":"inOutSine"},{"type":"deco","angle":90,"sx":0.3333,"sy":0.3333,"duration":6,"id":"block13_2","time":78,"ease":"inOutSine"},{"type":"deco","angle":90,"sx":0.3333,"sy":0.3333,"duration":6,"id":"block14_1","time":78,"ease":"inOutSine"},{"type":"deco","angle":90,"sx":0.3333,"sy":0.3333,"duration":6,"id":"block14_2","time":78,"ease":"inOutSine"},{"type":"deco","angle":90,"sx":0.3333,"sy":0.3333,"duration":6,"id":"block15_1","time":78,"ease":"inOutSine"},{"type":"deco","angle":90,"sx":0.3333,"sy":0.3333,"duration":6,"id":"block15_2","time":78,"ease":"inOutSine"},{"type":"deco","angle":90,"sx":0.3333,"sy":0.3333,"duration":6,"id":"block16_1","time":78,"ease":"inOutSine"},{"type":"deco","angle":90,"sx":0.3333,"sy":0.3333,"duration":6,"id":"block16_2","time":78,"ease":"inOutSine"},{"type":"tag","tag":"shit5_2","time":88,"angleOffset":false,"angle":90},{"angle":180,"type":"ease","value":350,"ease":"outSine","time":86,"var":"p.x","duration":4},{"angle":157.5,"type":"ease","value":180,"ease":"inSine","time":86,"var":"p.y","duration":4},{"angle":180,"type":"ease","value":300,"ease":"inSine","time":90,"var":"p.x","duration":4},{"angle":157.5,"type":"ease","value":230,"ease":"outSine","time":90,"var":"p.y","duration":4},{"angle":180,"type":"ease","value":250,"ease":"outSine","time":94,"var":"p.x","duration":4},{"angle":157.5,"type":"ease","value":180,"ease":"inSine","time":94,"var":"p.y","duration":4},{"angle":157.5,"type":"ease","value":130,"ease":"outSine","time":98,"var":"p.y","duration":4},{"angle":180,"type":"ease","value":300,"ease":"inSine","time":98,"var":"p.x","duration":4},{"type":"tag","tag":"shit15_1","time":91.5,"angleOffset":false,"angle":315},{"type":"tag","tag":"shit14_1","time":92,"angleOffset":false,"angle":292.5},{"type":"tag","tag":"shit12_1","time":94,"angleOffset":false,"angle":247.5},{"type":"tag","tag":"shit10_1","time":94.5,"angleOffset":false,"angle":202.5},{"type":"tag","tag":"shit11_1","time":95,"angleOffset":false,"angle":225},{"type":"tag","tag":"shit10_2","time":95.5,"angleOffset":false,"angle":202.5},{"type":"tag","tag":"shit8_1","time":96,"angleOffset":false,"angle":157.5},{"type":"tag","tag":"shit6_1","time":96.5,"angleOffset":false,"angle":112.5},{"type":"tag","tag":"shit4_1","time":97,"angleOffset":false,"angle":67.5},{"type":"tag","tag":"shit2_1","time":97.5,"angleOffset":false,"angle":22.5},{"angle":180,"type":"ease","value":350,"ease":"outSine","time":102,"var":"p.x","duration":4},{"angle":157.5,"type":"ease","value":180,"ease":"inSine","time":102,"var":"p.y","duration":4},{"angle":180,"type":"ease","value":300,"ease":"inSine","time":106,"var":"p.x","duration":4},{"angle":157.5,"type":"ease","value":230,"ease":"outSine","time":106,"var":"p.y","duration":4},{"angle":180,"type":"ease","value":250,"ease":"outSine","time":110,"var":"p.x","duration":4},{"angle":157.5,"type":"ease","value":180,"ease":"inSine","time":110,"var":"p.y","duration":4},{"angle":157.5,"type":"ease","value":130,"ease":"outSine","time":114,"var":"p.y","duration":4},{"angle":180,"type":"ease","value":300,"ease":"inSine","time":114,"var":"p.x","duration":4},{"angle":180,"type":"ease","value":350,"ease":"outSine","time":118,"var":"p.x","duration":4},{"angle":157.5,"type":"ease","value":180,"ease":"inSine","time":118,"var":"p.y","duration":4},{"angle":180,"type":"ease","value":300,"ease":"inSine","time":122,"var":"p.x","duration":4},{"angle":157.5,"type":"ease","value":230,"ease":"outSine","time":122,"var":"p.y","duration":4},{"angle":180,"type":"ease","value":250,"ease":"outSine","time":126,"var":"p.x","duration":4},{"angle":157.5,"type":"ease","value":180,"ease":"inSine","time":126,"var":"p.y","duration":4},{"angle":157.5,"type":"ease","value":130,"ease":"outSine","time":130,"var":"p.y","duration":4},{"angle":180,"type":"ease","value":300,"ease":"inSine","time":130,"var":"p.x","duration":4},{"type":"tag","tag":"shit1_1","time":98,"angleOffset":false,"angle":0},{"type":"tag","tag":"shit14_1","time":99.5,"angleOffset":false,"angle":292.5},{"type":"tag","tag":"shit13_1","time":100,"angleOffset":false,"angle":270},{"type":"tag","tag":"shit12_1","time":100.5,"angleOffset":false,"angle":247.5},{"type":"tag","tag":"shit13_2","time":101,"angleOffset":false,"angle":270},{"type":"tag","tag":"shit14_2","time":101.5,"angleOffset":false,"angle":292.5},{"type":"tag","tag":"shit15_1","time":102,"angleOffset":false,"angle":315},{"type":"tag","tag":"shit1_1","time":103,"angleOffset":false,"angle":360},{"type":"tag","tag":"shit3_1","time":104,"angleOffset":false,"angle":67.5},{"type":"tag","tag":"shit4_1","time":104.5,"angleOffset":false,"angle":90},{"type":"tag","tag":"shit8_1","time":105.5,"angleOffset":false,"angle":157.5},{"type":"tag","tag":"shit7_1","time":106,"angleOffset":false,"angle":135},{"type":"tag","tag":"shit10_1","time":107.5,"angleOffset":false,"angle":202.5},{"type":"tag","tag":"shit11_1","time":108,"angleOffset":false,"angle":225},{"type":"tag","tag":"shit12_1","time":109.5,"angleOffset":false,"angle":270},{"type":"tag","tag":"shit14_1","time":110,"angleOffset":false,"angle":315},{"type":"tag","tag":"shit14_2","time":110.5,"angleOffset":false,"angle":315},{"type":"tag","tag":"shit13_1","time":111,"angleOffset":false,"angle":292.5},{"type":"tag","tag":"shit13_2","time":111.5,"angleOffset":false,"angle":292.5},{"type":"tag","tag":"shit1_1","time":112,"angleOffset":false,"angle":360},{"type":"tag","tag":"shit4_1","time":113,"angleOffset":false,"angle":67.5},{"type":"tag","tag":"shit5_1","time":113.5,"angleOffset":false,"angle":90},{"type":"tag","tag":"shit6_1","time":114,"angleOffset":false,"angle":112.5},{"type":"tag","tag":"shit9_1","time":115.5,"angleOffset":false,"angle":180},{"type":"tag","tag":"shit10_1","time":116,"angleOffset":false,"angle":202.5},{"type":"tag","tag":"shit13_1","time":118,"angleOffset":false,"angle":270},{"type":"tag","tag":"shit11_1","time":119,"angleOffset":false,"angle":225},{"type":"tag","tag":"shit9_1","time":120,"angleOffset":false,"angle":180},{"type":"tag","tag":"shit4_1","time":121.5,"angleOffset":false,"angle":67.5},{"type":"tag","tag":"shit3_1","time":122,"angleOffset":false,"angle":45},{"type":"tag","tag":"shit1_1","time":123.5,"angleOffset":false,"angle":360},{"type":"tag","tag":"shit16_1","time":124,"angleOffset":false,"angle":337.5},{"type":"tag","tag":"shit3_1","time":125.5,"angleOffset":false,"angle":45},{"type":"tag","tag":"shit4_1","time":126,"angleOffset":false,"angle":67.5},{"type":"tag","tag":"shit5_1","time":126.5,"angleOffset":false,"angle":90},{"type":"tag","tag":"shit6_1","time":127,"angleOffset":false,"angle":112.5},{"type":"tag","tag":"shit7_1","time":127.5,"angleOffset":false,"angle":135},{"type":"tag","tag":"shit8_1","time":128,"angleOffset":false,"angle":157.5},{"type":"tag","tag":"shit9_1","time":128.5,"angleOffset":false,"angle":180},{"type":"tag","tag":"shit10_1","time":129,"angleOffset":false,"angle":202.5},{"type":"tag","tag":"shit11_1","time":129.5,"angleOffset":false,"angle":225},{"type":"tag","tag":"shit12_1","time":130,"angleOffset":false,"angle":247.5},{"type":"tag","tag":"shit15_1","time":131.5,"angleOffset":false,"angle":315},{"type":"tag","tag":"shit16_1","time":132,"angleOffset":false,"angle":337.5},{"angle":191.25,"type":"ease","value":0.66659998893738,"ease":"inOutSine","time":78,"var":"p.lineWidth","duration":6},{"angle":180,"type":"ease","value":350,"ease":"outSine","time":134,"var":"p.x","duration":12},{"angle":157.5,"type":"ease","value":180,"ease":"inSine","time":134,"var":"p.y","duration":12},{"type":"tag","tag":"shit13_1","time":134,"angleOffset":false,"angle":270},{"type":"tag","tag":"shit9_1","time":135.5,"angleOffset":false,"angle":180},{"type":"tag","tag":"shit5_1","time":137,"angleOffset":false,"angle":90},{"type":"tag","tag":"shit1_1","time":138.5,"angleOffset":false,"angle":0},{"type":"tag","tag":"shit8_1","time":136,"angleOffset":false,"angle":157.5},{"type":"tag","tag":"shit2_1","time":138,"angleOffset":false,"angle":22.5},{"type":"tag","tag":"shit14_1","time":139.5,"angleOffset":false,"angle":292.5},{"type":"tag","tag":"shit13_1","time":140,"angleOffset":false,"angle":270},{"type":"tag","tag":"shit9_1","time":142,"angleOffset":false,"angle":180},{"type":"tag","tag":"shit7_1","time":143,"angleOffset":false,"angle":135},{"type":"tag","tag":"shit5_1","time":144,"angleOffset":false,"angle":90},{"type":"tag","tag":"shit4_1","time":144.5,"angleOffset":false,"angle":67.5},{"type":"tag","tag":"shit2_1","time":145.5,"angleOffset":false,"angle":22.5},{"angle":225,"type":"ease","value":-2.5,"ease":"outCirc","time":75,"var":"vfx.songNameY","duration":1},{"angle":225,"type":"ease","value":25,"ease":"outExpo","time":76,"var":"vfx.songNameY","duration":4},{"angle":202.5,"type":"ease","value":-2.5,"ease":"outCirc","time":75,"var":"vfx.difficultyY","duration":1},{"angle":202.5,"type":"ease","value":25,"ease":"outExpo","time":76,"var":"vfx.difficultyY","duration":4},{"angle":202.5,"type":"ease","value":3,"ease":"inOutSine","time":78,"var":"noteRadius","duration":6},{"angle":180,"type":"ease","value":350,"ease":"outSine","time":146.75,"var":"p.x","duration":0.25},{"angle":157.5,"type":"ease","value":180,"ease":"inSine","time":146.75,"var":"p.y","duration":0.25},{"angle":180,"type":"ease","value":300,"ease":"inSine","time":146,"var":"p.x","duration":0.25},{"angle":157.5,"type":"ease","value":230,"ease":"outSine","time":146,"var":"p.y","duration":0.25},{"angle":180,"type":"ease","value":250,"ease":"outSine","time":146.25,"var":"p.x","duration":0.25},{"angle":157.5,"type":"ease","value":180,"ease":"inSine","time":146.25,"var":"p.y","duration":0.25},{"angle":157.5,"type":"ease","value":130,"ease":"outSine","time":146.5,"var":"p.y","duration":0.25},{"angle":180,"type":"ease","value":300,"ease":"inSine","time":146.5,"var":"p.x","duration":0.25},{"angle":180,"type":"ease","value":350,"ease":"outSine","time":147.75,"var":"p.x","duration":0.25},{"angle":157.5,"type":"ease","value":180,"ease":"inSine","time":147.75,"var":"p.y","duration":0.25},{"angle":180,"type":"ease","value":300,"ease":"inSine","time":147,"var":"p.x","duration":0.25},{"angle":157.5,"type":"ease","value":230,"ease":"outSine","time":147,"var":"p.y","duration":0.25},{"angle":180,"type":"ease","value":250,"ease":"outSine","time":147.25,"var":"p.x","duration":0.25},{"angle":157.5,"type":"ease","value":180,"ease":"inSine","time":147.25,"var":"p.y","duration":0.25},{"angle":157.5,"type":"ease","value":130,"ease":"outSine","time":147.5,"var":"p.y","duration":0.25},{"angle":180,"type":"ease","value":300,"ease":"inSine","time":147.5,"var":"p.x","duration":0.25},{"type":"ease","value":100,"time":148,"var":"p.x","angle":225},{"type":"ease","value":75,"time":148,"var":"p.y","angle":202.5},{"type":"ease","value":500,"time":148.66667175293,"var":"p.x","angle":225},{"type":"ease","value":300,"time":149,"var":"p.y","angle":202.5},{"type":"ease","value":100,"time":149.5,"var":"p.x","angle":225},{"type":"ease","value":300,"time":150,"var":"p.x","angle":225},{"type":"ease","start":180,"angle":202.5,"duration":2,"value":190,"time":150,"var":"p.y","ease":"inOutSine"},{"type":"tag","tag":"wd_right","time":152,"angleOffset":false,"angle":180},{"type":"tag","tag":"wd_left","time":154,"angleOffset":false,"angle":180},{"type":"tag","tag":"wd_middle","time":156,"angleOffset":false,"angle":180},{"type":"tag","tag":"shit13_1","time":152,"angleOffset":false,"angle":270},{"type":"tag","tag":"shit14_1","time":153,"angleOffset":false,"angle":292.5},{"type":"tag","tag":"shit12_1","time":152.5,"angleOffset":false,"angle":247.5},{"type":"tag","tag":"shit13_2","time":153.5,"angleOffset":false,"angle":270},{"type":"tag","tag":"shit5_1","time":154,"angleOffset":false,"angle":90},{"type":"tag","tag":"shit6_1","time":155,"angleOffset":false,"angle":112.5},{"type":"tag","tag":"shit4_1","time":154.5,"angleOffset":false,"angle":67.5},{"type":"tag","tag":"shit5_2","time":155.5,"angleOffset":false,"angle":90},{"type":"tag","tag":"shit1_1","time":156,"angleOffset":false,"angle":0},{"type":"tag","tag":"shit2_1","time":156.5,"angleOffset":false,"angle":22.5},{"type":"tag","tag":"shit16_1","time":157,"angleOffset":false,"angle":337.5},{"type":"tag","tag":"shit1_2","time":157.5,"angleOffset":false,"angle":0},{"type":"ease","start":180,"angle":180,"duration":2,"value":170,"time":158,"var":"p.y","ease":"inOutSine"},{"type":"tag","tag":"wd_right","time":160,"angleOffset":false,"angle":180},{"type":"tag","tag":"wd_left","time":162,"angleOffset":false,"angle":180},{"type":"tag","tag":"wd_middle","time":164,"angleOffset":false,"angle":0},{"type":"tag","tag":"shit13_1","time":160,"angleOffset":false,"angle":270},{"type":"tag","tag":"shit14_1","time":160.5,"angleOffset":false,"angle":292.5},{"type":"tag","tag":"shit12_1","time":161,"angleOffset":false,"angle":247.5},{"type":"tag","tag":"shit13_2","time":161.5,"angleOffset":false,"angle":270},{"type":"tag","tag":"shit5_1","time":162,"angleOffset":false,"angle":90},{"type":"tag","tag":"shit6_1","time":162.5,"angleOffset":false,"angle":112.5},{"type":"tag","tag":"shit4_1","time":163,"angleOffset":false,"angle":67.5},{"type":"tag","tag":"shit5_2","time":163.5,"angleOffset":false,"angle":90},{"type":"bookmark","angle":0,"description":"","g":0,"b":0,"r":0,"time":152,"name":"Chorus 1"},{"type":"tag","tag":"shit9_1","time":164,"angleOffset":false,"angle":180},{"type":"tag","tag":"shit10_1","time":164.5,"angleOffset":false,"angle":202.5},{"type":"tag","tag":"shit8_1","time":165,"angleOffset":false,"angle":157.5},{"type":"tag","tag":"shit9_2","time":165.5,"angleOffset":false,"angle":180},{"angle":180,"type":"ease","value":180,"ease":"linear","time":165.89999389648,"var":"p.y","duration":0.10000000149012},{"angle":180,"type":"ease","value":175,"ease":"linear","time":166.69999694824,"var":"p.y","duration":0.10000000149012},{"angle":157.5,"type":"ease","value":135,"ease":"inExpo","time":166.89999389648,"var":"p.y","duration":0.10000000149012},{"angle":135,"type":"ease","value":180,"ease":"outCubic","time":167.10000610352,"var":"p.y","duration":0.5},{"type":"tag","tag":"shit1_1","time":167,"angleOffset":false,"angle":360},{"type":"tag","tag":"wd_right","time":168,"angleOffset":false,"angle":180},{"type":"tag","tag":"wd_left","time":170,"angleOffset":false,"angle":180},{"type":"tag","tag":"wd_middle","time":172,"angleOffset":false,"angle":180},{"type":"tag","tag":"shit14_1","time":168,"angleOffset":false,"angle":292.5},{"type":"tag","tag":"shit15_1","time":168.5,"angleOffset":false,"angle":315},{"type":"tag","tag":"shit13_1","time":169,"angleOffset":false,"angle":270},{"type":"tag","tag":"shit14_2","time":169.5,"angleOffset":false,"angle":292.5},{"type":"tag","tag":"shit6_1","time":170,"angleOffset":false,"angle":112.5},{"type":"tag","tag":"shit7_1","time":170.5,"angleOffset":false,"angle":135},{"type":"tag","tag":"shit5_1","time":171,"angleOffset":false,"angle":90},{"type":"tag","tag":"shit6_2","time":171.5,"angleOffset":false,"angle":112.5},{"type":"tag","tag":"shit1_1","time":172,"angleOffset":false,"angle":0},{"type":"tag","tag":"shit2_1","time":172.5,"angleOffset":false,"angle":22.5},{"type":"tag","tag":"shit3_1","time":173,"angleOffset":false,"angle":45},{"type":"tag","tag":"shit4_1","time":173.5,"angleOffset":false,"angle":67.5},{"newWidth":70,"type":"paddles","paddle":1,"time":148,"ease":"linear","angle":180,"duration":0},{"type":"tag","tag":"wd_right","time":176,"angleOffset":false,"angle":0},{"type":"ease","angle":157.5,"ease":"inQuad","duration":1,"value":540,"time":177.5,"var":"p.y","order":1},{"type":"tag","tag":"shit9_1","time":176,"angleOffset":false,"angle":180},{"type":"tag","tag":"shit11_1","time":176.5,"angleOffset":false,"angle":225},{"type":"tag","tag":"shit13_1","time":177,"angleOffset":false,"angle":270},{"type":"tag","tag":"shit15_1","time":177.5,"angleOffset":false,"angle":315},{"type":"ease","value":200,"time":179.5,"var":"p.x","angle":180},{"type":"tag","tag":"wd_left","time":180,"angleOffset":false,"angle":180},{"type":"ease","angle":180,"ease":"inQuad","duration":1,"value":540,"time":181.5,"var":"p.y","order":1},{"newWidth":360,"type":"paddles","paddle":1,"time":179.5,"ease":"linear","angle":157.5,"duration":0},{"type":"tag","tag":"shit1_1","time":180,"angleOffset":false,"angle":0},{"type":"tag","tag":"shit3_1","time":180.5,"angleOffset":false,"angle":45},{"type":"tag","tag":"shit5_1","time":181,"angleOffset":false,"angle":90},{"type":"tag","tag":"shit7_1","time":181.5,"angleOffset":false,"angle":135},{"type":"ease","value":300,"time":182.75,"var":"p.x","angle":180},{"angle":202.5,"type":"ease","value":180,"ease":"outBack","time":183,"var":"p.y","duration":1},{"newWidth":70,"type":"paddles","paddle":1,"time":182,"ease":"linear","angle":135,"duration":0},{"type":"tag","tag":"wd_right","time":184,"angleOffset":false,"angle":180},{"type":"tag","tag":"wd_left","time":186,"angleOffset":false,"angle":180},{"type":"tag","tag":"wd_middle","time":188,"angleOffset":false,"angle":180},{"type":"tag","tag":"shit13_1","time":184,"angleOffset":false,"angle":270},{"type":"tag","tag":"shit11_1","time":185,"angleOffset":false,"angle":225},{"type":"tag","tag":"shit12_1","time":184.5,"angleOffset":false,"angle":247.5},{"type":"tag","tag":"shit12_2","time":185.5,"angleOffset":false,"angle":247.5},{"type":"tag","tag":"shit5_1","time":186,"angleOffset":false,"angle":90},{"type":"tag","tag":"shit3_1","time":187,"angleOffset":false,"angle":45},{"type":"tag","tag":"shit4_1","time":186.5,"angleOffset":false,"angle":67.5},{"type":"tag","tag":"shit4_2","time":187.5,"angleOffset":false,"angle":67.5},{"type":"tag","tag":"shit16_1","time":188,"angleOffset":false,"angle":337.5},{"type":"tag","tag":"shit2_1","time":188.5,"angleOffset":false,"angle":22.5},{"type":"tag","tag":"shit16_2","time":189,"angleOffset":false,"angle":337.5},{"type":"tag","tag":"shit2_2","time":189.5,"angleOffset":false,"angle":22.5},{"type":"tag","tag":"wd_right","time":192,"angleOffset":false,"angle":180},{"type":"tag","tag":"wd_left","time":194,"angleOffset":false,"angle":180},{"type":"tag","tag":"wd_middle","time":196,"angleOffset":false,"angle":0},{"type":"tag","tag":"shit13_1","time":192,"angleOffset":false,"angle":270},{"type":"tag","tag":"shit14_1","time":192.5,"angleOffset":false,"angle":292.5},{"type":"tag","tag":"shit15_1","time":193,"angleOffset":false,"angle":315},{"type":"tag","tag":"shit16_1","time":193.5,"angleOffset":false,"angle":337.5},{"type":"tag","tag":"shit5_1","time":194,"angleOffset":false,"angle":90},{"type":"tag","tag":"shit6_1","time":194.5,"angleOffset":false,"angle":112.5},{"type":"tag","tag":"shit7_1","time":195,"angleOffset":false,"angle":135},{"type":"tag","tag":"shit8_1","time":195.5,"angleOffset":false,"angle":157.5},{"type":"tag","tag":"shit10_1","time":196,"angleOffset":false,"angle":202.5},{"type":"tag","tag":"shit9_1","time":196.5,"angleOffset":false,"angle":180},{"type":"tag","tag":"shit8_2","time":197,"angleOffset":false,"angle":157.5},{"type":"tag","tag":"shit9_2","time":197.5,"angleOffset":false,"angle":180},{"angle":180,"type":"ease","value":180,"ease":"linear","time":198,"var":"p.y","duration":0.10000000149012},{"type":"tag","tag":"wd_right","time":200,"angleOffset":false,"angle":180},{"type":"tag","tag":"wd_left","time":204,"angleOffset":false,"angle":180},{"type":"tag","tag":"shit13_1","time":200,"angleOffset":false,"angle":270},{"type":"tag","tag":"shit14_1","time":200.5,"angleOffset":false,"angle":292.5},{"type":"tag","tag":"shit15_1","time":201,"angleOffset":false,"angle":315},{"type":"tag","tag":"shit16_1","time":201.5,"angleOffset":false,"angle":337.5},{"angle":180,"type":"ease","value":180,"ease":"linear","time":189.89999389648,"var":"p.y","duration":0.10000000149012},{"angle":180,"type":"ease","value":175,"ease":"linear","time":190.69999694824,"var":"p.y","duration":0.10000000149012},{"angle":157.5,"type":"ease","value":135,"ease":"inExpo","time":190.89999389648,"var":"p.y","duration":0.10000000149012},{"angle":135,"type":"ease","value":180,"ease":"outCubic","time":191.10000610352,"var":"p.y","duration":0.5},{"type":"tag","tag":"shit9_1","time":191,"angleOffset":false,"angle":180},{"type":"bookmark","angle":0,"description":"","g":0,"b":0,"r":0,"time":184,"name":"Chorus 2"},{"type":"tag","tag":"shit5_1","time":199,"angleOffset":false,"angle":90},{"type":"tag","tag":"shit6_2","time":199,"angleOffset":false,"angle":112.5},{"type":"tag","tag":"shit2_1","time":199.5,"angleOffset":false,"angle":22.5},{"type":"tag","tag":"shit3_1","time":199.5,"angleOffset":false,"angle":45},{"sy":1.25,"type":"deco","time":199,"angle":180,"id":"window","sx":1.25},{"sy":1.5,"type":"deco","time":199.5,"angle":180,"id":"window","sx":1.5},{"type":"ease","angle":157.5,"ease":"inQuad","duration":1,"value":540,"time":201.5,"var":"p.y","order":1},{"type":"deco","angle":180,"sx":1,"sy":1,"duration":1,"id":"window","time":201.5,"ease":"inQuad"},{"type":"ease","value":300,"time":202.5,"var":"p.x","angle":202.5},{"angle":180,"type":"ease","value":180,"ease":"inQuad","time":202.5,"var":"p.y","duration":0.25},{"angle":157.5,"type":"deco","duration":1,"r":540,"time":202.5,"ease":"linear","id":"window"},{"type":"tag","tag":"shit5_1","time":204,"angleOffset":false,"angle":90},{"type":"tag","tag":"shit6_1","time":204.5,"angleOffset":false,"angle":112.5},{"type":"tag","tag":"shit7_1","time":205,"angleOffset":false,"angle":135},{"type":"tag","tag":"shit8_1","time":205.5,"angleOffset":false,"angle":157.5},{"angle":180,"type":"ease","value":300,"ease":"inQuad","time":205.5,"var":"p.x","duration":1},{"angle":202.5,"type":"ease","value":180,"ease":"inQuad","time":205.5,"var":"p.y","duration":1},{"sy":1.25,"type":"deco","angle":135,"sx":1.25,"r":0,"time":206.5,"id":"window"},{"type":"tag","tag":"shit13_1","time":206.5,"angleOffset":false,"angle":270},{"type":"tag","tag":"shit12_1","time":206.5,"angleOffset":false,"angle":247.5},{"type":"tag","tag":"shit13_2","time":207,"angleOffset":false,"angle":270},{"type":"tag","tag":"shit14_1","time":207,"angleOffset":false,"angle":292.5},{"sy":1,"type":"deco","time":207,"angle":135,"id":"window","sx":1},{"type":"tag","tag":"shit16_1","time":208,"angleOffset":false,"angle":337.5},{"type":"tag","tag":"shit1_1","time":208,"angleOffset":false,"angle":0},{"type":"tag","tag":"shit1_2","time":208.5,"angleOffset":false,"angle":360},{"type":"tag","tag":"shit2_1","time":208.5,"angleOffset":false,"angle":22.5},{"sy":1.25,"type":"deco","angle":135,"sx":1.25,"r":0,"time":208,"id":"window"},{"sy":1,"type":"deco","time":208.5,"angle":135,"id":"window","sx":1},{"type":"tag","tag":"shit5_1","time":209.5,"angleOffset":false,"angle":90},{"type":"tag","tag":"shit4_1","time":209.5,"angleOffset":false,"angle":67.5},{"type":"tag","tag":"shit5_2","time":210,"angleOffset":false,"angle":90},{"type":"tag","tag":"shit6_1","time":210,"angleOffset":false,"angle":112.5},{"type":"tag","tag":"shit9_1","time":211,"angleOffset":false,"angle":180},{"type":"tag","tag":"shit8_1","time":211,"angleOffset":false,"angle":157.5},{"type":"tag","tag":"shit10_1","time":211.5,"angleOffset":false,"angle":202.5},{"type":"tag","tag":"shit9_2","time":211.5,"angleOffset":false,"angle":180},{"type":"ease","value":1,"time":209.5,"var":"p.lineWidth","angle":157.5},{"type":"ease","value":0.66659998893738,"time":210,"var":"p.lineWidth","angle":157.5},{"sy":1.25,"type":"deco","angle":135,"sx":1.25,"r":0,"time":209.5,"id":"window"},{"sy":1,"type":"deco","time":210,"angle":135,"id":"window","sx":1},{"type":"ease","value":1,"time":211,"var":"p.lineWidth","angle":112.5},{"type":"ease","value":0.66659998893738,"time":211.5,"var":"p.lineWidth","angle":112.5},{"sy":1.25,"type":"deco","angle":135,"sx":1.25,"r":0,"time":211,"id":"window"},{"sy":1,"type":"deco","time":211.5,"angle":135,"id":"window","sx":1},{"type":"ease","value":0.5,"time":209.5,"var":"p.drawScale","angle":180},{"type":"ease","value":0.33329999446869,"time":210,"var":"p.drawScale","angle":180},{"type":"ease","value":0.5,"time":211,"var":"p.drawScale","angle":90},{"type":"ease","value":0.33333000540733,"time":211.5,"var":"p.drawScale","angle":90},{"type":"tag","tag":"shit12_1","time":212,"angleOffset":false,"angle":247.5},{"type":"tag","tag":"shit13_1","time":212.5,"angleOffset":false,"angle":270},{"type":"tag","tag":"shit14_1","time":213,"angleOffset":false,"angle":292.5},{"type":"tag","tag":"shit13_2","time":213.25,"angleOffset":false,"angle":270},{"type":"tag","tag":"shit12_2","time":213.5,"angleOffset":false,"angle":247.5},{"type":"tag","tag":"shit11_1","time":213.75,"angleOffset":false,"angle":225},{"time":214,"type":"showResults","angle":180},{"angle":22.5,"type":"ease","value":0,"ease":"inOutSine","time":1,"var":"p.drawScale","duration":8},{"x":-600,"type":"deco","sprite":"boss.png","y":0,"angle":202.5,"time":-4,"id":"boss"},{"x":600,"type":"deco","sprite":"stage.png","y":0,"angle":225,"time":-4,"id":"stage"},{"x":0,"type":"deco","angle":270,"duration":3.3329999446869,"time":9,"ease":"inOutSine","id":"boss"},{"x":0,"type":"deco","angle":247.5,"duration":3.333300113678,"time":9,"ease":"inOutSine","id":"stage"},{"x":600,"type":"deco","time":13,"angle":270,"duration":0.5,"id":"boss"},{"x":-600,"type":"deco","time":13,"angle":247.5,"duration":0.5,"id":"stage"},{"angle":180,"type":"ease","value":1,"ease":"inOutSine","time":14,"var":"p.drawScale","duration":2.5},{"type":"deco","angle":180,"sx":1.25,"id":"window","sy":1.25,"duration":1,"r":20,"ease":"outExpo","time":212},{"type":"deco","angle":180,"sx":3,"id":"window","sy":3,"duration":1.5,"r":-1440,"ease":"linear","time":212.5},{"newWidth":120,"type":"paddles","paddle":1,"time":176,"ease":"linear","angle":157.5,"duration":0}],"properties":{"speed":70,"loadBeat":-4,"startingBeat":-0.25,"formatversion":13,"offset":4},"metadata":{"artist":"fizzd ft. foxi and Dianna","charter":"Mysthaps","bgData":{"cyanChannel":{"b":255,"r":0,"g":255},"redChannel":{"b":255,"r":245,"g":77},"image":"bg.png","blueChannel":{"b":229,"r":0,"g":191},"greenChannel":{"b":168,"r":255,"g":253},"yellowChannel":{"b":0,"r":255,"g":255},"magentaChannel":{"b":255,"r":255,"g":0}},"artistLink":"https://www.youtube.com/@7thBeatGames","songName":"All the Times (Short)","description":"powered by tags and dreams","difficulty":2,"bg":true}}