{"properties":{"formatversion":13,"speed":70,"loadBeat":-1,"offset":8},"metadata":{"description":"Wow! You just got gnomed!\n\n","artistLink":"","songName":"youve been gnomed.wmv","artist":"NogginClontith.co.uk","charter":"Random22","bg":true,"difficulty":1,"bgData":{"redChannel":{"r":197,"g":39,"b":25},"blueChannel":{"r":23,"g":18,"b":156},"greenChannel":{"r":127,"g":128,"b":148},"yellowChannel":{"r":210,"g":155,"b":150},"magentaChannel":{"r":214,"g":127,"b":100},"cyanChannel":{"r":146,"g":115,"b":142},"image":"THUMB.png"}},"events":[{"bpm":170,"file":"youve been gnomed.ogg","type":"play","volume":1,"time":0,"angle":360},{"r":197,"color":2,"g":39,"type":"setColor","angle":360,"time":-1,"b":25},{"r":23,"color":3,"g":18,"type":"setColor","angle":22.5,"time":-1,"b":156},{"r":127,"color":4,"g":128,"type":"setColor","angle":45,"time":-1,"b":148},{"r":210,"color":5,"g":155,"type":"setColor","angle":67.5,"time":-1,"b":150},{"r":214,"color":6,"g":127,"type":"setColor","b":100,"time":-1,"angle":90},{"r":146,"color":7,"g":115,"type":"setColor","angle":112.5,"time":-1,"b":142},{"sprite":"1.png","id":"GNOME","time":-1,"angle":315,"x":0,"y":0,"type":"deco","drawLayer":"bg"},{"sprite":"2.png","type":"deco","id":"GNOME","time":-0.081700094044209,"angle":292.5},{"sprite":"3.png","id":"GNOME","time":1.7726471424103,"angle":292.5,"x":0,"y":0,"type":"deco","drawLayer":"bg"},{"sprite":"4.png","id":"GNOME","time":2.4342815876007,"angle":292.5,"x":0,"y":0,"type":"deco","drawLayer":"bg"},{"sprite":"5.png","id":"GNOME","time":3.0488500595093,"angle":292.5,"x":0,"y":0,"type":"deco","drawLayer":"bg"},{"sprite":"4.png","id":"GNOME","time":5.2522602081299,"angle":292.5,"x":0,"y":0,"type":"deco","drawLayer":"bg"},{"color":0,"enable":true,"type":"outline","time":-1,"angle":270},{"sprite":"GNOMED@5","type":"deco","id":"GNOME","time":11,"angle":315},{"hide":true,"type":"deco","id":"GNOME","time":43.5,"angle":315},{"color":2,"type":"setBgColor","time":43.5,"angle":337.5},{"r":0,"color":2,"g":0,"type":"setColor","b":0,"time":43.5,"angle":360},{"sprite":"1.png","type":"deco","id":"GNOME","time":10,"angle":315},{"r":126,"color":4,"g":129,"type":"setColor","b":122,"time":11,"angle":45},{"r":126,"color":5,"g":129,"type":"setColor","b":140,"time":11,"angle":67.5},{"r":182,"color":6,"g":122,"type":"setColor","b":137,"time":11,"angle":90},{"r":230,"color":7,"g":136,"type":"setColor","angle":112.5,"time":11,"b":118},{"type":"showResults","time":43.5,"angle":292.5}]}