{"metadata":{"songName":"Suisei Hathaway Talalala","description":"Suisei Talalala ai cover","artistLink":"https://www.youtube.com/watch?v=2flZ3BiUm_E","bg":true,"bgData":{"yellowChannel":{"r":182,"g":125,"b":118},"magentaChannel":{"r":228,"g":177,"b":60},"cyanChannel":{"r":154,"g":113,"b":91},"image":"bg.png","redChannel":{"r":84,"g":85,"b":151},"blueChannel":{"r":202,"g":202,"b":235},"greenChannel":{"r":58,"g":38,"b":85}},"charter":"Charter","artist":"Suisei Ai","difficulty":4},"events":[{"time":-1,"file":"tralala.ogg","volume":1,"type":"play","bpm":104,"angle":292.5},{"time":40.5,"type":"showResults","angle":0}],"properties":{"speed":70,"formatversion":13,"startingBeat":-3,"offset":8}}