[{"duration":2,"angle2":180,"speedMult":2,"time":-0.80000001192093,"type":"hold","holdEase":"inBack","angle":0},{"time":1.2000000476837,"angle":180,"type":"extraTap","speedMult":2},{"time":1.5,"angle":225,"type":"block","speedMult":2},{"time":1.7000000476837,"angle":135,"type":"side","speedMult":2},{"time":2.5,"angle":180,"type":"block","tap":true,"speedMult":2},{"time":2.7999999523163,"angle":180,"type":"block","tap":true,"speedMult":2},{"time":3.2999999523163,"angle":225,"type":"block","tap":true,"speedMult":2},{"time":2.2000000476837,"angle":180,"type":"block","tap":true,"speedMult":2},{"time":3.7000000476837,"angle":135,"type":"block","tap":true,"speedMult":2},{"time":4.3000001907349,"angle":180,"type":"block","tap":true,"speedMult":2},{"time":4.6999998092651,"angle":180,"type":"block","tap":true,"speedMult":2},{"duration":1,"angle2":270,"time":5.1999998092651,"endTap":true,"type":"hold","angle":180,"speedMult":2},{"time":6.1999998092651,"speedMult":2,"duration":2.4670000076294,"type":"hold","angle":270,"angle2":-45},{"time":10.25,"speedMult":2.5,"type":"block","tap":true,"angle":135},{"time":9.1999998092651,"angle":315,"type":"block","tap":true,"speedMult":2.5},{"time":9.75,"speedMult":2.5,"type":"block","tap":true,"angle":292.5},{"time":9.9499998092651,"speedMult":2.5,"type":"block","tap":true,"angle":292.5},{"time":10.449999809265,"speedMult":2.5,"type":"block","tap":true,"angle":135},{"time":10.75,"speedMult":2.5,"type":"block","tap":true,"angle":67.5},{"time":10.949999809265,"speedMult":2.5,"type":"block","tap":true,"angle":67.5},{"duration":0.60000002384186,"type":"hold","angle":22.5,"time":11.199999809265,"speedMult":2.5,"endTap":true,"holdEase":"inQuad","angle2":45},{"duration":0.5,"speedMult":2.5,"time":11.800000190735,"type":"hold","angle":45,"angle2":-45},{"time":12.300000190735,"type":"hold","angle":-45,"duration":0.40000000596046,"speedMult":2.5,"startTap":true,"endTap":true,"angle2":0},{"time":13.199999809265,"type":"hold","angle":0,"duration":1,"speedMult":2.5,"startTap":true,"endTap":true,"angle2":45},{"time":14.199999809265,"speedMult":2.5,"angle2":90,"endTap":true,"type":"hold","duration":0.60000002384186,"angle":45},{"duration":0.20000000298023,"speedMult":2.5,"time":14.800000190735,"type":"hold","angle":90,"angle2":67.5},{"duration":1,"type":"hold","angle":67.5,"time":15,"speedMult":2.5,"startTap":true,"endTap":true,"holdEase":"inBack","angle2":0},{"time":16.666666030884,"speedMult":2.5,"type":"extraTap","angle":0},{"time":16.666666030884,"angle":0,"type":"block","tap":true,"speedMult":2.5},{"time":17.27499961853,"angle":0,"type":"block","tap":true,"speedMult":2.5},{"time":17.670000076294,"angle":-30,"type":"block","tap":true,"speedMult":2.5},{"time":17.450000762939,"angle":-15,"type":"block","tap":true,"speedMult":2.5},{"duration":0.60000002384186,"angle2":270,"time":18.200000762939,"endTap":true,"type":"hold","angle":315,"speedMult":2.5},{"duration":0,"speedMult":2.5,"time":18.309999465942,"type":"hold","angle":306.86990356445,"angle2":306.86990356445},{"duration":0,"speedMult":2.5,"time":18.381460189819,"type":"hold","angle":301.70782470703,"angle2":301.70782470703},{"duration":0,"speedMult":2.5,"time":18.446611404419,"type":"hold","angle":296.90609741211,"angle2":296.90609741211},{"time":19,"angle":247.5,"type":"block","tap":true,"speedMult":2.5},{"time":19.200000762939,"angle":202.5,"type":"block","tap":true,"speedMult":2.5},{"time":19.64999961853,"angle":270,"type":"block","tap":true,"speedMult":2.5},{"time":20.333333969116,"type":"hold","angle":270,"duration":0.5,"speedMult":2.5,"startTap":true,"endTap":true,"angle2":290},{"time":21.299999237061,"type":"hold","angle":290,"duration":0.5,"speedMult":2.5,"startTap":true,"endTap":true,"angle2":180},{"duration":0.5,"speedMult":2.5,"time":21.799999237061,"endTap":true,"type":"hold","angle":180,"angle2":210},{"time":22.299999237061,"type":"hold","angle":210,"duration":1.5,"speedMult":2.5,"startTap":true,"endTap":true,"angle2":90},{"time":24.75,"angle":-45,"type":"block","tap":true,"speedMult":2.5},{"time":25.166666030884,"angle":150,"type":"block","tap":true,"speedMult":2.5},{"time":24.333333969116,"angle":45,"type":"block","tap":true,"speedMult":2.5},{"time":26.166666030884,"angle":225,"type":"block","tap":true,"speedMult":2.5},{"time":26.700000762939,"angle":270,"type":"block","tap":true,"speedMult":2.5},{"time":27.299999237061,"type":"hold","angle":90,"duration":0.5,"speedMult":2.5,"startTap":true,"endTap":true,"angle2":90},{"time":25.666666030884,"angle":45,"type":"block","tap":true,"speedMult":2.5},{"time":28.25,"speedMult":2.5,"type":"block","angle":90},{"time":28.666666030884,"speedMult":2.5,"type":"block","angle":90},{"time":29.299999237061,"type":"hold","angle":90,"duration":3,"speedMult":2.5,"startTap":true,"endTap":true,"angle2":450},{"duration":0,"type":"hold","angle":205.45513916016,"time":30.269826889038,"speedMult":2.5,"startTap":true,"endTap":true,"angle2":205.45513916016},{"time":31.265815734863,"type":"hold","angle":326.13162231445,"duration":0,"speedMult":2.5,"startTap":true,"endTap":true,"angle2":326.13162231445},{"time":33.75,"angle":180,"type":"block","tap":true,"speedMult":2.5},{"time":32.75,"angle":114.5,"type":"block","tap":true,"speedMult":2.5},{"time":33.25,"angle":-22.5,"type":"block","tap":true,"speedMult":2.5},{"time":34.25,"angle":90,"type":"block","tap":true,"speedMult":2.5},{"time":34.75,"angle":270,"type":"block","tap":true,"speedMult":2.5},{"time":35.25,"type":"hold","angle":90,"duration":1.25,"speedMult":2.5,"startTap":true,"endTap":true,"angle2":90},{"time":38.349998474121,"speedMult":2.5,"type":"extraTap","angle":0},{"time":30.697561264038,"type":"hold","angle":257.2487487793,"duration":0,"speedMult":2.5,"startTap":true,"endTap":true,"angle2":257.2487487793},{"time":36.25,"type":"hold","angle":90,"duration":0,"speedMult":2.5,"startTap":true,"endTap":true,"angle2":90},{"duration":0,"angle2":90,"time":35.5,"endTap":true,"type":"hold","angle":90,"speedMult":2.5},{"time":35.5,"speedMult":2.5,"type":"extraTap","angle":90},{"time":36.5,"speedMult":2.5,"type":"extraTap","angle":90},{"time":36.5,"speedMult":2.5,"angle2":0,"endTap":true,"type":"hold","duration":1.8500000238419,"angle":90}]