{"properties":{"offset":8,"speed":70,"formatversion":13},"metadata":{"bg":true,"artistLink":"https://open.spotify.com/track/4cCqICfmKHFWq6MVyJN2kf?si=17a8a9014bbd42c0","description":"No borders\n\nMade for:\n- Sightread lovers","bgData":{"magentaChannel":{"b":255,"g":255,"r":255},"cyanChannel":{"b":255,"g":255,"r":255},"image":"bg.png","redChannel":{"b":0,"g":0,"r":255},"blueChannel":{"b":255,"g":0,"r":0},"greenChannel":{"b":0,"g":0,"r":134},"yellowChannel":{"b":255,"g":255,"r":255}},"difficulty":6,"artist":"Camellia","charter":"Ratøri","songName":"(The) Red * Room (no borders)"},"events":[{"angle":270,"type":"play","volume":1,"bpm":136,"time":1.25,"file":"1.ogg","offset":0.0099999997764826},{"value":10000000000,"type":"ease","var":"extraHoldLeniency","time":-8,"angle":270},{"value":0.75,"type":"ease","var":"scrollSpeed","time":-8,"angle":247.5},{"value":0.5,"type":"ease","var":"scrollSpeed","time":18,"duration":2.5,"angle":213.75},{"ease":"inSine","type":"ease","var":"scrollSpeed","time":20.75,"duration":0.25,"angle":213.75,"value":0.75},{"ease":"inCubic","type":"ease","var":"scrollSpeed","time":34.125,"duration":1.875,"angle":348.75,"value":1.1000000238419},{"ease":"inCubic","type":"ease","var":"scrollSpeed","time":66.125,"duration":5.875,"angle":33.75,"value":3},{"ease":"outSine","type":"ease","var":"scrollSpeed","time":73,"duration":0.5,"angle":337.5,"value":1.25},{"value":2,"type":"ease","var":"scrollSpeed","time":79.5,"angle":292.5},{"value":1.25,"type":"ease","var":"scrollSpeed","time":81,"angle":56.25},{"value":2,"type":"ease","var":"scrollSpeed","time":87.625,"angle":326.25},{"value":1,"type":"ease","var":"scrollSpeed","time":89.125,"duration":8,"angle":258.75},{"value":1.125,"type":"ease","var":"scrollSpeed","time":97.125,"angle":236.25},{"value":1.25,"type":"ease","var":"scrollSpeed","time":98.125,"angle":236.25},{"value":1.375,"type":"ease","var":"scrollSpeed","time":99.125,"angle":236.25},{"value":1.5,"type":"ease","var":"scrollSpeed","time":100.125,"angle":236.25},{"ease":"outQuint","type":"ease","var":"scrollSpeed","time":105,"duration":1,"angle":326.25,"value":0.5},{"ease":"inSine","type":"ease","var":"scrollSpeed","time":110,"duration":3,"angle":292.5,"value":2},{"ease":"outQuint","type":"ease","var":"scrollSpeed","time":140.625,"duration":1,"angle":213.75,"value":0.5},{"ease":"inSine","type":"ease","var":"scrollSpeed","time":142,"duration":3,"angle":236.25,"value":1.75},{"value":1.5,"type":"ease","var":"scrollSpeed","time":145,"angle":270},{"value":1.25,"type":"ease","var":"scrollSpeed","time":145.5,"angle":78.75},{"value":2,"type":"ease","var":"scrollSpeed","time":146,"angle":157.5},{"value":1.75,"type":"ease","var":"scrollSpeed","time":169.5,"angle":326.25},{"value":1.5,"type":"ease","var":"scrollSpeed","time":170,"angle":326.25},{"value":1.25,"type":"ease","var":"scrollSpeed","time":170.5,"angle":326.25},{"value":1,"type":"ease","var":"scrollSpeed","time":171,"angle":326.25},{"value":0.75,"type":"ease","var":"scrollSpeed","time":172,"duration":3,"angle":337.5},{"value":2,"type":"ease","var":"scrollSpeed","time":176,"duration":4,"angle":281.25},{"value":1,"type":"ease","var":"scrollSpeed","time":180,"angle":315},{"value":1,"type":"ease","var":"scrollSpeed","time":180.5,"angle":303.75},{"angle":225,"type":"setColor","g":0,"r":0,"time":-8,"b":0,"color":0},{"angle":202.5,"type":"setColor","g":0,"r":0,"time":-8,"b":0,"color":1},{"angle":180,"type":"noise","color":2,"time":-8,"chance":0},{"type":"setColor","g":94,"r":94,"angle":247.5,"color":1,"time":-4,"b":94,"duration":7},{"value":0.0099999997764826,"type":"ease","var":"vfx.bgNoise","angle":292.5,"time":4,"duration":1,"ease":"inSine","order":1},{"type":"setColor","g":94,"r":94,"angle":315,"color":4,"time":4,"b":94,"duration":1,"ease":"inSine"},{"angle":157.5,"type":"setColor","g":0,"r":0,"time":-8,"b":0,"color":2},{"value":3,"type":"ease","var":"p.fillColor","time":-8,"angle":135},{"angle":326.25,"type":"setColor","g":0,"r":35,"time":33.5,"b":0,"color":4},{"type":"setColor","g":0,"r":255,"angle":315,"color":1,"time":34.125,"b":0,"duration":1.875},{"voidColor":4,"type":"setBgColor","color":4,"time":-8,"angle":112.5},{"type":"setColor","g":49,"r":49,"angle":202.5,"color":4,"time":18,"b":49,"duration":1.75},{"type":"setColor","g":94,"r":94,"angle":202.5,"color":4,"time":20.75,"b":94,"duration":0.25,"ease":"inSine"},{"id":"brdr3","type":"deco","drawLayer":"fg","sprite":"brdr.png","time":-8,"oy":50,"sy":3,"recolor":2,"angle":45,"r":90,"drawOrder":0,"x":750,"y":180,"ox":300},{"id":"brdr4","type":"deco","drawLayer":"fg","sprite":"brdr.png","time":-8,"oy":50,"sy":3,"recolor":2,"angle":22.5,"r":90,"drawOrder":0,"x":-150,"y":180,"ox":300},{"id":"brdr3","type":"deco","ky":0.10000000149012,"angle":382.5,"time":2.25,"x":700,"ease":"inExpo","duration":3},{"id":"brdr4","type":"deco","ky":0.10000000149012,"ease":"inExpo","time":2.25,"duration":3,"angle":405,"x":-100},{"angle":348.75,"type":"deco","ky":-0.10000000149012,"time":5,"duration":6,"id":"brdr3","ease":"inOutSine"},{"angle":371.25,"type":"deco","ky":-0.10000000149012,"time":5,"duration":6,"id":"brdr4","ease":"inOutSine"},{"angle":348.75,"type":"deco","ky":0.10000000149012,"time":11,"duration":7,"ease":"inOutSine","id":"brdr3"},{"angle":371.25,"type":"deco","ky":0.10000000149012,"time":11,"duration":7,"id":"brdr4","ease":"inOutSine"},{"type":"setColor","g":34,"r":34,"angle":168.75,"color":1,"time":18,"b":34,"duration":1.75},{"type":"setColor","g":94,"r":94,"angle":191.25,"color":1,"time":20.75,"b":94,"duration":0.25},{"angle":382.5,"type":"deco","ky":-0.10000000149012,"time":17,"duration":6,"id":"brdr3","ease":"inOutSine"},{"angle":405,"type":"deco","ky":-0.10000000149012,"time":17,"duration":6,"id":"brdr4","ease":"inOutSine"},{"angle":382.5,"type":"deco","ky":0.10000000149012,"time":23,"duration":6,"ease":"inOutSine","id":"brdr3"},{"angle":405,"type":"deco","ky":0.10000000149012,"time":23,"duration":6,"ease":"inOutSine","id":"brdr4"},{"id":"brdr4","type":"deco","time":18,"duration":1.75,"x":-50,"angle":382.5},{"id":"brdr3","type":"deco","time":18,"duration":1.75,"x":650,"angle":405},{"angle":348.75,"type":"deco","ky":0,"time":29,"duration":6,"ease":"inOutSine","id":"brdr3"},{"id":"brdr4","type":"deco","ky":0,"time":29,"duration":6,"ease":"inOutSine","angle":371.25},{"angle":180,"type":"deco","ease":"inSine","time":20.75,"x":-100,"duration":0.5,"id":"brdr4"},{"angle":168.75,"type":"deco","ease":"inSine","time":20.75,"x":700,"duration":0.5,"id":"brdr3"},{"id":"brdr4","type":"deco","drawLayer":"bg","sy":3.5,"ease":"inSine","time":32,"x":150,"angle":303.75,"duration":1.5},{"id":"brdr3","type":"deco","drawLayer":"bg","sy":3.5,"ease":"inSine","time":32,"x":450,"angle":292.5,"duration":1.5},{"id":"brdr3","type":"deco","drawLayer":"fg","sy":3.5,"ease":"outCubic","time":60.75,"x":625,"angle":56.25,"duration":0.75},{"id":"brdr4","type":"deco","drawLayer":"fg","sy":3.5,"ease":"outCubic","time":60.75,"x":-25,"angle":45,"duration":0.75},{"time":196,"type":"showResults","angle":180},{"value":1.25,"type":"ease","var":"vfx.canvPos.sx","time":-4,"start":2,"duration":7,"angle":258.75},{"value":1.25,"type":"ease","var":"vfx.canvPos.sy","time":-4,"start":2,"duration":7,"angle":236.25},{"value":1,"type":"ease","var":"vfx.canvPos.sx","time":5,"duration":29.25,"angle":225},{"value":1,"type":"ease","var":"vfx.canvPos.sy","time":5,"duration":29.25,"angle":213.75},{"id":"brdr4","type":"deco","sy":3,"ease":"inSine","time":34.125,"duration":5,"angle":281.25,"x":-150},{"id":"brdr3","type":"deco","sy":3,"ease":"inSine","time":34.125,"duration":5,"angle":270,"x":750},{"id":"brdr3","type":"deco","angle":56.25,"x":575,"time":61.5,"duration":0.5,"ease":"outCubic","order":0},{"id":"brdr4","type":"deco","drawLayer":"fg","ease":"outCubic","x":25,"time":62.625,"duration":0.5,"angle":45,"order":0},{"id":"brdr3","type":"deco","drawLayer":"fg","ease":"inSine","time":64.75,"duration":3.125,"angle":56.25,"x":775},{"id":"brdr4","type":"deco","drawLayer":"fg","ease":"inSine","time":64.75,"duration":3.125,"angle":45,"x":-175},{"id":"brdr4","type":"deco","drawLayer":"bg","ease":"outSine","time":67.875,"duration":4,"angle":56.25,"x":150},{"id":"brdr3","type":"deco","drawLayer":"bg","ease":"outSine","time":67.875,"duration":4,"angle":45,"x":450},{"type":"setColor","g":255,"r":255,"angle":348.75,"color":1,"time":73,"b":255,"duration":0.5},{"id":"brdr3","type":"deco","time":72,"x":875,"hide":true,"angle":303.75},{"id":"brdr4","type":"deco","time":72,"x":-175,"hide":true,"angle":292.5},{"angle":315,"type":"setColor","g":0,"r":255,"time":79.5,"b":0,"color":0},{"angle":326.25,"type":"setColor","g":0,"r":0,"time":79.5,"b":0,"color":1},{"angle":315,"type":"setColor","g":255,"r":255,"time":81,"b":255,"color":1},{"angle":292.5,"type":"setColor","g":0,"r":0,"time":87.625,"b":0,"color":1},{"angle":315,"type":"setBoolean","var":"vfx.notesFollowPlayer","time":-8,"enable":false},{"angle":213.75,"type":"setColor","g":0,"r":202,"time":101.125,"b":0,"color":4},{"angle":213.75,"type":"setColor","g":0,"r":121,"time":101.625,"b":0,"color":4},{"angle":292.5,"type":"noise","color":4,"time":34.125,"chance":0},{"angle":326.25,"type":"noise","color":3,"time":4,"chance":0,"order":0},{"angle":292.5,"type":"setColor","g":0,"r":0,"time":-8,"b":0,"color":3},{"angle":0,"type":"setColor","g":0,"r":0,"time":-8,"b":0,"color":5},{"angle":337.5,"type":"setColor","g":0,"r":68,"time":102.125,"b":0,"color":4},{"angle":67.5,"type":"setColor","g":0,"r":0,"time":102.625,"b":0,"color":4},{"angle":281.25,"type":"setColor","g":0,"r":0,"time":105,"b":0,"color":1},{"angle":315,"type":"setColor","g":0,"r":194,"time":104.25,"b":0,"color":4},{"angle":303.75,"type":"setColor","g":0,"r":255,"time":79.5,"b":0,"color":4},{"angle":337.5,"type":"setColor","g":0,"r":0,"time":71.5,"b":0,"color":4},{"angle":303.75,"type":"setColor","g":0,"r":0,"time":81,"b":0,"color":4},{"angle":270,"type":"setColor","g":0,"r":255,"time":87.625,"b":0,"color":4},{"angle":292.5,"type":"setColor","g":0,"r":0,"time":81,"b":0,"color":0},{"angle":258.75,"type":"setColor","g":0,"r":255,"time":87.625,"b":0,"color":0},{"angle":236.25,"type":"setColor","g":0,"r":202,"time":101.125,"b":0,"color":7},{"angle":236.25,"type":"setColor","g":0,"r":121,"time":101.625,"b":0,"color":7},{"angle":326.25,"type":"setColor","g":0,"r":68,"time":102.125,"b":0,"color":7},{"angle":56.25,"type":"setColor","g":0,"r":0,"time":102.625,"b":0,"color":7},{"angle":258.75,"type":"setColor","g":0,"r":80,"time":145,"b":0,"color":1},{"angle":101.25,"type":"setColor","g":0,"r":185,"time":145.5,"b":0,"color":1},{"angle":146.25,"type":"setColor","g":0,"r":255,"time":146,"b":0,"color":1},{"angle":292.5,"type":"forcePlayerSprite","time":143,"spriteName":"miss"},{"angle":270,"type":"setColor","g":0,"r":98,"time":110,"b":0,"color":1},{"angle":67.5,"type":"setColor","g":0,"r":187,"time":111,"b":0,"color":1},{"angle":168.75,"type":"setColor","g":0,"r":255,"time":112,"b":0,"color":1},{"angle":202.5,"type":"setColor","g":0,"r":0,"time":140.625,"b":0,"color":1},{"angle":303.75,"type":"setColor","g":0,"r":0,"time":169,"b":0,"color":1},{"type":"setColor","g":0,"r":255,"angle":326.25,"color":1,"time":172,"b":0,"duration":4},{"type":"setColor","g":0,"r":56,"angle":337.5,"color":4,"time":173,"b":0,"duration":3},{"value":0,"type":"ease","var":"vfx.canvPos.r","ease":"inOutSine","time":-4,"start":180,"angle":270,"duration":8},{"ease":"outCubic","type":"ease","var":"vfx.canvPos.sx","time":60.75,"duration":0.75,"angle":11.25,"value":1.1000000238419},{"ease":"outQuad","type":"ease","var":"vfx.canvPos.sy","time":60.75,"duration":0.75,"angle":0,"value":1.1000000238419},{"ease":"outCubic","type":"ease","var":"vfx.canvPos.sx","time":61.5,"duration":0.5,"angle":11.25,"value":1.25},{"ease":"outCubic","type":"ease","var":"vfx.canvPos.sy","time":62.125,"duration":0.5,"angle":11.25,"value":1.1499999761581},{"ease":"outCubic","type":"ease","var":"vfx.canvPos.sy","time":62.625,"duration":0.5,"angle":22.5,"value":1.2000000476837},{"ease":"outCubic","type":"ease","var":"vfx.canvPos.sy","time":63.125,"duration":0.5,"angle":11.25,"value":1.25},{"ease":"inSine","type":"ease","var":"vfx.canvPos.sy","time":64.75,"duration":3.125,"angle":292.5,"value":1},{"ease":"inSine","type":"ease","var":"vfx.canvPos.sx","time":64.75,"duration":3.125,"angle":281.25,"value":1},{"ease":"inSine","type":"ease","var":"vfx.canvPos.sy","time":67.875,"duration":4,"angle":67.5,"value":1.5},{"ease":"inSine","type":"ease","var":"vfx.canvPos.sx","time":67.875,"duration":4,"angle":78.75,"value":1.5},{"ease":"outSine","type":"ease","var":"vfx.canvPos.sy","time":73,"duration":0.5,"angle":292.5,"value":1},{"ease":"outSine","type":"ease","var":"vfx.canvPos.sx","time":73,"duration":0.5,"angle":281.25,"value":1},{"angle":337.5,"type":"setColor","g":0,"r":0,"time":-8,"b":0,"color":6},{"angle":112.5,"type":"setColor","g":0,"r":0,"time":-7.5,"b":0,"color":7},{"angle":270,"type":"setColor","g":0,"r":0,"time":75,"b":0,"color":6},{"oy":180,"type":"deco","drawLayer":"bg","sprite":"door#0","sx":0.5,"sy":0.5,"id":"door","angle":292.5,"order":0,"time":76,"x":300,"y":180,"ox":300},{"angle":0,"type":"setColor","g":0,"r":255,"time":79.5,"b":0,"color":7},{"angle":326.25,"type":"setColor","g":0,"r":0,"time":81,"b":0,"color":7},{"angle":11.25,"type":"setColor","g":0,"r":131,"time":79.5,"b":0,"color":6},{"angle":337.5,"type":"setColor","g":0,"r":0,"time":81,"b":0,"color":6},{"angle":247.5,"type":"setColor","g":0,"r":255,"time":87.625,"b":0,"color":7},{"angle":236.25,"type":"setColor","g":0,"r":131,"time":87.625,"b":0,"color":6},{"angle":247.5,"type":"setColor","g":0,"r":164,"time":101.125,"b":0,"color":6},{"angle":247.5,"type":"setColor","g":0,"r":209,"time":101.625,"b":0,"color":6},{"angle":247.5,"type":"setColor","g":0,"r":227,"time":102.125,"b":0,"color":6},{"angle":247.5,"type":"setColor","g":0,"r":255,"time":102.625,"b":0,"color":6},{"angle":225,"type":"setColor","g":0,"r":121,"time":101.625,"b":0,"color":0},{"angle":315,"type":"setColor","g":0,"r":68,"time":102.125,"b":0,"color":0},{"angle":405,"type":"setColor","g":0,"r":0,"time":102.625,"b":0,"color":0},{"angle":225,"type":"setColor","g":0,"r":202,"time":101.125,"b":0,"color":0},{"angle":157.5,"type":"setColor","g":0,"r":136,"time":101.125,"b":0,"color":1},{"angle":270,"type":"deco","sprite":"door!dO@12","time":105.875,"id":"door","ease":"inExpo"},{"angle":303.75,"type":"deco","drawLayer":"fg","drawOrder":1,"id":"door","time":105},{"id":"door","type":"deco","sx":5,"sy":5,"ease":"inExpo","time":106.75,"duration":2.5,"angle":258.75},{"id":"door","type":"deco","sx":1,"sy":1,"ease":"inOutSine","drawOrder":3,"duration":4,"angle":303.75,"time":176},{"id":"door","type":"deco","sprite":"door!dC@32","time":180.125,"angle":236.25},{"type":"setColor","g":0,"r":56,"angle":326.25,"color":6,"time":173,"b":0,"duration":3},{"type":"setColor","g":0,"r":255,"angle":258.75,"color":6,"time":180.25,"b":0,"duration":1},{"type":"setColor","g":0,"r":255,"angle":247.5,"color":4,"time":180.25,"b":0,"duration":1},{"ease":"inSine","type":"ease","var":"vfx.comboY","time":102.625,"duration":2,"angle":123.75,"value":-50},{"ease":"inSine","type":"ease","var":"vfx.accuracyY","time":102.625,"duration":2,"angle":135,"value":-40},{"ease":"inSine","type":"ease","var":"vfx.songNameY","time":102.625,"duration":2,"angle":146.25,"value":30},{"ease":"inSine","type":"ease","var":"vfx.difficultyY","time":102.625,"duration":2,"angle":157.5,"value":30},{"angle":247.5,"type":"setColor","g":0,"r":0,"time":181,"b":0,"color":4},{"id":"door","type":"deco","sx":0.80000001192093,"sy":0.80000001192093,"angle":281.25,"time":181,"duration":2.5,"y":220,"ease":"inOutSine"},{"oy":15.5,"type":"deco","drawLayer":"fg","recolor":3,"drawOrder":4,"angle":303.75,"sprite":"title.png","id":"title","time":182.75,"x":300,"y":55,"ox":209.5},{"type":"setColor","g":0,"r":255,"angle":292.5,"color":3,"time":182.75,"b":0,"duration":2,"ease":"linear"},{"id":"brdr1","type":"deco","time":180,"hide":true,"angle":337.5},{"id":"brdr2","type":"deco","time":180,"hide":true,"angle":348.75},{"type":"setColor","g":0,"r":0,"angle":270,"color":3,"time":188,"b":0,"duration":5},{"type":"setColor","g":0,"r":0,"angle":258.75,"color":6,"time":188,"b":0,"duration":5},{"angle":247.5,"type":"setColor","g":0,"r":0,"time":188,"b":0,"color":1},{"angle":191.25,"type":"setColor","g":0,"r":255,"time":113,"b":0,"color":4},{"type":"setColor","g":94,"r":94,"angle":225,"color":5,"time":-4,"b":94,"duration":7},{"id":"1t","type":"deco","drawLayer":"fg","sx":0.5,"sy":0.5,"angle":202.5,"sprite":"1.png","oy":8,"drawOrder":2,"time":4,"y":313,"ox":187.5},{"id":"1t","type":"deco","time":12,"hide":true,"angle":258.75},{"id":"2t","type":"deco","sprite":"2.png","sx":0.5,"sy":0.5,"angle":213.75,"time":13,"drawLayer":"fg","drawOrder":2,"oy":8,"y":316,"ox":117},{"id":"2t","type":"deco","time":16.5,"duration":1,"y":313.5,"angle":180},{"oy":8.5,"type":"deco","drawLayer":"fg","sx":0.5,"sy":0.5,"angle":180,"id":"25t","sprite":"25.png","time":18,"drawOrder":2,"y":324,"ox":93},{"id":"2t","type":"deco","time":20,"hide":true,"angle":11.25},{"oy":10,"type":"deco","sprite":"3.png","sx":0.5,"sy":0.5,"angle":270,"time":21,"id":"3t","y":313.5,"ox":159.5},{"id":"25t","type":"deco","time":25,"hide":true,"angle":326.25},{"ease":"inOutSine","type":"deco","id":"3t","time":25,"duration":3.75,"y":325,"angle":315},{"type":"setColor","g":49,"r":49,"angle":191.25,"color":5,"time":18,"b":49,"duration":1.75},{"type":"setColor","g":94,"r":94,"angle":236.25,"color":5,"time":20.75,"b":94,"duration":0.25,"ease":"inSine"},{"id":"3t","type":"deco","time":28.75,"hide":true,"angle":315},{"oy":10.5,"type":"deco","drawLayer":"fg","sx":0.5,"sy":0.5,"angle":326.25,"sprite":"4.png","id":"4t","drawOrder":2,"time":29,"y":325,"ox":201},{"id":"4t","type":"deco","time":33.75,"hide":true,"angle":326.25},{"oy":33.5,"type":"deco","drawLayer":"fg","id":"5t","sx":0.5,"sy":0.5,"sprite":"5#0","angle":337.5,"order":0,"time":34.125,"drawOrder":2,"y":325,"ox":22.5},{"id":"5t","type":"deco","sx":0.75,"sy":0.75,"ease":"inOutSine","time":34.375,"duration":1.875,"angle":0,"order":1},{"id":"5t","type":"deco","sprite":"5#1","time":35,"angle":56.25},{"id":"5t","type":"deco","sprite":"5#2","time":36,"angle":67.5},{"type":"setColor","g":0,"r":255,"angle":303.75,"color":5,"time":34.125,"b":0,"duration":1.875},{"id":"5t","type":"deco","sprite":"5#0","time":36.5,"y":450,"angle":213.75},{"oy":8.5,"type":"deco","drawLayer":"fg","sx":0.75,"sy":0.75,"angle":213.75,"drawOrder":2,"id":"6t","time":37,"sprite":"6.png","y":330,"ox":180.5},{"id":"6t","type":"deco","time":44,"hide":true,"angle":146.25},{"oy":10.5,"type":"deco","sprite":"7.png","sx":0.75,"sy":0.75,"angle":236.25,"time":45.5,"id":"7t","y":330,"ox":208.5},{"id":"7t","type":"deco","time":51.75,"hide":true,"angle":56.25},{"id":"8t","type":"deco","sprite":"8.png","sx":0.75,"sy":0.75,"angle":326.25,"time":53,"drawLayer":"fg","drawOrder":2,"oy":10.5,"y":330,"ox":131},{"id":"8t","type":"deco","time":56.5,"hide":true,"angle":360},{"oy":8,"type":"deco","drawLayer":"fg","sx":0.75,"sy":0.75,"angle":326.25,"drawOrder":2,"id":"9t","time":56.5,"sprite":"9#0","y":330,"ox":138.5},{"id":"9t","type":"deco","sprite":"9#1","time":60.75,"y":270,"angle":348.75},{"oy":10.5,"type":"deco","sprite":"26.png","sx":0.75,"sy":0.75,"angle":337.5,"time":60.75,"id":"26t","y":284,"ox":131.5},{"id":"26t","type":"deco","time":64,"hide":true,"angle":67.5},{"id":"9t","type":"deco","time":64,"hide":true,"angle":22.5},{"oy":8.5,"type":"deco","sprite":"27.png","sx":0.75,"sy":0.75,"angle":326.25,"time":64,"id":"27t","y":282,"ox":46.5},{"id":"27t","type":"deco","ease":"inSine","time":64.75,"duration":3.125,"y":310,"angle":303.75},{"id":"27t","type":"deco","time":71.875,"hide":true,"angle":67.5},{"id":"27t","type":"deco","ease":"inSine","time":67.875,"duration":4,"y":260,"angle":326.25},{"angle":360,"type":"setColor","g":255,"r":255,"time":73,"b":255,"color":5},{"id":"10t","type":"deco","sprite":"10.png","sx":0.75,"sy":0.75,"angle":382.5,"order":0,"time":73,"oy":23,"y":270,"ox":103.5},{"id":"10t","type":"deco","ease":"outSine","angle":33.75,"time":73,"duration":0.5,"y":330,"order":1},{"id":"10t","type":"deco","time":76.25,"y":450,"angle":45},{"oy":8,"type":"deco","sprite":"11.png","sx":0.75,"sy":0.75,"angle":326.25,"time":76.5,"id":"11t","y":330,"ox":19.5},{"id":"10t","type":"deco","time":77,"y":330,"angle":326.25},{"id":"11t","type":"deco","time":77,"y":450,"angle":337.5},{"angle":22.5,"type":"setColor","g":0,"r":0,"time":79.5,"b":0,"color":5},{"angle":348.75,"type":"setColor","g":255,"r":255,"time":81,"b":255,"color":5},{"angle":225,"type":"setColor","g":0,"r":0,"time":87.625,"b":0,"color":5},{"id":"10t","type":"deco","time":80.5,"y":450,"angle":11.25},{"id":"10t","type":"deco","time":81,"y":330,"angle":11.25},{"id":"10t","type":"deco","time":84,"y":450,"angle":258.75},{"id":"11t","type":"deco","time":84.5,"y":330,"angle":191.25},{"id":"10t","type":"deco","time":85,"y":330,"angle":337.5},{"id":"11t","type":"deco","time":85,"y":450,"angle":326.25},{"id":"10t","type":"deco","time":88.5,"hide":true,"angle":180},{"id":"13t","type":"deco","sprite":"13.png","sx":0.75,"sy":0.75,"angle":236.25,"time":89.125,"oy":10,"drawOrder":2,"drawLayer":"fg","y":330,"ox":75.5},{"id":"13t","type":"deco","time":90.125,"y":450,"angle":236.25},{"id":"12t","type":"deco","sprite":"12.png","sx":0.75,"sy":0.75,"angle":236.25,"time":90.625,"drawLayer":"fg","drawOrder":2,"oy":10.5,"y":330,"ox":96.5},{"id":"12t","type":"deco","time":92,"y":450,"angle":236.25},{"angle":146.25,"type":"forcePlayerSprite","time":-7.5,"spriteName":"idle"},{"oy":10.5,"type":"deco","sprite":"12.png","sx":0.75,"sy":0.75,"angle":236.25,"time":92.625,"id":"12t","y":330,"ox":96.5},{"id":"12t","type":"deco","time":94,"y":450,"angle":236.25},{"oy":10.5,"type":"deco","sprite":"12.png","sx":0.75,"sy":0.75,"angle":236.25,"time":94.625,"id":"12t","y":330,"ox":96.5},{"id":"12t","type":"deco","time":96,"y":450,"angle":236.25},{"id":"28t","type":"deco","sprite":"28.png","sx":0.75,"sy":0.75,"angle":236.25,"time":96.625,"drawLayer":"fg","drawOrder":2,"oy":10,"y":330,"ox":40.5},{"id":"28t","type":"deco","time":97.125,"y":450,"angle":258.75},{"id":"28t","type":"deco","time":98.125,"y":330,"angle":247.5},{"id":"28t","type":"deco","time":98.625,"y":450,"angle":247.5},{"id":"28t","type":"deco","time":99.125,"y":330,"angle":247.5},{"id":"28t","type":"deco","time":99.625,"y":450,"angle":247.5},{"id":"28t","type":"deco","time":100.125,"y":330,"angle":247.5},{"id":"28t","type":"deco","time":100.625,"y":450,"angle":247.5},{"oy":23,"type":"deco","drawLayer":"fg","id":"29t","sx":0.75,"sy":0.75,"sprite":"29.png","angle":405,"order":0,"time":105,"drawOrder":2,"y":330,"ox":103.5},{"angle":112.5,"type":"setColor","g":0,"r":255,"time":103,"b":0,"color":5},{"id":"29t","type":"deco","time":109.5,"hide":true,"angle":303.75},{"id":"29t","type":"deco","ease":"inExpo","time":105.875,"duration":3,"y":450,"angle":303.75},{"id":"5t","type":"deco","angle":236.25,"time":110,"sx":0.875,"y":331.5,"sy":0.875},{"id":"5t","type":"deco","sprite":"5#1","time":111,"sx":0.75,"sy":0.75,"angle":33.75},{"oy":8,"type":"deco","sprite":"30.png","sx":0.80000001192093,"sy":0.80000001192093,"angle":236.25,"time":112,"drawLayer":"fg","drawOrder":2,"id":"30t","y":330,"ox":26},{"id":"30t","type":"deco","time":113,"hide":true,"angle":202.5},{"oy":25,"type":"deco","sprite":"14.png","sx":0.75,"sy":0.75,"angle":157.5,"drawOrder":2,"id":"14t","time":113,"drawLayer":"fg","y":330,"ox":131},{"id":"5t","type":"deco","time":112,"hide":true,"angle":225},{"id":"14t","type":"deco","time":121,"hide":true,"angle":292.5},{"oy":10.5,"type":"deco","drawLayer":"fg","sx":0.75,"sy":0.75,"angle":236.25,"time":121.5,"sprite":"15.png","drawOrder":2,"id":"15t","y":330,"ox":166},{"id":"15t","type":"deco","time":125,"hide":true,"angle":292.5},{"oy":8,"type":"deco","sprite":"16.png","sx":0.75,"sy":0.75,"angle":247.5,"drawOrder":2,"id":"16t","time":125,"drawLayer":"fg","y":330,"ox":103.5},{"id":"16t","type":"deco","time":127.375,"hide":true,"angle":213.75},{"id":"17t","type":"deco","sprite":"17.png","sx":0.75,"sy":0.75,"angle":247.5,"time":129,"oy":25,"drawOrder":2,"drawLayer":"fg","y":330,"ox":133.5},{"id":"17t","type":"deco","time":137.5,"hide":true,"angle":315},{"oy":8.5,"type":"deco","sprite":"18.png","sx":0.75,"sy":0.75,"angle":315,"time":139,"drawLayer":"fg","drawOrder":2,"id":"18t","y":330,"ox":68.5},{"id":"31t","type":"deco","sprite":"31.png","sx":0.75,"sy":0.75,"angle":247.5,"time":138,"oy":8.5,"drawOrder":2,"drawLayer":"fg","y":330,"ox":19.5},{"id":"31t","type":"deco","time":139,"hide":true,"angle":247.5},{"id":"18t","type":"deco","time":140.625,"hide":true,"angle":236.25},{"oy":23,"type":"deco","drawLayer":"fg","sx":0.875,"sy":0.875,"angle":247.5,"drawOrder":2,"id":"19t","time":142,"sprite":"19#0","y":330,"ox":33.5},{"id":"19t","type":"deco","sprite":"19#1","time":143,"sx":0.75,"sy":0.75,"angle":168.75},{"id":"19t","type":"deco","time":144,"hide":true,"angle":337.5},{"oy":8,"type":"deco","drawLayer":"fg","sx":0.75,"sy":0.75,"angle":247.5,"time":144,"sprite":"32.png","drawOrder":2,"id":"32t","y":330,"ox":54},{"id":"32t","type":"deco","time":146,"hide":true,"angle":247.5},{"id":"20t","type":"deco","sprite":"20.png","sx":0.75,"sy":0.75,"angle":281.25,"time":146,"drawLayer":"fg","drawOrder":2,"oy":23,"y":330,"ox":138},{"id":"20t","type":"deco","time":153,"hide":true,"angle":202.5},{"oy":10,"type":"deco","drawLayer":"fg","sx":0.75,"sy":0.75,"angle":247.5,"time":153.5,"sprite":"21.png","drawOrder":2,"id":"21t","y":330,"ox":201.5},{"id":"21t","type":"deco","time":159.5,"hide":true,"angle":326.25},{"oy":8.5,"type":"deco","sprite":"33.png","sx":0.75,"sy":0.75,"angle":247.5,"id":"33t","drawLayer":"fg","drawOrder":2,"time":161,"y":330,"ox":54.5},{"id":"33t","type":"deco","time":163,"hide":true,"angle":213.75},{"oy":10.5,"type":"deco","sprite":"22.png","sx":0.75,"sy":0.75,"angle":247.5,"id":"22t","drawLayer":"fg","drawOrder":2,"time":163,"y":330,"ox":201.5},{"id":"22t","type":"deco","time":167,"hide":true,"angle":123.75},{"oy":10,"type":"deco","sprite":"23.png","sx":0.75,"sy":0.75,"angle":247.5,"id":"23t","drawLayer":"fg","drawOrder":2,"time":167,"y":330,"ox":54.5},{"id":"24t","type":"deco","drawLayer":"fg","sx":0.75,"sy":0.75,"angle":247.5,"time":169.5,"sprite":"24.png","drawOrder":2,"oy":8.5,"y":330,"ox":81.5},{"id":"23t","type":"deco","time":169.5,"hide":true,"angle":292.5},{"id":"24t","type":"deco","time":172,"hide":true,"angle":303.75},{"id":"34t","type":"deco","sprite":"34.png","sx":0.75,"sy":0.75,"angle":247.5,"time":172,"drawLayer":"fg","drawOrder":2,"oy":8.5,"y":330,"ox":26},{"id":"34t","type":"deco","time":180.5,"hide":true,"angle":292.5},{"id":"door","type":"deco","sx":0.25,"sy":0.25,"ease":"inOutSine","time":89.125,"duration":9,"angle":225},{"id":"door","type":"deco","sx":0.5,"sy":0.5,"ease":"outSine","time":97.125,"duration":1,"angle":213.75},{"id":"door","type":"deco","sx":0.75,"sy":0.75,"ease":"outSine","time":98.125,"duration":1,"angle":213.75},{"id":"door","type":"deco","sx":0.875,"sy":0.875,"ease":"outSine","time":99.125,"duration":1,"angle":326.25},{"id":"door","type":"deco","sx":1,"sy":1,"ease":"outSine","time":100.125,"duration":1,"angle":45},{"type":"setColor","g":96,"r":255,"angle":270,"color":4,"time":121,"b":96,"order":0},{"type":"setColor","g":0,"r":255,"angle":258.75,"color":4,"time":121,"b":0,"duration":1.5,"order":1},{"type":"setColor","g":96,"r":255,"angle":247.5,"color":1,"time":121,"b":96,"order":0},{"type":"setColor","g":0,"r":255,"angle":236.25,"color":1,"time":121,"b":0,"duration":1.5,"order":1},{"type":"setColor","g":0,"r":166,"angle":225,"color":4,"time":127.375,"b":0,"order":0},{"type":"setColor","g":0,"r":255,"angle":236.25,"color":4,"time":127.375,"b":0,"duration":0.5,"order":1},{"type":"setColor","g":0,"r":166,"angle":247.5,"color":1,"time":127.375,"b":0,"order":0},{"type":"setColor","g":0,"r":255,"angle":258.75,"color":1,"time":127.375,"b":0,"duration":0.5,"order":1},{"type":"setColor","g":0,"r":166,"angle":225,"color":4,"time":128.125,"b":0,"order":0},{"type":"setColor","g":0,"r":255,"angle":236.25,"color":4,"time":128.125,"b":0,"duration":0.5,"order":1},{"type":"setColor","g":0,"r":166,"angle":247.5,"color":1,"time":128.125,"b":0,"order":0},{"type":"setColor","g":0,"r":255,"angle":258.75,"color":1,"time":128.125,"b":0,"duration":0.5,"order":1},{"type":"setColor","g":0,"r":162,"angle":225,"color":4,"time":140.625,"b":0,"duration":1},{"type":"setColor","g":0,"r":162,"angle":270,"color":4,"time":142,"b":0,"duration":1,"order":1},{"type":"setColor","g":0,"r":255,"angle":281.25,"color":4,"time":142,"b":0,"order":0},{"type":"setColor","g":0,"r":162,"angle":270,"color":4,"time":143,"b":0,"duration":1,"order":1},{"type":"setColor","g":0,"r":255,"angle":281.25,"color":4,"time":143,"b":0,"order":0},{"type":"setColor","g":0,"r":162,"angle":270,"color":4,"time":144,"b":0,"duration":1,"order":1},{"type":"setColor","g":0,"r":255,"angle":281.25,"color":4,"time":144,"b":0,"order":0},{"angle":247.5,"type":"setColor","g":0,"r":206,"time":145,"b":0,"color":4},{"angle":112.5,"type":"setColor","g":0,"r":229,"time":145.5,"b":0,"color":4},{"angle":202.5,"type":"setColor","g":0,"r":255,"time":146,"b":0,"color":4},{"type":"setColor","g":96,"r":255,"angle":303.75,"color":4,"time":153,"b":96,"order":0},{"type":"setColor","g":0,"r":255,"angle":292.5,"color":4,"time":153,"b":0,"duration":1.5,"order":1},{"type":"setColor","g":96,"r":255,"angle":281.25,"color":1,"time":153,"b":96,"order":0},{"type":"setColor","g":0,"r":255,"angle":270,"color":1,"time":153,"b":0,"duration":1.5,"order":1},{"type":"setColor","g":0,"r":166,"angle":225,"color":4,"time":159.5,"b":0,"order":0},{"type":"setColor","g":0,"r":255,"angle":236.25,"color":4,"time":159.5,"b":0,"duration":0.5,"order":1},{"type":"setColor","g":0,"r":166,"angle":247.5,"color":1,"time":159.5,"b":0,"order":0},{"type":"setColor","g":0,"r":255,"angle":258.75,"color":1,"time":159.5,"b":0,"duration":0.5,"order":1},{"type":"setColor","g":0,"r":166,"angle":225,"color":4,"time":160.125,"b":0,"order":0},{"type":"setColor","g":0,"r":255,"angle":236.25,"color":4,"time":160.125,"b":0,"duration":0.5,"order":1},{"type":"setColor","g":0,"r":166,"angle":247.5,"color":1,"time":160.125,"b":0,"order":0},{"type":"setColor","g":0,"r":255,"angle":258.75,"color":1,"time":160.125,"b":0,"duration":0.5,"order":1},{"type":"setColor","g":0,"r":162,"angle":247.5,"color":4,"time":110,"b":0,"duration":1,"order":1},{"type":"setColor","g":0,"r":255,"angle":258.75,"color":4,"time":110,"b":0,"order":0},{"type":"setColor","g":0,"r":162,"angle":247.5,"color":4,"time":111,"b":0,"duration":1,"order":1},{"type":"setColor","g":0,"r":255,"angle":258.75,"color":4,"time":111,"b":0,"order":0},{"type":"setColor","g":0,"r":162,"angle":281.25,"color":4,"time":112,"b":0,"duration":1,"order":1},{"type":"setColor","g":0,"r":255,"angle":292.5,"color":4,"time":112,"b":0,"order":0}]}