{"properties":{"startBeat":0,"speed":70,"formatversion":13,"offset":8},"metadata":{"artist":"Kashii Moimi feat. KAFU (Remix by kageminori)","charter":"Ratøri","songName":"Cat Loving","description":"NOT RECOMMENDED TO NEWBIES!!!\n\nidk what i can say, so...\nC.A.T.\n\n(Mechanics used: Jumpbeats\nand Mines)","difficulty":16,"bg":false,"artistLink":""},"events":[{"file":"cat.ogg","time":0,"type":"play","bpm":220,"volume":2,"angle":270},{"time":-8.2499997615814,"value":0.75,"type":"ease","var":"scrollSpeed","angle":292.5},{"time":11,"angle":202.5,"value":1,"type":"ease","duration":0.33300000429153,"var":"scrollSpeed"},{"time":75,"angle":326.25,"value":1.25,"type":"ease","duration":0.5,"var":"scrollSpeed"},{"time":123,"value":1.1870000362396,"type":"ease","var":"scrollSpeed","angle":168.75},{"time":123.33333587646,"value":1.125,"type":"ease","var":"scrollSpeed","angle":123.75},{"time":123.66666412354,"value":1.0620000362396,"type":"ease","var":"scrollSpeed","angle":112.5},{"time":124,"value":1,"type":"ease","var":"scrollSpeed","angle":67.5},{"ease":"inOutSine","time":155,"var":"scrollSpeed","value":1.25,"angle":281.25,"duration":1,"type":"ease"},{"paddle":1,"ease":"linear","newWidth":360,"time":219,"duration":0,"angle":337.5,"order":0,"type":"paddles"},{"paddle":1,"ease":"outSine","newWidth":70,"time":219,"duration":10,"angle":326.25,"order":1,"type":"paddles"},{"time":261,"angle":67.5,"value":1.5,"type":"ease","duration":1,"var":"scrollSpeed"},{"ease":"outExpo","time":263,"var":"scrollSpeed","value":1,"angle":270,"duration":0.5,"type":"ease"},{"time":263.5,"angle":270,"value":1.5,"type":"ease","duration":0.5,"var":"scrollSpeed"},{"type":"showResults","time":319.5,"angle":180},{"b":0,"time":-8.25,"type":"setColor","g":0,"angle":270,"r":0,"color":0},{"order":0,"b":0,"time":-8.25,"angle":247.5,"g":0,"type":"setColor","r":0,"color":1},{"b":255,"duration":3,"order":1,"time":-2,"type":"setColor","g":255,"angle":225,"r":255,"color":1},{"time":4,"b":65,"type":"setColor","g":0,"angle":225,"r":195,"color":1},{"b":255,"time":4.5,"type":"setColor","g":255,"angle":202.5,"r":255,"color":1},{"time":5,"b":65,"type":"setColor","g":0,"angle":225,"r":195,"color":1},{"time":5.5,"b":255,"type":"setColor","g":255,"angle":202.5,"r":255,"color":1},{"time":6,"b":65,"type":"setColor","g":0,"angle":225,"r":195,"color":1},{"time":6.5,"b":255,"type":"setColor","g":255,"angle":202.5,"r":255,"color":1},{"time":7,"b":65,"type":"setColor","g":0,"angle":225,"r":195,"color":1},{"time":7.5,"b":255,"type":"setColor","g":255,"angle":202.5,"r":255,"color":1},{"order":0,"b":65,"time":8,"angle":225,"g":0,"type":"setColor","r":195,"color":0},{"b":0,"duration":1.5,"r":0,"time":8,"angle":213.75,"g":0,"type":"setColor","order":1,"color":0},{"r":0,"time":8,"b":0,"angle":202.5,"g":0,"type":"setColor","order":0,"color":1},{"b":255,"duration":1.5,"r":255,"time":8,"angle":191.25,"g":255,"type":"setColor","order":1,"color":1},{"r":195,"time":9.5,"b":65,"angle":225,"g":0,"type":"setColor","order":0,"color":0},{"b":0,"duration":1.5,"r":0,"time":9.5,"angle":213.75,"g":0,"type":"setColor","order":1,"color":0},{"order":0,"b":0,"time":9.5,"type":"setColor","g":0,"angle":202.5,"r":0,"color":1},{"b":255,"duration":1.5,"r":255,"time":9.5,"angle":191.25,"g":255,"type":"setColor","order":1,"color":1},{"b":65,"duration":0.75,"r":195,"time":11,"angle":247.5,"g":0,"type":"setColor","order":0,"color":1},{"order":0,"time":12,"b":188,"angle":247.5,"g":151,"type":"setColor","r":255,"color":1},{"b":65,"duration":0.75,"r":195,"time":12,"angle":236.25,"g":0,"type":"setColor","order":1,"color":1},{"order":0,"b":188,"time":13,"angle":247.5,"g":151,"type":"setColor","r":255,"color":1},{"b":65,"duration":0.75,"order":1,"time":13,"angle":236.25,"g":0,"type":"setColor","r":195,"color":1},{"order":0,"b":188,"time":15,"angle":247.5,"g":151,"type":"setColor","r":255,"color":1},{"b":65,"duration":0.75,"order":1,"time":15,"angle":236.25,"g":0,"type":"setColor","r":195,"color":1},{"order":0,"b":188,"time":16,"angle":247.5,"g":151,"type":"setColor","r":255,"color":1},{"b":65,"duration":0.75,"order":1,"time":16,"angle":236.25,"g":0,"type":"setColor","r":195,"color":1},{"order":0,"b":188,"time":17,"angle":247.5,"g":151,"type":"setColor","r":255,"color":1},{"b":65,"duration":0.75,"order":1,"time":17,"angle":236.25,"g":0,"type":"setColor","r":195,"color":1},{"order":0,"b":188,"time":18,"angle":247.5,"g":151,"type":"setColor","r":255,"color":1},{"b":65,"duration":0.75,"order":1,"time":18,"angle":236.25,"g":0,"type":"setColor","r":195,"color":1},{"order":0,"b":188,"time":19,"angle":247.5,"g":151,"type":"setColor","r":255,"color":1},{"b":65,"duration":0.75,"order":1,"time":19,"angle":236.25,"g":0,"type":"setColor","r":195,"color":1},{"order":0,"b":188,"time":20,"angle":247.5,"g":151,"type":"setColor","r":255,"color":1},{"b":65,"duration":0.75,"order":1,"time":20,"angle":236.25,"g":0,"type":"setColor","r":195,"color":1},{"order":0,"b":188,"time":21,"angle":247.5,"g":151,"type":"setColor","r":255,"color":1},{"b":65,"duration":0.75,"order":1,"time":21,"angle":236.25,"g":0,"type":"setColor","r":195,"color":1},{"order":0,"b":188,"time":14,"angle":281.25,"g":151,"type":"setColor","r":255,"color":1},{"b":65,"duration":0.75,"order":1,"time":14,"angle":270,"g":0,"type":"setColor","r":195,"color":1},{"order":0,"b":188,"time":22,"angle":247.5,"g":151,"type":"setColor","r":255,"color":1},{"b":65,"duration":0.75,"order":1,"time":22,"angle":236.25,"g":0,"type":"setColor","r":195,"color":1},{"order":0,"b":188,"time":23,"angle":247.5,"g":151,"type":"setColor","r":255,"color":1},{"b":65,"duration":0.75,"order":1,"time":23,"angle":236.25,"g":0,"type":"setColor","r":195,"color":1},{"order":0,"b":188,"time":24,"angle":247.5,"g":151,"type":"setColor","r":255,"color":1},{"b":65,"duration":0.75,"order":1,"time":24,"angle":236.25,"g":0,"type":"setColor","r":195,"color":1},{"order":0,"b":188,"time":25,"angle":247.5,"g":151,"type":"setColor","r":255,"color":1},{"b":65,"duration":0.75,"order":1,"time":25,"angle":236.25,"g":0,"type":"setColor","r":195,"color":1},{"order":0,"b":188,"time":26,"angle":281.25,"g":151,"type":"setColor","r":255,"color":1},{"b":65,"duration":0.75,"order":1,"time":26,"angle":270,"g":0,"type":"setColor","r":195,"color":1},{"order":0,"b":188,"time":27,"angle":247.5,"g":151,"type":"setColor","r":255,"color":1},{"b":65,"duration":0.75,"order":1,"time":27,"angle":236.25,"g":0,"type":"setColor","r":195,"color":1},{"order":0,"b":207,"time":27.75,"angle":292.5,"g":179,"type":"setColor","r":255,"color":1},{"order":1,"time":27.833332061768,"b":65,"angle":281.25,"g":0,"type":"setColor","r":195,"color":1},{"order":0,"time":28,"b":188,"angle":292.5,"g":151,"type":"setColor","r":255,"color":1},{"b":65,"duration":0.75,"r":195,"time":28,"angle":281.25,"g":0,"type":"setColor","order":1,"color":1},{"order":0,"time":29,"b":188,"angle":225,"g":151,"type":"setColor","r":255,"color":1},{"b":65,"duration":0.75,"r":195,"time":29,"angle":213.75,"g":0,"type":"setColor","order":1,"color":1},{"order":0,"time":30,"b":188,"angle":247.5,"g":151,"type":"setColor","r":255,"color":1},{"b":65,"duration":0.75,"r":195,"time":30,"angle":236.25,"g":0,"type":"setColor","order":1,"color":1},{"order":0,"time":31,"b":188,"angle":247.5,"g":151,"type":"setColor","r":255,"color":1},{"b":65,"duration":0.75,"r":195,"time":31,"angle":236.25,"g":0,"type":"setColor","order":1,"color":1},{"order":0,"time":32,"b":188,"angle":247.5,"g":151,"type":"setColor","r":255,"color":1},{"b":65,"duration":0.75,"r":195,"time":32,"angle":236.25,"g":0,"type":"setColor","order":1,"color":1},{"order":0,"time":33,"b":188,"angle":247.5,"g":151,"type":"setColor","r":255,"color":1},{"b":65,"duration":0.75,"r":195,"time":33,"angle":236.25,"g":0,"type":"setColor","order":1,"color":1},{"order":0,"time":34,"b":188,"angle":247.5,"g":151,"type":"setColor","r":255,"color":1},{"b":65,"duration":0.75,"r":195,"time":34,"angle":236.25,"g":0,"type":"setColor","order":1,"color":1},{"order":0,"time":35,"b":188,"angle":292.5,"g":151,"type":"setColor","r":255,"color":1},{"b":65,"duration":0.75,"r":195,"time":35,"angle":281.25,"g":0,"type":"setColor","order":1,"color":1},{"order":0,"time":36,"b":188,"angle":247.5,"g":151,"type":"setColor","r":255,"color":1},{"b":65,"duration":0.75,"r":195,"time":36,"angle":236.25,"g":0,"type":"setColor","order":1,"color":1},{"order":0,"time":37,"b":188,"angle":247.5,"g":151,"type":"setColor","r":255,"color":1},{"b":65,"duration":0.75,"r":195,"time":37,"angle":236.25,"g":0,"type":"setColor","order":1,"color":1},{"order":0,"time":38,"b":188,"angle":247.5,"g":151,"type":"setColor","r":255,"color":1},{"b":65,"duration":0.75,"r":195,"time":38,"angle":236.25,"g":0,"type":"setColor","order":1,"color":1},{"order":0,"time":39,"b":188,"angle":247.5,"g":151,"type":"setColor","r":255,"color":1},{"b":65,"duration":0.75,"r":195,"time":39,"angle":236.25,"g":0,"type":"setColor","order":1,"color":1},{"order":0,"time":40,"b":188,"angle":236.25,"g":151,"type":"setColor","r":255,"color":1},{"b":65,"duration":0.75,"r":195,"time":40,"angle":225,"g":0,"type":"setColor","order":1,"color":1},{"order":0,"time":41,"b":188,"angle":247.5,"g":151,"type":"setColor","r":255,"color":1},{"b":65,"duration":0.75,"r":195,"time":41,"angle":236.25,"g":0,"type":"setColor","order":1,"color":1},{"order":0,"time":42,"b":188,"angle":247.5,"g":151,"type":"setColor","r":255,"color":1},{"b":65,"duration":0.75,"r":195,"time":42,"angle":236.25,"g":0,"type":"setColor","order":1,"color":1},{"b":0,"duration":1,"r":0,"time":43,"angle":247.5,"g":0,"type":"setColor","order":0,"color":1},{"b":65,"duration":1,"r":195,"time":43,"angle":236.25,"g":0,"type":"setColor","order":1,"color":0},{"r":0,"time":44.25,"b":0,"angle":247.5,"g":0,"type":"setColor","order":0,"color":0},{"order":1,"time":44.25,"b":65,"angle":236.25,"g":0,"type":"setColor","r":195,"color":1},{"order":0,"b":0,"time":44.75,"angle":247.5,"g":0,"type":"setColor","r":0,"color":1},{"order":1,"b":65,"time":44.75,"angle":236.25,"g":0,"type":"setColor","r":195,"color":0},{"order":0,"b":0,"time":45.25,"angle":247.5,"g":0,"type":"setColor","r":0,"color":0},{"r":195,"b":65,"time":45.25,"type":"setColor","g":0,"angle":236.25,"order":1,"color":1},{"order":0,"time":45.75,"b":0,"angle":247.5,"g":0,"type":"setColor","r":0,"color":1},{"r":195,"time":45.75,"b":65,"angle":236.25,"g":0,"type":"setColor","order":1,"color":0},{"b":0,"duration":1.5,"order":0,"time":46.5,"type":"setColor","g":0,"angle":303.75,"r":0,"color":0},{"b":65,"duration":1.5,"r":195,"time":46.5,"type":"setColor","g":0,"angle":292.5,"order":1,"color":1},{"r":0,"time":48.25,"b":0,"angle":-258.75,"g":0,"type":"setColor","order":0,"color":1},{"r":195,"time":48.25,"b":65,"angle":-247.5,"g":0,"type":"setColor","order":1,"color":0},{"order":0,"time":48.75,"b":0,"angle":-258.75,"g":0,"type":"setColor","r":0,"color":0},{"order":1,"time":48.75,"b":65,"type":"setColor","g":0,"angle":-247.5,"r":195,"color":1},{"order":0,"b":0,"time":49.25,"angle":-258.75,"g":0,"type":"setColor","r":0,"color":1},{"r":195,"time":49.25,"b":65,"angle":-247.5,"g":0,"type":"setColor","order":1,"color":0},{"order":0,"time":49.75,"b":0,"angle":-258.75,"g":0,"type":"setColor","r":0,"color":0},{"order":1,"time":49.75,"b":65,"type":"setColor","g":0,"angle":-247.5,"r":195,"color":1},{"b":0,"duration":1.5,"order":0,"time":50.5,"type":"setColor","g":0,"angle":281.25,"r":0,"color":1},{"b":65,"duration":1.5,"r":195,"time":50.5,"type":"setColor","g":0,"angle":270,"order":1,"color":0},{"order":0,"b":0,"time":52.25,"angle":247.5,"g":0,"type":"setColor","r":0,"color":0},{"r":195,"b":65,"time":52.25,"type":"setColor","g":0,"angle":236.25,"order":1,"color":1},{"order":0,"time":52.75,"b":0,"angle":247.5,"g":0,"type":"setColor","r":0,"color":1},{"r":195,"time":52.75,"b":65,"angle":236.25,"g":0,"type":"setColor","order":1,"color":0},{"order":0,"time":53.25,"b":0,"angle":247.5,"g":0,"type":"setColor","r":0,"color":0},{"order":1,"time":53.25,"b":65,"type":"setColor","g":0,"angle":236.25,"r":195,"color":1},{"r":0,"b":0,"time":53.75,"type":"setColor","g":0,"angle":247.5,"order":0,"color":1},{"order":1,"b":65,"time":53.75,"type":"setColor","g":0,"angle":236.25,"r":195,"color":0},{"b":0,"duration":1.5,"order":0,"time":54.5,"type":"setColor","g":0,"angle":303.75,"r":0,"color":0},{"b":65,"duration":1.5,"order":1,"time":54.5,"angle":292.5,"g":0,"type":"setColor","r":195,"color":1},{"b":22,"duration":0.75,"r":66,"time":56.5,"type":"setColor","g":0,"angle":382.5,"order":1,"color":1},{"b":65,"duration":0.75,"order":1,"time":57.25,"type":"setColor","g":0,"angle":22.5,"r":195,"color":1},{"b":215,"duration":0.75,"order":1,"time":58,"type":"setColor","g":194,"angle":303.75,"r":255,"color":1},{"b":65,"duration":0.75,"order":1,"time":58.75,"angle":-56.25,"g":0,"type":"setColor","r":195,"color":1},{"order":0,"b":0,"time":60.25,"angle":-258.75,"g":0,"type":"setColor","r":0,"color":1},{"order":1,"b":65,"time":60.25,"type":"setColor","g":0,"angle":-247.5,"r":195,"color":0},{"r":0,"b":0,"time":60.75,"type":"setColor","g":0,"angle":-258.75,"order":0,"color":0},{"order":1,"b":65,"time":60.75,"angle":-247.5,"g":0,"type":"setColor","r":195,"color":1},{"order":0,"time":61.25,"b":0,"angle":-258.75,"g":0,"type":"setColor","r":0,"color":1},{"order":1,"b":65,"time":61.25,"type":"setColor","g":0,"angle":-247.5,"r":195,"color":0},{"r":0,"b":0,"time":61.75,"type":"setColor","g":0,"angle":-258.75,"order":0,"color":0},{"order":1,"b":65,"time":61.75,"angle":-247.5,"g":0,"type":"setColor","r":195,"color":1},{"b":0,"duration":1.5,"order":0,"time":62.5,"type":"setColor","g":0,"angle":281.25,"r":0,"color":1},{"b":65,"duration":1.5,"order":1,"time":62.5,"angle":270,"g":0,"type":"setColor","r":195,"color":0},{"order":0,"b":0,"time":64.25,"angle":247.5,"g":0,"type":"setColor","r":0,"color":0},{"r":195,"b":65,"time":64.25,"type":"setColor","g":0,"angle":236.25,"order":1,"color":1},{"order":0,"time":64.75,"b":0,"angle":247.5,"g":0,"type":"setColor","r":0,"color":1},{"r":195,"time":64.75,"b":65,"angle":236.25,"g":0,"type":"setColor","order":1,"color":0},{"order":0,"time":65.25,"b":0,"angle":247.5,"g":0,"type":"setColor","r":0,"color":0},{"order":1,"time":65.25,"b":65,"type":"setColor","g":0,"angle":236.25,"r":195,"color":1},{"r":0,"b":0,"time":65.75,"type":"setColor","g":0,"angle":247.5,"order":0,"color":1},{"order":1,"b":65,"time":65.75,"type":"setColor","g":0,"angle":236.25,"r":195,"color":0},{"b":0,"duration":1.5,"order":0,"time":66.5,"type":"setColor","g":0,"angle":281.25,"r":0,"color":0},{"b":65,"duration":1.5,"order":1,"time":66.5,"type":"setColor","g":0,"angle":270,"r":195,"color":1},{"r":0,"time":68.25,"b":0,"angle":-258.75,"g":0,"type":"setColor","order":0,"color":1},{"r":195,"time":68.25,"b":65,"type":"setColor","g":0,"angle":-247.5,"order":1,"color":0},{"order":0,"time":68.75,"b":0,"type":"setColor","g":0,"angle":-258.75,"r":0,"color":0},{"r":195,"time":68.75,"b":65,"type":"setColor","g":0,"angle":-247.5,"order":1,"color":1},{"r":0,"b":0,"time":69.25,"type":"setColor","g":0,"angle":-258.75,"order":0,"color":1},{"r":195,"time":69.25,"b":65,"type":"setColor","g":0,"angle":-247.5,"order":1,"color":0},{"order":0,"time":69.75,"b":0,"type":"setColor","g":0,"angle":-258.75,"r":0,"color":0},{"r":195,"time":69.75,"b":65,"type":"setColor","g":0,"angle":-247.5,"order":1,"color":1},{"order":0,"b":188,"time":70.5,"angle":236.25,"g":151,"type":"setColor","r":255,"color":1},{"b":65,"duration":0.75,"r":195,"time":70.5,"angle":225,"g":0,"type":"setColor","order":1,"color":1},{"order":0,"b":188,"time":71,"angle":236.25,"g":151,"type":"setColor","r":255,"color":1},{"b":65,"duration":0.75,"order":1,"time":71,"angle":225,"g":0,"type":"setColor","r":195,"color":1},{"order":0,"b":188,"time":72,"angle":236.25,"g":151,"type":"setColor","r":255,"color":1},{"b":65,"duration":0.75,"order":1,"time":72,"angle":225,"g":0,"type":"setColor","r":195,"color":1},{"order":0,"b":188,"time":73,"angle":236.25,"g":151,"type":"setColor","r":255,"color":1},{"b":65,"duration":0.75,"order":1,"time":73,"angle":225,"g":0,"type":"setColor","r":195,"color":1},{"order":0,"b":188,"time":74,"angle":236.25,"g":151,"type":"setColor","r":255,"color":1},{"b":65,"duration":0.75,"order":1,"time":74,"angle":225,"g":0,"type":"setColor","r":195,"color":1},{"b":34,"duration":1,"r":96,"time":75,"type":"setColor","g":0,"angle":236.25,"order":0,"color":1},{"order":0,"b":188,"time":76,"angle":236.25,"g":151,"type":"setColor","r":255,"color":1},{"b":65,"duration":0.75,"order":1,"time":76,"angle":225,"g":0,"type":"setColor","r":195,"color":1},{"order":0,"b":188,"time":77,"angle":236.25,"g":151,"type":"setColor","r":255,"color":1},{"b":65,"duration":0.75,"order":1,"time":77,"angle":225,"g":0,"type":"setColor","r":195,"color":1},{"order":0,"b":188,"time":78,"angle":236.25,"g":151,"type":"setColor","r":255,"color":1},{"b":65,"duration":0.75,"order":1,"time":78,"angle":225,"g":0,"type":"setColor","r":195,"color":1},{"order":0,"b":188,"time":79,"angle":225,"g":151,"type":"setColor","r":255,"color":1},{"b":65,"duration":0.75,"order":1,"time":79,"angle":213.75,"g":0,"type":"setColor","r":195,"color":1},{"order":0,"b":188,"time":80,"angle":236.25,"g":151,"type":"setColor","r":255,"color":1},{"b":65,"duration":0.75,"order":1,"time":80,"angle":225,"g":0,"type":"setColor","r":195,"color":1},{"order":0,"b":188,"time":81,"angle":236.25,"g":151,"type":"setColor","r":255,"color":1},{"b":65,"duration":0.75,"order":1,"time":81,"angle":225,"g":0,"type":"setColor","r":195,"color":1},{"order":0,"b":188,"time":82,"angle":236.25,"g":151,"type":"setColor","r":255,"color":1},{"b":65,"duration":0.75,"order":1,"time":82,"angle":225,"g":0,"type":"setColor","r":195,"color":1},{"order":0,"b":188,"time":83,"angle":236.25,"g":151,"type":"setColor","r":255,"color":1},{"b":65,"duration":0.75,"order":1,"time":83,"angle":225,"g":0,"type":"setColor","r":195,"color":1},{"order":0,"b":188,"time":85,"angle":236.25,"g":151,"type":"setColor","r":255,"color":1},{"b":65,"duration":0.75,"order":1,"time":85,"angle":225,"g":0,"type":"setColor","r":195,"color":1},{"order":0,"b":188,"time":86,"angle":236.25,"g":151,"type":"setColor","r":255,"color":1},{"b":65,"duration":0.75,"order":1,"time":86,"angle":225,"g":0,"type":"setColor","r":195,"color":1},{"order":0,"b":188,"time":87,"angle":236.25,"g":151,"type":"setColor","r":255,"color":1},{"b":65,"duration":0.75,"order":1,"time":87,"angle":225,"g":0,"type":"setColor","r":195,"color":1},{"order":0,"b":188,"time":88,"angle":236.25,"g":151,"type":"setColor","r":255,"color":1},{"b":65,"duration":0.75,"order":1,"time":88,"angle":225,"g":0,"type":"setColor","r":195,"color":1},{"order":0,"b":188,"time":89,"angle":270,"g":151,"type":"setColor","r":255,"color":1},{"b":65,"duration":0.75,"order":1,"time":89,"angle":258.75,"g":0,"type":"setColor","r":195,"color":1},{"order":0,"b":188,"time":90,"angle":236.25,"g":151,"type":"setColor","r":255,"color":1},{"b":65,"duration":0.75,"order":1,"time":90,"angle":225,"g":0,"type":"setColor","r":195,"color":1},{"order":0,"b":188,"time":91,"angle":236.25,"g":151,"type":"setColor","r":255,"color":1},{"b":65,"duration":0.75,"order":1,"time":91,"angle":225,"g":0,"type":"setColor","r":195,"color":1},{"order":0,"b":188,"time":93,"angle":236.25,"g":151,"type":"setColor","r":255,"color":1},{"b":65,"duration":0.75,"order":1,"time":93,"angle":225,"g":0,"type":"setColor","r":195,"color":1},{"order":0,"b":188,"time":94,"angle":225,"g":151,"type":"setColor","r":255,"color":1},{"b":65,"duration":0.75,"order":1,"time":94,"angle":213.75,"g":0,"type":"setColor","r":195,"color":1},{"order":0,"b":188,"time":95,"angle":236.25,"g":151,"type":"setColor","r":255,"color":1},{"b":65,"duration":0.75,"order":1,"time":95,"angle":225,"g":0,"type":"setColor","r":195,"color":1},{"order":0,"b":188,"time":96,"angle":236.25,"g":151,"type":"setColor","r":255,"color":1},{"b":65,"duration":0.75,"order":1,"time":96,"angle":225,"g":0,"type":"setColor","r":195,"color":1},{"order":0,"b":188,"time":97,"angle":236.25,"g":151,"type":"setColor","r":255,"color":1},{"b":65,"duration":0.75,"order":1,"time":97,"angle":225,"g":0,"type":"setColor","r":195,"color":1},{"order":0,"b":188,"time":98,"angle":236.25,"g":151,"type":"setColor","r":255,"color":1},{"b":65,"duration":0.75,"order":1,"time":98,"angle":225,"g":0,"type":"setColor","r":195,"color":1},{"order":0,"b":188,"time":99,"angle":236.25,"g":151,"type":"setColor","r":255,"color":1},{"b":65,"duration":0.75,"order":1,"time":99,"angle":225,"g":0,"type":"setColor","r":195,"color":1},{"order":0,"b":188,"time":101,"angle":236.25,"g":151,"type":"setColor","r":255,"color":1},{"b":65,"duration":0.75,"order":1,"time":101,"angle":225,"g":0,"type":"setColor","r":195,"color":1},{"order":0,"b":188,"time":102,"angle":236.25,"g":151,"type":"setColor","r":255,"color":1},{"b":65,"duration":0.75,"order":1,"time":102,"angle":225,"g":0,"type":"setColor","r":195,"color":1},{"order":0,"b":188,"time":103,"angle":236.25,"g":151,"type":"setColor","r":255,"color":1},{"b":65,"duration":0.75,"order":1,"time":103,"angle":225,"g":0,"type":"setColor","r":195,"color":1},{"order":0,"b":188,"time":104,"angle":236.25,"g":151,"type":"setColor","r":255,"color":1},{"b":65,"duration":0.75,"order":1,"time":104,"angle":225,"g":0,"type":"setColor","r":195,"color":1},{"order":0,"b":188,"time":105,"angle":236.25,"g":151,"type":"setColor","r":255,"color":1},{"b":65,"duration":0.75,"order":1,"time":105,"angle":225,"g":0,"type":"setColor","r":195,"color":1},{"order":0,"b":188,"time":106,"angle":236.25,"g":151,"type":"setColor","r":255,"color":1},{"b":65,"duration":0.75,"order":1,"time":106,"angle":225,"g":0,"type":"setColor","r":195,"color":1},{"order":0,"b":188,"time":107,"angle":236.25,"g":151,"type":"setColor","r":255,"color":1},{"b":65,"duration":0.75,"order":1,"time":107,"angle":225,"g":0,"type":"setColor","r":195,"color":1},{"order":0,"b":188,"time":109,"angle":236.25,"g":151,"type":"setColor","r":255,"color":1},{"b":65,"duration":0.75,"order":1,"time":109,"angle":225,"g":0,"type":"setColor","r":195,"color":1},{"order":0,"b":188,"time":110,"angle":236.25,"g":151,"type":"setColor","r":255,"color":1},{"b":65,"duration":0.75,"order":1,"time":110,"angle":225,"g":0,"type":"setColor","r":195,"color":1},{"order":0,"b":188,"time":111,"angle":236.25,"g":151,"type":"setColor","r":255,"color":1},{"b":65,"duration":0.75,"order":1,"time":111,"angle":225,"g":0,"type":"setColor","r":195,"color":1},{"order":0,"b":188,"time":112,"angle":236.25,"g":151,"type":"setColor","r":255,"color":1},{"b":65,"duration":0.75,"order":1,"time":112,"angle":225,"g":0,"type":"setColor","r":195,"color":1},{"order":0,"b":188,"time":113,"angle":236.25,"g":151,"type":"setColor","r":255,"color":1},{"b":65,"duration":0.75,"order":1,"time":113,"angle":225,"g":0,"type":"setColor","r":195,"color":1},{"order":0,"b":188,"time":114,"angle":236.25,"g":151,"type":"setColor","r":255,"color":1},{"b":65,"duration":0.75,"order":1,"time":114,"angle":225,"g":0,"type":"setColor","r":195,"color":1},{"order":0,"b":188,"time":115,"angle":236.25,"g":151,"type":"setColor","r":255,"color":1},{"b":65,"duration":0.75,"order":1,"time":115,"angle":225,"g":0,"type":"setColor","r":195,"color":1},{"order":0,"b":188,"time":117,"angle":236.25,"g":151,"type":"setColor","r":255,"color":1},{"b":65,"duration":0.75,"order":1,"time":117,"angle":225,"g":0,"type":"setColor","r":195,"color":1},{"order":0,"b":188,"time":118,"angle":258.75,"g":151,"type":"setColor","r":255,"color":1},{"b":65,"duration":0.75,"order":1,"time":118,"angle":247.5,"g":0,"type":"setColor","r":195,"color":1},{"order":0,"b":188,"time":119,"angle":225,"g":151,"type":"setColor","r":255,"color":1},{"b":65,"duration":0.75,"order":1,"time":119,"angle":213.75,"g":0,"type":"setColor","r":195,"color":1},{"b":18,"duration":0.5,"r":55,"time":119.5,"angle":225,"g":0,"type":"setColor","order":1,"color":1},{"order":0,"b":49,"time":120.5,"angle":236.25,"g":0,"type":"setColor","r":147,"color":1},{"order":0,"time":121,"b":65,"angle":236.25,"g":0,"type":"setColor","r":195,"color":1},{"order":0,"b":85,"time":121.5,"angle":236.25,"g":0,"type":"setColor","r":255,"color":1},{"order":0,"b":144,"time":123,"angle":236.25,"g":89,"type":"setColor","r":255,"color":1},{"order":0,"b":166,"time":123.33333333333,"angle":236.25,"g":121,"type":"setColor","r":255,"color":1},{"order":0,"b":214,"time":123.66666666667,"angle":236.25,"g":191,"type":"setColor","r":255,"color":1},{"order":0,"time":83.75,"b":207,"angle":292.5,"g":179,"type":"setColor","r":255,"color":1},{"r":195,"b":65,"time":83.833332061768,"type":"setColor","g":0,"angle":281.25,"order":1,"color":1},{"r":255,"b":188,"time":84,"type":"setColor","g":151,"angle":292.5,"order":0,"color":1},{"b":65,"duration":0.75,"order":1,"time":84,"angle":281.25,"g":0,"type":"setColor","r":195,"color":1},{"order":0,"time":91.75,"b":207,"angle":292.5,"g":179,"type":"setColor","r":255,"color":1},{"r":195,"b":65,"time":91.833332061768,"type":"setColor","g":0,"angle":281.25,"order":1,"color":1},{"r":255,"b":188,"time":92,"type":"setColor","g":151,"angle":292.5,"order":0,"color":1},{"b":65,"duration":0.75,"order":1,"time":92,"angle":281.25,"g":0,"type":"setColor","r":195,"color":1},{"r":255,"b":207,"time":91.583333333333,"type":"setColor","g":179,"angle":292.5,"order":0,"color":1},{"r":195,"b":65,"time":91.666665395101,"type":"setColor","g":0,"angle":281.25,"order":1,"color":1},{"order":0,"b":207,"time":99.75,"angle":292.5,"g":179,"type":"setColor","r":255,"color":1},{"r":195,"b":65,"time":99.833332061768,"type":"setColor","g":0,"angle":281.25,"order":1,"color":1},{"r":255,"b":188,"time":100,"type":"setColor","g":151,"angle":292.5,"order":0,"color":1},{"b":65,"duration":0.75,"r":195,"time":100,"angle":281.25,"g":0,"type":"setColor","order":1,"color":1},{"order":0,"b":207,"time":115.75,"angle":292.5,"g":179,"type":"setColor","r":255,"color":1},{"r":195,"b":65,"time":115.83333206177,"type":"setColor","g":0,"angle":281.25,"order":1,"color":1},{"r":255,"b":188,"time":116,"type":"setColor","g":151,"angle":292.5,"order":0,"color":1},{"b":65,"duration":0.75,"r":195,"time":116,"angle":281.25,"g":0,"type":"setColor","order":1,"color":1},{"order":0,"b":207,"time":107.75,"angle":292.5,"g":179,"type":"setColor","r":255,"color":1},{"r":195,"b":65,"time":107.83333206177,"type":"setColor","g":0,"angle":281.25,"order":1,"color":1},{"r":255,"b":188,"time":108,"type":"setColor","g":151,"angle":292.5,"order":0,"color":1},{"b":65,"duration":0.75,"r":195,"time":108,"angle":281.25,"g":0,"type":"setColor","order":1,"color":1},{"r":255,"b":207,"time":107.58333333333,"type":"setColor","g":179,"angle":292.5,"order":0,"color":1},{"r":195,"b":65,"time":107.6666653951,"type":"setColor","g":0,"angle":281.25,"order":1,"color":1},{"x":300,"y":180,"id":"1","angle":315,"type":"deco","time":311.00015258789},{"order":0,"time":124,"b":113,"angle":236.25,"g":113,"type":"setColor","r":113,"color":1},{"b":255,"duration":0.75,"r":255,"time":124,"angle":225,"g":255,"type":"setColor","order":1,"color":1},{"order":0,"b":113,"time":125,"angle":236.25,"g":113,"type":"setColor","r":113,"color":1},{"b":255,"duration":0.75,"order":1,"time":125,"angle":225,"g":255,"type":"setColor","r":255,"color":1},{"order":0,"b":113,"time":126,"angle":236.25,"g":113,"type":"setColor","r":113,"color":1},{"b":255,"duration":0.75,"order":1,"time":126,"angle":225,"g":255,"type":"setColor","r":255,"color":1},{"order":0,"b":113,"time":127,"angle":236.25,"g":113,"type":"setColor","r":113,"color":1},{"b":255,"duration":0.75,"order":1,"time":127,"angle":225,"g":255,"type":"setColor","r":255,"color":1},{"order":0,"b":113,"time":128,"angle":236.25,"g":113,"type":"setColor","r":113,"color":1},{"b":255,"duration":0.75,"order":1,"time":128,"angle":225,"g":255,"type":"setColor","r":255,"color":1},{"order":0,"b":113,"time":129,"angle":236.25,"g":113,"type":"setColor","r":113,"color":1},{"b":255,"duration":0.75,"order":1,"time":129,"angle":225,"g":255,"type":"setColor","r":255,"color":1},{"order":0,"time":130,"b":113,"angle":236.25,"g":113,"type":"setColor","r":113,"color":1},{"b":255,"duration":0.75,"r":255,"time":130,"angle":225,"g":255,"type":"setColor","order":1,"color":1},{"r":113,"time":131,"b":113,"angle":236.25,"g":113,"type":"setColor","order":0,"color":1},{"b":255,"duration":0.75,"r":255,"time":131,"angle":225,"g":255,"type":"setColor","order":1,"color":1},{"r":113,"time":132,"b":113,"angle":236.25,"g":113,"type":"setColor","order":0,"color":1},{"b":255,"duration":0.75,"r":255,"time":132,"angle":225,"g":255,"type":"setColor","order":1,"color":1},{"r":113,"time":133,"b":113,"angle":236.25,"g":113,"type":"setColor","order":0,"color":1},{"b":255,"duration":0.75,"r":255,"time":133,"angle":225,"g":255,"type":"setColor","order":1,"color":1},{"r":113,"time":134,"b":113,"angle":236.25,"g":113,"type":"setColor","order":0,"color":1},{"b":255,"duration":0.75,"r":255,"time":134,"angle":225,"g":255,"type":"setColor","order":1,"color":1},{"order":0,"time":135,"b":113,"angle":236.25,"g":113,"type":"setColor","r":113,"color":1},{"b":255,"duration":0.75,"r":255,"time":135,"angle":225,"g":255,"type":"setColor","order":1,"color":1},{"r":113,"time":136,"b":113,"angle":236.25,"g":113,"type":"setColor","order":0,"color":1},{"b":255,"duration":0.75,"r":255,"time":136,"angle":225,"g":255,"type":"setColor","order":1,"color":1},{"r":113,"time":137,"b":113,"angle":236.25,"g":113,"type":"setColor","order":0,"color":1},{"b":255,"duration":0.75,"r":255,"time":137,"angle":225,"g":255,"type":"setColor","order":1,"color":1},{"r":113,"time":138,"b":113,"angle":236.25,"g":113,"type":"setColor","order":0,"color":1},{"b":255,"duration":0.75,"r":255,"time":138,"angle":225,"g":255,"type":"setColor","order":1,"color":1},{"r":113,"time":139,"b":113,"angle":236.25,"g":113,"type":"setColor","order":0,"color":1},{"b":255,"duration":0.75,"r":255,"time":139,"angle":225,"g":255,"type":"setColor","order":1,"color":1},{"order":0,"time":140,"b":113,"angle":236.25,"g":113,"type":"setColor","r":113,"color":1},{"b":255,"duration":0.75,"r":255,"time":140,"angle":225,"g":255,"type":"setColor","order":1,"color":1},{"r":113,"time":141,"b":113,"angle":236.25,"g":113,"type":"setColor","order":0,"color":1},{"b":255,"duration":0.75,"r":255,"time":141,"angle":225,"g":255,"type":"setColor","order":1,"color":1},{"r":113,"time":142,"b":113,"angle":236.25,"g":113,"type":"setColor","order":0,"color":1},{"b":255,"duration":0.75,"r":255,"time":142,"angle":225,"g":255,"type":"setColor","order":1,"color":1},{"r":113,"time":143,"b":113,"angle":236.25,"g":113,"type":"setColor","order":0,"color":1},{"b":255,"duration":0.75,"r":255,"time":143,"angle":225,"g":255,"type":"setColor","order":1,"color":1},{"r":113,"time":144,"b":113,"angle":236.25,"g":113,"type":"setColor","order":0,"color":1},{"b":255,"duration":0.75,"r":255,"time":144,"angle":225,"g":255,"type":"setColor","order":1,"color":1},{"order":0,"time":145,"b":113,"angle":225,"g":113,"type":"setColor","r":113,"color":1},{"b":255,"duration":0.75,"r":255,"time":145,"angle":213.75,"g":255,"type":"setColor","order":1,"color":1},{"r":113,"time":146,"b":113,"angle":225,"g":113,"type":"setColor","order":0,"color":1},{"b":255,"duration":0.75,"r":255,"time":146,"angle":213.75,"g":255,"type":"setColor","order":1,"color":1},{"r":113,"time":147,"b":113,"angle":225,"g":113,"type":"setColor","order":0,"color":1},{"b":255,"duration":0.75,"r":255,"time":147,"angle":213.75,"g":255,"type":"setColor","order":1,"color":1},{"r":113,"time":148,"b":113,"angle":225,"g":113,"type":"setColor","order":0,"color":1},{"b":255,"duration":0.75,"r":255,"time":148,"angle":213.75,"g":255,"type":"setColor","order":1,"color":1},{"r":113,"time":149,"b":113,"angle":225,"g":113,"type":"setColor","order":0,"color":1},{"b":255,"duration":0.75,"r":255,"time":149,"angle":213.75,"g":255,"type":"setColor","order":1,"color":1},{"order":0,"time":150,"b":113,"angle":213.75,"g":113,"type":"setColor","r":113,"color":1},{"b":255,"duration":0.75,"r":255,"time":150,"angle":202.5,"g":255,"type":"setColor","order":1,"color":1},{"r":113,"time":151,"b":113,"angle":213.75,"g":113,"type":"setColor","order":0,"color":1},{"b":255,"duration":0.75,"r":255,"time":151,"angle":202.5,"g":255,"type":"setColor","order":1,"color":1},{"order":0,"b":70,"time":139.75,"angle":236.25,"g":70,"type":"setColor","r":70,"color":1},{"r":255,"time":139.83332824707,"b":255,"angle":225,"g":255,"type":"setColor","order":1,"color":1},{"order":0,"b":255,"time":151.5,"angle":236.25,"g":255,"type":"setColor","r":255,"color":0},{"order":1,"time":151.5,"b":0,"angle":225,"g":0,"type":"setColor","r":0,"color":1},{"r":255,"time":152.5,"b":185,"angle":225,"g":144,"type":"setColor","order":1,"color":0},{"order":1,"time":152.75,"b":128,"angle":225,"g":60,"type":"setColor","r":255,"color":0},{"order":1,"time":153,"b":65,"angle":225,"g":0,"type":"setColor","r":181,"color":0},{"b":0,"duration":2,"r":0,"time":154,"angle":225,"g":0,"type":"setColor","order":1,"color":1},{"order":1,"b":96,"time":152.5,"angle":236.25,"g":96,"type":"setColor","r":96,"color":1},{"order":1,"time":152.75,"b":189,"angle":236.25,"g":189,"type":"setColor","r":189,"color":1},{"order":1,"time":153,"b":255,"angle":236.25,"g":255,"type":"setColor","r":255,"color":1},{"order":0,"time":156,"b":188,"angle":225,"g":151,"type":"setColor","r":255,"color":0},{"b":65,"duration":0.75,"r":195,"time":156,"angle":213.75,"g":0,"type":"setColor","order":1,"color":0},{"order":0,"b":188,"time":157,"angle":270,"g":151,"type":"setColor","r":255,"color":0},{"b":65,"duration":0.75,"order":1,"time":157,"angle":258.75,"g":0,"type":"setColor","r":195,"color":0},{"order":0,"b":188,"time":158,"angle":225,"g":151,"type":"setColor","r":255,"color":0},{"b":65,"duration":0.75,"order":1,"time":158,"angle":213.75,"g":0,"type":"setColor","r":195,"color":0},{"r":255,"time":159,"b":188,"angle":270,"g":151,"type":"setColor","order":0,"color":0},{"b":65,"duration":0.75,"r":195,"time":159,"angle":258.75,"g":0,"type":"setColor","order":1,"color":0},{"order":0,"b":188,"time":160,"angle":225,"g":151,"type":"setColor","r":255,"color":0},{"b":65,"duration":0.75,"order":1,"time":160,"angle":213.75,"g":0,"type":"setColor","r":195,"color":0},{"r":255,"time":161,"b":188,"angle":270,"g":151,"type":"setColor","order":0,"color":0},{"b":65,"duration":0.75,"r":195,"time":161,"angle":258.75,"g":0,"type":"setColor","order":1,"color":0},{"order":0,"b":188,"time":162,"angle":225,"g":151,"type":"setColor","r":255,"color":0},{"b":65,"duration":0.75,"order":1,"time":162,"angle":213.75,"g":0,"type":"setColor","r":195,"color":0},{"r":255,"time":163,"b":188,"angle":270,"g":151,"type":"setColor","order":0,"color":0},{"b":65,"duration":0.75,"r":195,"time":163,"angle":258.75,"g":0,"type":"setColor","order":1,"color":0},{"order":0,"b":188,"time":164,"angle":225,"g":151,"type":"setColor","r":255,"color":0},{"b":65,"duration":0.75,"order":1,"time":164,"angle":213.75,"g":0,"type":"setColor","r":195,"color":0},{"r":255,"time":165,"b":188,"angle":270,"g":151,"type":"setColor","order":0,"color":0},{"b":65,"duration":0.75,"r":195,"time":165,"angle":258.75,"g":0,"type":"setColor","order":1,"color":0},{"order":0,"b":188,"time":166,"angle":225,"g":151,"type":"setColor","r":255,"color":0},{"b":65,"duration":0.75,"order":1,"time":166,"angle":213.75,"g":0,"type":"setColor","r":195,"color":0},{"r":255,"time":167,"b":188,"angle":270,"g":151,"type":"setColor","order":0,"color":0},{"b":65,"duration":0.75,"r":195,"time":167,"angle":258.75,"g":0,"type":"setColor","order":1,"color":0},{"order":0,"time":168,"b":188,"angle":247.5,"g":151,"type":"setColor","r":255,"color":0},{"b":65,"duration":0.75,"r":195,"time":168,"angle":236.25,"g":0,"type":"setColor","order":1,"color":0},{"r":255,"time":169,"b":188,"angle":292.5,"g":151,"type":"setColor","order":0,"color":0},{"b":65,"duration":0.75,"order":1,"time":169,"angle":281.25,"g":0,"type":"setColor","r":195,"color":0},{"r":255,"time":170,"b":188,"angle":247.5,"g":151,"type":"setColor","order":0,"color":0},{"b":65,"duration":0.75,"r":195,"time":170,"angle":236.25,"g":0,"type":"setColor","order":1,"color":0},{"r":255,"time":171,"b":188,"angle":292.5,"g":151,"type":"setColor","order":0,"color":0},{"b":65,"duration":0.75,"order":1,"time":171,"angle":281.25,"g":0,"type":"setColor","r":195,"color":0},{"r":255,"time":172,"b":188,"angle":247.5,"g":151,"type":"setColor","order":0,"color":0},{"b":65,"duration":0.75,"r":195,"time":172,"angle":236.25,"g":0,"type":"setColor","order":1,"color":0},{"r":255,"time":173,"b":188,"angle":292.5,"g":151,"type":"setColor","order":0,"color":0},{"b":65,"duration":0.75,"order":1,"time":173,"angle":281.25,"g":0,"type":"setColor","r":195,"color":0},{"order":0,"time":174,"b":188,"angle":225,"g":151,"type":"setColor","r":255,"color":0},{"b":65,"duration":0.75,"r":195,"time":174,"angle":213.75,"g":0,"type":"setColor","order":1,"color":0},{"r":255,"time":175,"b":188,"angle":270,"g":151,"type":"setColor","order":0,"color":0},{"b":65,"duration":0.75,"order":1,"time":175,"angle":258.75,"g":0,"type":"setColor","r":195,"color":0},{"r":255,"time":176,"b":188,"angle":225,"g":151,"type":"setColor","order":0,"color":0},{"b":65,"duration":0.75,"r":195,"time":176,"angle":213.75,"g":0,"type":"setColor","order":1,"color":0},{"r":255,"time":177,"b":188,"angle":270,"g":151,"type":"setColor","order":0,"color":0},{"b":65,"duration":0.75,"order":1,"time":177,"angle":258.75,"g":0,"type":"setColor","r":195,"color":0},{"r":255,"time":178,"b":188,"angle":225,"g":151,"type":"setColor","order":0,"color":0},{"b":65,"duration":0.75,"r":195,"time":178,"angle":213.75,"g":0,"type":"setColor","order":1,"color":0},{"r":255,"time":179,"b":188,"angle":270,"g":151,"type":"setColor","order":0,"color":0},{"b":65,"duration":0.75,"order":1,"time":179,"angle":258.75,"g":0,"type":"setColor","r":195,"color":0},{"order":0,"time":180,"b":188,"angle":225,"g":151,"type":"setColor","r":255,"color":0},{"b":65,"duration":0.75,"r":195,"time":180,"angle":213.75,"g":0,"type":"setColor","order":1,"color":0},{"r":255,"time":181,"b":188,"angle":270,"g":151,"type":"setColor","order":0,"color":0},{"b":65,"duration":0.75,"order":1,"time":181,"angle":258.75,"g":0,"type":"setColor","r":195,"color":0},{"r":255,"time":182,"b":188,"angle":225,"g":151,"type":"setColor","order":0,"color":0},{"b":65,"duration":0.75,"r":195,"time":182,"angle":213.75,"g":0,"type":"setColor","order":1,"color":0},{"r":255,"time":183,"b":188,"angle":270,"g":151,"type":"setColor","order":0,"color":0},{"b":65,"duration":0.75,"order":1,"time":183,"angle":258.75,"g":0,"type":"setColor","r":195,"color":0},{"r":255,"time":184,"b":188,"angle":225,"g":151,"type":"setColor","order":0,"color":0},{"b":65,"duration":0.75,"r":195,"time":184,"angle":213.75,"g":0,"type":"setColor","order":1,"color":0},{"r":255,"time":185,"b":188,"angle":270,"g":151,"type":"setColor","order":0,"color":0},{"b":65,"duration":0.75,"order":1,"time":185,"angle":258.75,"g":0,"type":"setColor","r":195,"color":0},{"order":0,"time":186,"b":188,"angle":225,"g":151,"type":"setColor","r":255,"color":0},{"b":65,"duration":0.75,"r":195,"time":186,"angle":213.75,"g":0,"type":"setColor","order":1,"color":0},{"b":0,"duration":1,"r":0,"time":187,"angle":247.5,"g":0,"type":"setColor","order":0,"color":0},{"b":65,"duration":1,"r":195,"time":187,"angle":236.25,"g":0,"type":"setColor","order":1,"color":1},{"order":0,"b":0,"time":188.25,"angle":-258.75,"g":0,"type":"setColor","r":0,"color":1},{"order":1,"b":65,"time":188.25,"type":"setColor","g":0,"angle":-247.5,"r":195,"color":0},{"r":0,"b":0,"time":188.75,"type":"setColor","g":0,"angle":-258.75,"order":0,"color":0},{"order":1,"b":65,"time":188.75,"angle":-247.5,"g":0,"type":"setColor","r":195,"color":1},{"order":0,"time":189.25,"b":0,"angle":-258.75,"g":0,"type":"setColor","r":0,"color":1},{"order":1,"b":65,"time":189.25,"type":"setColor","g":0,"angle":-247.5,"r":195,"color":0},{"r":0,"b":0,"time":189.75,"type":"setColor","g":0,"angle":-258.75,"order":0,"color":0},{"order":1,"b":65,"time":189.75,"angle":-247.5,"g":0,"type":"setColor","r":195,"color":1},{"b":0,"duration":1.5,"order":0,"time":190.5,"angle":281.25,"g":0,"type":"setColor","r":0,"color":1},{"b":65,"duration":1.5,"order":1,"time":190.5,"angle":270,"g":0,"type":"setColor","r":195,"color":0},{"order":0,"time":192.25,"b":0,"angle":247.5,"g":0,"type":"setColor","r":0,"color":0},{"order":1,"time":192.25,"b":65,"type":"setColor","g":0,"angle":236.25,"r":195,"color":1},{"r":0,"b":0,"time":192.75,"type":"setColor","g":0,"angle":247.5,"order":0,"color":1},{"order":1,"b":65,"time":192.75,"type":"setColor","g":0,"angle":236.25,"r":195,"color":0},{"r":0,"b":0,"time":193.25,"type":"setColor","g":0,"angle":247.5,"order":0,"color":0},{"order":1,"b":65,"time":193.25,"angle":236.25,"g":0,"type":"setColor","r":195,"color":1},{"order":0,"time":193.75,"b":0,"type":"setColor","g":0,"angle":247.5,"r":0,"color":1},{"r":195,"time":193.75,"b":65,"type":"setColor","g":0,"angle":236.25,"order":1,"color":0},{"b":0,"duration":1.5,"order":0,"time":194.5,"angle":303.75,"g":0,"type":"setColor","r":0,"color":0},{"b":65,"duration":1.5,"r":195,"time":194.5,"angle":292.5,"g":0,"type":"setColor","order":1,"color":1},{"order":0,"b":0,"time":196.25,"angle":-258.75,"g":0,"type":"setColor","r":0,"color":1},{"order":1,"b":65,"time":196.25,"type":"setColor","g":0,"angle":-247.5,"r":195,"color":0},{"r":0,"b":0,"time":196.75,"type":"setColor","g":0,"angle":-258.75,"order":0,"color":0},{"order":1,"b":65,"time":196.75,"angle":-247.5,"g":0,"type":"setColor","r":195,"color":1},{"order":0,"time":197.25,"b":0,"angle":-258.75,"g":0,"type":"setColor","r":0,"color":1},{"order":1,"b":65,"time":197.25,"type":"setColor","g":0,"angle":-247.5,"r":195,"color":0},{"r":0,"b":0,"time":197.75,"type":"setColor","g":0,"angle":-258.75,"order":0,"color":0},{"order":1,"b":65,"time":197.75,"angle":-247.5,"g":0,"type":"setColor","r":195,"color":1},{"b":0,"duration":1.5,"order":0,"time":198.5,"type":"setColor","g":0,"angle":281.25,"r":0,"color":1},{"b":65,"duration":1,"r":195,"time":198.5,"type":"setColor","g":0,"angle":270,"order":1,"color":0},{"b":65,"duration":1,"order":1,"time":201,"type":"setColor","g":0,"angle":281.25,"r":195,"color":1},{"b":0,"duration":1,"r":0,"time":201,"type":"setColor","g":0,"angle":292.5,"order":1,"color":0},{"order":0,"b":0,"time":204.25,"angle":-258.75,"g":0,"type":"setColor","r":0,"color":1},{"order":1,"b":65,"time":204.25,"type":"setColor","g":0,"angle":-247.5,"r":195,"color":0},{"r":0,"b":0,"time":204.75,"type":"setColor","g":0,"angle":-258.75,"order":0,"color":0},{"order":1,"b":65,"time":204.75,"angle":-247.5,"g":0,"type":"setColor","r":195,"color":1},{"order":0,"time":205.25,"b":0,"angle":-258.75,"g":0,"type":"setColor","r":0,"color":1},{"order":1,"b":65,"time":205.25,"type":"setColor","g":0,"angle":-247.5,"r":195,"color":0},{"r":0,"b":0,"time":205.75,"type":"setColor","g":0,"angle":-258.75,"order":0,"color":0},{"order":1,"b":65,"time":205.75,"angle":-247.5,"g":0,"type":"setColor","r":195,"color":1},{"b":0,"duration":1.5,"order":0,"time":206.5,"angle":281.25,"g":0,"type":"setColor","r":0,"color":1},{"b":65,"duration":1.5,"order":1,"time":206.5,"angle":270,"g":0,"type":"setColor","r":195,"color":0},{"order":0,"time":208.25,"b":0,"angle":247.5,"g":0,"type":"setColor","r":0,"color":0},{"order":1,"time":208.25,"b":65,"type":"setColor","g":0,"angle":236.25,"r":195,"color":1},{"r":0,"b":0,"time":208.75,"type":"setColor","g":0,"angle":247.5,"order":0,"color":1},{"order":1,"b":65,"time":208.75,"type":"setColor","g":0,"angle":236.25,"r":195,"color":0},{"r":0,"b":0,"time":209.25,"type":"setColor","g":0,"angle":247.5,"order":0,"color":0},{"order":1,"b":65,"time":209.25,"angle":236.25,"g":0,"type":"setColor","r":195,"color":1},{"order":0,"time":209.75,"b":0,"type":"setColor","g":0,"angle":247.5,"r":0,"color":1},{"r":195,"time":209.75,"b":65,"type":"setColor","g":0,"angle":236.25,"order":1,"color":0},{"b":0,"duration":1.5,"order":0,"time":210.5,"angle":303.75,"g":0,"type":"setColor","r":0,"color":0},{"b":65,"duration":1.5,"r":195,"time":210.5,"angle":292.5,"g":0,"type":"setColor","order":1,"color":1},{"order":0,"b":0,"time":212.25,"angle":-258.75,"g":0,"type":"setColor","r":0,"color":1},{"order":1,"b":65,"time":212.25,"type":"setColor","g":0,"angle":-247.5,"r":195,"color":0},{"r":0,"b":0,"time":212.75,"type":"setColor","g":0,"angle":-258.75,"order":0,"color":0},{"order":1,"b":65,"time":212.75,"angle":-247.5,"g":0,"type":"setColor","r":195,"color":1},{"order":0,"time":213.25,"b":0,"angle":-258.75,"g":0,"type":"setColor","r":0,"color":1},{"order":1,"b":65,"time":213.25,"type":"setColor","g":0,"angle":-247.5,"r":195,"color":0},{"r":0,"b":0,"time":213.75,"type":"setColor","g":0,"angle":-258.75,"order":0,"color":0},{"order":1,"b":65,"time":213.75,"angle":-247.5,"g":0,"type":"setColor","r":195,"color":1},{"b":0,"duration":1.5,"order":0,"time":214.5,"angle":281.25,"g":0,"type":"setColor","r":0,"color":1},{"b":65,"duration":1.5,"order":1,"time":214.5,"angle":270,"g":0,"type":"setColor","r":195,"color":0},{"order":0,"time":216.25,"b":0,"angle":247.5,"g":0,"type":"setColor","r":0,"color":0},{"order":1,"time":216.25,"b":65,"type":"setColor","g":0,"angle":236.25,"r":195,"color":1},{"r":0,"b":0,"time":216.75,"type":"setColor","g":0,"angle":247.5,"order":0,"color":1},{"order":1,"b":65,"time":216.75,"type":"setColor","g":0,"angle":236.25,"r":195,"color":0},{"r":0,"b":0,"time":217.25,"type":"setColor","g":0,"angle":247.5,"order":0,"color":0},{"order":1,"b":65,"time":217.25,"angle":236.25,"g":0,"type":"setColor","r":195,"color":1},{"order":0,"time":217.75,"b":0,"angle":247.5,"g":0,"type":"setColor","r":0,"color":1},{"r":195,"time":217.75,"b":65,"angle":236.25,"g":0,"type":"setColor","order":1,"color":0},{"order":0,"b":255,"time":219,"angle":315,"g":255,"type":"setColor","r":255,"color":0},{"b":0,"duration":20,"r":0,"time":219,"angle":303.75,"g":0,"type":"setColor","order":1,"color":0},{"time":219,"b":255,"type":"setColor","g":255,"angle":292.5,"r":255,"color":1},{"duration":7.5,"time":236,"b":65,"type":"setColor","g":0,"angle":168.75,"r":195,"color":1},{"time":249,"b":28,"angle":168.75,"g":0,"type":"setColor","r":84,"color":1},{"time":250,"b":0,"angle":168.75,"g":0,"type":"setColor","r":0,"color":1},{"duration":2,"b":255,"time":252,"type":"setColor","g":255,"angle":202.5,"r":255,"color":1},{"duration":4,"b":65,"time":259,"type":"setColor","g":0,"angle":191.25,"r":195,"color":1},{"duration":0.5,"time":263,"b":35,"type":"setColor","g":0,"angle":258.75,"r":104,"color":1},{"r":255,"time":264,"b":207,"type":"setColor","g":179,"angle":236.25,"order":0,"color":1},{"b":65,"duration":0.75,"angle":225,"time":264,"order":1,"g":0,"type":"setColor","r":195,"color":1},{"order":0,"b":207,"time":265,"angle":236.25,"g":179,"type":"setColor","r":255,"color":1},{"b":65,"duration":0.75,"angle":225,"time":265,"order":1,"g":0,"type":"setColor","r":195,"color":1},{"order":0,"b":207,"time":266,"angle":236.25,"g":179,"type":"setColor","r":255,"color":1},{"b":65,"duration":0.75,"angle":225,"time":266,"order":1,"g":0,"type":"setColor","r":195,"color":1},{"order":0,"b":207,"time":267,"angle":236.25,"g":179,"type":"setColor","r":255,"color":1},{"b":65,"duration":0.75,"angle":225,"time":267,"order":1,"g":0,"type":"setColor","r":195,"color":1},{"order":0,"b":207,"time":268,"angle":236.25,"g":179,"type":"setColor","r":255,"color":1},{"b":65,"duration":0.75,"angle":225,"time":268,"order":1,"g":0,"type":"setColor","r":195,"color":1},{"order":0,"b":207,"time":269,"angle":236.25,"g":179,"type":"setColor","r":255,"color":1},{"b":65,"duration":0.75,"angle":225,"time":269,"order":1,"g":0,"type":"setColor","r":195,"color":1},{"order":0,"b":207,"time":270,"angle":236.25,"g":179,"type":"setColor","r":255,"color":1},{"b":65,"duration":0.75,"angle":225,"time":270,"order":1,"g":0,"type":"setColor","r":195,"color":1},{"order":0,"b":207,"time":271,"angle":236.25,"g":179,"type":"setColor","r":255,"color":1},{"b":65,"duration":0.75,"angle":225,"time":271,"order":1,"g":0,"type":"setColor","r":195,"color":1},{"order":0,"b":207,"time":272,"angle":236.25,"g":179,"type":"setColor","r":255,"color":1},{"b":65,"duration":0.75,"angle":225,"time":272,"order":1,"g":0,"type":"setColor","r":195,"color":1},{"order":0,"b":207,"time":273,"angle":236.25,"g":179,"type":"setColor","r":255,"color":1},{"b":65,"duration":0.75,"angle":225,"time":273,"order":1,"g":0,"type":"setColor","r":195,"color":1},{"type":"ease","time":264,"start":1.25,"value":1,"angle":213.75,"var":"vfx.canvPos.sx","duration":1},{"type":"ease","time":264,"start":1.25,"value":1,"angle":202.5,"var":"vfx.canvPos.sy","duration":1},{"angle":213.75,"time":265,"start":1.25,"value":1,"type":"ease","duration":1,"var":"vfx.canvPos.sx"},{"angle":202.5,"time":265,"start":1.25,"value":1,"type":"ease","duration":1,"var":"vfx.canvPos.sy"},{"angle":213.75,"time":266,"start":1.25,"value":1,"type":"ease","duration":1,"var":"vfx.canvPos.sx"},{"angle":202.5,"time":266,"start":1.25,"value":1,"type":"ease","duration":1,"var":"vfx.canvPos.sy"},{"var":"vfx.canvPos.sx","time":267,"start":1.25,"value":1,"angle":213.75,"duration":1,"type":"ease"},{"angle":202.5,"time":267,"start":1.25,"value":1,"type":"ease","duration":1,"var":"vfx.canvPos.sy"},{"var":"vfx.canvPos.sx","time":268,"start":1.25,"value":1,"angle":213.75,"duration":1,"type":"ease"},{"angle":202.5,"time":268,"start":1.25,"value":1,"type":"ease","duration":1,"var":"vfx.canvPos.sy"},{"type":"ease","time":269,"start":1.25,"value":1,"angle":213.75,"var":"vfx.canvPos.sx","duration":1},{"angle":202.5,"time":269,"start":1.25,"value":1,"type":"ease","duration":1,"var":"vfx.canvPos.sy"},{"type":"ease","time":270,"start":1.25,"value":1,"angle":213.75,"var":"vfx.canvPos.sx","duration":1},{"angle":202.5,"time":270,"start":1.25,"value":1,"type":"ease","duration":1,"var":"vfx.canvPos.sy"},{"duration":1,"time":271,"start":1.25,"value":1,"type":"ease","var":"vfx.canvPos.sx","angle":213.75},{"angle":202.5,"time":271,"start":1.25,"value":1,"type":"ease","duration":1,"var":"vfx.canvPos.sy"},{"duration":1,"time":272,"start":1.25,"value":1,"type":"ease","var":"vfx.canvPos.sx","angle":213.75},{"angle":202.5,"time":272,"start":1.25,"value":1,"type":"ease","duration":1,"var":"vfx.canvPos.sy"},{"angle":213.75,"time":273,"start":1.25,"value":1,"type":"ease","duration":1,"var":"vfx.canvPos.sx"},{"angle":202.5,"time":273,"start":1.25,"value":1,"type":"ease","duration":1,"var":"vfx.canvPos.sy"},{"order":0,"b":207,"time":274,"angle":236.25,"g":179,"type":"setColor","r":255,"color":1},{"b":65,"duration":0.75,"angle":225,"time":274,"order":1,"g":0,"type":"setColor","r":195,"color":1},{"r":255,"time":275,"b":207,"type":"setColor","g":179,"angle":236.25,"order":0,"color":1},{"b":65,"duration":0.75,"angle":225,"time":275,"order":1,"g":0,"type":"setColor","r":195,"color":1},{"r":255,"time":276,"b":207,"type":"setColor","g":179,"angle":236.25,"order":0,"color":1},{"b":65,"duration":0.75,"angle":225,"time":276,"order":1,"g":0,"type":"setColor","r":195,"color":1},{"r":255,"time":277,"b":207,"type":"setColor","g":179,"angle":236.25,"order":0,"color":1},{"b":65,"duration":0.75,"angle":225,"time":277,"order":1,"g":0,"type":"setColor","r":195,"color":1},{"r":255,"time":278,"b":207,"type":"setColor","g":179,"angle":236.25,"order":0,"color":1},{"b":65,"duration":0.75,"angle":225,"time":278,"order":1,"g":0,"type":"setColor","r":195,"color":1},{"r":255,"time":279,"b":207,"type":"setColor","g":179,"angle":236.25,"order":0,"color":1},{"b":65,"duration":0.75,"angle":225,"time":279,"order":1,"g":0,"type":"setColor","r":195,"color":1},{"r":255,"time":280,"b":207,"type":"setColor","g":179,"angle":236.25,"order":0,"color":1},{"b":65,"duration":0.75,"angle":225,"time":280,"order":1,"g":0,"type":"setColor","r":195,"color":1},{"r":255,"time":281,"b":207,"type":"setColor","g":179,"angle":236.25,"order":0,"color":1},{"b":65,"duration":0.75,"angle":225,"time":281,"order":1,"g":0,"type":"setColor","r":195,"color":1},{"r":255,"time":282,"b":207,"type":"setColor","g":179,"angle":236.25,"order":0,"color":1},{"b":65,"duration":0.75,"angle":225,"time":282,"order":1,"g":0,"type":"setColor","r":195,"color":1},{"r":255,"time":283,"b":207,"type":"setColor","g":179,"angle":236.25,"order":0,"color":1},{"b":65,"duration":0.75,"angle":225,"time":283,"order":1,"g":0,"type":"setColor","r":195,"color":1},{"angle":213.75,"time":274,"start":1.25,"value":1,"type":"ease","duration":1,"var":"vfx.canvPos.sx"},{"angle":202.5,"time":274,"start":1.25,"value":1,"type":"ease","duration":1,"var":"vfx.canvPos.sy"},{"type":"ease","time":275,"start":1.25,"value":1,"angle":213.75,"var":"vfx.canvPos.sx","duration":1},{"type":"ease","time":275,"start":1.25,"value":1,"angle":202.5,"var":"vfx.canvPos.sy","duration":1},{"type":"ease","time":276,"start":1.25,"value":1,"angle":213.75,"var":"vfx.canvPos.sx","duration":1},{"type":"ease","time":276,"start":1.25,"value":1,"angle":202.5,"var":"vfx.canvPos.sy","duration":1},{"duration":1,"time":277,"start":1.25,"value":1,"type":"ease","var":"vfx.canvPos.sx","angle":213.75},{"type":"ease","time":277,"start":1.25,"value":1,"angle":202.5,"var":"vfx.canvPos.sy","duration":1},{"duration":1,"time":278,"start":1.25,"value":1,"type":"ease","var":"vfx.canvPos.sx","angle":213.75},{"type":"ease","time":278,"start":1.25,"value":1,"angle":202.5,"var":"vfx.canvPos.sy","duration":1},{"angle":213.75,"time":279,"start":1.25,"value":1,"type":"ease","duration":1,"var":"vfx.canvPos.sx"},{"type":"ease","time":279,"start":1.25,"value":1,"angle":202.5,"var":"vfx.canvPos.sy","duration":1},{"angle":213.75,"time":280,"start":1.25,"value":1,"type":"ease","duration":1,"var":"vfx.canvPos.sx"},{"type":"ease","time":280,"start":1.25,"value":1,"angle":202.5,"var":"vfx.canvPos.sy","duration":1},{"var":"vfx.canvPos.sx","time":281,"start":1.25,"value":1,"angle":213.75,"duration":1,"type":"ease"},{"type":"ease","time":281,"start":1.25,"value":1,"angle":202.5,"var":"vfx.canvPos.sy","duration":1},{"var":"vfx.canvPos.sx","time":282,"start":1.25,"value":1,"angle":213.75,"duration":1,"type":"ease"},{"type":"ease","time":282,"start":1.25,"value":1,"angle":202.5,"var":"vfx.canvPos.sy","duration":1},{"type":"ease","time":283,"start":1.25,"value":1,"angle":213.75,"var":"vfx.canvPos.sx","duration":1},{"type":"ease","time":283,"start":1.25,"value":1,"angle":202.5,"var":"vfx.canvPos.sy","duration":1},{"order":0,"b":207,"time":284,"angle":236.25,"g":179,"type":"setColor","r":255,"color":1},{"b":65,"duration":0.75,"angle":225,"time":284,"order":1,"g":0,"type":"setColor","r":195,"color":1},{"r":255,"time":285,"b":207,"type":"setColor","g":179,"angle":236.25,"order":0,"color":1},{"b":65,"duration":0.75,"angle":225,"time":285,"order":1,"g":0,"type":"setColor","r":195,"color":1},{"r":255,"time":286,"b":207,"type":"setColor","g":179,"angle":236.25,"order":0,"color":1},{"b":65,"duration":0.75,"angle":225,"time":286,"order":1,"g":0,"type":"setColor","r":195,"color":1},{"r":255,"time":287,"b":207,"type":"setColor","g":179,"angle":236.25,"order":0,"color":1},{"b":65,"duration":0.75,"angle":225,"time":287,"order":1,"g":0,"type":"setColor","r":195,"color":1},{"r":255,"time":288,"b":207,"type":"setColor","g":179,"angle":236.25,"order":0,"color":1},{"b":65,"duration":0.75,"angle":225,"time":288,"order":1,"g":0,"type":"setColor","r":195,"color":1},{"r":255,"time":289,"b":207,"type":"setColor","g":179,"angle":236.25,"order":0,"color":1},{"b":65,"duration":0.75,"angle":225,"time":289,"order":1,"g":0,"type":"setColor","r":195,"color":1},{"r":255,"time":290,"b":207,"type":"setColor","g":179,"angle":236.25,"order":0,"color":1},{"b":65,"duration":0.75,"angle":225,"time":290,"order":1,"g":0,"type":"setColor","r":195,"color":1},{"r":255,"time":291,"b":207,"type":"setColor","g":179,"angle":236.25,"order":0,"color":1},{"b":65,"duration":0.75,"angle":225,"time":291,"order":1,"g":0,"type":"setColor","r":195,"color":1},{"r":255,"time":292,"b":207,"type":"setColor","g":179,"angle":236.25,"order":0,"color":1},{"b":65,"duration":0.75,"angle":225,"time":292,"order":1,"g":0,"type":"setColor","r":195,"color":1},{"r":255,"time":293,"b":207,"type":"setColor","g":179,"angle":236.25,"order":0,"color":1},{"b":65,"duration":0.75,"angle":225,"time":293,"order":1,"g":0,"type":"setColor","r":195,"color":1},{"angle":213.75,"time":284,"start":1.25,"value":1,"type":"ease","duration":1,"var":"vfx.canvPos.sx"},{"angle":202.5,"time":284,"start":1.25,"value":1,"type":"ease","duration":1,"var":"vfx.canvPos.sy"},{"type":"ease","time":285,"start":1.25,"value":1,"angle":213.75,"var":"vfx.canvPos.sx","duration":1},{"type":"ease","time":285,"start":1.25,"value":1,"angle":202.5,"var":"vfx.canvPos.sy","duration":1},{"type":"ease","time":286,"start":1.25,"value":1,"angle":213.75,"var":"vfx.canvPos.sx","duration":1},{"type":"ease","time":286,"start":1.25,"value":1,"angle":202.5,"var":"vfx.canvPos.sy","duration":1},{"duration":1,"time":287,"start":1.25,"value":1,"type":"ease","var":"vfx.canvPos.sx","angle":213.75},{"type":"ease","time":287,"start":1.25,"value":1,"angle":202.5,"var":"vfx.canvPos.sy","duration":1},{"duration":1,"time":288,"start":1.25,"value":1,"type":"ease","var":"vfx.canvPos.sx","angle":213.75},{"type":"ease","time":288,"start":1.25,"value":1,"angle":202.5,"var":"vfx.canvPos.sy","duration":1},{"angle":213.75,"time":289,"start":1.25,"value":1,"type":"ease","duration":1,"var":"vfx.canvPos.sx"},{"type":"ease","time":289,"start":1.25,"value":1,"angle":202.5,"var":"vfx.canvPos.sy","duration":1},{"angle":213.75,"time":290,"start":1.25,"value":1,"type":"ease","duration":1,"var":"vfx.canvPos.sx"},{"type":"ease","time":290,"start":1.25,"value":1,"angle":202.5,"var":"vfx.canvPos.sy","duration":1},{"var":"vfx.canvPos.sx","time":291,"start":1.25,"value":1,"angle":213.75,"duration":1,"type":"ease"},{"type":"ease","time":291,"start":1.25,"value":1,"angle":202.5,"var":"vfx.canvPos.sy","duration":1},{"var":"vfx.canvPos.sx","time":292,"start":1.25,"value":1,"angle":213.75,"duration":1,"type":"ease"},{"type":"ease","time":292,"start":1.25,"value":1,"angle":202.5,"var":"vfx.canvPos.sy","duration":1},{"type":"ease","time":293,"start":1.25,"value":1,"angle":213.75,"var":"vfx.canvPos.sx","duration":1},{"type":"ease","time":293,"start":1.25,"value":1,"angle":202.5,"var":"vfx.canvPos.sy","duration":1},{"order":0,"b":207,"time":294,"angle":236.25,"g":179,"type":"setColor","r":255,"color":1},{"b":65,"duration":0.75,"angle":225,"time":294,"order":1,"g":0,"type":"setColor","r":195,"color":1},{"r":255,"time":295,"b":207,"type":"setColor","g":179,"angle":236.25,"order":0,"color":1},{"b":65,"duration":0.75,"angle":225,"time":295,"order":1,"g":0,"type":"setColor","r":195,"color":1},{"r":255,"time":296,"b":207,"type":"setColor","g":179,"angle":236.25,"order":0,"color":1},{"b":65,"duration":0.75,"angle":225,"time":296,"order":1,"g":0,"type":"setColor","r":195,"color":1},{"r":255,"time":297,"b":207,"type":"setColor","g":179,"angle":236.25,"order":0,"color":1},{"b":65,"duration":0.75,"angle":225,"time":297,"order":1,"g":0,"type":"setColor","r":195,"color":1},{"r":255,"time":298,"b":207,"type":"setColor","g":179,"angle":236.25,"order":0,"color":1},{"b":65,"duration":0.75,"angle":225,"time":298,"order":1,"g":0,"type":"setColor","r":195,"color":1},{"r":255,"time":299,"b":207,"type":"setColor","g":179,"angle":236.25,"order":0,"color":1},{"b":65,"duration":0.75,"angle":225,"time":299,"order":1,"g":0,"type":"setColor","r":195,"color":1},{"angle":213.75,"time":294,"start":1.25,"value":1,"type":"ease","duration":1,"var":"vfx.canvPos.sx"},{"angle":202.5,"time":294,"start":1.25,"value":1,"type":"ease","duration":1,"var":"vfx.canvPos.sy"},{"type":"ease","time":295,"start":1.25,"value":1,"angle":213.75,"var":"vfx.canvPos.sx","duration":1},{"type":"ease","time":295,"start":1.25,"value":1,"angle":202.5,"var":"vfx.canvPos.sy","duration":1},{"type":"ease","time":296,"start":1.25,"value":1,"angle":213.75,"var":"vfx.canvPos.sx","duration":1},{"type":"ease","time":296,"start":1.25,"value":1,"angle":202.5,"var":"vfx.canvPos.sy","duration":1},{"duration":1,"time":297,"start":1.25,"value":1,"type":"ease","var":"vfx.canvPos.sx","angle":213.75},{"type":"ease","time":297,"start":1.25,"value":1,"angle":202.5,"var":"vfx.canvPos.sy","duration":1},{"duration":1,"time":298,"start":1.25,"value":1,"type":"ease","var":"vfx.canvPos.sx","angle":213.75},{"type":"ease","time":298,"start":1.25,"value":1,"angle":202.5,"var":"vfx.canvPos.sy","duration":1},{"angle":213.75,"time":299,"start":1.25,"value":1,"type":"ease","duration":1,"var":"vfx.canvPos.sx"},{"type":"ease","time":299,"start":1.25,"value":1,"angle":202.5,"var":"vfx.canvPos.sy","duration":1},{"duration":4,"b":255,"time":300,"type":"setColor","g":255,"angle":326.25,"r":255,"color":1},{"time":310,"b":65,"type":"setColor","g":0,"angle":326.25,"r":195,"color":0},{"b":0,"time":310,"type":"setColor","g":0,"angle":337.5,"r":0,"color":1},{"b":255,"time":311,"angle":337.5,"g":255,"type":"setColor","r":255,"color":1}]}