[{"tap":true,"angle":315,"type":"block","time":6},{"tap":true,"angle":45,"type":"block","time":6.5},{"tap":true,"angle":360,"type":"block","time":5.5},{"time":7,"type":"block","angle":123.75},{"time":7.5,"type":"block","angle":180},{"time":7.75,"type":"block","angle":180},{"time":8.25,"type":"block","angle":123.75},{"time":8.75,"type":"block","angle":270},{"time":9.75,"type":"block","angle":0},{"time":12.5,"type":"block","angle":0},{"time":15.75,"type":"block","angle":90},{"time":15.5,"type":"block","angle":90},{"time":16.25,"type":"block","angle":0},{"time":16.75,"type":"block","angle":270},{"time":17.5,"type":"block","angle":0},{"time":18.5,"type":"block","angle":-540},{"time":19.5,"type":"block","angle":360},{"time":19.75,"type":"block","angle":360},{"time":20.25,"type":"block","angle":292.5},{"time":21.25,"type":"block","angle":146.25},{"time":22.25,"type":"block","angle":247.5},{"time":21.75,"type":"block","angle":202.5},{"time":22.75,"type":"block","angle":-202.5},{"time":22.75,"type":"block","angle":202.5},{"time":23.5,"type":"block","angle":-180},{"time":23.75,"type":"block","angle":-180},{"time":24.25,"type":"block","angle":270},{"time":24.75,"type":"block","angle":90},{"time":25.75,"type":"block","angle":315},{"time":26.75,"type":"block","angle":45},{"time":27.5,"type":"block","angle":0},{"time":27.75,"type":"block","angle":0},{"time":28.25,"type":"block","angle":270},{"time":28.75,"type":"block","angle":90},{"time":37.75,"type":"block","angle":360},{"time":10.75,"type":"block","angle":90},{"time":48.75,"type":"hold","angle":416.25,"duration":0.5,"angle2":360},{"time":48.25,"type":"block","angle":33.75},{"time":49.25,"type":"block","angle":11.25},{"time":49.75,"type":"block","angle":11.25},{"time":50.25,"type":"block","angle":11.25},{"time":51,"type":"block","angle":270},{"time":51.75,"type":"block","angle":236.25},{"time":52.25,"type":"block","angle":135},{"time":57.5,"type":"block","angle":-180},{"time":58,"type":"block","angle":-540},{"time":63.5,"type":"block","angle":67.5},{"time":63.75,"type":"block","angle":135},{"time":64.25,"type":"block","angle":101.25},{"time":64.75,"type":"block","angle":90},{"time":65.5,"type":"block","angle":0},{"time":65.75,"type":"block","angle":303.75},{"time":66.25,"type":"block","angle":337.5},{"time":67,"type":"block","angle":0},{"time":68,"type":"block","angle":-180},{"time":69,"type":"block","angle":270},{"time":69.25,"type":"hold","angle":292.5,"duration":0.75,"angle2":360},{"time":70.75,"type":"block","angle":90},{"time":71.5,"type":"block","angle":303.75},{"time":71.75,"type":"block","angle":56.25},{"time":72.25,"type":"block","angle":0},{"time":73,"type":"block","angle":270},{"time":73.75,"type":"block","angle":90},{"time":74.75,"type":"block","angle":0},{"time":75.5,"type":"block","angle":180},{"time":75.75,"type":"block","angle":180},{"time":76.25,"type":"block","angle":270},{"time":76.75,"type":"hold","angle":90,"duration":1,"angle2":-180},{"time":78.5,"type":"block","angle":0},{"time":80.25,"type":"block","angle":0},{"time":81,"type":"block","angle":180},{"time":81.75,"type":"block","angle":45},{"time":82.25,"type":"block","angle":67.5},{"time":83,"type":"block","angle":270},{"time":83.5,"type":"block","angle":236.25},{"time":83.75,"type":"block","angle":292.5},{"time":84.25,"type":"block","angle":270},{"time":84.75,"type":"block","angle":90},{"time":86.75,"type":"block","angle":0},{"time":87.5,"type":"block","angle":337.5},{"time":87.75,"type":"block","angle":22.5},{"time":88.25,"type":"block","angle":0},{"time":89.75,"type":"block","angle":0},{"time":88.75,"type":"block","angle":180},{"time":91.5,"type":"block","angle":-180},{"time":90.75,"type":"block","angle":180},{"time":91.75,"type":"block","angle":-180},{"time":92.25,"type":"block","angle":270},{"time":92.75,"type":"block","angle":90},{"time":98.75,"type":"block","angle":-180},{"time":100.25,"type":"block","angle":-540},{"time":100.75,"type":"block","angle":-180},{"time":101.75,"type":"block","angle":180},{"time":107.25,"type":"block","angle":33.75},{"time":107.5,"type":"block","angle":326.25},{"time":107.75,"type":"block","angle":0},{"time":108.25,"type":"block","angle":0},{"time":108.75,"type":"block","angle":0},{"time":11.75,"type":"side","angle":45},{"time":11.5,"type":"side","angle":315},{"time":12,"type":"side","angle":315},{"time":13,"type":"hold","angle":360,"duration":1.75,"angle2":675},{"time":20.75,"type":"hold","angle":56.25,"duration":1.5,"angle2":236.25},{"tap":true,"angle":315,"type":"side","time":30.75},{"tap":true,"angle":33.75,"type":"side","time":31.75},{"tap":true,"angle":326.25,"type":"side","time":32.75},{"tap":true,"angle":33.75,"type":"side","time":33.75},{"time":35.25,"type":"side","angle":45},{"time":35.5,"type":"side","angle":315},{"time":35.75,"type":"side","angle":45},{"time":36.25,"type":"block","angle":0},{"time":36.75,"type":"block","angle":180},{"time":34.75,"type":"side","angle":315},{"time":38.5,"type":"hold","angle":0,"duration":0.25,"angle2":-45},{"time":39,"type":"hold","angle":33.75,"duration":0.25,"angle2":-22.5},{"time":39.25,"type":"hold","angle":337.5,"duration":0.25,"angle2":382.5},{"time":39.5,"type":"hold","angle":22.5,"duration":0.25,"angle2":-11.25},{"time":39.75,"type":"hold","angle":348.75,"duration":0.25,"angle2":371.25},{"time":40,"type":"hold","angle":11.25,"duration":0.5,"angle2":45},{"time":42,"type":"hold","angle":11.25,"duration":0.5,"angle2":-11.25},{"time":41,"type":"hold","angle":326.25,"duration":0.5,"angle2":360},{"time":41.5,"type":"hold","angle":0,"duration":0.5,"angle2":-11.25},{"time":38.75,"type":"hold","angle":315,"duration":0.25,"angle2":393.75},{"time":40.5,"type":"hold","angle":45,"duration":0,"angle2":11.25},{"time":40.5,"type":"hold","angle":360,"duration":0.5,"angle2":326.25},{"time":43,"type":"hold","angle":360,"duration":1.25,"angle2":720},{"time":44.75,"type":"hold","angle":0,"duration":1.25,"angle2":-540},{"time":46.75,"type":"block","angle":0},{"time":47,"type":"hold","angle":0,"duration":1.5,"angle2":-180},{"time":48.5,"type":"hold","angle":180,"duration":0.25,"angle2":225},{"time":48.75,"type":"hold","angle":225,"duration":0.25,"angle2":202.5},{"time":49,"type":"hold","angle":202.5,"duration":0,"angle2":168.75},{"time":49.25,"type":"block","angle":202.5},{"time":49.75,"type":"block","angle":202.5},{"time":50.25,"type":"block","angle":202.5},{"time":53,"type":"hold","angle":0,"duration":1,"angle2":168.75},{"time":54,"type":"hold","angle":168.75,"duration":0.75,"angle2":168.75},{"time":54.75,"type":"hold","angle":168.75,"duration":1,"angle2":236.25},{"time":58.75,"type":"hold","angle":180,"duration":1,"angle2":236.25},{"time":59.75,"type":"hold","angle":236.25,"duration":1,"angle2":146.25},{"time":60.75,"type":"hold","angle":146.25,"duration":1,"angle2":236.25},{"time":55.75,"type":"hold","angle":236.25,"duration":0.25,"angle2":180},{"time":56,"type":"hold","angle":180,"duration":0.75,"angle2":202.5},{"time":54,"type":"hold","angle":348.75,"duration":0.75,"angle2":348.75},{"time":54.75,"type":"hold","angle":348.75,"duration":1,"angle2":416.25},{"time":55.75,"type":"hold","angle":56.25,"duration":1,"angle2":-11.25},{"time":54,"type":"hold","angle":168.75,"duration":0,"angle2":348.75},{"time":79.25,"type":"side","angle":326.25},{"time":79.5,"type":"side","angle":33.75},{"time":79.75,"type":"side","angle":326.25},{"time":85.25,"type":"hold","angle":78.75,"duration":0.5,"angle2":11.25},{"time":85.75,"type":"hold","angle":11.25,"duration":0.5,"angle2":45},{"time":86.25,"type":"hold","angle":45,"duration":0.5,"angle2":-22.5},{"time":109.75,"type":"hold","angle":0,"duration":0.75,"angle2":270},{"tap":true,"angle":236.25,"type":"side","time":94.75},{"tap":true,"angle":135,"type":"side","time":95.75},{"tap":true,"angle":225,"type":"side","time":96.75},{"tap":true,"angle":135,"type":"side","time":97.75},{"tap":true,"angle":315,"type":"side","time":102.75},{"tap":true,"angle":45,"type":"side","time":103.75},{"tap":true,"angle":315,"type":"side","time":104.75},{"tap":true,"angle":45,"type":"side","time":105.75},{"tap":true,"angle":315,"type":"side","time":106.75},{"time":99.25,"type":"block","angle":213.75},{"time":99.5,"type":"block","angle":146.25},{"time":99.75,"type":"block","angle":202.5},{"time":110.5,"type":"side","angle":303.75}]