{"properties":{"offset":4,"startBeat":0,"speed":70,"formatversion":12},"events":[{"offset":0,"time":5.25,"type":"play","volume":1,"file":"blueberry pie.ogg","bpm":138,"angle":0},{"time":0.25,"angle":22.5,"type":"forcePlayerSprite","spriteName":"happy"},{"time":0,"order":0,"color":2,"type":"setBgColor","angle":360},{"ease":"linear","angle":270,"type":"setColor","order":1,"time":0,"g":14,"duration":1,"b":14,"color":2,"r":26},{"time":0,"r":219,"g":164,"b":41,"angle":315,"type":"setColor","color":0},{"time":0,"r":160,"g":85,"b":0,"angle":292.5,"type":"setColor","color":1},{"time":110.5,"type":"showResults","angle":337.5},{"type":"paddles","angle":22.5,"duration":2.5,"paddle":2,"enabled":true,"time":46.75,"ease":"inOutQuart","newAngle":180},{"duration":1,"angle":360,"type":"paddles","enabled":true,"time":57.75,"ease":"linear","paddle":2,"newAngle":0},{"time":0.25,"chance":0.9990000128746,"color":3,"type":"noise","angle":45},{"time":0,"r":93,"g":41,"b":11,"angle":247.5,"type":"setColor","color":3},{"time":0,"r":119,"angle":225,"b":16,"color":4,"type":"setColor","g":46},{"time":0,"r":164,"angle":202.5,"b":0,"color":5,"type":"setColor","g":65},{"time":0,"g":132,"angle":180,"b":18,"color":6,"type":"setColor","r":208},{"sx":1,"sy":1,"angle":360,"type":"deco","sprite":"curtain.png","time":0.5,"x":0,"y":0,"id":"","drawLayer":"bg"}],"metadata":{"artistLink":"","songName":"Big Fat Bitchie’s Blueberry Pie, Christmas Tree, and Recreational Jell-o Emporium a.k.a. “Mr. Boy is on the Roof Again” (Feat. Pasta by Sneakers McSqueakers) [From “B.F.B.’s B-Sides: Bagel Batches, Marsh-Mallows, & Barsh-Mallows”]","artist":"Will Wood","charter":"Kem","description":"big ass \ntitle","bgData":{"image":"ICIMIPOSTER.png","redChannel":{"b":3,"g":29,"r":107},"blueChannel":{"b":0,"g":85,"r":160},"greenChannel":{"b":4,"g":137,"r":195},"yellowChannel":{"b":176,"g":176,"r":176},"magentaChannel":{"b":255,"g":255,"r":255},"cyanChannel":{"b":255,"g":255,"r":255}},"difficulty":4,"bg":true}}