[{"angle":-67.5,"value":40,"type":"ease","duration":1,"time":0,"ease":"inOutBack","var":"p.bodyRadius"},{"angle":-90,"ease":"inOutBack","type":"ease","time":0,"value":2,"var":"vfx.noteXScale","duration":1},{"angle":-112.5,"value":2,"type":"ease","time":0,"var":"vfx.noteYScale","duration":1,"ease":"inOutBack"},{"angle":-135,"ease":"inOutBack","type":"ease","time":0,"value":18,"var":"noteRadius","duration":1},{"angle":-157.5,"var":"p.paddleDistance","type":"ease","time":0,"value":62,"ease":"inOutBack","duration":1},{"angle":-180,"ease":"inOutBack","type":"ease","time":0,"value":12,"var":"p.lookRadius","duration":1},{"angle":-202.5,"var":"scrollSpeed","type":"ease","duration":0.5,"time":0,"ease":"inOutBack","value":2}]