[{"angle":-67.5,"var":"p.bodyRadius","type":"ease","time":0,"duration":1,"value":10,"ease":"inOutBack"},{"angle":-90,"value":0.5,"type":"ease","duration":1,"var":"vfx.noteXScale","ease":"inOutBack","time":0},{"angle":-112.5,"var":"vfx.noteYScale","type":"ease","duration":1,"time":0,"ease":"inOutBack","value":0.5},{"angle":-135,"var":"noteRadius","type":"ease","time":0,"ease":"inOutBack","duration":1,"value":4.5},{"angle":-45,"ease":"inOutBack","type":"ease","duration":1,"time":0,"var":"p.paddleDistance","value":15.5},{"angle":-157.5,"var":"p.lookRadius","type":"ease","duration":1,"value":3,"ease":"inOutBack","time":0},{"angle":-180,"var":"scrollSpeed","type":"ease","duration":1,"value":0.5,"ease":"inOutBack","time":0},{"time":0,"angle":-360,"type":"extraTap"}]