{"events":[{"bpm":65,"time":1,"offset":0.025000000372529,"type":"play","angle":337.5,"file":"______.ogg","volume":1},{"time":0,"type":"setBgColor","order":1,"color":3,"angle":22.5},{"g":33,"time":0,"b":54,"color":3,"duration":1,"r":25,"ease":"linear","order":0,"angle":337.5,"type":"setColor"},{"tag":"rain","angleOffset":false,"time":1.5,"type":"tag","angle":360},{"time":1,"sprite":"rain.png","type":"deco","angle":315,"id":"rain"},{"time":6,"value":4,"duration":1,"angle":22.5,"ease":"linear","type":"ease","var":"scrollSpeed","order":1},{"duration":1,"paddle":1,"time":11,"type":"paddles","angle":382.5,"ease":"linear"},{"time":34,"value":2.5,"angle":337.5,"ease":"linear","start":4,"type":"ease","duration":1,"var":"scrollSpeed"},{"time":1,"value":0.80000001192093,"type":"ease","var":"scrollSpeed","angle":22.5},{"g":89,"time":6,"b":138,"color":0,"r":72,"ease":"linear","type":"setColor","duration":1,"angle":337.5},{"time":6,"type":"setBgColor","color":0,"angle":315},{"b":53,"r":22,"time":6,"color":1,"type":"setColor","angle":45,"g":33},{"color":1,"g":95,"time":0,"r":72,"type":"setColor","angle":292.5,"b":153},{"sx":0.80000001192093,"sy":0.80000001192093,"time":6,"sprite":"girl.png","duration":0.5,"id":"girl","drawLayer":"bg","r":0,"ease":"linear","x":-70,"y":-50,"angle":292.5,"type":"deco"},{"g":0,"time":38,"b":0,"color":0,"r":0,"ease":"linear","type":"setColor","duration":0.5,"angle":360},{"g":103,"time":38.5,"b":161,"color":0,"duration":1,"r":82,"ease":"linear","order":0,"angle":360,"type":"setColor"},{"g":230,"time":38.5,"b":255,"color":1,"duration":1,"r":204,"ease":"linear","order":0,"angle":337.5,"type":"setColor"},{"recolor":1,"time":38.5,"type":"deco","order":1,"angle":315,"id":"girl"},{"enable":false,"time":23,"type":"setBoolean","angle":270,"var":"vfx.notesFollowPlayer"},{"g":136,"time":55,"b":166,"color":1,"r":126,"ease":"linear","type":"setColor","duration":0.5,"angle":157.5},{"g":0,"time":54.5,"b":0,"color":0,"r":0,"ease":"linear","type":"setColor","duration":0.5,"angle":157.5},{"g":89,"time":62.299999237061,"b":138,"color":0,"r":72,"ease":"linear","type":"setColor","duration":0.5,"angle":90},{"g":33,"time":62.299999237061,"b":53,"color":1,"r":22,"ease":"linear","type":"setColor","duration":0.5,"angle":112.5},{"duration":0.5,"time":63,"ease":"linear","value":4.5,"type":"ease","var":"scrollSpeed","angle":67.5},{"recolor":3,"time":62.25,"type":"deco","order":1,"angle":135,"id":"girl"},{"color":3,"g":52,"time":62,"r":32,"type":"setColor","angle":112.5,"b":82},{"time":54.5,"value":1.2999999523163,"angle":180,"ease":"linear","start":1,"type":"ease","duration":1,"var":"vfx.pixelate"},{"time":62,"value":1,"angle":135,"ease":"linear","start":1.5,"type":"ease","duration":1,"var":"vfx.pixelate"},{"paddle":2,"enabled":true,"newWidth":70,"time":66.5,"newAngle":180,"ease":"linear","type":"paddles","duration":0,"angle":112.5},{"duration":0.5,"paddle":1,"time":62,"ease":"linear","type":"paddles","angle":157.5,"newWidth":60},{"recolor":3,"time":78.5,"type":"deco","order":1,"angle":225,"id":"girl"},{"g":0,"time":78.5,"b":0,"color":3,"duration":0.5,"r":0,"ease":"linear","order":0,"angle":247.5,"type":"setColor"},{"g":255,"time":78.5,"b":255,"color":1,"r":255,"ease":"linear","type":"setColor","duration":0.5,"angle":270},{"paddle":2,"enabled":false,"angle":180,"time":78.699996948242,"ease":"linear","type":"paddles","duration":1,"order":1},{"sx":1,"sy":1,"time":86,"sprite":"phone@5","type":"deco","id":"phone","x":160,"y":35,"angle":45,"duration":3},{"time":88.800003051758,"ease":"linear","angle":90,"type":"deco","duration":0.20000000298023,"hide":true,"id":"phone"},{"g":0,"time":85.800003051758,"b":0,"color":0,"r":0,"ease":"linear","type":"setColor","duration":0.20000000298023,"angle":90},{"g":0,"time":85.800003051758,"b":0,"color":1,"r":0,"ease":"linear","type":"setColor","duration":0.20000000298023,"angle":112.5},{"g":103,"time":88.900001525879,"b":161,"color":0,"duration":0.5,"r":82,"ease":"linear","order":0,"angle":0,"type":"setColor"},{"g":230,"time":88.900001525879,"b":255,"color":1,"duration":0.10000000149012,"r":204,"ease":"linear","order":0,"angle":337.5,"type":"setColor"},{"recolor":1,"time":89,"type":"deco","order":1,"angle":315,"id":"girl"},{"var":"scrollSpeed","time":89,"value":3,"type":"ease","angle":292.5,"duration":2},{"time":88.900001525879,"value":1,"var":"vfx.canvPos.sx","type":"ease","ease":"outSine","start":2,"order":1,"angle":45,"duration":0.69999998807907},{"time":120.5,"value":1,"angle":22.5,"ease":"linear","start":2,"type":"ease","duration":0.5,"var":"vfx.pixelate"},{"time":120.75,"type":"deco","angle":45,"hide":true,"id":"girl"},{"color":1,"r":0,"time":121,"g":0,"type":"setColor","angle":67.5,"b":0},{"duration":0.5,"time":122,"ease":"linear","value":4,"type":"ease","var":"scrollSpeed","angle":22.5},{"tag":"rain","angleOffset":false,"time":3,"type":"tag","angle":22.5},{"time":88.900001525879,"value":1,"var":"vfx.canvPos.sx","type":"ease","ease":"outSine","start":2,"order":1,"angle":67.5,"duration":0.69999998807907},{"g":103,"time":137.40000915527,"b":161,"color":1,"duration":1.5,"r":82,"ease":"linear","order":0,"angle":0,"type":"setColor"},{"type":"showResults","angle":45,"time":140}],"properties":{"startBeat":0,"offset":2,"formatversion":12,"speed":70},"metadata":{"songName":"","description":"\n\n\n\n\n\n\n\n\n\n\n\n\nShout out to something4803 for the rain effect","difficulty":5,"bgData":{"image":"girlmenu2.png","blueChannel":{"b":54,"r":25,"g":33},"redChannel":{"b":138,"r":72,"g":89}},"artistLink":"","bg":true,"artist":"x0o0x","charter":"Cytruss"}}