{"properties":{"startBeat":0,"offset":4,"speed":70,"formatversion":12},"events":[{"type":"play","volume":1.3000000715256,"time":1,"bpm":125,"file":"1347463_Fragmented-Path.ogg","offset":0.050000000745058,"angle":292.5},{"ease":"inSine","duration":0.5,"time":33.25,"var":"scrollSpeed","value":1.3999999761581,"type":"ease","angle":330},{"ease":"inOutSine","duration":0.5,"time":32.5,"type":"ease","value":1.3999999761581,"var":"scrollSpeed","angle":330},{"ease":"linear","duration":1,"time":0,"type":"ease","value":1.2000000476837,"var":"scrollSpeed","angle":300},{"ease":"linear","color":0,"time":0,"g":249,"type":"setColor","r":249,"duration":1,"b":224,"angle":247.5},{"ease":"linear","color":1,"time":0,"g":166,"type":"setColor","r":58,"duration":1,"b":185,"angle":202.5},{"type":"outline","color":3,"time":0,"enable":true,"angle":112.5},{"ease":"linear","color":3,"time":0,"g":208,"type":"setColor","r":255,"duration":1,"b":208,"angle":157.5},{"ease":"inSine","duration":0.25,"time":20.75,"var":"vfx.canvPos.sx","value":1.1000000238419,"type":"ease","angle":67.5},{"ease":"inSine","duration":1,"time":21,"var":"vfx.canvPos.sx","value":1,"type":"ease","angle":67.5},{"ease":"inSine","duration":0.25,"time":20.75,"var":"vfx.canvPos.sy","value":1.1000000238419,"type":"ease","angle":90},{"ease":"inSine","duration":1,"time":21,"var":"vfx.canvPos.sy","value":1,"type":"ease","angle":90},{"ease":"inSine","duration":0.25,"time":25,"type":"ease","value":1.1000000238419,"var":"vfx.canvPos.sx","angle":-112.5},{"ease":"inSine","duration":1,"time":25.25,"var":"vfx.canvPos.sx","value":1,"type":"ease","angle":-112.5},{"ease":"inSine","duration":0.25,"time":25,"type":"ease","value":1.1000000238419,"var":"vfx.canvPos.sy","angle":-90},{"ease":"inSine","duration":1,"time":25.25,"var":"vfx.canvPos.sy","value":1,"type":"ease","angle":-90},{"ease":"inSine","duration":0.25,"time":17,"type":"ease","value":1.1000000238419,"var":"vfx.canvPos.sx","angle":-135},{"ease":"inSine","duration":1,"time":17.25,"var":"vfx.canvPos.sx","value":1,"type":"ease","angle":-135},{"ease":"inSine","duration":0.25,"time":17,"var":"vfx.canvPos.sy","value":1.1000000238419,"type":"ease","angle":-112.5},{"ease":"inSine","duration":1,"time":17.25,"var":"vfx.canvPos.sy","value":1,"type":"ease","angle":-112.5},{"ease":"inSine","duration":0.25,"time":29,"type":"ease","value":1.0750000476837,"var":"vfx.canvPos.sx","angle":67.5},{"ease":"inSine","duration":0.25,"time":29,"var":"vfx.canvPos.sy","value":1.0750000476837,"type":"ease","angle":90},{"ease":"inSine","duration":0.25,"time":29.75,"type":"ease","value":1.1499999761581,"var":"vfx.canvPos.sx","angle":67.5},{"ease":"inSine","duration":0.25,"time":29.75,"var":"vfx.canvPos.sy","value":1.1499999761581,"type":"ease","angle":90},{"ease":"inSine","duration":0.25,"time":31.25,"type":"ease","value":1.25,"var":"vfx.canvPos.sx","angle":67.5},{"ease":"inSine","duration":0.25,"time":31.25,"var":"vfx.canvPos.sy","value":1.25,"type":"ease","angle":90},{"ease":"inSine","duration":0.25,"time":31.5,"type":"ease","value":1,"var":"vfx.canvPos.sx","angle":67.5},{"ease":"inSine","duration":0.25,"time":31.5,"type":"ease","value":1,"var":"vfx.canvPos.sy","angle":90},{"type":"setColor","color":3,"r":58,"g":166,"time":33,"b":185,"angle":315},{"type":"setColor","color":1,"r":255,"g":208,"time":33,"b":208,"angle":292.5},{"type":"setColor","color":3,"time":34.75,"g":208,"b":208,"r":255,"angle":225},{"type":"setColor","color":1,"time":34.75,"g":166,"b":185,"r":58,"angle":202.5},{"type":"setColor","color":1,"time":37,"g":208,"b":208,"r":255,"angle":225},{"type":"setColor","color":3,"r":58,"g":166,"b":185,"time":37,"angle":202.5},{"type":"setColor","color":3,"time":39,"g":208,"b":208,"r":255,"angle":225},{"type":"setColor","color":1,"time":39,"g":166,"b":185,"r":58,"angle":202.5},{"ease":"linear","duration":0.5,"time":42,"type":"ease","value":285,"var":"vfx.canvPos.x","angle":135},{"ease":"linear","duration":0.5,"time":42.75,"type":"ease","value":315,"var":"vfx.canvPos.x","angle":120},{"ease":"linear","duration":0.75,"time":43.25,"type":"ease","value":285,"var":"vfx.canvPos.x","angle":255},{"ease":"linear","duration":0.5,"time":44,"type":"ease","value":315,"var":"vfx.canvPos.x","angle":105},{"ease":"linear","duration":1,"time":44.5,"var":"vfx.canvPos.x","value":300,"type":"ease","angle":255},{"ease":"inSine","duration":0.10000000149012,"time":51.5,"var":"vfx.canvPos.sx","value":1.0499999523163,"type":"ease","angle":-112.5},{"ease":"inSine","duration":0.10000000149012,"time":51.5,"type":"ease","value":1.0499999523163,"var":"vfx.canvPos.sy","angle":-90},{"ease":"inSine","duration":0.10000000149012,"time":52,"var":"vfx.canvPos.sx","value":1.1000000238419,"type":"ease","angle":-112.5},{"ease":"inSine","duration":0.10000000149012,"time":52,"var":"vfx.canvPos.sy","value":1.1000000238419,"type":"ease","angle":-90},{"ease":"inSine","duration":0.10000000149012,"time":52.5,"var":"vfx.canvPos.sy","value":1.1499999761581,"type":"ease","angle":-90},{"ease":"inSine","duration":0.10000000149012,"time":52.5,"var":"vfx.canvPos.sx","value":1.1499999761581,"type":"ease","angle":247.5},{"ease":"inSine","duration":0.25,"time":53,"var":"vfx.canvPos.sx","value":1,"type":"ease","angle":-112.5},{"ease":"inSine","duration":0.25,"time":53,"type":"ease","value":1,"var":"vfx.canvPos.sy","angle":-90},{"ease":"inSine","duration":0.10000000149012,"time":61,"var":"vfx.canvPos.sx","value":1.0499999523163,"type":"ease","angle":-112.5},{"ease":"inSine","duration":0.10000000149012,"time":61,"var":"vfx.canvPos.sy","value":1.0499999523163,"type":"ease","angle":-90},{"ease":"inSine","duration":0.10000000149012,"time":61.75,"var":"vfx.canvPos.sx","value":1.1000000238419,"type":"ease","angle":-112.5},{"ease":"inSine","duration":0.10000000149012,"time":61.75,"var":"vfx.canvPos.sy","value":1.1000000238419,"type":"ease","angle":-90},{"ease":"inSine","duration":0.10000000149012,"time":62.5,"type":"ease","value":1.1499999761581,"var":"vfx.canvPos.sx","angle":202.5},{"ease":"inSine","duration":0.10000000149012,"time":62.5,"var":"vfx.canvPos.sy","value":1.1499999761581,"type":"ease","angle":225},{"ease":"inSine","duration":1.5,"time":63.5,"var":"vfx.canvPos.sx","value":1,"type":"ease","angle":247.5},{"ease":"inSine","duration":1.5,"time":63.5,"type":"ease","value":1,"var":"vfx.canvPos.sy","angle":258.75},{"ease":"inOutSine","duration":1,"time":96,"var":"scrollSpeed","value":1.5,"type":"ease","angle":303.75},{"ease":"linear","color":1,"time":65,"g":255,"type":"setColor","r":255,"duration":2,"b":255,"angle":168.75},{"ease":"linear","color":1,"time":81,"g":208,"type":"setColor","r":255,"duration":2,"b":208,"angle":202.5},{"ease":"linear","color":3,"time":81,"g":166,"type":"setColor","r":58,"duration":2,"b":185,"angle":168.75},{"type":"setColor","color":3,"time":95,"g":208,"b":208,"r":255,"angle":202.5},{"type":"setColor","color":1,"time":95,"g":166,"b":185,"r":58,"angle":168.75},{"ease":"linear","duration":1,"time":116,"newWidth":70,"type":"paddles","paddle":2,"enabled":true,"newAngle":180,"angle":11.25},{"ease":"linear","duration":0.75,"time":129.25,"newWidth":70,"type":"paddles","paddle":2,"enabled":true,"newAngle":0,"angle":78.75},{"b":0,"duration":5,"time":65,"g":0,"type":"setColor","r":0,"ease":"linear","color":0,"angle":270},{"type":"setColor","color":0,"time":96,"g":249,"b":224,"r":249,"angle":270},{"ease":"linear","duration":2,"time":65,"newWidth":50,"type":"paddles","paddle":1,"enabled":true,"newAngle":0,"angle":247.5},{"ease":"linear","duration":0,"time":96,"newWidth":70,"type":"paddles","paddle":1,"enabled":true,"newAngle":0,"angle":45},{"ease":"linear","duration":0.5,"time":192.5,"newWidth":70,"type":"paddles","paddle":2,"enabled":true,"newAngle":180,"angle":165},{"ease":"linear","duration":1,"time":225.25,"newWidth":70,"type":"paddles","paddle":2,"enabled":true,"newAngle":0,"angle":202.5},{"ease":"linear","duration":1,"time":257,"var":"scrollSpeed","value":2,"type":"ease","angle":240},{"ease":"linear","duration":0.5,"time":300,"newWidth":70,"type":"paddles","paddle":2,"enabled":true,"newAngle":180,"angle":112.5},{"ease":"linear","duration":5,"time":320,"var":"scrollSpeed","value":1.2000000476837,"type":"ease","angle":146.25},{"ease":"inOutSine","duration":1,"time":319,"newWidth":70,"type":"paddles","paddle":2,"enabled":true,"newAngle":0,"angle":56.25},{"ease":"linear","duration":16,"time":337,"type":"ease","value":1.6000000238419,"var":"scrollSpeed","angle":225},{"ease":"linear","duration":8,"time":307,"type":"ease","value":1.2000000476837,"var":"scrollSpeed","angle":202.5},{"ease":"linear","duration":5,"time":356,"type":"ease","value":2,"var":"scrollSpeed","angle":56.25},{"type":"setColor","color":0,"r":0,"g":0,"time":237,"b":0,"angle":326.25},{"type":"setColor","color":1,"r":255,"g":255,"time":237,"b":255,"angle":337.5},{"type":"outline","color":0,"time":237,"enable":false,"angle":303.75},{"type":"outline","color":3,"time":240,"enable":true,"angle":56.25},{"b":185,"color":1,"time":240,"g":166,"type":"setColor","r":58,"duration":1,"ease":"linear","angle":315},{"b":224,"duration":1,"time":240,"g":249,"type":"setColor","r":249,"ease":"linear","color":0,"angle":292.5},{"ease":"linear","duration":2,"time":237,"type":"ease","value":0.75,"var":"vfx.canvPos.sy","angle":270},{"ease":"linear","duration":2,"time":237,"type":"ease","value":0.75,"var":"vfx.canvPos.sx","angle":258.75},{"ease":"linear","duration":0.25,"time":240.75,"type":"ease","value":1,"var":"vfx.canvPos.sx","angle":33.75},{"ease":"linear","duration":0.25,"time":240.75,"type":"ease","value":1,"var":"vfx.canvPos.sy","angle":45},{"var":"vfx.canvPos.sy","duration":0.25,"time":82,"value":1.0499999523163,"type":"ease","angle":270,"ease":"inSine","repeats":5,"repeatDelay":2},{"var":"vfx.canvPos.sx","duration":0.25,"time":82,"value":1.0499999523163,"type":"ease","angle":247.5,"ease":"inSine","repeats":5,"repeatDelay":2},{"var":"vfx.canvPos.sy","duration":0.5,"time":82.25,"value":1,"type":"ease","angle":270,"ease":"inSine","repeats":5,"repeatDelay":2},{"var":"vfx.canvPos.sx","duration":0.5,"time":82.25,"value":1,"type":"ease","angle":247.5,"ease":"inSine","repeats":5,"repeatDelay":2},{"type":"setColor","color":1,"r":249,"g":249,"time":129,"b":224,"angle":90},{"type":"setColor","color":3,"time":129,"g":0,"r":0,"b":0,"angle":67.5},{"type":"setColor","color":3,"time":133,"g":211,"b":195,"r":223,"angle":90},{"b":208,"duration":4,"time":145,"g":208,"type":"setColor","r":255,"color":1,"ease":"linear","angle":315},{"b":185,"duration":4,"time":145,"g":166,"type":"setColor","r":58,"color":3,"ease":"linear","angle":270},{"type":"setColor","color":3,"r":255,"g":255,"b":255,"time":137,"angle":360},{"ease":"linear","duration":0.5,"time":416.75,"enabled":true,"type":"paddles","newAngle":180,"newWidth":70,"paddle":2,"angle":90},{"type":"showResults","time":452.5,"angle":0},{"type":"setColor","color":1,"time":105,"g":208,"r":255,"b":208,"angle":210},{"type":"setColor","color":3,"r":58,"g":166,"time":105,"b":185,"angle":180},{"type":"setColor","color":1,"r":58,"g":166,"time":113,"b":185,"angle":307.5},{"type":"setColor","color":3,"r":255,"g":208,"time":113,"b":208,"angle":262.5},{"type":"setColor","color":3,"r":255,"g":208,"time":118.5,"b":208,"angle":142.5},{"type":"setColor","color":1,"r":58,"g":166,"time":118.5,"b":185,"angle":112.5},{"type":"setColor","color":1,"time":119.25,"g":208,"b":208,"r":255,"angle":142.5},{"type":"setColor","color":3,"time":119.25,"g":166,"b":185,"r":58,"angle":112.5},{"type":"setColor","color":3,"r":255,"g":208,"b":208,"time":119.75,"angle":142.5},{"type":"setColor","color":1,"time":119.75,"g":166,"b":185,"r":58,"angle":112.5},{"type":"setColor","color":1,"r":255,"g":208,"b":208,"time":120,"angle":165},{"type":"setColor","color":3,"time":120,"g":166,"b":185,"r":58,"angle":135},{"type":"setColor","color":3,"time":121,"g":208,"r":255,"b":208,"angle":187.5},{"type":"setColor","color":1,"r":58,"g":166,"time":121,"b":185,"angle":157.5},{"type":"setColor","color":0,"r":249,"g":249,"b":224,"time":121,"angle":135},{"b":93,"duration":1.5,"time":127.5,"g":112,"type":"setColor","r":197,"color":0,"ease":"linear","angle":315},{"type":"setColor","color":1,"time":137,"g":112,"b":93,"r":197,"angle":33.75},{"b":0,"duration":4,"time":145,"g":0,"type":"setColor","r":0,"color":0,"ease":"linear","angle":236.25},{"type":"setColor","color":0,"r":249,"g":249,"time":161,"b":224,"angle":45},{"type":"setColor","color":1,"r":58,"g":166,"time":161,"b":185,"angle":22.5},{"type":"setColor","color":3,"r":255,"g":208,"time":161,"b":208,"angle":360},{"ease":"linear","duration":4,"time":193,"g":34,"type":"setColor","r":82,"b":88,"color":0,"angle":270},{"b":89,"duration":4,"time":193,"g":95,"type":"setColor","r":217,"color":3,"ease":"linear","angle":360},{"b":81,"duration":4,"time":193,"g":60,"type":"setColor","r":198,"color":1,"ease":"linear","angle":33.75},{"b":0,"duration":8,"time":217,"g":0,"type":"setColor","r":0,"color":0,"ease":"linear","angle":315},{"ease":"linear","duration":1,"time":225,"g":249,"type":"setColor","r":249,"color":0,"b":224,"angle":303.75},{"ease":"linear","duration":1,"time":225,"g":166,"type":"setColor","r":58,"color":1,"b":185,"angle":258.75},{"ease":"linear","duration":1,"time":225,"g":208,"type":"setColor","r":255,"color":3,"b":208,"angle":213.75},{"type":"setColor","color":0,"time":248,"g":0,"b":0,"r":0,"angle":45},{"type":"setColor","color":0,"r":249,"g":249,"time":248.5,"b":224,"angle":45},{"b":0,"color":0,"time":253,"g":0,"type":"setColor","r":0,"duration":4,"ease":"linear","angle":101.25},{"b":255,"duration":4,"time":253,"g":255,"type":"setColor","r":255,"color":1,"ease":"linear","angle":78.75},{"type":"setColor","color":0,"time":257,"g":175,"r":177,"b":255,"angle":225},{"type":"setColor","color":1,"r":255,"g":233,"time":257,"b":208,"angle":202.5},{"type":"setColor","color":3,"time":257,"g":0,"r":0,"b":0,"angle":123.75},{"type":"setColor","color":0,"r":187,"g":233,"b":255,"time":261,"angle":348.75},{"type":"setColor","color":1,"time":261,"g":254,"b":211,"r":255,"angle":33.75},{"type":"setColor","color":1,"r":187,"g":233,"b":255,"time":265,"angle":101.25},{"type":"setColor","color":0,"r":255,"g":233,"b":208,"time":265,"angle":135},{"b":255,"duration":4,"time":269,"g":255,"type":"setColor","r":255,"color":0,"ease":"linear","angle":56.25},{"b":255,"duration":4,"time":269,"g":255,"type":"setColor","r":255,"color":1,"ease":"linear","angle":22.5},{"type":"setColor","color":1,"time":273,"g":233,"b":208,"r":255,"angle":56.25},{"type":"setColor","color":0,"r":177,"g":175,"b":255,"time":273,"angle":22.5},{"type":"setColor","color":0,"r":255,"g":233,"b":208,"time":274.25,"angle":56.25},{"type":"setColor","color":1,"r":177,"g":175,"b":255,"time":274.25,"angle":22.5},{"type":"setColor","color":1,"time":275,"g":233,"b":208,"r":255,"angle":56.25},{"type":"setColor","color":0,"r":177,"g":175,"b":255,"time":275,"angle":22.5},{"b":255,"color":0,"time":285.75,"g":255,"type":"setColor","r":255,"angle":33.75},{"ease":"linear","duration":4,"time":279,"g":233,"type":"setColor","r":187,"color":1,"b":255,"angle":67.5},{"type":"setColor","color":0,"time":285,"g":0,"b":0,"r":0,"angle":337.5},{"type":"setColor","color":1,"r":255,"g":255,"b":255,"time":285.75,"angle":11.25},{"type":"setColor","color":0,"time":286.5,"g":255,"b":255,"r":255,"angle":292.5},{"type":"outline","color":3,"time":285.75,"enable":true,"angle":67.5},{"type":"outline","color":3,"time":286.5,"enable":false,"angle":236.25},{"type":"setColor","color":1,"r":0,"g":0,"time":286.5,"b":0,"angle":270},{"b":224,"duration":1.3999999761581,"time":287.5,"g":249,"type":"setColor","r":249,"color":0,"ease":"linear","angle":202.5},{"type":"setColor","color":1,"time":289,"g":249,"r":249,"b":224,"angle":202.5},{"b":185,"color":0,"time":289,"g":166,"type":"setColor","r":58,"angle":180},{"b":185,"duration":1.3999999761581,"time":287.5,"g":166,"type":"setColor","r":58,"color":1,"ease":"linear","angle":180},{"type":"setColor","color":0,"time":293,"g":249,"b":224,"r":249,"angle":0},{"type":"setColor","color":0,"r":58,"g":166,"b":185,"time":294,"angle":11.25},{"type":"setColor","color":1,"r":58,"g":166,"b":185,"time":293,"angle":11.25},{"type":"setColor","color":1,"r":249,"g":249,"b":224,"time":294,"angle":22.5},{"type":"ease","duration":5,"time":306,"var":"vfx.hwaves.strength","value":1,"ease":"linear","angle":90},{"type":"ease","duration":2,"time":321,"ease":"linear","value":0,"var":"vfx.hwaves.strength","angle":135},{"b":59,"duration":12,"time":307,"g":21,"type":"setColor","r":23,"color":0,"ease":"linear","angle":225},{"b":108,"duration":6,"time":311,"g":35,"type":"setColor","r":46,"color":1,"ease":"linear","angle":180},{"b":0,"duration":16,"time":337,"g":0,"type":"setColor","r":0,"color":0,"ease":"linear","angle":292.5},{"b":255,"color":1,"time":353,"g":255,"type":"setColor","r":255,"angle":33.75},{"type":"setColor","color":0,"time":361,"g":175,"r":177,"b":255,"angle":90},{"type":"setColor","color":1,"time":361,"g":233,"r":255,"b":208,"angle":67.5},{"type":"setColor","color":3,"time":361,"g":0,"r":0,"b":0,"angle":-11.25},{"type":"setColor","color":1,"r":177,"g":175,"b":255,"time":369,"angle":225},{"type":"setColor","color":0,"time":369,"g":233,"b":208,"r":255,"angle":202.5},{"type":"setColor","color":3,"r":0,"g":0,"b":0,"time":369,"angle":123.75},{"type":"setColor","color":0,"r":177,"g":175,"b":255,"time":377,"angle":225},{"type":"setColor","color":1,"r":255,"g":233,"b":208,"time":377,"angle":202.5},{"type":"setColor","color":3,"r":0,"g":0,"b":0,"time":377,"angle":123.75},{"b":0,"duration":0.5,"time":383.5,"g":0,"type":"setColor","r":0,"color":0,"ease":"linear","angle":315},{"b":185,"duration":1,"time":384,"g":166,"type":"setColor","r":58,"color":0,"ease":"linear","angle":45},{"type":"setColor","color":1,"time":385,"g":166,"r":58,"b":185,"angle":56.25},{"type":"setColor","color":0,"time":385,"g":249,"r":249,"b":224,"angle":33.75},{"b":185,"duration":8,"time":392,"g":206,"type":"setColor","r":238,"color":0,"ease":"linear","angle":281.25},{"b":154,"duration":8,"time":392,"g":125,"type":"setColor","r":152,"color":1,"ease":"linear","angle":157.5},{"ease":"linear","duration":4,"time":414,"g":249,"type":"setColor","r":249,"color":0,"b":224,"angle":281.25},{"ease":"linear","duration":4,"time":414,"g":166,"type":"setColor","r":58,"color":1,"b":185,"angle":236.25},{"ease":"linear","duration":4,"time":414,"g":208,"type":"setColor","r":255,"color":3,"b":208,"angle":191.25},{"type":"outline","color":3,"time":417,"enable":true,"angle":146.25},{"type":"setColor","color":3,"time":433,"g":166,"b":185,"r":58,"angle":202.5},{"type":"setColor","color":1,"time":433,"g":208,"b":208,"r":255,"angle":157.5},{"type":"setColor","color":1,"r":249,"g":249,"time":445,"b":224,"angle":258.75},{"type":"setColor","color":3,"r":58,"g":166,"time":445,"b":185,"angle":213.75},{"type":"setColor","color":0,"r":255,"g":208,"time":445,"b":208,"angle":168.75},{"type":"setColor","color":3,"r":249,"g":249,"time":445.75,"b":224,"angle":258.75},{"type":"setColor","color":0,"r":58,"g":166,"time":445.75,"b":185,"angle":236.25},{"type":"setColor","color":1,"r":255,"g":208,"time":445.75,"b":208,"angle":191.25},{"type":"setColor","color":0,"r":249,"g":249,"time":446.5,"b":224,"angle":270},{"type":"setColor","color":1,"r":58,"g":166,"time":446.5,"b":185,"angle":236.25},{"type":"setColor","color":3,"r":255,"g":208,"time":446.5,"b":208,"angle":202.5},{"type":"setColor","color":1,"r":255,"g":255,"b":255,"time":285,"angle":315},{"b":224,"color":0,"r":249,"g":249,"time":301,"type":"setColor","angle":202.5},{"b":185,"color":1,"r":58,"g":166,"time":301,"type":"setColor","angle":180},{"b":255,"color":1,"time":357,"g":175,"type":"setColor","r":177,"duration":4,"ease":"linear","angle":157.5},{"type":"setColor","color":3,"r":0,"g":0,"b":0,"time":38,"angle":225},{"type":"setColor","color":1,"r":58,"g":166,"b":185,"time":38,"angle":202.5},{"type":"setColor","color":1,"time":38.5,"g":208,"r":255,"b":208,"angle":225},{"type":"setColor","color":3,"time":38.5,"g":0,"r":0,"b":0,"angle":202.5},{"type":"setColor","color":1,"r":249,"g":249,"time":160.5,"b":224,"angle":45},{"type":"setColor","color":3,"r":58,"g":166,"time":160.5,"b":185,"angle":22.5},{"type":"setColor","color":0,"r":255,"g":208,"time":160.5,"b":208,"angle":360},{"type":"setColor","color":3,"r":249,"g":249,"time":160,"b":224,"angle":45},{"type":"setColor","color":0,"r":58,"g":166,"time":160,"b":185,"angle":22.5},{"type":"setColor","color":1,"r":255,"g":208,"time":160,"b":208,"angle":360},{"type":"setColor","color":0,"r":249,"g":249,"time":159.5,"b":224,"angle":45},{"type":"setColor","color":1,"r":58,"g":166,"time":159.5,"b":185,"angle":22.5},{"type":"setColor","color":3,"r":255,"g":208,"time":159.5,"b":208,"angle":360},{"type":"setColor","color":1,"r":249,"g":249,"time":159,"b":224,"angle":45},{"type":"setColor","color":3,"r":58,"g":166,"time":159,"b":185,"angle":22.5},{"type":"setColor","color":0,"r":255,"g":208,"time":159,"b":208,"angle":360}],"metadata":{"charter":"SportsPro1001","bgData":{"image":"background.jpg","redChannel":{"g":0,"b":0,"r":255},"blueChannel":{"g":0,"b":255,"r":0}},"description":"Music begins very quiet\n\nDifficulty: 3.5\n\nGood luck!\nHave fun!","bg":true,"songName":"Fragmented Path","artistLink":"","difficulty":4,"artist":"AlexGamingSW, Lumiflag, TickPotassium"}}