[{"time":18,"angle":0,"type":"block"},{"time":22,"angle":0,"type":"block"},{"time":26,"angle":360,"type":"block"},{"time":19,"angle":67.5,"type":"block"},{"time":18.833333969116,"angle":45,"type":"block"},{"time":18.666666030884,"angle":22.5,"type":"block"},{"time":20,"angle":67.5,"type":"block"},{"time":20.333333015442,"angle":67.5,"type":"block"},{"time":21.666666030884,"angle":22.5,"type":"block"},{"time":22.666666030884,"angle":0,"type":"block"},{"time":24,"angle":45,"type":"block"},{"time":24.333333015442,"angle":67.5,"type":"block"},{"time":24.666666984558,"angle":45,"type":"block"},{"time":25,"angle":22.5,"type":"block"},{"time":26.666666030884,"angle":22.5,"type":"block"},{"time":26.833333969116,"angle":45,"type":"block"},{"time":27,"angle":67.5,"type":"block"},{"time":28,"angle":67.5,"type":"block"},{"time":28.333333969116,"angle":67.5,"type":"block"},{"time":29.666666030884,"angle":22.5,"type":"block"},{"time":30,"angle":0,"type":"block"},{"time":30.666666030884,"angle":337.5,"type":"block"},{"time":30.833333969116,"angle":315,"type":"block"},{"time":31,"angle":292.5,"type":"block"},{"time":31.666666030884,"angle":270,"type":"block"},{"angle":315,"angle2":315,"time":32,"duration":0.875,"type":"hold"},{"angle":270,"angle2":405,"time":36,"duration":1,"type":"hold"},{"time":37.333333969116,"angle":90,"type":"block"},{"time":37.666666030884,"angle":135,"type":"block"},{"time":38,"angle":180,"type":"block"},{"angle":270,"tap":true,"time":39,"type":"block"},{"angle":90,"angle2":-90,"time":40,"startTap":true,"duration":2,"type":"hold"},{"time":42.666667938232,"angle":-67.5,"type":"block"},{"time":42.833332061768,"angle":-45,"type":"block"},{"time":43,"angle":-22.5,"type":"block"},{"time":44,"angle":337.5,"type":"block"},{"time":44.333332061768,"angle":337.5,"type":"block"},{"time":45.666667938232,"angle":45,"type":"block"},{"time":46,"angle":67.5,"type":"block"},{"time":46.666667938232,"angle":45,"type":"block"},{"time":46.833332061768,"angle":22.5,"type":"block"},{"time":47,"angle":360,"type":"block"},{"time":48,"angle":0,"type":"block"},{"time":51,"angle":247.5,"type":"block"},{"time":52,"angle":202.5,"type":"block"},{"time":52.333332061768,"angle":202.5,"type":"block"},{"time":52.666667938232,"angle":247.5,"type":"block"},{"time":53,"angle":202.5,"type":"block"},{"time":53.666667938232,"angle":157.5,"type":"block"},{"time":54,"angle":135,"type":"block"},{"time":54.666667938232,"angle":112.5,"type":"block"},{"time":54.833332061768,"angle":90,"type":"block"},{"time":55,"angle":67.5,"type":"block"},{"time":55.666667938232,"angle":22.5,"type":"block"},{"angle":0,"angle2":-60,"time":56,"duration":0.875,"type":"hold"},{"time":56.9375,"angle":285,"type":"block"},{"angle":270,"angle2":-90,"time":58,"duration":2,"type":"hold"},{"angle":270,"angle2":270,"time":57.333332061768,"duration":0.33333334326744,"type":"hold"},{"angle":270,"angle2":270,"time":57.666667938232,"duration":0.33333334326744,"type":"hold"},{"time":35,"angle":180,"type":"block"},{"time":19.666666984558,"angle":67.5,"type":"block"},{"time":27.666666030884,"angle":90,"type":"block"},{"time":43.666667938232,"angle":0,"type":"block"},{"time":51.666667938232,"angle":247.5,"type":"block"},{"time":32.9375,"angle":337.5,"type":"block"},{"angle":0,"angle2":30,"time":33,"duration":0.3333332836628,"type":"hold"},{"angle":30,"angle2":60,"time":33.333333969116,"duration":0.3333332836628,"type":"hold"},{"angle":60,"angle2":90,"time":33.666666030884,"duration":0.3333332836628,"type":"hold"},{"angle":270,"angle2":270,"time":57,"duration":0.33333334326744,"type":"hold"},{"angle":270,"angle2":360,"time":62,"duration":1,"type":"hold"},{"angle":0,"angle2":30,"time":63,"duration":0.3333332836628,"type":"hold"},{"angle":30,"angle2":60,"time":63.333332061768,"duration":0.3333332836628,"type":"hold"},{"angle":60,"angle2":90,"time":63.666667938232,"duration":0.3333332836628,"type":"hold"},{"angle":90,"angle2":60,"time":64,"duration":0.3333332836628,"type":"hold"},{"angle":60,"angle2":30,"time":64.333332061768,"duration":0.3333332836628,"type":"hold"},{"angle":30,"angle2":0,"time":64.666667938232,"duration":0.3333332836628,"type":"hold"},{"angle":0,"angle2":360,"time":66,"duration":2,"type":"hold"},{"time":65.666664123535,"angle":0,"type":"block"},{"time":20.666666984558,"angle":78.75,"type":"block"},{"time":21,"angle":56.25,"type":"block"},{"time":28.666666030884,"angle":56.25,"type":"block"},{"time":29,"angle":45,"type":"block"},{"time":44.666667938232,"angle":326.25,"type":"block"},{"time":45,"angle":348.75,"type":"block"},{"time":22.833333969116,"angle":22.5,"type":"block"},{"time":23,"angle":45,"type":"block"},{"time":23.666666984558,"angle":22.5,"type":"block"},{"angle":45,"tap":true,"time":25.666666030884,"type":"block"},{"time":50,"angle":270,"type":"block"},{"time":50.666667938232,"angle":270,"type":"block"},{"time":50.833332061768,"angle":258.75,"type":"block"},{"angle":75,"angle2":45,"time":69.666667938232,"duration":0.3333332836628,"type":"hold"},{"angle":375,"angle2":345,"time":70.333332061768,"duration":0.3333332836628,"type":"hold"},{"angle":345,"angle2":315,"time":70.666667938232,"duration":0.3333332836628,"type":"hold"},{"angle":315,"angle2":345,"time":71,"duration":0.3333332836628,"type":"hold"},{"angle":345,"angle2":375,"time":71.333332061768,"duration":0.3333332836628,"type":"hold"},{"angle":15,"angle2":45,"time":71.666667938232,"duration":0.3333332836628,"type":"hold"},{"angle":45,"angle2":15,"time":72,"duration":0.3333332836628,"type":"hold"},{"angle":15,"angle2":-15,"time":72.333332061768,"duration":0.3333332836628,"type":"hold"},{"angle":345,"angle2":315,"time":72.666667938232,"duration":0.3333332836628,"type":"hold"},{"time":48.333332061768,"angle":0,"type":"block"},{"time":48.666667938232,"angle":348.75,"type":"block"},{"time":49,"angle":11.25,"type":"block"},{"time":47.666667938232,"angle":337.5,"type":"block"},{"angle":315,"tap":true,"time":49.666667938232,"type":"block"},{"time":73.666664123535,"angle":0,"type":"block"},{"angle":45,"angle2":15,"time":70,"duration":0.3333332836628,"type":"hold"}]