[{"angle":247.5,"time":0,"type":"block"},{"angle":225,"time":0.5,"type":"block"},{"angle":213.75,"time":0.75,"type":"block"},{"angle":202.5,"time":1,"type":"block"},{"angle":191.25,"time":1.25,"type":"block"},{"angle":202.5,"time":1.5,"type":"block"},{"angle":191.25,"time":1.75,"type":"block"},{"angle":157.5,"time":2.25,"type":"block"},{"angle":146.25,"time":2.5,"type":"block"},{"angle":157.5,"time":2.75,"type":"block"},{"angle":146.25,"time":3,"type":"block"},{"angle":168.75,"time":3.75,"type":"block"},{"angle":180,"time":4,"type":"block"},{"angle":157.5,"time":3.5,"type":"block"},{"angle":225,"time":4.5,"type":"block"},{"angle":213.75,"time":4.75,"type":"block"},{"angle":247.5,"time":5.125,"type":"block"},{"angle":236.25,"time":5.375,"type":"block"},{"angle":258.75,"time":5.625,"type":"block"},{"angle":247.5,"time":5.875,"type":"block"},{"type":"hold","angle2":247.5,"time":6.5,"duration":0.5,"angle":236.25},{"angle":247.5,"time":8.125,"type":"block"},{"angle":258.75,"time":7.625,"type":"block"},{"angle":281.25,"time":9,"type":"block"},{"angle":247.5,"time":8.5,"type":"block"},{"angle":258.75,"time":8.75,"type":"block"},{"angle":303.75,"time":9.25,"type":"block"},{"angle":315,"time":9.5,"type":"block"},{"angle":315,"time":9.875,"type":"block"},{"angle":303.75,"time":10.25,"type":"block"},{"angle":315,"time":10.5,"type":"block"},{"angle":292.5,"time":10.75,"type":"block"},{"angle":348.75,"time":11.625,"type":"block"},{"angle":0,"time":11.875,"type":"block"},{"angle":348.75,"time":12.125,"type":"block"},{"angle":11.25,"time":12.5,"type":"block"},{"angle":22.5,"time":12.875,"type":"block"},{"angle":22.5,"time":13.375,"type":"block"},{"angle":11.25,"time":13.125,"type":"block"},{"angle":11.25,"time":13.625,"type":"block"},{"angle":33.75,"time":13.875,"type":"block"},{"angle":33.75,"time":14.625,"type":"block"},{"angle":22.5,"time":14.375,"type":"block"},{"angle":45,"time":14.875,"type":"block"},{"angle":67.5,"time":15.375,"type":"block"},{"angle":78.75,"time":15.625,"type":"block"},{"angle":56.25,"time":15.125,"type":"block"},{"angle":236.25,"time":7.875,"type":"block"},{"startTap":true,"type":"hold","angle":78.75,"time":16,"duration":1,"angle2":56.25},{"startTap":true,"type":"hold","angle":56.25,"time":18,"duration":1,"angle2":78.75},{"startTap":true,"type":"hold","angle":11.25,"time":20,"duration":1,"angle2":-67.5},{"startTap":true,"type":"hold","angle":303.75,"time":22,"duration":1,"angle2":360},{"startTap":true,"type":"hold","angle":11.25,"time":24,"duration":1,"angle2":-90},{"startTap":true,"type":"hold","angle":303.75,"time":26,"duration":1,"angle2":360},{"startTap":true,"type":"hold","angle":33.75,"time":28,"duration":1,"angle2":-112.5},{"angle":247.5,"time":29.125,"type":"block"},{"angle":258.75,"time":29.375,"type":"block"},{"angle":247.5,"time":29.625,"type":"block"},{"angle":270,"time":29.875,"type":"block"},{"angle":258.75,"time":30.125,"type":"block"},{"angle":247.5,"time":30.375,"type":"block"},{"angle":270,"time":30.625,"type":"block"},{"angle":292.5,"time":30.875,"type":"block"},{"angle":281.25,"time":31.125,"type":"block"},{"angle":292.5,"time":31.375,"type":"block"},{"angle":315,"time":31.625,"type":"block"},{"angle":326.25,"time":31.875,"type":"block"},{"angle":337.5,"time":32.125,"type":"block"},{"angle":348.75,"time":32.625,"type":"block"},{"angle":337.5,"time":33,"type":"block"},{"angle":348.75,"time":33.375,"type":"block"},{"tap":true,"type":"block","speedMult":2,"time":34,"angle":348.75},{"tap":true,"type":"block","speedMult":2,"time":35.5,"angle":0},{"tap":true,"type":"block","speedMult":2,"time":37,"angle":337.5},{"tap":true,"type":"block","speedMult":2,"time":38.5,"angle":0},{"type":"hold","angle2":337.5,"time":38.625,"duration":1.25,"angle":0},{"tap":true,"type":"block","speedMult":2,"time":42,"angle":337.5},{"tap":true,"type":"block","speedMult":2,"time":43.5,"angle":11.25},{"tap":true,"type":"block","speedMult":2,"time":45,"angle":315},{"tap":true,"type":"block","speedMult":2,"time":46.5,"angle":348.75},{"tap":true,"type":"block","speedMult":2,"time":50,"angle":112.5},{"tap":true,"type":"block","speedMult":2,"time":51.5,"angle":168.75},{"tap":true,"type":"block","speedMult":2,"time":53,"angle":78.75},{"tap":true,"type":"block","speedMult":2,"time":54.5,"angle":123.75},{"startTap":true,"type":"hold","angle":123.75,"time":55,"duration":0.875,"angle2":78.75},{"tap":true,"type":"block","speedMult":2,"time":58,"angle":225},{"tap":true,"type":"block","speedMult":2,"time":59.5,"angle":326.25},{"tap":true,"type":"block","speedMult":2,"time":61,"angle":168.75},{"tap":true,"type":"block","speedMult":2,"time":62.625,"angle":45},{"angle":168.75,"time":1.5,"type":"block"},{"startTap":true,"endTap":true,"type":"hold","angle2":-180,"time":126,"duration":1.875,"angle":90},{"angle":56.25,"time":64,"type":"block"},{"angle":67.5,"time":64.375,"type":"block"},{"angle":45,"time":64.875,"type":"block"},{"angle":67.5,"time":65.5,"type":"block"},{"angle":56.25,"time":65.75,"type":"block"},{"angle":90,"time":66,"type":"block"},{"angle":101.25,"time":66.125,"type":"block"},{"angle":78.75,"time":72.25,"type":"block"},{"angle":101.25,"time":72,"type":"block"},{"angle":101.25,"time":72.75,"type":"block"},{"type":"hold","angle2":90,"time":72.5,"duration":0.5,"angle":112.5},{"type":"hold","angle2":45,"time":64.75,"duration":0.5,"angle":56.25},{"angle":78.75,"time":66.625,"type":"block"},{"angle":101.25,"time":67.125,"type":"block"},{"angle":90,"time":67.625,"type":"block"},{"angle":101.25,"time":68.125,"type":"block"},{"angle":90,"time":68.375,"type":"block"},{"angle":78.75,"time":68.625,"type":"block"},{"angle":90,"time":68.875,"type":"block"},{"angle":101.25,"time":69.125,"type":"block"},{"angle":135,"time":69.5,"type":"block"},{"angle":146.25,"time":69.625,"type":"block"},{"angle":146.25,"time":69.875,"type":"block"},{"angle":135,"time":70.125,"type":"block"},{"angle":135,"time":70.625,"type":"block"},{"angle":123.75,"time":71,"type":"block"},{"angle":146.25,"time":71.375,"type":"block"},{"angle":157.5,"time":71.625,"type":"block"},{"angle":157.5,"time":129.125,"type":"block"},{"angle":180,"time":128.125,"type":"block"},{"angle":168.75,"time":128.625,"type":"block"},{"angle":78.75,"time":73.5,"type":"block"},{"angle":67.5,"time":73.75,"type":"block"},{"angle":78.75,"time":74.125,"type":"block"},{"angle":45,"time":74.375,"type":"block"},{"angle":22.5,"time":74.625,"type":"block"},{"angle":33.75,"time":75.25,"type":"block"},{"angle":22.5,"time":75.625,"type":"block"},{"angle":33.75,"time":96,"type":"block"},{"angle":56.25,"time":96.75,"type":"block"},{"angle":56.25,"time":97.5,"type":"block"},{"angle":348.75,"time":76,"type":"block"},{"angle":0,"time":76.25,"type":"block"},{"angle":348.75,"time":76.5,"type":"block"},{"angle":360,"time":76.75,"type":"block"},{"type":"hold","angle2":337.5,"time":77,"duration":0.25,"angle":348.75},{"angle":326.25,"time":77.625,"type":"block"},{"angle":337.5,"time":77.875,"type":"block"},{"angle":348.75,"time":78.25,"type":"block"},{"angle":11.25,"time":78.625,"type":"block"},{"angle":33.75,"time":79,"type":"block"},{"angle":22.5,"time":79.25,"type":"block"},{"angle":33.75,"time":79.625,"type":"block"},{"angle":303.75,"time":80,"type":"block"},{"angle":315,"time":80.25,"type":"block"},{"angle":303.75,"time":80.5,"type":"block"},{"angle":326.25,"time":81.125,"type":"block"},{"angle":315,"time":80.75,"type":"block"},{"angle":281.25,"time":81.5,"type":"block"},{"angle":270,"time":81.75,"type":"block"},{"angle":281.25,"time":82,"type":"block"},{"type":"hold","angle2":315,"time":82.25,"duration":0.375,"angle":292.5},{"angle":247.5,"time":83,"type":"block"},{"angle":225,"time":83.5,"type":"block"},{"angle":236.25,"time":84,"type":"block"},{"angle":225,"time":84.25,"type":"block"},{"angle":236.25,"time":84.5,"type":"block"},{"angle":213.75,"time":84.75,"type":"block"},{"angle":225,"time":85.125,"type":"block"},{"angle":236.25,"time":85.625,"type":"block"},{"angle":247.5,"time":85.75,"type":"block"},{"angle":258.75,"time":86.125,"type":"block"},{"angle":247.5,"time":86.5,"type":"block"},{"angle":236.25,"time":87,"type":"block"},{"angle":225,"time":87.25,"type":"block"},{"angle":168.75,"time":87.5,"type":"block"},{"angle":168.75,"time":88,"type":"block"},{"angle":157.5,"time":88.25,"type":"block"},{"angle":146.25,"time":88.5,"type":"block"},{"angle":168.75,"time":88.75,"type":"block"},{"angle":157.5,"time":89,"type":"block"},{"angle":168.75,"time":89.5,"type":"block"},{"angle":135,"time":89.75,"type":"block"},{"angle":168.75,"time":90,"type":"block"},{"angle":157.5,"time":90.5,"type":"block"},{"angle":157.5,"time":91.125,"type":"block"},{"type":"hold","angle2":191.25,"time":91.5,"duration":0.375,"angle":180},{"angle":191.25,"time":92.125,"type":"block"},{"angle":191.25,"time":92.25,"type":"block"},{"angle":180,"time":92.625,"type":"block"},{"type":"extraTap","angle":33.75,"time":66,"speedMult":2},{"type":"extraTap","angle":112.5,"time":67.5,"speedMult":2},{"type":"extraTap","angle":67.5,"time":69,"speedMult":2},{"type":"extraTap","angle":101.25,"time":70.5,"speedMult":2},{"type":"extraTap","angle":112.5,"time":74,"speedMult":2},{"type":"extraTap","angle":67.5,"time":75.5,"speedMult":2},{"type":"extraTap","angle":11.25,"time":77,"speedMult":2},{"type":"extraTap","angle":33.75,"time":78.5,"speedMult":2},{"type":"extraTap","angle":326.25,"time":82,"speedMult":2},{"type":"extraTap","angle":258.75,"time":83.5,"speedMult":2},{"type":"extraTap","angle":258.75,"time":85,"speedMult":2},{"type":"extraTap","angle":236.25,"time":86.5,"speedMult":2},{"type":"extraTap","angle":202.5,"time":90,"speedMult":2},{"type":"extraTap","angle":146.25,"time":91.5,"speedMult":2},{"type":"extraTap","angle":202.5,"time":93,"speedMult":2},{"type":"extraTap","angle":157.5,"time":94.5,"speedMult":2},{"type":"hold","angle2":67.5,"time":96.5,"duration":0.5,"angle":45},{"angle":348.75,"time":98.625,"type":"block"},{"angle":337.5,"time":99,"type":"block"},{"angle":326.25,"time":99.25,"type":"block"},{"angle":337.5,"time":99.5,"type":"block"},{"type":"hold","angle2":11.25,"time":98,"duration":0.25,"angle":22.5},{"angle":337.5,"time":100,"type":"block"},{"angle":348.75,"time":100.5,"type":"block"},{"angle":0,"time":100.75,"type":"block"},{"angle":22.5,"time":101,"type":"block"},{"angle":11.25,"time":101.25,"type":"block"},{"type":"hold","angle2":33.75,"time":101.5,"duration":0.25,"angle":45},{"angle":22.5,"time":102.125,"type":"block"},{"angle":0,"time":102.625,"type":"block"},{"angle":337.5,"time":102.875,"type":"block"},{"angle":326.25,"time":103.125,"type":"block"},{"type":"hold","angle2":315,"time":103.375,"duration":0.625,"angle":337.5},{"angle":247.5,"time":104.5,"type":"block"},{"angle":258.75,"time":104.75,"type":"block"},{"angle":247.5,"time":105,"type":"block"},{"angle":236.25,"time":105.25,"type":"block"},{"type":"hold","angle2":213.75,"time":105.5,"duration":0.5,"angle":225},{"angle":202.5,"time":106.5,"type":"block"},{"angle":191.25,"time":106.75,"type":"block"},{"angle":202.5,"time":107,"type":"block"},{"angle":168.75,"time":108.125,"type":"block"},{"type":"hold","angle2":180,"time":107.375,"duration":0.5,"angle":191.25},{"angle":180,"time":108.375,"type":"block"},{"angle":202.5,"time":108.625,"type":"block"},{"angle":191.25,"time":108.875,"type":"block"},{"angle":180,"time":109.125,"type":"block"},{"angle":191.25,"time":109.375,"type":"block"},{"angle":213.75,"time":109.625,"type":"block"},{"angle":236.25,"time":110.125,"type":"block"},{"angle":225,"time":110.375,"type":"block"},{"angle":247.5,"time":110.625,"type":"block"},{"angle":236.25,"time":110.875,"type":"block"},{"angle":236.25,"time":111.125,"type":"block"},{"angle":247.5,"time":111.25,"type":"block"},{"angle":258.75,"time":111.625,"type":"block"},{"angle":247.5,"time":111.875,"type":"block"},{"angle":270,"time":112.125,"type":"block"},{"angle":348.75,"time":112.5,"type":"block"},{"angle":360,"time":112.75,"type":"block"},{"angle":11.25,"time":113,"type":"block"},{"angle":22.5,"time":113.25,"type":"block"},{"angle":0,"time":113.5,"type":"block"},{"angle":303.75,"time":11,"type":"block"},{"angle":11.25,"time":114,"type":"block"},{"angle":22.5,"time":114.25,"type":"block"},{"angle":0,"time":114.625,"type":"block"},{"angle":33.75,"time":114.875,"type":"block"},{"angle":22.5,"time":115,"type":"block"},{"type":"hold","angle2":0,"time":115.25,"duration":0.25,"angle":11.25},{"angle":326.25,"time":116,"type":"block"},{"angle":303.75,"time":116.5,"type":"block"},{"angle":315,"time":116.75,"type":"block"},{"angle":326.25,"time":117,"type":"block"},{"angle":337.5,"time":117.25,"type":"block"},{"type":"hold","angle2":326.25,"time":117.5,"duration":0.25,"angle":315},{"angle":258.75,"time":118,"type":"block"},{"angle":225,"time":118.75,"type":"block"},{"angle":213.75,"time":119,"type":"block"},{"angle":236.25,"time":118.5,"type":"block"},{"type":"hold","angle2":258.75,"time":118.25,"duration":0.25,"angle":247.5},{"type":"hold","angle2":191.25,"time":119.25,"duration":0.625,"angle":202.5},{"angle":180,"time":120.125,"type":"block"},{"angle":247.5,"time":118.75,"type":"block"},{"angle":180,"time":120.75,"type":"block"},{"angle":191.25,"time":120.5,"type":"block"},{"type":"hold","angle2":146.25,"time":121,"duration":0.375,"angle":157.5},{"angle":135,"time":121.5,"type":"block"},{"angle":90,"time":121.75,"type":"block"},{"angle":78.75,"time":122,"type":"block"},{"angle":33.75,"time":122.5,"type":"block"},{"angle":45,"time":122.75,"type":"block"},{"angle":56.25,"time":123,"type":"block"},{"angle":67.5,"time":123.375,"type":"block"},{"angle":101.25,"time":124.25,"type":"block"},{"angle":101.25,"time":124,"type":"block"},{"type":"hold","angle2":101.25,"time":123.75,"duration":0.5,"angle":78.75},{"angle":101.25,"time":125.375,"type":"block"},{"angle":90,"time":125.125,"type":"block"},{"angle":101.25,"time":124.75,"type":"block"},{"angle":112.5,"time":124.5,"type":"block"},{"angle":135,"time":130,"type":"block"},{"angle":123.75,"time":130.5,"type":"block"},{"angle":112.5,"time":132,"type":"block"},{"angle":101.25,"time":132.5,"type":"block"},{"angle":123.75,"time":133,"type":"block"},{"angle":90,"time":131.5,"type":"block"},{"angle":225,"time":134,"type":"block"},{"angle":247.5,"time":134.5,"type":"block"},{"angle":281.25,"time":135.5,"type":"block"},{"angle":326.25,"time":136.5,"type":"block"},{"angle":348.75,"time":137,"type":"block"},{"angle":292.5,"time":137.625,"type":"block"},{"angle":270,"time":138.125,"type":"block"},{"angle":247.5,"time":138.625,"type":"block"},{"angle":236.25,"time":139.5,"type":"block"},{"angle":157.5,"time":140.625,"type":"block"},{"angle":123.75,"time":141.125,"type":"block"},{"angle":225,"time":142,"type":"block"},{"angle":213.75,"time":142.5,"type":"block"},{"angle":236.25,"time":143,"type":"block"},{"angle":213.75,"time":144.125,"type":"block"},{"angle":225,"time":144.5,"type":"block"},{"angle":191.25,"time":145,"type":"block"},{"angle":146.25,"time":145.625,"type":"block"},{"angle":157.5,"time":146.125,"type":"block"},{"angle":135,"time":146.5,"type":"block"},{"angle":56.25,"time":147.5,"type":"block"},{"angle":56.25,"time":148.5,"type":"block"},{"angle":90,"time":149,"type":"block"},{"angle":78.75,"time":148.125,"type":"block"},{"angle":135,"time":149.625,"type":"block"},{"angle":157.5,"time":150,"type":"block"},{"angle":168.75,"time":150.5,"type":"block"},{"angle":146.25,"time":151.5,"type":"block"},{"angle":202.5,"time":152.125,"type":"block"},{"angle":213.75,"time":152.5,"type":"block"},{"angle":202.5,"time":153.125,"type":"block"},{"angle":168.75,"time":153.625,"type":"block"},{"angle":157.5,"time":154.125,"type":"block"},{"angle":180,"time":154.625,"type":"block"},{"angle":191.25,"time":155.5,"type":"block"},{"angle":168.75,"time":156,"type":"block"},{"angle":146.25,"time":156.625,"type":"block"},{"angle":123.75,"time":157,"type":"block"},{"angle":146.25,"time":158.5,"type":"block"},{"startTap":true,"type":"hold","angle":168.75,"time":159,"duration":0.875,"angle2":90},{"angle":78.75,"time":160.5,"type":"block"},{"angle":56.25,"time":161,"type":"block"},{"angle":90,"time":161.5,"type":"block"},{"angle":90,"time":160,"type":"block"},{"angle":135,"time":162,"type":"block"},{"angle":146.25,"time":162.5,"type":"block"},{"angle":180,"time":163,"type":"block"},{"angle":191.25,"time":163.625,"type":"block"},{"angle":236.25,"time":164,"type":"block"},{"angle":258.75,"time":164.625,"type":"block"},{"angle":247.5,"time":165.125,"type":"block"},{"angle":303.75,"time":166,"type":"block"},{"angle":326.25,"time":166.5,"type":"block"},{"angle":281.25,"time":165.5,"type":"block"},{"angle":0,"time":167.625,"type":"block"},{"angle":348.75,"time":168,"type":"block"},{"angle":11.25,"time":168.5,"type":"block"},{"angle":348.75,"time":167,"type":"block"},{"angle":11.25,"time":169.125,"type":"block"},{"angle":360,"time":169.5,"type":"block"},{"angle":22.5,"time":170,"type":"block"},{"angle":348.75,"time":170.5,"type":"block"},{"angle":0,"time":172,"type":"block"},{"angle":348.75,"time":173.125,"type":"block"},{"angle":11.25,"time":172.5,"type":"block"},{"angle":292.5,"time":171.375,"type":"block"},{"angle":45,"time":174,"type":"block"},{"angle":33.75,"time":174.5,"type":"block"},{"angle":45,"time":175.125,"type":"block"},{"angle":45,"time":176,"type":"block"},{"angle":22.5,"time":176.5,"type":"block"},{"angle":-45,"time":177.125,"type":"block"},{"angle":-11.25,"time":177.5,"type":"block"},{"angle":-22.5,"time":178,"type":"block"},{"angle":0,"time":178.5,"type":"block"},{"angle":348.75,"time":179.5,"type":"block"},{"angle":45,"time":180,"type":"block"},{"angle":33.75,"time":180.5,"type":"block"},{"angle":56.25,"time":181,"type":"block"},{"angle":33.75,"time":181.5,"type":"block"},{"angle":11.25,"time":182,"type":"block"},{"angle":348.75,"time":182.5,"type":"block"},{"angle":11.25,"time":183,"type":"block"},{"angle":78.75,"time":184,"type":"block"},{"angle":101.25,"time":184.5,"type":"block"},{"angle":123.75,"time":185,"type":"block"},{"angle":101.25,"time":185.5,"type":"block"},{"angle":146.25,"time":186,"type":"block"},{"angle":168.75,"time":186.5,"type":"block"},{"angle":146.25,"time":187,"type":"block"},{"angle":157.5,"time":187.5,"type":"block"},{"angle":67.5,"time":183.5,"type":"block"},{"angle":180,"time":188,"type":"block"},{"angle":191.25,"time":188.5,"type":"block"},{"angle":168.75,"time":189,"type":"block"},{"angle":191.25,"time":190,"type":"block"},{"angle":168.75,"time":190.5,"type":"block"},{"startTap":true,"type":"hold","angle":225,"time":191,"duration":0.875,"angle2":56.25},{"angle":78.75,"time":194.625,"type":"block"},{"angle":101.25,"time":195.5,"type":"block"},{"angle":225,"time":196.5,"type":"block"},{"angle":247.5,"time":197,"type":"block"},{"angle":236.25,"time":197.5,"type":"block"},{"angle":247.5,"time":198,"type":"block"},{"angle":281.25,"time":200,"type":"block"},{"angle":281.25,"time":203.5,"type":"block"},{"angle":292.5,"time":204,"type":"block"},{"angle":315,"time":204.25,"type":"block"},{"angle":303.75,"time":204.5,"type":"block"},{"angle":281.25,"time":204.75,"type":"block"},{"angle":292.5,"time":205.125,"type":"block"},{"angle":303.75,"time":205.5,"type":"block"},{"angle":292.5,"time":205.75,"type":"block"},{"angle":303.75,"time":206,"type":"block"},{"angle":315,"time":206.125,"type":"block"},{"angle":303.75,"time":206.5,"type":"block"},{"angle":326.25,"time":206.75,"type":"block"},{"type":"hold","angle2":315,"time":207,"duration":0.75,"angle":303.75},{"angle":315,"time":207.5,"type":"block"},{"angle":337.5,"time":208,"type":"block"},{"angle":348.75,"time":208.25,"type":"block"},{"angle":326.25,"time":208.5,"type":"block"},{"angle":337.5,"time":208.75,"type":"block"},{"angle":348.75,"time":209,"type":"block"},{"angle":360,"time":209.125,"type":"block"},{"angle":11.25,"time":209.5,"type":"block"},{"angle":22.5,"time":210,"type":"block"},{"angle":11.25,"time":210.25,"type":"block"},{"angle":22.5,"time":210.5,"type":"block"},{"angle":33.75,"time":211,"type":"block"},{"angle":101.25,"time":212.5,"type":"block"},{"angle":90,"time":212.75,"type":"block"},{"angle":112.5,"time":213,"type":"block"},{"angle":135,"time":213.25,"type":"block"},{"type":"hold","angle2":90,"time":213.5,"duration":0.375,"angle":112.5},{"angle":78.75,"time":214.125,"type":"block"},{"angle":22.5,"time":211.25,"type":"block"},{"type":"hold","angle2":101.25,"time":211.5,"duration":0.5,"angle":45},{"angle":90,"time":214.625,"type":"block"},{"angle":78.75,"time":215.5,"type":"block"},{"type":"hold","angle2":67.5,"time":215,"duration":0.25,"angle":67.5},{"angle":90,"time":216.5,"type":"block"},{"angle":67.5,"time":216.75,"type":"block"},{"angle":90,"time":217,"type":"block"},{"angle":56.25,"time":217.375,"type":"block"},{"angle":67.5,"time":217.625,"type":"block"},{"type":"hold","angle2":-22.5,"time":218,"duration":0.5,"angle":33.75},{"angle":348.75,"time":218.75,"type":"block"},{"angle":326.25,"time":219,"type":"block"},{"angle":337.5,"time":219.25,"type":"block"},{"angle":315,"time":219.5,"type":"block"},{"angle":270,"time":220.125,"type":"block"},{"angle":258.75,"time":220.5,"type":"block"},{"angle":281.25,"time":220.75,"type":"block"},{"angle":292.5,"time":221,"type":"block"},{"angle":247.5,"time":221.25,"type":"block"},{"angle":281.25,"time":221.625,"type":"block"},{"angle":258.75,"time":222,"type":"block"},{"angle":247.5,"time":222.25,"type":"block"},{"type":"hold","angle2":258.75,"time":222.625,"duration":0.375,"angle":270},{"angle":247.5,"time":223.25,"type":"block"},{"type":"hold","angle2":281.25,"time":223.5,"duration":0.25,"angle":258.75},{"angle":281.25,"time":224,"type":"block"},{"angle":292.5,"time":224.375,"type":"block"},{"angle":303.75,"time":224.625,"type":"block"},{"angle":281.25,"time":224.875,"type":"block"},{"type":"hold","angle2":303.75,"time":225.125,"duration":0.5,"angle":292.5},{"angle":315,"time":226,"type":"block"},{"angle":303.75,"time":226.25,"type":"block"},{"angle":326.25,"time":226.5,"type":"block"},{"angle":315,"time":226.75,"type":"block"},{"angle":326.25,"time":227.125,"type":"block"},{"angle":337.5,"time":227.625,"type":"block"},{"angle":326.25,"time":228.5,"type":"block"},{"angle":337.5,"time":228.75,"type":"block"},{"angle":315,"time":229.125,"type":"block"},{"angle":337.5,"time":228.125,"type":"block"},{"angle":315,"time":228.25,"type":"block"},{"angle":326.25,"time":229.375,"type":"block"},{"angle":270,"time":230,"type":"block"},{"angle":225,"time":230.5,"type":"block"},{"angle":213.75,"time":230.875,"type":"block"},{"angle":225,"time":231.25,"type":"block"},{"angle":225,"time":232,"type":"block"},{"angle":236.25,"time":231.5,"type":"block"},{"angle":247.5,"time":231.75,"type":"block"},{"angle":225,"time":232.5,"type":"block"},{"angle":213.75,"time":232.75,"type":"block"},{"angle":202.5,"time":233.25,"type":"block"},{"angle":225,"time":233,"type":"block"},{"type":"hold","angle2":202.5,"time":233.5,"duration":0.125,"angle":191.25},{"angle":191.25,"time":234.125,"type":"block"},{"angle":202.5,"time":234.5,"type":"block"},{"angle":191.25,"time":234.75,"type":"block"},{"angle":202.5,"time":235,"type":"block"},{"angle":135,"time":235.5,"type":"block"},{"angle":157.5,"time":236,"type":"block"},{"angle":168.75,"time":236.5,"type":"block"},{"angle":146.25,"time":236.75,"type":"block"},{"angle":135,"time":237,"type":"block"},{"type":"hold","angle2":146.25,"time":237.25,"duration":0.375,"angle":157.5},{"angle":135,"time":237.875,"type":"block"},{"angle":157.5,"time":238.125,"type":"block"},{"angle":146.25,"time":238.375,"type":"block"},{"angle":146.25,"time":239,"type":"block"},{"angle":135,"time":239.25,"type":"block"},{"angle":157.5,"time":239.5,"type":"block"},{"angle":236.25,"time":240,"type":"block"},{"angle":236.25,"time":241,"type":"block"},{"angle":236.25,"time":240.5,"type":"block"},{"angle":247.5,"time":240.75,"type":"block"},{"angle":225,"time":241.125,"type":"block"},{"angle":247.5,"time":241.5,"type":"block"},{"startTap":true,"type":"hold","angle":123.75,"time":279,"duration":0.875,"angle2":180},{"angle":236.25,"time":242,"type":"block"},{"angle":225,"time":242.25,"type":"block"},{"angle":258.75,"time":243,"type":"block"},{"angle":247.5,"time":243.25,"type":"block"},{"angle":236.25,"time":242.625,"type":"block"},{"angle":258.75,"time":243.625,"type":"block"},{"angle":247.5,"time":244.5,"type":"block"},{"angle":236.25,"time":244.75,"type":"block"},{"angle":247.5,"time":245,"type":"block"},{"angle":236.25,"time":245.375,"type":"block"},{"angle":247.5,"time":245.625,"type":"block"},{"angle":236.25,"time":245.875,"type":"block"},{"angle":258.75,"time":246,"type":"block"},{"angle":225,"time":246.375,"type":"block"},{"angle":225,"time":247,"type":"block"},{"type":"hold","angle2":236.25,"time":246.75,"duration":0.625,"angle":213.75},{"angle":236.25,"time":247.125,"type":"block"},{"angle":180,"time":248,"type":"block"},{"angle":168.75,"time":248.5,"type":"block"},{"angle":180,"time":248.75,"type":"block"},{"angle":157.5,"time":249,"type":"block"},{"angle":191.25,"time":249.25,"type":"block"},{"angle":180,"time":249.5,"type":"block"},{"angle":168.75,"time":250,"type":"block"},{"angle":180,"time":250.25,"type":"block"},{"angle":157.5,"time":250.5,"type":"block"},{"type":"hold","angle2":213.75,"time":250.75,"duration":0.75,"angle":191.25},{"angle":225,"time":252,"type":"block"},{"angle":213.75,"time":252.5,"type":"block"},{"angle":202.5,"time":253,"type":"block"},{"angle":180,"time":254,"type":"block"},{"angle":213.75,"time":253.25,"type":"block"},{"angle":191.25,"time":253.625,"type":"block"},{"type":"hold","angle2":168.75,"time":255,"duration":1,"angle":180},{"angle":168.75,"time":255.25,"type":"block"},{"angle":180,"time":255.5,"type":"block"},{"angle":168.75,"time":255.75,"type":"block"},{"angle":33.75,"time":136,"type":"block"},{"angle":135,"time":140.25,"type":"block"},{"startTap":true,"type":"hold","angle":157.5,"time":263,"duration":0.75,"angle2":67.5},{"type":"hold","angle2":0,"time":547,"duration":0.5,"angle":11.25},{"angle":0,"time":546.75,"type":"block"},{"angle":22.5,"time":546.625,"type":"block"},{"angle":11.25,"time":546.25,"type":"block"},{"angle":180,"time":109.875,"type":"block"},{"angle":168.75,"time":257.125,"type":"block"},{"angle":180,"time":256.5,"type":"block"},{"angle":191.25,"time":257.5,"type":"block"},{"angle":213.75,"time":258,"type":"block"},{"angle":225,"time":259,"type":"block"},{"angle":348.75,"time":260,"type":"block"},{"type":"hold","angle2":11.25,"time":260.5,"duration":0.875,"angle":22.5},{"angle":157.5,"time":262.5,"type":"block"},{"angle":67.5,"time":264.5,"type":"block"},{"angle":45,"time":264,"type":"block"},{"angle":90,"time":265,"type":"block"},{"angle":90,"time":266,"type":"block"},{"angle":101.25,"time":267,"type":"block"},{"angle":67.5,"time":265.5,"type":"block"},{"angle":112.5,"time":268,"type":"block"},{"angle":90,"time":268.5,"type":"block"},{"angle":112.5,"time":269.5,"type":"block"},{"angle":78.75,"time":270.5,"type":"block"},{"angle":191.25,"time":254.25,"type":"block"},{"angle":168.75,"time":254.5,"type":"block"},{"angle":-11.25,"time":272,"type":"block"},{"angle":22.5,"time":272.5,"type":"block"},{"angle":11.25,"time":273,"type":"block"},{"angle":33.75,"time":273.5,"type":"block"},{"type":"hold","angle2":56.25,"time":274,"duration":1,"angle":11.25},{"angle":67.5,"time":276,"type":"block"},{"angle":90,"time":276.5,"type":"block"},{"angle":78.75,"time":277.5,"type":"block"},{"angle":112.5,"time":278.5,"type":"block"},{"angle":191.25,"time":280.5,"type":"block"},{"angle":213.75,"time":281,"type":"block"},{"angle":180,"time":281.375,"type":"block"},{"angle":180,"time":280,"type":"block"},{"tap":true,"type":"block","angle":202.5,"time":282},{"angle":225,"time":283,"type":"block"},{"tap":true,"type":"block","angle":236.25,"time":283.5},{"angle":225,"time":284,"type":"block"},{"tap":true,"type":"block","angle":236.25,"time":285},{"angle":213.75,"time":285,"type":"extraTap"},{"angle":213.75,"time":283.5,"type":"extraTap"},{"angle":168.75,"time":282,"type":"extraTap"},{"angle":213.75,"time":286.5,"type":"extraTap"},{"angle":213.75,"time":285.5,"type":"block"},{"angle":56.25,"time":192.25,"type":"block"},{"angle":67.5,"time":192.625,"type":"block"},{"angle":45,"time":193,"type":"block"},{"angle":56.25,"time":192.75,"type":"block"},{"angle":56.25,"time":193.25,"type":"block"},{"angle":67.5,"time":193.625,"type":"block"},{"angle":45,"time":194,"type":"block"},{"angle":45,"time":194.875,"type":"block"},{"angle":67.5,"time":195.25,"type":"block"},{"angle":56.25,"time":195,"type":"block"},{"angle":236.25,"time":196.75,"type":"block"},{"angle":225,"time":197.375,"type":"block"},{"angle":281.25,"time":198.5,"type":"block"},{"angle":303.75,"time":198.75,"type":"block"},{"angle":281.25,"time":199,"type":"block"},{"angle":292.5,"time":199.5,"type":"block"},{"angle":281.25,"time":200.75,"type":"block"},{"angle":270,"time":200.5,"type":"block"},{"angle":270,"time":200.875,"type":"block"},{"angle":258.75,"time":201.125,"type":"block"},{"angle":258.75,"time":201.25,"type":"block"},{"angle":281.25,"time":201.5,"type":"block"},{"angle":281.25,"time":202,"type":"block"},{"angle":292.5,"time":202.5,"type":"block"},{"angle":270,"time":202.75,"type":"block"},{"angle":303.75,"time":202.875,"type":"block"},{"angle":281.25,"time":203.125,"type":"block"},{"angle":225,"time":289,"type":"block"},{"angle":225,"time":288,"type":"block"},{"angle":236.25,"time":289.125,"type":"block"},{"angle":213.75,"time":289.25,"type":"block"},{"angle":129.375,"time":292.875,"type":"block"},{"angle":135,"time":293,"type":"block"},{"angle":123.75,"time":293.125,"type":"block"},{"angle":118.125,"time":293.25,"type":"block"},{"angle":135,"time":293.54165649414,"type":"block"},{"angle":95.625,"time":294.29165649414,"type":"block"},{"angle":135,"time":297,"type":"block"},{"angle":146.25,"time":297.125,"type":"block"},{"angle":135,"time":297.25,"type":"block"},{"angle":202.5,"time":301,"type":"block"},{"angle":208.125,"time":301.125,"type":"block"},{"angle":213.75,"time":301.25,"type":"block"},{"angle":202.5,"time":301.5,"type":"block"},{"angle":258.75,"time":289.79165649414,"type":"block"},{"angle":247.5,"time":289.54165649414,"type":"block"},{"angle":281.25,"time":290.375,"type":"block"},{"angle":292.5,"time":290.625,"type":"block"},{"angle":286.875,"time":290.83334350586,"type":"block"},{"angle":281.25,"time":290.95834350586,"type":"block"},{"angle":275.625,"time":291.04165649414,"type":"block"},{"angle":225,"time":291.75,"type":"block"},{"angle":219.375,"time":292,"type":"block"},{"angle":123.75,"time":293.79165649414,"type":"block"},{"angle":84.375,"time":294.58334350586,"type":"block"},{"angle":50.625,"time":294.9375,"type":"block"},{"angle":67.5,"time":295,"type":"block"},{"angle":73.125,"time":294.8125,"type":"block"},{"angle":56.25,"time":295.25,"type":"block"},{"angle":39.375,"time":295.5,"type":"block"},{"angle":50.625,"time":295.75,"type":"block"},{"angle":56.25,"time":296,"type":"block"},{"angle":140.625,"time":297.5,"type":"block"},{"angle":123.75,"time":297.75,"type":"block"},{"angle":196.875,"time":298.3125,"type":"block"},{"angle":202.5,"time":298.5625,"type":"block"},{"angle":191.25,"time":298.75,"type":"block"},{"angle":202.5,"time":298.875,"type":"block"},{"angle":213.75,"time":299.0625,"type":"block"},{"angle":129.375,"time":300.0625,"type":"block"},{"angle":118.125,"time":299.75,"type":"block"},{"angle":208.125,"time":300.8125,"type":"block"},{"angle":208.125,"time":301.8125,"type":"block"},{"angle":270,"time":302.375,"type":"block"},{"angle":264.375,"time":302.5625,"type":"block"},{"angle":281.25,"time":302.75,"type":"block"},{"angle":275.625,"time":302.875,"type":"block"},{"angle":270,"time":303,"type":"block"},{"angle":241.875,"time":303.5625,"type":"block"},{"angle":236.25,"time":303.25,"type":"block"},{"angle":236.25,"time":303.8125,"type":"block"},{"angle":230.625,"time":304,"type":"block"},{"angle":28.125,"time":304.5,"type":"block"},{"angle":28.125,"time":305.0625,"type":"block"},{"angle":16.875,"time":305.1875,"type":"block"},{"angle":11.25,"time":305.3125,"type":"block"},{"angle":22.5,"time":304.8125,"type":"block"},{"angle":28.125,"time":305.5,"type":"block"},{"angle":16.875,"time":305.75,"type":"block"},{"angle":168.75,"time":306.25,"type":"block"},{"angle":163.125,"time":306.5,"type":"block"},{"angle":123.75,"time":306.8125,"type":"block"},{"angle":135,"time":306.9375,"type":"block"},{"angle":123.75,"time":307.125,"type":"block"},{"angle":247.5,"time":307.875,"type":"block"},{"angle":253.125,"time":308.0625,"type":"block"},{"angle":303.75,"time":309.1875,"type":"block"},{"angle":309.375,"time":309.3125,"type":"block"},{"angle":309.375,"time":309.0625,"type":"block"},{"angle":315,"time":309.5,"type":"block"},{"angle":292.5,"time":308.75,"type":"block"},{"angle":309.375,"time":309.75,"type":"block"},{"angle":225,"time":310.3125,"type":"block"},{"angle":258.75,"time":310.5625,"type":"block"},{"angle":247.5,"time":310.75,"type":"block"},{"angle":253.125,"time":310.875,"type":"block"},{"angle":241.875,"time":311,"type":"block"},{"angle":225,"time":311.25,"type":"block"},{"angle":219.375,"time":311.5,"type":"block"},{"angle":202.5,"time":311.75,"type":"block"},{"angle":208.125,"time":312,"type":"block"},{"angle":146.25,"time":312.5,"type":"block"},{"angle":151.875,"time":313,"type":"block"},{"angle":140.625,"time":312.75,"type":"block"},{"angle":146.25,"time":313.125,"type":"block"},{"angle":135,"time":313.25,"type":"block"},{"angle":163.125,"time":313.5,"type":"block"},{"angle":151.875,"time":313.75,"type":"block"},{"angle":180,"time":314.25,"type":"block"},{"angle":185.625,"time":314.5,"type":"block"},{"angle":208.125,"time":314.8125,"type":"block"},{"angle":191.25,"time":314.9375,"type":"block"},{"angle":196.875,"time":315.0625,"type":"block"},{"angle":213.75,"time":315.8125,"type":"block"},{"angle":208.125,"time":316,"type":"block"},{"angle":236.25,"time":316.5,"type":"block"},{"angle":241.875,"time":316.6875,"type":"block"},{"angle":286.875,"time":317.0625,"type":"block"},{"angle":292.5,"time":317.5,"type":"block"},{"angle":281.25,"time":317.6875,"type":"block"},{"angle":298.125,"time":317.875,"type":"block"},{"startTap":true,"endTap":true,"type":"hold","angle2":331.875,"time":318,"duration":1,"angle":281.25},{"type":"hold","angle2":309.375,"time":319,"duration":0.4375,"angle":331.875},{"endTap":true,"type":"hold","angle2":315,"time":319.4375,"duration":0.125,"angle":309.375},{"angle":275.625,"time":317.25,"type":"block"},{"angle":315,"time":320,"type":"block"},{"angle":337.5,"time":320.5,"type":"block"},{"angle":326.25,"time":320.75,"type":"block"},{"angle":337.5,"time":321,"type":"block"},{"angle":348.75,"time":321.25,"type":"block"},{"angle":326.25,"time":321.5,"type":"block"},{"angle":337.5,"time":322,"type":"block"},{"angle":315,"time":322.5,"type":"block"},{"angle":303.75,"time":322.75,"type":"block"},{"angle":315,"time":323,"type":"block"},{"angle":281.25,"time":324,"type":"block"},{"type":"hold","angle2":303.75,"time":323.25,"duration":0.375,"angle":326.25},{"angle":270,"time":324.5,"type":"block"},{"angle":281.25,"time":324.75,"type":"block"},{"type":"hold","angle2":281.25,"time":325,"duration":0.25,"angle":292.5},{"angle":270,"time":325.5,"type":"block"},{"angle":236.25,"time":326,"type":"block"},{"angle":270,"time":326.5,"type":"block"},{"angle":258.75,"time":326.75,"type":"block"},{"angle":292.5,"time":327,"type":"block"},{"angle":303.75,"time":327.25,"type":"block"},{"type":"hold","angle2":236.25,"time":327.5,"duration":0.5,"angle":315},{"angle":213.75,"time":328.5,"type":"block"},{"angle":202.5,"time":328.75,"type":"block"},{"angle":213.75,"time":329,"type":"block"},{"angle":225,"time":329.25,"type":"block"},{"angle":202.5,"time":329.5,"type":"block"},{"angle":180,"time":330,"type":"block"},{"angle":202.5,"time":330.5,"type":"block"},{"angle":191.25,"time":330.75,"type":"block"},{"type":"hold","angle2":157.5,"time":331,"duration":0.5,"angle":213.75},{"angle":157.5,"time":332,"type":"block"},{"angle":135,"time":332.25,"type":"block"},{"angle":180,"time":158,"type":"block"},{"angle":146.25,"time":332.5,"type":"block"},{"angle":135,"time":332.75,"type":"block"},{"angle":101.25,"time":333,"type":"block"},{"type":"hold","angle2":101.25,"time":333.25,"duration":0.25,"angle":112.5},{"angle":45,"time":334,"type":"block"},{"angle":33.75,"time":334.25,"type":"block"},{"angle":45,"time":335.25,"type":"block"},{"type":"hold","angle2":33.75,"time":334.5,"duration":0.5,"angle":56.25},{"angle":56.25,"time":335.625,"type":"block"},{"type":"hold","angle2":-11.25,"time":336,"duration":0.5,"angle":0},{"angle":360,"time":336.75,"type":"block"},{"angle":348.75,"time":337,"type":"block"},{"angle":0,"time":337.25,"type":"block"},{"angle":315,"time":337.5,"type":"block"},{"angle":326.25,"time":338,"type":"block"},{"angle":326.25,"time":338.5,"type":"block"},{"angle":337.5,"time":338.75,"type":"block"},{"angle":348.75,"time":339,"type":"block"},{"angle":337.5,"time":339.25,"type":"block"},{"angle":348.75,"time":339.625,"type":"block"},{"angle":292.5,"time":340,"type":"block"},{"angle":303.75,"time":340.5,"type":"block"},{"angle":292.5,"time":340.75,"type":"block"},{"angle":303.75,"time":341,"type":"block"},{"type":"hold","angle2":303.75,"time":341.25,"duration":0.25,"angle":292.5},{"angle":247.5,"time":342,"type":"block"},{"angle":258.75,"time":342.5,"type":"block"},{"angle":247.5,"time":342.75,"type":"block"},{"type":"hold","angle2":202.5,"time":343.25,"duration":0.75,"angle":236.25},{"angle":270,"time":343,"type":"block"},{"angle":168.75,"time":344.5,"type":"block"},{"angle":180,"time":344.75,"type":"block"},{"angle":157.5,"time":345,"type":"block"},{"type":"hold","angle2":157.5,"time":345.25,"duration":0.25,"angle":146.25},{"angle":146.25,"time":346,"type":"block"},{"angle":202.5,"time":346.5,"type":"block"},{"angle":191.25,"time":346.75,"type":"block"},{"angle":213.75,"time":347,"type":"block"},{"angle":202.5,"time":347.5,"type":"block"},{"angle":191.25,"time":347.75,"type":"block"},{"angle":225,"time":348,"type":"block"},{"angle":146.25,"time":348.5,"type":"block"},{"angle":135,"time":348.75,"type":"block"},{"type":"hold","angle2":101.25,"time":349,"duration":0.5,"angle":146.25},{"angle":202.5,"time":350,"type":"block"},{"type":"hold","angle2":157.5,"time":350.25,"duration":0.25,"angle":191.25},{"angle":180,"time":351,"type":"block"},{"angle":157.5,"time":351.25,"type":"block"},{"angle":180,"time":351.5,"type":"block"},{"angle":146.25,"time":352,"type":"block"},{"angle":168.75,"time":352.75,"type":"block"},{"angle":157.5,"time":353,"type":"block"},{"angle":135,"time":352.5,"type":"block"},{"angle":180,"time":353.5,"type":"block"},{"angle":168.75,"time":354,"type":"block"},{"angle":157.5,"time":354.25,"type":"block"},{"angle":180,"time":354.5,"type":"block"},{"angle":168.75,"time":354.75,"type":"block"},{"type":"hold","angle2":191.25,"time":355,"duration":0.25,"angle":146.25},{"angle":180,"time":357,"type":"block"},{"angle":180,"time":356.5,"type":"block"},{"angle":168.75,"time":356.75,"type":"block"},{"angle":146.25,"time":357.25,"type":"block"},{"angle":225,"time":358,"type":"block"},{"angle":270,"time":358.5,"type":"block"},{"angle":281.25,"time":358.75,"type":"block"},{"angle":270,"time":359,"type":"block"},{"angle":258.75,"time":359.25,"type":"block"},{"angle":281.25,"time":359.625,"type":"block"},{"angle":303.75,"time":360,"type":"block"},{"angle":315,"time":360.5,"type":"block"},{"angle":326.25,"time":360.75,"type":"block"},{"angle":303.75,"time":361,"type":"block"},{"angle":315,"time":361.25,"type":"block"},{"type":"hold","angle2":270,"time":361.5,"duration":0.5,"angle":326.25},{"angle":258.75,"time":362.25,"type":"block"},{"angle":247.5,"time":363,"type":"block"},{"angle":281.25,"time":362.625,"type":"block"},{"angle":270,"time":363.5,"type":"block"},{"angle":258.75,"time":364,"type":"block"},{"angle":270,"time":364.25,"type":"block"},{"angle":247.5,"time":365,"type":"block"},{"angle":258.75,"time":364.5,"type":"block"},{"angle":281.25,"time":364.75,"type":"block"},{"angle":258.75,"time":365.25,"type":"block"},{"angle":225,"time":365.5,"type":"block"},{"angle":168.75,"time":366,"type":"block"},{"angle":157.5,"time":366.25,"type":"block"},{"type":"hold","angle2":168.75,"time":366.5,"duration":0.5,"angle":180},{"angle":157.5,"time":367.25,"type":"block"},{"angle":191.25,"time":367.625,"type":"block"},{"angle":78.75,"time":368,"type":"block"},{"angle":67.5,"time":369,"type":"block"},{"angle":90,"time":368.5,"type":"block"},{"angle":56.25,"time":368.75,"type":"block"},{"angle":45,"time":369.5,"type":"block"},{"type":"extraTap","angle":112.5,"time":354,"speedMult":2},{"type":"extraTap","angle":146.25,"time":355.5,"speedMult":2},{"type":"extraTap","angle":135,"time":357,"speedMult":2},{"type":"extraTap","angle":168.75,"time":358.5,"speedMult":2},{"type":"extraTap","angle":348.75,"time":362,"speedMult":2},{"type":"extraTap","angle":348.75,"time":363.5,"speedMult":2},{"type":"extraTap","angle":348.75,"time":365,"speedMult":2},{"type":"extraTap","angle":348.75,"time":366.5,"speedMult":2},{"angle":22.5,"time":370,"type":"block"},{"angle":33.75,"time":370.5,"type":"block"},{"angle":56.25,"time":370.75,"type":"block"},{"angle":22.5,"time":371,"type":"block"},{"angle":45,"time":371.5,"type":"block"},{"angle":112.5,"time":372.5,"type":"block"},{"angle":123.75,"time":372.75,"type":"block"},{"type":"hold","angle2":135,"time":373,"duration":0.5,"angle":112.5},{"angle":168.75,"time":374,"type":"block"},{"angle":157.5,"time":374.5,"type":"block"},{"angle":191.25,"time":374.75,"type":"block"},{"angle":168.75,"time":375,"type":"block"},{"type":"hold","angle2":281.25,"time":375.5,"duration":0.5,"angle":213.75},{"angle":292.5,"time":376.5,"type":"block"},{"angle":303.75,"time":376.75,"type":"block"},{"angle":281.25,"time":377,"type":"block"},{"type":"hold","angle2":292.5,"time":377.25,"duration":0.75,"angle":315},{"angle":315,"time":378.25,"type":"block"},{"angle":303.75,"time":378.625,"type":"block"},{"angle":315,"time":379,"type":"block"},{"type":"hold","angle2":315,"time":379.5,"duration":0.5,"angle":303.75},{"angle":326.25,"time":380.125,"type":"block"},{"angle":315,"time":380.5,"type":"block"},{"angle":326.25,"time":380.75,"type":"block"},{"angle":303.75,"time":381,"type":"block"},{"angle":337.5,"time":381.5,"type":"block"},{"angle":67.5,"time":383,"type":"block"},{"angle":56.25,"time":383.25,"type":"block"},{"angle":78.75,"time":383.5,"type":"block"},{"type":"extraTap","angle":112.5,"time":370,"speedMult":2},{"type":"extraTap","angle":90,"time":371.5,"speedMult":2},{"type":"extraTap","angle":90,"time":373,"speedMult":2},{"type":"extraTap","angle":90,"time":374.5,"speedMult":2},{"type":"extraTap","angle":258.75,"time":378,"speedMult":2},{"type":"extraTap","angle":258.75,"time":379.5,"speedMult":2},{"type":"extraTap","angle":258.75,"time":381,"speedMult":2},{"type":"extraTap","angle":258.75,"time":382.5,"speedMult":2},{"angle":67.5,"time":385,"type":"block"},{"angle":56.25,"time":385.25,"type":"block"},{"angle":78.75,"time":385.5,"type":"block"},{"angle":45,"time":384.625,"type":"block"},{"angle":45,"time":382.625,"type":"block"},{"angle":56.25,"time":382.375,"type":"block"},{"angle":56.25,"time":385.75,"type":"block"},{"angle":90,"time":387,"type":"block"},{"angle":101.25,"time":387.25,"type":"block"},{"angle":78.75,"time":386.5,"type":"block"},{"angle":45,"time":388,"type":"block"},{"angle":33.75,"time":388.25,"type":"block"},{"angle":56.25,"time":389,"type":"block"},{"angle":45,"time":389.25,"type":"block"},{"angle":78.75,"time":389.5,"type":"block"},{"angle":67.5,"time":390,"type":"block"},{"angle":78.75,"time":390.5,"type":"block"},{"angle":45,"time":391,"type":"block"},{"angle":56.25,"time":391.25,"type":"block"},{"angle":45,"time":391.5,"type":"block"},{"angle":33.75,"time":392,"type":"block"},{"angle":22.5,"time":392.5,"type":"block"},{"angle":11.25,"time":392.75,"type":"block"},{"angle":22.5,"time":393,"type":"block"},{"angle":11.25,"time":393.75,"type":"block"},{"angle":22.5,"time":393.5,"type":"block"},{"angle":33.75,"time":393.25,"type":"block"},{"angle":11.25,"time":394.25,"type":"block"},{"angle":33.75,"time":394.5,"type":"block"},{"angle":0,"time":394.75,"type":"block"},{"angle":11.25,"time":395,"type":"block"},{"type":"hold","angle2":67.5,"time":395.25,"duration":0.75,"angle":22.5},{"angle":78.75,"time":397,"type":"block"},{"angle":67.5,"time":397.25,"type":"block"},{"angle":67.5,"time":397.75,"type":"block"},{"angle":33.75,"time":398.25,"type":"block"},{"angle":45,"time":398.5,"type":"block"},{"angle":56.25,"time":399,"type":"block"},{"angle":22.5,"time":399.375,"type":"block"},{"angle":22.5,"time":400,"type":"block"},{"angle":33.75,"time":400.5,"type":"block"},{"angle":22.5,"time":400.75,"type":"block"},{"angle":33.75,"time":401,"type":"block"},{"angle":45,"time":401.25,"type":"block"},{"angle":11.25,"time":401.5,"type":"block"},{"angle":0,"time":402,"type":"block"},{"angle":11.25,"time":402.5,"type":"block"},{"angle":0,"time":402.75,"type":"block"},{"angle":11.25,"time":403,"type":"block"},{"angle":22.5,"time":403.5,"type":"block"},{"angle":315,"time":404,"type":"block"},{"angle":326.25,"time":404.5,"type":"block"},{"angle":315,"time":404.75,"type":"block"},{"angle":337.5,"time":405,"type":"block"},{"angle":326.25,"time":405.25,"type":"block"},{"angle":337.5,"time":405.5,"type":"block"},{"angle":315,"time":405.75,"type":"block"},{"angle":348.75,"time":406.5,"type":"block"},{"angle":337.5,"time":406.75,"type":"block"},{"angle":360,"time":407,"type":"block"},{"angle":11.25,"time":407.5,"type":"block"},{"angle":22.5,"time":408,"type":"block"},{"angle":0,"time":408.5,"type":"block"},{"angle":348.75,"time":408.75,"type":"block"},{"angle":360,"time":409,"type":"block"},{"angle":348.75,"time":409.25,"type":"block"},{"angle":337.5,"time":409.5,"type":"block"},{"angle":326.25,"time":409.75,"type":"block"},{"angle":45,"time":410,"type":"block"},{"angle":56.25,"time":410.5,"type":"block"},{"angle":33.75,"time":411,"type":"block"},{"angle":22.5,"time":410.75,"type":"block"},{"angle":45,"time":411.25,"type":"block"},{"angle":22.5,"time":411.625,"type":"block"},{"angle":33.75,"time":412.5,"type":"block"},{"angle":45,"time":412,"type":"block"},{"angle":67.5,"time":413,"type":"block"},{"angle":56.25,"time":413.25,"type":"block"},{"angle":67.5,"time":413.5,"type":"block"},{"angle":45,"time":412.75,"type":"block"},{"angle":78.75,"time":413.75,"type":"block"},{"angle":55.585624694824,"time":414,"type":"block"},{"angle":72.529075622559,"time":414.25,"type":"block"},{"angle":44.552387237549,"time":414.5,"type":"block"},{"angle":56.16722869873,"time":414.75,"type":"block"},{"angle":77.667037963867,"time":415,"type":"block"},{"angle":52.011859893799,"time":415.5,"type":"block"},{"angle":62.525569915771,"time":415.75,"type":"block"},{"angle":46.749835968018,"time":416,"type":"block"},{"angle":50.625,"time":416.5,"type":"block"},{"angle":39.375,"time":416.75,"type":"block"},{"angle":56.25,"time":417,"type":"block"},{"angle":28.125,"time":417.25,"type":"block"},{"angle":16.875,"time":417.5,"type":"block"},{"angle":39.375,"time":417.75,"type":"block"},{"angle":78.75,"time":419,"type":"block"},{"angle":67.5,"time":418.75,"type":"block"},{"angle":78.75,"time":418.25,"type":"block"},{"angle":90,"time":419.25,"type":"block"},{"type":"hold","angle2":78.75,"time":418.5,"duration":0.25,"angle":84.375},{"type":"hold","angle2":67.5,"time":418.75,"duration":0.125,"angle":78.75},{"type":"hold","angle2":73.125,"time":418.875,"duration":0.625,"angle":67.5},{"angle":118.125,"time":420,"type":"block"},{"type":"extraTap","angle":16.875,"time":405,"speedMult":2},{"type":"extraTap","angle":28.125,"time":407,"speedMult":2},{"type":"extraTap","angle":50.625,"time":409,"speedMult":2},{"type":"extraTap","angle":56.25,"time":411,"speedMult":2},{"type":"extraTap","angle":78.75,"time":417,"speedMult":2},{"type":"extraTap","angle":95.625,"time":415,"speedMult":2},{"type":"extraTap","angle":90,"time":413,"speedMult":2},{"angle":112.5,"time":420.25,"type":"block"},{"angle":101.25,"time":420.5,"type":"block"},{"angle":95.625,"time":420.75,"type":"block"},{"angle":106.875,"time":421,"type":"block"},{"angle":123.75,"time":421.25,"type":"block"},{"angle":95.625,"time":421.5,"type":"block"},{"angle":106.875,"time":421.75,"type":"block"},{"angle":95.625,"time":422,"type":"block"},{"angle":118.125,"time":422.25,"type":"block"},{"angle":123.75,"time":422.5,"type":"block"},{"angle":135,"time":422.75,"type":"block"},{"angle":129.375,"time":423,"type":"block"},{"angle":146.25,"time":423.25,"type":"block"},{"angle":157.5,"time":423.5,"type":"block"},{"angle":146.25,"time":423.75,"type":"block"},{"angle":163.125,"time":424,"type":"block"},{"angle":185.625,"time":425,"type":"block"},{"angle":180,"time":424.75,"type":"block"},{"angle":185.625,"time":424.5,"type":"block"},{"angle":174.375,"time":424.25,"type":"block"},{"angle":196.875,"time":425.25,"type":"block"},{"angle":180,"time":425.5,"type":"block"},{"angle":191.25,"time":425.75,"type":"block"},{"angle":202.5,"time":426,"type":"block"},{"angle":191.25,"time":426.25,"type":"block"},{"angle":168.75,"time":427,"type":"block"},{"angle":180,"time":426.75,"type":"block"},{"angle":196.875,"time":426.5,"type":"block"},{"angle":258.75,"time":428,"type":"block"},{"angle":157.5,"time":427.375,"type":"block"},{"angle":286.875,"time":429,"type":"block"},{"angle":281.25,"time":428.75,"type":"block"},{"angle":270,"time":428.5,"type":"block"},{"angle":286.875,"time":428.25,"type":"block"},{"angle":298.125,"time":429.25,"type":"block"},{"angle":286.875,"time":429.5,"type":"block"},{"angle":309.375,"time":429.75,"type":"block"},{"angle":303.75,"time":430,"type":"block"},{"angle":320.625,"time":430.25,"type":"block"},{"angle":331.875,"time":430.5,"type":"block"},{"angle":320.625,"time":430.75,"type":"block"},{"angle":343.125,"time":431,"type":"block"},{"angle":354.375,"time":431.25,"type":"block"},{"angle":337.5,"time":431.375,"type":"block"},{"angle":348.75,"time":431.625,"type":"block"},{"angle":0,"time":432,"type":"block"},{"angle":331.875,"time":433.5,"type":"block"},{"angle":348.75,"time":434,"type":"block"},{"angle":320.625,"time":435,"type":"block"},{"angle":326.25,"time":436,"type":"block"},{"angle":337.5,"time":436.25,"type":"block"},{"angle":348.75,"time":436.5,"type":"block"},{"angle":326.25,"time":436.75,"type":"block"},{"angle":343.125,"time":437,"type":"block"},{"angle":331.875,"time":437.25,"type":"block"},{"angle":326.25,"time":437.5,"type":"block"},{"angle":331.875,"time":437.75,"type":"block"},{"angle":320.625,"time":438,"type":"block"},{"angle":298.125,"time":438.25,"type":"block"},{"angle":309.375,"time":438.5,"type":"block"},{"angle":281.25,"time":438.75,"type":"block"},{"angle":292.5,"time":439,"type":"block"},{"angle":270,"time":439.25,"type":"block"},{"angle":281.25,"time":439.5,"type":"block"},{"angle":270,"time":439.75,"type":"block"},{"angle":292.5,"time":439.75,"type":"block"},{"angle":298.125,"time":440,"type":"block"},{"angle":292.5,"time":440.25,"type":"block"},{"angle":315,"time":440.5,"type":"block"},{"angle":309.375,"time":440.75,"type":"block"},{"angle":326.25,"time":441,"type":"block"},{"angle":320.625,"time":441.25,"type":"block"},{"angle":343.125,"time":441.5,"type":"block"},{"angle":331.875,"time":441.75,"type":"block"},{"angle":354.375,"time":442,"type":"block"},{"angle":343.125,"time":442.25,"type":"block"},{"angle":326.25,"time":442.5,"type":"block"},{"angle":331.875,"time":442.75,"type":"block"},{"angle":315,"time":443,"type":"block"},{"angle":56.25,"time":444,"type":"block"},{"angle":236.25,"time":443.5,"type":"block"},{"angle":50.625,"time":444.25,"type":"block"},{"angle":61.875,"time":444.5,"type":"block"},{"angle":56.25,"time":444.75,"type":"block"},{"angle":78.75,"time":445,"type":"block"},{"angle":67.5,"time":445.25,"type":"block"},{"angle":90,"time":445.5,"type":"block"},{"angle":78.75,"time":445.75,"type":"block"},{"angle":73.125,"time":446.25,"type":"block"},{"angle":90,"time":446.5,"type":"block"},{"angle":112.5,"time":446.75,"type":"block"},{"angle":101.25,"time":447,"type":"block"},{"angle":95.625,"time":447.25,"type":"block"},{"angle":95.625,"time":446,"type":"block"},{"angle":106.875,"time":447.5,"type":"block"},{"angle":123.75,"time":447.75,"type":"block"},{"angle":106.875,"time":448,"type":"block"},{"angle":101.25,"time":449.5,"type":"block"},{"angle":90,"time":450,"type":"block"},{"angle":123.75,"time":451,"type":"block"},{"angle":56.25,"time":452,"type":"block"},{"angle":33.75,"time":453.5,"type":"block"},{"angle":360,"time":454.5,"type":"block"},{"angle":22.5,"time":455.5,"type":"block"},{"angle":309.375,"time":458,"type":"block"},{"angle":84.375,"time":457.5,"type":"block"},{"angle":253.125,"time":456.5,"type":"block"},{"angle":298.125,"time":458.5,"type":"block"},{"angle":326.25,"time":459,"type":"block"},{"angle":337.5,"time":459.5,"type":"block"},{"angle":315,"time":460,"type":"block"},{"angle":11.25,"time":461,"type":"block"},{"angle":50.625,"time":461.5,"type":"block"},{"angle":22.5,"time":462.5,"type":"block"},{"angle":331.875,"time":463.5,"type":"block"},{"angle":348.75,"time":464.5,"type":"block"},{"angle":84.375,"time":465.5,"type":"block"},{"angle":73.125,"time":466.5,"type":"block"},{"angle":50.625,"time":467,"type":"block"},{"angle":73.125,"time":466,"type":"block"},{"angle":22.5,"time":467.5,"type":"block"},{"angle":0,"time":468,"type":"block"},{"angle":56.25,"time":469,"type":"block"},{"angle":140.625,"time":469.5,"type":"block"},{"angle":225,"time":470.5,"type":"block"},{"angle":326.25,"time":471.5,"type":"block"},{"angle":28.125,"time":472.5,"type":"block"},{"angle":28.125,"time":473.5,"type":"block"},{"angle":16.875,"time":474,"type":"block"},{"angle":354.375,"time":474.5,"type":"block"},{"angle":33.75,"time":475,"type":"block"},{"angle":50.625,"time":475.5,"type":"block"},{"angle":331.875,"time":476,"type":"block"},{"angle":320.625,"time":477.5,"type":"block"},{"angle":343.125,"time":477,"type":"block"},{"angle":180,"time":478.5,"type":"block"},{"angle":90,"time":479.5,"type":"block"},{"angle":213.75,"time":481.5,"type":"block"},{"angle":191.25,"time":482,"type":"block"},{"angle":202.5,"time":482.5,"type":"block"},{"angle":225,"time":483,"type":"block"},{"angle":213.75,"time":483.5,"type":"block"},{"angle":185.625,"time":484,"type":"block"},{"angle":264.375,"time":480.5,"type":"block"},{"angle":191.25,"time":484.5,"type":"block"},{"angle":168.75,"time":484.75,"type":"block"},{"angle":157.5,"time":485,"type":"block"},{"angle":180,"time":485.25,"type":"block"},{"angle":168.75,"time":485.5,"type":"block"},{"angle":112.5,"time":486,"type":"block"},{"angle":112.5,"time":487,"type":"block"},{"angle":101.25,"time":486.5,"type":"block"},{"angle":123.75,"time":486.75,"type":"block"},{"angle":101.25,"time":487.5,"type":"block"},{"angle":11.25,"time":488.5,"type":"block"},{"angle":22.5,"time":488.75,"type":"block"},{"angle":0,"time":489,"type":"block"},{"angle":11.25,"time":489.25,"type":"block"},{"angle":33.75,"time":489.625,"type":"block"},{"angle":360,"time":490,"type":"block"},{"angle":22.5,"time":490.5,"type":"block"},{"angle":11.25,"time":490.75,"type":"block"},{"angle":22.5,"time":491,"type":"block"},{"angle":45,"time":491.25,"type":"block"},{"type":"hold","angle":22.5,"time":491.5,"duration":0.5,"angle2":33.75},{"angle":56.25,"time":492.75,"type":"block"},{"angle":45,"time":493,"type":"block"},{"angle":33.75,"time":493.25,"type":"block"},{"angle":45,"time":492.5,"type":"block"},{"angle":56.25,"time":493.5,"type":"block"},{"angle":45,"time":494,"type":"block"},{"angle":360,"time":494.5,"type":"block"},{"angle":337.5,"time":495,"type":"block"},{"angle":348.75,"time":494.75,"type":"block"},{"angle":303.75,"time":495.5,"type":"block"},{"angle":326.25,"time":496,"type":"block"},{"angle":258.75,"time":496.25,"type":"block"},{"angle":236.25,"time":496.5,"type":"block"},{"angle":247.5,"time":496.75,"type":"block"},{"angle":270,"time":497,"type":"block"},{"angle":258.75,"time":497.25,"type":"block"},{"type":"hold","angle2":292.5,"time":497.5,"duration":0.25,"angle":281.25},{"angle":326.25,"time":498,"type":"block"},{"angle":315,"time":498.25,"type":"block"},{"angle":337.5,"time":498.5,"type":"block"},{"angle":326.25,"time":499,"type":"block"},{"angle":112.5,"time":500,"type":"block"},{"type":"hold","angle2":371.25,"time":499.25,"duration":0.25,"angle":348.75},{"angle":112.5,"time":500.5,"type":"block"},{"angle":101.25,"time":500.75,"type":"block"},{"angle":135,"time":501,"type":"block"},{"angle":123.75,"time":501.25,"type":"block"},{"angle":112.5,"time":501.5,"type":"block"},{"angle":213.75,"time":502,"type":"block"},{"angle":225,"time":502.5,"type":"block"},{"angle":213.75,"time":502.75,"type":"block"},{"angle":236.25,"time":503,"type":"block"},{"angle":202.5,"time":503.25,"type":"block"},{"angle":225,"time":503.5,"type":"block"},{"angle":303.75,"time":504,"type":"block"},{"angle":326.25,"time":504.5,"type":"block"},{"angle":315,"time":504.75,"type":"block"},{"angle":337.5,"time":505,"type":"block"},{"angle":348.75,"time":505.25,"type":"block"},{"angle":348.75,"time":505.75,"type":"block"},{"angle":326.25,"time":505.5,"type":"block"},{"angle":11.25,"time":506,"type":"block"},{"angle":22.5,"time":506.5,"type":"block"},{"angle":45,"time":507,"type":"block"},{"angle":22.5,"time":507.25,"type":"block"},{"type":"hold","angle":22.5,"time":507.5,"duration":0.5,"angle2":56.25},{"angle":135,"time":508.5,"type":"block"},{"angle":146.25,"time":509,"type":"block"},{"angle":157.5,"time":508.75,"type":"block"},{"angle":157.5,"time":509.25,"type":"block"},{"angle":146.25,"time":509.5,"type":"block"},{"angle":202.5,"time":510,"type":"block"},{"angle":292.5,"time":511,"type":"block"},{"angle":258.75,"time":510.5,"type":"block"},{"angle":315,"time":510.75,"type":"block"},{"type":"hold","angle":303.75,"time":511.375,"duration":0.625,"angle2":315},{"angle":326.25,"time":512.25,"type":"block"},{"angle":337.5,"time":512.5,"type":"block"},{"angle":326.25,"time":512.75,"type":"block"},{"angle":337.5,"time":513,"type":"block"},{"angle":281.25,"time":513.5,"type":"block"},{"angle":236.25,"time":514,"type":"block"},{"angle":247.5,"time":514.25,"type":"block"},{"angle":236.25,"time":514.5,"type":"block"},{"angle":247.5,"time":514.75,"type":"block"},{"angle":225,"time":515,"type":"block"},{"angle":236.25,"time":515.5,"type":"block"},{"angle":337.5,"time":516,"type":"block"},{"angle":348.75,"time":516.5,"type":"block"},{"angle":326.25,"time":516.75,"type":"block"},{"angle":337.5,"time":517,"type":"block"},{"angle":348.75,"time":517.25,"type":"block"},{"angle":315,"time":517.5,"type":"block"},{"angle":337.5,"time":517.75,"type":"block"},{"angle":45,"time":518.25,"type":"block"},{"angle":22.5,"time":518.5,"type":"block"},{"angle":33.75,"time":519,"type":"block"},{"angle":56.25,"time":518.75,"type":"block"},{"angle":123.75,"time":519.5,"type":"block"},{"angle":101.25,"time":519.75,"type":"block"},{"angle":112.5,"time":520,"type":"block"},{"angle":168.75,"time":520.5,"type":"block"},{"angle":191.25,"time":520.75,"type":"block"},{"angle":180,"time":521,"type":"block"},{"angle":202.5,"time":521.25,"type":"block"},{"angle":191.25,"time":521.5,"type":"block"},{"angle":202.5,"time":521.75,"type":"block"},{"angle":348.75,"time":523,"type":"block"},{"angle":0,"time":522.5,"type":"block"},{"angle":78.75,"time":524.75,"type":"block"},{"angle":67.5,"time":525,"type":"block"},{"angle":78.75,"time":525.25,"type":"block"},{"angle":90,"time":525.5,"type":"block"},{"angle":78.75,"time":525.75,"type":"block"},{"angle":56.25,"time":526.5,"type":"block"},{"angle":45,"time":526.75,"type":"block"},{"angle":33.75,"time":527,"type":"block"},{"angle":22.5,"time":527.5,"type":"block"},{"angle":33.75,"time":527.75,"type":"block"},{"angle":22.5,"time":528,"type":"block"},{"angle":348.75,"time":528.5,"type":"block"},{"angle":337.5,"time":528.75,"type":"block"},{"angle":348.75,"time":529,"type":"block"},{"angle":337.5,"time":529.25,"type":"block"},{"angle":348.75,"time":529.5,"type":"block"},{"angle":22.5,"time":530.5,"type":"block"},{"angle":0,"time":531,"type":"block"},{"angle":348.75,"time":530.75,"type":"block"},{"angle":360,"time":530.25,"type":"block"},{"angle":22.5,"time":531.25,"type":"block"},{"angle":45,"time":531.5,"type":"block"},{"angle":101.25,"time":532,"type":"block"},{"angle":112.5,"time":533,"type":"block"},{"angle":123.75,"time":532.75,"type":"block"},{"angle":101.25,"time":532.5,"type":"block"},{"angle":135,"time":533.25,"type":"block"},{"angle":123.75,"time":533.5,"type":"block"},{"angle":101.25,"time":533.75,"type":"block"},{"angle":180,"time":534.5,"type":"block"},{"angle":157.5,"time":534.25,"type":"block"},{"angle":168.75,"time":534.75,"type":"block"},{"angle":191.25,"time":535,"type":"block"},{"angle":123.75,"time":536,"type":"block"},{"angle":112.5,"time":535.5,"type":"block"},{"angle":135,"time":535.75,"type":"block"},{"angle":123.75,"time":536.5,"type":"block"},{"angle":78.75,"time":537,"type":"block"},{"angle":67.5,"time":536.75,"type":"block"},{"angle":56.25,"time":537.25,"type":"block"},{"angle":78.75,"time":537.5,"type":"block"},{"angle":67.5,"time":537.75,"type":"block"},{"angle":67.5,"time":539,"type":"block"},{"angle":56.25,"time":538.375,"type":"block"},{"angle":78.75,"time":540,"type":"block"},{"angle":78.75,"time":540.5,"type":"block"},{"angle":90,"time":540.75,"type":"block"},{"angle":78.75,"time":541,"type":"block"},{"angle":101.25,"time":541.25,"type":"block"},{"angle":123.75,"time":541.5,"type":"block"},{"angle":112.5,"time":541.75,"type":"block"},{"angle":157.5,"time":542.5,"type":"block"},{"angle":168.75,"time":542.25,"type":"block"},{"angle":168.75,"time":542.75,"type":"block"},{"angle":191.25,"time":543,"type":"block"},{"angle":202.5,"time":543.5,"type":"block"},{"angle":191.25,"time":543.75,"type":"block"},{"angle":213.75,"time":544,"type":"block"},{"angle":258.75,"time":545,"type":"block"},{"angle":270,"time":544.75,"type":"block"},{"angle":258.75,"time":544.5,"type":"block"},{"angle":292.5,"time":545.25,"type":"block"},{"angle":315,"time":545.5,"type":"block"},{"angle":337.5,"time":545.75,"type":"block"},{"angle":11.25,"time":437,"type":"extraTap"},{"angle":337.5,"time":439,"type":"extraTap"},{"angle":11.25,"time":441,"type":"extraTap"},{"angle":22.5,"time":443,"type":"extraTap"},{"angle":56.25,"time":445,"type":"extraTap"},{"angle":56.25,"time":447,"type":"extraTap"},{"angle":67.5,"time":449,"type":"extraTap"},{"angle":67.5,"time":453,"type":"extraTap"},{"angle":45,"time":455,"type":"extraTap"},{"angle":45,"time":457,"type":"extraTap"},{"angle":292.5,"time":459,"type":"extraTap"},{"angle":45,"time":461,"type":"extraTap"},{"angle":33.75,"time":463,"type":"extraTap"},{"angle":33.75,"time":465,"type":"extraTap"},{"angle":67.5,"time":467,"type":"extraTap"},{"angle":33.75,"time":469,"type":"extraTap"},{"angle":22.5,"time":515,"type":"extraTap"},{"angle":22.5,"time":513,"type":"extraTap"},{"angle":22.5,"time":511,"type":"extraTap"},{"angle":22.5,"time":509,"type":"extraTap"},{"angle":22.5,"time":507,"type":"extraTap"},{"angle":22.5,"time":505,"type":"extraTap"},{"angle":22.5,"time":503,"type":"extraTap"},{"angle":22.5,"time":501,"type":"extraTap"},{"angle":22.5,"time":499,"type":"extraTap"},{"angle":22.5,"time":497,"type":"extraTap"},{"angle":22.5,"time":495,"type":"extraTap"},{"angle":22.5,"time":493,"type":"extraTap"},{"angle":33.75,"time":491,"type":"extraTap"},{"angle":22.5,"time":489,"type":"extraTap"},{"angle":22.5,"time":487,"type":"extraTap"},{"angle":22.5,"time":485,"type":"extraTap"},{"angle":22.5,"time":483,"type":"extraTap"},{"angle":22.5,"time":481,"type":"extraTap"},{"angle":22.5,"time":479,"type":"extraTap"},{"angle":22.5,"time":477,"type":"extraTap"},{"angle":22.5,"time":475,"type":"extraTap"},{"angle":22.5,"time":473,"type":"extraTap"},{"angle":22.5,"time":471,"type":"extraTap"},{"type":"extraTap","angle":236.25,"time":258,"speedMult":2},{"type":"extraTap","angle":225,"time":259.5,"speedMult":2},{"type":"extraTap","angle":225,"time":261,"speedMult":2},{"type":"extraTap","angle":225,"time":262.5,"speedMult":2},{"type":"extraTap","angle":78.75,"time":266,"speedMult":2},{"type":"extraTap","angle":78.75,"time":267.5,"speedMult":2},{"type":"extraTap","angle":78.75,"time":269,"speedMult":2},{"type":"extraTap","angle":67.5,"time":270.5,"speedMult":2},{"type":"extraTap","angle":348.75,"time":274,"speedMult":2},{"type":"extraTap","angle":348.75,"time":275.5,"speedMult":2},{"type":"extraTap","angle":348.75,"time":277,"speedMult":2},{"type":"extraTap","angle":348.75,"time":278.5,"speedMult":2},{"angle":360,"time":523.25,"type":"block"},{"type":"hold","angle2":67.5,"time":523.5,"duration":1,"angle":11.25},{"angle":33.75,"time":524,"type":"block"},{"angle":258.75,"time":139.5,"type":"extraTap"},{"angle":33.75,"time":147.5,"type":"extraTap"},{"angle":56.25,"time":131.5,"type":"extraTap"},{"angle":213.75,"time":155.5,"type":"extraTap"},{"angle":258.75,"time":171.375,"type":"extraTap"},{"angle":326.25,"time":179.5,"type":"extraTap"},{"angle":135,"time":187.5,"type":"extraTap"},{"angle":168.75,"time":163.5,"type":"extraTap"},{"angle":112.5,"time":195.5,"type":"extraTap"},{"angle":258.75,"time":203.5,"type":"extraTap"},{"angle":22.5,"time":211.5,"type":"extraTap"},{"angle":348.75,"time":219.5,"type":"extraTap"},{"angle":11.25,"time":227.5,"type":"extraTap"},{"angle":123.75,"time":235.5,"type":"extraTap"},{"angle":270,"time":243.5,"type":"extraTap"},{"angle":236.25,"time":251.5,"type":"extraTap"}]