{
	"width": 320,
	"height": 192,
	"fps":12,
	"frames": 14,
	"states": [
	{
		"name": "xstart",
		"frames": [0,1,2,3],
		"fps": 14,
		"loop": false
	},
	{
		"name": "xend",
		"frames": [3,2,1,0],
		"fps": 12,
		"loop": false
	},
	{
		"name": "ystart",
		"frames": [0,4,5,6],
		"fps": 12,
		"loop": false
	},
	{
		"name": "yend",
		"frames": [6,5,4,0],
		"fps": 12,
		"loop": false
	},
	{
		"name": "sstart",
		"frames": [7,8,9,10],
		"fps": 12,
		"loop": false
	},
	{
		"name": "send",
		"frames": [10,9,8,7],
		"fps": 12,
		"loop": false
	},
	{
		"name": "zstart",
		"frames": [7,11,12,13],
		"fps": 12,
		"loop": false
	},
	{
		"name": "zend",
		"frames": [13,12,11,7],
		"fps": 12,
		"loop": false
	}
	]
}