[{"type":"block","angle":270,"time":1},{"type":"block","angle":90,"time":1.5},{"type":"block","angle":270,"time":2},{"type":"block","angle":270,"time":2.25},{"type":"block","angle":90,"time":2.75},{"type":"block","angle":270,"time":3.25},{"duration":0.5,"angle2":360,"angle":270,"type":"hold","time":3.5},{"duration":0.5,"angle2":270,"angle":360,"type":"hold","time":4},{"duration":0.5,"angle2":360,"angle":270,"type":"hold","time":4.5},{"type":"block","angle":360,"time":5},{"type":"block","angle":180,"time":5.5},{"type":"block","angle":135,"time":5.625},{"type":"block","angle":90,"time":5.75},{"type":"block","angle":45,"time":5.875},{"type":"block","angle":0,"time":6},{"type":"block","angle":0,"time":6.25},{"type":"block","angle":180,"time":6.75},{"type":"block","angle":0,"time":7.25},{"duration":0.5,"angle2":105,"angle":0,"type":"hold","time":7.5},{"duration":0.5,"angle2":180,"angle":75,"type":"hold","time":8},{"duration":0.5,"angle2":90,"angle":180,"type":"hold","time":8.5},{"duration":0.5,"angle2":195,"angle":75,"type":"hold","time":9},{"type":"block","angle":165,"time":9.5},{"type":"block","angle":135,"time":9.75},{"duration":0.5,"angle2":0,"angle":90,"type":"hold","time":10},{"duration":0.5,"angle2":90,"angle":0,"type":"hold","time":10.5},{"duration":0.5,"angle2":270,"angle":180,"type":"hold","time":12},{"type":"block","angle":270,"time":12.5},{"type":"block","angle":300,"time":12.75},{"type":"block","angle":240,"time":13},{"type":"block","angle":180,"time":13.5},{"duration":0.25,"angle2":0,"angle":90,"type":"hold","time":14},{"duration":0.5,"angle2":-180,"angle":0,"type":"hold","time":14.5},{"type":"block","angle":90,"time":16},{"type":"block","angle":105,"time":16.25},{"type":"block","angle":255,"time":16.75},{"type":"block","angle":285,"time":17},{"type":"block","angle":360,"time":17.5},{"type":"block","angle":30,"time":17.75},{"type":"block","angle":330,"time":18},{"duration":0.5,"angle2":465,"angle":360,"type":"hold","time":18},{"duration":0.25,"angle2":75,"angle":105,"type":"hold","time":18.5},{"duration":0.25,"angle2":105,"angle":75,"type":"hold","time":18.75},{"type":"block","angle":90,"time":19},{"type":"block","angle":0,"time":19.5},{"type":"block","angle":270,"time":20},{"type":"block","angle":180,"time":20.5},{"duration":0.25,"angle2":0,"angle":15,"type":"hold","holdEase":"outCirc","time":21},{"duration":0.5,"angle2":30,"angle":15,"type":"hold","holdEase":"outCirc","time":21},{"duration":0.5,"angle2":15,"angle":30,"type":"hold","holdEase":"inCirc","time":21.5},{"duration":0.25,"angle2":375,"angle":360,"type":"hold","holdEase":"inCirc","time":21.75},{"duration":0.25,"angle2":0,"angle":-15,"type":"hold","holdEase":"outCirc","time":21},{"duration":0.5,"angle2":-30,"angle":-15,"type":"hold","holdEase":"outCirc","time":21},{"duration":0.5,"angle2":-15,"angle":-30,"type":"hold","holdEase":"inCirc","time":21.5},{"duration":0.25,"angle2":-375,"angle":-360,"type":"hold","holdEase":"inCirc","time":21.75},{"duration":0.25,"angle2":0,"angle":0,"type":"hold","time":21.75},{"type":"side","angle":315,"time":22.5},{"type":"side","angle":45,"time":23},{"type":"mine","angle":180,"time":23.5},{"type":"mine","angle":150,"time":23.75},{"duration":0.25,"angle2":210,"angle":180,"type":"mineHold","holdEase":"outCirc","time":24},{"duration":0.25,"angle2":180,"angle":210,"type":"mineHold","holdEase":"inCirc","time":24.25},{"duration":0.25,"angle2":-210,"angle":-180,"type":"mineHold","holdEase":"outCirc","time":24.5},{"duration":0.25,"angle2":-180,"angle":-210,"type":"mineHold","holdEase":"inCirc","time":24.75},{"type":"mine","angle":90,"time":23.5},{"type":"mine","angle":60,"time":23.75},{"duration":0.25,"angle2":120,"angle":90,"type":"mineHold","holdEase":"outCirc","time":24},{"duration":0.25,"angle2":90,"angle":120,"type":"mineHold","holdEase":"inCirc","time":24.25},{"duration":0.25,"angle2":-300,"angle":-270,"type":"mineHold","holdEase":"outCirc","time":24.5},{"duration":0.25,"angle2":-270,"angle":-300,"type":"mineHold","holdEase":"inCirc","time":24.75},{"type":"mine","angle":270,"time":23.5},{"type":"mine","angle":240,"time":23.75},{"duration":0.25,"angle2":300,"angle":270,"type":"mineHold","holdEase":"outCirc","time":24},{"duration":0.25,"angle2":270,"angle":300,"type":"mineHold","holdEase":"inCirc","time":24.25},{"duration":0.25,"angle2":-120,"angle":-90,"type":"mineHold","holdEase":"outCirc","time":24.5},{"duration":0.25,"angle2":-90,"angle":-120,"type":"mineHold","holdEase":"inCirc","time":24.75},{"type":"block","angle":360,"time":24.5},{"type":"block","angle":330,"time":24.75},{"duration":0.5,"angle2":90,"angle":0,"type":"hold","time":25},{"type":"block","angle":90,"time":25.75},{"duration":0.5,"angle2":180,"angle":90,"type":"hold","time":26},{"duration":0.5,"angle2":90,"angle":180,"type":"hold","time":26.75},{"duration":0.25,"angle2":120,"angle":90,"type":"hold","holdEase":"outCirc","time":27.5},{"duration":0.25,"angle2":90,"angle":120,"type":"hold","holdEase":"inCirc","time":27.75},{"duration":0.25,"angle2":30,"angle":90,"type":"hold","time":28},{"type":"side","angle":0,"time":28.25},{"duration":0.5,"angle2":135,"angle":180,"type":"hold","holdEase":"outCirc","time":29},{"type":"block","angle":135,"time":29.75},{"duration":0.5,"angle2":180,"angle":135,"type":"hold","holdEase":"inCirc","time":30},{"type":"block","angle":180,"time":30.75},{"duration":0.5,"angle2":285,"angle":180,"type":"hold","time":31},{"duration":0.5,"angle2":375,"angle":255,"type":"hold","time":31.5},{"duration":0.25,"angle2":45,"angle":15,"type":"hold","holdEase":"outCirc","time":32},{"duration":0.75,"angle2":-90,"angle":45,"type":"hold","holdEase":"inCirc","time":32.25},{"type":"block","angle":270,"time":33},{"type":"block","angle":240,"time":33.25},{"type":"block","angle":210,"time":33.5},{"type":"block","angle":180,"time":33.75},{"duration":0.5,"angle2":180,"angle":135,"type":"hold","holdEase":"inCirc","time":34},{"type":"block","angle":270,"time":35},{"type":"block","angle":240,"time":35.25},{"type":"block","angle":210,"time":35.5},{"duration":0.5,"angle2":90,"angle":180,"type":"hold","time":36},{"duration":0.75,"angle2":360,"angle":360,"type":"hold","time":37},{"duration":0,"angle2":375,"angle":345,"type":"hold","time":37.5},{"duration":0.25,"angle2":15,"angle":0,"type":"hold","holdEase":"outCirc","time":38.5},{"duration":0.25,"angle2":0,"angle":15,"type":"hold","holdEase":"inCirc","time":38.75},{"duration":0.25,"angle2":-15,"angle":0,"type":"hold","holdEase":"outCirc","time":38.5},{"duration":0.25,"angle2":0,"angle":-15,"type":"hold","holdEase":"inCirc","time":38.75},{"duration":1,"angle2":0,"angle":180,"type":"hold","time":40},{"type":"side","angle":315,"time":41},{"type":"side","angle":45,"time":41.5},{"type":"block","angle":255,"time":42},{"type":"block","angle":285,"time":42.25},{"duration":0.5,"angle2":315,"angle":270,"type":"hold","holdEase":"outCirc","time":42.75},{"duration":0.5,"angle2":270,"angle":315,"type":"hold","holdEase":"inCirc","time":43.25},{"duration":0.5,"angle2":-495,"angle":-450,"type":"hold","holdEase":"outCirc","time":43.75},{"duration":0.25,"angle2":-450,"angle":-495,"type":"hold","holdEase":"inCirc","time":44.25},{"type":"side","angle":405,"time":45},{"type":"side","angle":135,"time":45.5},{"type":"block","angle":345,"time":46},{"type":"block","angle":375,"time":46.25},{"duration":0.5,"angle2":-405,"angle":-360,"type":"hold","holdEase":"outCirc","time":46.75},{"duration":0.5,"angle2":-360,"angle":-405,"type":"hold","holdEase":"inCirc","time":47.25},{"duration":0.5,"angle2":405,"angle":360,"type":"hold","holdEase":"outCirc","time":47.75},{"duration":0.25,"angle2":360,"angle":405,"type":"hold","holdEase":"inCirc","time":48.25},{"type":"side","angle":225,"time":49},{"type":"side","angle":-45,"time":49.5},{"type":"block","angle":165,"time":50},{"type":"block","angle":195,"time":50.25},{"duration":0.5,"angle2":225,"angle":180,"type":"hold","holdEase":"outCirc","time":50.75},{"duration":0.5,"angle2":180,"angle":225,"type":"hold","holdEase":"inCirc","time":51.25},{"duration":0.5,"angle2":-585,"angle":-540,"type":"hold","holdEase":"outCirc","time":51.75},{"duration":0.25,"angle2":-540,"angle":-585,"type":"hold","holdEase":"inCirc","time":52.25},{"type":"side","angle":315,"time":53},{"type":"side","angle":225,"time":53.5},{"type":"block","angle":180,"time":54},{"type":"block","angle":90,"time":54.5},{"type":"block","angle":360,"time":55},{"type":"block","angle":330,"time":55.25},{"type":"block","angle":360,"time":55.5},{"type":"block","angle":30,"time":55.75},{"duration":0.25,"angle2":90,"angle":0,"type":"hold","time":58},{"duration":0.5,"angle2":-15,"angle":105,"type":"hold","time":58.25},{"duration":0.5,"angle2":-105,"angle":15,"type":"hold","time":58.75},{"duration":0.5,"angle2":375,"angle":255,"type":"hold","time":59.25},{"duration":0.5,"angle2":450,"angle":345,"type":"hold","time":59.75},{"type":"block","angle":90,"time":60.5},{"type":"side","angle":360,"time":61},{"type":"side","angle":0,"time":61.5},{"type":"side","angle":0,"time":57},{"type":"side","angle":360,"time":57.5},{"type":"block","angle":330,"time":56},{"type":"block","angle":30,"time":56.25},{"type":"block","angle":330,"time":56.5},{"type":"block","angle":30,"time":56.75},{"type":"block","angle":360,"time":62},{"duration":0.5,"angle2":255,"angle":360,"type":"hold","time":62.25},{"duration":0.5,"angle2":165,"angle":285,"type":"hold","time":62.75},{"duration":0.5,"angle2":75,"angle":195,"type":"hold","time":63.25},{"duration":0.25,"angle2":75,"angle":105,"type":"hold","time":63.75},{"type":"block","angle":45,"time":64.25},{"type":"block","angle":360,"time":64.5},{"type":"side","angle":180,"time":65},{"type":"side","angle":180,"time":65.5},{"type":"block","angle":270,"time":66},{"duration":0.5,"angle2":360,"angle":270,"type":"hold","time":66.25},{"duration":0.5,"angle2":270,"angle":360,"type":"hold","time":66.75},{"duration":0.5,"angle2":360,"angle":270,"type":"hold","time":67.25},{"duration":0.5,"angle2":-90,"angle":0,"type":"hold","time":67.75},{"type":"block","angle":255,"time":68.25},{"type":"block","angle":270,"time":68.5},{"type":"block","angle":0,"time":69},{"type":"block","angle":90,"time":70},{"type":"block","angle":0,"time":71},{"type":"block","angle":45,"time":71.5},{"type":"block","angle":90,"time":72},{"duration":0.5,"angle2":360,"angle":360,"type":"hold","time":72.5},{"duration":0.5,"angle2":375,"angle":345,"type":"hold","segments":1,"time":73},{"duration":0.5,"angle2":30,"angle":15,"type":"hold","holdEase":"outCirc","time":73.5},{"duration":0.5,"angle2":30,"angle":15,"type":"hold","holdEase":"inOutQuart","time":73.5},{"duration":0,"angle2":15,"angle":15,"type":"hold","time":74},{"duration":0,"angle2":45,"angle":45,"type":"hold","time":74.25},{"duration":0.5,"angle2":-90,"angle":0,"type":"hold","time":74.5},{"duration":0,"angle2":180,"angle":180,"type":"hold","time":76},{"duration":0,"angle2":180,"angle":180,"type":"hold","time":76.5},{"duration":0,"angle2":150,"angle":150,"type":"hold","time":76.75},{"duration":0,"angle2":180,"angle":180,"type":"hold","time":77},{"duration":0,"angle2":210,"angle":210,"type":"hold","time":77.25},{"duration":0,"angle2":180,"angle":180,"type":"hold","time":77.5},{"duration":0,"angle2":180,"angle":180,"type":"hold","time":78},{"duration":0,"angle2":90,"angle":90,"type":"hold","time":78.5},{"duration":0,"angle2":-315,"angle":-315,"type":"hold","time":78.75},{"duration":1,"angle2":-450,"angle":-360,"type":"hold","time":79},{"duration":0,"angle2":255,"angle":255,"type":"hold","time":80},{"duration":0.5,"angle2":360,"angle":285,"type":"hold","time":80.25},{"duration":0,"angle2":-360,"angle":-360,"type":"hold","time":81},{"duration":0,"angle2":-390,"angle":-390,"type":"hold","time":81.25},{"duration":0,"angle2":-420,"angle":-420,"type":"hold","time":81.5},{"duration":0,"angle2":270,"angle":270,"type":"hold","time":81.75},{"duration":0,"angle2":-540,"angle":-540,"type":"hold","time":82},{"duration":0,"angle2":-570,"angle":-570,"type":"hold","time":82.25},{"duration":0,"angle2":90,"angle":90,"type":"hold","time":82.75},{"duration":0,"angle2":120,"angle":120,"type":"hold","time":82.5},{"duration":0.5,"angle2":150,"angle":60,"type":"hold","time":83},{"duration":0.5,"angle2":195,"angle":120,"type":"hold","time":83.5},{"duration":0,"angle2":-555,"angle":-555,"type":"hold","time":84},{"duration":0,"angle2":-585,"angle":-585,"type":"hold","time":84.25},{"duration":0,"angle2":-615,"angle":-615,"type":"hold","time":84.5},{"duration":0,"angle2":75,"angle":75,"type":"hold","time":84.75},{"duration":0,"angle2":360,"angle":360,"type":"hold","time":85},{"duration":0,"angle2":390,"angle":390,"type":"hold","time":85.25},{"duration":0,"angle2":420,"angle":420,"type":"hold","time":85.5},{"duration":0,"angle2":-270,"angle":-270,"type":"hold","time":85.75},{"duration":0,"angle2":-570,"angle":-570,"type":"hold","time":86},{"duration":0,"angle2":-600,"angle":-600,"type":"hold","time":86.25},{"duration":0,"angle2":-630,"angle":-630,"type":"hold","time":86.5},{"duration":0,"angle2":60,"angle":60,"type":"hold","time":86.75},{"duration":0,"angle2":90,"angle":90,"type":"hold","time":87},{"duration":0,"angle2":-360,"angle":-360,"type":"hold","time":88.5},{"duration":0,"angle2":-390,"angle":-390,"type":"hold","time":88.75},{"duration":0,"angle2":360,"angle":360,"type":"hold","time":89},{"duration":0,"angle2":-330,"angle":-330,"type":"hold","time":89.25},{"duration":0,"angle2":330,"angle":330,"type":"hold","time":89.5},{"duration":0,"angle2":-360,"angle":-360,"type":"hold","time":89.75},{"duration":0,"angle2":-390,"angle":-390,"type":"hold","time":90},{"duration":0,"angle2":300,"angle":300,"type":"hold","time":90.25},{"duration":0,"angle2":-360,"angle":-360,"type":"hold","time":90.5},{"duration":0,"angle2":330,"angle":330,"type":"hold","time":90.75},{"duration":0,"angle2":-330,"angle":-330,"type":"hold","time":91},{"duration":0,"angle2":360,"angle":360,"type":"hold","time":91.25},{"duration":0,"angle2":-300,"angle":-300,"type":"hold","time":91.5},{"duration":0,"angle2":390,"angle":390,"type":"hold","time":91.75},{"duration":0,"angle2":360,"angle":360,"type":"hold","time":92},{"duration":0.75,"angle2":0,"angle":90,"type":"hold","time":92.25},{"duration":0.5,"angle2":390,"angle":360,"type":"hold","holdEase":"inOutQuart","time":93},{"duration":0.5,"angle2":15,"angle":30,"type":"hold","holdEase":"inCirc","time":93.5},{"duration":0.5,"angle2":-390,"angle":-360,"type":"hold","holdEase":"inOutQuart","time":93},{"duration":0.5,"angle2":-15,"angle":-30,"type":"hold","holdEase":"inCirc","time":93.5},{"duration":0.5,"angle2":345,"angle":360,"type":"hold","holdEase":"inCirc","time":93.5},{"duration":0.5,"angle2":15,"angle":0,"type":"hold","holdEase":"inCirc","time":93.5},{"duration":0,"angle2":27.859651565552,"angle":27.859651565552,"type":"hold","time":93.75},{"duration":0,"angle2":332.3740234375,"angle":332.3740234375,"type":"hold","time":93.75},{"duration":0,"angle2":360,"angle":360,"type":"hold","time":94.25},{"duration":0,"angle2":330,"angle":330,"type":"hold","time":94.5},{"duration":0,"angle2":300,"angle":300,"type":"hold","time":94.75},{"duration":0.5,"angle2":375,"angle":270,"type":"hold","time":95},{"duration":0.25,"angle2":-15,"angle":15,"type":"hold","time":95.5},{"duration":0.5,"angle2":450,"angle":345,"type":"hold","time":95.75},{"duration":1,"angle2":450,"angle":270,"type":"hold","time":97},{"duration":0,"angle2":420,"angle":420,"type":"hold","time":98},{"duration":0,"angle2":450,"angle":450,"type":"hold","time":98.5},{"duration":0,"angle2":-540,"angle":-540,"type":"hold","time":99},{"duration":0,"angle2":-510,"angle":-510,"type":"hold","time":99.25},{"duration":0,"angle2":-480,"angle":-480,"type":"hold","time":99.5},{"duration":0,"angle2":270,"angle":270,"type":"hold","time":99.75},{"duration":1,"angle2":660,"angle":300,"type":"hold","holdEase":"outSine","time":100},{"duration":0,"angle2":630,"angle":360,"type":"hold","time":101},{"duration":0.5,"angle2":375,"angle":360,"type":"hold","time":101},{"duration":0.25,"angle2":0,"angle":30,"type":"hold","time":100.75},{"duration":0,"angle2":540,"angle":270,"type":"hold","time":101.75},{"duration":0.5,"angle2":285,"angle":270,"type":"hold","time":101.75},{"duration":0.25,"angle2":-90,"angle":-60,"type":"hold","time":101.5},{"duration":0,"angle2":450,"angle":180,"type":"hold","time":102.5},{"duration":0.5,"angle2":195,"angle":180,"type":"hold","time":102.5},{"duration":0.25,"angle2":-180,"angle":-150,"type":"hold","time":102.25},{"type":"block","angle":360,"time":104.5},{"duration":0.5,"angle2":367.5,"angle":360,"type":"hold","holdEase":"outCirc","time":105},{"duration":0.5,"angle2":15,"angle":7.5,"type":"hold","holdEase":"outCirc","time":105.5},{"duration":0.5,"angle2":367.5,"angle":360,"type":"hold","holdEase":"outCirc","time":105.5},{"duration":0,"angle2":15,"angle":7.5,"type":"hold","time":106},{"duration":0.5,"angle2":-367.5,"angle":-360,"type":"hold","holdEase":"outCirc","time":105},{"duration":0.5,"angle2":-15,"angle":-7.5,"type":"hold","holdEase":"outCirc","time":105.5},{"duration":0.5,"angle2":-367.5,"angle":-360,"type":"hold","holdEase":"outCirc","time":105.5},{"duration":0,"angle2":-15,"angle":-7.5,"type":"hold","time":106},{"duration":0,"angle2":6.5389618873596,"angle":6.5389618873596,"type":"hold","time":105.25},{"duration":0,"angle2":353.36749267578,"angle":353.36749267578,"type":"hold","time":105.25},{"type":"block","angle":30,"time":106.25},{"type":"block","angle":330,"time":106.5},{"type":"block","angle":360,"time":107},{"duration":0.5,"angle2":-45,"angle":0,"type":"hold","segments":2,"holdEase":"linear","time":108},{"duration":0.25,"angle2":330,"angle":315,"type":"hold","segments":1,"time":108.5},{"type":"block","angle":360,"time":109},{"type":"block","angle":330,"time":109.25},{"type":"block","angle":300,"time":109.5},{"type":"block","angle":270,"time":109.75},{"type":"block","angle":345,"time":110},{"type":"block","angle":315,"time":110.25},{"type":"block","angle":285,"time":110.5},{"type":"block","angle":255,"time":110.75},{"type":"block","angle":330,"time":111},{"duration":0.25,"angle2":105,"angle":75,"type":"hold","segments":1,"time":112},{"duration":0.5,"angle2":45,"angle":105,"type":"hold","segments":2,"time":112.25},{"duration":0.25,"angle2":75,"angle":45,"type":"hold","segments":1,"time":112.75},{"type":"block","angle":90,"time":113},{"type":"block","angle":195,"time":113.5},{"type":"block","angle":225,"time":113.75},{"type":"block","angle":-195,"time":114},{"type":"block","angle":-225,"time":114.25},{"type":"block","angle":195,"time":114.5},{"type":"block","angle":225,"time":114.75},{"duration":0.5,"angle2":120,"angle":180,"type":"hold","segments":2,"time":115},{"duration":0.5,"angle2":90,"angle":135,"type":"hold","segments":2,"time":115.5},{"duration":0.5,"angle2":60,"angle":105,"type":"hold","segments":2,"time":116},{"type":"block","angle":90,"time":116.5},{"type":"block","angle":90,"time":116.75},{"type":"block","angle":60,"time":117},{"type":"block","angle":30,"time":117.25},{"type":"block","angle":-240,"time":117.5},{"type":"block","angle":-210,"time":117.75},{"duration":0.5,"angle2":-60,"angle":0,"type":"hold","segments":2,"time":118.5},{"duration":1,"angle2":-120,"angle":-45,"type":"hold","segments":4,"time":119},{"type":"block","angle":90,"time":118},{"type":"block","angle":45,"time":118.25},{"type":"block","angle":150,"time":120.5},{"type":"block","angle":180,"time":120.75},{"duration":0.25,"angle2":180,"angle":210,"type":"hold","segments":1,"time":121},{"type":"block","angle":210,"time":121.5},{"type":"block","angle":240,"time":121.75},{"duration":0.25,"angle2":240,"angle":270,"type":"hold","segments":1,"time":122},{"duration":0.5,"angle2":300,"angle":240,"type":"hold","segments":2,"time":122.25},{"duration":0.5,"angle2":360,"angle":285,"type":"hold","segments":2,"time":122.75},{"duration":0.25,"angle2":360,"angle":360,"type":"hold","time":123},{"duration":0.25,"angle2":60,"angle":15,"type":"hold","segments":1,"time":123.25},{"duration":0.25,"angle2":15,"angle":60,"type":"hold","segments":1,"time":123.5},{"duration":0.25,"angle2":60,"angle":15,"type":"hold","segments":1,"time":123.75},{"duration":0.25,"angle2":15,"angle":60,"type":"hold","segments":1,"time":124},{"duration":0.75,"angle2":-90,"angle":15,"type":"hold","segments":3,"time":124.25},{"type":"block","angle":270,"time":125},{"duration":0.25,"angle2":345,"angle":315,"type":"hold","segments":1,"time":125.5},{"duration":0.25,"angle2":-360,"angle":-330,"type":"hold","segments":1,"time":125.75},{"duration":0.25,"angle2":360,"angle":330,"type":"hold","segments":1,"time":126},{"duration":0.25,"angle2":-345,"angle":-315,"type":"hold","segments":1,"time":126.25},{"duration":0.25,"angle2":345,"angle":315,"type":"hold","segments":1,"time":126.5},{"duration":0.25,"angle2":-360,"angle":-330,"type":"hold","segments":1,"time":126.75},{"type":"block","angle":0,"time":127},{"type":"block","angle":300,"time":127.5},{"type":"block","angle":285,"time":127.75},{"type":"block","angle":270,"time":128.25},{"duration":1,"angle2":450,"angle":360,"type":"hold","segments":4,"time":129},{"type":"block","angle":90,"time":130.5},{"duration":0.25,"angle2":525,"angle":495,"type":"hold","segments":1,"time":131},{"duration":0.25,"angle2":-180,"angle":-150,"type":"hold","segments":1,"time":131.25},{"duration":0.25,"angle2":540,"angle":510,"type":"hold","segments":1,"time":131.5},{"duration":0.25,"angle2":-165,"angle":-135,"type":"hold","segments":1,"time":131.75},{"duration":0,"angle2":0,"angle":270,"type":"hold","segments":4,"time":133},{"duration":0.5,"angle2":0,"angle":22.5,"type":"hold","segments":1,"time":132.5},{"duration":0.5,"angle2":22.5,"angle":0,"type":"hold","segments":1,"time":133},{"duration":0,"angle2":-90,"angle":180,"type":"hold","segments":4,"time":133.75},{"duration":0.5,"angle2":-90,"angle":-67.5,"type":"hold","segments":1,"time":133.25},{"duration":0.5,"angle2":-67.5,"angle":-90,"type":"hold","segments":1,"time":133.75},{"duration":0,"angle2":-180,"angle":90,"type":"hold","segments":4,"time":134.5},{"duration":0.5,"angle2":-180,"angle":-157.5,"type":"hold","segments":1,"time":134},{"duration":0.5,"angle2":-157.5,"angle":-180,"type":"hold","segments":1,"time":134.5},{"type":"block","angle":90,"time":137},{"duration":1,"angle2":45,"angle":90,"type":"hold","time":138},{"duration":0.5,"angle2":75,"angle":30,"type":"hold","time":139.25},{"type":"block","angle":75,"time":140},{"duration":0.5,"angle2":45,"angle":105,"type":"hold","time":140},{"duration":0.5,"angle2":30,"angle":90,"type":"hold","time":140.5},{"type":"block","angle":45,"time":141},{"type":"block","angle":90,"time":142.5},{"type":"block","angle":45,"time":142.75},{"duration":0.5,"angle2":105,"angle":75,"type":"hold","time":143},{"duration":0.5,"angle2":75,"angle":90,"type":"hold","time":143.5},{"duration":0.75,"angle2":90,"angle":90,"type":"hold","time":145},{"duration":0.75,"angle2":60,"angle":60,"type":"hold","time":146},{"duration":0.5,"angle2":30,"angle":30,"type":"hold","time":147},{"type":"block","angle":30,"time":147.75},{"duration":1,"angle2":120,"angle":30,"type":"hold","segments":4,"time":148},{"type":"block","angle":90,"time":150.5},{"type":"block","angle":60,"time":150.75},{"duration":0.5,"angle2":45,"angle":90,"type":"hold","segments":2,"time":151},{"duration":0.5,"angle2":-255,"angle":-315,"type":"hold","segments":2,"time":151.5},{"duration":1,"angle2":210,"angle":30,"type":"hold","time":153},{"duration":0.75,"angle2":105,"angle":210,"type":"hold","time":154},{"type":"block","angle":90,"time":155},{"type":"block","angle":360,"time":155.5},{"type":"block","angle":330,"time":155.75},{"duration":1,"angle2":360,"angle":0,"type":"hold","time":156},{"duration":0.75,"angle2":-180,"angle":0,"type":"hold","time":157},{"duration":0.75,"angle2":-75,"angle":210,"type":"hold","time":158},{"type":"block","angle":270,"time":159},{"type":"block","angle":60,"time":159.5},{"duration":1,"angle2":-330,"angle":30,"type":"hold","time":160},{"duration":0.25,"angle2":210,"angle":180,"type":"hold","time":157.75},{"duration":1,"angle2":30,"angle":0,"type":"hold","time":161},{"type":"block","angle":0,"time":161.75},{"duration":1,"angle2":-30,"angle":0,"type":"hold","time":162},{"type":"block","angle":0,"time":162.75},{"duration":0.5,"angle2":375,"angle":360,"type":"hold","time":163},{"duration":0.5,"angle2":45,"angle":30,"type":"hold","time":163.5},{"duration":0.5,"angle2":75,"angle":60,"type":"hold","time":164},{"duration":0.75,"angle2":195,"angle":180,"type":"hold","time":165},{"duration":0.5,"angle2":150,"angle":165,"type":"hold","time":166},{"duration":0.5,"angle2":180,"angle":195,"type":"hold","time":166.5},{"duration":0.5,"angle2":180,"angle":165,"type":"hold","time":167},{"duration":1,"angle2":450,"angle":165,"type":"hold","holdEase":"outSine","time":169},{"type":"block","angle":90,"time":164.5},{"duration":1,"angle2":120,"angle":195,"type":"hold","time":167.5},{"duration":0.5,"angle2":195,"angle":120,"type":"hold","time":168.5},{"type":"block","angle":90,"time":170.5},{"type":"block","angle":180,"time":171},{"type":"block","angle":90,"time":171.5},{"type":"block","angle":0,"time":172},{"type":"block","angle":270,"time":172.5},{"type":"block","angle":180,"time":173},{"type":"block","angle":270,"time":173.5},{"type":"block","angle":360,"time":174},{"type":"block","angle":90,"time":174.5},{"type":"block","angle":0,"time":175},{"duration":0.5,"angle2":135,"angle":90,"type":"hold","time":175.5},{"duration":0.5,"angle2":165,"angle":120,"type":"hold","time":176},{"duration":0.5,"angle2":135,"angle":180,"type":"hold","time":176.5},{"duration":0.5,"angle2":105,"angle":150,"type":"hold","time":177},{"type":"block","angle":360,"time":178},{"type":"block","angle":90,"time":178.5},{"type":"block","angle":0,"time":179},{"type":"block","angle":90,"time":179.5},{"type":"block","angle":0,"time":180},{"type":"block","angle":270,"time":180.5},{"type":"block","angle":180,"time":181},{"type":"block","angle":270,"time":181.5},{"type":"block","angle":0,"time":182},{"type":"block","angle":90,"time":182.5},{"type":"block","angle":180,"time":183},{"type":"block","angle":90,"time":183.5},{"duration":1,"angle2":90,"angle":0,"type":"hold","holdEase":"outQuad","time":184},{"type":"block","angle":90,"time":185.5},{"type":"block","angle":180,"time":186},{"type":"block","angle":225,"time":186.5},{"type":"block","angle":270,"time":187},{"type":"block","angle":315,"time":187.5},{"type":"block","angle":-135,"time":188},{"type":"block","angle":-180,"time":188.5},{"type":"block","angle":-225,"time":189},{"type":"block","angle":-270,"time":189.5},{"type":"block","angle":135,"time":190},{"type":"block","angle":90,"time":190.5},{"duration":1,"angle2":390,"angle":360,"type":"hold","time":191},{"duration":1,"angle2":0,"angle":30,"type":"hold","time":191.5},{"duration":1,"angle2":-390,"angle":-360,"type":"hold","time":192},{"duration":0.5,"angle2":345,"angle":330,"type":"hold","time":192.5},{"duration":0.25,"angle2":30,"angle":0,"type":"hold","holdEase":"inOutQuad","time":194},{"duration":0.75,"angle2":15,"angle":30,"type":"hold","holdEase":"inCirc","time":194.25},{"duration":0.25,"angle2":375,"angle":360,"type":"hold","holdEase":"inCirc","time":194.75},{"duration":0.25,"angle2":-30,"angle":0,"type":"hold","holdEase":"inOutQuad","time":194},{"duration":0.75,"angle2":-15,"angle":-30,"type":"hold","holdEase":"inCirc","time":194.25},{"duration":0.25,"angle2":-375,"angle":-360,"type":"hold","holdEase":"inCirc","time":194.75},{"duration":0.75,"angle2":150,"angle":165,"type":"hold","holdEase":"outCirc","time":196},{"duration":0.25,"angle2":180,"angle":150,"type":"hold","holdEase":"outQuad","time":196.75},{"duration":0.25,"angle2":180,"angle":165,"type":"hold","holdEase":"outCirc","time":196},{"duration":0.75,"angle2":-150,"angle":-165,"type":"hold","holdEase":"outCirc","time":196},{"duration":0.25,"angle2":-180,"angle":-150,"type":"hold","holdEase":"outQuad","time":196.75},{"duration":0.25,"angle2":-180,"angle":-165,"type":"hold","holdEase":"outCirc","time":196},{"duration":1,"angle2":375,"angle":330,"type":"hold","segments":1,"time":198},{"duration":1,"angle2":-15,"angle":30,"type":"hold","segments":1,"time":198},{"type":"block","angle":360,"time":199.5},{"type":"block","angle":0,"time":200},{"type":"block","angle":30,"time":200.25},{"type":"block","angle":0,"time":200.5},{"type":"block","angle":360,"time":201},{"type":"block","angle":330,"time":200.75},{"type":"block","angle":30,"time":201.25},{"type":"block","angle":0,"time":201.5},{"type":"block","angle":270,"time":202},{"type":"block","angle":180,"time":202.5},{"type":"block","angle":270,"time":203},{"type":"block","angle":180,"time":203.5},{"type":"block","angle":90,"time":204},{"type":"block","angle":360,"time":204.5},{"type":"block","angle":270,"time":205},{"type":"block","angle":360,"time":205.5},{"type":"block","angle":450,"time":206},{"type":"block","angle":180,"time":206.5},{"type":"block","angle":90,"time":207},{"duration":0.5,"angle2":225,"angle":180,"type":"hold","time":207.5},{"duration":0.5,"angle2":255,"angle":210,"type":"hold","time":208},{"duration":0.5,"angle2":225,"angle":270,"type":"hold","time":208.5},{"duration":0.5,"angle2":195,"angle":240,"type":"hold","time":209},{"type":"block","angle":450,"time":210},{"type":"block","angle":180,"time":210.5},{"type":"block","angle":90,"time":211},{"type":"block","angle":180,"time":211.5},{"type":"block","angle":90,"time":212},{"type":"block","angle":360,"time":212.5},{"type":"block","angle":270,"time":213},{"type":"block","angle":360,"time":213.5},{"type":"block","angle":90,"time":214},{"type":"block","angle":180,"time":214.5},{"type":"block","angle":270,"time":215},{"type":"block","angle":180,"time":215.5},{"type":"block","angle":180,"time":217.5},{"type":"block","angle":270,"time":218},{"type":"block","angle":315,"time":218.5},{"type":"block","angle":360,"time":219},{"type":"block","angle":405,"time":219.5},{"type":"block","angle":-45,"time":220},{"type":"block","angle":-90,"time":220.5},{"type":"block","angle":-135,"time":221},{"type":"block","angle":-180,"time":221.5},{"type":"block","angle":225,"time":222},{"type":"block","angle":180,"time":222.5},{"duration":1,"angle2":480,"angle":450,"type":"hold","time":223},{"duration":1,"angle2":90,"angle":120,"type":"hold","time":223.5},{"duration":1,"angle2":-300,"angle":-270,"type":"hold","time":224},{"duration":0.5,"angle2":435,"angle":420,"type":"hold","time":224.5},{"type":"block","angle":90,"time":216},{"type":"block","angle":120,"time":216.25},{"type":"block","angle":150,"time":216.5},{"type":"block","angle":180,"time":216.75},{"type":"block","angle":210,"time":217},{"duration":0,"angle2":0,"angle":0,"type":"hold","time":226},{"duration":0.5,"angle2":375,"angle":360,"type":"hold","holdEase":"inOutCubic","time":226.25},{"duration":0.25,"angle2":0,"angle":15,"type":"hold","holdEase":"inCirc","time":226.75},{"duration":0.25,"angle2":360,"angle":345,"type":"hold","holdEase":"inCirc","time":226.75},{"duration":0.25,"angle2":180,"angle":195,"type":"hold","holdEase":"outCirc","time":228},{"duration":0.5,"angle2":195,"angle":180,"type":"hold","holdEase":"inOutCubic","time":228.25},{"duration":0,"angle2":195,"angle":195,"type":"hold","time":229},{"duration":0,"angle2":180,"angle":180,"type":"hold","time":229},{"duration":0,"angle2":165,"angle":165,"type":"hold","time":229},{"duration":0.25,"angle2":210,"angle":195,"type":"hold","holdEase":"outCirc","time":228},{"type":"block","angle":180,"time":229.5},{"type":"block","angle":0,"time":230},{"type":"block","angle":360,"time":230.25},{"type":"block","angle":180,"time":230.75},{"type":"block","angle":0,"time":231.25},{"type":"block","angle":180,"time":231.75},{"type":"block","angle":150,"time":232},{"type":"block","angle":120,"time":232.25},{"type":"block","angle":90,"time":232.5},{"type":"block","angle":60,"time":232.75},{"duration":0.5,"angle2":195,"angle":90,"type":"hold","time":233},{"duration":0.5,"angle2":285,"angle":165,"type":"hold","time":233.5},{"duration":0.5,"angle2":375,"angle":255,"type":"hold","time":234},{"duration":0.5,"angle2":465,"angle":345,"type":"hold","time":234.5},{"duration":1,"angle2":90,"angle":105,"type":"hold","time":235},{"duration":0.5,"angle2":195,"angle":90,"type":"hold","time":236},{"duration":0.5,"angle2":285,"angle":165,"type":"hold","time":236.5},{"duration":0.5,"angle2":375,"angle":255,"type":"hold","time":237},{"duration":0.5,"angle2":465,"angle":345,"type":"hold","time":237.5},{"duration":0.5,"angle2":180,"angle":75,"type":"hold","time":238},{"duration":0.5,"angle2":270,"angle":150,"type":"hold","time":238.5},{"duration":1,"angle2":180,"angle":270,"type":"hold","time":239},{"duration":0.5,"angle2":285,"angle":180,"type":"hold","time":240},{"duration":0.5,"angle2":375,"angle":255,"type":"hold","time":240.5},{"duration":0.5,"angle2":-465,"angle":-345,"type":"hold","time":241},{"duration":0.5,"angle2":-555,"angle":-435,"type":"hold","time":241.5},{"duration":0.5,"angle2":-270,"angle":-165,"type":"hold","time":242},{"duration":0.5,"angle2":-360,"angle":-240,"type":"hold","time":242.5},{"duration":0.5,"angle2":-450,"angle":-330,"type":"hold","time":243},{"duration":0.5,"angle2":-540,"angle":-420,"type":"hold","time":243.5},{"duration":0.5,"angle2":-255,"angle":-150,"type":"hold","time":244},{"duration":0.5,"angle2":-345,"angle":-225,"type":"hold","time":244.5},{"duration":0.5,"angle2":-435,"angle":-315,"type":"hold","time":245},{"duration":0.5,"angle2":-525,"angle":-405,"type":"hold","time":245.5},{"duration":0.5,"angle2":-240,"angle":-135,"type":"hold","time":246},{"duration":0.5,"angle2":75,"angle":150,"type":"hold","time":246.5},{"duration":1.5,"angle2":90,"angle":75,"type":"hold","time":247},{"duration":0.25,"angle2":90,"angle":90,"type":"hold","time":248.75},{"duration":0.5,"angle2":180,"angle":90,"type":"hold","time":249},{"duration":0.5,"angle2":-270,"angle":-180,"type":"hold","time":249.5},{"duration":0.5,"angle2":180,"angle":90,"type":"hold","time":250},{"duration":0.5,"angle2":-270,"angle":-180,"type":"hold","time":250.5},{"duration":0.5,"angle2":-15,"angle":90,"type":"hold","time":251},{"duration":0.5,"angle2":-105,"angle":15,"type":"hold","time":251.5},{"duration":1,"angle2":90,"angle":285,"type":"hold","time":252},{"duration":0.5,"angle2":195,"angle":75,"type":"hold","time":253},{"duration":0.5,"angle2":285,"angle":165,"type":"hold","time":253.5},{"duration":0.5,"angle2":360,"angle":255,"type":"hold","time":254},{"duration":0.5,"angle2":-90,"angle":0,"type":"hold","time":254.5},{"duration":0.75,"angle2":360,"angle":270,"type":"hold","time":255},{"duration":0.75,"angle2":450,"angle":360,"type":"hold","time":256.25},{"duration":0,"angle2":-270,"angle":0,"type":"mineHold","time":261},{"duration":0.25,"angle2":90,"angle":120,"type":"mineHold","time":260.75},{"duration":0.25,"angle2":120,"angle":90,"type":"mineHold","time":261},{"duration":0,"angle2":-360,"angle":-90,"type":"mineHold","time":261.75},{"duration":0.25,"angle2":0,"angle":30,"type":"mineHold","time":261.5},{"duration":0.25,"angle2":30,"angle":0,"type":"mineHold","time":261.75},{"duration":0,"angle2":-450,"angle":-180,"type":"mineHold","time":262.5},{"duration":0.25,"angle2":-90,"angle":-60,"type":"mineHold","time":262.25},{"duration":0.25,"angle2":-60,"angle":-90,"type":"mineHold","time":262.5},{"duration":0,"angle2":-180,"angle":90,"type":"mineHold","time":263},{"duration":0.25,"angle2":180,"angle":210,"type":"mineHold","time":262.75},{"duration":0.25,"angle2":210,"angle":180,"type":"mineHold","time":263},{"type":"inverse","angle":312.49432373047,"time":234.25},{"type":"inverse","angle":143.6156463623,"time":236.25},{"type":"inverse","angle":225.22036743164,"time":236.75},{"type":"inverse","angle":129.95755004883,"time":238.25},{"type":"inverse","angle":214.94372558594,"time":238.75},{"type":"inverse","angle":232.96960449219,"time":240.25},{"type":"inverse","angle":316.24536132813,"time":241.25},{"type":"inverse","angle":225.96447753906,"time":241.75},{"type":"inverse","angle":143.00239562988,"time":242.25},{"type":"inverse","angle":60.097660064697,"time":242.75},{"type":"inverse","angle":325.5735168457,"time":243.25},{"type":"inverse","angle":239.34063720703,"time":243.75},{"type":"inverse","angle":75.405532836914,"time":244.75},{"type":"inverse","angle":343.20523071289,"time":245.25},{"type":"inverse","angle":250.31666564941,"time":245.75},{"type":"inverse","angle":171.61131286621,"time":246.25},{"type":"inverse","angle":114.39208221436,"time":246.75},{"type":"inverse","angle":132.40437316895,"time":250.25},{"type":"inverse","angle":133.27084350586,"time":250.75},{"type":"inverse","angle":39.728706359863,"time":251.25},{"type":"inverse","angle":313.14535522461,"time":251.75},{"type":"inverse","angle":233.79054260254,"time":252.25},{"type":"inverse","angle":135.58822631836,"time":253.25},{"type":"inverse","angle":228.06007385254,"time":253.75},{"type":"inverse","angle":308.57653808594,"time":254.25},{"type":"inverse","angle":313.08172607422,"time":254.75},{"type":"inverse","angle":331.13925170898,"time":255.5},{"type":"inverse","angle":90,"time":257},{"type":"inverse","angle":90,"time":258},{"type":"inverse","angle":60,"time":258.5},{"type":"inverse","angle":30,"time":259},{"type":"inverse","angle":60,"time":259.25},{"type":"inverse","angle":30,"time":259.5},{"type":"inverse","angle":0,"time":259.75},{"type":"inverse","angle":30,"time":260},{"type":"block","angle":180,"time":264.5},{"type":"block","angle":195,"time":264.75},{"type":"block","angle":180,"time":265},{"type":"block","angle":150,"time":265.25},{"type":"block","angle":120,"time":265.5},{"type":"block","angle":60,"time":266},{"type":"block","angle":90,"time":266.25},{"type":"block","angle":120,"time":266.5},{"type":"block","angle":90,"time":267},{"type":"block","angle":330,"time":268},{"type":"block","angle":30,"time":268.5},{"type":"block","angle":0,"time":268.75},{"type":"block","angle":30,"time":269},{"type":"block","angle":330,"time":269.5},{"type":"block","angle":360,"time":269.75},{"type":"block","angle":330,"time":270},{"type":"block","angle":30,"time":270.25},{"type":"block","angle":0,"time":270.5},{"type":"block","angle":330,"time":271},{"type":"block","angle":270,"time":272},{"type":"block","angle":270,"time":272.25},{"type":"block","angle":270,"time":272.5},{"type":"block","angle":270,"time":272.75},{"type":"block","angle":225,"time":273},{"type":"block","angle":255,"time":273.25},{"type":"block","angle":195,"time":273.5},{"type":"block","angle":225,"time":273.75},{"type":"block","angle":165,"time":274},{"type":"block","angle":-270,"time":274.5},{"type":"block","angle":-300,"time":274.75},{"type":"block","angle":-240,"time":275},{"type":"block","angle":-270,"time":275.25},{"type":"block","angle":-210,"time":275.5},{"type":"block","angle":120,"time":275.75},{"type":"block","angle":180,"time":276},{"type":"block","angle":255,"time":276.5},{"type":"block","angle":285,"time":276.75},{"type":"block","angle":270,"time":277},{"type":"block","angle":180,"time":279},{"type":"block","angle":270,"time":277.25},{"type":"block","angle":315,"time":277.5},{"type":"block","angle":315,"time":277.75},{"type":"block","angle":360,"time":278},{"type":"block","angle":360,"time":278.25},{"type":"block","angle":45,"time":278.5},{"type":"block","angle":0,"time":280.5},{"type":"block","angle":360,"time":280.75},{"type":"block","angle":360,"time":281},{"type":"block","angle":90,"time":282},{"type":"block","angle":120,"time":282.25},{"type":"block","angle":90,"time":282.5},{"type":"block","angle":60,"time":283},{"type":"block","angle":45,"time":283.5},{"type":"block","angle":60,"time":283.75},{"type":"block","angle":270,"time":285},{"type":"block","angle":240,"time":285.25},{"type":"block","angle":255,"time":285.5},{"type":"block","angle":270,"time":285.75},{"type":"block","angle":285,"time":286},{"type":"block","angle":300,"time":286.25},{"type":"block","angle":345,"time":286.5},{"type":"block","angle":330,"time":286.75},{"type":"block","angle":315,"time":287},{"type":"block","angle":360,"time":287.5},{"type":"block","angle":345,"time":287.75},{"type":"block","angle":360,"time":288.25},{"type":"block","angle":90,"time":289},{"type":"block","angle":90,"time":290},{"type":"block","angle":120,"time":290.5},{"type":"block","angle":180,"time":291},{"type":"block","angle":165,"time":291.25},{"type":"block","angle":180,"time":291.5},{"type":"block","angle":195,"time":291.75},{"type":"block","angle":180,"time":292},{"type":"mine","angle":360,"time":293},{"type":"mine","angle":15,"time":293},{"type":"mine","angle":30,"time":293},{"type":"mine","angle":45,"time":293},{"type":"mine","angle":60,"time":293},{"type":"mine","angle":75,"time":293},{"type":"mine","angle":90,"time":293},{"type":"mine","angle":105,"time":293},{"type":"mine","angle":120,"time":293},{"type":"mine","angle":135,"time":293},{"type":"mine","angle":135,"time":293},{"type":"mine","angle":150,"time":293},{"type":"mine","angle":165,"time":293},{"type":"mine","angle":180,"time":293},{"type":"mine","angle":195,"time":293},{"type":"mine","angle":210,"time":293},{"type":"mine","angle":225,"time":293},{"type":"mine","angle":240,"time":293},{"type":"mine","angle":255,"time":293},{"type":"mine","angle":270,"time":293},{"type":"mine","angle":255,"time":292.75},{"type":"mine","angle":240,"time":292.5},{"type":"mine","angle":255,"time":293.25},{"type":"mine","angle":240,"time":293.5},{"type":"mine","angle":450,"time":293.75},{"type":"mine","angle":105,"time":293.75},{"type":"mine","angle":120,"time":293.75},{"type":"mine","angle":135,"time":293.75},{"type":"mine","angle":150,"time":293.75},{"type":"mine","angle":165,"time":293.75},{"type":"mine","angle":180,"time":293.75},{"type":"mine","angle":195,"time":293.75},{"type":"mine","angle":210,"time":293.75},{"type":"mine","angle":225,"time":293.75},{"type":"mine","angle":225,"time":293.75},{"type":"mine","angle":240,"time":293.75},{"type":"mine","angle":255,"time":293.75},{"type":"mine","angle":270,"time":293.75},{"type":"mine","angle":285,"time":293.75},{"type":"mine","angle":300,"time":293.75},{"type":"mine","angle":315,"time":293.75},{"type":"mine","angle":330,"time":293.75},{"type":"mine","angle":345,"time":293.75},{"type":"mine","angle":360,"time":293.75},{"type":"mine","angle":345,"time":293.5},{"type":"mine","angle":330,"time":293.25},{"type":"mine","angle":345,"time":294},{"type":"mine","angle":330,"time":294.25},{"type":"mine","angle":540,"time":294.5},{"type":"mine","angle":195,"time":294.5},{"type":"mine","angle":210,"time":294.5},{"type":"mine","angle":225,"time":294.5},{"type":"mine","angle":240,"time":294.5},{"type":"mine","angle":255,"time":294.5},{"type":"mine","angle":270,"time":294.5},{"type":"mine","angle":285,"time":294.5},{"type":"mine","angle":300,"time":294.5},{"type":"mine","angle":315,"time":294.5},{"type":"mine","angle":315,"time":294.5},{"type":"mine","angle":330,"time":294.5},{"type":"mine","angle":345,"time":294.5},{"type":"mine","angle":360,"time":294.5},{"type":"mine","angle":375,"time":294.5},{"type":"mine","angle":390,"time":294.5},{"type":"mine","angle":405,"time":294.5},{"type":"mine","angle":420,"time":294.5},{"type":"mine","angle":435,"time":294.5},{"type":"mine","angle":450,"time":294.5},{"type":"mine","angle":435,"time":294.25},{"type":"mine","angle":420,"time":294},{"type":"mine","angle":435,"time":294.75},{"type":"mine","angle":420,"time":295},{"type":"mine","angle":285,"time":295},{"type":"mine","angle":-60,"time":295},{"type":"mine","angle":-45,"time":295},{"type":"mine","angle":-30,"time":295},{"type":"mine","angle":-15,"time":295},{"type":"mine","angle":0,"time":295},{"type":"mine","angle":15,"time":295},{"type":"mine","angle":30,"time":295},{"type":"mine","angle":45,"time":295},{"type":"mine","angle":60,"time":295},{"type":"mine","angle":60,"time":295},{"type":"mine","angle":75,"time":295},{"type":"mine","angle":90,"time":295},{"type":"mine","angle":105,"time":295},{"type":"mine","angle":120,"time":295},{"type":"mine","angle":135,"time":295},{"type":"mine","angle":150,"time":295},{"type":"mine","angle":165,"time":295},{"type":"mine","angle":180,"time":295},{"type":"mine","angle":195,"time":295},{"type":"mine","angle":180,"time":294.75},{"type":"mine","angle":165,"time":294.5},{"type":"mine","angle":180,"time":295.25},{"type":"mine","angle":165,"time":295.5},{"type":"mine","angle":360,"time":265},{"type":"mine","angle":15,"time":265.25},{"type":"mine","angle":360,"time":265.5},{"type":"mine","angle":345,"time":265.75},{"type":"mine","angle":330,"time":266},{"type":"mine","angle":315,"time":266.25},{"type":"mine","angle":300,"time":266.5},{"type":"mine","angle":285,"time":266.75},{"type":"mine","angle":270,"time":267},{"type":"mine","angle":255,"time":267.25},{"type":"mine","angle":285,"time":267.5},{"type":"mine","angle":270,"time":267.75},{"type":"mine","angle":255,"time":268},{"type":"mine","angle":240,"time":268.25},{"type":"mine","angle":225,"time":268.5},{"type":"mine","angle":210,"time":268.75},{"type":"mine","angle":195,"time":269},{"type":"mine","angle":180,"time":269.25},{"type":"mine","angle":210,"time":269.5},{"type":"mine","angle":195,"time":269.75},{"type":"mine","angle":180,"time":270},{"type":"mine","angle":165,"time":270.25},{"type":"mine","angle":150,"time":270.5},{"type":"mine","angle":135,"time":270.75},{"type":"mine","angle":120,"time":271},{"type":"mine","angle":30,"time":273},{"type":"mine","angle":15,"time":273.25},{"type":"mine","angle":360,"time":273.5},{"type":"mine","angle":345,"time":273.75},{"type":"mine","angle":330,"time":274},{"type":"mine","angle":315,"time":274.25},{"type":"mine","angle":300,"time":274.5},{"type":"mine","angle":285,"time":274.75},{"type":"mine","angle":270,"time":275},{"type":"mine","angle":255,"time":275.25},{"type":"mine","angle":285,"time":275.5},{"type":"mine","angle":300,"time":275.75},{"type":"mine","angle":315,"time":276},{"type":"mine","angle":330,"time":276.25},{"type":"mine","angle":345,"time":276.5},{"type":"mine","angle":0,"time":276.75},{"type":"mine","angle":15,"time":277},{"type":"mine","angle":30,"time":277.25},{"type":"mine","angle":90,"time":277.5},{"type":"mine","angle":105,"time":277.75},{"type":"mine","angle":120,"time":278},{"type":"mine","angle":135,"time":278.25},{"type":"mine","angle":195,"time":281.25},{"type":"mine","angle":255,"time":281.5},{"type":"mine","angle":270,"time":281.75},{"type":"mine","angle":285,"time":282},{"type":"mine","angle":300,"time":282.25},{"type":"mine","angle":315,"time":282.5},{"type":"mine","angle":330,"time":282.75},{"type":"mine","angle":345,"time":283},{"type":"mine","angle":0,"time":283.25},{"type":"mine","angle":270,"time":283.5},{"type":"mine","angle":255,"time":283.75},{"type":"mine","angle":240,"time":284},{"type":"mine","angle":225,"time":284.25},{"type":"mine","angle":210,"time":284.5},{"type":"mine","angle":195,"time":284.75},{"type":"mine","angle":180,"time":285},{"type":"mine","angle":165,"time":285.25},{"type":"mine","angle":90,"time":285.5},{"type":"mine","angle":75,"time":285.75},{"type":"mine","angle":60,"time":286},{"type":"mine","angle":45,"time":286.25},{"type":"mine","angle":90,"time":286.5},{"type":"mine","angle":105,"time":286.75},{"type":"mine","angle":120,"time":287},{"type":"mine","angle":135,"time":287.25},{"type":"mine","angle":150,"time":287.5},{"type":"mine","angle":165,"time":287.75},{"type":"mine","angle":180,"time":288},{"type":"mine","angle":195,"time":288.25},{"type":"mine","angle":165,"time":288.5},{"type":"mine","angle":180,"time":288.75},{"type":"mine","angle":195,"time":289},{"type":"mine","angle":210,"time":289.25},{"type":"mine","angle":225,"time":289.5},{"type":"mine","angle":240,"time":289.75},{"type":"mine","angle":255,"time":290},{"type":"mine","angle":270,"time":290.25},{"type":"mine","angle":285,"time":290.5},{"type":"mine","angle":300,"time":290.75},{"type":"mine","angle":315,"time":291},{"type":"mine","angle":330,"time":291.25},{"type":"mine","angle":345,"time":291.5},{"type":"mine","angle":0,"time":291.75},{"type":"mine","angle":15,"time":292},{"type":"mine","angle":180,"time":281},{"duration":1,"angle2":60,"angle":90,"type":"hold","time":297},{"duration":1,"angle2":120,"angle":90,"type":"hold","time":298},{"duration":0.25,"angle2":105,"angle":90,"type":"hold","time":298.75},{"duration":1,"angle2":75,"angle":90,"type":"hold","time":299},{"duration":0.5,"angle2":75,"angle":90,"type":"hold","time":299.5},{"duration":0.25,"angle2":75,"angle":75,"type":"hold","time":299.75},{"duration":1,"angle2":105,"angle":90,"type":"hold","time":300},{"duration":2,"angle2":75,"angle":90,"type":"hold","time":301},{"duration":0.5,"angle2":75,"angle":90,"type":"hold","time":302.5},{"duration":0.25,"angle2":105,"angle":90,"type":"hold","time":302.75},{"duration":1,"angle2":60,"angle":90,"type":"hold","time":303},{"duration":0.5,"angle2":90,"angle":105,"type":"hold","time":303.5},{"type":"block","angle":270,"time":305},{"type":"block","angle":285,"time":306},{"type":"block","angle":270,"time":306.75},{"type":"block","angle":270,"time":307},{"type":"block","angle":270,"time":307.5},{"type":"block","angle":255,"time":307.75},{"type":"block","angle":270,"time":308},{"type":"block","angle":270,"time":309},{"type":"block","angle":285,"time":310.5},{"type":"block","angle":270,"time":310.75},{"type":"block","angle":255,"time":311},{"type":"block","angle":270,"time":311.5},{"type":"block","angle":285,"time":312},{"duration":1,"angle2":90,"angle":180,"type":"hold","time":313},{"duration":0.75,"angle2":135,"angle":90,"type":"hold","time":314},{"duration":0.25,"angle2":135,"angle":120,"type":"hold","time":314.75},{"type":"side","angle":180,"time":315},{"type":"side","angle":120,"time":315.5},{"type":"side","angle":180,"time":316},{"type":"block","angle":150,"time":315.75},{"duration":1,"angle2":45,"angle":0,"type":"hold","time":317},{"duration":0.25,"angle2":45,"angle":45,"type":"hold","time":317.75},{"duration":1,"angle2":-45,"angle":0,"type":"hold","time":318},{"duration":0.25,"angle2":-45,"angle":-45,"type":"hold","time":318.75},{"type":"side","angle":390,"time":319},{"type":"side","angle":330,"time":319.5},{"type":"side","angle":390,"time":320},{"duration":0.75,"angle2":330,"angle":270,"type":"hold","holdEase":"outCirc","time":321},{"duration":0.25,"angle2":300,"angle":330,"type":"hold","holdEase":"inCirc","time":321.75},{"duration":0.75,"angle2":360,"angle":300,"type":"hold","holdEase":"outCirc","time":322},{"duration":0.25,"angle2":330,"angle":360,"type":"hold","holdEase":"inCirc","time":322.75},{"duration":0.5,"angle2":-810,"angle":-750,"type":"hold","holdEase":"outCirc","time":323},{"duration":0.5,"angle2":300,"angle":270,"type":"hold","holdEase":"inCirc","time":323.5},{"type":"block","angle":300,"time":324},{"type":"block","angle":315,"time":324.5},{"type":"block","angle":330,"time":325},{"type":"block","angle":330,"time":325.75},{"type":"block","angle":330,"time":326},{"type":"block","angle":330,"time":326.5},{"type":"block","angle":0,"time":327},{"type":"block","angle":360,"time":327.5},{"type":"block","angle":30,"time":328.5},{"type":"block","angle":30,"time":329},{"duration":0.5,"angle2":195,"angle":90,"type":"hold","time":330},{"duration":0.5,"angle2":285,"angle":165,"type":"hold","time":330.5},{"duration":1,"angle2":285,"angle":255,"type":"hold","time":331},{"duration":1,"angle2":270,"angle":240,"type":"hold","time":331.5},{"duration":1,"angle2":270,"angle":225,"type":"hold","time":332.5},{"duration":0.5,"angle2":285,"angle":270,"type":"hold","time":333},{"duration":0.5,"angle2":165,"angle":285,"type":"hold","time":333.5},{"duration":0.5,"angle2":75,"angle":195,"type":"hold","time":334},{"duration":0.5,"angle2":0,"angle":105,"type":"hold","time":334.5},{"type":"side","angle":330,"time":335},{"type":"side","angle":330,"time":335.5},{"type":"side","angle":30,"time":336},{"type":"side","angle":30,"time":336.5},{"type":"block","angle":360,"time":337},{"type":"block","angle":0,"time":337.5},{"duration":0.5,"angle2":105,"angle":0,"type":"hold","time":338},{"duration":0.5,"angle2":195,"angle":75,"type":"hold","time":338.5},{"duration":0.5,"angle2":-270,"angle":-165,"type":"hold","time":339},{"duration":0.5,"angle2":-375,"angle":-240,"type":"hold","time":339.5},{"duration":0.5,"angle2":-90,"angle":15,"type":"hold","time":340},{"duration":1,"angle2":255,"angle":255,"type":"hold","time":340.5},{"duration":0.5,"angle2":285,"angle":285,"type":"hold","time":341},{"duration":1,"angle2":405,"angle":345,"type":"hold","time":342},{"duration":1,"angle2":90,"angle":30,"type":"hold","time":342.5},{"type":"block","angle":330,"time":344},{"type":"block","angle":330,"time":344.25},{"type":"block","angle":30,"time":344.5},{"type":"block","angle":30,"time":344.75},{"type":"side","angle":330,"time":345},{"type":"block","angle":360,"time":345.5},{"duration":0.5,"angle2":270,"angle":315,"type":"hold","time":346},{"duration":1,"angle2":285,"angle":255,"type":"hold","time":346.5},{"duration":1,"angle2":270,"angle":240,"type":"hold","time":347},{"duration":0.5,"angle2":-390,"angle":-435,"type":"hold","time":348},{"duration":1,"angle2":-405,"angle":-375,"type":"hold","time":348.5},{"duration":0.5,"angle2":360,"angle":330,"type":"hold","time":349},{"duration":0.5,"angle2":-15,"angle":15,"type":"hold","time":349.5},{"type":"block","angle":315,"time":350},{"type":"block","angle":315,"time":350.5},{"type":"block","angle":0,"time":351},{"type":"block","angle":0,"time":351.5},{"type":"block","angle":45,"time":352},{"type":"block","angle":45,"time":352.5},{"type":"block","angle":0,"time":353},{"duration":0,"angle2":345,"angle":345,"type":"hold","time":354},{"duration":0,"angle2":0,"angle":0,"type":"hold","time":354},{"duration":0,"angle2":15,"angle":15,"type":"hold","time":354},{"duration":0.75,"angle2":345,"angle":345,"type":"hold","time":354.25},{"duration":0.75,"angle2":360,"angle":360,"type":"hold","time":354.25},{"duration":0.75,"angle2":15,"angle":15,"type":"hold","time":354.25},{"duration":0,"angle2":15,"angle":15,"type":"hold","time":354.75},{"duration":0,"angle2":0,"angle":0,"type":"hold","time":354.75},{"duration":0,"angle2":345,"angle":345,"type":"hold","time":354.75},{"duration":0.75,"angle2":195,"angle":195,"type":"hold","time":356},{"duration":0.75,"angle2":180,"angle":180,"type":"hold","time":356},{"duration":0.75,"angle2":165,"angle":165,"type":"hold","time":356},{"duration":0,"angle2":165,"angle":165,"type":"hold","time":357},{"duration":0,"angle2":195,"angle":195,"type":"hold","time":357},{"duration":1.5,"angle2":360,"angle":180,"type":"hold","time":357},{"duration":0.5,"angle2":375,"angle":345,"type":"hold","segments":1,"time":358.5},{"duration":0.5,"angle2":-15,"angle":15,"type":"hold","segments":1,"time":358.5},{"duration":2,"angle2":-360,"angle":0,"type":"hold","time":359},{"type":"block","angle":0,"time":361.5},{"duration":0.5,"angle2":-465,"angle":-360,"type":"hold","time":362},{"duration":0.5,"angle2":-555,"angle":-435,"type":"hold","time":362.5},{"duration":1,"angle2":-555,"angle":-525,"type":"hold","time":363},{"duration":1,"angle2":-540,"angle":-510,"type":"hold","time":363.5},{"duration":1,"angle2":-540,"angle":-495,"type":"hold","time":364.5},{"duration":0.5,"angle2":-555,"angle":-540,"type":"hold","time":365},{"duration":0.5,"angle2":-435,"angle":-555,"type":"hold","time":365.5},{"duration":0.5,"angle2":-345,"angle":-465,"type":"hold","time":366},{"duration":0.5,"angle2":-270,"angle":-375,"type":"hold","time":366.5},{"type":"side","angle":-600,"time":367},{"type":"side","angle":-600,"time":367.5},{"type":"side","angle":-300,"time":368},{"type":"side","angle":-300,"time":368.5},{"type":"block","angle":-630,"time":369},{"type":"block","angle":-270,"time":369.5},{"duration":0.5,"angle2":-375,"angle":-270,"type":"hold","time":370},{"duration":0.5,"angle2":-465,"angle":-345,"type":"hold","time":370.5},{"duration":0.5,"angle2":0,"angle":-105,"type":"hold","time":371},{"duration":0.5,"angle2":105,"angle":-30,"type":"hold","time":371.5},{"duration":0.5,"angle2":-180,"angle":-285,"type":"hold","time":372},{"duration":1,"angle2":-525,"angle":-525,"type":"hold","time":372.5},{"duration":0.5,"angle2":-555,"angle":-555,"type":"hold","time":373},{"duration":1,"angle2":-675,"angle":-615,"type":"hold","time":374},{"duration":1,"angle2":-360,"angle":-300,"type":"hold","time":374.5},{"type":"block","angle":-600,"time":376},{"type":"block","angle":-600,"time":376.25},{"type":"block","angle":-300,"time":376.5},{"type":"block","angle":-300,"time":376.75},{"type":"side","angle":-600,"time":377},{"type":"block","angle":-630,"time":377.5},{"duration":0.5,"angle2":-540,"angle":-585,"type":"hold","time":378},{"duration":1,"angle2":-555,"angle":-525,"type":"hold","time":378.5},{"duration":1,"angle2":-540,"angle":-510,"type":"hold","time":379},{"duration":0.5,"angle2":120,"angle":165,"type":"hold","time":380},{"duration":1,"angle2":135,"angle":105,"type":"hold","time":380.5},{"duration":0.5,"angle2":-630,"angle":-600,"type":"hold","time":381},{"duration":0.5,"angle2":-255,"angle":-285,"type":"hold","time":381.5},{"type":"block","angle":-585,"time":382},{"type":"block","angle":-585,"time":382.5},{"type":"block","angle":-270,"time":383},{"type":"block","angle":-270,"time":383.5},{"type":"block","angle":-315,"time":384},{"type":"block","angle":-315,"time":384.5},{"type":"block","angle":-270,"time":385},{"duration":0,"angle2":0,"angle":0,"type":"hold","time":386},{"duration":0.5,"angle2":375,"angle":360,"type":"hold","holdEase":"inOutCubic","time":386.25},{"duration":0.25,"angle2":0,"angle":15,"type":"hold","holdEase":"inCirc","time":386.75},{"duration":0.25,"angle2":360,"angle":345,"type":"hold","holdEase":"inCirc","time":386.75},{"duration":0.25,"angle2":180,"angle":195,"type":"hold","holdEase":"outCirc","time":388},{"duration":0.5,"angle2":195,"angle":180,"type":"hold","holdEase":"inOutCubic","time":388.25},{"duration":0,"angle2":195,"angle":195,"type":"hold","time":389},{"duration":0,"angle2":180,"angle":180,"type":"hold","time":389},{"duration":0,"angle2":165,"angle":165,"type":"hold","time":389},{"duration":0.25,"angle2":210,"angle":195,"type":"hold","holdEase":"outCirc","time":388},{"type":"block","angle":45,"time":385.5},{"type":"block","angle":90,"time":389.5},{"type":"block","angle":270,"time":390},{"type":"block","angle":270,"time":390.25},{"type":"block","angle":90,"time":390.75},{"type":"block","angle":0,"time":391.25},{"type":"block","angle":15,"time":391.5},{"type":"block","angle":30,"time":391.75},{"type":"block","angle":15,"time":392},{"type":"block","angle":0,"time":392.25},{"type":"block","angle":345,"time":392.5},{"type":"block","angle":0,"time":392.75},{"type":"block","angle":15,"time":393},{"duration":0.5,"angle2":90,"angle":45,"type":"hold","holdEase":"inQuad","time":184.5},{"duration":1.5,"angle2":120,"angle":180,"type":"mineHold","time":393},{"duration":1.5,"angle2":135,"angle":165,"type":"mineHold","time":394.5},{"duration":1,"angle2":120,"angle":105,"type":"mineHold","time":396},{"duration":1.5,"angle2":225,"angle":180,"type":"mineHold","holdEase":"inOutSine","time":397},{"duration":1.5,"angle2":150,"angle":195,"type":"mineHold","holdEase":"inOutCubic","time":398.5},{"duration":1,"angle2":180,"angle":195,"type":"mineHold","time":400},{"duration":1,"angle2":180,"angle":180,"type":"mineHold","time":400},{"duration":1.5,"angle2":150,"angle":210,"type":"mineHold","time":393},{"duration":1.5,"angle2":165,"angle":195,"type":"mineHold","time":394.5},{"duration":1,"angle2":150,"angle":135,"type":"mineHold","time":396},{"duration":1.5,"angle2":255,"angle":210,"type":"mineHold","holdEase":"inOutSine","time":397},{"duration":1.5,"angle2":180,"angle":225,"type":"mineHold","holdEase":"inOutCubic","time":398.5},{"duration":1,"angle2":210,"angle":225,"type":"mineHold","time":400},{"duration":1,"angle2":210,"angle":210,"type":"mineHold","time":400},{"duration":1.5,"angle2":90,"angle":150,"type":"mineHold","time":393},{"duration":1.5,"angle2":105,"angle":135,"type":"mineHold","time":394.5},{"duration":1,"angle2":90,"angle":75,"type":"mineHold","time":396},{"duration":1.5,"angle2":195,"angle":150,"type":"mineHold","holdEase":"inOutSine","time":397},{"duration":1.5,"angle2":120,"angle":165,"type":"mineHold","holdEase":"inOutCubic","time":398.5},{"duration":1,"angle2":150,"angle":165,"type":"mineHold","time":400},{"duration":1,"angle2":150,"angle":150,"type":"mineHold","time":400},{"duration":1.5,"angle2":180,"angle":240,"type":"mineHold","time":393},{"duration":1.5,"angle2":195,"angle":225,"type":"mineHold","time":394.5},{"duration":1,"angle2":180,"angle":165,"type":"mineHold","time":396},{"duration":1.5,"angle2":285,"angle":240,"type":"mineHold","holdEase":"inOutSine","time":397},{"duration":1.5,"angle2":210,"angle":255,"type":"mineHold","holdEase":"inOutCubic","time":398.5},{"duration":1,"angle2":240,"angle":255,"type":"mineHold","time":400},{"duration":1,"angle2":240,"angle":240,"type":"mineHold","time":400},{"duration":1.5,"angle2":60,"angle":120,"type":"mineHold","time":393},{"duration":1.5,"angle2":75,"angle":105,"type":"mineHold","time":394.5},{"duration":1,"angle2":60,"angle":45,"type":"mineHold","time":396},{"duration":1.5,"angle2":165,"angle":120,"type":"mineHold","holdEase":"inOutSine","time":397},{"duration":1.5,"angle2":90,"angle":135,"type":"mineHold","holdEase":"inOutCubic","time":398.5},{"duration":1,"angle2":120,"angle":135,"type":"mineHold","time":400},{"duration":1,"angle2":120,"angle":120,"type":"mineHold","time":400},{"duration":2,"angle2":300,"angle":270,"type":"mineHold","holdEase":"outBack","time":401},{"duration":2,"angle2":270,"angle":240,"type":"mineHold","holdEase":"outBack","time":401},{"duration":2,"angle2":240,"angle":210,"type":"mineHold","holdEase":"outBack","time":401},{"duration":2,"angle2":-300,"angle":-270,"type":"mineHold","holdEase":"outBack","time":403},{"duration":2,"angle2":-270,"angle":-240,"type":"mineHold","holdEase":"outBack","time":403},{"duration":2,"angle2":-240,"angle":-210,"type":"mineHold","holdEase":"outBack","time":403},{"duration":1.5,"angle2":105,"angle":180,"type":"mineHold","time":405},{"duration":1.5,"angle2":135,"angle":135,"type":"mineHold","time":405},{"duration":1.5,"angle2":30,"angle":105,"type":"mineHold","time":405},{"duration":1.5,"angle2":60,"angle":60,"type":"mineHold","time":405},{"duration":1.5,"angle2":255,"angle":330,"type":"mineHold","time":405},{"duration":1.5,"angle2":285,"angle":285,"type":"mineHold","time":405},{"duration":1.5,"angle2":180,"angle":255,"type":"mineHold","time":405},{"duration":1.5,"angle2":210,"angle":210,"type":"mineHold","time":405},{"duration":1.5,"angle2":-105,"angle":-180,"type":"mineHold","time":406.5},{"duration":1.5,"angle2":-135,"angle":-135,"type":"mineHold","time":406.5},{"duration":1.5,"angle2":-30,"angle":-105,"type":"mineHold","time":406.5},{"duration":1.5,"angle2":-60,"angle":-60,"type":"mineHold","time":406.5},{"duration":1.5,"angle2":-255,"angle":-330,"type":"mineHold","time":406.5},{"duration":1.5,"angle2":-285,"angle":-285,"type":"mineHold","time":406.5},{"duration":1.5,"angle2":-180,"angle":-255,"type":"mineHold","time":406.5},{"duration":1.5,"angle2":-210,"angle":-210,"type":"mineHold","time":406.5},{"duration":1,"angle2":105,"angle":75,"type":"mineHold","time":408},{"duration":1,"angle2":90,"angle":105,"type":"mineHold","time":408},{"duration":1,"angle2":105,"angle":150,"type":"mineHold","time":408},{"duration":1,"angle2":150,"angle":180,"type":"mineHold","time":408},{"duration":1,"angle2":255,"angle":225,"type":"mineHold","time":408},{"duration":1,"angle2":300,"angle":255,"type":"mineHold","time":408},{"duration":1,"angle2":315,"angle":300,"type":"mineHold","time":408},{"duration":1,"angle2":300,"angle":330,"type":"mineHold","time":408},{"duration":3,"angle2":135,"angle":210,"type":"mineHold","time":409},{"duration":1.5,"angle2":180,"angle":150,"type":"mineHold","time":410.5},{"duration":1,"angle2":135,"angle":180,"type":"mineHold","time":412},{"duration":1,"angle2":180,"angle":135,"type":"mineHold","time":412},{"duration":3,"angle2":60,"angle":135,"type":"mineHold","time":409},{"duration":1.5,"angle2":105,"angle":75,"type":"mineHold","time":410.5},{"duration":1,"angle2":60,"angle":105,"type":"mineHold","time":412},{"duration":1,"angle2":105,"angle":60,"type":"mineHold","time":412},{"duration":3,"angle2":-150,"angle":-75,"type":"mineHold","time":409},{"duration":1.5,"angle2":-105,"angle":-135,"type":"mineHold","time":410.5},{"duration":1,"angle2":-150,"angle":-105,"type":"mineHold","time":412},{"duration":1,"angle2":-105,"angle":-150,"type":"mineHold","time":412},{"duration":1.5,"angle2":360,"angle":270,"type":"mineHold","time":413},{"duration":1.5,"angle2":360,"angle":240,"type":"mineHold","time":413},{"duration":1.5,"angle2":360,"angle":300,"type":"mineHold","time":413},{"duration":1.5,"angle2":120,"angle":30,"type":"mineHold","time":414.5},{"duration":1.5,"angle2":120,"angle":0,"type":"mineHold","time":414.5},{"duration":1.5,"angle2":120,"angle":60,"type":"mineHold","time":414.5},{"duration":1,"angle2":600,"angle":510,"type":"mineHold","time":416},{"duration":1,"angle2":600,"angle":480,"type":"mineHold","time":416},{"duration":1,"angle2":600,"angle":540,"type":"mineHold","time":416},{"duration":2,"angle2":180,"angle":180,"type":"mineHold","time":417},{"duration":2,"angle2":60,"angle":150,"type":"mineHold","time":417},{"duration":2,"angle2":300,"angle":210,"type":"mineHold","time":417},{"duration":2,"angle2":120,"angle":195,"type":"mineHold","time":417},{"duration":2,"angle2":240,"angle":165,"type":"mineHold","time":417},{"duration":1,"angle2":300,"angle":60,"type":"mineHold","time":419},{"duration":1,"angle2":240,"angle":120,"type":"mineHold","time":419},{"duration":1,"angle2":-300,"angle":-60,"type":"mineHold","time":419},{"duration":1,"angle2":-240,"angle":-120,"type":"mineHold","time":419},{"duration":1,"angle2":195,"angle":195,"type":"mineHold","time":419},{"duration":1,"angle2":165,"angle":165,"type":"mineHold","time":419},{"type":"block","angle":345,"time":394},{"type":"block","angle":330,"time":394.25},{"duration":0.5,"angle2":345,"angle":315,"type":"hold","time":394.5},{"type":"block","angle":300,"time":395.5},{"type":"block","angle":330,"time":395.75},{"type":"block","angle":360,"time":396},{"type":"block","angle":330,"time":396.5},{"type":"block","angle":0,"time":397.5},{"type":"block","angle":30,"time":397.75},{"duration":0.5,"angle2":60,"angle":0,"type":"hold","holdEase":"outCirc","time":398},{"type":"block","angle":30,"time":398.5},{"type":"block","angle":15,"time":398.75},{"type":"block","angle":0,"time":399},{"type":"block","angle":45,"time":399.25},{"type":"block","angle":45,"time":399.5},{"type":"block","angle":45,"time":399.75},{"duration":0.5,"angle2":45,"angle":0,"type":"hold","time":400},{"type":"block","angle":15,"time":401.5},{"type":"block","angle":30,"time":401.75},{"type":"block","angle":0,"time":402.25},{"type":"block","angle":15,"time":402.5},{"duration":0.5,"angle2":0,"angle":30,"type":"hold","time":403},{"type":"block","angle":345,"time":403.75},{"duration":0.25,"angle2":375,"angle":360,"type":"hold","time":404},{"duration":0.25,"angle2":15,"angle":0,"type":"hold","time":404.5},{"type":"block","angle":30,"time":405},{"type":"block","angle":15,"time":405.25},{"type":"block","angle":0,"time":405.5},{"type":"block","angle":15,"time":405.75},{"type":"block","angle":0,"time":406},{"type":"block","angle":345,"time":406.25},{"type":"block","angle":330,"time":406.5},{"type":"block","angle":345,"time":406.75},{"type":"block","angle":0,"time":407},{"type":"block","angle":15,"time":407.25},{"duration":0.5,"angle2":15,"angle":30,"type":"hold","time":407.75},{"type":"block","angle":30,"time":408.5},{"type":"block","angle":45,"time":409.5},{"type":"block","angle":30,"time":409.75},{"type":"block","angle":15,"time":410},{"duration":0.75,"angle2":375,"angle":345,"type":"hold","time":410.25},{"type":"block","angle":0,"time":411},{"type":"block","angle":15,"time":411.25},{"type":"block","angle":345,"time":411.5},{"type":"block","angle":360,"time":411.75},{"duration":0.5,"angle2":0,"angle":15,"type":"hold","time":412},{"type":"block","angle":345,"time":412.75},{"type":"block","angle":0,"time":413},{"type":"block","angle":15,"time":413.25},{"type":"block","angle":30,"time":413.5},{"type":"block","angle":45,"time":413.75},{"type":"block","angle":90,"time":414},{"type":"block","angle":105,"time":414.25},{"type":"block","angle":120,"time":414.5},{"type":"block","angle":135,"time":414.75},{"type":"block","angle":210,"time":415},{"type":"block","angle":225,"time":415.25},{"type":"block","angle":285,"time":415.75},{"type":"block","angle":300,"time":416},{"type":"block","angle":360,"time":416.5},{"duration":0.25,"angle2":360,"angle":330,"type":"hold","time":417.5},{"duration":0.25,"angle2":0,"angle":30,"type":"hold","time":418.5},{"type":"block","angle":345,"time":419.5},{"type":"block","angle":0,"time":419.75},{"duration":0.5,"angle2":0,"angle":15,"type":"hold","time":420},{"duration":0.5,"angle2":390,"angle":360,"type":"hold","time":421},{"duration":0.5,"angle2":90,"angle":60,"type":"hold","time":422},{"duration":0.5,"angle2":90,"angle":120,"type":"hold","time":423},{"duration":0.5,"angle2":105,"angle":135,"type":"hold","time":423.5},{"duration":0.5,"angle2":120,"angle":150,"type":"hold","time":424},{"duration":0.5,"angle2":180,"angle":150,"type":"hold","time":424.5},{"type":"block","angle":360,"time":426},{"type":"block","angle":270,"time":426.5},{"type":"block","angle":360,"time":427},{"type":"block","angle":90,"time":427.5},{"type":"block","angle":0,"time":428},{"type":"block","angle":90,"time":428.5},{"type":"block","angle":270,"time":429},{"type":"block","angle":90,"time":429.5},{"type":"block","angle":270,"time":430},{"type":"block","angle":90,"time":430.5},{"duration":1,"angle2":405,"angle":360,"type":"hold","time":431},{"duration":1,"angle2":-15,"angle":45,"type":"hold","time":431.5},{"duration":0.5,"angle2":30,"angle":15,"type":"hold","time":432},{"duration":1,"angle2":-90,"angle":30,"type":"hold","time":432.5},{"duration":0.5,"angle2":300,"angle":330,"type":"hold","time":433},{"duration":0.5,"angle2":30,"angle":90,"type":"hold","time":434},{"duration":0.5,"angle2":-15,"angle":60,"type":"hold","time":434.5},{"duration":0.5,"angle2":30,"angle":0,"type":"hold","time":435},{"duration":0.5,"angle2":375,"angle":345,"type":"hold","time":435.5},{"duration":0.5,"angle2":360,"angle":330,"type":"hold","time":436},{"type":"block","angle":0,"time":436.5},{"type":"block","angle":0,"time":437},{"duration":0.5,"angle2":300,"angle":270,"type":"hold","time":437.5},{"duration":0.5,"angle2":285,"angle":315,"type":"hold","time":438},{"duration":1,"angle2":300,"angle":270,"type":"hold","time":438.5},{"duration":0.5,"angle2":285,"angle":300,"type":"hold","time":439},{"type":"block","angle":270,"time":440},{"type":"block","angle":225,"time":440.25},{"type":"block","angle":180,"time":440.5},{"type":"block","angle":135,"time":441},{"type":"block","angle":180,"time":441.5},{"duration":1,"angle2":360,"angle":270,"type":"hold","time":442},{"duration":0.5,"angle2":0,"angle":0,"type":"hold","time":442.5},{"duration":1,"angle2":-450,"angle":-360,"type":"hold","time":443},{"duration":0.5,"angle2":-90,"angle":-90,"type":"hold","time":443.5},{"duration":1,"angle2":210,"angle":300,"type":"hold","time":444},{"duration":0.5,"angle2":210,"angle":270,"type":"hold","time":444.5},{"duration":1,"angle2":-390,"angle":-480,"type":"hold","time":445},{"duration":0.5,"angle2":-390,"angle":-450,"type":"hold","time":445.5},{"type":"side","angle":30,"time":446.5},{"type":"side","angle":330,"time":447},{"type":"side","angle":30,"time":447.5},{"duration":0.5,"angle2":-30,"angle":0,"type":"hold","holdEase":"outCirc","time":448},{"duration":0.5,"angle2":360,"angle":330,"type":"hold","holdEase":"inCirc","time":448.5},{"duration":1,"angle2":-90,"angle":0,"type":"hold","time":449},{"duration":0.75,"angle2":345,"angle":270,"type":"hold","holdEase":"outCirc","time":450},{"duration":0.25,"angle2":315,"angle":345,"type":"hold","holdEase":"inCirc","time":450.75},{"duration":1,"angle2":390,"angle":315,"type":"hold","time":451},{"duration":0.75,"angle2":-405,"angle":-330,"type":"hold","holdEase":"outCirc","time":452},{"duration":0.25,"angle2":-375,"angle":-405,"type":"hold","holdEase":"inCirc","time":452.75},{"duration":1.75,"angle2":-735,"angle":-375,"type":"hold","time":453},{"duration":0.5,"angle2":360,"angle":330,"type":"hold","time":454.5},{"duration":0.5,"angle2":330,"angle":360,"type":"hold","time":454.5},{"duration":2,"angle2":705,"angle":345,"type":"hold","time":455},{"type":"block","angle":0,"time":457.5},{"duration":0.75,"angle2":0,"angle":0,"type":"hold","time":458},{"duration":0,"angle2":375,"angle":345,"type":"hold","time":458.5},{"duration":0.25,"angle2":15,"angle":0,"type":"hold","holdEase":"outCirc","time":459},{"duration":0.25,"angle2":0,"angle":15,"type":"hold","holdEase":"inCirc","time":459.25},{"duration":0.25,"angle2":-15,"angle":0,"type":"hold","holdEase":"outCirc","time":459},{"duration":0.25,"angle2":0,"angle":-15,"type":"hold","holdEase":"inCirc","time":459.25},{"duration":0.75,"angle2":-180,"angle":-180,"type":"hold","time":460},{"duration":0,"angle2":-555,"angle":-525,"type":"hold","time":460.5},{"duration":0.25,"angle2":-195,"angle":-180,"type":"hold","holdEase":"outCirc","time":461},{"duration":0.25,"angle2":-180,"angle":-195,"type":"hold","holdEase":"inCirc","time":461.25},{"duration":0.25,"angle2":-165,"angle":-180,"type":"hold","holdEase":"outCirc","time":461},{"duration":0.25,"angle2":-180,"angle":-165,"type":"hold","holdEase":"inCirc","time":461.25},{"duration":0.5,"angle2":90,"angle":180,"type":"hold","time":462},{"type":"side","angle":315,"time":463},{"type":"side","angle":45,"time":463.5},{"type":"side","angle":315,"time":464},{"type":"side","angle":315,"time":464.5},{"type":"side","angle":45,"time":465},{"duration":0.5,"angle2":180,"angle":45,"type":"hold","time":465},{"duration":0.75,"angle2":0,"angle":0,"type":"hold","time":466},{"duration":0,"angle2":375,"angle":345,"type":"hold","time":466.5},{"duration":0.25,"angle2":15,"angle":0,"type":"hold","holdEase":"outCirc","time":467},{"duration":0.25,"angle2":0,"angle":15,"type":"hold","holdEase":"inCirc","time":467.25},{"duration":0.25,"angle2":-15,"angle":0,"type":"hold","holdEase":"outCirc","time":467},{"duration":0.25,"angle2":0,"angle":-15,"type":"hold","holdEase":"inCirc","time":467.25},{"duration":0.75,"angle2":-180,"angle":-180,"type":"hold","time":468},{"duration":0,"angle2":-555,"angle":-525,"type":"hold","time":468.5},{"duration":0.75,"angle2":270,"angle":180,"type":"hold","holdEase":"outCubic","time":469},{"duration":0.75,"angle2":360,"angle":270,"type":"hold","holdEase":"outCubic","time":469.75},{"duration":0.5,"angle2":450,"angle":360,"type":"hold","holdEase":"outCubic","time":470.5},{"duration":1,"angle2":180,"angle":90,"type":"hold","holdEase":"outCubic","time":471},{"type":"block","angle":180,"time":472},{"type":"block","angle":165,"time":471.25},{"type":"block","angle":180,"time":471.5},{"type":"block","angle":165,"time":471.75},{"type":"block","angle":195,"time":472},{"type":"block","angle":210,"time":472.25},{"type":"block","angle":225,"time":472.25},{"type":"block","angle":240,"time":472.5},{"type":"block","angle":255,"time":472.5},{"duration":0.5,"angle2":165,"angle":255,"type":"hold","time":473},{"type":"block","angle":270,"time":472.75},{"type":"block","angle":285,"time":472.75},{"duration":0.75,"angle2":0,"angle":0,"type":"hold","time":474},{"duration":0,"angle2":375,"angle":345,"type":"hold","time":474.5},{"duration":0.25,"angle2":15,"angle":0,"type":"hold","holdEase":"outCirc","time":475},{"duration":0.25,"angle2":0,"angle":15,"type":"hold","holdEase":"inCirc","time":475.25},{"duration":0.25,"angle2":-15,"angle":0,"type":"hold","holdEase":"outCirc","time":475},{"duration":0.25,"angle2":0,"angle":-15,"type":"hold","holdEase":"inCirc","time":475.25},{"duration":0.75,"angle2":-180,"angle":-180,"type":"hold","time":476},{"duration":0,"angle2":-555,"angle":-525,"type":"hold","time":476.5},{"duration":0.25,"angle2":-195,"angle":-180,"type":"hold","holdEase":"outCirc","time":477},{"duration":0.25,"angle2":-180,"angle":-195,"type":"hold","holdEase":"inCirc","time":477.25},{"duration":0.25,"angle2":-165,"angle":-180,"type":"hold","holdEase":"outCirc","time":477},{"duration":0.25,"angle2":-180,"angle":-165,"type":"hold","holdEase":"inCirc","time":477.25},{"duration":0.5,"angle2":225,"angle":270,"type":"hold","time":478},{"duration":0.5,"angle2":-45,"angle":0,"type":"hold","time":479},{"duration":0.5,"angle2":45,"angle":90,"type":"hold","time":480},{"duration":1,"angle2":360,"angle":180,"type":"hold","time":481},{"duration":0.5,"angle2":375,"angle":360,"type":"hold","holdEase":"inOutCubic","time":482.25},{"duration":0.25,"angle2":0,"angle":15,"type":"hold","holdEase":"inCirc","time":482.75},{"duration":0.25,"angle2":360,"angle":345,"type":"hold","holdEase":"inCirc","time":482.75},{"duration":0,"angle2":30,"angle":30,"type":"hold","time":482},{"duration":0.75,"angle2":30,"angle":30,"type":"hold","time":482.25},{"duration":0.25,"angle2":210,"angle":195,"type":"hold","holdEase":"outCirc","time":484},{"duration":0.25,"angle2":180,"angle":195,"type":"hold","holdEase":"outCirc","time":484},{"duration":0.5,"angle2":195,"angle":180,"type":"hold","holdEase":"inOutQuart","time":484.25},{"duration":0,"angle2":195,"angle":195,"type":"hold","time":485},{"duration":0.75,"angle2":165,"angle":165,"type":"hold","time":484},{"duration":0,"angle2":165,"angle":165,"type":"hold","time":485},{"duration":4,"angle2":-180,"angle":180,"type":"hold","holdEase":"inCirc","time":485},{"type":"block","angle":270,"time":491.5},{"type":"block","angle":285,"time":491.625},{"type":"block","angle":300,"time":491.75},{"duration":0.5,"angle2":270,"angle":315,"type":"hold","time":492},{"duration":0.5,"angle2":270,"angle":270,"type":"hold","time":492.5},{"duration":0.5,"angle2":300,"angle":240,"type":"hold","time":493},{"duration":0.5,"angle2":300,"angle":240,"type":"hold","time":494},{"type":"block","angle":0,"time":495},{"duration":0.5,"angle2":90,"angle":180,"type":"hold","time":496},{"type":"block","angle":90,"time":497},{"type":"block","angle":105,"time":497.25},{"duration":0.5,"angle2":45,"angle":120,"type":"hold","time":497.5},{"type":"block","angle":45,"time":498},{"type":"block","angle":60,"time":498.25},{"duration":0.5,"angle2":0,"angle":75,"type":"hold","time":498.5},{"type":"mine","angle":210,"time":499.5},{"type":"mine","angle":150,"time":499.75},{"duration":1,"angle2":210,"angle":210,"type":"mineHold","time":500},{"duration":0.5,"angle2":150,"angle":150,"type":"mineHold","time":500.5},{"type":"block","angle":270,"time":500},{"type":"block","angle":285,"time":500.25},{"type":"block","angle":300,"time":500.5},{"type":"block","angle":90,"time":501},{"type":"block","angle":75,"time":501.25},{"type":"block","angle":60,"time":501.5},{"type":"block","angle":345,"time":502},{"type":"block","angle":15,"time":502.25},{"type":"block","angle":345,"time":502.5},{"type":"block","angle":30,"time":503},{"type":"block","angle":45,"time":503.25},{"duration":0.5,"angle2":-15,"angle":60,"type":"hold","time":503.5},{"duration":0.5,"angle2":-60,"angle":15,"type":"hold","time":504},{"duration":0.5,"angle2":360,"angle":285,"type":"hold","time":504.5},{"type":"block","angle":0,"time":505},{"type":"block","angle":15,"time":505.25},{"type":"block","angle":30,"time":505.5},{"type":"block","angle":45,"time":505.75},{"duration":0.5,"angle2":30,"angle":60,"type":"hold","holdEase":"outCirc","time":506},{"duration":0.5,"angle2":60,"angle":30,"type":"hold","holdEase":"inCirc","time":506.5},{"type":"side","angle":90,"time":507},{"type":"block","angle":34.555805206299,"time":506.25},{"type":"block","angle":34.671184539795,"time":506.75},{"type":"mine","angle":0,"time":507.5},{"type":"mine","angle":180,"time":507.75},{"duration":1,"angle2":0,"angle":0,"type":"mineHold","time":508},{"duration":0.5,"angle2":180,"angle":180,"type":"mineHold","time":508.5},{"type":"block","angle":90,"time":508.5},{"type":"block","angle":90,"time":508.75},{"type":"block","angle":135,"time":509},{"type":"block","angle":120,"time":509.25},{"type":"block","angle":105,"time":509.5},{"type":"block","angle":90,"time":509.75},{"type":"block","angle":-300,"time":510.25},{"type":"block","angle":-285,"time":510.5},{"type":"block","angle":45,"time":511.25},{"type":"block","angle":75,"time":511.5},{"type":"block","angle":60,"time":511.75},{"type":"block","angle":90,"time":512},{"type":"block","angle":75,"time":512.25},{"type":"block","angle":90,"time":510.75},{"type":"block","angle":330,"time":513},{"duration":0.5,"angle2":330,"angle":360,"type":"hold","time":513.25},{"type":"block","angle":-330,"time":514},{"duration":0.5,"angle2":-330,"angle":-360,"type":"hold","time":514.25},{"type":"block","angle":360,"time":515},{"type":"block","angle":330,"time":515.25},{"type":"block","angle":300,"time":515.5},{"duration":1.25,"angle2":90,"angle":270,"type":"hold","time":515.75},{"duration":0.75,"angle2":90,"angle":135,"type":"hold","time":516.25},{"duration":1,"angle2":180,"angle":90,"type":"hold","time":517},{"duration":0.25,"angle2":150,"angle":180,"type":"hold","time":517.75},{"duration":1,"angle2":-270,"angle":-180,"type":"hold","time":518},{"duration":0.25,"angle2":-240,"angle":-270,"type":"hold","time":518.75},{"type":"side","angle":45,"time":519},{"type":"side","angle":45,"time":519.5},{"type":"side","angle":135,"time":520},{"type":"side","angle":135,"time":520.5},{"duration":0.75,"angle2":180,"angle":180,"type":"hold","time":521},{"duration":0,"angle2":165,"angle":195,"type":"hold","time":521.25},{"duration":0.25,"angle2":195,"angle":180,"type":"hold","holdEase":"outCirc","time":522.5},{"duration":0.25,"angle2":180,"angle":195,"type":"hold","holdEase":"inCirc","time":522.75},{"duration":0.25,"angle2":-195,"angle":-180,"type":"hold","holdEase":"outCirc","time":522.5},{"duration":0.25,"angle2":-180,"angle":-195,"type":"hold","holdEase":"inCirc","time":522.75}]