{"events":[{"offset":0.20000019669533,"volume":1,"angle":0,"type":"play","file":"song.ogg","bpm":145,"time":1},{"value":1.2999997138977,"angle":270,"type":"ease","var":"scrollSpeed","time":-1},{"value":0.75000023841858,"angle":-270,"type":"ease","var":"scrollSpeed","time":3.5},{"value":1.2999997138977,"angle":-270,"type":"ease","var":"scrollSpeed","time":5},{"value":0.75000023841858,"angle":-270,"type":"ease","var":"scrollSpeed","time":7.5},{"value":1.2999997138977,"angle":270,"type":"ease","var":"scrollSpeed","time":9},{"newWidth":360,"ease":"outSine","angle":270,"type":"paddles","duration":0.5,"paddle":1,"time":100},{"newWidth":70,"ease":"outQuad","angle":270,"type":"paddles","duration":1,"paddle":1,"time":103},{"color":0,"b":211,"angle":285,"r":0,"type":"setColor","g":255,"time":-1},{"color":1,"b":29,"angle":300,"type":"setColor","r":0,"g":15,"time":-1},{"newWidth":360,"ease":"outSine","angle":270,"type":"paddles","duration":0.5,"paddle":1,"time":132},{"newWidth":70,"ease":"outQuad","angle":345,"type":"paddles","duration":1,"paddle":1,"time":137.25},{"value":70,"angle":360,"type":"ease","var":"p.x","time":137},{"value":250,"angle":15,"type":"ease","var":"p.y","time":137},{"value":200,"angle":375,"type":"ease","var":"p.x","time":145},{"value":250,"angle":30,"type":"ease","var":"p.y","time":145},{"value":300,"angle":375,"type":"ease","var":"p.x","time":153},{"value":180,"angle":360,"type":"ease","var":"p.y","time":153},{"value":0.75000023841858,"angle":-270,"type":"ease","var":"scrollSpeed","time":165},{"value":1.2999997138977,"angle":90,"type":"ease","var":"scrollSpeed","time":169},{"duration":1,"var":"vfx.canvPos.sx","angle":360,"type":"ease","ease":"outSine","value":1.0999999046326,"time":169},{"duration":1,"var":"vfx.canvPos.sy","angle":15,"type":"ease","ease":"outSine","value":1.0999999046326,"time":169},{"repeats":8,"repeatDelay":6,"var":"vfx.canvPos.r","type":"ease","duration":2,"value":5,"angle":30,"ease":"outSine","time":169},{"angle":337.5,"type":"tag","tag":"circstart","angleOffset":false,"time":168.5},{"repeats":6,"repeatDelay":8,"var":"p.x","type":"ease","duration":4,"value":260,"angle":0,"ease":"inOutSine","time":171},{"repeats":6,"repeatDelay":8,"var":"p.y","type":"ease","duration":4,"value":140,"angle":345,"ease":"inOutSine","time":173},{"repeats":6,"repeatDelay":8,"var":"p.x","type":"ease","duration":4,"value":340,"angle":0,"ease":"inOutSine","time":175},{"repeats":6,"repeatDelay":8,"var":"p.y","type":"ease","duration":4,"value":220,"angle":345,"ease":"inOutSine","time":177},{"repeats":16,"repeatDelay":4,"var":"vfx.canvPos.r","type":"ease","duration":2,"value":0,"angle":30,"ease":"inSine","time":171},{"repeats":8,"repeatDelay":6,"var":"vfx.canvPos.r","type":"ease","duration":2,"value":-5,"angle":30,"ease":"outSine","time":173},{"duration":1,"var":"p.x","angle":360,"type":"ease","ease":"outSine","value":300,"time":229},{"duration":1,"var":"p.y","angle":15,"type":"ease","ease":"outSine","value":180,"time":229},{"duration":1,"var":"vfx.canvPos.sx","angle":345,"type":"ease","ease":"outSine","value":1,"time":229},{"duration":1,"var":"vfx.canvPos.r","angle":30,"type":"ease","ease":"outSine","value":0,"time":229},{"duration":1,"var":"vfx.canvPos.sy","angle":330,"type":"ease","ease":"outSine","value":1,"time":229},{"newWidth":0,"ease":"outSine","angle":270,"type":"paddles","duration":1,"paddle":1,"time":260},{"duration":0,"ease":"linear","angle":270,"type":"paddles","enabled":false,"paddle":1,"time":261},{"ease":"outSine","type":"paddles","newWidth":70,"angle":270,"paddle":1,"enabled":true,"duration":1,"time":263.5},{"color":1,"b":211,"angle":285,"type":"setColor","r":0,"g":255,"time":3.5},{"color":0,"b":29,"angle":300,"type":"setColor","r":0,"g":15,"time":3.5},{"color":0,"b":211,"angle":285,"type":"setColor","r":0,"g":255,"time":5},{"color":1,"b":29,"angle":300,"type":"setColor","r":0,"g":15,"time":5},{"color":1,"b":211,"angle":285,"type":"setColor","r":0,"g":255,"time":7.5},{"color":0,"b":29,"angle":300,"type":"setColor","r":0,"g":15,"time":7.5},{"color":0,"b":211,"angle":285,"type":"setColor","r":0,"g":255,"time":9},{"color":1,"b":29,"angle":300,"type":"setColor","r":0,"g":15,"time":9},{"color":1,"b":211,"angle":285,"type":"setColor","r":0,"g":255,"time":40},{"color":0,"b":29,"angle":300,"type":"setColor","r":0,"g":15,"time":40},{"color":0,"b":211,"angle":285,"type":"setColor","r":0,"g":255,"time":41},{"color":1,"b":29,"angle":300,"type":"setColor","r":0,"g":15,"time":41},{"duration":0.5,"var":"vfx.canvPos.sx","angle":360,"type":"ease","ease":"outSine","value":2,"time":40},{"duration":0.5,"var":"vfx.canvPos.sy","angle":15,"type":"ease","ease":"outSine","value":2,"time":40},{"duration":0.5,"var":"vfx.canvPos.sx","angle":360,"type":"ease","ease":"inSine","value":1,"time":40.5},{"duration":0.5,"var":"vfx.canvPos.sy","angle":15,"type":"ease","ease":"inSine","value":1,"time":40.5},{"color":1,"b":255,"angle":285,"type":"setColor","r":255,"g":255,"time":69},{"color":0,"b":0,"angle":300,"r":0,"type":"setColor","g":0,"time":69},{"ox":300,"oy":180,"type":"deco","id":"kyougen","sx":1.2000000476837,"sprite":"kyougen.png","angle":90,"sy":1.2000000476837,"time":72.75},{"ease":"outSine","type":"deco","id":"kyougen","sx":1,"duration":1,"angle":90,"sy":1,"time":73},{"color":5,"b":47,"angle":105,"type":"setColor","r":125,"g":80,"time":73},{"color":7,"b":32,"angle":120,"r":108,"type":"setColor","g":54,"time":73},{"color":6,"b":14,"angle":135,"r":41,"type":"setColor","g":21,"time":73},{"ease":"outSine","type":"deco","id":"kyougen","sx":2,"duration":2,"angle":90,"sy":2,"time":103},{"color":0,"b":0,"angle":330,"type":"setColor","r":0,"g":0,"time":101},{"color":0,"b":26,"angle":90,"type":"setColor","r":26,"g":26,"time":105},{"angle":270,"type":"forcePlayerSprite","spriteName":"none","time":69},{"angle":210,"type":"forcePlayerSprite","spriteName":"","time":73},{"color":0,"b":1,"angle":165,"type":"setColor","r":16,"g":6,"time":73},{"ox":300,"oy":180,"hide":true,"type":"deco","id":"light","sx":0,"sprite":"light.png","angle":255,"sy":1,"time":72.75},{"ease":"outSine","hide":false,"type":"deco","id":"light","drawLayer":"bg","sx":1,"duration":1,"angle":255,"sy":1,"time":73},{"color":2,"b":186,"angle":150,"type":"setColor","r":255,"g":215,"time":73},{"color":1,"b":1,"angle":180,"type":"setColor","r":16,"g":6,"time":73},{"angle":195,"type":"outline","color":2,"enable":true,"time":73},{"value":2,"angle":225,"type":"ease","var":"p.fillColor","time":73},{"angle":315,"type":"deco","id":"light","hide":true,"time":101},{"color":2,"b":255,"angle":345,"type":"setColor","r":255,"g":255,"time":101},{"value":0,"angle":285,"type":"ease","var":"p.fillColor","time":101},{"color":1,"b":255,"angle":255,"type":"setColor","r":255,"g":255,"time":101},{"angle":240,"type":"outline","color":0,"enable":false,"time":101},{"ox":300,"oy":180,"type":"deco","id":"hatsumei","sx":2,"sprite":"hatsumei.png","angle":270,"sy":2,"time":104.75},{"ease":"outSine","type":"deco","id":"hatsumei","sx":1.1000000238419,"duration":1,"angle":270,"sy":1.1000000238419,"time":105},{"color":2,"b":24,"angle":105,"r":113,"type":"setColor","g":35,"time":105},{"color":3,"b":28,"angle":120,"r":34,"type":"setColor","g":30,"time":105},{"angle":285,"type":"deco","id":"hatsumei","hide":true,"time":133},{"color":0,"b":0,"angle":300,"type":"setColor","r":0,"g":0,"time":133},{"color":4,"b":13,"angle":135,"type":"setColor","r":16,"g":13,"time":105},{"angle":165,"type":"outline","color":0,"enable":true,"time":105},{"color":1,"b":211,"angle":285,"type":"setColor","r":0,"g":255,"time":137},{"color":0,"b":29,"angle":300,"type":"setColor","r":0,"g":15,"time":137},{"ox":300,"oy":180,"hide":true,"type":"deco","id":"boom","y":360,"sprite":"boom.png","x":300,"angle":90,"sy":0,"sx":0,"time":120.75},{"ease":"outBack","hide":false,"type":"deco","id":"boom","drawLayer":"bg","y":180,"sy":1,"x":300,"angle":90,"sx":1,"duration":1,"time":121},{"color":6,"b":29,"angle":75,"type":"setColor","r":255,"g":110,"time":121},{"color":5,"b":137,"angle":60,"type":"setColor","r":255,"g":217,"time":121},{"color":0,"b":255,"angle":45,"type":"setColor","r":255,"g":255,"time":121},{"color":0,"r":38,"type":"setColor","duration":1,"angle":30,"b":2,"order":1,"g":2,"time":121},{"ease":"inBack","type":"deco","id":"boom","sx":0,"duration":2,"angle":90,"y":360,"sy":0,"time":123},{"ox":50,"oy":0,"type":"deco","id":"press1","drawLayer":"fg","y":360,"sprite":"press.png","x":70,"angle":270,"sy":1.5,"sx":1.5,"time":135.75},{"ox":50,"oy":0,"type":"deco","id":"press2","drawLayer":"fg","y":0,"sprite":"press.png","x":70,"angle":255,"sy":1.5,"sx":1.5,"r":180,"time":135.75},{"duration":1,"time":136,"angle":270,"type":"deco","id":"press1","ease":"outSine","y":260},{"ease":"outCirc","type":"deco","id":"press2","drawLayer":"fg","y":180,"duration":4,"angle":255,"time":137},{"duration":3,"time":141,"angle":240,"type":"deco","id":"press2","ease":"inCirc","y":290},{"ox":50,"oy":0,"type":"deco","id":"press3","drawLayer":"fg","y":360,"sprite":"press.png","x":200,"angle":225,"sy":1.5,"sx":1.5,"time":143.75},{"ox":50,"oy":0,"type":"deco","id":"press4","drawLayer":"fg","y":0,"sprite":"press.png","x":200,"angle":210,"sy":1.5,"sx":1.5,"r":180,"time":143.75},{"duration":1,"time":144,"angle":225,"type":"deco","id":"press3","ease":"outSine","y":260},{"duration":4,"time":145,"angle":210,"type":"deco","id":"press4","ease":"outCirc","y":180},{"duration":3,"time":149,"angle":195,"type":"deco","id":"press4","ease":"inCirc","y":290},{"angle":270,"type":"deco","id":"press1","drawLayer":"bg","time":153},{"angle":255,"type":"deco","id":"press2","drawLayer":"bg","time":153},{"angle":240,"type":"deco","id":"press3","drawLayer":"bg","time":153},{"angle":225,"type":"deco","id":"press4","drawLayer":"bg","time":153},{"color":6,"b":64,"angle":285,"type":"setColor","r":18,"g":38,"time":136},{"color":7,"b":192,"angle":300,"type":"setColor","r":42,"g":141,"time":136},{"color":0,"b":36,"angle":270,"type":"setColor","r":101,"g":192,"time":144},{"color":0,"r":0,"b":29,"duration":1,"angle":285,"type":"setColor","order":1,"g":15,"time":144},{"color":0,"b":36,"angle":285,"type":"setColor","r":101,"g":192,"time":152},{"color":0,"r":0,"b":29,"duration":1,"angle":300,"type":"setColor","order":1,"g":15,"time":152},{"ox":50,"oy":0,"type":"deco","id":"pressend1","drawLayer":"fg","y":260,"sprite":"pressend.png","x":70,"angle":255,"sy":1.5,"sx":1.5,"time":144},{"ox":50,"oy":0,"type":"deco","id":"pressend2","drawLayer":"fg","y":290,"sprite":"pressend.png","x":70,"angle":240,"sy":1.5,"sx":1.5,"r":180,"time":144},{"ox":50,"oy":0,"type":"deco","id":"pressend3","drawLayer":"fg","y":260,"sprite":"pressend.png","x":200,"angle":225,"sy":1.5,"sx":1.5,"time":152},{"ox":50,"oy":0,"type":"deco","id":"pressend4","drawLayer":"fg","y":290,"sprite":"pressend.png","x":200,"angle":210,"sy":1.5,"sx":1.5,"r":180,"time":152},{"angle":330,"type":"deco","id":"pressend1","drawLayer":"bg","time":153},{"angle":315,"type":"deco","id":"pressend2","drawLayer":"bg","time":153},{"angle":300,"type":"deco","id":"pressend3","drawLayer":"bg","time":153},{"angle":285,"type":"deco","id":"pressend4","drawLayer":"bg","time":153},{"duration":0,"ease":"linear","angle":180,"type":"paddles","enabled":false,"paddle":0,"time":144.05554199219},{"duration":0,"ease":"linear","angle":180,"type":"paddles","enabled":true,"paddle":1,"time":144.98889160156},{"duration":0,"ease":"linear","angle":180,"type":"paddles","enabled":false,"paddle":0,"time":152.05554199219},{"duration":0,"ease":"linear","angle":180,"type":"paddles","enabled":true,"paddle":1,"time":152.98889160156},{"drawOrder":-1,"oy":180,"type":"deco","id":"screen","drawLayer":"bg","sx":0.75,"sprite":"screen.png","angle":120,"sy":0.75,"ox":300,"time":137},{"ox":75,"oy":75,"type":"deco","id":"c1","drawLayer":"bg","sprite":"c1.png","angle":45,"time":137},{"color":4,"b":249,"angle":165,"type":"setColor","r":113,"g":181,"time":137},{"color":5,"b":251,"angle":150,"type":"setColor","r":185,"g":255,"time":137},{"color":5,"b":249,"angle":165,"type":"setColor","r":113,"g":181,"time":138},{"color":4,"b":251,"angle":150,"type":"setColor","r":185,"g":255,"time":138},{"color":4,"b":249,"angle":165,"type":"setColor","r":113,"g":181,"time":139},{"color":5,"b":251,"angle":150,"type":"setColor","r":185,"g":255,"time":139},{"color":5,"b":249,"angle":165,"type":"setColor","r":113,"g":181,"time":140},{"color":4,"b":251,"angle":150,"type":"setColor","r":185,"g":255,"time":140},{"color":4,"b":249,"angle":165,"type":"setColor","r":113,"g":181,"time":141},{"color":5,"b":251,"angle":150,"type":"setColor","r":185,"g":255,"time":141},{"color":5,"b":249,"angle":165,"type":"setColor","r":113,"g":181,"time":142},{"color":4,"b":251,"angle":150,"type":"setColor","r":185,"g":255,"time":142},{"color":4,"b":249,"angle":165,"type":"setColor","r":113,"g":181,"time":143},{"color":5,"b":251,"angle":150,"type":"setColor","r":185,"g":255,"time":143},{"color":5,"b":249,"angle":165,"type":"setColor","r":113,"g":181,"time":144},{"color":4,"b":251,"angle":150,"type":"setColor","r":185,"g":255,"time":144},{"color":4,"b":249,"angle":165,"type":"setColor","r":113,"g":181,"time":145},{"color":5,"b":251,"angle":150,"type":"setColor","r":185,"g":255,"time":145},{"color":5,"b":249,"angle":165,"type":"setColor","r":113,"g":181,"time":146},{"color":4,"b":251,"angle":150,"type":"setColor","r":185,"g":255,"time":146},{"color":4,"b":249,"angle":165,"type":"setColor","r":113,"g":181,"time":147},{"color":5,"b":251,"angle":150,"type":"setColor","r":185,"g":255,"time":147},{"color":5,"b":249,"angle":165,"type":"setColor","r":113,"g":181,"time":148},{"color":4,"b":251,"angle":150,"type":"setColor","r":185,"g":255,"time":148},{"color":4,"b":249,"angle":165,"type":"setColor","r":113,"g":181,"time":149},{"color":5,"b":251,"angle":150,"type":"setColor","r":185,"g":255,"time":149},{"color":5,"b":249,"angle":165,"type":"setColor","r":113,"g":181,"time":150},{"color":4,"b":251,"angle":150,"type":"setColor","r":185,"g":255,"time":150},{"color":4,"b":249,"angle":165,"type":"setColor","r":113,"g":181,"time":151},{"color":5,"b":251,"angle":150,"type":"setColor","r":185,"g":255,"time":151},{"color":5,"b":249,"angle":165,"type":"setColor","r":113,"g":181,"time":152},{"color":4,"b":251,"angle":150,"type":"setColor","r":185,"g":255,"time":152},{"angle":330,"type":"deco","id":"c1","hide":true,"time":145},{"ox":300,"oy":180,"type":"deco","id":"X","drawLayer":"bg","sx":0.75,"sprite":"X.png","angle":315,"time":142.5,"sy":0.75,"drawOrder":1,"recolor":-1},{"angle":315,"type":"deco","id":"X","hide":true,"time":142.75},{"color":2,"b":255,"angle":180,"type":"setColor","r":255,"g":255,"time":141},{"ox":300,"oy":180,"hide":false,"type":"deco","id":"X","sx":0.75,"sprite":"X.png","angle":315,"sy":0.75,"time":143,"recolor":-1},{"angle":315,"type":"deco","id":"X","hide":true,"time":143.25},{"ox":300,"oy":180,"hide":false,"type":"deco","id":"X","sx":0.75,"sprite":"X.png","angle":315,"sy":0.75,"time":143.5,"recolor":-1},{"angle":315,"type":"deco","id":"X","hide":true,"time":143.75},{"ox":300,"oy":180,"hide":false,"type":"deco","id":"X","sx":0.75,"sprite":"X.png","angle":315,"sy":0.75,"time":144,"recolor":-1},{"angle":315,"type":"deco","id":"X","hide":true,"time":145},{"ox":300,"oy":180,"hide":false,"type":"deco","id":"X","drawLayer":"bg","sx":0.75,"sprite":"X.png","angle":315,"time":150.5,"sy":0.75,"drawOrder":1,"recolor":-1},{"angle":315,"type":"deco","id":"X","hide":true,"time":150.75},{"ox":300,"oy":180,"hide":false,"type":"deco","id":"X","drawLayer":"bg","sx":0.75,"sprite":"X.png","angle":315,"time":151,"sy":0.75,"drawOrder":1,"recolor":-1},{"angle":315,"type":"deco","id":"X","hide":true,"time":151.25},{"ox":300,"oy":180,"hide":false,"type":"deco","id":"X","drawLayer":"bg","sx":0.75,"sprite":"X.png","angle":315,"time":151.5,"sy":0.75,"drawOrder":1,"recolor":-1},{"angle":315,"type":"deco","id":"X","hide":true,"time":151.75},{"ox":300,"oy":180,"hide":false,"type":"deco","id":"X","drawLayer":"bg","sx":0.75,"sprite":"X.png","angle":315,"time":152,"sy":0.75,"drawOrder":1,"recolor":-1},{"angle":345,"type":"deco","id":"X","hide":true,"time":153},{"ox":75,"oy":75,"type":"deco","id":"c2","drawLayer":"bg","sprite":"c2.png","angle":345,"time":145},{"angle":195,"type":"deco","id":"c2","hide":true,"time":153},{"ox":11.5,"oy":3,"type":"deco","id":"r1","y":400,"sprite":"r1.png","angle":270,"sy":8,"sx":8,"time":71.75},{"duration":1,"time":72,"angle":270,"type":"deco","id":"r1","ease":"outCirc","y":260},{"duration":0.5,"time":73,"angle":270,"type":"deco","id":"r1","ease":"inSine","y":400},{"angle":225,"type":"forcePlayerSprite","spriteName":"none","time":101},{"angle":30,"type":"forcePlayerSprite","spriteName":"","time":105},{"ox":11.5,"oy":3,"type":"deco","id":"r2","y":400,"sprite":"r2.png","angle":255,"sy":8,"sx":8,"time":103.75},{"duration":1,"time":104,"angle":255,"type":"deco","id":"r2","ease":"outCirc","y":260},{"duration":0.5,"y":400,"angle":255,"type":"deco","id":"r2","ease":"inSine","time":105},{"ox":11.5,"oy":3,"type":"deco","id":"r3","y":400,"sprite":"r3.png","angle":270,"sy":8,"sx":8,"time":231.75},{"duration":1,"time":232,"angle":270,"type":"deco","id":"r3","ease":"outCirc","y":260},{"duration":0.5,"time":233,"angle":270,"type":"deco","id":"r3","ease":"inSine","y":400},{"ox":11.5,"oy":3,"type":"deco","id":"r4","y":400,"sprite":"r4.png","angle":270,"sy":8,"sx":8,"time":263.75},{"duration":1,"time":264,"angle":270,"type":"deco","id":"r4","ease":"outCirc","y":260},{"duration":0.5,"time":265,"angle":270,"type":"deco","id":"r4","ease":"inSine","y":400},{"angle":315,"type":"forcePlayerSprite","spriteName":"none","time":133},{"angle":315,"type":"forcePlayerSprite","spriteName":"","time":136},{"angle":15,"type":"forcePlayerSprite","spriteName":"angry","time":265},{"angle":15,"type":"forcePlayerSprite","spriteName":"none","time":261},{"color":0,"r":0,"b":211,"duration":1,"angle":285,"type":"setColor","order":1,"g":255,"time":169},{"color":1,"b":29,"angle":300,"type":"setColor","r":0,"g":15,"time":169},{"color":1,"b":255,"angle":285,"type":"setColor","r":255,"g":255,"time":229},{"color":0,"b":0,"angle":300,"type":"setColor","r":0,"g":0,"time":229},{"ox":300,"oy":180,"type":"deco","id":"kyuu","sx":2,"sprite":"kyuu.png","angle":0,"sy":2,"time":232.75},{"ease":"outSine","type":"deco","id":"kyuu","sx":1,"duration":1,"angle":0,"sy":1,"time":233},{"color":2,"b":185,"angle":345,"type":"setColor","r":255,"g":249,"time":233},{"color":3,"b":145,"angle":330,"r":255,"type":"setColor","g":214,"time":233},{"color":4,"b":32,"angle":315,"r":130,"type":"setColor","g":89,"time":233},{"color":0,"b":33,"angle":300,"r":22,"type":"setColor","g":22,"time":233},{"color":0,"b":0,"angle":270,"type":"setColor","r":0,"g":0,"time":257},{"angle":300,"type":"deco","id":"kyuu","hide":true,"time":257},{"ox":45,"oy":75,"type":"deco","id":"window1","drawLayer":"bg","sx":1.7999999523163,"sprite":"window.png","x":100,"angle":15,"sy":1.7999999523163,"time":233},{"color":5,"b":0,"angle":285,"type":"setColor","r":0,"g":0,"time":233},{"ox":45,"oy":75,"type":"deco","id":"window2","drawLayer":"bg","sx":1.7999999523163,"sprite":"window.png","x":500,"angle":30,"sy":1.7999999523163,"time":233},{"ox":45,"oy":75,"type":"deco","id":"cross","drawLayer":"bg","sx":2,"sprite":"cross.png","x":297,"angle":45,"sy":2,"time":233},{"color":6,"b":0,"angle":255,"type":"setColor","r":255,"g":53,"time":233},{"color":7,"b":2,"angle":240,"r":44,"type":"setColor","g":2,"time":233},{"angle":15,"type":"deco","id":"window1","hide":true,"time":257},{"angle":30,"type":"deco","id":"window2","hide":true,"time":257},{"angle":45,"type":"deco","id":"cross","hide":true,"time":257},{"color":0,"b":0,"angle":210,"type":"setColor","r":0,"g":0,"time":165},{"angle":150,"type":"forcePlayerSprite","spriteName":"","time":169},{"color":0,"b":255,"angle":315,"type":"setColor","r":255,"g":255,"time":169},{"angle":270,"type":"forcePlayerSprite","spriteName":"none","time":229},{"angle":225,"type":"forcePlayerSprite","spriteName":"","time":233},{"angle":180,"type":"forcePlayerSprite","spriteName":"none","time":3.5},{"angle":180,"type":"forcePlayerSprite","spriteName":"","time":5},{"angle":180,"type":"forcePlayerSprite","spriteName":"none","time":7.5},{"angle":180,"type":"forcePlayerSprite","spriteName":"","time":9},{"ox":300,"oy":300,"hide":true,"type":"deco","id":"rays","drawLayer":"bg","sx":1.2000000476837,"sprite":"rays.png","angle":330,"recolor":2,"sy":1.2000000476837,"time":168.75},{"duration":62,"r":360,"hide":false,"type":"deco","id":"rays","angle":330,"time":169},{"angle":45,"type":"deco","id":"rays","hide":true,"time":229},{"newWidth":0,"ease":"outQuad","angle":90,"type":"paddles","duration":0.5,"paddle":1,"time":292},{"duration":0,"ease":"linear","angle":90,"type":"paddles","enabled":false,"paddle":0,"time":292.5},{"angle":285,"type":"forcePlayerSprite","spriteName":"none","time":293},{"angle":270,"type":"forcePlayerSprite","spriteName":"","time":297},{"sprite":"pressend.png","hide":false,"angle":255,"type":"deco","id":"pressend1","drawLayer":"fg","time":297},{"sprite":"pressend.png","hide":false,"angle":240,"type":"deco","id":"pressend2","drawLayer":"fg","time":297},{"sprite":"pressend.png","hide":false,"angle":225,"type":"deco","id":"pressend3","drawLayer":"fg","time":297},{"sprite":"pressend.png","hide":false,"angle":210,"type":"deco","id":"pressend4","drawLayer":"fg","time":297},{"value":390,"angle":360,"type":"ease","var":"p.x","time":297},{"value":250,"angle":15,"type":"ease","var":"p.y","time":297},{"ease":"inCirc","type":"paddles","newWidth":360,"angle":90,"paddle":1,"enabled":true,"duration":1,"time":296},{"newWidth":70,"ease":"outCirc","angle":105,"type":"paddles","duration":4,"paddle":1,"time":297},{"value":520,"angle":360,"type":"ease","var":"p.x","time":305},{"value":250,"angle":15,"type":"ease","var":"p.y","time":305},{"ox":50,"oy":0,"type":"deco","id":"press5","drawLayer":"fg","y":360,"sprite":"press.png","x":390,"angle":195,"sy":1.5,"sx":1.5,"time":295.75},{"ox":50,"oy":0,"type":"deco","id":"press6","drawLayer":"fg","y":0,"sprite":"press.png","x":390,"angle":180,"sy":1.5,"sx":1.5,"r":180,"time":295.75},{"duration":1,"time":296,"angle":195,"type":"deco","id":"press5","ease":"outSine","y":260},{"ease":"outCirc","type":"deco","id":"press6","drawLayer":"fg","y":180,"duration":4,"angle":180,"time":297},{"angle":300,"hide":false,"type":"deco","id":"screen","drawLayer":"bg","time":297},{"duration":3,"time":301,"angle":180,"type":"deco","id":"press6","ease":"inCirc","y":290},{"ox":50,"oy":0,"type":"deco","id":"press7","drawLayer":"fg","y":360,"sprite":"press.png","x":520,"angle":165,"sy":1.5,"sx":1.5,"time":303.75},{"ox":50,"oy":0,"type":"deco","id":"press8","drawLayer":"fg","y":0,"sprite":"press.png","x":520,"angle":150,"sy":1.5,"sx":1.5,"r":180,"time":303.75},{"duration":1,"time":304,"angle":165,"type":"deco","id":"press7","ease":"outSine","y":260},{"duration":4,"time":305,"angle":150,"type":"deco","id":"press8","ease":"outCirc","y":180},{"duration":3,"time":309,"angle":150,"type":"deco","id":"press8","ease":"inCirc","y":290},{"angle":210,"type":"deco","id":"press1","drawLayer":"bg","time":313},{"angle":195,"type":"deco","id":"press2","drawLayer":"bg","time":313},{"angle":180,"type":"deco","id":"press3","drawLayer":"bg","time":313},{"angle":165,"type":"deco","id":"press4","drawLayer":"bg","time":313},{"ox":50,"oy":0,"type":"deco","id":"pressend5","drawLayer":"fg","y":260,"sprite":"pressend.png","x":390,"angle":195,"sy":1.5,"sx":1.5,"time":304},{"ox":50,"oy":0,"type":"deco","id":"pressend6","drawLayer":"fg","y":290,"sprite":"pressend.png","x":390,"angle":180,"sy":1.5,"sx":1.5,"r":180,"time":304},{"ox":50,"oy":0,"type":"deco","id":"pressend7","drawLayer":"fg","y":260,"sprite":"pressend.png","x":520,"angle":165,"sy":1.5,"sx":1.5,"time":312},{"ox":50,"oy":0,"type":"deco","id":"pressend8","drawLayer":"fg","y":290,"sprite":"pressend.png","x":520,"angle":150,"sy":1.5,"sx":1.5,"r":180,"time":312},{"angle":270,"type":"deco","id":"pressend1","drawLayer":"bg","time":313},{"angle":255,"type":"deco","id":"pressend2","drawLayer":"bg","time":313},{"angle":240,"type":"deco","id":"pressend3","drawLayer":"bg","time":313},{"angle":225,"type":"deco","id":"pressend4","drawLayer":"bg","time":313},{"angle":150,"type":"deco","id":"screen","drawLayer":"bg","time":313},{"ox":300,"oy":180,"type":"deco","id":"X","drawLayer":"bg","sx":0.75,"sprite":"X.png","angle":255,"time":302.5,"sy":0.75,"drawOrder":1,"recolor":-1},{"angle":255,"type":"deco","id":"X","hide":true,"time":302.75},{"ox":300,"oy":180,"hide":false,"type":"deco","id":"X","sx":0.75,"sprite":"X.png","angle":255,"sy":0.75,"time":303,"recolor":-1},{"angle":255,"type":"deco","id":"X","hide":true,"time":303.25},{"ox":300,"oy":180,"hide":false,"type":"deco","id":"X","sx":0.75,"sprite":"X.png","angle":255,"sy":0.75,"time":303.5,"recolor":-1},{"angle":255,"type":"deco","id":"X","hide":true,"time":303.75},{"ox":300,"oy":180,"hide":false,"type":"deco","id":"X","sx":0.75,"sprite":"X.png","angle":255,"sy":0.75,"time":304,"recolor":-1},{"angle":255,"type":"deco","id":"X","hide":true,"time":305},{"ox":300,"oy":180,"hide":false,"type":"deco","id":"X","drawLayer":"bg","sx":0.75,"sprite":"X.png","angle":255,"time":310.5,"sy":0.75,"drawOrder":1,"recolor":-1},{"angle":255,"type":"deco","id":"X","hide":true,"time":310.75},{"ox":300,"oy":180,"hide":false,"type":"deco","id":"X","drawLayer":"bg","sx":0.75,"sprite":"X.png","angle":255,"time":311,"sy":0.75,"drawOrder":1,"recolor":-1},{"angle":255,"type":"deco","id":"X","hide":true,"time":311.25},{"ox":300,"oy":180,"hide":false,"type":"deco","id":"X","drawLayer":"bg","sx":0.75,"sprite":"X.png","angle":255,"time":311.5,"sy":0.75,"drawOrder":1,"recolor":-1},{"angle":255,"type":"deco","id":"X","hide":true,"time":311.75},{"ox":300,"oy":180,"hide":false,"type":"deco","id":"X","drawLayer":"bg","sx":0.75,"sprite":"X.png","angle":255,"time":312,"sy":0.75,"drawOrder":1,"recolor":-1},{"angle":285,"type":"deco","id":"X","hide":true,"time":313},{"angle":390,"type":"deco","id":"press8","drawLayer":"bg","time":313},{"angle":375,"type":"deco","id":"press7","drawLayer":"bg","time":313},{"angle":360,"type":"deco","id":"press6","drawLayer":"bg","time":313},{"angle":345,"type":"deco","id":"press5","drawLayer":"bg","time":313},{"angle":450,"type":"deco","id":"pressend8","drawLayer":"bg","time":313},{"angle":435,"type":"deco","id":"pressend7","drawLayer":"bg","time":313},{"angle":420,"type":"deco","id":"pressend6","drawLayer":"bg","time":313},{"angle":405,"type":"deco","id":"pressend5","drawLayer":"bg","time":313},{"color":1,"b":211,"angle":285,"type":"setColor","r":0,"g":255,"time":297},{"color":0,"b":29,"angle":300,"type":"setColor","r":0,"g":15,"time":297},{"color":6,"b":64,"angle":285,"type":"setColor","r":18,"g":38,"time":296},{"color":7,"b":192,"angle":300,"type":"setColor","r":42,"g":141,"time":296},{"color":0,"b":36,"angle":270,"type":"setColor","r":101,"g":192,"time":304},{"color":0,"r":0,"b":29,"duration":1,"angle":285,"type":"setColor","order":1,"g":15,"time":304},{"color":0,"b":36,"angle":285,"type":"setColor","r":101,"g":192,"time":312},{"color":0,"r":0,"b":29,"duration":1,"angle":300,"type":"setColor","order":1,"g":15,"time":312},{"color":4,"b":249,"angle":165,"type":"setColor","r":113,"g":181,"time":297},{"color":5,"b":251,"angle":150,"type":"setColor","r":185,"g":255,"time":297},{"color":5,"b":249,"angle":165,"type":"setColor","r":113,"g":181,"time":298},{"color":4,"b":251,"angle":150,"type":"setColor","r":185,"g":255,"time":298},{"color":4,"b":249,"angle":165,"type":"setColor","r":113,"g":181,"time":299},{"color":5,"b":251,"angle":150,"type":"setColor","r":185,"g":255,"time":299},{"color":5,"b":249,"angle":165,"type":"setColor","r":113,"g":181,"time":300},{"color":4,"b":251,"angle":150,"type":"setColor","r":185,"g":255,"time":300},{"color":4,"b":249,"angle":165,"type":"setColor","r":113,"g":181,"time":301},{"color":5,"b":251,"angle":150,"type":"setColor","r":185,"g":255,"time":301},{"color":5,"b":249,"angle":165,"type":"setColor","r":113,"g":181,"time":302},{"color":4,"b":251,"angle":150,"type":"setColor","r":185,"g":255,"time":302},{"color":4,"b":249,"angle":165,"type":"setColor","r":113,"g":181,"time":303},{"color":5,"b":251,"angle":150,"type":"setColor","r":185,"g":255,"time":303},{"color":5,"b":249,"angle":165,"type":"setColor","r":113,"g":181,"time":304},{"color":4,"b":251,"angle":150,"type":"setColor","r":185,"g":255,"time":304},{"color":4,"b":249,"angle":165,"type":"setColor","r":113,"g":181,"time":305},{"color":5,"b":251,"angle":150,"type":"setColor","r":185,"g":255,"time":305},{"color":5,"b":249,"angle":165,"type":"setColor","r":113,"g":181,"time":306},{"color":4,"b":251,"angle":150,"type":"setColor","r":185,"g":255,"time":306},{"color":4,"b":249,"angle":165,"type":"setColor","r":113,"g":181,"time":307},{"color":5,"b":251,"angle":150,"type":"setColor","r":185,"g":255,"time":307},{"color":5,"b":249,"angle":165,"type":"setColor","r":113,"g":181,"time":308},{"color":4,"b":251,"angle":150,"type":"setColor","r":185,"g":255,"time":308},{"color":4,"b":249,"angle":165,"type":"setColor","r":113,"g":181,"time":309},{"color":5,"b":251,"angle":150,"type":"setColor","r":185,"g":255,"time":309},{"color":5,"b":249,"angle":165,"type":"setColor","r":113,"g":181,"time":310},{"color":4,"b":251,"angle":150,"type":"setColor","r":185,"g":255,"time":310},{"color":4,"b":249,"angle":165,"type":"setColor","r":113,"g":181,"time":311},{"color":5,"b":251,"angle":150,"type":"setColor","r":185,"g":255,"time":311},{"color":5,"b":249,"angle":165,"type":"setColor","r":113,"g":181,"time":312},{"color":4,"b":251,"angle":150,"type":"setColor","r":185,"g":255,"time":312},{"color":2,"b":255,"angle":180,"type":"setColor","r":255,"g":255,"time":301},{"color":3,"b":28,"angle":315,"type":"setColor","r":34,"g":30,"time":296},{"value":300,"angle":-45,"type":"ease","var":"p.x","time":313},{"value":180,"angle":-30,"type":"ease","var":"p.y","time":313},{"ox":75,"oy":75,"type":"deco","id":"c3","drawLayer":"bg","sprite":"c3.png","angle":-45,"time":297},{"ox":75,"oy":75,"type":"deco","id":"c4","drawLayer":"bg","sprite":"c4.png","angle":-60,"time":305},{"angle":-45,"type":"deco","id":"c3","hide":true,"time":305},{"angle":105,"type":"deco","id":"c4","hide":true,"time":313},{"ox":300,"oy":180,"type":"deco","id":"kagumei","sx":2,"sprite":"kagumei.png","angle":285,"sy":2,"time":264.75},{"ease":"outSine","type":"deco","id":"kagumei","sx":1,"duration":1,"angle":285,"sy":1,"time":265},{"color":2,"b":29,"angle":300,"r":65,"type":"setColor","g":34,"time":265},{"color":3,"b":81,"angle":315,"type":"setColor","r":171,"g":83,"time":265},{"color":4,"b":172,"angle":330,"r":255,"type":"setColor","g":172,"time":265},{"color":0,"b":8,"angle":255,"r":45,"type":"setColor","g":8,"time":265},{"color":0,"b":0,"angle":300,"type":"setColor","r":0,"g":0,"time":293},{"angle":315,"type":"deco","id":"kagumei","hide":true,"time":293},{"color":4,"b":249,"angle":165,"type":"setColor","r":113,"g":181,"time":153},{"color":5,"b":251,"angle":150,"type":"setColor","r":185,"g":255,"time":153},{"color":5,"b":249,"angle":165,"type":"setColor","r":113,"g":181,"time":154},{"color":4,"b":251,"angle":150,"type":"setColor","r":185,"g":255,"time":154},{"color":4,"b":249,"angle":165,"type":"setColor","r":113,"g":181,"time":155},{"color":5,"b":251,"angle":150,"type":"setColor","r":185,"g":255,"time":155},{"color":5,"b":249,"angle":165,"type":"setColor","r":113,"g":181,"time":156},{"color":4,"b":251,"angle":150,"type":"setColor","r":185,"g":255,"time":156},{"color":4,"b":249,"angle":165,"type":"setColor","r":113,"g":181,"time":157},{"color":5,"b":251,"angle":150,"type":"setColor","r":185,"g":255,"time":157},{"color":5,"b":249,"angle":165,"type":"setColor","r":113,"g":181,"time":158},{"color":4,"b":251,"angle":150,"type":"setColor","r":185,"g":255,"time":158},{"color":4,"b":249,"angle":165,"type":"setColor","r":113,"g":181,"time":159},{"color":5,"b":251,"angle":150,"type":"setColor","r":185,"g":255,"time":159},{"color":5,"b":249,"angle":165,"type":"setColor","r":113,"g":181,"time":160},{"color":4,"b":251,"angle":150,"type":"setColor","r":185,"g":255,"time":160},{"color":4,"b":249,"angle":165,"type":"setColor","r":113,"g":181,"time":161},{"color":5,"b":251,"angle":150,"type":"setColor","r":185,"g":255,"time":161},{"color":5,"b":249,"angle":165,"type":"setColor","r":113,"g":181,"time":162},{"color":4,"b":251,"angle":150,"type":"setColor","r":185,"g":255,"time":162},{"color":4,"b":249,"angle":165,"type":"setColor","r":113,"g":181,"time":163},{"color":5,"b":251,"angle":150,"type":"setColor","r":185,"g":255,"time":163},{"color":5,"b":249,"angle":165,"type":"setColor","r":113,"g":181,"time":164},{"color":4,"b":251,"angle":150,"type":"setColor","r":185,"g":255,"time":164},{"angle":330,"type":"deco","id":"press1","hide":true,"time":165},{"angle":315,"type":"deco","id":"press2","hide":true,"time":165},{"angle":300,"type":"deco","id":"press3","hide":true,"time":165},{"angle":285,"type":"deco","id":"press4","hide":true,"time":165},{"angle":390,"type":"deco","id":"pressend1","hide":true,"time":165},{"angle":375,"type":"deco","id":"pressend2","hide":true,"time":165},{"angle":360,"type":"deco","id":"pressend3","hide":true,"time":165},{"angle":345,"type":"deco","id":"pressend4","hide":true,"time":165},{"angle":405,"type":"deco","id":"X","hide":true,"time":165},{"angle":270,"type":"forcePlayerSprite","spriteName":"none","time":165},{"angle":255,"type":"deco","id":"screen","hide":true,"time":165},{"color":4,"b":249,"angle":165,"type":"setColor","r":113,"g":181,"time":313},{"color":5,"b":251,"angle":150,"type":"setColor","r":185,"g":255,"time":313},{"color":5,"b":249,"angle":165,"type":"setColor","r":113,"g":181,"time":314},{"color":4,"b":251,"angle":150,"type":"setColor","r":185,"g":255,"time":314},{"color":4,"b":249,"angle":165,"type":"setColor","r":113,"g":181,"time":315},{"color":5,"b":251,"angle":150,"type":"setColor","r":185,"g":255,"time":315},{"color":5,"b":249,"angle":165,"type":"setColor","r":113,"g":181,"time":316},{"color":4,"b":251,"angle":150,"type":"setColor","r":185,"g":255,"time":316},{"color":4,"b":249,"angle":165,"type":"setColor","r":113,"g":181,"time":317},{"color":5,"b":251,"angle":150,"type":"setColor","r":185,"g":255,"time":317},{"color":5,"b":249,"angle":165,"type":"setColor","r":113,"g":181,"time":318},{"color":4,"b":251,"angle":150,"type":"setColor","r":185,"g":255,"time":318},{"color":4,"b":249,"angle":165,"type":"setColor","r":113,"g":181,"time":319},{"color":5,"b":251,"angle":150,"type":"setColor","r":185,"g":255,"time":319},{"color":5,"b":249,"angle":165,"type":"setColor","r":113,"g":181,"time":320},{"color":4,"b":251,"angle":150,"type":"setColor","r":185,"g":255,"time":320},{"color":4,"b":249,"angle":165,"type":"setColor","r":113,"g":181,"time":321},{"color":5,"b":251,"angle":150,"type":"setColor","r":185,"g":255,"time":321},{"color":5,"b":249,"angle":165,"type":"setColor","r":113,"g":181,"time":322},{"color":4,"b":251,"angle":150,"type":"setColor","r":185,"g":255,"time":322},{"color":4,"b":249,"angle":165,"type":"setColor","r":113,"g":181,"time":323},{"color":5,"b":251,"angle":150,"type":"setColor","r":185,"g":255,"time":323},{"color":5,"b":249,"angle":165,"type":"setColor","r":113,"g":181,"time":324},{"color":4,"b":251,"angle":150,"type":"setColor","r":185,"g":255,"time":324},{"angle":210,"hide":true,"type":"deco","id":"press1","drawLayer":"bg","time":325},{"angle":195,"hide":true,"type":"deco","id":"press2","drawLayer":"bg","time":325},{"angle":180,"hide":true,"type":"deco","id":"press3","drawLayer":"bg","time":325},{"angle":165,"hide":true,"type":"deco","id":"press4","drawLayer":"bg","time":325},{"angle":270,"hide":true,"type":"deco","id":"pressend1","drawLayer":"bg","time":325},{"angle":255,"hide":true,"type":"deco","id":"pressend2","drawLayer":"bg","time":325},{"angle":240,"hide":true,"type":"deco","id":"pressend3","drawLayer":"bg","time":325},{"angle":225,"hide":true,"type":"deco","id":"pressend4","drawLayer":"bg","time":325},{"angle":150,"hide":true,"type":"deco","id":"screen","drawLayer":"bg","time":325},{"angle":285,"type":"deco","id":"X","hide":true,"time":325},{"angle":390,"hide":true,"type":"deco","id":"press8","drawLayer":"bg","time":325},{"angle":375,"hide":true,"type":"deco","id":"press7","drawLayer":"bg","time":325},{"angle":360,"hide":true,"type":"deco","id":"press6","drawLayer":"bg","time":325},{"angle":345,"hide":true,"type":"deco","id":"press5","drawLayer":"bg","time":325},{"angle":450,"hide":true,"type":"deco","id":"pressend8","drawLayer":"bg","time":325},{"angle":435,"hide":true,"type":"deco","id":"pressend7","drawLayer":"bg","time":325},{"angle":420,"hide":true,"type":"deco","id":"pressend6","drawLayer":"bg","time":325},{"angle":405,"hide":true,"type":"deco","id":"pressend5","drawLayer":"bg","time":325},{"angle":105,"type":"deco","id":"c4","hide":true,"time":325},{"angle":300,"type":"forcePlayerSprite","spriteName":"none","time":325},{"color":0,"b":0,"angle":315,"type":"setColor","r":0,"g":0,"time":325},{"newWidth":360,"ease":"inCirc","angle":90,"type":"paddles","duration":1,"paddle":1,"time":312},{"newWidth":70,"ease":"outCirc","angle":135,"type":"paddles","duration":2,"paddle":1,"time":313},{"value":0.75000023841858,"angle":135,"type":"ease","var":"scrollSpeed","time":325},{"value":1,"angle":90,"type":"ease","var":"scrollSpeed","time":329},{"value":1.2999997138977,"angle":45,"type":"ease","var":"scrollSpeed","time":329},{"duration":1,"var":"vfx.canvPos.sx","angle":315,"type":"ease","ease":"outSine","value":1.0999999046326,"time":329},{"duration":1,"var":"vfx.canvPos.sy","angle":-30,"type":"ease","ease":"outSine","value":1.0999999046326,"time":329},{"repeats":8,"repeatDelay":6,"var":"vfx.canvPos.r","type":"ease","duration":2,"value":5,"angle":-15,"ease":"outSine","time":329},{"repeats":6,"repeatDelay":8,"var":"p.x","type":"ease","duration":4,"value":260,"angle":-45,"ease":"inOutSine","time":331},{"repeats":6,"repeatDelay":8,"var":"p.y","type":"ease","duration":4,"value":140,"angle":300,"ease":"inOutSine","time":333},{"repeats":6,"repeatDelay":8,"var":"p.x","type":"ease","duration":4,"value":340,"angle":-45,"ease":"inOutSine","time":335},{"repeats":6,"repeatDelay":8,"var":"p.y","type":"ease","duration":4,"value":220,"angle":300,"ease":"inOutSine","time":337},{"repeats":16,"repeatDelay":4,"var":"vfx.canvPos.r","type":"ease","duration":2,"value":0,"angle":-15,"ease":"inSine","time":331},{"repeats":8,"repeatDelay":6,"var":"vfx.canvPos.r","type":"ease","duration":2,"value":-5,"angle":-15,"ease":"outSine","time":333},{"color":0,"r":0,"b":211,"duration":1,"angle":240,"type":"setColor","order":1,"g":255,"time":329},{"color":1,"b":29,"angle":255,"type":"setColor","r":0,"g":15,"time":329},{"angle":105,"type":"forcePlayerSprite","spriteName":"","time":329},{"color":0,"b":255,"angle":270,"type":"setColor","r":255,"g":255,"time":329},{"duration":62,"angle":285,"hide":false,"r":0,"id":"rays","type":"deco","time":329},{"angle":330,"type":"tag","tag":"circstart","angleOffset":false,"time":328.5},{"duration":1,"var":"p.x","angle":360,"type":"ease","ease":"outSine","value":300,"time":389},{"duration":1,"var":"p.y","angle":15,"type":"ease","ease":"outSine","value":180,"time":389},{"duration":1,"var":"vfx.canvPos.sx","angle":345,"type":"ease","ease":"outSine","value":1,"time":389},{"duration":1,"var":"vfx.canvPos.r","angle":30,"type":"ease","ease":"outSine","value":0,"time":389},{"duration":1,"var":"vfx.canvPos.sy","angle":330,"type":"ease","ease":"outSine","value":1,"time":389},{"color":1,"b":255,"angle":285,"type":"setColor","r":255,"g":255,"time":389},{"color":0,"b":0,"angle":300,"type":"setColor","r":0,"g":0,"time":389},{"angle":270,"type":"forcePlayerSprite","spriteName":"none","time":389},{"angle":45,"type":"deco","id":"rays","hide":true,"time":389},{"ox":11.5,"oy":3,"type":"deco","id":"r1","y":400,"sprite":"r1.png","angle":270,"sy":8,"sx":8,"time":390.75},{"angle":270,"type":"deco","id":"r1","time":391,"y":260},{"angle":270,"type":"deco","id":"r1","time":393,"y":400},{"ox":11.5,"oy":3,"type":"deco","id":"rX","y":260,"sprite":"rX.png","x":484,"angle":285,"sy":8,"sx":8,"time":391.25},{"ox":11.5,"oy":3,"type":"deco","id":"rX2","y":180,"sprite":"rX.png","x":-68,"angle":300,"sy":8,"sx":8,"time":391.5},{"ox":11.5,"oy":3,"type":"deco","id":"rX3","y":180,"sprite":"rX.png","x":116,"angle":315,"sy":8,"sx":8,"time":391.75},{"ox":11.5,"oy":3,"type":"deco","id":"rX4","y":180,"sprite":"rX.png","angle":330,"sy":8,"sx":8,"time":392},{"ox":11.5,"oy":3,"type":"deco","id":"rX5","y":180,"sprite":"rX.png","x":484,"angle":345,"sy":8,"sx":8,"time":392.25},{"ox":11.5,"oy":3,"type":"deco","id":"rX6","y":100,"sprite":"rX.png","x":-68,"angle":360,"sy":8,"sx":8,"time":392.5},{"ox":11.5,"oy":3,"type":"deco","id":"rX7","y":100,"sprite":"rX.png","x":116,"angle":375,"sy":8,"sx":8,"time":392.75},{"angle":285,"type":"deco","id":"rX","hide":true,"time":393},{"angle":300,"type":"deco","id":"rX2","hide":true,"time":393},{"angle":315,"type":"deco","id":"rX3","hide":true,"time":393},{"angle":330,"type":"deco","id":"rX4","hide":true,"time":393},{"angle":345,"type":"deco","id":"rX5","hide":true,"time":393},{"angle":0,"type":"deco","id":"rX6","hide":true,"time":393},{"angle":375,"type":"deco","id":"rX7","hide":true,"time":393},{"newWidth":360,"ease":"inCirc","angle":135,"type":"paddles","duration":1,"paddle":1,"time":152},{"newWidth":70,"ease":"outCirc","angle":135,"type":"paddles","duration":4,"paddle":1,"time":153},{"ox":300,"oy":180,"type":"deco","id":"boukken","sx":2,"sprite":"boukken.png","angle":90,"sy":2,"time":392.75},{"ease":"outSine","type":"deco","id":"boukken","sx":1,"duration":1,"angle":90,"sy":1,"time":393},{"color":0,"b":255,"angle":75,"r":255,"type":"setColor","g":255,"time":393},{"color":0,"r":176,"b":255,"duration":1,"angle":60,"type":"setColor","order":1,"g":243,"time":393},{"color":3,"b":32,"angle":105,"type":"setColor","r":58,"g":45,"time":393},{"color":2,"b":94,"angle":120,"r":177,"type":"setColor","g":149,"time":393},{"color":4,"b":61,"angle":135,"type":"setColor","r":144,"g":98,"time":393},{"color":1,"b":75,"angle":150,"r":4,"type":"setColor","g":34,"time":393},{"ox":300,"oy":180,"type":"deco","id":"mounts","drawLayer":"bg","sprite":"mounts.png","angle":255,"time":393},{"angle":270,"type":"deco","id":"boukken","hide":true,"time":421},{"angle":255,"type":"deco","id":"mounts","hide":true,"time":421},{"color":0,"b":255,"angle":240,"r":255,"type":"setColor","g":255,"time":421},{"color":1,"b":211,"angle":225,"type":"setColor","r":0,"g":255,"time":421},{"sy":1,"sx":1,"hide":false,"type":"deco","id":"kyougen","angle":90,"time":425},{"color":5,"b":47,"angle":105,"r":125,"type":"setColor","g":80,"time":425},{"color":7,"b":32,"angle":120,"type":"setColor","r":108,"g":54,"time":425},{"color":6,"b":14,"angle":135,"type":"setColor","r":41,"g":21,"time":425},{"color":2,"b":186,"angle":150,"type":"setColor","r":255,"g":215,"time":425},{"angle":75,"type":"deco","id":"hatsumei","hide":false,"time":426},{"color":2,"b":24,"angle":105,"r":113,"type":"setColor","g":35,"time":426},{"color":3,"b":28,"angle":120,"r":34,"type":"setColor","g":30,"time":426},{"color":4,"b":13,"angle":135,"r":16,"type":"setColor","g":13,"time":426},{"color":7,"b":255,"angle":150,"type":"setColor","r":255,"g":255,"time":426},{"angle":90,"type":"deco","id":"kyougen","hide":true,"time":426},{"color":0,"b":211,"angle":225,"r":0,"type":"setColor","g":255,"time":425},{"angle":60,"type":"deco","id":"kyuu","hide":false,"time":427},{"color":2,"b":185,"angle":495,"type":"setColor","r":255,"g":249,"time":427},{"color":3,"b":145,"angle":480,"type":"setColor","r":255,"g":214,"time":427},{"color":4,"b":32,"angle":465,"r":130,"type":"setColor","g":89,"time":427},{"angle":75,"type":"deco","id":"hatsumei","hide":true,"time":427},{"angle":45,"type":"deco","id":"kagumei","hide":false,"time":428},{"color":2,"b":29,"angle":465,"r":65,"type":"setColor","g":34,"time":428},{"color":3,"b":81,"angle":480,"r":171,"type":"setColor","g":83,"time":428},{"color":4,"b":172,"angle":495,"r":255,"type":"setColor","g":172,"time":428},{"angle":60,"type":"deco","id":"kyuu","hide":true,"time":428},{"angle":30,"type":"deco","id":"boukken","hide":false,"time":429},{"color":3,"b":32,"angle":105,"r":58,"type":"setColor","g":45,"time":429},{"color":2,"b":94,"angle":120,"r":177,"type":"setColor","g":149,"time":429},{"color":4,"b":61,"angle":135,"r":144,"type":"setColor","g":98,"time":429},{"angle":45,"type":"deco","id":"kagumei","hide":true,"time":429},{"angle":30,"type":"deco","id":"boukken","hide":true,"time":430},{"sy":1,"sx":1,"hide":false,"type":"deco","id":"kyougen","angle":90,"time":430},{"color":5,"b":47,"angle":105,"type":"setColor","r":125,"g":80,"time":430},{"color":7,"b":32,"angle":120,"r":108,"type":"setColor","g":54,"time":430},{"color":6,"b":14,"angle":135,"r":41,"type":"setColor","g":21,"time":430},{"angle":75,"type":"deco","id":"hatsumei","hide":false,"time":431},{"color":2,"b":24,"angle":105,"type":"setColor","r":113,"g":35,"time":431},{"color":3,"b":28,"angle":120,"type":"setColor","r":34,"g":30,"time":431},{"color":4,"b":13,"angle":135,"r":16,"type":"setColor","g":13,"time":431},{"angle":90,"type":"deco","id":"kyougen","hide":true,"time":431},{"angle":60,"type":"deco","id":"kyuu","hide":false,"time":432},{"color":2,"b":185,"angle":495,"r":255,"type":"setColor","g":249,"time":432},{"color":3,"b":145,"angle":480,"r":255,"type":"setColor","g":214,"time":432},{"color":4,"b":32,"angle":465,"r":130,"type":"setColor","g":89,"time":432},{"angle":75,"type":"deco","id":"hatsumei","hide":true,"time":432},{"angle":45,"type":"deco","id":"kagumei","hide":false,"time":433},{"color":2,"b":29,"angle":465,"type":"setColor","r":65,"g":34,"time":433},{"color":3,"b":81,"angle":480,"r":171,"type":"setColor","g":83,"time":433},{"color":4,"b":172,"angle":495,"type":"setColor","r":255,"g":172,"time":433},{"angle":60,"type":"deco","id":"kyuu","hide":true,"time":433},{"angle":30,"type":"deco","id":"boukken","hide":false,"time":434},{"color":3,"b":32,"angle":105,"type":"setColor","r":58,"g":45,"time":434},{"color":2,"b":94,"angle":120,"r":177,"type":"setColor","g":149,"time":434},{"color":4,"b":61,"angle":135,"r":144,"type":"setColor","g":98,"time":434},{"angle":45,"type":"deco","id":"kagumei","hide":true,"time":434},{"angle":30,"type":"deco","id":"boukken","hide":true,"time":435},{"sy":1,"sx":1,"hide":false,"type":"deco","id":"kyougen","angle":90,"time":435},{"color":5,"b":47,"angle":105,"type":"setColor","r":125,"g":80,"time":435},{"color":7,"b":32,"angle":120,"r":108,"type":"setColor","g":54,"time":435},{"color":6,"b":14,"angle":135,"r":41,"type":"setColor","g":21,"time":435},{"color":2,"b":186,"angle":150,"r":255,"type":"setColor","g":215,"time":435},{"angle":75,"type":"deco","id":"hatsumei","hide":false,"time":436},{"color":2,"b":24,"angle":105,"type":"setColor","r":113,"g":35,"time":436},{"color":3,"b":28,"angle":120,"type":"setColor","r":34,"g":30,"time":436},{"color":4,"b":13,"angle":135,"r":16,"type":"setColor","g":13,"time":436},{"angle":90,"type":"deco","id":"kyougen","hide":true,"time":436},{"angle":60,"type":"deco","id":"kyuu","hide":false,"time":437},{"color":2,"b":185,"angle":495,"r":255,"type":"setColor","g":249,"time":437},{"color":3,"b":145,"angle":480,"r":255,"type":"setColor","g":214,"time":437},{"color":4,"b":32,"angle":465,"r":130,"type":"setColor","g":89,"time":437},{"angle":75,"type":"deco","id":"hatsumei","hide":true,"time":437},{"angle":45,"type":"deco","id":"kagumei","hide":false,"time":438},{"color":2,"b":29,"angle":465,"type":"setColor","r":65,"g":34,"time":438},{"color":3,"b":81,"angle":480,"r":171,"type":"setColor","g":83,"time":438},{"color":4,"b":172,"angle":495,"type":"setColor","r":255,"g":172,"time":438},{"angle":60,"type":"deco","id":"kyuu","hide":true,"time":438},{"angle":30,"type":"deco","id":"boukken","hide":false,"time":439},{"color":3,"b":32,"angle":105,"type":"setColor","r":58,"g":45,"time":439},{"color":2,"b":94,"angle":120,"r":177,"type":"setColor","g":149,"time":439},{"color":4,"b":61,"angle":135,"r":144,"type":"setColor","g":98,"time":439},{"angle":45,"type":"deco","id":"kagumei","hide":true,"time":439},{"angle":30,"type":"deco","id":"boukken","hide":true,"time":440},{"sy":1,"sx":1,"hide":false,"type":"deco","id":"kyougen","angle":90,"time":440},{"color":5,"b":47,"angle":105,"type":"setColor","r":125,"g":80,"time":440},{"color":7,"b":32,"angle":120,"r":108,"type":"setColor","g":54,"time":440},{"color":6,"b":14,"angle":135,"r":41,"type":"setColor","g":21,"time":440},{"color":2,"b":186,"angle":150,"r":255,"type":"setColor","g":215,"time":440},{"angle":75,"type":"deco","id":"hatsumei","hide":false,"time":441},{"color":2,"b":24,"angle":105,"type":"setColor","r":113,"g":35,"time":441},{"color":3,"b":28,"angle":120,"type":"setColor","r":34,"g":30,"time":441},{"color":4,"b":13,"angle":135,"r":16,"type":"setColor","g":13,"time":441},{"angle":90,"type":"deco","id":"kyougen","hide":true,"time":441},{"angle":60,"type":"deco","id":"kyuu","hide":false,"time":442},{"color":2,"b":185,"angle":495,"r":255,"type":"setColor","g":249,"time":442},{"color":3,"b":145,"angle":480,"r":255,"type":"setColor","g":214,"time":442},{"color":4,"b":32,"angle":465,"r":130,"type":"setColor","g":89,"time":442},{"angle":75,"type":"deco","id":"hatsumei","hide":true,"time":442},{"angle":45,"type":"deco","id":"kagumei","hide":false,"time":443},{"color":2,"b":29,"angle":465,"type":"setColor","r":65,"g":34,"time":443},{"color":3,"b":81,"angle":480,"r":171,"type":"setColor","g":83,"time":443},{"color":4,"b":172,"angle":495,"type":"setColor","r":255,"g":172,"time":443},{"angle":60,"type":"deco","id":"kyuu","hide":true,"time":443},{"angle":30,"type":"deco","id":"boukken","hide":false,"time":444},{"color":3,"b":32,"angle":105,"type":"setColor","r":58,"g":45,"time":444},{"color":2,"b":94,"angle":120,"r":177,"type":"setColor","g":149,"time":444},{"color":4,"b":61,"angle":135,"r":144,"type":"setColor","g":98,"time":444},{"angle":45,"type":"deco","id":"kagumei","hide":true,"time":444},{"angle":30,"type":"deco","id":"boukken","hide":true,"time":445},{"sy":1,"sx":1,"hide":false,"type":"deco","id":"kyougen","angle":90,"time":445},{"color":5,"b":47,"angle":105,"type":"setColor","r":125,"g":80,"time":445},{"color":7,"b":32,"angle":120,"r":108,"type":"setColor","g":54,"time":445},{"color":6,"b":14,"angle":135,"r":41,"type":"setColor","g":21,"time":445},{"color":2,"b":186,"angle":150,"r":255,"type":"setColor","g":215,"time":445},{"angle":75,"type":"deco","id":"hatsumei","hide":false,"time":446},{"color":2,"b":24,"angle":105,"type":"setColor","r":113,"g":35,"time":446},{"color":3,"b":28,"angle":120,"type":"setColor","r":34,"g":30,"time":446},{"color":4,"b":13,"angle":135,"r":16,"type":"setColor","g":13,"time":446},{"angle":90,"type":"deco","id":"kyougen","hide":true,"time":446},{"angle":60,"type":"deco","id":"kyuu","hide":false,"time":447},{"color":2,"b":185,"angle":495,"r":255,"type":"setColor","g":249,"time":447},{"color":3,"b":145,"angle":480,"r":255,"type":"setColor","g":214,"time":447},{"color":4,"b":32,"angle":465,"r":130,"type":"setColor","g":89,"time":447},{"angle":75,"type":"deco","id":"hatsumei","hide":true,"time":447},{"angle":45,"type":"deco","id":"kagumei","hide":false,"time":448},{"color":2,"b":29,"angle":465,"type":"setColor","r":65,"g":34,"time":448},{"color":3,"b":81,"angle":480,"r":171,"type":"setColor","g":83,"time":448},{"color":4,"b":172,"angle":495,"type":"setColor","r":255,"g":172,"time":448},{"angle":60,"type":"deco","id":"kyuu","hide":true,"time":448},{"angle":30,"type":"deco","id":"boukken","hide":false,"time":449},{"color":3,"b":32,"angle":105,"type":"setColor","r":58,"g":45,"time":449},{"color":2,"b":94,"angle":120,"r":177,"type":"setColor","g":149,"time":449},{"color":4,"b":61,"angle":135,"r":144,"type":"setColor","g":98,"time":449},{"angle":45,"type":"deco","id":"kagumei","hide":true,"time":449},{"angle":30,"type":"deco","id":"boukken","hide":true,"time":450},{"sy":1,"sx":1,"hide":false,"type":"deco","id":"kyougen","angle":90,"time":450},{"color":5,"b":47,"angle":105,"type":"setColor","r":125,"g":80,"time":450},{"color":7,"b":32,"angle":120,"r":108,"type":"setColor","g":54,"time":450},{"color":6,"b":14,"angle":135,"r":41,"type":"setColor","g":21,"time":450},{"color":2,"b":186,"angle":150,"r":255,"type":"setColor","g":215,"time":450},{"angle":75,"type":"deco","id":"hatsumei","hide":false,"time":451},{"color":2,"b":24,"angle":105,"type":"setColor","r":113,"g":35,"time":451},{"color":3,"b":28,"angle":120,"type":"setColor","r":34,"g":30,"time":451},{"color":4,"b":13,"angle":135,"r":16,"type":"setColor","g":13,"time":451},{"angle":90,"type":"deco","id":"kyougen","hide":true,"time":451},{"angle":60,"type":"deco","id":"kyuu","hide":false,"time":452},{"color":2,"b":185,"angle":495,"r":255,"type":"setColor","g":249,"time":452},{"color":3,"b":145,"angle":480,"r":255,"type":"setColor","g":214,"time":452},{"color":4,"b":32,"angle":465,"r":130,"type":"setColor","g":89,"time":452},{"angle":75,"type":"deco","id":"hatsumei","hide":true,"time":452},{"angle":45,"type":"deco","id":"kagumei","hide":false,"time":453},{"color":2,"b":29,"angle":465,"type":"setColor","r":65,"g":34,"time":453},{"color":3,"b":81,"angle":480,"r":171,"type":"setColor","g":83,"time":453},{"color":4,"b":172,"angle":495,"type":"setColor","r":255,"g":172,"time":453},{"angle":60,"type":"deco","id":"kyuu","hide":true,"time":453},{"angle":30,"type":"deco","id":"boukken","hide":false,"time":454},{"color":3,"b":32,"angle":105,"type":"setColor","r":58,"g":45,"time":454},{"color":2,"b":94,"angle":120,"r":177,"type":"setColor","g":149,"time":454},{"color":4,"b":61,"angle":135,"r":144,"type":"setColor","g":98,"time":454},{"angle":45,"type":"deco","id":"kagumei","hide":true,"time":454},{"angle":30,"type":"deco","id":"boukken","hide":true,"time":455},{"sy":1,"time":455,"hide":false,"type":"deco","id":"kyougen","angle":90,"sx":1},{"color":5,"b":47,"angle":105,"r":125,"type":"setColor","g":80,"time":455},{"color":7,"b":32,"angle":120,"r":108,"type":"setColor","g":54,"time":455},{"color":6,"b":14,"angle":135,"r":41,"type":"setColor","g":21,"time":455},{"color":2,"b":186,"angle":150,"r":255,"type":"setColor","g":215,"time":455},{"angle":75,"type":"deco","id":"hatsumei","hide":false,"time":456},{"color":2,"b":24,"angle":105,"r":113,"type":"setColor","g":35,"time":456},{"color":3,"b":28,"angle":120,"r":34,"type":"setColor","g":30,"time":456},{"color":4,"b":13,"angle":135,"r":16,"type":"setColor","g":13,"time":456},{"angle":90,"type":"deco","id":"kyougen","hide":true,"time":456},{"duration":4,"var":"p.y","angle":360,"type":"ease","ease":"inOutSine","value":220,"time":425},{"duration":2,"var":"p.x","angle":345,"type":"ease","ease":"inOutSine","value":260,"time":425},{"repeats":6,"repeatDelay":8,"var":"p.x","type":"ease","duration":4,"value":340,"angle":345,"ease":"inOutSine","time":427},{"repeats":6,"repeatDelay":8,"var":"p.y","type":"ease","duration":4,"value":140,"angle":360,"ease":"inOutSine","time":429},{"repeats":6,"repeatDelay":8,"var":"p.y","type":"ease","duration":4,"value":220,"angle":360,"ease":"inOutSine","time":433},{"repeats":6,"repeatDelay":8,"var":"p.x","type":"ease","duration":4,"value":260,"angle":345,"ease":"inOutSine","time":431},{"var":"vfx.canvPos.sx","angle":315,"type":"ease","value":1.1000000238419,"time":425},{"var":"vfx.canvPos.sy","angle":300,"type":"ease","value":1.1000000238419,"time":425},{"repeats":10,"repeatDelay":6,"var":"vfx.canvPos.r","type":"ease","duration":2,"value":5,"angle":-180,"ease":"outSine","time":425},{"repeats":21,"repeatDelay":3,"var":"vfx.canvPos.r","type":"ease","duration":2,"value":0,"angle":-180,"ease":"inSine","time":427},{"repeats":10,"repeatDelay":6,"var":"vfx.canvPos.r","type":"ease","duration":2,"value":-5,"angle":-180,"ease":"outSine","time":429},{"sy":1,"sx":1,"hide":false,"type":"deco","id":"kyougen","angle":90,"time":457},{"color":5,"b":47,"angle":105,"type":"setColor","r":125,"g":80,"time":457},{"color":7,"b":32,"angle":120,"r":108,"type":"setColor","g":54,"time":457},{"color":6,"b":14,"angle":135,"r":41,"type":"setColor","g":21,"time":457},{"color":2,"b":186,"angle":150,"r":255,"type":"setColor","g":215,"time":457},{"angle":75,"type":"deco","id":"hatsumei","hide":false,"time":458},{"color":2,"b":24,"angle":105,"type":"setColor","r":113,"g":35,"time":458},{"color":3,"b":28,"angle":120,"type":"setColor","r":34,"g":30,"time":458},{"color":4,"b":13,"angle":135,"r":16,"type":"setColor","g":13,"time":458},{"angle":90,"type":"deco","id":"kyougen","hide":true,"time":458},{"angle":60,"type":"deco","id":"kyuu","hide":false,"time":459},{"color":2,"b":185,"angle":495,"r":255,"type":"setColor","g":249,"time":459},{"color":3,"b":145,"angle":480,"r":255,"type":"setColor","g":214,"time":459},{"color":4,"b":32,"angle":465,"r":130,"type":"setColor","g":89,"time":459},{"angle":75,"type":"deco","id":"hatsumei","hide":true,"time":459},{"angle":45,"type":"deco","id":"kagumei","hide":false,"time":460},{"color":2,"b":29,"angle":465,"type":"setColor","r":65,"g":34,"time":460},{"color":3,"b":81,"angle":480,"r":171,"type":"setColor","g":83,"time":460},{"color":4,"b":172,"angle":495,"r":255,"type":"setColor","g":172,"time":460},{"angle":60,"type":"deco","id":"kyuu","hide":true,"time":460},{"angle":30,"type":"deco","id":"boukken","hide":false,"time":461},{"color":3,"b":32,"angle":105,"type":"setColor","r":58,"g":45,"time":461},{"color":2,"b":94,"angle":120,"r":177,"type":"setColor","g":149,"time":461},{"color":4,"b":61,"angle":135,"r":144,"type":"setColor","g":98,"time":461},{"angle":45,"type":"deco","id":"kagumei","hide":true,"time":461},{"angle":30,"type":"deco","id":"boukken","hide":true,"time":462},{"sy":1,"sx":1,"hide":false,"type":"deco","id":"kyougen","angle":90,"time":462},{"color":5,"b":47,"angle":105,"r":125,"type":"setColor","g":80,"time":462},{"color":7,"b":32,"angle":120,"type":"setColor","r":108,"g":54,"time":462},{"color":6,"b":14,"angle":135,"type":"setColor","r":41,"g":21,"time":462},{"color":2,"b":186,"angle":150,"type":"setColor","r":255,"g":215,"time":462},{"angle":75,"type":"deco","id":"hatsumei","hide":false,"time":463},{"color":2,"b":24,"angle":105,"r":113,"type":"setColor","g":35,"time":463},{"color":3,"b":28,"angle":120,"r":34,"type":"setColor","g":30,"time":463},{"color":4,"b":13,"angle":135,"type":"setColor","r":16,"g":13,"time":463},{"angle":90,"type":"deco","id":"kyougen","hide":true,"time":463},{"angle":60,"type":"deco","id":"kyuu","hide":false,"time":464},{"color":2,"b":185,"angle":495,"r":255,"type":"setColor","g":249,"time":464},{"color":3,"b":145,"angle":480,"type":"setColor","r":255,"g":214,"time":464},{"color":4,"b":32,"angle":465,"type":"setColor","r":130,"g":89,"time":464},{"angle":75,"type":"deco","id":"hatsumei","hide":true,"time":464},{"angle":45,"type":"deco","id":"kagumei","hide":false,"time":465},{"color":2,"b":29,"angle":465,"r":65,"type":"setColor","g":34,"time":465},{"color":3,"b":81,"angle":480,"type":"setColor","r":171,"g":83,"time":465},{"color":4,"b":172,"angle":495,"r":255,"type":"setColor","g":172,"time":465},{"angle":60,"type":"deco","id":"kyuu","hide":true,"time":465},{"angle":30,"type":"deco","id":"boukken","hide":false,"time":466},{"color":3,"b":32,"angle":105,"r":58,"type":"setColor","g":45,"time":466},{"color":2,"b":94,"angle":120,"type":"setColor","r":177,"g":149,"time":466},{"color":4,"b":61,"angle":135,"type":"setColor","r":144,"g":98,"time":466},{"angle":45,"type":"deco","id":"kagumei","hide":true,"time":466},{"angle":30,"type":"deco","id":"boukken","hide":true,"time":467},{"sy":1,"sx":1,"hide":false,"type":"deco","id":"kyougen","angle":90,"time":467},{"color":5,"b":47,"angle":105,"r":125,"type":"setColor","g":80,"time":467},{"color":7,"b":32,"angle":120,"type":"setColor","r":108,"g":54,"time":467},{"color":6,"b":14,"angle":135,"type":"setColor","r":41,"g":21,"time":467},{"color":2,"b":186,"angle":150,"type":"setColor","r":255,"g":215,"time":467},{"angle":75,"type":"deco","id":"hatsumei","hide":false,"time":468},{"color":2,"b":24,"angle":105,"r":113,"type":"setColor","g":35,"time":468},{"color":3,"b":28,"angle":120,"r":34,"type":"setColor","g":30,"time":468},{"color":4,"b":13,"angle":135,"type":"setColor","r":16,"g":13,"time":468},{"angle":90,"type":"deco","id":"kyougen","hide":true,"time":468},{"angle":60,"type":"deco","id":"kyuu","hide":false,"time":469},{"color":2,"b":185,"angle":495,"r":255,"type":"setColor","g":249,"time":469},{"color":3,"b":145,"angle":480,"type":"setColor","r":255,"g":214,"time":469},{"color":4,"b":32,"angle":465,"type":"setColor","r":130,"g":89,"time":469},{"angle":75,"type":"deco","id":"hatsumei","hide":true,"time":469},{"angle":45,"type":"deco","id":"kagumei","hide":false,"time":470},{"color":2,"b":29,"angle":465,"r":65,"type":"setColor","g":34,"time":470},{"color":3,"b":81,"angle":480,"type":"setColor","r":171,"g":83,"time":470},{"color":4,"b":172,"angle":495,"r":255,"type":"setColor","g":172,"time":470},{"angle":60,"type":"deco","id":"kyuu","hide":true,"time":470},{"angle":30,"type":"deco","id":"boukken","hide":false,"time":471},{"color":3,"b":32,"angle":105,"r":58,"type":"setColor","g":45,"time":471},{"color":2,"b":94,"angle":120,"type":"setColor","r":177,"g":149,"time":471},{"color":4,"b":61,"angle":135,"type":"setColor","r":144,"g":98,"time":471},{"angle":45,"type":"deco","id":"kagumei","hide":true,"time":471},{"angle":30,"type":"deco","id":"boukken","hide":true,"time":472},{"sy":1,"sx":1,"hide":false,"type":"deco","id":"kyougen","angle":90,"time":472},{"color":5,"b":47,"angle":105,"r":125,"type":"setColor","g":80,"time":472},{"color":7,"b":32,"angle":120,"type":"setColor","r":108,"g":54,"time":472},{"color":6,"b":14,"angle":135,"type":"setColor","r":41,"g":21,"time":472},{"color":2,"b":186,"angle":150,"type":"setColor","r":255,"g":215,"time":472},{"angle":75,"type":"deco","id":"hatsumei","hide":false,"time":473},{"color":2,"b":24,"angle":105,"r":113,"type":"setColor","g":35,"time":473},{"color":3,"b":28,"angle":120,"r":34,"type":"setColor","g":30,"time":473},{"color":4,"b":13,"angle":135,"type":"setColor","r":16,"g":13,"time":473},{"angle":90,"type":"deco","id":"kyougen","hide":true,"time":473},{"angle":60,"type":"deco","id":"kyuu","hide":false,"time":474},{"color":2,"b":185,"angle":495,"r":255,"type":"setColor","g":249,"time":474},{"color":3,"b":145,"angle":480,"type":"setColor","r":255,"g":214,"time":474},{"color":4,"b":32,"angle":465,"type":"setColor","r":130,"g":89,"time":474},{"angle":75,"type":"deco","id":"hatsumei","hide":true,"time":474},{"angle":45,"type":"deco","id":"kagumei","hide":false,"time":475},{"color":2,"b":29,"angle":465,"r":65,"type":"setColor","g":34,"time":475},{"color":3,"b":81,"angle":480,"type":"setColor","r":171,"g":83,"time":475},{"color":4,"b":172,"angle":495,"r":255,"type":"setColor","g":172,"time":475},{"angle":60,"type":"deco","id":"kyuu","hide":true,"time":475},{"angle":30,"type":"deco","id":"boukken","hide":false,"time":476},{"color":3,"b":32,"angle":105,"r":58,"type":"setColor","g":45,"time":476},{"color":2,"b":94,"angle":120,"type":"setColor","r":177,"g":149,"time":476},{"color":4,"b":61,"angle":135,"type":"setColor","r":144,"g":98,"time":476},{"angle":45,"type":"deco","id":"kagumei","hide":true,"time":476},{"angle":30,"type":"deco","id":"boukken","hide":true,"time":477},{"sy":1,"sx":1,"hide":false,"type":"deco","id":"kyougen","angle":90,"time":477},{"color":5,"b":47,"angle":105,"r":125,"type":"setColor","g":80,"time":477},{"color":7,"b":32,"angle":120,"type":"setColor","r":108,"g":54,"time":477},{"color":6,"b":14,"angle":135,"type":"setColor","r":41,"g":21,"time":477},{"color":2,"b":186,"angle":150,"type":"setColor","r":255,"g":215,"time":477},{"angle":75,"type":"deco","id":"hatsumei","hide":false,"time":478},{"color":2,"b":24,"angle":105,"r":113,"type":"setColor","g":35,"time":478},{"color":3,"b":28,"angle":120,"r":34,"type":"setColor","g":30,"time":478},{"color":4,"b":13,"angle":135,"type":"setColor","r":16,"g":13,"time":478},{"angle":90,"type":"deco","id":"kyougen","hide":true,"time":478},{"angle":60,"type":"deco","id":"kyuu","hide":false,"time":479},{"color":2,"b":185,"angle":495,"r":255,"type":"setColor","g":249,"time":479},{"color":3,"b":145,"angle":480,"type":"setColor","r":255,"g":214,"time":479},{"color":4,"b":32,"angle":465,"type":"setColor","r":130,"g":89,"time":479},{"angle":75,"type":"deco","id":"hatsumei","hide":true,"time":479},{"angle":45,"type":"deco","id":"kagumei","hide":false,"time":480},{"color":2,"b":29,"angle":465,"r":65,"type":"setColor","g":34,"time":480},{"color":3,"b":81,"angle":480,"type":"setColor","r":171,"g":83,"time":480},{"color":4,"b":172,"angle":495,"r":255,"type":"setColor","g":172,"time":480},{"angle":60,"type":"deco","id":"kyuu","hide":true,"time":480},{"angle":30,"type":"deco","id":"boukken","hide":false,"time":481},{"color":3,"b":32,"angle":105,"r":58,"type":"setColor","g":45,"time":481},{"color":2,"b":94,"angle":120,"type":"setColor","r":177,"g":149,"time":481},{"color":4,"b":61,"angle":135,"type":"setColor","r":144,"g":98,"time":481},{"angle":45,"type":"deco","id":"kagumei","hide":true,"time":481},{"angle":30,"type":"deco","id":"boukken","hide":true,"time":482},{"sy":1,"sx":1,"hide":false,"type":"deco","id":"kyougen","angle":90,"time":482},{"color":5,"b":47,"angle":105,"r":125,"type":"setColor","g":80,"time":482},{"color":7,"b":32,"angle":120,"type":"setColor","r":108,"g":54,"time":482},{"color":6,"b":14,"angle":135,"type":"setColor","r":41,"g":21,"time":482},{"color":2,"b":186,"angle":150,"type":"setColor","r":255,"g":215,"time":482},{"angle":75,"type":"deco","id":"hatsumei","hide":false,"time":483},{"color":2,"b":24,"angle":105,"r":113,"type":"setColor","g":35,"time":483},{"color":3,"b":28,"angle":120,"r":34,"type":"setColor","g":30,"time":483},{"color":4,"b":13,"angle":135,"type":"setColor","r":16,"g":13,"time":483},{"angle":90,"type":"deco","id":"kyougen","hide":true,"time":483},{"angle":60,"type":"deco","id":"kyuu","hide":false,"time":484},{"color":2,"b":185,"angle":495,"r":255,"type":"setColor","g":249,"time":484},{"color":3,"b":145,"angle":480,"type":"setColor","r":255,"g":214,"time":484},{"color":4,"b":32,"angle":465,"type":"setColor","r":130,"g":89,"time":484},{"angle":75,"type":"deco","id":"hatsumei","hide":true,"time":484},{"angle":45,"type":"deco","id":"kagumei","hide":false,"time":485},{"color":2,"b":29,"angle":465,"r":65,"type":"setColor","g":34,"time":485},{"color":3,"b":81,"angle":480,"type":"setColor","r":171,"g":83,"time":485},{"color":4,"b":172,"angle":495,"r":255,"type":"setColor","g":172,"time":485},{"angle":60,"type":"deco","id":"kyuu","hide":true,"time":485},{"angle":30,"type":"deco","id":"boukken","hide":false,"time":486},{"color":3,"b":32,"angle":105,"r":58,"type":"setColor","g":45,"time":486},{"color":2,"b":94,"angle":120,"type":"setColor","r":177,"g":149,"time":486},{"color":4,"b":61,"angle":135,"type":"setColor","r":144,"g":98,"time":486},{"angle":45,"type":"deco","id":"kagumei","hide":true,"time":486},{"angle":30,"type":"deco","id":"boukken","hide":true,"time":487},{"sy":1,"time":487,"hide":false,"type":"deco","id":"kyougen","angle":90,"sx":1},{"color":5,"b":47,"angle":105,"type":"setColor","r":125,"g":80,"time":487},{"color":7,"b":32,"angle":120,"r":108,"type":"setColor","g":54,"time":487},{"color":6,"b":14,"angle":135,"r":41,"type":"setColor","g":21,"time":487},{"color":2,"b":186,"angle":150,"r":255,"type":"setColor","g":215,"time":487},{"angle":75,"type":"deco","id":"hatsumei","hide":false,"time":488},{"color":2,"b":24,"angle":105,"type":"setColor","r":113,"g":35,"time":488},{"color":3,"b":28,"angle":120,"type":"setColor","r":34,"g":30,"time":488},{"color":4,"b":13,"angle":135,"r":16,"type":"setColor","g":13,"time":488},{"angle":90,"type":"deco","id":"kyougen","hide":true,"time":488},{"color":0,"r":255,"duration":5,"angle":270,"type":"setColor","b":255,"g":255,"time":485},{"angle":75,"type":"deco","id":"hatsumei","hide":true,"time":489},{"angle":75,"type":"deco","id":"hatsumei","hide":true,"time":457},{"duration":1,"var":"p.x","angle":345,"type":"ease","ease":"outSine","value":300,"time":485},{"duration":1,"var":"p.y","angle":330,"type":"ease","ease":"outSine","value":180,"time":485},{"color":2,"b":255,"angle":30,"r":255,"type":"setColor","g":255,"time":489},{"color":1,"b":0,"angle":45,"r":0,"type":"setColor","g":0,"time":489},{"var":"p.outlineColor","angle":330,"type":"ease","value":2,"time":489},{"duration":4,"var":"scrollSpeed","angle":360,"type":"ease","ease":"outSine","value":5,"time":485},{"duration":1,"value":1,"angle":270,"type":"ease","ease":"outSine","var":"scrollSpeed","time":490},{"color":0,"b":211,"angle":285,"r":0,"type":"setColor","g":255,"time":493},{"color":1,"b":29,"angle":300,"r":0,"type":"setColor","g":15,"time":493},{"duration":1,"var":"vfx.canvPos.sx","angle":90,"type":"ease","ease":"outSine","value":1,"time":489},{"duration":1,"var":"vfx.canvPos.sy","angle":105,"type":"ease","ease":"outSine","value":1,"time":489},{"var":"p.outlineColor","angle":330,"type":"ease","value":1,"time":493},{"angle":315,"type":"forcePlayerSprite","spriteName":"","time":493},{"color":0,"b":211,"angle":285,"r":0,"type":"setColor","g":255,"time":524},{"color":1,"b":211,"angle":300,"r":0,"type":"setColor","g":255,"time":524},{"type":"showResults","angle":180,"time":525},{"color":7,"b":255,"angle":150,"type":"setColor","r":255,"g":255,"time":105},{"color":0,"type":"setColor","angle":30,"time":121},{"color":2,"b":186,"angle":150,"r":255,"type":"setColor","g":215,"time":431},{"color":7,"b":255,"angle":150,"type":"setColor","r":255,"g":255,"time":432},{"color":7,"b":255,"angle":150,"type":"setColor","r":255,"g":255,"time":436},{"color":7,"b":255,"angle":150,"type":"setColor","r":255,"g":255,"time":441},{"color":7,"b":255,"angle":150,"type":"setColor","r":255,"g":255,"time":446},{"color":7,"b":255,"angle":150,"type":"setColor","r":255,"g":255,"time":451},{"color":7,"b":255,"angle":150,"type":"setColor","r":255,"g":255,"time":456},{"color":7,"b":255,"angle":150,"type":"setColor","r":255,"g":255,"time":458},{"color":7,"b":255,"angle":150,"type":"setColor","r":255,"g":255,"time":463},{"color":7,"b":255,"angle":150,"type":"setColor","r":255,"g":255,"time":468},{"color":7,"b":255,"angle":150,"type":"setColor","r":255,"g":255,"time":473},{"color":7,"b":255,"angle":150,"type":"setColor","r":255,"g":255,"time":478},{"color":7,"b":255,"angle":150,"type":"setColor","r":255,"g":255,"time":483},{"color":7,"b":255,"angle":150,"type":"setColor","r":255,"g":255,"time":488},{"color":1,"b":29,"angle":240,"r":0,"type":"setColor","g":15,"time":425},{"color":1,"r":255,"duration":5,"angle":255,"type":"setColor","b":255,"g":255,"time":485},{"color":2,"b":177,"angle":450,"type":"setColor","r":13,"g":158,"time":41},{"color":3,"b":18,"angle":105,"type":"setColor","r":51,"g":27,"time":41},{"ox":50,"oy":50,"type":"deco","id":"apple1","drawLayer":"bg","y":100,"sprite":"apple.png","x":-50,"angle":180,"time":40.75},{"duration":4,"x":650,"angle":180,"type":"deco","id":"apple1","r":180,"time":41},{"ox":50,"oy":50,"type":"deco","id":"apple2","drawLayer":"bg","y":250,"sprite":"apple.png","x":-50,"angle":165,"r":45,"time":41.75},{"duration":4,"x":650,"angle":165,"type":"deco","id":"apple2","r":200,"time":42},{"ox":50,"oy":50,"type":"deco","id":"apple3","drawLayer":"bg","y":150,"sprite":"apple.png","x":-50,"angle":150,"time":42.75},{"duration":4,"x":650,"angle":150,"type":"deco","id":"apple3","r":180,"time":43},{"ox":50,"oy":50,"type":"deco","id":"apple4","drawLayer":"bg","y":50,"sprite":"apple.png","x":-50,"angle":135,"time":43.75},{"duration":4,"x":650,"angle":135,"type":"deco","id":"apple4","r":180,"time":44},{"ox":50,"oy":50,"type":"deco","id":"apple5","drawLayer":"bg","y":280,"sprite":"apple.png","x":650,"angle":180,"time":44.75},{"duration":4,"x":-50,"angle":180,"type":"deco","id":"apple1","r":180,"time":45},{"ox":50,"oy":50,"type":"deco","id":"apple6","drawLayer":"bg","y":70,"sprite":"apple.png","x":650,"angle":165,"time":45.75},{"duration":4,"x":-50,"angle":165,"type":"deco","id":"apple6","r":-270,"time":46},{"ox":50,"oy":50,"type":"deco","id":"apple7","drawLayer":"bg","y":100,"sprite":"apple.png","x":650,"angle":150,"time":46.75},{"duration":4,"x":-50,"angle":150,"type":"deco","id":"apple7","r":210,"time":47},{"ox":50,"oy":50,"type":"deco","id":"apple8","drawLayer":"bg","y":320,"sprite":"apple.png","x":650,"angle":135,"time":47.75},{"duration":4,"x":-50,"angle":135,"type":"deco","id":"apple8","r":-210,"time":48},{"ox":50,"oy":50,"type":"deco","id":"apple1","drawLayer":"bg","y":-50,"sprite":"apple.png","x":120,"angle":180,"time":48.75},{"duration":4,"y":410,"angle":180,"r":0,"id":"apple1","type":"deco","time":49},{"ox":50,"oy":50,"type":"deco","id":"apple2","drawLayer":"bg","y":-50,"sprite":"apple.png","x":530,"angle":165,"time":49.75},{"duration":4,"time":50,"angle":165,"r":0,"id":"apple2","type":"deco","y":410},{"ox":50,"oy":50,"type":"deco","id":"apple3","drawLayer":"bg","y":-50,"sprite":"apple.png","x":0,"angle":150,"time":50.75},{"duration":4,"time":51,"angle":150,"r":0,"id":"apple3","type":"deco","y":410},{"ox":50,"oy":50,"type":"deco","id":"apple4","drawLayer":"bg","y":-50,"sprite":"apple.png","x":300,"angle":135,"time":51.75},{"duration":4,"y":410,"angle":135,"r":0,"id":"apple4","type":"deco","time":52},{"ox":50,"oy":50,"type":"deco","id":"apple5","drawLayer":"bg","y":410,"sprite":"apple.png","x":490,"angle":180,"time":52.75},{"duration":4,"y":-50,"angle":180,"type":"deco","id":"apple5","r":520,"time":53},{"ox":50,"oy":50,"type":"deco","id":"apple6","drawLayer":"bg","y":410,"sprite":"apple.png","x":80,"angle":165,"time":53.75},{"duration":4,"time":54,"angle":165,"r":-36,"id":"apple6","type":"deco","y":-50},{"ox":50,"oy":50,"type":"deco","id":"apple7","drawLayer":"bg","y":410,"sprite":"apple.png","x":300,"angle":150,"time":54.75},{"duration":4,"y":-50,"angle":150,"type":"deco","id":"apple7","r":180,"time":55},{"ox":50,"oy":50,"type":"deco","id":"apple8","drawLayer":"bg","y":410,"sprite":"apple.png","x":140,"angle":135,"time":55.75},{"duration":4,"y":-50,"angle":135,"type":"deco","id":"apple8","r":180,"time":56},{"color":0,"b":0,"angle":285,"type":"setColor","r":0,"g":0,"time":57},{"color":1,"b":255,"angle":300,"r":255,"type":"setColor","g":255,"time":57},{"color":0,"b":211,"angle":285,"r":0,"type":"setColor","g":255,"time":58},{"color":1,"b":29,"angle":300,"r":0,"type":"setColor","g":15,"time":58},{"angle":270,"type":"forcePlayerSprite","spriteName":"none","time":57},{"angle":270,"type":"forcePlayerSprite","spriteName":"","time":58},{"angle":180,"type":"deco","id":"apple5","hide":true,"time":57},{"angle":165,"type":"deco","id":"apple6","hide":true,"time":57},{"angle":150,"type":"deco","id":"apple7","hide":true,"time":57},{"angle":165,"type":"deco","id":"apple6","hide":true,"time":57},{"angle":135,"type":"deco","id":"apple8","hide":true,"time":57},{"ox":50,"oy":50,"type":"deco","id":"apple2","drawLayer":"bg","y":250,"sprite":"apple.png","x":-50,"angle":165,"r":45,"time":57.75},{"duration":4,"x":650,"angle":165,"type":"deco","id":"apple2","r":200,"time":58},{"ox":50,"oy":50,"type":"deco","id":"apple3","drawLayer":"bg","y":150,"sprite":"apple.png","x":-50,"angle":150,"time":58.75},{"duration":4,"x":650,"angle":150,"type":"deco","id":"apple3","r":180,"time":59},{"ox":50,"oy":50,"type":"deco","id":"apple4","drawLayer":"bg","y":50,"sprite":"apple.png","x":-50,"angle":135,"time":59.75},{"duration":4,"x":650,"angle":135,"type":"deco","id":"apple4","r":180,"time":60},{"ox":50,"oy":50,"hide":false,"type":"deco","id":"apple5","drawLayer":"bg","y":280,"sprite":"apple.png","x":650,"angle":180,"time":60.75},{"duration":4,"x":-50,"angle":180,"type":"deco","id":"apple1","r":180,"time":61},{"ox":50,"oy":50,"hide":false,"type":"deco","id":"apple6","drawLayer":"bg","y":70,"sprite":"apple.png","x":650,"angle":165,"time":61.75},{"duration":4,"x":-50,"angle":165,"type":"deco","id":"apple6","r":-270,"time":62},{"ox":50,"oy":50,"hide":false,"type":"deco","id":"apple7","drawLayer":"bg","y":100,"sprite":"apple.png","x":650,"angle":150,"time":62.75},{"duration":4,"x":-50,"angle":150,"type":"deco","id":"apple7","r":210,"time":63},{"ox":50,"oy":50,"hide":false,"type":"deco","id":"apple8","drawLayer":"bg","y":320,"sprite":"apple.png","x":650,"angle":135,"time":63.75},{"duration":4,"x":-50,"angle":135,"type":"deco","id":"apple8","r":-210,"time":64},{"ox":50,"oy":50,"type":"deco","id":"apple1","drawLayer":"bg","y":-50,"sprite":"apple.png","x":120,"angle":180,"time":64.75},{"duration":4,"time":65,"angle":180,"type":"deco","id":"apple1","r":0,"y":410},{"ox":50,"oy":50,"type":"deco","id":"apple2","drawLayer":"bg","y":-50,"sprite":"apple.png","x":530,"angle":165,"time":65.75},{"duration":4,"y":410,"angle":165,"type":"deco","id":"apple2","r":0,"time":66},{"ox":50,"oy":50,"type":"deco","id":"apple3","drawLayer":"bg","y":-50,"sprite":"apple.png","x":0,"angle":150,"time":66.75},{"duration":4,"y":410,"angle":150,"type":"deco","id":"apple3","r":0,"time":67},{"ox":50,"oy":50,"type":"deco","id":"apple4","drawLayer":"bg","y":-50,"sprite":"apple.png","x":300,"angle":135,"time":67.75},{"duration":4,"time":68,"angle":135,"type":"deco","id":"apple4","r":0,"y":410},{"angle":180,"type":"deco","id":"apple1","hide":true,"time":69},{"angle":165,"type":"deco","id":"apple2","time":69},{"angle":150,"type":"deco","id":"apple3","hide":true,"time":69},{"angle":135,"type":"deco","id":"apple4","hide":true,"time":69},{"angle":120,"type":"deco","id":"apple5","hide":true,"time":69}],"properties":{"speed":70,"formatversion":13,"offset":8,"loadBeat":-1},"metadata":{"songName":"Reincarnation Apple","charter":"himych","difficulty":7,"artist":"PinocchioP","description":"need to have some rest from something i'm charting rn and have fun with visuals","artistLink":"https://www.youtube.com/channel/UCMMBGMjrrWcRZmG_lW4jC-Q","bgData":{"blueChannel":{"r":191,"g":186,"b":182},"greenChannel":{"r":255,"g":255,"b":255},"yellowChannel":{"r":255,"g":234,"b":231},"magentaChannel":{"r":255,"g":255,"b":255},"cyanChannel":{"r":12,"g":218,"b":197},"image":"bg.png","redChannel":{"r":202,"g":57,"b":88}},"bg":true}}