{"events":[{"time":0,"file":"Mopemope.ogg","angle":337.5,"type":"play","volume":1,"bpm":100},{"time":6,"type":"setColor","r":30,"b":255,"angle":337.5,"g":190,"color":2,"order":0},{"time":6,"type":"setColor","r":44,"b":0,"angle":0,"g":195,"color":3,"order":0},{"b":0,"time":4,"angle":90,"color":1,"type":"setColor","r":0,"g":0},{"tag":"FlowerBob","angleOffset":false,"angle":202.5,"type":"tag","time":6},{"time":14,"sprite":"flower!MoveSlow","angle":225,"type":"deco","id":"flower"},{"enable":true,"angle":22.5,"time":6,"type":"outline","color":1,"order":0},{"b":255,"time":4,"angle":45,"color":0,"type":"setColor","r":255,"g":255},{"time":-1,"value":0.40000000596046,"angle":90,"type":"ease","var":"scrollSpeed"},{"time":5.5,"var":"scrollSpeed","angle":315,"value":1.5,"type":"ease","ease":"linear","duration":1},{"time":14,"value":300,"angle":180,"type":"ease","var":"p.x","duration":0.5},{"time":14,"var":"p.y","angle":157.5,"value":180,"type":"ease","ease":"linear","duration":0.5},{"time":6,"name":"Flower Fast","type":"bookmark","r":0,"b":0,"angle":67.5,"description":"Song Start","g":0},{"time":4,"drawLayer":"fg","type":"deco","x":0,"y":400,"sprite":"fg.png","angle":225,"id":"fg","order":0},{"time":14,"id":"fg","drawLayer":"fg","type":"deco","angle":247.5,"order":1},{"time":6,"angle":90,"spriteName":"smile.png","type":"forcePlayerSprite"},{"time":14,"name":"Flower SLow","type":"bookmark","r":0,"b":0,"angle":45,"description":"Post Flower","g":255},{"time":6,"type":"deco","r":0,"sx":1,"sy":1,"id":"flower2","angle":270,"hide":true,"x":400,"sprite":"flowersmall.png","y":180},{"time":4,"angle":0,"spriteName":"none","type":"forcePlayerSprite"},{"time":6,"value":1.25,"angle":247.5,"type":"ease","var":"p.drawScale"},{"time":43,"drawLayer":"fg","type":"deco","x":0,"sy":1,"id":"shine","angle":337.5,"y":0,"sx":1,"sprite":"Shine@10"},{"time":44,"id":"flower","angle":292.5,"type":"deco","hide":true},{"time":43,"type":"setColor","r":110,"b":161,"angle":22.5,"g":146,"color":2,"duration":1.5},{"time":43,"type":"setColor","r":86,"b":140,"ease":"linear","angle":360,"color":3,"g":112,"duration":1.5},{"time":43,"type":"setColor","r":255,"b":255,"ease":"linear","angle":315,"color":0,"g":255,"duration":1},{"time":44.5,"value":1,"angle":315,"type":"ease","var":"p.drawScale"},{"time":6,"value":216,"angle":180,"type":"ease","var":"p.y"},{"time":6,"value":323,"angle":157.5,"type":"ease","var":"p.x"},{"tag":"FlowerBob","angleOffset":false,"angle":202.5,"type":"tag","time":8},{"tag":"FlowerBob","angleOffset":false,"angle":202.5,"type":"tag","time":10},{"tag":"FlowerBob","angleOffset":false,"angle":202.5,"type":"tag","time":12},{"tag":"FlowerBobSlow","angleOffset":false,"angle":135,"type":"tag","time":14},{"tag":"FlowerBobSlow","angleOffset":false,"angle":180,"type":"tag","time":18},{"tag":"FlowerBobSlow","angleOffset":false,"angle":247.5,"type":"tag","time":22},{"tag":"FlowerBobSlow","angleOffset":false,"angle":247.5,"type":"tag","time":26},{"tag":"FlowerBobSlow","angleOffset":false,"angle":225,"type":"tag","time":30},{"tag":"FlowerBobSlow","angleOffset":false,"angle":225,"type":"tag","time":34},{"time":43,"name":"Sun scene start","type":"bookmark","r":255,"b":0,"angle":45,"description":"","g":197.04544901848},{"time":47.5,"id":"shine","angle":337.5,"type":"deco","hide":true},{"tag":"FlowerBobSlow","angleOffset":false,"angle":225,"type":"tag","time":38},{"time":-1,"var":"vfx.canvPos.sx","type":"ease","value":1,"ease":"linear","angle":315,"start":0.30000001192093,"duration":9},{"time":-1,"var":"vfx.canvPos.sy","type":"ease","value":1,"ease":"linear","angle":270,"start":0.30000001192093,"duration":9},{"time":-1,"angle":135,"spriteName":"none","type":"forcePlayerSprite"},{"time":14,"type":"deco","r":0,"sx":0,"sy":0,"id":"miniflower","angle":0,"y":280,"x":517,"sprite":"miniflower@5","order":0},{"b":0,"time":5.5,"angle":112.5,"color":5,"type":"setColor","r":255,"g":233},{"b":0,"time":5.5,"angle":135,"color":6,"type":"setColor","r":255,"g":0},{"time":6,"value":5,"angle":45,"type":"ease","var":"p.outlineColor","order":1},{"b":255,"time":4,"angle":202.5,"color":7,"type":"setColor","r":30,"g":196},{"time":5,"angle":315,"type":"setColor","color":0},{"time":4,"drawLayer":"bg","type":"deco","sx":1,"sy":1,"id":"sky","angle":135,"sprite":"sky.png","y":-400,"x":0,"order":0},{"time":4,"type":"deco","y":0,"id":"sky","angle":157.5,"order":1,"ease":"linear","duration":2.5},{"time":4,"outline":true,"type":"deco","y":0,"id":"fg","angle":247.5,"duration":2.5,"ease":"linear","order":1},{"time":14,"type":"deco","sx":1,"sy":1,"id":"miniflower","ease":"linear","duration":1,"angle":22.5,"order":1},{"time":46,"value":300,"angle":315,"type":"ease","var":"p.x"},{"time":46,"value":180,"angle":292.5,"type":"ease","var":"p.y"},{"time":44.5,"id":"bg1","angle":292.5,"type":"deco","hide":true},{"time":44.5,"id":"fg","angle":270,"type":"deco","hide":true},{"tag":"FlowerBobSlow","angleOffset":false,"angle":225,"type":"tag","time":42},{"time":44.5,"id":"miniflower","angle":0,"type":"deco","hide":true},{"enable":false,"angle":0,"type":"outline","color":0,"time":46},{"time":43,"type":"setColor","r":93,"b":121,"ease":"linear","angle":292.5,"color":4,"g":134,"duration":1.5},{"time":43,"type":"setColor","r":164,"b":205,"ease":"linear","angle":270,"color":5,"g":190,"duration":1.5},{"time":43,"type":"setColor","r":63,"b":93,"ease":"linear","angle":247.5,"color":6,"g":85,"duration":1.5},{"time":43,"type":"setColor","r":145,"b":157,"ease":"linear","angle":225,"color":7,"g":122,"duration":1.5},{"time":13.5,"type":"deco","x":10,"sy":0,"id":"miniflower2","angle":292.5,"sprite":"miniflower2@5","sx":0,"y":180,"order":0},{"b":0,"time":13.5,"angle":315,"color":4,"type":"setColor","r":250,"g":140},{"time":13.5,"type":"deco","sx":1,"sy":1,"id":"miniflower2","ease":"linear","duration":0.5,"angle":270,"order":1},{"time":14,"type":"deco","x":50,"sy":0,"id":"miniflower3","angle":292.5,"sprite":"miniflower3@5","sx":0,"y":280,"order":0},{"time":14,"type":"deco","sx":1,"sy":1,"id":"miniflower3","ease":"linear","duration":0.5,"angle":315,"order":1},{"time":4,"drawLayer":"bg","type":"deco","x":0,"y":400,"sprite":"bg1.png","angle":292.5,"id":"bg1","order":0},{"time":4,"type":"deco","y":0,"id":"bg1","angle":315,"order":1,"ease":"linear","duration":2},{"time":44.5,"id":"miniflower2","angle":247.5,"type":"deco","hide":true},{"time":44.5,"id":"miniflower3","angle":225,"type":"deco","hide":true},{"time":44.5,"value":1,"angle":22.5,"type":"ease","var":"p.outlineColor"},{"time":44.5,"id":"sky","angle":337.5,"type":"deco","hide":false},{"time":47,"type":"setColor","r":0,"b":255,"ease":"linear","angle":337.5,"color":2,"g":188,"duration":0.5},{"time":46.5,"ox":300,"oy":180,"type":"deco","x":300,"y":180,"id":"sun","angle":292.5,"sprite":"sun.png","drawLayer":"bg"},{"b":32,"time":46.5,"angle":315,"color":5,"type":"setColor","r":239,"g":227},{"time":78,"name":"inital glitch","type":"bookmark","r":255,"b":0,"angle":292.5,"description":"","g":0},{"time":46.5,"ox":300,"oy":180,"type":"deco","hide":true,"x":300,"y":180,"id":"sunray1","angle":0,"sprite":"sun0.png","drawLayer":"bg"},{"time":46.5,"drawLayer":"bg","oy":180,"type":"deco","hide":true,"x":300,"y":180,"id":"sunray2","angle":22.5,"sprite":"sun1.png","ox":300},{"time":46.5,"drawLayer":"bg","type":"deco","hide":true,"x":0,"y":0,"id":"sunray3","angle":45,"sprite":"sun2.png"},{"tag":"SunRays","angleOffset":false,"angle":22.5,"type":"tag","time":47},{"tag":"SunRays","angleOffset":false,"angle":22.5,"type":"tag","time":51},{"tag":"SunRays","angleOffset":false,"angle":22.5,"type":"tag","time":55},{"tag":"SunRays","angleOffset":false,"angle":22.5,"type":"tag","time":59},{"tag":"SunRays","angleOffset":false,"angle":22.5,"type":"tag","time":63},{"tag":"SunRays","angleOffset":false,"angle":22.5,"type":"tag","time":67},{"tag":"SunRays","angleOffset":false,"angle":22.5,"type":"tag","time":71},{"tag":"SunRays","angleOffset":false,"angle":22.5,"type":"tag","time":75},{"time":46,"y":0,"id":"cloud","angle":270,"type":"deco","x":-200,"sprite":"cloud.png"},{"tag":"CloudMove","angleOffset":false,"angle":315,"type":"tag","time":49},{"time":78,"angle":315,"type":"noise","color":0,"chance":0.69999998807907},{"time":78,"angle":337.5,"type":"noise","color":5,"chance":0.69999998807907},{"time":78,"value":4,"angle":22.5,"type":"ease","var":"vfx.hglitch.strength"},{"b":0,"time":78,"angle":0,"color":5,"type":"setColor","r":255,"g":67},{"b":223,"time":78,"angle":45,"color":2,"type":"setColor","r":16,"g":28},{"b":255,"time":78,"angle":67.5,"color":1,"type":"setColor","r":255,"g":255},{"b":0,"time":78,"angle":90,"color":0,"type":"setColor","r":0,"g":0},{"time":78,"value":4,"angle":270,"type":"ease","var":"vfx.glitchUIElements"},{"time":79,"id":"sky","angle":315,"type":"deco","hide":true},{"time":79,"id":"sun","angle":292.5,"type":"deco","hide":true},{"time":79.5,"var":"vfx.canvPos.sx","angle":337.5,"value":3,"type":"ease","ease":"linear","duration":7},{"time":79.5,"var":"vfx.canvPos.sy","angle":315,"value":3,"type":"ease","ease":"linear","duration":7},{"time":79.5,"var":"vfx.canvPos.r","angle":292.5,"value":30,"type":"ease","ease":"linear","duration":6},{"time":87,"name":"Small normal section","type":"bookmark","r":0,"b":23.181856870651,"angle":337.5,"description":"","g":255},{"time":79,"angle":337.5,"spriteName":"none","type":"forcePlayerSprite"},{"time":79,"type":"deco","sx":0.15000000596046,"sy":0.15000000596046,"id":"eye","angle":22.5,"sprite":"eye.png","x":270,"y":150},{"b":0,"time":86.400001525879,"angle":337.5,"color":0,"type":"setColor","r":0,"g":0},{"b":0,"time":86.400001525879,"angle":0,"color":2,"type":"setColor","r":0,"g":0},{"b":0,"time":86.400001525879,"angle":22.5,"color":1,"type":"setColor","r":0,"g":0},{"b":0,"time":86.400001525879,"angle":-45,"color":3,"type":"setColor","r":0,"g":0},{"b":0,"time":86.400001525879,"angle":67.5,"color":4,"type":"setColor","r":0,"g":0},{"b":0,"time":86.5,"angle":90,"color":5,"type":"setColor","r":0,"g":0},{"b":0,"time":86.5,"angle":112.5,"color":6,"type":"setColor","r":0,"g":0},{"b":0,"time":86.5,"angle":135,"color":7,"type":"setColor","r":0,"g":0},{"time":86.5,"angle":315,"type":"noise","color":0,"chance":0},{"time":86.5,"angle":292.5,"type":"noise","color":5,"chance":0},{"time":86.5,"value":0,"angle":270,"type":"ease","var":"vfx.glitchUIElements"},{"b":255,"time":87,"angle":22.5,"color":0,"type":"setColor","r":255,"g":255},{"time":86.5,"value":0,"angle":247.5,"type":"ease","var":"vfx.hglitch.strength"},{"time":86.5,"id":"eye","angle":225,"type":"deco","hide":true},{"time":86.5,"value":1,"angle":202.5,"type":"ease","var":"vfx.canvPos.sx"},{"time":86.5,"value":1,"angle":180,"type":"ease","var":"vfx.canvPos.sy"},{"time":85,"id":"sunray1","angle":157.5,"type":"deco","hide":true},{"time":85,"id":"sunray2","angle":135,"type":"deco","hide":true},{"time":85,"id":"sunray3","angle":112.5,"type":"deco","hide":true},{"time":86.5,"value":0,"angle":157.5,"type":"ease","var":"vfx.canvPos.r"},{"time":96,"name":"Glitch 2 start","type":"bookmark","r":211.0000026226,"b":0,"angle":22.5,"description":"","g":0},{"paddle":1,"newWidth":400,"ease":"linear","time":45.5,"type":"paddles","angle":247.5,"duration":0},{"paddle":1,"newWidth":70,"ease":"linear","time":46.5,"type":"paddles","angle":270,"duration":2.5},{"time":45.5,"value":2,"angle":270,"type":"ease","var":"scrollSpeed"},{"time":78,"value":0.20000000298023,"angle":225,"type":"ease","var":"scrollSpeed"},{"tag":"note cicrle","angleOffset":false,"angle":80.5,"type":"tag","time":86.5},{"paddle":1,"newWidth":420,"ease":"linear","time":86.400001525879,"type":"paddles","angle":45,"duration":0},{"time":87,"type":"paddles","newWidth":420,"paddle":1,"angle":292.5,"order":0,"ease":"linear","duration":0},{"x":0,"y":0,"id":"bgclouds","angle":247.5,"type":"deco","time":46.5,"sprite":"bgclouds.png"},{"time":79,"id":"bgclouds","angle":270,"type":"deco","hide":true},{"time":86.5,"value":1.7999999523163,"angle":45,"type":"ease","var":"scrollSpeed"},{"time":87,"type":"paddles","newWidth":70,"paddle":1,"angle":270,"order":1,"ease":"linear","duration":1.3999999761581},{"tag":"FlowerNote","angleOffset":false,"angle":67.5,"type":"tag","time":16.89999961853},{"tag":"FlowerNote","angleOffset":false,"angle":90,"type":"tag","time":24.89999961853},{"tag":"FlowerNoteRev","angleOffset":false,"angle":247.5,"type":"tag","time":35},{"time":87,"drawLayer":"bg","type":"deco","hide":false,"x":0,"y":0,"id":"bgflower","angle":45,"sprite":"bgflower@3.5"},{"b":0,"time":87,"angle":0,"color":5,"type":"setColor","r":255,"g":233},{"time":96,"outline":true,"drawLayer":"fg","type":"deco","sx":0.079999998211861,"sy":0.079999998211861,"id":"zerofound","angle":315,"y":152,"x":249,"sprite":"zerofound.png"},{"enable":true,"angle":292.5,"type":"outline","color":1,"time":96},{"b":255,"time":87,"angle":67.5,"color":7,"type":"setColor","r":0,"g":195},{"time":87,"drawLayer":"bg","type":"deco","x":0,"y":0,"id":"flowercenter","angle":225,"sprite":"flowercenter.png"},{"time":95.5,"value":3,"angle":247.5,"type":"ease","var":"vfx.hglitch.strength"},{"time":96,"value":6,"angle":270,"type":"ease","var":"vfx.hglitch.resolution"},{"b":56,"time":47,"angle":45,"color":6,"type":"setColor","r":255,"g":56},{"time":87,"angle":247.5,"spriteName":"smile.png","type":"forcePlayerSprite"},{"b":0,"time":87,"angle":315,"color":6,"type":"setColor","r":255,"g":0},{"time":78,"angle":247.5,"spriteName":"none","type":"forcePlayerSprite"},{"time":87,"drawLayer":"fg","type":"deco","hide":false,"x":0,"y":0,"id":"cornersun","angle":180,"sprite":"cornersun.png"},{"b":71,"time":87,"angle":157.5,"color":4,"type":"setColor","r":255,"g":243},{"time":87,"id":"sky","angle":135,"type":"deco","hide":false},{"b":255,"time":87,"angle":90,"color":2,"type":"setColor","r":61,"g":152},{"time":96,"id":"cornersun","angle":337.5,"type":"deco","hide":true},{"b":41,"time":96,"angle":360,"color":7,"type":"setColor","r":41,"g":41},{"time":96,"angle":247.5,"type":"setBgColor","color":1},{"b":255,"time":96,"angle":225,"color":2,"type":"setColor","r":255,"g":255},{"time":87,"id":"cloud","angle":202.5,"type":"deco","hide":true},{"time":102.5,"name":"cursed section","type":"bookmark","r":240.51067829132,"b":255,"angle":315,"description":"","g":0},{"time":96,"value":3,"angle":202.5,"type":"ease","var":"vfx.hwaves.strength"},{"time":96,"var":"vfx.canvPos.sx","angle":180,"value":0.89999997615814,"type":"ease","ease":"inQuad","duration":6},{"time":96,"var":"vfx.canvPos.sy","angle":157.5,"value":0.89999997615814,"type":"ease","ease":"outSine","duration":6},{"time":95.5,"var":"vfx.glitchUIElements","angle":135,"value":2,"type":"ease","ease":"linear","duration":1},{"b":255,"time":103,"angle":292.5,"color":7,"type":"setColor","r":0,"g":180},{"time":102,"var":"vfx.canvPos.sx","angle":270,"value":1,"type":"ease","ease":"linear","duration":1},{"time":102,"var":"vfx.canvPos.sy","angle":247.5,"value":1,"type":"ease","ease":"linear","duration":1},{"time":102,"angle":292.5,"spriteName":"smile.png","type":"forcePlayerSprite"},{"time":102,"id":"zerofound","angle":315,"type":"deco","hide":true},{"time":101,"var":"vfx.hwaves.strength","angle":180,"value":0,"type":"ease","ease":"linear","duration":1},{"b":0,"time":105.5,"angle":337.5,"color":7,"type":"setColor","r":255,"g":0},{"b":0,"time":105.5,"angle":0,"color":5,"type":"setColor","r":0,"g":0},{"time":105.5,"angle":292.5,"spriteName":"smile_corr.png","type":"forcePlayerSprite"},{"b":255,"time":105.75,"angle":337.5,"color":7,"type":"setColor","r":0,"g":149},{"b":31,"time":105.75,"angle":0,"color":5,"type":"setColor","r":248,"g":255},{"time":105.75,"angle":292.5,"spriteName":"smile.png","type":"forcePlayerSprite"},{"b":0,"time":107,"angle":337.5,"color":7,"type":"setColor","r":255,"g":0},{"b":0,"time":107,"angle":0,"color":5,"type":"setColor","r":0,"g":0},{"time":107,"angle":292.5,"spriteName":"smile_corr.png","type":"forcePlayerSprite"},{"b":255,"time":107.5,"angle":337.5,"color":7,"type":"setColor","r":0,"g":149},{"b":31,"time":107.5,"angle":360,"color":5,"type":"setColor","r":248,"g":255},{"time":107.5,"angle":292.5,"spriteName":"smile.png","type":"forcePlayerSprite"},{"b":0,"time":108,"angle":337.5,"color":7,"type":"setColor","r":255,"g":0},{"b":0,"time":108,"angle":0,"color":5,"type":"setColor","r":0,"g":0},{"time":108,"angle":292.5,"spriteName":"smile_corr.png","type":"forcePlayerSprite"},{"b":0,"time":108.75,"angle":337.5,"color":7,"type":"setColor","r":255,"g":0},{"b":0,"time":108.75,"angle":0,"color":5,"type":"setColor","r":0,"g":0},{"time":108.75,"angle":292.5,"spriteName":"smile_corr.png","type":"forcePlayerSprite"},{"time":102.5,"var":"vfx.canvPos.r","angle":180,"value":20,"type":"ease","ease":"linear","duration":10},{"time":102.5,"var":"vfx.canvPos.ox","angle":202.5,"value":270,"type":"ease","ease":"linear","duration":4},{"time":106.5,"var":"vfx.canvPos.ox","angle":225,"value":308,"type":"ease","ease":"linear","duration":7},{"time":108.5,"var":"vfx.canvPos.r","angle":270,"value":360,"type":"ease","ease":"inOutCubic","duration":2},{"b":0,"time":105.5,"angle":45,"color":0,"type":"setColor","r":0,"g":0},{"b":255,"time":105.5,"angle":67.5,"color":1,"type":"setColor","r":255,"g":255},{"b":0,"time":105.75,"angle":45,"color":1,"type":"setColor","r":0,"g":0},{"b":255,"time":105.75,"angle":67.5,"color":0,"type":"setColor","r":255,"g":255},{"b":0,"time":107,"angle":45,"color":0,"type":"setColor","r":0,"g":0},{"b":255,"time":107,"angle":67.5,"color":1,"type":"setColor","r":255,"g":255},{"b":0,"time":107.5,"angle":45,"color":1,"type":"setColor","r":0,"g":0},{"b":0,"time":108,"angle":45,"color":0,"type":"setColor","r":0,"g":0},{"b":255,"time":108,"angle":67.5,"color":1,"type":"setColor","r":255,"g":255},{"b":255,"time":105.5,"angle":90,"color":2,"type":"setColor","r":255,"g":255},{"b":0,"time":105.75,"angle":90,"color":2,"type":"setColor","r":0,"g":0},{"b":255,"time":107,"angle":90,"color":2,"type":"setColor","r":255,"g":255},{"b":0,"time":107.5,"angle":90,"color":2,"type":"setColor","r":0,"g":0},{"b":255,"time":107.5,"angle":67.5,"color":0,"type":"setColor","r":255,"g":255},{"time":105.5,"angle":112.5,"type":"setBgColor","color":0},{"time":114,"type":"deco","sx":0.30000001192093,"sy":0.30000001192093,"id":"mouth","angle":315,"sprite":"mouth@7","x":273,"y":160},{"b":162,"time":103,"angle":270,"color":4,"type":"setColor","r":239,"g":165},{"b":130,"time":103,"angle":225,"color":7,"type":"setColor","r":222,"g":125},{"b":66,"time":103,"angle":202.5,"color":3,"type":"setColor","r":194,"g":79},{"b":0,"time":108,"angle":90,"color":2,"type":"setColor","r":255,"g":0},{"time":120,"id":"mouth","angle":315,"type":"deco","hide":true},{"time":108.5,"value":50,"angle":90,"type":"ease","var":"extraHoldLeniency"},{"time":112,"value":0,"angle":315,"type":"ease","var":"extraHoldLeniency"},{"time":114.5,"drawLayer":"fg","type":"deco","r":-10,"x":400,"sy":0.80000001192093,"id":"mouth2","angle":360,"y":180,"sx":0.80000001192093,"sprite":"mouth@7"},{"time":114.25,"drawLayer":"fg","type":"deco","r":-10,"x":100,"sy":0.80000001192093,"id":"mouth3","angle":292.5,"y":180,"sx":0.60000002384186,"sprite":"mouth@7"},{"time":114.75,"drawLayer":"fg","type":"deco","r":25,"x":400,"sy":1,"id":"mouth4","angle":337.5,"y":-40,"sx":1,"sprite":"mouth@7"},{"time":114.5,"drawLayer":"fg","type":"deco","r":-10,"x":100,"sy":0.80000001192093,"id":"mouth5","angle":315,"y":-20,"sx":0.80000001192093,"sprite":"mouth@14"},{"time":114.75,"drawLayer":"fg","type":"deco","r":25,"x":0,"sy":1,"id":"mouth6","angle":292.5,"y":50,"sx":1,"sprite":"mouth@7"},{"time":120,"name":"epilepsy warning actually","type":"bookmark","r":255,"b":142.49999910593,"angle":405,"description":"thud section","g":142.49999910593},{"time":120,"id":"mouth2","angle":292.5,"type":"deco","hide":true},{"time":120,"id":"mouth3","angle":270,"type":"deco","hide":true},{"time":120,"id":"mouth4","angle":247.5,"type":"deco","hide":true},{"time":120,"id":"mouth5","angle":225,"type":"deco","hide":true},{"time":118.5,"y":600,"id":"mouth","angle":292.5,"type":"deco","ease":"inOutCirc","duration":1.5},{"time":118.5,"y":600,"id":"mouth2","angle":315,"type":"deco","ease":"inOutCirc","duration":1.5},{"time":118.5,"y":600,"id":"mouth3","angle":337.5,"type":"deco","ease":"inOutCirc","duration":1.5},{"time":119,"y":600,"id":"mouth4","angle":292.5,"type":"deco","ease":"inOutCirc","duration":1.5},{"time":119,"y":600,"id":"mouth5","angle":270,"type":"deco","ease":"inOutCirc","duration":1.5},{"time":119,"y":600,"id":"mouth6","angle":247.5,"type":"deco","ease":"inOutCirc","duration":1.5},{"paddle":1,"newWidth":85,"ease":"linear","time":119.5,"type":"paddles","angle":337.5,"duration":0.5},{"paddle":1,"newWidth":420,"ease":"linear","time":123.90000152588,"type":"paddles","angle":315,"duration":0},{"paddle":1,"newWidth":70,"ease":"linear","time":126.5,"type":"paddles","angle":337.5,"duration":0.5},{"time":126,"angle":292.5,"type":"noise","color":3,"chance":0.80000001192093},{"time":121,"type":"setColor","r":255,"b":227,"angle":135,"g":227,"color":2,"order":0},{"time":121,"type":"setColor","r":255,"b":0,"duration":0.5,"ease":"linear","g":0,"angle":112.5,"color":2,"order":1},{"time":121.5,"type":"setColor","r":252,"b":224,"angle":135,"g":224,"color":2,"order":0},{"time":121.5,"type":"setColor","r":255,"b":0,"duration":0.5,"ease":"linear","g":0,"angle":112.5,"color":2,"order":1},{"time":123.5,"type":"setColor","r":255,"b":232,"angle":135,"g":232,"color":2,"order":0},{"time":123.5,"type":"setColor","r":255,"b":0,"duration":0.5,"ease":"linear","g":0,"angle":112.5,"color":2,"order":1},{"time":125,"type":"setColor","r":255,"b":252,"angle":135,"g":252,"color":2,"order":0},{"time":125,"type":"setColor","r":255,"b":0,"duration":0.5,"ease":"linear","g":0,"angle":112.5,"color":2,"order":1},{"time":119.5,"type":"setColor","r":255,"b":187,"angle":135,"g":187,"color":2,"order":0},{"time":119.5,"type":"setColor","r":255,"b":0,"duration":0.5,"ease":"linear","g":0,"angle":112.5,"color":2,"order":1},{"time":119,"type":"setColor","r":255,"b":187,"angle":135,"g":187,"color":2,"order":0},{"time":126.5,"var":"vfx.canvPos.sx","angle":292.5,"value":0.40000000596046,"type":"ease","ease":"linear","duration":8},{"time":126.5,"var":"vfx.canvPos.sy","angle":270,"value":0.40000000596046,"type":"ease","ease":"linear","duration":8},{"time":135,"name":"BIG SECTION!!!","type":"bookmark","r":246.30558013916,"b":255,"angle":22.5,"description":"","g":0},{"time":134,"var":"vfx.canvPos.sx","ease":"outSine","value":1.2999999523163,"type":"ease","angle":315,"duration":1},{"time":134,"var":"vfx.canvPos.sy","ease":"outSine","value":1.2999999523163,"type":"ease","angle":292.5,"duration":1},{"time":135,"var":"vfx.canvPos.sx","ease":"linear","value":1,"type":"ease","angle":315,"duration":0.20000000298023},{"time":135,"var":"vfx.canvPos.sy","ease":"linear","value":1,"type":"ease","angle":292.5,"duration":0.20000000298023},{"time":135,"id":"bgflower","angle":0,"type":"deco","hide":true},{"b":60,"time":119,"angle":112.5,"color":2,"type":"setColor","r":255,"g":60},{"time":131.5,"value":30,"angle":45,"type":"ease","var":"extraHoldLeniency"},{"time":132.5,"value":1,"angle":22.5,"type":"ease","var":"extraHoldLeniency"},{"paddle":1,"newWidth":90,"ease":"linear","time":128.5,"type":"paddles","angle":202.5,"duration":0},{"paddle":1,"newWidth":35,"angle":270,"time":135.10000610352,"type":"paddles","ease":"linear","duration":0.5},{"time":129,"type":"setColor","r":255,"b":232,"angle":135,"g":232,"color":2,"order":0},{"time":129,"type":"setColor","r":255,"b":0,"duration":0.5,"ease":"linear","g":0,"angle":112.5,"color":2,"order":1},{"time":130,"type":"setColor","r":255,"b":232,"angle":135,"g":232,"color":2,"order":0},{"time":130,"type":"setColor","r":255,"b":0,"duration":0.5,"ease":"linear","g":0,"angle":112.5,"color":2,"order":1},{"time":132,"type":"setColor","r":255,"b":232,"angle":135,"g":232,"color":2,"order":0},{"time":132,"type":"setColor","r":255,"b":0,"duration":0.5,"ease":"linear","g":0,"angle":112.5,"color":2,"order":1},{"time":133,"type":"setColor","r":255,"b":232,"angle":135,"g":232,"color":2,"order":0},{"time":133,"type":"setColor","r":255,"b":0,"duration":0.5,"ease":"linear","g":0,"angle":112.5,"color":2,"order":1},{"time":135,"type":"setColor","r":255,"b":232,"angle":135,"g":232,"color":2,"order":0},{"time":135,"type":"setColor","r":255,"b":0,"duration":0.5,"ease":"linear","g":0,"angle":112.5,"color":2,"order":1},{"tag":"THUMP","angleOffset":false,"angle":0,"type":"tag","time":136},{"time":141,"value":20,"angle":292.5,"type":"ease","var":"extraHoldLeniency"},{"tag":"THUMP","angleOffset":false,"angle":270,"type":"tag","time":141},{"time":141.5,"type":"setColor","r":255,"b":232,"angle":135,"g":232,"color":2,"order":0},{"time":141.5,"type":"setColor","r":255,"b":0,"duration":0.5,"ease":"linear","g":0,"angle":112.5,"color":2,"order":1},{"time":142,"type":"setColor","r":255,"b":232,"angle":135,"g":232,"color":2,"order":0},{"time":142,"type":"setColor","r":255,"b":0,"duration":0.5,"ease":"linear","g":0,"angle":112.5,"color":2,"order":1},{"time":151,"name":"Bigsection v2","type":"bookmark","r":255,"b":162.49999791384,"angle":0,"description":"","g":162.49999791384},{"time":167,"name":"Final calm","type":"bookmark","r":8.7500032782555,"b":255,"angle":315,"description":"","g":246.60556644201},{"paddle":1,"newWidth":420,"ease":"linear","time":134.89999389648,"type":"paddles","angle":315,"duration":0},{"tag":"THUMP","angleOffset":false,"angle":0,"type":"tag","time":147},{"paddle":1,"newWidth":70,"angle":22.5,"time":147,"type":"paddles","ease":"linear","duration":0.5},{"paddle":1,"newWidth":35,"angle":337.5,"time":148.5,"type":"paddles","ease":"linear","duration":0},{"tag":"THUMP","angleOffset":false,"angle":45,"type":"tag","time":152},{"time":150,"var":"scrollSpeed","ease":"linear","value":3,"type":"ease","angle":292.5,"duration":2},{"time":151,"value":2,"angle":270,"type":"ease","var":"vfx.hwaves.strength"},{"time":151,"value":1,"angle":292.5,"type":"ease","var":"vfx.hglitch.resolution"},{"time":157.5,"type":"setColor","r":255,"b":232,"angle":135,"g":232,"color":2,"order":0},{"time":157.5,"type":"setColor","r":255,"b":0,"duration":0.5,"ease":"linear","g":0,"angle":112.5,"color":2,"order":1},{"time":158,"type":"setColor","r":255,"b":232,"angle":135,"g":232,"color":2,"order":0},{"time":158,"type":"setColor","r":255,"b":0,"duration":0.5,"ease":"linear","g":0,"angle":112.5,"color":2,"order":1},{"tag":"THUMP","angleOffset":false,"angle":-135,"type":"tag","time":158},{"time":151,"y":0,"id":"filter","angle":247.5,"type":"deco","x":0,"sprite":"filter.png"},{"time":151,"id":"sky","angle":202.5,"type":"deco","hide":true},{"time":152,"drawOrder":1,"type":"deco","r":0,"x":80,"sy":0.20000000298023,"id":"cEye","angle":180,"sx":0.20000000298023,"sprite":"creepyeye@10","y":290},{"time":153,"drawOrder":1,"type":"deco","r":0,"x":120,"sy":0.10000000149012,"id":"cEye2","angle":180,"sx":0.10000000149012,"sprite":"creepyeye@10","y":-7},{"time":154,"drawOrder":1,"type":"deco","r":0,"x":330,"sy":0.10000000149012,"id":"cEye3","angle":180,"sx":0.10000000149012,"sprite":"creepyeye@10","y":300},{"time":155,"drawOrder":1,"type":"deco","r":0,"x":550,"sy":0.10000000149012,"id":"cEye4","angle":180,"sx":0.10000000149012,"sprite":"creepyeye@10","y":100},{"b":207,"time":151,"angle":157.5,"color":4,"type":"setColor","r":207,"g":207},{"time":159,"drawOrder":1,"type":"deco","r":0,"x":10,"sy":0.10000000149012,"id":"cEye5","angle":180,"sx":0.10000000149012,"sprite":"creepyeye@10","y":100},{"time":166,"type":"setColor","r":0,"b":0,"ease":"linear","angle":337.5,"color":0,"g":0,"duration":0.5},{"time":166,"type":"setColor","r":0,"b":0,"ease":"linear","angle":360,"color":2,"g":0,"duration":0.5},{"time":166,"type":"setColor","r":0,"b":0,"ease":"linear","angle":22.5,"color":1,"g":0,"duration":0.5},{"time":166,"type":"setColor","r":0,"b":0,"ease":"linear","angle":315,"color":3,"g":0,"duration":0.5},{"time":166,"type":"setColor","r":0,"b":0,"ease":"linear","angle":45,"color":4,"g":0,"duration":0.5},{"time":166,"type":"setColor","r":0,"b":0,"ease":"linear","angle":292.5,"color":5,"g":0,"duration":0.5},{"time":166,"type":"setColor","r":0,"b":0,"ease":"linear","angle":270,"color":6,"g":0,"duration":0},{"time":166,"type":"setColor","r":0,"b":0,"ease":"linear","angle":247.5,"color":7,"g":0,"duration":0.5},{"time":161,"drawOrder":1,"type":"deco","r":0,"x":500,"sy":0.20000000298023,"id":"cEye6","angle":180,"sx":0.20000000298023,"sprite":"creepyeye@10","y":300},{"b":255,"time":167,"angle":22.5,"color":0,"type":"setColor","r":255,"g":255},{"time":167,"angle":360,"spriteName":"happy","type":"forcePlayerSprite"},{"time":167,"id":"cEye","angle":292.5,"type":"deco","hide":true},{"time":167,"id":"cEye2","angle":270,"type":"deco","hide":true},{"time":167,"id":"cEye3","angle":247.5,"type":"deco","hide":true},{"time":167,"id":"cEye4","angle":202.5,"type":"deco","hide":true},{"time":167,"id":"cEye5","angle":225,"type":"deco","hide":true},{"time":167,"id":"cEye6","angle":180,"type":"deco","hide":true},{"time":167,"angle":157.5,"type":"noise","color":0,"chance":0},{"time":167,"angle":135,"type":"noise","color":1,"chance":0},{"time":167,"angle":112.5,"type":"noise","color":2,"chance":0},{"time":167,"value":0,"angle":337.5,"type":"ease","var":"vfx.hwaves.strength"},{"time":167,"value":3,"angle":45,"type":"ease","var":"vfx.hglitch.resolution"},{"time":167,"value":0,"angle":67.5,"type":"ease","var":"vfx.hglitch.strength"},{"time":167.10000610352,"type":"paddles","newWidth":420,"paddle":1,"ease":"linear","order":0,"angle":67.5,"duration":0},{"time":166.5,"id":"flowercenter","angle":337.5,"type":"deco","hide":true},{"time":166.5,"id":"filter","angle":360,"type":"deco","hide":true},{"time":166.5,"value":0,"angle":67.5,"type":"ease","var":"vfx.glitchUIElements"},{"enable":false,"angle":22.5,"type":"outline","color":0,"time":166.5},{"time":166.89999389648,"value":0.60000002384186,"angle":315,"type":"ease","var":"vfx.canvPos.sx"},{"time":166.89999389648,"value":0.60000002384186,"angle":292.5,"type":"ease","var":"vfx.canvPos.sy"},{"time":95.5,"angle":315,"type":"setBgColor","color":1},{"time":185,"type":"showResults","angle":315},{"time":167.10000610352,"type":"paddles","newWidth":70,"paddle":1,"angle":90,"order":1,"ease":"linear","duration":2},{"time":166.5,"value":2,"angle":270,"type":"ease","var":"scrollSpeed"},{"tag":"FlowerBobSlow","angleOffset":false,"angle":280,"type":"tag","time":167},{"time":167,"type":"setColor","r":30,"b":255,"angle":415,"g":190,"color":2,"order":0},{"time":167,"type":"setColor","r":44,"b":0,"angle":80.5,"g":195,"color":3,"order":0},{"b":0,"time":167,"angle":103.5,"color":5,"type":"setColor","r":255,"g":233},{"b":0,"time":167,"angle":125,"color":6,"type":"setColor","r":255,"g":0},{"tag":"FlowerBobSlow","angleOffset":false,"angle":315,"type":"tag","time":171},{"tag":"FlowerBobSlow","angleOffset":false,"angle":315,"type":"tag","time":175},{"tag":"FlowerBobSlow","angleOffset":false,"angle":292.5,"type":"tag","time":179},{"time":184.19999694824,"angle":337.5,"type":"noise","color":1,"chance":1},{"time":184.19999694824,"var":"vfx.canvPos.sx","angle":292.5,"value":1,"type":"ease","ease":"linear","duration":1},{"time":184.19999694824,"var":"vfx.canvPos.sy","angle":270,"value":1,"type":"ease","ease":"linear","duration":1},{"time":184,"id":"flower","angle":247.5,"type":"deco","hide":true},{"time":184,"value":300,"angle":315,"ease":"linear","type":"ease","var":"p.x","duration":0.20000000298023},{"time":184,"var":"p.y","angle":22.5,"value":180,"type":"ease","ease":"linear","duration":0.20000000298023},{"time":184,"angle":0,"spriteName":"nonefound.png","type":"forcePlayerSprite"},{"time":184,"type":"setColor","r":255,"b":255,"angle":45,"ease":"linear","color":1,"g":255,"duration":0.30000001192093},{"time":184,"type":"setColor","r":0,"b":0,"angle":67.5,"ease":"linear","color":0,"g":0,"duration":0.30000001192093},{"time":184,"id":"cEye","angle":225,"type":"deco","hide":false},{"time":184,"b":106,"angle":202.5,"color":3,"type":"setColor","r":106,"g":106},{"time":184,"b":40,"angle":180,"color":7,"type":"setColor","g":40,"r":40},{"time":183,"var":"vfx.canvPos.sx","angle":292.5,"value":0.44999998807907,"type":"ease","ease":"linear","duration":1},{"time":183,"var":"vfx.canvPos.sy","angle":270,"value":0.44999998807907,"type":"ease","ease":"linear","duration":1},{"time":184.10000610352,"id":"cEye2","angle":157.5,"type":"deco","hide":false},{"time":184.19999694824,"id":"cEye2","angle":112.5,"type":"deco","hide":false},{"time":184.30000305176,"id":"cEye3","angle":135,"type":"deco","hide":false},{"time":184.39999389648,"id":"cEye4","angle":225,"type":"deco","hide":false},{"time":184.5,"id":"cEye5","angle":225,"type":"deco","hide":false},{"time":184.60000610352,"id":"cEye6","angle":247.5,"type":"deco","hide":false}],"properties":{"startBeat":0,"formatversion":12,"speed":70,"loadBeat":-1,"offset":8},"metadata":{"description":"Enjoy this pretty little level!!\n _, - . _ \n/  \\._/   \\\n>-( | | )-<   \n\\_/   \\ _/\n  `---- '\n\n\n\nTW: mild flashing lights, scary imagery","bg":true,"artist":"Leaf","artistLink":"","songName":"Mope Mope aka. Peaceful","bgData":{"greenChannel":{"b":64,"r":81,"g":61},"yellowChannel":{"b":104,"r":101,"g":196},"magentaChannel":{"b":202,"r":187,"g":223},"cyanChannel":{"b":150,"r":129,"g":125},"image":"cover.png","redChannel":{"b":226,"r":106,"g":161},"blueChannel":{"b":103,"r":157,"g":214}},"difficulty":6,"charter":"Cytruss"}}