{"events":[{"volume":1,"offset":1.0200009346008,"time":0,"angle":186.48307800293,"file":"Beatdown.wav","type":"play","bpm":140},{"time":0,"angle":14.198554039001,"type":"setBPM","bpm":140},{"color":0,"r":0,"time":0,"type":"setColor","b":0,"duration":8,"g":0,"angle":112.5},{"color":2,"angle":67.5,"enable":true,"type":"outline","time":0},{"color":2,"r":252,"time":0,"angle":135,"g":252,"type":"setColor","b":252},{"x":279,"time":14,"type":"deco","sprite":"Glasses.png","sx":1.3000000715256,"sy":1.3000000715256,"y":159,"id":"12","angle":180},{"color":0,"r":255,"time":14,"angle":157.5,"g":255,"type":"setColor","b":255},{"color":0,"r":179,"time":14.5,"type":"setColor","b":33,"g":33,"duration":0.5,"angle":157.5},{"time":14,"angle":225,"type":"forcePlayerSprite","spriteName":"none"},{"ease":"outQuad","time":14,"value":2,"var":"scrollSpeed","type":"ease","angle":195},{"color":0,"r":224,"angle":315,"time":17.5,"type":"setColor","g":99,"b":99},{"color":0,"r":179,"time":17.75,"type":"setColor","b":33,"g":33,"duration":0.5,"angle":315},{"color":0,"r":224,"angle":315,"time":22.5,"g":99,"type":"setColor","b":99},{"color":0,"r":179,"time":22.75,"type":"setColor","b":33,"duration":0.5,"g":33,"angle":315},{"color":0,"r":224,"angle":315,"time":26.5,"type":"setColor","g":99,"b":99},{"color":0,"r":179,"angle":315,"type":"setColor","b":33,"duration":0.5,"g":33,"time":26.75},{"color":0,"r":224,"angle":315,"time":30.5,"type":"setColor","g":99,"b":99},{"color":0,"r":179,"time":30.75,"type":"setColor","b":33,"duration":0.5,"g":33,"angle":315},{"color":0,"r":224,"angle":315,"time":34.5,"g":99,"type":"setColor","b":99},{"color":0,"r":179,"angle":315,"type":"setColor","b":33,"duration":0.5,"g":33,"time":34.75},{"type":"ease","var":"p.x","angle":105,"value":60,"time":42,"duration":1,"ease":"outSine"},{"angle":120,"x":44,"ease":"outSine","type":"deco","id":"12","duration":1,"time":42},{"duration":1,"var":"p.x","ease":"outCubic","value":550,"angle":22.5,"type":"ease","time":62},{"color":0,"r":255,"time":78,"angle":281.25,"type":"setColor","g":255,"b":255},{"color":0,"r":179,"time":78.25,"type":"setColor","b":33,"g":33,"duration":0.25,"angle":281.25},{"color":1,"r":255,"time":78,"angle":292.5,"g":255,"type":"setColor","b":255},{"color":1,"r":0,"time":78.25,"angle":292.5,"type":"setColor","g":0,"b":0},{"time":78,"value":300,"angle":270,"var":"p.x","type":"ease"},{"x":240,"time":78,"id":"2","sprite":"Disk.png","order":999,"type":"deco","sx":4,"sy":4,"y":117,"drawLayer":"bg","angle":247.5},{"x":280,"y":160,"time":78,"type":"deco","id":"12","angle":225},{"angle":112.5,"type":"showResults","time":174},{"sprite":"Cant.png","x":170,"y":50,"angle":78.75,"type":"deco","id":"c","time":78},{"sprite":"Round2.png","x":240,"time":78,"y":280,"id":"r","type":"deco","angle":101.25},{"duration":0.25,"angle":33.75,"type":"deco","time":85,"id":"r","hide":true},{"duration":0.25,"hide":true,"id":"c","time":85,"type":"deco","angle":45},{"sprite":"Abs.png","x":-134,"angle":270,"y":180,"type":"deco","id":"A","time":75},{"x":420,"angle":270,"id":"A","type":"deco","duration":2.75,"time":75.25},{"time":78,"id":"A","angle":112.5,"type":"deco","hide":true},{"newWidth":160,"paddle":1,"ease":"inOutExpo","type":"paddles","angle":90,"duration":0.5,"time":117},{"newWidth":70,"paddle":1,"ease":"outCirc","type":"paddles","angle":45,"duration":1,"time":118},{"ease":"linear","paddle":1,"newWidth":360,"duration":0,"angle":135,"type":"paddles","time":172},{"x":524,"angle":360,"time":62,"id":"12","type":"deco"},{"color":0,"r":0,"angle":315,"type":"setColor","b":0,"g":0,"duration":5,"time":142}],"properties":{"offset":2,"startBeat":0,"formatversion":12,"speed":70},"metadata":{"bg":true,"artist":"Andrew Hussie","charter":"Blockich","songName":"Homestuck Beatdown","description":"Homestuck fans anyone? Hello? ;-;","difficulty":6,"bgData":{"image":"","redChannel":{"r":255,"g":0,"b":0},"blueChannel":{"r":255,"g":218,"b":0}},"artistLink":""}}