[{"duration":1,"time":0,"angle2":22.5,"type":"hold","angle":90},{"duration":1,"time":1,"angle2":134,"type":"hold","angle":22.5},{"duration":1,"time":2,"angle2":30,"type":"hold","angle":135},{"duration":1,"time":3,"angle2":120,"type":"hold","angle":30},{"duration":1,"time":4,"angle2":45,"type":"hold","angle":120},{"duration":1,"time":5,"angle2":135,"type":"hold","angle":45},{"angle":135,"time":6,"angle2":540,"duration":1,"type":"hold"},{"angle":180,"type":"block","time":7.5},{"angle":157.5,"type":"block","time":7.75},{"time":9,"type":"block","angle":270},{"time":9,"type":"block","angle":285},{"angle":255,"type":"block","time":9},{"angle":210,"type":"block","time":9.5},{"angle":180,"type":"block","time":9.75},{"angle":75,"type":"block","time":11},{"angle":90,"type":"block","time":11},{"time":11,"type":"block","angle":105},{"angle":120,"type":"block","time":11.75},{"time":11.5,"type":"block","angle":90},{"time":12.25,"type":"block","angle":195},{"angle":180,"type":"block","time":12.5},{"time":12.75,"type":"block","angle":210},{"angle":180,"type":"block","time":13},{"time":13.25,"type":"block","angle":210},{"time":13.5,"type":"block","angle":165},{"angle":225,"type":"block","time":13.75},{"angle":195,"type":"block","time":14.5},{"angle":210,"type":"block","time":14.75},{"angle":210,"type":"block","time":15.25},{"angle":195,"type":"block","time":15.5},{"angle":195,"type":"block","time":16},{"time":16.25,"type":"block","angle":210},{"time":16.75,"angle":210,"angle2":0,"duration":0.75,"type":"hold"},{"time":18.5,"type":"block","angle":0},{"angle":15,"type":"block","time":18.75},{"time":19.25,"type":"block","angle":0},{"angle":345,"type":"block","time":19.5},{"time":20,"type":"block","angle":0},{"angle":15,"type":"block","time":20.25},{"angle":360,"type":"block","time":20.75},{"angle":345,"type":"block","time":21},{"time":21.5,"angle":0,"angle2":180,"duration":1,"type":"hold"},{"angle":180,"type":"block","time":22.75},{"angle":180,"type":"block","time":23.25},{"angle":195,"type":"block","time":23.5},{"time":24,"type":"block","angle":180},{"angle":165,"type":"block","time":24.25},{"time":24.75,"angle":180,"angle2":225,"duration":0.5,"type":"hold"},{"time":25.25,"angle":225,"angle2":180,"duration":0.25,"type":"hold"},{"time":25.5,"angle":180,"angle2":-180,"duration":1,"type":"hold"},{"time":26.75,"type":"block","angle":180},{"angle":180,"type":"block","time":27.25},{"time":27.5,"type":"side","angle":90},{"angle":90,"type":"block","time":28},{"time":28.25,"type":"side","angle":30},{"time":28.75,"type":"block","angle":30},{"time":29,"type":"side","angle":315},{"duration":1,"angle":315,"angle2":450,"type":"hold","time":29.5},{"time":30.5,"type":"side","angle":105},{"angle":105,"type":"block","time":30.75},{"angle":105,"type":"block","time":31.25},{"time":31.5,"type":"block","angle":135},{"angle":165,"type":"block","time":32},{"angle":180,"type":"block","time":32.25},{"time":32.75,"type":"block","angle":225},{"angle":255,"type":"block","time":33},{"time":32.25,"type":"inverse","angle":180},{"angle":165,"type":"inverse","time":32},{"time":31.5,"type":"inverse","angle":135},{"time":31.25,"type":"inverse","angle":105},{"angle":225,"type":"inverse","time":32.75},{"time":33,"type":"inverse","angle":255},{"angle":105,"type":"inverse","time":30.75},{"duration":1,"angle":60,"angle2":270,"type":"hold","time":33.5},{"time":34.75,"type":"block","angle":270},{"angle":360,"type":"block","time":35.25},{"angle":0,"type":"block","time":35.5},{"angle":90,"type":"block","time":36},{"angle":90,"type":"block","time":36.25},{"angle":180,"type":"block","time":36.75},{"angle":180,"type":"block","time":37},{"duration":1,"angle":180,"angle2":540,"type":"hold","time":37.5},{"time":38.75,"type":"block","angle":195},{"time":38.75,"type":"block","angle":180},{"angle":165,"type":"block","time":38.75},{"angle":285,"type":"block","time":39.25},{"angle":270,"type":"block","time":39.25},{"angle":255,"type":"block","time":39.25},{"angle":285,"type":"block","time":39.5},{"time":39.5,"type":"block","angle":270},{"angle":255,"type":"block","time":39.5},{"angle":345,"type":"block","time":40},{"angle":360,"type":"block","time":40},{"angle":15,"type":"block","time":40},{"time":40.25,"type":"block","angle":15},{"angle":30,"type":"block","time":40.25},{"time":40.25,"type":"block","angle":45},{"angle":330,"type":"block","time":40.75},{"time":40.75,"type":"block","angle":345},{"angle":360,"type":"block","time":40.75},{"time":41,"type":"block","angle":300},{"time":41,"type":"block","angle":315},{"time":41,"type":"block","angle":330},{"order":2,"time":37.5,"duration":1,"angle2":525,"type":"hold","angle":165},{"order":1,"time":37.5,"duration":1,"angle2":555,"type":"hold","angle":195},{"angle":90,"type":"side","time":41.5},{"angle":105,"type":"side","time":41.5},{"angle":120,"type":"side","time":41.5},{"time":42.5,"type":"block","angle":105},{"time":42.75,"type":"block","angle":105},{"tap":true,"time":43,"type":"block","angle":90},{"angle":75,"type":"block","time":43.25},{"time":43.5,"type":"block","angle":75},{"tap":true,"time":43.75,"type":"block","angle":90},{"angle":120,"type":"block","time":42.5},{"time":42.75,"type":"block","angle":120},{"angle":60,"type":"block","time":43.25},{"angle":60,"type":"block","time":43.5},{"time":44,"type":"block","angle":120},{"angle":105,"type":"block","time":44},{"time":44.25,"type":"block","angle":120},{"angle":105,"type":"block","time":44.25},{"tap":true,"angle":90,"type":"block","time":44.5},{"angle":60,"type":"block","time":44.75},{"time":44.75,"type":"block","angle":75},{"angle":60,"type":"block","time":45},{"angle":75,"type":"block","time":45},{"tap":true,"time":45.25,"type":"block","angle":90},{"duration":1,"angle":90,"angle2":90,"type":"hold","time":46},{"time":46.5,"type":"block","angle":75},{"time":46.75,"type":"block","angle":105},{"angle":90,"time":47,"holdEase":"outCubic","angle2":105,"duration":1,"type":"hold"},{"duration":1,"angle":105,"angle2":90,"type":"hold","time":48},{"angle":78.75,"type":"block","time":48.5},{"time":47.25,"type":"block","angle":120},{"time":47.5,"type":"block","angle":90},{"angle":90,"time":49,"holdEase":"outCirc","angle2":75,"duration":0.75,"type":"hold"},{"duration":0.5,"angle":75,"angle2":90,"type":"hold","time":49.75},{"duration":1.75,"angle":90,"angle2":60,"type":"hold","time":50.25},{"duration":1,"angle":105,"angle2":105,"type":"hold","time":46},{"duration":0.5,"angle":60,"angle2":90,"type":"hold","time":52},{"duration":1.5,"angle":90,"angle2":90,"type":"hold","time":52.5},{"angle":56.25,"type":"block","time":53},{"angle":56.25,"type":"block","time":52.5},{"time":52.75,"type":"block","angle":112.5},{"time":53.25,"type":"block","angle":112.5},{"angle":56.25,"type":"block","time":53.5},{"angle":112.5,"type":"block","time":53.75},{"duration":1,"angle":90,"angle2":112.5,"type":"hold","time":54},{"duration":1,"angle":112.5,"angle2":78.75,"type":"hold","time":55},{"duration":0.25,"angle":78.75,"angle2":112.5,"type":"hold","time":56},{"startTap":true,"endTap":true,"angle":112.5,"time":56.25,"angle2":67.5,"type":"hold","duration":0.25},{"duration":0.25,"angle":67.5,"angle2":112.5,"type":"hold","time":56.5},{"startTap":true,"endTap":true,"angle":112.5,"time":56.75,"angle2":67.5,"type":"hold","duration":0.25},{"duration":0.25,"angle":67.5,"angle2":112.5,"type":"hold","time":57},{"startTap":true,"endTap":true,"angle":112.5,"time":57.25,"angle2":67.5,"type":"hold","duration":0.25},{"duration":0.25,"angle":67.5,"angle2":123.75,"type":"hold","time":57.5},{"duration":2.25,"angle":123.75,"angle2":90,"type":"hold","time":57.75},{"time":59,"type":"block","angle":90},{"time":59,"type":"block","angle":112.5},{"time":59,"type":"block","angle":101.25},{"angle":101.25,"type":"block","time":49.25},{"angle":56.25,"type":"block","time":49.5},{"time":51,"type":"block","angle":78.75},{"angle":56.25,"type":"block","time":60.25},{"time":60.25,"type":"block","angle":67.5},{"time":60.25,"type":"block","angle":78.75},{"angle":101.25,"type":"block","time":60.5},{"time":60.5,"type":"block","angle":112.5},{"time":60.5,"type":"block","angle":123.75},{"angle":56.25,"type":"block","time":60.75},{"time":60.75,"type":"block","angle":67.5},{"angle":78.75,"type":"block","time":60.75},{"time":61,"type":"block","angle":101.25},{"time":61,"type":"block","angle":112.5},{"angle":123.75,"type":"block","time":61},{"angle":56.25,"type":"block","time":61.25},{"angle":67.5,"type":"block","time":61.25},{"angle":78.75,"type":"block","time":61.25},{"time":61.5,"type":"block","angle":101.25},{"time":61.5,"type":"block","angle":112.5},{"time":61.5,"type":"block","angle":123.75},{"time":61.75,"type":"block","angle":56.25},{"angle":67.5,"type":"block","time":61.75},{"time":61.75,"type":"block","angle":78.75},{"time":62,"type":"block","angle":101.25},{"time":62,"type":"block","angle":112.5},{"time":62,"type":"block","angle":123.75},{"type":"hold","angle":270,"angle2":270,"duration":0.75,"time":62.5},{"angle":270,"type":"block","time":62.75},{"type":"hold","angle":270,"angle2":292.5,"duration":0.5,"time":63.5},{"type":"hold","angle":292.5,"angle2":292.5,"duration":0.5,"time":64},{"angle":292.5,"time":64.5,"holdEase":"outCubic","angle2":270,"duration":0.5,"type":"hold"},{"type":"hold","angle":270,"angle2":225,"duration":1.25,"time":65},{"time":65.5,"type":"block","angle":292.5},{"time":65.75,"type":"block","angle":213.75},{"type":"hold","angle":225,"angle2":281.25,"duration":1.75,"time":66.25},{"angle":281.25,"time":68,"holdEase":"outQuint","angle2":247.5,"duration":0.25,"type":"hold"},{"angle":247.5,"time":68.25,"holdEase":"inExpo","angle2":281.25,"duration":0.25,"type":"hold"},{"angle":292.5,"type":"block","time":68.75},{"angle":281.25,"type":"block","time":68.75},{"time":68.75,"type":"block","angle":270},{"angle":292.5,"type":"block","time":69},{"angle":281.25,"type":"block","time":69},{"time":69,"type":"block","angle":270},{"angle":258.75,"type":"block","time":69.25},{"time":69.25,"type":"block","angle":247.5},{"angle":236.25,"type":"block","time":69.25},{"angle":258.75,"type":"block","time":69.5},{"angle":247.5,"type":"block","time":69.5},{"time":69.5,"type":"block","angle":236.25},{"time":69.75,"type":"block","angle":258.75},{"time":69.75,"type":"block","angle":247.5},{"time":69.75,"type":"block","angle":236.25},{"type":"hold","angle":247.5,"angle2":292.5,"duration":1,"time":70},{"type":"hold","angle":292.5,"angle2":247.5,"duration":1,"time":71},{"type":"hold","angle":247.5,"angle2":281.25,"duration":2,"time":72},{"time":72.25,"type":"inverse","angle":247.5},{"angle":258.75,"type":"inverse","time":72.5},{"time":73,"type":"inverse","angle":258.75},{"angle":270,"type":"inverse","time":73.25},{"angle":270,"type":"inverse","time":73.5},{"angle":270,"type":"inverse","time":72.75},{"angle":281.25,"type":"inverse","time":73.75},{"angle":281.25,"type":"inverse","time":74},{"time":74.25,"type":"block","angle":281.25},{"angle":270,"type":"block","time":77.75},{"time":74.5,"type":"block","angle":281.25},{"angle":292.5,"type":"block","time":74.75},{"angle":303.75,"type":"block","time":75},{"angle":315,"type":"block","time":75.25},{"time":75.5,"type":"block","angle":326.25},{"angle":337.5,"type":"block","time":75.75},{"time":76,"type":"block","angle":326.25},{"time":76.25,"type":"block","angle":315},{"angle":303.75,"type":"block","time":76.5},{"angle":292.5,"type":"block","time":76.75},{"time":77,"type":"block","angle":281.25},{"angle":270,"type":"block","time":77.25},{"time":77.5,"type":"block","angle":258.75},{"angle":270,"type":"block","time":74.25},{"angle":270,"type":"block","time":74.5},{"angle":281.25,"type":"block","time":74.75},{"angle":292.5,"type":"block","time":75},{"angle":303.75,"type":"block","time":75.25},{"time":75.5,"type":"block","angle":315},{"time":75.75,"type":"block","angle":326.25},{"angle":315,"type":"block","time":76},{"time":76.25,"type":"block","angle":303.75},{"angle":292.5,"type":"block","time":76.5},{"time":76.75,"type":"block","angle":281.25},{"angle":270,"type":"block","time":77},{"angle":258.75,"type":"block","time":77.25},{"time":77.75,"type":"block","angle":281.25},{"time":78.75,"angle":315,"angle2":281.25,"duration":0.5,"type":"hold"},{"time":79.5,"angle":270,"angle2":90,"duration":1.5,"type":"hold"},{"angle":78.75,"type":"block","time":81.25},{"time":81.25,"type":"block","angle":90},{"time":81.5,"type":"block","angle":56.25},{"angle":67.5,"type":"block","time":81.5},{"time":81.75,"type":"block","angle":45},{"time":81.75,"type":"block","angle":56.25},{"time":82,"type":"block","angle":33.75},{"time":82,"type":"block","angle":45},{"time":82,"angle":33.75,"angle2":-180,"duration":3,"type":"hold"},{"angle":33.75,"type":"block","time":82.5},{"angle":303.75,"type":"block","time":82.75},{"time":83.25,"type":"block","angle":337.5},{"time":83.5,"type":"block","angle":270},{"time":85.25,"type":"side","angle":112.5},{"angle":112.5,"type":"block","time":85.5},{"time":85.5,"type":"block","angle":123.75},{"angle":101.25,"type":"block","time":85.5},{"angle":90,"type":"block","time":85.75},{"angle":101.25,"type":"block","time":85.75},{"time":85.75,"type":"block","angle":112.5},{"time":86,"type":"block","angle":101.25},{"time":86,"type":"block","angle":112.5},{"time":86,"type":"block","angle":123.75},{"time":86.25,"angle":112.5,"angle2":78.75,"duration":0.25,"type":"hold"},{"time":86.5,"angle":78.75,"angle2":90,"duration":0.25,"type":"hold"},{"angle":90,"type":"mine","time":87.25},{"angle":101.25,"type":"mine","time":87.25},{"angle":112.5,"type":"mine","time":87.25},{"time":87.25,"angle":180,"angle2":180,"duration":0.5,"type":"hold"},{"time":88,"type":"mine","angle":191.25},{"angle":180,"type":"mine","time":88},{"time":88,"type":"mine","angle":168.75},{"time":88,"angle":270,"angle2":270,"duration":1,"type":"hold"},{"time":88.5,"angle":270,"angle2":315,"duration":0.5,"type":"hold"},{"angle":337.5,"time":89.25,"angle2":337.5,"duration":0.75,"type":"mineHold"},{"time":89.25,"angle":326.25,"angle2":326.25,"duration":0.75,"type":"mineHold"},{"time":89.25,"angle":315,"angle2":315,"duration":0.75,"type":"mineHold"},{"time":89.25,"angle":303.75,"angle2":303.75,"duration":0.75,"type":"mineHold"},{"angle":292.5,"time":89.25,"angle2":292.5,"duration":0.75,"type":"mineHold"},{"angle":281.25,"time":89.25,"angle2":281.25,"duration":0.75,"type":"mineHold"},{"angle":270,"time":89.25,"angle2":270,"duration":0.75,"type":"mineHold"},{"angle":258.75,"time":89.25,"angle2":258.75,"duration":0.75,"type":"mineHold"},{"time":89.25,"angle":247.5,"angle2":247.5,"duration":0.75,"type":"mineHold"},{"time":89.25,"angle":236.25,"angle2":236.25,"duration":0.75,"type":"mineHold"},{"time":90.5,"type":"side","angle":281.25},{"angle":292.5,"type":"side","time":90.5},{"angle":337.5,"type":"mine","time":90.5},{"angle":337.5,"type":"mine","time":90.75},{"angle":337.5,"type":"mine","time":90.25},{"angle":281.25,"type":"block","time":91},{"time":91.25,"type":"block","angle":337.5},{"time":91.75,"type":"block","angle":0},{"time":92,"type":"block","angle":11.25},{"angle":78.75,"type":"side","time":92.5},{"segments":4,"duration":1,"time":93,"angle":90,"angle2":90,"type":"hold","speedMult":4},{"angle":90,"time":94,"holdEase":"inQuad","angle2":180,"duration":1.5,"type":"hold"},{"time":94.75,"type":"block","angle":135},{"time":94.5,"type":"block","angle":78.75},{"time":95.5,"angle":180,"angle2":112.5,"duration":1.5,"type":"hold"},{"angle":45,"time":93,"angle2":45,"duration":1,"type":"mineHold"},{"angle":146.25,"time":93,"angle2":146.25,"duration":1,"type":"mineHold"},{"time":95.25,"type":"block","angle":157.5},{"angle":90,"type":"mine","time":97.5},{"time":97.5,"type":"mine","angle":101.25},{"time":97.5,"type":"mine","angle":112.5},{"time":97.5,"type":"mine","angle":123.75},{"angle":56.25,"type":"block","time":97.25},{"time":97.25,"type":"block","angle":45},{"time":97.25,"type":"block","angle":33.75},{"time":97.5,"type":"block","angle":11.25},{"angle":22.5,"type":"block","time":97.5},{"angle":33.75,"type":"block","time":97.5},{"time":97.75,"type":"block","angle":326.25},{"time":97.75,"type":"block","angle":337.5},{"time":97.75,"type":"block","angle":348.75},{"time":98,"angle":337.5,"angle2":382.5,"duration":0.5,"type":"hold"},{"time":98.75,"angle":33.75,"angle2":135,"duration":0.5,"type":"hold"},{"time":99.5,"angle":146.25,"angle2":326.25,"duration":1.5,"type":"hold"},{"time":101,"angle":326.25,"angle2":90,"duration":1,"type":"hold"},{"time":102,"angle":90,"angle2":90,"duration":2,"type":"hold"},{"time":104,"angle":112.5,"angle2":112.5,"duration":2,"type":"hold"},{"time":106,"angle":168.75,"angle2":168.75,"duration":2,"type":"hold"},{"time":108,"angle":180,"angle2":180,"duration":2,"type":"hold"},{"time":102.25,"type":"block","angle":101.25},{"angle":78.75,"type":"block","time":103},{"time":104.25,"type":"block","angle":101.25},{"angle":123.75,"type":"block","time":105},{"time":105,"type":"block","angle":112.5},{"time":105,"type":"block","angle":101.25},{"angle":168.75,"type":"block","time":106.25},{"time":107,"type":"block","angle":180},{"time":107,"type":"block","angle":168.75},{"angle":157.5,"type":"block","time":107},{"angle":180,"type":"block","time":108.25},{"time":108.25,"type":"block","angle":191.25},{"time":108.25,"type":"block","angle":168.75},{"angle":191.25,"time":108,"holdEase":"inCubic","angle2":191.25,"duration":0.5,"type":"hold"},{"time":108,"angle":168.75,"angle2":168.75,"duration":0.5,"type":"hold"},{"angle":191.25,"time":108.5,"holdEase":"inQuart","angle2":180,"duration":0.5,"type":"hold"},{"angle":168.75,"time":108.5,"holdEase":"inCubic","angle2":180,"duration":0.5,"type":"hold"},{"type":"hold","angle":180,"angle2":180,"duration":0.5,"time":110},{"time":110.75,"type":"block","angle":191.25},{"time":110.75,"type":"block","angle":180},{"time":110.75,"type":"block","angle":168.75},{"type":"hold","angle":180,"angle2":78.75,"duration":0.5,"time":110.75},{"type":"hold","angle":67.5,"angle2":22.5,"duration":1,"time":111.5},{"type":"hold","angle":45,"angle2":33.75,"duration":1,"time":112},{"type":"hold","angle":33.75,"angle2":45,"duration":0.75,"time":113},{"type":"hold","angle":33.75,"angle2":33.75,"duration":0.75,"time":113.5},{"type":"hold","angle":33.75,"angle2":427.5,"duration":1.75,"time":114.25},{"angle":101.25,"type":"mine","time":106.25},{"time":106.25,"type":"mine","angle":112.5},{"time":106.25,"type":"mine","angle":123.75},{"time":116.25,"type":"mine","angle":78.75},{"angle":67.5,"type":"mine","time":116.25},{"time":116.25,"type":"mine","angle":90},{"time":116.5,"type":"block","angle":45},{"time":116.5,"type":"block","angle":33.75},{"time":116.5,"type":"block","angle":56.25},{"angle":33.75,"type":"block","time":116.75},{"time":116.75,"type":"block","angle":45},{"angle":56.25,"type":"block","time":116.75},{"angle":11.25,"type":"block","time":117},{"angle":22.5,"type":"block","time":117},{"angle":33.75,"type":"block","time":117},{"time":117,"type":"block","angle":45},{"angle":56.25,"type":"block","time":117},{"angle":67.5,"type":"block","time":117},{"time":117,"type":"block","angle":78.75},{"angle":11.25,"type":"block","time":117.25},{"time":117.25,"type":"block","angle":22.5},{"time":117.25,"type":"block","angle":33.75},{"angle":45,"type":"block","time":117.25},{"angle":56.25,"type":"block","time":117.25},{"time":117.25,"type":"block","angle":67.5},{"time":117.25,"type":"block","angle":78.75},{"angle":348.75,"type":"block","time":117.5},{"angle":360,"type":"block","time":117.5},{"angle":11.25,"type":"block","time":117.5},{"angle":22.5,"type":"block","time":117.5},{"time":117.5,"type":"block","angle":33.75},{"time":117.5,"type":"block","angle":45},{"angle":56.25,"type":"block","time":117.5},{"time":117.5,"type":"block","angle":67.5},{"time":117.5,"type":"block","angle":78.75},{"time":117.5,"type":"block","angle":90},{"time":117.5,"type":"block","angle":101.25},{"time":117.75,"type":"block","angle":337.5},{"angle":348.75,"type":"block","time":117.75},{"time":117.75,"type":"block","angle":0},{"time":117.75,"type":"block","angle":11.25},{"time":117.75,"type":"block","angle":22.5},{"angle":33.75,"type":"block","time":117.75},{"angle":45,"type":"block","time":117.75},{"angle":56.25,"type":"block","time":117.75},{"time":117.75,"type":"block","angle":67.5},{"time":117.75,"type":"block","angle":78.75},{"time":117.75,"type":"block","angle":90},{"angle":101.25,"type":"block","time":117.75},{"time":117.75,"type":"block","angle":112.5},{"type":"hold","angle":45,"angle2":33.75,"duration":1,"time":118},{"type":"hold","angle":33.75,"angle2":146.25,"duration":1,"time":119},{"type":"hold","angle":146.25,"angle2":157.5,"duration":0.25,"time":120},{"type":"hold","angle":157.5,"angle2":146.25,"duration":0.25,"time":120.25},{"type":"hold","angle":146.25,"angle2":157.5,"duration":0.25,"time":120.5},{"type":"hold","angle":157.5,"angle2":146.25,"duration":0.25,"time":120.75},{"type":"hold","angle":146.25,"angle2":157.5,"duration":0.25,"time":121},{"type":"hold","angle":157.5,"angle2":146.25,"duration":0.25,"time":121.25},{"type":"hold","angle":146.25,"angle2":157.5,"duration":0.25,"time":121.5},{"type":"hold","angle":157.5,"angle2":146.25,"duration":0.25,"time":121.75},{"type":"hold","angle":146.25,"angle2":720,"duration":2,"time":122},{"angle":348.75,"type":"block","time":124.25},{"angle":360,"type":"block","time":124.25},{"angle":11.25,"type":"block","time":124.25},{"angle":326.25,"type":"block","time":124.5},{"angle":337.5,"type":"block","time":124.5},{"time":124.5,"type":"block","angle":348.75},{"time":124.75,"type":"block","angle":0},{"time":124.75,"type":"block","angle":11.25},{"angle":22.5,"type":"block","time":124.75},{"time":125,"type":"block","angle":326.25},{"time":125,"type":"block","angle":337.5},{"angle":348.75,"type":"block","time":125},{"angle":11.25,"type":"block","time":125.25},{"time":125.25,"type":"block","angle":22.5},{"time":125.25,"type":"block","angle":33.75},{"time":125.5,"type":"block","angle":315},{"time":125.5,"type":"block","angle":326.25},{"time":125.5,"type":"block","angle":337.5},{"time":125.75,"type":"block","angle":11.25},{"angle":22.5,"type":"block","time":125.75},{"time":125.75,"type":"block","angle":33.75},{"time":126,"type":"block","angle":326.25},{"angle":337.5,"type":"block","time":126},{"angle":348.75,"type":"block","time":126},{"type":"hold","angle":326.25,"angle2":337.5,"duration":0.5,"time":126},{"type":"hold","angle":348.75,"angle2":337.5,"duration":0.5,"time":126},{"type":"hold","angle":337.5,"angle2":326.25,"duration":0.25,"time":126.5},{"type":"hold","angle":337.5,"angle2":337.5,"duration":0.25,"time":126.5},{"type":"hold","angle":326.25,"angle2":326.25,"duration":0.75,"time":126.75},{"type":"hold","angle":337.5,"angle2":326.25,"duration":0.75,"time":126.75},{"time":127.25,"type":"block","angle":315},{"time":127.25,"type":"block","angle":326.25},{"angle":337.5,"type":"block","time":127.25},{"type":"hold","angle":326.25,"angle2":450,"duration":0.5,"time":127.5},{"angle":90,"time":128,"holdEase":"inOutCubic","angle2":33.75,"duration":1,"type":"hold"},{"time":128.5,"type":"block","angle":56.25},{"type":"mineHold","time":127.75,"angle2":315,"duration":1,"angle":315},{"type":"mineHold","time":127.75,"angle2":326.25,"duration":1,"angle":326.25},{"type":"mineHold","angle":22.5,"angle2":22.5,"duration":1,"time":129.25},{"type":"mineHold","angle":33.75,"angle2":33.75,"duration":1,"time":129.25},{"time":129.25,"angle":45,"angle2":45,"type":"mineHold","duration":1},{"angle":348.75,"type":"block","time":129.5},{"time":129.75,"angle":348.75,"angle2":348.75,"type":"hold","duration":2.25},{"time":129.75,"angle":337.5,"angle2":337.5,"type":"hold","duration":0.5},{"time":130.25,"angle":337.5,"angle2":348.75,"type":"hold","duration":1.75},{"time":132,"angle":348.75,"angle2":348.75,"type":"hold","duration":0.5},{"time":132.75,"type":"block","angle":337.5},{"time":132.75,"type":"block","angle":0},{"angle":348.75,"type":"block","time":132.75},{"time":132.75,"type":"block","angle":326.25},{"time":132.75,"type":"block","angle":11.25},{"time":133,"type":"block","angle":337.5},{"angle":348.75,"type":"block","time":133},{"angle":360,"type":"block","time":133},{"time":133.25,"type":"block","angle":326.25},{"time":133.25,"type":"block","angle":348.75},{"time":133.5,"type":"block","angle":326.25},{"angle":348.75,"type":"block","time":133.5},{"angle":337.5,"type":"block","time":133.75},{"angle":337.5,"type":"block","time":134},{"time":133.5,"type":"block","angle":337.5},{"time":134,"angle":337.5,"angle2":326.25,"type":"hold","duration":1},{"time":135,"angle":326.25,"angle2":337.5,"type":"hold","duration":1},{"time":136,"angle":337.5,"angle2":292.5,"type":"hold","duration":2},{"angle":326.25,"type":"inverse","time":136.25},{"angle":326.25,"type":"inverse","time":136.5},{"angle":326.25,"type":"inverse","time":136.75},{"time":137,"type":"inverse","angle":315},{"angle":315,"type":"inverse","time":137.25},{"time":137.5,"type":"inverse","angle":303.75},{"angle":292.5,"type":"inverse","time":137.75},{"time":138,"type":"inverse","angle":292.5},{"time":138,"angle":292.5,"angle2":168.75,"type":"hold","duration":1},{"time":139,"angle":168.75,"angle2":11.25,"type":"hold","duration":1},{"time":140,"angle":11.25,"angle2":-11.25,"type":"hold","duration":1},{"time":140,"angle":348.75,"angle2":348.75,"type":"hold","duration":1},{"time":141,"angle":348.75,"angle2":360,"type":"hold","duration":1},{"time":141,"angle":348.75,"angle2":337.5,"type":"hold","duration":1},{"time":142,"angle":348.75,"angle2":348.75,"type":"hold","duration":0.75},{"angle":33.75,"type":"block","time":142.5},{"time":142.75,"angle":348.75,"angle2":315,"type":"hold","duration":0.75},{"angle":281.25,"type":"block","time":143.25},{"time":143.5,"angle":315,"angle2":326.25,"type":"hold","duration":2.5},{"angle":360,"type":"block","time":145.25},{"angle":281.25,"type":"block","time":145},{"angle":292.5,"type":"block","time":145.5},{"time":145.75,"type":"block","angle":0},{"time":146,"angle":326.25,"angle2":360,"type":"hold","duration":0.5},{"time":146.75,"angle":360,"angle2":360,"type":"hold","duration":0.75},{"time":147.25,"angle":0,"holdEase":"inQuint","angle2":-67.5,"type":"hold","duration":2.25},{"time":149,"type":"inverse","angle":337.5},{"angle":326.25,"type":"inverse","time":149.25},{"time":149.5,"type":"inverse","angle":315},{"angle":292.5,"type":"block","time":149.5},{"time":149.5,"type":"block","angle":303.75},{"angle":281.25,"type":"block","time":149.5},{"angle":281.25,"type":"block","time":149.75},{"time":150,"angle":270,"angle2":270,"type":"hold","duration":1},{"time":150,"angle":281.25,"angle2":281.25,"type":"hold","duration":0.5},{"time":150,"angle":258.75,"angle2":258.75,"type":"hold","duration":0.5},{"angle":281.25,"type":"block","time":151.25},{"time":151.25,"type":"block","angle":270},{"time":151.25,"type":"block","angle":258.75},{"angle":292.5,"type":"block","time":151.25},{"time":151.25,"type":"block","angle":247.5},{"angle":191.25,"type":"side","time":151.75},{"time":152,"angle":191.25,"angle2":191.25,"type":"hold","duration":0.5},{"angle":202.5,"type":"mine","time":152.75},{"angle":191.25,"type":"mine","time":152.75},{"angle":180,"type":"mine","time":152.75},{"time":153,"angle":191.25,"angle2":191.25,"type":"hold","duration":1},{"time":154,"angle":191.25,"angle2":213.75,"type":"hold","duration":1},{"time":154.5,"type":"inverse","angle":202.5},{"time":154.5,"type":"inverse","angle":213.75},{"angle":191.25,"type":"inverse","time":154.5},{"time":154.5,"type":"inverse","angle":225},{"angle":180,"type":"inverse","time":154.5},{"time":154.5,"type":"inverse","angle":236.25},{"angle":168.75,"type":"inverse","time":154.5},{"angle":225,"type":"inverse","time":155.25},{"time":155,"angle":213.75,"angle2":348.75,"type":"hold","duration":0.75},{"time":156,"type":"block","angle":348.75},{"angle":0,"type":"block","time":156},{"angle":11.25,"type":"block","time":156},{"angle":168.75,"type":"inverse","time":156.5},{"time":156.5,"type":"inverse","angle":180},{"time":156.5,"type":"inverse","angle":191.25},{"time":157,"angle":348.75,"angle2":348.75,"type":"hold","duration":1},{"time":157,"angle":360,"angle2":360,"type":"hold","duration":1},{"time":157,"angle":11.25,"angle2":11.25,"type":"hold","duration":1},{"time":158,"angle":348.75,"angle2":405,"type":"hold","duration":0.5},{"time":158,"angle":0,"angle2":56.25,"type":"hold","duration":0.75},{"time":158,"angle":11.25,"angle2":45,"type":"hold","duration":0.5},{"time":158.75,"angle":56.25,"angle2":22.5,"type":"hold","duration":0.75},{"time":159.25,"type":"block","angle":0},{"time":159.5,"angle":22.5,"angle2":-67.5,"type":"hold","duration":1.5},{"angle":292.5,"type":"block","time":161.25},{"time":161.25,"type":"block","angle":281.25},{"time":161.25,"type":"block","angle":270},{"time":161.5,"type":"block","angle":225},{"time":161.5,"type":"block","angle":213.75},{"time":161.5,"type":"block","angle":202.5},{"time":161.75,"type":"block","angle":180},{"time":161.75,"type":"block","angle":168.75},{"time":161.75,"type":"block","angle":157.5},{"time":162,"angle":90,"angle2":90,"type":"hold","duration":0.5},{"time":162.75,"angle":90,"angle2":90,"type":"hold","duration":0.75},{"time":163.25,"angle":90,"angle2":90,"type":"hold","duration":1.75},{"time":163.25,"angle":90,"angle2":45,"type":"hold","duration":1.75},{"tap":true,"time":165,"type":"block","angle":67.5},{"time":165,"angle":45,"angle2":33.75,"type":"hold","duration":1},{"time":166,"angle":33.75,"angle2":33.75,"type":"hold","duration":2},{"time":168,"angle":78.75,"angle2":78.75,"type":"hold","duration":2},{"time":170,"angle":123.75,"angle2":123.75,"type":"hold","duration":2},{"time":172,"angle":168.75,"angle2":3003.75,"type":"hold","duration":2}]