{"metadata":{"artist":"Camellia","charter":"himych","songName":"FTOTJ (easy taps)","bg":true,"difficulty":12,"description":"EASY TAP VERSION\npeeeew, pew pew pew peeew..\n\nevery mechanic is used\n\nhope you'll love as much as i do!!","artistLink":"","bgData":{"yellowChannel":{"g":179,"b":205,"r":151},"magentaChannel":{"g":179,"b":205,"r":151},"image":"bg.png","cyanChannel":{"g":135,"b":119,"r":99},"redChannel":{"g":74,"b":91,"r":51},"blueChannel":{"g":25,"b":34,"r":15},"greenChannel":{"g":115,"b":148,"r":83}}},"events":[{"angle":360,"type":"play","volume":1,"time":1,"bpm":170,"file":"song.ogg"},{"type":"ease","time":-1,"value":1.5,"var":"scrollSpeed","angle":0},{"ease":"outSine","angle":255,"type":"ease","time":36,"duration":4,"value":1,"var":"scrollSpeed"},{"ease":"outSine","angle":90,"type":"ease","time":68,"duration":2,"value":1.1999998092651,"var":"scrollSpeed"},{"time":100,"type":"ease","angle":270,"duration":16,"value":1.5,"var":"scrollSpeed"},{"ease":"outCirc","angle":270,"type":"ease","time":130,"duration":1,"value":3,"var":"scrollSpeed"},{"ease":"inCirc","angle":255,"type":"ease","time":131,"duration":1,"value":1.5,"var":"scrollSpeed"},{"ease":"outCirc","angle":90,"type":"ease","time":140,"duration":0.5,"value":0.49999979138374,"var":"scrollSpeed"},{"ease":"outCirc","angle":90,"value":1.5,"time":141,"duration":0.25,"type":"ease","var":"scrollSpeed"},{"angle":270,"time":132,"type":"tag","angleOffset":false,"tag":"ss"},{"time":135,"angle":270,"type":"tag","angleOffset":false,"tag":"ss"},{"time":143,"angle":270,"type":"tag","angleOffset":false,"tag":"ss"},{"time":148,"angle":270,"type":"tag","angleOffset":false,"tag":"ss"},{"time":151,"angle":270,"type":"tag","angleOffset":false,"tag":"ss"},{"ease":"outCirc","angle":90,"type":"ease","time":156,"duration":0.5,"value":0.49999979138374,"var":"scrollSpeed"},{"ease":"outCirc","angle":90,"value":1.5,"time":157,"duration":0.25,"type":"ease","var":"scrollSpeed"},{"repeatDelay":0.75,"var":"scrollSpeed","ease":"outCirc","time":159,"value":1,"duration":0.25,"type":"ease","angle":270,"repeats":6},{"repeatDelay":0.75,"var":"scrollSpeed","ease":"inCirc","time":159.25,"value":1.5,"duration":0.5,"type":"ease","angle":270,"repeats":6},{"angle":270,"type":"forcePlayerSprite","spriteName":"angry","time":164},{"angle":270,"type":"forcePlayerSprite","spriteName":"","time":165},{"ease":"outCirc","angle":90,"type":"ease","time":164,"duration":0.5,"value":3,"var":"vfx.canvPos.sx"},{"ease":"outCirc","angle":105,"type":"ease","time":164,"duration":0.5,"value":3,"var":"vfx.canvPos.sy"},{"ease":"inCirc","angle":90,"type":"ease","time":164.5,"duration":0.5,"value":1,"var":"vfx.canvPos.sx"},{"ease":"inCirc","angle":105,"value":1,"time":164.5,"duration":0.5,"type":"ease","var":"vfx.canvPos.sy"},{"repeatDelay":0.75,"var":"scrollSpeed","ease":"outCirc","time":165,"value":1,"duration":0.25,"type":"ease","angle":270,"repeats":4},{"repeatDelay":0.75,"var":"scrollSpeed","ease":"inCirc","time":165.25,"value":1.5,"duration":0.5,"type":"ease","angle":270,"repeats":4},{"ease":"outCirc","angle":90,"value":0.49999979138374,"time":172,"duration":0.5,"type":"ease","var":"scrollSpeed"},{"ease":"outCirc","angle":90,"type":"ease","time":173,"duration":0.5,"value":1.5,"var":"scrollSpeed"},{"angle":90,"time":175,"type":"tag","angleOffset":false,"tag":"ss"},{"time":180,"angle":270,"type":"tag","angleOffset":false,"tag":"ss"},{"time":183,"angle":-330,"type":"tag","angleOffset":false,"tag":"ss"},{"angle":270,"type":"forcePlayerSprite","spriteName":"","time":191},{"repeatDelay":0.75,"var":"scrollSpeed","ease":"outCirc","time":191,"value":1,"duration":0.25,"type":"ease","angle":270,"repeats":4},{"repeatDelay":0.75,"var":"scrollSpeed","ease":"inCirc","time":191.25,"value":1.5,"duration":0.5,"type":"ease","angle":270,"repeats":4},{"angle":90,"time":194,"paddle":1,"ease":"inCirc","newAngle":180,"type":"paddles","duration":1},{"ease":"outCirc","angle":90,"paddle":1,"time":195,"duration":0,"type":"paddles","enabled":false},{"angle":75,"type":"paddles","time":195,"enabled":true,"duration":0,"newAngle":180,"paddle":2,"ease":"linear"},{"angle":60,"ease":"outCirc","time":195,"type":"paddles","newAngle":360,"duration":1,"paddle":2,"order":1},{"angle":180,"type":"forcePlayerSprite","spriteName":"none","time":194},{"ease":"inOutCirc","angle":285,"type":"ease","time":194,"duration":2,"value":125,"var":"p.paddleDistance"},{"ease":"inOutCirc","angle":270,"value":125,"time":194,"duration":2,"type":"ease","var":"p.bodyRadius"},{"angle":90,"type":"paddles","time":258,"duration":1,"newAngle":180,"paddle":2,"newWidth":360,"ease":"inCirc"},{"ease":"outCirc","angle":90,"paddle":2,"time":259,"duration":0,"type":"paddles","enabled":false},{"angle":75,"ease":"linear","time":259,"duration":0,"paddle":1,"newAngle":180,"type":"paddles","newWidth":360,"enabled":true},{"angle":60,"time":259.01110839844,"ease":"outCirc","paddle":1,"newAngle":360,"type":"paddles","duration":1},{"ease":"inOutCirc","angle":285,"value":31,"time":258,"duration":2,"type":"ease","var":"p.paddleDistance"},{"ease":"inOutCirc","angle":270,"value":20,"time":258,"duration":2,"type":"ease","var":"p.bodyRadius"},{"angle":255,"type":"forcePlayerSprite","spriteName":"","time":258},{"ease":"outCirc","time":259.5,"paddle":1,"type":"paddles","duration":2,"angle":90,"newWidth":70},{"angle":75,"time":260,"ease":"linear","paddle":1,"newAngle":0,"type":"paddles","duration":0},{"ease":"outCirc","angle":90,"type":"ease","time":260,"duration":4,"value":0.75000023841858,"var":"scrollSpeed"},{"angle":330,"ease":"inBack","time":292,"duration":0,"paddle":2,"newAngle":0,"type":"paddles","newWidth":70,"enabled":true},{"angle":315,"ease":"outBack","time":292,"newAngle":-180,"type":"paddles","duration":2,"paddle":2,"newWidth":45,"order":1},{"ease":"outBack","time":292,"paddle":1,"type":"paddles","duration":2,"angle":300,"newWidth":45},{"ease":"inBack","time":322.00012207031,"paddle":2,"type":"paddles","duration":2.1666667461395,"angle":90,"newWidth":0},{"ease":"linear","angle":90,"paddle":2,"time":324.16665649414,"duration":0,"type":"paddles","enabled":false},{"ease":"outBack","angle":75,"paddle":1,"time":324,"duration":2,"type":"paddles","newWidth":70},{"ease":"outCirc","angle":105,"type":"ease","time":324,"duration":2,"value":1,"var":"scrollSpeed"},{"ease":"outCirc","angle":270,"type":"ease","time":356,"duration":1,"value":1.2999999523163,"var":"scrollSpeed"},{"time":456,"angle":0,"type":"showResults"},{"sprite":"cave.png","angle":270,"ox":300,"oy":180,"time":-1,"drawLayer":"bg","id":"cave","type":"deco"},{"time":-1,"g":34,"type":"setColor","r":11,"color":0,"b":54,"angle":90},{"time":-1,"g":255,"type":"setColor","r":255,"color":1,"b":255,"angle":105},{"time":-1,"g":140,"type":"setColor","r":76,"color":2,"b":184,"angle":120},{"time":-1,"g":94,"type":"setColor","r":26,"color":3,"b":127,"angle":135},{"time":-1,"g":77,"type":"setColor","r":39,"color":4,"b":115,"angle":150},{"time":-1,"angle":195,"type":"outline","enable":true,"color":3},{"value":3,"time":-1,"type":"ease","var":"p.fillColor","angle":180},{"time":229,"type":"noise","angle":285,"color":2,"chance":0.80000001192093},{"time":230,"type":"noise","angle":300,"color":0,"chance":0},{"angle":0,"time":4,"type":"tag","angleOffset":false,"tag":"pulse"},{"angle":0,"time":5.5,"type":"tag","angleOffset":false,"tag":"pulse"},{"angle":0,"time":6,"type":"tag","angleOffset":false,"tag":"pulse"},{"angle":0,"time":7,"type":"tag","angleOffset":false,"tag":"pulse"},{"angle":0,"time":8.5,"type":"tag","angleOffset":false,"tag":"pulse"},{"angle":0,"time":9,"type":"tag","angleOffset":false,"tag":"pulse"},{"angle":0,"time":10,"type":"tag","angleOffset":false,"tag":"pulse"},{"angle":0,"time":12,"type":"tag","angleOffset":false,"tag":"pulse"},{"angle":0,"time":13.5,"type":"tag","angleOffset":false,"tag":"pulse"},{"angle":0,"time":14,"type":"tag","angleOffset":false,"tag":"pulse"},{"angle":0,"time":15,"type":"tag","angleOffset":false,"tag":"pulse"},{"angle":0,"time":16.5,"type":"tag","angleOffset":false,"tag":"pulse"},{"angle":0,"time":17,"type":"tag","angleOffset":false,"tag":"pulse"},{"angle":0,"time":18,"type":"tag","angleOffset":false,"tag":"pulse"},{"angle":0,"time":20,"type":"tag","angleOffset":false,"tag":"pulse"},{"angle":0,"time":21.5,"type":"tag","angleOffset":false,"tag":"pulse"},{"angle":0,"time":22,"type":"tag","angleOffset":false,"tag":"pulse"},{"angle":0,"time":23,"type":"tag","angleOffset":false,"tag":"pulse"},{"angle":0,"time":24.5,"type":"tag","angleOffset":false,"tag":"pulse"},{"angle":0,"time":25,"type":"tag","angleOffset":false,"tag":"pulse"},{"angle":0,"time":26,"type":"tag","angleOffset":false,"tag":"pulse"},{"angle":0,"time":28,"type":"tag","angleOffset":false,"tag":"pulse"},{"angle":0,"time":29.5,"type":"tag","angleOffset":false,"tag":"pulse"},{"angle":0,"time":30,"type":"tag","angleOffset":false,"tag":"pulse"},{"angle":0,"time":31,"type":"tag","angleOffset":false,"tag":"pulse"},{"angle":0,"time":32.5,"type":"tag","angleOffset":false,"tag":"pulse"},{"angle":0,"time":33,"type":"tag","angleOffset":false,"tag":"pulse"},{"angle":0,"time":34,"type":"tag","angleOffset":false,"tag":"pulse"},{"g":4,"type":"setColor","r":0,"b":24,"time":36,"duration":2,"angle":105,"color":0},{"g":110,"type":"setColor","r":46,"b":154,"time":36,"duration":2,"angle":120,"color":2},{"g":64,"type":"setColor","r":0,"b":97,"time":36,"duration":2,"angle":135,"color":3},{"g":47,"type":"setColor","r":9,"b":85,"time":36,"duration":2,"angle":150,"color":4},{"angle":0,"time":70,"type":"tag","angleOffset":false,"tag":"pulse"},{"angle":0,"time":74,"type":"tag","angleOffset":false,"tag":"pulse"},{"angle":0,"time":78,"type":"tag","angleOffset":false,"tag":"pulse"},{"angle":360,"time":82,"type":"tag","angleOffset":false,"tag":"pulse"},{"angle":0,"time":86,"type":"tag","angleOffset":false,"tag":"pulse"},{"angle":0,"time":90,"type":"tag","angleOffset":false,"tag":"pulse"},{"angle":0,"time":94,"type":"tag","angleOffset":false,"tag":"pulse"},{"angle":0,"time":98,"type":"tag","angleOffset":false,"tag":"pulse"},{"angle":0,"time":100,"type":"tag","angleOffset":false,"tag":"pulse"},{"angle":0,"time":116,"type":"tag","angleOffset":false,"tag":"pulse"},{"angle":0,"time":117,"type":"tag","angleOffset":false,"tag":"pulse"},{"angle":0,"time":118,"type":"tag","angleOffset":false,"tag":"pulse"},{"angle":0,"time":119,"type":"tag","angleOffset":false,"tag":"pulse"},{"angle":0,"time":120,"type":"tag","angleOffset":false,"tag":"pulse"},{"angle":0,"time":121,"type":"tag","angleOffset":false,"tag":"pulse"},{"angle":0,"time":122,"type":"tag","angleOffset":false,"tag":"pulse"},{"angle":0,"time":123,"type":"tag","angleOffset":false,"tag":"pulse"},{"angle":0,"time":124,"type":"tag","angleOffset":false,"tag":"pulse"},{"angle":0,"time":125,"type":"tag","angleOffset":false,"tag":"pulse"},{"angle":0,"time":126,"type":"tag","angleOffset":false,"tag":"pulse"},{"angle":0,"time":127,"type":"tag","angleOffset":false,"tag":"pulse"},{"angle":0,"time":124.5,"type":"tag","angleOffset":false,"tag":"pulse"},{"angle":0,"time":125.5,"type":"tag","angleOffset":false,"tag":"pulse"},{"angle":0,"time":126.5,"type":"tag","angleOffset":false,"tag":"pulse"},{"angle":0,"time":127.5,"type":"tag","angleOffset":false,"tag":"pulse"},{"angle":0,"time":130,"type":"tag","angleOffset":false,"tag":"pulse"},{"type":"ease","time":132,"value":32,"var":"vfx.hwaves.period","angle":195},{"angle":180,"time":132,"type":"tag","angleOffset":false,"tag":"wave"},{"angle":180,"time":135,"type":"tag","angleOffset":false,"tag":"wave"},{"angle":180,"time":143,"type":"tag","angleOffset":false,"tag":"wave"},{"angle":180,"time":148,"type":"tag","angleOffset":false,"tag":"wave"},{"angle":180,"time":151,"type":"tag","angleOffset":false,"tag":"wave"},{"angle":180,"time":159,"type":"tag","angleOffset":false,"tag":"wave"},{"angle":180,"time":161.25,"type":"tag","angleOffset":false,"tag":"wave"},{"angle":180,"time":164.75,"type":"tag","angleOffset":false,"tag":"wave"},{"angle":180,"time":175,"type":"tag","angleOffset":false,"tag":"wave"},{"angle":180,"time":180,"type":"tag","angleOffset":false,"tag":"wave"},{"angle":180,"time":183,"type":"tag","angleOffset":false,"tag":"wave"},{"angle":180,"time":191,"type":"tag","angleOffset":false,"tag":"wave"},{"angle":180,"time":196,"type":"tag","angleOffset":false,"tag":"wave"},{"angle":180,"time":199,"type":"tag","angleOffset":false,"tag":"wave"},{"angle":180,"time":207,"type":"tag","angleOffset":false,"tag":"wave"},{"g":4,"angle":105,"type":"setColor","r":0,"color":0,"b":24,"time":140},{"angle":120,"time":140,"type":"setColor","r":46,"color":2,"b":154,"g":110},{"g":64,"angle":135,"type":"setColor","r":0,"color":3,"b":97,"time":140},{"g":47,"angle":150,"type":"setColor","r":9,"color":4,"b":85,"time":140},{"angle":180,"time":141,"type":"tag","angleOffset":false,"tag":"pulse"},{"g":4,"angle":105,"type":"setColor","r":0,"color":0,"b":24,"time":229},{"angle":120,"time":229,"type":"setColor","r":46,"color":2,"b":154,"g":110},{"g":64,"angle":135,"type":"setColor","r":0,"color":3,"b":97,"time":229},{"g":47,"angle":150,"type":"setColor","r":9,"color":4,"b":85,"time":229},{"angle":180,"time":230,"type":"tag","angleOffset":false,"tag":"pulse"},{"angle":180,"time":228,"type":"tag","angleOffset":false,"tag":"wave"},{"angle":180,"time":231,"type":"tag","angleOffset":false,"tag":"wave"},{"angle":180,"time":239,"type":"tag","angleOffset":false,"tag":"wave"},{"angle":180,"time":244,"type":"tag","angleOffset":false,"tag":"wave"},{"angle":180,"time":247,"type":"tag","angleOffset":false,"tag":"wave"},{"angle":180,"time":212,"type":"tag","angleOffset":false,"tag":"wave"},{"angle":180,"time":215,"type":"tag","angleOffset":false,"tag":"wave"},{"angle":180,"time":223,"type":"tag","angleOffset":false,"tag":"wave"},{"g":4,"type":"setColor","r":0,"b":24,"time":260,"duration":2,"angle":105,"color":0},{"g":110,"type":"setColor","r":46,"b":154,"time":260,"duration":2,"angle":120,"color":2},{"g":64,"type":"setColor","r":0,"b":97,"time":260,"duration":2,"angle":135,"color":3},{"g":47,"type":"setColor","r":9,"b":85,"time":260,"duration":2,"angle":150,"color":4},{"angle":0,"time":358,"type":"tag","angleOffset":false,"tag":"pulse"},{"angle":0,"time":362,"type":"tag","angleOffset":false,"tag":"pulse"},{"angle":0,"time":366,"type":"tag","angleOffset":false,"tag":"pulse"},{"angle":360,"time":370,"type":"tag","angleOffset":false,"tag":"pulse"},{"angle":0,"time":374,"type":"tag","angleOffset":false,"tag":"pulse"},{"angle":0,"time":378,"type":"tag","angleOffset":false,"tag":"pulse"},{"angle":0,"time":382,"type":"tag","angleOffset":false,"tag":"pulse"},{"angle":0,"time":386,"type":"tag","angleOffset":false,"tag":"pulse"},{"angle":0,"time":388,"type":"tag","angleOffset":false,"tag":"pulse"},{"angle":0,"time":388.75,"type":"tag","angleOffset":false,"tag":"pulse"},{"angle":0,"time":389.5,"type":"tag","angleOffset":false,"tag":"pulse"},{"angle":0,"time":390,"type":"tag","angleOffset":false,"tag":"pulse"},{"angle":0,"time":391,"type":"tag","angleOffset":false,"tag":"pulse"},{"angle":0,"time":391.75,"type":"tag","angleOffset":false,"tag":"pulse"},{"angle":0,"time":392.5,"type":"tag","angleOffset":false,"tag":"pulse"},{"angle":0,"time":394,"type":"tag","angleOffset":false,"tag":"pulse"},{"angle":0,"time":397,"type":"tag","angleOffset":false,"tag":"pulse"},{"angle":0,"time":398,"type":"tag","angleOffset":false,"tag":"pulse"},{"angle":0,"time":398.25,"type":"tag","angleOffset":false,"tag":"pulse"},{"angle":0,"time":399,"type":"tag","angleOffset":false,"tag":"pulse"},{"angle":0,"time":399.75,"type":"tag","angleOffset":false,"tag":"pulse"},{"angle":0,"time":400.5,"type":"tag","angleOffset":false,"tag":"pulse"},{"angle":0,"time":401.25,"type":"tag","angleOffset":false,"tag":"pulse"},{"angle":0,"time":402,"type":"tag","angleOffset":false,"tag":"pulse"},{"angle":0,"time":402.75,"type":"tag","angleOffset":false,"tag":"pulse"},{"angle":0,"time":403.5,"type":"tag","angleOffset":false,"tag":"pulse"},{"angle":0,"time":404,"type":"tag","angleOffset":false,"tag":"pulse"},{"angle":0,"time":404.75,"type":"tag","angleOffset":false,"tag":"pulse"},{"angle":0,"time":405.5,"type":"tag","angleOffset":false,"tag":"pulse"},{"angle":0,"time":406,"type":"tag","angleOffset":false,"tag":"pulse"},{"angle":0,"time":407,"type":"tag","angleOffset":false,"tag":"pulse"},{"angle":0,"time":407.75,"type":"tag","angleOffset":false,"tag":"pulse"},{"angle":0,"time":408.5,"type":"tag","angleOffset":false,"tag":"pulse"},{"angle":0,"time":410,"type":"tag","angleOffset":false,"tag":"pulse"},{"angle":0,"time":413,"type":"tag","angleOffset":false,"tag":"pulse"},{"angle":0,"time":414,"type":"tag","angleOffset":false,"tag":"pulse"},{"angle":0,"time":414.25,"type":"tag","angleOffset":false,"tag":"pulse"},{"angle":0,"time":415,"type":"tag","angleOffset":false,"tag":"pulse"},{"angle":0,"time":415.75,"type":"tag","angleOffset":false,"tag":"pulse"},{"angle":0,"time":416.5,"type":"tag","angleOffset":false,"tag":"pulse"},{"angle":0,"time":417.25,"type":"tag","angleOffset":false,"tag":"pulse"},{"angle":0,"time":418,"type":"tag","angleOffset":false,"tag":"pulse"},{"angle":0,"time":418.75,"type":"tag","angleOffset":false,"tag":"pulse"},{"angle":0,"time":419.5,"type":"tag","angleOffset":false,"tag":"pulse"},{"angle":0,"time":420,"type":"tag","angleOffset":false,"tag":"pulse"},{"angle":0,"time":421.5,"type":"tag","angleOffset":false,"tag":"pulse"},{"angle":0,"time":422,"type":"tag","angleOffset":false,"tag":"pulse"},{"angle":0,"time":423,"type":"tag","angleOffset":false,"tag":"pulse"},{"angle":0,"time":424.5,"type":"tag","angleOffset":false,"tag":"pulse"},{"angle":0,"time":425,"type":"tag","angleOffset":false,"tag":"pulse"},{"angle":0,"time":426,"type":"tag","angleOffset":false,"tag":"pulse"},{"angle":0,"time":428,"type":"tag","angleOffset":false,"tag":"pulse"},{"angle":0,"time":429.5,"type":"tag","angleOffset":false,"tag":"pulse"},{"angle":0,"time":430,"type":"tag","angleOffset":false,"tag":"pulse"},{"angle":0,"time":431,"type":"tag","angleOffset":false,"tag":"pulse"},{"angle":0,"time":432.5,"type":"tag","angleOffset":false,"tag":"pulse"},{"angle":0,"time":433,"type":"tag","angleOffset":false,"tag":"pulse"},{"angle":0,"time":434,"type":"tag","angleOffset":false,"tag":"pulse"},{"angle":0,"time":436,"type":"tag","angleOffset":false,"tag":"pulse"},{"angle":0,"time":437.5,"type":"tag","angleOffset":false,"tag":"pulse"},{"angle":0,"time":438,"type":"tag","angleOffset":false,"tag":"pulse"},{"angle":0,"time":439,"type":"tag","angleOffset":false,"tag":"pulse"},{"angle":0,"time":440.5,"type":"tag","angleOffset":false,"tag":"pulse"},{"angle":0,"time":441,"type":"tag","angleOffset":false,"tag":"pulse"},{"angle":0,"time":442,"type":"tag","angleOffset":false,"tag":"pulse"},{"angle":0,"time":444,"type":"tag","angleOffset":false,"tag":"pulse"},{"angle":0,"time":445.5,"type":"tag","angleOffset":false,"tag":"pulse"},{"angle":0,"time":446,"type":"tag","angleOffset":false,"tag":"pulse"},{"angle":0,"time":447,"type":"tag","angleOffset":false,"tag":"pulse"},{"angle":0,"time":448.5,"type":"tag","angleOffset":false,"tag":"pulse"},{"angle":0,"time":449,"type":"tag","angleOffset":false,"tag":"pulse"},{"angle":0,"time":450,"type":"tag","angleOffset":false,"tag":"pulse"},{"sprite":"star.png","angle":285,"ox":13,"oy":13,"x":100,"y":100,"id":"star1","type":"deco","time":35.75,"sx":0,"sy":0},{"angle":285,"type":"deco","r":135,"time":36,"id":"star1","duration":2,"ease":"outCirc","sx":1,"sy":1},{"angle":285,"type":"deco","r":270,"time":38,"duration":1,"id":"star1","sx":0,"sy":0},{"sprite":"star.png","angle":285,"ox":13,"oy":13,"x":180,"y":230,"id":"star2","type":"deco","time":39,"sx":0,"sy":0},{"angle":285,"type":"deco","r":135,"x":180,"y":230,"id":"star2","ease":"outCirc","duration":2,"time":39.25,"sx":1,"sy":1},{"angle":285,"type":"deco","r":270,"x":180,"y":230,"time":41.25,"duration":1,"id":"star2","sx":0,"sy":0},{"sprite":"star.png","angle":300,"ox":13,"oy":13,"x":40,"y":320,"id":"star3","type":"deco","time":40,"sx":0,"sy":0},{"angle":300,"type":"deco","r":135,"x":40,"y":320,"id":"star3","ease":"outCirc","duration":2,"time":40.25,"sx":1,"sy":1},{"angle":300,"type":"deco","r":270,"x":40,"y":320,"time":42.25,"duration":1,"id":"star3","sx":0,"sy":0},{"sprite":"star.png","angle":315,"ox":13,"oy":13,"x":500,"y":30,"time":41.5,"id":"star4","type":"deco","sx":0,"sy":0},{"angle":315,"type":"deco","r":135,"x":500,"y":30,"id":"star4","ease":"outCirc","duration":2,"time":41.75,"sx":1,"sy":1},{"angle":315,"type":"deco","r":270,"x":500,"y":30,"time":43.75,"duration":1,"id":"star4","sx":0,"sy":0},{"sprite":"star.png","angle":330,"ox":13,"oy":13,"x":430,"y":180,"time":43,"id":"star5","type":"deco","sx":0,"sy":0},{"angle":330,"type":"deco","r":135,"x":430,"y":180,"id":"star5","ease":"outCirc","duration":2,"time":43.25,"sx":1,"sy":1},{"angle":330,"type":"deco","r":270,"x":430,"y":180,"time":45.25,"duration":1,"id":"star5","sx":0,"sy":0},{"sprite":"star.png","angle":285,"ox":13,"oy":13,"x":300,"y":100,"time":44,"id":"star1","type":"deco","sx":0,"sy":0},{"angle":285,"ease":"outCirc","r":135,"x":300,"time":44.25,"type":"deco","duration":2,"id":"star1","sx":1,"sy":1},{"angle":285,"type":"deco","r":270,"x":300,"time":46.25,"duration":1,"id":"star1","sx":0,"sy":0},{"sprite":"star.png","angle":285,"ox":13,"oy":13,"x":140,"y":270,"time":47,"id":"star2","type":"deco","sx":0,"sy":0},{"angle":285,"type":"deco","r":135,"x":140,"y":270,"id":"star2","ease":"outCirc","duration":2,"time":47.25,"sx":1,"sy":1},{"angle":285,"type":"deco","r":270,"x":140,"y":270,"time":49.25,"duration":1,"id":"star2","sx":0,"sy":0},{"sprite":"star.png","angle":300,"ox":13,"oy":13,"x":560,"y":78,"time":48,"id":"star3","type":"deco","sx":0,"sy":0},{"angle":300,"type":"deco","r":135,"x":560,"y":78,"id":"star3","ease":"outCirc","duration":2,"time":48.25,"sx":1,"sy":1},{"angle":300,"type":"deco","r":270,"x":560,"y":78,"time":50.25,"duration":1,"id":"star3","sx":0,"sy":0},{"sprite":"star.png","angle":315,"ox":13,"oy":13,"x":420,"y":310,"id":"star4","type":"deco","time":49.5,"sx":0,"sy":0},{"angle":315,"type":"deco","r":135,"x":420,"y":310,"id":"star4","ease":"outCirc","duration":2,"time":49.75,"sx":1,"sy":1},{"angle":315,"type":"deco","r":270,"x":420,"y":310,"time":51.75,"duration":1,"id":"star4","sx":0,"sy":0},{"sprite":"star.png","angle":330,"ox":13,"oy":13,"x":330,"y":120,"id":"star5","type":"deco","time":51,"sx":0,"sy":0},{"angle":330,"type":"deco","r":135,"x":330,"y":120,"id":"star5","ease":"outCirc","duration":2,"time":51.25,"sx":1,"sy":1},{"angle":330,"type":"deco","r":270,"x":330,"y":120,"time":53.25,"duration":1,"id":"star5","sx":0,"sy":0},{"sprite":"star.png","angle":285,"ox":13,"oy":13,"x":160,"y":150,"time":52,"id":"star1","type":"deco","sx":0,"sy":0},{"angle":285,"type":"deco","r":135,"x":160,"y":150,"id":"star1","ease":"outCirc","duration":2,"time":52.25,"sx":1,"sy":1},{"angle":285,"type":"deco","r":270,"x":160,"y":150,"time":54.25,"duration":1,"id":"star1","sx":0,"sy":0},{"sprite":"star.png","angle":285,"ox":13,"oy":13,"x":370,"y":220,"id":"star2","type":"deco","time":55,"sx":0,"sy":0},{"angle":285,"type":"deco","r":135,"x":370,"y":220,"id":"star2","ease":"outCirc","duration":2,"time":55.25,"sx":1,"sy":1},{"angle":285,"type":"deco","r":270,"x":370,"y":220,"time":57.25,"duration":1,"id":"star2","sx":0,"sy":0},{"sprite":"star.png","angle":300,"ox":13,"oy":13,"x":300,"y":329,"id":"star3","type":"deco","time":56,"sx":0,"sy":0},{"angle":300,"type":"deco","r":135,"x":300,"y":329,"id":"star3","ease":"outCirc","duration":2,"time":56.25,"sx":1,"sy":1},{"angle":300,"type":"deco","r":270,"x":300,"y":329,"time":58.25,"duration":1,"id":"star3","sx":0,"sy":0},{"sprite":"star.png","angle":300,"ox":13,"oy":13,"x":200,"y":100,"time":57.25,"id":"star4","type":"deco","sx":0,"sy":0},{"angle":300,"ease":"outCirc","r":135,"x":200,"time":57.5,"type":"deco","duration":2,"id":"star4","sx":1,"sy":1},{"angle":300,"type":"deco","r":270,"x":200,"time":59.5,"duration":1,"id":"star4","sx":0,"sy":0},{"sprite":"star.png","angle":315,"ox":13,"oy":13,"x":430,"y":250,"time":59,"id":"star5","type":"deco","sx":0,"sy":0},{"angle":315,"type":"deco","r":135,"x":430,"y":250,"id":"star5","ease":"outCirc","duration":2,"time":59.25,"sx":1,"sy":1},{"angle":315,"type":"deco","r":270,"x":430,"y":250,"time":61.25,"duration":1,"id":"star5","sx":0,"sy":0},{"sprite":"star.png","angle":285,"ox":13,"oy":13,"x":150,"y":20,"id":"star1","type":"deco","time":60,"sx":0,"sy":0},{"angle":285,"type":"deco","r":135,"x":150,"y":20,"id":"star1","ease":"outCirc","duration":2,"time":60.25,"sx":1,"sy":1},{"angle":285,"type":"deco","r":270,"x":150,"y":20,"time":62.25,"duration":1,"id":"star1","sx":0,"sy":0},{"sprite":"star.png","angle":300,"ox":13,"oy":13,"x":380,"y":150,"time":61.5,"id":"star2","type":"deco","sx":0,"sy":0},{"angle":300,"type":"deco","r":135,"x":380,"y":150,"id":"star2","ease":"outCirc","duration":2,"time":61.75,"sx":1,"sy":1},{"angle":300,"type":"deco","r":270,"x":380,"y":150,"time":63.75,"duration":1,"id":"star2","sx":0,"sy":0},{"sprite":"star.png","angle":315,"ox":13,"oy":13,"x":400,"y":250,"time":63,"id":"star3","type":"deco","sx":0,"sy":0},{"angle":315,"type":"deco","r":135,"time":63.25,"id":"star3","duration":2,"ease":"outCirc","sx":1,"sy":1},{"angle":315,"type":"deco","r":270,"id":"star3","duration":1,"time":65.25,"sx":0,"sy":0},{"sprite":"star.png","angle":330,"ox":13,"oy":13,"x":200,"y":50,"time":64,"id":"star4","type":"deco","sx":0,"sy":0},{"angle":330,"type":"deco","r":135,"x":200,"y":50,"id":"star4","ease":"outCirc","duration":2,"time":64.25,"sx":1,"sy":1},{"angle":330,"type":"deco","r":270,"x":200,"y":50,"time":66.25,"duration":1,"id":"star4","sx":0,"sy":0},{"sprite":"star.png","angle":345,"ox":13,"oy":13,"x":300,"y":180,"id":"star5","type":"deco","time":66,"sx":0,"sy":0},{"angle":345,"type":"deco","r":135,"x":300,"y":180,"id":"star5","ease":"outCirc","duration":2,"time":66.25,"sx":1,"sy":1},{"angle":345,"type":"deco","r":270,"x":300,"y":180,"time":68.25,"duration":1,"id":"star5","sx":0,"sy":0},{"sprite":"star.png","angle":285,"ox":13,"oy":13,"x":100,"y":100,"time":67.75,"id":"star1","type":"deco","sx":0,"sy":0},{"angle":285,"type":"deco","r":135,"time":68,"id":"star1","duration":2,"ease":"outCirc","sx":1,"sy":1},{"angle":285,"type":"deco","r":270,"id":"star1","duration":1,"time":70,"sx":0,"sy":0},{"sprite":"star.png","angle":285,"ox":13,"oy":13,"x":180,"y":230,"id":"star2","type":"deco","time":71,"sx":0,"sy":0},{"angle":285,"type":"deco","r":135,"x":180,"y":230,"id":"star2","ease":"outCirc","duration":2,"time":71.25,"sx":1,"sy":1},{"angle":285,"type":"deco","r":270,"x":180,"y":230,"time":73.25,"duration":1,"id":"star2","sx":0,"sy":0},{"sprite":"star.png","angle":300,"ox":13,"oy":13,"x":40,"y":320,"id":"star3","type":"deco","time":72,"sx":0,"sy":0},{"angle":300,"type":"deco","r":135,"x":40,"y":320,"id":"star3","ease":"outCirc","duration":2,"time":72.25,"sx":1,"sy":1},{"angle":300,"type":"deco","r":270,"x":40,"y":320,"time":74.25,"duration":1,"id":"star3","sx":0,"sy":0},{"sprite":"star.png","angle":315,"ox":13,"oy":13,"x":500,"y":30,"time":73.5,"id":"star4","type":"deco","sx":0,"sy":0},{"angle":315,"type":"deco","r":135,"x":500,"y":30,"id":"star4","ease":"outCirc","duration":2,"time":73.75,"sx":1,"sy":1},{"angle":315,"type":"deco","r":270,"x":500,"y":30,"time":75.75,"duration":1,"id":"star4","sx":0,"sy":0},{"sprite":"star.png","angle":330,"ox":13,"oy":13,"x":430,"y":180,"time":75,"id":"star5","type":"deco","sx":0,"sy":0},{"angle":330,"type":"deco","r":135,"x":430,"y":180,"id":"star5","ease":"outCirc","duration":2,"time":75.25,"sx":1,"sy":1},{"angle":330,"type":"deco","r":270,"x":430,"y":180,"time":77.25,"duration":1,"id":"star5","sx":0,"sy":0},{"sprite":"star.png","angle":285,"ox":13,"oy":13,"x":300,"y":100,"time":76,"id":"star1","type":"deco","sx":0,"sy":0},{"angle":285,"ease":"outCirc","r":135,"x":300,"time":76.25,"type":"deco","duration":2,"id":"star1","sx":1,"sy":1},{"angle":285,"type":"deco","r":270,"x":300,"time":78.25,"duration":1,"id":"star1","sx":0,"sy":0},{"sprite":"star.png","angle":285,"ox":13,"oy":13,"x":140,"y":270,"time":79,"id":"star2","type":"deco","sx":0,"sy":0},{"angle":285,"type":"deco","r":135,"x":140,"y":270,"id":"star2","ease":"outCirc","duration":2,"time":79.25,"sx":1,"sy":1},{"angle":285,"type":"deco","r":270,"x":140,"y":270,"time":81.25,"duration":1,"id":"star2","sx":0,"sy":0},{"sprite":"star.png","angle":300,"ox":13,"oy":13,"x":560,"y":78,"time":80,"id":"star3","type":"deco","sx":0,"sy":0},{"angle":300,"type":"deco","r":135,"x":560,"y":78,"id":"star3","ease":"outCirc","duration":2,"time":80.25,"sx":1,"sy":1},{"angle":300,"type":"deco","r":270,"x":560,"y":78,"time":82.25,"duration":1,"id":"star3","sx":0,"sy":0},{"sprite":"star.png","angle":315,"ox":13,"oy":13,"x":420,"y":310,"id":"star4","type":"deco","time":81.5,"sx":0,"sy":0},{"angle":315,"type":"deco","r":135,"x":420,"y":310,"id":"star4","ease":"outCirc","duration":2,"time":81.75,"sx":1,"sy":1},{"angle":315,"type":"deco","r":270,"x":420,"y":310,"time":83.75,"duration":1,"id":"star4","sx":0,"sy":0},{"sprite":"star.png","angle":330,"ox":13,"oy":13,"x":330,"y":120,"id":"star5","type":"deco","time":83,"sx":0,"sy":0},{"angle":330,"type":"deco","r":135,"x":330,"y":120,"id":"star5","ease":"outCirc","duration":2,"time":83.25,"sx":1,"sy":1},{"angle":330,"type":"deco","r":270,"x":330,"y":120,"time":85.25,"duration":1,"id":"star5","sx":0,"sy":0},{"sprite":"star.png","angle":285,"ox":13,"oy":13,"x":160,"y":150,"time":84,"id":"star1","type":"deco","sx":0,"sy":0},{"angle":285,"type":"deco","r":135,"x":160,"y":150,"id":"star1","ease":"outCirc","duration":2,"time":84.25,"sx":1,"sy":1},{"angle":285,"type":"deco","r":270,"x":160,"y":150,"time":86.25,"duration":1,"id":"star1","sx":0,"sy":0},{"sprite":"star.png","angle":285,"ox":13,"oy":13,"x":370,"y":220,"id":"star2","type":"deco","time":87,"sx":0,"sy":0},{"angle":285,"type":"deco","r":135,"x":370,"y":220,"id":"star2","ease":"outCirc","duration":2,"time":87.25,"sx":1,"sy":1},{"angle":285,"type":"deco","r":270,"x":370,"y":220,"time":89.25,"duration":1,"id":"star2","sx":0,"sy":0},{"sprite":"star.png","angle":300,"ox":13,"oy":13,"x":300,"y":329,"id":"star3","type":"deco","time":88,"sx":0,"sy":0},{"angle":300,"type":"deco","r":135,"x":300,"y":329,"id":"star3","ease":"outCirc","duration":2,"time":88.25,"sx":1,"sy":1},{"angle":300,"type":"deco","r":270,"x":300,"y":329,"time":90.25,"duration":1,"id":"star3","sx":0,"sy":0},{"sprite":"star.png","angle":300,"ox":13,"oy":13,"x":200,"y":100,"time":89.25,"id":"star4","type":"deco","sx":0,"sy":0},{"angle":300,"ease":"outCirc","r":135,"x":200,"time":89.5,"type":"deco","duration":2,"id":"star4","sx":1,"sy":1},{"angle":300,"type":"deco","r":270,"x":200,"time":91.5,"duration":1,"id":"star4","sx":0,"sy":0},{"sprite":"star.png","angle":315,"ox":13,"oy":13,"x":430,"y":250,"time":91,"id":"star5","type":"deco","sx":0,"sy":0},{"angle":315,"type":"deco","r":135,"x":430,"y":250,"id":"star5","ease":"outCirc","duration":2,"time":91.25,"sx":1,"sy":1},{"angle":315,"type":"deco","r":270,"x":430,"y":250,"time":92.75,"duration":1,"id":"star5","sx":0,"sy":0},{"sprite":"star.png","angle":330,"ox":13,"oy":13,"x":140,"y":180,"id":"star1","type":"deco","time":92.5,"sx":0,"sy":0},{"angle":330,"type":"deco","r":135,"x":430,"y":250,"id":"star1","ease":"outCirc","duration":2,"time":92.75,"sx":1,"sy":1},{"angle":330,"type":"deco","r":270,"x":430,"y":250,"time":94.75,"duration":1,"id":"star1","sx":0,"sy":0},{"sprite":"star.png","angle":330,"ox":13,"oy":13,"x":200,"y":320,"id":"star2","type":"deco","time":97,"sx":0,"sy":0},{"angle":330,"type":"deco","r":135,"x":200,"y":320,"id":"star2","ease":"outCirc","duration":2,"time":97.25,"sx":1,"sy":1},{"angle":330,"type":"deco","r":270,"x":200,"y":320,"time":99.25,"duration":1,"id":"star2","sx":0,"sy":0},{"sprite":"star.png","angle":345,"ox":13,"oy":13,"x":40,"y":140,"time":98,"id":"star3","type":"deco","sx":0,"sy":0},{"angle":345,"type":"deco","r":135,"x":40,"y":140,"id":"star3","ease":"outCirc","duration":2,"time":98.25,"sx":1,"sy":1},{"angle":345,"type":"deco","r":270,"x":40,"y":140,"time":100.25,"duration":1,"id":"star3","sx":0,"sy":0},{"sprite":"star.png","angle":285,"ox":13,"oy":13,"x":420,"y":170,"time":98.5,"id":"star4","type":"deco","sx":0,"sy":0},{"angle":285,"type":"deco","r":135,"x":420,"y":170,"id":"star4","ease":"outCirc","duration":2,"time":98.75,"sx":1,"sy":1},{"angle":285,"type":"deco","r":270,"x":420,"y":170,"time":100.75,"duration":1,"id":"star4","sx":0,"sy":0},{"sprite":"star.png","angle":330,"ox":13,"oy":13,"x":320,"y":20,"time":99,"id":"star5","type":"deco","sx":0,"sy":0},{"angle":330,"type":"deco","r":135,"x":320,"y":20,"id":"star5","ease":"outCirc","duration":2,"time":99.25,"sx":1,"sy":1},{"angle":330,"type":"deco","r":270,"x":320,"y":20,"time":101.25,"duration":1,"id":"star5","sx":0,"sy":0},{"sprite":"star.png","angle":390,"ox":13,"oy":13,"x":430,"y":250,"time":99.5,"id":"star1","type":"deco","sx":0,"sy":0},{"angle":390,"type":"deco","r":135,"x":430,"y":250,"id":"star1","ease":"outCirc","duration":2,"time":99.75,"sx":1,"sy":1},{"angle":390,"type":"deco","r":270,"x":430,"y":250,"time":101.75,"duration":1,"id":"star1","sx":0,"sy":0},{"sprite":"star.png","angle":285,"ox":13,"oy":13,"x":100,"y":100,"id":"star1","type":"deco","time":323.75,"sx":0,"sy":0},{"angle":285,"type":"deco","r":135,"time":324,"id":"star1","duration":2,"ease":"outCirc","sx":1,"sy":1},{"angle":285,"type":"deco","r":270,"id":"star1","duration":1,"time":326,"sx":0,"sy":0},{"sprite":"star.png","angle":285,"ox":13,"oy":13,"x":180,"y":230,"id":"star2","type":"deco","time":327,"sx":0,"sy":0},{"angle":285,"type":"deco","r":135,"x":180,"y":230,"id":"star2","ease":"outCirc","duration":2,"time":327.25,"sx":1,"sy":1},{"angle":285,"type":"deco","r":270,"x":180,"y":230,"time":329.25,"duration":1,"id":"star2","sx":0,"sy":0},{"sprite":"star.png","angle":300,"ox":13,"oy":13,"x":40,"y":320,"id":"star3","type":"deco","time":328,"sx":0,"sy":0},{"angle":300,"type":"deco","r":135,"x":40,"y":320,"id":"star3","ease":"outCirc","duration":2,"time":328.25,"sx":1,"sy":1},{"angle":300,"type":"deco","r":270,"x":40,"y":320,"time":330.25,"duration":1,"id":"star3","sx":0,"sy":0},{"sprite":"star.png","angle":315,"ox":13,"oy":13,"x":500,"y":30,"time":329.5,"id":"star4","type":"deco","sx":0,"sy":0},{"angle":315,"type":"deco","r":135,"x":500,"y":30,"id":"star4","ease":"outCirc","duration":2,"time":329.75,"sx":1,"sy":1},{"angle":315,"type":"deco","r":270,"x":500,"y":30,"time":331.75,"duration":1,"id":"star4","sx":0,"sy":0},{"sprite":"star.png","angle":330,"ox":13,"oy":13,"x":430,"y":180,"time":331,"id":"star5","type":"deco","sx":0,"sy":0},{"angle":330,"type":"deco","r":135,"x":430,"y":180,"id":"star5","ease":"outCirc","duration":2,"time":331.25,"sx":1,"sy":1},{"angle":330,"type":"deco","r":270,"x":430,"y":180,"time":333.25,"duration":1,"id":"star5","sx":0,"sy":0},{"sprite":"star.png","angle":285,"ox":13,"oy":13,"x":300,"y":100,"time":332,"id":"star1","type":"deco","sx":0,"sy":0},{"angle":285,"ease":"outCirc","r":135,"x":300,"time":332.25,"type":"deco","duration":2,"id":"star1","sx":1,"sy":1},{"angle":285,"type":"deco","r":270,"x":300,"time":334.25,"duration":1,"id":"star1","sx":0,"sy":0},{"sprite":"star.png","angle":285,"ox":13,"oy":13,"x":140,"y":270,"time":335,"id":"star2","type":"deco","sx":0,"sy":0},{"angle":285,"type":"deco","r":135,"x":140,"y":270,"id":"star2","ease":"outCirc","duration":2,"time":335.25,"sx":1,"sy":1},{"angle":285,"type":"deco","r":270,"x":140,"y":270,"time":337.25,"duration":1,"id":"star2","sx":0,"sy":0},{"sprite":"star.png","angle":300,"ox":13,"oy":13,"x":560,"y":78,"time":336,"id":"star3","type":"deco","sx":0,"sy":0},{"angle":300,"type":"deco","r":135,"x":560,"y":78,"id":"star3","ease":"outCirc","duration":2,"time":336.25,"sx":1,"sy":1},{"angle":300,"type":"deco","r":270,"x":560,"y":78,"time":338.25,"duration":1,"id":"star3","sx":0,"sy":0},{"sprite":"star.png","angle":315,"ox":13,"oy":13,"x":420,"y":310,"id":"star4","type":"deco","time":337.5,"sx":0,"sy":0},{"angle":315,"type":"deco","r":135,"x":420,"y":310,"id":"star4","ease":"outCirc","duration":2,"time":337.75,"sx":1,"sy":1},{"angle":315,"type":"deco","r":270,"x":420,"y":310,"time":339.75,"duration":1,"id":"star4","sx":0,"sy":0},{"sprite":"star.png","angle":330,"ox":13,"oy":13,"x":330,"y":120,"id":"star5","type":"deco","time":339,"sx":0,"sy":0},{"angle":330,"type":"deco","r":135,"x":330,"y":120,"id":"star5","ease":"outCirc","duration":2,"time":339.25,"sx":1,"sy":1},{"angle":330,"type":"deco","r":270,"x":330,"y":120,"time":341.25,"duration":1,"id":"star5","sx":0,"sy":0},{"sprite":"star.png","angle":285,"ox":13,"oy":13,"x":160,"y":150,"time":340,"id":"star1","type":"deco","sx":0,"sy":0},{"angle":285,"type":"deco","r":135,"x":160,"y":150,"id":"star1","ease":"outCirc","duration":2,"time":340.25,"sx":1,"sy":1},{"angle":285,"type":"deco","r":270,"x":160,"y":150,"time":342.25,"duration":1,"id":"star1","sx":0,"sy":0},{"sprite":"star.png","angle":285,"ox":13,"oy":13,"x":370,"y":220,"id":"star2","type":"deco","time":343,"sx":0,"sy":0},{"angle":285,"type":"deco","r":135,"x":370,"y":220,"id":"star2","ease":"outCirc","duration":2,"time":343.25,"sx":1,"sy":1},{"angle":285,"type":"deco","r":270,"x":370,"y":220,"time":345.25,"duration":1,"id":"star2","sx":0,"sy":0},{"sprite":"star.png","angle":300,"ox":13,"oy":13,"x":300,"y":329,"id":"star3","type":"deco","time":344,"sx":0,"sy":0},{"angle":300,"type":"deco","r":135,"x":300,"y":329,"id":"star3","ease":"outCirc","duration":2,"time":344.25,"sx":1,"sy":1},{"angle":300,"type":"deco","r":270,"x":300,"y":329,"time":346.25,"duration":1,"id":"star3","sx":0,"sy":0},{"sprite":"star.png","angle":300,"ox":13,"oy":13,"x":200,"y":100,"time":345.25,"id":"star4","type":"deco","sx":0,"sy":0},{"angle":300,"ease":"outCirc","r":135,"x":200,"time":345.5,"type":"deco","duration":2,"id":"star4","sx":1,"sy":1},{"angle":300,"type":"deco","r":270,"x":200,"time":347.5,"duration":1,"id":"star4","sx":0,"sy":0},{"sprite":"star.png","angle":315,"ox":13,"oy":13,"x":430,"y":250,"time":347,"id":"star5","type":"deco","sx":0,"sy":0},{"angle":315,"type":"deco","r":135,"x":430,"y":250,"id":"star5","ease":"outCirc","duration":2,"time":347.25,"sx":1,"sy":1},{"angle":315,"type":"deco","r":270,"x":430,"y":250,"time":349.25,"duration":1,"id":"star5","sx":0,"sy":0},{"sprite":"star.png","angle":285,"ox":13,"oy":13,"x":150,"y":20,"id":"star1","type":"deco","time":348,"sx":0,"sy":0},{"angle":285,"type":"deco","r":135,"x":150,"y":20,"id":"star1","ease":"outCirc","duration":2,"time":348.25,"sx":1,"sy":1},{"angle":285,"type":"deco","r":270,"x":150,"y":20,"time":350.25,"duration":1,"id":"star1","sx":0,"sy":0},{"sprite":"star.png","angle":300,"ox":13,"oy":13,"x":380,"y":150,"time":349.5,"id":"star2","type":"deco","sx":0,"sy":0},{"angle":300,"type":"deco","r":135,"x":380,"y":150,"id":"star2","ease":"outCirc","duration":2,"time":349.75,"sx":1,"sy":1},{"angle":300,"type":"deco","r":270,"x":380,"y":150,"time":351.75,"duration":1,"id":"star2","sx":0,"sy":0},{"sprite":"star.png","angle":315,"ox":13,"oy":13,"x":400,"y":250,"time":351,"id":"star3","type":"deco","sx":0,"sy":0},{"angle":315,"type":"deco","r":135,"time":351.25,"id":"star3","duration":2,"ease":"outCirc","sx":1,"sy":1},{"angle":315,"type":"deco","r":270,"time":353.25,"duration":1,"id":"star3","sx":0,"sy":0},{"sprite":"star.png","angle":330,"ox":13,"oy":13,"x":200,"y":50,"time":352,"id":"star4","type":"deco","sx":0,"sy":0},{"angle":330,"type":"deco","r":135,"x":200,"y":50,"id":"star4","ease":"outCirc","duration":2,"time":352.25,"sx":1,"sy":1},{"angle":330,"type":"deco","r":270,"x":200,"y":50,"time":354.25,"duration":1,"id":"star4","sx":0,"sy":0},{"sprite":"star.png","angle":345,"ox":13,"oy":13,"x":300,"y":180,"id":"star5","type":"deco","time":354,"sx":0,"sy":0},{"angle":345,"type":"deco","r":135,"x":300,"y":180,"id":"star5","ease":"outCirc","duration":2,"time":354.25,"sx":1,"sy":1},{"angle":345,"type":"deco","r":270,"x":300,"y":180,"time":356.25,"duration":1,"id":"star5","sx":0,"sy":0},{"sprite":"star.png","angle":285,"ox":13,"oy":13,"x":100,"y":100,"time":355.75,"id":"star1","type":"deco","sx":0,"sy":0},{"angle":285,"type":"deco","r":135,"time":356,"id":"star1","duration":2,"ease":"outCirc","sx":1,"sy":1},{"angle":285,"type":"deco","r":270,"time":358,"duration":1,"id":"star1","sx":0,"sy":0},{"sprite":"star.png","angle":285,"ox":13,"oy":13,"x":180,"y":230,"id":"star2","type":"deco","time":359,"sx":0,"sy":0},{"angle":285,"type":"deco","r":135,"x":180,"y":230,"id":"star2","ease":"outCirc","duration":2,"time":359.25,"sx":1,"sy":1},{"angle":285,"type":"deco","r":270,"x":180,"y":230,"time":361.25,"duration":1,"id":"star2","sx":0,"sy":0},{"sprite":"star.png","angle":300,"ox":13,"oy":13,"x":40,"y":320,"id":"star3","type":"deco","time":360,"sx":0,"sy":0},{"angle":300,"type":"deco","r":135,"x":40,"y":320,"id":"star3","ease":"outCirc","duration":2,"time":360.25,"sx":1,"sy":1},{"angle":300,"type":"deco","r":270,"x":40,"y":320,"time":362.25,"duration":1,"id":"star3","sx":0,"sy":0},{"sprite":"star.png","angle":315,"ox":13,"oy":13,"x":500,"y":30,"time":361.5,"id":"star4","type":"deco","sx":0,"sy":0},{"angle":315,"type":"deco","r":135,"x":500,"y":30,"id":"star4","ease":"outCirc","duration":2,"time":361.75,"sx":1,"sy":1},{"angle":315,"type":"deco","r":270,"x":500,"y":30,"time":363.75,"duration":1,"id":"star4","sx":0,"sy":0},{"sprite":"star.png","angle":330,"ox":13,"oy":13,"x":430,"y":180,"time":363,"id":"star5","type":"deco","sx":0,"sy":0},{"angle":330,"type":"deco","r":135,"x":430,"y":180,"id":"star5","ease":"outCirc","duration":2,"time":363.25,"sx":1,"sy":1},{"angle":330,"type":"deco","r":270,"x":430,"y":180,"time":365.25,"duration":1,"id":"star5","sx":0,"sy":0},{"sprite":"star.png","angle":285,"ox":13,"oy":13,"x":300,"y":100,"time":364,"id":"star1","type":"deco","sx":0,"sy":0},{"angle":285,"ease":"outCirc","r":135,"x":300,"time":364.25,"type":"deco","duration":2,"id":"star1","sx":1,"sy":1},{"angle":285,"type":"deco","r":270,"x":300,"time":366.25,"duration":1,"id":"star1","sx":0,"sy":0},{"sprite":"star.png","angle":285,"ox":13,"oy":13,"x":140,"y":270,"time":367,"id":"star2","type":"deco","sx":0,"sy":0},{"angle":285,"type":"deco","r":135,"x":140,"y":270,"id":"star2","ease":"outCirc","duration":2,"time":367.25,"sx":1,"sy":1},{"angle":285,"type":"deco","r":270,"x":140,"y":270,"time":369.25,"duration":1,"id":"star2","sx":0,"sy":0},{"sprite":"star.png","angle":300,"ox":13,"oy":13,"x":560,"y":78,"time":368,"id":"star3","type":"deco","sx":0,"sy":0},{"angle":300,"type":"deco","r":135,"x":560,"y":78,"id":"star3","ease":"outCirc","duration":2,"time":368.25,"sx":1,"sy":1},{"angle":300,"type":"deco","r":270,"x":560,"y":78,"time":370.25,"duration":1,"id":"star3","sx":0,"sy":0},{"sprite":"star.png","angle":315,"ox":13,"oy":13,"x":420,"y":310,"id":"star4","type":"deco","time":369.5,"sx":0,"sy":0},{"angle":315,"type":"deco","r":135,"x":420,"y":310,"id":"star4","ease":"outCirc","duration":2,"time":369.75,"sx":1,"sy":1},{"angle":315,"type":"deco","r":270,"x":420,"y":310,"time":371.75,"duration":1,"id":"star4","sx":0,"sy":0},{"sprite":"star.png","angle":330,"ox":13,"oy":13,"x":330,"y":120,"id":"star5","type":"deco","time":371,"sx":0,"sy":0},{"angle":330,"type":"deco","r":135,"x":330,"y":120,"id":"star5","ease":"outCirc","duration":2,"time":371.25,"sx":1,"sy":1},{"angle":330,"type":"deco","r":270,"x":330,"y":120,"time":373.25,"duration":1,"id":"star5","sx":0,"sy":0},{"sprite":"star.png","angle":285,"ox":13,"oy":13,"x":160,"y":150,"time":372,"id":"star1","type":"deco","sx":0,"sy":0},{"angle":285,"type":"deco","r":135,"x":160,"y":150,"id":"star1","ease":"outCirc","duration":2,"time":372.25,"sx":1,"sy":1},{"angle":285,"type":"deco","r":270,"x":160,"y":150,"time":374.25,"duration":1,"id":"star1","sx":0,"sy":0},{"sprite":"star.png","angle":285,"ox":13,"oy":13,"x":370,"y":220,"id":"star2","type":"deco","time":375,"sx":0,"sy":0},{"angle":285,"type":"deco","r":135,"x":370,"y":220,"id":"star2","ease":"outCirc","duration":2,"time":375.25,"sx":1,"sy":1},{"angle":285,"type":"deco","r":270,"x":370,"y":220,"time":377.25,"duration":1,"id":"star2","sx":0,"sy":0},{"sprite":"star.png","angle":300,"ox":13,"oy":13,"x":300,"y":329,"id":"star3","type":"deco","time":376,"sx":0,"sy":0},{"angle":300,"type":"deco","r":135,"x":300,"y":329,"id":"star3","ease":"outCirc","duration":2,"time":376.25,"sx":1,"sy":1},{"angle":300,"type":"deco","r":270,"x":300,"y":329,"time":378.25,"duration":1,"id":"star3","sx":0,"sy":0},{"sprite":"star.png","angle":300,"ox":13,"oy":13,"x":200,"y":100,"time":377.25,"id":"star4","type":"deco","sx":0,"sy":0},{"angle":300,"ease":"outCirc","r":135,"x":200,"time":377.5,"type":"deco","duration":2,"id":"star4","sx":1,"sy":1},{"angle":300,"type":"deco","r":270,"x":200,"time":379.5,"duration":1,"id":"star4","sx":0,"sy":0},{"sprite":"star.png","angle":315,"ox":13,"oy":13,"x":430,"y":250,"time":379,"id":"star5","type":"deco","sx":0,"sy":0},{"angle":315,"type":"deco","r":135,"x":430,"y":250,"id":"star5","ease":"outCirc","duration":2,"time":379.25,"sx":1,"sy":1},{"angle":315,"type":"deco","r":270,"x":430,"y":250,"time":380.75,"duration":1,"id":"star5","sx":0,"sy":0},{"sprite":"star.png","angle":330,"ox":13,"oy":13,"x":140,"y":180,"id":"star1","type":"deco","time":380.5,"sx":0,"sy":0},{"angle":330,"type":"deco","r":135,"x":430,"y":250,"id":"star1","ease":"outCirc","duration":2,"time":380.75,"sx":1,"sy":1},{"angle":330,"type":"deco","r":270,"x":430,"y":250,"time":382.75,"duration":1,"id":"star1","sx":0,"sy":0},{"sprite":"star.png","angle":330,"ox":13,"oy":13,"x":200,"y":320,"id":"star2","type":"deco","time":385,"sx":0,"sy":0},{"angle":330,"type":"deco","r":135,"x":200,"y":320,"id":"star2","ease":"outCirc","duration":2,"time":385.25,"sx":1,"sy":1},{"angle":330,"type":"deco","r":270,"x":200,"y":320,"time":387.25,"duration":1,"id":"star2","sx":0,"sy":0},{"sprite":"star.png","angle":345,"ox":13,"oy":13,"x":40,"y":140,"time":386,"id":"star3","type":"deco","sx":0,"sy":0},{"angle":345,"type":"deco","r":135,"x":40,"y":140,"id":"star3","ease":"outCirc","duration":2,"time":386.25,"sx":1,"sy":1},{"angle":345,"type":"deco","r":270,"x":40,"y":140,"time":388.25,"duration":1,"id":"star3","sx":0,"sy":0},{"sprite":"star.png","angle":285,"ox":13,"oy":13,"x":420,"y":170,"time":386.5,"id":"star4","type":"deco","sx":0,"sy":0},{"angle":285,"type":"deco","r":135,"x":420,"y":170,"id":"star4","ease":"outCirc","duration":2,"time":386.75,"sx":1,"sy":1},{"angle":285,"type":"deco","r":270,"x":420,"y":170,"time":388.75,"duration":1,"id":"star4","sx":0,"sy":0},{"sprite":"star.png","angle":330,"ox":13,"oy":13,"x":320,"y":20,"time":387,"id":"star5","type":"deco","sx":0,"sy":0},{"angle":330,"type":"deco","r":135,"x":320,"y":20,"id":"star5","ease":"outCirc","duration":2,"time":387.25,"sx":1,"sy":1},{"angle":330,"type":"deco","r":270,"x":320,"y":20,"time":389.25,"duration":1,"id":"star5","sx":0,"sy":0},{"sprite":"star.png","angle":390,"ox":13,"oy":13,"x":430,"y":250,"time":387.5,"id":"star1","type":"deco","sx":0,"sy":0},{"angle":390,"type":"deco","r":135,"x":430,"y":250,"id":"star1","ease":"outCirc","duration":2,"time":387.75,"sx":1,"sy":1},{"angle":390,"type":"deco","r":270,"x":430,"y":250,"time":389.75,"duration":1,"id":"star1","sx":0,"sy":0},{"angle":0,"angleOffset":false,"type":"tag","time":196,"tag":"lol"}],"properties":{"speed":70,"formatversion":13,"loadBeat":-1,"offset":8}}