{"properties":{"offset":8,"formatversion":13,"startBeat":0,"speed":70},"metadata":{"bgData":{"redChannel":{"r":255,"g":46,"b":27},"blueChannel":{"r":0,"g":193,"b":193},"greenChannel":{"r":36,"g":80,"b":78},"yellowChannel":{"r":255,"g":219,"b":64},"magentaChannel":{"r":208,"g":67,"b":199},"cyanChannel":{"r":87,"g":248,"b":252},"image":"background.png"},"songName":"SLUGCAT PINBALL","artistLink":"","description":"","bg":true,"charter":"Cyan","difficulty":0,"artist":"Ivycomb"},"events":[{"bpm":160,"file":"SLUGCAT PINBALL.ogg","volume":1,"angle":270,"time":0,"type":"play"},{"sx":4,"order":1,"time":38.75,"duration":1.125,"id":"1","y":10,"x":-50,"sprite":"phone.png","type":"deco","angle":-11.25,"sy":4},{"name":"Transision","time":16,"b":0,"r":0,"g":0,"type":"bookmark","angle":90,"description":""},{"name":"Lyrics?","time":64,"b":0,"r":0,"g":0,"type":"bookmark","angle":33.75,"description":""},{"outline":false,"order":0,"time":38.625,"id":"1","y":10,"type":"deco","sprite":"phone.png","angle":348.75,"x":600,"recolor":0},{"name":"Lyrics 2?","time":96,"b":0,"r":0,"g":0,"type":"bookmark","angle":67.5,"description":""},{"sx":0.0099999997764826,"order":2,"time":125.75,"duration":0,"x":295,"y":175,"sy":0.0099999997764826,"id":"4","sprite":"Reverse.png","angle":112.5,"type":"deco","recolor":0,"ease":"outElastic"},{"sx":10,"sy":10,"time":126,"duration":1.625,"id":"4","ease":"outElastic","y":120,"order":3,"type":"deco","angle":101.25,"sprite":"Reverse.png","x":225},{"sx":0.0099999997764826,"sy":0.0099999997764826,"time":127.875,"duration":0.75,"id":"4","ease":"outExpo","y":175,"order":4,"type":"deco","angle":157.5,"sprite":"Reverse.png","x":295},{"chance":0.80000001192093,"type":"noise","angle":326.25,"time":38.625,"color":6},{"enable":true,"color":3,"time":38.625,"angle":303.75,"type":"outline"},{"enable":true,"color":0,"time":39.875,"angle":348.75,"type":"outline"},{"chance":0,"type":"noise","angle":360,"time":39.875,"color":0},{"chance":0.0010000000474975,"type":"noise","angle":157.5,"time":55,"color":7},{"chance":0,"type":"noise","angle":67.5,"time":55.875,"color":0},{"enable":true,"color":3,"time":55,"angle":168.75,"type":"outline"},{"enable":true,"color":0,"time":55.875,"angle":56.25,"type":"outline"},{"name":"Piano 2","time":128,"b":0,"r":0,"g":0,"type":"bookmark","angle":202.5,"description":""},{"r":124,"g":123,"type":"setColor","angle":281.25,"time":38.625,"color":6,"b":123},{"type":"setColor","angle":11.25,"time":39.875,"color":6},{"type":"setBgColor","angle":258.75,"time":38.625,"color":7},{"type":"setBgColor","angle":22.5,"time":39.875,"color":0},{"type":"setBgColor","angle":123.75,"time":126,"color":7},{"enable":true,"color":3,"time":126,"angle":146.25,"type":"outline"},{"chance":0.89999997615814,"type":"noise","angle":168.75,"time":126,"color":3},{"chance":0,"type":"noise","angle":168.75,"time":127.875,"color":0},{"type":"setColor","angle":11.25,"time":131.75,"color":0},{"r":255,"g":255,"type":"setColor","angle":315,"time":0,"color":3,"b":255},{"sprite":"Reverse.png","order":5,"type":"deco","angle":168.75,"time":129,"hide":true,"id":"4"},{"sx":4,"order":6,"time":190.875,"id":"6","y":-20,"type":"deco","x":100,"sprite":"Ruler.png","angle":258.75,"sy":4},{"outline":true,"order":7,"time":191,"duration":0.875,"x":200,"r":300,"y":500,"sprite":"Ruler.png","type":"deco","angle":247.5,"id":"6"},{"sprite":"Ruler.png","order":8,"type":"deco","angle":67.5,"time":192,"hide":false,"id":"6"},{"name":"Piano, FINNALLY","time":256,"b":0,"r":0,"g":0,"type":"bookmark","angle":157.5,"description":""},{"name":"Lyrics? again","time":192,"b":0,"r":0,"g":0,"type":"bookmark","angle":90,"description":""},{"name":"Hell to make","time":288,"b":0,"r":0,"g":0,"type":"bookmark","angle":202.5,"description":""},{"name":"Hell over!!!","time":318,"b":0,"r":0,"g":0,"type":"bookmark","angle":191.25,"description":"The last part took me 1h 20mins"},{"sx":0.0099999997764826,"sy":0.0099999997764826,"time":317.9375,"type":"deco","id":"8","y":180,"x":300,"sprite":"Reverse.png","angle":264.375,"order":1,"recolor":0},{"sx":10,"sy":10,"time":318,"duration":0.8125,"id":"8","ease":"outElastic","y":120,"order":2,"type":"deco","angle":270,"sprite":"Reverse.png","x":225},{"sx":0.0099999997764826,"order":4,"time":318.875,"hide":true,"id":"8","y":175,"x":295,"sprite":"Reverse.png","type":"deco","angle":371.25,"sy":0.0099999997764826},{"sx":10,"order":3,"time":318.8125,"id":"8","y":120,"type":"deco","x":225,"sprite":"Reverse.png","angle":348.75,"sy":10},{"sx":10,"order":5,"time":319,"hide":false,"x":225,"y":120,"duration":0.4375,"type":"deco","sprite":"Reverse.png","angle":360,"ease":"outElastic","sy":10,"id":"8"},{"sx":10,"order":6,"time":319.3125,"id":"8","y":120,"type":"deco","x":225,"sprite":"Reverse.png","angle":303.75,"sy":10},{"sx":0.0099999997764826,"order":7,"time":319.375,"hide":true,"id":"8","y":295,"x":175,"sprite":"Reverse.png","type":"deco","angle":292.5,"sy":0.0099999997764826},{"sx":10,"order":9,"time":319.4375,"duration":0.0625,"x":225,"y":120,"hide":false,"type":"deco","sprite":"Reverse.png","angle":281.25,"ease":"outElastic","sy":10,"id":"8"},{"sx":0.0099999997764826,"sy":0.0099999997764826,"time":319.5625,"duration":0.0625,"id":"8","ease":"outExpo","y":180,"order":10,"type":"deco","angle":303.75,"sprite":"Reverse.png","x":300},{"type":"deco","order":11,"sprite":"Reverse.png","angle":292.5,"time":319.625,"hide":true,"id":"8"},{"chance":0.89999997615814,"type":"noise","angle":191.25,"time":159,"color":4},{"chance":0,"type":"noise","angle":112.5,"time":159.875,"color":0},{"outline":true,"sx":4,"sy":4,"time":158.875,"x":50,"id":"9","y":-100,"sprite":"Phone.png","type":"deco","angle":202.5,"order":0,"recolor":7},{"outline":true,"sx":4,"sy":4,"ease":"linear","time":159,"duration":0.875,"x":70,"r":50,"id":"9","sprite":"Phone.png","type":"deco","angle":78.75,"order":1,"recolor":7,"y":400},{"r":98,"g":97,"type":"setColor","angle":213.75,"time":159,"color":4,"b":97},{"type":"setColor","angle":168.75,"time":159.875,"color":4},{"sprite":"Phone.png","order":2,"type":"deco","angle":67.5,"time":160,"hide":true,"id":"9"},{"type":"setBgColor","angle":348.75,"time":319.625,"color":3},{"enable":true,"color":7,"time":319.625,"angle":0,"type":"outline"},{"chance":0.89999997615814,"type":"noise","angle":247.5,"time":318,"color":3},{"chance":0,"type":"noise","angle":303.75,"time":318.875,"color":0},{"chance":0.89999997615814,"type":"noise","angle":315,"time":319,"color":3},{"chance":0,"type":"noise","angle":292.5,"time":319.25,"color":0},{"chance":0.89999997615814,"type":"noise","angle":270,"time":319.375,"color":3},{"chance":0,"type":"noise","angle":326.25,"time":319.5,"color":0},{"outline":true,"sx":4,"sy":4,"time":262.875,"x":-100,"id":"10","y":250,"sprite":"Phone.png","type":"deco","angle":191.25,"order":0,"recolor":7},{"sx":4,"order":1,"time":263,"duration":0.75,"id":"10","ease":"linear","x":800,"type":"deco","sprite":"Phone.png","angle":213.75,"y":50,"sy":4,"r":120},{"sprite":"Phone.png","order":2,"type":"deco","angle":90,"time":263.875,"hide":true,"id":"10"},{"order":2,"type":"deco","angle":33.75,"time":39.875,"hide":true,"id":"1"},{"chance":0.89999997615814,"type":"noise","angle":180,"time":263,"color":4},{"chance":0,"type":"noise","angle":101.25,"time":263.75,"color":0},{"chance":0.99000000953674,"type":"noise","angle":180,"time":279,"color":3},{"chance":0,"type":"noise","angle":191.25,"time":279.875,"color":0},{"name":"Cool part","time":384,"b":0,"r":0,"g":0,"type":"bookmark","angle":168.75,"description":""},{"angle":360,"time":548,"type":"showResults"},{"name":"Piano hell","time":420,"b":0,"r":0,"g":0,"type":"bookmark","angle":67.5,"description":""},{"name":"The hellish lyrics start again","time":484,"b":0,"r":0,"g":0,"type":"bookmark","angle":123.75,"description":""},{"name":"Piano fianle","time":516,"b":0,"r":0,"g":0,"type":"bookmark","angle":213.75,"description":""}]}