[{"time":0,"angle2":180,"type":"hold","duration":2,"endTap":true,"angle":0},{"time":0,"type":"extraTap","angle":33.75},{"time":2.5,"type":"block","angle":180},{"time":3,"type":"block","angle":135},{"time":3.5,"angle":90,"type":"hold","duration":1,"angle2":0},{"time":5.5,"type":"block","angle":0},{"time":5.75,"type":"side","angle":33.75},{"time":5,"type":"block","angle":337.5},{"time":3.5,"type":"extraTap","angle":101.25},{"time":6,"type":"block","angle":56.25},{"time":6.5,"type":"block","angle":78.75},{"time":7,"type":"side","angle":33.75},{"time":3.5,"type":"side","angle":78.75},{"time":7.5,"type":"block","angle":33.75},{"time":8.25,"type":"block","angle":11.25},{"time":8,"angle":33.75,"type":"hold","duration":2.25,"angle2":-180},{"time":8,"type":"extraTap","angle":45},{"time":10.75,"type":"block","angle":180},{"time":11.25,"type":"block","angle":202.5},{"time":11.25,"type":"extraTap","angle":191.25},{"time":12.75,"type":"extraTap","angle":258.75},{"holdEase":"linear","angle":270,"type":"hold","duration":1,"angle2":191.25,"time":12.75},{"time":13.75,"type":"extraTap","angle":225},{"time":14.75,"type":"extraTap","angle":247.5},{"time":11.75,"type":"side","angle":303.75},{"holdEase":"linear","angle":191.25,"type":"hold","duration":1,"angle2":360,"time":13.75},{"time":15.25,"type":"block","angle":45},{"time":15.75,"type":"block","angle":112.5},{"time":18.25,"type":"block","angle":90},{"time":19,"type":"block","angle":22.5},{"time":19.75,"type":"block","angle":270},{"time":18.25,"type":"block","angle":101.25},{"time":18.25,"type":"block","angle":78.75},{"time":19.75,"type":"block","angle":281.25},{"time":19.75,"type":"block","angle":258.75},{"time":19,"type":"block","angle":33.75},{"time":19,"type":"block","angle":11.25},{"time":19.75,"type":"extraTap","angle":303.75},{"time":19,"type":"extraTap","angle":337.5},{"time":18.25,"type":"extraTap","angle":56.25},{"time":16.25,"angle":22.5,"type":"hold","duration":1,"angle2":-90},{"time":17.25,"angle":270,"type":"hold","duration":0.75,"angle2":393.75},{"time":20.25,"angle":202.5,"type":"hold","duration":1,"angle2":112.5},{"time":21.25,"angle":112.5,"type":"hold","duration":0.75,"angle2":213.75},{"time":22.25,"type":"block","angle":258.75},{"time":22.25,"type":"block","angle":270},{"time":22.25,"type":"block","angle":281.25},{"time":22.25,"type":"extraTap","angle":236.25},{"time":23,"type":"block","angle":360},{"time":23,"type":"block","angle":348.75},{"time":23,"type":"block","angle":11.25},{"time":23,"type":"extraTap","angle":315},{"time":23.75,"type":"block","angle":90},{"time":23.75,"type":"block","angle":78.75},{"time":23.75,"type":"block","angle":101.25},{"time":23.75,"type":"extraTap","angle":56.25},{"time":24.25,"angle2":-270,"type":"hold","duration":2,"endTap":true,"angle":22.5},{"time":27,"type":"block","angle":360},{"time":27,"type":"block","angle":348.75},{"time":27,"type":"block","angle":11.25},{"time":27.75,"type":"block","angle":270},{"time":27.75,"type":"block","angle":281.25},{"time":27.75,"type":"block","angle":258.75},{"time":28.25,"type":"block","angle":180},{"time":28.25,"type":"block","angle":191.25},{"time":28.25,"type":"block","angle":168.75},{"time":29,"type":"block","angle":270},{"time":29,"type":"block","angle":258.75},{"time":29,"type":"block","angle":281.25},{"time":29.75,"type":"block","angle":360},{"time":29.75,"type":"block","angle":326.25},{"time":29.75,"type":"block","angle":11.25},{"time":29.75,"type":"extraTap","angle":315},{"time":29,"type":"extraTap","angle":303.75},{"time":28.25,"type":"extraTap","angle":225},{"time":27.75,"type":"extraTap","angle":225},{"time":27,"type":"extraTap","angle":326.25},{"time":30,"type":"block","angle":326.25},{"time":30.75,"type":"block","angle":236.25},{"time":31,"type":"block","angle":202.5},{"time":31.25,"angle":202.5,"type":"hold","duration":1,"angle2":360},{"time":30.25,"type":"side","angle":270},{"time":30.5,"type":"side","angle":213.75},{"time":32.25,"type":"extraTap","angle":11.25},{"time":32.25,"angle":360,"type":"hold","duration":1,"angle2":135},{"time":33.25,"angle":135,"duration":1,"type":"hold","angle2":247.5,"startTap":true},{"time":34.25,"angle":247.5,"duration":1,"type":"hold","angle2":168.75,"startTap":true},{"time":35.25,"angle":168.75,"duration":1,"type":"hold","angle2":236.25,"startTap":true},{"time":36.25,"angle":236.25,"duration":1,"type":"hold","angle2":416.25,"startTap":true},{"time":37.25,"angle":56.25,"duration":1,"type":"hold","angle2":11.25,"startTap":true},{"time":38.25,"angle":11.25,"duration":0.5,"type":"hold","angle2":56.25,"startTap":true},{"time":39.75,"type":"block","angle":45},{"time":39.75,"type":"block","angle":56.25},{"time":39.75,"type":"block","angle":67.5},{"time":40.25,"type":"side","angle":348.75},{"time":40.75,"type":"side","angle":78.75},{"time":41.25,"type":"side","angle":22.5},{"time":41.75,"type":"block","angle":123.75},{"time":41.75,"type":"block","angle":135},{"time":41.75,"type":"block","angle":112.5},{"time":39.75,"type":"extraTap","angle":78.75},{"time":42.25,"type":"block","angle":157.5},{"time":42.75,"type":"block","angle":191.25},{"time":43.25,"type":"block","angle":236.25},{"time":43.75,"angle":360,"type":"hold","duration":0.5,"angle2":315},{"time":44.25,"angle":315,"type":"hold","duration":0.75,"angle2":337.5},{"time":45,"angle":337.5,"type":"hold","duration":1,"angle2":427.5},{"time":46,"angle":67.5,"type":"hold","duration":1,"angle2":-45},{"holdEase":"outCubic","angle":78.75,"type":"hold","duration":3,"angle2":-180,"time":48},{"time":47,"angle":315,"type":"hold","duration":1,"angle2":438.75},{"time":43.25,"type":"extraTap","angle":0},{"time":45.25,"type":"extraTap","angle":45},{"time":47.25,"type":"extraTap","angle":56.25},{"time":51.5,"type":"side","angle":157.5},{"time":52,"type":"side","angle":202.5},{"time":53.5,"type":"side","angle":0},{"time":54.5,"type":"side","angle":180},{"time":56,"angle":360,"type":"hold","duration":4.75,"angle2":1080},{"time":60.75,"angle":360,"type":"hold","duration":3.75,"angle2":-720},{"time":57.5,"type":"block","angle":236.25},{"time":59.5,"type":"block","angle":168.75},{"time":65.25,"type":"block","angle":315},{"time":64.5,"type":"block","angle":0},{"time":66,"type":"block","angle":33.75},{"time":66.5,"type":"block","angle":56.25},{"time":67.5,"type":"block","angle":337.5},{"time":68.5,"angle":270,"tap":true,"type":"block"},{"time":69.25,"type":"block","angle":292.5},{"time":70,"type":"side","angle":247.5},{"time":70.5,"type":"block","angle":202.5},{"time":71.5,"type":"side","angle":236.25},{"time":72.5,"type":"block","angle":360},{"time":73.25,"type":"block","angle":90},{"time":74.5,"type":"block","angle":0},{"time":75.5,"type":"side","angle":22.5},{"time":74,"type":"side","angle":45},{"time":76.5,"angle":281.25,"tap":true,"type":"block"},{"time":77.25,"type":"block","angle":348.75},{"time":78,"type":"block","angle":393.75},{"time":79.5,"type":"block","angle":135},{"time":78.5,"type":"block","angle":427.5},{"time":80.5,"angle":225,"tap":true,"type":"side"},{"time":81.25,"type":"side","angle":270},{"time":82,"type":"side","angle":326.25},{"time":82.5,"type":"side","angle":45},{"time":83.5,"type":"side","angle":213.75},{"time":84.5,"angle":247.5,"tap":true,"type":"block"},{"time":85.25,"type":"block","angle":292.5},{"time":86,"type":"block","angle":270},{"time":87.5,"type":"block","angle":292.5},{"time":86.5,"type":"side","angle":202.5},{"time":88.5,"angle":90,"tap":true,"type":"block"},{"time":90,"angle":180,"type":"side","endAngle":157.5},{"time":89.25,"angle":0,"type":"side","endAngle":-22.5},{"time":90.5,"angle":90,"type":"side","endAngle":67.5},{"time":91.5,"type":"block","angle":270},{"time":92.5,"type":"block","angle":0},{"time":93.25,"type":"block","angle":56.25},{"time":94,"type":"block","angle":0},{"time":94.5,"type":"block","angle":315},{"time":94.75,"type":"block","angle":360},{"time":95,"type":"block","angle":22.5},{"time":95.25,"type":"block","angle":45},{"time":95.5,"type":"block","angle":67.5},{"time":95.75,"type":"block","angle":90},{"time":96,"type":"block","angle":112.5},{"time":96.25,"type":"block","angle":135},{"time":96.5,"type":"block","angle":180},{"time":97,"type":"block","angle":202.5},{"time":98.5,"type":"block","angle":236.25},{"time":98,"type":"block","angle":191.25},{"time":97.5,"type":"side","angle":168.75},{"time":99,"type":"block","angle":281.25},{"time":99.5,"type":"block","angle":202.5},{"time":100,"type":"block","angle":213.75},{"time":100.5,"angle":180,"type":"hold","duration":1,"angle2":90},{"time":96.5,"type":"extraTap","angle":191.25},{"time":102.5,"type":"side","angle":348.75},{"time":103,"type":"block","angle":315},{"time":103.5,"type":"block","angle":360},{"time":104.5,"type":"side","angle":101.25},{"time":105.5,"type":"side","angle":281.25},{"time":104,"type":"block","angle":45},{"time":106.5,"angle":360,"angle2":562.5,"order":0,"duration":1.5,"startTap":true,"type":"hold"},{"time":108.5,"type":"block","angle":247.5},{"time":109.5,"type":"side","angle":281.25},{"time":110,"type":"side","angle":236.25},{"time":110.5,"type":"side","angle":281.25},{"time":111,"type":"block","angle":360},{"time":111.5,"type":"block","angle":67.5},{"time":112,"type":"block","angle":112.5},{"holdEase":"outSine","angle2":540,"angle":180,"time":112.5,"startTap":true,"type":"hold","duration":2.75},{"time":116.5,"type":"block","angle":180},{"time":117,"type":"block","angle":225},{"time":117.5,"type":"block","angle":180},{"time":118,"type":"block","angle":123.75},{"time":118.5,"type":"block","angle":146.25},{"time":119,"type":"block","angle":101.25},{"time":119.5,"type":"block","angle":112.5},{"time":120,"type":"block","angle":146.25},{"time":120.5,"angle":180,"duration":1.75,"type":"hold","angle2":360,"startTap":true},{"time":122.75,"type":"side","angle":33.75},{"time":123.25,"type":"block","angle":67.5},{"time":123.75,"type":"side","angle":33.75},{"time":124.25,"type":"block","angle":360},{"time":124.75,"angle":303.75,"duration":2,"type":"hold","angle2":540,"startTap":true},{"time":126.75,"angle":180,"duration":1.5,"type":"hold","angle2":101.25,"startTap":true},{"time":128.75,"type":"block","angle":56.25},{"time":130,"type":"block","angle":270},{"time":130.5,"type":"side","angle":337.5},{"time":131,"type":"side","angle":78.75},{"time":132.25,"type":"block","angle":270},{"time":132.75,"angle":360,"type":"hold","duration":1.25,"angle2":225},{"time":134.5,"type":"side","angle":180},{"time":135,"type":"block","angle":146.25},{"time":135.5,"type":"side","angle":191.25},{"time":136,"type":"block","angle":225},{"time":136.5,"angle":191.25,"type":"hold","duration":1.75,"angle2":326.25},{"time":138.25,"angle":326.25,"type":"hold","duration":0.5,"angle2":270},{"time":138.75,"angle":270,"type":"hold","duration":1.5,"angle2":337.5},{"time":140.25,"angle":337.5,"type":"hold","duration":1.75,"angle2":180},{"time":138,"type":"extraTap","angle":225},{"time":140,"type":"extraTap","angle":225},{"time":142,"type":"extraTap","angle":247.5},{"time":142,"angle":180,"type":"hold","duration":2,"angle2":0},{"time":144,"angle":360,"type":"hold","duration":3,"angle2":900},{"time":145,"type":"extraTap","angle":315},{"time":149.75,"angle":337.5,"type":"hold","duration":1,"angle2":247.5},{"time":149.75,"angle":348.75,"type":"hold","duration":1,"angle2":236.25},{"time":148.5,"type":"block","angle":168.75},{"time":148.5,"type":"block","angle":180},{"time":149,"type":"block","angle":258.75},{"time":149,"type":"block","angle":247.5},{"time":151.25,"type":"block","angle":202.5},{"time":151.25,"type":"block","angle":213.75},{"time":151.75,"type":"block","angle":146.25},{"time":151.75,"type":"block","angle":135},{"time":152,"type":"block","angle":90},{"time":152.75,"angle":11.25,"type":"hold","duration":2.25,"angle2":-360},{"time":152.75,"angle":360,"type":"hold","duration":2.25,"angle2":-11.25},{"time":157.25,"angle":270,"tap":true,"type":"block","speedMult":1.5},{"time":159,"angle":90,"tap":true,"type":"block","speedMult":1.5},{"time":158.25,"angle":180,"speedMult":1.5,"type":"side"},{"time":160.75,"type":"extraTap","angle":326.25},{"time":161.75,"type":"block","angle":0},{"time":162.25,"type":"block","angle":348.75},{"time":163,"angle":270,"tap":true,"type":"block"},{"time":165,"angle":78.75,"tap":true,"type":"block"},{"time":164,"angle":180,"tap":true,"type":"block"},{"time":166,"type":"side","angle":78.75},{"time":167,"angle":123.75,"startTap":true,"angle2":236.25,"type":"hold","endTap":true,"duration":1.5},{"time":170.5,"type":"block","angle":270},{"time":171,"type":"block","angle":303.75},{"time":171.5,"type":"block","angle":0},{"time":172.5,"angle":56.25,"startTap":true,"angle2":-123.75,"type":"hold","endTap":true,"duration":2},{"time":174.75,"type":"block","angle":191.25},{"time":175.5,"type":"side","angle":202.5},{"angle":191.25,"startTap":true,"endTap":true,"holdEase":"inSine","angle2":-270,"time":176.5,"type":"hold","duration":5},{"time":183,"type":"block","angle":90},{"time":183.5,"type":"block","angle":56.25},{"angle":0,"startTap":true,"endTap":true,"holdEase":"inQuad","angle2":-540,"time":184.5,"type":"hold","duration":6},{"time":194,"type":"block","angle":191.25},{"time":194.5,"type":"block","angle":157.5},{"time":197,"type":"block","angle":180},{"time":191.5,"angle":191.25,"speedMult":0.60000002384186,"type":"mine"},{"time":192.25,"type":"mine","angle":168.75},{"time":192.75,"type":"mine","angle":180},{"time":195,"type":"block","angle":202.5},{"time":196,"type":"side","angle":157.5},{"time":198,"type":"side","angle":180},{"time":199,"type":"side","angle":180},{"time":202,"type":"block","angle":315},{"time":203,"type":"block","angle":180},{"time":204,"type":"side","angle":180},{"holdEase":"outSine","angle":180,"type":"hold","duration":2.5,"angle2":90,"time":204.5},{"time":208.5,"type":"block","angle":90},{"time":209,"type":"block","angle":45},{"time":209.5,"type":"block","angle":45},{"time":210.25,"type":"block","angle":112.5},{"time":211,"type":"side","angle":112.5},{"time":213,"type":"block","angle":315},{"time":212.5,"type":"side","angle":281.25},{"time":213.5,"type":"block","angle":348.75},{"time":214,"type":"block","angle":33.75},{"time":214.5,"type":"block","angle":78.75},{"time":215.25,"type":"block","angle":123.75},{"time":216.75,"type":"block","angle":180},{"time":217.25,"type":"block","angle":202.5},{"time":217.75,"type":"block","angle":146.25},{"time":216.75,"type":"extraTap","angle":168.75},{"time":218.75,"type":"block","angle":157.5},{"time":218.25,"type":"block","angle":180},{"time":219.25,"type":"side","angle":213.75},{"time":220.25,"type":"side","angle":213.75},{"time":219.75,"type":"side","angle":157.5},{"time":220.75,"type":"side","angle":157.5},{"time":221.75,"type":"block","angle":247.5},{"time":222.25,"type":"block","angle":281.25},{"time":221.25,"type":"block","angle":191.25},{"holdEase":"inSine","angle":0,"type":"hold","duration":2,"angle2":-180,"time":223.25},{"time":222.75,"type":"block","angle":326.25},{"time":226.25,"type":"block","angle":101.25},{"time":226.25,"type":"block","angle":90},{"time":226.25,"type":"block","angle":112.5},{"time":225.25,"type":"block","angle":168.75},{"time":225.25,"type":"block","angle":191.25},{"time":225.25,"type":"block","angle":180},{"time":225.75,"type":"mine","angle":101.25},{"time":227.25,"type":"block","angle":22.5},{"time":227.25,"type":"block","angle":33.75},{"time":227.25,"type":"block","angle":11.25},{"time":226.75,"type":"mine","angle":22.5},{"time":228.25,"type":"block","angle":-56.25},{"time":228.25,"type":"block","angle":-67.5},{"time":228.25,"type":"block","angle":-45},{"time":227.75,"type":"mine","angle":-56.25},{"time":225.25,"type":"extraTap","angle":225},{"time":226.25,"type":"extraTap","angle":78.75},{"time":227.25,"type":"extraTap","angle":0},{"time":228.25,"type":"extraTap","angle":-33.75},{"holdEase":"outSine","angle":67.5,"type":"hold","duration":0.5,"angle2":-11.25,"time":229.25},{"holdEase":"inCubic","angle":56.25,"type":"hold","duration":0.5,"angle2":-45,"time":230.25},{"holdEase":"outCubic","angle":315,"type":"hold","duration":0.5,"angle2":427.5,"time":230.75},{"time":229.25,"type":"extraTap","angle":78.75},{"holdEase":"outCubic","angle":90,"type":"hold","duration":0.5,"angle2":22.5,"time":231.75},{"time":225,"angle":22.5,"type":"mineHold","duration":1.25,"angle2":-112.5},{"time":225,"angle":337.5,"type":"mineHold","duration":1.25,"angle2":292.5},{"time":226.25,"angle":247.5,"type":"mineHold","duration":1,"angle2":225},{"time":226.25,"angle":292.5,"type":"mineHold","duration":1,"angle2":180},{"time":227.25,"angle":180,"type":"mineHold","duration":1,"angle2":146.25},{"time":227.25,"angle":225,"type":"mineHold","duration":1,"angle2":101.25},{"time":229.25,"angle":180,"type":"mineHold","duration":1,"angle2":225},{"time":229.25,"angle":225,"type":"mineHold","duration":1,"angle2":180},{"time":230.25,"angle":180,"type":"mineHold","duration":1,"angle2":225},{"time":230.25,"angle":225,"type":"mineHold","duration":1,"angle2":180},{"time":231.25,"angle":180,"type":"mineHold","duration":1,"angle2":225},{"time":231.25,"angle":225,"type":"mineHold","duration":1,"angle2":180},{"time":232.25,"angle":180,"type":"mineHold","duration":0.75,"angle2":225},{"time":232.25,"angle":225,"type":"mineHold","duration":0.75,"angle2":180},{"time":229,"angle":292.5,"type":"mineHold","duration":4,"angle2":258.75},{"time":229,"angle":123.75,"type":"mineHold","duration":4,"angle2":146.25},{"time":233.25,"type":"block","angle":-56.25},{"time":233.25,"type":"block","angle":-67.5},{"time":233.25,"type":"block","angle":-45},{"time":233.25,"type":"extraTap","angle":-78.75},{"time":234.25,"type":"block","angle":-135},{"time":234.25,"type":"block","angle":-146.25},{"time":234.25,"type":"block","angle":-123.75},{"time":233.75,"type":"mine","angle":-135},{"time":234.25,"type":"extraTap","angle":-157.5},{"time":235.25,"type":"block","angle":-213.75},{"time":235.25,"type":"block","angle":-225},{"time":235.25,"type":"block","angle":-202.5},{"time":235.25,"type":"extraTap","angle":-236.25},{"time":234.75,"type":"mine","angle":146.25},{"time":236.25,"type":"block","angle":-292.5},{"time":236.25,"type":"block","angle":-303.75},{"time":236.25,"type":"block","angle":-281.25},{"time":236.25,"type":"extraTap","angle":-315},{"time":235.75,"type":"mine","angle":67.5},{"holdEase":"outExpo","angle":22.5,"type":"hold","duration":0.5,"angle2":-56.25,"time":232.75},{"time":237.25,"type":"block","angle":315},{"time":238.25,"type":"block","angle":292.5},{"time":239.25,"type":"block","angle":258.75},{"time":237.75,"type":"side","angle":67.5},{"time":237.75,"type":"mine","angle":315},{"time":238.75,"type":"mine","angle":303.75},{"time":238.75,"type":"side","angle":67.5},{"time":239.75,"type":"block","angle":236.25},{"time":240.25,"type":"block","angle":213.75},{"time":240.75,"type":"block","angle":180},{"time":239.25,"type":"mine","angle":326.25},{"time":239.25,"type":"mine","angle":191.25},{"time":239.25,"angle":191.25,"type":"mineHold","duration":1.25,"angle2":123.75},{"time":239.25,"angle":326.25,"type":"mineHold","duration":1.25,"angle2":258.75},{"time":241.25,"type":"block","angle":123.75},{"time":242.25,"type":"block","angle":180},{"time":241.25,"type":"block","angle":303.75},{"time":242.25,"type":"block","angle":360},{"time":241.25,"type":"extraTap","angle":112.5},{"time":242.25,"type":"extraTap","angle":191.25},{"holdEase":"inQuad","angle":303.75,"type":"hold","duration":0.75,"angle2":326.25,"time":241.25},{"time":243.25,"type":"block","angle":236.25},{"time":243.25,"type":"extraTap","angle":225},{"time":243.25,"type":"block","angle":56.25},{"holdEase":"inSine","angle":0,"type":"hold","duration":0.5,"angle2":45,"time":242.25},{"time":244.25,"type":"block","angle":180},{"time":244.75,"type":"block","angle":191.25},{"time":245.25,"type":"block","angle":135},{"time":244.75,"type":"block","angle":11.25},{"time":246.25,"type":"block","angle":78.75},{"time":247.25,"type":"block","angle":22.5},{"time":245.25,"type":"extraTap","angle":123.75},{"time":246.25,"type":"extraTap","angle":90},{"time":247.25,"type":"extraTap","angle":33.75},{"time":244.25,"type":"block","angle":348.75},{"holdEase":"outCubic","angle":258.75,"type":"hold","duration":0.5,"angle2":213.75,"time":246.25},{"holdEase":"outCubic","angle":315,"type":"hold","duration":0.5,"angle2":270,"time":245.25},{"time":247.25,"type":"block","angle":202.5},{"time":248.25,"type":"block","angle":315},{"time":248.75,"type":"block","angle":247.5},{"time":249.25,"type":"block","angle":0},{"time":249.75,"type":"block","angle":292.5},{"time":250.25,"type":"block","angle":45},{"time":250.75,"type":"block","angle":337.5},{"time":249.25,"type":"block","angle":180},{"time":250.25,"type":"block","angle":225},{"time":251.25,"type":"block","angle":270},{"time":248.25,"angle":315,"type":"hold","duration":0.5,"angle2":247.5},{"time":248.75,"angle":247.5,"type":"hold","duration":0.5,"angle2":180},{"time":249.25,"angle":360,"type":"hold","duration":0.5,"angle2":292.5},{"time":249.75,"angle":292.5,"type":"hold","duration":0.5,"angle2":225},{"time":250.25,"angle":45,"type":"hold","duration":0.5,"angle2":-22.5},{"time":250.75,"angle":337.5,"type":"hold","duration":0.5,"angle2":270},{"time":251.25,"type":"block","angle":90},{"time":251.75,"type":"block","angle":22.5},{"time":252.25,"type":"block","angle":315},{"time":251.25,"angle":90,"type":"hold","duration":0.5,"angle2":22.5},{"time":251.75,"angle":22.5,"type":"hold","duration":0.5,"angle2":-45},{"time":241.25,"angle":45,"type":"mineHold","duration":2,"angle2":157.5},{"time":245.5,"angle":213.75,"type":"mineHold","duration":1.5,"angle2":123.75},{"time":252.75,"type":"block","angle":123.75},{"time":253.5,"type":"block","angle":-180},{"time":253.5,"type":"block","angle":-191.25},{"time":253.5,"type":"block","angle":-168.75},{"time":253,"type":"mine","angle":-180},{"time":253.5,"type":"extraTap","angle":-202.5},{"time":254.5,"type":"block","angle":-101.25},{"time":254.5,"type":"block","angle":-112.5},{"time":254.5,"type":"block","angle":-90},{"time":254.5,"type":"extraTap","angle":-123.75},{"time":254,"type":"mine","angle":258.75},{"time":255.5,"type":"block","angle":-382.5},{"time":255.5,"type":"block","angle":-393.75},{"time":255.5,"type":"block","angle":-371.25},{"time":255.5,"type":"extraTap","angle":-405},{"time":255,"type":"mine","angle":-22.5},{"time":256.5,"type":"block","angle":45},{"time":256.5,"type":"block","angle":56.25},{"time":256.5,"type":"block","angle":67.5},{"time":243.75,"angle":258.75,"type":"mineHold","duration":1.75,"angle2":213.75},{"time":256.5,"type":"extraTap","angle":33.75},{"time":257.5,"type":"block","angle":-393.75},{"time":257.5,"type":"block","angle":-405},{"time":257.5,"type":"block","angle":-382.5},{"time":257,"type":"mine","angle":-393.75},{"time":257.5,"type":"extraTap","angle":-416.25},{"time":258.5,"type":"block","angle":-472.5},{"time":258.5,"type":"block","angle":-483.75},{"time":258.5,"type":"block","angle":-461.25},{"time":258,"type":"mine","angle":-472.5},{"time":258.5,"type":"extraTap","angle":-495},{"time":259.5,"type":"block","angle":-551.25},{"time":259.5,"type":"block","angle":-562.5},{"time":259.5,"type":"block","angle":-540},{"time":259,"type":"mine","angle":-551.25},{"time":259.5,"type":"extraTap","angle":-573.75},{"time":260.5,"type":"block","angle":-630},{"time":260.5,"type":"block","angle":-641.25},{"time":260.5,"type":"block","angle":-618.75},{"time":260,"type":"mine","angle":-630},{"time":260.5,"type":"extraTap","angle":-652.5},{"time":261.5,"angle":11.25,"type":"hold","duration":0.5,"angle2":-78.75},{"time":261.5,"angle":348.75,"type":"hold","duration":0.5,"angle2":303.75},{"holdEase":"inSine","angle":303.75,"type":"hold","duration":0.5,"angle2":247.5,"time":262},{"holdEase":"inSine","angle":281.25,"type":"hold","duration":0.5,"angle2":270,"time":262},{"time":263,"angle":348.75,"type":"hold","duration":0.5,"angle2":315},{"time":263,"angle":11.25,"type":"hold","duration":0.5,"angle2":-67.5},{"time":263.5,"angle":315,"type":"hold","duration":0.5,"angle2":236.25},{"time":263.5,"angle":292.5,"type":"hold","duration":0.5,"angle2":258.75},{"time":264.5,"angle":180,"type":"hold","duration":0.5,"angle2":213.75},{"time":264.5,"angle":157.5,"type":"hold","duration":0.5,"angle2":236.25},{"time":265.5,"type":"block","angle":303.75},{"time":265.5,"type":"block","angle":315},{"time":265.5,"type":"block","angle":292.5},{"time":265.5,"type":"extraTap","angle":326.25},{"time":265,"type":"mine","angle":303.75},{"time":266.5,"type":"block","angle":382.5},{"time":266.5,"type":"block","angle":393.75},{"time":266.5,"type":"block","angle":371.25},{"time":266.5,"type":"extraTap","angle":405},{"time":266,"type":"mine","angle":382.5},{"time":267.5,"type":"block","angle":461.25},{"time":267.5,"type":"block","angle":472.5},{"time":267.5,"type":"block","angle":450},{"time":267.5,"type":"extraTap","angle":483.75},{"time":267,"type":"mine","angle":461.25},{"time":268.5,"type":"block","angle":540},{"time":268.5,"type":"block","angle":551.25},{"time":268.5,"type":"block","angle":528.75},{"time":268.5,"type":"extraTap","angle":562.5},{"time":268,"type":"mine","angle":540},{"time":269.5,"angle":270,"tap":true,"type":"side"},{"time":270,"type":"side","angle":393.75},{"time":270.5,"type":"side","angle":146.25},{"time":271,"angle":270,"tap":true,"type":"side"},{"time":271.5,"type":"side","angle":33.75},{"time":272,"type":"side","angle":146.25},{"time":272.5,"angle":270,"tap":true,"type":"side"},{"time":273,"type":"block","angle":0},{"holdEase":"outSine","angle":33.75,"type":"hold","duration":1,"angle2":180,"time":273.5},{"holdEase":"outSine","angle":78.75,"type":"hold","duration":1,"angle2":180,"time":273.5},{"holdEase":"outSine","angle":180,"type":"hold","duration":0.5,"angle2":292.5,"time":275},{"holdEase":"outSine","angle":180,"type":"hold","duration":0.5,"angle2":247.5,"time":275},{"time":277,"angle":101.25,"type":"hold","duration":0.5,"angle2":123.75},{"time":277,"angle":56.25,"type":"hold","duration":0.5,"angle2":123.75},{"holdEase":"outQuad","angle":101.25,"type":"hold","duration":0.5,"angle2":191.25,"time":278},{"holdEase":"outQuad","angle":146.25,"type":"hold","duration":0.5,"angle2":191.25,"time":278},{"time":279.5,"type":"block","angle":270},{"time":277,"type":"extraTap","angle":157.5},{"time":273.5,"type":"extraTap","angle":67.5},{"time":275.5,"type":"extraTap","angle":303.75},{"time":279.5,"type":"extraTap","angle":292.5},{"time":279.5,"type":"block","angle":258.75},{"time":279.5,"type":"block","angle":281.25},{"holdEase":"inOutCubic","angle":90,"type":"hold","duration":0.5,"angle2":37.5,"time":281},{"holdEase":"outCubic","angle":112.5,"type":"hold","duration":0.5,"angle2":45,"time":282},{"holdEase":"linear","angle":0,"type":"hold","duration":0.5,"angle2":90,"time":283},{"holdEase":"inSine","angle":90,"type":"hold","duration":0.5,"angle2":45,"time":283.5},{"time":284.5,"angle":22.5,"type":"hold","duration":0.5,"angle2":56.25},{"time":285.75,"type":"block","angle":135},{"time":285.75,"type":"block","angle":123.75},{"time":285.75,"type":"block","angle":146.25},{"time":285.75,"type":"extraTap","angle":112.5},{"time":285.25,"type":"mine","angle":135},{"time":286.75,"type":"block","angle":213.75},{"time":286.75,"type":"block","angle":202.5},{"time":286.75,"type":"block","angle":225},{"time":286.75,"type":"extraTap","angle":191.25},{"time":286.25,"type":"mine","angle":213.75},{"time":287.75,"type":"block","angle":292.5},{"time":287.75,"type":"block","angle":281.25},{"time":287.75,"type":"block","angle":303.75},{"time":287.75,"type":"extraTap","angle":270},{"time":287.25,"type":"mine","angle":292.5},{"time":289.5,"type":"block","angle":360},{"time":289.5,"type":"block","angle":348.75},{"time":289.5,"type":"block","angle":371.25},{"time":289.5,"type":"extraTap","angle":337.5},{"time":288.75,"type":"block","angle":360},{"time":288.25,"type":"side","angle":0},{"time":291.5,"type":"block","angle":360},{"time":293.5,"type":"block","angle":225},{"time":294,"type":"block","angle":326.25},{"time":295,"angle":360,"type":"hold","duration":2.75,"angle2":720},{"time":294,"type":"block","angle":337.5},{"time":293.5,"type":"block","angle":213.75},{"time":297.75,"type":"block","angle":11.25},{"time":297.75,"type":"block","angle":348.75},{"time":297.75,"type":"extraTap","angle":22.5},{"time":291.5,"type":"block","angle":348.75},{"time":299.75,"type":"block","angle":292.5},{"time":299.75,"type":"block","angle":303.75},{"time":297.75,"type":"block","angle":0},{"time":301.75,"type":"side","angle":90},{"time":299.75,"type":"extraTap","angle":281.25},{"time":302.5,"type":"block","angle":45},{"time":303.25,"type":"block","angle":112.5},{"time":303.25,"type":"extraTap","angle":67.5},{"time":306,"type":"block","angle":180},{"time":306,"type":"block","angle":168.75},{"time":306,"type":"block","angle":191.25},{"holdEase":"inOutSine","angle":180,"type":"hold","duration":3.5,"angle2":-360,"time":306},{"time":306,"type":"extraTap","angle":213.75},{"time":308,"type":"extraTap","angle":258.75},{"time":308,"type":"block","angle":213.75},{"holdEase":"outSine","angle":360,"type":"hold","duration":1,"angle2":438.75,"time":309.5},{"holdEase":"inSine","angle":360,"type":"hold","duration":1,"angle2":438.75,"time":309.5},{"holdEase":"inSine","angle":78.75,"type":"hold","duration":1,"angle2":-11.25,"time":310.5},{"holdEase":"outSine","angle":78.75,"type":"hold","duration":1,"angle2":-11.25,"time":310.5},{"time":312.25,"angle":292.5,"type":"hold","duration":0.5,"angle2":326.25},{"time":313,"type":"block","angle":326.25},{"holdEase":"inSine","angle":0,"type":"hold","duration":4.5,"angle2":-157.5,"time":313.25},{"holdEase":"outSine","angle":0,"type":"hold","duration":4.5,"angle2":-157.5,"time":313.25},{"time":313.25,"angle":0,"type":"hold","duration":4.5,"angle2":-157.5},{"holdEase":"inSine","angle":180,"type":"hold","duration":1,"angle2":236.25,"time":317.75},{"holdEase":"outSine","angle":236.25,"type":"hold","duration":1,"angle2":157.5,"time":318.75},{"time":319.75,"angle":157.5,"type":"hold","duration":2,"angle2":360},{"holdEase":"outSine","angle":157.5,"type":"hold","duration":2,"angle2":360,"time":319.75},{"time":321.75,"angle":360,"type":"hold","duration":4.5,"angle2":585},{"time":291.5,"type":"extraTap","angle":337.5},{"time":326.25,"angle":225,"type":"hold","duration":2,"angle2":123.75},{"time":328.25,"angle":123.75,"type":"hold","duration":1,"angle2":202.5},{"time":329.25,"angle":202.5,"type":"hold","duration":1,"angle2":123.75},{"time":330.25,"angle":123.75,"type":"hold","duration":1.5,"angle2":202.5},{"time":330.25,"type":"extraTap","angle":112.5},{"holdEase":"inSine","angle":202.5,"type":"hold","duration":2,"angle2":90,"time":331.75},{"holdEase":"outSine","angle":202.5,"type":"hold","duration":2,"angle2":90,"time":331.75},{"holdEase":"outCubic","angle":123.75,"type":"hold","duration":1.5,"angle2":202.5,"time":330.25},{"holdEase":"outSine","angle":56.25,"type":"hold","duration":1,"angle2":-56.25,"time":333.75},{"holdEase":"outSine","angle":337.5,"type":"hold","duration":1,"angle2":438.75,"time":334.75},{"holdEase":"inOutSine","angle":78.75,"type":"hold","duration":1,"angle2":-45,"time":335.75},{"holdEase":"linear","angle":315,"type":"hold","duration":4.5,"angle2":517.5,"time":336.75},{"time":338.5,"type":"mine","angle":11.25},{"time":340.75,"type":"mine","angle":168.75},{"time":342,"angle":191.25,"type":"hold","duration":0.5,"angle2":157.5},{"time":342.5,"angle":123.75,"type":"hold","duration":0.5,"angle2":157.5},{"time":343,"angle":191.25,"type":"hold","duration":0.5,"angle2":157.5},{"time":343.5,"angle":123.75,"type":"hold","duration":1.25,"angle2":202.5},{"holdEase":"inOutSine","angle":202.5,"type":"hold","duration":1,"angle2":112.5,"time":344.75},{"time":347.5,"type":"side","angle":0},{"time":348,"type":"block","angle":315},{"time":349,"type":"block","angle":33.75},{"time":349.5,"type":"block","angle":0},{"time":348.5,"type":"side","angle":360},{"time":350,"type":"block","angle":315},{"time":351,"type":"mine","angle":258.75},{"time":351,"type":"mine","angle":11.25},{"time":351,"type":"block","angle":315},{"time":352,"type":"side","angle":0},{"time":353,"type":"side","angle":0},{"time":354,"angle":360,"type":"hold","duration":1.5,"angle2":270},{"time":354,"angle":303.75,"type":"mineHold","duration":1.5,"angle2":213.75},{"time":354,"angle":56.25,"type":"mineHold","duration":1.5,"angle2":-33.75},{"time":355.5,"angle":270,"type":"hold","duration":1.5,"angle2":326.25},{"time":355.5,"angle":326.25,"type":"mineHold","duration":1.5,"angle2":382.5},{"time":355.5,"angle":213.75,"type":"mineHold","duration":1.5,"angle2":270},{"time":357,"angle":326.25,"type":"hold","duration":3.5,"angle2":540},{"time":357,"angle":22.5,"type":"mineHold","duration":3.5,"angle2":236.25},{"time":357,"angle":270,"type":"mineHold","duration":3.5,"angle2":483.75},{"time":361.5,"angle":213.75,"type":"hold","duration":0.5,"angle2":180},{"time":362,"angle":180,"type":"hold","duration":1.5,"angle2":90},{"time":362,"angle":123.75,"type":"mineHold","duration":1.5,"angle2":33.75},{"time":362,"angle":236.25,"type":"mineHold","duration":1.5,"angle2":146.25},{"time":363.5,"angle":90,"type":"hold","duration":1.5,"angle2":180},{"time":363.5,"angle":33.75,"type":"mineHold","duration":1.5,"angle2":123.75},{"time":363.5,"angle":146.25,"type":"mineHold","duration":1.5,"angle2":236.25},{"time":365,"angle":180,"type":"hold","duration":2.5,"angle2":0},{"time":365,"angle":236.25,"type":"mineHold","duration":2.5,"angle2":56.25},{"time":365,"angle":123.75,"type":"mineHold","duration":2.5,"angle2":-56.25},{"time":367.5,"angle":0,"type":"hold","duration":1.5,"angle2":90},{"time":367.5,"angle":56.25,"type":"mineHold","duration":1.5,"angle2":157.5},{"time":367.5,"angle":303.75,"type":"mineHold","duration":1.5,"angle2":382.5},{"time":369,"angle":90,"type":"hold","duration":4,"angle2":-270},{"time":369,"angle":22.5,"type":"mineHold","duration":4,"angle2":-326.25},{"time":369,"angle":157.5,"type":"mineHold","duration":4,"angle2":-213.75},{"time":374,"type":"block","angle":45},{"time":374.5,"type":"block","angle":101.25},{"time":375,"type":"block","angle":135},{"time":375.5,"type":"block","angle":67.5},{"time":376,"type":"block","angle":112.5},{"time":377,"type":"block","angle":157.5},{"holdEase":"outSine","angle":360,"type":"hold","duration":1.5,"angle2":180,"time":379.5},{"holdEase":"outSine","angle":540,"type":"hold","duration":5.1666660308838,"angle2":911.25,"time":381},{"holdEase":"inSine","angle":90,"type":"hold","duration":1.5,"angle2":0,"time":378},{"holdEase":"outCubic","angle":180,"type":"hold","duration":5.1666660308838,"angle2":528.75,"time":381},{"time":386.16665649414,"type":"block","angle":180},{"time":387.75,"type":"block","angle":281.25},{"time":387.75,"type":"block","angle":292.5},{"time":387.75,"type":"block","angle":270},{"time":387.25,"type":"side","angle":56.25},{"holdEase":"outSine","angle":78.75,"type":"hold","duration":1.5,"angle2":191.25,"time":390.25},{"holdEase":"linear","angle":90,"type":"hold","duration":1.5,"angle2":180,"time":390.25},{"holdEase":"inSine","angle":101.25,"type":"hold","duration":1.5,"angle2":168.75,"time":390.25},{"time":392.25,"type":"block","angle":202.5},{"time":393.25,"type":"block","angle":157.5},{"time":389.25,"type":"block","angle":0},{"time":388.25,"type":"block","angle":326.25},{"time":394.25,"type":"block","angle":258.75},{"time":394.25,"type":"block","angle":270},{"time":394.25,"type":"block","angle":281.25},{"time":395.25,"type":"side","angle":0},{"time":395.75,"type":"block","angle":191.25},{"time":395.75,"type":"block","angle":180},{"time":395.75,"type":"block","angle":168.75},{"time":396.25,"type":"block","angle":225},{"time":397.75,"type":"block","angle":270},{"time":398.25,"type":"block","angle":292.5},{"time":399.75,"type":"block","angle":303.75},{"time":399.25,"type":"block","angle":348.75},{"time":398.25,"type":"block","angle":303.75},{"time":398.25,"type":"block","angle":281.25},{"time":398.25,"angle":303.75,"type":"hold","duration":1,"angle2":348.75},{"time":398.25,"angle":281.25,"type":"hold","duration":1,"angle2":348.75},{"time":386.16665649414,"type":"block","angle":168.75},{"holdEase":"outSine","angle":348.75,"type":"hold","duration":1.5,"angle2":438.75,"time":400.25},{"holdEase":"outSine","angle":438.75,"type":"hold","duration":0.5,"angle2":382.5,"time":401.75},{"holdEase":"inSine","angle":22.5,"type":"hold","duration":1.25,"angle2":180,"time":402.25},{"time":404,"angle":236.25,"type":"hold","duration":1.75,"angle2":90},{"holdEase":"inCubic","angle":90,"type":"hold","duration":0.5,"angle2":123.75,"time":405.75},{"holdEase":"inSine","angle":123.75,"type":"hold","duration":1,"angle2":45,"time":406.25},{"time":407.75,"angle":326.25,"type":"hold","duration":0.5,"angle2":382.5},{"holdEase":"inQuad","angle":33.75,"type":"hold","duration":1,"angle2":-22.5,"time":408.25},{"time":249.25,"angle":258.75,"type":"mineHold","duration":0,"angle2":281.25},{"time":250.25,"angle":281.25,"type":"mineHold","duration":0,"angle2":326.25},{"time":251.25,"angle":348.75,"type":"mineHold","duration":0,"angle2":371.25},{"time":410.25,"type":"block","angle":348.75},{"time":410.25,"type":"block","angle":0},{"time":410.25,"type":"block","angle":11.25},{"time":411.75,"type":"block","angle":281.25},{"time":411.75,"type":"block","angle":270},{"time":411.75,"type":"block","angle":258.75},{"time":411.25,"type":"side","angle":90},{"holdEase":"inSine","angle":-405,"type":"hold","duration":1,"angle2":-270,"time":413.25},{"time":414.25,"angle":90,"type":"hold","duration":2,"angle2":-90},{"time":414.25,"angle":28.125,"type":"mineHold","duration":2,"angle2":-151.875},{"time":414.25,"angle":163.125,"type":"mineHold","duration":2,"angle2":-28.125},{"time":416.25,"angle":270,"type":"hold","duration":1,"angle2":360},{"time":416.25,"angle":331.875,"type":"mineHold","duration":1,"angle2":421.875},{"time":416.25,"angle":206.125,"type":"mineHold","duration":1,"angle2":298.125},{"time":418.16665649414,"type":"block","angle":11.25},{"time":418.16665649414,"type":"block","angle":0},{"time":419.75,"type":"block","angle":-101.25},{"time":419.75,"type":"block","angle":-90},{"time":419.75,"type":"block","angle":-112.5},{"time":419.25,"type":"side","angle":112.5},{"holdEase":"outSine","angle":-281.25,"type":"hold","duration":1.5,"angle2":-168.75,"time":422.25},{"holdEase":"linear","angle":-270,"type":"hold","duration":1.5,"angle2":-180,"time":422.25},{"holdEase":"inSine","angle":-258.75,"type":"hold","duration":1.5,"angle2":-191.25,"time":422.25},{"time":424.25,"type":"block","angle":-157.5},{"time":425.25,"type":"block","angle":-202.5},{"time":421.25,"type":"block","angle":-360},{"time":420.25,"type":"block","angle":-33.75},{"time":426.5,"type":"block","angle":-101.25},{"time":426.5,"type":"block","angle":-90},{"time":426.5,"type":"block","angle":-78.75},{"time":427.5,"type":"side","angle":-360},{"time":428,"type":"block","angle":-168.75},{"time":428,"type":"block","angle":-180},{"time":428,"type":"block","angle":-191.25},{"time":428.5,"type":"block","angle":-135},{"time":430,"type":"block","angle":-90},{"time":430.5,"type":"block","angle":-67.5},{"time":432,"type":"block","angle":-56.25},{"time":431.5,"type":"block","angle":-11.25},{"time":430.5,"type":"block","angle":-56.25},{"time":430.5,"type":"block","angle":-78.75},{"time":430.5,"angle":-56.25,"type":"hold","duration":1,"angle2":-11.25},{"time":430.5,"angle":-78.75,"type":"hold","duration":1,"angle2":-11.25},{"time":418.16665649414,"type":"block","angle":-11.25},{"holdEase":"outSine","angle":-11.25,"type":"hold","duration":1.5,"angle2":78.75,"time":432.5},{"holdEase":"outSine","angle":78.75,"type":"hold","duration":0.5,"angle2":22.5,"time":434},{"holdEase":"inSine","angle":-337.5,"type":"hold","duration":1.25,"angle2":-180,"time":434.5},{"time":436.25,"angle":-123.75,"type":"hold","duration":1.75,"angle2":-270},{"holdEase":"inCubic","angle":-270,"type":"hold","duration":0.5,"angle2":-236.25,"time":438},{"holdEase":"inSine","angle":-236.25,"type":"hold","duration":1,"angle2":-315,"time":438.5},{"time":440,"angle":-33.75,"type":"hold","duration":0.5,"angle2":22.5},{"holdEase":"inQuad","angle":-326.25,"type":"hold","duration":1,"angle2":-382.5,"time":440.5},{"time":442.5,"type":"block","angle":348.75},{"time":442.5,"type":"block","angle":0},{"time":442.5,"type":"block","angle":11.25},{"time":444,"type":"block","angle":281.25},{"time":444,"type":"block","angle":270},{"time":444,"type":"block","angle":258.75},{"time":443.5,"type":"side","angle":90},{"holdEase":"outSine","angle":-348.75,"type":"hold","duration":1,"angle2":-450,"time":444.5},{"holdEase":"inSine","angle":-765,"type":"hold","duration":1,"angle2":-630,"time":445.5},{"time":446.5,"angle":-270,"type":"hold","duration":2,"angle2":-450},{"time":446.5,"angle":-331.875,"type":"mineHold","duration":2,"angle2":-500.625},{"time":446.5,"angle":-196.875,"type":"mineHold","duration":2,"angle2":-388.125},{"time":448.5,"angle":-90,"type":"hold","duration":2,"angle2":0},{"time":448.5,"angle":-28.125,"type":"mineHold","duration":2,"angle2":61.875},{"time":448.5,"angle":-142.625,"type":"mineHold","duration":2,"angle2":-61.875},{"time":386.16665649414,"type":"block","angle":191.25},{"time":450.5,"type":"block","angle":348.75},{"time":450.5,"type":"block","angle":11.25},{"time":233,"angle":146.25,"type":"mineHold","duration":1.25,"angle2":22.5},{"time":233,"angle":461.25,"type":"mineHold","duration":1.25,"angle2":427.5},{"time":234.25,"angle":22.5,"type":"mineHold","duration":1,"angle2":-11.25},{"time":234.25,"angle":67.5,"type":"mineHold","duration":1,"angle2":-56.25},{"time":235.25,"angle":303.75,"type":"mineHold","duration":1,"angle2":270},{"time":235.25,"angle":348.75,"type":"mineHold","duration":1,"angle2":225},{"time":253.25,"angle":-22.5,"type":"mineHold","duration":1.25,"angle2":101.25},{"time":253.25,"angle":-337.5,"type":"mineHold","duration":1.25,"angle2":-303.75},{"time":254.5,"angle":-258.75,"type":"mineHold","duration":1,"angle2":-225},{"time":254.5,"angle":-303.75,"type":"mineHold","duration":1,"angle2":-180},{"time":255.5,"angle":-180,"type":"mineHold","duration":1,"angle2":-146.25},{"time":255.5,"angle":-225,"type":"mineHold","duration":1,"angle2":-101.25},{"time":256.5,"angle":258.75,"type":"mineHold","duration":1,"angle2":123.75},{"time":256.5,"angle":213.75,"type":"mineHold","duration":1,"angle2":168.75},{"time":257.5,"angle":123.75,"type":"mineHold","duration":1,"angle2":90},{"time":257.5,"angle":168.75,"type":"mineHold","duration":1,"angle2":45},{"time":258.5,"angle":90,"type":"mineHold","duration":1,"angle2":-33.75},{"time":258.5,"angle":45,"type":"mineHold","duration":1,"angle2":11.25},{"time":259.5,"angle":11.25,"type":"mineHold","duration":1,"angle2":-112.5},{"time":259.5,"angle":326.25,"type":"mineHold","duration":1,"angle2":292.5},{"time":265.25,"angle":101.25,"type":"mineHold","duration":1.25,"angle2":225},{"time":265.25,"angle":-213.75,"type":"mineHold","duration":1.25,"angle2":-180},{"time":266.5,"angle":-135,"type":"mineHold","duration":1,"angle2":-101.25},{"time":266.5,"angle":-180,"type":"mineHold","duration":1,"angle2":-56.25},{"time":267.5,"angle":-56.25,"type":"mineHold","duration":1,"angle2":-22.5},{"time":267.5,"angle":-101.25,"type":"mineHold","duration":1,"angle2":22.5},{"time":261.5,"angle":180,"type":"mineHold","duration":1,"angle2":67.5},{"time":263,"angle":180,"type":"mineHold","duration":1,"angle2":67.5},{"time":264.5,"angle":348.75,"type":"mineHold","duration":0.5,"angle2":405},{"time":285.5,"angle":-67.5,"type":"mineHold","duration":1.25,"angle2":56.25},{"time":285.5,"angle":-382.5,"type":"mineHold","duration":1.25,"angle2":-348.75},{"time":286.75,"angle":-303.75,"type":"mineHold","duration":1,"angle2":-270},{"time":286.75,"angle":-348.75,"type":"mineHold","duration":1,"angle2":-225},{"time":287.75,"angle":56.25,"type":"mineHold","duration":2.25,"angle2":157.5},{"time":287.75,"angle":168.75,"type":"mineHold","duration":2.25,"angle2":202.5},{"time":451.5,"type":"block","angle":-78.75},{"time":451.5,"type":"block","angle":-90},{"time":451.5,"type":"block","angle":-67.5},{"time":451,"type":"mine","angle":101.25},{"time":452.5,"type":"block","angle":-157.5},{"time":452.5,"type":"block","angle":-146.25},{"time":452.5,"type":"block","angle":-168.75},{"time":452,"type":"mine","angle":-157.5},{"time":453.5,"type":"block","angle":-236.25},{"time":453.5,"type":"block","angle":-247.5},{"time":453.5,"type":"block","angle":-225},{"time":453,"type":"mine","angle":-236.25},{"time":451.5,"type":"extraTap","angle":-101.25},{"time":452.5,"type":"extraTap","angle":-180},{"time":453.5,"type":"extraTap","angle":-213.75},{"holdEase":"outSine","angle":67.5,"type":"hold","duration":0.5,"angle2":-11.25,"time":454.5},{"holdEase":"inCubic","angle":56.25,"type":"hold","duration":0.5,"angle2":-45,"time":455.5},{"holdEase":"outCubic","angle":315,"type":"hold","duration":0.5,"angle2":427.5,"time":456},{"time":454.5,"type":"extraTap","angle":78.75},{"holdEase":"outCubic","angle":90,"type":"hold","duration":0.5,"angle2":22.5,"time":457},{"time":451.5,"angle":67.5,"type":"mineHold","duration":1,"angle2":45},{"time":451.5,"angle":112.5,"type":"mineHold","duration":1,"angle2":0},{"time":452.5,"angle":0,"type":"mineHold","duration":1,"angle2":-33.75},{"time":452.5,"angle":45,"type":"mineHold","duration":1,"angle2":-78.75},{"time":454.5,"angle":180,"type":"mineHold","duration":1,"angle2":225},{"time":454.5,"angle":225,"type":"mineHold","duration":1,"angle2":180},{"time":455.5,"angle":180,"type":"mineHold","duration":1,"angle2":225},{"time":455.5,"angle":225,"type":"mineHold","duration":1,"angle2":180},{"time":456.5,"angle":180,"type":"mineHold","duration":1,"angle2":225},{"time":456.5,"angle":225,"type":"mineHold","duration":1,"angle2":180},{"time":457.5,"angle":180,"type":"mineHold","duration":0.75,"angle2":225},{"time":457.5,"angle":225,"type":"mineHold","duration":0.75,"angle2":180},{"time":454.25,"angle":292.5,"type":"mineHold","duration":4,"angle2":258.75},{"time":454.25,"angle":123.75,"type":"mineHold","duration":4,"angle2":146.25},{"time":458.5,"type":"block","angle":-56.25},{"time":458.5,"type":"block","angle":-67.5},{"time":458.5,"type":"block","angle":-45},{"time":458.5,"type":"extraTap","angle":-78.75},{"time":459.5,"type":"block","angle":-135},{"time":459.5,"type":"block","angle":-146.25},{"time":459.5,"type":"block","angle":-123.75},{"time":459,"type":"mine","angle":-135},{"time":459.5,"type":"extraTap","angle":-157.5},{"time":460.5,"type":"block","angle":-213.75},{"time":460.5,"type":"block","angle":-225},{"time":460.5,"type":"block","angle":-202.5},{"time":460.5,"type":"extraTap","angle":-236.25},{"time":460,"type":"mine","angle":146.25},{"time":461.5,"type":"block","angle":-292.5},{"time":461.5,"type":"block","angle":-303.75},{"time":461.5,"type":"block","angle":-281.25},{"time":461.5,"type":"extraTap","angle":-315},{"time":461,"type":"mine","angle":67.5},{"holdEase":"outExpo","angle":22.5,"type":"hold","duration":0.5,"angle2":-56.25,"time":458},{"time":462.5,"type":"block","angle":315},{"time":463.5,"type":"block","angle":292.5},{"time":464.5,"type":"block","angle":258.75},{"time":463,"type":"side","angle":67.5},{"time":463,"type":"mine","angle":315},{"time":464,"type":"mine","angle":303.75},{"time":464,"type":"side","angle":67.5},{"time":465,"type":"block","angle":236.25},{"time":465.5,"type":"block","angle":213.75},{"time":466,"type":"block","angle":180},{"time":464.5,"type":"mine","angle":326.25},{"time":464.5,"type":"mine","angle":191.25},{"time":464.5,"angle":191.25,"type":"mineHold","duration":1.25,"angle2":123.75},{"time":464.5,"angle":326.25,"type":"mineHold","duration":1.25,"angle2":258.75},{"time":466.5,"type":"block","angle":123.75},{"time":467.5,"type":"block","angle":180},{"time":466.5,"type":"block","angle":303.75},{"time":467.5,"type":"block","angle":360},{"time":466.5,"type":"extraTap","angle":112.5},{"time":467.5,"type":"extraTap","angle":191.25},{"holdEase":"inQuad","angle":303.75,"type":"hold","duration":0.75,"angle2":326.25,"time":466.5},{"time":468.5,"type":"block","angle":236.25},{"time":468.5,"type":"extraTap","angle":225},{"time":468.5,"type":"block","angle":56.25},{"holdEase":"inSine","angle":0,"type":"hold","duration":0.5,"angle2":45,"time":467.5},{"time":469.5,"type":"block","angle":180},{"time":470,"type":"block","angle":191.25},{"time":470.5,"type":"block","angle":135},{"time":470,"type":"block","angle":11.25},{"time":471.5,"type":"block","angle":78.75},{"time":472.5,"type":"block","angle":22.5},{"time":470.5,"type":"extraTap","angle":123.75},{"time":471.5,"type":"extraTap","angle":90},{"time":472.5,"type":"extraTap","angle":33.75},{"time":469.5,"type":"block","angle":348.75},{"holdEase":"outCubic","angle":258.75,"type":"hold","duration":0.5,"angle2":213.75,"time":471.5},{"holdEase":"outCubic","angle":315,"type":"hold","duration":0.5,"angle2":270,"time":470.5},{"time":472.5,"type":"block","angle":202.5},{"time":473.5,"type":"block","angle":315},{"time":474,"type":"block","angle":247.5},{"time":474.5,"type":"block","angle":0},{"time":475,"type":"block","angle":292.5},{"time":475.5,"type":"block","angle":45},{"time":476,"type":"block","angle":337.5},{"time":474.5,"type":"block","angle":180},{"time":475.5,"type":"block","angle":225},{"time":476.5,"type":"block","angle":270},{"time":473.5,"angle":315,"type":"hold","duration":0.5,"angle2":247.5},{"time":474,"angle":247.5,"type":"hold","duration":0.5,"angle2":180},{"time":474.5,"angle":360,"type":"hold","duration":0.5,"angle2":292.5},{"time":475,"angle":292.5,"type":"hold","duration":0.5,"angle2":225},{"time":475.5,"angle":45,"type":"hold","duration":0.5,"angle2":-22.5},{"time":476,"angle":337.5,"type":"hold","duration":0.5,"angle2":270},{"time":476.5,"type":"block","angle":90},{"time":477,"type":"block","angle":22.5},{"time":477.5,"type":"block","angle":315},{"time":476.5,"angle":90,"type":"hold","duration":0.5,"angle2":22.5},{"time":477,"angle":22.5,"type":"hold","duration":0.5,"angle2":-45},{"time":466.5,"angle":45,"type":"mineHold","duration":2,"angle2":157.5},{"time":470.75,"angle":213.75,"type":"mineHold","duration":1.5,"angle2":123.75},{"time":478,"type":"block","angle":123.75},{"time":478.75,"type":"block","angle":-180},{"time":478.75,"type":"block","angle":-191.25},{"time":478.75,"type":"block","angle":-168.75},{"time":478.25,"type":"mine","angle":-180},{"time":478.75,"type":"extraTap","angle":-202.5},{"time":479.75,"type":"block","angle":-101.25},{"time":479.75,"type":"block","angle":-112.5},{"time":479.75,"type":"block","angle":-90},{"time":479.75,"type":"extraTap","angle":-123.75},{"time":479.25,"type":"mine","angle":258.75},{"time":480.75,"type":"block","angle":-382.5},{"time":480.75,"type":"block","angle":-393.75},{"time":480.75,"type":"block","angle":-371.25},{"time":480.75,"type":"extraTap","angle":-405},{"time":480.25,"type":"mine","angle":-22.5},{"time":481.75,"type":"block","angle":45},{"time":481.75,"type":"block","angle":56.25},{"time":481.75,"type":"block","angle":67.5},{"time":469,"angle":258.75,"type":"mineHold","duration":1.75,"angle2":213.75},{"time":481.75,"type":"extraTap","angle":33.75},{"time":482.75,"type":"block","angle":-393.75},{"time":482.75,"type":"block","angle":-405},{"time":482.75,"type":"block","angle":-382.5},{"time":482.25,"type":"mine","angle":-393.75},{"time":482.75,"type":"extraTap","angle":-416.25},{"time":483.75,"type":"block","angle":-472.5},{"time":483.75,"type":"block","angle":-483.75},{"time":483.75,"type":"block","angle":-461.25},{"time":483.25,"type":"mine","angle":-472.5},{"time":483.75,"type":"extraTap","angle":-495},{"time":484.75,"type":"block","angle":-551.25},{"time":484.75,"type":"block","angle":-562.5},{"time":484.75,"type":"block","angle":-540},{"time":484.25,"type":"mine","angle":-551.25},{"time":484.75,"type":"extraTap","angle":-573.75},{"time":485.75,"type":"block","angle":-630},{"time":485.75,"type":"block","angle":-641.25},{"time":485.75,"type":"block","angle":-618.75},{"time":485.25,"type":"mine","angle":-630},{"time":485.75,"type":"extraTap","angle":-652.5},{"time":486.75,"angle":11.25,"type":"hold","duration":0.5,"angle2":-78.75},{"time":486.75,"angle":348.75,"type":"hold","duration":0.5,"angle2":303.75},{"holdEase":"inSine","angle":303.75,"type":"hold","duration":0.5,"angle2":247.5,"time":487.25},{"holdEase":"inSine","angle":281.25,"type":"hold","duration":0.5,"angle2":270,"time":487.25},{"time":488.25,"angle":348.75,"type":"hold","duration":0.5,"angle2":315},{"time":488.25,"angle":11.25,"type":"hold","duration":0.5,"angle2":-67.5},{"time":488.75,"angle":315,"type":"hold","duration":0.5,"angle2":236.25},{"time":488.75,"angle":292.5,"type":"hold","duration":0.5,"angle2":258.75},{"time":489.75,"angle":180,"type":"hold","duration":0.5,"angle2":213.75},{"time":489.75,"angle":157.5,"type":"hold","duration":0.5,"angle2":236.25},{"time":490.75,"type":"block","angle":303.75},{"time":490.75,"type":"block","angle":315},{"time":490.75,"type":"block","angle":292.5},{"time":490.75,"type":"extraTap","angle":326.25},{"time":490.25,"type":"mine","angle":303.75},{"time":491.75,"type":"block","angle":382.5},{"time":491.75,"type":"block","angle":393.75},{"time":491.75,"type":"block","angle":371.25},{"time":491.75,"type":"extraTap","angle":405},{"time":491.25,"type":"mine","angle":382.5},{"time":492.75,"type":"block","angle":461.25},{"time":492.75,"type":"block","angle":472.5},{"time":492.75,"type":"block","angle":450},{"time":492.75,"type":"extraTap","angle":483.75},{"time":492.25,"type":"mine","angle":461.25},{"time":493.75,"type":"block","angle":540},{"time":493.75,"type":"block","angle":551.25},{"time":493.75,"type":"block","angle":528.75},{"time":493.75,"type":"extraTap","angle":562.5},{"time":493.25,"type":"mine","angle":540},{"time":494.75,"angle":270,"tap":true,"type":"side"},{"time":495.25,"type":"side","angle":393.75},{"time":495.75,"type":"side","angle":146.25},{"time":496.25,"angle":270,"tap":true,"type":"side"},{"time":496.75,"type":"side","angle":33.75},{"time":497.25,"type":"side","angle":146.25},{"time":497.75,"angle":270,"tap":true,"type":"side"},{"time":498.25,"type":"block","angle":0},{"holdEase":"outSine","angle":33.75,"type":"hold","duration":1,"angle2":180,"time":498.75},{"holdEase":"outSine","angle":78.75,"type":"hold","duration":1,"angle2":180,"time":498.75},{"holdEase":"outSine","angle":180,"type":"hold","duration":0.5,"angle2":292.5,"time":500.25},{"holdEase":"outSine","angle":180,"type":"hold","duration":0.5,"angle2":247.5,"time":500.25},{"time":502.25,"angle":101.25,"type":"hold","duration":0.5,"angle2":123.75},{"time":502.25,"angle":56.25,"type":"hold","duration":0.5,"angle2":123.75},{"holdEase":"outQuad","angle":101.25,"type":"hold","duration":0.5,"angle2":191.25,"time":503.25},{"holdEase":"outQuad","angle":146.25,"type":"hold","duration":0.5,"angle2":191.25,"time":503.25},{"time":504.75,"type":"block","angle":270},{"time":502.25,"type":"extraTap","angle":157.5},{"time":498.75,"type":"extraTap","angle":67.5},{"time":500.75,"type":"extraTap","angle":303.75},{"time":504.75,"type":"extraTap","angle":292.5},{"time":504.75,"type":"block","angle":258.75},{"time":504.75,"type":"block","angle":281.25},{"holdEase":"inOutCubic","angle":90,"type":"hold","duration":0.5,"angle2":37.5,"time":506.25},{"holdEase":"outCubic","angle":112.5,"type":"hold","duration":0.5,"angle2":45,"time":507.25},{"holdEase":"linear","angle":0,"type":"hold","duration":0.5,"angle2":90,"time":508.25},{"holdEase":"inSine","angle":90,"type":"hold","duration":0.5,"angle2":45,"time":508.75},{"time":509.75,"angle":22.5,"type":"hold","duration":0.5,"angle2":56.25},{"time":511,"type":"block","angle":135},{"time":511,"type":"block","angle":123.75},{"time":511,"type":"block","angle":146.25},{"time":511,"type":"extraTap","angle":112.5},{"time":510.5,"type":"mine","angle":135},{"time":512,"type":"block","angle":213.75},{"time":512,"type":"block","angle":202.5},{"time":512,"type":"block","angle":225},{"time":512,"type":"extraTap","angle":191.25},{"time":511.5,"type":"mine","angle":213.75},{"time":513,"type":"block","angle":292.5},{"time":513,"type":"block","angle":281.25},{"time":513,"type":"block","angle":303.75},{"time":513,"type":"extraTap","angle":270},{"time":512.5,"type":"mine","angle":292.5},{"time":515,"type":"block","angle":360},{"time":515,"type":"block","angle":348.75},{"time":515,"type":"block","angle":371.25},{"time":515,"type":"extraTap","angle":337.5},{"time":474.5,"angle":258.75,"type":"mineHold","duration":0,"angle2":281.25},{"time":475.5,"angle":281.25,"type":"mineHold","duration":0,"angle2":326.25},{"time":476.5,"angle":348.75,"type":"mineHold","duration":0,"angle2":371.25},{"time":458.25,"angle":146.25,"type":"mineHold","duration":1.25,"angle2":22.5},{"time":458.25,"angle":461.25,"type":"mineHold","duration":1.25,"angle2":427.5},{"time":459.5,"angle":22.5,"type":"mineHold","duration":1,"angle2":-11.25},{"time":459.5,"angle":67.5,"type":"mineHold","duration":1,"angle2":-56.25},{"time":460.5,"angle":303.75,"type":"mineHold","duration":1,"angle2":270},{"time":460.5,"angle":348.75,"type":"mineHold","duration":1,"angle2":225},{"time":478.5,"angle":-22.5,"type":"mineHold","duration":1.25,"angle2":101.25},{"time":478.5,"angle":-337.5,"type":"mineHold","duration":1.25,"angle2":-303.75},{"time":479.75,"angle":-258.75,"type":"mineHold","duration":1,"angle2":-225},{"time":479.75,"angle":-303.75,"type":"mineHold","duration":1,"angle2":-180},{"time":480.75,"angle":-180,"type":"mineHold","duration":1,"angle2":-146.25},{"time":480.75,"angle":-225,"type":"mineHold","duration":1,"angle2":-101.25},{"time":481.75,"angle":258.75,"type":"mineHold","duration":1,"angle2":123.75},{"time":481.75,"angle":213.75,"type":"mineHold","duration":1,"angle2":168.75},{"time":482.75,"angle":123.75,"type":"mineHold","duration":1,"angle2":90},{"time":482.75,"angle":168.75,"type":"mineHold","duration":1,"angle2":45},{"time":483.75,"angle":90,"type":"mineHold","duration":1,"angle2":-33.75},{"time":483.75,"angle":45,"type":"mineHold","duration":1,"angle2":11.25},{"time":484.75,"angle":11.25,"type":"mineHold","duration":1,"angle2":-112.5},{"time":484.75,"angle":326.25,"type":"mineHold","duration":1,"angle2":292.5},{"time":490.5,"angle":101.25,"type":"mineHold","duration":1.25,"angle2":225},{"time":490.5,"angle":-213.75,"type":"mineHold","duration":1.25,"angle2":-180},{"time":491.75,"angle":-135,"type":"mineHold","duration":1,"angle2":-101.25},{"time":491.75,"angle":-180,"type":"mineHold","duration":1,"angle2":-56.25},{"time":492.75,"angle":-56.25,"type":"mineHold","duration":1,"angle2":-22.5},{"time":492.75,"angle":-101.25,"type":"mineHold","duration":1,"angle2":22.5},{"time":486.75,"angle":180,"type":"mineHold","duration":1,"angle2":67.5},{"time":488.25,"angle":180,"type":"mineHold","duration":1,"angle2":67.5},{"time":489.75,"angle":348.75,"type":"mineHold","duration":0.5,"angle2":405},{"time":510.75,"angle":-67.5,"type":"mineHold","duration":1.25,"angle2":56.25},{"time":510.75,"angle":-382.5,"type":"mineHold","duration":1.25,"angle2":-348.75},{"time":512,"angle":-303.75,"type":"mineHold","duration":1,"angle2":-270},{"time":512,"angle":-348.75,"type":"mineHold","duration":1,"angle2":-225},{"time":513,"angle":56.25,"type":"mineHold","duration":2,"angle2":157.5},{"time":513,"angle":168.75,"type":"mineHold","duration":2,"angle2":202.5},{"time":450.5,"type":"block","angle":360},{"time":514,"type":"block","angle":371.25},{"time":514,"type":"block","angle":360},{"time":514,"type":"block","angle":382.5},{"time":514,"type":"extraTap","angle":348.75},{"time":513.5,"type":"mine","angle":371.25},{"time":516.5,"type":"block","angle":281.25},{"time":516.5,"type":"block","angle":292.5},{"time":516.5,"type":"block","angle":270},{"holdEase":"outSine","angle":78.75,"type":"hold","duration":1.5,"angle2":191.25,"time":519},{"holdEase":"linear","angle":90,"type":"hold","duration":1.5,"angle2":180,"time":519},{"holdEase":"inSine","angle":101.25,"type":"hold","duration":1.5,"angle2":168.75,"time":519},{"time":521,"type":"block","angle":225},{"time":518,"type":"block","angle":315},{"time":523,"type":"block","angle":258.75},{"time":523,"type":"block","angle":270},{"time":523,"type":"block","angle":281.25},{"time":524,"type":"side","angle":0},{"time":524.5,"type":"block","angle":191.25},{"time":524.5,"type":"block","angle":180},{"time":524.5,"type":"block","angle":168.75},{"time":525,"type":"block","angle":225},{"time":526.5,"type":"block","angle":270},{"time":527,"type":"block","angle":292.5},{"time":528.5,"type":"block","angle":258.75},{"time":528,"type":"block","angle":348.75},{"time":527,"type":"block","angle":303.75},{"time":527,"type":"block","angle":281.25},{"time":527,"angle":303.75,"type":"hold","duration":1,"angle2":348.75},{"time":527,"angle":281.25,"type":"hold","duration":1,"angle2":348.75},{"holdEase":"outSine","angle":348.75,"type":"hold","duration":1.5,"angle2":438.75,"time":529},{"holdEase":"outSine","angle":438.75,"type":"hold","duration":0.5,"angle2":382.5,"time":530.5},{"holdEase":"inSine","angle":22.5,"type":"hold","duration":1.25,"angle2":270,"time":531},{"holdEase":"inCubic","angle":22.5,"type":"hold","duration":1.75,"angle2":-78.75,"time":532.75},{"holdEase":"inSine","angle":146.25,"type":"hold","duration":1,"angle2":45,"time":535},{"time":536.5,"angle":292.5,"type":"hold","duration":0.5,"angle2":337.5},{"holdEase":"inQuad","angle":22.5,"type":"hold","duration":1,"angle2":-202.5,"time":537},{"time":539,"type":"block","angle":348.75},{"time":539,"type":"block","angle":0},{"time":539,"type":"block","angle":11.25},{"time":540.5,"type":"block","angle":281.25},{"time":540.5,"type":"block","angle":270},{"time":540.5,"type":"block","angle":258.75},{"time":540,"type":"side","angle":90},{"holdEase":"inSine","angle":-405,"type":"hold","duration":1,"angle2":-270,"time":542},{"time":543,"angle":90,"type":"hold","duration":2,"angle2":-180},{"time":543,"angle":11.25,"type":"mineHold","duration":2,"angle2":-258.75},{"time":543,"angle":168.75,"type":"mineHold","duration":2,"angle2":-101.25},{"time":545,"angle":180,"type":"hold","duration":1,"angle2":360},{"time":545,"angle":101.25,"type":"mineHold","duration":1,"angle2":281.25},{"time":545,"angle":258.75,"type":"mineHold","duration":1,"angle2":438.75},{"holdEase":"outSine","angle":-348.75,"type":"hold","duration":1,"angle2":-450,"time":412.25},{"holdEase":"outSine","angle":-348.75,"type":"hold","duration":1,"angle2":-450,"time":541},{"time":517,"type":"side","angle":90},{"time":522,"type":"side","angle":45},{"time":534.75,"angle":67.5,"type":"mineHold","duration":0,"angle2":0},{"time":547,"type":"block","angle":348.75},{"time":547,"type":"block","angle":360},{"time":547,"type":"block","angle":11.25},{"time":548.5,"type":"block","angle":281.25},{"time":548.5,"type":"block","angle":292.5},{"time":548.5,"type":"block","angle":270},{"holdEase":"outSine","angle":78.75,"type":"hold","duration":1.5,"angle2":191.25,"time":551},{"holdEase":"linear","angle":90,"type":"hold","duration":1.5,"angle2":180,"time":551},{"holdEase":"inSine","angle":101.25,"type":"hold","duration":1.5,"angle2":168.75,"time":551},{"time":553,"type":"block","angle":225},{"time":550,"type":"block","angle":315},{"time":555,"type":"block","angle":258.75},{"time":555,"type":"block","angle":270},{"time":555,"type":"block","angle":281.25},{"time":556,"type":"side","angle":0},{"time":556.5,"type":"block","angle":191.25},{"time":556.5,"type":"block","angle":180},{"time":556.5,"type":"block","angle":168.75},{"time":557,"type":"block","angle":225},{"time":558.5,"type":"block","angle":270},{"time":559,"type":"block","angle":292.5},{"time":560.5,"type":"block","angle":258.75},{"time":560,"type":"block","angle":348.75},{"time":559,"type":"block","angle":303.75},{"time":559,"type":"block","angle":281.25},{"time":559,"angle":303.75,"type":"hold","duration":1,"angle2":348.75},{"time":559,"angle":281.25,"type":"hold","duration":1,"angle2":348.75},{"holdEase":"outSine","angle":348.75,"type":"hold","duration":1.5,"angle2":438.75,"time":561},{"holdEase":"outSine","angle":438.75,"type":"hold","duration":0.5,"angle2":382.5,"time":562.5},{"holdEase":"inSine","angle":22.5,"type":"hold","duration":1.25,"angle2":270,"time":563},{"holdEase":"inCubic","angle":22.5,"type":"hold","duration":1.75,"angle2":-78.75,"time":564.75},{"holdEase":"inSine","angle":146.25,"type":"hold","duration":1,"angle2":45,"time":567},{"time":568.5,"angle":292.5,"type":"hold","duration":0.5,"angle2":337.5},{"holdEase":"inQuad","angle":22.5,"type":"hold","duration":1,"angle2":-202.5,"time":569},{"time":571,"type":"block","angle":348.75},{"time":571,"type":"block","angle":0},{"time":571,"type":"block","angle":11.25},{"time":572.5,"type":"block","angle":281.25},{"time":572.5,"type":"block","angle":270},{"time":572.5,"type":"block","angle":258.75},{"time":572,"type":"side","angle":90},{"holdEase":"inSine","angle":-405,"type":"hold","duration":1,"angle2":-270,"time":574},{"time":575,"angle":90,"type":"hold","duration":2,"angle2":-180},{"time":575,"angle":11.25,"type":"mineHold","duration":2,"angle2":-258.75},{"time":575,"angle":168.75,"type":"mineHold","duration":2,"angle2":-101.25},{"time":577,"angle":180,"type":"hold","duration":2.25,"angle2":360},{"time":577,"angle":101.25,"type":"mineHold","duration":2.25,"angle2":281.25},{"time":577,"angle":258.75,"type":"mineHold","duration":2.5,"angle2":438.75},{"holdEase":"outSine","angle":-348.75,"type":"hold","duration":1,"angle2":-450,"time":573},{"time":549,"type":"side","angle":90},{"time":554,"type":"side","angle":45},{"time":566.75,"angle":67.5,"type":"mineHold","duration":0,"angle2":0},{"time":564.25,"angle":67.5,"type":"mineHold","duration":0.5,"angle2":123.75},{"time":532.25,"angle":67.5,"type":"mineHold","duration":0.5,"angle2":123.75},{"time":579.25,"type":"block","angle":348.75},{"time":579.25,"type":"block","angle":360},{"time":579.25,"type":"block","angle":11.25},{"time":580.75,"type":"block","angle":281.25},{"time":580.75,"type":"block","angle":292.5},{"time":580.75,"type":"block","angle":270},{"holdEase":"outSine","angle":78.75,"type":"hold","duration":1.5,"angle2":191.25,"time":583.25},{"holdEase":"linear","angle":90,"type":"hold","duration":1.5,"angle2":180,"time":583.25},{"holdEase":"inSine","angle":101.25,"type":"hold","duration":1.5,"angle2":168.75,"time":583.25},{"time":585.25,"type":"block","angle":225},{"time":582.25,"type":"block","angle":315},{"time":587.25,"type":"block","angle":258.75},{"time":587.25,"type":"block","angle":270},{"time":587.25,"type":"block","angle":281.25},{"time":588.25,"type":"side","angle":0},{"time":588.75,"type":"block","angle":191.25},{"time":588.75,"type":"block","angle":180},{"time":588.75,"type":"block","angle":168.75},{"time":589.25,"type":"block","angle":225},{"time":590.75,"type":"block","angle":270},{"time":591.25,"type":"block","angle":292.5},{"time":592.75,"type":"block","angle":258.75},{"time":592.25,"type":"block","angle":348.75},{"time":591.25,"type":"block","angle":303.75},{"time":591.25,"type":"block","angle":281.25},{"time":591.25,"angle":303.75,"type":"hold","duration":1,"angle2":348.75},{"time":591.25,"angle":281.25,"type":"hold","duration":1,"angle2":348.75},{"holdEase":"outSine","angle":348.75,"type":"hold","duration":1.5,"angle2":438.75,"time":593.25},{"holdEase":"outSine","angle":438.75,"type":"hold","duration":0.5,"angle2":382.5,"time":594.75},{"holdEase":"inSine","angle":22.5,"type":"hold","duration":1.25,"angle2":270,"time":595.25},{"holdEase":"inCubic","angle":22.5,"type":"hold","duration":1.75,"angle2":-78.75,"time":597},{"holdEase":"inSine","angle":146.25,"type":"hold","duration":1,"angle2":45,"time":599.25},{"time":600.75,"angle":292.5,"type":"hold","duration":0.5,"angle2":337.5},{"holdEase":"inQuad","angle":22.5,"type":"hold","duration":1,"angle2":-202.5,"time":601.25},{"time":603.25,"type":"block","angle":348.75},{"time":603.25,"type":"block","angle":0},{"time":603.25,"type":"block","angle":11.25},{"time":604.75,"type":"block","angle":281.25},{"time":604.75,"type":"block","angle":270},{"time":604.75,"type":"block","angle":258.75},{"time":604.25,"type":"side","angle":90},{"holdEase":"inSine","angle":-405,"type":"hold","duration":1,"angle2":-270,"time":606.25},{"time":607.25,"angle":90,"type":"hold","duration":2,"angle2":-180},{"time":607.25,"angle":11.25,"type":"mineHold","duration":2,"angle2":-258.75},{"time":607.25,"angle":168.75,"type":"mineHold","duration":2,"angle2":-101.25},{"time":609.25,"angle":180,"type":"hold","duration":1,"angle2":360},{"time":609.25,"angle":101.25,"type":"mineHold","duration":1,"angle2":281.25},{"time":609.25,"angle":258.75,"type":"mineHold","duration":1,"angle2":438.75},{"holdEase":"outSine","angle":-348.75,"type":"hold","duration":1,"angle2":-450,"time":605.25},{"time":581.25,"type":"side","angle":90},{"time":586.25,"type":"side","angle":45},{"time":599,"angle":67.5,"type":"mineHold","duration":0,"angle2":0},{"time":596.5,"angle":67.5,"type":"mineHold","duration":0.5,"angle2":123.75},{"time":580.75,"type":"extraTap","angle":22.5},{"time":584.75,"type":"extraTap","angle":22.5},{"time":588.75,"type":"extraTap","angle":22.5},{"time":592.75,"type":"extraTap","angle":22.5},{"time":596.75,"type":"extraTap","angle":22.5},{"time":600.75,"type":"extraTap","angle":22.5},{"time":604.75,"type":"extraTap","angle":22.5},{"time":608.75,"type":"extraTap","angle":22.5},{"time":611.25,"type":"block","angle":348.75},{"time":611.25,"type":"block","angle":360},{"time":611.25,"type":"block","angle":11.25},{"time":612.75,"type":"block","angle":281.25},{"time":612.75,"type":"block","angle":292.5},{"time":612.75,"type":"block","angle":270},{"holdEase":"outSine","angle":78.75,"type":"hold","duration":1.5,"angle2":191.25,"time":615.25},{"holdEase":"linear","angle":90,"type":"hold","duration":1.5,"angle2":180,"time":615.25},{"holdEase":"inSine","angle":101.25,"type":"hold","duration":1.5,"angle2":168.75,"time":615.25},{"time":617.25,"type":"block","angle":225},{"time":614.25,"type":"block","angle":315},{"time":619.25,"type":"block","angle":258.75},{"time":619.25,"type":"block","angle":270},{"time":619.25,"type":"block","angle":281.25},{"time":620.25,"type":"side","angle":0},{"time":620.75,"type":"block","angle":191.25},{"time":620.75,"type":"block","angle":180},{"time":620.75,"type":"block","angle":168.75},{"time":621.25,"type":"block","angle":225},{"time":622.75,"type":"block","angle":270},{"time":623.25,"type":"block","angle":292.5},{"time":624.75,"type":"block","angle":258.75},{"time":624.25,"type":"block","angle":348.75},{"time":623.25,"type":"block","angle":303.75},{"time":623.25,"type":"block","angle":281.25},{"time":623.25,"angle":303.75,"type":"hold","duration":1,"angle2":348.75},{"time":623.25,"angle":281.25,"type":"hold","duration":1,"angle2":348.75},{"holdEase":"outSine","angle":348.75,"type":"hold","duration":1.5,"angle2":438.75,"time":625.25},{"holdEase":"outSine","angle":438.75,"type":"hold","duration":0.5,"angle2":382.5,"time":626.75},{"holdEase":"inSine","angle":22.5,"type":"hold","duration":1.25,"angle2":270,"time":627.25},{"holdEase":"inCubic","angle":22.5,"type":"hold","duration":1.75,"angle2":-78.75,"time":629},{"holdEase":"inSine","angle":146.25,"type":"hold","duration":1,"angle2":45,"time":631.25},{"time":632.75,"angle":292.5,"type":"hold","duration":0.5,"angle2":337.5},{"holdEase":"inQuad","angle":22.5,"type":"hold","duration":1,"angle2":-202.5,"time":633.25},{"time":635.25,"type":"block","angle":348.75},{"time":635.25,"type":"block","angle":0},{"time":635.25,"type":"block","angle":11.25},{"time":636.75,"type":"block","angle":281.25},{"time":636.75,"type":"block","angle":270},{"time":636.75,"type":"block","angle":258.75},{"time":636.25,"type":"side","angle":90},{"holdEase":"inSine","angle":-405,"type":"hold","duration":1,"angle2":-270,"time":638.25},{"time":639.25,"angle":90,"type":"hold","duration":2,"angle2":-180},{"time":639.25,"angle":11.25,"type":"mineHold","duration":2,"angle2":-258.75},{"time":639.25,"angle":168.75,"type":"mineHold","duration":2,"angle2":-101.25},{"time":641.25,"angle":180,"type":"hold","duration":2,"angle2":360},{"time":641.25,"angle":101.25,"type":"mineHold","duration":1,"angle2":202.5},{"time":641.25,"angle":258.75,"type":"mineHold","duration":1,"angle2":337.5},{"holdEase":"outSine","angle":-348.75,"type":"hold","duration":1,"angle2":-450,"time":637.25},{"time":613.25,"type":"side","angle":90},{"time":618.25,"type":"side","angle":45},{"time":631,"angle":67.5,"type":"mineHold","duration":0,"angle2":0},{"time":628.5,"angle":67.5,"type":"mineHold","duration":0.5,"angle2":123.75},{"time":612.75,"type":"extraTap","angle":22.5},{"time":616.75,"type":"extraTap","angle":22.5},{"time":620.75,"type":"extraTap","angle":22.5},{"time":624.75,"type":"extraTap","angle":22.5},{"time":628.75,"type":"extraTap","angle":22.5},{"time":632.75,"type":"extraTap","angle":22.5},{"time":636.75,"type":"extraTap","angle":22.5},{"time":640.75,"type":"extraTap","angle":22.5},{"time":645.25,"type":"block","angle":326.25},{"time":647.5,"type":"block","angle":225},{"time":648,"type":"block","angle":168.75},{"time":651,"type":"block","angle":303.75},{"time":651.5,"type":"block","angle":236.25},{"time":656.75,"type":"block","angle":315},{"time":658,"type":"block","angle":45},{"time":660,"type":"block","angle":0},{"time":661,"type":"block","angle":78.75},{"time":661.5,"type":"block","angle":146.25},{"time":681,"type":"block","angle":360},{"time":645.75,"type":"side","angle":22.5},{"time":649,"type":"side","angle":360},{"holdEase":"inSine","angle":56.25,"type":"hold","duration":1,"angle2":123.75,"time":653.25},{"holdEase":"inSine","angle":123.75,"type":"hold","duration":1,"angle2":22.5,"time":654.25},{"time":656.25,"type":"side","angle":315},{"time":659,"type":"side","angle":315},{"time":662.75,"angle":180,"type":"hold","duration":1,"angle2":247.5},{"time":663.75,"angle":247.5,"type":"hold","duration":1,"angle2":180},{"holdEase":"inOutSine","angle":180,"type":"hold","duration":1.75,"angle2":315,"time":664.75},{"holdEase":"outSine","angle":315,"type":"hold","duration":0.5,"angle2":281.25,"time":666.5},{"time":667,"angle":281.25,"type":"hold","duration":1,"angle2":360},{"time":668,"angle":0,"type":"hold","duration":2,"angle2":90},{"holdEase":"inOutQuad","angle":22.5,"type":"hold","duration":2,"angle2":90,"time":668},{"holdEase":"inOutQuad","angle":337.5,"type":"hold","duration":2,"angle2":450,"time":668},{"holdEase":"outQuad","angle":90,"type":"hold","duration":0.5,"angle2":112.5,"time":670},{"holdEase":"inQuad","angle":112.5,"duration":1,"type":"hold","angle2":180,"time":670.5},{"holdEase":"inOutQuad","angle":157.5,"type":"hold","duration":2,"angle2":270,"time":671.5},{"holdEase":"inOutQuad","angle":202.5,"type":"hold","duration":2,"angle2":270,"time":671.5},{"holdEase":"outCirc","angle":270,"type":"hold","duration":0.5,"angle2":292.5,"time":673.5},{"holdEase":"inQuad","angle":292.5,"type":"hold","duration":1,"angle2":360,"time":674},{"time":671.5,"angle":180,"type":"hold","duration":2,"angle2":270},{"holdEase":"inOutQuad","angle":337.5,"type":"hold","duration":2,"angle2":450,"time":675},{"holdEase":"inOutQuad","angle":22.5,"type":"hold","duration":2,"angle2":90,"time":675},{"time":675,"angle":360,"type":"hold","duration":2,"angle2":450},{"holdEase":"outCirc","angle":90,"type":"hold","duration":0.5,"angle2":67.5,"time":677},{"holdEase":"linear","angle":67.5,"type":"hold","duration":3.5,"angle2":-360,"time":677.5},{"time":681,"type":"extraTap","angle":315},{"time":681,"type":"block","angle":337.5},{"time":681,"type":"block","angle":348.75},{"time":681,"type":"block","angle":11.25},{"time":681,"type":"block","angle":22.5}]