{"metadata":{"artist":"Jhariah","songName":"Fire4Fun","description":"Command CHANCE\nCommand TRUTH\nCommand FEAR\nCommand RISK","charter":"Sploky","bg":true,"bgData":{"greenChannel":{"r":89,"b":203,"g":128},"yellowChannel":{"r":41,"b":81,"g":61},"magentaChannel":{"r":228,"b":67,"g":192},"cyanChannel":{"r":55,"b":143,"g":107},"image":"Background.png","redChannel":{"r":205,"b":57,"g":41},"blueChannel":{"r":41,"b":41,"g":32}},"artistLink":"https://open.spotify.com/artist/5iMYu8Sj8dZEDsWJxSFwPP?si=MT5Nw73AS6SoC4t8AJ68Rg","difficulty":8},"events":[{"time":0,"angle":56.25,"bpm":188,"type":"play","file":"fire4fun.ogg","volume":1},{"time":0,"angle":202.5,"color":2,"type":"setBgColor"},{"time":56,"angle":337.5,"type":"ease","value":1.5,"duration":2,"ease":"outSine","var":"scrollSpeed"},{"time":60.75,"angle":11.25,"type":"ease","value":3,"duration":2,"ease":"outSine","var":"scrollSpeed"},{"time":0,"angleOffset":false,"angle":-45,"type":"tag","tag":"pulse"},{"time":8,"angleOffset":false,"angle":90,"type":"tag","tag":"pulse"},{"time":16.25,"angleOffset":false,"angle":45,"type":"tag","tag":"pulse"},{"time":20.25,"angleOffset":false,"angle":180,"type":"tag","tag":"pulse"},{"time":24.25,"angleOffset":false,"angle":45,"type":"tag","tag":"pulse"},{"time":32.25,"angleOffset":false,"angle":33.75,"type":"tag","tag":"pulse"},{"time":64,"angle":337.5,"type":"ease","value":1.5,"duration":1,"ease":"outSine","var":"scrollSpeed"},{"time":64.5,"angleOffset":false,"angle":348.75,"type":"tag","tag":"pulse"},{"time":65.25,"angle":326.25,"enable":true,"type":"hom"},{"time":65.25,"angle":303.75,"order":-1,"type":"noise","color":2,"chance":0.64999997615814},{"angle":292.5,"value":0.64999997615814,"type":"ease","var":"vfx.bgNoise","time":65.25,"start":0,"duration":2,"ease":"outCubic"},{"angle":337.5,"description":"","type":"bookmark","time":64.5,"r":0,"name":"First Break","b":0,"g":0},{"time":94,"angle":22.5,"order":0,"type":"noise","color":2,"chance":0},{"angle":33.75,"value":0,"type":"ease","var":"vfx.bgNoise","time":94,"start":0.5,"order":1,"duration":3.5},{"time":96.5,"angle":180,"enable":false,"type":"hom"},{"time":96.5,"angle":168.75,"type":"ease","value":1.5,"duration":2,"ease":"outSine","var":"scrollSpeed"},{"time":96.5,"angleOffset":false,"angle":157.5,"type":"tag","tag":"pulse"},{"angle":202.5,"description":"","type":"bookmark","time":96.5,"r":0,"name":"I can never see it any closer","b":0,"g":0},{"angle":292.5,"enabled":true,"type":"paddles","time":105.75,"paddle":2,"newAngle":180,"duration":0.75,"ease":"outSine"},{"time":106.5,"angle":292.5,"paddle":2,"newAngle":0,"type":"paddles","ease":"linear","duration":0},{"time":105.75,"angle":303.75,"type":"ease","value":4,"duration":0.75,"ease":"outSine","var":"vfx.pixelate"},{"time":106.5,"angle":303.75,"value":1,"type":"ease","var":"vfx.pixelate"},{"time":105.75,"spriteName":"none","angle":315,"type":"forcePlayerSprite"},{"time":106.5,"spriteName":"","angle":315,"type":"forcePlayerSprite"},{"time":145,"angleOffset":false,"angle":315,"type":"tag","tag":"pulse"},{"time":160.75,"angleOffset":false,"angle":11.25,"type":"tag","tag":"pulse"},{"time":212.5,"angle":292.5,"type":"ease","value":2,"duration":10,"ease":"inSine","var":"scrollSpeed"},{"time":225.25,"angleOffset":false,"angle":146.25,"type":"tag","tag":"Pulse"},{"time":226.25,"angleOffset":false,"angle":135,"type":"tag","tag":"Pulse"},{"time":227.25,"angleOffset":false,"angle":45,"type":"tag","tag":"Pulse"},{"time":228.25,"angleOffset":false,"angle":337.5,"type":"tag","tag":"Pulse"},{"time":233.25,"angleOffset":false,"angle":-22.5,"type":"tag","tag":"Pulse"},{"time":234.25,"angleOffset":false,"angle":-101.25,"type":"tag","tag":"Pulse"},{"time":235.25,"angleOffset":false,"angle":-180,"type":"tag","tag":"Pulse"},{"time":236.25,"angleOffset":false,"angle":-258.75,"type":"tag","tag":"Pulse"},{"angle":337.5,"description":"","type":"bookmark","time":223.25,"r":0,"name":"Buzz Buzz","b":0,"g":0},{"time":223.25,"angle":45,"enable":true,"type":"hom"},{"color":2,"angle":270,"type":"noise","time":223.25,"chance":0.30000001192093},{"angle":157.5,"enabled":true,"type":"paddles","time":240.75,"paddle":2,"newAngle":180,"duration":0.5,"ease":"outCubic"},{"color":2,"angle":11.25,"type":"noise","time":237,"chance":0.40000000596046},{"angle":303.75,"description":"","type":"bookmark","time":238,"r":0,"name":"Sick of nothing","b":0,"g":0},{"time":253.5,"angleOffset":false,"angle":-146.25,"type":"tag","tag":"Pulse"},{"time":254.5,"angleOffset":false,"angle":-67.5,"type":"tag","tag":"Pulse"},{"time":255.5,"angleOffset":false,"angle":-348.75,"type":"tag","tag":"Pulse"},{"color":2,"angle":90,"type":"noise","time":252.75,"chance":0.3000001013279},{"time":252.75,"angle":146.25,"paddle":2,"newAngle":0,"type":"paddles","ease":"inOutSine","duration":1},{"time":253.75,"angle":146.25,"paddle":2,"enabled":true,"duration":0,"ease":"linear","type":"paddles"},{"time":257.5,"angleOffset":false,"angle":-360,"type":"tag","tag":"Pulse"},{"time":258.5,"angleOffset":false,"angle":-438.75,"type":"tag","tag":"Pulse"},{"time":259.5,"angleOffset":false,"angle":213.75,"type":"tag","tag":"Pulse"},{"time":260.5,"angleOffset":false,"angle":-596.25,"type":"tag","tag":"Pulse"},{"time":265.5,"angleOffset":false,"angle":348.75,"type":"tag","tag":"pulse"},{"time":266.5,"angleOffset":false,"angle":427.5,"type":"tag","tag":"pulse"},{"time":267.5,"angleOffset":false,"angle":506.25,"type":"tag","tag":"pulse"},{"time":268.5,"angleOffset":false,"angle":585,"type":"tag","tag":"pulse"},{"time":285.75,"angleOffset":false,"angle":168.75,"type":"tag","tag":"Pulse"},{"time":286.75,"angleOffset":false,"angle":236.25,"type":"tag","tag":"Pulse"},{"time":287.75,"angleOffset":false,"angle":315,"type":"tag","tag":"Pulse"},{"time":289.5,"angleOffset":false,"angle":382.5,"type":"tag","tag":"Pulse"},{"angle":315,"description":"","type":"bookmark","time":289.25,"r":0,"name":"After Chorus","b":0,"g":0},{"time":289.5,"angle":146.25,"type":"ease","value":1.5,"duration":0.75,"ease":"inSine","var":"scrollSpeed"},{"angle":135,"description":"","type":"bookmark","time":385.75,"r":0,"name":"I can barely","b":0,"g":0},{"time":289.5,"angle":258.75,"enable":false,"type":"hom"},{"time":386,"angle":118.125,"type":"ease","value":16,"duration":80,"ease":"outCubic","var":"p.bodyRadius"},{"time":386,"angle":55.25,"type":"ease","value":24.799999237061,"duration":80,"ease":"outCubic","var":"p.paddleDistance"},{"time":386,"angle":101.25,"type":"ease","value":3,"duration":80,"ease":"outCubic","var":"p.lookRadius"},{"time":386,"angle":337.5,"type":"ease","value":1.2000000476837,"duration":80,"ease":"outCubic","var":"scrollSpeed"},{"angle":22.5,"description":"","type":"bookmark","time":417.25,"r":0,"name":"I can barely see x2","b":0,"g":0},{"angle":360,"description":"","type":"bookmark","time":417.25,"r":0,"name":"Section","b":0,"g":0},{"time":450.5,"angle":180,"value":20,"type":"ease","ease":"outElastic","var":"p.bodyRadius"},{"time":450.5,"angle":111.5,"value":31,"type":"ease","ease":"outElastic","var":"p.paddleDistance"},{"time":450.5,"angle":191.25,"value":6,"type":"ease","ease":"outElastic","var":"p.lookRadius"},{"time":450.5,"angle":146.25,"value":1,"type":"ease","ease":"outElastic","var":"vfx.noteXScale"},{"time":450.5,"angle":129.375,"value":1,"type":"ease","ease":"outElastic","var":"vfx.noteYScale"},{"color":2,"angle":213.75,"type":"setColor","time":386.16665649414,"g":0,"b":190,"r":43,"ease":"outQuad"},{"color":1,"angle":236.25,"type":"setColor","time":386.16665649414,"g":85,"b":211,"r":255,"ease":"outQuad"},{"time":386.16665649414,"angle":202.5,"value":2,"type":"ease","ease":"outQuad","var":"vfx.pixelate"},{"color":1,"angle":33.75,"type":"setColor","time":450.5,"g":203,"b":0,"r":255,"ease":"outSine"},{"color":2,"angle":22.5,"type":"setColor","time":450.5,"g":2,"b":83,"r":214,"ease":"outSine"},{"time":450.5,"angle":45,"value":1,"type":"ease","var":"vfx.pixelate"},{"time":450.5,"angleOffset":false,"angle":337.5,"type":"tag","tag":"bigPulse"},{"time":450.5,"angle":326.25,"enable":true,"type":"hom"},{"time":450.5,"angle":315,"type":"ease","value":0.5,"duration":0.5,"ease":"inSine","var":"scrollSpeed"},{"angle":225,"value":1,"type":"ease","var":"vfx.hglitch.strength","time":386.16665649414,"start":8,"duration":25,"ease":"outCubic"},{"time":448.5,"angle":292.5,"type":"ease","value":0.10000000149012,"duration":2,"ease":"outSine","var":"scrollSpeed"},{"time":451,"angle":315,"type":"ease","value":2,"duration":1.25,"ease":"outSine","var":"scrollSpeed"},{"time":386.16665649414,"angleOffset":false,"angle":146.25,"type":"tag","tag":"bigPulse"},{"time":451.5,"angleOffset":false,"angle":-45,"type":"tag","tag":"Pulse"},{"time":452.5,"angleOffset":false,"angle":-135,"type":"tag","tag":"Pulse"},{"time":453.5,"angleOffset":false,"angle":157.5,"type":"tag","tag":"Pulse"},{"time":458.5,"angleOffset":false,"angle":-22.5,"type":"tag","tag":"Pulse"},{"time":459.5,"angleOffset":false,"angle":-101.25,"type":"tag","tag":"Pulse"},{"time":460.5,"angleOffset":false,"angle":-180,"type":"tag","tag":"Pulse"},{"time":461.5,"angleOffset":false,"angle":-258.75,"type":"tag","tag":"Pulse"},{"angle":157.5,"enabled":true,"type":"paddles","time":466,"paddle":2,"newAngle":180,"duration":0.5,"ease":"outCubic"},{"color":2,"angle":11.25,"type":"noise","time":462.25,"chance":0.40000000596046},{"angle":303.75,"description":"","type":"bookmark","time":463.25,"r":0,"name":"Sick of nothing","b":0,"g":0},{"time":478.75,"angleOffset":false,"angle":-146.25,"type":"tag","tag":"Pulse"},{"time":479.75,"angleOffset":false,"angle":-67.5,"type":"tag","tag":"Pulse"},{"time":480.75,"angleOffset":false,"angle":-348.75,"type":"tag","tag":"Pulse"},{"color":2,"angle":90,"type":"noise","time":478,"chance":0.3000001013279},{"time":478,"angle":146.25,"paddle":2,"newAngle":0,"type":"paddles","ease":"inOutSine","duration":1},{"time":479,"angle":146.25,"paddle":2,"enabled":true,"duration":0,"ease":"linear","type":"paddles"},{"time":482.75,"angleOffset":false,"angle":-360,"type":"tag","tag":"Pulse"},{"time":483.75,"angleOffset":false,"angle":-438.75,"type":"tag","tag":"Pulse"},{"time":484.75,"angleOffset":false,"angle":213.75,"type":"tag","tag":"Pulse"},{"time":485.75,"angleOffset":false,"angle":-596.25,"type":"tag","tag":"Pulse"},{"time":490.75,"angleOffset":false,"angle":348.75,"type":"tag","tag":"pulse"},{"time":491.75,"angleOffset":false,"angle":427.5,"type":"tag","tag":"pulse"},{"time":492.75,"angleOffset":false,"angle":506.25,"type":"tag","tag":"pulse"},{"time":493.75,"angleOffset":false,"angle":585,"type":"tag","tag":"pulse"},{"time":511,"angleOffset":false,"angle":168.75,"type":"tag","tag":"Pulse"},{"time":512,"angleOffset":false,"angle":236.25,"type":"tag","tag":"Pulse"},{"time":513,"angleOffset":false,"angle":315,"type":"tag","tag":"Pulse"},{"time":515,"angleOffset":false,"angle":382.5,"type":"tag","tag":"Pulse"},{"angle":315,"description":"","type":"bookmark","time":514.5,"r":0,"name":"After Chorus","b":0,"g":0},{"time":515,"angle":56.25,"type":"ease","value":1.5,"duration":0.75,"ease":"inSine","var":"scrollSpeed"},{"time":515,"angle":258.75,"enable":false,"type":"hom"},{"angle":78.75,"description":"","type":"bookmark","time":450.5,"r":0,"name":"chorus 2","b":0,"g":0},{"time":514,"angleOffset":false,"angle":393.75,"type":"tag","tag":"Pulse"},{"color":2,"angle":225,"type":"setColor","duration":5,"time":515,"b":190,"r":43,"g":0,"ease":"outQuad"},{"color":1,"angle":213.75,"type":"setColor","duration":5,"time":515,"b":211,"r":255,"g":85,"ease":"outQuad"},{"time":515,"angle":135,"value":2,"type":"ease","var":"vfx.pixelate"},{"time":386,"angle":33.75,"type":"ease","value":8.1000003814697,"duration":80,"ease":"outCubic","var":"noteRadius"},{"time":450.5,"angle":202.5,"value":9,"type":"ease","var":"noteRadius"},{"angle":337.5,"description":"","type":"bookmark","time":579.25,"r":0,"name":"I can barely see again","b":0,"g":0},{"angle":337.5,"description":"","type":"bookmark","time":579.125,"r":0,"name":"I can barely see again","b":0,"g":0},{"angle":11.25,"description":"","type":"bookmark","time":643.25,"r":0,"name":"Command","b":0,"g":0},{"time":682,"type":"showResults","angle":0},{"time":677.5,"angle":78.75,"value":0.20000021159649,"duration":3.5,"type":"ease","var":"scrollSpeed"},{"time":0,"angle":112.5,"value":1.5,"duration":0.5,"type":"ease","var":"scrollSpeed"},{"color":2,"angle":303.75,"b":86,"time":0,"r":221,"type":"setColor","g":2},{"color":1,"angle":270,"b":0,"time":0,"r":255,"type":"setColor","g":203},{"time":225,"angleOffset":false,"angle":157.5,"type":"tag","tag":"backgroundFlashRed"},{"time":226,"angleOffset":false,"angle":157.5,"type":"tag","tag":"backgroundFlashRed"},{"time":227,"angleOffset":false,"angle":157.5,"type":"tag","tag":"backgroundFlashRed"},{"time":228,"angleOffset":false,"angle":157.5,"type":"tag","tag":"backgroundFlashRed"},{"time":233,"angleOffset":false,"angle":157.5,"type":"tag","tag":"backgroundFlashRed"},{"time":234,"angleOffset":false,"angle":157.5,"type":"tag","tag":"backgroundFlashRed"},{"time":235,"angleOffset":false,"angle":157.5,"type":"tag","tag":"backgroundFlashRed"},{"time":235.75,"angleOffset":false,"angle":157.5,"type":"tag","tag":"backgroundFlashRed"},{"angle":90,"y":-90,"id":"1","type":"deco","hide":true,"time":0,"drawOrder":4,"x":30,"drawLayer":"bg","sprite":"pulse!pulse"},{"color":3,"angle":247.5,"b":239,"time":0,"r":29,"type":"setColor","g":201},{"angle":146.25,"ox":12,"oy":12,"type":"deco","y":-17,"sx":2,"time":0.25,"parentid":"6","x":45,"drawLayer":"bg","sprite":"chance.png","r":60,"sy":2,"id":"3"},{"color":4,"angle":281.25,"b":0,"time":0,"r":255,"type":"setColor","g":24},{"color":5,"angle":225,"b":212,"time":0,"r":0,"type":"setColor","g":120},{"y":-17,"angle":213.75,"ox":12,"oy":12,"type":"deco","parentid":"6","sx":2,"time":0.25,"x":-45,"order":2,"drawLayer":"bg","sprite":"risk.png","r":-60,"sy":2,"id":"2"},{"angle":168.75,"ox":12,"oy":12,"type":"deco","y":-34,"sx":2,"time":0.25,"parentid":"6","x":18,"drawLayer":"bg","sprite":"fear.png","r":16,"sy":2,"id":"5"},{"angle":191.25,"y":-34,"oy":12,"id":"4","ox":12,"r":-16,"time":0.25,"parentid":"6","x":-18,"drawLayer":"bg","sprite":"truth.png","sx":2,"sy":2,"type":"deco"},{"angle":123.75,"y":70,"oy":16,"type":"deco","hide":true,"time":0.25,"id":"6","x":85,"order":-1,"ox":16},{"time":0.5,"angle":123.75,"id":"6","r":18000,"duration":2500,"type":"deco"},{"time":225.25,"angleOffset":false,"angle":90,"type":"tag","tag":"BluePulse"},{"time":226.25,"angleOffset":false,"angle":146.25,"type":"tag","tag":"BluePulse"},{"time":227.25,"angleOffset":false,"angle":90,"type":"tag","tag":"BluePulse"},{"time":228.25,"angleOffset":false,"angle":90,"type":"tag","tag":"BluePulse"},{"time":233.25,"angleOffset":false,"angle":0,"type":"tag","tag":"BluePulse"},{"time":234.25,"angleOffset":false,"angle":270,"type":"tag","tag":"BluePulse"},{"time":235.25,"angleOffset":false,"angle":90,"type":"tag","tag":"BluePulse"},{"time":236.25,"angleOffset":false,"angle":90,"type":"tag","tag":"BluePulse"},{"time":253.5,"angleOffset":false,"angle":90,"type":"tag","tag":"BluePulse"},{"time":254.5,"angleOffset":false,"angle":90,"type":"tag","tag":"BluePulse"},{"time":255.5,"angleOffset":false,"angle":90,"type":"tag","tag":"BluePulse"},{"time":256.5,"angleOffset":false,"angle":90,"type":"tag","tag":"BluePulse"},{"time":257.5,"angleOffset":false,"angle":90,"type":"tag","tag":"BluePulse"},{"time":258.5,"angleOffset":false,"angle":90,"type":"tag","tag":"BluePulse"},{"time":259.5,"angleOffset":false,"angle":90,"type":"tag","tag":"BluePulse"},{"time":260.5,"angleOffset":false,"angle":45,"type":"tag","tag":"BluePulse"},{"time":265.5,"angleOffset":false,"angle":90,"type":"tag","tag":"BluePulse"},{"time":266.5,"angleOffset":false,"angle":90,"type":"tag","tag":"BluePulse"},{"time":267.5,"angleOffset":false,"angle":78.75,"type":"tag","tag":"BluePulse"},{"time":268.5,"angleOffset":false,"angle":90,"type":"tag","tag":"BluePulse"},{"time":285.75,"angleOffset":false,"angle":90,"type":"tag","tag":"BluePulse"},{"time":286.75,"angleOffset":false,"angle":90,"type":"tag","tag":"BluePulse"},{"time":287.75,"angleOffset":false,"angle":90,"type":"tag","tag":"BluePulse"},{"time":289.5,"angleOffset":false,"angle":90,"type":"tag","tag":"BluePulse"},{"time":451.5,"angleOffset":false,"angle":90,"type":"tag","tag":"BluePulse"},{"time":452.5,"angleOffset":false,"angle":90,"type":"tag","tag":"BluePulse"},{"time":453.5,"angleOffset":false,"angle":90,"type":"tag","tag":"BluePulse"},{"time":458.5,"angleOffset":false,"angle":90,"type":"tag","tag":"BluePulse"},{"time":459.5,"angleOffset":false,"angle":90,"type":"tag","tag":"BluePulse"},{"time":460.5,"angleOffset":false,"angle":90,"type":"tag","tag":"BluePulse"},{"time":461.5,"angleOffset":false,"angle":90,"type":"tag","tag":"BluePulse"},{"time":479,"angleOffset":false,"angle":90,"type":"tag","tag":"BluePulse"},{"time":479.75,"angleOffset":false,"angle":90,"type":"tag","tag":"BluePulse"},{"time":480.5,"angleOffset":false,"angle":90,"type":"tag","tag":"BluePulse"},{"time":481.75,"angleOffset":false,"angle":90,"type":"tag","tag":"BluePulse"},{"time":482.75,"angleOffset":false,"angle":90,"type":"tag","tag":"BluePulse"},{"time":483.75,"angleOffset":false,"angle":90,"type":"tag","tag":"BluePulse"},{"time":484.75,"angleOffset":false,"angle":90,"type":"tag","tag":"BluePulse"},{"time":485.75,"angleOffset":false,"angle":56.25,"type":"tag","tag":"BluePulse"},{"time":490.75,"angleOffset":false,"angle":90,"type":"tag","tag":"BluePulse"},{"time":491.75,"angleOffset":false,"angle":90,"type":"tag","tag":"BluePulse"},{"time":492.75,"angleOffset":false,"angle":56.25,"type":"tag","tag":"BluePulse"},{"time":493.75,"angleOffset":false,"angle":90,"type":"tag","tag":"BluePulse"},{"time":511,"angleOffset":false,"angle":90,"type":"tag","tag":"BluePulse"},{"time":512,"angleOffset":false,"angle":90,"type":"tag","tag":"BluePulse"},{"time":513,"angleOffset":false,"angle":326.25,"type":"tag","tag":"BluePulse"},{"time":514,"angleOffset":false,"angle":90,"type":"tag","tag":"BluePulse"},{"id":"8","angle":157.5,"y":0,"drawOrder":-1,"time":0,"x":0,"type":"deco","drawLayer":"bg","sprite":"CoolBackground!loop","sx":4,"sy":4},{"color":6,"angle":337.5,"b":109,"time":0,"r":252,"type":"setColor","g":220},{"id":"10","angle":258.75,"y":-720,"type":"deco","x":-1200,"time":386.16665649414,"drawOrder":1,"drawLayer":"bg","order":0,"sprite":"BlueBackground.png","sx":4,"sy":4},{"time":386.16665649414,"angle":292.5,"type":"deco","id":"8","hide":true},{"color":6,"angle":303.75,"b":234,"time":386.16665649414,"r":144,"type":"setColor","g":182},{"angle":270,"y":0,"id":"10","time":386.16665649414,"type":"deco","x":0,"order":1,"duration":80},{"time":450.5,"angle":270,"type":"deco","id":"10","hide":true},{"time":450.5,"angle":213.75,"sprite":"CoolBackground!loopFast","type":"deco","id":"8","hide":false},{"color":6,"angle":281.25,"b":109,"time":450.5,"r":252,"type":"setColor","g":220},{"time":386.16665649414,"x":-1000,"y":-2000,"id":"6","type":"deco","angle":315},{"time":450.5,"x":85,"y":70,"id":"6","type":"deco","angle":247.5},{"time":450.5,"angle":157.5,"id":"6","r":17999,"duration":750,"type":"deco"},{"time":450.5,"angle":168.75,"order":-1,"id":"6","r":0,"type":"deco"},{"angle":67.5,"ox":300,"oy":180,"type":"deco","time":515,"x":-600,"y":-360,"order":0,"id":"10"},{"time":515,"angle":101.25,"type":"deco","id":"8","hide":true},{"angle":78.75,"y":360,"type":"deco","hide":false,"time":515,"id":"10","x":600,"order":1,"duration":64.125},{"time":515,"x":-1000,"y":-2000,"id":"6","type":"deco","angle":112.5},{"color":6,"angle":236.25,"type":"setColor","duration":5,"time":515,"b":234,"r":144,"g":182,"ease":"outQuad"},{"time":514,"angle":45,"sprite":"CoolBackground!break","id":"8","type":"deco"},{"angle":78.75,"description":"","type":"bookmark","time":595,"r":0,"name":"Edit","b":0,"g":0},{"angle":303.75,"ox":300,"oy":180,"type":"deco","time":643.25,"x":300,"y":180,"order":-1,"id":"10"},{"angle":315,"id":"10","duration":37.75,"time":643.25,"type":"deco","sy":1,"sx":1,"ease":"inSine"},{"time":579.125,"x":-600,"y":-360,"order":0,"type":"deco","id":"10","angle":90},{"angle":101.25,"y":180,"type":"deco","hide":false,"time":579.125,"id":"10","x":300,"order":1,"duration":64.125},{"time":643.25,"angle":202.5,"value":1,"type":"ease","ease":"linear","var":"vfx.pixelate"},{"angle":157.5,"ox":71,"y":241,"drawOrder":-2,"sx":4,"id":"11","time":648,"recolor":4,"type":"deco","drawLayer":"bg","sprite":"catalyst.png","r":0,"sy":4,"x":300},{"angle":146.25,"y":238,"id":"11","time":648,"duration":3,"type":"deco","order":1,"r":1.5},{"angle":315,"ox":74,"type":"deco","id":"11","time":651,"recolor":1,"r":0,"sprite":"feel_the.png","sx":2,"sy":2},{"angle":33.75,"ox":53,"oy":12,"id":"11","drawOrder":-2,"time":645.25,"recolor":1,"type":"deco","drawLayer":"bg","sprite":"become.png","sx":2,"sy":2,"y":232},{"time":647.5,"angle":247.5,"ox":26,"sprite":"the.png","type":"deco","y":126,"id":"11"},{"x":365,"y":241,"oy":12,"type":"deco","hide":true,"time":651,"recolor":1,"angle":337.5,"ox":26,"sprite":"the.png","sx":2,"sy":2,"id":"12"},{"time":651.5,"angle":225,"ox":44,"sprite":"chaos.png","id":"11","type":"deco"},{"time":653.25,"angle":90,"ox":62,"sprite":"consume.png","type":"deco","id":"11"},{"time":655.25,"angle":360,"ox":17,"sprite":"me.png","id":"11","type":"deco"},{"time":656.25,"angle":337.5,"ox":44,"sprite":"until.png","type":"deco","id":"11"},{"time":658,"angle":90,"ox":62,"sprite":"consume.png","id":"11","type":"deco"},{"time":660,"angle":22.5,"ox":17,"sprite":"it.png","id":"11","type":"deco"},{"time":661,"angle":90,"ox":26,"sprite":"and.png","type":"deco","id":"11"},{"time":661.5,"angle":135,"ox":35,"sprite":"take.png","id":"11","type":"deco"},{"time":656.75,"angle":337.5,"ox":8,"sprite":"i.png","id":"11","type":"deco"},{"time":662.75,"angle":157.5,"ox":62,"sprite":"command.png","id":"11","type":"deco"},{"time":666.5,"angle":337.5,"y":115,"type":"deco","id":"11"},{"y":180,"x":300,"ox":53,"type":"deco","time":668,"recolor":4,"id":"11","angle":45,"sprite":"chanceText.png","sx":4,"sy":4},{"angle":112.5,"y":115,"type":"deco","ox":62,"time":670,"recolor":1,"id":"11","sprite":"command.png","sx":2,"sy":2},{"x":300,"angle":225,"ox":44,"id":"11","time":671.5,"recolor":4,"type":"deco","y":180,"sprite":"truthText.png","sx":4,"sy":4},{"angle":292.5,"ox":62,"type":"deco","id":"11","time":673.5,"recolor":1,"y":115,"sprite":"command.png","sx":2,"sy":2},{"ox":35,"angle":45,"y":180,"type":"deco","time":675,"recolor":4,"id":"11","x":300,"sprite":"fearText.png","sx":4,"sy":4},{"x":300,"y":180,"oy":53,"type":"deco","time":681,"recolor":-1,"ox":91,"id":"11","sprite":"riskText.png","sx":2.2000000476837,"sy":2.2000000476837,"angle":45},{"angle":112.5,"y":115,"type":"deco","ox":62,"time":677,"recolor":1,"id":"11","sprite":"command.png","sx":2,"sy":2},{"time":677.25,"x":298,"y":117,"id":"11","type":"deco","angle":112.5},{"time":677.5,"angle":112.5,"y":113,"id":"11","type":"deco","x":302},{"time":677.75,"angle":112.5,"y":117,"id":"11","type":"deco","x":302},{"time":678,"x":300,"y":113,"id":"11","type":"deco","angle":112.5},{"time":678.25,"angle":112.5,"y":113,"id":"11","type":"deco","x":302},{"time":678.5,"x":300,"y":117,"id":"11","type":"deco","angle":112.5},{"time":678.75,"x":298,"y":113,"id":"11","type":"deco","angle":112.5},{"time":679,"angle":112.5,"y":117,"id":"11","type":"deco","x":302},{"time":679.25,"angle":112.5,"y":117,"id":"11","type":"deco","x":298},{"time":679.5,"x":302,"y":113,"id":"11","type":"deco","angle":112.5},{"time":679.75,"angle":112.5,"y":117,"id":"11","type":"deco","x":302},{"time":680,"x":300,"y":113,"id":"11","type":"deco","angle":112.5},{"time":680.25,"angle":112.5,"y":113,"id":"11","type":"deco","x":302},{"time":680.5,"x":300,"y":117,"id":"11","type":"deco","angle":112.5},{"time":680.75,"x":298,"y":113,"id":"11","type":"deco","angle":67.5},{"color":0,"angle":45,"b":0,"time":643.25,"r":0,"type":"setColor","g":0},{"color":1,"angle":67.5,"b":0,"time":643.25,"r":255,"type":"setColor","g":218},{"color":2,"angle":90,"b":0,"time":643.25,"r":0,"type":"setColor","g":0},{"time":643.25,"angle":135,"color":4,"type":"setColor"},{"color":6,"angle":112.5,"b":0,"time":643.25,"r":255,"type":"setColor","g":0},{"color":2,"angle":67.5,"b":0,"time":681,"r":255,"type":"setColor","g":225},{"time":681,"angle":90,"type":"deco","id":"10","hide":true},{"color":0,"angle":112.5,"b":255,"time":681,"r":255,"type":"setColor","g":255},{"color":1,"angle":135,"b":0,"time":681,"r":0,"type":"setColor","g":0},{"time":450.5,"angle":90,"value":0,"type":"ease","var":"vfx.hglitch.strength"},{"angle":67.5,"y":70,"oy":15,"id":"13","time":668,"drawOrder":-4,"type":"deco","drawLayer":"bg","sprite":"chanceHD.png","sx":4,"sy":4,"ox":19},{"time":670,"angle":135,"id":"13","type":"deco","hide":true},{"time":671.5,"angle":247.5,"sprite":"truthHD.png","type":"deco","id":"13","hide":false},{"time":673.5,"angle":315,"id":"13","type":"deco","hide":true},{"time":675,"angle":67.5,"sprite":"fearHD.png","type":"deco","id":"13","hide":false},{"time":677,"angle":135,"id":"13","type":"deco","hide":true},{"x":300,"angle":292.5,"y":180,"type":"deco","hide":false,"time":681,"recolor":5,"id":"13","sprite":"riskHD.png","sx":8,"sy":8},{"time":681,"angle":270,"b":0,"color":5,"type":"setColor","r":255,"g":98}],"properties":{"speed":70,"loadBeat":-1,"offset":8,"startBeat":0,"formatversion":13}}