[{"endTap":true,"time":34,"duration":1,"type":"hold","angle":0,"angle2":180},{"duration":0.5,"time":36,"type":"hold","angle":202.5,"angle2":202.5},{"duration":0.5,"time":37,"type":"hold","angle":157.5,"angle2":157.5},{"angle":180,"time":38,"type":"side"},{"endTap":true,"time":42,"duration":1,"type":"hold","angle":180,"angle2":360},{"angle":0,"type":"extraTap","speedMult":2,"time":34},{"duration":0.5,"time":44,"type":"hold","angle":202.5,"angle2":202.5},{"duration":0.5,"time":45,"type":"hold","angle":157.5,"angle2":157.5},{"angle":0,"time":46,"type":"side"},{"angle":202.5,"time":46,"type":"mine"},{"angle":180,"time":46,"type":"mine"},{"angle":157.5,"time":46,"type":"mine"},{"angle":225,"time":46,"type":"mine"},{"angle":135,"time":46,"type":"mine"},{"angle":247.5,"time":46,"type":"mine"},{"angle":112.5,"time":46,"type":"mine"},{"angle":90,"time":46,"type":"mine"},{"angle":270,"time":46,"type":"mine"},{"angle":90,"time":38,"type":"mine"},{"angle":67.5,"time":38,"type":"mine"},{"angle":45,"time":38,"type":"mine"},{"angle":22.5,"time":38,"type":"mine"},{"angle":0,"time":38,"type":"mine"},{"angle":337.5,"time":38,"type":"mine"},{"angle":315,"time":38,"type":"mine"},{"angle":292.5,"time":38,"type":"mine"},{"angle":270,"time":38,"type":"mine"},{"time":47,"type":"block","tap":true,"angle":0},{"time":49.5,"type":"block","tap":true,"angle":337.5},{"time":49.5,"type":"block","tap":true,"angle":22.5},{"time":41.5,"type":"block","tap":true,"angle":202.5},{"time":41.5,"type":"block","tap":true,"angle":157.5},{"duration":1,"time":50,"type":"hold","angle":0,"angle2":180},{"duration":0.5,"time":52,"angle2":360,"type":"hold","angle":270,"startTap":true},{"duration":0.5,"time":53,"angle2":450,"type":"hold","angle":360,"startTap":true},{"angle":90,"time":54,"type":"side"},{"duration":2,"time":55,"type":"hold","angle":90,"angle2":270},{"time":56,"type":"block","tap":true,"angle":180},{"time":57,"type":"block","tap":true,"speedMult":2,"angle":247.5},{"time":57,"type":"block","tap":true,"speedMult":2,"angle":292.5},{"duration":1,"time":58,"type":"hold","angle":0,"angle2":180},{"duration":0.5,"time":60,"type":"hold","angle":202.5,"angle2":202.5},{"duration":0.5,"time":61,"type":"hold","angle":157.5,"angle2":157.5},{"angle":0,"time":62,"type":"side"},{"endTap":true,"time":63,"duration":2,"type":"hold","angle":0,"angle2":0},{"time":64,"type":"block","tap":true,"angle":360},{"time":64,"type":"block","tap":true,"angle":337.5},{"time":64,"type":"block","tap":true,"angle":22.5},{"angle":180,"time":54,"type":"mine"},{"angle":202.5,"time":54,"type":"mine"},{"angle":225,"time":54,"type":"mine"},{"angle":247.5,"time":54,"type":"mine"},{"angle":270,"time":54,"type":"mine"},{"angle":292.5,"time":54,"type":"mine"},{"angle":315,"time":54,"type":"mine"},{"angle":337.5,"time":54,"type":"mine"},{"angle":360,"time":54,"type":"mine"},{"angle":270,"time":62,"type":"mine"},{"angle":247.5,"time":62,"type":"mine"},{"angle":225,"time":62,"type":"mine"},{"angle":202.5,"time":62,"type":"mine"},{"angle":180,"time":62,"type":"mine"},{"angle":157.5,"time":62,"type":"mine"},{"angle":135,"time":62,"type":"mine"},{"angle":112.5,"time":62,"type":"mine"},{"angle":90,"time":62,"type":"mine"},{"time":65,"type":"block","tap":true,"speedMult":2,"angle":337.5},{"time":65,"type":"block","tap":true,"speedMult":2,"angle":22.5},{"angle":315,"time":65,"type":"extraTap"},{"angle":360,"time":66,"type":"side"},{"time":67,"type":"side","tap":true,"angle":360},{"angle":360,"time":68,"type":"side"},{"duration":1,"time":66,"type":"mineHold","angle":270,"angle2":90},{"duration":1,"time":67,"type":"mineHold","angle":90,"angle2":270},{"duration":1,"time":68,"type":"mineHold","angle":270,"angle2":90},{"time":69,"type":"block","tap":true,"angle":337.5},{"time":69,"type":"block","tap":true,"angle":22.5},{"endTap":true,"time":69,"angle":0,"angle2":360,"type":"hold","duration":2,"startTap":true},{"time":70,"type":"block","tap":true,"angle":180},{"duration":2,"time":69.5,"type":"mineHold","angle":360,"angle2":720},{"angle":247.5,"time":40,"type":"mine"},{"angle":270,"time":40,"type":"mine"},{"angle":292.5,"time":40,"type":"mine"},{"angle":315,"time":40,"type":"mine"},{"angle":337.5,"time":40,"type":"mine"},{"angle":0,"time":40,"type":"mine"},{"angle":22.5,"time":40,"type":"mine"},{"angle":45,"time":40,"type":"mine"},{"angle":67.5,"time":40,"type":"mine"},{"angle":90,"time":40,"type":"mine"},{"angle":112.5,"time":40,"type":"mine"},{"angle":292.5,"time":47.5,"type":"mine"},{"angle":270,"time":47.5,"type":"mine"},{"angle":247.5,"time":47.5,"type":"mine"},{"angle":225,"time":47.5,"type":"mine"},{"angle":202.5,"time":47.5,"type":"mine"},{"angle":180,"time":47.5,"type":"mine"},{"angle":157.5,"time":47.5,"type":"mine"},{"angle":135,"time":47.5,"type":"mine"},{"angle":112.5,"time":47.5,"type":"mine"},{"angle":90,"time":47.5,"type":"mine"},{"angle":67.5,"time":47.5,"type":"mine"},{"duration":1.5,"time":47.5,"type":"mineHold","angle":45,"angle2":45},{"duration":1.5,"time":47.5,"type":"mineHold","angle":315,"angle2":315},{"duration":2,"time":55,"type":"mineHold","angle":270,"angle2":562.5},{"angle":292.5,"time":62,"type":"mine"},{"angle":67.5,"time":62,"type":"mine"},{"time":39,"type":"block","tap":true,"angle":180},{"duration":1.5,"time":63,"type":"mineHold","angle":315,"angle2":315},{"duration":1.5,"time":63,"type":"mineHold","angle":45,"angle2":45},{"angle":292.5,"time":63,"type":"mine"},{"angle":270,"time":63,"type":"mine"},{"angle":247.5,"time":63,"type":"mine"},{"angle":225,"time":63,"type":"mine"},{"angle":202.5,"time":63,"type":"mine"},{"angle":180,"time":63,"type":"mine"},{"angle":157.5,"time":63,"type":"mine"},{"angle":135,"time":63,"type":"mine"},{"angle":112.5,"time":63,"type":"mine"},{"angle":90,"time":63,"type":"mine"},{"angle":67.5,"time":63,"type":"mine"},{"angle":90,"time":72,"type":"side"},{"angle":90,"time":72,"type":"extraTap"},{"duration":1,"time":75,"type":"hold","angle":292.5,"angle2":270},{"endTap":true,"time":76,"duration":1,"type":"hold","angle":270,"angle2":292.5},{"duration":3,"time":74,"type":"hold","angle":270,"angle2":292.5},{"endTap":true,"time":74,"duration":1,"type":"hold","angle":270,"angle2":292.5},{"duration":1,"time":77.5,"type":"hold","angle":270,"angle2":540},{"angle":180,"time":79,"type":"block"},{"angle":202.5,"time":79.5,"type":"block"},{"angle":157.5,"time":80,"type":"block"},{"angle":247.5,"time":80,"type":"mine"},{"angle":270,"time":80,"type":"mine"},{"angle":292.5,"time":80,"type":"mine"},{"angle":315,"time":80,"type":"mine"},{"angle":337.5,"time":80,"type":"mine"},{"angle":0,"time":80,"type":"mine"},{"angle":22.5,"time":80,"type":"mine"},{"angle":45,"time":80,"type":"mine"},{"angle":67.5,"time":80,"type":"mine"},{"angle":90,"time":80,"type":"mine"},{"angle":112.5,"time":80,"type":"mine"},{"angle":180,"time":80,"type":"extraTap"},{"duration":1,"time":82,"type":"hold","angle":180,"angle2":270},{"time":81.5,"type":"block","tap":true,"angle":180},{"endTap":true,"time":83,"duration":1,"type":"hold","angle":270,"angle2":360},{"angle":315,"time":84,"type":"extraTap"},{"time":85,"type":"block","tap":true,"angle":90},{"angle":0,"time":86,"type":"block"},{"angle":337.5,"time":86.5,"type":"block"},{"angle":22.5,"time":86.5,"type":"block"},{"angle":360,"time":87,"type":"block"},{"angle":360,"time":88,"type":"side"},{"angle":337.5,"time":88,"type":"side"},{"angle":22.5,"time":88,"type":"side"},{"angle":180,"time":89,"type":"block"},{"angle":202.5,"time":89,"type":"block"},{"angle":157.5,"time":89,"type":"block"},{"angle":202.5,"time":89.5,"type":"block"},{"angle":180,"time":89.5,"type":"block"},{"angle":157.5,"time":89.5,"type":"block"},{"endTap":true,"time":90,"duration":1,"type":"hold","angle":180,"angle2":270},{"angle":202.5,"time":90,"type":"extraTap"},{"endTap":true,"time":91,"duration":1,"type":"hold","angle":270,"angle2":360},{"endTap":true,"time":92,"duration":1,"type":"hold","angle":0,"angle2":180},{"angle":337.5,"time":92,"type":"extraTap"},{"angle":180,"time":94,"type":"block"},{"time":94.5,"type":"block","tap":true,"angle":202.5},{"angle":90,"time":95,"type":"block"},{"time":95.5,"type":"block","tap":true,"angle":67.5},{"angle":22.5,"time":96,"type":"side"},{"angle":360,"time":96,"type":"side"},{"angle":337.5,"time":96,"type":"side"},{"angle":292.5,"time":96,"type":"extraTap"},{"duration":1,"time":98,"type":"hold","angle":360,"angle2":540},{"angle":180,"time":100,"type":"block"},{"angle":225,"time":100.5,"type":"block"},{"angle":157.5,"time":101,"type":"block"},{"time":101.5,"type":"block","tap":true,"angle":180},{"endTap":true,"time":102,"duration":1,"type":"hold","angle":180,"angle2":247.5},{"duration":1,"time":103,"type":"hold","angle":247.5,"angle2":360},{"angle":360,"time":105,"type":"extraTap"},{"angle":0,"time":106,"type":"block"},{"angle":360,"time":107,"type":"side"},{"angle":337.5,"time":107,"type":"extraTap"},{"angle":180,"time":108,"type":"block"},{"time":109,"type":"side","tap":true,"angle":180},{"angle":202.5,"time":109,"type":"extraTap"},{"time":110,"type":"block","tap":true,"angle":180},{"angle":202.5,"time":110,"type":"block"},{"angle":157.5,"time":110,"type":"block"},{"endTap":true,"time":111,"duration":1,"type":"hold","angle":180,"angle2":202.5},{"duration":1,"time":112,"type":"hold","angle":202.5,"angle2":180},{"duration":2,"time":111,"type":"hold","angle":180,"angle2":180},{"duration":1,"time":74,"type":"mineHold","angle":90,"angle2":67.5},{"duration":1,"time":75,"type":"mineHold","angle":67.5,"angle2":90},{"duration":1,"time":76,"type":"mineHold","angle":90,"angle2":67.5},{"duration":3,"time":74,"type":"mineHold","angle":90,"angle2":67.5},{"angle":337.5,"time":89,"type":"mine"},{"angle":0,"time":89,"type":"mine"},{"angle":22.5,"time":89,"type":"mine"},{"angle":337.5,"time":89.5,"type":"mine"},{"angle":0,"time":89.5,"type":"mine"},{"angle":22.5,"time":89.5,"type":"mine"},{"angle":202.5,"time":96,"type":"mine"},{"angle":180,"time":96,"type":"mine"},{"angle":157.5,"time":96,"type":"mine"},{"angle":247.5,"time":112,"type":"mine"},{"angle":270,"time":112,"type":"mine"},{"angle":292.5,"time":112,"type":"mine"},{"angle":315,"time":112,"type":"mine"},{"angle":337.5,"time":112,"type":"mine"},{"angle":0,"time":112,"type":"mine"},{"angle":22.5,"time":112,"type":"mine"},{"angle":45,"time":112,"type":"mine"},{"angle":67.5,"time":112,"type":"mine"},{"angle":90,"time":112,"type":"mine"},{"angle":112.5,"time":112,"type":"mine"},{"angle":202.5,"time":113,"type":"extraTap"},{"endTap":true,"time":114,"duration":1,"type":"hold","angle":360,"angle2":540},{"angle":270,"time":116,"type":"block"},{"angle":225,"time":116.5,"type":"block"},{"angle":315,"time":117,"type":"block"},{"time":117.5,"type":"block","tap":true,"angle":270},{"endTap":true,"time":118,"duration":1,"type":"hold","angle":270,"angle2":450},{"duration":1,"time":119,"type":"hold","angle":90,"angle2":270},{"angle":270,"time":121,"type":"extraTap"},{"time":121.5,"type":"block","tap":true,"angle":270},{"duration":1,"time":122,"type":"hold","angle":270,"angle2":292.5},{"endTap":true,"time":123,"duration":1,"type":"hold","angle":292.5,"angle2":225},{"duration":1,"time":124,"type":"hold","angle":225,"angle2":112.5},{"angle":202.5,"time":124,"type":"extraTap"},{"time":126,"type":"side","tap":true,"angle":360},{"time":127,"type":"side","tap":true,"angle":270},{"time":128,"type":"side","tap":true,"angle":180},{"angle":337.5,"time":126,"type":"extraTap"},{"angle":292.5,"time":127,"type":"extraTap"},{"angle":202.5,"time":128,"type":"extraTap"},{"duration":2.5,"time":126,"type":"mineHold","angle":315,"angle2":-202.5},{"time":129,"type":"block","tap":true,"angle":0},{"angle":337.5,"time":129,"type":"block"},{"angle":22.5,"time":129,"type":"block"},{"angle":292.5,"time":129,"type":"extraTap"},{"angle":360,"time":128.5,"type":"block"},{"angle":180,"time":100,"type":"inverse"},{"angle":225,"time":100.5,"type":"inverse"},{"angle":157.5,"time":101,"type":"inverse"},{"angle":270,"time":116,"type":"inverse"},{"angle":315,"time":117,"type":"inverse"},{"angle":225,"time":116.5,"type":"inverse"},{"duration":1,"time":90,"type":"mineHold","angle":0,"angle2":90},{"duration":1,"time":91,"type":"mineHold","angle":90,"angle2":180},{"duration":1,"time":92,"type":"mineHold","angle":180,"angle2":360},{"duration":1,"time":102,"type":"mineHold","angle":360,"angle2":427.5},{"duration":1,"time":103,"type":"mineHold","angle":67.5,"angle2":180},{"angle":247.5,"time":106,"type":"mine"},{"angle":225,"time":106,"type":"mine"},{"angle":202.5,"time":106,"type":"mine"},{"angle":180,"time":106,"type":"mine"},{"angle":157.5,"time":106,"type":"mine"},{"angle":135,"time":106,"type":"mine"},{"angle":112.5,"time":106,"type":"mine"},{"angle":247.5,"time":107,"type":"mine"},{"angle":225,"time":107,"type":"mine"},{"angle":202.5,"time":107,"type":"mine"},{"angle":180,"time":107,"type":"mine"},{"angle":157.5,"time":107,"type":"mine"},{"angle":135,"time":107,"type":"mine"},{"angle":112.5,"time":107,"type":"mine"},{"angle":292.5,"time":108,"type":"mine"},{"angle":315,"time":108,"type":"mine"},{"angle":337.5,"time":108,"type":"mine"},{"angle":360,"time":108,"type":"mine"},{"angle":22.5,"time":108,"type":"mine"},{"angle":45,"time":108,"type":"mine"},{"angle":67.5,"time":108,"type":"mine"},{"angle":292.5,"time":109,"type":"mine"},{"angle":315,"time":109,"type":"mine"},{"angle":337.5,"time":109,"type":"mine"},{"angle":360,"time":109,"type":"mine"},{"angle":22.5,"time":109,"type":"mine"},{"angle":45,"time":109,"type":"mine"},{"angle":67.5,"time":109,"type":"mine"},{"angle":90,"time":109,"type":"mine"},{"duration":1,"time":118,"type":"mineHold","angle":90,"angle2":270},{"duration":1,"time":119,"type":"mineHold","angle":270,"angle2":450},{"duration":1,"time":122,"type":"mineHold","angle":90,"angle2":112.5},{"duration":1,"time":123,"type":"mineHold","angle":112.5,"angle2":45},{"duration":1,"time":124,"type":"mineHold","angle":45,"angle2":-67.5},{"duration":28,"time":2,"type":"hold","angle":0,"angle2":2160},{"duration":28,"time":2,"type":"hold","angle":22.5,"angle2":2182.5},{"duration":28,"time":2,"type":"hold","angle":45,"angle2":2205},{"duration":28,"time":2,"type":"hold","angle":67.5,"angle2":2227.5},{"duration":28,"time":2,"type":"hold","angle":90,"angle2":2250},{"duration":28,"time":2,"type":"hold","angle":112.5,"angle2":2272.5},{"duration":28,"time":2,"type":"hold","angle":135,"angle2":2295},{"duration":28,"time":2,"type":"hold","angle":157.5,"angle2":2317.5},{"duration":28,"time":2,"type":"hold","angle":180,"angle2":2340},{"duration":28,"time":2,"type":"hold","angle":202.5,"angle2":2362.5},{"duration":28,"time":2,"type":"hold","angle":225,"angle2":2385},{"duration":28,"time":2,"type":"hold","angle":247.5,"angle2":2407.5},{"duration":28,"time":2,"type":"hold","angle":270,"angle2":2430},{"duration":28,"time":2,"type":"hold","angle":292.5,"angle2":2452.5},{"duration":28,"time":2,"type":"hold","angle":315,"angle2":2475},{"duration":28,"time":2,"type":"hold","angle":337.5,"angle2":2497.5},{"duration":1,"time":82,"type":"mineHold","angle":0,"angle2":90},{"duration":1,"time":83,"type":"mineHold","angle":90,"angle2":180},{"angle":0,"time":130,"type":"block"},{"angle":315,"time":130.5,"type":"block"},{"angle":360,"time":131,"type":"block"},{"angle":180,"time":130,"type":"block"},{"angle":135,"time":130.5,"type":"block"},{"angle":180,"time":131,"type":"block"},{"duration":1.5,"time":131,"type":"hold","angle":202.5,"angle2":270},{"duration":1.5,"time":131,"type":"hold","angle":22.5,"angle2":90},{"angle":270,"time":133.5,"type":"block"},{"angle":247.5,"time":134,"type":"block"},{"angle":292.5,"time":134,"type":"block"},{"angle":270,"time":134.5,"type":"block"},{"angle":90,"time":133.5,"type":"block"},{"angle":67.5,"time":134,"type":"block"},{"angle":112.5,"time":134,"type":"block"},{"angle":90,"time":134.5,"type":"block"},{"duration":2,"time":135,"type":"hold","angle":270,"angle2":450},{"duration":2,"time":135,"type":"hold","angle":90,"angle2":270},{"angle":270,"time":130,"type":"mine"},{"angle":292.5,"time":130,"type":"mine"},{"angle":247.5,"time":130,"type":"mine"},{"angle":112.5,"time":130,"type":"mine"},{"angle":90,"time":130,"type":"mine"},{"angle":67.5,"time":130,"type":"mine"},{"duration":2,"time":135,"type":"mineHold","angle":360,"angle2":540},{"duration":2,"time":135,"type":"mineHold","angle":180,"angle2":360},{"angle":225,"time":138,"type":"block"},{"angle":45,"time":138,"type":"block"},{"angle":22.5,"time":138.5,"type":"block"},{"angle":45,"time":139,"type":"block"},{"angle":202.5,"time":138.5,"type":"block"},{"angle":225,"time":139,"type":"block"},{"duration":1,"time":139.5,"type":"hold","angle":135,"angle2":135},{"duration":1,"time":139.5,"type":"hold","angle":315,"angle2":315},{"duration":1,"time":140.5,"type":"hold","angle":315,"angle2":247.5},{"duration":1,"time":140.5,"type":"hold","angle":135,"angle2":67.5},{"duration":4,"time":141.5,"type":"hold","angle":247.5,"angle2":607.5},{"duration":4,"time":141.5,"type":"hold","angle":67.5,"angle2":427.5},{"angle":270,"time":148,"type":"extraTap"},{"angle":225,"time":149,"type":"extraTap"},{"duration":1,"time":147,"type":"hold","angle":90,"angle2":180},{"duration":1,"time":148,"type":"hold","angle":180,"angle2":90},{"duration":1,"time":147,"type":"hold","angle":270,"angle2":360},{"duration":1,"time":148,"type":"hold","angle":360,"angle2":270},{"duration":2,"time":150,"angle2":450,"type":"hold","angle":270,"startTap":true},{"duration":1,"time":151,"type":"hold","angle":315,"angle2":450},{"angle":180,"time":153,"type":"block"},{"angle":180,"time":153.5,"type":"block"},{"duration":2,"time":154,"angle2":360,"type":"hold","angle":180,"startTap":true},{"duration":1,"time":155,"type":"hold","angle":225,"angle2":360},{"angle":270,"time":156,"type":"extraTap"},{"angle":270,"time":157,"type":"block"},{"angle":292.5,"time":157.5,"type":"block"},{"duration":1,"time":158,"type":"hold","angle":202.5,"angle2":157.5},{"time":159,"type":"side","tap":true,"angle":157.5},{"duration":1,"time":160,"type":"hold","angle":22.5,"angle2":-22.5},{"time":161,"type":"side","tap":true,"angle":337.5},{"angle":315,"time":161,"type":"extraTap"},{"angle":135,"time":159,"type":"extraTap"},{"endTap":true,"time":162,"duration":3,"type":"hold","angle":180,"angle2":180},{"endTap":true,"time":163,"duration":2,"type":"hold","angle":202.5,"angle2":202.5},{"endTap":true,"time":164,"duration":1,"type":"hold","angle":157.5,"angle2":157.5},{"angle":225,"time":165,"type":"extraTap"},{"duration":3,"time":162,"type":"mineHold","angle":360,"angle2":360},{"duration":2,"time":163,"type":"mineHold","angle":22.5,"angle2":22.5},{"duration":1,"time":164,"type":"mineHold","angle":337.5,"angle2":337.5},{"angle":270,"time":165,"type":"mine"},{"angle":292.5,"time":165,"type":"mine"},{"angle":315,"time":165,"type":"mine"},{"angle":247.5,"time":165,"type":"mine"},{"angle":45,"time":165,"type":"mine"},{"angle":67.5,"time":165,"type":"mine"},{"angle":90,"time":165,"type":"mine"},{"angle":112.5,"time":165,"type":"mine"},{"time":151.5,"type":"block","tap":true,"angle":22.5},{"time":155.5,"type":"block","tap":true,"angle":292.5},{"duration":2,"time":166,"angle2":180,"type":"hold","angle":0,"startTap":true},{"duration":1,"time":167,"type":"hold","angle":45,"angle2":180},{"time":167.5,"type":"block","tap":true,"angle":112.5},{"angle":315,"time":49.5,"type":"extraTap"},{"angle":315,"time":57,"type":"extraTap"},{"duration":4,"time":142,"type":"mineHold","angle":180,"angle2":607.5},{"duration":4,"time":142,"type":"mineHold","angle":0,"angle2":427.5},{"duration":2,"time":150,"type":"mineHold","angle":90,"angle2":270},{"duration":1,"time":151,"type":"mineHold","angle":135,"angle2":270},{"angle":202.5,"time":153,"type":"block"},{"angle":157.5,"time":153,"type":"block"},{"angle":202.5,"time":153.5,"type":"block"},{"angle":157.5,"time":153.5,"type":"block"},{"duration":2,"time":154,"type":"mineHold","angle":360,"angle2":540},{"duration":1,"time":155,"type":"mineHold","angle":45,"angle2":180},{"duration":1,"time":158,"type":"mineHold","angle":22.5,"angle2":-22.5},{"duration":1,"time":160,"type":"mineHold","angle":202.5,"angle2":157.5},{"duration":2,"time":166,"type":"mineHold","angle":180,"angle2":360},{"duration":1,"time":167,"type":"mineHold","angle":225,"angle2":360},{"angle":360,"time":169,"type":"block"},{"angle":337.5,"time":169,"type":"block"},{"angle":22.5,"time":169,"type":"block"},{"angle":337.5,"time":169.5,"type":"block"},{"angle":360,"time":169.5,"type":"block"},{"angle":22.5,"time":169.5,"type":"block"},{"angle":225,"time":36,"type":"block"},{"angle":225,"time":36.5,"type":"block"},{"angle":135,"time":37,"type":"block"},{"angle":135,"time":37.5,"type":"block"},{"angle":202.5,"time":39.5,"type":"block"},{"angle":180,"time":39.5,"type":"block"},{"angle":157.5,"time":39.5,"type":"block"},{"angle":180,"time":40,"type":"block"},{"angle":180,"time":41,"type":"block"},{"angle":225,"time":41.5,"type":"extraTap"},{"angle":337.5,"time":47.5,"type":"block"},{"angle":0,"time":47.5,"type":"block"},{"angle":22.5,"time":47.5,"type":"block"},{"angle":157.5,"time":40.5,"type":"block"},{"angle":202.5,"time":40.5,"type":"block"},{"angle":360,"time":48,"type":"block"},{"angle":22.5,"time":48.5,"type":"block"},{"angle":337.5,"time":48.5,"type":"block"},{"duration":1.5,"time":40,"type":"mineHold","angle":225,"angle2":225},{"duration":1.5,"time":40,"type":"mineHold","angle":135,"angle2":135},{"duration":2,"time":170,"angle2":360,"type":"hold","angle":180,"startTap":true},{"duration":1,"time":171,"type":"hold","angle":225,"angle2":360},{"time":171.5,"type":"block","tap":true,"angle":292.5},{"angle":337.5,"time":172.5,"type":"block"},{"angle":22.5,"time":172.5,"type":"block"},{"angle":337.5,"time":173,"type":"block"},{"angle":22.5,"time":173,"type":"block"},{"duration":1,"time":176,"type":"hold","angle":180,"angle2":202.5},{"duration":1,"time":176,"type":"hold","angle":180,"angle2":157.5},{"time":177,"type":"block","tap":true,"angle":180},{"angle":225,"time":177,"type":"extraTap"},{"angle":112.5,"time":152,"type":"extraTap"},{"angle":202.5,"time":168,"type":"extraTap"},{"angle":22.5,"time":172,"type":"extraTap"},{"duration":1,"time":175,"type":"hold","angle":180,"angle2":180},{"endTap":true,"time":177,"duration":3,"type":"hold","angle":180,"angle2":180},{"endTap":true,"time":178,"duration":2,"type":"hold","angle":202.5,"angle2":202.5},{"endTap":true,"time":179,"duration":1,"type":"hold","angle":157.5,"angle2":157.5},{"angle":225,"time":180,"type":"extraTap"},{"duration":2,"time":170,"type":"mineHold","angle":0,"angle2":180},{"duration":1,"time":171,"type":"mineHold","angle":45,"angle2":180},{"duration":0.5,"time":175.5,"type":"mineHold","angle":0,"angle2":0},{"duration":1,"time":176,"type":"mineHold","angle":0,"angle2":22.5},{"duration":1,"time":176,"type":"mineHold","angle":360,"angle2":337.5},{"duration":3,"time":177,"type":"mineHold","angle":0,"angle2":0},{"duration":2,"time":178,"type":"mineHold","angle":22.5,"angle2":22.5},{"duration":1,"time":179,"type":"mineHold","angle":337.5,"angle2":337.5},{"angle":247.5,"time":180,"type":"mine"},{"angle":270,"time":180,"type":"mine"},{"angle":292.5,"time":180,"type":"mine"},{"angle":315,"time":180,"type":"mine"},{"angle":45,"time":180,"type":"mine"},{"angle":67.5,"time":180,"type":"mine"},{"angle":90,"time":180,"type":"mine"},{"angle":112.5,"time":180,"type":"mine"},{"angle":202.5,"time":180.5,"type":"block"},{"angle":157.5,"time":181,"type":"block"},{"duration":2,"time":182,"angle2":360,"type":"hold","angle":90,"startTap":true},{"duration":1,"time":183,"type":"hold","angle":180,"angle2":360},{"time":183.5,"type":"block","tap":true,"angle":270},{"duration":0.5,"time":173.5,"type":"hold","angle":180,"angle2":180},{"duration":0.5,"time":173.5,"type":"hold","angle":202.5,"angle2":202.5},{"duration":0.5,"time":173.5,"type":"hold","angle":157.5,"angle2":157.5},{"duration":1,"time":174,"type":"hold","angle":202.5,"angle2":180},{"duration":1,"time":174,"type":"hold","angle":180,"angle2":180},{"duration":1,"time":174,"type":"hold","angle":157.5,"angle2":180},{"angle":225,"time":174,"type":"extraTap"},{"duration":0.5,"time":185,"type":"hold","angle":67.5,"angle2":67.5},{"duration":0.5,"time":185,"type":"hold","angle":112.5,"angle2":112.5},{"time":185,"type":"block","tap":true,"angle":90},{"time":185.5,"type":"block","tap":true,"angle":90},{"angle":22.5,"time":184,"type":"extraTap"},{"duration":2,"time":186,"angle2":540,"type":"hold","angle":270,"startTap":true},{"duration":1,"time":187,"type":"hold","angle":337.5,"angle2":540},{"time":187.5,"type":"block","tap":true,"angle":67.5},{"angle":202.5,"time":188,"type":"extraTap"},{"angle":157.5,"time":189,"type":"block"},{"angle":180,"time":189.5,"type":"block"},{"angle":157.5,"time":190,"type":"block"},{"angle":202.5,"time":190,"type":"mine"},{"angle":225,"time":190,"type":"mine"},{"angle":112.5,"time":190,"type":"mine"},{"angle":90,"time":190,"type":"mine"},{"angle":180,"time":191,"type":"block"},{"angle":225,"time":191,"type":"mine"},{"angle":247.5,"time":191,"type":"mine"},{"angle":135,"time":191,"type":"mine"},{"angle":112.5,"time":191,"type":"mine"},{"angle":180,"time":190,"type":"block"},{"angle":135,"time":190,"type":"block"},{"angle":202.5,"time":191,"type":"block"},{"angle":157.5,"time":191,"type":"block"},{"angle":180,"time":192,"type":"block"},{"angle":202.5,"time":192,"type":"block"},{"angle":225,"time":192,"type":"block"},{"angle":247.5,"time":192,"type":"mine"},{"angle":270,"time":192,"type":"mine"},{"angle":292.5,"time":192,"type":"mine"},{"angle":157.5,"time":192,"type":"mine"},{"angle":135,"time":192,"type":"mine"},{"angle":112.5,"time":192,"type":"mine"},{"angle":270,"time":191,"type":"mine"},{"angle":292.5,"time":191,"type":"mine"},{"angle":315,"time":191,"type":"mine"},{"angle":337.5,"time":191,"type":"mine"},{"angle":0,"time":191,"type":"mine"},{"angle":22.5,"time":191,"type":"mine"},{"angle":45,"time":191,"type":"mine"},{"angle":67.5,"time":191,"type":"mine"},{"angle":90,"time":191,"type":"mine"},{"angle":247.5,"time":190,"type":"mine"},{"angle":270,"time":190,"type":"mine"},{"angle":292.5,"time":190,"type":"mine"},{"angle":315,"time":190,"type":"mine"},{"angle":337.5,"time":190,"type":"mine"},{"angle":0,"time":190,"type":"mine"},{"angle":22.5,"time":190,"type":"mine"},{"angle":45,"time":190,"type":"mine"},{"angle":67.5,"time":190,"type":"mine"},{"duration":2,"time":186,"type":"mineHold","angle":90,"angle2":360},{"duration":1,"time":187,"type":"mineHold","angle":157.5,"angle2":360},{"duration":2,"time":182,"type":"mineHold","angle":270,"angle2":540},{"duration":1,"time":183,"type":"mineHold","angle":0,"angle2":180},{"angle":315,"time":192,"type":"mine"},{"angle":337.5,"time":192,"type":"mine"},{"angle":360,"time":192,"type":"mine"},{"angle":22.5,"time":192,"type":"mine"},{"angle":45,"time":192,"type":"mine"},{"angle":67.5,"time":192,"type":"mine"},{"angle":90,"time":192,"type":"mine"},{"angle":270,"time":193,"type":"block"},{"angle":292.5,"time":193,"type":"block"},{"angle":247.5,"time":193,"type":"block"},{"duration":1,"time":194,"type":"hold","angle":270,"angle2":315},{"duration":1,"time":195,"type":"hold","angle":315,"angle2":270},{"duration":1,"time":196,"type":"hold","angle":270,"angle2":315},{"angle":292.5,"time":194,"type":"extraTap"},{"angle":247.5,"time":196,"type":"extraTap"},{"time":195,"type":"block","tap":true,"angle":292.5},{"time":195,"type":"block","tap":true,"angle":337.5},{"time":194,"type":"block","tap":true,"angle":247.5},{"time":194,"type":"block","tap":true,"angle":292.5},{"time":196,"type":"block","tap":true,"angle":292.5},{"time":196,"type":"block","tap":true,"angle":247.5},{"time":197,"type":"block","tap":true,"angle":292.5},{"time":197,"type":"block","tap":true,"angle":337.5},{"time":198,"type":"block","tap":true,"angle":337.5},{"time":198,"type":"block","tap":true,"angle":22.5},{"angle":360,"time":198.5,"type":"block"},{"angle":0,"time":199.5,"type":"block"},{"duration":1,"time":200,"type":"hold","angle":360,"angle2":180},{"endTap":true,"time":200,"duration":1,"type":"hold","angle":22.5,"angle2":-180},{"duration":1,"time":200,"type":"hold","angle":337.5,"angle2":180},{"time":199,"type":"block","tap":true,"angle":337.5},{"time":199,"type":"block","tap":true,"angle":22.5},{"angle":315,"time":198,"type":"extraTap"},{"angle":315,"time":199,"type":"extraTap"},{"angle":157.5,"time":201,"type":"extraTap"},{"angle":270,"time":201.5,"type":"block"},{"angle":90,"time":201.5,"type":"block"},{"endTap":true,"time":202,"angle":270,"angle2":382.5,"type":"hold","duration":1,"startTap":true},{"endTap":true,"time":202,"angle":90,"angle2":202.5,"type":"hold","duration":1,"startTap":true},{"angle":180,"time":203,"type":"extraTap"},{"angle":270,"time":203.5,"type":"block"},{"angle":90,"time":203.5,"type":"block"},{"endTap":true,"time":204,"angle":112.5,"angle2":247.5,"type":"hold","duration":1,"startTap":true},{"endTap":true,"time":204,"angle":292.5,"angle2":427.5,"type":"hold","duration":1,"startTap":true},{"angle":270,"time":205,"type":"extraTap"},{"duration":1,"time":194,"type":"hold","angle":90,"angle2":135},{"duration":1,"time":195,"type":"hold","angle":135,"angle2":90},{"duration":1,"time":196,"type":"hold","angle":90,"angle2":135},{"time":194,"type":"block","tap":true,"angle":67.5},{"time":194,"type":"block","tap":true,"angle":112.5},{"time":195,"type":"block","tap":true,"angle":157.5},{"time":195,"type":"block","tap":true,"angle":90},{"time":196,"type":"block","tap":true,"angle":67.5},{"time":196,"type":"block","tap":true,"angle":112.5},{"time":197,"type":"block","tap":true,"angle":157.5},{"time":197,"type":"block","tap":true,"angle":112.5},{"angle":360,"time":205.5,"type":"block"},{"angle":180,"time":205.5,"type":"block"},{"duration":2.5,"time":206,"type":"hold","angle":0,"angle2":0},{"duration":2.5,"time":206,"type":"hold","angle":180,"angle2":180},{"duration":1.5,"time":207,"type":"hold","angle":22.5,"angle2":0},{"duration":0.5,"time":208,"type":"hold","angle":337.5,"angle2":360},{"duration":0.5,"time":208,"type":"hold","angle":157.5,"angle2":180},{"duration":1.5,"time":207,"type":"hold","angle":202.5,"angle2":180},{"angle":270,"time":205.5,"type":"block"},{"angle":90,"time":205.5,"type":"block"},{"duration":2.5,"time":206,"type":"hold","angle":270,"angle2":270},{"duration":1.5,"time":207,"type":"hold","angle":292.5,"angle2":270},{"duration":0.5,"time":208,"type":"hold","angle":247.5,"angle2":270},{"duration":2.5,"time":206,"type":"hold","angle":90,"angle2":90},{"duration":1.5,"time":207,"type":"hold","angle":67.5,"angle2":90},{"duration":0.5,"time":208,"type":"hold","angle":112.5,"angle2":90},{"angle":315,"time":207,"type":"extraTap"},{"angle":315,"time":208,"type":"extraTap"},{"angle":270,"time":209,"type":"block"},{"angle":0,"time":209,"type":"block"},{"angle":90,"time":209,"type":"block"},{"angle":180,"time":209,"type":"block"},{"duration":3.5,"time":210,"type":"hold","angle":270,"angle2":630},{"duration":3.5,"time":210,"type":"hold","angle":0,"angle2":360},{"duration":3.5,"time":210,"type":"hold","angle":90,"angle2":450},{"duration":3.5,"time":210,"type":"hold","angle":180,"angle2":540},{"angle":247.5,"time":209,"type":"extraTap"},{"duration":2,"time":219,"angle2":180,"type":"hold","angle":0,"startTap":true},{"duration":1,"time":220,"type":"hold","angle":45,"angle2":180},{"time":220.5,"type":"block","tap":true,"angle":135},{"angle":225,"time":221,"type":"extraTap"},{"angle":270,"time":221.5,"type":"block"},{"angle":315,"time":222,"type":"block"},{"angle":292.5,"time":222.5,"type":"block"},{"angle":270,"time":222.5,"type":"block"},{"angle":315,"time":222.5,"type":"block"},{"duration":2,"time":223,"angle2":472.5,"type":"hold","angle":292.5,"startTap":true},{"duration":1,"time":224,"type":"hold","angle":337.5,"angle2":472.5},{"time":224.5,"type":"block","tap":true,"angle":67.5},{"angle":247.5,"time":225,"type":"extraTap"},{"angle":202.5,"time":225.5,"type":"block"},{"angle":180,"time":225.5,"type":"block"},{"angle":157.5,"time":225.5,"type":"block"},{"angle":202.5,"time":226,"type":"block"},{"time":226,"type":"block","tap":true,"angle":180},{"angle":157.5,"time":226,"type":"block"},{"duration":1,"time":227,"type":"hold","angle":180,"angle2":180},{"duration":1,"time":229,"type":"hold","angle":90,"angle2":90},{"duration":1,"time":228,"type":"hold","angle":180,"angle2":180},{"duration":1,"time":229,"type":"hold","angle":180,"angle2":180},{"duration":1,"time":230,"angle2":90,"type":"hold","angle":90,"startTap":true},{"duration":1,"time":230,"angle2":180,"type":"hold","angle":180,"startTap":true},{"duration":1,"time":230,"angle2":360,"type":"hold","angle":360,"startTap":true},{"duration":1,"time":230,"angle2":270,"type":"hold","angle":270,"startTap":true},{"angle":225,"time":230,"type":"extraTap"},{"duration":1,"time":231,"type":"hold","angle":270,"angle2":202.5},{"duration":1,"time":231,"type":"hold","angle":180,"angle2":112.5},{"duration":1,"time":231,"type":"hold","angle":90,"angle2":22.5},{"duration":1,"time":231,"type":"hold","angle":0,"angle2":-67.5},{"endTap":true,"time":232,"duration":1,"type":"hold","angle":202.5,"angle2":270},{"endTap":true,"time":232,"duration":1,"type":"hold","angle":292.5,"angle2":360},{"endTap":true,"time":232,"duration":1,"type":"hold","angle":22.5,"angle2":90},{"endTap":true,"time":232,"duration":1,"type":"hold","angle":112.5,"angle2":180},{"angle":270,"time":232,"type":"extraTap"},{"duration":1,"time":235,"type":"hold","angle":0,"angle2":0},{"angle":0,"time":234,"type":"extraTap"},{"duration":1,"time":235,"type":"hold","angle":337.5,"angle2":337.5},{"duration":1,"time":235,"type":"hold","angle":22.5,"angle2":22.5},{"endTap":true,"time":236,"duration":1,"type":"hold","angle":337.5,"angle2":360},{"endTap":true,"time":236,"duration":1,"type":"hold","angle":0,"angle2":0},{"endTap":true,"time":236,"duration":1,"type":"hold","angle":22.5,"angle2":0},{"angle":315,"time":236,"type":"extraTap"},{"angle":202.5,"time":238,"type":"block"},{"angle":180,"time":238,"type":"block"},{"angle":157.5,"time":238,"type":"block"},{"angle":180,"time":238.5,"type":"block"},{"angle":157.5,"time":238.5,"type":"block"},{"angle":202.5,"time":238.5,"type":"block"},{"endTap":true,"time":239,"duration":2,"type":"hold","angle":180,"angle2":180},{"endTap":true,"time":239,"duration":2,"type":"hold","angle":180,"angle2":202.5},{"angle":157.5,"time":241,"type":"extraTap"},{"angle":270,"time":241.5,"type":"block"},{"angle":270,"time":242,"type":"block"},{"angle":292.5,"time":241.5,"type":"block"},{"angle":247.5,"time":241.5,"type":"block"},{"angle":247.5,"time":242,"type":"block"},{"angle":292.5,"time":242,"type":"block"},{"duration":0.5,"time":242.5,"angle2":360,"type":"hold","angle":360,"startTap":true},{"duration":1,"time":243,"type":"hold","angle":0,"angle2":90},{"duration":1,"time":244,"angle2":270,"type":"hold","angle":90,"startTap":true},{"angle":292.5,"time":245,"type":"extraTap"},{"angle":360,"time":246,"type":"block"},{"angle":337.5,"time":246,"type":"block"},{"angle":22.5,"time":246,"type":"block"},{"duration":0.5,"time":242.5,"type":"mineHold","angle":180,"angle2":180},{"duration":1,"time":243,"type":"mineHold","angle":180,"angle2":270},{"duration":1,"time":244,"type":"mineHold","angle":270,"angle2":450},{"angle":67.5,"time":241.5,"type":"mine"},{"angle":90,"time":241.5,"type":"mine"},{"angle":112.5,"time":241.5,"type":"mine"},{"angle":112.5,"time":242,"type":"mine"},{"angle":90,"time":242,"type":"mine"},{"angle":67.5,"time":242,"type":"mine"},{"duration":1,"time":235,"type":"mineHold","angle":202.5,"angle2":202.5},{"duration":1,"time":235,"type":"mineHold","angle":180,"angle2":180},{"duration":1,"time":235,"type":"mineHold","angle":157.5,"angle2":157.5},{"duration":1,"time":236,"type":"mineHold","angle":202.5,"angle2":180},{"duration":1,"time":236,"type":"mineHold","angle":157.5,"angle2":180},{"duration":1,"time":236,"type":"mineHold","angle":180,"angle2":180},{"duration":1,"time":247,"type":"hold","angle":270,"angle2":360},{"time":248,"type":"side","tap":true,"angle":360},{"angle":337.5,"time":248,"type":"extraTap"},{"duration":1,"time":247,"type":"mineHold","angle":90,"angle2":180},{"angle":180,"time":248,"type":"mine"},{"duration":1,"time":249,"type":"hold","angle":90,"angle2":180},{"angle":90,"time":248.5,"type":"block"},{"time":250,"type":"side","tap":true,"angle":180},{"angle":202.5,"time":250,"type":"extraTap"},{"duration":1,"time":249,"type":"mineHold","angle":270,"angle2":360},{"angle":337.5,"time":238,"type":"mine"},{"angle":360,"time":238,"type":"mine"},{"angle":22.5,"time":238,"type":"mine"},{"angle":337.5,"time":238.5,"type":"mine"},{"angle":360,"time":238.5,"type":"mine"},{"angle":22.5,"time":238.5,"type":"mine"},{"duration":2,"time":251,"angle2":540,"type":"hold","angle":270,"startTap":true},{"duration":1,"time":252,"type":"hold","angle":315,"angle2":540},{"time":252.5,"type":"block","tap":true,"angle":90},{"angle":202.5,"time":253,"type":"extraTap"},{"angle":270,"time":254,"type":"block"},{"angle":360,"time":254.5,"type":"block"},{"duration":2,"time":255,"angle2":270,"type":"hold","angle":0,"startTap":true},{"duration":1,"time":256,"type":"hold","angle":67.5,"angle2":270},{"time":256.5,"type":"block","tap":true,"angle":157.5},{"duration":2,"time":251,"type":"mineHold","angle":90,"angle2":360},{"duration":1,"time":252,"type":"mineHold","angle":135,"angle2":360},{"angle":90,"time":254,"type":"mine"},{"angle":180,"time":254.5,"type":"mine"},{"angle":247.5,"time":254,"type":"block"},{"angle":292.5,"time":254,"type":"block"},{"angle":337.5,"time":254.5,"type":"block"},{"angle":22.5,"time":254.5,"type":"block"},{"angle":67.5,"time":254,"type":"mine"},{"angle":112.5,"time":254,"type":"mine"},{"angle":202.5,"time":254.5,"type":"mine"},{"angle":157.5,"time":254.5,"type":"mine"},{"duration":2,"time":255,"type":"mineHold","angle":180,"angle2":450},{"duration":1,"time":256,"type":"mineHold","angle":247.5,"angle2":450},{"angle":292.5,"time":257,"type":"extraTap"},{"angle":157.5,"time":258.5,"type":"block"},{"angle":180,"time":258.5,"type":"block"},{"angle":202.5,"time":258.5,"type":"block"},{"duration":1,"time":259,"type":"hold","angle":202.5,"angle2":202.5},{"duration":1,"time":259,"angle2":180,"type":"hold","angle":180,"startTap":true},{"duration":1,"time":259,"type":"hold","angle":157.5,"angle2":157.5},{"duration":1,"time":260,"type":"hold","angle":202.5,"angle2":292.5},{"angle":315,"time":261,"type":"extraTap"},{"duration":1,"time":261,"type":"hold","angle":292.5,"angle2":180},{"endTap":true,"time":262,"duration":1,"type":"hold","angle":180,"angle2":450},{"angle":157.5,"time":263,"type":"extraTap"},{"duration":1,"time":263,"type":"hold","angle":90,"angle2":0},{"endTap":true,"time":264,"duration":1,"type":"hold","angle":0,"angle2":-180},{"angle":22.5,"time":264,"type":"extraTap"},{"angle":202.5,"time":265.5,"type":"block"},{"angle":157.5,"time":265.5,"type":"block"},{"angle":180,"time":265.5,"type":"block"},{"angle":202.5,"time":266,"type":"block"},{"angle":180,"time":266,"type":"block"},{"angle":157.5,"time":266,"type":"block"},{"time":266.5,"type":"side","tap":true,"angle":0},{"angle":360,"time":267,"type":"block"},{"angle":67.5,"time":268,"type":"block"},{"angle":45,"time":267.5,"type":"block"},{"angle":180,"time":268.5,"type":"side"},{"angle":270,"time":269,"type":"side"},{"endTap":true,"time":269,"duration":1,"type":"hold","angle":270,"angle2":360},{"duration":2,"time":219,"type":"mineHold","angle":180,"angle2":360},{"duration":1,"time":220,"type":"mineHold","angle":225,"angle2":360},{"duration":2,"time":223,"type":"mineHold","angle":112.5,"angle2":292.5},{"duration":1,"time":224,"type":"mineHold","angle":157.5,"angle2":292.5},{"angle":157.5,"time":240,"type":"extraTap"},{"angle":202.5,"time":258,"type":"block"},{"angle":180,"time":258,"type":"block"},{"angle":157.5,"time":258,"type":"block"},{"duration":1,"time":260,"type":"hold","angle":180,"angle2":247.5},{"duration":1,"time":261,"type":"hold","angle":247.5,"angle2":157.5},{"angle":45,"time":265,"type":"extraTap"},{"angle":180,"time":267,"type":"mine"},{"angle":225,"time":267.5,"type":"mine"},{"angle":247.5,"time":268,"type":"mine"},{"angle":0,"time":268.5,"type":"mine"},{"duration":1,"time":269,"type":"mineHold","angle":90,"angle2":180},{"angle":90,"time":270.5,"type":"block"},{"endTap":true,"time":271,"angle":90,"angle2":225,"type":"hold","duration":0.66666662693024,"startTap":true},{"angle":270,"time":272.5,"type":"block"},{"endTap":true,"time":273,"angle":270,"angle2":405,"type":"hold","duration":0.66666662693024,"startTap":true},{"angle":180,"time":274.5,"type":"block"},{"angle":247.5,"time":271.66665649414,"type":"extraTap"},{"angle":67.5,"time":273.66665649414,"type":"extraTap"},{"duration":2.5,"time":275,"type":"hold","angle":180,"angle2":180},{"duration":1.5,"time":276,"type":"hold","angle":202.5,"angle2":202.5},{"duration":0.5,"time":277,"type":"hold","angle":157.5,"angle2":157.5},{"duration":0.5,"time":277.5,"type":"hold","angle":202.5,"angle2":180},{"duration":0.5,"time":277.5,"type":"hold","angle":180,"angle2":180},{"duration":0.5,"time":277.5,"type":"hold","angle":157.5,"angle2":180},{"duration":0.66666668653488,"time":271,"type":"mineHold","angle":270,"angle2":405},{"duration":0.66666662693024,"time":273,"type":"mineHold","angle":90,"angle2":225},{"angle":0,"time":274.5,"type":"mine"},{"duration":2.5,"time":275,"type":"mineHold","angle":360,"angle2":360},{"duration":1.5,"time":276,"type":"mineHold","angle":22.5,"angle2":22.5},{"duration":0.5,"time":277,"type":"mineHold","angle":337.5,"angle2":337.5},{"duration":0.5,"time":277.5,"type":"mineHold","angle":337.5,"angle2":360},{"duration":0.5,"time":277.5,"type":"mineHold","angle":0,"angle2":0},{"duration":0.5,"time":277.5,"type":"mineHold","angle":22.5,"angle2":0},{"duration":1,"time":259,"type":"mineHold","angle":337.5,"angle2":337.5},{"duration":1,"time":259,"type":"mineHold","angle":0,"angle2":0},{"duration":1,"time":259,"type":"mineHold","angle":22.5,"angle2":22.5},{"duration":1,"time":260,"type":"mineHold","angle":22.5,"angle2":112.5},{"duration":1,"time":260,"type":"mineHold","angle":0,"angle2":67.5},{"duration":1,"time":261,"type":"mineHold","angle":112.5,"angle2":0},{"duration":1,"time":261,"type":"mineHold","angle":67.5,"angle2":-22.5},{"duration":1,"time":262,"type":"mineHold","angle":0,"angle2":270},{"duration":1,"time":263,"type":"mineHold","angle":270,"angle2":180},{"duration":1,"time":264,"type":"mineHold","angle":180,"angle2":0},{"angle":337.5,"time":281.5,"type":"block"},{"angle":0,"time":281.5,"type":"block"},{"angle":22.5,"time":281.5,"type":"block"},{"angle":22.5,"time":282,"type":"block"},{"angle":0,"time":282,"type":"block"},{"angle":337.5,"time":282,"type":"block"},{"duration":2.5,"time":278.5,"type":"hold","angle":180,"angle2":607.5},{"duration":2.5,"time":278.5,"type":"mineHold","angle":0,"angle2":427.5},{"angle":157.5,"time":281.5,"type":"mine"},{"angle":180,"time":281.5,"type":"mine"},{"angle":202.5,"time":281.5,"type":"mine"},{"angle":202.5,"time":282,"type":"mine"},{"angle":180,"time":282,"type":"mine"},{"angle":157.5,"time":282,"type":"mine"},{"duration":0.5,"time":278,"type":"hold","angle":180,"angle2":180},{"duration":0.5,"time":278,"type":"mineHold","angle":0,"angle2":0},{"duration":0.5,"time":283,"type":"hold","angle":90,"angle2":180},{"angle":180,"time":284,"type":"block"},{"endTap":true,"time":285,"duration":1,"type":"hold","angle":180,"angle2":180},{"duration":0.5,"time":283,"type":"mineHold","angle":270,"angle2":360},{"angle":0,"time":284,"type":"mine"},{"duration":1,"time":285,"type":"mineHold","angle":360,"angle2":360},{"duration":1,"time":285,"type":"hold","angle":202.5,"angle2":202.5},{"duration":1,"time":285,"type":"hold","angle":157.5,"angle2":157.5},{"angle":157.5,"time":278.5,"type":"extraTap"},{"angle":270,"time":281,"type":"extraTap"},{"angle":225,"time":286,"type":"extraTap"},{"duration":1,"time":285,"type":"mineHold","angle":337.5,"angle2":337.5},{"duration":1,"time":285,"type":"mineHold","angle":22.5,"angle2":22.5},{"angle":180,"time":284.5,"type":"block"},{"angle":360,"time":284.5,"type":"mine"},{"angle":360,"time":286.5,"type":"block"},{"duration":1,"time":287,"angle2":540,"type":"hold","angle":360,"startTap":true},{"angle":0,"time":288.5,"type":"block"},{"duration":1,"time":289,"angle2":180,"type":"hold","angle":0,"startTap":true},{"angle":337.5,"time":289,"type":"extraTap"},{"angle":315,"time":287,"type":"extraTap"},{"angle":0,"time":290.5,"type":"block"},{"duration":1,"time":291,"type":"hold","angle":360,"angle2":360},{"duration":1,"time":291,"type":"hold","angle":0,"angle2":22.5},{"duration":1,"time":291,"type":"hold","angle":360,"angle2":337.5},{"duration":1,"time":292,"type":"hold","angle":337.5,"angle2":337.5},{"duration":1,"time":292,"type":"hold","angle":0,"angle2":0},{"duration":1,"time":292,"type":"hold","angle":22.5,"angle2":22.5},{"duration":1,"time":293,"type":"hold","angle":337.5,"angle2":337.5},{"endTap":true,"time":293,"duration":1,"type":"hold","angle":360,"angle2":360},{"duration":1,"time":293,"type":"hold","angle":22.5,"angle2":22.5},{"angle":315,"time":294,"type":"extraTap"},{"angle":112.5,"time":295,"type":"block"},{"angle":157.5,"time":296,"type":"block"},{"duration":2.5,"time":296.5,"type":"hold","angle":270,"angle2":630},{"angle":135,"time":295.5,"type":"block"},{"angle":45,"time":295,"type":"mine"},{"angle":22.5,"time":295,"type":"mine"},{"angle":0,"time":295,"type":"mine"},{"angle":337.5,"time":295,"type":"mine"},{"angle":315,"time":295,"type":"mine"},{"angle":292.5,"time":295,"type":"mine"},{"angle":270,"time":295,"type":"mine"},{"angle":247.5,"time":295,"type":"mine"},{"angle":225,"time":295,"type":"mine"},{"angle":202.5,"time":295,"type":"mine"},{"angle":180,"time":295,"type":"mine"},{"angle":202.5,"time":295.5,"type":"mine"},{"angle":225,"time":295.5,"type":"mine"},{"angle":247.5,"time":295.5,"type":"mine"},{"angle":270,"time":295.5,"type":"mine"},{"angle":292.5,"time":295.5,"type":"mine"},{"angle":315,"time":295.5,"type":"mine"},{"angle":337.5,"time":295.5,"type":"mine"},{"angle":0,"time":295.5,"type":"mine"},{"angle":22.5,"time":295.5,"type":"mine"},{"angle":45,"time":295.5,"type":"mine"},{"angle":67.5,"time":295.5,"type":"mine"},{"angle":247.5,"time":296,"type":"mine"},{"angle":225,"time":296,"type":"mine"},{"angle":270,"time":296,"type":"mine"},{"angle":292.5,"time":296,"type":"mine"},{"angle":337.5,"time":296,"type":"mine"},{"angle":315,"time":296,"type":"mine"},{"angle":0,"time":296,"type":"mine"},{"angle":22.5,"time":296,"type":"mine"},{"angle":45,"time":296,"type":"mine"},{"angle":67.5,"time":296,"type":"mine"},{"angle":90,"time":296,"type":"mine"},{"angle":180,"time":286.5,"type":"mine"},{"duration":1,"time":287,"type":"mineHold","angle":180,"angle2":360},{"angle":180,"time":288.5,"type":"mine"},{"duration":1,"time":289,"type":"mineHold","angle":180,"angle2":360},{"angle":180,"time":290.5,"type":"mine"},{"duration":1,"time":291,"type":"mineHold","angle":180,"angle2":180},{"duration":1,"time":291,"type":"mineHold","angle":180,"angle2":157.5},{"duration":1,"time":291,"type":"mineHold","angle":180,"angle2":202.5},{"duration":1,"time":292,"type":"mineHold","angle":202.5,"angle2":202.5},{"duration":1,"time":292,"type":"mineHold","angle":180,"angle2":180},{"duration":1,"time":292,"type":"mineHold","angle":157.5,"angle2":157.5},{"duration":1,"time":293,"type":"mineHold","angle":202.5,"angle2":202.5},{"duration":1,"time":293,"type":"mineHold","angle":180,"angle2":180},{"duration":1,"time":293,"type":"mineHold","angle":157.5,"angle2":157.5},{"angle":135,"time":295,"type":"block"},{"angle":90,"time":295,"type":"block"},{"angle":157.5,"time":295.5,"type":"block"},{"angle":112.5,"time":295.5,"type":"block"},{"angle":180,"time":296,"type":"block"},{"angle":135,"time":296,"type":"block"},{"duration":1.5,"time":297.5,"type":"hold","angle":337.5,"angle2":630},{"time":298.5,"type":"block","tap":true,"angle":202.5},{"angle":292.5,"time":299,"type":"extraTap"},{"angle":180,"time":300,"type":"block"},{"angle":0,"time":300,"type":"block"},{"duration":4,"time":301,"type":"hold","angle":180,"angle2":450},{"duration":4,"time":301,"type":"hold","angle":0,"angle2":270},{"duration":4,"time":301,"type":"mineHold","angle":90,"angle2":360},{"duration":4,"time":301,"type":"mineHold","angle":270,"angle2":540},{"angle":292.5,"time":305,"type":"extraTap"},{"duration":1,"time":305,"type":"hold","angle":270,"angle2":225},{"duration":1,"time":305,"type":"hold","angle":90,"angle2":45},{"duration":1,"time":306,"type":"hold","angle":225,"angle2":247.5},{"duration":1,"time":306,"type":"hold","angle":45,"angle2":67.5},{"duration":4,"time":307,"type":"hold","angle":247.5,"angle2":472.5},{"duration":4,"time":307,"type":"hold","angle":67.5,"angle2":292.5},{"angle":315,"time":311,"type":"extraTap"},{"duration":1,"time":305,"type":"mineHold","angle":180,"angle2":135},{"duration":1,"time":305,"type":"mineHold","angle":0,"angle2":-45},{"duration":1,"time":306,"type":"mineHold","angle":315,"angle2":337.5},{"duration":1,"time":306,"type":"mineHold","angle":135,"angle2":157.5},{"duration":4,"time":307,"type":"mineHold","angle":157.5,"angle2":427.5},{"duration":4,"time":307,"type":"mineHold","angle":337.5,"angle2":585},{"angle":292.5,"time":312,"type":"block"},{"angle":112.5,"time":312,"type":"block"},{"angle":247.5,"time":312,"type":"mine"},{"angle":67.5,"time":312,"type":"mine"},{"angle":225,"time":312,"type":"mine"},{"angle":45,"time":312,"type":"mine"},{"angle":202.5,"time":312,"type":"mine"},{"angle":180,"time":312,"type":"mine"},{"angle":22.5,"time":312,"type":"mine"},{"angle":0,"time":312,"type":"mine"},{"duration":1,"time":313,"type":"hold","angle":270,"angle2":270},{"duration":1,"time":313,"type":"hold","angle":90,"angle2":90},{"duration":1,"time":314,"type":"hold","angle":90,"angle2":180},{"duration":1,"time":314,"type":"hold","angle":270,"angle2":360},{"duration":1,"time":315,"type":"hold","angle":0,"angle2":-90},{"duration":1,"time":315,"type":"hold","angle":180,"angle2":90},{"duration":4,"time":316,"type":"hold","angle":270,"angle2":450},{"angle":315,"time":316,"type":"extraTap"},{"duration":4,"time":316,"type":"hold","angle":292.5,"angle2":427.5},{"duration":4,"time":316,"type":"hold","angle":247.5,"angle2":472.5},{"duration":4,"time":316,"type":"hold","angle":90,"angle2":270},{"duration":4,"time":316,"type":"hold","angle":67.5,"angle2":292.5},{"duration":4,"time":316,"type":"hold","angle":112.5,"angle2":247.5},{"angle":180,"time":321,"type":"block"},{"angle":180,"time":321.5,"type":"block"},{"angle":202.5,"time":322,"type":"block"},{"angle":180,"time":322,"type":"block"},{"angle":157.5,"time":322,"type":"block"},{"angle":360,"time":321,"type":"block"},{"angle":0,"time":321.5,"type":"block"},{"angle":337.5,"time":322,"type":"block"},{"angle":0,"time":322,"type":"block"},{"angle":22.5,"time":322,"type":"block"},{"duration":1.5,"time":322.5,"angle2":180,"type":"hold","angle":180,"startTap":true},{"duration":1.5,"time":322.5,"angle2":360,"type":"hold","angle":360,"startTap":true},{"angle":270,"time":324.5,"type":"side"},{"angle":90,"time":324.5,"type":"side"},{"angle":337.5,"time":322.5,"type":"extraTap"},{"duration":1,"time":325,"type":"hold","angle":315,"angle2":315},{"duration":1,"time":325,"type":"hold","angle":135,"angle2":135},{"duration":1,"time":326,"type":"hold","angle":135,"angle2":180},{"duration":1,"time":326,"type":"hold","angle":315,"angle2":360},{"duration":1,"time":327,"type":"hold","angle":180,"angle2":270},{"duration":1,"time":327,"type":"hold","angle":0,"angle2":90},{"duration":1,"time":328,"type":"hold","angle":270,"angle2":360},{"duration":1,"time":328,"type":"hold","angle":90,"angle2":180},{"duration":1,"time":329,"type":"hold","angle":360,"angle2":360},{"duration":1,"time":329,"type":"hold","angle":180,"angle2":180},{"time":330.5,"type":"block","tap":true,"angle":360},{"time":330.5,"type":"block","tap":true,"angle":180},{"angle":337.5,"time":330.5,"type":"extraTap"},{"angle":337.5,"time":331,"type":"block"},{"angle":360,"time":331,"type":"block"},{"angle":22.5,"time":331,"type":"block"},{"angle":202.5,"time":331,"type":"block"},{"angle":180,"time":331,"type":"block"},{"angle":157.5,"time":331,"type":"block"},{"angle":0,"time":332,"type":"block"},{"angle":180,"time":332,"type":"block"},{"angle":22.5,"time":332.5,"type":"block"},{"angle":337.5,"time":332.5,"type":"block"},{"angle":202.5,"time":332.5,"type":"block"},{"angle":157.5,"time":332.5,"type":"block"},{"angle":180,"time":333,"type":"block"},{"angle":0,"time":333,"type":"block"},{"time":334,"type":"side","tap":true,"angle":270},{"time":334,"type":"side","tap":true,"angle":90},{"angle":292.5,"time":334,"type":"extraTap"},{"angle":270,"time":335,"type":"block"},{"angle":270,"time":336,"type":"block"},{"angle":90,"time":335,"type":"block"},{"angle":90,"time":336,"type":"block"},{"angle":270,"time":336,"type":"block"},{"angle":292.5,"time":336.5,"type":"block"},{"angle":247.5,"time":336.5,"type":"block"},{"angle":270,"time":337,"type":"block"},{"angle":67.5,"time":336.5,"type":"block"},{"angle":112.5,"time":336.5,"type":"block"},{"angle":90,"time":337,"type":"block"},{"duration":1,"time":313,"type":"mineHold","angle":360,"angle2":360},{"duration":1,"time":313,"type":"mineHold","angle":180,"angle2":180},{"duration":1,"time":314,"type":"mineHold","angle":0,"angle2":90},{"duration":1,"time":314,"type":"mineHold","angle":180,"angle2":270},{"duration":1,"time":315,"type":"mineHold","angle":270,"angle2":180},{"duration":1,"time":315,"type":"mineHold","angle":90,"angle2":0},{"duration":4,"time":316,"type":"mineHold","angle":360,"angle2":540},{"duration":4,"time":316,"type":"mineHold","angle":337.5,"angle2":562.5},{"duration":4,"time":316,"type":"mineHold","angle":22.5,"angle2":157.5},{"duration":4,"time":316,"type":"mineHold","angle":202.5,"angle2":337.5},{"duration":4,"time":316,"type":"mineHold","angle":180,"angle2":360},{"duration":4,"time":316,"type":"mineHold","angle":157.5,"angle2":382.5},{"angle":270,"time":321,"type":"mine"},{"angle":90,"time":321,"type":"mine"},{"angle":270,"time":321.5,"type":"mine"},{"angle":90,"time":321.5,"type":"mine"},{"angle":247.5,"time":322,"type":"mine"},{"angle":270,"time":322,"type":"mine"},{"angle":292.5,"time":322,"type":"mine"},{"angle":112.5,"time":322,"type":"mine"},{"angle":90,"time":322,"type":"mine"},{"angle":67.5,"time":322,"type":"mine"},{"duration":1.5,"time":322.5,"type":"mineHold","angle":270,"angle2":270},{"duration":1.5,"time":322.5,"type":"mineHold","angle":90,"angle2":90},{"duration":1,"time":326,"type":"mineHold","angle":45,"angle2":90},{"duration":1,"time":326,"type":"mineHold","angle":225,"angle2":270},{"duration":1,"time":327,"type":"mineHold","angle":90,"angle2":180},{"duration":1,"time":327,"type":"mineHold","angle":270,"angle2":360},{"duration":1,"time":328,"type":"mineHold","angle":360,"angle2":450},{"duration":1,"time":328,"type":"mineHold","angle":180,"angle2":270},{"duration":1,"time":329,"type":"mineHold","angle":90,"angle2":90},{"duration":1,"time":329,"type":"mineHold","angle":270,"angle2":270},{"angle":270,"time":330.5,"type":"mine"},{"angle":90,"time":330.5,"type":"mine"},{"angle":270,"time":331,"type":"mine"},{"angle":247.5,"time":331,"type":"mine"},{"angle":292.5,"time":331,"type":"mine"},{"angle":112.5,"time":331,"type":"mine"},{"angle":90,"time":331,"type":"mine"},{"angle":67.5,"time":331,"type":"mine"},{"angle":270,"time":332,"type":"mine"},{"angle":90,"time":332,"type":"mine"},{"angle":247.5,"time":332.5,"type":"mine"},{"angle":292.5,"time":332.5,"type":"mine"},{"angle":112.5,"time":332.5,"type":"mine"},{"angle":67.5,"time":332.5,"type":"mine"},{"angle":270,"time":333,"type":"mine"},{"angle":90,"time":333,"type":"mine"},{"angle":315,"time":338,"type":"extraTap"},{"time":338,"type":"side","tap":true,"angle":0},{"time":338,"type":"side","tap":true,"angle":180},{"angle":360,"time":335,"type":"mine"},{"angle":180,"time":335,"type":"mine"},{"angle":0,"time":336,"type":"mine"},{"angle":337.5,"time":336.5,"type":"mine"},{"angle":22.5,"time":336.5,"type":"mine"},{"angle":180,"time":336,"type":"mine"},{"angle":202.5,"time":336.5,"type":"mine"},{"angle":157.5,"time":336.5,"type":"mine"},{"angle":180,"time":337,"type":"mine"},{"angle":360,"time":337,"type":"mine"},{"angle":315,"time":339,"type":"block"},{"angle":135,"time":339,"type":"block"},{"angle":315,"time":340,"type":"block"},{"angle":135,"time":340,"type":"block"},{"angle":292.5,"time":340.5,"type":"block"},{"angle":337.5,"time":340.5,"type":"block"},{"angle":157.5,"time":340.5,"type":"block"},{"angle":112.5,"time":340.5,"type":"block"},{"angle":315,"time":341,"type":"block"},{"angle":135,"time":341,"type":"block"},{"time":342,"type":"side","tap":true,"angle":225},{"time":342,"type":"side","tap":true,"angle":45},{"angle":247.5,"time":342,"type":"extraTap"},{"angle":225,"time":339,"type":"mine"},{"angle":45,"time":339,"type":"mine"},{"angle":225,"time":340,"type":"mine"},{"angle":45,"time":340,"type":"mine"},{"angle":247.5,"time":340.5,"type":"mine"},{"angle":202.5,"time":340.5,"type":"mine"},{"angle":225,"time":341,"type":"mine"},{"angle":22.5,"time":340.5,"type":"mine"},{"angle":67.5,"time":340.5,"type":"mine"},{"angle":45,"time":341,"type":"mine"},{"angle":225,"time":343,"type":"block"},{"angle":45,"time":343,"type":"block"},{"angle":225,"time":344,"type":"block"},{"angle":45,"time":344,"type":"block"},{"angle":247.5,"time":344.5,"type":"block"},{"angle":202.5,"time":344.5,"type":"block"},{"angle":225,"time":345,"type":"block"},{"angle":22.5,"time":344.5,"type":"block"},{"angle":67.5,"time":344.5,"type":"block"},{"angle":45,"time":345,"type":"block"},{"time":346,"type":"side","tap":true,"angle":135},{"angle":225,"time":346,"type":"extraTap"},{"time":346,"type":"side","tap":true,"angle":315},{"angle":135,"time":344,"type":"mine"},{"angle":315,"time":344,"type":"mine"},{"angle":292.5,"time":344.5,"type":"mine"},{"angle":337.5,"time":344.5,"type":"mine"},{"angle":315,"time":345,"type":"mine"},{"angle":157.5,"time":344.5,"type":"mine"},{"angle":112.5,"time":344.5,"type":"mine"},{"angle":135,"time":345,"type":"mine"},{"endTap":true,"time":347,"duration":1,"type":"hold","angle":0,"angle2":0},{"endTap":true,"time":347,"duration":1,"type":"hold","angle":180,"angle2":180},{"endTap":true,"time":349,"duration":1,"type":"hold","angle":270,"angle2":270},{"endTap":true,"time":349,"duration":1,"type":"hold","angle":90,"angle2":90},{"angle":247.5,"time":349.5,"type":"block"},{"angle":292.5,"time":349.5,"type":"block"},{"angle":112.5,"time":349.5,"type":"block"},{"angle":67.5,"time":349.5,"type":"block"},{"angle":270,"time":347,"type":"mine"},{"angle":90,"time":347,"type":"mine"},{"angle":270,"time":347.5,"type":"mine"},{"angle":90,"time":347.5,"type":"mine"},{"angle":270,"time":348,"type":"mine"},{"angle":90,"time":348,"type":"mine"},{"angle":0,"time":349,"type":"mine"},{"angle":0,"time":349.5,"type":"mine"},{"angle":360,"time":350,"type":"mine"},{"angle":180,"time":349,"type":"mine"},{"angle":180,"time":349.5,"type":"mine"},{"angle":180,"time":350,"type":"mine"},{"angle":270,"time":351,"type":"block"},{"angle":292.5,"time":351,"type":"block"},{"angle":247.5,"time":351,"type":"block"},{"angle":112.5,"time":351,"type":"block"},{"angle":90,"time":351,"type":"block"},{"angle":67.5,"time":351,"type":"block"},{"duration":1,"time":352,"type":"hold","angle":0,"angle2":90},{"duration":1,"time":352,"type":"hold","angle":180,"angle2":270},{"angle":360,"time":354,"type":"side"},{"angle":180,"time":354,"type":"side"},{"angle":292.5,"time":353,"type":"extraTap"},{"duration":1,"time":352,"type":"mineHold","angle":90,"angle2":180},{"duration":1,"time":352,"type":"mineHold","angle":270,"angle2":360},{"duration":3,"time":355,"type":"hold","angle":180,"angle2":180},{"duration":3,"time":355,"type":"hold","angle":360,"angle2":360},{"time":356,"type":"block","tap":true,"angle":202.5},{"angle":157.5,"time":356,"type":"block"},{"angle":202.5,"time":357,"type":"block"},{"time":357,"type":"block","tap":true,"angle":157.5},{"angle":337.5,"time":356,"type":"block"},{"time":356,"type":"block","tap":true,"angle":22.5},{"time":357,"type":"block","tap":true,"angle":337.5},{"angle":22.5,"time":357,"type":"block"},{"angle":202.5,"time":358,"type":"extraTap"},{"duration":3,"time":359,"type":"hold","angle":270,"angle2":630},{"duration":3,"time":359,"type":"hold","angle":90,"angle2":450},{"duration":3,"time":359,"type":"mineHold","angle":360,"angle2":720},{"duration":3,"time":359,"type":"mineHold","angle":180,"angle2":540},{"endTap":true,"time":363,"duration":1,"type":"hold","angle":0,"angle2":0},{"angle":180,"time":367,"type":"side"},{"angle":270,"time":367,"type":"mine"},{"angle":292.5,"time":367,"type":"mine"},{"angle":315,"time":367,"type":"mine"},{"angle":337.5,"time":367,"type":"mine"},{"angle":360,"time":367,"type":"mine"},{"angle":22.5,"time":367,"type":"mine"},{"angle":45,"time":367,"type":"mine"},{"angle":67.5,"time":367,"type":"mine"},{"angle":90,"time":367,"type":"mine"},{"time":368,"type":"block","tap":true,"angle":180},{"angle":202.5,"time":368.5,"type":"block"},{"angle":180,"time":368.5,"type":"block"},{"angle":157.5,"time":368.5,"type":"block"},{"angle":180,"time":369,"type":"block"},{"angle":202.5,"time":369.5,"type":"block"},{"angle":157.5,"time":369.5,"type":"block"},{"angle":180,"time":370,"type":"block"},{"duration":1.5,"time":369,"type":"mineHold","angle":225,"angle2":225},{"duration":1.5,"time":369,"type":"mineHold","angle":135,"angle2":135},{"time":370.5,"type":"block","tap":true,"angle":202.5},{"time":370.5,"type":"block","tap":true,"angle":157.5},{"angle":247.5,"time":369,"type":"mine"},{"angle":270,"time":369,"type":"mine"},{"angle":292.5,"time":369,"type":"mine"},{"angle":315,"time":369,"type":"mine"},{"angle":337.5,"time":369,"type":"mine"},{"angle":0,"time":369,"type":"mine"},{"angle":22.5,"time":369,"type":"mine"},{"angle":45,"time":369,"type":"mine"},{"angle":67.5,"time":369,"type":"mine"},{"angle":90,"time":369,"type":"mine"},{"angle":112.5,"time":369,"type":"mine"},{"angle":247.5,"time":370.5,"type":"extraTap"},{"endTap":true,"time":371,"duration":1,"type":"hold","angle":180,"angle2":0},{"duration":0.5,"time":365,"type":"hold","angle":337.5,"angle2":337.5},{"duration":0.5,"time":366,"type":"hold","angle":22.5,"angle2":22.5},{"angle":315,"time":365,"type":"block"},{"angle":315,"time":365.5,"type":"block"},{"angle":45,"time":366,"type":"block"},{"angle":45,"time":366.5,"type":"block"},{"duration":0.5,"time":373,"type":"hold","angle":157.5,"angle2":157.5},{"duration":0.5,"time":374,"type":"hold","angle":202.5,"angle2":202.5},{"angle":135,"time":373,"type":"block"},{"angle":135,"time":373.5,"type":"block"},{"angle":225,"time":374,"type":"block"},{"angle":225,"time":374.5,"type":"block"},{"angle":360,"time":375,"type":"side"},{"time":376,"type":"block","tap":true,"angle":360},{"angle":337.5,"time":376.5,"type":"block"},{"angle":360,"time":376.5,"type":"block"},{"angle":22.5,"time":376.5,"type":"block"},{"angle":360,"time":377,"type":"block"},{"angle":337.5,"time":377.5,"type":"block"},{"angle":22.5,"time":377.5,"type":"block"},{"angle":360,"time":378,"type":"block"},{"time":378.5,"type":"block","tap":true,"angle":337.5},{"time":378.5,"type":"block","tap":true,"angle":22.5},{"angle":292.5,"time":378.5,"type":"extraTap"},{"duration":1.5,"time":377,"type":"mineHold","angle":315,"angle2":315},{"duration":1.5,"time":377,"type":"mineHold","angle":45,"angle2":45},{"angle":292.5,"time":377,"type":"mine"},{"angle":270,"time":377,"type":"mine"},{"angle":247.5,"time":377,"type":"mine"},{"angle":225,"time":377,"type":"mine"},{"angle":202.5,"time":377,"type":"mine"},{"angle":180,"time":377,"type":"mine"},{"angle":157.5,"time":377,"type":"mine"},{"angle":135,"time":377,"type":"mine"},{"angle":112.5,"time":377,"type":"mine"},{"angle":90,"time":377,"type":"mine"},{"angle":67.5,"time":377,"type":"mine"},{"endTap":true,"time":379,"duration":1,"type":"hold","angle":360,"angle2":540},{"duration":1,"time":381,"angle2":360,"type":"hold","angle":270,"speedMult":0.5,"startTap":true},{"duration":1,"time":382,"angle2":67.5,"type":"hold","angle":0,"speedMult":0.5,"startTap":true},{"duration":1,"time":381,"angle":90,"type":"mineHold","speedMult":0.5,"angle2":180},{"duration":0.5,"time":382.5,"angle":180,"type":"mineHold","speedMult":0.5,"angle2":225},{"duration":0.5,"time":383,"angle":225,"type":"mineHold","speedMult":0.5,"angle2":270},{"duration":1,"time":384,"angle":180,"type":"hold","speedMult":0.5,"angle2":180},{"duration":10.5,"time":386,"type":"hold","angle":202.5,"angle2":202.5},{"duration":10.5,"time":386,"type":"hold","angle":157.5,"angle2":157.5},{"angle":180,"time":387.5,"type":"block"},{"angle":180,"time":390.5,"type":"block"},{"angle":180,"time":393.5,"type":"block"},{"angle":180,"time":396.5,"type":"block"}]