[{"angle":11.25,"type":"block","time":0},{"angle":360,"type":"block","time":0.5},{"angle":11.25,"type":"block","time":1},{"angle":348.75,"type":"block","time":2},{"angle":337.5,"type":"block","time":2.5},{"angle":326.25,"type":"block","time":3},{"angle":45,"type":"block","time":6},{"angle":33.75,"type":"block","time":6.5},{"angle":56.25,"type":"block","time":5.5},{"angle":22.5,"type":"block","time":7},{"angle":11.25,"type":"block","time":8},{"angle":0,"type":"block","time":8.5},{"angle":348.75,"type":"block","time":9},{"angle":0,"type":"block","time":10},{"angle":11.25,"type":"block","time":10.5},{"angle":360,"type":"block","time":10.833333015442},{"angle":11.25,"type":"block","time":11},{"angle":0,"type":"block","time":11.166666984558},{"angle":348.75,"type":"block","time":11.333333015442},{"angle":11.25,"type":"block","time":12},{"angle":348.75,"type":"block","time":13.5},{"angle":33.75,"type":"block","time":14.5},{"angle":22.5,"type":"block","time":15},{"angle":11.25,"type":"block","time":16},{"angle":22.5,"type":"block","time":16.5},{"angle":11.25,"type":"block","time":17},{"angle":360,"type":"block","time":17.5},{"angle":11.25,"type":"block","time":18},{"angle":33.75,"type":"block","time":19.5},{"angle":360,"type":"block","time":20.5},{"angle":11.25,"type":"block","time":20.666666030884},{"angle":0,"type":"block","time":21},{"angle":11.25,"type":"block","time":22},{"angle":0,"type":"block","time":22.5},{"angle":11.25,"type":"block","time":23},{"angle":0,"type":"block","time":23.5},{"angle":348.75,"type":"block","time":24},{"angle":348.75,"type":"block","time":25.5},{"angle":326.25,"type":"block","time":26.5},{"angle":292.5,"type":"block","time":27},{"angle":270,"type":"block","time":28},{"angle":247.5,"type":"block","time":29},{"angle":236.25,"type":"block","time":30},{"angle":247.5,"type":"block","time":30.5},{"angle":236.25,"type":"block","time":31},{"angle":225,"type":"block","time":31.5},{"angle":236.25,"type":"block","time":32.5},{"angle":247.5,"type":"block","time":33},{"angle2":247.5,"time":34.5,"angle":247.5,"type":"hold","duration":0.49999994039536},{"angle2":270,"time":35,"angle":247.5,"type":"hold","duration":0.49999994039536},{"angle2":270,"time":35.5,"angle":270,"type":"hold","duration":0.49999994039536},{"angle":270,"type":"block","time":40},{"angle":281.25,"type":"block","time":40.5},{"angle":292.5,"type":"block","time":41},{"angle":303.75,"type":"block","time":41.5},{"angle":315,"type":"block","time":42},{"angle2":292.5,"time":43.5,"angle":292.5,"type":"hold","duration":1.4999998807907},{"angle2":292.5,"time":42,"angle":315,"type":"hold","duration":1.4999998807907},{"angle":303.75,"type":"block","time":47},{"angle":11.25,"type":"block","time":47.5},{"angle":303.75,"type":"block","time":48},{"angle":11.25,"type":"block","time":46.5},{"angle2":326.25,"time":52.5,"angle":326.25,"type":"hold","duration":0.49999994039536},{"angle2":337.5,"time":53,"angle":337.5,"type":"hold","duration":0.49999994039536},{"angle2":348.75,"time":53.5,"angle":348.75,"type":"hold","duration":0.49999994039536},{"angle2":360,"time":60,"angle":360,"type":"hold","duration":1.6666665077209},{"angle2":382.5,"time":61.666667938232,"angle":360,"type":"hold","duration":0.99999994039536},{"angle2":22.5,"time":62.666667938232,"angle":22.5,"type":"hold","duration":0.49999994039536},{"angle":22.5,"type":"block","time":64.166664123535},{"angle":11.25,"type":"block","time":64.666664123535},{"angle":22.5,"type":"block","time":65.166664123535},{"angle":33.75,"type":"block","time":65.666664123535},{"angle2":22.5,"time":66.166664123535,"angle":22.5,"type":"hold","duration":1.4999998807907},{"angle2":0,"time":67.666664123535,"angle":22.5,"type":"hold","duration":0.99999994039536},{"angle2":360,"time":68.666664123535,"angle":360,"type":"hold","duration":0.49999994039536},{"angle2":0,"time":70,"angle":0,"type":"hold","duration":0.49999994039536},{"angle2":11.25,"time":70.5,"angle":11.25,"type":"hold","duration":0.49999994039536},{"angle2":22.5,"time":71,"angle":22.5,"type":"hold","duration":0.49999988079071},{"angle2":33.75,"time":71.5,"angle":33.75,"type":"hold","duration":0.49999988079071},{"angle2":45,"time":72,"angle":45,"type":"hold","duration":1.4999998807907},{"angle2":-11.25,"time":73.5,"angle":45,"type":"hold","duration":1.1666666269302},{"angle2":348.75,"time":74.666664123535,"angle":348.75,"type":"hold","duration":0.49999994039536},{"angle2":371.25,"time":75.166664123535,"angle":348.75,"type":"hold","duration":0.99999994039536},{"angle2":11.25,"time":76.166664123535,"angle":11.25,"type":"hold","duration":1},{"angle":22.5,"type":"block","time":78.5},{"angle":348.75,"type":"block","time":79},{"angle2":11.25,"time":80,"angle":11.25,"type":"hold","duration":0.49999994039536},{"angle2":22.5,"time":80.5,"angle":22.5,"type":"hold","duration":0.49999994039536},{"angle2":22.5,"time":82.5,"angle":22.5,"type":"hold","duration":0.49999994039536},{"angle2":33.75,"time":83,"angle":33.75,"type":"hold","duration":0.49999994039536},{"angle2":45,"time":83.5,"angle":45,"type":"hold","duration":0.49999994039536},{"angle":33.75,"type":"inverse","time":88.5},{"angle":45,"type":"inverse","time":89},{"angle":33.75,"type":"inverse","time":89.5},{"angle":22.5,"type":"inverse","time":90},{"angle":11.25,"type":"inverse","time":91.5},{"angle":0,"type":"block","time":94},{"angle":348.75,"type":"block","time":94.5},{"angle":360,"type":"block","time":95},{"angle":11.25,"type":"block","time":95.5},{"angle":0,"type":"block","time":96},{"angle2":360,"time":101,"angle":360,"type":"hold","duration":0.49999994039536},{"angle2":11.25,"time":101.5,"angle":11.25,"type":"hold","duration":0.49999994039536},{"angle2":22.5,"time":102,"angle":22.5,"type":"hold","duration":0.49999994039536},{"angle2":33.75,"time":102.5,"angle":33.75,"type":"hold","duration":0.49999994039536},{"angle2":45,"time":103,"angle":45,"type":"hold","duration":0.49999994039536},{"angle2":56.25,"time":103.5,"angle":56.25,"type":"hold","duration":0.49999994039536},{"angle2":67.5,"time":104,"angle":67.5,"type":"hold","duration":0.49999994039536},{"angle2":78.75,"time":104.5,"angle":78.75,"type":"hold","duration":0.49999994039536},{"angle2":78.75,"time":108,"angle":78.75,"type":"hold","duration":1.4999998807907},{"angle2":56.25,"time":109.5,"angle":78.75,"type":"hold","duration":0.99999994039536},{"angle2":56.25,"time":110.5,"angle":56.25,"type":"hold","duration":0.49999994039536},{"angle":11.25,"type":"block","time":78},{"angle":45,"type":"inverse","time":88},{"angle":360,"type":"inverse","time":93},{"angle2":348.75,"time":100.5,"angle":348.75,"type":"hold","duration":0.49999994039536},{"angle":22.5,"type":"block","time":79.5},{"angle":45,"type":"block","time":112},{"angle":56.25,"type":"block","time":112.5},{"angle":45,"type":"block","time":113},{"angle":33.75,"type":"block","time":113.5},{"angle2":45,"time":114,"angle":45,"type":"hold","duration":1.4999998807907},{"angle2":45,"time":115.5,"angle":45,"type":"hold","duration":1},{"angle2":45,"time":116.5,"angle":45,"type":"hold","duration":0.49999994039536},{"angle":67.5,"type":"block","time":118},{"angle":0,"type":"block","time":118.5},{"angle":67.5,"type":"block","time":119},{"angle":0,"type":"block","time":119.5},{"angle2":67.5,"time":120,"angle":67.5,"type":"hold","duration":1.4999998807907},{"angle2":67.5,"time":121.5,"angle":67.5,"type":"hold","duration":1},{"angle2":67.5,"time":122.5,"angle":67.5,"type":"hold","duration":0.49999994039536},{"angle2":56.25,"time":123,"angle":67.5,"type":"hold","duration":0.99999994039536},{"angle2":56.25,"time":124,"angle":56.25,"type":"hold","duration":0.99999994039536},{"angle":22.5,"type":"block","time":126},{"angle":90,"type":"block","time":126.5},{"angle":22.5,"type":"block","time":127},{"angle":90,"type":"block","time":127.5},{"angle2":56.25,"time":128.5,"angle":45,"type":"hold","duration":0.49999994039536},{"angle2":45,"time":131,"angle":45,"type":"hold","duration":0.49999994039536},{"angle2":56.25,"time":131.5,"angle":56.25,"type":"hold","duration":0.49999994039536},{"angle2":67.5,"time":132,"angle":67.5,"type":"hold","duration":1.9999998807907},{"angle2":33.75,"time":130.5,"angle":33.75,"type":"hold","duration":0.49999994039536},{"angle":56.25,"type":"block","time":136.5},{"angle":67.5,"type":"block","time":137},{"angle":56.25,"type":"block","time":137.5},{"angle":67.5,"type":"block","time":138},{"angle":67.5,"type":"block","time":136},{"angle2":33.75,"time":139.5,"angle":56.25,"type":"hold","duration":1.4999998807907},{"angle":45,"type":"block","time":142.5},{"angle":33.75,"type":"block","time":143},{"angle2":-157.5,"time":144,"angle":45,"type":"hold","duration":4.5},{"angle2":202.5,"time":148.5,"angle":202.5,"type":"hold","duration":0.49999994039536},{"angle2":225,"time":149,"angle":202.5,"type":"hold","duration":0.49999994039536},{"angle2":225,"time":149.5,"angle":225,"type":"hold","duration":0.50000005960464},{"angle2":922.5,"time":152.66667175293,"angle":225,"type":"hold","duration":7.4999971389771},{"angle2":225,"time":150,"angle":225,"type":"hold","duration":2.6666667461395},{"angle2":202.5,"time":160.16667175293,"angle":202.5,"type":"hold","duration":1},{"angle2":202.5,"time":161.16667175293,"angle":202.5,"type":"hold","duration":1},{"angle":191.25,"type":"block","time":163.33332824707},{"angle":213.75,"type":"block","time":163.83332824707},{"angle":191.25,"type":"block","time":164.33332824707},{"angle2":213.75,"time":165,"angle":213.75,"type":"hold","duration":1.4999998807907},{"angle2":213.75,"time":166.5,"angle":213.75,"type":"hold","duration":1.5},{"angle2":528.75,"time":168,"angle":213.75,"type":"hold","duration":4.9999995231628},{"angle":157.5,"type":"block","time":173.33332824707},{"angle":168.75,"type":"block","time":173.5},{"angle":168.75,"type":"block","time":173.16667175293},{"angle2":168.75,"time":174,"angle":168.75,"type":"hold","duration":1.4999998807907},{"angle2":168.75,"time":175.5,"angle":168.75,"type":"hold","duration":1},{"angle2":168.75,"time":176.5,"angle":168.75,"type":"hold","duration":0.50000005960464},{"angle2":168.75,"time":177,"angle":168.75,"type":"hold","duration":1},{"angle2":168.75,"time":178,"angle":168.75,"type":"hold","duration":0.99999994039536},{"angle2":596.25,"time":179,"angle":168.75,"type":"hold","duration":5.9999985694885},{"angle2":236.25,"time":185,"angle":236.25,"type":"hold","duration":0.99999994039536},{"angle":247.5,"type":"block","time":197.5},{"angle":247.5,"type":"block","time":199.5},{"angle":236.25,"type":"block","time":198.5},{"angle":247.5,"type":"block","time":200.5},{"angle":247.5,"type":"block","time":201.5},{"angle":247.5,"type":"block","time":202.5},{"angle":247.5,"type":"block","time":203.5},{"angle":247.5,"type":"block","time":204.5},{"angle":247.5,"type":"block","time":205.5},{"angle":236.25,"type":"block","time":207},{"angle2":236.25,"time":208,"angle":236.25,"type":"hold","duration":0.99999994039536},{"angle2":562.5,"time":38,"angle":281.25,"type":"mineHold","duration":2.9802322387695e-08},{"angle2":112.5,"time":49,"angle":348.75,"type":"mineHold","duration":0},{"angle2":45,"time":50,"angle":326.25,"type":"mineHold","duration":0},{"angle2":-270,"time":56,"angle":0,"type":"mineHold","duration":0},{"angle2":67.5,"time":57,"angle":348.75,"type":"mineHold","duration":0},{"angle2":56.25,"time":58,"angle":337.5,"type":"mineHold","duration":0},{"angle2":-270,"time":55,"angle":0,"type":"mineHold","duration":0},{"angle":45,"type":"extraTap","time":55},{"angle":33.75,"type":"extraTap","time":56},{"angle":33.75,"type":"extraTap","time":57},{"angle":22.5,"type":"extraTap","time":58},{"angle":45,"type":"extraTap","time":49},{"angle":11.25,"type":"extraTap","time":50},{"angle":236.25,"type":"extraTap","time":38},{"angle2":562.5,"time":98,"angle":315,"type":"mineHold","duration":0},{"angle":270,"type":"extraTap","time":98},{"angle2":258.75,"time":86,"angle":0,"type":"mineHold","duration":0},{"angle":303.75,"type":"extraTap","time":86},{"angle":202.5,"type":"side","time":187},{"angle":281.25,"type":"side","time":188},{"angle":202.5,"type":"side","time":189},{"angle":281.25,"type":"side","time":190},{"angle":202.5,"type":"side","time":191},{"angle":281.25,"type":"side","time":192},{"angle":202.5,"type":"side","time":193},{"angle":281.25,"type":"side","time":194},{"angle":202.5,"type":"side","time":195},{"angle":281.25,"type":"side","time":196},{"angle":202.5,"type":"side","time":197},{"angle":202.5,"type":"side","time":205},{"angle":281.25,"type":"side","time":206},{"angle":281.25,"type":"side","time":204},{"angle":202.5,"type":"side","time":203},{"angle":202.5,"type":"side","time":201},{"angle":281.25,"type":"side","time":202},{"angle":281.25,"type":"side","time":200},{"angle":202.5,"type":"side","time":199},{"angle":281.25,"type":"side","time":198},{"angle":33.75,"type":"block","time":142},{"angle":45,"type":"block","time":143.5}]