{"metadata":{"artistLink":"","songName":"Ruins","artist":"Toby fox","difficulty":3,"charter":"hollow","bgData":{"greenChannel":{"r":255,"g":255,"b":255},"yellowChannel":{"r":255,"g":255,"b":255},"magentaChannel":{"r":255,"g":255,"b":255},"image":"pixil-frame-0 (19).png","cyanChannel":{"r":255,"g":255,"b":255},"redChannel":{"r":255,"g":70,"b":70},"blueChannel":{"r":0,"g":0,"b":255}},"description":"perfect level for chill\n\nsoundtrack from undertale first\nsection\n","bg":true},"properties":{"formatversion":12,"offset":8,"startBeat":0,"speed":80},"events":[{"time":-8,"color":2,"angle":0,"type":"setBgColor"},{"g":0,"time":-8,"b":149,"r":149,"type":"setColor","color":2,"angle":22.5},{"time":-8,"enable":true,"angle":337.5,"type":"outline","color":0},{"file":"mus_ruins — kopia.ogg","bpm":138,"time":0,"volume":1,"type":"play","angle":360},{"newWidth":60,"time":-4.6666665077209,"paddle":1,"angle":0,"type":"paddles","ease":"linear","duration":0},{"angle":236.25,"type":"showResults","time":209.33332824707},{"time":-8,"spriteName":"eyeClose.png","angle":315,"type":"forcePlayerSprite"},{"order":-2,"g":255,"angle":292.5,"color":0,"time":-8,"b":0,"r":255,"type":"setColor"},{"order":2,"g":0,"angle":45,"color":0,"time":-8,"b":225,"r":255,"type":"setColor"}]}