{"events":[{"offset":0,"time":0,"bpm":172,"type":"play","file":"1-17 Royal Nemesis (vs. King Dedede) [from Kirby's Dream Land].ogg","angle":270,"volume":1},{"r":255,"b":83,"duration":5,"color":1,"g":175,"type":"setColor","time":-5,"angle":283.64291381836},{"color":1,"type":"setBgColor","angle":330.64224243164,"time":-5},{"r":255,"g":255,"type":"setColor","color":1,"b":255,"angle":327.92599487305,"time":-10},{"color":5,"type":"outline","order":0,"enable":true,"angle":270.76388549805,"time":-10},{"r":255,"b":150,"duration":5,"color":2,"g":50,"type":"setColor","time":-5,"angle":267.62112426758},{"type":"ease","time":-4.75,"value":2,"angle":267.00378417969,"var":"p.fillColor"},{"type":"ease","time":-4.75,"value":3,"angle":250.91227722168,"var":"p.outlineColor"},{"type":"ease","time":-4.75,"value":4,"angle":232.82907104492,"var":"p.faceColor"},{"r":255,"g":150,"type":"setColor","color":3,"b":255,"angle":250.61219787598,"time":-5},{"r":0,"g":150,"type":"setColor","color":4,"b":255,"angle":233.87658691406,"time":-5},{"r":0,"g":0,"type":"setColor","color":5,"b":0,"angle":294.3323059082,"time":-5},{"enabled":true,"time":93.5,"duration":3,"ease":"linear","type":"paddles","newAngle":-180,"paddle":2,"angle":270},{"type":"showResults","angle":270,"time":235},{"time":1.5,"type":"ease","order":1,"value":5,"angle":337.5,"var":"vfx.noteYScale"},{"duration":0.75,"var":"vfx.noteYScale","order":2,"type":"ease","value":1,"angle":315,"time":1.5},{"var":"vfx.noteXScale","type":"ease","order":3,"value":0.5,"angle":22.5,"time":1.5},{"duration":0.75,"var":"vfx.noteXScale","order":4,"type":"ease","value":1,"angle":360,"time":1.5},{"var":"scrollSpeed","type":"ease","time":1.5,"value":2.5,"angle":45,"duration":1.25},{"duration":1,"type":"ease","time":2.75,"value":1,"angle":247.5,"var":"scrollSpeed"},{"ease":"linear","duration":0.5,"type":"paddles","newAngle":0,"paddle":2,"angle":180,"time":166.5},{"ease":"linear","time":167,"type":"paddles","paddle":2,"enabled":false,"angle":180,"duration":0},{"time":72,"type":"ease","duration":2.75,"value":1,"angle":90,"var":"scrollSpeed"},{"type":"ease","time":92.5,"value":2.5,"angle":202.5,"var":"scrollSpeed"},{"type":"ease","time":93.5,"value":5,"angle":292.5,"var":"scrollSpeed"},{"duration":35,"type":"ease","time":96.5,"value":1,"angle":292.5,"var":"scrollSpeed"},{"ease":"outBack","duration":1,"type":"paddles","newWidth":355,"paddle":1,"angle":22.5,"time":214},{"ease":"outBack","time":216.5,"type":"paddles","newWidth":70,"paddle":1,"angle":45,"duration":1},{"time":219,"type":"ease","var":"scrollSpeed","value":2.5,"angle":90,"duration":3},{"var":"scrollSpeed","type":"ease","time":71.5,"value":0.5,"angle":67.5,"duration":1.5}],"properties":{"offset":8,"speed":100,"startBeat":0,"formatversion":12},"metadata":{"artist":"Hirokazu Ando","bg":true,"bgData":{"cyanChannel":{"r":0,"b":255,"g":255},"image":"gaydede.png","redChannel":{"r":240,"b":43,"g":56},"blueChannel":{"r":0,"b":255,"g":100},"greenChannel":{"r":181,"b":82,"g":21},"yellowChannel":{"r":226,"b":10,"g":202},"magentaChannel":{"r":0,"b":255,"g":50}},"artistLink":"","charter":"Tri The Kitten","songName":"King Dedede","description":"Oh no! King Dedede got possessed for the 218974591425619th time!\nBeat the shit out of him and make him normal again!\n\nMechanics included: two mine segments, one easy, the other the hardest part of the level, one short sides segment, Inverses","difficulty":0}}