[{"type":"block","tap":true,"angle":360,"time":0},{"type":"block","tap":true,"angle":112.5,"time":6},{"time":0.75,"angle":292.5,"type":"block"},{"time":1,"angle":281.25,"type":"block"},{"time":1.25,"angle":270,"type":"block"},{"time":2.25,"angle":135,"type":"block"},{"time":2.5,"angle":146.25,"type":"block"},{"time":2.75,"angle":157.5,"type":"block"},{"time":3.75,"angle":33.75,"type":"block"},{"time":4,"angle":45,"type":"block"},{"time":4.25,"angle":56.25,"type":"block"},{"time":5.75,"angle":123.75,"type":"block"},{"time":5.5,"angle":135,"type":"block"},{"type":"block","tap":true,"angle":33.75,"time":7},{"type":"block","tap":true,"angle":258.75,"time":8},{"type":"block","tap":true,"angle":45,"time":7},{"type":"block","tap":true,"angle":22.5,"time":7},{"type":"block","tap":true,"angle":270,"time":8},{"type":"block","tap":true,"angle":247.5,"time":8},{"time":9,"angle":202.5,"type":"block"},{"time":9.25,"angle":213.75,"type":"block"},{"time":9.5,"angle":225,"type":"block"},{"time":10.5,"angle":112.5,"type":"block"},{"time":10.75,"angle":123.75,"type":"block"},{"time":11,"angle":135,"type":"block"},{"time":12,"angle":33.75,"type":"block"},{"time":12.25,"angle":45,"type":"block"},{"startTap":true,"angle":56.25,"duration":1.25,"time":12.5,"angle2":112.5,"type":"hold"},{"startTap":true,"angle":135,"duration":0.75,"time":14,"angle2":101.25,"type":"hold"},{"startTap":true,"angle":78.75,"duration":0.75,"time":15,"angle2":112.5,"type":"hold"},{"type":"block","tap":true,"angle":168.75,"time":16},{"type":"block","tap":true,"angle":180,"time":16},{"type":"block","tap":true,"angle":157.5,"time":16},{"time":16.5,"angle":202.5,"type":"block"},{"time":16.75,"angle":225,"type":"block"},{"time":17,"angle":247.5,"type":"block"},{"type":"block","tap":true,"angle":270,"time":17.5},{"type":"block","tap":true,"angle":281.25,"time":17.5},{"type":"block","tap":true,"angle":292.5,"time":17.5},{"time":18,"angle":315,"type":"block"},{"time":18.25,"angle":292.5,"type":"block"},{"time":18.5,"angle":270,"type":"block"},{"type":"block","tap":true,"angle":225,"time":19},{"type":"block","tap":true,"angle":236.25,"time":19},{"type":"block","tap":true,"angle":247.5,"time":19},{"time":19.5,"angle":202.5,"type":"block"},{"time":20,"angle":247.5,"type":"block"},{"time":19.75,"angle":225,"type":"block"},{"type":"block","tap":true,"angle":270,"time":20.5},{"type":"block","tap":true,"angle":281.25,"time":20.5},{"type":"block","tap":true,"angle":292.5,"time":20.5},{"time":21,"angle":315,"type":"block"},{"time":21.25,"angle":292.5,"type":"block"},{"time":21.5,"angle":270,"type":"block"},{"startTap":true,"angle":247.5,"duration":0.75,"time":22,"angle2":270,"type":"hold"},{"startTap":true,"angle":292.5,"duration":0.75,"time":23,"angle2":270,"type":"hold"},{"type":"block","tap":true,"angle":247.5,"time":24},{"type":"block","tap":true,"angle":236.25,"time":24},{"type":"block","tap":true,"angle":225,"time":24},{"type":"hold","angle2":123.75,"time":24.5,"angle":112.5,"duration":0.25},{"time":25,"angle":135,"type":"block"},{"startTap":true,"angle":33.75,"duration":0.25,"time":25.5,"angle2":45,"type":"hold"},{"type":"hold","angle2":382.5,"time":26,"angle":393.75,"duration":0.25},{"type":"hold","angle2":45,"time":26.5,"angle":33.75,"duration":0.25},{"type":"block","tap":true,"angle":11.25,"time":27},{"type":"block","tap":true,"angle":360,"time":27},{"type":"block","tap":true,"angle":22.5,"time":27},{"time":27.5,"angle":337.5,"type":"block"},{"time":27.75,"angle":315,"type":"block"},{"type":"hold","angle2":270,"time":28,"angle":292.5,"duration":0.25},{"startTap":true,"angle":247.5,"duration":1,"time":28.5,"angle2":292.5,"type":"hold"},{"startTap":true,"angle":337.5,"duration":0.75,"time":30,"angle2":303.75,"type":"hold"},{"startTap":true,"angle":281.25,"duration":0.75,"time":31,"angle2":303.75,"type":"hold"},{"type":"block","tap":true,"angle":326.25,"time":32},{"type":"block","tap":true,"angle":348.75,"time":32.25},{"type":"block","tap":true,"angle":11.25,"time":32.5},{"type":"block","tap":true,"angle":33.75,"time":32.75},{"type":"block","tap":true,"angle":56.25,"time":33},{"type":"block","tap":true,"angle":78.75,"time":33.25},{"type":"block","tap":true,"angle":67.5,"time":33.5},{"type":"block","tap":true,"angle":56.25,"time":33.75},{"type":"block","tap":true,"angle":45,"time":34},{"type":"block","tap":true,"angle":33.75,"time":34.25},{"type":"block","tap":true,"angle":22.5,"time":34.5},{"type":"block","tap":true,"angle":11.25,"time":34.75},{"startTap":true,"time":35,"angle":360,"duration":0.25,"angle2":337.5,"type":"hold"},{"type":"hold","angle2":360,"time":35.25,"angle":337.5,"duration":0.25},{"type":"hold","angle2":-22.5,"time":35.5,"angle":0,"duration":0.25},{"type":"hold","angle2":360,"time":35.75,"angle":337.5,"duration":0.25},{"type":"hold","angle2":337.5,"time":36,"angle":360,"duration":0.25},{"startTap":true,"time":36.5,"angle":303.75,"duration":0.25,"angle2":315,"type":"hold"},{"type":"hold","angle2":326.25,"time":37,"angle":337.5,"duration":0.25},{"type":"hold","angle2":315,"time":37.5,"angle":303.75,"duration":0.25},{"type":"block","tap":true,"angle":168.75,"time":42.75},{"type":"block","tap":true,"angle":157.5,"time":43},{"type":"block","tap":true,"angle":146.25,"time":43.25},{"type":"block","tap":true,"angle":135,"time":43.5},{"type":"block","tap":true,"angle":123.75,"time":43.75},{"startTap":true,"angle":337.5,"duration":0.5,"time":38,"angle2":382.5,"type":"hold"},{"startTap":true,"angle":45,"duration":0.75,"time":39,"angle2":-56.25,"type":"hold"},{"type":"block","tap":true,"angle":236.25,"time":40},{"type":"block","tap":true,"angle":202.5,"time":40.25},{"type":"block","tap":true,"angle":168.75,"time":40.5},{"type":"block","tap":true,"angle":135,"time":40.75},{"type":"block","tap":true,"angle":101.25,"time":41},{"type":"block","tap":true,"angle":67.5,"time":41.25},{"type":"block","tap":true,"angle":90,"time":41.5},{"type":"block","tap":true,"angle":112.5,"time":41.75},{"type":"block","tap":true,"angle":135,"time":42},{"type":"block","tap":true,"angle":157.5,"time":42.25},{"type":"block","tap":true,"angle":180,"time":42.5},{"type":"block","tap":true,"angle":112.5,"time":44},{"type":"block","tap":true,"angle":101.25,"time":44.25},{"startTap":true,"angle":90,"duration":1,"time":44.5,"angle2":135,"type":"hold"},{"startTap":true,"angle":112.5,"duration":0.75,"time":45.75,"angle2":146.25,"type":"hold"},{"startTap":true,"angle":123.75,"duration":0.75,"time":46.75,"angle2":157.5,"type":"hold"},{"type":"block","tap":true,"angle":180,"time":48},{"type":"block","tap":true,"angle":191.25,"time":48.25},{"type":"block","tap":true,"angle":202.5,"time":48.5},{"type":"block","tap":true,"angle":213.75,"time":48.75},{"type":"block","tap":true,"angle":225,"time":49},{"type":"block","tap":true,"angle":247.5,"time":49.25},{"type":"block","tap":true,"angle":225,"time":49.5},{"type":"block","tap":true,"angle":202.5,"time":49.75},{"type":"block","tap":true,"angle":180,"time":50},{"type":"block","tap":true,"angle":157.5,"time":50.25},{"type":"block","tap":true,"angle":135,"time":50.5},{"type":"block","tap":true,"angle":67.5,"time":50.75},{"type":"block","tap":true,"angle":90,"time":51},{"type":"block","tap":true,"angle":112.5,"time":51.25},{"type":"block","tap":true,"angle":135,"time":51.5},{"type":"block","tap":true,"angle":157.5,"time":51.75},{"type":"block","tap":true,"angle":180,"time":52},{"startTap":true,"angle":202.5,"duration":1.25,"time":52.25,"angle2":270,"type":"hold"},{"type":"block","tap":true,"angle":292.5,"time":53.75},{"type":"block","tap":true,"angle":281.25,"time":54},{"type":"block","tap":true,"angle":270,"time":54.25},{"type":"block","tap":true,"angle":258.75,"time":54.5},{"type":"block","tap":true,"angle":236.25,"time":54.75},{"type":"block","tap":true,"angle":258.75,"time":55},{"type":"block","tap":true,"angle":281.25,"time":55.25},{"type":"block","tap":true,"angle":303.75,"time":55.5},{"type":"block","tap":true,"angle":337.5,"time":58.75},{"type":"block","tap":true,"angle":315,"time":59},{"type":"block","tap":true,"angle":292.5,"time":59.25},{"type":"block","tap":true,"angle":270,"time":59.5},{"type":"block","tap":true,"angle":236.25,"time":59.75},{"type":"block","tap":true,"angle":270,"time":60},{"type":"block","tap":true,"angle":303.75,"time":60.25},{"type":"block","tap":true,"angle":337.5,"time":60.5},{"type":"block","tap":true,"angle":360,"time":60.75},{"type":"block","tap":true,"angle":22.5,"time":61},{"type":"block","tap":true,"angle":45,"time":61.25},{"type":"block","tap":true,"angle":67.5,"time":61.5},{"type":"block","tap":true,"angle":90,"time":61.75},{"type":"block","tap":true,"angle":112.5,"time":62},{"type":"block","tap":true,"angle":135,"time":62.25},{"type":"block","tap":true,"angle":157.5,"time":62.5},{"type":"block","tap":true,"angle":146.25,"time":62.75},{"type":"block","tap":true,"angle":135,"time":63},{"type":"block","tap":true,"angle":123.75,"time":63.25},{"type":"hold","angle2":90,"time":44.75,"angle":123.75,"duration":0.25},{"type":"hold","angle2":101.25,"time":45,"angle":135,"duration":0.25},{"type":"hold","angle2":112.5,"time":46,"angle":146.25,"duration":0.25},{"type":"hold","angle2":123.75,"time":47,"angle":157.5,"duration":0.25},{"type":"hold","angle2":-11.25,"time":38.25,"angle":11.25,"duration":0},{"type":"hold","angle2":360,"time":39.25,"angle":348.75,"duration":0.25},{"type":"hold","angle2":22.5,"time":39,"angle":11.25,"duration":0.25},{"type":"hold","angle2":337.5,"time":39.5,"angle":326.25,"duration":0.25},{"startTap":true,"angle":326.25,"duration":0.25,"time":55.75,"angle2":326.25,"type":"hold"},{"type":"hold","angle2":315,"time":56.25,"angle":315,"duration":0.25},{"type":"hold","angle2":303.75,"time":56.75,"angle":303.75,"duration":0.25},{"startTap":true,"angle":326.25,"duration":0.25,"time":57.25,"angle2":326.25,"type":"hold"},{"type":"hold","angle2":315,"time":57.75,"angle":315,"duration":0.25},{"type":"hold","angle2":326.25,"time":58.25,"angle":326.25,"duration":0.25},{"type":"block","tap":true,"angle":112.5,"time":63.5},{"type":"block","tap":true,"angle":101.25,"time":63.75},{"type":"block","tap":true,"angle":56.25,"time":64},{"type":"block","tap":true,"angle":45,"time":64},{"type":"block","tap":true,"angle":33.75,"time":64},{"type":"block","tap":true,"angle":168.75,"time":65},{"type":"block","tap":true,"angle":157.5,"time":65},{"type":"block","tap":true,"angle":146.25,"time":65},{"type":"block","tap":true,"angle":427.5,"time":66},{"type":"block","tap":true,"angle":450,"time":66},{"type":"block","tap":true,"angle":-101.25,"time":67},{"type":"block","tap":true,"angle":-112.5,"time":67},{"type":"block","tap":true,"angle":-123.75,"time":67},{"type":"block","tap":true,"angle":382.5,"time":68},{"type":"block","tap":true,"angle":393.75,"time":68},{"type":"block","tap":true,"angle":405,"time":68},{"type":"block","tap":true,"angle":438.75,"time":66},{"type":"block","tap":true,"angle":112.5,"time":69.5},{"type":"block","tap":true,"angle":123.75,"time":69.5},{"type":"block","tap":true,"angle":135,"time":69.5},{"type":"block","tap":true,"angle":135,"time":70.5},{"type":"block","tap":true,"angle":123.75,"time":70.5},{"type":"block","tap":true,"angle":112.5,"time":70.5},{"type":"block","tap":true,"angle":337.5,"time":71.5},{"type":"block","tap":true,"angle":101.25,"time":72.5},{"type":"block","tap":true,"angle":45,"time":73.5},{"type":"block","tap":true,"angle":123.75,"time":74.5},{"type":"block","tap":true,"angle":11.25,"time":75.5},{"type":"block","tap":true,"angle":348.75,"time":71.5},{"type":"block","tap":true,"angle":326.25,"time":71.5},{"type":"block","tap":true,"angle":112.5,"time":72.5},{"type":"block","tap":true,"angle":90,"time":72.5},{"type":"block","tap":true,"angle":33.75,"time":73.5},{"type":"block","tap":true,"angle":22.5,"time":73.5},{"type":"block","tap":true,"angle":135,"time":74.5},{"type":"block","tap":true,"angle":112.5,"time":74.5},{"type":"block","tap":true,"angle":22.5,"time":75.5},{"type":"block","tap":true,"angle":360,"time":75.5},{"type":"block","tap":true,"angle":67.5,"time":79},{"type":"block","tap":true,"angle":90,"time":79.5},{"type":"block","tap":true,"angle":112.5,"time":80},{"type":"block","tap":true,"angle":78.75,"time":79.25},{"type":"block","tap":true,"angle":101.25,"time":79.75},{"type":"block","tap":true,"angle":90,"time":76.5},{"type":"block","tap":true,"angle":247.5,"time":78.5},{"type":"block","tap":true,"angle":78.75,"time":76.5},{"type":"block","tap":true,"angle":101.25,"time":76.5},{"type":"block","tap":true,"angle":22.5,"time":77.5},{"type":"block","tap":true,"angle":33.75,"time":77.5},{"type":"block","tap":true,"angle":11.25,"time":77.5},{"type":"block","tap":true,"angle":236.25,"time":78.5},{"type":"block","tap":true,"angle":258.75,"time":78.5},{"type":"block","tap":true,"angle":292.5,"time":80.5},{"type":"block","tap":true,"angle":157.5,"time":81},{"type":"block","tap":true,"angle":337.5,"time":81.5},{"type":"block","tap":true,"angle":202.5,"time":82},{"type":"block","tap":true,"angle":22.5,"time":82.5},{"type":"block","tap":true,"angle":247.5,"time":83},{"type":"block","tap":true,"angle":67.5,"time":83.5},{"type":"block","tap":true,"angle":292.5,"time":84},{"type":"block","tap":true,"angle":112.5,"time":84.5},{"type":"block","tap":true,"angle":337.5,"time":85},{"type":"block","tap":true,"angle":157.5,"time":85.5},{"type":"block","tap":true,"angle":22.5,"time":86},{"type":"block","tap":true,"angle":112.5,"time":86.5},{"type":"block","tap":true,"angle":292.5,"time":87},{"type":"block","tap":true,"angle":67.5,"time":87.5},{"type":"block","tap":true,"angle":247.5,"time":88},{"type":"block","tap":true,"angle":270,"time":88.25},{"type":"block","tap":true,"angle":292.5,"time":88.5},{"type":"block","tap":true,"angle":315,"time":88.75},{"type":"block","tap":true,"angle":337.5,"time":89},{"type":"block","tap":true,"angle":33.75,"time":89.5},{"type":"block","tap":true,"angle":123.75,"time":90},{"type":"block","tap":true,"angle":101.25,"time":90.25},{"type":"block","tap":true,"angle":78.75,"time":90.5},{"type":"block","tap":true,"angle":56.25,"time":90.75},{"type":"block","tap":true,"angle":33.75,"time":91},{"type":"block","tap":true,"angle":180,"time":92.5},{"type":"block","tap":true,"angle":157.5,"time":92.75},{"type":"block","tap":true,"angle":135,"time":93},{"type":"block","tap":true,"angle":303.75,"time":92},{"type":"block","tap":true,"angle":33.75,"time":93.5},{"type":"block","tap":true,"angle":45,"time":93.5},{"type":"block","tap":true,"angle":22.5,"time":93.5},{"type":"block","tap":true,"angle":315,"time":92},{"type":"block","tap":true,"angle":292.5,"time":92},{"type":"block","tap":true,"angle":112.5,"time":94},{"type":"block","tap":true,"angle":112.5,"time":94.25},{"type":"block","tap":true,"angle":112.5,"time":94.5},{"type":"block","tap":true,"angle":112.5,"time":94.75},{"type":"block","tap":true,"angle":135,"time":94.75},{"type":"block","tap":true,"angle":135,"time":95},{"type":"block","tap":true,"angle":135,"time":95.25},{"type":"block","tap":true,"angle":135,"time":95.5},{"type":"block","tap":true,"angle":157.5,"time":95.75},{"type":"block","tap":true,"angle":135,"time":96},{"type":"block","tap":true,"angle":112.5,"time":96.25},{"type":"block","tap":true,"angle":90,"time":96.5},{"type":"block","tap":true,"angle":67.5,"time":96.75},{"type":"block","tap":true,"angle":45,"time":97},{"type":"block","tap":true,"angle":56.25,"time":97.25},{"type":"block","tap":true,"angle":67.5,"time":97.5},{"type":"block","tap":true,"angle":78.75,"time":97.75},{"type":"block","tap":true,"angle":90,"time":98},{"type":"block","tap":true,"angle":101.25,"time":98.25},{"type":"block","tap":true,"angle":112.5,"time":98.5},{"type":"block","tap":true,"angle":101.25,"time":91.5},{"type":"block","tap":true,"angle":112.5,"time":91.5},{"type":"block","tap":true,"angle":123.75,"time":91.5},{"startTap":true,"angle":146.25,"duration":0.25,"time":99,"angle2":135,"type":"hold"},{"startTap":true,"angle":112.5,"duration":0.25,"time":99.5,"angle2":123.75,"type":"hold"},{"type":"block","tap":true,"angle":135,"time":100},{"type":"block","tap":true,"angle":146.25,"time":100.25},{"type":"block","tap":true,"angle":157.5,"time":100.5},{"type":"block","tap":true,"angle":168.75,"time":100.75},{"type":"block","tap":true,"angle":180,"time":101},{"type":"block","tap":true,"angle":191.25,"time":101.25},{"type":"block","tap":true,"angle":168.75,"time":101.5},{"type":"block","tap":true,"angle":146.25,"time":101.75},{"type":"block","tap":true,"angle":123.75,"time":102},{"type":"block","tap":true,"angle":101.25,"time":102.25},{"type":"block","tap":true,"angle":78.75,"time":102.5},{"type":"block","tap":true,"angle":11.25,"time":102.75},{"type":"block","tap":true,"angle":33.75,"time":103},{"type":"block","tap":true,"angle":56.25,"time":103.25},{"type":"block","tap":true,"angle":78.75,"time":103.5},{"type":"block","tap":true,"angle":123.75,"time":104},{"type":"block","tap":true,"angle":101.25,"time":104.25},{"type":"block","tap":true,"angle":101.25,"time":103.75},{"type":"block","tap":true,"angle":123.75,"time":98.75},{"startTap":true,"angle":146.25,"duration":1.25,"time":105.5,"angle2":90,"type":"hold"},{"type":"block","tap":true,"angle":56.25,"time":104.5},{"type":"block","tap":true,"angle":78.75,"time":104.75},{"type":"block","tap":true,"angle":101.25,"time":105},{"type":"block","tap":true,"angle":123.75,"time":105.25},{"startTap":true,"angle":56.25,"duration":0.75,"time":107,"angle2":90,"type":"hold"},{"type":"hold","angle2":90,"time":107.25,"angle":56.25,"duration":0.25},{"type":"hold","angle2":112.5,"time":105.75,"angle":146.25,"duration":0.25},{"type":"hold","angle2":90,"time":106.25,"angle":123.75,"duration":0.25},{"type":"hold","angle2":123.75,"time":106,"angle":112.5,"duration":0.25},{"type":"block","tap":true,"angle":56.25,"time":109.25},{"type":"block","tap":true,"angle":45,"time":109.5},{"type":"block","tap":true,"angle":33.75,"time":109.75},{"type":"block","tap":true,"angle":67.5,"time":109},{"type":"block","tap":true,"angle":45,"time":110.25},{"type":"block","tap":true,"angle":67.5,"time":110.5},{"type":"block","tap":true,"angle":112.5,"time":108},{"type":"block","tap":true,"angle":101.25,"time":108.25},{"type":"block","tap":true,"angle":90,"time":108.5},{"type":"block","tap":true,"angle":78.75,"time":108.75},{"type":"block","tap":true,"angle":90,"time":110.75},{"type":"block","tap":true,"angle":22.5,"time":110},{"type":"block","tap":true,"angle":56.25,"time":111},{"type":"block","tap":true,"angle":22.5,"time":111.25},{"type":"block","tap":true,"angle":348.75,"time":111.5},{"type":"block","tap":true,"angle":315,"time":111.75},{"startTap":true,"type":"hold","angle":281.25,"time":112,"holdEase":"outSine","angle2":472.5,"duration":2.75},{"startTap":true,"angle":135,"duration":0.75,"time":115,"angle2":67.5,"type":"hold"},{"startTap":true,"type":"hold","angle":45,"time":116,"holdEase":"outSine","angle2":168.75,"duration":1.75},{"startTap":true,"type":"hold","angle":191.25,"time":118,"holdEase":"outSine","angle2":101.25,"duration":1.75},{"type":"block","tap":true,"angle":123.75,"time":120},{"type":"block","tap":true,"angle":101.25,"time":120.25},{"type":"block","tap":true,"angle":78.75,"time":120.5},{"type":"block","tap":true,"angle":56.25,"time":120.75},{"type":"block","tap":true,"angle":33.75,"time":121},{"type":"block","tap":true,"angle":11.25,"time":121.25},{"type":"block","tap":true,"angle":348.75,"time":121.5},{"type":"block","tap":true,"angle":326.25,"time":121.75},{"type":"block","tap":true,"angle":33.75,"time":122},{"type":"block","tap":true,"angle":11.25,"time":122.25},{"type":"block","tap":true,"angle":348.75,"time":122.5},{"type":"block","tap":true,"angle":326.25,"time":122.75},{"type":"block","tap":true,"angle":303.75,"time":123},{"type":"block","tap":true,"angle":281.25,"time":123.25},{"type":"block","tap":true,"angle":258.75,"time":123.5},{"startTap":true,"angle":236.25,"duration":0.75,"time":124,"angle2":270,"type":"hold"},{"startTap":true,"angle":292.5,"duration":0.75,"time":125,"angle2":258.75,"type":"hold"},{"startTap":true,"angle":236.25,"duration":0.75,"time":126,"angle2":270,"type":"hold"},{"startTap":true,"angle":292.5,"duration":0.75,"time":127,"angle2":258.75,"type":"hold"},{"type":"block","tap":true,"angle":213.75,"time":128},{"type":"block","tap":true,"angle":191.25,"time":128.25},{"type":"block","tap":true,"angle":168.75,"time":128.5},{"type":"block","tap":true,"angle":146.25,"time":128.75},{"type":"block","tap":true,"angle":123.75,"time":129},{"type":"block","tap":true,"angle":101.25,"time":129.25},{"type":"block","tap":true,"angle":112.5,"time":129.5},{"type":"block","tap":true,"angle":123.75,"time":129.75},{"type":"block","tap":true,"angle":135,"time":130},{"type":"block","tap":true,"angle":146.25,"time":130.25},{"type":"block","tap":true,"angle":157.5,"time":130.5},{"type":"block","tap":true,"angle":168.75,"time":130.75},{"type":"block","tap":true,"angle":180,"time":131},{"type":"block","tap":true,"angle":157.5,"time":131.25},{"type":"block","tap":true,"angle":135,"time":131.5},{"type":"block","tap":true,"angle":112.5,"time":131.75},{"type":"block","tap":true,"angle":135,"time":132},{"type":"block","tap":true,"angle":101.25,"time":132.25},{"type":"block","tap":true,"angle":67.5,"time":132.5},{"type":"block","tap":true,"angle":33.75,"time":132.75},{"type":"block","tap":true,"angle":0,"time":133},{"type":"block","tap":true,"angle":326.25,"time":133.25},{"type":"block","tap":true,"angle":337.5,"time":133.5},{"type":"block","tap":true,"angle":348.75,"time":133.75},{"type":"block","tap":true,"angle":360,"time":134},{"type":"block","tap":true,"angle":11.25,"time":134.25},{"type":"block","tap":true,"angle":22.5,"time":134.5},{"type":"block","tap":true,"angle":33.75,"time":134.75},{"type":"block","tap":true,"angle":11.25,"time":135.5},{"type":"block","tap":true,"angle":348.75,"time":135.75},{"type":"block","tap":true,"angle":326.25,"time":136},{"type":"block","tap":true,"angle":360,"time":136.25},{"type":"block","tap":true,"angle":33.75,"time":136.5},{"type":"block","tap":true,"angle":67.5,"time":136.75},{"type":"block","tap":true,"angle":101.25,"time":137},{"type":"block","tap":true,"angle":135,"time":137.25},{"type":"block","tap":true,"angle":168.75,"time":137.5},{"type":"block","tap":true,"angle":45,"time":135},{"type":"block","tap":true,"angle":33.75,"time":135.25},{"type":"block","tap":true,"angle":146.25,"time":137.75},{"type":"block","tap":true,"angle":123.75,"time":138},{"type":"block","tap":true,"angle":101.25,"time":138.25},{"type":"block","tap":true,"angle":78.75,"time":138.5},{"type":"block","tap":true,"angle":56.25,"time":138.75},{"type":"block","tap":true,"angle":33.75,"time":139},{"type":"block","tap":true,"angle":56.25,"time":139.25},{"type":"block","tap":true,"angle":78.75,"time":139.5},{"type":"block","tap":true,"angle":101.25,"time":139.75},{"type":"block","tap":true,"angle":123.75,"time":140},{"type":"block","tap":true,"angle":101.25,"time":140.25},{"type":"block","tap":true,"angle":78.75,"time":140.5},{"type":"block","tap":true,"angle":33.75,"time":141},{"type":"block","tap":true,"angle":56.25,"time":140.75},{"type":"block","tap":true,"angle":22.5,"time":141.25},{"type":"block","tap":true,"angle":33.75,"time":141.5},{"type":"block","tap":true,"angle":45,"time":141.75},{"type":"block","tap":true,"angle":45,"time":148.25},{"type":"block","tap":true,"angle":56.25,"time":148.5},{"startTap":true,"angle":56.25,"duration":0.75,"time":142,"angle2":22.5,"type":"hold"},{"startTap":true,"angle":56.25,"duration":0.75,"time":143,"angle2":78.75,"type":"hold"},{"startTap":true,"type":"hold","angle":56.25,"time":144,"holdEase":"outSine","angle2":-78.75,"duration":1.25},{"startTap":true,"type":"hold","angle":258.75,"time":145.5,"holdEase":"inSine","angle2":393.75,"duration":1.25},{"startTap":true,"type":"hold","angle":56.25,"time":147,"holdEase":"inOutSine","angle2":22.5,"duration":0.75},{"type":"block","tap":true,"angle":45,"time":148.75},{"type":"block","tap":true,"angle":33.75,"time":149},{"type":"block","tap":true,"angle":45,"time":149.25},{"type":"block","tap":true,"angle":56.25,"time":149.5},{"type":"block","tap":true,"angle":45,"time":149.75},{"type":"block","tap":true,"angle":33.75,"time":150},{"type":"block","tap":true,"angle":45,"time":150.25},{"type":"block","tap":true,"angle":56.25,"time":150.5},{"type":"block","tap":true,"angle":67.5,"time":150.75},{"type":"block","tap":true,"angle":78.75,"time":151},{"type":"block","tap":true,"angle":90,"time":151.25},{"type":"block","tap":true,"angle":101.25,"time":151.5},{"type":"block","tap":true,"angle":112.5,"time":151.75},{"type":"block","tap":true,"angle":135,"time":152},{"type":"block","tap":true,"angle":112.5,"time":152.25},{"type":"block","tap":true,"angle":90,"time":152.5},{"type":"block","tap":true,"angle":67.5,"time":152.75},{"type":"block","tap":true,"angle":45,"time":153},{"type":"block","tap":true,"angle":22.5,"time":153.25},{"type":"block","tap":true,"angle":360,"time":153.5},{"type":"block","tap":true,"angle":33.75,"time":153.75},{"type":"block","tap":true,"angle":67.5,"time":154},{"type":"block","tap":true,"angle":101.25,"time":154.25},{"type":"block","tap":true,"angle":135,"time":154.5},{"type":"block","tap":true,"angle":168.75,"time":154.75},{"type":"block","tap":true,"angle":202.5,"time":155},{"type":"block","tap":true,"angle":180,"time":155.25},{"type":"block","tap":true,"angle":157.5,"time":155.5},{"type":"block","tap":true,"angle":135,"time":155.75},{"type":"block","tap":true,"angle":112.5,"time":156},{"type":"block","tap":true,"angle":33.75,"time":148},{"type":"block","tap":true,"angle":157.5,"time":156.25},{"type":"block","tap":true,"angle":135,"time":156.5},{"type":"block","tap":true,"angle":112.5,"time":156.75},{"type":"block","tap":true,"angle":90,"time":157},{"type":"block","tap":true,"angle":67.5,"time":157.25},{"type":"block","tap":true,"angle":45,"time":157.5},{"type":"block","tap":true,"angle":22.5,"time":157.75},{"type":"block","tap":true,"angle":360,"time":158},{"type":"block","tap":true,"angle":337.5,"time":158.25},{"type":"block","tap":true,"angle":315,"time":158.5},{"type":"block","tap":true,"angle":292.5,"time":158.75},{"type":"block","tap":true,"angle":270,"time":159},{"type":"block","tap":true,"angle":247.5,"time":159.25},{"type":"block","tap":true,"angle":225,"time":159.5},{"type":"block","tap":true,"angle":202.5,"time":159.75},{"type":"block","tap":true,"angle":180,"time":160},{"type":"block","tap":true,"angle":236.25,"time":160.25},{"type":"block","tap":true,"angle":281.25,"time":160.5},{"type":"block","tap":true,"angle":326.25,"time":160.75},{"type":"block","tap":true,"angle":11.25,"time":161},{"type":"block","tap":true,"angle":56.25,"time":161.25},{"type":"block","tap":true,"angle":101.25,"time":161.5},{"type":"block","tap":true,"angle":67.5,"time":161.75},{"type":"block","tap":true,"angle":33.75,"time":162},{"type":"block","tap":true,"angle":0,"time":162.25},{"type":"block","tap":true,"angle":326.25,"time":162.5},{"type":"block","tap":true,"angle":292.5,"time":162.75},{"type":"block","tap":true,"angle":258.75,"time":163},{"type":"block","tap":true,"angle":303.75,"time":163.25},{"type":"block","tap":true,"angle":348.75,"time":163.5},{"type":"block","tap":true,"angle":33.75,"time":163.75},{"startTap":true,"type":"hold","angle":78.75,"time":164,"holdEase":"inQuad","angle2":45,"duration":0.25},{"startTap":true,"type":"hold","angle":22.5,"time":164.5,"holdEase":"inQuad","angle2":56.25,"duration":0.25},{"startTap":true,"type":"hold","angle":78.75,"time":165,"holdEase":"inQuad","angle2":45,"duration":0.25},{"startTap":true,"angle":22.5,"duration":1.25,"time":165.5,"angle2":135,"type":"hold"},{"startTap":true,"angle":157.5,"duration":0.75,"time":167,"angle2":22.5,"type":"hold"},{"type":"block","tap":true,"angle":0,"time":168},{"type":"block","tap":true,"angle":337.5,"time":168.25},{"type":"block","tap":true,"angle":315,"time":168.5},{"type":"block","tap":true,"angle":292.5,"time":168.75},{"type":"block","tap":true,"angle":270,"time":169},{"type":"block","tap":true,"angle":247.5,"time":169.25},{"type":"block","tap":true,"angle":225,"time":169.5},{"type":"block","tap":true,"angle":236.25,"time":169.75},{"type":"block","tap":true,"angle":247.5,"time":170},{"type":"block","tap":true,"angle":258.75,"time":170.25},{"type":"block","tap":true,"angle":270,"time":170.5},{"type":"block","tap":true,"angle":281.25,"time":170.75},{"type":"block","tap":true,"angle":303.75,"time":171},{"type":"block","tap":true,"angle":281.25,"time":171.25},{"type":"block","tap":true,"angle":247.5,"time":171.5},{"type":"block","tap":true,"angle":213.75,"time":171.75},{"type":"block","tap":true,"angle":180,"time":172},{"type":"block","tap":true,"angle":202.5,"time":172.25},{"type":"block","tap":true,"angle":225,"time":172.5},{"type":"block","tap":true,"angle":247.5,"time":172.75},{"type":"block","tap":true,"angle":270,"time":173},{"type":"block","tap":true,"angle":292.5,"time":173.25},{"type":"block","tap":true,"angle":315,"time":173.5},{"type":"block","tap":true,"angle":337.5,"time":173.75},{"type":"block","tap":true,"angle":0,"time":174},{"type":"block","tap":true,"angle":326.25,"time":174.25},{"type":"block","tap":true,"angle":292.5,"time":174.5},{"type":"block","tap":true,"angle":258.75,"time":174.75},{"type":"block","tap":true,"angle":225,"time":175},{"type":"block","tap":true,"angle":191.25,"time":175.25},{"type":"block","tap":true,"angle":157.5,"time":175.5},{"type":"block","tap":true,"angle":123.75,"time":175.75},{"type":"block","tap":true,"angle":90,"time":176},{"type":"block","tap":true,"angle":123.75,"time":176.25},{"type":"block","tap":true,"angle":157.5,"time":176.5},{"type":"block","tap":true,"angle":191.25,"time":176.75},{"type":"block","tap":true,"angle":225,"time":177},{"type":"block","tap":true,"angle":258.75,"time":177.25},{"type":"block","tap":true,"angle":292.5,"time":177.5},{"type":"block","tap":true,"angle":270,"time":177.75},{"type":"block","tap":true,"angle":247.5,"time":178},{"type":"block","tap":true,"angle":225,"time":178.25},{"type":"block","tap":true,"angle":202.5,"time":178.5},{"type":"block","tap":true,"angle":180,"time":178.75},{"type":"block","tap":true,"angle":236.25,"time":179},{"type":"block","tap":true,"angle":292.5,"time":179.25},{"type":"block","tap":true,"angle":348.75,"time":179.5},{"type":"block","tap":true,"angle":45,"time":179.75},{"type":"block","tap":true,"angle":101.25,"time":180},{"type":"block","tap":true,"angle":33.75,"time":182},{"type":"block","tap":true,"angle":303.75,"time":182.5},{"type":"block","tap":true,"angle":78.75,"time":183},{"type":"block","tap":true,"angle":22.5,"time":182},{"type":"block","tap":true,"angle":45,"time":182},{"type":"block","tap":true,"angle":292.5,"time":182.5},{"type":"block","tap":true,"angle":281.25,"time":182.5},{"type":"block","tap":true,"angle":90,"time":183},{"type":"block","tap":true,"angle":101.25,"time":183},{"type":"block","tap":true,"angle":146.25,"time":183.5},{"type":"block","tap":true,"angle":157.5,"time":183.5},{"type":"block","tap":true,"angle":168.75,"time":183.5},{"type":"block","tap":true,"angle":236.25,"time":184},{"type":"block","tap":true,"angle":247.5,"time":184},{"type":"block","tap":true,"angle":258.75,"time":184},{"type":"block","tap":true,"angle":270,"time":220},{"type":"block","tap":true,"angle":247.5,"time":220.25},{"time":200,"angle":270,"type":"side"},{"time":204,"angle":225,"type":"side"},{"time":188,"angle":45,"type":"side"},{"time":192,"angle":0,"type":"side"},{"time":196,"angle":315,"type":"side"},{"time":208,"angle":180,"type":"side"},{"time":212,"angle":135,"type":"side"},{"time":216,"angle":90,"type":"side"},{"startTap":true,"angle":360,"duration":0.75,"time":219,"angle2":292.5,"type":"hold"},{"type":"block","tap":true,"angle":225,"time":220.5},{"type":"block","tap":true,"angle":202.5,"time":220.75},{"type":"block","tap":true,"angle":180,"time":221},{"type":"block","tap":true,"angle":157.5,"time":221.25},{"type":"block","tap":true,"angle":135,"time":221.5},{"type":"block","tap":true,"angle":146.25,"time":221.75},{"type":"block","tap":true,"angle":157.5,"time":222},{"type":"block","tap":true,"angle":168.75,"time":222.25},{"type":"block","tap":true,"angle":180,"time":222.5},{"type":"block","tap":true,"angle":191.25,"time":222.75},{"type":"block","tap":true,"angle":202.5,"time":223},{"type":"block","tap":true,"angle":180,"time":223.25},{"type":"block","tap":true,"angle":157.5,"time":223.5},{"type":"block","tap":true,"angle":135,"time":223.75},{"type":"block","tap":true,"angle":180,"time":224},{"type":"block","tap":true,"angle":157.5,"time":224.25},{"type":"block","tap":true,"angle":135,"time":224.5},{"type":"block","tap":true,"angle":112.5,"time":224.75},{"type":"block","tap":true,"angle":90,"time":225},{"type":"block","tap":true,"angle":67.5,"time":225.25},{"type":"block","tap":true,"angle":45,"time":225.5},{"type":"block","tap":true,"angle":56.25,"time":225.75},{"type":"block","tap":true,"angle":67.5,"time":226},{"type":"block","tap":true,"angle":78.75,"time":226.25},{"type":"block","tap":true,"angle":90,"time":226.5},{"type":"block","tap":true,"angle":101.25,"time":226.75},{"type":"block","tap":true,"angle":67.5,"time":227},{"type":"block","tap":true,"angle":393.75,"time":227.25},{"type":"block","tap":true,"angle":360,"time":227.5},{"type":"block","tap":true,"angle":326.25,"time":227.75},{"type":"block","tap":true,"angle":292.5,"time":228},{"type":"block","tap":true,"angle":315,"time":228.25},{"type":"block","tap":true,"angle":337.5,"time":228.5},{"type":"block","tap":true,"angle":360,"time":228.75},{"type":"block","tap":true,"angle":382.5,"time":229},{"type":"block","tap":true,"angle":405,"time":229.25},{"type":"block","tap":true,"angle":67.5,"time":229.5},{"type":"block","tap":true,"angle":393.75,"time":229.75},{"type":"block","tap":true,"angle":360,"time":230},{"type":"block","tap":true,"angle":326.25,"time":230.25},{"type":"block","tap":true,"angle":292.5,"time":230.5},{"type":"block","tap":true,"angle":258.75,"time":230.75},{"type":"block","tap":true,"angle":270,"time":231},{"type":"block","tap":true,"angle":281.25,"time":231.25},{"type":"block","tap":true,"angle":292.5,"time":231.5},{"type":"block","tap":true,"angle":303.75,"time":231.75},{"type":"block","tap":true,"angle":270,"time":232},{"type":"block","tap":true,"angle":236.25,"time":232.25},{"type":"block","tap":true,"angle":202.5,"time":232.5},{"type":"block","tap":true,"angle":168.75,"time":232.75},{"type":"block","tap":true,"angle":135,"time":233},{"type":"block","tap":true,"angle":101.25,"time":233.25},{"type":"block","tap":true,"angle":135,"time":233.5},{"type":"block","tap":true,"angle":168.75,"time":233.75},{"type":"block","tap":true,"angle":202.5,"time":234},{"type":"block","tap":true,"angle":236.25,"time":234.25},{"type":"block","tap":true,"angle":270,"time":234.5},{"type":"block","tap":true,"angle":303.75,"time":234.75},{"type":"block","tap":true,"angle":281.25,"time":235},{"type":"block","tap":true,"angle":258.75,"time":235.25},{"type":"block","tap":true,"angle":236.25,"time":235.5},{"startTap":true,"time":236,"angle":191.25,"duration":0.25,"angle2":168.75,"type":"hold"},{"type":"hold","angle2":191.25,"time":236.25,"angle":168.75,"duration":0.25},{"type":"hold","angle2":-191.25,"time":236.5,"angle":-168.75,"duration":0.25},{"type":"hold","angle2":191.25,"time":236.75,"angle":168.75,"duration":0.25},{"type":"hold","angle2":168.75,"time":237,"angle":191.25,"duration":0.25},{"type":"block","tap":true,"angle":213.75,"time":235.75},{"startTap":true,"time":237.5,"angle":146.25,"duration":0.25,"angle2":157.5,"type":"hold"},{"type":"hold","angle2":168.75,"time":238,"angle":180,"duration":0.25},{"type":"hold","angle2":157.5,"time":238.5,"angle":146.25,"duration":0.25},{"startTap":true,"time":239,"angle":180,"duration":0.75,"angle2":236.25,"type":"hold"},{"type":"hold","angle2":-157.5,"time":239.25,"angle":-146.25,"duration":0.25},{"type":"block","tap":true,"angle":247.5,"time":240},{"type":"block","tap":true,"angle":225,"time":240.25},{"type":"block","tap":true,"angle":202.5,"time":240.5},{"type":"block","tap":true,"angle":180,"time":240.75},{"type":"block","tap":true,"angle":157.5,"time":241},{"type":"block","tap":true,"angle":135,"time":241.25},{"type":"block","tap":true,"angle":112.5,"time":241.5},{"type":"block","tap":true,"angle":146.25,"time":241.75},{"type":"block","tap":true,"angle":180,"time":242},{"type":"block","tap":true,"angle":213.75,"time":242.25},{"type":"block","tap":true,"angle":247.5,"time":242.5},{"type":"block","tap":true,"angle":281.25,"time":242.75},{"type":"block","tap":true,"angle":315,"time":243},{"type":"block","tap":true,"angle":281.25,"time":243.25},{"type":"block","tap":true,"angle":247.5,"time":243.5},{"type":"block","tap":true,"angle":213.75,"time":243.75},{"type":"block","tap":true,"angle":180,"time":244},{"type":"block","tap":true,"angle":225,"time":244.25},{"type":"block","tap":true,"angle":270,"time":244.5},{"type":"block","tap":true,"angle":315,"time":244.75},{"type":"block","tap":true,"angle":0,"time":245},{"type":"block","tap":true,"angle":45,"time":245.25},{"type":"block","tap":true,"angle":90,"time":245.5},{"type":"block","tap":true,"angle":67.5,"time":245.75},{"type":"block","tap":true,"angle":45,"time":246},{"type":"block","tap":true,"angle":22.5,"time":246.25},{"type":"block","tap":true,"angle":0,"time":246.5},{"type":"block","tap":true,"angle":337.5,"time":246.75},{"type":"block","tap":true,"angle":315,"time":247},{"type":"block","tap":true,"angle":337.5,"time":247.25},{"type":"block","tap":true,"angle":0,"time":247.5},{"type":"block","tap":true,"angle":22.5,"time":247.75},{"type":"block","tap":true,"angle":45,"time":248},{"type":"block","tap":true,"angle":67.5,"time":248.25},{"type":"block","tap":true,"angle":90,"time":248.5},{"type":"block","tap":true,"angle":56.25,"time":248.75},{"type":"block","tap":true,"angle":22.5,"time":249},{"type":"block","tap":true,"angle":348.75,"time":249.25},{"type":"block","tap":true,"angle":315,"time":249.5},{"type":"block","tap":true,"angle":281.25,"time":249.75},{"type":"block","tap":true,"angle":315,"time":250},{"type":"block","tap":true,"angle":348.75,"time":250.25},{"type":"block","tap":true,"angle":382.5,"time":250.5},{"type":"block","tap":true,"angle":416.25,"time":250.75},{"type":"block","tap":true,"angle":90,"time":251},{"type":"block","tap":true,"angle":123.75,"time":251.25},{"type":"block","tap":true,"angle":112.5,"time":251.5},{"type":"block","tap":true,"angle":101.25,"time":251.75},{"type":"block","tap":true,"angle":90,"time":252},{"startTap":true,"time":252.25,"angle":78.75,"duration":0.5,"angle2":146.25,"type":"hold"},{"type":"hold","angle2":90,"time":252.5,"angle":135,"duration":0},{"type":"hold","angle2":213.75,"time":252.75,"angle":146.25,"duration":0.5},{"type":"hold","angle2":157.5,"time":253,"angle":202.5,"duration":0},{"type":"hold","angle2":281.25,"time":253.25,"angle":213.75,"duration":0.5},{"type":"hold","angle2":348.75,"time":253.75,"angle":281.25,"duration":0.5},{"type":"hold","angle2":225,"time":253.5,"angle":270,"duration":0},{"type":"hold","angle2":292.5,"time":254,"angle":337.5,"duration":0},{"type":"block","tap":true,"angle":225,"time":256},{"type":"block","tap":true,"angle":191.25,"time":256.25},{"type":"block","tap":true,"angle":157.5,"time":256.5},{"type":"hold","angle2":416.25,"time":254.25,"angle":348.75,"duration":0.5},{"type":"hold","angle2":123.75,"time":254.75,"angle":56.25,"duration":0.5},{"type":"hold","angle2":191.25,"time":255.25,"angle":123.75,"duration":0.5},{"type":"hold","angle2":0,"time":254.5,"angle":45,"duration":0},{"type":"hold","angle2":67.5,"time":255,"angle":112.5,"duration":0},{"type":"hold","angle2":135,"time":255.5,"angle":180,"duration":0},{"type":"block","tap":true,"angle":123.75,"time":256.75},{"type":"block","tap":true,"angle":90,"time":257},{"type":"block","tap":true,"angle":56.25,"time":257.25},{"type":"block","tap":true,"angle":22.5,"time":257.5},{"type":"block","tap":true,"angle":56.25,"time":257.75},{"type":"block","tap":true,"angle":90,"time":258},{"type":"block","tap":true,"angle":123.75,"time":258.25},{"type":"block","tap":true,"angle":157.5,"time":258.5},{"type":"block","tap":true,"angle":191.25,"time":258.75},{"type":"block","tap":true,"angle":225,"time":259},{"type":"block","tap":true,"angle":213.75,"time":259.25},{"type":"block","tap":true,"angle":202.5,"time":259.5},{"type":"block","tap":true,"angle":191.25,"time":259.75},{"type":"block","tap":true,"angle":180,"time":260},{"type":"block","tap":true,"angle":225,"time":260.25},{"type":"block","tap":true,"angle":270,"time":260.5},{"type":"block","tap":true,"angle":315,"time":260.75},{"type":"block","tap":true,"angle":360,"time":261},{"type":"block","tap":true,"angle":45,"time":261.25},{"type":"block","tap":true,"angle":90,"time":261.5},{"type":"block","tap":true,"angle":56.25,"time":261.75},{"type":"block","tap":true,"angle":22.5,"time":262},{"type":"block","tap":true,"angle":348.75,"time":262.25},{"type":"block","tap":true,"angle":315,"time":262.5},{"type":"block","tap":true,"angle":281.25,"time":262.75},{"type":"block","tap":true,"angle":247.5,"time":263},{"type":"block","tap":true,"angle":258.75,"time":263.25},{"type":"block","tap":true,"angle":270,"time":263.5},{"type":"block","tap":true,"angle":281.25,"time":263.75},{"type":"block","tap":true,"angle":292.5,"time":264},{"type":"block","tap":true,"angle":258.75,"time":264.25},{"type":"block","tap":true,"angle":225,"time":264.5},{"type":"block","tap":true,"angle":191.25,"time":264.75},{"type":"block","tap":true,"angle":157.5,"time":265},{"type":"block","tap":true,"angle":123.75,"time":265.25},{"type":"block","tap":true,"angle":90,"time":265.5},{"type":"block","tap":true,"angle":56.25,"time":265.75},{"type":"block","tap":true,"angle":78.75,"time":266},{"type":"block","tap":true,"angle":101.25,"time":266.25},{"type":"block","tap":true,"angle":123.75,"time":266.5},{"type":"block","tap":true,"angle":146.25,"time":266.75},{"type":"block","tap":true,"angle":168.75,"time":267},{"type":"block","tap":true,"angle":146.25,"time":267.25},{"type":"block","tap":true,"angle":123.75,"time":267.5},{"type":"block","tap":true,"angle":101.25,"time":267.75},{"startTap":true,"type":"hold","angle":78.75,"time":268,"holdEase":"outSine","angle2":33.75,"duration":0.75},{"startTap":true,"type":"hold","angle":56.25,"duration":0.75,"time":269,"angle2":11.25,"holdEase":"outSine"},{"startTap":true,"type":"hold","angle":33.75,"time":270,"holdEase":"outSine","angle2":-11.25,"duration":0.75},{"type":"block","tap":true,"angle":326.25,"time":271},{"type":"block","tap":true,"angle":247.5,"time":271.5},{"type":"block","tap":true,"angle":191.25,"time":272},{"type":"block","tap":true,"angle":213.75,"time":272.25},{"type":"block","tap":true,"angle":236.25,"time":272.5},{"type":"block","tap":true,"angle":258.75,"time":272.75},{"type":"block","tap":true,"angle":281.25,"time":273},{"type":"block","tap":true,"angle":303.75,"time":273.25},{"type":"block","tap":true,"angle":326.25,"time":273.5},{"type":"block","tap":true,"angle":292.5,"time":273.75},{"type":"block","tap":true,"angle":258.75,"time":274},{"type":"block","tap":true,"angle":225,"time":274.25},{"type":"block","tap":true,"angle":191.25,"time":274.5},{"type":"block","tap":true,"angle":157.5,"time":274.75},{"type":"block","tap":true,"angle":123.75,"time":275},{"type":"block","tap":true,"angle":146.25,"time":275.25},{"type":"block","tap":true,"angle":168.75,"time":275.5},{"type":"block","tap":true,"angle":191.25,"time":275.75},{"type":"block","tap":true,"angle":213.75,"time":276},{"type":"block","tap":true,"angle":168.75,"time":276.25},{"type":"block","tap":true,"angle":123.75,"time":276.5},{"type":"block","tap":true,"angle":78.75,"time":276.75},{"type":"block","tap":true,"angle":33.75,"time":277},{"type":"block","tap":true,"angle":0,"time":277.25},{"type":"block","tap":true,"angle":326.25,"time":277.5},{"type":"block","tap":true,"angle":292.5,"time":277.75},{"type":"block","tap":true,"angle":258.75,"time":278},{"type":"block","tap":true,"angle":236.25,"time":278.25},{"type":"block","tap":true,"angle":213.75,"time":278.5},{"type":"block","tap":true,"angle":191.25,"time":278.75},{"type":"block","tap":true,"angle":168.75,"time":279},{"type":"block","tap":true,"angle":146.25,"time":279.25},{"type":"block","tap":true,"angle":157.5,"time":279.5},{"type":"block","tap":true,"angle":168.75,"time":279.75},{"type":"block","tap":true,"angle":180,"time":280},{"type":"block","tap":true,"angle":135,"time":280.25},{"type":"block","tap":true,"angle":90,"time":280.5},{"type":"block","tap":true,"angle":45,"time":280.75},{"type":"block","tap":true,"angle":0,"time":281},{"type":"block","tap":true,"angle":315,"time":281.25},{"type":"block","tap":true,"angle":270,"time":281.5},{"type":"block","tap":true,"angle":315,"time":281.75},{"type":"block","tap":true,"angle":360,"time":282},{"type":"block","tap":true,"angle":45,"time":282.25},{"type":"block","tap":true,"angle":90,"time":282.5},{"type":"block","tap":true,"angle":135,"time":282.75},{"type":"block","tap":true,"angle":180,"time":283},{"type":"block","tap":true,"angle":157.5,"time":283.25},{"type":"block","tap":true,"angle":135,"time":283.5},{"type":"block","tap":true,"angle":112.5,"time":283.75},{"type":"block","tap":true,"angle":90,"time":284},{"type":"block","tap":true,"angle":135,"time":284.25},{"type":"block","tap":true,"angle":180,"time":284.5},{"type":"block","tap":true,"angle":225,"time":284.75},{"type":"block","tap":true,"angle":270,"time":285},{"type":"block","tap":true,"angle":315,"time":285.25},{"type":"block","tap":true,"angle":360,"time":285.5},{"type":"block","tap":true,"angle":315,"time":285.75},{"type":"block","tap":true,"angle":270,"time":286},{"type":"block","tap":true,"angle":225,"time":286.25},{"type":"block","tap":true,"angle":180,"time":286.5},{"type":"block","tap":true,"angle":135,"time":286.75},{"type":"block","tap":true,"angle":90,"time":287},{"type":"block","tap":true,"angle":123.75,"time":287.25},{"type":"block","tap":true,"angle":157.5,"time":287.5},{"type":"block","tap":true,"angle":191.25,"time":287.75},{"type":"block","tap":true,"angle":225,"time":288},{"type":"block","tap":true,"angle":180,"time":288.25},{"type":"block","tap":true,"angle":135,"time":288.5},{"type":"block","tap":true,"angle":90,"time":288.75},{"type":"block","tap":true,"angle":45,"time":289},{"type":"block","tap":true,"angle":0,"time":289.25},{"type":"block","tap":true,"angle":315,"time":289.5},{"type":"block","tap":true,"angle":348.75,"time":289.75},{"type":"block","tap":true,"angle":22.5,"time":290},{"type":"block","tap":true,"angle":56.25,"time":290.25},{"type":"block","tap":true,"angle":90,"time":290.5},{"type":"block","tap":true,"angle":123.75,"time":290.75},{"type":"block","tap":true,"angle":157.5,"time":291},{"type":"block","tap":true,"angle":135,"time":291.25},{"type":"block","tap":true,"angle":112.5,"time":291.5},{"type":"block","tap":true,"angle":90,"time":291.75},{"type":"block","tap":true,"angle":67.5,"time":292},{"type":"block","tap":true,"angle":112.5,"time":292.25},{"type":"block","tap":true,"angle":157.5,"time":292.5},{"type":"block","tap":true,"angle":202.5,"time":292.75},{"type":"block","tap":true,"angle":247.5,"time":293},{"type":"block","tap":true,"angle":292.5,"time":293.25},{"type":"block","tap":true,"angle":258.75,"time":293.5},{"type":"block","tap":true,"angle":225,"time":293.75},{"type":"block","tap":true,"angle":191.25,"time":294},{"type":"block","tap":true,"angle":157.5,"time":294.25},{"type":"block","tap":true,"angle":123.75,"time":294.5},{"type":"block","tap":true,"angle":90,"time":294.75},{"type":"block","tap":true,"angle":56.25,"time":295},{"type":"block","tap":true,"angle":67.5,"time":295.25},{"type":"block","tap":true,"angle":78.75,"time":295.5},{"type":"block","tap":true,"angle":90,"time":295.75},{"startTap":true,"time":296,"angle":-258.75,"duration":0.5,"angle2":-326.25,"type":"hold"},{"type":"hold","angle2":-270,"time":296.25,"angle":-315,"duration":0},{"type":"hold","angle2":-393.75,"time":296.5,"angle":-326.25,"duration":0.5},{"type":"hold","angle2":-337.5,"time":296.75,"angle":-382.5,"duration":0},{"type":"hold","angle2":-461.25,"time":297,"angle":-393.75,"duration":0.5},{"type":"hold","angle2":-528.75,"time":297.5,"angle":-461.25,"duration":0.5},{"type":"hold","angle2":-405,"time":297.25,"angle":-450,"duration":0},{"type":"hold","angle2":-472.5,"time":297.75,"angle":-517.5,"duration":0},{"type":"hold","angle2":-596.25,"time":298,"angle":-528.75,"duration":0.5},{"type":"hold","angle2":-292.5,"time":298.5,"angle":-236.25,"duration":0.25},{"type":"hold","angle2":-180,"time":298.25,"angle":-225,"duration":0},{"type":"hold","angle2":-247.5,"time":298.75,"angle":-292.5,"duration":0},{"type":"block","tap":true,"angle":33.75,"time":299},{"type":"block","tap":true,"angle":326.25,"time":299.5},{"type":"block","tap":true,"angle":33.75,"time":300},{"type":"block","tap":true,"angle":67.5,"time":300.25},{"type":"block","tap":true,"angle":112.5,"time":300.5},{"type":"block","tap":true,"angle":0,"time":299.25},{"type":"block","tap":true,"angle":0,"time":299.75},{"type":"block","tap":true,"angle":146.25,"time":300.75},{"type":"block","tap":true,"angle":180,"time":301},{"type":"block","tap":true,"angle":213.75,"time":301.25},{"type":"block","tap":true,"angle":247.5,"time":301.5},{"type":"block","tap":true,"angle":202.5,"time":301.75},{"type":"block","tap":true,"angle":157.5,"time":302},{"type":"block","tap":true,"angle":112.5,"time":302.25},{"type":"block","tap":true,"angle":67.5,"time":302.5},{"type":"block","tap":true,"angle":22.5,"time":302.75},{"type":"block","tap":true,"angle":337.5,"time":303},{"type":"block","tap":true,"angle":360,"time":303.25},{"type":"block","tap":true,"angle":22.5,"time":303.5},{"type":"block","tap":true,"angle":45,"time":303.75},{"type":"block","tap":true,"angle":67.5,"time":304},{"type":"block","tap":true,"angle":22.5,"time":304.25},{"type":"block","tap":true,"angle":337.5,"time":304.5},{"type":"block","tap":true,"angle":292.5,"time":304.75},{"type":"block","tap":true,"angle":247.5,"time":305},{"type":"block","tap":true,"angle":202.5,"time":305.25},{"type":"block","tap":true,"angle":157.5,"time":305.5},{"type":"block","tap":true,"angle":202.5,"time":305.75},{"type":"block","tap":true,"angle":247.5,"time":306},{"type":"block","tap":true,"angle":292.5,"time":306.25},{"type":"block","tap":true,"angle":337.5,"time":306.5},{"type":"block","tap":true,"angle":22.5,"time":306.75},{"type":"block","tap":true,"angle":67.5,"time":307},{"type":"block","tap":true,"angle":45,"time":307.25},{"type":"block","tap":true,"angle":22.5,"time":307.5},{"type":"block","tap":true,"angle":0,"time":307.75},{"type":"block","tap":true,"angle":337.5,"time":308},{"type":"block","tap":true,"angle":348.75,"time":308.25},{"type":"block","tap":true,"angle":0,"time":308.5},{"type":"block","tap":true,"angle":11.25,"time":308.75},{"type":"block","tap":true,"angle":22.5,"time":309},{"type":"block","tap":true,"angle":33.75,"time":309.25},{"type":"block","tap":true,"angle":45,"time":309.5},{"type":"block","tap":true,"angle":11.25,"time":309.75},{"type":"block","tap":true,"angle":337.5,"time":310},{"type":"block","tap":true,"angle":303.75,"time":310.25},{"type":"block","tap":true,"angle":270,"time":310.5},{"type":"block","tap":true,"angle":236.25,"time":310.75},{"type":"block","tap":true,"angle":202.5,"time":311},{"type":"block","tap":true,"angle":168.75,"time":311.25},{"type":"block","tap":true,"angle":135,"time":311.5},{"startTap":true,"time":312,"angle":67.5,"duration":0.5,"angle2":135,"type":"hold"},{"type":"hold","angle2":78.75,"time":312.25,"angle":123.75,"duration":0},{"type":"hold","angle2":202.5,"time":312.5,"angle":135,"duration":0.5},{"type":"hold","angle2":146.25,"time":312.75,"angle":191.25,"duration":0},{"type":"hold","angle2":270,"time":313,"angle":202.5,"duration":0.5},{"type":"hold","angle2":337.5,"time":313.5,"angle":270,"duration":0.5},{"type":"hold","angle2":213.75,"time":313.25,"angle":258.75,"duration":0},{"type":"hold","angle2":281.25,"time":313.75,"angle":326.25,"duration":0},{"type":"hold","angle2":405,"time":314,"angle":337.5,"duration":0.5},{"type":"hold","angle2":112.5,"time":314.5,"angle":45,"duration":0.5},{"type":"hold","angle2":180,"time":315,"angle":112.5,"duration":0.5},{"type":"hold","angle2":-11.25,"time":314.25,"angle":33.75,"duration":0},{"type":"hold","angle2":56.25,"time":314.75,"angle":101.25,"duration":0},{"type":"hold","angle2":123.75,"time":315.25,"angle":168.75,"duration":0},{"type":"block","tap":true,"angle":101.25,"time":311.75},{"type":"block","tap":true,"angle":247.5,"time":316},{"type":"hold","angle2":213.75,"time":315.5,"angle":180,"duration":0.25},{"type":"hold","angle2":191.25,"time":315.75,"angle":213.75,"duration":0},{"type":"block","tap":true,"angle":202.5,"time":316.25},{"type":"block","tap":true,"angle":157.5,"time":316.5},{"type":"block","tap":true,"angle":112.5,"time":316.75},{"type":"block","tap":true,"angle":67.5,"time":317},{"type":"block","tap":true,"angle":22.5,"time":317.25},{"type":"block","tap":true,"angle":337.5,"time":317.5},{"type":"block","tap":true,"angle":11.25,"time":317.75},{"type":"block","tap":true,"angle":45,"time":318},{"type":"block","tap":true,"angle":78.75,"time":318.25},{"type":"block","tap":true,"angle":112.5,"time":318.5},{"type":"block","tap":true,"angle":146.25,"time":318.75},{"type":"block","tap":true,"angle":180,"time":319},{"type":"block","tap":true,"angle":213.75,"time":319.25},{"type":"block","tap":true,"angle":168.75,"time":319.5},{"type":"block","tap":true,"angle":123.75,"time":319.75},{"type":"block","tap":true,"angle":78.75,"time":320},{"type":"block","tap":true,"angle":112.5,"time":320.25},{"type":"block","tap":true,"angle":146.25,"time":320.5},{"type":"block","tap":true,"angle":180,"time":320.75},{"type":"block","tap":true,"angle":213.75,"time":321},{"type":"block","tap":true,"angle":247.5,"time":321.25},{"type":"block","tap":true,"angle":281.25,"time":321.5},{"type":"block","tap":true,"angle":315,"time":321.75},{"type":"block","tap":true,"angle":270,"time":322},{"type":"block","tap":true,"angle":225,"time":322.25},{"type":"block","tap":true,"angle":180,"time":322.5},{"type":"block","tap":true,"angle":135,"time":322.75},{"type":"block","tap":true,"angle":90,"time":323},{"type":"block","tap":true,"angle":45,"time":323.25},{"type":"block","tap":true,"angle":90,"time":323.5},{"type":"block","tap":true,"angle":135,"time":323.75},{"type":"block","tap":true,"angle":180,"time":324},{"type":"block","tap":true,"angle":225,"time":324.25},{"type":"block","tap":true,"angle":191.25,"time":324.5},{"type":"block","tap":true,"angle":157.5,"time":324.75},{"type":"block","tap":true,"angle":123.75,"time":325},{"type":"block","tap":true,"angle":90,"time":325.25},{"type":"block","tap":true,"angle":56.25,"time":325.5},{"type":"block","tap":true,"angle":90,"time":325.75},{"type":"block","tap":true,"angle":56.25,"time":326},{"type":"block","tap":true,"angle":22.5,"time":326.25},{"type":"block","tap":true,"angle":348.75,"time":326.5},{"type":"block","tap":true,"angle":315,"time":326.75},{"type":"block","tap":true,"angle":281.25,"time":327},{"type":"block","tap":true,"angle":303.75,"time":327.25},{"type":"block","tap":true,"angle":326.25,"time":327.5},{"type":"block","tap":true,"angle":348.75,"time":327.75},{"type":"block","tap":true,"angle":11.25,"time":328},{"type":"block","tap":true,"angle":326.25,"time":328.25},{"type":"block","tap":true,"angle":281.25,"time":328.5},{"type":"block","tap":true,"angle":236.25,"time":328.75},{"type":"block","tap":true,"angle":191.25,"time":329},{"type":"block","tap":true,"angle":146.25,"time":329.25},{"type":"block","tap":true,"angle":101.25,"time":329.5},{"type":"block","tap":true,"angle":56.25,"time":329.75},{"type":"block","tap":true,"angle":11.25,"time":330},{"type":"block","tap":true,"angle":326.25,"time":330.25},{"type":"block","tap":true,"angle":281.25,"time":330.5},{"type":"block","tap":true,"angle":236.25,"time":330.75},{"type":"block","tap":true,"angle":191.25,"time":331},{"type":"block","tap":true,"angle":101.25,"time":331.5},{"type":"block","tap":true,"angle":348.75,"time":332},{"time":336,"angle":67.5,"type":"side"},{"type":"block","tap":true,"angle":270,"time":340},{"time":340.25,"angle":247.5,"type":"block"},{"time":340.5,"angle":225,"type":"block"},{"type":"block","tap":true,"angle":22.5,"time":341},{"time":341.25,"angle":45,"type":"block"},{"time":341.5,"angle":67.5,"type":"block"},{"time":342.5,"angle":202.5,"type":"block"},{"time":342.25,"angle":180,"type":"block"},{"type":"block","tap":true,"angle":157.5,"time":342},{"type":"block","tap":true,"angle":303.75,"time":343},{"time":343.25,"angle":326.25,"type":"block"},{"time":343.5,"angle":348.75,"type":"block"},{"type":"block","tap":true,"angle":90,"time":344},{"time":344.5,"angle":45,"type":"block"},{"time":345.5,"angle":191.25,"type":"block"},{"time":345.25,"angle":213.75,"type":"block"},{"type":"block","tap":true,"angle":236.25,"time":345},{"time":344.25,"angle":67.5,"type":"block"},{"type":"block","tap":true,"angle":326.25,"time":346},{"time":346.25,"angle":303.75,"type":"block"},{"time":346.5,"angle":281.25,"type":"block"},{"type":"block","tap":true,"angle":146.25,"time":347},{"time":347.25,"angle":123.75,"type":"block"},{"time":347.5,"angle":101.25,"type":"block"},{"type":"block","tap":true,"angle":-180,"time":348},{"time":348.25,"angle":-157.5,"type":"block"},{"time":348.5,"angle":-135,"type":"block"},{"type":"block","tap":true,"angle":67.5,"time":349},{"time":349.25,"angle":45,"type":"block"},{"time":349.5,"angle":22.5,"type":"block"},{"time":350.5,"angle":-112.5,"type":"block"},{"time":350.25,"angle":-90,"type":"block"},{"type":"block","tap":true,"angle":-67.5,"time":350},{"type":"block","tap":true,"angle":-213.75,"time":351},{"time":351.25,"angle":-236.25,"type":"block"},{"time":351.5,"angle":-258.75,"type":"block"},{"type":"block","tap":true,"angle":0,"time":352},{"time":352.5,"angle":45,"type":"block"},{"time":353.5,"angle":-101.25,"type":"block"},{"time":353.25,"angle":-123.75,"type":"block"},{"type":"block","tap":true,"angle":-146.25,"time":353},{"time":352.25,"angle":22.5,"type":"block"},{"type":"block","tap":true,"angle":-236.25,"time":354},{"time":354.25,"angle":-213.75,"type":"block"},{"time":354.5,"angle":-191.25,"type":"block"},{"type":"block","tap":true,"angle":-56.25,"time":355},{"time":355.25,"angle":-33.75,"type":"block"},{"time":355.5,"angle":-11.25,"type":"block"},{"type":"block","tap":true,"angle":483.75,"time":356},{"time":356.25,"angle":461.25,"type":"block"},{"time":356.5,"angle":438.75,"type":"block"},{"type":"block","tap":true,"angle":236.25,"time":357},{"time":357.25,"angle":258.75,"type":"block"},{"time":357.5,"angle":281.25,"type":"block"},{"time":358.5,"angle":416.25,"type":"block"},{"time":358.25,"angle":393.75,"type":"block"},{"type":"block","tap":true,"angle":371.25,"time":358},{"type":"block","tap":true,"angle":517.5,"time":359},{"time":359.25,"angle":540,"type":"block"},{"time":359.5,"angle":562.5,"type":"block"},{"type":"block","tap":true,"angle":303.75,"time":360},{"time":360.5,"angle":258.75,"type":"block"},{"time":361.5,"angle":405,"type":"block"},{"time":361.25,"angle":427.5,"type":"block"},{"type":"block","tap":true,"angle":450,"time":361},{"time":360.25,"angle":281.25,"type":"block"},{"type":"block","tap":true,"angle":540,"time":362},{"time":362.25,"angle":517.5,"type":"block"},{"time":362.5,"angle":495,"type":"block"},{"type":"block","tap":true,"angle":360,"time":363},{"time":363.25,"angle":337.5,"type":"block"},{"time":363.5,"angle":315,"type":"block"},{"type":"block","tap":true,"angle":33.75,"time":364},{"time":364.25,"angle":56.25,"type":"block"},{"time":364.5,"angle":78.75,"type":"block"},{"type":"block","tap":true,"angle":281.25,"time":365},{"time":365.25,"angle":258.75,"type":"block"},{"time":365.5,"angle":236.25,"type":"block"},{"time":366.5,"angle":101.25,"type":"block"},{"time":366.25,"angle":123.75,"type":"block"},{"type":"block","tap":true,"angle":146.25,"time":366},{"type":"block","tap":true,"angle":0,"time":367},{"time":367.25,"angle":-22.5,"type":"block"},{"time":367.5,"angle":-45,"type":"block"},{"type":"block","tap":true,"angle":213.75,"time":368},{"time":368.5,"angle":258.75,"type":"block"},{"time":369.5,"angle":112.5,"type":"block"},{"time":369.25,"angle":90,"type":"block"},{"type":"block","tap":true,"angle":67.5,"time":369},{"time":368.25,"angle":236.25,"type":"block"},{"type":"block","tap":true,"angle":-22.5,"time":370},{"time":370.25,"angle":0,"type":"block"},{"time":370.5,"angle":22.5,"type":"block"},{"type":"block","tap":true,"angle":157.5,"time":371},{"time":371.25,"angle":180,"type":"block"},{"time":371.5,"angle":202.5,"type":"block"},{"type":"block","tap":true,"angle":270,"time":372},{"time":372.25,"angle":247.5,"type":"block"},{"time":372.5,"angle":225,"type":"block"},{"type":"block","tap":true,"angle":22.5,"time":373},{"time":373.25,"angle":45,"type":"block"},{"time":373.5,"angle":67.5,"type":"block"},{"time":374.5,"angle":202.5,"type":"block"},{"time":374.25,"angle":180,"type":"block"},{"type":"block","tap":true,"angle":157.5,"time":374},{"type":"block","tap":true,"angle":303.75,"time":375},{"time":375.25,"angle":326.25,"type":"block"},{"time":375.5,"angle":348.75,"type":"block"},{"type":"block","tap":true,"angle":90,"time":376},{"time":376.5,"angle":45,"type":"block"},{"time":377.5,"angle":191.25,"type":"block"},{"time":377.25,"angle":213.75,"type":"block"},{"type":"block","tap":true,"angle":236.25,"time":377},{"time":376.25,"angle":67.5,"type":"block"},{"type":"block","tap":true,"angle":326.25,"time":378},{"time":378.25,"angle":303.75,"type":"block"},{"time":378.5,"angle":281.25,"type":"block"},{"type":"block","tap":true,"angle":146.25,"time":379},{"time":379.25,"angle":123.75,"type":"block"},{"time":379.5,"angle":101.25,"type":"block"},{"type":"block","tap":true,"angle":-180,"time":380},{"type":"block","tap":true,"angle":303.75,"time":381.5},{"type":"block","tap":true,"angle":-213.75,"time":383},{"type":"block","tap":true,"angle":22.5,"time":384},{"type":"block","tap":true,"angle":202.5,"time":380},{"type":"block","tap":true,"angle":225,"time":380},{"type":"block","tap":true,"angle":326.25,"time":381.5},{"type":"block","tap":true,"angle":281.25,"time":381.5},{"type":"block","tap":true,"angle":168.75,"time":383},{"type":"block","tap":true,"angle":123.75,"time":383},{"type":"block","tap":true,"angle":45,"time":384},{"type":"block","tap":true,"angle":360,"time":384},{"type":"block","tap":true,"angle":123.75,"time":388},{"type":"block","tap":true,"angle":11.25,"time":389},{"type":"block","tap":true,"angle":135,"time":388},{"type":"block","tap":true,"angle":112.5,"time":388},{"type":"block","tap":true,"angle":22.5,"time":389},{"type":"block","tap":true,"angle":360,"time":389},{"type":"block","tap":true,"angle":90,"time":390},{"type":"block","tap":true,"angle":247.5,"time":392},{"type":"block","tap":true,"angle":78.75,"time":390},{"type":"block","tap":true,"angle":101.25,"time":390},{"type":"block","tap":true,"angle":22.5,"time":391},{"type":"block","tap":true,"angle":33.75,"time":391},{"type":"block","tap":true,"angle":11.25,"time":391},{"type":"block","tap":true,"angle":236.25,"time":392},{"type":"block","tap":true,"angle":258.75,"time":392},{"type":"block","tap":true,"angle":-22.5,"time":392.5},{"type":"block","tap":true,"angle":-135,"time":393.5},{"type":"block","tap":true,"angle":-11.25,"time":392.5},{"type":"block","tap":true,"angle":-33.75,"time":392.5},{"type":"block","tap":true,"angle":-123.75,"time":393.5},{"type":"block","tap":true,"angle":213.75,"time":393.5},{"type":"block","tap":true,"angle":-56.25,"time":394.5},{"type":"block","tap":true,"angle":101.25,"time":396.5},{"type":"block","tap":true,"angle":-67.5,"time":394.5},{"type":"block","tap":true,"angle":-45,"time":394.5},{"type":"block","tap":true,"angle":-123.75,"time":395.5},{"type":"block","tap":true,"angle":-112.5,"time":395.5},{"type":"block","tap":true,"angle":-135,"time":395.5},{"type":"block","tap":true,"angle":90,"time":396.5},{"type":"block","tap":true,"angle":112.5,"time":396.5},{"startTap":true,"time":387,"angle":22.5,"duration":0.5,"angle2":56.25,"type":"hold"},{"type":"block","tap":true,"angle":326.25,"time":64.5},{"type":"block","tap":true,"angle":315,"time":64.5},{"time":64.5,"angle":303.75,"type":"block"},{"type":"block","tap":true,"angle":247.5,"time":65.5},{"type":"block","tap":true,"angle":236.25,"time":65.5},{"type":"block","tap":true,"angle":225,"time":65.5},{"type":"block","tap":true,"angle":326.25,"time":66.5},{"type":"block","tap":true,"angle":337.5,"time":66.5},{"type":"block","tap":true,"angle":348.75,"time":66.5},{"type":"block","tap":true,"angle":157.5,"time":67.5},{"type":"block","tap":true,"angle":146.25,"time":67.5},{"type":"block","tap":true,"angle":135,"time":67.5},{"type":"block","tap":true,"angle":315,"time":68.5},{"type":"block","tap":true,"angle":303.75,"time":68.5},{"type":"block","tap":true,"angle":292.5,"time":68.5},{"type":"block","tap":true,"angle":22.5,"time":69},{"type":"block","tap":true,"angle":33.75,"time":69},{"type":"block","tap":true,"angle":45,"time":69},{"type":"block","tap":true,"angle":225,"time":70},{"type":"block","tap":true,"angle":213.75,"time":70},{"type":"block","tap":true,"angle":202.5,"time":70},{"type":"block","tap":true,"angle":56.25,"time":71},{"type":"block","tap":true,"angle":45,"time":71},{"type":"block","tap":true,"angle":33.75,"time":71},{"type":"block","tap":true,"angle":270,"time":72},{"type":"block","tap":true,"angle":258.75,"time":72},{"type":"block","tap":true,"angle":247.5,"time":72},{"type":"block","tap":true,"angle":180,"time":73},{"type":"block","tap":true,"angle":191.25,"time":73},{"type":"block","tap":true,"angle":202.5,"time":73},{"type":"block","tap":true,"angle":315,"time":74},{"type":"block","tap":true,"angle":326.25,"time":74},{"type":"block","tap":true,"angle":337.5,"time":74},{"type":"block","tap":true,"angle":247.5,"time":75},{"type":"block","tap":true,"angle":258.75,"time":75},{"type":"block","tap":true,"angle":270,"time":75},{"type":"block","tap":true,"angle":225,"time":76},{"type":"block","tap":true,"angle":213.75,"time":76},{"type":"block","tap":true,"angle":202.5,"time":76},{"type":"block","tap":true,"angle":303.75,"time":77},{"type":"block","tap":true,"angle":315,"time":77},{"type":"block","tap":true,"angle":326.25,"time":77},{"type":"block","tap":true,"angle":168.75,"time":78},{"type":"block","tap":true,"angle":157.5,"time":78},{"type":"block","tap":true,"angle":146.25,"time":78},{"type":"block","tap":true,"angle":270,"time":388.5},{"type":"block","tap":true,"angle":247.5,"time":388.5},{"type":"block","tap":true,"angle":258.75,"time":388.5},{"type":"block","tap":true,"angle":225,"time":389.5},{"type":"block","tap":true,"angle":213.75,"time":389.5},{"type":"block","tap":true,"angle":202.5,"time":389.5},{"type":"block","tap":true,"angle":303.75,"time":390.5},{"type":"block","tap":true,"angle":315,"time":390.5},{"type":"block","tap":true,"angle":326.25,"time":390.5},{"type":"block","tap":true,"angle":146.25,"time":391.5},{"type":"block","tap":true,"angle":157.5,"time":391.5},{"type":"block","tap":true,"angle":168.75,"time":391.5},{"type":"block","tap":true,"angle":101.25,"time":393},{"type":"block","tap":true,"angle":112.5,"time":393},{"type":"block","tap":true,"angle":123.75,"time":393},{"type":"block","tap":true,"angle":56.25,"time":394},{"type":"block","tap":true,"angle":67.5,"time":394},{"type":"block","tap":true,"angle":78.75,"time":394},{"type":"block","tap":true,"angle":180,"time":395},{"type":"block","tap":true,"angle":168.75,"time":395},{"type":"block","tap":true,"angle":157.5,"time":395},{"type":"block","tap":true,"angle":360,"time":396},{"type":"block","tap":true,"angle":11.25,"time":396},{"type":"block","tap":true,"angle":22.5,"time":396}]