[{"type":"block","angle":45,"time":5},{"type":"block","angle":67.5,"time":5.25},{"type":"block","angle":90,"time":5.5},{"type":"block","angle":67.5,"time":6},{"type":"block","angle":45,"time":6.25},{"type":"block","angle":22.5,"time":6.5},{"type":"block","angle":0,"time":6.75},{"type":"block","angle":247.5,"time":8},{"type":"block","angle":270,"time":8.5},{"type":"block","angle":225,"time":9},{"type":"block","angle":247.5,"time":9.5},{"type":"block","angle":202.5,"time":10},{"type":"block","angle":292.5,"time":7.5},{"type":"block","angle":180,"time":10.25},{"type":"block","angle":157.5,"time":10.5},{"type":"block","angle":135,"time":10.75},{"type":"block","angle":157.5,"time":11.25},{"type":"block","angle":202.5,"time":13.5},{"type":"block","angle":247.5,"time":14},{"type":"block","angle":202.5,"time":14.5},{"type":"block","angle":247.5,"time":13},{"type":"block","angle":180,"time":15.5},{"type":"block","angle":135,"time":16},{"type":"block","angle":90,"time":16.5},{"type":"block","angle":90,"time":17},{"type":"block","angle":135,"time":17.5},{"type":"block","angle":180,"time":18},{"type":"block","angle":247.5,"time":19.25},{"type":"block","angle":270,"time":20},{"type":"block","angle":270,"time":21.5},{"type":"block","angle":315,"time":22},{"type":"block","angle":292.5,"time":21.75},{"type":"block","angle":247.5,"time":21.25},{"type":"block","angle":337.5,"time":22.25},{"type":"block","angle":360,"time":22.5},{"type":"block","angle":67.5,"time":23},{"type":"block","angle":135,"time":23.5},{"type":"block","angle":135,"time":24.5},{"type":"block","angle":90,"time":26},{"type":"block","angle":135,"time":26.25},{"type":"block","angle":45,"time":25.5},{"type":"block","angle":135,"time":27},{"type":"block","angle":90,"time":27.25},{"type":"block","angle":67.5,"time":28.25},{"type":"block","angle":90,"time":29.5},{"type":"block","angle":22.5,"time":30},{"type":"block","angle":67.5,"time":30.5},{"type":"block","angle":45,"time":29},{"type":"block","angle":90,"time":31.75},{"type":"block","angle":112.5,"time":32.25},{"type":"block","angle":135,"time":32.75},{"type":"block","angle":157.5,"time":33.25},{"type":"block","angle":180,"time":33.75},{"angle2":540,"duration":1,"type":"hold","angle":180,"time":34.25},{"type":"block","angle":180,"time":36},{"type":"block","angle":202.5,"time":37},{"type":"block","angle":180,"time":37.25},{"type":"block","angle":157.5,"time":37.5},{"type":"block","angle":135,"time":37.75},{"type":"block","angle":135,"time":38.25},{"type":"block","angle":90,"time":38.75},{"type":"block","angle":67.5,"time":39.5},{"type":"block","angle":45,"time":40},{"type":"block","angle":60,"time":40.5},{"type":"block","angle":22.5,"time":41},{"type":"block","angle":330,"time":41.5},{"type":"block","angle":270,"time":42},{"type":"block","angle":300,"time":41.75},{"type":"block","angle":240,"time":42.5},{"type":"block","angle":270,"time":42.75},{"type":"block","angle":300,"time":43},{"type":"block","angle":270,"time":44},{"type":"block","angle":210,"time":45.5},{"type":"block","angle":240,"time":45},{"type":"block","angle":255,"time":46.5},{"type":"block","angle":165,"time":48.25},{"type":"block","angle":105,"time":48.75},{"type":"block","angle":120,"time":49.25},{"type":"block","angle":90,"time":49.75},{"type":"block","angle":135,"time":47.75},{"type":"block","angle":60,"time":50.25},{"type":"block","angle":0,"time":51},{"type":"block","angle":45,"time":52},{"type":"extraTap","angle":202.5,"time":35},{"type":"extraTap","angle":202.5,"time":36},{"type":"extraTap","angle":157.5,"time":43},{"type":"extraTap","angle":157.5,"time":44},{"type":"extraTap","angle":315,"time":51},{"type":"extraTap","angle":315,"time":52},{"type":"block","angle":105,"time":53},{"type":"block","angle":480,"time":53.5},{"type":"block","angle":165,"time":54.25},{"type":"block","angle":225,"time":56.25},{"type":"block","angle":-165,"time":56.75},{"type":"block","angle":-120,"time":57.25},{"type":"block","angle":-105,"time":57.75},{"type":"block","angle":195,"time":55.5},{"type":"block","angle":270,"time":58},{"type":"block","angle":285,"time":58.25},{"type":"block","angle":315,"time":59},{"type":"block","angle":330,"time":59.25},{"type":"block","angle":360,"time":60},{"type":"extraTap","angle":300,"time":59},{"type":"extraTap","angle":337.5,"time":60},{"type":"block","angle":330,"time":60.75},{"type":"block","angle":285,"time":61.25},{"type":"block","angle":345,"time":62.25},{"type":"block","angle":120,"time":64},{"type":"block","angle":45,"time":64.5},{"type":"block","angle":90,"time":65},{"type":"block","angle":30,"time":65.5},{"type":"block","angle":75,"time":63.5},{"type":"block","angle":0,"time":66},{"type":"block","angle":360,"time":67},{"type":"block","angle":337.5,"time":68},{"type":"block","angle":315,"time":69.25},{"type":"block","angle":345,"time":70},{"type":"block","angle":375,"time":70.25},{"type":"block","angle":405,"time":70.5},{"type":"block","angle":375,"time":71},{"type":"block","angle":30,"time":71.5},{"type":"block","angle":60,"time":72},{"type":"block","angle":75,"time":72.5},{"type":"block","angle":90,"time":73},{"type":"block","angle":75,"time":73.5},{"type":"block","angle":15,"time":74},{"type":"block","angle":45,"time":73.75},{"type":"block","angle":-15,"time":74.5},{"type":"block","angle":15,"time":74.75},{"type":"block","angle":45,"time":75},{"type":"block","angle":75,"time":76},{"type":"block","angle":90,"time":77},{"type":"block","angle":135,"time":77.5},{"type":"block","angle":105,"time":78.5},{"type":"block","angle":30,"time":80.5},{"type":"block","angle":75,"time":79.5},{"type":"block","angle":90,"time":81.5},{"type":"block","angle":75,"time":82},{"type":"block","angle":105,"time":83},{"type":"block","angle":105,"time":84},{"type":"block","angle":135,"time":85},{"type":"block","angle":165,"time":85.25},{"type":"block","angle":195,"time":85.5},{"type":"block","angle":225,"time":85.75},{"type":"block","angle":195,"time":86.25},{"type":"block","angle":90,"time":88},{"type":"block","angle":-15,"time":89.5},{"type":"block","angle":165,"time":87},{"type":"block","angle":120,"time":87.5},{"type":"block","angle":60,"time":88.5},{"type":"block","angle":-45,"time":89.75},{"type":"block","angle":15,"time":89.25},{"type":"block","angle":-15,"time":90.25},{"type":"block","angle":15,"time":90.5},{"type":"block","angle":45,"time":91},{"type":"block","angle":45,"time":89},{"type":"block","angle":45,"time":92.75},{"type":"block","angle":120,"time":93.25},{"type":"block","angle":90,"time":93.75},{"type":"block","angle":135,"time":94.25},{"type":"block","angle":105,"time":94.75},{"type":"block","angle":135,"time":95.5},{"type":"block","angle":150,"time":96},{"type":"block","angle":195,"time":96.5},{"type":"block","angle":165,"time":97},{"type":"block","angle":180,"time":97.5},{"type":"block","angle":225,"time":98},{"type":"side","angle":180,"time":26.5},{"type":"side","angle":22.5,"time":4},{"type":"side","angle":225,"time":12},{"type":"block","angle":315,"time":3},{"type":"side","angle":180,"time":24},{"type":"side","angle":67.5,"time":25},{"type":"block","angle":67.5,"time":27.5},{"type":"side","angle":30,"time":80},{"type":"side","angle":90,"time":81},{"type":"block","angle":15,"time":91.25},{"type":"block","angle":0,"time":92},{"type":"extraTap","angle":330,"time":67},{"type":"extraTap","angle":330,"time":68},{"type":"extraTap","angle":60,"time":76},{"type":"extraTap","angle":90,"time":75},{"type":"extraTap","angle":135,"time":83},{"type":"extraTap","angle":120,"time":84},{"type":"extraTap","angle":45,"time":91},{"type":"extraTap","angle":45,"time":92},{"type":"block","angle":225,"time":99},{"angle2":225,"duration":2,"type":"hold","angle":270,"time":100.5},{"angle2":270,"duration":1.5,"type":"hold","angle":225,"time":102.5},{"type":"block","angle":255,"time":105},{"type":"block","angle":330,"time":106.5},{"type":"block","angle":345,"time":107.5},{"type":"block","angle":315,"time":108},{"angle2":450,"duration":1.5,"type":"hold","angle":345,"time":108.75},{"type":"block","angle":90,"time":111.5},{"angle2":90,"duration":1.5,"type":"hold","angle":135,"time":113.75},{"angle2":30,"duration":1.75,"type":"hold","angle":90,"time":115.25},{"type":"block","angle":15,"time":118},{"angle2":120,"duration":2.5,"type":"hold","angle":15,"time":118.25},{"type":"block","angle":165,"time":121.5},{"angle2":240,"duration":2.5,"type":"hold","angle":165,"time":121.75},{"angle2":150,"duration":2.5,"type":"hold","angle":240,"time":125.25},{"angle2":210,"duration":2,"type":"hold","angle":150,"time":128.25},{"type":"block","angle":240,"time":131},{"type":"block","angle":270,"time":131.75},{"type":"block","angle":285,"time":132.5},{"type":"block","angle":270,"time":133.25},{"type":"block","angle":300,"time":134},{"angle2":255,"duration":2,"type":"hold","angle":300,"time":134.5},{"type":"block","angle":240,"time":137},{"angle2":240,"duration":1.75,"type":"hold","angle":300,"time":138.5},{"type":"block","angle":225,"time":140.5},{"angle2":180,"duration":2,"type":"hold","angle":225,"time":141},{"type":"block","angle":150,"time":143.5},{"type":"block","angle":180,"time":144.25},{"angle2":150,"duration":1.75,"type":"hold","angle":210,"time":145},{"type":"block","angle":135,"time":147.25},{"type":"block","angle":165,"time":147.75},{"angle2":60,"duration":2,"type":"hold","angle":195,"time":148.25},{"type":"side","angle":315,"time":105.5},{"type":"side","angle":135,"time":112.25},{"type":"side","angle":300,"time":137.75},{"type":"block","angle":-300,"time":152},{"type":"block","angle":-300,"time":153},{"type":"block","angle":45,"time":154},{"type":"block","angle":150,"time":155.5},{"type":"block","angle":225,"time":157},{"type":"block","angle":210,"time":157.5},{"type":"block","angle":195,"time":158},{"type":"block","angle":195,"time":156.5},{"type":"block","angle":165,"time":158.5},{"type":"block","angle":135,"time":158.75},{"type":"block","angle":105,"time":159},{"type":"block","angle":75,"time":159.25},{"type":"block","angle":75,"time":160},{"type":"block","angle":135,"time":161},{"type":"block","angle":45,"time":159.75},{"type":"block","angle":105,"time":160.25},{"type":"block","angle":135,"time":162},{"type":"block","angle":165,"time":162.5},{"type":"block","angle":105,"time":163.5},{"type":"block","angle":15,"time":165},{"type":"block","angle":45,"time":165.5},{"type":"block","angle":75,"time":166},{"type":"block","angle":45,"time":166.5},{"type":"block","angle":15,"time":167},{"type":"block","angle":60,"time":164.5},{"type":"block","angle":-15,"time":169},{"type":"block","angle":0,"time":168},{"type":"block","angle":375,"time":170.5},{"type":"block","angle":345,"time":170.25},{"type":"block","angle":360,"time":170.75},{"type":"block","angle":315,"time":170},{"type":"block","angle":330,"time":171},{"type":"block","angle":285,"time":172},{"type":"block","angle":345,"time":173},{"type":"block","angle":405,"time":174},{"type":"block","angle":-45,"time":175},{"type":"block","angle":315,"time":171.5},{"type":"block","angle":315,"time":172.5},{"type":"block","angle":375,"time":173.5},{"type":"block","angle":15,"time":174.5},{"type":"block","angle":-15,"time":174.75},{"type":"block","angle":-45,"time":175.5},{"type":"block","angle":-75,"time":175.75},{"type":"block","angle":-105,"time":176},{"type":"block","angle":150,"time":178},{"type":"block","angle":165,"time":178.5},{"type":"block","angle":195,"time":181},{"type":"block","angle":210,"time":179.5},{"type":"block","angle":240,"time":181.5},{"type":"block","angle":180,"time":182},{"type":"block","angle":225,"time":182.5},{"type":"block","angle":255,"time":180.5},{"type":"block","angle":165,"time":183},{"type":"extraTap","angle":165,"time":152},{"type":"extraTap","angle":165,"time":153},{"type":"extraTap","angle":30,"time":160},{"type":"extraTap","angle":120,"time":161},{"type":"extraTap","angle":165,"time":168},{"type":"extraTap","angle":165,"time":169},{"type":"extraTap","angle":0,"time":176},{"type":"extraTap","angle":165,"time":177},{"type":"block","angle":180,"time":184},{"type":"side","angle":105,"time":154.5},{"type":"side","angle":180,"time":177},{"angle2":150,"duration":2,"type":"hold","angle":210,"time":186},{"angle2":240,"duration":2,"type":"hold","angle":150,"time":188},{"type":"block","angle":270,"time":191},{"type":"block","angle":300,"time":191.5},{"type":"block","angle":345,"time":192.5},{"type":"block","angle":270,"time":193.5},{"angle2":195,"duration":2.5,"type":"hold","angle":15,"time":195.5},{"type":"block","angle":210,"time":199},{"type":"block","angle":165,"time":200},{"angle2":240,"duration":2,"type":"hold","angle":135,"time":202},{"angle2":360,"duration":2,"type":"hold","angle":240,"time":204},{"angle2":270,"duration":3.5,"type":"hold","angle":-75,"time":207},{"type":"block","angle":285,"time":211},{"type":"block","angle":285,"time":211.75},{"type":"block","angle":240,"time":214.5},{"type":"block","angle":210,"time":216},{"type":"block","angle":180,"time":217},{"type":"block","angle":225,"time":218},{"type":"block","angle":195,"time":219.5},{"type":"block","angle":180,"time":220.25},{"type":"block","angle":180,"time":220.75},{"type":"block","angle":90,"time":221.5},{"type":"block","angle":105,"time":222},{"type":"block","angle":75,"time":223.5},{"type":"block","angle":30,"time":224.5},{"type":"block","angle":60,"time":225.5},{"type":"block","angle":30,"time":226},{"type":"block","angle":75,"time":226.5},{"type":"block","angle":30,"time":227},{"type":"block","angle":75,"time":227.5},{"type":"block","angle":45,"time":228.5},{"type":"block","angle":0,"time":229},{"type":"block","angle":-45,"time":230},{"angle2":210,"duration":2,"type":"hold","angle":150,"time":232},{"angle2":120,"duration":2,"type":"hold","angle":210,"time":234},{"angle2":255,"duration":2,"type":"hold","angle":120,"time":236},{"angle2":45,"duration":2.5,"type":"hold","angle":255,"time":238},{"angle2":-165,"duration":2,"type":"hold","angle":45,"time":240.5},{"angle2":90,"duration":3,"type":"hold","angle":165,"time":244},{"type":"side","angle":0,"time":194},{"type":"side","angle":195,"time":231},{"type":"block","angle":90,"time":248},{"type":"block","angle":75,"time":249},{"type":"block","angle":45,"time":250},{"type":"block","angle":60,"time":250.5},{"type":"block","angle":120,"time":251.5},{"type":"block","angle":150,"time":252.5},{"type":"block","angle":120,"time":253},{"type":"block","angle":150,"time":254},{"type":"block","angle":120,"time":254.5},{"type":"block","angle":90,"time":255.5},{"type":"block","angle":60,"time":256.5},{"type":"block","angle":30,"time":257},{"type":"block","angle":45,"time":257.5},{"type":"block","angle":120,"time":258.5},{"type":"block","angle":150,"time":259},{"type":"block","angle":120,"time":259.5},{"type":"block","angle":30,"time":261},{"type":"block","angle":60,"time":261.5},{"type":"block","angle":75,"time":262},{"type":"block","angle":75,"time":260.5},{"type":"block","angle":90,"time":264},{"type":"block","angle":45,"time":265},{"type":"block","angle":67.5,"time":265.5},{"type":"block","angle":60,"time":269.5},{"type":"block","angle":105,"time":270},{"type":"block","angle":75,"time":272},{"type":"block","angle":120,"time":272.5},{"type":"block","angle":105,"time":273},{"type":"block","angle":105,"time":273.5},{"type":"block","angle":60,"time":271.5},{"type":"block","angle":45,"time":274.5},{"type":"block","angle":15,"time":275},{"type":"block","angle":75,"time":276.5},{"type":"block","angle":90,"time":277},{"type":"block","angle":165,"time":278},{"type":"block","angle":165,"time":278.5},{"type":"block","angle":45,"time":275.5},{"type":"block","angle":255,"time":282},{"type":"block","angle":281.25,"time":282.5},{"type":"block","angle":300,"time":283.5},{"type":"block","angle":285,"time":284.5},{"type":"block","angle":300,"time":285},{"type":"block","angle":270,"time":285.5},{"type":"block","angle":255,"time":287.75},{"type":"block","angle":255,"time":288.25},{"type":"block","angle":285,"time":288.75},{"type":"block","angle":315,"time":289.25},{"type":"block","angle":300,"time":289.75},{"type":"block","angle":255,"time":290.25},{"type":"block","angle":270,"time":290.75},{"type":"block","angle":285,"time":291.25},{"type":"block","angle":255,"time":291.75},{"type":"block","angle":270,"time":293},{"type":"block","angle":255,"time":293.5},{"type":"block","angle":240,"time":294},{"type":"block","angle":240,"time":294.5},{"type":"block","angle":225,"time":295.5},{"angle2":270,"duration":1.5,"type":"hold","angle":225,"time":296.5},{"angle2":240,"duration":2,"type":"hold","angle":270,"time":298},{"angle2":300,"duration":2,"type":"hold","angle":240,"time":300},{"angle2":240,"duration":2,"type":"hold","angle":300,"time":302},{"angle2":330,"duration":3,"type":"hold","angle":240,"time":304},{"type":"block","angle":270,"time":310.5},{"type":"side","angle":90,"time":258},{"type":"side","angle":135,"time":263},{"type":"block","angle":180,"time":243},{"type":"side","angle":112.5,"time":266},{"angle2":90,"duration":1,"type":"hold","angle":135,"time":268},{"type":"side","angle":60,"time":274},{"type":"side","angle":135,"time":277.5},{"type":"side","angle":240,"time":286},{"angle2":270,"duration":2.75,"type":"hold","angle":330,"time":307.25},{"type":"block","angle":255,"time":312},{"type":"block","angle":255,"time":313},{"type":"block","angle":255,"time":314},{"type":"block","angle":285,"time":314.5},{"type":"block","angle":270,"time":315},{"type":"block","angle":300,"time":315.25},{"type":"block","angle":330,"time":315.5},{"type":"block","angle":300,"time":316},{"type":"block","angle":240,"time":317},{"type":"block","angle":195,"time":318},{"type":"block","angle":105,"time":319},{"type":"block","angle":120,"time":320},{"type":"block","angle":270,"time":316.5},{"type":"block","angle":210,"time":317.5},{"type":"block","angle":180,"time":318.5},{"type":"block","angle":60,"time":319.5},{"type":"block","angle":150,"time":318.75},{"type":"block","angle":120,"time":321},{"type":"block","angle":90,"time":319.75},{"type":"block","angle":165,"time":322},{"type":"block","angle":120,"time":322.5},{"type":"block","angle":90,"time":323.5},{"type":"block","angle":120,"time":328},{"type":"block","angle":150,"time":329},{"type":"block","angle":195,"time":330},{"type":"block","angle":180,"time":330.5},{"type":"block","angle":120,"time":331},{"type":"block","angle":150,"time":330.75},{"type":"block","angle":90,"time":331.25},{"type":"block","angle":105,"time":333},{"type":"block","angle":60,"time":332},{"type":"block","angle":75,"time":332.5},{"type":"block","angle":90,"time":333.5},{"type":"block","angle":60,"time":334},{"type":"block","angle":30,"time":334.5},{"type":"block","angle":0,"time":334.75},{"type":"block","angle":-30,"time":335},{"type":"block","angle":0,"time":335.5},{"type":"block","angle":30,"time":335.75},{"type":"block","angle":60,"time":336},{"type":"block","angle":60,"time":337},{"type":"block","angle":90,"time":338},{"type":"block","angle":120,"time":338.5},{"type":"block","angle":165,"time":339.5},{"type":"block","angle":240,"time":341},{"type":"block","angle":270,"time":342},{"type":"block","angle":225,"time":340.5},{"type":"block","angle":285,"time":341.5},{"angle2":615,"duration":0,"type":"mineHold","angle":255,"time":343.25},{"angle2":615,"duration":0,"type":"mineHold","angle":255,"time":343.75},{"angle2":615,"duration":0,"type":"mineHold","angle":255,"time":343},{"angle2":615,"duration":0,"type":"mineHold","angle":255,"time":343.5},{"angle2":270,"duration":2.25,"type":"hold","angle":270,"time":344},{"angle2":315,"duration":2,"type":"hold","angle":270,"time":346.25},{"angle2":210,"duration":3,"type":"hold","angle":315,"time":348.25},{"type":"block","angle":315,"time":353},{"type":"block","angle":270,"time":354},{"type":"block","angle":255,"time":354.5},{"angle2":135,"duration":2.5,"type":"hold","angle":225,"time":355.5},{"type":"block","angle":120,"time":359},{"type":"block","angle":195,"time":360},{"angle2":90,"duration":2,"type":"hold","angle":210,"time":362},{"angle2":-30,"duration":2.25,"type":"hold","angle":90,"time":364},{"type":"block","angle":315,"time":367},{"type":"block","angle":300,"time":367.5},{"angle2":345,"duration":2.5,"type":"hold","angle":285,"time":368},{"type":"block","angle":360,"time":371},{"angle2":270,"duration":3.75,"type":"hold","angle":375,"time":371.5},{"angle2":615,"duration":0,"type":"mineHold","angle":255,"time":342.75},{"angle2":615,"duration":0,"type":"mineHold","angle":255,"time":342.5},{"angle2":615,"duration":0,"type":"mineHold","angle":255,"time":342.25},{"angle2":315,"duration":2,"type":"hold","angle":225,"time":376},{"type":"block","angle":330,"time":379},{"angle2":285,"duration":2.5,"type":"hold","angle":330,"time":379.5},{"type":"block","angle":300,"time":383},{"type":"block","angle":285,"time":384},{"type":"block","angle":240,"time":385},{"type":"block","angle":240,"time":386},{"type":"block","angle":255,"time":387},{"angle2":345,"duration":2.5,"type":"hold","angle":285,"time":387.5},{"type":"block","angle":345,"time":391},{"angle2":225,"duration":2.5,"type":"hold","angle":375,"time":392},{"type":"block","angle":210,"time":395},{"angle2":105,"duration":1,"type":"hold","angle":195,"time":395.5},{"type":"block","angle":60,"time":398},{"type":"block","angle":105,"time":399},{"angle2":15,"duration":2.5,"type":"hold","angle":75,"time":400},{"type":"block","angle":330,"time":403},{"angle2":180,"duration":3,"type":"hold","angle":330,"time":403.5},{"type":"block","angle":180,"time":408},{"angle2":270,"duration":2,"type":"hold","angle":135,"time":410},{"angle2":435,"duration":3,"type":"hold","angle":270,"time":412},{"type":"block","angle":105,"time":417},{"type":"block","angle":75,"time":415.5},{"type":"block","angle":405,"time":418},{"angle2":30,"duration":2,"type":"hold","angle":90,"time":420},{"type":"block","angle":75,"time":418.5},{"type":"block","angle":0,"time":423},{"type":"block","angle":-45,"time":424},{"angle2":450,"duration":2,"type":"hold","angle":345,"time":426},{"angle2":180,"duration":2,"type":"hold","angle":90,"time":428},{"holdEase":"outElastic","angle2":240,"duration":3,"angle":210,"type":"hold","spinEase":"linear","time":431},{"type":"block","angle":240,"time":434.5},{"angle2":300,"duration":3,"type":"hold","angle":255,"time":435},{"type":"block","angle":330,"time":440},{"type":"block","angle":300,"time":441},{"type":"block","angle":300,"time":442},{"type":"block","angle":285,"time":443},{"type":"block","angle":195,"time":445},{"type":"block","angle":225,"time":446},{"type":"block","angle":165,"time":447},{"type":"block","angle":180,"time":447.5},{"type":"block","angle":150,"time":449},{"type":"block","angle":180,"time":448.5},{"type":"block","angle":165,"time":450},{"type":"block","angle":135,"time":451},{"type":"block","angle":105,"time":451.5},{"type":"block","angle":165,"time":452.5},{"type":"block","angle":195,"time":453},{"type":"block","angle":225,"time":453.5},{"type":"block","angle":315,"time":455},{"angle2":210,"duration":2,"type":"hold","angle":330,"time":456},{"angle2":315,"duration":2,"type":"hold","angle":210,"time":458},{"angle2":150,"duration":2,"type":"hold","angle":315,"time":460},{"angle2":270,"duration":2,"type":"hold","angle":150,"time":462},{"angle2":720,"duration":3,"type":"hold","angle":270,"time":464},{"angle2":450,"duration":3,"type":"hold","angle":375,"time":468},{"type":"side","angle":15,"time":324.5},{"type":"side","angle":90,"time":325},{"type":"side","angle":15,"time":325.5},{"type":"side","angle":90,"time":326},{"type":"side","angle":15,"time":326.5},{"type":"side","angle":90,"time":327},{"type":"side","angle":285,"time":352},{"type":"side","angle":210,"time":443.5},{"type":"side","angle":300,"time":454},{"type":"block","angle":105,"time":472},{"type":"block","angle":90,"time":474},{"type":"block","angle":60,"time":474.5},{"type":"block","angle":75,"time":475.5},{"type":"block","angle":105,"time":476.5},{"type":"block","angle":105,"time":477},{"type":"block","angle":135,"time":478},{"type":"block","angle":120,"time":478.5},{"type":"block","angle":90,"time":480},{"type":"block","angle":120,"time":479.5},{"type":"block","angle":105,"time":480.5},{"type":"block","angle":75,"time":481},{"type":"block","angle":60,"time":482},{"type":"block","angle":90,"time":481.5},{"type":"block","angle":75,"time":482.5},{"type":"block","angle":45,"time":483},{"type":"block","angle":60,"time":483.5},{"type":"block","angle":105,"time":485},{"type":"block","angle":75,"time":484.5},{"type":"block","angle":90,"time":485.5},{"type":"block","angle":75,"time":486},{"type":"block","angle":165,"time":488},{"type":"block","angle":150,"time":489},{"type":"block","angle":135,"time":489.5},{"type":"block","angle":120,"time":490},{"type":"block","angle":90,"time":492},{"type":"block","angle":105,"time":493},{"type":"block","angle":120,"time":493.5},{"type":"block","angle":135,"time":494},{"type":"block","angle":75,"time":496},{"type":"block","angle":75,"time":496.5},{"type":"block","angle":45,"time":497},{"type":"block","angle":60,"time":497.5},{"type":"block","angle":45,"time":498},{"type":"block","angle":30,"time":498.5},{"type":"block","angle":60,"time":499},{"type":"block","angle":75,"time":499.5},{"type":"block","angle":120,"time":501},{"type":"block","angle":105,"time":500.5},{"type":"block","angle":150,"time":501.5},{"type":"block","angle":165,"time":502},{"type":"block","angle":165,"time":502.5},{"type":"block","angle":105,"time":473},{"type":"side","angle":135,"time":487},{"type":"side","angle":105,"time":495.5},{"type":"block","angle":255,"time":506},{"type":"block","angle":270,"time":506.5},{"type":"block","angle":300,"time":507.5},{"type":"block","angle":225,"time":509},{"type":"block","angle":210,"time":509.5},{"type":"block","angle":225,"time":510},{"type":"block","angle":240,"time":511.5},{"type":"block","angle":255,"time":512.5},{"type":"block","angle":270,"time":513},{"type":"block","angle":270,"time":513.5},{"type":"block","angle":300,"time":514},{"type":"block","angle":285,"time":514.5},{"type":"block","angle":315,"time":515},{"type":"block","angle":330,"time":515.5},{"type":"block","angle":300,"time":517},{"type":"block","angle":270,"time":517.5},{"type":"block","angle":240,"time":518},{"type":"block","angle":255,"time":519},{"angle2":285,"duration":2,"type":"hold","angle":240,"time":520},{"angle2":225,"duration":2,"type":"hold","angle":285,"time":522},{"angle2":315,"duration":2,"type":"hold","angle":225,"time":524},{"angle2":240,"duration":2,"type":"hold","angle":315,"time":526},{"angle2":300,"duration":2,"type":"hold","angle":240,"time":528},{"angle2":285,"duration":2,"type":"hold","angle":300,"time":530},{"angle2":270,"duration":2,"type":"hold","angle":285,"time":532},{"type":"side","angle":255,"time":508.5},{"type":"block","angle":180,"time":538},{"type":"block","angle":150,"time":538.5},{"type":"block","angle":195,"time":539.5},{"type":"block","angle":180,"time":540.5},{"type":"block","angle":150,"time":541},{"type":"block","angle":105,"time":542},{"type":"block","angle":135,"time":542.5},{"type":"block","angle":165,"time":543.5},{"type":"block","angle":195,"time":544.5},{"type":"block","angle":225,"time":545},{"type":"block","angle":210,"time":545.5},{"type":"block","angle":165,"time":546},{"type":"block","angle":135,"time":546.5},{"type":"block","angle":150,"time":547},{"type":"block","angle":180,"time":547.5},{"type":"block","angle":210,"time":548.5},{"type":"block","angle":240,"time":549},{"type":"block","angle":210,"time":549.5},{"type":"block","angle":195,"time":550},{"type":"block","angle":150,"time":551},{"type":"block","angle":90,"time":552},{"type":"block","angle":120,"time":553},{"type":"block","angle":165,"time":553.5},{"type":"block","angle":210,"time":554},{"type":"block","angle":270,"time":557.5},{"type":"block","angle":240,"time":558},{"angle2":255,"duration":2,"angle":210,"type":"hold","time":555},{"type":"block","angle":165,"time":560},{"type":"block","angle":135,"time":561},{"type":"block","angle":150,"time":560.5},{"type":"block","angle":150,"time":561.5},{"type":"block","angle":165,"time":562},{"type":"block","angle":195,"time":559.5},{"type":"block","angle":180,"time":562.5},{"type":"block","angle":195,"time":563},{"type":"block","angle":210,"time":563.5},{"type":"block","angle":180,"time":565},{"type":"block","angle":210,"time":565.5},{"type":"block","angle":180,"time":566},{"type":"block","angle":210,"time":566.5},{"type":"block","angle":210,"time":564.5},{"type":"block","angle":165,"time":568},{"type":"block","angle":135,"time":569},{"type":"block","angle":150,"time":570},{"type":"block","angle":195,"time":570.5},{"type":"block","angle":135,"time":573},{"type":"block","angle":165,"time":573.5},{"type":"block","angle":195,"time":574},{"type":"block","angle":120,"time":572.5},{"type":"block","angle":165,"time":571.5},{"type":"block","angle":180,"time":575.5},{"type":"block","angle":180,"time":576.5},{"type":"block","angle":180,"time":577},{"type":"block","angle":180,"time":577.5},{"type":"block","angle":180,"time":578},{"type":"block","angle":180,"time":578.5},{"type":"block","angle":180,"time":579},{"type":"block","angle":180,"time":579.5},{"type":"block","angle":180,"time":580.5},{"type":"block","angle":180,"time":581},{"type":"block","angle":180,"time":581.5},{"type":"block","angle":180,"time":582},{"type":"block","angle":180,"time":583},{"type":"block","angle":180,"time":584},{"type":"block","angle":180,"time":586},{"type":"block","angle":180,"time":588},{"type":"block","angle":180,"time":590},{"type":"block","angle":180,"time":592},{"type":"block","angle":180,"time":595},{"type":"block","angle":180,"time":595.5},{"type":"block","angle":225,"time":535}]