[{"var":"p.paddleDistance","ease":"inOutCirc","time":62,"duration":2,"value":31,"type":"ease","angle":285},{"var":"p.bodyRadius","ease":"inOutCirc","time":62,"duration":2,"value":20,"type":"ease","angle":270},{"angleOffset":false,"type":"tag","tag":"wave","angle":180,"time":0},{"angleOffset":false,"type":"tag","tag":"wave","angle":180,"time":3},{"angleOffset":false,"type":"tag","tag":"pulse","angle":180,"time":34},{"var":"vfx.canvPos.sx","time":2,"ease":"outSine","start":1.1000000238419,"duration":1,"type":"ease","angle":180,"value":1},{"var":"vfx.canvPos.sy","angle":157.5,"ease":"outSine","start":1.1000000238419,"duration":1,"type":"ease","value":1,"time":2},{"var":"vfx.canvPos.sx","angle":180,"ease":"outSine","start":1.1000000238419,"duration":1,"type":"ease","value":1,"time":6},{"var":"vfx.canvPos.sy","angle":157.5,"ease":"outSine","start":1.1000000238419,"duration":1,"value":1,"type":"ease","time":6},{"var":"vfx.canvPos.sx","angle":180,"ease":"outSine","start":1.1000000238419,"duration":1,"type":"ease","value":1,"time":10},{"var":"vfx.canvPos.sy","angle":157.5,"ease":"outSine","start":1.1000000238419,"duration":1,"value":1,"type":"ease","time":10},{"var":"vfx.canvPos.sx","angle":180,"ease":"outSine","start":1.1000000238419,"duration":1,"type":"ease","value":1,"time":14},{"var":"vfx.canvPos.sy","angle":157.5,"ease":"outSine","start":1.1000000238419,"duration":1,"value":1,"type":"ease","time":14},{"time":9,"type":"ease","start":3,"duration":0.5,"angle":180,"var":"vfx.hwaves.strength","value":0},{"angle":180,"type":"ease","start":-3,"duration":0.5,"var":"vfx.hwaves.strength","value":0,"time":11},{"time":11.75,"value":0,"start":3,"duration":0.5,"var":"vfx.hwaves.strength","type":"ease","angle":180},{"var":"vfx.hwaves.strength","value":0,"start":-3,"duration":0.5,"angle":180,"type":"ease","time":12.5},{"angle":180,"type":"ease","start":3,"duration":0.5,"time":13.25,"var":"vfx.hwaves.strength","value":0},{"var":"vfx.hwaves.strength","value":0,"start":3,"duration":0.5,"type":"ease","angle":180,"time":14.75},{"angle":180,"value":0,"start":-3,"duration":0.5,"time":15.5,"type":"ease","var":"vfx.hwaves.strength"},{"angle":180,"type":"tag","tag":"wave","time":16,"angleOffset":false},{"angle":180,"type":"tag","tag":"wave","time":19,"angleOffset":false},{"var":"vfx.canvPos.sx","time":18,"ease":"outSine","start":1.1000000238419,"duration":1,"value":1,"angle":180,"type":"ease"},{"var":"vfx.canvPos.sy","angle":157.5,"ease":"outSine","start":1.1000000238419,"duration":1,"value":1,"type":"ease","time":18},{"var":"vfx.canvPos.sx","angle":180,"ease":"outSine","start":1.1000000238419,"duration":1,"value":1,"type":"ease","time":22},{"var":"vfx.canvPos.sy","angle":157.5,"ease":"outSine","start":1.1000000238419,"duration":1,"type":"ease","value":1,"time":22},{"var":"vfx.canvPos.sx","angle":180,"ease":"outSine","start":1.1000000238419,"duration":1,"value":1,"type":"ease","time":26},{"var":"vfx.canvPos.sy","angle":157.5,"ease":"outSine","start":1.1000000238419,"duration":1,"type":"ease","value":1,"time":26},{"var":"vfx.canvPos.sx","angle":180,"ease":"outSine","start":1.1000000238419,"duration":1,"value":1,"type":"ease","time":30},{"var":"vfx.canvPos.sy","angle":157.5,"ease":"outSine","start":1.1000000238419,"duration":1,"type":"ease","value":1,"time":30},{"angle":180,"type":"ease","start":3,"duration":0.5,"time":25,"var":"vfx.hwaves.strength","value":0},{"var":"vfx.hwaves.strength","type":"ease","start":-3,"duration":0.5,"value":0,"angle":180,"time":27},{"var":"vfx.hwaves.strength","value":0,"start":3,"duration":0.5,"type":"ease","time":27.75,"angle":180},{"angle":180,"value":0,"start":-3,"duration":0.5,"type":"ease","var":"vfx.hwaves.strength","time":28.5},{"time":29.25,"type":"ease","start":3,"duration":0.5,"angle":180,"var":"vfx.hwaves.strength","value":0},{"angle":180,"value":0,"start":3,"duration":0.5,"var":"vfx.hwaves.strength","type":"ease","time":30.75},{"time":31.5,"value":0,"start":-3,"duration":0.5,"type":"ease","angle":180,"var":"vfx.hwaves.strength"},{"angle":180,"type":"tag","tag":"wave","time":32,"angleOffset":false},{"angle":180,"type":"tag","tag":"wave","time":35,"angleOffset":false},{"var":"vfx.canvPos.sx","angle":180,"ease":"outSine","start":1.1000000238419,"duration":1,"value":1,"type":"ease","time":38},{"var":"vfx.canvPos.sy","angle":157.5,"ease":"outSine","start":1.1000000238419,"duration":1,"type":"ease","value":1,"time":38},{"var":"vfx.canvPos.sx","angle":180,"ease":"outSine","start":1.1000000238419,"duration":1,"value":1,"type":"ease","time":42},{"var":"vfx.canvPos.sy","angle":157.5,"ease":"outSine","start":1.1000000238419,"duration":1,"type":"ease","value":1,"time":42},{"var":"vfx.canvPos.sx","angle":180,"ease":"outSine","start":1.1000000238419,"duration":1,"value":1,"type":"ease","time":46},{"var":"vfx.canvPos.sy","angle":157.5,"ease":"outSine","start":1.1000000238419,"duration":1,"type":"ease","value":1,"time":46},{"angle":180,"type":"ease","start":3,"duration":0.5,"time":41,"var":"vfx.hwaves.strength","value":0},{"var":"vfx.hwaves.strength","value":0,"start":-3,"duration":0.5,"type":"ease","time":43,"angle":180},{"var":"vfx.hwaves.strength","value":0,"start":3,"duration":0.5,"type":"ease","time":43.75,"angle":180},{"angle":180,"value":0,"start":-3,"duration":0.5,"type":"ease","var":"vfx.hwaves.strength","time":44.5},{"time":45.25,"type":"ease","start":3,"duration":0.5,"angle":180,"var":"vfx.hwaves.strength","value":0},{"angle":180,"value":0,"start":3,"duration":0.5,"var":"vfx.hwaves.strength","type":"ease","time":46.75},{"time":47.5,"value":0,"start":-3,"duration":0.5,"type":"ease","angle":180,"var":"vfx.hwaves.strength"},{"angle":180,"type":"tag","tag":"wave","time":48,"angleOffset":false},{"angle":180,"type":"tag","tag":"wave","time":51,"angleOffset":false},{"var":"vfx.canvPos.sx","time":50,"ease":"outSine","start":1.1000000238419,"duration":1,"value":1,"angle":180,"type":"ease"},{"var":"vfx.canvPos.sy","angle":157.5,"ease":"outSine","start":1.1000000238419,"duration":1,"value":1,"type":"ease","time":50},{"var":"vfx.canvPos.sx","angle":180,"ease":"outSine","start":1.1000000238419,"duration":1,"value":1,"type":"ease","time":54},{"var":"vfx.canvPos.sy","angle":157.5,"ease":"outSine","start":1.1000000238419,"duration":1,"type":"ease","value":1,"time":54},{"var":"vfx.canvPos.sx","angle":180,"ease":"outSine","start":1.1000000238419,"duration":1,"value":1,"type":"ease","time":62},{"var":"vfx.canvPos.sy","angle":157.5,"ease":"outSine","start":1.1000000238419,"duration":1,"type":"ease","value":1,"time":62},{"angle":180,"type":"ease","start":-3,"duration":0.5,"var":"vfx.hwaves.strength","value":0,"time":54.5},{"time":55.25,"type":"ease","start":3,"duration":0.5,"var":"vfx.hwaves.strength","value":0,"angle":180},{"time":56,"value":0,"start":-3,"duration":0.5,"angle":180,"type":"ease","var":"vfx.hwaves.strength"},{"angle":180,"type":"ease","start":3,"duration":0.5,"time":56.75,"var":"vfx.hwaves.strength","value":0},{"time":57.5,"value":0,"start":-3,"duration":0.5,"angle":180,"type":"ease","var":"vfx.hwaves.strength"},{"angle":180,"type":"ease","start":3,"duration":0.5,"time":58.25,"var":"vfx.hwaves.strength","value":0},{"time":59,"value":0,"start":-3,"duration":0.5,"angle":180,"type":"ease","var":"vfx.hwaves.strength"},{"var":"vfx.hwaves.strength","type":"ease","start":3,"duration":0.5,"value":0,"time":59.75,"angle":180},{"time":60.5,"value":0,"start":-3,"duration":0.5,"angle":180,"type":"ease","var":"vfx.hwaves.strength"},{"angle":180,"type":"ease","start":3,"duration":0.5,"time":61.25,"var":"vfx.hwaves.strength","value":0},{"time":62,"value":0,"start":-3,"duration":0.5,"angle":180,"type":"ease","var":"vfx.hwaves.strength"},{"time":62,"type":"ease","start":5,"duration":3,"value":1,"angle":202.5,"var":"vfx.pixelate"}]