[{"time":0,"value":3,"angle":180,"type":"ease","var":"vfx.hwaves.strength"},{"duration":0.5,"value":0,"order":1,"time":0,"angle":165,"type":"ease","var":"vfx.hwaves.strength"},{"time":0.75,"type":"ease","angle":180,"value":-3,"var":"vfx.hwaves.strength"},{"duration":0.5,"order":1,"value":0,"time":0.75,"angle":165,"type":"ease","var":"vfx.hwaves.strength"},{"time":1.5,"value":3,"angle":180,"type":"ease","var":"vfx.hwaves.strength"},{"time":1.5,"type":"ease","value":0,"duration":0.5,"angle":165,"order":1,"var":"vfx.hwaves.strength"}]