{"metadata":{"bg":true,"artist":"bubbyclub / joooleeeaaa","charter":"Random22","difficulty":1,"description":"For the daily sloppers","artistLink":"","songName":"Bucket of Wet Slop *grins*","bgData":{"redChannel":{"g":206,"b":189,"r":214},"blueChannel":{"g":41,"b":41,"r":41},"greenChannel":{"g":107,"b":99,"r":90},"yellowChannel":{"g":189,"b":132,"r":189},"magentaChannel":{"g":123,"b":123,"r":156},"cyanChannel":{"g":58,"b":74,"r":66},"image":"bucket.png"}},"properties":{"speed":70,"offset":8,"formatversion":13},"events":[{"type":"play","volume":1,"file":"bucket of wet slop.ogg","angle":292.5,"bpm":110,"time":0,"offset":0.30000001192093},{"time":27,"type":"showResults","angle":22.5}]}