[{"type":"block","angle":270,"time":0},{"type":"block","angle":292.5,"time":0.5},{"type":"block","angle":270,"time":1},{"type":"block","angle":270,"time":3.5},{"duration":0.75,"type":"hold","angle2":292.5,"angle":270,"time":2},{"duration":1,"type":"hold","holdEase":"inSine","angle2":157.5,"angle":247.5,"time":7},{"duration":2.5,"type":"hold","holdEase":"outQuad","angle2":247.5,"angle":157.5,"time":8},{"duration":1.5,"type":"hold","holdEase":"outSine","angle2":270,"angle":247.5,"time":4.5},{"duration":1,"type":"hold","holdEase":"outSine","angle2":315,"angle":247.5,"time":11},{"duration":4,"type":"hold","holdEase":"outQuad","angle2":22.5,"angle":315,"time":12},{"type":"block","angle":45,"time":16.75},{"type":"block","tap":true,"angle":22.5,"time":16},{"startTap":true,"duration":1.25,"type":"hold","holdEase":"outSine","angle2":-22.5,"angle":22.5,"time":17.5},{"spinEase":"outSine","endTap":true,"duration":0.5,"type":"hold","angle2":292.5,"angle":315,"time":19},{"spinEase":"outSine","startTap":true,"duration":0.75,"type":"hold","angle2":360,"angle":315,"time":20},{"type":"block","angle":22.5,"time":21},{"type":"block","angle":90,"time":21.5},{"duration":1,"type":"hold","angle2":247.5,"angle":180,"time":22},{"spinEase":"outSine","time":23,"startTap":true,"duration":1,"type":"hold","angle2":202.5,"angle":247.5,"endTap":true},{"type":"block","angle":180,"time":24.5},{"type":"block","tap":true,"angle":67.5,"time":25},{"type":"block","angle":90,"time":25.5},{"type":"block","angle":60,"time":25.75},{"duration":0.81000000238419,"type":"hold","angle2":45,"angle":45,"time":25.6875},{"duration":0.5,"type":"hold","angle2":52.5,"angle":45,"time":26.5},{"spinEase":"outSine","duration":0.41666668653488,"type":"hold","angle2":30,"angle":60,"time":27.083333969116},{"duration":1,"type":"hold","holdEase":"outSine","angle2":285,"angle":330,"time":28},{"spinEase":"outSine","duration":1,"type":"hold","holdEase":"inOutSine","angle2":345,"angle":315,"time":29.5},{"type":"side","angle":285,"time":31},{"type":"side","angle":255,"time":31.75},{"spinEase":"outQuad","duration":0.75,"type":"hold","angle2":135,"angle":180,"time":32},{"type":"block","angle":202.5,"time":33.25},{"spinEase":"inOutQuad","duration":1,"type":"hold","angle2":247.5,"angle":180,"time":33.5},{"type":"side","angle":292.5,"time":35},{"type":"block","angle":247.5,"time":35.5},{"spinEase":"outCirc","duration":0.75,"type":"hold","angle2":337.5,"angle":292.5,"time":36},{"type":"side","angle":292.5,"time":37},{"type":"block","angle":270,"time":37.5},{"duration":1,"type":"hold","holdEase":"outSine","angle2":157.5,"angle":202.5,"time":38},{"duration":0.75,"type":"hold","holdEase":"inSine","angle2":247.5,"angle":157.5,"time":39},{"duration":0.5,"type":"hold","holdEase":"linear","angle2":292.5,"angle":270,"time":40},{"duration":0.5,"type":"hold","holdEase":"outSine","angle2":247.5,"angle":292.5,"time":40.5},{"type":"block","angle":202.5,"time":41.5},{"type":"block","angle":180,"time":41.6875},{"duration":0.75,"type":"hold","holdEase":"outSine","angle2":112.5,"angle":168.75,"time":41.75},{"type":"block","angle":146.25,"time":42.9375},{"duration":0.41666668653488,"type":"hold","angle2":135,"angle":135,"time":43},{"type":"block","angle":112.5,"time":43.75},{"type":"block","angle":101.25,"time":43.8125},{"duration":0.75,"type":"hold","angle2":45,"angle":112.5,"time":44},{"duration":2.5,"type":"hold","holdEase":"outSine","angle2":247.5,"angle":360,"time":45.5},{"spinEase":"outQuad","duration":0.75,"type":"hold","angle2":270,"angle":247.5,"time":48},{"duration":0.5,"type":"hold","holdEase":"outSine","angle2":157.5,"angle":202.5,"time":49.5},{"type":"block","angle":135,"time":50.75},{"duration":2,"type":"hold","holdEase":"outQuad","angle2":22.5,"angle":90,"time":51.5},{"duration":1,"type":"hold","holdEase":"outSine","angle2":292.5,"angle":337.5,"time":54},{"duration":1,"type":"hold","holdEase":"outSine","angle2":337.5,"angle":292.5,"time":55},{"duration":1.5,"type":"hold","holdEase":"linear","angle2":270,"angle":337.5,"time":56},{"duration":2.4375,"type":"hold","holdEase":"inSine","angle2":191.25,"angle":258.75,"time":57.5625},{"duration":1,"type":"hold","holdEase":"inQuad","angle2":180,"angle":191.25,"time":60},{"duration":1,"type":"hold","holdEase":"outQuad","angle2":67.5,"angle":135,"time":61.5},{"type":"block","angle":22.5,"time":63},{"type":"block","angle":45,"time":63.5},{"duration":1,"type":"hold","holdEase":"outQuad","angle2":67.5,"angle":112.5,"time":64},{"duration":1.5,"type":"hold","holdEase":"outQuad","angle2":135,"angle":67.5,"time":65.5},{"type":"block","angle":157.5,"time":67.5},{"duration":1,"type":"hold","holdEase":"outQuad","angle2":180,"angle":202.5,"time":68},{"duration":1,"type":"hold","holdEase":"outQuad","angle2":225,"angle":180,"time":69},{"duration":1,"type":"hold","holdEase":"outQuad","angle2":135,"angle":225,"time":70},{"duration":1,"type":"hold","holdEase":"outQuad","angle2":292.5,"angle":135,"time":71},{"type":"side","angle":247.5,"time":72.5},{"type":"side","angle":292.5,"time":73},{"type":"side","angle":225,"time":73.5},{"duration":0.91666668653488,"type":"hold","angle2":202.5,"angle":202.5,"time":73.6875},{"type":"block","angle":210,"time":73.583335876465},{"duration":0.75,"type":"hold","angle2":157.5,"angle":210,"time":75},{"type":"block","angle":225,"time":74.9375},{"type":"block","angle":146.25,"time":75.8125},{"duration":0.75,"type":"hold","holdEase":"outSine","angle2":45,"angle":112.5,"time":76},{"duration":2.5,"type":"hold","holdEase":"outSine","angle2":-450,"angle":0,"time":77.5},{"type":"block","angle":292.5,"time":80.5},{"type":"block","angle":270,"time":81},{"duration":0.75,"type":"hold","holdEase":"outSine","angle2":225,"angle":157.5,"time":82},{"duration":1,"type":"hold","holdEase":"inSine","angle2":315,"angle":270,"time":83.5},{"duration":2.5,"type":"hold","holdEase":"outSine","angle2":180,"angle":315,"time":84.5},{"duration":3,"type":"hold","holdEase":"outSine","angle2":67.5,"angle":157.5,"time":88},{"duration":1,"type":"hold","holdEase":"inSine","angle2":90,"angle":67.5,"time":91},{"duration":4,"type":"hold","holdEase":"outSine","angle2":-180,"angle":90,"time":92}]