[{"type":"block","angle":157.5,"time":2},{"type":"block","angle":202.5,"time":3},{"type":"block","angle":202.5,"time":1},{"type":"block","angle":146.25,"time":4},{"type":"block","angle":168.75,"time":4.5},{"type":"block","angle":180,"time":5},{"type":"block","angle":213.75,"time":6},{"type":"block","angle":146.25,"time":7},{"type":"block","angle":213.75,"time":8},{"type":"block","angle":191.25,"time":8.5},{"type":"block","angle":180,"time":9},{"type":"block","angle":146.25,"time":10},{"type":"block","angle":202.5,"time":11},{"type":"block","angle":157.5,"time":12},{"type":"block","angle":168.75,"time":12.5},{"type":"block","angle":180,"time":13},{"type":"block","angle":202.5,"time":14},{"type":"block","angle":123.75,"time":15},{"type":"block","angle":157.5,"time":16},{"type":"block","angle":123.75,"time":16.5},{"type":"block","angle":101.25,"time":17},{"type":"block","angle":360,"time":19},{"type":"block","angle":45,"time":18},{"type":"block","angle":270,"time":21},{"type":"block","angle":315,"time":20},{"type":"block","angle":292.5,"time":20.5},{"type":"block","angle":247.5,"time":22},{"type":"block","angle":202.5,"time":23},{"type":"block","angle":112.5,"time":24},{"type":"block","angle":56.25,"time":24.5},{"type":"block","angle":22.5,"time":25},{"type":"block","angle":247.5,"time":26},{"type":"block","angle":213.75,"time":27},{"type":"block","angle":180,"time":28},{"type":"block","angle":168.75,"time":28.5},{"type":"block","angle":146.25,"time":29},{"type":"block","angle":112.5,"time":30},{"type":"block","angle":247.5,"time":31},{"type":"block","angle":191.25,"time":32.75},{"type":"block","angle":168.75,"time":33},{"type":"block","angle":157.5,"time":33.5},{"type":"block","angle":123.75,"time":35},{"type":"block","angle":78.75,"time":35.5},{"type":"block","angle":101.25,"time":35.25},{"type":"block","angle":146.25,"time":34},{"type":"block","angle":56.25,"time":35.75},{"type":"block","angle":45,"time":36},{"type":"block","angle":135,"time":34.75},{"type":"block","angle":22.5,"time":36.75},{"type":"block","angle":11.25,"time":37},{"type":"block","angle":33.75,"time":36.5},{"type":"block","angle":360,"time":37.5},{"type":"block","angle":348.75,"time":38},{"type":"block","angle":337.5,"time":38.5},{"type":"block","angle":315,"time":39},{"type":"block","angle":281.25,"time":39.5},{"type":"block","angle":258.75,"time":40},{"type":"block","angle":202.5,"time":40.75},{"type":"block","angle":180,"time":41},{"type":"block","angle":225,"time":40.5},{"type":"block","angle":146.25,"time":41.5},{"type":"block","angle":112.5,"time":42},{"type":"block","angle":78.75,"time":42.75},{"type":"block","angle":45,"time":43},{"type":"block","angle":11.25,"time":43.5},{"type":"block","angle":337.5,"time":44},{"type":"block","angle":360,"time":44.75},{"type":"block","angle":337.5,"time":44.5},{"type":"block","angle":11.25,"time":45},{"type":"block","angle":22.5,"time":45.25},{"type":"block","angle":33.75,"time":45.5},{"type":"block","angle":45,"time":45.75},{"type":"block","angle":67.5,"time":46},{"type":"block","angle":135,"time":46.5},{"type":"block","angle":168.75,"time":47},{"type":"block","angle":202.5,"time":47.5},{"type":"block","angle":236.25,"time":48},{"type":"block","angle":258.75,"time":48.5},{"type":"block","angle":270,"time":48.75},{"type":"block","angle":281.25,"time":49},{"type":"block","angle":326.25,"time":49.5},{"type":"block","angle":360,"time":50},{"type":"block","angle":78.75,"time":50.5},{"type":"block","angle":135,"time":51},{"type":"block","angle":157.5,"time":51.5},{"type":"block","angle":225,"time":53},{"type":"block","angle":168.75,"time":51.75},{"type":"block","angle":191.25,"time":52.25},{"type":"block","angle":213.75,"time":52.75},{"type":"block","angle":191.25,"time":53.25},{"type":"block","angle":213.75,"time":53.5},{"type":"block","angle":191.25,"time":53.75},{"type":"block","angle":213.75,"time":54},{"type":"block","angle":191.25,"time":54.25},{"type":"block","angle":213.75,"time":54.5},{"type":"block","angle":191.25,"time":54.75},{"type":"block","angle":135,"time":55.5},{"type":"block","angle":225,"time":55},{"type":"block","angle":135,"time":55.75},{"type":"block","angle":180,"time":57},{"type":"block","angle":168.75,"time":56.75},{"type":"block","angle":202.5,"time":57.5},{"type":"block","angle":225,"time":58},{"type":"block","angle":270,"time":58.5},{"type":"block","angle":315,"time":59},{"type":"block","angle":146.25,"time":60.75},{"type":"block","angle":360,"time":59.5},{"type":"block","angle":56.25,"time":60},{"type":"block","angle":123.75,"time":60.5},{"type":"block","angle":123.75,"time":61},{"type":"block","angle":157.5,"time":61.25},{"type":"block","angle":123.75,"time":61.5},{"type":"block","angle":157.5,"time":61.75},{"type":"block","angle":123.75,"time":62},{"type":"block","angle":123.75,"time":62.5},{"type":"block","angle":157.5,"time":62.25},{"type":"block","angle":157.5,"time":62.75},{"type":"block","angle":180,"time":63},{"type":"block","angle":202.5,"time":63.75},{"type":"block","angle":180,"time":63.5},{"type":"block","angle":202.5,"time":64.75},{"type":"block","angle":180,"time":65},{"type":"block","angle":135,"time":65.5},{"type":"block","angle":101.25,"time":67},{"type":"block","angle":101.25,"time":67.5},{"type":"block","angle":78.75,"time":67.25},{"type":"block","angle":101.25,"time":66},{"type":"block","angle":78.75,"time":67.75},{"type":"block","angle":101.25,"time":68},{"type":"block","angle":78.75,"time":66.75},{"type":"block","angle":22.5,"time":68.75},{"type":"block","angle":11.25,"time":69},{"type":"block","angle":45,"time":68.5},{"type":"block","angle":348.75,"time":69.5},{"type":"block","angle":303.75,"time":70},{"type":"block","angle":258.75,"time":70.5},{"type":"block","angle":213.75,"time":71},{"type":"block","angle":180,"time":71.5},{"type":"block","angle":157.5,"time":72},{"type":"block","angle":157.5,"time":72.75},{"type":"block","angle":135,"time":73},{"type":"block","angle":135,"time":72.5},{"type":"block","angle":157.5,"time":73.5},{"type":"block","angle":180,"time":74},{"type":"block","angle":202.5,"time":74.75},{"type":"block","angle":213.75,"time":75},{"type":"block","angle":236.25,"time":75.5},{"type":"block","angle":258.75,"time":76},{"type":"block","angle":348.75,"time":76.75},{"type":"block","angle":303.75,"time":76.5},{"type":"block","angle":303.75,"time":77},{"type":"block","angle":348.75,"time":77.25},{"type":"block","angle":303.75,"time":77.5},{"type":"block","angle":348.75,"time":77.75},{"type":"block","angle":303.75,"time":78},{"type":"block","angle":348.75,"time":78.5},{"type":"block","angle":22.5,"time":79},{"type":"block","angle":180,"time":79.5},{"type":"block","angle":213.75,"time":80},{"type":"block","angle":202.5,"time":80.5},{"type":"block","angle":180,"time":80.75},{"type":"block","angle":168.75,"time":81},{"type":"block","angle":180,"time":81.5},{"type":"block","angle":360,"time":82},{"type":"block","angle":180,"time":82.5},{"type":"block","angle":90,"time":83},{"type":"block","angle":247.5,"time":83.75},{"type":"block","angle":281.25,"time":84},{"type":"block","angle":157.5,"time":85},{"type":"block","angle":270,"time":83.5},{"type":"block","angle":213.75,"time":84.5},{"type":"block","angle":180,"time":84.75},{"type":"block","angle":180,"time":85.25},{"type":"block","angle":202.5,"time":85.5},{"type":"block","angle":180,"time":85.75},{"type":"block","angle":157.5,"time":86},{"type":"block","angle":180,"time":86.25},{"type":"block","angle":202.5,"time":86.5},{"type":"block","angle":180,"time":86.75},{"type":"block","angle":157.5,"time":87},{"type":"block","angle":180,"time":87.5},{"type":"block","angle":202.5,"time":87.75},{"type":"block","angle":180,"time":89},{"type":"block","angle":168.75,"time":88.75},{"type":"block","angle":202.5,"time":89.5},{"type":"block","angle":236.25,"time":90},{"type":"block","angle":225,"time":90.5},{"type":"block","angle":191.25,"time":91},{"type":"block","angle":157.5,"time":92.75},{"type":"block","angle":168.75,"time":91.5},{"type":"block","angle":135,"time":92},{"type":"block","angle":191.25,"time":92.5},{"type":"block","angle":202.5,"time":93},{"type":"block","angle":157.5,"time":93.25},{"type":"block","angle":202.5,"time":93.5},{"type":"block","angle":157.5,"time":93.75},{"type":"block","angle":202.5,"time":94},{"type":"block","angle":202.5,"time":94.5},{"type":"block","angle":157.5,"time":94.25},{"type":"block","angle":157.5,"time":94.75},{"type":"block","angle":202.5,"time":95},{"type":"block","angle":157.5,"time":95.5},{"type":"block","angle":180,"time":95.75},{"type":"block","angle":123.75,"time":99},{"type":"block","angle":123.75,"time":99.5},{"type":"block","angle":157.5,"time":99.25},{"type":"block","angle":123.75,"time":98},{"type":"block","angle":157.5,"time":99.75},{"type":"block","angle":157.5,"time":98.75},{"type":"block","angle":135,"time":100.75},{"type":"block","angle":157.5,"time":101},{"type":"block","angle":157.5,"time":100.5},{"type":"block","angle":78.75,"time":101.5},{"type":"block","angle":45,"time":102},{"type":"block","angle":360,"time":102.5},{"type":"block","angle":326.25,"time":103},{"type":"block","angle":303.75,"time":103.5},{"type":"block","angle":258.75,"time":104},{"type":"block","angle":202.5,"time":104.75},{"type":"block","angle":191.25,"time":105},{"type":"block","angle":168.75,"time":105.5},{"type":"block","angle":135,"time":106},{"type":"block","angle":157.5,"time":106.75},{"type":"block","angle":168.75,"time":107},{"type":"block","angle":191.25,"time":107.5},{"type":"block","angle":202.5,"time":107.75},{"type":"block","angle":202.5,"time":108.75},{"type":"block","angle":225,"time":108.5},{"type":"block","angle":180,"time":109},{"type":"block","angle":157.5,"time":109.25},{"type":"block","angle":135,"time":109.5},{"type":"block","angle":112.5,"time":109.75},{"type":"block","angle":90,"time":110},{"type":"block","angle":56.25,"time":110.5},{"type":"block","angle":0,"time":111},{"type":"block","angle":270,"time":111.5},{"type":"block","angle":213.75,"time":112},{"type":"block","angle":191.25,"time":112.5},{"type":"block","angle":180,"time":112.75},{"type":"block","angle":168.75,"time":113},{"type":"block","angle":191.25,"time":113.5},{"type":"block","angle":213.75,"time":114},{"type":"block","angle":236.25,"time":114.5},{"type":"block","angle":270,"time":115},{"type":"block","angle":45,"time":115.75},{"type":"block","angle":78.75,"time":116},{"type":"block","angle":180,"time":117},{"type":"block","angle":11.25,"time":115.5},{"type":"block","angle":236.25,"time":116.5},{"type":"block","angle":213.75,"time":116.75},{"type":"block","angle":146.25,"time":117.25},{"type":"block","angle":180,"time":117.5},{"type":"block","angle":202.5,"time":117.75},{"type":"block","angle":213.75,"time":118},{"type":"block","angle":180,"time":118.25},{"type":"block","angle":157.5,"time":118.5},{"type":"block","angle":202.5,"time":118.75},{"type":"block","angle":180,"time":119},{"type":"block","angle":78.75,"time":120},{"type":"block","angle":123.75,"time":119.5},{"type":"block","angle":101.25,"time":119.75},{"type":"block","angle":281.25,"time":121},{"type":"block","angle":0,"time":120.75},{"type":"block","angle":202.5,"time":121.5},{"type":"block","angle":180,"time":122},{"type":"block","angle":135,"time":122.5},{"type":"block","angle":78.75,"time":123},{"type":"block","angle":180,"time":124.75},{"type":"block","angle":337.5,"time":123.5},{"type":"block","angle":247.5,"time":124},{"type":"block","angle":202.5,"time":124.5},{"type":"block","angle":202.5,"time":125},{"type":"block","angle":180,"time":125.25},{"type":"block","angle":213.75,"time":125.5},{"type":"block","angle":180,"time":125.75},{"type":"block","angle":213.75,"time":126},{"type":"block","angle":213.75,"time":126.5},{"type":"block","angle":180,"time":126.25},{"type":"block","angle":180,"time":126.75},{"type":"block","angle":213.75,"time":127},{"type":"block","angle":135,"time":127.5},{"type":"block","angle":157.5,"time":127.75},{"type":"block","angle":315,"time":103.25},{"type":"block","angle":236.25,"time":111.75},{"type":"block","angle":292.5,"time":123.75},{"type":"block","angle":202.5,"time":128.75},{"type":"block","angle":180,"time":129},{"type":"block","angle":157.5,"time":129.5},{"type":"block","angle":112.5,"time":131},{"type":"block","angle":112.5,"time":131.5},{"type":"block","angle":78.75,"time":131.25},{"type":"block","angle":135,"time":130},{"type":"block","angle":78.75,"time":132},{"type":"block","angle":90,"time":130.75},{"type":"block","angle":180,"time":132.75},{"type":"block","angle":225,"time":133},{"type":"block","angle":135,"time":132.5},{"type":"block","angle":0,"time":133.5},{"type":"block","angle":180,"time":134},{"type":"block","angle":0,"time":134.25},{"type":"block","angle":202.5,"time":135},{"type":"block","angle":168.75,"time":135.5},{"type":"block","angle":180,"time":136},{"type":"block","angle":191.25,"time":136.75},{"type":"block","angle":168.75,"time":137},{"type":"block","angle":135,"time":137.5},{"type":"block","angle":90,"time":138},{"type":"block","angle":281.25,"time":138.75},{"type":"block","angle":258.75,"time":139},{"type":"block","angle":213.75,"time":139.5},{"type":"block","angle":180,"time":140},{"type":"block","angle":180,"time":140.75},{"type":"block","angle":157.5,"time":140.5},{"type":"block","angle":157.5,"time":141},{"type":"block","angle":180,"time":141.25},{"type":"block","angle":157.5,"time":141.5},{"type":"block","angle":180,"time":141.75},{"type":"block","angle":157.5,"time":142},{"type":"block","angle":157.5,"time":142.5},{"type":"block","angle":157.5,"time":143},{"type":"block","angle":180,"time":143.5},{"type":"block","angle":180,"time":144},{"type":"block","angle":180,"time":144.5},{"type":"block","angle":157.5,"time":144.75},{"type":"block","angle":180,"time":145},{"type":"block","angle":0,"time":145.5},{"type":"block","angle":90,"time":146},{"type":"block","angle":270,"time":146.5},{"type":"block","angle":180,"time":147},{"type":"block","angle":101.25,"time":147.75},{"type":"block","angle":78.75,"time":148},{"type":"block","angle":247.5,"time":149},{"type":"block","angle":123.75,"time":147.5},{"type":"block","angle":303.75,"time":148.5},{"type":"block","angle":270,"time":148.75},{"type":"block","angle":180,"time":149.25},{"type":"block","angle":202.5,"time":149.5},{"type":"block","angle":180,"time":149.75},{"type":"block","angle":202.5,"time":150},{"type":"block","angle":180,"time":150.25},{"type":"block","angle":202.5,"time":150.5},{"type":"block","angle":180,"time":150.75},{"type":"block","angle":202.5,"time":151},{"type":"block","angle":180,"time":152},{"type":"block","angle":213.75,"time":151.5},{"type":"block","angle":191.25,"time":151.75},{"type":"block","angle":123.75,"time":153},{"type":"block","angle":101.25,"time":152.75},{"type":"block","angle":180,"time":153.5},{"type":"block","angle":213.75,"time":154},{"type":"block","angle":247.5,"time":154.5},{"type":"block","angle":281.25,"time":155},{"type":"block","angle":33.75,"time":156.75},{"type":"block","angle":258.75,"time":155.5},{"type":"block","angle":180,"time":156},{"type":"block","angle":0,"time":156.5},{"type":"block","angle":56.25,"time":157},{"type":"block","angle":112.5,"time":157.25},{"type":"block","angle":146.25,"time":157.5},{"type":"block","angle":180,"time":157.75},{"type":"block","angle":202.5,"time":158},{"type":"block","angle":258.75,"time":158.5},{"type":"block","angle":281.25,"time":159},{"type":"block","angle":180,"time":135.25},{"type":"block","angle":202.5,"time":143.75},{"type":"block","angle":225,"time":155.75},{"type":"block","angle":180,"time":142.25},{"type":"block","angle":180,"time":142.75},{"type":"block","angle":191.25,"time":96.75},{"type":"block","angle":180,"time":97},{"type":"block","angle":157.5,"time":97.5},{"type":"inverse","angle":180,"time":1.5},{"type":"inverse","angle":180,"time":2.5},{"type":"inverse","angle":168.75,"time":3.5},{"type":"inverse","angle":202.5,"time":5.5},{"type":"inverse","angle":168.75,"time":6.5},{"type":"inverse","angle":191.25,"time":7.5},{"type":"inverse","angle":157.5,"time":9.5},{"type":"inverse","angle":191.25,"time":10.5},{"type":"inverse","angle":168.75,"time":11.5},{"type":"inverse","angle":191.25,"time":13.5},{"type":"inverse","angle":157.5,"time":14.5},{"type":"inverse","angle":112.5,"time":15.5},{"type":"inverse","angle":123.75,"time":16.5},{"type":"inverse","angle":56.25,"time":17.5},{"type":"inverse","angle":11.25,"time":18.5},{"type":"inverse","angle":337.5,"time":19.5},{"type":"inverse","angle":292.5,"time":20.5},{"type":"inverse","angle":258.75,"time":21.5},{"type":"inverse","angle":213.75,"time":22.5},{"type":"inverse","angle":146.25,"time":23.5},{"type":"inverse","angle":56.25,"time":24.5},{"type":"inverse","angle":292.5,"time":25.5},{"type":"inverse","angle":225,"time":26.5},{"type":"inverse","angle":180,"time":27.5},{"type":"inverse","angle":168.75,"time":28.5},{"type":"inverse","angle":123.75,"time":29.5},{"type":"inverse","angle":202.5,"time":30.5},{"type":"inverse","angle":247.5,"time":31},{"type":"extraTap","angle":202.5,"time":128},{"type":"block","angle":191.25,"time":160.75},{"type":"block","angle":168.75,"time":161},{"type":"block","angle":157.5,"time":161.5},{"type":"block","angle":123.75,"time":163},{"type":"block","angle":78.75,"time":163.5},{"type":"block","angle":101.25,"time":163.25},{"type":"block","angle":146.25,"time":162},{"type":"block","angle":56.25,"time":163.75},{"type":"block","angle":45,"time":164},{"type":"block","angle":135,"time":162.75},{"type":"block","angle":22.5,"time":164.75},{"type":"block","angle":11.25,"time":165},{"type":"block","angle":33.75,"time":164.5},{"type":"block","angle":360,"time":165.5},{"type":"block","angle":348.75,"time":166},{"type":"block","angle":337.5,"time":166.5},{"type":"block","angle":315,"time":167},{"type":"block","angle":281.25,"time":167.5},{"type":"block","angle":258.75,"time":168},{"type":"block","angle":202.5,"time":168.75},{"type":"block","angle":180,"time":169},{"type":"block","angle":225,"time":168.5},{"type":"block","angle":146.25,"time":169.5},{"type":"block","angle":112.5,"time":170},{"type":"block","angle":78.75,"time":170.75},{"type":"block","angle":45,"time":171},{"type":"block","angle":11.25,"time":171.5},{"type":"block","angle":337.5,"time":172},{"type":"block","angle":360,"time":172.75},{"type":"block","angle":337.5,"time":172.5},{"type":"block","angle":11.25,"time":173},{"type":"block","angle":22.5,"time":173.25},{"type":"block","angle":33.75,"time":173.5},{"type":"block","angle":45,"time":173.75},{"type":"block","angle":67.5,"time":174},{"type":"block","angle":135,"time":174.5},{"type":"block","angle":168.75,"time":175},{"type":"block","angle":202.5,"time":175.5},{"type":"block","angle":236.25,"time":176},{"type":"block","angle":258.75,"time":176.5},{"type":"block","angle":270,"time":176.75},{"type":"block","angle":281.25,"time":177},{"type":"block","angle":292.5,"time":177.5},{"type":"block","angle":315,"time":178},{"type":"block","angle":348.75,"time":178.5},{"type":"block","angle":11.25,"time":179},{"type":"block","angle":67.5,"time":179.5},{"type":"block","angle":78.75,"time":179.75},{"type":"block","angle":112.5,"time":180.25},{"type":"block","angle":135,"time":180.5},{"type":"block","angle":157.5,"time":180.75},{"type":"block","angle":168.75,"time":181},{"type":"block","angle":225,"time":181.5},{"type":"block","angle":258.75,"time":182},{"type":"block","angle":281.25,"time":182.5},{"type":"block","angle":303.75,"time":183},{"type":"block","angle":348.75,"time":183.5},{"type":"block","angle":0,"time":183.75},{"type":"block","angle":11.25,"time":184.25},{"type":"block","angle":56.25,"time":184.5},{"type":"block","angle":22.5,"time":184.75},{"type":"block","angle":11.25,"time":185},{"type":"block","angle":78.75,"time":185.5},{"type":"block","angle":146.25,"time":186},{"type":"block","angle":191.25,"time":186.5},{"type":"block","angle":78.75,"time":187},{"type":"block","angle":146.25,"time":187.5},{"type":"block","angle":180,"time":188},{"type":"block","angle":213.75,"time":188.5},{"type":"block","angle":90,"time":189},{"type":"block","angle":146.25,"time":189.5},{"type":"block","angle":90,"time":190},{"type":"block","angle":146.25,"time":190.5},{"type":"block","angle":101.25,"time":191},{"type":"block","angle":146.25,"time":191.5},{"type":"block","angle":112.5,"time":192},{"type":"block","angle":112.5,"time":192.25},{"type":"block","angle":112.5,"time":192.5},{"type":"block","angle":191.25,"time":192.75},{"type":"block","angle":168.75,"time":193},{"type":"block","angle":157.5,"time":193.5},{"type":"block","angle":123.75,"time":195},{"type":"block","angle":78.75,"time":195.5},{"type":"block","angle":101.25,"time":195.25},{"type":"block","angle":146.25,"time":194},{"type":"block","angle":56.25,"time":195.75},{"type":"block","angle":45,"time":196},{"type":"block","angle":135,"time":194.75},{"type":"block","angle":22.5,"time":196.75},{"type":"block","angle":11.25,"time":197},{"type":"block","angle":33.75,"time":196.5},{"type":"block","angle":360,"time":197.5},{"type":"block","angle":348.75,"time":198},{"type":"block","angle":337.5,"time":198.5},{"type":"block","angle":315,"time":199},{"type":"block","angle":281.25,"time":199.5},{"type":"block","angle":258.75,"time":200},{"type":"block","angle":202.5,"time":200.75},{"type":"block","angle":180,"time":201},{"type":"block","angle":225,"time":200.5},{"type":"block","angle":146.25,"time":201.5},{"type":"block","angle":112.5,"time":202},{"type":"block","angle":78.75,"time":202.75},{"type":"block","angle":45,"time":203},{"type":"block","angle":11.25,"time":203.5},{"type":"block","angle":337.5,"time":204},{"type":"block","angle":360,"time":204.75},{"type":"block","angle":337.5,"time":204.5},{"type":"block","angle":11.25,"time":205},{"type":"block","angle":22.5,"time":205.25},{"type":"block","angle":33.75,"time":205.5},{"type":"block","angle":45,"time":205.75},{"type":"block","angle":67.5,"time":206},{"type":"block","angle":135,"time":206.5},{"type":"block","angle":168.75,"time":207},{"type":"block","angle":202.5,"time":207.5},{"type":"block","angle":236.25,"time":208},{"type":"block","angle":258.75,"time":208.5},{"type":"block","angle":270,"time":208.75},{"type":"block","angle":281.25,"time":209},{"type":"block","angle":326.25,"time":209.5},{"type":"block","angle":360,"time":210},{"type":"block","angle":78.75,"time":210.5},{"type":"block","angle":135,"time":211},{"type":"block","angle":157.5,"time":211.5},{"type":"block","angle":225,"time":213},{"type":"block","angle":168.75,"time":211.75},{"type":"block","angle":191.25,"time":212.25},{"type":"block","angle":213.75,"time":212.75},{"type":"block","angle":191.25,"time":213.25},{"type":"block","angle":213.75,"time":213.5},{"type":"block","angle":191.25,"time":213.75},{"type":"block","angle":213.75,"time":214},{"type":"block","angle":191.25,"time":214.25},{"type":"block","angle":213.75,"time":214.5},{"type":"block","angle":191.25,"time":214.75},{"type":"block","angle":135,"time":215.5},{"type":"block","angle":225,"time":215},{"type":"block","angle":135,"time":215.75},{"type":"block","angle":180,"time":217},{"type":"block","angle":168.75,"time":216.75},{"type":"block","angle":202.5,"time":217.5},{"type":"block","angle":225,"time":218},{"type":"block","angle":270,"time":218.5},{"type":"block","angle":315,"time":219},{"type":"block","angle":146.25,"time":220.75},{"type":"block","angle":360,"time":219.5},{"type":"block","angle":56.25,"time":220},{"type":"block","angle":123.75,"time":220.5},{"type":"block","angle":123.75,"time":221},{"type":"block","angle":157.5,"time":221.25},{"type":"block","angle":123.75,"time":221.5},{"type":"block","angle":157.5,"time":221.75},{"type":"block","angle":123.75,"time":222},{"type":"block","angle":123.75,"time":222.5},{"type":"block","angle":157.5,"time":222.25},{"type":"block","angle":157.5,"time":222.75},{"type":"block","angle":180,"time":223},{"type":"block","angle":202.5,"time":223.75},{"type":"block","angle":180,"time":223.5},{"type":"block","angle":202.5,"time":224.75},{"type":"block","angle":180,"time":225},{"type":"block","angle":135,"time":225.5},{"type":"block","angle":101.25,"time":227},{"type":"block","angle":101.25,"time":227.5},{"type":"block","angle":78.75,"time":227.25},{"type":"block","angle":101.25,"time":226},{"type":"block","angle":78.75,"time":227.75},{"type":"block","angle":101.25,"time":228},{"type":"block","angle":78.75,"time":226.75},{"type":"block","angle":22.5,"time":228.75},{"type":"block","angle":11.25,"time":229},{"type":"block","angle":45,"time":228.5},{"type":"block","angle":348.75,"time":229.5},{"type":"block","angle":303.75,"time":230},{"type":"block","angle":258.75,"time":230.5},{"type":"block","angle":213.75,"time":231},{"type":"block","angle":180,"time":231.5},{"type":"block","angle":157.5,"time":232},{"type":"block","angle":157.5,"time":232.75},{"type":"block","angle":135,"time":233},{"type":"block","angle":135,"time":232.5},{"type":"block","angle":157.5,"time":233.5},{"type":"block","angle":180,"time":234},{"type":"block","angle":202.5,"time":234.75},{"type":"block","angle":213.75,"time":235},{"type":"block","angle":236.25,"time":235.5},{"type":"block","angle":258.75,"time":236},{"type":"block","angle":348.75,"time":236.75},{"type":"block","angle":303.75,"time":236.5},{"type":"block","angle":303.75,"time":237},{"type":"block","angle":348.75,"time":237.25},{"type":"block","angle":303.75,"time":237.5},{"type":"block","angle":348.75,"time":237.75},{"type":"block","angle":303.75,"time":238},{"type":"block","angle":348.75,"time":238.5},{"type":"block","angle":22.5,"time":239},{"type":"block","angle":180,"time":239.5},{"type":"block","angle":213.75,"time":240},{"type":"block","angle":202.5,"time":240.5},{"type":"block","angle":180,"time":240.75},{"type":"block","angle":168.75,"time":241},{"type":"block","angle":180,"time":241.5},{"type":"block","angle":360,"time":242},{"type":"block","angle":180,"time":242.5},{"type":"block","angle":90,"time":243},{"type":"block","angle":247.5,"time":243.75},{"type":"block","angle":281.25,"time":244},{"type":"block","angle":157.5,"time":245},{"type":"block","angle":270,"time":243.5},{"type":"block","angle":213.75,"time":244.5},{"type":"block","angle":180,"time":244.75},{"type":"block","angle":180,"time":245.25},{"type":"block","angle":202.5,"time":245.5},{"type":"block","angle":180,"time":245.75},{"type":"block","angle":157.5,"time":246},{"type":"block","angle":180,"time":246.25},{"type":"block","angle":202.5,"time":246.5},{"type":"block","angle":180,"time":246.75},{"type":"block","angle":157.5,"time":247},{"type":"block","angle":180,"time":247.5},{"type":"block","angle":202.5,"time":247.75},{"type":"block","angle":180,"time":249},{"type":"block","angle":168.75,"time":248.75},{"type":"block","angle":202.5,"time":249.5},{"type":"block","angle":236.25,"time":250},{"type":"block","angle":225,"time":250.5},{"type":"block","angle":191.25,"time":251},{"type":"block","angle":157.5,"time":252.75},{"type":"block","angle":168.75,"time":251.5},{"type":"block","angle":135,"time":252},{"type":"block","angle":191.25,"time":252.5},{"type":"block","angle":202.5,"time":253},{"type":"block","angle":157.5,"time":253.25},{"type":"block","angle":202.5,"time":253.5},{"type":"block","angle":157.5,"time":253.75},{"type":"block","angle":202.5,"time":254},{"type":"block","angle":202.5,"time":254.5},{"type":"block","angle":157.5,"time":254.25},{"type":"block","angle":157.5,"time":254.75},{"type":"block","angle":202.5,"time":255},{"type":"block","angle":157.5,"time":255.5},{"type":"block","angle":180,"time":255.75},{"type":"block","angle":191.25,"time":256.75},{"type":"block","angle":123.75,"time":259},{"type":"block","angle":123.75,"time":259.5},{"type":"block","angle":157.5,"time":259.25},{"type":"block","angle":123.75,"time":258},{"type":"block","angle":157.5,"time":259.75},{"type":"block","angle":157.5,"time":258.75},{"type":"block","angle":135,"time":260.75},{"type":"block","angle":157.5,"time":261},{"type":"block","angle":157.5,"time":260.5},{"type":"block","angle":78.75,"time":261.5},{"type":"block","angle":45,"time":262},{"type":"block","angle":360,"time":262.5},{"type":"block","angle":326.25,"time":263},{"type":"block","angle":303.75,"time":263.5},{"type":"block","angle":258.75,"time":264},{"type":"block","angle":202.5,"time":264.75},{"type":"block","angle":191.25,"time":265},{"type":"block","angle":168.75,"time":265.5},{"type":"block","angle":135,"time":266},{"type":"block","angle":157.5,"time":266.75},{"type":"block","angle":168.75,"time":267},{"type":"block","angle":191.25,"time":267.5},{"type":"block","angle":202.5,"time":267.75},{"type":"block","angle":202.5,"time":268.75},{"type":"block","angle":225,"time":268.5},{"type":"block","angle":180,"time":269},{"type":"block","angle":157.5,"time":269.25},{"type":"block","angle":135,"time":269.5},{"type":"block","angle":112.5,"time":269.75},{"type":"block","angle":90,"time":270},{"type":"block","angle":56.25,"time":270.5},{"type":"block","angle":0,"time":271},{"type":"block","angle":270,"time":271.5},{"type":"block","angle":213.75,"time":272},{"type":"block","angle":191.25,"time":272.5},{"type":"block","angle":180,"time":272.75},{"type":"block","angle":168.75,"time":273},{"type":"block","angle":191.25,"time":273.5},{"type":"block","angle":213.75,"time":274},{"type":"block","angle":236.25,"time":274.5},{"type":"block","angle":270,"time":275},{"type":"block","angle":45,"time":275.75},{"type":"block","angle":78.75,"time":276},{"type":"block","angle":180,"time":277},{"type":"block","angle":11.25,"time":275.5},{"type":"block","angle":236.25,"time":276.5},{"type":"block","angle":213.75,"time":276.75},{"type":"block","angle":146.25,"time":277.25},{"type":"block","angle":180,"time":277.5},{"type":"block","angle":202.5,"time":277.75},{"type":"block","angle":213.75,"time":278},{"type":"block","angle":180,"time":278.25},{"type":"block","angle":157.5,"time":278.5},{"type":"block","angle":202.5,"time":278.75},{"type":"block","angle":180,"time":279},{"type":"block","angle":78.75,"time":280},{"type":"block","angle":123.75,"time":279.5},{"type":"block","angle":101.25,"time":279.75},{"type":"block","angle":281.25,"time":281},{"type":"block","angle":0,"time":280.75},{"type":"block","angle":202.5,"time":281.5},{"type":"block","angle":180,"time":282},{"type":"block","angle":135,"time":282.5},{"type":"block","angle":78.75,"time":283},{"type":"block","angle":180,"time":284.75},{"type":"block","angle":337.5,"time":283.5},{"type":"block","angle":247.5,"time":284},{"type":"block","angle":202.5,"time":284.5},{"type":"block","angle":202.5,"time":285},{"type":"block","angle":180,"time":285.25},{"type":"block","angle":213.75,"time":285.5},{"type":"block","angle":180,"time":285.75},{"type":"block","angle":213.75,"time":286},{"type":"block","angle":213.75,"time":286.5},{"type":"block","angle":180,"time":286.25},{"type":"block","angle":180,"time":286.75},{"type":"block","angle":213.75,"time":287},{"angle":360,"time":287.5,"tap":true,"type":"block"},{"angle":360,"time":287.75,"tap":true,"type":"block"},{"type":"block","angle":315,"time":263.25},{"type":"block","angle":236.25,"time":271.75},{"type":"block","angle":292.5,"time":283.75},{"type":"block","angle":180,"time":257},{"type":"block","angle":157.5,"time":257.5},{"angle":360,"time":288,"tap":true,"type":"block"},{"type":"extraTap","angle":202.5,"time":257.5},{"type":"extraTap","angle":202.5,"time":258.5},{"type":"extraTap","angle":202.5,"time":259.5},{"type":"extraTap","angle":213.75,"time":260.5},{"type":"extraTap","angle":225,"time":261.5},{"type":"extraTap","angle":225,"time":262.5},{"type":"extraTap","angle":225,"time":263.5},{"type":"extraTap","angle":225,"time":264.5},{"type":"extraTap","angle":225,"time":265.5},{"type":"extraTap","angle":225,"time":266.5},{"type":"extraTap","angle":225,"time":267.5},{"type":"extraTap","angle":225,"time":268.5},{"type":"extraTap","angle":225,"time":269.5},{"type":"extraTap","angle":225,"time":270.5},{"type":"extraTap","angle":225,"time":271.5},{"type":"extraTap","angle":225,"time":272.5},{"type":"extraTap","angle":225,"time":273.5},{"type":"extraTap","angle":225,"time":274.5},{"type":"extraTap","angle":225,"time":275.5},{"type":"extraTap","angle":225,"time":276.5},{"type":"extraTap","angle":225,"time":277.5},{"type":"extraTap","angle":225,"time":278.5},{"type":"extraTap","angle":225,"time":279.5},{"type":"extraTap","angle":225,"time":280.5},{"type":"extraTap","angle":225,"time":281.5},{"type":"extraTap","angle":225,"time":282.5},{"type":"extraTap","angle":225,"time":283.5},{"type":"extraTap","angle":225,"time":284.5},{"type":"extraTap","angle":225,"time":285.5},{"type":"extraTap","angle":225,"time":286.5}]