{"properties":{"offset":8,"speed":70,"formatversion":12,"startBeat":0},"events":[{"time":0,"file":"GET OUT Sound Effect.ogg","bpm":144,"type":"play","angle":337.5,"volume":4.9999976158142},{"time":-9,"type":"setBgColor","angle":270,"color":2},{"angle":11.25,"time":2.875,"type":"showResults"}],"metadata":{"artist":"Tuco","charter":"yahavraz","difficulty":0,"bg":true,"description":"1000000/10 GET OUT ","bgData":{"redChannel":{"b":29,"g":146,"r":183},"image":"getoutpic.png","blueChannel":{"b":21,"g":114,"r":147}},"artistLink":"","songName":"GET OUT"}}