{"properties":{"offset":8,"speed":70,"loadBeat":-1,"formatversion":13},"metadata":{"description":"cruelity squad\n-------------------------------\n\nAstro: This is my testing thing idk why I\ngave it a name\n\nPurpz: i did the vfx :3 and also uh. watch GRAVITY FALLS.","bgData":{"redChannel":{"r":115,"g":31,"b":122},"blueChannel":{"r":158,"g":32,"b":131},"greenChannel":{"r":182,"g":63,"b":131},"yellowChannel":{"r":107,"g":155,"b":207},"magentaChannel":{"r":255,"g":255,"b":255},"image":"pyrotv-ssbg.png","cyanChannel":{"r":0,"g":0,"b":0}},"artist":"Lucideds","charter":"astrob4t + ImPurplez_ [_IPz]","artistLink":"","bg":true,"difficulty":5,"songName":"pyro.outro - Min VFX"},"events":[{"offset":0.20000000298023,"type":"play","angle":0,"volume":1,"time":1,"file":"pyrocynical outro.ogg","bpm":93},{"b":54,"type":"setColor","angle":303.75,"g":2,"time":-1,"color":0,"r":20},{"ox":42,"oy":42,"parentid":"@player","time":-1,"rotationinfluence":-0.25,"x":0,"type":"deco","angle":135,"id":"crankyout.png","sprite":"customBodyout.png","y":0},{"ox":42,"oy":42,"y":0,"time":-1,"rotationinfluence":1,"x":0,"type":"deco","angle":45,"id":"Crank that cranky boy","sprite":"customBody.png","parentid":"@player"},{"paddle":1,"ease":"linear","type":"paddles","angle":360,"duration":0.5,"time":7.5,"newWidth":50},{"paddle":1,"ease":"linear","type":"paddles","angle":0,"duration":0.75,"time":8.25,"newWidth":70},{"start":1,"time":302.75,"ease":"linear","type":"ease","value":15,"duration":5,"angle":337.5,"var":"scrollSpeed"},{"time":306,"type":"showResults","angle":0},{"type":"deco","angle":348.75,"id":"Crank that cranky boy","time":302.75,"hide":true},{"ox":25,"recolor":6,"sx":0.60000002384186,"sy":0.60000002384186,"time":0,"x":-188,"drawOrder":101,"sprite":"Location.png","angle":191.25,"parentid":"tv","id":"Locate","type":"deco","y":82},{"b":255,"type":"setColor","angle":281.25,"g":0,"time":-1,"color":1,"r":140},{"x":140,"type":"deco","angle":168.75,"id":"Locate","time":0.5,"ease":"linear","duration":305.5},{"sx":0.125,"sy":0.17499999701977,"time":296.75,"x":64,"y":0.75,"angle":315,"id":"3","type":"deco","sprite":"3.png"},{"sx":0.125,"sy":0.15000000596046,"time":280.25,"x":64,"y":0.75,"angle":135,"id":"2","type":"deco","sprite":"2.png"},{"sx":0.125,"sy":0.15000000596046,"time":262,"x":64,"y":0.75,"angle":78.75,"id":"1","type":"deco","sprite":"1.png"},{"type":"deco","angle":56.25,"id":"0","time":262,"hide":true},{"b":122,"type":"setColor","angle":292.5,"g":31,"time":-1,"color":2,"r":115},{"b":131,"type":"setColor","angle":315,"g":32,"time":-1,"color":3,"r":158},{"b":131,"type":"setColor","angle":337.5,"g":63,"time":-1,"color":4,"r":182},{"b":207,"type":"setColor","angle":247.5,"g":155,"time":-1,"color":5,"r":107},{"b":255,"type":"setColor","angle":225,"g":255,"time":-1,"color":6,"r":255},{"ox":264.5,"oy":159.5,"sx":1.1499999761581,"sy":1.2000000476837,"time":-1,"x":300,"type":"deco","angle":22.5,"id":"tv","drawOrder":100,"y":180,"sprite":"pyrotv.png"},{"type":"hom","angle":157.5,"enable":true,"time":0.5},{"type":"noise","angle":135,"time":0.5,"color":0,"chance":0.70999962091446},{"ox":300,"oy":180,"sx":1.1000000238419,"time":-1,"drawOrder":99,"sprite":"border.png","angle":67.5,"id":"x","type":"deco","sy":1.2000000476837},{"type":"ease","angle":157.5,"time":-1,"value":45,"var":"vfx.comboY"},{"type":"ease","value":-210,"time":-1,"angle":180,"var":"vfx.comboX"},{"type":"ease","angle":337.5,"time":-0.66666668653488,"value":-60,"var":"vfx.accuracyX"},{"type":"ease","value":30,"time":-0.66666668653488,"angle":0,"var":"vfx.accuracyY"},{"ease":"outSine","type":"ease","angle":270,"duration":1.3333333730698,"time":18.333333969116,"value":150,"var":"p.y"},{"ease":"outSine","type":"ease","angle":180,"duration":2.3333332538605,"time":60.666667938232,"value":170,"var":"p.y"},{"type":"ease","value":190,"duration":3.3333332538605,"time":147,"angle":292.5,"var":"p.y"},{"ease":"inOutQuad","type":"ease","angle":135,"duration":3,"time":172.66667175293,"value":170,"var":"p.y"}]}