[{"time":0,"type":"block","speedMult":2,"angle":315},{"time":0.25,"type":"side","speedMult":2,"angle":360},{"time":0.5,"type":"block","speedMult":2,"angle":45},{"time":0.75,"type":"side","speedMult":2,"angle":360},{"time":1,"type":"block","speedMult":2,"angle":45},{"time":1.25,"type":"side","speedMult":2,"angle":90},{"time":1.75,"type":"side","speedMult":2,"angle":90},{"time":1.5,"type":"block","speedMult":2,"angle":135},{"time":2,"type":"block","speedMult":2,"angle":135},{"time":2.5,"type":"block","speedMult":2,"angle":225},{"time":3,"type":"block","speedMult":2,"angle":225},{"time":3.5,"type":"block","speedMult":2,"angle":315},{"time":2.25,"type":"side","speedMult":2,"angle":180},{"time":2.75,"type":"side","speedMult":2,"angle":180},{"time":3.25,"type":"side","speedMult":2,"angle":270},{"time":3.75,"type":"side","speedMult":2,"angle":270},{"time":4,"type":"block","speedMult":2,"angle":315},{"time":4.5,"type":"block","speedMult":2,"angle":45},{"time":5,"type":"block","speedMult":2,"angle":45},{"time":6,"type":"block","speedMult":2,"angle":135},{"time":5.5,"type":"block","speedMult":2,"angle":135},{"time":7,"type":"block","speedMult":2,"angle":225},{"time":6.5,"type":"block","speedMult":2,"angle":225},{"time":7.5,"type":"block","speedMult":2,"angle":315},{"time":4.25,"type":"side","speedMult":2,"angle":360},{"time":4.75,"type":"side","speedMult":2,"angle":0},{"time":5.25,"type":"side","speedMult":2,"angle":90},{"time":5.75,"type":"side","speedMult":2,"angle":90},{"time":6.25,"type":"side","speedMult":2,"angle":180},{"time":6.75,"type":"side","speedMult":2,"angle":180},{"time":7.25,"type":"side","speedMult":2,"angle":270},{"time":7.75,"type":"side","speedMult":2,"angle":270},{"time":8,"type":"block","speedMult":2,"angle":315},{"time":8.5,"type":"block","speedMult":2,"angle":45},{"time":9,"type":"block","speedMult":2,"angle":45},{"time":9.5,"type":"block","speedMult":2,"angle":135},{"time":10,"type":"block","speedMult":2,"angle":135},{"time":10.5,"type":"block","speedMult":2,"angle":225},{"time":11,"type":"block","speedMult":2,"angle":225},{"time":11.5,"type":"block","speedMult":2,"angle":315},{"time":8.25,"type":"side","speedMult":2,"angle":0},{"time":8.75,"type":"side","speedMult":2,"angle":0},{"time":9.25,"type":"side","speedMult":2,"angle":90},{"time":9.75,"type":"side","speedMult":2,"angle":90},{"time":10.25,"type":"side","speedMult":2,"angle":180},{"time":10.75,"type":"side","speedMult":2,"angle":180},{"time":11.25,"type":"side","speedMult":2,"angle":270},{"time":11.75,"type":"side","speedMult":2,"angle":270},{"time":8.25,"type":"extraTap","speedMult":3,"angle":180},{"time":8.5,"type":"extraTap","speedMult":3,"angle":180},{"time":9,"type":"extraTap","speedMult":3,"angle":180},{"time":9.25,"type":"extraTap","speedMult":3,"angle":180},{"time":12,"type":"block","speedMult":2,"angle":315},{"time":12.5,"type":"block","speedMult":2,"angle":45},{"time":13,"type":"block","speedMult":2,"angle":45},{"time":13.5,"type":"block","speedMult":2,"angle":135},{"time":14,"type":"block","speedMult":2,"angle":135},{"time":14.5,"type":"block","speedMult":2,"angle":225},{"time":12.25,"type":"side","speedMult":2,"angle":0},{"time":12.75,"type":"side","speedMult":2,"angle":0},{"time":13.25,"type":"side","speedMult":2,"angle":90},{"time":13.75,"type":"side","speedMult":2,"angle":90},{"time":14.25,"type":"side","speedMult":2,"angle":180},{"time":14.75,"type":"side","speedMult":2,"angle":180},{"time":12.25,"type":"extraTap","speedMult":3,"angle":180},{"time":12.5,"type":"extraTap","speedMult":3,"angle":180},{"time":13,"type":"extraTap","speedMult":3,"angle":180},{"time":13.25,"type":"extraTap","speedMult":3,"angle":180},{"time":15,"duration":1,"angle2":405,"angle":225,"type":"hold","speedMult":2,"holdEase":"inSine"},{"time":18,"duration":1,"angle2":315,"angle":270,"type":"hold","speedMult":2,"holdEase":"inSine"},{"time":19,"duration":1,"angle2":225,"angle":315,"type":"hold","speedMult":2,"holdEase":"outSine"},{"duration":2,"time":20,"speedMult":2,"holdEase":"inQuad","angle2":0,"startTap":true,"angle":225,"type":"hold"},{"duration":2,"time":16,"speedMult":2,"holdEase":"inQuad","angle2":270,"startTap":true,"angle":45,"type":"hold"},{"time":22,"duration":1,"angle2":315,"angle":360,"type":"hold","speedMult":2,"holdEase":"inSine"},{"time":23,"duration":1,"angle2":405,"angle":315,"type":"hold","speedMult":2,"holdEase":"inSine"},{"duration":2,"time":24,"speedMult":2,"holdEase":"inQuint","angle2":270,"startTap":true,"angle":45,"type":"hold"},{"time":26,"duration":1,"angle2":315,"angle":270,"type":"hold","speedMult":2,"holdEase":"outQuint"},{"time":27,"duration":1,"angle2":225,"angle":315,"type":"hold","speedMult":2,"holdEase":"outQuart"},{"duration":2,"time":28,"speedMult":2,"holdEase":"inExpo","angle2":90,"startTap":true,"angle":225,"type":"hold"},{"time":30,"duration":1,"angle2":0,"angle":90,"type":"hold","speedMult":2,"holdEase":"inOutQuad"},{"time":31,"duration":1,"angle":0,"type":"hold","speedMult":2,"angle2":45},{"time":34,"duration":1,"angle2":315,"angle":270,"type":"hold","speedMult":2,"holdEase":"inSine"},{"time":35,"duration":1,"angle2":225,"angle":315,"type":"hold","speedMult":2,"holdEase":"outSine"},{"duration":2,"time":36,"speedMult":2,"holdEase":"inQuad","angle2":0,"startTap":true,"angle":225,"type":"hold"},{"duration":2,"time":32,"speedMult":2,"holdEase":"inQuad","angle2":270,"startTap":true,"angle":45,"type":"hold"},{"time":38,"duration":1,"angle2":315,"angle":360,"type":"hold","speedMult":2,"holdEase":"inSine"},{"time":39,"duration":1,"angle2":405,"angle":315,"type":"hold","speedMult":2,"holdEase":"inSine"},{"duration":2,"time":40,"speedMult":2,"holdEase":"inQuint","angle2":270,"startTap":true,"angle":45,"type":"hold"},{"time":42,"duration":1,"angle2":315,"angle":270,"type":"hold","speedMult":2,"holdEase":"outQuint"},{"time":43,"duration":1,"angle2":225,"angle":315,"type":"hold","speedMult":2,"holdEase":"outQuart"},{"duration":4,"time":44,"speedMult":2,"holdEase":"inExpo","angle2":405,"startTap":true,"angle":225,"type":"hold"},{"time":32.5,"type":"extraTap","speedMult":3,"angle":180},{"time":33,"type":"extraTap","speedMult":3,"angle":180},{"time":33.5,"type":"extraTap","speedMult":3,"angle":180},{"time":35.25,"type":"extraTap","speedMult":3,"angle":180},{"time":35,"type":"extraTap","speedMult":3,"angle":180},{"time":35.5,"type":"extraTap","speedMult":3,"angle":180},{"time":35.75,"type":"extraTap","speedMult":3,"angle":180},{"time":36.5,"type":"extraTap","speedMult":3,"angle":270},{"time":37,"type":"extraTap","speedMult":3,"angle":270},{"time":37.5,"type":"extraTap","speedMult":3,"angle":270},{"time":39.75,"type":"extraTap","speedMult":3,"angle":270},{"time":39.5,"type":"extraTap","speedMult":3,"angle":270},{"time":39.25,"type":"extraTap","speedMult":3,"angle":270},{"time":39,"type":"extraTap","speedMult":3,"angle":270},{"time":40.5,"type":"extraTap","speedMult":3,"angle":360},{"time":41,"type":"extraTap","speedMult":3,"angle":360},{"time":41.5,"type":"extraTap","speedMult":3,"angle":0},{"time":43,"type":"extraTap","speedMult":3,"angle":360},{"time":43.25,"type":"extraTap","speedMult":3,"angle":360},{"time":43.5,"type":"extraTap","speedMult":3,"angle":360},{"time":43.75,"type":"extraTap","speedMult":3,"angle":360},{"time":44.5,"type":"extraTap","speedMult":3,"angle":90},{"time":45,"type":"extraTap","speedMult":3,"angle":90},{"time":45.5,"type":"extraTap","speedMult":3,"angle":90},{"time":47,"type":"extraTap","speedMult":3,"angle":90},{"time":47.25,"type":"extraTap","speedMult":3,"angle":90},{"time":47.5,"type":"extraTap","speedMult":3,"angle":90},{"time":47.75,"type":"extraTap","speedMult":3,"angle":90},{"time":48.5,"type":"block","speedMult":2,"angle":360},{"time":49,"type":"block","speedMult":2,"angle":315},{"time":49.5,"type":"block","speedMult":2,"angle":270},{"time":50,"type":"side","speedMult":2,"angle":0},{"time":50.5,"type":"block","speedMult":2,"angle":45},{"time":51,"type":"block","speedMult":2,"angle":90},{"time":51.5,"type":"block","speedMult":2,"angle":90},{"time":48.75,"type":"block","speedMult":2,"angle":337.5},{"time":49.75,"type":"block","speedMult":2,"angle":292.5},{"time":48.25,"type":"block","speedMult":2,"angle":90},{"time":49.25,"type":"block","speedMult":2,"angle":247.5},{"time":52,"type":"block","speedMult":2,"angle":90},{"time":52.5,"type":"block","speedMult":2,"angle":360},{"time":53,"type":"block","speedMult":2,"angle":315},{"time":53.25,"type":"block","speedMult":2,"angle":292.5},{"time":53.75,"type":"block","speedMult":2,"angle":225},{"time":53.875,"duration":2.125,"angle":225,"type":"hold","speedMult":2,"angle2":90},{"time":56.5,"type":"block","speedMult":2,"angle":360},{"time":57,"type":"block","speedMult":2,"angle":315},{"time":57.5,"type":"block","speedMult":2,"angle":270},{"time":58,"type":"side","speedMult":2,"angle":0},{"time":58.5,"type":"block","speedMult":2,"angle":45},{"time":59,"type":"block","speedMult":2,"angle":90},{"time":59.5,"type":"block","speedMult":2,"angle":90},{"time":56.75,"type":"block","speedMult":2,"angle":337.5},{"time":57.75,"type":"block","speedMult":2,"angle":292.5},{"time":56.25,"type":"block","speedMult":2,"angle":90},{"time":57.25,"type":"block","speedMult":2,"angle":247.5},{"time":60,"type":"block","speedMult":2,"angle":90},{"time":60.5,"type":"block","speedMult":2,"angle":360},{"time":61,"type":"block","speedMult":2,"angle":315},{"time":61.25,"type":"block","speedMult":2,"angle":292.5},{"time":61.75,"type":"block","speedMult":2,"angle":225},{"time":61.875,"duration":1.75,"angle":225,"type":"hold","speedMult":2,"angle2":90},{"time":62,"type":"extraTap","speedMult":3,"angle":360},{"time":62.5,"type":"extraTap","speedMult":3,"angle":0},{"time":63,"type":"extraTap","speedMult":3,"angle":360},{"time":63.25,"type":"extraTap","speedMult":3,"angle":360},{"time":64.5,"type":"block","speedMult":2,"angle":360},{"time":65,"type":"block","speedMult":2,"angle":315},{"time":65.5,"type":"block","speedMult":2,"angle":270},{"time":66,"type":"side","speedMult":2,"angle":0},{"time":66.5,"type":"block","speedMult":2,"angle":45},{"time":67,"type":"block","speedMult":2,"angle":90},{"time":67.5,"type":"block","speedMult":2,"angle":90},{"time":64.75,"type":"block","speedMult":2,"angle":337.5},{"time":65.75,"type":"block","speedMult":2,"angle":292.5},{"time":64.25,"type":"block","speedMult":2,"angle":90},{"time":65.25,"type":"block","speedMult":2,"angle":247.5},{"time":68,"type":"block","speedMult":2,"angle":90},{"time":68.5,"type":"block","speedMult":2,"angle":360},{"time":69,"type":"block","speedMult":2,"angle":315},{"time":69.25,"type":"block","speedMult":2,"angle":292.5},{"time":69.75,"type":"block","speedMult":2,"angle":225},{"time":64.5,"type":"extraTap","speedMult":3,"angle":180},{"time":65.5,"type":"extraTap","speedMult":3,"angle":180},{"time":66.5,"type":"extraTap","speedMult":3,"angle":180},{"time":67.5,"type":"extraTap","speedMult":3,"angle":180},{"time":68.5,"type":"extraTap","speedMult":3,"angle":180},{"time":69.5,"type":"extraTap","speedMult":3,"angle":180},{"time":70.5,"type":"extraTap","speedMult":3,"angle":270},{"time":71.5,"type":"extraTap","speedMult":3,"angle":0},{"time":70.5,"type":"block","speedMult":2,"angle":292.5},{"time":70.75,"type":"block","speedMult":2,"angle":315},{"time":71,"type":"block","speedMult":2,"angle":292.5},{"time":71.25,"type":"block","speedMult":2,"angle":315},{"time":71.75,"type":"side","speedMult":2,"angle":45},{"time":72.5,"type":"block","speedMult":2,"angle":360},{"time":73,"type":"block","speedMult":2,"angle":315},{"time":73.5,"type":"block","speedMult":2,"angle":270},{"time":74,"type":"side","speedMult":2,"angle":0},{"time":74.5,"type":"block","speedMult":2,"angle":45},{"time":75,"type":"block","speedMult":2,"angle":90},{"time":75.5,"type":"block","speedMult":2,"angle":90},{"time":72.75,"type":"block","speedMult":2,"angle":337.5},{"time":73.75,"type":"block","speedMult":2,"angle":292.5},{"time":72.25,"type":"block","speedMult":2,"angle":90},{"time":73.25,"type":"block","speedMult":2,"angle":247.5},{"time":76,"type":"block","speedMult":2,"angle":90},{"time":76.5,"type":"block","speedMult":2,"angle":360},{"time":77,"type":"block","speedMult":2,"angle":315},{"time":77.25,"type":"block","speedMult":2,"angle":292.5},{"time":77.75,"type":"block","speedMult":2,"angle":225},{"time":72.5,"type":"extraTap","speedMult":3,"angle":180},{"time":73.5,"type":"extraTap","speedMult":3,"angle":180},{"time":74.5,"type":"extraTap","speedMult":3,"angle":180},{"time":75.5,"type":"extraTap","speedMult":3,"angle":180},{"time":76.5,"type":"extraTap","speedMult":3,"angle":180},{"time":77.5,"type":"extraTap","speedMult":3,"angle":180},{"time":78.5,"type":"extraTap","speedMult":3,"angle":270},{"time":79.5,"type":"extraTap","speedMult":3,"angle":0},{"time":78.5,"tap":true,"speedMult":2,"type":"block","angle":292.5},{"time":78.625,"type":"block","speedMult":2,"angle":303.75},{"time":78.75,"type":"block","speedMult":2,"angle":292.5},{"time":78.875,"type":"block","speedMult":2,"angle":281.25},{"time":79,"tap":true,"speedMult":2,"type":"block","angle":270},{"time":79.125,"type":"block","angle":258.75,"speedMult":2},{"time":79.25,"type":"block","speedMult":2,"angle":270},{"time":79.375,"type":"block","speedMult":2,"angle":270},{"time":79.5,"tap":true,"speedMult":2,"type":"block","angle":258.75},{"time":79.625,"type":"block","speedMult":2,"angle":247.5},{"time":79.75,"type":"block","speedMult":2,"angle":236.25},{"time":79.875,"type":"block","speedMult":2,"angle":225},{"time":80,"duration":2,"startTap":true,"angle2":450,"type":"hold","angle":270,"speedMult":2},{"time":82,"duration":1,"angle":90,"type":"hold","speedMult":2,"angle2":450},{"time":83.25,"type":"block","speedMult":2,"angle":45},{"time":83.5,"tap":true,"speedMult":2,"type":"block","angle":0},{"time":83,"tap":true,"speedMult":2,"type":"block","angle":90},{"time":83.75,"type":"side","speedMult":2,"angle":180},{"time":84,"type":"side","speedMult":2,"angle":90},{"time":85,"type":"block","speedMult":2,"angle":360},{"time":85.25,"tap":true,"speedMult":2,"type":"block","angle":270},{"time":85.5,"type":"block","speedMult":2,"angle":0},{"time":85.75,"tap":true,"speedMult":2,"type":"block","angle":270},{"time":86,"duration":1,"angle2":-180,"angle":180,"type":"hold","speedMult":3,"holdEase":"inOutQuad"},{"time":87.5,"tap":true,"speedMult":2,"type":"block","angle":180},{"time":88,"duration":2,"startTap":true,"angle2":450,"type":"hold","angle":270,"speedMult":2},{"time":90,"duration":1,"angle":90,"type":"hold","speedMult":2,"angle2":450},{"time":91.25,"type":"block","speedMult":2,"angle":45},{"time":91.5,"tap":true,"speedMult":2,"type":"block","angle":0},{"time":91,"tap":true,"speedMult":2,"type":"block","angle":90},{"time":91.75,"type":"side","speedMult":2,"angle":180},{"time":92,"type":"side","speedMult":2,"angle":90},{"time":93,"type":"block","speedMult":2,"angle":360},{"time":93.25,"tap":true,"speedMult":2,"type":"block","angle":270},{"time":93.5,"type":"block","speedMult":2,"angle":0},{"time":93.75,"tap":true,"speedMult":2,"type":"block","angle":270},{"time":94,"tap":true,"speedMult":2,"type":"block","angle":270},{"time":94.125,"type":"block","speedMult":2,"angle":258.75},{"time":94.25,"type":"block","speedMult":2,"angle":247.5},{"time":94.375,"type":"block","speedMult":2,"angle":236.25},{"time":94.5,"tap":true,"speedMult":2,"type":"block","angle":247.5},{"time":94.625,"type":"block","speedMult":2,"angle":236.25},{"time":94.75,"type":"block","speedMult":2,"angle":225},{"time":94.875,"type":"block","speedMult":2,"angle":213.75},{"time":95,"tap":true,"speedMult":2,"type":"block","angle":202.5},{"time":95.125,"type":"block","speedMult":2,"angle":191.25},{"time":95.25,"type":"block","speedMult":2,"angle":180},{"time":95.375,"type":"block","speedMult":2,"angle":168.75},{"time":95.5,"tap":true,"speedMult":2,"type":"block","angle":157.5},{"time":95.625,"type":"block","speedMult":2,"angle":168.75},{"time":95.75,"type":"block","speedMult":2,"angle":180},{"time":95.875,"type":"block","speedMult":2,"angle":191.25},{"time":96,"duration":2,"angle2":405,"angle":180,"type":"hold","speedMult":2,"holdEase":"inBack"},{"duration":2,"time":98,"angle":45,"holdEase":"inOutQuad","angle2":-90,"startTap":true,"speedMult":3,"type":"hold"},{"time":98.5,"type":"extraTap","angle":180,"speedMult":3},{"time":99.5,"type":"extraTap","angle":180,"speedMult":3},{"time":100,"duration":1,"angle2":360,"angle":270,"type":"hold","speedMult":3,"holdEase":"inCubic"},{"time":101,"duration":1,"angle":360,"type":"hold","speedMult":3,"angle2":315},{"time":100.5,"type":"extraTap","angle":180,"speedMult":3},{"time":101.5,"type":"extraTap","angle":180,"speedMult":3},{"duration":2,"time":102,"speedMult":3,"holdEase":"inOutQuad","angle2":450,"startTap":true,"angle":315,"type":"hold"},{"time":104,"duration":1,"angle2":0,"angle":90,"type":"hold","speedMult":3,"holdEase":"inCubic"},{"time":105,"duration":1,"angle":360,"type":"hold","speedMult":3,"angle2":405},{"time":102.5,"type":"extraTap","angle":180,"speedMult":3},{"time":103.5,"type":"extraTap","angle":180,"speedMult":3},{"time":104.5,"type":"extraTap","angle":180,"speedMult":3},{"time":105.5,"type":"extraTap","angle":180,"speedMult":3},{"duration":2,"time":106,"angle":45,"holdEase":"inExpo","angle2":-90,"startTap":true,"speedMult":3,"type":"hold"},{"time":108,"duration":1,"angle2":405,"angle":270,"type":"hold","speedMult":3,"holdEase":"inSine"},{"time":109,"duration":1,"angle2":0,"angle":45,"type":"hold","speedMult":3,"holdEase":"inCubic"},{"duration":2,"time":110,"speedMult":3,"holdEase":"inQuint","angle2":180,"startTap":true,"angle":360,"type":"hold"},{"time":106.5,"type":"extraTap","angle":180,"speedMult":3},{"time":107.5,"type":"extraTap","angle":180,"speedMult":3},{"time":108.5,"type":"extraTap","angle":180,"speedMult":3},{"time":109.5,"type":"extraTap","angle":180,"speedMult":3},{"time":110.5,"type":"extraTap","angle":180,"speedMult":3},{"time":111.5,"type":"extraTap","angle":180,"speedMult":3},{"time":116.5,"type":"extraTap","angle":180,"speedMult":3},{"time":115.5,"type":"extraTap","angle":180,"speedMult":3},{"time":119.5,"type":"extraTap","angle":180,"speedMult":3},{"time":120.5,"type":"extraTap","angle":180,"speedMult":3},{"time":118.5,"type":"extraTap","angle":180,"speedMult":3},{"time":121.5,"type":"extraTap","angle":180,"speedMult":3},{"time":117.5,"type":"extraTap","angle":180,"speedMult":3},{"time":115,"type":"block","speedMult":3,"angle":135},{"time":115.5,"type":"block","speedMult":3,"angle":315},{"time":117,"type":"block","speedMult":3,"angle":0},{"time":117.125,"type":"block","speedMult":3,"angle":45},{"time":117.25,"type":"block","speedMult":3,"angle":90},{"time":117.5,"type":"side","speedMult":3,"angle":202.5},{"time":117.75,"type":"side","speedMult":3,"angle":157.5},{"time":118.5,"type":"block","speedMult":3,"angle":360},{"time":119,"type":"block","speedMult":3,"angle":90},{"time":119.5,"type":"block","speedMult":3,"angle":270},{"time":121,"type":"block","speedMult":3,"angle":180},{"time":121.25,"type":"block","speedMult":3,"angle":90},{"time":121.125,"type":"block","speedMult":3,"angle":135},{"time":121.5,"type":"side","speedMult":3,"angle":337.5},{"time":121.75,"type":"side","speedMult":3,"angle":22.5},{"time":122.5,"type":"block","speedMult":3,"angle":225},{"time":123,"type":"block","speedMult":3,"angle":45},{"time":123.5,"type":"block","speedMult":3,"angle":225},{"time":122.5,"type":"extraTap","speedMult":3,"angle":180},{"time":123.5,"type":"extraTap","speedMult":3,"angle":180},{"time":124.5,"type":"extraTap","speedMult":3,"angle":180},{"time":125.5,"type":"extraTap","speedMult":3,"angle":180},{"time":126.5,"type":"extraTap","speedMult":3,"angle":180},{"time":127.5,"type":"extraTap","speedMult":3,"angle":180},{"time":128.5,"type":"extraTap","speedMult":3,"angle":180},{"time":129.5,"type":"extraTap","speedMult":3,"angle":180},{"time":125,"type":"block","speedMult":3,"angle":270},{"time":125.125,"type":"block","speedMult":3,"angle":292.5},{"time":125.25,"type":"block","speedMult":3,"angle":315},{"time":125.5,"type":"side","speedMult":3,"angle":112.5},{"time":125.75,"type":"side","speedMult":3,"angle":67.5},{"time":126.5,"type":"block","speedMult":3,"angle":270},{"time":127,"type":"block","speedMult":3,"angle":135},{"time":127.5,"type":"block","speedMult":3,"angle":45},{"time":129,"type":"block","speedMult":3,"angle":90},{"time":129.125,"type":"block","speedMult":3,"angle":112.5},{"time":129.25,"type":"block","speedMult":3,"angle":135},{"time":129.5,"type":"side","speedMult":3,"angle":292.5},{"time":129.75,"type":"side","speedMult":3,"angle":247.5},{"duration":0.5,"endTap":true,"speedMult":2,"time":130,"angle2":0,"startTap":true,"angle":180,"type":"hold"},{"time":131,"type":"side","speedMult":2,"angle":90},{"time":131.25,"type":"side","speedMult":2,"angle":180},{"time":131.5,"type":"side","speedMult":2,"angle":270},{"time":131.75,"type":"side","speedMult":2,"angle":360},{"time":132,"tap":true,"speedMult":2,"type":"block","angle":90},{"time":132.125,"type":"block","speedMult":2,"angle":101.25},{"time":132.25,"type":"block","speedMult":2,"angle":90},{"time":132.375,"type":"block","speedMult":2,"angle":78.75},{"time":132.5,"tap":true,"speedMult":2,"type":"block","angle":67.5},{"time":132.625,"type":"block","speedMult":2,"angle":56.25},{"time":132.75,"type":"block","speedMult":2,"angle":45},{"time":132.875,"type":"block","speedMult":2,"angle":33.75},{"time":133,"tap":true,"speedMult":2,"type":"block","angle":22.5},{"time":133.125,"type":"block","speedMult":2,"angle":33.75},{"time":133.25,"type":"block","speedMult":2,"angle":45},{"time":133.375,"type":"block","speedMult":2,"angle":33.75},{"time":133.375,"tap":true,"type":"block","angle":22.5},{"time":133.5,"type":"block","speedMult":1.75,"angle":11.25},{"time":133.625,"type":"block","speedMult":2,"angle":0},{"time":133.75,"type":"block","speedMult":2,"angle":348.75},{"time":133.875,"type":"block","speedMult":2,"angle":0},{"time":134,"tap":true,"speedMult":2,"type":"side","angle":270},{"time":134.25,"type":"side","speedMult":2,"angle":0},{"time":134.5,"type":"side","speedMult":2,"angle":270},{"time":134.75,"type":"side","speedMult":2,"angle":360},{"time":135,"tap":true,"speedMult":2,"type":"side","angle":90},{"time":135.25,"type":"side","speedMult":2,"angle":0},{"time":135.5,"type":"side","speedMult":2,"angle":90},{"time":135.75,"type":"side","speedMult":2,"angle":0},{"time":136,"tap":true,"speedMult":2,"type":"side","angle":90},{"time":136.25,"type":"side","speedMult":2,"angle":180},{"time":136.5,"type":"side","speedMult":2,"angle":90},{"time":136.75,"type":"side","speedMult":2,"angle":180},{"time":137,"tap":true,"speedMult":2,"type":"side","angle":270},{"time":137.25,"type":"side","speedMult":2,"angle":180},{"time":137.5,"type":"side","speedMult":2,"angle":270},{"time":137.75,"type":"side","speedMult":2,"angle":180},{"duration":0.5,"endTap":true,"speedMult":2,"time":138,"angle2":0,"startTap":true,"angle":180,"type":"hold"},{"time":139,"type":"side","speedMult":2,"angle":90},{"time":139.25,"type":"side","speedMult":2,"angle":180},{"time":139.5,"type":"side","speedMult":2,"angle":270},{"time":139.75,"type":"side","speedMult":2,"angle":360},{"time":140,"tap":true,"speedMult":2,"type":"block","angle":90},{"time":140.125,"type":"block","speedMult":2,"angle":101.25},{"time":140.25,"type":"block","speedMult":2,"angle":90},{"time":140.375,"type":"block","speedMult":2,"angle":78.75},{"time":140.5,"tap":true,"speedMult":2,"type":"block","angle":67.5},{"time":140.625,"type":"block","speedMult":2,"angle":56.25},{"time":140.75,"type":"block","speedMult":2,"angle":45},{"time":140.875,"type":"block","speedMult":2,"angle":33.75},{"time":141,"tap":true,"speedMult":2,"type":"block","angle":22.5},{"time":141.125,"type":"block","speedMult":2,"angle":33.75},{"time":141.25,"type":"block","speedMult":2,"angle":45},{"time":141.375,"type":"block","speedMult":2,"angle":33.75},{"time":141.375,"tap":true,"type":"block","angle":22.5},{"time":141.5,"type":"block","speedMult":1.75,"angle":11.25},{"time":141.625,"type":"block","speedMult":2,"angle":0},{"time":141.75,"type":"block","speedMult":2,"angle":348.75},{"time":141.875,"type":"block","speedMult":2,"angle":0},{"time":142,"tap":true,"speedMult":2,"type":"side","angle":270},{"time":142.25,"type":"side","speedMult":2,"angle":0},{"time":142.5,"type":"side","speedMult":2,"angle":270},{"time":142.75,"type":"side","speedMult":2,"angle":360},{"time":143,"tap":true,"speedMult":2,"type":"side","angle":90},{"time":143.25,"type":"side","speedMult":2,"angle":0},{"time":143.5,"type":"side","speedMult":2,"angle":90},{"time":143.75,"type":"side","speedMult":2,"angle":0},{"time":144,"tap":true,"speedMult":2,"type":"side","angle":90},{"time":144.25,"type":"side","speedMult":2,"angle":180},{"time":144.5,"type":"side","speedMult":2,"angle":90},{"time":144.75,"type":"side","speedMult":2,"angle":180},{"time":145,"tap":true,"speedMult":2,"type":"side","angle":270},{"time":145.25,"type":"side","speedMult":2,"angle":180},{"time":145.5,"type":"side","speedMult":2,"angle":270},{"time":145.75,"type":"side","speedMult":2,"angle":180},{"time":146,"type":"block","speedMult":2,"angle":180},{"time":146.25,"type":"block","speedMult":2,"angle":180},{"time":146.5,"type":"block","speedMult":2,"angle":225},{"time":146.75,"type":"block","speedMult":2,"angle":180},{"time":146.25,"type":"extraTap","speedMult":3,"angle":202.5},{"time":147,"type":"block","speedMult":2,"angle":270},{"time":147.25,"type":"block","speedMult":2,"angle":270},{"time":147.5,"type":"block","speedMult":2,"angle":315},{"time":147.75,"type":"block","speedMult":2,"angle":270},{"time":148,"type":"block","speedMult":2,"angle":360},{"time":148.25,"type":"block","speedMult":2,"angle":0},{"time":148.5,"type":"block","speedMult":2,"angle":45},{"time":148.75,"type":"block","speedMult":2,"angle":0},{"time":148.25,"type":"extraTap","speedMult":3,"angle":22.5},{"time":149.25,"type":"extraTap","speedMult":3,"angle":112.5},{"time":149,"type":"block","speedMult":2,"angle":90},{"time":149.25,"type":"block","speedMult":2,"angle":90},{"time":149.5,"type":"block","speedMult":2,"angle":135},{"time":149.75,"type":"block","speedMult":2,"angle":90},{"time":147.25,"type":"extraTap","speedMult":3,"angle":292.5},{"time":150,"type":"block","speedMult":2,"angle":180},{"time":150.25,"type":"block","speedMult":2,"angle":180},{"time":150.5,"type":"block","speedMult":2,"angle":225},{"time":150.75,"type":"block","speedMult":2,"angle":180},{"time":150.25,"type":"extraTap","speedMult":3,"angle":202.5},{"time":151,"type":"block","speedMult":2,"angle":270},{"time":151.25,"type":"block","speedMult":2,"angle":270},{"time":151.5,"type":"block","speedMult":2,"angle":315},{"time":151.75,"type":"block","speedMult":2,"angle":270},{"time":152,"type":"block","speedMult":2,"angle":360},{"time":152.25,"type":"block","speedMult":2,"angle":0},{"time":152.5,"type":"block","speedMult":2,"angle":45},{"time":152.75,"type":"block","speedMult":2,"angle":0},{"time":152.25,"type":"extraTap","speedMult":3,"angle":22.5},{"time":153.25,"type":"extraTap","speedMult":3,"angle":112.5},{"time":153,"type":"block","speedMult":2,"angle":270},{"time":153.25,"type":"block","speedMult":2,"angle":270},{"time":153.5,"type":"block","speedMult":2,"angle":225},{"time":153.75,"type":"block","speedMult":2,"angle":270},{"time":151.25,"type":"extraTap","speedMult":3,"angle":292.5},{"time":154,"type":"block","speedMult":2,"angle":180},{"time":154.25,"type":"block","speedMult":2,"angle":180},{"time":154.5,"type":"block","speedMult":2,"angle":225},{"time":154.75,"type":"block","speedMult":2,"angle":180},{"time":154.25,"type":"extraTap","speedMult":3,"angle":202.5},{"time":155,"type":"block","speedMult":2,"angle":270},{"time":155.25,"type":"block","speedMult":2,"angle":270},{"time":155.5,"type":"block","speedMult":2,"angle":315},{"time":155.75,"type":"block","speedMult":2,"angle":270},{"time":156,"type":"block","speedMult":2,"angle":360},{"time":156.25,"type":"block","speedMult":2,"angle":0},{"time":156.5,"type":"block","speedMult":2,"angle":45},{"time":156.75,"type":"block","speedMult":2,"angle":0},{"time":156.25,"type":"extraTap","speedMult":3,"angle":22.5},{"time":157.25,"type":"extraTap","speedMult":3,"angle":112.5},{"time":157,"type":"block","speedMult":2,"angle":90},{"time":157.25,"type":"block","speedMult":2,"angle":90},{"time":157.5,"type":"block","speedMult":2,"angle":135},{"time":157.75,"type":"block","speedMult":2,"angle":90},{"time":155.25,"type":"extraTap","speedMult":3,"angle":292.5},{"time":158,"tap":true,"speedMult":2,"type":"block","angle":180},{"time":158.25,"tap":true,"speedMult":2,"type":"block","angle":180},{"time":158.5,"tap":true,"speedMult":2,"type":"block","angle":180},{"time":158.75,"tap":true,"speedMult":2,"type":"block","angle":180},{"time":159,"tap":true,"speedMult":2,"type":"block","angle":270},{"time":159.25,"tap":true,"speedMult":2,"type":"block","angle":270},{"time":159.5,"tap":true,"speedMult":2,"type":"block","angle":270},{"time":159.75,"tap":true,"speedMult":2,"type":"block","angle":270},{"time":160,"tap":true,"speedMult":2,"type":"block","angle":360},{"time":160.25,"tap":true,"speedMult":2,"type":"block","angle":0},{"time":160.5,"tap":true,"speedMult":2,"type":"block","angle":0},{"time":160.75,"tap":true,"speedMult":2,"type":"block","angle":0},{"time":161,"tap":true,"speedMult":2,"type":"block","angle":90},{"time":161.5,"tap":true,"speedMult":2,"type":"block","angle":90},{"time":161.75,"tap":true,"speedMult":2,"type":"block","angle":90},{"time":161.25,"tap":true,"speedMult":2,"type":"block","angle":90},{"time":162,"type":"block","speedMult":2,"angle":180},{"time":162.25,"type":"block","speedMult":2,"angle":180},{"time":162.5,"type":"block","speedMult":2,"angle":225},{"time":162.75,"type":"block","speedMult":2,"angle":180},{"time":162.5,"type":"extraTap","speedMult":3,"angle":202.5},{"time":163,"type":"block","speedMult":2,"angle":270},{"time":163.25,"type":"block","speedMult":2,"angle":270},{"time":163.5,"type":"block","speedMult":2,"angle":315},{"time":163.75,"type":"block","speedMult":2,"angle":270},{"time":164,"type":"block","speedMult":2,"angle":360},{"time":164.25,"type":"block","speedMult":2,"angle":0},{"time":164.5,"type":"block","speedMult":2,"angle":45},{"time":164.75,"type":"block","speedMult":2,"angle":0},{"time":164.5,"type":"extraTap","speedMult":3,"angle":22.5},{"time":165.5,"type":"extraTap","speedMult":3,"angle":112.5},{"time":165,"type":"block","speedMult":2,"angle":90},{"time":165.25,"type":"block","speedMult":2,"angle":90},{"time":165.5,"type":"block","speedMult":2,"angle":135},{"time":165.75,"type":"block","speedMult":2,"angle":90},{"time":163.5,"type":"extraTap","speedMult":3,"angle":292.5},{"time":166,"type":"block","speedMult":2,"angle":180},{"time":166.25,"type":"block","speedMult":2,"angle":180},{"time":166.5,"type":"block","speedMult":2,"angle":225},{"time":166.75,"type":"block","speedMult":2,"angle":180},{"time":166.5,"type":"extraTap","speedMult":3,"angle":202.5},{"time":167,"type":"block","speedMult":2,"angle":270},{"time":167.25,"type":"block","speedMult":2,"angle":270},{"time":167.5,"type":"block","speedMult":2,"angle":315},{"time":167.75,"type":"block","speedMult":2,"angle":270},{"time":168,"type":"block","speedMult":2,"angle":360},{"time":168.25,"type":"block","speedMult":2,"angle":0},{"time":168.5,"type":"block","speedMult":2,"angle":45},{"time":168.75,"type":"block","speedMult":2,"angle":0},{"time":168.5,"type":"extraTap","speedMult":3,"angle":67.5},{"time":168.75,"type":"extraTap","speedMult":3,"angle":67.5},{"time":169,"type":"block","speedMult":2,"angle":90},{"time":169.25,"type":"block","speedMult":2,"angle":90},{"time":169.5,"type":"block","speedMult":2,"angle":135},{"time":169.75,"type":"block","speedMult":2,"angle":90},{"time":167.5,"type":"extraTap","speedMult":3,"angle":292.5},{"time":170,"type":"block","speedMult":2,"angle":180},{"time":170.25,"type":"block","speedMult":2,"angle":180},{"time":170.5,"type":"block","speedMult":2,"angle":225},{"time":170.75,"type":"block","speedMult":2,"angle":180},{"time":170.5,"type":"extraTap","speedMult":3,"angle":202.5},{"time":171,"type":"block","speedMult":2,"angle":270},{"time":171.25,"type":"block","speedMult":2,"angle":270},{"time":171.5,"type":"block","speedMult":2,"angle":315},{"time":171.75,"type":"block","speedMult":2,"angle":270},{"time":172,"type":"block","speedMult":2,"angle":360},{"time":172.25,"type":"block","speedMult":2,"angle":0},{"time":172.5,"type":"block","speedMult":2,"angle":45},{"time":172.75,"type":"block","speedMult":2,"angle":0},{"time":172.5,"type":"extraTap","speedMult":3,"angle":22.5},{"time":173.5,"type":"extraTap","speedMult":3,"angle":112.5},{"time":173,"type":"block","speedMult":2,"angle":90},{"time":173.25,"type":"block","speedMult":2,"angle":90},{"time":173.5,"type":"block","speedMult":2,"angle":135},{"time":173.75,"type":"block","speedMult":2,"angle":90},{"time":171.5,"type":"extraTap","speedMult":3,"angle":292.5},{"time":174,"tap":true,"speedMult":2,"type":"block","angle":180},{"time":174.25,"tap":true,"speedMult":2,"type":"block","angle":180},{"time":174.5,"tap":true,"speedMult":2,"type":"block","angle":180},{"time":174.75,"tap":true,"speedMult":2,"type":"block","angle":180},{"time":175,"tap":true,"speedMult":2,"type":"block","angle":270},{"time":175.25,"tap":true,"speedMult":2,"type":"block","angle":270},{"time":175.5,"tap":true,"speedMult":2,"type":"block","angle":270},{"time":175.75,"tap":true,"speedMult":2,"type":"block","angle":270},{"time":176,"tap":true,"speedMult":2,"type":"block","angle":360},{"time":176.25,"tap":true,"speedMult":2,"type":"block","angle":0},{"time":176.5,"tap":true,"speedMult":2,"type":"block","angle":0},{"time":176.75,"tap":true,"speedMult":2,"type":"block","angle":0},{"time":170,"type":"extraTap","speedMult":3,"angle":67.5},{"time":168.25,"type":"extraTap","speedMult":3,"angle":67.5},{"time":168,"type":"extraTap","speedMult":3,"angle":67.5},{"time":169,"type":"extraTap","speedMult":3,"angle":67.5},{"time":169.25,"type":"extraTap","speedMult":3,"angle":67.5},{"time":169.5,"type":"extraTap","speedMult":3,"angle":67.5},{"time":169.75,"type":"extraTap","speedMult":3,"angle":67.5},{"time":177,"duration":0.5,"speedMult":3,"type":"hold","angle":90,"angle2":360},{"time":178,"type":"block","speedMult":2,"angle":315},{"time":178.25,"type":"side","speedMult":2,"angle":360},{"time":178.5,"type":"block","speedMult":2,"angle":45},{"time":178.75,"type":"side","speedMult":2,"angle":360},{"time":179,"type":"block","speedMult":2,"angle":45},{"time":179.25,"type":"side","speedMult":2,"angle":90},{"time":179.75,"type":"side","speedMult":2,"angle":90},{"time":179.5,"type":"block","speedMult":2,"angle":135},{"time":180,"type":"block","speedMult":2,"angle":135},{"time":180.5,"type":"block","speedMult":2,"angle":225},{"time":181,"type":"block","speedMult":2,"angle":225},{"time":181.5,"type":"block","speedMult":2,"angle":315},{"time":180.25,"type":"side","speedMult":2,"angle":180},{"time":180.75,"type":"side","speedMult":2,"angle":180},{"time":181.25,"type":"side","speedMult":2,"angle":270},{"time":181.75,"type":"side","speedMult":2,"angle":270},{"time":182,"type":"block","speedMult":2,"angle":315},{"time":182.5,"type":"block","speedMult":2,"angle":45},{"time":183,"type":"block","speedMult":2,"angle":45},{"time":184,"type":"block","speedMult":2,"angle":135},{"time":183.5,"type":"block","speedMult":2,"angle":135},{"time":185,"type":"block","speedMult":2,"angle":225},{"time":184.5,"type":"block","speedMult":2,"angle":225},{"time":185.5,"type":"block","speedMult":2,"angle":315},{"time":182.25,"type":"side","speedMult":2,"angle":360},{"time":182.75,"type":"side","speedMult":2,"angle":0},{"time":183.25,"type":"side","speedMult":2,"angle":90},{"time":183.75,"type":"side","speedMult":2,"angle":90},{"time":184.25,"type":"side","speedMult":2,"angle":180},{"time":184.75,"type":"side","speedMult":2,"angle":180},{"time":185.25,"type":"side","speedMult":2,"angle":270},{"time":185.75,"type":"side","speedMult":2,"angle":270},{"time":186,"type":"block","speedMult":2,"angle":315},{"time":186.25,"type":"side","speedMult":2,"angle":360},{"time":186.5,"type":"block","speedMult":2,"angle":45},{"time":186.75,"type":"side","speedMult":2,"angle":360},{"time":187,"type":"block","speedMult":2,"angle":45},{"time":187.25,"type":"side","speedMult":2,"angle":90},{"time":187.75,"type":"side","speedMult":2,"angle":90},{"time":187.5,"type":"block","speedMult":2,"angle":135},{"time":188,"type":"block","speedMult":2,"angle":135},{"time":188.5,"type":"block","speedMult":2,"angle":225},{"time":189,"type":"block","speedMult":2,"angle":225},{"time":189.5,"type":"block","speedMult":2,"angle":315},{"time":188.25,"type":"side","speedMult":2,"angle":180},{"time":188.75,"type":"side","speedMult":2,"angle":180},{"time":189.25,"type":"side","speedMult":2,"angle":270},{"time":189.75,"type":"side","speedMult":2,"angle":270}]