{"metadata":{"difficulty":7,"bgData":{"image":"THUMB.png","redChannel":{"b":76,"g":99,"r":153},"blueChannel":{"b":145,"g":114,"r":104},"greenChannel":{"b":107,"g":147,"r":104},"yellowChannel":{"b":108,"g":152,"r":186},"magentaChannel":{"b":136,"g":119,"r":148},"cyanChannel":{"b":185,"g":155,"r":116}},"description":"Truly the second level of all time\n\nMechanics used: Mines, Inverses, Sides","songName":"21st Century Humor But It's A Rave Song 2","artistLink":"","bg":true,"artist":"R O C K Y","charter":"Random22"},"events":[{"type":"play","file":"21st Century Humor But It_'s A Rave Song 2 (192kbps).ogg","bpm":200,"angle":540,"time":0,"offset":0.10000000149012,"volume":1},{"type":"ease","value":0.40000000596046,"ease":"outSine","angle":495,"time":0,"var":"scrollSpeed","duration":4},{"type":"noise","chance":0.40000000596046,"angle":360,"time":0,"color":0},{"type":"hom","time":0,"angle":270,"enable":true},{"type":"ease","value":0.40000000596046,"ease":"linear","time":0,"var":"vfx.hwaves.strength","start":4,"angle":202.5,"duration":4},{"type":"ease","value":0.40000000596046,"ease":"linear","time":0,"var":"vfx.hwaves.period","start":10,"angle":225,"duration":4},{"type":"setColor","g":0,"r":0,"angle":405,"b":0,"time":0,"color":0},{"type":"setColor","g":255,"r":255,"angle":382.5,"b":255,"time":0,"color":1},{"type":"setColor","g":255,"ease":"inQuad","time":3,"r":255,"angle":495,"b":255,"duration":4.5,"color":0},{"type":"setColor","g":0,"ease":"inSine","time":3,"r":0,"angle":472.5,"b":0,"duration":4.5,"color":1},{"type":"ease","value":1,"ease":"inSine","angle":450,"time":4,"var":"scrollSpeed","duration":4},{"type":"hom","time":8,"angle":-495,"enable":false},{"type":"noise","chance":0,"angle":-472.5,"time":8,"color":0},{"type":"ease","value":180,"ease":"inOutSine","time":23,"var":"vfx.angleTwist.offset","start":0,"angle":22.5,"duration":8},{"type":"ease","value":0,"ease":"inSine","angle":292.5,"time":39,"var":"vfx.angleTwist.offset","duration":1},{"type":"setColor","g":0,"r":0,"angle":90,"b":0,"time":236.66667175293,"color":0},{"type":"setColor","g":255,"r":255,"angle":67.5,"b":255,"time":236.66667175293,"color":1},{"type":"noise","chance":0.40000000596046,"angle":427.5,"time":24,"color":0},{"type":"hom","time":24,"angle":315,"enable":true},{"type":"ease","value":0,"ease":"linear","time":24,"var":"vfx.hglitch.strength","start":10,"angle":202.5,"duration":1},{"type":"ease","value":0,"ease":"linear","time":24,"var":"vfx.hglitch.resolution","start":10,"angle":225,"duration":1},{"type":"setColor","g":0,"r":0,"angle":405,"b":0,"time":24,"color":0},{"type":"setColor","g":255,"r":255,"angle":382.5,"b":255,"time":24,"color":1},{"type":"tag","tag":"redpulse","angleOffset":false,"time":40,"angle":67.5},{"type":"hom","enable":false,"angle":270,"time":40},{"type":"noise","chance":0,"angle":292.5,"time":40,"color":0},{"type":"tag","tag":"redpulse","angleOffset":false,"time":44,"angle":67.5},{"type":"tag","tag":"redpulse","angleOffset":false,"time":48,"angle":-22.5},{"type":"tag","tag":"redpulse","angleOffset":false,"time":52,"angle":67.5},{"type":"tag","tag":"redpulse","angleOffset":false,"time":53.5,"angle":90},{"type":"tag","tag":"redpulse","angleOffset":false,"time":55,"angle":67.5},{"type":"tag","tag":"redpulse","angleOffset":false,"time":56,"angle":67.5},{"type":"tag","tag":"redpulse","angleOffset":false,"time":60,"angle":67.5},{"type":"tag","tag":"redpulse","angleOffset":false,"time":64,"angle":67.5},{"type":"tag","tag":"redpulse","angleOffset":false,"time":68,"angle":112.5},{"type":"tag","tag":"redpulse","angleOffset":false,"time":69.5,"angle":67.5},{"type":"tag","tag":"redpulse","angleOffset":false,"time":71,"angle":67.5},{"type":"tag","tag":"Blackpulse","angleOffset":false,"time":72,"angle":0},{"type":"tag","tag":"Normalize","angleOffset":false,"time":86,"angle":0},{"type":"tag","tag":"Blackpulse","angleOffset":false,"time":88,"angle":0},{"type":"tag","tag":"Normalize","angle":22.5,"time":94,"angleOffset":false},{"type":"tag","tag":"Blackpulse","angleOffset":false,"time":96,"angle":0},{"type":"tag","tag":"Normalize","angleOffset":false,"time":100,"angle":0},{"type":"ease","value":180,"ease":"inOutSine","time":72,"var":"vfx.angleTwist.offset","start":-20,"angle":22.5,"duration":8},{"type":"ease","value":0,"angle":22.5,"time":86,"var":"vfx.angleTwist.offset"},{"type":"ease","value":0.20000000298023,"angle":-22.5,"time":86,"var":"scrollSpeed"},{"type":"ease","value":-180,"ease":"linear","time":88,"var":"vfx.angleTwist.offset","start":90,"angle":22.5,"duration":4},{"type":"ease","value":1.2000000476837,"angle":-22.5,"time":88,"var":"scrollSpeed"},{"type":"ease","value":0,"angle":-90,"time":94,"var":"vfx.angleTwist.offset"},{"type":"ease","value":0.40000000596046,"angle":-135,"time":94,"var":"scrollSpeed"},{"type":"ease","value":270,"ease":"linear","time":96,"var":"vfx.angleTwist.offset","start":90,"angle":-90,"duration":4},{"type":"ease","value":1.3999999761581,"angle":-135,"time":96,"var":"scrollSpeed"},{"type":"ease","value":0,"angle":-157.5,"time":100,"var":"vfx.angleTwist.offset"},{"type":"ease","value":0.5,"ease":"outSine","angle":-135,"time":100,"var":"scrollSpeed","duration":1},{"type":"ease","value":1.2000000476837,"ease":"inSine","angle":-135,"time":103,"duration":5,"var":"scrollSpeed"},{"type":"paddles","ease":"linear","paddle":1,"angle":0,"time":236.66667175293,"duration":0,"newWidth":20},{"type":"showResults","time":247.53494262695,"angle":309.16256713867},{"type":"tag","tag":"blackpulse","angle":45,"time":168,"angleOffset":false},{"type":"ease","value":0.5,"ease":"outSine","angle":67.5,"time":168,"duration":2,"var":"scrollSpeed"},{"type":"ease","value":1,"ease":"inSine","time":170,"var":"scrollSpeed","angle":270,"duration":2},{"type":"setColor","g":0,"ease":"linear","time":170,"r":255,"angle":292.5,"b":0,"duration":2,"color":0},{"type":"ease","value":5,"ease":"linear","angle":315,"time":170,"var":"vfx.pixelate","duration":2},{"type":"ease","value":1,"angle":315,"time":172,"var":"vfx.pixelate"},{"type":"tag","tag":"Blackpulse","angleOffset":false,"time":172,"angle":22.5},{"type":"tag","tag":"Normalize","angle":22.5,"angleOffset":false,"time":186},{"type":"tag","tag":"Blackpulse","angleOffset":false,"time":188,"angle":22.5},{"type":"tag","tag":"Normalize","angle":45,"time":194,"angleOffset":false},{"type":"ease","value":0,"angle":45,"time":186,"var":"vfx.angleTwist.offset"},{"type":"ease","value":0.20000000298023,"angle":0,"time":186,"var":"scrollSpeed"},{"type":"ease","value":1.2000000476837,"angle":0,"time":188,"var":"scrollSpeed"},{"type":"ease","value":0,"angle":-67.5,"time":194,"var":"vfx.angleTwist.offset"},{"type":"ease","value":0.20000000298023,"angle":-112.5,"time":194,"var":"scrollSpeed"},{"type":"tag","tag":"Blackpulse","angleOffset":false,"time":196,"angle":292.5},{"type":"ease","value":1.2000000476837,"angle":270,"time":196,"var":"scrollSpeed"},{"type":"tag","tag":"redpulse","angleOffset":false,"time":204,"angle":135},{"type":"hom","enable":false,"angle":337.5,"time":204},{"type":"noise","chance":0,"angle":360,"time":204,"color":0},{"type":"tag","tag":"redpulse","angleOffset":false,"time":208,"angle":-180},{"type":"tag","tag":"redpulse","angleOffset":false,"time":212,"angle":22.5},{"type":"tag","tag":"redpulse","angleOffset":false,"time":216,"angle":427.5},{"type":"tag","tag":"redpulse","angleOffset":false,"time":217.5,"angle":-67.5},{"type":"tag","tag":"redpulse","angleOffset":false,"time":219,"angle":-90},{"type":"tag","tag":"redpulse","angleOffset":false,"time":220,"angle":-90},{"type":"tag","tag":"redpulse","angleOffset":false,"time":224,"angle":-157.5},{"type":"tag","tag":"redpulse","angleOffset":false,"time":228,"angle":-202.5},{"type":"tag","tag":"redpulse","angleOffset":false,"time":232,"angle":45},{"type":"tag","tag":"redpulse","angleOffset":false,"time":233.5,"angle":45},{"type":"tag","tag":"redpulse","angleOffset":false,"time":235,"angle":-45},{"type":"ease","value":1,"ease":"inSine","angle":135,"time":203,"duration":1,"var":"scrollSpeed"},{"type":"hom","angle":45,"enable":true,"time":108},{"type":"noise","chance":0.30000001192093,"angle":90,"time":108,"color":0},{"type":"setColor","g":170,"r":255,"angle":315,"time":107.99900054932,"b":170,"color":0},{"type":"setColor","g":255,"time":108,"r":255,"angle":337.5,"b":170,"duration":1,"color":0},{"type":"setColor","g":255,"time":109,"r":170,"angle":337.5,"b":170,"duration":1,"color":0},{"type":"setColor","g":255,"time":110,"r":170,"angle":337.5,"b":255,"duration":1,"color":0},{"type":"setColor","g":170,"time":111,"r":170,"angle":337.5,"b":255,"duration":1,"color":0},{"type":"setColor","g":170,"time":112,"r":255,"angle":337.5,"b":255,"duration":1,"color":0},{"type":"setColor","g":170,"time":113,"r":255,"angle":337.5,"b":170,"duration":1,"color":0},{"type":"setColor","g":255,"time":114,"r":255,"angle":337.5,"b":170,"duration":1,"color":0},{"type":"setColor","g":255,"time":115,"r":170,"angle":337.5,"b":170,"duration":1,"color":0},{"type":"setColor","g":255,"time":116,"r":170,"angle":337.5,"b":255,"duration":1,"color":0},{"type":"setColor","g":170,"time":117,"r":170,"angle":337.5,"b":255,"duration":1,"color":0},{"type":"setColor","g":170,"time":118,"r":255,"angle":337.5,"b":255,"duration":1,"color":0},{"type":"setColor","g":170,"time":119,"r":255,"angle":337.5,"b":170,"duration":1,"color":0},{"type":"setColor","g":255,"time":120,"r":255,"angle":337.5,"b":170,"duration":1,"color":0},{"type":"setColor","g":255,"time":121,"r":170,"angle":337.5,"b":170,"duration":1,"color":0},{"type":"setColor","g":255,"time":122,"r":170,"angle":337.5,"b":255,"duration":1,"color":0},{"type":"setColor","g":170,"time":123,"r":170,"angle":337.5,"b":255,"duration":1,"color":0},{"type":"setColor","g":170,"time":124,"r":255,"angle":337.5,"b":255,"duration":1,"color":0},{"type":"setColor","g":170,"time":125,"r":255,"angle":337.5,"b":170,"duration":1,"color":0},{"type":"setColor","g":255,"time":126,"r":255,"angle":337.5,"b":170,"duration":1,"color":0},{"type":"setColor","g":255,"time":127,"r":170,"angle":337.5,"b":170,"duration":1,"color":0},{"type":"setColor","g":255,"time":128,"r":170,"angle":337.5,"b":255,"duration":1,"color":0},{"type":"setColor","g":170,"time":129,"r":170,"angle":337.5,"b":255,"duration":1,"color":0},{"type":"setColor","g":170,"time":130,"r":255,"angle":337.5,"b":255,"duration":1,"color":0},{"type":"setColor","g":170,"time":131,"r":255,"angle":337.5,"b":170,"duration":1,"color":0},{"type":"setColor","g":255,"time":132,"r":255,"angle":337.5,"b":255,"color":0},{"type":"setColor","g":170,"r":255,"angle":315,"time":139.99900054932,"b":170,"color":0},{"type":"setColor","g":255,"time":140,"r":255,"angle":337.5,"b":170,"duration":1,"color":0},{"type":"setColor","g":255,"time":141,"r":170,"angle":337.5,"b":170,"duration":1,"color":0},{"type":"setColor","g":255,"time":142,"r":170,"angle":337.5,"b":255,"duration":1,"color":0},{"type":"setColor","g":170,"time":143,"r":170,"angle":337.5,"b":255,"duration":1,"color":0},{"type":"setColor","g":170,"time":144,"r":255,"angle":337.5,"b":255,"duration":1,"color":0},{"type":"setColor","g":170,"time":145,"r":255,"angle":337.5,"b":170,"duration":1,"color":0},{"type":"setColor","g":255,"time":146,"r":255,"angle":337.5,"b":170,"duration":1,"color":0},{"type":"setColor","g":255,"time":147,"r":170,"angle":337.5,"b":170,"duration":1,"color":0},{"type":"setColor","g":255,"time":148,"r":170,"angle":337.5,"b":255,"duration":1,"color":0},{"type":"setColor","g":170,"time":149,"r":170,"angle":337.5,"b":255,"duration":1,"color":0},{"type":"setColor","g":170,"time":150,"r":255,"angle":337.5,"b":255,"duration":1,"color":0},{"type":"setColor","g":170,"time":151,"r":255,"angle":337.5,"b":170,"duration":1,"color":0},{"type":"setColor","g":255,"time":152,"r":255,"angle":337.5,"b":170,"duration":1,"color":0},{"type":"setColor","g":255,"time":153,"r":170,"angle":337.5,"b":170,"duration":1,"color":0},{"type":"setColor","g":255,"time":154,"r":170,"angle":337.5,"b":255,"duration":1,"color":0},{"type":"setColor","g":170,"time":155,"r":170,"angle":337.5,"b":255,"duration":1,"color":0},{"type":"setColor","g":170,"time":156,"r":255,"angle":337.5,"b":255,"duration":1,"color":0},{"type":"setColor","g":170,"time":157,"r":255,"angle":337.5,"b":170,"duration":1,"color":0},{"type":"setColor","g":255,"time":158,"r":255,"angle":337.5,"b":170,"duration":1,"color":0},{"type":"setColor","g":255,"time":159,"r":170,"angle":337.5,"b":170,"duration":1,"color":0},{"type":"setColor","g":255,"time":160,"r":170,"angle":337.5,"b":255,"duration":1,"color":0},{"type":"setColor","g":170,"time":161,"r":170,"angle":337.5,"b":255,"duration":1,"color":0},{"type":"setColor","g":170,"time":162,"r":255,"angle":337.5,"b":255,"duration":1,"color":0},{"type":"setColor","g":170,"time":163,"r":255,"angle":337.5,"b":170,"duration":1,"color":0},{"type":"setColor","g":255,"time":164,"r":255,"angle":337.5,"b":170,"duration":1,"color":0},{"type":"setColor","g":255,"time":165,"r":170,"angle":337.5,"b":170,"duration":1,"color":0},{"type":"setColor","g":255,"time":166,"r":170,"angle":337.5,"b":255,"duration":1,"color":0},{"type":"setColor","g":170,"time":167,"r":170,"angle":337.5,"b":255,"duration":1,"color":0}],"properties":{"speed":100,"offset":8,"formatversion":13}}