{"properties":{"startBeat":0,"formatversion":12,"speed":85,"offset":8},"events":[{"time":0,"type":"play","file":"mus.wav","bpm":130,"angle":90,"offset":0.029999999329448,"volume":1},{"time":395.5,"bpm":160,"angle":90,"type":"setBPM"},{"ease":"linear","color":0,"time":-5,"g":242,"type":"setColor","angle":22.5,"r":232,"b":223},{"ease":"linear","color":1,"time":-5,"g":39,"type":"setColor","angle":45,"r":15,"b":39},{"ease":"linear","color":2,"time":-5,"g":58,"type":"setColor","angle":67.5,"r":155,"b":37},{"ease":"linear","color":3,"time":-5,"g":106,"type":"setColor","angle":90,"r":75,"b":139},{"ease":"linear","color":4,"time":-5,"g":146,"type":"setColor","angle":112.5,"r":58,"b":87},{"ease":"linear","color":5,"time":-5,"g":192,"type":"setColor","angle":135,"r":157,"b":100},{"ease":"linear","color":6,"time":-5,"g":93,"type":"setColor","angle":157.5,"r":174,"b":175},{"ease":"linear","color":7,"time":-5,"g":175,"type":"setColor","angle":180,"r":93,"b":141},{"drawLayer":"bg","ox":300,"oy":180,"drawOrder":-1,"id":"back","time":-5,"sprite":"gamebg1.png","angle":202.5,"type":"deco"},{"drawLayer":"bg","ox":600,"oy":0,"drawOrder":0,"id":"bank","sprite":"bank_1.png","time":-5,"y":-10,"angle":225,"type":"deco"},{"id":"bank","time":0,"duration":8,"y":-220,"angle":45,"type":"deco","ease":"inOutBack"},{"id":"bank","time":0,"type":"deco","duration":4,"angle":67.5,"r":-5,"ease":"inSine"},{"id":"bank","ease":"inOutSine","type":"deco","duration":8,"angle":67.5,"r":-5,"time":8},{"g":155,"color":0,"time":390,"ease":"linear","type":"setColor","duration":8,"angle":270,"r":225,"b":122},{"g":18,"color":1,"time":390,"ease":"linear","type":"setColor","duration":8,"angle":281.25,"r":67,"b":11},{"g":26,"color":2,"time":390,"type":"setColor","ease":"linear","duration":8,"angle":-67.5,"r":177,"b":11},{"g":48,"color":3,"time":390,"ease":"linear","type":"setColor","duration":8,"angle":-45,"r":114,"b":40},{"g":66,"color":4,"time":390,"ease":"linear","type":"setColor","duration":8,"angle":-22.5,"r":100,"b":25},{"g":87,"color":5,"time":390,"ease":"linear","type":"setColor","duration":8,"angle":0,"r":178,"b":29},{"g":42,"color":6,"time":390,"ease":"linear","type":"setColor","duration":8,"angle":22.5,"r":191,"b":51},{"g":80,"color":7,"time":390,"ease":"linear","type":"setColor","duration":8,"angle":45,"r":128,"b":41},{"id":"bank","time":16,"type":"deco","duration":96,"angle":67.5,"r":0,"ease":"outElastic"},{"id":"bank","ease":"inOutSine","type":"deco","duration":5,"angle":45,"r":5,"time":4},{"id":"bank","ease":"outElastic","type":"deco","duration":16,"angle":101.25,"r":0,"time":390},{"id":"bank","time":390,"r":5,"angle":112.5,"order":-1,"type":"deco","ease":"outBack"},{"id":"bank","ease":"outBack","time":360,"duration":4,"angle":67.5,"type":"deco","sprite":"bank_2.png"},{"id":"bank","ease":"outBack","time":360.5,"duration":4,"angle":67.5,"type":"deco","sprite":"bank_3.png"},{"ease":"inOutBack","time":359.75,"id":"bank","sprite":"bank_2.png","y":-500,"duration":32,"angle":90,"type":"deco"},{"id":"bank","ease":"outBack","time":390,"duration":4,"angle":67.5,"type":"deco","sprite":"bank_4.png"},{"value":1.0500000715256,"ease":"outElastic","var":"vfx.canvPos.sx","start":1.2999999523163,"time":390,"duration":4,"angle":135,"type":"ease"},{"time":-5,"color":1,"angle":247.5,"type":"setBgColor"},{"value":1.0500000715256,"ease":"outElastic","var":"vfx.canvPos.sy","start":1.2999999523163,"time":390,"duration":4,"angle":123.75,"type":"ease"},{"value":1,"time":392,"type":"ease","duration":4,"angle":180,"var":"vfx.canvPos.sx","ease":"outSine"},{"value":1,"time":392,"type":"ease","duration":4,"angle":157.5,"var":"vfx.canvPos.sy","ease":"outSine"},{"g":0,"color":1,"time":470,"type":"setColor","ease":"inSine","duration":6,"angle":270,"r":0,"b":0},{"g":165,"color":0,"time":474,"angle":270,"type":"setColor","order":-1,"r":165,"b":255},{"g":0,"color":0,"time":474,"type":"setColor","ease":"outSine","duration":1,"angle":247.5,"r":0,"b":0},{"time":-5,"color":0,"enable":true,"angle":270,"type":"outline"},{"ease":"inSine","duration":0,"id":"back","time":390,"angle":247.5,"sx":1.3000000715256,"sy":1.3000000715256,"type":"deco"},{"ease":"outSine","sx":1,"id":"back","time":390,"sy":1,"angle":258.75,"duration":8,"order":1,"type":"deco"},{"g":231,"color":0,"time":476,"ease":"linear","angle":-112.5,"type":"setColor","order":-1,"r":246,"b":222},{"g":17,"color":1,"time":476,"ease":"linear","angle":-90,"type":"setColor","order":-1,"r":45,"b":13},{"g":65,"color":2,"time":476,"angle":-67.5,"ease":"linear","type":"setColor","order":-1,"r":205,"b":51},{"g":82,"color":3,"time":476,"ease":"linear","angle":-45,"type":"setColor","order":-1,"r":141,"b":74},{"g":97,"color":4,"time":476,"ease":"linear","angle":-22.5,"type":"setColor","order":-1,"r":131,"b":55},{"g":125,"color":5,"time":476,"ease":"linear","angle":0,"type":"setColor","order":-1,"r":197,"b":79},{"g":75,"color":6,"time":476,"ease":"linear","angle":22.5,"type":"setColor","order":-1,"r":220,"b":84},{"g":113,"color":7,"time":476,"ease":"linear","angle":45,"type":"setColor","order":-1,"r":169,"b":66},{"g":0,"color":0,"time":470,"ease":"inSine","type":"setColor","duration":12,"angle":247.5,"r":0,"b":0},{"g":0,"color":2,"time":470,"ease":"inSine","type":"setColor","duration":6,"angle":292.5,"r":0,"b":0},{"g":0,"color":3,"time":470,"type":"setColor","ease":"inSine","duration":6,"angle":315,"r":0,"b":0},{"g":0,"color":5,"time":470,"ease":"inSine","type":"setColor","duration":6,"angle":360,"r":0,"b":0},{"g":0,"color":4,"time":470,"type":"setColor","ease":"inSine","duration":6,"angle":337.5,"r":0,"b":0},{"g":0,"color":6,"time":470,"type":"setColor","ease":"inSine","duration":6,"angle":382.5,"r":0,"b":0},{"g":0,"color":7,"time":470,"ease":"inSine","type":"setColor","duration":6,"angle":405,"r":0,"b":0},{"g":0,"color":3,"time":474,"angle":315,"type":"setColor","order":-1,"r":0,"b":255},{"g":0,"color":3,"time":474,"ease":"outSine","type":"setColor","duration":1,"angle":292.5,"r":0,"b":0},{"g":165,"color":0,"time":475,"angle":270,"type":"setColor","order":-1,"r":165,"b":255},{"g":0,"color":0,"time":475,"ease":"outSine","type":"setColor","duration":1,"angle":247.5,"r":0,"b":0},{"g":0,"color":3,"time":475,"angle":315,"type":"setColor","order":-1,"r":0,"b":255},{"g":0,"color":3,"time":475,"type":"setColor","ease":"outSine","duration":1,"angle":292.5,"r":0,"b":0},{"g":4,"color":2,"time":474,"angle":360,"type":"setColor","order":-1,"r":26,"b":79},{"g":0,"color":2,"time":474,"type":"setColor","ease":"outSine","duration":1,"angle":337.5,"r":0,"b":0},{"g":4,"color":2,"time":475,"angle":360,"type":"setColor","order":-1,"r":26,"b":79},{"g":0,"color":2,"time":475,"ease":"outSine","type":"setColor","duration":1,"angle":337.5,"r":0,"b":0},{"g":155,"color":0,"time":476,"type":"setColor","ease":"linear","duration":8,"angle":-292.5,"r":225,"b":122},{"g":18,"color":1,"time":476,"type":"setColor","ease":"linear","duration":8,"angle":-270,"r":67,"b":11},{"g":26,"color":2,"time":476,"ease":"linear","type":"setColor","duration":8,"angle":101.25,"r":177,"b":11},{"g":48,"color":3,"time":476,"type":"setColor","ease":"linear","duration":8,"angle":112.5,"r":114,"b":40},{"g":66,"color":4,"time":476,"type":"setColor","ease":"linear","duration":8,"angle":123.75,"r":100,"b":25},{"g":87,"color":5,"time":476,"type":"setColor","ease":"linear","duration":8,"angle":202.5,"r":178,"b":29},{"g":42,"color":6,"time":476,"type":"setColor","ease":"linear","duration":8,"angle":213.75,"r":191,"b":51},{"g":80,"color":7,"time":476,"type":"setColor","ease":"linear","duration":8,"angle":-135,"r":128,"b":41},{"value":0,"ease":"outSine","repeats":1,"repeatDelay":1.5,"var":"vfx.canvPos.r","start":5,"time":387.75,"duration":0.75,"angle":202.5,"type":"ease"},{"value":1.1000000238419,"ease":"outSine","repeats":2,"repeatDelay":0.75,"var":"vfx.canvPos.sy","start":1.25,"time":387.75,"duration":0.75,"angle":157.5,"type":"ease"},{"value":1.1000000238419,"ease":"outSine","repeats":2,"repeatDelay":0.75,"var":"vfx.canvPos.sx","start":1.25,"time":387.75,"duration":0.75,"angle":180,"type":"ease"},{"value":0,"ease":"outSine","repeatDelay":1.5,"var":"vfx.canvPos.r","start":-5,"time":388.5,"duration":0.75,"angle":225,"type":"ease"},{"value":0,"ease":"outElastic","var":"vfx.canvPos.ky","start":0.20000000298023,"time":390,"duration":0.75,"angle":90,"type":"ease"},{"value":0,"ease":"outElastic","var":"vfx.canvPos.kx","start":0.20000000298023,"time":390,"duration":0.75,"angle":90,"type":"ease"},{"angle":360,"type":"showResults","time":551},{"ease":"outCubic","y":-300,"sy":4,"sx":4,"id":"smoke","time":390,"r":-90,"angle":225,"duration":6,"order":1,"type":"deco"},{"ox":256,"oy":256,"r":90,"id":"smoke","sprite":"smoke#default","sy":1,"time":390,"sx":1,"angle":236.25,"type":"deco"},{"id":"smoke","time":393,"hide":true,"type":"deco","angle":180},{"ease":"outCubic","duration":6,"sy":6,"r":45,"id":"smoke2","time":390,"order":1,"y":660,"sx":6,"angle":202.5,"type":"deco"},{"ox":256,"oy":256,"type":"deco","id":"smoke2","time":390,"sy":1,"sprite":"smoke#default","sx":1,"angle":213.75,"r":-135},{"id":"smoke2","time":393,"hide":true,"type":"deco","angle":191.25},{"ease":"outCubic","duration":1,"sy":3,"id":"explode","time":390,"angle":157.5,"type":"deco","sx":3,"order":1,"r":45},{"drawLayer":"fg","ox":192,"oy":194,"time":390,"id":"explode","sprite":"explode.png","sy":0.5,"r":-135,"sx":0.5,"angle":168.75,"type":"deco"},{"id":"explode","time":391,"hide":true,"type":"deco","angle":157.5},{"drawLayer":"bg","time":390.125,"angle":168.75,"type":"deco","id":"explode"},{"value":1.1000000238419,"ease":"outExpo","repeats":2,"repeatDelay":1.5,"var":"vfx.canvPos.sy","start":1.25,"time":536,"duration":2,"angle":157.5,"type":"ease"},{"value":1.1000000238419,"ease":"outExpo","repeats":2,"repeatDelay":1.5,"var":"vfx.canvPos.sx","start":1.25,"time":536,"duration":2,"angle":180,"type":"ease"},{"value":1,"ease":"outExpo","var":"vfx.canvPos.sy","start":1.25,"time":540,"duration":5,"angle":157.5,"type":"ease"},{"value":1,"ease":"outExpo","var":"vfx.canvPos.sx","start":1.25,"time":540,"duration":5,"angle":180,"type":"ease"},{"g":231,"color":0,"time":548,"ease":"linear","angle":-112.5,"type":"setColor","order":-1,"r":246,"b":222},{"g":31,"color":1,"time":548,"ease":"linear","angle":-90,"type":"setColor","order":-1,"r":85,"b":23},{"g":65,"color":2,"time":548,"angle":-67.5,"ease":"linear","type":"setColor","order":-1,"r":205,"b":51},{"g":82,"color":3,"time":548,"ease":"linear","angle":-45,"type":"setColor","order":-1,"r":141,"b":74},{"g":97,"color":4,"time":548,"ease":"linear","angle":-22.5,"type":"setColor","order":-1,"r":131,"b":55},{"g":125,"color":5,"time":548,"ease":"linear","angle":0,"type":"setColor","order":-1,"r":197,"b":79},{"g":75,"color":6,"time":548,"ease":"linear","angle":22.5,"type":"setColor","order":-1,"r":220,"b":84},{"g":113,"color":7,"time":548,"ease":"linear","angle":45,"type":"setColor","order":-1,"r":169,"b":66},{"g":155,"color":0,"time":548,"ease":"linear","type":"setColor","duration":8,"angle":-292.5,"r":225,"b":122},{"g":18,"color":1,"time":548,"ease":"linear","type":"setColor","duration":8,"angle":-270,"r":67,"b":11},{"g":26,"color":2,"time":548,"type":"setColor","ease":"linear","duration":8,"angle":-247.5,"r":177,"b":11},{"g":48,"color":3,"time":548,"ease":"linear","type":"setColor","duration":8,"angle":-225,"r":114,"b":40},{"g":66,"color":4,"time":548,"ease":"linear","type":"setColor","duration":8,"angle":-202.5,"r":100,"b":25},{"g":87,"color":5,"time":548,"ease":"linear","type":"setColor","duration":8,"angle":-180,"r":178,"b":29},{"g":42,"color":6,"time":548,"ease":"linear","type":"setColor","duration":8,"angle":-157.5,"r":191,"b":51},{"g":80,"color":7,"time":548,"ease":"linear","type":"setColor","duration":8,"angle":-135,"r":128,"b":41},{"oy":32,"angle":180,"y":72,"id":"cutin","time":397.75,"sprite":"cutin.png","x":-40,"sx":2,"sy":0,"type":"deco"},{"ease":"outElastic","order":1,"id":"cutin","time":397.75,"sy":2,"duration":1,"sx":2,"angle":168.75,"type":"deco"},{"ease":"outSine","order":1,"id":"cutin","time":397.75,"x":0,"duration":8,"angle":157.5,"type":"deco"},{"ease":"outElastic","angle":168.75,"id":"cutin","time":410,"duration":1,"sx":2,"sy":0,"type":"deco"},{"value":1.5,"time":398,"type":"ease","duration":8,"angle":180,"var":"scrollSpeed","ease":"outSine"},{"value":1,"ease":"outExpo","repeats":32,"repeatDelay":1,"var":"vfx.canvPos.sy","start":1.1000000238419,"time":476,"duration":1,"angle":180,"type":"ease"},{"id":"back","time":476,"angle":168.75,"sx":1.1499999761581,"sy":1.1499999761581,"type":"deco"},{"ease":"outSine","order":1,"id":"back","time":476,"sy":1,"duration":16,"sx":1,"angle":157.5,"type":"deco"},{"value":1,"ease":"outExpo","repeats":32,"repeatDelay":1,"var":"vfx.canvPos.sx","start":1.1000000238419,"time":476,"duration":1,"angle":191.25,"type":"ease"},{"id":"bank","time":476,"angle":146.25,"r":5,"type":"deco"},{"ease":"outElastic","order":1,"id":"bank","time":476,"r":0,"duration":16,"angle":135,"type":"deco"},{"ease":"outSine","order":1,"id":"bank","time":474,"r":7,"duration":2,"angle":135,"type":"deco"},{"ease":"outSine","type":"deco","id":"bank","time":475,"angle":135,"duration":2,"order":1,"r":-7},{"value":1,"ease":"outExpo","repeats":29,"repeatDelay":1,"var":"vfx.canvPos.sy","start":1.0199999809265,"time":8,"duration":3,"angle":180,"type":"ease"},{"value":1,"ease":"outExpo","repeats":29,"repeatDelay":1,"var":"vfx.canvPos.sx","start":1.0200001001358,"time":8,"duration":3,"angle":191.25,"type":"ease"},{"value":1,"ease":"outExpo","repeats":29,"repeatDelay":1,"var":"vfx.canvPos.sy","start":1.0199999809265,"time":40,"duration":3,"angle":180,"type":"ease"},{"value":1,"ease":"outExpo","repeats":29,"repeatDelay":1,"var":"vfx.canvPos.sx","start":1.0200001001358,"time":40,"duration":3,"angle":191.25,"type":"ease"},{"value":1,"ease":"outExpo","repeats":32,"repeatDelay":1,"var":"vfx.canvPos.sy","start":1.0199999809265,"time":72,"duration":3,"angle":180,"type":"ease"},{"value":1,"ease":"outExpo","repeats":32,"repeatDelay":1,"var":"vfx.canvPos.sx","start":1.0200001001358,"time":72,"duration":3,"angle":191.25,"type":"ease"},{"value":1,"ease":"outExpo","repeats":27,"repeatDelay":1,"var":"vfx.canvPos.sy","start":1.0199999809265,"time":108,"duration":3,"angle":180,"type":"ease"},{"value":1,"ease":"outExpo","repeats":27,"repeatDelay":1,"var":"vfx.canvPos.sx","start":1.0200001001358,"time":108,"duration":3,"angle":191.25,"type":"ease"},{"value":1,"ease":"outExpo","repeatDelay":4,"var":"vfx.canvPos.sy","start":1.2000000476837,"time":136,"duration":3,"angle":180,"type":"ease"},{"value":1,"ease":"outExpo","repeatDelay":4,"var":"vfx.canvPos.sx","start":1.2000000476837,"time":136,"duration":3,"angle":191.25,"type":"ease"},{"value":1,"ease":"outExpo","repeatDelay":1,"var":"vfx.canvPos.sy","start":1.0199999809265,"time":168,"duration":3,"angle":180,"type":"ease"},{"value":1,"ease":"outExpo","repeatDelay":1,"var":"vfx.canvPos.sx","start":1.0200001001358,"time":168,"duration":3,"angle":191.25,"type":"ease"},{"id":"bank","time":166,"type":"deco","duration":0.5,"angle":180,"r":5,"ease":"outSine"},{"id":"bank","time":166.5,"type":"deco","duration":1,"angle":180,"r":-5,"ease":"outBack"},{"id":"bank","time":167.25,"type":"deco","duration":5,"angle":180,"r":0,"ease":"outElastic"},{"value":1,"ease":"outExpo","repeats":27,"repeatDelay":1,"var":"vfx.canvPos.sy","start":1.0199999809265,"time":173,"duration":3,"angle":180,"type":"ease"},{"value":1,"ease":"outExpo","repeats":27,"repeatDelay":1,"var":"vfx.canvPos.sx","start":1.0200001001358,"time":173,"duration":3,"angle":191.25,"type":"ease"},{"value":1,"ease":"outExpo","repeatDelay":4,"var":"vfx.canvPos.sy","start":1.2000000476837,"time":171.75,"duration":3,"angle":157.5,"type":"ease"},{"value":1,"ease":"outExpo","repeatDelay":4,"var":"vfx.canvPos.sx","start":1.2000000476837,"time":171.75,"duration":3,"angle":168.75,"type":"ease"},{"value":1,"ease":"outExpo","repeats":6,"repeatDelay":4,"var":"vfx.canvPos.sy","start":1.2000000476837,"time":203.75,"duration":3,"angle":157.5,"type":"ease"},{"value":1,"ease":"outExpo","repeats":6,"repeatDelay":4,"var":"vfx.canvPos.sx","start":1.2000000476837,"time":203.75,"duration":3,"angle":168.75,"type":"ease"},{"id":"bank","time":232,"type":"deco","duration":8,"angle":180,"r":1,"ease":"inOutSine"},{"id":"bank","ease":"inOutSine","type":"deco","duration":8,"angle":180,"r":-1,"time":240},{"id":"bank","ease":"inOutSine","type":"deco","duration":8,"angle":180,"r":1,"time":248},{"id":"bank","time":256,"type":"deco","duration":8,"angle":180,"r":0,"ease":"inOutSine"},{"value":1.0299999713898,"ease":"outSine","var":"vfx.canvPos.sy","start":1.0799999237061,"time":256,"duration":4,"angle":157.5,"type":"ease"},{"value":1.0299999713898,"ease":"outSine","var":"vfx.canvPos.sx","start":1.0799999237061,"time":256,"duration":4,"angle":168.75,"type":"ease"},{"value":1.1000000238419,"ease":"outSine","var":"vfx.canvPos.sy","start":1.2000000476837,"time":260,"duration":4,"angle":157.5,"type":"ease"},{"value":1.1000000238419,"ease":"outSine","var":"vfx.canvPos.sx","start":1.2000000476837,"time":260,"duration":4,"angle":168.75,"type":"ease"},{"value":1,"time":262,"type":"ease","duration":3,"angle":157.5,"var":"vfx.canvPos.sy","ease":"outExpo"},{"value":1,"time":262,"type":"ease","duration":3,"angle":168.75,"var":"vfx.canvPos.sx","ease":"outExpo"},{"value":1,"ease":"outSine","repeats":29,"repeatDelay":1,"var":"vfx.canvPos.sy","start":1.0299999713898,"time":264,"duration":1,"angle":157.5,"type":"ease"},{"value":1,"ease":"outSine","repeats":29,"repeatDelay":1,"var":"vfx.canvPos.sx","start":1.0299999713898,"time":264,"duration":1,"angle":168.75,"type":"ease"},{"value":1,"ease":"outSine","var":"vfx.canvPos.sy","start":1.1000000238419,"time":264,"angle":135,"duration":1,"order":1,"type":"ease"},{"value":1,"ease":"outSine","var":"vfx.canvPos.sx","start":1.1000000238419,"time":264,"angle":146.25,"duration":1,"order":1,"type":"ease"},{"value":1,"ease":"outSine","repeats":32,"repeatDelay":1,"var":"vfx.canvPos.sy","start":1.0299999713898,"time":296,"duration":1,"angle":157.5,"type":"ease"},{"value":1,"ease":"outSine","repeats":32,"repeatDelay":1,"var":"vfx.canvPos.sx","start":1.0299999713898,"time":296,"duration":1,"angle":168.75,"type":"ease"},{"value":1,"ease":"outSine","repeats":3,"repeatDelay":1,"var":"vfx.canvPos.sy","start":1.0099999904633,"time":332,"duration":1,"angle":157.5,"type":"ease"},{"value":1,"ease":"outSine","repeats":3,"repeatDelay":1,"var":"vfx.canvPos.sx","start":1.0099999904633,"time":332,"duration":1,"angle":168.75,"type":"ease"},{"value":1,"ease":"outSine","repeats":24,"repeatDelay":1,"var":"vfx.canvPos.sy","start":1.0299999713898,"time":336,"duration":1,"angle":157.5,"type":"ease"},{"value":1,"ease":"outSine","repeats":24,"repeatDelay":1,"var":"vfx.canvPos.sx","start":1.0299999713898,"time":336,"duration":1,"angle":168.75,"type":"ease"},{"value":1,"ease":"outExpo","repeatDelay":4,"var":"vfx.canvPos.sy","start":1.2000000476837,"time":360,"order":1,"duration":3,"angle":180,"type":"ease"},{"value":1,"ease":"outExpo","repeatDelay":4,"var":"vfx.canvPos.sx","start":1.2000000476837,"time":360,"order":1,"duration":3,"angle":191.25,"type":"ease"},{"value":1,"ease":"outExpo","repeats":32,"repeatDelay":1,"var":"vfx.canvPos.sy","start":1.1000000238419,"time":412,"duration":1,"angle":180,"type":"ease"},{"value":1,"ease":"outExpo","repeats":32,"repeatDelay":1,"var":"vfx.canvPos.sx","start":1.1000000238419,"time":412,"duration":1,"angle":191.25,"type":"ease"},{"value":1,"ease":"outExpo","repeats":32,"repeatDelay":1,"var":"vfx.canvPos.sy","start":1.1000000238419,"time":444,"duration":1,"angle":180,"type":"ease"},{"value":1,"ease":"outExpo","repeats":32,"repeatDelay":1,"var":"vfx.canvPos.sx","start":1.1000000238419,"time":444,"duration":1,"angle":191.25,"type":"ease"},{"id":"back","time":474,"angle":157.5,"type":"deco","sprite":"gamebg2.png"},{"value":1,"ease":"outExpo","repeats":26,"repeatDelay":1,"var":"vfx.canvPos.sy","start":1.1000000238419,"time":509,"duration":1,"angle":180,"type":"ease"},{"value":1,"ease":"outExpo","repeats":26,"repeatDelay":1,"var":"vfx.canvPos.sx","start":1.1000000238419,"time":509,"duration":1,"angle":191.25,"type":"ease"},{"id":"bank","ease":"outSine","type":"deco","duration":1,"angle":191.25,"r":5,"time":547},{"id":"bank","ease":"outBack","type":"deco","duration":1,"angle":191.25,"r":-5,"time":548},{"id":"bank","ease":"outElastic","type":"deco","duration":10,"angle":191.25,"r":0,"time":548.75},{"id":"bank","ease":"inOutSine","type":"deco","duration":8,"angle":270,"r":1,"time":360},{"id":"bank","time":368,"type":"deco","duration":8,"angle":270,"r":-1,"ease":"inOutSine"},{"id":"bank","ease":"inOutSine","type":"deco","duration":8,"angle":270,"r":1,"time":376},{"id":"bank","time":384,"type":"deco","duration":8,"angle":270,"r":-1,"ease":"inOutSine"},{"id":"bank","ease":"inOutSine","type":"deco","duration":8,"angle":270,"r":1,"time":412},{"id":"bank","time":420,"type":"deco","duration":8,"angle":270,"r":-1,"ease":"inOutSine"},{"id":"bank","ease":"inOutSine","type":"deco","duration":8,"angle":270,"r":1,"time":428},{"id":"bank","time":436,"type":"deco","duration":8,"angle":270,"r":-1,"ease":"inOutSine"},{"id":"bank","ease":"inOutSine","type":"deco","duration":8,"angle":270,"r":1,"time":444},{"id":"bank","time":452,"type":"deco","duration":8,"angle":270,"r":-1,"ease":"inOutSine"},{"id":"bank","ease":"inOutSine","type":"deco","duration":8,"angle":270,"r":1,"time":460},{"id":"bank","time":468,"type":"deco","duration":8,"angle":270,"r":-1,"ease":"inOutSine"},{"value":1,"ease":"outExpo","repeats":6,"repeatDelay":4,"var":"vfx.canvPos.sy","start":1.2000000476837,"time":139.75,"duration":3,"angle":180,"type":"ease"},{"value":1,"ease":"outExpo","repeats":6,"repeatDelay":4,"var":"vfx.canvPos.sx","start":1.2000000476837,"time":139.75,"duration":3,"angle":191.25,"type":"ease"},{"value":1,"ease":"outExpo","var":"vfx.canvPos.sy","start":1.2000000476837,"time":363.75,"duration":3,"angle":326.25,"type":"ease"},{"value":4,"time":136,"type":"ease","duration":32,"angle":90,"var":"scrollSpeed","ease":"linear"},{"value":1.2000000476837,"time":166,"type":"ease","duration":1,"angle":157.5,"var":"scrollSpeed","ease":"inOutSine"},{"value":1,"ease":"outExpo","var":"vfx.canvPos.sx","start":1.2000000476837,"time":363.75,"duration":3,"angle":337.5,"type":"ease"},{"value":4,"time":360,"type":"ease","duration":32,"angle":90,"var":"scrollSpeed","ease":"linear"},{"value":0.20000000298023,"time":390,"type":"ease","duration":4,"angle":146.25,"var":"scrollSpeed","ease":"outSine"},{"value":1.75,"time":395,"type":"ease","duration":4,"angle":135,"var":"scrollSpeed","ease":"outSine"},{"id":"bank","ease":"outSine","type":"deco","duration":0.5,"angle":180,"r":5,"time":262},{"id":"bank","ease":"outBack","type":"deco","duration":1,"angle":180,"r":-5,"time":262.5},{"id":"bank","ease":"outElastic","type":"deco","duration":5,"angle":180,"r":0,"time":263.25},{"ease":"outSine","paddle":1,"newWidth":35,"duration":1,"angle":168.75,"type":"paddles","time":232},{"ease":"outSine","paddle":1,"newWidth":70,"duration":1,"angle":348.75,"type":"paddles","time":256},{"value":1,"ease":"outSine","var":"vfx.canvPos.sy","start":1.1000000238419,"time":69.75,"angle":168.75,"duration":2,"order":1,"type":"ease"},{"value":1,"ease":"outSine","var":"vfx.canvPos.sx","start":1.1000000238419,"time":69.75,"angle":180,"duration":2,"order":1,"type":"ease"},{"value":1,"ease":"outSine","repeats":8,"repeatDelay":8,"var":"vfx.canvPos.sy","start":1.1000000238419,"time":72,"angle":168.75,"duration":1,"order":1,"type":"ease"},{"value":1,"ease":"outSine","repeats":8,"repeatDelay":8,"var":"vfx.canvPos.sx","start":1.1000000238419,"time":72,"angle":157.5,"duration":1,"order":1,"type":"ease"},{"value":2,"time":105,"type":"ease","duration":2,"angle":90,"var":"vfx.canvPos.r","ease":"outSine"},{"value":0,"ease":"inSine","var":"vfx.canvPos.r","start":-2,"time":107,"duration":1,"angle":112.5,"type":"ease"},{"value":1.1000000238419,"ease":"inOutSine","var":"vfx.canvPos.sy","start":1,"time":105,"order":1,"duration":3,"angle":337.5,"type":"ease"},{"value":1.1000000238419,"ease":"inOutSine","var":"vfx.canvPos.sx","start":1,"time":105,"order":1,"duration":3,"angle":348.75,"type":"ease"},{"value":1,"ease":"outSine","var":"vfx.canvPos.sy","start":1.1499999761581,"time":108,"order":1,"duration":2,"angle":337.5,"type":"ease"},{"value":1,"ease":"outSine","var":"vfx.canvPos.sx","start":1.1499999761581,"time":108,"angle":348.75,"duration":2,"order":1,"type":"ease"},{"value":0,"ease":"outSine","var":"vfx.hglitch.resolution","start":75,"time":118.5,"order":1,"duration":1,"angle":337.5,"type":"ease"},{"value":0,"ease":"outSine","var":"vfx.hwaves.strength","start":7,"time":118.5,"order":1,"duration":1,"angle":348.75,"type":"ease"},{"value":0,"ease":"outSine","var":"vfx.hglitch.resolution","start":75,"time":119.25,"order":1,"duration":1,"angle":337.5,"type":"ease"},{"value":0,"ease":"outSine","var":"vfx.hwaves.strength","start":-7,"time":119.25,"angle":348.75,"duration":1,"order":1,"type":"ease"},{"value":1,"ease":"outQuart","var":"vfx.canvPos.sx","start":1.1000000238419,"time":166.5,"angle":292.5,"duration":4,"order":1,"type":"ease"},{"value":1,"ease":"outExpo","var":"vfx.canvPos.sy","start":1.1000000238419,"time":166.5,"angle":303.75,"duration":4,"order":1,"type":"ease"},{"value":90,"time":179.5,"type":"ease","duration":1,"angle":180,"var":"vfx.angleTwist.offset","ease":"inOutSine"},{"value":-90,"time":180.5,"type":"ease","duration":1,"angle":180,"var":"vfx.angleTwist.offset","ease":"inOutSine"},{"value":0,"time":181.5,"type":"ease","duration":4,"angle":180,"var":"vfx.angleTwist.offset","ease":"inOutSine"},{"value":-90,"time":184,"type":"ease","duration":2,"angle":180,"var":"vfx.angleTwist.offset","ease":"inOutSine"},{"value":90,"time":186,"type":"ease","duration":2,"angle":180,"var":"vfx.angleTwist.offset","ease":"inOutSine"},{"value":135,"time":188,"type":"ease","duration":2,"angle":180,"var":"vfx.angleTwist.offset","ease":"inOutSine"},{"value":-90,"time":190.75,"type":"ease","duration":2,"angle":180,"var":"vfx.angleTwist.offset","ease":"inOutSine"},{"value":0,"time":200,"type":"ease","duration":2,"angle":180,"var":"vfx.angleTwist.offset","ease":"inOutSine"},{"value":-90,"time":208,"type":"ease","duration":8,"angle":180,"var":"vfx.angleTwist.offset","ease":"inOutSine"},{"value":0,"time":224,"type":"ease","duration":6,"angle":180,"var":"vfx.angleTwist.offset","ease":"inOutSine"},{"value":-360,"time":232,"type":"ease","duration":4,"angle":191.25,"var":"vfx.angleTwist.offset","ease":"inOutSine"},{"value":360,"time":240,"type":"ease","duration":8,"angle":191.25,"var":"vfx.angleTwist.offset","ease":"inOutSine"},{"value":0,"time":256,"type":"ease","duration":4,"angle":191.25,"var":"vfx.angleTwist.offset","ease":"inOutSine"},{"value":1,"ease":"outSine","var":"vfx.canvPos.sy","start":1.1000000238419,"time":266.5,"order":1,"duration":1,"angle":135,"type":"ease"},{"value":1,"ease":"outSine","var":"vfx.canvPos.sx","start":1.1000000238419,"time":266.5,"angle":146.25,"duration":1,"order":1,"type":"ease"},{"value":1,"ease":"outSine","var":"vfx.canvPos.sy","start":1.1000000238419,"time":270.75,"order":1,"duration":1,"angle":135,"type":"ease"},{"value":1,"ease":"outSine","var":"vfx.canvPos.sx","start":1.1000000238419,"time":270.75,"angle":146.25,"duration":1,"order":1,"type":"ease"},{"value":1,"ease":"outSine","var":"vfx.canvPos.sy","start":1.1000000238419,"time":274.5,"order":1,"duration":1,"angle":112.5,"type":"ease"},{"value":1,"ease":"outSine","var":"vfx.canvPos.sx","start":1.1000000238419,"time":274.5,"angle":123.75,"duration":1,"order":1,"type":"ease"},{"value":1,"ease":"outSine","var":"vfx.canvPos.sy","start":1.1000000238419,"time":278.5,"order":1,"duration":1,"angle":135,"type":"ease"},{"value":1,"ease":"outSine","var":"vfx.canvPos.sx","start":1.1000000238419,"time":278.5,"angle":146.25,"duration":1,"order":1,"type":"ease"},{"value":1,"ease":"outSine","var":"vfx.canvPos.sy","start":1.1000000238419,"time":279.25,"order":1,"duration":1,"angle":135,"type":"ease"},{"value":1,"ease":"outSine","var":"vfx.canvPos.sx","start":1.1000000238419,"time":279.25,"angle":146.25,"duration":1,"order":1,"type":"ease"},{"value":1,"ease":"outSine","var":"vfx.canvPos.sy","start":1.1000000238419,"time":280,"order":1,"duration":1,"angle":135,"type":"ease"},{"value":1,"ease":"outSine","var":"vfx.canvPos.sx","start":1.1000000238419,"time":280,"angle":146.25,"duration":1,"order":1,"type":"ease"},{"value":1,"ease":"outSine","var":"vfx.canvPos.sy","start":1.1000000238419,"time":282.5,"order":1,"duration":1,"angle":135,"type":"ease"},{"value":1,"ease":"outSine","var":"vfx.canvPos.sx","start":1.1000000238419,"time":282.5,"angle":146.25,"duration":1,"order":1,"type":"ease"},{"value":1,"ease":"outSine","var":"vfx.canvPos.sy","start":1.1000000238419,"time":283.25,"order":1,"duration":1,"angle":146.25,"type":"ease"},{"value":1,"ease":"outSine","var":"vfx.canvPos.sx","start":1.1000000238419,"time":283.25,"angle":157.5,"duration":1,"order":1,"type":"ease"},{"value":1,"ease":"outSine","var":"vfx.canvPos.sy","start":1.1000000238419,"time":284,"order":1,"duration":1,"angle":135,"type":"ease"},{"value":1,"ease":"outSine","var":"vfx.canvPos.sx","start":1.1000000238419,"time":284,"angle":146.25,"duration":1,"order":1,"type":"ease"},{"value":1,"ease":"outSine","var":"vfx.canvPos.sy","start":1.1000000238419,"time":286.5,"order":1,"duration":1,"angle":135,"type":"ease"},{"value":1,"ease":"outSine","var":"vfx.canvPos.sx","start":1.1000000238419,"time":286.5,"angle":146.25,"duration":1,"order":1,"type":"ease"},{"value":1,"ease":"outSine","var":"vfx.canvPos.sy","start":1.1000000238419,"time":287.25,"order":1,"duration":1,"angle":135,"type":"ease"},{"value":1,"ease":"outSine","var":"vfx.canvPos.sx","start":1.1000000238419,"time":287.25,"angle":146.25,"duration":1,"order":1,"type":"ease"},{"value":1,"ease":"outSine","var":"vfx.canvPos.sy","start":1.1000000238419,"time":288,"order":1,"duration":1,"angle":135,"type":"ease"},{"value":1,"ease":"outSine","var":"vfx.canvPos.sx","start":1.1000000238419,"time":288,"angle":146.25,"duration":1,"order":1,"type":"ease"},{"value":1,"ease":"outSine","var":"vfx.canvPos.sy","start":1.1000000238419,"time":290.5,"order":1,"duration":1,"angle":135,"type":"ease"},{"value":1,"ease":"outSine","var":"vfx.canvPos.sx","start":1.1000000238419,"time":290.5,"angle":146.25,"duration":1,"order":1,"type":"ease"},{"value":1,"ease":"outSine","var":"vfx.canvPos.sy","start":1.1000000238419,"time":293.75,"order":1,"duration":1,"angle":135,"type":"ease"},{"value":1,"ease":"outSine","var":"vfx.canvPos.sx","start":1.1000000238419,"time":293.75,"angle":146.25,"duration":1,"order":1,"type":"ease"},{"value":45,"time":310.5,"type":"ease","duration":0.75,"angle":0,"var":"vfx.angleTwist.offset","ease":"outSine"},{"value":-45,"time":311.25,"type":"ease","duration":0.75,"angle":0,"var":"vfx.angleTwist.offset","ease":"outSine"},{"value":0,"time":312,"type":"ease","duration":0.75,"angle":0,"var":"vfx.angleTwist.offset","ease":"outSine"},{"value":45,"time":322.5,"type":"ease","duration":0.75,"angle":0,"var":"vfx.angleTwist.offset","ease":"outSine"},{"value":-45,"time":323.25,"type":"ease","duration":0.75,"angle":0,"var":"vfx.angleTwist.offset","ease":"outSine"},{"value":0,"time":324,"type":"ease","duration":0.75,"angle":0,"var":"vfx.angleTwist.offset","ease":"outSine"},{"value":360,"time":328,"type":"ease","duration":2,"angle":11.25,"var":"vfx.angleTwist.offset","ease":"inOutSine"},{"value":0,"time":333,"type":"ease","duration":2,"angle":11.25,"var":"vfx.angleTwist.offset","ease":"inOutSine"},{"value":45,"time":342.5,"type":"ease","duration":0.75,"angle":0,"var":"vfx.angleTwist.offset","ease":"outSine"},{"value":-45,"time":343.25,"type":"ease","duration":0.75,"angle":0,"var":"vfx.angleTwist.offset","ease":"outSine"},{"value":0,"time":344,"type":"ease","duration":0.75,"angle":0,"var":"vfx.angleTwist.offset","ease":"outSine"},{"value":45,"time":350.5,"type":"ease","duration":0.75,"angle":0,"var":"vfx.angleTwist.offset","ease":"outSine"},{"value":-45,"time":351.25,"type":"ease","duration":0.75,"angle":0,"var":"vfx.angleTwist.offset","ease":"outSine"},{"value":0,"time":352,"type":"ease","duration":0.75,"angle":0,"var":"vfx.angleTwist.offset","ease":"outSine"},{"value":1,"ease":"outSine","var":"vfx.pixelate","start":4,"time":390,"duration":4,"angle":78.75,"type":"ease"},{"value":1,"ease":"outExpo","repeats":1,"repeatDelay":1,"var":"vfx.canvPos.sy","start":1.1000000238419,"time":408,"duration":1,"angle":157.5,"type":"ease"},{"value":1,"ease":"outExpo","repeats":1,"repeatDelay":1,"var":"vfx.canvPos.sx","start":1.1000000238419,"time":408,"duration":1,"angle":168.75,"type":"ease"},{"value":0.89999997615814,"ease":"outExpo","repeatDelay":1,"var":"vfx.canvPos.sy","start":1.1000000238419,"time":410,"duration":1,"angle":146.25,"type":"ease"},{"value":0.89999997615814,"ease":"outExpo","repeatDelay":1,"var":"vfx.canvPos.sx","start":1.1000000238419,"time":410,"duration":1,"angle":157.5,"type":"ease"},{"value":1.1000000238419,"ease":"inExpo","repeatDelay":1,"var":"vfx.canvPos.sy","time":411,"duration":1,"angle":146.25,"type":"ease"},{"value":1.1000000238419,"ease":"inExpo","repeatDelay":1,"var":"vfx.canvPos.sx","time":411,"duration":1,"angle":157.5,"type":"ease"},{"value":1,"ease":"outExpo","repeatDelay":1,"var":"vfx.canvPos.sy","start":1.25,"time":412,"angle":146.25,"duration":1,"order":1,"type":"ease"},{"value":1,"ease":"outExpo","repeatDelay":1,"var":"vfx.canvPos.sx","start":1.25,"time":412,"angle":157.5,"duration":1,"order":1,"type":"ease"},{"value":1,"ease":"outExpo","repeatDelay":1,"var":"vfx.canvPos.sy","start":1.2999999523163,"time":474,"angle":78.75,"duration":1,"order":1,"type":"ease"},{"value":1,"ease":"outExpo","repeatDelay":1,"var":"vfx.canvPos.sx","start":1.2999999523163,"time":474,"angle":90,"duration":1,"order":1,"type":"ease"},{"value":1,"ease":"outExpo","repeatDelay":1,"var":"vfx.canvPos.sy","start":1.2999999523163,"time":475,"order":1,"duration":1,"angle":78.75,"type":"ease"},{"value":1,"ease":"outExpo","repeatDelay":1,"var":"vfx.canvPos.sx","start":1.2999999523163,"time":475,"order":1,"duration":1,"angle":90,"type":"ease"},{"value":1,"ease":"outExpo","repeatDelay":1,"var":"vfx.canvPos.sy","start":1.2999999523163,"time":476,"order":1,"duration":1,"angle":78.75,"type":"ease"},{"value":1,"ease":"outExpo","repeatDelay":1,"var":"vfx.canvPos.sx","start":1.2999999523163,"time":476,"order":1,"duration":1,"angle":90,"type":"ease"},{"value":1,"ease":"outExpo","repeatDelay":1,"var":"vfx.canvPos.sy","start":1.2999999523163,"time":491,"order":1,"duration":1,"angle":78.75,"type":"ease"},{"value":1,"ease":"outExpo","repeatDelay":1,"var":"vfx.canvPos.sx","start":1.2999999523163,"time":491,"order":1,"duration":1,"angle":90,"type":"ease"},{"value":0,"ease":"inExpo","repeatDelay":1,"var":"vfx.hwaves.strength","start":15,"time":426.5,"order":1,"duration":1,"angle":123.75,"type":"ease"},{"value":32,"ease":"outExpo","repeatDelay":1,"var":"vfx.hwaves.period","start":64,"time":426.5,"order":1,"duration":1,"angle":135,"type":"ease"},{"value":8,"ease":"outExpo","repeatDelay":1,"var":"vfx.hwaves.offset","start":0,"time":426.5,"angle":146.25,"duration":1,"order":1,"type":"ease"},{"value":0,"ease":"inExpo","repeatDelay":1,"var":"vfx.hwaves.strength","start":15,"time":442.5,"angle":123.75,"duration":1,"order":1,"type":"ease"},{"value":32,"ease":"outExpo","repeatDelay":1,"var":"vfx.hwaves.period","start":64,"time":442.5,"angle":135,"duration":1,"order":1,"type":"ease"},{"value":8,"ease":"outExpo","repeatDelay":1,"var":"vfx.hwaves.offset","start":0,"time":442.5,"order":1,"duration":1,"angle":146.25,"type":"ease"},{"value":0,"ease":"inExpo","repeatDelay":1,"var":"vfx.hwaves.strength","start":15,"time":458.5,"angle":135,"duration":1,"order":1,"type":"ease"},{"value":32,"ease":"outExpo","repeatDelay":1,"var":"vfx.hwaves.period","start":64,"time":458.5,"angle":146.25,"duration":1,"order":1,"type":"ease"},{"value":8,"ease":"outExpo","repeatDelay":1,"var":"vfx.hwaves.offset","start":0,"time":458.5,"angle":157.5,"duration":1,"order":1,"type":"ease"},{"value":0,"ease":"inExpo","repeatDelay":1,"var":"vfx.hwaves.strength","start":15,"time":491,"angle":123.75,"duration":1,"order":1,"type":"ease"},{"value":32,"ease":"outExpo","repeatDelay":1,"var":"vfx.hwaves.period","start":64,"time":491,"angle":135,"duration":1,"order":1,"type":"ease"},{"value":8,"ease":"outExpo","repeatDelay":1,"var":"vfx.hwaves.offset","start":0,"time":491,"angle":146.25,"duration":1,"order":1,"type":"ease"},{"value":0,"ease":"inExpo","repeatDelay":1,"var":"vfx.hwaves.strength","start":15,"time":506.5,"angle":123.75,"duration":1,"order":1,"type":"ease"},{"value":32,"ease":"outExpo","repeatDelay":1,"var":"vfx.hwaves.period","start":64,"time":506.5,"angle":135,"duration":1,"order":1,"type":"ease"},{"value":8,"ease":"outExpo","repeatDelay":1,"var":"vfx.hwaves.offset","start":0,"time":506.5,"angle":146.25,"duration":1,"order":1,"type":"ease"},{"value":0,"ease":"inExpo","repeatDelay":1,"var":"vfx.hwaves.strength","start":15,"time":523,"angle":123.75,"duration":1,"order":1,"type":"ease"},{"value":32,"ease":"outExpo","repeatDelay":1,"var":"vfx.hwaves.period","start":64,"time":523,"angle":135,"duration":1,"order":1,"type":"ease"},{"value":8,"ease":"outExpo","repeatDelay":1,"var":"vfx.hwaves.offset","start":0,"time":523,"angle":146.25,"duration":1,"order":1,"type":"ease"},{"value":0,"ease":"inExpo","repeatDelay":1,"var":"vfx.hwaves.strength","start":5,"time":547,"angle":123.75,"duration":1,"order":1,"type":"ease"},{"value":32,"ease":"outExpo","repeatDelay":1,"var":"vfx.hwaves.period","start":64,"time":547,"angle":135,"duration":1,"order":1,"type":"ease"},{"value":8,"ease":"outExpo","repeatDelay":1,"var":"vfx.hwaves.offset","start":0,"time":547,"angle":146.25,"duration":1,"order":1,"type":"ease"},{"value":1.1000000238419,"ease":"outExpo","repeats":1,"repeatDelay":0.5,"var":"vfx.canvPos.sy","start":1.25,"time":544,"duration":1,"angle":157.5,"type":"ease"},{"value":1.1000000238419,"ease":"outExpo","repeats":1,"repeatDelay":0.5,"var":"vfx.canvPos.sx","start":1.25,"time":544,"duration":1,"angle":180,"type":"ease"},{"value":1.1000000238419,"ease":"outExpo","repeats":1,"repeatDelay":0.5,"var":"vfx.canvPos.sy","start":1.25,"time":546,"duration":1,"angle":157.5,"type":"ease"},{"value":1.1000000238419,"ease":"outExpo","repeats":1,"repeatDelay":0.5,"var":"vfx.canvPos.sx","start":1.25,"time":546,"duration":1,"angle":180,"type":"ease"},{"value":1,"ease":"outExpo","repeatDelay":0.5,"var":"vfx.canvPos.sy","start":1.5,"time":548,"duration":4,"angle":157.5,"type":"ease"},{"value":1,"ease":"outExpo","repeatDelay":0.5,"var":"vfx.canvPos.sx","start":1.5,"time":548,"duration":4,"angle":180,"type":"ease"},{"id":"bank","ease":"outSine","type":"deco","duration":0.5,"angle":180,"r":5,"time":310.5},{"id":"bank","ease":"outBack","type":"deco","duration":1,"angle":180,"r":-5,"time":311},{"id":"bank","ease":"outElastic","type":"deco","duration":5,"angle":180,"r":0,"time":311.75},{"id":"bank","ease":"outSine","type":"deco","duration":0.5,"angle":180,"r":5,"time":322.5},{"id":"bank","ease":"outBack","type":"deco","duration":1,"angle":180,"r":-5,"time":323},{"id":"bank","ease":"outElastic","type":"deco","duration":5,"angle":180,"r":0,"time":323.75},{"id":"bank","ease":"outSine","type":"deco","duration":0.5,"angle":180,"r":5,"time":342.5},{"id":"bank","ease":"outBack","type":"deco","duration":1,"angle":180,"r":-5,"time":343},{"id":"bank","ease":"outElastic","type":"deco","duration":5,"angle":180,"r":0,"time":343.75},{"id":"bank","ease":"outSine","type":"deco","duration":0.5,"angle":180,"r":5,"time":350.5},{"id":"bank","ease":"outBack","type":"deco","duration":1,"angle":180,"r":-5,"time":351},{"id":"bank","ease":"outElastic","type":"deco","duration":5,"angle":180,"r":0,"time":351.75},{"id":"bank","ease":"outSine","type":"deco","duration":0.5,"angle":180,"r":5,"time":354.5},{"id":"bank","ease":"outBack","type":"deco","duration":1,"angle":180,"r":-5,"time":355},{"id":"bank","ease":"outElastic","type":"deco","duration":5,"angle":180,"r":0,"time":355.75},{"id":"bank","ease":"inOutSine","type":"deco","duration":8,"angle":180,"r":1,"time":105},{"id":"bank","ease":"inOutSine","type":"deco","duration":8,"angle":180,"r":-1,"time":113},{"id":"bank","time":120,"type":"deco","duration":8,"angle":180,"r":1,"ease":"inOutSine"},{"id":"bank","time":128,"type":"deco","duration":8,"angle":180,"r":-1,"ease":"inOutSine"},{"id":"bank","time":136,"type":"deco","duration":8,"angle":168.75,"r":0,"ease":"inOutSine"},{"value":0,"ease":"outSine","repeatDelay":1,"var":"vfx.hwaves.strength","start":5,"time":540,"angle":123.75,"duration":4,"order":1,"type":"ease"},{"value":32,"ease":"outExpo","repeatDelay":1,"var":"vfx.hwaves.period","start":64,"time":540,"angle":135,"duration":4,"order":1,"type":"ease"},{"value":8,"ease":"outExpo","repeatDelay":1,"var":"vfx.hwaves.offset","start":0,"time":540,"angle":146.25,"duration":4,"order":1,"type":"ease"},{"value":0,"ease":"outExpo","repeatDelay":1,"var":"vfx.hwaves.strength","start":5,"time":176.5,"angle":123.75,"duration":2,"order":1,"type":"ease"},{"value":32,"ease":"outExpo","repeatDelay":1,"var":"vfx.hwaves.period","start":64,"time":176.5,"angle":135,"duration":2,"order":1,"type":"ease"},{"value":8,"ease":"outExpo","repeatDelay":1,"var":"vfx.hwaves.offset","start":0,"time":176.5,"angle":146.25,"duration":2,"order":1,"type":"ease"},{"ease":"outCubic","duration":6,"sy":6,"r":45,"id":"smoke3","time":390,"order":1,"y":660,"sx":6,"angle":180,"type":"deco"},{"ox":256,"oy":256,"r":-135,"id":"smoke3","sprite":"smoke#default","sy":1,"time":390,"sx":1,"angle":191.25,"type":"deco"},{"id":"smoke3","time":393,"hide":true,"type":"deco","angle":168.75},{"value":1,"ease":"outExpo","repeatDelay":4,"var":"vfx.canvPos.sy","start":1.2000000476837,"time":232,"duration":8,"angle":90,"type":"ease"},{"value":1,"ease":"outExpo","repeatDelay":4,"var":"vfx.canvPos.sx","start":1.2000000476837,"time":232,"duration":8,"angle":101.25,"type":"ease"},{"value":1,"ease":"outExpo","repeatDelay":4,"var":"vfx.canvPos.sy","start":1.2000000476837,"time":262,"duration":3,"angle":112.5,"type":"ease"},{"value":1,"ease":"outExpo","repeatDelay":4,"var":"vfx.canvPos.sx","start":1.2000000476837,"time":262,"duration":3,"angle":123.75,"type":"ease"},{"value":1,"ease":"outExpo","repeatDelay":4,"var":"vfx.canvPos.sy","start":1.5,"time":262.5,"duration":3,"angle":112.5,"type":"ease"},{"value":1,"ease":"outExpo","repeatDelay":4,"var":"vfx.canvPos.sx","start":1.5,"time":262.5,"duration":3,"angle":123.75,"type":"ease"},{"value":1,"ease":"outExpo","repeatDelay":4,"var":"vfx.canvPos.sy","start":1.2000000476837,"time":328,"angle":112.5,"duration":3,"order":1,"type":"ease"},{"value":1,"ease":"outExpo","repeatDelay":4,"var":"vfx.canvPos.sx","start":1.2000000476837,"time":328,"angle":123.75,"duration":3,"order":1,"type":"ease"},{"value":1,"ease":"outExpo","var":"vfx.canvPos.sy","start":1.2000000476837,"time":367.75,"duration":4,"angle":326.25,"type":"ease"},{"value":1,"ease":"outExpo","var":"vfx.canvPos.sx","start":1.2000000476837,"time":367.75,"duration":4,"angle":337.5,"type":"ease"},{"value":1,"ease":"outExpo","var":"vfx.canvPos.sy","start":1.2000000476837,"time":371.75,"duration":5,"angle":326.25,"type":"ease"},{"value":1,"ease":"outExpo","var":"vfx.canvPos.sx","start":1.2000000476837,"time":371.75,"duration":5,"angle":337.5,"type":"ease"},{"value":1,"ease":"outExpo","var":"vfx.canvPos.sy","start":1.2000000476837,"time":375.75,"duration":6,"angle":326.25,"type":"ease"},{"value":1,"ease":"outExpo","var":"vfx.canvPos.sx","start":1.2000000476837,"time":375.75,"duration":6,"angle":337.5,"type":"ease"},{"value":1,"ease":"outExpo","var":"vfx.canvPos.sy","start":1.2999999523163,"time":379.75,"duration":7,"angle":326.25,"type":"ease"},{"value":1,"ease":"outExpo","var":"vfx.canvPos.sx","start":1.2999999523163,"time":379.75,"duration":7,"angle":337.5,"type":"ease"},{"value":1.1000000238419,"ease":"outExpo","var":"vfx.canvPos.sy","start":1.3999999761581,"time":383.75,"duration":12,"angle":326.25,"type":"ease"},{"value":1.1000000238419,"ease":"outExpo","var":"vfx.canvPos.sx","start":1.3999999761581,"time":383.75,"duration":12,"angle":337.5,"type":"ease"},{"value":0,"time":40,"type":"ease","duration":16,"angle":168.75,"var":"vfx.angleTwist.offset"}],"metadata":{"artist":"KEY AFTER KEY","charter":"Starcat_JP","songName":"STYLISH STICKUP","difficulty":0,"bgData":{"greenChannel":{"g":146,"r":58,"b":87},"yellowChannel":{"g":192,"r":157,"b":100},"magentaChannel":{"g":93,"r":174,"b":175},"cyanChannel":{"g":175,"r":93,"b":141},"image":"bg.png","redChannel":{"g":58,"r":155,"b":37},"blueChannel":{"g":106,"r":75,"b":139}},"description":"Get those robbers out of the bank, DEAD. OR. ALIVE.","artistLink":"https://youtu.be/5bK5D2O9gQw?si=bLuoyo1J6s_nBKKH","bg":true}}