{"properties":{"startBeat":0,"formatversion":12,"offset":4,"speed":70},"events":[{"time":-4,"color":1,"angle":292.5,"type":"setBgColor"},{"paddle":0,"time":117,"ease":"linear","type":"paddles","newWidth":50,"angle":330,"duration":0.5},{"paddle":4,"time":118,"ease":"linear","type":"paddles","newWidth":40,"angle":330,"duration":0.5},{"paddle":0,"time":118.5,"ease":"linear","type":"paddles","newWidth":30,"angle":330,"duration":0.5},{"paddle":0,"time":120,"ease":"linear","type":"paddles","newWidth":50,"angle":315,"duration":0.5},{"paddle":0,"duration":0,"time":134.5,"angle":105,"ease":"linear","type":"paddles","order":-999,"enabled":false},{"newWidth":60,"time":134.5,"ease":"linear","type":"paddles","duration":0.5,"angle":157.5,"paddle":0},{"time":120,"angle":22.5,"duration":2,"b":80,"ease":"linear","r":80,"color":1,"type":"setColor","g":80},{"time":-4,"type":"outline","color":2,"angle":67.5,"enable":true},{"order":-999,"angle":45,"duration":2,"time":120,"type":"setColor","ease":"linear","r":0,"color":2,"b":250,"g":215},{"time":120,"angle":157.5,"color":3,"type":"noise","chance":0.30000001192093},{"angle":112.5,"time":-4,"b":120,"order":-999,"r":120,"color":3,"type":"setColor","g":120},{"description":"","name":"Section","time":134,"b":0,"r":0,"angle":0,"type":"bookmark","g":0},{"paddle":0,"duration":0,"time":145,"type":"paddles","ease":"linear","angle":67.5,"order":-999,"enabled":false},{"newWidth":20,"paddle":0,"duration":0.5,"time":145,"ease":"linear","type":"paddles","order":1,"angle":112.5},{"paddle":0,"duration":0,"time":166.5,"angle":300,"ease":"linear","type":"paddles","order":-999,"enabled":false},{"newWidth":70,"time":166.5,"ease":"linear","type":"paddles","duration":0.5,"angle":270,"paddle":0},{"time":118,"enable":true,"type":"hom","angle":285},{"time":120,"enable":false,"type":"hom","angle":255},{"duration":0,"paddle":0,"type":"paddles","enabled":false,"order":-999,"angle":300,"time":180},{"newWidth":50,"time":180,"angle":255,"duration":0,"type":"paddles","paddle":0},{"duration":0,"paddle":0,"type":"paddles","enabled":false,"order":-999,"angle":337.5,"time":199},{"newWidth":70,"time":199,"angle":22.5,"duration":0,"type":"paddles","paddle":0},{"description":"Key Charnge","name":"Guitar comes in","time":216,"b":0,"r":0,"angle":90,"type":"bookmark","g":0},{"duration":0,"paddle":0,"type":"paddles","enabled":false,"order":-999,"angle":150,"time":215.75},{"paddle":0,"time":215.75,"ease":"linear","angle":210,"newWidth":50,"type":"paddles","duration":0.25},{"paddle":0,"duration":0,"time":230,"type":"paddles","ease":"linear","angle":0,"order":-999,"enabled":false},{"paddle":0,"time":230,"ease":"linear","angle":330,"newWidth":70,"type":"paddles","duration":0.5},{"duration":0,"paddle":0,"type":"paddles","enabled":false,"order":-999,"angle":90,"time":268},{"paddle":0,"time":268,"ease":"linear","angle":120,"newWidth":60,"type":"paddles","duration":0.5},{"paddle":0,"time":269,"ease":"linear","angle":90,"newWidth":50,"type":"paddles","duration":0.5},{"duration":0,"paddle":0,"type":"paddles","enabled":false,"order":-999,"angle":150,"time":269},{"duration":0,"paddle":0,"type":"paddles","enabled":false,"order":-999,"angle":60,"time":269.5},{"paddle":0,"time":269.5,"ease":"linear","angle":30,"newWidth":40,"type":"paddles","duration":0.5},{"duration":0,"paddle":0,"type":"paddles","enabled":false,"order":-999,"angle":120,"time":270},{"paddle":0,"time":270,"ease":"linear","angle":60,"newWidth":70,"type":"paddles","duration":0.5},{"time":349,"angle":0,"type":"showResults"},{"angle":330,"time":-4,"b":30,"order":-999,"r":100,"color":1,"type":"setColor","g":60},{"time":119.5,"angle":157.5,"color":3,"type":"noise","chance":0.30000001192093},{"x":300,"sprite":"Clock Hand 1.png","recolor":2,"drawLayer":"bg","type":"deco","time":-4,"id":"0","ox":16,"oy":200,"order":-999,"angle":0,"y":180},{"duration":0.5,"id":"0","ease":"outSine","r":30,"angle":30,"type":"deco","time":0},{"time":1,"id":"0","ease":"outSine","r":60,"angle":60,"type":"deco","duration":0.5},{"time":2,"id":"0","ease":"outSine","r":90,"angle":90,"type":"deco","duration":0.5},{"time":3,"id":"0","ease":"outSine","r":120,"angle":120,"type":"deco","duration":0.5},{"time":4,"id":"0","ease":"outSine","r":150,"angle":150,"type":"deco","duration":0.5},{"time":5,"id":"0","ease":"outSine","r":180,"angle":180,"type":"deco","duration":0.5},{"time":6,"id":"0","ease":"outSine","r":210,"angle":210,"type":"deco","duration":0.5},{"time":7,"id":"0","ease":"outSine","r":240,"angle":240,"type":"deco","duration":0.5},{"time":8,"id":"0","ease":"outSine","r":270,"angle":270,"type":"deco","duration":0.5},{"time":9,"id":"0","ease":"outSine","r":300,"angle":300,"type":"deco","duration":0.5},{"time":10,"id":"0","ease":"outSine","r":330,"angle":330,"type":"deco","duration":0.5},{"time":11,"id":"0","ease":"outSine","r":360,"angle":360,"type":"deco","duration":0.5},{"time":12,"id":"0","r":0,"order":-999,"angle":60,"type":"deco"},{"time":12,"id":"0","ease":"outSine","r":30,"angle":30,"type":"deco","duration":0.5},{"time":13,"id":"0","ease":"outSine","r":60,"angle":60,"type":"deco","duration":0.5},{"time":14,"id":"0","ease":"outSine","r":90,"angle":90,"type":"deco","duration":0.5},{"time":15,"id":"0","ease":"outSine","r":120,"angle":120,"type":"deco","duration":0.5},{"time":16,"id":"0","ease":"outSine","r":150,"angle":150,"type":"deco","duration":0.5},{"time":17,"id":"0","ease":"outSine","r":180,"angle":180,"type":"deco","duration":0.5},{"time":18,"id":"0","ease":"outSine","r":210,"angle":210,"type":"deco","duration":0.5},{"time":19,"id":"0","ease":"outSine","r":240,"angle":240,"type":"deco","duration":0.5},{"time":20,"id":"0","ease":"outSine","r":270,"angle":270,"type":"deco","duration":0.5},{"time":21,"id":"0","ease":"outSine","r":300,"angle":300,"type":"deco","duration":0.5},{"time":22,"id":"0","ease":"outSine","r":0,"angle":360,"type":"deco","duration":1},{"time":21.5,"id":"0","r":300,"order":-999,"angle":0,"type":"deco"},{"time":24,"id":"0","ease":"outSine","r":30,"angle":30,"type":"deco","duration":0.5},{"time":25,"id":"0","ease":"outSine","r":60,"angle":60,"type":"deco","duration":0.5},{"time":26,"id":"0","ease":"outSine","r":90,"angle":90,"type":"deco","duration":0.5},{"time":27,"id":"0","ease":"outSine","r":120,"angle":120,"type":"deco","duration":0.5},{"time":28,"id":"0","ease":"outSine","r":150,"angle":150,"type":"deco","duration":0.5},{"time":29,"id":"0","ease":"outSine","r":180,"angle":180,"type":"deco","duration":0.5},{"time":30,"id":"0","ease":"outSine","r":210,"angle":210,"type":"deco","duration":0.5},{"time":31,"id":"0","ease":"outSine","r":240,"angle":240,"type":"deco","duration":0.5},{"time":32,"id":"0","ease":"outSine","r":270,"angle":270,"type":"deco","duration":0.5},{"time":33,"id":"0","ease":"outSine","r":300,"angle":300,"type":"deco","duration":0.5},{"time":34,"id":"0","ease":"outSine","r":330,"angle":330,"type":"deco","duration":0.5},{"time":35,"id":"0","ease":"outSine","r":360,"angle":360,"type":"deco","duration":0.5},{"time":36,"id":"0","ease":"outSine","r":30,"angle":30,"type":"deco","duration":0.5},{"time":37,"id":"0","ease":"outSine","r":60,"angle":60,"type":"deco","duration":0.5},{"time":38,"id":"0","ease":"outSine","r":90,"angle":90,"type":"deco","duration":0.5},{"time":39,"id":"0","ease":"outSine","r":120,"angle":120,"type":"deco","duration":0.5},{"time":40,"id":"0","ease":"outSine","r":150,"angle":150,"type":"deco","duration":0.5},{"time":41,"id":"0","ease":"outSine","r":180,"angle":180,"type":"deco","duration":0.5},{"time":42,"id":"0","ease":"outSine","r":210,"angle":210,"type":"deco","duration":0.5},{"time":43,"id":"0","ease":"outSine","r":240,"angle":240,"type":"deco","duration":0.5},{"time":44,"id":"0","ease":"outSine","r":270,"angle":270,"type":"deco","duration":0.5},{"time":45,"id":"0","ease":"outSine","r":300,"angle":300,"type":"deco","duration":0.5},{"time":46,"id":"0","ease":"outSine","r":330,"angle":330,"type":"deco","duration":0.5},{"time":47,"id":"0","ease":"outSine","r":360,"angle":360,"type":"deco","duration":0.5},{"time":48,"id":"0","ease":"outSine","r":30,"angle":30,"type":"deco","duration":0.5},{"time":49,"id":"0","ease":"outSine","r":60,"angle":60,"type":"deco","duration":0.5},{"time":50,"id":"0","ease":"outSine","r":90,"angle":90,"type":"deco","duration":0.5},{"time":51,"id":"0","ease":"outSine","r":120,"angle":120,"type":"deco","duration":0.5},{"time":52,"id":"0","ease":"outSine","r":150,"angle":150,"type":"deco","duration":0.5},{"time":53,"id":"0","ease":"outSine","r":180,"angle":180,"type":"deco","duration":0.5},{"time":53.5,"id":"0","r":180,"order":-999,"angle":210,"type":"deco"},{"time":54,"id":"0","ease":"outSine","r":0,"angle":210,"type":"deco","duration":0.5},{"time":36,"id":"0","r":0,"order":-999,"angle":60,"type":"deco"},{"time":48,"id":"0","r":0,"order":-999,"angle":90,"type":"deco"},{"time":0,"type":"play","file":"Time Treble.wav","volume":1,"angle":337.5,"bpm":160},{"time":56,"id":"0","ease":"outSine","r":30,"angle":30,"type":"deco","duration":0.5},{"time":57,"id":"0","ease":"outSine","r":60,"angle":60,"type":"deco","duration":0.5},{"time":58,"id":"0","ease":"outSine","r":90,"angle":90,"type":"deco","duration":0.5},{"time":59,"id":"0","ease":"outSine","r":120,"angle":120,"type":"deco","duration":0.5},{"time":60,"id":"0","ease":"outSine","r":150,"angle":150,"type":"deco","duration":0.5},{"time":61,"id":"0","ease":"outSine","r":180,"angle":180,"type":"deco","duration":0.5},{"time":62,"id":"0","ease":"outSine","r":210,"angle":210,"type":"deco","duration":0.5},{"time":63,"id":"0","ease":"outSine","r":240,"angle":240,"type":"deco","duration":0.5},{"time":64,"id":"0","ease":"outSine","r":270,"angle":270,"type":"deco","duration":0.5},{"time":65,"id":"0","ease":"outSine","r":300,"angle":300,"type":"deco","duration":0.5},{"time":66,"id":"0","ease":"outSine","r":330,"angle":330,"type":"deco","duration":0.5},{"time":67,"id":"0","ease":"outSine","r":360,"angle":360,"type":"deco","duration":0.5},{"time":68,"id":"0","ease":"outSine","r":30,"angle":30,"type":"deco","duration":0.5},{"time":69,"id":"0","ease":"outSine","r":60,"angle":60,"type":"deco","duration":0.5},{"time":70,"id":"0","ease":"outSine","r":90,"angle":90,"type":"deco","duration":0.5},{"time":71,"id":"0","ease":"outSine","r":120,"angle":120,"type":"deco","duration":0.5},{"time":72,"id":"0","ease":"outSine","r":150,"angle":150,"type":"deco","duration":0.5},{"time":73,"id":"0","ease":"outSine","r":180,"angle":180,"type":"deco","duration":0.5},{"time":74,"id":"0","ease":"outSine","r":210,"angle":210,"type":"deco","duration":0.5},{"time":75,"id":"0","ease":"outSine","r":240,"angle":240,"type":"deco","duration":0.5},{"time":76,"id":"0","ease":"outSine","r":270,"angle":270,"type":"deco","duration":0.5},{"time":77,"id":"0","ease":"outSine","r":300,"angle":300,"type":"deco","duration":0.5},{"time":78,"id":"0","ease":"outSine","r":330,"angle":330,"type":"deco","duration":0.5},{"time":79,"id":"0","ease":"outSine","r":360,"angle":360,"type":"deco","duration":0.5},{"time":80,"id":"0","ease":"outSine","r":30,"angle":30,"type":"deco","duration":0.5},{"time":81,"id":"0","ease":"outSine","r":60,"angle":60,"type":"deco","duration":0.5},{"time":82,"id":"0","ease":"outSine","r":90,"angle":90,"type":"deco","duration":0.5},{"time":83,"id":"0","ease":"outSine","r":120,"angle":120,"type":"deco","duration":0.5},{"time":84,"id":"0","ease":"outSine","r":150,"angle":150,"type":"deco","duration":0.5},{"time":85,"id":"0","ease":"outSine","r":180,"angle":180,"type":"deco","duration":0.5},{"time":86,"id":"0","ease":"outSine","r":210,"angle":210,"type":"deco","duration":0.5},{"time":87,"id":"0","ease":"outSine","r":240,"angle":240,"type":"deco","duration":0.5},{"time":88,"id":"0","ease":"outSine","r":270,"angle":270,"type":"deco","duration":0.5},{"time":89,"id":"0","ease":"outSine","r":300,"angle":300,"type":"deco","duration":0.5},{"time":90,"id":"0","ease":"outSine","r":330,"angle":330,"type":"deco","duration":0.5},{"time":91,"id":"0","ease":"outSine","r":360,"angle":360,"type":"deco","duration":0.5},{"time":92,"id":"0","ease":"outSine","r":30,"angle":30,"type":"deco","duration":0.5},{"time":93,"id":"0","ease":"outSine","r":60,"angle":60,"type":"deco","duration":0.5},{"time":94,"id":"0","ease":"outSine","r":90,"angle":90,"type":"deco","duration":0.5},{"time":95,"id":"0","ease":"outSine","r":120,"angle":120,"type":"deco","duration":0.5},{"time":96,"id":"0","ease":"outSine","r":150,"angle":150,"type":"deco","duration":0.5},{"time":97,"id":"0","ease":"outSine","r":180,"angle":180,"type":"deco","duration":0.5},{"time":98,"id":"0","ease":"outSine","r":210,"angle":210,"type":"deco","duration":0.5},{"time":99,"id":"0","ease":"outSine","r":240,"angle":240,"type":"deco","duration":0.5},{"time":100,"id":"0","ease":"outSine","r":270,"angle":270,"type":"deco","duration":0.5},{"time":101,"id":"0","ease":"outSine","r":300,"angle":300,"type":"deco","duration":0.5},{"time":102,"id":"0","ease":"outSine","r":330,"angle":330,"type":"deco","duration":0.5},{"time":103,"id":"0","ease":"outSine","r":360,"angle":360,"type":"deco","duration":0.5},{"time":104,"id":"0","ease":"outSine","r":30,"angle":30,"type":"deco","duration":0.5},{"time":105,"id":"0","ease":"outSine","r":60,"angle":60,"type":"deco","duration":0.5},{"time":106,"id":"0","ease":"outSine","r":90,"angle":90,"type":"deco","duration":0.5},{"time":107,"id":"0","ease":"outSine","r":120,"angle":120,"type":"deco","duration":0.5},{"time":108,"id":"0","ease":"outSine","r":150,"angle":150,"type":"deco","duration":0.5},{"time":109,"id":"0","ease":"outSine","r":180,"angle":180,"type":"deco","duration":0.5},{"time":110,"id":"0","ease":"outSine","r":210,"angle":210,"type":"deco","duration":0.5},{"time":111,"id":"0","ease":"outSine","r":240,"angle":240,"type":"deco","duration":0.5},{"time":112,"id":"0","ease":"outSine","r":270,"angle":270,"type":"deco","duration":0.5},{"time":113,"id":"0","ease":"outSine","r":300,"angle":300,"type":"deco","duration":0.5},{"time":114,"id":"0","ease":"outSine","r":330,"type":"deco","angle":330,"duration":0.5},{"time":115,"id":"0","ease":"outSine","r":360,"angle":390,"type":"deco","duration":0.5},{"paddle":1,"type":"paddles","newAngle":0,"duration":0,"angle":120,"ease":"linear","time":134.5,"order":0,"enabled":true},{"paddle":2,"type":"paddles","newAngle":180,"duration":0,"angle":135,"ease":"linear","time":134.5,"order":0,"enabled":true},{"newWidth":60,"duration":0.5,"enabled":true,"newAngle":0,"time":145,"angle":67.5,"ease":"linear","paddle":1,"order":0,"type":"paddles"},{"newWidth":60,"duration":0.5,"enabled":true,"newAngle":90,"time":145,"angle":67.5,"ease":"linear","paddle":2,"order":0,"type":"paddles"},{"newWidth":60,"duration":0.5,"enabled":true,"newAngle":180,"time":145,"angle":67.5,"ease":"linear","paddle":3,"order":0,"type":"paddles"},{"newWidth":60,"duration":0.5,"enabled":true,"newAngle":270,"time":145,"angle":67.5,"ease":"linear","paddle":4,"order":0,"type":"paddles"},{"newWidth":20,"duration":0,"enabled":true,"newAngle":0,"time":166.5,"angle":300,"ease":"linear","paddle":1,"order":0,"type":"paddles"},{"paddle":1,"type":"paddles","newAngle":0,"time":180,"duration":0,"angle":300,"order":0,"enabled":true},{"paddle":2,"type":"paddles","newAngle":180,"time":180,"duration":0,"angle":300,"order":0,"enabled":true},{"paddle":1,"type":"paddles","newAngle":0,"time":199,"duration":0,"angle":337.5,"order":0,"enabled":true},{"paddle":1,"type":"paddles","newAngle":0,"time":215.75,"duration":0,"angle":150,"order":0,"enabled":true},{"paddle":2,"type":"paddles","newAngle":120,"time":215.75,"duration":0,"angle":150,"order":0,"enabled":true},{"paddle":3,"type":"paddles","newAngle":240,"time":215.75,"duration":0,"angle":150,"order":0,"enabled":true},{"paddle":1,"type":"paddles","newAngle":0,"duration":0,"angle":0,"ease":"linear","time":230,"order":0,"enabled":true},{"paddle":1,"type":"paddles","newAngle":0,"time":268,"duration":0,"angle":90,"order":0,"enabled":true},{"paddle":2,"type":"paddles","newAngle":180,"time":268,"duration":0,"angle":90,"order":0,"enabled":true},{"paddle":1,"type":"paddles","newAngle":0,"time":269,"duration":0,"angle":150,"order":0,"enabled":true},{"paddle":2,"type":"paddles","newAngle":120,"time":269,"duration":0,"angle":150,"order":0,"enabled":true},{"paddle":3,"type":"paddles","newAngle":240,"time":269,"duration":0,"angle":150,"order":0,"enabled":true},{"paddle":1,"type":"paddles","newAngle":0,"time":269.5,"duration":0,"angle":60,"order":0,"enabled":true},{"paddle":2,"type":"paddles","newAngle":90,"time":269.5,"duration":0,"angle":60,"order":0,"enabled":true},{"paddle":3,"type":"paddles","newAngle":180,"time":269.5,"duration":0,"angle":60,"order":0,"enabled":true},{"paddle":4,"type":"paddles","newAngle":270,"time":269.5,"duration":0,"angle":60,"order":0,"enabled":true},{"paddle":1,"type":"paddles","newAngle":0,"time":270,"duration":0,"angle":120,"order":0,"enabled":true},{"time":68,"id":"0","r":0,"angle":60,"type":"deco"},{"time":80,"id":"0","r":0,"angle":60,"type":"deco"},{"time":92,"id":"0","r":0,"type":"deco","angle":60},{"time":104,"id":"0","r":0,"type":"deco","angle":0},{"duration":0.5,"id":"0","ease":"outSine","r":-120,"type":"deco","angle":240,"time":116},{"time":117,"id":"0","ease":"outSine","r":90,"type":"deco","angle":60,"duration":0.5},{"duration":0.5,"id":"0","ease":"outSine","r":-60,"angle":300,"type":"deco","time":118},{"newWidth":70,"duration":0,"enabled":true,"newAngle":180,"time":117,"angle":300,"ease":"linear","paddle":2,"order":1,"type":"paddles"},{"newAngle":120,"time":118,"ease":"linear","paddle":2,"angle":30,"type":"paddles","duration":0},{"newWidth":50,"paddle":3,"newAngle":240,"time":118,"enabled":true,"ease":"linear","duration":0,"type":"paddles","angle":60},{"newWidth":40,"paddle":4,"newAngle":60,"duration":0,"enabled":true,"ease":"linear","time":118.5,"angle":30,"type":"paddles"},{"newWidth":40,"paddle":5,"newAngle":180,"time":118.5,"enabled":true,"ease":"linear","duration":0,"type":"paddles","angle":90},{"newWidth":40,"paddle":6,"newAngle":300,"duration":0,"enabled":true,"ease":"linear","time":118.5,"type":"paddles","angle":150},{"paddle":4,"time":120,"ease":"linear","enabled":false,"angle":60,"type":"paddles","duration":0},{"paddle":5,"time":120,"ease":"linear","enabled":false,"type":"paddles","angle":90,"duration":0},{"paddle":6,"time":120,"ease":"linear","enabled":false,"type":"paddles","angle":120,"duration":0},{"duration":0.5,"id":"0","ease":"outSine","r":-210,"angle":150,"type":"deco","time":121},{"time":121.5,"id":"0","ease":"inSine","r":-180,"angle":180,"type":"deco","duration":0.5},{"time":122,"id":"0","ease":"outSine","r":-165,"angle":195,"type":"deco","duration":0.5},{"time":122.5,"id":"0","ease":"inOutSine","r":-180,"type":"deco","angle":180,"duration":0.5},{"id":"1","recolor":2,"sprite":"Clock Hand 2.png","type":"deco","time":-4,"x":300,"ox":16,"oy":200,"angle":270,"drawLayer":"bg","y":180},{"time":0,"id":"1","ease":"linear","r":55,"angle":60,"type":"deco","duration":22},{"duration":1,"id":"1","ease":"outSine","r":0,"type":"deco","angle":30,"time":22},{"duration":30,"id":"1","ease":"linear","r":75,"angle":60,"type":"deco","time":24},{"time":54,"id":"1","ease":"outSine","r":0,"type":"deco","angle":120,"duration":1},{"time":115.5,"id":"0","r":0,"angle":60,"type":"deco"},{"time":56,"id":"1","type":"deco","r":150,"angle":60,"duration":60},{"time":116,"id":"1","ease":"outSine","r":120,"type":"deco","angle":210,"duration":0.5},{"time":117,"id":"1","ease":"outSine","r":300,"angle":270,"type":"deco","duration":0.5},{"duration":0.5,"id":"1","ease":"outSine","r":450,"type":"deco","angle":270,"time":118},{"time":120,"id":"0","ease":"inSine","r":-180,"angle":180,"type":"deco","duration":1},{"time":120,"id":"1","ease":"inSine","r":180,"angle":210,"type":"deco","duration":1},{"time":119.5,"id":"1","r":90,"type":"deco","angle":300},{"duration":0.5,"id":"1","ease":"outSine","r":210,"type":"deco","angle":210,"time":121},{"duration":1,"id":"1","ease":"inOutSine","r":165,"type":"deco","angle":210,"time":121.5},{"time":122.5,"id":"1","ease":"linear","r":180,"angle":210,"type":"deco","duration":0.5},{"time":-4,"b":60,"type":"setColor","r":220,"color":2,"angle":22.5,"g":140},{"duration":1,"id":"0","ease":"inOutSine","r":150,"type":"deco","angle":150,"time":231.5},{"time":232.5,"id":"0","ease":"inOutSine","r":210,"angle":210,"type":"deco","duration":1},{"duration":1,"id":"0","ease":"inOutSine","r":150,"type":"deco","angle":150,"time":233.5},{"time":234.5,"id":"0","ease":"inOutSine","r":210,"angle":210,"type":"deco","duration":1},{"duration":1,"id":"0","ease":"inOutSine","r":150,"type":"deco","angle":150,"time":235.5},{"time":236.5,"id":"0","ease":"inOutSine","r":210,"angle":210,"type":"deco","duration":1},{"duration":1,"id":"0","ease":"inOutSine","r":150,"type":"deco","angle":150,"time":237.5},{"time":238.5,"id":"0","ease":"inOutSine","r":210,"angle":210,"type":"deco","duration":1},{"duration":1,"id":"0","ease":"inOutSine","r":150,"type":"deco","angle":150,"time":239.5},{"time":240.5,"id":"0","ease":"inOutSine","r":210,"angle":210,"type":"deco","duration":1},{"duration":1,"id":"0","ease":"inOutSine","r":150,"type":"deco","angle":150,"time":241.5},{"time":242.5,"id":"0","ease":"inOutSine","r":210,"angle":210,"type":"deco","duration":1},{"duration":1,"id":"0","ease":"inOutSine","r":150,"type":"deco","angle":150,"time":243.5},{"time":244.5,"id":"0","ease":"inOutSine","r":210,"angle":210,"type":"deco","duration":1},{"duration":1,"id":"0","ease":"inOutSine","r":150,"type":"deco","angle":150,"time":245.5},{"time":246.5,"id":"0","ease":"inOutSine","r":210,"angle":210,"type":"deco","duration":1},{"time":248.5,"id":"0","ease":"inOutSine","r":150,"type":"deco","angle":150,"duration":1},{"duration":1,"id":"0","ease":"inOutSine","r":210,"angle":210,"type":"deco","time":249.5},{"time":250.5,"id":"0","ease":"inOutSine","r":150,"type":"deco","angle":150,"duration":1},{"duration":1,"id":"0","ease":"inOutSine","r":210,"angle":210,"type":"deco","time":251.5},{"time":252.5,"id":"0","ease":"inOutSine","r":150,"type":"deco","angle":150,"duration":1},{"duration":1,"id":"0","ease":"inOutSine","r":210,"angle":210,"type":"deco","time":253.5},{"time":254.5,"id":"0","ease":"inOutSine","r":150,"type":"deco","angle":150,"duration":1},{"duration":1,"id":"0","ease":"inOutSine","r":210,"angle":210,"type":"deco","time":255.5},{"time":256.5,"id":"0","ease":"inOutSine","r":150,"type":"deco","angle":150,"duration":1},{"duration":1,"id":"0","ease":"inOutSine","r":210,"angle":210,"type":"deco","time":257.5},{"time":258.5,"id":"0","ease":"inOutSine","r":150,"type":"deco","angle":150,"duration":1},{"duration":1,"id":"0","ease":"inOutSine","r":210,"angle":210,"type":"deco","time":259.5},{"time":260.5,"id":"0","ease":"inOutSine","r":150,"type":"deco","angle":150,"duration":1},{"duration":1,"id":"0","ease":"inOutSine","r":210,"angle":210,"type":"deco","time":261.5},{"time":262.5,"id":"0","ease":"inOutSine","r":150,"type":"deco","angle":150,"duration":1},{"duration":1,"id":"0","ease":"inOutSine","r":210,"angle":210,"type":"deco","time":263.5},{"time":264.5,"id":"0","ease":"inOutSine","r":150,"type":"deco","angle":150,"duration":1},{"duration":1,"id":"0","ease":"inOutSine","r":210,"angle":210,"type":"deco","time":265.5},{"time":266.5,"id":"0","ease":"inOutSine","r":150,"type":"deco","angle":150,"duration":1},{"duration":1,"id":"0","ease":"inOutSine","r":210,"angle":210,"type":"deco","time":267.5},{"time":268.5,"id":"0","ease":"inOutSine","r":150,"type":"deco","angle":150,"duration":1},{"duration":1,"id":"0","ease":"inOutSine","r":210,"angle":210,"type":"deco","time":269.5},{"time":270.5,"id":"0","ease":"inOutSine","r":150,"type":"deco","angle":150,"duration":1},{"duration":1,"id":"0","ease":"inOutSine","r":210,"angle":210,"type":"deco","time":271.5},{"time":272.5,"id":"0","ease":"inOutSine","r":150,"type":"deco","angle":150,"duration":1},{"duration":1,"id":"0","ease":"inOutSine","r":210,"angle":210,"type":"deco","time":273.5},{"time":274.5,"id":"0","ease":"inOutSine","r":150,"type":"deco","angle":150,"duration":1},{"duration":1,"id":"0","ease":"inOutSine","r":210,"angle":210,"type":"deco","time":275.5},{"time":276.5,"id":"0","ease":"inOutSine","r":150,"type":"deco","angle":150,"duration":1},{"duration":1,"id":"0","ease":"inOutSine","r":210,"angle":210,"type":"deco","time":277.5},{"time":278.5,"id":"0","ease":"inOutSine","r":150,"type":"deco","angle":150,"duration":1},{"duration":1,"id":"0","ease":"inOutSine","r":210,"angle":210,"type":"deco","time":279.5},{"time":280.5,"id":"0","ease":"inOutSine","r":150,"type":"deco","angle":150,"duration":1},{"duration":1,"id":"0","ease":"inOutSine","r":210,"angle":210,"type":"deco","time":281.5},{"time":282.5,"id":"0","ease":"inOutSine","r":150,"type":"deco","angle":150,"duration":1},{"duration":1,"id":"0","ease":"inOutSine","r":210,"angle":210,"type":"deco","time":283.5},{"time":284.5,"id":"0","ease":"inOutSine","r":150,"type":"deco","angle":150,"duration":1},{"duration":1,"id":"0","ease":"inOutSine","r":210,"angle":210,"type":"deco","time":285.5},{"time":286.5,"id":"0","ease":"inOutSine","r":150,"type":"deco","angle":150,"duration":1},{"duration":1,"id":"0","ease":"inOutSine","r":210,"angle":210,"type":"deco","time":287.5},{"time":288.5,"id":"0","ease":"inOutSine","r":150,"type":"deco","angle":150,"duration":1},{"duration":1,"id":"0","ease":"inOutSine","r":210,"angle":210,"type":"deco","time":289.5},{"time":290.5,"id":"0","ease":"inOutSine","r":150,"type":"deco","angle":150,"duration":1},{"duration":1,"id":"0","ease":"inOutSine","r":210,"angle":210,"type":"deco","time":291.5},{"time":292.5,"id":"0","ease":"inOutSine","r":150,"type":"deco","angle":150,"duration":1},{"duration":1,"id":"0","ease":"inOutSine","r":210,"angle":210,"type":"deco","time":293.5},{"time":294.5,"id":"0","ease":"inOutSine","r":150,"type":"deco","angle":150,"duration":1},{"duration":1,"id":"0","ease":"inOutSine","r":210,"angle":210,"type":"deco","time":295.5},{"time":296.5,"id":"0","ease":"inOutSine","r":150,"type":"deco","angle":150,"duration":1},{"duration":1,"id":"0","ease":"inOutSine","r":210,"angle":210,"type":"deco","time":297.5},{"time":298.5,"id":"0","ease":"inOutSine","r":150,"type":"deco","angle":150,"duration":1},{"duration":1,"id":"0","ease":"inOutSine","r":210,"angle":210,"type":"deco","time":299.5},{"time":300.5,"id":"0","ease":"inOutSine","r":150,"type":"deco","angle":150,"duration":1},{"duration":1,"id":"0","ease":"inOutSine","r":210,"angle":210,"type":"deco","time":301.5},{"time":302.5,"id":"0","ease":"inOutSine","r":150,"type":"deco","angle":150,"duration":1},{"duration":1,"id":"0","ease":"inOutSine","r":210,"angle":210,"type":"deco","time":303.5},{"time":304.5,"id":"0","ease":"inOutSine","r":150,"type":"deco","angle":150,"duration":1},{"duration":1,"id":"0","ease":"inOutSine","r":210,"angle":210,"type":"deco","time":305.5},{"time":306.5,"id":"0","ease":"inOutSine","r":150,"type":"deco","angle":150,"duration":1},{"duration":1,"id":"0","ease":"inOutSine","r":210,"angle":210,"type":"deco","time":307.5},{"time":308.5,"id":"0","ease":"inOutSine","r":150,"type":"deco","angle":150,"duration":1},{"duration":1,"id":"0","ease":"inOutSine","r":210,"angle":210,"type":"deco","time":309.5},{"time":310.5,"id":"0","ease":"inOutSine","r":150,"type":"deco","angle":150,"duration":1},{"duration":1,"id":"0","ease":"inOutSine","r":210,"angle":210,"type":"deco","time":311.5},{"time":312.5,"id":"0","ease":"inOutSine","r":150,"type":"deco","angle":150,"duration":1},{"duration":1,"id":"0","ease":"inOutSine","r":210,"angle":210,"type":"deco","time":313.5},{"time":314.5,"id":"0","ease":"inOutSine","r":150,"type":"deco","angle":150,"duration":1},{"duration":1,"id":"0","ease":"inOutSine","r":210,"angle":210,"type":"deco","time":315.5},{"time":316.5,"id":"0","ease":"inOutSine","r":150,"type":"deco","angle":150,"duration":1},{"duration":1,"id":"0","ease":"inOutSine","r":210,"angle":210,"type":"deco","time":317.5},{"time":318.5,"id":"0","ease":"inOutSine","r":150,"type":"deco","angle":150,"duration":1},{"duration":1,"id":"0","ease":"inOutSine","r":210,"angle":210,"type":"deco","time":319.5},{"time":320.5,"id":"0","ease":"inOutSine","r":150,"type":"deco","angle":150,"duration":1},{"duration":1,"id":"0","ease":"inOutSine","r":210,"angle":210,"type":"deco","time":321.5},{"time":322.5,"id":"0","ease":"inOutSine","r":150,"type":"deco","angle":150,"duration":1},{"duration":1,"id":"0","ease":"inOutSine","r":210,"angle":210,"type":"deco","time":323.5},{"time":324.5,"id":"0","ease":"inOutSine","r":150,"type":"deco","angle":150,"duration":1},{"time":325.5,"id":"0","ease":"inOutSine","r":210,"angle":210,"type":"deco","duration":1},{"time":326.5,"id":"0","ease":"inOutSine","r":150,"type":"deco","angle":150,"duration":1},{"time":327.5,"id":"0","ease":"inOutSine","r":210,"angle":210,"type":"deco","duration":1},{"duration":1,"id":"0","ease":"inOutSine","r":150,"type":"deco","angle":150,"time":328.5},{"time":329.5,"id":"0","ease":"inOutSine","r":210,"angle":210,"type":"deco","duration":1},{"time":330.5,"id":"0","ease":"inOutSine","r":150,"type":"deco","angle":150,"duration":1},{"time":331.5,"id":"0","ease":"outSine","r":180,"angle":210,"type":"deco","duration":0.5},{"duration":1,"id":"0","ease":"inOutSine","r":150,"type":"deco","angle":150,"time":339.5},{"duration":1,"id":"0","ease":"inOutSine","r":210,"angle":210,"type":"deco","time":340.5},{"time":341.5,"id":"0","ease":"inOutSine","r":150,"type":"deco","angle":150,"duration":1},{"duration":1,"id":"0","ease":"inOutSine","r":270,"angle":210,"type":"deco","time":342.5},{"time":343.5,"id":"0","ease":"inOutSine","r":120,"type":"deco","angle":150,"duration":1},{"duration":1,"id":"0","ease":"inOutSine","r":300,"angle":210,"type":"deco","time":344.5},{"time":345.5,"id":"0","ease":"inOutSine","r":60,"type":"deco","angle":150,"duration":1},{"duration":1,"id":"0","ease":"inOutSine","r":330,"angle":210,"type":"deco","time":346.5},{"duration":1,"id":"0","ease":"inOutSine","r":0,"angle":150,"type":"deco","time":347.5},{"time":342.5,"id":"1","ease":"inOutSine","r":150,"angle":150,"type":"deco","duration":1},{"duration":1,"id":"1","ease":"inOutSine","r":210,"angle":210,"type":"deco","time":343.5},{"time":345.5,"id":"1","ease":"inOutSine","r":240,"angle":240,"type":"deco","duration":1},{"time":344.5,"id":"1","ease":"inOutSine","r":120,"angle":120,"type":"deco","duration":1},{"duration":1,"id":"1","ease":"inOutSine","r":90,"type":"deco","angle":90,"time":346.5},{"duration":1,"id":"1","ease":"inOutSine","r":300,"angle":300,"type":"deco","time":346.5},{"time":347.5,"id":"1","ease":"inOutSine","r":360,"angle":360,"type":"deco","duration":1},{"time":345,"type":"play","file":"Time Treble.wav","volume":0,"angle":180,"bpm":160}],"metadata":{"bgData":{"blueChannel":{"r":80,"b":110,"g":90},"redChannel":{"r":170,"b":190,"g":180},"image":"Static Bg.png"},"bg":true,"description":"Contains Mines, Inverses, Multiple Panels, Sides\n\n! Also Static !\n\nHave Fun!","artistLink":"","songName":"Time Treble","artist":"Vinywar123","charter":"Vinywar123","difficulty":7}}