[{"type":"block","tap":true,"time":2,"angle":0},{"type":"block","angle":67.5,"time":1.5},{"type":"block","angle":90,"time":1.25},{"type":"block","angle":45,"time":1.75},{"type":"block","angle":0,"time":2.5},{"type":"block","angle":360,"time":2.75},{"type":"block","angle":360,"time":3},{"type":"block","angle":337.5,"time":3.25},{"type":"block","angle":315,"time":3.5},{"type":"block","tap":true,"time":4,"angle":270},{"type":"block","tap":true,"time":4.5,"angle":270},{"type":"block","tap":true,"time":5,"angle":270},{"type":"block","angle":-270,"time":6.5},{"type":"block","angle":-270,"time":6.25},{"type":"block","angle":-270,"time":6.75},{"type":"block","angle":-270,"time":7},{"type":"block","angle":-270,"time":7.25},{"type":"block","angle":135,"time":7.5},{"type":"block","angle":180,"time":7.75},{"type":"block","angle":225,"time":8},{"type":"block","angle":270,"time":8.5},{"type":"block","angle":270,"time":9},{"type":"block","angle":270,"time":8.75},{"type":"block","angle":360,"time":10.25},{"type":"block","angle":360,"time":10.5},{"type":"block","angle":360,"time":10.75},{"type":"block","angle":0,"time":11},{"type":"block","angle":0,"time":11.25},{"type":"block","angle":45,"time":12.25},{"type":"block","angle":45,"time":12.5},{"type":"block","angle":45,"time":12.75},{"type":"block","angle":22.5,"time":13},{"type":"block","angle":45,"time":11.75},{"type":"block","angle":-45,"time":14.75},{"type":"block","angle":-45,"time":15},{"type":"block","angle":-45,"time":15.25},{"type":"block","angle":292.5,"time":15.5},{"type":"block","angle":-45,"time":14.25},{"type":"block","angle":337.5,"time":15.75},{"type":"block","angle":337.5,"time":16.5},{"type":"block","angle":292.5,"time":16.75},{"type":"block","angle":315,"time":16},{"type":"side","angle":337.5,"time":17.5},{"type":"block","angle":292.5,"time":17},{"type":"block","angle":157.5,"time":18.5},{"type":"block","angle":180,"time":18.25},{"type":"block","angle":135,"time":18.75},{"type":"inverse","angle":112.5,"time":19},{"type":"inverse","angle":135,"time":19.25},{"type":"inverse","angle":157.5,"time":19.5},{"type":"inverse","angle":180,"time":19.75},{"type":"block","tap":true,"time":20,"angle":202.5},{"type":"block","angle":225,"time":20.25},{"type":"block","angle":247.5,"time":20.5},{"type":"inverse","angle":247.5,"time":20.75},{"type":"inverse","angle":225,"time":21},{"type":"inverse","angle":202.5,"time":21.25},{"type":"inverse","angle":180,"time":21.5},{"type":"inverse","angle":157.5,"time":21.75},{"type":"inverse","tap":true,"time":22,"angle":135},{"type":"block","angle":112.5,"time":22.25},{"type":"block","angle":90,"time":22.5},{"type":"block","angle":67.5,"time":22.75},{"type":"block","angle":45,"time":23},{"type":"block","angle":22.5,"time":23.25},{"type":"block","angle":0,"time":23.5},{"type":"block","angle":337.5,"time":23.75},{"type":"block","angle":315,"time":24},{"type":"inverse","angle":315,"time":24.5},{"type":"inverse","angle":337.5,"time":24.75},{"type":"inverse","angle":0,"time":25},{"type":"inverse","angle":45,"time":25.5},{"type":"block","angle":337.5,"time":26.5},{"type":"block","angle":360,"time":26.25},{"type":"block","angle":315,"time":26.75},{"type":"inverse","angle":292.5,"time":27},{"type":"inverse","angle":315,"time":27.25},{"type":"inverse","angle":337.5,"time":27.5},{"type":"inverse","angle":360,"time":27.75},{"type":"block","tap":true,"time":28,"angle":382.5},{"type":"block","angle":405,"time":28.25},{"type":"block","angle":427.5,"time":28.5},{"type":"inverse","angle":427.5,"time":28.75},{"type":"inverse","angle":405,"time":29},{"type":"inverse","angle":382.5,"time":29.25},{"type":"inverse","angle":360,"time":29.5},{"type":"inverse","angle":337.5,"time":29.75},{"type":"inverse","tap":true,"time":30,"angle":315},{"type":"block","angle":292.5,"time":30.25},{"type":"block","angle":270,"time":30.5},{"type":"block","angle":247.5,"time":30.75},{"type":"block","angle":225,"time":31},{"type":"block","angle":202.5,"time":31.25},{"type":"block","angle":180,"time":31.5},{"type":"block","angle":517.5,"time":31.75},{"type":"block","angle":495,"time":32},{"type":"inverse","angle":495,"time":32.5},{"type":"inverse","angle":517.5,"time":32.75},{"type":"inverse","angle":180,"time":33},{"type":"inverse","angle":225,"time":33.5},{"type":"block","angle":157.5,"time":34.75},{"angle":135,"type":"block","time":35},{"type":"block","tap":true,"time":34.25,"angle":180},{"type":"block","angle":112.5,"time":35.25},{"angle":135,"type":"block","time":35.75},{"angle":112.5,"type":"block","time":36.25},{"type":"block","angle":135,"time":36.75},{"angle":135,"type":"block","time":37},{"type":"block","angle":112.5,"time":36.5},{"type":"block","angle":135,"time":38.75},{"type":"block","angle":112.5,"time":39},{"type":"block","tap":true,"time":38.25,"angle":157.5},{"type":"block","angle":90,"time":39.25},{"angle":67.5,"type":"block","time":39.75},{"type":"inverse","angle":90,"time":40.25},{"angle":112.5,"type":"inverse","time":40.5},{"angle":135,"type":"inverse","time":40.75},{"angle":157.5,"type":"inverse","time":41},{"type":"inverse","angle":180,"time":41.25},{"angle":202.5,"type":"inverse","time":41.5},{"type":"inverse","angle":225,"time":41.75},{"type":"block","angle":-427.5,"time":42.75},{"angle":-405,"type":"block","time":43},{"type":"block","tap":true,"time":42.25,"angle":-450},{"type":"block","angle":-382.5,"time":43.25},{"angle":-90,"type":"block","time":43.75},{"angle":247.5,"type":"block","time":44.25},{"type":"block","angle":247.5,"time":44.75},{"type":"block","angle":-90,"time":45},{"angle":-90,"type":"block","time":44.5},{"angle":90,"type":"block","time":46},{"type":"block","angle":67.5,"time":46.5},{"type":"block","angle":45,"time":46.75},{"type":"block","angle":22.5,"time":47},{"type":"block","angle":0,"time":47.25},{"type":"hold","angle2":360,"time":47.75,"angle":360,"duration":1.25},{"angle":22.5,"type":"extraTap","time":48.5},{"angle":22.5,"type":"extraTap","time":48},{"angle":22.5,"type":"extraTap","time":49},{"type":"block","angle":180,"time":50},{"angle":180,"type":"block","time":50.5},{"type":"block","angle":112.5,"time":51},{"type":"block","angle":112.5,"time":51.5},{"type":"block","angle":247.5,"time":52},{"angle":247.5,"type":"block","time":52.25},{"angle":247.5,"type":"block","time":52.75},{"angle":247.5,"type":"block","time":53.25},{"type":"block","angle":22.5,"time":54.5},{"type":"block","angle":337.5,"time":54.75},{"angle":337.5,"type":"block","time":55},{"angle":360,"type":"block","time":53.75},{"angle":22.5,"type":"block","time":54.25},{"angle":135,"type":"block","time":56},{"angle":135,"type":"block","time":56.25},{"angle":135,"type":"block","time":57.5},{"type":"block","angle":135,"time":56.75},{"type":"block","angle":135,"time":57.25},{"type":"block","angle":135,"time":57.75},{"type":"block","angle":-180,"time":58},{"angle":-180,"type":"block","time":58.5},{"type":"block","angle":-112.5,"time":59},{"type":"block","angle":-112.5,"time":59.5},{"type":"block","angle":-247.5,"time":60},{"angle":-247.5,"type":"block","time":60.25},{"angle":-247.5,"type":"block","time":60.75},{"angle":-247.5,"type":"block","time":61.25},{"type":"block","angle":-22.5,"time":62.5},{"type":"block","angle":-337.5,"time":62.75},{"angle":-337.5,"type":"block","time":63},{"angle":-360,"type":"block","time":61.75},{"angle":-22.5,"type":"block","time":62.25},{"angle":-135,"type":"block","time":64},{"angle":-135,"type":"block","time":64.25},{"angle":-135,"type":"block","time":65.5},{"type":"block","angle":-135,"time":64.75},{"type":"block","angle":-135,"time":65.25},{"angle":-135,"type":"block","time":65.75},{"type":"extraTap","angle":0,"time":66},{"type":"extraTap","angle":0,"time":66.5},{"type":"extraTap","angle":0,"time":67},{"type":"extraTap","angle":0,"time":67.5},{"type":"extraTap","angle":0,"time":68},{"type":"block","angle":45,"time":68.5},{"angle":45,"type":"block","time":68.75},{"angle":45,"type":"block","time":69.75},{"type":"block","angle":45,"time":69.5},{"angle":45,"type":"block","time":69.25},{"type":"extraTap","angle":0,"time":70},{"type":"extraTap","angle":0,"time":70.5},{"type":"extraTap","angle":0,"time":71},{"type":"extraTap","angle":0,"time":71.5},{"type":"extraTap","angle":0,"time":72},{"angle":-45,"type":"block","time":72.5},{"type":"block","angle":-45,"time":72.75},{"type":"block","angle":-45,"time":73.75},{"angle":-45,"type":"block","time":73.5},{"type":"block","angle":-45,"time":73.25},{"type":"block","angle":0,"time":74.25},{"type":"hold","angle2":360,"time":74.5,"angle":360,"duration":1},{"type":"block","angle":-202.5,"time":76.25},{"angle":157.5,"type":"block","time":77},{"angle":157.5,"type":"block","time":76.75},{"type":"block","angle":157.5,"time":77.25},{"type":"block","angle":202.5,"time":77.75},{"angle":202.5,"type":"block","time":78.25},{"type":"block","angle":202.5,"time":78.5},{"angle":202.5,"type":"block","time":78.75},{"angle":202.5,"type":"block","time":79},{"type":"block","angle":202.5,"time":79.5},{"angle":202.5,"type":"block","time":79.75},{"type":"hold","angle2":90,"time":80.5,"angle":0,"holdEase":"inSine","duration":1.5},{"type":"hold","angle2":180,"time":82,"angle":90,"holdEase":"outSine","duration":1},{"angle":225,"type":"extraTap","time":84.5},{"angle":225,"type":"extraTap","time":85.25},{"angle":225,"type":"extraTap","time":86},{"type":"block","angle":0,"time":90.5},{"type":"block","angle":0,"time":90},{"type":"block","angle":0,"time":90.75},{"type":"block","angle":0,"time":91.25},{"angle":-45,"type":"block","time":92.5},{"angle":-45,"type":"block","time":92},{"angle":-45,"type":"block","time":92.75},{"angle":-45,"type":"block","time":93.25},{"type":"block","angle":45,"time":94.5},{"angle":45,"type":"block","time":94},{"angle":45,"type":"block","time":94.75},{"angle":45,"type":"block","time":95.25},{"type":"block","angle":90,"time":96.5},{"angle":90,"type":"block","time":96},{"angle":90,"type":"block","time":96.75},{"angle":90,"type":"block","time":97.25},{"angle":45,"type":"block","time":98.5},{"angle":45,"type":"block","time":98},{"angle":45,"type":"block","time":98.75},{"angle":45,"type":"block","time":99.25},{"angle":-225,"type":"block","time":100.5},{"angle":-225,"type":"block","time":100},{"angle":-225,"type":"block","time":100.75},{"angle":-225,"type":"block","time":101.25},{"type":"block","angle":270,"time":102},{"type":"block","angle":292.5,"time":102.25},{"type":"block","angle":315,"time":102.5},{"type":"block","angle":337.5,"time":102.75},{"type":"block","angle":360,"time":103},{"type":"block","angle":22.5,"time":103.25},{"type":"block","angle":45,"time":103.5},{"type":"block","angle":67.5,"time":103.75},{"type":"block","angle":90,"time":104},{"type":"block","angle":180,"time":105.5},{"type":"block","angle":180,"time":105.25},{"angle":90,"type":"block","time":106},{"type":"block","angle":90,"time":106.5},{"angle":157.5,"type":"block","time":107},{"angle":157.5,"type":"block","time":107.5},{"angle":22.5,"type":"block","time":108},{"type":"block","angle":22.5,"time":108.25},{"type":"block","angle":22.5,"time":108.75},{"type":"block","angle":22.5,"time":109.25},{"angle":247.5,"type":"block","time":110.5},{"angle":-67.5,"type":"block","time":110.75},{"type":"block","angle":-67.5,"time":111},{"type":"block","angle":-90,"time":109.75},{"type":"block","angle":247.5,"time":110.25},{"type":"block","angle":135,"time":112},{"type":"block","angle":135,"time":112.25},{"type":"block","angle":135,"time":113.5},{"angle":135,"type":"block","time":112.75},{"angle":135,"type":"block","time":113.25},{"angle":135,"type":"block","time":113.75},{"angle":450,"type":"block","time":114},{"type":"block","angle":450,"time":114.5},{"angle":382.5,"type":"block","time":115},{"angle":382.5,"type":"block","time":115.5},{"angle":517.5,"type":"block","time":116},{"type":"block","angle":517.5,"time":116.25},{"type":"block","angle":517.5,"time":116.75},{"type":"block","angle":517.5,"time":117.25},{"angle":292.5,"type":"block","time":118.5},{"angle":607.5,"type":"block","time":118.75},{"type":"block","angle":607.5,"time":119},{"type":"block","angle":630,"time":117.75},{"type":"block","angle":292.5,"time":118.25},{"type":"block","angle":405,"time":120},{"type":"block","angle":405,"time":120.25},{"type":"block","angle":405,"time":121.5},{"angle":405,"type":"block","time":120.75},{"angle":405,"type":"block","time":121.25},{"type":"block","angle":405,"time":121.75},{"angle":-180,"type":"extraTap","time":122},{"angle":-180,"type":"extraTap","time":122.5},{"angle":-180,"type":"extraTap","time":123},{"angle":-180,"type":"extraTap","time":123.5},{"angle":-180,"type":"extraTap","time":124},{"angle":-225,"type":"block","time":124.5},{"type":"block","angle":-225,"time":124.75},{"type":"block","angle":-225,"time":125.75},{"angle":-225,"type":"block","time":125.5},{"type":"block","angle":-225,"time":125.25},{"type":"extraTap","angle":180,"time":126},{"type":"extraTap","angle":180,"time":126.5},{"type":"extraTap","angle":180,"time":127},{"type":"extraTap","angle":180,"time":127.5},{"type":"extraTap","angle":180,"time":128},{"type":"block","angle":225,"time":128.5},{"angle":225,"type":"block","time":128.75},{"type":"block","angle":202.5,"time":129.5},{"angle":202.5,"type":"block","time":129.25},{"type":"block","angle":180,"time":130.25},{"type":"block","angle":180,"time":130.5},{"type":"block","angle":202.5,"time":129.75},{"type":"block","angle":0,"time":132.25},{"type":"block","angle":0,"time":132.75},{"type":"block","angle":0,"time":133},{"type":"block","angle":0,"time":133.25},{"type":"block","angle":0,"time":133.75},{"type":"block","angle":0,"time":134.25},{"type":"block","angle":0,"time":134.5},{"type":"block","angle":0,"time":134.75},{"type":"block","angle":0,"time":135},{"type":"block","angle":0,"time":135.5},{"type":"block","angle":0,"time":135.75},{"type":"block","angle":22.5,"time":136.5},{"type":"block","angle":45,"time":136.5},{"type":"block","angle":67.5,"time":137},{"type":"block","angle":90,"time":137},{"type":"block","angle":112.5,"time":137.5},{"type":"hold","angle2":90,"time":137.5,"angle":90,"duration":2},{"type":"block","angle":292.5,"time":140.5},{"type":"block","angle":270,"time":140.5},{"type":"block","angle":270,"time":141.25},{"type":"block","angle":247.5,"time":141.25},{"type":"hold","angle2":270,"time":142,"angle":270,"duration":1.5}]