{"properties":{"speed":160,"startBeat":0,"offset":8,"loadBeat":-1,"formatversion":13},"events":[{"type":"setColor","r":97,"color":0,"angle":22.5,"g":170,"b":153,"time":-1},{"type":"setColor","r":0,"color":1,"g":0,"angle":45,"b":0,"time":-1},{"type":"setColor","r":255,"color":2,"g":255,"angle":67.5,"b":255,"time":-1},{"type":"outline","color":2,"angle":157.5,"enable":false,"time":-1},{"type":"setColor","r":200,"color":0,"g":77,"angle":292.5,"b":123,"time":8},{"type":"paddles","newWidth":50,"time":-1,"angle":270,"ease":"linear","paddle":1,"duration":0},{"type":"paddles","newWidth":60,"time":18,"angle":0,"ease":"inOutSine","paddle":1,"duration":1},{"volume":1,"bpm":100,"time":0,"angle":90,"type":"play","offset":0.75,"file":"YofukashiNoUta.ogg"},{"type":"showResults","angle":292.5,"time":144},{"type":"setColor","r":97,"color":0,"angle":315,"g":170,"b":153,"time":20},{"type":"setColor","r":200,"color":0,"angle":202.5,"g":77,"b":123,"time":22.25},{"type":"setColor","r":200,"color":0,"angle":292.5,"g":77,"b":123,"time":30},{"type":"setColor","r":97,"color":0,"angle":315,"g":170,"b":153,"time":28},{"type":"setColor","r":97,"color":0,"angle":225,"g":170,"b":153,"time":34.25},{"type":"deco","x":180,"y":100,"sprite":"STANDING.png","sx":0.75,"time":5,"angle":315,"sy":0.75,"id":"F1","drawLayer":"bg"},{"type":"deco","hide":true,"time":9,"angle":247.5,"id":"F1"}],"metadata":{"songName":"Daten","description":"An opening for \"Call of the night\"","difficulty":5,"artistLink":"https://open.spotify.com/artist/0pWR7TsFhvSCnbmHDjWgrE?si=PO6rsvphRcSyRWooRTf0PA","artist":"Creepy Nuts","bgData":{"image":"titleRC2.png","yellowChannel":{"g":220,"r":238,"b":229},"magentaChannel":{"g":106,"r":169,"b":180},"cyanChannel":{"g":157,"r":103,"b":178},"greenChannel":{"g":61,"r":77,"b":89},"redChannel":{"g":106,"r":137,"b":119},"blueChannel":{"g":34,"r":40,"b":170}},"charter":"RedBread","bg":true}}