[{"time":-1.75,"type":"block","angle":0},{"duration":1,"type":"hold","angle2":360,"time":-3.75,"angle":360,"endTap":true},{"duration":0.75,"type":"hold","angle2":-45,"time":-1,"angle":0},{"duration":0.5,"type":"hold","angle2":315,"time":-0.25,"angle":315,"endTap":true},{"time":0.5,"type":"block","angle":0},{"time":1,"type":"block","angle":45},{"time":1.75,"type":"block","angle":45},{"time":2.75,"type":"block","angle":360},{"time":3.25,"type":"block","angle":337.5},{"time":3.75,"type":"block","angle":22.5},{"time":2,"type":"extraTap","angle":360},{"time":4,"type":"extraTap","angle":360},{"time":6,"type":"extraTap","angle":360},{"time":5,"type":"block","angle":0},{"time":5.5,"type":"block","angle":90},{"time":6,"type":"block","angle":180},{"duration":1,"type":"hold","angle2":202.5,"time":7,"angle":157.5,"endTap":true},{"duration":1.5,"type":"hold","angle2":135,"time":9.25,"angle":247.5},{"duration":0.52499997615814,"type":"hold","angle2":157.5,"time":10.75,"angle":135},{"time":8,"type":"extraTap","angle":180},{"time":10,"type":"extraTap","angle":180},{"time":12,"type":"extraTap","angle":180},{"time":13,"type":"block","angle":180},{"time":14,"type":"block","angle":202.5},{"time":13.5,"type":"block","angle":225},{"time":14,"type":"extraTap","angle":180},{"time":16,"type":"extraTap","angle":180},{"duration":0.5,"type":"hold","angle2":225,"time":15.25,"angle":135},{"duration":0.25,"type":"hold","angle2":157.5,"time":15.75,"angle":225},{"time":16,"type":"block","angle":112.5},{"time":16.5,"type":"block","angle":90},{"time":17,"type":"block","angle":67.5},{"time":18,"type":"extraTap","angle":180},{"time":17.5,"type":"block","angle":90},{"time":18.5,"type":"block","angle":270},{"time":19,"type":"block","angle":292.5},{"time":19.5,"type":"block","angle":225},{"time":20,"type":"extraTap","angle":180},{"time":22,"type":"extraTap","angle":180},{"time":24,"type":"extraTap","angle":180},{"time":26,"type":"extraTap","angle":180},{"time":22.25,"type":"block","angle":135},{"time":21.75,"type":"block","angle":112.5},{"time":21.25,"type":"block","angle":90},{"duration":0.75,"type":"hold","angle2":270,"time":23.25,"angle":180,"endTap":true},{"time":24.5,"type":"block","angle":315},{"time":25,"type":"block","angle":337.5},{"time":26.5,"type":"block","angle":45},{"time":26.5,"type":"block","angle":67.5},{"time":25.5,"type":"block","angle":22.5},{"time":25.5,"type":"block","angle":0},{"time":26,"type":"block","angle":22.5},{"time":26,"type":"block","angle":45},{"tap":true,"type":"block","angle":90,"time":27.25},{"tap":true,"type":"block","angle":112.5,"time":27.75},{"tap":true,"type":"block","angle":135,"time":28},{"time":28,"type":"extraTap","angle":180},{"time":30,"type":"extraTap","angle":180},{"time":32,"type":"extraTap","angle":180},{"time":34,"type":"extraTap","angle":180},{"time":29,"type":"block","angle":180},{"time":30,"type":"block","angle":135},{"time":29.5,"type":"block","angle":225},{"duration":0.5,"type":"hold","angle2":135,"time":31,"angle":180},{"duration":0.5,"type":"hold","angle2":90,"time":31.5,"angle":135},{"time":32.5,"type":"block","angle":90},{"time":33,"type":"block","angle":67.5},{"duration":0.75,"type":"hold","angle2":427.5,"time":34,"angle":360,"endTap":true},{"duration":0.75,"type":"hold","angle2":-45,"time":34.75,"angle":67.5},{"tap":true,"type":"block","angle":315,"time":35.666667938232},{"time":36,"type":"extraTap","angle":180},{"time":38,"type":"extraTap","angle":180},{"time":40,"type":"extraTap","angle":180},{"time":37.5,"type":"block","angle":202.5},{"time":37.25,"type":"block","angle":180},{"duration":1,"type":"hold","angle2":225,"time":38,"angle":225},{"duration":0.5,"type":"hold","angle2":45,"time":39,"angle":225},{"time":39.5,"type":"block","angle":45},{"tap":true,"type":"block","angle":45,"time":40},{"time":42,"type":"extraTap","angle":180},{"time":40.5,"type":"block","angle":67.5},{"time":40.5,"type":"block","angle":90},{"time":41,"type":"block","angle":90},{"time":41,"type":"block","angle":112.5},{"time":41.5,"type":"block","angle":112.5},{"time":41.5,"type":"block","angle":135},{"tap":true,"type":"block","angle":135,"time":42},{"tap":true,"type":"block","angle":157.5,"time":42.5},{"tap":true,"type":"block","angle":180,"time":42.5},{"tap":true,"type":"block","angle":202.5,"time":42.5},{"tap":true,"type":"block","angle":0,"time":43},{"tap":true,"type":"block","angle":337.5,"time":43},{"tap":true,"type":"block","angle":22.5,"time":43},{"tap":true,"type":"block","angle":202.5,"time":43.5},{"tap":true,"type":"block","angle":180,"time":43.5},{"tap":true,"type":"block","angle":157.5,"time":43.5},{"time":-2.25,"type":"block","angle":90},{"time":44,"type":"extraTap","angle":180},{"time":46,"type":"extraTap","angle":180},{"time":48,"type":"extraTap","angle":180},{"time":50,"type":"extraTap","angle":180},{"time":52,"type":"extraTap","angle":180},{"time":54,"type":"extraTap","angle":180},{"time":56,"type":"extraTap","angle":180},{"time":58,"type":"extraTap","angle":180},{"time":60,"type":"extraTap","angle":180},{"time":62,"type":"extraTap","angle":180},{"time":64,"type":"extraTap","angle":180},{"time":66,"type":"extraTap","angle":180},{"time":68,"type":"extraTap","angle":180},{"time":70,"type":"extraTap","angle":180},{"time":72,"type":"extraTap","angle":180},{"time":74,"type":"extraTap","angle":180},{"time":76,"type":"extraTap","angle":180},{"time":78,"type":"extraTap","angle":180},{"time":46.25,"type":"block","angle":180},{"duration":1,"type":"hold","angle2":540,"time":44.25,"angle":540,"endTap":true},{"duration":0.75,"type":"hold","angle2":135,"time":47,"angle":180},{"duration":0.5,"type":"hold","angle2":495,"time":47.75,"angle":495,"endTap":true},{"time":48.5,"type":"block","angle":180},{"time":49,"type":"block","angle":225},{"time":49.75,"type":"block","angle":225},{"time":50.75,"type":"block","angle":540},{"time":51.25,"type":"block","angle":517.5},{"time":51.75,"type":"block","angle":202.5},{"time":53,"type":"block","angle":180},{"time":53.5,"type":"block","angle":270},{"time":54,"type":"block","angle":360},{"duration":1,"type":"hold","angle2":382.5,"time":55,"angle":337.5,"endTap":true},{"duration":1.5,"type":"hold","angle2":315,"time":57.25,"angle":427.5},{"duration":0.52499997615814,"type":"hold","angle2":337.5,"time":58.75,"angle":315},{"time":61,"type":"block","angle":360},{"time":62,"type":"block","angle":382.5},{"time":61.5,"type":"block","angle":405},{"duration":0.5,"type":"hold","angle2":405,"time":63.25,"angle":315},{"duration":0.25,"type":"hold","angle2":337.5,"time":63.75,"angle":405},{"time":64,"type":"block","angle":292.5},{"time":64.5,"type":"block","angle":270},{"time":65,"type":"block","angle":247.5},{"time":65.5,"type":"block","angle":270},{"time":66.5,"type":"block","angle":450},{"time":67,"type":"block","angle":472.5},{"time":67.5,"type":"block","angle":405},{"time":70.25,"type":"block","angle":315},{"time":69.75,"type":"block","angle":292.5},{"time":69.25,"type":"block","angle":270},{"duration":0.75,"type":"hold","angle2":450,"time":71.25,"angle":360,"endTap":true},{"time":72.5,"type":"block","angle":495},{"time":73,"type":"block","angle":517.5},{"time":74.5,"type":"block","angle":225},{"time":74.5,"type":"block","angle":247.5},{"time":73.5,"type":"block","angle":202.5},{"time":73.5,"type":"block","angle":180},{"time":74,"type":"block","angle":202.5},{"time":74,"type":"block","angle":225},{"tap":true,"type":"block","angle":270,"time":75.25},{"tap":true,"type":"block","angle":292.5,"time":75.75},{"tap":true,"type":"block","angle":315,"time":76},{"time":77,"type":"block","angle":360},{"time":78,"type":"block","angle":315},{"time":77.5,"type":"block","angle":405},{"duration":0.5,"type":"hold","angle2":315,"time":79,"angle":360},{"duration":0.5,"type":"hold","angle2":270,"time":79.5,"angle":315},{"time":80.5,"type":"block","angle":270},{"time":81,"type":"block","angle":247.5},{"duration":0.75,"type":"hold","angle2":607.5,"time":82,"angle":540,"endTap":true},{"duration":0.75,"type":"hold","angle2":135,"time":82.75,"angle":247.5},{"tap":true,"type":"block","angle":495,"time":83.666667938232},{"time":85.5,"type":"block","angle":382.5},{"time":85.25,"type":"block","angle":360},{"duration":1,"type":"hold","angle2":405,"time":86,"angle":405},{"duration":0.5,"type":"hold","angle2":225,"time":87,"angle":405},{"time":87.5,"type":"block","angle":225},{"tap":true,"type":"block","angle":225,"time":88},{"time":88.5,"type":"block","angle":247.5},{"time":88.5,"type":"block","angle":270},{"time":89,"type":"block","angle":270},{"time":89,"type":"block","angle":292.5},{"time":89.5,"type":"block","angle":292.5},{"time":89.5,"type":"block","angle":315},{"tap":true,"type":"block","angle":315,"time":90},{"tap":true,"type":"block","angle":337.5,"time":90.5},{"tap":true,"type":"block","angle":360,"time":90.5},{"tap":true,"type":"block","angle":382.5,"time":90.5},{"tap":true,"type":"block","angle":180,"time":91},{"tap":true,"type":"block","angle":517.5,"time":91},{"tap":true,"type":"block","angle":202.5,"time":91},{"tap":true,"type":"block","angle":382.5,"time":91.5},{"tap":true,"type":"block","angle":360,"time":91.5},{"tap":true,"type":"block","angle":337.5,"time":91.5},{"time":45.75,"type":"block","angle":270},{"time":80,"type":"extraTap","angle":180},{"time":82,"type":"extraTap","angle":180},{"time":84,"type":"extraTap","angle":180},{"time":86,"type":"extraTap","angle":180},{"time":88,"type":"extraTap","angle":180},{"time":90,"type":"extraTap","angle":180},{"time":92,"type":"extraTap","angle":180},{"time":94,"type":"extraTap","angle":180},{"time":96,"type":"extraTap","angle":180},{"time":98,"type":"extraTap","angle":180}]