{"metadata":{"bg":true,"difficulty":-1,"description":"why are skeletons bad liars?\n'cause you can see right through 'em.\n\n\nfirst map i made\n(ngl bro i burnt :sob:)","bgData":{"redChannel":{"r":255,"g":255,"b":255},"blueChannel":{"r":255,"g":255,"b":255},"image":"sans.png"},"songName":"sans.","artist":"Toby Fox","charter":"Bonniest","artistLink":""},"properties":{"speed":70,"offset":8,"startBeat":0,"formatversion":10},"events":[{"type":"play","volume":1,"bpm":128,"time":-4.25,"angle":360,"file":"sansundertale.ogg"},{"angle":0,"type":"setBgColor","time":-42,"color":1},{"angle":337.5,"enable":true,"time":-42,"type":"outline","color":3},{"time":98,"type":"showResults","angle":202.5}]}