[{"duration":2,"type":"hold","time":14,"angle":270,"angle2":337.5},{"time":17,"type":"block","angle":270},{"time":18,"type":"block","angle":315},{"time":19,"type":"block","angle":247.5},{"time":20,"type":"block","angle":292.5},{"time":21,"type":"block","angle":225},{"duration":1,"type":"hold","time":22,"angle":180,"angle2":270},{"time":24,"type":"block","angle":337.5},{"time":25,"type":"block","angle":22.5},{"time":26,"type":"block","angle":67.5},{"time":27,"type":"block","angle":112.5},{"time":28,"type":"block","angle":45},{"time":32,"type":"block","angle":-90},{"time":33,"type":"block","angle":225},{"time":34,"type":"block","angle":180},{"time":35,"type":"block","angle":135},{"time":36,"type":"block","angle":90},{"time":37,"type":"block","angle":135},{"time":38,"type":"block","angle":67.5},{"time":40,"type":"block","angle":-135},{"time":41,"type":"block","angle":135},{"time":42,"type":"block","angle":180},{"time":43,"type":"block","angle":135},{"time":44,"type":"block","angle":225},{"time":48,"type":"block","angle":292.5},{"time":49,"type":"block","angle":337.5},{"time":50,"type":"block","angle":382.5},{"time":51,"type":"block","angle":337.5},{"time":52,"type":"block","angle":292.5},{"time":53,"type":"block","angle":337.5},{"time":54,"type":"block","angle":247.5},{"duration":1,"type":"hold","time":56,"angle":315,"angle2":382.5},{"duration":1,"type":"hold","time":58,"angle":360,"angle2":315},{"duration":2,"type":"hold","time":60,"angle":247.5,"angle2":315},{"time":64,"type":"block","angle":22.5},{"time":65,"type":"block","angle":90},{"time":66,"type":"block","angle":45},{"time":67.5,"type":"block","angle":90},{"time":67,"type":"block","angle":112.5},{"time":68,"type":"block","angle":67.5},{"time":69,"type":"block","angle":112.5},{"time":71.5,"type":"block","angle":-135},{"time":70,"type":"block","angle":157.5},{"time":70.5,"type":"block","angle":180},{"time":71,"type":"block","angle":-157.5},{"time":72,"type":"block","angle":202.5},{"time":73,"type":"block","angle":157.5},{"time":74,"type":"block","angle":112.5},{"time":75,"type":"block","angle":157.5},{"time":78,"type":"extraTap","angle":270},{"time":77,"type":"extraTap","angle":270},{"time":76,"type":"block","angle":90},{"time":0,"type":"extraTap","angle":292.5},{"time":4,"type":"extraTap","angle":292.5},{"time":8,"type":"extraTap","angle":292.5},{"time":10,"type":"extraTap","angle":292.5},{"time":12,"type":"extraTap","angle":292.5}]