{"events":[{"offset":0.10000000149012,"angle":270,"type":"play","volume":1,"time":0,"file":"The Cuss Word Song.ogg","bpm":250},{"type":"setBgColor","color":2,"time":14,"angle":315},{"g":23,"type":"setColor","r":0,"b":255,"time":14,"color":2,"angle":337.5},{"type":"outline","color":0,"time":78,"enable":false,"angle":315},{"type":"setBgColor","color":0,"time":78,"angle":337.5},{"type":"outline","color":0,"time":14,"enable":true,"angle":292.5},{"g":226,"type":"setColor","r":226,"b":52,"time":24,"color":2,"angle":22.5},{"g":189,"type":"setColor","r":6,"b":1,"time":32,"color":2,"angle":337.5},{"g":30,"type":"setColor","r":70,"b":255,"time":40,"color":2,"angle":337.5},{"g":135,"type":"setColor","r":255,"b":0,"time":48,"color":2,"angle":337.5},{"g":0,"type":"setColor","r":0,"b":0,"time":56,"color":2,"angle":337.5},{"g":23,"type":"setColor","r":0,"b":255,"time":64,"color":2,"angle":337.5},{"r":234,"type":"setColor","color":2,"b":0,"time":72,"g":0,"angle":337.5},{"time":78,"type":"showResults","angle":292.5},{"id":"CUSS","time":16,"x":0,"y":0,"sprite":"1.png","sy":1.8999999761581,"drawLayer":"bg","type":"deco","angle":0},{"g":255,"type":"setColor","r":111,"b":108,"time":16,"color":3,"angle":22.5},{"type":"setColor","color":0,"time":15.5,"angle":67.5},{"g":0,"type":"setColor","r":255,"b":234,"time":17,"color":3,"angle":22.5},{"time":17,"id":"CUSS","type":"deco","angle":360,"drawLayer":"bg","sy":1.8999999761581,"sprite":"2.png"},{"drawLayer":"bg","id":"CUSS","sy":2.2000000476837,"sprite":"3.png","time":18,"type":"deco","angle":360},{"r":255,"type":"setColor","color":3,"g":233,"time":18,"b":0,"angle":22.5},{"drawLayer":"bg","id":"CUSS","type":"deco","angle":360,"time":19,"sy":1.6000000238419,"sprite":"4.png"},{"r":255,"type":"setColor","color":3,"g":0,"time":19,"b":53,"angle":22.5},{"time":20,"id":"CUSS","type":"deco","angle":360,"drawLayer":"bg","sy":1,"sprite":"5.png"},{"time":21,"id":"CUSS","type":"deco","angle":360,"drawLayer":"bg","sy":2.1500000953674,"sprite":"6.png"},{"g":217,"type":"setColor","r":80,"b":255,"time":20,"color":3,"angle":22.5},{"g":0,"type":"setColor","r":255,"b":234,"time":21,"color":3,"angle":22.5},{"id":"CUSS","drawLayer":"bg","y":-5,"angle":405,"sy":2.5,"sprite":"7.png","time":24,"type":"deco"},{"g":106,"type":"setColor","r":87,"b":252,"time":24,"color":3,"angle":0},{"time":26,"id":"CUSS","type":"deco","angle":0,"drawLayer":"bg","sy":3.2000000476837,"sprite":"8.png"},{"g":74,"type":"setColor","r":223,"b":255,"time":26,"color":3,"angle":22.5},{"time":28,"id":"CUSS","type":"deco","angle":0,"drawLayer":"bg","sy":1.5,"sprite":"9.png"},{"g":244,"type":"setColor","r":118,"b":153,"time":28,"color":3,"angle":22.5},{"id":"CUSS","type":"deco","time":78,"hide":true,"angle":0},{"sprite":"11.png","id":"CUSS","type":"deco","time":34,"drawLayer":"bg","angle":360},{"g":118,"type":"setColor","r":252,"b":248,"time":34,"color":3,"angle":22.5},{"type":"deco","id":"CUSS","sy":2.4000000953674,"angle":0,"time":32,"drawLayer":"bg","sprite":"10.png"},{"g":197,"type":"setColor","r":255,"b":115,"time":32,"color":3,"angle":22.5},{"time":36,"id":"CUSS","type":"deco","angle":360,"drawLayer":"bg","sy":2,"sprite":"12.png"},{"g":251,"type":"setColor","r":166,"b":38,"time":36,"color":3,"angle":22.5},{"time":38,"id":"CUSS","type":"deco","angle":405,"drawLayer":"bg","sy":1.6000000238419,"sprite":"13.png"},{"g":245,"type":"setColor","r":38,"b":251,"time":38,"color":3,"angle":22.5},{"time":40,"id":"CUSS","sy":1.1000000238419,"sprite":"14.png","drawLayer":"bg","type":"deco","angle":22.5},{"g":251,"type":"setColor","r":38,"b":176,"time":40,"color":3,"angle":0},{"time":41,"id":"CUSS","sy":1,"sprite":"15.png","drawLayer":"bg","type":"deco","angle":22.5},{"g":0,"type":"setColor","r":255,"b":53,"time":41,"color":3,"angle":360},{"drawLayer":"bg","id":"CUSS","sy":1,"sprite":"16.png","time":43,"type":"deco","angle":22.5},{"g":109,"type":"setColor","r":251,"b":255,"time":43,"color":3,"angle":360},{"g":189,"type":"setColor","r":111,"b":90,"time":44,"color":3,"angle":360},{"id":"CUSS","type":"deco","angle":22.5,"time":44,"drawLayer":"bg","sprite":"17.png"},{"g":255,"type":"setColor","r":255,"b":90,"time":48,"color":3,"angle":360},{"id":"CUSS","type":"deco","angle":22.5,"drawLayer":"bg","time":48,"sprite":"18.png"},{"time":49,"id":"CUSS","sy":1.5,"sprite":"9.png","drawLayer":"bg","type":"deco","angle":0},{"g":244,"type":"setColor","r":118,"b":153,"time":49,"color":3,"angle":22.5},{"id":"CUSS","drawLayer":"bg","y":40,"angle":0,"sy":1.2000000476837,"sprite":"4.png","time":50,"type":"deco"},{"r":255,"type":"setColor","color":3,"g":0,"time":50,"b":53,"angle":-22.5},{"id":"CUSS","drawLayer":"bg","y":50,"angle":360,"type":"deco","time":51,"sprite":"3.png","sy":1.5},{"color":3,"type":"setColor","r":255,"g":233,"time":51,"b":0,"angle":22.5},{"id":"CUSS","drawLayer":"bg","y":40,"angle":360,"sy":1.5,"time":52,"sprite":"19.png","type":"deco"},{"r":248,"type":"setColor","color":3,"g":132,"time":52,"b":255,"angle":22.5},{"id":"CUSS","drawLayer":"bg","y":30,"sprite":"16.png","type":"deco","time":53,"angle":22.5,"sy":0.80000001192093},{"r":233,"type":"setColor","color":3,"b":255,"time":53,"g":185,"angle":360},{"id":"CUSS","drawLayer":"bg","y":0,"sprite":"20.png","type":"deco","time":54,"sy":1,"angle":22.5},{"r":109,"type":"setColor","color":3,"b":191,"time":54,"g":255,"angle":360},{"id":"CUSS","type":"deco","sprite":"21.png","time":56,"drawLayer":"bg","angle":22.5},{"color":3,"type":"setColor","r":255,"b":88,"time":56,"g":250,"angle":360},{"id":"CUSS","type":"deco","sprite":"22.png","drawLayer":"bg","time":58,"angle":22.5},{"color":3,"type":"setColor","r":239,"b":255,"time":58,"g":68,"angle":45},{"id":"CUSS","type":"deco","sprite":"23.png","time":60,"drawLayer":"bg","angle":22.5},{"color":3,"type":"setColor","r":255,"b":255,"time":60,"g":255,"angle":45},{"r":255,"type":"setColor","color":3,"b":234,"time":64,"g":0,"angle":315},{"time":64,"id":"CUSS","sy":1.8999999761581,"angle":292.5,"drawLayer":"bg","type":"deco","sprite":"2.png"},{"time":65,"id":"CUSS","sy":2.2000000476837,"angle":360,"drawLayer":"bg","type":"deco","sprite":"3.png"},{"color":3,"type":"setColor","r":255,"b":0,"time":65,"g":233,"angle":22.5},{"drawLayer":"bg","id":"CUSS","type":"deco","sprite":"5.png","time":66,"sy":1,"angle":360},{"time":67,"id":"CUSS","sy":2.1500000953674,"angle":360,"drawLayer":"bg","type":"deco","sprite":"6.png"},{"r":80,"type":"setColor","color":3,"b":255,"time":66,"g":217,"angle":22.5},{"r":255,"type":"setColor","color":3,"g":0,"time":67,"b":234,"angle":22.5},{"time":68,"id":"CUSS","type":"deco","sprite":"24.png","drawLayer":"bg","sy":1.6000000238419,"angle":360},{"r":29,"type":"setColor","color":3,"g":227,"time":68,"b":255,"angle":22.5},{"drawLayer":"bg","id":"CUSS","type":"deco","angle":360,"time":69,"sy":1.6000000238419,"sprite":"4.png"},{"color":3,"type":"setColor","r":255,"g":0,"time":69,"b":53,"angle":22.5},{"id":"CUSS","type":"deco","angle":0,"time":71,"drawLayer":"bg","sprite":"25.png"},{"r":252,"type":"setColor","color":3,"g":118,"time":71,"b":248,"angle":22.5},{"time":70,"id":"CUSS","sy":2.4000000953674,"angle":0,"drawLayer":"bg","type":"deco","sprite":"10.png"},{"r":255,"type":"setColor","color":3,"b":115,"time":70,"g":197,"angle":22.5}],"properties":{"speed":70,"formatversion":13,"offset":8},"metadata":{"description":"If you care about monetization of your video please do not play this\n","artistLink":"https://www.youtube.com/@rustycage","difficulty":1,"artist":"Rusty Cage","bg":true,"charter":"Random22","bgData":{"redChannel":{"b":48,"g":255,"r":251},"image":"THUMB.png","blueChannel":{"b":77,"g":12,"r":11},"greenChannel":{"b":255,"g":255,"r":255},"yellowChannel":{"b":255,"g":255,"r":255},"magentaChannel":{"b":255,"g":255,"r":255},"cyanChannel":{"b":255,"g":255,"r":255}},"songName":"The Cuss Word Song"}}