[{"angle":90,"type":"block","time":0},{"angle":90,"type":"block","time":0.5},{"angle":135,"type":"block","time":1.5},{"angle":135,"type":"block","time":2},{"angle":180,"type":"block","time":3},{"angle":180,"type":"block","time":3.5},{"angle":225,"type":"block","time":4.5},{"angle":225,"type":"block","time":5},{"angle":270,"type":"block","time":8},{"angle":270,"type":"block","time":8.5},{"angle":315,"type":"block","time":9.5},{"angle":315,"type":"block","time":10},{"angle":0,"type":"block","time":11.5},{"angle":0,"type":"block","time":11},{"angle":0,"type":"block","time":12},{"angle":405,"type":"block","time":12.25},{"angle":90,"type":"side","time":12.5},{"angle":180,"type":"hold","duration":1.5,"time":13,"angle2":270},{"angle":270,"type":"hold","duration":1.5,"time":14.5,"angle2":90},{"angle":67.5,"type":"block","time":16.5},{"angle":0,"type":"block","time":17.5},{"angle":22.5,"type":"block","time":18},{"angle":315,"type":"block","time":19},{"angle":292.5,"type":"block","time":19.5},{"angle":202.5,"type":"block","time":20.5},{"angle":225,"type":"block","time":21},{"angle":360,"type":"block","time":27.5},{"angle":450,"type":"hold","duration":0.5,"time":28.5,"angle2":540},{"angle":270,"type":"hold","duration":1.5,"time":29.5,"angle2":360},{"angle":360,"type":"block","time":32},{"angle":67.5,"type":"block","time":33},{"angle":90,"type":"block","time":33.5},{"angle":135,"type":"block","time":34},{"angle":157.5,"type":"block","time":34.5},{"angle":202.5,"type":"block","time":35},{"angle":225,"type":"block","time":35.5},{"angle":270,"type":"hold","duration":1,"time":37,"angle2":450},{"angle":90,"type":"hold","duration":1,"time":38,"angle2":-90},{"angle":270,"type":"hold","duration":1,"time":39,"angle2":90},{"angle":90,"type":"block","time":41},{"angle":67.5,"type":"block","time":41.5},{"angle":22.5,"type":"block","time":42},{"angle":0,"type":"block","time":42.5},{"angle":315,"type":"block","time":43},{"angle":292.5,"type":"block","time":43},{"angle":180,"type":"hold","duration":1.5,"time":44,"angle2":0},{"angle":0,"type":"hold","duration":1,"time":45.5,"angle2":-180},{"angle":90,"type":"block","time":47},{"angle":247.5,"type":"block","time":49},{"angle":270,"type":"hold","duration":1.5,"time":51.5,"angle2":90},{"angle":180,"type":"block","time":56},{"angle":270,"type":"block","time":57},{"angle":360,"type":"block","time":57.5},{"angle":90,"type":"side","time":58},{"angle":180,"type":"block","time":59},{"angle":270,"type":"hold","duration":2,"time":60,"angle2":450},{"angle":90,"type":"hold","duration":2,"time":62,"angle2":-180},{"angle":0,"type":"block","time":47.5},{"angle":292.5,"type":"block","time":49.5},{"angle":112.5,"type":"block","time":65},{"angle":90,"type":"block","time":65.5},{"angle":382.5,"type":"block","time":66},{"angle":360,"type":"block","time":66},{"angle":315,"type":"block","time":66.5},{"angle":247.5,"type":"hold","duration":1.5,"time":67.5,"angle2":67.5},{"angle":292.5,"type":"block","time":67},{"angle":270,"type":"block","time":54},{"angle":180,"type":"hold","duration":1,"time":50.5,"angle2":270},{"angle":90,"type":"side","time":50},{"angle":270,"type":"side","time":48},{"angle":0,"type":"side","time":70},{"angle":180,"type":"side","time":71},{"angle":202.5,"type":"mine","time":57},{"angle":180,"type":"mine","time":57},{"angle":157.5,"type":"mine","time":57},{"angle":135,"type":"mine","time":57},{"angle":112.5,"type":"mine","time":57},{"angle":90,"type":"mine","time":57},{"angle":67.5,"type":"mine","time":57},{"angle":45,"type":"mine","time":57},{"angle":22.5,"type":"mine","time":57},{"angle":202.5,"type":"mine","time":54},{"angle":157.5,"type":"mine","time":54},{"angle":135,"type":"mine","time":54},{"angle":112.5,"type":"mine","time":54},{"angle":90,"type":"mine","time":54},{"angle":180,"type":"mine","time":54},{"angle":67.5,"type":"mine","time":54},{"angle":45,"type":"mine","time":54},{"angle":22.5,"type":"mine","time":54},{"angle":90,"type":"side","time":55},{"angle":90,"type":"block","time":72},{"angle":45,"type":"block","time":73},{"angle":22.5,"type":"block","time":73.5},{"angle":337.5,"type":"block","time":74},{"angle":315,"type":"block","time":74},{"angle":270,"type":"block","time":74.5},{"angle":247.5,"type":"block","time":75},{"angle":180,"type":"hold","duration":3,"time":75.5,"angle2":90},{"angle":270,"type":"mine","time":70},{"angle":247.5,"type":"mine","time":70},{"angle":225,"type":"mine","time":70},{"angle":202.5,"type":"mine","time":70},{"angle":180,"type":"mine","time":70},{"angle":157.5,"type":"mine","time":70},{"angle":135,"type":"mine","time":70},{"angle":112.5,"type":"mine","time":70},{"angle":90,"type":"mine","time":70},{"angle":270,"type":"mine","time":71},{"angle":292.5,"type":"mine","time":71},{"angle":315,"type":"mine","time":71},{"angle":337.5,"type":"mine","time":71},{"angle":0,"type":"mine","time":71},{"angle":22.5,"type":"mine","time":71},{"angle":45,"type":"mine","time":71},{"angle":67.5,"type":"mine","time":71},{"angle":90,"type":"mine","time":71},{"angle":180,"type":"block","time":24},{"angle":135,"type":"block","time":24.5},{"angle":90,"type":"block","time":25.5},{"angle":90,"type":"block","time":25.5},{"angle":45,"type":"block","time":26},{"angle":0,"type":"block","time":27},{"angle":180,"type":"hold","duration":0.5,"time":29,"angle2":270},{"angle":135,"type":"block","time":79},{"angle":180,"type":"hold","duration":0.5,"time":79.5,"angle2":225},{"angle":90,"type":"side","time":81.5},{"angle":112.5,"type":"mine","time":81},{"angle":135,"type":"mine","time":81},{"angle":157.5,"type":"mine","time":81},{"angle":180,"type":"mine","time":81},{"angle":202.5,"type":"mine","time":81},{"angle":225,"type":"mine","time":81},{"angle":247.5,"type":"mine","time":81},{"angle":270,"type":"mine","time":81},{"angle":180,"type":"block","time":82.5},{"angle":0,"type":"hold","duration":0.5,"time":83.5,"angle2":90},{"angle":270,"type":"side","time":85.5},{"angle":90,"type":"mine","time":85},{"angle":67.5,"type":"mine","time":85},{"angle":45,"type":"mine","time":85},{"angle":22.5,"type":"mine","time":85},{"angle":0,"type":"mine","time":85},{"angle":-22.5,"type":"mine","time":85},{"angle":-45,"type":"mine","time":85},{"angle":-67.5,"type":"mine","time":85},{"angle":270,"type":"side","time":83},{"angle":360,"type":"block","time":86.5},{"angle":45,"type":"block","time":87},{"angle":90,"type":"block","time":87.5},{"angle":135,"type":"hold","duration":1.5,"time":88,"angle2":270},{"angle":90,"type":"block","time":92},{"angle":135,"type":"block","time":92.5},{"angle":180,"type":"block","time":93},{"angle":270,"type":"side","time":93.5},{"angle":270,"type":"side","time":95},{"angle":135,"type":"block","time":94.5},{"angle":292.5,"type":"mine","time":94.5},{"angle":315,"type":"mine","time":94.5},{"angle":337.5,"type":"mine","time":94.5},{"angle":360,"type":"mine","time":94.5},{"angle":45,"type":"mine","time":94.5},{"angle":22.5,"type":"mine","time":94.5},{"angle":247.5,"type":"mine","time":94},{"angle":225,"type":"mine","time":94},{"angle":202.5,"type":"mine","time":94},{"angle":270,"type":"hold","duration":2.5,"time":89.5,"angle2":450},{"angle":360,"type":"block","time":96},{"angle":45,"type":"block","time":96.5},{"angle":90,"type":"block","time":97},{"angle":135,"type":"block","time":97.5},{"angle":225,"type":"block","time":98.5},{"angle":180,"type":"block","time":98},{"angle":270,"type":"block","time":99},{"angle":270,"type":"block","time":99.5},{"angle":360,"type":"side","time":100},{"angle":90,"type":"side","time":100.5},{"angle":180,"type":"side","time":101},{"angle":270,"type":"side","time":101.5},{"angle":0,"type":"block","time":102},{"angle":22.5,"type":"hold","duration":0.5,"time":102.5,"angle2":90},{"angle":180,"type":"mine","time":100},{"angle":135,"type":"mine","time":100},{"angle":225,"type":"mine","time":100},{"angle":270,"type":"mine","time":100.5},{"angle":247.5,"type":"mine","time":100.5},{"angle":292.5,"type":"mine","time":100.5},{"angle":180,"type":"block","time":104},{"angle":135,"type":"block","time":104.5},{"angle":90,"type":"block","time":105},{"angle":45,"type":"block","time":105.5},{"angle":-360,"type":"block","time":106},{"angle":-405,"type":"block","time":106.5},{"angle":-450,"type":"block","time":107},{"angle":-450,"type":"block","time":107.5},{"angle":180,"type":"side","time":108},{"angle":90,"type":"side","time":108.5},{"angle":360,"type":"side","time":109},{"angle":270,"type":"side","time":109.5},{"angle":360,"type":"mine","time":108},{"angle":315,"type":"mine","time":108},{"angle":45,"type":"mine","time":108},{"angle":292.5,"type":"mine","time":108.5},{"angle":270,"type":"mine","time":108.5},{"angle":247.5,"type":"mine","time":108.5},{"angle":180,"type":"block","time":110},{"angle":112.5,"type":"block","time":110.5},{"angle":0,"type":"block","time":112},{"angle":315,"type":"block","time":112.5},{"angle":270,"type":"block","time":113},{"angle":225,"type":"hold","duration":1,"time":113.5,"angle2":292.5},{"angle":0,"type":"block","time":115},{"angle":67.5,"type":"block","time":115.5},{"angle":225,"type":"side","time":116},{"angle":405,"type":"side","time":117},{"angle":225,"type":"side","time":118},{"angle":405,"type":"side","time":119},{"angle":360,"type":"mine","time":116},{"angle":45,"type":"mine","time":116},{"angle":90,"type":"mine","time":116},{"angle":202.5,"type":"mine","time":117},{"angle":225,"type":"mine","time":117},{"angle":247.5,"type":"mine","time":117},{"angle":67.5,"type":"mine","time":118},{"angle":45,"type":"mine","time":118},{"angle":22.5,"type":"mine","time":118},{"angle":90,"type":"block","time":120},{"angle":112.5,"type":"block","time":120.5},{"angle":157.5,"type":"block","time":121},{"angle":180,"type":"hold","duration":1,"time":121.5,"angle2":90},{"angle":45,"type":"block","time":123},{"angle":0,"type":"block","time":123.5},{"angle":315,"type":"block","time":124},{"angle":270,"type":"block","time":124.5},{"angle":225,"type":"block","time":125},{"angle":180,"type":"hold","duration":1.5,"time":125.5,"angle2":180},{"angle":225,"type":"block","time":6.5},{"angle":315,"type":"block","time":7},{"angle":270,"type":"block","time":7.5},{"angle":247.5,"type":"block","time":22.5},{"angle":292.5,"type":"block","time":23},{"angle":270,"type":"block","time":23.5},{"angle":247.5,"type":"mine","time":125.5},{"angle":292.5,"type":"mine","time":125.5},{"angle":337.5,"type":"mine","time":125.5},{"angle":22.5,"type":"mine","time":125.5},{"angle":67.5,"type":"mine","time":125.5},{"angle":112.5,"type":"mine","time":125.5},{"angle":247.5,"type":"mine","time":127},{"angle":292.5,"type":"mine","time":127},{"angle":337.5,"type":"mine","time":127},{"angle":22.5,"type":"mine","time":127},{"angle":67.5,"type":"mine","time":127},{"angle":112.5,"type":"mine","time":127},{"angle":270,"type":"mine","time":127},{"angle":315,"type":"mine","time":127},{"angle":360,"type":"mine","time":127},{"angle":45,"type":"mine","time":127},{"angle":90,"type":"mine","time":127},{"angle":270,"type":"mine","time":126},{"angle":315,"type":"mine","time":126},{"angle":0,"type":"mine","time":126},{"angle":45,"type":"mine","time":126},{"angle":90,"type":"mine","time":126}]