{"properties":{"loadBeat":-1,"formatversion":10,"offset":8,"speed":60,"startBeat":0},"metadata":{"difficulty":3,"charter":"RaffyTaffy14","artist":"Tsunku","artistLink":"","bg":true,"description":"Pause the monk training, I\ngave this dumpling a paddle.\n\nLet's see what it can do.","bgData":{"blueChannel":{"g":160,"r":72,"b":200},"image":"menu.png","redChannel":{"g":224,"r":192,"b":248}},"songName":"Munchy Monk"},"events":[{"volume":1.5,"type":"play","time":0,"bpm":189,"angle":0,"file":"MunchyMonk.ogg"},{"angle":292.5,"enable":true,"time":-1,"type":"outline","color":2},{"drawLayer":"bg","type":"deco","sprite":"bg.png","x":0,"y":0,"sx":1.6000000238419,"sy":1.6000000238419,"time":-1,"angle":180,"hide":false,"id":"e"},{"type":"setColor","duration":0,"b":255,"angle":247.5,"color":0,"g":255,"time":-1,"r":255},{"angle":180,"type":"showResults","time":128},{"angle":225,"type":"deco","time":16,"hide":false,"id":"e"},{"angle":225,"color":3,"g":129,"b":129,"time":-1,"type":"setColor","r":129},{"angle":270,"type":"setBgColor","color":0,"time":-1},{"angle":202.5,"color":2,"g":0,"b":0,"time":-1,"type":"setColor","r":0}]}