[{"angle":270,"time":1,"type":"extraTap"},{"angle":292.5,"time":3,"type":"extraTap"},{"angle":270,"time":5,"type":"extraTap"},{"angle":292.5,"time":7,"type":"extraTap"},{"angle":180,"time":0,"type":"block"},{"angle":240,"time":0.66666668653488,"type":"block"},{"angle":330,"time":1.6666666269302,"type":"block"},{"angle":300,"time":2,"type":"block"},{"angle":240,"time":2.6666667461395,"type":"block"},{"angle":210,"time":3,"type":"block"},{"angle":270,"time":3.6666667461395,"type":"block"},{"angle":337.5,"time":4.6666665077209,"type":"block"},{"angle":90,"time":6.6666665077209,"type":"block"},{"angle":120,"time":7,"type":"block"},{"angle":22.5,"time":8,"type":"block"},{"angle":360,"time":9.6666669845581,"type":"block"},{"angle":337.5,"time":10,"type":"block"},{"angle":292.5,"time":10.666666984558,"type":"block"},{"angle":270,"time":11,"type":"block"},{"angle":270,"time":9,"type":"extraTap"},{"angle":292.5,"time":11,"type":"extraTap"},{"angle":270,"time":13,"type":"extraTap"},{"angle":292.5,"time":15,"type":"extraTap"},{"angle":292.5,"time":17,"type":"extraTap"},{"angle":292.5,"time":19,"type":"extraTap"},{"angle":270,"time":21,"type":"extraTap"},{"angle":292.5,"time":23,"type":"extraTap"},{"angle":292.5,"time":25,"type":"extraTap"},{"angle":292.5,"time":27,"type":"extraTap"},{"angle":225,"time":11.666666984558,"type":"block"},{"angle":292.5,"time":12.666666984558,"type":"block"},{"angle":202.5,"time":14.666666984558,"type":"block"},{"angle":180,"time":15,"type":"block"},{"angle":90,"time":16,"type":"block"},{"angle":135,"time":17,"type":"block"},{"angle":180,"time":18,"type":"block"},{"angle":225,"time":19,"type":"block"},{"angle":270,"time":20,"type":"block"},{"angle":225,"time":20.666666030884,"type":"block"},{"angle":157.5,"time":21.666666030884,"type":"block"},{"angle":90,"time":22.666666030884,"type":"block"},{"angle":67.5,"time":23,"type":"block"},{"angle":360,"time":23.666666030884,"type":"block"},{"angle":337.5,"time":24,"type":"block"},{"angle":22.5,"time":24.666666030884,"type":"block"},{"angle":67.5,"time":25.666666030884,"type":"block"},{"angle":90,"time":26,"type":"block"},{"angle":135,"time":27,"type":"block"},{"angle":270,"time":29,"type":"extraTap"},{"angle":292.5,"time":31,"type":"extraTap"},{"angle":270,"time":33,"type":"extraTap"},{"angle":292.5,"time":35,"type":"extraTap"},{"angle":180,"time":28,"type":"block"},{"angle":240,"time":28.666666686535,"type":"block"},{"angle":330,"time":29.66666662693,"type":"block"},{"angle":300,"time":30,"type":"block"},{"angle":240,"time":30.666666746139,"type":"block"},{"angle":210,"time":31,"type":"block"},{"angle":270,"time":31.666666746139,"type":"block"},{"angle":337.5,"time":32.666666507721,"type":"block"},{"angle":90,"time":34.666666507721,"type":"block"},{"angle":120,"time":35,"type":"block"},{"angle":22.5,"time":36,"type":"block"},{"angle":360,"time":37.666666984558,"type":"block"},{"angle":337.5,"time":38,"type":"block"},{"angle":292.5,"time":38.666666984558,"type":"block"},{"angle":270,"time":39,"type":"block"},{"angle":270,"time":37,"type":"extraTap"},{"angle":292.5,"time":39,"type":"extraTap"},{"angle":270,"time":41,"type":"extraTap"},{"angle":292.5,"time":43,"type":"extraTap"},{"angle":292.5,"time":45,"type":"extraTap"},{"angle":292.5,"time":47,"type":"extraTap"},{"angle":270,"time":49,"type":"extraTap"},{"angle":292.5,"time":51,"type":"extraTap"},{"angle":292.5,"time":53,"type":"extraTap"},{"angle":292.5,"time":55,"type":"extraTap"},{"angle":225,"time":39.666666984558,"type":"block"},{"angle":292.5,"time":40.666666984558,"type":"block"},{"angle":202.5,"time":42.666666984558,"type":"block"},{"angle":180,"time":43,"type":"block"},{"angle":90,"time":44,"type":"block"},{"angle":135,"time":45,"type":"block"},{"angle":180,"time":46,"type":"block"},{"angle":225,"time":47,"type":"block"},{"angle":270,"time":48,"type":"block"},{"angle":225,"time":48.666666030884,"type":"block"},{"angle":157.5,"time":49.666666030884,"type":"block"},{"angle":90,"time":50.666666030884,"type":"block"},{"angle":67.5,"time":51,"type":"block"},{"angle":360,"time":51.666666030884,"type":"block"},{"angle":337.5,"time":52,"type":"block"},{"angle":45,"time":52.666666030884,"type":"block"},{"angle":90,"time":53.666666030884,"type":"block"},{"angle":112.5,"time":54,"type":"block"},{"angle":157.5,"time":55,"type":"block"}]