[{"type":"block","time":2,"angle":360},{"type":"block","time":3,"angle":0},{"type":"block","time":4,"angle":15},{"type":"block","time":5,"angle":345},{"type":"block","time":4.5,"angle":360},{"type":"block","time":5.375,"angle":0},{"type":"block","time":6,"angle":345},{"type":"block","time":6.5,"angle":15},{"type":"block","time":7.5,"angle":345},{"type":"block","time":8,"angle":15},{"type":"block","time":9,"angle":0},{"type":"block","time":9.5,"angle":360},{"type":"extraTap","time":10,"angle":360},{"type":"extraTap","time":18,"angle":0},{"type":"block","time":18,"angle":90},{"type":"extraTap","time":34,"angle":0},{"type":"block","time":34,"angle":180},{"type":"block","time":38,"angle":360},{"type":"extraTap","time":38,"angle":180},{"type":"block","time":39.75,"angle":360},{"type":"block","time":41,"angle":345},{"type":"block","time":41.5,"angle":15},{"type":"block","time":40.5,"angle":360},{"startTap":true,"duration":4,"angle2":45,"time":42,"type":"hold","angle":0},{"startTap":true,"duration":4,"angle2":-45,"time":46,"type":"hold","angle":45},{"startTap":true,"duration":4,"angle2":450,"time":50,"type":"hold","angle":315},{"startTap":true,"duration":4,"angle2":-75,"time":54,"type":"hold","angle":90},{"type":"block","time":42.125,"angle":15},{"type":"block","time":42.5,"angle":0},{"type":"block","time":42.875,"angle":360},{"type":"block","time":43.375,"angle":0},{"type":"block","time":43.5,"angle":30},{"type":"block","time":44,"angle":15},{"type":"block","time":44.375,"angle":30},{"type":"block","time":44.75,"angle":15},{"type":"block","time":45,"angle":45},{"type":"block","time":45.375,"angle":30},{"type":"block","time":45.75,"angle":30},{"type":"block","time":46.375,"angle":15},{"type":"block","time":47.375,"angle":15},{"type":"block","time":47,"angle":30},{"type":"block","time":48.25,"angle":360},{"type":"block","time":48.625,"angle":345},{"type":"block","time":49,"angle":345},{"type":"block","time":49.25,"angle":330},{"type":"block","time":49.625,"angle":330},{"type":"block","time":47.875,"angle":360},{"type":"block","time":50.625,"angle":330},{"type":"block","time":50.375,"angle":315},{"type":"block","time":51,"angle":345},{"type":"block","time":51.5,"angle":360},{"type":"block","time":52.125,"angle":15},{"type":"block","time":52.375,"angle":30},{"type":"block","time":53,"angle":45},{"type":"block","time":53.75,"angle":75},{"type":"block","time":53.75,"angle":75},{"type":"block","time":53.625,"angle":90},{"type":"block","time":54.5,"angle":60},{"type":"block","time":54.875,"angle":45},{"type":"block","time":55.375,"angle":45},{"type":"block","time":56,"angle":15},{"type":"block","time":56.5,"angle":345},{"type":"block","time":56.875,"angle":330},{"type":"block","time":57.25,"angle":315},{"type":"block","time":53.375,"angle":75},{"type":"block","time":51.75,"angle":15},{"type":"block","time":54.375,"angle":75},{"type":"block","time":55.625,"angle":30},{"type":"block","time":56.25,"angle":360},{"type":"block","time":57.625,"angle":300},{"startTap":true,"duration":4,"angle2":405,"time":58,"type":"hold","angle":285},{"startTap":true,"endTap":true,"duration":4,"angle2":-180,"time":62,"type":"hold","angle":45},{"type":"block","time":58.375,"angle":285},{"type":"block","time":58.5,"angle":300},{"type":"block","time":58.75,"angle":315},{"type":"block","time":59.25,"angle":315},{"type":"block","time":59.375,"angle":330},{"type":"block","time":60.125,"angle":345},{"type":"block","time":60.25,"angle":0},{"type":"block","time":60.875,"angle":15},{"type":"block","time":61.375,"angle":30},{"type":"block","time":61.5,"angle":45},{"type":"block","time":61.125,"angle":15},{"type":"block","time":62.25,"angle":30},{"type":"block","time":62.625,"angle":15},{"type":"block","time":63,"angle":360},{"type":"block","time":63.25,"angle":330},{"type":"block","time":63.625,"angle":315},{"type":"block","time":64,"angle":300},{"type":"block","time":64.125,"angle":285},{"type":"block","time":64.375,"angle":270},{"type":"block","time":64.625,"angle":255},{"type":"block","time":64.875,"angle":255},{"type":"block","time":65.125,"angle":225},{"type":"block","time":65.375,"angle":195},{"type":"block","time":65.75,"angle":195},{"type":"block","tap":true,"time":67,"angle":210},{"type":"block","tap":true,"time":68,"angle":150},{"type":"block","tap":true,"time":69,"angle":225},{"type":"block","tap":true,"time":70,"angle":330},{"type":"block","tap":true,"time":71,"angle":45},{"type":"block","tap":true,"time":72,"angle":315},{"type":"hold","duration":1,"angle2":0,"time":73,"speedMult":1.5,"angle":30},{"type":"hold","duration":1,"angle2":300,"time":75,"speedMult":1.5,"angle":345},{"type":"hold","duration":1,"angle2":150,"time":84,"speedMult":1.5,"angle":135},{"type":"hold","duration":1,"angle2":135,"time":86,"speedMult":1.5,"angle":150},{"type":"hold","duration":1,"angle2":90,"time":87,"speedMult":1.5,"angle":105},{"type":"hold","duration":2,"angle2":285,"time":78,"speedMult":1.5,"angle":270},{"type":"hold","duration":1,"angle2":255,"time":79,"speedMult":1.5,"angle":270},{"type":"hold","duration":1,"angle2":255,"time":77,"speedMult":1.5,"angle":270},{"type":"hold","duration":1,"angle2":285,"time":78,"speedMult":1.5,"angle":255},{"type":"hold","duration":1,"angle2":255,"time":79,"speedMult":1.5,"angle":285},{"type":"hold","duration":1,"angle2":300,"time":80,"speedMult":1.5,"angle":255},{"type":"block","speedMult":1.5,"time":82,"tap":true,"angle":315},{"type":"block","speedMult":1.5,"time":83,"tap":true,"angle":30},{"type":"block","speedMult":1.5,"time":89,"tap":true,"angle":120},{"type":"block","speedMult":1.5,"time":90,"tap":true,"angle":165},{"type":"hold","duration":1,"angle2":180,"time":91,"speedMult":1.5,"angle":210},{"type":"hold","duration":1,"angle2":180,"time":93,"speedMult":1.5,"angle":150},{"type":"hold","duration":1,"angle2":255,"time":95,"speedMult":1.5,"angle":210},{"type":"hold","duration":1,"angle2":210,"time":96,"speedMult":1.5,"angle":255},{"type":"hold","duration":1,"angle2":210,"time":97,"speedMult":1.5,"angle":210},{"type":"hold","duration":1,"angle2":240,"time":98,"speedMult":1.5,"angle":210},{"type":"hold","duration":2,"angle2":195,"time":96,"speedMult":1.5,"angle":240},{"type":"hold","duration":1,"angle2":225,"time":97,"speedMult":1.5,"angle":210},{"type":"block","speedMult":1.5,"time":100,"angle":285},{"type":"block","speedMult":1.5,"time":102,"tap":true,"angle":225},{"type":"block","speedMult":1.5,"time":103,"tap":true,"angle":345},{"type":"block","speedMult":1.5,"time":104,"tap":true,"angle":105},{"type":"block","speedMult":1.5,"time":101,"angle":255},{"type":"hold","duration":8,"angle2":255,"time":106,"angle":150},{"type":"hold","duration":8,"angle2":60,"time":114,"angle":255},{"type":"hold","duration":8,"angle2":180,"time":122,"angle":60},{"type":"hold","duration":8,"angle2":210,"time":130,"angle":180},{"type":"hold","duration":8,"angle2":15,"time":138,"angle":210},{"type":"hold","duration":8,"angle2":135,"time":146,"angle":15},{"type":"hold","duration":8,"angle2":465,"time":154,"angle":135},{"type":"hold","duration":8,"angle2":-15,"time":162,"angle":105},{"type":"hold","duration":8,"angle2":270,"time":170,"angle":345},{"type":"inverse","time":170,"angle":345},{"type":"hold","duration":8,"angle2":390,"time":178,"angle":270},{"type":"hold","duration":8,"angle2":-135,"time":186,"angle":30},{"type":"inverse","time":171,"angle":330},{"type":"inverse","time":171.5,"angle":330},{"type":"inverse","time":172,"angle":330},{"type":"inverse","time":172.5,"angle":315},{"type":"inverse","time":173.5,"angle":315},{"type":"hold","duration":8,"angle2":375,"time":194,"angle":225},{"type":"hold","duration":8,"angle2":150,"time":202,"angle":15},{"type":"hold","duration":8,"angle2":-30,"time":210,"angle":150},{"type":"hold","duration":8,"angle2":720,"time":218,"angle":330},{"type":"hold","duration":4,"angle2":0,"time":226,"angle":0},{"type":"block","time":234,"angle":0},{"type":"block","time":235,"angle":330},{"type":"block","time":235.5,"angle":360},{"type":"block","time":236,"angle":30},{"type":"side","time":236.5,"angle":337.5},{"type":"side","time":237.5,"angle":22.5},{"type":"block","time":242,"angle":180},{"type":"block","time":243,"angle":150},{"type":"block","time":243.5,"angle":180},{"type":"block","time":244,"angle":210},{"type":"side","time":244.5,"angle":157.5},{"type":"side","time":245.5,"angle":202.5},{"type":"extraTap","time":250,"angle":135},{"type":"extraTap","time":251,"angle":135},{"type":"extraTap","time":252,"angle":135},{"type":"extraTap","time":253,"angle":135},{"type":"extraTap","time":254,"angle":135},{"type":"extraTap","time":255,"angle":135},{"type":"extraTap","time":256,"angle":135},{"type":"extraTap","time":257,"angle":135},{"type":"extraTap","time":258,"angle":135},{"type":"extraTap","time":259,"angle":135},{"type":"extraTap","time":260,"angle":135},{"type":"extraTap","time":261,"angle":135},{"type":"block","time":251,"angle":270},{"type":"block","time":252,"angle":337.5},{"type":"block","time":253,"angle":202.5},{"type":"block","time":254,"angle":135},{"type":"block","time":255,"angle":67.5},{"type":"block","time":256,"angle":157.5},{"type":"block","time":257,"angle":225},{"type":"block","time":258,"angle":315},{"type":"block","time":259,"angle":45},{"type":"block","time":260,"angle":90},{"type":"block","time":261,"angle":0},{"type":"block","time":262,"angle":270},{"type":"block","time":263,"angle":22.5},{"type":"block","time":264,"angle":315},{"type":"block","time":250,"angle":225},{"type":"extraTap","time":262,"angle":135},{"type":"extraTap","time":263,"angle":135},{"type":"extraTap","time":264,"angle":135},{"type":"block","time":107.5,"angle":165},{"type":"block","time":108,"angle":180},{"type":"block","time":109.5,"angle":195},{"type":"block","time":110.375,"angle":210},{"type":"block","time":111.5,"angle":210},{"type":"block","time":112.5,"angle":225},{"type":"block","time":113.5,"angle":255},{"type":"block","time":108.5,"angle":180},{"type":"extraTap","time":265,"angle":135},{"type":"extraTap","time":266,"angle":135},{"type":"block","time":265,"angle":45},{"type":"block","tap":true,"time":265.5,"angle":285},{"type":"hold","endTap":true,"duration":8,"angle2":-1125,"time":274,"angle":105},{"type":"block","time":286,"angle":15},{"type":"block","time":287,"angle":135},{"type":"block","time":288,"angle":210},{"type":"block","time":289,"angle":120},{"type":"block","tap":true,"time":290,"angle":45},{"type":"block","tap":true,"time":291,"angle":300},{"type":"block","time":282.75,"angle":315},{"type":"block","time":283,"angle":315},{"type":"block","time":283.625,"angle":315},{"type":"block","tap":true,"time":283.875,"angle":315},{"type":"block","time":283.375,"angle":315},{"type":"block","time":284,"angle":337.5},{"type":"block","time":284.5,"angle":360},{"type":"block","time":284.75,"angle":0},{"type":"block","time":285.125,"angle":0},{"type":"block","time":285.375,"angle":360},{"type":"block","time":285.625,"angle":360},{"type":"extraTap","time":268,"angle":135},{"type":"extraTap","time":269,"angle":135},{"type":"extraTap","time":270,"angle":135},{"type":"extraTap","time":271,"angle":135},{"type":"extraTap","time":272,"angle":135},{"type":"extraTap","time":273,"angle":135},{"type":"extraTap","time":274,"angle":135},{"type":"extraTap","time":275,"angle":135},{"type":"extraTap","time":276,"angle":135},{"type":"extraTap","time":277,"angle":135},{"type":"extraTap","time":278,"angle":135},{"type":"extraTap","time":279,"angle":135},{"type":"extraTap","time":280,"angle":135},{"type":"extraTap","time":281,"angle":135},{"type":"extraTap","time":267,"angle":135},{"type":"block","time":292,"angle":315},{"type":"block","time":292.25,"angle":330},{"type":"block","time":292.5,"angle":345},{"type":"block","time":292.75,"angle":0},{"type":"block","time":294,"angle":45},{"type":"block","time":295,"angle":135},{"type":"block","time":26,"angle":270},{"type":"extraTap","time":26,"angle":180},{"type":"inverse","time":178,"angle":270},{"type":"inverse","time":179,"angle":285},{"type":"inverse","time":179.5,"angle":300},{"type":"inverse","time":180,"angle":300},{"type":"inverse","time":180.5,"angle":300},{"type":"inverse","time":186,"angle":30},{"type":"inverse","time":187,"angle":15},{"type":"inverse","time":187.5,"angle":360},{"type":"inverse","time":188,"angle":345},{"type":"inverse","time":188.5,"angle":345},{"type":"inverse","time":189.5,"angle":315},{"type":"inverse","time":194,"angle":225},{"type":"inverse","time":195,"angle":240},{"type":"inverse","time":195.5,"angle":255},{"type":"inverse","time":196,"angle":270},{"type":"inverse","time":196.5,"angle":270},{"type":"inverse","time":197.5,"angle":285},{"type":"inverse","time":202,"angle":375},{"type":"inverse","time":203,"angle":30},{"type":"inverse","time":203.5,"angle":45},{"type":"inverse","time":204,"angle":45},{"type":"inverse","time":204.5,"angle":60},{"type":"inverse","time":205.5,"angle":75},{"type":"inverse","time":210,"angle":150},{"type":"inverse","time":211,"angle":135},{"type":"inverse","time":211.5,"angle":120},{"type":"inverse","time":212,"angle":105},{"type":"inverse","time":212.5,"angle":90},{"type":"inverse","time":213.5,"angle":75},{"type":"inverse","time":218,"angle":330},{"type":"inverse","time":219,"angle":15},{"type":"inverse","time":219.5,"angle":45},{"type":"inverse","time":220,"angle":75},{"type":"inverse","time":220.5,"angle":90},{"type":"inverse","time":221.5,"angle":135},{"type":"inverse","time":226,"angle":360},{"type":"inverse","time":227,"angle":360},{"type":"inverse","time":227.5,"angle":360},{"type":"inverse","time":228,"angle":360},{"type":"inverse","time":228.5,"angle":360},{"type":"inverse","time":229.5,"angle":360},{"type":"block","tap":true,"time":296,"angle":195},{"type":"block","time":298,"angle":150},{"type":"block","time":299,"angle":90},{"type":"block","tap":true,"time":300,"angle":315},{"type":"block","tap":true,"time":301,"angle":315},{"type":"block","time":302,"angle":15},{"type":"block","time":303,"angle":120},{"type":"block","tap":true,"time":304,"angle":135},{"type":"block","tap":true,"time":305,"angle":315},{"type":"block","time":306,"angle":180},{"type":"block","time":307,"angle":180},{"type":"block","time":308.5,"angle":180},{"type":"block","time":309,"angle":195},{"type":"block","time":310,"angle":135},{"type":"block","time":311,"angle":180},{"type":"block","time":312,"angle":240},{"type":"block","speedMult":1.5,"time":314,"angle":180},{"type":"block","time":344,"angle":135},{"type":"block","time":345,"angle":165},{"type":"block","tap":true,"time":346,"angle":165},{"type":"block","time":346.5,"angle":330},{"type":"block","time":347.5,"angle":180},{"type":"block","time":344.5,"angle":150},{"type":"block","time":343.5,"angle":150},{"type":"block","time":345.5,"angle":165},{"type":"block","time":346,"angle":180},{"type":"block","time":346,"angle":150},{"type":"block","tap":true,"time":346.5,"angle":345},{"type":"block","time":346.5,"angle":360},{"type":"block","time":348.5,"angle":150},{"type":"hold","duration":2,"angle2":45,"time":349.5,"angle":165},{"type":"block","time":353,"angle":15},{"type":"block","tap":true,"time":354,"angle":45},{"type":"block","time":354.5,"angle":210},{"type":"block","time":355.5,"angle":60},{"type":"block","time":353.5,"angle":30},{"type":"block","time":352.5,"angle":30},{"type":"block","time":354,"angle":60},{"type":"block","time":354,"angle":30},{"type":"block","tap":true,"time":354.5,"angle":225},{"type":"block","time":354.5,"angle":240},{"type":"block","time":356.5,"angle":30},{"type":"hold","duration":2,"angle2":-75,"time":357.5,"angle":45},{"type":"block","time":115.5,"angle":225},{"type":"block","time":116,"angle":210},{"type":"block","time":117.375,"angle":180},{"type":"block","time":118.33333587646,"angle":150},{"type":"block","time":119.5,"angle":135},{"type":"block","time":120.66666412354,"angle":90},{"type":"block","time":121.5,"angle":75},{"type":"block","time":116.5,"angle":195},{"type":"block","time":128.5,"angle":150},{"type":"block","time":129,"angle":165},{"type":"block","time":129.5,"angle":165},{"type":"block","time":139.5,"angle":180},{"type":"block","time":140,"angle":165},{"type":"block","time":140.5,"angle":150},{"type":"block","time":141.5,"angle":135},{"type":"block","time":142.375,"angle":105},{"type":"block","time":143.5,"angle":75},{"type":"block","time":144.625,"angle":45},{"type":"block","time":145.5,"angle":30},{"type":"block","time":147.5,"angle":45},{"type":"block","time":148,"angle":45},{"type":"block","time":148.5,"angle":60},{"type":"block","time":149.5,"angle":60},{"type":"block","time":150.375,"angle":75},{"type":"block","time":151.5,"angle":105},{"type":"block","time":152.625,"angle":105},{"type":"block","time":153.625,"angle":135},{"type":"block","time":361,"angle":240},{"type":"block","tap":true,"time":362,"angle":270},{"type":"block","time":362.5,"angle":75},{"type":"block","time":361.5,"angle":255},{"type":"block","time":360.5,"angle":255},{"type":"block","time":362,"angle":285},{"type":"block","time":362,"angle":255},{"type":"block","tap":true,"time":362.5,"angle":90},{"type":"block","time":362.5,"angle":105},{"type":"block","time":363.5,"angle":120},{"type":"block","time":364.5,"angle":90},{"type":"hold","duration":2,"angle2":-15,"time":365.5,"angle":105},{"type":"block","time":368.83334350586,"angle":330},{"type":"block","tap":true,"time":370,"angle":0},{"type":"block","time":370.5,"angle":165},{"type":"block","time":369.33334350586,"angle":345},{"type":"block","time":368.33334350586,"angle":345},{"type":"block","time":370,"angle":15},{"type":"block","time":370,"angle":345},{"type":"block","tap":true,"time":370.5,"angle":180},{"type":"block","time":370.5,"angle":195},{"type":"block","time":371.33334350586,"angle":210},{"type":"block","time":372.5,"angle":180},{"type":"hold","duration":2,"angle2":75,"time":373.375,"angle":195},{"type":"mineHold","duration":0.25,"angle2":90,"time":314,"speedMult":1.5,"angle":90},{"type":"mineHold","duration":0.25,"angle2":0,"time":314,"speedMult":1.5,"angle":0},{"type":"mineHold","duration":0.25,"angle2":270,"time":314,"speedMult":1.5,"angle":270},{"type":"block","speedMult":1.5,"time":315,"angle":270},{"type":"mineHold","duration":0.25,"angle2":180,"time":315,"speedMult":1.5,"angle":180},{"type":"mineHold","duration":0.25,"angle2":90,"time":315,"speedMult":1.5,"angle":90},{"type":"mineHold","duration":0.25,"angle2":360,"time":315,"speedMult":1.5,"angle":360},{"type":"block","speedMult":1.5,"time":316,"angle":-360},{"type":"mineHold","duration":0.25,"angle2":-270,"time":316,"speedMult":1.5,"angle":-270},{"type":"mineHold","duration":0.25,"angle2":-180,"time":316,"speedMult":1.5,"angle":-180},{"type":"mineHold","duration":0.25,"angle2":270,"time":316,"speedMult":1.5,"angle":270},{"type":"block","speedMult":1.5,"time":317,"angle":90},{"type":"mineHold","duration":0.25,"angle2":0,"time":317.125,"speedMult":1.5,"angle":0},{"type":"mineHold","duration":0.25,"angle2":-90,"time":317.125,"speedMult":1.5,"angle":-90},{"type":"mineHold","duration":0.25,"angle2":180,"time":317,"speedMult":1.5,"angle":180},{"type":"block","speedMult":1.5,"time":318,"angle":180},{"type":"mineHold","duration":0.25,"angle2":90,"time":318,"speedMult":1.5,"angle":90},{"type":"mineHold","duration":0.25,"angle2":0,"time":318,"speedMult":1.5,"angle":0},{"type":"mineHold","duration":0.25,"angle2":270,"time":318,"speedMult":1.5,"angle":270},{"type":"block","speedMult":1.5,"time":319,"angle":270},{"type":"mineHold","duration":0.25,"angle2":180,"time":319,"speedMult":1.5,"angle":180},{"type":"mineHold","duration":0.25,"angle2":90,"time":319,"speedMult":1.5,"angle":90},{"type":"mineHold","duration":0.25,"angle2":360,"time":319,"speedMult":1.5,"angle":360},{"type":"block","speedMult":1.5,"time":320,"angle":-360},{"type":"mineHold","duration":0.25,"angle2":-270,"time":320,"speedMult":1.5,"angle":-270},{"type":"mineHold","duration":0.25,"angle2":-180,"time":320,"speedMult":1.5,"angle":-180},{"type":"mineHold","duration":0.25,"angle2":270,"time":320,"speedMult":1.5,"angle":270},{"type":"mineHold","duration":0.25,"angle2":0,"time":321,"speedMult":1.5,"angle":0},{"type":"mineHold","duration":0.25,"angle2":270,"time":321,"speedMult":1.5,"angle":270},{"type":"block","speedMult":1.5,"time":322,"angle":180},{"type":"mineHold","duration":0.25,"angle2":90,"time":322,"speedMult":1.5,"angle":90},{"type":"mineHold","duration":0.25,"angle2":0,"time":322,"speedMult":1.5,"angle":0},{"type":"mineHold","duration":0.25,"angle2":270,"time":322,"speedMult":1.5,"angle":270},{"type":"block","speedMult":1.5,"time":323,"angle":-450},{"type":"mineHold","duration":0.25,"angle2":-360,"time":323,"speedMult":1.5,"angle":-360},{"type":"mineHold","duration":0.25,"angle2":-270,"time":323,"speedMult":1.5,"angle":-270},{"type":"mineHold","duration":0.25,"angle2":180,"time":323,"speedMult":1.5,"angle":180},{"type":"mineHold","duration":0.25,"angle2":180,"time":324,"speedMult":1.5,"angle":180},{"type":"mineHold","duration":0.25,"angle2":90,"time":324,"speedMult":1.5,"angle":90},{"type":"mineHold","duration":0.25,"angle2":0,"time":325,"speedMult":1.5,"angle":0},{"type":"mineHold","duration":0.25,"angle2":270,"time":324,"speedMult":1.5,"angle":270},{"type":"mineHold","duration":0.25,"angle2":180,"time":325,"speedMult":1.5,"angle":180},{"type":"mineHold","duration":0.25,"angle2":270,"time":325,"speedMult":1.5,"angle":270},{"type":"block","speedMult":1.5,"time":321,"angle":90},{"type":"mineHold","duration":0.25,"angle2":180,"time":321,"angle":180},{"type":"block","speedMult":1.5,"time":324,"angle":0},{"type":"block","speedMult":1.5,"time":325,"angle":90},{"type":"mineHold","duration":0.25,"angle2":90,"time":326.125,"speedMult":1.5,"angle":90},{"type":"mineHold","duration":0.25,"angle2":270,"time":326.125,"speedMult":1.5,"angle":270},{"type":"mineHold","duration":0.25,"angle2":360,"time":326.125,"speedMult":1.5,"angle":360},{"type":"block","speedMult":1.5,"time":326,"angle":180},{"type":"mineHold","duration":0.25,"angle2":180,"time":327,"speedMult":1.5,"angle":180},{"type":"mineHold","duration":0.25,"angle2":360,"time":327,"speedMult":1.5,"angle":360},{"type":"mineHold","duration":0.25,"angle2":450,"time":327,"speedMult":1.5,"angle":450},{"type":"block","speedMult":1.5,"time":327,"angle":270},{"type":"mineHold","duration":0.25,"angle2":-270,"time":333,"speedMult":1.5,"angle":-270},{"type":"mineHold","duration":0.25,"angle2":-450,"time":333,"speedMult":1.5,"angle":-450},{"type":"mineHold","duration":0.25,"angle2":-540,"time":333,"speedMult":1.5,"angle":-540},{"type":"block","speedMult":1.5,"time":333,"angle":-360},{"type":"mineHold","duration":0.25,"angle2":0,"time":334,"speedMult":1.5,"angle":0},{"type":"mineHold","duration":0.25,"angle2":-180,"time":334,"speedMult":1.5,"angle":-180},{"type":"mineHold","duration":0.25,"angle2":-270,"time":334,"speedMult":1.5,"angle":-270},{"type":"block","speedMult":1.5,"time":334,"angle":-90},{"type":"mineHold","duration":0.25,"angle2":-90,"time":335,"speedMult":1.5,"angle":-90},{"type":"mineHold","duration":0.25,"angle2":-270,"time":335,"speedMult":1.5,"angle":-270},{"type":"mineHold","duration":0.25,"angle2":-360,"time":335,"speedMult":1.5,"angle":-360},{"type":"block","speedMult":1.5,"time":335,"angle":-180},{"type":"mineHold","duration":0.25,"angle2":0,"time":336,"speedMult":1.5,"angle":0},{"type":"mineHold","duration":0.25,"angle2":180,"time":336,"speedMult":1.5,"angle":180},{"type":"mineHold","duration":0.25,"angle2":270,"time":336,"speedMult":1.5,"angle":270},{"type":"block","speedMult":1.5,"time":336,"angle":90},{"type":"mineHold","duration":0.25,"angle2":-270,"time":337,"speedMult":1.5,"angle":-270},{"type":"mineHold","duration":0.25,"angle2":-450,"time":337,"speedMult":1.5,"angle":-450},{"type":"mineHold","duration":0.25,"angle2":-540,"time":337,"speedMult":1.5,"angle":-540},{"type":"block","speedMult":1.5,"time":337,"angle":-360},{"type":"mineHold","duration":0.25,"angle2":-360,"time":338,"speedMult":1.5,"angle":-360},{"type":"mineHold","duration":0.25,"angle2":-540,"time":338,"speedMult":1.5,"angle":-540},{"type":"mineHold","duration":0.25,"angle2":-630,"time":338,"speedMult":1.5,"angle":-630},{"type":"block","speedMult":1.5,"time":338,"angle":-450},{"type":"mineHold","duration":0.25,"angle2":90,"time":339,"speedMult":1.5,"angle":90},{"type":"mineHold","duration":0.25,"angle2":270,"time":339,"speedMult":1.5,"angle":270},{"type":"mineHold","duration":0.25,"angle2":360,"time":339,"speedMult":1.5,"angle":360},{"type":"block","speedMult":1.5,"time":339,"angle":180},{"type":"mineHold","duration":0.25,"angle2":-180,"time":340,"speedMult":1.5,"angle":-180},{"type":"mineHold","duration":0.25,"angle2":-360,"time":340,"speedMult":1.5,"angle":-360},{"type":"mineHold","duration":0.25,"angle2":-450,"time":340,"speedMult":1.5,"angle":-450},{"type":"block","speedMult":1.5,"time":340,"angle":-270},{"type":"mineHold","duration":0.25,"angle2":-270,"time":341,"speedMult":1.5,"angle":-270},{"type":"mineHold","duration":0.25,"angle2":-450,"time":341,"speedMult":1.5,"angle":-450},{"type":"mineHold","duration":0.25,"angle2":-540,"time":341,"speedMult":1.5,"angle":-540},{"type":"block","speedMult":1.5,"time":341,"angle":-360},{"type":"mineHold","duration":0.25,"angle2":-360,"time":342,"speedMult":1.5,"angle":-360},{"type":"mineHold","duration":0.25,"angle2":-540,"time":342,"speedMult":1.5,"angle":-540},{"type":"mineHold","duration":0.25,"angle2":-630,"time":342,"speedMult":1.5,"angle":-630},{"type":"block","speedMult":1.5,"time":342,"angle":-450},{"type":"block","time":313,"angle":135},{"type":"block","time":376.625,"angle":0},{"type":"block","time":377.125,"angle":30},{"type":"block","time":377.625,"angle":60},{"type":"hold","endTap":true,"duration":0.5,"angle2":71.25,"time":378,"angle":75},{"startTap":true,"endTap":true,"duration":0.5,"angle2":78.75,"time":378,"type":"hold","angle":75},{"type":"hold","duration":0.5,"angle2":-251.25,"time":379,"angle":-247.5},{"type":"hold","duration":0.5,"angle2":-243.75,"time":379,"angle":-247.5},{"type":"hold","duration":0.5,"angle2":-198.75,"time":380,"angle":-210},{"type":"hold","duration":0.5,"angle2":-213.75,"time":380,"angle":-210},{"type":"hold","duration":0.5,"angle2":206.25,"time":381,"angle":210},{"type":"hold","duration":0.5,"angle2":213.75,"time":381,"angle":210},{"type":"hold","duration":0.5,"angle2":240,"time":382,"angle":243.75},{"type":"hold","duration":0.5,"angle2":247.5,"time":382,"angle":243.75},{"type":"hold","duration":0.5,"angle2":-75,"time":383,"angle":-71.25},{"type":"hold","duration":0.5,"angle2":-67.5,"time":383,"angle":-71.25},{"startTap":true,"endTap":true,"duration":0.5,"angle2":-22.5,"time":386,"type":"hold","angle":-18.75},{"type":"hold","endTap":true,"duration":0.5,"angle2":-15,"time":386,"angle":-18.75},{"type":"hold","duration":0.5,"angle2":-82.5,"time":387,"angle":-78.75},{"type":"hold","duration":0.5,"angle2":-75,"time":387,"angle":-78.75},{"type":"hold","duration":0.5,"angle2":-127.5,"time":388,"angle":-123.75},{"type":"hold","duration":0.5,"angle2":-120,"time":388,"angle":-123.75},{"type":"hold","duration":0.5,"angle2":-198.75,"time":389,"angle":-195},{"type":"hold","duration":0.5,"angle2":-191.25,"time":389,"angle":-195},{"type":"hold","duration":0.5,"angle2":-240,"time":390,"angle":-236.25},{"type":"hold","duration":0.5,"angle2":-232.5,"time":390,"angle":-236.25},{"type":"hold","duration":0.5,"angle2":-277.5,"time":391,"angle":-273.75},{"type":"hold","duration":0.5,"angle2":-270,"time":391,"angle":-273.75},{"type":"hold","duration":0.5,"angle2":-300,"time":392,"angle":-296.25},{"type":"hold","duration":0.5,"angle2":-292.5,"time":392,"angle":-296.25},{"type":"block","time":384.375,"angle":315},{"type":"block","time":384.875,"angle":330},{"type":"block","time":385.25,"angle":345},{"type":"extraTap","time":402,"angle":90},{"type":"block","tap":true,"time":402,"angle":270},{"type":"extraTap","time":404,"angle":270},{"type":"block","tap":true,"time":404,"angle":90},{"type":"side","time":406,"angle":360},{"type":"side","time":406.5,"angle":360},{"type":"side","time":407,"angle":360},{"type":"side","time":407.5,"angle":360},{"type":"side","time":408,"angle":360},{"type":"side","time":408.5,"angle":360},{"type":"side","time":409,"angle":360},{"type":"hold","duration":0.5,"angle2":-153.75,"time":393,"angle":-150},{"type":"hold","duration":0.5,"angle2":-146.25,"time":393,"angle":-150},{"type":"hold","duration":0.5,"angle2":-333.75,"time":394,"angle":-330},{"type":"hold","duration":0.5,"angle2":-326.25,"time":394,"angle":-330},{"type":"hold","duration":0.5,"angle2":-187.5,"time":395,"angle":-183.75},{"type":"hold","duration":0.5,"angle2":-180,"time":395,"angle":-183.75},{"type":"hold","duration":0.5,"angle2":-367.5,"time":396,"angle":-363.75},{"type":"hold","duration":0.5,"angle2":-360,"time":396,"angle":-363.75},{"type":"hold","duration":0.5,"angle2":-243.75,"time":397,"angle":-240},{"type":"hold","duration":0.5,"angle2":-236.25,"time":397,"angle":-240},{"type":"hold","duration":0.5,"angle2":-412.5,"time":398,"angle":-408.75},{"type":"hold","duration":0.5,"angle2":-405,"time":398,"angle":-408.75},{"type":"block","time":399,"angle":360},{"type":"block","time":400,"angle":292.5},{"type":"block","time":401,"angle":270},{"type":"hold","angle2":0,"duration":1,"speedMult":2,"time":410,"startTap":true,"angle":0},{"type":"hold","angle2":45,"duration":1,"speedMult":2,"time":411,"startTap":true,"angle":0},{"type":"hold","angle2":45,"duration":1,"speedMult":2,"time":412,"startTap":true,"angle":45},{"type":"hold","angle2":0,"duration":1,"speedMult":2,"time":413,"startTap":true,"angle":45},{"type":"hold","angle2":0,"duration":1,"speedMult":2,"time":414,"startTap":true,"angle":0},{"type":"hold","angle2":303.75,"duration":1,"speedMult":2,"time":415,"startTap":true,"angle":360},{"type":"hold","angle2":303.75,"duration":1,"speedMult":2,"time":416,"startTap":true,"angle":303.75},{"type":"hold","angle2":393.75,"duration":1,"speedMult":2,"time":417,"startTap":true,"angle":303.75},{"type":"block","time":442,"angle":0},{"type":"hold","duration":0.125,"angle2":371.25,"time":441,"angle":360},{"type":"hold","duration":0.125,"angle2":-11.25,"time":441.125,"angle":11.25},{"type":"hold","duration":0.125,"angle2":371.25,"time":441.25,"angle":348.75},{"type":"hold","duration":0.125,"angle2":-11.25,"time":441.375,"angle":11.25},{"type":"hold","duration":0.125,"angle2":371.25,"time":441.5,"angle":348.75},{"type":"hold","duration":0.125,"angle2":-11.25,"time":441.625,"angle":11.25},{"type":"hold","duration":0.125,"angle2":371.25,"time":441.75,"angle":348.75},{"type":"hold","duration":0,"angle2":236.25,"time":454,"angle":258.75},{"type":"block","order":0,"tap":true,"time":454,"angle":247.5},{"type":"hold","angle2":393.75,"duration":1,"speedMult":2,"time":418,"startTap":true,"angle":393.75},{"type":"hold","angle2":270,"duration":1,"speedMult":2,"time":419,"startTap":true,"angle":393.75},{"type":"hold","angle2":270,"duration":1,"speedMult":2,"time":420,"startTap":true,"angle":270},{"type":"hold","angle2":123.75,"duration":1,"speedMult":2,"time":425,"startTap":true,"angle":225},{"type":"block","speedMult":2,"time":425.125,"angle":213.75},{"type":"block","speedMult":2,"time":425.25,"angle":202.5},{"type":"block","speedMult":2,"time":425.375,"angle":191.25},{"type":"block","speedMult":2,"time":425.5,"angle":180},{"type":"block","speedMult":2,"time":425.625,"angle":168.75},{"type":"block","speedMult":2,"time":425.75,"angle":157.5},{"type":"block","speedMult":2,"time":425.875,"angle":146.25},{"type":"hold","angle2":123.75,"duration":1,"speedMult":2,"time":426,"startTap":true,"angle":123.75},{"type":"hold","angle2":33.75,"duration":1,"speedMult":2,"time":427,"startTap":true,"angle":123.75},{"type":"hold","angle2":33.75,"duration":1,"speedMult":2,"time":428,"startTap":true,"angle":33.75},{"type":"hold","angle2":90,"duration":1,"speedMult":2,"time":429,"startTap":true,"angle":33.75},{"type":"hold","angle2":90,"duration":1,"speedMult":2,"time":430,"startTap":true,"angle":90},{"type":"hold","angle2":135,"duration":1,"speedMult":2,"time":431,"startTap":true,"angle":90},{"type":"hold","angle2":135,"duration":1,"speedMult":2,"time":432,"startTap":true,"angle":135},{"type":"hold","angle2":67.5,"duration":1,"speedMult":2,"time":433,"startTap":true,"angle":135},{"type":"hold","angle2":67.5,"duration":1,"speedMult":2,"time":434,"startTap":true,"angle":67.5},{"type":"hold","angle2":360,"duration":1,"speedMult":2,"time":440,"startTap":true,"angle":360},{"type":"hold","angle2":0,"duration":1,"speedMult":2,"time":439,"startTap":true,"angle":67.5},{"type":"hold","angle2":67.5,"duration":1,"speedMult":2,"time":438,"startTap":true,"angle":67.5},{"type":"hold","angle2":135,"duration":1,"speedMult":2,"time":436,"startTap":true,"angle":135},{"type":"hold","angle2":67.5,"duration":1,"speedMult":2,"time":437,"startTap":true,"angle":135},{"type":"hold","angle2":135,"duration":1,"speedMult":2,"time":435,"startTap":true,"angle":67.5},{"type":"block","time":442.5,"angle":33.75},{"type":"block","time":443,"angle":348.75},{"type":"block","time":443.5,"angle":15},{"type":"block","time":444.125,"angle":337.5},{"type":"block","time":444.5,"angle":348.75},{"type":"block","time":445,"angle":348.75},{"type":"block","time":444.75,"angle":360},{"type":"block","time":445.5,"angle":330},{"type":"block","time":446,"angle":348.75},{"type":"block","time":446.5,"angle":0},{"type":"block","time":447,"angle":22.5},{"type":"block","time":447.5,"angle":33.75},{"type":"block","time":448,"angle":30},{"type":"block","time":448.5,"angle":11.25},{"type":"block","time":449,"angle":348.75},{"type":"block","time":449.625,"angle":326.25},{"type":"block","time":450,"angle":337.5},{"type":"block","time":450.5,"angle":15},{"type":"block","time":451,"angle":360},{"type":"block","time":451.5,"angle":303.75},{"type":"block","time":452,"angle":281.25},{"type":"block","time":452.5,"angle":225},{"type":"block","time":452.75,"angle":247.5},{"type":"block","time":453,"angle":225},{"type":"block","time":453.5,"angle":236.25},{"type":"hold","duration":0,"angle2":315,"time":455,"angle":337.5},{"type":"block","order":0,"tap":true,"time":455,"angle":326.25},{"type":"hold","duration":0,"angle2":382.5,"time":456,"angle":405},{"type":"block","order":0,"tap":true,"time":456,"angle":393.75},{"type":"hold","duration":0,"angle2":90,"time":457,"angle":112.5},{"type":"block","order":0,"tap":true,"time":457,"angle":101.25},{"type":"extraTap","time":486,"angle":540},{"type":"extraTap","time":494,"angle":180},{"type":"block","time":494,"angle":270},{"type":"extraTap","time":510,"angle":180},{"type":"block","time":510,"angle":360},{"type":"block","time":514,"angle":540},{"type":"extraTap","time":514,"angle":360},{"type":"block","time":515.75,"angle":540},{"type":"block","time":517,"angle":525},{"type":"block","time":517.5,"angle":195},{"type":"block","time":516.5,"angle":540},{"type":"block","time":502,"angle":450},{"type":"extraTap","time":502,"angle":360},{"type":"hold","angle2":135,"duration":1,"speedMult":2,"time":422,"startTap":true,"angle":135},{"type":"hold","angle2":135,"duration":1,"speedMult":2,"time":421,"startTap":true,"angle":270},{"type":"mineHold","duration":16,"angle2":90,"time":410,"speedMult":2,"angle":90},{"type":"mineHold","duration":9,"angle2":270,"time":410,"speedMult":2,"angle":270},{"type":"mineHold","duration":19,"angle2":270,"time":422,"speedMult":2,"angle":270},{"type":"mineHold","duration":15,"angle2":180,"time":426,"speedMult":2,"angle":180},{"type":"mineHold","duration":2,"angle2":90,"time":439,"speedMult":2,"angle":90},{"type":"mineHold","duration":11,"angle2":105,"time":410,"speedMult":2,"angle":105},{"type":"mineHold","duration":11,"angle2":120,"time":410,"speedMult":2,"angle":120},{"type":"mineHold","duration":11,"angle2":135,"time":410,"speedMult":2,"angle":135},{"type":"mineHold","duration":11,"angle2":150,"time":410,"speedMult":2,"angle":150},{"type":"mineHold","duration":11,"angle2":165,"time":410,"speedMult":2,"angle":165},{"type":"mineHold","duration":11,"angle2":180,"time":410,"speedMult":2,"angle":180},{"type":"mineHold","duration":10,"angle2":195,"time":410,"speedMult":2,"angle":195},{"type":"mineHold","duration":10,"angle2":210,"time":410,"speedMult":2,"angle":210},{"type":"mineHold","duration":10,"angle2":225,"time":410,"speedMult":2,"angle":225},{"type":"mineHold","duration":10,"angle2":240,"time":410,"speedMult":2,"angle":240},{"type":"mineHold","duration":10,"angle2":255,"time":410,"speedMult":2,"angle":255},{"type":"mineHold","duration":18,"angle2":360,"time":420,"speedMult":2,"angle":360},{"type":"mineHold","duration":7,"angle2":15,"time":420,"speedMult":2,"angle":15},{"type":"mineHold","duration":7,"angle2":30,"time":420,"speedMult":2,"angle":30},{"type":"mineHold","duration":7,"angle2":45,"time":420,"speedMult":2,"angle":45},{"type":"mineHold","duration":6,"angle2":60,"time":420,"speedMult":2,"angle":60},{"type":"mineHold","duration":6,"angle2":75,"time":420,"speedMult":2,"angle":75},{"type":"mineHold","duration":16,"angle2":345,"time":422,"speedMult":2,"angle":345},{"type":"mineHold","duration":16,"angle2":330,"time":422,"speedMult":2,"angle":330},{"type":"mineHold","duration":16,"angle2":315,"time":422,"speedMult":2,"angle":315},{"type":"mineHold","duration":16,"angle2":300,"time":422,"speedMult":2,"angle":300},{"type":"mineHold","duration":16,"angle2":285,"time":422,"speedMult":2,"angle":285},{"type":"mineHold","duration":15,"angle2":195,"time":426,"speedMult":2,"angle":195},{"type":"mineHold","duration":15,"angle2":210,"time":426,"speedMult":2,"angle":210},{"type":"mineHold","duration":15,"angle2":225,"time":426,"speedMult":2,"angle":225},{"type":"mineHold","duration":15,"angle2":240,"time":426,"speedMult":2,"angle":240},{"type":"mineHold","duration":15,"angle2":255,"time":426,"speedMult":2,"angle":255},{"type":"hold","angle2":225,"duration":1,"speedMult":2,"time":423,"startTap":true,"angle":135},{"type":"hold","angle2":225,"duration":1,"speedMult":2,"time":424,"startTap":true,"angle":225},{"type":"mineHold","duration":3,"angle2":165,"time":438,"speedMult":2,"angle":165},{"type":"mineHold","duration":3,"angle2":150,"time":438,"speedMult":2,"angle":150},{"type":"mineHold","duration":3,"angle2":135,"time":438,"speedMult":2,"angle":135},{"type":"mineHold","duration":3,"angle2":120,"time":438,"speedMult":2,"angle":120},{"type":"mineHold","duration":3,"angle2":105,"time":438,"speedMult":2,"angle":105},{"type":"inverse","time":181.375,"angle":315},{"type":"block","tap":true,"time":678,"angle":90},{"type":"block","speedMult":1.1000000238419,"time":679,"tap":true,"angle":270},{"type":"block","speedMult":1.2000000476837,"time":680,"tap":true,"angle":75},{"type":"block","speedMult":1.2999999523163,"time":681,"tap":true,"angle":285},{"type":"block","speedMult":1.3999999761581,"time":682,"tap":true,"angle":60},{"type":"block","speedMult":1.5,"time":683,"tap":true,"angle":300},{"type":"block","speedMult":1.6000000238419,"time":684,"tap":true,"angle":45},{"type":"block","order":0,"speedMult":2.5999999046326,"time":694,"tap":true,"angle":360},{"type":"block","speedMult":1.7000000476837,"time":685,"tap":true,"angle":315},{"type":"block","speedMult":1.7999999523163,"time":686,"tap":true,"angle":30},{"type":"block","speedMult":1.8999999761581,"time":687,"tap":true,"angle":330},{"type":"block","speedMult":2,"time":688,"tap":true,"angle":15},{"type":"block","speedMult":2.0999999046326,"time":689,"tap":true,"angle":345},{"type":"block","speedMult":2.2000000476837,"time":690,"tap":true,"angle":0},{"type":"block","speedMult":2.2999999523163,"time":691,"tap":true,"angle":360},{"type":"block","speedMult":2.4000000953674,"time":692,"tap":true,"angle":0},{"type":"block","speedMult":2.5,"time":693,"tap":true,"angle":0},{"type":"mine","time":690,"angle":90},{"type":"mine","time":691,"angle":90},{"type":"mine","time":691,"angle":270},{"type":"mine","time":692,"angle":90},{"type":"mine","time":692,"angle":270},{"type":"mine","time":693,"angle":90},{"type":"mine","time":694,"angle":270},{"type":"mine","time":693,"angle":270},{"type":"mine","time":694,"angle":90},{"type":"mineHold","duration":0.5,"angle2":210,"time":678,"speedMult":3,"angle":210},{"type":"mineHold","duration":0.5,"angle2":195,"time":679,"speedMult":3,"angle":195},{"type":"mineHold","duration":0.5,"angle2":165,"time":680,"speedMult":3,"angle":165},{"type":"mineHold","duration":0.5,"angle2":150,"time":682,"speedMult":3,"angle":150},{"type":"mineHold","duration":0.5,"angle2":165,"time":683,"speedMult":3,"angle":165},{"type":"mineHold","duration":0.5,"angle2":195,"time":684,"speedMult":3,"angle":195},{"type":"mineHold","duration":0.5,"angle2":210,"time":685,"speedMult":3,"angle":210},{"type":"mineHold","duration":0.5,"angle2":195,"time":686,"speedMult":3,"angle":195},{"type":"mineHold","duration":0.5,"angle2":165,"time":686.875,"speedMult":3,"angle":165},{"type":"mineHold","duration":0.5,"angle2":150,"time":688,"speedMult":3,"angle":150},{"type":"mineHold","duration":0.5,"angle2":165,"time":689,"speedMult":3,"angle":165},{"type":"mineHold","duration":0.625,"angle2":60,"time":694.375,"angle":60},{"type":"mineHold","duration":0.25,"angle2":60,"time":703.75,"angle":60},{"type":"mineHold","duration":8.375,"angle2":60,"time":706,"angle":60},{"type":"mineHold","duration":0.5,"angle2":60,"time":695.5,"angle":60},{"type":"mineHold","duration":0.5,"angle2":60,"time":696.5,"angle":60},{"type":"mineHold","duration":0.5,"angle2":60,"time":697.5,"angle":60},{"type":"mineHold","duration":0.5,"angle2":60,"time":698.5,"angle":60},{"type":"mineHold","duration":0.5,"angle2":60,"time":699.5,"angle":60},{"type":"mineHold","duration":0.5,"angle2":60,"time":700.5,"angle":60},{"type":"mineHold","duration":0.5,"angle2":60,"time":701.5,"angle":60},{"type":"mineHold","duration":0.25,"angle2":60,"time":702.25,"angle":60},{"type":"mineHold","duration":0.25,"angle2":60,"time":702.75,"angle":60},{"type":"mineHold","duration":0.25,"angle2":60,"time":703.25,"angle":60},{"type":"mineHold","duration":0.25,"angle2":60,"time":704.25,"angle":60},{"type":"mineHold","duration":0.25,"angle2":60,"time":704.75,"angle":60},{"type":"mineHold","duration":0.25,"angle2":60,"time":705.25,"angle":60},{"type":"mineHold","duration":0.5,"angle2":75,"time":695,"angle":75},{"type":"mineHold","duration":0.5,"angle2":75,"time":696,"angle":75},{"type":"mineHold","duration":0.5,"angle2":75,"time":697,"angle":75},{"type":"mineHold","duration":0.5,"angle2":75,"time":698,"angle":75},{"type":"mineHold","duration":0.5,"angle2":75,"time":699,"angle":75},{"type":"mineHold","duration":0.5,"angle2":75,"time":700,"angle":75},{"type":"mineHold","duration":0.5,"angle2":75,"time":701,"angle":75},{"type":"mineHold","duration":0.25,"angle2":75,"time":702,"angle":75},{"type":"mineHold","duration":0.25,"angle2":75,"time":702.5,"angle":75},{"type":"mineHold","duration":0.25,"angle2":75,"time":703,"angle":75},{"type":"mineHold","duration":0.25,"angle2":75,"time":703.5,"angle":75},{"type":"mineHold","duration":0.25,"angle2":75,"time":704,"angle":75},{"type":"mineHold","duration":0.25,"angle2":75,"time":704.5,"angle":75},{"type":"mineHold","duration":0.25,"angle2":75,"time":705,"angle":75},{"type":"mineHold","duration":0.25,"angle2":75,"time":705.5,"angle":75},{"type":"mineHold","duration":8.375,"angle2":75,"time":706,"angle":75},{"type":"mineHold","duration":0.625,"angle2":90,"time":694.375,"angle":90},{"type":"mineHold","duration":0.5,"angle2":90,"time":695.5,"angle":90},{"type":"mineHold","duration":0.5,"angle2":90,"time":696.5,"angle":90},{"type":"mineHold","duration":0.5,"angle2":90,"time":697.5,"angle":90},{"type":"mineHold","duration":0.5,"angle2":90,"time":698.5,"angle":90},{"type":"mineHold","duration":0.5,"angle2":90,"time":699.5,"angle":90},{"type":"mineHold","duration":0.5,"angle2":90,"time":700.5,"angle":90},{"type":"mineHold","duration":0.5,"angle2":90,"time":701.5,"angle":90},{"type":"mineHold","duration":0.25,"angle2":90,"time":702.25,"angle":90},{"type":"mineHold","duration":0.25,"angle2":90,"time":702.75,"angle":90},{"type":"mineHold","duration":0.25,"angle2":90,"time":703.25,"angle":90},{"type":"mineHold","duration":0.25,"angle2":90,"time":703.75,"angle":90},{"type":"mineHold","duration":0.25,"angle2":90,"time":704.25,"angle":90},{"type":"mineHold","duration":0.25,"angle2":90,"time":704.75,"angle":90},{"type":"mineHold","duration":0.25,"angle2":90,"time":705.25,"angle":90},{"type":"mineHold","duration":0.25,"angle2":90,"time":705.75,"angle":90},{"type":"mineHold","duration":8.375,"angle2":90,"time":706,"angle":90},{"type":"mineHold","duration":0.5,"angle2":15,"time":701,"angle":15},{"type":"mineHold","duration":0.25,"angle2":15,"time":704,"angle":15},{"type":"mineHold","duration":0.25,"angle2":15,"time":704.5,"angle":15},{"type":"mineHold","duration":0.5,"angle2":15,"time":695,"angle":15},{"type":"mineHold","duration":0.5,"angle2":15,"time":696,"angle":15},{"type":"mineHold","duration":0.5,"angle2":15,"time":697,"angle":15},{"type":"mineHold","duration":0.5,"angle2":15,"time":698,"angle":15},{"type":"mineHold","duration":0.5,"angle2":15,"time":700,"angle":15},{"type":"mineHold","duration":0.25,"angle2":15,"time":702.5,"angle":15},{"type":"mineHold","duration":0.25,"angle2":15,"time":703,"angle":15},{"type":"mineHold","duration":0.25,"angle2":15,"time":703.5,"angle":15},{"type":"mineHold","duration":0.25,"angle2":15,"time":705,"angle":15},{"type":"mineHold","duration":0.25,"angle2":15,"time":705.5,"angle":15},{"type":"mineHold","duration":0.625,"angle2":30,"time":694.375,"angle":30},{"type":"mineHold","duration":0.5,"angle2":30,"time":695.5,"angle":30},{"type":"mineHold","duration":0.5,"angle2":30,"time":696.5,"angle":30},{"type":"mineHold","duration":0.5,"angle2":30,"time":697.5,"angle":30},{"type":"mineHold","duration":0.5,"angle2":30,"time":698.5,"angle":30},{"type":"mineHold","duration":0.5,"angle2":30,"time":699.5,"angle":30},{"type":"mineHold","duration":0.5,"angle2":30,"time":700.5,"angle":30},{"type":"mineHold","duration":0.5,"angle2":30,"time":701.5,"angle":30},{"type":"mineHold","duration":0.25,"angle2":30,"time":702.25,"angle":30},{"type":"mineHold","duration":0.25,"angle2":30,"time":702.75,"angle":30},{"type":"mineHold","duration":0.25,"angle2":30,"time":703.25,"angle":30},{"type":"mineHold","duration":0.25,"angle2":30,"time":703.75,"angle":30},{"type":"mineHold","duration":0.25,"angle2":30,"time":704.25,"angle":30},{"type":"mineHold","duration":0.25,"angle2":30,"time":704.75,"angle":30},{"type":"mineHold","duration":0.25,"angle2":30,"time":705.25,"angle":30},{"type":"mineHold","duration":0.25,"angle2":30,"time":705.75,"angle":30},{"type":"mineHold","duration":8.375,"angle2":30,"time":706,"angle":30},{"type":"mineHold","duration":0.5,"angle2":45,"time":695,"angle":45},{"type":"mineHold","duration":0.5,"angle2":45,"time":696,"angle":45},{"type":"mineHold","duration":0.5,"angle2":45,"time":697,"angle":45},{"type":"mineHold","duration":0.5,"angle2":45,"time":698,"angle":45},{"type":"mineHold","duration":0.5,"angle2":45,"time":699,"angle":45},{"type":"mineHold","duration":0.5,"angle2":45,"time":700,"angle":45},{"type":"mineHold","duration":0.5,"angle2":45,"time":701,"angle":45},{"type":"mineHold","duration":0.25,"angle2":45,"time":702,"angle":45},{"type":"mineHold","duration":0.25,"angle2":45,"time":702.5,"angle":45},{"type":"mineHold","duration":0.25,"angle2":45,"time":703,"angle":45},{"type":"mineHold","duration":0.25,"angle2":45,"time":703.5,"angle":45},{"type":"mineHold","duration":0.25,"angle2":45,"time":704,"angle":45},{"type":"mineHold","duration":0.25,"angle2":45,"time":704.5,"angle":45},{"type":"mineHold","duration":0.25,"angle2":45,"time":705,"angle":45},{"type":"mineHold","duration":0.25,"angle2":45,"time":705.5,"angle":45},{"type":"mineHold","duration":8.375,"angle2":45,"time":706,"angle":45},{"type":"mineHold","duration":0.5,"angle2":-30,"time":695.5,"angle":-30},{"type":"mineHold","duration":0.25,"angle2":-30,"time":703.25,"angle":-30},{"type":"mineHold","duration":8.375,"angle2":-30,"time":706,"angle":-30},{"type":"mineHold","duration":0.625,"angle2":-30,"time":694.375,"angle":-30},{"type":"mineHold","duration":0.5,"angle2":-30,"time":696.5,"angle":-30},{"type":"mineHold","duration":0.5,"angle2":-30,"time":697.5,"angle":-30},{"type":"mineHold","duration":0.5,"angle2":-30,"time":698.5,"angle":-30},{"type":"mineHold","duration":0.5,"angle2":-30,"time":700.5,"angle":-30},{"type":"mineHold","duration":0.5,"angle2":-30,"time":701.5,"angle":-30},{"type":"mineHold","duration":0.25,"angle2":-30,"time":702.25,"angle":-30},{"type":"mineHold","duration":0.25,"angle2":-30,"time":702.75,"angle":-30},{"type":"mineHold","duration":0.25,"angle2":-30,"time":703.75,"angle":-30},{"type":"mineHold","duration":0.25,"angle2":-30,"time":704.25,"angle":-30},{"type":"mineHold","duration":0.25,"angle2":-30,"time":704.75,"angle":-30},{"type":"mineHold","duration":0.25,"angle2":-30,"time":705.25,"angle":-30},{"type":"mineHold","duration":0.25,"angle2":-30,"time":705.75,"angle":-30},{"type":"mineHold","duration":0.5,"angle2":-15,"time":695,"angle":-15},{"type":"mineHold","duration":0.5,"angle2":-15,"time":696,"angle":-15},{"type":"mineHold","duration":0.5,"angle2":-15,"time":697,"angle":-15},{"type":"mineHold","duration":0.5,"angle2":-15,"time":698,"angle":-15},{"type":"mineHold","duration":0.5,"angle2":-15,"time":699,"angle":-15},{"type":"mineHold","duration":0.5,"angle2":-15,"time":700,"angle":-15},{"type":"mineHold","duration":0.5,"angle2":-15,"time":701,"angle":-15},{"type":"mineHold","duration":0.25,"angle2":-15,"time":702,"angle":-15},{"type":"mineHold","duration":0.25,"angle2":-15,"time":702.5,"angle":-15},{"type":"mineHold","duration":0.25,"angle2":-15,"time":703,"angle":-15},{"type":"mineHold","duration":0.25,"angle2":-15,"time":703.5,"angle":-15},{"type":"mineHold","duration":0.25,"angle2":-15,"time":704,"angle":-15},{"type":"mineHold","duration":0.25,"angle2":-15,"time":704.5,"angle":-15},{"type":"mineHold","duration":0.25,"angle2":-15,"time":705,"angle":-15},{"type":"mineHold","duration":0.25,"angle2":-15,"time":705.5,"angle":-15},{"type":"mineHold","duration":0.625,"angle2":0,"time":694.375,"angle":0},{"type":"mineHold","duration":0.5,"angle2":0,"time":695.5,"angle":0},{"type":"mineHold","duration":0.5,"angle2":0,"time":696.5,"angle":0},{"type":"mineHold","duration":0.5,"angle2":0,"time":697.5,"angle":0},{"type":"mineHold","duration":0.5,"angle2":0,"time":698.5,"angle":0},{"type":"mineHold","duration":0.5,"angle2":0,"time":699.5,"angle":0},{"type":"mineHold","duration":0.5,"angle2":0,"time":700.5,"angle":0},{"type":"mineHold","duration":0.5,"angle2":0,"time":701.5,"angle":0},{"type":"mineHold","duration":0.25,"angle2":0,"time":702.25,"angle":0},{"type":"mineHold","duration":0.25,"angle2":0,"time":702.75,"angle":0},{"type":"mineHold","duration":0.25,"angle2":0,"time":703.25,"angle":0},{"type":"mineHold","duration":0.25,"angle2":0,"time":703.75,"angle":0},{"type":"mineHold","duration":0.25,"angle2":0,"time":704.25,"angle":0},{"type":"mineHold","duration":0.25,"angle2":0,"time":704.75,"angle":0},{"type":"mineHold","duration":0.25,"angle2":0,"time":705.25,"angle":0},{"type":"mineHold","duration":0.25,"angle2":0,"time":705.75,"angle":0},{"type":"mineHold","duration":0.25,"angle2":-75,"time":705.5,"angle":-75},{"type":"mineHold","duration":8.375,"angle2":-75,"time":706,"angle":-75},{"type":"mineHold","duration":0.5,"angle2":-75,"time":695,"angle":-75},{"type":"mineHold","duration":0.5,"angle2":-75,"time":696,"angle":-75},{"type":"mineHold","duration":0.5,"angle2":-75,"time":697,"angle":-75},{"type":"mineHold","duration":0.5,"angle2":-75,"time":698,"angle":-75},{"type":"mineHold","duration":0.5,"angle2":-75,"time":699,"angle":-75},{"type":"mineHold","duration":0.5,"angle2":-75,"time":700,"angle":-75},{"type":"mineHold","duration":0.5,"angle2":-75,"time":701,"angle":-75},{"type":"mineHold","duration":0.25,"angle2":-75,"time":702,"angle":-75},{"type":"mineHold","duration":0.25,"angle2":-75,"time":702.5,"angle":-75},{"type":"mineHold","duration":0.25,"angle2":-75,"time":703,"angle":-75},{"type":"mineHold","duration":0.25,"angle2":-75,"time":703.5,"angle":-75},{"type":"mineHold","duration":0.25,"angle2":-75,"time":704,"angle":-75},{"type":"mineHold","duration":0.25,"angle2":-75,"time":704.5,"angle":-75},{"type":"mineHold","duration":0.25,"angle2":-75,"time":705,"angle":-75},{"type":"mineHold","duration":0.25,"angle2":-75,"time":705.5,"angle":-75},{"type":"mineHold","duration":0.625,"angle2":-60,"time":694.375,"angle":-60},{"type":"mineHold","duration":0.5,"angle2":-60,"time":695.5,"angle":-60},{"type":"mineHold","duration":0.5,"angle2":-60,"time":696.5,"angle":-60},{"type":"mineHold","duration":0.5,"angle2":-60,"time":697.5,"angle":-60},{"type":"mineHold","duration":0.5,"angle2":-60,"time":698.5,"angle":-60},{"type":"mineHold","duration":0.5,"angle2":-60,"time":700.5,"angle":-60},{"type":"mineHold","duration":0.5,"angle2":-60,"time":701.5,"angle":-60},{"type":"mineHold","duration":0.25,"angle2":-60,"time":702.25,"angle":-60},{"type":"mineHold","duration":0.25,"angle2":-60,"time":702.75,"angle":-60},{"type":"mineHold","duration":0.25,"angle2":-60,"time":703.25,"angle":-60},{"type":"mineHold","duration":0.25,"angle2":-60,"time":703.75,"angle":-60},{"type":"mineHold","duration":0.25,"angle2":-60,"time":704.25,"angle":-60},{"type":"mineHold","duration":0.25,"angle2":-60,"time":704.75,"angle":-60},{"type":"mineHold","duration":0.25,"angle2":-60,"time":705.25,"angle":-60},{"type":"mineHold","duration":0.25,"angle2":-60,"time":705.75,"angle":-60},{"type":"mineHold","duration":8.375,"angle2":-60,"time":706,"angle":-60},{"type":"mineHold","duration":0.5,"angle2":-45,"time":695,"angle":-45},{"type":"mineHold","duration":0.5,"angle2":-45,"time":696,"angle":-45},{"type":"mineHold","duration":0.5,"angle2":-45,"time":697,"angle":-45},{"type":"mineHold","duration":0.5,"angle2":-45,"time":698,"angle":-45},{"type":"mineHold","duration":0.5,"angle2":-45,"time":699,"angle":-45},{"type":"mineHold","duration":0.5,"angle2":-45,"time":700,"angle":-45},{"type":"mineHold","duration":0.5,"angle2":-45,"time":701,"angle":-45},{"type":"mineHold","duration":0.25,"angle2":-45,"time":702,"angle":-45},{"type":"mineHold","duration":0.25,"angle2":-45,"time":702.5,"angle":-45},{"type":"mineHold","duration":0.25,"angle2":-45,"time":703,"angle":-45},{"type":"mineHold","duration":0.25,"angle2":-45,"time":703.5,"angle":-45},{"type":"mineHold","duration":0.25,"angle2":-45,"time":704,"angle":-45},{"type":"mineHold","duration":0.25,"angle2":-45,"time":704.5,"angle":-45},{"type":"mineHold","duration":0.25,"angle2":-45,"time":705,"angle":-45},{"type":"mineHold","duration":0.25,"angle2":-45,"time":705.5,"angle":-45},{"type":"mineHold","duration":8.375,"angle2":-45,"time":706,"angle":-45},{"type":"mineHold","duration":0.5,"angle2":-120,"time":695.5,"angle":-120},{"type":"mineHold","duration":0.5,"angle2":-120,"time":701.5,"angle":-120},{"type":"mineHold","duration":0.25,"angle2":-120,"time":703.25,"angle":-120},{"type":"mineHold","duration":0.25,"angle2":-120,"time":703.75,"angle":-120},{"type":"mineHold","duration":0.25,"angle2":-120,"time":704.25,"angle":-120},{"type":"mineHold","duration":0.25,"angle2":-120,"time":704.75,"angle":-120},{"type":"mineHold","duration":0.25,"angle2":-120,"time":705.25,"angle":-120},{"type":"mineHold","duration":0.25,"angle2":-120,"time":705.75,"angle":-120},{"type":"mineHold","duration":8.375,"angle2":-120,"time":706,"angle":-120},{"type":"mineHold","duration":0.625,"angle2":-120,"time":694.375,"angle":-120},{"type":"mineHold","duration":0.5,"angle2":-120,"time":696.5,"angle":-120},{"type":"mineHold","duration":0.5,"angle2":-120,"time":697.5,"angle":-120},{"type":"mineHold","duration":0.5,"angle2":-120,"time":698.5,"angle":-120},{"type":"mineHold","duration":0.5,"angle2":-120,"time":700.5,"angle":-120},{"type":"mineHold","duration":0.25,"angle2":-120,"time":702.25,"angle":-120},{"type":"mineHold","duration":0.25,"angle2":-120,"time":702.75,"angle":-120},{"type":"mineHold","duration":0.5,"angle2":-105,"time":695,"angle":-105},{"type":"mineHold","duration":0.5,"angle2":-105,"time":696,"angle":-105},{"type":"mineHold","duration":0.5,"angle2":-105,"time":697,"angle":-105},{"type":"mineHold","duration":0.5,"angle2":-105,"time":698,"angle":-105},{"type":"mineHold","duration":0.5,"angle2":-105,"time":699,"angle":-105},{"type":"mineHold","duration":0.5,"angle2":-105,"time":700,"angle":-105},{"type":"mineHold","duration":0.5,"angle2":-105,"time":701,"angle":-105},{"type":"mineHold","duration":0.25,"angle2":-105,"time":702,"angle":-105},{"type":"mineHold","duration":0.25,"angle2":-105,"time":702.5,"angle":-105},{"type":"mineHold","duration":0.25,"angle2":-105,"time":703,"angle":-105},{"type":"mineHold","duration":0.25,"angle2":-105,"time":703.5,"angle":-105},{"type":"mineHold","duration":0.25,"angle2":-105,"time":704,"angle":-105},{"type":"mineHold","duration":0.25,"angle2":-105,"time":704.5,"angle":-105},{"type":"mineHold","duration":0.25,"angle2":-105,"time":705,"angle":-105},{"type":"mineHold","duration":0.25,"angle2":-105,"time":705.5,"angle":-105},{"type":"mineHold","duration":8.375,"angle2":-105,"time":706,"angle":-105},{"type":"mineHold","duration":0.625,"angle2":-90,"time":694.375,"angle":-90},{"type":"mineHold","duration":0.5,"angle2":-90,"time":695.5,"angle":-90},{"type":"mineHold","duration":0.5,"angle2":-90,"time":696.5,"angle":-90},{"type":"mineHold","duration":0.5,"angle2":-90,"time":697.5,"angle":-90},{"type":"mineHold","duration":0.5,"angle2":-90,"time":698.5,"angle":-90},{"type":"mineHold","duration":0.5,"angle2":-90,"time":700.5,"angle":-90},{"type":"mineHold","duration":0.5,"angle2":-90,"time":701.5,"angle":-90},{"type":"mineHold","duration":0.25,"angle2":-90,"time":702.25,"angle":-90},{"type":"mineHold","duration":0.25,"angle2":-90,"time":702.75,"angle":-90},{"type":"mineHold","duration":0.25,"angle2":-90,"time":703.25,"angle":-90},{"type":"mineHold","duration":0.25,"angle2":-90,"time":703.75,"angle":-90},{"type":"mineHold","duration":0.25,"angle2":-90,"time":704.25,"angle":-90},{"type":"mineHold","duration":0.25,"angle2":-90,"time":704.75,"angle":-90},{"type":"mineHold","duration":0.25,"angle2":-90,"time":705.25,"angle":-90},{"type":"mineHold","duration":0.25,"angle2":-90,"time":705.75,"angle":-90},{"type":"mineHold","duration":8.375,"angle2":-90,"time":706,"angle":-90},{"type":"mineHold","duration":0.5,"angle2":195,"time":696,"angle":195},{"type":"mineHold","duration":0.5,"angle2":195,"time":697,"angle":195},{"type":"mineHold","duration":0.5,"angle2":195,"time":699,"angle":195},{"type":"mineHold","duration":0.5,"angle2":195,"time":700,"angle":195},{"type":"mineHold","duration":0.5,"angle2":195,"time":701,"angle":195},{"type":"mineHold","duration":0.25,"angle2":195,"time":702,"angle":195},{"type":"mineHold","duration":0.25,"angle2":195,"time":702.5,"angle":195},{"type":"mineHold","duration":0.25,"angle2":195,"time":703,"angle":195},{"type":"mineHold","duration":0.25,"angle2":195,"time":703.5,"angle":195},{"type":"mineHold","duration":0.25,"angle2":195,"time":704,"angle":195},{"type":"mineHold","duration":0.25,"angle2":195,"time":704.5,"angle":195},{"type":"mineHold","duration":0.25,"angle2":195,"time":705.5,"angle":195},{"type":"mineHold","duration":8.375,"angle2":195,"time":706,"angle":195},{"type":"mineHold","duration":0.5,"angle2":195,"time":695,"angle":195},{"type":"mineHold","duration":0.5,"angle2":195,"time":698,"angle":195},{"type":"mineHold","duration":0.25,"angle2":195,"time":705,"angle":195},{"type":"mineHold","duration":0.625,"angle2":210,"time":694.375,"angle":210},{"type":"mineHold","duration":0.5,"angle2":210,"time":695.5,"angle":210},{"type":"mineHold","duration":0.5,"angle2":210,"time":696.5,"angle":210},{"type":"mineHold","duration":0.5,"angle2":210,"time":697.5,"angle":210},{"type":"mineHold","duration":0.5,"angle2":210,"time":698.5,"angle":210},{"type":"mineHold","duration":0.5,"angle2":210,"time":699.5,"angle":210},{"type":"mineHold","duration":0.5,"angle2":210,"time":700.5,"angle":210},{"type":"mineHold","duration":0.5,"angle2":210,"time":701.5,"angle":210},{"type":"mineHold","duration":0.25,"angle2":210,"time":702.25,"angle":210},{"type":"mineHold","duration":0.25,"angle2":210,"time":702.75,"angle":210},{"type":"mineHold","duration":0.25,"angle2":210,"time":703.25,"angle":210},{"type":"mineHold","duration":0.25,"angle2":210,"time":703.75,"angle":210},{"type":"mineHold","duration":0.25,"angle2":210,"time":704.25,"angle":210},{"type":"mineHold","duration":0.25,"angle2":210,"time":704.75,"angle":210},{"type":"mineHold","duration":0.25,"angle2":210,"time":705.25,"angle":210},{"type":"mineHold","duration":0.25,"angle2":210,"time":705.75,"angle":210},{"type":"mineHold","duration":8.375,"angle2":210,"time":706,"angle":210},{"type":"mineHold","duration":0.5,"angle2":225,"time":695,"angle":225},{"type":"mineHold","duration":0.5,"angle2":225,"time":696,"angle":225},{"type":"mineHold","duration":0.5,"angle2":225,"time":697,"angle":225},{"type":"mineHold","duration":0.5,"angle2":225,"time":698,"angle":225},{"type":"mineHold","duration":0.5,"angle2":225,"time":699,"angle":225},{"type":"mineHold","duration":0.5,"angle2":225,"time":700,"angle":225},{"type":"mineHold","duration":0.5,"angle2":225,"time":701,"angle":225},{"type":"mineHold","duration":0.25,"angle2":225,"time":702,"angle":225},{"type":"mineHold","duration":0.25,"angle2":225,"time":702.5,"angle":225},{"type":"mineHold","duration":0.25,"angle2":225,"time":703,"angle":225},{"type":"mineHold","duration":0.25,"angle2":225,"time":703.5,"angle":225},{"type":"mineHold","duration":0.25,"angle2":225,"time":704,"angle":225},{"type":"mineHold","duration":0.25,"angle2":225,"time":704.5,"angle":225},{"type":"mineHold","duration":0.25,"angle2":225,"time":705,"angle":225},{"type":"mineHold","duration":0.25,"angle2":225,"time":705.5,"angle":225},{"type":"mineHold","duration":8.375,"angle2":225,"time":706,"angle":225},{"type":"mineHold","duration":0.5,"angle2":150,"time":695.5,"angle":150},{"type":"mineHold","duration":0.5,"angle2":150,"time":696.5,"angle":150},{"type":"mineHold","duration":0.5,"angle2":150,"time":697.5,"angle":150},{"type":"mineHold","duration":0.5,"angle2":150,"time":698.5,"angle":150},{"type":"mineHold","duration":0.5,"angle2":150,"time":699.5,"angle":150},{"type":"mineHold","duration":0.5,"angle2":150,"time":700.5,"angle":150},{"type":"mineHold","duration":0.5,"angle2":150,"time":701.5,"angle":150},{"type":"mineHold","duration":0.25,"angle2":150,"time":702.25,"angle":150},{"type":"mineHold","duration":0.25,"angle2":150,"time":702.75,"angle":150},{"type":"mineHold","duration":0.25,"angle2":150,"time":703.25,"angle":150},{"type":"mineHold","duration":0.25,"angle2":150,"time":703.75,"angle":150},{"type":"mineHold","duration":0.25,"angle2":150,"time":704.25,"angle":150},{"type":"mineHold","duration":0.25,"angle2":150,"time":704.75,"angle":150},{"type":"mineHold","duration":0.25,"angle2":150,"time":705.75,"angle":150},{"type":"mineHold","duration":8.375,"angle2":150,"time":706,"angle":150},{"type":"mineHold","duration":0.625,"angle2":150,"time":694.375,"angle":150},{"type":"mineHold","duration":0.25,"angle2":150,"time":705.25,"angle":150},{"type":"mineHold","duration":0.5,"angle2":165,"time":695,"angle":165},{"type":"mineHold","duration":0.5,"angle2":165,"time":696,"angle":165},{"type":"mineHold","duration":0.5,"angle2":165,"time":697,"angle":165},{"type":"mineHold","duration":0.5,"angle2":165,"time":698,"angle":165},{"type":"mineHold","duration":0.5,"angle2":165,"time":699,"angle":165},{"type":"mineHold","duration":0.5,"angle2":165,"time":700,"angle":165},{"type":"mineHold","duration":0.5,"angle2":165,"time":701,"angle":165},{"type":"mineHold","duration":0.25,"angle2":165,"time":702,"angle":165},{"type":"mineHold","duration":0.25,"angle2":165,"time":702.5,"angle":165},{"type":"mineHold","duration":0.25,"angle2":165,"time":703,"angle":165},{"type":"mineHold","duration":0.25,"angle2":165,"time":703.5,"angle":165},{"type":"mineHold","duration":0.25,"angle2":165,"time":704,"angle":165},{"type":"mineHold","duration":0.25,"angle2":165,"time":704.5,"angle":165},{"type":"mineHold","duration":0.25,"angle2":165,"time":705,"angle":165},{"type":"mineHold","duration":0.25,"angle2":165,"time":705.5,"angle":165},{"type":"mineHold","duration":8.375,"angle2":165,"time":706,"angle":165},{"type":"mineHold","duration":0.625,"angle2":180,"time":694.375,"angle":180},{"type":"mineHold","duration":0.5,"angle2":180,"time":695.5,"angle":180},{"type":"mineHold","duration":0.5,"angle2":180,"time":696.5,"angle":180},{"type":"mineHold","duration":0.5,"angle2":180,"time":697.5,"angle":180},{"type":"mineHold","duration":0.5,"angle2":180,"time":698.5,"angle":180},{"type":"mineHold","duration":0.5,"angle2":180,"time":699.5,"angle":180},{"type":"mineHold","duration":0.5,"angle2":180,"time":700.5,"angle":180},{"type":"mineHold","duration":0.5,"angle2":180,"time":701.5,"angle":180},{"type":"mineHold","duration":0.25,"angle2":180,"time":702.25,"angle":180},{"type":"mineHold","duration":0.25,"angle2":180,"time":702.75,"angle":180},{"type":"mineHold","duration":0.25,"angle2":180,"time":703.25,"angle":180},{"type":"mineHold","duration":0.25,"angle2":180,"time":703.75,"angle":180},{"type":"mineHold","duration":0.25,"angle2":180,"time":704.25,"angle":180},{"type":"mineHold","duration":0.25,"angle2":180,"time":704.75,"angle":180},{"type":"mineHold","duration":0.25,"angle2":180,"time":705.25,"angle":180},{"type":"mineHold","duration":0.25,"angle2":180,"time":705.75,"angle":180},{"type":"mineHold","duration":8.375,"angle2":180,"time":706,"angle":180},{"type":"mineHold","duration":0.5,"angle2":105,"time":695,"angle":105},{"type":"mineHold","duration":0.5,"angle2":105,"time":696,"angle":105},{"type":"mineHold","duration":0.5,"angle2":105,"time":701,"angle":105},{"type":"mineHold","duration":0.25,"angle2":105,"time":704.5,"angle":105},{"type":"mineHold","duration":0.25,"angle2":105,"time":705.5,"angle":105},{"type":"mineHold","duration":8.375,"angle2":105,"time":706,"angle":105},{"type":"mineHold","duration":0.5,"angle2":105,"time":697,"angle":105},{"type":"mineHold","duration":0.5,"angle2":105,"time":698,"angle":105},{"type":"mineHold","duration":0.5,"angle2":105,"time":699,"angle":105},{"type":"mineHold","duration":0.5,"angle2":105,"time":700,"angle":105},{"type":"mineHold","duration":0.25,"angle2":105,"time":702,"angle":105},{"type":"mineHold","duration":0.25,"angle2":105,"time":702.5,"angle":105},{"type":"mineHold","duration":0.25,"angle2":105,"time":703,"angle":105},{"type":"mineHold","duration":0.25,"angle2":105,"time":703.5,"angle":105},{"type":"mineHold","duration":0.25,"angle2":105,"time":704,"angle":105},{"type":"mineHold","duration":0.25,"angle2":105,"time":705,"angle":105},{"type":"mineHold","duration":0.625,"angle2":120,"time":694.375,"angle":120},{"type":"mineHold","duration":0.5,"angle2":120,"time":695.5,"angle":120},{"type":"mineHold","duration":0.5,"angle2":120,"time":696.5,"angle":120},{"type":"mineHold","duration":0.5,"angle2":120,"time":697.5,"angle":120},{"type":"mineHold","duration":0.5,"angle2":120,"time":698.5,"angle":120},{"type":"mineHold","duration":0.5,"angle2":120,"time":699.5,"angle":120},{"type":"mineHold","duration":0.5,"angle2":120,"time":700.5,"angle":120},{"type":"mineHold","duration":0.5,"angle2":120,"time":701.5,"angle":120},{"type":"mineHold","duration":0.25,"angle2":120,"time":702.25,"angle":120},{"type":"mineHold","duration":0.25,"angle2":120,"time":702.75,"angle":120},{"type":"mineHold","duration":0.25,"angle2":120,"time":703.25,"angle":120},{"type":"mineHold","duration":0.25,"angle2":120,"time":703.75,"angle":120},{"type":"mineHold","duration":0.25,"angle2":120,"time":704.25,"angle":120},{"type":"mineHold","duration":0.25,"angle2":120,"time":704.75,"angle":120},{"type":"mineHold","duration":0.25,"angle2":120,"time":705.25,"angle":120},{"type":"mineHold","duration":0.25,"angle2":120,"time":705.75,"angle":120},{"type":"mineHold","duration":8.375,"angle2":120,"time":706,"angle":120},{"type":"mineHold","duration":0.5,"angle2":135,"time":695,"angle":135},{"type":"mineHold","duration":0.5,"angle2":135,"time":696,"angle":135},{"type":"mineHold","duration":0.5,"angle2":135,"time":697,"angle":135},{"type":"mineHold","duration":0.5,"angle2":135,"time":698,"angle":135},{"type":"mineHold","duration":0.5,"angle2":135,"time":699,"angle":135},{"type":"mineHold","duration":0.5,"angle2":135,"time":700,"angle":135},{"type":"mineHold","duration":0.5,"angle2":135,"time":701,"angle":135},{"type":"mineHold","duration":0.25,"angle2":135,"time":702,"angle":135},{"type":"mineHold","duration":0.25,"angle2":135,"time":702.5,"angle":135},{"type":"mineHold","duration":0.25,"angle2":135,"time":703,"angle":135},{"type":"mineHold","duration":0.25,"angle2":135,"time":703.5,"angle":135},{"type":"mineHold","duration":0.25,"angle2":135,"time":704,"angle":135},{"type":"mineHold","duration":0.25,"angle2":135,"time":704.5,"angle":135},{"type":"mineHold","duration":0.25,"angle2":135,"time":705,"angle":135},{"type":"mineHold","duration":0.25,"angle2":135,"time":705.5,"angle":135},{"type":"mineHold","duration":8.375,"angle2":135,"time":706,"angle":135},{"type":"mineHold","duration":8.375,"angle2":360,"time":706,"angle":360},{"type":"mineHold","duration":0.5,"angle2":15,"time":699,"angle":15},{"type":"mineHold","duration":8.375,"angle2":15,"time":706,"angle":15},{"type":"mineHold","duration":0.25,"angle2":15,"time":702,"angle":15},{"type":"mineHold","duration":0.25,"angle2":60,"time":705.75,"angle":60},{"type":"mineHold","duration":0.5,"angle2":330,"time":699.5,"angle":330},{"type":"mineHold","duration":0.5,"angle2":300,"time":699.5,"angle":300},{"type":"mineHold","duration":0.5,"angle2":270,"time":699.5,"angle":270},{"type":"mineHold","duration":0.5,"angle2":240,"time":699.5,"angle":240},{"type":"block","time":458,"angle":135},{"type":"block","time":458.5,"angle":165},{"type":"block","time":459,"angle":180},{"type":"block","time":459.5,"angle":195},{"type":"block","time":460,"angle":225},{"type":"block","time":460.5,"angle":210},{"type":"block","time":460.75,"angle":195},{"type":"block","time":461,"angle":210},{"type":"block","time":461.5,"angle":195},{"type":"block","time":462,"angle":180},{"type":"block","time":462.5,"angle":165},{"type":"block","time":463,"angle":135},{"type":"block","time":463.5,"angle":105},{"type":"block","time":464,"angle":75},{"type":"block","time":464.5,"angle":60},{"type":"block","time":465,"angle":105},{"type":"block","time":465.5,"angle":135},{"type":"block","time":466,"angle":180},{"type":"block","time":466.5,"angle":210},{"type":"block","time":467,"angle":240},{"type":"block","time":467.5,"angle":270},{"type":"hold","duration":0.125,"angle2":285,"time":478,"angle":255},{"type":"block","time":478,"angle":270},{"type":"block","time":468,"angle":300},{"type":"block","time":477.5,"angle":270},{"type":"block","time":468.5,"angle":330},{"type":"block","time":469,"angle":360},{"type":"block","time":470,"angle":180},{"type":"block","time":470.5,"angle":210},{"type":"block","time":471,"angle":240},{"type":"block","time":471.5,"angle":270},{"type":"block","time":472,"angle":300},{"type":"block","time":472.5,"angle":345},{"type":"block","time":473,"angle":15},{"type":"block","time":473.5,"angle":45},{"type":"block","time":474,"angle":30},{"type":"block","time":475,"angle":330},{"type":"block","time":476,"angle":60},{"type":"block","time":477,"angle":315},{"type":"side","time":469.5,"angle":90},{"type":"block","time":480.5,"angle":315},{"type":"block","time":481,"angle":0},{"type":"block","time":481.5,"angle":315},{"type":"block","time":482,"angle":330},{"type":"hold","duration":0.25,"angle2":285,"time":296.5,"angle":225},{"type":"hold","endTap":true,"duration":0.25,"angle2":240,"time":296.75,"angle":285},{"type":"block","time":300.375,"angle":315},{"type":"block","time":300.625,"angle":315},{"type":"block","time":307.5,"angle":210},{"type":"block","time":308,"angle":225},{"type":"block","time":160.5,"angle":45},{"type":"block","time":161,"angle":60},{"type":"block","time":161.5,"angle":90},{"type":"block","time":162.5,"angle":105},{"type":"block","time":163.5,"angle":90},{"type":"block","time":171.5,"angle":330},{"type":"block","time":172,"angle":330},{"type":"block","time":172.5,"angle":315},{"type":"block","time":173.5,"angle":315},{"type":"block","time":174.5,"angle":300},{"type":"block","time":175.5,"angle":300},{"type":"block","time":176.5,"angle":285},{"type":"block","time":177.625,"angle":270},{"type":"block","time":179.5,"angle":300},{"type":"block","time":180,"angle":300},{"type":"block","time":180.5,"angle":300},{"type":"block","time":181.375,"angle":315},{"type":"block","time":182.5,"angle":345},{"type":"block","time":183.375,"angle":345},{"type":"block","time":184.5,"angle":15},{"type":"block","time":185.5,"angle":15},{"type":"block","time":192.5,"angle":255},{"type":"block","time":193,"angle":240},{"type":"block","time":193.5,"angle":240},{"type":"block","time":203.5,"angle":45},{"type":"block","time":204,"angle":45},{"type":"block","time":204.5,"angle":60},{"type":"block","time":205.5,"angle":75},{"type":"block","time":206.375,"angle":90},{"type":"block","time":207.5,"angle":105},{"type":"block","time":208.5,"angle":120},{"type":"block","time":209.5,"angle":135},{"type":"block","time":211.5,"angle":120},{"type":"block","time":212,"angle":105},{"type":"block","time":212.5,"angle":90},{"type":"block","time":213.5,"angle":75},{"type":"block","time":214.375,"angle":45},{"type":"block","time":215.5,"angle":30},{"type":"block","time":216.375,"angle":0},{"type":"block","time":217.5,"angle":345},{"type":"block","time":224.5,"angle":285},{"type":"block","time":225,"angle":315},{"type":"block","time":225.5,"angle":345},{"type":"block","time":226.625,"angle":0},{"type":"block","time":227.5,"angle":0},{"type":"mine","speedMult":2,"time":74.5,"angle":165},{"type":"mine","speedMult":2,"time":75,"angle":135},{"type":"mine","speedMult":2,"time":75.5,"angle":135},{"type":"mine","speedMult":2,"time":76,"angle":165},{"type":"mine","speedMult":2,"time":76.5,"angle":120},{"type":"mine","speedMult":2,"time":77,"angle":120},{"type":"mine","speedMult":2,"time":76.625,"angle":90},{"type":"mine","speedMult":2,"time":77.5,"angle":75},{"type":"mine","speedMult":2,"time":78,"angle":90},{"type":"mine","speedMult":2,"time":78.5,"angle":75},{"type":"mine","speedMult":2,"time":79,"angle":105},{"type":"mine","speedMult":2,"time":79.5,"angle":90},{"type":"mine","speedMult":2,"time":80,"angle":60},{"type":"mine","speedMult":2,"time":81,"angle":135},{"type":"mine","speedMult":2,"time":81.5,"angle":135},{"type":"mine","speedMult":2,"time":82,"angle":135},{"type":"mine","speedMult":2,"time":82.5,"angle":180},{"type":"mine","speedMult":2,"time":83,"angle":225},{"type":"mine","speedMult":2,"time":83.5,"angle":270},{"type":"mine","speedMult":2,"time":84,"angle":315},{"type":"mine","speedMult":2,"time":84.5,"angle":345},{"type":"mine","speedMult":2,"time":84.75,"angle":285},{"type":"mine","speedMult":2,"time":85,"angle":345},{"type":"mine","speedMult":2,"time":85.5,"angle":315},{"type":"mine","speedMult":2,"time":86,"angle":330},{"type":"mine","speedMult":2,"time":86.5,"angle":300},{"type":"mine","speedMult":2,"time":87,"angle":330},{"type":"mine","speedMult":2,"time":87.5,"angle":270},{"type":"mine","speedMult":2,"time":88,"angle":285},{"type":"mine","speedMult":2,"time":89,"angle":300},{"type":"mine","speedMult":2,"time":88.5,"angle":315},{"type":"mine","speedMult":2,"time":89.5,"angle":330},{"type":"mine","speedMult":2,"time":90,"angle":345},{"type":"mine","speedMult":2,"time":90.5,"angle":0},{"type":"mine","speedMult":2,"time":91,"angle":15},{"type":"mine","speedMult":2,"time":91.5,"angle":45},{"type":"mine","speedMult":2,"time":92,"angle":0},{"type":"mine","speedMult":2,"time":92.5,"angle":360},{"type":"mine","speedMult":2,"time":92.75,"angle":30},{"type":"mine","speedMult":2,"time":93,"angle":330},{"type":"mine","speedMult":2,"time":93.5,"angle":360},{"type":"mine","speedMult":2,"time":94,"angle":360},{"type":"mine","speedMult":2,"time":94.5,"angle":15},{"type":"mine","speedMult":2,"time":95,"angle":45},{"type":"mine","speedMult":2,"time":95.5,"angle":75},{"type":"mine","speedMult":2,"time":96,"angle":60},{"type":"mine","speedMult":2,"time":96.5,"angle":75},{"type":"mine","speedMult":2,"time":97,"angle":15},{"type":"mine","speedMult":2,"time":97.5,"angle":0},{"type":"mine","speedMult":2,"time":98,"angle":45},{"type":"mine","speedMult":2,"time":98.5,"angle":45},{"type":"mine","speedMult":2,"time":99,"angle":90},{"type":"mine","speedMult":2,"time":99.5,"angle":105},{"type":"mine","speedMult":2,"time":100,"angle":135},{"type":"mine","speedMult":2,"time":100.5,"angle":105},{"type":"mine","speedMult":2,"time":101,"angle":90},{"type":"mine","speedMult":2,"time":102,"angle":45},{"type":"mine","speedMult":2,"time":103,"angle":165},{"type":"mine","speedMult":2,"time":104,"angle":285},{"type":"hold","duration":1,"angle2":330,"time":266,"holdEase":"inOutSine","angle":300},{"type":"hold","duration":1,"angle2":375,"time":267,"holdEase":"inOutSine","angle":330},{"type":"hold","duration":1,"angle2":45,"time":268,"holdEase":"inOutSine","angle":15},{"type":"hold","duration":1,"angle2":105,"time":269,"holdEase":"inOutSine","angle":45},{"type":"hold","duration":1,"angle2":165,"time":270,"holdEase":"inOutSine","angle":105},{"type":"hold","duration":1,"angle2":210,"time":271,"holdEase":"inOutSine","angle":165},{"type":"hold","duration":1,"angle2":150,"time":272,"holdEase":"inOutSine","angle":210},{"type":"hold","duration":1,"angle2":105,"time":273,"holdEase":"inOutSine","angle":150},{"type":"block","time":486,"angle":360},{"startTap":true,"duration":4,"angle2":-225,"time":518,"type":"hold","angle":-180},{"startTap":true,"duration":4,"angle2":-135,"time":522,"type":"hold","angle":-225},{"startTap":true,"duration":4,"angle2":-630,"time":526,"type":"hold","angle":-495},{"startTap":true,"duration":4,"angle2":-105,"time":530,"type":"hold","angle":-270},{"type":"block","time":518.125,"angle":-195},{"type":"block","time":518.5,"angle":-180},{"type":"block","time":518.875,"angle":-540},{"type":"block","time":519.375,"angle":-180},{"type":"block","time":519.5,"angle":-210},{"type":"block","time":520,"angle":-195},{"type":"block","time":520.375,"angle":-210},{"type":"block","time":520.75,"angle":-195},{"type":"block","time":521,"angle":-225},{"type":"block","time":521.375,"angle":-210},{"type":"block","time":521.75,"angle":-210},{"type":"block","time":522.375,"angle":-195},{"type":"block","time":523.375,"angle":-195},{"type":"block","time":523,"angle":-210},{"type":"block","time":524.25,"angle":-540},{"type":"block","time":524.625,"angle":-525},{"type":"block","time":525,"angle":-525},{"type":"block","time":525.25,"angle":-510},{"type":"block","time":525.625,"angle":-510},{"type":"block","time":523.875,"angle":-540},{"type":"block","time":526.625,"angle":-510},{"type":"block","time":526.375,"angle":-495},{"type":"block","time":527,"angle":-525},{"type":"block","time":527.5,"angle":-540},{"type":"block","time":528.125,"angle":-195},{"type":"block","time":528.375,"angle":-210},{"type":"block","time":529,"angle":-225},{"type":"block","time":529.75,"angle":-255},{"type":"block","time":529.75,"angle":-255},{"type":"block","time":529.625,"angle":-270},{"type":"block","time":530.5,"angle":-240},{"type":"block","time":530.875,"angle":-225},{"type":"block","time":531.375,"angle":-225},{"type":"block","time":532,"angle":-195},{"type":"block","time":532.5,"angle":-525},{"type":"block","time":532.875,"angle":-510},{"type":"block","time":533.25,"angle":-495},{"type":"block","time":529.375,"angle":-255},{"type":"block","time":527.75,"angle":-195},{"type":"block","time":530.375,"angle":-255},{"type":"block","time":531.625,"angle":-210},{"type":"block","time":532.25,"angle":-540},{"type":"block","time":533.625,"angle":-480},{"startTap":true,"duration":4,"angle2":-585,"time":534,"type":"hold","angle":-465},{"startTap":true,"endTap":true,"duration":4,"angle2":0,"time":538,"type":"hold","angle":-225},{"type":"block","time":534.375,"angle":-465},{"type":"block","time":534.5,"angle":-480},{"type":"block","time":534.75,"angle":-495},{"type":"block","time":535.25,"angle":-495},{"type":"block","time":535.375,"angle":-510},{"type":"block","time":536.125,"angle":-525},{"type":"block","time":536.25,"angle":-180},{"type":"block","time":536.875,"angle":-195},{"type":"block","time":537.375,"angle":-210},{"type":"block","time":537.5,"angle":-225},{"type":"block","time":537.125,"angle":-195},{"type":"block","time":538.25,"angle":-210},{"type":"block","time":538.625,"angle":-195},{"type":"block","time":539,"angle":-540},{"type":"block","time":539.25,"angle":-510},{"type":"block","time":539.625,"angle":-495},{"type":"block","time":540,"angle":-480},{"type":"block","time":540.125,"angle":-465},{"type":"block","time":540.375,"angle":-450},{"type":"block","time":540.625,"angle":-435},{"type":"block","time":540.875,"angle":-435},{"type":"block","time":541.125,"angle":-405},{"type":"block","time":541.375,"angle":-375},{"type":"block","time":541.75,"angle":-375},{"type":"hold","segments":1,"duration":1,"angle2":75,"time":550,"angle":60},{"type":"hold","segments":1,"duration":1,"angle2":405,"time":550,"angle":420},{"type":"block","time":552,"angle":360},{"type":"block","time":552.5,"angle":345},{"type":"block","time":553,"angle":330},{"type":"block","time":553.5,"angle":0},{"type":"block","time":554,"angle":45},{"type":"hold","duration":0.5,"angle2":165,"time":554.5,"angle":120},{"type":"hold","duration":0.5,"angle2":120,"time":555,"angle":165},{"type":"block","time":556.5,"angle":75},{"type":"block","time":557,"angle":90},{"type":"block","time":558,"angle":120},{"type":"hold","duration":1,"angle2":315,"time":561.5,"angle":255},{"type":"hold","duration":0.5,"angle2":255,"time":562.5,"angle":315},{"type":"hold","duration":1,"angle2":345,"time":563,"angle":255},{"type":"hold","duration":1,"angle2":150,"time":559,"angle":135},{"type":"block","time":560.5,"angle":195},{"type":"block","time":561,"angle":225},{"type":"hold","segments":1,"duration":1,"angle2":90,"time":566,"angle":105},{"type":"hold","segments":1,"duration":1,"angle2":120,"time":566,"angle":105},{"type":"mine","speedMult":2,"time":74,"angle":225},{"type":"mineHold","duration":8.375,"angle2":345,"time":706,"angle":345},{"type":"hold","duration":1.5,"angle2":435,"time":328,"speedMult":1.5,"angle":360},{"type":"hold","angle2":-330,"duration":3,"speedMult":1.5,"time":329.5,"startTap":true,"angle":75},{"type":"block","tap":true,"time":543,"angle":90},{"type":"block","tap":true,"time":544,"angle":180},{"type":"block","tap":true,"time":545,"angle":270},{"type":"side","time":546,"angle":15},{"type":"side","tap":true,"time":546,"angle":0},{"type":"side","time":546,"angle":-15},{"type":"side","time":547,"angle":-165},{"type":"side","tap":true,"time":547,"angle":-180},{"type":"side","time":547,"angle":-195},{"type":"side","time":548,"angle":345},{"type":"side","tap":true,"time":548,"angle":0},{"type":"side","time":548,"angle":15},{"type":"block","time":614,"angle":150},{"type":"block","time":614.5,"angle":150},{"type":"block","time":615,"angle":150},{"type":"block","time":616,"angle":300},{"type":"block","time":616.5,"angle":300},{"type":"block","time":617,"angle":300},{"type":"block","time":618,"angle":60},{"type":"block","time":618.5,"angle":60},{"type":"block","time":619,"angle":60},{"type":"block","time":619.25,"angle":45},{"type":"block","time":619.5,"angle":60},{"type":"block","time":619.625,"angle":45},{"type":"hold","duration":1,"angle2":60,"time":620,"angle":60},{"type":"block","time":621.25,"angle":45},{"type":"block","time":621.625,"angle":75},{"type":"block","time":622,"angle":75},{"type":"block","time":622.5,"angle":75},{"type":"block","time":623,"angle":225},{"type":"block","time":623.5,"angle":225},{"type":"hold","duration":0.5,"angle2":120,"time":624,"holdEase":"outQuad","angle":150},{"type":"hold","duration":0.5,"angle2":150,"time":624.5,"holdEase":"outQuad","angle":120},{"type":"block","tap":true,"time":626,"angle":270},{"type":"block","tap":true,"time":627,"angle":90},{"type":"block","tap":true,"time":628,"angle":270},{"type":"block","time":630,"angle":60},{"type":"block","time":630.5,"angle":60},{"type":"block","time":631,"angle":60},{"type":"block","time":632,"angle":165},{"type":"block","time":632.5,"angle":165},{"type":"block","time":633,"angle":165},{"type":"block","time":634,"angle":240},{"type":"block","time":634.5,"angle":255},{"type":"block","time":635,"angle":270},{"type":"block","time":636,"angle":300},{"type":"block","time":636.5,"angle":315},{"type":"block","time":637,"angle":330},{"type":"block","time":638,"angle":330},{"type":"block","time":635.5,"angle":285},{"type":"block","time":636.375,"angle":300},{"type":"block","time":636.625,"angle":330},{"type":"block","time":637.5,"angle":330},{"type":"block","time":640,"angle":75},{"type":"block","time":640.5,"angle":60},{"type":"block","time":641,"angle":75},{"type":"block","tap":true,"time":642,"angle":270},{"type":"block","tap":true,"time":643,"angle":90},{"type":"block","tap":true,"time":644,"angle":270},{"type":"block","time":641.125,"angle":90},{"type":"block","time":641.5,"angle":105},{"type":"block","time":646,"angle":345},{"type":"block","time":646.5,"angle":345},{"type":"block","time":647,"angle":345},{"type":"block","time":648.625,"angle":75},{"type":"block","time":649,"angle":75},{"type":"block","time":648,"angle":75},{"type":"block","time":648.25,"angle":75},{"type":"block","time":650,"angle":150},{"type":"block","time":650.5,"angle":180},{"type":"block","time":651,"angle":135},{"type":"block","time":651.5,"angle":165},{"type":"hold","duration":0.5,"angle2":135,"time":652,"angle":135},{"type":"block","time":653,"angle":135},{"type":"block","time":653.5,"angle":135},{"type":"block","time":654,"angle":285},{"type":"block","time":654.5,"angle":285},{"type":"block","time":655,"angle":330},{"type":"block","time":655.5,"angle":330},{"type":"block","time":656,"angle":30},{"type":"block","time":656.5,"angle":30},{"type":"block","time":657,"angle":30},{"type":"block","tap":true,"time":658,"angle":90},{"type":"block","tap":true,"time":659,"angle":270},{"type":"block","tap":true,"time":660,"angle":90},{"type":"block","time":662,"angle":165},{"type":"block","time":662.5,"angle":165},{"type":"block","time":663,"angle":165},{"type":"block","time":664,"angle":45},{"type":"block","time":664.5,"angle":45},{"type":"block","time":665,"angle":45},{"type":"block","time":666,"angle":210},{"type":"block","time":666.5,"angle":210},{"type":"block","time":667,"angle":210},{"type":"block","time":668,"angle":150},{"type":"hold","duration":0.5,"angle2":90,"time":669,"holdEase":"outQuad","angle":120},{"type":"block","time":670,"angle":330},{"type":"block","time":670.5,"angle":330},{"type":"block","time":671,"angle":45},{"type":"block","time":671.5,"angle":45},{"type":"block","time":672,"angle":45},{"type":"side","time":674,"angle":345},{"type":"side","tap":true,"time":674,"angle":360},{"type":"side","time":674,"angle":15},{"type":"side","time":675,"angle":195},{"type":"side","tap":true,"time":675,"angle":180},{"type":"side","time":675,"angle":165},{"type":"side","time":676,"angle":345},{"type":"side","tap":true,"time":676,"angle":360},{"type":"side","time":676,"angle":15},{"type":"block","time":568,"angle":75},{"type":"block","time":569,"angle":45},{"type":"hold","duration":1,"angle2":150,"time":569.5,"angle":60},{"type":"hold","duration":0.5,"angle2":30,"time":570.5,"angle":150},{"type":"hold","duration":1,"angle2":165,"time":571,"angle":30},{"type":"block","time":573,"angle":210},{"type":"block","time":574,"angle":240},{"type":"block","time":573.5,"angle":225},{"type":"block","time":574.375,"angle":270},{"type":"block","time":575,"angle":270},{"type":"hold","duration":1,"angle2":315,"time":575.5,"angle":300},{"type":"block","time":577,"angle":315},{"type":"hold","duration":1.125,"angle2":-60,"time":577.375,"angle":-30},{"type":"hold","duration":0.5,"angle2":420,"time":578.5,"angle":300},{"type":"hold","duration":1,"angle2":-75,"time":579,"angle":60},{"type":"hold","segments":1,"duration":1,"angle2":255,"time":582,"angle":240},{"type":"hold","segments":1,"duration":1,"angle2":225,"time":582,"angle":240},{"type":"block","time":584,"angle":210},{"type":"block","time":585,"angle":180},{"type":"hold","duration":1,"angle2":195,"time":586,"angle":210},{"type":"block","time":588,"angle":165},{"type":"block","time":589,"angle":165},{"type":"block","time":589.5,"angle":120},{"type":"block","time":590,"angle":75},{"type":"block","time":590.375,"angle":45},{"type":"block","time":591,"angle":60},{"type":"block","time":591.5,"angle":90},{"type":"hold","duration":1,"angle2":120,"time":592,"angle":120},{"type":"hold","duration":1,"angle2":270,"time":593.5,"angle":165},{"type":"hold","duration":0.5,"angle2":240,"time":594.5,"angle":270},{"type":"hold","duration":1,"angle2":240,"time":595,"angle":240},{"type":"block","time":597,"angle":330},{"type":"block","time":597.5,"angle":360},{"type":"hold","segments":1,"duration":1,"angle2":315,"time":598,"angle":330},{"type":"hold","segments":1,"duration":1,"angle2":345,"time":598,"angle":330},{"type":"block","time":600,"angle":330},{"type":"block","time":600.5,"angle":15},{"type":"block","time":601,"angle":75},{"type":"hold","duration":1,"angle2":195,"time":601.5,"angle":135},{"type":"hold","duration":0.5,"angle2":120,"time":602.5,"angle":195},{"type":"hold","duration":1,"angle2":165,"time":603,"angle":120},{"type":"block","time":605,"angle":195},{"type":"block","time":605.5,"angle":240},{"type":"block","time":606,"angle":300},{"type":"block","time":606.5,"angle":270},{"type":"block","time":607,"angle":240},{"type":"block","time":607.5,"angle":210},{"type":"block","time":608,"angle":165},{"type":"block","time":608.5,"angle":90},{"type":"hold","duration":1,"angle2":-30,"time":609.5,"angle":45},{"type":"block","time":609,"angle":45},{"type":"hold","duration":0.5,"angle2":450,"time":610.5,"angle":330},{"type":"hold","duration":1,"angle2":45,"time":611,"angle":90}]