{"metadata":{"bgData":{"redChannel":{"r":59,"b":77,"g":37},"blueChannel":{"r":85,"b":181,"g":44},"image":"cover.png","yellowChannel":{"r":183,"b":98,"g":163},"magentaChannel":{"r":205,"b":189,"g":64},"cyanChannel":{"r":114,"b":167,"g":131},"greenChannel":{"r":232,"b":219,"g":218}},"artistLink":"","songName":"INTERNET YAMERO","artist":"Aiobahn feat. KOTOKO","charter":"riversideee","difficulty":0,"description":"tbh i know i can be i'm happy, but i can't stop pretending i'm not.\n\nmechanics used: taps, sides, mines","bg":true},"events":[{"type":"play","volume":1,"bpm":185,"time":2,"file":"internetyamero.ogg","angle":180},{"type":"setBgColor","order":0,"color":1,"time":250,"angle":210},{"type":"forcePlayerSprite","spriteName":"miss","time":250,"angle":330},{"type":"forcePlayerSprite","spriteName":"","time":282.25,"angle":303.75},{"duration":0.25,"repeats":3,"type":"ease","repeatDelay":8,"var":"vfx.canvPos.sy","time":10,"value":1.5,"angle":105},{"duration":0.25,"repeats":3,"type":"ease","repeatDelay":8,"var":"vfx.canvPos.sx","time":10,"value":1.5,"angle":135},{"repeats":3,"duration":0.25,"repeatDelay":8,"type":"ease","ease":"inSine","var":"vfx.canvPos.sx","time":10.5,"value":1,"angle":135},{"repeats":3,"duration":0.25,"repeatDelay":8,"type":"ease","ease":"inSine","var":"vfx.canvPos.sy","time":10.5,"value":1,"angle":105},{"type":"ease","var":"vfx.canvPos.sy","duration":0.25,"time":38,"value":1.5,"angle":105},{"type":"ease","var":"vfx.canvPos.sx","duration":0.25,"time":38,"value":1.5,"angle":135},{"type":"ease","ease":"inSine","var":"vfx.canvPos.sx","duration":0.5,"time":38.5,"value":1,"angle":135},{"type":"ease","ease":"inSine","var":"vfx.canvPos.sy","duration":0.5,"time":38.5,"value":1,"angle":105},{"type":"ease","ease":"linear","var":"vfx.canvPos.sx","duration":24,"time":42,"value":1.5,"angle":45},{"type":"ease","ease":"linear","var":"vfx.canvPos.sy","duration":24,"time":42,"value":1.5,"angle":67.5},{"type":"ease","ease":"linear","var":"vfx.canvPos.sx","time":66,"value":1,"angle":157.5},{"type":"ease","var":"vfx.canvPos.sy","time":66,"value":1,"angle":135},{"type":"forcePlayerSprite","spriteName":":3","time":66,"angle":225},{"type":"forcePlayerSprite","spriteName":"","time":72,"angle":45},{"type":"forcePlayerSprite","spriteName":"","time":106,"angle":180},{"duration":0.125,"repeats":31,"type":"ease","repeatDelay":1,"var":"vfx.canvPos.sy","time":73,"value":1.0499999523163,"angle":345},{"duration":0.125,"repeats":31,"type":"ease","repeatDelay":1,"var":"vfx.canvPos.sx","time":73,"value":1.0499999523163,"angle":315},{"repeats":31,"duration":0.5,"repeatDelay":1,"type":"ease","ease":"linear","var":"vfx.canvPos.sx","time":73.5,"value":1,"angle":315},{"repeats":31,"duration":0.5,"repeatDelay":1,"type":"ease","ease":"linear","var":"vfx.canvPos.sy","time":73.375,"value":1,"angle":345},{"type":"setBgColor","color":2,"time":42,"angle":330},{"b":49,"color":2,"g":49,"type":"setColor","ease":"linear","r":49,"time":42,"duration":16,"angle":315},{"b":255,"color":0,"g":255,"type":"setColor","ease":"linear","r":255,"time":42,"duration":16,"angle":120},{"type":"setBgColor","color":0,"time":66,"angle":90},{"b":0,"color":1,"g":0,"type":"setColor","r":0,"time":66,"duration":0,"angle":105},{"type":"outline","color":0,"time":66,"enable":true,"angle":75},{"type":"noise","color":1,"chance":0.94999998807907,"time":42,"angle":30},{"type":"noise","color":0,"chance":0,"time":66,"angle":120},{"type":"outline","color":1,"time":343,"enable":false,"angle":135},{"type":"setBgColor","color":1,"time":410,"angle":337.5},{"type":"paddles","ease":"linear","paddle":1,"duration":0,"newWidth":50,"time":410,"angle":22.5},{"type":"outline","color":2,"time":410,"enable":true,"angle":348.75},{"type":"forcePlayerSprite","spriteName":"miss","time":410,"angle":11.25},{"type":"setBgColor","color":0,"time":442,"angle":337.5},{"type":"outline","color":1,"time":442,"enable":false,"angle":22.5},{"type":"forcePlayerSprite","spriteName":"","time":442,"angle":33.75},{"type":"paddles","ease":"linear","paddle":1,"duration":0,"newWidth":70,"time":442,"angle":348.75},{"duration":0.25,"repeats":3,"type":"ease","repeatDelay":8,"var":"vfx.canvPos.sy","time":486,"value":1.5,"angle":285},{"duration":0.25,"repeats":3,"type":"ease","repeatDelay":8,"var":"vfx.canvPos.sx","time":486,"value":1.5,"angle":315},{"repeats":3,"duration":0.25,"repeatDelay":8,"type":"ease","ease":"inSine","var":"vfx.canvPos.sx","time":486.5,"value":1,"angle":315},{"repeats":3,"duration":0.25,"repeatDelay":8,"type":"ease","ease":"inSine","var":"vfx.canvPos.sy","time":486.5,"value":1,"angle":285},{"type":"ease","var":"vfx.canvPos.sy","duration":0.25,"time":514,"value":1.5,"angle":285},{"type":"ease","var":"vfx.canvPos.sx","duration":0.25,"time":514,"value":1.5,"angle":315},{"type":"ease","ease":"inSine","var":"vfx.canvPos.sx","duration":0.5,"time":514.5,"value":1,"angle":315},{"type":"ease","ease":"inSine","var":"vfx.canvPos.sy","duration":0.5,"time":514.5,"value":1,"angle":285},{"type":"showResults","time":718.5,"angle":0},{"duration":0,"enabled":false,"type":"paddles","ease":"linear","paddle":0,"newWidth":0,"time":694.375,"angle":345},{"type":"hom","enable":true,"time":705.75,"angle":360},{"type":"setBgColor","color":1,"voidColor":1,"time":678,"angle":30},{"type":"outline","color":0,"time":678,"enable":true,"angle":45},{"type":"setColor","color":4,"time":694.375,"angle":15},{"type":"ease","ease":"linear","var":"vfx.canvPos.sy","duration":17,"time":678,"value":1.8999999761581,"angle":60},{"type":"ease","ease":"linear","var":"vfx.canvPos.sx","duration":17,"time":678,"value":1.8999999761581,"angle":75},{"type":"ease","var":"p.fillColor","time":694.375,"value":1,"angle":315},{"type":"setColor","b":0,"color":2,"r":255,"time":250,"g":0,"angle":75},{"type":"outline","color":2,"time":250,"enable":true,"angle":90},{"order":0,"y":90,"drawLayer":"bg","drawOrder":1,"outline":true,"sx":0.5,"sy":0.5,"type":"deco","x":210,"sprite":"sun.png","time":106,"id":"sunbg","angle":120},{"type":"setColor","b":105,"color":4,"r":105,"time":106,"g":16,"angle":210},{"type":"setBgColor","color":4,"time":106,"angle":90},{"type":"setBgColor","color":2,"time":485.875,"angle":240},{"type":"setBgColor","color":0,"time":486.25,"angle":240},{"type":"setBgColor","color":2,"time":493.875,"angle":240},{"type":"setBgColor","color":0,"time":494.25,"angle":240},{"type":"setBgColor","color":2,"time":501.875,"angle":240},{"type":"setBgColor","color":0,"time":502.25,"angle":240},{"type":"setBgColor","color":2,"time":509.875,"angle":240},{"type":"setBgColor","color":0,"time":510.25,"angle":240},{"type":"setBgColor","color":2,"time":513.875,"angle":240},{"type":"setBgColor","color":0,"time":514.25,"angle":240},{"type":"ease","ease":"linear","var":"vfx.canvPos.sx","duration":24,"time":518,"value":1.5,"angle":-225},{"type":"ease","ease":"linear","var":"vfx.canvPos.sy","duration":24,"time":518,"value":1.5,"angle":-247.5},{"type":"ease","ease":"linear","var":"vfx.canvPos.sx","time":542,"value":1,"angle":-337.5},{"type":"ease","var":"vfx.canvPos.sy","time":542,"value":1,"angle":-315},{"type":"forcePlayerSprite","spriteName":"","time":542,"angle":-405},{"type":"setBgColor","color":2,"time":518,"angle":-510},{"b":255,"color":0,"g":255,"type":"setColor","ease":"linear","r":255,"time":518,"duration":16,"angle":-300},{"type":"setBgColor","color":0,"time":542,"angle":-270},{"b":0,"color":1,"g":0,"type":"setColor","r":0,"time":542,"duration":0,"angle":-285},{"type":"outline","color":0,"time":542,"enable":true,"angle":-255},{"type":"noise","color":1,"chance":0.94999998807907,"time":518,"angle":-210},{"type":"noise","color":0,"chance":0,"time":542,"angle":-300},{"type":"forcePlayerSprite","spriteName":"angry","time":518,"angle":90},{"type":"ease","var":"scrollSpeed","time":548.125,"value":1.5,"angle":67.5},{"type":"setColor","b":219,"color":1,"r":90,"time":442,"g":202,"angle":330},{"type":"setColor","b":235,"color":0,"r":102,"time":106,"g":73,"angle":225},{"type":"setColor","b":88,"color":1,"r":250,"time":106,"g":199,"angle":240},{"type":"setColor","b":143,"color":2,"r":227,"time":106,"g":56,"angle":255},{"type":"setColor","b":92,"color":3,"r":186,"time":106,"g":43,"angle":270},{"ox":0,"x":-25,"y":270,"drawLayer":"bg","drawOrder":0,"sx":1.0499999523163,"id":"synthbg","type":"deco","sprite":"synthbg!synthbganim","time":106,"angle":75},{"type":"setColor","b":229,"color":5,"r":134,"time":106,"g":74,"angle":285},{"type":"setColor","b":0,"color":4,"r":0,"time":250,"g":255,"angle":120},{"type":"setColor","b":255,"color":0,"r":255,"time":250,"g":255,"angle":45},{"type":"deco","angle":345,"time":250,"hide":true,"id":"sunbg"},{"type":"deco","angle":315,"time":250,"hide":true,"id":"synthbg"},{"type":"outline","color":1,"time":486,"enable":false,"angle":45},{"type":"setColor","b":0,"color":1,"r":0,"time":486,"g":0,"angle":60},{"type":"setColor","b":255,"color":0,"r":255,"time":72.75,"g":255,"angle":75},{"type":"setColor","b":218,"color":3,"r":70,"time":72.75,"g":146,"angle":120},{"x":0,"y":0,"drawLayer":"bg","drawOrder":0,"id":"chorusbackground","type":"deco","sprite":"chorusbackground.png","time":72,"angle":60},{"type":"deco","angle":45,"time":106,"hide":true,"id":"chorusbackground"},{"type":"ease","var":"vfx.hglitch.strength","time":706,"value":5,"angle":360},{"type":"ease","var":"vfx.hglitch.resolution","time":706,"value":5,"angle":345},{"type":"setColor","b":226,"color":2,"r":80,"time":72.75,"g":212,"angle":105},{"type":"hom","enable":true,"time":72,"angle":135},{"type":"noise","color":4,"chance":0.10999998450279,"time":72,"angle":165},{"type":"setColor","b":179,"color":1,"r":78,"time":72.75,"g":23,"angle":90},{"type":"setColor","b":235,"color":4,"r":213,"time":72.75,"g":47,"angle":180},{"type":"setColor","b":92,"color":5,"r":242,"time":72.75,"g":216,"angle":195},{"type":"setColor","b":135,"color":6,"r":242,"time":72.75,"g":110,"angle":210},{"type":"setColor","b":227,"color":7,"r":155,"time":72.75,"g":17,"angle":225},{"type":"setColor","b":215,"color":1,"r":92,"time":2,"g":222,"angle":60},{"type":"setColor","b":157,"color":1,"r":225,"time":3,"g":82,"angle":45},{"type":"setColor","b":220,"color":1,"r":86,"time":4,"g":153,"angle":45},{"type":"setColor","b":82,"color":1,"r":231,"time":4.5,"g":190,"angle":45},{"type":"setColor","b":133,"color":1,"r":232,"time":5,"g":67,"angle":45},{"type":"setColor","b":215,"color":1,"r":92,"time":5.375,"g":222,"angle":45},{"type":"setColor","b":220,"color":1,"r":185,"time":6,"g":72,"angle":45},{"type":"setColor","b":215,"color":1,"r":92,"time":6.5,"g":222,"angle":45},{"type":"setColor","b":90,"color":1,"r":227,"time":7.5,"g":90,"angle":45},{"type":"setColor","color":1,"time":8,"angle":45},{"type":"setColor","b":214,"color":1,"r":71,"time":9,"g":132,"angle":45},{"type":"setColor","b":0,"color":1,"r":0,"time":10,"g":0,"angle":45},{"type":"setColor","b":220,"color":0,"r":98,"time":106,"g":82,"angle":195},{"type":"setColor","b":255,"color":3,"r":0,"time":250,"g":0,"angle":105},{"type":"setColor","b":0,"color":1,"r":0,"time":250,"g":0,"angle":60},{"type":"setColor","b":0,"color":5,"r":255,"time":250,"g":255,"angle":150},{"type":"setColor","b":255,"color":6,"r":255,"time":250,"g":0,"angle":165},{"type":"setColor","b":255,"color":7,"r":0,"time":250,"g":255,"angle":180},{"type":"setColor","b":255,"color":0,"r":255,"time":343,"g":255,"angle":315},{"type":"noise","color":0,"chance":0,"time":106,"angle":60},{"type":"hom","enable":false,"time":106,"angle":30},{"x":0,"y":0,"drawLayer":"bg","id":"int","type":"deco","sprite":"internet#0","time":66,"angle":270},{"type":"setColor","b":148,"color":2,"r":224,"time":66,"g":93,"angle":60},{"type":"setColor","b":221,"color":3,"r":84,"time":66,"g":119,"angle":45},{"type":"setColor","b":103,"color":4,"r":106,"time":66,"g":222,"angle":30},{"type":"setColor","b":90,"color":5,"r":227,"time":66,"g":224,"angle":15},{"type":"setColor","b":219,"color":6,"r":154,"time":66,"g":94,"angle":0},{"type":"setColor","b":208,"color":7,"r":101,"time":66,"g":212,"angle":345},{"type":"deco","sprite":"internet#1","time":67,"id":"int","angle":270},{"type":"deco","sprite":"internet#2","time":68,"id":"int","angle":270},{"x":0,"y":180,"drawLayer":"bg","id":"yam","type":"deco","sprite":"yamero#3","time":70,"angle":255},{"type":"deco","sprite":"internet#2","time":69,"id":"int","angle":270},{"type":"deco","sprite":"internet#2","time":70,"id":"int","angle":270},{"type":"deco","sprite":"internet#2","time":71,"id":"int","angle":270},{"type":"deco","angle":270,"sprite":"internet#2","drawOrder":1,"time":72,"drawLayer":"bg","id":"int"},{"type":"deco","sprite":"yamero#4","time":71,"id":"yam","angle":255},{"type":"deco","angle":255,"sprite":"yamero#5","drawOrder":1,"time":72,"drawLayer":"bg","id":"yam"},{"x":0,"y":-180,"duration":0.25,"id":"int","type":"deco","ease":"outQuad","time":72.625,"angle":270},{"x":0,"y":360,"duration":0.25,"id":"yam","type":"deco","ease":"linear","time":72.625,"angle":255},{"x":0,"y":0,"drawLayer":"bg","id":"ttbg","type":"deco","sprite":"tiktokbg.png","time":343,"angle":180},{"type":"setColor","b":45,"color":1,"r":11,"time":343,"g":14,"angle":300},{"type":"setColor","b":87,"color":2,"r":236,"time":343,"g":43,"angle":285},{"type":"setColor","b":255,"color":5,"r":253,"time":343,"g":173,"angle":240},{"type":"setColor","b":75,"color":6,"r":188,"time":343,"g":75,"angle":225},{"type":"setColor","b":255,"color":7,"r":241,"time":343,"g":119,"angle":210},{"type":"setColor","b":208,"color":3,"r":211,"time":343,"g":99,"angle":270},{"type":"deco","sy":0,"angle":45,"time":410,"sx":0,"id":"ttbg"},{"type":"setColor","b":255,"color":3,"r":0,"time":410,"g":0,"angle":330},{"type":"setColor","b":0,"color":2,"r":255,"time":410,"g":0,"angle":315},{"type":"setColor","b":255,"color":0,"r":255,"time":410,"g":255,"angle":285},{"type":"setColor","b":0,"color":1,"r":0,"time":410,"g":0,"angle":300},{"type":"setColor","color":4,"time":410,"g":255,"angle":30},{"type":"setColor","b":0,"color":5,"r":255,"time":410,"g":255,"angle":60},{"type":"setColor","b":255,"color":6,"r":255,"time":410,"g":0,"angle":75},{"type":"setColor","b":255,"color":7,"r":0,"time":410,"g":255,"angle":90},{"x":0,"y":0,"drawLayer":"bg","drawOrder":1,"id":"ttbar","type":"deco","sprite":"tiktokbars.png","time":343,"angle":195},{"type":"setColor","b":115,"color":4,"r":84,"time":343,"g":31,"angle":255},{"type":"setColor","b":68,"color":2,"r":235,"time":344,"g":222,"angle":285},{"type":"setColor","b":87,"color":2,"r":236,"time":345,"g":43,"angle":285},{"type":"setColor","b":68,"color":2,"r":235,"time":346,"g":222,"angle":285},{"type":"setColor","b":87,"color":2,"r":236,"time":347,"g":43,"angle":285},{"type":"setColor","b":68,"color":2,"r":235,"time":348,"g":222,"angle":285},{"type":"setColor","b":87,"color":2,"r":236,"time":349,"g":43,"angle":285},{"type":"setColor","b":68,"color":2,"r":235,"time":350,"g":222,"angle":285},{"type":"setColor","b":87,"color":2,"r":236,"time":351,"g":43,"angle":285},{"type":"setColor","b":68,"color":2,"r":235,"time":352,"g":222,"angle":285},{"type":"setColor","b":87,"color":2,"r":236,"time":353,"g":43,"angle":285},{"type":"setColor","b":68,"color":2,"r":235,"time":354,"g":222,"angle":285},{"type":"setColor","b":87,"color":2,"r":236,"time":355,"g":43,"angle":285},{"type":"setColor","b":68,"color":2,"r":235,"time":356,"g":222,"angle":285},{"type":"setColor","b":87,"color":2,"r":236,"time":357,"g":43,"angle":285},{"type":"setColor","b":68,"color":2,"r":235,"time":358,"g":222,"angle":285},{"type":"setColor","b":87,"color":2,"r":236,"time":359,"g":43,"angle":285},{"type":"setColor","b":68,"color":2,"r":235,"time":360,"g":222,"angle":285},{"type":"setColor","b":87,"color":2,"r":236,"time":361,"g":43,"angle":285},{"type":"setColor","b":68,"color":2,"r":235,"time":362,"g":222,"angle":300},{"type":"setColor","b":87,"color":2,"r":236,"time":363,"g":43,"angle":300},{"type":"setColor","b":68,"color":2,"r":235,"time":364,"g":222,"angle":285},{"type":"setColor","b":87,"color":2,"r":236,"time":365,"g":43,"angle":285},{"type":"setColor","b":68,"color":2,"r":235,"time":366,"g":222,"angle":285},{"type":"setColor","b":87,"color":2,"r":236,"time":367,"g":43,"angle":285},{"type":"setColor","b":68,"color":2,"r":235,"time":368,"g":222,"angle":285},{"type":"setColor","b":87,"color":2,"r":236,"time":369,"g":43,"angle":285},{"type":"setColor","b":68,"color":2,"r":235,"time":370,"g":222,"angle":285},{"type":"setColor","b":87,"color":2,"r":236,"time":371,"g":43,"angle":285},{"type":"setColor","b":68,"color":2,"r":235,"time":372,"g":222,"angle":285},{"type":"setColor","b":87,"color":2,"r":236,"time":373,"g":43,"angle":285},{"type":"setColor","b":68,"color":2,"r":235,"time":374,"g":222,"angle":285},{"type":"setColor","b":87,"color":2,"r":236,"time":375,"g":43,"angle":285},{"type":"setColor","b":68,"color":2,"r":235,"time":376,"g":222,"angle":285},{"type":"setColor","b":87,"color":2,"r":236,"time":377,"g":43,"angle":285},{"type":"setColor","b":68,"color":2,"r":235,"time":378,"g":222,"angle":285},{"type":"setColor","b":87,"color":2,"r":236,"time":379,"g":43,"angle":285},{"type":"setColor","b":68,"color":2,"r":235,"time":380,"g":222,"angle":285},{"type":"setColor","b":87,"color":2,"r":236,"time":381,"g":43,"angle":285},{"type":"setColor","b":68,"color":2,"r":235,"time":382,"g":222,"angle":285},{"type":"setColor","b":87,"color":2,"r":236,"time":383,"g":43,"angle":285},{"type":"setColor","b":68,"color":2,"r":235,"time":384,"g":222,"angle":285},{"type":"setColor","b":87,"color":2,"r":236,"time":385,"g":43,"angle":285},{"type":"setColor","b":68,"color":2,"r":235,"time":386,"g":222,"angle":285},{"type":"setColor","b":87,"color":2,"r":236,"time":387,"g":43,"angle":285},{"type":"setColor","b":68,"color":2,"r":235,"time":388,"g":222,"angle":285},{"type":"setColor","b":87,"color":2,"r":236,"time":389,"g":43,"angle":285},{"type":"setColor","b":68,"color":2,"r":235,"time":390,"g":222,"angle":285},{"type":"setColor","b":87,"color":2,"r":236,"time":391,"g":43,"angle":285},{"type":"setColor","b":68,"color":2,"r":235,"time":392,"g":222,"angle":285},{"type":"setColor","b":87,"color":2,"r":236,"time":393,"g":43,"angle":285},{"type":"setColor","b":68,"color":2,"r":235,"time":394,"g":222,"angle":285},{"type":"setColor","b":87,"color":2,"r":236,"time":395,"g":43,"angle":285},{"type":"setColor","b":68,"color":2,"r":235,"time":396,"g":222,"angle":285},{"type":"setColor","b":87,"color":2,"r":236,"time":397,"g":43,"angle":285},{"type":"setColor","b":68,"color":2,"r":235,"time":398,"g":222,"angle":285},{"type":"setColor","b":87,"color":2,"r":236,"time":399,"g":43,"angle":285},{"type":"setColor","b":68,"color":2,"r":235,"time":400,"g":222,"angle":285},{"type":"setColor","b":87,"color":2,"r":236,"time":401,"g":43,"angle":285},{"type":"setColor","b":68,"color":2,"r":235,"time":402,"g":222,"angle":285},{"type":"setColor","b":87,"color":2,"r":236,"time":403,"g":43,"angle":285},{"type":"setColor","b":68,"color":2,"r":235,"time":404,"g":222,"angle":285},{"type":"setColor","b":87,"color":2,"r":236,"time":405,"g":43,"angle":285},{"type":"setColor","b":68,"color":2,"r":235,"time":406,"g":222,"angle":285},{"type":"setColor","b":87,"color":2,"r":236,"time":407,"g":43,"angle":285},{"type":"setColor","b":68,"color":2,"r":235,"time":408,"g":222,"angle":285},{"type":"setColor","b":87,"color":2,"r":236,"time":409,"g":43,"angle":285},{"type":"deco","recolor":-1,"sy":0,"id":"ttbar","time":410,"sx":0,"angle":270},{"type":"setColor","b":0,"color":1,"r":0,"time":678,"g":0,"angle":360},{"type":"outline","color":1,"time":550,"enable":false,"angle":135},{"type":"setColor","b":255,"color":0,"r":255,"time":550,"g":255,"angle":315},{"x":0,"y":0,"drawLayer":"bg","id":"ttbg2","type":"deco","sprite":"tiktokbg.png","time":550,"recolor":-1,"angle":180},{"type":"setColor","b":4,"color":1,"r":3,"time":550,"g":3,"angle":300},{"type":"setColor","b":87,"color":2,"r":236,"time":550,"g":43,"angle":285},{"type":"setColor","b":255,"color":5,"r":253,"time":550,"g":173,"angle":240},{"type":"setColor","b":75,"color":6,"r":188,"time":550,"g":75,"angle":225},{"type":"setColor","b":255,"color":7,"r":241,"time":550,"g":119,"angle":210},{"type":"setColor","b":208,"color":3,"r":211,"time":550,"g":99,"angle":270},{"x":0,"y":0,"drawLayer":"bg","drawOrder":1,"id":"ttbarl","type":"deco","sprite":"tiktokbarl.png","recolor":-1,"time":550,"angle":195},{"type":"setColor","b":115,"color":4,"r":84,"time":550,"g":31,"angle":255},{"type":"deco","time":442,"angle":315,"recolor":0,"hide":true,"id":"ttbg"},{"type":"deco","time":442,"angle":45,"recolor":0,"hide":true,"id":"ttbar"},{"type":"setColor","b":255,"color":0,"r":255,"time":442,"g":255,"angle":67.5},{"type":"setBgColor","color":0,"time":550,"angle":157.5},{"x":-169,"y":0,"duration":1,"id":"ttbarl","type":"deco","ease":"linear","time":581,"angle":202.5},{"x":431,"y":0,"drawLayer":"bg","drawOrder":1,"id":"ttbarr","type":"deco","sprite":"tiktokbarr.png","time":550,"angle":112.5},{"x":600,"y":0,"duration":1,"id":"ttbarr","type":"deco","ease":"linear","time":581,"angle":180},{"type":"setColor","b":107,"color":2,"r":232,"time":551,"g":222,"angle":285},{"type":"setColor","b":225,"color":2,"r":67,"time":552,"g":186,"angle":285},{"type":"setColor","b":217,"color":2,"r":124,"time":553,"g":65,"angle":285},{"type":"setColor","b":87,"color":2,"r":236,"time":554,"g":43,"angle":285},{"type":"setColor","b":57,"color":5,"r":185,"time":554,"g":78,"angle":240},{"type":"setColor","b":75,"color":6,"r":188,"time":554,"g":75,"angle":225},{"type":"setColor","b":119,"color":7,"r":255,"time":554,"g":168,"angle":210},{"type":"setColor","b":83,"color":3,"r":215,"time":554,"g":118,"angle":270},{"type":"setColor","b":107,"color":2,"r":232,"time":555,"g":222,"angle":285},{"type":"setColor","b":225,"color":2,"r":67,"time":556,"g":186,"angle":285},{"type":"setColor","b":217,"color":2,"r":124,"time":557,"g":65,"angle":285},{"type":"setColor","b":87,"color":2,"r":236,"time":558,"g":43,"angle":285},{"type":"setColor","b":201,"color":5,"r":99,"time":558,"g":211,"angle":240},{"type":"setColor","b":188,"color":6,"r":75,"time":558,"g":135,"angle":225},{"type":"setColor","b":168,"color":7,"r":119,"time":558,"g":255,"angle":210},{"type":"setColor","b":168,"color":3,"r":119,"time":558,"g":255,"angle":270},{"type":"setColor","b":107,"color":2,"r":232,"time":559,"g":222,"angle":285},{"type":"setColor","b":225,"color":2,"r":67,"time":560,"g":186,"angle":285},{"type":"setColor","b":217,"color":2,"r":124,"time":561,"g":65,"angle":285},{"type":"setColor","b":87,"color":2,"r":236,"time":562,"g":43,"angle":285},{"type":"setColor","b":211,"color":5,"r":99,"time":562,"g":105,"angle":240},{"type":"setColor","b":188,"color":6,"r":132,"time":562,"g":75,"angle":225},{"type":"setColor","b":255,"color":7,"r":119,"time":562,"g":201,"angle":210},{"type":"setColor","b":211,"color":3,"r":99,"time":562,"g":105,"angle":270},{"type":"setColor","b":225,"color":2,"r":67,"time":612,"g":186,"angle":285},{"type":"setColor","b":107,"color":2,"r":232,"time":563,"g":222,"angle":285},{"type":"setColor","b":225,"color":2,"r":67,"time":564,"g":186,"angle":285},{"type":"setColor","b":217,"color":2,"r":124,"time":565,"g":65,"angle":285},{"type":"setColor","b":87,"color":2,"r":236,"time":566,"g":43,"angle":285},{"type":"setColor","b":255,"color":5,"r":253,"time":566,"g":173,"angle":240},{"type":"setColor","b":75,"color":6,"r":188,"time":566,"g":75,"angle":225},{"type":"setColor","b":255,"color":7,"r":241,"time":566,"g":119,"angle":210},{"type":"setColor","b":208,"color":3,"r":211,"time":566,"g":99,"angle":270},{"type":"setColor","b":115,"color":4,"r":84,"time":566,"g":31,"angle":255},{"type":"setColor","b":107,"color":2,"r":232,"time":567,"g":222,"angle":285},{"type":"setColor","b":225,"color":2,"r":67,"time":568,"g":186,"angle":285},{"type":"setColor","b":217,"color":2,"r":124,"time":569,"g":65,"angle":285},{"type":"setColor","b":87,"color":2,"r":236,"time":570,"g":43,"angle":285},{"type":"setColor","b":57,"color":5,"r":185,"time":570,"g":78,"angle":240},{"type":"setColor","b":75,"color":6,"r":188,"time":570,"g":75,"angle":225},{"type":"setColor","b":119,"color":7,"r":255,"time":570,"g":168,"angle":210},{"type":"setColor","b":83,"color":3,"r":215,"time":570,"g":118,"angle":270},{"type":"setColor","b":107,"color":2,"r":232,"time":571,"g":222,"angle":285},{"type":"setColor","b":225,"color":2,"r":67,"time":572,"g":186,"angle":285},{"type":"setColor","b":217,"color":2,"r":124,"time":573,"g":65,"angle":285},{"type":"setColor","b":87,"color":2,"r":236,"time":574,"g":43,"angle":285},{"type":"setColor","b":201,"color":5,"r":99,"time":574,"g":211,"angle":240},{"type":"setColor","b":188,"color":6,"r":75,"time":574,"g":135,"angle":225},{"type":"setColor","b":168,"color":7,"r":119,"time":574,"g":255,"angle":210},{"type":"setColor","b":168,"color":3,"r":119,"time":574,"g":255,"angle":270},{"type":"setColor","b":107,"color":2,"r":232,"time":575,"g":222,"angle":285},{"type":"setColor","b":225,"color":2,"r":67,"time":576,"g":186,"angle":285},{"type":"setColor","b":217,"color":2,"r":124,"time":577,"g":65,"angle":285},{"type":"setColor","b":87,"color":2,"r":236,"time":578,"g":43,"angle":285},{"type":"setColor","b":211,"color":5,"r":99,"time":578,"g":105,"angle":240},{"type":"setColor","b":188,"color":6,"r":132,"time":578,"g":75,"angle":225},{"type":"setColor","b":255,"color":7,"r":119,"time":578,"g":201,"angle":210},{"type":"setColor","b":211,"color":3,"r":99,"time":578,"g":105,"angle":270},{"type":"setColor","b":107,"color":2,"r":232,"time":579,"g":222,"angle":285},{"type":"setColor","b":225,"color":2,"r":67,"time":580,"g":186,"angle":285},{"type":"setColor","b":217,"color":2,"r":124,"time":581,"g":65,"angle":285},{"type":"setColor","b":87,"color":2,"r":236,"time":582,"g":43,"angle":285},{"type":"setColor","b":255,"color":5,"r":253,"time":582,"g":173,"angle":240},{"type":"setColor","b":75,"color":6,"r":188,"time":582,"g":75,"angle":225},{"type":"setColor","b":255,"color":7,"r":241,"time":582,"g":119,"angle":210},{"type":"setColor","b":208,"color":3,"r":211,"time":582,"g":99,"angle":270},{"type":"setColor","b":115,"color":4,"r":84,"time":582,"g":31,"angle":255},{"type":"setColor","b":107,"color":2,"r":232,"time":583,"g":222,"angle":285},{"type":"setColor","b":225,"color":2,"r":67,"time":584,"g":186,"angle":285},{"type":"setColor","b":217,"color":2,"r":124,"time":585,"g":65,"angle":285},{"type":"setColor","b":87,"color":2,"r":236,"time":586,"g":43,"angle":285},{"type":"setColor","b":57,"color":5,"r":185,"time":586,"g":78,"angle":240},{"type":"setColor","b":75,"color":6,"r":188,"time":586,"g":75,"angle":225},{"type":"setColor","b":119,"color":7,"r":255,"time":586,"g":168,"angle":210},{"type":"setColor","b":83,"color":3,"r":215,"time":586,"g":118,"angle":270},{"type":"setColor","b":107,"color":2,"r":232,"time":587,"g":222,"angle":285},{"type":"setColor","b":225,"color":2,"r":67,"time":588,"g":186,"angle":285},{"type":"setColor","b":217,"color":2,"r":124,"time":589,"g":65,"angle":285},{"type":"setColor","b":87,"color":2,"r":236,"time":590,"g":43,"angle":285},{"type":"setColor","b":201,"color":5,"r":99,"time":590,"g":211,"angle":240},{"type":"setColor","b":188,"color":6,"r":75,"time":590,"g":135,"angle":225},{"type":"setColor","b":168,"color":7,"r":119,"time":590,"g":255,"angle":210},{"type":"setColor","b":168,"color":3,"r":119,"time":590,"g":255,"angle":270},{"type":"setColor","b":107,"color":2,"r":232,"time":591,"g":222,"angle":285},{"type":"setColor","b":225,"color":2,"r":67,"time":592,"g":186,"angle":285},{"type":"setColor","b":217,"color":2,"r":124,"time":593,"g":65,"angle":285},{"type":"setColor","b":87,"color":2,"r":236,"time":594,"g":43,"angle":285},{"type":"setColor","b":211,"color":5,"r":99,"time":594,"g":105,"angle":240},{"type":"setColor","b":188,"color":6,"r":132,"time":594,"g":75,"angle":225},{"type":"setColor","b":255,"color":7,"r":119,"time":594,"g":201,"angle":210},{"type":"setColor","b":211,"color":3,"r":99,"time":594,"g":105,"angle":270},{"type":"setColor","b":107,"color":2,"r":232,"time":595,"g":222,"angle":285},{"type":"setColor","b":225,"color":2,"r":67,"time":596,"g":186,"angle":285},{"type":"setColor","b":217,"color":2,"r":124,"time":597,"g":65,"angle":285},{"type":"setColor","b":87,"color":2,"r":236,"time":598,"g":43,"angle":285},{"type":"setColor","b":255,"color":5,"r":253,"time":598,"g":173,"angle":240},{"type":"setColor","b":75,"color":6,"r":188,"time":598,"g":75,"angle":225},{"type":"setColor","b":255,"color":7,"r":241,"time":598,"g":119,"angle":210},{"type":"setColor","b":208,"color":3,"r":211,"time":598,"g":99,"angle":270},{"type":"setColor","b":115,"color":4,"r":84,"time":598,"g":31,"angle":255},{"type":"setColor","b":107,"color":2,"r":232,"time":599,"g":222,"angle":285},{"type":"setColor","b":225,"color":2,"r":67,"time":600,"g":186,"angle":285},{"type":"setColor","b":217,"color":2,"r":124,"time":601,"g":65,"angle":285},{"type":"setColor","b":87,"color":2,"r":236,"time":602,"g":43,"angle":285},{"type":"setColor","b":57,"color":5,"r":185,"time":602,"g":78,"angle":240},{"type":"setColor","b":75,"color":6,"r":188,"time":602,"g":75,"angle":225},{"type":"setColor","b":119,"color":7,"r":255,"time":602,"g":168,"angle":210},{"type":"setColor","b":83,"color":3,"r":215,"time":602,"g":118,"angle":270},{"type":"setColor","b":107,"color":2,"r":232,"time":603,"g":222,"angle":285},{"type":"setColor","b":225,"color":2,"r":67,"time":604,"g":186,"angle":285},{"type":"setColor","b":217,"color":2,"r":124,"time":605,"g":65,"angle":285},{"type":"setColor","b":87,"color":2,"r":236,"time":606,"g":43,"angle":285},{"type":"setColor","b":201,"color":5,"r":99,"time":606,"g":211,"angle":240},{"type":"setColor","b":188,"color":6,"r":75,"time":606,"g":135,"angle":225},{"type":"setColor","b":168,"color":7,"r":119,"time":606,"g":255,"angle":210},{"type":"setColor","b":168,"color":3,"r":119,"time":606,"g":255,"angle":270},{"type":"setColor","b":107,"color":2,"r":232,"time":607,"g":222,"angle":285},{"type":"setColor","b":225,"color":2,"r":67,"time":608,"g":186,"angle":285},{"type":"setColor","b":217,"color":2,"r":124,"time":609,"g":65,"angle":285},{"type":"setColor","b":87,"color":2,"r":236,"time":610,"g":43,"angle":285},{"type":"setColor","b":211,"color":5,"r":99,"time":610,"g":105,"angle":240},{"type":"setColor","b":188,"color":6,"r":132,"time":610,"g":75,"angle":225},{"type":"setColor","b":255,"color":7,"r":119,"time":610,"g":201,"angle":210},{"type":"setColor","b":211,"color":3,"r":99,"time":610,"g":105,"angle":270},{"type":"setColor","b":107,"color":2,"r":232,"time":611,"g":222,"angle":285},{"type":"setColor","b":225,"color":2,"r":67,"time":612,"g":186,"angle":285},{"type":"deco","angle":315,"time":678,"hide":true,"id":"bridge"},{"x":0,"y":0,"drawLayer":"bg","id":"bridge","type":"deco","sprite":"bridgebg.png","time":614,"angle":180},{"type":"deco","angle":202.5,"time":614,"hide":true,"id":"ttbg2"},{"type":"setColor","b":102,"color":1,"r":226,"time":614,"g":148,"angle":225},{"type":"setColor","b":149,"color":2,"r":104,"time":614,"g":31,"angle":240},{"type":"setColor","b":255,"color":3,"r":122,"time":614,"g":122,"angle":255},{"type":"setColor","b":255,"color":4,"r":178,"time":614,"g":182,"angle":270},{"type":"setColor","b":73,"color":5,"r":237,"time":614,"g":211,"angle":285},{"type":"setColor","b":152,"color":6,"r":255,"time":614,"g":73,"angle":300},{"type":"setBgColor","color":2,"time":614,"angle":330},{"type":"setColor","b":255,"color":7,"r":94,"time":614,"g":201,"angle":315},{"type":"setColor","b":84,"color":1,"r":166,"time":616,"g":237,"angle":225},{"type":"setColor","b":248,"color":1,"r":110,"time":618,"g":160,"angle":225},{"type":"setColor","b":248,"color":1,"r":206,"time":623,"g":160,"angle":195},{"type":"setColor","b":125,"color":1,"r":85,"time":626,"g":229,"angle":225},{"type":"setColor","b":150,"color":1,"r":244,"time":627,"g":64,"angle":225},{"type":"setColor","b":242,"color":1,"r":129,"time":628,"g":241,"angle":225},{"type":"setColor","b":108,"color":1,"r":233,"time":630,"g":169,"angle":225},{"type":"setColor","b":254,"color":1,"r":175,"time":632,"g":137,"angle":225},{"type":"setColor","b":81,"color":1,"r":179,"time":634,"g":212,"angle":225},{"type":"setColor","b":90,"color":1,"r":251,"time":640,"g":128,"angle":225},{"type":"setColor","b":132,"color":1,"r":243,"time":642,"g":246,"angle":225},{"type":"setColor","b":245,"color":1,"r":231,"time":643,"g":151,"angle":225},{"type":"setColor","b":178,"color":1,"r":76,"time":644,"g":250,"angle":225},{"type":"setColor","b":193,"color":1,"r":237,"time":646,"g":154,"angle":225},{"type":"setColor","b":142,"color":1,"r":177,"time":648,"g":237,"angle":225},{"type":"setColor","b":237,"color":1,"r":144,"time":650,"g":208,"angle":225},{"type":"setColor","b":147,"color":1,"r":233,"time":654,"g":108,"angle":225},{"type":"setColor","b":114,"color":1,"r":215,"time":655,"g":236,"angle":225},{"type":"setColor","b":232,"color":1,"r":177,"time":656,"g":110,"angle":225},{"type":"setColor","b":125,"color":1,"r":242,"time":658,"g":126,"angle":225},{"type":"setColor","b":185,"color":1,"r":104,"time":659,"g":230,"angle":225},{"type":"setColor","b":85,"color":1,"r":161,"time":660,"g":227,"angle":225},{"type":"setColor","b":93,"color":1,"r":235,"time":662,"g":128,"angle":225},{"type":"setColor","b":119,"color":1,"r":81,"time":664,"g":236,"angle":225},{"type":"setColor","b":85,"color":1,"r":211,"time":666,"g":225,"angle":225},{"type":"setColor","b":241,"color":1,"r":140,"time":668,"g":109,"angle":225},{"type":"setColor","b":245,"color":1,"r":116,"time":670,"g":204,"angle":225},{"type":"setColor","b":96,"color":1,"r":254,"time":671,"g":205,"angle":225},{"type":"setColor","b":245,"color":1,"r":79,"time":674,"g":223,"angle":270},{"type":"setColor","b":245,"color":1,"r":238,"time":675,"g":152,"angle":270},{"type":"setColor","b":248,"color":1,"r":59,"time":676,"g":87,"angle":270},{"type":"setColor","b":29,"color":2,"r":166,"time":518,"g":29,"angle":195},{"type":"setColor","b":123,"color":0,"r":250,"time":542,"g":123,"angle":120},{"type":"setColor","b":142,"color":0,"r":235,"time":543,"g":198,"angle":120},{"type":"setColor","b":141,"color":0,"r":244,"time":544,"g":241,"angle":120},{"type":"setColor","b":127,"color":0,"r":151,"time":545,"g":227,"angle":120},{"type":"setColor","b":229,"color":0,"r":119,"time":546,"g":215,"angle":120},{"type":"setColor","b":215,"color":0,"r":101,"time":547,"g":145,"angle":120},{"type":"setColor","b":227,"color":0,"r":185,"time":548,"g":127,"angle":120}],"properties":{"formatversion":13,"offset":8,"speed":70}}