[{"angle":270,"time":2.875,"tap":true,"type":"block"},{"angle":270,"time":3.875,"tap":true,"type":"block"},{"time":2.875,"angle":281.25,"type":"extraTap"},{"time":3.875,"angle":281.25,"type":"extraTap"},{"time":2.875,"angle":264.375,"type":"block"},{"time":2.875,"angle":275.625,"type":"block"},{"angle":264.375,"time":3.875,"type":"block"},{"time":3.875,"angle":275.625,"type":"block"},{"duration":1,"angle":0,"angle2":-90,"time":1,"startTap":true,"type":"hold"},{"duration":0.875,"angle":348.75,"angle2":270,"time":1.125,"type":"hold"},{"duration":0.75,"angle":337.5,"angle2":270,"time":1.25,"type":"hold"},{"angle":326.25,"time":1.375,"type":"block"},{"duration":2,"angle":270,"angle2":393.75,"time":4.75,"type":"hold","endTap":false},{"duration":1.75,"angle":270,"angle2":399.375,"time":4.75,"type":"hold","endTap":true},{"angle":78.75,"speedMult":2,"time":7,"type":"block"},{"angle":129.375,"speedMult":2,"time":7.75,"type":"block"},{"angle":45,"speedMult":2,"time":6.625,"type":"block"},{"duration":1.5625,"angle":146.25,"angle2":230.625,"time":8.8125,"type":"hold","endTap":true},{"angle":157.5,"time":9,"type":"block"},{"angle":270,"time":10.9375,"type":"block"},{"duration":1,"angle":270,"angle2":270,"time":10.9375,"type":"hold"},{"angle":270,"time":11.625,"type":"block"},{"angle":281.25,"time":11.5,"type":"block"},{"time":12.75,"angle":258.75,"type":"extraTap"},{"angle":258.75,"time":14.25,"type":"extraTap"},{"angle":258.75,"time":13.5,"type":"extraTap"},{"angle":295.3125,"time":12.75,"type":"block"},{"angle":351.5625,"time":13.5,"type":"block"},{"angle":343.125,"time":13.5,"type":"block"},{"angle":47.8125,"time":14.25,"type":"block"},{"angle":59.0625,"time":14.25,"type":"block"},{"angle":70.3125,"time":14.25,"type":"block"},{"angle":360,"time":15.4375,"type":"block"},{"angle":90,"time":15.9375,"type":"block"},{"angle":191.25,"time":17,"tap":true,"type":"block"},{"duration":1.0625,"angle":360,"angle2":540,"time":15.4375,"type":"hold"},{"angle":236.25,"speedMult":2,"time":17.9375,"tap":true,"type":"block"},{"angle":247.5,"speedMult":2,"time":18.25,"type":"block"},{"angle":303.75,"speedMult":2,"time":19.375,"type":"block"},{"duration":1.125,"angle":247.5,"angle2":303.75,"speedMult":1.75,"time":18.25,"type":"hold"},{"angle":303.75,"speedMult":2,"time":19.625,"type":"block"},{"duration":1.5,"angle":348.75,"angle2":483.75,"time":20.6875,"type":"hold"},{"duration":1.5,"angle":348.75,"angle2":483.75,"time":20.5,"type":"hold","endTap":true},{"duration":1.5,"angle":348.75,"angle2":483.75,"time":20.875,"type":"hold","startTap":true},{"angle":157.5,"speedMult":2,"time":24,"type":"block"},{"angle":157.5,"speedMult":2,"time":23.5625,"type":"block"},{"angle":180,"speedMult":2,"time":24.4375,"type":"block"},{"angle":202.5,"speedMult":2,"time":25,"type":"block"},{"angle":258.75,"speedMult":2,"time":26,"type":"block"},{"angle":247.5,"speedMult":2,"time":26.375,"type":"block"},{"angle":315,"speedMult":2,"time":27.4375,"type":"block"},{"duration":2,"angle":11.25,"angle2":517.5,"speedMult":2,"time":28.3125,"type":"hold"},{"angle":247.5,"speedMult":2,"time":31,"type":"block"},{"angle":236.25,"speedMult":2,"time":31.125,"type":"block"},{"angle":247.5,"speedMult":2,"time":31.375,"type":"block"},{"angle":258.75,"speedMult":2,"time":31.375,"type":"block"},{"angle":270,"speedMult":2,"time":31.5,"type":"block"},{"angle":22.5,"speedMult":0.69999998807907,"time":32.0625,"type":"block","tap":true},{"duration":1,"angle":320.625,"angle2":371.25,"time":32.625,"type":"hold"},{"duration":2.125,"angle":45,"angle2":810,"time":36.1875,"type":"hold"},{"angle":50.625,"speedMult":2,"time":34.125,"type":"block"},{"angle":180,"speedMult":2,"time":39.75,"type":"block"},{"angle":180,"speedMult":2,"time":40.1875,"type":"block"},{"angle":258.75,"speedMult":2,"time":41,"type":"block"},{"angle":303.75,"speedMult":2,"time":41.875,"type":"block"},{"angle":56.25,"speedMult":2,"time":42.875,"type":"block"},{"angle":180,"speedMult":2,"time":43.875,"type":"block"},{"angle":303.75,"speedMult":2,"time":41.875,"type":"extraTap"},{"angle":258.75,"speedMult":2,"time":41,"type":"extraTap"},{"angle":56.25,"speedMult":2,"time":42.875,"type":"extraTap"},{"angle":180,"speedMult":2,"time":43.875,"type":"extraTap"},{"angle":112.5,"speedMult":2,"time":8.25,"type":"block"},{"angle":270,"time":12.25,"type":"block"},{"time":32.5,"angle":320.625,"type":"block"},{"angle":45,"time":33.9375,"type":"block"},{"angle":90,"time":34.4375,"type":"block"},{"angle":112.5,"time":35,"type":"block"},{"time":35.5625,"angle":84.375,"type":"block"},{"angle":95.625,"speedMult":2,"time":7.375,"type":"block"}]