{"events":[{"bpm":150,"angle":270,"volume":2,"time":0.125,"file":"tportintro.ogg","type":"play"},{"enable":true,"angle":292.5,"color":2,"type":"outline","time":0},{"r":50,"angle":309.375,"b":20,"g":138,"time":0,"type":"setColor","color":1},{"r":95,"angle":326.25,"b":71,"g":223,"time":0,"type":"setColor","color":0},{"r":255,"angle":343.125,"b":255,"g":255,"time":0,"type":"setColor","color":2},{"duration":1,"ease":"inOutBack","value":1,"var":"vfx.canvPos.sx","time":0.0625,"type":"ease","angle":0},{"value":2,"angle":36.5625,"var":"vfx.canvPos.sx","time":0,"type":"ease"},{"value":2,"angle":56.25,"var":"vfx.canvPos.sy","time":0,"type":"ease"},{"duration":1,"ease":"inOutBack","value":1,"var":"vfx.canvPos.sy","time":0.0625,"type":"ease","angle":16.875},{"value":200,"angle":90,"var":"p.y","time":0,"type":"ease"},{"duration":0.5,"angle":270,"value":1.25,"var":"vfx.canvPos.sx","time":40.875,"type":"ease","ease":"inOutExpo"},{"value":1.25,"ease":"inOutExpo","angle":281.25,"var":"vfx.canvPos.sy","time":40.875,"type":"ease","duration":0.5},{"value":1.5,"ease":"inOutExpo","angle":292.5,"var":"vfx.canvPos.sy","time":41.75,"type":"ease","duration":0.5},{"value":1.5,"ease":"inOutExpo","angle":281.25,"var":"vfx.canvPos.sx","time":41.75,"type":"ease","duration":0.5},{"duration":0.5,"angle":67.5,"value":1.75,"var":"vfx.canvPos.sy","time":42.75,"type":"ease","ease":"inOutExpo"},{"duration":0.5,"angle":78.75,"value":1.75,"var":"vfx.canvPos.sx","time":42.75,"type":"ease","ease":"inOutExpo"},{"duration":0.5,"ease":"inOutExpo","value":2,"var":"vfx.canvPos.sy","time":43.75,"type":"ease","angle":168.75},{"duration":0.5,"ease":"inOutExpo","value":2,"var":"vfx.canvPos.sx","time":43.75,"type":"ease","angle":157.5},{"duration":4,"angle":180,"value":180,"var":"p.y","time":39,"type":"ease","ease":"inOutCirc"},{"duration":2,"ease":"inOutCirc","value":1.2000000476837,"var":"vfx.canvPos.sx","time":39,"type":"ease","angle":157.5},{"duration":2,"angle":135,"value":1.2000000476837,"var":"vfx.canvPos.sy","time":39,"type":"ease","ease":"inOutCirc"},{"value":0.75,"angle":292.5,"var":"vfx.pixelate","time":40.875,"type":"ease"},{"value":0.5,"angle":270,"var":"vfx.pixelate","time":41.75,"type":"ease"},{"value":0.25,"angle":90,"var":"vfx.pixelate","time":42.75,"type":"ease"},{"value":0.10000000149012,"angle":146.25,"var":"vfx.pixelate","time":43.75,"type":"ease"},{"duration":5.5,"ease":"inOutExpo","value":0.69999998807907,"var":"vfx.canvPos.sx","time":44.75,"type":"ease","angle":180},{"duration":5.5,"ease":"inOutExpo","value":0.69999998807907,"var":"vfx.canvPos.sy","time":44.75,"type":"ease","angle":157.5},{"duration":5,"color":0,"g":255,"r":255,"ease":"inOutExpo","b":255,"time":44.75,"type":"setColor","angle":191.25},{"duration":5,"color":1,"g":255,"r":255,"angle":202.5,"b":255,"time":44.75,"type":"setColor","ease":"inOutExpo"},{"duration":2,"hide":false,"angle":270,"sprite":"two.png","id":"2","sy":0.5,"ease":"inOutExpo","outline":true,"x":180,"y":70,"recolor":0,"time":44.6875,"type":"deco","sx":0.5},{"sy":0,"hide":true,"id":"2","angle":270,"x":200,"y":70,"time":0,"type":"deco","sx":0},{"angle":225,"time":50,"type":"showResults"},{"value":0,"angle":292.5,"var":"p.paddleDistance","time":45.75,"type":"ease"},{"angle":180,"time":0,"spriteName":"beefydie.png","type":"forcePlayerSprite"}],"properties":{"offset":4,"loadBeat":0,"formatversion":12,"speed":70,"startBeat":0},"metadata":{"songName":"Gibberish - TPOT Intro","description":"","difficulty":1,"artist":"Coal Bones","bg":true,"charter":"Eclipse","artistLink":"","bgData":{"redChannel":{"r":95,"g":223,"b":71},"blueChannel":{"r":50,"g":138,"b":20},"greenChannel":{"r":255,"g":255,"b":255},"yellowChannel":{"r":255,"g":255,"b":255},"magentaChannel":{"r":255,"g":255,"b":255},"cyanChannel":{"r":255,"g":255,"b":255},"image":"tpotbackground.png"}}}