[{"type":"block","time":0.073843084275723,"angle":427.5},{"type":"block","time":2.3911955356598,"angle":225},{"type":"block","time":3.3120787143707,"angle":247.5},{"type":"block","time":4.6164579391479,"angle":315},{"type":"block","time":5.2943716049194,"angle":292.5},{"type":"block","time":5.9577231407166,"angle":337.5},{"type":"block","time":6.6101012229919,"angle":360},{"type":"block","time":7.3531227111816,"angle":382.5},{"type":"block","time":9.2015886306763,"angle":225},{"type":"block","time":10.232509613037,"angle":135},{"type":"block","time":10.877445220947,"angle":112.5},{"type":"block","time":11.56797504425,"angle":90},{"type":"block","time":12.268613815308,"angle":67.5},{"type":"block","time":12.857460975647,"angle":45},{"type":"block","time":13.514513015747,"angle":90},{"type":"block","time":15.011397361755,"angle":382.5},{"type":"block","time":15.753460884094,"angle":337.5},{"type":"block","time":16.457294464111,"angle":292.5},{"type":"block","time":17.409198760986,"angle":247.5},{"type":"block","time":18.310941696167,"angle":292.5},{"type":"block","time":19.513177871704,"angle":337.5},{"type":"block","time":20.141530990601,"angle":360},{"type":"block","time":20.82329750061,"angle":382.5},{"type":"block","time":22.400955200195,"angle":472.5},{"type":"block","time":23.530736923218,"angle":517.5},{"type":"block","time":24.420553207397,"angle":472.5},{"type":"block","time":25.186012268066,"angle":450},{"type":"block","time":26.366409301758,"angle":382.5},{"type":"block","time":26.980422973633,"angle":405},{"type":"block","time":27.675724029541,"angle":427.5},{"type":"block","time":30.419952392578,"angle":315},{"type":"block","time":31.097839355469,"angle":292.5},{"type":"block","time":31.726253509521,"angle":270},{"type":"block","time":33.704349517822,"angle":157.5},{"type":"block","time":34.37565612793,"angle":112.5},{"type":"block","time":35.180931091309,"angle":67.5},{"type":"block","time":37.314601898193,"angle":315},{"type":"block","time":39.669185638428,"angle":135},{"type":"hold","time":40.895450592041,"duration":1.7769999504089,"angle2":315,"angle":225},{"type":"block","time":43.19063949585,"angle":337.5},{"type":"block","time":43.940784454346,"angle":382.5},{"type":"block","time":44.542713165283,"angle":337.5},{"type":"block","time":45.212265014648,"angle":292.5},{"type":"block","time":45.792720794678,"angle":247.5},{"type":"block","time":46.478446960449,"angle":202.5},{"type":"block","time":47.106941223145,"angle":157.5},{"type":"block","time":47.864109039307,"angle":202.5},{"type":"block","time":48.743698120117,"angle":247.5},{"type":"block","time":50.890617370605,"angle":405},{"type":"block","time":52.317333221436,"angle":337.5},{"type":"block","time":53.142200469971,"angle":292.5},{"type":"block","time":53.880710601807,"angle":247.5},{"type":"block","time":54.824268341064,"angle":202.5},{"type":"block","time":55.548671722412,"angle":240},{"type":"block","time":55.948482513428,"angle":255},{"type":"block","time":56.239841461182,"angle":270},{"type":"block","time":56.563659667969,"angle":285},{"type":"block","time":56.877883911133,"angle":300},{"type":"block","time":57.196269989014,"angle":315},{"type":"block","time":57.529613494873,"angle":330},{"type":"block","time":58.440456390381,"angle":382.5},{"type":"block","time":59.21688079834,"angle":337.5},{"type":"block","time":60.516689300537,"angle":247.5},{"type":"block","time":61.105178833008,"angle":202.5},{"type":"block","time":61.662185668945,"angle":225},{"type":"block","time":62.489036560059,"angle":180},{"type":"block","time":63.129932403564,"angle":202.5},{"type":"block","time":64.290435791016,"angle":270},{"type":"block","time":65.08080291748,"angle":315},{"type":"block","time":65.714294433594,"angle":337.5},{"type":"block","time":66.218742370605,"angle":360},{"type":"block","time":66.719230651855,"angle":337.5},{"type":"block","time":67.955993652344,"angle":405},{"type":"block","time":68.767654418945,"angle":382.5},{"type":"block","time":70.907569885254,"angle":247.5},{"type":"block","time":71.739097595215,"angle":270},{"type":"block","time":72.537231445313,"angle":292.5},{"type":"block","time":73.164001464844,"angle":270},{"type":"block","time":73.786445617676,"angle":247.5},{"type":"block","time":75.093360900879,"angle":337.5},{"type":"block","time":76.163475036621,"angle":450},{"type":"block","time":76.801368713379,"angle":495},{"type":"block","time":78.53116607666,"tap":true,"angle":270},{"type":"block","time":79.525581359863,"tap":true,"angle":360},{"type":"block","time":80.45783996582,"tap":true,"angle":450},{"type":"block","time":81.420204162598,"tap":true,"angle":180},{"type":"block","time":82.392913818359,"tap":true,"angle":450},{"type":"block","time":83.53150177002,"tap":true,"angle":360},{"type":"block","time":84.496467590332,"tap":true,"angle":270},{"type":"block","time":87.63542175293,"tap":true,"angle":450},{"type":"block","time":88.236824035645,"tap":true,"angle":495},{"type":"block","time":88.784408569336,"tap":true,"angle":540},{"type":"block","time":90.782913208008,"angle":427.5},{"type":"block","time":91.350059509277,"angle":405},{"type":"block","time":91.911926269531,"angle":382.5},{"type":"block","time":92.499008178711,"angle":360},{"type":"block","time":92.945747375488,"angle":337.5},{"type":"block","time":93.401206970215,"angle":315},{"type":"block","time":93.981513977051,"angle":337.5},{"type":"block","time":95.275466918945,"angle":427.5},{"type":"block","time":95.881492614746,"angle":405},{"type":"block","time":96.480865478516,"angle":382.5},{"type":"block","time":97.979484558105,"angle":292.5},{"type":"block","time":98.809814453125,"angle":270},{"type":"block","time":99.414093017578,"angle":247.5},{"type":"block","time":101.17893218994,"angle":337.5},{"type":"block","time":102.11347198486,"angle":315},{"type":"block","time":104.21705627441,"angle":427.5},{"type":"block","time":104.70639038086,"angle":450},{"type":"block","time":105.21546173096,"angle":472.5},{"type":"hold","time":106.51507568359,"duration":0.80000001192093,"angle2":427.5,"angle":472.5},{"type":"block","time":105.72425842285,"angle":495},{"type":"block","time":108.57167816162,"angle":382.5},{"type":"block","time":109.15008544922,"angle":360},{"type":"block","time":109.60137176514,"angle":382.5},{"type":"block","time":110.03469085693,"angle":405},{"type":"block","time":110.42512512207,"angle":427.5},{"type":"block","time":111.15900421143,"angle":450},{"type":"block","time":111.48757171631,"angle":472.5},{"type":"block","time":112.53813934326,"angle":180},{"type":"block","time":113.41477966309,"angle":135},{"type":"block","time":114.56066894531,"angle":427.5},{"type":"block","time":115.10535430908,"angle":405},{"type":"block","time":115.61487579346,"angle":382.5},{"type":"hold","time":116.35543060303,"duration":1,"angle2":270,"angle":337.5},{"type":"block","time":119.10941314697,"angle":247.5},{"type":"block","time":119.74956512451,"angle":270},{"type":"hold","time":120.61138916016,"duration":1.7000000476837,"angle":292.5,"startTap":true,"angle2":337.5},{"type":"hold","time":122.31698608398,"duration":2.0999999046326,"angle2":270,"startTap":true,"angle":337.5},{"type":"hold","time":126.12682342529,"duration":2,"angle2":270,"angle":270},{"type":"hold","time":126.12699890137,"duration":2,"angle2":450,"angle":450},{"type":"hold","time":126.12682342529,"duration":2,"angle2":292.5,"angle":292.5},{"type":"hold","time":126.12699890137,"duration":2,"angle":472.5,"angle2":472.5},{"type":"hold","time":126.12682342529,"duration":2,"angle2":315,"angle":315},{"type":"hold","time":126.12699890137,"duration":2,"angle":495,"angle2":495},{"type":"hold","time":126.12682342529,"duration":2,"angle":337.5,"angle2":337.5},{"type":"hold","time":126.12699890137,"duration":2,"angle":517.5,"angle2":517.5},{"type":"hold","time":126.12682342529,"duration":2,"angle":360,"angle2":360},{"type":"hold","time":126.12699890137,"duration":2,"angle":540,"angle2":540},{"type":"hold","time":126.12682342529,"duration":2,"angle":382.5,"angle2":382.5},{"type":"hold","time":126.12699890137,"duration":2,"angle":562.5,"angle2":562.5},{"type":"hold","time":126.12682342529,"duration":2,"angle2":405,"angle":405},{"type":"hold","time":126.12699890137,"duration":2,"angle":585,"angle2":585},{"type":"hold","time":126.12682342529,"duration":2,"angle":427.5,"angle2":427.5},{"type":"hold","time":126.12699890137,"duration":2,"angle":607.5,"angle2":607.5},{"type":"hold","time":126.12682342529,"duration":2,"angle2":281.25,"angle":281.25},{"type":"hold","time":126.12699890137,"duration":2,"angle":461.25,"angle2":461.25},{"type":"hold","time":126.12682342529,"duration":2,"angle":303.75,"angle2":303.75},{"type":"hold","time":126.12699890137,"duration":2,"angle2":483.75,"angle":483.75},{"type":"hold","time":126.12682342529,"duration":2,"angle":326.25,"angle2":326.25},{"type":"hold","time":126.12699890137,"duration":2,"angle2":506.25,"angle":506.25},{"type":"hold","time":126.12682342529,"duration":2,"angle2":348.75,"angle":348.75},{"type":"hold","time":126.12699890137,"duration":2,"angle2":528.75,"angle":528.75},{"type":"hold","time":126.12682342529,"duration":2,"angle2":371.25,"angle":371.25},{"type":"hold","time":126.12699890137,"duration":2,"angle2":551.25,"angle":551.25},{"type":"hold","time":126.12682342529,"duration":2,"angle2":393.75,"angle":393.75},{"type":"hold","time":126.12699890137,"duration":2,"angle2":573.75,"angle":573.75},{"type":"hold","time":126.12682342529,"duration":2,"angle":416.25,"angle2":416.25},{"type":"hold","time":126.12699890137,"duration":2,"angle2":596.25,"angle":596.25},{"type":"hold","time":126.12682342529,"duration":2,"angle2":438.75,"angle":438.75},{"type":"hold","time":126.12699890137,"duration":2,"angle2":618.75,"angle":618.75}]