{"properties":{"speed":70,"formatversion":13,"loadBeat":-2.5,"offset":8},"metadata":{"artist":"biggayrapper","charter":"Random22","songName":"STOP POSTING ABOUT AMONG US","description":"amogus\n\nwarning: has explicit words","difficulty":1,"bgData":{"blueChannel":{"g":25,"b":49,"r":41},"greenChannel":{"g":82,"b":74,"r":74},"yellowChannel":{"g":140,"b":107,"r":165},"magentaChannel":{"g":90,"b":115,"r":140},"image":"thumb.png","cyanChannel":{"g":82,"b":74,"r":123},"redChannel":{"g":173,"b":165,"r":197}},"artistLink":"","bg":true},"events":[{"type":"forcePlayerSprite","time":-2.5,"angle":0,"spriteName":"angry"},{"type":"play","time":-2.25,"bpm":200,"file":"stop posting about among us.ogg","angle":315,"offset":0.17000000178814,"volume":1},{"type":"paddles","time":126,"paddle":1,"ease":"linear","duration":0,"newWidth":360,"angle":315},{"type":"paddles","time":128.30772399902,"paddle":1,"ease":"linear","duration":0,"newWidth":70,"angle":315},{"type":"showResults","time":128.33178710938,"angle":292.5}]}