{"properties":{"offset":8,"formatversion":13,"speed":70,"loadBeat":-2.5},"metadata":{"artist":"biggayrapper","charter":"Random22","songName":"STOP POSTING ABOUT AMONG US","description":"amogus\n\nwarning: has explicit words","difficulty":1,"bgData":{"blueChannel":{"b":49,"r":41,"g":25},"greenChannel":{"b":74,"r":74,"g":82},"yellowChannel":{"b":107,"r":165,"g":140},"magentaChannel":{"b":115,"r":140,"g":90},"image":"thumb.png","cyanChannel":{"b":74,"r":123,"g":82},"redChannel":{"b":165,"r":197,"g":173}},"artistLink":"","bg":true},"events":[{"type":"forcePlayerSprite","time":-2.5,"angle":0,"spriteName":""},{"type":"play","time":-2.25,"bpm":200,"file":"stop posting about among us.ogg","angle":315,"volume":1,"offset":0.17000000178814},{"type":"paddles","time":126,"paddle":1,"ease":"linear","duration":0,"newWidth":360,"angle":315},{"type":"paddles","time":128.30772399902,"paddle":1,"ease":"linear","duration":0,"newWidth":70,"angle":315},{"type":"showResults","time":128.33178710938,"angle":292.5}]}