{"properties":{"offset":8,"startingBeat":-5,"speed":200,"formatversion":13},"events":[{"type":"play","volume":1,"angle":67.5,"time":0,"file":"beep beep beep clank.ogg","bpm":60},{"g":0,"type":"setColor","angle":67.5,"color":0,"time":-11,"b":0,"r":255},{"g":0,"type":"setColor","angle":112.5,"color":1,"time":-11,"b":255,"r":0},{"type":"tag","angleOffset":false,"time":2.5,"angle":0,"tag":"change to blue"},{"type":"tag","angleOffset":false,"time":6.5,"angle":0,"tag":"change to red"},{"type":"tag","angleOffset":false,"time":10.5,"angle":112.5,"tag":"change to blue"},{"type":"tag","angleOffset":false,"time":14.5,"angle":202.5,"tag":"change to red"},{"type":"tag","angleOffset":false,"time":18.5,"angle":90,"tag":"change to blue"},{"type":"tag","angleOffset":false,"time":22.5,"angle":0,"tag":"change to red"},{"type":"tag","angleOffset":false,"time":26.5,"angle":0,"tag":"change to blue"},{"type":"tag","angleOffset":false,"time":30.5,"angle":180,"tag":"change to red"},{"type":"tag","angleOffset":false,"time":34.5,"angle":810,"tag":"change to blue"},{"type":"tag","angle":270,"time":38.5,"tag":"change to red","angleOffset":false},{"type":"tag","angle":157.5,"time":42.5,"tag":"change to blue","angleOffset":false},{"type":"tag","tag":"change to red","time":46.5,"angle":-202.5,"angleOffset":false},{"type":"tag","tag":"change to blue","time":50.5,"angle":-315,"angleOffset":false},{"type":"tag","tag":"change to red","time":54.5,"angle":90,"angleOffset":false},{"type":"tag","tag":"change to blue","time":58.5,"angle":-22.5,"angleOffset":false},{"type":"tag","tag":"change to red","time":62.5,"angle":382.5,"angleOffset":false},{"type":"tag","tag":"change to blue","time":66.5,"angle":270,"angleOffset":false},{"type":"tag","tag":"change to red","time":70.5,"angle":337.5,"angleOffset":false},{"time":175,"type":"showResults","angle":90},{"type":"hom","angle":90,"time":-11,"enable":true},{"type":"noise","chance":0.5,"color":0,"time":-11,"angle":157.5},{"var":"vfx.homCanvPos.sx","angle":202.5,"time":-11,"type":"ease","value":0.94999998807907},{"type":"ease","angle":247.5,"time":-11,"var":"vfx.homCanvPos.sy","value":0.94999998807907}],"metadata":{"songName":"Beep Block Skyway","description":"holy crap beep block like beat block wow thats crazy\n\nsomething something watch the swaps between mines and blocks and something something yaoi\n\nMechanics used: Mines, Blocks which swap\n\nFLASHING LIGHTS!!!!11!!!!","difficulty":0,"artist":"Koji Konda, Mahito Yokota, Toru Minegishi, & Yasuaki Iwata","charter":"Tri The Kitten","bg":false,"artistLink":""}}