[{"angle2":360,"type":"hold","angle":360,"time":4,"duration":5.5},{"angle":315,"time":10,"type":"block"},{"angle":270,"time":10.5,"type":"block"},{"angle":315,"time":11,"type":"block"},{"angle":360,"time":11.5,"type":"block"},{"angle2":45,"type":"hold","angle":45,"time":12,"duration":5.5},{"angle":0,"time":18,"type":"block"},{"angle":315,"time":18.5,"type":"block"},{"angle":270,"time":19,"type":"block"},{"angle":225,"time":19.5,"type":"block"},{"angle2":180,"type":"hold","angle":180,"time":20,"duration":5.5},{"angle":202.5,"time":26,"type":"block"},{"angle":157.5,"time":26.5,"type":"block"},{"angle":112.5,"time":27,"type":"block"},{"angle":157.5,"time":27.5,"type":"block"},{"angle2":180,"type":"hold","angle":180,"time":28,"duration":5.5},{"angle":180,"time":34,"type":"block"},{"angle":191.25,"time":34.25,"type":"block"},{"angle":202.5,"time":34.5,"type":"block"},{"angle":213.75,"time":34.75,"type":"block"},{"angle":225,"time":35,"type":"block"},{"angle":236.25,"time":35.25,"type":"block"},{"angle":247.5,"time":35.5,"type":"block"},{"angle":258.75,"time":35.75,"type":"block"},{"angle2":270,"type":"hold","angle":270,"time":36,"duration":5.5},{"angle":292.5,"time":37,"type":"side"},{"angle":247.5,"time":37.5,"type":"side"},{"angle":292.5,"time":38.5,"type":"side"},{"angle":247.5,"time":39,"type":"side"},{"angle":247.5,"time":41,"type":"side"},{"angle":292.5,"time":40,"type":"side"},{"angle":247.5,"time":42,"type":"block"},{"angle":292.5,"time":42.25,"type":"block"},{"angle":270,"time":42.5,"type":"block"},{"angle":315,"time":42.75,"type":"block"},{"angle":292.5,"time":43,"type":"block"},{"angle":337.5,"time":43.25,"type":"block"},{"angle":315,"time":43.5,"type":"block"},{"angle":360,"time":43.75,"type":"block"},{"angle2":337.5,"type":"hold","angle":337.5,"time":44,"duration":5.5},{"angle":360,"time":45,"type":"side"},{"angle":315,"time":45.5,"type":"side"},{"angle":360,"time":46.5,"type":"side"},{"angle":315,"time":47,"type":"side"},{"angle":315,"time":49,"type":"side"},{"angle":360,"time":48,"type":"side"},{"angle":315,"time":50,"type":"block"},{"angle":360,"time":50.25,"type":"block"},{"angle":337.5,"time":50.5,"type":"block"},{"angle":382.5,"time":50.75,"type":"block"},{"angle":360,"time":51,"type":"block"},{"angle":405,"time":51.25,"type":"block"},{"angle":382.5,"time":51.5,"type":"block"},{"angle":427.5,"time":51.75,"type":"block"},{"angle2":405,"type":"hold","angle":405,"time":52,"duration":5.5},{"angle":427.5,"time":53,"type":"side"},{"angle":382.5,"time":53.5,"type":"side"},{"angle":427.5,"time":54.5,"type":"side"},{"angle":382.5,"time":55,"type":"side"},{"angle":382.5,"time":57,"type":"side"},{"angle":427.5,"time":56,"type":"side"},{"angle":382.5,"time":58,"type":"block"},{"angle":427.5,"time":58.25,"type":"block"},{"angle":405,"time":58.5,"type":"block"},{"angle":450,"time":58.75,"type":"block"},{"angle":427.5,"time":59,"type":"block"},{"angle":472.5,"time":59.25,"type":"block"},{"angle":450,"time":59.5,"type":"block"},{"angle":495,"time":59.75,"type":"block"},{"angle2":472.5,"type":"hold","angle":472.5,"time":60,"duration":5.5},{"angle":495,"time":61,"type":"side"},{"angle":450,"time":61.5,"type":"side"},{"angle":495,"time":62.5,"type":"side"},{"angle":450,"time":63,"type":"side"},{"angle":450,"time":65,"type":"side"},{"angle":495,"time":64,"type":"side"},{"angle":450,"time":66,"type":"block"},{"angle":495,"time":66.25,"type":"block"},{"angle":472.5,"time":66.5,"type":"block"},{"angle":517.5,"time":66.75,"type":"block"},{"angle":495,"time":67,"type":"block"},{"angle":540,"time":67.25,"type":"block"},{"angle":517.5,"time":67.5,"type":"block"},{"angle":562.5,"time":67.75,"type":"block"},{"angle":157.5,"time":69,"type":"side"},{"angle":202.5,"time":69.5,"type":"side"},{"angle":157.5,"time":70.5,"type":"side"},{"angle":202.5,"time":71,"type":"side"},{"angle":157.5,"time":72,"type":"side"},{"angle":202.5,"time":73,"type":"side"},{"angle2":180,"type":"hold","angle":180,"time":68,"duration":5.5},{"angle":202.5,"time":74,"type":"block"},{"angle":225,"time":74.25,"type":"block"},{"angle":247.5,"time":74.5,"type":"block"},{"angle":270,"time":74.75,"type":"block"},{"angle":292.5,"time":75,"type":"block"},{"angle":315,"time":75.25,"type":"block"},{"angle":337.5,"time":75.5,"type":"block"},{"angle":360,"time":75.75,"type":"block"},{"angle":360,"time":77,"type":"side"},{"angle":405,"time":77.5,"type":"side"},{"angle":360,"time":78.5,"type":"side"},{"angle":405,"time":79,"type":"side"},{"angle":360,"time":80,"type":"side"},{"angle":405,"time":81,"type":"side"},{"angle2":382.5,"type":"hold","angle":382.5,"time":76,"duration":5.5},{"angle":405,"time":82,"type":"block"},{"angle":427.5,"time":82.25,"type":"block"},{"angle":450,"time":82.5,"type":"block"},{"angle":472.5,"time":82.75,"type":"block"},{"angle":495,"time":83,"type":"block"},{"angle":517.5,"time":83.25,"type":"block"},{"angle":540,"time":83.5,"type":"block"},{"angle":562.5,"time":83.75,"type":"block"},{"angle":202.5,"time":85,"type":"side"},{"angle":247.5,"time":85.5,"type":"side"},{"angle":202.5,"time":86.5,"type":"side"},{"angle":247.5,"time":87,"type":"side"},{"angle":202.5,"time":88,"type":"side"},{"angle":247.5,"time":89,"type":"side"},{"angle2":225,"type":"hold","angle":225,"time":84,"duration":5.5},{"angle":247.5,"time":90,"type":"block"},{"angle":270,"time":90.25,"type":"block"},{"angle":292.5,"time":90.5,"type":"block"},{"angle":315,"time":90.75,"type":"block"},{"angle":337.5,"time":91,"type":"block"},{"angle":360,"time":91.25,"type":"block"},{"angle":382.5,"time":91.5,"type":"block"},{"angle":405,"time":91.75,"type":"block"},{"angle":45,"time":93,"type":"side"},{"angle":90,"time":93.5,"type":"side"},{"angle":45,"time":94.5,"type":"side"},{"angle":90,"time":95,"type":"side"},{"angle":45,"time":96,"type":"side"},{"angle":90,"time":97,"type":"side"},{"angle2":67.5,"type":"hold","angle":67.5,"time":92,"duration":5.5},{"angle":90,"time":98,"type":"block"},{"angle":112.5,"time":98.25,"type":"block"},{"angle":135,"time":98.5,"type":"block"},{"angle":157.5,"time":98.75,"type":"block"},{"angle":180,"time":99,"type":"block"},{"angle":180,"time":100,"type":"block"},{"angle":225,"time":100.5,"type":"block"},{"angle":180,"time":101,"type":"block"},{"angle":135,"time":101.5,"type":"block"},{"angle":180,"time":102,"type":"block"},{"angle":180,"time":102.5,"type":"block"},{"angle":180,"time":103.5,"type":"block"},{"angle":225,"time":103,"type":"block"},{"angle":135,"time":104,"type":"block"},{"angle":180,"time":99.5,"type":"block"},{"angle":180,"time":104.5,"type":"block"},{"angle":180,"time":105,"type":"block"},{"angle":180,"time":105.5,"type":"block"},{"angle":225,"time":106,"type":"side"},{"angle":135,"time":107,"type":"side"},{"angle":180,"time":106.5,"type":"block"},{"angle":180,"time":107.5,"type":"block"},{"angle":202.5,"time":108,"type":"block"},{"angle":247.5,"time":108.5,"type":"block"},{"angle":270,"time":108.75,"type":"block"},{"angle":292.5,"time":109,"type":"block"},{"angle":270,"time":109.5,"type":"block"},{"angle":247.5,"time":110,"type":"block"},{"angle":225,"time":110.5,"type":"block"},{"angle":247.5,"time":111,"type":"block"},{"angle":270,"time":111.5,"type":"block"},{"angle":247.5,"time":112,"type":"block"},{"angle":247.5,"time":113,"type":"block"},{"angle":247.5,"time":114.5,"type":"block"},{"angle":247.5,"time":115,"type":"block"},{"angle":247.5,"time":114,"type":"block"},{"angle":292.5,"time":112.5,"type":"side"},{"angle":292.5,"time":113.5,"type":"side"},{"angle":292.5,"time":115.5,"type":"side"},{"angle":337.5,"time":116,"type":"block"},{"angle":22.5,"time":116.5,"type":"block"},{"angle":67.5,"time":117,"type":"block"},{"angle":22.5,"time":117.5,"type":"block"},{"angle":67.5,"time":119,"type":"block"},{"angle":67.5,"time":120,"type":"block"},{"angle":112.5,"time":119.5,"type":"block"},{"angle":45,"time":120.5,"type":"block"},{"angle":45,"time":121,"type":"block"},{"angle":0,"time":121.5,"type":"side"},{"angle":0,"time":123,"type":"side"},{"angle":0,"time":124.5,"type":"side"},{"angle":0,"time":126,"type":"side"},{"angle":90,"time":122,"type":"side"},{"angle":90,"time":123.5,"type":"side"},{"angle":90,"time":125,"type":"side"},{"angle":90,"time":126.5,"type":"side"},{"angle":0,"time":127.5,"type":"side"},{"angle":0,"time":129,"type":"side"},{"angle":90,"time":128,"type":"side"},{"angle":90,"time":129.5,"type":"side"},{"angle":360,"time":130.5,"type":"side"},{"angle":90,"time":131,"type":"side"},{"angle":315,"time":118,"type":"block"},{"angle":22.5,"time":118.5,"type":"block"},{"angle":337.5,"time":118.16666412354,"type":"block"},{"angle":0,"time":118.33333587646,"type":"block"},{"angle":0,"time":131.5,"type":"side"},{"angle":45,"time":132,"type":"block"},{"angle":45,"time":133,"type":"block"},{"angle":90,"time":132.5,"type":"block"},{"angle":90,"time":133.5,"type":"block"},{"angle":45,"time":134,"type":"block"},{"angle":0,"time":134.5,"type":"block"},{"angle":315,"time":135,"type":"block"},{"angle":0,"time":135.5,"type":"block"},{"holdEase":"inCirc","angle2":0,"duration":0.5,"angle":22.5,"time":136,"type":"hold"},{"holdEase":"outCirc","angle2":337.5,"type":"hold","angle":360,"time":136.5,"duration":0.5},{"angle":315,"time":137.5,"type":"block"},{"angle":315,"time":139.5,"type":"block"},{"angle":270,"time":139,"type":"block"},{"angle":270,"time":138,"type":"block"},{"angle":225,"time":138.5,"type":"block"},{"angle":360,"time":140,"type":"block"},{"angle2":180,"type":"hold","angle":0,"time":140.5,"duration":1},{"angle2":360,"type":"hold","angle":180,"time":142,"duration":1},{"angle":45,"time":143.5,"type":"side"},{"angle":315,"time":144,"type":"side"},{"angle":45,"time":144.5,"type":"side"},{"angle":315,"time":145,"type":"side"},{"angle":45,"time":145.5,"type":"side"},{"angle":0,"time":146,"type":"block"},{"angle":315,"time":146.5,"type":"block"},{"angle":270,"time":147,"type":"block"},{"angle":225,"time":147.5,"type":"block"},{"angle":202.5,"time":148,"type":"block"},{"angle":157.5,"time":148,"type":"block"},{"angle":180,"time":149.5,"type":"block"},{"angle":202.5,"time":148.5,"type":"block"},{"angle":157.5,"time":148.5,"type":"block"},{"angle":202.5,"time":149,"type":"block"},{"angle":157.5,"time":149,"type":"block"},{"angle":225,"time":150,"type":"block"},{"angle":180,"time":150.5,"type":"block"},{"angle":135,"time":151,"type":"block"},{"angle":90,"time":154.5,"type":"side"},{"angle":90,"time":156,"type":"side"},{"angle":180,"time":155,"type":"side"},{"angle":180,"time":156.5,"type":"side"},{"angle":90,"time":157.5,"type":"side"},{"angle":90,"time":159,"type":"side"},{"angle":180,"time":158,"type":"side"},{"angle":180,"time":159.5,"type":"side"},{"angle":450,"time":160.5,"type":"side"},{"angle":180,"time":161,"type":"side"},{"angle":90,"time":161.5,"type":"side"},{"angle":180,"time":151.5,"type":"block"},{"angle":135,"time":152,"type":"block"},{"angle":180,"time":153.5,"type":"side"},{"angle":90,"time":153,"type":"side"},{"angle":270,"time":164,"type":"block"},{"angle":225,"time":164.75,"type":"block"},{"angle":180,"time":165.25,"type":"block"},{"angle":180,"time":166,"type":"inverse"},{"angle":135,"time":166.75,"type":"inverse"},{"angle":90,"time":167.25,"type":"inverse"},{"angle":90,"time":168,"type":"block"},{"angle":45,"time":168.75,"type":"block"},{"angle":360,"time":169.25,"type":"block"},{"angle":0,"time":170,"type":"inverse"},{"angle":45,"time":170.75,"type":"inverse"},{"angle":90,"time":171.5,"type":"inverse"},{"angle":90,"time":172,"type":"block"},{"angle":45,"time":172.75,"type":"block"},{"angle":0,"time":173.25,"type":"block"},{"angle":67.5,"time":172.5,"type":"block"},{"angle":0,"time":174,"type":"inverse"},{"angle":337.5,"time":174.5,"type":"inverse"},{"angle":315,"time":174.75,"type":"inverse"},{"angle":270,"time":175.25,"type":"inverse"},{"angle":270,"time":176,"type":"block"},{"angle":247.5,"time":176.5,"type":"block"},{"angle":225,"time":176.75,"type":"block"},{"angle":180,"time":177.25,"type":"block"},{"angle":180,"time":178,"type":"inverse"},{"angle":202.5,"time":178.5,"type":"inverse"},{"angle":225,"time":178.75,"type":"inverse"},{"angle":270,"time":179.5,"type":"inverse"},{"angle":247.5,"time":179.25,"type":"inverse"},{"angle":270,"time":180,"type":"block"},{"angle":225,"time":180.5,"type":"block"},{"angle":225,"time":180.75,"type":"block"},{"angle":180,"time":181.25,"type":"block"},{"angle":180,"time":181.75,"type":"inverse"},{"angle":180,"time":182,"type":"inverse"},{"angle":135,"time":182.5,"type":"inverse"},{"angle":135,"time":182.75,"type":"inverse"},{"angle":90,"time":183.25,"type":"inverse"},{"angle":90,"time":183.75,"type":"block"},{"angle":90,"time":184,"type":"block"},{"angle":45,"time":184.5,"type":"block"},{"angle":45,"time":184.75,"type":"block"},{"angle":360,"time":185.25,"type":"block"},{"angle":360,"time":185.75,"type":"inverse"},{"angle":0,"time":186,"type":"inverse"},{"angle":315,"time":186.5,"type":"inverse"},{"angle":315,"time":186.75,"type":"inverse"},{"angle":292.5,"time":187.25,"type":"inverse"},{"angle":292.5,"time":187.5,"type":"inverse"},{"holdEase":"outSine","angle2":225,"type":"hold","angle":270,"time":188,"duration":0.75},{"holdEase":"outSine","angle2":180,"duration":0.75,"angle":225,"time":189.25,"type":"hold"},{"holdEase":"outSine","angle2":135,"duration":0.75,"angle":180,"time":190,"type":"hold"},{"holdEase":"outSine","angle2":90,"type":"hold","angle":135,"time":191.25,"duration":0.75},{"holdEase":"outSine","angle2":45,"duration":0.75,"angle":90,"time":192,"type":"hold"},{"holdEase":"outSine","angle2":0,"type":"hold","angle":45,"time":193.25,"duration":0.75},{"angle":180,"time":195,"type":"block"},{"angle":180,"time":196,"type":"block"},{"angle":135,"time":196.75,"type":"block"},{"angle":90,"time":197.25,"type":"block"},{"angle":90,"time":198,"type":"inverse"},{"angle":45,"time":198.75,"type":"inverse"},{"angle":0,"time":199.25,"type":"inverse"},{"angle":0,"time":200,"type":"block"},{"angle":-45,"time":200.75,"type":"block"},{"angle":270,"time":201.25,"type":"block"},{"angle":-90,"time":202,"type":"inverse"},{"angle":-45,"time":202.75,"type":"inverse"},{"angle":0,"time":203.5,"type":"inverse"},{"angle":0,"time":204,"type":"block"},{"angle":-45,"time":204.75,"type":"block"},{"angle":-90,"time":205.25,"type":"block"},{"angle":-22.5,"time":204.5,"type":"block"},{"angle":-90,"time":206,"type":"inverse"},{"angle":247.5,"time":206.5,"type":"inverse"},{"angle":225,"time":206.75,"type":"inverse"},{"angle":180,"time":207.25,"type":"inverse"},{"angle":180,"time":208,"type":"block"},{"angle":157.5,"time":208.5,"type":"block"},{"angle":135,"time":208.75,"type":"block"},{"angle":90,"time":209.25,"type":"block"},{"angle":90,"time":210,"type":"inverse"},{"angle":112.5,"time":210.5,"type":"inverse"},{"angle":135,"time":210.75,"type":"inverse"},{"angle":180,"time":211.5,"type":"inverse"},{"angle":157.5,"time":211.25,"type":"inverse"},{"angle":180,"time":212,"type":"block"},{"angle":135,"time":212.5,"type":"block"},{"angle":135,"time":212.75,"type":"block"},{"angle":90,"time":213.25,"type":"block"},{"angle":90,"time":213.75,"type":"inverse"},{"angle":90,"time":214,"type":"inverse"},{"angle":45,"time":214.5,"type":"inverse"},{"angle":45,"time":214.75,"type":"inverse"},{"angle":0,"time":215.25,"type":"inverse"},{"angle":0,"time":215.75,"type":"block"},{"angle":0,"time":216,"type":"block"},{"angle":-45,"time":216.5,"type":"block"},{"angle":-45,"time":216.75,"type":"block"},{"angle":270,"time":217.25,"type":"block"},{"angle":270,"time":217.75,"type":"inverse"},{"angle":-90,"time":218,"type":"inverse"},{"angle":225,"time":218.5,"type":"inverse"},{"angle":225,"time":218.75,"type":"inverse"},{"angle":202.5,"time":219.25,"type":"inverse"},{"angle":202.5,"time":219.5,"type":"inverse"},{"holdEase":"outSine","angle2":135,"duration":0.75,"angle":180,"time":220,"type":"hold"},{"holdEase":"outSine","angle2":90,"type":"hold","angle":135,"time":221.25,"duration":0.75},{"holdEase":"outSine","angle2":45,"duration":0.75,"angle":90,"time":222,"type":"hold"},{"holdEase":"outSine","angle2":0,"type":"hold","angle":45,"time":223.25,"duration":0.75},{"holdEase":"outSine","angle2":-45,"duration":0.75,"angle":0,"time":224,"type":"hold"},{"holdEase":"outSine","angle2":-90,"type":"hold","angle":-45,"time":225.25,"duration":0.75},{"angle":292.5,"time":226.25,"type":"block"},{"angle":315,"time":226.5,"type":"block"},{"angle":337.5,"time":226.75,"type":"block"},{"angle":360,"time":227,"type":"block"},{"angle":22.5,"time":227.5,"type":"block"},{"angle":0,"time":227.75,"type":"block"},{"angle":337.5,"time":228,"type":"block"},{"angle":0,"time":228.25,"type":"block"},{"angle":22.5,"time":228.5,"type":"block"},{"angle":0,"time":228.75,"type":"block"},{"angle":337.5,"time":229,"type":"block"},{"angle":0,"time":229.25,"type":"block"},{"angle":22.5,"time":229.5,"type":"block"},{"angle":0,"time":229.75,"type":"block"},{"angle":337.5,"time":230,"type":"block"},{"angle":0,"time":230.5,"type":"block"},{"angle":22.5,"time":231,"type":"block"},{"angle":360,"time":231.5,"type":"block"},{"angle":337.5,"time":232,"type":"block"},{"angle2":0,"type":"hold","angle":0,"time":228,"duration":5.5},{"angle":360,"time":234,"type":"block"},{"angle":337.5,"time":234.5,"type":"block"},{"angle":315,"time":235,"type":"block"},{"angle":292.5,"time":235.5,"type":"block"},{"angle2":270,"type":"hold","angle":270,"time":236,"duration":5.5},{"angle":270,"time":242,"type":"block"},{"angle":247.5,"time":242.5,"type":"block"},{"angle":225,"time":243,"type":"block"},{"angle":202.5,"time":243.5,"type":"block"},{"angle2":180,"duration":5.5,"angle":180,"time":244,"type":"hold"},{"angle":180,"time":250,"type":"block"},{"angle":157.5,"time":250.5,"type":"block"},{"angle":135,"time":251,"type":"block"},{"angle":112.5,"time":251.5,"type":"block"},{"angle2":90,"duration":5.5,"angle":90,"time":252,"type":"hold"},{"angle":90,"time":258,"type":"block"},{"angle":67.5,"time":258.5,"type":"block"},{"angle":45,"time":259,"type":"block"},{"angle":22.5,"time":259.5,"type":"block"},{"angle2":337.5,"duration":5.5,"angle":337.5,"time":260,"type":"hold"},{"angle":337.5,"time":266,"type":"block"},{"angle":315,"time":266.5,"type":"block"},{"angle":292.5,"time":267,"type":"block"},{"angle":270,"time":267.5,"type":"block"},{"angle2":382.5,"duration":5.5,"angle":382.5,"time":260,"type":"hold"},{"angle":382.5,"time":266,"type":"block"},{"angle":360,"time":266.5,"type":"block"},{"angle":337.5,"time":267,"type":"block"},{"angle":315,"time":267.5,"type":"block"},{"angle2":247.5,"duration":5.5,"angle":247.5,"time":268,"type":"hold"},{"angle":247.5,"time":274,"type":"block"},{"angle":225,"time":274.5,"type":"block"},{"angle":202.5,"time":275,"type":"block"},{"angle":180,"time":275.5,"type":"block"},{"angle2":292.5,"duration":5.5,"angle":292.5,"time":268,"type":"hold"},{"angle":292.5,"time":274,"type":"block"},{"angle":270,"time":274.5,"type":"block"},{"angle":247.5,"time":275,"type":"block"},{"angle":225,"time":275.5,"type":"block"},{"angle2":517.5,"duration":5.5,"angle":517.5,"time":276,"type":"hold"},{"angle":517.5,"time":282,"type":"block"},{"angle":495,"time":282.5,"type":"block"},{"angle":472.5,"time":283,"type":"block"},{"angle":450,"time":283.5,"type":"block"},{"angle2":562.5,"duration":5.5,"angle":562.5,"time":276,"type":"hold"},{"angle":562.5,"time":282,"type":"block"},{"angle":540,"time":282.5,"type":"block"},{"angle":517.5,"time":283,"type":"block"},{"angle":495,"time":283.5,"type":"block"},{"angle2":427.5,"duration":5.5,"angle":427.5,"time":284,"type":"hold"},{"angle2":472.5,"duration":5.5,"angle":472.5,"time":284,"type":"hold"},{"angle2":135,"type":"hold","angle":45,"time":290,"duration":0.5}]