{"properties":{"startBeat":0,"speed":70,"offset":8,"formatversion":12,"loadBeat":-1},"metadata":{"artistLink":"https://soundcloud.com/tobyfox-music","songName":"Dialtone","description":"[Pick up the phone]\n\nProducer: Toby Fox\nMusic Publisher: Materia Collections (ASCAP)\nComposer: Toby Fox","bgData":{"redChannel":{"r":0,"b":0,"g":0},"blueChannel":{"r":255,"b":255,"g":255},"image":"dialtone.png"},"artist":"Toby Fox","bg":true,"charter":"Wisnia","difficulty":2},"events":[{"bpm":130,"volume":1,"time":-0,"angle":337.5,"file":"Dialtone.ogg","type":"play"},{"g":0,"type":"setColor","b":0,"r":0,"time":-1,"angle":315,"color":0},{"time":95.75,"angle":359.68344116211,"type":"showResults"},{"newWidth":40,"type":"paddles","ease":"linear","paddle":1,"time":-1,"duration":0,"angle":270},{"type":"forcePlayerSprite","time":-1,"angle":360,"spriteName":"none"},{"g":0,"type":"setColor","b":0,"r":0,"time":55.5,"angle":337.5,"color":1},{"g":61,"type":"setColor","b":61,"r":61,"time":55.5,"angle":292.5,"color":0},{"g":0,"type":"setColor","b":0,"r":0,"time":56,"angle":337.5,"color":0},{"g":0,"type":"setColor","b":0,"r":0,"time":56.5,"angle":337.5,"color":1},{"g":61,"type":"setColor","b":61,"r":61,"time":56.5,"angle":292.5,"color":0},{"g":61,"type":"setColor","b":61,"r":61,"time":57,"angle":292.5,"color":1},{"g":0,"type":"setColor","b":0,"r":0,"time":57,"angle":337.5,"color":0},{"g":61,"type":"setColor","b":61,"r":61,"time":56,"angle":292.5,"color":1},{"g":61,"type":"setColor","b":61,"r":61,"time":-1,"angle":292.5,"color":1},{"g":0,"type":"setColor","b":0,"r":0,"time":67.25,"angle":225,"color":1},{"g":0,"type":"setColor","b":0,"r":0,"time":67.75,"angle":225,"color":0},{"g":0,"type":"setColor","b":0,"r":0,"time":68.25,"angle":225,"color":1},{"g":0,"type":"setColor","b":0,"r":0,"time":68.75,"angle":225,"color":0},{"g":61,"type":"setColor","b":61,"r":61,"time":67.25,"angle":247.5,"color":0},{"g":61,"type":"setColor","b":61,"r":61,"time":67.75,"angle":247.5,"color":1},{"g":61,"type":"setColor","b":61,"r":61,"time":68.25,"angle":247.5,"color":0},{"g":61,"type":"setColor","b":61,"r":61,"time":68.75,"angle":247.5,"color":1},{"g":0,"type":"setColor","b":0,"r":0,"time":79.5,"angle":337.5,"color":1},{"g":0,"type":"setColor","b":0,"r":0,"time":80,"angle":337.5,"color":0},{"g":61,"type":"setColor","b":61,"r":61,"time":79.5,"angle":22.5,"color":0},{"g":61,"type":"setColor","b":61,"r":61,"time":80,"angle":22.5,"color":1},{"g":61,"type":"setColor","b":61,"r":61,"time":80.5,"angle":22.5,"color":0},{"g":61,"type":"setColor","b":61,"r":61,"time":81,"angle":22.5,"color":1},{"g":0,"type":"setColor","b":0,"r":0,"time":80.5,"angle":337.5,"color":1},{"g":0,"type":"setColor","b":0,"r":0,"time":81,"angle":337.5,"color":0}]}