{"properties":{"offset":8,"speed":70,"formatversion":13},"events":[{"file":"song.ogg","type":"play","volume":1,"angle":315,"time":1,"bpm":120},{"color":1,"b":255,"type":"setColor","time":1,"g":145,"angle":270,"r":0},{"color":1,"type":"setBgColor","time":1,"angle":337.5},{"color":0,"type":"outline","enable":true,"time":1,"angle":292.5},{"recolor":7,"x":450,"sprite":"baller.png","id":"6","angle":360,"type":"deco","sx":3,"sy":3,"time":1,"y":10},{"angle":45,"time":58,"type":"showResults"}],"metadata":{"bgData":{"redChannel":{"b":0,"g":0,"r":255},"blueChannel":{"b":255,"g":174,"r":0},"greenChannel":{"b":255,"g":255,"r":255},"yellowChannel":{"b":255,"g":255,"r":255},"magentaChannel":{"b":255,"g":255,"r":255},"cyanChannel":{"b":255,"g":255,"r":255},"image":"ball.png"},"difficulty":0,"artist":"weezer(buddy holly)","charter":"","bg":true,"songName":"Beezer","artistLink":"","description":"i cant find were i fond this m64\n version of buddy holly\nmade by pixy :3"}}