[{"type":"block","angle":90,"time":0},{"type":"block","angle":45,"time":1},{"type":"block","angle":0,"time":1.75},{"type":"block","angle":90,"time":0.5},{"type":"block","angle":315,"time":3.5},{"type":"block","angle":22.5,"time":1.5},{"type":"block","angle":22.5,"time":2.25},{"type":"block","angle":0,"time":2.5},{"type":"block","angle":45,"time":3},{"type":"block","angle":292.5,"time":3.75},{"type":"block","angle":-90,"time":4},{"type":"block","angle":-45,"time":5},{"type":"block","angle":0,"time":5.75},{"type":"block","angle":-90,"time":4.5},{"type":"block","angle":-315,"time":7.5},{"type":"block","angle":-22.5,"time":5.5},{"type":"block","angle":-22.5,"time":6.25},{"type":"block","angle":0,"time":6.5},{"type":"block","angle":-45,"time":7},{"type":"block","angle":-292.5,"time":7.75},{"type":"block","angle":90,"time":8},{"type":"block","angle":45,"time":9},{"type":"block","angle":0,"time":9.75},{"type":"block","angle":90,"time":8.5},{"type":"block","angle":315,"time":11.5},{"type":"block","angle":22.5,"time":9.5},{"type":"block","angle":22.5,"time":10.25},{"type":"block","angle":0,"time":10.5},{"type":"block","angle":45,"time":11},{"type":"block","angle":292.5,"time":11.75},{"type":"block","angle":270,"time":12},{"type":"block","angle":270,"time":12.5},{"type":"block","angle":180,"time":13},{"type":"block","angle":180,"time":13.5},{"type":"block","angle":90,"time":14},{"type":"block","angle":90,"time":14.5},{"type":"block","angle":0,"time":15},{"type":"block","angle":0,"time":15.5},{"type":"block","angle":270,"time":16},{"speedMult":2,"angle":270,"type":"inverse","time":16.0625},{"speedMult":3,"angle":270,"type":"inverse","time":16.125},{"angle":210,"type":"block","time":17,"tap":true},{"type":"block","angle":180,"time":17.5},{"speedMult":2,"angle":180,"type":"inverse","time":17.5625},{"speedMult":3,"angle":180,"type":"inverse","time":17.625},{"type":"block","angle":150,"time":18},{"type":"block","angle":120,"time":18.5},{"type":"block","angle":90,"time":18.75},{"type":"block","angle":60,"time":19},{"type":"block","angle":30,"time":19.25},{"type":"block","angle":60,"time":19.5},{"type":"block","angle":-270,"time":20},{"speedMult":2,"angle":-270,"type":"inverse","time":20.0625},{"speedMult":3,"angle":-270,"type":"inverse","time":20.125},{"angle":-210,"type":"block","time":21,"tap":true},{"type":"block","angle":-180,"time":21.5},{"speedMult":2,"angle":-180,"type":"inverse","time":21.5625},{"speedMult":3,"angle":-180,"type":"inverse","time":21.625},{"type":"block","angle":-150,"time":22},{"type":"block","angle":-120,"time":22.5},{"type":"block","angle":-90,"time":22.75},{"type":"block","angle":-60,"time":23},{"type":"block","angle":-30,"time":23.25},{"type":"block","angle":-60,"time":23.5},{"speedMult":2,"angle":240,"type":"inverse","time":22.5625},{"speedMult":3,"angle":240,"type":"inverse","time":22.625},{"speedMult":2,"angle":300,"type":"inverse","time":23.5625},{"speedMult":3,"angle":300,"type":"inverse","time":23.625},{"type":"block","angle":0,"time":83},{"type":"block","angle":360,"time":82.5},{"type":"block","angle":360,"time":83.5},{"time":84,"type":"hold","startTap":true,"endTap":true,"duration":1,"angle":0,"angle2":90,"holdEase":"inQuart"},{"time":85.5,"type":"hold","startTap":true,"endTap":true,"duration":1,"angle":90,"angle2":180,"holdEase":"inQuart"},{"type":"block","angle":180,"time":87},{"type":"block","angle":135,"time":87.5},{"type":"block","angle":112.5,"time":87.75},{"time":88,"type":"hold","startTap":true,"endTap":true,"duration":1,"angle":90,"angle2":180,"holdEase":"inQuart"},{"time":89.5,"type":"hold","startTap":true,"endTap":true,"duration":1,"angle":180,"angle2":270,"holdEase":"inQuart"},{"type":"block","angle":240,"time":91},{"type":"block","angle":210,"time":91.5},{"time":92,"type":"hold","startTap":true,"endTap":true,"duration":1,"angle":180,"angle2":270,"holdEase":"inQuart"},{"time":93.5,"type":"hold","startTap":true,"endTap":true,"duration":1,"angle":270,"angle2":360,"holdEase":"inQuart"},{"type":"block","angle":360,"time":95},{"type":"block","angle":315,"time":95.5},{"type":"block","angle":292.5,"time":95.75},{"time":96,"type":"hold","startTap":true,"endTap":true,"duration":1,"angle":270,"angle2":360,"holdEase":"inQuart"},{"time":97.5,"type":"hold","startTap":true,"endTap":true,"duration":1,"angle":0,"angle2":90,"holdEase":"inQuart"},{"type":"block","angle":90,"time":99},{"type":"block","angle":67.5,"time":99.25},{"type":"block","angle":45,"time":99.5},{"type":"block","angle":22.5,"time":99.75},{"type":"block","angle":112.5,"time":98.75},{"type":"block","angle":270,"time":24},{"speedMult":2,"angle":270,"type":"inverse","time":24.0625},{"speedMult":3,"angle":270,"type":"inverse","time":24.125},{"angle":210,"type":"block","time":25,"tap":true},{"type":"block","angle":180,"time":25.5},{"speedMult":2,"angle":180,"type":"inverse","time":25.5625},{"speedMult":3,"angle":180,"type":"inverse","time":25.625},{"type":"block","angle":150,"time":26},{"type":"block","angle":120,"time":26.5},{"type":"block","angle":90,"time":26.75},{"type":"block","angle":60,"time":27},{"type":"block","angle":30,"time":27.25},{"type":"block","angle":60,"time":27.5},{"type":"block","angle":0,"time":28},{"duration":0.25,"time":28.5,"type":"hold","angle2":45,"angle":22.5},{"duration":0.25,"time":29.25,"type":"hold","angle2":90,"angle":67.5},{"type":"block","angle":90,"time":30},{"duration":0.25,"time":30.5,"type":"hold","angle2":135,"angle":112.5},{"time":31.25,"type":"hold","startTap":true,"duration":0.75,"angle":-270,"endAngle":157.5,"spinEase":"linear","holdEase":"inQuart","angle2":90},{"speedMult":2,"angle":90,"type":"inverse","time":32.0625},{"speedMult":3,"angle":90,"type":"inverse","time":32.125},{"angle":30,"type":"block","time":33,"tap":true},{"type":"block","angle":0,"time":33.5},{"speedMult":2,"angle":0,"type":"inverse","time":33.5625},{"speedMult":3,"angle":0,"type":"inverse","time":33.625},{"type":"block","angle":-30,"time":34},{"type":"block","angle":-60,"time":34.5},{"type":"block","angle":-90,"time":34.75},{"type":"block","angle":-120,"time":35},{"type":"block","angle":-150,"time":35.25},{"type":"block","angle":-120,"time":35.5},{"type":"block","angle":-450,"time":36},{"speedMult":2,"angle":-450,"type":"inverse","time":36.0625},{"speedMult":3,"angle":-450,"type":"inverse","time":36.125},{"angle":-390,"type":"block","time":37,"tap":true},{"type":"block","angle":-360,"time":37.5},{"speedMult":2,"angle":-360,"type":"inverse","time":37.5625},{"speedMult":3,"angle":-360,"type":"inverse","time":37.625},{"type":"block","angle":-330,"time":38},{"type":"block","angle":-300,"time":38.5},{"type":"block","angle":-270,"time":38.75},{"type":"block","angle":-240,"time":39},{"type":"block","angle":-210,"time":39.25},{"type":"block","angle":-240,"time":39.5},{"speedMult":2,"angle":60,"type":"inverse","time":38.5625},{"speedMult":3,"angle":60,"type":"inverse","time":38.625},{"speedMult":2,"angle":120,"type":"inverse","time":39.5625},{"speedMult":3,"angle":120,"type":"inverse","time":39.625},{"type":"block","angle":90,"time":40},{"speedMult":2,"angle":90,"type":"inverse","time":40.0625},{"speedMult":3,"angle":90,"type":"inverse","time":40.125},{"angle":30,"type":"block","time":41,"tap":true},{"type":"block","angle":0,"time":41.5},{"speedMult":2,"angle":0,"type":"inverse","time":41.5625},{"speedMult":3,"angle":0,"type":"inverse","time":41.625},{"type":"block","angle":-30,"time":42},{"type":"block","angle":-60,"time":42.5},{"type":"block","angle":-90,"time":42.75},{"type":"block","angle":-120,"time":43},{"type":"block","angle":-150,"time":43.25},{"type":"block","angle":-120,"time":43.5},{"type":"block","angle":-180,"time":44},{"duration":0.25,"time":44.5,"type":"hold","angle2":-135,"angle":-157.5},{"duration":0.25,"time":45.25,"type":"hold","angle2":-90,"angle":-112.5},{"type":"block","angle":-90,"time":46},{"duration":0.25,"time":46.5,"type":"hold","angle2":-45,"angle":-67.5},{"type":"block","angle":360,"time":47},{"type":"block","angle":22.5,"time":47.25},{"type":"block","angle":45,"time":47.5},{"type":"block","angle":67.5,"time":47.75},{"type":"block","angle":90,"time":48},{"speedMult":2,"angle":90,"type":"inverse","time":48.0625},{"speedMult":3,"angle":90,"type":"inverse","time":48.125},{"type":"block","angle":45,"time":48.5},{"angle":90,"type":"block","time":49,"tap":true},{"type":"block","angle":45,"time":49.5},{"type":"block","angle":22.5,"time":49.75},{"type":"block","angle":360,"time":50},{"type":"block","angle":22.5,"time":50.25},{"type":"block","angle":45,"time":50.5},{"type":"block","angle":360,"time":51},{"type":"block","angle":315,"time":51.5},{"speedMult":2,"angle":45,"type":"inverse","time":49.5625},{"speedMult":3,"angle":45,"type":"inverse","time":49.625},{"type":"block","angle":270,"time":52},{"speedMult":2,"angle":270,"type":"inverse","time":52.0625},{"speedMult":3,"angle":270,"type":"inverse","time":52.125},{"type":"block","angle":225,"time":52.5},{"angle":270,"type":"block","time":53,"tap":true},{"type":"block","angle":225,"time":53.5},{"type":"block","angle":202.5,"time":53.75},{"type":"block","angle":540,"time":54},{"type":"block","angle":202.5,"time":54.25},{"type":"block","angle":225,"time":54.5},{"type":"block","angle":540,"time":55},{"type":"block","angle":495,"time":55.5},{"speedMult":2,"angle":225,"type":"inverse","time":53.5625},{"speedMult":3,"angle":225,"type":"inverse","time":53.625},{"speedMult":2,"angle":225,"type":"inverse","time":54.5625},{"speedMult":3,"angle":225,"type":"inverse","time":54.625},{"speedMult":2,"angle":180,"type":"inverse","time":55.0625},{"speedMult":3,"angle":180,"type":"inverse","time":55.125},{"speedMult":2,"angle":135,"type":"inverse","time":55.5625},{"speedMult":3,"angle":135,"type":"inverse","time":55.625},{"type":"block","angle":90,"time":56},{"speedMult":2,"angle":90,"type":"inverse","time":56.0625},{"speedMult":3,"angle":90,"type":"inverse","time":56.125},{"type":"block","angle":45,"time":56.5},{"angle":90,"type":"block","time":57,"tap":true},{"type":"block","angle":45,"time":57.5},{"type":"block","angle":22.5,"time":57.75},{"type":"block","angle":360,"time":58},{"type":"block","angle":22.5,"time":58.25},{"type":"block","angle":45,"time":58.5},{"type":"block","angle":360,"time":59},{"type":"block","angle":315,"time":59.5},{"speedMult":2,"angle":45,"type":"inverse","time":57.5625},{"speedMult":3,"angle":45,"type":"inverse","time":57.625},{"type":"block","angle":0,"time":60},{"duration":0.25,"time":60.5,"type":"hold","angle2":45,"angle":22.5},{"duration":0.25,"time":61.25,"type":"hold","angle2":90,"angle":67.5},{"type":"block","angle":90,"time":62},{"duration":0.25,"time":62.5,"type":"hold","angle2":135,"angle":112.5},{"type":"block","angle":540,"time":63},{"type":"block","angle":202.5,"time":63.25},{"type":"block","angle":225,"time":63.5},{"type":"block","angle":247.5,"time":63.75},{"type":"block","angle":270,"time":64},{"speedMult":2,"angle":270,"type":"inverse","time":64.0625},{"speedMult":3,"angle":270,"type":"inverse","time":64.125},{"type":"block","angle":225,"time":64.5},{"angle":270,"type":"block","time":65,"tap":true},{"type":"block","angle":225,"time":65.5},{"type":"block","angle":202.5,"time":65.75},{"type":"block","angle":540,"time":66},{"type":"block","angle":202.5,"time":66.25},{"type":"block","angle":225,"time":66.5},{"type":"block","angle":540,"time":67},{"type":"block","angle":495,"time":67.5},{"speedMult":2,"angle":225,"type":"inverse","time":65.5625},{"speedMult":3,"angle":225,"type":"inverse","time":65.625},{"type":"block","angle":450,"time":68},{"speedMult":2,"angle":450,"type":"inverse","time":68.0625},{"speedMult":3,"angle":450,"type":"inverse","time":68.125},{"type":"block","angle":405,"time":68.5},{"angle":450,"type":"block","time":69,"tap":true},{"type":"block","angle":405,"time":69.5},{"type":"block","angle":382.5,"time":69.75},{"type":"block","angle":720,"time":70},{"type":"block","angle":382.5,"time":70.25},{"type":"block","angle":405,"time":70.5},{"type":"block","angle":720,"time":71},{"type":"block","angle":675,"time":71.5},{"speedMult":2,"angle":405,"type":"inverse","time":69.5625},{"speedMult":3,"angle":405,"type":"inverse","time":69.625},{"speedMult":2,"angle":405,"type":"inverse","time":70.5625},{"speedMult":3,"angle":405,"type":"inverse","time":70.625},{"speedMult":2,"angle":360,"type":"inverse","time":71.0625},{"speedMult":3,"angle":360,"type":"inverse","time":71.125},{"speedMult":2,"angle":315,"type":"inverse","time":71.5625},{"speedMult":3,"angle":315,"type":"inverse","time":71.625},{"type":"block","angle":270,"time":72},{"speedMult":2,"angle":270,"type":"inverse","time":72.0625},{"speedMult":3,"angle":270,"type":"inverse","time":72.125},{"type":"block","angle":225,"time":72.5},{"angle":270,"type":"block","time":73,"tap":true},{"type":"block","angle":225,"time":73.5},{"type":"block","angle":202.5,"time":73.75},{"type":"block","angle":540,"time":74},{"type":"block","angle":202.5,"time":74.25},{"type":"block","angle":225,"time":74.5},{"type":"block","angle":540,"time":75},{"type":"block","angle":495,"time":75.5},{"speedMult":2,"angle":225,"type":"inverse","time":73.5625},{"speedMult":3,"angle":225,"type":"inverse","time":73.625},{"type":"block","angle":180,"time":76},{"duration":0.25,"time":76.5,"type":"hold","angle2":225,"angle":202.5},{"duration":0.25,"time":77.25,"type":"hold","angle2":270,"angle":247.5},{"type":"block","angle":270,"time":78},{"duration":0.25,"time":78.5,"type":"hold","angle2":315,"angle":292.5},{"type":"block","angle":720,"time":79},{"type":"block","angle":382.5,"time":79.25},{"type":"block","angle":405,"time":79.5},{"type":"block","angle":427.5,"time":79.75},{"duration":1,"time":80,"type":"hold","angle2":90,"angle":90},{"duration":1,"holdEase":"inQuad","type":"hold","angle2":0,"angle":90,"time":81},{"duration":0.5,"time":100,"type":"hold","angle2":360,"angle":360},{"duration":0.5,"time":101,"type":"hold","angle2":45,"angle":45},{"duration":0.5,"time":102,"type":"hold","angle2":112.5,"angle":90},{"duration":0.5,"time":102.5,"type":"hold","angle2":157.5,"angle":135},{"duration":0.5,"time":103,"type":"hold","angle2":180,"angle":180},{"duration":0.5,"time":104,"type":"hold","angle2":202.5,"angle":180},{"duration":0.5,"time":104.5,"type":"hold","angle2":247.5,"angle":225},{"duration":0.5,"time":105,"type":"hold","angle2":225,"angle":270},{"duration":0.5,"time":105.5,"type":"hold","angle2":180,"angle":202.5},{"duration":0.5,"time":106,"type":"hold","angle2":135,"angle":157.5},{"duration":0.5,"time":107,"type":"hold","angle2":180,"angle":180},{"duration":0.5,"time":106.5,"type":"hold","angle2":157.5,"angle":112.5},{"duration":0.5,"time":108,"type":"hold","angle2":540,"angle":540},{"duration":0.5,"time":109,"type":"hold","angle2":225,"angle":225},{"duration":0.5,"time":110,"type":"hold","angle2":292.5,"angle":270},{"duration":0.5,"time":110.5,"type":"hold","angle2":337.5,"angle":315},{"duration":0.5,"time":111,"type":"hold","angle2":360,"angle":360},{"duration":0.25,"time":111.5,"type":"hold","angle2":0,"angle":22.5},{"duration":0.25,"time":111.75,"type":"hold","angle2":22.5,"angle":0},{"duration":0.5,"time":112,"type":"hold","angle2":-22.5,"angle":0},{"duration":0.5,"time":112.5,"type":"hold","angle2":-67.5,"angle":-45},{"duration":0.5,"time":113,"type":"hold","angle2":247.5,"angle":270},{"duration":0.5,"time":113.5,"type":"hold","angle2":202.5,"angle":225},{"duration":0.5,"time":114,"type":"hold","angle2":157.5,"angle":180},{"duration":0.5,"time":114.5,"type":"hold","angle2":157.5,"angle":135},{"duration":0.5,"time":115,"type":"hold","angle2":180,"angle":180},{"type":"block","angle":180,"time":116},{"type":"block","angle":135,"time":117},{"type":"block","angle":90,"time":117.75},{"type":"block","angle":180,"time":116.5},{"type":"block","angle":405,"time":119.5},{"type":"block","angle":112.5,"time":117.5},{"type":"block","angle":112.5,"time":118.25},{"type":"block","angle":90,"time":118.5},{"type":"block","angle":135,"time":119},{"type":"block","angle":382.5,"time":119.75},{"type":"block","angle":0,"time":120},{"type":"block","angle":-45,"time":121},{"type":"block","angle":-90,"time":121.75},{"type":"block","angle":0,"time":120.5},{"type":"block","angle":225,"time":123.5},{"type":"block","angle":-67.5,"time":121.5},{"type":"block","angle":-67.5,"time":122.25},{"type":"block","angle":-90,"time":122.5},{"type":"block","angle":-45,"time":123},{"type":"block","angle":202.5,"time":123.75},{"type":"block","angle":-180,"time":124},{"type":"block","angle":-135,"time":125},{"type":"block","angle":-90,"time":125.75},{"type":"block","angle":-180,"time":124.5},{"type":"block","angle":-405,"time":127.5},{"type":"block","angle":-112.5,"time":125.5},{"type":"block","angle":-112.5,"time":126.25},{"type":"block","angle":-90,"time":126.5},{"type":"block","angle":-135,"time":127},{"type":"block","angle":-382.5,"time":127.75},{"type":"block","angle":0,"time":128},{"type":"block","angle":45,"time":2},{"type":"block","angle":315,"time":6},{"type":"block","angle":45,"time":10},{"type":"block","angle":135,"time":118},{"type":"block","angle":315,"time":122},{"type":"block","angle":225,"time":126},{"type":"block","angle":60,"time":128.5},{"type":"block","angle":120,"time":129},{"type":"block","angle":180,"time":129.5},{"type":"block","angle":240,"time":130},{"type":"block","angle":300,"time":130.5},{"type":"block","angle":0,"time":131},{"type":"block","angle":315,"time":132},{"type":"inverse","angle":270,"time":132.5},{"type":"block","angle":225,"time":133},{"type":"block","angle":135,"time":134},{"type":"block","angle":45,"time":135},{"type":"block","angle":22.5,"time":135.5},{"type":"inverse","angle":180,"time":133.5},{"type":"inverse","angle":90,"time":134.5},{"type":"block","angle":45,"time":136},{"type":"inverse","angle":90,"time":136.5},{"type":"block","angle":135,"time":137},{"type":"block","angle":180,"time":137.5},{"type":"block","angle":225,"time":138},{"type":"block","angle":270,"time":138.5},{"type":"block","angle":247.5,"time":139},{"type":"block","angle":270,"time":139.5},{"type":"inverse","angle":292.5,"time":139.5},{"type":"inverse","angle":292.5,"time":139.75},{"type":"block","angle":315,"time":140},{"type":"inverse","angle":270,"time":140.5},{"type":"block","angle":225,"time":141},{"type":"block","angle":135,"time":142},{"type":"block","angle":45,"time":143},{"type":"block","angle":22.5,"time":143.5},{"type":"inverse","angle":180,"time":141.5},{"type":"inverse","angle":90,"time":142.5},{"type":"block","angle":45,"time":144},{"type":"inverse","angle":90,"time":144.5},{"type":"block","angle":135,"time":145},{"type":"block","angle":180,"time":145.5},{"type":"block","angle":225,"time":146},{"type":"block","angle":270,"time":146.5},{"type":"block","angle":247.5,"time":147},{"type":"inverse","angle":315,"time":147.5},{"type":"inverse","angle":337.5,"time":147.75},{"type":"inverse","angle":22.5,"time":143.75},{"type":"inverse","angle":90,"time":144.75},{"type":"inverse","angle":157.5,"time":145.5},{"type":"inverse","angle":202.5,"time":145.75},{"type":"inverse","angle":247.5,"time":146.25},{"type":"inverse","angle":247.5,"time":146.5},{"type":"inverse","angle":247.5,"time":146.75},{"type":"inverse","angle":292.5,"time":147.25},{"type":"inverse","angle":45,"time":148.5},{"type":"inverse","angle":45,"time":148.75},{"duration":1,"time":149,"type":"hold","angle2":180,"angle":45},{"type":"inverse","angle":135,"time":149.5},{"type":"inverse","angle":135,"time":149.75},{"type":"inverse","angle":180,"time":150.5},{"type":"inverse","angle":180,"time":150.75},{"duration":0.5,"time":151,"type":"hold","angle2":157.5,"angle":180},{"endTap":true,"duration":0.5,"angle":157.5,"type":"hold","time":151.5,"angle2":202.5},{"type":"inverse","angle":225,"time":152.5},{"type":"inverse","angle":225,"time":152.75},{"startTap":true,"duration":1,"angle":360,"type":"hold","angle2":405,"time":148},{"duration":0.5,"time":153,"type":"hold","angle2":292.5,"angle":247.5},{"duration":0.5,"time":154,"type":"hold","angle2":315,"angle":270},{"duration":0.5,"time":155,"type":"hold","angle2":337.5,"angle":292.5},{"duration":0.5,"time":153.5,"type":"hold","angle2":270,"angle":292.5},{"duration":0.5,"time":154.5,"type":"hold","angle2":292.5,"angle":315},{"duration":0.5,"time":155.5,"type":"hold","angle2":360,"angle":337.5},{"type":"inverse","angle":270,"time":153.5},{"type":"inverse","angle":292.5,"time":154.5},{"type":"inverse","angle":315,"time":155.5},{"type":"inverse","angle":-45,"time":156.5},{"type":"inverse","angle":-45,"time":156.75},{"duration":1,"time":157,"type":"hold","angle2":-180,"angle":-45},{"type":"inverse","angle":-135,"time":157.5},{"type":"inverse","angle":-135,"time":157.75},{"type":"inverse","angle":-180,"time":158.5},{"type":"inverse","angle":-180,"time":158.75},{"duration":0.5,"time":159,"type":"hold","angle2":-157.5,"angle":-180},{"endTap":true,"duration":0.5,"angle":-157.5,"angle2":-202.5,"type":"hold","time":159.5},{"type":"inverse","angle":-225,"time":160.5},{"type":"inverse","angle":-225,"time":160.75},{"startTap":true,"duration":1,"angle":-360,"type":"hold","angle2":-405,"time":156},{"duration":0.5,"time":161,"type":"hold","angle2":-292.5,"angle":-247.5},{"duration":0.5,"time":162,"type":"hold","angle2":-315,"angle":-270},{"duration":0.5,"time":163,"type":"hold","angle2":-337.5,"angle":-292.5},{"duration":0.5,"time":161.5,"type":"hold","angle2":-270,"angle":-292.5},{"duration":0.5,"time":162.5,"type":"hold","angle2":-292.5,"angle":-315},{"endTap":true,"duration":0.5,"angle":-337.5,"type":"hold","time":163.5,"angle2":-360},{"type":"inverse","angle":-270,"time":161.5},{"type":"inverse","angle":-292.5,"time":162.5},{"type":"inverse","angle":-315,"time":163.5},{"type":"block","angle":315,"time":164.5},{"type":"block","angle":337.5,"time":164.75},{"type":"block","angle":315,"time":165},{"type":"block","angle":270,"time":165.5},{"type":"block","angle":315,"time":166},{"type":"block","angle":292.5,"time":166.25},{"type":"block","angle":315,"time":166.5},{"type":"block","angle":0,"time":167},{"type":"block","angle":45,"time":167.5},{"type":"block","angle":22.5,"time":167.75},{"type":"block","angle":45,"time":168},{"type":"block","angle":90,"time":168.5},{"type":"block","angle":45,"time":169},{"type":"block","angle":67.5,"time":169.25},{"type":"block","angle":45,"time":169.5},{"type":"block","angle":0,"time":170},{"type":"block","angle":315,"time":170.5},{"type":"block","angle":337.5,"time":170.75},{"type":"block","angle":315,"time":171},{"type":"block","angle":270,"time":171.5},{"type":"block","angle":225,"time":172},{"type":"block","angle":225,"time":172.25},{"type":"block","angle":202.5,"time":172.5},{"type":"block","angle":202.5,"time":172.75},{"type":"block","angle":180,"time":173},{"type":"block","angle":180,"time":173.25},{"type":"block","angle":157.5,"time":173.5},{"type":"block","angle":157.5,"time":173.75},{"type":"block","angle":135,"time":174},{"type":"block","angle":135,"time":174.25},{"type":"block","angle":157.5,"time":174.5},{"type":"block","angle":157.5,"time":174.75},{"type":"block","angle":180,"time":175},{"type":"block","angle":202.5,"time":175.25},{"type":"block","angle":180,"time":175.5},{"type":"block","angle":157.5,"time":175.75},{"type":"block","angle":180,"time":176},{"type":"block","angle":270,"time":177},{"type":"block","angle":225,"time":177.5},{"type":"block","angle":180,"time":178},{"type":"block","angle":90,"time":179},{"type":"block","angle":45,"time":179.5},{"type":"block","angle":22.5,"time":179.75},{"duration":5,"time":180,"type":"hold","angle2":0,"angle":0},{"type":"block","angle":360,"time":186},{"type":"block","angle":180,"time":186},{"type":"block","angle":150,"time":187},{"type":"block","angle":330,"time":187},{"type":"block","angle":330,"time":187.5},{"type":"block","angle":150,"time":187.5},{"type":"block","angle":120,"time":188},{"type":"block","angle":300,"time":188},{"type":"block","angle":270,"time":189},{"type":"block","angle":90,"time":189},{"startTap":true,"endTap":true,"duration":1,"angle":315,"angle2":315,"type":"hold","time":191},{"startTap":true,"endTap":true,"duration":1,"angle":45,"angle2":45,"type":"hold","time":191},{"startTap":true,"endTap":true,"duration":1,"angle":225,"angle2":225,"type":"hold","time":191},{"startTap":true,"endTap":true,"duration":1,"angle":135,"angle2":135,"type":"hold","time":191},{"duration":1,"angle":0,"angle2":0,"time":192,"type":"hold"},{"duration":1,"time":192,"type":"hold","angle2":270,"angle":270},{"duration":1,"time":192,"type":"hold","angle2":180,"angle":180},{"duration":1,"time":192,"type":"hold","angle2":90,"angle":90},{"speedMult":1.5,"angle":0,"type":"extraTap","time":116},{"speedMult":1.5,"angle":-22.5,"type":"extraTap","time":120},{"speedMult":1.5,"angle":0,"type":"extraTap","time":124},{"speedMult":1.5,"angle":22.5,"type":"extraTap","time":128}]