[{"type":"hold","time":2,"holdEase":"inBack","angle2":720,"angle":360,"duration":4},{"angle":270,"type":"mine","time":7},{"angle":90,"type":"mine","time":7},{"angle":247.5,"type":"mine","time":6.5},{"angle":112.5,"type":"mine","time":6.5},{"angle":67.5,"type":"mine","time":7.5},{"angle":292.5,"type":"mine","time":7.5},{"angle":247.5,"type":"mine","time":8},{"angle":112.5,"type":"mine","time":8},{"angle":225,"type":"mine","time":8.5},{"angle":202.5,"type":"mine","time":9},{"angle":157.5,"type":"mine","time":9},{"angle":135,"type":"mine","time":8.5},{"angle":0,"type":"block","time":8},{"type":"hold","time":8.25,"angle2":326.25,"angle":337.5,"duration":0.125},{"angle":315,"type":"block","time":8.5},{"angle":292.5,"type":"block","time":8.75},{"angle":270,"type":"block","time":9},{"angle":270,"type":"block","time":9.25},{"type":"hold","startTap":true,"time":9.75,"holdEase":"inBack","angle2":180,"angle":270,"duration":1.25},{"type":"hold","time":11,"holdEase":"inCubic","angle2":90,"angle":180,"duration":1},{"time":12,"type":"hold","endTap":true,"holdEase":"inCirc","angle2":0,"duration":1,"angle":90},{"type":"mineHold","time":13,"angle2":180,"angle":180,"duration":1},{"type":"mineHold","time":14,"segments":1,"angle2":202.5,"duration":1,"angle":180},{"type":"mineHold","time":14,"segments":1,"angle2":157.5,"duration":1,"angle":180},{"type":"mineHold","time":15,"angle2":202.5,"angle":202.5,"duration":1},{"type":"mineHold","time":15,"angle2":157.5,"angle":157.5,"duration":1},{"type":"mineHold","time":16,"segments":1,"angle2":225,"duration":1,"angle":202.5},{"type":"mineHold","time":16,"segments":1,"angle2":135,"duration":1,"angle":157.5},{"angle":0,"type":"side","time":14},{"type":"mineHold","time":14,"speedMult":1.5,"angle2":360,"duration":1,"angle":225},{"type":"mineHold","time":16,"speedMult":1.5,"angle2":45,"duration":0.5,"angle":135},{"angle":0,"type":"side","time":16},{"type":"block","time":15,"tap":true,"angle":67.5},{"type":"block","time":17,"tap":true,"angle":292.5},{"angle":292.5,"type":"block","time":17.25},{"type":"mineHold","time":16.5,"speedMult":1.5,"angle2":0,"duration":0.5,"angle":90},{"type":"mineHold","time":17,"angle2":225,"angle":225,"duration":0.75},{"type":"mineHold","time":17,"angle2":135,"angle":135,"duration":0.75},{"type":"side","time":17.75,"speedMult":1.5,"angle":360},{"startTap":true,"time":19,"duration":1,"angle2":-67.5,"angle":67.5,"type":"hold"},{"type":"mineHold","time":17.75,"angle2":135,"angle":225,"duration":0},{"angle":247.5,"type":"block","time":21},{"angle":270,"type":"block","time":21.25},{"angle":292.5,"type":"block","time":21.5},{"angle":315,"type":"block","time":21.75},{"angle":337.5,"type":"block","time":22},{"angle":360,"type":"block","time":22.25},{"type":"block","time":22.75,"tap":true,"angle":45},{"angle":90,"type":"block","time":23.25},{"angle":45,"type":"block","time":23.75},{"type":"hold","startTap":true,"time":24,"holdEase":"outSine","angle2":-22.5,"angle":22.5,"duration":1},{"startTap":true,"time":25.75,"duration":8.25,"angle2":0,"angle":0,"type":"hold"},{"angle":345,"type":"block","time":25.75},{"angle":15,"type":"block","time":25.75},{"type":"hold","time":42,"angle2":90,"angle":0,"duration":1},{"angle":213.75,"type":"block","time":45},{"angle":360,"type":"block","time":47},{"type":"mineHold","time":19,"angle2":112.5,"angle":247.5,"duration":1},{"angle":225,"type":"mine","time":22.75},{"angle":270,"type":"mine","time":23.25},{"angle":225,"type":"mine","time":23.75},{"type":"mineHold","time":24,"holdEase":"outSine","angle2":157.5,"angle":202.5,"duration":1},{"angle":95,"type":"mine","time":27},{"angle":275,"type":"mine","time":27},{"angle":180,"type":"mine","time":28.5},{"angle":202.5,"type":"mine","time":28.25},{"angle":225,"type":"mine","time":28},{"angle":157.5,"type":"mine","time":28.75},{"angle":135,"type":"mine","time":29},{"type":"mineHold","time":30,"angle2":275,"angle":275,"duration":1},{"type":"mineHold","time":32,"angle2":95,"angle":95,"duration":0.75},{"angle":260,"type":"mine","time":29.833333969116},{"angle":245,"type":"mine","time":29.666666030884},{"angle":230,"type":"mine","time":29.5},{"angle":110,"type":"mine","time":31.833333969116},{"angle":125,"type":"mine","time":31.666666030884},{"angle":140,"type":"mine","time":31.5},{"angle":30,"type":"block","time":47.5},{"angle":15,"type":"block","time":48},{"angle":45,"type":"block","time":48.5},{"time":49,"type":"hold","endTap":true,"angle":30,"angle2":30,"duration":1,"startTap":true},{"type":"hold","time":50,"angle2":-30,"angle":30,"duration":1},{"angle":275,"type":"mine","time":33},{"angle":245,"type":"mine","time":33.25},{"angle":215,"type":"mine","time":33.5},{"angle":185,"type":"mine","time":33.75},{"angle":155,"type":"mine","time":33.5},{"angle":125,"type":"mine","time":33.25},{"angle":95,"type":"mine","time":33},{"angle":247.5,"type":"block","time":53},{"angle":60,"type":"block","time":55},{"angle":90,"type":"block","time":55.5},{"angle":135,"type":"block","time":56},{"angle":105,"type":"block","time":56.5},{"time":57,"type":"hold","endTap":true,"angle":75,"angle2":135,"duration":1,"startTap":true},{"type":"hold","time":58,"angle2":90,"angle":135,"duration":1},{"angle":97.5,"type":"block","time":60.5},{"angle":102.5,"type":"block","time":61},{"angle":90,"type":"block","time":62.5},{"angle":87.5,"type":"block","time":63},{"speedMult":1.5,"startTap":true,"time":64.5,"duration":0.5,"angle2":290,"angle":290,"type":"hold"},{"angle":305,"startTap":true,"time":64.5,"speedMult":1.5,"angle2":305,"duration":0.5,"type":"hold"},{"angle":260,"startTap":true,"time":65.25,"speedMult":1.5,"angle2":260,"duration":0.5,"type":"hold"},{"angle":245,"startTap":true,"time":65.25,"speedMult":1.5,"angle2":245,"duration":0.5,"type":"hold"},{"angle":275,"startTap":true,"time":66,"speedMult":1.5,"angle2":335,"duration":1,"type":"hold"},{"type":"hold","time":70,"angle2":95,"angle":95,"duration":0.75},{"type":"mineHold","time":73,"speedMult":2,"angle2":275,"angle":275,"duration":0.75},{"startTap":true,"time":73.75,"duration":1.25,"angle2":105,"angle":75,"type":"hold"},{"startTap":true,"time":73.75,"duration":1.25,"angle2":90,"angle":60,"type":"hold"},{"angle":95,"type":"block","time":68},{"angle":97.5,"type":"block","time":75},{"angle":75,"type":"block","time":75.25},{"angle":120,"type":"block","time":75.5},{"angle":105,"type":"block","time":75.75},{"angle":135,"type":"block","time":76},{"angle":315,"type":"block","time":77},{"angle":285,"type":"block","time":77.25},{"angle":255,"type":"block","time":77.5},{"type":"block","time":77.75,"tap":true,"angle":270},{"angle":285,"type":"block","time":78.5},{"angle":270,"type":"block","time":79.5},{"angle":255,"type":"block","time":80.5},{"angle":240,"type":"block","time":81.5},{"angle":277.5,"type":"mine","time":79},{"angle":262.5,"type":"mine","time":80},{"angle":247.5,"type":"mine","time":81},{"type":"hold","time":82,"holdEase":"inSine","angle2":180,"angle":285,"duration":1},{"angle":60,"type":"block","time":85},{"angle":105,"type":"block","time":85.25},{"angle":120,"type":"block","time":85.5},{"type":"block","time":85.75,"tap":true,"angle":90},{"angle":82.5,"type":"block","time":86.5},{"angle":75,"type":"mine","time":87},{"angle":60,"type":"mine","time":88},{"angle":67.5,"type":"block","time":87.5},{"angle":52.5,"type":"block","time":88.5},{"type":"side","time":89.75,"tap":true,"angle":360},{"type":"hold","time":91,"angle2":90,"angle":75,"duration":0.5},{"type":"mineHold","time":91,"angle2":375,"angle":345,"duration":0.5},{"type":"mineHold","time":91,"angle2":135,"angle":165,"duration":0.5},{"type":"mineHold","time":91,"angle2":255,"angle":255,"duration":0.5},{"type":"hold","time":93,"angle2":-37.5,"angle":-52.5,"duration":0.5},{"type":"mineHold","time":93,"angle2":247.5,"angle":217.5,"duration":0.5},{"type":"mineHold","time":93,"angle2":7.5,"angle":37.5,"duration":0.5},{"type":"mineHold","time":93,"angle2":127.5,"angle":127.5,"duration":0.5},{"type":"hold","time":95,"angle2":180,"angle":165,"duration":0.5},{"type":"mineHold","time":95,"angle2":465,"angle":435,"duration":0.5},{"type":"mineHold","time":95,"angle2":225,"angle":255,"duration":0.5},{"type":"mineHold","time":95,"angle2":345,"angle":345,"duration":0.5},{"type":"hold","time":97,"angle2":45,"angle":30,"duration":0.5},{"type":"mineHold","time":97,"angle2":330,"angle":300,"duration":0.5},{"type":"mineHold","time":97,"angle2":90,"angle":120,"duration":0.5},{"type":"mineHold","time":97,"angle2":210,"angle":210,"duration":0.5},{"type":"hold","time":99,"angle2":-60,"angle":-75,"duration":0.5},{"type":"mineHold","time":99,"angle2":225,"angle":195,"duration":0.5},{"type":"mineHold","time":99,"angle2":-15,"angle":15,"duration":0.5},{"type":"mineHold","time":99,"angle2":105,"angle":105,"duration":0.5},{"type":"block","time":100,"speedMult":1.5,"angle":285},{"type":"block","time":100.25,"speedMult":1.5,"angle":270},{"type":"block","time":100.375,"speedMult":1.5,"angle":277.5},{"type":"block","time":100.5,"speedMult":1.5,"angle":262.5},{"type":"block","time":100.75,"speedMult":1.5,"angle":277.5},{"type":"block","time":101,"speedMult":1.5,"angle":300},{"type":"block","time":101.25,"speedMult":1.5,"angle":315},{"type":"block","time":101.75,"speedMult":1.5,"angle":0},{"type":"block","time":101.75,"speedMult":1.5,"angle":345},{"type":"block","time":101.75,"speedMult":1.5,"angle":15},{"type":"extraTap","time":101.75,"speedMult":1.5,"angle":22.5},{"angle":270,"type":"block","time":105},{"angle":247.5,"type":"block","time":105.5},{"type":"side","time":106,"tap":true,"angle":292.5},{"angle":67.5,"type":"mine","time":107},{"angle":180,"type":"mine","time":107.5},{"angle":292.5,"type":"mine","time":108},{"angle":22.5,"type":"mine","time":108.5},{"angle":202.5,"type":"mine","time":109},{"angle":315,"type":"mine","time":109.5},{"type":"side","time":110,"tap":true,"angle":90},{"type":"mine","time":107,"speedMult":0.89999997615814,"angle":225},{"type":"mine","time":108,"speedMult":0.89999997615814,"angle":112.5},{"type":"mine","time":109,"speedMult":0.89999997615814,"angle":45},{"angle":180,"type":"mine","time":111},{"type":"mine","time":111,"speedMult":0.89999997615814,"angle":360},{"angle":135,"type":"mine","time":111.5},{"angle":22.5,"type":"mine","time":112},{"type":"mine","time":112,"speedMult":0.89999997615814,"angle":292.5},{"angle":337.5,"type":"mine","time":112.5},{"angle":45,"type":"mine","time":113},{"type":"mine","time":113,"speedMult":0.89999997615814,"angle":157.5},{"angle":247.5,"type":"block","time":113},{"angle":270,"type":"block","time":113.5},{"type":"hold","time":114,"angle2":292.5,"angle":292.5,"duration":0.5},{"type":"hold","time":115,"angle2":202.5,"angle":202.5,"duration":0.5},{"type":"hold","time":116,"angle2":112.5,"angle":112.5,"duration":0.5},{"type":"hold","time":117,"angle2":22.5,"angle":22.5,"duration":0.5},{"type":"block","time":117.5,"speedMult":1.2000000476837,"angle":22.5},{"type":"block","time":117.75,"speedMult":1.2000000476837,"angle":45},{"type":"block","time":118,"tap":true,"speedMult":1.2000000476837,"angle":67.5},{"type":"block","time":118.25,"speedMult":1.2000000476837,"angle":90},{"type":"block","time":118.75,"speedMult":1.2000000476837,"angle":135},{"type":"block","time":119.25,"speedMult":1.2000000476837,"angle":180},{"type":"block","time":119.75,"speedMult":1.2000000476837,"angle":225},{"type":"side","time":120,"tap":true,"speedMult":1.2000000476837,"angle":315},{"type":"hold","time":91,"angle2":60,"angle":75,"duration":0.5},{"type":"hold","time":93,"angle2":-67.5,"angle":-52.5,"duration":0.5},{"type":"hold","time":95,"angle2":150,"angle":165,"duration":0.5},{"type":"hold","time":97,"angle2":15,"angle":30,"duration":0.5},{"type":"hold","time":99,"angle2":-90,"angle":-75,"duration":0.5},{"angle":80,"type":"block","time":71},{"angle":110,"type":"block","time":71.5},{"angle":80,"type":"block","time":72},{"type":"mine","time":118,"speedMult":1.6000000238419,"angle":247.5},{"type":"mine","time":118.25,"speedMult":1.6000000238419,"angle":270},{"type":"mine","time":118.75,"speedMult":1.6000000238419,"angle":315},{"type":"mine","time":119.25,"speedMult":1.6000000238419,"angle":360},{"type":"mine","time":119.75,"speedMult":1.6000000238419,"angle":45},{"type":"mine","time":120,"speedMult":1.6000000238419,"angle":135},{"type":"hold","startTap":true,"time":121.75,"holdEase":"inSine","angle2":-90,"angle":90,"duration":1.25},{"angle":270,"type":"block","time":124.5},{"angle":270,"type":"block","time":125},{"angle":270,"type":"block","time":124.75},{"angle":270,"type":"block","time":125.25},{"type":"hold","startTap":true,"time":125.75,"holdEase":"inSine","angle2":90,"duration":1.25,"angle":270},{"angle":144.67970275879,"type":"block","time":126.75},{"angle":118.36488342285,"type":"block","time":126.875},{"angle":90,"type":"block","time":127},{"angle":67.5,"type":"block","time":127.25},{"angle":180,"type":"block","time":129},{"angle":180,"type":"block","time":129.25},{"type":"mine","time":25,"speedMult":1.5,"angle":180},{"type":"mine","time":25.25,"speedMult":1.5,"angle":180},{"type":"mineHold","time":2,"holdEase":"inBack","angle2":540,"angle":180,"duration":4},{"type":"mineHold","time":9.75,"holdEase":"inSine","angle2":0,"duration":1.25,"angle":180},{"type":"mineHold","time":11,"holdEase":"inSine","angle2":-90,"angle":90,"duration":1},{"type":"mineHold","time":12,"holdEase":"inSine","angle2":180,"angle":360,"duration":1},{"type":"hold","startTap":true,"time":129.75,"holdEase":"inSine","angle2":360,"duration":1.25,"angle":180},{"duration":4.5,"startTap":true,"time":244.5,"holdEase":"inSine","angle2":-900,"angle":0,"type":"hold"},{"angle":0,"type":"block","time":132.75},{"angle":0,"type":"block","time":133},{"angle":0,"type":"block","time":133.25},{"type":"hold","startTap":true,"time":133.75,"holdEase":"inSine","angle2":180,"angle":0,"duration":1.25},{"type":"block","time":136,"speedMult":1.5,"angle":95},{"type":"block","time":136.25,"speedMult":1.5,"angle":112.5},{"type":"block","time":136.375,"speedMult":1.3999999761581,"angle":135},{"type":"block","time":136.5,"speedMult":1.3999999761581,"angle":123.75},{"type":"block","time":136.625,"speedMult":1.2999999523163,"angle":146.25},{"type":"block","time":136.75,"speedMult":1.2999999523163,"angle":135},{"type":"hold","time":137,"speedMult":1.2000000476837,"angle2":202.5,"duration":0.25,"angle":157.5},{"type":"side","time":137.75,"speedMult":1.7999999523163,"angle":275},{"type":"extraTap","time":137.75,"speedMult":1.7999999523163,"angle":270},{"angle":292.5,"type":"block","time":139},{"angle":67.5,"type":"block","time":140},{"angle":202.5,"type":"block","time":141},{"angle":360,"type":"block","time":142},{"angle":112.5,"type":"block","time":143},{"angle":247.5,"type":"block","time":144},{"angle":337.5,"type":"block","time":145},{"type":"hold","startTap":true,"time":154,"holdEase":"inBack","angle2":360,"angle":0,"duration":4},{"type":"mineHold","time":154,"holdEase":"inBack","angle2":540,"duration":4,"angle":180},{"type":"block","time":160,"speedMult":2.5,"angle":67.5},{"type":"block","time":160.25,"speedMult":2.5,"angle":78.75},{"type":"block","time":160.375,"speedMult":2.5,"angle":90},{"type":"block","time":160.5,"speedMult":2.5,"angle":101.25},{"type":"block","time":160.75,"speedMult":2.5,"angle":90},{"speedMult":2.5,"startTap":true,"time":161,"duration":0.25,"angle2":112.5,"angle":78.75,"type":"hold"},{"type":"side","time":161.75,"tap":true,"speedMult":1.75,"angle":292.5},{"time":163,"type":"block","angle":67.5},{"time":163.25,"type":"block","angle":90},{"angle":112.5,"type":"block","time":163.5},{"time":163.75,"type":"block","angle":90},{"type":"hold","time":164,"angle2":90,"duration":0.25,"angle":67.5},{"time":164.75,"type":"block","angle":157.5},{"angle":157.5,"type":"block","time":165.25},{"angle":202.5,"type":"block","time":165.5},{"type":"side","time":166,"tap":true,"angle":275},{"type":"side","time":166.75,"tap":true,"angle":275},{"angle":337.5,"type":"block","time":167.25},{"time":167.5,"type":"block","angle":0},{"angle":45,"type":"block","time":167.75},{"time":168.75,"type":"block","angle":22.5},{"time":169.25,"type":"block","angle":45},{"time":169.5,"type":"block","angle":67.5},{"type":"side","time":170,"tap":true,"angle":135},{"type":"hold","time":168,"angle2":112.5,"angle":67.5,"duration":0.25},{"type":"mine","time":139,"speedMult":0.89999997615814,"angle":135},{"type":"mine","time":141,"speedMult":0.89999997615814,"angle":337.5},{"type":"mine","time":143,"speedMult":0.89999997615814,"angle":202.5},{"type":"mine","time":145,"speedMult":0.89999997615814,"angle":45},{"angle":240,"type":"block","time":171},{"angle":255,"type":"block","time":171.25},{"angle":285,"type":"block","time":171.5},{"time":171.75,"type":"block","angle":270},{"type":"hold","time":172,"angle2":315,"duration":0.25,"angle":285},{"angle":240,"type":"block","time":172.75},{"angle":195,"type":"block","time":173.25},{"time":173.5,"type":"block","angle":240},{"type":"side","time":174,"tap":true,"angle":275},{"type":"side","time":174.75,"tap":true,"angle":275},{"angle":117.5,"type":"block","time":175.25},{"time":175.5,"type":"block","angle":432.5},{"angle":117.5,"type":"block","time":175.75},{"time":176,"type":"block","angle":432.5},{"angle":117.5,"type":"block","time":176.25},{"time":176.75,"type":"block","angle":95},{"time":177.25,"type":"block","angle":155},{"time":177.5,"type":"block","angle":215},{"angle":60,"type":"block","time":146},{"angle":150,"type":"block","time":146.5},{"time":147,"type":"block","angle":240},{"angle":330,"type":"block","time":147.5},{"angle":60,"type":"block","time":148},{"time":148.5,"type":"block","angle":150},{"time":149,"type":"block","angle":240},{"angle":330,"type":"block","time":149.5},{"type":"block","time":150,"tap":true,"angle":67.5},{"type":"block","time":150.75,"tap":true,"angle":315},{"type":"mine","time":146,"speedMult":0.89999997615814,"angle":292.5},{"type":"mine","time":147,"speedMult":0.89999997615814,"angle":450},{"type":"mine","time":148,"speedMult":0.89999997615814,"angle":247.5},{"type":"mine","time":149,"speedMult":0.89999997615814,"angle":405},{"type":"mine","time":150,"speedMult":0.89999997615814,"angle":540},{"type":"side","time":178,"tap":true,"speedMult":1,"angle":315},{"type":"side","time":206,"tap":true,"angle":95},{"type":"mineHold","time":206,"angle2":196.25,"angle":196.25,"duration":3},{"type":"mineHold","time":206,"angle2":353.75,"duration":3,"angle":353.75},{"angle":303.75,"type":"side","time":209.75},{"angle":281.25,"type":"side","time":211},{"time":212,"type":"side","angle":258.75},{"type":"hold","time":213,"angle2":95,"angle":275,"duration":1},{"type":"hold","time":215,"angle2":-85,"angle":95,"duration":1},{"type":"hold","time":217,"angle2":140,"angle":275,"duration":0.75},{"type":"mineHold","time":213,"angle2":5,"angle":5,"duration":1},{"type":"mineHold","time":215,"angle2":185,"angle":185,"duration":1},{"type":"mineHold","time":217,"angle2":365,"angle":365,"duration":0.75},{"type":"mineHold","time":211,"angle2":290,"angle":310,"duration":0.75},{"time":219,"type":"side","angle":45},{"time":220,"type":"side","angle":45},{"type":"block","time":221.25,"speedMult":1.25,"angle":270},{"type":"block","time":221.5,"speedMult":1.25,"angle":281.25},{"type":"block","time":221.75,"speedMult":1.25,"angle":292.5},{"type":"block","time":222,"speedMult":1.25,"angle":315},{"type":"block","time":222.25,"speedMult":1.25,"angle":281.25},{"type":"hold","time":222.75,"speedMult":1.25,"angle2":240,"duration":0.5,"angle":255},{"type":"hold","time":222.75,"speedMult":1.25,"angle2":225,"angle":240,"duration":0.5},{"type":"block","time":223.75,"speedMult":1.25,"angle":255},{"type":"block","time":223.75,"speedMult":1.25,"angle":270},{"type":"block","time":224,"speedMult":1.25,"angle":285},{"type":"block","time":224,"speedMult":1.25,"angle":270},{"angle":60,"type":"block","time":225},{"type":"mineHold","time":225,"angle2":116.25,"angle":116.25,"duration":0.5},{"type":"side","time":225.75,"tap":true,"angle":75},{"angle":90,"type":"side","time":227},{"time":228,"type":"side","angle":105},{"type":"mineHold","time":227,"angle2":146.25,"angle":131.25,"duration":0.75},{"time":227.33332824707,"type":"block","angle":44.385612487793},{"time":227.66700744629,"type":"block","angle":45},{"type":"hold","time":229,"angle2":-85,"duration":1,"angle":95},{"type":"hold","time":231,"angle2":95,"duration":1,"angle":275},{"type":"hold","time":233,"angle2":50,"duration":0.25,"angle":95},{"type":"mineHold","time":229,"angle2":185,"duration":1,"angle":185},{"type":"mineHold","time":231,"angle2":5,"duration":1,"angle":5},{"type":"mineHold","time":233,"angle2":185,"duration":0.25,"angle":185},{"type":"side","time":233.75,"tap":true,"angle":275},{"angle":45,"type":"block","time":235},{"time":235.5,"type":"block","angle":135},{"angle":45,"type":"block","time":236},{"angle":0,"type":"block","time":237.25},{"angle":30,"type":"block","time":237.5},{"angle":60,"type":"block","time":237.75},{"time":238,"type":"block","angle":90},{"time":238.25,"type":"block","angle":120},{"time":238.5,"type":"block","angle":150},{"angle":180,"type":"block","time":238.75},{"angle":210,"type":"block","time":239},{"time":239.25,"type":"block","angle":240},{"angle":270,"type":"block","time":239.5},{"angle":300,"type":"block","time":239.75},{"type":"block","time":240,"tap":true,"angle":330},{"time":240.25,"type":"block","angle":30},{"type":"block","endAngle":300,"tap":true,"angle":360,"time":240.75},{"type":"block","endAngle":60,"tap":true,"angle":0,"time":241.25},{"type":"block","time":241.75,"tap":true,"angle":360},{"angle":22.5,"type":"block","time":179},{"angle":45,"type":"block","time":179.25},{"angle":67.5,"type":"block","time":179.5},{"angle":22.5,"type":"block","time":179.75},{"type":"hold","time":180,"angle2":90,"angle":45,"duration":0.25},{"angle":345,"type":"block","time":180.75},{"angle":360,"type":"block","time":181.25},{"angle":30,"type":"block","time":181.5},{"type":"side","time":182,"tap":true,"angle":95},{"type":"side","time":182.75,"tap":true,"angle":95},{"angle":150,"type":"block","time":183.25},{"angle":180,"type":"block","time":183.5},{"angle":210,"type":"block","time":183.75},{"type":"hold","time":184,"angle2":270,"angle":240,"duration":0.25},{"angle":210,"type":"block","time":184.75},{"angle":240,"type":"block","time":185.25},{"angle":270,"type":"block","time":185.5},{"type":"side","time":186,"tap":true,"angle":315},{"angle":300,"type":"block","time":187},{"angle":270,"type":"block","time":187.25},{"angle":300,"type":"block","time":187.5},{"angle":330,"type":"block","time":187.75},{"type":"hold","time":188,"angle2":-15,"angle":15,"duration":0.25},{"angle":300,"type":"block","time":188.75},{"angle":315,"type":"block","time":189.25},{"angle":345,"type":"block","time":189.5},{"type":"side","time":190,"tap":true,"angle":60},{"type":"side","time":190.75,"tap":true,"angle":300},{"time":191.25,"type":"block","angle":30},{"time":191.5,"type":"block","angle":60},{"time":191.75,"type":"block","angle":90},{"time":192,"type":"block","angle":120},{"time":192.25,"type":"block","angle":150},{"time":192.75,"type":"block","angle":90},{"time":193.25,"type":"block","angle":90},{"type":"hold","time":193.5,"angle2":90,"duration":0.5,"angle":90},{"type":"hold","time":194,"angle2":225,"duration":0.75,"angle":90},{"type":"hold","time":196,"angle2":405,"duration":0.75,"angle":270},{"time":196.25,"type":"block","angle":315},{"type":"hold","time":198,"angle2":15,"duration":0.75,"angle":105},{"type":"hold","time":200,"angle2":195,"duration":0.75,"angle":330},{"time":200.25,"type":"block","angle":285},{"time":199.5,"type":"block","angle":330}]