{"events":[{"file":"affection.ogg","type":"play","time":0,"bpm":120,"angle":0,"volume":0.80000001192093},{"type":"deco","rotationinfluence":0.0099999997764826,"sx":1000,"sy":0,"r":4.7639999389648,"orbit":true,"time":25.75,"order":0,"ox":1,"x":0,"y":500,"oy":1,"parentid":"@player","angle":45,"recolor":1,"sprite":"white_2x2.png","drawLayer":"fg","id":"cover_a","drawOrder":0},{"type":"deco","sy":350,"ease":"outCirc","time":25.75,"order":1,"angle":56.25,"id":"cover_a","duration":2},{"value":3,"type":"ease","time":2,"var":"scrollSpeed","angle":315,"duration":4,"ease":"outSine"},{"value":0.80000001192093,"type":"ease","start":0.5,"duration":2,"ease":"outCirc","time":6,"var":"scrollSpeed","angle":22.5},{"value":1,"type":"ease","time":8,"var":"scrollSpeed","duration":1.75,"angle":22.5,"ease":"inSine"},{"duration":90,"type":"deco","time":26,"id":"cover_a","y":-500,"angle":45,"ease":"inOutSine"},{"angle":45,"type":"deco","time":116,"id":"cover_a","y":500,"duration":90,"ease":"inOutSine"},{"angle":60,"x":500,"time":26,"duration":45,"type":"deco","id":"cover_a","ease":"outSine"},{"duration":90,"x":-500,"time":71,"id":"cover_a","type":"deco","angle":48.75,"ease":"inOutSine"},{"type":"deco","rotationinfluence":0.30000001192093,"sx":0.80000001192093,"sy":0.80000001192093,"parentid":"@player","time":34,"order":0,"ox":131,"oy":131,"y":0,"angle":15,"recolor":6,"drawLayer":"bg","x":0,"sprite":"rotate.png","id":"rotateIcon"},{"type":"deco","rotationinfluence":0.30000001192093,"id":"rotateIcon","r":720,"time":34,"order":1,"angle":30,"duration":26},{"id":"cover_a","type":"deco","time":34,"angle":315,"duration":8,"sy":300,"ease":"inOutSine"},{"type":"deco","rotationinfluence":0.30000001192093,"sx":0.5,"sy":0.5,"ease":"outCirc","time":34,"order":1,"id":"rotateIcon","angle":45,"duration":2},{"r":40,"b":47,"time":-1,"g":25,"type":"setColor","angle":300,"color":1},{"r":124,"b":225,"time":-1,"g":60,"type":"setColor","angle":285,"color":0},{"r":71,"b":156,"time":-1,"g":42,"type":"setColor","angle":315,"color":2},{"type":"setBgColor","time":-1,"voidColor":2,"angle":337.5,"color":2},{"r":255,"b":255,"time":2,"g":255,"type":"setColor","angle":112.5,"color":0},{"type":"setColor","angle":123.75,"r":176,"time":2,"order":0,"b":235,"g":112,"color":1},{"type":"setColor","duration":2,"angle":135,"g":42,"ease":"outCirc","time":2,"order":1,"b":156,"r":71,"color":1},{"type":"setColor","angle":146.25,"r":213,"time":2,"order":0,"b":244,"g":159,"color":2},{"type":"setColor","duration":2,"angle":157.5,"g":60,"ease":"outCirc","time":2,"order":1,"b":225,"r":124,"color":2},{"r":255,"b":255,"time":6,"g":255,"type":"setColor","angle":56.25,"color":7},{"value":7,"type":"ease","time":6,"var":"p.fillColor","angle":67.5},{"r":199,"b":57,"time":6,"g":82,"type":"setColor","angle":78.75,"color":0},{"r":40,"b":47,"time":6,"g":25,"type":"setColor","angle":90,"color":1},{"b":72,"duration":1.75,"r":235,"ease":"inSine","time":8,"type":"setColor","angle":67.5,"g":143,"color":0},{"type":"setColor","angle":303.75,"r":255,"time":9.75,"order":0,"b":255,"g":255,"color":0},{"type":"setColor","duration":2,"angle":315,"g":224,"ease":"outCirc","time":9.75,"order":1,"b":139,"r":255,"color":0},{"b":255,"duration":2,"r":255,"ease":"inCubic","time":4,"type":"setColor","angle":123.75,"g":255,"color":1},{"b":255,"duration":1.75,"r":255,"ease":"inCubic","time":4,"type":"setColor","angle":135,"g":255,"color":2},{"type":"setColor","angle":123.75,"r":40,"time":6,"order":0,"b":47,"g":25,"color":2},{"type":"setColor","duration":2,"angle":135,"g":42,"ease":"outCirc","time":6,"order":1,"b":156,"r":71,"color":2},{"enable":true,"time":2,"type":"outline","angle":202.5,"color":0},{"enable":true,"time":6,"type":"outline","angle":146.25,"color":3},{"type":"setColor","duration":2,"angle":168.75,"g":60,"ease":"outCirc","time":6,"order":1,"b":225,"r":124,"color":3},{"type":"setColor","angle":157.5,"r":71,"time":6,"order":0,"b":156,"g":42,"color":3},{"b":235,"duration":1.75,"r":176,"ease":"inCirc","time":8,"type":"setColor","angle":90,"g":112,"color":3},{"value":260,"type":"ease","time":25,"var":"p.y","angle":33.75,"duration":0.75,"ease":"inCirc"},{"value":240,"type":"ease","time":25.75,"var":"p.y","angle":33.75,"duration":2,"ease":"outCirc"},{"value":180,"type":"ease","time":28,"var":"p.y","angle":33.75,"duration":12,"ease":"inOutSine"},{"ox":16,"type":"deco","y":120,"drawLayer":"fg","angle":90,"sx":1.2000000476837,"id":"w_yf","recolor":7,"parentid":"textHoverParent","sprite":"youfool#0","time":25,"order":0,"sy":1.2000000476837,"drawOrder":5,"oy":7},{"ox":44,"type":"deco","angle":101.25,"ease":"inExpo","time":25,"order":1,"duration":0.75,"id":"w_yf"},{"type":"deco","sx":1,"id":"w_yf","ease":"outCirc","time":25,"order":1,"angle":112.5,"duration":0.5,"sy":1},{"recolor":7,"type":"deco","time":25.75,"sprite":"youfool#1","id":"w_yf","angle":90},{"recolor":-1,"type":"deco","time":25.125,"id":"w_yf","angle":90},{"recolor":-1,"type":"deco","time":25.875,"angle":90,"id":"w_yf"},{"type":"deco","x":310,"time":25.75,"order":0,"angle":112.5,"id":"w_yf","y":130},{"x":300,"angle":123.75,"ease":"outElastic","time":25.75,"order":1,"duration":0.60000002384186,"id":"w_yf","type":"deco"},{"type":"deco","y":120,"duration":0.80000001192093,"ease":"outElastic","time":25.75,"order":1,"angle":135,"id":"w_yf"},{"x":0,"y":-2,"id":"textHoverParent","hide":true,"time":24,"order":0,"angle":247.5,"type":"deco"},{"type":"deco","y":2,"duration":2,"ease":"inOutSine","time":24,"order":1,"angle":258.75,"id":"textHoverParent"},{"duration":2,"type":"deco","time":26,"id":"textHoverParent","y":-2,"angle":258.75,"ease":"inOutSine"},{"duration":2,"type":"deco","time":28,"id":"textHoverParent","y":2,"angle":258.75,"ease":"inOutSine"},{"duration":2,"type":"deco","time":30,"id":"textHoverParent","y":-2,"angle":258.75,"ease":"inOutSine"},{"duration":2,"type":"deco","time":32,"id":"textHoverParent","y":2,"angle":258.75,"ease":"inOutSine"},{"duration":2,"type":"deco","time":34,"id":"textHoverParent","y":-2,"angle":258.75,"ease":"inOutSine"},{"duration":2,"type":"deco","time":36,"id":"textHoverParent","y":2,"angle":258.75,"ease":"inOutSine"},{"duration":2,"type":"deco","time":38,"id":"textHoverParent","y":-2,"angle":258.75,"ease":"inOutSine"},{"duration":2,"type":"deco","time":40,"id":"textHoverParent","y":2,"angle":258.75,"ease":"inOutSine"},{"duration":2,"type":"deco","time":42,"id":"textHoverParent","y":-2,"angle":258.75,"ease":"inOutSine"},{"duration":2,"type":"deco","time":44,"id":"textHoverParent","y":2,"angle":258.75,"ease":"inOutSine"},{"duration":2,"type":"deco","time":46,"id":"textHoverParent","y":-2,"angle":258.75,"ease":"inOutSine"},{"ox":107,"oy":7,"y":141,"drawOrder":5,"angle":90,"sprite":"youtrap.png","parentid":"textHoverParent","recolor":7,"time":28,"order":0,"drawLayer":"fg","type":"deco","id":"w_yt"},{"value":0.80000001192093,"type":"ease","time":26,"var":"scrollSpeed","duration":8,"angle":326.25,"ease":"inOutSine"},{"duration":1,"ease":"inCirc","y":-50,"id":"w_yf","time":32,"angle":45,"type":"deco"},{"duration":1,"ease":"inCirc","time":32,"id":"w_yt","type":"deco","angle":56.25,"y":-34},{"recolor":-1,"type":"deco","time":28.125,"angle":90,"id":"w_yt"},{"ox":143,"oy":16,"y":105,"id":"w_yt","recolor":7,"time":33,"sprite":"getcrushed.png","type":"deco","angle":67.5,"order":0},{"type":"deco","y":100,"angle":78.75,"ease":"outCirc","time":33,"order":1,"id":"w_yt","duration":1},{"recolor":-1,"type":"deco","time":33.125,"id":"w_yt","angle":67.5},{"type":"deco","y":136,"duration":1,"ease":"outCirc","time":28,"order":1,"angle":101.25,"id":"w_yt"},{"angle":78.75,"type":"deco","time":34,"id":"w_yt","y":85,"duration":6,"ease":"inOutSine"},{"angle":78.75,"type":"deco","time":40,"id":"w_yt","y":-65,"duration":1,"ease":"inCirc"},{"type":"setColor","angle":101.25,"duration":0.5,"g":60,"ease":"outSine","time":34,"order":1,"b":225,"r":124,"color":6},{"type":"setColor","angle":90,"r":71,"time":34,"order":0,"b":156,"g":42,"color":6},{"type":"deco","rotationinfluence":0.0099999997764826,"sx":1000,"sy":0,"r":184.76400756836,"orbit":true,"time":25.75,"order":0,"ox":1,"x":0,"y":-500,"oy":1,"parentid":"@player","angle":191.25,"recolor":1,"sprite":"white_2x2.png","drawLayer":"fg","id":"cover_b","drawOrder":0},{"type":"deco","duration":2,"ease":"outCirc","time":25.75,"order":1,"angle":202.5,"id":"cover_b","sy":350},{"id":"cover_b","type":"deco","time":26,"duration":90,"y":500,"angle":180,"ease":"inOutSine"},{"angle":195,"x":-500,"time":26,"duration":45,"type":"deco","id":"cover_b","ease":"outSine"},{"duration":90,"x":500,"time":71,"id":"cover_b","type":"deco","angle":60,"ease":"inOutSine"},{"duration":90,"type":"deco","time":116,"id":"cover_b","y":-500,"angle":56.25,"ease":"inOutSine"},{"sy":300,"type":"deco","time":34,"duration":8,"id":"cover_b","angle":326.25,"ease":"inOutSine"},{"type":"paddles","time":4,"newWidth":90,"angle":285,"paddle":1,"duration":2,"ease":"inSine"},{"type":"paddles","time":6,"newWidth":70,"angle":15,"paddle":1,"duration":2,"ease":"outCirc"},{"ox":250,"oy":250,"y":0,"rotationinfluence":0.075000002980232,"sprite":"bgwheel_light.png","drawOrder":-1,"id":"bgwheel_light","type":"deco","recolor":5,"drawLayer":"bg","time":27,"order":0,"parentid":"@player","angle":45,"x":0},{"r":71,"b":156,"time":26.75,"g":42,"type":"setColor","angle":20,"color":5},{"b":225,"duration":12,"r":124,"ease":"inOutSine","time":27,"type":"setColor","angle":25,"g":60,"color":5},{"r":-2250,"type":"deco","time":27,"order":1,"id":"bgwheel_light","angle":50,"duration":300},{"type":"deco","y":0,"drawOrder":-2,"angle":60,"recolor":2,"time":27,"drawLayer":"bg","id":"bgwheel_dither","sprite":"ditherplane_75.png","x":0},{"ox":250,"oy":250,"y":0,"rotationinfluence":0.075000002980232,"sprite":"bgwheel_dark.png","drawOrder":-3,"id":"bgwheel_dark","type":"deco","recolor":5,"drawLayer":"bg","time":27,"order":0,"parentid":"@player","angle":70,"x":0},{"r":-2250,"type":"deco","time":27,"order":1,"id":"bgwheel_dark","duration":300,"angle":75},{"type":"deco","sx":0.20000000298023,"sy":0.20000000298023,"ease":"inSine","time":58,"duration":2,"id":"rotateIcon","angle":60},{"type":"deco","time":60,"id":"rotateIcon","angle":120,"hide":true},{"b":156,"angle":45,"r":71,"ease":"inQuart","time":50,"type":"setColor","duration":10,"g":42,"color":6},{"b":255,"angle":100,"r":255,"ease":"inOutSine","time":34.5,"type":"setColor","duration":0.5,"g":255,"color":6},{"b":225,"angle":100,"r":124,"ease":"inOutSine","time":35,"type":"setColor","duration":0.5,"g":60,"color":6},{"type":"hom","time":2,"angle":270,"enable":true},{"type":"noise","time":2,"chance":0.40000000596046,"angle":240,"color":2},{"type":"hom","time":6,"angle":30,"enable":false},{"type":"noise","time":6,"chance":0,"angle":180,"color":0},{"value":1,"type":"ease","start":1.1000000238419,"duration":2,"ease":"outCirc","time":2,"var":"vfx.canvPos.sx","angle":22.5},{"value":1,"type":"ease","start":1.1000000238419,"duration":2,"ease":"outCirc","time":2,"var":"vfx.canvPos.sy","angle":33.75},{"value":1.25,"type":"ease","time":2,"var":"vfx.homCanvPos.sx","start":1,"angle":56.25,"duration":4},{"value":1.25,"type":"ease","time":2,"var":"vfx.homCanvPos.sy","start":1,"angle":67.5,"duration":4},{"value":90,"type":"ease","time":2,"var":"vfx.homCanvPos.r","duration":4,"angle":90,"ease":"inCubic"},{"type":"forcePlayerSprite","time":25.875,"spriteName":"miss","angle":315},{"type":"forcePlayerSprite","time":27.75,"spriteName":"idle","angle":315},{"type":"forcePlayerSprite","time":40,"spriteName":"","angle":33.75},{"value":300,"type":"ease","start":290,"duration":1,"ease":"outElastic","time":25.75,"var":"p.x","angle":67.5},{"b":255,"angle":100,"r":255,"ease":"inOutSine","time":35.5,"type":"setColor","duration":0.5,"g":255,"color":6},{"b":225,"duration":0.5,"r":124,"ease":"inOutSine","time":36,"type":"setColor","angle":100,"g":60,"color":6},{"b":255,"angle":100,"r":255,"ease":"inOutSine","time":36.5,"type":"setColor","duration":0.5,"g":255,"color":6},{"b":225,"duration":0.5,"r":124,"ease":"inOutSine","time":37,"type":"setColor","angle":100,"g":60,"color":6},{"b":255,"angle":100,"r":255,"ease":"inOutSine","time":37.5,"type":"setColor","duration":0.5,"g":255,"color":6},{"b":225,"duration":0.5,"r":124,"ease":"inOutSine","time":38,"type":"setColor","angle":100,"g":60,"color":6},{"b":255,"angle":100,"r":255,"ease":"inOutSine","time":38.5,"type":"setColor","duration":0.5,"g":255,"color":6},{"b":225,"duration":0.5,"r":124,"ease":"inOutSine","time":39,"type":"setColor","angle":100,"g":60,"color":6},{"b":255,"angle":100,"r":255,"ease":"inOutSine","time":39.5,"type":"setColor","duration":0.5,"g":255,"color":6},{"b":225,"duration":0.5,"r":124,"ease":"inOutSine","time":40,"type":"setColor","angle":100,"g":60,"color":6},{"b":255,"angle":100,"r":255,"ease":"inOutSine","time":40.5,"type":"setColor","duration":0.5,"g":255,"color":6},{"b":225,"duration":0.5,"r":124,"ease":"inOutSine","time":41,"type":"setColor","angle":100,"g":60,"color":6},{"b":255,"angle":100,"r":255,"ease":"inOutSine","time":41.5,"type":"setColor","duration":0.5,"g":255,"color":6},{"b":225,"duration":0.5,"r":124,"ease":"inOutSine","time":42,"type":"setColor","angle":100,"g":60,"color":6},{"value":0.5,"type":"ease","time":73,"var":"scrollSpeed","duration":0.375,"angle":105,"ease":"outCirc"},{"value":1.2000000476837,"type":"ease","time":73.375,"var":"scrollSpeed","duration":0.375,"angle":105,"ease":"inCirc"},{"value":1,"type":"ease","time":73.75,"var":"scrollSpeed","duration":1.25,"angle":105,"ease":"outCirc"},{"value":0.5,"type":"ease","time":101.75,"var":"scrollSpeed","duration":1.5,"angle":292.5,"ease":"outQuart"},{"value":1,"type":"ease","time":102.25,"var":"scrollSpeed","duration":2,"angle":292.5,"ease":"inOutSine"},{"value":1.5,"type":"ease","duration":0.20000000298023,"repeats":1,"repeatDelay":4,"var":"scrollSpeed","ease":"outSine","angle":315,"time":106},{"value":1,"type":"ease","duration":1,"repeats":1,"repeatDelay":4,"var":"scrollSpeed","ease":"inOutSine","angle":315,"time":106.19999694824},{"value":0.69999998807907,"type":"ease","time":37.25,"var":"scrollSpeed","angle":0},{"value":0.6000000834465,"type":"ease","time":37.5,"var":"scrollSpeed","angle":0},{"value":0.5,"type":"ease","time":37.75,"var":"scrollSpeed","angle":0},{"value":0.40000000596046,"type":"ease","time":38,"var":"scrollSpeed","angle":0},{"value":0.80000001192093,"type":"ease","start":0.30000001192093,"duration":3.25,"ease":"inOutSine","time":38.25,"var":"scrollSpeed","angle":0},{"value":35,"type":"ease","time":106,"var":"vfx.angleTwist.offset","duration":1,"angle":337.5,"ease":"outSine"},{"value":-35,"type":"ease","time":110,"var":"vfx.angleTwist.offset","duration":1,"angle":67.5,"ease":"outSine"},{"value":0,"type":"ease","time":113,"var":"vfx.angleTwist.offset","duration":3,"angle":90,"ease":"inOutSine"},{"duration":90,"x":500,"time":161,"id":"cover_a","type":"deco","angle":60,"ease":"inOutSine"},{"duration":90,"x":-500,"time":161,"id":"cover_b","type":"deco","angle":71.25,"ease":"inOutSine"},{"id":"cover_a","type":"deco","y":-500,"angle":50,"ease":"inOutSine","duration":90,"time":206},{"id":"cover_b","type":"deco","time":206,"duration":90,"y":500,"angle":61.25,"ease":"inOutSine"},{"value":0.80000001192093,"type":"ease","time":113,"var":"scrollSpeed","duration":2,"angle":292.5,"ease":"inOutSine"},{"value":1,"type":"ease","time":115,"var":"scrollSpeed","duration":3,"angle":180,"ease":"inOutSine"},{"value":1,"type":"ease","start":5,"duration":1,"ease":"outCirc","time":25.75,"var":"vfx.hwaves.strength","angle":292.5},{"value":100,"type":"ease","start":5,"duration":1,"ease":"outCirc","time":25.75,"var":"vfx.hwaves.period","angle":270},{"value":100,"type":"ease","time":25.75,"var":"vfx.hwaves.offsetDelta","angle":247.5},{"id":"cover_a","type":"deco","time":236,"angle":0,"y":500,"duration":70,"ease":"inOutSine"},{"duration":70,"type":"deco","time":236,"id":"cover_b","y":-500,"angle":56.25,"ease":"inOutSine"},{"type":"paddles","time":244.5,"newWidth":90,"angle":22.5,"paddle":1,"duration":4,"ease":"inSine"},{"angle":315,"type":"showResults","time":250},{"id":"cover_a","type":"deco","time":244.5,"angle":292.5,"duration":2.5,"sy":240,"ease":"outCubic"},{"sy":450,"type":"deco","time":247,"duration":2,"id":"cover_a","angle":292.5,"ease":"inCirc"},{"id":"cover_b","type":"deco","time":244.5,"angle":315,"duration":2.5,"sy":240,"ease":"outCubic"},{"sy":450,"type":"deco","time":247,"id":"cover_b","duration":2,"angle":315,"ease":"inCirc"},{"ox":300,"oy":180,"y":180,"drawOrder":5,"angle":270,"drawLayer":"bg","recolor":1,"x":200,"time":25,"sprite":"vignette.png","id":"vig_L","order":0,"type":"deco"},{"x":300,"duration":1.5,"ease":"inOutCirc","time":25,"order":1,"angle":247.5,"id":"vig_L","type":"deco"},{"ox":300,"oy":180,"y":180,"order":0,"drawOrder":5,"id":"vig_R","angle":225,"recolor":1,"type":"deco","time":25,"drawLayer":"bg","sprite":"vignette.png","r":180,"x":400},{"x":300,"duration":1.5,"ease":"inOutCirc","time":25,"order":1,"angle":202.5,"id":"vig_R","type":"deco"},{"value":3,"type":"ease","time":154,"var":"scrollSpeed","duration":4,"angle":315,"ease":"outSine"},{"value":300,"type":"ease","start":305,"angle":337.5,"repeats":2,"repeatDelay":0.75,"var":"p.x","ease":"outSine","time":64.5,"duration":0.75},{"value":1.5,"type":"ease","time":101.75,"var":"p.drawScale","duration":0.25,"angle":45,"ease":"outSine"},{"value":1.3999999761581,"type":"ease","time":102,"var":"p.drawScale","duration":0.5,"angle":45,"ease":"inSine"},{"value":1,"type":"ease","time":102.5,"var":"p.drawScale","duration":2,"angle":45,"ease":"outSine"},{"value":290,"type":"ease","time":73.75,"var":"p.x","duration":0.5,"angle":157.5,"ease":"outCirc"},{"value":300,"type":"ease","time":74.25,"var":"p.x","duration":1.25,"angle":157.5,"ease":"inOutSine"},{"value":0.80000001192093,"type":"ease","start":0.5,"duration":2,"ease":"outCirc","time":158,"var":"scrollSpeed","angle":22.5},{"value":1,"type":"ease","time":160,"var":"scrollSpeed","duration":1.75,"angle":33.75,"ease":"inCirc"},{"value":0.89999997615814,"type":"ease","time":152,"var":"scrollSpeed","duration":1.3329999446869,"angle":22.5,"ease":"inOutSine"},{"value":1,"type":"ease","time":153.33332824707,"var":"scrollSpeed","duration":0.66699999570847,"angle":22.5,"ease":"inQuart"},{"value":1.1000000238419,"type":"ease","time":139,"var":"scrollSpeed","duration":13,"angle":315,"ease":"inOutSine"},{"value":1.2000000476837,"type":"ease","time":137.75,"var":"scrollSpeed","duration":0.20000000298023,"angle":315,"ease":"outSine"},{"value":0.80000001192093,"type":"ease","time":137.94999694824,"var":"scrollSpeed","duration":1,"angle":315,"ease":"inOutSine"},{"r":199,"b":57,"time":158,"g":82,"type":"setColor","angle":45,"color":0},{"r":40,"b":47,"time":158,"g":25,"type":"setColor","angle":90,"color":1},{"type":"setColor","angle":123.75,"r":40,"time":158,"order":0,"b":47,"g":25,"color":2},{"type":"setColor","duration":2,"angle":135,"g":42,"ease":"outCirc","time":158,"order":1,"b":156,"r":71,"color":2},{"type":"setColor","duration":2,"angle":168.75,"g":60,"ease":"outCirc","time":158,"order":1,"b":225,"r":124,"color":3},{"type":"setColor","angle":157.5,"r":71,"time":158,"order":0,"b":156,"g":42,"color":3},{"b":72,"duration":1.75,"r":235,"ease":"inSine","time":160,"type":"setColor","angle":112.5,"g":143,"color":0},{"b":235,"duration":1.75,"r":176,"ease":"inCirc","time":160,"type":"setColor","angle":135,"g":112,"color":3},{"type":"setColor","angle":225,"r":255,"time":154,"order":0,"b":255,"g":255,"color":0},{"type":"setColor","angle":236.25,"duration":2,"g":224,"ease":"outCirc","time":154,"order":1,"b":139,"r":255,"color":0},{"type":"setColor","angle":303.75,"r":255,"time":161.75,"order":0,"b":255,"g":255,"color":0},{"type":"setColor","duration":2,"angle":315,"g":224,"ease":"outCirc","time":161.75,"order":1,"b":139,"r":255,"color":0},{"b":255,"angle":292.5,"r":255,"ease":"inCirc","time":156,"type":"setColor","duration":1,"g":255,"color":0},{"b":255,"angle":281.25,"r":255,"ease":"inCirc","time":156,"type":"setColor","duration":2,"g":255,"color":1},{"b":255,"angle":270,"r":255,"ease":"inCirc","time":156,"type":"setColor","duration":1.6000000238419,"g":255,"color":3},{"b":255,"angle":258.75,"r":255,"ease":"inCirc","time":156,"type":"setColor","duration":1.75,"g":255,"color":2},{"b":255,"angle":247.5,"r":255,"ease":"inCirc","time":156,"type":"setColor","duration":1.6369999647141,"g":255,"color":5},{"type":"setColor","angle":191.25,"r":40,"time":158,"order":0,"b":47,"g":25,"color":5},{"type":"setColor","angle":202.5,"duration":2,"g":42,"ease":"outCirc","time":158,"order":1,"b":156,"r":71,"color":5},{"b":235,"angle":157.5,"r":176,"ease":"inExpo","time":161,"type":"setColor","duration":0.75,"g":112,"color":5},{"b":225,"angle":157.5,"r":124,"ease":"outCirc","time":161.75,"type":"setColor","duration":1.5,"g":60,"color":5},{"value":6,"type":"ease","time":32.827194213867,"var":"p.lookRadius","duration":0.40000000596046,"angle":348.75,"ease":"inOutSine"},{"value":2,"type":"ease","time":29.292388916016,"var":"p.lookRadius","duration":0.40000000596046,"angle":348.75,"ease":"inOutSine"},{"type":"tag","time":161.75,"angleOffset":false,"angle":0,"tag":"borderPulse"},{"type":"tag","time":163,"angleOffset":false,"angle":0,"tag":"borderPulse"},{"type":"tag","time":165,"angleOffset":false,"angle":0,"tag":"borderPulse"},{"type":"tag","time":167,"angleOffset":false,"angle":0,"tag":"borderPulse"},{"type":"tag","time":169,"angleOffset":false,"angle":0,"tag":"borderPulse"},{"type":"tag","time":171,"angleOffset":false,"angle":0,"tag":"borderPulse"},{"type":"tag","time":173,"angleOffset":false,"angle":0,"tag":"borderPulse"},{"type":"tag","time":174,"angleOffset":false,"angle":0,"tag":"borderPulse"},{"type":"tag","time":174.75,"angleOffset":false,"angle":0,"tag":"borderPulse"},{"type":"tag","time":179,"angleOffset":false,"angle":0,"tag":"borderPulse"},{"type":"tag","time":181,"angleOffset":false,"angle":0,"tag":"borderPulse"},{"type":"tag","time":183,"angleOffset":false,"angle":0,"tag":"borderPulse"},{"type":"tag","time":185,"angleOffset":false,"angle":0,"tag":"borderPulse"},{"type":"tag","time":187,"angleOffset":false,"angle":0,"tag":"borderPulse"},{"type":"tag","time":189,"angleOffset":false,"angle":0,"tag":"borderPulse"},{"type":"tag","time":190,"angleOffset":false,"angle":0,"tag":"borderPulse"},{"type":"tag","time":190.75,"angleOffset":false,"angle":0,"tag":"borderPulse"},{"value":2,"type":"ease","time":202,"var":"vfx.pixelate","duration":4,"angle":337.5,"ease":"inSine"},{"value":3,"type":"ease","time":206,"var":"vfx.pixelate","angle":337.5},{"value":1,"type":"ease","time":209,"var":"vfx.pixelate","duration":0.75,"angle":337.5,"ease":"inCirc"},{"value":0,"type":"ease","start":120,"angle":360,"ease":"outCirc","time":206,"var":"vfx.hglitch.strength","duration":0.5},{"value":3,"type":"ease","time":206,"var":"vfx.hglitch.resolution","angle":11.25},{"value":3,"type":"ease","time":208,"var":"vfx.hglitch.strength","angle":0},{"value":1,"type":"ease","time":209,"var":"vfx.hglitch.resolution","duration":0.75,"angle":11.25,"ease":"inCirc"},{"value":0,"type":"ease","time":209,"var":"vfx.hglitch.strength","duration":0.75,"angle":22.5,"ease":"inQuint"},{"x":0,"time":249,"type":"deco","id":"cover_a","angle":45,"y":0},{"value":0,"type":"ease","time":249,"var":"vfx.hwaves.strength","angle":0},{"ox":14,"oy":15,"y":180,"sprite":"melonman.png","angle":337.5,"drawOrder":9,"id":"melonman","type":"deco","recolor":3,"order":0,"time":249,"drawLayer":"fg","x":300,"sy":0.80000001192093,"sx":1.25},{"type":"deco","sx":1,"id":"melonman","ease":"outCirc","time":249,"order":1,"sy":1,"angle":315,"duration":1},{"type":"tag","time":209.75,"angleOffset":false,"angle":0,"tag":"borderPulse"},{"type":"tag","time":211,"angleOffset":false,"angle":0,"tag":"borderPulse"},{"type":"tag","time":212,"angleOffset":false,"angle":0,"tag":"borderPulse"},{"type":"tag","time":214,"angleOffset":false,"angle":0,"tag":"borderPulse"},{"type":"tag","time":216,"angleOffset":false,"angle":0,"tag":"borderPulse"},{"type":"tag","time":217.75,"angleOffset":false,"angle":0,"tag":"borderPulse"},{"type":"tag","time":219,"angleOffset":false,"angle":0,"tag":"borderPulse"},{"type":"tag","time":220,"angleOffset":false,"angle":0,"tag":"borderPulse"},{"type":"tag","time":224,"angleOffset":false,"angle":0,"tag":"borderPulse"},{"type":"tag","time":225.75,"angleOffset":false,"angle":0,"tag":"borderPulse"},{"type":"tag","time":227,"angleOffset":false,"angle":0,"tag":"borderPulse"},{"type":"tag","time":228,"angleOffset":false,"angle":0,"tag":"borderPulse"},{"type":"tag","time":230,"angleOffset":false,"angle":0,"tag":"borderPulse"},{"type":"tag","time":232,"angleOffset":false,"angle":0,"tag":"borderPulse"},{"type":"tag","time":233.75,"angleOffset":false,"angle":0,"tag":"borderPulse"},{"type":"tag","time":236,"angleOffset":false,"angle":22.5,"tag":"borderPulse"},{"value":1,"type":"ease","start":1.1000000238419,"angle":202.5,"ease":"outCirc","time":161.75,"var":"vfx.canvPos.sx","duration":1},{"value":1,"type":"ease","start":1.1000000238419,"duration":1,"ease":"outCirc","time":161.75,"var":"vfx.canvPos.sy","angle":225},{"duration":2,"type":"deco","time":136,"id":"textHoverParent","ease":"inOutSine","angle":258.75,"y":2},{"duration":2,"type":"deco","y":-2,"id":"textHoverParent","time":138,"angle":258.75,"ease":"inOutSine"},{"duration":2,"type":"deco","time":140,"id":"textHoverParent","y":2,"angle":258.75,"ease":"inOutSine"},{"duration":2,"type":"deco","y":-2,"id":"textHoverParent","time":142,"angle":258.75,"ease":"inOutSine"},{"duration":2,"type":"deco","y":2,"id":"textHoverParent","time":144,"angle":258.75,"ease":"inOutSine"},{"duration":2,"type":"deco","y":-2,"id":"textHoverParent","time":146,"angle":258.75,"ease":"inOutSine"},{"duration":2,"type":"deco","time":148,"id":"textHoverParent","y":2,"angle":258.75,"ease":"inOutSine"},{"duration":2,"type":"deco","y":-2,"id":"textHoverParent","time":150,"angle":258.75,"ease":"inOutSine"},{"duration":2,"type":"deco","time":152,"id":"textHoverParent","y":2,"angle":258.75,"ease":"inOutSine"},{"duration":2,"type":"deco","y":-2,"id":"textHoverParent","time":154,"angle":258.75,"ease":"inOutSine"},{"duration":2,"type":"deco","time":155,"id":"textHoverParent","y":2,"angle":258.75,"ease":"inOutSine"},{"duration":2,"type":"deco","y":-2,"id":"textHoverParent","time":157,"angle":258.75,"ease":"inOutSine"},{"ox":113,"type":"deco","y":115,"sprite":"youralive#0","id":"w_oh","recolor":7,"time":137.75,"order":0,"parentid":"textHoverParent","oy":7,"angle":22.5},{"type":"deco","y":110,"angle":45,"ease":"outCirc","time":137.75,"order":1,"id":"w_oh","duration":1},{"recolor":-1,"type":"deco","time":137.875,"angle":22.5,"id":"w_oh"},{"type":"deco","y":115,"angle":22.5,"recolor":7,"time":144.375,"sprite":"youralive#1","parentid":"textHoverParent","id":"w_oh","order":0},{"type":"deco","y":110,"angle":45,"ease":"outCirc","time":144.375,"order":1,"id":"w_oh","duration":1},{"recolor":-1,"type":"deco","time":144.5,"angle":22.5,"id":"w_oh"},{"type":"deco","y":115,"id":"w_oh","parentid":"textHoverParent","time":148.375,"order":0,"recolor":7,"angle":22.5,"sprite":"youralive#2"},{"type":"deco","y":110,"angle":45,"ease":"outCirc","time":148.375,"order":1,"id":"w_oh","duration":1},{"recolor":-1,"type":"deco","time":148.5,"angle":22.5,"id":"w_oh"},{"type":"deco","y":185,"angle":22.5,"recolor":7,"time":154,"order":0,"sprite":"youralive#3","id":"w_oh","parentid":"textHoverParent"},{"type":"deco","y":180,"id":"w_oh","ease":"outCirc","time":154,"order":1,"duration":1,"angle":45},{"recolor":-1,"type":"deco","time":154.125,"angle":22.5,"id":"w_oh"},{"type":"deco","sx":2,"angle":67.5,"ease":"inExpo","time":156,"id":"w_oh","duration":2,"sy":2},{"type":"deco","time":158,"angle":67.5,"id":"w_oh","hide":true}],"metadata":{"difficulty":8,"bg":true,"artist":"LeaF","charter":"DIYDamian","songName":"Poison AND÷OR Affection","artistLink":"","bgData":{"blueChannel":{"g":25,"b":47,"r":40},"greenChannel":{"g":42,"b":156,"r":71},"yellowChannel":{"g":60,"b":225,"r":124},"magentaChannel":{"g":255,"b":255,"r":255},"cyanChannel":{"g":255,"b":255,"r":255},"image":"selectart.png","redChannel":{"g":224,"b":139,"r":255}},"description":"Mechanics used: Mines, Sides, and a little something else..."},"properties":{"loadBeat":-1,"speed":70,"offset":8,"formatversion":13}}