[{"time":0,"type":"block","angle":360},{"time":0.25,"type":"block","angle":15},{"time":0.5,"type":"block","angle":30},{"time":0.75,"type":"block","angle":45},{"time":1.5,"type":"block","angle":135},{"time":1.75,"type":"block","angle":150},{"time":1,"type":"block","angle":60},{"time":2,"type":"block","angle":165},{"time":2.25,"type":"block","angle":180},{"time":2.5,"type":"block","angle":195},{"time":2.75,"type":"block","angle":210},{"time":3,"type":"block","angle":225},{"time":4,"type":"block","angle":-562.5},{"time":4.25,"type":"block","angle":-217.5},{"time":4.5,"type":"block","angle":-232.5},{"time":4.75,"type":"block","angle":-247.5},{"time":5.5,"type":"block","angle":-337.5},{"time":5.75,"type":"block","angle":-352.5},{"time":5,"type":"block","angle":-262.5},{"time":6,"type":"block","angle":-367.5},{"time":6.25,"type":"block","angle":-382.5},{"time":6.5,"type":"block","angle":-397.5},{"time":6.75,"type":"block","angle":-412.5},{"time":7,"type":"block","angle":-427.5},{"time":3.25,"type":"block","angle":247.5},{"time":7.25,"type":"block","angle":270},{"time":7.5,"type":"block","angle":247.5},{"time":3.5,"type":"block","angle":270},{"time":8,"type":"block","angle":540},{"time":8.25,"type":"block","angle":195},{"time":8.5,"type":"block","angle":210},{"time":8.75,"type":"block","angle":225},{"time":9.5,"type":"block","angle":315},{"time":9.75,"type":"block","angle":330},{"time":9,"type":"block","angle":240},{"time":10,"type":"block","angle":345},{"time":10.25,"type":"block","angle":360},{"time":10.5,"type":"block","angle":375},{"time":10.75,"type":"block","angle":390},{"time":11,"type":"block","angle":405},{"time":12,"type":"block","angle":-382.5},{"time":12.25,"type":"block","angle":-37.5},{"time":12.5,"type":"block","angle":-52.5},{"time":12.75,"type":"block","angle":-67.5},{"time":13.5,"type":"block","angle":-157.5},{"time":13.75,"type":"block","angle":-172.5},{"time":13,"type":"block","angle":-82.5},{"time":14,"type":"block","angle":-187.5},{"time":14.25,"type":"block","angle":-202.5},{"time":14.5,"type":"block","angle":-217.5},{"time":14.75,"type":"block","angle":-232.5},{"time":15,"type":"block","angle":-247.5},{"time":11.25,"type":"block","angle":427.5},{"time":15.25,"type":"block","angle":450},{"time":15.5,"type":"block","angle":427.5},{"time":11.5,"type":"block","angle":450},{"time":16,"tap":true,"type":"block","angle":270},{"time":16.25,"type":"block","angle":-75},{"time":16.5,"type":"block","angle":-60},{"time":16.75,"type":"block","angle":-45},{"time":17.5,"tap":true,"type":"block","angle":45},{"time":17.75,"type":"block","angle":60},{"time":17,"type":"block","angle":-30},{"time":18,"type":"block","angle":75},{"time":18.25,"type":"block","angle":90},{"time":18.5,"type":"block","angle":105},{"time":18.75,"type":"block","angle":120},{"time":19,"type":"block","angle":135},{"time":20,"tap":true,"type":"block","angle":-652.5},{"time":20.25,"type":"block","angle":-307.5},{"time":20.5,"type":"block","angle":-322.5},{"time":20.75,"type":"block","angle":-337.5},{"time":21.5,"tap":true,"type":"block","angle":-427.5},{"time":21.75,"type":"block","angle":-442.5},{"time":21,"type":"block","angle":-352.5},{"time":22,"type":"block","angle":-457.5},{"time":22.25,"type":"block","angle":-472.5},{"time":22.5,"type":"block","angle":-487.5},{"time":22.75,"type":"block","angle":-502.5},{"time":23,"type":"block","angle":-517.5},{"time":19.25,"type":"block","angle":157.5},{"time":23.25,"type":"block","angle":180},{"time":23.5,"type":"block","angle":157.5},{"time":19.5,"type":"block","angle":180},{"time":24,"tap":true,"type":"block","angle":90},{"time":24.25,"type":"block","angle":-255},{"time":24.5,"type":"block","angle":-240},{"time":24.75,"type":"block","angle":-225},{"time":25.5,"tap":true,"type":"block","angle":-135},{"time":25.75,"type":"block","angle":-120},{"time":25,"type":"block","angle":-210},{"time":26,"type":"block","angle":-105},{"time":26.25,"type":"block","angle":-90},{"time":26.5,"type":"block","angle":-75},{"time":26.75,"type":"block","angle":-60},{"time":27,"type":"block","angle":-45},{"time":28,"tap":true,"type":"block","angle":-832.5},{"time":28.25,"type":"block","angle":-487.5},{"time":28.5,"type":"block","angle":-502.5},{"time":28.75,"type":"block","angle":-517.5},{"time":29.5,"tap":true,"type":"block","angle":-607.5},{"time":29.75,"type":"block","angle":-622.5},{"time":29,"type":"block","angle":-532.5},{"time":30,"type":"block","angle":-637.5},{"time":27.25,"type":"block","angle":-22.5},{"time":27.5,"type":"block","angle":0},{"time":31,"type":"side","angle":270},{"time":31,"type":"side","angle":281.25},{"time":31,"type":"side","angle":258.75},{"time":31.5,"type":"side","angle":78.75},{"time":31.5,"type":"side","angle":101.25},{"time":31.5,"type":"side","angle":90},{"time":32,"type":"block","angle":270},{"time":32.5,"type":"block","angle":247.5},{"time":33,"type":"block","angle":225},{"time":33.5,"type":"block","angle":360},{"time":34,"type":"block","angle":382.5},{"time":34.5,"type":"block","angle":405},{"time":35,"type":"block","angle":135},{"time":35.5,"type":"block","angle":157.5},{"time":36,"type":"block","angle":180},{"time":36.5,"type":"block","angle":292.5},{"time":37,"type":"block","angle":315},{"time":37.5,"type":"block","angle":337.5},{"time":38,"type":"side","angle":450},{"time":39,"type":"side","angle":123.75},{"time":38,"type":"side","angle":78.75},{"time":38,"type":"side","angle":101.25},{"time":39,"type":"side","angle":112.5},{"time":39,"type":"side","angle":135},{"time":40,"type":"block","angle":67.5},{"time":40.5,"type":"block","angle":45},{"time":41,"type":"block","angle":22.5},{"time":41.5,"type":"block","angle":-438.75},{"time":42,"type":"block","angle":-461.25},{"time":42.5,"type":"block","angle":-483.75},{"time":43,"type":"block","angle":-213.75},{"time":43.5,"type":"block","angle":-236.25},{"time":44,"type":"block","angle":-258.75},{"time":44.5,"type":"block","angle":-371.25},{"time":45,"type":"block","angle":-393.75},{"time":45.5,"type":"block","angle":-416.25},{"time":46,"type":"side","angle":-495},{"time":47,"type":"side","angle":-168.75},{"time":46,"type":"side","angle":-123.75},{"time":46,"type":"side","angle":-146.25},{"time":47,"type":"side","angle":-157.5},{"time":47,"type":"side","angle":-180},{"time":48,"type":"block","angle":-450},{"time":48.5,"type":"block","angle":-427.5},{"time":49,"type":"block","angle":-405},{"time":49.5,"type":"block","angle":697.5},{"time":50,"type":"block","angle":720},{"time":50.5,"type":"block","angle":742.5},{"time":51,"type":"block","angle":-315},{"time":51.5,"type":"block","angle":-337.5},{"time":52,"type":"block","angle":-360},{"time":52.5,"type":"block","angle":-472.5},{"time":53,"type":"block","angle":-495},{"time":53.5,"type":"block","angle":-517.5},{"time":54,"type":"side","angle":-630},{"time":55,"type":"side","angle":-303.75},{"time":54,"type":"side","angle":-258.75},{"time":54,"type":"side","angle":-281.25},{"time":55,"type":"side","angle":-292.5},{"time":55,"type":"side","angle":-315},{"time":56,"type":"block","angle":-247.5},{"time":56.5,"type":"block","angle":-225},{"time":57,"type":"block","angle":-202.5},{"time":57.5,"type":"block","angle":258.75},{"time":58,"type":"block","angle":281.25},{"time":58.5,"type":"block","angle":303.75},{"time":59,"type":"block","angle":33.75},{"time":59.5,"type":"block","angle":56.25},{"time":60,"type":"block","angle":78.75},{"time":60.5,"type":"block","angle":191.25},{"time":61,"type":"block","angle":213.75},{"time":61.5,"type":"block","angle":236.25},{"time":62,"type":"side","angle":315},{"time":63,"type":"side","angle":-11.25},{"time":62,"type":"side","angle":-56.25},{"time":62,"type":"side","angle":-33.75},{"time":63,"type":"side","angle":-22.5},{"time":63,"type":"side","angle":0},{"duration":0.75,"time":64,"angle2":112.5,"holdEase":"outSine","type":"hold","angle":270},{"time":65.5,"type":"block","angle":90},{"duration":0.75,"time":66,"angle2":585,"holdEase":"outSine","type":"hold","angle":405},{"duration":0.75,"time":68,"angle2":832.5,"holdEase":"outSine","type":"hold","angle":652.5},{"time":69.5,"type":"block","angle":180},{"duration":1.5,"time":70,"angle2":168.75,"type":"hold","angle":236.25},{"duration":1,"time":70,"angle2":180,"type":"hold","angle":247.5},{"duration":0.5,"time":70,"angle2":191.25,"type":"hold","angle":258.75},{"time":71.75,"type":"block","angle":157.5},{"duration":1.5,"time":72,"angle2":-67.5,"holdEase":"outSine","type":"hold","angle":146.25},{"time":73.75,"type":"block","angle":270},{"time":74,"type":"block","angle":247.5},{"time":74.75,"type":"block","angle":213.75},{"time":75.5,"type":"block","angle":180},{"duration":1,"angle":123.75,"time":76,"startTap":true,"endTap":true,"holdEase":"outSine","angle2":303.75,"type":"hold"},{"duration":1,"time":77.5,"startTap":true,"type":"hold","holdEase":"outSine","angle2":528.75,"angle":303.75},{"time":79,"type":"block","angle":180},{"duration":0.75,"time":80,"angle2":-67.5,"holdEase":"outSine","type":"hold","angle":-225},{"time":81.5,"type":"block","angle":-45},{"duration":0.75,"time":82,"angle2":-540,"holdEase":"outSine","type":"hold","angle":-360},{"duration":0.75,"time":84,"angle2":-787.5,"holdEase":"outSine","type":"hold","angle":-607.5},{"time":85.5,"type":"block","angle":-135},{"duration":1.5,"time":86,"angle2":-123.75,"type":"hold","angle":-191.25},{"duration":1,"time":86,"angle2":-135,"type":"hold","angle":-202.5},{"duration":0.5,"time":86,"angle2":-146.25,"type":"hold","angle":-213.75},{"duration":0.5,"time":88,"angle2":326.25,"holdEase":"inOutQuad","type":"hold","angle":258.75},{"duration":0.5,"time":88.5,"angle2":258.75,"holdEase":"inOutQuad","type":"hold","angle":326.25},{"duration":0.5,"time":89,"angle2":326.25,"holdEase":"inOutQuad","type":"hold","angle":258.75},{"duration":1,"time":89.5,"angle2":56.25,"holdEase":"outSine","type":"hold","angle":326.25},{"time":79.5,"type":"block","angle":157.5},{"time":83.5,"type":"block","angle":135},{"duration":1.5,"time":91.5,"startTap":true,"type":"hold","holdEase":"outSine","angle2":258.75,"angle":0},{"time":91,"type":"block","angle":22.5},{"time":90.75,"type":"block","angle":33.75},{"duration":1,"angle":258.75,"time":93,"startTap":true,"endTap":true,"holdEase":"outSine","angle2":-22.5,"type":"hold"},{"time":92.75,"type":"block","angle":236.25},{"time":92.5,"type":"block","angle":213.75},{"time":94.5,"type":"block","angle":326.25},{"time":95.5,"type":"block","angle":101.25},{"time":95,"type":"block","angle":45},{"duration":0.75,"time":96,"angle2":-112.5,"holdEase":"outSine","type":"hold","angle":-270},{"duration":0.75,"time":98,"angle2":-607.5,"holdEase":"outSine","type":"hold","angle":-427.5},{"duration":0.75,"time":100,"angle2":-832.5,"holdEase":"outSine","type":"hold","angle":-652.5},{"time":101.5,"type":"block","angle":-180},{"duration":1.5,"time":102,"angle2":-168.75,"type":"hold","angle":-236.25},{"duration":1,"time":102,"angle2":-180,"type":"hold","angle":-247.5},{"duration":0.5,"time":102,"angle2":-191.25,"type":"hold","angle":-258.75},{"time":103.75,"type":"block","angle":-157.5},{"duration":1.5,"time":104,"angle2":67.5,"holdEase":"outSine","type":"hold","angle":-146.25},{"time":105.75,"type":"block","angle":-270},{"time":106,"type":"block","angle":-247.5},{"time":106.75,"type":"block","angle":-213.75},{"time":107.5,"type":"block","angle":-180},{"duration":1,"angle":-123.75,"time":108,"startTap":true,"endTap":true,"holdEase":"outSine","angle2":-303.75,"type":"hold"},{"duration":1,"time":109.5,"startTap":true,"type":"hold","holdEase":"outSine","angle2":-528.75,"angle":-303.75},{"time":99.5,"type":"block","angle":-270},{"time":97.5,"type":"block","angle":270},{"duration":0.5,"angle":191.25,"time":110.5,"startTap":true,"endTap":true,"holdEase":"inSine","angle2":281.25,"type":"hold"},{"time":111.5,"type":"block","angle":292.5},{"duration":0.75,"time":112,"angle2":-247.5,"holdEase":"outSine","type":"hold","angle":-405},{"time":113.5,"type":"block","angle":-225},{"duration":0.75,"time":114,"angle2":-720,"holdEase":"outSine","type":"hold","angle":-540},{"duration":0.75,"time":116,"angle2":-967.5,"holdEase":"outSine","type":"hold","angle":-787.5},{"time":117.5,"type":"block","angle":-315},{"duration":1.5,"time":118,"angle2":-303.75,"type":"hold","angle":-371.25},{"duration":1,"time":118,"angle2":-315,"type":"hold","angle":-382.5},{"duration":0.5,"time":118,"angle2":-326.25,"type":"hold","angle":-393.75},{"duration":0.5,"time":120,"angle2":146.25,"holdEase":"inOutQuad","type":"hold","angle":78.75},{"duration":0.5,"time":120.5,"angle2":78.75,"holdEase":"inOutQuad","type":"hold","angle":146.25},{"duration":0.5,"time":121,"angle2":146.25,"holdEase":"inOutQuad","type":"hold","angle":78.75},{"duration":1,"time":121.5,"angle2":-123.75,"holdEase":"outSine","type":"hold","angle":146.25},{"time":115.5,"type":"block","angle":-45},{"duration":1.5,"time":123.5,"startTap":true,"type":"hold","holdEase":"outSine","angle2":78.75,"angle":-180},{"time":123,"type":"block","angle":-157.5},{"time":122.75,"type":"block","angle":-146.25},{"duration":1,"angle":78.75,"time":125,"startTap":true,"endTap":true,"holdEase":"outSine","angle2":-202.5,"type":"hold"},{"time":124.75,"type":"block","angle":56.25},{"time":124.5,"type":"block","angle":33.75},{"duration":0.5,"time":126,"angle2":270,"type":"hold","angle":157.5},{"duration":0.66666668653488,"time":126.5,"angle2":157.5,"type":"hold","angle":270},{"time":127.33333587646,"type":"block","angle":157.5},{"time":127.25,"type":"block","angle":157.5},{"time":127.5,"type":"block","angle":157.5},{"time":128,"type":"block","angle":135},{"time":128.5,"type":"block","angle":180},{"time":129,"type":"side","angle":67.5},{"time":129.5,"type":"block","angle":337.5},{"time":130,"type":"block","angle":292.5},{"time":130.5,"type":"side","angle":382.5},{"time":131.5,"type":"side","angle":337.5},{"time":133,"type":"side","angle":337.5},{"time":134.5,"type":"side","angle":360},{"time":135.5,"type":"side","angle":405},{"time":130.75,"type":"block","angle":56.25},{"duration":1,"time":131.5,"angle2":225,"holdEase":"outSine","type":"hold","angle":371.25},{"time":133.5,"type":"block","angle":45},{"time":134,"type":"block","angle":90},{"time":134.75,"type":"block","angle":315},{"duration":1,"time":135.5,"angle2":168.75,"holdEase":"outSine","type":"hold","angle":11.25},{"time":137,"type":"block","angle":225},{"duration":1,"time":137.5,"angle2":-405,"holdEase":"outSine","type":"hold","angle":-225},{"time":137.5,"type":"side","angle":-247.5},{"time":139.5,"type":"side","angle":-30},{"time":139,"type":"block","angle":270},{"duration":1,"time":139.5,"angle2":427.5,"holdEase":"outSine","type":"hold","angle":303.75},{"duration":2.5,"time":140.5,"angle2":-427.5,"holdEase":"outSine","type":"hold","angle":67.5},{"time":142,"type":"block","angle":22.5},{"time":141.5,"type":"block","angle":123.75},{"time":141.75,"type":"block","angle":56.25},{"time":142.5,"type":"block","angle":315},{"time":144,"type":"side","angle":382.5},{"time":145.5,"type":"side","angle":315},{"time":144.25,"type":"block","angle":67.5},{"time":144.5,"type":"block","angle":90},{"time":144.75,"type":"block","angle":112.5},{"time":145,"type":"block","angle":135},{"time":146,"type":"block","angle":258.75},{"time":146.5,"type":"block","angle":236.25},{"time":147,"type":"block","angle":213.75},{"duration":1,"time":144,"angle2":191.25,"type":"mineHold","angle":191.25},{"time":67.5,"type":"block","angle":270},{"time":147.5,"type":"side","angle":337.5},{"duration":1,"time":147.5,"angle2":438.75,"holdEase":"outSine","type":"hold","angle":292.5},{"time":143.5,"type":"block","angle":281.25},{"time":148.75,"type":"block","angle":33.75},{"time":149,"type":"block","angle":11.25},{"time":149.5,"type":"block","angle":-22.5},{"time":150,"type":"side","angle":225},{"time":150.5,"type":"block","angle":157.5},{"time":151,"type":"block","angle":135},{"time":151.5,"type":"block","angle":112.5},{"time":152,"type":"block","angle":-360},{"time":152.5,"type":"block","angle":-337.5},{"time":153,"type":"block","angle":-315},{"time":153.5,"type":"block","angle":-450},{"time":154,"type":"block","angle":-472.5},{"time":154.5,"type":"block","angle":-495},{"time":155,"type":"block","angle":-225},{"duration":1,"time":155.5,"angle2":495,"holdEase":"outSine","type":"hold","angle":112.5},{"time":157,"type":"block","angle":180},{"time":157.5,"type":"block","angle":225},{"time":158.5,"type":"block","angle":315},{"time":159,"type":"block","angle":382.5},{"time":158.75,"type":"block","angle":337.5},{"time":158,"type":"block","angle":270},{"time":158.25,"type":"block","angle":292.5},{"time":159.5,"type":"block","angle":90},{"time":160.5,"type":"block","angle":236.25},{"time":161,"tap":true,"type":"block","angle":180},{"time":161.5,"type":"block","angle":123.75},{"time":162,"tap":true,"type":"block","angle":67.5},{"time":162.5,"type":"block","angle":371.25},{"time":163,"tap":true,"type":"block","angle":315},{"time":163.5,"type":"block","angle":258.75},{"time":164,"type":"side","angle":326.25},{"time":164,"type":"side","angle":337.5},{"time":164,"type":"side","angle":348.75},{"time":164.5,"type":"block","angle":56.25},{"time":165,"tap":true,"type":"block","angle":112.5},{"duration":1,"angle":168.75,"time":165.5,"startTap":true,"endTap":true,"holdEase":"outSine","angle2":382.5,"type":"hold"},{"time":167,"type":"block","angle":315},{"time":167.5,"type":"block","angle":258.75},{"time":168.5,"type":"block","angle":416.25},{"time":169,"tap":true,"type":"block","angle":360},{"time":169.5,"type":"block","angle":303.75},{"time":170,"tap":true,"type":"block","angle":247.5},{"time":170.5,"type":"block","angle":551.25},{"time":171,"tap":true,"type":"block","angle":495},{"time":171.5,"type":"block","angle":438.75},{"time":172,"type":"side","angle":517.5},{"time":172.5,"type":"block","angle":236.25},{"time":173,"tap":true,"type":"block","angle":292.5},{"duration":1,"angle":348.75,"time":173.5,"startTap":true,"endTap":true,"holdEase":"outSine","angle2":562.5,"type":"hold"},{"time":175,"type":"block","angle":495},{"time":175.5,"type":"block","angle":438.75},{"time":176,"type":"side","angle":202.5},{"time":176.5,"type":"block","angle":247.5},{"time":177,"type":"side","angle":157.5},{"time":177.5,"type":"block","angle":112.5},{"time":178,"type":"side","angle":-22.5},{"time":178.5,"type":"block","angle":-78.75},{"time":179,"type":"side","angle":22.5},{"time":179.5,"type":"block","angle":90},{"time":172,"type":"side","angle":146.25},{"time":172,"type":"side","angle":168.75},{"time":178.75,"type":"block","angle":258.75},{"time":180,"type":"side","angle":213.75},{"time":180.5,"type":"block","angle":247.5},{"time":181,"type":"block","angle":270},{"duration":1,"time":181.5,"angle2":67.5,"holdEase":"outSine","type":"hold","angle":292.5},{"duration":0.5,"time":183,"angle2":213.75,"holdEase":"outSine","type":"hold","angle":56.25},{"time":185,"type":"block","angle":360},{"time":184,"type":"side","angle":157.5},{"duration":0.5,"time":183.5,"angle2":292.5,"type":"mineHold","angle":292.5},{"time":184.5,"type":"block","angle":416.25},{"time":185.5,"type":"block","angle":315},{"time":186,"type":"block","angle":270},{"time":186.5,"type":"block","angle":225},{"time":187,"type":"block","angle":180},{"time":187.5,"type":"block","angle":135},{"duration":0.5,"time":188,"angle2":180,"holdEase":"outSine","type":"hold","angle":90},{"time":189,"type":"block","angle":247.5},{"duration":0.5,"time":189.5,"angle2":180,"holdEase":"outSine","type":"hold","angle":270},{"time":190.5,"type":"block","angle":123.75},{"time":190.25,"type":"block","angle":146.25},{"time":191,"type":"side","angle":270},{"time":191,"type":"side","angle":281.25},{"time":191,"type":"side","angle":292.5},{"time":192,"type":"side","angle":225},{"time":193,"type":"block","angle":90},{"time":194,"type":"side","angle":225},{"duration":1,"angle":180,"time":192,"startTap":true,"endTap":true,"holdEase":"outSine","angle2":450,"type":"hold"},{"duration":1,"angle":270,"time":194,"startTap":true,"endTap":true,"holdEase":"outSine","angle2":0,"type":"hold"},{"time":195,"type":"block","angle":0},{"time":195.5,"type":"block","angle":303.75},{"time":196,"tap":true,"type":"side","angle":56.25},{"time":197.5,"tap":true,"type":"side","angle":382.5},{"time":196.5,"type":"block","angle":112.5},{"time":197,"type":"block","angle":146.25},{"duration":1,"time":197.5,"angle2":-123.75,"holdEase":"outSine","type":"hold","angle":56.25},{"time":199,"type":"block","angle":315},{"time":198.75,"type":"block","angle":270},{"time":200,"type":"side","angle":-45},{"time":201,"type":"block","angle":67.5},{"time":202,"type":"side","angle":-45},{"duration":1,"angle":0,"time":200,"startTap":true,"endTap":true,"holdEase":"outSine","angle2":-292.5,"type":"hold"},{"duration":1,"angle":-90,"time":202,"startTap":true,"endTap":true,"holdEase":"outSine","angle2":180,"type":"hold"},{"time":203,"type":"block","angle":180},{"time":203.5,"type":"block","angle":-123.75},{"time":204,"tap":true,"type":"side","angle":123.75},{"time":204.5,"type":"block","angle":67.5},{"time":205,"type":"block","angle":33.75},{"duration":0.5,"time":201,"angle2":-56.25,"type":"mineHold","angle":-78.75},{"duration":0.5,"time":193,"angle2":157.5,"type":"mineHold","angle":180},{"time":208,"type":"side","angle":45},{"time":209,"type":"block","angle":-90},{"time":210,"type":"side","angle":45},{"duration":1,"angle":0,"time":208,"startTap":true,"endTap":true,"holdEase":"outSine","angle2":270,"type":"hold"},{"duration":1,"angle":90,"time":210,"startTap":true,"endTap":true,"holdEase":"outSine","angle2":-180,"type":"hold"},{"time":211,"type":"block","angle":-180},{"time":211.5,"type":"block","angle":123.75},{"time":212,"tap":true,"type":"side","angle":-123.75},{"time":213.5,"tap":true,"type":"side","angle":202.5},{"time":212.5,"type":"block","angle":-67.5},{"time":213,"type":"block","angle":-33.75},{"duration":1,"time":213.5,"angle2":-303.75,"holdEase":"outSine","type":"hold","angle":-123.75},{"time":215,"type":"block","angle":123.75},{"time":214.75,"type":"block","angle":90},{"time":216,"type":"side","angle":-225},{"time":217,"type":"block","angle":-90},{"time":218,"type":"side","angle":-225},{"duration":1,"angle":-180,"time":216,"startTap":true,"endTap":true,"holdEase":"outSine","angle2":-450,"type":"hold"},{"duration":1,"angle":-270,"time":218,"startTap":true,"endTap":true,"holdEase":"outSine","angle2":0,"type":"hold"},{"time":219,"type":"block","angle":0},{"time":219.5,"type":"block","angle":-303.75},{"time":220,"tap":true,"type":"side","angle":-56.25},{"time":221.5,"tap":true,"type":"side","angle":-382.5},{"time":220.5,"type":"block","angle":-112.5},{"time":221,"type":"block","angle":-146.25},{"duration":1,"time":221.5,"angle2":123.75,"holdEase":"outSine","type":"hold","angle":-56.25},{"time":223,"type":"block","angle":-202.5},{"duration":0.5,"time":217,"angle2":-157.5,"type":"mineHold","angle":-180},{"duration":0.5,"time":209,"angle2":-22.5,"type":"mineHold","angle":0},{"time":205.5,"tap":true,"type":"side","angle":-202.5},{"duration":1,"time":205.5,"angle2":303.75,"holdEase":"outSine","type":"hold","angle":123.75},{"time":207.5,"type":"block","angle":-135},{"time":207,"type":"block","angle":-90},{"time":207.25,"type":"block","angle":247.5},{"time":206.75,"type":"block","angle":292.5},{"time":206.25,"type":"block","angle":281.25},{"time":223.5,"type":"block","angle":202.5},{"time":223.25,"type":"block","angle":180},{"time":223.75,"type":"block","angle":225},{"time":224,"type":"side","angle":135},{"time":224.5,"type":"block","angle":90},{"time":225.25,"type":"block","angle":45},{"time":225,"type":"block","angle":67.5},{"time":225.5,"type":"block","angle":22.5},{"time":226.5,"type":"block","angle":225},{"time":226.75,"type":"block","angle":202.5},{"time":227,"type":"block","angle":180},{"time":227.5,"type":"block","angle":135},{"time":228,"type":"side","angle":202.5},{"time":228.5,"type":"block","angle":247.5},{"time":229,"type":"block","angle":270},{"time":229.5,"type":"side","angle":180},{"duration":1,"time":229.5,"angle2":0,"type":"hold","angle":202.5},{"time":231,"type":"block","angle":337.5},{"time":231.5,"type":"block","angle":315},{"time":232,"type":"side","angle":67.5},{"time":232.5,"type":"block","angle":135},{"time":233,"type":"side","angle":247.5},{"time":233.5,"type":"block","angle":292.5},{"time":234,"type":"side","angle":180},{"time":234.5,"type":"block","angle":135},{"time":235,"type":"block","angle":112.5},{"duration":1,"time":235.5,"angle2":382.5,"type":"hold","angle":90},{"time":236.75,"type":"block","angle":56.25},{"time":237,"type":"block","angle":90},{"time":239.25,"tap":true,"type":"block","angle":210},{"time":238.5,"tap":true,"type":"block","angle":330},{"time":240,"tap":true,"type":"block","angle":90},{"time":238.5,"tap":true,"type":"block","angle":337.5},{"time":238.5,"tap":true,"type":"block","angle":322.5},{"time":239.25,"tap":true,"type":"block","angle":217.5},{"time":239.25,"tap":true,"type":"block","angle":202.5},{"time":240,"tap":true,"type":"block","angle":97.5},{"time":240,"tap":true,"type":"block","angle":82.5},{"duration":1,"time":239.25,"angle2":270,"type":"mineHold","angle":270},{"duration":1,"time":239.25,"angle2":277.5,"type":"mineHold","angle":277.5},{"duration":1,"time":239.25,"angle2":262.5,"type":"mineHold","angle":262.5},{"duration":1,"time":238.25,"angle2":30,"type":"mineHold","angle":30},{"duration":1,"time":238.25,"angle2":22.5,"type":"mineHold","angle":22.5},{"duration":1,"time":238.25,"angle2":37.5,"type":"mineHold","angle":37.5},{"duration":1,"time":240,"angle2":150,"type":"mineHold","angle":150},{"duration":1,"time":240,"angle2":157.5,"type":"mineHold","angle":157.5},{"duration":1,"time":240,"angle2":142.5,"type":"mineHold","angle":142.5},{"time":240.5,"type":"block","angle":67.5},{"time":241,"type":"block","angle":45},{"time":241.5,"type":"block","angle":22.5},{"time":241.125,"type":"block","angle":33.75},{"time":241.25,"type":"block","angle":33.75},{"time":242,"type":"block","angle":292.5},{"time":242.5,"type":"block","angle":315},{"time":243,"type":"block","angle":67.5},{"time":243.5,"type":"block","angle":45},{"time":244,"type":"block","angle":-247.5},{"time":244.5,"type":"block","angle":-225},{"time":245,"type":"block","angle":-202.5},{"time":245.5,"type":"block","angle":-337.5},{"time":246,"type":"block","angle":-360},{"time":246.5,"type":"block","angle":-382.5},{"time":247,"type":"block","angle":-112.5},{"time":247.5,"type":"block","angle":-135},{"time":248,"type":"block","angle":-157.5},{"time":248.5,"type":"block","angle":-270},{"time":249,"type":"block","angle":-292.5},{"time":249.5,"type":"block","angle":-315},{"time":250,"type":"side","angle":-427.5},{"time":251,"type":"side","angle":-101.25},{"time":250,"type":"side","angle":-56.25},{"time":250,"type":"side","angle":-78.75},{"time":251,"type":"side","angle":-90},{"time":251,"type":"side","angle":-112.5},{"time":252,"type":"block","angle":-45},{"time":252.5,"type":"block","angle":-22.5},{"time":253,"type":"block","angle":0},{"time":253.5,"type":"block","angle":461.25},{"time":254,"type":"block","angle":483.75},{"time":254.5,"type":"block","angle":506.25},{"time":255,"type":"block","angle":236.25},{"time":255.5,"type":"block","angle":258.75},{"time":256,"type":"block","angle":281.25},{"time":256.5,"type":"block","angle":393.75},{"time":257,"type":"block","angle":416.25},{"time":257.5,"type":"block","angle":438.75},{"time":258,"type":"side","angle":517.5},{"time":259,"type":"side","angle":191.25},{"time":258,"type":"side","angle":146.25},{"time":258,"type":"side","angle":168.75},{"time":259,"type":"side","angle":180},{"time":259,"type":"side","angle":202.5},{"time":260,"type":"block","angle":472.5},{"time":260.5,"type":"block","angle":450},{"time":261,"type":"block","angle":427.5},{"time":261.5,"type":"block","angle":-675},{"time":262,"type":"block","angle":-697.5},{"time":262.5,"type":"block","angle":-720},{"time":263,"type":"block","angle":337.5},{"time":263.5,"type":"block","angle":360},{"time":264,"type":"block","angle":382.5},{"time":264.5,"type":"block","angle":495},{"time":265,"type":"block","angle":517.5},{"time":265.5,"type":"block","angle":540},{"time":266,"type":"side","angle":652.5},{"time":267,"type":"side","angle":326.25},{"time":266,"type":"side","angle":281.25},{"time":266,"type":"side","angle":303.75},{"time":267,"type":"side","angle":315},{"time":267,"type":"side","angle":337.5},{"time":268,"type":"block","angle":270},{"time":268.5,"type":"block","angle":247.5},{"time":269,"type":"block","angle":225},{"time":269.5,"type":"block","angle":-236.25},{"time":270,"type":"block","angle":-258.75},{"time":270.5,"type":"block","angle":-281.25},{"time":271,"type":"block","angle":-11.25},{"time":271.5,"type":"block","angle":-33.75},{"time":272,"type":"block","angle":-56.25},{"time":272.5,"type":"block","angle":-168.75},{"time":273,"type":"block","angle":-191.25},{"time":273.5,"type":"block","angle":-213.75},{"time":274,"type":"side","angle":-292.5},{"time":275,"type":"side","angle":33.75},{"time":274,"type":"side","angle":78.75},{"time":274,"type":"side","angle":56.25},{"time":275,"type":"side","angle":45},{"time":275,"type":"side","angle":22.5},{"time":275.5,"type":"block","angle":90},{"duration":0.75,"time":276,"angle2":315,"holdEase":"outSine","type":"hold","angle":112.5},{"time":277.5,"type":"block","angle":337.5},{"duration":1.5,"time":278,"angle2":-315,"holdEase":"outSine","type":"hold","angle":45},{"time":279,"type":"block","angle":90},{"duration":0.5,"time":280,"startTap":true,"type":"hold","holdEase":"outSine","angle2":157.5,"angle":22.5},{"duration":0.5,"time":281,"startTap":true,"type":"hold","holdEase":"outSine","angle2":22.5,"angle":157.5},{"duration":0.5,"time":282,"startTap":true,"type":"hold","holdEase":"inSine","angle2":-202.5,"angle":-22.5},{"duration":0.5,"time":283,"startTap":true,"type":"hold","holdEase":"inSine","angle2":292.5,"angle":157.5},{"duration":1,"time":284,"startTap":true,"type":"hold","holdEase":"outSine","angle2":157.5,"angle":337.5},{"duration":1,"time":285,"startTap":true,"type":"hold","holdEase":"outSine","angle2":337.5,"angle":157.5},{"duration":1,"time":286,"startTap":true,"type":"hold","holdEase":"outSine","angle2":90,"angle":337.5},{"duration":1,"time":287,"startTap":true,"type":"hold","holdEase":"outSine","angle2":360,"angle":90},{"duration":0.75,"time":288,"startTap":true,"type":"hold","holdEase":"outSine","angle2":-90,"angle":0},{"time":289.5,"type":"block","angle":157.5},{"time":290,"tap":true,"type":"side","angle":315},{"time":289,"type":"extraTap","angle":33.75},{"duration":1,"time":291,"angle2":-202.5,"holdEase":"outSine","type":"hold","angle":45},{"duration":0.75,"time":292,"angle2":337.5,"holdEase":"outSine","type":"hold","angle":157.5},{"duration":0.5,"time":293.5,"angle2":495,"holdEase":"outSine","type":"hold","angle":337.5},{"time":294.5,"type":"block","angle":180},{"time":295,"type":"block","angle":225},{"time":295.5,"type":"block","angle":270},{"duration":0.75,"time":296,"angle2":45,"holdEase":"outSine","type":"hold","angle":225},{"duration":1,"time":297.5,"angle2":-112.5,"holdEase":"outSine","type":"hold","angle":45},{"time":299,"type":"block","angle":202.5},{"time":299.5,"type":"block","angle":247.5},{"duration":1.5,"time":300,"angle2":0,"holdEase":"outSine","type":"hold","angle":292.5},{"time":301.75,"type":"block","angle":337.5},{"duration":1.25,"time":302,"angle2":292.5,"holdEase":"outSine","type":"hold","angle":0},{"time":303.5,"type":"block","angle":303.75},{"time":303.75,"type":"block","angle":315},{"duration":1.5,"time":304,"angle2":67.5,"holdEase":"outSine","type":"hold","angle":326.25},{"time":305.75,"type":"block","angle":22.5},{"duration":1,"time":306,"startTap":true,"endTap":true,"type":"hold","angle2":292.5,"angle":67.5},{"time":308,"type":"side","angle":-675},{"time":308,"type":"side","angle":33.75},{"time":308,"type":"side","angle":56.25},{"time":309.5,"type":"side","angle":225},{"time":309.5,"type":"side","angle":236.25},{"time":309.5,"type":"side","angle":213.75},{"time":310.5,"type":"side","angle":146.25},{"time":310.5,"type":"side","angle":135},{"time":310.5,"type":"side","angle":123.75},{"time":311.5,"type":"side","angle":33.75},{"time":311.5,"type":"side","angle":22.5},{"time":311.5,"type":"side","angle":371.25},{"time":312,"tap":true,"type":"block","angle":303.75},{"time":312,"tap":true,"type":"block","angle":292.5},{"time":312,"tap":true,"type":"block","angle":281.25},{"time":312.75,"tap":true,"type":"block","angle":11.25},{"time":312.75,"tap":true,"type":"block","angle":22.5},{"time":312.75,"tap":true,"type":"block","angle":33.75},{"time":313.5,"tap":true,"type":"block","angle":101.25},{"time":313.5,"tap":true,"type":"block","angle":112.5},{"time":313.5,"tap":true,"type":"block","angle":123.75},{"time":314.25,"tap":true,"type":"block","angle":191.25},{"time":314.25,"tap":true,"type":"block","angle":202.5},{"time":314.25,"tap":true,"type":"block","angle":213.75},{"time":315,"tap":true,"type":"block","angle":168.75},{"time":315,"tap":true,"type":"block","angle":157.5},{"time":315,"tap":true,"type":"block","angle":146.25},{"time":315.5,"tap":true,"type":"block","angle":-11.25},{"time":315.5,"tap":true,"type":"block","angle":337.5},{"time":315.5,"tap":true,"type":"block","angle":326.25},{"duration":8,"time":316,"angle2":247.5,"type":"hold","angle":-22.5},{"time":318,"type":"side","angle":112.5},{"time":320,"type":"side","angle":157.5},{"time":322,"type":"side","angle":135},{"time":323,"type":"side","angle":247.5},{"duration":8,"time":324,"angle2":-405,"type":"hold","angle":-135},{"time":326,"type":"side","angle":-270},{"time":328,"type":"side","angle":-315},{"time":330,"type":"side","angle":-292.5},{"time":331,"type":"side","angle":-405},{"time":332.5,"type":"block","angle":270},{"duration":1,"time":333,"angle2":495,"holdEase":"outSine","type":"hold","angle":315},{"time":334.5,"type":"block","angle":180},{"time":335,"type":"block","angle":112.5},{"time":335.5,"type":"block","angle":180},{"time":334.75,"type":"block","angle":146.25},{"duration":1,"time":336,"angle2":382.5,"holdEase":"outSine","type":"hold","angle":225},{"duration":1,"time":337.5,"angle2":213.75,"holdEase":"outSine","type":"hold","angle":33.75},{"time":339,"type":"block","angle":180},{"time":339.25,"type":"block","angle":146.25},{"time":339.5,"type":"block","angle":135},{"time":340,"type":"side","angle":225},{"time":340.5,"type":"block","angle":270},{"time":341,"type":"block","angle":292.5},{"time":341.5,"type":"side","angle":202.5},{"duration":1,"time":341.5,"angle2":67.5,"holdEase":"outSine","type":"hold","angle":247.5},{"time":342.75,"type":"block","angle":45},{"time":343,"type":"block","angle":67.5},{"duration":1,"time":343.5,"angle2":270,"holdEase":"outSine","type":"hold","angle":90},{"duration":2,"time":345,"angle2":360,"holdEase":"outSine","type":"hold","angle":202.5},{"duration":0.5,"time":344.5,"angle2":202.5,"holdEase":"outSine","type":"hold","angle":270},{"time":346,"type":"block","angle":315},{"time":346.5,"type":"block","angle":-11.25},{"time":347,"type":"block","angle":360},{"time":347.5,"type":"block","angle":360},{"duration":0.5,"time":348,"speedMult":2,"type":"mineHold","angle2":292.5,"angle":292.5},{"duration":0.5,"time":348,"speedMult":2,"type":"mineHold","angle2":270,"angle":270},{"duration":0.5,"time":348,"speedMult":2,"type":"mineHold","angle2":90,"angle":90},{"duration":0.5,"time":348,"speedMult":2,"type":"mineHold","angle2":112.5,"angle":112.5},{"time":349.5,"type":"mine","angle":270},{"time":349.5,"type":"mine","angle":247.5},{"time":349.5,"type":"mine","angle":67.5},{"time":349.5,"type":"mine","angle":90},{"duration":0.75,"time":350,"speedMult":2,"type":"mineHold","angle2":247.5,"angle":247.5},{"duration":0.75,"time":350,"speedMult":2,"type":"mineHold","angle2":225,"angle":225},{"duration":0.75,"time":350,"speedMult":2,"type":"mineHold","angle2":45,"angle":45},{"duration":0.75,"time":350,"speedMult":2,"type":"mineHold","angle2":67.5,"angle":67.5},{"time":351.5,"type":"mine","angle":225},{"time":351.5,"type":"mine","angle":202.5},{"duration":0.75,"time":352,"speedMult":2,"type":"mineHold","angle2":202.5,"angle":202.5},{"duration":0.75,"time":352,"speedMult":2,"type":"mineHold","angle2":180,"angle":180},{"time":351.5,"type":"mine","angle":405},{"time":351.5,"type":"mine","angle":382.5},{"duration":0.75,"time":352,"speedMult":2,"type":"mineHold","angle2":382.5,"angle":382.5},{"duration":0.75,"time":352,"speedMult":2,"type":"mineHold","angle2":360,"angle":360},{"time":351,"type":"mine","angle":247.5},{"time":351,"type":"mine","angle":225},{"time":351,"type":"mine","angle":45},{"time":351,"type":"mine","angle":67.5},{"time":353,"type":"mine","angle":180},{"time":353.25,"type":"mine","angle":157.5},{"time":353.5,"type":"mine","angle":135},{"time":353,"type":"mine","angle":202.5},{"time":353.25,"type":"mine","angle":180},{"time":353.5,"type":"mine","angle":157.5},{"time":353,"type":"mine","angle":22.5},{"time":353,"type":"mine","angle":360},{"time":353.25,"type":"mine","angle":360},{"time":353.25,"type":"mine","angle":337.5},{"time":353.5,"type":"mine","angle":337.5},{"time":353.5,"type":"mine","angle":315},{"duration":0.5,"time":354,"type":"mineHold","speedMult":2,"angle2":112.5,"angle":112.5},{"duration":0.5,"time":354,"type":"mineHold","angle2":135,"speedMult":2,"angle":135},{"duration":0.5,"time":354,"type":"mineHold","speedMult":2,"angle2":292.5,"angle":292.5},{"duration":0.5,"time":354,"type":"mineHold","speedMult":2,"angle2":315,"angle":315},{"duration":0.5,"time":355,"type":"mineHold","speedMult":2,"angle2":67.5,"angle":67.5},{"duration":0.5,"time":355,"type":"mineHold","angle2":90,"speedMult":2,"angle":90},{"duration":0.5,"time":355,"type":"mineHold","speedMult":2,"angle2":247.5,"angle":247.5},{"duration":0.5,"time":355,"type":"mineHold","speedMult":2,"angle2":270,"angle":270},{"duration":0.5,"time":356,"type":"mineHold","speedMult":2,"angle2":-292.5,"angle":-292.5},{"duration":0.5,"time":356,"type":"mineHold","speedMult":2,"angle2":-270,"angle":-270},{"duration":0.5,"time":356,"type":"mineHold","speedMult":2,"angle2":-90,"angle":-90},{"duration":0.5,"time":356,"type":"mineHold","speedMult":2,"angle2":-112.5,"angle":-112.5},{"time":357.5,"type":"mine","angle":-270},{"time":357.5,"type":"mine","angle":-247.5},{"time":357.5,"type":"mine","angle":-67.5},{"time":357.5,"type":"mine","angle":-90},{"duration":0.75,"time":358,"speedMult":2,"type":"mineHold","angle2":-247.5,"angle":-247.5},{"duration":0.75,"time":358,"speedMult":2,"type":"mineHold","angle2":-225,"angle":-225},{"duration":0.75,"time":358,"type":"mineHold","speedMult":2,"angle2":-45,"angle":-45},{"duration":0.75,"time":358,"speedMult":2,"type":"mineHold","angle2":-67.5,"angle":-67.5},{"time":359.5,"type":"mine","angle":-225},{"time":359.5,"type":"mine","angle":-202.5},{"duration":0.75,"time":360,"speedMult":2,"type":"mineHold","angle2":-202.5,"angle":-202.5},{"duration":0.75,"time":360,"speedMult":2,"type":"mineHold","angle2":-180,"angle":-180},{"time":359.5,"type":"mine","angle":-405},{"time":359.5,"type":"mine","angle":-382.5},{"duration":0.75,"time":360,"type":"mineHold","speedMult":2,"angle2":-382.5,"angle":-382.5},{"duration":0.75,"time":360,"type":"mineHold","speedMult":2,"angle2":-360,"angle":-360},{"time":359,"type":"mine","angle":-247.5},{"time":359,"type":"mine","angle":-225},{"time":359,"type":"mine","angle":-45},{"time":359,"type":"mine","angle":-67.5},{"time":361,"type":"mine","angle":-180},{"time":361.5,"type":"mine","angle":-135},{"time":361,"type":"mine","angle":-202.5},{"time":361.5,"type":"mine","angle":-157.5},{"time":361,"type":"mine","angle":-22.5},{"time":361,"type":"mine","angle":-360},{"time":361.5,"type":"mine","angle":-337.5},{"time":361.5,"type":"mine","angle":-315},{"duration":0.5,"time":362,"type":"mineHold","speedMult":2,"angle2":-112.5,"angle":-112.5},{"duration":0.5,"time":362,"type":"mineHold","angle2":-135,"speedMult":2,"angle":-135},{"duration":0.5,"time":362,"type":"mineHold","speedMult":2,"angle2":-292.5,"angle":-292.5},{"duration":0.5,"time":362,"type":"mineHold","speedMult":2,"angle2":-315,"angle":-315},{"duration":0.5,"time":363,"type":"mineHold","speedMult":2,"angle2":-67.5,"angle":-67.5},{"duration":0.5,"time":363,"type":"mineHold","angle2":-90,"speedMult":2,"angle":-90},{"duration":0.5,"time":363,"type":"mineHold","speedMult":2,"angle2":-247.5,"angle":-247.5},{"duration":0.5,"time":363,"type":"mineHold","speedMult":2,"angle2":-270,"angle":-270},{"duration":0.75,"time":364,"type":"mineHold","angle2":337.5,"speedMult":2,"angle":337.5},{"duration":0.75,"time":364,"type":"mineHold","angle2":315,"speedMult":2,"angle":315},{"duration":0.75,"time":364,"type":"mineHold","angle2":135,"speedMult":2,"angle":135},{"duration":0.75,"time":364,"type":"mineHold","angle2":157.5,"speedMult":2,"angle":157.5},{"time":365,"type":"mine","angle":337.5},{"time":365,"type":"mine","angle":360},{"time":365.25,"type":"mine","angle":0},{"time":365.25,"type":"mine","angle":22.5},{"time":365,"type":"mine","angle":157.5},{"time":365,"type":"mine","angle":180},{"time":365.25,"type":"mine","angle":202.5},{"time":365.25,"type":"mine","angle":180},{"time":365.5,"type":"mine","angle":22.5},{"time":365.5,"type":"mine","angle":45},{"time":365.5,"type":"mine","angle":202.5},{"time":365.5,"type":"mine","angle":225},{"duration":0.75,"time":366,"type":"mineHold","angle2":45,"speedMult":2,"angle":45},{"duration":0.75,"time":366,"type":"mineHold","angle2":67.5,"speedMult":2,"angle":67.5},{"duration":0.75,"time":366,"type":"mineHold","angle2":225,"speedMult":2,"angle":225},{"duration":0.75,"time":366,"type":"mineHold","angle2":247.5,"speedMult":2,"angle":247.5},{"time":367,"type":"mine","angle":225},{"time":367,"type":"mine","angle":202.5},{"time":367.25,"type":"mine","angle":202.5},{"time":367.25,"type":"mine","angle":180},{"time":367.5,"type":"mine","angle":180},{"time":367.5,"type":"mine","angle":157.5},{"time":367,"type":"mine","angle":45},{"time":367,"type":"mine","angle":22.5},{"time":367.25,"type":"mine","angle":22.5},{"time":367.25,"type":"mine","angle":0},{"time":367.5,"type":"mine","angle":0},{"time":367.5,"type":"mine","angle":337.5},{"duration":0.5,"time":368,"type":"mineHold","angle2":135,"speedMult":2,"angle":135},{"duration":0.5,"time":368,"type":"mineHold","angle2":157.5,"speedMult":2,"angle":157.5},{"duration":0.5,"time":368,"type":"mineHold","angle2":337.5,"speedMult":2,"angle":337.5},{"duration":0.5,"time":368,"type":"mineHold","angle2":315,"speedMult":2,"angle":315},{"time":368.75,"type":"mine","angle":315},{"time":368.75,"type":"mine","angle":292.5},{"time":369,"type":"mine","angle":292.5},{"time":369,"type":"mine","angle":270},{"time":369.25,"type":"mine","angle":270},{"time":369.25,"type":"mine","angle":247.5},{"time":369.5,"type":"mine","angle":247.5},{"time":369.5,"type":"mine","angle":225},{"time":368.75,"type":"mine","angle":135},{"time":368.75,"type":"mine","angle":112.5},{"time":369,"type":"mine","angle":112.5},{"time":369,"type":"mine","angle":90},{"time":369.25,"type":"mine","angle":90},{"time":369.25,"type":"mine","angle":67.5},{"time":369.5,"type":"mine","angle":67.5},{"time":369.5,"type":"mine","angle":45},{"duration":0.5,"time":370,"type":"mineHold","angle2":225,"speedMult":2,"angle":225},{"duration":0.5,"time":370,"type":"mineHold","angle2":202.5,"speedMult":2,"angle":202.5},{"duration":0.5,"time":370,"type":"mineHold","angle2":45,"speedMult":2,"angle":45},{"duration":0.5,"time":370,"type":"mineHold","angle2":22.5,"speedMult":2,"angle":22.5},{"duration":0.5,"time":371,"type":"mineHold","angle2":292.5,"speedMult":2,"angle":292.5},{"duration":0.5,"time":371,"type":"mineHold","angle2":270,"speedMult":2,"angle":270},{"duration":0.5,"time":371,"type":"mineHold","angle2":90,"speedMult":2,"angle":90},{"duration":0.5,"time":371,"type":"mineHold","angle2":112.5,"speedMult":2,"angle":112.5},{"duration":0.75,"time":372,"type":"mineHold","angle2":247.5,"speedMult":2,"angle":247.5},{"duration":0.75,"time":372,"type":"mineHold","angle2":225,"speedMult":2,"angle":225},{"time":373.5,"type":"mine","angle":247.5},{"time":373.5,"type":"mine","angle":225},{"duration":0.75,"time":374,"type":"mineHold","angle2":315,"speedMult":2,"angle":315},{"duration":0.75,"time":374,"type":"mineHold","angle2":292.5,"speedMult":2,"angle":292.5},{"time":375.5,"type":"mine","angle":315},{"time":375.5,"type":"mine","angle":292.5},{"duration":1.5,"time":376,"type":"mineHold","angle2":382.5,"speedMult":2,"angle":382.5},{"duration":1.5,"time":376,"type":"mineHold","angle2":360,"speedMult":2,"angle":360},{"duration":1,"time":378,"type":"mineHold","angle2":450,"speedMult":3,"angle":450},{"duration":1,"time":378,"type":"mineHold","angle2":427.5,"speedMult":3,"angle":427.5},{"duration":0.75,"time":372,"type":"mineHold","angle2":67.5,"speedMult":2,"angle":67.5},{"duration":0.75,"time":372,"type":"mineHold","angle2":45,"speedMult":2,"angle":45},{"time":373.5,"type":"mine","angle":67.5},{"time":373.5,"type":"mine","angle":45},{"duration":0.75,"time":374,"type":"mineHold","angle2":135,"speedMult":2,"angle":135},{"duration":0.75,"time":374,"type":"mineHold","angle2":112.5,"speedMult":2,"angle":112.5},{"time":375.5,"type":"mine","angle":135},{"time":375.5,"type":"mine","angle":112.5},{"duration":1.5,"time":376,"type":"mineHold","angle2":202.5,"speedMult":2,"angle":202.5},{"duration":1.5,"time":376,"type":"mineHold","angle2":180,"speedMult":2,"angle":180},{"duration":1,"time":378,"type":"mineHold","angle2":270,"speedMult":3,"angle":270},{"duration":1,"time":378,"type":"mineHold","angle2":247.5,"speedMult":3,"angle":247.5},{"time":377,"type":"extraTap","angle":22.5},{"time":378,"type":"extraTap","angle":45},{"time":379,"type":"extraTap","angle":45},{"time":384,"type":"block","angle":90},{"time":386,"tap":true,"type":"block","angle":337.5},{"time":387,"tap":true,"type":"block","angle":202.5},{"time":388,"tap":true,"type":"block","angle":315},{"time":388.5,"type":"block","angle":315},{"time":389,"tap":true,"type":"block","angle":225},{"time":389.5,"type":"block","angle":225},{"time":390,"tap":true,"type":"block","angle":292.5},{"time":390.5,"type":"block","angle":292.5},{"time":391,"tap":true,"type":"block","angle":247.5},{"time":391.5,"type":"block","angle":247.5},{"time":392,"tap":true,"type":"block","angle":270},{"time":392.25,"type":"block","angle":275.625},{"time":392.5,"type":"block","angle":281.25},{"time":392.75,"type":"block","angle":286.875},{"time":393,"tap":true,"type":"block","angle":270},{"time":393.25,"type":"block","angle":281.25},{"time":393.5,"type":"block","angle":292.5},{"time":393.75,"type":"block","angle":303.75},{"time":394,"tap":true,"type":"block","angle":270},{"time":394.25,"type":"block","angle":285},{"time":394.5,"type":"block","angle":300},{"time":394.75,"type":"block","angle":315},{"time":395,"tap":true,"type":"block","angle":270},{"time":395.25,"type":"block","angle":292.5},{"time":395.5,"type":"block","angle":315},{"time":395.75,"type":"block","angle":337.5},{"duration":1.5,"time":387,"angle2":270,"type":"mineHold","angle":270},{"duration":0.5,"time":387,"angle2":281.25,"type":"mineHold","angle":270},{"duration":0.5,"time":387,"angle2":258.75,"type":"mineHold","angle":270},{"duration":0.5,"time":387.5,"angle2":281.25,"type":"mineHold","angle":258.75},{"duration":0.5,"time":387.5,"angle2":258.75,"type":"mineHold","angle":281.25},{"duration":0.5,"time":388,"angle2":270,"type":"mineHold","angle":281.25},{"duration":0.5,"time":388,"angle2":270,"type":"mineHold","angle":258.75},{"time":396,"type":"side","angle":247.5},{"time":396.75,"type":"side","angle":292.5},{"time":397.25,"type":"block","angle":303.75},{"time":397.5,"type":"block","angle":315},{"time":397.75,"type":"block","angle":326.25},{"duration":0.5,"time":398,"angle2":258.75,"type":"hold","angle":337.5},{"time":398.75,"type":"block","angle":247.5},{"duration":0.5,"time":399,"angle2":326.25,"type":"hold","angle":236.25},{"duration":0.5,"time":399.5,"angle2":225,"type":"hold","angle":326.25},{"time":400.25,"type":"block","angle":225},{"time":400.5,"type":"block","angle":270},{"time":400.75,"type":"block","angle":270},{"time":401,"type":"block","angle":315},{"time":401.25,"type":"block","angle":315},{"time":401.5,"type":"block","angle":270},{"time":401.75,"type":"block","angle":270},{"time":402,"type":"block","angle":225},{"time":402.25,"type":"block","angle":225},{"time":402.5,"type":"block","angle":270},{"time":402.75,"type":"block","angle":225},{"time":403,"type":"block","angle":225},{"time":403.25,"type":"block","angle":247.5},{"time":403.5,"type":"block","angle":270},{"time":403.75,"type":"block","angle":292.5},{"time":402.95001220703,"type":"block","angle":225},{"duration":0.5,"time":404,"angle2":247.5,"holdEase":"outSine","type":"hold","angle":315},{"time":404.75,"type":"block","angle":225},{"time":405,"type":"block","angle":247.5},{"time":405.5,"type":"block","angle":292.5},{"time":405.75,"type":"block","angle":315},{"time":406,"type":"block","angle":292.5},{"time":407,"type":"inverse","angle":90},{"time":407.25,"type":"inverse","angle":78.75},{"time":407.5,"type":"inverse","angle":101.25},{"time":407.75,"type":"inverse","angle":90},{"time":406.83334350586,"type":"inverse","angle":90},{"time":406.66665649414,"type":"inverse","angle":90},{"time":408,"type":"inverse","angle":90},{"time":408.25,"type":"inverse","angle":95.625},{"time":408.25,"type":"inverse","angle":84.375},{"time":408.5,"type":"inverse","angle":90},{"time":408.75,"type":"inverse","angle":78.75},{"time":408.75,"type":"inverse","angle":101.25},{"time":409,"type":"inverse","angle":90},{"time":409.25,"type":"inverse","angle":84.375},{"time":409.25,"type":"inverse","angle":95.625},{"time":409.5,"type":"inverse","angle":90},{"time":409.75,"type":"inverse","angle":78.75},{"time":409.75,"type":"inverse","angle":101.25},{"time":410,"type":"inverse","angle":90},{"duration":0.5,"time":412,"startTap":true,"type":"hold","holdEase":"outSine","angle2":157.5,"angle":247.5},{"duration":0.5,"time":413,"startTap":true,"type":"hold","holdEase":"outSine","angle2":247.5,"angle":157.5},{"duration":1,"time":414,"startTap":true,"type":"hold","holdEase":"outSine","angle2":157.5,"angle":247.5},{"time":412.75,"type":"block","angle":157.5},{"duration":0.5,"time":416,"startTap":true,"type":"hold","holdEase":"outSine","angle2":-22.5,"angle":67.5},{"duration":0.5,"time":417,"startTap":true,"type":"hold","holdEase":"outSine","angle2":67.5,"angle":-22.5},{"duration":1,"time":418,"startTap":true,"type":"hold","holdEase":"outSine","angle2":-22.5,"angle":67.5},{"time":419.5,"type":"block","angle":-22.5},{"time":416.75,"type":"block","angle":-22.5},{"duration":0.5,"time":420,"startTap":true,"type":"hold","holdEase":"outSine","angle2":-112.5,"angle":-202.5},{"duration":0.5,"time":421,"startTap":true,"type":"hold","holdEase":"outSine","angle2":-202.5,"angle":-112.5},{"duration":1,"time":422,"startTap":true,"type":"hold","holdEase":"outSine","angle2":-112.5,"angle":-202.5},{"time":423.5,"type":"block","angle":-112.5},{"time":420.75,"type":"block","angle":-112.5},{"duration":0.5,"time":424,"startTap":true,"type":"hold","holdEase":"outSine","angle2":45,"angle":135},{"duration":0.5,"time":425,"startTap":true,"type":"hold","holdEase":"outSine","angle2":135,"angle":45},{"duration":1,"time":426,"startTap":true,"type":"hold","holdEase":"outSine","angle2":45,"angle":135},{"time":427.5,"type":"block","angle":45},{"time":424.75,"type":"block","angle":45},{"duration":0.5,"time":428,"startTap":true,"type":"hold","holdEase":"outSine","angle2":202.5,"angle":292.5},{"duration":0.5,"time":429,"startTap":true,"type":"hold","holdEase":"outSine","angle2":292.5,"angle":202.5},{"duration":1,"time":430,"startTap":true,"type":"hold","holdEase":"outSine","angle2":202.5,"angle":292.5},{"time":431.5,"type":"block","angle":202.5},{"time":428.75,"type":"block","angle":202.5},{"duration":0.5,"time":432,"startTap":true,"type":"hold","holdEase":"outSine","angle2":-90,"angle":0},{"duration":0.5,"time":433,"startTap":true,"type":"hold","holdEase":"outSine","angle2":0,"angle":-90},{"duration":1,"time":434,"startTap":true,"type":"hold","holdEase":"outSine","angle2":-90,"angle":0},{"time":435.5,"type":"block","angle":-90},{"time":432.75,"type":"block","angle":-90},{"duration":0.5,"time":436,"startTap":true,"type":"hold","holdEase":"outSine","angle2":-382.5,"angle":-292.5},{"duration":0.5,"time":437,"startTap":true,"type":"hold","holdEase":"outSine","angle2":-292.5,"angle":-382.5},{"duration":1,"time":438,"startTap":true,"type":"hold","holdEase":"outSine","angle2":-382.5,"angle":-292.5},{"time":439.5,"type":"block","angle":-382.5},{"time":436.75,"type":"block","angle":-382.5},{"duration":0.5,"time":440,"startTap":true,"type":"hold","holdEase":"outSine","angle2":-135,"angle":-225},{"duration":0.5,"time":441,"startTap":true,"type":"hold","holdEase":"outSine","angle2":-225,"angle":-135},{"duration":0.5,"time":442,"startTap":true,"type":"hold","holdEase":"outSine","angle2":-135,"angle":-225},{"time":440.75,"type":"block","angle":-135},{"time":415.5,"type":"block","angle":157.5},{"duration":0.5,"time":443,"startTap":true,"type":"hold","holdEase":"outSine","angle2":135,"angle":225},{"time":444,"type":"side","angle":202.5},{"time":444.5,"type":"block","angle":270},{"time":445,"type":"block","angle":292.5},{"time":445.5,"type":"side","angle":45},{"duration":1,"time":445.5,"angle2":157.5,"holdEase":"outSine","type":"hold","angle":0},{"time":447,"type":"block","angle":202.5},{"time":447.5,"type":"side","angle":67.5},{"duration":1,"time":447.5,"angle2":-67.5,"holdEase":"outSine","type":"hold","angle":112.5},{"time":449.5,"tap":true,"type":"block","angle":123.75},{"time":450,"tap":true,"type":"block","angle":67.5},{"time":450.5,"type":"block","angle":146.25},{"time":451,"tap":true,"type":"block","angle":90},{"time":451.5,"type":"block","angle":146.25},{"time":452,"type":"side","angle":45},{"time":452.5,"type":"block","angle":-45},{"time":453,"type":"block","angle":-78.75},{"time":451.75,"type":"block","angle":157.5},{"time":453.5,"type":"side","angle":-191.25},{"duration":1,"time":453.5,"angle2":-315,"holdEase":"outSine","type":"hold","angle":-146.25},{"time":455,"type":"block","angle":0},{"time":455.5,"type":"side","angle":112.5},{"duration":1,"time":455.5,"startTap":true,"type":"hold","holdEase":"outSine","angle2":270,"angle":67.5},{"duration":0.5,"time":456.5,"angle2":180,"holdEase":"outSine","type":"hold","angle":270},{"duration":0.5,"angle":180,"time":457,"startTap":true,"endTap":true,"holdEase":"outSine","angle2":247.5,"type":"hold"},{"duration":1,"time":457.5,"angle2":22.5,"holdEase":"outSine","type":"hold","angle":247.5},{"time":459,"type":"block","angle":337.5},{"time":459.5,"type":"block","angle":45},{"time":458,"type":"block","angle":90},{"time":460,"type":"side","angle":112.5},{"time":460.5,"type":"block","angle":180},{"time":461,"type":"block","angle":202.5},{"time":461.5,"type":"side","angle":-45},{"duration":1,"time":461.5,"angle2":67.5,"holdEase":"outSine","type":"hold","angle":-90},{"time":463,"type":"block","angle":112.5},{"time":463.5,"type":"side","angle":-22.5},{"duration":1,"time":463.5,"angle2":-157.5,"holdEase":"outSine","type":"hold","angle":22.5},{"time":465.5,"tap":true,"type":"block","angle":33.75},{"time":466,"tap":true,"type":"block","angle":-22.5},{"time":466.5,"type":"block","angle":56.25},{"time":467,"tap":true,"type":"block","angle":0},{"time":467.5,"type":"block","angle":56.25},{"time":468,"type":"side","angle":-45},{"time":468.5,"type":"block","angle":-135},{"time":469,"type":"block","angle":-168.75},{"time":469.5,"type":"side","angle":-281.25},{"duration":1,"time":469.5,"angle2":-405,"holdEase":"outSine","type":"hold","angle":-236.25},{"time":471,"type":"block","angle":-90},{"time":471.5,"type":"side","angle":22.5},{"duration":1,"time":471.5,"startTap":true,"type":"hold","holdEase":"outSine","angle2":180,"angle":-22.5},{"duration":0.5,"time":472.5,"angle2":90,"holdEase":"outSine","type":"hold","angle":180},{"duration":0.5,"time":473,"angle2":157.5,"holdEase":"outSine","type":"hold","angle":90},{"time":470.25,"type":"block","angle":326.25},{"time":470.1875,"type":"block","angle":337.5},{"duration":0.5,"time":474,"angle2":123.75,"holdEase":"outSine","type":"hold","angle":213.75},{"duration":0.5,"time":474.5,"angle2":191.25,"holdEase":"outSine","type":"hold","angle":123.75},{"duration":0.5,"time":475,"angle2":123.75,"holdEase":"outSine","type":"hold","angle":191.25},{"time":474.75,"type":"block","angle":168.75},{"duration":0.5,"time":475.5,"angle2":213.75,"type":"hold","angle":123.75},{"time":475.9375,"type":"block","angle":202.5},{"time":475.875,"type":"block","angle":191.25},{"time":475.8125,"type":"block","angle":180},{"time":477,"type":"block","angle":292.5},{"time":478,"type":"block","angle":337.5},{"time":478.5,"type":"block","angle":22.5},{"time":479.5,"type":"block","angle":22.5},{"time":480,"type":"side","angle":337.5},{"time":480,"type":"side","angle":326.25},{"time":480,"type":"side","angle":315},{"time":481,"type":"side","angle":382.5},{"time":481,"type":"side","angle":33.75},{"time":481,"type":"side","angle":45},{"time":482,"type":"side","angle":326.25},{"duration":1,"time":482,"angle2":157.5,"holdEase":"outSine","type":"hold","angle":360},{"time":483.5,"type":"side","angle":247.5},{"duration":2.5,"time":483.5,"angle2":787.5,"holdEase":"outSine","type":"hold","angle":202.5},{"duration":1,"time":480,"angle2":180,"type":"mineHold","angle":180},{"time":486.5,"type":"block","angle":112.5},{"time":487,"type":"block","angle":67.5},{"time":487.5,"type":"side","angle":292.5},{"duration":1,"time":487.5,"angle2":112.5,"holdEase":"outSine","type":"hold","angle":337.5},{"time":489,"type":"block","angle":67.5},{"time":489.5,"type":"block","angle":135},{"time":490,"type":"block","angle":202.5},{"time":490.5,"type":"block","angle":270},{"time":491,"type":"block","angle":337.5},{"time":488.9375,"type":"block","angle":67.5},{"time":488.875,"type":"block","angle":67.5},{"time":490.25,"type":"block","angle":225},{"time":492,"tap":true,"type":"block","angle":22.5},{"time":493,"tap":true,"type":"block","angle":292.5},{"time":493.75,"type":"block","angle":112.5},{"time":494,"tap":true,"type":"block","angle":112.5},{"time":493.875,"type":"block","angle":112.5},{"time":495,"tap":true,"type":"block","angle":225},{"time":496,"tap":true,"type":"block","angle":22.5},{"time":497,"tap":true,"type":"block","angle":292.5},{"time":498,"tap":true,"type":"block","angle":90},{"time":499,"tap":true,"type":"block","angle":315},{"time":499.5,"tap":true,"type":"block","angle":360},{"time":500,"tap":true,"type":"side","angle":90},{"time":500.5,"type":"block","angle":157.5},{"time":501.5,"tap":true,"type":"side","angle":247.5},{"time":502,"type":"block","angle":315},{"time":503,"tap":true,"type":"side","angle":67.5},{"time":503.5,"type":"block","angle":-225},{"time":504.5,"tap":true,"type":"side","angle":225},{"time":505,"type":"block","angle":292.5},{"duration":4,"time":508,"angle2":776.25,"type":"hold","angle":292.5},{"duration":1.5,"time":512,"angle2":-125,"type":"hold","angle":56.25},{"duration":2.5,"time":513.5,"angle2":537,"type":"hold","angle":235},{"duration":4,"time":516,"angle2":-1023.75,"type":"hold","angle":-540},{"duration":1.5,"time":520,"angle2":-122.5,"type":"hold","angle":-303.75},{"duration":1.5,"time":521.5,"angle2":-664,"type":"hold","angle":-482.5},{"duration":1,"time":523,"angle2":-472.5,"type":"hold","angle":-664},{"duration":4,"time":524,"angle2":-956.25,"type":"hold","angle":-472.5},{"duration":1.5,"time":528,"angle2":-55,"type":"hold","angle":-236.25},{"duration":2.5,"time":529.5,"angle2":-717,"type":"hold","angle":-415},{"duration":4,"time":532,"angle2":843.75,"type":"hold","angle":360},{"duration":1.5,"time":536,"angle2":-57.5,"type":"hold","angle":123.75},{"duration":1.5,"time":537.5,"angle2":484,"type":"hold","angle":302.5},{"time":540,"type":"side","angle":-225},{"time":541,"type":"block","angle":-90},{"time":542,"type":"side","angle":-225},{"duration":1,"angle":-180,"time":540,"startTap":true,"endTap":true,"holdEase":"outSine","angle2":-450,"type":"hold"},{"duration":1,"angle":-270,"time":542,"startTap":true,"endTap":true,"holdEase":"outSine","angle2":0,"type":"hold"},{"time":543,"type":"block","angle":0},{"time":543.5,"type":"block","angle":-303.75},{"time":544,"tap":true,"type":"side","angle":-56.25},{"time":545.5,"tap":true,"type":"side","angle":-382.5},{"time":544.5,"type":"block","angle":-112.5},{"time":545,"type":"block","angle":-146.25},{"duration":1,"time":545.5,"angle2":123.75,"holdEase":"outSine","type":"hold","angle":-56.25},{"time":547,"type":"block","angle":-315},{"time":546.75,"type":"block","angle":-270},{"time":548,"type":"side","angle":45},{"time":549,"type":"block","angle":-67.5},{"time":550,"type":"side","angle":45},{"duration":1,"angle":0,"time":548,"startTap":true,"endTap":true,"holdEase":"outSine","angle2":292.5,"type":"hold"},{"duration":1,"angle":90,"time":550,"startTap":true,"endTap":true,"holdEase":"outSine","angle2":-180,"type":"hold"},{"time":551,"type":"block","angle":-180},{"time":551.5,"type":"block","angle":123.75},{"time":552,"tap":true,"type":"side","angle":-123.75},{"time":552.5,"type":"block","angle":-67.5},{"time":553,"type":"block","angle":-33.75},{"duration":0.5,"time":549,"angle2":56.25,"type":"mineHold","angle":78.75},{"duration":0.5,"time":541,"angle2":-157.5,"type":"mineHold","angle":-180},{"time":556,"type":"side","angle":-45},{"time":557,"type":"block","angle":90},{"time":558,"type":"side","angle":-45},{"duration":1,"angle":0,"time":556,"startTap":true,"endTap":true,"holdEase":"outSine","angle2":-270,"type":"hold"},{"duration":1,"angle":-90,"time":558,"startTap":true,"endTap":true,"holdEase":"outSine","angle2":180,"type":"hold"},{"time":559,"type":"block","angle":180},{"time":559.5,"type":"block","angle":-123.75},{"time":560,"tap":true,"type":"side","angle":123.75},{"time":561.5,"tap":true,"type":"side","angle":-202.5},{"time":560.5,"type":"block","angle":67.5},{"time":561,"type":"block","angle":33.75},{"duration":1,"time":561.5,"angle2":303.75,"holdEase":"outSine","type":"hold","angle":123.75},{"time":563,"type":"block","angle":-123.75},{"time":562.75,"type":"block","angle":-90},{"time":564,"type":"side","angle":225},{"time":565,"type":"block","angle":90},{"time":566,"type":"side","angle":225},{"duration":1,"angle":180,"time":564,"startTap":true,"endTap":true,"holdEase":"outSine","angle2":450,"type":"hold"},{"duration":1,"angle":270,"time":566,"startTap":true,"endTap":true,"holdEase":"outSine","angle2":0,"type":"hold"},{"time":567,"type":"block","angle":0},{"time":567.5,"type":"block","angle":303.75},{"time":568,"tap":true,"type":"side","angle":56.25},{"time":569.5,"tap":true,"type":"side","angle":382.5},{"time":568.5,"type":"block","angle":112.5},{"time":569,"type":"block","angle":146.25},{"duration":1,"time":569.5,"angle2":-123.75,"holdEase":"outSine","type":"hold","angle":56.25},{"duration":0.5,"time":565,"angle2":157.5,"type":"mineHold","angle":180},{"duration":0.5,"time":557,"angle2":22.5,"type":"mineHold","angle":0},{"time":553.5,"tap":true,"type":"side","angle":202.5},{"duration":1,"time":553.5,"angle2":-303.75,"holdEase":"outSine","type":"hold","angle":-123.75},{"time":555.5,"type":"block","angle":135},{"time":555,"type":"block","angle":90},{"time":555.25,"type":"block","angle":-247.5},{"time":554.75,"type":"block","angle":-292.5},{"time":554.25,"type":"block","angle":-281.25},{"time":572,"type":"side","angle":-450},{"time":573,"type":"block","angle":-315},{"time":574,"type":"side","angle":-450},{"duration":1,"angle":-405,"time":572,"startTap":true,"endTap":true,"holdEase":"outSine","angle2":-675,"type":"hold"},{"duration":1,"angle":-495,"time":574,"startTap":true,"endTap":true,"holdEase":"outSine","angle2":-225,"type":"hold"},{"time":575,"type":"block","angle":-225},{"time":575.5,"type":"block","angle":-528.75},{"time":576,"tap":true,"type":"side","angle":-281.25},{"time":577.5,"tap":true,"type":"side","angle":-607.5},{"time":576.5,"type":"block","angle":-337.5},{"time":577,"type":"block","angle":-371.25},{"duration":1,"time":577.5,"angle2":-101.25,"holdEase":"outSine","type":"hold","angle":-281.25},{"time":579,"type":"block","angle":-540},{"time":578.75,"type":"block","angle":-495},{"time":580,"type":"side","angle":-180},{"time":581,"type":"block","angle":-292.5},{"time":582,"type":"side","angle":-180},{"duration":1,"angle":-225,"time":580,"startTap":true,"endTap":true,"holdEase":"outSine","angle2":67.5,"type":"hold"},{"duration":1,"angle":-135,"time":582,"startTap":true,"endTap":true,"holdEase":"outSine","angle2":-405,"type":"hold"},{"time":583,"type":"block","angle":-405},{"time":583.5,"type":"block","angle":-101.25},{"time":584,"tap":true,"type":"side","angle":-348.75},{"time":584.5,"type":"block","angle":-292.5},{"time":585,"type":"block","angle":-258.75},{"duration":0.5,"time":581,"angle2":-168.75,"type":"mineHold","angle":-146.25},{"duration":0.5,"time":573,"angle2":-382.5,"type":"mineHold","angle":-405},{"time":588,"type":"side","angle":-270},{"time":589,"type":"block","angle":-135},{"time":590,"type":"side","angle":-270},{"duration":1,"angle":-225,"time":588,"startTap":true,"endTap":true,"holdEase":"outSine","angle2":-495,"type":"hold"},{"duration":1,"angle":-315,"time":590,"startTap":true,"endTap":true,"holdEase":"outSine","angle2":-45,"type":"hold"},{"time":591,"type":"block","angle":-45},{"time":591.5,"type":"block","angle":-348.75},{"time":592,"tap":true,"type":"side","angle":-101.25},{"time":593.5,"tap":true,"type":"side","angle":-427.5},{"time":592.5,"type":"block","angle":-157.5},{"time":593,"type":"block","angle":-191.25},{"duration":1,"time":593.5,"angle2":78.75,"holdEase":"outSine","type":"hold","angle":-101.25},{"time":595,"type":"block","angle":-348.75},{"time":594.75,"type":"block","angle":-315},{"time":596,"type":"side","angle":0},{"time":597,"type":"block","angle":-135},{"time":598,"type":"side","angle":0},{"duration":1,"angle":-45,"time":596,"startTap":true,"endTap":true,"holdEase":"outSine","angle2":225,"type":"hold"},{"duration":1,"angle":45,"time":598,"startTap":true,"endTap":true,"holdEase":"outSine","angle2":-225,"type":"hold"},{"time":599,"type":"block","angle":-225},{"time":599.5,"type":"block","angle":78.75},{"time":600,"tap":true,"type":"side","angle":-168.75},{"time":601.5,"tap":true,"type":"side","angle":157.5},{"time":600.5,"type":"block","angle":-112.5},{"time":601,"type":"block","angle":-78.75},{"duration":1,"time":601.5,"angle2":-348.75,"holdEase":"outSine","type":"hold","angle":-168.75},{"duration":0.5,"time":597,"angle2":-67.5,"type":"mineHold","angle":-45},{"duration":0.5,"time":589,"angle2":-202.5,"type":"mineHold","angle":-225},{"time":585.5,"tap":true,"type":"side","angle":-22.5},{"duration":1,"time":585.5,"angle2":-528.75,"holdEase":"outSine","type":"hold","angle":-348.75},{"time":587.5,"type":"block","angle":-90},{"time":587,"type":"block","angle":-135},{"time":587.25,"type":"block","angle":-472.5},{"time":586.75,"type":"block","angle":-517.5},{"time":586.25,"type":"block","angle":-506.25},{"time":603,"type":"block","angle":-427.5},{"time":603.5,"type":"block","angle":-22.5},{"time":603.25,"type":"block","angle":-45},{"time":603.75,"type":"block","angle":0},{"time":604,"type":"side","angle":-90},{"time":604.5,"type":"block","angle":-135},{"time":605.25,"type":"block","angle":-180},{"time":605,"type":"block","angle":-157.5},{"time":605.5,"type":"block","angle":-202.5},{"time":606.5,"type":"block","angle":0},{"time":606.75,"type":"block","angle":-22.5},{"time":607,"type":"block","angle":-45},{"time":607.5,"type":"block","angle":-90},{"time":608,"type":"side","angle":-22.5},{"time":608.5,"type":"block","angle":22.5},{"time":609,"type":"block","angle":45},{"time":609.5,"type":"side","angle":-45},{"duration":1,"time":609.5,"angle2":-225,"type":"hold","angle":-22.5},{"time":611,"type":"block","angle":112.5},{"time":611.5,"type":"block","angle":90},{"time":612,"type":"side","angle":-157.5},{"time":612.5,"type":"block","angle":-90},{"time":613,"type":"side","angle":22.5},{"time":613.5,"type":"block","angle":67.5},{"time":614,"type":"side","angle":-45},{"time":614.5,"type":"block","angle":-90},{"time":615,"type":"block","angle":-112.5},{"duration":1,"time":615.5,"angle2":157.5,"type":"hold","angle":-135},{"time":616.75,"type":"block","angle":-168.75},{"time":617,"type":"block","angle":-135},{"time":619.25,"tap":true,"type":"block","angle":-15},{"time":618.5,"tap":true,"type":"block","angle":105},{"time":620,"tap":true,"type":"block","angle":-135},{"time":618.5,"tap":true,"type":"block","angle":112.5},{"time":618.5,"tap":true,"type":"block","angle":97.5},{"time":619.25,"tap":true,"type":"block","angle":-7.5},{"time":619.25,"tap":true,"type":"block","angle":-22.5},{"time":620,"tap":true,"type":"block","angle":-127.5},{"time":620,"tap":true,"type":"block","angle":-142.5},{"duration":1,"time":619.25,"angle2":45,"type":"mineHold","angle":45},{"duration":1,"time":619.25,"angle2":52.5,"type":"mineHold","angle":52.5},{"duration":1,"time":619.25,"angle2":37.5,"type":"mineHold","angle":37.5},{"duration":1,"time":618.25,"angle2":-195,"type":"mineHold","angle":-195},{"duration":1,"time":618.25,"angle2":-202.5,"type":"mineHold","angle":-202.5},{"duration":1,"time":618.25,"angle2":-187.5,"type":"mineHold","angle":-187.5},{"duration":1,"time":620,"angle2":-75,"type":"mineHold","angle":-75},{"duration":1,"time":620,"angle2":-67.5,"type":"mineHold","angle":-67.5},{"duration":1,"time":620,"angle2":-82.5,"type":"mineHold","angle":-82.5},{"time":620.5,"type":"block","angle":-157.5},{"time":621,"type":"block","angle":-180},{"time":621.5,"type":"block","angle":-202.5},{"time":621.125,"type":"block","angle":-191.25},{"time":621.25,"type":"block","angle":-191.25},{"time":622,"type":"block","angle":67.5},{"time":622.5,"type":"block","angle":90},{"time":623,"type":"block","angle":-157.5},{"time":623.5,"type":"block","angle":-180},{"time":624,"type":"block","angle":-472.5},{"time":624.5,"type":"block","angle":-450},{"time":625,"type":"block","angle":-427.5},{"time":625.5,"type":"block","angle":-562.5},{"time":626,"type":"block","angle":-585},{"time":626.5,"type":"block","angle":-607.5},{"time":627,"type":"block","angle":-337.5},{"time":627.5,"type":"block","angle":-360},{"time":628,"type":"block","angle":-382.5},{"time":628.5,"type":"block","angle":-495},{"time":629,"type":"block","angle":-517.5},{"time":629.5,"type":"block","angle":-540},{"time":630,"type":"side","angle":-652.5},{"time":631,"type":"side","angle":-326.25},{"time":630,"type":"side","angle":-281.25},{"time":630,"type":"side","angle":-303.75},{"time":631,"type":"side","angle":-315},{"time":631,"type":"side","angle":-337.5},{"time":632,"type":"block","angle":-270},{"time":632.5,"type":"block","angle":-247.5},{"time":633,"type":"block","angle":-225},{"time":633.5,"type":"block","angle":236.25},{"time":634,"type":"block","angle":258.75},{"time":634.5,"type":"block","angle":281.25},{"time":635,"type":"block","angle":11.25},{"time":635.5,"type":"block","angle":33.75},{"time":636,"type":"block","angle":56.25},{"time":636.5,"type":"block","angle":168.75},{"time":637,"type":"block","angle":191.25},{"time":637.5,"type":"block","angle":213.75},{"time":638,"type":"side","angle":292.5},{"time":639,"type":"side","angle":-33.75},{"time":638,"type":"side","angle":-78.75},{"time":638,"type":"side","angle":-56.25},{"time":639,"type":"side","angle":-45},{"time":639,"type":"side","angle":-22.5},{"time":640,"type":"block","angle":247.5},{"time":640.5,"type":"block","angle":225},{"time":641,"type":"block","angle":202.5},{"time":641.5,"type":"block","angle":-900},{"time":642,"type":"block","angle":-922.5},{"time":642.5,"type":"block","angle":-945},{"time":643,"type":"block","angle":112.5},{"time":643.5,"type":"block","angle":135},{"time":644,"type":"block","angle":157.5},{"time":644.5,"type":"block","angle":270},{"time":645,"type":"block","angle":292.5},{"time":645.5,"type":"block","angle":315},{"time":646,"type":"side","angle":427.5},{"time":647,"type":"side","angle":101.25},{"time":646,"type":"side","angle":56.25},{"time":646,"type":"side","angle":78.75},{"time":647,"type":"side","angle":90},{"time":647,"type":"side","angle":112.5},{"time":648,"type":"block","angle":45},{"time":648.5,"type":"block","angle":22.5},{"time":649,"type":"block","angle":0},{"time":649.5,"type":"block","angle":-461.25},{"time":650,"type":"block","angle":-483.75},{"time":650.5,"type":"block","angle":-506.25},{"time":651,"type":"block","angle":-236.25},{"time":651.5,"type":"block","angle":-258.75},{"time":652,"type":"block","angle":-281.25},{"time":652.5,"type":"block","angle":-393.75},{"time":653,"type":"block","angle":-416.25},{"time":653.5,"type":"block","angle":-438.75},{"time":654,"type":"side","angle":-517.5},{"time":655,"type":"side","angle":-191.25},{"time":654,"type":"side","angle":-146.25},{"time":654,"type":"side","angle":-168.75},{"time":655,"type":"side","angle":-180},{"time":655,"type":"side","angle":-202.5},{"time":656,"type":"block","angle":180},{"time":656.25,"type":"block","angle":-165},{"time":656.5,"type":"block","angle":-150},{"time":656.75,"type":"block","angle":-135},{"time":657.5,"type":"block","angle":-45},{"time":657.75,"type":"block","angle":-30},{"time":657,"tap":true,"type":"block","angle":-120},{"time":658,"type":"block","angle":-15},{"time":658.25,"type":"block","angle":0},{"time":658.5,"type":"block","angle":15},{"time":658.75,"type":"block","angle":30},{"time":659,"type":"block","angle":45},{"time":660,"type":"block","angle":-742.5},{"time":660.25,"type":"block","angle":-397.5},{"time":660.5,"type":"block","angle":-412.5},{"time":660.75,"type":"block","angle":-427.5},{"time":661.5,"type":"block","angle":-517.5},{"time":661.75,"type":"block","angle":-532.5},{"time":661,"tap":true,"type":"block","angle":-442.5},{"time":662,"type":"block","angle":-547.5},{"time":662.25,"type":"block","angle":-562.5},{"time":662.5,"type":"block","angle":-577.5},{"time":662.75,"type":"block","angle":-592.5},{"time":663,"type":"block","angle":-607.5},{"time":659.25,"type":"block","angle":67.5},{"time":663.25,"type":"block","angle":90},{"time":663.5,"tap":true,"type":"block","angle":67.5},{"time":659.5,"tap":true,"type":"block","angle":90},{"time":664,"type":"block","angle":360},{"time":664.25,"type":"block","angle":15},{"time":664.5,"type":"block","angle":30},{"time":664.75,"type":"block","angle":45},{"time":665.5,"type":"block","angle":135},{"time":665.75,"type":"block","angle":150},{"time":665,"tap":true,"type":"block","angle":60},{"time":666,"type":"block","angle":165},{"time":666.25,"type":"block","angle":180},{"time":666.5,"type":"block","angle":195},{"time":666.75,"type":"block","angle":210},{"time":667,"type":"block","angle":225},{"time":668,"type":"block","angle":-562.5},{"time":668.25,"type":"block","angle":-217.5},{"time":668.5,"type":"block","angle":-232.5},{"time":668.75,"type":"block","angle":-247.5},{"time":669.5,"type":"block","angle":-337.5},{"time":669.75,"type":"block","angle":-352.5},{"time":669,"tap":true,"type":"block","angle":-262.5},{"time":670,"type":"block","angle":-367.5},{"time":670.25,"type":"block","angle":-382.5},{"time":670.5,"type":"block","angle":-397.5},{"time":670.75,"type":"block","angle":-412.5},{"time":671,"type":"block","angle":-427.5},{"time":667.25,"type":"block","angle":247.5},{"time":671.25,"type":"block","angle":270},{"time":671.5,"tap":true,"type":"block","angle":247.5},{"time":667.5,"tap":true,"type":"block","angle":270},{"time":570.75,"type":"block","angle":202.5},{"time":571,"type":"block","angle":180},{"time":538.5,"type":"block","angle":56.25},{"time":538.75,"type":"block","angle":90},{"time":330.5,"type":"block","angle":16.875},{"time":330.75,"type":"block","angle":16.875}]