{"properties":{"offset":8,"startBeat":-4,"formatversion":13,"speed":60},"events":[{"time":0,"bpm":185,"volume":1,"offset":0.075000002980232,"file":"PicoPicoAdventure.ogg","type":"play","angle":67.5},{"duration":1,"angle":11.25,"ease":"inOutSine","var":"scrollSpeed","value":3,"start":1,"type":"ease","time":30},{"duration":0,"time":29.5,"paddle":1,"ease":"linear","type":"paddles","angle":337.5},{"duration":15,"angle":90,"time":-7.5,"var":"scrollSpeed","value":1,"start":0.40000009536743,"type":"ease","ease":"linear"},{"duration":0.25,"time":31.75,"var":"scrollSpeed","type":"ease","start":3,"value":1.4500000476837,"angle":360},{"duration":1.5,"time":126,"var":"scrollSpeed","type":"ease","start":1.4500000476837,"value":1.2000000476837,"angle":146.25},{"duration":1,"time":150,"var":"scrollSpeed","type":"ease","start":1.2000000476837,"value":1.4500000476837,"angle":202.5},{"duration":2,"time":155.5,"var":"scrollSpeed","type":"ease","start":1.4500000476837,"value":1.2000000476837,"angle":78.75},{"duration":2,"time":188,"var":"scrollSpeed","type":"ease","start":1.2000000476837,"value":1.2999999523163,"angle":78.75},{"duration":1,"time":274,"var":"scrollSpeed","type":"ease","start":1.3500000238419,"value":1.2000000476837,"angle":112.5},{"duration":1,"ease":"outSine","var":"vfx.angleTwist.offset","time":347,"value":-360,"type":"ease","angle":180},{"duration":1,"ease":"outSine","var":"vfx.angleTwist.offset","time":351,"value":-360,"type":"ease","angle":180},{"duration":0,"ease":"linear","paddle":1,"newWidth":30,"time":347.5,"type":"paddles","angle":22.5},{"duration":1,"ease":"outSine","var":"vfx.angleTwist.offset","time":355,"value":360,"type":"ease","angle":180},{"duration":1,"ease":"outSine","var":"vfx.angleTwist.offset","time":357,"value":360,"type":"ease","angle":-180},{"duration":1,"ease":"outSine","var":"vfx.angleTwist.offset","time":359,"value":360,"type":"ease","angle":-180},{"duration":3,"time":377,"var":"vfx.angleTwist.offset","type":"ease","start":360,"value":0,"angle":112.5},{"duration":0,"ease":"linear","paddle":1,"newWidth":55,"time":379,"type":"paddles","angle":112.5},{"duration":10,"angle":135,"ease":"inOutExpo","var":"p.x","value":150,"start":300,"type":"ease","time":379},{"duration":25,"angle":135,"ease":"outSine","var":"p.x","value":500,"start":150,"type":"ease","time":388},{"name":"Car","description":"car","g":0,"b":0,"time":379,"r":0,"type":"bookmark","angle":180},{"duration":6,"angle":123.75,"ease":"inOutElastic","var":"p.x","value":300,"start":500,"type":"ease","time":407},{"time":348,"color":0,"angle":45,"g":0,"r":0,"type":"setColor","b":0},{"duration":0,"ease":"linear","paddle":1,"newWidth":70,"time":443,"type":"paddles","angle":135},{"duration":2,"angle":135,"ease":"outSine","var":"scrollSpeed","value":1.3500000238419,"start":1,"type":"ease","time":407.5},{"duration":1,"time":654,"var":"scrollSpeed","type":"ease","start":1.3500000238419,"value":1.2000000476837,"angle":-112.5},{"time":672,"type":"showResults","angle":180},{"drawOrder":1,"angle":157.5,"drawLayer":"bg","time":-7.5,"id":"1p","x":0,"sprite":"bggradient.png","type":"deco","y":0},{"time":-7.5,"color":4,"angle":225,"g":39,"r":32,"type":"setColor","b":54},{"time":-7.5,"color":3,"angle":247.5,"g":104,"r":68,"type":"setColor","b":115},{"time":-7.5,"color":2,"angle":270,"g":130,"r":75,"type":"setColor","b":130},{"time":-7.5,"color":1,"b":242,"g":240,"r":76,"type":"setColor","angle":315},{"time":-7.5,"color":7,"type":"setBgColor","angle":360},{"time":-7.5,"color":7,"b":94,"g":46,"r":38,"type":"setColor","angle":45},{"time":348,"color":4,"type":"setBgColor","angle":22.5},{"time":348,"color":4,"angle":315,"g":255,"r":255,"type":"setColor","b":255},{"time":348,"color":1,"angle":67.5,"g":0,"r":0,"type":"setColor","b":0},{"time":377,"color":4,"angle":67.5,"g":144,"r":255,"type":"setColor","b":3},{"time":378,"color":4,"angle":112.5,"g":249,"r":255,"type":"setColor","b":249},{"time":379,"color":4,"angle":157.5,"g":0,"r":0,"type":"setColor","b":0},{"time":380,"color":4,"angle":225,"g":39,"r":32,"type":"setColor","b":54},{"time":380,"color":3,"angle":247.5,"g":104,"r":68,"type":"setColor","b":115},{"time":380,"color":2,"angle":270,"g":130,"r":75,"type":"setColor","b":130},{"time":380,"color":1,"b":242,"g":240,"r":76,"type":"setColor","angle":315},{"time":380,"color":7,"type":"setBgColor","angle":360},{"time":380,"color":0,"b":255,"g":255,"r":255,"type":"setColor","angle":22.5},{"ox":300,"oy":300,"id":"p2","drawOrder":0,"angle":135,"time":-7.5,"type":"deco","x":300,"sprite":"starsbg.png","drawLayer":"bg","y":180},{"duration":316,"oy":360,"type":"deco","angle":135,"time":-5,"ease":"linear","r":360,"id":"p2","ox":600},{"duration":1.5,"ease":"outSine","time":308,"r":330,"type":"deco","id":"p2","angle":270},{"duration":1,"ease":"outSine","time":309.5,"r":300,"type":"deco","id":"p2","angle":270},{"duration":1,"ease":"outSine","time":310.5,"r":270,"type":"deco","id":"p2","angle":270},{"duration":0.5,"ease":"outSine","time":311.5,"r":240,"type":"deco","id":"p2","angle":270},{"duration":0.75,"ease":"outSine","time":312,"r":270,"type":"deco","id":"p2","angle":270},{"duration":0.75,"ease":"outSine","time":312.75,"r":300,"type":"deco","id":"p2","angle":270},{"duration":0.75,"ease":"outSine","time":313.5,"r":330,"type":"deco","id":"p2","angle":270},{"duration":0.75,"ease":"outSine","time":314.25,"r":360,"type":"deco","id":"p2","angle":270},{"duration":0.75,"ease":"outSine","time":315,"r":390,"type":"deco","id":"p2","angle":270},{"duration":0.5,"ease":"outSine","time":315.5,"r":420,"type":"deco","id":"p2","angle":270},{"duration":400,"ease":"linear","time":316,"r":-720,"type":"deco","id":"p2","angle":270},{"time":-7,"var":"vfx.hwaves.period","value":1,"start":1,"type":"ease","angle":90},{"duration":46,"angle":112.5,"ease":"inSine","var":"vfx.hglitch.strength","type":"ease","start":5,"value":0,"time":-7},{"duration":43,"angle":157.5,"ease":"inSine","var":"vfx.hwaves.strength","value":0,"start":2,"type":"ease","time":-7},{"duration":25,"time":656,"var":"vfx.hwaves.strength","ease":"outSine","value":2,"type":"ease","angle":157.5},{"duration":25,"ease":"outSine","var":"vfx.hglitch.strength","time":656,"value":5,"type":"ease","angle":135},{"duration":8,"time":348,"ease":"linear","r":-1280,"type":"deco","id":"p2","angle":337.5},{"duration":8,"time":356,"ease":"linear","r":-720,"type":"deco","id":"p2","angle":337.5},{"duration":16,"time":364,"ease":"inSine","r":0,"type":"deco","id":"p2","angle":360},{"duration":150,"time":380,"ease":"linear","r":720,"type":"deco","id":"p2","angle":337.5},{"duration":1.5,"time":500,"ease":"outSine","r":450,"type":"deco","id":"p2","angle":337.5},{"duration":1.5,"ease":"outSine","time":501.5,"r":400,"type":"deco","id":"p2","angle":337.5},{"duration":1.5,"ease":"outSine","time":503,"r":350,"type":"deco","id":"p2","angle":337.5},{"duration":3.5,"ease":"outSine","time":504.5,"r":150,"type":"deco","id":"p2","angle":337.5},{"duration":8,"ease":"linear","time":508,"r":475,"type":"deco","id":"p2","angle":337.5},{"duration":8,"time":516,"ease":"linear","r":150,"type":"deco","id":"p2","angle":337.5},{"duration":9,"ease":"linear","time":524,"r":475,"type":"deco","id":"p2","angle":337.5},{"duration":8,"time":532,"ease":"outSine","r":150,"type":"deco","id":"p2","angle":337.5},{"duration":1.5,"time":538.5,"ease":"inSine","r":-90,"type":"deco","id":"p2","angle":337.5},{"duration":32,"time":540,"ease":"linear","r":400,"type":"deco","id":"p2","angle":337.5},{"duration":32,"ease":"linear","time":572,"r":1100,"type":"deco","id":"p2","angle":337.5},{"duration":80,"time":603,"ease":"linear","r":2200,"type":"deco","id":"p2","angle":337.5},{"duration":2,"angle":135,"time":345,"var":"scrollSpeed","value":0.5,"start":1.2999999523163,"type":"ease","ease":"outSine"},{"duration":1,"angle":337.5,"time":347,"var":"scrollSpeed","value":1.5,"start":0.5,"type":"ease","ease":"outSine"},{"time":38,"var":"vfx.hglitch.strength","value":3,"type":"ease","angle":180},{"time":38,"var":"vfx.hwaves.strength","type":"ease","value":3,"angle":225},{"time":38.25,"var":"vfx.hglitch.strength","type":"ease","value":0,"angle":180},{"time":38.25,"var":"vfx.hwaves.strength","type":"ease","value":0,"angle":225},{"time":39,"var":"vfx.hglitch.strength","type":"ease","value":3,"angle":180},{"time":39,"var":"vfx.hwaves.strength","type":"ease","value":3,"angle":225},{"time":39.25,"var":"vfx.hglitch.strength","type":"ease","value":0,"angle":180},{"time":39.25,"var":"vfx.hwaves.strength","type":"ease","value":0,"angle":225},{"time":46,"var":"vfx.hglitch.strength","type":"ease","value":3,"angle":180},{"time":46,"var":"vfx.hwaves.strength","type":"ease","value":3,"angle":225},{"time":46.25,"var":"vfx.hglitch.strength","type":"ease","value":0,"angle":180},{"time":46.25,"var":"vfx.hwaves.strength","type":"ease","value":0,"angle":225},{"time":47,"var":"vfx.hglitch.strength","type":"ease","value":3,"angle":180},{"time":47,"var":"vfx.hwaves.strength","type":"ease","value":3,"angle":225},{"time":47.25,"var":"vfx.hglitch.strength","type":"ease","value":0,"angle":180},{"time":47.25,"var":"vfx.hwaves.strength","type":"ease","value":0,"angle":225},{"time":54,"var":"vfx.hglitch.strength","type":"ease","value":3,"angle":180},{"time":54,"var":"vfx.hwaves.strength","type":"ease","value":3,"angle":225},{"time":54.25,"var":"vfx.hglitch.strength","type":"ease","value":0,"angle":180},{"time":54.25,"var":"vfx.hwaves.strength","type":"ease","value":0,"angle":225},{"time":55,"var":"vfx.hglitch.strength","type":"ease","value":3,"angle":180},{"time":55,"var":"vfx.hwaves.strength","type":"ease","value":3,"angle":225},{"time":55.25,"var":"vfx.hglitch.strength","type":"ease","value":0,"angle":180},{"time":55.25,"var":"vfx.hwaves.strength","type":"ease","value":0,"angle":225},{"time":62,"var":"vfx.hglitch.strength","type":"ease","value":3,"angle":157.5},{"time":62,"var":"vfx.hwaves.strength","type":"ease","value":3,"angle":202.5},{"time":62.25,"var":"vfx.hglitch.strength","type":"ease","value":0,"angle":157.5},{"time":62.25,"var":"vfx.hwaves.strength","type":"ease","value":0,"angle":202.5},{"time":63,"var":"vfx.hglitch.strength","type":"ease","value":3,"angle":157.5},{"time":63,"var":"vfx.hwaves.strength","type":"ease","value":3,"angle":202.5},{"time":63.25,"var":"vfx.hglitch.strength","type":"ease","value":0,"angle":157.5},{"time":63.25,"var":"vfx.hwaves.strength","type":"ease","value":0,"angle":202.5},{"time":250,"var":"vfx.hglitch.strength","value":3,"type":"ease","angle":180},{"time":250,"var":"vfx.hwaves.strength","type":"ease","value":3,"angle":225},{"time":250.25,"var":"vfx.hglitch.strength","type":"ease","value":0,"angle":180},{"time":250.25,"var":"vfx.hwaves.strength","type":"ease","value":0,"angle":225},{"time":251,"var":"vfx.hglitch.strength","type":"ease","value":3,"angle":180},{"time":251,"var":"vfx.hwaves.strength","type":"ease","value":3,"angle":225},{"time":251.25,"var":"vfx.hglitch.strength","type":"ease","value":0,"angle":180},{"time":251.25,"var":"vfx.hwaves.strength","type":"ease","value":0,"angle":225},{"time":258,"var":"vfx.hglitch.strength","type":"ease","value":3,"angle":180},{"time":258,"var":"vfx.hwaves.strength","type":"ease","value":3,"angle":225},{"time":258.25,"var":"vfx.hglitch.strength","type":"ease","value":0,"angle":180},{"time":258.25,"var":"vfx.hwaves.strength","type":"ease","value":0,"angle":225},{"time":259,"var":"vfx.hglitch.strength","type":"ease","value":3,"angle":180},{"time":259,"var":"vfx.hwaves.strength","type":"ease","value":3,"angle":225},{"time":259.25,"var":"vfx.hglitch.strength","type":"ease","value":0,"angle":180},{"time":259.25,"var":"vfx.hwaves.strength","type":"ease","value":0,"angle":225},{"time":266,"var":"vfx.hglitch.strength","type":"ease","value":3,"angle":180},{"time":266,"var":"vfx.hwaves.strength","type":"ease","value":3,"angle":225},{"time":266.25,"var":"vfx.hglitch.strength","type":"ease","value":0,"angle":180},{"time":266.25,"var":"vfx.hwaves.strength","type":"ease","value":0,"angle":225},{"time":267,"var":"vfx.hglitch.strength","type":"ease","value":3,"angle":180},{"time":267,"var":"vfx.hwaves.strength","type":"ease","value":3,"angle":225},{"time":267.25,"var":"vfx.hglitch.strength","type":"ease","value":0,"angle":180},{"time":267.25,"var":"vfx.hwaves.strength","type":"ease","value":0,"angle":225},{"time":274,"var":"vfx.hglitch.strength","type":"ease","value":3,"angle":157.5},{"time":274,"var":"vfx.hwaves.strength","type":"ease","value":3,"angle":202.5},{"time":274.25,"var":"vfx.hglitch.strength","type":"ease","value":0,"angle":157.5},{"time":274.25,"var":"vfx.hwaves.strength","type":"ease","value":0,"angle":202.5},{"time":275,"var":"vfx.hglitch.strength","type":"ease","value":3,"angle":157.5},{"time":275,"var":"vfx.hwaves.strength","type":"ease","value":3,"angle":202.5},{"time":275.25,"var":"vfx.hglitch.strength","type":"ease","value":0,"angle":157.5},{"time":275.25,"var":"vfx.hwaves.strength","type":"ease","value":0,"angle":202.5},{"time":630,"var":"vfx.hglitch.strength","type":"ease","value":3,"angle":180},{"time":630,"var":"vfx.hwaves.strength","type":"ease","value":3,"angle":225},{"time":630.25,"var":"vfx.hglitch.strength","type":"ease","value":0,"angle":180},{"time":630.25,"var":"vfx.hwaves.strength","type":"ease","value":0,"angle":225},{"time":631,"var":"vfx.hglitch.strength","type":"ease","value":3,"angle":180},{"time":631,"var":"vfx.hwaves.strength","type":"ease","value":3,"angle":225},{"time":631.25,"var":"vfx.hglitch.strength","type":"ease","value":0,"angle":180},{"time":631.25,"var":"vfx.hwaves.strength","type":"ease","value":0,"angle":225},{"time":638,"var":"vfx.hglitch.strength","type":"ease","value":3,"angle":180},{"time":638,"var":"vfx.hwaves.strength","type":"ease","value":3,"angle":225},{"time":638.25,"var":"vfx.hglitch.strength","type":"ease","value":0,"angle":180},{"time":638.25,"var":"vfx.hwaves.strength","type":"ease","value":0,"angle":225},{"time":639,"var":"vfx.hglitch.strength","type":"ease","value":3,"angle":180},{"time":639,"var":"vfx.hwaves.strength","type":"ease","value":3,"angle":225},{"time":639.25,"var":"vfx.hglitch.strength","type":"ease","value":0,"angle":180},{"time":639.25,"var":"vfx.hwaves.strength","type":"ease","value":0,"angle":225},{"time":646,"var":"vfx.hglitch.strength","type":"ease","value":3,"angle":180},{"time":646,"var":"vfx.hwaves.strength","type":"ease","value":3,"angle":225},{"time":646.25,"var":"vfx.hglitch.strength","type":"ease","value":0,"angle":180},{"time":646.25,"var":"vfx.hwaves.strength","type":"ease","value":0,"angle":225},{"time":647,"var":"vfx.hglitch.strength","type":"ease","value":3,"angle":180},{"time":647,"var":"vfx.hwaves.strength","type":"ease","value":3,"angle":225},{"time":647.25,"var":"vfx.hglitch.strength","type":"ease","value":0,"angle":180},{"time":647.25,"var":"vfx.hwaves.strength","type":"ease","value":0,"angle":225},{"time":654,"var":"vfx.hglitch.strength","type":"ease","value":3,"angle":157.5},{"time":654,"var":"vfx.hwaves.strength","type":"ease","value":3,"angle":202.5},{"time":654.25,"var":"vfx.hglitch.strength","type":"ease","value":0,"angle":157.5},{"time":654.25,"var":"vfx.hwaves.strength","type":"ease","value":0,"angle":202.5},{"time":655,"var":"vfx.hglitch.strength","type":"ease","value":3,"angle":157.5},{"time":655,"var":"vfx.hwaves.strength","type":"ease","value":3,"angle":202.5},{"time":655.25,"var":"vfx.hglitch.strength","type":"ease","value":0,"angle":157.5},{"time":655.25,"var":"vfx.hwaves.strength","type":"ease","value":0,"angle":202.5},{"duration":1,"angle":225,"time":540,"var":"vfx.canvPos.sx","type":"ease","start":1.0499999523163,"value":1,"ease":"outSine"},{"duration":1,"angle":240,"time":540,"var":"vfx.canvPos.sy","value":1,"start":1.0499999523163,"type":"ease","ease":"outSine"},{"duration":1,"angle":225,"time":540.75,"var":"vfx.canvPos.sx","value":1,"start":1.0499999523163,"type":"ease","ease":"outSine"},{"duration":1,"angle":240,"time":540.75,"var":"vfx.canvPos.sy","type":"ease","start":1.0499999523163,"value":1,"ease":"outSine"},{"duration":1,"angle":225,"time":541.5,"var":"vfx.canvPos.sx","value":1,"start":1.0499999523163,"type":"ease","ease":"outSine"},{"duration":1,"angle":240,"time":541.5,"var":"vfx.canvPos.sy","type":"ease","start":1.0499999523163,"value":1,"ease":"outSine"},{"duration":1,"angle":225,"time":542.5,"var":"vfx.canvPos.sx","value":1,"start":1.0499999523163,"type":"ease","ease":"outSine"},{"duration":1,"angle":240,"time":542.5,"var":"vfx.canvPos.sy","type":"ease","start":1.0499999523163,"value":1,"ease":"outSine"}],"metadata":{"songName":"Pico Pico Adventure","description":"In a galaxy far, far away, there were a lot of sides and holds.\n\n","difficulty":10,"artistLink":"","bg":false,"artist":"Mr. Asyu","charter":"JustAnAmpharos"}}