[{"angle":270,"type":"block","time":0},{"angle":180,"type":"block","time":4},{"angle":112.5,"type":"block","time":5.5},{"angle":90,"type":"block","time":6},{"angle":315,"type":"block","time":6.75},{"angle":270,"type":"block","time":7.5},{"type":"block","tap":true,"angle":225,"time":8},{"duration":3.5,"type":"hold","angle":202.5,"angle2":247.5,"time":8},{"duration":3.75,"type":"hold","angle":247.5,"angle2":225,"time":8},{"duration":4,"type":"hold","angle":292.5,"angle2":202.5,"time":0},{"duration":4,"type":"hold","angle":247.5,"angle2":157.5,"time":0},{"angle":202.5,"type":"block","time":12},{"angle":135,"type":"block","time":13.5},{"angle":112.5,"type":"block","time":14},{"angle":67.5,"type":"block","time":14.75},{"angle":360,"type":"block","time":15.5},{"type":"block","tap":true,"angle":292.5,"time":16},{"duration":4,"type":"hold","angle":315,"angle2":292.5,"time":16},{"duration":4,"type":"hold","angle":270,"angle2":315,"time":16},{"angle":270,"type":"extraTap","time":20},{"angle":67.5,"type":"block","time":23.5},{"angle":45,"type":"block","time":23.75},{"type":"block","tap":true,"angle":22.5,"time":24},{"angle":292.5,"type":"block","time":24.75},{"angle":180,"type":"block","time":25.5},{"angle":67.5,"type":"block","time":28},{"angle":112.5,"type":"block","time":28.75},{"angle":202.5,"type":"block","time":29.5},{"angle":180,"type":"block","time":30},{"angle":247.5,"type":"block","time":30.75},{"angle":247.5,"type":"block","time":31.5},{"type":"block","tap":true,"angle":270,"time":32},{"duration":3.5,"type":"hold","angle":247.5,"angle2":225,"time":32},{"duration":2.75,"type":"hold","angle":292.5,"angle2":270,"time":32},{"angle":270,"type":"block","time":33.5},{"angle":247.5,"type":"block","time":34},{"angle":90,"type":"block","time":37.5},{"angle":225,"type":"block","time":39.5},{"angle":270,"type":"block","time":39.75},{"type":"block","tap":true,"angle":292.5,"time":40},{"angle":22.5,"type":"block","time":40.75},{"angle":90,"type":"block","time":41.5},{"angle":270,"type":"block","time":44},{"angle":225,"type":"block","time":44.75},{"angle":180,"type":"block","time":45.5},{"angle":202.5,"type":"block","time":46},{"angle":90,"type":"block","time":46.75},{"angle":135,"type":"block","time":47.5},{"type":"block","tap":true,"angle":180,"time":48},{"duration":5.25,"type":"hold","angle":202.5,"angle2":180,"time":48},{"duration":4.5,"type":"hold","angle":157.5,"angle2":135,"time":48},{"angle":157.5,"type":"block","time":54},{"angle":180,"type":"block","time":49},{"angle":157.5,"type":"block","time":50},{"angle":157.5,"type":"block","time":51},{"angle":180,"type":"block","time":51.5},{"angle":90,"type":"block","time":55.75},{"angle":112.5,"type":"block","time":55.5},{"type":"block","tap":true,"angle":67.5,"time":56},{"angle":315,"type":"block","time":57.5},{"angle":270,"type":"block","time":58},{"angle":22.5,"type":"block","time":59.5},{"angle":337.5,"type":"block","time":58.75},{"angle":90,"type":"block","time":61.5},{"angle":112.5,"type":"block","time":61.75},{"angle":135,"type":"block","time":62},{"angle":247.5,"type":"block","time":62.75},{"angle":135,"type":"block","time":63.5}]