{"metadata":{"difficulty":3,"artist":"Toby Fox","bg":true,"songName":"Hip Shop","artistLink":"","bgData":{"image":"kardbg.png","redChannel":{"g":5,"r":5,"b":14},"blueChannel":{"g":111,"r":123,"b":150}},"description":"Easy","charter":"dufuzatto"},"properties":{"startBeat":0,"formatversion":12,"loadBeat":-1,"offset":8,"speed":90},"events":[{"type":"play","volume":1,"angle":112.5,"file":"skibidirouls.ogg","bpm":97,"time":-0},{"duration":0,"ease":"linear","type":"paddles","angle":360,"time":-1,"paddle":1,"newWidth":120},{"angle":180,"type":"showResults","time":63.5},{"id":"rouls","y":180,"sprite":"kard.png","recolor":2,"ox":300,"oy":180,"type":"deco","angle":22.5,"x":300,"drawLayer":"bg","time":-1},{"b":255,"g":221,"duration":5,"ease":"outExpo","type":"setColor","angle":360,"color":0,"r":232,"time":0.5},{"color":0,"angle":22.5,"type":"outline","enable":true,"time":0},{"b":136,"g":96,"duration":5,"ease":"outExpo","type":"setColor","angle":315,"color":2,"r":108,"time":0.5},{"type":"setBgColor","angle":45,"color":1,"time":-1},{"b":8,"g":3,"duration":5,"ease":"outExpo","type":"setColor","angle":337.5,"color":1,"r":4,"time":0.5},{"b":0,"type":"setColor","color":2,"angle":315,"g":0,"r":0,"time":-1},{"type":"setColor","angle":337.5,"color":1,"time":-1},{"value":1.5,"ease":"outExpo","var":"vfx.vwaves.strength","angle":45,"type":"ease","duration":2,"time":-0},{"value":100,"var":"vfx.vwaves.offsetDelta","angle":67.5,"type":"ease","time":0},{"value":50,"var":"vfx.vwaves.period","angle":90,"type":"ease","time":0},{"value":0,"type":"ease","duration":8,"ease":"outExpo","var":"vfx.hglitch.strength","angle":225,"start":5,"time":0},{"value":0,"type":"ease","duration":8,"ease":"outExpo","var":"vfx.hglitch.strength","angle":180,"start":5,"time":8},{"value":0,"type":"ease","duration":8,"ease":"outExpo","var":"vfx.hglitch.strength","angle":225,"start":5,"time":16},{"value":0,"type":"ease","duration":8,"ease":"outExpo","var":"vfx.hglitch.strength","angle":225,"start":5,"time":32},{"value":0,"type":"ease","duration":8,"ease":"outExpo","var":"vfx.hglitch.strength","angle":225,"start":5,"time":48},{"b":255,"type":"setColor","color":0,"angle":360,"g":255,"r":255,"time":0},{"b":172,"type":"setColor","color":2,"angle":315,"g":130,"r":144,"time":0},{"b":13,"type":"setColor","color":1,"angle":337.5,"g":5,"r":7,"time":0},{"b":255,"g":221,"duration":5,"ease":"outExpo","type":"setColor","angle":360,"color":0,"r":232,"time":8.5},{"b":136,"g":96,"duration":5,"ease":"outExpo","type":"setColor","angle":315,"color":2,"r":108,"time":8.5},{"b":8,"g":3,"duration":5,"ease":"outExpo","type":"setColor","angle":337.5,"color":1,"r":4,"time":8.5},{"b":255,"type":"setColor","color":0,"angle":360,"g":255,"r":255,"time":8},{"b":172,"type":"setColor","color":2,"angle":315,"g":130,"r":144,"time":8},{"b":13,"type":"setColor","color":1,"angle":337.5,"g":5,"r":7,"time":8},{"b":255,"g":221,"duration":5,"ease":"outExpo","type":"setColor","angle":405,"color":0,"r":232,"time":16.5},{"b":136,"g":96,"duration":5,"ease":"outExpo","type":"setColor","angle":360,"color":2,"r":108,"time":16.5},{"b":8,"g":3,"duration":5,"ease":"outExpo","type":"setColor","angle":382.5,"color":1,"r":4,"time":16.5},{"b":255,"type":"setColor","color":0,"angle":405,"g":255,"r":255,"time":16},{"b":172,"type":"setColor","color":2,"angle":360,"g":130,"r":144,"time":16},{"b":13,"type":"setColor","color":1,"angle":382.5,"g":5,"r":7,"time":16},{"b":255,"g":221,"duration":5,"ease":"outExpo","type":"setColor","angle":382.5,"color":0,"r":232,"time":20.5},{"b":136,"g":96,"duration":5,"ease":"outExpo","type":"setColor","angle":337.5,"color":2,"r":108,"time":20.5},{"b":8,"g":3,"duration":5,"ease":"outExpo","type":"setColor","angle":360,"color":1,"r":4,"time":20.5},{"b":255,"type":"setColor","color":0,"angle":382.5,"g":255,"r":255,"time":20},{"b":172,"type":"setColor","color":2,"angle":337.5,"g":130,"r":144,"time":20},{"b":13,"type":"setColor","color":1,"angle":360,"g":5,"r":7,"time":20},{"b":255,"g":221,"duration":5,"ease":"outExpo","type":"setColor","angle":360,"color":0,"r":232,"time":32.5},{"b":136,"g":96,"duration":5,"ease":"outExpo","type":"setColor","angle":315,"color":2,"r":108,"time":32.5},{"b":8,"g":3,"duration":5,"ease":"outExpo","type":"setColor","angle":337.5,"color":1,"r":4,"time":32.5},{"b":255,"type":"setColor","color":0,"angle":360,"g":255,"r":255,"time":32},{"b":172,"type":"setColor","color":2,"angle":315,"g":130,"r":144,"time":32},{"b":13,"type":"setColor","color":1,"angle":337.5,"g":5,"r":7,"time":32},{"b":255,"g":221,"duration":5,"ease":"outExpo","type":"setColor","angle":360,"color":0,"r":232,"time":48.5},{"b":136,"g":96,"duration":5,"ease":"outExpo","type":"setColor","angle":315,"color":2,"r":108,"time":48.5},{"b":8,"g":3,"duration":5,"ease":"outExpo","type":"setColor","angle":337.5,"color":1,"r":4,"time":48.5},{"b":255,"type":"setColor","color":0,"angle":360,"g":255,"r":255,"time":48},{"b":172,"type":"setColor","color":2,"angle":315,"g":130,"r":144,"time":48},{"b":13,"type":"setColor","color":1,"angle":337.5,"g":5,"r":7,"time":48},{"b":255,"g":255,"duration":2,"ease":"inOutExpo","type":"setColor","angle":202.5,"color":0,"r":255,"time":63},{"b":136,"g":96,"duration":5,"ease":"outExpo","type":"setColor","angle":315,"color":2,"r":108,"time":4.5},{"b":8,"g":3,"duration":5,"ease":"outExpo","type":"setColor","angle":337.5,"color":1,"r":4,"time":4.5},{"b":207,"type":"setColor","color":2,"angle":315,"g":172,"r":184,"time":4},{"b":9,"type":"setColor","color":1,"angle":337.5,"g":3,"r":5,"time":4},{"b":136,"g":96,"duration":5,"ease":"outExpo","type":"setColor","angle":360,"color":2,"r":108,"time":6.5},{"b":8,"g":3,"duration":5,"ease":"outExpo","type":"setColor","angle":382.5,"color":1,"r":4,"time":6.5},{"b":207,"type":"setColor","color":2,"angle":360,"g":172,"r":184,"time":6},{"b":9,"type":"setColor","color":1,"angle":382.5,"g":3,"r":5,"time":6},{"b":136,"g":96,"duration":5,"ease":"outExpo","type":"setColor","angle":315,"color":2,"r":108,"time":12.5},{"b":8,"g":3,"duration":5,"ease":"outExpo","type":"setColor","angle":337.5,"color":1,"r":4,"time":12.5},{"b":207,"type":"setColor","color":2,"angle":315,"g":172,"r":184,"time":12},{"b":9,"type":"setColor","color":1,"angle":337.5,"g":3,"r":5,"time":12},{"b":136,"g":96,"duration":5,"ease":"outExpo","type":"setColor","angle":315,"color":2,"r":108,"time":14.5},{"b":8,"g":3,"duration":5,"ease":"outExpo","type":"setColor","angle":337.5,"color":1,"r":4,"time":14.5},{"b":207,"type":"setColor","color":2,"angle":315,"g":172,"r":184,"time":14},{"b":9,"type":"setColor","color":1,"angle":337.5,"g":3,"r":5,"time":14},{"b":136,"g":96,"duration":5,"ease":"outExpo","type":"setColor","angle":315,"color":2,"r":108,"time":24.5},{"b":8,"g":3,"duration":5,"ease":"outExpo","type":"setColor","angle":337.5,"color":1,"r":4,"time":24.5},{"b":207,"type":"setColor","color":2,"angle":315,"g":172,"r":184,"time":24},{"b":9,"type":"setColor","color":1,"angle":337.5,"g":3,"r":5,"time":24},{"b":136,"g":96,"duration":5,"ease":"outExpo","type":"setColor","angle":315,"color":2,"r":108,"time":28.5},{"b":8,"g":3,"duration":5,"ease":"outExpo","type":"setColor","angle":337.5,"color":1,"r":4,"time":28.5},{"b":207,"type":"setColor","color":2,"angle":315,"g":172,"r":184,"time":28},{"b":9,"type":"setColor","color":1,"angle":337.5,"g":3,"r":5,"time":28},{"b":136,"g":96,"duration":5,"ease":"outExpo","type":"setColor","angle":315,"color":2,"r":108,"time":30.5},{"b":8,"g":3,"duration":5,"ease":"outExpo","type":"setColor","angle":337.5,"color":1,"r":4,"time":30.5},{"b":207,"type":"setColor","color":2,"angle":315,"g":172,"r":184,"time":30},{"b":9,"type":"setColor","color":1,"angle":337.5,"g":3,"r":5,"time":30},{"b":136,"g":96,"duration":5,"ease":"outExpo","type":"setColor","angle":315,"color":2,"r":108,"time":36},{"b":8,"g":3,"duration":5,"ease":"outExpo","type":"setColor","angle":337.5,"color":1,"r":4,"time":36},{"b":207,"type":"setColor","color":2,"angle":315,"g":172,"r":184,"time":35.5},{"b":9,"type":"setColor","color":1,"angle":337.5,"g":3,"r":5,"time":35.5},{"b":136,"g":96,"duration":5,"ease":"outExpo","type":"setColor","angle":315,"color":2,"r":108,"time":38},{"b":8,"g":3,"duration":5,"ease":"outExpo","type":"setColor","angle":337.5,"color":1,"r":4,"time":38},{"b":207,"type":"setColor","color":2,"angle":315,"g":172,"r":184,"time":37.5},{"b":9,"type":"setColor","color":1,"angle":337.5,"g":3,"r":5,"time":37.5},{"b":136,"g":96,"duration":5,"ease":"outExpo","type":"setColor","angle":315,"color":2,"r":108,"time":40.5},{"b":8,"g":3,"duration":5,"ease":"outExpo","type":"setColor","angle":337.5,"color":1,"r":4,"time":40.5},{"b":207,"type":"setColor","color":2,"angle":315,"g":172,"r":184,"time":40},{"b":9,"type":"setColor","color":1,"angle":337.5,"g":3,"r":5,"time":40},{"b":136,"g":96,"duration":5,"ease":"outExpo","type":"setColor","angle":315,"color":2,"r":108,"time":44.5},{"b":8,"g":3,"duration":5,"ease":"outExpo","type":"setColor","angle":337.5,"color":1,"r":4,"time":44.5},{"b":207,"type":"setColor","color":2,"angle":315,"g":172,"r":184,"time":44},{"b":9,"type":"setColor","color":1,"angle":337.5,"g":3,"r":5,"time":44},{"b":136,"g":96,"duration":5,"ease":"outExpo","type":"setColor","angle":315,"color":2,"r":108,"time":46.5},{"b":8,"g":3,"duration":5,"ease":"outExpo","type":"setColor","angle":337.5,"color":1,"r":4,"time":46.5},{"b":207,"type":"setColor","color":2,"angle":315,"g":172,"r":184,"time":46},{"b":9,"type":"setColor","color":1,"angle":337.5,"g":3,"r":5,"time":46},{"b":136,"g":96,"duration":5,"ease":"outExpo","type":"setColor","angle":315,"color":2,"r":108,"time":53},{"b":8,"g":3,"duration":5,"ease":"outExpo","type":"setColor","angle":337.5,"color":1,"r":4,"time":53},{"b":207,"type":"setColor","color":2,"angle":315,"g":172,"r":184,"time":52.5},{"b":9,"type":"setColor","color":1,"angle":337.5,"g":3,"r":5,"time":52.5},{"b":136,"g":96,"duration":5,"ease":"outExpo","type":"setColor","angle":315,"color":2,"r":108,"time":54.5},{"b":8,"g":3,"duration":5,"ease":"outExpo","type":"setColor","angle":337.5,"color":1,"r":4,"time":54.5},{"b":207,"type":"setColor","color":2,"angle":315,"g":172,"r":184,"time":54},{"b":9,"type":"setColor","color":1,"angle":337.5,"g":3,"r":5,"time":54},{"b":136,"g":96,"duration":5,"ease":"outExpo","type":"setColor","angle":315,"color":2,"r":108,"time":56.5},{"b":8,"g":3,"duration":5,"ease":"outExpo","type":"setColor","angle":337.5,"color":1,"r":4,"time":56.5},{"b":207,"type":"setColor","color":2,"angle":315,"g":172,"r":184,"time":56},{"b":9,"type":"setColor","color":1,"angle":337.5,"g":3,"r":5,"time":56},{"b":136,"g":96,"duration":5,"ease":"outExpo","type":"setColor","angle":315,"color":2,"r":108,"time":60},{"b":8,"g":3,"duration":5,"ease":"outExpo","type":"setColor","angle":337.5,"color":1,"r":4,"time":60},{"b":207,"type":"setColor","color":2,"angle":315,"g":172,"r":184,"time":59.5},{"b":9,"type":"setColor","color":1,"angle":337.5,"g":3,"r":5,"time":59.5},{"b":136,"g":96,"duration":5,"ease":"outExpo","type":"setColor","angle":315,"color":2,"r":108,"time":62.5},{"b":8,"g":3,"duration":5,"ease":"outExpo","type":"setColor","angle":337.5,"color":1,"r":4,"time":62.5},{"b":207,"type":"setColor","color":2,"angle":315,"g":172,"r":184,"time":62},{"b":9,"type":"setColor","color":1,"angle":337.5,"g":3,"r":5,"time":62}]}