{"events":[{"bpm":90,"type":"play","offset":0.20000000298023,"file":"E minor.ogg","time":0,"volume":1,"angle":292.5},{"time":18.066850662231,"type":"showResults","angle":270},{"spriteName":"idle","time":0,"type":"forcePlayerSprite","angle":0},{"spriteName":"happy","time":4.1657686233521,"type":"forcePlayerSprite","angle":270},{"spriteName":"eepy.png","time":11.615852355957,"type":"forcePlayerSprite","angle":315},{"type":"setColor","color":0,"time":11.975628852844,"angle":337.5},{"sprite":"zzz@3","x":300,"y":110,"type":"deco","time":11.793789863586,"id":"zzz","angle":292.5},{"type":"deco","hide":true,"time":18.885234832764,"id":"zzz","angle":292.5}],"metadata":{"description":"Yeah! E minor! All right! Yeah!\n\n\n","artistLink":"https://www.youtube.com/watch?v=X21R6tpeaJs","songName":"Solitude in E Minor","artist":"Squidward J. Q. Tentacles","difficulty":-1,"bg":false,"charter":"Random22"},"properties":{"startingBeat":0,"loadBeat":0,"offset":8,"speed":70,"formatversion":13}}