[{"time":3.75,"type":"block","angle":315},{"time":2,"type":"block","angle":45},{"time":4.5,"type":"block","angle":292.5},{"time":6,"type":"block","angle":225},{"time":7.75,"type":"block","angle":135},{"time":8.5,"type":"block","angle":112.5},{"time":10.75,"type":"side","angle":11.25},{"time":11.5,"type":"side","angle":348.75},{"time":12,"type":"side","angle":11.25},{"time":12.5,"type":"side","angle":348.75},{"time":15,"type":"side","angle":168.75},{"time":15.75,"type":"side","angle":191.25},{"time":16.5,"type":"side","angle":168.75},{"type":"block","time":18,"speedMult":2,"angle":0},{"time":19.75,"type":"block","angle":180},{"type":"block","time":20,"speedMult":2,"angle":180},{"type":"block","time":20,"speedMult":2,"angle":174.375},{"type":"block","time":20,"speedMult":2,"angle":185.625},{"type":"block","time":18,"speedMult":2,"angle":5.625},{"type":"block","time":18,"speedMult":2,"angle":354.375},{"time":20.5,"type":"block","angle":180},{"type":"block","time":22,"speedMult":2,"angle":90},{"type":"block","time":22,"speedMult":2,"angle":84.375},{"type":"block","time":22,"speedMult":2,"angle":95.625},{"time":23.75,"type":"block","angle":270},{"type":"block","time":24,"speedMult":2,"angle":275.625},{"type":"block","time":24,"speedMult":2,"angle":270},{"type":"block","time":24,"speedMult":2,"angle":264.375},{"time":24.5,"type":"block","angle":270},{"time":18,"type":"block","angle":0},{"time":22,"type":"block","angle":90},{"time":26,"type":"block","angle":236.25},{"time":26.75,"type":"side","angle":213.75},{"time":27.5,"type":"side","angle":213.75},{"time":28,"type":"block","angle":247.5},{"time":28.5,"type":"side","angle":213.75},{"time":30,"type":"block","angle":45},{"time":31,"type":"side","angle":56.25},{"time":31.75,"type":"side","angle":67.5},{"time":32.5,"type":"side","angle":56.25},{"type":"hold","holdEase":"linear","duration":1,"time":83,"angle2":630,"angle":270,"startTap":true},{"endTap":true,"type":"hold","angle2":-358,"time":34,"duration":0,"angle":180,"startTap":true},{"time":35.75,"type":"block","angle":180},{"time":36.5,"type":"block","angle":157.5},{"time":38,"type":"block","angle":315},{"time":39.75,"type":"block","angle":337.5},{"time":40.5,"type":"block","angle":292.5},{"time":42.75,"type":"side","angle":90},{"time":43.5,"type":"side","angle":67.5},{"time":44,"type":"side","angle":45},{"time":44.5,"type":"side","angle":22.5},{"time":46,"type":"extraTap","angle":0},{"time":47,"type":"side","angle":247.5},{"time":47.75,"type":"side","angle":225},{"time":48.5,"type":"side","angle":202.5},{"type":"block","tap":true,"time":50,"angle":0},{"type":"block","time":51.75,"speedMult":0.89999997615814,"angle":240},{"type":"block","time":52.5,"speedMult":0.80000001192093,"angle":120},{"type":"block","tap":true,"time":54,"speedMult":0.69999998807907,"angle":60},{"type":"block","time":55.75,"speedMult":0.60000002384186,"angle":300},{"type":"block","time":56.5,"speedMult":0.5,"angle":180},{"time":37,"type":"extraTap","angle":0},{"time":42,"type":"extraTap","angle":0},{"type":"hold","holdEase":"linear","duration":1,"time":81,"angle2":-120,"angle":240,"startTap":true},{"type":"hold","holdEase":"linear","duration":1,"time":87,"angle2":690,"angle":330,"startTap":true},{"type":"hold","holdEase":"linear","duration":1,"time":85,"angle2":-60,"angle":300,"startTap":true},{"time":58,"type":"extraTap","angle":180},{"time":58.75,"type":"side","angle":180},{"time":59.5,"type":"side","angle":180},{"time":60,"type":"side","angle":180},{"time":60.5,"type":"side","angle":180},{"time":63,"type":"side","angle":0},{"time":63.75,"type":"side","angle":0},{"type":"mineHold","angle2":67.5,"time":57,"angle":0,"duration":1},{"type":"mineHold","angle2":-67.5,"time":57,"angle":0,"duration":1},{"segments":1,"duration":2.75,"time":58,"type":"mineHold","angle":67.5,"angle2":90},{"type":"mineHold","angle2":270,"time":58,"duration":2.75,"angle":292.5,"segments":1},{"type":"mineHold","angle2":450,"time":60.75,"angle":270,"duration":0},{"type":"mineHold","angle2":247.5,"time":61.5,"angle":180,"duration":1},{"type":"mineHold","angle2":112.5,"time":61.5,"angle":180,"duration":1},{"segments":1,"duration":2.5,"time":62.5,"type":"mineHold","angle":112.5,"angle2":90},{"segments":1,"duration":2.5,"time":62.5,"type":"mineHold","angle":247.5,"angle2":270},{"type":"mineHold","angle2":33.75,"time":65,"angle":326.25,"duration":0},{"time":65,"type":"block","angle":360},{"type":"block","tap":true,"time":65.75,"angle":360},{"time":66.5,"type":"block","angle":0},{"type":"block","tap":true,"time":67,"angle":30},{"time":67.75,"type":"block","angle":30},{"type":"block","tap":true,"time":68.5,"angle":30},{"time":69,"type":"block","angle":60},{"type":"block","tap":true,"time":69.75,"angle":60},{"type":"block","tap":true,"time":70.5,"angle":60},{"type":"block","tap":true,"time":71,"angle":90},{"type":"block","tap":true,"time":71.75,"angle":90},{"time":72.5,"type":"block","angle":90},{"type":"block","tap":true,"time":73,"angle":120},{"type":"block","tap":true,"time":73.75,"angle":120},{"type":"block","tap":true,"time":74.5,"angle":120},{"time":75,"type":"block","angle":150},{"time":75.75,"type":"block","angle":150},{"time":76.5,"type":"block","angle":150},{"type":"block","tap":true,"time":77,"angle":180},{"time":77.75,"type":"block","angle":180},{"type":"block","tap":true,"time":78.5,"angle":180},{"type":"block","tap":true,"time":79,"angle":210},{"time":79.75,"type":"block","angle":210},{"time":80.5,"type":"block","angle":240},{"time":81.75,"type":"block","angle":240},{"time":82.5,"type":"block","angle":270},{"time":83.75,"type":"block","angle":270},{"time":84.5,"type":"block","angle":300},{"time":85.75,"type":"block","angle":300},{"time":86.5,"type":"block","angle":330},{"time":87.75,"type":"block","angle":330},{"type":"mineHold","angle2":56.25,"time":65,"angle":33.75,"duration":1},{"type":"mineHold","angle2":303.75,"time":65,"angle":326.25,"duration":1},{"type":"mineHold","angle2":510,"time":66,"angle":303.75,"duration":14.5},{"type":"mineHold","angle2":330,"time":66,"angle":56.25,"duration":14.5},{"time":88.5,"type":"block","angle":0},{"type":"hold","holdEase":"inSine","duration":6,"time":89,"angle":0,"angle2":360},{"type":"hold","angle2":11.25,"time":90,"angle":11.25,"duration":0},{"type":"hold","angle2":48.75,"time":91,"angle":48.625,"duration":0},{"type":"hold","angle2":105,"time":92,"angle":105,"duration":0},{"type":"hold","angle2":180,"time":93,"angle":180,"duration":0},{"type":"hold","angle2":28.125,"time":90.5,"angle":28.125,"duration":0},{"type":"hold","angle2":75,"time":91.5,"angle":75,"duration":0},{"type":"hold","angle2":140.625,"time":92.5,"angle":140.625,"duration":0},{"type":"hold","angle2":202.5,"time":93.25,"angle":202.5,"duration":0},{"type":"hold","angle2":222.18800354004,"time":93.5,"angle":222.1875,"duration":0},{"type":"hold","angle2":244.68800354004,"time":93.75,"angle":244.6875,"duration":0},{"type":"hold","angle2":2.8120000362396,"time":89.5,"angle":2.8125,"duration":0},{"type":"hold","angle2":267.18798828125,"time":94,"angle":267.1875,"duration":0},{"type":"hold","angle2":289.6875,"time":94.25,"angle":289.6875,"duration":0},{"type":"hold","angle2":312.1875,"time":94.5,"angle":312.1875,"duration":0},{"type":"hold","angle2":337.5,"time":94.75,"angle":337.5,"duration":0},{"time":95,"type":"extraTap","angle":180},{"time":95.75,"type":"extraTap","angle":180},{"time":96.5,"type":"extraTap","angle":180},{"time":95.75,"type":"block","angle":120},{"time":96.5,"type":"block","angle":240},{"type":"hold","holdEase":"outCirc","duration":1,"time":97,"angle":247.5,"angle2":292.5},{"time":98.5,"type":"side","angle":326.25},{"time":98.5,"type":"side","angle":348.75},{"time":98.25,"type":"block","angle":292.5},{"time":99,"type":"block","angle":33.75},{"time":99.5,"type":"block","angle":78.75},{"time":100,"type":"side","angle":315},{"time":101.25,"type":"block","angle":146.25},{"time":101.5,"type":"block","angle":112.5},{"time":101.75,"type":"block","angle":78.75},{"time":102,"type":"block","angle":45},{"endTap":true,"type":"hold","angle2":45,"time":101,"angle":180,"duration":1},{"time":102.5,"type":"block","angle":360},{"time":103,"type":"side","angle":270},{"time":103.75,"type":"side","angle":270},{"time":105,"type":"side","angle":270},{"type":"mineHold","angle2":-90,"time":103,"angle":180,"duration":3},{"type":"mineHold","angle2":90,"time":106,"angle":270,"duration":0.75},{"time":104.5,"type":"block","angle":303.75},{"time":106.5,"type":"block","angle":45},{"time":106,"type":"block","angle":90},{"time":106.25,"type":"block","angle":67.5},{"time":107.5,"type":"block","angle":337.5},{"time":107.75,"type":"block","angle":303.75},{"time":108.5,"type":"block","angle":236.25},{"time":109,"type":"block","angle":180},{"time":109.25,"type":"block","angle":146.25},{"time":109.5,"type":"block","angle":112.5},{"time":109.75,"type":"block","angle":78.75},{"time":110,"type":"block","angle":45},{"time":110.25,"type":"block","angle":11.25},{"time":110.5,"type":"block","angle":337.5},{"time":110.75,"type":"block","angle":303.75},{"time":111,"type":"block","angle":270},{"time":112,"type":"side","angle":90},{"time":113,"type":"side","angle":270},{"time":112.5,"type":"block","angle":360},{"time":113.5,"type":"block","angle":180},{"time":114,"type":"side","angle":90},{"time":111.5,"type":"block","angle":180},{"time":114.25,"type":"block","angle":45},{"time":114.5,"type":"block","angle":22.5},{"time":114.75,"type":"block","angle":0},{"time":115.5,"type":"side","angle":225},{"time":115.75,"type":"block","angle":180},{"time":116,"type":"block","angle":157.5},{"time":116.5,"type":"block","angle":135},{"endTap":true,"type":"hold","angle2":-90,"time":117,"angle":90,"duration":1},{"time":117.25,"type":"block","angle":45},{"time":117.5,"type":"block","angle":360},{"time":117.75,"type":"block","angle":315},{"time":119,"type":"side","angle":225},{"time":119.75,"type":"side","angle":225},{"time":120.5,"type":"side","angle":225},{"time":121,"type":"side","angle":225},{"type":"mineHold","angle2":495,"time":118,"angle":360,"duration":1},{"type":"mineHold","angle2":-45,"time":119,"angle":135,"duration":0},{"segments":1,"duration":1,"time":119,"type":"mineHold","angle":315,"angle2":292.5},{"type":"mineHold","angle2":135,"time":119,"duration":2,"angle":135,"segments":1},{"type":"mineHold","angle2":495,"time":120,"angle":292.5,"duration":1},{"time":122,"type":"block","angle":315},{"time":122.25,"type":"block","angle":337.5},{"time":122.5,"type":"block","angle":360},{"time":122.5,"type":"block","angle":22.5},{"time":122.5,"type":"block","angle":11.25},{"time":122.75,"type":"block","angle":33.75},{"time":123.5,"type":"side","angle":180},{"time":123.75,"type":"block","angle":213.75},{"time":124,"type":"block","angle":225},{"time":124.5,"type":"block","angle":213.75},{"time":125,"type":"block","angle":-450},{"time":125.25,"type":"block","angle":-416.25},{"time":125.5,"type":"block","angle":-382.5},{"time":125.75,"type":"block","angle":-348.75},{"time":126,"type":"block","angle":-315},{"time":126.25,"type":"block","angle":-281.25},{"time":126.5,"type":"block","angle":-607.5},{"time":126.75,"type":"block","angle":-573.75},{"time":127,"type":"block","angle":-540},{"time":127.5,"type":"block","angle":202.5},{"time":127.75,"type":"block","angle":213.75},{"time":128,"type":"block","angle":236.25},{"time":128.5,"type":"block","angle":270},{"time":128.75,"type":"block","angle":281.25},{"endTap":true,"type":"hold","holdEase":"outSine","angle2":540,"time":129,"angle":292.5,"duration":1},{"time":130.25,"type":"block","angle":202.5},{"time":130.5,"type":"block","angle":213.75},{"time":130.75,"type":"block","angle":225},{"time":131.5,"type":"side","angle":0},{"time":131.75,"type":"block","angle":33.75},{"time":132.5,"type":"side","angle":180},{"endTap":true,"type":"hold","angle2":360,"time":133,"angle":270,"duration":1},{"time":133.25,"type":"block","angle":292.5},{"time":133.5,"type":"block","angle":315},{"time":133.75,"type":"block","angle":337.5},{"time":134.25,"type":"block","angle":22.5},{"time":134.5,"type":"block","angle":45},{"time":134.75,"type":"block","angle":67.5},{"endTap":true,"type":"hold","duration":2,"time":135,"angle2":180,"angle":90,"startTap":true},{"time":135.75,"type":"block","angle":123.75},{"time":136.5,"type":"block","angle":157.5},{"time":136.5,"type":"block","angle":168.75},{"time":135.75,"type":"block","angle":112.5},{"time":138,"type":"side","angle":0},{"type":"hold","angle2":33.75,"time":138.25,"angle":11.25,"duration":0.25},{"type":"hold","angle2":22.5,"time":138.5,"angle":33.75,"duration":0.25},{"time":139.5,"type":"block","angle":157.5},{"time":139.75,"type":"block","angle":168.75},{"time":140.5,"type":"block","angle":180},{"time":141,"type":"block","angle":180},{"time":141.25,"type":"block","angle":191.25},{"time":141.5,"type":"block","angle":202.5},{"time":141.75,"type":"block","angle":213.75},{"time":142,"type":"block","angle":202.5},{"time":142.25,"type":"block","angle":191.25},{"time":142.5,"type":"block","angle":180},{"time":142.75,"type":"block","angle":168.75},{"time":143,"type":"block","angle":157.5},{"type":"mineHold","angle2":208.125,"time":140,"angle":360,"duration":3},{"type":"mineHold","angle2":135,"time":140,"angle":0,"duration":1.75},{"type":"mineHold","angle2":466.875,"time":143,"angle":208.125,"duration":0},{"type":"mineHold","angle2":106.875,"time":141.75,"angle":135,"duration":1.25},{"time":143.5,"type":"block","angle":118.125},{"time":143.75,"type":"block","angle":95.625},{"time":144,"type":"mine","angle":196.875},{"time":144,"type":"mine","angle":174.375},{"time":144,"type":"mine","angle":151.875},{"time":144,"type":"mine","angle":219.375},{"time":144.5,"type":"block","angle":28.125},{"time":144.75,"type":"block","angle":11.25},{"time":144.75,"type":"mine","angle":112.5},{"time":145,"type":"mine","angle":101.25},{"time":144.75,"type":"mine","angle":90},{"time":145,"type":"mine","angle":78.75},{"time":144.75,"type":"mine","angle":67.5},{"time":145,"type":"mine","angle":56.25},{"time":145,"type":"mine","angle":123.75},{"time":144.25,"type":"mine","angle":135},{"time":144.5,"type":"mine","angle":123.75},{"time":144.75,"type":"mine","angle":135},{"time":145.25,"type":"mine","angle":112.5},{"time":144.5,"type":"mine","angle":146.25},{"time":144.25,"type":"mine","angle":185.625},{"time":144.25,"type":"mine","angle":163.125},{"type":"hold","holdEase":"inSine","duration":1,"time":145,"angle":360,"angle2":180},{"time":146,"type":"side","angle":168.75},{"time":144.25,"type":"mine","angle":208.125},{"time":144,"type":"mine","angle":241.875},{"time":144.25,"type":"mine","angle":230.625},{"time":144,"type":"mine","angle":264.375},{"time":144.25,"type":"mine","angle":275.625},{"time":144.25,"type":"mine","angle":253.125},{"time":146.25,"type":"block","angle":151.875},{"time":146.5,"type":"block","angle":135},{"time":147.5,"type":"block","angle":270},{"time":147.75,"type":"block","angle":270},{"time":148,"type":"side","angle":315},{"time":148.5,"type":"block","angle":0},{"endTap":true,"type":"hold","angle2":202.5,"time":149,"angle":22.5,"duration":1},{"time":149.25,"type":"block","angle":67.5},{"time":149.5,"type":"block","angle":112.5},{"time":149.75,"type":"block","angle":157.5},{"endTap":true,"type":"hold","angle2":-157.5,"time":151,"angle":22.5,"duration":2},{"time":151.75,"type":"block","angle":315},{"time":152.5,"type":"block","angle":247.5},{"time":154,"type":"side","angle":90},{"type":"hold","angle2":67.5,"time":154.25,"angle":78.75,"duration":0.25},{"time":155.5,"type":"block","angle":315},{"time":155,"type":"block","angle":45},{"time":157,"type":"side","angle":45},{"time":158,"type":"side","angle":326.25},{"time":159,"type":"side","angle":315},{"time":160,"type":"side","angle":236.25},{"time":161,"type":"side","angle":135},{"type":"mineHold","angle2":1530,"time":157,"angle":180,"duration":4.5},{"time":156,"type":"block","angle":0}]