{"metadata":{"bg":true,"artist":"Vexento","bgData":{"blueChannel":{"r":255,"g":211,"b":80},"image":"Thumb.png","redChannel":{"r":255,"g":187,"b":0}},"difficulty":2,"charter":"Coz the Bunny","songName":"Pixel Party","description":"This level is meant to \"simplify\" the use of sides.\n\nMechanics: Sides, Taps","artistLink":""},"events":[{"b":0,"type":"setColor","g":49,"r":88,"time":-0.25,"angle":0,"color":0},{"type":"outline","enable":true,"time":-0.25,"angle":180,"color":1},{"b":100,"type":"setColor","g":222,"r":255,"time":-0.25,"angle":315,"color":1},{"chance":0.9990000128746,"type":"noise","time":0,"angle":90,"color":1},{"duration":1,"angle":247.5,"enabled":true,"type":"paddles","time":0,"paddle":1,"newWidth":45,"ease":"outSine"},{"type":"paddles","ease":"outSine","duration":1.25,"time":9,"paddle":1,"angle":180,"newWidth":20},{"duration":1,"angle":180,"enabled":true,"type":"paddles","time":17,"paddle":1,"newWidth":45,"ease":"outSine"},{"duration":1,"angle":0,"enabled":true,"type":"paddles","time":25,"paddle":1,"newWidth":30,"ease":"outSine"},{"type":"forcePlayerSprite","spriteName":"happy","time":10.5,"angle":360},{"type":"forcePlayerSprite","spriteName":"idle","time":13,"angle":0},{"type":"forcePlayerSprite","spriteName":"happy","time":14.75,"angle":180},{"type":"forcePlayerSprite","spriteName":"","time":17,"angle":0},{"type":"forcePlayerSprite","spriteName":"happy","time":26.5,"angle":180},{"type":"forcePlayerSprite","spriteName":"idle","time":29,"angle":180},{"type":"forcePlayerSprite","spriteName":"happy","time":30.75,"angle":0},{"type":"forcePlayerSprite","spriteName":"","time":32.5,"angle":0},{"type":"forcePlayerSprite","spriteName":":3","time":28,"angle":0},{"type":"forcePlayerSprite","spriteName":"happy","time":28.5,"angle":180},{"type":"forcePlayerSprite","spriteName":"happy","time":30,"angle":0},{"type":"forcePlayerSprite","spriteName":"idle","time":30.25,"angle":360},{"start":500,"ease":"inOutSine","angle":281.25,"time":-0.25,"type":"ease","duration":2.5,"value":180,"var":"p.y"},{"type":"paddles","ease":"linear","duration":1,"newAngle":0,"paddle":1,"angle":180,"time":83},{"ease":"linear","newAngle":0,"angle":0,"enabled":true,"type":"paddles","time":80.5,"paddle":2,"newWidth":45,"duration":0},{"ease":"inSine","newAngle":0,"angle":90,"enabled":true,"type":"paddles","time":33,"paddle":1,"newWidth":180,"duration":1},{"ease":"inSine","newAngle":180,"angle":270,"enabled":true,"type":"paddles","time":33,"paddle":2,"newWidth":180,"duration":1},{"ease":"linear","newAngle":180,"angle":270,"type":"paddles","time":32.5,"paddle":2,"newWidth":0,"duration":0},{"type":"forcePlayerSprite","spriteName":"happy","time":33.25,"angle":0},{"type":"forcePlayerSprite","spriteName":"angry","time":33.5,"angle":0},{"type":"forcePlayerSprite","spriteName":"happy","time":34,"angle":90},{"type":"forcePlayerSprite","spriteName":"","time":34.5,"angle":90},{"duration":1.5,"angle":270,"enabled":true,"type":"paddles","time":34.25,"paddle":2,"newWidth":0,"ease":"outSine"},{"type":"paddles","ease":"linear","duration":0,"time":35.75,"paddle":2,"angle":270,"enabled":false},{"duration":1.5,"angle":247.5,"enabled":true,"type":"paddles","time":34.25,"paddle":1,"newWidth":45,"ease":"outSine"},{"volume":1,"type":"play","bpm":126,"file":"Pixel Party.ogg","time":1,"angle":360},{"type":"paddles","ease":"linear","duration":1,"newAngle":360,"paddle":1,"angle":360,"time":81},{"type":"paddles","ease":"linear","duration":1,"newAngle":0,"paddle":1,"angle":180,"time":87},{"type":"paddles","ease":"linear","duration":1,"newAngle":360,"paddle":1,"angle":360,"time":85},{"b":0,"angle":180,"name":"Bridge","type":"bookmark","g":0,"r":0,"description":"","time":65},{"b":0,"angle":0,"name":"Drop","type":"bookmark","g":0,"time":97,"description":"","r":0},{"duration":6,"angle":157.5,"enabled":true,"type":"paddles","time":89,"paddle":1,"newWidth":70,"ease":"inOutSine"},{"type":"paddles","ease":"linear","duration":0,"time":89,"paddle":2,"angle":202.5,"enabled":false},{"b":0,"angle":0,"name":"Right before the drop","type":"bookmark","g":0,"r":0,"description":"","time":88.25},{"var":"scrollSpeed","start":1,"duration":2,"time":96.5,"type":"ease","angle":360,"value":1.5},{"duration":1,"angle":247.5,"enabled":true,"type":"paddles","time":118,"paddle":1,"newWidth":20,"ease":"outSine"},{"duration":1,"angle":247.5,"enabled":true,"type":"paddles","time":121,"paddle":1,"newWidth":70,"ease":"outSine"},{"type":"forcePlayerSprite","spriteName":"happy","time":94.75,"angle":180},{"type":"forcePlayerSprite","spriteName":"","time":97,"angle":225},{"type":"forcePlayerSprite","spriteName":"miss","time":129,"angle":270},{"type":"forcePlayerSprite","spriteName":"happy","time":130,"angle":90},{"type":"forcePlayerSprite","spriteName":"","time":130.25,"angle":90},{"type":"forcePlayerSprite","spriteName":"happy","time":128.75,"angle":247.5},{"var":"vfx.canvPos.sx","ease":"outSine","duration":1,"time":129,"value":1.5,"angle":225,"type":"ease"},{"var":"vfx.canvPos.sy","ease":"outSine","duration":1,"time":129,"value":1.5,"angle":213.75,"type":"ease"},{"var":"vfx.canvPos.sx","ease":"outElastic","duration":1,"time":130,"value":1,"angle":258.75,"type":"ease"},{"var":"vfx.canvPos.sy","ease":"outElastic","duration":1,"time":130,"value":1,"angle":247.5,"type":"ease"},{"time":162.5,"type":"showResults","angle":360},{"type":"forcePlayerSprite","spriteName":"happy","time":161,"angle":180},{"type":"ease","var":"vfx.canvPos.sx","duration":5,"value":1.5,"time":157,"angle":450,"ease":"inSine"},{"type":"ease","var":"vfx.canvPos.sy","duration":5,"value":1.5,"time":157,"angle":438.75,"ease":"inSine"},{"type":"ease","var":"vfx.canvPos.sx","ease":"outSine","time":161,"value":1,"angle":112.5,"duration":1},{"type":"ease","var":"vfx.canvPos.sy","ease":"outSine","time":161,"value":1,"angle":101.25,"duration":1}],"properties":{"startBeat":0,"speed":70,"formatversion":12,"offset":8}}