{"metadata":{"bg":true,"songName":"Duvet (Serial Experiments Lain opening)","bgData":{"blueChannel":{"r":201,"b":102,"g":102},"image":"laincover.png","redChannel":{"r":75,"b":21,"g":21}},"difficulty":2,"artist":"BOA","charter":"Lamb","description":"No matter where you go, everyone's connected.","artistLink":"https://youtu.be/Uoox9fpmDP0?si=MuI9vf9ERaaGP69y"},"properties":{"formatversion":12,"speed":70,"offset":4,"startBeat":1},"events":[{"file":"Serial-Experiments-Lain-opening.ogg","volume":1.1000000238419,"bpm":114.51000213623,"type":"play","time":0,"angle":360},{"type":"showResults","angle":180,"time":190.25},{"r":0,"time":78.5,"b":0,"color":0,"type":"setColor","angle":315,"g":0},{"id":"","type":"deco","x":0,"y":0,"sprite":"backgroundyay.png","recolor":-1,"time":-4.5,"angle":315},{"color":1,"type":"setColor","g":99,"r":99,"b":99,"angle":90,"time":-4.5},{"r":226,"angle":270,"color":0,"b":226,"type":"setColor","time":-4.5,"g":226},{"r":99,"time":86,"b":99,"color":1,"type":"setColor","angle":67.5,"g":99},{"r":226,"time":86,"b":226,"color":0,"type":"setColor","angle":337.5,"g":226},{"spriteName":"miss","angle":45,"type":"forcePlayerSprite","time":-4.5}]}