[{"time":0,"angle":0,"type":"block"},{"time":1,"angle":0,"type":"block"},{"time":2,"angle":0,"type":"block"},{"time":3,"angle":0,"type":"block"},{"time":4,"angle":360,"type":"block"},{"time":4,"angle":345,"type":"block"},{"time":4.5,"type":"block","angle":15},{"time":4.5,"angle":30,"type":"block"},{"time":5,"angle":300,"type":"side","tap":true},{"time":5.5,"angle":270,"duration":0.25,"type":"hold","angle2":240},{"time":6,"angle":225,"duration":0.25,"type":"hold","angle2":195},{"time":6.5,"angle":180,"type":"block"},{"time":7,"angle":255,"tap":true,"type":"side"},{"time":7.5,"angle":300,"duration":0.25,"type":"hold","angle2":330},{"time":8,"angle":345,"type":"block"},{"time":8,"angle":0,"type":"block"},{"time":8.5,"angle":270,"duration":0.25,"type":"hold","angle2":300},{"time":9,"angle":315,"type":"block"},{"time":9,"angle":330,"type":"block"},{"time":9.5,"angle":240,"duration":0.25,"type":"hold","angle2":270},{"time":10.25,"angle":270,"duration":0.25,"type":"hold","angle2":240},{"time":11,"angle":300,"tap":true,"type":"side"},{"time":11.5,"angle":330,"duration":0.25,"type":"hold","angle2":360},{"time":12,"angle":15,"type":"block"},{"time":12,"angle":30,"type":"block"},{"time":12.5,"type":"block","angle":-15},{"time":12.5,"angle":0,"type":"block"},{"time":13,"angle":60,"tap":true,"type":"side"},{"time":13.5,"angle":120,"duration":0.25,"type":"hold","angle2":150},{"time":14,"angle":165,"duration":0.25,"type":"hold","angle2":195},{"time":14.5,"angle":210,"type":"block"},{"time":15,"angle":135,"tap":true,"type":"side"},{"time":15.5,"angle":90,"duration":0.25,"type":"hold","angle2":60},{"time":16,"angle":45,"duration":0.5,"holdEase":"outCirc","angle2":0,"type":"hold"},{"time":16.5,"angle":0,"duration":0.25,"holdEase":"inCirc","type":"hold","angle2":45},{"time":17,"angle":15,"duration":0.5,"holdEase":"outCirc","angle2":-30,"type":"hold"},{"time":17.5,"angle":-30,"duration":0.25,"holdEase":"inCirc","type":"hold","angle2":15},{"time":18,"angle":-15,"duration":0.5,"holdEase":"outCirc","angle2":-60,"type":"hold"},{"time":18.5,"angle":-60,"duration":0.25,"holdEase":"inCirc","angle2":-15,"type":"hold"},{"time":20.5,"type":"block","angle":-105},{"time":20.5,"angle":-90,"type":"block"},{"time":21,"angle":180,"tap":true,"type":"side"},{"time":21.5,"angle":150,"duration":0.25,"type":"hold","angle2":120},{"time":22,"angle":105,"duration":0.25,"type":"hold","angle2":75},{"time":22.5,"angle":60,"type":"block"},{"time":23,"angle":135,"tap":true,"type":"side"},{"time":23.5,"angle":180,"duration":0.25,"type":"hold","angle2":210},{"time":24,"angle":225,"type":"block"},{"time":24,"angle":-120,"type":"block"},{"time":24.5,"angle":150,"duration":0.25,"type":"hold","angle2":180},{"time":25,"angle":195,"type":"block"},{"time":25,"angle":210,"type":"block"},{"time":25.5,"angle":120,"duration":0.25,"type":"hold","angle2":150},{"time":26.25,"angle":150,"duration":0.25,"type":"hold","angle2":120},{"time":27,"angle":180,"tap":true,"type":"side"},{"time":27.5,"angle":210,"duration":0.25,"type":"hold","angle2":240},{"time":28,"angle":-105,"type":"block"},{"time":28,"angle":-90,"type":"block"},{"time":28.5,"type":"block","angle":-135},{"time":28.5,"angle":-120,"type":"block"},{"time":29,"angle":-60,"tap":true,"type":"side"},{"time":29.5,"angle":0,"duration":0.25,"type":"hold","angle2":30},{"time":30,"angle":45,"duration":0.25,"type":"hold","angle2":75},{"time":30.5,"angle":90,"type":"block"},{"time":31,"angle":15,"tap":true,"type":"side"},{"time":31.5,"angle":-30,"duration":0.25,"type":"hold","angle2":-60},{"time":32,"angle":-75,"duration":0.5,"holdEase":"outCirc","angle2":-30,"type":"hold"},{"time":32.5,"angle":-30,"duration":0.25,"holdEase":"inCirc","type":"hold","angle2":-75},{"time":33,"angle":-45,"duration":0.5,"holdEase":"outCirc","angle2":0,"type":"hold"},{"time":33.5,"angle":0,"duration":0.25,"holdEase":"inCirc","type":"hold","angle2":-45},{"time":34,"angle":345,"duration":0.25,"type":"hold","angle2":375},{"time":34.5,"angle":30,"duration":0.25,"type":"hold","angle2":60},{"time":35,"angle":-15,"type":"side"},{"time":35.333333969116,"type":"side","angle":-90},{"time":35.666666030884,"type":"side","angle":-165},{"time":36,"angle":150,"tap":true,"type":"block"},{"time":36,"angle":135,"tap":true,"type":"block"},{"time":37,"angle":75,"tap":true,"type":"block"},{"time":37,"angle":90,"tap":true,"type":"block"},{"time":38,"angle":30,"duration":0.5,"type":"hold","angle2":75},{"time":39,"angle":120,"duration":0.5,"type":"hold","angle2":75},{"time":39,"angle":120,"type":"block","tap":true,"speedMult":1.25},{"time":39.5,"angle":75,"type":"block","tap":true,"speedMult":1.25},{"time":40,"angle":45,"duration":0.75,"holdEase":"outExpo","type":"hold","angle2":0},{"time":40.75,"angle":0,"duration":0.75,"holdEase":"outExpo","type":"hold","angle2":45},{"time":40,"angle":60,"type":"block","tap":true},{"time":41.5,"angle":60,"tap":true,"type":"block"},{"time":40.75,"angle":345,"tap":true,"type":"block"},{"time":41.5,"angle":45,"duration":1,"holdEase":"outExpo","type":"hold","angle2":0},{"time":42.75,"type":"block","angle":345},{"time":43,"type":"block","angle":330},{"time":43.25,"type":"block","angle":315},{"time":43.5,"type":"block","angle":300},{"time":43.75,"type":"block","angle":285},{"time":44,"angle":270,"tap":true,"type":"block"},{"time":44,"angle":285,"tap":true,"type":"block"},{"time":45,"angle":270,"tap":true,"type":"block"},{"time":45,"angle":285,"tap":true,"type":"block"},{"time":46,"angle":270,"duration":0.5,"type":"hold","angle2":210},{"time":46.5,"angle":195,"tap":true,"type":"block"},{"time":47,"angle":210,"duration":0.5,"type":"hold","angle2":150},{"time":47.5,"angle":135,"tap":true,"type":"block"},{"time":48,"angle":105,"tap":true,"type":"block"},{"time":48,"angle":120,"tap":true,"type":"block"},{"time":48.75,"angle":105,"type":"block","tap":true},{"time":48.75,"angle":120,"tap":true,"type":"block"},{"time":49.5,"angle":105,"type":"block","tap":true},{"time":49.5,"angle":120,"tap":true,"type":"block"},{"time":50,"angle":75,"type":"block","tap":true},{"time":50,"angle":90,"tap":true,"type":"block"},{"time":51,"type":"side","angle":0},{"time":51.333333969116,"type":"side","angle":-75},{"time":51.666666030884,"type":"side","angle":-150},{"time":52,"angle":165,"tap":true,"type":"block"},{"time":52,"angle":150,"tap":true,"type":"block"},{"time":53,"angle":225,"tap":true,"type":"block"},{"time":53,"angle":210,"tap":true,"type":"block"},{"time":54,"angle":-465,"duration":0.5,"type":"hold","angle2":-405},{"time":54.5,"angle":-390,"tap":true,"type":"block"},{"time":55,"angle":-405,"duration":0.5,"type":"hold","angle2":-345},{"time":55.5,"angle":-330,"tap":true,"type":"block"},{"time":56,"angle":-300,"tap":true,"type":"block"},{"time":56,"angle":-315,"tap":true,"type":"block"},{"time":56.75,"angle":-300,"type":"block","tap":true},{"time":56.75,"angle":-315,"tap":true,"type":"block"},{"time":57.5,"angle":-300,"type":"block","tap":true},{"time":57.5,"angle":-315,"tap":true,"type":"block"},{"time":58,"angle":-270,"type":"block","tap":true},{"time":58,"angle":-285,"tap":true,"type":"block"},{"time":55,"angle":300,"tap":true,"type":"block"},{"time":59,"angle":105,"duration":0.5,"type":"hold","angle2":150},{"time":59.5,"angle":165,"tap":true,"type":"block"},{"time":60,"angle":150,"type":"block"},{"time":60,"angle":165,"tap":true,"type":"block"},{"time":60,"angle":150,"tap":true,"type":"block"},{"time":61,"angle":150,"duration":0.5,"type":"hold","angle2":90},{"time":62,"angle":180,"duration":0.5,"angle2":120,"type":"hold"},{"time":63,"angle":210,"duration":0.5,"angle2":150,"type":"hold"},{"time":64,"angle":-135,"duration":0.5,"type":"hold","angle2":-75},{"time":65,"angle":-165,"duration":0.5,"angle2":-105,"type":"hold"},{"time":66,"angle":-195,"duration":0.5,"angle2":-135,"type":"hold"},{"time":67,"angle":-225,"duration":0.5,"angle2":-165,"type":"hold"},{"time":68,"angle":225,"tap":true,"type":"block"},{"time":68,"angle":210,"tap":true,"type":"block"},{"time":68.75,"angle":285,"tap":true,"type":"block"},{"time":68.75,"angle":300,"tap":true,"type":"block"},{"time":69.5,"angle":210,"type":"block","tap":true},{"time":69.5,"angle":225,"type":"block","tap":true},{"time":69.5,"angle":217.5,"duration":2.5,"angle2":427.5,"type":"hold"},{"time":71,"type":"block","angle":345},{"time":71.25,"type":"block","angle":5.7390985488892},{"time":71.5,"type":"block","angle":26.836164474487},{"time":71.75,"type":"block","angle":47.169258117676},{"time":73,"type":"block","angle":135},{"time":74,"type":"block","angle":90},{"time":75,"angle":157.5,"duration":0.5,"type":"hold","angle2":247.5},{"time":76,"angle":270,"tap":true,"type":"block"},{"time":76,"angle":285,"tap":true,"type":"block"},{"time":76.75,"angle":270,"type":"block","tap":true},{"time":76.75,"angle":285,"tap":true,"type":"block"},{"time":77.5,"angle":300,"type":"block","tap":true},{"time":77.5,"angle":315,"tap":true,"type":"block"},{"time":77.5,"angle":-412.5,"duration":2.5,"type":"hold","angle2":-622.5},{"time":81,"angle":30,"duration":0.5,"type":"hold","angle2":60},{"time":82,"angle":75,"duration":0.5,"type":"hold","angle2":45},{"time":83,"angle":0,"duration":0.5,"type":"hold","angle2":30},{"time":81.5,"angle":75,"tap":true,"type":"block"},{"time":82.5,"angle":30,"tap":true,"type":"block"},{"time":83.5,"angle":45,"tap":true,"type":"block"},{"time":84,"angle":45,"tap":true,"type":"block"},{"time":84,"angle":60,"tap":true,"type":"block"},{"time":84.75,"angle":-15,"type":"block","tap":true},{"time":84.75,"angle":0,"tap":true,"type":"block"},{"time":85.5,"angle":-300,"type":"block","tap":true},{"time":85.5,"angle":-315,"type":"block","tap":true},{"time":85.5,"angle":-307.5,"duration":2.5,"angle2":-517.5,"type":"hold"},{"time":87,"type":"block","angle":-435},{"time":87.25,"type":"block","angle":-95.739098548889},{"time":87.5,"type":"block","angle":-116.83616447449},{"time":87.75,"type":"block","angle":-137.16925811768},{"time":90,"angle":210,"duration":2,"holdEase":"inBack","angle2":270,"type":"hold"},{"time":91.666664123535,"angle":234.29330444336,"type":"block"},{"time":91.833335876465,"angle":249.38774108887,"type":"block"},{"time":92,"angle":270,"duration":4,"type":"hold","angle2":315},{"time":96,"angle":315,"duration":4,"type":"hold","angle2":270},{"time":92,"angle":292.5,"tap":true,"type":"block"},{"time":95.5,"angle":292.5,"tap":true,"type":"block"},{"time":96,"angle":337.5,"tap":true,"type":"block"},{"time":99.5,"angle":292.5,"tap":true,"type":"block"},{"time":100,"angle":247.5,"tap":true,"type":"block"},{"time":19,"type":"side","angle":45},{"time":19.333333969116,"type":"side","angle":120},{"time":19.666666030884,"type":"side","angle":195},{"time":20,"angle":240,"type":"block"},{"time":20,"angle":225,"type":"block"}]