{"properties":{"offset":12,"speed":90,"formatversion":13},"metadata":{"difficulty":1,"artistLink":"https://www.youtube.com/watch?v=zChAqEQNSGg","charter":"DawnAndNight","description":"Wow! It's slop!","bgData":{"magentaChannel":{"b":255,"r":255,"g":255},"cyanChannel":{"b":255,"r":255,"g":255},"image":"sloplight.png","redChannel":{"b":0,"r":255,"g":0},"blueChannel":{"b":255,"r":0,"g":0},"greenChannel":{"b":255,"r":255,"g":255},"yellowChannel":{"b":255,"r":255,"g":255}},"artist":"DawnAndNight","songName":"slopinator","bg":true},"events":[{"time":0,"angle":315,"file":"slopinator.ogg","bpm":180,"type":"play","volume":1},{"time":101,"type":"showResults","angle":270},{"time":-13,"angle":45,"var":"scrollSpeed","value":0.10000000149012,"type":"ease"},{"ease":"outCirc","time":0,"angle":22.5,"duration":1,"var":"scrollSpeed","value":0.20000000298023,"type":"ease"},{"time":-13,"angle":22.5,"var":"vfx.angleTwist.offset","value":90,"type":"ease"},{"time":-0,"angle":45,"duration":4,"var":"vfx.angleTwist.offset","value":0,"type":"ease"},{"ease":"outCirc","time":1,"angle":22.5,"duration":1,"var":"scrollSpeed","value":0.40000000596046,"type":"ease"},{"ease":"outCirc","time":2,"angle":22.5,"duration":1,"var":"scrollSpeed","value":0.60000002384186,"type":"ease"},{"ease":"outCirc","time":3,"angle":22.5,"duration":1,"var":"scrollSpeed","value":0.80000001192093,"type":"ease"},{"ease":"outCirc","time":4,"angle":22.5,"duration":1,"var":"scrollSpeed","value":1,"type":"ease"},{"oy":180,"time":-13,"id":"sloplight","x":300,"y":180,"sx":1,"sy":1,"angle":0,"sprite":"sloplight.png","type":"deco","ox":300},{"sx":1.5,"time":-0,"duration":1,"id":"sloplight","ease":"outCirc","angle":337.5,"type":"deco","sy":1.5},{"sx":2,"time":1,"duration":1,"id":"sloplight","ease":"outCirc","angle":337.5,"type":"deco","sy":2},{"sx":2.5,"time":2,"duration":1,"id":"sloplight","ease":"outCirc","angle":337.5,"type":"deco","sy":2.5},{"sx":3,"time":3,"duration":1,"id":"sloplight","ease":"outCirc","angle":337.5,"type":"deco","sy":3},{"tag":"tripletSlopin","angle":0,"time":19,"type":"tag","angleOffset":false},{"tag":"tripletSlopin","angle":0,"angleOffset":false,"type":"tag","time":35},{"tag":"tripletSlopin","angle":45,"angleOffset":false,"type":"tag","time":51},{"time":67,"angle":120,"duration":1,"var":"scrollSpeed","value":0.5,"type":"ease"},{"sx":1,"time":69.5,"duration":2.5,"id":"sloplight","ease":"inCirc","angle":255,"type":"deco","sy":1},{"sx":3,"time":72,"angle":255,"duration":2.5,"id":"sloplight","type":"deco","sy":3},{"sx":1,"time":77.5,"duration":2.5,"id":"sloplight","ease":"inCirc","angle":255,"type":"deco","sy":1},{"sx":1.5,"time":81.5,"duration":1,"id":"sloplight","ease":"outCirc","angle":105,"type":"deco","sy":1.5},{"sx":2,"time":82.5,"duration":1,"id":"sloplight","ease":"outCirc","angle":105,"type":"deco","sy":2},{"sx":2.5,"time":83.5,"duration":0.5,"id":"sloplight","ease":"outCirc","angle":105,"type":"deco","sy":2.5},{"sx":3,"time":84,"duration":0.5,"id":"sloplight","ease":"outCirc","angle":105,"type":"deco","sy":3},{"sx":1,"time":85.5,"duration":2.5,"id":"sloplight","ease":"inCirc","angle":255,"type":"deco","sy":1},{"sx":3,"time":88,"angle":255,"duration":2.5,"id":"sloplight","type":"deco","sy":3},{"sx":1,"time":92,"duration":8,"id":"sloplight","ease":"outCirc","angle":315,"type":"deco","sy":1},{"time":-13,"angle":345,"color":3,"type":"setBgColor"},{"time":-13,"angle":315,"color":2,"type":"outline","enable":true},{"time":-13,"angle":300,"r":255,"color":2,"b":255,"type":"setColor","g":255},{"time":-13,"angle":270,"r":0,"color":0,"b":0,"type":"setColor","g":0},{"time":5,"duration":1,"ease":"outCirc","start":1,"repeats":16,"repeatDelay":4,"var":"vfx.noteXSkew","value":0,"type":"ease","angle":345},{"time":7,"duration":1,"ease":"outCirc","repeats":16,"angle":345,"repeatDelay":4,"var":"vfx.noteXSkew","value":0,"type":"ease","start":-1}]}