{"properties":{"startBeat":0,"formatversion":10,"speed":140,"offset":8},"events":[{"time":0,"volume":2,"file":"mario.ogg","angle":247.5,"bpm":100,"type":"play"},{"sy":2.4969999790192,"id":"1","recolor":-1,"sprite":"mario2!mario","drawLayer":"bg","time":0,"x":0,"y":0,"angle":270,"sx":3.0599999427795,"type":"deco"},{"type":"setColor","g":0,"time":0,"b":0,"angle":225,"r":255,"color":3},{"color":2,"g":0,"time":0,"b":0,"angle":202.5,"r":128,"type":"setColor"},{"type":"setColor","g":128,"time":0,"b":128,"angle":180,"r":255,"color":0},{"color":1,"time":0,"g":0,"b":0,"angle":157.5,"r":32,"type":"setColor"},{"newWidth":60,"duration":0,"angle":159.00459289551,"time":20.424474716187,"type":"width"},{"paddles":8,"time":20.424474716187,"angle":167.30732727051,"type":"paddleCount"},{"angle":179.31402587891,"time":21.218769073486,"type":"showResults"}],"metadata":{"bgData":{"redChannel":{"b":0,"r":255,"g":0},"image":"retro.png","blueChannel":{"b":128,"r":255,"g":128}},"difficulty":69,"bg":true,"description":"The mario","artistLink":"","songName":"The mario","artist":"The mario","charter":"The mario"}}