[{"angle":348.75,"type":"block","time":0.5},{"angle":11.25,"type":"block","time":0.5},{"angle":348.75,"type":"block","time":1.5},{"angle":11.25,"type":"block","time":1.5},{"angle":191.25,"type":"block","time":2.5},{"angle":180,"type":"block","tap":true,"time":2.5},{"angle":168.75,"type":"block","time":2.5},{"angle":191.25,"type":"block","time":3.5},{"angle":180,"type":"block","tap":true,"time":3.5},{"angle":168.75,"type":"block","time":3.5},{"angle":360,"type":"block","tap":true,"time":0.5},{"angle":0,"type":"block","tap":true,"time":1.5},{"angle":337.5,"type":"mine","time":2.5},{"angle":348.75,"type":"mine","time":2.5},{"angle":11.25,"type":"mine","time":2.5},{"angle":22.5,"type":"mine","time":2.5},{"angle":191.25,"type":"mine","time":4.5},{"angle":180,"type":"mine","time":4.5},{"angle":168.75,"type":"mine","time":4.5},{"angle":202.5,"type":"mine","time":4.5},{"angle":157.5,"type":"mine","time":4.5},{"angle":360,"type":"mine","time":2.5},{"angle":337.5,"type":"mine","time":4.5},{"angle":348.75,"type":"mine","time":4.5},{"angle":11.25,"type":"mine","time":4.5},{"angle":22.5,"type":"mine","time":4.5},{"angle":360,"type":"mine","time":4.5},{"angle":101.25,"type":"block","time":4.5},{"angle":90,"type":"block","tap":true,"time":4.5},{"angle":78.75,"type":"block","time":4.5},{"angle":101.25,"type":"block","time":5.5},{"angle":90,"type":"block","tap":true,"time":5.5},{"angle":78.75,"type":"block","time":5.5},{"angle":78.75,"type":"mine","time":6.5},{"angle":90,"type":"mine","time":6.5},{"angle":90,"type":"mine","time":6.5},{"angle":101.25,"type":"mine","time":6.5},{"angle":112.5,"type":"mine","time":6.5},{"angle":67.5,"type":"mine","time":6.5},{"angle":258.75,"type":"block","time":6.5},{"angle":270,"type":"block","tap":true,"time":6.5},{"angle":281.25,"type":"block","time":6.5},{"angle":281.25,"type":"block","time":7.5},{"angle":270,"type":"block","tap":true,"time":7.5},{"angle":258.75,"type":"block","time":7.5},{"angle":258.75,"type":"mine","time":8},{"angle":270,"type":"mine","time":8},{"angle":281.25,"type":"mine","time":8},{"angle":292.5,"type":"mine","time":8},{"angle":247.5,"type":"mine","time":8},{"angle":45,"type":"hold","duration":1,"startTap":true,"endTap":true,"time":9.5,"angle2":-180},{"angle":90,"type":"hold","duration":1,"startTap":true,"time":8.5,"angle2":45},{"angle":202.5,"type":"mine","time":11.5},{"angle":180,"type":"mine","time":11.5},{"angle":157.5,"type":"mine","time":11.5},{"angle":337.5,"type":"block","time":11.5},{"angle":0,"type":"block","tap":true,"time":11.5},{"angle":22.5,"type":"block","time":11.5},{"angle":-315,"type":"hold","duration":1,"startTap":true,"endTap":true,"time":13,"angle2":-90},{"angle":-360,"type":"hold","duration":1,"startTap":true,"time":12,"angle2":-315},{"angle":202.5,"type":"block","time":15},{"angle":180,"type":"block","tap":true,"time":15},{"angle":157.5,"type":"block","time":15},{"angle":112.5,"type":"block","time":15.5},{"angle":90,"type":"block","tap":true,"time":15.5},{"angle":67.5,"type":"block","time":15.5},{"angle":315,"type":"mineHold","duration":0.5,"angle2":315,"time":15.5},{"angle":337.5,"type":"mineHold","duration":0.5,"angle2":337.5,"time":15.5},{"angle":360,"type":"mineHold","duration":0.5,"angle2":360,"time":15.5},{"angle":22.5,"type":"mineHold","duration":0.5,"angle2":22.5,"time":15.5},{"angle":292.5,"type":"mineHold","duration":0.5,"angle2":292.5,"time":15.5},{"angle":270,"type":"mineHold","duration":0.5,"angle2":270,"time":15.5},{"angle":247.5,"type":"mineHold","duration":0.5,"angle2":247.5,"time":15.5},{"angle":225,"type":"mineHold","duration":0.5,"angle2":225,"time":15.5},{"angle":202.5,"type":"mineHold","duration":0.5,"angle2":202.5,"time":15.5},{"angle":180,"type":"mineHold","duration":0.5,"angle2":180,"time":15.5},{"angle":157.5,"type":"mineHold","duration":0.5,"angle2":157.5,"time":15.5},{"angle":45,"type":"extraTap","time":16.5},{"angle":45,"type":"extraTap","time":17.5},{"angle":337.5,"type":"side","time":18.5},{"angle":22.5,"type":"side","time":19},{"angle":337.5,"type":"side","time":19.5},{"angle":22.5,"type":"side","time":20},{"angle":180,"type":"extraTap","time":20.5},{"angle":180,"type":"extraTap","time":21.5},{"angle":202.5,"type":"side","time":22.5},{"angle":157.5,"type":"side","time":23},{"angle":202.5,"type":"side","time":23.5},{"angle":157.5,"type":"side","time":24},{"angle":180,"type":"block","time":24.5},{"angle":90,"type":"block","time":25.5},{"angle":360,"type":"inverse","time":26.5},{"angle":270,"type":"inverse","time":27.5},{"angle":225,"type":"hold","duration":1,"angle2":225,"time":28.5},{"angle":270,"type":"hold","duration":1,"endTap":true,"angle2":427.5,"time":30.5},{"angle":225,"type":"hold","duration":0.5,"angle2":247.5,"time":29.5},{"angle":247.5,"type":"hold","duration":0.5,"angle2":270,"time":30},{"angle":315,"type":"block","time":32.5},{"angle":337.5,"type":"block","time":32.5},{"angle":45,"type":"block","time":33.5},{"angle":22.5,"type":"block","time":33.5},{"angle":337.5,"type":"block","time":34.5},{"angle":315,"type":"block","time":34.5},{"angle":22.5,"type":"block","time":35.5},{"angle":45,"type":"block","time":35.5},{"angle":247.5,"type":"mineHold","duration":3,"angle2":247.5,"time":32.5},{"angle":225,"type":"mineHold","duration":3,"angle2":225,"time":32.5},{"angle":202.5,"type":"mineHold","duration":3,"angle2":202.5,"time":32.5},{"angle":180,"type":"mineHold","duration":3,"angle2":180,"time":32.5},{"angle":157.5,"type":"mineHold","duration":3,"angle2":157.5,"time":32.5},{"angle":135,"type":"mineHold","duration":3,"angle2":135,"time":32.5},{"angle":112.5,"type":"mineHold","duration":3,"angle2":112.5,"time":32.5},{"angle":292.5,"type":"extraTap","time":32.5},{"angle":67.5,"type":"extraTap","time":33.5},{"angle":292.5,"type":"extraTap","time":34.5},{"angle":67.5,"type":"extraTap","time":35.5},{"angle":326.25,"type":"block","tap":true,"time":32.5},{"angle":33.75,"type":"block","tap":true,"time":33.5},{"angle":326.25,"type":"block","tap":true,"time":34.5},{"angle":33.75,"type":"block","tap":true,"time":35.5},{"angle":303.75,"type":"mine","time":33.5},{"angle":315,"type":"mine","time":33.5},{"angle":326.25,"type":"mine","time":33.5},{"angle":337.5,"type":"mine","time":33.5},{"angle":22.5,"type":"mine","time":34.5},{"angle":33.75,"type":"mine","time":34.5},{"angle":45,"type":"mine","time":34.5},{"angle":56.25,"type":"mine","time":34.5},{"angle":315,"type":"mine","time":35.5},{"angle":326.25,"type":"mine","time":35.5},{"angle":337.5,"type":"mine","time":35.5},{"angle":303.75,"type":"mine","time":35.5},{"angle":90,"type":"hold","duration":1,"startTap":true,"endTap":true,"time":36.5,"angle2":202.5},{"angle":202.5,"type":"hold","duration":1,"endTap":true,"angle2":360,"time":37.5},{"angle":22.5,"type":"extraTap","time":39.5},{"angle":105,"type":"block","tap":true,"time":40.5},{"angle":90,"type":"block","time":40.5},{"angle":75,"type":"block","tap":true,"time":40.5},{"angle":270,"type":"block","time":41.5},{"angle":255,"type":"block","tap":true,"time":41.5},{"angle":285,"type":"block","tap":true,"time":41.5},{"angle":105,"type":"mine","time":41.5},{"angle":75,"type":"mine","time":41.5},{"angle":285,"type":"mine","time":42.166667938232},{"angle":270,"type":"mine","time":42.166667938232},{"angle":255,"type":"mine","time":42.166667938232},{"angle":345,"type":"block","tap":true,"time":42.5},{"angle":360,"type":"block","time":42.5},{"angle":15,"type":"block","tap":true,"time":42.5},{"angle":90,"type":"mine","time":41.5},{"angle":345,"type":"mine","time":43},{"angle":360,"type":"mine","time":43},{"angle":15,"type":"mine","time":43},{"angle":345,"type":"block","tap":true,"time":43.5},{"angle":0,"type":"block","time":43.5},{"angle":15,"type":"block","tap":true,"time":43.5},{"angle":255,"type":"block","tap":true,"time":44},{"angle":270,"type":"block","time":44},{"angle":285,"type":"block","tap":true,"time":44},{"angle":255,"type":"mine","time":45},{"angle":270,"type":"mine","time":45},{"angle":285,"type":"mine","time":45},{"angle":105,"type":"block","tap":true,"time":45},{"angle":90,"type":"block","time":45},{"angle":75,"type":"block","tap":true,"time":45},{"angle":105,"type":"mine","time":45.666667938232},{"angle":75,"type":"mine","time":45.666667938232},{"angle":90,"type":"mine","time":45.666667938232},{"angle":165,"type":"block","tap":true,"time":46},{"angle":180,"type":"block","time":46},{"angle":195,"type":"block","tap":true,"time":46},{"angle":195,"type":"mine","time":46.5},{"angle":180,"type":"mine","time":46.5},{"angle":165,"type":"mine","time":46.5},{"angle":195,"type":"block","tap":true,"time":47},{"angle":180,"type":"block","time":47},{"angle":165,"type":"block","tap":true,"time":47},{"angle":180,"type":"hold","duration":1,"startTap":true,"time":47.5,"angle2":360},{"angle":0,"type":"hold","duration":1,"endTap":true,"angle2":180,"time":48.5},{"angle":180,"type":"block","time":50.5},{"angle":191.25,"type":"block","time":50.5},{"angle":168.75,"type":"block","time":50.5},{"angle":202.5,"type":"block","time":50.5},{"angle":157.5,"type":"block","time":50.5},{"angle":202.5,"type":"hold","duration":0,"angle2":157.5,"time":51},{"angle":337.5,"type":"block","time":51.5},{"angle":348.75,"type":"block","time":51.5},{"angle":0,"type":"block","time":51.5},{"angle":11.25,"type":"block","time":51.5},{"angle":22.5,"type":"block","time":51.5},{"angle":337.5,"type":"hold","duration":0,"angle2":382.5,"time":52},{"angle":202.5,"type":"mine","time":51.5},{"angle":191.25,"type":"mine","time":51.5},{"angle":180,"type":"mine","time":51.5},{"angle":168.75,"type":"mine","time":51.5},{"angle":157.5,"type":"mine","time":51.5},{"angle":270,"type":"side","tap":true,"time":52.5},{"angle":90,"type":"side","tap":true,"time":53.5},{"angle":337.5,"type":"mine","time":53},{"angle":348.75,"type":"mine","time":53},{"angle":0,"type":"mine","time":53},{"angle":22.5,"type":"mine","time":53},{"angle":11.25,"type":"mine","time":53},{"angle":22.5,"type":"mine","time":53.5},{"angle":337.5,"type":"mine","time":53.5},{"angle":348.75,"type":"mine","time":53.5},{"angle":360,"type":"mine","time":53.5},{"angle":11.25,"type":"mine","time":53.5},{"angle":90,"type":"block","tap":true,"time":54.5},{"angle":270,"type":"block","tap":true,"time":55},{"angle":90,"type":"block","tap":true,"time":55.5},{"angle":270,"type":"block","tap":true,"time":56},{"angle":101.25,"type":"block","time":54.5},{"angle":78.75,"type":"block","time":54.5},{"angle":101.25,"type":"block","time":55.5},{"angle":78.75,"type":"block","time":55.5},{"angle":281.25,"type":"block","time":55},{"angle":258.75,"type":"block","time":55},{"angle":258.75,"type":"block","time":56},{"angle":281.25,"type":"block","time":56},{"angle":270,"type":"hold","duration":1,"endTap":true,"angle2":90,"time":56.5},{"angle":90,"type":"hold","duration":0.5,"endTap":true,"angle2":0,"time":58.5},{"angle":337.5,"type":"hold","duration":1,"angle2":382.5,"time":60},{"angle":22.5,"type":"hold","duration":0.5,"angle2":-22.5,"time":61},{"angle":337.5,"type":"hold","duration":2,"endTap":true,"angle2":720,"time":61.5},{"angle":11.25,"type":"extraTap","time":63.5},{"angle":45,"type":"block","tap":true,"time":65.5},{"angle":315,"type":"block","tap":true,"time":64.5},{"angle":45,"type":"block","tap":true,"time":67.5},{"angle":315,"type":"block","tap":true,"time":68.5},{"angle":45,"type":"block","tap":true,"time":69.5},{"angle":315,"type":"block","tap":true,"time":70.5},{"angle":45,"type":"block","tap":true,"time":71.5},{"angle":315,"type":"block","tap":true,"time":66.5},{"angle":315,"type":"block","tap":true,"time":72.5},{"angle":45,"type":"block","tap":true,"time":73.5},{"angle":315,"type":"block","tap":true,"time":74.5},{"angle":45,"type":"block","tap":true,"time":75.5},{"angle":315,"type":"block","tap":true,"time":76.5},{"angle":45,"type":"block","tap":true,"time":77.5},{"angle":0,"type":"hold","duration":2,"endTap":true,"angle2":225,"time":78.5},{"angle":22.5,"type":"block","time":78.5},{"angle":67.5,"type":"block","time":79},{"angle":112.5,"type":"block","time":79.5},{"angle":157.5,"type":"block","time":80},{"angle":135,"type":"block","tap":true,"time":81.5},{"angle":225,"type":"block","tap":true,"time":82.5},{"angle":135,"type":"block","tap":true,"time":83.5},{"angle":225,"type":"block","tap":true,"time":84.5},{"angle":135,"type":"block","tap":true,"time":85.5},{"angle":225,"type":"block","tap":true,"time":86.5},{"angle":135,"type":"block","tap":true,"time":87.5},{"angle":225,"type":"block","tap":true,"time":88.5},{"angle":135,"type":"block","tap":true,"time":89.5},{"angle":225,"type":"block","tap":true,"time":90.5},{"angle":135,"type":"block","tap":true,"time":91.5},{"angle":225,"type":"block","tap":true,"time":92.5},{"angle":135,"type":"block","tap":true,"time":93.5},{"angle":225,"type":"block","tap":true,"time":94.5},{"angle":135,"type":"block","tap":true,"time":95.5},{"angle":135,"type":"extraTap","time":80.5},{"angle":180,"type":"block","time":96.5},{"angle":135,"type":"block","time":97.5},{"angle":112.5,"type":"block","time":98.5},{"angle":90,"type":"block","time":99.5},{"angle":0,"type":"side","time":100.5},{"angle":180,"type":"side","tap":true,"time":102},{"angle":270,"type":"block","time":101},{"angle":180,"type":"block","time":104},{"angle":202.5,"type":"block","time":104.5},{"angle":157.5,"type":"block","time":105.5},{"angle":90,"type":"side","tap":true,"time":106.5},{"angle":101.25,"type":"side","time":106.5},{"angle":78.75,"type":"side","time":106.5},{"angle":258.75,"type":"side","time":107.5},{"angle":270,"type":"side","tap":true,"time":107.5},{"angle":281.25,"type":"side","time":107.5},{"angle":180,"type":"hold","duration":0.5,"angle2":168.75,"time":108.5},{"angle":168.75,"type":"hold","duration":0.5,"angle2":191.25,"time":109},{"angle":191.25,"type":"hold","duration":0.5,"angle2":168.75,"time":109.5},{"angle":168.75,"type":"hold","duration":1.5,"endTap":true,"angle2":-90,"time":110},{"angle":11.25,"type":"block","time":111},{"angle":281.25,"type":"block","time":111.5},{"angle":101.25,"type":"block","time":110.5},{"angle":270,"type":"extraTap","time":111.5},{"angle":180,"type":"block","time":120},{"angle":180,"type":"hold","duration":1,"angle2":180,"time":112.5},{"angle":180,"type":"hold","duration":1,"angle2":180,"time":113.5},{"angle":180,"type":"hold","duration":1,"angle2":180,"time":114.5},{"angle":180,"type":"hold","duration":1,"angle2":135,"time":115.5},{"angle":135,"type":"block","time":114.5},{"angle":225,"type":"block","time":113.5},{"angle":225,"type":"block","time":115.5},{"angle":135,"type":"hold","duration":0.5,"angle2":90,"time":116.5},{"angle":90,"type":"hold","duration":1,"endTap":true,"angle2":-180,"time":117},{"angle":191.25,"type":"block","time":120.5},{"angle":180,"type":"block","time":120.5},{"angle":168.75,"type":"block","time":120.5},{"angle":202.5,"type":"block","time":121.5},{"angle":191.25,"type":"block","time":121.5},{"angle":180,"type":"block","time":121.5},{"angle":168.75,"type":"block","time":121.5},{"angle":157.5,"type":"block","time":121.5},{"angle":202.5,"type":"block","time":120.5},{"angle":157.5,"type":"block","time":120.5},{"angle":213.75,"type":"side","time":122.5},{"angle":146.25,"type":"side","time":123},{"angle":213.75,"type":"side","time":123.5},{"angle":180,"type":"hold","duration":3.5,"angle2":180,"time":124},{"angle":191.25,"type":"hold","duration":3.5,"angle2":191.25,"time":124},{"angle":168.75,"type":"hold","duration":3.5,"angle2":168.75,"time":124},{"angle":157.5,"type":"extraTap","time":124.5},{"angle":157.5,"type":"extraTap","time":125.5},{"angle":157.5,"type":"extraTap","time":126.5},{"angle":157.5,"type":"extraTap","time":127.5},{"angle":180,"type":"block","time":128.5},{"angle":146.25,"type":"block","time":129},{"angle":202.5,"type":"block","time":129.5},{"angle":146.25,"type":"block","time":130},{"angle":135,"type":"block","time":130.5},{"angle":90,"type":"block","time":131},{"angle":123.75,"type":"block","time":132},{"angle":101.25,"type":"block","time":131.5},{"angle":33.75,"type":"block","time":132.5},{"angle":348.75,"type":"block","time":133},{"angle":11.25,"type":"block","time":133.5},{"angle":348.75,"type":"block","time":134},{"angle":22.5,"type":"hold","duration":1,"angle2":180,"time":134.5},{"angle":180,"type":"block","time":136},{"angle":191.25,"type":"block","time":136.5},{"angle":168.75,"type":"block","time":137},{"angle":213.75,"type":"block","time":137.5},{"angle":135,"type":"block","time":138},{"angle":236.25,"type":"block","time":138.5},{"angle":123.75,"type":"block","time":139},{"angle":112.5,"type":"block","time":140},{"angle":247.5,"type":"block","time":139.5},{"angle":112.5,"type":"inverse","time":140.5},{"angle":90,"type":"inverse","time":141},{"angle":67.5,"type":"inverse","time":141.5},{"angle":45,"type":"inverse","time":142},{"angle":22.5,"type":"inverse","time":142.5},{"angle":270,"type":"side","tap":true,"time":143.5},{"angle":236.25,"type":"mineHold","duration":5.5,"angle2":-641.25,"time":145},{"angle":270,"type":"hold","duration":1,"endTap":true,"angle2":247.5,"time":151.5},{"angle":270,"type":"hold","duration":0,"startTap":true,"endTap":true,"time":153.5,"angle2":225},{"angle":157.5,"type":"hold","duration":0,"startTap":true,"endTap":true,"time":154.5,"angle2":202.5},{"angle":135,"type":"hold","duration":0,"startTap":true,"endTap":true,"time":155.5,"angle2":90},{"angle":360,"type":"hold","duration":3,"angle2":360,"time":156.5},{"angle":315,"type":"side","time":158},{"angle":45,"type":"side","time":158.5},{"angle":315,"type":"side","time":159},{"angle":45,"type":"side","time":159.5},{"angle":0,"type":"hold","duration":4,"angle2":22.5,"time":160.5},{"angle":22.5,"type":"hold","duration":4,"angle2":-22.5,"time":164.5},{"angle":326.25,"type":"mineHold","duration":4,"angle2":337.5,"time":160.5},{"angle":33.75,"type":"mineHold","duration":4,"angle2":67.5,"time":160.5},{"angle":337.5,"type":"mineHold","duration":4,"angle2":292.5,"time":164.5},{"angle":67.5,"type":"mineHold","duration":4,"angle2":22.5,"time":164.5},{"angle":337.5,"type":"hold","duration":4,"angle2":427.5,"time":168.5},{"angle":292.5,"type":"mineHold","duration":4,"angle2":382.5,"time":168.5},{"angle":22.5,"type":"mineHold","duration":4,"angle2":112.5,"time":168.5},{"angle":67.5,"type":"hold","duration":4,"angle2":180,"time":172.5},{"angle":22.5,"type":"mineHold","duration":4,"angle2":135,"time":172.5},{"angle":112.5,"type":"mineHold","duration":4,"angle2":225,"time":172.5},{"angle":180,"type":"hold","duration":4,"angle2":270,"time":176.5},{"angle":135,"type":"mineHold","duration":4,"angle2":247.5,"time":176.5},{"angle":225,"type":"mineHold","duration":3.5,"angle2":292.5,"time":176.5},{"angle":0,"type":"block","time":161},{"angle":11.25,"type":"block","time":161.5},{"angle":11.25,"type":"block","time":162.5},{"angle":22.5,"type":"block","time":164},{"angle":22.5,"type":"block","time":164.5},{"angle":22.5,"type":"block","time":163.5},{"angle":11.25,"type":"block","time":165},{"angle":11.25,"type":"block","time":165.5},{"angle":0,"type":"block","time":166},{"angle":0,"type":"block","time":166.5},{"angle":348.75,"type":"block","time":169},{"angle":360,"type":"block","time":169.5},{"angle":22.5,"type":"block","time":170.5},{"angle":45,"type":"block","time":171.5},{"angle":56.25,"type":"block","time":172},{"angle":78.75,"type":"block","time":173},{"angle":90,"type":"block","time":173.5},{"angle":112.5,"type":"block","time":174},{"angle":123.75,"type":"block","time":174.5},{"angle":202.5,"type":"block","time":177.5},{"angle":247.5,"type":"block","time":179.5},{"angle":258.75,"type":"block","time":180},{"angle":191.25,"type":"block","time":177},{"angle":225,"type":"block","time":178.5},{"angle":180,"type":"hold","duration":0.5,"angle2":90,"time":144.5},{"angle":90,"type":"hold","duration":0.5,"angle2":0,"time":145},{"angle":0,"type":"hold","duration":0.5,"angle2":-90,"time":145.5},{"angle":270,"type":"hold","duration":0.5,"angle2":180,"time":146},{"angle":180,"type":"hold","duration":0.5,"angle2":90,"time":146.5},{"angle":90,"type":"hold","duration":0.5,"angle2":0,"time":147},{"angle":0,"type":"hold","duration":0.5,"angle2":-90,"time":147.5},{"angle":270,"type":"hold","duration":0.5,"angle2":180,"time":148},{"angle":180,"type":"hold","duration":0.5,"angle2":90,"time":148.5},{"angle":90,"type":"hold","duration":0.5,"angle2":0,"time":149},{"angle":0,"type":"hold","duration":0.5,"angle2":-90,"time":149.5},{"angle":270,"type":"block","time":150.5},{"angle":270,"type":"block","time":181},{"angle":292.5,"type":"block","time":181.5},{"angle":315,"type":"block","time":182},{"angle":337.5,"type":"block","time":182.5},{"angle":360,"type":"block","time":183},{"angle":360,"type":"block","time":183.5},{"angle":0,"type":"block","time":184.5},{"angle":0,"type":"block","time":184.75},{"angle":360,"type":"block","time":185},{"angle":360,"type":"block","time":185.25},{"angle":360,"type":"block","time":185.5},{"angle":360,"type":"block","time":185.75},{"angle":0,"type":"block","time":186},{"angle":0,"type":"block","time":186.25},{"angle":0,"type":"block","time":186.5},{"angle":0,"type":"block","time":186.75},{"angle":0,"type":"block","time":187},{"angle":0,"type":"block","time":187.25},{"angle":0,"type":"block","time":187.5},{"angle":0,"type":"block","time":187.75},{"angle":0,"type":"block","time":188},{"angle":0,"type":"block","time":188.25},{"angle":0,"type":"block","time":188.5},{"angle":-22.5,"type":"block","time":184.5},{"angle":-22.5,"type":"block","time":184.75},{"angle":337.5,"type":"block","time":185},{"angle":337.5,"type":"block","time":185.25},{"angle":337.5,"type":"block","time":185.5},{"angle":337.5,"type":"block","time":185.75},{"angle":-22.5,"type":"block","time":186},{"angle":-22.5,"type":"block","time":186.25},{"angle":-22.5,"type":"block","time":186.5},{"angle":-22.5,"type":"block","time":186.75},{"angle":-22.5,"type":"block","time":187},{"angle":-22.5,"type":"block","time":187.25},{"angle":-22.5,"type":"block","time":187.5},{"angle":-22.5,"type":"block","time":187.75},{"angle":-22.5,"type":"block","time":188},{"angle":-22.5,"type":"block","time":188.25},{"angle":-22.5,"type":"block","time":188.5},{"angle":22.5,"type":"block","time":184.5},{"angle":22.5,"type":"block","time":184.75},{"angle":382.5,"type":"block","time":185},{"angle":382.5,"type":"block","time":185.25},{"angle":382.5,"type":"block","time":185.5},{"angle":382.5,"type":"block","time":185.75},{"angle":22.5,"type":"block","time":186},{"angle":22.5,"type":"block","time":186.25},{"angle":22.5,"type":"block","time":186.5},{"angle":22.5,"type":"block","time":186.75},{"angle":22.5,"type":"block","time":187},{"angle":22.5,"type":"block","time":187.25},{"angle":22.5,"type":"block","time":187.5},{"angle":22.5,"type":"block","time":187.75},{"angle":22.5,"type":"block","time":188},{"angle":22.5,"type":"block","time":188.25},{"angle":22.5,"type":"block","time":188.5},{"angle":315,"type":"extraTap","time":188.5},{"angle":90,"type":"block","tap":true,"time":192.5},{"angle":75,"type":"block","time":192.5},{"angle":105,"type":"block","time":192.5},{"angle":105,"type":"block","time":193.5},{"angle":90,"type":"block","tap":true,"time":193.5},{"angle":75,"type":"block","time":193.5},{"angle":195,"type":"side","time":194.5},{"angle":292.5,"type":"side","time":195.5},{"angle":75,"type":"mine","time":195},{"angle":90,"type":"mine","time":195},{"angle":105,"type":"mine","time":195},{"angle":285,"type":"mine","time":197.5},{"angle":300,"type":"mine","time":197.5},{"angle":315,"type":"mine","time":197.5},{"angle":45,"type":"block","time":196.5},{"angle":60,"type":"block","tap":true,"time":196.5},{"angle":75,"type":"block","time":196.5},{"angle":45,"type":"block","time":197.5},{"angle":60,"type":"block","tap":true,"time":197.5},{"angle":75,"type":"block","time":197.5},{"angle":45,"type":"mine","time":199},{"angle":60,"type":"mine","time":199},{"angle":75,"type":"mine","time":199},{"angle":210,"type":"hold","duration":0,"startTap":true,"endTap":true,"time":195,"angle2":180},{"angle":285,"type":"hold","duration":0,"startTap":true,"endTap":true,"time":196,"angle2":322.5},{"angle":180,"type":"hold","duration":0,"startTap":true,"endTap":true,"time":199,"angle2":150},{"angle":298.80035400391,"type":"side","time":199.5},{"angle":285,"type":"hold","duration":0,"startTap":true,"endTap":true,"time":200,"angle2":315},{"angle":285,"type":"mine","time":201.5},{"angle":300,"type":"mine","time":201.5},{"angle":315,"type":"mine","time":201.5},{"angle":360,"type":"hold","duration":1,"startTap":true,"endTap":true,"time":200.5,"angle2":390},{"angle":30,"type":"hold","duration":1,"endTap":true,"angle2":270,"time":201.5},{"angle":255,"type":"mine","time":203.5},{"angle":270,"type":"mine","time":203.5},{"angle":285,"type":"mine","time":203.5},{"angle":105,"type":"block","time":203.5},{"angle":90,"type":"block","tap":true,"time":203.5},{"angle":75,"type":"block","time":203.5},{"angle":90,"type":"hold","duration":1,"startTap":true,"endTap":true,"time":204,"angle2":45},{"angle":45,"type":"hold","duration":1,"endTap":true,"angle2":-180,"time":205},{"angle":210,"type":"mineHold","duration":0.5,"angle2":210,"time":208},{"angle":195,"type":"mineHold","duration":0.5,"angle2":195,"time":208},{"angle":180,"type":"mineHold","duration":0.5,"angle2":180,"time":208},{"angle":165,"type":"mineHold","duration":0.5,"angle2":165,"time":208},{"angle":150,"type":"mineHold","duration":0.5,"angle2":150,"time":208},{"angle":135,"type":"mineHold","duration":0.5,"angle2":135,"time":208},{"angle":120,"type":"mineHold","duration":0.5,"angle2":120,"time":208},{"angle":105,"type":"mineHold","duration":0.5,"angle2":105,"time":208},{"angle":90,"type":"mineHold","duration":0.5,"angle2":90,"time":208},{"angle":75,"type":"mineHold","duration":0.5,"angle2":75,"time":208},{"angle":60,"type":"mineHold","duration":0.5,"angle2":60,"time":208},{"angle":45,"type":"mineHold","duration":0.5,"angle2":45,"time":208},{"angle":30,"type":"mineHold","duration":0.5,"angle2":30,"time":208},{"angle":15,"type":"mineHold","duration":0.5,"angle2":15,"time":208},{"angle":345,"type":"mineHold","duration":0.5,"angle2":345,"time":208},{"angle":330,"type":"mineHold","duration":0.5,"angle2":330,"time":208},{"angle":360,"type":"mineHold","duration":0.5,"angle2":360,"time":208},{"angle":345,"type":"block","time":207},{"angle":360,"type":"block","tap":true,"time":207},{"angle":15,"type":"block","time":207},{"angle":255,"type":"hold","duration":1,"startTap":true,"endTap":true,"time":207.5,"angle2":255},{"angle":270,"type":"hold","duration":1,"startTap":true,"endTap":true,"time":207.5,"angle2":270},{"angle":285,"type":"hold","duration":1,"startTap":true,"endTap":true,"time":207.5,"angle2":285},{"angle":255,"type":"mineHold","duration":0.30000001192093,"angle2":255,"time":209.5},{"angle":270,"type":"mineHold","duration":0.30000001192093,"angle2":270,"time":209.5},{"angle":285,"type":"mineHold","duration":0.30000001192093,"angle2":285,"time":209.5},{"angle":300,"type":"mineHold","duration":0.30000001192093,"angle2":300,"time":209.5},{"angle":315,"type":"mineHold","duration":0.30000001192093,"angle2":315,"time":209.5},{"angle":330,"type":"mineHold","duration":0.30000001192093,"angle2":330,"time":209.5},{"angle":345,"type":"mineHold","duration":0.30000001192093,"angle2":345,"time":209.5},{"angle":0,"type":"mineHold","duration":0.30000001192093,"angle2":0,"time":209.5},{"angle":15,"type":"mineHold","duration":0.30000001192093,"angle2":15,"time":209.5},{"angle":30,"type":"mineHold","duration":0.30000001192093,"angle2":30,"time":209.5},{"angle":45,"type":"mineHold","duration":0.30000001192093,"angle2":45,"time":209.5},{"angle":60,"type":"mineHold","duration":0.30000001192093,"angle2":60,"time":209.5},{"angle":75,"type":"mineHold","duration":0.30000001192093,"angle2":75,"time":209.5},{"angle":90,"type":"mineHold","duration":0.30000001192093,"angle2":90,"time":209.5},{"angle":105,"type":"mineHold","duration":0.30000001192093,"angle2":105,"time":209.5},{"angle":120,"type":"mineHold","duration":0.30000001192093,"angle2":120,"time":209.5},{"angle":240,"type":"mineHold","duration":0.30000001192093,"angle2":240,"time":209.5},{"angle":195,"type":"block","time":209.5},{"angle":180,"type":"block","tap":true,"time":209.5},{"angle":165,"type":"block","time":209.5},{"angle":210,"type":"side","time":210.5},{"angle":150,"type":"side","time":211},{"angle":210,"type":"side","time":211.5},{"angle":150,"type":"side","time":212},{"angle":360,"type":"inverse","tap":true,"time":212.5},{"angle":345,"type":"inverse","time":212.5},{"angle":15,"type":"inverse","time":212.5},{"angle":345,"type":"inverse","time":213.5},{"angle":360,"type":"inverse","tap":true,"time":213.5},{"angle":15,"type":"inverse","time":213.5},{"angle":330,"type":"side","time":214.5},{"angle":30,"type":"side","time":215},{"angle":330,"type":"side","time":215.5},{"angle":30,"type":"side","time":216},{"angle":90,"type":"block","time":216.5},{"angle":180,"type":"block","time":217.5},{"angle":270,"type":"inverse","time":218.5},{"angle":0,"type":"inverse","time":219.5},{"angle":90,"type":"hold","duration":1.5,"angle2":360,"time":220.5},{"angle":360,"type":"hold","duration":0.5,"angle2":540,"time":222},{"angle":180,"type":"hold","duration":0.5,"angle2":270,"time":222.5},{"angle":270,"type":"hold","duration":0.5,"endTap":true,"angle2":360,"time":223},{"angle":315,"type":"block","time":224.5},{"angle":337.5,"type":"block","time":224.5},{"angle":45,"type":"block","time":225.5},{"angle":22.5,"type":"block","time":225.5},{"angle":337.5,"type":"block","time":226.5},{"angle":315,"type":"block","time":226.5},{"angle":22.5,"type":"block","time":227.5},{"angle":45,"type":"block","time":227.5},{"angle":247.5,"type":"mineHold","duration":3,"angle2":247.5,"time":224.5},{"angle":225,"type":"mineHold","duration":3,"angle2":225,"time":224.5},{"angle":202.5,"type":"mineHold","duration":3,"angle2":202.5,"time":224.5},{"angle":180,"type":"mineHold","duration":3,"angle2":180,"time":224.5},{"angle":157.5,"type":"mineHold","duration":3,"angle2":157.5,"time":224.5},{"angle":135,"type":"mineHold","duration":3,"angle2":135,"time":224.5},{"angle":112.5,"type":"mineHold","duration":3,"angle2":112.5,"time":224.5},{"angle":292.5,"type":"extraTap","time":224.5},{"angle":67.5,"type":"extraTap","time":225.5},{"angle":292.5,"type":"extraTap","time":226.5},{"angle":67.5,"type":"extraTap","time":227.5},{"angle":326.25,"type":"block","tap":true,"time":224.5},{"angle":33.75,"type":"block","tap":true,"time":225.5},{"angle":326.25,"type":"block","tap":true,"time":226.5},{"angle":33.75,"type":"block","tap":true,"time":227.5},{"angle":303.75,"type":"mine","time":225.5},{"angle":315,"type":"mine","time":225.5},{"angle":326.25,"type":"mine","time":225.5},{"angle":337.5,"type":"mine","time":225.5},{"angle":22.5,"type":"mine","time":226.5},{"angle":33.75,"type":"mine","time":226.5},{"angle":45,"type":"mine","time":226.5},{"angle":56.25,"type":"mine","time":226.5},{"angle":315,"type":"mine","time":227.5},{"angle":326.25,"type":"mine","time":227.5},{"angle":337.5,"type":"mine","time":227.5},{"angle":303.75,"type":"mine","time":227.5},{"angle":90,"type":"hold","duration":1,"startTap":true,"endTap":true,"time":228.5,"angle2":202.5},{"angle":202.5,"type":"hold","duration":1,"endTap":true,"angle2":360,"time":229.5},{"angle":22.5,"type":"extraTap","time":231.5},{"angle":105,"type":"block","tap":true,"time":232.5},{"angle":90,"type":"block","time":232.5},{"angle":75,"type":"block","tap":true,"time":232.5},{"angle":270,"type":"block","time":233.5},{"angle":255,"type":"block","tap":true,"time":233.5},{"angle":285,"type":"block","tap":true,"time":233.5},{"angle":105,"type":"mine","time":233.5},{"angle":75,"type":"mine","time":233.5},{"angle":285,"type":"mine","time":234.16666793823},{"angle":270,"type":"mine","time":234.16666793823},{"angle":255,"type":"mine","time":234.16666793823},{"angle":345,"type":"block","tap":true,"time":234.5},{"angle":360,"type":"block","time":234.5},{"angle":15,"type":"block","tap":true,"time":234.5},{"angle":90,"type":"mine","time":233.5},{"angle":345,"type":"mine","time":235},{"angle":360,"type":"mine","time":235},{"angle":15,"type":"mine","time":235},{"angle":345,"type":"block","tap":true,"time":235.5},{"angle":0,"type":"block","time":235.5},{"angle":15,"type":"block","tap":true,"time":235.5},{"angle":255,"type":"block","tap":true,"time":236},{"angle":270,"type":"block","time":236},{"angle":285,"type":"block","tap":true,"time":236},{"angle":255,"type":"mine","time":237},{"angle":270,"type":"mine","time":237},{"angle":285,"type":"mine","time":237},{"angle":105,"type":"block","tap":true,"time":237},{"angle":90,"type":"block","time":237},{"angle":75,"type":"block","tap":true,"time":237},{"angle":105,"type":"mine","time":237.66666793823},{"angle":75,"type":"mine","time":237.66666793823},{"angle":90,"type":"mine","time":237.66666793823},{"angle":165,"type":"block","tap":true,"time":238},{"angle":180,"type":"block","time":238},{"angle":195,"type":"block","tap":true,"time":238},{"angle":195,"type":"mine","time":238.5},{"angle":180,"type":"mine","time":238.5},{"angle":165,"type":"mine","time":238.5},{"angle":195,"type":"block","tap":true,"time":239},{"angle":180,"type":"block","time":239},{"angle":165,"type":"block","tap":true,"time":239},{"angle":180,"type":"hold","duration":1,"startTap":true,"time":239.5,"angle2":360},{"angle":0,"type":"hold","duration":1,"endTap":true,"angle2":180,"time":240.5},{"angle":180,"type":"block","time":242.5},{"angle":191.25,"type":"block","time":242.5},{"angle":168.75,"type":"block","time":242.5},{"angle":202.5,"type":"block","time":242.5},{"angle":157.5,"type":"block","time":242.5},{"angle":202.5,"type":"hold","duration":0,"angle2":157.5,"time":243},{"angle":337.5,"type":"block","time":243.5},{"angle":348.75,"type":"block","time":243.5},{"angle":0,"type":"block","time":243.5},{"angle":11.25,"type":"block","time":243.5},{"angle":22.5,"type":"block","time":243.5},{"angle":337.5,"type":"hold","duration":0,"angle2":382.5,"time":244},{"angle":202.5,"type":"mine","time":243.5},{"angle":191.25,"type":"mine","time":243.5},{"angle":180,"type":"mine","time":243.5},{"angle":168.75,"type":"mine","time":243.5},{"angle":157.5,"type":"mine","time":243.5},{"angle":270,"type":"side","tap":true,"time":244.5},{"angle":90,"type":"side","tap":true,"time":245.5},{"angle":337.5,"type":"mine","time":245},{"angle":348.75,"type":"mine","time":245},{"angle":0,"type":"mine","time":245},{"angle":22.5,"type":"mine","time":245},{"angle":11.25,"type":"mine","time":245},{"angle":22.5,"type":"mine","time":245.5},{"angle":337.5,"type":"mine","time":245.5},{"angle":348.75,"type":"mine","time":245.5},{"angle":360,"type":"mine","time":245.5},{"angle":11.25,"type":"mine","time":245.5},{"angle":90,"type":"block","tap":true,"time":246.5},{"angle":270,"type":"block","tap":true,"time":247},{"angle":90,"type":"block","tap":true,"time":247.5},{"angle":270,"type":"block","tap":true,"time":248},{"angle":101.25,"type":"block","time":246.5},{"angle":78.75,"type":"block","time":246.5},{"angle":101.25,"type":"block","time":247.5},{"angle":78.75,"type":"block","time":247.5},{"angle":281.25,"type":"block","time":247},{"angle":258.75,"type":"block","time":247},{"angle":258.75,"type":"block","time":248},{"angle":281.25,"type":"block","time":248},{"angle":270,"type":"hold","duration":1,"endTap":true,"angle2":90,"time":248.5},{"angle":90,"type":"hold","duration":0.5,"endTap":true,"angle2":0,"time":250.5},{"angle":337.5,"type":"hold","duration":1,"angle2":382.5,"time":252},{"angle":22.5,"type":"hold","duration":0.5,"angle2":-22.5,"time":253},{"angle":337.5,"type":"hold","duration":2,"endTap":true,"angle2":720,"time":253.5},{"angle":11.25,"type":"extraTap","time":255.5},{"angle":45,"type":"mineHold","duration":0,"angle2":315,"time":256.5},{"angle":315,"type":"mineHold","duration":0,"angle2":45,"time":257.5},{"angle":135,"type":"mineHold","duration":0,"angle2":-135,"time":258.5},{"angle":225,"type":"mineHold","duration":0,"angle2":495,"time":259.5},{"angle":315,"type":"mineHold","duration":0,"angle2":45,"time":260.5},{"angle":315,"type":"mineHold","duration":0,"angle2":45,"time":261.5},{"angle":225,"type":"mineHold","duration":0,"angle2":495,"time":262.5},{"angle":225,"type":"mineHold","duration":0,"angle2":495,"time":263.5},{"angle":247.5,"type":"mineHold","duration":0,"angle2":-22.5,"time":264.5},{"angle":247.5,"type":"mineHold","duration":0,"angle2":-22.5,"time":265.5},{"angle":135,"type":"mineHold","duration":0,"angle2":405,"time":266.5},{"angle":45,"type":"mineHold","duration":0,"angle2":-225,"time":267.5},{"angle":270,"type":"mineHold","duration":0,"angle2":0,"time":268.5},{"angle":247.5,"type":"mineHold","duration":0,"angle2":495,"time":269.5},{"angle":157.5,"type":"mineHold","duration":0,"angle2":427.5,"time":270.5},{"angle":0,"type":"block","time":256.5},{"angle":0,"type":"block","time":257.5},{"angle":180,"type":"block","time":258.5},{"angle":180,"type":"block","time":259.5},{"angle":0,"type":"block","time":260.5},{"angle":0,"type":"block","time":261.5},{"angle":180,"type":"block","time":262.5},{"angle":180,"type":"block","time":263.5},{"angle":292.5,"type":"block","time":264.5},{"angle":292.5,"type":"block","time":265.5},{"angle":90,"type":"block","time":266.5},{"angle":90,"type":"block","time":267.5},{"angle":315,"type":"block","time":268.5},{"angle":202.5,"type":"block","time":269.5},{"angle":112.5,"type":"block","time":270.5},{"angle":315,"type":"block","time":272.5},{"angle":45,"type":"block","time":273.5},{"angle":112.5,"type":"block","time":274.5},{"angle":157.5,"type":"block","time":275.5},{"angle":202.5,"type":"block","time":276.5},{"angle":315,"type":"block","time":278.5},{"angle":67.5,"type":"block","time":280.5},{"angle":180,"type":"block","time":282.5},{"angle":270,"type":"block","time":284.5},{"angle":0,"type":"block","tap":true,"time":286.5},{"angle":247.5,"type":"side","time":277.5},{"angle":22.5,"type":"side","time":279.5},{"angle":135,"type":"side","time":281.5},{"angle":225,"type":"side","time":283.5},{"angle":315,"type":"side","time":285.5},{"angle":360,"type":"block","time":288.5},{"angle":0,"type":"block","time":289.5},{"angle":337.5,"type":"block","time":290.5},{"angle":22.5,"type":"block","time":291},{"angle":337.5,"type":"block","time":291.5},{"angle":22.5,"type":"block","time":292},{"angle":90,"type":"block","time":292.5},{"angle":90,"type":"block","time":293.5},{"angle":112.5,"type":"block","time":294.5},{"angle":157.5,"type":"block","time":295},{"angle":157.5,"type":"block","time":296},{"angle":112.5,"type":"block","time":295.5},{"angle":180,"type":"hold","duration":1,"angle2":213.75,"time":296.5},{"angle":213.75,"type":"hold","duration":1,"angle2":360,"time":297.5},{"angle":191.25,"type":"block","time":299.5},{"angle":180,"type":"block","time":299.5},{"angle":168.75,"type":"block","time":299.5},{"angle":180,"type":"hold","duration":1,"angle2":157.5,"time":300},{"angle":157.5,"type":"hold","duration":1,"angle2":0,"time":301},{"angle":337.5,"type":"block","time":303},{"angle":348.75,"type":"block","time":303},{"angle":360,"type":"block","tap":true,"time":303},{"angle":11.25,"type":"block","time":303},{"angle":22.5,"type":"block","time":303},{"angle":225,"type":"mineHold","duration":0,"angle2":495,"time":304},{"angle":180,"type":"block","time":304.5},{"angle":180,"type":"block","time":305.5},{"angle":202.5,"type":"side","time":306.5},{"angle":157.5,"type":"side","time":307},{"angle":202.5,"type":"side","time":307.5},{"angle":157.5,"type":"side","time":308},{"angle":337.5,"type":"block","time":308.5},{"angle":22.5,"type":"block","time":308.5},{"angle":337.5,"type":"block","time":309.5},{"angle":22.5,"type":"block","time":309.5},{"angle":315,"type":"side","time":310.5},{"angle":45,"type":"side","time":311},{"angle":315,"type":"side","time":311.5},{"angle":45,"type":"side","time":312},{"angle":0,"type":"block","time":308.5},{"angle":0,"type":"block","time":309.5},{"angle":90,"type":"block","time":312.5},{"angle":180,"type":"block","time":313.5},{"angle":270,"type":"inverse","time":314.5},{"angle":0,"type":"inverse","time":315.5},{"angle":45,"type":"extraTap","time":286.5},{"angle":0,"type":"hold","duration":1,"startTap":true,"endTap":true,"time":316.5,"angle2":0},{"angle":348.75,"type":"hold","duration":1,"startTap":true,"endTap":true,"time":316.5,"angle2":348.75},{"angle":11.25,"type":"hold","duration":1,"startTap":true,"endTap":true,"time":316.5,"angle2":11.25},{"angle":0,"type":"block","time":318},{"angle":0,"type":"block","time":318.5},{"angle":0,"type":"block","time":319},{"angle":0,"type":"block","time":319.5},{"angle":348.75,"type":"block","time":318.5},{"angle":11.25,"type":"block","time":318.5},{"angle":348.75,"type":"block","time":319.5},{"angle":11.25,"type":"block","time":319.5},{"angle":0,"type":"block","tap":true,"time":320.5},{"angle":345,"type":"block","time":321.5},{"angle":0,"type":"block","tap":true,"time":321.5},{"angle":15,"type":"block","time":321.5},{"angle":45,"type":"block","time":323.5},{"angle":292.5,"type":"block","time":322.5},{"angle":303.75,"type":"block","time":322.5625},{"angle":315,"type":"block","time":322.5625},{"angle":326.25,"type":"block","time":322.625},{"angle":337.5,"type":"block","time":322.6875},{"angle":348.75,"type":"block","time":322.75},{"angle":33.75,"type":"block","time":323.5625},{"angle":22.5,"type":"block","time":323.625},{"angle":11.25,"type":"block","time":323.6875},{"angle":56.25,"type":"block","time":323.5},{"angle":67.5,"type":"block","time":323.5},{"angle":180,"type":"block","tap":true,"time":324.5},{"angle":180,"type":"block","tap":true,"time":325.5},{"angle":195,"type":"block","time":325.5},{"angle":165,"type":"block","time":325.5},{"angle":-135,"type":"block","time":327.5},{"angle":112.5,"type":"block","time":326.5},{"angle":123.75,"type":"block","time":326.5625},{"angle":135,"type":"block","time":326.5625},{"angle":146.25,"type":"block","time":326.625},{"angle":157.5,"type":"block","time":326.6875},{"angle":168.75,"type":"block","time":326.75},{"angle":-146.25,"type":"block","time":327.5625},{"angle":-157.5,"type":"block","time":327.625},{"angle":-168.75,"type":"block","time":327.6875},{"angle":-123.75,"type":"block","time":327.5},{"angle":-112.5,"type":"block","time":327.5},{"angle":157.5,"type":"side","time":198.5},{"angle":180,"type":"hold","duration":1,"startTap":true,"endTap":true,"time":328.5,"angle2":0},{"angle":0,"type":"hold","duration":1,"endTap":true,"angle2":-270,"time":329.5},{"angle":258.75,"type":"block","time":331.5},{"angle":270,"type":"block","tap":true,"time":331.5},{"angle":281.25,"type":"block","time":331.5},{"angle":180,"type":"inverse","time":303.5},{"angle":90,"type":"hold","duration":1,"startTap":true,"endTap":true,"time":332,"angle2":0},{"angle":0,"type":"hold","duration":1,"endTap":true,"angle2":-270,"time":333},{"angle":0,"type":"block","tap":true,"time":335},{"angle":348.75,"type":"block","time":335},{"angle":11.25,"type":"block","time":335},{"angle":180,"type":"side","tap":true,"time":335.5},{"angle":191.25,"type":"side","time":335.5},{"angle":168.75,"type":"side","time":335.5},{"angle":202.5,"type":"side","tap":true,"time":335.5},{"angle":157.5,"type":"side","tap":true,"time":335.5},{"angle":326.25,"type":"mine","time":324.5},{"angle":337.5,"type":"mine","time":324.5},{"angle":348.75,"type":"mine","time":324.5},{"angle":360,"type":"mine","time":324.5},{"angle":11.25,"type":"mine","time":324.5},{"angle":22.5,"type":"mine","time":324.5},{"angle":33.75,"type":"mine","time":324.5},{"angle":45,"type":"mine","time":324.5},{"angle":315,"type":"mine","time":324.5},{"angle":101.25,"type":"mine","time":331.5},{"angle":90,"type":"mine","time":331.5},{"angle":78.75,"type":"mine","time":331.5},{"angle":90,"type":"mineHold","duration":0,"angle2":-168.75,"time":336.5},{"angle":270,"type":"mineHold","duration":0,"angle2":11.25,"time":337.5},{"angle":135,"type":"block","time":336.5},{"angle":315,"type":"block","time":337.5},{"angle":258.75,"type":"block","time":338.5},{"angle":270,"type":"block","tap":true,"time":338.5},{"angle":281.25,"type":"block","time":338.5},{"angle":101.25,"type":"block","time":339},{"angle":90,"type":"block","tap":true,"time":339},{"angle":78.75,"type":"block","time":339},{"angle":348.75,"type":"block","time":339.5},{"angle":360,"type":"block","tap":true,"time":339.5},{"angle":11.25,"type":"block","time":339.5},{"angle":191.25,"type":"block","time":340},{"angle":180,"type":"block","tap":true,"time":340},{"angle":168.75,"type":"block","time":340},{"angle":135,"type":"mineHold","duration":0,"angle2":-123.75,"time":340.5},{"angle":180,"type":"block","time":340.5},{"angle":303.75,"type":"mineHold","duration":0,"angle2":45,"time":341.5},{"angle":0,"type":"block","time":341.5},{"angle":303.75,"type":"side","time":342.5},{"angle":281.25,"type":"side","time":342.5},{"angle":292.5,"type":"side","time":342.5},{"angle":45,"type":"side","time":343},{"angle":56.25,"type":"side","time":343},{"angle":67.5,"type":"side","time":343},{"angle":303.75,"type":"side","time":343.5},{"angle":292.5,"type":"side","time":343.5},{"angle":281.25,"type":"side","time":343.5},{"angle":45,"type":"side","time":344},{"angle":56.25,"type":"side","time":344},{"angle":67.5,"type":"side","time":344},{"angle":90,"type":"block","time":344.5},{"angle":180,"type":"block","time":345.5},{"angle":270,"type":"inverse","time":346.5},{"angle":0,"type":"inverse","time":347.5},{"angle":94.407592773438,"type":"block","time":344.55020141602},{"angle":98.418663024902,"type":"block","time":344.58834838867},{"angle":101.93386077881,"type":"block","time":344.64682006836},{"angle":184.22303771973,"type":"block","time":345.55035400391},{"angle":188.42697143555,"type":"block","time":345.60595703125},{"angle":192.12617492676,"type":"block","time":345.6686706543},{"angle":277.14959716797,"type":"inverse","time":346.57641601563},{"angle":282.54837036133,"type":"inverse","time":346.67483520508},{"angle":287.17590332031,"type":"inverse","time":346.77142333984},{"angle":291.77261352539,"type":"inverse","time":346.85455322266},{"angle":6.5610995292664,"type":"inverse","time":347.56903076172},{"angle":12.397266387939,"type":"inverse","time":347.62335205078},{"angle":17.6572265625,"type":"inverse","time":347.6884765625},{"angle":360,"type":"hold","duration":1,"startTap":true,"time":348.5,"angle2":540},{"angle":180,"type":"hold","duration":2,"endTap":true,"angle2":720,"time":349.5},{"angle":330,"type":"inverse","time":350},{"angle":90,"type":"inverse","time":350.5},{"angle":240,"type":"inverse","time":351},{"angle":45,"type":"extraTap","time":351.5},{"angle":315,"type":"block","time":352.5},{"angle":337.5,"type":"block","time":352.5},{"angle":326.25,"type":"block","time":352.5},{"angle":11.25,"type":"block","time":353.5},{"angle":22.5,"type":"block","time":353.5},{"angle":33.75,"type":"block","time":353.5},{"angle":11.25,"type":"block","time":355.5},{"angle":22.5,"type":"block","time":355.5},{"angle":33.75,"type":"block","time":355.5},{"angle":315,"type":"block","time":354.5},{"angle":337.5,"type":"block","time":354.5},{"angle":326.25,"type":"block","time":354.5},{"angle":360,"type":"hold","duration":1,"angle2":630,"time":356.5},{"angle":236.25,"type":"side","time":358.5},{"angle":292.5,"type":"side","time":359},{"angle":236.25,"type":"side","time":359.5},{"angle":292.5,"type":"side","time":360},{"angle":-75,"type":"block","tap":true,"time":360.5},{"angle":-90,"type":"block","time":360.5},{"angle":-105,"type":"block","tap":true,"time":360.5},{"angle":90,"type":"block","time":361.5},{"angle":75,"type":"block","tap":true,"time":361.5},{"angle":105,"type":"block","tap":true,"time":361.5},{"angle":-75,"type":"mine","time":361.5},{"angle":-105,"type":"mine","time":361.5},{"angle":105,"type":"mine","time":362.16666793823},{"angle":90,"type":"mine","time":362.16666793823},{"angle":75,"type":"mine","time":362.16666793823},{"angle":165,"type":"block","tap":true,"time":362.5},{"angle":180,"type":"block","time":362.5},{"angle":-165,"type":"block","tap":true,"time":362.5},{"angle":-90,"type":"mine","time":361.5},{"angle":165,"type":"mine","time":363},{"angle":180,"type":"mine","time":363},{"angle":-165,"type":"mine","time":363},{"angle":165,"type":"block","tap":true,"time":363.5},{"angle":-180,"type":"block","time":363.5},{"angle":-165,"type":"block","tap":true,"time":363.5},{"angle":75,"type":"block","tap":true,"time":364},{"angle":90,"type":"block","time":364},{"angle":105,"type":"block","tap":true,"time":364},{"angle":75,"type":"mine","time":365},{"angle":90,"type":"mine","time":365},{"angle":105,"type":"mine","time":365},{"angle":-75,"type":"block","tap":true,"time":365},{"angle":-90,"type":"block","time":365},{"angle":-105,"type":"block","tap":true,"time":365},{"angle":-75,"type":"mine","time":365.66666793823},{"angle":-105,"type":"mine","time":365.66666793823},{"angle":-90,"type":"mine","time":365.66666793823},{"angle":-15,"type":"block","tap":true,"time":366},{"angle":0,"type":"block","time":366},{"angle":15,"type":"block","tap":true,"time":366},{"angle":15,"type":"mine","time":366.5},{"angle":0,"type":"mine","time":366.5},{"angle":-15,"type":"mine","time":366.5},{"angle":15,"type":"block","tap":true,"time":367},{"angle":0,"type":"block","time":367},{"angle":-15,"type":"block","tap":true,"time":367},{"angle":360,"type":"hold","duration":1,"startTap":true,"endTap":true,"time":367.5,"angle2":540},{"angle":191.25,"type":"block","time":369.5},{"angle":180,"type":"block","tap":true,"time":369.5},{"angle":168.75,"type":"block","time":369.5},{"angle":202.5,"type":"side","time":370.5},{"angle":157.5,"type":"side","time":371},{"angle":202.5,"type":"side","time":371.5},{"angle":157.5,"type":"side","time":372},{"angle":348.75,"type":"block","time":372.5},{"angle":360,"type":"block","tap":true,"time":372.5},{"angle":11.25,"type":"block","time":372.5},{"angle":348.75,"type":"block","time":373.5},{"angle":0,"type":"block","tap":true,"time":373.5},{"angle":11.25,"type":"block","time":373.5},{"angle":337.5,"type":"side","time":374.5},{"angle":22.5,"type":"side","time":375},{"angle":337.5,"type":"side","time":375.5},{"angle":22.5,"type":"side","time":376},{"angle":360,"type":"hold","duration":1,"startTap":true,"endTap":true,"time":376.5,"angle2":438.75},{"angle":146.25,"type":"hold","duration":0.5,"startTap":true,"endTap":true,"time":378.5,"angle2":270},{"angle":360,"type":"hold","duration":1,"angle2":326.25,"segments":1,"time":380},{"angle":326.25,"type":"hold","duration":0.5,"angle2":393.75,"segments":1,"time":381},{"angle":33.75,"type":"hold","duration":0.5,"angle2":-22.5,"segments":1,"time":381.5},{"angle":337.5,"type":"hold","duration":0.5,"angle2":461.25,"time":382},{"angle":101.25,"type":"hold","duration":1,"endTap":true,"angle2":360,"time":382.5},{"angle":45,"type":"extraTap","time":383.5},{"angle":67.5,"type":"hold","duration":1,"angle2":67.5,"time":385.5},{"angle":67.5,"type":"hold","duration":1,"angle2":112.5,"segments":1,"time":386.5},{"angle":112.5,"type":"hold","duration":1,"time":387.5,"endTap":true,"segments":1,"angle2":67.5},{"angle":90,"type":"block","tap":true,"time":389.5},{"angle":90,"type":"block","tap":true,"time":390},{"angle":78.75,"type":"block","time":389.5},{"angle":78.75,"type":"block","time":390},{"angle":101.25,"type":"block","time":389.5},{"angle":101.25,"type":"block","time":390},{"angle":56.25,"type":"block","time":391},{"angle":123.75,"type":"block","time":391.5},{"angle":90,"type":"block","time":392},{"angle":180,"type":"hold","duration":1,"angle2":213.75,"time":393.5},{"angle":213.75,"type":"hold","duration":1,"angle2":146.25,"time":394.5},{"angle":146.25,"type":"hold","duration":1,"angle2":191.25,"time":396.5},{"angle":213.75,"type":"hold","duration":0,"startTap":true,"endTap":true,"time":397.5,"angle2":157.5},{"angle":191.25,"type":"hold","duration":1,"angle2":146.25,"time":398},{"angle":157.5,"type":"hold","duration":0,"startTap":true,"endTap":true,"time":399,"angle2":135},{"angle":326.25,"type":"mine","time":401.5},{"angle":315,"type":"mine","time":401.5},{"angle":303.75,"type":"mine","time":401.5},{"angle":292.5,"type":"mine","time":401.5},{"angle":337.5,"type":"mine","time":401.5},{"angle":281.25,"type":"mine","time":401.5},{"angle":270,"type":"mine","time":401.5},{"angle":348.75,"type":"mine","time":401.5},{"angle":0,"type":"mine","time":401.5},{"angle":45,"type":"block","time":401.5},{"angle":315,"type":"block","time":402.5},{"angle":337.5,"type":"mine","time":402.5},{"angle":348.75,"type":"mine","time":402.5},{"angle":0,"type":"mine","time":402.5},{"angle":11.25,"type":"mine","time":402.5},{"angle":22.5,"type":"mine","time":402.5},{"angle":33.75,"type":"mine","time":402.5},{"angle":45,"type":"mine","time":402.5},{"angle":56.25,"type":"mine","time":402.5},{"angle":67.5,"type":"mine","time":402.5},{"angle":78.75,"type":"mine","time":402.5},{"angle":90,"type":"mine","time":402.5},{"angle":11.25,"type":"mine","time":401.5},{"angle":270,"type":"mine","time":403.5},{"angle":281.25,"type":"mine","time":403.5},{"angle":292.5,"type":"mine","time":403.5},{"angle":303.75,"type":"mine","time":403.5},{"angle":90,"type":"mine","time":403.5},{"angle":78.75,"type":"mine","time":403.5},{"angle":67.5,"type":"mine","time":403.5},{"angle":56.25,"type":"mine","time":403.5},{"angle":0,"type":"block","time":403.5},{"angle":360,"type":"hold","duration":1,"angle2":337.5,"time":404.5},{"angle":337.5,"type":"hold","duration":0.5,"angle2":393.75,"time":405.5},{"angle":33.75,"type":"block","tap":true,"time":407},{"angle":0,"type":"block","tap":true,"time":407.5},{"angle":326.25,"type":"block","tap":true,"time":408},{"angle":292.5,"type":"block","time":408.5},{"angle":247.5,"type":"block","time":409},{"angle":292.5,"type":"block","time":409.5},{"angle":247.5,"type":"block","time":410},{"angle":292.5,"type":"block","time":408.625},{"angle":247.5,"type":"block","time":409.125},{"angle":292.5,"type":"block","time":409.625},{"angle":247.5,"type":"block","time":410.125},{"angle":292.5,"type":"block","time":408.71701049805},{"angle":247.5,"type":"block","time":409.22952270508},{"angle":292.5,"type":"block","time":409.71875},{"angle":247.5,"type":"block","time":410.22259521484},{"angle":270,"type":"hold","duration":1,"startTap":true,"endTap":true,"time":410.5,"angle2":270},{"angle":270,"type":"block","time":412},{"angle":236.25,"type":"side","time":414},{"angle":303.75,"type":"side","time":413},{"angle":90,"type":"block","time":415},{"angle":101.25,"type":"block","time":415},{"angle":78.75,"type":"block","time":415},{"angle":78.75,"type":"block","time":415.5},{"angle":90,"type":"block","time":415.5},{"angle":101.25,"type":"block","time":415.5},{"angle":67.5,"type":"block","time":415.5},{"angle":56.25,"type":"block","time":415.5},{"angle":45,"type":"block","time":415.5},{"angle":112.5,"type":"block","time":415.5},{"angle":123.75,"type":"block","time":415.5},{"angle":135,"type":"block","time":415.5},{"angle":67.5,"type":"block","time":415},{"angle":56.25,"type":"block","time":415},{"angle":45,"type":"block","time":415},{"angle":112.5,"type":"block","time":415},{"angle":123.75,"type":"block","time":415},{"angle":135,"type":"block","time":415},{"angle":135,"type":"hold","duration":6,"endTap":true,"angle2":67.5,"time":416.5},{"angle":123.75,"type":"block","time":423.5},{"angle":123.75,"type":"hold","duration":4.5,"startTap":true,"endTap":true,"time":424.5,"angle2":56.25},{"angle":132.69522094727,"type":"block","time":416.625},{"angle":130.97576904297,"type":"block","time":416.75},{"angle":130.21546936035,"type":"block","time":416.875},{"angle":128.89993286133,"type":"block","time":417},{"angle":127.3931350708,"type":"block","time":417.125},{"angle":126.75248718262,"type":"block","time":417.25},{"angle":125.10521697998,"type":"block","time":417.375},{"angle":124.02561950684,"type":"block","time":417.5},{"angle":122.1322479248,"type":"block","time":417.625},{"angle":122.45568084717,"type":"block","time":417.75},{"angle":120.08415985107,"type":"block","time":417.875},{"angle":118.22053527832,"type":"block","time":418},{"angle":116.32950592041,"type":"block","time":418.125},{"angle":115.28372192383,"type":"block","time":418.25},{"angle":113.22618865967,"type":"block","time":418.375},{"angle":112.86231994629,"type":"block","time":418.5},{"angle":111.68228912354,"type":"block","time":418.625},{"angle":108.92464447021,"type":"block","time":418.75},{"angle":108.31252288818,"type":"block","time":418.875},{"angle":106.96335601807,"type":"block","time":419},{"angle":105.3369140625,"type":"block","time":419.125},{"angle":104.46417236328,"type":"block","time":419.25},{"angle":102.92880249023,"type":"block","time":419.375},{"angle":101.12410736084,"type":"block","time":419.5},{"angle":99.71573638916,"type":"block","time":419.625},{"angle":98.716606140137,"type":"block","time":419.75},{"angle":97.139495849609,"type":"block","time":419.875},{"angle":96.149917602539,"type":"block","time":420},{"angle":95.23152923584,"type":"block","time":420.125},{"angle":94.112854003906,"type":"block","time":420.25},{"angle":92.714576721191,"type":"block","time":420.375},{"angle":90.845634460449,"type":"block","time":420.5},{"angle":88.750755310059,"type":"block","time":420.625},{"angle":87.861953735352,"type":"block","time":420.75},{"angle":87.299369812012,"type":"block","time":420.875},{"angle":85.236358642578,"type":"block","time":421},{"angle":84.19327545166,"type":"block","time":421.125},{"angle":83.018943786621,"type":"block","time":421.25},{"angle":81.634117126465,"type":"block","time":421.375},{"angle":79.597755432129,"type":"block","time":421.5},{"angle":77.049530029297,"type":"block","time":421.75},{"angle":77.905242919922,"type":"block","time":421.625},{"angle":75.475845336914,"type":"block","time":421.875},{"angle":74.036712646484,"type":"block","time":422},{"angle":73.346672058105,"type":"block","time":422.125},{"angle":71.026443481445,"type":"block","time":422.25},{"angle":121.20475006104,"type":"block","time":424.625},{"angle":119.34085083008,"type":"block","time":424.75},{"angle":117.7852935791,"type":"block","time":424.875},{"angle":116.33308410645,"type":"block","time":425},{"angle":115.0484085083,"type":"block","time":425.125},{"angle":112.50060272217,"type":"block","time":425.25},{"angle":110.26291656494,"type":"block","time":425.375},{"angle":108.00415802002,"type":"block","time":425.5},{"angle":105.88265991211,"type":"block","time":425.625},{"angle":103.70696258545,"type":"block","time":425.75},{"angle":102.31244659424,"type":"block","time":425.875},{"angle":101.42506408691,"type":"block","time":426},{"angle":99.835861206055,"type":"block","time":426.125},{"angle":98.642799377441,"type":"block","time":426.25},{"angle":96.44832611084,"type":"block","time":426.375},{"angle":94.474899291992,"type":"block","time":426.5},{"angle":92.385940551758,"type":"block","time":426.625},{"angle":91.847610473633,"type":"block","time":426.75},{"angle":88.00212097168,"type":"block","time":426.875},{"angle":85.999816894531,"type":"block","time":427},{"angle":85.067054748535,"type":"block","time":427.125},{"angle":83.423889160156,"type":"block","time":427.25},{"angle":81.811210632324,"type":"block","time":427.375},{"angle":80.53768157959,"type":"block","time":427.5},{"angle":78.08878326416,"type":"block","time":427.625},{"angle":76.660751342773,"type":"block","time":427.75},{"angle":73.651824951172,"type":"block","time":427.875},{"angle":71.30696105957,"type":"block","time":428},{"angle":70.39591217041,"type":"block","time":428.125},{"angle":69.839302062988,"type":"block","time":428.25},{"angle":66.702224731445,"type":"block","time":428.375},{"angle":64.115852355957,"type":"block","time":428.5},{"angle":63.322162628174,"type":"block","time":428.625},{"angle":60.72770690918,"type":"block","time":428.75},{"angle":90,"type":"block","time":432.5},{"angle":180,"type":"block","time":433.5},{"angle":270,"type":"block","time":434.5},{"angle":0,"type":"block","time":435.5},{"angle":315,"type":"hold","duration":0.5,"angle2":360,"time":436.5},{"angle":22.5,"type":"hold","duration":0.5,"angle2":-22.5,"time":437.5},{"angle":360,"type":"block","time":439},{"angle":4.8474073410034,"type":"block","time":439.09375},{"angle":8.991247177124,"type":"block","time":439.18728637695},{"angle":13.041890144348,"type":"block","time":439.30041503906},{"angle":15.417428970337,"type":"block","time":439.40225219727},{"angle":17.661279678345,"type":"block","time":439.51290893555},{"angle":19.741140365601,"type":"block","time":439.61853027344},{"angle":20.951446533203,"type":"block","time":439.72329711914},{"angle":22.083097457886,"type":"block","time":439.82955932617},{"angle":23.676769256592,"type":"block","time":439.93936157227},{"angle":24.540615081787,"type":"block","time":440.05996704102},{"angle":25.377744674683,"type":"block","time":440.16204833984},{"angle":25.803329467773,"type":"block","time":440.26440429688},{"angle":360,"type":"extraTap","time":440.5},{"angle":0,"type":"extraTap","time":441.5},{"angle":0,"type":"extraTap","time":442.5},{"angle":360,"type":"extraTap","time":443.5},{"angle":360,"type":"extraTap","time":444.5},{"angle":360,"type":"extraTap","time":445.5},{"angle":0,"type":"extraTap","time":446.5},{"angle":0,"type":"extraTap","time":447.5},{"angle":60,"type":"extraTap","time":448.5},{"angle":0,"type":"block","time":449.5},{"angle":0,"type":"block","time":448.5},{"angle":330,"type":"block","time":450.5},{"angle":30,"type":"block","time":451.5},{"angle":0,"type":"block","time":452.5},{"angle":90,"type":"block","time":453.5},{"angle":120,"type":"block","time":454.5},{"angle":150,"type":"block","time":455.5},{"angle":240,"type":"block","time":456.5},{"angle":300,"type":"block","time":457.5},{"angle":0,"type":"block","time":458.5},{"angle":300,"type":"block","time":459.5},{"angle":90,"type":"block","time":460.5},{"angle":150,"type":"block","time":461.5},{"angle":180,"type":"block","time":462.5},{"angle":180,"type":"block","time":463.5},{"angle":360,"type":"block","time":464.5},{"angle":330,"type":"block","time":465.5},{"angle":30,"type":"block","time":466.5},{"angle":330,"type":"block","time":467.5},{"angle":90,"type":"block","time":468.5},{"angle":180,"type":"block","time":470.5},{"angle":150,"type":"block","time":471.5},{"angle":240,"type":"block","time":472.5},{"angle":270,"type":"block","time":473.5},{"angle":300,"type":"block","time":474.5},{"angle":0,"type":"block","time":475.5},{"angle":60,"type":"block","time":469.5},{"angle":330,"type":"block","time":476.5},{"angle":30,"type":"block","time":477.5},{"angle":60,"type":"block","time":478.5},{"angle":360,"type":"block","time":479.5}]