[
  {
    "type": "tag",
    "angle": 0,
    "angleOffset": false,
    "tag": "rainpack",
    "time": 0
  },
  {
    "type": "tag",
    "angle": 0,
    "angleOffset": false,
    "tag": "rainpack",
    "time": 8
  },
  {
    "type": "tag",
    "angle": 0,
    "angleOffset": false,
    "tag": "rainpack",
    "time": 16
  },
  {
    "type": "tag",
    "angle": 0,
    "angleOffset": false,
    "tag": "rainpack",
    "time": 24
  },
  {
    "type": "tag",
    "angle": 0,
    "angleOffset": false,
    "tag": "rainpack",
    "time": 32
  },
  {
    "type": "tag",
    "angle": 0,
    "angleOffset": false,
    "tag": "rainpack",
    "time": 40
  },
  {
    "type": "tag",
    "angle": 0,
    "angleOffset": false,
    "tag": "rainpack",
    "time": 48
  },
  {
    "type": "tag",
    "angle": 0,
    "angleOffset": false,
    "tag": "rainpack",
    "time": 56
  },
  {
    "type": "tag",
    "angle": 0,
    "angleOffset": false,
    "tag": "rainpack",
    "time": 64
  },
  {
    "type": "tag",
    "angle": 0,
    "angleOffset": false,
    "tag": "rainpack",
    "time": 72
  },
  {
    "type": "tag",
    "angle": 0,
    "angleOffset": false,
    "tag": "rainpack",
    "time": 80
  },
  {
    "type": "tag",
    "angle": 0,
    "angleOffset": false,
    "tag": "rainpack",
    "time": 88
  },
  {
    "type": "tag",
    "angle": 0,
    "angleOffset": false,
    "tag": "rainpack",
    "time": 96
  },
  {
    "type": "tag",
    "angle": 0,
    "angleOffset": false,
    "tag": "rainpack",
    "time": 104
  },
  {
    "type": "tag",
    "angle": 0,
    "angleOffset": false,
    "tag": "rainpack",
    "time": 112
  },
  {
    "type": "tag",
    "angle": 0,
    "angleOffset": false,
    "tag": "rainpack",
    "time": 120
  }
]