[{"time":0,"type":"ease","var":"vfx.angleTwist.offset","angle":90,"value":200,"ease":"outSine","duration":1},{"time":1,"type":"ease","var":"vfx.angleTwist.offset","angle":90,"value":0,"ease":"inOutSine","duration":5},{"time":4,"type":"ease","var":"vfx.angleTwist.offset","angle":-90,"value":-200,"ease":"outSine","duration":1},{"time":5,"type":"ease","var":"vfx.angleTwist.offset","angle":-90,"value":0,"ease":"inOutSine","duration":5},{"time":8.25,"type":"ease","var":"scrollSpeed","angle":-135,"value":0.80000001192093,"ease":"outSine","duration":1},{"time":9.25,"type":"ease","value":1,"angle":-135,"var":"scrollSpeed","ease":"inOutSine","duration":5}]