[{"angle2":236.25,"type":"hold","time":4,"duration":1,"angle":270},{"angle2":292.5,"type":"hold","time":5,"duration":3.5,"angle":258.75},{"angle2":303.75,"type":"hold","time":9,"duration":2,"angle":225},{"angle2":225,"type":"hold","time":11,"duration":1,"angle":303.75},{"angle2":168.75,"type":"hold","time":6.5,"duration":0.5,"angle":191.25},{"angle2":281.25,"type":"hold","time":7,"duration":1.5,"angle":146.25},{"angle2":146.25,"type":"hold","time":13,"duration":3,"angle":157.5},{"angle2":135,"type":"hold","time":14.5,"duration":1.5,"angle":258.75},{"angle2":157.5,"type":"hold","time":15,"duration":1,"angle":78.75},{"angle2":348.75,"type":"hold","time":16.5,"duration":3.5,"angle":303.75},{"angle2":-112.5,"type":"hold","time":17,"duration":1,"angle":0},{"angle2":236.25,"type":"hold","time":18,"duration":1,"angle":225},{"angle2":225,"type":"hold","time":19,"duration":2,"angle":191.25},{"angle2":236.25,"type":"hold","time":20,"duration":1,"angle":348.75},{"angle2":101.25,"type":"hold","time":21,"duration":6,"angle":225},{"angle2":112.5,"type":"hold","time":22.5,"duration":4.5,"angle":101.25},{"angle2":146.25,"type":"hold","time":23,"duration":4,"angle":78.75},{"angle2":405,"type":"hold","time":25,"duration":4,"angle":348.75},{"angle2":33.75,"type":"hold","time":29,"duration":1,"angle":22.5},{"angle2":-90,"type":"hold","time":30,"duration":0.75,"angle":33.75},{"angle2":382.5,"type":"hold","time":30.75,"duration":3.375,"angle":270},{"angle2":22.5,"type":"hold","time":32,"duration":2.125,"angle":22.5},{"angle2":78.75,"type":"hold","time":32.5,"duration":2.5,"angle":78.75},{"angle2":135,"type":"hold","time":33,"duration":3,"angle":135},{"angle2":78.75,"type":"hold","time":34.125,"duration":0.875,"angle":22.5},{"angle2":135,"type":"hold","time":35,"duration":1,"angle":78.75},{"time":37,"type":"block","angle":191.25},{"time":37,"type":"block","angle":168.75},{"time":37,"type":"block","angle":180},{"time":38,"type":"block","angle":348.75},{"time":38,"type":"block","angle":0},{"time":38,"type":"block","angle":11.25},{"time":39,"type":"block","angle":146.25},{"time":39.25,"type":"block","angle":168.75},{"time":39.5,"type":"block","angle":191.25},{"time":39.75,"type":"block","angle":135},{"time":40,"type":"block","angle":157.5},{"time":40.25,"type":"block","angle":180},{"time":40.5,"type":"block","angle":123.75},{"angle2":123.75,"type":"hold","time":41,"duration":3,"angle":168.75},{"time":40.75,"type":"block","angle":146.25},{"angle2":112.5,"type":"hold","time":43,"duration":1,"angle":56.25},{"time":44,"type":"block","angle":135},{"time":45.5,"type":"block","angle":258.75},{"time":45.5,"type":"block","angle":270},{"time":45.5,"type":"block","angle":281.25},{"time":46,"type":"block","angle":78.75},{"time":46,"type":"block","angle":90},{"time":46,"type":"block","angle":101.25},{"time":47,"type":"block","angle":-438.75},{"time":47.25,"type":"block","angle":-461.25},{"time":47.5,"type":"block","angle":-483.75},{"time":47.75,"type":"block","angle":-427.5},{"time":48,"type":"block","angle":-450},{"time":48.25,"type":"block","angle":-472.5},{"time":48.5,"type":"block","angle":-416.25},{"angle2":360,"type":"hold","time":48.75,"duration":3.25,"angle":281.25},{"angle2":0,"type":"hold","time":50.875,"duration":1.125,"angle":45},{"time":53,"type":"block","angle":33.75},{"time":53,"type":"block","angle":45},{"time":53,"type":"block","angle":56.25},{"time":54,"type":"block","angle":225},{"time":54,"type":"block","angle":236.25},{"time":54,"type":"block","angle":213.75},{"time":55,"type":"block","angle":56.25},{"time":55.25,"type":"block","angle":78.75},{"time":55.5,"type":"block","angle":101.25},{"time":55.75,"type":"block","angle":45},{"time":56,"type":"block","angle":67.5},{"time":56.25,"type":"block","angle":90},{"time":56.5,"type":"block","angle":33.75},{"angle2":90,"type":"hold","time":56.875,"duration":3.875,"angle":56.25},{"angle2":101.25,"type":"hold","time":58.875,"duration":1.875,"angle":123.75},{"angle2":78.75,"type":"hold","time":60,"duration":0.75,"angle":56.25},{"angle2":180,"type":"hold","time":60.75,"duration":0.75,"angle":78.75},{"angle":180,"type":"hold","time":61.5,"duration":7.375,"angle2":180,"holdEase":"inExpo"},{"angle":270,"type":"hold","time":62.125,"duration":7.75,"angle2":270,"holdEase":"inExpo"},{"angle":360,"type":"hold","time":62.625,"duration":8.25,"angle2":360,"holdEase":"inExpo"},{"angle":90,"type":"hold","time":63.125,"duration":7.75,"angle2":0,"holdEase":"inExpo"},{"angle":90,"type":"hold","time":63.125,"duration":4.875,"angle2":101.25,"holdEase":"inExpo"},{"angle":90,"type":"hold","time":63.125,"duration":5,"angle2":112.5,"holdEase":"inExpo"},{"angle":90,"type":"hold","time":63.125,"duration":5.125,"angle2":123.75,"holdEase":"inExpo"},{"angle":90,"type":"hold","time":63.125,"duration":5.25,"angle2":135,"holdEase":"inExpo"},{"angle":90,"type":"hold","time":63.125,"duration":5.375,"angle2":146.25,"holdEase":"inExpo"},{"angle":90,"type":"hold","time":63.125,"duration":5.5,"angle2":157.5,"holdEase":"inExpo"},{"angle":90,"type":"hold","time":63.125,"duration":5.625,"angle2":168.75,"holdEase":"inExpo"},{"angle":90,"type":"hold","time":63.125,"duration":5.75,"angle2":180,"holdEase":"inExpo"},{"angle":180,"type":"hold","time":61.5,"duration":7.5,"angle2":191.25,"holdEase":"inExpo"},{"angle":180,"type":"hold","time":61.5,"duration":7.625,"angle2":202.5,"holdEase":"inExpo"},{"angle":180,"type":"hold","time":61.5,"duration":7.75,"angle2":213.75,"holdEase":"inExpo"},{"angle":180,"type":"hold","time":61.5,"duration":7.875,"angle2":225,"holdEase":"inExpo"},{"angle":180,"type":"hold","time":61.5,"duration":8,"angle2":236.25,"holdEase":"inExpo"},{"angle":180,"type":"hold","time":61.5,"duration":8.125,"angle2":247.5,"holdEase":"inExpo"},{"angle":180,"type":"hold","time":61.5,"duration":8.25,"angle2":258.75,"holdEase":"inExpo"},{"angle":180,"type":"hold","time":61.5,"duration":8.375,"angle2":270,"holdEase":"inExpo"},{"angle":270,"type":"hold","time":62.125,"duration":7.875,"angle2":281.25,"holdEase":"inExpo"},{"angle":270,"type":"hold","time":62.125,"duration":8,"angle2":292.5,"holdEase":"inExpo"},{"angle":270,"type":"hold","time":62.125,"duration":8.125,"angle2":303.75,"holdEase":"inExpo"},{"angle":270,"type":"hold","time":62.125,"duration":8.25,"angle2":315,"holdEase":"inExpo"},{"angle":270,"type":"hold","time":62.125,"duration":8.375,"angle2":326.25,"holdEase":"inExpo"},{"angle":270,"type":"hold","time":62.125,"duration":8.5,"angle2":337.5,"holdEase":"inExpo"},{"angle":270,"type":"hold","time":62.125,"duration":8.625,"angle2":348.75,"holdEase":"inExpo"},{"angle":270,"type":"hold","time":62.125,"duration":8.75,"angle2":360,"holdEase":"inExpo"},{"angle":360,"type":"hold","time":62.625,"duration":8.375,"angle2":371.25,"holdEase":"inExpo"},{"angle":360,"type":"hold","time":62.625,"duration":8.5,"angle2":382.5,"holdEase":"inExpo"},{"angle":360,"type":"hold","time":62.625,"duration":8.625,"angle2":393.75,"holdEase":"inExpo"},{"angle":360,"type":"hold","time":62.625,"duration":8.75,"angle2":405,"holdEase":"inExpo"},{"angle":360,"type":"hold","time":62.625,"duration":8.875,"angle2":416.25,"holdEase":"inExpo"},{"angle":360,"type":"hold","time":62.625,"duration":9,"angle2":427.5,"holdEase":"inExpo"},{"angle":360,"type":"hold","time":62.625,"duration":9.125,"angle2":438.75,"holdEase":"inExpo"},{"angle":360,"type":"hold","time":62.625,"duration":9.25,"angle2":450,"holdEase":"inExpo"},{"time":64.75,"type":"block","angle":326.25},{"angle2":270,"type":"hold","time":71.875,"duration":1.125,"angle":90},{"angle":180,"type":"hold","time":61.5,"duration":7.25,"angle2":168.75,"holdEase":"inExpo"},{"angle":180,"type":"hold","time":61.5,"duration":7.125,"angle2":157.5,"holdEase":"inExpo"},{"angle":180,"type":"hold","time":61.5,"duration":7,"angle2":146.25,"holdEase":"inExpo"},{"angle":180,"type":"hold","time":61.5,"duration":6.875,"angle2":135,"holdEase":"inExpo"},{"angle":180,"type":"hold","time":61.5,"duration":6.75,"angle2":123.75,"holdEase":"inExpo"},{"angle":180,"type":"hold","time":61.5,"duration":6.625,"angle2":112.5,"holdEase":"inExpo"},{"angle":180,"type":"hold","time":61.5,"duration":6.5,"angle2":101.25,"holdEase":"inExpo"},{"angle":180,"type":"hold","time":61.5,"duration":6.375,"angle2":90,"holdEase":"inExpo"},{"angle":270,"type":"hold","time":62.125,"duration":7.625,"angle2":258.75,"holdEase":"inExpo"},{"angle":270,"type":"hold","time":62.125,"duration":7.5,"angle2":247.5,"holdEase":"inExpo"},{"angle":270,"type":"hold","time":62.125,"duration":7.375,"angle2":236.25,"holdEase":"inExpo"},{"angle":270,"type":"hold","time":62.125,"duration":7.25,"angle2":225,"holdEase":"inExpo"},{"angle":270,"type":"hold","time":62.125,"duration":7.125,"angle2":213.75,"holdEase":"inExpo"},{"angle":270,"type":"hold","time":62.125,"duration":7,"angle2":202.5,"holdEase":"inExpo"},{"angle":270,"type":"hold","time":62.125,"duration":6.875,"angle2":191.25,"holdEase":"inExpo"},{"angle":270,"type":"hold","time":62.125,"duration":6.75,"angle2":180,"holdEase":"inExpo"},{"angle":360,"type":"hold","time":62.625,"duration":8.125,"angle2":348.75,"holdEase":"inExpo"},{"angle":360,"type":"hold","time":62.625,"duration":8,"angle2":337.5,"holdEase":"inExpo"},{"angle":360,"type":"hold","time":62.625,"duration":7.875,"angle2":326.25,"holdEase":"inExpo"},{"angle":360,"type":"hold","time":62.625,"duration":7.75,"angle2":315,"holdEase":"inExpo"},{"angle":360,"type":"hold","time":62.625,"duration":7.625,"angle2":303.75,"holdEase":"inExpo"},{"angle":360,"type":"hold","time":62.625,"duration":7.5,"angle2":292.5,"holdEase":"inExpo"},{"angle":360,"type":"hold","time":62.625,"duration":7.375,"angle2":281.25,"holdEase":"inExpo"},{"angle":360,"type":"hold","time":62.625,"duration":7.25,"angle2":270,"holdEase":"inExpo"},{"angle":90,"type":"hold","time":63.125,"duration":7.875,"angle2":11.25,"holdEase":"inExpo"},{"angle":90,"type":"hold","time":63.125,"duration":8,"angle2":22.5,"holdEase":"inExpo"},{"angle":90,"type":"hold","time":63.125,"duration":8.125,"angle2":33.75,"holdEase":"inExpo"},{"angle":90,"type":"hold","time":63.125,"duration":8.375,"angle2":56.25,"holdEase":"inExpo"},{"angle":90,"type":"hold","time":63.125,"duration":8.5,"angle2":67.5,"holdEase":"inExpo"},{"angle":90,"type":"hold","time":63.125,"duration":8.625,"angle2":78.75,"holdEase":"inExpo"},{"angle":90,"type":"hold","time":63.125,"duration":8.75,"angle2":90,"holdEase":"inExpo"},{"angle":90,"type":"hold","time":63.125,"duration":4.75,"angle2":90,"holdEase":"inExpo"},{"time":73,"type":"side","angle":315},{"time":73,"type":"side","angle":326.25},{"time":73,"type":"side","angle":303.75},{"time":64.75,"type":"block","angle":315},{"time":64.75,"type":"block","angle":337.5},{"time":64,"type":"block","angle":45},{"time":65,"type":"block","angle":-67.5},{"time":42.625,"type":"block","angle":202.5},{"time":42.625,"type":"block","angle":213.75},{"time":42.625,"type":"block","angle":225},{"time":50.125,"type":"block","angle":112.5},{"time":50.125,"type":"block","angle":123.75},{"time":50.125,"type":"block","angle":135},{"angle2":90,"type":"hold","time":73.875,"duration":2.125,"angle":90},{"angle2":90,"type":"hold","time":74.5,"duration":1.5,"angle":0},{"angle2":90,"type":"hold","time":75,"duration":1,"angle":180},{"time":76.5,"type":"block","angle":360},{"angle2":270,"type":"hold","time":77,"duration":2.5,"angle":270},{"angle":270,"type":"hold","time":78,"duration":0.5,"angle2":303.75,"holdEase":"outCirc"},{"angle":270,"type":"hold","time":78.5,"duration":0.5,"angle2":236.25,"holdEase":"outCirc"},{"angle":303.75,"type":"hold","time":78.5,"duration":0.5,"angle2":270,"holdEase":"inCirc"},{"angle":-450,"type":"hold","time":79,"duration":0.5,"angle2":-438.75,"holdEase":"outCirc"},{"angle":-123.75,"type":"hold","time":79,"duration":0.5,"angle2":-101.25,"holdEase":"inCirc"},{"angle2":191.25,"type":"hold","time":79.5,"duration":1,"angle":281.25},{"angle2":180,"type":"hold","time":79.5,"duration":1,"angle":270},{"angle2":168.75,"type":"hold","time":79.5,"duration":1,"angle":258.75},{"angle2":-281.25,"type":"hold","time":80,"duration":1,"angle":-371.25},{"angle2":-270,"type":"hold","time":80,"duration":1,"angle":-360},{"angle2":-258.75,"type":"hold","time":80,"duration":1,"angle":-348.75},{"angle2":101.25,"type":"hold","time":80.5,"duration":0.5,"angle":191.25},{"angle2":90,"type":"hold","time":80.5,"duration":0.5,"angle":180},{"angle2":78.75,"type":"hold","time":80.5,"duration":0.5,"angle":168.75},{"angle2":90,"type":"hold","time":81,"duration":2,"angle":90},{"angle2":450,"type":"hold","time":82,"duration":1,"angle":360},{"angle2":90,"type":"hold","time":82.5,"duration":0.5,"angle":180},{"angle2":-90,"type":"hold","time":83,"duration":1,"angle":90},{"time":84.5,"type":"block","angle":180},{"angle2":0,"type":"hold","time":85,"duration":2.625,"angle":0},{"angle":90,"type":"hold","time":63.125,"duration":8.25,"angle2":45,"holdEase":"inExpo"},{"angle":360,"type":"hold","time":86.125,"duration":0.5,"angle2":393.75,"holdEase":"outCirc"},{"angle":360,"type":"hold","time":86.625,"duration":0.5,"angle2":326.25,"holdEase":"outCirc"},{"angle":33.75,"type":"hold","time":86.625,"duration":0.5,"angle2":0,"holdEase":"inCirc"},{"angle":-360,"type":"hold","time":87.125,"duration":0.5,"angle2":-348.75,"holdEase":"outCirc"},{"angle":-33.75,"type":"hold","time":87.125,"duration":0.5,"angle2":-11.25,"holdEase":"inCirc"},{"angle2":-281.25,"type":"hold","time":87.625,"duration":1,"angle":-371.25},{"angle2":-270,"type":"hold","time":87.625,"duration":1,"angle":-360},{"angle2":-258.75,"type":"hold","time":87.625,"duration":1,"angle":-348.75},{"angle2":191.25,"type":"hold","time":88.125,"duration":1,"angle":281.25},{"angle2":180,"type":"hold","time":88.125,"duration":1,"angle":270},{"angle2":168.75,"type":"hold","time":88.125,"duration":1,"angle":258.75},{"angle2":-191.25,"type":"hold","time":88.625,"duration":0.5,"angle":-281.25},{"angle2":-180,"type":"hold","time":88.625,"duration":0.5,"angle":-270},{"angle2":-168.75,"type":"hold","time":88.625,"duration":0.5,"angle":-258.75},{"angle2":180,"type":"hold","time":89.125,"duration":0.5,"angle":191.25},{"angle2":180,"type":"hold","time":89.125,"duration":0.5,"angle":168.75},{"time":90.625,"type":"block","angle":281.25},{"time":90.625,"type":"block","angle":270},{"time":90.625,"type":"block","angle":258.75},{"angle2":270,"type":"hold","time":91.125,"duration":0.5,"angle":281.25},{"angle2":270,"type":"hold","time":91.125,"duration":0.5,"angle":258.75},{"time":92.625,"type":"block","angle":371.25},{"time":92.625,"type":"block","angle":360},{"time":92.625,"type":"block","angle":348.75},{"angle2":360,"type":"hold","time":93.125,"duration":0.5,"angle":371.25},{"angle2":360,"type":"hold","time":93.125,"duration":0.5,"angle":348.75},{"time":94.625,"type":"block","angle":461.25},{"time":94.625,"type":"block","angle":450},{"time":94.625,"type":"block","angle":438.75},{"angle2":450,"type":"hold","time":95.125,"duration":0.5,"angle":461.25},{"angle2":450,"type":"hold","time":95.125,"duration":0.5,"angle":438.75},{"time":96.625,"type":"block","angle":551.25},{"time":96.625,"type":"block","angle":540},{"time":96.625,"type":"block","angle":528.75},{"angle2":191.25,"type":"hold","time":97.125,"duration":4,"angle":191.25},{"angle2":180,"type":"hold","time":97.125,"duration":4,"angle":180},{"angle2":168.75,"type":"hold","time":97.125,"duration":4,"angle":168.75},{"angle2":258.75,"type":"hold","time":98.125,"duration":3.5,"angle":258.75},{"angle2":270,"type":"hold","time":98.125,"duration":3.5,"angle":270},{"angle2":281.25,"type":"hold","time":98.125,"duration":3.5,"angle":281.25},{"angle2":348.75,"type":"hold","time":99.125,"duration":3,"angle":348.75},{"angle2":360,"type":"hold","time":99.125,"duration":3,"angle":360},{"angle2":11.25,"type":"hold","time":99.125,"duration":3,"angle":11.25},{"angle2":78.75,"type":"hold","time":100.125,"duration":2.5,"angle":78.75},{"angle2":101.25,"type":"hold","time":100.125,"duration":2.5,"angle":101.25},{"time":104.75,"type":"block","angle":315},{"angle2":315,"type":"hold","time":110,"duration":11,"angle":315,"startTap":true},{"angle2":45,"type":"hold","time":111,"duration":18,"angle":45,"startTap":true},{"angle2":180,"type":"hold","time":112,"duration":28.625,"angle":180,"startTap":true},{"speedMult":8,"type":"hold","time":121,"duration":0.5,"angle":303.75,"angle2":303.75},{"angle2":315,"type":"hold","time":121,"duration":0.5,"angle":315,"speedMult":8},{"angle2":326.25,"type":"hold","time":121,"duration":0.5,"angle":326.25,"speedMult":8},{"angle":258.75,"type":"hold","time":91.125,"duration":0,"segments":1,"angle2":281.25},{"angle":348.75,"type":"hold","time":93.125,"duration":0,"segments":1,"angle2":371.25},{"angle":78.75,"type":"hold","time":95.125,"duration":0,"segments":1,"angle2":101.25},{"time":113,"type":"block","angle":247.5},{"time":113,"type":"block","angle":270},{"time":113,"type":"block","angle":258.75},{"time":114,"type":"block","angle":67.5},{"time":114,"type":"block","angle":78.75},{"time":114,"type":"block","angle":90},{"angle2":-146.25,"type":"hold","time":114.875,"duration":2.125,"angle":0},{"angle2":225,"type":"hold","time":115.625,"duration":1.375,"angle":258.75},{"angle2":202.5,"type":"hold","time":116.125,"duration":0.875,"angle":146.25},{"angle2":450,"type":"hold","time":117,"duration":2,"angle":213.75},{"angle2":-33.75,"type":"hold","time":119,"duration":2,"angle":90},{"time":121.5,"type":"block","angle":315},{"angle2":258.75,"type":"hold","time":121.875,"duration":0.875,"angle":281.25},{"time":123,"type":"block","angle":236.25},{"time":123.375,"type":"block","angle":213.75},{"time":123.875,"type":"block","angle":326.25},{"time":124.375,"type":"block","angle":281.25},{"angle2":405,"type":"hold","time":125,"duration":4,"angle":213.75},{"angle2":45,"type":"hold","time":126,"duration":3,"angle":112.5},{"angle2":405,"type":"hold","time":126.75,"duration":2.25,"angle":360},{"time":127.375,"type":"side","angle":191.25},{"time":127.375,"type":"side","angle":180},{"time":127.375,"type":"side","angle":168.75},{"time":128.125,"type":"side","angle":191.25},{"time":128.125,"type":"side","angle":180},{"time":128.125,"type":"side","angle":168.75},{"time":129,"type":"block","angle":56.25},{"time":129,"type":"block","angle":33.75},{"time":130,"type":"block","angle":112.5},{"time":130,"type":"block","angle":123.75},{"time":130,"type":"block","angle":135},{"angle2":270,"type":"hold","time":131,"duration":0.875,"angle":315},{"time":132.25,"type":"block","angle":303.75},{"angle":213.75,"type":"hold","time":132.875,"duration":2,"angle2":360,"holdEase":"inBack"},{"angle":0,"type":"hold","time":134.875,"duration":1,"angle2":33.75,"holdEase":"outCirc"},{"angle":33.75,"type":"hold","time":135.875,"duration":0.75,"angle2":-22.5,"holdEase":"outCirc"},{"angle":337.5,"type":"hold","time":136.625,"duration":1.375,"angle2":360,"holdEase":"outCirc"},{"time":138,"type":"block","angle":337.5},{"time":138,"type":"block","angle":22.5},{"time":139,"type":"block","angle":281.25},{"time":139,"type":"block","angle":258.75},{"time":139.75,"type":"block","angle":78.75},{"time":139.75,"type":"block","angle":101.25},{"angle2":168.75,"type":"hold","time":139,"duration":1.625,"angle":270},{"angle2":191.25,"type":"hold","time":139.75,"duration":0.875,"angle":90},{"angle2":225,"type":"hold","time":142,"duration":11,"angle":225,"startTap":true},{"angle2":135,"type":"hold","time":143,"duration":18,"angle":135,"startTap":true},{"angle2":360,"type":"hold","time":144,"duration":25,"angle":360,"startTap":true},{"time":145,"type":"block","angle":292.5},{"time":145,"type":"block","angle":303.75},{"time":145,"type":"block","angle":315},{"time":145.5,"type":"block","angle":45},{"time":145.5,"type":"block","angle":56.25},{"time":145.5,"type":"block","angle":67.5},{"time":146,"type":"block","angle":191.25},{"time":146,"type":"block","angle":168.75},{"angle2":270,"type":"hold","time":146,"duration":1,"angle":180},{"angle2":168.75,"type":"hold","time":147,"duration":2,"angle":247.5},{"angle2":405,"type":"hold","time":149,"duration":2,"angle":180},{"angle2":-146.25,"type":"hold","time":151,"duration":2,"angle":45},{"angle2":191.25,"type":"hold","time":148,"duration":1,"angle":123.75},{"angle2":180,"type":"hold","time":148.5,"duration":0.5,"angle":168.75},{"angle2":213.75,"type":"hold","time":153,"duration":0.5,"angle":213.75,"speedMult":8},{"speedMult":8,"type":"hold","time":153,"duration":0.5,"angle":225,"angle2":225},{"speedMult":8,"type":"hold","time":153,"duration":0.5,"angle":236.25,"angle2":236.25},{"time":153.5,"type":"block","angle":225},{"time":154,"type":"block","angle":191.25},{"angle2":90,"type":"hold","time":154.875,"duration":2.125,"angle":157.5},{"angle2":112.5,"type":"hold","time":155.5,"duration":1.5,"angle":112.5},{"angle2":78.75,"type":"hold","time":156,"duration":1,"angle":90},{"angle2":-78.75,"type":"hold","time":157,"duration":1,"angle":78.75},{"angle2":-101.25,"type":"hold","time":157,"duration":1,"angle":112.5},{"angle2":-258.75,"type":"hold","time":158,"duration":0.875,"angle":-101.25},{"angle2":78.75,"type":"hold","time":158,"duration":0.875,"angle":281.25},{"angle2":135,"type":"hold","time":157,"duration":4,"angle":90},{"angle2":135,"type":"hold","time":158,"duration":3,"angle":270},{"angle2":135,"type":"hold","time":158.875,"duration":2.125,"angle":90},{"time":159.5,"type":"side","angle":348.75},{"time":159.5,"type":"side","angle":0},{"time":159.5,"type":"side","angle":11.25},{"time":160.125,"type":"side","angle":348.75},{"time":160.125,"type":"side","angle":360},{"time":160.125,"type":"side","angle":11.25},{"angle2":157.5,"type":"hold","time":161,"duration":2,"angle":135},{"angle2":180,"type":"hold","time":162,"duration":1,"angle":258.75},{"angle2":168.75,"type":"hold","time":163,"duration":1,"angle":168.75},{"angle2":157.5,"type":"hold","time":163.5,"duration":0.5,"angle":202.5},{"angle2":213.75,"type":"hold","time":164,"duration":1,"angle":168.75},{"angle2":90,"type":"hold","time":165,"duration":2,"angle":213.75},{"angle2":0,"type":"hold","time":167,"duration":2,"angle":90},{"angle2":360,"type":"hold","time":168,"duration":1,"angle":270},{"time":169.5,"type":"block","angle":78.75},{"time":169.5,"type":"block","angle":90},{"time":169.5,"type":"block","angle":101.25},{"time":170,"type":"block","angle":168.75},{"time":170,"type":"block","angle":180},{"time":170,"type":"block","angle":191.25},{"time":170.5,"type":"block","angle":281.25},{"time":170.5,"type":"block","angle":270},{"time":170.5,"type":"block","angle":258.75},{"time":171,"type":"block","angle":348.75},{"time":171,"type":"block","angle":360},{"time":171,"type":"block","angle":371.25},{"angle2":382.5,"type":"hold","time":172,"duration":1,"angle":360},{"angle2":-90,"type":"hold","time":173,"duration":3,"angle":22.5},{"time":176.125,"type":"block","angle":258.75},{"time":176.25,"type":"block","angle":247.5},{"time":176.375,"type":"block","angle":236.25},{"time":176.5,"type":"block","angle":-495},{"time":176.625,"type":"block","angle":-506.25},{"time":176.75,"type":"block","angle":-517.5},{"time":176.875,"type":"block","angle":-528.75},{"time":177,"type":"block","angle":-540},{"time":177.125,"type":"block","angle":-551.25},{"time":177.25,"type":"block","angle":157.5},{"time":177.375,"type":"block","angle":146.25},{"time":177.5,"type":"block","angle":135},{"time":177.625,"type":"block","angle":123.75},{"time":177.75,"type":"block","angle":112.5},{"time":177.875,"type":"block","angle":101.25},{"time":178,"type":"block","angle":-630},{"time":178.125,"type":"block","angle":-641.25},{"time":178.25,"type":"block","angle":-652.5},{"time":178.375,"type":"block","angle":-663.75},{"time":178.5,"type":"block","angle":-675},{"time":178.625,"type":"block","angle":-686.25},{"time":178.75,"type":"block","angle":382.5},{"time":178.875,"type":"block","angle":371.25},{"time":179,"type":"block","angle":360},{"time":179.125,"type":"block","angle":348.75},{"time":179.25,"type":"block","angle":337.5},{"time":179.375,"type":"block","angle":326.25},{"time":179.5,"type":"block","angle":-405},{"time":179.625,"type":"block","angle":-416.25},{"time":179.75,"type":"block","angle":-427.5},{"time":179.875,"type":"block","angle":-438.75},{"time":180,"type":"block","angle":-450},{"angle2":270,"type":"hold","time":131.375,"duration":0.5,"angle":270},{"time":65.25,"type":"block","angle":-90},{"time":65.5,"type":"block","angle":-112.5},{"time":65.75,"type":"block","angle":-135},{"time":66,"type":"block","angle":-157.5},{"time":66.25,"type":"block","angle":-180},{"time":66.625,"type":"block","angle":-202.5},{"time":66.875,"type":"block","angle":-225},{"time":67,"type":"block","angle":-247.5},{"time":67.25,"type":"block","angle":-270},{"time":67.625,"type":"block","angle":-292.5},{"time":64,"type":"block","angle":33.75},{"time":64,"type":"block","angle":56.25},{"angle2":90,"type":"hold","time":156.5,"duration":0.5,"angle":45},{"time":37,"type":"mine","angle":90},{"time":37.5,"type":"mine","angle":90},{"time":38,"type":"mine","angle":90},{"time":38.5,"type":"mine","angle":270},{"time":37,"type":"mine","angle":78.75},{"time":37,"type":"mine","angle":101.25},{"time":38,"type":"mine","angle":78.75},{"time":38,"type":"mine","angle":101.25},{"time":39,"type":"mine","angle":281.25},{"time":39,"type":"mine","angle":270},{"time":39,"type":"mine","angle":258.75},{"time":39.5,"type":"mine","angle":270},{"time":40,"type":"mine","angle":281.25},{"time":40,"type":"mine","angle":270},{"time":40,"type":"mine","angle":258.75},{"time":40.5,"type":"mine","angle":292.5},{"time":41,"type":"mine","angle":303.75},{"time":41,"type":"mine","angle":315},{"time":41,"type":"mine","angle":326.25},{"time":41.5,"type":"mine","angle":337.5},{"time":42,"type":"mine","angle":348.75},{"time":42,"type":"mine","angle":360},{"time":42,"type":"mine","angle":11.25},{"time":42.5,"type":"mine","angle":337.5},{"time":43,"type":"mine","angle":326.25},{"time":43,"type":"mine","angle":315},{"time":43,"type":"mine","angle":303.75},{"time":43.5,"type":"mine","angle":270},{"time":44,"type":"mine","angle":258.75},{"time":44,"type":"mine","angle":247.5},{"time":44,"type":"mine","angle":236.25},{"time":44.5,"type":"mine","angle":225},{"time":45,"type":"mine","angle":213.75},{"time":45,"type":"mine","angle":202.5},{"time":45,"type":"mine","angle":191.25},{"time":45.5,"type":"mine","angle":180},{"time":46,"type":"mine","angle":191.25},{"time":46,"type":"mine","angle":180},{"time":46,"type":"mine","angle":168.75},{"time":46.5,"type":"mine","angle":0},{"time":47,"type":"mine","angle":348.75},{"time":47,"type":"mine","angle":360},{"time":47,"type":"mine","angle":11.25},{"time":47.5,"type":"mine","angle":22.5},{"time":48,"type":"mine","angle":33.75},{"time":48,"type":"mine","angle":45},{"time":48,"type":"mine","angle":56.25},{"time":48.5,"type":"mine","angle":67.5},{"time":49,"type":"mine","angle":78.75},{"time":49,"type":"mine","angle":90},{"time":49,"type":"mine","angle":101.25},{"time":49.5,"type":"mine","angle":225},{"time":50,"type":"mine","angle":236.25},{"time":50,"type":"mine","angle":247.5},{"time":50,"type":"mine","angle":258.75},{"time":50.5,"type":"mine","angle":270},{"time":51,"type":"mine","angle":281.25},{"time":51,"type":"mine","angle":292.5},{"time":51,"type":"mine","angle":303.75},{"time":51.5,"type":"mine","angle":270},{"time":52,"type":"mine","angle":258.75},{"time":52,"type":"mine","angle":247.5},{"time":52,"type":"mine","angle":236.25},{"time":52.5,"type":"mine","angle":225},{"time":53,"type":"mine","angle":213.75},{"time":53,"type":"mine","angle":202.5},{"time":53,"type":"mine","angle":191.25},{"time":53.5,"type":"mine","angle":180},{"time":54,"type":"mine","angle":168.75},{"time":54,"type":"mine","angle":157.5},{"time":54,"type":"mine","angle":146.25},{"time":54.5,"type":"mine","angle":326.25},{"time":55,"type":"mine","angle":315},{"time":55,"type":"mine","angle":303.75},{"time":55,"type":"mine","angle":292.5},{"time":55.5,"type":"mine","angle":281.25},{"time":56,"type":"mine","angle":270},{"time":56,"type":"mine","angle":258.75},{"time":56,"type":"mine","angle":247.5},{"time":56.5,"type":"mine","angle":236.25},{"time":57,"type":"mine","angle":225},{"time":57,"type":"mine","angle":213.75},{"time":57,"type":"mine","angle":202.5},{"time":57.5,"type":"mine","angle":213.75},{"time":58,"type":"mine","angle":225},{"time":58,"type":"mine","angle":236.25},{"time":58,"type":"mine","angle":247.5},{"time":58.5,"type":"mine","angle":270},{"time":59,"type":"mine","angle":281.25},{"time":59,"type":"mine","angle":270},{"time":59,"type":"mine","angle":258.75},{"time":59.5,"type":"mine","angle":270},{"time":60,"type":"mine","angle":281.25},{"time":60,"type":"mine","angle":270},{"time":60,"type":"mine","angle":258.75},{"time":60.5,"type":"mine","angle":270},{"time":61,"type":"mine","angle":281.25},{"time":61,"type":"mine","angle":270},{"time":61,"type":"mine","angle":258.75},{"time":59.5,"type":"mine","angle":225},{"time":59.625,"type":"mine","angle":315},{"time":60,"type":"mine","angle":225},{"time":60,"type":"mine","angle":236.25},{"time":60,"type":"mine","angle":213.75},{"time":61,"type":"mine","angle":236.25},{"time":61,"type":"mine","angle":225},{"time":61,"type":"mine","angle":213.75},{"time":60.5,"type":"mine","angle":225},{"time":61,"type":"mine","angle":303.75},{"time":61,"type":"mine","angle":315},{"time":61,"type":"mine","angle":326.25},{"time":61,"type":"mine","angle":348.75},{"time":61,"type":"mine","angle":0},{"time":61,"type":"mine","angle":11.25},{"time":61,"type":"mine","angle":191.25},{"time":61,"type":"mine","angle":180},{"time":61,"type":"mine","angle":168.75},{"time":60.5,"type":"mine","angle":180},{"time":60.5,"type":"mine","angle":315},{"time":60.5,"type":"mine","angle":0},{"time":103,"type":"block","angle":135},{"time":103.25,"type":"block","angle":157.5},{"time":103.5,"type":"block","angle":180},{"time":103.75,"type":"block","angle":202.5},{"time":104,"type":"block","angle":225},{"time":104.25,"type":"block","angle":247.5},{"time":104.5,"type":"block","angle":270},{"time":105,"type":"block","angle":360},{"time":103,"type":"block","angle":146.25},{"time":103,"type":"block","angle":123.75},{"time":103.25,"type":"block","angle":168.75},{"time":103.25,"type":"block","angle":146.25},{"time":103.5,"type":"block","angle":191.25},{"time":103.5,"type":"block","angle":168.75},{"time":103.75,"type":"block","angle":213.75},{"time":103.75,"type":"block","angle":191.25},{"time":104,"type":"block","angle":236.25},{"time":104,"type":"block","angle":213.75},{"time":104.25,"type":"block","angle":258.75},{"time":104.25,"type":"block","angle":236.25},{"time":104.5,"type":"block","angle":281.25},{"time":104.5,"type":"block","angle":258.75},{"time":104.75,"type":"block","angle":303.75},{"time":104.75,"type":"block","angle":326.25},{"time":105,"type":"block","angle":348.75},{"time":105,"type":"block","angle":11.25},{"angle2":90,"type":"hold","time":100.125,"duration":2.5,"angle":90}]