{
  "width": 600,
  "height": 360,
  "fps": 18,
  "frames": 6,
  "states": [
    {
      "name": "dO",
      "frames": [
        0,
        1,
        1,
        2,
        2,
        3,
        3,
        3,
        4,
        4,
        4,
        4,
        5
      ],
      "fps": 18,
      "loop": false
    },
    {
      "name": "dC",
      "frames": [
        5,
        4,
        4,
        4,
        4,
        3,
        2,
        1,
        0
      ],
      "fps": 18,
      "loop": false
    }
  ]
}