{"properties":{"loadBeat":-1,"offset":8,"formatversion":13,"speed":70},"metadata":{"artistLink":"https://www.louiezong.com/","difficulty":6,"charter":"Random22","bgData":{"magentaChannel":{"r":120,"b":126,"g":128},"cyanChannel":{"r":128,"b":128,"g":127},"image":"thumbnail.png","redChannel":{"r":168,"b":52,"g":78},"blueChannel":{"r":31,"b":245,"g":103},"greenChannel":{"r":153,"b":255,"g":223},"yellowChannel":{"r":159,"b":120,"g":137}},"artist":"Louie Zong","bg":true,"description":"polyrhythm game","songName":"Rhythm Hell"},"events":[{"volume":1,"type":"play","time":0,"angle":247.5,"offset":0.72000002861023,"file":"Rhythm Hell.ogg","bpm":120},{"ease":"linear","time":-1,"enabled":false,"type":"paddles","angle":315,"duration":0,"paddle":0},{"ease":"linear","time":7.5,"enabled":true,"type":"paddles","angle":292.5,"duration":0,"paddle":0},{"type":"ease","time":-1,"value":1,"var":"scrollSpeed","angle":270},{"ease":"linear","time":11.5,"enabled":false,"type":"paddles","angle":292.5,"duration":0,"paddle":0},{"ease":"linear","time":15.5,"enabled":true,"type":"paddles","angle":292.5,"duration":0,"paddle":0},{"ease":"linear","time":19.75,"enabled":false,"type":"paddles","angle":292.5,"duration":0,"paddle":0},{"ease":"linear","time":23.75,"enabled":true,"type":"paddles","angle":292.5,"duration":0,"paddle":0},{"angle":292.5,"time":19,"ease":"linear","value":1.5,"var":"scrollSpeed","duration":1,"type":"ease"},{"ease":"linear","time":27.5,"enabled":false,"type":"paddles","angle":315,"duration":0,"paddle":0},{"ease":"linear","time":31.75,"enabled":true,"type":"paddles","angle":292.5,"duration":0,"paddle":0},{"type":"ease","time":35,"ease":"linear","value":2,"var":"scrollSpeed","duration":1,"angle":292.5},{"ease":"linear","time":35.75,"enabled":false,"type":"paddles","angle":292.5,"duration":0,"paddle":0},{"ease":"linear","time":39.75,"enabled":true,"type":"paddles","angle":292.5,"duration":0,"paddle":0},{"angle":292.5,"time":43.75,"enabled":false,"ease":"linear","type":"paddles","duration":0,"paddle":0},{"ease":"linear","time":47.75,"enabled":true,"type":"paddles","angle":292.5,"duration":0,"paddle":0},{"ease":"linear","time":51,"angle":292.5,"value":2.5,"var":"scrollSpeed","duration":1,"type":"ease"},{"ease":"linear","time":51.75,"enabled":false,"type":"paddles","angle":292.5,"duration":0,"paddle":0},{"ease":"linear","time":55.75,"enabled":true,"type":"paddles","angle":292.5,"duration":0,"paddle":0},{"ease":"linear","time":59,"angle":292.5,"value":3,"var":"scrollSpeed","duration":1,"type":"ease"},{"ease":"linear","time":59.75,"enabled":false,"type":"paddles","angle":292.5,"duration":0,"paddle":0},{"ease":"linear","time":63.75,"enabled":true,"type":"paddles","angle":292.5,"duration":0,"paddle":0},{"angle":315,"time":67,"type":"ease","value":4,"duration":1,"var":"scrollSpeed","ease":"linear"},{"ease":"linear","time":67.75,"enabled":false,"type":"paddles","angle":292.5,"duration":0,"paddle":0},{"ease":"linear","time":71.949996948242,"enabled":true,"type":"paddles","angle":292.5,"duration":0,"paddle":0},{"ease":"linear","time":76,"enabled":false,"type":"paddles","angle":292.5,"duration":0,"paddle":0},{"type":"ease","time":76.5,"value":10,"var":"scrollSpeed","angle":292.5},{"ease":"linear","time":79.949996948242,"enabled":true,"type":"paddles","angle":292.5,"duration":0,"paddle":0},{"spriteName":"miss","type":"forcePlayerSprite","time":89.25,"angle":270},{"type":"deco","time":89.25,"angle":292.5,"drawLayer":"bg","sprite":"FIRED.png","id":"bg","x":-20,"y":0},{"color":2,"time":89.25,"angle":315,"b":29,"r":251,"type":"setColor","g":84},{"angle":337.5,"time":89.25,"b":175,"r":64,"color":3,"type":"setColor","g":95},{"color":4,"time":89.25,"angle":360,"b":70,"r":110,"type":"setColor","g":144},{"color":5,"time":89.25,"angle":22.5,"b":88,"r":210,"type":"setColor","g":167},{"angle":45,"time":89.25,"type":"setColor","b":155,"r":149,"color":6,"g":120},{"angle":67.5,"time":89.25,"type":"setColor","b":186,"r":91,"color":7,"g":147},{"type":"deco","time":-1,"angle":247.5,"drawLayer":"bg","sprite":"BG.png","id":"bg","x":0,"y":0},{"angle":247.5,"time":89.25,"enable":false,"var":"vfx.drawUI","type":"setBoolean"},{"type":"setColor","time":-1,"angle":337.5,"r":114,"color":2,"b":251,"g":193},{"angle":360,"time":-1,"type":"setColor","r":54,"b":235,"color":3,"g":114},{"angle":22.5,"time":-1,"type":"setColor","b":247,"color":4,"r":91,"g":172},{"color":2,"time":87.75,"duration":1,"ease":"linear","angle":337.5,"r":0,"type":"setColor","b":0,"g":0},{"color":3,"time":87.75,"duration":1,"ease":"linear","angle":360,"r":0,"type":"setColor","b":0,"g":0},{"color":4,"time":87.75,"duration":1,"ease":"linear","angle":22.5,"r":0,"type":"setColor","b":0,"g":0},{"color":0,"time":87.75,"duration":1,"angle":-45,"ease":"linear","r":0,"type":"setColor","b":0,"g":0},{"angle":225,"time":89.25,"type":"setColor","b":255,"color":0,"r":255,"g":255},{"angle":292.5,"time":-1,"enable":true,"type":"outline","color":0},{"angle":270,"time":95,"type":"showResults"},{"type":"deco","time":-0,"id":"TXT","y":0,"angle":270,"x":0,"sprite":"TXT1.png"},{"type":"deco","time":1,"id":"TXT","sprite":"TXT2.png","angle":270,"x":0,"y":0},{"type":"deco","time":2,"id":"TXT","sprite":"TXT3.png","angle":270,"x":0,"y":0},{"angle":270,"time":3,"id":"TXT","y":0,"type":"deco","x":0,"sprite":"TXT4.png"},{"angle":270,"time":4,"id":"TXT","type":"deco","hide":true}]}