[{"time":0,"type":"block","angle":270},{"time":0.125,"type":"block","angle":281.25},{"time":0.375,"type":"block","angle":281.25},{"time":0.625,"type":"block","angle":292.5},{"time":0.875,"type":"block","angle":270},{"time":1.25,"type":"block","angle":258.75},{"time":1.5,"type":"block","angle":180},{"time":1.625,"type":"block","angle":168.75},{"time":1.875,"type":"block","angle":157.5},{"time":2.125,"type":"block","angle":157.5},{"time":2.375,"type":"block","angle":157.5},{"time":2.75,"type":"block","angle":157.5},{"time":3,"type":"block","angle":157.5},{"time":3.25,"type":"block","angle":146.25},{"time":3.5,"type":"block","angle":135},{"time":6.7499995231628,"type":"block","angle":180},{"time":6.9166660308838,"type":"block","angle":157.5},{"time":7.1666665077209,"type":"block","angle":146.25},{"type":"block","time":7.6666665077209,"angle":90,"speedMult":0.25000071525574},{"type":"block","time":7.9166660308838,"angle":33.75,"speedMult":1.9999990463257},{"type":"block","time":8.0833330154419,"angle":11.25,"speedMult":5},{"type":"block","angle":0,"time":8.3333330154419,"speedMult":10},{"type":"hold","time":15,"duration":1,"angle":270,"angle2":360},{"type":"hold","time":18.083330154419,"angle":11.25,"duration":0.16666674613953,"angle2":11.25},{"type":"hold","time":18.25,"angle":11.25,"duration":0.08333333581686,"angle2":11.25},{"type":"hold","duration":0.08333333581686,"angle":11.25,"time":18.333333969116,"angle2":11.25},{"type":"hold","time":18.416666030884,"angle":11.25,"duration":0.16666674613953,"angle2":11.25},{"type":"hold","time":18.583333969116,"angle":11.25,"duration":0.16666667163372,"angle2":11.25},{"type":"hold","time":18.75,"angle":11.25,"duration":0.58333331346512,"angle2":11.25},{"type":"hold","time":20.25,"angle":0,"duration":0.33333343267441,"angle2":0},{"type":"hold","time":20.583333969116,"angle":0,"duration":0.41666677594185,"angle2":33.75},{"type":"hold","duration":2.4166667461395,"angle":33.75,"time":21,"angle2":765},{"time":24.083332061768,"type":"block","angle":360},{"time":24.583335876465,"type":"block","angle":22.5},{"time":24.75,"type":"block","angle":0},{"time":24.916667938232,"type":"block","angle":22.5},{"time":25.083333969116,"type":"block","angle":360},{"type":"hold","time":25.41667175293,"angle":326.25,"duration":0.66666674613953,"angle2":270},{"time":26.249998092651,"type":"block","angle":247.5},{"time":26.416666030884,"type":"block","angle":236.25},{"time":26.666666030884,"type":"block","angle":225},{"type":"inverse","angle":202.5,"time":26.916667938232,"speedMult":1.4999995231628},{"type":"inverse","angle":180,"time":27.25,"speedMult":1.9999990463257},{"type":"inverse","angle":157.5,"time":27.583333969116,"speedMult":2.5},{"type":"inverse","angle":146.25,"time":28.083333969116,"speedMult":3},{"type":"hold","duration":0.50000011920929,"angle":123.75,"time":28.666666030884,"angle2":123.75},{"time":29.333332061768,"type":"block","angle":123.75},{"type":"block","angle":360,"time":30.000007629395,"speedMult":5},{"time":31.166666030884,"type":"block","angle":180},{"time":31.333333969116,"type":"block","angle":157.5},{"time":31.5,"type":"block","angle":146.25},{"time":31.75,"type":"block","angle":135},{"time":32.166664123535,"type":"block","angle":135},{"time":32.499996185303,"type":"block","angle":157.5},{"time":33.083332061768,"type":"block","angle":180},{"type":"mineHold","duration":0.91666668653488,"angle":123.75,"time":34.916667938232,"angle2":123.75},{"type":"mineHold","time":34.916667938232,"duration":0.91666668653488,"angle":135,"angle2":135},{"type":"mineHold","duration":0.91666668653488,"angle":146.25,"time":34.916667938232,"angle2":146.25},{"type":"mineHold","duration":0.91666668653488,"angle":157.5,"time":34.916667938232,"angle2":157.5},{"type":"mineHold","duration":0.91666668653488,"angle":168.75,"time":34.916667938232,"angle2":168.75},{"type":"mineHold","duration":0.91666668653488,"angle":180,"time":34.916667938232,"angle2":180},{"type":"mineHold","time":34.916667938232,"duration":0.91666668653488,"angle":191.25,"angle2":191.25},{"type":"mineHold","time":34.916667938232,"angle":202.5,"duration":0.91666668653488,"angle2":202.5},{"type":"mineHold","duration":0.91666668653488,"time":34.916667938232,"angle":213.75,"angle2":213.75},{"type":"mineHold","duration":0.91666668653488,"time":34.916667938232,"angle":225,"angle2":225},{"type":"mineHold","time":34.916667938232,"duration":0.91666668653488,"angle":236.25,"angle2":236.25},{"type":"mineHold","time":34.916667938232,"duration":0.91666668653488,"angle":247.5,"angle2":247.5},{"type":"mineHold","duration":0.91666668653488,"angle":258.75,"time":34.916667938232,"angle2":258.75},{"type":"mineHold","time":34.916667938232,"angle":270,"duration":0.91666668653488,"angle2":270},{"type":"mineHold","duration":0.91666668653488,"time":34.916667938232,"angle":281.25,"angle2":281.25},{"type":"mineHold","duration":0.91666668653488,"angle":292.5,"time":34.916667938232,"angle2":292.5},{"type":"mineHold","time":34.916667938232,"angle":303.75,"duration":0.91666668653488,"angle2":303.75},{"type":"mineHold","time":34.916667938232,"angle":-45,"duration":0.91666668653488,"angle2":-45},{"type":"mineHold","duration":0.91666668653488,"time":34.916667938232,"angle":-33.75,"angle2":-33.75},{"type":"mineHold","time":34.916667938232,"duration":0.91666668653488,"angle":-22.5,"angle2":-22.5},{"type":"mineHold","duration":0.91666668653488,"time":34.916667938232,"angle":-11.25,"angle2":-11.25},{"type":"mineHold","time":34.916667938232,"duration":0.91666668653488,"angle":0,"angle2":0},{"type":"mineHold","duration":0.91666668653488,"time":34.916667938232,"angle":11.25,"angle2":11.25},{"type":"mineHold","duration":0.91666668653488,"angle":33.75,"time":34.916667938232,"angle2":33.75},{"type":"mineHold","duration":0.91666668653488,"time":34.916667938232,"angle":45,"angle2":45},{"type":"mineHold","duration":0.91666668653488,"angle":56.25,"time":34.916667938232,"angle2":56.25},{"type":"mineHold","time":34.916667938232,"angle":67.5,"duration":0.91666668653488,"angle2":67.5},{"type":"mineHold","duration":0.91666668653488,"angle":78.75,"time":34.916667938232,"angle2":78.75},{"type":"mineHold","duration":0.91666668653488,"time":34.916667938232,"angle":90,"angle2":90},{"type":"mineHold","time":34.916667938232,"duration":0.91666668653488,"angle":101.25,"angle2":101.25},{"type":"mineHold","time":34.916667938232,"angle":112.5,"duration":0.91666668653488,"angle2":112.5},{"time":36.083332061768,"type":"block","angle":78.75},{"time":36.25,"type":"block","angle":67.5},{"time":36.5,"type":"block","angle":45},{"time":36.583332061768,"type":"block","angle":56.25},{"time":36.75,"type":"block","angle":67.5},{"time":37.500003814697,"type":"block","angle":90},{"time":37.583332061768,"type":"block","angle":90},{"time":38.083335876465,"type":"block","angle":135},{"time":38.333332061768,"type":"block","angle":146.25},{"time":38.583332061768,"type":"block","angle":168.75},{"type":"hold","time":38.916664123535,"angle":180,"duration":0.75000005960464,"angle2":157.5},{"time":40.166667938232,"type":"block","angle":180},{"time":40.333332061768,"type":"block","angle":168.75},{"time":40.5,"type":"block","angle":157.5},{"time":41.166667938232,"type":"block","angle":180},{"time":41.333332061768,"type":"block","angle":360},{"time":41.75,"type":"block","angle":270},{"time":41.999996185303,"type":"block","angle":90},{"time":42.166667938232,"type":"block","angle":90},{"time":42.333332061768,"type":"block","angle":90},{"time":42.5,"type":"block","angle":90},{"time":42.666667938232,"type":"block","angle":90},{"time":42.833332061768,"type":"block","angle":90},{"time":44.333335876465,"type":"block","angle":180},{"time":44.666667938232,"type":"block","angle":270},{"type":"hold","time":45.166667938232,"duration":0.41666677594185,"angle":360,"angle2":360},{"type":"mineHold","time":34.916667938232,"duration":0.91666668653488,"angle":22.5,"angle2":22.5},{"time":47.583332061768,"type":"block","angle":180},{"time":47.916660308838,"type":"block","angle":90},{"time":48.333335876465,"type":"block","angle":360},{"type":"hold","duration":0.50000011920929,"angle":270,"time":48.833332061768,"angle2":270},{"time":50.916667938232,"type":"block","angle":0},{"time":51.083335876465,"type":"block","angle":33.75},{"time":51.41667175293,"type":"block","angle":90},{"type":"hold","duration":0.75000005960464,"angle":180,"time":51.666667938232,"angle2":180},{"time":54.083332061768,"type":"block","angle":270},{"time":54.583335876465,"type":"block","angle":360},{"type":"hold","duration":0.50000011920929,"angle":22.5,"time":54.833332061768,"angle2":67.5},{"time":57.000003814697,"type":"block","angle":270},{"time":57.583335876465,"type":"block","angle":0},{"type":"hold","duration":1,"angle":90,"time":57.833332061768,"angle2":90},{"time":58.916667938232,"type":"block","angle":78.75},{"time":58.916667938232,"type":"block","angle":90},{"time":58.916667938232,"type":"block","angle":101.25},{"time":59,"type":"block","angle":78.75},{"time":59,"type":"block","angle":90},{"time":59,"type":"block","angle":101.25},{"time":59.083332061768,"type":"block","angle":78.75},{"time":59.083332061768,"type":"block","angle":90},{"time":59.083332061768,"type":"block","angle":101.25},{"time":59.166667938232,"type":"block","angle":78.75},{"time":59.166667938232,"type":"block","angle":90},{"time":59.166667938232,"type":"block","angle":101.25},{"time":59.25,"type":"block","angle":90},{"time":59.25,"type":"block","angle":78.75},{"time":59.25,"type":"block","angle":101.25},{"time":59.333332061768,"type":"block","angle":78.75},{"time":59.333332061768,"type":"block","angle":90},{"time":59.333332061768,"type":"block","angle":101.25},{"time":59.416667938232,"type":"block","angle":101.25},{"time":59.416667938232,"type":"block","angle":90},{"time":59.416667938232,"type":"block","angle":78.75},{"time":59.5,"type":"block","angle":78.75},{"time":59.5,"type":"block","angle":90},{"time":59.5,"type":"block","angle":101.25},{"time":59.583332061768,"type":"block","angle":78.75},{"time":59.583332061768,"type":"block","angle":90},{"time":59.583332061768,"type":"block","angle":101.25},{"time":60.166667938232,"type":"block","angle":180},{"time":60.666667938232,"type":"block","angle":270},{"time":60.833332061768,"type":"block","angle":360},{"time":60.999996185303,"type":"block","angle":90},{"type":"hold","time":61.666667938232,"angle":180,"duration":0.50000011920929,"angle2":180},{"time":62.333335876465,"type":"block","angle":157.5},{"time":62.749996185303,"type":"block","angle":146.25},{"time":63.000003814697,"type":"block","angle":180},{"time":63.333332061768,"type":"block","angle":90},{"time":63.75,"type":"block","angle":360},{"time":64.25,"type":"block","angle":270},{"type":"hold","time":64.583335876465,"angle":360,"duration":0.58333343267441,"angle2":360},{"time":65.33332824707,"type":"block","angle":-11.25},{"type":"block","angle":90,"time":66.08332824707,"speedMult":10},{"time":67.249992370605,"type":"block","angle":180},{"time":67.083335876465,"type":"block","angle":180},{"time":67.5,"type":"block","angle":157.5},{"time":67.833335876465,"type":"block","angle":146.25},{"time":68.16667175293,"type":"block","angle":135},{"time":68.500007629395,"type":"block","angle":123.75},{"time":68.91667175293,"type":"block","angle":112.5},{"time":70.666664123535,"type":"block","angle":180},{"time":70.75,"type":"block","angle":180},{"time":70.833335876465,"type":"block","angle":180},{"time":70.916664123535,"type":"block","angle":180},{"type":"hold","duration":1,"angle":180,"time":71,"angle2":180},{"type":"hold","duration":1,"angle":180,"time":71,"angle2":168.75},{"type":"hold","duration":1,"angle":180,"time":71,"angle2":191.25},{"type":"hold","duration":1,"angle":180,"time":71,"angle2":202.5},{"type":"hold","time":71,"angle":180,"duration":1,"angle2":157.5},{"type":"hold","duration":1,"angle":180,"time":71,"angle2":146.25},{"type":"hold","time":70.999969482422,"angle":180,"duration":1,"angle2":213.75},{"time":72.083335876465,"type":"block","angle":213.75},{"time":72.083335876465,"type":"block","angle":202.5},{"time":72.083335876465,"type":"block","angle":191.25},{"time":72.083335876465,"type":"block","angle":180},{"time":72.083335876465,"type":"block","angle":168.75},{"time":72.083335876465,"type":"block","angle":157.5},{"time":72.083335876465,"type":"block","angle":146.25},{"time":72.166664123535,"type":"block","angle":146.25},{"time":72.166664123535,"type":"block","angle":168.75},{"time":72.166664123535,"type":"block","angle":157.5},{"time":72.166664123535,"type":"block","angle":168.75},{"time":72.166664123535,"type":"block","angle":180},{"time":72.166664123535,"type":"block","angle":191.25},{"time":72.166664123535,"type":"block","angle":202.5},{"time":72.166664123535,"type":"block","angle":213.75},{"time":72.333335876465,"type":"block","angle":213.75},{"time":72.25,"type":"block","angle":213.75},{"time":72.333335876465,"type":"block","angle":202.5},{"time":72.25,"type":"block","angle":202.5},{"time":72.25,"type":"block","angle":191.25},{"time":72.333335876465,"type":"block","angle":191.25},{"time":72.25,"type":"block","angle":180},{"time":72.333335876465,"type":"block","angle":180},{"time":72.25,"type":"block","angle":168.75},{"time":72.333335876465,"type":"block","angle":168.75},{"time":72.25,"type":"block","angle":157.5},{"time":72.333335876465,"type":"block","angle":157.5},{"time":72.25,"type":"block","angle":146.25},{"time":72.333335876465,"type":"block","angle":146.25}]