{"properties":{"startBeat":-1,"formatversion":12,"speed":70,"offset":8},"events":[{"type":"play","file":"cat.ogg","time":0,"bpm":60,"angle":292.5,"volume":1},{"type":"setBgColor","color":0,"time":-8.25,"angle":258.75},{"type":"outline","color":1,"angle":292.5,"enable":true,"time":-8.25},{"type":"setColor","color":0,"angle":270,"b":0,"time":-8.25,"g":0,"r":0},{"type":"setColor","color":1,"b":255,"angle":326.25,"time":-8.25,"g":255,"r":255},{"type":"forcePlayerSprite","time":-8.25,"angle":348.75,"spriteName":"happy"},{"newWidth":40,"paddle":1,"ease":"linear","angle":236.25,"duration":0,"type":"paddles","time":-8.25},{"color":1,"angle":180,"g":0,"r":0,"type":"setColor","time":6.1666665077209,"b":0,"duration":0.41666662693024},{"type":"setColor","color":1,"angle":180,"time":6.6666665077209,"b":255,"g":255,"r":255},{"type":"setColor","color":1,"angle":270,"time":9,"b":0,"g":0,"r":0},{"color":1,"angle":0,"g":255,"r":255,"type":"setColor","b":255,"time":15,"duration":8.0000057220459},{"newWidth":400,"paddle":1,"type":"paddles","time":15,"ease":"linear","duration":0,"angle":348.75},{"ease":"linear","paddle":1,"type":"paddles","duration":2.4166665077209,"newWidth":30,"time":20.833312988281,"angle":45},{"type":"forcePlayerSprite","angle":281.25,"time":9.0833330154419,"spriteName":"none"},{"newWidth":0,"time":34.833332061768,"enabled":false,"ease":"linear","type":"paddles","paddle":1,"angle":180,"duration":0},{"newWidth":40,"time":36.000003814697,"enabled":true,"ease":"linear","type":"paddles","paddle":1,"angle":180,"duration":0},{"type":"hom","time":34.833332061768,"angle":157.5,"enable":true},{"type":"hom","angle":67.5,"time":36.083332061768,"enable":false},{"newWidth":100,"paddle":1,"type":"paddles","duration":0.99999988079071,"ease":"linear","angle":213.75,"time":71},{"color":1,"time":72.333335876465,"g":0,"r":0,"type":"setColor","angle":225,"b":0,"duration":1.0833332538605},{"time":74.58332824707,"type":"showResults","angle":258.75}],"metadata":{"songName":"Cars Silly Little Song","bg":true,"difficulty":0,"bgData":{"blueChannel":{"b":136,"g":148,"r":184},"image":"garnular.png","redChannel":{"b":16,"g":64,"r":92}},"artistLink":"","description":"TOATALLY GARNULAR!!!!","artist":"Hit Single","charter":"Prongle"}}