[{"angle2":90,"time":0,"type":"hold","startTap":true,"angle":90,"duration":1},{"angle":112.5,"time":1.5,"type":"block"},{"angle":90,"time":1.75,"type":"block"},{"angle":45,"time":2,"type":"block"},{"angle":360,"time":2.25,"type":"block"},{"angle":337.5,"time":2.5,"type":"block"},{"angle":315,"time":3,"type":"block"},{"angle":337.5,"time":3.25,"type":"block"},{"angle":22.5,"time":3.5,"type":"block"},{"angle":45,"time":3.75,"type":"block"},{"angle2":45,"time":4,"type":"hold","startTap":true,"angle":45,"duration":1},{"angle":45,"time":5.5,"type":"block"},{"angle":22.5,"time":6,"type":"block"},{"angle":0,"time":6.25,"type":"block"},{"angle":337.5,"time":6.5,"type":"block"},{"angle":360,"time":7,"type":"block"},{"angle":22.5,"time":7.25,"type":"block"},{"angle":45,"time":7.5,"type":"block"},{"angle":67.5,"time":7.75,"type":"block"},{"angle2":67.5,"time":8,"type":"hold","startTap":true,"angle":67.5,"duration":1},{"angle":67.5,"time":9.5,"type":"block"},{"angle":90,"time":9.75,"type":"block"},{"angle":112.5,"time":10,"type":"block"},{"angle":135,"time":10.25,"type":"block"},{"angle":157.5,"time":10.5,"type":"block"},{"angle":135,"time":11,"type":"block"},{"angle":112.5,"time":11.25,"type":"block"},{"angle":67.5,"time":11.75,"type":"block"},{"angle":90,"time":11.5,"type":"block"},{"angle2":0,"time":12,"type":"hold","startTap":true,"angle":67.5,"duration":1},{"angle":360,"time":13.5,"type":"block"},{"angle":337.5,"time":14,"type":"block"},{"angle":315,"time":14.25,"type":"block"},{"angle":292.5,"time":14.5,"type":"block"},{"angle":270,"time":15,"type":"block"},{"angle":247.5,"time":15.25,"type":"block"},{"angle":225,"time":15.5,"type":"block"},{"angle":202.5,"time":15.75,"type":"block"},{"angle2":135,"time":16,"type":"hold","startTap":true,"angle":180,"duration":1},{"angle":135,"time":17.5,"type":"block"},{"angle":90,"time":18,"type":"block"},{"angle":112.5,"time":17.75,"type":"block"},{"angle":67.5,"time":18.25,"type":"block"},{"angle":45,"time":18.5,"type":"block"},{"angle":22.5,"time":19,"type":"block"},{"angle":0,"time":19.25,"type":"block"},{"angle":315,"time":19.75,"type":"block"},{"angle":337.5,"time":19.5,"type":"block"},{"angle2":315,"time":20,"type":"hold","startTap":true,"angle":315,"duration":1},{"angle":315,"time":21.5,"type":"block"},{"angle":292.5,"time":22,"type":"block"},{"angle":270,"time":22.25,"type":"block"},{"angle":247.5,"time":22.5,"type":"block"},{"angle":225,"time":23,"type":"block"},{"angle":202.5,"time":23.25,"type":"block"},{"angle":225,"time":23.5,"type":"block"},{"angle":247.5,"time":23.75,"type":"block"},{"angle2":337.5,"time":24,"type":"hold","startTap":true,"angle":247.5,"duration":1},{"angle":337.5,"time":26,"type":"block"},{"angle":337.5,"time":26.25,"type":"block"},{"angle":337.5,"time":26.5,"type":"block"},{"angle":337.5,"time":27,"type":"block"},{"angle":337.5,"time":27.5,"type":"block"},{"angle":337.5,"time":25.5,"type":"block"},{"angle":337.5,"time":27.25,"type":"block"},{"angle":337.5,"time":27.75,"type":"block"},{"angle2":405,"time":28,"type":"hold","startTap":true,"angle":337.5,"duration":1},{"angle":382.5,"time":30,"type":"block"},{"angle":360,"time":30.25,"type":"block"},{"angle":337.5,"time":30.5,"type":"block"},{"angle":360,"time":31,"type":"block"},{"angle":405,"time":31.5,"type":"block"},{"angle":427.5,"time":29.5,"type":"block"},{"angle":382.5,"time":31.25,"type":"block"},{"angle":427.5,"time":31.75,"type":"block"},{"angle2":180,"time":32,"type":"hold","startTap":true,"angle":90,"duration":1},{"angle2":270,"time":33,"duration":1,"angle":180,"type":"hold"},{"angle2":360,"time":34,"duration":1,"angle":270,"type":"hold"},{"angle2":90,"time":35,"duration":1,"angle":0,"type":"hold"},{"angle2":0,"time":36,"duration":1,"angle":90,"type":"hold"},{"angle2":270,"time":37,"duration":1,"angle":360,"type":"hold"},{"angle2":180,"time":38,"duration":1,"angle":270,"type":"hold"},{"angle2":90,"time":39,"duration":1,"angle":180,"type":"hold"},{"angle2":67.5,"time":40,"type":"hold","startTap":true,"angle":90,"duration":1},{"angle2":90,"time":41,"duration":0.5,"angle":67.5,"type":"hold"},{"angle2":67.5,"time":41.5,"duration":0.5,"angle":90,"type":"hold"},{"angle2":22.5,"time":42,"duration":0.5,"angle":67.5,"type":"hold"},{"angle2":-67.5,"time":42.5,"duration":0.5,"angle":22.5,"type":"hold"},{"angle2":270,"time":43,"duration":0.5,"angle":292.5,"type":"hold"},{"angle2":270,"time":43.5,"duration":0.5,"angle":270,"type":"hold"},{"angle2":360,"time":44,"duration":1,"angle":270,"type":"hold"},{"angle2":315,"time":45,"duration":0.5,"angle":360,"type":"hold"},{"angle2":360,"time":45.5,"duration":0.5,"angle":315,"type":"hold"},{"angle2":382.5,"time":46,"duration":0.5,"angle":360,"type":"hold"},{"angle2":0,"time":46.5,"duration":0.5,"angle":22.5,"type":"hold"},{"angle2":225,"time":48,"type":"hold","startTap":true,"angle":337.5,"duration":1},{"angle2":517.5,"time":49,"duration":3,"angle":225,"type":"hold"},{"angle2":135,"time":52,"duration":1,"angle":157.5,"type":"hold"},{"angle2":180,"time":53,"duration":3,"angle":135,"type":"hold"},{"angle2":22.5,"time":56,"type":"hold","startTap":true,"angle":180,"duration":1},{"angle2":-22.5,"time":57.5,"duration":0.5,"angle":22.5,"type":"hold"},{"angle2":22.5,"time":58.5,"duration":0.5,"angle":-22.5,"type":"hold"},{"angle2":67.5,"time":59.5,"duration":0.5,"angle":22.5,"type":"hold"},{"angle":90,"time":60.5,"type":"block"},{"angle":112.5,"time":61,"type":"block"},{"angle":135,"time":61.5,"type":"block"},{"angle":180,"time":62,"type":"block"},{"angle":157.5,"time":61.75,"type":"block"},{"angle":247.5,"time":63,"type":"block"},{"angle":270,"time":63.25,"type":"block"},{"angle":225,"time":62.5,"type":"block"},{"angle":202.5,"time":62.25,"type":"block"},{"angle":292.5,"time":63.5,"type":"block"},{"angle":315,"time":63.75,"type":"block"},{"angle2":315,"time":64,"type":"hold","startTap":true,"angle":315,"duration":1},{"angle":-22.5,"time":65.5,"type":"block"},{"angle":22.5,"time":66,"type":"block"},{"angle":0,"time":65.75,"type":"block"},{"angle":90,"time":67,"type":"block"},{"angle":112.5,"time":67.25,"type":"block"},{"angle":67.5,"time":66.5,"type":"block"},{"angle":45,"time":66.25,"type":"block"},{"angle":135,"time":67.5,"type":"block"},{"angle":157.5,"time":67.75,"type":"block"},{"angle2":90,"time":68,"type":"hold","startTap":true,"angle":157.5,"duration":1},{"angle":90,"time":69.5,"type":"block"},{"angle":135,"time":70,"type":"block"},{"angle":202.5,"time":71,"type":"block"},{"angle":225,"time":71.25,"type":"block"},{"angle":180,"time":70.5,"type":"block"},{"angle":157.5,"time":70.25,"type":"block"},{"angle":247.5,"time":71.5,"type":"block"},{"angle":270,"time":71.75,"type":"block"},{"angle2":382.5,"time":72,"type":"hold","startTap":true,"angle":270,"duration":1},{"angle":90,"time":73.5,"type":"block"},{"angle":45,"time":74,"type":"block"},{"angle":0,"time":74.25,"type":"block"},{"angle":315,"time":74.5,"type":"block"},{"angle":-90,"time":75,"type":"block"},{"angle":225,"time":75.25,"type":"block"},{"angle":180,"time":75.5,"type":"block"},{"angle":112.5,"time":75.75,"type":"block"},{"angle2":0,"time":76,"type":"hold","startTap":true,"angle":90,"duration":1},{"angle":360,"time":77.5,"type":"block"},{"angle":90,"time":78.25,"type":"block"},{"angle":45,"time":78,"type":"block"},{"angle":135,"time":78.5,"type":"block"},{"angle":180,"time":79,"type":"block"},{"angle":270,"time":79.5,"type":"block"},{"angle":225,"time":79.25,"type":"block"},{"angle":315,"time":79.75,"type":"block"},{"angle2":315,"time":80,"type":"hold","startTap":true,"angle":315,"duration":1},{"angle":315,"time":81.5,"type":"block"},{"angle":270,"time":82,"type":"block"},{"angle":247.5,"time":82.25,"type":"block"},{"angle":225,"time":82.5,"type":"block"},{"angle":247.5,"time":83,"type":"block"},{"angle":270,"time":83.25,"type":"block"},{"angle":292.5,"time":83.5,"type":"block"},{"angle":315,"time":83.75,"type":"block"},{"angle":292.5,"time":81.75,"type":"block"},{"angle2":450,"time":84,"type":"hold","startTap":true,"angle":315,"duration":1},{"angle":90,"time":85.5,"type":"block"},{"angle":67.5,"time":86,"type":"block"},{"angle":45,"time":86.25,"type":"block"},{"angle":67.5,"time":86.5,"type":"block"},{"angle":90,"time":87,"type":"block"},{"angle":112.5,"time":87.5,"type":"block"},{"angle2":202.5,"time":88,"type":"hold","startTap":true,"angle":135,"duration":1},{"angle":202.5,"time":89.5,"type":"block"},{"angle":157.5,"time":90,"type":"block"},{"angle":135,"time":90.25,"type":"block"},{"angle":112.5,"time":90.5,"type":"block"},{"angle":180,"time":89.75,"type":"block"},{"angle":112.5,"time":91,"type":"block"},{"angle":135,"time":91.25,"type":"block"},{"angle":157.5,"time":91.5,"type":"block"},{"angle":180,"time":91.75,"type":"block"},{"angle2":90,"time":92,"type":"hold","startTap":true,"angle":180,"duration":1},{"angle":90,"time":93.5,"type":"block"},{"angle":90,"time":94,"type":"block"},{"angle":90,"time":94.25,"type":"block"},{"angle":22.5,"time":94.5,"type":"block"},{"angle":90,"time":95,"type":"block"},{"angle":90,"time":95.25,"type":"block"},{"angle":90,"time":95.5,"type":"block"},{"angle":22.5,"time":95.75,"type":"block"},{"angle2":90,"time":96,"type":"hold","startTap":true,"angle":22.5,"duration":1},{"angle2":112.5,"time":97,"duration":0.5,"angle":90,"type":"hold"},{"angle2":90,"time":97.5,"duration":0.25,"angle":112.5,"type":"hold"},{"angle2":112.5,"time":97.75,"duration":0.25,"angle":90,"type":"hold"},{"angle2":90,"time":98,"duration":0.25,"angle":112.5,"type":"hold"},{"angle2":67.5,"time":98.25,"duration":0.25,"angle":90,"type":"hold"},{"angle2":67.5,"time":98.5,"duration":0.5,"angle":67.5,"type":"hold"},{"angle2":45,"time":99,"duration":0.25,"angle":67.5,"type":"hold"},{"angle2":0,"time":99.25,"duration":0.25,"angle":45,"type":"hold"},{"angle2":315,"time":99.5,"duration":0.25,"angle":360,"type":"hold"},{"angle2":247.5,"time":99.75,"duration":0.25,"angle":315,"type":"hold"},{"angle2":247.5,"time":100,"duration":1,"angle":247.5,"type":"hold"},{"holdEase":"inExpo","angle2":292.5,"time":101,"type":"hold","angle":247.5,"duration":0.5},{"angle":292.5,"time":102,"type":"block"},{"angle":270,"time":102.25,"type":"block"},{"angle":247.5,"time":102.5,"type":"block"},{"angle":225,"time":103,"type":"block"},{"angle":247.5,"time":103.25,"type":"block"},{"angle":270,"time":103.5,"type":"block"},{"angle":292.5,"time":103.75,"type":"block"},{"angle2":382.5,"time":104,"type":"hold","startTap":true,"angle":292.5,"duration":1},{"angle2":0,"time":105.5,"duration":0.25,"angle":22.5,"type":"hold"},{"angle2":22.5,"time":105.75,"duration":0.25,"angle":0,"type":"hold"},{"angle2":0,"time":106,"duration":0.25,"angle":22.5,"type":"hold"},{"angle2":382.5,"time":106.25,"duration":0.25,"angle":360,"type":"hold"},{"angle2":22.5,"time":106.5,"duration":0.5,"angle":22.5,"type":"hold"},{"angle2":45,"time":107,"duration":0.25,"angle":22.5,"type":"hold"},{"angle2":22.5,"time":107.25,"duration":0.25,"angle":45,"type":"hold"},{"angle2":45,"time":107.5,"duration":0.25,"angle":22.5,"type":"hold"},{"angle":45,"time":108,"type":"block"},{"angle":315,"time":108.5,"type":"block"},{"angle":45,"time":109.5,"type":"block"},{"angle":67.5,"time":109.75,"type":"block"},{"angle":22.5,"time":109,"type":"side"},{"angle":90,"time":110,"type":"block"},{"angle":112.5,"time":110.25,"type":"block"},{"angle":135,"time":110.5,"type":"block"},{"angle":157.5,"time":111,"type":"block"},{"angle":135,"time":111.25,"type":"block"},{"angle":112.5,"time":111.5,"type":"block"},{"angle":90,"time":111.75,"type":"block"},{"angle2":90,"time":112,"type":"hold","startTap":true,"angle":90,"duration":1},{"angle2":-90,"time":113,"duration":1,"angle":90,"type":"hold"},{"angle2":90,"time":114,"duration":1,"angle":270,"type":"hold"},{"angle2":-90,"time":115,"duration":1,"angle":90,"type":"hold"},{"angle2":450,"time":116,"duration":1,"angle":270,"type":"hold"},{"angle2":270,"time":117,"duration":1,"angle":90,"type":"hold"},{"angle2":450,"time":118,"duration":1,"angle":270,"type":"hold"},{"angle2":270,"time":120,"type":"hold","startTap":true,"angle":270,"duration":1},{"angle2":270,"time":121,"duration":0.5,"angle":270,"type":"hold"},{"angle2":281.25,"time":121.5,"duration":0.5,"angle":292.5,"type":"hold"},{"angle2":292.5,"time":122,"duration":0.5,"angle":315,"type":"hold"},{"angle2":303.75,"time":122.5,"duration":0.5,"angle":326.25,"type":"hold"},{"angle2":315,"time":123,"duration":0.5,"angle":348.75,"type":"hold"},{"angle2":-22.5,"time":123.5,"duration":0.5,"angle":0,"type":"hold"},{"angle2":337.5,"time":124,"duration":1,"angle":337.5,"type":"hold"},{"angle":337.5,"time":125.5,"type":"block"},{"angle":348.75,"time":126,"type":"block"},{"angle":0,"time":126.25,"type":"block"},{"angle":11.25,"time":126.5,"type":"block"},{"angle":22.5,"time":127,"type":"block"},{"angle":33.75,"time":127.25,"type":"block"},{"angle":45,"time":127.5,"type":"block"},{"angle":56.25,"time":127.75,"type":"block"},{"angle":78.75,"time":128,"type":"block"},{"angle":67.5,"time":128.25,"type":"block"},{"angle":56.25,"time":128.5,"type":"block"},{"angle":45,"time":128.75,"type":"block"},{"angle":56.25,"time":129,"type":"block"},{"angle":67.5,"time":129.25,"type":"block"},{"angle":78.75,"time":129.5,"type":"block"},{"angle":90,"time":129.75,"type":"block"},{"angle":101.25,"time":130,"type":"block"},{"angle":112.5,"time":130.25,"type":"block"},{"angle":123.75,"time":130.5,"type":"block"},{"angle":112.5,"time":130.75,"type":"block"},{"angle":101.25,"time":131,"type":"block"},{"angle":90,"time":131.25,"type":"block"},{"angle":78.75,"time":131.5,"type":"block"},{"angle":67.5,"time":131.75,"type":"block"},{"angle":56.25,"time":132,"type":"block"},{"angle":45,"time":132.25,"type":"block"},{"angle":33.75,"time":132.5,"type":"block"},{"angle":22.5,"time":132.75,"type":"block"},{"angle":11.25,"time":133,"type":"block"},{"angle":0,"time":133.25,"type":"block"},{"angle":292.5,"time":133.5,"type":"block"},{"angle":303.75,"time":133.75,"type":"block"},{"angle":315,"time":134,"type":"block"},{"angle":326.25,"time":134.25,"type":"block"},{"angle":337.5,"time":134.5,"type":"block"},{"angle":348.75,"time":134.75,"type":"block"},{"angle":360,"time":135,"type":"block"},{"angle":11.25,"time":135.25,"type":"block"},{"angle":33.75,"time":135.5,"type":"block"},{"angle":56.25,"time":135.75,"type":"block"},{"angle":78.75,"time":136,"type":"block"},{"angle":101.25,"time":136.25,"type":"block"},{"angle":78.75,"time":136.5,"type":"block"},{"angle":56.25,"time":136.75,"type":"block"},{"angle":33.75,"time":137,"type":"block"},{"angle":11.25,"time":137.25,"type":"block"},{"angle":33.75,"time":137.5,"type":"block"},{"angle":56.25,"time":137.75,"type":"block"},{"angle":45,"time":132.25,"type":"block"},{"angle":45,"time":132.25,"type":"block"},{"angle":45,"time":138,"type":"block"},{"angle":22.5,"time":138.25,"type":"block"},{"angle":0,"time":138.5,"type":"block"},{"angle":337.5,"time":138.75,"type":"block"},{"angle":11.25,"time":139,"type":"block"},{"angle":45,"time":139.25,"type":"block"},{"angle":78.75,"time":139.5,"type":"block"},{"angle":112.5,"time":139.75,"type":"block"},{"angle":90,"time":140,"type":"block"},{"angle":67.5,"time":140.5,"type":"block"},{"angle":45,"time":140.75,"type":"block"},{"angle":22.5,"time":141,"type":"block"},{"angle":0,"time":141.5,"type":"block"},{"angle":337.5,"time":142,"type":"block"},{"angle":326.25,"time":142.25,"type":"block"},{"angle":315,"time":142.5,"type":"block"},{"angle":303.75,"time":143,"type":"block"},{"angle":292.5,"time":143.5,"type":"block"},{"angle2":180,"time":144,"duration":1,"angle":180,"type":"mineHold"},{"angle2":360,"time":144,"duration":1,"angle":360,"type":"mineHold"},{"angle2":90,"time":144,"duration":1,"angle":90,"type":"mineHold"},{"angle2":270,"time":144,"type":"hold","startTap":true,"angle":270,"duration":1},{"angle":303.75,"time":145.5,"type":"block"},{"angle":303.75,"time":146,"type":"block"},{"angle2":0,"time":148,"duration":1,"angle":0,"type":"mineHold"},{"angle2":270,"time":148,"duration":1,"angle":270,"type":"mineHold"},{"angle2":90,"time":148,"duration":1,"angle":90,"type":"mineHold"},{"angle2":180,"time":148,"type":"hold","startTap":true,"angle":180,"duration":1},{"angle2":315,"time":148,"duration":1,"angle":315,"type":"mineHold"},{"angle2":135,"time":144,"duration":1,"angle":135,"type":"mineHold"},{"angle2":45,"time":144,"duration":1,"angle":45,"type":"mineHold"},{"angle2":45,"time":148,"duration":1,"angle":45,"type":"mineHold"},{"angle2":236.25,"time":148,"duration":1,"angle":236.25,"type":"mineHold"},{"angle2":123.75,"time":148,"duration":1,"angle":123.75,"type":"mineHold"},{"angle":202.5,"time":149.5,"type":"block"},{"angle":202.5,"time":150,"type":"block"},{"angle2":90,"time":152,"type":"hold","startTap":true,"angle":90,"duration":1},{"angle2":180,"time":152,"duration":1,"angle":180,"type":"mineHold"},{"angle2":270,"time":152,"duration":1,"angle":270,"type":"mineHold"},{"angle2":0,"time":152,"duration":1,"angle":0,"type":"mineHold"},{"angle2":225,"time":152,"duration":1,"angle":225,"type":"mineHold"},{"angle2":315,"time":152,"duration":1,"angle":315,"type":"mineHold"},{"angle2":33.75,"time":152,"duration":1,"angle":33.75,"type":"mineHold"},{"angle2":146.25,"time":152,"duration":1,"angle":146.25,"type":"mineHold"},{"angle":67.5,"time":153.5,"type":"block"},{"angle":45,"time":154,"type":"block"},{"angle2":360,"time":156,"type":"hold","startTap":true,"angle":360,"duration":1},{"angle2":270,"time":156,"duration":1,"angle":270,"type":"mineHold"},{"angle2":180,"time":156,"duration":1,"angle":180,"type":"mineHold"},{"angle2":90,"time":156,"duration":1,"angle":90,"type":"mineHold"},{"angle2":135,"time":156,"duration":1,"angle":135,"type":"mineHold"},{"angle2":225,"time":156,"duration":1,"angle":225,"type":"mineHold"},{"angle2":303.75,"time":156,"duration":1,"angle":303.75,"type":"mineHold"},{"angle2":56.25,"time":156,"duration":1,"angle":56.25,"type":"mineHold"},{"angle":303.75,"time":155,"type":"side"},{"angle":33.75,"time":151,"type":"side"},{"angle":135,"time":147,"type":"side"},{"angle":337.5,"time":157.5,"type":"block"},{"angle":292.5,"time":158,"type":"side"},{"angle":0,"time":159,"type":"side"},{"holdEase":"inExpo","angle2":78.75,"time":160,"type":"hold","angle":33.75,"duration":1},{"holdEase":"inExpo","angle2":123.75,"time":162,"type":"hold","angle":78.75,"duration":1},{"angle2":-11.25,"time":163.5,"duration":0.5,"angle":123.75,"type":"hold"},{"angle2":450,"time":165,"duration":1,"angle":281.25,"type":"hold"},{"angle":281.25,"time":164.5,"type":"side"},{"angle":90,"time":166.33332824707,"type":"block"},{"angle":112.5,"time":166.66667175293,"type":"block"},{"angle":135,"time":167,"type":"block"},{"angle":157.5,"time":167.33332824707,"type":"block"},{"angle":180,"time":167.66667175293,"type":"block"},{"angle2":112.5,"time":168,"duration":1,"angle":180,"type":"hold"},{"angle":101.25,"time":169.33332824707,"type":"block"},{"angle":78.75,"time":169.66667175293,"type":"block"},{"angle":67.5,"time":170,"type":"block"},{"angle":0,"time":171,"type":"block"},{"angle":315,"time":172,"type":"block"},{"angle":303.75,"time":172.33332824707,"type":"block"},{"angle":292.5,"time":172.66667175293,"type":"block"},{"angle":281.25,"time":173,"type":"block"},{"angle":258.75,"time":174,"type":"block"},{"angle":225,"time":174.33332824707,"type":"block"},{"angle":191.25,"time":174.66667175293,"type":"block"},{"angle":157.5,"time":175,"type":"block"},{"angle2":67.5,"time":176,"duration":1,"angle":135,"type":"hold"},{"angle2":-90,"time":178,"duration":1,"angle":67.5,"type":"hold"},{"angle2":180,"time":179.5,"duration":0.5,"angle":270,"type":"hold"},{"angle2":90,"time":181,"duration":1,"angle":180,"type":"hold"},{"angle":315,"time":183,"type":"side"},{"angle":78.75,"time":182.33332824707,"type":"block"},{"angle":56.25,"time":182.66667175293,"type":"block"},{"angle":337.5,"time":183.33332824707,"type":"block"},{"angle":303.75,"time":183.66667175293,"type":"block"},{"angle2":326.25,"time":184,"duration":1,"angle":270,"type":"hold"},{"angle":303.75,"time":187,"type":"side"},{"angle":247.5,"time":186,"type":"side"},{"angle":90,"time":188,"type":"block"},{"angle":56.25,"time":188.33332824707,"type":"block"},{"angle":22.5,"time":188.66667175293,"type":"block"},{"angle":360,"time":189,"type":"block"},{"angle":270,"time":189.33332824707,"type":"block"},{"angle":258.75,"time":189.66667175293,"type":"block"},{"angle":247.5,"time":190,"type":"block"},{"angle":236.25,"time":190.33332824707,"type":"block"},{"angle":225,"time":190.66667175293,"type":"block"},{"angle":258.75,"time":191,"type":"block"},{"holdEase":"inSine","angle2":630,"time":192,"type":"hold","angle":270,"duration":3.9999995231628},{"holdEase":"inQuad","angle2":-90,"time":196,"type":"hold","angle":270,"duration":3.9999995231628},{"angle2":990,"time":200,"duration":4,"angle":270,"type":"hold"},{"angle2":90,"time":204,"duration":2,"angle":270,"type":"hold"},{"angle2":270,"time":206,"duration":2,"angle":90,"type":"hold"},{"time":208,"speedMult":1.5,"angle":281.25,"type":"extraTap"},{"angle2":270,"time":208,"duration":1,"angle":270,"type":"hold"},{"angle":258.75,"time":209.5,"type":"block"},{"angle":202.5,"time":210.25,"type":"block"},{"angle":236.25,"time":210.5,"type":"block"},{"angle":225,"time":210,"type":"block"},{"angle":270,"time":211,"type":"block"},{"angle":281.25,"time":211.25,"type":"block"},{"angle":303.75,"time":211.5,"type":"block"},{"angle":326.25,"time":211.75,"type":"block"},{"angle2":337.5,"time":212,"duration":1,"angle":337.5,"type":"hold"},{"angle":348.75,"time":212,"type":"extraTap"},{"angle":360,"time":213.5,"type":"block"},{"angle":11.25,"time":214,"type":"block"},{"angle":22.5,"time":214.25,"type":"block"},{"angle":33.75,"time":214.5,"type":"block"},{"angle":11.25,"time":215,"type":"block"},{"angle":337.5,"time":215.25,"type":"block"},{"angle":315,"time":215.5,"type":"block"},{"angle":292.5,"time":215.75,"type":"block"},{"angle2":0,"time":216,"duration":4,"angle":292.5,"type":"hold"},{"angle":281.25,"time":212,"type":"extraTap"},{"angle":270,"time":216,"type":"extraTap"},{"angle2":180,"time":220,"duration":2,"angle":360,"type":"hold"},{"angle2":360,"time":222,"duration":2,"angle":180,"type":"hold"},{"angle":360,"time":224,"type":"block"},{"angle":270,"time":224.75,"type":"block"},{"angle":303.75,"time":225.25,"type":"block"},{"angle":337.5,"time":225.5,"type":"block"},{"angle":22.5,"time":225.75,"type":"block"},{"angle":0,"time":226.25,"type":"block"},{"angle":90,"time":226.75,"type":"block"},{"angle":236.25,"time":224.5,"type":"side"},{"angle":135,"time":228,"type":"side"},{"angle":146.25,"time":228.5,"type":"block"},{"angle":157.5,"time":228.75,"type":"block"},{"angle":11.25,"time":225.25,"type":"block"},{"angle":225,"time":229.5,"type":"block"},{"angle":270,"time":229.75,"type":"block"},{"angle":315,"time":230.25,"type":"block"},{"angle":360,"time":230.75,"type":"block"},{"angle":180,"time":229.25,"type":"block"},{"angle":67.5,"time":232,"type":"side"},{"angle":112.5,"time":232.5,"type":"block"},{"angle":157.5,"time":232.75,"type":"block"},{"angle":180,"time":233.25,"type":"block"},{"angle":112.5,"time":233.5,"type":"block"},{"angle":90,"time":233.75,"type":"block"},{"angle":67.5,"time":234.25,"type":"block"},{"angle2":0,"time":234.75,"duration":1.25,"angle":0,"type":"hold"},{"angle":315,"time":236.5,"type":"side"},{"angle":270,"time":236.75,"type":"side"},{"angle":247.5,"time":237.25,"type":"block"},{"angle":157.5,"time":237.75,"type":"block"},{"angle":202.5,"time":237.5,"type":"block"},{"angle":112.5,"time":238,"type":"block"},{"angle":90,"time":238.5,"type":"block"},{"angle":67.5,"time":238.75,"type":"block"},{"angle":360,"time":240,"type":"block"},{"angle":45,"time":239.75,"type":"block"},{"angle":315,"time":240.5,"type":"block"},{"angle":292.5,"time":240.75,"type":"block"},{"angle":337.5,"time":241.25,"type":"block"},{"angle":0,"time":241.5,"type":"block"},{"angle":22.5,"time":241.75,"type":"block"},{"angle":45,"time":242.25,"type":"block"},{"angle":292.5,"time":242.75,"type":"block"},{"angle":270,"time":244,"type":"block"},{"angle":247.5,"time":244.5,"type":"block"},{"angle":202.5,"time":244.75,"type":"block"},{"angle":247.5,"time":245.25,"type":"block"},{"angle":270,"time":245.5,"type":"block"},{"angle":292.5,"time":245.75,"type":"block"},{"angle":337.5,"time":246.25,"type":"block"},{"angle":270,"time":246.75,"type":"block"},{"angle":360,"time":248,"type":"block"},{"angle":67.5,"time":248.5,"type":"block"},{"angle":112.5,"time":248.75,"type":"block"},{"angle":157.5,"time":249.25,"type":"block"},{"angle":180,"time":249.5,"type":"block"},{"angle":202.5,"time":249.75,"type":"block"},{"angle":270,"time":250.25,"type":"block"},{"angle":292.5,"time":250.75,"type":"block"},{"angle":292.5,"time":252.5,"type":"block"},{"angle":315,"time":252.75,"type":"block"},{"angle":337.5,"time":253.25,"type":"block"},{"angle":360,"time":253.5,"type":"block"},{"angle":22.5,"time":253.75,"type":"block"},{"angle":45,"time":254,"type":"block"},{"angle":67.5,"time":254.5,"type":"block"},{"angle":90,"time":254.75,"type":"block"},{"angle":270,"time":252,"type":"block"},{"angle":292.5,"time":250.5,"type":"block"},{"angle":45,"time":320,"type":"block"},{"angle2":360,"time":256,"duration":4,"angle":180,"type":"hold"},{"angle2":-180,"time":260,"duration":4,"angle":0,"type":"hold"},{"angle2":-180,"time":264,"duration":4,"angle":180,"type":"hold"},{"angle":180,"time":270,"type":"side"},{"angle2":360,"time":272,"duration":4,"angle":270,"type":"hold"},{"angle2":225,"time":268,"duration":1,"angle":225,"type":"mineHold"},{"angle2":90,"time":268,"duration":2.5,"angle":67.5,"type":"mineHold"},{"angle2":292.5,"time":268,"duration":1,"angle":292.5,"type":"mineHold"},{"angle2":270,"time":268,"duration":1,"angle":270,"type":"mineHold"},{"angle2":247.5,"time":268,"duration":1,"angle":247.5,"type":"mineHold"},{"angle2":315,"time":268,"duration":1,"angle":315,"type":"mineHold"},{"angle2":337.5,"time":268,"duration":1,"angle":337.5,"type":"mineHold"},{"angle2":0,"time":268,"duration":1,"angle":0,"type":"mineHold"},{"angle2":22.5,"time":268,"duration":1,"angle":22.5,"type":"mineHold"},{"angle2":45,"time":268,"duration":1,"angle":45,"type":"mineHold"},{"angle":315,"time":274,"type":"block"},{"angle":303.75,"time":273.75,"type":"block"},{"angle":326.25,"time":274.25,"type":"block"},{"angle":337.5,"time":274.5,"type":"block"},{"angle":337.5,"time":275,"type":"block"},{"angle":348.75,"time":275.25,"type":"block"},{"angle":0,"time":275.5,"type":"block"},{"angle":0,"time":275.75,"type":"block"},{"angle":326.25,"time":273,"type":"side"},{"angle2":90,"time":276,"duration":2,"angle":0,"type":"hold"},{"angle":0,"time":277,"type":"side"},{"angle":90,"time":277.5,"type":"block"},{"angle":90,"time":278.25,"type":"block"},{"angle":101.25,"time":278.5,"type":"block"},{"angle":123.75,"time":279,"type":"block"},{"angle":135,"time":279.25,"type":"block"},{"angle":146.25,"time":279.5,"type":"block"},{"angle":157.5,"time":279.75,"type":"block"},{"angle2":168.75,"time":278,"duration":2,"angle":90,"type":"hold"},{"angle2":0,"time":280,"duration":4,"angle":168.75,"type":"hold"},{"angle":135,"time":281,"type":"inverse"},{"angle":112.5,"time":281.5,"type":"inverse"},{"angle":101.25,"time":281.75,"type":"inverse"},{"angle":90,"time":282,"type":"inverse"},{"angle":78.75,"time":282.25,"type":"inverse"},{"angle":67.5,"time":282.5,"type":"inverse"},{"angle":33.75,"time":283,"type":"inverse"},{"angle":22.5,"time":283.25,"type":"inverse"},{"angle":11.25,"time":283.5,"type":"inverse"},{"angle":360,"time":283.75,"type":"inverse"},{"angle2":292.5,"time":284,"duration":1,"angle":360,"type":"hold"},{"angle2":360,"time":286,"duration":1,"angle":270,"type":"hold"},{"angle":247.5,"time":285.5,"type":"side"},{"holdEase":"inCubic","angle2":360,"time":288,"type":"hold","angle":0,"duration":4},{"holdEase":"inCubic","angle2":-360,"time":292,"type":"hold","angle":0,"duration":4},{"angle":11.25,"time":288.5,"type":"inverse"},{"angle":22.5,"time":289,"type":"inverse"},{"angle":45,"time":289.5,"type":"inverse"},{"angle":56.25,"time":289.75,"type":"inverse"},{"angle":67.5,"time":290,"type":"inverse"},{"angle":78.75,"time":290.25,"type":"inverse"},{"angle":90,"time":290.5,"type":"inverse"},{"angle":135,"time":291,"type":"inverse"},{"angle":191.25,"time":291.25,"type":"inverse"},{"angle":236.25,"time":291.5,"type":"inverse"},{"angle":-11.25,"time":292.5,"type":"inverse"},{"angle":-22.5,"time":293,"type":"inverse"},{"angle":-45,"time":293.5,"type":"inverse"},{"angle":-56.25,"time":293.75,"type":"inverse"},{"angle":-67.5,"time":294,"type":"inverse"},{"angle":-78.75,"time":294.25,"type":"inverse"},{"angle":-90,"time":294.5,"type":"inverse"},{"angle":213.75,"time":295,"type":"inverse"},{"angle":168.75,"time":295.25,"type":"inverse"},{"angle":123.75,"time":295.5,"type":"inverse"},{"holdEase":"inCubic","angle2":360,"time":296,"type":"hold","angle":0,"duration":4},{"angle":11.25,"time":296.5,"type":"inverse"},{"angle":22.5,"time":297,"type":"inverse"},{"angle":45,"time":297.5,"type":"inverse"},{"angle":56.25,"time":297.75,"type":"inverse"},{"angle":67.5,"time":298,"type":"inverse"},{"angle":78.75,"time":298.25,"type":"inverse"},{"angle":90,"time":298.5,"type":"inverse"},{"angle":146.25,"time":299,"type":"inverse"},{"angle":191.25,"time":299.25,"type":"inverse"},{"angle":236.25,"time":299.5,"type":"inverse"},{"angle":-11.25,"time":300.5,"type":"inverse"},{"angle":-22.5,"time":301,"type":"inverse"},{"angle":-45,"time":301.5,"type":"inverse"},{"angle":-56.25,"time":301.75,"type":"inverse"},{"angle":-67.5,"time":302,"type":"inverse"},{"angle":-78.75,"time":302.25,"type":"inverse"},{"angle":-90,"time":302.5,"type":"inverse"},{"angle":-123.75,"time":303,"type":"inverse"},{"angle":-168.75,"time":303.25,"type":"inverse"},{"angle":-213.75,"time":303.5,"type":"inverse"},{"angle":348.75,"time":300.5,"type":"block"},{"angle":337.5,"time":301,"type":"block"},{"angle":315,"time":301.5,"type":"block"},{"angle":303.75,"time":301.75,"type":"block"},{"angle":292.5,"time":302,"type":"block"},{"angle":281.25,"time":302.25,"type":"block"},{"angle":270,"time":302.5,"type":"block"},{"angle":236.25,"time":303,"type":"block"},{"angle":191.25,"time":303.25,"type":"block"},{"angle":146.25,"time":303.5,"type":"block"},{"angle2":360,"time":304,"duration":4,"angle":90,"type":"hold"},{"angle2":-90,"time":308,"duration":4,"angle":0,"type":"hold"},{"angle2":303.75,"time":312,"duration":4,"angle":270,"type":"hold"},{"angle2":405,"time":316,"duration":4,"angle":303.75,"type":"hold"},{"angle":0,"time":320.5,"type":"block"},{"angle":315,"time":320.75,"type":"block"},{"angle":270,"time":321,"type":"block"},{"angle":236.25,"time":321.5,"type":"block"},{"angle":180,"time":321.75,"type":"block"},{"angle":135,"time":322,"type":"block"},{"angle":112.5,"time":322.25,"type":"block"},{"angle":90,"time":322.5,"type":"block"},{"angle":67.5,"time":323,"type":"block"},{"angle":360,"time":324,"type":"side"},{"angle":22.5,"time":324.5,"type":"block"},{"angle":45,"time":324.75,"type":"block"},{"angle2":11.25,"time":323,"duration":0.75,"angle":326.25,"type":"mineHold"},{"angle":101.25,"time":325,"type":"side"},{"angle":112.5,"time":325.5,"type":"block"},{"angle":123.75,"time":325.75,"type":"block"},{"angle":135,"time":326,"type":"block"},{"angle":146.25,"time":326.25,"type":"block"},{"angle":225,"time":326.5,"type":"side"},{"angle":225,"time":327,"type":"block"},{"angle":180,"time":327.5,"type":"side"},{"angle":337.5,"time":324,"type":"extraTap"},{"angle":236.25,"time":326.5,"type":"extraTap"},{"angle":168.75,"time":327.5,"type":"extraTap"},{"angle":112.5,"time":325,"type":"extraTap"},{"angle":90,"time":328,"type":"block"},{"angle":33.75,"time":328.5,"type":"block"},{"angle":0,"time":328.5,"type":"block"},{"angle":292.5,"time":329,"type":"side"},{"angle":326.25,"time":328.75,"type":"block"},{"angle":78.75,"time":329.75,"type":"block"},{"angle":123.75,"time":330,"type":"block"},{"angle":157.5,"time":330.25,"type":"block"},{"angle":315,"time":329,"type":"extraTap"},{"angle":191.25,"time":330.5,"type":"extraTap"},{"angle":67.5,"time":329.5,"type":"block"},{"angle":213.75,"time":330.5,"type":"side"},{"angle":123.75,"time":352,"type":"block"},{"angle":225,"time":331,"type":"block"},{"angle":236.25,"time":331.25,"type":"block"},{"angle":258.75,"time":331.5,"type":"block"},{"angle":270,"time":332,"type":"block"},{"angle":315,"time":332.5,"type":"side"},{"angle":303.75,"time":332.5,"type":"extraTap"},{"angle":360,"time":333.5,"type":"block"},{"angle":337.5,"time":333,"type":"block"},{"angle":67.5,"time":334,"type":"side"},{"angle":78.75,"time":334,"type":"extraTap"},{"angle":270,"time":480,"type":"block"},{"angle":101.25,"time":334.25,"type":"block"},{"angle":112.5,"time":334.5,"type":"block"},{"angle":135,"time":335,"type":"block"},{"angle":146.25,"time":335.25,"type":"block"},{"angle":157.5,"time":335.5,"type":"block"},{"angle":168.75,"time":335.75,"type":"block"},{"angle":225,"time":336,"type":"side"},{"angle":236.25,"time":336,"type":"extraTap"},{"angle2":360,"time":336,"duration":3.75,"angle":123.75,"type":"mineHold"},{"angle2":540,"time":336,"duration":3.75,"angle":303.75,"type":"mineHold"},{"angle":0,"time":340,"type":"side"},{"angle":348.75,"time":340,"type":"extraTap"},{"angle2":-337.5,"time":340,"duration":3.75,"angle":-101.25,"type":"mineHold"},{"angle2":-517.5,"time":340,"duration":3.75,"angle":-281.25,"type":"mineHold"},{"angle":292.5,"time":337.5,"type":"block"},{"angle":326.25,"time":338,"type":"block"},{"angle":360,"time":338.5,"type":"block"},{"angle":22.5,"time":339,"type":"block"},{"angle":315,"time":340.5,"type":"block"},{"angle":270,"time":341,"type":"block"},{"angle":225,"time":341.5,"type":"block"},{"angle":191.25,"time":342,"type":"block"},{"angle":157.5,"time":342.5,"type":"block"},{"angle":135,"time":343,"type":"block"},{"angle":202.5,"time":344,"type":"side"},{"angle":-146.25,"time":344,"type":"extraTap"},{"angle2":540,"time":344,"duration":3.75,"angle":303.75,"type":"mineHold"},{"angle2":720,"time":344,"duration":3.75,"angle":483.75,"type":"mineHold"},{"angle":-146.25,"time":344.5,"type":"block"},{"angle":-101.25,"time":345,"type":"block"},{"angle":-56.25,"time":345.5,"type":"block"},{"angle":-22.5,"time":346,"type":"block"},{"angle":11.25,"time":346.5,"type":"block"},{"angle":33.75,"time":347,"type":"block"},{"angle":0,"time":348,"type":"side"},{"angle":348.75,"time":348,"type":"extraTap"},{"angle2":-337.5,"time":348,"duration":3.75,"angle":-101.25,"type":"mineHold"},{"angle2":-517.5,"time":348,"duration":3.75,"angle":-281.25,"type":"mineHold"},{"angle":315,"time":348.5,"type":"block"},{"angle":270,"time":349,"type":"block"},{"angle":225,"time":349.5,"type":"block"},{"angle":191.25,"time":350,"type":"block"},{"angle":157.5,"time":350.5,"type":"block"},{"angle":135,"time":351,"type":"block"},{"angle":45,"time":352.5,"type":"block"},{"angle":303.75,"time":353,"type":"block"},{"angle":247.5,"time":353.5,"type":"block"},{"angle":303.75,"time":354,"type":"block"},{"angle":236.25,"time":354.5,"type":"block"},{"angle":292.5,"time":355,"type":"block"},{"angle":348.75,"time":355.5,"type":"block"},{"angle":90,"time":356,"type":"block"},{"angle":180,"time":356.5,"type":"block"},{"angle":225,"time":357,"type":"block"},{"angle":281.25,"time":357.5,"type":"block"},{"angle":0,"time":358,"type":"block"},{"angle":315,"time":358.5,"type":"block"},{"angle":45,"time":359,"type":"block"},{"angle":303.75,"time":359.5,"type":"block"},{"angle":270,"time":360,"type":"block"},{"angle":225,"time":360.5,"type":"block"},{"angle":270,"time":361,"type":"block"},{"angle":315,"time":361.5,"type":"block"},{"angle":0,"time":362,"type":"block"},{"angle":90,"time":362.5,"type":"block"},{"angle":33.75,"time":363,"type":"block"},{"angle":337.5,"time":363.5,"type":"block"},{"angle":270,"time":364,"type":"block"},{"angle":225,"time":364.5,"type":"block"},{"angle":146.25,"time":365,"type":"block"},{"angle":101.25,"time":365.5,"type":"block"},{"angle":146.25,"time":366,"type":"block"},{"angle":112.5,"time":366.5,"type":"block"},{"angle":123.75,"time":367,"type":"block"},{"angle":67.5,"time":367.5,"type":"block"},{"time":368,"type":"block","angle":0,"tap":true},{"angle2":90,"time":368,"duration":2,"angle":90,"type":"mineHold"},{"angle2":180,"time":368,"duration":2,"angle":180,"type":"mineHold"},{"angle2":270,"time":368,"duration":2,"angle":270,"type":"mineHold"},{"angle2":236.25,"time":368,"duration":2,"angle":236.25,"type":"mineHold"},{"angle2":123.75,"time":368,"duration":2,"angle":123.75,"type":"mineHold"},{"angle":303.75,"time":368.5,"type":"block"},{"angle":326.25,"time":369,"type":"block"},{"angle":348.75,"time":369.5,"type":"block"},{"angle":33.75,"time":370,"type":"block"},{"angle":56.25,"time":370.5,"type":"block"},{"angle":101.25,"time":371,"type":"block"},{"angle":146.25,"time":371.5,"type":"block"},{"time":372,"type":"block","angle":180,"tap":true},{"angle2":-270,"time":372,"duration":2,"angle":-270,"type":"mineHold"},{"angle2":-360,"time":372,"duration":2,"angle":-360,"type":"mineHold"},{"angle2":-450,"time":372,"duration":2,"angle":-450,"type":"mineHold"},{"angle2":-416.25,"time":372,"duration":2,"angle":-416.25,"type":"mineHold"},{"angle2":-303.75,"time":372,"duration":2,"angle":-303.75,"type":"mineHold"},{"angle":202.5,"time":372.5,"type":"block"},{"angle":225,"time":374,"type":"block"},{"angle":213.75,"time":373,"type":"block"},{"angle":247.5,"time":373.5,"type":"block"},{"angle":202.5,"time":374.5,"type":"block"},{"angle":180,"time":375,"type":"block"},{"angle":135,"time":375.5,"type":"block"},{"time":376,"type":"block","angle":90,"tap":true},{"angle2":180,"time":376,"duration":2,"angle":180,"type":"mineHold"},{"angle2":270,"time":376,"duration":2,"angle":270,"type":"mineHold"},{"angle2":360,"time":376,"duration":2,"angle":360,"type":"mineHold"},{"angle2":326.25,"time":376,"duration":2,"angle":326.25,"type":"mineHold"},{"angle2":213.75,"time":376,"duration":2,"angle":213.75,"type":"mineHold"},{"angle":33.75,"time":376.5,"type":"block"},{"angle":146.25,"time":377,"type":"block"},{"angle":90,"time":377.5,"type":"block"},{"angle":56.25,"time":378,"type":"block"},{"angle":135,"time":378.5,"type":"block"},{"angle":56.25,"time":379,"type":"block"},{"angle":360,"time":379.5,"type":"block"},{"time":380,"type":"block","angle":270,"tap":true},{"angle2":0,"time":380,"duration":2,"angle":0,"type":"mineHold"},{"angle2":90,"time":380,"duration":2,"angle":90,"type":"mineHold"},{"angle2":180,"time":380,"duration":2,"angle":180,"type":"mineHold"},{"angle2":146.25,"time":380,"duration":2,"angle":146.25,"type":"mineHold"},{"angle2":33.75,"time":380,"duration":2,"angle":33.75,"type":"mineHold"},{"angle":303.75,"time":380.5,"type":"block"},{"angle":236.25,"time":381,"type":"block"},{"angle":303.75,"time":381.5,"type":"block"},{"angle":236.25,"time":382,"type":"block"},{"angle":315,"time":382.5,"type":"block"},{"angle":0,"time":383,"type":"block"},{"angle":67.5,"time":383.5,"type":"block"},{"angle2":90,"time":384,"duration":0.5,"angle":90,"type":"hold"},{"angle":33.75,"time":385,"type":"block"},{"angle":315,"time":385.5,"type":"side"},{"angle":270,"time":386,"type":"block"},{"angle":213.75,"time":386.5,"type":"block"},{"angle":303.75,"time":385.5,"type":"extraTap"},{"angle":292.5,"time":387,"type":"side"},{"angle":270,"time":387,"type":"extraTap"},{"angle":337.5,"time":387.5,"type":"block"},{"angle":0,"time":389.5,"type":"block"},{"angle":90,"time":390,"type":"block"},{"angle":326.25,"time":389,"type":"side"},{"angle":247.5,"time":388.5,"type":"side"},{"angle":315,"time":388,"type":"block"},{"angle":315,"time":389,"type":"extraTap"},{"angle":236.25,"time":388.5,"type":"extraTap"},{"angle":180,"time":390.5,"type":"side"},{"angle":168.75,"time":390.5,"type":"extraTap"},{"angle":180,"time":391.5,"type":"side"},{"angle":247.5,"time":391,"type":"block"},{"angle":168.75,"time":391.5,"type":"extraTap"},{"angle2":78.75,"time":392,"duration":0.5,"angle":112.5,"type":"hold"},{"angle":45,"time":393,"type":"block"},{"angle":11.25,"time":393.5,"type":"block"},{"angle":337.5,"time":394,"type":"block"},{"angle":303.75,"time":394.5,"type":"block"},{"angle":225,"time":395.5,"type":"block"},{"angle":270,"time":395,"type":"side"},{"angle":303.75,"time":396.5,"type":"side"},{"angle":270,"time":396,"type":"block"},{"angle":315,"time":396.5,"type":"extraTap"},{"angle":360,"time":397,"type":"block"},{"angle":0,"time":397.5,"type":"block"},{"angle":45,"time":397.75,"type":"block"},{"angle":90,"time":398,"type":"block"},{"angle":135,"time":398.25,"type":"block"},{"angle":180,"time":398.5,"type":"block"},{"angle":236.25,"time":398.75,"type":"block"},{"angle":270,"time":399,"type":"block"},{"angle":303.75,"time":399.25,"type":"block"},{"angle2":450,"time":400,"duration":2,"angle":270,"type":"hold"},{"angle":292.5,"time":399.5,"type":"block"},{"angle":270,"time":399.75,"type":"block"},{"angle":90,"time":401.5,"type":"side"},{"angle":315,"time":403,"type":"side"},{"angle":101.25,"time":401.5,"type":"extraTap"},{"angle":326.25,"time":403,"type":"extraTap"},{"angle":45,"time":401,"type":"block"},{"angle2":-90,"time":404,"duration":4,"angle":270,"type":"hold"},{"angle":270,"time":404.5,"type":"extraTap"},{"angle":270,"time":405,"type":"extraTap"},{"angle":270,"time":406.5,"type":"extraTap"},{"angle":270,"time":407.5,"type":"extraTap"},{"angle":270,"time":408.5,"type":"block"},{"angle":315,"time":409,"type":"block"},{"angle":360,"time":409.5,"type":"side"},{"angle":56.25,"time":410,"type":"block"},{"angle":101.25,"time":410.5,"type":"block"},{"angle":168.75,"time":411,"type":"side"},{"angle2":270,"time":412,"duration":0.5,"angle":247.5,"type":"hold"},{"angle":303.75,"time":413,"type":"block"},{"angle":337.5,"time":413.5,"type":"block"},{"angle":337.5,"time":414,"type":"block"},{"angle":315,"time":414.25,"type":"block"},{"angle":292.5,"time":414.5,"type":"block"},{"angle":270,"time":414.75,"type":"block"},{"angle":270,"time":415,"type":"block"},{"angle":270,"time":415.25,"type":"block"},{"angle":270,"time":415.5,"type":"block"},{"angle":0,"time":418.5,"type":"block"},{"angle":326.25,"time":416,"type":"block"},{"angle":33.75,"time":416.5,"type":"block"},{"angle":123.75,"time":417,"type":"block"},{"angle":225,"time":417.5,"type":"block"},{"angle":292.5,"time":419,"type":"block"},{"angle":315,"time":418,"type":"block"},{"angle":225,"time":419.5,"type":"block"},{"angle":247.5,"time":421.5,"type":"block"},{"angle":292.5,"time":420,"type":"block"},{"angle":270,"time":423.5,"type":"block"},{"angle":157.5,"time":421,"type":"block"},{"angle":67.5,"time":420.5,"type":"block"},{"angle":337.5,"time":422,"type":"block"},{"angle":78.75,"time":422.5,"type":"block"},{"angle":360,"time":424,"type":"block"},{"angle":180,"time":423,"type":"block"},{"angle":270,"time":424.5,"type":"block"},{"angle":180,"time":425,"type":"block"},{"angle":90,"time":425.5,"type":"block"},{"angle":0,"time":426,"type":"block"},{"angle":270,"time":426.5,"type":"block"},{"angle":303.75,"time":427,"type":"block"},{"angle":337.5,"time":427.5,"type":"block"},{"angle":360,"time":428,"type":"block"},{"angle":90,"time":428.5,"type":"block"},{"angle":180,"time":429,"type":"block"},{"angle":270,"time":429.5,"type":"block"},{"angle":360,"time":430,"type":"block"},{"angle":90,"time":430.5,"type":"block"},{"angle":180,"time":431,"type":"block"},{"angle":90,"time":431.5,"type":"block"},{"angle":337.5,"time":432.5,"type":"block"},{"angle":315,"time":433,"type":"block"},{"angle":292.5,"time":433.5,"type":"block"},{"time":432,"type":"block","angle":360,"tap":true},{"angle":270,"time":434,"type":"block"},{"angle2":-180,"time":432,"duration":4,"angle":90,"type":"mineHold"},{"angle2":-90,"time":432,"duration":4,"angle":180,"type":"mineHold"},{"angle2":0,"time":432,"duration":4,"angle":270,"type":"mineHold"},{"angle":191.25,"time":434.5,"type":"block"},{"angle":202.5,"time":435,"type":"block"},{"angle":157.5,"time":435.5,"type":"block"},{"time":436,"type":"block","angle":90,"tap":true},{"angle2":270,"time":436,"duration":4,"angle":0,"type":"mineHold"},{"angle2":90,"time":436,"duration":4,"angle":-180,"type":"mineHold"},{"angle":123.75,"time":436.5,"type":"block"},{"angle":180,"time":437,"type":"block"},{"angle":157.5,"time":437.5,"type":"block"},{"angle":213.75,"time":438,"type":"block"},{"angle":270,"time":438.5,"type":"block"},{"angle":303.75,"time":439,"type":"block"},{"angle":337.5,"time":439.5,"type":"block"},{"time":440,"type":"block","angle":360,"tap":true},{"angle2":-180,"time":440,"duration":4,"angle":90,"type":"mineHold"},{"angle2":-90,"time":440,"duration":4,"angle":180,"type":"mineHold"},{"angle2":0,"time":440,"duration":4,"angle":270,"type":"mineHold"},{"angle2":-360,"time":444,"duration":4,"angle":-180,"type":"mineHold"},{"angle2":-270,"time":444,"duration":4,"angle":-90,"type":"mineHold"},{"angle2":-180,"time":444,"duration":4,"angle":0,"type":"mineHold"},{"angle":326.25,"time":440.5,"type":"block"},{"angle":270,"time":441,"type":"block"},{"angle":236.25,"time":441.5,"type":"block"},{"angle":202.5,"time":442.5,"type":"block"},{"angle":258.75,"time":442,"type":"block"},{"angle2":540,"time":436,"duration":4,"angle":270,"type":"mineHold"},{"angle":146.25,"time":443,"type":"block"},{"angle":90,"time":443.5,"type":"block"},{"angle":45,"time":444.5,"type":"block"},{"time":444,"type":"block","angle":67.5,"tap":true},{"angle":22.5,"time":445,"type":"block"},{"angle":0,"time":445.5,"type":"block"},{"angle":326.25,"time":446,"type":"block"},{"angle":292.5,"time":446.5,"type":"block"},{"angle":270,"time":447,"type":"block"},{"angle":236.25,"time":447.5,"type":"side"},{"angle":270,"time":448,"type":"block"},{"angle":281.25,"time":480.25,"type":"block"},{"angle":292.5,"time":480.5,"type":"block"},{"angle":303.75,"time":480.75,"type":"block"},{"angle":315,"time":481,"type":"block"},{"angle":315,"time":481.25,"type":"block"},{"angle":303.75,"time":481.5,"type":"block"},{"angle":292.5,"time":481.75,"type":"block"},{"angle":281.25,"time":482,"type":"block"},{"angle":270,"time":482.25,"type":"block"},{"angle":258.75,"time":482.5,"type":"block"},{"angle":236.25,"time":482.75,"type":"block"},{"angle":225,"time":483,"type":"block"},{"angle":202.5,"time":483.25,"type":"block"},{"angle":180,"time":483.5,"type":"block"},{"angle":157.5,"time":483.75,"type":"block"},{"angle":135,"time":484,"type":"block"},{"angle":90,"time":484.25,"type":"block"},{"angle":67.5,"time":484.5,"type":"block"},{"angle":45,"time":484.75,"type":"block"},{"angle":22.5,"time":485,"type":"block"},{"angle":0,"time":485.25,"type":"block"},{"angle":337.5,"time":485.5,"type":"block"},{"angle":303.75,"time":485.75,"type":"block"},{"angle":270,"time":486,"type":"block"},{"time":486.5,"type":"side","angle":281.25,"tap":false},{"time":487.5,"type":"side","angle":281.25,"tap":false},{"angle2":517.5,"time":487,"duration":0,"angle":270,"type":"mineHold"},{"angle":0,"time":488,"type":"block"},{"angle":11.25,"time":488.25,"type":"block"},{"angle":22.5,"time":488.5,"type":"block"},{"angle":33.75,"time":488.75,"type":"block"},{"angle":45,"time":489,"type":"block"},{"angle":56.25,"time":489.25,"type":"block"},{"angle":67.5,"time":489.5,"type":"block"},{"angle":78.75,"time":489.75,"type":"block"},{"angle":90,"time":490,"type":"block"},{"angle":101.25,"time":490.25,"type":"block"},{"angle":112.5,"time":490.5,"type":"block"},{"angle":123.75,"time":490.75,"type":"block"},{"angle":135,"time":491,"type":"block"},{"angle":180,"time":491.5,"type":"side"},{"angle":225,"time":492,"type":"block"},{"angle":236.25,"time":492.25,"type":"block"},{"angle":247.5,"time":492.5,"type":"block"},{"angle":258.75,"time":492.75,"type":"block"},{"angle":270,"time":493,"type":"block"},{"angle":281.25,"time":493.25,"type":"block"},{"angle":292.5,"time":493.5,"type":"block"},{"angle":303.75,"time":493.75,"type":"block"},{"angle":315,"time":494,"type":"block"},{"angle":45,"time":494.5,"type":"block"},{"angle2":-56.25,"time":495,"duration":0.5,"angle":101.25,"type":"hold"},{"angle":303.75,"time":496,"type":"block"},{"angle":292.5,"time":496.25,"type":"block"},{"angle":270,"time":496.5,"type":"block"},{"angle":247.5,"time":496.75,"type":"block"},{"angle":225,"time":497,"type":"block"},{"angle":213.75,"time":497.25,"type":"block"},{"angle":202.5,"time":497.5,"type":"block"},{"angle":191.25,"time":497.75,"type":"block"},{"angle":180,"time":498,"type":"block"},{"angle":168.75,"time":498.25,"type":"block"},{"angle":157.5,"time":498.5,"type":"block"},{"angle":146.25,"time":498.75,"type":"block"},{"angle":135,"time":499,"type":"block"},{"angle":90,"time":499.25,"type":"block"},{"angle":67.5,"time":499.5,"type":"block"},{"angle":45,"time":499.75,"type":"block"},{"angle":22.5,"time":500,"type":"block"},{"angle":360,"time":500.25,"type":"block"},{"angle":337.5,"time":500.5,"type":"block"},{"angle":315,"time":500.75,"type":"block"},{"angle":292.5,"time":501,"type":"block"},{"angle":258.75,"time":501.25,"type":"block"},{"angle":225,"time":501.5,"type":"block"},{"angle":191.25,"time":501.75,"type":"block"},{"angle":157.5,"time":502,"type":"block"},{"angle":123.75,"time":502.25,"type":"block"},{"angle":67.5,"time":502.5,"type":"side"},{"angle":270,"time":504,"type":"block"},{"angle":303.75,"time":504.25,"type":"block"},{"angle":337.5,"time":504.5,"type":"block"},{"angle":11.25,"time":504.75,"type":"block"},{"angle":45,"time":505,"type":"block"},{"angle":78.75,"time":505.25,"type":"block"},{"angle":112.5,"time":505.5,"type":"block"},{"angle":180,"time":503.5,"type":"side"},{"angle":146.25,"time":505.75,"type":"block"},{"angle":180,"time":506,"type":"block"},{"angle":213.75,"time":506.25,"type":"block"},{"angle":247.5,"time":506.5,"type":"block"},{"angle":326.25,"time":507.5,"type":"side"},{"angle":258.75,"time":506.75,"type":"block"},{"angle":0,"time":509,"type":"block"},{"angle":67.5,"time":509.5,"type":"block"},{"angle":135,"time":510,"type":"block"},{"angle":180,"time":510.5,"type":"block"},{"angle":225,"time":510.75,"type":"block"},{"angle":270,"time":511,"type":"block"},{"angle2":360,"time":512,"duration":0.5,"angle":360,"type":"mineHold"},{"angle2":22.5,"time":512.5,"duration":0.5,"angle":22.5,"type":"mineHold"},{"angle2":45,"time":513,"duration":0.5,"angle":45,"type":"mineHold"},{"angle2":67.5,"time":513.5,"duration":0.5,"angle":67.5,"type":"mineHold"},{"angle2":90,"time":514,"duration":0.5,"angle":90,"type":"mineHold"},{"angle2":112.5,"time":514.5,"duration":0.5,"angle":112.5,"type":"mineHold"},{"angle2":135,"time":515,"duration":0.5,"angle":135,"type":"mineHold"},{"angle2":157.5,"time":515.5,"duration":0.5,"angle":157.5,"type":"mineHold"},{"angle2":180,"time":516,"duration":0.5,"angle":180,"type":"mineHold"},{"angle2":202.5,"time":516.5,"duration":0.5,"angle":202.5,"type":"mineHold"},{"angle2":225,"time":517,"duration":0.5,"angle":225,"type":"mineHold"},{"angle2":247.5,"time":517.5,"duration":0.5,"angle":247.5,"type":"mineHold"},{"angle2":180,"time":512,"duration":0.5,"angle":180,"type":"mineHold"},{"angle2":-157.5,"time":512.5,"duration":0.5,"angle":-157.5,"type":"mineHold"},{"angle2":-135,"time":513,"duration":0.5,"angle":-135,"type":"mineHold"},{"angle2":-112.5,"time":513.5,"duration":0.5,"angle":-112.5,"type":"mineHold"},{"angle2":-90,"time":514,"duration":0.5,"angle":-90,"type":"mineHold"},{"angle2":-67.5,"time":514.5,"duration":0.5,"angle":-67.5,"type":"mineHold"},{"angle2":-45,"time":515,"duration":0.5,"angle":-45,"type":"mineHold"},{"angle2":-22.5,"time":515.5,"duration":0.5,"angle":-22.5,"type":"mineHold"},{"angle2":0,"time":516,"duration":0.5,"angle":0,"type":"mineHold"},{"angle2":22.5,"time":516.5,"duration":0.5,"angle":22.5,"type":"mineHold"},{"angle2":45,"time":517,"duration":0.5,"angle":45,"type":"mineHold"},{"angle2":67.5,"time":517.5,"duration":0.5,"angle":67.5,"type":"mineHold"},{"angle2":450,"time":518,"duration":0.5,"angle":450,"type":"mineHold"},{"angle2":112.5,"time":518.5,"duration":0.5,"angle":112.5,"type":"mineHold"},{"angle2":135,"time":519,"duration":0.5,"angle":135,"type":"mineHold"},{"angle2":157.5,"time":519.5,"duration":0.5,"angle":157.5,"type":"mineHold"},{"angle2":180,"time":520,"duration":0.5,"angle":180,"type":"mineHold"},{"angle2":202.5,"time":520.5,"duration":0.5,"angle":202.5,"type":"mineHold"},{"angle2":225,"time":521,"duration":0.5,"angle":225,"type":"mineHold"},{"angle2":247.5,"time":521.5,"duration":0.5,"angle":247.5,"type":"mineHold"},{"angle2":270,"time":522,"duration":0.5,"angle":270,"type":"mineHold"},{"angle2":292.5,"time":522.5,"duration":0.5,"angle":292.5,"type":"mineHold"},{"angle2":315,"time":523,"duration":0.5,"angle":315,"type":"mineHold"},{"angle2":337.5,"time":523.5,"duration":0.5,"angle":337.5,"type":"mineHold"},{"angle2":270,"time":518,"duration":0.5,"angle":270,"type":"mineHold"},{"angle2":-67.5,"time":518.5,"duration":0.5,"angle":-67.5,"type":"mineHold"},{"angle2":-45,"time":519,"duration":0.5,"angle":-45,"type":"mineHold"},{"angle2":-22.5,"time":519.5,"duration":0.5,"angle":-22.5,"type":"mineHold"},{"angle2":0,"time":520,"duration":0.5,"angle":0,"type":"mineHold"},{"angle2":22.5,"time":520.5,"duration":0.5,"angle":22.5,"type":"mineHold"},{"angle2":45,"time":521,"duration":0.5,"angle":45,"type":"mineHold"},{"angle2":67.5,"time":521.5,"duration":0.5,"angle":67.5,"type":"mineHold"},{"angle2":90,"time":522,"duration":0.5,"angle":90,"type":"mineHold"},{"angle2":112.5,"time":522.5,"duration":0.5,"angle":112.5,"type":"mineHold"},{"angle2":135,"time":523,"duration":0.5,"angle":135,"type":"mineHold"},{"angle2":157.5,"time":523.5,"duration":0.5,"angle":157.5,"type":"mineHold"},{"time":512,"type":"block","angle":281.25,"tap":true},{"time":512.5,"type":"block","angle":303.75,"tap":true},{"time":513,"type":"block","angle":326.25,"tap":true},{"time":513.5,"type":"block","angle":348.75,"tap":true},{"time":514,"type":"block","angle":11.25,"tap":true},{"time":514.5,"type":"block","angle":33.75,"tap":true},{"time":515,"type":"block","angle":56.25,"tap":true},{"time":515.5,"type":"block","angle":78.75,"tap":true},{"time":516,"type":"block","angle":101.25,"tap":true},{"time":516.5,"type":"block","angle":123.75,"tap":true},{"time":517,"type":"block","angle":146.25,"tap":true},{"time":517.5,"type":"block","angle":168.75,"tap":true},{"time":518,"type":"block","angle":191.25,"tap":true},{"time":518.5,"type":"block","angle":213.75,"tap":true},{"time":519,"type":"block","angle":236.25,"tap":true},{"time":519.5,"type":"block","angle":258.75,"tap":true},{"time":520,"type":"block","angle":281.25,"tap":true},{"time":520.5,"type":"block","angle":303.75,"tap":true},{"time":521,"type":"block","angle":326.25,"tap":true},{"time":521.5,"type":"block","angle":348.75,"tap":true},{"time":522,"type":"block","angle":11.25,"tap":true},{"time":522.5,"type":"block","angle":33.75,"tap":true},{"time":523,"type":"block","angle":56.25,"tap":true},{"time":523.5,"type":"block","angle":78.75,"tap":true},{"time":524,"type":"block","angle":101.25,"tap":true},{"time":524.5,"type":"block","angle":123.75,"tap":true},{"angle2":360,"time":524,"duration":0.5,"angle":360,"type":"mineHold"},{"angle2":382.5,"time":524.5,"duration":0.5,"angle":382.5,"type":"mineHold"},{"angle2":405,"time":525,"duration":0.5,"angle":405,"type":"mineHold"},{"angle2":427.5,"time":525.5,"duration":0.5,"angle":427.5,"type":"mineHold"},{"angle2":180,"time":524,"duration":0.5,"angle":180,"type":"mineHold"},{"angle2":202.5,"time":524.5,"duration":0.5,"angle":202.5,"type":"mineHold"},{"angle2":225,"time":525,"duration":0.5,"angle":225,"type":"mineHold"},{"angle2":247.5,"time":525.5,"duration":0.5,"angle":247.5,"type":"mineHold"},{"angle2":270,"time":526,"duration":0.5,"angle":270,"type":"mineHold"},{"angle2":292.5,"time":526.5,"duration":0.5,"angle":292.5,"type":"mineHold"},{"angle2":315,"time":527,"duration":0.5,"angle":315,"type":"mineHold"},{"angle2":337.5,"time":527.5,"duration":0.5,"angle":337.5,"type":"mineHold"},{"angle2":90,"time":526,"duration":0.5,"angle":90,"type":"mineHold"},{"angle2":112.5,"time":526.5,"duration":0.5,"angle":112.5,"type":"mineHold"},{"angle2":135,"time":527,"duration":0.5,"angle":135,"type":"mineHold"},{"angle2":157.5,"time":527.5,"duration":0.5,"angle":157.5,"type":"mineHold"},{"time":525,"type":"block","angle":146.25,"tap":true},{"time":525.5,"type":"block","angle":168.75,"tap":true},{"time":526,"type":"block","angle":191.25,"tap":true},{"time":526.5,"type":"block","angle":213.75,"tap":true},{"time":527,"type":"block","angle":236.25,"tap":true},{"time":527.5,"type":"block","angle":258.75,"tap":true},{"angle2":258.75,"time":528,"type":"hold","startTap":true,"angle":258.75,"duration":0.5},{"angle2":281.25,"time":528.5,"type":"hold","startTap":true,"angle":281.25,"duration":0.5},{"angle2":303.75,"time":529,"type":"hold","startTap":true,"angle":303.75,"duration":0.5},{"angle2":326.25,"time":529.5,"type":"hold","startTap":true,"angle":326.25,"duration":0.5},{"angle2":348.75,"time":530,"type":"hold","startTap":true,"angle":348.75,"duration":0.5},{"angle2":11.25,"time":530.5,"type":"hold","startTap":true,"angle":11.25,"duration":0.5},{"angle2":393.75,"time":531,"type":"hold","startTap":true,"angle":393.75,"duration":0.5},{"angle":270,"time":528,"type":"extraTap"},{"angle":292.5,"time":528.5,"type":"extraTap"},{"angle":315,"time":529,"type":"extraTap"},{"angle":337.5,"time":529.5,"type":"extraTap"},{"angle":0,"time":530,"type":"extraTap"},{"angle":22.5,"time":530.5,"type":"extraTap"},{"angle":45,"time":531,"type":"extraTap"},{"angle2":416.25,"time":531.5,"type":"hold","startTap":true,"angle":416.25,"duration":0.5},{"angle":67.5,"time":531.5,"type":"extraTap"},{"angle2":438.75,"time":532,"type":"hold","startTap":true,"angle":438.75,"duration":0.5},{"angle":90,"time":532,"type":"extraTap"},{"angle2":461.25,"time":532.5,"type":"hold","startTap":true,"angle":461.25,"duration":0.5},{"angle":112.5,"time":532.5,"type":"extraTap"},{"angle2":483.75,"time":533,"type":"hold","startTap":true,"angle":483.75,"duration":0.5},{"angle":135,"time":533,"type":"extraTap"},{"angle2":506.25,"time":533.5,"type":"hold","startTap":true,"angle":506.25,"duration":0.5},{"angle":157.5,"time":533.5,"type":"extraTap"},{"angle2":528.75,"time":534,"type":"hold","startTap":true,"angle":528.75,"duration":0.5},{"angle":180,"time":534,"type":"extraTap"},{"angle2":551.25,"time":534.5,"type":"hold","startTap":true,"angle":551.25,"duration":0.5},{"angle":202.5,"time":534.5,"type":"extraTap"},{"angle2":573.75,"time":535,"type":"hold","startTap":true,"angle":573.75,"duration":0.5},{"angle":225,"time":535,"type":"extraTap"},{"angle2":596.25,"time":535.5,"type":"hold","startTap":true,"angle":596.25,"duration":0.5},{"angle":247.5,"time":535.5,"type":"extraTap"},{"angle2":258.75,"time":536,"type":"hold","startTap":true,"angle":258.75,"duration":0.5},{"angle":-90,"time":536,"type":"extraTap"},{"angle2":281.25,"time":536.5,"type":"hold","startTap":true,"angle":281.25,"duration":0.5},{"angle":-67.5,"time":536.5,"type":"extraTap"},{"angle2":303.75,"time":537,"type":"hold","startTap":true,"angle":303.75,"duration":0.5},{"angle":-45,"time":537,"type":"extraTap"},{"angle2":326.25,"time":537.5,"type":"hold","startTap":true,"angle":326.25,"duration":0.5},{"angle":-22.5,"time":537.5,"type":"extraTap"},{"angle2":348.75,"time":538,"type":"hold","startTap":true,"angle":348.75,"duration":0.5},{"angle":0,"time":538,"type":"extraTap"},{"angle2":371.25,"time":538.5,"type":"hold","startTap":true,"angle":371.25,"duration":0.5},{"angle":22.5,"time":538.5,"type":"extraTap"},{"angle2":393.75,"time":539,"type":"hold","startTap":true,"angle":393.75,"duration":0.5},{"angle":45,"time":539,"type":"extraTap"},{"angle2":416.25,"time":539.5,"type":"hold","startTap":true,"angle":416.25,"duration":0.5},{"angle":67.5,"time":539.5,"type":"extraTap"},{"angle2":438.75,"time":540,"type":"hold","startTap":true,"angle":438.75,"duration":0.5},{"angle":90,"time":540,"type":"extraTap"},{"angle2":461.25,"time":540.5,"type":"hold","startTap":true,"angle":461.25,"duration":0.5},{"angle":112.5,"time":540.5,"type":"extraTap"},{"angle2":483.75,"time":541,"type":"hold","startTap":true,"angle":483.75,"duration":0.5},{"angle":135,"time":541,"type":"extraTap"},{"angle2":506.25,"time":541.5,"type":"hold","startTap":true,"angle":506.25,"duration":0.5},{"angle":157.5,"time":541.5,"type":"extraTap"},{"angle2":528.75,"time":542,"type":"hold","startTap":true,"angle":528.75,"duration":0.5},{"angle":180,"time":542,"type":"extraTap"},{"angle2":551.25,"time":542.5,"type":"hold","startTap":true,"angle":551.25,"duration":0.5},{"angle":202.5,"time":542.5,"type":"extraTap"},{"angle2":573.75,"time":543,"type":"hold","startTap":true,"angle":573.75,"duration":0.5},{"angle":225,"time":543,"type":"extraTap"},{"angle2":596.25,"time":543.5,"type":"hold","startTap":true,"angle":596.25,"duration":0.5},{"angle":247.5,"time":543.5,"type":"extraTap"},{"angle":255,"time":544,"type":"block"},{"angle":255,"time":544.5,"type":"block"},{"angle":345,"time":545.5,"type":"block"},{"angle":15,"time":545.75,"type":"block"},{"angle":45,"time":546,"type":"block"},{"angle":75,"time":546.25,"type":"block"},{"angle":135,"time":546.5,"type":"side"},{"angle":90,"time":547,"type":"side"},{"angle":30,"time":547.5,"type":"block"},{"angle":270,"time":548,"type":"block"},{"angle":210,"time":548.5,"type":"block"},{"angle":150,"time":549,"type":"block"},{"angle":90,"time":549.5,"type":"block"},{"angle":30,"time":550.25,"type":"block"},{"angle":0,"time":550.5,"type":"block"},{"angle":315,"time":551,"type":"block"},{"angle":285,"time":551.25,"type":"block"},{"angle":255,"time":551.5,"type":"block"},{"angle":315,"time":545,"type":"block"},{"angle":180,"time":552,"type":"block"},{"angle":135,"time":552.5,"type":"block"},{"angle":90,"time":553,"type":"block"},{"angle":15,"time":550,"type":"side"},{"angle":75,"time":554,"type":"block"},{"angle":30,"time":553.5,"type":"side"},{"angle":120,"time":554.5,"type":"block"},{"angle":45,"time":555,"type":"side"},{"angle":105,"time":555.5,"type":"side"},{"angle":90,"time":555.5,"type":"side"},{"angle":120,"time":555.5,"type":"side"},{"angle":225,"time":557.5,"type":"block"},{"angle":165,"time":557,"type":"block"},{"angle":270,"time":557.75,"type":"block"},{"angle":315,"time":558,"type":"block"},{"angle":0,"time":558.25,"type":"block"},{"angle":45,"time":558.5,"type":"block"},{"angle":90,"time":558.75,"type":"block"},{"angle2":270,"time":559.5,"duration":0.5,"angle":150,"type":"hold"},{"angle":120,"time":559,"type":"block"},{"angle":150,"time":559.25,"type":"block"},{"angle":270,"time":560.5,"type":"block"},{"angle":315,"time":561,"type":"block"},{"angle":0,"time":561.5,"type":"block"},{"angle":45,"time":562,"type":"block"},{"angle":67.5,"time":562.25,"type":"block"},{"angle":22.5,"time":561.75,"type":"block"},{"angle":90,"time":562.5,"type":"block"},{"angle":135,"time":563,"type":"block"},{"angle":180,"time":563.5,"type":"block"},{"angle":135,"time":564,"type":"block"},{"angle":67.5,"time":564.5,"type":"block"},{"angle":315,"time":565,"type":"side"},{"angle":0,"time":565.5,"type":"block"},{"angle":22.5,"time":565.75,"type":"block"},{"angle":45,"time":566,"type":"block"},{"angle":67.5,"time":566.5,"type":"block"},{"angle":22.5,"time":567,"type":"block"},{"angle":315,"time":567.5,"type":"block"},{"angle":45,"time":568,"type":"block"},{"angle":315,"time":568.5,"type":"block"},{"angle":270,"time":569,"type":"block"},{"angle":247.5,"time":569.5,"type":"block"},{"angle":270,"time":569.75,"type":"block"},{"angle":292.5,"time":570,"type":"block"},{"angle":315,"time":570.25,"type":"block"},{"angle":337.5,"time":570.5,"type":"block"},{"angle":360,"time":571,"type":"block"},{"angle":90,"time":571.5,"type":"side"},{"angle":78.75,"time":571.5,"type":"side"},{"angle":101.25,"time":571.5,"type":"side"},{"angle":270,"time":573,"type":"block"},{"angle":270,"time":574,"type":"block"},{"angle":180,"time":573.5,"type":"block"},{"angle":0,"time":574.5,"type":"block"},{"angle":90,"time":574.75,"type":"block"},{"angle":180,"time":575,"type":"block"},{"angle2":45,"time":576,"duration":0.75,"angle":90,"type":"hold"},{"angle2":123.75,"time":576.75,"duration":0.75,"angle":45,"type":"hold"},{"angle2":45,"time":577.5,"duration":0.5,"angle":123.75,"type":"hold"},{"angle":33.75,"time":578.25,"type":"block"},{"angle":11.25,"time":578.5,"type":"block"},{"angle":360,"time":578.75,"type":"block"},{"angle":348.75,"time":579,"type":"block"},{"angle":337.5,"time":579.25,"type":"block"},{"angle":326.25,"time":579.5,"type":"block"},{"angle":315,"time":579.75,"type":"block"},{"angle":303.75,"time":580,"type":"block"},{"angle":348.75,"time":580.5,"type":"side"},{"angle":258.75,"time":581,"type":"side"},{"angle":11.25,"time":581.5,"type":"side"},{"angle":292.5,"time":582,"type":"block"},{"angle":303.75,"time":582.25,"type":"block"},{"angle":315,"time":582.5,"type":"block"},{"angle":326.25,"time":582.75,"type":"block"},{"angle":337.5,"time":583,"type":"block"},{"angle":348.75,"time":583.25,"type":"block"},{"angle":0,"time":583.5,"type":"block"},{"angle2":-22.5,"time":584,"duration":0.75,"angle":33.75,"type":"hold"},{"angle2":438.75,"time":584.75,"duration":0.75,"angle":337.5,"type":"hold"},{"angle2":-56.25,"time":585.5,"duration":0.5,"angle":78.75,"type":"hold"},{"angle":303.75,"time":586.25,"type":"block"},{"angle":270,"time":586.5,"type":"block"},{"angle":247.5,"time":586.75,"type":"block"},{"angle":225,"time":587,"type":"block"},{"angle":202.5,"time":587.25,"type":"block"},{"angle":180,"time":587.5,"type":"block"},{"angle":157.5,"time":587.75,"type":"block"},{"angle2":56.25,"time":588,"duration":0.5,"angle":135,"type":"hold"},{"angle2":101.25,"time":588.5,"duration":0.5,"angle":56.25,"type":"hold"},{"angle2":0,"time":589,"duration":0.5,"angle":101.25,"type":"hold"},{"angle":292.5,"time":590.25,"type":"block"},{"angle":258.75,"time":590.5,"type":"block"},{"angle":225,"time":590.75,"type":"block"},{"angle":191.25,"time":591,"type":"block"},{"angle":157.5,"time":591.25,"type":"block"},{"angle":326.25,"time":590,"type":"block"},{"angle":123.75,"time":591.5,"type":"block"},{"angle":90,"time":591.75,"type":"block"},{"angle2":-33.75,"time":592,"duration":0.75,"angle":56.25,"type":"hold"},{"angle2":427.5,"time":592.75,"duration":0.75,"angle":326.25,"type":"hold"},{"angle2":-90,"time":593.5,"duration":0.5,"angle":67.5,"type":"hold"},{"angle":270,"time":594.25,"type":"block"},{"angle":326.25,"time":594.5,"type":"block"},{"angle":22.5,"time":594.75,"type":"block"},{"angle":78.75,"time":595,"type":"block"},{"angle":135,"time":595.25,"type":"block"},{"angle":191.25,"time":595.5,"type":"block"},{"angle":247.5,"time":595.75,"type":"block"},{"angle":337.5,"time":596,"type":"side"},{"angle":270,"time":596.5,"type":"side"},{"angle":337.5,"time":597,"type":"side"},{"angle":123.75,"time":597.5,"type":"side"},{"angle":180,"time":598,"type":"block"},{"angle":247.5,"time":598.25,"type":"block"},{"angle":315,"time":598.5,"type":"block"},{"angle":22.5,"time":598.75,"type":"block"},{"angle":90,"time":599,"type":"block"},{"angle":157.5,"time":599.25,"type":"block"},{"angle":225,"time":599.5,"type":"block"},{"angle":292.5,"time":599.75,"type":"block"},{"angle":360,"time":600,"type":"side"},{"angle":315,"time":600.75,"type":"side"},{"angle":157.5,"time":602,"type":"side"},{"angle":0,"time":601.5,"type":"side"},{"angle":0,"time":602.75,"type":"side"},{"angle":270,"time":603.5,"type":"side"},{"angle":180,"time":604,"type":"side"},{"angle":180,"time":604.25,"type":"block"},{"angle":135,"time":604.5,"type":"block"},{"angle":90,"time":604.75,"type":"block"},{"angle":45,"time":605,"type":"block"},{"angle":0,"time":605.25,"type":"block"},{"angle":315,"time":605.5,"type":"block"},{"angle":270,"time":605.75,"type":"block"},{"angle":247.5,"time":606,"type":"block"},{"angle":236.25,"time":606.125,"type":"block"},{"angle":225,"time":606.25,"type":"block"},{"angle":213.75,"time":606.375,"type":"block"},{"angle":202.5,"time":606.5,"type":"block"},{"angle":191.25,"time":606.625,"type":"block"},{"angle":180,"time":606.75,"type":"block"},{"angle":168.75,"time":606.875,"type":"block"},{"angle":157.5,"time":607,"type":"block"},{"angle":146.25,"time":607.125,"type":"block"},{"angle":135,"time":607.25,"type":"block"},{"angle":123.75,"time":607.375,"type":"block"},{"angle":112.5,"time":607.5,"type":"block"},{"angle":101.25,"time":607.625,"type":"block"},{"angle":90,"time":607.75,"type":"block"},{"angle":78.75,"time":607.875,"type":"block"},{"angle":22.5,"time":608,"type":"side"},{"angle":303.75,"time":608.75,"type":"block"},{"angle":33.75,"time":609.5,"type":"block"},{"angle2":450,"time":610,"duration":2,"angle":90,"type":"hold"},{"angle2":-270,"time":612,"duration":2,"angle":90,"type":"hold"},{"angle":56.25,"time":614.25,"type":"block"},{"angle":22.5,"time":614.5,"type":"block"},{"angle":348.75,"time":614.75,"type":"block"},{"angle":315,"time":615,"type":"block"},{"angle":281.25,"time":615.25,"type":"block"},{"angle":247.5,"time":615.5,"type":"block"},{"angle":213.75,"time":615.75,"type":"block"},{"angle2":45,"time":616,"duration":0.75,"angle":180,"type":"hold"},{"angle":337.5,"time":617.5,"type":"block"},{"angle":281.25,"time":618.25,"type":"block"},{"angle":315,"time":618.5,"type":"block"},{"angle":348.75,"time":618.75,"type":"block"},{"angle":258.75,"time":618,"type":"block"},{"angle":22.5,"time":619,"type":"block"},{"angle":56.25,"time":619.25,"type":"block"},{"angle":90,"time":619.5,"type":"block"},{"angle":123.75,"time":619.75,"type":"block"},{"angle2":101.25,"time":620,"duration":0.5,"angle":146.25,"type":"hold"},{"angle2":202.5,"time":620.5,"duration":0.5,"angle":101.25,"type":"hold"},{"angle2":270,"time":621,"duration":0.5,"angle":202.5,"type":"hold"},{"angle":303.75,"time":622,"type":"block"},{"angle":337.5,"time":622.25,"type":"block"},{"angle":11.25,"time":622.5,"type":"block"},{"angle":45,"time":622.75,"type":"block"},{"angle":78.75,"time":623,"type":"block"},{"angle":112.5,"time":623.25,"type":"block"},{"angle":146.25,"time":623.5,"type":"block"},{"angle":180,"time":623.75,"type":"block"},{"angle":270,"time":624,"type":"side"},{"angle":90,"time":624.75,"type":"side"},{"angle":303.75,"time":625.5,"type":"side"},{"angle":247.5,"time":626,"type":"block"},{"angle":202.5,"time":626.25,"type":"block"},{"angle":157.5,"time":626.5,"type":"block"},{"angle":112.5,"time":626.75,"type":"block"},{"angle":67.5,"time":627,"type":"block"},{"angle":22.5,"time":627.25,"type":"block"},{"angle":337.5,"time":627.5,"type":"block"},{"angle":292.5,"time":627.75,"type":"block"},{"angle":247.5,"time":628,"type":"block"},{"angle":292.5,"time":628.5,"type":"side"},{"angle":247.5,"time":629,"type":"side"},{"angle":292.5,"time":629.5,"type":"side"},{"angle":326.25,"time":630,"type":"block"},{"angle":11.25,"time":630.25,"type":"block"},{"angle":56.25,"time":630.5,"type":"block"},{"angle":101.25,"time":630.75,"type":"block"},{"angle":146.25,"time":631,"type":"block"},{"angle":191.25,"time":631.25,"type":"block"},{"angle":236.25,"time":631.5,"type":"block"},{"angle":0,"time":632,"type":"extraTap"},{"angle":0,"time":632.75,"type":"extraTap"},{"angle":360,"time":633.5,"type":"extraTap"},{"angle":0,"time":634,"type":"extraTap"},{"angle":0,"time":634.75,"type":"extraTap"},{"angle":360,"time":635.5,"type":"extraTap"},{"angle":360,"time":636,"type":"extraTap"},{"angle":348.75,"time":632,"type":"block"},{"angle":11.25,"time":633.5,"type":"block"},{"angle":112.5,"time":634,"type":"block"},{"angle":11.25,"time":634.75,"type":"block"},{"angle":270,"time":635.5,"type":"block"},{"angle":236.25,"time":632.75,"type":"block"},{"angle2":-90,"time":636,"duration":2,"angle":348.75,"type":"hold"},{"angle":258.75,"time":638,"type":"extraTap"},{"angle2":-90,"time":640,"duration":2,"angle":270,"type":"hold"},{"angle":292.5,"time":640,"type":"extraTap"},{"angle":258.75,"time":642,"type":"extraTap"},{"angle2":630,"time":642,"duration":2,"angle":270,"type":"hold"},{"angle":281.25,"time":644,"type":"extraTap"},{"angle2":-270,"time":644,"duration":2,"angle":270,"type":"hold"},{"angle2":630,"time":646,"duration":2,"angle":90,"type":"hold"},{"angle":78.75,"time":646,"type":"extraTap"},{"angle":292.5,"time":648,"type":"extraTap"},{"angle2":-270,"time":648,"duration":2,"angle":270,"type":"hold"},{"angle":78.75,"time":650,"type":"extraTap"},{"angle2":270,"time":650,"duration":2,"angle":-270,"type":"hold"},{"angle":-78.75,"time":652,"type":"extraTap"},{"angle2":-270,"time":652,"duration":2,"angle":270,"type":"hold"},{"angle":78.75,"time":654,"type":"extraTap"},{"angle2":270,"time":654,"duration":2,"angle":-270,"type":"hold"},{"angle":-78.75,"time":656,"type":"extraTap"},{"angle2":-270,"time":656,"duration":2,"angle":270,"type":"hold"},{"angle":78.75,"time":658,"type":"extraTap"},{"angle2":270,"time":658,"duration":2,"angle":-270,"type":"hold"},{"angle":-78.75,"time":660,"type":"extraTap"},{"angle2":-270,"time":660,"duration":2,"angle":270,"type":"hold"},{"angle":78.75,"time":662,"type":"extraTap"},{"angle2":270,"time":662,"duration":2,"angle":-270,"type":"hold"},{"angle":-78.75,"time":664,"type":"extraTap"},{"angle2":-270,"time":664,"duration":2,"angle":270,"type":"hold"},{"angle":78.75,"time":666,"type":"extraTap"},{"angle2":270,"time":666,"duration":2,"angle":-270,"type":"hold"},{"angle":303.75,"time":668,"type":"extraTap"},{"angle2":-270,"time":668,"duration":2,"angle":270,"type":"hold"},{"angle":78.75,"time":670,"type":"extraTap"},{"angle2":270,"time":670,"duration":2,"angle":-270,"type":"hold"},{"angle":-78.75,"time":672,"type":"extraTap"},{"angle":292.5,"time":672.75,"type":"block"},{"angle":90,"time":673.5,"type":"side"},{"angle":326.25,"time":674,"type":"side"},{"angle2":258.75,"time":674.04998779297,"duration":0.95000004768372,"angle":326.25,"type":"hold"},{"angle":360,"time":676,"type":"block"},{"angle":45,"time":676.25,"type":"block"},{"angle":90,"time":676.5,"type":"block"},{"angle":135,"time":676.75,"type":"block"},{"angle":180,"time":677,"type":"block"},{"angle":213.75,"time":677.25,"type":"block"},{"angle":258.75,"time":677.5,"type":"block"},{"angle":303.75,"time":677.75,"type":"block"},{"angle":348.75,"time":678,"type":"block"},{"angle":33.75,"time":678.25,"type":"block"},{"angle":78.75,"time":678.5,"type":"block"},{"angle":123.75,"time":678.75,"type":"block"},{"angle":180,"time":679,"type":"block"},{"angle":270,"time":680,"type":"side"},{"angle":180,"time":680.75,"type":"side"},{"angle":270,"time":681.5,"type":"side"},{"angle":382.5,"time":682,"type":"side"},{"angle2":33.75,"time":682.04998779297,"duration":0.94999998807907,"angle":22.5,"type":"hold"},{"angle":180,"time":640.5,"type":"block"},{"angle":90,"time":641,"type":"block"},{"angle":348.75,"time":641.5,"type":"block"},{"angle":315,"time":641.75,"type":"block"},{"angle":315,"time":642.25,"type":"block"},{"angle":0,"time":642.5,"type":"block"},{"angle":90,"time":643,"type":"block"},{"angle":180,"time":643.5,"type":"block"},{"angle":225,"time":643.75,"type":"block"},{"angle":202.5,"time":644.25,"type":"block"},{"angle":0,"time":645,"type":"block"},{"angle":225,"time":645.5,"type":"block"},{"angle":157.5,"time":645.75,"type":"block"},{"angle":225,"time":646.5,"type":"block"},{"angle":360,"time":647,"type":"block"},{"angle":135,"time":647.5,"type":"block"},{"angle":135,"time":648.5,"type":"block"},{"angle":360,"time":649,"type":"block"},{"angle":225,"time":649.5,"type":"block"},{"angle":225,"time":650.5,"type":"block"},{"angle":0,"time":651,"type":"block"},{"angle":202.5,"time":651.75,"type":"block"},{"angle":135,"time":652.5,"type":"block"},{"angle":360,"time":653,"type":"block"},{"angle":225,"time":653.5,"type":"block"},{"angle":157.5,"time":653.75,"type":"block"},{"angle":225,"time":654.5,"type":"block"},{"angle":67.5,"time":655.25,"type":"block"},{"angle":101.25,"time":655.375,"type":"block"},{"angle":135,"time":655.5,"type":"block"},{"angle":168.75,"time":655.625,"type":"block"},{"angle":33.75,"time":655.125,"type":"block"},{"angle":202.5,"time":655.75,"type":"block"},{"angle":236.25,"time":655.875,"type":"block"},{"angle":135,"time":656.5,"type":"block"},{"angle":0,"time":657,"type":"block"},{"angle":225,"time":657.5,"type":"block"},{"angle":157.5,"time":657.75,"type":"block"},{"angle":225,"time":658.5,"type":"block"},{"angle":0,"time":659,"type":"block"},{"angle":135,"time":659.5,"type":"block"},{"angle":135,"time":660.5,"type":"block"},{"angle":360,"time":661,"type":"block"},{"angle":225,"time":661.5,"type":"block"},{"angle":157.5,"time":661.75,"type":"block"},{"angle":225,"time":662.5,"type":"block"},{"angle":135,"time":663.5,"type":"block"},{"angle":135,"time":664.5,"type":"block"},{"angle":360,"time":665,"type":"block"},{"angle":225,"time":665.5,"type":"block"},{"angle":157.5,"time":665.75,"type":"block"},{"angle":225,"time":666.5,"type":"block"},{"angle":0,"time":667,"type":"block"},{"angle":135,"time":667.5,"type":"block"},{"angle":135,"time":668.5,"type":"block"},{"angle":0,"time":669,"type":"block"},{"angle":225,"time":669.5,"type":"block"},{"angle":225,"time":670.5,"type":"block"},{"angle":292.5,"time":670.75,"type":"block"},{"angle":0,"time":671,"type":"block"},{"angle":135,"time":671.5,"type":"block"},{"angle":45,"time":684,"type":"block"},{"angle":360,"time":684.25,"type":"block"},{"angle":315,"time":684.5,"type":"block"},{"angle":270,"time":684.75,"type":"block"},{"angle":225,"time":685,"type":"block"},{"angle":180,"time":685.25,"type":"block"},{"angle":135,"time":685.5,"type":"block"},{"angle":90,"time":685.75,"type":"block"},{"angle":0,"time":686,"type":"block"},{"angle":270,"time":687,"type":"block"},{"time":688,"type":"side","angle":0,"tap":true},{"time":688.75,"type":"side","angle":123.75,"tap":true},{"time":689.5,"type":"side","angle":0,"tap":true},{"angle2":191.25,"time":690.04998779297,"duration":0.94999998807907,"angle":258.75,"type":"hold"},{"angle":258.75,"time":690,"type":"side"},{"angle":270,"time":692,"type":"block"},{"angle":315,"time":692.25,"type":"block"},{"angle":360,"time":692.5,"type":"block"},{"angle":45,"time":692.75,"type":"block"},{"angle":90,"time":693,"type":"block"},{"angle":135,"time":693.25,"type":"block"},{"angle":180,"time":693.5,"type":"block"},{"angle":225,"time":693.75,"type":"block"},{"angle":270,"time":694,"type":"block"},{"angle":315,"time":694.25,"type":"block"},{"angle":360,"time":694.5,"type":"block"},{"angle":45,"time":694.75,"type":"block"},{"angle":90,"time":695,"type":"block"},{"time":696,"type":"side","angle":360,"tap":true},{"time":696.75,"type":"side","angle":247.5,"tap":true},{"time":697.5,"type":"side","angle":337.5,"tap":true},{"time":698,"type":"side","angle":67.5,"tap":true},{"time":698.75,"type":"side","angle":157.5,"tap":true},{"time":699.5,"type":"side","angle":45,"tap":true},{"angle2":180,"time":700,"duration":2,"angle":360,"type":"hold"},{"angle":22.5,"time":700,"type":"extraTap"},{"angle":202.5,"time":702,"type":"extraTap"},{"time":704,"type":"block","angle":270,"tap":true},{"time":704.75,"type":"block","angle":315,"tap":true},{"time":705.5,"type":"block","angle":45,"tap":true},{"angle2":22.5,"time":706,"duration":1,"angle":112.5,"type":"hold"},{"holdEase":"inSine","angle2":720,"time":708,"duration":2,"startTap":true,"angle":22.5,"type":"hold"},{"time":712,"type":"block","angle":0,"tap":true},{"time":712.75,"type":"side","angle":90,"tap":true},{"time":713.5,"type":"block","angle":180,"tap":true},{"angle2":337.5,"time":714,"type":"hold","startTap":true,"angle":270,"duration":1},{"holdEase":"inQuad","angle2":90,"time":716,"type":"hold","angle":360,"duration":2},{"angle2":360,"time":718,"duration":1,"angle":90,"type":"hold"},{"angle":45,"time":716,"type":"extraTap"},{"angle":67.5,"time":718,"type":"extraTap"},{"angle":22.5,"time":719,"type":"extraTap"},{"angle":360,"time":720,"type":"block"},{"angle":67.5,"time":720.75,"type":"block"},{"angle":135,"time":721.5,"type":"block"},{"angle2":0,"time":722,"duration":1,"angle":180,"type":"hold"},{"angle2":-90,"time":724,"duration":2,"angle":360,"type":"hold"},{"holdEase":"inBack","angle2":292.5,"time":728,"type":"hold","angle":270,"duration":0.75},{"holdEase":"inBack","angle2":247.5,"time":729.5,"type":"hold","angle":315,"duration":0.5},{"holdEase":"inExpo","angle2":315,"time":730.75,"type":"hold","angle":247.5,"duration":0.75},{"angle2":630,"time":732,"duration":2,"angle":337.5,"type":"hold"},{"angle2":630,"time":734,"duration":2,"angle":180,"type":"mineHold"},{"angle2":382.5,"time":734,"duration":1.5,"angle":0,"type":"mineHold"},{"angle":45,"time":736,"type":"side"},{"angle2":247.5,"time":736.04998779297,"duration":0.94999998807907,"angle":45,"type":"hold"},{"angle":247.5,"time":738,"type":"side"},{"angle2":-90,"time":738.04998779297,"duration":1,"angle":247.5,"type":"hold"},{"angle":-450,"time":740,"type":"side"},{"angle":270,"time":742,"type":"side"},{"angle2":-67.5,"time":742.04998779297,"duration":1.9500000476837,"angle":270,"type":"hold"},{"angle2":517.5,"time":744,"duration":1,"angle":292.5,"type":"hold"},{"angle":22.5,"time":740.5,"type":"block"},{"angle":337.5,"time":741,"type":"block"},{"angle":315,"time":741.5,"type":"block"},{"angle":112.5,"time":747,"type":"side"},{"angle":202.5,"time":745.33331298828,"type":"block"},{"angle":292.5,"time":745.66668701172,"type":"block"},{"angle":33.75,"time":746,"type":"block"},{"angle":337.5,"time":748,"type":"side"},{"angle2":438.75,"time":748.04998779297,"duration":0.94999980926514,"angle":337.5,"type":"hold"},{"angle2":56.25,"time":747,"duration":1,"angle":33.75,"type":"mineHold"},{"angle":270,"time":749.5,"type":"side"},{"angle":247.5,"time":750,"type":"block"},{"angle":78.75,"time":673.5,"type":"extraTap"},{"angle":337.5,"time":674,"type":"extraTap"},{"angle":281.25,"time":680,"type":"extraTap"},{"angle":191.25,"time":680.75,"type":"extraTap"},{"angle":281.25,"time":681.5,"type":"extraTap"},{"angle":33.75,"time":682,"type":"extraTap"},{"angle":348.75,"time":676,"type":"extraTap"},{"angle":337.5,"time":678,"type":"extraTap"},{"angle":67.5,"time":684,"type":"extraTap"},{"angle":281.25,"time":687,"type":"extraTap"},{"angle":270,"time":690,"type":"extraTap"},{"angle":348.75,"time":686,"type":"extraTap"},{"angle":281.25,"time":692,"type":"extraTap"},{"angle":292.5,"time":694.25,"type":"extraTap"},{"angle":315,"time":751,"type":"side"},{"angle2":416.25,"time":751.04998779297,"duration":0.94999980926514,"angle":315,"type":"hold"},{"angle2":-146.25,"time":752,"duration":2,"angle":56.25,"type":"hold"},{"angle2":450,"time":754,"duration":2,"angle":213.75,"type":"hold"},{"angle2":528.75,"time":756,"duration":2,"angle":90,"type":"hold"},{"angle2":-270,"time":758,"duration":2,"angle":168.75,"type":"hold"},{"angle2":1170,"time":760,"duration":4,"angle":90,"type":"hold"},{"angle2":0,"time":764,"duration":0.5,"angle":90,"type":"hold"},{"angle":292.5,"time":765.5,"type":"side"},{"angle":202.5,"time":765.75,"type":"side"},{"angle2":292.5,"time":767,"duration":1,"angle":270,"type":"hold"},{"angle2":360,"time":768,"duration":0.25,"angle":292.5,"type":"hold"},{"angle2":45,"time":769,"duration":0.25,"angle":90,"type":"hold"},{"angle2":270,"time":770,"duration":0.25,"angle":315,"type":"hold"},{"angle":225,"time":770.75,"type":"side"},{"angle":326.25,"time":770,"type":"extraTap"},{"angle":112.5,"time":769,"type":"extraTap"},{"angle":213.75,"time":770.75,"type":"extraTap"},{"angle2":281.25,"time":772,"duration":1,"angle":315,"type":"hold"},{"angle2":315,"time":771.5,"duration":0.5,"endTap":true,"startTap":true,"angle":281.25,"type":"hold"},{"angle":56.25,"time":774,"type":"side"},{"angle2":270,"time":774.04998779297,"duration":0.95000004768372,"angle":56.25,"type":"hold"},{"angle":348.75,"time":776,"type":"side"},{"angle":270,"time":776.25,"type":"side"},{"angle":11.25,"time":776.75,"type":"side"},{"angle":292.5,"time":777,"type":"side"},{"angle":33.75,"time":777.5,"type":"side"},{"angle":315,"time":777.75,"type":"side"},{"angle":56.25,"time":778.25,"type":"side"},{"angle":337.5,"time":778.5,"type":"side"},{"angle":78.75,"time":779,"type":"side"},{"angle":0,"time":779.25,"type":"side"},{"angle":101.25,"time":779.75,"type":"side"},{"angle2":22.5,"time":780,"duration":1.5,"angle":22.5,"type":"hold"},{"holdEase":"inExpo","angle2":-45,"time":781.5,"type":"hold","angle":22.5,"duration":0.5},{"angle":0,"time":783,"type":"side"},{"angle2":-90,"time":784,"duration":1,"angle":0,"type":"hold"},{"angle":258.75,"time":785.25,"type":"block"},{"angle":202.5,"time":785.5,"type":"block"},{"angle":-56.25,"time":785.75,"type":"block"},{"angle2":0,"time":786,"duration":1,"angle":-90,"type":"hold"},{"angle":56.25,"time":787.25,"type":"block"},{"angle":303.75,"time":787.5,"type":"block"},{"angle":33.75,"time":787.75,"type":"block"},{"angle2":-270,"time":788,"duration":2,"angle":0,"type":"hold"},{"angle":-303.75,"time":790,"type":"side"},{"angle2":-405,"time":790.04998779297,"duration":1.9499998092651,"angle":-303.75,"type":"hold"},{"angle":348.75,"time":792,"type":"side"},{"angle2":450,"time":792.04998779297,"duration":1.4499998092651,"angle":348.75,"type":"hold"},{"angle":-663.75,"time":793.5,"type":"side"},{"angle2":-765,"time":793.54998779297,"duration":1.4499998092651,"angle":-663.75,"type":"hold"},{"angle":348.75,"time":795,"type":"side"},{"angle2":450,"time":795.04998779297,"duration":0.94999980926514,"angle":348.75,"type":"hold"},{"angle":112.5,"time":796,"type":"side"},{"angle":303.75,"time":797.5,"type":"side"},{"angle":78.75,"time":798,"type":"side"},{"angle2":180,"time":799,"duration":1,"angle":360,"type":"hold"},{"angle":33.75,"time":801,"type":"block"},{"angle":168.75,"time":800.25,"type":"block"},{"angle":56.25,"time":802,"type":"extraTap"},{"angle":45,"time":803,"type":"extraTap"},{"angle":45,"time":804,"type":"extraTap"},{"angle":213.75,"time":802,"type":"block"},{"angle":225,"time":802.25,"type":"block"},{"angle":236.25,"time":802.5,"type":"block"},{"angle":247.5,"time":802.75,"type":"block"},{"angle":348.75,"time":801.25,"type":"block"},{"angle":281.25,"time":801.75,"type":"block"},{"angle":315,"time":801.5,"type":"block"},{"angle":112.5,"time":800.5,"type":"block"},{"angle":67.5,"time":800.75,"type":"block"},{"angle":281.25,"time":803,"type":"block"},{"angle":303.75,"time":803.25,"type":"block"},{"angle":326.25,"time":803.5,"type":"block"},{"angle":348.75,"time":803.75,"type":"block"}]