{"events":[{"time":0,"volume":0.89999997615814,"angle":0,"bpm":120,"file":"WarWithoutReason.ogg","type":"play"},{"time":0,"type":"lawrence_changeOffset","angle":67.5,"offsetDelta":1},{"time":8,"type":"lawrence_changeOffset","angle":90,"offsetDelta":1},{"time":12,"type":"lawrence_changeOffset","angle":45,"offsetDelta":1},{"time":4,"type":"lawrence_changeOffset","angle":67.5,"offsetDelta":1},{"time":16,"type":"lawrence_changeOffset","angle":157.5,"offsetDelta":1},{"r":0,"g":0,"angle":315,"time":-7,"color":0,"order":-999,"b":0,"type":"setColor"},{"r":255,"g":255,"angle":0,"time":-7,"color":1,"order":-999,"b":255,"type":"setColor"},{"r":255,"g":255,"angle":45,"time":-7,"color":3,"order":-999,"b":255,"type":"setColor"},{"time":0,"tag":"pulsered","angleOffset":false,"angle":22.5,"type":"tag"},{"time":4,"tag":"pulsered","angleOffset":false,"angle":90,"type":"tag"},{"time":8,"tag":"pulsered","angleOffset":false,"angle":112.5,"type":"tag"},{"time":12,"tag":"pulsered","angleOffset":false,"angle":22.5,"type":"tag"},{"time":16,"tag":"pulsered","angleOffset":false,"angle":135,"type":"tag"},{"time":20,"tag":"pulsered","angleOffset":false,"angle":292.5,"type":"tag"},{"time":20,"type":"lawrence_changeOffset","angle":270,"offsetDelta":1},{"time":24,"tag":"pulsered","angleOffset":false,"angle":225,"type":"tag"},{"time":28,"tag":"pulsered","angleOffset":false,"angle":315,"type":"tag"},{"time":28,"type":"lawrence_changeOffset","angle":292.5,"offsetDelta":1},{"time":24,"type":"lawrence_changeOffset","angle":202.5,"offsetDelta":1},{"angle":90,"time":-7,"type":"lawrence_init"},{"time":40,"tag":"pulsered","angleOffset":false,"angle":112.5,"type":"tag"},{"time":40,"type":"lawrence_changeOffset","angle":67.5,"offsetDelta":-1},{"time":48,"type":"lawrence_changeOffset","angle":0,"offsetDelta":1},{"time":48,"tag":"pulsered","angleOffset":false,"angle":315,"type":"tag"},{"time":-7,"type":"hom","angle":270,"enable":true},{"time":-7,"color":0,"chance":0.5,"angle":247.5,"type":"noise"},{"time":56,"type":"lawrence_changeOffset","angle":202.5,"offsetDelta":1},{"time":56,"tag":"pulsered","angleOffset":false,"angle":157.5,"type":"tag"},{"time":64,"type":"lawrence_changeOffset","angle":292.5,"offsetDelta":1},{"time":64,"tag":"pulsered","angleOffset":false,"angle":337.5,"type":"tag"},{"time":72,"type":"lawrence_changeOffset","angle":247.5,"offsetDelta":1},{"time":76,"type":"lawrence_changeOffset","angle":112.5,"offsetDelta":1},{"time":76,"tag":"pulsered","angleOffset":false,"angle":67.5,"type":"tag"},{"time":72,"tag":"pulsered","angleOffset":false,"angle":292.5,"type":"tag"},{"time":68,"tag":"pulsered","angleOffset":false,"angle":180,"type":"tag"},{"time":68,"type":"lawrence_changeOffset","angle":135,"offsetDelta":1},{"time":80,"type":"lawrence_changeOffset","angle":292.5,"offsetDelta":1},{"time":80,"tag":"pulsered","angleOffset":false,"angle":337.5,"type":"tag"},{"time":84,"type":"lawrence_changeOffset","angle":292.5,"offsetDelta":1},{"time":84,"tag":"pulsered","angleOffset":false,"angle":337.5,"type":"tag"},{"time":88,"type":"lawrence_changeOffset","angle":112.5,"offsetDelta":1},{"time":88,"tag":"pulsered","angleOffset":false,"angle":157.5,"type":"tag"},{"time":92,"type":"lawrence_changeOffset","angle":202.5,"offsetDelta":1},{"time":92,"tag":"pulsered","angleOffset":false,"angle":157.5,"type":"tag"},{"time":96,"type":"lawrence_changeOffset","angle":0,"offsetDelta":-2},{"time":96,"tag":"pulsered","angleOffset":false,"angle":45,"type":"tag"},{"time":104,"type":"lawrence_changeOffset","angle":270,"offsetDelta":1},{"time":104,"tag":"pulsered","angleOffset":false,"angle":315,"type":"tag"},{"r":0,"g":0,"name":"Section 2","description":"","angle":67.5,"time":128,"b":0,"type":"bookmark"},{"time":0,"tag":"meteor","angleOffset":false,"angle":292.5,"type":"tag"},{"time":12,"tag":"meteor","angleOffset":false,"angle":292.5,"type":"tag"},{"tag":"meteor","time":32,"angleOffset":false,"angle":45,"type":"tag"},{"time":32,"type":"lawrence_changeOffset","angle":112.5,"offsetDelta":1},{"time":32,"tag":"pulsered","angleOffset":false,"angle":67.5,"type":"tag"},{"time":72,"tag":"meteor","angleOffset":false,"angle":225,"type":"tag"},{"time":96,"tag":"meteor","angleOffset":false,"angle":67.5,"type":"tag"},{"time":96,"tag":"pulsered","angleOffset":false,"angle":45,"type":"tag"},{"time":112,"type":"lawrence_changeOffset","angle":67.5,"offsetDelta":1},{"time":112,"tag":"pulsered","angleOffset":false,"angle":112.5,"type":"tag"},{"time":120,"type":"lawrence_changeOffset","angle":292.5,"offsetDelta":1},{"time":120,"tag":"pulsered","angleOffset":false,"angle":247.5,"type":"tag"},{"r":0,"g":0,"angle":45,"time":128,"color":0,"order":-999,"b":0,"type":"setColor"},{"variableName":"Rain","time":128,"order":-1,"objectName":"Rain","angle":135,"type":"initObject"},{"value":2,"var":"vfx.objects.Rain.color","time":128,"angle":157.5,"type":"ease"},{"value":30,"var":"vfx.objects.Rain.baseAngle","time":128,"angle":180,"type":"ease"},{"value":1,"var":"vfx.objects.Rain.spawnCooldown","time":128,"angle":202.5,"type":"ease"},{"value":10000,"var":"vfx.objects.Rain.baseCircleSpeed","time":128,"angle":225,"type":"ease"},{"value":5,"var":"vfx.objects.Rain.fallSpeed","time":128,"angle":247.5,"type":"ease"},{"r":255,"g":0,"angle":270,"time":128,"color":2,"order":-999,"b":0,"type":"setColor"},{"r":0,"g":0,"angle":360,"time":129,"b":0,"ease":"linear","color":3,"order":-999,"type":"setColor"},{"order":-999,"time":128,"var":"vfx.LawrenceBG.zoom","value":-2,"angle":348.75,"type":"ease"},{"order":-999,"time":128,"var":"vfx.LawrenceBG.zoomOffset","value":-2,"angle":11.25,"type":"ease"},{"order":-999,"time":130,"var":"vfx.LawrenceBG.zoom","value":1,"angle":348.75,"type":"ease"},{"order":-999,"time":130,"var":"vfx.LawrenceBG.zoomOffset","value":0.75,"angle":11.25,"type":"ease"},{"r":89,"g":0,"angle":247.5,"duration":3,"time":192,"color":3,"ease":"outSine","b":0,"type":"setColor"},{"r":0,"g":0,"angle":258.75,"duration":1,"time":195,"color":3,"ease":"inSine","b":0,"type":"setColor"},{"r":89,"g":0,"angle":247.5,"duration":3,"time":196,"color":3,"ease":"outSine","b":0,"type":"setColor"},{"r":0,"g":0,"angle":258.75,"duration":1,"time":199,"color":3,"ease":"inSine","b":0,"type":"setColor"},{"r":89,"g":0,"angle":247.5,"duration":3,"time":200,"color":3,"ease":"outSine","b":0,"type":"setColor"},{"r":0,"g":0,"angle":258.75,"duration":1,"time":203,"color":3,"ease":"inSine","b":0,"type":"setColor"},{"time":192,"followPlayer":true,"angle":236.25,"type":"lawrence_mode"},{"time":196,"followPlayer":false,"angle":236.25,"type":"lawrence_mode"},{"time":200,"followPlayer":false,"angle":258.75,"type":"lawrence_mode"},{"r":89,"g":0,"angle":247.5,"duration":1,"time":204,"color":3,"ease":"outSine","b":0,"type":"setColor"},{"r":0,"g":0,"angle":258.75,"duration":1,"time":205,"color":3,"ease":"inSine","b":0,"type":"setColor"},{"time":204,"followPlayer":false,"angle":258.75,"type":"lawrence_mode"},{"r":89,"g":0,"angle":112.5,"duration":1,"time":206,"color":3,"ease":"outSine","b":0,"type":"setColor"},{"r":0,"g":0,"angle":123.75,"duration":1,"time":207,"color":3,"ease":"inSine","b":0,"type":"setColor"},{"time":206,"followPlayer":true,"angle":123.75,"type":"lawrence_mode"},{"r":81.82332739234,"g":207.49999523163,"name":"Section3","description":"Section3","angle":45,"time":256,"b":74.252454042435,"type":"bookmark"},{"r":89,"g":0,"angle":247.5,"duration":1,"time":208,"color":3,"ease":"outSine","b":0,"type":"setColor"},{"r":0,"g":0,"angle":247.5,"duration":1,"time":209,"color":3,"ease":"inSine","b":0,"type":"setColor"},{"time":208,"followPlayer":true,"angle":258.75,"type":"lawrence_mode"},{"r":89,"g":0,"angle":303.75,"duration":1,"time":212,"color":3,"ease":"outSine","b":0,"type":"setColor"},{"r":0,"g":0,"angle":303.75,"duration":1,"time":213,"color":3,"ease":"inSine","b":0,"type":"setColor"},{"time":212,"followPlayer":true,"angle":315,"type":"lawrence_mode"},{"r":89,"g":0,"angle":303.75,"duration":3,"time":216,"color":3,"ease":"outSine","b":0,"type":"setColor"},{"r":0,"g":0,"angle":303.75,"duration":1,"time":219,"color":3,"ease":"inSine","b":0,"type":"setColor"},{"time":216,"followPlayer":true,"angle":315,"type":"lawrence_mode"},{"r":89,"g":0,"angle":315,"duration":1,"time":220,"color":3,"ease":"outSine","b":0,"type":"setColor"},{"r":0,"g":0,"angle":315,"duration":1,"time":221,"color":3,"ease":"inSine","b":0,"type":"setColor"},{"time":220,"followPlayer":true,"angle":337.5,"type":"lawrence_mode"},{"r":89,"g":0,"angle":247.5,"duration":1,"time":222,"color":3,"ease":"outSine","b":0,"type":"setColor"},{"r":0,"g":0,"angle":247.5,"duration":1,"time":223,"color":3,"ease":"inSine","b":0,"type":"setColor"},{"time":222,"followPlayer":true,"angle":258.75,"type":"lawrence_mode"},{"r":0,"g":0,"name":"Section2-a","description":"","angle":33.75,"time":224,"b":0,"type":"bookmark"},{"time":256,"type":"hom","angle":0,"enable":false},{"time":256,"color":2,"chance":0.0099999997764826,"angle":22.5,"type":"noise"},{"r":51,"g":0,"angle":67.5,"time":256,"color":2,"order":-999,"b":0,"type":"setColor"},{"r":0,"g":0,"angle":360,"time":257,"b":0,"ease":"linear","color":3,"order":-999,"type":"setColor"},{"order":-999,"time":256,"var":"vfx.LawrenceBG.zoom","value":-2,"angle":348.75,"type":"ease"},{"order":-999,"time":256,"var":"vfx.LawrenceBG.zoomOffset","value":-2,"angle":11.25,"type":"ease"},{"order":-999,"time":258,"var":"vfx.objects.Rain.speed","value":0,"angle":292.5,"type":"ease"},{"type":"ease","time":256,"start":1,"value":1,"var":"vfx.objects.Rain.spawnTimer","angle":292.5,"duration":15},{"r":0,"g":0,"name":"Section4","description":"","angle":67.5,"time":320,"b":0,"type":"bookmark"},{"time":256,"spriteName":"miss","angle":315,"type":"forcePlayerSprite"},{"order":-999,"time":320,"var":"vfx.LawrenceBG.zoomOffset","value":0.75,"angle":292.5,"type":"ease"},{"order":-999,"time":320,"var":"vfx.LawrenceBG.zoom","value":1,"angle":303.75,"type":"ease"},{"time":320,"type":"lawrence_changeOffset","angle":281.25,"offsetDelta":5},{"time":320,"type":"hom","angle":33.75,"enable":true},{"time":320,"color":2,"chance":0.10000000149012,"angle":22.5,"type":"noise"},{"r":0,"g":0,"angle":11.25,"time":320,"color":2,"order":-999,"b":0,"type":"setColor"},{"r":150,"g":0,"angle":348.75,"time":320,"color":3,"order":-999,"b":0,"type":"setColor"},{"order":-999,"time":320,"var":"vfx.objects.Rain.speed","value":1,"angle":315,"type":"ease"},{"order":-999,"time":320,"var":"vfx.objects.Rain.color","value":1,"angle":326.25,"type":"ease"},{"order":-999,"time":320,"var":"vfx.objects.Rain.layer","value":-100,"angle":337.5,"type":"ease"},{"time":320,"tag":"meteor","angleOffset":false,"angle":90,"type":"tag"},{"time":324,"tag":"meteor","angleOffset":false,"angle":348.75,"type":"tag"},{"time":324,"type":"lawrence_changeOffset","angle":11.25,"offsetDelta":1},{"time":324,"followPlayer":false,"angle":22.5,"type":"lawrence_mode"},{"type":"ease","time":317,"var":"scrollSpeed","value":1.1000000238419,"ease":"linear","angle":258.75,"duration":3},{"time":320,"spriteName":"","angle":270,"type":"forcePlayerSprite"},{"order":-999,"time":320,"var":"vfx.objects.Rain.spawnCooldown","value":10,"angle":258.75,"type":"ease"},{"order":-999,"time":320,"var":"vfx.objects.Rain.fallSpeed","value":30,"angle":247.5,"type":"ease"},{"r":0,"g":0,"name":"break","description":"","angle":292.5,"time":448,"b":0,"type":"bookmark"},{"sy":0.5,"sprite":"WARNING.png","recolor":3,"ox":487.5,"oy":0,"angle":258.75,"type":"deco","time":480,"x":300,"y":0,"id":"warning","order":-999,"sx":0.5},{"r":0,"g":0,"angle":337.5,"time":448,"color":0,"order":-999,"b":0,"type":"setColor"},{"id":"ones","sprite":"numbers!ones","recolor":2,"drawLayer":"bg","angle":337.5,"time":640,"x":272,"y":4,"type":"deco","drawOrder":901,"outline":true},{"r":0,"g":0,"angle":326.25,"time":448,"color":1,"order":-999,"b":0,"type":"setColor"},{"r":0,"g":0,"angle":315,"time":448,"color":2,"order":-999,"b":0,"type":"setColor"},{"r":0,"g":0,"angle":303.75,"time":448,"color":3,"order":-999,"b":0,"type":"setColor"},{"r":68,"g":25,"angle":270,"duration":1,"time":458,"color":1,"ease":"inQuad","b":0,"type":"setColor"},{"type":"ease","time":448,"start":1,"value":1,"var":"vfx.objects.Rain.spawnTimer","angle":202.5,"duration":15},{"order":-999,"time":453,"var":"vfx.objects.Rain.speed","value":0,"angle":213.75,"type":"ease"},{"r":0,"g":0,"angle":270,"duration":1,"time":459,"color":1,"ease":"outQuad","b":0,"type":"setColor"},{"r":115,"g":43,"angle":270,"duration":1,"time":460,"color":1,"ease":"inQuad","b":0,"type":"setColor"},{"r":0,"g":0,"angle":270,"duration":1,"time":461,"color":1,"ease":"outQuad","b":0,"type":"setColor"},{"r":152,"g":47,"angle":270,"duration":1,"time":462,"b":0,"color":1,"type":"setColor"},{"r":0,"g":0,"angle":270,"duration":1,"time":463,"b":0,"color":1,"type":"setColor"},{"r":200,"g":76,"angle":270,"duration":1,"time":464,"b":0,"color":1,"type":"setColor"},{"r":0,"g":0,"angle":270,"duration":1,"time":465,"b":0,"color":1,"type":"setColor"},{"r":231,"g":67,"angle":270,"duration":1,"time":466,"b":0,"color":1,"type":"setColor"},{"r":0,"g":0,"angle":270,"duration":1,"time":467,"b":0,"color":1,"type":"setColor"},{"r":255,"g":81,"angle":270,"duration":1,"time":468,"b":0,"color":1,"type":"setColor"},{"r":0,"g":0,"angle":270,"duration":1,"time":469,"b":0,"color":1,"type":"setColor"},{"r":255,"g":81,"angle":270,"duration":1,"time":470,"b":0,"color":1,"type":"setColor"},{"r":0,"g":0,"angle":270,"duration":1,"time":471,"b":0,"color":1,"type":"setColor"},{"r":255,"g":81,"angle":270,"duration":1,"time":472,"b":0,"color":1,"type":"setColor"},{"r":0,"g":0,"angle":270,"duration":1,"time":473,"b":0,"color":1,"type":"setColor"},{"r":255,"g":81,"angle":270,"duration":1,"time":474,"b":0,"color":1,"type":"setColor"},{"r":0,"g":0,"angle":270,"duration":1,"time":475,"b":0,"color":1,"type":"setColor"},{"r":255,"g":81,"angle":270,"duration":1,"time":476,"b":0,"color":1,"type":"setColor"},{"r":0,"g":0,"angle":270,"duration":1,"time":477,"b":0,"color":1,"type":"setColor"},{"r":219,"g":0,"angle":270,"duration":1,"time":478,"b":0,"color":1,"type":"setColor"},{"r":255,"g":0,"angle":258.75,"duration":1,"time":477,"b":0,"color":3,"type":"setColor"},{"order":-999,"time":451,"var":"vfx.LawrenceBG.zoom","value":-2,"angle":236.25,"type":"ease"},{"order":-999,"time":451,"var":"vfx.LawrenceBG.zoomOffset","value":-2,"angle":247.5,"type":"ease"},{"time":480,"tag":"wflash","angleOffset":false,"angle":236.25,"type":"tag"},{"time":482,"tag":"wflash","angleOffset":false,"angle":236.25,"type":"tag"},{"time":484,"tag":"wflash","angleOffset":false,"angle":236.25,"type":"tag"},{"time":486,"tag":"wflash","angleOffset":false,"angle":236.25,"type":"tag"},{"time":488,"tag":"wflash","angleOffset":false,"angle":236.25,"type":"tag"},{"time":490,"tag":"wflash","angleOffset":false,"angle":236.25,"type":"tag"},{"time":492,"tag":"wflash","angleOffset":false,"angle":236.25,"type":"tag"},{"time":494,"tag":"wflash","angleOffset":false,"angle":236.25,"type":"tag"},{"time":496,"tag":"wflash","angleOffset":false,"angle":236.25,"type":"tag"},{"r":0,"g":0,"name":"Section5","description":"","angle":303.75,"time":480,"b":0,"type":"bookmark"},{"time":498,"tag":"wflash","angleOffset":false,"angle":236.25,"type":"tag"},{"time":500,"tag":"wflash","angleOffset":false,"angle":236.25,"type":"tag"},{"time":502,"tag":"wflash","angleOffset":false,"angle":236.25,"type":"tag"},{"time":504,"tag":"wflash","angleOffset":false,"angle":236.25,"type":"tag"},{"time":506,"tag":"wflash","angleOffset":false,"angle":236.25,"type":"tag"},{"time":508,"tag":"wflash","angleOffset":false,"angle":236.25,"type":"tag"},{"time":510,"tag":"wflash","angleOffset":false,"angle":236.25,"type":"tag"},{"time":512,"tag":"wflash","angleOffset":false,"angle":236.25,"type":"tag"},{"time":514,"tag":"wflash","angleOffset":false,"angle":236.25,"type":"tag"},{"time":516,"tag":"wflash","angleOffset":false,"angle":236.25,"type":"tag"},{"time":518,"tag":"wflash","angleOffset":false,"angle":236.25,"type":"tag"},{"time":520,"tag":"wflash","angleOffset":false,"angle":236.25,"type":"tag"},{"time":522,"tag":"wflash","angleOffset":false,"angle":236.25,"type":"tag"},{"time":524,"tag":"wflash","angleOffset":false,"angle":236.25,"type":"tag"},{"time":526,"tag":"wflash","angleOffset":false,"angle":236.25,"type":"tag"},{"time":528,"tag":"wflash","angleOffset":false,"angle":236.25,"type":"tag"},{"time":530,"tag":"wflash","angleOffset":false,"angle":236.25,"type":"tag"},{"time":532,"tag":"wflash","angleOffset":false,"angle":236.25,"type":"tag"},{"time":534,"tag":"wflash","angleOffset":false,"angle":236.25,"type":"tag"},{"time":536,"tag":"wflash","angleOffset":false,"angle":236.25,"type":"tag"},{"time":538,"tag":"wflash","angleOffset":false,"angle":236.25,"type":"tag"},{"time":540,"tag":"wflash","angleOffset":false,"angle":236.25,"type":"tag"},{"time":542,"tag":"wflash","angleOffset":false,"angle":236.25,"type":"tag"},{"r":0,"g":0,"name":"break2","description":"","angle":270,"time":544,"b":0,"type":"bookmark"},{"r":0,"g":0,"name":"Section7","description":"","angle":303.75,"time":640,"b":0,"type":"bookmark"},{"id":"warning","time":544,"ease":"linear","y":-100,"duration":0.25,"angle":281.25,"type":"deco"},{"id":"tens","sprite":"numbers!tens#2","time":642,"angle":315,"type":"deco"},{"id":"tens","sprite":"numbers#9","recolor":2,"drawLayer":"bg","angle":315,"time":640,"x":235,"y":4,"type":"deco","drawOrder":901,"outline":true},{"angle":270,"time":814,"type":"showResults"},{"id":"tenths","sprite":"numbers!tenths","recolor":2,"drawLayer":"bg","angle":30,"type":"deco","time":639.79998779297,"drawOrder":901,"hide":true,"y":4,"x":322,"outline":true},{"id":"point","sprite":"point.png","recolor":2,"drawLayer":"bg","angle":360,"time":640,"x":300,"y":52,"type":"deco","drawOrder":901,"outline":true},{"id":"tenths","time":640,"hide":false,"angle":30,"type":"deco"},{"time":640,"color":0,"chance":0.050000000745058,"angle":60,"type":"noise"},{"value":179,"var":"vfx.homCanvPos.y","time":640,"angle":75,"type":"ease"},{"time":544,"type":"hom","angle":300,"enable":false},{"time":544,"color":3,"chance":0.10000000149012,"angle":315,"type":"noise"},{"r":103,"g":0,"angle":0,"duration":2,"time":544,"b":0,"color":3,"type":"setColor"},{"r":0,"g":0,"angle":0,"duration":1,"time":546,"b":0,"color":3,"type":"setColor"},{"r":0,"g":0,"angle":0,"duration":1,"time":543.25,"b":0,"color":3,"type":"setColor"},{"r":255,"time":544,"b":0,"g":0,"color":1,"angle":345,"type":"setColor"},{"r":103,"g":0,"angle":0,"duration":2,"time":548,"b":0,"color":3,"type":"setColor"},{"r":0,"g":0,"angle":0,"duration":1,"time":550,"b":0,"color":3,"type":"setColor"},{"r":103,"g":0,"angle":0,"duration":2,"time":552,"b":0,"color":3,"type":"setColor"},{"r":0,"g":0,"angle":0,"duration":1,"time":554,"b":0,"color":3,"type":"setColor"},{"r":103,"g":0,"angle":0,"duration":2,"time":556,"b":0,"color":3,"type":"setColor"},{"r":0,"g":0,"angle":0,"duration":1,"time":558,"b":0,"color":3,"type":"setColor"},{"r":103,"g":0,"angle":0,"duration":2,"time":560,"b":0,"color":3,"type":"setColor"},{"r":0,"g":0,"angle":0,"duration":1,"time":562,"b":0,"color":3,"type":"setColor"},{"r":103,"g":0,"angle":0,"duration":2,"time":564,"b":0,"color":3,"type":"setColor"},{"r":0,"g":0,"angle":0,"duration":1,"time":566,"b":0,"color":3,"type":"setColor"},{"r":103,"g":0,"angle":0,"duration":2,"time":568,"b":0,"color":3,"type":"setColor"},{"r":0,"g":0,"angle":0,"duration":1,"time":570,"b":0,"color":3,"type":"setColor"},{"r":103,"g":0,"angle":0,"duration":2,"time":572,"b":0,"color":3,"type":"setColor"},{"value":1,"var":"vfx.LawrenceBG.zoom","time":640,"angle":101.25,"type":"ease"},{"r":236,"time":640,"b":0,"g":94,"color":3,"angle":120,"type":"setColor"},{"value":0.75,"var":"vfx.LawrenceBG.zoomOffset","time":640,"angle":135,"type":"ease"},{"time":640,"type":"hom","angle":45,"enable":true},{"r":255,"time":640,"b":0,"g":0,"color":2,"angle":90,"type":"setColor"},{"r":0,"g":0,"name":"Section6","description":"","angle":225,"time":576,"b":0,"type":"bookmark"},{"value":1,"var":"vfx.LawrenceBG.zoom","time":576,"angle":101.25,"type":"ease"},{"value":0.75,"var":"vfx.LawrenceBG.zoomOffset","time":576,"angle":135,"type":"ease"},{"order":-999,"time":576,"var":"vfx.LawrenceBG.zoomOffset","value":0.75,"angle":292.5,"type":"ease"},{"order":-999,"time":576,"var":"vfx.LawrenceBG.zoom","value":1,"angle":303.75,"type":"ease"},{"time":576,"type":"lawrence_changeOffset","angle":281.25,"offsetDelta":5},{"time":576,"type":"hom","angle":33.75,"enable":true},{"time":576,"color":2,"chance":0.10000000149012,"angle":22.5,"type":"noise"},{"r":0,"g":0,"angle":11.25,"time":576,"color":2,"order":-999,"b":0,"type":"setColor"},{"r":150,"g":0,"angle":348.75,"time":576,"color":3,"order":-999,"b":0,"type":"setColor"},{"order":-999,"time":576,"var":"vfx.objects.Rain.speed","value":1,"angle":315,"type":"ease"},{"order":-999,"time":576,"var":"vfx.objects.Rain.color","value":1,"angle":326.25,"type":"ease"},{"order":-999,"time":576,"var":"vfx.objects.Rain.layer","value":-100,"angle":337.5,"type":"ease"},{"time":576,"tag":"meteor","angleOffset":false,"angle":90,"type":"tag"},{"time":576,"spriteName":"","angle":270,"type":"forcePlayerSprite"},{"order":-999,"time":576,"var":"vfx.objects.Rain.spawnCooldown","value":10,"angle":258.75,"type":"ease"},{"order":-999,"time":576,"var":"vfx.objects.Rain.fallSpeed","value":30,"angle":247.5,"type":"ease"},{"r":255,"g":255,"angle":0,"duration":0.25,"time":576,"b":255,"color":1,"type":"setColor"},{"sy":2,"sprite":"square.png","recolor":0,"drawLayer":"bg","oy":0,"angle":11.25,"sx":5,"ox":16,"time":640,"x":300,"y":16,"drawOrder":900,"id":"square","type":"deco"},{"time":640,"type":"lawrence_changeOffset","angle":281.25,"offsetDelta":1},{"time":642,"type":"lawrence_changeOffset","angle":247.5,"offsetDelta":1},{"time":644,"type":"lawrence_changeOffset","angle":292.5,"offsetDelta":1},{"time":646,"type":"lawrence_changeOffset","angle":67.5,"offsetDelta":1},{"time":648,"type":"lawrence_changeOffset","angle":281.25,"offsetDelta":1},{"time":650,"type":"lawrence_changeOffset","angle":67.5,"offsetDelta":1},{"time":652,"type":"lawrence_changeOffset","angle":-67.5,"offsetDelta":1},{"time":654,"type":"lawrence_changeOffset","angle":67.5,"offsetDelta":1},{"time":656,"type":"lawrence_changeOffset","angle":-67.5,"offsetDelta":1},{"time":658,"type":"lawrence_changeOffset","angle":67.5,"offsetDelta":1},{"time":660,"type":"lawrence_changeOffset","angle":-67.5,"offsetDelta":1},{"time":662,"type":"lawrence_changeOffset","angle":67.5,"offsetDelta":1},{"time":664,"type":"lawrence_changeOffset","angle":-67.5,"offsetDelta":1},{"time":666,"type":"lawrence_changeOffset","angle":67.5,"offsetDelta":1},{"time":668,"type":"lawrence_changeOffset","angle":-67.5,"offsetDelta":1},{"time":670,"type":"lawrence_changeOffset","angle":67.5,"offsetDelta":1},{"time":672,"type":"lawrence_changeOffset","angle":-67.5,"offsetDelta":1},{"id":"ones","sprite":"numbers#5","time":802,"angle":337.5,"type":"deco"},{"id":"tens","sprite":"numbers#9","time":802,"angle":315,"type":"deco"},{"id":"tenths","sprite":"numbers#4","time":802,"angle":30,"type":"deco"},{"id":"ones","sprite":"numbers#2","time":803,"angle":337.5,"type":"deco"},{"id":"tens","sprite":"numbers#1","time":803,"angle":315,"type":"deco"},{"id":"tenths","sprite":"numbers#6","time":803,"angle":30,"type":"deco"},{"id":"ones","sprite":"numbers#5","time":804,"angle":337.5,"type":"deco"},{"id":"tens","sprite":"numbers#0","time":804,"angle":315,"type":"deco"},{"id":"tenths","sprite":"numbers#7","time":804,"angle":30,"type":"deco"},{"id":"ones","sprite":"numbers#2","time":805,"angle":337.5,"type":"deco"},{"id":"tens","sprite":"numbers#7","time":805,"angle":315,"type":"deco"},{"id":"tenths","sprite":"numbers#4","time":805,"angle":30,"type":"deco"},{"id":"ones","sprite":"numbers#9","time":804.5,"angle":337.5,"type":"deco"},{"id":"tens","sprite":"numbers#5","time":804.5,"angle":315,"type":"deco"},{"id":"tenths","sprite":"numbers#0","time":804.5,"angle":30,"type":"deco"},{"id":"ones","sprite":"numbers#2","ease":"inQuad","angle":337.5,"duration":0.30000001192093,"time":806,"y":360,"type":"deco"},{"id":"tens","sprite":"numbers#7","ease":"inQuad","angle":315,"duration":0.43999999761581,"time":806,"y":360,"type":"deco"},{"id":"tenths","sprite":"numbers#4","ease":"inQuad","angle":30,"duration":0.20000000298023,"time":806,"y":360,"type":"deco"},{"id":"ones","sprite":"numbers#9","time":805.5,"angle":337.5,"type":"deco"},{"id":"tens","sprite":"numbers#5","time":805.5,"angle":315,"type":"deco"},{"id":"tenths","sprite":"numbers#0","time":805.5,"angle":30,"type":"deco"},{"id":"ones","sprite":"numbers#3","time":805.25,"angle":337.5,"type":"deco"},{"id":"tens","sprite":"numbers#7","time":805.25,"angle":315,"type":"deco"},{"id":"tenths","sprite":"numbers#1","time":805.25,"angle":30,"type":"deco"},{"id":"ones","sprite":"numbers#5","time":805.75,"angle":337.5,"type":"deco"},{"id":"tens","sprite":"numbers#2","time":805.75,"angle":315,"type":"deco"},{"id":"tenths","sprite":"numbers#8","time":805.75,"angle":30,"type":"deco"},{"id":"square","ease":"inQuad","angle":0,"duration":0.60000002384186,"time":806,"y":360,"hide":true,"type":"deco"},{"id":"point","time":806,"ease":"inQuad","y":360,"duration":0.25,"angle":405,"type":"deco"},{"type":"ease","time":806,"var":"vfx.LawrenceBG.offsetEased","value":0,"ease":"outSine","angle":292.5,"duration":7},{"r":0,"g":0,"angle":270,"duration":5,"time":806,"color":3,"ease":"outQuad","b":0,"type":"setColor"},{"type":"ease","time":804,"var":"vfx.objects.Rain.spawnTimer","value":1,"start":1,"angle":202.5,"duration":15},{"time":802,"type":"lawrence_changeOffset","angle":303.75,"offsetDelta":1},{"time":803,"type":"lawrence_changeOffset","angle":303.75,"offsetDelta":1},{"time":804,"type":"lawrence_changeOffset","angle":303.75,"offsetDelta":1},{"time":804.5,"type":"lawrence_changeOffset","angle":303.75,"offsetDelta":1},{"time":805,"type":"lawrence_changeOffset","angle":303.75,"offsetDelta":1},{"time":805.25,"type":"lawrence_changeOffset","angle":303.75,"offsetDelta":1},{"time":805.5,"type":"lawrence_changeOffset","angle":303.75,"offsetDelta":1},{"time":805.75,"type":"lawrence_changeOffset","angle":303.75,"offsetDelta":1},{"time":336,"tag":"meteor","angleOffset":false,"angle":45,"type":"tag"},{"time":340,"tag":"meteor","angleOffset":false,"angle":45,"type":"tag"},{"time":344,"tag":"meteor","angleOffset":false,"angle":45,"type":"tag"},{"time":348,"tag":"meteor","angleOffset":false,"angle":45,"type":"tag"},{"time":384,"tag":"meteor","angleOffset":false,"angle":45,"type":"tag"},{"time":392,"tag":"meteor","angleOffset":false,"angle":45,"type":"tag"},{"time":400,"tag":"meteor","angleOffset":false,"angle":45,"type":"tag"},{"time":404,"tag":"meteor","angleOffset":false,"angle":45,"type":"tag"},{"time":412,"tag":"meteor","angleOffset":false,"angle":45,"type":"tag"},{"time":432,"tag":"meteor","angleOffset":false,"angle":45,"type":"tag"},{"time":436,"tag":"meteor","angleOffset":false,"angle":45,"type":"tag"},{"time":440,"tag":"meteor","angleOffset":false,"angle":45,"type":"tag"},{"time":444,"tag":"meteor","angleOffset":false,"angle":45,"type":"tag"},{"time":576,"tag":"meteor","angleOffset":false,"angle":45,"type":"tag"},{"time":584,"tag":"meteor","angleOffset":false,"angle":45,"type":"tag"},{"time":592,"tag":"meteor","angleOffset":false,"angle":45,"type":"tag"},{"time":610,"tag":"meteor","angleOffset":false,"angle":45,"type":"tag"},{"time":616,"tag":"meteor","angleOffset":false,"angle":45,"type":"tag"}],"properties":{"startBeat":0,"offset":8,"formatversion":12,"speed":100},"metadata":{"songName":"War Without Reason","artist":"Heaven Pierce Her","difficulty":7,"bg":true,"charter":"Tetraminus","description":"/// ...Like Antennas to Heaven ///\nInfiltrate and destroy a \n100-THR \"EARTHMOVER\" ","bgData":{"blueChannel":{"r":171,"g":172,"b":172},"image":"Artwork.png","redChannel":{"r":84,"g":84,"b":84}},"artistLink":""}}