{
    "width": 32,
    "height": 64,
    "fps": 1,
    "states" : [
        {
            "name": "tenths",
            "loop": true,
            "fps": 10,
            "frames" :[
                0,9, 8, 7, 6, 5, 4, 3, 2, 1
            ]
        },
        {
            "name": "ones",
            "loop": true,
            "fps": 1,
            "frames" :[
                0, 9, 8, 7, 6, 5, 4, 3, 2, 1
            ]
        },
        {
            "name": "tens",
            "loop": true,
            "fps":0.1,
            "frames" :[
                0,9, 8, 7, 6, 5, 4, 3, 2, 1
            ]
        },
        {
            "name": "hundreds",
            "loop": true,
            "fps":0.01,
            "frames" :[
                0,9, 8, 7, 6, 5, 4, 3, 2, 1
            ]
        }

    ]

}