[{"type":"setColor","color":3,"r":5,"g":104,"b":0,"time":0},
{"type":"setColor","color":5,"r":6,"g":150,"b":0,"time":0},
{"type":"setColor","color":6,"r":3,"g":192,"b":74,"time":0},
{"type":"setColor","color":7,"r":131,"g":255,"b":139,"time":0},

{"type":"setColor","color":5,"r":5,"g":104,"b":0,"time":1},
{"type":"setColor","color":6,"r":6,"g":150,"b":0,"time":1},
{"type":"setColor","color":7,"r":3,"g":192,"b":74,"time":1},
{"type":"setColor","color":3,"r":131,"g":255,"b":139,"time":1},

{"type":"setColor","color":6,"r":5,"g":104,"b":0,"time":2},
{"type":"setColor","color":7,"r":6,"g":150,"b":0,"time":2},
{"type":"setColor","color":3,"r":3,"g":192,"b":74,"time":2},
{"type":"setColor","color":5,"r":131,"g":255,"b":139,"time":2},

{"type":"setColor","color":7,"r":5,"g":104,"b":0,"time":3},
{"type":"setColor","color":3,"r":6,"g":150,"b":0,"time":3},
{"type":"setColor","color":5,"r":3,"g":192,"b":74,"time":3},
{"type":"setColor","color":6,"r":131,"g":255,"b":139,"time":3}]
