{"properties":{"offset":8,"formatversion":13,"loadBeat":-1,"speed":70},"metadata":{"description":"cruelity squad\n-------------------------------\n\nAstro: This is my testing thing idk why I\ngave it a name\n\nPurpz: i did the vfx :3 and also uh. watch GRAVITY FALLS.","songName":"pyro.outro - no vfx kinda","artist":"Lucideds","charter":"astrob4t + ImPurplez_ [_IPz]","difficulty":5,"bg":true,"artistLink":"","bgData":{"redChannel":{"b":122,"g":31,"r":115},"blueChannel":{"b":131,"g":32,"r":158},"greenChannel":{"b":131,"g":63,"r":182},"yellowChannel":{"b":207,"g":155,"r":107},"magentaChannel":{"b":255,"g":255,"r":255},"image":"pyrotv-ssbg.png","cyanChannel":{"b":0,"g":0,"r":0}}},"events":[{"offset":0.20000000298023,"type":"play","angle":0,"volume":1,"time":1,"file":"pyrocynical outro.ogg","bpm":93},{"angle":303.75,"type":"setColor","b":54,"g":2,"time":-1,"color":0,"r":20},{"ox":42,"oy":42,"parentid":"@player","time":-1,"rotationinfluence":-0.25,"x":0,"type":"deco","angle":135,"id":"crankyout.png","sprite":"customBodyout.png","y":0},{"ox":42,"oy":42,"type":"deco","time":-1,"rotationinfluence":1,"x":0,"y":0,"angle":45,"parentid":"@player","sprite":"customBody.png","id":"Crank that cranky boy"},{"paddle":1,"ease":"linear","type":"paddles","angle":360,"duration":0.5,"time":7.5,"newWidth":50},{"paddle":1,"ease":"linear","type":"paddles","angle":0,"duration":0.75,"time":8.25,"newWidth":70},{"start":1,"time":302.75,"ease":"linear","type":"ease","angle":337.5,"duration":5,"value":15,"var":"scrollSpeed"},{"time":306,"type":"showResults","angle":0},{"type":"deco","angle":348.75,"id":"Crank that cranky boy","time":302.75,"hide":true},{"angle":281.25,"type":"setColor","b":255,"g":0,"time":-1,"color":1,"r":140},{"sx":0.125,"sy":0.17499999701977,"sprite":"3.png","x":64,"type":"deco","angle":315,"id":"3","time":296.75,"y":0.75},{"sx":0.125,"sy":0.15000000596046,"sprite":"2.png","x":64,"type":"deco","angle":135,"id":"2","time":280.25,"y":0.75},{"sx":0.125,"sy":0.15000000596046,"sprite":"1.png","x":64,"type":"deco","angle":78.75,"id":"1","time":262,"y":0.75},{"type":"deco","angle":56.25,"id":"0","time":262,"hide":true},{"angle":292.5,"type":"setColor","b":122,"g":31,"time":-1,"color":2,"r":115},{"angle":315,"type":"setColor","b":131,"g":32,"time":-1,"color":3,"r":158},{"angle":337.5,"type":"setColor","b":131,"g":63,"time":-1,"color":4,"r":182},{"angle":247.5,"type":"setColor","b":207,"g":155,"time":-1,"color":5,"r":107},{"angle":225,"type":"setColor","b":255,"g":255,"time":-1,"color":6,"r":255},{"ox":264.5,"oy":159.5,"sx":1.2999999523163,"time":-1,"rotationinfluence":0,"drawOrder":100,"type":"deco","angle":22.5,"id":"tv","y":200,"sprite":"pyrotv.png","sy":1.5},{"type":"ease","value":-30,"time":-1,"angle":180,"var":"vfx.accuracyX"},{"type":"ease","angle":157.5,"time":-1,"value":18,"var":"vfx.accuracyY"}]}