[{"duration":8,"angle2":-67.5,"type":"mineHold","angle":247.5,"time":5},{"duration":8,"angle2":607.5,"type":"mineHold","angle":292.5,"time":13},{"duration":8,"angle2":-247.5,"type":"mineHold","angle":67.5,"time":5},{"duration":8,"angle2":427.5,"type":"mineHold","angle":112.5,"time":13},{"type":"extraTap","speedMult":0.5,"angle":168.75,"time":5},{"type":"extraTap","speedMult":0.5,"angle":22.5,"time":13},{"type":"extraTap","speedMult":0.5,"angle":270,"time":21},{"type":"extraTap","speedMult":0.5,"angle":67.5,"time":29},{"type":"extraTap","speedMult":0.5,"angle":270,"time":37},{"type":"extraTap","speedMult":0.5,"angle":90,"time":45},{"type":"extraTap","speedMult":0.5,"angle":270,"time":53},{"type":"block","tap":true,"angle":112.5,"time":55},{"type":"block","tap":true,"angle":45,"time":59},{"type":"block","tap":true,"angle":101.25,"time":63},{"duration":8,"angle2":-90,"type":"mineHold","angle":247.5,"time":21},{"duration":8,"angle2":-270,"type":"mineHold","angle":67.5,"time":21},{"type":"extraTap","speedMult":0.5,"angle":90,"time":61},{"type":"block","tap":true,"angle":0,"time":67},{"duration":8,"angle2":652.5,"type":"mineHold","angle":270,"time":29},{"duration":8,"angle2":483.75,"type":"mineHold","angle":90,"time":29},{"duration":8,"angle2":-67.5,"type":"mineHold","angle":292.5,"time":37},{"duration":8,"angle2":-247.5,"type":"mineHold","angle":123.75,"time":37},{"duration":8,"angle2":607.5,"type":"mineHold","angle":292.5,"time":45},{"duration":8,"angle2":427.5,"type":"mineHold","angle":112.5,"time":45},{"duration":8,"angle2":112.5,"type":"mineHold","angle":247.5,"time":53},{"duration":8,"angle2":-67.5,"type":"mineHold","angle":67.5,"time":53},{"duration":6,"angle2":405,"type":"mineHold","angle":112.5,"time":61},{"duration":6,"angle2":585,"type":"mineHold","angle":292.5,"time":61},{"duration":0,"angle2":427.5,"type":"mineHold","angle":247.5,"time":5},{"duration":0.25,"angle2":348.75,"type":"hold","speedMult":6,"angle":348.75,"time":69},{"duration":0.25,"angle2":360,"type":"hold","speedMult":6,"angle":360,"time":69},{"duration":0.25,"angle2":11.25,"type":"hold","speedMult":6,"angle":11.25,"time":69},{"duration":0.25,"angle2":315,"type":"hold","speedMult":6,"angle":315,"time":69.625},{"duration":0.25,"angle2":326.25,"type":"hold","speedMult":6,"angle":326.25,"time":69.625},{"duration":0.25,"angle2":-22.5,"type":"hold","speedMult":6,"angle":-22.5,"time":69.625},{"duration":0.25,"angle2":382.5,"type":"hold","speedMult":6,"angle":382.5,"time":70.125},{"duration":0.25,"angle2":393.75,"type":"hold","speedMult":6,"angle":393.75,"time":70.125},{"duration":0.25,"angle2":45,"type":"hold","speedMult":6,"angle":45,"time":70.125},{"type":"side","speedMult":6,"angle":337.5,"time":71,"tap":true},{"type":"side","speedMult":6,"angle":326.25,"time":71,"tap":true},{"type":"side","speedMult":6,"angle":315,"time":71,"tap":true},{"duration":1,"angle2":22.5,"type":"hold","speedMult":6,"angle":11.25,"time":72},{"duration":1,"angle2":33.75,"type":"hold","speedMult":6,"angle":22.5,"time":72},{"duration":1,"angle2":45,"type":"hold","speedMult":6,"angle":33.75,"time":72},{"duration":0.375,"angle2":360,"type":"hold","speedMult":6,"angle":360,"time":73.5},{"duration":0.375,"angle2":11.25,"type":"hold","speedMult":6,"angle":11.25,"time":73.5},{"duration":0.375,"angle2":348.75,"type":"hold","speedMult":6,"angle":348.75,"time":73.5},{"duration":0.375,"angle2":22.5,"type":"hold","speedMult":6,"angle":22.5,"time":74.125},{"duration":0.375,"angle2":33.75,"type":"hold","speedMult":6,"angle":33.75,"time":74.125},{"duration":0.375,"angle2":45,"type":"hold","speedMult":6,"angle":45,"time":74.125},{"type":"side","speedMult":6,"angle":326.25,"time":75,"tap":true},{"type":"side","speedMult":6,"angle":315,"time":75,"tap":true},{"duration":0.375,"angle2":337.5,"type":"hold","speedMult":6,"angle":337.5,"time":75.625},{"duration":0.375,"angle2":348.75,"type":"hold","speedMult":6,"angle":348.75,"time":75.625},{"duration":0.375,"angle2":360,"type":"hold","speedMult":6,"angle":360,"time":75.625},{"duration":0.375,"angle2":292.5,"type":"hold","speedMult":6,"angle":292.5,"time":76.625},{"duration":0.375,"angle2":303.75,"type":"hold","speedMult":6,"angle":303.75,"time":76.625},{"duration":0.375,"angle2":315,"type":"hold","speedMult":6,"angle":315,"time":76.625},{"duration":0.75,"angle2":-11.25,"type":"hold","speedMult":6,"angle":0,"time":77.25},{"duration":0.75,"angle2":0,"type":"hold","speedMult":6,"angle":11.25,"time":77.25},{"duration":0.75,"angle2":11.25,"type":"hold","speedMult":6,"angle":22.5,"time":77.25},{"type":"side","speedMult":6,"angle":45,"time":79.125,"tap":true},{"type":"side","speedMult":6,"angle":56.25,"time":79.125,"tap":true},{"type":"side","speedMult":6,"angle":33.75,"time":79.125,"tap":true},{"duration":1,"angle2":315,"type":"hold","speedMult":6,"angle":337.5,"time":80},{"duration":1,"angle2":326.25,"type":"hold","speedMult":6,"angle":348.75,"time":80},{"duration":1,"angle2":-22.5,"type":"hold","speedMult":6,"angle":0,"time":80},{"duration":0.375,"angle2":326.25,"type":"hold","speedMult":6,"angle":326.25,"time":78.5},{"duration":0.375,"angle2":337.5,"type":"hold","speedMult":6,"angle":337.5,"time":78.5},{"duration":0.375,"angle2":348.75,"type":"hold","speedMult":6,"angle":348.75,"time":78.5},{"type":"side","speedMult":6,"angle":337.5,"time":75,"tap":true},{"duration":0.25,"angle2":348.75,"type":"hold","speedMult":6,"angle":348.75,"time":82},{"duration":0.25,"angle2":360,"type":"hold","speedMult":6,"angle":360,"time":82},{"duration":0.25,"angle2":11.25,"type":"hold","speedMult":6,"angle":11.25,"time":82},{"duration":0.25,"angle2":326.25,"type":"hold","speedMult":6,"angle":326.25,"time":82.625},{"duration":0.25,"angle2":337.5,"type":"hold","speedMult":6,"angle":337.5,"time":82.625},{"duration":0.25,"angle2":348.75,"type":"hold","speedMult":6,"angle":348.75,"time":82.625},{"type":"side","speedMult":6,"angle":22.5,"time":83.125,"tap":true},{"type":"side","speedMult":6,"angle":33.75,"time":83.125,"tap":true},{"type":"side","speedMult":6,"angle":45,"time":83.125,"tap":true},{"duration":1,"angle2":337.5,"type":"hold","speedMult":6,"angle":326.25,"time":83.625},{"duration":1,"angle2":348.75,"type":"hold","speedMult":6,"angle":337.5,"time":83.625},{"duration":1,"angle2":360,"type":"hold","speedMult":6,"angle":348.75,"time":83.625},{"duration":1,"angle2":326.25,"type":"hold","speedMult":6,"angle":337.5,"time":85.125},{"duration":1,"angle2":337.5,"type":"hold","speedMult":6,"angle":348.75,"time":85.125},{"duration":1,"angle2":-11.25,"type":"hold","speedMult":6,"angle":0,"time":85.125},{"duration":0.25,"angle2":11.25,"type":"hold","speedMult":6,"angle":11.25,"time":86.625},{"duration":0.25,"angle2":22.5,"type":"hold","speedMult":6,"angle":22.5,"time":86.625},{"duration":0.25,"angle2":33.75,"type":"hold","speedMult":6,"angle":33.75,"time":86.625},{"type":"side","speedMult":6,"angle":337.5,"time":87.25,"tap":true},{"type":"side","speedMult":6,"angle":326.25,"time":87.25,"tap":true},{"type":"side","speedMult":6,"angle":315,"time":87.25,"tap":true},{"duration":1,"angle2":337.5,"type":"hold","speedMult":6,"angle":326.25,"time":88},{"duration":1,"angle2":326.25,"type":"hold","speedMult":6,"angle":315,"time":88},{"duration":1,"angle2":348.75,"type":"hold","speedMult":6,"angle":337.5,"time":88},{"duration":0.25,"angle2":22.5,"type":"hold","speedMult":6,"angle":22.5,"time":89.5},{"duration":0.25,"angle2":33.75,"type":"hold","speedMult":6,"angle":33.75,"time":89.5},{"duration":0.25,"angle2":45,"type":"hold","speedMult":6,"angle":45,"time":89.5},{"duration":0.25,"angle2":348.75,"type":"hold","speedMult":6,"angle":348.75,"time":90.125},{"duration":0.25,"angle2":337.5,"type":"hold","speedMult":6,"angle":337.5,"time":90.125},{"duration":0.25,"angle2":326.25,"type":"hold","speedMult":6,"angle":326.25,"time":90.125},{"type":"side","speedMult":6,"angle":22.5,"time":91,"tap":true},{"type":"side","speedMult":6,"angle":33.75,"time":91,"tap":true},{"type":"side","speedMult":6,"angle":45,"time":91,"tap":true},{"duration":0.5,"angle2":337.5,"type":"hold","speedMult":6,"angle":348.75,"time":91.625},{"duration":0.5,"angle2":348.75,"type":"hold","speedMult":6,"angle":360,"time":91.625},{"duration":0.5,"angle2":0,"type":"hold","speedMult":6,"angle":11.25,"time":91.625},{"duration":0.25,"angle2":22.5,"type":"hold","speedMult":6,"angle":22.5,"time":92.5},{"duration":0.25,"angle2":33.75,"type":"hold","speedMult":6,"angle":33.75,"time":92.5},{"duration":0.25,"angle2":45,"type":"hold","speedMult":6,"angle":45,"time":92.5},{"duration":0.625,"angle2":326.25,"type":"hold","speedMult":6,"angle":337.5,"time":93.125},{"duration":0.625,"angle2":315,"type":"hold","speedMult":6,"angle":326.25,"time":93.125},{"duration":0.625,"angle2":303.75,"type":"hold","speedMult":6,"angle":315,"time":93.125},{"duration":0.25,"angle2":337.5,"type":"hold","speedMult":6,"angle":337.5,"time":94.5},{"duration":0.25,"angle2":348.75,"type":"hold","speedMult":6,"angle":348.75,"time":94.5},{"duration":0.25,"angle2":0,"type":"hold","speedMult":6,"angle":0,"time":94.5},{"type":"side","speedMult":6,"angle":33.75,"time":95.25,"tap":true},{"type":"side","speedMult":6,"angle":45,"time":95.25,"tap":true},{"type":"side","speedMult":6,"angle":56.25,"time":95.25,"tap":true},{"duration":1.25,"angle2":348.75,"type":"hold","speedMult":6,"angle":337.5,"time":96.125},{"duration":1.25,"angle2":360,"type":"hold","speedMult":6,"angle":348.75,"time":96.125},{"duration":1.25,"angle2":371.25,"type":"hold","speedMult":6,"angle":360,"time":96.125},{"duration":0.25,"angle2":315,"type":"hold","speedMult":6,"angle":315,"time":98.25},{"duration":0.25,"angle2":326.25,"type":"hold","speedMult":6,"angle":326.25,"time":98.25},{"duration":0.25,"angle2":337.5,"type":"hold","speedMult":6,"angle":337.5,"time":98.25},{"type":"side","speedMult":6,"angle":326.25,"time":99.25,"tap":true},{"type":"side","speedMult":6,"angle":337.5,"time":99.25,"tap":true},{"type":"side","speedMult":6,"angle":348.75,"time":99.25,"tap":true},{"duration":0.25,"angle2":22.5,"type":"hold","speedMult":6,"angle":22.5,"time":98.75},{"duration":0.25,"angle2":33.75,"type":"hold","speedMult":6,"angle":33.75,"time":98.75},{"duration":0.25,"angle2":45,"type":"hold","speedMult":6,"angle":45,"time":98.75},{"duration":1,"angle2":90,"type":"hold","speedMult":8,"angle":112.5,"time":101.125},{"duration":1,"angle2":101.25,"type":"hold","speedMult":8,"angle":123.75,"time":101.125},{"duration":0.375,"angle2":67.5,"type":"hold","speedMult":8,"angle":67.5,"time":102.375},{"duration":0.375,"angle2":78.75,"type":"hold","speedMult":8,"angle":78.75,"time":102.375},{"duration":1,"angle2":101.25,"type":"hold","speedMult":8,"angle":67.5,"time":104.25},{"duration":1,"angle2":112.5,"type":"hold","speedMult":8,"angle":78.75,"time":104.25},{"duration":0.375,"angle2":67.5,"type":"hold","speedMult":8,"angle":67.5,"time":105.625},{"duration":0.375,"angle2":78.75,"type":"hold","speedMult":8,"angle":78.75,"time":105.625},{"duration":0.375,"angle2":112.5,"type":"hold","speedMult":8,"angle":112.5,"time":106.25},{"duration":0.375,"angle2":123.75,"type":"hold","speedMult":8,"angle":123.75,"time":106.25},{"duration":0.75,"angle2":67.5,"type":"hold","speedMult":8,"angle":56.25,"time":107.75},{"duration":0.75,"angle2":78.75,"type":"hold","speedMult":8,"angle":67.5,"time":107.75},{"type":"block","speedMult":8,"angle":101.25,"time":103},{"type":"block","speedMult":8,"angle":112.5,"time":103},{"type":"block","speedMult":8,"angle":67.5,"time":107.125},{"type":"block","speedMult":8,"angle":78.75,"time":107.125},{"duration":0.25,"angle2":101.25,"type":"hold","speedMult":8,"angle":101.25,"time":108.75},{"duration":0.25,"angle2":112.5,"type":"hold","speedMult":8,"angle":112.5,"time":108.75},{"duration":1,"angle2":78.75,"type":"hold","speedMult":8,"angle":67.5,"time":109.125},{"duration":1,"angle2":90,"type":"hold","speedMult":8,"angle":78.75,"time":109.125},{"duration":0.375,"angle2":56.25,"type":"hold","speedMult":8,"angle":56.25,"time":110.5},{"duration":0.375,"angle2":67.5,"type":"hold","speedMult":8,"angle":67.5,"time":110.5},{"type":"block","speedMult":8,"angle":101.25,"time":111.25},{"type":"block","speedMult":8,"angle":90,"time":111.25},{"duration":1,"angle2":123.75,"type":"hold","speedMult":8,"angle":56.25,"time":112},{"duration":1,"angle2":56.25,"type":"hold","speedMult":8,"angle":123.75,"time":113},{"duration":1,"angle2":123.75,"type":"hold","speedMult":8,"angle":56.25,"time":114},{"duration":1,"angle2":56.25,"type":"hold","speedMult":8,"angle":123.75,"time":115},{"duration":0.5,"angle2":123.75,"type":"hold","speedMult":8,"angle":56.25,"time":116},{"duration":1,"angle2":135,"type":"hold","speedMult":8,"angle":67.5,"time":112},{"duration":1,"angle2":67.5,"type":"hold","speedMult":8,"angle":135,"time":113},{"duration":1,"angle2":135,"type":"hold","speedMult":8,"angle":67.5,"time":114},{"duration":1,"angle2":67.5,"type":"hold","speedMult":8,"angle":135,"time":115},{"duration":0.5,"angle2":135,"type":"hold","speedMult":8,"angle":67.5,"time":116},{"duration":1,"angle2":112.5,"type":"hold","speedMult":8,"angle":45,"time":112},{"duration":1,"angle2":45,"type":"hold","speedMult":8,"angle":112.5,"time":113},{"duration":1,"angle2":112.5,"type":"hold","speedMult":8,"angle":45,"time":114},{"duration":1,"angle2":45,"type":"hold","speedMult":8,"angle":112.5,"time":115},{"duration":0.5,"angle2":112.5,"type":"hold","speedMult":8,"angle":45,"time":116},{"duration":1.125,"angle2":78.75,"type":"hold","speedMult":8,"angle":67.5,"time":117.25},{"duration":1.125,"angle2":90,"type":"hold","speedMult":8,"angle":78.75,"time":117.25},{"duration":0.25,"angle2":101.25,"type":"hold","speedMult":8,"angle":101.25,"time":118.75},{"duration":0.25,"angle2":112.5,"type":"hold","speedMult":8,"angle":112.5,"time":118.75},{"type":"block","speedMult":8,"angle":67.5,"time":119.375},{"type":"block","speedMult":8,"angle":78.75,"time":119.375},{"duration":1.25,"angle2":78.75,"type":"hold","speedMult":8,"angle":67.5,"time":120.125},{"duration":1.25,"angle2":90,"type":"hold","speedMult":8,"angle":78.75,"time":120.125},{"duration":0.375,"angle2":90,"type":"hold","speedMult":8,"angle":90,"time":121.625},{"duration":0.375,"angle2":101.25,"type":"hold","speedMult":8,"angle":101.25,"time":121.625},{"duration":0.375,"angle2":78.75,"type":"hold","speedMult":8,"angle":78.75,"time":122.25},{"duration":0.375,"angle2":67.5,"type":"hold","speedMult":8,"angle":67.5,"time":122.25},{"type":"block","speedMult":8,"angle":101.25,"time":123.125},{"type":"block","speedMult":8,"angle":112.5,"time":123.125},{"duration":0.5,"angle2":56.25,"type":"hold","speedMult":8,"angle":56.25,"time":123.75},{"duration":0.5,"angle2":67.5,"type":"hold","speedMult":8,"angle":67.5,"time":123.75},{"duration":0.375,"angle2":67.5,"type":"hold","speedMult":8,"angle":67.5,"time":124.625},{"duration":0.375,"angle2":78.75,"type":"hold","speedMult":8,"angle":78.75,"time":124.625},{"duration":1.25,"angle2":78.75,"type":"hold","speedMult":8,"angle":90,"time":125.25},{"duration":1.25,"angle2":90,"type":"hold","speedMult":8,"angle":101.25,"time":125.25},{"duration":0.375,"angle2":56.25,"type":"hold","speedMult":8,"angle":56.25,"time":126.75},{"duration":0.375,"angle2":67.5,"type":"hold","speedMult":8,"angle":67.5,"time":126.75},{"type":"block","speedMult":8,"angle":101.25,"time":127.375},{"type":"block","speedMult":8,"angle":112.5,"time":127.375},{"duration":2.5,"angle2":450,"type":"hold","speedMult":10,"angle":90,"time":129.25},{"duration":2.5,"angle2":438.75,"type":"hold","speedMult":10,"angle":78.75,"time":129.25},{"duration":2.5,"angle2":461.25,"type":"hold","speedMult":10,"angle":101.25,"time":129.25},{"duration":7.125,"angle2":540,"type":"hold","angle":168.75,"time":134},{"angle":67.5,"time":139.125,"type":"inverse"},{"angle":78.75,"time":139.125,"type":"inverse"},{"angle":90,"time":139.1875,"type":"inverse"},{"angle":78.75,"time":139.25,"type":"inverse"},{"angle":90,"time":139.3125,"type":"inverse"},{"angle":78.75,"time":139.375,"type":"inverse"},{"angle":90,"time":139.4375,"type":"inverse"},{"angle":101.25,"time":139.4375,"type":"inverse"},{"angle":90,"time":139.5625,"type":"inverse"},{"angle":101.25,"time":139.625,"type":"inverse"},{"angle":112.5,"time":139.6875,"type":"inverse"},{"angle":101.25,"time":139.75,"type":"inverse"},{"angle":112.5,"time":139.8125,"type":"inverse"},{"angle":123.75,"time":139.875,"type":"inverse"},{"angle":112.5,"time":140,"type":"inverse"},{"angle":123.75,"time":140.0625,"type":"inverse"},{"angle":135,"time":140.0625,"type":"inverse"},{"angle":123.75,"time":140.1875,"type":"inverse"},{"angle":135,"time":140.25,"type":"inverse"},{"angle":146.25,"time":140.3125,"type":"inverse"},{"angle":135,"time":140.4375,"type":"inverse"},{"angle":146.25,"time":140.5,"type":"inverse"},{"angle":157.5,"time":140.5625,"type":"inverse"},{"angle":146.25,"time":140.625,"type":"inverse"},{"angle":157.5,"time":140.6875,"type":"inverse"},{"angle":168.75,"time":140.75,"type":"inverse"},{"angle":157.5,"time":140.8125,"type":"inverse"},{"angle":168.75,"time":140.875,"type":"inverse"},{"angle":180,"time":140.9375,"type":"inverse"},{"angle":180,"time":141.0625,"type":"inverse"},{"angle":247.5,"time":141.125,"type":"side"},{"angle":236.25,"time":141.125,"type":"side"},{"angle":258.75,"time":141.125,"type":"side"},{"duration":4,"angle2":360,"type":"hold","angle":270,"time":145},{"angle":78.75,"time":149.1875,"type":"side"},{"angle":90,"time":149.1875,"type":"side"},{"angle":67.5,"time":149.1875,"type":"side"},{"angle":258.75,"time":145,"type":"inverse"},{"angle":281.25,"time":145.5,"type":"inverse"},{"angle":281.25,"time":146,"type":"inverse"},{"angle":292.5,"time":146.5,"type":"inverse"},{"angle":303.75,"time":147,"type":"inverse"},{"angle":326.25,"time":147.5,"type":"inverse"},{"angle":315,"time":148,"type":"inverse"},{"angle":337.5,"time":148.5,"type":"inverse"},{"duration":1,"angle2":90,"type":"hold","angle":112.5,"time":153},{"duration":3,"angle2":821.25,"type":"hold","angle":90,"time":154},{"angle":135,"time":157,"type":"side"},{"angle":146.25,"time":157,"type":"side"},{"angle":157.5,"time":157,"type":"side"},{"angle":168.75,"time":157,"type":"side"},{"angle":180,"time":157,"type":"side"},{"angle":337.5,"time":155,"type":"inverse"},{"angle":348.75,"time":155.0625,"type":"inverse"},{"angle":0,"time":155.125,"type":"inverse"},{"angle":11.25,"time":155.1875,"type":"inverse"},{"angle":22.5,"time":155.25,"type":"inverse"},{"angle":33.75,"time":155.3125,"type":"inverse"},{"angle":45,"time":155.375,"type":"inverse"},{"angle":56.25,"time":155.4375,"type":"inverse"},{"angle":67.5,"time":155.5,"type":"inverse"},{"angle":78.75,"time":155.5625,"type":"inverse"},{"angle":90,"time":155.625,"type":"inverse"},{"angle":101.25,"time":155.625,"type":"inverse"},{"angle":112.5,"time":155.625,"type":"inverse"},{"angle":123.75,"time":155.6875,"type":"inverse"},{"angle":135,"time":155.75,"type":"inverse"},{"angle":146.25,"time":155.8125,"type":"inverse"},{"angle":157.5,"time":155.8125,"type":"inverse"},{"angle":168.75,"time":155.875,"type":"inverse"},{"angle":180,"time":155.9375,"type":"inverse"},{"angle":191.25,"time":156,"type":"inverse"},{"angle":202.5,"time":156.0625,"type":"inverse"},{"angle":213.75,"time":156.125,"type":"inverse"},{"angle":225,"time":156.125,"type":"inverse"},{"angle":236.25,"time":156.125,"type":"inverse"},{"angle":247.5,"time":156.1875,"type":"inverse"},{"angle":258.75,"time":156.25,"type":"inverse"},{"angle":270,"time":156.3125,"type":"inverse"},{"angle":281.25,"time":156.3125,"type":"inverse"},{"angle":292.5,"time":156.375,"type":"inverse"},{"angle":303.75,"time":156.4375,"type":"inverse"},{"angle":315,"time":156.5,"type":"inverse"},{"angle":326.25,"time":156.5625,"type":"inverse"},{"angle":337.5,"time":156.625,"type":"inverse"},{"angle":348.75,"time":156.625,"type":"inverse"},{"angle":0,"time":156.6875,"type":"inverse"},{"angle":11.25,"time":156.75,"type":"inverse"},{"angle":22.5,"time":156.8125,"type":"inverse"},{"angle":33.75,"time":156.8125,"type":"inverse"},{"angle":45,"time":156.875,"type":"inverse"},{"angle":56.25,"time":156.9375,"type":"inverse"},{"angle":67.5,"time":156.9375,"type":"inverse"},{"angle":78.75,"time":157,"type":"inverse"},{"angle":90,"time":157,"type":"inverse"},{"angle":101.25,"time":157,"type":"inverse"},{"type":"extraTap","speedMult":6,"angle":90,"time":103},{"type":"extraTap","speedMult":6,"angle":90,"time":107.125},{"type":"extraTap","speedMult":6,"angle":78.75,"time":111.25},{"type":"extraTap","speedMult":6,"angle":67.5,"time":115.25},{"type":"extraTap","speedMult":6,"angle":90,"time":119.375},{"type":"extraTap","speedMult":6,"angle":90,"time":123.125},{"type":"extraTap","speedMult":6,"angle":90,"time":127.375},{"duration":0.375,"angle2":67.5,"type":"hold","speedMult":8,"angle":78.75,"time":165},{"duration":0.375,"angle2":78.75,"type":"hold","speedMult":8,"angle":90,"time":165},{"duration":0.375,"angle2":90,"type":"hold","speedMult":8,"angle":101.25,"time":165},{"duration":0.625,"angle2":78.75,"type":"hold","speedMult":8,"angle":67.5,"time":165.75},{"duration":0.625,"angle2":90,"type":"hold","speedMult":8,"angle":78.75,"time":165.75},{"duration":0.625,"angle2":101.25,"type":"hold","speedMult":8,"angle":90,"time":165.75},{"duration":0.375,"angle2":90,"type":"hold","speedMult":8,"angle":90,"time":166.75},{"duration":0.375,"angle2":101.25,"type":"hold","speedMult":8,"angle":101.25,"time":166.75},{"duration":0.375,"angle2":112.5,"type":"hold","speedMult":8,"angle":112.5,"time":166.75},{"type":"extraTap","speedMult":6,"angle":78.75,"time":167.125},{"duration":1,"angle2":67.5,"type":"hold","speedMult":8,"angle":78.75,"time":168.25},{"duration":1,"angle2":78.75,"type":"hold","speedMult":8,"angle":90,"time":168.25},{"duration":1,"angle2":90,"type":"hold","speedMult":8,"angle":101.25,"time":168.25},{"duration":0.375,"angle2":90,"type":"hold","speedMult":8,"angle":78.75,"time":170.125},{"duration":0.375,"angle2":101.25,"type":"hold","speedMult":8,"angle":90,"time":170.125},{"duration":0.375,"angle2":112.5,"type":"hold","speedMult":8,"angle":101.25,"time":170.125},{"type":"block","speedMult":8,"angle":56.25,"time":171},{"type":"block","speedMult":8,"angle":67.5,"time":171},{"type":"block","speedMult":8,"angle":78.75,"time":171},{"type":"extraTap","speedMult":6,"angle":45,"time":171},{"duration":1.5,"angle2":84.375,"type":"hold","speedMult":8,"angle":90,"time":171.625},{"duration":1.5,"angle2":73.125,"type":"hold","speedMult":8,"angle":78.75,"time":171.625},{"duration":1.5,"angle2":95.625,"type":"hold","speedMult":8,"angle":101.25,"time":171.625},{"duration":1,"angle2":90,"type":"hold","speedMult":8,"angle":73.125,"time":173.125},{"duration":1,"angle2":95.625,"type":"hold","speedMult":8,"angle":84.375,"time":173.125},{"duration":1,"angle2":101.25,"type":"hold","speedMult":8,"angle":95.625,"time":173.125},{"duration":1,"angle2":73.125,"type":"hold","speedMult":8,"angle":90,"time":174.125},{"duration":1,"angle2":78.75,"type":"hold","speedMult":8,"angle":95.625,"time":174.125},{"duration":1,"angle2":84.375,"type":"hold","speedMult":8,"angle":101.25,"time":174.125},{"duration":1,"angle2":106.875,"type":"hold","speedMult":8,"angle":84.375,"time":175.125},{"duration":1,"angle2":101.25,"type":"hold","speedMult":8,"angle":78.75,"time":175.125},{"duration":1,"angle2":95.625,"type":"hold","speedMult":8,"angle":73.125,"time":175.125},{"duration":1,"angle2":67.5,"type":"hold","speedMult":8,"angle":95.625,"time":176.125},{"duration":1,"angle2":73.125,"type":"hold","speedMult":8,"angle":101.25,"time":176.125},{"duration":1,"angle2":78.75,"type":"hold","speedMult":8,"angle":106.875,"time":176.125},{"duration":1,"angle2":112.5,"type":"hold","speedMult":8,"angle":78.75,"time":177.125},{"duration":1,"angle2":106.875,"type":"hold","speedMult":8,"angle":73.125,"time":177.125},{"duration":1,"angle2":101.25,"type":"hold","speedMult":8,"angle":67.5,"time":177.125},{"duration":1,"angle2":61.875,"type":"hold","speedMult":8,"angle":101.25,"time":178.125},{"duration":1,"angle2":67.5,"type":"hold","speedMult":8,"angle":106.875,"time":178.125},{"duration":1,"angle2":73.125,"type":"hold","speedMult":8,"angle":112.5,"time":178.125},{"duration":1,"angle2":123.75,"type":"hold","speedMult":8,"angle":73.125,"time":179.125},{"duration":1,"angle2":112.5,"type":"hold","speedMult":8,"angle":67.5,"time":179.125},{"duration":1,"angle2":101.25,"type":"hold","speedMult":8,"angle":61.875,"time":179.125},{"duration":0.375,"angle2":73.125,"type":"hold","speedMult":8,"angle":73.125,"time":181.125},{"duration":0.375,"angle2":84.375,"type":"hold","speedMult":8,"angle":84.375,"time":181.125},{"duration":0.375,"angle2":95.625,"type":"hold","speedMult":8,"angle":95.625,"time":181.125},{"duration":0.5,"angle2":101.25,"type":"hold","speedMult":8,"angle":101.25,"time":181.75},{"duration":0.5,"angle2":112.5,"type":"hold","speedMult":8,"angle":112.5,"time":181.75},{"duration":0.5,"angle2":123.75,"type":"hold","speedMult":8,"angle":123.75,"time":181.75},{"duration":0.375,"angle2":73.125,"type":"hold","speedMult":8,"angle":73.125,"time":182.875},{"duration":0.375,"angle2":84.375,"type":"hold","speedMult":8,"angle":84.375,"time":182.875},{"duration":0.375,"angle2":95.625,"type":"hold","speedMult":8,"angle":95.625,"time":182.875},{"duration":1,"angle2":90,"type":"hold","speedMult":8,"angle":101.25,"time":184.25},{"duration":1,"angle2":78.75,"type":"hold","speedMult":8,"angle":90,"time":184.25},{"duration":1,"angle2":67.5,"type":"hold","speedMult":8,"angle":78.75,"time":184.25},{"duration":0.5,"angle2":90,"type":"hold","speedMult":8,"angle":101.25,"time":186.125},{"duration":0.5,"angle2":101.25,"type":"hold","speedMult":8,"angle":112.5,"time":186.125},{"duration":0.5,"angle2":112.5,"type":"hold","speedMult":8,"angle":123.75,"time":186.125},{"type":"block","speedMult":8,"angle":56.25,"time":187.125},{"type":"block","speedMult":8,"angle":67.5,"time":187.125},{"type":"block","speedMult":8,"angle":78.75,"time":187.125},{"duration":0.5,"angle2":101.25,"type":"hold","speedMult":8,"angle":56.25,"time":187.75},{"duration":0.5,"angle2":112.5,"type":"hold","speedMult":8,"angle":67.5,"time":187.75},{"duration":0.5,"angle2":123.75,"type":"hold","speedMult":8,"angle":78.75,"time":187.75},{"duration":0.5,"angle2":78.75,"type":"hold","speedMult":8,"angle":101.25,"time":188.25},{"duration":0.5,"angle2":90,"type":"hold","speedMult":8,"angle":112.5,"time":188.25},{"duration":0.5,"angle2":101.25,"type":"hold","speedMult":8,"angle":123.75,"time":188.25},{"duration":1,"angle2":56.25,"type":"hold","speedMult":8,"angle":78.75,"time":188.75},{"duration":1,"angle2":67.5,"type":"hold","speedMult":8,"angle":90,"time":188.75},{"duration":1,"angle2":78.75,"type":"hold","speedMult":8,"angle":101.25,"time":188.75},{"duration":1,"angle2":101.25,"type":"hold","speedMult":8,"angle":56.25,"time":189.75},{"duration":1,"angle2":90,"type":"hold","speedMult":8,"angle":67.5,"time":189.75},{"duration":1,"angle2":78.75,"type":"hold","speedMult":8,"angle":78.75,"time":189.75},{"duration":1,"angle2":101.25,"type":"hold","speedMult":8,"angle":90,"time":190.75},{"duration":1,"angle2":90,"type":"hold","speedMult":8,"angle":78.75,"time":190.75},{"duration":1,"angle2":112.5,"type":"hold","speedMult":8,"angle":101.25,"time":190.75},{"duration":1,"angle2":67.5,"type":"hold","speedMult":8,"angle":101.25,"time":191.75},{"duration":1,"angle2":56.25,"type":"hold","speedMult":8,"angle":90,"time":191.75},{"duration":1,"angle2":78.75,"type":"hold","speedMult":8,"angle":112.5,"time":191.75},{"duration":1,"angle2":112.5,"type":"hold","speedMult":8,"angle":78.75,"time":192.75},{"duration":1,"angle2":101.25,"type":"hold","speedMult":8,"angle":67.5,"time":192.75},{"duration":1,"angle2":90,"type":"hold","speedMult":8,"angle":56.25,"time":192.75},{"duration":1,"angle2":45,"type":"hold","speedMult":8,"angle":90,"time":193.75},{"duration":1,"angle2":56.25,"type":"hold","speedMult":8,"angle":101.25,"time":193.75},{"duration":1,"angle2":67.5,"type":"hold","speedMult":8,"angle":112.5,"time":193.75},{"duration":1,"angle2":112.5,"type":"hold","speedMult":8,"angle":45,"time":194.75},{"duration":1,"angle2":123.75,"type":"hold","speedMult":8,"angle":56.25,"time":194.75},{"duration":1,"angle2":135,"type":"hold","speedMult":8,"angle":67.5,"time":194.75},{"type":"extraTap","speedMult":6,"angle":303.75,"time":175.1875},{"type":"extraTap","speedMult":6,"angle":258.75,"time":179.25},{"type":"extraTap","speedMult":6,"angle":258.75,"time":183.25},{"type":"extraTap","speedMult":6,"angle":258.75,"time":187.125},{"type":"extraTap","speedMult":6,"angle":258.75,"time":191.25},{"type":"extraTap","speedMult":6,"angle":258.75,"time":195.25},{"duration":0.375,"angle2":67.5,"type":"hold","speedMult":8,"angle":78.75,"time":197.125},{"duration":0.375,"angle2":78.75,"type":"hold","speedMult":8,"angle":90,"time":197.125},{"duration":0.375,"angle2":90,"type":"hold","speedMult":8,"angle":101.25,"time":197.125},{"duration":0.375,"angle2":90,"type":"hold","speedMult":8,"angle":67.5,"time":197.75},{"duration":0.375,"angle2":101.25,"type":"hold","speedMult":8,"angle":78.75,"time":197.75},{"duration":0.375,"angle2":112.5,"type":"hold","speedMult":8,"angle":90,"time":197.75},{"type":"extraTap","speedMult":6,"angle":101.25,"time":199.25},{"duration":0.5,"angle2":112.5,"type":"hold","speedMult":8,"angle":101.25,"time":198.75},{"duration":0.5,"angle2":101.25,"type":"hold","speedMult":8,"angle":90,"time":198.75},{"duration":0.5,"angle2":90,"type":"hold","speedMult":8,"angle":78.75,"time":198.75},{"duration":1.25,"angle2":78.75,"type":"hold","speedMult":8,"angle":90,"time":200.375},{"duration":1.25,"angle2":90,"type":"hold","speedMult":8,"angle":101.25,"time":200.375},{"duration":1.25,"angle2":101.25,"type":"hold","speedMult":8,"angle":112.5,"time":200.375},{"duration":0.625,"angle2":78.75,"type":"hold","speedMult":8,"angle":67.5,"time":202.25},{"duration":0.625,"angle2":90,"type":"hold","speedMult":8,"angle":78.75,"time":202.25},{"duration":0.625,"angle2":101.25,"type":"hold","speedMult":8,"angle":90,"time":202.25},{"type":"extraTap","speedMult":6,"angle":303.75,"time":203.25},{"type":"block","speedMult":8,"angle":78.75,"time":203.25},{"type":"block","speedMult":8,"angle":90,"time":203.25},{"type":"block","speedMult":8,"angle":101.25,"time":203.25},{"duration":1,"angle2":90,"type":"hold","speedMult":8,"angle":90,"time":204},{"duration":0.5,"angle2":67.5,"type":"hold","speedMult":8,"angle":112.5,"time":204},{"duration":0.5,"angle2":78.75,"type":"hold","speedMult":8,"angle":101.25,"time":204},{"duration":0.5,"angle2":112.5,"type":"hold","speedMult":8,"angle":67.5,"time":204.5},{"duration":0.5,"angle2":101.25,"type":"hold","speedMult":8,"angle":78.75,"time":204.5},{"duration":1,"angle2":78.75,"type":"hold","speedMult":8,"angle":90,"time":205},{"duration":1,"angle2":33.75,"type":"hold","speedMult":8,"angle":112.5,"time":205},{"duration":1,"angle2":56.25,"type":"hold","speedMult":8,"angle":101.25,"time":205},{"duration":1,"angle2":78.75,"type":"hold","speedMult":8,"angle":78.75,"time":206},{"duration":1,"angle2":101.25,"type":"hold","speedMult":8,"angle":33.75,"time":206},{"duration":1,"angle2":90,"type":"hold","speedMult":8,"angle":56.25,"time":206},{"duration":1,"angle2":112.5,"type":"hold","speedMult":8,"angle":78.75,"time":207},{"duration":1,"angle2":123.75,"type":"hold","speedMult":8,"angle":90,"time":207},{"duration":1,"angle2":135,"type":"hold","speedMult":8,"angle":101.25,"time":207},{"duration":1,"angle2":90,"type":"hold","speedMult":8,"angle":112.5,"time":208},{"duration":1,"angle2":78.75,"type":"hold","speedMult":8,"angle":123.75,"time":208},{"duration":1,"angle2":67.5,"type":"hold","speedMult":8,"angle":135,"time":208},{"duration":1,"angle2":90,"type":"hold","speedMult":8,"angle":67.5,"time":209},{"duration":1,"angle2":101.25,"type":"hold","speedMult":8,"angle":78.75,"time":209},{"duration":1,"angle2":112.5,"type":"hold","speedMult":8,"angle":90,"time":209},{"duration":1,"angle2":67.5,"type":"hold","speedMult":8,"angle":90,"time":210},{"duration":1,"angle2":78.75,"type":"hold","speedMult":8,"angle":101.25,"time":210},{"duration":1,"angle2":90,"type":"hold","speedMult":8,"angle":112.5,"time":210},{"duration":1,"angle2":123.75,"type":"hold","speedMult":8,"angle":90,"time":211},{"duration":1,"angle2":112.5,"type":"hold","speedMult":8,"angle":78.75,"time":211},{"duration":1,"angle2":101.25,"type":"hold","speedMult":8,"angle":67.5,"time":211},{"duration":0.375,"angle2":78.75,"type":"hold","speedMult":8,"angle":90,"time":213.75},{"duration":0.375,"angle2":90,"type":"hold","speedMult":8,"angle":101.25,"time":213.75},{"duration":0.375,"angle2":101.25,"type":"hold","speedMult":8,"angle":112.5,"time":213.75},{"duration":0.375,"angle2":90,"type":"hold","speedMult":8,"angle":78.75,"time":213.125},{"duration":0.375,"angle2":101.25,"type":"hold","speedMult":8,"angle":90,"time":213.125},{"duration":0.375,"angle2":112.5,"type":"hold","speedMult":8,"angle":101.25,"time":213.125},{"duration":0.375,"angle2":78.75,"type":"hold","speedMult":8,"angle":78.75,"time":214.75},{"duration":0.375,"angle2":90,"type":"hold","speedMult":8,"angle":90,"time":214.75},{"duration":0.375,"angle2":101.25,"type":"hold","speedMult":8,"angle":101.25,"time":214.75},{"type":"extraTap","speedMult":6,"angle":67.5,"time":215.125},{"duration":0.75,"angle2":90,"type":"hold","speedMult":8,"angle":78.75,"time":216.25},{"duration":0.75,"angle2":101.25,"type":"hold","speedMult":8,"angle":90,"time":216.25},{"duration":0.75,"angle2":112.5,"type":"hold","speedMult":8,"angle":101.25,"time":216.25},{"duration":0.5,"angle2":78.75,"type":"hold","speedMult":8,"angle":90,"time":218.25},{"duration":0.5,"angle2":90,"type":"hold","speedMult":8,"angle":101.25,"time":218.25},{"duration":0.5,"angle2":101.25,"type":"hold","speedMult":8,"angle":112.5,"time":218.25},{"type":"block","speedMult":8,"angle":78.75,"time":219.125},{"type":"block","speedMult":8,"angle":90,"time":219.125},{"type":"block","speedMult":8,"angle":101.25,"time":219.125},{"type":"extraTap","speedMult":6,"angle":67.5,"time":219.125},{"duration":0.25,"angle2":78.75,"type":"hold","speedMult":8,"angle":78.75,"time":219.5},{"duration":0.25,"angle2":90,"type":"hold","speedMult":8,"angle":90,"time":219.5},{"duration":0.25,"angle2":101.25,"type":"hold","speedMult":8,"angle":101.25,"time":219.5},{"duration":0.5,"angle2":101.25,"type":"hold","speedMult":8,"angle":78.75,"time":220.375},{"duration":1,"angle2":90,"type":"hold","speedMult":8,"angle":90,"time":220.375},{"duration":0.5,"angle2":78.75,"type":"hold","speedMult":8,"angle":101.25,"time":220.375},{"duration":0.5,"angle2":112.5,"type":"hold","speedMult":8,"angle":78.75,"time":220.875},{"duration":0.5,"angle2":67.5,"type":"hold","speedMult":8,"angle":101.25,"time":220.875},{"duration":1.625,"angle2":78.75,"type":"hold","speedMult":8,"angle":67.5,"time":221.375},{"duration":1.625,"angle2":90,"type":"hold","speedMult":8,"angle":90,"time":221.375},{"duration":1.625,"angle2":101.25,"type":"hold","speedMult":8,"angle":112.5,"time":221.375},{"duration":1,"angle2":101.25,"type":"hold","speedMult":8,"angle":78.75,"time":223},{"duration":1,"angle2":112.5,"type":"hold","speedMult":8,"angle":90,"time":223},{"duration":1,"angle2":123.75,"type":"hold","speedMult":8,"angle":101.25,"time":223},{"duration":1,"angle2":67.5,"type":"hold","speedMult":8,"angle":101.25,"time":224},{"duration":1,"angle2":78.75,"type":"hold","speedMult":8,"angle":112.5,"time":224},{"duration":1,"angle2":90,"type":"hold","speedMult":8,"angle":123.75,"time":224},{"duration":1,"angle2":90,"type":"hold","speedMult":8,"angle":67.5,"time":225},{"duration":1,"angle2":101.25,"type":"hold","speedMult":8,"angle":78.75,"time":225},{"duration":1,"angle2":112.5,"type":"hold","speedMult":8,"angle":90,"time":225},{"duration":1,"angle2":78.75,"type":"hold","speedMult":8,"angle":90,"time":226},{"duration":1,"angle2":90,"type":"hold","speedMult":8,"angle":101.25,"time":226},{"duration":1,"angle2":101.25,"type":"hold","speedMult":8,"angle":112.5,"time":226},{"duration":1,"angle2":101.25,"type":"hold","speedMult":8,"angle":101.25,"time":227},{"duration":2,"angle2":90,"type":"hold","speedMult":8,"angle":90,"time":227},{"angle":90,"time":260,"type":"extraTap"},{"angle":90,"time":260.5,"type":"extraTap"},{"angle":90,"time":261,"type":"extraTap"},{"type":"extraTap","speedMult":6,"angle":292.5,"time":207.125},{"type":"extraTap","speedMult":6,"angle":303.75,"time":211.125},{"type":"extraTap","speedMult":6,"angle":292.5,"time":223.25},{"type":"extraTap","speedMult":6,"angle":67.5,"time":227}]