{"properties":{"formatversion":12,"offset":8,"speed":70,"startBeat":0},"events":[{"file":"menya s soboi.ogg","type":"play","volume":1,"angle":270,"time":1,"bpm":115},{"r":0,"angle":303.75,"type":"setColor","color":0,"b":0,"g":0,"time":-8},{"r":0,"angle":326.25,"type":"setColor","color":1,"b":0,"g":0,"time":-8},{"type":"forcePlayerSprite","angle":281.25,"time":-8,"spriteName":"none"},{"value":250,"time":5,"ease":"linear","type":"ease","angle":135,"duration":62,"start":180,"var":"p.y"},{"r":170,"angle":146.25,"type":"setColor","color":0,"b":170,"g":170,"time":5},{"b":0,"duration":4.75,"r":0,"type":"setColor","color":0,"angle":146.25,"g":0,"time":5.25},{"r":170,"angle":45,"type":"setColor","color":0,"b":170,"g":170,"time":13},{"b":0,"duration":4.75,"r":0,"type":"setColor","color":0,"angle":45,"g":0,"time":13.25},{"r":170,"angle":303.75,"type":"setColor","color":0,"b":170,"g":170,"time":21},{"b":0,"duration":4.75,"r":0,"type":"setColor","color":0,"angle":303.75,"g":0,"time":21.25},{"r":170,"angle":56.25,"type":"setColor","color":0,"b":170,"g":170,"time":29},{"b":0,"duration":4.75,"r":0,"type":"setColor","color":0,"angle":56.25,"g":0,"time":29.25},{"r":170,"angle":258.75,"type":"setColor","color":0,"b":170,"g":170,"time":37},{"b":0,"duration":4.75,"r":0,"type":"setColor","color":0,"angle":258.75,"g":0,"time":37.25},{"r":170,"angle":78.75,"type":"setColor","color":0,"b":170,"g":170,"time":45},{"b":0,"duration":4.75,"r":0,"type":"setColor","color":0,"angle":78.75,"g":0,"time":45.25},{"r":170,"angle":326.25,"type":"setColor","color":0,"b":170,"g":170,"time":53},{"b":0,"duration":4.75,"r":0,"type":"setColor","color":0,"angle":326.25,"g":0,"time":53.25},{"r":150,"angle":90,"type":"setColor","color":1,"b":150,"g":150,"time":55},{"b":255,"duration":1,"r":255,"type":"setColor","color":1,"angle":90,"g":255,"time":55.25},{"r":150,"angle":56.25,"type":"setColor","color":1,"b":150,"g":150,"time":59},{"b":255,"duration":1,"r":255,"type":"setColor","color":1,"angle":56.25,"g":255,"time":59.25},{"r":170,"angle":67.5,"type":"setColor","color":0,"b":170,"g":170,"time":61},{"b":0,"duration":4.75,"r":0,"type":"setColor","color":0,"angle":67.5,"g":0,"time":61.25},{"r":150,"angle":112.5,"type":"setColor","color":1,"b":150,"g":150,"time":63},{"b":255,"duration":1,"r":255,"type":"setColor","color":1,"angle":112.5,"g":255,"time":63.25},{"r":0,"angle":348.75,"type":"setColor","color":1,"b":0,"g":0,"time":67},{"r":202,"angle":247.5,"type":"setColor","color":1,"b":202,"g":202,"time":37},{"b":255,"duration":0.25,"r":255,"type":"setColor","color":1,"angle":247.5,"g":255,"time":37.25},{"r":202,"angle":247.5,"type":"setColor","color":1,"b":202,"g":202,"time":38},{"b":255,"duration":0.25,"r":255,"type":"setColor","color":1,"angle":247.5,"g":255,"time":38.25},{"r":202,"angle":281.25,"type":"setColor","color":1,"b":202,"g":202,"time":39},{"b":255,"duration":0.25,"r":255,"type":"setColor","color":1,"angle":281.25,"g":255,"time":39.25},{"r":202,"angle":247.5,"type":"setColor","color":1,"b":202,"g":202,"time":40},{"b":255,"duration":0.25,"r":255,"type":"setColor","color":1,"angle":247.5,"g":255,"time":40.25},{"r":202,"angle":247.5,"type":"setColor","color":1,"b":202,"g":202,"time":41},{"b":255,"duration":0.25,"r":255,"type":"setColor","color":1,"angle":247.5,"g":255,"time":41.25},{"r":202,"angle":247.5,"type":"setColor","color":1,"b":202,"g":202,"time":42},{"b":255,"duration":0.25,"r":255,"type":"setColor","color":1,"angle":247.5,"g":255,"time":42.25},{"r":202,"angle":247.5,"type":"setColor","color":1,"b":202,"g":202,"time":43},{"b":255,"duration":0.25,"r":255,"type":"setColor","color":1,"angle":247.5,"g":255,"time":43.25},{"r":202,"angle":247.5,"type":"setColor","color":1,"b":202,"g":202,"time":44},{"b":255,"duration":0.25,"r":255,"type":"setColor","color":1,"angle":247.5,"g":255,"time":44.25},{"r":202,"angle":247.5,"type":"setColor","color":1,"b":202,"g":202,"time":45},{"b":255,"duration":0.25,"r":255,"type":"setColor","color":1,"angle":247.5,"g":255,"time":45.25},{"r":202,"angle":247.5,"type":"setColor","color":1,"b":202,"g":202,"time":46},{"b":255,"duration":0.25,"r":255,"type":"setColor","color":1,"angle":247.5,"g":255,"time":46.25},{"r":202,"angle":247.5,"type":"setColor","color":1,"b":202,"g":202,"time":47},{"b":255,"duration":0.25,"r":255,"type":"setColor","color":1,"angle":247.5,"g":255,"time":47.25},{"r":202,"angle":247.5,"type":"setColor","color":1,"b":202,"g":202,"time":48},{"b":255,"duration":0.25,"r":255,"type":"setColor","color":1,"angle":247.5,"g":255,"time":48.25},{"r":202,"angle":247.5,"type":"setColor","color":1,"b":202,"g":202,"time":49},{"b":255,"duration":0.25,"r":255,"type":"setColor","color":1,"angle":247.5,"g":255,"time":49.25},{"r":202,"angle":247.5,"type":"setColor","color":1,"b":202,"g":202,"time":50},{"b":255,"duration":0.25,"r":255,"type":"setColor","color":1,"angle":247.5,"g":255,"time":50.25},{"r":202,"angle":247.5,"type":"setColor","color":1,"b":202,"g":202,"time":51},{"b":255,"duration":0.25,"r":255,"type":"setColor","color":1,"angle":247.5,"g":255,"time":51.25},{"r":202,"angle":247.5,"type":"setColor","color":1,"b":202,"g":202,"time":52},{"b":255,"duration":0.25,"r":255,"type":"setColor","color":1,"angle":247.5,"g":255,"time":52.25},{"r":202,"angle":303.75,"type":"setColor","color":1,"b":202,"g":202,"time":53},{"b":255,"duration":0.25,"r":255,"type":"setColor","color":1,"angle":303.75,"g":255,"time":53.25},{"r":202,"angle":247.5,"type":"setColor","color":1,"b":202,"g":202,"time":54},{"b":255,"duration":0.25,"r":255,"type":"setColor","color":1,"angle":247.5,"g":255,"time":54.25},{"r":202,"angle":247.5,"type":"setColor","color":1,"b":202,"g":202,"time":57},{"b":255,"duration":0.25,"r":255,"type":"setColor","color":1,"angle":247.5,"g":255,"time":57.25},{"r":202,"angle":247.5,"type":"setColor","color":1,"b":202,"g":202,"time":58},{"b":255,"duration":0.25,"r":255,"type":"setColor","color":1,"angle":247.5,"g":255,"time":58.25},{"r":202,"angle":247.5,"type":"setColor","color":1,"b":202,"g":202,"time":61},{"b":255,"duration":0.25,"r":255,"type":"setColor","color":1,"angle":247.5,"g":255,"time":61.25},{"r":202,"angle":247.5,"type":"setColor","color":1,"b":202,"g":202,"time":62},{"b":255,"duration":0.25,"r":255,"type":"setColor","color":1,"angle":247.5,"g":255,"time":62.25},{"r":202,"angle":247.5,"type":"setColor","color":1,"b":202,"g":202,"time":65},{"b":255,"duration":0.25,"r":255,"type":"setColor","color":1,"angle":247.5,"g":255,"time":65.25},{"r":202,"angle":247.5,"type":"setColor","color":1,"b":202,"g":202,"time":66},{"b":255,"duration":0.25,"r":255,"type":"setColor","color":1,"angle":247.5,"g":255,"time":66.25},{"b":57,"duration":1.125,"r":58,"type":"setColor","color":0,"angle":348.75,"g":57,"time":67.75},{"b":179,"duration":0,"r":151,"type":"setColor","color":0,"angle":225,"g":66,"time":69},{"b":145,"duration":0.20000000298023,"r":107,"type":"setColor","color":0,"angle":-135,"g":0,"time":69.25},{"b":190,"duration":0,"r":145,"type":"setColor","color":0,"angle":225,"g":0,"time":69.625},{"b":145,"duration":0.22499999403954,"r":107,"type":"setColor","color":0,"angle":225,"g":0,"time":69.875},{"type":"forcePlayerSprite","angle":0,"time":67.25,"spriteName":""},{"type":"forcePlayerSprite","angle":213.75,"time":69,"spriteName":"miss"},{"type":"deco","time":68.25,"sx":0.5,"sy":1,"r":90,"ease":"linear","x":18.75,"y":-60,"angle":337.5,"sprite":"speedline.png","recolor":2,"id":"1"},{"r":255,"angle":236.25,"type":"setColor","color":2,"b":255,"g":255,"time":-8},{"type":"deco","time":68.25,"sx":0.5,"sy":1,"r":90,"ease":"linear","x":37.5,"y":-60,"angle":326.25,"sprite":"speedline.png","recolor":2,"id":"2"},{"type":"deco","time":68.25,"sx":0.5,"sy":1,"r":90,"ease":"linear","x":581.25,"y":-60,"angle":360,"sprite":"speedline.png","recolor":2,"id":"31"},{"type":"deco","time":68.25,"sx":0.5,"sy":1,"r":90,"ease":"linear","x":600,"y":-60,"angle":348.75,"sprite":"speedline.png","recolor":2,"id":"32"},{"type":"deco","time":68.25,"sx":0.5,"sy":1,"r":90,"ease":"linear","x":543.75,"y":-60,"angle":382.5,"sprite":"speedline.png","recolor":2,"id":"29"},{"type":"deco","time":68.25,"sx":0.5,"sy":1,"r":90,"ease":"linear","x":562.5,"y":-60,"angle":371.25,"sprite":"speedline.png","recolor":2,"id":"30"},{"type":"deco","time":68.25,"sx":0.5,"sy":1,"r":90,"ease":"linear","x":506.25,"y":-60,"angle":405,"sprite":"speedline.png","recolor":2,"id":"27"},{"type":"deco","time":68.25,"sx":0.5,"sy":1,"r":90,"ease":"linear","x":525,"y":-60,"angle":393.75,"sprite":"speedline.png","recolor":2,"id":"28"},{"type":"deco","time":68.25,"sx":0.5,"sy":1,"r":90,"ease":"linear","x":468.75,"y":-60,"angle":427.5,"sprite":"speedline.png","recolor":2,"id":"25"},{"type":"deco","time":68.25,"sx":0.5,"sy":1,"r":90,"ease":"linear","x":487.5,"y":-60,"angle":416.25,"sprite":"speedline.png","recolor":2,"id":"26"},{"type":"deco","time":68.25,"sx":0.5,"sy":1,"r":90,"ease":"linear","x":431.25,"y":-60,"angle":450,"sprite":"speedline.png","recolor":2,"id":"23"},{"type":"deco","time":68.25,"sx":0.5,"sy":1,"r":90,"ease":"linear","x":450,"y":-60,"angle":438.75,"sprite":"speedline.png","recolor":2,"id":"24"},{"type":"deco","time":68.25,"sx":0.5,"sy":1,"r":90,"ease":"linear","x":393.75,"y":-60,"angle":472.5,"sprite":"speedline.png","recolor":2,"id":"21"},{"type":"deco","time":68.25,"sx":0.5,"sy":1,"r":90,"ease":"linear","x":412.5,"y":-60,"angle":461.25,"sprite":"speedline.png","recolor":2,"id":"22"},{"type":"deco","time":68.25,"sx":0.5,"sy":1,"r":90,"ease":"linear","x":356.25,"y":-60,"angle":495,"sprite":"speedline.png","recolor":2,"id":"19"},{"type":"deco","time":68.25,"sx":0.5,"sy":1,"r":90,"ease":"linear","x":375,"y":-60,"angle":483.75,"sprite":"speedline.png","recolor":2,"id":"20"},{"type":"deco","time":68.25,"sx":0.5,"sy":1,"r":90,"ease":"linear","x":318.75,"y":-60,"angle":517.5,"sprite":"speedline.png","recolor":2,"id":"17"},{"type":"deco","time":68.25,"sx":0.5,"sy":1,"r":90,"ease":"linear","x":337.5,"y":-60,"angle":506.25,"sprite":"speedline.png","recolor":2,"id":"18"},{"type":"deco","time":68.25,"sx":0.5,"sy":1,"r":90,"ease":"linear","x":281.25,"y":-60,"angle":540,"sprite":"speedline.png","recolor":2,"id":"15"},{"type":"deco","time":68.25,"sx":0.5,"sy":1,"r":90,"ease":"linear","x":300,"sprite":"speedline.png","angle":528.75,"recolor":2,"y":-60,"id":"16"},{"type":"deco","time":68.25,"sx":0.5,"sy":1,"r":90,"ease":"linear","x":243.75,"y":-60,"angle":562.5,"sprite":"speedline.png","recolor":2,"id":"13"},{"type":"deco","time":68.25,"sx":0.5,"sy":1,"r":90,"ease":"linear","x":262.5,"y":-60,"angle":551.25,"sprite":"speedline.png","recolor":2,"id":"14"},{"type":"deco","time":68.25,"sx":0.5,"sy":1,"r":90,"ease":"linear","x":206.25,"y":-60,"angle":585,"sprite":"speedline.png","recolor":2,"id":"11"},{"type":"deco","time":68.25,"sx":0.5,"sy":1,"r":90,"ease":"linear","x":225,"y":-60,"angle":573.75,"sprite":"speedline.png","recolor":2,"id":"12"},{"type":"deco","time":68.25,"sx":0.5,"sy":1,"r":90,"ease":"linear","x":168.75,"y":-60,"angle":607.5,"sprite":"speedline.png","recolor":2,"id":"9"},{"type":"deco","time":68.25,"sx":0.5,"sy":1,"r":90,"ease":"linear","x":187.5,"y":-60,"angle":596.25,"sprite":"speedline.png","recolor":2,"id":"10"},{"type":"deco","time":68.25,"sx":0.5,"sy":1,"r":90,"ease":"linear","x":131.25,"y":-60,"angle":630,"sprite":"speedline.png","recolor":2,"id":"7"},{"type":"deco","time":68.25,"sx":0.5,"sy":1,"r":90,"ease":"linear","x":150,"y":-60,"angle":618.75,"sprite":"speedline.png","recolor":2,"id":"8"},{"type":"deco","time":68.25,"sx":0.5,"sy":1,"r":90,"ease":"linear","x":93.75,"y":-60,"angle":652.5,"sprite":"speedline.png","recolor":2,"id":"5"},{"type":"deco","time":68.25,"sx":0.5,"sy":1,"r":90,"ease":"linear","x":112.5,"y":-60,"angle":641.25,"sprite":"speedline.png","recolor":2,"id":"6"},{"type":"deco","time":68.25,"sx":0.5,"sy":1,"r":90,"ease":"linear","x":56.25,"y":-60,"angle":675,"sprite":"speedline.png","recolor":2,"id":"3"},{"type":"deco","time":68.25,"sx":0.5,"sy":1,"r":90,"ease":"linear","x":75,"y":-60,"angle":663.75,"sprite":"speedline.png","recolor":2,"id":"4"},{"value":150,"time":100.375,"angle":225,"var":"p.x","type":"ease"},{"value":180,"time":100.375,"angle":-123.75,"var":"p.y","type":"ease"},{"type":"ease","value":330,"duration":31,"angle":-123.75,"time":69,"var":"p.y"},{"b":255,"duration":0,"r":255,"type":"setColor","color":1,"angle":-135,"g":255,"time":79.125},{"b":0,"duration":0.5,"r":0,"type":"setColor","color":1,"angle":-135,"g":0,"time":79.375},{"b":255,"duration":0,"r":255,"type":"setColor","color":1,"angle":-135,"g":255,"time":71},{"b":0,"duration":0.5,"r":0,"type":"setColor","color":1,"angle":-135,"g":0,"time":71.25},{"b":255,"duration":0,"r":255,"type":"setColor","color":1,"angle":-112.5,"g":255,"time":75},{"b":0,"duration":0.5,"r":0,"type":"setColor","color":1,"angle":-112.5,"g":0,"time":75.25},{"b":255,"duration":0,"r":255,"type":"setColor","color":1,"angle":-101.25,"g":255,"time":83.125},{"b":0,"duration":0.5,"r":0,"type":"setColor","color":1,"angle":-101.25,"g":0,"time":83.375},{"b":255,"duration":0,"r":255,"type":"setColor","color":1,"angle":-112.5,"g":255,"time":87.25},{"b":0,"duration":0.5,"r":0,"type":"setColor","color":1,"angle":-112.5,"g":0,"time":87.5},{"b":255,"duration":0,"r":255,"type":"setColor","color":1,"angle":-112.5,"g":255,"time":91},{"b":0,"duration":0.5,"r":0,"type":"setColor","color":1,"angle":-112.5,"g":0,"time":91.25},{"b":255,"duration":0,"r":255,"type":"setColor","color":1,"angle":-135,"g":255,"time":95.25},{"b":0,"duration":0.5,"r":0,"type":"setColor","color":1,"angle":-135,"g":0,"time":95.5},{"b":255,"duration":0,"r":255,"type":"setColor","color":1,"angle":-112.5,"g":255,"time":99.25},{"b":0,"duration":0.5,"r":0,"type":"setColor","color":1,"angle":-112.5,"g":0,"time":99.5},{"value":4,"time":69,"angle":-112.5,"var":"vfx.glitchUIElements","type":"ease"},{"type":"ease","value":240,"duration":27,"angle":0,"time":101,"var":"p.x"},{"value":300,"ease":"inSine","type":"ease","var":"p.x","angle":326.25,"time":128,"duration":5},{"value":2,"time":69,"angle":-101.25,"var":"vfx.hglitch.strength","type":"ease"},{"r":0,"x":700,"y":22.5,"angle":348.75,"time":100.5,"type":"deco","id":"1"},{"r":0,"x":700,"y":45,"angle":337.5,"time":100.5,"type":"deco","id":"2"},{"r":0,"x":700,"y":67.5,"angle":326.25,"time":100.5,"type":"deco","id":"3"},{"r":0,"x":700,"y":90,"angle":315,"time":100.5,"type":"deco","id":"4"},{"r":0,"x":700,"y":112.5,"angle":303.75,"time":100.5,"type":"deco","id":"5"},{"r":0,"x":700,"y":135,"angle":292.5,"time":100.5,"type":"deco","id":"6"},{"r":0,"x":700,"y":157.5,"angle":281.25,"time":100.5,"type":"deco","id":"7"},{"r":0,"x":700,"y":180,"angle":270,"time":100.5,"type":"deco","id":"8"},{"r":0,"x":700,"y":202.5,"angle":258.75,"time":100.5,"type":"deco","id":"9"},{"r":0,"x":700,"y":225,"angle":247.5,"time":100.5,"type":"deco","id":"10"},{"r":0,"x":700,"y":247.5,"angle":236.25,"time":100.5,"type":"deco","id":"11"},{"r":0,"x":700,"y":270,"angle":225,"time":100.5,"type":"deco","id":"12"},{"r":0,"x":700,"y":292.5,"angle":213.75,"time":100.5,"type":"deco","id":"13"},{"r":0,"x":700,"y":315,"angle":202.5,"time":100.5,"type":"deco","id":"14"},{"r":0,"x":700,"y":337.5,"angle":191.25,"time":100.5,"type":"deco","id":"15"},{"r":0,"x":700,"y":360,"angle":180,"time":100.5,"type":"deco","id":"16"},{"value":2,"time":101,"angle":11.25,"var":"vfx.hglitch.strength","type":"ease"},{"b":255,"duration":0,"r":255,"type":"setColor","color":1,"angle":-22.5,"g":255,"time":111.25},{"b":0,"duration":0.5,"r":0,"type":"setColor","color":1,"angle":-22.5,"g":0,"time":111.5},{"b":255,"duration":0,"r":255,"type":"setColor","color":1,"angle":-22.5,"g":255,"time":103},{"b":0,"duration":0.5,"r":0,"type":"setColor","color":1,"angle":-22.5,"g":0,"time":103.25},{"b":255,"duration":0,"r":255,"type":"setColor","color":1,"angle":0,"g":255,"time":107.125},{"b":0,"duration":0.5,"r":0,"type":"setColor","color":1,"angle":0,"g":0,"time":107.375},{"b":255,"duration":0,"r":255,"type":"setColor","color":1,"angle":11.25,"g":255,"time":115.25},{"b":0,"duration":0.5,"r":0,"type":"setColor","color":1,"angle":11.25,"g":0,"time":115.5},{"b":255,"duration":0,"r":255,"type":"setColor","color":1,"angle":0,"g":255,"time":119.375},{"b":0,"duration":0.5,"r":0,"type":"setColor","color":1,"angle":0,"g":0,"time":119.625},{"b":255,"duration":0,"r":255,"type":"setColor","color":1,"angle":0,"g":255,"time":123.125},{"b":0,"duration":0.5,"r":0,"type":"setColor","color":1,"angle":0,"g":0,"time":123.375},{"b":255,"duration":0,"r":255,"type":"setColor","color":1,"angle":-22.5,"g":255,"time":127.375},{"b":0,"duration":0.5,"r":0,"type":"setColor","color":1,"angle":-22.5,"g":0,"time":127.625},{"b":255,"duration":0,"r":255,"type":"setColor","color":1,"angle":0,"g":255,"time":131.25},{"b":0,"duration":0.5,"r":0,"type":"setColor","color":1,"angle":0,"g":0,"time":131.5},{"type":"ease","value":0,"duration":4,"angle":78.75,"time":133,"var":"vfx.hglitch.strength"},{"type":"ease","value":0,"duration":4,"angle":90,"time":133,"var":"vfx.glitchUIElements"},{"b":0,"duration":4,"r":0,"type":"setColor","color":0,"angle":101.25,"g":0,"time":133},{"b":255,"duration":4,"r":255,"type":"setColor","color":1,"angle":112.5,"g":255,"time":133},{"value":5,"time":67.125,"angle":337.5,"var":"vfx.pixelate","type":"ease"},{"type":"ease","value":1,"duration":1.25,"angle":360,"time":67.75,"var":"vfx.pixelate"},{"newWidth":20,"ease":"linear","type":"paddles","duration":0,"angle":258.75,"time":-8,"paddle":1},{"newWidth":90,"ease":"linear","type":"paddles","duration":62,"angle":157.5,"time":5,"paddle":1},{"value":100,"time":71,"angle":348.75,"var":"vfx.hglitch.strength","type":"ease"},{"value":2,"time":71.25,"angle":348.75,"var":"vfx.hglitch.strength","type":"ease"},{"value":50,"time":75,"angle":348.75,"var":"vfx.hglitch.strength","type":"ease"},{"value":2,"time":75.25,"angle":348.75,"var":"vfx.hglitch.strength","type":"ease"},{"value":50,"time":79.125,"angle":348.75,"var":"vfx.hglitch.strength","type":"ease"},{"value":2,"time":79.375,"angle":348.75,"var":"vfx.hglitch.strength","type":"ease"},{"value":50,"time":83.125,"angle":348.75,"var":"vfx.hglitch.strength","type":"ease"},{"value":2,"time":83.375,"angle":348.75,"var":"vfx.hglitch.strength","type":"ease"},{"value":50,"time":87.25,"angle":348.75,"var":"vfx.hglitch.strength","type":"ease"},{"value":2,"time":87.5,"angle":348.75,"var":"vfx.hglitch.strength","type":"ease"},{"value":50,"time":91,"angle":348.75,"var":"vfx.hglitch.strength","type":"ease"},{"value":2,"time":91.25,"angle":348.75,"var":"vfx.hglitch.strength","type":"ease"},{"value":50,"time":95.25,"angle":348.75,"var":"vfx.hglitch.strength","type":"ease"},{"value":2,"time":95.5,"angle":348.75,"var":"vfx.hglitch.strength","type":"ease"},{"value":50,"time":99.25,"angle":382.5,"var":"vfx.hglitch.strength","type":"ease"},{"value":2,"time":99.5,"angle":382.5,"var":"vfx.hglitch.strength","type":"ease"},{"type":"forcePlayerSprite","angle":67.5,"time":133,"spriteName":"none"},{"type":"ease","value":5,"duration":3,"angle":337.5,"time":128,"var":"vfx.pixelate"},{"type":"ease","value":1,"duration":4,"angle":56.25,"time":133,"var":"vfx.pixelate"},{"type":"ease","value":0.75,"duration":22,"angle":123.75,"time":133,"var":"vfx.canvPos.sx"},{"type":"ease","value":0.75,"duration":22,"angle":135,"time":133,"var":"vfx.canvPos.sy"},{"value":0,"ease":"inOutSine","type":"ease","var":"vfx.canvPos.sx","angle":191.25,"time":157,"duration":1.5},{"value":0,"ease":"inOutSine","type":"ease","var":"vfx.canvPos.sy","angle":202.5,"time":157,"duration":1.5},{"value":100,"time":103,"angle":348.75,"var":"vfx.hglitch.strength","type":"ease"},{"value":2,"time":103.25,"angle":348.75,"var":"vfx.hglitch.strength","type":"ease"},{"value":100,"time":107,"angle":371.25,"var":"vfx.hglitch.strength","type":"ease"},{"value":2,"time":107.25,"angle":371.25,"var":"vfx.hglitch.strength","type":"ease"},{"value":100,"time":111.25,"angle":348.75,"var":"vfx.hglitch.strength","type":"ease"},{"value":2,"time":111.5,"angle":348.75,"var":"vfx.hglitch.strength","type":"ease"},{"value":100,"time":115.25,"angle":348.75,"var":"vfx.hglitch.strength","type":"ease"},{"value":2,"time":115.5,"angle":348.75,"var":"vfx.hglitch.strength","type":"ease"},{"value":100,"time":119.375,"angle":348.75,"var":"vfx.hglitch.strength","type":"ease"},{"value":2,"time":119.625,"angle":348.75,"var":"vfx.hglitch.strength","type":"ease"},{"value":100,"time":123.125,"angle":348.75,"var":"vfx.hglitch.strength","type":"ease"},{"value":2,"time":123.375,"angle":348.75,"var":"vfx.hglitch.strength","type":"ease"},{"value":100,"time":127.375,"angle":348.75,"var":"vfx.hglitch.strength","type":"ease"},{"value":2,"time":127.625,"angle":348.75,"var":"vfx.hglitch.strength","type":"ease"},{"value":100,"time":131.25,"angle":348.75,"var":"vfx.hglitch.strength","type":"ease"},{"value":2,"time":131.5,"angle":348.75,"var":"vfx.hglitch.strength","type":"ease"},{"value":1,"type":"ease","time":159.75,"angle":191.25,"var":"vfx.canvPos.sx","start":0},{"value":1,"time":159.75,"angle":202.5,"var":"vfx.canvPos.sy","type":"ease"},{"value":200,"time":159.25,"angle":213.75,"var":"p.x","type":"ease"},{"b":255,"duration":1.5,"r":255,"type":"setColor","color":1,"angle":270,"g":255,"time":162.25},{"b":116,"duration":1,"r":92,"type":"setColor","color":1,"angle":270,"g":0,"time":163.875},{"type":"forcePlayerSprite","angle":90,"time":160.125,"spriteName":""},{"type":"forcePlayerSprite","angle":258.75,"time":165,"spriteName":"miss"},{"value":100,"time":167.125,"angle":270,"var":"vfx.hglitch.strength","type":"ease"},{"type":"ease","value":8,"duration":1,"angle":270,"time":167.375,"var":"vfx.hglitch.strength"},{"value":8,"time":165,"angle":247.5,"var":"vfx.hglitch.strength","type":"ease"},{"value":100,"time":170.875,"angle":270,"var":"vfx.hglitch.strength","type":"ease"},{"value":100,"time":175.1875,"angle":281.25,"var":"vfx.hglitch.strength","type":"ease"},{"value":100,"time":179.25,"angle":270,"var":"vfx.hglitch.strength","type":"ease"},{"value":100,"time":183.25,"angle":270,"var":"vfx.hglitch.strength","type":"ease"},{"type":"ease","value":8,"duration":1,"angle":270,"time":183.5,"var":"vfx.hglitch.strength"},{"value":100,"time":187.125,"angle":270,"var":"vfx.hglitch.strength","type":"ease"},{"type":"ease","value":8,"duration":1,"angle":270,"time":187.375,"var":"vfx.hglitch.strength"},{"value":100,"time":191.25,"angle":270,"var":"vfx.hglitch.strength","type":"ease"},{"type":"ease","value":8,"duration":1,"angle":270,"time":191.5,"var":"vfx.hglitch.strength"},{"value":100,"time":195.25,"angle":270,"var":"vfx.hglitch.strength","type":"ease"},{"type":"ease","value":8,"duration":1,"angle":270,"time":195.5,"var":"vfx.hglitch.strength"},{"value":100,"time":199.25,"angle":270,"var":"vfx.hglitch.strength","type":"ease"},{"type":"ease","value":8,"duration":1,"angle":270,"time":199.5,"var":"vfx.hglitch.strength"},{"value":100,"time":203.25,"angle":281.25,"var":"vfx.hglitch.strength","type":"ease"},{"type":"ease","value":8,"duration":1,"angle":281.25,"time":203.5,"var":"vfx.hglitch.strength"},{"value":100,"time":207.125,"angle":270,"var":"vfx.hglitch.strength","type":"ease"},{"type":"ease","value":8,"duration":1,"angle":270,"time":207.375,"var":"vfx.hglitch.strength"},{"value":100,"time":211.125,"angle":281.25,"var":"vfx.hglitch.strength","type":"ease"},{"type":"ease","value":8,"duration":1,"angle":281.25,"time":211.375,"var":"vfx.hglitch.strength"},{"value":100,"time":215.125,"angle":270,"var":"vfx.hglitch.strength","type":"ease"},{"type":"ease","value":8,"duration":1,"angle":270,"time":215.375,"var":"vfx.hglitch.strength"},{"value":100,"time":219.125,"angle":270,"var":"vfx.hglitch.strength","type":"ease"},{"type":"ease","value":8,"duration":1,"angle":270,"time":219.375,"var":"vfx.hglitch.strength"},{"value":100,"time":223.25,"angle":270,"var":"vfx.hglitch.strength","type":"ease"},{"type":"ease","value":8,"duration":1,"angle":270,"time":223.5,"var":"vfx.hglitch.strength"},{"value":0,"time":229,"angle":270,"var":"vfx.hglitch.strength","type":"ease"},{"oy":46,"time":68.5,"sx":0.5,"sy":0.5,"r":30,"ox":57.5,"x":30,"y":-90,"angle":247.5,"sprite":"asteroid1.png","type":"deco","id":"33"},{"oy":50,"time":68.5,"sx":0.30000001192093,"sy":0.30000001192093,"r":80,"ox":64,"x":40,"y":-90,"angle":258.75,"sprite":"asteroid2.png","type":"deco","id":"34"},{"oy":40,"time":68.5,"sx":0.60000002384186,"sy":0.60000002384186,"r":30,"ox":63,"x":20,"y":-90,"angle":270,"sprite":"asteroid3.png","type":"deco","id":"35"},{"oy":59,"time":68.5,"sx":0.5,"sy":0.5,"r":120,"ox":80,"x":50,"y":-90,"angle":281.25,"sprite":"asteroid4.png","type":"deco","id":"36"},{"oy":46,"time":68.5,"sx":0.5,"sy":0.5,"r":30,"ox":57.5,"x":570,"y":-90,"angle":292.5,"sprite":"asteroid1.png","type":"deco","id":"37"},{"oy":50,"time":68.5,"sx":0.30000001192093,"sy":0.30000001192093,"r":80,"ox":64,"x":560,"y":-90,"angle":303.75,"sprite":"asteroid2.png","type":"deco","id":"38"},{"oy":40,"time":68.5,"sx":0.60000002384186,"sy":0.60000002384186,"r":30,"ox":63,"x":580,"y":-90,"angle":315,"sprite":"asteroid3.png","type":"deco","id":"39"},{"oy":59,"time":68.5,"sx":0.5,"sy":0.5,"r":120,"ox":80,"x":550,"y":-90,"angle":326.25,"sprite":"asteroid4.png","type":"deco","id":"40"},{"time":100.75,"sx":0.30000001192093,"sy":0.30000001192093,"r":60,"type":"deco","y":20,"angle":180,"x":680,"sprite":"asteroid1.png","id":"41"},{"time":100.75,"sx":0.40000000596046,"sy":0.40000000596046,"r":80,"type":"deco","y":40,"angle":191.25,"x":680,"sprite":"asteroid2.png","id":"42"},{"time":100.75,"sx":0.5,"sy":0.5,"r":30,"type":"deco","y":30,"angle":202.5,"x":680,"sprite":"asteroid3.png","id":"43"},{"time":100.75,"sx":0.40000000596046,"sy":0.40000000596046,"r":120,"type":"deco","y":10,"angle":213.75,"x":680,"sprite":"asteroid4.png","id":"44"},{"time":100.75,"sx":0.30000001192093,"sy":0.30000001192093,"r":60,"type":"deco","y":280,"angle":225,"x":680,"sprite":"asteroid1.png","id":"45"},{"time":100.75,"sx":0.40000000596046,"sy":0.40000000596046,"r":80,"type":"deco","y":260,"angle":236.25,"x":680,"sprite":"asteroid2.png","id":"46"},{"time":100.75,"sx":0.5,"sy":0.5,"r":30,"type":"deco","y":270,"angle":247.5,"x":680,"sprite":"asteroid3.png","id":"47"},{"time":100.75,"sx":0.40000000596046,"sy":0.40000000596046,"r":120,"type":"deco","y":290,"angle":258.75,"x":680,"sprite":"asteroid4.png","id":"48"},{"r":20,"x":-80,"type":"deco","angle":168.75,"time":128,"duration":0.75,"id":"41"},{"r":30,"x":-80,"type":"deco","angle":157.5,"time":128.45832824707,"duration":1,"id":"42"},{"r":40,"x":-80,"type":"deco","angle":168.75,"time":129.16664123535,"duration":1,"id":"43"},{"r":50,"x":-80,"type":"deco","angle":157.5,"time":129.83329772949,"duration":1.25,"id":"44"},{"r":20,"x":-80,"type":"deco","angle":393.75,"time":128,"duration":0.5,"id":"48"},{"r":30,"x":-80,"type":"deco","angle":382.5,"time":128.45799255371,"duration":0.75,"id":"47"},{"r":40,"x":-80,"type":"deco","angle":393.75,"time":128.91664123535,"duration":1,"id":"46"},{"r":50,"x":-80,"type":"deco","angle":382.5,"time":129.49995422363,"duration":0.5,"id":"45"},{"r":170,"angle":191.25,"type":"setColor","color":0,"b":170,"g":170,"time":141.08332824707},{"b":0,"duration":4.75,"r":0,"type":"setColor","color":0,"angle":191.25,"g":0,"time":141.33332824707},{"r":170,"angle":56.25,"type":"setColor","color":0,"b":170,"g":170,"time":149},{"b":0,"duration":4.75,"r":0,"type":"setColor","color":0,"angle":56.25,"g":0,"time":149.25},{"r":255,"angle":281.25,"type":"setColor","color":1,"b":255,"g":255,"time":167.125},{"r":255,"angle":281.25,"type":"setColor","color":1,"b":255,"g":255,"time":170.875},{"r":255,"angle":292.5,"type":"setColor","color":1,"b":255,"g":255,"time":175.1875},{"r":255,"angle":281.25,"type":"setColor","color":1,"b":255,"g":255,"time":179.25},{"r":255,"angle":281.25,"type":"setColor","color":1,"b":255,"g":255,"time":183.25},{"r":255,"angle":281.25,"type":"setColor","color":1,"b":255,"g":255,"time":187.125},{"r":255,"angle":281.25,"type":"setColor","color":1,"b":255,"g":255,"time":191.25},{"r":255,"angle":281.25,"type":"setColor","color":1,"b":255,"g":255,"time":195.25},{"r":255,"angle":281.25,"type":"setColor","color":1,"b":255,"g":255,"time":199.25},{"r":255,"angle":292.5,"type":"setColor","color":1,"b":255,"g":255,"time":203.25},{"r":255,"angle":281.25,"type":"setColor","color":1,"b":255,"g":255,"time":207.125},{"r":255,"angle":292.5,"type":"setColor","color":1,"b":255,"g":255,"time":211.125},{"r":255,"angle":281.25,"type":"setColor","color":1,"b":255,"g":255,"time":215.125},{"r":255,"angle":281.25,"type":"setColor","color":1,"b":255,"g":255,"time":219.125},{"r":255,"angle":281.25,"type":"setColor","color":1,"b":255,"g":255,"time":223.25},{"value":-60,"ease":"inOutCubic","type":"ease","var":"vfx.comboY","angle":213.75,"time":157,"duration":2},{"value":-30,"ease":"inOutCubic","type":"ease","var":"vfx.accuracyY","angle":225,"time":157.25,"duration":2},{"value":390,"ease":"inOutCubic","type":"ease","var":"vfx.songNameY","angle":236.25,"time":157.5,"duration":2},{"value":390,"ease":"inOutCubic","type":"ease","var":"vfx.difficultyY","angle":247.5,"time":157.75,"duration":2},{"r":0,"angle":225,"type":"setColor","color":1,"b":0,"g":0,"time":159.375},{"type":"ease","value":120,"duration":64.25,"angle":281.25,"time":165,"var":"p.x"},{"value":1.25,"time":196.625,"angle":45,"var":"vfx.canvPos.sx","type":"ease"},{"value":1.25,"time":196.625,"angle":56.25,"var":"vfx.canvPos.sy","type":"ease"},{"value":240,"time":196.625,"angle":67.5,"var":"vfx.canvPos.ox","type":"ease"},{"r":0,"angle":78.75,"type":"setColor","color":1,"b":0,"g":0,"time":229},{"r":199,"angle":78.75,"type":"setColor","color":0,"b":199,"g":199,"time":237.125},{"r":199,"angle":90,"type":"setColor","color":1,"b":199,"g":199,"time":237.125},{"b":0,"duration":3.5,"r":0,"type":"setColor","color":0,"angle":78.75,"g":0,"time":237.375},{"b":0,"duration":3.5,"r":0,"type":"setColor","color":1,"angle":90,"g":0,"time":237.375},{"r":199,"angle":78.75,"type":"setColor","color":0,"b":199,"g":199,"time":241.25},{"r":199,"angle":90,"type":"setColor","color":1,"b":199,"g":199,"time":241.25},{"b":0,"duration":3.5,"r":0,"type":"setColor","color":0,"angle":78.75,"g":0,"time":241.5},{"b":0,"duration":3.5,"r":0,"type":"setColor","color":1,"angle":90,"g":0,"time":241.5},{"r":255,"angle":78.75,"type":"setColor","color":0,"b":255,"g":255,"time":245.25},{"r":255,"angle":90,"type":"setColor","color":1,"b":255,"g":255,"time":245.25},{"b":0,"duration":7,"r":0,"type":"setColor","color":0,"angle":78.75,"g":0,"time":245.5},{"type":"forcePlayerSprite","angle":67.5,"time":229.25,"spriteName":"none"},{"value":300,"time":229.25,"angle":56.25,"var":"p.x","type":"ease"},{"value":300,"time":229.25,"angle":45,"var":"vfx.canvPos.ox","type":"ease"},{"r":199,"angle":78.75,"type":"setColor","color":0,"b":199,"g":199,"time":253.125},{"r":56,"angle":90,"type":"setColor","color":1,"b":56,"g":56,"time":253.125},{"b":0,"duration":3.5,"r":0,"type":"setColor","color":0,"angle":78.75,"g":0,"time":253.375},{"b":255,"duration":3.5,"r":255,"type":"setColor","color":1,"angle":90,"g":255,"time":253.375},{"type":"paddles","ease":"linear","paddle":0,"duration":0,"angle":33.75,"time":229.25,"enabled":false},{"r":199,"angle":78.75,"type":"setColor","color":0,"b":199,"g":199,"time":257.125},{"r":56,"angle":90,"type":"setColor","color":1,"b":56,"g":56,"time":257.125},{"b":0,"duration":3.5,"r":0,"type":"setColor","color":0,"angle":78.75,"g":0,"time":257.375},{"b":255,"duration":3.5,"r":255,"type":"setColor","color":1,"angle":90,"g":255,"time":257.375},{"r":142,"g":142,"type":"setColor","color":1,"angle":67.5,"time":260,"b":142},{"r":51,"g":51,"type":"setColor","color":1,"angle":67.5,"time":260.5,"b":51},{"r":0,"g":0,"type":"setColor","color":1,"angle":67.5,"time":261,"b":0},{"angle":90,"time":279,"type":"showResults"},{"newWidth":70,"ease":"linear","type":"paddles","duration":64,"angle":292.5,"time":165,"paddle":1},{"type":"ease","value":8,"duration":1,"angle":270,"time":171.125,"var":"vfx.hglitch.strength"},{"type":"ease","value":8,"duration":1,"angle":281.25,"time":175.4375,"var":"vfx.hglitch.strength"},{"type":"ease","value":8,"duration":1,"angle":270,"time":179.5,"var":"vfx.hglitch.strength"},{"drawLayer":"fg","time":99.5,"sx":1,"sy":1,"type":"deco","ox":300,"oy":360,"sprite":"transition1.png","angle":315,"recolor":3,"y":-360,"id":"49"},{"ease":"inOutSine","type":"deco","y":720,"angle":315,"duration":1.1499999761581,"time":99.75,"id":"49"},{"r":0,"angle":213.75,"type":"setColor","color":3,"b":0,"g":0,"time":-8},{"type":"setColor","color":3,"angle":315,"time":101.75,"b":255},{"drawLayer":"fg","time":195.75,"recolor":1,"ox":600,"type":"deco","sprite":"transition2.png","angle":45,"x":1800,"oy":180,"id":"50"},{"ease":"inOutSine","x":-600,"type":"deco","angle":45,"time":195.875,"duration":1,"id":"50"},{"drawLayer":"bg","x":240,"time":68.625,"sx":0.20000000298023,"recolor":1,"y":-30,"ox":57.5,"type":"deco","sprite":"asteroid1.png","angle":67.5,"sy":0.20000000298023,"oy":46,"id":"51"},{"recolor":1,"drawLayer":"bg","y":-30,"time":68.625,"sx":0.15000000596046,"sy":0.15000000596046,"r":80,"ox":64,"x":350,"sprite":"asteroid2.png","angle":438.75,"type":"deco","oy":50,"id":"52"},{"recolor":1,"drawLayer":"bg","y":-30,"time":68.625,"sx":0.20000000298023,"sy":0.20000000298023,"r":40,"ox":80,"x":150,"sprite":"asteroid4.png","angle":461.25,"type":"deco","oy":59,"id":"54"},{"recolor":1,"drawLayer":"bg","y":-30,"time":68.625,"sx":0.20000000298023,"sy":0.20000000298023,"r":30,"ox":63,"x":270,"sprite":"asteroid3.png","angle":90,"type":"deco","oy":40,"id":"53"},{"recolor":1,"drawLayer":"bg","y":-30,"time":68.625,"sx":0.15000000596046,"sy":0.15000000596046,"r":40,"ox":57.5,"x":350,"sprite":"asteroid1.png","angle":112.5,"type":"deco","oy":46,"id":"55"},{"recolor":1,"drawLayer":"bg","y":-30,"time":68.625,"sx":0.20000000298023,"sy":0.20000000298023,"r":30,"ox":64,"x":450,"sprite":"asteroid2.png","angle":483.75,"type":"deco","oy":50,"id":"56"},{"recolor":1,"drawLayer":"bg","y":-30,"time":68.625,"sx":0.15000000596046,"sy":0.15000000596046,"r":120,"ox":80,"x":100,"sprite":"asteroid4.png","angle":506.25,"type":"deco","oy":59,"id":"58"},{"recolor":1,"drawLayer":"bg","y":-30,"time":68.625,"sx":0.15000000596046,"sy":0.15000000596046,"r":80,"ox":63,"x":330,"sprite":"asteroid3.png","angle":135,"type":"deco","oy":40,"id":"57"},{"b":255,"duration":10,"r":255,"type":"setColor","color":1,"angle":270,"g":255,"time":-5},{"drawLayer":"bg","type":"deco","time":100.875,"sx":0.20000000298023,"sy":0.20000000298023,"oy":46,"ox":57.5,"x":660,"sprite":"asteroid1.png","angle":180,"recolor":1,"y":70,"id":"59"},{"recolor":1,"drawLayer":"bg","y":110,"time":100.875,"sx":0.15000000596046,"sy":0.15000000596046,"r":80,"ox":64,"x":660,"sprite":"asteroid2.png","angle":551.25,"type":"deco","oy":50,"id":"60"},{"recolor":1,"drawLayer":"bg","y":250,"time":100.875,"sx":0.20000000298023,"sy":0.20000000298023,"r":40,"ox":80,"x":660,"sprite":"asteroid4.png","angle":573.75,"type":"deco","oy":59,"id":"62"},{"recolor":1,"drawLayer":"bg","y":130,"time":100.875,"sx":0.20000000298023,"sy":0.20000000298023,"r":30,"ox":63,"x":660,"sprite":"asteroid3.png","angle":202.5,"type":"deco","oy":40,"id":"61"},{"recolor":1,"drawLayer":"bg","y":180,"time":100.875,"sx":0.15000000596046,"sy":0.15000000596046,"r":40,"ox":57.5,"x":660,"sprite":"asteroid1.png","angle":225,"type":"deco","oy":46,"id":"63"},{"recolor":1,"drawLayer":"bg","y":300,"time":100.875,"sx":0.20000000298023,"sy":0.20000000298023,"r":30,"ox":64,"x":660,"sprite":"asteroid2.png","angle":596.25,"type":"deco","oy":50,"id":"64"},{"recolor":1,"drawLayer":"bg","y":150,"time":100.875,"sx":0.15000000596046,"sy":0.15000000596046,"r":120,"ox":80,"x":660,"sprite":"asteroid4.png","angle":618.75,"type":"deco","oy":59,"id":"66"},{"recolor":1,"drawLayer":"bg","y":210,"time":100.875,"sx":0.15000000596046,"sy":0.15000000596046,"r":80,"ox":63,"x":660,"sprite":"asteroid3.png","angle":247.5,"type":"deco","oy":40,"id":"65"},{"angleOffset":false,"type":"tag","angle":270,"time":68.875,"tag":"rocksleft"},{"angleOffset":false,"type":"tag","angle":270,"time":69.875,"tag":"rocksleft"},{"angleOffset":false,"type":"tag","angle":270,"time":70.875,"tag":"rocksleft"},{"angleOffset":false,"type":"tag","angle":270,"time":71.875,"tag":"rocksleft"},{"angleOffset":false,"type":"tag","angle":270,"time":73.875,"tag":"rocksleft"},{"angleOffset":false,"type":"tag","angle":270,"time":74.875,"tag":"rocksleft"},{"angleOffset":false,"type":"tag","angle":270,"time":75.875,"tag":"rocksleft"},{"angleOffset":false,"type":"tag","angle":270,"time":76.875,"tag":"rocksleft"},{"angleOffset":false,"type":"tag","angle":270,"time":77.875,"tag":"rocksleft"},{"angleOffset":false,"type":"tag","angle":270,"time":78.875,"tag":"rocksleft"},{"angleOffset":false,"type":"tag","angle":270,"time":79.875,"tag":"rocksleft"},{"angleOffset":false,"type":"tag","angle":270,"time":80.875,"tag":"rocksleft"},{"angleOffset":false,"type":"tag","angle":270,"time":81.875,"tag":"rocksleft"},{"angleOffset":false,"type":"tag","angle":270,"time":82.875,"tag":"rocksleft"},{"angleOffset":false,"type":"tag","angle":270,"time":83.875,"tag":"rocksleft"},{"angleOffset":false,"type":"tag","angle":270,"time":84.875,"tag":"rocksleft"},{"angleOffset":false,"type":"tag","angle":270,"time":85.875,"tag":"rocksleft"},{"angleOffset":false,"type":"tag","angle":270,"time":86.875,"tag":"rocksleft"},{"angleOffset":false,"type":"tag","angle":270,"time":87.875,"tag":"rocksleft"},{"angleOffset":false,"type":"tag","angle":270,"time":88.875,"tag":"rocksleft"},{"angleOffset":false,"type":"tag","angle":270,"time":89.875,"tag":"rocksleft"},{"angleOffset":false,"type":"tag","angle":270,"time":90.875,"tag":"rocksleft"},{"angleOffset":false,"type":"tag","angle":270,"time":91.875,"tag":"rocksleft"},{"angleOffset":false,"type":"tag","angle":270,"time":92.875,"tag":"rocksleft"},{"angleOffset":false,"type":"tag","angle":270,"time":93.875,"tag":"rocksleft"},{"angleOffset":false,"type":"tag","angle":270,"time":94.875,"tag":"rocksleft"},{"angleOffset":false,"type":"tag","angle":270,"time":95.875,"tag":"rocksleft"},{"angleOffset":false,"type":"tag","angle":270,"time":96.875,"tag":"rocksleft"},{"angleOffset":false,"type":"tag","angle":270,"time":97.875,"tag":"rocksleft"},{"angleOffset":false,"type":"tag","angle":270,"time":98.875,"tag":"rocksleft"},{"angleOffset":false,"type":"tag","angle":270,"time":72.875,"tag":"rocksleft"},{"angleOffset":false,"type":"tag","angle":191.25,"time":69,"tag":"sdeffect"},{"angleOffset":false,"type":"tag","angle":202.5,"time":75,"tag":"sdeffect"},{"angleOffset":false,"type":"tag","angle":202.5,"time":79,"tag":"sdeffect"},{"angleOffset":false,"type":"tag","angle":202.5,"time":83,"tag":"sdeffect"},{"angleOffset":false,"type":"tag","angle":202.5,"time":87,"tag":"sdeffect"},{"angleOffset":false,"type":"tag","angle":202.5,"time":91,"tag":"sdeffect"},{"angleOffset":false,"type":"tag","angle":202.5,"time":95,"tag":"sdeffect"},{"angleOffset":false,"type":"tag","angle":202.5,"time":73,"tag":"sdeffect"},{"angleOffset":false,"type":"tag","angle":90,"time":69.125,"tag":"rocksright"},{"angleOffset":false,"type":"tag","angle":90,"time":70.125,"tag":"rocksright"},{"angleOffset":false,"type":"tag","angle":90,"time":71.125,"tag":"rocksright"},{"angleOffset":false,"type":"tag","angle":90,"time":72.125,"tag":"rocksright"},{"angleOffset":false,"type":"tag","angle":90,"time":73.125,"tag":"rocksright"},{"angleOffset":false,"type":"tag","angle":90,"time":74.125,"tag":"rocksright"},{"angleOffset":false,"type":"tag","angle":90,"time":75.125,"tag":"rocksright"},{"angleOffset":false,"type":"tag","angle":90,"time":76.125,"tag":"rocksright"},{"angleOffset":false,"type":"tag","angle":90,"time":77.125,"tag":"rocksright"},{"angleOffset":false,"type":"tag","angle":90,"time":78.125,"tag":"rocksright"},{"angleOffset":false,"type":"tag","angle":90,"time":79.125,"tag":"rocksright"},{"angleOffset":false,"type":"tag","angle":90,"time":80.125,"tag":"rocksright"},{"angleOffset":false,"type":"tag","angle":90,"time":81.125,"tag":"rocksright"},{"angleOffset":false,"type":"tag","angle":90,"time":82.125,"tag":"rocksright"},{"angleOffset":false,"type":"tag","angle":90,"time":83.125,"tag":"rocksright"},{"angleOffset":false,"type":"tag","angle":90,"time":84.125,"tag":"rocksright"},{"angleOffset":false,"type":"tag","angle":90,"time":85.125,"tag":"rocksright"},{"angleOffset":false,"type":"tag","angle":90,"time":86.125,"tag":"rocksright"},{"angleOffset":false,"type":"tag","angle":90,"time":87.125,"tag":"rocksright"},{"angleOffset":false,"type":"tag","angle":90,"time":88.125,"tag":"rocksright"},{"angleOffset":false,"type":"tag","angle":90,"time":89.125,"tag":"rocksright"},{"angleOffset":false,"type":"tag","angle":90,"time":90.125,"tag":"rocksright"},{"angleOffset":false,"type":"tag","angle":90,"time":91.125,"tag":"rocksright"},{"angleOffset":false,"type":"tag","angle":90,"time":92.125,"tag":"rocksright"},{"angleOffset":false,"type":"tag","angle":90,"time":93.125,"tag":"rocksright"},{"angleOffset":false,"type":"tag","angle":90,"time":94.125,"tag":"rocksright"},{"angleOffset":false,"type":"tag","angle":90,"time":95.125,"tag":"rocksright"},{"angleOffset":false,"type":"tag","angle":90,"time":96.125,"tag":"rocksright"},{"angleOffset":false,"type":"tag","angle":90,"time":97.125,"tag":"rocksright"},{"angleOffset":false,"type":"tag","angle":90,"time":98.125,"tag":"rocksright"},{"angleOffset":false,"type":"tag","angle":90,"time":99.125,"tag":"rocksright"},{"angleOffset":false,"type":"tag","angle":157.5,"time":69,"tag":"rocksbg"},{"angleOffset":false,"type":"tag","angle":157.5,"time":71.375,"tag":"rocksbg"},{"angleOffset":false,"type":"tag","angle":157.5,"time":73.75,"tag":"rocksbg"},{"angleOffset":false,"type":"tag","angle":157.5,"time":76,"tag":"rocksbg"},{"angleOffset":false,"type":"tag","angle":157.5,"time":78.375,"tag":"rocksbg"},{"angleOffset":false,"type":"tag","angle":157.5,"time":80.75,"tag":"rocksbg"},{"angleOffset":false,"type":"tag","angle":157.5,"time":83,"tag":"rocksbg"},{"angleOffset":false,"type":"tag","angle":157.5,"time":85.375,"tag":"rocksbg"},{"angleOffset":false,"type":"tag","angle":157.5,"time":87.625,"tag":"rocksbg"},{"angleOffset":false,"type":"tag","angle":157.5,"time":90,"tag":"rocksbg"},{"angleOffset":false,"type":"tag","angle":157.5,"time":92.375,"tag":"rocksbg"},{"angleOffset":false,"type":"tag","angle":157.5,"time":94.625,"tag":"rocksbg"},{"angleOffset":false,"type":"tag","angle":157.5,"time":96.75,"tag":"rocksbg"},{"angleOffset":false,"type":"tag","angle":270,"time":101,"tag":"sdeffect1"},{"angleOffset":false,"type":"tag","angle":270,"time":103,"tag":"sdeffect1"},{"angleOffset":false,"type":"tag","angle":270,"time":105,"tag":"sdeffect1"},{"angleOffset":false,"type":"tag","angle":270,"time":107,"tag":"sdeffect1"},{"angleOffset":false,"type":"tag","angle":270,"time":109,"tag":"sdeffect1"},{"angleOffset":false,"type":"tag","angle":270,"time":111,"tag":"sdeffect1"},{"angleOffset":false,"type":"tag","angle":270,"time":113,"tag":"sdeffect1"},{"angleOffset":false,"type":"tag","angle":270,"time":115,"tag":"sdeffect1"},{"angleOffset":false,"type":"tag","angle":270,"time":117,"tag":"sdeffect1"},{"angleOffset":false,"type":"tag","angle":270,"time":119,"tag":"sdeffect1"},{"angleOffset":false,"type":"tag","angle":270,"time":121,"tag":"sdeffect1"},{"angleOffset":false,"type":"tag","angle":270,"time":123,"tag":"sdeffect1"},{"angleOffset":false,"type":"tag","angle":270,"time":125,"tag":"sdeffect1"},{"angleOffset":false,"type":"tag","angle":270,"time":127,"tag":"sdeffect1"},{"angleOffset":false,"type":"tag","angle":270,"time":129,"tag":"sdeffect1"},{"angleOffset":false,"type":"tag","angle":168.75,"time":101,"tag":"rocksup"},{"angleOffset":false,"type":"tag","angle":168.75,"time":102,"tag":"rocksup"},{"angleOffset":false,"type":"tag","angle":168.75,"time":103,"tag":"rocksup"},{"angleOffset":false,"type":"tag","angle":168.75,"time":104,"tag":"rocksup"},{"angleOffset":false,"type":"tag","angle":168.75,"time":105,"tag":"rocksup"},{"angleOffset":false,"type":"tag","angle":168.75,"time":106,"tag":"rocksup"},{"angleOffset":false,"type":"tag","angle":168.75,"time":107,"tag":"rocksup"},{"angleOffset":false,"type":"tag","angle":168.75,"time":108,"tag":"rocksup"},{"angleOffset":false,"type":"tag","angle":168.75,"time":109,"tag":"rocksup"},{"angleOffset":false,"type":"tag","angle":168.75,"time":110,"tag":"rocksup"},{"angleOffset":false,"type":"tag","angle":168.75,"time":111,"tag":"rocksup"},{"angleOffset":false,"type":"tag","angle":168.75,"time":112,"tag":"rocksup"},{"angleOffset":false,"type":"tag","angle":168.75,"time":113,"tag":"rocksup"},{"angleOffset":false,"type":"tag","angle":168.75,"time":114,"tag":"rocksup"},{"angleOffset":false,"type":"tag","angle":168.75,"time":115,"tag":"rocksup"},{"angleOffset":false,"type":"tag","angle":168.75,"time":116,"tag":"rocksup"},{"angleOffset":false,"type":"tag","angle":168.75,"time":117,"tag":"rocksup"},{"angleOffset":false,"type":"tag","angle":168.75,"time":118,"tag":"rocksup"},{"angleOffset":false,"type":"tag","angle":168.75,"time":119,"tag":"rocksup"},{"angleOffset":false,"type":"tag","angle":168.75,"time":120,"tag":"rocksup"},{"angleOffset":false,"type":"tag","angle":168.75,"time":121,"tag":"rocksup"},{"angleOffset":false,"type":"tag","angle":168.75,"time":122,"tag":"rocksup"},{"angleOffset":false,"type":"tag","angle":168.75,"time":123,"tag":"rocksup"},{"angleOffset":false,"type":"tag","angle":168.75,"time":124,"tag":"rocksup"},{"angleOffset":false,"type":"tag","angle":168.75,"time":125,"tag":"rocksup"},{"angleOffset":false,"type":"tag","angle":168.75,"time":126,"tag":"rocksup"},{"angleOffset":false,"type":"tag","angle":168.75,"time":127,"tag":"rocksup"},{"angleOffset":false,"type":"tag","angle":22.5,"time":101,"tag":"rocksdown"},{"angleOffset":false,"type":"tag","angle":22.5,"time":102,"tag":"rocksdown"},{"angleOffset":false,"type":"tag","angle":22.5,"time":103,"tag":"rocksdown"},{"angleOffset":false,"type":"tag","angle":22.5,"time":104,"tag":"rocksdown"},{"angleOffset":false,"type":"tag","angle":22.5,"time":105,"tag":"rocksdown"},{"angleOffset":false,"type":"tag","angle":22.5,"time":106,"tag":"rocksdown"},{"angleOffset":false,"type":"tag","angle":22.5,"time":107,"tag":"rocksdown"},{"angleOffset":false,"type":"tag","angle":22.5,"time":108,"tag":"rocksdown"},{"angleOffset":false,"type":"tag","angle":22.5,"time":109,"tag":"rocksdown"},{"angleOffset":false,"type":"tag","angle":22.5,"time":110,"tag":"rocksdown"},{"angleOffset":false,"type":"tag","angle":22.5,"time":111,"tag":"rocksdown"},{"angleOffset":false,"type":"tag","angle":22.5,"time":112,"tag":"rocksdown"},{"angleOffset":false,"type":"tag","angle":22.5,"time":113,"tag":"rocksdown"},{"angleOffset":false,"type":"tag","angle":22.5,"time":114,"tag":"rocksdown"},{"angleOffset":false,"type":"tag","angle":22.5,"time":115,"tag":"rocksdown"},{"angleOffset":false,"type":"tag","angle":22.5,"time":116,"tag":"rocksdown"},{"angleOffset":false,"type":"tag","angle":22.5,"time":117,"tag":"rocksdown"},{"angleOffset":false,"type":"tag","angle":22.5,"time":118,"tag":"rocksdown"},{"angleOffset":false,"type":"tag","angle":22.5,"time":119,"tag":"rocksdown"},{"angleOffset":false,"type":"tag","angle":33.75,"time":120,"tag":"rocksdown"},{"angleOffset":false,"type":"tag","angle":33.75,"time":121,"tag":"rocksdown"},{"angleOffset":false,"type":"tag","angle":33.75,"time":122,"tag":"rocksdown"},{"angleOffset":false,"type":"tag","angle":33.75,"time":123,"tag":"rocksdown"},{"angleOffset":false,"type":"tag","angle":33.75,"time":124,"tag":"rocksdown"},{"angleOffset":false,"type":"tag","angle":33.75,"time":125,"tag":"rocksdown"},{"angleOffset":false,"type":"tag","angle":33.75,"time":126,"tag":"rocksdown"},{"angleOffset":false,"type":"tag","angle":33.75,"time":127,"tag":"rocksdown"},{"angleOffset":false,"type":"tag","angle":213.75,"time":101,"tag":"rocksbg1"},{"angleOffset":false,"type":"tag","angle":213.75,"time":103.375,"tag":"rocksbg1"},{"angleOffset":false,"type":"tag","angle":213.75,"time":105.625,"tag":"rocksbg1"},{"angleOffset":false,"type":"tag","angle":213.75,"time":108,"tag":"rocksbg1"},{"angleOffset":false,"type":"tag","angle":213.75,"time":110.375,"tag":"rocksbg1"},{"angleOffset":false,"type":"tag","angle":213.75,"time":112.625,"tag":"rocksbg1"},{"angleOffset":false,"type":"tag","angle":213.75,"time":115,"tag":"rocksbg1"},{"angleOffset":false,"type":"tag","angle":213.75,"time":117.375,"tag":"rocksbg1"},{"angleOffset":false,"type":"tag","angle":213.75,"time":119.625,"tag":"rocksbg1"},{"angleOffset":false,"type":"tag","angle":213.75,"time":122,"tag":"rocksbg1"},{"angleOffset":false,"type":"tag","angle":213.75,"time":124.375,"tag":"rocksbg1"},{"angleOffset":false,"type":"tag","angle":213.75,"time":126.625,"tag":"rocksbg1"},{"angleOffset":false,"type":"tag","angle":213.75,"time":129,"tag":"rocksbg1"},{"b":190,"duration":0,"r":145,"type":"setColor","color":0,"angle":236.25,"g":0,"time":70.125},{"b":145,"duration":0.22499999403954,"r":107,"type":"setColor","color":0,"angle":236.25,"g":0,"time":70.375},{"b":190,"duration":0,"r":145,"type":"setColor","color":0,"angle":236.25,"g":0,"time":72},{"b":145,"duration":0.22499999403954,"r":107,"type":"setColor","color":0,"angle":236.25,"g":0,"time":72.25},{"b":190,"duration":0,"r":145,"type":"setColor","color":0,"angle":236.25,"g":0,"time":73.5},{"b":145,"duration":0.22499999403954,"r":107,"type":"setColor","color":0,"angle":236.25,"g":0,"time":73.75},{"b":190,"duration":0,"r":145,"type":"setColor","color":0,"angle":236.25,"g":0,"time":74.125},{"b":145,"duration":0.22499999403954,"r":107,"type":"setColor","color":0,"angle":236.25,"g":0,"time":74.375},{"b":190,"duration":0,"r":145,"type":"setColor","color":0,"angle":236.25,"g":0,"time":75.625},{"b":145,"duration":0.22499999403954,"r":107,"type":"setColor","color":0,"angle":236.25,"g":0,"time":75.875},{"b":190,"duration":0,"r":145,"type":"setColor","color":0,"angle":236.25,"g":0,"time":76.625},{"b":145,"duration":0.22499999403954,"r":107,"type":"setColor","color":0,"angle":236.25,"g":0,"time":76.875},{"b":190,"duration":0,"r":145,"type":"setColor","color":0,"angle":236.25,"g":0,"time":77.25},{"b":145,"duration":0.22499999403954,"r":107,"type":"setColor","color":0,"angle":236.25,"g":0,"time":77.5},{"b":190,"duration":0,"r":145,"type":"setColor","color":0,"angle":236.25,"g":0,"time":78.5},{"b":145,"duration":0.22499999403954,"r":107,"type":"setColor","color":0,"angle":236.25,"g":0,"time":78.75},{"b":190,"duration":0,"r":145,"type":"setColor","color":0,"angle":236.25,"g":0,"time":80},{"b":145,"duration":0.22499999403954,"r":107,"type":"setColor","color":0,"angle":236.25,"g":0,"time":80.25},{"b":190,"duration":0,"r":145,"type":"setColor","color":0,"angle":236.25,"g":0,"time":82},{"b":145,"duration":0.22499999403954,"r":107,"type":"setColor","color":0,"angle":236.25,"g":0,"time":82.25},{"b":190,"duration":0,"r":145,"type":"setColor","color":0,"angle":236.25,"g":0,"time":82.625},{"b":145,"duration":0.22499999403954,"r":107,"type":"setColor","color":0,"angle":236.25,"g":0,"time":82.875},{"b":190,"duration":0,"r":145,"type":"setColor","color":0,"angle":236.25,"g":0,"time":83.625},{"b":145,"duration":0.22499999403954,"r":107,"type":"setColor","color":0,"angle":236.25,"g":0,"time":83.875},{"b":190,"duration":0,"r":145,"type":"setColor","color":0,"angle":236.25,"g":0,"time":85.125},{"b":145,"duration":0.22499999403954,"r":107,"type":"setColor","color":0,"angle":236.25,"g":0,"time":85.375},{"b":190,"duration":0,"r":145,"type":"setColor","color":0,"angle":236.25,"g":0,"time":86.625},{"b":145,"duration":0.22499999403954,"r":107,"type":"setColor","color":0,"angle":236.25,"g":0,"time":86.875},{"b":190,"duration":0,"r":145,"type":"setColor","color":0,"angle":236.25,"g":0,"time":88},{"b":145,"duration":0.22499999403954,"r":107,"type":"setColor","color":0,"angle":236.25,"g":0,"time":88.25},{"b":190,"duration":0,"r":145,"type":"setColor","color":0,"angle":236.25,"g":0,"time":89.5},{"b":145,"duration":0.22499999403954,"r":107,"type":"setColor","color":0,"angle":236.25,"g":0,"time":89.75},{"b":190,"duration":0,"r":145,"type":"setColor","color":0,"angle":236.25,"g":0,"time":90.125},{"b":145,"duration":0.22499999403954,"r":107,"type":"setColor","color":0,"angle":236.25,"g":0,"time":90.375},{"b":190,"duration":0,"r":145,"type":"setColor","color":0,"angle":236.25,"g":0,"time":91.625},{"b":145,"duration":0.22499999403954,"r":107,"type":"setColor","color":0,"angle":236.25,"g":0,"time":91.875},{"b":190,"duration":0,"r":145,"type":"setColor","color":0,"angle":236.25,"g":0,"time":92.5},{"b":145,"duration":0.22499999403954,"r":107,"type":"setColor","color":0,"angle":236.25,"g":0,"time":92.75},{"b":190,"duration":0,"r":145,"type":"setColor","color":0,"angle":236.25,"g":0,"time":93.125},{"b":145,"duration":0.22499999403954,"r":107,"type":"setColor","color":0,"angle":236.25,"g":0,"time":93.375},{"b":190,"duration":0,"r":145,"type":"setColor","color":0,"angle":236.25,"g":0,"time":94.625},{"b":145,"duration":0.22499999403954,"r":107,"type":"setColor","color":0,"angle":236.25,"g":0,"time":94.875},{"b":190,"duration":0,"r":145,"type":"setColor","color":0,"angle":236.25,"g":0,"time":96.125},{"b":145,"duration":0.22499999403954,"r":107,"type":"setColor","color":0,"angle":236.25,"g":0,"time":96.375},{"b":190,"duration":0,"r":145,"type":"setColor","color":0,"angle":236.25,"g":0,"time":98.25},{"b":145,"duration":0.22499999403954,"r":107,"type":"setColor","color":0,"angle":236.25,"g":0,"time":98.5},{"b":190,"duration":0,"r":145,"type":"setColor","color":0,"angle":236.25,"g":0,"time":98.875},{"b":145,"duration":0.22499999403954,"r":107,"type":"setColor","color":0,"angle":236.25,"g":0,"time":99.125},{"b":190,"duration":0,"r":145,"type":"setColor","color":0,"angle":315,"g":0,"time":101.125},{"b":145,"duration":0.22499999403954,"r":107,"type":"setColor","color":0,"angle":315,"g":0,"time":101.375},{"b":190,"duration":0,"r":145,"type":"setColor","color":0,"angle":315,"g":0,"time":102.5},{"b":145,"duration":0.22499999403954,"r":107,"type":"setColor","color":0,"angle":315,"g":0,"time":102.75},{"b":190,"duration":0,"r":145,"type":"setColor","color":0,"angle":315,"g":0,"time":104.25},{"b":145,"duration":0.22499999403954,"r":107,"type":"setColor","color":0,"angle":315,"g":0,"time":104.5},{"b":190,"duration":0,"r":145,"type":"setColor","color":0,"angle":315,"g":0,"time":105.625},{"b":145,"duration":0.22499999403954,"r":107,"type":"setColor","color":0,"angle":315,"g":0,"time":105.875},{"b":190,"duration":0,"r":145,"type":"setColor","color":0,"angle":315,"g":0,"time":106.25},{"b":145,"duration":0.22499999403954,"r":107,"type":"setColor","color":0,"angle":315,"g":0,"time":106.5},{"b":190,"duration":0,"r":145,"type":"setColor","color":0,"angle":315,"g":0,"time":107.75},{"b":145,"duration":0.22499999403954,"r":107,"type":"setColor","color":0,"angle":315,"g":0,"time":108},{"b":190,"duration":0,"r":145,"type":"setColor","color":0,"angle":315,"g":0,"time":108.75},{"b":145,"duration":0.22499999403954,"r":107,"type":"setColor","color":0,"angle":315,"g":0,"time":109},{"b":190,"duration":0,"r":145,"type":"setColor","color":0,"angle":315,"g":0,"time":109.375},{"b":145,"duration":0.22499999403954,"r":107,"type":"setColor","color":0,"angle":315,"g":0,"time":109.625},{"b":190,"duration":0,"r":145,"type":"setColor","color":0,"angle":315,"g":0,"time":110.625},{"b":145,"duration":0.22499999403954,"r":107,"type":"setColor","color":0,"angle":315,"g":0,"time":110.875},{"b":190,"duration":0,"r":145,"type":"setColor","color":0,"angle":315,"g":0,"time":112.125},{"b":145,"duration":0.22499999403954,"r":107,"type":"setColor","color":0,"angle":315,"g":0,"time":112.375},{"b":190,"duration":0,"r":145,"type":"setColor","color":0,"angle":315,"g":0,"time":114.125},{"b":145,"duration":0.22499999403954,"r":107,"type":"setColor","color":0,"angle":315,"g":0,"time":114.375},{"b":190,"duration":0,"r":145,"type":"setColor","color":0,"angle":315,"g":0,"time":114.75},{"b":145,"duration":0.22499999403954,"r":107,"type":"setColor","color":0,"angle":315,"g":0,"time":115},{"b":190,"duration":0,"r":145,"type":"setColor","color":0,"angle":315,"g":0,"time":115.75},{"b":145,"duration":0.22499999403954,"r":107,"type":"setColor","color":0,"angle":315,"g":0,"time":116},{"b":190,"duration":0,"r":145,"type":"setColor","color":0,"angle":315,"g":0,"time":117.25},{"b":145,"duration":0.22499999403954,"r":107,"type":"setColor","color":0,"angle":315,"g":0,"time":117.5},{"b":190,"duration":0,"r":145,"type":"setColor","color":0,"angle":315,"g":0,"time":118.75},{"b":145,"duration":0.22499999403954,"r":107,"type":"setColor","color":0,"angle":315,"g":0,"time":119},{"b":190,"duration":0,"r":145,"type":"setColor","color":0,"angle":315,"g":0,"time":120.125},{"b":145,"duration":0.22499999403954,"r":107,"type":"setColor","color":0,"angle":315,"g":0,"time":120.375},{"b":190,"duration":0,"r":145,"type":"setColor","color":0,"angle":315,"g":0,"time":121.625},{"b":145,"duration":0.22499999403954,"r":107,"type":"setColor","color":0,"angle":315,"g":0,"time":121.875},{"b":190,"duration":0,"r":145,"type":"setColor","color":0,"angle":315,"g":0,"time":122.25},{"b":145,"duration":0.22499999403954,"r":107,"type":"setColor","color":0,"angle":315,"g":0,"time":122.5},{"b":190,"duration":0,"r":145,"type":"setColor","color":0,"angle":315,"g":0,"time":123.75},{"b":145,"duration":0.22499999403954,"r":107,"type":"setColor","color":0,"angle":315,"g":0,"time":124},{"b":190,"duration":0,"r":145,"type":"setColor","color":0,"angle":315,"g":0,"time":124.625},{"b":145,"duration":0.22499999403954,"r":107,"type":"setColor","color":0,"angle":315,"g":0,"time":124.875},{"b":190,"duration":0,"r":145,"type":"setColor","color":0,"angle":315,"g":0,"time":125.25},{"b":145,"duration":0.22499999403954,"r":107,"type":"setColor","color":0,"angle":315,"g":0,"time":125.5},{"b":190,"duration":0,"r":145,"type":"setColor","color":0,"angle":315,"g":0,"time":126.75},{"b":145,"duration":0.22499999403954,"r":107,"type":"setColor","color":0,"angle":315,"g":0,"time":127},{"b":190,"duration":0,"r":145,"type":"setColor","color":0,"angle":315,"g":0,"time":128.25},{"b":145,"duration":0.22499999403954,"r":107,"type":"setColor","color":0,"angle":315,"g":0,"time":128.5},{"b":190,"duration":0,"r":145,"type":"setColor","color":0,"angle":315,"g":0,"time":130.375},{"b":145,"duration":0.22499999403954,"r":107,"type":"setColor","color":0,"angle":315,"g":0,"time":130.625},{"b":190,"duration":0,"r":145,"type":"setColor","color":0,"angle":315,"g":0,"time":131},{"b":145,"duration":0.22499999403954,"r":107,"type":"setColor","color":0,"angle":315,"g":0,"time":131.25},{"b":255,"duration":0,"r":215,"type":"setColor","color":1,"angle":315,"g":88,"time":165},{"b":201,"duration":0.22499999403954,"r":152,"type":"setColor","color":1,"angle":315,"g":0,"time":165.25},{"b":255,"duration":0,"r":215,"type":"setColor","color":1,"angle":315,"g":88,"time":165.625},{"b":201,"duration":0.22499999403954,"r":152,"type":"setColor","color":1,"angle":315,"g":0,"time":165.875},{"b":255,"duration":0,"r":215,"type":"setColor","color":1,"angle":315,"g":88,"time":166.75},{"b":201,"duration":0.22499999403954,"r":152,"type":"setColor","color":1,"angle":315,"g":0,"time":167},{"b":255,"duration":0,"r":215,"type":"setColor","color":1,"angle":315,"g":88,"time":168.25},{"b":201,"duration":0.22499999403954,"r":152,"type":"setColor","color":1,"angle":315,"g":0,"time":168.5},{"b":255,"duration":0,"r":215,"type":"setColor","color":1,"angle":315,"g":88,"time":170.125},{"b":201,"duration":0.22499999403954,"r":152,"type":"setColor","color":1,"angle":315,"g":0,"time":170.375},{"b":255,"duration":0,"r":215,"type":"setColor","color":1,"angle":315,"g":88,"time":171.625},{"b":201,"duration":0.22499999403954,"r":152,"type":"setColor","color":1,"angle":315,"g":0,"time":171.875},{"b":255,"duration":0,"r":215,"type":"setColor","color":1,"angle":315,"g":88,"time":172.125},{"b":201,"duration":0.22499999403954,"r":152,"type":"setColor","color":1,"angle":315,"g":0,"time":172.375},{"b":255,"duration":0,"r":215,"type":"setColor","color":1,"angle":315,"g":88,"time":173.25},{"b":201,"duration":0.22499999403954,"r":152,"type":"setColor","color":1,"angle":315,"g":0,"time":173.5},{"b":255,"duration":0,"r":215,"type":"setColor","color":1,"angle":315,"g":88,"time":174.875},{"b":201,"duration":0.22499999403954,"r":152,"type":"setColor","color":1,"angle":315,"g":0,"time":175.125},{"b":255,"duration":0,"r":215,"type":"setColor","color":1,"angle":315,"g":88,"time":176.25},{"b":201,"duration":0.22499999403954,"r":152,"type":"setColor","color":1,"angle":315,"g":0,"time":176.5},{"b":255,"duration":0,"r":215,"type":"setColor","color":1,"angle":315,"g":88,"time":178.125},{"b":201,"duration":0.22499999403954,"r":152,"type":"setColor","color":1,"angle":315,"g":0,"time":178.375},{"b":255,"duration":0,"r":215,"type":"setColor","color":1,"angle":315,"g":88,"time":178.625},{"b":201,"duration":0.22499999403954,"r":152,"type":"setColor","color":1,"angle":315,"g":0,"time":178.875},{"b":255,"duration":0,"r":215,"type":"setColor","color":1,"angle":315,"g":88,"time":179.75},{"b":201,"duration":0.22499999403954,"r":152,"type":"setColor","color":1,"angle":315,"g":0,"time":180},{"b":255,"duration":0,"r":215,"type":"setColor","color":1,"angle":315,"g":88,"time":181.125},{"b":201,"duration":0.22499999403954,"r":152,"type":"setColor","color":1,"angle":315,"g":0,"time":181.375},{"b":255,"duration":0,"r":215,"type":"setColor","color":1,"angle":315,"g":88,"time":181.75},{"b":201,"duration":0.22499999403954,"r":152,"type":"setColor","color":1,"angle":315,"g":0,"time":182},{"b":255,"duration":0,"r":215,"type":"setColor","color":1,"angle":315,"g":88,"time":182.875},{"b":201,"duration":0.22499999403954,"r":152,"type":"setColor","color":1,"angle":315,"g":0,"time":183.125},{"b":255,"duration":0,"r":215,"type":"setColor","color":1,"angle":315,"g":88,"time":184.25},{"b":201,"duration":0.22499999403954,"r":152,"type":"setColor","color":1,"angle":315,"g":0,"time":184.5},{"b":255,"duration":0,"r":215,"type":"setColor","color":1,"angle":315,"g":88,"time":186.125},{"b":201,"duration":0.22499999403954,"r":152,"type":"setColor","color":1,"angle":315,"g":0,"time":186.375},{"b":255,"duration":0,"r":215,"type":"setColor","color":1,"angle":315,"g":88,"time":187.625},{"b":201,"duration":0.22499999403954,"r":152,"type":"setColor","color":1,"angle":315,"g":0,"time":187.875},{"b":255,"duration":0,"r":215,"type":"setColor","color":1,"angle":315,"g":88,"time":188.125},{"b":201,"duration":0.22499999403954,"r":152,"type":"setColor","color":1,"angle":315,"g":0,"time":188.375},{"b":255,"duration":0,"r":215,"type":"setColor","color":1,"angle":315,"g":88,"time":189.375},{"b":201,"duration":0.22499999403954,"r":152,"type":"setColor","color":1,"angle":315,"g":0,"time":189.625},{"b":255,"duration":0,"r":215,"type":"setColor","color":1,"angle":315,"g":88,"time":190.75},{"b":201,"duration":0.22499999403954,"r":152,"type":"setColor","color":1,"angle":315,"g":0,"time":191},{"b":255,"duration":0,"r":215,"type":"setColor","color":1,"angle":315,"g":88,"time":192.125},{"b":201,"duration":0.22499999403954,"r":152,"type":"setColor","color":1,"angle":315,"g":0,"time":192.375},{"b":255,"duration":0,"r":215,"type":"setColor","color":1,"angle":315,"g":88,"time":194.125},{"b":201,"duration":0.22499999403954,"r":152,"type":"setColor","color":1,"angle":315,"g":0,"time":194.375},{"b":255,"duration":0,"r":215,"type":"setColor","color":1,"angle":315,"g":88,"time":194.625},{"b":201,"duration":0.22499999403954,"r":152,"type":"setColor","color":1,"angle":315,"g":0,"time":194.875},{"b":255,"duration":0,"r":215,"type":"setColor","color":1,"angle":315,"g":88,"time":195.75},{"b":201,"duration":0.22499999403954,"r":152,"type":"setColor","color":1,"angle":315,"g":0,"time":196},{"b":255,"duration":0,"r":215,"type":"setColor","color":1,"angle":315,"g":88,"time":197.125},{"b":201,"duration":0.22499999403954,"r":152,"type":"setColor","color":1,"angle":315,"g":0,"time":197.375},{"b":255,"duration":0,"r":215,"type":"setColor","color":1,"angle":315,"g":88,"time":197.75},{"b":201,"duration":0.22499999403954,"r":152,"type":"setColor","color":1,"angle":315,"g":0,"time":198},{"b":255,"duration":0,"r":215,"type":"setColor","color":1,"angle":315,"g":88,"time":198.75},{"b":201,"duration":0.22499999403954,"r":152,"type":"setColor","color":1,"angle":315,"g":0,"time":199},{"b":255,"duration":0,"r":215,"type":"setColor","color":1,"angle":315,"g":88,"time":200.25},{"b":201,"duration":0.22499999403954,"r":152,"type":"setColor","color":1,"angle":315,"g":0,"time":200.5},{"b":255,"duration":0,"r":215,"type":"setColor","color":1,"angle":315,"g":88,"time":202.25},{"b":201,"duration":0.22499999403954,"r":152,"type":"setColor","color":1,"angle":315,"g":0,"time":202.5},{"b":255,"duration":0,"r":215,"type":"setColor","color":1,"angle":315,"g":88,"time":204.125},{"b":201,"duration":0.22499999403954,"r":152,"type":"setColor","color":1,"angle":315,"g":0,"time":204.375},{"b":255,"duration":0,"r":215,"type":"setColor","color":1,"angle":315,"g":88,"time":205.25},{"b":201,"duration":0.22499999403954,"r":152,"type":"setColor","color":1,"angle":315,"g":0,"time":205.5},{"b":255,"duration":0,"r":215,"type":"setColor","color":1,"angle":315,"g":88,"time":206.75},{"b":201,"duration":0.22499999403954,"r":152,"type":"setColor","color":1,"angle":315,"g":0,"time":207},{"b":255,"duration":0,"r":215,"type":"setColor","color":1,"angle":315,"g":88,"time":208.25},{"b":201,"duration":0.22499999403954,"r":152,"type":"setColor","color":1,"angle":315,"g":0,"time":208.5},{"b":255,"duration":0,"r":215,"type":"setColor","color":1,"angle":315,"g":88,"time":210.125},{"b":201,"duration":0.22499999403954,"r":152,"type":"setColor","color":1,"angle":315,"g":0,"time":210.375},{"b":255,"duration":0,"r":215,"type":"setColor","color":1,"angle":315,"g":88,"time":210.75},{"b":201,"duration":0.22499999403954,"r":152,"type":"setColor","color":1,"angle":315,"g":0,"time":211},{"b":255,"duration":0,"r":215,"type":"setColor","color":1,"angle":315,"g":88,"time":211.625},{"b":201,"duration":0.22499999403954,"r":152,"type":"setColor","color":1,"angle":315,"g":0,"time":211.875},{"b":255,"duration":0,"r":215,"type":"setColor","color":1,"angle":315,"g":88,"time":213.125},{"b":201,"duration":0.22499999403954,"r":152,"type":"setColor","color":1,"angle":315,"g":0,"time":213.375},{"b":255,"duration":0,"r":215,"type":"setColor","color":1,"angle":315,"g":88,"time":213.75},{"b":201,"duration":0.22499999403954,"r":152,"type":"setColor","color":1,"angle":315,"g":0,"time":214},{"b":255,"duration":0,"r":215,"type":"setColor","color":1,"angle":315,"g":88,"time":214.75},{"b":201,"duration":0.22499999403954,"r":152,"type":"setColor","color":1,"angle":315,"g":0,"time":215},{"b":255,"duration":0,"r":215,"type":"setColor","color":1,"angle":315,"g":88,"time":216.25},{"b":201,"duration":0.22499999403954,"r":152,"type":"setColor","color":1,"angle":315,"g":0,"time":216.5},{"b":255,"duration":0,"r":215,"type":"setColor","color":1,"angle":315,"g":88,"time":218.25},{"b":201,"duration":0.22499999403954,"r":152,"type":"setColor","color":1,"angle":315,"g":0,"time":218.5},{"b":255,"duration":0,"r":215,"type":"setColor","color":1,"angle":315,"g":88,"time":219.75},{"b":201,"duration":0.22499999403954,"r":152,"type":"setColor","color":1,"angle":315,"g":0,"time":220},{"b":255,"duration":0,"r":215,"type":"setColor","color":1,"angle":315,"g":88,"time":220.125},{"b":201,"duration":0.22499999403954,"r":152,"type":"setColor","color":1,"angle":315,"g":0,"time":220.375},{"b":255,"duration":0,"r":215,"type":"setColor","color":1,"angle":315,"g":88,"time":221.25},{"b":201,"duration":0.22499999403954,"r":152,"type":"setColor","color":1,"angle":315,"g":0,"time":221.5},{"b":255,"duration":0,"r":215,"type":"setColor","color":1,"angle":315,"g":88,"time":222.75},{"b":201,"duration":0.22499999403954,"r":152,"type":"setColor","color":1,"angle":315,"g":0,"time":223},{"b":255,"duration":0,"r":215,"type":"setColor","color":1,"angle":315,"g":88,"time":224.25},{"b":201,"duration":0.22499999403954,"r":152,"type":"setColor","color":1,"angle":315,"g":0,"time":224.5},{"b":255,"duration":0,"r":215,"type":"setColor","color":1,"angle":315,"g":88,"time":226.125},{"b":201,"duration":0.22499999403954,"r":152,"type":"setColor","color":1,"angle":315,"g":0,"time":226.375},{"b":255,"duration":0,"r":215,"type":"setColor","color":1,"angle":315,"g":88,"time":226.625},{"b":201,"duration":0.22499999403954,"r":152,"type":"setColor","color":1,"angle":315,"g":0,"time":226.875},{"b":201,"duration":1,"r":152,"type":"setColor","color":1,"angle":281.25,"g":0,"time":167.375},{"b":201,"duration":1,"r":152,"type":"setColor","color":1,"angle":281.25,"g":0,"time":171.125},{"b":201,"duration":1,"r":152,"type":"setColor","color":1,"angle":292.5,"g":0,"time":175.4375},{"b":201,"duration":1,"r":152,"type":"setColor","color":1,"angle":281.25,"g":0,"time":179.5},{"b":201,"duration":1,"r":152,"type":"setColor","color":1,"angle":281.25,"g":0,"time":183.5},{"b":201,"duration":1,"r":152,"type":"setColor","color":1,"angle":281.25,"g":0,"time":187.375},{"b":201,"duration":1,"r":152,"type":"setColor","color":1,"angle":281.25,"g":0,"time":191.5},{"b":201,"duration":1,"r":152,"type":"setColor","color":1,"angle":281.25,"g":0,"time":195.5},{"b":201,"duration":1,"r":152,"type":"setColor","color":1,"angle":281.25,"g":0,"time":199.5},{"b":201,"duration":1,"r":152,"type":"setColor","color":1,"angle":292.5,"g":0,"time":203.5},{"b":201,"duration":1,"r":152,"type":"setColor","color":1,"angle":281.25,"g":0,"time":207.375},{"b":201,"duration":1,"r":152,"type":"setColor","color":1,"angle":292.5,"g":0,"time":211.375},{"b":201,"duration":1,"r":152,"type":"setColor","color":1,"angle":281.25,"g":0,"time":215.375},{"b":201,"duration":1,"r":152,"type":"setColor","color":1,"angle":281.25,"g":0,"time":219.375},{"b":201,"duration":1,"r":152,"type":"setColor","color":1,"angle":281.25,"g":0,"time":223.5},{"value":100,"time":227,"angle":270,"var":"vfx.hglitch.strength","type":"ease"},{"type":"ease","value":8,"duration":1,"angle":270,"time":227.25,"var":"vfx.hglitch.strength"},{"r":255,"b":255,"type":"setColor","color":1,"angle":281.25,"g":255,"time":227},{"b":201,"duration":1,"r":152,"type":"setColor","color":1,"angle":281.25,"g":0,"time":227.25},{"time":262,"sx":6,"recolor":1,"y":90,"ox":37.5,"oy":1,"sprite":"speedline.png","angle":315,"type":"deco","x":300,"id":"67"},{"value":480,"type":"ease","angle":45,"var":"p.y","time":261.375},{"value":-75,"time":261.375,"angle":33.75,"var":"vfx.comboX","type":"ease"},{"type":"ease","time":261.375,"angle":22.5,"var":"vfx.accuracyX","value":-200},{"b":255,"time":262.5,"r":255,"type":"setColor","color":1,"angle":292.5,"g":255,"duration":3},{"value":15,"ease":"inOutQuad","type":"ease","duration":3,"angle":315,"time":263,"var":"vfx.accuracyY"},{"type":"ease","ease":"inOutQuad","value":5,"var":"vfx.comboY","angle":303.75,"time":263,"duration":3},{"r":0,"b":0,"type":"setColor","color":2,"angle":270,"time":257.5,"g":0},{"drawLayer":"fg","oy":18.5,"time":260,"sx":1.5,"recolor":2,"sy":1.5,"ox":36,"type":"deco","sprite":"last.png","angle":33.75,"y":140,"x":188,"id":"68"},{"r":51,"b":51,"type":"setColor","color":2,"angle":112.5,"time":260,"g":51},{"r":142,"b":142,"type":"setColor","color":2,"angle":112.5,"time":260.5,"g":142},{"r":255,"b":255,"type":"setColor","color":2,"angle":112.5,"time":261,"g":255},{"drawLayer":"fg","type":"deco","time":260.5,"sx":1.5,"recolor":2,"sy":1.5,"ox":35,"x":300,"y":140,"angle":33.75,"oy":18.5,"sprite":"30.png","id":"69"},{"drawLayer":"fg","recolor":2,"time":261,"sx":1.5,"sy":1.5,"y":140,"ox":35,"oy":18.5,"sprite":"last1.png","angle":33.75,"x":410,"type":"deco","id":"70"},{"b":0,"time":267,"r":0,"type":"setColor","color":1,"angle":281.25,"g":0,"duration":10},{"b":0,"time":267,"r":0,"type":"setColor","color":2,"angle":292.5,"g":0,"duration":10},{"oy":9,"time":266.5,"sx":2,"recolor":3,"sy":2,"ox":8.5,"x":500,"y":300,"angle":303.75,"type":"deco","sprite":"logo.png","id":"71"},{"r":0,"b":0,"type":"setColor","color":3,"angle":292.5,"time":233,"g":0},{"b":255,"time":273,"r":255,"type":"setColor","color":3,"angle":303.75,"g":255,"duration":4}],"metadata":{"songName":"Call me with you (Cover)","artist":"PALINA (Remix by R1nexx)","difficulty":3,"bg":true,"charter":"Ratøri","artistLink":"https://open.spotify.com/track/2WROEkjvskQxGb6v4VJgOM?si=53eb877979f9486b","bgData":{"redChannel":{"b":0,"g":0,"r":255},"blueChannel":{"b":255,"g":0,"r":0},"image":"bg.png"},"description":"LEVEL WILL BE UPDATED\nNOT FINAL RESULT\n-------------------------\nIt's my 2nd level and it \nwas made only to teach me \nhow to work with effects\n(That's why gameplay so\nboring, lol)\n-------------------------\n(Spotify Link only \n  on the original song,\n    there is no remix)"}}