[{"angle":247.5,"type":"ease","var":"p.y","ease":"inOutSine","time":0,"value":175,"duration":2},{"angle":247.5,"duration":2,"var":"p.y","time":2,"ease":"inOutSine","value":185,"type":"ease"},{"angle":247.5,"type":"ease","var":"p.y","ease":"inOutSine","time":4,"value":175,"duration":2},{"angle":247.5,"duration":2,"var":"p.y","time":6,"ease":"inOutSine","value":185,"type":"ease"},{"angle":247.5,"type":"ease","var":"p.y","ease":"inOutSine","time":8,"value":175,"duration":2},{"angle":247.5,"duration":2,"var":"p.y","time":10,"ease":"inOutSine","value":185,"type":"ease"},{"angle":247.5,"type":"ease","var":"p.y","ease":"inOutSine","time":12,"value":175,"duration":2},{"angle":247.5,"duration":2,"var":"p.y","time":14,"ease":"inOutSine","value":185,"type":"ease"},{"angle":247.5,"type":"ease","var":"p.y","ease":"inOutSine","time":16,"value":175,"duration":2},{"angle":247.5,"duration":2,"var":"p.y","time":18,"ease":"inOutSine","value":185,"type":"ease"},{"angle":247.5,"type":"ease","var":"p.y","ease":"inOutSine","time":20,"value":175,"duration":2},{"angle":247.5,"duration":2,"var":"p.y","time":22,"ease":"inOutSine","value":185,"type":"ease"},{"angle":247.5,"type":"ease","var":"p.y","ease":"inOutSine","time":24,"value":175,"duration":2},{"angle":247.5,"duration":2,"var":"p.y","time":26,"ease":"inOutSine","value":185,"type":"ease"},{"angle":247.5,"type":"ease","var":"p.y","ease":"inOutSine","time":28,"value":175,"duration":2},{"angle":247.5,"duration":2,"var":"p.y","time":30,"ease":"inOutSine","value":185,"type":"ease"}]