[{"time":7,"type":"block","angle":337.5},{"time":7.5,"type":"block","angle":360},{"time":8,"type":"block","angle":337.5},{"time":8.5,"type":"block","angle":22.5},{"time":9,"type":"block","angle":337.5},{"time":9.5,"type":"block","angle":22.5},{"time":10,"type":"block","angle":315},{"time":10.5,"type":"block","angle":0},{"time":11,"type":"block","angle":337.5},{"time":11.5,"type":"block","angle":22.5},{"time":12,"type":"block","angle":360},{"time":12.5,"type":"block","angle":337.5},{"time":13,"type":"block","angle":22.5},{"time":13.5,"type":"block","angle":0},{"time":14,"type":"block","angle":337.5},{"time":6.5,"type":"block","angle":0},{"time":15,"type":"block","angle":0},{"time":15.5,"type":"block","angle":45},{"time":16,"angle":67.5,"angle2":112.5,"type":"hold","duration":0.25},{"time":14.5,"type":"block","angle":315},{"time":6,"type":"block","angle":315},{"time":16.25,"angle":112.5,"angle2":45,"type":"hold","duration":0.25},{"time":16.5,"angle":45,"angle2":135,"type":"hold","duration":0.5},{"time":17.5,"type":"block","angle":157.5},{"time":18,"type":"block","angle":247.5},{"time":17.75,"type":"block","angle":202.5},{"time":18.5,"type":"block","angle":270},{"time":18.75,"type":"block","angle":225},{"time":19,"type":"block","angle":180},{"time":19.5,"type":"block","angle":112.5},{"time":20,"angle":90,"angle2":45,"type":"hold","duration":0.5},{"time":22,"type":"block","angle":337.5},{"time":23,"angle":292.5,"angle2":405,"type":"hold","duration":0.5},{"time":22.5,"type":"block","angle":270},{"time":24,"type":"block","angle":67.5},{"time":24.25,"type":"block","angle":90},{"time":24.5,"type":"block","angle":45},{"time":24.75,"type":"block","angle":0},{"time":25,"type":"block","angle":315},{"time":25.5,"type":"block","angle":292.5},{"time":25.75,"type":"block","angle":315},{"time":26,"type":"block","angle":360},{"time":26.5,"type":"block","angle":45},{"time":26.75,"type":"block","angle":67.5},{"time":27,"type":"block","angle":90},{"time":27.5,"type":"block","angle":112.5},{"time":28,"angle":90,"angle2":22.5,"type":"hold","duration":0.5},{"time":29,"type":"block","angle":337.5},{"time":29.5,"type":"block","angle":270},{"time":29.75,"type":"block","angle":292.5},{"time":30,"type":"block","angle":247.5},{"time":30.5,"type":"block","angle":135},{"time":30.75,"type":"block","angle":112.5},{"time":31,"type":"block","angle":90},{"time":31.5,"type":"block","angle":67.5},{"time":32,"type":"block","angle":45},{"time":32.25,"type":"block","angle":22.5},{"time":32.5,"type":"block","angle":337.5},{"time":32.75,"type":"block","angle":292.5},{"time":33,"type":"block","angle":247.5},{"time":33.5,"type":"block","angle":247.5},{"time":33.75,"type":"block","angle":292.5},{"time":34,"type":"block","angle":360},{"time":34.5,"type":"block","angle":67.5},{"time":34.75,"type":"block","angle":0},{"time":35,"angle":292.5,"angle2":270,"type":"hold","duration":0.5},{"time":36,"type":"block","angle":247.5},{"time":36.5,"type":"extraTap","angle":292.5},{"time":37,"type":"extraTap","angle":315},{"time":38,"angle":270,"angle2":337.5,"type":"hold","duration":0.5},{"time":39,"type":"block","angle":45},{"time":39.5,"type":"block","angle":90},{"time":38.75,"type":"block","angle":0},{"time":40,"type":"block","angle":67.5},{"time":40.200000762939,"type":"block","angle":22.5},{"time":40.5,"type":"block","angle":337.5},{"time":40.75,"type":"block","angle":292.5},{"time":41,"type":"block","angle":225},{"time":41.5,"type":"block","angle":247.5},{"time":41.75,"type":"block","angle":270},{"time":42,"angle":292.5,"angle2":360,"type":"hold","duration":0.5},{"time":42.5,"angle":0,"angle2":-22.5,"type":"hold","duration":0.5},{"time":43,"angle":337.5,"angle2":360,"type":"hold","duration":1},{"time":47,"type":"block","angle":315},{"time":46,"type":"block","angle":337.5},{"time":46.5,"type":"block","angle":337.5},{"time":47.5,"angle":315,"angle2":382.5,"type":"hold","duration":0.5},{"time":48.25,"type":"block","angle":45},{"time":48.5,"type":"block","angle":90},{"time":48.75,"type":"block","angle":135},{"time":49,"type":"block","angle":180},{"time":49.5,"type":"block","angle":225},{"time":49.75,"type":"side","angle":270},{"time":50,"type":"block","angle":225},{"time":50.5,"type":"block","angle":292.5},{"time":50.75,"type":"side","angle":337.5},{"time":51,"type":"block","angle":292.5},{"time":51.5,"angle":337.5,"angle2":382.5,"type":"hold","duration":0.5},{"time":52.5,"type":"extraTap","angle":22.5},{"time":53,"type":"extraTap","angle":67.5},{"time":52.5,"angle":337.5,"type":"block","tap":true},{"time":53,"angle":45,"type":"block","tap":true},{"time":55.5,"type":"side","angle":22.5},{"time":54,"angle":112.5,"angle2":0,"type":"hold","duration":0.5},{"time":54.5,"angle":0,"angle2":90,"type":"hold","duration":0.5},{"time":56,"type":"block","angle":315},{"time":56.25,"type":"block","angle":270},{"time":56.5,"type":"block","angle":225},{"time":56.75,"type":"block","angle":180},{"time":57,"type":"block","angle":135},{"time":57.5,"angle":90,"angle2":135,"type":"hold","endAngle":50,"duration":0.5},{"time":57.75,"type":"inverse","angle":112.5},{"time":58,"type":"inverse","angle":135},{"time":58.5,"type":"inverse","angle":180},{"time":58.75,"type":"inverse","angle":202.5},{"time":59,"type":"inverse","angle":225},{"time":59.5,"type":"side","angle":292.5},{"time":60,"angle":315,"angle2":247.5,"type":"hold","duration":0.5},{"time":61,"type":"block","angle":202.5},{"time":62,"angle2":157.5,"endAngle":0,"holdEase":"inSine","type":"hold","angle":90,"duration":0.5},{"time":63,"angle2":202.5,"endAngle":100,"holdEase":"inQuad","type":"hold","angle":292.5,"duration":0.5},{"time":64,"endAngle":-100,"spinEase":"linear","type":"hold","angle":45,"holdEase":"inQuad","angle2":22.5,"duration":0.5},{"time":65,"endAngle":50,"spinEase":"linear","type":"hold","angle":360,"holdEase":"outSine","angle2":180,"duration":0.5},{"time":66,"angle2":135,"endAngle":50,"holdEase":"outCirc","type":"hold","angle":292.5,"duration":1},{"time":67,"angle2":315,"endAngle":150,"holdEase":"outQuint","type":"hold","angle":22.5,"duration":1},{"time":68,"angle2":225,"endAngle":-70,"holdEase":"inOutQuad","type":"hold","angle":360,"duration":1},{"time":70.5,"type":"block","angle":247.5},{"time":70.25,"type":"block","angle":270},{"time":70,"type":"block","angle":247.5},{"time":69,"angle2":247.5,"endAngle":190,"holdEase":"linear","type":"hold","angle":45,"duration":0.5},{"time":71,"type":"block","angle":0},{"time":71.25,"type":"block","angle":337.5},{"time":71.5,"type":"block","angle":0},{"time":72,"type":"block","angle":90},{"time":72.25,"type":"block","angle":112.5},{"time":72.5,"type":"block","angle":90},{"time":73,"type":"block","angle":180},{"time":73.25,"type":"block","angle":202.5},{"time":73.5,"type":"block","angle":180},{"time":74,"type":"block","angle":247.5},{"time":74.25,"type":"block","angle":270},{"time":74.75,"type":"block","angle":315},{"time":75,"type":"block","angle":337.5},{"time":75.5,"type":"block","angle":360},{"time":76,"type":"block","angle":45},{"time":76.5,"type":"extraTap","angle":45},{"time":77,"type":"side","angle":135},{"time":88,"type":"block","angle":337.5},{"time":88.5,"type":"block","angle":315},{"time":87.5,"type":"block","angle":360},{"time":20.5,"angle":45,"angle2":0,"type":"hold","duration":0.5},{"time":89,"type":"block","angle":360},{"time":89.25,"type":"block","angle":45},{"time":89.5,"type":"block","angle":90},{"time":89.75,"type":"block","angle":135},{"time":90,"type":"block","angle":180},{"time":90.5,"type":"block","angle":270},{"time":90.75,"type":"side","angle":337.5},{"time":91,"type":"block","angle":405},{"time":91.5,"type":"block","angle":90},{"time":91.75,"type":"side","angle":157.5},{"time":92,"type":"block","angle":225},{"time":92.5,"angle":270,"angle2":360,"type":"hold","duration":0.5},{"time":94,"type":"side","angle":360},{"time":93.5,"type":"side","angle":0},{"time":96,"type":"block","angle":45},{"time":96.5,"type":"block","angle":0},{"time":97,"type":"block","angle":22.5},{"time":97.25,"type":"block","angle":0},{"time":97.5,"type":"block","angle":315},{"time":97.75,"type":"block","angle":270},{"time":98,"type":"block","angle":225},{"time":98.5,"type":"block","angle":112.5},{"time":98.75,"type":"block","angle":67.5},{"time":99,"type":"block","angle":22.5},{"time":99.5,"type":"block","angle":337.5},{"time":99.75,"type":"block","angle":315},{"time":100,"type":"block","angle":292.5},{"time":100.5,"type":"side","angle":0},{"time":101,"type":"block","angle":22.5},{"time":102,"type":"block","angle":22.5},{"time":101.5,"type":"block","angle":315},{"time":95,"type":"block","angle":337.5},{"time":95.5,"type":"block","angle":22.5},{"time":103,"angle":292.5,"angle2":405,"type":"hold","duration":2},{"time":105,"angle":45,"angle2":-45,"type":"hold","duration":2},{"time":107,"angle":315,"angle2":427.5,"type":"hold","duration":2},{"time":109,"angle":67.5,"angle2":-22.5,"type":"hold","duration":2.5},{"time":111,"angle":337.5,"type":"block","speedMult":7},{"time":111,"angle":360,"type":"block","speedMult":7},{"time":111,"angle":-12,"type":"block","speedMult":7},{"time":111.09999847412,"angle":0,"type":"block","speedMult":6},{"time":111.15000152588,"angle":337.5,"type":"block","speedMult":7},{"time":111.23000335693,"angle":-10,"type":"block","speedMult":7},{"time":113,"angle":22.5,"type":"block","speedMult":7},{"time":111.5,"angle":337.5,"angle2":382.5,"type":"hold","duration":1.5},{"time":113,"angle":360,"type":"block","speedMult":7},{"time":113.09999847412,"angle":22.5,"type":"block","speedMult":7},{"time":113,"angle":10,"type":"block","speedMult":7},{"time":113.16999816895,"angle":0,"type":"block","speedMult":7},{"time":113.19999694824,"angle":10.5,"type":"block","speedMult":7},{"time":115,"type":"block","angle":315},{"time":113,"angle":22.5,"angle2":-45,"type":"hold","duration":2},{"time":115,"angle":-45,"type":"block","speedMult":7},{"time":115,"angle":292.5,"type":"block","speedMult":7},{"time":115.09999847412,"angle":-45,"type":"block","speedMult":7},{"time":115,"angle":-57.5,"type":"block","speedMult":7},{"time":115.16999816895,"angle":-67.5,"type":"block","speedMult":7},{"time":115.19999694824,"angle":-57,"type":"block","speedMult":7},{"time":115,"type":"hold","speedMult":6,"angle":315,"holdEase":"outCubic","angle2":1395,"segments":15,"duration":0},{"time":115,"angle":315,"angle2":382.5,"type":"hold","duration":1},{"time":117,"angle":315,"angle2":405,"type":"hold","duration":1},{"time":116,"angle":22.5,"type":"block","speedMult":7},{"time":116,"angle":360,"type":"block","speedMult":7},{"time":116.09999847412,"angle":22.5,"type":"block","speedMult":7},{"time":116,"angle":10,"type":"block","speedMult":7},{"time":116.16999816895,"angle":0,"type":"block","speedMult":7},{"time":116.19999694824,"angle":10.5,"type":"block","speedMult":7},{"time":116,"angle":22.5,"angle2":-45,"type":"hold","duration":1},{"time":117,"angle":-45,"angle2":675,"type":"hold","segments":5,"duration":0},{"time":117,"angle":-45,"angle2":315,"type":"hold","duration":0},{"time":117,"angle":-22.5,"type":"block","speedMult":7},{"time":117,"angle":315,"type":"block","speedMult":7},{"time":117.09999847412,"angle":-22.5,"type":"block","speedMult":7},{"time":117,"angle":-35,"type":"block","speedMult":7},{"time":117.16999816895,"angle":-45,"type":"block","speedMult":7},{"time":117.19999694824,"angle":-34.5,"type":"block","speedMult":7},{"time":118,"angle":45,"angle2":1125,"type":"hold","segments":11,"duration":0},{"time":119,"angle":315,"type":"block","tap":true},{"time":119.5,"angle":360,"type":"block","tap":true},{"time":119,"type":"extraTap","angle":0},{"time":119.5,"type":"extraTap","angle":22.5},{"time":120,"angle":0,"type":"block","speedMult":7},{"time":120,"angle":337.5,"type":"block","speedMult":1},{"time":120.09999847412,"angle":0,"type":"block","speedMult":7},{"time":120,"angle":-12.5,"type":"block","speedMult":7},{"time":120.16999816895,"angle":-22.5,"type":"block","speedMult":3},{"time":120.19999694824,"angle":-12,"type":"block","speedMult":1},{"time":120,"angle":22.5,"type":"block","speedMult":3},{"time":120,"angle":360,"type":"block","speedMult":7},{"time":120.09999847412,"angle":22.5,"type":"block","speedMult":7},{"time":120,"angle":10,"type":"block","speedMult":3},{"time":120.16999816895,"angle":0,"type":"block","speedMult":3},{"time":120.19999694824,"angle":10.5,"type":"block","speedMult":1},{"time":120.5,"angle":0,"type":"block","speedMult":7},{"time":120.5,"angle":337.5,"type":"block","speedMult":7},{"time":120.59999847412,"angle":0,"type":"block","speedMult":7},{"time":120.5,"angle":-12.5,"type":"block","speedMult":3},{"time":120.66999816895,"angle":-22.5,"type":"block","speedMult":3},{"time":120.69999694824,"angle":-12,"type":"block","speedMult":3},{"time":120.5,"angle":22.5,"type":"block","speedMult":3},{"time":120.5,"angle":360,"type":"block","speedMult":7},{"time":120.59999847412,"angle":22.5,"type":"block","speedMult":7},{"time":120.5,"angle":10,"type":"block","speedMult":10},{"time":120.66999816895,"angle":0,"type":"block","speedMult":7},{"time":120.69999694824,"angle":10.5,"type":"block","speedMult":3},{"time":121,"type":"extraTap","angle":157.5},{"time":121.5,"type":"extraTap","angle":157.5},{"time":121,"angle2":1080,"segments":9,"holdEase":"outSine","type":"hold","angle":360,"duration":0},{"time":124,"type":"block","angle":360},{"time":125,"type":"block","angle":22.5},{"time":124,"angle":0,"type":"block","speedMult":7},{"time":124,"angle":337.5,"type":"block","speedMult":1},{"time":124.09999847412,"angle":0,"type":"block","speedMult":7},{"time":124,"angle":-12.5,"type":"block","speedMult":7},{"time":124.16999816895,"angle":-22.5,"type":"block","speedMult":3},{"time":124.19999694824,"angle":-12,"type":"block","speedMult":1},{"time":124,"angle":22.5,"type":"block","speedMult":3},{"time":124,"angle":360,"type":"block","speedMult":7},{"time":124.09999847412,"angle":22.5,"type":"block","speedMult":7},{"time":124,"angle":10,"type":"block","speedMult":3},{"time":124.16999816895,"angle":0,"type":"block","speedMult":3},{"time":124.19999694824,"angle":10.5,"type":"block","speedMult":1},{"time":124.5,"angle":0,"type":"block","speedMult":7},{"time":124.5,"angle":337.5,"type":"block","speedMult":7},{"time":124.5,"angle":-12.5,"type":"block","speedMult":3},{"time":124.5,"angle":22.5,"type":"block","speedMult":3},{"time":124.5,"angle":360,"type":"block","speedMult":7},{"time":124.5,"angle":10,"type":"block","speedMult":10},{"time":124,"angle":90,"type":"block","speedMult":7},{"time":124,"angle":427.5,"type":"block","speedMult":1},{"time":124.09999847412,"angle":90,"type":"block","speedMult":7},{"time":124,"angle":77.5,"type":"block","speedMult":7},{"time":124.16999816895,"angle":67.5,"type":"block","speedMult":3},{"time":124.19999694824,"angle":78,"type":"block","speedMult":1},{"time":124,"angle":112.5,"type":"block","speedMult":3},{"time":124,"angle":450,"type":"block","speedMult":7},{"time":124.09999847412,"angle":112.5,"type":"block","speedMult":7},{"time":124,"angle":100,"type":"block","speedMult":3},{"time":124.16999816895,"angle":90,"type":"block","speedMult":3},{"time":124.19999694824,"angle":100.5,"type":"block","speedMult":1},{"time":124.5,"angle":90,"type":"block","speedMult":7},{"time":124.5,"angle":427.5,"type":"block","speedMult":7},{"time":124.5,"angle":77.5,"type":"block","speedMult":3},{"time":124.5,"angle":112.5,"type":"block","speedMult":3},{"time":124.5,"angle":450,"type":"block","speedMult":7},{"time":124.5,"angle":100,"type":"block","speedMult":10},{"time":124,"angle":180,"type":"block","speedMult":7},{"time":124,"angle":517.5,"type":"block","speedMult":1},{"time":124.09999847412,"angle":180,"type":"block","speedMult":7},{"time":124,"angle":167.5,"type":"block","speedMult":7},{"time":124.16999816895,"angle":157.5,"type":"block","speedMult":3},{"time":124.19999694824,"angle":168,"type":"block","speedMult":1},{"time":124,"angle":202.5,"type":"block","speedMult":3},{"time":124,"angle":540,"type":"block","speedMult":7},{"time":124.09999847412,"angle":202.5,"type":"block","speedMult":7},{"time":124,"angle":190,"type":"block","speedMult":3},{"time":124.16999816895,"angle":180,"type":"block","speedMult":3},{"time":124.19999694824,"angle":190.5,"type":"block","speedMult":1},{"time":124.5,"angle":180,"type":"block","speedMult":7},{"time":124.5,"angle":517.5,"type":"block","speedMult":7},{"time":124.5,"angle":167.5,"type":"block","speedMult":3},{"time":124.5,"angle":202.5,"type":"block","speedMult":3},{"time":124.5,"angle":540,"type":"block","speedMult":7},{"time":124.5,"angle":190,"type":"block","speedMult":10},{"time":124,"angle":-90,"type":"block","speedMult":7},{"time":124,"angle":247.5,"type":"block","speedMult":1},{"time":124.09999847412,"angle":-90,"type":"block","speedMult":7},{"time":124,"angle":-102.5,"type":"block","speedMult":7},{"time":124.16999816895,"angle":-112.5,"type":"block","speedMult":3},{"time":124.19999694824,"angle":-102,"type":"block","speedMult":1},{"time":124,"angle":-67.5,"type":"block","speedMult":3},{"time":124,"angle":270,"type":"block","speedMult":7},{"time":124.09999847412,"angle":-67.5,"type":"block","speedMult":7},{"time":124,"angle":-80,"type":"block","speedMult":3},{"time":124.16999816895,"angle":-90,"type":"block","speedMult":3},{"time":124.19999694824,"angle":-79.5,"type":"block","speedMult":1},{"time":124.5,"angle":-90,"type":"block","speedMult":7},{"time":124.5,"angle":247.5,"type":"block","speedMult":7},{"time":124.5,"angle":-102.5,"type":"block","speedMult":3},{"time":124.5,"angle":-67.5,"type":"block","speedMult":3},{"time":124.5,"angle":270,"type":"block","speedMult":7},{"time":124.5,"angle":-80,"type":"block","speedMult":10},{"time":125,"angle":22.5,"type":"block","speedMult":7},{"time":125,"angle":360,"type":"block","speedMult":1},{"time":125.09999847412,"angle":22.5,"type":"block","speedMult":7},{"time":125,"angle":10,"type":"block","speedMult":7},{"time":125.16999816895,"angle":0,"type":"block","speedMult":3},{"time":125.19999694824,"angle":10.5,"type":"block","speedMult":1},{"time":125,"angle":45,"type":"block","speedMult":3},{"time":125,"angle":382.5,"type":"block","speedMult":7},{"time":125.09999847412,"angle":45,"type":"block","speedMult":7},{"time":125,"angle":32.5,"type":"block","speedMult":3},{"time":125.16999816895,"angle":22.5,"type":"block","speedMult":3},{"time":125.19999694824,"angle":33,"type":"block","speedMult":1},{"time":125.5,"angle":22.5,"type":"block","speedMult":7},{"time":125.5,"angle":360,"type":"block","speedMult":7},{"time":125.5,"angle":10,"type":"block","speedMult":3},{"time":125.5,"angle":45,"type":"block","speedMult":3},{"time":125.5,"angle":382.5,"type":"block","speedMult":7},{"time":125.5,"angle":32.5,"type":"block","speedMult":10},{"time":125,"angle":112.5,"type":"block","speedMult":7},{"time":125,"angle":450,"type":"block","speedMult":1},{"time":125.09999847412,"angle":112.5,"type":"block","speedMult":7},{"time":125,"angle":100,"type":"block","speedMult":7},{"time":125.16999816895,"angle":90,"type":"block","speedMult":3},{"time":125.19999694824,"angle":100.5,"type":"block","speedMult":1},{"time":125,"angle":135,"type":"block","speedMult":3},{"time":125,"angle":472.5,"type":"block","speedMult":7},{"time":125.09999847412,"angle":135,"type":"block","speedMult":7},{"time":125,"angle":122.5,"type":"block","speedMult":3},{"time":125.16999816895,"angle":112.5,"type":"block","speedMult":3},{"time":125.19999694824,"angle":123,"type":"block","speedMult":1},{"time":125.5,"angle":112.5,"type":"block","speedMult":7},{"time":125.5,"angle":450,"type":"block","speedMult":7},{"time":125.5,"angle":100,"type":"block","speedMult":3},{"time":125.5,"angle":135,"type":"block","speedMult":3},{"time":125.5,"angle":472.5,"type":"block","speedMult":7},{"time":125.5,"angle":122.5,"type":"block","speedMult":10},{"time":125,"angle":202.5,"type":"block","speedMult":7},{"time":125,"angle":540,"type":"block","speedMult":1},{"time":125.09999847412,"angle":202.5,"type":"block","speedMult":7},{"time":125,"angle":190,"type":"block","speedMult":7},{"time":125.16999816895,"angle":180,"type":"block","speedMult":3},{"time":125.19999694824,"angle":190.5,"type":"block","speedMult":1},{"time":125,"angle":225,"type":"block","speedMult":3},{"time":125,"angle":562.5,"type":"block","speedMult":7},{"time":125.09999847412,"angle":225,"type":"block","speedMult":7},{"time":125,"angle":212.5,"type":"block","speedMult":3},{"time":125.16999816895,"angle":202.5,"type":"block","speedMult":3},{"time":125.19999694824,"angle":213,"type":"block","speedMult":1},{"time":125.5,"angle":202.5,"type":"block","speedMult":7},{"time":125.5,"angle":540,"type":"block","speedMult":7},{"time":125.5,"angle":190,"type":"block","speedMult":3},{"time":125.5,"angle":225,"type":"block","speedMult":3},{"time":125.5,"angle":562.5,"type":"block","speedMult":7},{"time":125.5,"angle":212.5,"type":"block","speedMult":10},{"time":125,"angle":292.5,"type":"block","speedMult":7},{"time":125,"angle":630,"type":"block","speedMult":1},{"time":125.09999847412,"angle":292.5,"type":"block","speedMult":7},{"time":125,"angle":280,"type":"block","speedMult":7},{"time":125.16999816895,"angle":270,"type":"block","speedMult":3},{"time":125.19999694824,"angle":280.5,"type":"block","speedMult":1},{"time":125,"angle":315,"type":"block","speedMult":3},{"time":125,"angle":652.5,"type":"block","speedMult":7},{"time":125.09999847412,"angle":315,"type":"block","speedMult":7},{"time":125,"angle":302.5,"type":"block","speedMult":3},{"time":125.16999816895,"angle":292.5,"type":"block","speedMult":3},{"time":125.19999694824,"angle":303,"type":"block","speedMult":1},{"time":125.5,"angle":292.5,"type":"block","speedMult":7},{"time":125.5,"angle":630,"type":"block","speedMult":7},{"time":125.5,"angle":280,"type":"block","speedMult":3},{"time":125.5,"angle":315,"type":"block","speedMult":3},{"time":125.5,"angle":652.5,"type":"block","speedMult":7},{"time":125.5,"angle":302.5,"type":"block","speedMult":10},{"time":121,"angle":0,"angle2":180,"type":"hold","duration":1},{"time":122,"angle":180,"speedMult":0.5,"type":"hold","angle2":225,"duration":2},{"time":124,"endAngle":300,"type":"hold","angle":180,"holdEase":"inOutQuad","angle2":900,"segments":11,"duration":0.5},{"time":124.5,"angle":225,"angle2":945,"type":"hold","segments":5,"duration":0.5},{"time":127,"angle":360,"angle2":292.5,"type":"hold","duration":0.75},{"time":126,"angle":0,"angle2":360,"type":"hold","duration":0},{"time":127.75,"angle":135,"angle2":202.5,"type":"hold","endAngle":-80,"duration":1.25},{"time":135,"type":"block","angle":337.5},{"time":135,"angle2":-382.5,"segments":7,"holdEase":"outSine","type":"hold","angle":337.5,"duration":0},{"time":135,"angle":337.5,"angle2":-22.5,"type":"hold","segments":6,"duration":0},{"time":129,"angle":337.5,"angle2":90,"type":"hold","endAngle":190,"duration":1},{"time":130,"angle":292.5,"angle2":292.5,"type":"hold","endAngle":90,"duration":1},{"time":133,"type":"side","angle":360},{"time":132,"type":"side","angle":0},{"time":131,"angle":292.5,"angle2":405,"type":"hold","duration":1},{"time":129,"angle":202.5,"type":"block","speedMult":7},{"time":129,"angle":540,"type":"block","speedMult":1},{"time":129.09999847412,"angle":202.5,"type":"block","speedMult":7},{"time":129,"angle":190,"type":"block","speedMult":7},{"time":129.16999816895,"angle":180,"type":"block","speedMult":3},{"time":129.19999694824,"angle":190.5,"type":"block","speedMult":1},{"time":129,"angle":225,"type":"block","speedMult":3},{"time":129,"angle":562.5,"type":"block","speedMult":7},{"time":129.09999847412,"angle":225,"type":"block","speedMult":7},{"time":129,"angle":212.5,"type":"block","speedMult":3},{"time":129.16999816895,"angle":202.5,"type":"block","speedMult":3},{"time":129.19999694824,"angle":213,"type":"block","speedMult":1},{"time":130,"angle":90,"type":"block","speedMult":7},{"time":130,"angle":427.5,"type":"block","speedMult":1},{"time":130.09999847412,"angle":90,"type":"block","speedMult":7},{"time":130,"angle":77.5,"type":"block","speedMult":7},{"time":130.16999816895,"angle":67.5,"type":"block","speedMult":3},{"time":130.19999694824,"angle":78,"type":"block","speedMult":1},{"time":130,"angle":112.5,"type":"block","speedMult":3},{"time":130,"angle":450,"type":"block","speedMult":7},{"time":130.09999847412,"angle":112.5,"type":"block","speedMult":7},{"time":130,"angle":100,"type":"block","speedMult":3},{"time":130.16999816895,"angle":90,"type":"block","speedMult":3},{"time":130.19999694824,"angle":100.5,"type":"block","speedMult":1},{"time":136,"type":"block","angle":315},{"time":136.5,"type":"block","angle":337.5},{"time":137,"type":"block","angle":22.5},{"time":137.25,"type":"block","angle":-22.5},{"time":137.5,"type":"block","angle":292.5},{"time":137.75,"type":"block","angle":337.5},{"time":138,"type":"block","angle":22.5},{"time":136,"type":"mine","angle":292.5},{"time":136,"type":"mine","angle":270},{"time":136,"type":"mine","angle":247.5},{"time":136,"type":"mine","angle":225},{"time":136,"type":"mine","angle":202.5},{"time":136,"type":"mine","angle":157.5},{"time":136,"type":"mine","angle":180},{"time":136,"type":"mine","angle":135},{"time":136,"type":"mine","angle":112.5},{"time":136,"type":"mine","angle":90},{"time":136,"type":"mine","angle":67.5},{"time":136,"type":"mine","angle":45},{"time":136,"type":"mine","angle":22.5},{"time":136,"type":"mine","angle":0},{"time":137,"type":"mine","angle":45},{"time":137,"type":"mine","angle":67.5},{"time":137,"type":"mine","angle":90},{"time":137,"type":"mine","angle":112.5},{"time":137,"type":"mine","angle":135},{"time":137,"type":"mine","angle":157.5},{"time":137,"type":"mine","angle":180},{"time":137,"type":"mine","angle":202.5},{"time":137,"type":"mine","angle":225},{"time":137,"type":"mine","angle":247.5},{"time":137,"type":"mine","angle":270},{"time":137,"type":"mine","angle":292.5},{"time":137,"type":"mine","angle":315},{"time":137,"type":"mine","angle":337.5},{"time":138,"type":"mine","angle":337.5},{"time":138,"type":"mine","angle":315},{"time":138,"type":"mine","angle":292.5},{"time":138,"type":"mine","angle":270},{"time":138,"type":"mine","angle":247.5},{"time":138,"type":"mine","angle":225},{"time":138,"type":"mine","angle":202.5},{"time":138,"type":"mine","angle":180},{"time":138,"type":"mine","angle":157.5},{"time":138,"type":"mine","angle":135},{"time":138,"type":"mine","angle":112.5},{"time":138,"type":"mine","angle":90},{"time":138,"type":"mine","angle":67.5},{"time":138,"type":"mine","angle":45},{"time":138.5,"angle":337.5,"angle2":270,"type":"hold","duration":0.5},{"time":139.5,"angle":270,"angle2":180,"type":"hold","duration":0.5},{"time":138.5,"type":"inverse","angle":337.5},{"time":138.75,"type":"inverse","angle":303},{"time":139,"type":"inverse","angle":270},{"time":139.5,"type":"inverse","angle":270},{"time":139.75,"type":"inverse","angle":225},{"time":140,"type":"inverse","angle":180},{"time":139,"angle":337.5,"angle2":585,"type":"mineHold","duration":0},{"time":140,"angle":292.5,"angle2":495,"type":"mineHold","duration":0},{"time":140.5,"type":"block","angle":135},{"time":141,"angle":90,"angle2":90,"type":"hold","duration":2},{"time":141.5,"type":"side","angle":270},{"time":143,"angle":90,"angle2":0,"type":"hold","duration":1.5},{"time":143.5,"type":"side","angle":22.5},{"time":144,"type":"side","angle":67.5},{"time":144.5,"type":"side","angle":337.5},{"time":145,"type":"side","angle":45},{"time":145.25,"type":"side","angle":90},{"time":145.5,"type":"side","angle":135},{"time":145.75,"type":"side","angle":180},{"time":146,"type":"side","angle":225},{"time":146.5,"type":"block","angle":270},{"time":146.75,"type":"block","angle":315},{"time":147,"type":"block","angle":337.5},{"time":141,"type":"mine","angle":337.5},{"time":141,"type":"mine","angle":0},{"time":141,"type":"mine","angle":22.5},{"time":141,"type":"mine","angle":202.5},{"time":141,"type":"mine","angle":202.5},{"time":141,"type":"mine","angle":157.5},{"time":141,"type":"mine","angle":180},{"time":144,"angle":157.5,"angle2":450,"type":"mineHold","duration":2},{"time":146.5,"type":"block","angle":292.5},{"time":146.75,"type":"block","angle":292.5},{"time":147,"type":"block","angle":315},{"time":147.5,"angle":360,"type":"block","speedMult":1.2000000476837},{"time":147.5,"angle":337.5,"type":"block","speedMult":1.2000000476837},{"time":147.5,"angle":22.5,"type":"block","speedMult":1.2000000476837},{"time":148,"angle":382.5,"type":"block","speedMult":1.2000000476837},{"time":148,"angle":360,"type":"block","speedMult":1.2000000476837},{"time":148,"angle":-22.5,"type":"block","speedMult":1.2000000476837},{"time":147.75,"angle":382.5,"type":"block","speedMult":1.2000000476837},{"time":147.75,"angle":405,"type":"block","speedMult":1.2000000476837},{"time":147.75,"angle":0,"type":"block","speedMult":1.2000000476837},{"time":148.5,"type":"side","angle":90},{"time":148,"angle":270,"angle2":337.5,"type":"mineHold","duration":1},{"time":148,"angle":135,"angle2":90,"type":"mineHold","duration":1},{"time":149,"angle":337.5,"angle2":382.5,"type":"mineHold","duration":0.5},{"time":149,"type":"side","angle":22.5},{"time":149.5,"type":"side","angle":90},{"time":150,"type":"side","angle":22.5},{"time":149.5,"angle":382.5,"angle2":337.5,"type":"mineHold","duration":0.5},{"time":149,"angle":90,"angle2":112.5,"type":"mineHold","duration":0.5},{"time":149.5,"angle":112.5,"angle2":67.5,"type":"mineHold","duration":1},{"time":150.5,"angle":337.5,"angle2":337.5,"type":"mineHold","duration":1},{"time":150,"angle":337.5,"angle2":337.5,"type":"mineHold","duration":1},{"time":151,"angle":22.5,"angle2":0,"type":"hold","duration":1},{"time":152,"angle":360,"angle2":292.5,"type":"hold","duration":1},{"time":151.5,"angle":337.5,"angle2":270,"type":"mineHold","duration":1.5},{"time":150.5,"angle":67.5,"angle2":22.5,"type":"mineHold","duration":1.5},{"time":152,"angle":22.5,"angle2":-22.5,"type":"mineHold","duration":1},{"time":153,"angle":292.5,"angle2":382.5,"type":"hold","duration":1},{"time":155,"angle":315,"holdEase":"inQuad","type":"hold","angle2":495,"duration":1},{"time":156,"angle":135,"angle2":-45,"type":"hold","duration":1},{"time":157,"angle":315,"angle2":382.5,"type":"hold","duration":2},{"time":159,"angle":22.5,"angle2":-67.5,"type":"hold","duration":1},{"time":153,"angle":270,"angle2":315,"type":"mineHold","duration":1.5},{"time":153,"angle":337.5,"angle2":427.5,"type":"mineHold","duration":1},{"time":154,"angle":67.5,"angle2":0,"type":"mineHold","duration":1},{"time":154.5,"angle":315,"angle2":270,"type":"mineHold","duration":0.5},{"time":155,"angle":270,"angle2":360,"type":"mineHold","duration":1},{"time":156,"angle":360,"angle2":270,"type":"mineHold","duration":1},{"time":155,"angle":0,"angle2":180,"type":"mineHold","duration":0.5},{"time":155.5,"angle":180,"holdEase":"inQuad","type":"mineHold","angle2":45,"duration":1.5},{"time":157,"angle":45,"angle2":22.5,"type":"mineHold","duration":1},{"time":158,"angle":22.5,"angle2":45,"type":"mineHold","duration":1},{"time":157,"angle":270,"angle2":292.5,"type":"mineHold","duration":1.5},{"time":158.5,"angle":292.5,"angle2":315,"type":"mineHold","duration":0.5},{"time":159,"angle":292.5,"angle2":225,"type":"mineHold","duration":2},{"time":159,"angle":45,"angle2":-22.5,"type":"mineHold","duration":1.5},{"time":160,"angle":292.5,"angle2":247.5,"type":"hold","duration":1},{"time":161,"angle":247.5,"angle2":337.5,"type":"hold","duration":1},{"time":162,"angle":337.5,"angle2":427.5,"type":"hold","duration":1},{"time":163,"angle":67.5,"angle2":-45,"type":"hold","duration":1},{"time":164,"angle":315,"angle2":405,"type":"hold","duration":1},{"time":165,"angle":45,"angle2":-292.5,"type":"hold","duration":1.5},{"time":160.5,"angle":337.5,"angle2":337.5,"type":"mineHold","duration":0.5},{"time":161,"angle":337.5,"angle2":472.5,"type":"mineHold","duration":2},{"time":161,"angle":225,"angle2":292.5,"type":"mineHold","duration":1.5},{"time":162.5,"angle":292.5,"angle2":337.5,"type":"mineHold","duration":0.5},{"time":163,"angle":337.5,"angle2":270,"type":"mineHold","duration":1},{"time":164,"angle":270,"angle2":315,"type":"mineHold","duration":0.5},{"time":164.5,"angle":315,"angle2":22.5,"type":"mineHold","duration":1.5},{"time":163,"angle":112.5,"angle2":45,"type":"mineHold","duration":1},{"time":164,"angle":45,"angle2":67.5,"type":"mineHold","duration":1},{"time":165,"angle":67.5,"angle2":22.5,"type":"mineHold","duration":1},{"time":166,"angle":22.5,"angle2":-292.5,"type":"mineHold","duration":1},{"time":172.5,"type":"block","angle":180},{"time":175,"type":"block","angle":315},{"time":178,"type":"block","angle":315},{"time":127,"angle":360,"type":"block","speedMult":7},{"time":127,"angle":697.5,"type":"block","speedMult":1},{"time":127.09999847412,"angle":360,"type":"block","speedMult":7},{"time":127,"angle":347.5,"type":"block","speedMult":7},{"time":127.16999816895,"angle":337.5,"type":"block","speedMult":3},{"time":127.19999694824,"angle":348,"type":"block","speedMult":1},{"time":127,"angle":382.5,"type":"block","speedMult":3},{"time":127,"angle":720,"type":"block","speedMult":7},{"time":127.09999847412,"angle":382.5,"type":"block","speedMult":7},{"time":127,"angle":370,"type":"block","speedMult":3},{"time":127.16999816895,"angle":360,"type":"block","speedMult":3},{"time":127.19999694824,"angle":370.5,"type":"block","speedMult":1},{"time":137,"angle":22.5,"type":"block","speedMult":7},{"time":137,"angle":10,"type":"block","speedMult":7},{"time":137,"angle":382.5,"type":"block","speedMult":3},{"time":137,"angle":10,"type":"block","speedMult":3},{"time":136,"type":"block","angle":-45},{"time":136,"angle":-45,"type":"block","speedMult":7},{"time":136,"angle":-35,"type":"block","speedMult":7},{"time":136,"angle":315,"type":"block","speedMult":3},{"time":136,"angle":-35,"type":"block","speedMult":3},{"time":138,"type":"block","angle":22.5},{"time":138,"angle":22.5,"type":"block","speedMult":7},{"time":138,"angle":10,"type":"block","speedMult":10},{"time":138,"angle":382.5,"type":"block","speedMult":3},{"time":138,"angle":10,"type":"block","speedMult":3},{"time":167,"type":"block","angle":337.5},{"time":167.5,"type":"block","angle":337.5},{"time":168,"angle":337.5,"type":"hold","angle2":405,"duration":0.5},{"time":169,"type":"block","angle":22.5},{"time":169.25,"type":"block","angle":337.5},{"time":169.5,"type":"block","angle":292.5},{"time":169.75,"type":"block","angle":337.5},{"time":170,"type":"block","angle":22.5},{"time":171,"type":"side","angle":0},{"time":170.5,"type":"side","angle":0},{"time":170.75,"type":"side","angle":0},{"time":171.5,"type":"block","angle":22.5},{"time":171.75,"type":"block","angle":90},{"time":172,"type":"block","angle":135},{"time":173,"angle":225,"angle2":292.5,"type":"hold","duration":0.5},{"time":174,"type":"extraTap","angle":337.5},{"time":173.5,"type":"extraTap","angle":337.5},{"time":175.5,"type":"block","angle":22.5},{"time":176,"angle":315,"angle2":382.5,"type":"hold","duration":0.5},{"time":177,"type":"side","angle":315},{"time":177.25,"type":"block","angle":270},{"time":177.5,"type":"block","angle":225},{"time":177.75,"type":"block","angle":270},{"time":178.5,"type":"block","angle":0},{"time":178.75,"type":"block","angle":45},{"time":179,"angle":67.5,"angle2":-22.5,"type":"hold","duration":0.5},{"time":180,"type":"block","angle":315},{"time":180.5,"type":"block","angle":45},{"time":181,"type":"block","angle":90},{"time":182,"type":"side","angle":360},{"time":182.5,"type":"side","angle":0},{"time":183,"type":"extraTap","angle":315},{"time":152,"type":"block","angle":0},{"time":152,"type":"block","angle":0},{"time":152,"angle":0,"type":"block","speedMult":7},{"time":152,"angle":-12.5,"type":"block","speedMult":10},{"time":152,"angle":360,"type":"block","speedMult":3},{"time":152,"angle":-12.5,"type":"block","speedMult":0.20000000298023},{"time":154,"type":"block","angle":22.5},{"time":154,"type":"block","angle":22.5},{"time":154,"angle":22.5,"type":"block","speedMult":7},{"time":154,"angle":10,"type":"block","speedMult":10},{"time":154,"angle":382.5,"type":"block","speedMult":3},{"time":154,"angle":10,"type":"block","speedMult":3},{"time":156,"type":"block","angle":135},{"time":156,"angle":135,"type":"block","speedMult":1},{"time":156,"angle":135,"type":"block","speedMult":7},{"time":156,"angle":122.5,"type":"block","speedMult":3},{"time":156,"angle":495,"type":"block","speedMult":3},{"time":156,"angle":122.5,"type":"block","speedMult":0.20000000298023},{"time":159,"type":"block","angle":22.5},{"time":159,"angle":22.5,"type":"block","speedMult":5},{"time":159,"angle":22.5,"type":"block","speedMult":0.5},{"time":159,"angle":10,"type":"block","speedMult":10},{"time":159,"angle":382.5,"type":"block","speedMult":3},{"time":159,"angle":10,"type":"block","speedMult":5},{"time":161,"type":"block","angle":-112.5},{"time":161,"type":"block","angle":-112.5},{"time":161,"angle":-112.5,"type":"block","speedMult":7},{"time":161,"angle":-102.5,"type":"block","speedMult":10},{"time":161,"angle":247.5,"type":"block","speedMult":3},{"time":161,"angle":-102.5,"type":"block","speedMult":0.40000000596046},{"time":152,"angle":0,"type":"inverse","speedMult":2},{"time":152,"angle":0,"type":"inverse","speedMult":8},{"time":152,"angle":-12,"type":"inverse","speedMult":0.30000001192093},{"time":152,"angle":-5.5,"type":"inverse","speedMult":0.80000001192093},{"time":154,"angle":22.5,"type":"inverse","speedMult":2},{"time":154,"angle":22.5,"type":"inverse","speedMult":8},{"time":154,"angle":10.5,"type":"inverse","speedMult":0.30000001192093},{"time":154,"angle":17,"type":"inverse","speedMult":0.80000001192093},{"time":156,"angle":135,"type":"inverse","speedMult":2},{"time":156,"angle":135,"type":"inverse","speedMult":8},{"time":156,"angle":123,"type":"inverse","speedMult":0.30000001192093},{"time":156,"angle":129.5,"type":"inverse","speedMult":0.80000001192093},{"time":159,"angle":22.5,"type":"inverse","speedMult":2},{"time":159,"angle":22.5,"type":"inverse","speedMult":8},{"time":159,"angle":10.5,"type":"inverse","speedMult":0.30000001192093},{"time":159,"angle":17,"type":"inverse","speedMult":0.80000001192093},{"time":161,"angle":-112.5,"type":"inverse","speedMult":2},{"time":161,"angle":-112.5,"type":"inverse","speedMult":8},{"time":161,"angle":-102,"type":"inverse","speedMult":0.30000001192093},{"time":161,"angle":-110,"type":"inverse","speedMult":0.80000001192093},{"time":163,"angle":67.5,"type":"inverse","speedMult":2},{"time":163,"angle":67.5,"type":"inverse","speedMult":8},{"time":163,"angle":55.5,"type":"inverse","speedMult":0.30000001192093},{"time":163,"angle":62,"type":"inverse","speedMult":0.80000001192093},{"time":163,"type":"block","angle":67.5},{"time":163,"type":"block","angle":67.5},{"time":163,"angle":67.5,"type":"block","speedMult":7},{"time":163,"angle":55,"type":"block","speedMult":0.40000000596046},{"time":163,"angle":427.5,"type":"block","speedMult":3},{"time":163,"angle":55,"type":"block","speedMult":3},{"time":165,"angle":45,"type":"inverse","speedMult":2},{"time":165,"angle":45,"type":"inverse","speedMult":8},{"time":165,"angle":33,"type":"inverse","speedMult":0.30000001192093},{"time":165,"angle":39.5,"type":"inverse","speedMult":0.80000001192093},{"time":165,"type":"block","angle":45},{"time":165,"angle":45,"type":"block","speedMult":0.30000001192093},{"time":165,"angle":45,"type":"block","speedMult":7},{"time":165,"angle":32.5,"type":"block","speedMult":10},{"time":165,"angle":405,"type":"block","speedMult":3},{"time":165,"angle":32.5,"type":"block","speedMult":3},{"time":158,"type":"extraTap","angle":315},{"time":157.5,"type":"extraTap","angle":0}]