[{"endAngle":180,"angle":225,"type":"block","time":2},{"endAngle":135,"angle":67.5,"type":"block","time":3.9166666666667},{"type":"hold","angle":247.5,"duration":0.5,"angle2":157.5,"time":20.5},{"angle":112.5,"type":"block","time":21.25},{"type":"hold","angle":247.5,"duration":0.25,"angle2":292.5,"time":22},{"angle":337.5,"type":"block","time":22.75},{"angle":-247.5,"type":"block","time":23.25},{"endAngle":180,"angle":90,"holdEase":"inCubic","angle2":292.5,"duration":0.5,"type":"hold","time":0.5},{"type":"hold","holdEase":"inCirc","angle":292.5,"duration":0.25,"angle2":360,"time":1},{"endAngle":90,"angle":67.5,"type":"side","time":1.5},{"endAngle":450,"angle":427.5,"holdEase":"inCirc","angle2":517.5,"duration":0.25,"type":"hold","time":2.25},{"endAngle":292.5,"angle":270,"holdEase":"inExpo","angle2":360,"duration":0.25,"type":"hold","time":2.9166666666667},{"type":"hold","holdEase":"inExpo","angle":0,"duration":0.25,"angle2":-67.5,"time":3.1666666666667},{"endAngle":-157.5,"angle":-90,"holdEase":"inCirc","angle2":-225,"duration":0.25,"type":"hold","time":4.1666666666667},{"endAngle":0,"angle":-45,"holdEase":"inQuad","angle2":90,"duration":0.25,"type":"hold","time":4.9166666666667},{"endAngle":157.5,"angle":270,"type":"side","time":5.4166666666667},{"endAngle":135,"angle":90,"type":"side","time":6.4166666666667},{"endAngle":270,"angle":247.5,"holdEase":"inQuad","angle2":202.5,"duration":0.25,"type":"hold","time":5.9166666666667},{"endAngle":45,"angle":112.5,"type":"block","time":7},{"endAngle":427.5,"type":"hold","angle":405,"duration":0.25,"angle2":495,"time":7.25},{"endAngle":483.75,"type":"hold","angle":461.25,"duration":0.16666658222675,"angle2":506.25,"time":7.5},{"endAngle":495,"type":"hold","angle":472.5,"duration":0.16666658222675,"angle2":517.5,"time":7.6666665077209},{"endAngle":506.25,"type":"hold","angle":483.75,"duration":0.16666658222675,"angle2":528.75,"time":7.8333334922791},{"endAngle":180,"angle":270,"type":"block","time":9.9166666666667},{"endAngle":-180,"angle":-247.5,"type":"block","time":11.916666666667},{"endAngle":180,"angle":135,"holdEase":"inCubic","angle2":292.5,"duration":0.5,"type":"hold","time":8.5},{"type":"hold","holdEase":"inCirc","angle":292.5,"duration":0.25,"angle2":360,"time":9},{"endAngle":90,"angle":67.5,"type":"side","time":9.5},{"endAngle":450,"angle":405,"holdEase":"inCirc","angle2":517.5,"duration":0.25,"type":"hold","time":10.166666666667},{"endAngle":270,"angle":247.5,"holdEase":"inExpo","angle2":337.5,"duration":0.25,"type":"hold","time":10.916666666667},{"type":"hold","holdEase":"inExpo","angle":-22.5,"duration":0.25,"angle2":-90,"time":11.166666666667},{"endAngle":90,"angle":112.5,"holdEase":"inCirc","angle2":157.5,"duration":0.25,"type":"hold","time":12.166666666667},{"endAngle":202.5,"angle":90,"holdEase":"outElastic","angle2":157.5,"duration":0.5,"type":"hold","time":15.5},{"endAngle":157.5,"angle":270,"holdEase":"outElastic","angle2":202.5,"duration":0.4375,"type":"hold","time":15.5625},{"endAngle":202.5,"angle":112.5,"holdEase":"outElastic","angle2":157.5,"duration":0.3125,"type":"hold","time":15.666666984558},{"endAngle":157.5,"angle":247.5,"holdEase":"outElastic","angle2":202.5,"duration":0.25,"type":"hold","time":15.729166984558},{"angle":180,"type":"block","time":16.5},{"tap":true,"angle":180,"type":"block","time":16},{"angle":213.75,"type":"extraTap","speedMult":2.2999999523163,"time":16},{"angle":112.5,"type":"block","time":24.5},{"tap":true,"angle":180,"type":"block","time":24},{"angle":180,"type":"block","time":28.75},{"type":"hold","angle":22.5,"duration":0.75,"angle2":337.5,"time":29.25},{"angle":0,"type":"block","time":30.25},{"angle":67.5,"type":"block","time":31},{"angle":67.5,"type":"block","time":31.25},{"angle":67.5,"type":"block","time":31.5},{"angle":67.5,"type":"block","time":31.75},{"type":"hold","angle":67.5,"duration":1,"angle2":67.5,"time":30.75},{"type":"hold","angle":67.5,"duration":0,"angle2":90,"time":32},{"type":"hold","holdEase":"inCubic","angle":135,"duration":0.5,"angle2":0,"time":33.25},{"type":"hold","holdEase":"inCubic","angle":270,"duration":0.5,"angle2":45,"time":34.5},{"angle":45,"type":"block","time":35.5},{"type":"hold","angle":-112.5,"duration":0.5,"angle2":-225,"time":36},{"type":"hold","holdEase":"inQuad","angle":135,"duration":0.5,"angle2":337.5,"time":37.25},{"angle":90,"type":"block","time":37},{"type":"hold","holdEase":"outQuad","angle":90,"duration":0.5,"angle2":225,"time":38.5},{"angle":180,"type":"block","time":39.25},{"angle":112.5,"type":"block","time":39.5},{"angle":45,"type":"block","time":39.75},{"type":"hold","angle":348.75,"duration":0,"angle2":315,"time":40},{"angle":22.5,"type":"block","time":60.75},{"type":"hold","angle":135,"duration":0.25,"angle2":135,"time":63.5},{"type":"hold","holdEase":"inCubic","angle":135,"duration":0.25,"angle2":247.5,"time":63.75},{"type":"hold","holdEase":"outQuart","angle":247.5,"duration":0.75,"angle2":123.75,"time":64},{"type":"hold","holdEase":"outQuart","angle":123.75,"duration":0.75,"angle2":-112.5,"time":64.75},{"type":"hold","holdEase":"outQuad","angle":247.5,"duration":0.75,"angle2":-180,"time":65.5},{"type":"hold","holdEase":"outQuad","angle":180,"duration":0.75,"angle2":450,"time":66.25},{"type":"hold","holdEase":"linear","angle":90,"duration":0.25,"angle2":202.5,"time":67},{"type":"hold","holdEase":"linear","angle":202.5,"duration":0.125,"angle2":90,"time":67.25},{"type":"hold","holdEase":"inSine","angle":135,"duration":0.5,"angle2":-112.5,"time":67.5},{"endAngle":0,"angle":-45,"holdEase":"inQuad","angle2":90,"duration":0.25,"type":"hold","time":12.916666666667},{"endAngle":202.5,"angle":292.5,"type":"side","time":13.416666666667},{"endAngle":135,"angle":90,"type":"side","time":14.416666666667},{"endAngle":270,"angle":247.5,"holdEase":"inQuad","angle2":202.5,"duration":0.25,"type":"hold","time":13.916666666667},{"type":"hold","holdEase":"outQuad","angle":247.5,"duration":0.75,"angle2":-22.5,"time":68},{"type":"hold","holdEase":"outQuart","angle":337.5,"duration":0.75,"angle2":202.5,"time":68.75},{"type":"hold","holdEase":"outQuart","angle":202.5,"duration":1,"angle2":495,"time":69.5},{"type":"hold","holdEase":"linear","angle":90,"duration":0.125,"angle2":135,"time":67.375},{"type":"hold","holdEase":"linear","angle":135,"duration":0.5,"angle2":270,"time":70.5},{"type":"hold","holdEase":"inCubic","angle":-450,"duration":0.5,"angle2":-562.5,"time":71},{"type":"hold","holdEase":"outExpo","angle":-562.5,"duration":0.5,"angle2":-416.25,"time":71.500007629395},{"type":"hold","holdEase":"outQuint","angle":303.75,"duration":0.75,"angle2":506.25,"time":72},{"type":"hold","holdEase":"outQuad","angle":146.25,"duration":0.75,"angle2":528.75,"time":72.75},{"type":"hold","holdEase":"inOutQuad","angle":168.75,"duration":1,"angle2":-112.5,"time":73.5},{"type":"hold","holdEase":"linear","angle":247.5,"duration":0.25,"angle2":292.5,"time":74.5},{"type":"hold","holdEase":"linear","angle":292.5,"duration":0.125,"angle2":202.5,"time":74.75},{"type":"hold","holdEase":"inSine","angle":247.5,"duration":0.5,"angle2":-45,"time":75},{"type":"hold","holdEase":"linear","angle":202.5,"duration":0.125,"angle2":247.5,"time":74.875},{"type":"hold","angle":315,"duration":0.5,"angle2":483.75,"time":75.5},{"type":"hold","holdEase":"inCubic","angle":123.75,"duration":0.75,"angle2":-101.25,"time":76},{"type":"hold","holdEase":"inQuint","angle":258.75,"duration":0.75,"angle2":416.25,"time":76.75},{"type":"hold","holdEase":"inExpo","angle":56.25,"duration":0.75,"angle2":-135,"time":77.5},{"type":"hold","holdEase":"outQuad","angle":225,"duration":0.25,"angle2":292.5,"time":78.25},{"type":"hold","holdEase":"outQuad","angle":292.5,"duration":0.25,"angle2":213.75,"time":78.5},{"type":"hold","angle":213.75,"duration":0.25,"angle2":438.75,"time":78.75},{"type":"hold","angle":78.75,"duration":0.25,"angle2":78.75,"time":79},{"type":"hold","angle":146.25,"duration":0.125,"angle2":78.75,"time":79.375},{"type":"hold","angle":78.75,"duration":0.125,"angle2":146.25,"time":79.25},{"type":"hold","holdEase":"inQuart","angle":78.75,"duration":0.25,"angle2":135,"time":79.5},{"type":"hold","angle":180,"duration":0.25,"angle2":112.5,"time":17},{"type":"hold","angle":-180,"duration":0.25,"angle2":-112.5,"time":17.5},{"type":"hold","angle":360,"duration":0.25,"angle2":292.5,"time":25},{"type":"hold","angle":0,"duration":0.25,"angle2":67.5,"time":25.5},{"type":"hold","angle":135,"duration":0.25,"angle2":180,"time":28},{"angle":135,"type":"extraTap","speedMult":1.5,"time":24},{"type":"mineHold","angle":90,"duration":2,"angle2":-720,"time":18},{"angle":45,"type":"side","time":21.5},{"type":"mineHold","angle":-90,"duration":2,"angle2":720,"time":26},{"type":"hold","angle":67.5,"duration":0.5,"angle2":180,"time":32.5},{"type":"hold","holdEase":"inCubic","angle":-135,"duration":0.5,"angle2":0,"time":41.25},{"type":"hold","holdEase":"inCubic","angle":-270,"duration":0.5,"angle2":-45,"time":42.5},{"angle":-45,"type":"block","time":43.5},{"type":"hold","angle":-67.5,"duration":0.5,"angle2":-180,"time":40.5},{"type":"hold","angle":-236.25,"duration":0.5,"angle2":-123.75,"time":44},{"type":"hold","holdEase":"inQuad","angle":-157.5,"duration":0.5,"angle2":45,"time":45.25},{"angle":157.5,"type":"block","time":45},{"type":"hold","holdEase":"outQuad","angle":-202.5,"duration":0.5,"angle2":-67.5,"time":46.5},{"angle":-112.5,"type":"block","time":47.25},{"angle":-180,"type":"block","time":47.5},{"angle":-247.5,"type":"block","time":47.75},{"angle":326.25,"type":"side","time":35.25},{"angle":33.75,"type":"side","time":43.25},{"angle":123.75,"type":"inverse","time":32.75},{"angle":101.25,"type":"inverse","time":33.5},{"angle":180,"type":"inverse","time":37.5},{"angle":236.25,"type":"inverse","time":40.75},{"angle":247.5,"type":"inverse","time":41.5},{"angle":90,"type":"inverse","time":42.375},{"angle":123.75,"type":"inverse","time":42.75},{"angle":180,"type":"inverse","time":44.25},{"angle":247.5,"type":"inverse","time":45.5},{"angle":157.5,"type":"inverse","time":46.375},{"angle":236.25,"type":"inverse","time":47.375},{"angle":168.75,"type":"inverse","time":47.625},{"angle":101.25,"type":"inverse","time":47.875},{"angle":168.75,"type":"inverse","time":39.375},{"angle":101.25,"type":"inverse","time":39.625},{"angle":33.75,"type":"inverse","time":39.875},{"type":"hold","angle":78.75,"duration":0,"angle2":11.25,"time":48},{"type":"hold","holdEase":"inCubic","angle":-67.5,"duration":0.5,"angle2":67.5,"time":49.25},{"type":"hold","holdEase":"inCubic","angle":135,"duration":0.5,"angle2":348.75,"time":50.5},{"angle":157.5,"type":"block","time":51.75},{"angle":-281.25,"type":"block","time":51.5},{"type":"hold","angle":202.5,"duration":0.5,"angle2":315,"time":52},{"type":"hold","holdEase":"inQuad","angle":-22.5,"duration":0.5,"angle2":-225,"time":53.25},{"angle":22.5,"type":"block","time":53},{"type":"hold","holdEase":"outSine","angle":56.25,"duration":0.5,"angle2":-157.5,"time":54.5},{"angle":157.5,"type":"block","time":55.25},{"angle":90,"type":"block","time":55.5},{"angle":22.5,"type":"block","time":55.75},{"type":"hold","angle":-427.5,"duration":0,"angle2":-382.5,"time":56},{"type":"hold","angle":45,"duration":0.16666668653488,"angle2":-11.25,"time":48.5},{"type":"hold","holdEase":"inCubic","angle":-326.25,"duration":0.5,"angle2":-191.25,"time":57.25},{"type":"hold","holdEase":"inCubic","angle":382.5,"duration":0.5,"angle2":157.5,"time":58.5},{"angle":292.5,"type":"block","time":59.75},{"angle":348.75,"type":"block","time":59.5},{"type":"hold","angle":180,"duration":0.5,"angle2":292.5,"time":56.5},{"type":"hold","angle":202.5,"duration":0.5,"angle2":90,"time":60},{"type":"hold","holdEase":"inQuad","angle":270,"duration":0.5,"angle2":67.5,"time":61.25},{"angle":315,"type":"block","time":61},{"type":"hold","holdEase":"outQuad","angle":315,"duration":0.5,"angle2":135,"time":62.5},{"angle":33.75,"type":"side","time":51.25},{"angle":67.5,"type":"side","time":59.25},{"angle":-33.75,"type":"inverse","time":49.5},{"angle":-67.5,"type":"inverse","time":53.5},{"angle":-123.75,"type":"inverse","time":56.75},{"angle":56.25,"type":"inverse","time":57.5},{"angle":22.5,"type":"inverse","time":58.25},{"angle":-11.25,"type":"inverse","time":58.75},{"angle":-213.75,"type":"inverse","time":60.25},{"angle":-135,"type":"inverse","time":61.5},{"angle":-22.5,"type":"inverse","time":62.25},{"angle":146.25,"type":"inverse","time":55.375},{"angle":78.75,"type":"inverse","time":55.625},{"angle":0,"type":"inverse","time":55.875},{"type":"hold","angle":-11.25,"duration":0.16666667163372,"angle2":22.5,"time":48.666667938232},{"type":"hold","angle":22.5,"duration":0.16666667163372,"angle2":-33.75,"time":48.833332061768},{"angle":315,"type":"side","time":35.75},{"angle":45,"type":"side","time":43.75},{"angle":225,"type":"extraTap","speedMult":2,"time":16},{"angle":236.25,"type":"extraTap","speedMult":1.7000000476837,"time":16},{"angle":247.5,"type":"extraTap","speedMult":1.5,"time":16},{"type":"hold","holdEase":"inCubic","angle":-225,"duration":0.25,"angle2":-326.25,"time":79.75},{"type":"hold","holdEase":"outQuart","angle":-326.25,"duration":0.75,"angle2":-213.75,"time":80},{"type":"hold","holdEase":"outQuart","angle":146.25,"duration":0.75,"angle2":-90,"time":80.75},{"type":"hold","holdEase":"outQuad","angle":270,"duration":0.75,"angle2":-225,"time":81.5},{"type":"hold","holdEase":"outQuad","angle":135,"duration":0.75,"angle2":450,"time":82.25},{"type":"hold","holdEase":"linear","angle":90,"duration":0.25,"angle2":180,"time":83},{"type":"hold","holdEase":"linear","angle":180,"duration":0.125,"angle2":90,"time":83.25},{"type":"hold","holdEase":"inSine","angle":157.5,"duration":0.5,"angle2":-90,"time":83.5},{"type":"hold","holdEase":"outQuad","angle":-450,"duration":0.75,"angle2":-67.5,"time":84},{"type":"hold","holdEase":"outQuart","angle":292.5,"duration":0.75,"angle2":191.25,"time":84.75},{"type":"hold","holdEase":"outQuart","angle":191.25,"duration":1,"angle2":495,"time":85.5},{"type":"hold","holdEase":"linear","angle":90,"duration":0.125,"angle2":157.5,"time":83.375},{"type":"hold","holdEase":"linear","angle":135,"duration":0.5,"angle2":270,"time":86.5},{"type":"hold","holdEase":"inQuad","angle":157.5,"duration":0.5,"angle2":56.25,"time":88},{"type":"hold","holdEase":"inQuad","angle":270,"duration":0.25,"angle2":191.25,"time":87},{"type":"hold","holdEase":"inQuad","angle":191.25,"duration":0.125,"angle2":270,"time":87.25},{"type":"hold","holdEase":"inQuad","angle":270,"duration":0.125,"angle2":202.5,"time":87.375},{"type":"hold","angle":202.5,"duration":0.5,"angle2":517.5,"time":87.5},{"type":"hold","angle":56.25,"duration":0.25,"angle2":123.75,"time":88.5},{"type":"hold","angle":123.75,"duration":0.75,"angle2":-146.25,"time":88.75},{"type":"hold","angle":213.75,"duration":1,"angle2":720,"time":89.5},{"type":"hold","angle":360,"duration":0.25,"angle2":360,"time":90.5},{"type":"hold","angle":360,"duration":0.25,"angle2":236.25,"time":90.75},{"type":"hold","holdEase":"inQuad","angle":236.25,"duration":0.5,"angle2":303.75,"time":91},{"type":"hold","holdEase":"inQuad","angle":303.75,"duration":0.5,"angle2":270,"time":91.5},{"type":"hold","holdEase":"inCubic","angle":270,"duration":0.75,"angle2":495,"time":92},{"type":"hold","holdEase":"inQuint","angle":-225,"duration":0.75,"angle2":-382.5,"time":92.75},{"type":"hold","holdEase":"inExpo","angle":-22.5,"duration":0.75,"angle2":168.75,"time":93.5},{"type":"hold","holdEase":"outQuad","angle":168.75,"duration":0.25,"angle2":101.25,"time":94.25},{"type":"hold","holdEase":"outQuad","angle":-258.75,"duration":0.25,"angle2":-191.25,"time":94.5},{"type":"hold","angle":168.75,"duration":0.25,"angle2":-45,"time":94.75},{"type":"hold","angle":315,"duration":0.25,"angle2":348.75,"time":95},{"type":"hold","angle":-78.75,"duration":0.125,"angle2":-11.25,"time":95.375},{"type":"hold","angle":-11.25,"duration":0.125,"angle2":-78.75,"time":95.25},{"type":"hold","holdEase":"inQuart","angle":-11.25,"duration":0.25,"angle2":-101.25,"time":95.5},{"endAngle":180,"angle":292.5,"type":"inverse","time":15.375},{"endAngle":180,"angle":292.5,"type":"inverse","time":15.4375},{"endAngle":180,"angle":292.5,"type":"inverse","time":15.5},{"endAngle":180,"angle":292.5,"type":"inverse","time":15.5625},{"endAngle":180,"angle":292.5,"type":"inverse","time":15.625},{"endAngle":180,"angle":292.5,"type":"inverse","time":15.6875},{"endAngle":180,"angle":292.5,"type":"inverse","time":15.75},{"endAngle":180,"angle":292.5,"type":"inverse","time":15.8125},{"endAngle":180,"angle":292.5,"type":"inverse","time":15.875},{"endAngle":180,"angle":292.5,"type":"inverse","time":15.9375},{"angle":157.5,"type":"inverse","time":0.5},{"angle":202.5,"type":"inverse","time":0.5},{"angle":90,"type":"inverse","time":2.25},{"angle":292.5,"type":"inverse","time":2.9166666666667},{"angle":202.5,"type":"inverse","time":4.1666666666667},{"angle":0,"type":"inverse","time":4.9166666666667},{"angle":270,"type":"inverse","time":5.9166666666667},{"angle":123.75,"type":"inverse","time":7.5},{"angle":135,"type":"inverse","time":7.6666665077209},{"angle":146.25,"type":"inverse","time":7.8333334922791},{"angle":112.5,"type":"inverse","time":7.3333334922791},{"angle":157.5,"type":"inverse","time":8.5},{"angle":202.5,"type":"inverse","time":8.5},{"angle":90,"type":"inverse","time":10.166666666667},{"angle":270,"type":"inverse","time":10.916666666667},{"angle":90,"type":"inverse","time":12.166666666667},{"angle":0,"type":"inverse","time":12.916666666667},{"angle":270,"type":"inverse","time":13.916666666667},{"angle":90,"type":"inverse","time":14.916666666667},{"endAngle":90,"angle":67.5,"holdEase":"inQuad","angle2":135,"duration":0.25,"type":"hold","time":14.916666666667},{"angle":11.25,"type":"inverse","time":48.5625},{"angle":11.25,"type":"inverse","time":48.625},{"angle":0,"type":"inverse","time":48.6875},{"angle":348.75,"type":"inverse","time":48.75},{"angle":337.5,"type":"inverse","time":48.8125},{"angle":337.5,"type":"inverse","time":48.875},{"angle":337.5,"type":"inverse","time":48.9375},{"angle":11.25,"type":"inverse","time":48.5}]