[{"time":0,"angle":315,"angle2":345,"type":"hold","duration":1},{"time":1,"angle":345,"angle2":345,"type":"hold","duration":1},{"time":2.5,"type":"block","angle":330},{"time":3,"type":"block","angle":360},{"time":3.5,"type":"block","angle":330},{"time":4,"type":"block","angle":360},{"time":4.5,"type":"block","angle":330},{"time":4.75,"type":"block","angle":360},{"time":5.25,"type":"block","angle":330},{"time":5.75,"type":"block","angle":360},{"time":6.25,"type":"block","angle":330},{"time":6.5,"type":"block","angle":30},{"time":7,"type":"block","angle":60},{"time":7.5,"type":"block","angle":30},{"time":8,"type":"block","angle":30},{"time":8.5,"type":"block","angle":60},{"time":9,"type":"block","angle":30},{"time":9.5,"type":"block","angle":345},{"time":10,"type":"block","angle":15},{"time":10.5,"type":"block","angle":345},{"time":11,"type":"block","angle":15},{"time":11.5,"type":"block","angle":345},{"time":12,"type":"block","angle":15},{"time":12.5,"type":"block","angle":45},{"time":13,"type":"block","angle":15},{"time":13.5,"type":"block","angle":45},{"time":14,"type":"block","angle":15},{"time":14.5,"type":"block","angle":45},{"time":15,"type":"block","angle":15},{"time":15.5,"angle":315,"angle2":345,"type":"hold","duration":0.5},{"time":16,"angle":345,"angle2":345,"type":"hold","duration":1},{"time":17.25,"type":"block","angle":330},{"time":17.5,"type":"block","angle":360},{"time":18,"type":"block","angle":330},{"time":18.5,"type":"block","angle":360},{"time":19,"type":"block","angle":330},{"time":19.5,"type":"block","angle":360},{"time":20,"type":"block","angle":330},{"time":20.5,"type":"block","angle":30},{"time":21,"type":"block","angle":60},{"time":21.5,"type":"block","angle":30},{"time":22,"type":"block","angle":60},{"time":22.5,"type":"block","angle":30},{"time":23,"type":"block","angle":60},{"time":23.5,"type":"block","angle":30},{"time":24,"type":"block","angle":60},{"time":24.5,"type":"block","angle":30},{"time":25,"type":"block","angle":60},{"time":25.5,"type":"block","angle":345},{"time":26,"type":"block","angle":15},{"time":26.5,"type":"block","angle":345},{"time":27,"type":"block","angle":15},{"time":27.25,"type":"block","angle":345},{"time":27.75,"type":"block","angle":15},{"time":28,"type":"block","angle":345},{"time":28.5,"type":"block","angle":15},{"time":29,"type":"block","angle":345},{"time":29.5,"type":"block","angle":15},{"time":30,"type":"block","angle":345},{"time":30.5,"type":"block","angle":15},{"time":31,"type":"block","angle":345},{"time":31.5,"type":"block","angle":15},{"time":32,"type":"block","angle":345},{"time":32.5,"type":"block","angle":15},{"time":33,"type":"block","angle":345},{"time":33.5,"type":"block","angle":15},{"time":34,"type":"block","angle":0},{"time":34.5,"type":"block","angle":15},{"time":34.75,"angle":0,"angle2":-15,"type":"hold","duration":1.5},{"time":36.5,"type":"block","angle":0},{"time":37,"type":"block","angle":345},{"time":37.25,"type":"block","angle":15},{"time":37.5,"type":"block","angle":0},{"time":38,"type":"block","angle":15},{"time":38.25,"type":"block","angle":0},{"time":38.75,"type":"block","angle":15},{"time":39,"angle":0,"angle2":15,"type":"hold","duration":1},{"time":40.5,"type":"block","angle":45},{"time":41,"type":"block","angle":15},{"time":41.5,"type":"block","angle":45},{"time":42,"type":"block","angle":15},{"time":42.5,"type":"block","angle":45},{"time":42.75,"type":"block","angle":15},{"time":43.5,"type":"block","angle":345},{"time":44,"type":"block","angle":0},{"time":44.5,"type":"block","angle":345},{"time":45,"type":"block","angle":360},{"time":45.25,"type":"block","angle":345},{"time":45.5,"type":"block","angle":0},{"time":46,"type":"block","angle":345},{"time":46.5,"type":"block","angle":360},{"time":47,"angle":345,"angle2":353,"type":"hold","duration":0.80000001192093},{"time":48.5,"type":"block","angle":300},{"time":49,"type":"block","angle":330},{"time":49.5,"type":"block","angle":315},{"time":50,"type":"block","angle":330},{"time":50.25,"type":"block","angle":315},{"time":50.5,"type":"block","angle":330},{"time":50.75,"type":"block","angle":15},{"time":51.25,"type":"block","angle":30},{"time":51.75,"type":"block","angle":45},{"time":52,"type":"block","angle":345},{"time":52.5,"type":"block","angle":15},{"time":53,"type":"block","angle":345},{"time":52.75,"type":"block","angle":360},{"time":53.5,"type":"block","angle":345},{"time":54,"type":"block","angle":15},{"time":54.5,"type":"block","angle":345},{"time":54.75,"type":"block","angle":0},{"time":55,"type":"block","angle":300},{"time":55.25,"type":"block","angle":330},{"time":55.75,"type":"block","angle":300},{"time":56,"type":"block","angle":330},{"time":56.25,"type":"block","angle":345},{"time":56.5,"type":"block","angle":15},{"time":56.75,"type":"block","angle":345},{"time":57,"type":"block","angle":15},{"time":57.5,"type":"block","angle":345},{"time":57.75,"type":"block","angle":15},{"time":58.25,"angle":345,"angle2":345,"type":"hold","duration":1},{"time":59.75,"type":"block","angle":0},{"time":60,"type":"block","angle":30},{"time":60.25,"type":"block","angle":0},{"time":60.5,"type":"block","angle":30},{"time":60.75,"type":"block","angle":0},{"time":61.25,"type":"block","angle":30},{"time":61.25,"angle":30,"angle2":15,"type":"hold","duration":1},{"time":62.5,"angle":15,"angle2":15,"type":"hold","duration":0.75},{"time":64.5,"type":"block","angle":15},{"time":65,"type":"block","angle":345},{"time":65.5,"type":"block","angle":15},{"time":66,"type":"block","angle":345},{"time":66.5,"type":"block","angle":15},{"time":66.75,"type":"block","angle":345},{"time":67,"type":"block","angle":15},{"time":67.75,"type":"block","angle":345},{"time":68.25,"type":"block","angle":15},{"time":68,"type":"block","angle":0},{"time":68.75,"type":"block","angle":345},{"time":69,"type":"block","angle":0},{"time":69.25,"type":"block","angle":15},{"time":70.25,"type":"block","angle":345},{"time":70.5,"type":"block","angle":0},{"time":70.75,"type":"block","angle":15},{"time":69.75,"type":"block","angle":345},{"time":70,"type":"block","angle":15},{"time":71,"type":"block","angle":30},{"time":72.25,"type":"block","angle":345},{"time":72.5,"type":"block","angle":15},{"time":73,"type":"block","angle":330},{"time":73.5,"type":"block","angle":315},{"time":74,"type":"block","angle":330},{"time":74.5,"type":"block","angle":315},{"time":75,"type":"block","angle":330},{"time":75.5,"type":"block","angle":345},{"time":76,"type":"block","angle":330},{"time":76.5,"type":"block","angle":345},{"time":77,"type":"block","angle":330},{"time":77.5,"type":"block","angle":345},{"time":78,"type":"block","angle":330},{"time":78.5,"type":"block","angle":345},{"time":79,"type":"block","angle":330},{"time":79.5,"angle":345,"angle2":435,"type":"hold","duration":3},{"time":82.5,"angle":75,"angle2":0,"type":"hold","duration":2.25},{"time":85.5,"type":"block","angle":315},{"time":86,"type":"block","angle":360},{"time":86.5,"type":"block","angle":30},{"time":87,"type":"block","angle":345},{"time":87.5,"type":"block","angle":315},{"time":88,"type":"block","angle":285},{"time":88.5,"type":"block","angle":330},{"time":89,"type":"block","angle":360},{"time":89.5,"type":"block","angle":30},{"time":92.5,"type":"block","angle":330},{"time":93,"type":"block","angle":360},{"time":93.5,"type":"block","angle":330},{"time":94,"type":"block","angle":0},{"time":94.5,"type":"block","angle":330},{"time":95,"angle":360,"angle2":330,"type":"hold","duration":0.25},{"time":95.25,"angle":330,"angle2":360,"type":"hold","duration":0.25},{"time":95.5,"angle":0,"angle2":-15,"type":"hold","duration":0.25},{"time":96,"type":"inverse","angle":345},{"time":96.5,"type":"inverse","angle":300},{"time":97,"type":"inverse","angle":255},{"time":97.5,"type":"inverse","angle":300},{"time":98,"type":"inverse","angle":345},{"time":98.5,"type":"inverse","angle":30},{"time":99,"type":"inverse","angle":345},{"time":99.5,"type":"inverse","angle":300},{"time":102.5,"type":"inverse","angle":15},{"time":103,"type":"inverse","angle":345},{"time":103.5,"type":"inverse","angle":15},{"time":104,"type":"inverse","angle":345},{"time":104.5,"type":"inverse","angle":15},{"time":105,"type":"inverse","angle":345},{"time":105.5,"type":"inverse","angle":15},{"time":106,"type":"inverse","angle":345},{"time":106.5,"type":"inverse","angle":165},{"time":107,"type":"inverse","angle":195},{"time":107.5,"type":"inverse","angle":165},{"time":108,"type":"inverse","angle":195},{"time":108.5,"type":"inverse","angle":165},{"time":109,"type":"inverse","angle":195},{"time":109.5,"type":"inverse","angle":165},{"time":110,"type":"inverse","angle":195},{"time":110.5,"type":"inverse","angle":165},{"time":111,"angle":195,"angle2":165,"type":"hold","duration":0.25},{"time":111.25,"angle":165,"angle2":195,"type":"hold","duration":0.25},{"time":111.5,"angle":195,"angle2":180,"type":"hold","duration":0.25},{"time":111.75,"angle":180,"angle2":315,"type":"hold","duration":1.1000000238419},{"time":112.84999847412,"angle":315,"angle2":240,"type":"hold","duration":1.1000000238419},{"time":113.95999908447,"angle":240,"angle2":90,"type":"hold","duration":1.039999961853},{"time":115,"angle":90,"angle2":135,"type":"hold","duration":1.0499999523163},{"time":116.05999755859,"angle":135,"angle2":105,"type":"hold","duration":1.0099999904633},{"time":117.06999969482,"angle":105,"angle2":150,"type":"hold","duration":1.0599999427795},{"time":118.12300109863,"angle":150,"angle2":195,"type":"hold","duration":1.039999961853},{"time":119.16799926758,"angle":195,"angle2":45,"type":"hold","duration":1.1000000238419},{"time":120.25,"angle":45,"angle2":0,"type":"hold","duration":1},{"time":121.25,"angle":0,"angle2":15,"type":"hold","duration":0.93000000715256},{"time":122.15000152588,"angle":15,"angle2":-30,"type":"hold","duration":0.93000000715256},{"time":123.08000183105,"angle":330,"angle2":315,"type":"hold","duration":1},{"time":124.08000183105,"angle":315,"angle2":360,"type":"hold","duration":1},{"time":125.05000305176,"angle":0,"angle2":0,"type":"hold","duration":1},{"time":126.05999755859,"angle":360,"angle2":435,"type":"hold","duration":1},{"time":127.05000305176,"angle":75,"angle2":120,"type":"hold","duration":1},{"time":128.05000305176,"angle":120,"angle2":195,"type":"hold","duration":1},{"time":129.05000305176,"angle":195,"angle2":165,"type":"hold","duration":1},{"time":130.05000305176,"angle":165,"angle2":180,"type":"hold","duration":1},{"time":131.05000305176,"angle":180,"angle2":135,"type":"hold","duration":1},{"time":132.05000305176,"angle":135,"angle2":240,"type":"hold","duration":1},{"time":133.05000305176,"angle":240,"angle2":300,"type":"hold","duration":1},{"time":134.05000305176,"angle":300,"angle2":285,"type":"hold","duration":1},{"time":135.05000305176,"angle":285,"angle2":390,"type":"hold","duration":1},{"time":136.05000305176,"angle":30,"angle2":15,"type":"hold","duration":1},{"time":137.05000305176,"angle":15,"angle2":-30,"type":"hold","duration":1},{"time":138.05000305176,"angle":330,"angle2":360,"type":"hold","duration":1},{"time":139,"angle":360,"angle2":427.5,"type":"hold","duration":1},{"time":140,"angle":67.5,"angle2":56.25,"type":"hold","duration":1},{"time":141,"angle":56.25,"angle2":123.75,"type":"hold","duration":1},{"time":142,"angle":123.75,"angle2":157.5,"type":"hold","duration":1},{"time":143,"angle":157.5,"angle2":123.75,"type":"hold","duration":1},{"time":144,"angle":123.75,"angle2":225,"type":"hold","duration":1},{"time":145,"angle":225,"angle2":270,"type":"hold","duration":1},{"time":146,"angle":270,"angle2":236.25,"type":"hold","duration":1},{"time":147,"angle":236.25,"angle2":258.75,"type":"hold","duration":1},{"time":148,"angle":258.75,"angle2":191.25,"type":"hold","duration":1},{"time":149,"angle":191.25,"angle2":202.5,"type":"hold","duration":1},{"time":150,"angle":202.5,"angle2":123.75,"type":"hold","duration":1},{"time":151,"angle":123.75,"angle2":213.75,"type":"hold","duration":1},{"time":152,"angle":213.75,"angle2":78.75,"type":"hold","duration":1},{"time":153,"angle":78.75,"angle2":-11.25,"type":"hold","duration":1},{"time":154,"angle":348.75,"angle2":405,"type":"hold","duration":1},{"time":155,"angle":45,"angle2":-22.5,"type":"hold","duration":1},{"time":156,"angle":337.5,"angle2":405,"type":"hold","duration":1},{"time":157,"angle":45,"angle2":-22.5,"type":"hold","duration":1},{"time":158,"angle":337.5,"angle2":258.75,"type":"hold","duration":1},{"time":159,"angle":258.75,"angle2":348.75,"type":"hold","duration":1},{"time":160,"angle":348.75,"angle2":236.25,"type":"hold","duration":1},{"time":161,"angle":236.25,"angle2":247.5,"type":"hold","duration":1},{"time":162,"angle":247.5,"angle2":225,"type":"hold","duration":1},{"time":163,"angle":225,"angle2":168.75,"type":"hold","duration":1},{"time":164,"angle":168.75,"angle2":168.75,"type":"hold","duration":1},{"time":165,"angle":168.75,"angle2":202.5,"type":"hold","duration":1},{"time":166,"angle":202.5,"angle2":180,"type":"hold","duration":1},{"time":167,"angle":180,"angle2":0,"type":"hold","duration":1},{"time":168,"angle":0,"angle2":0,"type":"hold","duration":1},{"time":169,"angle":360,"angle2":427.5,"type":"hold","duration":1},{"time":170,"angle":67.5,"angle2":67.5,"type":"hold","duration":1},{"time":171,"angle":67.5,"angle2":45,"type":"hold","duration":1},{"time":172,"angle":45,"angle2":56.25,"type":"hold","duration":1},{"time":173,"angle":56.25,"angle2":67.5,"type":"hold","duration":1},{"time":174,"angle":67.5,"angle2":0,"type":"hold","duration":1.3500000238419},{"time":180.75,"angle":360,"angle2":90,"type":"hold","duration":3},{"time":175.35000610352,"angle":360,"angle2":360,"type":"hold","duration":1.25},{"time":183.75,"angle":90,"angle2":-180,"type":"hold","duration":3},{"time":186.75,"angle":180,"angle2":-90,"type":"hold","duration":3},{"time":189.75,"angle":270,"angle2":0,"type":"hold","duration":3.25},{"time":90,"angle":337.5,"angle2":315,"type":"hold","duration":0.5},{"time":90.5,"angle":315,"angle2":360,"type":"hold","duration":0.5},{"time":91,"angle":360,"angle2":315,"type":"hold","duration":0.5},{"time":91.5,"angle":315,"angle2":360,"type":"hold","duration":0.5},{"time":100,"angle":330,"angle2":360,"type":"hold","duration":0.5},{"time":100.5,"angle":360,"angle2":300,"type":"hold","duration":0.5},{"time":101,"angle":300,"angle2":360,"type":"hold","duration":0.5},{"time":101.5,"angle":360,"angle2":300,"type":"hold","duration":0.5}]