[{"time":4,"duration":0.57499998807907,"endTap":true,"angle2":0,"type":"hold","speedMult":2,"angle":30},{"time":4,"duration":0.57499998807907,"endTap":true,"angle2":359.89999389648,"type":"hold","speedMult":2,"angle":330},{"time":7.625,"type":"block","speedMult":2,"angle":93.351333618164},{"time":8.125,"type":"block","speedMult":2,"angle":106.8583984375},{"time":8.375,"type":"block","speedMult":2,"angle":119.60445404053},{"time":8.625,"type":"block","speedMult":2,"angle":135},{"time":8.875,"type":"block","speedMult":2,"angle":149.54888916016},{"time":9.625,"type":"block","speedMult":2,"angle":164.33932495117},{"time":10.125,"type":"side","speedMult":2,"angle":233.94538879395},{"time":10.875,"type":"block","speedMult":2,"angle":305.0143737793},{"time":12.125,"duration":1,"startTap":true,"angle2":335.55142211914,"type":"hold","speedMult":2,"angle":291.80142211914},{"time":13.125,"type":"block","speedMult":2,"angle":348.75},{"time":14.125,"type":"block","speedMult":2,"angle":360},{"time":14.875,"type":"block","speedMult":2,"angle":33.75},{"startTap":true,"endTap":true,"angle2":179.89999389648,"time":19.125,"duration":1.1000000238419,"angle":289.21588134766,"speedMult":2,"type":"hold"},{"time":21.125,"type":"block","speedMult":2,"angle":161.51466369629},{"time":18.125,"type":"side","speedMult":2,"angle":303.99322509766},{"time":22.125,"type":"block","speedMult":2,"angle":209.59657287598},{"time":22.875,"type":"block","speedMult":2,"angle":255.29472351074},{"time":26.125,"type":"side","speedMult":2,"angle":124},{"time":27,"type":"block","speedMult":2,"angle":111.90450286865},{"time":28.125,"duration":1,"startTap":true,"angle2":208.20037841797,"type":"hold","speedMult":2,"angle":105.70038604736},{"time":15.75,"type":"block","speedMult":2,"angle":-273.35133361816},{"time":16.25,"type":"block","speedMult":2,"angle":-286.8583984375},{"time":16.5,"type":"block","speedMult":2,"angle":-299.60445404053},{"time":16.75,"type":"block","speedMult":2,"angle":-315},{"time":17,"type":"block","speedMult":2,"angle":-329.54888916016},{"time":17.75,"type":"block","speedMult":2,"angle":-344.33932495117},{"time":23.75,"type":"block","speedMult":2,"angle":-93.351333618164},{"time":24.25,"type":"block","speedMult":2,"angle":-106.8583984375},{"time":24.5,"type":"block","speedMult":2,"angle":-119.60445404053},{"time":24.75,"type":"block","speedMult":2,"angle":-135},{"time":25,"type":"block","speedMult":2,"angle":-149.54888916016},{"time":25.75,"type":"block","speedMult":2,"angle":-164.33932495117},{"time":31.75,"type":"block","speedMult":2,"angle":93.351333618164},{"time":32.25,"type":"block","speedMult":2,"angle":106.8583984375},{"time":32.5,"type":"block","speedMult":2,"angle":119.60445404053},{"time":32.75,"type":"block","speedMult":2,"angle":135},{"time":33,"type":"block","speedMult":2,"angle":149.54888916016},{"time":33.75,"type":"block","speedMult":2,"angle":164.33932495117},{"time":35.333332061768,"type":"block","speedMult":2,"angle":157.5},{"time":35.333332061768,"type":"extraTap","speedMult":2,"angle":191.25},{"time":36.25,"type":"extraTap","speedMult":2,"angle":191.25},{"time":35.333332061768,"type":"block","speedMult":2,"angle":202.5},{"time":36.25,"type":"block","speedMult":2,"angle":180},{"time":36.25,"type":"block","speedMult":2,"angle":135},{"time":36.25,"duration":3.5,"holdEase":"inExpo","angle2":258.75,"type":"hold","speedMult":2,"angle":157.5},{"time":39.8125,"type":"block","speedMult":2,"angle":-453.35133361816},{"time":40.3125,"type":"block","speedMult":2,"angle":-466.8583984375},{"time":40.5625,"type":"block","speedMult":2,"angle":-479.60445404053},{"time":40.8125,"type":"block","speedMult":2,"angle":-495},{"time":41.0625,"type":"block","speedMult":2,"angle":-509.54888916016},{"time":41.8125,"type":"block","speedMult":2,"angle":-524.33932495117},{"time":43.458332061768,"type":"block","speedMult":2,"angle":-157.5},{"time":43.4375,"type":"extraTap","speedMult":2,"angle":171.51699829102},{"time":44.375,"type":"extraTap","speedMult":2,"angle":168.99526977539},{"time":43.458332061768,"type":"block","speedMult":2,"angle":-202.5},{"time":44.375,"type":"block","speedMult":2,"angle":-180},{"time":44.375,"type":"block","speedMult":2,"angle":-135},{"time":44.375,"duration":3.5,"holdEase":"inExpo","angle2":-258.75,"type":"hold","speedMult":2,"angle":-157.5},{"time":47.9375,"type":"block","speedMult":2,"angle":-633.35133361816},{"time":48.4375,"type":"block","speedMult":2,"angle":-646.8583984375},{"time":48.6875,"type":"block","speedMult":2,"angle":-659.60445404053},{"time":48.9375,"type":"block","speedMult":2,"angle":-675},{"time":49.1875,"type":"block","speedMult":2,"angle":-689.54888916016},{"time":49.9375,"type":"block","speedMult":2,"angle":-704.33932495117},{"time":51.520832061768,"type":"block","speedMult":2,"angle":-697.5},{"time":51.520832061768,"type":"extraTap","speedMult":2,"angle":-731.25},{"time":52.4375,"type":"extraTap","speedMult":2,"angle":-731.25},{"time":51.520832061768,"type":"block","speedMult":2,"angle":-742.5},{"time":52.4375,"type":"block","speedMult":2,"angle":292.5},{"time":52.4375,"type":"block","speedMult":2,"angle":270},{"time":52.4375,"duration":3.5,"holdEase":"linear","angle2":-78.75,"type":"hold","speedMult":2,"angle":281.25},{"time":55.9375,"type":"block","speedMult":2,"angle":993.35133361816},{"time":56.4375,"type":"block","speedMult":2,"angle":1006.8583984375},{"time":56.6875,"type":"block","speedMult":2,"angle":1019.6044540405},{"time":56.9375,"type":"block","speedMult":2,"angle":1035},{"time":57.1875,"type":"block","speedMult":2,"angle":1049.5488891602},{"time":57.9375,"type":"block","speedMult":2,"angle":1064.3393249512},{"time":59.583332061768,"type":"block","speedMult":2,"angle":-697.5},{"time":59.583332061768,"type":"extraTap","speedMult":2,"angle":-731.25},{"time":60.5,"type":"extraTap","speedMult":2,"angle":-731.25},{"time":59.583332061768,"type":"block","speedMult":2,"angle":-742.5},{"time":60.5,"type":"block","speedMult":2,"angle":67.5},{"time":60.5,"type":"block","speedMult":2,"angle":90},{"time":60.5,"duration":3.0999999046326,"holdEase":"linear","angle2":146.25,"type":"hold","speedMult":2,"angle":78.75},{"time":63.625,"type":"extraTap","speedMult":2,"angle":157.5},{"time":63.598411560059,"duration":1,"angle2":34.181396484375,"type":"hold","speedMult":2,"angle":146.68138122559},{"time":64.597999572754,"type":"extraTap","speedMult":2,"angle":101.25},{"time":64.597999572754,"duration":2,"endTap":true,"angle2":259.25814819336,"type":"hold","speedMult":2,"angle":34.180999755859},{"time":66.587692260742,"duration":1,"angle2":439.15264892578,"type":"hold","speedMult":2,"angle":259.15264892578},{"time":67.587997436523,"type":"extraTap","speedMult":2,"angle":56.25},{"time":67.578765869141,"duration":1,"angle2":-8.0042037963867,"type":"hold","speedMult":2,"angle":79.245796203613},{"time":68.579002380371,"type":"extraTap","speedMult":2,"angle":292.5},{"time":30.0625,"type":"block","speedMult":2,"angle":135},{"time":31.0625,"type":"side","speedMult":2,"angle":101.25},{"time":68.579002380371,"duration":8,"holdEase":"inElastic","angle2":101.25,"type":"hold","speedMult":4,"angle":11.25},{"time":76.625,"duration":8,"holdEase":"inElastic","angle2":191.25,"type":"hold","speedMult":4,"angle":101.25},{"time":84.625,"duration":8,"holdEase":"inElastic","angle2":281.25,"type":"hold","speedMult":4,"angle":191.25},{"time":72.0625,"type":"block","speedMult":2.5,"angle":65},{"time":72.5625,"type":"block","speedMult":2.5,"angle":320},{"time":72.8125,"type":"block","speedMult":2.5,"angle":320},{"time":73.0625,"type":"block","speedMult":2.5,"angle":320},{"time":73.3125,"type":"block","speedMult":2.5,"angle":320},{"time":74.0625,"type":"block","speedMult":2.5,"angle":65},{"time":80.0625,"type":"block","speedMult":2.5,"angle":55},{"time":80.5625,"type":"block","speedMult":2.5,"angle":150},{"time":80.8125,"type":"block","speedMult":2.5,"angle":150},{"time":81.0625,"type":"block","speedMult":2.5,"angle":150},{"time":81.3125,"type":"block","speedMult":2.5,"angle":150},{"time":82.0625,"type":"block","speedMult":2.5,"angle":55},{"time":88.1875,"type":"block","speedMult":2.5,"angle":140},{"time":88.6875,"type":"block","speedMult":2.5,"angle":242},{"time":88.9375,"type":"block","speedMult":2.5,"angle":242},{"time":89.1875,"type":"block","speedMult":2.5,"angle":242},{"time":89.4375,"type":"block","speedMult":2.5,"angle":242},{"time":90.1875,"type":"block","speedMult":2.5,"angle":140},{"time":76.625,"type":"extraTap","speedMult":2,"angle":92.533088684082},{"time":75.625,"type":"extraTap","speedMult":2,"angle":90.221435546875},{"time":84.625,"type":"extraTap","speedMult":2,"angle":179.26422119141},{"time":83.625,"type":"extraTap","speedMult":2,"angle":179.06182861328},{"time":92.625,"type":"extraTap","speedMult":2,"angle":242.53062438965},{"time":91.625,"type":"extraTap","speedMult":2,"angle":271.87261962891},{"time":92.625,"duration":8,"holdEase":"inElastic","angle2":362.05407714844,"type":"hold","speedMult":4,"angle":281.05407714844},{"time":96.1875,"type":"block","speedMult":2.5,"angle":-115},{"time":96.6875,"type":"block","speedMult":2.5,"angle":-390},{"time":96.9375,"type":"block","speedMult":2.5,"angle":-390},{"time":97.1875,"type":"block","speedMult":2.5,"angle":-390},{"time":97.4375,"type":"block","speedMult":2.5,"angle":-390},{"time":98.1875,"type":"block","speedMult":2.5,"angle":-115},{"time":95.75,"type":"extraTap","speedMult":2,"angle":234.9914855957},{"time":96.75,"type":"extraTap","speedMult":2,"angle":232.83326721191},{"time":100.75,"type":"extraTap","speedMult":2,"angle":351.14727783203},{"time":99.75,"type":"extraTap","speedMult":2,"angle":349.09902954102},{"time":101.75,"type":"block","speedMult":2,"angle":346.98715209961},{"time":101.75,"type":"block","speedMult":2,"angle":8.2617235183716},{"startTap":true,"segments":1,"angle2":376.02960205078,"time":101.75,"duration":1,"angle":358.02960205078,"speedMult":2,"type":"hold"},{"startTap":true,"segments":1,"angle2":95.774551391602,"time":102.75,"duration":1,"angle":15.77454662323,"speedMult":2,"type":"hold"},{"startTap":true,"segments":1,"angle2":228.5891418457,"time":103.75,"duration":1,"spinEase":"outCubic","angle":95.589134216309,"speedMult":2,"type":"hold"},{"time":104.3125,"type":"block","speedMult":2,"angle":216},{"time":104.8125,"type":"block","speedMult":2,"angle":273.47885131836},{"time":105.0625,"type":"block","speedMult":2,"angle":259.89739990234},{"time":105.3125,"type":"block","speedMult":2,"angle":269.71545410156},{"time":105.5625,"type":"block","speedMult":2,"angle":280.75268554688},{"time":106.3125,"type":"block","speedMult":2,"angle":264.16326904297},{"startTap":true,"segments":1,"angle2":311.79559326172,"time":104.75,"duration":1,"angle":228.79557800293,"speedMult":2,"type":"hold"},{"startTap":true,"segments":1,"angle2":231.70440673828,"time":105.75,"duration":1,"angle":311.70440673828,"speedMult":2,"type":"hold"},{"startTap":true,"segments":1,"angle2":307.74252319336,"time":106.75,"duration":1,"angle":231.74252319336,"speedMult":2,"type":"hold"},{"time":107.75,"type":"extraTap","speedMult":2,"angle":303.78689575195},{"time":108.8125,"type":"extraTap","speedMult":2,"angle":304.69244384766},{"time":108.8125,"duration":1,"startTap":true,"angle2":407.11859130859,"type":"hold","speedMult":2,"angle":314.11859130859},{"time":109.8125,"duration":1,"startTap":true,"angle2":-53.976615905762,"type":"hold","speedMult":2,"angle":47.023384094238},{"time":110.8125,"duration":1,"startTap":true,"angle2":403.98471069336,"type":"hold","speedMult":2,"angle":305.98471069336},{"time":111.81832122803,"duration":1,"startTap":true,"angle2":-54.400001525879,"type":"hold","speedMult":2,"angle":44.139194488525},{"time":112.375,"type":"block","speedMult":2,"angle":315},{"time":112.8125,"type":"block","speedMult":2,"angle":292.5},{"time":112.81635284424,"duration":1,"startTap":true,"angle2":55.388999938965,"type":"hold","speedMult":2,"angle":305.81304931641},{"time":113.0625,"type":"block","speedMult":2,"angle":258.75},{"time":113.3125,"type":"block","speedMult":2,"angle":213.75},{"time":113.61799621582,"type":"block","speedMult":2,"angle":135},{"startTap":true,"endTap":true,"holdEase":"outExpo","angle2":-0.46171569824219,"time":113.82154846191,"duration":1,"angle":55.788284301758,"speedMult":2,"type":"hold"},{"time":114.3125,"type":"block","speedMult":2,"angle":67.5},{"time":116,"type":"extraTap","speedMult":2,"angle":360},{"time":115.625,"type":"block","speedMult":2,"angle":382.5},{"time":115.4375,"type":"block","speedMult":2,"angle":348.75},{"time":116.0625,"type":"block","speedMult":2,"angle":11.25},{"time":116.0625,"type":"block","speedMult":2,"angle":33.75},{"time":117,"type":"extraTap","speedMult":2,"angle":360},{"time":117,"type":"block","speedMult":2,"angle":326.25},{"time":117,"type":"block","speedMult":2,"angle":315},{"startTap":true,"holdEase":"inQuart","angle2":230.27456665039,"time":117,"duration":1,"angle":320.27456665039,"speedMult":2,"type":"hold"},{"startTap":true,"holdEase":"inQuart","angle2":320.52276611328,"time":117.99716949463,"duration":1,"angle":230.52278137207,"speedMult":2,"type":"hold"},{"startTap":true,"holdEase":"inQuart","angle2":169.6247253418,"time":118.99589538574,"duration":1,"angle":320.6247253418,"speedMult":2,"type":"hold"},{"startTap":true,"holdEase":"inSine","angle2":236.25,"time":120,"duration":0.9375,"angle":168.75,"speedMult":2,"type":"hold"},{"time":120.4375,"type":"block","speedMult":2,"angle":236.25},{"time":120.9375,"duration":0.27000001072884,"segments":1,"angle2":157.5,"type":"hold","speedMult":2,"angle":236.25},{"time":121.20800018311,"duration":0.27000001072884,"segments":1,"angle2":236.25,"type":"hold","speedMult":2,"angle":157.5},{"time":121.47799682617,"duration":0.27000001072884,"segments":1,"angle2":157.5,"type":"hold","speedMult":2,"angle":236.25},{"time":121.75,"duration":0.69999998807907,"angle2":90,"type":"hold","speedMult":2,"angle":157.5},{"time":122.9375,"duration":1,"angle2":-45,"type":"mineHold","speedMult":2,"angle":247.5},{"time":123.9375,"type":"extraTap","speedMult":2,"angle":303.75},{"time":124.9375,"type":"extraTap","speedMult":2,"angle":303.75},{"time":123.9375,"duration":1,"angle2":315,"type":"mineHold","speedMult":2,"angle":202.5},{"time":124.9375,"duration":1,"holdEase":"inSine","angle2":180,"type":"hold","speedMult":2,"angle":0},{"time":125.9375,"duration":1,"startTap":true,"angle2":281.25,"type":"hold","speedMult":2,"angle":180},{"time":126.9375,"duration":1,"startTap":true,"angle2":101.25,"type":"hold","speedMult":2,"angle":281.25},{"time":127.9375,"type":"extraTap","speedMult":2,"angle":90},{"time":128.9375,"type":"extraTap","speedMult":2,"angle":90},{"time":128.5,"type":"block","speedMult":2,"angle":90},{"time":129.0625,"type":"block","speedMult":2,"angle":56.25},{"time":129.3125,"type":"block","speedMult":2,"angle":45},{"time":129.5625,"type":"block","speedMult":2,"angle":33.75},{"time":129.8125,"type":"block","speedMult":2,"angle":22.5},{"time":130.5,"type":"block","speedMult":2,"angle":0},{"time":130.8125,"duration":2.125,"angle2":247.5,"type":"mineHold","angle":247.5},{"time":130.8125,"duration":2.125,"angle2":112.5,"type":"mineHold","angle":112.5},{"time":132,"type":"extraTap","speedMult":2,"angle":0},{"time":132.9375,"type":"extraTap","speedMult":2,"angle":315},{"time":132.9375,"duration":0.5,"angle2":371.25,"type":"hold","speedMult":10,"angle":270},{"time":132.9375,"duration":0.5,"angle2":-11.25,"type":"hold","speedMult":10,"angle":90},{"time":132.9375,"duration":0.5,"angle2":371.25,"type":"hold","speedMult":10,"angle":303.75},{"time":132.9375,"duration":0.5,"angle2":-11.25,"type":"hold","speedMult":10,"angle":56.25},{"time":134.5,"type":"block","speedMult":2,"angle":22.5},{"time":134.5,"type":"block","speedMult":2,"angle":371.25},{"time":134,"tap":true,"angle":348.75,"speedMult":2,"type":"block"},{"time":134,"tap":true,"angle":0,"speedMult":2,"type":"block"},{"startTap":true,"holdEase":"inSine","angle2":146.25,"time":135,"duration":0.80000001192093,"angle":67.5,"speedMult":2.5,"type":"hold"},{"startTap":true,"holdEase":"inSine","angle2":157.5,"time":135,"duration":0.80000001192093,"angle":78.75,"speedMult":2.5,"type":"hold"},{"time":135.8125,"duration":0.80000001192093,"holdEase":"inSine","angle2":45,"type":"hold","speedMult":2.5,"angle":157.5},{"time":135.8125,"duration":0.80000001192093,"holdEase":"inSine","angle2":33.75,"type":"hold","speedMult":2.5,"angle":146.25},{"time":136,"type":"extraTap","speedMult":2,"angle":146.25},{"startTap":true,"holdEase":"outExpo","angle2":-123.75,"time":137.0625,"duration":0.5,"angle":22.5,"speedMult":2.5,"type":"hold"},{"startTap":true,"holdEase":"outExpo","angle2":-112.5,"time":137.0625,"duration":0.5,"angle":11.25,"speedMult":2.5,"type":"hold"},{"time":136.56199645996,"type":"block","speedMult":2,"angle":22.5},{"time":136.5625,"type":"block","speedMult":2,"angle":11.25},{"time":137.25,"type":"block","speedMult":2,"angle":281.25},{"time":137.5,"type":"block","speedMult":2,"angle":270},{"time":137.75,"type":"block","speedMult":2,"angle":258.75},{"time":140.0625,"type":"extraTap","speedMult":2,"angle":247.5},{"time":138.5625,"type":"block","speedMult":2,"angle":292.5},{"time":138.0625,"tap":true,"angle":258.75,"speedMult":2,"type":"block"},{"time":138.0625,"tap":true,"angle":236.25,"speedMult":2,"type":"block"},{"time":138.5625,"type":"block","speedMult":2,"angle":315},{"time":137.25,"type":"block","speedMult":2,"angle":292.5},{"time":137.5,"type":"block","speedMult":2,"angle":281.25},{"time":137.75,"type":"block","speedMult":2,"angle":270},{"startTap":true,"holdEase":"inSine","angle2":-135,"time":139.0625,"duration":0.80000001192093,"angle":-22.5,"speedMult":2.5,"type":"hold"},{"startTap":true,"holdEase":"inSine","angle2":-146.25,"time":139.0625,"duration":0.80000001192093,"angle":-33.75,"speedMult":2.5,"type":"hold"},{"time":139.875,"duration":0.80000001192093,"holdEase":"inSine","angle2":0,"type":"hold","speedMult":2.5,"angle":-146.25},{"time":139.875,"duration":0.80000001192093,"holdEase":"inSine","angle2":11.25,"type":"hold","speedMult":2.5,"angle":-135},{"time":140.5,"type":"block","speedMult":2,"angle":326.25},{"time":140.5,"type":"block","speedMult":2,"angle":22.5},{"time":141.0625,"duration":0.5,"startTap":true,"angle2":326.25,"type":"hold","speedMult":4,"angle":326.25},{"time":141.0625,"duration":0.5,"startTap":true,"angle2":292.5,"type":"hold","speedMult":4,"angle":292.5},{"time":142.0625,"duration":0.5,"startTap":true,"angle2":258.75,"type":"hold","speedMult":4,"angle":258.75},{"time":142.0625,"duration":0.5,"startTap":true,"angle2":225,"type":"hold","speedMult":4,"angle":225},{"startTap":true,"holdEase":"inSine","angle2":-247.5,"time":143,"duration":0.80000001192093,"angle":-157.5,"speedMult":2.5,"type":"hold"},{"startTap":true,"holdEase":"inSine","angle2":-258.75,"time":143,"duration":0.80000001192093,"angle":-168.75,"speedMult":2.5,"type":"hold"},{"time":143.8125,"duration":0.80000001192093,"holdEase":"inSine","angle2":-135,"type":"hold","speedMult":2.5,"angle":-258.75},{"time":143.8125,"duration":0.80000001192093,"holdEase":"inSine","angle2":-123.75,"type":"hold","speedMult":2.5,"angle":-247.5},{"time":144.0625,"type":"extraTap","speedMult":2,"angle":123.75},{"time":145.36199951172,"type":"block","speedMult":2,"angle":123.75},{"time":145.36199951172,"type":"block","speedMult":2,"angle":112.5},{"time":145.61149597168,"type":"block","speedMult":2,"angle":90},{"time":145.61149597168,"type":"block","speedMult":2,"angle":78.75},{"time":145.86250305176,"type":"block","speedMult":2,"angle":123.75},{"time":145.86250305176,"type":"block","speedMult":2,"angle":112.5},{"time":146.125,"type":"extraTap","speedMult":2,"angle":225},{"time":146.625,"type":"block","speedMult":2,"angle":146.25},{"time":146.625,"type":"block","speedMult":2,"angle":135},{"time":147.125,"type":"extraTap","speedMult":2,"angle":146.25},{"startTap":true,"holdEase":"outExpo","angle2":101.25,"time":145,"duration":0.5,"angle":236.25,"speedMult":2.5,"type":"hold"},{"startTap":true,"holdEase":"outExpo","angle2":90,"time":145,"duration":0.5,"angle":225,"speedMult":2.5,"type":"hold"},{"time":144.625,"type":"block","speedMult":2.5,"angle":236.25},{"time":144.625,"type":"block","speedMult":2.5,"angle":225},{"time":148.1875,"type":"extraTap","speedMult":2,"angle":168.75},{"time":148.375,"duration":0.80000001192093,"holdEase":"inElastic","angle2":202.5,"type":"hold","speedMult":2.5,"angle":180},{"startTap":true,"holdEase":"outExpo","angle2":337.5,"time":149.1875,"duration":0.5,"angle":202.5,"speedMult":2.5,"type":"hold"},{"startTap":true,"holdEase":"outExpo","angle2":348.75,"time":149.1875,"duration":0.5,"angle":213.75,"speedMult":2.5,"type":"hold"},{"time":148.75,"type":"block","speedMult":2,"angle":202.5},{"time":148.75,"type":"block","speedMult":2,"angle":191.25},{"time":147.5,"duration":1,"angle2":78.75,"type":"mineHold","speedMult":2,"angle":78.75},{"time":147.5,"duration":1,"angle2":281.25,"type":"mineHold","speedMult":2,"angle":281.25},{"time":147.5,"duration":1,"angle2":360,"type":"mineHold","speedMult":2,"angle":360},{"time":150.125,"tap":true,"angle":0,"speedMult":2,"type":"block"},{"time":150.125,"tap":true,"angle":22.5,"speedMult":2,"type":"block"},{"time":150.6875,"type":"block","speedMult":2,"angle":67.5},{"time":150.67999267578,"type":"block","speedMult":2,"angle":90},{"startTap":true,"holdEase":"inSine","angle2":146.25,"time":151.125,"duration":0.80000001192093,"angle":67.5,"speedMult":2.5,"type":"hold"},{"startTap":true,"holdEase":"inSine","angle2":157.5,"time":151.125,"duration":0.80000001192093,"angle":78.75,"speedMult":2.5,"type":"hold"},{"time":151.9375,"duration":0.80000001192093,"holdEase":"linear","angle2":-67.5,"type":"hold","speedMult":2.5,"angle":157.5},{"time":151.9375,"duration":0.80000001192093,"holdEase":"linear","angle2":-56.25,"type":"hold","speedMult":2.5,"angle":146.25},{"time":152.1875,"type":"extraTap","speedMult":2,"angle":146.25},{"startTap":true,"holdEase":"inExpo","angle2":360,"time":153.125,"duration":0.5,"angle":281.25,"speedMult":2.5,"type":"hold"},{"startTap":true,"holdEase":"inExpo","angle2":348.75,"time":153.125,"duration":0.5,"angle":270,"speedMult":2.5,"type":"hold"},{"time":152.75,"type":"block","speedMult":2.5,"angle":303.75},{"time":152.75,"type":"block","speedMult":2.5,"angle":292.5},{"time":153.375,"type":"block","speedMult":2,"angle":315},{"time":153.375,"type":"block","speedMult":2,"angle":303.75},{"time":153.6875,"type":"block","speedMult":2,"angle":348.75},{"time":153.6875,"type":"block","speedMult":2,"angle":0},{"time":153.9375,"type":"block","speedMult":2,"angle":22.5},{"time":153.9375,"type":"block","speedMult":2,"angle":33.75},{"time":154.125,"type":"extraTap","speedMult":2,"angle":56.25},{"time":154.6875,"type":"block","speedMult":2,"angle":78.75},{"time":154.6875,"type":"block","speedMult":2,"angle":90},{"startTap":true,"holdEase":"inSine","angle2":-326.25,"time":155.1875,"duration":0.80000001192093,"angle":-247.5,"speedMult":2.5,"type":"hold"},{"startTap":true,"holdEase":"inSine","angle2":-337.5,"time":155.1875,"duration":0.80000001192093,"angle":-258.75,"speedMult":2.5,"type":"hold"},{"time":156,"duration":0.80000001192093,"holdEase":"inSine","angle2":-225,"type":"hold","speedMult":2.5,"angle":-337.5},{"time":156,"duration":0.80000001192093,"holdEase":"inSine","angle2":-213.75,"type":"hold","speedMult":2.5,"angle":-326.25},{"time":156.25,"type":"extraTap","speedMult":2,"angle":56.25},{"startTap":true,"holdEase":"inExpo","angle2":270,"time":157.1875,"duration":0.5,"angle":168.75,"speedMult":2.5,"type":"hold"},{"startTap":true,"holdEase":"inExpo","angle2":292.5,"time":157.1875,"duration":0.5,"angle":191.25,"speedMult":2.5,"type":"hold"},{"time":158.1875,"tap":true,"angle":303.75,"speedMult":2,"type":"block"},{"time":158.1875,"tap":true,"angle":281.25,"speedMult":2,"type":"block"},{"time":158.78100585938,"type":"block","speedMult":2,"angle":326.25},{"time":158.78100585938,"type":"block","speedMult":2,"angle":348.75},{"startTap":true,"holdEase":"inSine","angle2":78.75,"time":159.1875,"duration":0.80000001192093,"angle":-33.75,"speedMult":2.5,"type":"hold"},{"startTap":true,"holdEase":"inSine","angle2":90,"time":159.1875,"duration":0.80000001192093,"angle":-22.5,"speedMult":2.5,"type":"hold"},{"time":160,"duration":0.80000001192093,"holdEase":"inSine","angle2":-56.25,"type":"hold","speedMult":2.5,"angle":90},{"time":160,"duration":0.80000001192093,"holdEase":"inSine","angle2":-67.5,"type":"hold","speedMult":2.5,"angle":78.75},{"time":160.1875,"type":"extraTap","speedMult":2,"angle":33.75},{"time":160.8125,"type":"block","speedMult":2.5,"angle":303.75},{"time":160.8125,"type":"block","speedMult":2.5,"angle":292.5},{"startTap":true,"holdEase":"inExpo","angle2":371.25,"time":161.125,"duration":0.5,"angle":281.25,"speedMult":2.5,"type":"hold"},{"startTap":true,"holdEase":"inExpo","angle2":348.75,"time":161.125,"duration":0.5,"angle":258.75,"speedMult":2.5,"type":"hold"},{"time":161.25,"type":"block","speedMult":2,"angle":292.5},{"time":161.25,"type":"block","speedMult":2,"angle":303.75},{"time":161.5,"type":"block","speedMult":2,"angle":337.5},{"time":161.5,"type":"block","speedMult":2,"angle":326.25},{"time":161.75,"type":"block","speedMult":2,"angle":348.75},{"time":161.75,"type":"block","speedMult":2,"angle":11.25},{"time":162,"type":"block","speedMult":2,"angle":348.75},{"time":162,"type":"block","speedMult":2,"angle":11.25},{"time":162.25,"type":"extraTap","speedMult":2,"angle":360},{"time":162.75,"type":"block","speedMult":2,"angle":348.75},{"time":162.75,"type":"block","speedMult":2,"angle":11.25},{"time":162.75,"duration":1,"angle2":112.5,"type":"hold","speedMult":2.5,"angle":0},{"time":164.8125,"duration":0.5,"angle2":1080,"type":"hold","speedMult":2.5,"angle":112.5},{"time":140.9375,"duration":1.875,"angle2":-78.75,"type":"mineHold","speedMult":2,"angle":90},{"time":166.3125,"tap":true,"angle":78.75,"speedMult":2,"type":"block"},{"time":166.3125,"tap":true,"angle":101.25,"speedMult":2,"type":"block"},{"time":167.3125,"tap":true,"angle":-101.25,"speedMult":2,"type":"block"},{"time":167.3125,"tap":true,"angle":-78.75,"speedMult":2,"type":"block"},{"time":168.3125,"tap":true,"angle":78.75,"speedMult":2,"type":"block"},{"time":168.3125,"tap":true,"angle":101.25,"speedMult":2,"type":"block"},{"time":168.8125,"type":"block","speedMult":2,"angle":67.5},{"time":169.3125,"tap":true,"angle":78.75,"speedMult":2,"type":"block"},{"time":169.5625,"type":"block","speedMult":2,"angle":56.25},{"time":169.80000305176,"type":"block","speedMult":2,"angle":33.75},{"time":170.05000305176,"type":"block","speedMult":2,"angle":11.25},{"time":170.8125,"type":"block","speedMult":2,"angle":90},{"time":169.3125,"tap":true,"angle":90,"speedMult":2,"type":"block"},{"time":170.3125,"tap":true,"angle":78.75,"speedMult":2,"type":"block"},{"time":170.3125,"tap":true,"angle":101.25,"speedMult":2,"type":"block"},{"time":171.3125,"tap":true,"angle":-191.25,"speedMult":1.5,"type":"block"},{"time":171.3125,"tap":true,"angle":-168.75,"speedMult":1.5,"type":"block"},{"time":172.3125,"tap":true,"angle":-101.25,"speedMult":1.5,"type":"block"},{"time":172.3125,"tap":true,"angle":-78.75,"speedMult":1.5,"type":"block"},{"time":172.5,"duration":1,"holdEase":"outBack","angle2":371.25,"type":"hold","speedMult":2,"angle":315},{"time":173.4375,"tap":true,"angle":11.25,"speedMult":2,"type":"block"},{"time":174.375,"tap":true,"angle":-236.25,"speedMult":1.5,"type":"block"},{"time":174.375,"tap":true,"angle":-213.75,"speedMult":1.5,"type":"block"},{"time":175.375,"tap":true,"angle":-416.25,"speedMult":1.5,"type":"block"},{"time":175.375,"tap":true,"angle":-393.75,"speedMult":1.5,"type":"block"},{"time":176.375,"tap":true,"angle":-337.5,"speedMult":1.5,"type":"block"},{"time":176.375,"tap":true,"angle":-315,"speedMult":1.5,"type":"block"},{"time":176.875,"type":"block","speedMult":2,"angle":33.75},{"time":177.375,"tap":true,"angle":45,"speedMult":2,"type":"block"},{"time":177.625,"type":"block","speedMult":2,"angle":22.5},{"time":177.86250305176,"type":"block","speedMult":2,"angle":0},{"time":178.11250305176,"type":"block","speedMult":2,"angle":-22.5},{"time":178.875,"type":"block","speedMult":2,"angle":56.25},{"time":177.375,"tap":true,"angle":56.25,"speedMult":2,"type":"block"},{"time":178.375,"tap":true,"angle":45,"speedMult":2,"type":"block"},{"time":178.375,"tap":true,"angle":67.5,"speedMult":2,"type":"block"},{"time":179.4375,"tap":true,"angle":101.25,"speedMult":2,"type":"block"},{"time":179.4375,"tap":true,"angle":123.75,"speedMult":2,"type":"block"},{"time":180.375,"tap":true,"angle":0,"speedMult":2,"type":"block"},{"time":180.375,"tap":true,"angle":22.5,"speedMult":2,"type":"block"},{"time":180.375,"type":"extraTap","speedMult":2,"angle":11.25},{"time":181.4375,"tap":true,"angle":-101.25,"speedMult":2,"type":"block"},{"time":181.4375,"tap":true,"angle":-78.75,"speedMult":2,"type":"block"},{"time":181.4375,"type":"extraTap","speedMult":2,"angle":281.25},{"time":181.4375,"duration":1,"endTap":true,"angle2":450,"type":"hold","speedMult":2,"angle":270},{"time":182.4375,"duration":1,"endTap":true,"angle2":-90,"type":"hold","speedMult":2,"angle":90},{"time":183.4375,"duration":1,"endTap":true,"angle2":180,"type":"hold","speedMult":2,"angle":270},{"time":184.4375,"duration":1,"endTap":true,"angle2":0,"type":"hold","speedMult":2,"angle":180},{"time":184.9375,"type":"block","speedMult":2,"angle":56.25},{"time":185.6875,"type":"block","speedMult":2,"angle":326.25},{"time":185.9375,"type":"block","speedMult":2,"angle":303.75},{"time":186.1875,"type":"block","speedMult":2,"angle":281.25},{"time":186.4375,"tap":true,"angle":303.75,"speedMult":2,"type":"block"},{"time":186.4375,"tap":true,"angle":281.25,"speedMult":2,"type":"block"},{"time":186.9375,"type":"block","speedMult":2,"angle":326.25},{"time":187.5,"tap":true,"angle":-292.5,"speedMult":2,"type":"block"},{"time":187.5,"tap":true,"angle":-270,"speedMult":2,"type":"block"},{"time":188.5,"tap":true,"angle":-101.25,"speedMult":2,"type":"block"},{"time":188.5,"tap":true,"angle":-78.75,"speedMult":2,"type":"block"},{"time":189.4375,"tap":true,"angle":78.75,"speedMult":2,"type":"block"},{"time":189.4375,"tap":true,"angle":101.25,"speedMult":2,"type":"block"},{"time":189.4375,"type":"extraTap","speedMult":2,"angle":146.25},{"endTap":true,"holdEase":"inExpo","angle2":-22.5,"time":189.4375,"duration":1,"type":"hold","speedMult":2,"angle":90},{"endTap":true,"holdEase":"outExpo","angle2":146.25,"time":190.4375,"duration":1,"type":"hold","speedMult":2,"angle":337.5},{"endTap":true,"holdEase":"inExpo","angle2":281.25,"time":191.4375,"duration":1,"type":"hold","speedMult":2,"angle":146.25},{"endTap":true,"holdEase":"inBack","angle2":236.25,"time":192.4375,"duration":1,"type":"hold","speedMult":2,"angle":281.25},{"time":193,"type":"block","speedMult":2,"angle":-112.5},{"time":193.75,"type":"block","speedMult":2,"angle":157.5},{"time":194,"type":"block","speedMult":2,"angle":135},{"time":194.25,"type":"block","speedMult":2,"angle":112.5},{"time":194.5,"tap":true,"angle":135,"speedMult":2,"type":"block"},{"time":194.5,"tap":true,"angle":112.5,"speedMult":2,"type":"block"},{"time":195,"type":"block","speedMult":2,"angle":157.5},{"time":195.5625,"tap":true,"angle":213.75,"speedMult":2,"type":"block"},{"time":195.5625,"tap":true,"angle":191.25,"speedMult":2,"type":"block"},{"time":196.5,"type":"extraTap","speedMult":2,"angle":202.5},{"time":197.5,"type":"extraTap","speedMult":2,"angle":202.5},{"time":197.5,"duration":1,"angle2":22.5,"type":"hold","speedMult":2,"angle":191.25},{"time":201,"type":"block","speedMult":2,"angle":348.75},{"time":198.5,"duration":1,"holdEase":"outCubic","angle2":-22.5,"type":"hold","speedMult":2,"angle":22.5},{"time":200.5,"type":"block","speedMult":2,"angle":337.5},{"time":200.5,"type":"block","speedMult":2,"angle":348.75},{"time":201.5,"type":"block","speedMult":2,"angle":303.75},{"time":201.75,"type":"block","speedMult":2,"angle":281.25},{"time":202,"type":"block","speedMult":2,"angle":258.75},{"time":202.25,"type":"block","speedMult":2,"angle":236.25},{"time":203.0625,"type":"block","speedMult":2,"angle":191.25},{"time":204.5,"type":"extraTap","speedMult":2,"angle":191.25},{"time":205.5,"type":"extraTap","speedMult":2,"angle":191.25},{"time":205.5,"duration":1,"angle2":360,"type":"hold","speedMult":2,"angle":180},{"time":206.5,"duration":1,"angle2":258.75,"type":"hold","speedMult":2,"angle":360},{"time":209.0625,"type":"block","speedMult":2,"angle":236.25},{"time":208.5625,"type":"block","speedMult":2,"angle":225},{"time":208.5625,"type":"block","speedMult":2,"angle":236.25},{"time":209.5625,"type":"block","speedMult":2,"angle":191.25},{"time":209.8125,"type":"block","speedMult":2,"angle":168.75},{"time":210.0625,"type":"block","speedMult":2,"angle":146.25},{"time":210.3125,"type":"block","speedMult":2,"angle":123.75},{"time":211.125,"type":"block","speedMult":2,"angle":78.75},{"time":212.5625,"type":"extraTap","speedMult":2,"angle":90},{"time":213.5625,"type":"extraTap","speedMult":2,"angle":90},{"time":213.5625,"duration":1,"angle2":-180,"type":"hold","speedMult":2,"angle":101.25},{"time":214.5625,"duration":1,"angle2":22.5,"type":"hold","speedMult":2,"angle":180},{"time":215.5625,"duration":1,"holdEase":"inCubic","angle2":146.25,"type":"hold","speedMult":2,"angle":22.5},{"time":217.1875,"type":"block","speedMult":2,"angle":191.25},{"time":217.6875,"type":"block","speedMult":2,"angle":146.25},{"time":217.9375,"type":"block","speedMult":2,"angle":123.75},{"time":218.1875,"type":"block","speedMult":2,"angle":101.25},{"time":218.4375,"type":"block","speedMult":2,"angle":78.75},{"time":219.25,"type":"block","speedMult":2,"angle":33.75},{"time":215.5,"duration":1.6875,"angle2":348.75,"type":"hold","speedMult":2,"angle":213.75},{"time":217.1875,"duration":1.375,"angle2":281.25,"type":"hold","speedMult":2,"angle":348.75},{"time":218.5625,"duration":1,"angle2":236.25,"type":"hold","speedMult":2,"angle":281.25},{"time":219.5625,"duration":1,"angle2":22.5,"type":"hold","speedMult":2,"angle":45},{"time":220.625,"type":"extraTap","speedMult":2,"angle":11.25},{"time":221.625,"type":"extraTap","speedMult":2,"angle":11.25},{"time":221.625,"duration":1,"endTap":false,"angle2":450,"type":"hold","speedMult":2,"angle":360},{"time":222.625,"duration":1,"endTap":false,"angle2":-90,"type":"hold","speedMult":2,"angle":90},{"time":223.625,"duration":1,"endTap":true,"angle2":180,"type":"hold","speedMult":2,"angle":270},{"time":224.625,"duration":1,"endTap":true,"angle2":90,"type":"hold","speedMult":2,"angle":180},{"time":225.1875,"type":"block","speedMult":2,"angle":112.5},{"time":225.6875,"type":"block","speedMult":2,"angle":78.75},{"time":225.9375,"type":"block","speedMult":2,"angle":56.25},{"time":226.1875,"type":"block","speedMult":2,"angle":33.75},{"time":226.4375,"type":"block","speedMult":2,"angle":11.25},{"time":227.25,"type":"block","speedMult":2,"angle":78.75},{"time":227.6875,"tap":true,"angle":101.25,"speedMult":2,"type":"block"},{"time":227.6875,"tap":true,"angle":78.75,"speedMult":2,"type":"block"},{"time":228.6875,"tap":true,"angle":281.25,"speedMult":2,"type":"block"},{"time":228.6875,"tap":true,"angle":258.75,"speedMult":2,"type":"block"},{"time":228.6875,"type":"extraTap","speedMult":2,"angle":236.25},{"time":229.625,"tap":true,"angle":11.25,"speedMult":2,"type":"block"},{"time":229.625,"tap":true,"angle":-11.25,"speedMult":2,"type":"block"},{"time":229.625,"type":"extraTap","speedMult":2,"angle":393.75},{"time":229.64149475098,"duration":8,"holdEase":"inElastic","angle2":90,"type":"hold","speedMult":4,"angle":0},{"time":237.6875,"duration":8,"holdEase":"inElastic","angle2":180,"type":"hold","speedMult":4,"angle":90},{"time":245.6875,"duration":8,"holdEase":"inElastic","angle2":270,"type":"hold","speedMult":4,"angle":180},{"time":233.3125,"type":"block","speedMult":2.5,"angle":53.75},{"time":233.8125,"type":"block","speedMult":2.5,"angle":308.75},{"time":234.0625,"type":"block","speedMult":2.5,"angle":308.75},{"time":234.3125,"type":"block","speedMult":2.5,"angle":308.75},{"time":234.5625,"type":"block","speedMult":2.5,"angle":308.75},{"time":235.3125,"type":"block","speedMult":2.5,"angle":53.75},{"time":241.3125,"type":"block","speedMult":2.5,"angle":43.75},{"time":241.8125,"type":"block","speedMult":2.5,"angle":138.75},{"time":242.0625,"type":"block","speedMult":2.5,"angle":138.75},{"time":242.3125,"type":"block","speedMult":2.5,"angle":138.75},{"time":242.5625,"type":"block","speedMult":2.5,"angle":138.75},{"time":243.3125,"type":"block","speedMult":2.5,"angle":43.75},{"time":249.4375,"type":"block","speedMult":2.5,"angle":128.75},{"time":249.9375,"type":"block","speedMult":2.5,"angle":230.75},{"time":250.1875,"type":"block","speedMult":2.5,"angle":230.75},{"time":250.4375,"type":"block","speedMult":2.5,"angle":230.75},{"time":250.6875,"type":"block","speedMult":2.5,"angle":230.75},{"time":251.4375,"type":"block","speedMult":2.5,"angle":128.75},{"time":237.6875,"type":"extraTap","speedMult":2,"angle":81.283088684082},{"time":236.6875,"type":"extraTap","speedMult":2,"angle":78.971435546875},{"time":245.6875,"type":"extraTap","speedMult":2,"angle":168.01422119141},{"time":244.6875,"type":"extraTap","speedMult":2,"angle":167.81182861328},{"time":253.6875,"type":"extraTap","speedMult":2,"angle":231.28062438965},{"time":252.6875,"type":"extraTap","speedMult":2,"angle":260.62261962891},{"time":253.6875,"duration":8,"holdEase":"inElastic","angle2":350.80407714844,"type":"hold","speedMult":4,"angle":269.80407714844},{"time":257.5,"type":"block","speedMult":2.5,"angle":-126.25},{"time":258,"type":"block","speedMult":2.5,"angle":-401.25},{"time":258.25,"type":"block","speedMult":2.5,"angle":-401.25},{"time":258.5,"type":"block","speedMult":2.5,"angle":-401.25},{"time":258.75,"type":"block","speedMult":2.5,"angle":-401.25},{"time":259.5,"type":"block","speedMult":2.5,"angle":-126.25},{"time":256.8125,"type":"extraTap","speedMult":2,"angle":223.7414855957},{"time":257.875,"type":"extraTap","speedMult":2,"angle":221.58326721191},{"time":261.8125,"type":"extraTap","speedMult":2,"angle":339.89727783203},{"time":260.8125,"type":"extraTap","speedMult":2,"angle":337.84902954102},{"time":229.6875,"type":"block","speedMult":4,"angle":180},{"time":231.3125,"type":"block","speedMult":2,"angle":168.75},{"time":232.625,"type":"block","speedMult":1.5,"angle":202.5},{"time":233.6875,"type":"block","speedMult":1.5,"angle":123.75},{"time":236.6875,"type":"block","speedMult":1.5,"angle":180},{"time":239.375,"type":"block","speedMult":1.5,"angle":258.75},{"time":239.375,"type":"block","speedMult":1.5,"angle":281.25},{"time":240.75,"type":"block","speedMult":1.5,"angle":225},{"time":241.6875,"type":"block","speedMult":1.5,"angle":326.25},{"time":243.1875,"type":"block","speedMult":1.5,"angle":225},{"time":244.6875,"type":"block","speedMult":1.5,"angle":315},{"time":245.6875,"type":"block","speedMult":1.5,"angle":360},{"time":247.1875,"type":"block","speedMult":1.5,"angle":360},{"time":252.875,"type":"block","speedMult":1.5,"angle":0},{"time":253.875,"type":"block","speedMult":1.5,"angle":90},{"time":255.25,"type":"block","speedMult":1.5,"angle":78.75},{"time":256.75,"type":"block","speedMult":1.5,"angle":67.5},{"time":257.3125,"type":"block","speedMult":1.5,"angle":67.5},{"time":260.9375,"type":"block","speedMult":1.5,"angle":90},{"time":262,"type":"block","speedMult":1.5,"angle":168.75},{"time":262.9375,"duration":0,"angle2":292.5,"type":"mineHold","speedMult":1.5,"angle":180},{"time":262.9375,"duration":0,"angle2":33.75,"type":"mineHold","speedMult":1.5,"angle":157.5},{"time":263.4375,"type":"block","speedMult":1.5,"angle":337.5},{"time":265,"type":"block","speedMult":1.5,"angle":67.5},{"time":266,"type":"block","speedMult":1.5,"angle":292.5},{"time":265.5,"type":"block","speedMult":2,"angle":292.5},{"time":266,"type":"block","speedMult":2,"angle":281.25},{"time":266.25,"type":"block","speedMult":2,"angle":258.75},{"time":266.5,"type":"block","speedMult":2,"angle":225},{"time":266.75,"type":"block","speedMult":2,"angle":270},{"time":267,"type":"block","speedMult":2,"angle":225},{"time":267.5,"type":"block","speedMult":2,"angle":202.5},{"time":269.0625,"type":"extraTap","speedMult":2,"angle":180},{"time":269.0625,"type":"block","speedMult":1.5,"angle":45},{"time":267.625,"duration":1,"angle2":90,"type":"mineHold","speedMult":2,"angle":270},{"time":267.625,"duration":0,"angle2":270,"type":"mineHold","speedMult":2,"angle":348.75},{"time":270.0625,"type":"extraTap","speedMult":2,"angle":45},{"time":271.5,"type":"block","speedMult":1.5,"angle":45},{"time":273.0625,"duration":0.5,"angle2":-90,"type":"hold","speedMult":1.5,"angle":45},{"time":274.125,"type":"block","speedMult":2,"angle":247.5},{"time":274.375,"type":"block","speedMult":2,"angle":225},{"time":274.625,"type":"block","speedMult":2,"angle":191.25},{"time":274.875,"type":"block","speedMult":2,"angle":236.25},{"time":275.125,"type":"block","speedMult":2,"angle":191.25},{"time":275.625,"type":"block","speedMult":2,"angle":168.75},{"time":274.125,"type":"block","speedMult":1.5,"angle":236.25},{"time":275.625,"type":"block","speedMult":1.5,"angle":157.5},{"time":277.1875,"type":"extraTap","speedMult":2,"angle":157.5},{"time":278.1875,"type":"extraTap","speedMult":2,"angle":157.5},{"time":277.1875,"type":"block","speedMult":1.5,"angle":90},{"time":275.3125,"duration":1.4375,"angle2":135,"type":"mineHold","speedMult":2,"angle":281.25},{"time":275.3125,"duration":1.4379999637604,"angle2":405,"type":"mineHold","speedMult":2,"angle":281.25},{"time":277.875,"duration":0.30000001192093,"angle2":-123.75,"type":"mineHold","speedMult":2,"angle":-270},{"time":277.875,"duration":0.30000001192093,"angle2":-393.75,"type":"mineHold","speedMult":2,"angle":-270},{"time":278.1875,"duration":1.5,"angle2":135,"type":"hold","speedMult":1.5,"angle":281.25},{"time":282.0625,"duration":1,"angle2":22.5,"type":"hold","speedMult":2,"angle":78.75},{"time":281.625,"type":"block","speedMult":2,"angle":101.25},{"time":282.1875,"type":"block","speedMult":2,"angle":56.25},{"time":282.4375,"type":"block","speedMult":2,"angle":33.75},{"time":282.64999389648,"type":"block","speedMult":2,"angle":11.25},{"time":282.875,"type":"block","speedMult":2,"angle":22.5},{"time":283.625,"type":"block","speedMult":2,"angle":90},{"time":283.0625,"duration":1,"angle2":135,"type":"hold","speedMult":2,"angle":22.5},{"time":284.0625,"duration":1,"angle2":22.5,"type":"hold","speedMult":2,"angle":135},{"time":285.4375,"duration":1,"angle2":-33.75,"type":"mineHold","speedMult":2,"angle":101.25},{"time":286.1875,"type":"block","speedMult":1.5,"angle":303.75},{"time":287.625,"type":"block","speedMult":1.5,"angle":236.25},{"time":288.75,"type":"block","speedMult":1.5,"angle":247.5},{"time":289.6875,"type":"block","speedMult":1.5,"angle":270},{"time":285.4375,"type":"extraTap","speedMult":2,"angle":33.75},{"time":286.1875,"type":"extraTap","speedMult":2,"angle":292.5},{"time":286.4375,"duration":1.125,"angle2":303.75,"type":"mineHold","speedMult":2,"angle":326.25},{"time":286.3125,"duration":1.3125,"holdEase":"outBack","angle2":202.5,"type":"mineHold","speedMult":2,"angle":225},{"time":287.5625,"duration":1.25,"angle2":292.5,"type":"mineHold","speedMult":2,"angle":303.75},{"time":287.625,"duration":1.1875,"angle2":202.5,"type":"mineHold","speedMult":2,"angle":202.5},{"time":290.1875,"type":"block","speedMult":1.5,"angle":258.75},{"time":289.6875,"type":"block","speedMult":2,"angle":258.75},{"time":290.1875,"type":"block","speedMult":2,"angle":247.5},{"time":290.4375,"type":"block","speedMult":2,"angle":225},{"time":290.6875,"type":"block","speedMult":2,"angle":191.25},{"time":291.6875,"type":"block","speedMult":2,"angle":168.75},{"time":293.125,"duration":1,"angle2":270,"type":"hold","speedMult":2,"angle":168.75},{"time":294.125,"type":"extraTap","speedMult":2,"angle":225},{"time":294.125,"duration":0.5,"angle2":281.25,"type":"hold","speedMult":10,"angle":180},{"time":294.125,"duration":0.5,"angle2":-101.25,"type":"hold","speedMult":10,"angle":0},{"time":294.125,"duration":0.5,"angle2":281.25,"type":"hold","speedMult":10,"angle":213.75},{"time":294.125,"duration":0.5,"angle2":-101.25,"type":"hold","speedMult":10,"angle":-33.75},{"time":295.6875,"type":"block","speedMult":2,"angle":-67.5},{"time":295.6875,"type":"block","speedMult":2,"angle":281.25},{"time":295.1875,"tap":true,"angle":258.75,"speedMult":2,"type":"block"},{"time":295.1875,"tap":true,"angle":-90,"speedMult":2,"type":"block"},{"startTap":true,"holdEase":"inSine","angle2":0,"time":296.3125,"duration":0.80000001192093,"angle":-78.75,"speedMult":2.5,"type":"hold"},{"startTap":true,"holdEase":"inSine","angle2":11.25,"time":296.3125,"duration":0.80000001192093,"angle":-67.5,"speedMult":2.5,"type":"hold"},{"time":297.125,"duration":0.80000001192093,"holdEase":"inSine","angle2":-101.25,"type":"hold","speedMult":2.5,"angle":11.25},{"time":297.125,"duration":0.80000001192093,"holdEase":"inSine","angle2":-112.5,"type":"hold","speedMult":2.5,"angle":0},{"time":297.3125,"type":"extraTap","speedMult":2,"angle":0},{"startTap":true,"holdEase":"outExpo","angle2":-270,"time":298.3125,"duration":0.5,"angle":-123.75,"speedMult":2.5,"type":"hold"},{"startTap":true,"holdEase":"outExpo","angle2":-258.75,"time":298.3125,"duration":0.5,"angle":-135,"speedMult":2.5,"type":"hold"},{"time":297.81198120117,"type":"block","speedMult":2,"angle":-123.75},{"time":297.8125,"type":"block","speedMult":2,"angle":-135},{"time":298.5,"type":"block","speedMult":2,"angle":135},{"time":298.8125,"type":"block","speedMult":2,"angle":123.75},{"time":298.5,"type":"block","speedMult":2,"angle":146.25},{"time":298.8125,"type":"block","speedMult":2,"angle":135},{"time":299.0625,"type":"block","speedMult":2,"angle":90},{"time":299.0625,"type":"block","speedMult":2,"angle":78.75},{"time":290.9375,"type":"block","speedMult":2,"angle":180},{"time":299.3125,"tap":true,"angle":67.5,"speedMult":2,"type":"block"},{"time":299.3125,"tap":true,"angle":45,"speedMult":2,"type":"block"},{"time":301.3125,"type":"extraTap","speedMult":2,"angle":303.75},{"startTap":true,"holdEase":"inSine","angle2":-78.75,"time":300.3125,"duration":0.80000001192093,"angle":33.75,"speedMult":2.5,"type":"hold"},{"startTap":true,"holdEase":"inSine","angle2":-90,"time":300.3125,"duration":0.80000001192093,"angle":22.5,"speedMult":2.5,"type":"hold"},{"time":301.125,"duration":0.80000001192093,"holdEase":"inSine","angle2":56.25,"type":"hold","speedMult":2.5,"angle":-90},{"time":301.125,"duration":0.80000001192093,"holdEase":"inSine","angle2":67.5,"type":"hold","speedMult":2.5,"angle":-78.75},{"time":301.75,"type":"block","speedMult":2,"angle":382.5},{"time":301.75,"type":"block","speedMult":2,"angle":78.75},{"time":302.3125,"duration":0.5,"startTap":true,"angle2":382.5,"type":"hold","speedMult":4,"angle":382.5},{"time":302.3125,"duration":0.5,"startTap":true,"angle2":348.75,"type":"hold","speedMult":4,"angle":348.75},{"time":303.3125,"duration":0.5,"startTap":true,"angle2":315,"type":"hold","speedMult":4,"angle":315},{"time":303.3125,"duration":0.5,"startTap":true,"angle2":281.25,"type":"hold","speedMult":4,"angle":281.25},{"startTap":true,"holdEase":"inSine","angle2":-191.25,"time":304.25,"duration":0.80000001192093,"angle":-101.25,"speedMult":2.5,"type":"hold"},{"startTap":true,"holdEase":"inSine","angle2":-202.5,"time":304.25,"duration":0.80000001192093,"angle":-112.5,"speedMult":2.5,"type":"hold"},{"time":305.0625,"duration":0.80000001192093,"holdEase":"inSine","angle2":-78.75,"type":"hold","speedMult":2.5,"angle":-202.5},{"time":305.0625,"duration":0.80000001192093,"holdEase":"inSine","angle2":-67.5,"type":"hold","speedMult":2.5,"angle":-191.25},{"time":305.3125,"type":"extraTap","speedMult":2,"angle":180},{"time":306.61199951172,"type":"block","speedMult":2,"angle":180},{"time":306.61199951172,"type":"block","speedMult":2,"angle":168.75},{"time":306.86149597168,"type":"block","speedMult":2,"angle":146.25},{"time":306.86149597168,"type":"block","speedMult":2,"angle":135},{"time":307.11250305176,"type":"block","speedMult":2,"angle":180},{"time":307.11250305176,"type":"block","speedMult":2,"angle":168.75},{"time":307.3125,"type":"extraTap","speedMult":2,"angle":281.25},{"time":307.875,"type":"block","speedMult":2,"angle":202.5},{"time":307.875,"type":"block","speedMult":2,"angle":191.25},{"time":308.3125,"type":"extraTap","speedMult":2,"angle":202.5},{"startTap":true,"holdEase":"outExpo","angle2":157.5,"time":306.25,"duration":0.5,"angle":292.5,"speedMult":2.5,"type":"hold"},{"startTap":true,"holdEase":"outExpo","angle2":146.25,"time":306.25,"duration":0.5,"angle":281.25,"speedMult":2.5,"type":"hold"},{"time":305.875,"type":"block","speedMult":2.5,"angle":292.5},{"time":305.875,"type":"block","speedMult":2.5,"angle":281.25},{"time":309.375,"type":"extraTap","speedMult":2,"angle":225},{"time":309.625,"duration":0.80000001192093,"holdEase":"inElastic","angle2":258.75,"type":"hold","speedMult":2.5,"angle":236.25},{"startTap":true,"holdEase":"outExpo","angle2":393.75,"time":310.4375,"duration":0.5,"angle":258.75,"speedMult":2.5,"type":"hold"},{"startTap":true,"holdEase":"outExpo","angle2":405,"time":310.4375,"duration":0.5,"angle":270,"speedMult":2.5,"type":"hold"},{"time":310,"type":"block","speedMult":2,"angle":258.75},{"time":310,"type":"block","speedMult":2,"angle":247.5},{"time":308.75,"duration":1,"angle2":135,"type":"mineHold","speedMult":2,"angle":135},{"time":308.75,"duration":1,"angle2":337.5,"type":"mineHold","speedMult":2,"angle":337.5},{"time":308.75,"duration":1,"angle2":416.25,"type":"mineHold","speedMult":2,"angle":416.25},{"time":311.375,"tap":true,"angle":56.25,"speedMult":2,"type":"block"},{"time":311.375,"tap":true,"angle":78.75,"speedMult":2,"type":"block"},{"time":311.9375,"type":"block","speedMult":2,"angle":123.75},{"time":311.92999267578,"type":"block","speedMult":2,"angle":146.25},{"startTap":true,"holdEase":"inSine","angle2":202.5,"time":312.375,"duration":0.80000001192093,"angle":123.75,"speedMult":2.5,"type":"hold"},{"startTap":true,"holdEase":"inSine","angle2":213.75,"time":312.375,"duration":0.80000001192093,"angle":135,"speedMult":2.5,"type":"hold"},{"time":313.1875,"duration":0.80000001192093,"holdEase":"linear","angle2":-11.25,"type":"hold","speedMult":2.5,"angle":213.75},{"time":313.1875,"duration":0.80000001192093,"holdEase":"linear","angle2":0,"type":"hold","speedMult":2.5,"angle":202.5},{"time":313.4375,"type":"extraTap","speedMult":2,"angle":202.5},{"startTap":true,"holdEase":"inExpo","angle2":416.25,"time":314.375,"duration":0.5,"angle":337.5,"speedMult":2.5,"type":"hold"},{"startTap":true,"holdEase":"inExpo","angle2":405,"time":314.375,"duration":0.5,"angle":326.25,"speedMult":2.5,"type":"hold"},{"time":314,"type":"block","speedMult":2.5,"angle":360},{"time":314,"type":"block","speedMult":2.5,"angle":348.75},{"time":314.625,"type":"block","speedMult":2,"angle":371.25},{"time":314.625,"type":"block","speedMult":2,"angle":360},{"time":314.9375,"type":"block","speedMult":2,"angle":405},{"time":314.9375,"type":"block","speedMult":2,"angle":56.25},{"time":315.1875,"type":"block","speedMult":2,"angle":78.75},{"time":315.1875,"type":"block","speedMult":2,"angle":90},{"time":315.375,"type":"extraTap","speedMult":2,"angle":112.5},{"time":315.9375,"type":"block","speedMult":2,"angle":135},{"time":315.9375,"type":"block","speedMult":2,"angle":146.25},{"startTap":true,"holdEase":"inSine","angle2":-270,"time":316.4375,"duration":0.80000001192093,"angle":-191.25,"speedMult":2.5,"type":"hold"},{"startTap":true,"holdEase":"inSine","angle2":-281.25,"time":316.4375,"duration":0.80000001192093,"angle":-202.5,"speedMult":2.5,"type":"hold"},{"time":317.25,"duration":0.80000001192093,"holdEase":"inSine","angle2":-168.75,"type":"hold","speedMult":2.5,"angle":-281.25},{"time":317.25,"duration":0.80000001192093,"holdEase":"inSine","angle2":-157.5,"type":"hold","speedMult":2.5,"angle":-270},{"time":317.5,"type":"extraTap","speedMult":2,"angle":112.5},{"startTap":true,"holdEase":"inExpo","angle2":326.25,"time":318.4375,"duration":0.5,"angle":225,"speedMult":2.5,"type":"hold"},{"startTap":true,"holdEase":"inExpo","angle2":348.75,"time":318.4375,"duration":0.5,"angle":247.5,"speedMult":2.5,"type":"hold"},{"time":319.4375,"tap":true,"angle":360,"speedMult":2,"type":"block"},{"time":319.4375,"tap":true,"angle":337.5,"speedMult":2,"type":"block"},{"time":320.03100585938,"type":"block","speedMult":2,"angle":382.5},{"time":320.03100585938,"type":"block","speedMult":2,"angle":405},{"startTap":true,"holdEase":"inSine","angle2":135,"time":320.4375,"duration":0.80000001192093,"angle":22.5,"speedMult":2.5,"type":"hold"},{"startTap":true,"holdEase":"inSine","angle2":146.25,"time":320.4375,"duration":0.80000001192093,"angle":33.75,"speedMult":2.5,"type":"hold"},{"time":321.25,"duration":0.80000001192093,"holdEase":"inSine","angle2":0,"type":"hold","speedMult":2.5,"angle":146.25},{"time":321.25,"duration":0.80000001192093,"holdEase":"inSine","angle2":-11.25,"type":"hold","speedMult":2.5,"angle":135},{"time":321.4375,"type":"extraTap","speedMult":2,"angle":90},{"time":322.0625,"type":"block","speedMult":2.5,"angle":360},{"time":322.0625,"type":"block","speedMult":2.5,"angle":348.75},{"startTap":true,"holdEase":"inExpo","angle2":427.5,"time":322.375,"duration":0.5,"angle":337.5,"speedMult":2.5,"type":"hold"},{"startTap":true,"holdEase":"inExpo","angle2":405,"time":322.375,"duration":0.5,"angle":315,"speedMult":2.5,"type":"hold"},{"time":322.5,"type":"block","speedMult":2,"angle":348.75},{"time":322.5,"type":"block","speedMult":2,"angle":360},{"time":322.75,"type":"block","speedMult":2,"angle":393.75},{"time":322.75,"type":"block","speedMult":2,"angle":382.5},{"time":323,"type":"block","speedMult":2,"angle":405},{"time":323,"type":"block","speedMult":2,"angle":67.5},{"time":323.25,"type":"block","speedMult":2,"angle":405},{"time":323.25,"type":"block","speedMult":2,"angle":67.5},{"time":323.5,"type":"extraTap","speedMult":2,"angle":416.25},{"time":324,"type":"block","speedMult":2,"angle":405},{"time":324,"type":"block","speedMult":2,"angle":67.5},{"time":324,"duration":1,"angle2":168.75,"type":"hold","speedMult":2.5,"angle":56.25},{"time":302.1875,"duration":1.875,"angle2":-33.75,"type":"mineHold","speedMult":2,"angle":146.25},{"time":299.8125,"type":"block","speedMult":2,"angle":33.75},{"time":299.8125,"type":"block","speedMult":2,"angle":22.5},{"time":130.8125,"duration":2.125,"angle2":180,"type":"mineHold","angle":180}]