[{"time":1,"duration":1,"angle":180,"angle2":292.5,"type":"hold"},{"duration":1,"time":2,"angle":292.5,"angle2":90,"type":"hold"},{"time":3,"duration":1,"angle":90,"angle2":315,"type":"hold"},{"time":4,"duration":1,"angle":315,"angle2":202.5,"type":"hold"},{"time":5,"angle":202.5,"duration":1,"angle2":22.5,"type":"hold"},{"duration":1,"time":6,"angle":22.5,"angle2":22.5,"type":"hold"},{"duration":1,"time":7,"angle":22.5,"angle2":22.5,"type":"hold"},{"angle":22.5,"time":8,"duration":0.83333331346512,"angle2":22.5,"type":"hold"},{"time":8.8333330154419,"angle":22.5,"duration":1.1666666269302,"angle2":202.5,"type":"hold"},{"duration":1.1666666269302,"angle":202.5,"time":10,"angle2":22.5,"type":"hold"},{"angle":45,"time":8.5,"type":"extraTap"},{"angle":0,"time":8,"type":"extraTap"},{"angle":45,"time":7.5,"type":"extraTap"},{"angle":90,"duration":1,"time":13.166666984558,"angle2":22.5,"type":"hold"},{"time":14.166666984558,"duration":1,"angle":22.5,"angle2":292.5,"type":"hold"},{"angle":22.5,"time":11.166666984558,"duration":1,"angle2":67.5,"type":"hold"},{"angle":67.5,"time":12.166666984558,"duration":1,"angle2":90,"type":"hold"},{"time":15.166666984558,"angle":292.5,"duration":1,"angle2":337.5,"type":"hold"},{"angle":337.5,"time":16.166666030884,"duration":1,"angle2":360,"type":"hold"},{"time":17.166666030884,"angle":0,"type":"inverse"},{"time":18.5,"angle":337.5,"type":"block"},{"time":19.5,"angle":22.5,"type":"block"},{"time":20.5,"angle":337.5,"type":"block"},{"time":21.5,"angle":22.5,"type":"block"},{"time":22.5,"angle":337.5,"type":"block"},{"time":23.5,"angle":22.5,"type":"block"},{"time":22.5,"angle":337.5,"type":"inverse"},{"time":23.5,"angle":22.5,"type":"inverse"},{"time":21.5,"angle":22.5,"type":"inverse"},{"time":20.5,"angle":337.5,"type":"inverse"},{"time":19.5,"angle":22.5,"type":"inverse"},{"time":18.5,"angle":337.5,"type":"inverse"},{"time":24.5,"angle":337.5,"type":"block"},{"time":25.5,"angle":22.5,"type":"block"},{"time":24.5,"angle":337.5,"type":"inverse"},{"time":25.5,"angle":22.5,"type":"inverse"},{"tap":true,"time":26.5,"angle":337.5,"type":"block"},{"tap":true,"time":26.5,"angle":0,"type":"block"},{"tap":true,"time":26.5,"angle":22.5,"type":"block"},{"time":27.5,"angle":22.5,"type":"block"},{"time":28.5,"angle":337.5,"type":"block"},{"time":27.5,"angle":22.5,"type":"inverse"},{"time":28.5,"angle":337.5,"type":"inverse"},{"time":29.5,"angle":22.5,"type":"block"},{"time":29.5,"angle":22.5,"type":"inverse"},{"time":31.5,"angle":0,"type":"block"},{"time":32.5,"angle":0,"type":"block"},{"time":33.5,"angle":0,"type":"block"},{"time":30,"angle":360,"type":"block"},{"time":30.333333969116,"angle":337.5,"type":"block"},{"time":30.666666030884,"angle":22.5,"type":"block"},{"duration":0.3333332836628,"time":34.333332061768,"angle":0,"type":"hold","angle2":0},{"time":35,"angle":337.5,"type":"block"},{"time":35.25,"angle":22.5,"type":"block"},{"time":35,"angle":337.5,"type":"inverse"},{"time":35.25,"angle":22.5,"type":"inverse"},{"duration":0.25,"angle":0,"time":35.75,"angle2":0,"type":"hold"},{"duration":1,"angle":0,"time":36,"angle2":337.5,"type":"hold"},{"time":36.25,"angle":67.5,"type":"block"},{"time":36.5,"angle":157.5,"type":"block"},{"time":36.75,"angle":247.5,"type":"block"},{"duration":0.25,"time":37.5,"angle":360,"angle2":360,"type":"hold"},{"time":38,"angle":337.5,"type":"block"},{"time":38.25,"angle":22.5,"type":"block"},{"time":38.5,"angle":22.5,"type":"block"},{"time":38.75,"angle":0,"type":"block"},{"time":39,"angle":360,"type":"block"},{"time":39.5,"angle":22.5,"type":"block"},{"time":39.75,"angle":360,"type":"block"},{"time":40,"angle":360,"type":"block"},{"duration":0.25,"time":42.25,"angle":360,"angle2":360,"type":"hold"},{"time":42.75,"angle":337.5,"type":"block"},{"duration":0.5,"angle":22.5,"time":43,"angle2":22.5,"type":"hold"},{"time":44,"angle":360,"type":"block"},{"time":43.833332061768,"angle":360,"type":"block"},{"time":46,"angle":0,"type":"block"},{"time":45.166667938232,"angle":360,"type":"inverse"},{"time":46.333332061768,"angle":337.5,"type":"block"},{"time":46.666667938232,"angle":22.5,"type":"block"},{"duration":1,"time":47,"angle":360,"angle2":360,"type":"hold"},{"time":47.333332061768,"angle":22.5,"type":"block"},{"time":47.5,"angle":337.5,"type":"block"},{"tap":true,"time":48.333332061768,"angle":0,"type":"block"},{"duration":1,"time":49,"angle":0,"angle2":0,"type":"hold"},{"time":49.333332061768,"angle":360,"type":"block"},{"time":51,"angle":22.5,"type":"block"},{"time":51,"angle":22.5,"type":"inverse"},{"time":52,"angle":337.5,"type":"block"},{"time":53,"angle":22.5,"type":"block"},{"time":54,"angle":337.5,"type":"block"},{"time":53,"angle":22.5,"type":"inverse"},{"time":54,"angle":337.5,"type":"inverse"},{"time":52,"angle":337.5,"type":"inverse"},{"time":55,"angle":22.5,"type":"block"},{"time":56,"angle":337.5,"type":"block"},{"time":56,"angle":337.5,"type":"inverse"},{"time":55,"angle":22.5,"type":"inverse"},{"time":57,"angle":22.5,"type":"block"},{"time":57,"angle":22.5,"type":"inverse"},{"duration":1,"angle":315,"time":58,"angle2":202.5,"type":"hold"},{"time":59.666667938232,"angle":180,"type":"block"},{"time":59,"angle":180,"type":"block"},{"time":60,"angle":180,"type":"block"},{"time":60.333332061768,"angle":180,"type":"block"},{"duration":1,"angle":180,"time":60.5,"angle2":135,"type":"hold"},{"time":61.666667938232,"angle":90,"duration":0.49999994039536,"angle2":90,"type":"mineHold"},{"angle":67.5,"duration":0.49999994039536,"time":61.666667938232,"type":"mineHold","angle2":67.5},{"angle":45,"duration":0.49999994039536,"time":61.666667938232,"type":"mineHold","angle2":45},{"duration":0.49999994039536,"time":61.666667938232,"angle":22.5,"type":"mineHold","angle2":22.5},{"duration":0.49999994039536,"time":61.666667938232,"angle":360,"angle2":360,"type":"mineHold"},{"angle":337.5,"duration":0.49999994039536,"time":61.666667938232,"angle2":337.5,"type":"mineHold"},{"duration":0.49999994039536,"time":61.666667938232,"angle":315,"type":"mineHold","angle2":315},{"angle":292.5,"duration":0.49999994039536,"time":61.666667938232,"type":"mineHold","angle2":292.5},{"duration":0.49999994039536,"time":61.666667938232,"angle":270,"angle2":270,"type":"mineHold"},{"angle":247.5,"duration":0.49999994039536,"time":61.666667938232,"angle2":247.5,"type":"mineHold"},{"angle":225,"duration":0.49999994039536,"time":61.666667938232,"angle2":225,"type":"mineHold"},{"angle":202.5,"duration":0.49999994039536,"time":61.666667938232,"angle2":202.5,"type":"mineHold"},{"angle":180,"duration":0.49999994039536,"time":61.666667938232,"angle2":180,"type":"mineHold"},{"time":62.333332061768,"angle":135,"type":"block"},{"time":62.5,"angle":157.5,"type":"block"},{"time":62.833332061768,"angle":180,"type":"block"},{"time":63.166667938232,"angle":180,"type":"block"},{"time":63.5,"angle":180,"type":"block"},{"time":63.833332061768,"angle":180,"type":"block"},{"duration":1.4999998807907,"time":64,"angle":202.5,"angle2":202.5,"type":"hold"},{"duration":1.4999998807907,"angle":157.5,"time":64,"angle2":157.5,"type":"hold"},{"duration":1.4999998807907,"angle":180,"time":64,"angle2":180,"type":"hold"},{"time":64.333335876465,"angle":202.5,"type":"block"},{"time":64.333335876465,"angle":180,"type":"block"},{"time":64.333335876465,"angle":157.5,"type":"block"},{"time":65.5,"angle":180,"type":"block"},{"time":65.5,"angle":202.5,"type":"block"},{"time":65.5,"angle":157.5,"type":"block"},{"time":65.833335876465,"angle":180,"type":"block"},{"duration":1,"angle":180,"time":66,"angle2":360,"type":"hold"},{"time":67.333335876465,"angle":22.5,"type":"block"},{"time":67.5,"angle":337.5,"type":"block"},{"time":67.666664123535,"angle":315,"type":"block"},{"time":67.666664123535,"angle":292.5,"type":"block"},{"time":68,"angle":292.5,"type":"block"},{"time":69,"angle":292.5,"type":"block"},{"duration":0.33333325386047,"time":68.333335876465,"angle":292.5,"angle2":292.5,"type":"hold"},{"time":69,"angle":292.5,"type":"inverse"},{"time":69.5,"angle":270,"type":"block"},{"time":69.666664123535,"angle":315,"type":"block"},{"duration":1,"angle":292.5,"time":70,"angle2":247.5,"type":"hold"},{"time":71,"angle":270,"type":"block"},{"time":71,"angle":225,"type":"block"},{"tap":true,"time":71,"angle":270,"type":"inverse"},{"tap":true,"time":71,"angle":247.5,"type":"inverse"},{"tap":true,"time":71,"angle":225,"type":"inverse"},{"time":71.333335876465,"angle":247.5,"type":"block"},{"time":71.5,"angle":225,"type":"block"},{"duration":1,"time":71.833335876465,"angle":225,"angle2":225,"type":"hold"},{"time":72.5,"angle":225,"type":"block"},{"time":72.333335876465,"angle":225,"type":"block"},{"time":73.166664123535,"angle":225,"type":"block"},{"time":74,"angle":225,"type":"block"},{"angle":45,"time":74,"type":"mine"},{"time":74.333335876465,"angle":202.5,"type":"block"},{"angle":22.5,"time":74.333335876465,"type":"mine"},{"time":74.5,"angle":247.5,"type":"block"},{"angle":67.5,"time":74.5,"type":"mine"},{"duration":1,"time":74.833335876465,"angle":67.5,"type":"mineHold","angle2":67.5},{"duration":1,"time":74.833335876465,"angle":247.5,"angle2":247.5,"type":"hold"},{"duration":1,"angle":247.5,"time":76,"angle2":90,"type":"hold"},{"duration":1,"time":76,"angle":427.5,"type":"mineHold","angle2":270},{"time":77.333335876465,"angle":90,"type":"block"},{"time":77.5,"angle":90,"type":"block"},{"angle":270,"time":77.333335876465,"type":"mine"},{"angle":270,"time":77.5,"type":"mine"},{"time":77.833335876465,"angle":90,"type":"block"},{"angle":270,"time":77.833335876465,"type":"mine"},{"time":78.166664123535,"angle":90,"type":"block"},{"angle":270,"time":78.166664123535,"type":"mine"},{"duration":0.16666658222675,"time":78.5,"angle":90,"angle2":67.5,"type":"hold"},{"duration":0.16666658222675,"time":78.5,"angle":270,"type":"mineHold","angle2":247.5},{"angle":67.5,"time":79,"duration":0.99999994039536,"angle2":247.5,"endTap":true,"type":"hold"},{"duration":1,"time":79,"angle":-112.5,"type":"mineHold","angle2":67.5},{"time":81,"angle":315,"duration":0.83333331346512,"type":"mineHold","angle2":315},{"duration":0.83333331346512,"time":81,"angle":337.5,"type":"mineHold","angle2":337.5},{"angle":0,"duration":0.83333331346512,"time":81,"angle2":0,"type":"mineHold"},{"angle":22.5,"duration":0.83333331346512,"time":81,"angle2":22.5,"type":"mineHold"},{"angle":45,"duration":0.83333331346512,"time":81,"type":"mineHold","angle2":45},{"time":81,"angle":67.5,"duration":0.83333331346512,"angle2":67.5,"type":"mineHold"},{"time":81,"angle":90,"duration":0.83333331346512,"type":"mineHold","angle2":90},{"time":81,"angle":112.5,"duration":0.83333331346512,"angle2":112.5,"type":"mineHold"},{"duration":0.83333331346512,"time":81,"angle":135,"type":"mineHold","angle2":135},{"angle":157.5,"duration":0.83333331346512,"time":81,"angle2":157.5,"type":"mineHold"},{"time":81,"angle":180,"duration":0.83333331346512,"angle2":180,"type":"mineHold"},{"time":82,"angle":247.5,"type":"block"},{"time":82.166664123535,"angle":247.5,"type":"block"},{"time":82.5,"angle":247.5,"type":"block"},{"angle":67.5,"time":82,"type":"mine"},{"angle":67.5,"time":82.166664123535,"type":"mine"},{"angle":67.5,"time":82.5,"type":"mine"},{"duration":1,"time":82.833335876465,"angle":427.5,"angle2":67.5,"type":"mineHold"},{"duration":0.66666662693024,"time":84.5,"angle":315,"type":"mineHold","angle2":315},{"duration":0.66666662693024,"time":84.5,"angle":337.5,"angle2":337.5,"type":"mineHold"},{"duration":0.66666662693024,"time":84.5,"angle":360,"angle2":360,"type":"mineHold"},{"duration":0.66666662693024,"time":84.5,"angle":22.5,"angle2":22.5,"type":"mineHold"},{"angle":45,"duration":0.66666662693024,"time":84.5,"angle2":45,"type":"mineHold"},{"duration":0.66666662693024,"time":84.5,"angle":67.5,"type":"mineHold","angle2":67.5},{"duration":0.66666662693024,"time":84.5,"angle":90,"type":"mineHold","angle2":90},{"time":84.5,"angle":112.5,"duration":0.66666662693024,"type":"mineHold","angle2":112.5},{"angle":135,"duration":0.66666662693024,"time":84.5,"type":"mineHold","angle2":135},{"time":84.5,"angle":157.5,"duration":0.66666662693024,"angle2":157.5,"type":"mineHold"},{"duration":0.66666662693024,"time":84.5,"angle":180,"angle2":180,"type":"mineHold"},{"angle":607.5,"duration":1,"time":83,"angle2":247.5,"endTap":true,"type":"hold"},{"angle":67.5,"time":85.333335876465,"type":"mine"},{"angle":67.5,"time":85.5,"type":"mine"},{"time":85.666664123535,"angle":247.5,"type":"block"},{"time":85.833335876465,"angle":247.5,"type":"block"},{"angle":67.5,"time":85.666664123535,"type":"mine"},{"angle":67.5,"time":85.833335876465,"type":"mine"},{"duration":0.33333325386047,"angle":-112.5,"time":86.166664123535,"angle2":67.5,"type":"hold"},{"duration":0.33333325386047,"time":86.166664123535,"angle":67.5,"angle2":247.5,"type":"mineHold"},{"duration":1,"angle":-270,"time":86.666664123535,"angle2":247.5,"type":"hold"},{"time":86.666664123535,"angle":-450,"duration":1,"angle2":67.5,"type":"mineHold"},{"time":88.666664123535,"angle":247.5,"type":"block"},{"time":89.5,"angle":247.5,"type":"block"},{"duration":0.16666667163372,"time":89,"angle":247.5,"angle2":247.5,"type":"hold"},{"time":90,"angle":247.5,"type":"inverse"},{"time":90.166664123535,"angle":247.5,"type":"inverse"},{"time":90.333335876465,"angle":247.5,"type":"inverse"},{"time":90.5,"angle":247.5,"type":"inverse"},{"time":90.666664123535,"angle":247.5,"type":"inverse"},{"time":90.833335876465,"angle":247.5,"type":"inverse"},{"time":91,"angle":225,"type":"inverse"},{"time":91.333335876465,"angle":270,"type":"inverse"},{"time":91.833335876465,"angle":270,"type":"inverse"},{"time":92,"angle":270,"type":"inverse"},{"time":92.333335876465,"angle":292.5,"type":"inverse"},{"time":92.333335876465,"angle":247.5,"type":"inverse"},{"time":93.166664123535,"angle":270,"type":"inverse"},{"time":93.833335876465,"angle":225,"type":"inverse"},{"time":94,"angle":202.5,"type":"inverse"},{"time":94.333335876465,"angle":202.5,"type":"inverse"},{"time":94.666664123535,"angle":225,"type":"inverse"},{"time":95,"angle":202.5,"type":"inverse"},{"time":95.333335876465,"angle":202.5,"type":"inverse"},{"time":95.5,"angle":180,"type":"inverse"},{"time":95.833335876465,"angle":180,"type":"inverse"},{"time":96,"angle":180,"type":"inverse"},{"time":96.166664123535,"angle":180,"type":"inverse"},{"time":96.5,"angle":180,"type":"inverse"},{"time":96.333335876465,"angle":180,"type":"inverse"},{"time":96.666664123535,"angle":180,"type":"inverse"},{"time":95.833335876465,"angle":157.5,"type":"inverse"},{"time":96,"angle":157.5,"type":"inverse"},{"time":96.166664123535,"angle":157.5,"type":"inverse"},{"time":96.333335876465,"angle":157.5,"type":"inverse"},{"time":96.5,"angle":157.5,"type":"inverse"},{"time":96.666664123535,"angle":157.5,"type":"inverse"},{"time":96.666664123535,"angle":202.5,"type":"inverse"},{"time":96.333335876465,"angle":202.5,"type":"inverse"},{"time":96.5,"angle":202.5,"type":"inverse"},{"time":96.166664123535,"angle":202.5,"type":"inverse"},{"time":96,"angle":202.5,"type":"inverse"},{"time":95.833335876465,"angle":202.5,"type":"inverse"},{"time":97,"angle":180,"type":"block"},{"time":97.333335876465,"angle":202.5,"type":"block"},{"time":97.5,"angle":157.5,"type":"block"},{"time":97.666664123535,"angle":135,"type":"block"},{"time":98,"angle":112.5,"type":"block"},{"duration":0.16666658222675,"time":98.333335876465,"angle":90,"angle2":90,"type":"hold"},{"time":98.833335876465,"angle":67.5,"type":"block"},{"time":99.166664123535,"angle":90,"type":"block"},{"duration":0.66666662693024,"angle":67.5,"time":99.5,"angle2":157.5,"type":"hold"},{"tap":true,"time":100.5,"angle":180,"type":"block"},{"time":101.16666412354,"angle":180,"type":"inverse"},{"time":101.33333587646,"angle":180,"type":"inverse"},{"time":101.66666412354,"angle":202.5,"type":"inverse"},{"time":102,"angle":180,"type":"inverse"},{"time":102.16666412354,"angle":157.5,"type":"inverse"},{"time":102.5,"angle":180,"type":"inverse"},{"time":102.83333587646,"angle":180,"type":"inverse"},{"time":103.16666412354,"angle":157.5,"type":"inverse"},{"time":103.5,"angle":157.5,"type":"inverse"},{"time":103.83333587646,"angle":225,"type":"inverse"},{"time":104,"angle":135,"type":"inverse"},{"time":104.33333587646,"angle":202.5,"type":"inverse"},{"time":104.66666412354,"angle":157.5,"type":"inverse"},{"time":105.16666412354,"angle":135,"type":"block"},{"time":105.33333587646,"angle":112.5,"type":"block"},{"time":105.66666412354,"angle":90,"type":"block"},{"time":105.83333587646,"angle":67.5,"type":"block"},{"time":106,"angle":45,"type":"block"},{"time":106.33333587646,"angle":0,"type":"block"},{"time":107,"angle":22.5,"type":"block"},{"time":107.16666412354,"angle":22.5,"type":"block"},{"time":107.5,"angle":45,"type":"block"},{"time":107.83333587646,"angle":67.5,"type":"block"},{"time":108,"angle":90,"type":"block"},{"time":108.33333587646,"angle":112.5,"type":"block"},{"time":109,"angle":135,"type":"block"},{"time":109.33333587646,"angle":157.5,"type":"block"},{"time":109.66666412354,"angle":135,"type":"block"},{"time":109.83333587646,"angle":135,"type":"block"},{"time":110,"angle":135,"type":"block"},{"time":110.33333587646,"angle":135,"type":"block"},{"time":110.66666412354,"angle":135,"type":"block"},{"time":111,"angle":157.5,"type":"block"},{"time":111.16666412354,"angle":180,"type":"block"},{"duration":1.1666666269302,"time":111.33333587646,"angle":202.5,"angle2":315,"type":"hold"},{"time":112.83333587646,"angle":360,"type":"block"},{"time":110.66666412354,"angle":135,"type":"inverse"},{"time":111,"angle":157.5,"type":"inverse"},{"time":111.16666412354,"angle":180,"type":"inverse"},{"time":111.33333587646,"angle":202.5,"type":"inverse"},{"time":112.5,"angle":315,"type":"inverse"},{"time":113.16666412354,"angle":22.5,"type":"block"},{"duration":1,"angle":45,"time":113.5,"angle2":45,"type":"hold"},{"time":113.83333587646,"angle":45,"type":"block"},{"time":114,"angle":45,"type":"block"},{"time":114.83333587646,"angle":22.5,"type":"block"},{"time":115.16666412354,"angle":0,"type":"block"},{"time":115.5,"angle":337.5,"type":"block"},{"duration":0.83333331346512,"angle":315,"time":115.66666412354,"angle2":315,"type":"hold"},{"time":116,"angle":315,"type":"block"},{"time":116.16666412354,"angle":315,"type":"block"},{"time":116.83333587646,"angle":292.5,"type":"block"},{"duration":0.66666662693024,"angle":337.5,"time":117.16666412354,"angle2":337.5,"type":"hold"},{"tap":true,"time":118.16666412354,"angle":337.5,"type":"block"},{"time":118.5,"angle":315,"type":"block"},{"time":118.66666412354,"angle":360,"type":"block"},{"time":119,"angle":22.5,"type":"block"},{"time":119.16666412354,"angle":45,"type":"block"},{"time":119.33333587646,"angle":90,"type":"block"},{"tap":true,"time":119.83333587646,"angle":90,"type":"block"},{"angle":90,"time":120.83333587646,"type":"extraTap"},{"angle":90,"time":120.5,"type":"extraTap"},{"angle":90,"time":121.5,"type":"extraTap"},{"angle":90,"time":121.16666412354,"type":"extraTap"},{"angle":360,"time":121.66666412354,"type":"mine"},{"angle":22.5,"time":122,"type":"mine"},{"angle":202.5,"time":122,"type":"mine"},{"angle":180,"time":122.33333587646,"type":"mine"},{"angle":360,"time":122.33333587646,"type":"mine"},{"angle":337.5,"time":122.5,"type":"mine"},{"angle":157.5,"time":122.5,"type":"mine"},{"angle":157.5,"time":122.83333587646,"type":"mine"},{"angle":337.5,"time":122.83333587646,"type":"mine"},{"duration":1,"time":123,"angle":0,"angle2":90,"type":"mineHold"},{"time":123,"angle":180,"duration":1,"type":"mineHold","angle2":270},{"angle":202.5,"time":121.66666412354,"type":"mine"},{"angle":225,"time":122,"type":"mine"},{"angle":202.5,"time":122.33333587646,"type":"mine"},{"angle":135,"time":122.5,"type":"mine"},{"angle":135,"time":123,"type":"mine"},{"angle":360,"time":122,"type":"mine"},{"angle":337.5,"time":122.33333587646,"type":"mine"},{"angle":315,"time":122.5,"type":"mine"},{"angle":315,"time":122.83333587646,"type":"mine"},{"duration":0.33333325386047,"time":124.16666412354,"angle":292.5,"type":"mineHold","angle2":292.5},{"duration":0.33333325386047,"time":124.16666412354,"angle":112.5,"type":"mineHold","angle2":112.5},{"time":125,"angle":225,"type":"block"},{"time":125,"angle":45,"type":"block"},{"time":125.16666412354,"angle":202.5,"type":"block"},{"time":125.16666412354,"angle":22.5,"type":"block"},{"duration":1,"time":125.33333587646,"angle":360,"angle2":360,"type":"hold"},{"duration":1,"time":125.33333587646,"angle":180,"angle2":180,"type":"hold"},{"time":126.5,"angle":337.5,"type":"block"},{"time":126.5,"angle":157.5,"type":"block"},{"time":126.66666412354,"angle":337.5,"type":"block"},{"time":126.66666412354,"angle":157.5,"type":"block"},{"duration":0.16666658222675,"angle":135,"time":127,"angle2":135,"type":"hold"},{"duration":0.16666658222675,"time":127,"angle":315,"angle2":315,"type":"hold"},{"time":127.5,"angle":135,"type":"block"},{"time":127.5,"angle":315,"type":"block"},{"time":127.83333587646,"angle":292.5,"type":"block"},{"time":127.83333587646,"angle":112.5,"type":"block"},{"duration":0,"time":128,"angle":135,"angle2":135,"type":"hold"},{"duration":0,"angle":315,"time":128,"angle2":315,"type":"hold"},{"duration":1,"time":128.16667175293,"angle":157.5,"angle2":157.5,"type":"hold"},{"duration":1,"time":128.16667175293,"angle":337.5,"angle2":337.5,"type":"hold"},{"angle":292.5,"time":128.83332824707,"type":"mine"},{"angle":112.5,"time":128.83332824707,"type":"mine"},{"angle":270,"time":129,"type":"mine"},{"angle":90,"time":129,"type":"mine"},{"duration":0.33333325386047,"time":129.33332824707,"angle":292.5,"type":"mineHold","angle2":292.5},{"time":129.33332824707,"angle":112.5,"duration":0.33333325386047,"angle2":112.5,"type":"mineHold"},{"angle":270,"time":130,"type":"mine"},{"angle":90,"time":130,"type":"mine"},{"angle":67.5,"time":130.33332824707,"type":"mine"},{"angle":247.5,"time":130.33332824707,"type":"mine"},{"angle":180,"time":124.66666412354,"type":"mine"},{"angle":225,"time":130.83332824707,"type":"mine"},{"angle":225,"time":131,"type":"mine"},{"angle":45,"time":130.83332824707,"type":"mine"},{"angle":45,"time":131,"type":"mine"},{"angle":202.5,"time":131.16667175293,"type":"mine"},{"angle":180,"time":131.33332824707,"type":"mine"},{"angle":22.5,"time":131.16667175293,"type":"mine"},{"angle":0,"time":131.33332824707,"type":"mine"},{"angle":360,"time":131.83332824707,"type":"mine"},{"angle":180,"time":131.83332824707,"type":"mine"},{"angle":180,"time":132.16667175293,"type":"mine"},{"angle":0,"time":132.16667175293,"type":"mine"},{"time":132.66667175293,"angle":90,"type":"block"},{"time":132.66667175293,"angle":270,"type":"block"},{"time":133,"angle":90,"type":"block"},{"time":133,"angle":270,"type":"block"},{"duration":0.66666662693024,"time":133.33332824707,"angle":90,"angle2":45,"type":"hold"},{"duration":0.66666662693024,"angle":270,"time":133.33332824707,"angle2":225,"type":"hold"},{"time":134.16667175293,"angle":45,"type":"block"},{"time":134.16667175293,"angle":225,"type":"block"},{"time":134.66667175293,"angle":90,"duration":1,"type":"mineHold","angle2":180},{"angle":270,"duration":1,"time":134.66667175293,"type":"mineHold","angle2":360},{"angle":22.5,"time":135.66667175293,"type":"mine"},{"angle":202.5,"time":135.66667175293,"type":"mine"},{"angle":22.5,"time":136.16667175293,"type":"mine"},{"angle":45,"time":136.16667175293,"type":"mine"},{"angle":67.5,"time":136,"type":"mine"},{"angle":202.5,"time":136.16667175293,"type":"mine"},{"angle":225,"time":136.16667175293,"type":"mine"},{"angle":247.5,"time":136.16667175293,"type":"mine"},{"angle":202.5,"time":135.83332824707,"type":"mine"},{"angle":22.5,"time":135.83332824707,"type":"mine"},{"angle":135,"time":137,"type":"mine"},{"angle":315,"time":137,"type":"mine"},{"angle":135,"time":137.16667175293,"type":"mine"},{"angle":135,"time":137.5,"type":"mine"},{"angle":315,"time":137.16667175293,"type":"mine"},{"angle":315,"time":137.5,"type":"mine"},{"angle":45,"time":137.83332824707,"type":"mine"},{"angle":45,"time":138,"type":"mine"},{"angle":45,"time":138.33332824707,"type":"mine"},{"angle":225,"time":137.83332824707,"type":"mine"},{"angle":225,"time":138,"type":"mine"},{"angle":225,"time":138.33332824707,"type":"mine"},{"duration":1.3333332538605,"time":138.66667175293,"angle":225,"type":"mineHold","angle2":135},{"time":138.66667175293,"angle":405,"duration":1.3333332538605,"angle2":315,"type":"mineHold"},{"time":140.83332824707,"angle":22.5,"type":"block"},{"time":140.83332824707,"angle":202.5,"type":"block"},{"time":141,"angle":45,"type":"block"},{"time":141,"angle":225,"type":"block"},{"time":141.33332824707,"angle":67.5,"type":"block"},{"time":141.33332824707,"angle":247.5,"type":"block"},{"time":141.5,"angle":90,"type":"block"},{"time":141.5,"angle":270,"type":"block"},{"time":141.83332824707,"angle":112.5,"type":"block"},{"tap":true,"time":142.16667175293,"angle":135,"type":"block"},{"time":141.83332824707,"angle":292.5,"type":"block"},{"tap":true,"time":142.16667175293,"angle":315,"type":"block"},{"time":142.66667175293,"angle":135,"type":"block"},{"time":142.66667175293,"angle":315,"type":"block"},{"time":142.83332824707,"angle":135,"type":"block"},{"time":143.16667175293,"angle":135,"type":"block"},{"time":142.83332824707,"angle":315,"type":"block"},{"time":143.16667175293,"angle":315,"type":"block"},{"time":143.5,"angle":157.5,"type":"block"},{"time":143.5,"angle":337.5,"type":"block"},{"time":143.83332824707,"angle":157.5,"type":"block"},{"time":144.33332824707,"angle":157.5,"type":"block"},{"time":143.83332824707,"angle":337.5,"type":"block"},{"time":144.33332824707,"angle":337.5,"type":"block"},{"duration":1,"time":145.16667175293,"angle":0,"angle2":0,"type":"hold"},{"duration":1,"angle":180,"time":145.16667175293,"angle2":180,"type":"hold"},{"time":145.83332824707,"angle":0,"type":"block"},{"time":145.83332824707,"angle":180,"type":"block"},{"time":146.5,"angle":180,"type":"block"},{"time":146.5,"angle":0,"type":"block"},{"duration":1.3333332538605,"angle":180,"time":146.83332824707,"angle2":247.5,"endTap":true,"type":"hold"},{"angle":0,"duration":1.3333332538605,"time":146.83332824707,"angle2":67.5,"endTap":true,"type":"hold"},{"time":144.83332824707,"angle":0,"type":"block"},{"time":144.83332824707,"angle":180,"type":"block"},{"time":144.66667175293,"angle":180,"type":"block"},{"time":144.66667175293,"angle":360,"type":"block"},{"duration":0.83333331346512,"time":148.5,"angle":90,"angle2":90,"type":"mineHold"},{"angle":270,"duration":0.83333331346512,"time":148.5,"type":"mineHold","angle2":270},{"duration":0.83333331346512,"time":148.5,"angle":112.5,"angle2":112.5,"type":"mineHold"},{"time":148.5,"angle":67.5,"duration":0.83333331346512,"angle2":67.5,"type":"mineHold"},{"angle":292.5,"duration":0.83333331346512,"time":148.5,"angle2":292.5,"type":"mineHold"},{"angle":247.5,"duration":0.83333331346512,"time":148.5,"angle2":247.5,"type":"mineHold"},{"angle":292.5,"time":149.5,"type":"mine"},{"angle":292.5,"time":149.83332824707,"type":"mine"},{"angle":270,"time":149.5,"type":"mine"},{"angle":270,"time":149.83332824707,"type":"mine"},{"angle":247.5,"time":149.5,"type":"mine"},{"angle":247.5,"time":149.83332824707,"type":"mine"},{"angle":112.5,"time":149.33332824707,"type":"mine"},{"angle":112.5,"time":149.5,"type":"mine"},{"angle":112.5,"time":149.83332824707,"type":"mine"},{"angle":90,"time":149.5,"type":"mine"},{"angle":90,"time":149.83332824707,"type":"mine"},{"angle":67.5,"time":149.83332824707,"type":"mine"},{"angle":67.5,"time":149.5,"type":"mine"},{"angle":45,"time":150.16667175293,"type":"mine"},{"angle":67.5,"time":150.16667175293,"type":"mine"},{"angle":90,"time":150.16667175293,"type":"mine"},{"angle":270,"time":150.16667175293,"type":"mine"},{"angle":247.5,"time":150.16667175293,"type":"mine"},{"angle":225,"time":150.16667175293,"type":"mine"},{"angle":247.5,"time":150.5,"type":"mine"},{"angle":225,"time":150.5,"type":"mine"},{"angle":202.5,"time":150.5,"type":"mine"},{"angle":22.5,"time":150.5,"type":"mine"},{"angle":45,"time":150.5,"type":"mine"},{"angle":67.5,"time":150.5,"type":"mine"},{"angle":90,"time":151,"type":"mine"},{"angle":112.5,"time":151,"type":"mine"},{"angle":135,"time":151,"type":"mine"},{"angle":315,"time":151,"type":"mine"},{"angle":292.5,"time":151,"type":"mine"},{"angle":270,"time":151,"type":"mine"},{"angle":45,"time":151.83332824707,"type":"mine"},{"angle":22.5,"time":151.83332824707,"type":"mine"},{"angle":0,"time":151.83332824707,"type":"mine"},{"angle":180,"time":151.83332824707,"type":"mine"},{"angle":225,"time":151.83332824707,"type":"mine"},{"angle":202.5,"time":151.83332824707,"type":"mine"},{"duration":1,"angle":90,"time":153,"angle2":45,"type":"hold"},{"duration":1,"time":153,"angle":270,"angle2":225,"type":"hold"},{"duration":1,"time":153,"angle":360,"angle2":315,"type":"mineHold"},{"duration":1,"time":153,"angle":180,"angle2":135,"type":"mineHold"},{"duration":1,"time":154,"angle":45,"angle2":90,"type":"hold"},{"duration":1,"angle":225,"time":154,"angle2":270,"type":"hold"},{"duration":1,"time":154,"angle":315,"type":"mineHold","angle2":360},{"duration":1,"time":154,"angle":135,"angle2":180,"type":"mineHold"},{"duration":1,"angle":270,"time":155,"angle2":180,"type":"hold"},{"duration":1,"angle":450,"time":155,"angle2":360,"type":"hold"},{"angle":180,"duration":1,"time":155,"angle2":90,"type":"mineHold"},{"angle":360,"duration":1,"time":155,"angle2":270,"type":"mineHold"},{"angle":360,"time":156,"duration":1,"angle2":360,"endTap":true,"type":"hold"},{"duration":1,"time":156,"angle":180,"angle2":180,"endTap":true,"type":"hold"},{"angle":270,"duration":1,"time":156,"type":"mineHold","angle2":270},{"angle":90,"duration":1,"time":156,"type":"mineHold","angle2":90},{"angle":90,"time":157,"type":"extraTap"},{"time":180.33332824707,"angle":0,"type":"block"},{"time":180.66667175293,"angle":0,"type":"block"},{"time":181,"angle":337.5,"type":"block"},{"time":181.33332824707,"angle":22.5,"type":"block"},{"time":181.66667175293,"angle":22.5,"type":"block"},{"time":182,"angle":0,"type":"block"},{"time":182.33332824707,"angle":337.5,"type":"block"},{"time":182.66667175293,"angle":337.5,"type":"block"},{"time":183,"angle":337.5,"type":"block"},{"time":183.33332824707,"angle":337.5,"type":"block"},{"time":183.66667175293,"angle":337.5,"type":"block"},{"time":183.83332824707,"angle":360,"type":"block"},{"time":184.33332824707,"angle":22.5,"type":"block"},{"time":184.66667175293,"angle":22.5,"type":"block"},{"time":185,"angle":22.5,"type":"block"},{"time":185.33332824707,"angle":22.5,"type":"block"},{"time":185.66667175293,"angle":22.5,"type":"block"},{"time":186,"angle":22.5,"type":"block"},{"time":186.16667175293,"angle":0,"type":"block"},{"duration":31.999950408936,"time":158,"angle":90,"angle2":90,"type":"mineHold"},{"duration":32,"time":158,"angle":270,"angle2":270,"type":"mineHold"},{"time":186.5,"angle":0,"type":"block"},{"time":186.83332824707,"angle":337.5,"type":"block"},{"time":187,"angle":22.5,"type":"block"},{"time":187.33332824707,"angle":337.5,"type":"block"},{"time":187.5,"angle":360,"type":"block"},{"time":187.83332824707,"angle":0,"type":"block"},{"time":188.16667175293,"angle":0,"type":"block"},{"time":188.5,"angle":0,"type":"block"},{"time":188.83332824707,"angle":337.5,"type":"block"},{"time":189.16667175293,"angle":22.5,"type":"block"},{"time":189.33332824707,"angle":337.5,"type":"block"},{"time":189.66667175293,"angle":0,"type":"block"},{"time":190,"angle":22.5,"type":"block"},{"time":190.33332824707,"angle":22.5,"type":"block"},{"time":190.66667175293,"angle":22.5,"type":"block"},{"time":191,"angle":0,"type":"block"},{"time":191.33332824707,"angle":337.5,"type":"block"},{"time":191.5,"angle":0,"type":"block"},{"time":191.83332824707,"angle":0,"type":"block"},{"duration":1,"angle":382.5,"time":192.16667175293,"angle2":337.5,"type":"hold"},{"tap":true,"time":193.5,"angle":337.5,"type":"block"},{"duration":1,"time":193.83332824707,"angle":337.5,"angle2":382.5,"type":"hold"},{"time":195.16667175293,"angle":22.5,"type":"block"},{"time":195.5,"angle":360,"type":"block"},{"time":195.83332824707,"angle":337.5,"type":"block"},{"time":196.16667175293,"angle":0,"type":"block"},{"duration":1,"angle":0,"time":196.5,"angle2":0,"type":"hold"},{"time":197.83332824707,"angle":337.5,"type":"block"},{"time":198.16667175293,"angle":22.5,"type":"block"},{"time":198.5,"angle":360,"type":"block"},{"time":198.83332824707,"angle":360,"type":"block"},{"time":199.16667175293,"angle":0,"type":"block"},{"time":200,"angle":22.5,"type":"block"},{"time":200.33332824707,"angle":0,"type":"block"},{"time":200.66667175293,"angle":0,"type":"block"},{"time":201,"angle":337.5,"type":"block"},{"time":201.5,"angle":337.5,"type":"block"},{"time":201.83332824707,"angle":337.5,"type":"block"},{"time":202.16667175293,"angle":360,"type":"block"},{"time":202.5,"angle":22.5,"type":"block"},{"time":202.83332824707,"angle":22.5,"type":"block"},{"time":203,"angle":0,"type":"block"},{"time":203.33332824707,"angle":0,"type":"block"},{"time":203.66667175293,"angle":360,"type":"block"},{"duration":0.49999994039536,"time":204,"angle":360,"angle2":360,"type":"hold"},{"time":204.83332824707,"angle":337.5,"type":"block"},{"time":205.16667175293,"angle":0,"type":"block"},{"time":205.66667175293,"angle":0,"type":"block"},{"time":206,"angle":0,"type":"block"},{"time":206.66667175293,"angle":360,"type":"block"},{"time":207,"angle":0,"type":"block"},{"angle":45,"time":207.5,"type":"mine"},{"angle":315,"time":207.5,"type":"mine"},{"tap":true,"time":207.5,"angle":360,"type":"block"},{"angle":292.5,"time":207.5,"type":"mine"},{"angle":270,"time":207.5,"type":"mine"},{"angle":247.5,"time":207.5,"type":"mine"},{"angle":225,"time":207.5,"type":"mine"},{"angle":202.5,"time":207.5,"type":"mine"},{"angle":180,"time":207.5,"type":"mine"},{"angle":157.5,"time":207.5,"type":"mine"},{"angle":135,"time":207.5,"type":"mine"},{"angle":112.5,"time":207.5,"type":"mine"},{"angle":90,"time":207.5,"type":"mine"},{"angle":67.5,"time":207.5,"type":"mine"},{"time":208,"angle":337.5,"type":"block"},{"time":208.33332824707,"angle":360,"type":"block"},{"time":208.66667175293,"angle":22.5,"type":"block"},{"time":209,"angle":45,"type":"block"},{"time":209.5,"angle":67.5,"type":"block"},{"time":209.83332824707,"angle":45,"type":"block"},{"time":210.16667175293,"angle":22.5,"type":"block"},{"duration":1,"time":210.5,"angle":382.5,"angle2":337.5,"type":"hold"},{"time":211.83332824707,"angle":337.5,"type":"block"},{"time":212.33332824707,"angle":360,"type":"block"},{"duration":1,"angle":0,"time":212.66667175293,"angle2":0,"type":"hold"},{"time":214,"angle":337.5,"type":"block"},{"time":214.33332824707,"angle":22.5,"type":"block"},{"duration":1,"time":214.66667175293,"angle":360,"angle2":360,"type":"hold"},{"time":216,"angle":360,"type":"block"},{"time":216.33332824707,"angle":337.5,"type":"block"},{"time":216.66667175293,"angle":22.5,"type":"block"},{"time":217,"angle":22.5,"type":"block"},{"time":217.33332824707,"angle":22.5,"type":"block"},{"time":217.66667175293,"angle":22.5,"type":"block"},{"time":218.33332824707,"angle":22.5,"type":"block"},{"time":218.66667175293,"angle":22.5,"type":"block"},{"time":219,"angle":22.5,"type":"block"},{"time":219.33332824707,"angle":22.5,"type":"block"},{"time":219.66667175293,"angle":22.5,"type":"block"},{"time":220,"angle":0,"type":"block"},{"time":220.33332824707,"angle":360,"type":"block"},{"time":220.66667175293,"angle":0,"type":"block"},{"time":221,"angle":337.5,"type":"block"},{"tap":true,"time":221.33332824707,"angle":0,"type":"block"},{"time":221.66667175293,"angle":360,"type":"block"},{"time":222,"angle":337.5,"type":"block"},{"time":222.33332824707,"angle":22.5,"type":"block"},{"time":222.66667175293,"angle":0,"type":"block"},{"time":223,"angle":360,"type":"block"},{"time":223.33332824707,"angle":337.5,"type":"block"},{"time":223.66667175293,"angle":360,"type":"block"},{"time":224,"angle":22.5,"type":"block"},{"time":224.33332824707,"angle":337.5,"type":"block"},{"time":224.66667175293,"angle":0,"type":"block"},{"time":225,"angle":0,"type":"block"},{"time":225.33332824707,"angle":0,"type":"block"},{"time":225.66667175293,"angle":0,"duration":1.6666665077209,"angle2":360,"type":"hold"},{"time":227.66667175293,"angle":360,"type":"block"},{"tap":true,"time":228,"angle":0,"type":"block"},{"angle":0,"time":228,"type":"extraTap"},{"duration":15,"time":228.33332824707,"angle":90,"type":"mineHold","angle2":90},{"angle":270,"duration":15,"time":228.33332824707,"angle2":270,"type":"mineHold"},{"time":250.33332824707,"angle":360,"type":"block"},{"time":250.66667175293,"angle":360,"type":"block"},{"time":251,"angle":0,"type":"block"},{"time":251.33332824707,"angle":0,"type":"block"},{"time":250,"angle":22.5,"type":"block"},{"time":249.66667175293,"angle":337.5,"type":"block"},{"time":253.66667175293,"angle":0,"type":"block"},{"time":254,"angle":337.5,"type":"block"},{"time":254.33332824707,"angle":0,"type":"block"},{"time":254.66667175293,"angle":0,"type":"block"},{"time":255,"angle":22.5,"type":"block"},{"time":255.33332824707,"angle":22.5,"type":"block"},{"time":255.66667175293,"angle":0,"type":"block"},{"time":253.33332824707,"angle":0,"type":"block"},{"time":253,"angle":0,"type":"block"},{"time":252.66667175293,"angle":0,"type":"block"},{"time":256,"angle":0,"type":"block"},{"time":256.33334350586,"angle":360,"type":"block"},{"time":256.66665649414,"angle":22.5,"type":"block"},{"time":257,"angle":22.5,"type":"block"},{"time":257.33334350586,"angle":337.5,"type":"block"},{"time":257.66665649414,"angle":337.5,"type":"block"},{"time":258,"angle":337.5,"type":"block"},{"time":258.33334350586,"angle":337.5,"type":"block"},{"time":258.66665649414,"angle":360,"type":"block"},{"time":259,"angle":22.5,"type":"block"},{"time":259.16665649414,"angle":360,"type":"block"},{"time":259.5,"angle":337.5,"type":"block"},{"time":259.66665649414,"angle":0,"type":"block"},{"time":260,"angle":0,"type":"block"},{"time":260.33334350586,"angle":0,"type":"block"},{"time":260.66665649414,"angle":337.5,"type":"block"},{"time":261,"angle":22.5,"type":"block"},{"time":261.33334350586,"angle":0,"type":"block"},{"time":261.66665649414,"angle":0,"type":"block"},{"time":262,"angle":337.5,"type":"block"},{"time":262.33334350586,"angle":0,"type":"block"},{"time":262.66665649414,"angle":22.5,"type":"block"},{"time":263,"angle":0,"type":"block"},{"duration":1,"angle":337.5,"time":263.33334350586,"angle2":360,"type":"hold"},{"tap":true,"time":264.66665649414,"angle":360,"type":"block"},{"duration":1,"angle":0,"time":265,"angle2":-22.5,"type":"hold"},{"time":266.33334350586,"angle":337.5,"type":"block"},{"time":266.66665649414,"angle":337.5,"type":"block"},{"duration":0.66666662693024,"time":267,"angle":360,"angle2":360,"type":"hold"},{"tap":true,"time":268,"angle":0,"type":"block"},{"duration":0.83333331346512,"time":268.33334350586,"angle":0,"angle2":0,"type":"hold"},{"time":269.5,"angle":337.5,"type":"block"},{"time":269.66665649414,"angle":0,"type":"block"},{"duration":1,"time":270.16665649414,"angle":22.5,"angle2":22.5,"type":"hold"},{"time":271.5,"angle":360,"type":"block"},{"time":271.83334350586,"angle":337.5,"type":"block"},{"time":272.16665649414,"angle":360,"type":"block"},{"time":272.5,"angle":337.5,"type":"block"},{"time":272.83334350586,"angle":0,"type":"block"},{"time":273.16665649414,"angle":22.5,"type":"block"},{"time":273.5,"angle":22.5,"type":"block"},{"time":273.83334350586,"angle":0,"type":"block"},{"time":274.5,"angle":0,"type":"block"},{"time":275,"angle":0,"type":"block"},{"duration":0.16666658222675,"time":275.33334350586,"angle":0,"angle2":0,"type":"hold"},{"time":275.83334350586,"angle":337.5,"type":"block"},{"time":276,"angle":0,"type":"block"},{"time":276.33334350586,"angle":0,"type":"block"},{"time":276.83334350586,"angle":0,"type":"block"},{"time":277.16665649414,"angle":22.5,"type":"block"},{"time":277.5,"angle":0,"type":"block"},{"time":278,"angle":0,"type":"block"},{"time":278.33334350586,"angle":0,"type":"block"},{"time":279,"angle":0,"type":"block"},{"time":279.33334350586,"angle":337.5,"type":"block"},{"time":279.66665649414,"angle":22.5,"type":"block"},{"time":280,"angle":22.5,"type":"block"},{"time":280.33334350586,"angle":0,"type":"block"},{"time":280.66665649414,"angle":0,"type":"block"},{"time":281,"angle":0,"type":"block"},{"time":281.33334350586,"angle":0,"type":"block"},{"time":281.66665649414,"angle":0,"type":"block"},{"duration":0.49999994039536,"time":282,"angle":337.5,"angle2":337.5,"type":"hold"},{"duration":0.49999994039536,"angle":22.5,"time":282.83334350586,"angle2":22.5,"type":"hold"},{"duration":0.33333325386047,"time":282.5,"angle":337.5,"angle2":382.5,"type":"hold"},{"time":283.66665649414,"angle":0,"type":"block"},{"time":284,"angle":337.5,"type":"block"},{"time":284.33334350586,"angle":360,"type":"block"},{"time":284.66665649414,"angle":360,"type":"block"},{"time":285,"angle":360,"type":"block"},{"time":285.5,"angle":0,"type":"block"},{"time":285.83334350586,"angle":0,"type":"block"},{"time":286.16665649414,"angle":0,"type":"block"},{"time":286.66665649414,"angle":337.5,"type":"block"},{"time":287,"angle":0,"type":"block"},{"time":287.33334350586,"angle":22.5,"type":"block"},{"time":287.66665649414,"angle":22.5,"type":"block"},{"time":288,"angle":22.5,"type":"block"},{"time":288.33334350586,"angle":22.5,"type":"block"},{"time":288.66665649414,"angle":22.5,"type":"block"},{"time":289.66665649414,"angle":22.5,"type":"block"},{"time":290,"angle":22.5,"type":"block"},{"time":290.33334350586,"angle":22.5,"type":"block"},{"time":290.66665649414,"angle":22.5,"type":"block"},{"duration":0.33333325386047,"time":291.33334350586,"angle":337.5,"angle2":360,"type":"hold"},{"duration":0.49999994039536,"angle":360,"time":290.83334350586,"angle2":337.5,"type":"hold"},{"time":292,"angle":0,"type":"block"},{"time":292.33334350586,"angle":360,"type":"block"},{"time":292.66665649414,"angle":0,"type":"block"},{"time":293,"angle":360,"type":"block"},{"duration":0.16666658222675,"time":293.33334350586,"angle":360,"angle2":360,"type":"hold"},{"time":293.83334350586,"angle":337.5,"type":"block"},{"time":294.16665649414,"angle":22.5,"type":"block"},{"time":294.5,"angle":22.5,"type":"block"},{"time":294.83334350586,"angle":337.5,"type":"block"},{"time":295.16665649414,"angle":22.5,"type":"block"},{"time":295.5,"angle":0,"type":"block"},{"time":295.83334350586,"angle":360,"type":"block"},{"time":296.16665649414,"angle":0,"type":"block"},{"duration":1.1666666269302,"angle":-360,"time":296.5,"angle2":0,"type":"hold"},{"duration":0.49999994039536,"time":297.66665649414,"angle":0,"angle2":0,"type":"hold"},{"tap":true,"time":299.16665649414,"angle":0,"type":"block"},{"time":298.5,"angle":360,"type":"block"},{"time":304.16665649414,"angle":360,"type":"block"},{"time":303.16665649414,"angle":0,"type":"block"},{"time":302.16665649414,"angle":0,"type":"block"},{"time":301.16665649414,"angle":0,"type":"block"},{"time":300.16665649414,"angle":0,"type":"block"},{"time":305.16665649414,"angle":0,"type":"block"},{"time":306.16665649414,"angle":0,"type":"block"},{"tap":true,"time":307.16665649414,"angle":0,"type":"block"},{"time":308.16665649414,"angle":0,"type":"block"},{"angle":0,"time":307.16665649414,"type":"extraTap"},{"time":309.16665649414,"angle":0,"type":"block"},{"time":310.16665649414,"angle":360,"type":"block"},{"time":311.16665649414,"angle":360,"type":"block"},{"time":312.16665649414,"angle":0,"type":"block"},{"time":313.16665649414,"angle":360,"type":"block"},{"time":314.16665649414,"angle":0,"type":"block"},{"time":315.16665649414,"angle":360,"type":"block"},{"time":315.5,"angle":0,"type":"block"},{"time":315.66665649414,"angle":0,"type":"block"},{"angle":180,"time":315.16665649414,"type":"mine"},{"angle":180,"time":315.5,"type":"mine"},{"angle":180,"time":315.66665649414,"type":"mine"},{"time":316,"angle":180,"duration":0.33333325386047,"angle2":180,"type":"mineHold"},{"duration":0.66666662693024,"time":316.99996948242,"angle":0,"angle2":-45,"type":"hold"},{"duration":1,"angle":315,"time":317.66665649414,"angle2":450,"type":"hold"},{"duration":0.66666662693024,"time":316.99996948242,"angle":180,"type":"mineHold","angle2":135},{"time":317.66665649414,"angle":135,"duration":1,"angle2":270,"type":"mineHold"},{"time":316.16665649414,"angle":0,"type":"block"},{"time":318.83334350586,"angle":90,"type":"block"},{"time":319.16665649414,"angle":67.5,"type":"block"},{"angle":270,"time":318.83334350586,"type":"mine"},{"angle":247.5,"time":319.16665649414,"type":"mine"},{"duration":0.83333331346512,"time":319.5,"angle":427.5,"angle2":247.5,"type":"hold"},{"duration":0.83333331346512,"time":319.5,"angle":247.5,"type":"mineHold","angle2":67.5},{"angle":247.5,"duration":1,"time":320.33334350586,"angle2":247.5,"endTap":true,"type":"hold"},{"duration":1,"time":320.33334350586,"angle":67.5,"angle2":67.5,"type":"mineHold"},{"time":322,"angle":315,"duration":1,"angle2":315,"type":"mineHold"},{"time":322,"angle":337.5,"duration":1,"type":"mineHold","angle2":337.5},{"duration":1,"time":322,"angle":360,"angle2":360,"type":"mineHold"},{"duration":1,"time":322,"angle":22.5,"type":"mineHold","angle2":22.5},{"angle":45,"duration":1,"time":322,"type":"mineHold","angle2":45},{"angle":67.5,"duration":1,"time":322,"type":"mineHold","angle2":67.5},{"time":322,"angle":90,"duration":1,"type":"mineHold","angle2":90},{"duration":1,"time":322,"angle":112.5,"type":"mineHold","angle2":112.5},{"duration":1,"time":322,"angle":135,"type":"mineHold","angle2":135},{"angle":157.5,"duration":1,"time":322,"angle2":157.5,"type":"mineHold"},{"time":322,"angle":180,"duration":1,"type":"mineHold","angle2":180},{"time":323.16665649414,"angle":247.5,"type":"block"},{"time":323.33334350586,"angle":247.5,"type":"block"},{"time":323.66665649414,"angle":247.5,"type":"block"},{"angle":247.5,"time":324,"duration":1,"angle2":427.5,"endTap":true,"type":"hold"},{"angle":67.5,"time":323.16665649414,"type":"mine"},{"angle":67.5,"time":323.33334350586,"type":"mine"},{"angle":67.5,"time":323.66665649414,"type":"mine"},{"time":324,"angle":67.5,"duration":1,"type":"mineHold","angle2":247.5},{"duration":1,"time":325.5,"angle":0,"type":"mineHold","angle2":0},{"time":325.5,"angle":337.5,"duration":1,"type":"mineHold","angle2":337.5},{"angle":315,"duration":1,"time":325.5,"angle2":315,"type":"mineHold"},{"duration":1,"time":325.5,"angle":292.5,"type":"mineHold","angle2":292.5},{"time":325.5,"angle":270,"duration":1,"type":"mineHold","angle2":270},{"angle":247.5,"duration":1,"time":325.5,"angle2":247.5,"type":"mineHold"},{"duration":1,"time":325.5,"angle":225,"angle2":225,"type":"mineHold"},{"duration":1,"time":325.5,"angle":202.5,"type":"mineHold","angle2":202.5},{"angle":180,"duration":1,"time":325.5,"angle2":180,"type":"mineHold"},{"angle":157.5,"duration":1,"time":325.5,"type":"mineHold","angle2":157.5},{"time":325.5,"angle":135,"duration":1,"type":"mineHold","angle2":135},{"angle":247.5,"time":326.66665649414,"type":"mine"},{"angle":247.5,"time":326.83334350586,"type":"mine"},{"time":327.16665649414,"angle":67.5,"type":"block"},{"time":327.33334350586,"angle":67.5,"type":"block"},{"time":327.66665649414,"angle":67.5,"type":"block"},{"angle":247.5,"time":327,"type":"mine"},{"angle":247.5,"time":327.16665649414,"type":"mine"},{"angle":247.5,"time":327.5,"type":"mine"},{"duration":1,"time":328,"angle":67.5,"angle2":247.5,"endTap":true,"type":"hold"},{"time":327.83334350586,"angle":247.5,"duration":1.1666666269302,"angle2":427.5,"type":"mineHold"},{"time":330,"angle":247.5,"type":"block"},{"angle":67.5,"time":330,"type":"mine"},{"time":330.5,"angle":247.5,"type":"block"},{"angle":67.5,"time":330.5,"type":"mine"},{"angle":67.5,"time":330.83334350586,"type":"mine"},{"time":330.83334350586,"angle":247.5,"type":"block"},{"time":331.5,"angle":270,"type":"inverse"},{"time":332.33334350586,"angle":225,"type":"inverse"},{"time":333.16665649414,"angle":270,"type":"inverse"},{"time":334,"angle":225,"type":"inverse"},{"time":334.83334350586,"angle":270,"type":"inverse"},{"time":335.66665649414,"angle":225,"type":"inverse"},{"time":336.33334350586,"angle":270,"type":"block"},{"time":337.33334350586,"angle":315,"type":"block"},{"time":336.83334350586,"angle":292.5,"type":"block"},{"time":338.33334350586,"angle":337.5,"type":"block"},{"angle":292.5,"time":339,"type":"mine"},{"angle":270,"time":339,"type":"mine"},{"angle":247.5,"time":339,"type":"mine"},{"angle":225,"time":339,"type":"mine"},{"angle":202.5,"time":339,"type":"mine"},{"angle":180,"time":339,"type":"mine"},{"angle":157.5,"time":339,"type":"mine"},{"angle":135,"time":339,"type":"mine"},{"angle":112.5,"time":339,"type":"mine"},{"angle":90,"time":339,"type":"mine"},{"angle":67.5,"time":339,"type":"mine"},{"angle":45,"time":339.33334350586,"type":"mine"},{"angle":67.5,"time":339.33334350586,"type":"mine"},{"angle":90,"time":339.33334350586,"type":"mine"},{"angle":112.5,"time":339.33334350586,"type":"mine"},{"angle":135,"time":339.33334350586,"type":"mine"},{"angle":157.5,"time":339.33334350586,"type":"mine"},{"angle":180,"time":339.33334350586,"type":"mine"},{"angle":202.5,"time":339.33334350586,"type":"mine"},{"angle":225,"time":339.33334350586,"type":"mine"},{"angle":247.5,"time":339.33334350586,"type":"mine"},{"angle":270,"time":339.33334350586,"type":"mine"},{"angle":67.5,"time":339.66665649414,"type":"mine"},{"angle":112.5,"time":339.66665649414,"type":"mine"},{"angle":90,"time":339.66665649414,"type":"mine"},{"angle":135,"time":339.66665649414,"type":"mine"},{"angle":157.5,"time":339.66665649414,"type":"mine"},{"angle":180,"time":339.66665649414,"type":"mine"},{"angle":202.5,"time":339.66665649414,"type":"mine"},{"angle":225,"time":339.66665649414,"type":"mine"},{"angle":270,"time":339.66665649414,"type":"mine"},{"angle":292.5,"time":340,"type":"mine"},{"angle":270,"time":340,"type":"mine"},{"angle":247.5,"time":340,"type":"mine"},{"angle":225,"time":340,"type":"mine"},{"angle":202.5,"time":340,"type":"mine"},{"angle":180,"time":340,"type":"mine"},{"angle":157.5,"time":340,"type":"mine"},{"angle":135,"time":340,"type":"mine"},{"angle":112.5,"time":340,"type":"mine"},{"angle":90,"time":340,"type":"mine"},{"angle":67.5,"time":340,"type":"mine"},{"angle":247.5,"time":339.66665649414,"type":"mine"},{"angle":292.5,"time":340.83334350586,"type":"mine"},{"angle":270,"time":340.83334350586,"type":"mine"},{"angle":247.5,"time":340.83334350586,"type":"mine"},{"angle":315,"time":340.83334350586,"type":"mine"},{"angle":337.5,"time":340.83334350586,"type":"mine"},{"angle":225,"time":340.83334350586,"type":"mine"},{"angle":202.5,"time":340.83334350586,"type":"mine"},{"angle":180,"time":340.83334350586,"type":"mine"},{"angle":157.5,"time":340.83334350586,"type":"mine"},{"angle":135,"time":340.83334350586,"type":"mine"},{"angle":112.5,"time":340.83334350586,"type":"mine"},{"angle":337.5,"time":341.33334350586,"type":"mine"},{"angle":315,"time":341.33334350586,"type":"mine"},{"angle":292.5,"time":341.33334350586,"type":"mine"},{"angle":270,"time":341.33334350586,"type":"mine"},{"angle":247.5,"time":341.33334350586,"type":"mine"},{"angle":225,"time":341.33334350586,"type":"mine"},{"angle":202.5,"time":341.33334350586,"type":"mine"},{"angle":180,"time":341.33334350586,"type":"mine"},{"angle":157.5,"time":341.33334350586,"type":"mine"},{"angle":135,"time":341.33334350586,"type":"mine"},{"angle":112.5,"time":341.33334350586,"type":"mine"},{"angle":360,"time":341.66665649414,"type":"mine"},{"angle":22.5,"time":342,"type":"mine"},{"angle":0,"time":342,"type":"mine"},{"angle":337.5,"time":341.66665649414,"type":"mine"},{"angle":337.5,"time":342,"type":"mine"},{"angle":315,"time":341.66665649414,"type":"mine"},{"angle":315,"time":342,"type":"mine"},{"angle":292.5,"time":341.66665649414,"type":"mine"},{"angle":292.5,"time":342,"type":"mine"},{"angle":270,"time":341.66665649414,"type":"mine"},{"angle":270,"time":342,"type":"mine"},{"angle":247.5,"time":341.66665649414,"type":"mine"},{"angle":247.5,"time":342,"type":"mine"},{"angle":225,"time":341.66665649414,"type":"mine"},{"angle":225,"time":342,"type":"mine"},{"angle":202.5,"time":341.66665649414,"type":"mine"},{"angle":202.5,"time":342,"type":"mine"},{"angle":180,"time":341.66665649414,"type":"mine"},{"angle":180,"time":342,"type":"mine"},{"angle":157.5,"time":341.66665649414,"type":"mine"},{"angle":157.5,"time":342,"type":"mine"},{"angle":135,"time":341.66665649414,"type":"mine"},{"angle":22.5,"time":342.66665649414,"type":"mine"},{"angle":157.5,"time":342.5,"type":"mine"},{"angle":180,"time":342.5,"type":"mine"},{"angle":202.5,"time":342.5,"type":"mine"},{"angle":225,"time":342.5,"type":"mine"},{"angle":247.5,"time":342.5,"type":"mine"},{"angle":270,"time":342.5,"type":"mine"},{"angle":292.5,"time":342.5,"type":"mine"},{"angle":315,"time":342.5,"type":"mine"},{"angle":337.5,"time":342.5,"type":"mine"},{"angle":360,"time":342.5,"type":"mine"},{"angle":0,"time":342.66665649414,"type":"mine"},{"angle":337.5,"time":342.66665649414,"type":"mine"},{"angle":315,"time":342.66665649414,"type":"mine"},{"angle":292.5,"time":342.66665649414,"type":"mine"},{"angle":270,"time":342.66665649414,"type":"mine"},{"angle":247.5,"time":342.66665649414,"type":"mine"},{"angle":225,"time":342.66665649414,"type":"mine"},{"angle":202.5,"time":342.66665649414,"type":"mine"},{"angle":180,"time":342.66665649414,"type":"mine"},{"angle":22.5,"time":342.5,"type":"mine"},{"angle":157.5,"time":342.66665649414,"type":"mine"},{"angle":45,"time":343,"type":"mine"},{"angle":22.5,"time":343.33334350586,"type":"mine"},{"angle":45,"time":343.66665649414,"type":"mine"},{"angle":22.5,"time":343.66665649414,"type":"mine"},{"angle":22.5,"time":343,"type":"mine"},{"angle":157.5,"time":343,"type":"mine"},{"angle":135,"time":343.33334350586,"type":"mine"},{"angle":157.5,"time":343.66665649414,"type":"mine"},{"angle":157.5,"time":343.33334350586,"type":"mine"},{"angle":180,"time":343,"type":"mine"},{"angle":202.5,"time":343,"type":"mine"},{"angle":225,"time":343,"type":"mine"},{"angle":247.5,"time":343,"type":"mine"},{"angle":270,"time":343,"type":"mine"},{"angle":292.5,"time":343,"type":"mine"},{"angle":315,"time":343,"type":"mine"},{"angle":337.5,"time":343,"type":"mine"},{"angle":0,"time":343,"type":"mine"},{"angle":0,"time":343.33334350586,"type":"mine"},{"angle":0,"time":343.66665649414,"type":"mine"},{"angle":337.5,"time":343.33334350586,"type":"mine"},{"angle":315,"time":343.33334350586,"type":"mine"},{"angle":292.5,"time":343.33334350586,"type":"mine"},{"angle":270,"time":343.33334350586,"type":"mine"},{"angle":247.5,"time":343.33334350586,"type":"mine"},{"angle":225,"time":343.33334350586,"type":"mine"},{"angle":202.5,"time":343.33334350586,"type":"mine"},{"angle":180,"time":343.33334350586,"type":"mine"},{"angle":180,"time":343.66665649414,"type":"mine"},{"angle":202.5,"time":343.66665649414,"type":"mine"},{"angle":225,"time":343.66665649414,"type":"mine"},{"angle":247.5,"time":343.66665649414,"type":"mine"},{"angle":270,"time":343.66665649414,"type":"mine"},{"angle":292.5,"time":343.66665649414,"type":"mine"},{"angle":315,"time":343.66665649414,"type":"mine"},{"angle":337.5,"time":343.66665649414,"type":"mine"},{"angle":180,"time":344.33334350586,"type":"mine"},{"angle":202.5,"time":344.33334350586,"type":"mine"},{"angle":225,"time":344.33334350586,"type":"mine"},{"angle":247.5,"time":344.33334350586,"type":"mine"},{"angle":270,"time":344.33334350586,"type":"mine"},{"angle":292.5,"time":344.33334350586,"type":"mine"},{"angle":315,"time":344.33334350586,"type":"mine"},{"angle":337.5,"time":344.33334350586,"type":"mine"},{"angle":360,"time":344.33334350586,"type":"mine"},{"angle":157.5,"time":343.83334350586,"type":"mine"},{"angle":180,"time":343.83334350586,"type":"mine"},{"angle":202.5,"time":343.83334350586,"type":"mine"},{"angle":225,"time":343.83334350586,"type":"mine"},{"angle":247.5,"time":343.83334350586,"type":"mine"},{"angle":270,"time":343.83334350586,"type":"mine"},{"angle":292.5,"time":343.83334350586,"type":"mine"},{"angle":315,"time":343.83334350586,"type":"mine"},{"angle":337.5,"time":343.83334350586,"type":"mine"},{"angle":360,"time":343.83334350586,"type":"mine"},{"angle":22.5,"time":343.83334350586,"type":"mine"},{"angle":45,"time":343.83334350586,"type":"mine"},{"angle":0,"time":344.66665649414,"type":"mine"},{"angle":337.5,"time":344.66665649414,"type":"mine"},{"angle":315,"time":344.66665649414,"type":"mine"},{"angle":292.5,"time":344.66665649414,"type":"mine"},{"angle":270,"time":344.66665649414,"type":"mine"},{"angle":247.5,"time":344.66665649414,"type":"mine"},{"angle":225,"time":344.66665649414,"type":"mine"},{"angle":202.5,"time":344.66665649414,"type":"mine"},{"angle":180,"time":344.66665649414,"type":"mine"},{"time":346.83334350586,"angle":90,"type":"block"},{"time":347.16665649414,"angle":112.5,"type":"block"},{"time":347.5,"angle":112.5,"type":"block"},{"time":347.66665649414,"angle":112.5,"type":"block"},{"time":348,"angle":112.5,"type":"block"},{"time":348.5,"angle":112.5,"type":"block"},{"time":348.83334350586,"angle":112.5,"type":"block"},{"duration":1,"time":351.16665649414,"angle":90,"angle2":315,"type":"hold"},{"angle":315,"time":352.16665649414,"duration":0.83333331346512,"type":"hold","angle2":405},{"duration":1,"angle":45,"time":353,"angle2":315,"type":"hold"},{"duration":1,"angle":315,"time":354,"angle2":360,"type":"hold"}]