{"metadata":{"description":"One of Tally Halls most popular songs, converted into a gameplay-over-looks chart. This is specifically the 2005 version with 13 tacked on as an intro.","bg":true,"artist":"Tally Hall","difficulty":0,"artistLink":"https://www.youtube.com/@tallyhall","bgData":{"blueChannel":{"r":0,"g":0,"b":0},"image":"rule.png","redChannel":{"r":0,"g":0,"b":0}},"songName":"Ruler of Everything","charter":"AverageCytrius"},"events":[{"angle":360,"time":0,"file":"Ruler of Everything.ogg","volume":1,"bpm":85,"type":"play"},{"type":"setBgColor","angle":180,"time":0,"color":1},{"angle":157.5,"time":0,"type":"outline","enable":true,"color":0},{"angle":157.5,"chance":0.9899994134903,"time":101.16666412354,"color":3,"type":"noise"},{"angle":157.5,"chance":0.98000001907349,"time":101.33333587646,"color":3,"type":"noise"},{"angle":157.5,"chance":0.97000002861023,"time":101.5,"color":3,"type":"noise"},{"angle":157.5,"chance":0.95999997854233,"time":101.66666412354,"color":3,"type":"noise"},{"angle":157.5,"chance":0.94999998807907,"time":101.83333587646,"color":3,"type":"noise"},{"angle":157.5,"chance":0.93999999761581,"time":102,"color":3,"type":"noise"},{"angle":135,"chance":0.93000000715256,"time":102.16666412354,"color":3,"type":"noise"},{"angle":157.5,"chance":0.9200000166893,"time":102.33333587646,"color":3,"type":"noise"},{"angle":157.5,"chance":0.89999997615814,"time":102.66666412354,"color":3,"type":"noise"},{"angle":157.5,"chance":0.91000002622604,"time":102.5,"color":3,"type":"noise"},{"angle":112.5,"chance":0.88999998569489,"time":102.83333587646,"color":3,"type":"noise"},{"angle":112.5,"chance":0.87999999523163,"time":103,"color":3,"type":"noise"},{"angle":112.5,"chance":0.87000000476837,"time":103.16666412354,"color":3,"type":"noise"},{"angle":112.5,"chance":0.86000001430511,"time":103.33333587646,"color":3,"type":"noise"},{"angle":112.5,"chance":0.85000002384186,"time":103.5,"color":3,"type":"noise"},{"angle":112.5,"chance":0.83999997377396,"time":103.66666412354,"color":3,"type":"noise"},{"angle":112.5,"chance":0.8299999833107,"time":103.83333587646,"color":3,"type":"noise"},{"angle":112.5,"chance":0.81999999284744,"time":104,"color":3,"type":"noise"},{"angle":112.5,"chance":0.81000000238419,"time":104.16666412354,"color":3,"type":"noise"},{"angle":112.5,"chance":0.80000001192093,"time":104.33333587646,"type":"noise","color":3},{"angle":112.5,"chance":0.79000002145767,"time":104.5,"color":3,"type":"noise"},{"angle":112.5,"chance":0.77999997138977,"time":104.66666412354,"type":"noise","color":3},{"angle":112.5,"chance":0.76999998092651,"time":104.83333587646,"color":3,"type":"noise"},{"angle":112.5,"chance":0,"time":105.16666412354,"color":3,"type":"noise"},{"angle":112.5,"chance":0.75999999046326,"time":105,"color":3,"type":"noise"},{"time":110.66666412354,"angle":157.5,"enable":true,"type":"hom"},{"time":112.83333587646,"angle":337.5,"enable":false,"type":"hom"},{"time":120.33335113525,"newWidth":70,"enabled":true,"type":"paddles","duration":1.1666665077209,"angle":90,"paddle":2,"newAngle":180,"ease":"linear"},{"enabled":false,"newWidth":10,"time":157.16667175293,"ease":"linear","duration":0,"angle":0,"paddle":2,"newAngle":0,"type":"paddles"},{"duration":0,"type":"paddles","paddle":1,"angle":0,"time":157.33332824707,"newWidth":10,"ease":"linear"},{"time":157.5,"angle":0,"bpm":200,"type":"setBPM"},{"time":299.16665649414,"newWidth":70,"enabled":true,"type":"paddles","paddle":1,"duration":0,"angle":0,"newAngle":0,"ease":"linear"},{"time":299.16665649414,"angle":0,"bpm":85,"type":"setBPM"},{"paddle":0,"ease":"linear","duration":0,"enabled":false,"angle":0,"time":355.0625,"type":"paddles"},{"angle":0,"time":364.9375,"type":"showResults"}],"properties":{"startBeat":0,"formatversion":12,"offset":8,"speed":70}}