[{"time":0,"speedMult":0.69999998807907,"type":"block","angle":-22.5},{"time":0.5,"speedMult":0.69999998807907,"type":"block","angle":0},{"time":1,"speedMult":0.69999998807907,"type":"block","angle":22.5},{"time":1.5,"speedMult":0.69999998807907,"type":"side","angle":67.5},{"time":7.5,"speedMult":0.69999998807907,"type":"side","angle":292.5},{"time":3.5,"speedMult":0.69999998807907,"type":"side","angle":202.5},{"time":4,"speedMult":0.69999998807907,"type":"block","angle":247.5},{"time":4.5,"speedMult":0.69999998807907,"type":"block","angle":270},{"time":5,"speedMult":0.69999998807907,"type":"block","angle":292.5},{"time":5.5,"speedMult":0.69999998807907,"type":"side","angle":-22.5},{"time":6.5,"speedMult":0.69999998807907,"type":"block","angle":0},{"time":7,"speedMult":0.69999998807907,"type":"block","angle":-22.5},{"time":8,"speedMult":0.69999998807907,"type":"block","angle":180},{"time":8.5,"speedMult":0.69999998807907,"type":"block","angle":157.5},{"time":9,"speedMult":0.69999998807907,"type":"block","angle":135},{"time":9.5,"speedMult":0.69999998807907,"type":"side","angle":90},{"time":10,"speedMult":0.69999998807907,"type":"block","angle":45},{"time":10.5,"speedMult":0.69999998807907,"type":"block","angle":22.5},{"time":11,"speedMult":0.69999998807907,"type":"block","angle":0},{"time":11.5,"speedMult":0.69999998807907,"type":"side","angle":315},{"time":12,"speedMult":0.69999998807907,"type":"block","angle":270},{"time":12.5,"speedMult":0.69999998807907,"type":"block","angle":247.5},{"time":13,"speedMult":0.69999998807907,"type":"block","angle":225},{"time":13.5,"speedMult":0.69999998807907,"type":"side","angle":180},{"time":14,"speedMult":0.69999998807907,"type":"block","angle":135},{"time":14.5,"speedMult":0.69999998807907,"type":"block","angle":157.5},{"time":15,"speedMult":0.69999998807907,"type":"block","angle":180},{"time":15.5,"speedMult":0.69999998807907,"type":"side","angle":225},{"time":16,"speedMult":0.69999998807907,"type":"block","angle":270},{"time":16.5,"speedMult":0.69999998807907,"type":"block","angle":292.5},{"time":17,"speedMult":0.69999998807907,"type":"block","angle":315},{"time":17.5,"speedMult":0.69999998807907,"type":"side","angle":0},{"time":19.5,"speedMult":0.69999998807907,"type":"side","angle":135},{"time":20,"speedMult":0.69999998807907,"type":"block","angle":157.5},{"time":20.5,"speedMult":0.69999998807907,"type":"block","angle":180},{"time":21,"speedMult":0.69999998807907,"type":"block","angle":202.5},{"time":3,"speedMult":0.69999998807907,"type":"block","angle":157.5},{"time":2.5,"speedMult":0.69999998807907,"type":"block","angle":135},{"time":2,"speedMult":0.69999998807907,"type":"block","angle":112.5},{"time":18,"speedMult":0.69999998807907,"type":"block","angle":45},{"time":18.5,"speedMult":0.69999998807907,"type":"block","angle":67.5},{"time":19,"speedMult":0.69999998807907,"type":"block","angle":90},{"time":21.5,"speedMult":0.69999998807907,"type":"side","angle":247.5},{"time":22,"speedMult":0.69999998807907,"type":"block","angle":225},{"time":22.5,"speedMult":0.69999998807907,"type":"block","angle":202.5},{"time":23,"speedMult":0.69999998807907,"type":"block","angle":180},{"time":23.5,"speedMult":0.69999998807907,"type":"side","angle":135},{"time":24,"speedMult":0.69999998807907,"type":"block","angle":112.5},{"time":24.5,"speedMult":0.69999998807907,"type":"block","angle":90},{"time":25,"speedMult":0.69999998807907,"type":"block","angle":67.5},{"time":25.5,"speedMult":0.69999998807907,"type":"side","angle":22.5},{"time":26,"speedMult":0.69999998807907,"type":"block","angle":315},{"time":26.5,"speedMult":0.69999998807907,"type":"block","angle":292.5},{"time":27,"speedMult":0.69999998807907,"type":"block","angle":270},{"time":27.5,"speedMult":0.69999998807907,"type":"side","angle":202.5},{"time":28,"speedMult":0.69999998807907,"type":"block","angle":180},{"time":28.5,"speedMult":0.69999998807907,"type":"block","angle":157.5},{"time":29,"speedMult":0.69999998807907,"type":"block","angle":135},{"time":29.5,"speedMult":0.69999998807907,"type":"side","angle":90},{"time":30,"speedMult":0.69999998807907,"type":"block","angle":157.5},{"time":30.5,"speedMult":0.69999998807907,"type":"block","angle":180},{"time":31,"speedMult":0.69999998807907,"type":"block","angle":202.5},{"time":31.5,"speedMult":0.69999998807907,"type":"side","angle":247.5},{"time":32,"speedMult":1.2000000476837,"type":"block","angle":292.5},{"time":33,"speedMult":1.2000000476837,"type":"block","angle":22.5},{"time":32.5,"speedMult":1.1000000238419,"type":"block","angle":90},{"time":33.5,"type":"block","angle":247.5},{"time":6,"speedMult":0.69999998807907,"type":"block","angle":22.5},{"time":36,"speedMult":1.1000000238419,"type":"side","angle":112.5},{"time":36.5,"type":"block","angle":180},{"time":37,"type":"block","angle":247.5},{"time":37.5,"speedMult":1.1000000238419,"type":"block","angle":360},{"time":38,"speedMult":1.2000000476837,"type":"block","angle":292.5},{"time":34,"duration":0.5,"type":"hold","angle2":180,"angle":112.5},{"time":34.5,"duration":0.5,"type":"hold","angle2":292.5,"angle":180},{"time":35.5,"type":"block","angle":337.5},{"time":38.5,"type":"block","angle":202.5},{"time":39,"speedMult":0.89999997615814,"type":"block","angle":67.5},{"time":39.5,"speedMult":1.2000000476837,"type":"block","angle":135},{"time":40,"duration":0.5,"type":"hold","angle2":292.5,"angle":225},{"time":36,"speedMult":1.5,"type":"extraTap","angle":135},{"time":38,"speedMult":1.5,"type":"extraTap","angle":270},{"time":40,"speedMult":1.5,"type":"extraTap","angle":202.5},{"time":32,"speedMult":1.5,"type":"extraTap","angle":270},{"time":32,"duration":0,"type":"mineHold","angle2":45,"angle":0},{"time":36,"duration":0,"type":"mineHold","angle2":315,"angle":270},{"time":38,"duration":0,"type":"mineHold","angle2":90,"angle":45},{"time":40,"duration":0,"type":"mineHold","angle2":67.5,"angle":22.5},{"time":41,"type":"block","angle":247.5},{"time":41.5,"type":"block","angle":157.5},{"time":42,"type":"block","angle":90},{"time":43,"type":"block","angle":112.5},{"time":44,"type":"side","angle":292.5},{"time":42.5,"type":"block","angle":22.5},{"time":44,"speedMult":1.5,"type":"extraTap","angle":270},{"time":44,"duration":0,"type":"mineHold","angle2":135,"angle":180},{"time":44.5,"type":"block","angle":202.5},{"time":45,"duration":0.5,"type":"hold","angle2":180,"angle":135},{"time":45.5,"duration":0.5,"type":"hold","angle2":225,"angle":180},{"time":47,"type":"block","angle":270},{"time":47.5,"type":"block","angle":202.5},{"time":43.5,"speedMult":1.2000000476837,"type":"block","angle":22.5},{"time":46.5,"type":"block","angle":315},{"time":48,"speedMult":1.5,"type":"extraTap","angle":315},{"time":46,"speedMult":1.5,"type":"extraTap","angle":202.5},{"time":48.5,"speedMult":1.1000000238419,"type":"block","angle":270},{"time":49,"type":"block","angle":135},{"time":49.5,"speedMult":1.2000000476837,"type":"block","angle":225},{"time":48,"type":"side","angle":337.5},{"time":50.5,"duration":0.5,"type":"hold","angle2":45,"angle":0},{"time":50,"duration":0.5,"type":"hold","angle2":360,"angle":292.5},{"time":51.5,"type":"block","angle":90},{"time":52,"type":"side","angle":-45},{"time":52.5,"speedMult":1.1000000238419,"type":"block","angle":45},{"time":52,"speedMult":1.5,"type":"extraTap","angle":292.5},{"time":46,"angle2":22.5,"duration":0,"type":"mineHold","speedMult":1.5,"angle":67.5},{"time":48,"duration":0,"type":"mineHold","angle2":135,"angle":90},{"time":52,"duration":0,"type":"mineHold","angle2":180,"angle":225},{"time":53,"type":"block","angle":360},{"time":53.5,"speedMult":1.1000000238419,"type":"block","angle":135},{"time":54,"duration":0.5,"type":"hold","angle2":90,"angle":157.5},{"time":54,"speedMult":1.5,"type":"extraTap","angle":180},{"time":54,"duration":0,"type":"mineHold","angle2":292.5,"angle":337.5},{"time":54.5,"duration":0.5,"type":"hold","angle2":22.5,"angle":90},{"time":55,"duration":0.5,"type":"hold","angle2":-45,"angle":22.5},{"time":55.5,"duration":0.5,"type":"hold","angle2":247.5,"angle":315},{"time":56,"speedMult":1.5,"type":"extraTap","angle":225},{"time":56,"angle2":90,"duration":0,"type":"mineHold","speedMult":1.5,"angle":135},{"time":57,"type":"block","angle":180},{"time":56.5,"type":"block","angle":292.5},{"time":57.5,"speedMult":1.2000000476837,"type":"block","angle":315},{"time":58,"type":"block","angle":247.5},{"time":58.5,"duration":0.5,"type":"hold","angle2":112.5,"angle":180},{"time":59,"duration":0.5,"type":"hold","angle2":67.5,"angle":112.5},{"time":60,"type":"side","angle":225},{"time":60,"speedMult":1.5,"type":"extraTap","angle":202.5},{"time":60,"duration":0,"type":"mineHold","angle2":-22.5,"angle":22.5},{"time":60.5,"type":"block","angle":292.5},{"time":61,"duration":0.5,"type":"hold","angle2":180,"angle":247.5},{"time":62,"speedMult":0.69999998807907,"type":"block","angle":135},{"time":62.5,"speedMult":0.60000002384186,"type":"block","angle":112.5},{"time":63,"speedMult":0.55000001192093,"type":"block","angle":90},{"time":63.5,"speedMult":0.5,"type":"block","angle":67.5},{"time":64,"type":"block","tap":true,"angle":15},{"time":64.25,"type":"block","angle":0},{"time":64.5,"type":"block","angle":345},{"time":64.75,"type":"block","angle":330},{"time":65,"type":"block","angle":315},{"time":65.25,"type":"block","angle":300},{"time":65.5,"type":"block","angle":285},{"time":65.75,"type":"block","angle":270},{"time":66,"type":"block","tap":true,"angle":255},{"time":66.25,"type":"block","angle":270},{"time":66.5,"type":"block","angle":285},{"time":66.75,"type":"block","angle":300},{"time":67,"type":"block","angle":315},{"time":67.25,"type":"block","angle":330},{"time":67.5,"type":"block","angle":345},{"time":67.75,"type":"block","angle":0},{"time":68,"type":"block","tap":true,"angle":15},{"time":68.25,"type":"block","angle":0},{"time":68.5,"type":"block","angle":337.5},{"time":68.75,"type":"block","angle":315},{"time":69,"type":"block","tap":true,"angle":292.5},{"time":69.25,"type":"block","angle":315},{"time":69.5,"type":"block","angle":337.5},{"time":69.75,"type":"block","angle":0},{"time":70,"type":"block","tap":true,"angle":22.5},{"time":70.25,"type":"block","angle":45},{"time":70.5,"type":"block","angle":67.5},{"time":70.75,"type":"block","angle":90},{"time":71,"type":"block","tap":true,"angle":112.5},{"time":71.25,"type":"block","angle":90},{"time":71.5,"type":"block","angle":67.5},{"time":71.75,"type":"block","angle":45},{"time":72,"type":"block","tap":true,"angle":22.5},{"time":72.25,"type":"block","angle":30},{"time":72.5,"type":"block","angle":45},{"time":72.75,"type":"block","angle":60},{"time":73,"type":"block","angle":75},{"time":73.25,"type":"block","angle":90},{"time":73.5,"type":"block","angle":105},{"time":73.75,"type":"block","angle":120},{"time":74,"type":"block","tap":true,"angle":135},{"time":74.25,"type":"block","angle":120},{"time":74.5,"type":"block","angle":105},{"time":74.75,"type":"block","angle":90},{"time":75,"type":"block","angle":75},{"time":75.25,"type":"block","angle":60},{"time":75.5,"type":"block","angle":45},{"time":75.75,"type":"block","angle":30},{"time":76,"type":"block","tap":true,"angle":15},{"time":76.25,"type":"block","angle":30},{"time":76.5,"type":"block","angle":45},{"time":76.75,"type":"block","angle":60},{"time":77,"type":"block","angle":75},{"time":77.25,"type":"block","angle":90},{"time":77.5,"type":"block","angle":105},{"time":77.75,"type":"block","angle":120},{"time":78,"type":"block","tap":true,"angle":135},{"time":78.25,"type":"block","angle":146.25},{"time":78.5,"type":"block","angle":157.5},{"time":78.75,"type":"block","angle":168.75},{"time":79,"type":"block","angle":180},{"time":79.25,"type":"block","angle":191.25},{"time":79.5,"type":"block","angle":202.5},{"time":79.75,"type":"block","angle":213.75},{"time":80,"type":"block","tap":true,"angle":225},{"time":80.25,"type":"block","angle":202.5},{"time":80.5,"type":"block","angle":180},{"time":80.75,"type":"block","angle":157.5},{"time":81,"type":"block","angle":135},{"time":81.25,"type":"block","angle":112.5},{"time":81.5,"type":"block","angle":90},{"time":82,"type":"block","tap":true,"angle":67.5},{"time":82.25,"type":"block","angle":75},{"time":82.5,"type":"block","angle":90},{"time":82.75,"type":"block","angle":105},{"time":83,"type":"block","angle":120},{"time":83.25,"type":"block","angle":135},{"time":83.5,"type":"block","angle":150},{"time":83.75,"type":"block","angle":165},{"time":84,"type":"block","tap":true,"angle":180},{"time":84.25,"type":"block","angle":157.5},{"time":84.5,"type":"block","angle":135},{"time":84.75,"type":"block","angle":112.5},{"time":85,"type":"block","tap":true,"angle":90},{"time":85.25,"type":"block","angle":112.5},{"time":85.5,"type":"block","angle":135},{"time":85.75,"type":"block","angle":157.5},{"time":86,"type":"block","tap":true,"angle":180},{"time":86.25,"type":"block","angle":202.5},{"time":86.5,"type":"block","angle":225},{"time":86.75,"type":"block","angle":247.5},{"time":87,"type":"block","tap":true,"angle":270},{"time":87.25,"type":"block","angle":292.5},{"time":87.5,"type":"block","angle":315},{"time":87.75,"type":"block","angle":337.5},{"time":88,"type":"block","tap":true,"angle":0},{"time":88.25,"type":"block","angle":330},{"time":88.5,"type":"block","angle":300},{"time":88.75,"type":"block","angle":270},{"time":89,"type":"block","angle":240},{"time":89.25,"type":"block","angle":210},{"time":89.5,"type":"block","angle":180},{"time":89.75,"type":"block","angle":150},{"time":90,"type":"block","tap":true,"angle":120},{"time":90.25,"type":"block","angle":135},{"time":90.5,"type":"block","angle":157.5},{"time":90.75,"type":"block","angle":180},{"time":91,"type":"block","angle":202.5},{"time":91.25,"type":"block","angle":225},{"time":91.5,"type":"block","angle":247.5},{"time":91.75,"type":"block","angle":270},{"time":92,"type":"block","tap":true,"angle":292.5},{"time":92.25,"type":"block","angle":315},{"time":92.5,"type":"block","angle":330},{"time":92.75,"type":"block","angle":345},{"time":93,"type":"block","angle":0},{"time":93.25,"type":"block","angle":15},{"time":93.5,"type":"block","angle":30},{"time":93.75,"type":"block","angle":45},{"time":94,"type":"block","tap":true,"angle":60},{"time":94.25,"type":"block","angle":56.25},{"time":94.5,"type":"block","angle":45},{"time":94.75,"type":"block","angle":33.75},{"time":95,"type":"block","angle":22.5},{"time":95.25,"type":"block","angle":11.25},{"time":95.5,"type":"block","angle":0},{"time":95.75,"type":"block","angle":348.75},{"time":96,"type":"block","tap":true,"angle":337.5},{"time":96.25,"type":"block","angle":348.75},{"time":96.5,"type":"block","angle":0},{"time":96.75,"type":"block","angle":11.25},{"time":97,"type":"block","angle":22.5},{"time":97.25,"type":"block","angle":33.75},{"time":97.5,"type":"block","angle":45},{"time":97.75,"type":"block","angle":56.25},{"time":98,"type":"block","tap":true,"angle":67.5},{"time":98.25,"type":"block","angle":60},{"time":98.5,"type":"block","angle":45},{"time":98.75,"type":"block","angle":30},{"time":99,"type":"block","angle":15},{"time":99.75,"type":"block","angle":315},{"time":100,"type":"block","tap":true,"angle":300},{"time":100.25,"type":"block","angle":315},{"time":100.5,"type":"block","angle":337.5},{"time":100.75,"type":"block","angle":0},{"time":101,"type":"block","tap":true,"angle":22.5},{"time":101.25,"type":"block","angle":45},{"time":101.5,"type":"block","angle":67.5},{"time":101.75,"type":"block","angle":90},{"time":102,"type":"block","tap":true,"angle":112.5},{"time":102.25,"type":"block","angle":90},{"time":102.5,"type":"block","angle":75},{"time":102.75,"type":"block","angle":60},{"time":103,"type":"block","tap":true,"angle":45},{"time":103.25,"type":"block","angle":67.5},{"time":103.5,"type":"block","angle":90},{"time":103.75,"type":"block","angle":112.5},{"time":104,"type":"block","tap":true,"angle":135},{"time":104.25,"type":"block","angle":120},{"time":104.5,"type":"block","angle":105},{"time":104.75,"type":"block","angle":90},{"time":105,"type":"block","angle":75},{"time":105.25,"type":"block","angle":60},{"time":105.5,"type":"block","angle":45},{"time":105.75,"type":"block","angle":30},{"time":106,"type":"block","tap":true,"angle":15},{"time":106.25,"type":"block","angle":22.5},{"time":106.5,"type":"block","angle":33.75},{"time":106.75,"type":"block","angle":45},{"time":107,"type":"block","angle":56.25},{"time":107.25,"type":"block","angle":67.5},{"time":107.5,"type":"block","angle":78.75},{"time":107.75,"type":"block","angle":90},{"time":108,"type":"block","tap":true,"angle":101.25},{"time":108.25,"type":"block","angle":90},{"time":108.5,"type":"block","angle":78.75},{"time":108.75,"type":"block","angle":67.5},{"time":109,"type":"block","angle":56.25},{"time":109.25,"type":"block","angle":45},{"time":109.5,"type":"block","angle":33.75},{"time":109.75,"type":"block","angle":22.5},{"time":110,"type":"block","tap":true,"angle":11.25},{"time":110.25,"type":"block","angle":360},{"time":110.5,"type":"block","angle":345},{"time":110.75,"type":"block","angle":330},{"time":111,"type":"block","angle":315},{"time":111.25,"type":"block","angle":300},{"time":111.5,"type":"block","angle":285},{"time":111.75,"type":"block","angle":270},{"time":112,"type":"block","tap":true,"angle":255},{"time":112.25,"type":"block","angle":225},{"time":112.5,"type":"block","angle":202.5},{"time":112.75,"type":"block","angle":180},{"time":113,"type":"block","angle":157.5},{"time":113.25,"type":"block","angle":135},{"time":113.5,"type":"block","angle":112.5},{"time":113.75,"type":"block","angle":90},{"time":114,"type":"block","tap":true,"angle":67.5},{"time":114.25,"type":"block","angle":90},{"time":114.5,"type":"block","angle":112.5},{"time":114.75,"type":"block","angle":135},{"time":115,"type":"block","angle":157.5},{"time":115.25,"type":"block","angle":180},{"time":115.5,"type":"block","angle":202.5},{"time":115.75,"type":"block","angle":225},{"time":116,"type":"block","tap":true,"angle":247.5},{"time":116.25,"type":"block","angle":225},{"time":116.5,"type":"block","angle":210},{"time":116.75,"type":"block","angle":195},{"time":117,"type":"block","tap":true,"angle":180},{"time":117.25,"type":"block","angle":195},{"time":117.5,"type":"block","angle":210},{"time":117.75,"type":"block","angle":225},{"time":118,"type":"block","tap":true,"angle":240},{"time":118.25,"type":"block","angle":247.5},{"time":118.5,"type":"block","angle":258.75},{"time":118.75,"type":"block","angle":270},{"time":119,"type":"block","tap":true,"angle":281.25},{"time":119.25,"type":"block","angle":270},{"time":119.5,"type":"block","angle":255},{"time":119.75,"type":"block","angle":240},{"time":120,"type":"block","tap":true,"angle":225},{"time":120.25,"type":"block","angle":236.25},{"time":120.5,"type":"block","angle":247.5},{"time":120.75,"type":"block","angle":258.75},{"time":121,"type":"block","angle":270},{"time":121.25,"type":"block","angle":281.25},{"time":121.5,"type":"block","angle":292.5},{"time":121.75,"type":"block","angle":303.75},{"time":122,"type":"block","tap":true,"angle":315},{"time":122.25,"type":"block","angle":330},{"time":122.5,"type":"block","angle":345},{"time":122.75,"type":"block","angle":360},{"time":123,"type":"block","angle":15},{"time":123.25,"type":"block","angle":30},{"time":123.5,"type":"block","angle":45},{"time":123.75,"type":"block","angle":60},{"time":124,"type":"block","tap":true,"angle":75},{"time":124.25,"type":"block","angle":67.5},{"time":124.5,"type":"block","angle":56.25},{"time":124.75,"type":"block","angle":45},{"time":125,"type":"block","angle":33.75},{"time":125.25,"type":"block","angle":22.5},{"time":125.5,"type":"block","angle":11.25},{"time":125.75,"type":"block","angle":360},{"time":126,"type":"block","tap":true,"angle":348.75},{"time":126.25,"type":"block","angle":0},{"time":126.5,"type":"block","angle":11.25},{"time":126.75,"type":"block","angle":22.5},{"time":127,"type":"block","angle":33.75},{"time":127.25,"type":"block","angle":45},{"time":127.5,"type":"block","angle":56.25},{"time":127.75,"type":"block","angle":67.5},{"time":128,"type":"block","angle":78.75},{"time":96,"type":"mine","angle":157.5},{"time":96.25,"type":"mine","angle":168.75},{"time":96.5,"type":"mine","angle":180},{"time":96.75,"type":"mine","angle":191.25},{"time":97,"type":"mine","angle":202.5},{"time":97.25,"type":"mine","angle":213.75},{"time":97.5,"type":"mine","angle":225},{"time":97.75,"type":"mine","angle":236.25},{"time":98,"type":"mine","angle":247.5},{"time":98.25,"type":"mine","angle":240},{"time":98.5,"type":"mine","angle":225},{"time":98.75,"type":"mine","angle":210},{"time":99,"type":"mine","angle":195},{"time":99.25,"type":"mine","angle":180},{"time":99.5,"type":"block","angle":337.5},{"time":99.25,"type":"block","angle":360},{"time":100,"type":"mine","angle":120},{"time":99.75,"type":"mine","angle":135},{"time":99.5,"type":"mine","angle":157.5},{"time":100.25,"type":"mine","angle":135},{"time":100.5,"type":"mine","angle":157.5},{"time":100.75,"type":"mine","angle":180},{"time":101,"type":"mine","angle":202.5},{"time":101.25,"type":"mine","angle":225},{"time":101.5,"type":"mine","angle":247.5},{"time":101.75,"type":"mine","angle":270},{"time":102,"type":"mine","angle":292.5},{"time":102.25,"type":"mine","angle":270},{"time":102.5,"type":"mine","angle":255},{"time":102.75,"type":"mine","angle":240},{"time":103,"type":"mine","angle":225},{"time":103.25,"type":"mine","angle":247.5},{"time":103.5,"type":"mine","angle":270},{"time":103.75,"type":"mine","angle":292.5},{"time":104,"type":"mine","angle":315},{"time":104.25,"type":"mine","angle":300},{"time":104.5,"type":"mine","angle":285},{"time":104.75,"type":"mine","angle":270},{"time":105,"type":"mine","angle":255},{"time":105.25,"type":"mine","angle":240},{"time":105.5,"type":"mine","angle":225},{"time":105.75,"type":"mine","angle":210},{"time":106,"type":"mine","angle":195},{"time":106.25,"type":"mine","angle":202.5},{"time":106.5,"type":"mine","angle":213.75},{"time":106.75,"type":"mine","angle":225},{"time":107,"type":"mine","angle":236.25},{"time":107.25,"type":"mine","angle":247.5},{"time":107.5,"type":"mine","angle":258.75},{"time":107.75,"type":"mine","angle":270},{"time":108,"type":"mine","angle":281.25},{"time":108.25,"type":"mine","angle":270},{"time":108.5,"type":"mine","angle":258.75},{"time":108.75,"type":"mine","angle":247.5},{"time":109,"type":"mine","angle":236.25},{"time":109.25,"type":"mine","angle":225},{"time":109.5,"type":"mine","angle":213.75},{"time":109.75,"type":"mine","angle":202.5},{"time":110,"type":"mine","angle":191.25},{"time":110.25,"type":"mine","angle":180},{"time":110.5,"type":"mine","angle":165},{"time":110.75,"type":"mine","angle":150},{"time":111,"type":"mine","angle":135},{"time":111.25,"type":"mine","angle":120},{"time":111.5,"type":"mine","angle":105},{"time":111.75,"type":"mine","angle":90},{"time":112,"type":"mine","angle":75},{"time":112.25,"type":"mine","angle":45},{"time":112.5,"type":"mine","angle":22.5},{"time":112.75,"type":"mine","angle":0},{"time":113,"type":"mine","angle":337.5},{"time":113.25,"type":"mine","angle":315},{"time":113.5,"type":"mine","angle":292.5},{"time":113.75,"type":"mine","angle":270},{"time":114,"type":"mine","angle":247.5},{"time":114.25,"type":"mine","angle":270},{"time":114.5,"type":"mine","angle":292.5},{"time":114.75,"type":"mine","angle":315},{"time":115,"type":"mine","angle":337.5},{"time":115.25,"type":"mine","angle":360},{"time":115.5,"type":"mine","angle":22.5},{"time":115.75,"type":"mine","angle":45},{"time":116,"type":"mine","angle":67.5},{"time":116.25,"type":"mine","angle":45},{"time":116.5,"type":"mine","angle":30},{"time":116.75,"type":"mine","angle":15},{"time":117,"type":"mine","angle":0},{"time":117.25,"type":"mine","angle":15},{"time":117.5,"type":"mine","angle":30},{"time":117.75,"type":"mine","angle":45},{"time":118,"type":"mine","angle":60},{"time":118.25,"type":"mine","angle":67.5},{"time":118.5,"type":"mine","angle":78.75},{"time":118.75,"type":"mine","angle":90},{"time":119,"type":"mine","angle":101.25},{"time":119.25,"type":"mine","angle":90},{"time":119.5,"type":"mine","angle":75},{"time":119.75,"type":"mine","angle":60},{"time":120,"type":"mine","angle":45},{"time":120.25,"type":"mine","angle":56.25},{"time":120.5,"type":"mine","angle":67.5},{"time":120.75,"type":"mine","angle":78.75},{"time":121,"type":"mine","angle":90},{"time":121.25,"type":"mine","angle":101.25},{"time":121.5,"type":"mine","angle":112.5},{"time":121.75,"type":"mine","angle":123.75},{"time":122,"type":"mine","angle":135},{"time":122.25,"type":"mine","angle":150},{"time":122.5,"type":"mine","angle":165},{"time":122.75,"type":"mine","angle":180},{"time":123,"type":"mine","angle":195},{"time":123.25,"type":"mine","angle":210},{"time":123.5,"type":"mine","angle":225},{"time":123.75,"type":"mine","angle":240},{"time":124,"type":"mine","angle":255},{"time":124.25,"type":"mine","angle":247.5},{"time":124.5,"type":"mine","angle":236.25},{"time":124.75,"type":"mine","angle":225},{"time":125,"type":"mine","angle":213.75},{"time":125.25,"type":"mine","angle":202.5},{"time":125.5,"type":"mine","angle":191.25},{"time":125.75,"type":"mine","angle":180},{"time":126,"type":"mine","angle":168.75},{"time":126.25,"type":"mine","angle":180},{"time":126.5,"type":"mine","angle":191.25},{"time":126.75,"type":"mine","angle":202.5},{"time":127,"type":"mine","angle":213.75},{"time":127.25,"type":"mine","angle":225},{"time":127.5,"type":"mine","angle":236.25},{"time":127.75,"type":"mine","angle":247.5},{"time":128,"type":"mine","angle":258.75},{"time":96,"angle2":45,"duration":0,"type":"mineHold","speedMult":1.5,"angle":90},{"time":96,"angle2":270,"duration":0,"type":"mineHold","speedMult":1.5,"angle":225},{"time":96,"speedMult":1.5,"type":"extraTap","angle":112.5},{"time":128,"speedMult":1.2999999523163,"type":"extraTap","angle":112.5}]