{"properties":{"offset":8,"speed":70,"formatversion":13},"metadata":{"songName":"ennui","bgData":{"image":"background1.png","redChannel":{"b":255,"g":255,"r":255},"blueChannel":{"b":255,"g":255,"r":255},"greenChannel":{"b":255,"g":255,"r":255},"yellowChannel":{"b":0,"g":0,"r":0},"magentaChannel":{"b":0,"g":0,"r":0},"cyanChannel":{"b":0,"g":0,"r":0}},"difficulty":0,"artistLink":"","bg":true,"description":"map by __tabasco\n\nplease enjoy :)","artist":"@suffocated","charter":"Charter"},"events":[{"time":0,"file":"ennui.ogg","angle":0,"volume":1,"type":"play","bpm":70},{"newWidth":70,"paddle":2,"angle":67.5,"type":"paddles","ease":"inOutBack","enabled":true,"duration":0,"time":52,"newAngle":180},{"newWidth":70,"paddle":1,"ease":"linear","type":"paddles","time":64,"enabled":true,"angle":348.75,"duration":0},{"ease":"linear","time":64,"duration":0,"paddle":0,"angle":11.25,"type":"paddles","newAngle":0},{"drawLayer":"bg","id":"","angle":360,"type":"deco","recolor":-1,"time":-8,"sprite":"background.png","x":0,"y":0},{"angle":180,"time":98,"type":"showResults"}]}