[{"startTap":true,"time":0,"duration":1,"angle":360,"angle2":180,"type":"hold"},{"startTap":true,"time":1,"duration":1,"angle":180,"angle2":0,"type":"hold"},{"startTap":true,"time":2,"angle2":180,"duration":1,"angle":360,"endTap":true,"type":"hold"},{"angle":303.75,"time":0.33333334326744,"type":"block"},{"angle":247.5,"time":0.66666668653488,"type":"block"},{"angle":123.75,"time":1.3333333730698,"type":"block"},{"angle":56.25,"time":1.6666666269302,"type":"block"},{"angle":303.75,"time":2.3333332538605,"type":"block"},{"angle":236.25,"time":2.6666667461395,"type":"block"},{"angle":270,"time":4.3333334922791,"type":"block"},{"angle":236.25,"time":4.6666665077209,"type":"block"},{"tap":true,"time":5,"angle":202.5,"type":"block"},{"angle":168.75,"time":5.3333334922791,"type":"block"},{"angle":135,"time":5.6666665077209,"type":"block"},{"tap":true,"time":6,"angle":101.25,"type":"block"},{"angle":67.5,"time":6.3333334922791,"type":"block"},{"angle":33.75,"time":6.6666665077209,"type":"block"},{"tap":true,"time":7,"angle":0,"type":"block"},{"tap":true,"time":4,"angle":303.75,"type":"block"},{"angle":0,"time":8,"type":"mine"},{"angle":22.5,"time":8,"type":"mine"},{"angle":337.5,"time":8,"type":"mine"},{"angle":315,"time":8,"type":"mine"},{"angle":292.5,"time":8,"type":"mine"},{"angle":270,"time":8,"type":"mine"},{"angle":247.5,"time":8,"type":"mine"},{"angle":225,"time":8,"type":"mine"},{"angle":202.5,"time":8,"type":"mine"},{"angle":180,"time":8,"type":"mine"},{"angle":157.5,"time":8,"type":"mine"},{"angle":90,"time":8,"type":"extraTap"},{"angle":270,"time":9,"type":"extraTap"},{"angle":180,"time":10,"type":"extraTap"},{"angle":0,"time":11,"type":"extraTap"},{"angle":326.25,"time":9,"type":"mine"},{"angle":348.75,"time":9,"type":"mine"},{"angle":11.25,"time":9,"type":"mine"},{"angle":33.75,"time":9,"type":"mine"},{"angle":56.25,"time":9,"type":"mine"},{"angle":78.75,"time":9,"type":"mine"},{"angle":101.25,"time":9,"type":"mine"},{"angle":123.75,"time":9,"type":"mine"},{"angle":146.25,"time":9,"type":"mine"},{"angle":168.75,"time":9,"type":"mine"},{"angle":191.25,"time":9,"type":"mine"},{"angle":213.75,"time":9,"type":"mine"},{"angle":236.25,"time":10,"type":"mine"},{"angle":258.75,"time":10,"type":"mine"},{"angle":281.25,"time":10,"type":"mine"},{"angle":303.75,"time":10,"type":"mine"},{"angle":326.25,"time":10,"type":"mine"},{"angle":348.75,"time":10,"type":"mine"},{"angle":11.25,"time":10,"type":"mine"},{"angle":33.75,"time":10,"type":"mine"},{"angle":56.25,"time":10,"type":"mine"},{"angle":78.75,"time":10,"type":"mine"},{"angle":101.25,"time":10,"type":"mine"},{"angle":123.75,"time":10,"type":"mine"},{"angle":292.5,"time":11,"type":"mine"},{"angle":270,"time":11,"type":"mine"},{"angle":247.5,"time":11,"type":"mine"},{"angle":225,"time":11,"type":"mine"},{"angle":202.5,"time":11,"type":"mine"},{"angle":180,"time":11,"type":"mine"},{"angle":157.5,"time":11,"type":"mine"},{"angle":135,"time":11,"type":"mine"},{"angle":112.5,"time":11,"type":"mine"},{"angle":90,"time":11,"type":"mine"},{"angle":67.5,"time":11,"type":"mine"},{"angle":33.75,"time":8.3333330154419,"type":"block"},{"angle":225,"time":9.3333330154419,"type":"block"},{"angle":180,"time":9.6666669845581,"type":"block"},{"angle":315,"time":8.6666669845581,"type":"block"},{"angle":123.75,"time":10.333333015442,"type":"block"},{"angle":67.5,"time":10.666666984558,"type":"block"},{"time":12,"angle2":393.75,"angle":360,"duration":1,"type":"hold"},{"time":13,"angle":33.75,"angle2":-33.75,"duration":1,"type":"hold"},{"time":14,"angle":326.25,"angle2":360,"duration":1,"type":"hold"},{"angle":11.25,"time":12.333333015442,"type":"block"},{"angle":22.5,"time":12.666666984558,"type":"block"},{"angle":11.25,"time":13.333333015442,"type":"block"},{"angle":348.75,"time":13.666666984558,"type":"block"},{"angle":337.5,"time":14.333333015442,"type":"block"},{"angle":348.75,"time":14.666666984558,"type":"block"},{"time":12,"angle2":90,"angle":67.5,"duration":1,"type":"mineHold"},{"time":12,"angle2":326.25,"angle":292.5,"duration":1,"type":"mineHold"},{"time":13,"angle2":281.25,"angle":326.25,"duration":1,"type":"mineHold"},{"time":13,"angle2":45,"angle":90,"duration":1,"type":"mineHold"},{"time":14,"angle":281.25,"angle2":303.75,"duration":1,"type":"mineHold"},{"time":14,"angle":45,"angle2":56.25,"duration":1,"type":"mineHold"},{"time":15,"angle2":303.75,"angle":303.75,"duration":1,"type":"mineHold"},{"time":15,"angle":56.25,"angle2":56.25,"duration":1,"type":"mineHold"},{"angle":0,"time":16,"type":"extraTap"},{"angle":56.25,"time":17,"type":"side"},{"angle":168.75,"time":18,"type":"side"},{"angle":180,"time":18,"type":"side"},{"angle":191.25,"time":18,"type":"side"},{"angle":303.75,"time":19,"type":"side"},{"angle":315,"time":19,"type":"side"},{"angle":326.25,"time":19,"type":"side"},{"angle":292.5,"time":17,"type":"mine"},{"angle":247.5,"time":17,"type":"mine"},{"angle":202.5,"time":17,"type":"mine"},{"angle":270,"time":17,"type":"mine"},{"angle":225,"time":17,"type":"mine"},{"angle":67.5,"time":18,"type":"mine"},{"angle":22.5,"time":18,"type":"mine"},{"angle":337.5,"time":18,"type":"mine"},{"angle":360,"time":18,"type":"mine"},{"angle":45,"time":18,"type":"mine"},{"angle":315,"time":18,"type":"mine"},{"angle":247.5,"time":20,"type":"mine"},{"angle":270,"time":20,"type":"mine"},{"angle":292.5,"time":20,"type":"mine"},{"angle":315,"time":20,"type":"mine"},{"angle":45,"time":17,"type":"side"},{"angle":67.5,"time":17,"type":"side"},{"time":16.999998092651,"angle":292.5,"angle2":292.5,"duration":1,"type":"mineHold"},{"time":17.999998092651,"angle2":67.5,"angle":67.5,"duration":1,"type":"mineHold"},{"angle":90,"time":19,"type":"mine"},{"angle":112.5,"time":19,"type":"mine"},{"angle":135,"time":19,"type":"mine"},{"angle":157.5,"time":19,"type":"mine"},{"angle":180,"time":19,"type":"mine"},{"angle":202.5,"time":19,"type":"mine"},{"time":18.999998092651,"angle2":202.5,"angle":202.5,"duration":1,"type":"mineHold"},{"angle":225,"time":20,"type":"mine"},{"angle":247.5,"time":21,"type":"mine"},{"angle":270,"time":21,"type":"mine"},{"angle":292.5,"time":21,"type":"mine"},{"angle":315,"time":21,"type":"mine"},{"angle":337.5,"time":21,"type":"mine"},{"angle":360,"time":21,"type":"mine"},{"angle":22.5,"time":21,"type":"mine"},{"angle":45,"time":21,"type":"mine"},{"angle":67.5,"time":21,"type":"mine"},{"angle":90,"time":21,"type":"mine"},{"angle":112.5,"time":21,"type":"mine"},{"time":21.000003814697,"angle":112.5,"angle2":112.5,"duration":1,"type":"mineHold"},{"angle":135,"time":22,"type":"mine"},{"angle":157.5,"time":22,"type":"mine"},{"angle":180,"time":22,"type":"mine"},{"angle":202.5,"time":22,"type":"mine"},{"angle":225,"time":22,"type":"mine"},{"angle":90,"time":22,"type":"mine"},{"angle":67.5,"time":22,"type":"mine"},{"angle":45,"time":22,"type":"mine"},{"angle":22.5,"time":22,"type":"mine"},{"tap":true,"time":21,"angle":180,"type":"block"},{"angle":247.5,"time":22,"type":"mine"},{"time":22.000003814697,"angle2":247.5,"angle":247.5,"duration":1,"type":"mineHold"},{"angle":270,"time":23,"type":"mine"},{"angle":292.5,"time":23,"type":"mine"},{"angle":315,"time":23,"type":"mine"},{"angle":337.5,"time":23,"type":"mine"},{"angle":0,"time":23,"type":"mine"},{"angle":22.5,"time":23,"type":"mine"},{"angle":225,"time":23,"type":"mine"},{"angle":202.5,"time":23,"type":"mine"},{"angle":180,"time":23,"type":"mine"},{"time":23.000003814697,"angle2":22.5,"angle":22.5,"duration":2,"type":"mineHold"},{"angle":360,"time":24,"type":"mine"},{"angle":337.5,"time":24,"type":"mine"},{"angle":315,"time":24,"type":"mine"},{"angle":292.5,"time":24,"type":"mine"},{"tap":true,"time":20,"angle":45,"type":"block"},{"angle":180,"time":20,"type":"mine"},{"angle":157.5,"time":20,"type":"mine"},{"angle":135,"time":20,"type":"mine"},{"angle":112.5,"time":20,"type":"mine"},{"tap":true,"time":22,"angle":315,"type":"inverse"},{"startTap":true,"time":23,"angle2":90,"duration":1,"angle":90,"endTap":true,"type":"hold"},{"time":23,"angle":157.5,"angle2":157.5,"duration":1,"type":"mineHold"},{"angle":78.75,"time":20.25,"type":"block"},{"angle":112.5,"time":20.5,"type":"block"},{"angle":146.25,"time":20.75,"type":"block"},{"angle":213.75,"time":21.25,"type":"inverse"},{"angle":247.5,"time":21.5,"type":"inverse"},{"angle":281.25,"time":21.75,"type":"inverse"},{"angle":348.75,"time":22.25,"type":"block"},{"angle":22.5,"time":22.5,"type":"block"},{"angle":56.25,"time":22.75,"type":"block"},{"angle":123.75,"time":24.25,"type":"block"},{"angle":157.5,"time":24.5,"type":"block"},{"angle":191.25,"time":24.75,"type":"block"},{"tap":true,"time":25,"angle":225,"type":"block"},{"angle":157.5,"time":25,"type":"mine"},{"angle":135,"time":25,"type":"mine"},{"angle":112.5,"time":25,"type":"mine"},{"angle":90,"time":25,"type":"mine"},{"angle":67.5,"time":25,"type":"mine"},{"angle":45,"time":25,"type":"mine"},{"angle":22.5,"time":25,"type":"mine"},{"angle":360,"time":25,"type":"mine"},{"angle":337.5,"time":25,"type":"mine"},{"angle":315,"time":25,"type":"mine"},{"angle":202.5,"time":26,"type":"mine"},{"angle":225,"time":26,"type":"mine"},{"angle":247.5,"time":26,"type":"mine"},{"angle":270,"time":26,"type":"mine"},{"angle":292.5,"time":26,"type":"mine"},{"angle":315,"time":27,"type":"mine"},{"angle":337.5,"time":27,"type":"mine"},{"angle":0,"time":27,"type":"mine"},{"angle":22.5,"time":27,"type":"mine"},{"angle":45,"time":27,"type":"mine"},{"time":25,"angle2":292.5,"angle":292.5,"duration":1,"type":"mineHold"},{"angle":202.5,"time":25.25,"type":"inverse"},{"angle":180,"time":25.5,"type":"inverse"},{"angle":157.5,"time":25.75,"type":"inverse"},{"tap":true,"time":26,"angle":135,"type":"inverse"},{"angle":45,"time":26,"type":"mine"},{"angle":22.5,"time":26,"type":"mine"},{"angle":360,"time":26,"type":"mine"},{"angle":337.5,"time":26,"type":"mine"},{"angle":315,"time":26,"type":"mine"},{"angle":157.5,"time":26.25,"type":"block"},{"angle":202.5,"time":26.75,"type":"block"},{"angle":90,"time":27,"type":"mine"},{"angle":112.5,"time":27,"type":"mine"},{"angle":135,"time":27,"type":"mine"},{"angle":157.5,"time":27,"type":"mine"},{"angle":292.5,"time":27,"type":"mine"},{"angle":67.5,"time":27,"type":"mine"},{"time":27,"angle2":157.5,"angle":157.5,"duration":1,"type":"mineHold"},{"startTap":true,"time":27,"angle2":270,"duration":1,"angle":225,"endTap":true,"type":"hold"},{"time":28,"angle2":360,"angle":270,"duration":1,"type":"hold"},{"startTap":true,"time":29,"duration":1,"angle2":90,"angle":0,"type":"hold"},{"startTap":true,"time":30,"duration":1,"angle":90,"angle2":180,"type":"hold"},{"startTap":true,"time":31,"angle2":270,"duration":1,"angle":180,"endTap":true,"type":"hold"},{"angle":292.5,"time":28.25,"type":"block"},{"angle":315,"time":28.5,"type":"block"},{"angle":337.5,"time":28.75,"type":"block"},{"angle":22.5,"time":29.25,"type":"block"},{"angle":45,"time":29.5,"type":"block"},{"angle":67.5,"time":29.75,"type":"block"},{"angle":112.5,"time":30.25,"type":"block"},{"angle":135,"time":30.5,"type":"block"},{"angle":157.5,"time":30.75,"type":"block"},{"angle":247.5,"time":31.75,"type":"block"},{"angle":202.5,"time":31.25,"type":"block"},{"angle":180,"time":28,"type":"mine"},{"angle":135,"time":28,"type":"mine"},{"angle":112.5,"time":28,"type":"mine"},{"angle":90,"time":28,"type":"mine"},{"angle":67.5,"time":28,"type":"mine"},{"angle":45,"time":28,"type":"mine"},{"angle":22.5,"time":28,"type":"mine"},{"angle":0,"time":28,"type":"mine"},{"angle":337.5,"time":28,"type":"mine"},{"time":28,"angle2":202.5,"angle":202.5,"duration":1,"type":"mineHold"},{"angle":225,"time":29,"type":"mine"},{"angle":247.5,"time":29,"type":"mine"},{"angle":270,"time":29,"type":"mine"},{"angle":180,"time":29,"type":"mine"},{"angle":157.5,"time":29,"type":"mine"},{"angle":135,"time":29,"type":"mine"},{"angle":112.5,"time":29,"type":"mine"},{"angle":90,"time":29,"type":"mine"},{"angle":67.5,"time":29,"type":"mine"},{"time":29,"angle2":292.5,"angle":292.5,"duration":1,"type":"mineHold"},{"angle":315,"time":30,"type":"mine"},{"angle":337.5,"time":30,"type":"mine"},{"angle":0,"time":30,"type":"mine"},{"angle":270,"time":30,"type":"mine"},{"angle":247.5,"time":30,"type":"mine"},{"angle":225,"time":30,"type":"mine"},{"angle":202.5,"time":30,"type":"mine"},{"angle":180,"time":30,"type":"mine"},{"angle":292.5,"time":30,"type":"mine"},{"angle":157.5,"time":30,"type":"mine"},{"time":30,"angle2":22.5,"angle":22.5,"duration":1,"type":"mineHold"},{"angle":22.5,"time":31,"type":"mine"},{"angle":45,"time":31,"type":"mine"},{"angle":67.5,"time":31,"type":"mine"},{"angle":90,"time":31,"type":"mine"},{"angle":247.5,"time":31,"type":"mine"},{"angle":270,"time":31,"type":"mine"},{"angle":292.5,"time":31,"type":"mine"},{"angle":315,"time":31,"type":"mine"},{"angle":337.5,"time":31,"type":"mine"},{"angle":360,"time":31,"type":"mine"},{"time":31,"angle2":112.5,"angle":112.5,"duration":1,"type":"mineHold"},{"angle":112.5,"time":32,"type":"mine"},{"angle":135,"time":32,"type":"mine"},{"angle":157.5,"time":32,"type":"mine"},{"angle":180,"time":32,"type":"mine"},{"angle":202.5,"time":32,"type":"mine"},{"angle":90,"time":32,"type":"mine"},{"angle":67.5,"time":32,"type":"mine"},{"angle":45,"time":32,"type":"mine"},{"angle":22.5,"time":32,"type":"mine"},{"angle":0,"time":32,"type":"mine"},{"angle":337.5,"time":32,"type":"mine"},{"time":32,"angle2":202.5,"angle":202.5,"duration":1,"type":"mineHold"},{"angle":225,"time":33,"type":"mine"},{"angle":247.5,"time":33,"type":"mine"},{"angle":270,"time":33,"type":"mine"},{"angle":292.5,"time":33,"type":"mine"},{"angle":67.5,"time":33,"type":"mine"},{"angle":90,"time":33,"type":"mine"},{"angle":112.5,"time":33,"type":"mine"},{"angle":135,"time":33,"type":"mine"},{"angle":157.5,"time":33,"type":"mine"},{"angle":180,"time":33,"type":"mine"},{"angle":202.5,"time":33,"type":"mine"},{"time":33,"angle2":67.5,"angle":67.5,"duration":1,"type":"mineHold"},{"angle":67.5,"time":34,"type":"mine"},{"angle":45,"time":34,"type":"mine"},{"angle":22.5,"time":34,"type":"mine"},{"angle":360,"time":34,"type":"mine"},{"angle":90,"time":34,"type":"mine"},{"angle":112.5,"time":34,"type":"mine"},{"angle":135,"time":34,"type":"mine"},{"angle":157.5,"time":34,"type":"mine"},{"angle":180,"time":34,"type":"mine"},{"angle":202.5,"time":34,"type":"mine"},{"time":34,"angle2":337.5,"angle":337.5,"duration":1,"type":"mineHold"},{"angle":315,"time":35,"type":"mine"},{"angle":292.5,"time":35,"type":"mine"},{"angle":270,"time":35,"type":"mine"},{"angle":247.5,"time":35,"type":"mine"},{"angle":0,"time":35,"type":"mine"},{"angle":22.5,"time":35,"type":"mine"},{"angle":45,"time":35,"type":"mine"},{"angle":67.5,"time":35,"type":"mine"},{"angle":90,"time":35,"type":"mine"},{"angle":112.5,"time":35,"type":"mine"},{"angle":337.5,"time":35,"type":"mine"},{"angle":112.5,"time":36.25,"type":"block"},{"angle":157.5,"time":36.75,"type":"block"},{"time":35,"angle2":247.5,"angle":247.5,"duration":1,"type":"mineHold"},{"angle":270,"time":36,"type":"mine"},{"angle":225,"time":36,"type":"mine"},{"angle":202.5,"time":36,"type":"mine"},{"angle":180,"time":36,"type":"mine"},{"angle":157.5,"time":36,"type":"mine"},{"angle":292.5,"time":36,"type":"mine"},{"angle":315,"time":36,"type":"mine"},{"angle":337.5,"time":36,"type":"mine"},{"angle":0,"time":36,"type":"mine"},{"angle":247.5,"time":36,"type":"mine"},{"time":36,"angle2":22.5,"angle":22.5,"duration":1,"type":"mineHold"},{"angle":45,"time":37,"type":"mine"},{"angle":67.5,"time":37,"type":"mine"},{"angle":90,"time":37,"type":"mine"},{"angle":0,"time":37,"type":"mine"},{"angle":337.5,"time":37,"type":"mine"},{"angle":315,"time":37,"type":"mine"},{"angle":292.5,"time":37,"type":"mine"},{"angle":270,"time":37,"type":"mine"},{"angle":112.5,"time":37,"type":"mine"},{"time":37,"angle2":247.5,"angle":247.5,"duration":1,"type":"mineHold"},{"angle":22.5,"time":37,"type":"mine"},{"angle":270,"time":38,"type":"mine"},{"angle":225,"time":38,"type":"mine"},{"angle":202.5,"time":38,"type":"mine"},{"angle":180,"time":38,"type":"mine"},{"angle":292.5,"time":38,"type":"mine"},{"angle":315,"time":38,"type":"mine"},{"angle":337.5,"time":38,"type":"mine"},{"angle":0,"time":38,"type":"mine"},{"angle":247.5,"time":38,"type":"mine"},{"angle":22.5,"time":38,"type":"mine"},{"angle":292.5,"time":32.25,"type":"block"},{"angle":315,"time":32.5,"type":"block"},{"angle":337.5,"time":32.75,"type":"block"},{"tap":true,"time":33,"angle":360,"type":"block"},{"angle":337.5,"time":33.25,"type":"block"},{"angle":315,"time":33.5,"type":"block"},{"angle":292.5,"time":33.75,"type":"block"},{"tap":true,"time":34,"angle":270,"type":"block"},{"angle":135,"time":36.5,"type":"block"},{"tap":true,"time":37,"angle":180,"type":"block"},{"angle":270,"time":12,"type":"mine"},{"angle":247.5,"time":12,"type":"mine"},{"angle":225,"time":12,"type":"mine"},{"angle":202.5,"time":12,"type":"mine"},{"angle":180,"time":12,"type":"mine"},{"angle":157.5,"time":12,"type":"mine"},{"angle":135,"time":12,"type":"mine"},{"angle":112.5,"time":12,"type":"mine"},{"angle":90,"time":12,"type":"mine"},{"angle":78.75,"time":16,"type":"mine"},{"angle":101.25,"time":16,"type":"mine"},{"angle":123.75,"time":16,"type":"mine"},{"angle":146.25,"time":16,"type":"mine"},{"angle":168.75,"time":16,"type":"mine"},{"angle":191.25,"time":16,"type":"mine"},{"angle":213.75,"time":16,"type":"mine"},{"angle":236.25,"time":16,"type":"mine"},{"angle":258.75,"time":16,"type":"mine"},{"angle":281.25,"time":16,"type":"mine"},{"time":26,"angle2":67.5,"angle":67.5,"duration":1,"type":"mineHold"},{"time":20,"angle2":337.5,"angle":337.5,"duration":1,"type":"mineHold"},{"angle":247.5,"time":34.25,"type":"inverse"},{"angle":225,"time":34.5,"type":"inverse"},{"angle":202.5,"time":34.75,"type":"inverse"},{"tap":true,"time":35,"angle":180,"type":"inverse"},{"angle":67.5,"time":38.25,"type":"block"},{"angle":45,"time":38.5,"type":"block"},{"angle":22.5,"time":38.75,"type":"block"},{"tap":true,"time":39,"angle":0,"type":"block"},{"time":38,"angle2":157.5,"angle":157.5,"duration":1,"type":"mineHold"},{"angle":157.5,"time":39,"type":"mine"},{"angle":135,"time":39,"type":"mine"},{"angle":112.5,"time":39,"type":"mine"},{"angle":90,"time":39,"type":"mine"},{"angle":180,"time":39,"type":"mine"},{"angle":202.5,"time":39,"type":"mine"},{"angle":225,"time":39,"type":"mine"},{"angle":247.5,"time":39,"type":"mine"},{"angle":270,"time":39,"type":"mine"},{"angle":292.5,"time":39,"type":"mine"},{"time":39,"angle2":67.5,"angle":67.5,"duration":1,"type":"mineHold"},{"angle":67.5,"time":40,"type":"mine"},{"angle":45,"time":40,"type":"mine"},{"angle":22.5,"time":40,"type":"mine"},{"angle":360,"time":40,"type":"mine"},{"angle":90,"time":40,"type":"mine"},{"angle":112.5,"time":40,"type":"mine"},{"angle":135,"time":40,"type":"mine"},{"angle":247.5,"time":40.25,"type":"block"},{"time":40,"angle2":337.5,"angle":337.5,"duration":3,"type":"mineHold"},{"time":40,"angle2":157.5,"angle":157.5,"duration":2,"type":"mineHold"},{"angle":247.5,"time":41.25,"type":"block"},{"angle":135,"time":41,"type":"mine"},{"angle":112.5,"time":41,"type":"mine"},{"angle":90,"time":41,"type":"mine"},{"angle":67.5,"time":41,"type":"mine"},{"angle":45,"time":41,"type":"mine"},{"angle":22.5,"time":41,"type":"mine"},{"angle":360,"time":41,"type":"mine"},{"tap":true,"time":42,"angle":270,"type":"block"},{"angle":270,"time":41.5,"type":"block"},{"angle":292.5,"time":41.75,"type":"block"},{"angle":247.5,"time":42.25,"type":"block"},{"angle":225,"time":42.5,"type":"block"},{"angle":202.5,"time":42.75,"type":"block"},{"tap":true,"time":43,"angle":180,"type":"block"},{"angle":315,"time":43,"type":"mine"},{"angle":292.5,"time":43,"type":"mine"},{"angle":0,"time":43,"type":"mine"},{"angle":22.5,"time":43,"type":"mine"},{"angle":337.5,"time":43,"type":"mine"},{"angle":45,"time":43,"type":"mine"},{"angle":67.5,"time":43,"type":"mine"},{"time":40.5,"angle":225,"duration":0.5,"angle2":225,"endTap":true,"type":"hold"},{"angle":180,"time":26.5,"type":"block"},{"angle":236.25,"time":27.25,"type":"block"},{"time":35.5,"angle":135,"duration":0.5,"angle2":90,"endTap":true,"type":"hold"},{"time":39.5,"angle2":270,"duration":0.5,"angle":315,"endTap":true,"type":"hold"},{"angle":157.5,"time":43.25,"type":"block"},{"tap":true,"time":45,"angle":180,"type":"block"},{"time":43,"angle":270,"angle2":270,"duration":4,"type":"mineHold"},{"time":43,"angle2":90,"angle":90,"duration":4,"type":"mineHold"},{"angle":303.75,"time":44,"type":"mine"},{"angle":303.75,"time":44.5,"type":"mine"},{"angle":303.75,"time":44.25,"type":"mine"},{"angle":303.75,"time":44.75,"type":"mine"},{"angle":292.5,"time":45,"type":"mine"},{"angle":303.75,"time":45,"type":"mine"},{"angle":315,"time":45,"type":"mine"},{"angle":337.5,"time":44,"type":"mine"},{"angle":337.5,"time":44.25,"type":"mine"},{"angle":337.5,"time":44.5,"type":"mine"},{"angle":337.5,"time":44.75,"type":"mine"},{"angle":337.5,"time":45,"type":"mine"},{"angle":348.75,"time":44.5,"type":"mine"},{"angle":360,"time":44.75,"type":"mine"},{"angle":348.75,"time":45,"type":"mine"},{"angle":360,"time":44,"type":"mine"},{"angle":0,"time":44.5,"type":"mine"},{"angle":11.25,"time":44.25,"type":"mine"},{"angle":56.25,"time":45,"type":"mine"},{"angle":45,"time":45,"type":"mine"},{"angle":33.75,"time":44.75,"type":"mine"},{"angle":45,"time":44.5,"type":"mine"},{"angle":56.25,"time":44.5,"type":"mine"},{"angle":67.5,"time":44.25,"type":"mine"},{"angle":56.25,"time":44,"type":"mine"},{"angle":33.75,"time":44,"type":"mine"},{"angle":292.5,"time":46,"type":"mine"},{"angle":315,"time":46,"type":"mine"},{"angle":337.5,"time":46,"type":"mine"},{"angle":0,"time":46,"type":"mine"},{"angle":22.5,"time":46,"type":"mine"},{"angle":45,"time":46,"type":"mine"},{"angle":67.5,"time":46,"type":"mine"},{"angle":157.5,"time":35.25,"type":"block"},{"angle":157.5,"time":37.25,"type":"block"},{"time":37.5,"angle2":90,"duration":0.5,"angle":135,"endTap":true,"type":"hold"},{"angle":337.5,"time":39.25,"type":"block"},{"time":43.5,"angle2":180,"duration":0.5,"angle":135,"endTap":true,"type":"hold"},{"angle":180,"time":44.25,"type":"block"},{"angle":180,"time":44.75,"type":"block"},{"angle":157.5,"time":45.25,"type":"block"},{"angle":202.5,"time":45.25,"type":"block"},{"angle":191.25,"time":45.5,"type":"block"},{"angle":168.75,"time":45.5,"type":"block"},{"angle":180,"time":45.75,"type":"block"},{"angle":180,"time":46,"type":"block"},{"angle":292.5,"time":47,"type":"mine"},{"angle":315,"time":47,"type":"mine"},{"angle":337.5,"time":47,"type":"mine"},{"angle":0,"time":47,"type":"mine"},{"angle":22.5,"time":47,"type":"mine"},{"angle":45,"time":47,"type":"mine"},{"angle":67.5,"time":47,"type":"mine"},{"angle":270,"time":47,"type":"mine"},{"angle":90,"time":47,"type":"mine"},{"time":47,"angle2":112.5,"angle":90,"duration":0,"type":"mineHold"},{"time":48,"angle2":247.5,"angle":472.5,"duration":0,"type":"mineHold"},{"time":47,"angle2":247.5,"angle":247.5,"duration":1,"type":"mineHold"},{"time":47,"angle2":270,"angle":247.5,"duration":0,"type":"mineHold"},{"time":47,"angle2":112.5,"angle":112.5,"duration":1,"type":"mineHold"},{"angle":180,"time":46.5,"type":"extraTap"},{"angle":180,"time":46.25,"type":"extraTap"},{"angle":180,"time":47.25,"type":"extraTap"},{"tap":true,"time":48,"angle":180,"type":"block"},{"angle":202.5,"time":48.25,"type":"block"},{"angle":225,"time":48.5,"type":"block"},{"angle":247.5,"time":48.75,"type":"block"},{"angle":270,"time":49,"type":"block"},{"angle":292.5,"time":49.25,"type":"block"},{"angle":315,"time":49.5,"type":"block"},{"angle":337.5,"time":49.75,"type":"block"},{"angle":360,"time":50,"type":"block"},{"angle":360,"time":48,"type":"mine"},{"angle":22.5,"time":48.25,"type":"mine"},{"angle":45,"time":48.5,"type":"mine"},{"angle":67.5,"time":48.75,"type":"mine"},{"angle":90,"time":49,"type":"mine"},{"angle":112.5,"time":49.25,"type":"mine"},{"angle":135,"time":49.5,"type":"mine"},{"angle":157.5,"time":49.75,"type":"mine"},{"angle":180,"time":50,"type":"mine"},{"angle":202.5,"time":50.25,"type":"mine"},{"angle":225,"time":50.5,"type":"mine"},{"angle":247.5,"time":51,"type":"mine"},{"angle":0,"time":49,"type":"mine"},{"angle":180,"time":49,"type":"mine"},{"angle":337.5,"time":48.75,"type":"mine"},{"angle":157.5,"time":48.75,"type":"mine"},{"angle":135,"time":48.5,"type":"mine"},{"angle":315,"time":48.5,"type":"mine"},{"angle":292.5,"time":48.25,"type":"mine"},{"angle":112.5,"time":48.25,"type":"mine"},{"angle":202.5,"time":49.25,"type":"mine"},{"angle":22.5,"time":49.25,"type":"mine"},{"angle":225,"time":49.5,"type":"mine"},{"angle":45,"time":49.5,"type":"mine"},{"angle":247.5,"time":49.75,"type":"mine"},{"angle":67.5,"time":49.75,"type":"mine"},{"angle":90,"time":50,"type":"mine"},{"angle":270,"time":50,"type":"mine"},{"angle":180,"time":13.5,"type":"mine"},{"angle":191.25,"time":13.25,"type":"mine"},{"angle":202.5,"time":13.25,"type":"mine"},{"angle":168.75,"time":13.25,"type":"mine"},{"angle":157.5,"time":13.25,"type":"mine"},{"angle":146.25,"time":13.5,"type":"mine"},{"angle":213.75,"time":13.5,"type":"mine"},{"angle":213.75,"time":13.75,"type":"mine"},{"angle":202.5,"time":14,"type":"mine"},{"angle":191.25,"time":14.25,"type":"mine"},{"angle":146.25,"time":13.75,"type":"mine"},{"angle":157.5,"time":14,"type":"mine"},{"angle":168.75,"time":14.25,"type":"mine"},{"angle":180,"time":14.5,"type":"mine"},{"angle":180,"time":17,"type":"mine"},{"endTap":true,"angle2":270,"time":48,"angle":180,"duration":1,"type":"hold"},{"time":49,"angle":270,"endTap":true,"angle2":360,"duration":1,"type":"hold"},{"time":50,"angle":0,"endTap":true,"angle2":90,"duration":1,"type":"hold"},{"angle":22.5,"time":50.25,"type":"block"},{"angle":45,"time":50.5,"type":"block"},{"angle":67.5,"time":50.75,"type":"block"},{"angle":90,"time":51,"type":"block"},{"time":48.25,"angle":292.5,"duration":0.75,"angle2":360,"type":"mineHold"},{"time":48.25,"angle":22.5,"duration":0.75,"angle2":90,"type":"mineHold"},{"time":48.25,"angle":112.5,"duration":0.75,"angle2":180,"type":"mineHold"},{"time":49,"angle":180,"duration":1,"angle2":270,"type":"mineHold"},{"time":49,"angle":0,"duration":1,"angle2":90,"type":"mineHold"},{"time":49,"angle":90,"duration":1,"angle2":180,"type":"mineHold"},{"time":50,"angle":270,"duration":1,"angle2":360,"type":"mineHold"},{"time":50,"angle":90,"duration":1,"angle2":180,"type":"mineHold"},{"time":50,"angle":180,"duration":1,"angle2":247.5,"type":"mineHold"},{"time":51,"angle":0,"duration":4,"angle2":0,"type":"mineHold"},{"time":51,"angle":180,"duration":4,"angle2":180,"type":"mineHold"},{"time":51,"angle":90,"duration":1,"angle2":90,"type":"hold"},{"startTap":true,"time":52,"duration":1,"angle2":45,"angle":90,"type":"hold"},{"angle":315,"time":53,"type":"mine"},{"angle":213.75,"time":54,"type":"mine"},{"angle":202.5,"time":51,"type":"mine"},{"angle":225,"time":51,"type":"mine"},{"angle":270,"time":51,"type":"mine"},{"angle":292.5,"time":51,"type":"mine"},{"angle":315,"time":51,"type":"mine"},{"angle":337.5,"time":51,"type":"mine"},{"tap":true,"time":53,"angle":225,"type":"block"},{"tap":true,"time":54,"angle":315,"type":"block"},{"time":53,"angle":45,"duration":1,"angle2":135,"type":"hold"},{"angle":78.75,"time":52.25,"type":"block"},{"angle":67.5,"time":52.5,"type":"block"},{"angle":56.25,"time":52.75,"type":"block"},{"angle":67.5,"time":53.25,"type":"block"},{"angle":90,"time":53.5,"type":"block"},{"angle":112.5,"time":53.75,"type":"block"},{"time":55,"angle":180,"duration":1,"angle2":270,"type":"mineHold"},{"time":55,"angle":0,"duration":1,"angle2":90,"type":"mineHold"},{"time":56,"angle":270,"duration":4,"angle2":270,"type":"mineHold"},{"time":56,"angle":90,"duration":4,"angle2":90,"type":"mineHold"},{"angle":202.5,"time":54,"type":"mine"},{"angle":225,"time":54,"type":"mine"},{"angle":303.75,"time":53,"type":"mine"},{"angle":326.25,"time":53,"type":"mine"},{"time":54,"angle":135,"duration":1,"angle2":90,"type":"hold"},{"angle":123.75,"time":54.25,"type":"block"},{"angle":112.5,"time":54.5,"type":"block"},{"angle":101.25,"time":54.75,"type":"block"},{"tap":true,"time":56,"angle":180,"type":"block"},{"angle":112.5,"time":55.25,"type":"block"},{"time":55,"angle":90,"duration":1,"angle2":180,"type":"hold"},{"angle":191.25,"time":56.25,"type":"block"},{"angle":202.5,"time":56.5,"type":"block"},{"angle":213.75,"time":56.75,"type":"block"},{"tap":true,"time":57,"angle":225,"type":"block"},{"endTap":true,"angle2":180,"time":57,"angle":225,"duration":1,"type":"hold"},{"angle":11.25,"time":56.25,"type":"block"},{"angle":22.5,"time":56.5,"type":"block"},{"angle":33.75,"time":56.75,"type":"block"},{"tap":true,"time":57,"angle":45,"type":"block"},{"endTap":true,"angle":45,"time":57,"angle2":0,"duration":1,"type":"hold"},{"angle":180,"time":58.25,"type":"block"},{"angle":180,"time":58.5,"type":"block"},{"angle":180,"time":58.75,"type":"block"},{"angle":360,"time":58.25,"type":"block"},{"angle":0,"time":58.5,"type":"block"},{"angle":0,"time":58.75,"type":"block"},{"startTap":true,"time":59,"endTap":true,"angle2":0,"angle":0,"duration":1,"type":"hold"},{"startTap":true,"time":59,"endTap":true,"angle":180,"duration":1,"angle2":180,"type":"hold"},{"angle":202.5,"time":60.25,"type":"block"},{"time":60,"angle":270,"angle2":360,"duration":1,"type":"mineHold"},{"time":60,"angle":90,"angle2":180,"duration":1,"type":"mineHold"},{"angle":22.5,"time":60.25,"type":"block"},{"time":61,"angle":0,"angle2":0,"duration":1,"type":"mineHold"},{"time":61,"angle":180,"angle2":180,"duration":1,"type":"mineHold"},{"angle":270,"time":61.5,"type":"block"},{"angle":202.5,"time":57.5,"type":"block"},{"angle":180,"time":59.5,"type":"block"},{"angle":0,"time":59.5,"type":"block"},{"angle":225,"time":60.5,"type":"block"},{"angle":247.5,"time":60.75,"type":"block"},{"startTap":true,"time":61,"endTap":true,"angle":270,"angle2":270,"duration":1,"type":"hold"},{"angle":45,"time":60.5,"type":"block"},{"angle":67.5,"time":60.75,"type":"block"},{"angle":22.5,"time":57.5,"type":"block"},{"startTap":true,"endTap":true,"time":55,"angle":270,"angle2":360,"duration":1,"type":"hold"},{"startTap":true,"endTap":true,"time":61,"angle":90,"angle2":90,"duration":1,"type":"hold"},{"angle":90,"time":61.5,"type":"block"},{"angle":270,"time":61.5,"type":"block"},{"angle":292.5,"time":62.25,"type":"block"},{"angle":315,"time":62.5,"type":"block"},{"angle":337.5,"time":62.75,"type":"block"},{"angle":112.5,"time":62.25,"type":"block"},{"angle":135,"time":62.5,"type":"block"},{"angle":157.5,"time":62.75,"type":"block"},{"time":62,"angle":0,"duration":1,"angle2":90,"type":"mineHold"},{"time":62,"angle":180,"duration":1,"angle2":270,"type":"mineHold"},{"startTap":true,"endTap":true,"time":63,"angle2":360,"angle":360,"duration":1,"type":"hold"},{"angle":360,"time":63.5,"type":"block"},{"angle":180,"time":63.5,"type":"block"},{"time":63,"angle":270,"duration":1,"angle2":270,"type":"mineHold"},{"time":63,"angle":90,"duration":1,"angle2":90,"type":"mineHold"},{"time":64,"angle":270,"duration":1,"angle2":180,"type":"mineHold"},{"time":64,"angle":90,"duration":1,"angle2":180,"type":"mineHold"},{"angle":337.5,"time":64.25,"type":"block"},{"angle":315,"time":64.5,"type":"block"},{"angle":292.5,"time":64.75,"type":"block"},{"tap":true,"time":65,"angle":270,"type":"block"},{"angle":247.5,"time":65.25,"type":"block"},{"angle":225,"time":65.5,"type":"block"},{"angle":202.5,"time":65.75,"type":"block"},{"time":65,"angle":360,"duration":1,"angle2":258.75,"type":"mineHold"},{"angle":22.5,"time":64.75,"type":"mine"},{"angle":45,"time":64.5,"type":"mine"},{"angle":67.5,"time":64.25,"type":"mine"},{"time":65,"angle":0,"duration":1,"angle2":101.25,"type":"mineHold"},{"angle":112.5,"time":66.75,"type":"block"},{"tap":true,"time":67,"angle":90,"type":"block"},{"angle":67.5,"time":67.25,"type":"block"},{"angle":45,"time":67.5,"type":"block"},{"angle":22.5,"time":67.75,"type":"block"},{"angle":292.5,"time":68.75,"type":"block"},{"tap":true,"time":69,"angle":270,"type":"block"},{"time":66,"angle":258.75,"duration":1,"angle2":180,"type":"mineHold"},{"time":66,"angle":101.25,"duration":1,"angle2":0,"type":"mineHold"},{"time":67,"angle":180,"duration":1,"angle2":90,"type":"mineHold"},{"time":67,"angle":360,"duration":1,"angle2":270,"type":"mineHold"},{"angle":0,"time":66,"type":"mine"},{"angle":337.5,"time":66.25,"type":"mine"},{"angle":315,"time":66.5,"type":"mine"},{"angle":292.5,"time":66.75,"type":"mine"},{"angle":270,"time":67,"type":"mine"},{"angle":247.5,"time":67.25,"type":"mine"},{"angle":225,"time":67.5,"type":"mine"},{"angle":202.5,"time":67.75,"type":"mine"},{"angle":180,"time":68,"type":"mine"},{"angle":157.5,"time":68.25,"type":"mine"},{"angle":135,"time":68.5,"type":"mine"},{"angle":112.5,"time":68.75,"type":"mine"},{"angle":90,"time":69,"type":"mine"},{"time":68,"angle":270,"duration":1,"angle2":180,"type":"mineHold"},{"time":68,"angle":90,"duration":1,"angle2":0,"type":"mineHold"},{"angle":180,"time":63,"type":"block"},{"startTap":true,"time":66,"angle":180,"angle2":135,"duration":0.5,"type":"hold"},{"startTap":true,"time":68,"angle":0,"duration":0.5,"angle2":-45,"type":"hold"},{"angle":247.5,"time":69.25,"type":"block"},{"angle":225,"time":69.5,"type":"block"},{"angle":202.5,"time":69.75,"type":"block"},{"time":70,"tap":true,"angle":180,"type":"block"},{"angle":157.5,"time":70.25,"type":"block"},{"angle":135,"time":70.5,"type":"block"},{"angle":112.5,"time":70.75,"type":"block"},{"time":71,"tap":true,"angle":90,"type":"block"},{"angle":67.5,"time":71.25,"type":"block"},{"angle":45,"time":71.5,"type":"block"},{"angle":22.5,"time":71.75,"type":"block"},{"time":72,"tap":true,"angle":360,"type":"block"},{"angle":337.5,"time":72.25,"type":"block"},{"angle":315,"time":72.5,"type":"block"},{"angle":292.5,"time":72.75,"type":"block"},{"angle":225,"time":73.5,"type":"block"},{"time":69,"angle":180,"angle2":90,"duration":1,"type":"mineHold"},{"time":69,"angle":360,"angle2":270,"duration":1,"type":"mineHold"},{"time":70,"angle":270,"angle2":180,"duration":1,"type":"mineHold"},{"time":70,"angle":90,"angle2":0,"duration":1,"type":"mineHold"},{"time":71,"angle":360,"angle2":270,"duration":1,"type":"mineHold"},{"time":71,"angle":180,"angle2":90,"duration":1,"type":"mineHold"},{"time":72,"angle":90,"angle2":0,"duration":1,"type":"mineHold"},{"time":72,"angle":270,"angle2":180,"duration":1,"type":"mineHold"},{"time":73,"angle":360,"angle2":270,"duration":1,"type":"mineHold"},{"time":73,"angle":180,"angle2":90,"duration":1,"type":"mineHold"},{"angle":67.5,"time":69.25,"type":"mine"},{"angle":45,"time":69.5,"type":"mine"},{"angle":22.5,"time":69.75,"type":"mine"},{"angle":360,"time":70,"type":"mine"},{"angle":337.5,"time":70.25,"type":"mine"},{"angle":315,"time":70.5,"type":"mine"},{"angle":292.5,"time":70.75,"type":"mine"},{"angle":270,"time":71,"type":"mine"},{"angle":247.5,"time":71.25,"type":"mine"},{"angle":225,"time":71.5,"type":"mine"},{"angle":202.5,"time":71.75,"type":"mine"},{"angle":180,"time":72,"type":"mine"},{"angle":157.5,"time":72.25,"type":"mine"},{"angle":135,"time":72.5,"type":"mine"},{"angle":112.5,"time":72.75,"type":"mine"},{"angle":90,"time":73,"type":"mine"},{"angle":67.5,"time":73.25,"type":"mine"},{"angle":45,"time":73.5,"type":"mine"},{"angle":22.5,"time":73.75,"type":"mine"},{"angle":0,"time":74,"type":"mine"},{"startTap":true,"time":73,"endTap":true,"duration":1,"angle":270,"angle2":180,"type":"hold"},{"angle":157.5,"time":74.25,"type":"block"},{"angle":135,"time":74.5,"type":"block"},{"angle":112.5,"time":74.75,"type":"block"},{"startTap":true,"time":75,"endTap":true,"angle":90,"duration":1,"angle2":0,"type":"hold"},{"angle":45,"time":75.5,"type":"block"},{"time":74,"angle":270,"angle2":180,"duration":1,"type":"mineHold"},{"time":74,"angle":90,"angle2":0,"duration":1,"type":"mineHold"},{"time":75,"angle":0,"angle2":-90,"duration":1,"type":"mineHold"},{"time":75,"angle":180,"angle2":90,"duration":1,"type":"mineHold"},{"time":76,"angle":270,"angle2":270,"duration":10,"type":"mineHold"},{"time":76,"angle":90,"angle2":90,"duration":10,"type":"mineHold"},{"angle":225,"time":76,"type":"mine"},{"angle":202.5,"time":76,"type":"mine"},{"angle":180,"time":76,"type":"mine"},{"angle":157.5,"time":76,"type":"mine"},{"angle":135,"time":76,"type":"mine"},{"angle":112.5,"time":76,"type":"mine"},{"angle":247.5,"time":77,"type":"mine"},{"angle":225,"time":77,"type":"mine"},{"angle":202.5,"time":77,"type":"mine"},{"angle":180,"time":77,"type":"mine"},{"angle":157.5,"time":77,"type":"mine"},{"angle":135,"time":77,"type":"mine"},{"angle":112.5,"time":77,"type":"mine"},{"angle":112.5,"time":78,"type":"mine"},{"angle":135,"time":78,"type":"mine"},{"angle":157.5,"time":78,"type":"mine"},{"angle":180,"time":78,"type":"mine"},{"angle":202.5,"time":78,"type":"mine"},{"angle":225,"time":78,"type":"mine"},{"angle":247.5,"time":78,"type":"mine"},{"angle":247.5,"time":79,"type":"mine"},{"angle":225,"time":79,"type":"mine"},{"angle":202.5,"time":79,"type":"mine"},{"angle":180,"time":79,"type":"mine"},{"angle":157.5,"time":79,"type":"mine"},{"angle":135,"time":79,"type":"mine"},{"angle":112.5,"time":79,"type":"mine"},{"angle":112.5,"time":80,"type":"mine"},{"angle":135,"time":80,"type":"mine"},{"angle":157.5,"time":80,"type":"mine"},{"angle":180,"time":80,"type":"mine"},{"angle":202.5,"time":80,"type":"mine"},{"angle":225,"time":80,"type":"mine"},{"angle":247.5,"time":80,"type":"mine"},{"angle":303.75,"time":76.75,"type":"block"},{"angle":326.25,"time":76.5,"type":"block"},{"angle":348.75,"time":76.25,"type":"block"},{"time":77,"tap":true,"angle":326.25,"type":"block"},{"angle":348.75,"time":77.25,"type":"block"},{"angle":11.25,"time":77.5,"type":"block"},{"angle":33.75,"time":77.75,"type":"block"},{"time":78,"tap":true,"angle":11.25,"type":"block"},{"angle":0,"time":78.5,"type":"block"},{"angle":0,"time":78.25,"type":"block"},{"angle":0,"time":78.75,"type":"block"},{"time":79,"tap":true,"angle":0,"type":"block"},{"angle":247.5,"time":81,"type":"mine"},{"angle":225,"time":81,"type":"mine"},{"angle":202.5,"time":81,"type":"mine"},{"angle":180,"time":81,"type":"mine"},{"angle":157.5,"time":81,"type":"mine"},{"angle":135,"time":81,"type":"mine"},{"angle":112.5,"time":81,"type":"mine"},{"angle":247.5,"time":82,"type":"mine"},{"angle":225,"time":82,"type":"mine"},{"angle":202.5,"time":82,"type":"mine"},{"angle":180,"time":82,"type":"mine"},{"angle":157.5,"time":82,"type":"mine"},{"angle":135,"time":82,"type":"mine"},{"angle":112.5,"time":82,"type":"mine"},{"angle":112.5,"time":83,"type":"mine"},{"angle":135,"time":83,"type":"mine"},{"angle":157.5,"time":83,"type":"mine"},{"angle":180,"time":83,"type":"mine"},{"angle":202.5,"time":83,"type":"mine"},{"angle":225,"time":83,"type":"mine"},{"angle":247.5,"time":83,"type":"mine"},{"angle":247.5,"time":84,"type":"mine"},{"angle":225,"time":84,"type":"mine"},{"angle":202.5,"time":84,"type":"mine"},{"angle":180,"time":84,"type":"mine"},{"angle":157.5,"time":84,"type":"mine"},{"angle":135,"time":84,"type":"mine"},{"angle":112.5,"time":84,"type":"mine"},{"angle":112.5,"time":85,"type":"mine"},{"angle":135,"time":85,"type":"mine"},{"angle":157.5,"time":85,"type":"mine"},{"angle":180,"time":85,"type":"mine"},{"angle":202.5,"time":85,"type":"mine"},{"angle":225,"time":85,"type":"mine"},{"angle":247.5,"time":85,"type":"mine"},{"angle":247.5,"time":86,"type":"mine"},{"angle":225,"time":86,"type":"mine"},{"angle":202.5,"time":86,"type":"mine"},{"angle":180,"time":86,"type":"mine"},{"angle":157.5,"time":86,"type":"mine"},{"angle":135,"time":86,"type":"mine"},{"angle":112.5,"time":86,"type":"mine"},{"angle":22.5,"time":80,"type":"mine"},{"angle":45,"time":80,"type":"mine"},{"angle":67.5,"time":80,"type":"mine"},{"angle":292.5,"time":81,"type":"mine"},{"angle":67.5,"time":81,"type":"mine"},{"angle":292.5,"time":82,"type":"mine"},{"angle":315,"time":82,"type":"mine"},{"angle":337.5,"time":82,"type":"mine"},{"angle":292.5,"time":83,"type":"mine"},{"angle":67.5,"time":83,"type":"mine"},{"angle":22.5,"time":84,"type":"mine"},{"angle":45,"time":84,"type":"mine"},{"angle":67.5,"time":84,"type":"mine"},{"angle":292.5,"time":85,"type":"mine"},{"angle":67.5,"time":85,"type":"mine"},{"angle":315,"time":80,"type":"extraTap"},{"angle":0,"time":81,"type":"extraTap"},{"angle":45,"time":82,"type":"extraTap"},{"angle":0,"time":83,"type":"extraTap"},{"angle":315,"time":84,"type":"extraTap"},{"angle":0,"time":86,"type":"extraTap"},{"angle":292.5,"time":86,"type":"mine"},{"angle":67.5,"time":86,"type":"mine"},{"angle":360,"time":85,"type":"extraTap"},{"angle":337.5,"time":74.333335876465,"type":"mine"},{"angle":315,"time":74.666664123535,"type":"mine"},{"angle":292.5,"time":75,"type":"mine"},{"angle":270,"time":75.333335876465,"type":"mine"},{"angle":247.5,"time":75.666664123535,"type":"mine"},{"angle":0,"time":87,"type":"extraTap"},{"angle":292.5,"time":87,"type":"mine"},{"angle":270,"time":87,"type":"mine"},{"angle":247.5,"time":87,"type":"mine"},{"angle":225,"time":87,"type":"mine"},{"angle":202.5,"time":87,"type":"mine"},{"angle":180,"time":87,"type":"mine"},{"angle":157.5,"time":87,"type":"mine"},{"angle":135,"time":87,"type":"mine"},{"angle":112.5,"time":87,"type":"mine"},{"angle":90,"time":87,"type":"mine"},{"angle":67.5,"time":87,"type":"mine"},{"startTap":true,"time":88,"angle":0,"duration":1,"angle2":0,"type":"hold"},{"angle":360,"time":88.333335876465,"type":"block"},{"angle":0,"time":88.666664123535,"type":"block"},{"startTap":true,"time":89,"angle":348.75,"angle2":348.75,"duration":1,"type":"hold"},{"startTap":true,"time":90,"endTap":true,"duration":1,"angle":11.25,"angle2":11.25,"type":"hold"},{"angle":348.75,"time":89.333335876465,"type":"block"},{"angle":348.75,"time":89.666664123535,"type":"block"},{"angle":11.25,"time":90.333335876465,"type":"block"},{"angle":11.25,"time":90.666664123535,"type":"block"},{"angle":292.5,"time":88,"type":"mine"},{"angle":67.5,"time":88,"type":"mine"},{"angle":90,"time":88,"type":"mine"},{"angle":112.5,"time":88,"type":"mine"},{"angle":135,"time":88,"type":"mine"},{"angle":157.5,"time":88,"type":"mine"},{"angle":180,"time":88,"type":"mine"},{"angle":202.5,"time":88,"type":"mine"},{"angle":225,"time":88,"type":"mine"},{"angle":247.5,"time":88,"type":"mine"},{"angle":270,"time":88,"type":"mine"},{"angle":292.5,"time":89,"type":"mine"},{"angle":270,"time":89,"type":"mine"},{"angle":247.5,"time":89,"type":"mine"},{"angle":225,"time":89,"type":"mine"},{"angle":202.5,"time":89,"type":"mine"},{"angle":180,"time":89,"type":"mine"},{"angle":157.5,"time":89,"type":"mine"},{"angle":135,"time":89,"type":"mine"},{"angle":112.5,"time":89,"type":"mine"},{"angle":90,"time":89,"type":"mine"},{"angle":67.5,"time":89,"type":"mine"},{"angle":292.5,"time":90,"type":"mine"},{"angle":67.5,"time":90,"type":"mine"},{"angle":90,"time":90,"type":"mine"},{"angle":112.5,"time":90,"type":"mine"},{"angle":135,"time":90,"type":"mine"},{"angle":157.5,"time":90,"type":"mine"},{"angle":180,"time":90,"type":"mine"},{"angle":202.5,"time":90,"type":"mine"},{"angle":225,"time":90,"type":"mine"},{"angle":247.5,"time":90,"type":"mine"},{"angle":270,"time":90,"type":"mine"},{"angle":67.5,"time":91,"type":"mine"},{"angle":90,"time":91,"type":"mine"},{"angle":112.5,"time":91,"type":"mine"},{"angle":135,"time":91,"type":"mine"},{"angle":157.5,"time":91,"type":"mine"},{"angle":180,"time":91,"type":"mine"},{"angle":202.5,"time":91,"type":"mine"},{"angle":225,"time":91,"type":"mine"},{"angle":247.5,"time":91,"type":"mine"},{"angle":270,"time":91,"type":"mine"},{"angle":292.5,"time":91,"type":"mine"},{"angle":270,"time":92,"type":"mine"},{"angle":90,"time":92,"type":"mine"},{"angle":292.5,"time":92,"type":"mine"},{"angle":315,"time":92,"type":"mine"},{"angle":337.5,"time":92,"type":"mine"},{"angle":360,"time":92,"type":"mine"},{"angle":22.5,"time":92,"type":"mine"},{"angle":45,"time":92,"type":"mine"},{"angle":67.5,"time":92,"type":"mine"},{"angle":247.5,"time":92,"type":"mine"},{"angle":112.5,"time":92,"type":"mine"},{"startTap":true,"time":92,"duration":1,"angle2":180,"angle":180,"type":"hold"},{"startTap":true,"time":93,"duration":1,"angle2":191.25,"angle":191.25,"type":"hold"},{"startTap":true,"time":94,"endTap":true,"angle":168.75,"angle2":168.75,"duration":1,"type":"hold"},{"angle":247.5,"time":93,"type":"mine"},{"angle":270,"time":93,"type":"mine"},{"angle":292.5,"time":93,"type":"mine"},{"angle":315,"time":93,"type":"mine"},{"angle":337.5,"time":93,"type":"mine"},{"angle":360,"time":93,"type":"mine"},{"angle":22.5,"time":93,"type":"mine"},{"angle":45,"time":93,"type":"mine"},{"angle":67.5,"time":93,"type":"mine"},{"angle":90,"time":93,"type":"mine"},{"angle":112.5,"time":93,"type":"mine"},{"angle":247.5,"time":94,"type":"mine"},{"angle":270,"time":94,"type":"mine"},{"angle":292.5,"time":94,"type":"mine"},{"angle":315,"time":94,"type":"mine"},{"angle":337.5,"time":94,"type":"mine"},{"angle":360,"time":94,"type":"mine"},{"angle":22.5,"time":94,"type":"mine"},{"angle":45,"time":94,"type":"mine"},{"angle":67.5,"time":94,"type":"mine"},{"angle":90,"time":94,"type":"mine"},{"angle":112.5,"time":94,"type":"mine"},{"angle":112.5,"time":95,"type":"mine"},{"angle":90,"time":95,"type":"mine"},{"angle":67.5,"time":95,"type":"mine"},{"angle":45,"time":95,"type":"mine"},{"angle":22.5,"time":95,"type":"mine"},{"angle":0,"time":95,"type":"mine"},{"angle":337.5,"time":95,"type":"mine"},{"angle":315,"time":95,"type":"mine"},{"angle":292.5,"time":95,"type":"mine"},{"angle":270,"time":95,"type":"mine"},{"angle":247.5,"time":95,"type":"mine"},{"angle":180,"time":92.333335876465,"type":"block"},{"angle":180,"time":92.666664123535,"type":"block"},{"angle":191.25,"time":93.333335876465,"type":"block"},{"angle":191.25,"time":93.666664123535,"type":"block"},{"angle":168.75,"time":94.333335876465,"type":"block"},{"angle":168.75,"time":94.666664123535,"type":"block"},{"time":97,"angle":191.25,"angle2":191.25,"duration":1,"type":"mineHold"},{"time":97,"angle":180,"angle2":180,"duration":1,"type":"mineHold"},{"time":97,"angle":168.75,"angle2":168.75,"duration":1,"type":"mineHold"},{"time":97,"angle":157.5,"angle2":157.5,"duration":1,"type":"mineHold"},{"time":97,"angle":146.25,"angle2":146.25,"duration":1,"type":"mineHold"},{"time":97,"angle":135,"angle2":135,"duration":1,"type":"mineHold"},{"time":97,"angle":123.75,"angle2":123.75,"duration":1,"type":"mineHold"},{"time":97,"angle":112.5,"angle2":112.5,"duration":1,"type":"mineHold"},{"time":97,"angle":101.25,"angle2":101.25,"duration":1,"type":"mineHold"},{"time":97,"angle":90,"angle2":90,"duration":1,"type":"mineHold"},{"time":97,"angle":78.75,"angle2":78.75,"duration":1,"type":"mineHold"},{"time":97,"angle":67.5,"angle2":67.5,"duration":1,"type":"mineHold"},{"time":97,"angle":56.25,"angle2":56.25,"duration":1,"type":"mineHold"},{"time":97,"angle":45,"angle2":45,"duration":1,"type":"mineHold"},{"time":97,"angle":33.75,"angle2":33.75,"duration":1,"type":"mineHold"},{"time":97,"angle":22.5,"angle2":22.5,"duration":1,"type":"mineHold"},{"time":97,"angle":11.25,"angle2":11.25,"duration":6.0000004768372,"type":"mineHold"},{"time":97,"angle":0,"angle2":0,"duration":6.0000004768372,"type":"mineHold"},{"time":97,"angle":348.75,"angle2":348.75,"duration":1,"type":"mineHold"},{"time":97,"angle":337.5,"angle2":337.5,"duration":1,"type":"mineHold"},{"time":97,"angle":326.25,"angle2":326.25,"duration":1,"type":"mineHold"},{"time":97,"angle":315,"angle2":315,"duration":1,"type":"mineHold"},{"time":97,"angle":303.75,"angle2":303.75,"duration":1,"type":"mineHold"},{"time":97,"angle":292.5,"angle2":292.5,"duration":1,"type":"mineHold"},{"time":97,"angle":281.25,"angle2":281.25,"duration":1,"type":"mineHold"},{"time":97,"angle":270,"angle2":270,"duration":1,"type":"mineHold"},{"time":97,"angle":258.75,"angle2":258.75,"duration":1,"type":"mineHold"},{"time":97,"angle":247.5,"angle2":247.5,"duration":1,"type":"mineHold"},{"time":97,"angle":236.25,"angle2":236.25,"duration":1,"type":"mineHold"},{"time":97,"angle":236.25,"angle2":236.25,"duration":1,"type":"mineHold"},{"time":97,"angle":225,"angle2":225,"duration":1,"type":"mineHold"},{"time":97,"angle":213.75,"angle2":213.75,"duration":1,"type":"mineHold"},{"time":97,"angle":202.5,"angle2":202.5,"duration":1,"type":"mineHold"}]