{"metadata":{"charter":"Charter","songName":"Forlorn","bgData":{"redChannel":{"g":194,"r":185,"b":0},"blueChannel":{"g":151,"r":0,"b":0},"greenChannel":{"g":0,"r":0,"b":0},"yellowChannel":{"g":0,"r":0,"b":0},"magentaChannel":{"g":0,"r":0,"b":0},"cyanChannel":{"g":0,"r":0,"b":0},"image":"Dalv2.png"},"difficulty":0,"description":"This is my first level, so why not do the first boss of undertale yellow (I don't count decibate)\n","artistLink":"","artist":"Masterswordremix","bg":true},"properties":{"formatversion":13,"startBeat":0,"offset":5,"speed":70},"events":[{"time":1.5,"angle":0,"bpm":175,"type":"setBPM"},{"time":1,"file":"14.Forlorn.ogg","angle":90,"volume":2.0000002384186,"type":"play","bpm":175},{"time":0,"angle":22.5,"type":"setBgColor","color":0},{"time":0,"g":0,"b":16,"angle":337.5,"color":0,"type":"setColor","r":14},{"time":0,"enable":true,"angle":67.5,"type":"outline","color":1},{"time":0,"g":0,"b":192,"angle":315,"color":1,"type":"setColor","r":137},{"time":23.5,"g":255,"b":255,"angle":315,"color":2,"type":"setColor","r":255},{"time":23.5,"angle":45,"type":"setBgColor","color":2},{"time":24.5,"angle":225,"type":"setBgColor","color":2},{"time":25,"angle":225,"type":"setBgColor","color":0},{"time":24,"angle":45,"type":"setBgColor","color":0},{"time":28,"angle":360,"type":"setBgColor","color":2},{"time":28.5,"angle":0,"type":"setBgColor","color":0},{"time":29.5,"angle":67.5,"type":"setBgColor","color":0},{"time":29,"angle":45,"type":"setBgColor","color":2},{"time":32,"angle":45,"type":"setBgColor","color":2},{"time":32.5,"angle":45,"type":"setBgColor","color":0},{"time":33,"angle":45,"type":"setBgColor","color":2},{"time":33.5,"angle":45,"type":"setBgColor","color":0},{"newWidth":100,"paddle":1,"angle":360,"enabled":true,"time":34,"type":"paddles","ease":"linear","duration":8},{"newWidth":70,"paddle":0,"angle":292.5,"enabled":true,"time":37.5,"type":"paddles","ease":"linear","duration":0.5},{"time":38,"angle":292.5,"var":"p.drawScale","duration":1,"type":"ease","value":1},{"time":38,"angle":247.5,"var":"vfx.noteXScale","duration":1,"type":"ease","value":1},{"time":38,"angle":225,"var":"vfx.noteYScale","duration":1,"type":"ease","value":1},{"newWidth":40,"paddle":0,"angle":247.5,"type":"paddles","time":70.5,"ease":"linear","duration":1.5,"newAngle":0},{"newWidth":70,"paddle":0,"angle":360,"type":"paddles","time":83.5,"ease":"linear","duration":0,"newAngle":0},{"newWidth":70,"paddle":4,"angle":270,"type":"paddles","time":156.5,"ease":"linear","duration":1,"newAngle":180},{"newWidth":70,"paddle":0,"angle":157.5,"type":"paddles","time":166.60000610352,"ease":"linear","duration":1,"newAngle":0},{"time":157,"angle":247.5,"var":"noteRadius","duration":8,"type":"ease","value":35},{"time":157,"angle":292.5,"var":"vfx.noteYScale","duration":8,"type":"ease","value":1.5},{"time":157,"angle":315,"var":"vfx.noteXScale","duration":8,"type":"ease","value":1.5},{"time":166,"angle":247.5,"var":"p.drawScale","duration":1,"type":"ease","value":1},{"time":166,"angle":292.5,"var":"vfx.noteYScale","duration":1,"type":"ease","value":1},{"time":166,"angle":315,"var":"vfx.noteXScale","duration":1,"type":"ease","value":1},{"time":157,"angle":225,"var":"p.drawScale","duration":8,"type":"ease","value":1.5},{"g":0,"angle":270,"description":"","b":0,"time":0,"r":0,"type":"bookmark","name":"Start"},{"g":0,"angle":112.5,"description":"","b":0,"time":20.5,"r":0,"type":"bookmark","name":"Section 2"},{"g":0,"angle":202.5,"description":"","b":0,"time":38,"r":0,"type":"bookmark","name":"Beat drop"},{"g":0,"angle":247.5,"description":"","b":0,"time":68,"r":0,"type":"bookmark","name":"section 4"},{"g":0,"angle":67.5,"description":"","b":0,"time":102.5,"r":0,"type":"bookmark","name":"Section 5"},{"g":0,"angle":270,"description":"","b":0,"time":118,"r":0,"type":"bookmark","name":"Section 6"},{"g":0,"angle":225,"description":"","b":0,"time":134,"r":0,"type":"bookmark","name":"Section 7"},{"g":0,"angle":360,"description":"","b":0,"time":150.5,"r":0,"type":"bookmark","name":"Section 8"},{"g":0,"angle":135,"description":"","b":0,"time":166,"r":0,"type":"bookmark","name":"Section 9"},{"time":166,"angle":270,"var":"noteRadius","duration":1,"type":"ease","value":9},{"time":34,"angle":337.5,"var":"noteRadius","duration":4,"type":"ease","value":35},{"time":34,"angle":22.5,"var":"vfx.noteYScale","duration":4,"type":"ease","value":1.5},{"time":34,"angle":45,"var":"vfx.noteXScale","duration":4,"type":"ease","value":1.5},{"time":34,"angle":315,"var":"p.drawScale","duration":4,"type":"ease","value":1.5},{"time":38,"angle":315,"var":"noteRadius","duration":1,"type":"ease","value":9},{"time":109.5,"angle":382.5,"var":"noteRadius","duration":6,"type":"ease","value":35},{"time":109.5,"angle":427.5,"var":"vfx.noteYScale","duration":6,"type":"ease","value":1.5},{"time":109.5,"angle":450,"var":"vfx.noteXScale","duration":6,"type":"ease","value":1.5},{"time":109.5,"angle":360,"var":"p.drawScale","duration":6,"type":"ease","value":1.5},{"time":115.5,"angle":292.5,"var":"noteRadius","duration":2,"type":"ease","value":9},{"time":115.5,"angle":337.5,"var":"vfx.noteYScale","duration":2,"type":"ease","value":1},{"time":115.5,"angle":360,"var":"vfx.noteXScale","duration":2,"type":"ease","value":1},{"time":115.5,"angle":270,"var":"p.drawScale","duration":2,"type":"ease","value":1},{"g":0,"angle":315,"description":"","b":0,"time":182,"r":0,"type":"bookmark","name":"Section 10"},{"g":0,"angle":135,"description":"","b":0,"time":198,"r":0,"type":"bookmark","name":"Section 11"},{"g":0,"angle":22.5,"description":"","b":0,"time":214,"r":0,"type":"bookmark","name":"Section 12"},{"time":210,"angle":247.5,"var":"noteRadius","duration":3,"type":"ease","value":35},{"time":210,"angle":292.5,"var":"vfx.noteYScale","duration":3,"type":"ease","value":1.5},{"time":210,"angle":315,"var":"vfx.noteXScale","duration":3,"type":"ease","value":1.5},{"time":210,"angle":225,"var":"p.drawScale","duration":3,"type":"ease","value":1.5},{"time":214,"angle":292.5,"var":"vfx.noteYScale","duration":2,"type":"ease","value":1},{"time":214,"angle":315,"var":"vfx.noteXScale","duration":2,"type":"ease","value":1},{"time":214,"angle":225,"var":"p.drawScale","duration":2,"type":"ease","value":1},{"newWidth":150,"paddle":0,"angle":90,"enabled":true,"time":210,"type":"paddles","ease":"linear","duration":1},{"newWidth":70,"paddle":0,"angle":45,"type":"paddles","time":213.5,"ease":"linear","duration":2,"newAngle":0},{"g":0,"angle":202.5,"description":"","b":0,"time":244,"r":0,"type":"bookmark","name":"Section 13"},{"g":0,"angle":0,"description":"","b":0,"time":278,"r":0,"type":"bookmark","name":"Section 14"},{"newWidth":70,"paddle":1,"angle":180,"type":"paddles","time":281,"ease":"linear","duration":0.5,"newAngle":180},{"time":281.5,"angle":225,"type":"setBgColor","color":3},{"time":281.60000610352,"angle":225,"type":"setBgColor","color":0},{"time":282.5,"angle":225,"type":"setBgColor","color":3},{"time":282.60000610352,"angle":225,"type":"setBgColor","color":0},{"time":283.5,"angle":225,"type":"setBgColor","color":3},{"time":283.60000610352,"angle":225,"type":"setBgColor","color":0},{"time":284.5,"angle":225,"type":"setBgColor","color":3},{"time":284.60000610352,"angle":225,"type":"setBgColor","color":0},{"newWidth":70,"paddle":1,"angle":135,"type":"paddles","time":288.5,"ease":"linear","duration":0.5,"newAngle":0},{"g":0,"angle":90,"description":"","b":0,"time":294,"r":0,"type":"bookmark","name":"Section 15"},{"newWidth":270,"paddle":0,"angle":270,"enabled":true,"time":325,"type":"paddles","ease":"linear","duration":1},{"time":214,"angle":247.5,"var":"noteRadius","duration":2,"type":"ease","value":9},{"newWidth":70,"paddle":0,"angle":202.5,"type":"paddles","time":337,"ease":"linear","duration":1,"newAngle":0},{"g":0,"angle":247.5,"description":"","b":0,"time":325,"r":0,"type":"bookmark","name":"Section 16"},{"g":0,"angle":315,"description":"","b":0,"time":342,"r":0,"type":"bookmark","name":"Section 18"},{"g":0,"angle":22.5,"description":"","b":0,"time":340,"r":0,"type":"bookmark","name":"Section 17"},{"newWidth":40,"paddle":0,"angle":315,"type":"paddles","time":349.5,"ease":"linear","duration":0.5,"newAngle":0},{"newWidth":70,"paddle":0,"angle":45,"type":"paddles","time":357.5,"ease":"linear","duration":1,"newAngle":0},{"time":349.5,"angle":270,"var":"p.x","duration":8,"type":"ease","value":200},{"newWidth":40,"paddle":0,"angle":315,"type":"paddles","time":365.5,"ease":"linear","duration":1,"newAngle":0},{"time":366,"angle":225,"var":"p.x","duration":8,"type":"ease","value":300},{"time":366,"angle":202.5,"var":"p.y","duration":8,"type":"ease","value":260},{"g":0,"angle":0,"description":"","b":0,"time":373.5,"r":0,"type":"bookmark","name":"Section 19"},{"time":381.5,"angle":337.5,"var":"p.y","duration":8,"type":"ease","value":180},{"newWidth":70,"paddle":0,"angle":45,"type":"paddles","time":381.5,"ease":"linear","duration":10,"newAngle":0},{"g":0,"angle":202.5,"description":"","b":0,"time":405.5,"r":0,"type":"bookmark","name":"Section 20"},{"newWidth":0,"paddle":0,"angle":157.5,"enabled":false,"time":418,"ease":"linear","type":"paddles","duration":0,"newAngle":0},{"time":418,"angle":112.5,"value":100,"var":"p.y","type":"ease"},{"time":418,"angle":135,"value":75,"var":"p.x","type":"ease"},{"time":419,"angle":112.5,"value":170,"var":"p.y","type":"ease"},{"time":419,"angle":135,"value":450,"var":"p.x","type":"ease"},{"time":420,"angle":112.5,"value":240,"var":"p.y","type":"ease"},{"time":420,"angle":135,"value":200,"var":"p.x","type":"ease"},{"time":421,"angle":112.5,"value":180,"var":"p.y","type":"ease"},{"time":421,"angle":135,"value":300,"var":"p.x","type":"ease"},{"time":418,"angle":22.5,"type":"setBgColor","color":3},{"time":418.5,"angle":22.5,"type":"setBgColor","color":0},{"time":419,"angle":22.5,"type":"setBgColor","color":3},{"time":419.5,"angle":22.5,"type":"setBgColor","color":0},{"time":420,"angle":22.5,"type":"setBgColor","color":3},{"time":420.5,"angle":22.5,"type":"setBgColor","color":0},{"time":421,"angle":22.5,"type":"setBgColor","color":3},{"time":421.5,"angle":22.5,"type":"setBgColor","color":0},{"newWidth":360,"enabled":true,"angle":157.5,"type":"paddles","time":421,"ease":"linear","paddle":0,"duration":0,"newAngle":0},{"time":418,"enable":true,"angle":337.5,"type":"outline","color":2},{"time":418.5,"enable":true,"angle":337.5,"type":"outline","color":1},{"time":419,"enable":true,"angle":337.5,"type":"outline","color":2},{"time":419.5,"enable":true,"angle":337.5,"type":"outline","color":1},{"time":420,"enable":true,"angle":337.5,"type":"outline","color":2},{"time":420.5,"enable":true,"angle":337.5,"type":"outline","color":1},{"time":421,"enable":true,"angle":337.5,"type":"outline","color":2},{"time":421.5,"enable":true,"angle":337.5,"type":"outline","color":1},{"time":0,"g":225,"b":255,"angle":225,"color":3,"type":"setColor","r":252},{"newWidth":120,"paddle":0,"angle":157.5,"type":"paddles","time":422,"ease":"linear","duration":2,"newAngle":0},{"newWidth":70,"paddle":0,"angle":112.5,"type":"paddles","time":435.5,"ease":"linear","duration":0.5,"newAngle":0},{"time":454.5,"type":"showResults","angle":326.25}]}