[{"angle":180,"type":"extraTap","time":6},{"time":8,"type":"extraTap","angle":180},{"angle":180,"type":"extraTap","time":16},{"time":24,"type":"extraTap","angle":180},{"angle":0,"type":"block","time":5},{"time":10,"type":"block","angle":337.5},{"time":16.666660308838,"type":"block","angle":225},{"angle":270,"type":"block","time":17.333299636841},{"time":18,"type":"block","angle":202.5},{"angle":247.5,"type":"block","time":18.666660308838},{"angle":180,"type":"block","time":19.333299636841},{"time":22,"type":"block","angle":67.5},{"time":23,"type":"block","angle":22.5},{"time":27,"type":"block","angle":270},{"time":26,"type":"block","angle":202.5},{"time":30,"type":"block","angle":45},{"time":0,"type":"extraTap","angle":180},{"angle":180,"type":"extraTap","time":38},{"time":40,"type":"extraTap","angle":180},{"time":48,"type":"extraTap","angle":180},{"time":56,"type":"extraTap","angle":180},{"time":32,"type":"extraTap","angle":180},{"time":6,"type":"side","angle":270},{"time":8,"type":"side","angle":292.5},{"time":7,"type":"block","angle":202.5},{"time":11,"type":"block","angle":45},{"time":14,"type":"block","angle":112.5},{"time":16,"type":"side","angle":315},{"time":24,"type":"side","angle":112.5},{"angle":-360,"type":"block","time":37},{"time":42,"type":"block","angle":-697.5},{"time":48.666660308838,"type":"block","angle":-585},{"angle":-630,"type":"block","time":49.333299636841},{"time":50,"type":"block","angle":-562.5},{"angle":-607.5,"type":"block","time":50.666660308838},{"angle":-540,"type":"block","time":51.333299636841},{"time":54,"type":"block","angle":-427.5},{"time":55,"type":"block","angle":-382.5},{"time":59,"type":"block","angle":-630},{"time":58,"type":"block","angle":-562.5},{"time":62,"type":"block","angle":-405},{"time":39,"type":"block","angle":-562.5},{"time":43,"type":"block","angle":315},{"time":46,"type":"block","angle":-472.5},{"time":38,"type":"side","angle":-270},{"time":40,"type":"side","angle":-292.5},{"time":48,"type":"side","angle":-315},{"time":56,"type":"side","angle":-112.5},{"time":64,"type":"extraTap","angle":0},{"time":5,"type":"mine","angle":180},{"time":4.5,"type":"mine","angle":157.5},{"time":4,"type":"mine","angle":135},{"time":3.5,"type":"mine","angle":112.5},{"time":3,"type":"mine","angle":90},{"time":2.5,"type":"mine","angle":67.5},{"time":2,"type":"mine","angle":45},{"time":1.5,"type":"mine","angle":22.5},{"time":0.5,"type":"mine","angle":337.5},{"time":0,"type":"mine","angle":0},{"time":1,"type":"mine","angle":0},{"time":5.5,"type":"mine","angle":157.5},{"time":6,"type":"mine","angle":135},{"time":6.5,"type":"mine","angle":112.5},{"time":7,"type":"mine","angle":90},{"time":7.5,"type":"mine","angle":67.5},{"time":8,"type":"mine","angle":45},{"time":8.5,"type":"mine","angle":67.5},{"time":9,"type":"mine","angle":90},{"time":9.5,"type":"mine","angle":112.5},{"time":10,"type":"mine","angle":135},{"time":10.5,"type":"mine","angle":157.5},{"time":11,"type":"mine","angle":180},{"time":11.5,"type":"mine","angle":202.5},{"time":12,"type":"mine","angle":225},{"time":12.5,"type":"mine","angle":247.5},{"time":13,"type":"mine","angle":270},{"time":13.5,"type":"mine","angle":247.5},{"time":14,"type":"mine","angle":225},{"time":14.5,"type":"mine","angle":202.5},{"time":15,"type":"mine","angle":180},{"time":15.5,"type":"mine","angle":157.5},{"time":16,"type":"mine","angle":135},{"time":16.5,"type":"mine","angle":112.5},{"time":17,"type":"mine","angle":90},{"time":17.5,"type":"mine","angle":67.5},{"time":18,"type":"mine","angle":45},{"time":18.5,"type":"mine","angle":22.5},{"time":19,"type":"mine","angle":0},{"time":19.5,"type":"mine","angle":337.5},{"time":20,"type":"mine","angle":315},{"time":20.5,"type":"mine","angle":292.5},{"time":21,"type":"mine","angle":270},{"time":21.5,"type":"mine","angle":247.5},{"time":22,"type":"mine","angle":225},{"time":22.5,"type":"mine","angle":202.5},{"time":23,"type":"mine","angle":225},{"time":23.5,"type":"mine","angle":247.5},{"time":24,"type":"mine","angle":270},{"time":24.5,"type":"mine","angle":292.5},{"time":25,"type":"mine","angle":315},{"time":25.5,"type":"mine","angle":337.5},{"time":26,"type":"mine","angle":360},{"time":26.5,"type":"mine","angle":22.5},{"time":27,"type":"mine","angle":45},{"time":27.5,"type":"mine","angle":67.5},{"time":28,"type":"mine","angle":90},{"time":28.5,"type":"mine","angle":112.5},{"time":28.5,"type":"mine","angle":135},{"time":29,"type":"mine","angle":157.5},{"time":29.5,"type":"mine","angle":180},{"time":30,"type":"mine","angle":202.5},{"time":30.5,"type":"mine","angle":180},{"time":31,"type":"mine","angle":157.5},{"time":31.5,"type":"mine","angle":135},{"time":32,"type":"mine","angle":112.5},{"time":32.5,"type":"mine","angle":90},{"time":33,"type":"mine","angle":67.5},{"time":33.5,"type":"mine","angle":45},{"time":34,"type":"mine","angle":22.5},{"time":34.5,"type":"mine","angle":0},{"time":35,"type":"mine","angle":337.5},{"time":35.5,"type":"mine","angle":315},{"time":36,"type":"mine","angle":292.5},{"time":36.5,"type":"mine","angle":270},{"time":37,"type":"mine","angle":247.5},{"time":37.5,"type":"mine","angle":225},{"time":38,"type":"mine","angle":202.5},{"time":38.5,"type":"mine","angle":225},{"time":39,"type":"mine","angle":247.5},{"time":39.5,"type":"mine","angle":270},{"time":40,"type":"mine","angle":292.5},{"time":40.5,"type":"mine","angle":270},{"time":41,"type":"mine","angle":247.5},{"time":41.5,"type":"mine","angle":225},{"time":42,"type":"mine","angle":202.5},{"time":42.5,"type":"mine","angle":180},{"time":43,"type":"mine","angle":157.5},{"time":43.5,"type":"mine","angle":135},{"time":44,"type":"mine","angle":112.5},{"time":44.5,"type":"mine","angle":90},{"time":45,"type":"mine","angle":67.5},{"time":45.5,"type":"mine","angle":90},{"time":46,"type":"mine","angle":112.5},{"time":46.5,"type":"mine","angle":135},{"time":47,"type":"mine","angle":157.5},{"time":47.5,"type":"mine","angle":180},{"time":48,"type":"mine","angle":202.5},{"time":48.5,"type":"mine","angle":225},{"time":49,"type":"mine","angle":247.5},{"time":49.5,"type":"mine","angle":270},{"time":50,"type":"mine","angle":292.5},{"time":50.5,"type":"mine","angle":315},{"time":51,"type":"mine","angle":337.5},{"time":51.5,"type":"mine","angle":0},{"time":52,"type":"mine","angle":22.5},{"time":52.5,"type":"mine","angle":45},{"time":53,"type":"mine","angle":67.5},{"time":53.5,"type":"mine","angle":90},{"time":54,"type":"mine","angle":112.5},{"time":54.5,"type":"mine","angle":135},{"time":55,"type":"mine","angle":157.5},{"time":55.5,"type":"mine","angle":135},{"time":56,"type":"mine","angle":112.5},{"time":56.5,"type":"mine","angle":90},{"time":57,"type":"mine","angle":67.5},{"time":57.5,"type":"mine","angle":45},{"time":58,"type":"mine","angle":22.5},{"time":58.5,"type":"mine","angle":0},{"time":59,"type":"mine","angle":337.5},{"time":59.5,"type":"mine","angle":315},{"time":60,"type":"mine","angle":292.5},{"time":60.5,"type":"mine","angle":270}]