{"events":[{"time":0,"bpm":252,"file":"KEYGEN.ogg","angle":337.5,"offset":0.079999998211861,"type":"play","volume":1},{"color":0,"b":170,"g":170,"angle":292.5,"time":0,"type":"setColor","r":255},{"color":0,"b":255,"g":255,"angle":315,"time":63.5,"type":"setColor","r":255},{"color":0,"g":255,"r":170,"ease":"linear","angle":315,"time":2,"b":255,"duration":1,"type":"setColor"},{"color":0,"g":170,"r":170,"ease":"linear","angle":315,"time":3,"b":255,"duration":1,"type":"setColor"},{"color":0,"g":170,"r":255,"ease":"linear","angle":315,"time":4,"b":255,"duration":1,"type":"setColor"},{"color":0,"g":170,"r":255,"ease":"linear","angle":315,"time":5,"b":170,"duration":1,"type":"setColor"},{"color":0,"g":255,"r":255,"ease":"linear","angle":315,"time":6,"b":170,"duration":1,"type":"setColor"},{"color":0,"g":255,"r":255,"ease":"linear","duration":1,"time":0.0010000000474975,"b":170,"angle":315,"type":"setColor"},{"color":0,"g":255,"r":170,"ease":"linear","duration":1,"time":1,"b":170,"angle":315,"type":"setColor"},{"color":0,"g":255,"r":170,"ease":"linear","angle":315,"time":8,"b":255,"duration":1,"type":"setColor"},{"color":0,"g":170,"r":170,"ease":"linear","angle":315,"time":9,"b":255,"duration":1,"type":"setColor"},{"color":0,"g":170,"r":255,"ease":"linear","angle":315,"time":10,"b":255,"duration":1,"type":"setColor"},{"color":0,"g":170,"r":255,"ease":"linear","angle":315,"time":11,"b":170,"duration":1,"type":"setColor"},{"color":0,"g":255,"r":255,"ease":"linear","duration":1,"time":12,"b":170,"angle":315,"type":"setColor"},{"color":0,"g":255,"r":170,"ease":"linear","duration":1,"time":7,"b":170,"angle":315,"type":"setColor"},{"color":0,"g":255,"r":170,"ease":"linear","angle":315,"time":14,"b":255,"duration":1,"type":"setColor"},{"color":0,"g":170,"r":170,"ease":"linear","angle":315,"time":15,"b":255,"duration":1,"type":"setColor"},{"color":0,"g":170,"r":255,"ease":"linear","angle":315,"time":16,"b":255,"duration":1,"type":"setColor"},{"color":0,"g":170,"r":255,"ease":"linear","angle":315,"time":17,"b":170,"duration":1,"type":"setColor"},{"color":0,"g":255,"r":255,"ease":"linear","duration":1,"time":18,"b":170,"angle":315,"type":"setColor"},{"color":0,"g":255,"r":170,"ease":"linear","duration":1,"time":13,"b":170,"angle":315,"type":"setColor"},{"color":0,"g":255,"r":170,"ease":"linear","angle":337.5,"time":20,"b":255,"duration":1,"type":"setColor"},{"color":0,"g":170,"r":170,"ease":"linear","angle":315,"time":21,"b":255,"duration":1,"type":"setColor"},{"color":0,"g":170,"r":255,"ease":"linear","angle":315,"time":22,"b":255,"duration":1,"type":"setColor"},{"color":0,"g":170,"r":255,"ease":"linear","angle":315,"time":23,"b":170,"duration":1,"type":"setColor"},{"color":0,"g":255,"r":255,"ease":"linear","duration":1,"time":24,"b":170,"angle":315,"type":"setColor"},{"color":0,"g":255,"r":170,"ease":"linear","duration":1,"time":19,"b":170,"angle":315,"type":"setColor"},{"color":0,"g":255,"r":170,"ease":"linear","angle":315,"time":26,"b":255,"duration":1,"type":"setColor"},{"color":0,"g":170,"r":170,"ease":"linear","angle":315,"time":27,"b":255,"duration":1,"type":"setColor"},{"color":0,"g":170,"r":255,"ease":"linear","angle":315,"time":28,"b":255,"duration":1,"type":"setColor"},{"color":0,"g":170,"r":255,"ease":"linear","angle":315,"time":29,"b":170,"duration":1,"type":"setColor"},{"color":0,"g":255,"r":255,"ease":"linear","duration":1,"time":30,"b":170,"angle":315,"type":"setColor"},{"color":0,"g":255,"r":170,"ease":"linear","duration":1,"time":25,"b":170,"angle":337.5,"type":"setColor"},{"color":0,"g":255,"r":170,"ease":"linear","angle":315,"time":32,"b":255,"duration":1,"type":"setColor"},{"color":0,"g":170,"r":170,"ease":"linear","angle":315,"time":33,"b":255,"duration":1,"type":"setColor"},{"color":0,"g":170,"r":255,"ease":"linear","angle":315,"time":34,"b":255,"duration":1,"type":"setColor"},{"color":0,"g":170,"r":255,"ease":"linear","angle":315,"time":35,"b":170,"duration":1,"type":"setColor"},{"color":0,"g":255,"r":255,"ease":"linear","duration":1,"time":36,"b":170,"angle":315,"type":"setColor"},{"color":0,"g":255,"r":170,"ease":"linear","duration":1,"time":31,"b":170,"angle":315,"type":"setColor"},{"color":0,"g":255,"r":170,"ease":"linear","angle":315,"time":38,"b":255,"duration":1,"type":"setColor"},{"color":0,"g":170,"r":170,"ease":"linear","angle":315,"time":39,"b":255,"duration":1,"type":"setColor"},{"color":0,"g":170,"r":255,"ease":"linear","angle":315,"time":40,"b":255,"duration":1,"type":"setColor"},{"color":0,"g":170,"r":255,"ease":"linear","angle":315,"time":41,"b":170,"duration":1,"type":"setColor"},{"color":0,"g":255,"r":255,"ease":"linear","duration":1,"time":42,"b":170,"angle":315,"type":"setColor"},{"color":0,"g":255,"r":170,"ease":"linear","duration":1,"time":37,"b":170,"angle":315,"type":"setColor"},{"color":0,"g":255,"r":170,"ease":"linear","angle":315,"time":44,"b":255,"duration":1,"type":"setColor"},{"color":0,"g":170,"r":170,"ease":"linear","angle":315,"time":45,"b":255,"duration":1,"type":"setColor"},{"color":0,"g":170,"r":255,"ease":"linear","angle":315,"time":46,"b":255,"duration":1,"type":"setColor"},{"color":0,"g":170,"r":255,"ease":"linear","angle":315,"time":47,"b":170,"duration":1,"type":"setColor"},{"color":0,"g":255,"r":255,"ease":"linear","duration":1,"time":48,"b":170,"angle":315,"type":"setColor"},{"color":0,"g":255,"r":170,"ease":"linear","duration":1,"time":43,"b":170,"angle":292.5,"type":"setColor"},{"color":0,"g":255,"r":170,"ease":"linear","angle":315,"time":50,"b":255,"duration":1,"type":"setColor"},{"color":0,"g":170,"r":170,"ease":"linear","angle":315,"time":51,"b":255,"duration":1,"type":"setColor"},{"color":0,"g":170,"r":255,"ease":"linear","angle":315,"time":52,"b":255,"duration":1,"type":"setColor"},{"color":0,"g":170,"r":255,"ease":"linear","angle":315,"time":53,"b":170,"duration":1,"type":"setColor"},{"color":0,"g":255,"r":255,"ease":"linear","duration":1,"time":54,"b":170,"angle":315,"type":"setColor"},{"color":0,"g":255,"r":170,"ease":"linear","duration":1,"time":49,"b":170,"angle":315,"type":"setColor"},{"color":0,"g":255,"r":170,"ease":"linear","angle":315,"time":56,"b":255,"duration":1,"type":"setColor"},{"color":0,"g":170,"r":170,"ease":"linear","angle":315,"time":57,"b":255,"duration":1,"type":"setColor"},{"color":0,"g":170,"r":255,"ease":"linear","angle":315,"time":58,"b":255,"duration":1,"type":"setColor"},{"color":0,"g":170,"r":255,"ease":"linear","angle":315,"time":59,"b":170,"duration":1,"type":"setColor"},{"color":0,"g":255,"r":255,"ease":"linear","duration":1,"time":60,"b":170,"angle":315,"type":"setColor"},{"color":0,"g":255,"r":170,"ease":"linear","duration":1,"time":55,"b":170,"angle":315,"type":"setColor"},{"angle":292.5,"type":"showResults","time":63.5},{"color":0,"g":255,"r":170,"ease":"linear","angle":337.5,"time":62,"b":255,"duration":1,"type":"setColor"},{"color":0,"g":170,"r":170,"ease":"linear","angle":315,"time":63,"b":255,"duration":1,"type":"setColor"},{"color":0,"g":255,"r":170,"ease":"linear","duration":1,"time":61,"b":170,"angle":315,"type":"setColor"}],"properties":{"speed":60,"offset":8,"formatversion":13},"metadata":{"artistLink":"","charter":"Random22","artist":"Toby Fox","bg":true,"songName":"KEYGEN","description":"[HOW EXQUISITE]! It's a [KEYGEN]!\n\nMechanics [UTILIZED!]: Sides, Mines","difficulty":2,"bgData":{"redChannel":{"r":162,"b":68,"g":50},"blueChannel":{"r":85,"b":150,"g":97},"greenChannel":{"r":123,"b":0,"g":130},"yellowChannel":{"r":229,"b":46,"g":221},"magentaChannel":{"r":148,"b":149,"g":111},"cyanChannel":{"r":107,"b":232,"g":191},"image":"THUMB.png"}}}