{"metadata":{"difficulty":5,"songName":"21st Century Humor But It's A Rave Song","bg":false,"artist":"R O C K Y","charter":"Random22","description":"Truly the level of all time\n\nMechanics used: Mines, Inverses, Sides","artistLink":""},"properties":{"speed":100,"formatversion":13,"offset":8},"events":[{"file":"21st Century Humor But It_'s A Rave Song (192kbps).ogg","time":0,"bpm":200,"offset":0.10000000149012,"angle":360,"type":"play","volume":1},{"time":0,"type":"ease","ease":"outSine","duration":4,"var":"scrollSpeed","angle":315,"value":0.40000000596046},{"time":52,"angle":315,"type":"ease","duration":2,"var":"scrollSpeed","ease":"outSine","value":0.30000001192093},{"time":54,"type":"ease","ease":"inSine","duration":2,"var":"scrollSpeed","angle":270,"value":1},{"time":84,"type":"ease","ease":"outSine","duration":2,"var":"scrollSpeed","angle":315,"value":0.30000001192093},{"time":86,"angle":270,"type":"ease","duration":2,"var":"scrollSpeed","ease":"inSine","value":1},{"time":119,"value":2.5,"var":"vfx.canvPos.sx","type":"ease","angle":225},{"time":119,"value":2.5,"var":"vfx.canvPos.sy","type":"ease","angle":202.5},{"time":119,"value":240,"var":"p.x","type":"ease","angle":180},{"time":119,"value":170,"var":"p.y","type":"ease","angle":157.5},{"enable":false,"angle":135,"var":"vfx.drawUI","type":"setBoolean","time":119},{"time":119,"type":"forcePlayerSprite","angle":247.5,"spriteName":"idle"},{"time":125,"value":1,"var":"vfx.canvPos.sx","type":"ease","angle":225},{"time":125,"value":1,"var":"vfx.canvPos.sy","type":"ease","angle":202.5},{"time":125,"value":300,"var":"p.x","type":"ease","angle":180},{"time":125,"value":180,"var":"p.y","type":"ease","angle":157.5},{"enable":true,"angle":135,"var":"vfx.drawUI","type":"setBoolean","time":125},{"time":125,"type":"forcePlayerSprite","angle":247.5,"spriteName":"idle"},{"time":124.125,"type":"forcePlayerSprite","angle":247.5,"spriteName":"miss"},{"y":192,"time":119,"angle":270,"sprite":"uh oh.png","type":"deco","id":"uh oh","x":320},{"g":255,"duration":1,"ease":"linear","time":121,"color":6,"b":255,"r":255,"angle":90,"type":"setColor"},{"g":149,"duration":1,"ease":"linear","time":121,"color":7,"b":149,"r":149,"angle":112.5,"type":"setColor"},{"time":125,"hide":true,"angle":270,"type":"deco","id":"uh oh"},{"time":0,"color":0,"chance":0.40000000596046,"angle":247.5,"type":"noise"},{"time":0,"angle":90,"type":"hom","enable":true},{"start":4,"duration":4,"var":"vfx.hwaves.strength","ease":"linear","time":0,"value":0.40000000596046,"angle":22.5,"type":"ease"},{"start":10,"duration":4,"var":"vfx.hwaves.period","ease":"linear","time":0,"value":0.40000000596046,"angle":45,"type":"ease"},{"time":0,"color":0,"type":"setColor","b":0,"r":0,"angle":225,"g":0},{"time":0,"color":1,"type":"setColor","b":255,"r":255,"angle":202.5,"g":255},{"time":119,"color":0,"type":"setColor","b":255,"r":255,"angle":292.5,"g":255},{"time":119,"color":1,"type":"setColor","b":0,"r":0,"angle":315,"g":0},{"time":116,"angle":270,"type":"hom","enable":false},{"time":116,"color":0,"chance":0,"type":"noise","angle":247.5},{"g":255,"duration":4.5,"ease":"inQuad","time":3,"color":0,"b":255,"r":255,"angle":315,"type":"setColor"},{"g":0,"duration":4.5,"ease":"inSine","time":3,"color":1,"b":0,"r":0,"angle":292.5,"type":"setColor"},{"time":4,"angle":270,"type":"ease","duration":4,"var":"scrollSpeed","ease":"inSine","value":1},{"time":8,"angle":315,"type":"hom","enable":false},{"time":8,"color":0,"chance":0,"type":"noise","angle":292.5},{"time":20,"color":0,"chance":0.40000000596046,"type":"noise","angle":225},{"time":20,"angle":90,"type":"hom","enable":true},{"time":20,"color":0,"type":"setColor","b":0,"r":0,"angle":202.5,"g":0},{"time":20,"color":1,"type":"setColor","b":255,"r":255,"angle":180,"g":255},{"time":25,"angle":337.5,"type":"hom","enable":false},{"time":25,"color":0,"chance":0,"type":"noise","angle":315},{"time":25,"color":0,"type":"setColor","b":255,"r":255,"angle":225,"g":255},{"time":25,"color":1,"type":"setColor","b":0,"r":0,"angle":202.5,"g":0},{"time":24,"angle":45,"var":"vfx.hwaves.strength","value":5,"type":"ease"},{"start":2,"duration":1,"var":"vfx.hwaves.period","ease":"linear","time":24,"value":30,"angle":22.5,"type":"ease"},{"time":24,"color":1,"type":"setColor","b":255,"r":255,"angle":315,"g":255},{"time":24,"color":0,"type":"setColor","b":0,"r":255,"angle":337.5,"g":0},{"time":25,"value":0,"var":"vfx.hwaves.strength","type":"ease","angle":45},{"time":25,"value":0,"var":"vfx.hwaves.period","type":"ease","angle":22.5},{"time":41,"angle":337.5,"type":"hom","enable":false},{"time":41,"color":0,"chance":0,"angle":247.5,"type":"noise"},{"time":40,"color":0,"type":"setColor","b":146,"r":206,"angle":180,"g":28},{"time":40,"color":1,"g":255,"angle":157.5,"r":255,"type":"setColor","b":255},{"time":39,"color":0,"chance":0.60000002384186,"type":"noise","angle":292.5},{"start":8,"duration":2,"var":"vfx.hwaves.strength","ease":"linear","time":39,"value":5,"angle":45,"type":"ease"},{"start":1,"duration":2,"var":"vfx.hwaves.period","ease":"linear","time":39,"value":17,"angle":22.5,"type":"ease"},{"time":39,"color":1,"type":"setColor","b":255,"r":255,"angle":202.5,"g":255},{"time":39,"color":0,"type":"setColor","b":210,"r":92,"angle":225,"g":105},{"time":41,"value":0,"var":"vfx.hwaves.strength","angle":67.5,"type":"ease"},{"time":41,"color":0,"type":"setColor","b":255,"r":255,"angle":157.5,"g":255},{"time":41,"color":1,"type":"setColor","b":0,"r":0,"angle":135,"g":0},{"time":52,"color":0,"chance":0.40000000596046,"type":"noise","angle":270},{"time":52,"angle":157.5,"type":"hom","enable":true},{"start":4,"duration":4,"var":"vfx.hwaves.strength","value":0,"time":52,"angle":22.5,"type":"ease","ease":"outSine"},{"start":2,"duration":4,"var":"vfx.hwaves.period","value":30,"time":52,"angle":45,"type":"ease","ease":"outSine"},{"time":52,"color":0,"type":"setColor","b":0,"r":0,"angle":247.5,"g":0},{"time":52,"color":1,"type":"setColor","b":255,"r":255,"angle":225,"g":255},{"time":24,"angle":157.5,"type":"hom","enable":true},{"time":25,"angle":180,"type":"hom","enable":false},{"time":24,"color":0,"chance":0.60000002384186,"angle":292.5,"type":"noise"},{"time":52,"value":1,"var":"vfx.homCanvPos.sx","angle":135,"type":"ease"},{"time":52,"value":1,"var":"vfx.homCanvPos.sy","angle":90,"type":"ease"},{"time":41,"value":0,"var":"vfx.hwaves.period","angle":45,"type":"ease"},{"time":39,"angle":315,"type":"hom","enable":true},{"time":57,"color":0,"type":"setColor","b":255,"r":255,"angle":292.5,"g":255},{"time":57,"color":1,"type":"setColor","b":0,"r":0,"angle":270,"g":0},{"time":56,"color":1,"type":"setColor","b":255,"r":255,"angle":382.5,"g":255},{"time":56,"color":0,"type":"setColor","b":245,"r":153,"angle":405,"g":6},{"time":72,"color":0,"type":"setColor","b":18,"r":84,"angle":292.5,"g":199},{"time":72,"color":1,"type":"setColor","b":255,"r":255,"angle":270,"g":255},{"g":255,"color":1,"time":71,"b":255,"r":255,"type":"setColor","angle":247.5},{"time":71,"color":0,"g":185,"angle":270,"r":17,"b":179,"type":"setColor"},{"time":73,"color":0,"type":"setColor","b":255,"r":255,"angle":157.5,"g":255},{"time":73,"color":1,"type":"setColor","b":0,"r":0,"angle":135,"g":0},{"time":57,"color":0,"chance":0,"angle":315,"type":"noise"},{"time":73,"color":0,"chance":0,"angle":315,"type":"noise"},{"time":71,"color":0,"chance":0.60000002384186,"angle":67.5,"type":"noise"},{"time":56,"color":0,"chance":0.60000002384186,"type":"noise","angle":292.5},{"time":56,"angle":112.5,"var":"vfx.hwaves.strength","type":"ease","value":5},{"start":2,"duration":1,"var":"vfx.hwaves.period","ease":"linear","time":56,"value":30,"angle":90,"type":"ease"},{"time":57,"angle":112.5,"var":"vfx.hwaves.strength","value":0,"type":"ease"},{"time":57,"value":0,"var":"vfx.hwaves.period","type":"ease","angle":90},{"start":8,"duration":2,"var":"vfx.hwaves.strength","value":1,"time":71,"angle":0,"type":"ease","ease":"linear"},{"start":1,"duration":2,"var":"vfx.hwaves.period","value":17,"time":71,"angle":337.5,"type":"ease","ease":"linear"},{"time":73,"angle":67.5,"var":"vfx.hwaves.strength","type":"ease","value":0},{"time":73,"type":"ease","var":"vfx.hwaves.period","value":0,"angle":112.5},{"time":57,"angle":337.5,"type":"hom","enable":false},{"time":71,"angle":157.5,"type":"hom","enable":true},{"time":73,"angle":247.5,"type":"hom","enable":false},{"time":84,"angle":315,"type":"ease","duration":2,"var":"scrollSpeed","value":0.30000001192093,"ease":"outSine"},{"time":80,"color":0,"chance":0.20000000298023,"angle":135,"type":"noise"},{"time":80,"angle":180,"type":"hom","enable":true},{"start":4,"duration":4,"var":"vfx.hwaves.strength","ease":"outSine","time":84,"angle":22.5,"type":"ease","value":0},{"start":2,"duration":4,"var":"vfx.hwaves.period","ease":"outSine","time":84,"angle":45,"type":"ease","value":30},{"time":84,"color":0,"g":0,"angle":247.5,"r":0,"type":"setColor","b":0},{"time":84,"value":1,"var":"vfx.homCanvPos.sx","angle":112.5,"type":"ease"},{"time":84,"value":1,"var":"vfx.homCanvPos.sy","angle":90,"type":"ease"},{"g":255,"color":0,"time":89,"b":255,"r":255,"angle":225,"type":"setColor"},{"time":89,"color":1,"type":"setColor","b":0,"r":0,"angle":202.5,"g":0},{"time":88,"color":0,"g":192,"angle":337.5,"r":164,"type":"setColor","b":55},{"time":104,"color":0,"type":"setColor","b":53,"r":21,"angle":180,"g":179},{"time":103,"color":1,"g":255,"angle":225,"r":255,"type":"setColor","b":255},{"time":103,"color":0,"g":60,"angle":247.5,"r":172,"b":165,"type":"setColor"},{"time":105,"color":0,"g":255,"angle":157.5,"r":255,"type":"setColor","b":255},{"time":105,"color":1,"type":"setColor","b":0,"r":0,"angle":135,"g":0},{"time":89,"color":0,"chance":0,"angle":292.5,"type":"noise"},{"time":105,"color":0,"chance":0,"type":"noise","angle":247.5},{"time":103,"color":0,"chance":0.60000002384186,"angle":337.5,"type":"noise"},{"time":88,"color":0,"chance":0.60000002384186,"angle":292.5,"type":"noise"},{"g":87,"color":0,"time":106,"b":1,"r":212,"angle":202.5,"type":"setColor"},{"time":106,"color":1,"type":"setColor","b":255,"r":255,"angle":180,"g":255},{"time":107,"color":0,"type":"setColor","b":255,"r":255,"angle":180,"g":255},{"time":107,"color":1,"type":"setColor","b":0,"r":0,"angle":157.5,"g":0},{"time":108,"color":0,"angle":180,"b":165,"r":0,"type":"setColor","g":147},{"time":108,"color":1,"type":"setColor","b":255,"r":255,"angle":157.5,"g":255},{"time":109,"color":0,"g":255,"angle":157.5,"r":255,"type":"setColor","b":255},{"time":109,"color":1,"type":"setColor","b":0,"r":0,"angle":135,"g":0},{"time":111,"color":0,"angle":157.5,"type":"setColor","r":255,"b":255,"g":255},{"time":111,"color":1,"g":0,"angle":135,"r":0,"type":"setColor","b":0},{"time":112,"color":0,"g":156,"angle":135,"r":2,"type":"setColor","b":180},{"time":112,"color":1,"g":255,"type":"setColor","r":255,"angle":157.5,"b":255},{"time":113,"color":0,"g":13,"angle":135,"r":204,"type":"setColor","b":35},{"time":114,"color":0,"g":198,"type":"setColor","r":44,"angle":157.5,"b":127},{"time":115,"color":0,"g":148,"angle":157.5,"r":215,"type":"setColor","b":25},{"time":116,"color":0,"g":0,"angle":157.5,"r":0,"type":"setColor","b":0},{"time":116,"color":1,"g":255,"b":255,"r":255,"angle":135,"type":"setColor"},{"time":89,"angle":0,"type":"hom","enable":false},{"time":103,"angle":157.5,"type":"hom","enable":true},{"time":105,"angle":90,"type":"hom","enable":false},{"time":106,"angle":112.5,"type":"hom","enable":true},{"time":107,"angle":112.5,"type":"hom","enable":false},{"time":108,"angle":135,"type":"hom","enable":true},{"time":109,"angle":112.5,"type":"hom","enable":false},{"time":110,"angle":135,"type":"hom","enable":true},{"time":111,"angle":112.5,"type":"hom","enable":false},{"time":112,"angle":112.5,"type":"hom","enable":true},{"time":107,"color":0,"chance":0,"angle":360,"type":"noise"},{"time":106,"color":0,"chance":0.60000002384186,"angle":337.5,"type":"noise"},{"time":109,"color":0,"chance":0,"angle":315,"type":"noise"},{"time":108,"color":0,"chance":0.60000002384186,"angle":292.5,"type":"noise"},{"time":111,"color":0,"chance":0,"angle":315,"type":"noise"},{"time":110,"color":0,"chance":0.60000002384186,"angle":292.5,"type":"noise"},{"time":112,"color":0,"chance":0.69999998807907,"angle":315,"type":"noise"},{"time":88,"type":"ease","var":"vfx.hwaves.strength","value":5,"angle":112.5},{"start":2,"duration":1,"var":"vfx.hwaves.period","ease":"linear","time":88,"value":30,"angle":90,"type":"ease"},{"time":89,"angle":112.5,"var":"vfx.hwaves.strength","value":0,"type":"ease"},{"time":89,"angle":90,"var":"vfx.hwaves.period","value":0,"type":"ease"},{"start":8,"duration":2,"var":"vfx.hwaves.strength","value":1,"time":103,"ease":"linear","angle":67.5,"type":"ease"},{"start":1,"duration":2,"var":"vfx.hwaves.period","value":17,"time":103,"ease":"linear","angle":45,"type":"ease"},{"time":105,"value":0,"var":"vfx.hwaves.strength","angle":135,"type":"ease"},{"time":105,"type":"ease","var":"vfx.hwaves.period","value":0,"angle":112.5},{"time":106,"value":5,"var":"vfx.hwaves.strength","angle":90,"type":"ease"},{"start":2,"duration":1,"var":"vfx.hwaves.period","value":30,"time":106,"ease":"linear","angle":67.5,"type":"ease"},{"time":107,"value":0,"var":"vfx.hwaves.strength","type":"ease","angle":90},{"time":107,"type":"ease","var":"vfx.hwaves.period","angle":67.5,"value":0},{"time":108,"type":"ease","var":"vfx.hwaves.strength","value":5,"angle":247.5},{"start":2,"duration":1,"var":"vfx.hwaves.period","value":30,"time":108,"ease":"linear","angle":225,"type":"ease"},{"time":109,"value":0,"var":"vfx.hwaves.strength","type":"ease","angle":247.5},{"time":109,"type":"ease","var":"vfx.hwaves.period","angle":225,"value":0},{"time":110,"value":5,"var":"vfx.hwaves.strength","angle":90,"type":"ease"},{"start":2,"duration":1,"var":"vfx.hwaves.period","value":30,"time":110,"ease":"linear","angle":67.5,"type":"ease"},{"time":111,"value":0,"var":"vfx.hwaves.strength","type":"ease","angle":90},{"time":111,"type":"ease","var":"vfx.hwaves.period","angle":67.5,"value":0},{"time":80,"color":0,"type":"setColor","b":207,"r":13,"angle":247.5,"g":54},{"time":80,"color":1,"g":255,"angle":225,"r":255,"b":255,"type":"setColor"},{"time":81,"color":0,"g":184,"angle":247.5,"r":224,"type":"setColor","b":41},{"time":82,"color":0,"type":"setColor","b":63,"r":178,"angle":247.5,"g":36},{"time":81,"color":1,"g":255,"angle":225,"r":255,"b":255,"type":"setColor"},{"time":83,"color":0,"type":"setColor","b":135,"r":125,"angle":247.5,"g":192},{"time":110,"color":0,"angle":180,"b":115,"r":241,"type":"setColor","g":83},{"time":110,"color":1,"type":"setColor","b":255,"r":255,"angle":157.5,"g":255}]}