[{"time":1,"type":"block","angle":157.5},{"time":1.5,"type":"block","angle":225},{"time":1.75,"type":"block","angle":247.5},{"time":0.75,"type":"block","angle":135},{"time":-0,"type":"side","angle":22.5},{"time":0.5,"type":"side","angle":90},{"time":0.25,"type":"block","angle":67.5},{"time":1.25,"type":"side","angle":202.5},{"time":2,"type":"side","angle":270},{"time":2.25,"type":"block","angle":315},{"time":2.5,"type":"block","angle":337.5},{"time":2.75,"type":"side","angle":22.5},{"time":3,"type":"block","angle":45},{"time":3.25,"type":"block","angle":67.5},{"time":3.5,"angle2":135,"type":"hold","duration":0.25,"angle":112.5},{"time":4,"type":"block","angle":180},{"time":4.25,"type":"block","angle":202.5},{"time":4.5,"type":"side","angle":225},{"time":4.75,"type":"block","angle":247.5},{"time":5,"type":"block","angle":292.5},{"time":5.25,"type":"side","angle":315},{"time":5.5,"type":"block","angle":0},{"time":6,"type":"side","angle":56.25},{"time":6.25,"type":"side","angle":33.75},{"time":6.5,"type":"side","angle":56.25},{"time":6.75,"type":"side","angle":33.75},{"time":7,"type":"side","angle":56.25},{"time":7.25,"type":"side","angle":33.75},{"time":7.5,"type":"side","angle":56.25},{"time":5.75,"type":"side","angle":33.75},{"time":7.75,"type":"side","angle":33.75},{"time":8,"type":"side","angle":56.25},{"time":8.25,"type":"block","angle":22.5},{"time":8.5,"type":"block","angle":0},{"time":8.75,"type":"side","angle":315},{"time":9,"type":"block","angle":292.5},{"time":9.25,"type":"block","angle":270},{"time":9.5,"angle2":225,"type":"hold","duration":0.25,"angle":247.5},{"time":10,"type":"block","angle":180},{"time":10.25,"type":"block","angle":157.5},{"time":10.5,"type":"side","angle":135},{"time":10.75,"type":"block","angle":90},{"time":11,"type":"side","angle":67.5},{"time":11.25,"type":"block","angle":45},{"time":11.5,"type":"side","angle":22.5},{"time":11.75,"type":"block","angle":360},{"time":12,"type":"side","angle":315},{"time":12.25,"type":"block","angle":292.5},{"time":12.5,"type":"block","angle":270},{"time":12.75,"type":"side","angle":225},{"time":13,"type":"block","angle":202.5},{"time":13.25,"type":"block","angle":180},{"time":13.5,"angle2":112.5,"type":"hold","duration":0.25,"angle":135},{"time":14,"type":"block","angle":90},{"time":14.25,"type":"block","angle":67.5},{"time":14.5,"type":"side","angle":45},{"time":14.75,"type":"side","angle":67.5},{"time":15,"type":"side","angle":45},{"time":15.25,"type":"side","angle":67.5},{"time":15.5,"type":"side","angle":45},{"time":15.75,"type":"side","angle":67.5},{"time":16,"type":"block","angle":33.75},{"time":16.25,"type":"side","angle":56.25},{"time":16.5,"type":"block","angle":90},{"time":16.75,"type":"side","angle":112.5},{"time":17,"type":"block","angle":135},{"time":17.25,"type":"block","angle":180},{"time":17.5,"angle2":225,"type":"hold","duration":0.25,"angle":202.5},{"time":18,"type":"block","angle":247.5},{"time":18.25,"type":"side","angle":292.5},{"time":18.5,"type":"block","angle":315},{"time":18.75,"type":"block","angle":337.5},{"time":19,"type":"side","angle":22.5},{"time":19.25,"type":"block","angle":45},{"time":19.5,"type":"block","angle":67.5},{"time":19.75,"angle2":112.5,"type":"hold","duration":0.25,"angle":90},{"time":20.25,"type":"block","angle":135},{"time":20.5,"type":"block","angle":180},{"time":20.75,"type":"side","angle":202.5},{"time":21,"type":"block","angle":225},{"time":21.25,"type":"block","angle":247.5},{"time":21.5,"type":"side","angle":292.5},{"time":21.75,"type":"block","angle":315},{"time":22,"type":"side","angle":337.5},{"time":22.25,"type":"side","angle":315},{"time":22.5,"type":"side","angle":337.5},{"time":22.75,"type":"side","angle":315},{"time":23,"type":"side","angle":337.5},{"time":23.25,"type":"side","angle":315},{"time":23.5,"type":"side","angle":337.5},{"time":23.75,"type":"side","angle":315},{"time":24,"type":"side","angle":337.5},{"time":24.25,"type":"side","angle":315},{"time":24.5,"type":"block","angle":315},{"time":24.75,"type":"block","angle":292.5},{"time":25,"type":"side","angle":270},{"time":25.5,"type":"block","angle":202.5},{"time":25.25,"type":"block","angle":247.5},{"time":25.75,"angle2":157.5,"type":"hold","duration":0.25,"angle":180},{"time":26.25,"type":"block","angle":112.5},{"time":26.5,"type":"block","angle":90},{"time":26.75,"type":"side","angle":67.5},{"time":27,"type":"block","angle":45},{"time":27.25,"type":"side","angle":22.5},{"time":27.5,"type":"block","angle":337.5},{"time":27.75,"type":"side","angle":315},{"time":28,"type":"block","angle":270},{"time":28.25,"type":"side","angle":247.5},{"time":28.5,"type":"block","angle":225},{"time":28.75,"type":"block","angle":202.5},{"time":29,"type":"side","angle":180},{"time":29.25,"type":"block","angle":157.5},{"time":29.5,"type":"block","angle":135},{"time":29.75,"angle2":67.5,"type":"hold","duration":0.25,"angle":90},{"time":30.25,"type":"side","angle":22.5},{"time":30.5,"type":"side","angle":337.5},{"time":30.75,"type":"side","angle":292.5},{"time":31,"type":"side","angle":247.5},{"time":31.25,"type":"side","angle":202.5},{"time":31.5,"type":"side","angle":157.5},{"time":31.75,"type":"side","angle":112.5},{"time":32,"type":"side","angle":67.5},{"time":32.25,"type":"side","angle":22.5},{"time":32.5,"type":"side","angle":337.5},{"time":32.75,"type":"block","angle":315},{"time":33,"type":"block","angle":292.5},{"time":33.25,"type":"block","angle":270},{"time":33.5,"type":"side","angle":247.5},{"time":33.75,"type":"block","angle":225},{"time":34,"type":"block","angle":180},{"time":34.25,"type":"side","angle":157.5},{"time":34.5,"type":"block","angle":135},{"time":34.75,"type":"block","angle":112.5},{"time":35,"angle2":67.5,"type":"hold","duration":0.25,"angle":90},{"time":35.5,"type":"block","angle":22.5},{"time":35.75,"type":"block","angle":360},{"time":36,"type":"side","angle":337.5},{"time":36.25,"type":"block","angle":315},{"time":36.5,"type":"block","angle":292.5},{"time":36.75,"type":"block","angle":247.5},{"time":37,"angle2":202.5,"type":"hold","duration":0.25,"angle":225},{"time":37.5,"type":"block","angle":180},{"time":40.75,"angle2":225,"type":"hold","duration":0.25,"angle":202.5},{"time":38,"type":"side","angle":112.5},{"time":38.5,"type":"side","angle":112.5},{"time":39,"type":"side","angle":112.5},{"time":38.25,"type":"side","angle":135},{"time":38.75,"type":"side","angle":135},{"time":39.25,"type":"side","angle":135},{"time":37.75,"type":"side","angle":135},{"time":39.5,"type":"side","angle":112.5},{"time":39.75,"type":"side","angle":135},{"time":40,"type":"side","angle":112.5},{"time":40.25,"type":"block","angle":157.5},{"time":40.5,"type":"block","angle":180},{"time":41.25,"type":"block","angle":270},{"time":41.5,"type":"block","angle":292.5},{"time":41.75,"type":"side","angle":315},{"time":42,"type":"block","angle":360},{"time":42.25,"type":"side","angle":22.5},{"time":42.5,"type":"block","angle":45},{"time":42.75,"type":"side","angle":67.5},{"time":43,"type":"block","angle":90},{"time":43.25,"type":"side","angle":135},{"time":43.5,"type":"block","angle":157.5},{"time":43.75,"type":"block","angle":180},{"time":44,"type":"side","angle":202.5},{"time":44.25,"type":"block","angle":247.5},{"time":44.5,"type":"block","angle":270},{"time":44.75,"angle2":315,"type":"hold","duration":0.25,"angle":292.5},{"time":45.25,"type":"block","angle":0},{"time":45.5,"type":"side","angle":22.5},{"time":45.75,"type":"side","angle":45},{"time":46,"type":"side","angle":22.5},{"time":46.25,"type":"side","angle":45},{"time":46.5,"type":"side","angle":22.5},{"time":46.75,"type":"side","angle":45},{"time":47,"type":"side","angle":22.5},{"time":47.25,"type":"block","angle":0},{"time":47.5,"type":"block","angle":337.5},{"time":47.75,"type":"side","angle":315},{"time":48,"type":"block","angle":270},{"time":48.25,"type":"block","angle":247.5},{"time":48.5,"angle2":180,"type":"hold","duration":0.25,"angle":202.5},{"time":49,"type":"block","angle":157.5},{"time":49.25,"type":"side","angle":112.5},{"time":49.5,"type":"block","angle":90},{"time":49.75,"type":"block","angle":67.5},{"time":50,"type":"side","angle":45},{"time":50.25,"type":"block","angle":22.5},{"time":50.5,"type":"block","angle":337.5},{"time":50.75,"angle2":292.5,"type":"hold","duration":0.25,"angle":315},{"time":51.25,"type":"block","angle":247.5},{"time":51.5,"type":"block","angle":225},{"time":51.75,"type":"side","angle":202.5},{"time":52,"type":"block","angle":180},{"time":52.25,"type":"block","angle":135},{"time":52.5,"type":"side","angle":112.5},{"time":52.75,"type":"block","angle":90},{"time":53,"angle2":22.5,"type":"hold","duration":0.25,"angle":45},{"time":53.5,"type":"block","angle":0},{"time":53.75,"type":"side","angle":337.5},{"time":54,"type":"side","angle":315},{"time":54.25,"type":"side","angle":337.5},{"time":54.5,"type":"side","angle":315},{"time":54.75,"type":"side","angle":337.5},{"time":55,"type":"side","angle":315},{"time":55.25,"type":"side","angle":337.5},{"time":55.5,"type":"side","angle":315},{"time":55.75,"type":"side","angle":337.5},{"time":56,"type":"side","angle":315},{"time":56.25,"type":"block","angle":0},{"time":56.5,"type":"block","angle":22.5},{"time":56.75,"angle2":67.5,"type":"hold","duration":0.25,"angle":45},{"time":57.25,"type":"block","angle":90},{"time":57.5,"type":"block","angle":135},{"time":57.75,"type":"side","angle":157.5},{"time":58,"type":"block","angle":180},{"time":58.25,"type":"side","angle":225},{"time":58.5,"type":"block","angle":247.5},{"time":58.75,"type":"side","angle":270},{"time":59,"type":"block","angle":292.5},{"time":59,"type":"block","angle":337.5},{"time":59.25,"type":"block","angle":360},{"time":59.5,"type":"block","angle":22.5},{"time":59.75,"type":"block","angle":45},{"time":60,"type":"block","angle":67.5},{"time":60.25,"type":"block","angle":90},{"time":60.5,"type":"block","angle":135},{"time":60.625,"type":"block","angle":157.5},{"time":60.75,"type":"block","angle":180},{"time":60.875,"type":"block","angle":202.5},{"time":61,"type":"block","angle":225},{"time":61.125,"type":"block","angle":247.5},{"time":61.25,"type":"block","angle":270},{"time":61.375,"type":"block","angle":292.5},{"time":61.5,"type":"block","angle":315},{"time":61.625,"type":"block","angle":337.5},{"time":61.75,"type":"block","angle":0},{"time":61.875,"type":"block","angle":22.5},{"time":62,"type":"block","angle":45},{"time":64,"type":"block","angle":45},{"time":62.125,"type":"side","angle":90},{"time":62.25,"type":"side","angle":135},{"time":62.375,"type":"side","angle":180},{"time":62.5,"type":"side","angle":225},{"time":62.625,"type":"side","angle":270},{"time":62.75,"type":"side","angle":315},{"time":62.875,"type":"side","angle":360},{"time":63,"type":"side","angle":45},{"time":63.125,"type":"side","angle":90},{"time":63.25,"type":"side","angle":135},{"time":63.375,"type":"side","angle":180},{"time":63.5,"type":"side","angle":225},{"time":63.625,"type":"side","angle":270},{"time":63.75,"type":"side","angle":315},{"time":63.875,"type":"side","angle":360},{"time":62,"angle2":900,"type":"mineHold","duration":1.875,"angle":270},{"time":-0,"speedMult":2,"type":"extraTap","angle":45},{"time":16,"speedMult":2,"type":"extraTap","angle":22.5},{"time":18,"speedMult":2,"type":"extraTap","angle":157.5},{"time":32,"speedMult":2,"type":"extraTap","angle":45},{"time":48,"speedMult":2,"type":"extraTap","angle":225},{"time":50,"speedMult":2,"type":"extraTap","angle":67.5},{"time":70,"type":"block","angle":135},{"time":70.5,"type":"block","angle":225},{"time":71,"speedMult":1.2999999523163,"type":"block","angle":45},{"time":71.5,"type":"block","angle":292.5},{"time":72,"speedMult":1.2000000476837,"type":"side","angle":247.5},{"time":72.5,"type":"block","angle":150},{"time":73,"angle2":15,"type":"hold","duration":0.5,"angle":60},{"time":74,"angle2":150,"type":"hold","duration":0.5,"angle":105},{"time":75,"speedMult":0.80000001192093,"type":"block","angle":60},{"time":76,"type":"block","angle":150},{"time":76.5,"type":"block","angle":120},{"time":75.5,"speedMult":1.2999999523163,"type":"side","angle":255},{"time":77,"type":"side","angle":45},{"time":77.5,"type":"block","angle":330},{"time":78,"type":"side","angle":258.75},{"time":78.25,"type":"side","angle":213.75},{"time":78.5,"type":"side","angle":168.75},{"time":78.75,"type":"side","angle":123.75},{"time":79,"type":"side","angle":78.75},{"time":79.125,"type":"side","angle":45},{"time":79.25,"type":"side","angle":0},{"time":79.375,"type":"side","angle":303.75},{"time":79.5,"type":"side","angle":258.75},{"time":79.625,"type":"side","angle":202.5},{"time":80,"type":"block","angle":146.25},{"time":80.5,"type":"block","angle":225},{"time":81,"angle2":326.25,"type":"hold","duration":0.5,"angle":281.25},{"time":82,"type":"block","angle":11.25},{"time":82.5,"type":"block","angle":360},{"time":83,"type":"side","angle":315},{"time":83.5,"type":"block","angle":236.25},{"time":84,"angle2":67.5,"type":"hold","duration":0.5,"angle":123.75},{"time":85,"type":"block","angle":371.25},{"time":85.5,"type":"block","angle":112.5},{"time":86,"type":"side","angle":146.25},{"time":86.25,"type":"side","angle":168.75},{"time":86.5,"type":"side","angle":146.25},{"time":86.75,"type":"side","angle":168.75},{"time":87,"type":"side","angle":146.25},{"time":87.25,"type":"side","angle":168.75},{"time":87.5,"type":"side","angle":146.25},{"time":88,"type":"block","angle":191.25},{"time":88.5,"type":"side","angle":236.25},{"time":89,"angle2":315,"type":"hold","duration":0.5,"angle":281.25},{"time":90,"type":"block","angle":348.75},{"time":90.5,"type":"block","angle":326.25},{"time":91,"type":"side","angle":247.5},{"time":91.5,"type":"block","angle":112.5},{"time":92,"type":"block","angle":78.75},{"time":92.5,"type":"block","angle":33.75},{"time":93,"angle2":112.5,"type":"hold","duration":0.5,"angle":67.5},{"time":94,"type":"side","angle":157.5},{"time":94.25,"type":"side","angle":180},{"time":94.5,"type":"side","angle":210},{"time":94.75,"type":"side","angle":240},{"time":95,"type":"side","angle":270},{"time":95.25,"type":"side","angle":300},{"time":95.5,"type":"side","angle":330},{"time":95.75,"type":"side","angle":0},{"time":96,"type":"side","angle":30},{"time":96.25,"type":"side","angle":60},{"time":96.5,"type":"block","angle":78.75},{"time":97,"type":"block","angle":112.5},{"time":97.5,"angle2":11.25,"type":"hold","duration":0.5,"angle":56.25},{"time":98.5,"type":"block","angle":315},{"time":99,"type":"block","angle":202.5},{"time":99.5,"type":"side","angle":146.25},{"time":100,"type":"block","angle":90},{"time":100.5,"type":"block","angle":135},{"time":101,"angle2":157.5,"type":"hold","duration":0.5,"angle":202.5},{"time":102.25,"type":"side","angle":90},{"time":102.5,"type":"side","angle":105},{"time":102,"type":"side","angle":105},{"time":102.75,"type":"side","angle":90},{"time":103,"type":"side","angle":105},{"time":103.25,"type":"side","angle":90},{"time":103.5,"type":"side","angle":105},{"time":103.75,"type":"side","angle":90},{"time":104,"type":"side","angle":105},{"time":104.5,"type":"side","angle":67.5},{"time":105,"type":"block","angle":45},{"time":105.5,"angle2":258.75,"type":"hold","duration":0.5,"angle":303.75},{"time":106.5,"type":"block","angle":225},{"time":107,"type":"side","angle":270},{"time":107.5,"type":"block","angle":315},{"time":108,"type":"block","angle":0},{"time":108.5,"type":"block","angle":45},{"time":109,"angle2":67.5,"type":"hold","duration":0.5,"angle":90},{"time":110,"type":"side","angle":45},{"time":110.25,"type":"side","angle":30},{"time":110.5,"type":"side","angle":0},{"time":110.75,"type":"side","angle":330},{"time":111,"type":"side","angle":300},{"time":111.25,"type":"side","angle":270},{"time":111.5,"type":"side","angle":240},{"time":111.75,"type":"side","angle":210},{"time":112.5,"type":"block","angle":123.75},{"time":112,"type":"block","angle":180},{"time":112.5,"type":"block","angle":123.75},{"time":113,"type":"side","angle":157.5},{"time":113.5,"angle2":270,"type":"hold","duration":0.5,"angle":225},{"time":114.5,"type":"block","angle":303.75},{"time":115,"type":"block","angle":22.5},{"time":116,"type":"block","angle":202.5},{"time":115.5,"type":"side","angle":123.75},{"time":116.5,"angle2":270,"type":"hold","duration":0.5,"angle":247.5},{"time":117.5,"angle2":191.25,"type":"hold","duration":0.5,"angle":225},{"time":118.25,"speedMult":0.89999997615814,"type":"side","angle":180},{"time":118.5,"speedMult":0.94999998807907,"type":"side","angle":195},{"time":118.75,"type":"side","angle":180},{"time":119,"type":"side","angle":195},{"time":119.25,"type":"side","angle":180},{"time":119.5,"type":"side","angle":195},{"time":119.75,"type":"side","angle":180},{"time":120.5,"angle2":90,"type":"hold","duration":0.5,"angle":123.75},{"time":121.5,"type":"side","angle":67.5},{"time":122,"type":"block","angle":33.75},{"time":122.5,"type":"block","angle":348.75},{"time":123,"type":"block","angle":281.25},{"time":123.5,"type":"block","angle":315},{"time":124,"type":"side","angle":0},{"time":124.5,"type":"block","angle":123.75},{"time":125,"type":"block","angle":202.5},{"time":125.5,"type":"block","angle":247.5},{"time":126,"type":"side","angle":292.5},{"time":126.25,"type":"side","angle":315},{"time":126.5,"type":"side","angle":337.5},{"time":126.75,"type":"side","angle":0},{"time":127,"type":"side","angle":22.5},{"time":127.25,"type":"side","angle":45},{"time":127.5,"type":"side","angle":67.5},{"time":127.75,"type":"side","angle":90},{"time":128,"type":"side","angle":112.5},{"time":128.5,"type":"block","angle":146.25},{"time":129,"type":"block","angle":191.25},{"time":129.5,"angle2":202.5,"type":"hold","duration":0.5,"angle":225},{"time":130.5,"type":"block","angle":157.5},{"time":131.5,"type":"block","angle":22.5},{"time":131,"type":"side","angle":78.75},{"time":132.5,"type":"block","angle":292.5},{"time":133.5,"type":"block","angle":202.5},{"time":134,"angle2":123.75,"type":"hold","duration":0.25,"angle":157.5},{"time":134.75,"type":"block","angle":180},{"time":135.25,"angle2":258.75,"type":"hold","duration":0.25,"angle":236.25},{"time":135.5,"angle2":281.25,"type":"hold","duration":0.25,"angle":258.75},{"time":132,"type":"side","angle":337.5},{"time":132.25,"type":"block","angle":315},{"time":133,"type":"side","angle":247.5},{"time":133.25,"type":"block","angle":225},{"time":134.5,"type":"block","angle":157.5},{"time":135,"type":"side","angle":213.75},{"time":136,"type":"block","angle":300},{"time":136.75,"angle2":390,"type":"hold","duration":0.25,"angle":360},{"time":137.75,"angle2":120,"type":"hold","duration":0.25,"angle":90},{"time":138.75,"angle2":210,"type":"hold","duration":0.25,"angle":180},{"time":139.75,"angle2":300,"type":"hold","duration":0.25,"angle":270},{"time":140.75,"angle2":30,"type":"hold","duration":0.25,"angle":0},{"time":141.75,"angle2":90,"type":"hold","duration":0.25,"angle":60},{"time":142.75,"angle2":150,"type":"hold","duration":0.25,"angle":120},{"time":143.75,"angle2":210,"type":"hold","duration":0.25,"angle":180},{"time":144.75,"angle2":300,"type":"hold","duration":0.25,"angle":270},{"time":145.75,"angle2":30,"type":"hold","duration":0.25,"angle":0},{"time":146.75,"angle2":120,"type":"hold","duration":0.25,"angle":90},{"time":147.75,"angle2":180,"type":"hold","duration":0.25,"angle":150},{"time":148.75,"angle2":270,"type":"hold","duration":0.25,"angle":240},{"time":149.75,"angle2":360,"type":"hold","duration":0.25,"angle":330},{"time":150.75,"angle2":360,"type":"hold","duration":0.25,"angle":330},{"time":151.75,"angle2":360,"type":"hold","duration":0.25,"angle":330},{"time":152.75,"angle2":90,"type":"hold","duration":0.25,"angle":60},{"time":153.75,"angle2":180,"type":"hold","duration":0.25,"angle":150},{"time":154.75,"angle2":270,"type":"hold","duration":0.25,"angle":240},{"time":155.75,"angle2":0,"type":"hold","duration":0.25,"angle":-30},{"time":156.75,"angle2":60,"type":"hold","duration":0.25,"angle":30},{"time":157.75,"angle2":120,"type":"hold","duration":0.25,"angle":90},{"time":158.75,"angle2":180,"type":"hold","duration":0.25,"angle":150},{"time":159.75,"angle2":270,"type":"hold","duration":0.25,"angle":240},{"time":160.75,"angle2":0,"type":"hold","duration":0.25,"angle":-30},{"time":161.75,"angle2":90,"type":"hold","duration":0.25,"angle":60},{"time":162.75,"angle2":150,"type":"hold","duration":0.25,"angle":120},{"time":163.75,"angle2":240,"type":"hold","duration":0.25,"angle":210},{"time":164.75,"angle2":330,"type":"hold","duration":0.25,"angle":300},{"time":165.75,"angle2":390,"type":"hold","duration":0.25,"angle":360},{"time":167.75,"angle2":390,"type":"hold","duration":0.25,"angle":360},{"time":168.75,"angle2":120,"type":"hold","duration":0.25,"angle":90},{"time":169.75,"angle2":210,"type":"hold","duration":0.25,"angle":180},{"time":170.75,"angle2":300,"type":"hold","duration":0.25,"angle":270},{"time":171.75,"angle2":30,"type":"hold","duration":0.25,"angle":0},{"time":172.75,"angle2":90,"type":"hold","duration":0.25,"angle":60},{"time":173.75,"angle2":150,"type":"hold","duration":0.25,"angle":120},{"time":174.75,"angle2":210,"type":"hold","duration":0.25,"angle":180},{"time":175.75,"angle2":300,"type":"hold","duration":0.25,"angle":270},{"time":176.75,"angle2":30,"type":"hold","duration":0.25,"angle":0},{"time":177.75,"angle2":120,"type":"hold","duration":0.25,"angle":90},{"time":178.75,"angle2":180,"type":"hold","duration":0.25,"angle":150},{"time":179.75,"angle2":270,"type":"hold","duration":0.25,"angle":240},{"time":180.75,"angle2":360,"type":"hold","duration":0.25,"angle":330},{"time":181.75,"angle2":360,"type":"hold","duration":0.25,"angle":330},{"time":182.75,"angle2":360,"type":"hold","duration":0.25,"angle":330},{"time":183.75,"angle2":90,"type":"hold","duration":0.25,"angle":60},{"time":184.75,"angle2":180,"type":"hold","duration":0.25,"angle":150},{"time":185.75,"angle2":270,"type":"hold","duration":0.25,"angle":240},{"time":186.75,"angle2":0,"type":"hold","duration":0.25,"angle":-30},{"time":187.75,"angle2":60,"type":"hold","duration":0.25,"angle":30},{"time":188.75,"angle2":120,"type":"hold","duration":0.25,"angle":90},{"time":189.75,"angle2":180,"type":"hold","duration":0.25,"angle":150},{"time":190.75,"angle2":270,"type":"hold","duration":0.25,"angle":240},{"time":191.75,"angle2":0,"type":"hold","duration":0.25,"angle":-30},{"time":192.75,"angle2":90,"type":"hold","duration":0.25,"angle":60},{"time":193.75,"angle2":150,"type":"hold","duration":0.25,"angle":120},{"time":194.75,"angle2":240,"type":"hold","duration":0.25,"angle":210},{"time":195.75,"angle2":330,"type":"hold","duration":0.25,"angle":300},{"time":196.75,"angle2":405,"type":"hold","duration":0.25,"angle":375},{"time":166.75,"angle2":390,"type":"hold","duration":0.25,"angle":360},{"time":197.75,"angle2":405,"type":"hold","duration":0.25,"angle":375},{"time":198.75,"angle2":405,"type":"hold","duration":0.25,"angle":375},{"time":152,"speedMult":2,"type":"extraTap","angle":15},{"time":168,"speedMult":2,"type":"extraTap","angle":45},{"time":171,"speedMult":2,"type":"extraTap","angle":315},{"time":174,"speedMult":2,"type":"extraTap","angle":165},{"time":176,"speedMult":2,"type":"extraTap","angle":315},{"time":179,"speedMult":2,"type":"extraTap","angle":195},{"time":182,"speedMult":2,"type":"extraTap","angle":15},{"time":184,"speedMult":2,"type":"extraTap","angle":105},{"time":187,"speedMult":2,"type":"extraTap","angle":15},{"time":186,"speedMult":2,"type":"extraTap","angle":15},{"time":190,"speedMult":2,"type":"extraTap","angle":195},{"time":189,"speedMult":2,"type":"extraTap","angle":195},{"time":193,"speedMult":2,"type":"extraTap","angle":105},{"time":192,"speedMult":2,"type":"extraTap","angle":105},{"time":195,"speedMult":2,"type":"extraTap","angle":255},{"time":198,"speedMult":2,"type":"extraTap","angle":360},{"time":197,"speedMult":2,"type":"extraTap","angle":360},{"time":199,"speedMult":2,"type":"extraTap","angle":360},{"time":200,"speedMult":2,"type":"extraTap","angle":360},{"time":200,"speedMult":0.89999997615814,"type":"block","angle":405},{"time":72,"speedMult":2,"type":"extraTap","angle":225},{"time":88,"speedMult":2,"type":"extraTap","angle":180},{"time":96,"speedMult":2,"type":"extraTap","angle":112.5},{"time":104,"speedMult":2,"type":"extraTap","angle":135},{"time":112,"speedMult":2,"type":"extraTap","angle":157.5},{"time":120,"speedMult":2,"type":"extraTap","angle":135},{"time":128,"speedMult":2,"type":"extraTap","angle":135},{"time":236,"type":"block","angle":90},{"time":236.25,"type":"block","angle":120},{"time":236.5,"type":"block","angle":150},{"time":236.75,"type":"block","angle":180},{"time":237,"type":"block","angle":210},{"time":237.25,"type":"block","angle":180},{"time":237.5,"type":"block","angle":150},{"time":238,"type":"block","angle":120},{"time":238.25,"type":"block","angle":90},{"time":238.5,"type":"block","angle":60},{"time":238.75,"type":"block","angle":30},{"time":239,"type":"block","angle":0},{"time":239.25,"type":"block","angle":330},{"time":239.5,"type":"block","angle":300},{"time":239.75,"type":"block","angle":270},{"time":240,"type":"block","angle":240},{"time":240.25,"type":"block","angle":210},{"time":240.5,"type":"block","angle":180},{"time":240.75,"type":"block","angle":150},{"time":241,"type":"block","angle":120},{"time":241.25,"type":"block","angle":90},{"time":241.5,"type":"block","angle":67.5},{"time":241.75,"type":"block","angle":45},{"time":242,"type":"block","angle":22.5},{"time":242.25,"type":"block","angle":45},{"time":242.5,"type":"block","angle":67.5},{"time":242.75,"type":"block","angle":90},{"time":243,"type":"block","angle":112.5},{"time":243.25,"type":"block","angle":90},{"time":243.5,"type":"block","angle":60},{"time":243.75,"type":"block","angle":30},{"time":244,"type":"block","angle":0},{"time":244.25,"type":"block","angle":330},{"time":244.5,"type":"block","angle":300},{"time":244.75,"type":"block","angle":285},{"time":245,"type":"block","angle":270},{"time":245.25,"type":"block","angle":255},{"time":245.5,"type":"block","angle":240},{"time":245.75,"type":"block","angle":225},{"time":246,"type":"block","angle":210},{"time":246.25,"type":"block","angle":225},{"time":246.5,"type":"block","angle":247.5},{"time":246.75,"type":"block","angle":270},{"time":247,"type":"block","angle":292.5},{"time":247.25,"type":"block","angle":315},{"time":247.5,"type":"block","angle":337.5},{"time":247.75,"type":"block","angle":0},{"time":248,"type":"block","angle":22.5},{"time":248.25,"type":"block","angle":60},{"time":248.5,"type":"block","angle":90},{"time":248.75,"type":"block","angle":120},{"time":249,"type":"block","angle":150},{"time":249.25,"type":"block","angle":165},{"time":249.5,"type":"block","angle":180},{"time":249.75,"type":"block","angle":195},{"time":250,"type":"block","angle":210},{"time":250.25,"type":"block","angle":225},{"time":250.5,"type":"block","angle":240},{"time":250.75,"type":"block","angle":255},{"time":251,"type":"block","angle":270},{"time":251.25,"type":"block","angle":247.5},{"time":251.5,"type":"block","angle":225},{"time":251.75,"type":"block","angle":202.5},{"time":252,"type":"block","angle":180},{"time":252.25,"type":"block","angle":157.5},{"time":252.5,"type":"block","angle":135},{"time":252.75,"type":"block","angle":112.5},{"time":253,"type":"block","angle":90},{"time":253.25,"type":"block","angle":75},{"time":253.5,"type":"block","angle":60},{"time":253.75,"type":"block","angle":45},{"time":254,"type":"block","angle":30},{"time":254.25,"type":"block","angle":45},{"time":254.5,"type":"block","angle":60},{"time":254.75,"type":"block","angle":75},{"time":255,"type":"block","angle":90},{"time":255.25,"type":"block","angle":60},{"time":255.5,"type":"block","angle":30},{"time":255.75,"type":"block","angle":0},{"time":256,"type":"block","angle":330},{"time":256.25,"type":"block","angle":300},{"time":256.5,"type":"block","angle":270},{"time":256.75,"type":"block","angle":240},{"time":257,"type":"block","angle":210},{"time":257.25,"type":"block","angle":225},{"time":257.5,"type":"block","angle":247.5},{"time":257.75,"type":"block","angle":270},{"time":258,"type":"block","angle":292.5},{"time":258.25,"type":"block","angle":315},{"time":258.5,"type":"block","angle":337.5},{"time":258.75,"type":"block","angle":0},{"time":259,"type":"block","angle":22.5},{"time":259.25,"type":"block","angle":360},{"time":259.5,"type":"block","angle":345},{"time":259.75,"type":"block","angle":330},{"time":260,"type":"block","angle":315},{"time":260.25,"type":"block","angle":300},{"time":260.5,"type":"block","angle":285},{"time":260.75,"type":"block","angle":270},{"time":261,"type":"block","angle":255},{"time":261.25,"type":"block","angle":225},{"time":261.5,"type":"block","angle":195},{"time":261.75,"type":"block","angle":165},{"time":262,"type":"block","angle":135},{"time":262.25,"type":"block","angle":150},{"time":262.5,"type":"block","angle":165},{"time":262.75,"type":"block","angle":180},{"time":263,"type":"block","angle":195},{"time":263.25,"type":"block","angle":210},{"time":263.5,"type":"block","angle":225},{"time":263.75,"type":"block","angle":240},{"time":264,"type":"side","angle":292.5},{"time":264.5,"type":"block","angle":337.5},{"time":265,"type":"block","angle":277.5},{"time":265.5,"type":"block","angle":217.5},{"time":266,"type":"side","angle":157.5},{"time":266.25,"type":"side","angle":112.5},{"time":266.5,"type":"side","angle":67.5},{"time":266.75,"type":"side","angle":22.5},{"time":267,"type":"block","angle":-45},{"time":268,"type":"block","angle":240},{"time":268.5,"type":"block","angle":240},{"time":269,"type":"block","angle":30},{"time":269.5,"type":"block","angle":30},{"time":270,"type":"block","angle":150},{"time":270.5,"type":"block","angle":150},{"time":271,"type":"block","angle":210},{"time":271.5,"type":"block","angle":210},{"time":272,"type":"block","angle":90},{"time":272.5,"type":"block","angle":90},{"time":273,"type":"block","angle":337.5},{"time":273.5,"type":"block","angle":337.5},{"time":274,"type":"block","angle":202.5},{"time":274.5,"type":"block","angle":202.5},{"time":275,"type":"block","angle":135},{"time":275.5,"type":"block","angle":90},{"time":276,"type":"block","angle":45},{"time":276.5,"type":"block","angle":45},{"time":277,"type":"block","angle":157.5},{"time":277.5,"type":"block","angle":157.5},{"time":278,"type":"block","angle":315},{"time":278.5,"type":"block","angle":315},{"time":279,"type":"block","angle":247.5},{"time":279.5,"type":"block","angle":247.5},{"time":280,"type":"block","angle":135},{"time":280.5,"type":"block","angle":135},{"time":281,"type":"block","angle":22.5},{"time":281.5,"type":"block","angle":22.5},{"time":282,"type":"block","angle":315},{"time":282.5,"type":"block","angle":315},{"time":283,"type":"block","angle":315},{"time":283.5,"type":"block","angle":315},{"time":284,"type":"block","angle":45},{"time":284.5,"type":"block","angle":45},{"time":285,"type":"block","angle":180},{"time":285.5,"type":"block","angle":180},{"time":286,"type":"block","angle":247.5},{"time":286.5,"type":"block","angle":247.5},{"time":287,"type":"block","angle":202.5},{"time":287,"type":"block","angle":202.5},{"time":287.5,"type":"block","angle":202.5},{"time":288,"type":"block","angle":112.5},{"time":288.5,"type":"block","angle":112.5},{"time":289,"type":"block","angle":360},{"time":289.5,"type":"block","angle":360},{"time":290,"type":"block","angle":225},{"time":290.5,"type":"block","angle":225},{"time":291,"type":"block","angle":135},{"time":291.5,"type":"block","angle":90},{"time":292,"type":"block","angle":45},{"time":292.5,"type":"block","angle":45},{"time":293,"type":"block","angle":315},{"time":293.5,"type":"block","angle":315},{"time":294,"type":"block","angle":180},{"time":294.5,"type":"block","angle":180},{"time":295,"type":"block","angle":112.5},{"time":295.5,"type":"block","angle":112.5},{"time":296,"type":"block","angle":157.5},{"time":296.5,"type":"block","angle":157.5},{"time":297,"type":"block","angle":247.5},{"time":297.5,"type":"block","angle":247.5},{"time":298,"type":"block","angle":292.5},{"time":298.5,"type":"block","angle":292.5},{"time":299,"type":"block","angle":292.5},{"time":299.5,"type":"block","angle":292.5},{"time":300,"type":"block","angle":-375},{"time":300.5,"type":"block","angle":-375},{"time":301,"type":"block","angle":-165},{"time":301.5,"type":"block","angle":-165},{"time":302,"type":"block","angle":-285},{"time":302.5,"type":"block","angle":-285},{"time":303,"type":"block","angle":-345},{"time":303.5,"type":"block","angle":-345},{"time":304,"type":"block","angle":-225},{"time":304.5,"type":"block","angle":-225},{"time":305,"type":"block","angle":-472.5},{"time":305.5,"type":"block","angle":-472.5},{"time":306,"type":"block","angle":-337.5},{"time":306.5,"type":"block","angle":-337.5},{"time":307,"type":"block","angle":-270},{"time":307.5,"type":"block","angle":-225},{"time":308,"type":"block","angle":-180},{"time":308.5,"type":"block","angle":-180},{"time":309,"type":"block","angle":-292.5},{"time":309.5,"type":"block","angle":-292.5},{"time":310,"type":"block","angle":-450},{"time":310.5,"type":"block","angle":-450},{"time":311,"type":"block","angle":-382.5},{"time":311.5,"type":"block","angle":-382.5},{"time":312,"type":"block","angle":-270},{"time":312.5,"type":"block","angle":-270},{"time":313,"type":"block","angle":-157.5},{"time":313.5,"type":"block","angle":-157.5},{"time":314,"type":"block","angle":-450},{"time":314.5,"type":"block","angle":-450},{"time":315,"type":"block","angle":-450},{"time":315.5,"type":"block","angle":-450},{"time":316,"tap":true,"type":"block","angle":-180},{"time":316.5,"type":"block","angle":-180},{"time":317,"tap":true,"type":"block","angle":-315},{"time":317.5,"type":"block","angle":-315},{"time":318,"tap":true,"type":"block","angle":-382.5},{"time":318.5,"type":"block","angle":-382.5},{"time":319,"tap":true,"type":"block","angle":-337.5},{"time":319.5,"type":"block","angle":-337.5},{"time":320,"tap":true,"type":"block","angle":-247.5},{"time":320.5,"type":"block","angle":-247.5},{"time":321,"tap":true,"type":"block","angle":-495},{"time":321.5,"type":"block","angle":-495},{"time":322,"tap":true,"type":"block","angle":-360},{"time":322.5,"type":"block","angle":-360},{"time":323,"tap":true,"type":"block","angle":-270},{"time":323.5,"type":"block","angle":-225},{"time":324,"tap":true,"type":"block","angle":-180},{"time":324.5,"tap":true,"type":"block","angle":-180},{"time":325,"tap":true,"type":"block","angle":-450},{"time":325.5,"tap":true,"type":"block","angle":-450},{"time":326,"tap":true,"type":"block","angle":-315},{"time":326.5,"tap":true,"type":"block","angle":-315},{"time":327,"tap":true,"type":"block","angle":-247.5},{"time":327.5,"tap":true,"type":"block","angle":-247.5},{"time":328,"tap":true,"type":"block","angle":-292.5},{"time":328.5,"tap":true,"type":"block","angle":-292.5},{"time":329,"tap":true,"type":"block","angle":-382.5},{"time":329.5,"tap":true,"type":"block","angle":-382.5},{"time":330,"tap":true,"type":"block","angle":-427.5},{"time":330.5,"tap":true,"type":"block","angle":-427.5},{"time":331,"tap":true,"type":"block","angle":-427.5},{"time":331.5,"tap":true,"type":"block","angle":-427.5},{"time":338,"type":"block","angle":-315},{"time":338.5,"type":"block","angle":-405},{"time":339,"speedMult":1.2999999523163,"type":"block","angle":-225},{"time":339.5,"type":"block","angle":-472.5},{"time":340,"speedMult":1.2000000476837,"type":"side","angle":-427.5},{"time":340.5,"type":"block","angle":-330},{"time":341,"angle2":-195,"type":"hold","duration":0.5,"angle":-240},{"time":342,"angle2":-330,"type":"hold","duration":0.5,"angle":-285},{"time":343,"speedMult":0.80000001192093,"type":"block","angle":-240},{"time":344,"type":"block","angle":-330},{"time":344.5,"type":"block","angle":-300},{"time":343.5,"speedMult":1.2999999523163,"type":"side","angle":-435},{"time":345,"type":"side","angle":-225},{"time":345.5,"type":"block","angle":-510},{"time":346,"type":"side","angle":-438.75},{"time":346.25,"type":"side","angle":-393.75},{"time":346.5,"type":"side","angle":-348.75},{"time":346.75,"type":"side","angle":-303.75},{"time":347,"type":"side","angle":-258.75},{"time":347.125,"type":"side","angle":-225},{"time":347.25,"type":"side","angle":-180},{"time":347.375,"type":"side","angle":-483.75},{"time":347.5,"type":"side","angle":-438.75},{"time":347.625,"type":"side","angle":-382.5},{"time":348,"type":"block","angle":-326.25},{"time":348.5,"type":"block","angle":-405},{"time":349,"angle2":-506.25,"type":"hold","duration":0.5,"angle":-461.25},{"time":350,"type":"block","angle":-191.25},{"time":350.5,"type":"block","angle":-540},{"time":351,"type":"side","angle":-495},{"time":351.5,"type":"block","angle":-416.25},{"time":352,"angle2":-247.5,"type":"hold","duration":0.5,"angle":-303.75},{"time":353,"type":"block","angle":-551.25},{"time":353.5,"type":"block","angle":-292.5},{"time":354,"type":"side","angle":-326.25},{"time":354.25,"type":"side","angle":-348.75},{"time":354.5,"type":"side","angle":-326.25},{"time":354.75,"type":"side","angle":-348.75},{"time":355,"type":"side","angle":-326.25},{"time":355.25,"type":"side","angle":-348.75},{"time":355.5,"type":"side","angle":-326.25},{"time":356,"type":"block","angle":-371.25},{"time":356.5,"type":"side","angle":-416.25},{"time":357,"angle2":-495,"type":"hold","duration":0.5,"angle":-461.25},{"time":358,"type":"block","angle":-528.75},{"time":358.5,"type":"block","angle":-506.25},{"time":359,"type":"side","angle":-427.5},{"time":359.5,"type":"block","angle":-292.5},{"time":360,"type":"block","angle":-258.75},{"time":360.5,"type":"block","angle":-213.75},{"time":361,"angle2":-292.5,"type":"hold","duration":0.5,"angle":-247.5},{"time":362,"type":"side","angle":-337.5},{"time":362.25,"type":"side","angle":-360},{"time":362.5,"type":"side","angle":-390},{"time":362.75,"type":"side","angle":-420},{"time":363,"type":"side","angle":-450},{"time":363.25,"type":"side","angle":-480},{"time":363.5,"type":"side","angle":-510},{"time":363.75,"type":"side","angle":-180},{"time":364,"type":"side","angle":-210},{"time":364.25,"type":"side","angle":-240},{"time":364.5,"type":"block","angle":-258.75},{"time":365,"type":"block","angle":-292.5},{"time":365.5,"angle2":-191.25,"type":"hold","duration":0.5,"angle":-236.25},{"time":366.5,"type":"block","angle":-495},{"time":367,"type":"block","angle":-382.5},{"time":367.5,"type":"side","angle":-326.25},{"time":368,"type":"block","angle":-270},{"time":368.5,"type":"block","angle":-315},{"time":369,"angle2":-337.5,"type":"hold","duration":0.5,"angle":-382.5},{"time":370.25,"type":"side","angle":-270},{"time":370.5,"type":"side","angle":-285},{"time":370,"type":"side","angle":-285},{"time":370.75,"type":"side","angle":-270},{"time":371,"type":"side","angle":-285},{"time":371.25,"type":"side","angle":-270},{"time":371.5,"type":"side","angle":-285},{"time":371.75,"type":"side","angle":-270},{"time":372,"type":"side","angle":-285},{"time":372.5,"type":"side","angle":-247.5},{"time":373,"type":"block","angle":-225},{"time":373.5,"angle2":-438.75,"type":"hold","duration":0.5,"angle":-483.75},{"time":374.5,"type":"block","angle":-405},{"time":375,"type":"side","angle":-450},{"time":375.5,"type":"block","angle":-495},{"time":376,"type":"block","angle":-180},{"time":376.5,"type":"block","angle":-225},{"time":377,"angle2":-247.5,"type":"hold","duration":0.5,"angle":-270},{"time":378,"type":"side","angle":-225},{"time":378.25,"type":"side","angle":-210},{"time":378.5,"type":"side","angle":-180},{"time":378.75,"type":"side","angle":-510},{"time":379,"type":"side","angle":-480},{"time":379.25,"type":"side","angle":-450},{"time":379.5,"type":"side","angle":-420},{"time":379.75,"type":"side","angle":-390},{"time":380.5,"type":"block","angle":-303.75},{"time":380,"type":"block","angle":-360},{"time":380.5,"type":"block","angle":-303.75},{"time":381,"type":"side","angle":-337.5},{"time":381.5,"angle2":-450,"type":"hold","duration":0.5,"angle":-405},{"time":382.5,"type":"block","angle":-483.75},{"time":383,"type":"block","angle":-202.5},{"time":384,"type":"block","angle":-382.5},{"time":383.5,"type":"side","angle":-303.75},{"time":384.5,"angle2":-450,"type":"hold","duration":0.5,"angle":-427.5},{"time":385.5,"angle2":-371.25,"type":"hold","duration":0.5,"angle":-405},{"time":386.25,"speedMult":0.89999997615814,"type":"side","angle":-360},{"time":386.5,"speedMult":0.94999998807907,"type":"side","angle":-375},{"time":386.75,"type":"side","angle":-360},{"time":387,"type":"side","angle":-375},{"time":387.25,"type":"side","angle":-360},{"time":387.5,"type":"side","angle":-375},{"time":387.75,"type":"side","angle":-360},{"time":388.5,"angle2":-270,"type":"hold","duration":0.5,"angle":-303.75},{"time":389.5,"type":"side","angle":-247.5},{"time":390,"type":"block","angle":-213.75},{"time":390.5,"type":"block","angle":-528.75},{"time":391,"type":"block","angle":-461.25},{"time":391.5,"type":"block","angle":-495},{"time":392,"type":"side","angle":-180},{"time":392.5,"type":"block","angle":-303.75},{"time":393,"type":"block","angle":-382.5},{"time":393.5,"type":"block","angle":-427.5},{"time":394,"type":"side","angle":-472.5},{"time":394.25,"type":"side","angle":-495},{"time":394.5,"type":"side","angle":-517.5},{"time":394.75,"type":"side","angle":-180},{"time":395,"type":"side","angle":-202.5},{"time":395.25,"type":"side","angle":-225},{"time":395.5,"type":"side","angle":-247.5},{"time":395.75,"type":"side","angle":-270},{"time":396,"type":"side","angle":-292.5},{"time":396.5,"type":"block","angle":-326.25},{"time":397,"type":"block","angle":-371.25},{"time":397.5,"angle2":-382.5,"type":"hold","duration":0.5,"angle":-405},{"time":398.5,"type":"block","angle":-337.5},{"time":399.5,"type":"block","angle":-202.5},{"time":399,"type":"side","angle":-258.75},{"time":400.5,"type":"block","angle":-472.5},{"time":401.5,"type":"block","angle":-382.5},{"time":402,"angle2":-303.75,"type":"hold","duration":0.25,"angle":-337.5},{"time":402.75,"type":"block","angle":-360},{"time":403.25,"angle2":-438.75,"type":"hold","duration":0.25,"angle":-416.25},{"time":403.5,"angle2":-461.25,"type":"hold","duration":0.25,"angle":-438.75},{"time":400,"type":"side","angle":-517.5},{"time":400.25,"type":"block","angle":-495},{"time":401,"type":"side","angle":-427.5},{"time":401.25,"type":"block","angle":-405},{"time":402.5,"type":"block","angle":-337.5},{"time":403,"type":"side","angle":-393.75},{"time":340,"speedMult":2,"type":"extraTap","angle":-405},{"time":356,"speedMult":2,"type":"extraTap","angle":-360},{"time":364,"speedMult":2,"type":"extraTap","angle":-292.5},{"time":372,"speedMult":2,"type":"extraTap","angle":-315},{"time":380,"speedMult":2,"type":"extraTap","angle":-337.5},{"time":388,"speedMult":2,"type":"extraTap","angle":-315},{"time":396,"speedMult":2,"type":"extraTap","angle":-315},{"time":405,"type":"block","angle":-315},{"time":405.5,"type":"block","angle":-382.5},{"time":405.75,"type":"block","angle":-405},{"time":404.75,"type":"block","angle":-292.5},{"time":404,"type":"side","angle":-180},{"time":404.5,"type":"side","angle":-247.5},{"time":404.25,"type":"block","angle":-225},{"time":405.25,"type":"side","angle":-360},{"time":406,"type":"side","angle":-427.5},{"time":406.25,"type":"block","angle":-472.5},{"time":406.5,"type":"block","angle":-495},{"time":406.75,"type":"side","angle":-180},{"time":407,"type":"block","angle":-202.5},{"time":407.25,"type":"block","angle":-225},{"time":407.5,"angle2":-292.5,"type":"hold","duration":0.25,"angle":-270},{"time":408,"type":"block","angle":-337.5},{"time":408.25,"type":"block","angle":-360},{"time":408.5,"type":"side","angle":-382.5},{"time":408.75,"type":"block","angle":-405},{"time":409,"type":"block","angle":-450},{"time":409.25,"type":"side","angle":-472.5},{"time":409.5,"type":"block","angle":-157.5},{"time":410,"type":"side","angle":-213.75},{"time":410.25,"type":"side","angle":-191.25},{"time":410.5,"type":"side","angle":-213.75},{"time":410.75,"type":"side","angle":-191.25},{"time":411,"type":"side","angle":-213.75},{"time":411.25,"type":"side","angle":-191.25},{"time":411.5,"type":"side","angle":-213.75},{"time":409.75,"type":"side","angle":-191.25},{"time":411.75,"type":"side","angle":-191.25},{"time":412,"type":"side","angle":-213.75},{"time":412.25,"type":"block","angle":-180},{"time":412.5,"type":"block","angle":-157.5},{"time":412.75,"type":"side","angle":-472.5},{"time":413,"type":"block","angle":-450},{"time":413.25,"type":"block","angle":-427.5},{"time":413.5,"angle2":-382.5,"type":"hold","duration":0.25,"angle":-405},{"time":414,"type":"block","angle":-337.5},{"time":414.25,"type":"block","angle":-315},{"time":414.5,"type":"side","angle":-292.5},{"time":414.75,"type":"block","angle":-247.5},{"time":415,"type":"side","angle":-225},{"time":415.25,"type":"block","angle":-202.5},{"time":415.5,"type":"side","angle":-180},{"time":415.75,"type":"block","angle":-517.5},{"time":416,"type":"side","angle":-472.5},{"time":416.25,"type":"block","angle":-450},{"time":416.5,"type":"block","angle":-427.5},{"time":416.75,"type":"side","angle":-382.5},{"time":417,"type":"block","angle":-360},{"time":417.25,"type":"block","angle":-337.5},{"time":417.5,"angle2":-270,"type":"hold","duration":0.25,"angle":-292.5},{"time":418,"type":"block","angle":-247.5},{"time":418.25,"type":"block","angle":-225},{"time":418.5,"type":"side","angle":-202.5},{"time":418.75,"type":"side","angle":-225},{"time":419,"type":"side","angle":-202.5},{"time":419.25,"type":"side","angle":-225},{"time":419.5,"type":"side","angle":-202.5},{"time":419.75,"type":"side","angle":-225},{"time":420,"type":"block","angle":-191.25},{"time":420.25,"type":"side","angle":-213.75},{"time":420.5,"type":"block","angle":-247.5},{"time":420.75,"type":"side","angle":-270},{"time":421,"type":"block","angle":-292.5},{"time":421.25,"type":"block","angle":-337.5},{"time":421.5,"angle2":-382.5,"type":"hold","duration":0.25,"angle":-360},{"time":422,"type":"block","angle":-405},{"time":422.25,"type":"side","angle":-450},{"time":422.5,"type":"block","angle":-472.5},{"time":422.75,"type":"block","angle":-495},{"time":423,"type":"side","angle":-180},{"time":423.25,"type":"block","angle":-202.5},{"time":423.5,"type":"block","angle":-225},{"time":423.75,"angle2":-270,"type":"hold","duration":0.25,"angle":-247.5},{"time":424.25,"type":"block","angle":-292.5},{"time":424.5,"type":"block","angle":-337.5},{"time":424.75,"type":"side","angle":-360},{"time":425,"type":"block","angle":-382.5},{"time":425.25,"type":"block","angle":-405},{"time":425.5,"type":"side","angle":-450},{"time":425.75,"type":"block","angle":-472.5},{"time":426,"type":"side","angle":-495},{"time":426.25,"type":"side","angle":-472.5},{"time":426.5,"type":"side","angle":-495},{"time":426.75,"type":"side","angle":-472.5},{"time":427,"type":"side","angle":-495},{"time":427.25,"type":"side","angle":-472.5},{"time":427.5,"type":"side","angle":-495},{"time":427.75,"type":"side","angle":-472.5},{"time":428,"type":"side","angle":-495},{"time":428.25,"type":"side","angle":-472.5},{"time":428.5,"type":"block","angle":-472.5},{"time":428.75,"type":"block","angle":-450},{"time":429,"type":"side","angle":-427.5},{"time":429.5,"type":"block","angle":-360},{"time":429.25,"type":"block","angle":-405},{"time":429.75,"angle2":-315,"type":"hold","duration":0.25,"angle":-337.5},{"time":430.25,"type":"block","angle":-270},{"time":430.5,"type":"block","angle":-247.5},{"time":430.75,"type":"side","angle":-225},{"time":431,"type":"block","angle":-202.5},{"time":431.25,"type":"side","angle":-180},{"time":431.5,"type":"block","angle":-495},{"time":431.75,"type":"side","angle":-472.5},{"time":432,"type":"block","angle":-427.5},{"time":432.25,"type":"side","angle":-405},{"time":432.5,"type":"block","angle":-382.5},{"time":432.75,"type":"block","angle":-360},{"time":433,"type":"side","angle":-337.5},{"time":433.25,"type":"block","angle":-315},{"time":433.5,"type":"block","angle":-292.5},{"time":433.75,"angle2":-225,"type":"hold","duration":0.25,"angle":-247.5},{"time":434.25,"type":"side","angle":-180},{"time":434.5,"type":"side","angle":-495},{"time":434.75,"type":"side","angle":-450},{"time":435,"type":"side","angle":-405},{"time":435.25,"type":"side","angle":-360},{"time":435.5,"type":"side","angle":-315},{"time":435.75,"type":"side","angle":-270},{"time":436,"type":"side","angle":-225},{"time":436.25,"type":"side","angle":-180},{"time":436.5,"type":"side","angle":-495},{"time":436.75,"type":"block","angle":-472.5},{"time":437,"type":"block","angle":-450},{"time":437.25,"type":"block","angle":-427.5},{"time":437.5,"type":"side","angle":-405},{"time":437.75,"type":"block","angle":-382.5},{"time":438,"type":"block","angle":-337.5},{"time":438.25,"type":"side","angle":-315},{"time":438.5,"type":"block","angle":-292.5},{"time":438.75,"type":"block","angle":-270},{"time":439,"angle2":-225,"type":"hold","duration":0.25,"angle":-247.5},{"time":439.5,"type":"block","angle":-180},{"time":439.75,"type":"block","angle":-517.5},{"time":440,"type":"side","angle":-495},{"time":440.25,"type":"block","angle":-472.5},{"time":440.5,"type":"block","angle":-450},{"time":440.75,"type":"block","angle":-405},{"time":441,"angle2":-360,"type":"hold","duration":0.25,"angle":-382.5},{"time":441.5,"type":"block","angle":-337.5},{"time":444.75,"angle2":-382.5,"type":"hold","duration":0.25,"angle":-360},{"time":442,"type":"side","angle":-270},{"time":442.5,"type":"side","angle":-270},{"time":443,"type":"side","angle":-270},{"time":442.25,"type":"side","angle":-292.5},{"time":442.75,"type":"side","angle":-292.5},{"time":443.25,"type":"side","angle":-292.5},{"time":441.75,"type":"side","angle":-292.5},{"time":443.5,"type":"side","angle":-270},{"time":443.75,"type":"side","angle":-292.5},{"time":444,"type":"side","angle":-270},{"time":444.25,"type":"block","angle":-315},{"time":444.5,"type":"block","angle":-337.5},{"time":445.25,"type":"block","angle":-427.5},{"time":445.5,"type":"block","angle":-450},{"time":445.75,"type":"side","angle":-472.5},{"time":446,"type":"block","angle":-517.5},{"time":446.25,"type":"side","angle":-180},{"time":446.5,"type":"block","angle":-202.5},{"time":446.75,"type":"side","angle":-225},{"time":447,"type":"block","angle":-247.5},{"time":447.25,"type":"side","angle":-292.5},{"time":447.5,"type":"block","angle":-315},{"time":447.75,"type":"block","angle":-337.5},{"time":448,"type":"side","angle":-360},{"time":448.25,"type":"block","angle":-405},{"time":448.5,"type":"block","angle":-427.5},{"time":448.75,"angle2":-472.5,"type":"hold","duration":0.25,"angle":-450},{"time":449.25,"type":"block","angle":-157.5},{"time":449.5,"type":"side","angle":-180},{"time":449.75,"type":"side","angle":-202.5},{"time":450,"type":"side","angle":-180},{"time":450.25,"type":"side","angle":-202.5},{"time":450.5,"type":"side","angle":-180},{"time":450.75,"type":"side","angle":-202.5},{"time":451,"type":"side","angle":-180},{"time":451.25,"type":"block","angle":-157.5},{"time":451.5,"type":"block","angle":-495},{"time":451.75,"type":"side","angle":-472.5},{"time":452,"type":"block","angle":-427.5},{"time":452.25,"type":"block","angle":-405},{"time":452.5,"angle2":-337.5,"type":"hold","duration":0.25,"angle":-360},{"time":453,"type":"block","angle":-315},{"time":453.25,"type":"side","angle":-270},{"time":453.5,"type":"block","angle":-247.5},{"time":453.75,"type":"block","angle":-225},{"time":454,"type":"side","angle":-202.5},{"time":454.25,"type":"block","angle":-180},{"time":454.5,"type":"block","angle":-495},{"time":454.75,"angle2":-450,"type":"hold","duration":0.25,"angle":-472.5},{"time":455.25,"type":"block","angle":-405},{"time":455.5,"type":"block","angle":-382.5},{"time":455.75,"type":"side","angle":-360},{"time":456,"type":"block","angle":-337.5},{"time":456.25,"type":"block","angle":-292.5},{"time":456.5,"type":"side","angle":-270},{"time":456.75,"type":"block","angle":-247.5},{"time":457,"angle2":-180,"type":"hold","duration":0.25,"angle":-202.5},{"time":457.5,"type":"block","angle":-157.5},{"time":457.75,"type":"side","angle":-495},{"time":458,"type":"side","angle":-472.5},{"time":458.25,"type":"side","angle":-495},{"time":458.5,"type":"side","angle":-472.5},{"time":458.75,"type":"side","angle":-495},{"time":459,"type":"side","angle":-472.5},{"time":459.25,"type":"side","angle":-495},{"time":459.5,"type":"side","angle":-472.5},{"time":459.75,"type":"side","angle":-495},{"time":460,"type":"side","angle":-472.5},{"time":460.25,"type":"block","angle":-157.5},{"time":460.5,"type":"block","angle":-180},{"time":460.75,"angle2":-225,"type":"hold","duration":0.25,"angle":-202.5},{"time":461.25,"type":"block","angle":-247.5},{"time":461.5,"type":"block","angle":-292.5},{"time":461.75,"type":"side","angle":-315},{"time":462,"type":"block","angle":-337.5},{"time":462.25,"type":"side","angle":-382.5},{"time":462.5,"type":"block","angle":-405},{"time":462.75,"type":"side","angle":-427.5},{"time":463,"type":"block","angle":-450},{"time":463,"type":"block","angle":-495},{"time":463.25,"type":"block","angle":-517.5},{"time":463.5,"type":"block","angle":-180},{"time":463.75,"type":"block","angle":-202.5},{"time":464,"type":"block","angle":-225},{"time":464.25,"type":"block","angle":-247.5},{"time":464.5,"type":"block","angle":-292.5},{"time":464.625,"type":"block","angle":-315},{"time":464.75,"type":"block","angle":-337.5},{"time":464.875,"type":"block","angle":-360},{"time":465,"type":"block","angle":-382.5},{"time":465.125,"type":"block","angle":-405},{"time":465.25,"type":"block","angle":-427.5},{"time":465.375,"type":"block","angle":-450},{"time":465.5,"type":"block","angle":-472.5},{"time":465.625,"type":"block","angle":-495},{"time":465.75,"type":"block","angle":-157.5},{"time":465.875,"type":"block","angle":-180},{"time":466,"type":"block","angle":-202.5},{"time":468,"type":"block","angle":-202.5},{"time":466.125,"type":"side","angle":-247.5},{"time":466.25,"type":"side","angle":-292.5},{"time":466.375,"type":"side","angle":-337.5},{"time":466.5,"type":"side","angle":-382.5},{"time":466.625,"type":"side","angle":-427.5},{"time":466.75,"type":"side","angle":-472.5},{"time":466.875,"type":"side","angle":-517.5},{"time":467,"type":"side","angle":-202.5},{"time":467.125,"type":"side","angle":-247.5},{"time":467.25,"type":"side","angle":-292.5},{"time":467.375,"type":"side","angle":-337.5},{"time":467.5,"type":"side","angle":-382.5},{"time":467.625,"type":"side","angle":-427.5},{"time":467.75,"type":"side","angle":-472.5},{"time":467.875,"type":"side","angle":-517.5},{"time":466,"angle2":-1057.5,"type":"mineHold","duration":1.875,"angle":-427.5},{"time":404,"speedMult":2,"type":"extraTap","angle":-202.5},{"time":420,"speedMult":2,"type":"extraTap","angle":-180},{"time":422,"speedMult":2,"type":"extraTap","angle":-315},{"time":436,"speedMult":2,"type":"extraTap","angle":-202.5},{"time":452,"speedMult":2,"type":"extraTap","angle":-382.5},{"time":454,"speedMult":2,"type":"extraTap","angle":-225},{"time":474,"type":"block","angle":315},{"time":474.5,"type":"block","angle":45},{"time":475,"type":"block","angle":225},{"time":475.5,"type":"block","angle":112.5},{"time":476,"speedMult":2,"type":"extraTap","angle":247.5},{"time":476,"type":"block","angle":270},{"time":268,"speedMult":2,"type":"extraTap","angle":225},{"time":284,"speedMult":2,"type":"extraTap","angle":67.5},{"time":300,"speedMult":2,"type":"extraTap","angle":0},{"time":302,"speedMult":2,"type":"extraTap","angle":90},{"time":304,"speedMult":2,"type":"extraTap","angle":157.5},{"time":306,"speedMult":2,"type":"extraTap","angle":45},{"time":308,"speedMult":2,"type":"extraTap","angle":202.5},{"time":310,"speedMult":2,"type":"extraTap","angle":247.5},{"time":312,"speedMult":2,"type":"extraTap","angle":112.5},{"time":314,"speedMult":2,"type":"extraTap","angle":292.5},{"time":330.25,"tap":true,"type":"block","angle":292.5},{"time":330.75,"tap":true,"type":"block","angle":292.5},{"time":331.25,"tap":true,"type":"block","angle":292.5},{"time":203.75,"angle2":390,"type":"hold","duration":0.25,"angle":360},{"time":204.75,"angle2":120,"type":"hold","duration":0.25,"angle":90},{"time":205.75,"angle2":210,"type":"hold","duration":0.25,"angle":180},{"time":206.75,"angle2":285,"type":"hold","duration":0.25,"angle":255},{"time":207.75,"angle2":0,"type":"hold","duration":0.25,"angle":-30},{"time":208.75,"angle2":75,"type":"hold","duration":0.25,"angle":45},{"time":209.75,"angle2":150,"type":"hold","duration":0.25,"angle":120},{"time":210.75,"angle2":225,"type":"hold","duration":0.25,"angle":195},{"time":211.75,"angle2":300,"type":"hold","duration":0.25,"angle":270},{"time":212.75,"angle2":30,"type":"hold","duration":0.25,"angle":0},{"time":213.75,"angle2":105,"type":"hold","duration":0.25,"angle":75},{"time":214.75,"angle2":180,"type":"hold","duration":0.25,"angle":150},{"time":215.75,"angle2":270,"type":"hold","duration":0.25,"angle":240},{"time":216.75,"angle2":360,"type":"hold","duration":0.25,"angle":330},{"time":217.75,"angle2":360,"type":"hold","duration":0.25,"angle":330},{"time":218.75,"angle2":360,"type":"hold","duration":0.25,"angle":330},{"time":219.75,"angle2":90,"type":"hold","duration":0.25,"angle":60},{"time":220.75,"angle2":180,"type":"hold","duration":0.25,"angle":150},{"time":221.75,"angle2":270,"type":"hold","duration":0.25,"angle":240},{"time":222.75,"angle2":-15,"type":"hold","duration":0.25,"angle":-45},{"time":223.75,"angle2":60,"type":"hold","duration":0.25,"angle":30},{"time":224.75,"angle2":135,"type":"hold","duration":0.25,"angle":105},{"time":225.75,"angle2":210,"type":"hold","duration":0.25,"angle":180},{"time":226.75,"angle2":285,"type":"hold","duration":0.25,"angle":255},{"time":227.75,"angle2":0,"type":"hold","duration":0.25,"angle":-30},{"time":228.75,"angle2":90,"type":"hold","duration":0.25,"angle":60},{"time":229.75,"angle2":165,"type":"hold","duration":0.25,"angle":135},{"time":230.75,"angle2":240,"type":"hold","duration":0.25,"angle":210},{"time":231.75,"angle2":330,"type":"hold","duration":0.25,"angle":300},{"time":232.75,"angle2":390,"type":"hold","duration":0.25,"angle":360},{"time":219,"speedMult":2,"type":"extraTap","angle":15},{"time":204.25,"type":"block","angle":45},{"time":204.5,"type":"block","angle":60},{"time":205.25,"type":"block","angle":135},{"time":205.5,"type":"block","angle":150},{"time":206.25,"type":"block","angle":225},{"time":206.5,"type":"block","angle":240},{"time":207.25,"type":"block","angle":300},{"time":207.5,"type":"block","angle":315},{"time":208.25,"type":"block","angle":15},{"time":208.5,"type":"block","angle":30},{"time":209.25,"type":"block","angle":90},{"time":209.5,"type":"block","angle":105},{"time":210.25,"type":"block","angle":165},{"time":210.5,"type":"block","angle":180},{"time":211.25,"type":"block","angle":240},{"time":211.5,"type":"block","angle":255},{"time":212.25,"type":"block","angle":315},{"time":212.5,"type":"block","angle":330},{"time":213.25,"type":"block","angle":45},{"time":213.5,"type":"block","angle":60},{"time":214.25,"type":"block","angle":120},{"time":214.5,"type":"block","angle":135},{"time":215.25,"type":"block","angle":195},{"time":215.5,"type":"block","angle":210},{"time":216.25,"type":"block","angle":285},{"time":216.5,"type":"block","angle":300},{"time":217.25,"type":"block","angle":350},{"time":217.5,"type":"block","angle":340},{"time":218.25,"type":"block","angle":350},{"time":218.5,"type":"block","angle":340},{"time":219.25,"type":"block","angle":15},{"time":219.5,"type":"block","angle":30},{"time":220.25,"type":"block","angle":105},{"time":220.5,"type":"block","angle":120},{"time":221.25,"type":"block","angle":195},{"time":221.5,"type":"block","angle":210},{"time":222.25,"type":"block","angle":285},{"time":222.5,"type":"block","angle":300},{"time":223.25,"type":"block","angle":0},{"time":223.5,"type":"block","angle":15},{"time":224.25,"type":"block","angle":75},{"time":224.5,"type":"block","angle":90},{"time":225.25,"type":"block","angle":150},{"time":225.5,"type":"block","angle":165},{"time":226.25,"type":"block","angle":225},{"time":226.5,"type":"block","angle":240},{"time":227.25,"type":"block","angle":300},{"time":227.5,"type":"block","angle":315},{"time":228.25,"type":"block","angle":15},{"time":228.5,"type":"block","angle":30},{"time":229.25,"type":"block","angle":105},{"time":229.5,"type":"block","angle":120},{"time":230.25,"type":"block","angle":180},{"time":230.5,"type":"block","angle":195},{"time":231.25,"type":"block","angle":255},{"time":231.5,"type":"block","angle":270},{"time":232.25,"type":"block","angle":345},{"time":232.5,"type":"block","angle":345},{"time":233.25,"type":"block","angle":45},{"time":233.5,"type":"block","angle":60},{"time":204,"speedMult":2,"type":"extraTap","angle":60},{"time":205,"speedMult":2,"type":"extraTap","angle":135},{"time":206,"speedMult":2,"type":"extraTap","angle":225},{"time":207,"speedMult":2,"type":"extraTap","angle":315},{"time":208,"speedMult":2,"type":"extraTap","angle":60},{"time":209,"speedMult":2,"type":"extraTap","angle":105},{"time":210,"speedMult":2,"type":"extraTap","angle":165},{"time":211,"speedMult":2,"type":"extraTap","angle":240},{"time":212,"speedMult":2,"type":"extraTap","angle":315},{"time":213,"speedMult":2,"type":"extraTap","angle":45},{"time":214,"speedMult":2,"type":"extraTap","angle":120},{"time":215,"speedMult":2,"type":"extraTap","angle":195},{"time":216,"speedMult":2,"type":"extraTap","angle":285},{"time":217,"speedMult":2,"type":"extraTap","angle":15},{"time":220,"speedMult":2,"type":"extraTap","angle":105},{"time":221,"speedMult":2,"type":"extraTap","angle":195},{"time":222,"speedMult":2,"type":"extraTap","angle":285},{"time":223,"speedMult":2,"type":"extraTap","angle":15},{"time":224,"speedMult":2,"type":"extraTap","angle":75},{"time":225,"speedMult":2,"type":"extraTap","angle":150},{"time":226,"speedMult":2,"type":"extraTap","angle":225},{"time":227,"speedMult":2,"type":"extraTap","angle":300},{"time":228,"speedMult":2,"type":"extraTap","angle":15},{"time":229,"speedMult":2,"type":"extraTap","angle":105},{"time":230,"speedMult":2,"type":"extraTap","angle":180},{"time":231,"speedMult":2,"type":"extraTap","angle":255},{"time":232,"speedMult":2,"type":"extraTap","angle":345},{"time":233,"speedMult":2,"type":"extraTap","angle":45},{"time":233.75,"angle2":120,"type":"hold","duration":0.25,"angle":90},{"time":234,"speedMult":2,"type":"extraTap","angle":135},{"time":218,"speedMult":2,"type":"extraTap","angle":15},{"time":237.75,"type":"block","angle":135},{"time":197,"speedMult":2,"type":"extraTap","angle":360},{"time":198,"speedMult":2,"type":"extraTap","angle":360}]