{"metadata":{"bg":true,"charter":"FoxSylv","songName":"Serious Shit","artist":"The Quick Brown Fox","difficulty":15,"description":"When this baby hits 88mph,\nyou're gonna see some serious shit","artistLink":"https://lapfox.bandcamp.com/","bgData":{"image":"triangle.png","blueChannel":{"g":200,"r":200,"b":200},"redChannel":{"g":255,"r":255,"b":255}}},"events":[{"time":-8,"duration":6.5,"newWidth":35,"type":"paddles","paddle":0,"angle":22.5},{"time":-0,"volume":0.40000000596046,"bpm":230,"type":"play","file":"song.ogg","angle":0},{"time":-8,"order":-999,"value":0.80000001192093,"type":"ease","var":"vfx.noteXScale","angle":292.5},{"time":-8,"order":-999,"value":0.80000001192093,"type":"ease","var":"vfx.noteYScale","angle":270},{"time":72,"order":-999,"value":1.1000000238419,"type":"ease","var":"scrollSpeed","angle":270},{"time":70,"paddle":0,"duration":1.5,"ease":"linear","type":"paddles","newWidth":30,"angle":281.25},{"time":131.5,"var":"scrollSpeed","value":0.89999997615814,"ease":"linear","type":"ease","duration":3,"angle":11.25},{"time":131.5,"order":-999,"value":3,"type":"ease","var":"vfx.extraTapWidth","angle":360},{"time":131.5,"paddle":0,"duration":1,"ease":"linear","type":"paddles","newWidth":50,"angle":45},{"time":201.5,"paddle":0,"duration":1.5,"ease":"linear","type":"paddles","newWidth":40,"angle":90},{"time":340,"order":-999,"value":1.1000000238419,"type":"ease","var":"scrollSpeed","angle":-450},{"time":338,"paddle":0,"duration":1.5,"ease":"linear","type":"paddles","newWidth":30,"angle":-461.25},{"time":399.5,"var":"scrollSpeed","value":0.89999997615814,"ease":"linear","type":"ease","duration":3,"angle":-191.25},{"time":399.5,"order":-999,"value":3,"type":"ease","var":"vfx.extraTapWidth","angle":-540},{"time":399.5,"paddle":0,"duration":1,"ease":"linear","type":"paddles","newWidth":35,"angle":-225},{"time":477,"type":"showResults","angle":270},{"time":201.5,"value":1,"var":"scrollSpeed","type":"ease","duration":1,"angle":112.5},{"time":468,"order":-999,"value":1.1000000238419,"type":"ease","var":"scrollSpeed","angle":135},{"time":0,"color":3,"type":"noise","angle":292.5,"chance":0.95999997854233},{"time":-0,"order":-999,"g":255,"type":"setColor","b":255,"r":255,"color":0,"angle":270},{"time":0,"color":0,"type":"setBgColor","angle":247.5},{"time":0,"order":-999,"g":238,"type":"setColor","b":238,"r":238,"color":2,"ease":"linear","angle":225},{"time":0,"g":255,"type":"setColor","b":255,"r":255,"color":2,"duration":2,"ease":"inOutSine","angle":202.5},{"time":16,"order":-999,"g":238,"type":"setColor","b":238,"r":238,"color":2,"ease":"linear","angle":225},{"time":16,"g":255,"type":"setColor","b":255,"r":255,"color":2,"duration":2,"ease":"inOutSine","angle":202.5},{"time":32,"order":-999,"g":238,"type":"setColor","b":238,"r":238,"color":2,"ease":"linear","angle":225},{"time":32,"g":255,"type":"setColor","b":255,"r":255,"color":2,"duration":2,"ease":"inOutSine","angle":202.5},{"time":48,"order":-999,"g":238,"type":"setColor","b":238,"r":238,"color":2,"ease":"linear","angle":202.5},{"time":48,"g":255,"type":"setColor","b":255,"r":255,"color":2,"duration":2,"ease":"inOutSine","angle":180},{"time":50,"order":-999,"g":238,"type":"setColor","b":238,"r":238,"color":2,"ease":"linear","angle":225},{"time":50,"g":255,"type":"setColor","b":255,"r":255,"color":2,"duration":2,"ease":"inOutSine","angle":202.5},{"time":64,"order":-999,"g":238,"type":"setColor","b":238,"r":238,"color":2,"ease":"linear","angle":225},{"time":64,"g":255,"type":"setColor","b":255,"r":255,"color":2,"duration":2,"ease":"inOutSine","angle":202.5},{"time":62,"color":3,"type":"noise","angle":67.5,"chance":0.94999998807907},{"time":64,"color":3,"type":"noise","angle":67.5,"chance":1},{"time":72,"color":3,"type":"noise","angle":135,"chance":0.94999998807907},{"time":72,"order":-999,"g":238,"type":"setColor","b":238,"r":238,"color":2,"ease":"linear","angle":180},{"time":72,"g":255,"type":"setColor","b":255,"r":255,"color":2,"duration":2,"ease":"inOutSine","angle":157.5},{"time":76,"order":-999,"g":238,"type":"setColor","b":238,"r":238,"color":2,"ease":"linear","angle":225},{"time":76,"g":255,"type":"setColor","b":255,"r":255,"color":2,"duration":2,"ease":"inOutSine","angle":202.5},{"time":79.5,"order":-999,"g":238,"type":"setColor","b":238,"r":238,"color":2,"ease":"linear","angle":337.5},{"time":79.5,"g":255,"type":"setColor","b":255,"r":255,"color":2,"duration":2,"ease":"inOutSine","angle":315},{"time":84,"order":-999,"g":238,"type":"setColor","b":238,"r":238,"color":2,"ease":"linear","angle":225},{"time":84,"g":255,"type":"setColor","b":255,"r":255,"color":2,"duration":2,"ease":"inOutSine","angle":202.5},{"time":88,"order":-999,"g":238,"type":"setColor","b":238,"r":238,"color":2,"ease":"linear","angle":247.5},{"time":88,"g":255,"type":"setColor","b":255,"r":255,"color":2,"duration":2,"ease":"inOutSine","angle":225},{"time":92,"order":-999,"g":238,"type":"setColor","b":238,"r":238,"color":2,"ease":"linear","angle":225},{"time":92,"g":255,"type":"setColor","b":255,"r":255,"color":2,"duration":2,"ease":"inOutSine","angle":202.5},{"time":96,"order":-999,"g":238,"type":"setColor","b":238,"r":238,"color":2,"ease":"linear","angle":225},{"time":96,"g":255,"type":"setColor","b":255,"r":255,"color":2,"duration":2,"ease":"inOutSine","angle":202.5},{"time":100,"order":-999,"g":238,"type":"setColor","b":238,"r":238,"color":2,"ease":"linear","angle":225},{"time":100,"g":255,"type":"setColor","b":255,"r":255,"color":2,"duration":2,"ease":"inOutSine","angle":202.5},{"time":104,"order":-999,"g":238,"type":"setColor","b":238,"r":238,"color":2,"ease":"linear","angle":225},{"time":104,"g":255,"type":"setColor","b":255,"r":255,"color":2,"duration":2,"ease":"inOutSine","angle":202.5},{"time":108,"order":-999,"g":238,"type":"setColor","b":238,"r":238,"color":2,"ease":"linear","angle":225},{"time":108,"g":255,"type":"setColor","b":255,"r":255,"color":2,"duration":2,"ease":"inOutSine","angle":202.5},{"time":112,"order":-999,"g":238,"type":"setColor","b":238,"r":238,"color":2,"ease":"linear","angle":225},{"time":112,"g":255,"type":"setColor","b":255,"r":255,"color":2,"duration":2,"ease":"inOutSine","angle":202.5},{"time":116,"order":-999,"g":238,"type":"setColor","b":238,"r":238,"color":2,"ease":"linear","angle":270},{"time":116,"g":255,"type":"setColor","b":255,"r":255,"color":2,"duration":2,"ease":"inOutSine","angle":247.5},{"time":120,"order":-999,"g":238,"type":"setColor","b":238,"r":238,"color":2,"ease":"linear","angle":225},{"time":120,"g":255,"type":"setColor","b":255,"r":255,"color":2,"duration":2,"ease":"inOutSine","angle":202.5},{"time":124,"order":-999,"g":238,"type":"setColor","b":238,"r":238,"color":2,"ease":"linear","angle":225},{"time":124,"g":255,"type":"setColor","b":255,"r":255,"color":2,"duration":2,"ease":"inOutSine","angle":202.5},{"time":128,"order":-999,"g":238,"type":"setColor","b":238,"r":238,"color":2,"ease":"linear","angle":225},{"time":128,"g":255,"type":"setColor","b":255,"r":255,"color":2,"duration":2,"ease":"inOutSine","angle":202.5},{"time":131.5,"color":0,"type":"noise","angle":337.5,"chance":0.98000001907349},{"time":18,"order":-999,"g":238,"type":"setColor","b":238,"r":238,"color":2,"ease":"linear","angle":225},{"time":18,"g":255,"type":"setColor","b":255,"r":255,"color":2,"duration":2,"ease":"inOutSine","angle":202.5},{"time":152,"order":-999,"g":238,"type":"setColor","b":238,"r":238,"color":2,"ease":"linear","angle":225},{"time":152,"g":255,"type":"setColor","b":255,"r":255,"color":2,"duration":2,"ease":"inOutSine","angle":202.5},{"time":168,"order":-999,"g":238,"type":"setColor","b":238,"r":238,"color":2,"ease":"linear","angle":225},{"time":168,"g":255,"type":"setColor","b":255,"r":255,"color":2,"duration":2,"ease":"inOutSine","angle":202.5},{"time":171,"order":-999,"g":238,"type":"setColor","b":238,"r":238,"color":2,"ease":"linear","angle":225},{"time":171,"g":255,"type":"setColor","b":255,"r":255,"color":2,"duration":2,"ease":"inOutSine","angle":202.5},{"time":174,"order":-999,"g":238,"type":"setColor","b":238,"r":238,"color":2,"ease":"linear","angle":225},{"time":174,"g":255,"type":"setColor","b":255,"r":255,"color":2,"duration":2,"ease":"inOutSine","angle":202.5},{"time":176,"order":-999,"g":238,"type":"setColor","b":238,"r":238,"color":2,"ease":"linear","angle":225},{"time":176,"g":255,"type":"setColor","b":255,"r":255,"color":2,"duration":2,"ease":"inOutSine","angle":202.5},{"time":179,"order":-999,"g":238,"type":"setColor","b":238,"r":238,"color":2,"ease":"linear","angle":225},{"time":179,"g":255,"type":"setColor","b":255,"r":255,"color":2,"duration":2,"ease":"inOutSine","angle":202.5},{"time":182,"order":-999,"g":238,"type":"setColor","b":238,"r":238,"color":2,"ease":"linear","angle":225},{"time":182,"g":255,"type":"setColor","b":255,"r":255,"color":2,"duration":2,"ease":"inOutSine","angle":202.5},{"time":184,"order":-999,"g":238,"type":"setColor","b":238,"r":238,"color":2,"ease":"linear","angle":225},{"time":184,"g":255,"type":"setColor","b":255,"r":255,"color":2,"duration":2,"ease":"inOutSine","angle":202.5},{"time":186,"order":-999,"g":238,"type":"setColor","b":238,"r":238,"color":2,"ease":"linear","angle":225},{"time":186,"g":255,"type":"setColor","b":255,"r":255,"color":2,"duration":2,"ease":"inOutSine","angle":202.5},{"time":187,"order":-999,"g":238,"type":"setColor","b":238,"r":238,"color":2,"ease":"linear","angle":225},{"time":187,"g":255,"type":"setColor","b":255,"r":255,"color":2,"duration":2,"ease":"inOutSine","angle":202.5},{"time":189,"order":-999,"g":238,"type":"setColor","b":238,"r":238,"color":2,"ease":"linear","angle":225},{"time":189,"g":255,"type":"setColor","b":255,"r":255,"color":2,"duration":2,"ease":"inOutSine","angle":202.5},{"time":190,"order":-999,"g":238,"type":"setColor","b":238,"r":238,"color":2,"ease":"linear","angle":225},{"time":190,"g":255,"type":"setColor","b":255,"r":255,"color":2,"duration":2,"ease":"inOutSine","angle":202.5},{"time":192,"order":-999,"g":238,"type":"setColor","b":238,"r":238,"color":2,"ease":"linear","angle":225},{"time":192,"g":255,"type":"setColor","b":255,"r":255,"color":2,"duration":2,"ease":"inOutSine","angle":202.5},{"time":193,"order":-999,"g":238,"type":"setColor","b":238,"r":238,"color":2,"ease":"linear","angle":225},{"time":193,"g":255,"type":"setColor","b":255,"r":255,"color":2,"duration":2,"ease":"inOutSine","angle":202.5},{"time":195,"order":-999,"g":238,"type":"setColor","b":238,"r":238,"color":2,"ease":"linear","angle":225},{"time":195,"g":255,"type":"setColor","b":255,"r":255,"color":2,"duration":2,"ease":"inOutSine","angle":202.5},{"time":199,"order":-999,"g":238,"type":"setColor","b":238,"r":238,"color":2,"ease":"linear","angle":225},{"time":199,"g":255,"type":"setColor","b":255,"r":255,"color":2,"duration":2,"ease":"inOutSine","angle":202.5},{"time":200,"order":-999,"g":238,"type":"setColor","b":238,"r":238,"color":2,"ease":"linear","angle":225},{"time":200,"g":255,"type":"setColor","b":255,"r":255,"color":2,"duration":2,"ease":"inOutSine","angle":202.5},{"time":204,"color":3,"type":"noise","angle":75,"chance":0.98000001907349},{"time":197,"order":-999,"g":238,"type":"setColor","b":238,"r":238,"color":2,"ease":"linear","angle":225},{"time":197,"g":255,"type":"setColor","b":255,"r":255,"color":2,"duration":2,"ease":"inOutSine","angle":202.5},{"time":198,"order":-999,"g":238,"type":"setColor","b":238,"r":238,"color":2,"ease":"linear","angle":225},{"time":198,"g":255,"type":"setColor","b":255,"r":255,"color":2,"duration":2,"ease":"inOutSine","angle":202.5},{"time":340,"order":-999,"g":238,"type":"setColor","b":238,"r":238,"color":2,"ease":"linear","angle":225},{"time":340,"g":255,"type":"setColor","b":255,"r":255,"color":2,"duration":2,"ease":"inOutSine","angle":202.5},{"time":356,"order":-999,"g":238,"type":"setColor","b":238,"r":238,"color":2,"ease":"linear","angle":225},{"time":356,"g":255,"type":"setColor","b":255,"r":255,"color":2,"duration":2,"ease":"inOutSine","angle":202.5},{"time":364,"order":-999,"g":238,"type":"setColor","b":238,"r":238,"color":2,"ease":"linear","angle":225},{"time":364,"g":255,"type":"setColor","b":255,"r":255,"color":2,"duration":2,"ease":"inOutSine","angle":202.5},{"time":372,"order":-999,"g":238,"type":"setColor","b":238,"r":238,"color":2,"ease":"linear","angle":225},{"time":372,"g":255,"type":"setColor","b":255,"r":255,"color":2,"duration":2,"ease":"inOutSine","angle":202.5},{"time":380,"order":-999,"g":238,"type":"setColor","b":238,"r":238,"color":2,"ease":"linear","angle":225},{"time":380,"g":255,"type":"setColor","b":255,"r":255,"color":2,"duration":2,"ease":"inOutSine","angle":202.5},{"time":388,"order":-999,"g":238,"type":"setColor","b":238,"r":238,"color":2,"ease":"linear","angle":225},{"time":388,"g":255,"type":"setColor","b":255,"r":255,"color":2,"duration":2,"ease":"inOutSine","angle":202.5},{"time":396,"order":-999,"g":238,"type":"setColor","b":238,"r":238,"color":2,"ease":"linear","angle":225},{"time":396,"g":255,"type":"setColor","b":255,"r":255,"color":2,"duration":2,"ease":"inOutSine","angle":202.5},{"time":404,"order":-999,"g":238,"type":"setColor","b":238,"r":238,"color":2,"ease":"linear","angle":225},{"time":404,"g":255,"type":"setColor","b":255,"r":255,"color":2,"duration":2,"ease":"inOutSine","angle":202.5},{"time":420,"order":-999,"g":238,"type":"setColor","b":238,"r":238,"color":2,"ease":"linear","angle":225},{"time":420,"g":255,"type":"setColor","b":255,"r":255,"color":2,"duration":2,"ease":"inOutSine","angle":202.5},{"time":422,"order":-999,"g":238,"type":"setColor","b":238,"r":238,"color":2,"ease":"linear","angle":225},{"time":422,"g":255,"type":"setColor","b":255,"r":255,"color":2,"duration":2,"ease":"inOutSine","angle":202.5},{"time":436,"order":-999,"g":238,"type":"setColor","b":238,"r":238,"color":2,"ease":"linear","angle":225},{"time":436,"g":255,"type":"setColor","b":255,"r":255,"color":2,"duration":2,"ease":"inOutSine","angle":202.5},{"time":452,"order":-999,"g":238,"type":"setColor","b":238,"r":238,"color":2,"ease":"linear","angle":225},{"time":452,"g":255,"type":"setColor","b":255,"r":255,"color":2,"duration":2,"ease":"inOutSine","angle":202.5},{"time":454,"order":-999,"g":238,"type":"setColor","b":238,"r":238,"color":2,"ease":"linear","angle":225},{"time":454,"g":255,"type":"setColor","b":255,"r":255,"color":2,"duration":2,"ease":"inOutSine","angle":202.5},{"time":476,"order":-999,"g":238,"type":"setColor","b":238,"r":238,"color":2,"ease":"linear","angle":225},{"time":476,"g":255,"type":"setColor","b":255,"r":255,"color":2,"duration":2,"ease":"inOutSine","angle":202.5},{"time":236,"color":3,"type":"noise","angle":67.5,"chance":0.97000002861023},{"time":340,"color":3,"type":"noise","angle":337.5,"chance":0.94999998807907},{"time":404,"color":3,"type":"noise","angle":112.5,"chance":0.95999997854233},{"time":476,"color":3,"type":"noise","angle":180,"chance":0},{"time":-8,"order":-999,"sprite":"line.png","x":0,"y":-100,"drawLayer":"bg","type":"deco","id":"line1","angle":202.5},{"time":-8,"order":-999,"sprite":"line.png","x":320,"y":-100,"drawLayer":"bg","type":"deco","id":"line2","angle":180},{"time":-8,"order":-999,"g":255,"type":"setColor","b":255,"r":255,"color":2,"angle":157.5},{"time":-8,"order":-999,"g":255,"type":"setColor","b":255,"r":255,"color":3,"angle":135},{"time":136,"order":-999,"g":238,"type":"setColor","b":238,"r":238,"color":2,"ease":"linear","angle":225},{"time":136,"g":255,"type":"setColor","b":255,"r":255,"color":2,"duration":2,"ease":"inOutSine","angle":202.5},{"time":204,"g":238,"type":"setColor","b":238,"r":238,"color":2,"duration":4,"ease":"inOutSine","angle":112.5},{"time":208,"g":255,"type":"setColor","b":255,"r":255,"color":2,"duration":4,"ease":"inOutSine","angle":112.5},{"time":212,"g":238,"type":"setColor","b":238,"r":238,"color":2,"duration":4,"ease":"inOutSine","angle":112.5},{"time":216,"g":255,"type":"setColor","b":255,"r":255,"color":2,"duration":4,"ease":"inOutSine","angle":112.5},{"time":220,"g":238,"type":"setColor","b":238,"r":238,"color":2,"duration":4,"ease":"inOutSine","angle":112.5},{"time":224,"g":255,"type":"setColor","b":255,"r":255,"color":2,"duration":4,"ease":"inOutSine","angle":112.5},{"time":228,"g":238,"type":"setColor","b":238,"r":238,"color":2,"duration":4,"ease":"inOutSine","angle":112.5},{"time":232,"g":255,"type":"setColor","b":255,"r":255,"color":2,"duration":4,"ease":"inOutSine","angle":112.5},{"time":236,"g":238,"type":"setColor","b":238,"r":238,"color":2,"duration":1,"ease":"inOutSine","angle":135},{"time":237,"g":255,"type":"setColor","b":255,"r":255,"color":2,"duration":1,"ease":"inOutSine","angle":135},{"time":238,"g":238,"type":"setColor","b":238,"r":238,"color":2,"duration":1,"ease":"inOutSine","angle":135},{"time":239,"g":255,"type":"setColor","b":255,"r":255,"color":2,"duration":1,"ease":"inOutSine","angle":135},{"time":240,"g":238,"type":"setColor","b":238,"r":238,"color":2,"duration":1,"ease":"inOutSine","angle":135},{"time":241,"g":255,"type":"setColor","b":255,"r":255,"color":2,"duration":1,"ease":"inOutSine","angle":135},{"time":242,"g":238,"type":"setColor","b":238,"r":238,"color":2,"duration":1,"ease":"inOutSine","angle":135},{"time":243,"g":255,"type":"setColor","b":255,"r":255,"color":2,"duration":1,"ease":"inOutSine","angle":135},{"time":244,"g":238,"type":"setColor","b":238,"r":238,"color":2,"duration":1,"ease":"inOutSine","angle":135},{"time":245,"g":255,"type":"setColor","b":255,"r":255,"color":2,"duration":1,"ease":"inOutSine","angle":135},{"time":246,"g":238,"type":"setColor","b":238,"r":238,"color":2,"duration":1,"ease":"inOutSine","angle":135},{"time":247,"g":255,"type":"setColor","b":255,"r":255,"color":2,"duration":1,"ease":"inOutSine","angle":135},{"time":248,"g":238,"type":"setColor","b":238,"r":238,"color":2,"duration":1,"ease":"inOutSine","angle":135},{"time":249,"g":255,"type":"setColor","b":255,"r":255,"color":2,"duration":1,"ease":"inOutSine","angle":135},{"time":250,"g":238,"type":"setColor","b":238,"r":238,"color":2,"duration":1,"ease":"inOutSine","angle":135},{"time":251,"g":255,"type":"setColor","b":255,"r":255,"color":2,"duration":1,"ease":"inOutSine","angle":135},{"time":252,"g":238,"type":"setColor","b":238,"r":238,"color":2,"duration":1,"ease":"inOutSine","angle":135},{"time":253,"g":255,"type":"setColor","b":255,"r":255,"color":2,"duration":1,"ease":"inOutSine","angle":135},{"time":254,"g":238,"type":"setColor","b":238,"r":238,"color":2,"duration":1,"ease":"inOutSine","angle":135},{"time":255,"g":255,"type":"setColor","b":255,"r":255,"color":2,"duration":1,"ease":"inOutSine","angle":135},{"time":256,"g":238,"type":"setColor","b":238,"r":238,"color":2,"duration":1,"ease":"inOutSine","angle":135},{"time":257,"g":255,"type":"setColor","b":255,"r":255,"color":2,"duration":1,"ease":"inOutSine","angle":135},{"time":258,"g":238,"type":"setColor","b":238,"r":238,"color":2,"duration":1,"ease":"inOutSine","angle":135},{"time":259,"g":255,"type":"setColor","b":255,"r":255,"color":2,"duration":1,"ease":"inOutSine","angle":135},{"time":260,"g":238,"type":"setColor","b":238,"r":238,"color":2,"duration":1,"ease":"inOutSine","angle":135},{"time":261,"g":255,"type":"setColor","b":255,"r":255,"color":2,"duration":1,"ease":"inOutSine","angle":135},{"time":262,"g":238,"type":"setColor","b":238,"r":238,"color":2,"duration":1,"ease":"inOutSine","angle":112.5},{"time":263,"g":255,"type":"setColor","b":255,"r":255,"color":2,"duration":1,"ease":"inOutSine","angle":135},{"time":236,"ease":"inOutSine","type":"ease","value":2,"duration":1,"var":"vfx.hwaves.strength","repeats":16,"repeatDelay":1,"angle":157.5},{"time":237,"ease":"inOutSine","type":"ease","value":0,"duration":1,"var":"vfx.hwaves.strength","repeats":16,"repeatDelay":1,"angle":157.5},{"time":-0,"order":-999,"g":175,"type":"setColor","b":175,"r":175,"color":3,"angle":315}],"properties":{"formatversion":12,"startBeat":0,"offset":8,"speed":77}}