[{"angle2":-180,"type":"hold","duration":3,"angle":45,"time":0},{"angle2":225,"type":"hold","duration":0.5,"angle":180,"time":3},{"angle2":180,"type":"hold","duration":0.5,"angle":225,"time":3.5},{"angle2":360,"type":"hold","duration":4,"angle":180,"time":4},{"time":7.5,"angle":337.5,"type":"extraTap"},{"time":7,"angle":315,"type":"extraTap"},{"time":6.5,"angle":292.5,"type":"extraTap"},{"time":6,"angle":270,"type":"extraTap"},{"time":8,"angle":360,"type":"inverse"},{"time":9.5,"angle":270,"type":"inverse"},{"time":11,"angle":225,"type":"inverse"},{"time":12,"angle":180,"type":"inverse"},{"time":13.5,"angle":247.5,"type":"inverse"},{"angle2":202.5,"type":"hold","duration":1,"angle":270,"time":15},{"angle2":416.25,"type":"hold","duration":1.5,"angle":202.5,"time":16},{"angle2":236.25,"type":"hold","duration":0,"angle":236.25,"time":15.5},{"angle2":-112.5,"type":"hold","duration":2.5,"angle":56.25,"time":17.5},{"angle2":315,"type":"hold","duration":0,"angle":315,"time":19},{"angle":247.41268920898,"type":"hold","duration":1.5,"angle2":449.91268920898,"time":20},{"angle":90,"type":"hold","duration":1.5,"angle2":-112.5,"time":21.5},{"time":24,"angle":315,"type":"inverse"},{"time":25.5,"angle":360,"type":"inverse"},{"time":27,"angle":90,"type":"inverse"},{"time":28,"angle":157.5,"type":"inverse"},{"time":29.5,"angle":270,"type":"inverse"},{"time":28.5,"angle":45,"type":"inverse"},{"time":30.5,"angle":450,"type":"mine"},{"time":30.5,"angle":135,"type":"mine"},{"time":30.5,"angle":112.5,"type":"mine"},{"time":30.5,"angle":270,"type":"mine"},{"time":30.5,"angle":292.5,"type":"mine"},{"time":30.5,"angle":315,"type":"mine"},{"time":30.5,"angle":225,"type":"mine"},{"time":30.5,"angle":202.5,"type":"mine"},{"time":30.5,"angle":180,"type":"mine"},{"time":31,"angle":360,"type":"mine"},{"time":31,"angle":337.5,"type":"mine"},{"time":31,"angle":315,"type":"mine"},{"time":31,"angle":270,"type":"mine"},{"time":31,"angle":247.5,"type":"mine"},{"time":31,"angle":225,"type":"mine"},{"time":31,"angle":180,"type":"mine"},{"time":31,"angle":157.5,"type":"mine"},{"time":31,"angle":135,"type":"mine"},{"time":31.5,"angle":45,"type":"mine"},{"time":31.5,"angle":22.5,"type":"mine"},{"time":31.5,"angle":0,"type":"mine"},{"time":31.5,"angle":-45,"type":"mine"},{"time":31.5,"angle":-67.5,"type":"mine"},{"time":31.5,"angle":-90,"type":"mine"},{"time":31.5,"angle":-135,"type":"mine"},{"time":31.5,"angle":202.5,"type":"mine"},{"time":31.5,"angle":180,"type":"mine"},{"time":32,"angle":67.5,"type":"block"},{"time":33.5,"angle":135,"type":"block"},{"time":35,"angle":45,"type":"block"},{"time":36,"angle":67.5,"type":"side"},{"time":37.5,"angle":90,"type":"block"},{"time":30.5,"angle":382.5,"type":"block"},{"time":31,"angle":67.5,"type":"block"},{"time":31.5,"angle":112.5,"type":"block"},{"angle2":67.5,"type":"mineHold","duration":1.5,"angle":0,"time":32},{"angle2":247.5,"type":"mineHold","duration":1.5,"angle":180,"time":32},{"angle2":337.5,"type":"mineHold","duration":1.5,"angle":270,"time":32},{"angle":315,"type":"mineHold","duration":0.75,"angle2":247.5,"time":35},{"angle2":157.5,"type":"mineHold","duration":0.75,"angle":225,"time":35},{"angle2":67.5,"type":"mineHold","duration":0.75,"angle":135,"time":35},{"angle2":405,"type":"mineHold","duration":1.5,"angle":337.5,"time":32},{"angle2":382.5,"type":"mineHold","duration":1.5,"angle":315,"time":32},{"angle2":360,"type":"mineHold","duration":1.5,"angle":292.5,"time":32},{"angle2":315,"type":"mineHold","duration":1.5,"angle":247.5,"time":32},{"angle2":292.5,"type":"mineHold","duration":1.5,"angle":225,"time":32},{"angle2":270,"type":"mineHold","duration":1.5,"angle":202.5,"time":32},{"angle2":225,"type":"mineHold","duration":1.5,"angle":157.5,"time":32},{"angle2":202.5,"type":"mineHold","duration":1.5,"angle":135,"time":32},{"angle":337.5,"type":"mineHold","duration":0.75,"angle2":270,"time":35},{"angle":157.5,"type":"mineHold","duration":0.75,"angle2":90,"time":35},{"angle":180,"type":"mineHold","duration":0.75,"angle2":112.5,"time":35},{"angle":202.5,"type":"mineHold","duration":0.75,"angle2":135,"time":35},{"angle":247.5,"type":"mineHold","duration":0.75,"angle2":180,"time":35},{"angle":270,"type":"mineHold","duration":0.75,"angle2":202.5,"time":35},{"angle":292.5,"type":"mineHold","duration":0.75,"angle2":225,"time":35},{"angle":360,"type":"mineHold","duration":0.75,"angle2":292.5,"time":35},{"angle":202.5,"type":"mineHold","duration":1.5,"angle2":135,"time":33.5},{"angle":225,"type":"mineHold","duration":1.5,"angle2":157.5,"time":33.5},{"angle":247.5,"type":"mineHold","duration":1.5,"angle2":180,"time":33.5},{"angle":270,"type":"mineHold","duration":1.5,"angle2":202.5,"time":33.5},{"angle":292.5,"type":"mineHold","duration":1.5,"angle2":225,"time":33.5},{"angle":315,"type":"mineHold","duration":1.5,"angle2":247.5,"time":33.5},{"angle":337.5,"type":"mineHold","duration":1.5,"angle2":270,"time":33.5},{"angle":360,"type":"mineHold","duration":1.5,"angle2":292.5,"time":33.5},{"angle":22.5,"type":"mineHold","duration":1.5,"angle2":-45,"time":33.5},{"angle":45,"type":"mineHold","duration":1.5,"angle2":-22.5,"time":33.5},{"angle":67.5,"type":"mineHold","duration":1.5,"angle2":0,"time":33.5},{"angle2":-157.5,"type":"mineHold","duration":1.5,"angle":0,"time":37.5},{"angle":337.5,"type":"mineHold","duration":1.5,"angle2":180,"time":37.5},{"angle":315,"type":"mineHold","duration":1.5,"angle2":157.5,"time":37.5},{"angle":292.5,"type":"mineHold","duration":1.5,"angle2":135,"time":37.5},{"angle":270,"type":"mineHold","duration":1.5,"angle2":112.5,"time":37.5},{"angle":247.5,"type":"mineHold","duration":1.5,"angle2":90,"time":37.5},{"angle":225,"type":"mineHold","duration":1.5,"angle2":67.5,"time":37.5},{"angle":202.5,"type":"mineHold","duration":1.5,"angle2":45,"time":37.5},{"angle":180,"type":"mineHold","duration":1.5,"angle2":22.5,"time":37.5},{"angle":157.5,"type":"mineHold","duration":1.5,"angle2":0,"time":37.5},{"angle":22.5,"type":"mineHold","duration":1.5,"angle2":-135,"time":37.5},{"time":39,"angle":315,"type":"block"},{"time":40,"angle":270,"type":"block"},{"time":40.5,"angle":202.5,"type":"block"},{"time":42.5,"angle":337.5,"type":"block"},{"time":43,"angle":292.5,"type":"block"},{"time":43.5,"angle":90,"type":"block"},{"time":41.5,"angle":270,"type":"block"},{"time":44,"angle":315,"type":"block"},{"time":44.5,"angle":292.5,"type":"block"},{"time":45.5,"angle":292.5,"type":"block"},{"time":46.5,"angle":90,"type":"block"},{"time":47,"angle":22.5,"type":"block"},{"time":47.5,"angle":90,"type":"block"},{"time":48,"angle":180,"type":"block"},{"time":48.5,"angle":112.5,"type":"block"},{"time":49.5,"angle":45,"type":"block"},{"time":50.5,"angle":225,"type":"block"},{"time":51,"angle":315,"type":"block"},{"time":51.5,"angle":225,"type":"block"},{"time":52,"angle":0,"type":"block"},{"time":52.5,"angle":315,"type":"block"},{"time":53.5,"angle":247.5,"type":"block"},{"time":54.5,"angle":315,"type":"block"},{"time":55,"angle":247.5,"type":"block"},{"time":55.5,"angle":0,"type":"block"},{"time":56,"angle":67.5,"type":"block"},{"time":56.5,"angle":67.5,"type":"block"},{"time":57.5,"angle":67.5,"type":"block"},{"time":58,"angle":67.5,"type":"block"},{"time":59,"angle":67.5,"type":"block"},{"time":59.5,"angle":67.5,"type":"block"},{"time":60.5,"angle":67.5,"type":"block"},{"time":61,"angle":67.5,"type":"block"},{"time":62,"angle":67.5,"type":"block"},{"time":62.5,"angle":67.5,"type":"block"},{"time":63,"angle":67.5,"type":"block"},{"time":63.5,"angle":67.5,"type":"block"},{"time":64,"angle":67.5,"type":"block"},{"time":65.5,"angle":67.5,"type":"block"},{"time":64.5,"angle":67.5,"type":"block"},{"time":66.5,"angle":90,"type":"block"},{"time":67,"angle":157.5,"type":"block"},{"time":67.5,"angle":247.5,"type":"block"},{"time":69.5,"angle":315,"type":"block"},{"time":69,"angle":225,"type":"block"},{"time":68.5,"angle":292.5,"type":"block"},{"time":70,"angle":270,"type":"block"},{"time":70.5,"angle":315,"type":"block"},{"time":71.5,"angle":292.5,"type":"block"},{"time":71,"angle":247.5,"type":"block"},{"angle":315,"type":"hold","duration":0.5,"angle2":247.5,"time":72},{"angle":292.5,"type":"hold","duration":0.5,"angle2":247.5,"time":72},{"angle":270,"type":"hold","duration":0.5,"angle2":247.5,"time":72},{"time":76,"angle":247.5,"type":"extraTap"},{"time":80,"angle":270,"type":"extraTap"},{"time":84,"angle":270,"type":"extraTap"},{"time":88,"angle":270,"type":"extraTap"},{"time":90,"angle":270,"type":"extraTap"},{"time":92,"angle":270,"type":"extraTap"},{"time":82,"angle":270,"type":"extraTap"},{"time":74,"angle":247.5,"type":"extraTap"},{"time":72,"angle":247.5,"type":"extraTap"},{"angle":247.5,"type":"hold","duration":1,"angle2":247.5,"time":72.5},{"time":77,"angle":270,"type":"side"},{"time":77.5,"angle":202.5,"type":"side"},{"time":78,"angle":292.5,"type":"side"},{"time":79,"angle":315,"type":"side"},{"time":79.5,"angle":360,"type":"side"},{"time":76.5,"angle":202.5,"type":"side"},{"angle":-405,"type":"hold","duration":0.5,"angle2":-337.5,"time":80},{"angle":-382.5,"type":"hold","duration":0.5,"angle2":-337.5,"time":80},{"angle":-360,"type":"hold","duration":0.5,"angle2":-337.5,"time":80},{"angle":-337.5,"type":"hold","duration":1,"angle2":-337.5,"time":80.5},{"time":85,"angle":-450,"type":"side"},{"time":85.5,"angle":-382.5,"type":"side"},{"time":86,"angle":-472.5,"type":"side"},{"time":87,"angle":-495,"type":"side"},{"time":87.5,"angle":-540,"type":"side"},{"time":84.5,"angle":-382.5,"type":"side"},{"time":93,"angle":-270,"type":"side"},{"time":93.5,"angle":-202.5,"type":"side"},{"time":94,"angle":-292.5,"type":"side"},{"time":95,"angle":-315,"type":"side"},{"time":95.5,"angle":-360,"type":"side"},{"time":92.5,"angle":-202.5,"type":"side"},{"angle":202.5,"type":"hold","duration":0.5,"angle2":135,"time":88},{"angle":180,"type":"hold","duration":0.5,"angle2":135,"time":88},{"angle":157.5,"type":"hold","duration":0.5,"angle2":135,"time":88},{"angle":135,"type":"hold","duration":1,"angle2":135,"time":88.5},{"angle2":-90,"type":"hold","duration":1.5,"angle":0,"time":96},{"angle2":157.5,"type":"hold","duration":1.5,"angle":270,"time":97.5},{"angle2":247.5,"type":"hold","duration":2.5,"angle":157.5,"time":99},{"angle2":202.5,"type":"hold","duration":2,"angle":175.51045227051,"time":99.5},{"angle":202.5,"type":"hold","duration":0.5,"angle2":225,"time":101.5},{"angle":247.5,"type":"hold","duration":0.5,"angle2":225,"time":101.5},{"angle":202.66770935059,"type":"hold","duration":1.75,"angle2":224.97277832031,"time":100.25},{"angle2":1532,"type":"hold","duration":17.5,"angle":157.5,"time":104},{"angle2":309.1403503418,"type":"hold","duration":1,"angle":180,"time":104.5},{"angle":405,"type":"hold","duration":1,"angle2":405,"time":106.75},{"angle":405,"type":"hold","duration":1,"angle2":450,"time":107.25},{"angle":157.5,"type":"hold","duration":0.75,"angle2":247.5,"time":108.75},{"angle2":292.5,"type":"hold","duration":1,"angle":270,"time":109.5},{"angle2":360,"type":"hold","duration":1,"angle":315,"time":110.5},{"angle2":405,"type":"hold","duration":1,"angle":360,"time":111},{"angle2":90,"type":"hold","duration":1,"angle":45,"time":111.5},{"angle2":292.5,"type":"hold","duration":1,"angle":180,"time":113.5},{"angle2":337.5,"type":"hold","duration":0.5,"angle":337.5,"time":115.5},{"angle2":315,"type":"hold","duration":0.5,"angle":315,"time":115},{"angle2":22.5,"type":"hold","duration":0.5,"angle":22.5,"time":116},{"angle2":180,"type":"hold","duration":1,"angle":67.5,"time":116.5},{"angle2":247.5,"type":"hold","duration":1,"angle":135,"time":117.5},{"angle2":337.5,"type":"hold","duration":1,"angle":202.5,"time":118.5},{"angle2":360,"type":"hold","duration":1,"angle":292.5,"time":119.5},{"angle2":270,"type":"hold","duration":1,"angle":270,"time":119},{"holdEase":"inElastic","angle2":0,"type":"hold","duration":4.5,"time":121.5,"angle":90},{"angle":45,"type":"hold","duration":2,"time":128,"angle2":45},{"angle2":67.5,"type":"hold","duration":1,"time":131,"angle":45},{"angle":56.25,"type":"hold","time":131.5,"duration":0.5,"angle2":56.25},{"angle2":112.5,"type":"hold","time":134,"duration":0.5,"angle":90},{"angle2":337.5,"type":"hold","duration":1.5,"angle":157.5,"time":136},{"angle2":22.5,"type":"hold","time":135,"duration":0.5,"angle":45},{"angle":45,"type":"hold","duration":1,"angle2":157.5,"time":139},{"angle":22.5,"type":"hold","duration":1.5,"time":141.5,"angle2":337.5},{"time":144,"angle":0,"type":"extraTap"},{"angle":67.5,"type":"hold","duration":1.5,"time":148,"angle2":135},{"angle":0,"type":"hold","duration":1,"angle2":-67.5,"time":151},{"time":150,"angle":270,"type":"extraTap"},{"time":152,"angle":270,"type":"extraTap"},{"angle":-67.5,"type":"hold","duration":3,"time":160,"angle2":157.5},{"angle":-202.5,"type":"hold","duration":0.5,"time":163,"angle2":-247.5},{"angle":-247.5,"type":"hold","duration":0.5,"time":163.5,"angle2":-202.5},{"angle":-202.5,"type":"hold","duration":4,"time":164,"angle2":-382.5},{"time":167,"angle":-337.5,"type":"extraTap"},{"time":166.5,"angle":-315,"type":"extraTap"},{"time":166,"angle":-292.5,"type":"extraTap"},{"time":168,"angle":-382.5,"type":"inverse"},{"time":169.5,"angle":-292.5,"type":"inverse"},{"time":171,"angle":-247.5,"type":"inverse"},{"time":172,"angle":-202.5,"type":"inverse"},{"time":173.5,"angle":-270,"type":"inverse"},{"angle2":-225,"type":"hold","duration":1,"angle":-292.5,"time":175},{"angle":-225,"type":"hold","duration":1.5,"time":176,"angle2":-438.75},{"angle":-258.75,"type":"hold","duration":0,"time":175.5,"angle2":-258.75},{"angle":-78.75,"type":"hold","duration":2.5,"time":177.5,"angle2":90},{"angle":-337.5,"type":"hold","duration":0,"time":179,"angle2":-337.5},{"angle2":-472.41268920898,"type":"hold","duration":1.5,"time":180,"angle":-269.91268920898},{"angle2":90,"type":"hold","duration":1.5,"time":181.5,"angle":-112.5},{"time":184,"angle":-337.5,"type":"inverse"},{"time":185.5,"angle":-382.5,"type":"inverse"},{"time":187,"angle":-112.5,"type":"inverse"},{"time":188,"angle":-180,"type":"inverse"},{"time":189.5,"angle":-292.5,"type":"inverse"},{"time":188.5,"angle":-67.5,"type":"inverse"},{"time":190.5,"angle":-472.5,"type":"mine"},{"time":190.5,"angle":-157.5,"type":"mine"},{"time":190.5,"angle":-135,"type":"mine"},{"time":190.5,"angle":-292.5,"type":"mine"},{"time":190.5,"angle":-315,"type":"mine"},{"time":190.5,"angle":-337.5,"type":"mine"},{"time":190.5,"angle":-247.5,"type":"mine"},{"time":190.5,"angle":-225,"type":"mine"},{"time":190.5,"angle":-202.5,"type":"mine"},{"time":191,"angle":-382.5,"type":"mine"},{"time":191,"angle":-360,"type":"mine"},{"time":191,"angle":-337.5,"type":"mine"},{"time":191,"angle":-292.5,"type":"mine"},{"time":191,"angle":-270,"type":"mine"},{"time":191,"angle":-247.5,"type":"mine"},{"time":191,"angle":-202.5,"type":"mine"},{"time":191,"angle":-180,"type":"mine"},{"time":191,"angle":-157.5,"type":"mine"},{"time":191.5,"angle":-67.5,"type":"mine"},{"time":191.5,"angle":-45,"type":"mine"},{"time":191.5,"angle":-22.5,"type":"mine"},{"time":191.5,"angle":22.5,"type":"mine"},{"time":191.5,"angle":45,"type":"mine"},{"time":191.5,"angle":67.5,"type":"mine"},{"time":191.5,"angle":112.5,"type":"mine"},{"time":191.5,"angle":-225,"type":"mine"},{"time":191.5,"angle":-202.5,"type":"mine"},{"time":192,"angle":-90,"type":"block"},{"time":193.5,"angle":-157.5,"type":"block"},{"time":195,"angle":-67.5,"type":"block"},{"time":196,"angle":-90,"type":"side"},{"time":197.5,"angle":-112.5,"type":"block"},{"time":190.5,"angle":-405,"type":"block"},{"time":191,"angle":-90,"type":"block"},{"time":191.5,"angle":-135,"type":"block"},{"angle":-22.5,"type":"mineHold","duration":1.5,"time":192,"angle2":-90},{"angle":-202.5,"type":"mineHold","duration":1.5,"time":192,"angle2":-270},{"angle":-292.5,"type":"mineHold","duration":1.5,"time":192,"angle2":-360},{"angle2":-270,"type":"mineHold","duration":0.75,"time":195,"angle":-337.5},{"angle":-247.5,"type":"mineHold","duration":0.75,"time":195,"angle2":-180},{"angle":-157.5,"type":"mineHold","duration":0.75,"time":195,"angle2":-90},{"angle":-360,"type":"mineHold","duration":1.5,"time":192,"angle2":-427.5},{"angle":-337.5,"type":"mineHold","duration":1.5,"time":192,"angle2":-405},{"angle":-315,"type":"mineHold","duration":1.5,"time":192,"angle2":-382.5},{"angle":-270,"type":"mineHold","duration":1.5,"time":192,"angle2":-337.5},{"angle":-247.5,"type":"mineHold","duration":1.5,"time":192,"angle2":-315},{"angle":-225,"type":"mineHold","duration":1.5,"time":192,"angle2":-292.5},{"angle":-180,"type":"mineHold","duration":1.5,"time":192,"angle2":-247.5},{"angle":-157.5,"type":"mineHold","duration":1.5,"time":192,"angle2":-225},{"angle2":-292.5,"type":"mineHold","duration":0.75,"time":195,"angle":-360},{"angle2":-112.5,"type":"mineHold","duration":0.75,"time":195,"angle":-180},{"angle2":-135,"type":"mineHold","duration":0.75,"time":195,"angle":-202.5},{"angle2":-157.5,"type":"mineHold","duration":0.75,"time":195,"angle":-225},{"angle2":-202.5,"type":"mineHold","duration":0.75,"time":195,"angle":-270},{"angle2":-225,"type":"mineHold","duration":0.75,"time":195,"angle":-292.5},{"angle2":-247.5,"type":"mineHold","duration":0.75,"time":195,"angle":-315},{"angle2":-315,"type":"mineHold","duration":0.75,"time":195,"angle":-382.5},{"angle2":-157.5,"type":"mineHold","duration":1.5,"time":193.5,"angle":-225},{"angle2":-180,"type":"mineHold","duration":1.5,"time":193.5,"angle":-247.5},{"angle2":-202.5,"type":"mineHold","duration":1.5,"time":193.5,"angle":-270},{"angle2":-225,"type":"mineHold","duration":1.5,"time":193.5,"angle":-292.5},{"angle2":-247.5,"type":"mineHold","duration":1.5,"time":193.5,"angle":-315},{"angle2":-270,"type":"mineHold","duration":1.5,"time":193.5,"angle":-337.5},{"angle2":-292.5,"type":"mineHold","duration":1.5,"time":193.5,"angle":-360},{"angle2":-315,"type":"mineHold","duration":1.5,"time":193.5,"angle":-382.5},{"angle2":22.5,"type":"mineHold","duration":1.5,"time":193.5,"angle":-45},{"angle2":0,"type":"mineHold","duration":1.5,"time":193.5,"angle":-67.5},{"angle2":-22.5,"type":"mineHold","duration":1.5,"time":193.5,"angle":-90},{"angle":-22.5,"type":"mineHold","duration":1.5,"time":197.5,"angle2":135},{"angle2":-202.5,"type":"mineHold","duration":1.5,"time":197.5,"angle":-360},{"angle2":-180,"type":"mineHold","duration":1.5,"time":197.5,"angle":-337.5},{"angle2":-157.5,"type":"mineHold","duration":1.5,"time":197.5,"angle":-315},{"angle2":-135,"type":"mineHold","duration":1.5,"time":197.5,"angle":-292.5},{"angle2":-112.5,"type":"mineHold","duration":1.5,"time":197.5,"angle":-270},{"angle2":-90,"type":"mineHold","duration":1.5,"time":197.5,"angle":-247.5},{"angle2":-67.5,"type":"mineHold","duration":1.5,"time":197.5,"angle":-225},{"angle2":-45,"type":"mineHold","duration":1.5,"time":197.5,"angle":-202.5},{"angle2":-22.5,"type":"mineHold","duration":1.5,"time":197.5,"angle":-180},{"angle2":112.5,"type":"mineHold","duration":1.5,"time":197.5,"angle":-45},{"time":199,"angle":-337.5,"type":"block"},{"time":200,"angle":-292.5,"type":"block"},{"time":200.5,"angle":-225,"type":"block"},{"time":202.5,"angle":-360,"type":"block"},{"time":203,"angle":-315,"type":"block"},{"time":203.5,"angle":-112.5,"type":"block"},{"time":201.5,"angle":-292.5,"type":"block"},{"time":204,"angle":-337.5,"type":"block"},{"time":204.5,"angle":-315,"type":"block"},{"time":205.5,"angle":-315,"type":"block"},{"time":206.5,"angle":-112.5,"type":"block"},{"time":207,"angle":-45,"type":"block"},{"time":207.5,"angle":-112.5,"type":"block"},{"time":208,"angle":-202.5,"type":"block"},{"time":208.5,"angle":-135,"type":"block"},{"time":209.5,"angle":-67.5,"type":"block"},{"time":210.5,"angle":-247.5,"type":"block"},{"time":211,"angle":-337.5,"type":"block"},{"time":211.5,"angle":-247.5,"type":"block"},{"time":212,"angle":-22.5,"type":"block"},{"time":212.5,"angle":-337.5,"type":"block"},{"time":213.5,"angle":-270,"type":"block"},{"time":214.5,"angle":-337.5,"type":"block"},{"time":215,"angle":-270,"type":"block"},{"time":215.5,"angle":-22.5,"type":"block"},{"time":216,"angle":-90,"type":"block"},{"time":216.5,"angle":-90,"type":"block"},{"time":217.5,"angle":-90,"type":"block"},{"time":218,"angle":-90,"type":"block"},{"time":219,"angle":-90,"type":"block"},{"time":219.5,"angle":-90,"type":"block"},{"time":220.5,"angle":-90,"type":"block"},{"time":221,"angle":-90,"type":"block"},{"time":222,"angle":-90,"type":"block"},{"time":222.5,"angle":-90,"type":"block"},{"time":223,"angle":-90,"type":"block"},{"time":223.5,"angle":-90,"type":"block"},{"time":224,"angle":-90,"type":"block"},{"time":225.5,"angle":-90,"type":"block"},{"time":224.5,"angle":-90,"type":"block"},{"time":226.5,"angle":-112.5,"type":"block"},{"time":227,"angle":-180,"type":"block"},{"time":227.5,"angle":-270,"type":"block"},{"time":229.5,"angle":-337.5,"type":"block"},{"time":229,"angle":-247.5,"type":"block"},{"time":228.5,"angle":-315,"type":"block"},{"time":230,"angle":-292.5,"type":"block"},{"time":230.5,"angle":-337.5,"type":"block"},{"time":231.5,"angle":-315,"type":"block"},{"time":231,"angle":-270,"type":"block"},{"angle2":-270,"type":"hold","duration":0.5,"time":232,"angle":-337.5},{"angle2":-270,"type":"hold","duration":0.5,"time":232,"angle":-315},{"angle2":-270,"type":"hold","duration":0.5,"time":232,"angle":-292.5},{"time":236,"angle":-270,"type":"extraTap"},{"time":240,"angle":-292.5,"type":"extraTap"},{"time":244,"angle":-292.5,"type":"extraTap"},{"time":248,"angle":-292.5,"type":"extraTap"},{"time":250,"angle":-292.5,"type":"extraTap"},{"time":252,"angle":-292.5,"type":"extraTap"},{"time":242,"angle":-292.5,"type":"extraTap"},{"time":234,"angle":-270,"type":"extraTap"},{"time":232,"angle":-270,"type":"extraTap"},{"angle2":-270,"type":"hold","duration":1,"time":232.5,"angle":-270},{"time":237,"angle":-292.5,"type":"side"},{"time":237.5,"angle":-225,"type":"side"},{"time":238,"angle":-315,"type":"side"},{"time":239,"angle":-337.5,"type":"side"},{"time":239.5,"angle":-382.5,"type":"side"},{"time":236.5,"angle":-225,"type":"side"},{"angle2":315,"type":"hold","duration":0.5,"time":240,"angle":382.5},{"angle2":315,"type":"hold","duration":0.5,"time":240,"angle":360},{"angle2":315,"type":"hold","duration":0.5,"time":240,"angle":337.5},{"angle2":315,"type":"hold","duration":1,"time":240.5,"angle":315},{"time":245,"angle":427.5,"type":"side"},{"time":245.5,"angle":360,"type":"side"},{"time":246,"angle":450,"type":"side"},{"time":247,"angle":472.5,"type":"side"},{"time":247.5,"angle":517.5,"type":"side"},{"time":244.5,"angle":360,"type":"side"},{"time":253,"angle":247.5,"type":"side"},{"time":253.5,"angle":180,"type":"side"},{"time":254,"angle":270,"type":"side"},{"time":255,"angle":292.5,"type":"side"},{"time":255.5,"angle":337.5,"type":"side"},{"time":252.5,"angle":180,"type":"side"},{"angle2":-157.5,"type":"hold","duration":0.5,"time":248,"angle":-225},{"angle2":-157.5,"type":"hold","duration":0.5,"time":248,"angle":-202.5},{"angle2":-157.5,"type":"hold","duration":0.5,"time":248,"angle":-180},{"angle2":-157.5,"type":"hold","duration":1,"time":248.5,"angle":-157.5},{"angle":-22.5,"type":"hold","duration":1.5,"time":256,"angle2":67.5},{"angle":-292.5,"type":"hold","duration":1.5,"time":257.5,"angle2":-180},{"angle":-180,"type":"hold","duration":2.5,"time":259,"angle2":-270},{"angle":-198.01045227051,"type":"hold","duration":2,"time":259.5,"angle2":-225},{"angle2":-247.5,"type":"hold","duration":0.5,"time":261.5,"angle":-225},{"angle2":-247.5,"type":"hold","duration":0.5,"time":261.5,"angle":-270},{"angle2":-247.47277832031,"type":"hold","duration":1.75,"time":260.25,"angle":-225.16770935059},{"angle":-180,"type":"hold","duration":17.5,"time":264,"angle2":-1554.5},{"angle":-202.5,"type":"hold","duration":1,"time":264.5,"angle2":-331.6403503418},{"angle2":-427.5,"type":"hold","duration":1,"time":266.75,"angle":-427.5},{"angle2":-472.5,"type":"hold","duration":1,"time":267.25,"angle":-427.5},{"angle2":-270,"type":"hold","duration":0.75,"time":268.75,"angle":-180},{"angle":-292.5,"type":"hold","duration":1,"time":269.5,"angle2":-315},{"angle":-337.5,"type":"hold","duration":1,"time":270.5,"angle2":-382.5},{"angle":-382.5,"type":"hold","duration":1,"time":271,"angle2":-427.5},{"angle":-67.5,"type":"hold","duration":1,"time":271.5,"angle2":-112.5},{"angle":-202.5,"type":"hold","duration":1,"time":273.5,"angle2":-315},{"angle":-360,"type":"hold","duration":0.5,"time":275.5,"angle2":-360},{"angle":-337.5,"type":"hold","duration":0.5,"time":275,"angle2":-337.5},{"angle":-45,"type":"hold","duration":0.5,"time":276,"angle2":-45},{"angle":-90,"type":"hold","duration":1,"time":276.5,"angle2":-202.5},{"angle":-157.5,"type":"hold","duration":1,"time":277.5,"angle2":-270},{"angle":-225,"type":"hold","duration":1,"time":278.5,"angle2":-360},{"angle":-315,"type":"hold","duration":1,"time":279.5,"angle2":-382.5},{"angle":-292.5,"type":"hold","duration":1,"time":279,"angle2":-292.5},{"holdEase":"inElastic","angle2":-22.5,"type":"hold","duration":4.5,"angle":-112.5,"time":281.5},{"angle2":-67.5,"type":"hold","duration":2,"angle":-67.5,"time":288},{"angle":-67.5,"type":"hold","duration":1,"angle2":-90,"time":291},{"angle":-78.75,"type":"hold","time":291.5,"angle2":-78.75,"duration":0.5},{"angle2":-135,"type":"hold","time":294,"angle":-112.5,"duration":0.5},{"angle2":-360,"type":"hold","duration":1.5,"time":296,"angle":-180},{"angle2":-45,"type":"hold","time":295,"angle":-67.5,"duration":0.5},{"angle2":-180,"type":"hold","duration":1,"time":299,"angle":-67.5},{"angle2":-360,"type":"hold","duration":1.5,"angle":-45,"time":301.5},{"time":304,"angle":-22.5,"type":"extraTap"},{"angle2":-157.5,"type":"hold","duration":1.5,"angle":-90,"time":308},{"angle2":45,"type":"hold","duration":1,"time":311,"angle":-22.5},{"time":310,"angle":-292.5,"type":"extraTap"},{"time":312,"angle":-292.5,"type":"extraTap"},{"time":196.5,"angle":270,"type":"inverse"},{"time":217,"angle":270,"type":"extraTap"},{"time":57,"angle":67.5,"type":"extraTap"},{"time":58.5,"angle":67.5,"type":"extraTap"},{"time":60,"angle":67.5,"type":"extraTap"},{"time":61.5,"angle":67.5,"type":"extraTap"},{"time":64,"angle":90,"type":"extraTap"},{"time":218.5,"angle":270,"type":"extraTap"},{"time":220,"angle":270,"type":"extraTap"},{"time":221.5,"angle":270,"type":"extraTap"},{"time":224,"angle":292.5,"type":"extraTap"},{"angle":-607.5,"type":"hold","time":320,"duration":3,"angle2":-382.5},{"angle":-742.5,"type":"hold","time":323,"duration":0.5,"angle2":-787.5},{"angle":-787.5,"type":"hold","time":323.5,"duration":0.5,"angle2":-742.5},{"angle":-742.5,"type":"hold","time":324,"duration":4,"angle2":-922.5},{"time":327.5,"angle":-900,"type":"extraTap"},{"time":327,"angle":-877.5,"type":"extraTap"},{"time":326.5,"angle":-855,"type":"extraTap"},{"time":326,"angle":-832.5,"type":"extraTap"},{"time":328,"angle":-922.5,"type":"inverse"},{"time":329.5,"angle":-832.5,"type":"inverse"},{"time":331,"angle":-787.5,"type":"inverse"},{"time":332,"angle":-742.5,"type":"inverse"},{"time":333.5,"angle":-810,"type":"inverse"},{"angle":-832.5,"type":"hold","time":335,"duration":1,"angle2":-765},{"angle":-765,"type":"hold","time":336,"duration":1.5,"angle2":-978.75},{"angle":-798.75,"type":"hold","time":335.5,"duration":0,"angle2":-798.75},{"angle":-618.75,"type":"hold","time":337.5,"duration":2.5,"angle2":-450},{"angle":-877.5,"type":"hold","time":339,"duration":0,"angle2":-877.5},{"angle2":-1012.412689209,"type":"hold","time":340,"duration":1.5,"angle":-809.91268920898},{"angle2":-450,"type":"hold","time":341.5,"duration":1.5,"angle":-652.5},{"time":344,"angle":-877.5,"type":"inverse"},{"time":345.5,"angle":-922.5,"type":"inverse"},{"time":347,"angle":-652.5,"type":"inverse"},{"time":348,"angle":-720,"type":"inverse"},{"time":349.5,"angle":-832.5,"type":"inverse"},{"time":348.5,"angle":-607.5,"type":"inverse"},{"time":350.5,"angle":-1012.5,"type":"mine"},{"time":350.5,"angle":-697.5,"type":"mine"},{"time":350.5,"angle":-675,"type":"mine"},{"time":350.5,"angle":-832.5,"type":"mine"},{"time":350.5,"angle":-855,"type":"mine"},{"time":350.5,"angle":-877.5,"type":"mine"},{"time":350.5,"angle":-787.5,"type":"mine"},{"time":350.5,"angle":-765,"type":"mine"},{"time":350.5,"angle":-742.5,"type":"mine"},{"time":351,"angle":-922.5,"type":"mine"},{"time":351,"angle":-900,"type":"mine"},{"time":351,"angle":-877.5,"type":"mine"},{"time":351,"angle":-832.5,"type":"mine"},{"time":351,"angle":-810,"type":"mine"},{"time":351,"angle":-787.5,"type":"mine"},{"time":351,"angle":-742.5,"type":"mine"},{"time":351,"angle":-720,"type":"mine"},{"time":351,"angle":-697.5,"type":"mine"},{"time":351.5,"angle":-607.5,"type":"mine"},{"time":351.5,"angle":-585,"type":"mine"},{"time":351.5,"angle":-562.5,"type":"mine"},{"time":351.5,"angle":-517.5,"type":"mine"},{"time":351.5,"angle":-495,"type":"mine"},{"time":351.5,"angle":-472.5,"type":"mine"},{"time":351.5,"angle":-427.5,"type":"mine"},{"time":351.5,"angle":-765,"type":"mine"},{"time":351.5,"angle":-742.5,"type":"mine"},{"time":352,"angle":-630,"type":"block"},{"time":353.5,"angle":-697.5,"type":"block"},{"time":355,"angle":-607.5,"type":"block"},{"time":356,"angle":-630,"type":"side"},{"time":357.5,"angle":-652.5,"type":"block"},{"time":350.5,"angle":-945,"type":"block"},{"time":351,"angle":-630,"type":"block"},{"time":351.5,"angle":-675,"type":"block"},{"angle":-562.5,"type":"mineHold","time":352,"duration":1.5,"angle2":-630},{"angle":-742.5,"type":"mineHold","time":352,"duration":1.5,"angle2":-810},{"angle":-832.5,"type":"mineHold","time":352,"duration":1.5,"angle2":-900},{"angle2":-810,"type":"mineHold","time":355,"duration":0.75,"angle":-877.5},{"angle":-787.5,"type":"mineHold","time":355,"duration":0.75,"angle2":-720},{"angle":-697.5,"type":"mineHold","time":355,"duration":0.75,"angle2":-630},{"angle":-900,"type":"mineHold","time":352,"duration":1.5,"angle2":-967.5},{"angle":-877.5,"type":"mineHold","time":352,"duration":1.5,"angle2":-945},{"angle":-855,"type":"mineHold","time":352,"duration":1.5,"angle2":-922.5},{"angle":-810,"type":"mineHold","time":352,"duration":1.5,"angle2":-877.5},{"angle":-787.5,"type":"mineHold","time":352,"duration":1.5,"angle2":-855},{"angle":-765,"type":"mineHold","time":352,"duration":1.5,"angle2":-832.5},{"angle":-720,"type":"mineHold","time":352,"duration":1.5,"angle2":-787.5},{"angle":-697.5,"type":"mineHold","time":352,"duration":1.5,"angle2":-765},{"angle2":-832.5,"type":"mineHold","time":355,"duration":0.75,"angle":-900},{"angle2":-652.5,"type":"mineHold","time":355,"duration":0.75,"angle":-720},{"angle2":-675,"type":"mineHold","time":355,"duration":0.75,"angle":-742.5},{"angle2":-697.5,"type":"mineHold","time":355,"duration":0.75,"angle":-765},{"angle2":-742.5,"type":"mineHold","time":355,"duration":0.75,"angle":-810},{"angle2":-765,"type":"mineHold","time":355,"duration":0.75,"angle":-832.5},{"angle2":-787.5,"type":"mineHold","time":355,"duration":0.75,"angle":-855},{"angle2":-855,"type":"mineHold","time":355,"duration":0.75,"angle":-922.5},{"angle2":-697.5,"type":"mineHold","time":353.5,"duration":1.5,"angle":-765},{"angle2":-720,"type":"mineHold","time":353.5,"duration":1.5,"angle":-787.5},{"angle2":-742.5,"type":"mineHold","time":353.5,"duration":1.5,"angle":-810},{"angle2":-765,"type":"mineHold","time":353.5,"duration":1.5,"angle":-832.5},{"angle2":-787.5,"type":"mineHold","time":353.5,"duration":1.5,"angle":-855},{"angle2":-810,"type":"mineHold","time":353.5,"duration":1.5,"angle":-877.5},{"angle2":-832.5,"type":"mineHold","time":353.5,"duration":1.5,"angle":-900},{"angle2":-855,"type":"mineHold","time":353.5,"duration":1.5,"angle":-922.5},{"angle2":-517.5,"type":"mineHold","time":353.5,"duration":1.5,"angle":-585},{"angle2":-540,"type":"mineHold","time":353.5,"duration":1.5,"angle":-607.5},{"angle2":-562.5,"type":"mineHold","time":353.5,"duration":1.5,"angle":-630},{"angle":-562.5,"type":"mineHold","time":357.5,"duration":1.5,"angle2":-405},{"angle2":-742.5,"type":"mineHold","time":357.5,"duration":1.5,"angle":-900},{"angle2":-720,"type":"mineHold","time":357.5,"duration":1.5,"angle":-877.5},{"angle2":-697.5,"type":"mineHold","time":357.5,"duration":1.5,"angle":-855},{"angle2":-675,"type":"mineHold","time":357.5,"duration":1.5,"angle":-832.5},{"angle2":-652.5,"type":"mineHold","time":357.5,"duration":1.5,"angle":-810},{"angle2":-630,"type":"mineHold","time":357.5,"duration":1.5,"angle":-787.5},{"angle2":-607.5,"type":"mineHold","time":357.5,"duration":1.5,"angle":-765},{"angle2":-585,"type":"mineHold","time":357.5,"duration":1.5,"angle":-742.5},{"angle2":-562.5,"type":"mineHold","time":357.5,"duration":1.5,"angle":-720},{"angle2":-427.5,"type":"mineHold","time":357.5,"duration":1.5,"angle":-585},{"time":359,"angle":-877.5,"type":"block"},{"time":360,"angle":-832.5,"type":"block"},{"time":360.5,"angle":-765,"type":"block"},{"time":362.5,"angle":-900,"type":"block"},{"time":363,"angle":-855,"type":"block"},{"time":363.5,"angle":-652.5,"type":"block"},{"time":361.5,"angle":-832.5,"type":"block"},{"time":364,"angle":-877.5,"type":"block"},{"time":364.5,"angle":-855,"type":"block"},{"time":365.5,"angle":-855,"type":"block"},{"time":366.5,"angle":-652.5,"type":"block"},{"time":367,"angle":-585,"type":"block"},{"time":367.5,"angle":-652.5,"type":"block"},{"time":368,"angle":-742.5,"type":"block"},{"time":368.5,"angle":-675,"type":"block"},{"time":369.5,"angle":-607.5,"type":"block"},{"time":370.5,"angle":-787.5,"type":"block"},{"time":371,"angle":-877.5,"type":"block"},{"time":371.5,"angle":-787.5,"type":"block"},{"time":372,"angle":-562.5,"type":"block"},{"time":372.5,"angle":-877.5,"type":"block"},{"time":373.5,"angle":-810,"type":"block"},{"time":374.5,"angle":-877.5,"type":"block"},{"time":375,"angle":-810,"type":"block"},{"time":375.5,"angle":-562.5,"type":"block"},{"time":376,"angle":-630,"type":"block"},{"time":376.5,"angle":-630,"type":"block"},{"time":377.5,"angle":-630,"type":"block"},{"time":378,"angle":-630,"type":"block"},{"time":379,"angle":-630,"type":"block"},{"time":379.5,"angle":-630,"type":"block"},{"time":380.5,"angle":-630,"type":"block"},{"time":381,"angle":-630,"type":"block"},{"time":382,"angle":-630,"type":"block"},{"time":382.5,"angle":-630,"type":"block"},{"time":383,"angle":-630,"type":"block"},{"time":383.5,"angle":-630,"type":"block"},{"time":384,"angle":-630,"type":"block"},{"time":385.5,"angle":-630,"type":"block"},{"time":384.5,"angle":-630,"type":"block"},{"time":386.5,"angle":-652.5,"type":"block"},{"time":387,"angle":-720,"type":"block"},{"time":387.5,"angle":-810,"type":"block"},{"time":389.5,"angle":-877.5,"type":"block"},{"time":389,"angle":-787.5,"type":"block"},{"time":388.5,"angle":-855,"type":"block"},{"time":390,"angle":-832.5,"type":"block"},{"time":390.5,"angle":-877.5,"type":"block"},{"time":391.5,"angle":-855,"type":"block"},{"time":391,"angle":-810,"type":"block"},{"angle2":-810,"type":"hold","time":392,"duration":0.5,"angle":-877.5},{"angle2":-810,"type":"hold","time":392,"duration":0.5,"angle":-855},{"angle2":-810,"type":"hold","time":392,"duration":0.5,"angle":-832.5},{"time":396,"angle":-810,"type":"extraTap"},{"time":400,"angle":-832.5,"type":"extraTap"},{"time":404,"angle":-832.5,"type":"extraTap"},{"time":408,"angle":-832.5,"type":"extraTap"},{"time":410,"angle":-832.5,"type":"extraTap"},{"time":412,"angle":-832.5,"type":"extraTap"},{"time":402,"angle":-832.5,"type":"extraTap"},{"time":394,"angle":-810,"type":"extraTap"},{"time":392,"angle":-810,"type":"extraTap"},{"angle2":-810,"type":"hold","time":392.5,"duration":1,"angle":-810},{"time":397,"angle":-832.5,"type":"side"},{"time":397.5,"angle":-765,"type":"side"},{"time":398,"angle":-855,"type":"side"},{"time":399,"angle":-877.5,"type":"side"},{"time":399.5,"angle":-922.5,"type":"side"},{"time":396.5,"angle":-765,"type":"side"},{"angle2":-225,"type":"hold","time":400,"duration":0.5,"angle":-157.5},{"angle2":-225,"type":"hold","time":400,"duration":0.5,"angle":-180},{"angle2":-225,"type":"hold","time":400,"duration":0.5,"angle":-202.5},{"angle2":-225,"type":"hold","time":400.5,"duration":1,"angle":-225},{"time":405,"angle":-112.5,"type":"side"},{"time":405.5,"angle":-180,"type":"side"},{"time":406,"angle":-90,"type":"side"},{"time":407,"angle":-67.5,"type":"side"},{"time":407.5,"angle":-22.5,"type":"side"},{"time":404.5,"angle":-180,"type":"side"},{"time":413,"angle":-292.5,"type":"side"},{"time":413.5,"angle":-360,"type":"side"},{"time":414,"angle":-270,"type":"side"},{"time":415,"angle":-247.5,"type":"side"},{"time":415.5,"angle":-202.5,"type":"side"},{"time":412.5,"angle":-360,"type":"side"},{"angle2":-697.5,"type":"hold","time":408,"duration":0.5,"angle":-765},{"angle2":-697.5,"type":"hold","time":408,"duration":0.5,"angle":-742.5},{"angle2":-697.5,"type":"hold","time":408,"duration":0.5,"angle":-720},{"angle2":-697.5,"type":"hold","time":408.5,"duration":1,"angle":-697.5},{"angle":-562.5,"type":"hold","time":416,"duration":1.5,"angle2":-472.5},{"angle":-832.5,"type":"hold","time":417.5,"duration":1.5,"angle2":-720},{"angle":-720,"type":"hold","time":419,"duration":2.5,"angle2":-810},{"angle":-738.01045227051,"type":"hold","time":419.5,"duration":2,"angle2":-765},{"angle2":-787.5,"type":"hold","time":421.5,"duration":0.5,"angle":-765},{"angle2":-787.5,"type":"hold","time":421.5,"duration":0.5,"angle":-810},{"angle2":-787.47277832031,"type":"hold","time":420.25,"duration":1.75,"angle":-765.16770935059},{"angle":-720,"type":"hold","time":424,"duration":17.5,"angle2":-2094.5},{"angle":-742.5,"type":"hold","time":424.5,"duration":1,"angle2":-871.6403503418},{"angle2":-967.5,"type":"hold","time":426.75,"duration":1,"angle":-967.5},{"angle2":-1012.5,"type":"hold","time":427.25,"duration":1,"angle":-967.5},{"angle2":-810,"type":"hold","time":428.75,"duration":0.75,"angle":-720},{"angle":-832.5,"type":"hold","time":429.5,"duration":1,"angle2":-855},{"angle":-877.5,"type":"hold","time":430.5,"duration":1,"angle2":-922.5},{"angle":-922.5,"type":"hold","time":431,"duration":1,"angle2":-967.5},{"angle":-607.5,"type":"hold","time":431.5,"duration":1,"angle2":-652.5},{"angle":-742.5,"type":"hold","time":433.5,"duration":1,"angle2":-855},{"angle":-900,"type":"hold","time":435.5,"duration":0.5,"angle2":-900},{"angle":-877.5,"type":"hold","time":435,"duration":0.5,"angle2":-877.5},{"angle":-585,"type":"hold","time":436,"duration":0.5,"angle2":-585},{"angle":-630,"type":"hold","time":436.5,"duration":1,"angle2":-742.5},{"angle":-697.5,"type":"hold","time":437.5,"duration":1,"angle2":-810},{"angle":-765,"type":"hold","time":438.5,"duration":1,"angle2":-900},{"angle":-855,"type":"hold","time":439.5,"duration":1,"angle2":-922.5},{"angle":-832.5,"type":"hold","time":439,"duration":1,"angle2":-832.5},{"holdEase":"inElastic","angle2":-562.5,"type":"hold","time":441.5,"angle":-652.5,"duration":4.5},{"angle":-607.5,"type":"hold","time":448,"duration":2,"angle2":-607.5},{"angle2":-630,"type":"hold","time":451,"duration":1,"angle":-607.5},{"angle2":-618.75,"type":"hold","time":451.5,"duration":0.5,"angle":-618.75},{"angle":-652.5,"type":"hold","time":454,"duration":0.5,"angle2":-675},{"angle2":-900,"type":"hold","duration":1.5,"angle":-720,"time":456},{"angle":-607.5,"type":"hold","time":455,"duration":0.5,"angle2":-585},{"angle2":-720,"type":"hold","time":459,"duration":1,"angle":-607.5},{"angle2":-900,"type":"hold","time":461.5,"angle":-585,"duration":1.5},{"time":464,"angle":-562.5,"type":"extraTap"},{"angle2":-697.5,"type":"hold","time":468,"angle":-630,"duration":1.5},{"angle2":-495,"type":"hold","time":471,"duration":1,"angle":-562.5},{"time":470,"angle":-832.5,"type":"extraTap"},{"time":472,"angle":-832.5,"type":"extraTap"},{"angle":-495,"type":"hold","time":480,"duration":3,"angle2":-720},{"angle":-360,"type":"hold","time":483,"duration":0.5,"angle2":-315},{"angle":-315,"type":"hold","time":483.5,"duration":0.5,"angle2":-360},{"angle":-360,"type":"hold","time":484,"duration":4,"angle2":-180},{"time":487,"angle":-225,"type":"extraTap"},{"time":486.5,"angle":-247.5,"type":"extraTap"},{"time":486,"angle":-270,"type":"extraTap"},{"time":488,"angle":-180,"type":"inverse"},{"time":489.5,"angle":-270,"type":"inverse"},{"time":491,"angle":-315,"type":"inverse"},{"time":492,"angle":-360,"type":"inverse"},{"time":493.5,"angle":-292.5,"type":"inverse"},{"angle2":-337.5,"type":"hold","duration":1,"angle":-270,"time":495},{"angle":-337.5,"type":"hold","time":496,"duration":1.5,"angle2":-123.75},{"angle":-303.75,"type":"hold","time":495.5,"duration":0,"angle2":-303.75},{"angle":-483.75,"type":"hold","time":497.5,"duration":2.5,"angle2":-652.5},{"angle":-225,"type":"hold","time":499,"duration":0,"angle2":-225},{"angle2":-90.08731079102,"type":"hold","time":500,"duration":1.5,"angle":-292.58731079102},{"angle2":-652.5,"type":"hold","time":501.5,"duration":1.5,"angle":-450},{"time":504,"angle":-225,"type":"inverse"},{"time":505.5,"angle":-180,"type":"inverse"},{"time":507,"angle":-450,"type":"inverse"},{"time":508,"angle":-382.5,"type":"inverse"},{"time":509.5,"angle":-270,"type":"inverse"},{"time":508.5,"angle":-495,"type":"inverse"},{"time":510.5,"angle":-90,"type":"mine"},{"time":510.5,"angle":-405,"type":"mine"},{"time":510.5,"angle":-427.5,"type":"mine"},{"time":510.5,"angle":-270,"type":"mine"},{"time":510.5,"angle":-247.5,"type":"mine"},{"time":510.5,"angle":-225,"type":"mine"},{"time":510.5,"angle":-315,"type":"mine"},{"time":510.5,"angle":-337.5,"type":"mine"},{"time":510.5,"angle":-360,"type":"mine"},{"time":511,"angle":-180,"type":"mine"},{"time":511,"angle":-202.5,"type":"mine"},{"time":511,"angle":-225,"type":"mine"},{"time":511,"angle":-270,"type":"mine"},{"time":511,"angle":-292.5,"type":"mine"},{"time":511,"angle":-315,"type":"mine"},{"time":511,"angle":-360,"type":"mine"},{"time":511,"angle":-382.5,"type":"mine"},{"time":511,"angle":-405,"type":"mine"},{"time":511.5,"angle":-495,"type":"mine"},{"time":511.5,"angle":-517.5,"type":"mine"},{"time":511.5,"angle":-540,"type":"mine"},{"time":511.5,"angle":-585,"type":"mine"},{"time":511.5,"angle":-607.5,"type":"mine"},{"time":511.5,"angle":-630,"type":"mine"},{"time":511.5,"angle":-675,"type":"mine"},{"time":511.5,"angle":-337.5,"type":"mine"},{"time":511.5,"angle":-360,"type":"mine"},{"time":512,"angle":-472.5,"type":"block"},{"time":513.5,"angle":-405,"type":"block"},{"time":515,"angle":-495,"type":"block"},{"time":516,"angle":-472.5,"type":"side"},{"time":517.5,"angle":-450,"type":"block"},{"time":510.5,"angle":-157.5,"type":"block"},{"time":511,"angle":-472.5,"type":"block"},{"time":511.5,"angle":-427.5,"type":"block"},{"angle":-540,"type":"mineHold","time":512,"duration":1.5,"angle2":-472.5},{"angle":-360,"type":"mineHold","time":512,"duration":1.5,"angle2":-292.5},{"angle":-270,"type":"mineHold","time":512,"duration":1.5,"angle2":-202.5},{"angle2":-292.5,"type":"mineHold","time":515,"duration":0.75,"angle":-225},{"angle":-315,"type":"mineHold","time":515,"duration":0.75,"angle2":-382.5},{"angle":-405,"type":"mineHold","time":515,"duration":0.75,"angle2":-472.5},{"angle":-202.5,"type":"mineHold","time":512,"duration":1.5,"angle2":-135},{"angle":-225,"type":"mineHold","time":512,"duration":1.5,"angle2":-157.5},{"angle":-247.5,"type":"mineHold","time":512,"duration":1.5,"angle2":-180},{"angle":-292.5,"type":"mineHold","time":512,"duration":1.5,"angle2":-225},{"angle":-315,"type":"mineHold","time":512,"duration":1.5,"angle2":-247.5},{"angle":-337.5,"type":"mineHold","time":512,"duration":1.5,"angle2":-270},{"angle":-382.5,"type":"mineHold","time":512,"duration":1.5,"angle2":-315},{"angle":-405,"type":"mineHold","time":512,"duration":1.5,"angle2":-337.5},{"angle2":-270,"type":"mineHold","time":515,"duration":0.75,"angle":-202.5},{"angle2":-450,"type":"mineHold","time":515,"duration":0.75,"angle":-382.5},{"angle2":-427.5,"type":"mineHold","time":515,"duration":0.75,"angle":-360},{"angle2":-405,"type":"mineHold","time":515,"duration":0.75,"angle":-337.5},{"angle2":-360,"type":"mineHold","time":515,"duration":0.75,"angle":-292.5},{"angle2":-337.5,"type":"mineHold","time":515,"duration":0.75,"angle":-270},{"angle2":-315,"type":"mineHold","time":515,"duration":0.75,"angle":-247.5},{"angle2":-247.5,"type":"mineHold","time":515,"duration":0.75,"angle":-180},{"angle2":-405,"type":"mineHold","time":513.5,"duration":1.5,"angle":-337.5},{"angle2":-382.5,"type":"mineHold","time":513.5,"duration":1.5,"angle":-315},{"angle2":-360,"type":"mineHold","time":513.5,"duration":1.5,"angle":-292.5},{"angle2":-337.5,"type":"mineHold","time":513.5,"duration":1.5,"angle":-270},{"angle2":-315,"type":"mineHold","time":513.5,"duration":1.5,"angle":-247.5},{"angle2":-292.5,"type":"mineHold","time":513.5,"duration":1.5,"angle":-225},{"angle2":-270,"type":"mineHold","time":513.5,"duration":1.5,"angle":-202.5},{"angle2":-247.5,"type":"mineHold","time":513.5,"duration":1.5,"angle":-180},{"angle2":-585,"type":"mineHold","time":513.5,"duration":1.5,"angle":-517.5},{"angle2":-562.5,"type":"mineHold","time":513.5,"duration":1.5,"angle":-495},{"angle2":-540,"type":"mineHold","time":513.5,"duration":1.5,"angle":-472.5},{"angle":-540,"type":"mineHold","time":517.5,"duration":1.5,"angle2":-697.5},{"angle2":-360,"type":"mineHold","time":517.5,"duration":1.5,"angle":-202.5},{"angle2":-382.5,"type":"mineHold","time":517.5,"duration":1.5,"angle":-225},{"angle2":-405,"type":"mineHold","time":517.5,"duration":1.5,"angle":-247.5},{"angle2":-427.5,"type":"mineHold","time":517.5,"duration":1.5,"angle":-270},{"angle2":-450,"type":"mineHold","time":517.5,"duration":1.5,"angle":-292.5},{"angle2":-472.5,"type":"mineHold","time":517.5,"duration":1.5,"angle":-315},{"angle2":-495,"type":"mineHold","time":517.5,"duration":1.5,"angle":-337.5},{"angle2":-517.5,"type":"mineHold","time":517.5,"duration":1.5,"angle":-360},{"angle2":-540,"type":"mineHold","time":517.5,"duration":1.5,"angle":-382.5},{"angle2":-675,"type":"mineHold","time":517.5,"duration":1.5,"angle":-517.5},{"time":519,"angle":-225,"type":"block"},{"time":520,"angle":-270,"type":"block"},{"time":520.5,"angle":-337.5,"type":"block"},{"time":522.5,"angle":-202.5,"type":"block"},{"time":523,"angle":-247.5,"type":"block"},{"time":523.5,"angle":-450,"type":"block"},{"time":521.5,"angle":-270,"type":"block"},{"time":524,"angle":-225,"type":"block"},{"time":524.5,"angle":-247.5,"type":"block"},{"time":525.5,"angle":-247.5,"type":"block"},{"time":526.5,"angle":-450,"type":"block"},{"time":527,"angle":-517.5,"type":"block"},{"time":527.5,"angle":-450,"type":"block"},{"time":528,"angle":-360,"type":"block"},{"time":528.5,"angle":-427.5,"type":"block"},{"time":529.5,"angle":-495,"type":"block"},{"time":530.5,"angle":-315,"type":"block"},{"time":531,"angle":-225,"type":"block"},{"time":531.5,"angle":-315,"type":"block"},{"time":532,"angle":-540,"type":"block"},{"time":532.5,"angle":-225,"type":"block"},{"time":533.5,"angle":-292.5,"type":"block"},{"time":534.5,"angle":-225,"type":"block"},{"time":535,"angle":-292.5,"type":"block"},{"time":535.5,"angle":-540,"type":"block"},{"time":536,"angle":-472.5,"type":"block"},{"time":536.5,"angle":-472.5,"type":"block"},{"time":537.5,"angle":-472.5,"type":"block"},{"time":538,"angle":-472.5,"type":"block"},{"time":539,"angle":-472.5,"type":"block"},{"time":539.5,"angle":-472.5,"type":"block"},{"time":540.5,"angle":-472.5,"type":"block"},{"time":541,"angle":-472.5,"type":"block"},{"time":542,"angle":-472.5,"type":"block"},{"time":542.5,"angle":-472.5,"type":"block"},{"time":543,"angle":-472.5,"type":"block"},{"time":543.5,"angle":-472.5,"type":"block"},{"time":544,"angle":-472.5,"type":"block"},{"time":545.5,"angle":-472.5,"type":"block"},{"time":544.5,"angle":-472.5,"type":"block"},{"time":546.5,"angle":-450,"type":"block"},{"time":547,"angle":-382.5,"type":"block"},{"time":547.5,"angle":-292.5,"type":"block"},{"time":549.5,"angle":-225,"type":"block"},{"time":549,"angle":-315,"type":"block"},{"time":548.5,"angle":-247.5,"type":"block"},{"time":550,"angle":-270,"type":"block"},{"time":550.5,"angle":-225,"type":"block"},{"time":551.5,"angle":-247.5,"type":"block"},{"time":551,"angle":-292.5,"type":"block"},{"angle2":-292.5,"type":"hold","time":552,"duration":0.5,"angle":-225},{"angle2":-292.5,"type":"hold","time":552,"duration":0.5,"angle":-247.5},{"angle2":-292.5,"type":"hold","time":552,"duration":0.5,"angle":-270},{"time":556,"angle":-292.5,"type":"extraTap"},{"time":560,"angle":-270,"type":"extraTap"},{"time":564,"angle":-270,"type":"extraTap"},{"time":568,"angle":-270,"type":"extraTap"},{"time":570,"angle":-270,"type":"extraTap"},{"time":572,"angle":-270,"type":"extraTap"},{"time":562,"angle":-270,"type":"extraTap"},{"time":554,"angle":-292.5,"type":"extraTap"},{"time":552,"angle":-292.5,"type":"extraTap"},{"angle2":-292.5,"type":"hold","time":552.5,"duration":1,"angle":-292.5},{"time":557,"angle":-270,"type":"side"},{"time":557.5,"angle":-337.5,"type":"side"},{"time":558,"angle":-247.5,"type":"side"},{"time":559,"angle":-225,"type":"side"},{"time":559.5,"angle":-180,"type":"side"},{"time":556.5,"angle":-337.5,"type":"side"},{"angle2":-877.5,"type":"hold","time":560,"duration":0.5,"angle":-945},{"angle2":-877.5,"type":"hold","time":560,"duration":0.5,"angle":-922.5},{"angle2":-877.5,"type":"hold","time":560,"duration":0.5,"angle":-900},{"angle2":-877.5,"type":"hold","time":560.5,"duration":1,"angle":-877.5},{"time":565,"angle":-990,"type":"side"},{"time":565.5,"angle":-922.5,"type":"side"},{"time":566,"angle":-1012.5,"type":"side"},{"time":567,"angle":-1035,"type":"side"},{"time":567.5,"angle":-1080,"type":"side"},{"time":564.5,"angle":-922.5,"type":"side"},{"time":573,"angle":-810,"type":"side"},{"time":573.5,"angle":-742.5,"type":"side"},{"time":574,"angle":-832.5,"type":"side"},{"time":575,"angle":-855,"type":"side"},{"time":575.5,"angle":-900,"type":"side"},{"time":572.5,"angle":-742.5,"type":"side"},{"angle2":-405,"type":"hold","time":568,"duration":0.5,"angle":-337.5},{"angle2":-405,"type":"hold","time":568,"duration":0.5,"angle":-360},{"angle2":-405,"type":"hold","time":568,"duration":0.5,"angle":-382.5},{"angle2":-405,"type":"hold","time":568.5,"duration":1,"angle":-405},{"angle":-540,"type":"hold","time":576,"duration":1.5,"angle2":-630},{"angle":-270,"type":"hold","time":577.5,"duration":1.5,"angle2":-382.5},{"angle":-382.5,"type":"hold","time":579,"duration":2.5,"angle2":-292.5},{"angle":-364.48954772949,"type":"hold","time":579.5,"duration":2,"angle2":-337.5},{"angle2":-315,"type":"hold","time":581.5,"duration":0.5,"angle":-337.5},{"angle2":-315,"type":"hold","time":581.5,"duration":0.5,"angle":-292.5},{"angle2":-315.02722167969,"type":"hold","time":580.25,"duration":1.75,"angle":-337.33229064941},{"angle":-382.5,"type":"hold","time":584,"duration":17.5,"angle2":992},{"angle":-360,"type":"hold","time":584.5,"duration":1,"angle2":-230.8596496582},{"angle2":-135,"type":"hold","time":586.75,"duration":1,"angle":-135},{"angle2":-90,"type":"hold","time":587.25,"duration":1,"angle":-135},{"angle2":-292.5,"type":"hold","time":588.75,"duration":0.75,"angle":-382.5},{"angle":-270,"type":"hold","time":589.5,"duration":1,"angle2":-247.5},{"angle":-225,"type":"hold","time":590.5,"duration":1,"angle2":-180},{"angle":-180,"type":"hold","time":591,"duration":1,"angle2":-135},{"angle":-495,"type":"hold","time":591.5,"duration":1,"angle2":-450},{"angle":-360,"type":"hold","time":593.5,"duration":1,"angle2":-247.5},{"angle":-202.5,"type":"hold","time":595.5,"duration":0.5,"angle2":-202.5},{"angle":-225,"type":"hold","time":595,"duration":0.5,"angle2":-225},{"angle":-517.5,"type":"hold","time":596,"duration":0.5,"angle2":-517.5},{"angle":-472.5,"type":"hold","time":596.5,"duration":1,"angle2":-360},{"angle":-405,"type":"hold","time":597.5,"duration":1,"angle2":-292.5},{"angle":-337.5,"type":"hold","time":598.5,"duration":1,"angle2":-202.5},{"angle":-247.5,"type":"hold","time":599.5,"duration":1,"angle2":-180},{"angle":-270,"type":"hold","time":599,"duration":1,"angle2":-270},{"holdEase":"inElastic","angle2":-540,"type":"hold","time":601.5,"duration":4.5,"angle":-450},{"angle2":-495,"type":"hold","duration":2,"angle":-495,"time":608},{"angle":-495,"type":"hold","duration":1,"angle2":-472.5,"time":611},{"angle":-483.75,"type":"hold","time":611.5,"angle2":-483.75,"duration":0.5},{"angle2":-427.5,"type":"hold","time":614,"angle":-450,"duration":0.5},{"angle2":-202.5,"type":"hold","time":616,"duration":1.5,"angle":-382.5},{"angle2":-517.5,"type":"hold","time":615,"angle":-495,"duration":0.5},{"angle2":-382.5,"type":"hold","time":619,"duration":1,"angle":-495},{"angle2":-202.5,"type":"hold","duration":1.5,"angle":-517.5,"time":621.5},{"time":624,"angle":-540,"type":"extraTap"},{"angle2":-405,"type":"hold","duration":1.5,"angle":-472.5,"time":628},{"angle2":-607.5,"type":"hold","time":631,"duration":1,"angle":-540},{"time":630,"angle":-270,"type":"extraTap"},{"time":632,"angle":-270,"type":"extraTap"},{"time":516.5,"angle":-832.5,"type":"inverse"},{"time":537,"angle":-832.5,"type":"extraTap"},{"time":377,"angle":-630,"type":"extraTap"},{"time":378.5,"angle":-630,"type":"extraTap"},{"time":380,"angle":-630,"type":"extraTap"},{"time":381.5,"angle":-630,"type":"extraTap"},{"time":384,"angle":-652.5,"type":"extraTap"},{"time":538.5,"angle":-832.5,"type":"extraTap"},{"time":540,"angle":-832.5,"type":"extraTap"},{"time":541.5,"angle":-832.5,"type":"extraTap"},{"time":544,"angle":-855,"type":"extraTap"}]