{"events":[{"file":"3-04. Misteen Ocean.ogg","offset":0.55000001192093,"volume":1,"time":0,"type":"play","bpm":175,"angle":90},{"sprite":"wo'uh.png","angle":337.5,"id":"1","type":"deco","sy":0.60000002384186,"x":0,"y":500,"time":-11,"sx":0.60000002384186},{"angle":67.5,"ease":"inOutElastic","type":"deco","duration":20,"time":-9.5,"id":"1","y":300},{"angle":90,"type":"forcePlayerSprite","time":8,"spriteName":"smoleyes.png"},{"angle":90,"type":"forcePlayerSprite","time":15.5,"spriteName":"bigeyes.png"},{"angle":90,"type":"forcePlayerSprite","time":23.5,"spriteName":"smoleyes.png"},{"angle":90,"type":"forcePlayerSprite","time":31.5,"spriteName":"idle"},{"angle":90,"value":5,"type":"ease","time":36,"var":"vfx.hglitch.strength"},{"angle":112.5,"value":0,"type":"ease","time":37.5,"var":"vfx.hglitch.strength"},{"angle":67.5,"type":"forcePlayerSprite","time":-10,"spriteName":"idle"},{"angle":90,"type":"forcePlayerSprite","time":40.25,"spriteName":"bigeyes.png"},{"angle":90,"type":"forcePlayerSprite","time":43.75,"spriteName":"idle"},{"angle":180,"var":"p.bodyRadius","type":"ease","time":47.25,"ease":"inOutBack","value":10,"duration":1},{"angle":202.5,"var":"vfx.noteXScale","type":"ease","time":47.25,"duration":1,"value":0.5,"ease":"inOutBack"},{"angle":225,"ease":"inOutBack","type":"ease","time":47.25,"duration":1,"value":0.5,"var":"vfx.noteYScale"},{"angle":247.5,"var":"noteRadius","type":"ease","time":47.25,"ease":"inOutBack","value":4.5,"duration":1},{"angle":157.5,"var":"p.paddleDistance","type":"ease","time":47.25,"ease":"inOutBack","value":15.5,"duration":1},{"angle":270,"value":3,"type":"ease","duration":1,"ease":"inOutBack","time":47.25,"var":"p.lookRadius"},{"angle":225,"type":"forcePlayerSprite","time":47.75,"spriteName":"smoleyes.png"},{"angle":292.5,"value":0.5,"type":"ease","time":47.25,"ease":"inOutBack","var":"scrollSpeed","duration":0.5},{"angle":45,"var":"p.bodyRadius","type":"ease","time":51.5,"ease":"inOutBack","value":40,"duration":1},{"angle":67.5,"value":2,"type":"ease","duration":1,"var":"vfx.noteXScale","time":51.5,"ease":"inOutBack"},{"angle":90,"var":"vfx.noteYScale","type":"ease","time":51.5,"duration":1,"value":2,"ease":"inOutBack"},{"angle":112.5,"value":18,"type":"ease","duration":1,"var":"noteRadius","time":51.5,"ease":"inOutBack"},{"angle":135,"value":62,"type":"ease","duration":1,"ease":"inOutBack","time":51.5,"var":"p.paddleDistance"},{"angle":157.5,"value":12,"type":"ease","duration":1,"var":"p.lookRadius","time":51.5,"ease":"inOutBack"},{"angle":90,"type":"forcePlayerSprite","time":52,"spriteName":"bigeyes.png"},{"angle":180,"value":2,"type":"ease","time":51.5,"ease":"inOutBack","var":"scrollSpeed","duration":0.5},{"angle":225,"ease":"inOutBack","type":"ease","time":57,"duration":0.5,"value":20,"var":"p.bodyRadius"},{"angle":247.5,"value":1,"type":"ease","time":57,"ease":"inOutBack","var":"vfx.noteXScale","duration":0.5},{"angle":270,"var":"vfx.noteYScale","type":"ease","time":57,"duration":0.5,"value":1,"ease":"inOutBack"},{"angle":292.5,"var":"noteRadius","type":"ease","time":57,"ease":"inOutBack","value":9,"duration":0.5},{"angle":202.5,"var":"p.paddleDistance","type":"ease","time":57,"ease":"inOutBack","value":31,"duration":0.5},{"angle":315,"ease":"inOutBack","type":"ease","time":57,"duration":0.5,"value":6,"var":"p.lookRadius"},{"angle":90,"type":"forcePlayerSprite","time":57.25,"spriteName":"idle"},{"angle":337.5,"ease":"inOutBack","type":"ease","time":57,"duration":0.5,"value":1,"var":"scrollSpeed"},{"angle":180,"value":10,"type":"ease","time":58.5,"ease":"inOutBack","var":"p.bodyRadius","duration":0.5},{"angle":202.5,"var":"vfx.noteXScale","type":"ease","time":58.5,"duration":0.5,"value":0.5,"ease":"inOutBack"},{"angle":225,"ease":"inOutBack","type":"ease","time":58.5,"duration":0.5,"value":0.5,"var":"vfx.noteYScale"},{"angle":247.5,"var":"noteRadius","type":"ease","time":58.5,"ease":"inOutBack","value":4.5,"duration":0.5},{"angle":157.5,"value":15.5,"type":"ease","duration":0.5,"var":"p.paddleDistance","time":58.5,"ease":"inOutBack"},{"angle":270,"value":3,"type":"ease","duration":0.5,"ease":"inOutBack","time":58.5,"var":"p.lookRadius"},{"angle":225,"type":"forcePlayerSprite","time":58.75,"spriteName":"smoleyes.png"},{"angle":292.5,"value":0.5,"type":"ease","time":58.5,"ease":"inOutBack","var":"scrollSpeed","duration":0.5},{"angle":180,"ease":"inOutBack","type":"ease","time":59.5,"duration":1,"value":0,"var":"p.bodyRadius"},{"angle":202.5,"ease":"inOutBack","type":"ease","time":59.5,"duration":1,"value":0.10000000149012,"var":"vfx.noteXScale"},{"angle":225,"value":0.10000000149012,"type":"ease","duration":1,"ease":"inOutBack","time":59.5,"var":"vfx.noteYScale"},{"angle":247.5,"value":1,"type":"ease","duration":1,"var":"noteRadius","time":59.5,"ease":"inOutBack"},{"angle":157.5,"var":"p.paddleDistance","type":"ease","time":59.5,"ease":"inOutBack","value":-1,"duration":1},{"angle":270,"var":"p.lookRadius","type":"ease","time":59.5,"ease":"inOutBack","value":0,"duration":1},{"angle":225,"type":"forcePlayerSprite","time":59.75,"spriteName":"none"},{"angle":292.5,"var":"scrollSpeed","type":"ease","time":59.5,"ease":"inOutBack","value":0.10000000149012,"duration":0.5},{"angle":225,"value":20,"type":"ease","time":61.5,"ease":"inOutBack","var":"p.bodyRadius","duration":5},{"angle":247.5,"var":"vfx.noteXScale","type":"ease","time":61.5,"ease":"inOutBack","value":1,"duration":5},{"angle":270,"value":1,"type":"ease","duration":5,"var":"vfx.noteYScale","time":61.5,"ease":"inOutBack"},{"angle":292.5,"value":9,"type":"ease","time":61.5,"ease":"inOutBack","var":"noteRadius","duration":5},{"angle":202.5,"var":"p.paddleDistance","type":"ease","time":61.5,"duration":5,"value":31,"ease":"inOutBack"},{"angle":315,"value":6,"type":"ease","duration":5,"ease":"inOutBack","time":61.5,"var":"p.lookRadius"},{"angle":90,"type":"forcePlayerSprite","time":63.75,"spriteName":"idle"},{"angle":337.5,"value":1,"type":"ease","duration":5,"ease":"inOutBack","time":61.5,"var":"scrollSpeed"},{"angle":90,"type":"forcePlayerSprite","time":63,"spriteName":"smoleyes.png"},{"angle":45,"ease":"inOutBack","type":"ease","time":103.5,"duration":1,"value":10,"var":"p.bodyRadius"},{"angle":67.5,"var":"vfx.noteXScale","type":"ease","time":103.5,"ease":"inOutBack","value":0.5,"duration":1},{"angle":90,"value":0.5,"type":"ease","duration":1,"var":"vfx.noteYScale","time":103.5,"ease":"inOutBack"},{"angle":112.5,"var":"noteRadius","type":"ease","time":103.5,"ease":"inOutBack","value":4.5,"duration":1},{"angle":22.5,"ease":"inOutBack","type":"ease","time":103.5,"duration":1,"value":15.5,"var":"p.paddleDistance"},{"angle":135,"value":3,"type":"ease","time":103.5,"ease":"inOutBack","var":"p.lookRadius","duration":1},{"angle":90,"type":"forcePlayerSprite","time":104,"spriteName":"smoleyes.png"},{"angle":157.5,"var":"scrollSpeed","type":"ease","time":103.5,"ease":"inOutBack","value":0.5,"duration":1},{"angle":225,"ease":"inOutBack","type":"ease","time":111.75,"duration":0.5,"value":20,"var":"p.bodyRadius"},{"angle":247.5,"value":1,"type":"ease","time":111.75,"ease":"inOutBack","var":"vfx.noteXScale","duration":0.5},{"angle":270,"var":"vfx.noteYScale","type":"ease","time":111.75,"duration":0.5,"value":1,"ease":"inOutBack"},{"angle":292.5,"var":"noteRadius","type":"ease","time":111.75,"ease":"inOutBack","value":9,"duration":0.5},{"angle":202.5,"var":"p.paddleDistance","type":"ease","time":111.75,"ease":"inOutBack","value":31,"duration":0.5},{"angle":315,"ease":"inOutBack","type":"ease","time":111.75,"duration":0.5,"value":6,"var":"p.lookRadius"},{"angle":90,"type":"forcePlayerSprite","time":112,"spriteName":"idle"},{"angle":337.5,"ease":"inOutBack","type":"ease","time":111.75,"duration":0.5,"value":1,"var":"scrollSpeed"},{"angle":45,"var":"p.bodyRadius","type":"ease","time":118.25,"ease":"inOutBack","value":40,"duration":1},{"angle":67.5,"value":2,"type":"ease","duration":1,"var":"vfx.noteXScale","time":118.25,"ease":"inOutBack"},{"angle":90,"var":"vfx.noteYScale","type":"ease","time":118.25,"duration":1,"value":2,"ease":"inOutBack"},{"angle":112.5,"value":18,"type":"ease","duration":1,"var":"noteRadius","time":118.25,"ease":"inOutBack"},{"angle":135,"value":62,"type":"ease","duration":1,"ease":"inOutBack","time":118.25,"var":"p.paddleDistance"},{"angle":157.5,"value":12,"type":"ease","duration":1,"var":"p.lookRadius","time":118.25,"ease":"inOutBack"},{"angle":90,"type":"forcePlayerSprite","time":118.75,"spriteName":"bigeyes.png"},{"angle":180,"value":2,"type":"ease","time":118.25,"ease":"inOutBack","var":"scrollSpeed","duration":0.5},{"angle":202.5,"value":10,"type":"ease","time":121.5,"ease":"inOutBack","var":"p.bodyRadius","duration":10},{"angle":225,"var":"vfx.noteXScale","type":"ease","time":121.5,"ease":"inOutBack","value":0.5,"duration":10},{"angle":247.5,"value":0.5,"type":"ease","duration":10,"var":"vfx.noteYScale","time":121.5,"ease":"inOutBack"},{"angle":270,"var":"noteRadius","type":"ease","time":121.5,"ease":"inOutBack","value":4.5,"duration":10},{"angle":180,"ease":"inOutBack","type":"ease","time":121.5,"duration":10,"value":15.5,"var":"p.paddleDistance"},{"angle":292.5,"value":3,"type":"ease","time":121.5,"ease":"inOutBack","var":"p.lookRadius","duration":10},{"angle":247.5,"type":"forcePlayerSprite","time":127,"spriteName":"smoleyes.png"},{"angle":315,"var":"scrollSpeed","type":"ease","time":121.5,"ease":"inOutBack","value":0.5,"duration":10},{"angle":247.5,"type":"forcePlayerSprite","time":125.5,"spriteName":"idle"},{"sprite":"wo'uh.png","angle":337.5,"drawLayer":"bg","sy":0.60000002384186,"id":"2","recolor":0,"type":"deco","x":0,"sx":0.60000002384186,"time":-12,"y":500},{"angle":67.5,"ease":"inOutElastic","type":"deco","time":-10.5,"duration":20,"id":"2","y":200},{"sprite":"wo'uh.png","angle":337.5,"drawLayer":"bg","drawOrder":-1,"id":"3","recolor":1,"x":0,"sx":0.60000002384186,"time":-13,"y":500,"sy":0.60000002384186,"type":"deco"},{"angle":67.5,"ease":"inOutElastic","type":"deco","duration":20,"y":100,"id":"3","time":-11.5},{"sprite":"wo'uh.png","angle":337.5,"drawLayer":"bg","drawOrder":-3,"id":"4","recolor":2,"x":0,"sx":0.60000002384186,"sy":0.60000002384186,"type":"deco","time":-14,"y":500},{"angle":67.5,"drawLayer":"bg","drawOrder":-3,"id":"4","recolor":3,"duration":20,"ease":"inOutElastic","type":"deco","time":-12.5,"y":0},{"r":99,"angle":90,"b":243,"type":"setColor","time":-15,"color":0,"g":255},{"enable":false,"type":"outline","time":-15,"color":1,"angle":360},{"r":43,"angle":112.5,"b":255,"type":"setColor","color":1,"time":-15,"g":75},{"angle":292.5,"type":"setBgColor","time":-15,"color":2},{"r":0,"angle":180,"b":196,"type":"setColor","color":2,"time":-15,"g":154},{"r":0,"angle":157.5,"b":255,"type":"setColor","color":6,"g":30,"time":-15},{"angle":67.5,"type":"forcePlayerSprite","time":-15,"spriteName":"idle"},{"r":0,"angle":135,"g":45,"type":"setColor","time":-15,"b":172,"color":3},{"angle":67.5,"ease":"inOutElastic","type":"deco","duration":20,"time":147,"id":"1","y":300},{"angle":90,"ease":"inOutElastic","y":200,"time":146,"duration":20,"id":"2","type":"deco"},{"angle":67.5,"ease":"inOutElastic","y":100,"time":145,"duration":20,"id":"3","type":"deco"},{"angle":67.5,"ease":"inOutElastic","y":0,"time":144,"duration":20,"id":"4","type":"deco"},{"angle":225,"ease":"inOutBack","type":"ease","time":160,"var":"p.bodyRadius","value":20,"duration":10},{"angle":247.5,"ease":"inOutBack","type":"ease","time":160,"value":1,"var":"vfx.noteXScale","duration":10},{"angle":270,"var":"vfx.noteYScale","type":"ease","time":160,"value":1,"duration":10,"ease":"inOutBack"},{"angle":292.5,"ease":"inOutBack","type":"ease","time":160,"var":"noteRadius","value":9,"duration":10},{"angle":202.5,"value":31,"type":"ease","duration":10,"time":160,"var":"p.paddleDistance","ease":"inOutBack"},{"angle":315,"ease":"inOutBack","type":"ease","time":160,"value":6,"duration":10,"var":"p.lookRadius"},{"angle":337.5,"ease":"inOutBack","type":"ease","time":160,"value":1,"duration":10,"var":"scrollSpeed"},{"angle":-247.5,"var":"p.bodyRadius","type":"ease","time":191,"duration":1,"value":20,"ease":"inOutBack"},{"angle":-270,"value":1,"type":"ease","time":191,"duration":1,"var":"vfx.noteXScale","ease":"inOutBack"},{"angle":-292.5,"var":"vfx.noteYScale","type":"ease","time":191,"ease":"inOutBack","value":1,"duration":1},{"angle":-315,"var":"noteRadius","type":"ease","time":191,"duration":1,"value":9,"ease":"inOutBack"},{"angle":-225,"value":31,"type":"ease","duration":1,"ease":"inOutBack","time":191,"var":"p.paddleDistance"},{"angle":-337.5,"ease":"inOutBack","type":"ease","time":191,"var":"p.lookRadius","value":6,"duration":1},{"angle":-112.5,"type":"forcePlayerSprite","time":191.5,"spriteName":"idle"},{"angle":-360,"ease":"inOutBack","type":"ease","time":191,"var":"scrollSpeed","value":1,"duration":0.5},{"angle":-112.5,"value":5,"type":"ease","time":196,"var":"vfx.hglitch.strength"},{"angle":-135,"value":0,"type":"ease","time":197.5,"var":"vfx.hglitch.strength"},{"angle":-247.5,"ease":"inOutBack","type":"ease","time":217,"var":"p.bodyRadius","value":20,"duration":0.5},{"angle":-270,"value":1,"type":"ease","time":217,"duration":0.5,"var":"vfx.noteXScale","ease":"inOutBack"},{"angle":-292.5,"var":"vfx.noteYScale","type":"ease","time":217,"ease":"inOutBack","value":1,"duration":0.5},{"angle":-315,"var":"noteRadius","type":"ease","time":217,"duration":0.5,"value":9,"ease":"inOutBack"},{"angle":-225,"var":"p.paddleDistance","type":"ease","time":217,"duration":0.5,"value":31,"ease":"inOutBack"},{"angle":-337.5,"ease":"inOutBack","type":"ease","time":217,"var":"p.lookRadius","value":6,"duration":0.5},{"angle":-112.5,"type":"forcePlayerSprite","time":217.25,"spriteName":"idle"},{"angle":-360,"ease":"inOutBack","type":"ease","time":217,"var":"scrollSpeed","value":1,"duration":0.5},{"angle":-202.5,"value":10,"type":"ease","time":218.5,"duration":0.5,"var":"p.bodyRadius","ease":"inOutBack"},{"angle":-225,"var":"vfx.noteXScale","type":"ease","time":218.5,"ease":"inOutBack","value":0.5,"duration":0.5},{"angle":-247.5,"ease":"inOutBack","type":"ease","time":218.5,"var":"vfx.noteYScale","value":0.5,"duration":0.5},{"angle":-270,"var":"noteRadius","type":"ease","time":218.5,"duration":0.5,"value":4.5,"ease":"inOutBack"},{"angle":-180,"value":15.5,"type":"ease","duration":0.5,"ease":"inOutBack","time":218.5,"var":"p.paddleDistance"},{"angle":-292.5,"value":3,"type":"ease","duration":0.5,"var":"p.lookRadius","time":218.5,"ease":"inOutBack"},{"angle":-247.5,"type":"forcePlayerSprite","time":218.75,"spriteName":"smoleyes.png"},{"angle":-315,"value":0.5,"type":"ease","time":218.5,"duration":0.5,"var":"scrollSpeed","ease":"inOutBack"},{"angle":-202.5,"ease":"inOutBack","type":"ease","time":219.5,"var":"p.bodyRadius","value":0,"duration":1},{"angle":-225,"ease":"inOutBack","type":"ease","time":219.5,"var":"vfx.noteXScale","value":0.10000000149012,"duration":1},{"angle":-247.5,"value":0.10000000149012,"type":"ease","duration":1,"var":"vfx.noteYScale","time":219.5,"ease":"inOutBack"},{"angle":-270,"value":1,"type":"ease","duration":1,"ease":"inOutBack","time":219.5,"var":"noteRadius"},{"angle":-180,"var":"p.paddleDistance","type":"ease","time":219.5,"duration":1,"value":-1,"ease":"inOutBack"},{"angle":-292.5,"var":"p.lookRadius","type":"ease","time":219.5,"duration":1,"value":0,"ease":"inOutBack"},{"angle":-247.5,"type":"forcePlayerSprite","time":219.75,"spriteName":"none"},{"angle":-315,"var":"scrollSpeed","type":"ease","time":219.5,"duration":0.5,"value":0.10000000149012,"ease":"inOutBack"},{"angle":-247.5,"value":20,"type":"ease","time":221.5,"duration":5,"var":"p.bodyRadius","ease":"inOutBack"},{"angle":-270,"var":"vfx.noteXScale","type":"ease","time":221.5,"duration":5,"value":1,"ease":"inOutBack"},{"angle":-292.5,"value":1,"type":"ease","duration":5,"ease":"inOutBack","time":221.5,"var":"vfx.noteYScale"},{"angle":-315,"value":9,"type":"ease","time":221.5,"duration":5,"var":"noteRadius","ease":"inOutBack"},{"angle":-225,"var":"p.paddleDistance","type":"ease","time":221.5,"ease":"inOutBack","value":31,"duration":5},{"angle":-337.5,"value":6,"type":"ease","duration":5,"var":"p.lookRadius","time":221.5,"ease":"inOutBack"},{"angle":-112.5,"type":"forcePlayerSprite","time":223.75,"spriteName":"idle"},{"angle":-360,"value":1,"type":"ease","duration":5,"var":"scrollSpeed","time":221.5,"ease":"inOutBack"},{"angle":-112.5,"type":"forcePlayerSprite","time":223,"spriteName":"smoleyes.png"},{"angle":-67.5,"ease":"inOutBack","type":"ease","time":263.5,"var":"p.bodyRadius","value":10,"duration":1},{"angle":-90,"var":"vfx.noteXScale","type":"ease","time":263.5,"duration":1,"value":0.5,"ease":"inOutBack"},{"angle":-112.5,"value":0.5,"type":"ease","duration":1,"ease":"inOutBack","time":263.5,"var":"vfx.noteYScale"},{"angle":-135,"var":"noteRadius","type":"ease","time":263.5,"duration":1,"value":4.5,"ease":"inOutBack"},{"angle":-45,"ease":"inOutBack","type":"ease","time":263.5,"var":"p.paddleDistance","value":15.5,"duration":1},{"angle":-157.5,"value":3,"type":"ease","time":263.5,"duration":1,"var":"p.lookRadius","ease":"inOutBack"},{"angle":-112.5,"type":"forcePlayerSprite","time":264,"spriteName":"smoleyes.png"},{"angle":-180,"var":"scrollSpeed","type":"ease","time":263.5,"duration":1,"value":0.5,"ease":"inOutBack"},{"angle":0,"type":"tag","time":163,"tag":"waters receding","angleOffset":false},{"angle":360,"type":"tag","time":7.5,"tag":"smol","angleOffset":false},{"angle":360,"type":"tag","time":15,"tag":"beeg","angleOffset":false},{"angle":0,"type":"tag","time":23,"tag":"smol","angleOffset":false},{"angle":0,"type":"tag","time":23,"tag":"smol","angleOffset":false},{"angle":22.5,"type":"tag","time":31,"tag":"real","angleOffset":false},{"angle":22.5,"type":"tag","time":39.75,"tag":"beeg","angleOffset":false},{"angle":0,"type":"tag","time":43.25,"tag":"real","angleOffset":false},{"angle":0,"type":"tag","time":89,"tag":"slight obscure","angleOffset":false},{"angle":0,"type":"tag","time":65,"tag":"waters receding","angleOffset":false},{"angle":0,"type":"tag","time":123,"tag":"full obscure","angleOffset":false},{"angle":90,"type":"forcePlayerSprite","time":165,"spriteName":"idle"},{"angle":0,"type":"tag","time":180,"tag":"slight obscure","angleOffset":false},{"angle":0,"type":"tag","time":194.75,"tag":"waters receding","angleOffset":false},{"angle":270,"type":"tag","time":215.5,"tag":"beeg","angleOffset":false},{"angle":247.5,"type":"forcePlayerSprite","time":215.75,"spriteName":"bigeyes.png"},{"angle":0,"type":"tag","time":219,"tag":"slight obscure","angleOffset":false},{"angle":292.5,"type":"tag","time":257,"tag":"full obscure","angleOffset":false},{"angle":112.5,"type":"tag","time":231,"tag":"smol","angleOffset":false},{"angle":112.5,"type":"forcePlayerSprite","time":232,"spriteName":"smoleyes.png"},{"angle":45,"type":"forcePlayerSprite","time":239.5,"spriteName":"bigeyes.png"},{"angle":45,"type":"tag","time":239,"tag":"beeg","angleOffset":false},{"angle":90,"type":"forcePlayerSprite","time":247.5,"spriteName":"idle"},{"angle":90,"type":"tag","time":247,"tag":"real","angleOffset":false},{"angle":0,"type":"tag","time":272,"tag":"slight obscure","angleOffset":false},{"angle":22.5,"type":"tag","time":286,"tag":"real","angleOffset":false},{"angle":22.5,"type":"forcePlayerSprite","time":286.5,"spriteName":"idle"},{"angle":360,"var":"vfx.hglitch.strength","type":"ease","time":304,"value":5,"duration":5},{"angle":315,"value":0,"type":"ease","duration":1,"time":308,"var":"vfx.hglitch.strength"},{"angle":90,"value":10,"type":"ease","time":316,"duration":2.5,"var":"vfx.vglitch.strength"},{"angle":90,"value":0,"type":"ease","duration":2.5,"var":"vfx.vglitch.strength","time":318.5},{"angle":-652.5,"type":"forcePlayerSprite","time":328,"spriteName":"smoleyes.png"},{"angle":-652.5,"type":"forcePlayerSprite","time":335.5,"spriteName":"bigeyes.png"},{"angle":-652.5,"type":"forcePlayerSprite","time":343.5,"spriteName":"smoleyes.png"},{"angle":-652.5,"type":"forcePlayerSprite","time":351.5,"spriteName":"idle"},{"angle":-652.5,"value":5,"type":"ease","time":356,"var":"vfx.hglitch.strength"},{"angle":-675,"value":0,"type":"ease","time":357.5,"var":"vfx.hglitch.strength"},{"angle":-652.5,"type":"forcePlayerSprite","time":360.25,"spriteName":"bigeyes.png"},{"angle":-652.5,"type":"forcePlayerSprite","time":363.75,"spriteName":"idle"},{"angle":-742.5,"var":"p.bodyRadius","type":"ease","duration":1,"value":10,"time":367.25,"ease":"inOutBack"},{"angle":-765,"value":0.5,"type":"ease","time":367.25,"duration":1,"var":"vfx.noteXScale","ease":"inOutBack"},{"angle":-787.5,"value":0.5,"type":"ease","time":367.25,"duration":1,"ease":"inOutBack","var":"vfx.noteYScale"},{"angle":-810,"var":"noteRadius","type":"ease","duration":1,"value":4.5,"time":367.25,"ease":"inOutBack"},{"angle":-720,"var":"p.paddleDistance","type":"ease","duration":1,"value":15.5,"time":367.25,"ease":"inOutBack"},{"angle":-832.5,"value":3,"type":"ease","time":367.25,"var":"p.lookRadius","ease":"inOutBack","duration":1},{"angle":-787.5,"type":"forcePlayerSprite","time":367.75,"spriteName":"smoleyes.png"},{"angle":-855,"value":0.5,"type":"ease","duration":0.5,"var":"scrollSpeed","time":367.25,"ease":"inOutBack"},{"angle":-607.5,"var":"p.bodyRadius","type":"ease","duration":1,"value":40,"time":371.5,"ease":"inOutBack"},{"angle":-630,"value":2,"type":"ease","time":371.5,"ease":"inOutBack","var":"vfx.noteXScale","duration":1},{"angle":-652.5,"value":2,"type":"ease","time":371.5,"duration":1,"var":"vfx.noteYScale","ease":"inOutBack"},{"angle":-675,"value":18,"type":"ease","time":371.5,"ease":"inOutBack","var":"noteRadius","duration":1},{"angle":-697.5,"value":62,"type":"ease","time":371.5,"var":"p.paddleDistance","ease":"inOutBack","duration":1},{"angle":-720,"value":12,"type":"ease","time":371.5,"ease":"inOutBack","var":"p.lookRadius","duration":1},{"angle":-652.5,"type":"forcePlayerSprite","time":372,"spriteName":"bigeyes.png"},{"angle":-742.5,"value":2,"type":"ease","duration":0.5,"var":"scrollSpeed","time":371.5,"ease":"inOutBack"},{"angle":-787.5,"value":20,"type":"ease","time":377,"duration":0.5,"ease":"inOutBack","var":"p.bodyRadius"},{"angle":-810,"value":1,"type":"ease","duration":0.5,"var":"vfx.noteXScale","time":377,"ease":"inOutBack"},{"angle":-832.5,"value":1,"type":"ease","time":377,"duration":0.5,"var":"vfx.noteYScale","ease":"inOutBack"},{"angle":-855,"var":"noteRadius","type":"ease","duration":0.5,"value":9,"time":377,"ease":"inOutBack"},{"angle":-765,"var":"p.paddleDistance","type":"ease","duration":0.5,"value":31,"time":377,"ease":"inOutBack"},{"angle":-877.5,"value":6,"type":"ease","time":377,"duration":0.5,"ease":"inOutBack","var":"p.lookRadius"},{"angle":-652.5,"type":"forcePlayerSprite","time":377.25,"spriteName":"idle"},{"angle":-900,"value":1,"type":"ease","time":377,"duration":0.5,"ease":"inOutBack","var":"scrollSpeed"},{"angle":-742.5,"value":10,"type":"ease","duration":0.5,"var":"p.bodyRadius","time":378.5,"ease":"inOutBack"},{"angle":-765,"value":0.5,"type":"ease","time":378.5,"duration":0.5,"var":"vfx.noteXScale","ease":"inOutBack"},{"angle":-787.5,"value":0.5,"type":"ease","time":378.5,"duration":0.5,"ease":"inOutBack","var":"vfx.noteYScale"},{"angle":-810,"var":"noteRadius","type":"ease","duration":0.5,"value":4.5,"time":378.5,"ease":"inOutBack"},{"angle":-720,"value":15.5,"type":"ease","time":378.5,"ease":"inOutBack","var":"p.paddleDistance","duration":0.5},{"angle":-832.5,"value":3,"type":"ease","time":378.5,"var":"p.lookRadius","ease":"inOutBack","duration":0.5},{"angle":-787.5,"type":"forcePlayerSprite","time":378.75,"spriteName":"smoleyes.png"},{"angle":-855,"value":0.5,"type":"ease","duration":0.5,"var":"scrollSpeed","time":378.5,"ease":"inOutBack"},{"angle":-742.5,"value":0,"type":"ease","time":379.5,"duration":1,"ease":"inOutBack","var":"p.bodyRadius"},{"angle":-765,"value":0.10000000149012,"type":"ease","time":379.5,"duration":1,"ease":"inOutBack","var":"vfx.noteXScale"},{"angle":-787.5,"value":0.10000000149012,"type":"ease","time":379.5,"var":"vfx.noteYScale","ease":"inOutBack","duration":1},{"angle":-810,"value":1,"type":"ease","time":379.5,"ease":"inOutBack","var":"noteRadius","duration":1},{"angle":-720,"var":"p.paddleDistance","type":"ease","duration":1,"value":-1,"time":379.5,"ease":"inOutBack"},{"angle":-832.5,"var":"p.lookRadius","type":"ease","duration":1,"value":0,"time":379.5,"ease":"inOutBack"},{"angle":-787.5,"type":"forcePlayerSprite","time":379.75,"spriteName":"none"},{"angle":-855,"var":"scrollSpeed","type":"ease","duration":0.5,"value":0.10000000149012,"time":379.5,"ease":"inOutBack"},{"angle":-787.5,"value":20,"type":"ease","duration":5,"var":"p.bodyRadius","time":381.5,"ease":"inOutBack"},{"angle":-810,"var":"vfx.noteXScale","type":"ease","duration":5,"value":1,"time":381.5,"ease":"inOutBack"},{"angle":-832.5,"value":1,"type":"ease","time":381.5,"ease":"inOutBack","var":"vfx.noteYScale","duration":5},{"angle":-855,"value":9,"type":"ease","duration":5,"var":"noteRadius","time":381.5,"ease":"inOutBack"},{"angle":-765,"value":31,"type":"ease","time":381.5,"duration":5,"var":"p.paddleDistance","ease":"inOutBack"},{"angle":-877.5,"value":6,"type":"ease","time":381.5,"var":"p.lookRadius","ease":"inOutBack","duration":5},{"angle":-652.5,"type":"forcePlayerSprite","time":383.75,"spriteName":"idle"},{"angle":-900,"value":1,"type":"ease","time":381.5,"var":"scrollSpeed","ease":"inOutBack","duration":5},{"angle":-652.5,"type":"forcePlayerSprite","time":383,"spriteName":"smoleyes.png"},{"angle":-607.5,"value":10,"type":"ease","time":423.5,"duration":1,"ease":"inOutBack","var":"p.bodyRadius"},{"angle":-630,"var":"vfx.noteXScale","type":"ease","duration":1,"value":0.5,"time":423.5,"ease":"inOutBack"},{"angle":-652.5,"value":0.5,"type":"ease","time":423.5,"ease":"inOutBack","var":"vfx.noteYScale","duration":1},{"angle":-675,"var":"noteRadius","type":"ease","duration":1,"value":4.5,"time":423.5,"ease":"inOutBack"},{"angle":-585,"value":15.5,"type":"ease","time":423.5,"duration":1,"ease":"inOutBack","var":"p.paddleDistance"},{"angle":-697.5,"value":3,"type":"ease","duration":1,"var":"p.lookRadius","time":423.5,"ease":"inOutBack"},{"angle":-652.5,"type":"forcePlayerSprite","time":424,"spriteName":"smoleyes.png"},{"angle":-720,"var":"scrollSpeed","type":"ease","duration":1,"value":0.5,"time":423.5,"ease":"inOutBack"},{"angle":-787.5,"value":20,"type":"ease","time":431.75,"duration":0.5,"ease":"inOutBack","var":"p.bodyRadius"},{"angle":-810,"value":1,"type":"ease","duration":0.5,"var":"vfx.noteXScale","time":431.75,"ease":"inOutBack"},{"angle":-832.5,"value":1,"type":"ease","time":431.75,"duration":0.5,"var":"vfx.noteYScale","ease":"inOutBack"},{"angle":-855,"var":"noteRadius","type":"ease","duration":0.5,"value":9,"time":431.75,"ease":"inOutBack"},{"angle":-765,"var":"p.paddleDistance","type":"ease","duration":0.5,"value":31,"time":431.75,"ease":"inOutBack"},{"angle":-877.5,"value":6,"type":"ease","time":431.75,"duration":0.5,"ease":"inOutBack","var":"p.lookRadius"},{"angle":-652.5,"type":"forcePlayerSprite","time":432,"spriteName":"idle"},{"angle":-900,"value":1,"type":"ease","time":431.75,"duration":0.5,"ease":"inOutBack","var":"scrollSpeed"},{"angle":-607.5,"var":"p.bodyRadius","type":"ease","duration":1,"value":40,"time":438.25,"ease":"inOutBack"},{"angle":-630,"value":2,"type":"ease","time":438.25,"ease":"inOutBack","var":"vfx.noteXScale","duration":1},{"angle":-652.5,"value":2,"type":"ease","time":438.25,"duration":1,"var":"vfx.noteYScale","ease":"inOutBack"},{"angle":-675,"value":18,"type":"ease","time":438.25,"ease":"inOutBack","var":"noteRadius","duration":1},{"angle":-697.5,"value":62,"type":"ease","time":438.25,"var":"p.paddleDistance","ease":"inOutBack","duration":1},{"angle":-720,"value":12,"type":"ease","time":438.25,"ease":"inOutBack","var":"p.lookRadius","duration":1},{"angle":-652.5,"type":"forcePlayerSprite","time":438.75,"spriteName":"bigeyes.png"},{"angle":-742.5,"value":2,"type":"ease","duration":0.5,"var":"scrollSpeed","time":438.25,"ease":"inOutBack"},{"angle":-765,"value":10,"type":"ease","duration":10,"var":"p.bodyRadius","time":441.5,"ease":"inOutBack"},{"angle":-787.5,"var":"vfx.noteXScale","type":"ease","duration":10,"value":0.5,"time":441.5,"ease":"inOutBack"},{"angle":-810,"value":0.5,"type":"ease","time":441.5,"ease":"inOutBack","var":"vfx.noteYScale","duration":10},{"angle":-832.5,"var":"noteRadius","type":"ease","duration":10,"value":4.5,"time":441.5,"ease":"inOutBack"},{"angle":-742.5,"value":15.5,"type":"ease","time":441.5,"duration":10,"ease":"inOutBack","var":"p.paddleDistance"},{"angle":-855,"value":3,"type":"ease","duration":10,"var":"p.lookRadius","time":441.5,"ease":"inOutBack"},{"angle":-810,"type":"forcePlayerSprite","time":447,"spriteName":"smoleyes.png"},{"angle":-877.5,"var":"scrollSpeed","type":"ease","duration":10,"value":0.5,"time":441.5,"ease":"inOutBack"},{"angle":-810,"type":"forcePlayerSprite","time":445.5,"spriteName":"idle"},{"angle":-630,"ease":"inOutElastic","y":300,"time":467,"type":"deco","id":"1","duration":20},{"angle":-652.5,"ease":"inOutElastic","type":"deco","duration":20,"y":200,"id":"2","time":466},{"angle":-630,"ease":"inOutElastic","type":"deco","duration":20,"y":100,"id":"3","time":465},{"angle":-630,"ease":"inOutElastic","type":"deco","duration":20,"y":0,"id":"4","time":464},{"angle":-787.5,"ease":"inOutBack","type":"ease","duration":10,"value":20,"time":480,"var":"p.bodyRadius"},{"angle":-810,"ease":"inOutBack","type":"ease","duration":10,"var":"vfx.noteXScale","time":480,"value":1},{"angle":-832.5,"var":"vfx.noteYScale","type":"ease","duration":10,"ease":"inOutBack","value":1,"time":480},{"angle":-855,"ease":"inOutBack","type":"ease","duration":10,"value":9,"time":480,"var":"noteRadius"},{"angle":-765,"var":"p.paddleDistance","type":"ease","duration":10,"time":480,"value":31,"ease":"inOutBack"},{"angle":-877.5,"ease":"inOutBack","type":"ease","duration":10,"var":"p.lookRadius","value":6,"time":480},{"angle":-900,"ease":"inOutBack","type":"ease","duration":10,"var":"scrollSpeed","value":1,"time":480},{"angle":-315,"value":20,"type":"ease","time":511,"duration":1,"var":"p.bodyRadius","ease":"inOutBack"},{"angle":-292.5,"var":"vfx.noteXScale","type":"ease","time":511,"duration":1,"value":1,"ease":"inOutBack"},{"angle":-270,"var":"vfx.noteYScale","type":"ease","duration":1,"value":1,"time":511,"ease":"inOutBack"},{"angle":-247.5,"value":9,"type":"ease","time":511,"duration":1,"var":"noteRadius","ease":"inOutBack"},{"angle":-337.5,"value":31,"type":"ease","time":511,"var":"p.paddleDistance","ease":"inOutBack","duration":1},{"angle":-225,"ease":"inOutBack","type":"ease","duration":1,"value":6,"time":511,"var":"p.lookRadius"},{"angle":-450,"type":"forcePlayerSprite","time":511.5,"spriteName":"idle"},{"angle":-202.5,"ease":"inOutBack","type":"ease","duration":0.5,"value":1,"time":511,"var":"scrollSpeed"},{"angle":-450,"value":5,"type":"ease","time":516,"var":"vfx.hglitch.strength"},{"angle":-427.5,"value":0,"type":"ease","time":517.5,"var":"vfx.hglitch.strength"},{"angle":-315,"ease":"inOutBack","type":"ease","duration":0.5,"value":20,"time":537,"var":"p.bodyRadius"},{"angle":-292.5,"var":"vfx.noteXScale","type":"ease","time":537,"duration":0.5,"value":1,"ease":"inOutBack"},{"angle":-270,"var":"vfx.noteYScale","type":"ease","duration":0.5,"value":1,"time":537,"ease":"inOutBack"},{"angle":-247.5,"value":9,"type":"ease","time":537,"duration":0.5,"var":"noteRadius","ease":"inOutBack"},{"angle":-337.5,"value":31,"type":"ease","time":537,"duration":0.5,"var":"p.paddleDistance","ease":"inOutBack"},{"angle":-225,"ease":"inOutBack","type":"ease","duration":0.5,"value":6,"time":537,"var":"p.lookRadius"},{"angle":-450,"type":"forcePlayerSprite","time":537.25,"spriteName":"idle"},{"angle":-202.5,"ease":"inOutBack","type":"ease","duration":0.5,"value":1,"time":537,"var":"scrollSpeed"},{"angle":-360,"var":"p.bodyRadius","type":"ease","time":538.5,"duration":0.5,"value":10,"ease":"inOutBack"},{"angle":-337.5,"var":"vfx.noteXScale","type":"ease","duration":0.5,"value":0.5,"time":538.5,"ease":"inOutBack"},{"angle":-315,"ease":"inOutBack","type":"ease","duration":0.5,"value":0.5,"time":538.5,"var":"vfx.noteYScale"},{"angle":-292.5,"value":4.5,"type":"ease","time":538.5,"duration":0.5,"var":"noteRadius","ease":"inOutBack"},{"angle":-382.5,"value":15.5,"type":"ease","time":538.5,"var":"p.paddleDistance","ease":"inOutBack","duration":0.5},{"angle":-270,"value":3,"type":"ease","time":538.5,"ease":"inOutBack","var":"p.lookRadius","duration":0.5},{"angle":-315,"type":"forcePlayerSprite","time":538.75,"spriteName":"smoleyes.png"},{"angle":-247.5,"var":"scrollSpeed","type":"ease","time":538.5,"duration":0.5,"value":0.5,"ease":"inOutBack"},{"angle":-360,"ease":"inOutBack","type":"ease","duration":1,"value":0,"time":539.5,"var":"p.bodyRadius"},{"angle":-337.5,"ease":"inOutBack","type":"ease","duration":1,"value":0.10000000149012,"time":539.5,"var":"vfx.noteXScale"},{"angle":-315,"value":0.10000000149012,"type":"ease","time":539.5,"ease":"inOutBack","var":"vfx.noteYScale","duration":1},{"angle":-292.5,"value":1,"type":"ease","time":539.5,"var":"noteRadius","ease":"inOutBack","duration":1},{"angle":-382.5,"value":-1,"type":"ease","time":539.5,"duration":1,"var":"p.paddleDistance","ease":"inOutBack"},{"angle":-270,"value":0,"type":"ease","time":539.5,"duration":1,"var":"p.lookRadius","ease":"inOutBack"},{"angle":-315,"type":"forcePlayerSprite","time":539.75,"spriteName":"none"},{"angle":-247.5,"value":0.10000000149012,"type":"ease","time":539.5,"duration":0.5,"var":"scrollSpeed","ease":"inOutBack"},{"angle":-315,"var":"p.bodyRadius","type":"ease","time":541.5,"duration":5,"value":20,"ease":"inOutBack"},{"angle":-292.5,"value":1,"type":"ease","time":541.5,"duration":5,"var":"vfx.noteXScale","ease":"inOutBack"},{"angle":-270,"value":1,"type":"ease","time":541.5,"var":"vfx.noteYScale","ease":"inOutBack","duration":5},{"angle":-247.5,"var":"noteRadius","type":"ease","time":541.5,"duration":5,"value":9,"ease":"inOutBack"},{"angle":-337.5,"var":"p.paddleDistance","type":"ease","duration":5,"value":31,"time":541.5,"ease":"inOutBack"},{"angle":-225,"value":6,"type":"ease","time":541.5,"ease":"inOutBack","var":"p.lookRadius","duration":5},{"angle":-450,"type":"forcePlayerSprite","time":543.75,"spriteName":"idle"},{"angle":-202.5,"value":1,"type":"ease","time":541.5,"ease":"inOutBack","var":"scrollSpeed","duration":5},{"angle":-450,"type":"forcePlayerSprite","time":543,"spriteName":"smoleyes.png"},{"angle":-495,"ease":"inOutBack","type":"ease","duration":1,"value":10,"time":583.5,"var":"p.bodyRadius"},{"angle":-472.5,"value":0.5,"type":"ease","time":583.5,"duration":1,"var":"vfx.noteXScale","ease":"inOutBack"},{"angle":-450,"value":0.5,"type":"ease","time":583.5,"var":"vfx.noteYScale","ease":"inOutBack","duration":1},{"angle":-427.5,"value":4.5,"type":"ease","time":583.5,"duration":1,"var":"noteRadius","ease":"inOutBack"},{"angle":-517.5,"ease":"inOutBack","type":"ease","duration":1,"value":15.5,"time":583.5,"var":"p.paddleDistance"},{"angle":-405,"var":"p.lookRadius","type":"ease","time":583.5,"duration":1,"value":3,"ease":"inOutBack"},{"angle":-450,"type":"forcePlayerSprite","time":584,"spriteName":"smoleyes.png"},{"angle":-382.5,"value":0.5,"type":"ease","time":583.5,"duration":1,"var":"scrollSpeed","ease":"inOutBack"},{"angle":-562.5,"type":"tag","time":483,"tag":"waters receding","angleOffset":false},{"angle":-922.5,"type":"tag","time":327.5,"tag":"smol","angleOffset":false},{"angle":-922.5,"type":"tag","time":335,"tag":"beeg","angleOffset":false},{"angle":-562.5,"type":"tag","time":343,"tag":"smol","angleOffset":false},{"angle":-562.5,"type":"tag","time":343,"tag":"smol","angleOffset":false},{"angle":-585,"type":"tag","time":351,"tag":"real","angleOffset":false},{"angle":-585,"type":"tag","time":359.75,"tag":"beeg","angleOffset":false},{"angle":-562.5,"type":"tag","time":363.25,"tag":"real","angleOffset":false},{"angle":-562.5,"type":"tag","time":409,"tag":"slight obscure","angleOffset":false},{"angle":-562.5,"type":"tag","time":385,"tag":"waters receding","angleOffset":false},{"angle":-562.5,"type":"tag","time":443,"tag":"full obscure","angleOffset":false},{"angle":-652.5,"type":"forcePlayerSprite","time":485,"spriteName":"idle"},{"angle":-562.5,"type":"tag","time":500,"tag":"slight obscure","angleOffset":false},{"angle":-562.5,"type":"tag","time":514.75,"tag":"waters receding","angleOffset":false},{"angle":-832.5,"type":"tag","time":535.5,"tag":"beeg","angleOffset":false},{"angle":-810,"type":"forcePlayerSprite","time":535.75,"spriteName":"bigeyes.png"},{"angle":-562.5,"type":"tag","time":539,"tag":"slight obscure","angleOffset":false},{"angle":-855,"type":"tag","time":577,"tag":"full obscure","angleOffset":false},{"angle":-675,"type":"tag","time":551,"tag":"smol","angleOffset":false},{"angle":-675,"type":"forcePlayerSprite","time":552,"spriteName":"smoleyes.png"},{"angle":-607.5,"type":"forcePlayerSprite","time":559.5,"spriteName":"bigeyes.png"},{"angle":-607.5,"type":"tag","time":559,"tag":"beeg","angleOffset":false},{"angle":-652.5,"type":"forcePlayerSprite","time":567.5,"spriteName":"idle"},{"angle":-652.5,"type":"tag","time":567,"tag":"real","angleOffset":false},{"angle":-562.5,"type":"tag","time":592,"tag":"slight obscure","angleOffset":false},{"angle":-585,"type":"tag","time":606,"tag":"real","angleOffset":false},{"angle":-585,"type":"forcePlayerSprite","time":606.5,"spriteName":"idle"},{"angle":-922.5,"value":5,"type":"ease","duration":5,"time":624,"var":"vfx.hglitch.strength"},{"angle":-877.5,"var":"vfx.hglitch.strength","type":"ease","time":628,"value":0,"duration":1},{"angle":-652.5,"var":"vfx.vglitch.strength","type":"ease","duration":2.5,"value":10,"time":636},{"angle":-652.5,"var":"vfx.vglitch.strength","type":"ease","time":638.5,"duration":2.5,"value":0},{"time":654.5,"angle":-652.5,"type":"showResults"}],"properties":{"speed":50,"formatversion":13,"offset":15},"metadata":{"artist":"Jun Ishikawa","charter":"Tri The Kitten","description":"he will drown.\n\n\n\nmechanics used: sides, mines, inverses","bg":true,"songName":"Misteen Ocean","bgData":{"magentaChannel":{"r":255,"g":0,"b":255},"cyanChannel":{"r":150,"g":150,"b":255},"yellowChannel":{"r":150,"g":150,"b":0},"redChannel":{"r":200,"g":0,"b":0},"blueChannel":{"r":0,"g":0,"b":150},"greenChannel":{"r":0,"g":255,"b":0},"image":"gay ocean.png"},"artistLink":"","difficulty":0}}