[{"duration":1,"angle2":-45,"time":14.75,"startTap":true,"angle":101.25,"type":"hold"},{"time":0.75,"angle":360,"type":"block"},{"time":1.25,"angle":348.75,"type":"block"},{"time":1.75,"angle":337.5,"type":"block"},{"time":2.25,"angle":326.25,"type":"block"},{"time":2.75,"angle":326.25,"type":"block"},{"time":3.25,"angle":337.5,"type":"block"},{"time":3.75,"angle":348.75,"type":"block"},{"time":4.25,"angle":0,"type":"block"},{"time":4.75,"angle":360,"type":"block"},{"time":5.25,"angle":22.5,"type":"block"},{"time":5.75,"angle":45,"type":"block"},{"time":6.25,"angle":67.5,"type":"block"},{"time":6.75,"angle":90,"type":"block"},{"time":7.5,"angle":56.25,"type":"side"},{"time":7.25,"angle":78.75,"type":"block"},{"time":7.75,"angle":45,"type":"block"},{"time":8.25,"angle":33.75,"type":"block"},{"time":8.75,"angle":11.25,"type":"block"},{"time":9.25,"angle":348.75,"type":"block"},{"time":9.75,"angle":326.25,"type":"block"},{"time":10.25,"angle":303.75,"type":"block"},{"time":10.75,"angle":281.25,"type":"block"},{"time":11.25,"angle":258.75,"type":"block"},{"time":11.75,"angle":236.25,"type":"block"},{"time":12.25,"angle":213.75,"type":"block"},{"time":12.5,"angle":180,"type":"side"},{"time":12.75,"angle":168.75,"type":"block"},{"time":13.25,"angle":146.25,"type":"block"},{"time":13.75,"angle":123.75,"type":"block"},{"time":14.25,"angle":101.25,"type":"block"},{"time":16.75,"angle":0,"type":"block"},{"time":18.75,"angle":0,"type":"block"},{"time":20.75,"angle":33.75,"type":"block"},{"time":24.75,"angle":326.25,"type":"block"},{"time":28.75,"angle":180,"type":"block"},{"duration":1,"angle2":360,"time":15.75,"startTap":true,"angle":315,"type":"hold"},{"time":17.75,"angle":326.25,"type":"block"},{"time":18.25,"angle":292.5,"type":"side"},{"duration":1,"angle2":393.75,"angle":360,"time":19.75,"type":"hold"},{"time":21.75,"angle":67.5,"type":"block"},{"time":22.25,"angle":101.25,"type":"side"},{"time":22.75,"angle":33.75,"type":"side"},{"time":23.75,"angle":360,"type":"block"},{"duration":0.5,"angle2":326.25,"angle":360,"time":24.25,"type":"hold"},{"time":25.75,"angle":292.5,"type":"block"},{"time":26.25,"angle":292.5,"type":"block"},{"time":26.75,"angle":258.75,"type":"side"},{"duration":1,"angle2":180,"angle":225,"time":27.75,"type":"hold"},{"time":29.75,"angle":146.25,"type":"block"},{"time":30.25,"angle":112.5,"type":"side"},{"time":30.75,"angle":45,"type":"side"},{"duration":1,"angle2":-180,"angle":0,"time":31.75,"type":"hold"},{"angle":180,"tap":true,"time":32.75,"type":"block"},{"time":33.75,"angle":213.75,"type":"block"},{"time":34.25,"angle":247.5,"type":"block"},{"time":34.75,"angle":213.75,"type":"side"},{"time":35.75,"angle":146.25,"type":"side"},{"time":36.75,"angle":112.5,"type":"block"},{"time":37.75,"angle":78.75,"type":"block"},{"time":38.25,"angle":45,"type":"block"},{"duration":1,"angle2":101.25,"angle":11.25,"time":38.75,"type":"hold"},{"time":40.75,"angle":135,"type":"side"},{"time":40.25,"angle":67.5,"type":"block"},{"time":41.75,"angle":202.5,"type":"block"},{"time":43.75,"angle":270,"type":"block"},{"duration":2,"angle2":180,"angle":303.75,"time":44.75,"type":"hold"},{"duration":2,"angle2":360,"angle":180,"time":46.75,"type":"hold"},{"time":42.25,"angle":168.75,"type":"block"},{"time":42.75,"angle":236.25,"type":"side"},{"time":45.75,"angle":202.5,"type":"block"},{"time":46.25,"angle":180,"type":"block"},{"time":47.75,"angle":315,"type":"block"},{"time":48.25,"angle":348.75,"type":"block"},{"time":49.25,"angle":22.5,"type":"block"},{"time":49,"angle":11.25,"type":"block"},{"time":49.5,"angle":33.75,"type":"block"},{"time":49.75,"angle":45,"type":"block"},{"time":50,"angle":56.25,"type":"block"},{"time":48.75,"angle":0,"type":"block"},{"time":50.25,"angle":67.5,"type":"block"},{"time":50.5,"angle":78.75,"type":"block"},{"time":50.75,"angle":90,"type":"block"},{"time":51,"angle":101.25,"type":"block"},{"time":51.25,"angle":112.5,"type":"block"},{"time":51.5,"angle":123.75,"type":"block"},{"time":51.75,"angle":135,"type":"block"},{"time":52,"angle":146.25,"type":"block"},{"time":52.25,"angle":157.5,"type":"block"},{"time":52.5,"angle":168.75,"type":"block"},{"duration":1.75,"angle2":0,"angle":0,"time":50.75,"type":"mineHold"},{"duration":1.75,"angle2":270,"angle":270,"time":50.75,"type":"mineHold"},{"time":50.75,"angle":292.5,"type":"mine"},{"time":50.75,"angle":337.5,"type":"mine"},{"time":50.75,"angle":315,"type":"mine"},{"time":52.5,"angle":292.5,"type":"mine"},{"time":52.5,"angle":315,"type":"mine"},{"time":52.5,"angle":337.5,"type":"mine"},{"time":52.75,"angle":180,"type":"block"},{"time":53,"angle":191.25,"type":"block"},{"time":53.25,"angle":202.5,"type":"block"},{"time":53.5,"angle":213.75,"type":"block"},{"time":53.75,"angle":225,"type":"block"},{"time":54,"angle":236.25,"type":"block"},{"time":54.25,"angle":247.5,"type":"block"},{"time":54.5,"angle":258.75,"type":"block"},{"time":54.75,"angle":270,"type":"block"},{"time":55,"angle":281.25,"type":"block"},{"time":55.25,"angle":292.5,"type":"block"},{"time":55.5,"angle":303.75,"type":"block"},{"time":55.75,"angle":315,"type":"block"},{"time":56,"angle":326.25,"type":"block"},{"time":56.25,"angle":337.5,"type":"block"},{"time":56.5,"angle":348.75,"type":"block"},{"duration":1.75,"angle2":90,"angle":90,"time":54.75,"type":"mineHold"},{"duration":1.75,"angle2":180,"angle":180,"time":54.75,"type":"mineHold"},{"time":54.75,"angle":112.5,"type":"mine"},{"time":54.75,"angle":135,"type":"mine"},{"time":54.75,"angle":157.5,"type":"mine"},{"time":56.5,"angle":157.5,"type":"mine"},{"time":56.5,"angle":135,"type":"mine"},{"time":56.5,"angle":112.5,"type":"mine"},{"time":56.75,"angle":360,"type":"block"},{"time":57,"angle":348.75,"type":"block"},{"time":57.25,"angle":337.5,"type":"block"},{"time":57.5,"angle":326.25,"type":"block"},{"time":57.75,"angle":315,"type":"block"},{"time":58,"angle":303.75,"type":"block"},{"time":58.25,"angle":292.5,"type":"block"},{"time":58.5,"angle":281.25,"type":"block"},{"time":58.75,"angle":270,"type":"block"},{"time":59,"angle":258.75,"type":"block"},{"time":59.25,"angle":247.5,"type":"block"},{"time":59.5,"angle":236.25,"type":"block"},{"time":59.75,"angle":225,"type":"block"},{"time":60,"angle":213.75,"type":"block"},{"time":60.25,"angle":202.5,"type":"block"},{"time":60.5,"angle":191.25,"type":"block"},{"duration":1.75,"angle2":360,"angle":360,"time":58.75,"type":"mineHold"},{"duration":1.75,"angle2":90,"angle":90,"time":58.75,"type":"mineHold"},{"time":58.75,"angle":67.5,"type":"mine"},{"time":58.75,"angle":45,"type":"mine"},{"time":58.75,"angle":22.5,"type":"mine"},{"time":60.5,"angle":22.5,"type":"mine"},{"time":60.5,"angle":45,"type":"mine"},{"time":60.5,"angle":67.5,"type":"mine"},{"duration":2,"angle2":90,"angle":180,"time":60.75,"type":"hold"},{"duration":2,"angle2":180,"angle":90,"time":62.75,"type":"hold"},{"time":60.75,"angle":180,"type":"inverse"},{"time":61,"angle":168.75,"type":"inverse"},{"time":61.25,"angle":157.5,"type":"inverse"},{"time":61.5,"angle":146.25,"type":"inverse"},{"time":61.75,"angle":135,"type":"inverse"},{"time":62,"angle":123.75,"type":"inverse"},{"time":62.25,"angle":112.5,"type":"inverse"},{"time":62.5,"angle":101.25,"type":"inverse"},{"time":62.75,"angle":90,"type":"inverse"},{"time":63.25,"angle":112.5,"type":"inverse"},{"time":63.75,"angle":135,"type":"inverse"},{"time":64,"angle":146.25,"type":"inverse"},{"time":64.25,"angle":157.5,"type":"inverse"},{"time":64.5,"angle":168.75,"type":"inverse"},{"time":64.75,"angle":180,"type":"block"},{"time":65,"angle":202.5,"type":"block"},{"time":65.25,"angle":225,"type":"block"},{"time":65.5,"angle":247.5,"type":"block"},{"time":65.75,"angle":270,"type":"block"},{"time":66,"angle":292.5,"type":"block"},{"time":66.25,"angle":315,"type":"block"},{"time":66.5,"angle":337.5,"type":"block"},{"time":66.75,"angle":360,"type":"block"},{"time":67,"angle":22.5,"type":"block"},{"time":67.25,"angle":45,"type":"block"},{"time":67.5,"angle":67.5,"type":"block"},{"time":67.75,"angle":90,"type":"block"},{"time":68,"angle":112.5,"type":"block"},{"time":68.25,"angle":135,"type":"block"},{"time":68.5,"angle":157.5,"type":"block"},{"duration":1.75,"angle2":270,"angle":180,"time":66.75,"type":"mineHold"},{"duration":1.75,"angle2":360,"angle":270,"time":66.75,"type":"mineHold"},{"time":66.75,"angle":247.5,"type":"mine"},{"time":66.75,"angle":225,"type":"mine"},{"time":66.75,"angle":202.5,"type":"mine"},{"time":68.5,"angle":292.5,"type":"mine"},{"time":68.5,"angle":315,"type":"mine"},{"time":68.5,"angle":337.5,"type":"mine"},{"time":68.75,"angle":180,"type":"block"},{"time":69,"angle":157.5,"type":"block"},{"time":69.25,"angle":135,"type":"block"},{"time":69.5,"angle":112.5,"type":"block"},{"time":69.75,"angle":90,"type":"block"},{"time":70,"angle":67.5,"type":"block"},{"time":70.25,"angle":45,"type":"block"},{"time":70.5,"angle":22.5,"type":"block"},{"time":70.75,"angle":0,"type":"block"},{"time":71,"angle":337.5,"type":"block"},{"time":71.25,"angle":315,"type":"block"},{"time":71.5,"angle":292.5,"type":"block"},{"time":71.75,"angle":270,"type":"block"},{"time":72,"angle":247.5,"type":"block"},{"time":72.25,"angle":225,"type":"block"},{"time":72.5,"angle":202.5,"type":"block"},{"duration":1.75,"angle2":90,"angle":180,"time":70.75,"type":"mineHold"},{"duration":1.75,"angle2":0,"angle":90,"time":70.75,"type":"mineHold"},{"time":70.75,"angle":112.5,"type":"mine"},{"time":70.75,"angle":135,"type":"mine"},{"time":70.75,"angle":157.5,"type":"mine"},{"time":72.5,"angle":67.5,"type":"mine"},{"time":72.5,"angle":45,"type":"mine"},{"time":72.5,"angle":22.5,"type":"mine"},{"duration":2,"angle2":360,"angle":180,"time":72.75,"type":"hold"},{"duration":2,"angle2":180,"angle":0,"time":74.75,"type":"hold"},{"time":72.75,"angle":180,"type":"inverse"},{"time":73,"angle":202.5,"type":"inverse"},{"time":73.25,"angle":225,"type":"inverse"},{"time":73.5,"angle":247.5,"type":"inverse"},{"time":73.75,"angle":270,"type":"inverse"},{"time":74,"angle":292.5,"type":"inverse"},{"time":74.25,"angle":315,"type":"inverse"},{"time":74.5,"angle":337.5,"type":"inverse"},{"time":74.75,"angle":360,"type":"inverse"},{"time":75,"angle":22.5,"type":"inverse"},{"time":75.25,"angle":45,"type":"inverse"},{"time":75.5,"angle":67.5,"type":"inverse"},{"time":75.75,"angle":90,"type":"inverse"},{"time":76,"angle":112.5,"type":"inverse"},{"time":76.25,"angle":135,"type":"inverse"},{"time":76.5,"angle":157.5,"type":"inverse"},{"time":76.75,"angle":180,"type":"inverse"},{"duration":2,"angle2":540,"angle":360,"time":72.75,"type":"mineHold"},{"duration":2,"angle2":360,"angle":180,"time":74.75,"type":"mineHold"},{"duration":2,"angle2":450,"angle":270,"time":72.75,"type":"mineHold"},{"duration":2,"angle2":270,"angle":90,"time":74.75,"type":"mineHold"},{"duration":2,"angle2":270,"angle":90,"time":72.75,"type":"mineHold"},{"duration":2,"angle2":450,"angle":270,"time":74.75,"type":"mineHold"},{"duration":2,"angle2":270,"angle":180,"time":76.75,"type":"hold"},{"time":77,"angle":191.25,"type":"inverse"},{"time":77.25,"angle":202.5,"type":"inverse"},{"time":77.5,"angle":213.75,"type":"inverse"},{"time":77.75,"angle":225,"type":"inverse"},{"time":78,"angle":236.25,"type":"inverse"},{"time":78.25,"angle":247.5,"type":"inverse"},{"time":78.5,"angle":258.75,"type":"inverse"},{"time":78.75,"angle":270,"type":"inverse"},{"time":79.25,"angle":225,"type":"inverse"},{"time":79.75,"angle":180,"type":"inverse"},{"time":80,"angle":157.5,"type":"inverse"},{"time":80.25,"angle":135,"type":"inverse"},{"time":80.5,"angle":112.5,"type":"inverse"},{"time":82.5,"angle":33.75,"type":"block"},{"time":83,"angle":67.5,"type":"block"},{"time":84.25,"angle":135,"type":"block"},{"time":82,"angle":360,"type":"block"},{"time":81,"angle":78.75,"type":"block"},{"time":80.75,"angle":90,"type":"block"},{"time":81.5,"angle":33.75,"type":"side"},{"time":83.75,"angle":101.25,"type":"side"},{"time":84.75,"angle":168.75,"type":"block"},{"time":85.25,"angle":202.5,"type":"block"},{"time":86,"angle":236.25,"type":"block"},{"time":86.5,"angle":270,"type":"block"},{"time":87.25,"angle":303.75,"type":"block"},{"time":87.75,"angle":348.75,"type":"side"},{"time":88.25,"angle":11.25,"type":"block"},{"time":88.5,"angle":45,"type":"block"},{"time":89.25,"angle":78.75,"type":"block"},{"time":90,"angle":101.25,"type":"block"},{"time":90.5,"angle":123.75,"type":"block"},{"time":91.25,"angle":146.25,"type":"block"},{"time":92,"angle":168.75,"type":"block"},{"time":92.75,"angle":191.25,"type":"block"},{"time":93.5,"angle":213.75,"type":"block"},{"time":94.25,"angle":236.25,"type":"block"},{"time":95.25,"angle":258.75,"type":"block"},{"time":95.75,"angle":281.25,"type":"side"},{"time":96.25,"angle":303.75,"type":"block"},{"time":97,"angle":326.25,"type":"block"},{"time":98,"angle":337.5,"type":"block"},{"time":99,"angle":348.75,"type":"block"},{"duration":2,"angle2":90,"angle":0,"time":100,"type":"hold"},{"duration":2,"angle2":270,"angle":360,"time":100,"type":"hold"},{"duration":1,"angle2":180,"time":102,"startTap":true,"angle":270,"type":"hold"},{"duration":1,"angle2":180,"time":102,"startTap":true,"angle":90,"type":"hold"},{"duration":2,"angle2":90,"angle":270,"time":78.75,"type":"hold"},{"time":101,"angle":0,"type":"block"},{"time":102,"angle":360,"type":"block"},{"time":108.25,"angle":213.75,"type":"block"},{"time":107.75,"angle":180,"type":"block"},{"time":106.75,"angle":180,"type":"block"},{"time":106.25,"angle":67.5,"type":"block"},{"time":105.75,"angle":33.75,"type":"block"},{"time":105.25,"angle":360,"type":"block"},{"time":104.25,"angle":33.75,"type":"block"},{"time":103.75,"angle":360,"type":"block"},{"time":102.75,"angle":360,"type":"block"},{"time":102.5,"angle":360,"type":"block"},{"time":103,"angle":0,"type":"block"},{"time":109.25,"angle":180,"type":"block"},{"time":109.75,"angle":213.75,"type":"block"},{"time":110.25,"angle":247.5,"type":"block"},{"time":110.5,"angle":67.5,"type":"block"},{"time":111.5,"angle":67.5,"type":"block"},{"time":112.25,"angle":135,"type":"block"},{"time":112.75,"angle":112.5,"type":"block"},{"time":113.25,"angle":90,"type":"block"},{"time":114.25,"angle":258.75,"type":"block"},{"time":113.75,"angle":67.5,"type":"block"},{"time":115.75,"angle":326.25,"type":"block"},{"time":115.25,"angle":292.5,"type":"block"},{"time":116,"angle":337.5,"type":"block"},{"time":116.5,"angle":348.75,"type":"block"},{"time":117,"angle":0,"type":"block"},{"time":117.5,"angle":0,"type":"block"},{"time":118,"angle":180,"type":"block"},{"time":119,"angle":326.25,"type":"block"},{"time":119.5,"angle":146.25,"type":"block"},{"time":120.25,"angle":360,"type":"block"},{"time":120.75,"angle":33.75,"type":"block"},{"time":121.25,"angle":56.25,"type":"block"},{"time":121.75,"angle":0,"type":"block"},{"time":122.75,"angle":146.25,"type":"block"},{"time":123.25,"angle":326.25,"type":"block"},{"time":124,"angle":0,"type":"block"},{"time":124.5,"angle":33.75,"type":"block"},{"time":125,"angle":78.75,"type":"block"},{"time":125.5,"angle":270,"type":"block"},{"time":126.5,"angle":303.75,"type":"block"},{"time":127.75,"angle":157.5,"type":"block"},{"time":128.25,"angle":0,"type":"block"},{"time":128.75,"angle":202.5,"type":"block"},{"time":129.25,"angle":0,"type":"block"},{"time":130,"angle":0,"type":"block"},{"time":130.5,"angle":360,"type":"block"},{"time":131,"angle":0,"type":"block"},{"time":131.5,"angle":0,"type":"block"},{"time":132,"angle":0,"type":"block"},{"time":132.5,"angle":0,"type":"block"},{"time":107,"angle":225,"type":"side"},{"time":110.75,"angle":101.25,"type":"side"},{"time":112,"angle":101.25,"type":"side"},{"time":114.5,"angle":292.5,"type":"side"},{"time":118.25,"angle":146.25,"type":"side"},{"time":119.75,"angle":180,"type":"side"},{"time":122,"angle":326.25,"type":"side"},{"time":123.5,"angle":360,"type":"side"},{"time":125.75,"angle":303.75,"type":"side"},{"time":126.75,"angle":337.5,"type":"side"},{"time":127,"angle":337.5,"type":"block"},{"time":129.5,"angle":33.75,"type":"side"},{"time":130.75,"angle":180,"type":"block"},{"time":131.25,"angle":180,"type":"block"},{"time":131.75,"angle":180,"type":"block"},{"time":132.25,"angle":180,"type":"block"},{"time":132.75,"angle":180,"type":"block"},{"duration":3.75,"angle2":-90,"angle":0,"time":136.25,"type":"hold"},{"duration":3.75,"angle2":90,"angle":270,"time":140,"type":"hold"},{"duration":4,"angle2":-270,"angle":90,"time":143.75,"type":"hold"},{"duration":3.75,"angle2":180,"angle":270,"time":136.25,"type":"mineHold"},{"duration":3.75,"angle2":90,"angle":180,"time":136.25,"type":"mineHold"},{"duration":3.75,"angle2":0,"angle":90,"time":136.25,"type":"mineHold"},{"duration":3.75,"angle2":0,"angle":180,"time":140,"type":"mineHold"},{"duration":3.75,"angle2":-90,"angle":90,"time":140,"type":"mineHold"},{"duration":3.75,"angle2":180,"angle":360,"time":140,"type":"mineHold"},{"duration":3.75,"angle2":0,"angle":360,"time":143.75,"type":"mineHold"},{"duration":3.75,"angle2":-90,"angle":270,"time":143.75,"type":"mineHold"},{"duration":3.75,"angle2":-180,"angle":180,"time":143.75,"type":"mineHold"},{"time":147.75,"angle":90,"type":"block"},{"time":148.25,"angle":78.75,"type":"block"},{"time":149.25,"angle":56.25,"type":"block"},{"time":149.75,"angle":45,"type":"block"},{"time":150.25,"angle":33.75,"type":"block"},{"time":151.25,"angle":11.25,"type":"block"},{"time":151.75,"angle":0,"type":"block"},{"time":148.75,"angle":135,"type":"side"},{"angle":78.75,"tap":true,"time":150.75,"type":"side"},{"time":152.25,"angle":348.75,"type":"block"},{"time":152.75,"angle":45,"type":"side"},{"time":153.25,"angle":326.25,"type":"block"},{"time":153.75,"angle":315,"type":"block"},{"time":154.25,"angle":303.75,"type":"block"},{"angle":360,"tap":true,"time":154.75,"type":"side"},{"time":155.25,"angle":281.25,"type":"block"},{"time":155.75,"angle":270,"type":"block"},{"time":156.25,"angle":258.75,"type":"block"},{"time":156.75,"angle":315,"type":"side"},{"time":157.25,"angle":236.25,"type":"block"},{"time":157.75,"angle":225,"type":"block"},{"time":158.25,"angle":213.75,"type":"block"},{"angle":270,"tap":true,"time":158.75,"type":"side"},{"time":159.25,"angle":191.25,"type":"block"},{"time":159.75,"angle":180,"type":"block"},{"time":160.25,"angle":168.75,"type":"block"},{"time":160.75,"angle":225,"type":"side"},{"time":161.25,"angle":146.25,"type":"block"},{"time":161.75,"angle":135,"type":"block"},{"time":162.25,"angle":123.75,"type":"block"},{"angle":191.25,"tap":true,"time":162.75,"type":"side"},{"time":163.75,"angle":135,"type":"block"},{"time":164.75,"angle":101.25,"type":"block"},{"duration":1,"angle2":11.25,"angle":56.25,"time":165.75,"type":"hold"},{"duration":1,"angle2":180,"angle":11.25,"time":166.75,"type":"hold"},{"time":165.25,"angle":67.5,"type":"side"},{"time":167.75,"angle":180,"type":"block"},{"time":168.75,"angle":202.5,"type":"block"},{"time":169.25,"angle":213.75,"type":"block"},{"duration":1,"angle2":90,"angle":225,"time":169.75,"type":"hold"},{"time":170.75,"angle":90,"type":"block"},{"duration":2.25,"angle2":157.5,"angle":101.25,"time":171.5,"type":"hold"},{"time":171.25,"angle":56.25,"type":"block"},{"duration":2,"angle2":0,"angle":157.5,"time":173.75,"type":"hold"},{"time":177.25,"angle":303.75,"type":"block"},{"time":177,"angle":303.75,"type":"side"},{"duration":1.75,"angle2":180,"angle":292.5,"time":177.5,"type":"hold"},{"time":178,"angle":258.75,"type":"inverse"},{"time":178.5,"angle":225,"type":"inverse"},{"time":179,"angle":191.25,"type":"inverse"},{"duration":2,"angle2":90,"angle":180,"time":179.5,"type":"hold"},{"duration":1,"angle2":180,"angle":90,"time":181.5,"type":"hold"},{"duration":1,"angle2":0,"time":182.5,"startTap":true,"angle":180,"type":"hold"},{"duration":2,"angle2":0,"angle":360,"time":183.5,"type":"hold"},{"time":185.5,"angle":360,"type":"block"},{"time":186,"angle":45,"type":"block"},{"time":186.5,"angle":90,"type":"block"},{"time":187,"angle":135,"type":"block"},{"duration":1,"angle2":135,"angle":180,"time":187.5,"type":"hold"},{"duration":1,"angle2":180,"time":188.5,"startTap":true,"angle":135,"type":"hold"},{"duration":1,"angle2":90,"angle":180,"time":189.5,"type":"hold"},{"duration":1,"angle2":270,"angle":90,"time":190.5,"type":"hold"},{"duration":2,"angle2":720,"angle":270,"time":191.5,"type":"hold"},{"time":193.5,"angle":0,"type":"block"},{"time":193.75,"angle":11.25,"type":"block"},{"time":194,"angle":0,"type":"block"},{"time":194.25,"angle":348.75,"type":"block"},{"time":194.5,"angle":360,"type":"block"},{"time":194.75,"angle":11.25,"type":"block"},{"time":195,"angle":360,"type":"block"},{"time":195.25,"angle":348.75,"type":"block"},{"time":172.5,"angle":157.5,"type":"side"},{"time":174.25,"angle":78.75,"type":"side"},{"time":171.5,"angle":101.25,"type":"block"},{"duration":2,"angle2":180,"angle":270,"time":179.5,"type":"mineHold"},{"duration":2,"angle2":270,"angle":360,"time":179.5,"type":"mineHold"},{"duration":2,"angle2":0,"angle":90,"time":179.5,"type":"mineHold"},{"duration":1,"angle2":450,"angle":360,"time":181.5,"type":"mineHold"},{"duration":1,"angle2":360,"angle":270,"time":181.5,"type":"mineHold"},{"duration":1,"angle2":270,"angle":180,"time":181.5,"type":"mineHold"},{"duration":1,"angle2":90,"angle":270,"time":182.5,"type":"mineHold"},{"duration":1,"angle2":-180,"angle":0,"time":182.5,"type":"mineHold"},{"duration":1,"angle2":-90,"angle":90,"time":182.5,"type":"mineHold"},{"duration":2,"angle2":-247.5,"angle":112.5,"time":183.5,"type":"mineHold"},{"duration":2,"angle2":-112.5,"angle":247.5,"time":183.5,"type":"mineHold"},{"time":188,"angle":123.75,"type":"side"},{"time":189,"angle":191.25,"type":"side"},{"duration":2,"angle2":472.5,"angle":22.5,"time":191.5,"type":"mineHold"},{"duration":2,"angle2":607.5,"angle":157.5,"time":191.5,"type":"mineHold"},{"angle":135,"tap":true,"time":180.5,"type":"block"},{"angle":180,"tap":true,"time":184.5,"type":"block"},{"angle":191.25,"tap":true,"time":192.75,"type":"block"},{"time":195.5,"angle":0,"type":"block"},{"time":195.75,"angle":354.375,"type":"block"},{"time":196,"angle":348.75,"type":"block"},{"time":196.25,"angle":343.125,"type":"block"},{"time":196.5,"angle":337.5,"type":"block"},{"time":196.75,"angle":331.875,"type":"block"},{"time":197,"angle":326.25,"type":"block"},{"time":197.25,"angle":320.625,"type":"block"},{"time":197.5,"angle":140.625,"type":"block"},{"time":197.75,"angle":135,"type":"block"},{"time":198,"angle":129.375,"type":"block"},{"time":198.25,"angle":123.75,"type":"block"},{"time":198.5,"angle":118.125,"type":"block"},{"time":198.75,"angle":112.5,"type":"block"},{"time":199,"angle":106.875,"type":"block"},{"time":199.5,"angle":281.25,"type":"block"},{"time":199.75,"angle":275.625,"type":"block"},{"time":200,"angle":270,"type":"block"},{"time":200.25,"angle":264.375,"type":"block"},{"time":200.5,"angle":258.75,"type":"block"},{"time":200.75,"angle":253.125,"type":"block"},{"time":201,"angle":247.5,"type":"block"},{"time":201.25,"angle":241.875,"type":"block"},{"time":201.5,"angle":67.5,"type":"block"},{"time":201.75,"angle":61.875,"type":"block"},{"time":202,"angle":56.25,"type":"block"},{"time":202.25,"angle":45,"type":"block"},{"time":202.5,"angle":39.375,"type":"block"},{"time":202.75,"angle":33.75,"type":"block"},{"time":203,"angle":28.125,"type":"block"},{"time":199.25,"angle":101.25,"type":"block"},{"time":203.25,"angle":22.5,"type":"block"},{"time":203.5,"angle":208.125,"type":"block"},{"time":203.75,"angle":202.5,"type":"block"},{"time":204,"angle":196.875,"type":"block"},{"time":204.25,"angle":191.25,"type":"block"},{"time":204.5,"angle":185.625,"type":"block"},{"time":204.75,"angle":180,"type":"block"},{"time":205,"angle":174.375,"type":"block"},{"time":205.25,"angle":168.75,"type":"block"},{"time":205.5,"angle":354.375,"type":"block"},{"time":205.75,"angle":348.75,"type":"block"},{"time":206,"angle":343.125,"type":"block"},{"time":206.25,"angle":337.5,"type":"block"},{"time":206.5,"angle":331.875,"type":"block"},{"time":206.75,"angle":326.25,"type":"block"},{"time":207,"angle":320.625,"type":"block"},{"time":207.25,"angle":315,"type":"block"},{"time":207.5,"angle":140.625,"type":"block"},{"time":207.75,"angle":135,"type":"block"},{"time":208,"angle":129.375,"type":"block"},{"time":208.25,"angle":123.75,"type":"block"},{"time":208.5,"angle":118.125,"type":"block"},{"time":208.75,"angle":112.5,"type":"block"},{"time":209,"angle":106.875,"type":"block"},{"time":209.25,"angle":101.25,"type":"block"},{"duration":1,"angle2":258.75,"angle":275.625,"time":209.5,"type":"hold"},{"duration":1,"angle2":281.25,"angle":258.75,"time":210.5,"type":"hold"},{"time":211.5,"angle":106.875,"type":"block"},{"time":211.75,"angle":112.5,"type":"block"},{"time":212,"angle":118.125,"type":"block"},{"time":212.25,"angle":123.75,"type":"block"},{"time":212.5,"angle":129.375,"type":"block"},{"time":212.75,"angle":135,"type":"block"},{"time":213,"angle":140.625,"type":"block"},{"time":213.25,"angle":146.25,"type":"block"},{"time":213.5,"angle":331.875,"type":"block"},{"time":213.75,"angle":337.5,"type":"block"},{"time":214,"angle":343.125,"type":"block"},{"time":214.25,"angle":348.75,"type":"block"},{"time":214.5,"angle":354.375,"type":"block"},{"time":214.75,"angle":360,"type":"block"},{"time":215,"angle":5.625,"type":"block"},{"time":215.25,"angle":11.25,"type":"block"},{"time":215.5,"angle":196.875,"type":"block"},{"time":215.75,"angle":202.5,"type":"block"},{"time":216,"angle":208.125,"type":"block"},{"time":216.25,"angle":213.75,"type":"block"},{"time":216.5,"angle":219.375,"type":"block"},{"time":216.75,"angle":225,"type":"block"},{"time":217,"angle":230.625,"type":"block"},{"time":217.25,"angle":236.25,"type":"block"},{"time":217.5,"angle":61.875,"type":"block"},{"time":217.75,"angle":67.5,"type":"block"},{"time":218,"angle":73.125,"type":"block"},{"time":218.25,"angle":78.75,"type":"block"},{"time":218.5,"angle":84.375,"type":"block"},{"time":218.75,"angle":90,"type":"block"},{"time":219,"angle":95.625,"type":"block"},{"time":219.25,"angle":101.25,"type":"block"},{"time":219.25,"angle":286.875,"type":"block"},{"time":219.5,"angle":292.5,"type":"block"},{"time":219.75,"angle":298.125,"type":"block"},{"time":220,"angle":303.75,"type":"block"},{"time":220.25,"angle":309.375,"type":"block"},{"time":220.5,"angle":315,"type":"block"},{"time":220.75,"angle":320.625,"type":"block"},{"time":221,"angle":326.25,"type":"block"},{"time":221.25,"angle":151.875,"type":"block"},{"time":221.5,"angle":157.5,"type":"block"},{"time":221.75,"angle":163.125,"type":"block"},{"time":222,"angle":168.75,"type":"block"},{"time":222.25,"angle":174.375,"type":"block"},{"time":222.5,"angle":180,"type":"block"},{"time":222.75,"angle":185.625,"type":"block"},{"time":223,"angle":191.25,"type":"block"},{"time":223.25,"angle":16.875,"type":"block"},{"time":223.5,"angle":22.5,"type":"block"},{"time":223.75,"angle":28.125,"type":"block"},{"time":224,"angle":33.75,"type":"block"},{"time":224.25,"angle":39.375,"type":"block"},{"time":224.5,"angle":45,"type":"block"},{"time":224.75,"angle":50.625,"type":"block"},{"time":225,"angle":56.25,"type":"block"},{"time":225.25,"angle":241.875,"type":"block"},{"time":225.5,"angle":247.5,"type":"block"},{"time":225.75,"angle":253.125,"type":"block"},{"time":226,"angle":258.75,"type":"block"},{"time":226.25,"angle":264.375,"type":"block"},{"time":226.5,"angle":270,"type":"block"},{"time":226.75,"angle":275.625,"type":"block"},{"time":227,"angle":281.25,"type":"block"},{"duration":2,"angle2":95.625,"angle":67.5,"time":225.25,"type":"hold"},{"duration":1,"angle2":303.75,"angle":275.625,"time":227.25,"type":"hold"},{"duration":1,"angle2":348.75,"angle":326.25,"time":229.25,"type":"hold"},{"duration":1,"angle2":-11.25,"angle":11.25,"time":231.25,"type":"hold"},{"duration":1,"angle2":303.75,"angle":326.25,"time":233.25,"type":"hold"},{"duration":1,"angle2":303.75,"angle":281.25,"time":235.25,"type":"hold"},{"duration":1,"angle2":348.75,"angle":326.25,"time":237.25,"type":"hold"},{"duration":1,"angle2":326.25,"angle":348.75,"time":238.25,"type":"hold"},{"duration":1,"angle2":348.75,"angle":326.25,"time":239.25,"type":"hold"},{"duration":1,"angle2":56.25,"angle":11.25,"time":241.25,"type":"hold"},{"time":227.25,"angle":95.625,"type":"block"},{"time":227.5,"angle":106.875,"type":"block"},{"time":227.75,"angle":112.5,"type":"block"},{"time":228,"angle":118.125,"type":"block"},{"time":228.25,"angle":123.75,"type":"block"},{"time":228.5,"angle":129.375,"type":"block"},{"time":228.75,"angle":135,"type":"block"},{"time":229,"angle":140.625,"type":"block"},{"time":229.25,"angle":146.25,"type":"block"},{"time":229.5,"angle":151.875,"type":"block"},{"time":229.75,"angle":157.5,"type":"block"},{"time":230,"angle":163.125,"type":"block"},{"time":230.25,"angle":168.75,"type":"block"},{"time":230.5,"angle":174.375,"type":"block"},{"time":230.75,"angle":180,"type":"block"},{"time":231,"angle":185.625,"type":"block"},{"time":231.25,"angle":191.25,"type":"block"},{"time":231.5,"angle":185.625,"type":"block"},{"time":231.75,"angle":180,"type":"block"},{"time":232,"angle":174.375,"type":"block"},{"time":232.25,"angle":168.75,"type":"block"},{"time":232.5,"angle":163.125,"type":"block"},{"time":232.75,"angle":157.5,"type":"block"},{"time":233,"angle":151.875,"type":"block"},{"time":233.25,"angle":146.25,"type":"block"},{"time":233.5,"angle":140.625,"type":"block"},{"time":233.75,"angle":135,"type":"block"},{"time":234,"angle":129.375,"type":"block"},{"time":234.25,"angle":123.75,"type":"block"},{"time":234.5,"angle":118.125,"type":"block"},{"time":234.75,"angle":112.5,"type":"block"},{"time":235,"angle":106.875,"type":"block"},{"time":235.25,"angle":101.25,"type":"block"},{"time":235.5,"angle":106.875,"type":"block"},{"time":235.75,"angle":112.5,"type":"block"},{"time":236,"angle":118.125,"type":"block"},{"time":236.25,"angle":123.75,"type":"block"},{"time":236.5,"angle":129.375,"type":"block"},{"time":236.75,"angle":135,"type":"block"},{"time":237,"angle":140.625,"type":"block"},{"time":237.25,"angle":146.25,"type":"block"},{"time":237.5,"angle":151.875,"type":"block"},{"time":237.75,"angle":157.5,"type":"block"},{"time":238,"angle":163.125,"type":"block"},{"time":238.25,"angle":168.75,"type":"block"},{"time":238.5,"angle":163.125,"type":"block"},{"time":238.75,"angle":157.5,"type":"block"},{"time":239,"angle":151.875,"type":"block"},{"time":239.25,"angle":146.25,"type":"block"},{"time":239.5,"angle":151.875,"type":"block"},{"time":239.75,"angle":157.5,"type":"block"},{"time":240,"angle":163.125,"type":"block"},{"time":240.25,"angle":168.75,"type":"block"},{"time":240.5,"angle":174.375,"type":"block"},{"time":240.75,"angle":180,"type":"block"},{"time":241,"angle":185.625,"type":"block"},{"time":241.25,"angle":191.25,"type":"block"},{"time":241.5,"angle":202.5,"type":"block"},{"time":241.75,"angle":213.75,"type":"block"},{"time":242,"angle":225,"type":"block"},{"time":242.25,"angle":236.25,"type":"block"},{"duration":2,"angle2":135,"angle":78.75,"time":243.25,"type":"hold"},{"duration":1.75,"angle2":78.75,"angle":135,"time":245.25,"type":"hold"},{"duration":2,"angle2":135,"angle":78.75,"time":247,"type":"hold"},{"holdEase":"inSine","angle2":157.5,"time":249,"duration":0.5,"angle":135,"type":"hold"},{"holdEase":"inSine","angle2":180,"time":249.5,"duration":0.5,"angle":157.5,"type":"hold"},{"holdEase":"inSine","angle2":202.5,"time":250,"duration":0.5,"angle":180,"type":"hold"},{"holdEase":"inSine","angle2":225,"time":250.5,"duration":0.5,"angle":202.5,"type":"hold"},{"duration":2,"angle2":90,"angle":225,"time":251,"type":"hold"},{"duration":2,"angle2":270,"angle":90,"time":253,"type":"hold"},{"duration":2,"angle2":90,"angle":270,"time":255,"type":"hold"},{"duration":1,"angle2":90,"angle":90,"time":195.5,"type":"mineHold"},{"duration":1,"angle2":67.5,"angle":67.5,"time":196.5,"type":"mineHold"},{"duration":1,"angle2":230.625,"angle":230.625,"time":197.5,"type":"mineHold"},{"duration":1,"angle2":208.125,"angle":208.125,"time":198.5,"type":"mineHold"},{"duration":1,"angle2":11.25,"angle":11.25,"time":199.5,"type":"mineHold"},{"duration":1,"angle2":348.75,"angle":348.75,"time":200.5,"type":"mineHold"},{"duration":1,"angle2":157.5,"angle":157.5,"time":201.5,"type":"mineHold"},{"duration":1,"angle2":135,"angle":135,"time":202.5,"type":"mineHold"},{"duration":1,"angle2":298.125,"angle":298.125,"time":203.5,"type":"mineHold"},{"duration":1,"angle2":275.625,"angle":275.625,"time":204.5,"type":"mineHold"},{"duration":1,"angle2":84.375,"angle":84.375,"time":205.5,"type":"mineHold"},{"duration":1,"angle2":61.875,"angle":61.875,"time":206.5,"type":"mineHold"},{"duration":1,"angle2":230.625,"angle":230.625,"time":207.5,"type":"mineHold"},{"duration":1,"angle2":208.125,"angle":208.125,"time":208.5,"type":"mineHold"},{"duration":1,"angle2":5.625,"angle":5.625,"time":209.5,"type":"mineHold"},{"duration":1,"angle2":185.625,"angle":185.625,"time":209.5,"type":"mineHold"},{"duration":1,"angle2":168.75,"angle":168.75,"time":210.5,"type":"mineHold"},{"duration":1,"angle2":348.75,"angle":348.75,"time":210.5,"type":"mineHold"},{"duration":1,"angle2":16.875,"angle":16.875,"time":211.5,"type":"mineHold"},{"duration":1,"angle2":39.375,"angle":39.375,"time":212.5,"type":"mineHold"},{"duration":1,"angle2":241.875,"angle":241.875,"time":213.5,"type":"mineHold"},{"duration":1,"angle2":264.375,"angle":264.375,"time":214.5,"type":"mineHold"},{"duration":1,"angle2":106.875,"angle":106.875,"time":215.5,"type":"mineHold"},{"duration":1,"angle2":129.375,"angle":129.375,"time":216.5,"type":"mineHold"},{"duration":1,"angle2":331.875,"angle":331.875,"time":217.5,"type":"mineHold"},{"duration":1,"angle2":354.375,"angle":354.375,"time":218.5,"type":"mineHold"},{"duration":1,"angle2":196.875,"angle":196.875,"time":219.25,"type":"mineHold"},{"duration":1,"angle2":219.375,"angle":219.375,"time":220.25,"type":"mineHold"},{"duration":1,"angle2":61.875,"angle":61.875,"time":221.25,"type":"mineHold"},{"duration":1,"angle2":84.375,"angle":84.375,"time":222.25,"type":"mineHold"},{"duration":1,"angle2":286.875,"angle":286.875,"time":223.25,"type":"mineHold"},{"duration":1,"angle2":309.375,"angle":309.375,"time":224.25,"type":"mineHold"},{"duration":1,"angle2":151.875,"angle":151.875,"time":225.25,"type":"mineHold"},{"duration":1,"angle2":174.375,"angle":174.375,"time":226.25,"type":"mineHold"},{"duration":1,"angle2":33.75,"angle":5.625,"time":227.25,"type":"mineHold"},{"duration":1,"angle2":213.75,"angle":185.625,"time":227.25,"type":"mineHold"},{"duration":1,"angle2":78.75,"angle":56.25,"time":229.25,"type":"mineHold"},{"duration":1,"angle2":258.75,"angle":236.25,"time":229.25,"type":"mineHold"},{"duration":1,"angle2":78.75,"angle":101.25,"time":231.25,"type":"mineHold"},{"duration":1,"angle2":258.75,"angle":281.25,"time":231.25,"type":"mineHold"},{"duration":1,"angle2":33.75,"angle":56.25,"time":233.25,"type":"mineHold"},{"duration":1,"angle2":213.75,"angle":236.25,"time":233.25,"type":"mineHold"},{"duration":1,"angle2":33.75,"angle":11.25,"time":235.25,"type":"mineHold"},{"duration":1,"angle2":213.75,"angle":191.25,"time":235.25,"type":"mineHold"},{"duration":1,"angle2":73.125,"angle":56.25,"time":237.25,"type":"mineHold"},{"duration":1,"angle2":253.125,"angle":236.25,"time":237.25,"type":"mineHold"},{"duration":1,"angle2":236.25,"angle":253.125,"time":238.25,"type":"mineHold"},{"duration":1,"angle2":56.25,"angle":73.125,"time":238.25,"type":"mineHold"},{"duration":1,"angle2":78.75,"angle":56.25,"time":239.25,"type":"mineHold"},{"duration":1,"angle2":258.75,"angle":236.25,"time":239.25,"type":"mineHold"},{"duration":1,"angle2":146.25,"angle":101.25,"time":241.25,"type":"mineHold"},{"duration":1,"angle2":303.75,"angle":281.25,"time":241.25,"type":"mineHold"},{"time":228.25,"angle":230.625,"type":"mine"},{"time":228.25,"angle":50.625,"type":"mine"},{"time":230.25,"angle":275.625,"type":"mine"},{"time":230.25,"angle":95.625,"type":"mine"},{"time":232.25,"angle":241.875,"type":"mine"},{"time":232.25,"angle":61.875,"type":"mine"},{"time":234.25,"angle":196.875,"type":"mine"},{"time":234.25,"angle":16.875,"type":"mine"},{"time":236.25,"angle":230.625,"type":"mine"},{"time":236.25,"angle":50.625,"type":"mine"},{"time":238.25,"angle":270,"type":"mine"},{"time":238.25,"angle":90,"type":"mine"},{"time":240.25,"angle":275.625,"type":"mine"},{"time":240.25,"angle":95.625,"type":"mine"},{"time":242.25,"angle":320.625,"type":"mine"},{"time":242.25,"angle":163.125,"type":"mine"},{"time":168.25,"angle":230.625,"type":"side"},{"time":169.5,"angle":219.375,"type":"block"},{"angle":78.75,"tap":true,"time":174.75,"type":"block"},{"time":176.25,"angle":348.75,"type":"block"},{"time":176.5,"angle":337.5,"type":"block"},{"duration":2,"angle2":315,"angle":258.75,"time":243.25,"type":"hold"},{"duration":1.75,"angle2":258.75,"angle":315,"time":245.25,"type":"hold"},{"duration":2,"angle2":315,"angle":258.75,"time":247,"type":"hold"},{"holdEase":"inSine","angle2":337.5,"time":249,"duration":0.5,"angle":315,"type":"hold"},{"holdEase":"inSine","angle2":360,"time":249.5,"duration":0.5,"angle":337.5,"type":"hold"},{"holdEase":"inSine","angle2":382.5,"time":250,"duration":0.5,"angle":360,"type":"hold"},{"holdEase":"inSine","angle2":45,"time":250.5,"duration":0.5,"angle":22.5,"type":"hold"},{"duration":2,"angle2":-90,"angle":45,"time":251,"type":"hold"},{"duration":2,"angle2":450,"angle":270,"time":253,"type":"hold"},{"duration":2,"angle2":-90,"angle":90,"time":255,"type":"hold"},{"duration":2,"angle2":405,"angle":348.75,"time":243.25,"type":"mineHold"},{"duration":2,"angle2":225,"angle":168.75,"time":243.25,"type":"mineHold"},{"duration":1.75,"angle2":168.75,"angle":225,"time":245.25,"type":"mineHold"},{"duration":1.75,"angle2":-11.25,"angle":45,"time":245.25,"type":"mineHold"},{"duration":2,"angle2":405,"angle":348.75,"time":247,"type":"mineHold"},{"duration":2,"angle2":225,"angle":168.75,"time":247,"type":"mineHold"},{"holdEase":"inSine","angle2":67.5,"time":249,"duration":0.5,"angle":45,"type":"mineHold"},{"holdEase":"inSine","angle2":90,"time":249.5,"duration":0.5,"angle":67.5,"type":"mineHold"},{"holdEase":"inSine","angle2":112.5,"time":250,"duration":0.5,"angle":90,"type":"mineHold"},{"holdEase":"inSine","angle2":135,"time":250.5,"duration":0.5,"angle":112.5,"type":"mineHold"},{"holdEase":"inSine","angle2":247.5,"time":249,"duration":0.5,"angle":225,"type":"mineHold"},{"holdEase":"inSine","angle2":270,"time":249.5,"duration":0.5,"angle":247.5,"type":"mineHold"},{"holdEase":"inSine","angle2":292.5,"time":250,"duration":0.5,"angle":270,"type":"mineHold"},{"holdEase":"inSine","angle2":315,"time":250.5,"duration":0.5,"angle":292.5,"type":"mineHold"},{"duration":2,"angle2":0,"angle":135,"time":251,"type":"mineHold"},{"duration":2,"angle2":180,"angle":315,"time":251,"type":"mineHold"},{"duration":2,"angle2":180,"angle":0,"time":253,"type":"mineHold"},{"duration":2,"angle2":360,"angle":180,"time":253,"type":"mineHold"},{"duration":2,"angle2":-180,"angle":0,"time":255,"type":"mineHold"},{"duration":2,"angle2":0,"angle":180,"time":255,"type":"mineHold"},{"duration":2,"angle2":61.875,"angle":5.625,"time":243.25,"type":"mineHold"},{"duration":2,"angle2":388.125,"angle":331.875,"time":243.25,"type":"mineHold"},{"duration":2,"angle2":208.125,"angle":151.875,"time":243.25,"type":"mineHold"},{"duration":2,"angle2":241.875,"angle":185.625,"time":243.25,"type":"mineHold"},{"duration":1.75,"angle2":-28.125,"angle":28.125,"time":245.25,"type":"mineHold"},{"duration":1.75,"angle2":5.625,"angle":61.875,"time":245.25,"type":"mineHold"},{"duration":1.75,"angle2":151.875,"angle":208.125,"time":245.25,"type":"mineHold"},{"duration":1.75,"angle2":185.625,"angle":241.875,"time":245.25,"type":"mineHold"},{"duration":2,"angle2":61.875,"angle":5.625,"time":247,"type":"mineHold"},{"duration":2,"angle2":388.125,"angle":331.875,"time":247,"type":"mineHold"},{"duration":2,"angle2":241.875,"angle":185.625,"time":247,"type":"mineHold"},{"duration":2,"angle2":208.125,"angle":151.875,"time":247,"type":"mineHold"},{"time":249.5,"angle":50.625,"type":"mine"},{"time":249.5,"angle":84.375,"type":"mine"},{"time":250,"angle":73.125,"type":"mine"},{"time":250,"angle":106.875,"type":"mine"},{"time":249.5,"angle":264.375,"type":"mine"},{"time":249.5,"angle":230.625,"type":"mine"},{"time":250,"angle":286.875,"type":"mine"},{"time":250,"angle":253.125,"type":"mine"},{"time":250.5,"angle":95.625,"type":"mine"},{"time":250.5,"angle":129.375,"type":"mine"},{"time":250.5,"angle":309.375,"type":"mine"},{"time":250.5,"angle":275.625,"type":"mine"},{"time":251,"angle":331.875,"type":"mine"},{"time":251,"angle":298.125,"type":"mine"},{"time":251,"angle":118.125,"type":"mine"},{"time":251,"angle":151.875,"type":"mine"},{"time":253,"angle":343.125,"type":"mine"},{"time":253,"angle":16.875,"type":"mine"},{"time":253,"angle":163.125,"type":"mine"},{"time":253,"angle":196.875,"type":"mine"},{"time":255,"angle":16.875,"type":"mine"},{"time":255,"angle":343.125,"type":"mine"},{"time":255,"angle":196.875,"type":"mine"},{"time":255,"angle":163.125,"type":"mine"},{"time":257.25,"angle":270,"type":"block"},{"time":257.5,"angle":258.75,"type":"block"},{"time":257.75,"angle":247.5,"type":"block"},{"time":258,"angle":236.25,"type":"block"},{"time":258.25,"angle":225,"type":"block"},{"time":258.5,"angle":213.75,"type":"block"},{"time":258.75,"angle":202.5,"type":"block"},{"time":50.75,"angle":258.75,"type":"extraTap"},{"time":52.5,"angle":258.75,"type":"extraTap"},{"time":54.75,"angle":78.75,"type":"extraTap"},{"time":56.5,"angle":78.75,"type":"extraTap"},{"time":58.75,"angle":348.75,"type":"extraTap"},{"time":60.5,"angle":348.75,"type":"extraTap"},{"time":66.75,"angle":168.75,"type":"extraTap"},{"time":70.75,"angle":191.25,"type":"extraTap"},{"time":72.5,"angle":101.25,"type":"extraTap"},{"time":74.75,"angle":258.75,"type":"extraTap"},{"time":76.5,"angle":45,"type":"extraTap"},{"time":68.5,"angle":258.75,"type":"extraTap"}]