[{"id":"51","type":"deco","duration":1.5,"time":0,"y":400,"r":50,"angle":157.5},{"id":"52","type":"deco","duration":2,"time":0.5,"y":400,"r":10,"angle":146.25},{"id":"53","type":"deco","duration":1.5,"time":0.375,"y":400,"r":150,"angle":157.5},{"id":"54","type":"deco","duration":1.5,"time":0.75,"y":400,"r":30,"angle":146.25},{"id":"57","type":"deco","duration":2,"time":1.125,"y":400,"r":100,"angle":146.25},{"id":"55","type":"deco","duration":2,"time":1.5,"y":400,"r":50,"angle":157.5},{"id":"56","type":"deco","duration":1.5,"time":1.75,"y":400,"r":180,"angle":146.25},{"id":"58","type":"deco","duration":2,"time":2,"y":400,"r":10,"angle":157.5},{"id":"51","type":"deco","time":1.625,"y":-30,"angle":168.75},{"id":"52","type":"deco","time":2.625,"y":-30,"angle":180},{"id":"53","type":"deco","time":2.625,"y":-30,"angle":168.75},{"id":"54","type":"deco","time":2.5,"y":-30,"angle":146.25},{"id":"56","type":"deco","time":3.375,"y":-30,"angle":157.5},{"id":"58","type":"deco","time":4.125,"y":-30,"angle":168.75},{"id":"55","type":"deco","time":3.625,"y":-30,"angle":168.75},{"id":"57","type":"deco","time":3.25,"y":-30,"angle":157.5}]