[{"duration":0.5,"angle":270,"type":"deco","id":"33","time":0,"r":-35,"y":400},{"duration":0.5,"angle":270,"type":"deco","id":"35","time":0.41667175293,"r":-30,"y":400},{"r":30,"angle":258.75,"type":"deco","time":0.625,"id":"33","y":-90},{"r":80,"angle":292.5,"type":"deco","time":0.875007629395,"id":"34","y":-90},{"r":30,"angle":258.75,"type":"deco","time":1.125,"id":"35","y":-90},{"duration":0.5,"angle":281.25,"type":"deco","id":"36","time":0.625007629395,"r":80,"y":400},{"r":80,"angle":292.5,"type":"deco","time":1.375007629395,"id":"36","y":-90},{"duration":0.5,"angle":281.25,"type":"deco","id":"34","time":0.208335876465,"r":50,"y":400}]