[{"id":"41","type":"deco","duration":0.5,"x":-80,"time":0,"r":20,"angle":168.75},{"id":"42","type":"deco","duration":0.5,"time":0.25,"x":-80,"r":30,"angle":157.5},{"id":"43","type":"deco","duration":0.5,"x":-80,"time":0.5,"r":40,"angle":168.75},{"id":"44","type":"deco","duration":0.5,"time":0.75,"r":50,"x":-80,"angle":157.5},{"id":"41","type":"deco","time":0.75,"x":680,"angle":180},{"id":"42","type":"deco","x":680,"time":1,"angle":146.25},{"id":"43","type":"deco","time":1.16666412354,"x":680,"angle":180},{"id":"44","type":"deco","x":680,"time":1.3333358764648,"angle":146.25}]