[{"id":"63","type":"deco","time":3.5,"x":660,"angle":236.25},{"id":"59","type":"deco","duration":1.5,"time":0,"r":50,"x":-60,"angle":225},{"id":"60","type":"deco","duration":2,"time":0.5,"r":10,"x":-60,"angle":213.75},{"id":"61","type":"deco","duration":1.5,"time":0.375,"x":-60,"r":150,"angle":225},{"id":"62","type":"deco","duration":1.5,"x":-60,"time":0.75,"r":30,"angle":213.75},{"id":"65","type":"deco","duration":2,"x":-60,"time":1.125,"r":100,"angle":213.75},{"id":"63","type":"deco","duration":2,"time":1.5,"x":-60,"r":50,"angle":225},{"id":"64","type":"deco","duration":1.5,"time":1.75,"r":180,"x":-60,"angle":213.75},{"id":"66","type":"deco","duration":2,"x":-60,"time":2,"r":10,"angle":225},{"id":"59","type":"deco","x":660,"time":1.625,"angle":236.25},{"id":"60","type":"deco","x":660,"time":2.625,"angle":247.5},{"id":"61","type":"deco","x":660,"time":2.625,"angle":236.25},{"id":"62","type":"deco","x":660,"time":2.5,"angle":213.75},{"id":"64","type":"deco","x":660,"time":3.375,"angle":225},{"id":"66","type":"deco","time":4.125,"x":660,"angle":236.25},{"id":"65","type":"deco","x":660,"time":3.25,"angle":225}]