[{"id":"1","type":"deco","duration":0.25,"x":-100,"time":0,"angle":270},{"id":"2","type":"deco","duration":0.25,"x":-100,"time":0.75,"angle":270},{"id":"3","type":"deco","duration":0.25,"x":-100,"time":1.25,"angle":270},{"id":"4","type":"deco","duration":0.25,"x":-100,"time":1.75,"angle":270},{"id":"5","type":"deco","duration":0.25,"x":-100,"time":0.875,"angle":281.25},{"id":"6","type":"deco","duration":0.25,"x":-100,"time":0.25,"angle":270},{"id":"7","type":"deco","duration":0.25,"time":0.125,"x":-100,"angle":281.25},{"id":"8","type":"deco","duration":0.25,"x":-100,"time":1.375,"angle":281.25},{"id":"9","type":"deco","duration":0.25,"x":-100,"time":0.625,"angle":281.25},{"id":"10","type":"deco","duration":0.25,"x":-100,"time":1.5,"angle":270},{"id":"11","type":"deco","duration":0.25,"x":-100,"time":0.375,"angle":281.25},{"id":"12","type":"deco","duration":0.25,"x":-100,"time":1.625,"angle":281.25},{"id":"13","type":"deco","duration":0.25,"x":-100,"time":1.125,"angle":281.25},{"id":"14","type":"deco","duration":0.25,"x":-100,"time":0.5,"angle":270},{"id":"15","type":"deco","duration":0.25,"x":-100,"time":1,"angle":270},{"id":"16","type":"deco","duration":0.25,"time":1.875,"x":-100,"angle":281.25},{"id":"1","type":"deco","r":0,"x":700,"y":22.5,"time":2,"angle":348.75},{"id":"2","type":"deco","r":0,"x":700,"y":45,"time":2,"angle":337.5},{"id":"3","type":"deco","r":0,"x":700,"y":67.5,"time":2,"angle":326.25},{"id":"4","type":"deco","r":0,"time":2.5,"y":90,"x":700,"angle":315},{"id":"5","type":"deco","r":0,"x":700,"y":112.5,"time":2,"angle":303.75},{"id":"6","type":"deco","r":0,"time":2,"y":135,"x":700,"angle":292.5},{"id":"7","type":"deco","r":0,"x":700,"y":157.5,"time":2,"angle":281.25},{"id":"8","type":"deco","r":0,"time":2,"y":180,"x":700,"angle":270},{"id":"9","type":"deco","r":0,"x":700,"y":202.5,"time":2,"angle":258.75},{"id":"10","type":"deco","r":0,"time":2,"y":225,"x":700,"angle":247.5},{"id":"11","type":"deco","r":0,"x":700,"y":247.5,"time":2,"angle":236.25},{"id":"12","type":"deco","r":0,"x":700,"y":270,"time":2,"angle":225},{"id":"13","type":"deco","r":0,"x":700,"y":292.5,"time":2,"angle":213.75},{"id":"14","type":"deco","r":0,"time":2,"y":315,"x":700,"angle":202.5},{"id":"15","type":"deco","r":0,"x":700,"y":337.5,"time":2,"angle":191.25},{"id":"43","type":"deco","time":2.2916641235352,"x":680,"angle":180}]