[{"type":"block","time":34,"angle":315},{"type":"block","time":80,"angle":292.5},{"type":"block","time":83,"angle":348.75},{"time":0,"type":"side","tap":true,"angle":258.75},{"time":1,"type":"side","tap":true,"angle":101.25},{"time":2,"type":"side","tap":true,"angle":258.75},{"time":3,"type":"side","tap":true,"angle":101.25},{"time":-1,"angle2":180,"type":"mineHold","duration":7,"angle":180},{"time":4,"holdEase":"inSine","angle2":416.25,"type":"hold","duration":1,"angle":258.75},{"time":5,"holdEase":"inBack","angle2":-56.25,"type":"hold","duration":1,"angle":56.25},{"time":6,"angle2":-180,"type":"mineHold","duration":1,"angle":180},{"type":"block","time":7.5,"angle":360},{"time":8,"type":"side","tap":true,"angle":258.75},{"time":9,"type":"side","tap":true,"angle":101.25},{"time":10,"type":"side","tap":true,"angle":258.75},{"time":11,"type":"side","tap":true,"angle":101.25},{"time":7,"angle2":180,"type":"mineHold","duration":7,"angle":180},{"time":12,"holdEase":"inSine","angle2":416.25,"type":"hold","duration":1,"angle":258.75},{"time":13,"holdEase":"inBack","angle2":-56.25,"type":"hold","duration":1,"angle":56.25},{"time":14,"angle2":-180,"type":"mineHold","duration":1,"angle":180},{"time":16,"type":"side","tap":true,"angle":258.75},{"time":17,"type":"side","tap":true,"angle":101.25},{"time":18,"type":"side","tap":true,"angle":258.75},{"time":19,"type":"side","tap":true,"angle":101.25},{"time":15,"angle2":180,"type":"mineHold","duration":7,"angle":180},{"time":20,"holdEase":"inSine","angle2":416.25,"type":"hold","duration":1,"angle":258.75},{"time":21,"holdEase":"inBack","angle2":-56.25,"type":"hold","duration":1,"angle":56.25},{"time":22,"angle2":-180,"type":"mineHold","duration":1,"angle":180},{"time":24,"type":"side","tap":true,"angle":258.75},{"time":25,"type":"side","tap":true,"angle":101.25},{"time":26,"type":"side","tap":true,"angle":258.75},{"time":27,"type":"side","tap":true,"angle":101.25},{"time":23,"angle2":180,"type":"mineHold","duration":7,"angle":180},{"time":28,"holdEase":"inSine","angle2":416.25,"type":"hold","duration":1,"angle":258.75},{"time":29,"holdEase":"inBack","angle2":-56.25,"type":"hold","duration":1,"angle":56.25},{"time":30,"angle2":-180,"type":"mineHold","duration":1,"angle":180},{"type":"block","time":23.5,"angle":0},{"type":"block","time":34.5,"angle":33.75},{"type":"block","time":46,"angle":67.5},{"type":"block","time":45,"angle":292.5},{"type":"block","time":32,"angle":315},{"type":"block","time":33,"angle":202.5},{"time":36,"angle2":-22.5,"type":"hold","duration":1,"angle":123.75},{"time":39,"angle2":348.75,"type":"hold","duration":0.5,"angle":258.75},{"time":39.5,"angle2":281.25,"type":"hold","duration":0.5,"angle":348.75},{"time":40,"angle2":213.75,"type":"hold","duration":0.5,"angle":281.25},{"time":40.5,"angle2":135,"type":"hold","duration":0.5,"angle":213.75},{"time":41,"angle2":67.5,"type":"hold","duration":0.5,"angle":135},{"time":41.5,"angle2":-11.25,"type":"hold","duration":0.5,"angle":67.5},{"type":"block","time":43.5,"angle":0},{"type":"block","time":48,"angle":225},{"type":"block","time":49,"angle":67.5},{"type":"block","time":50,"angle":303.75},{"type":"block","time":50.5,"angle":225},{"type":"block","time":59.5,"angle":281.25},{"type":"block","time":61,"angle":-292.5},{"type":"block","time":62,"angle":-67.5},{"type":"block","time":64,"angle":337.5},{"type":"block","time":65,"angle":112.5},{"type":"block","time":66,"angle":11.25},{"type":"block","time":66.5,"angle":303.75},{"time":52,"angle2":-56.25,"type":"hold","duration":1,"angle":146.25},{"time":55,"angle2":393.75,"type":"hold","duration":0.5,"angle":281.25},{"time":55.5,"angle2":-45,"type":"hold","duration":0.5,"angle":33.75},{"time":56,"angle2":236.25,"type":"hold","duration":0.5,"angle":315},{"time":56.5,"angle2":146.25,"type":"hold","duration":0.5,"angle":236.25},{"time":57,"angle2":56.25,"type":"hold","duration":0.5,"angle":146.25},{"time":57.5,"angle2":-33.75,"type":"hold","duration":0.5,"angle":56.25},{"time":71.5,"angle2":56.25,"type":"hold","duration":0.5,"angle":157.5},{"time":72.5,"holdEase":"inSine","angle2":427.5,"type":"hold","duration":0.5,"angle":292.5},{"time":75,"angle2":438.75,"type":"hold","duration":0.5,"angle":337.5},{"type":"block","time":80.5,"angle":270},{"type":"block","time":80.75,"angle":258.75},{"type":"block","time":81.25,"angle":236.25},{"type":"block","time":83.5,"angle":348.75},{"type":"block","time":84.5,"angle":112.5},{"type":"block","time":84.75,"angle":123.75},{"type":"block","time":85.25,"angle":146.25},{"type":"block","time":86.5,"angle":56.25},{"type":"side","time":68,"angle":348.75},{"time":67,"angle2":157.5,"type":"mineHold","duration":0,"angle":337.5},{"type":"side","time":72,"angle":11.25},{"type":"side","time":74,"angle":281.25},{"type":"side","time":76,"angle":213.75},{"type":"block","time":76.5,"angle":292.5},{"type":"block","time":76.75,"angle":326.25},{"type":"block","time":77.25,"angle":326.25},{"type":"block","time":78.5,"angle":225},{"type":"side","time":78,"angle":247.5},{"type":"side","time":84,"angle":67.5},{"type":"side","time":86,"angle":67.5},{"time":87.5,"holdEase":"inBack","angle2":371.25,"type":"hold","duration":0.5,"angle":270},{"type":"side","time":88,"angle":56.25},{"time":88.5,"holdEase":"inSine","angle2":-33.75,"type":"hold","duration":0.5,"angle":101.25},{"type":"side","time":90,"angle":56.25},{"time":91,"angle2":382.5,"type":"hold","duration":0.5,"angle":292.5},{"time":32,"angle2":78.75,"type":"mineHold","duration":0,"angle":157.5},{"time":33,"angle2":337.5,"type":"mineHold","duration":0,"angle":258.75},{"time":34,"angle2":78.75,"type":"mineHold","duration":0,"angle":157.5},{"time":35,"angle2":-22.5,"type":"mineHold","duration":0,"angle":-101.25},{"time":36,"angle2":157.5,"type":"mineHold","duration":1,"angle":303.75},{"time":37,"angle2":382.5,"type":"mineHold","duration":1,"angle":157.5},{"time":38,"holdEase":"outSine","angle2":-360,"type":"mineHold","duration":1,"angle":22.5},{"time":40,"angle2":-33.75,"type":"mineHold","duration":1,"angle":90},{"time":40,"angle2":45,"type":"mineHold","duration":0,"angle":135},{"time":41,"angle2":-67.5,"type":"mineHold","duration":0,"angle":0},{"time":42,"angle2":-33.75,"type":"mineHold","duration":1,"angle":-157.5},{"time":42,"angle2":-112.5,"type":"mineHold","duration":0,"angle":-202.5},{"time":43,"angle2":0,"type":"mineHold","duration":0,"angle":-67.5},{"type":"mine","time":44,"angle":168.75},{"type":"mine","time":44,"angle":191.25},{"type":"mine","time":44.5,"angle":180},{"type":"mine","time":44.75,"angle":191.25},{"type":"mine","time":44.75,"angle":168.75},{"type":"mine","time":45.25,"angle":180},{"type":"mine","time":46,"angle":191.25},{"type":"mine","time":46,"angle":180},{"type":"mine","time":46,"angle":168.75},{"type":"mine","time":46.5,"angle":191.25},{"type":"mine","time":46.5,"angle":180},{"type":"mine","time":46.5,"angle":168.75},{"time":48,"angle2":157.5,"type":"mineHold","duration":0,"angle":78.75},{"time":49,"angle2":337.5,"type":"mineHold","duration":0,"angle":258.75},{"time":50,"angle2":157.5,"type":"mineHold","duration":0,"angle":78.75},{"time":51,"angle2":337.5,"type":"mineHold","duration":0,"angle":258.75},{"time":52,"angle2":112.5,"type":"mineHold","duration":1,"angle":326.25},{"time":53,"angle2":371.25,"type":"mineHold","duration":1,"angle":112.5},{"time":54,"holdEase":"outSine","angle2":-360,"type":"mineHold","duration":1,"angle":11.25},{"time":56,"angle2":101.25,"type":"mineHold","duration":0,"angle":168.75},{"time":56,"angle2":-56.25,"type":"mineHold","duration":1,"angle":135},{"time":57,"angle2":337.5,"type":"mineHold","duration":0,"angle":270},{"time":58,"angle2":-90,"type":"mineHold","duration":0,"angle":-157.5},{"time":58,"angle2":67.5,"type":"mineHold","duration":1,"angle":-123.75},{"time":59,"angle2":-326.25,"type":"mineHold","duration":0,"angle":-258.75},{"type":"mine","time":60,"angle":168.75},{"type":"mine","time":60,"angle":191.25},{"type":"mine","time":60.5,"angle":180},{"type":"mine","time":60.75,"angle":191.25},{"type":"mine","time":60.75,"angle":168.75},{"type":"mine","time":61.25,"angle":180},{"type":"mine","time":62,"angle":191.25},{"type":"mine","time":62,"angle":180},{"type":"mine","time":62,"angle":168.75},{"type":"mine","time":62.5,"angle":191.25},{"type":"mine","time":62.5,"angle":180},{"type":"mine","time":62.5,"angle":168.75},{"time":64,"angle2":78.75,"type":"mineHold","duration":0,"angle":157.5},{"time":65,"angle2":-101.25,"type":"mineHold","duration":0,"angle":-22.5},{"time":66,"angle2":78.75,"type":"mineHold","duration":0,"angle":157.5},{"type":"mine","time":68,"angle":123.75},{"type":"mine","time":68,"angle":146.25},{"type":"mine","time":68.5,"angle":56.25},{"type":"mine","time":68.75,"angle":-371.25},{"type":"mine","time":68.75,"angle":-348.75},{"type":"mine","time":69.25,"angle":-360},{"type":"mine","time":70,"angle":-371.25},{"type":"mine","time":70,"angle":-360},{"type":"mine","time":70,"angle":-348.75},{"type":"mine","time":70.5,"angle":-371.25},{"type":"mine","time":70.5,"angle":-360},{"type":"mine","time":70.5,"angle":-348.75},{"type":"mine","time":72,"angle":202.5},{"type":"mine","time":72,"angle":236.25},{"type":"mine","time":72.5,"angle":202.5},{"type":"mine","time":72.75,"angle":180},{"type":"mine","time":72.75,"angle":157.5},{"type":"mine","time":73.25,"angle":180},{"type":"mine","time":74,"angle":191.25},{"type":"mine","time":74,"angle":180},{"type":"mine","time":74,"angle":168.75},{"type":"mine","time":74.5,"angle":191.25},{"type":"mine","time":74.5,"angle":180},{"type":"mine","time":74.5,"angle":168.75},{"type":"mine","time":71.5,"angle":315},{"type":"block","time":76.75,"angle":315},{"type":"block","time":78.5,"angle":213.75},{"type":"block","time":78.5,"angle":236.25},{"type":"block","time":80,"angle":281.25},{"type":"block","time":80.75,"angle":247.5},{"type":"block","time":83,"angle":360},{"type":"block","time":83,"angle":337.5},{"type":"block","time":83.5,"angle":337.5},{"type":"block","time":83.5,"angle":360},{"type":"block","time":84.75,"angle":135},{"type":"block","time":86.5,"angle":67.5},{"type":"block","time":86.5,"angle":45},{"type":"mine","time":88,"angle":168.75},{"type":"mine","time":88,"angle":191.25},{"type":"mine","time":88.5,"angle":180},{"type":"mine","time":88.75,"angle":191.25},{"type":"mine","time":88.75,"angle":168.75},{"type":"mine","time":89.25,"angle":180},{"type":"mine","time":90,"angle":191.25},{"type":"mine","time":90,"angle":180},{"type":"mine","time":90,"angle":168.75},{"type":"mine","time":90.5,"angle":191.25},{"type":"mine","time":90.5,"angle":180},{"type":"mine","time":90.5,"angle":168.75},{"type":"mine","time":87.5,"angle":191.25},{"type":"mine","time":87.5,"angle":168.75},{"type":"block","time":92.5,"angle":348.75},{"type":"side","time":92,"angle":258.75},{"type":"block","time":93,"angle":33.75},{"type":"block","time":93,"angle":45},{"type":"block","time":93,"angle":56.25},{"type":"block","time":93.5,"angle":303.75},{"type":"block","time":94,"angle":0},{"type":"block","time":94.5,"angle":45},{"type":"block","time":95,"angle":360},{"type":"block","time":95.5,"angle":292.5},{"time":96,"type":"block","tap":true,"angle":0},{"type":"block","time":96.5,"angle":337.5},{"type":"block","time":97.5,"angle":22.5},{"time":98,"type":"block","tap":true,"angle":292.5},{"type":"block","time":98.25,"angle":326.25},{"type":"block","time":98.5,"angle":337.5},{"type":"block","time":99.5,"angle":326.25},{"type":"block","time":95,"angle":348.75},{"type":"block","time":95,"angle":337.5},{"time":97,"type":"side","tap":true,"angle":112.5},{"time":99,"type":"side","tap":true,"angle":247.5},{"time":100,"type":"side","tap":true,"angle":-258.75},{"time":101,"type":"side","tap":true,"angle":-101.25},{"time":102,"type":"side","tap":true,"angle":-258.75},{"time":103,"type":"side","tap":true,"angle":-101.25},{"time":99,"angle2":-180,"type":"mineHold","duration":7,"angle":-180},{"time":104,"holdEase":"inSine","angle2":-416.25,"type":"hold","duration":1,"angle":-258.75},{"time":105,"holdEase":"inBack","angle2":56.25,"type":"hold","duration":1,"angle":-56.25},{"time":106,"angle2":180,"type":"mineHold","duration":1,"angle":-180},{"type":"block","time":107.5,"angle":-360},{"time":108,"type":"side","tap":true,"angle":-258.75},{"time":109,"type":"side","tap":true,"angle":-101.25},{"time":110,"type":"side","tap":true,"angle":-258.75},{"time":111,"type":"side","tap":true,"angle":-101.25},{"time":107,"angle2":-180,"type":"mineHold","duration":7,"angle":-180},{"time":112,"holdEase":"inSine","angle2":-416.25,"type":"hold","duration":1,"angle":-258.75},{"time":113,"holdEase":"inBack","angle2":56.25,"type":"hold","duration":1,"angle":-56.25},{"time":114,"angle2":180,"type":"mineHold","duration":1,"angle":-180},{"time":116,"type":"side","tap":true,"angle":-258.75},{"time":117,"type":"side","tap":true,"angle":-101.25},{"time":118,"type":"side","tap":true,"angle":-258.75},{"time":119,"type":"side","tap":true,"angle":-101.25},{"time":115,"angle2":-180,"type":"mineHold","duration":7,"angle":-180},{"time":120,"holdEase":"inSine","angle2":-416.25,"type":"hold","duration":1,"angle":-258.75},{"time":121,"holdEase":"inBack","angle2":56.25,"type":"hold","duration":1,"angle":-56.25},{"time":122,"angle2":180,"type":"mineHold","duration":1,"angle":-180},{"time":124,"type":"side","tap":true,"angle":-258.75},{"time":125,"type":"side","tap":true,"angle":-101.25},{"time":126,"type":"side","tap":true,"angle":-258.75},{"time":127,"type":"side","tap":true,"angle":-101.25},{"time":123,"angle2":-180,"type":"mineHold","duration":7,"angle":-180},{"time":128,"holdEase":"inSine","angle2":-416.25,"type":"hold","duration":1,"angle":-258.75},{"time":129,"holdEase":"inBack","angle2":56.25,"type":"hold","duration":1,"angle":-56.25},{"time":130,"angle2":180,"type":"mineHold","duration":1,"angle":-180},{"type":"block","time":123.5,"angle":0},{"type":"block","time":132,"angle":56.25},{"type":"block","time":132.5,"angle":0},{"type":"block","time":133.25,"angle":236.25},{"type":"block","time":133.75,"angle":292.5},{"type":"block","time":136.5,"angle":213.75},{"type":"block","time":137.25,"angle":225},{"type":"block","time":137.75,"angle":180},{"type":"block","time":138.5,"angle":202.5},{"type":"block","time":138.75,"angle":157.5},{"type":"block","time":141.25,"angle":-90},{"type":"block","time":142.25,"angle":-450},{"type":"block","time":143.25,"angle":236.25},{"type":"block","time":146,"angle":-315},{"type":"block","time":146.25,"angle":-618.75},{"type":"block","time":145.75,"angle":-337.5},{"type":"block","time":145.875,"angle":-326.25},{"type":"block","time":146.125,"angle":-652.5},{"type":"block","time":146.375,"angle":-585},{"type":"block","time":146.625,"angle":-607.5},{"type":"block","time":146.75,"angle":-618.75},{"type":"block","time":146.875,"angle":-630},{"type":"block","time":148.5,"angle":-258.75},{"type":"block","time":149.25,"angle":101.25},{"type":"block","time":149.75,"angle":56.25},{"type":"block","time":152.5,"angle":-236.25},{"type":"block","time":153.25,"angle":-247.5},{"type":"block","time":153.75,"angle":-292.5},{"type":"block","time":154.5,"angle":-225},{"type":"block","time":154.75,"angle":-270},{"type":"block","time":156.5,"angle":-67.5},{"type":"block","time":157.25,"angle":-236.25},{"type":"block","time":158.25,"angle":-247.5},{"type":"block","time":159.25,"angle":112.5},{"type":"block","time":161.75,"angle":11.25},{"type":"block","time":161.875,"angle":0},{"type":"block","time":162,"angle":-22.5},{"type":"block","time":162.125,"angle":-45},{"type":"block","time":162.25,"angle":-78.75},{"type":"block","time":162.375,"angle":-112.5},{"type":"block","time":162.625,"angle":213.75},{"type":"block","time":162.75,"angle":191.25},{"type":"block","time":162.875,"angle":180},{"time":139,"holdEase":"outSine","angle2":56.25,"type":"hold","duration":1,"angle":112.5},{"time":141.5,"angle2":-405,"type":"hold","duration":0.5,"angle":-405},{"time":142.5,"angle2":-382.5,"type":"hold","duration":0.5,"angle":-382.5},{"time":143.5,"angle2":270,"type":"hold","duration":0.5,"angle":270},{"time":144.25,"angle2":-416.25,"type":"hold","duration":0.5,"angle":-416.25},{"time":145,"angle2":-360,"type":"hold","duration":0.5,"angle":-360},{"time":147,"angle2":-641.25,"type":"hold","duration":1,"angle":-641.25},{"time":150.5,"angle2":-112.5,"type":"hold","duration":0.75,"angle":-202.5},{"time":151.25,"angle2":-213.75,"type":"hold","duration":0.75,"angle":-112.5},{"time":155,"holdEase":"outSine","angle2":-371.25,"type":"hold","duration":1,"angle":-326.25},{"time":157.5,"angle2":90,"type":"hold","duration":0.5,"angle":90},{"time":158.5,"angle2":67.5,"type":"hold","duration":0.5,"angle":67.5},{"time":159.5,"angle2":135,"type":"hold","duration":0.5,"angle":135},{"time":160.25,"angle2":90,"type":"hold","duration":0.5,"angle":90},{"time":161,"angle2":56.25,"type":"hold","duration":0.5,"angle":56.25},{"time":163,"angle2":168.75,"type":"hold","duration":1,"angle":168.75},{"type":"mine","time":92,"angle":168.75},{"type":"mine","time":92,"angle":191.25},{"type":"mine","time":92.5,"angle":180},{"type":"mine","time":92.75,"angle":191.25},{"type":"mine","time":92.75,"angle":168.75},{"type":"mine","time":93.25,"angle":180},{"type":"mine","time":94,"angle":191.25},{"type":"mine","time":94,"angle":180},{"type":"mine","time":94,"angle":168.75},{"type":"mine","time":94.5,"angle":191.25},{"type":"mine","time":94.5,"angle":180},{"type":"mine","time":94.5,"angle":168.75},{"type":"mine","time":96,"angle":168.75},{"type":"mine","time":96,"angle":191.25},{"type":"mine","time":96.5,"angle":180},{"type":"mine","time":96.75,"angle":191.25},{"type":"mine","time":96.75,"angle":168.75},{"type":"mine","time":97.25,"angle":180},{"type":"mine","time":99.5,"angle":191.25},{"type":"mine","time":99.5,"angle":168.75},{"type":"mine","time":99,"angle":191.25},{"type":"mine","time":99,"angle":168.75},{"time":140,"holdEase":"inBack","angle2":123.75,"type":"hold","duration":0.5,"angle":56.25},{"time":134.5,"angle2":123.75,"type":"hold","duration":0.75,"angle":225},{"time":135.25,"angle2":191.25,"type":"hold","duration":0.75,"angle":123.75},{"time":132,"angle2":225,"type":"mineHold","duration":0.5,"angle":247.5},{"time":132,"angle2":247.5,"type":"mineHold","duration":0.5,"angle":225},{"time":133,"angle2":-225,"type":"mineHold","duration":0.5,"angle":-247.5},{"time":133,"angle2":-247.5,"type":"mineHold","duration":0.5,"angle":-225},{"type":"side","time":133,"angle":281.25},{"type":"block","time":135,"angle":112.5},{"type":"side","time":137,"angle":281.25},{"type":"block","time":139,"angle":123.75},{"type":"side","time":141,"angle":225},{"type":"side","time":143,"angle":281.25},{"type":"block","time":145,"angle":348.75},{"type":"block","time":147,"angle":67.5},{"type":"side","time":149,"angle":45},{"type":"block","time":151,"angle":258.75},{"type":"side","time":153,"angle":45},{"type":"block","time":155,"angle":45},{"time":157,"type":"side","tap":true,"angle":45},{"time":161,"type":"block","tap":true,"angle":405},{"time":163,"type":"block","tap":true,"angle":157.5},{"time":159,"type":"block","tap":true,"angle":78.75},{"time":140,"holdEase":"outSine","angle2":-540,"type":"mineHold","duration":0.5,"angle":-371.25},{"time":140.5,"holdEase":"outExpo","angle2":405,"type":"mineHold","duration":0.5,"angle":180},{"time":142,"angle2":22.5,"type":"mineHold","duration":0.5,"angle":213.75},{"time":144,"angle2":146.25,"type":"mineHold","duration":0.5,"angle":146.25},{"time":144,"angle2":123.75,"type":"mineHold","duration":0.5,"angle":123.75},{"time":145,"angle2":213.75,"type":"mineHold","duration":0.5,"angle":213.75},{"time":145,"angle2":191.25,"type":"mineHold","duration":0.5,"angle":191.25},{"time":148,"angle2":292.5,"type":"mineHold","duration":0.5,"angle":315},{"time":148,"angle2":315,"type":"mineHold","duration":0.5,"angle":292.5},{"time":149,"angle2":-135,"type":"mineHold","duration":0.5,"angle":-157.5},{"time":149,"angle2":-157.5,"type":"mineHold","duration":0.5,"angle":-135},{"time":160,"angle2":270,"type":"mineHold","duration":0.5,"angle":326.25},{"time":161,"angle2":157.5,"type":"mineHold","duration":0.5,"angle":236.25},{"time":162,"angle2":22.5,"type":"mineHold","duration":0.5,"angle":123.75},{"time":162.5,"holdEase":"outSine","angle2":-112.5,"type":"mineHold","duration":0.5,"angle":22.5},{"time":160,"angle2":360,"type":"mineHold","duration":0.5,"angle":360},{"time":160,"angle2":247.5,"type":"mineHold","duration":0.5,"angle":247.5},{"time":161,"angle2":292.5,"type":"mineHold","duration":0.5,"angle":292.5},{"time":161,"angle2":315,"type":"mineHold","duration":0.5,"angle":315},{"type":"block","time":170,"angle":180},{"time":164,"holdEase":"outSine","angle2":675,"type":"hold","duration":3.5,"angle":168.75},{"type":"block","time":167.5,"angle":326.25},{"type":"block","time":167.5,"angle":303.75},{"type":"block","time":168,"angle":56.25},{"type":"block","time":168,"angle":45},{"type":"block","time":168,"angle":33.75},{"type":"block","time":168.5,"angle":326.25},{"type":"block","time":168.5,"angle":315},{"type":"block","time":168.5,"angle":303.75},{"type":"block","time":169,"angle":247.5},{"type":"block","time":169,"angle":236.25},{"type":"block","time":169,"angle":225},{"type":"block","time":170,"angle":202.5},{"type":"block","time":170,"angle":191.25},{"type":"block","time":171,"angle":146.25},{"type":"block","time":171,"angle":135},{"type":"block","time":171,"angle":123.75},{"type":"side","time":171.5,"angle":258.75},{"type":"side","time":171.5,"angle":270},{"type":"side","time":171.5,"angle":281.25},{"time":174.125,"holdEase":"outSine","angle2":11.25,"type":"hold","duration":2,"angle":348.75},{"time":176.125,"holdEase":"inSine","angle2":360,"type":"hold","duration":1.875,"angle":11.25},{"time":178,"holdEase":"outSine","angle2":303.75,"type":"hold","duration":2,"angle":0},{"type":"block","time":180.5,"angle":258.75},{"type":"block","time":180,"angle":315},{"type":"block","time":181.5,"angle":33.75},{"type":"block","time":182,"angle":-22.5},{"type":"block","time":182.5,"angle":45},{"type":"side","time":181,"angle":326.25},{"type":"side","time":183,"angle":-33.75},{"type":"extraTap","time":183,"angle":180},{"time":183.5,"angle2":371.25,"type":"hold","duration":0.5,"angle":236.25},{"time":184,"angle2":-101.25,"type":"hold","duration":0.5,"angle":11.25},{"time":184.5,"angle2":157.5,"type":"hold","duration":0.5,"angle":258.75},{"type":"side","time":186,"angle":258.75},{"time":187,"angle2":213.75,"type":"hold","duration":0.5,"angle":337.5},{"type":"block","time":188,"angle":157.5},{"type":"block","time":188.5,"angle":90},{"type":"block","time":189.5,"angle":270},{"type":"block","time":190,"angle":326.25},{"type":"block","time":190.5,"angle":247.5},{"type":"block","time":191.5,"angle":56.25},{"time":192,"type":"block","tap":true,"angle":247.5},{"time":189,"type":"side","tap":true,"angle":180},{"time":191,"type":"side","tap":true,"angle":326.25},{"type":"side","time":191.75,"angle":326.25},{"type":"block","time":192.5,"angle":292.5},{"type":"block","time":193.5,"angle":326.25},{"time":194,"type":"block","tap":true,"angle":67.5},{"type":"block","time":194.5,"angle":360},{"type":"block","time":195.5,"angle":0},{"type":"block","time":194.25,"angle":33.75},{"time":193,"type":"side","tap":true,"angle":225},{"time":195,"type":"side","tap":true,"angle":90},{"time":196,"type":"side","tap":true,"angle":258.75},{"time":197,"type":"side","tap":true,"angle":101.25},{"time":198,"type":"side","tap":true,"angle":258.75},{"time":199,"type":"side","tap":true,"angle":101.25},{"time":195,"angle2":180,"type":"mineHold","duration":7,"angle":180},{"time":200,"holdEase":"inSine","angle2":416.25,"type":"hold","duration":1,"angle":258.75},{"time":201,"holdEase":"inBack","angle2":-56.25,"type":"hold","duration":1,"angle":56.25},{"time":202,"angle2":-180,"type":"mineHold","duration":1,"angle":180},{"type":"block","time":203.5,"angle":360},{"time":204,"type":"side","tap":true,"angle":258.75},{"time":205,"type":"side","tap":true,"angle":101.25},{"time":206,"type":"side","tap":true,"angle":258.75},{"time":207,"type":"side","tap":true,"angle":101.25},{"time":203,"angle2":180,"type":"mineHold","duration":7,"angle":180},{"time":208,"holdEase":"inSine","angle2":416.25,"type":"hold","duration":1,"angle":258.75},{"time":209,"holdEase":"inBack","angle2":-56.25,"type":"hold","duration":1,"angle":56.25},{"time":210,"angle2":-180,"type":"mineHold","duration":1,"angle":180},{"time":212,"type":"side","tap":true,"angle":258.75},{"time":213,"type":"side","tap":true,"angle":101.25},{"time":214,"type":"side","tap":true,"angle":258.75},{"time":215,"type":"side","tap":true,"angle":101.25},{"time":211,"angle2":180,"type":"mineHold","duration":7,"angle":180},{"time":216,"holdEase":"inSine","angle2":416.25,"type":"hold","duration":1,"angle":258.75},{"time":217,"holdEase":"inBack","angle2":-56.25,"type":"hold","duration":1,"angle":56.25},{"time":218,"angle2":-180,"type":"mineHold","duration":1,"angle":180},{"time":220,"type":"side","tap":true,"angle":258.75},{"time":221,"type":"side","tap":true,"angle":101.25},{"time":222,"type":"side","tap":true,"angle":258.75},{"time":223,"type":"side","tap":true,"angle":101.25},{"time":219,"angle2":180,"type":"mineHold","duration":7,"angle":180},{"time":224,"holdEase":"inSine","angle2":416.25,"type":"hold","duration":1,"angle":258.75},{"time":225,"holdEase":"inBack","angle2":-56.25,"type":"hold","duration":1,"angle":56.25},{"time":226,"angle2":-180,"type":"mineHold","duration":1,"angle":180},{"type":"block","time":219.5,"angle":0},{"type":"mine","time":164.75,"angle":213.75},{"type":"mine","time":164.75,"angle":191.25},{"type":"mine","time":165.25,"angle":270},{"type":"mine","time":166,"angle":78.75},{"type":"mine","time":166,"angle":67.5},{"type":"mine","time":166,"angle":56.25},{"type":"mine","time":166.5,"angle":78.75},{"type":"mine","time":166.5,"angle":67.5},{"type":"mine","time":166.5,"angle":56.25},{"type":"mine","time":167.5,"angle":157.5},{"type":"mine","time":167.5,"angle":135},{"type":"mine","time":168,"angle":247.5},{"type":"mine","time":168,"angle":225},{"type":"mine","time":168.5,"angle":90},{"type":"mine","time":170,"angle":360},{"type":"mine","time":170,"angle":11.25},{"type":"mine","time":170,"angle":22.5},{"type":"mine","time":170.5,"angle":315},{"type":"mine","time":170.5,"angle":303.75},{"type":"mine","time":170.5,"angle":326.25},{"type":"mine","time":172,"angle":157.5},{"type":"mine","time":172,"angle":180},{"type":"mine","time":172.5,"angle":168.75},{"type":"mine","time":172.75,"angle":180},{"type":"mine","time":172.75,"angle":157.5},{"type":"mine","time":173.25,"angle":168.75},{"type":"mine","time":174,"angle":157.5},{"type":"mine","time":174,"angle":146.25},{"type":"mine","time":174,"angle":135},{"type":"mine","time":174.5,"angle":67.5},{"type":"mine","time":174.5,"angle":56.25},{"type":"mine","time":174.5,"angle":45},{"type":"mine","time":176,"angle":213.75},{"type":"mine","time":176,"angle":236.25},{"type":"mine","time":176.5,"angle":270},{"type":"mine","time":176.75,"angle":303.75},{"type":"mine","time":176.75,"angle":326.25},{"type":"mine","time":177.25,"angle":0},{"type":"mine","time":179,"angle":45},{"type":"mine","time":179,"angle":56.25},{"type":"mine","time":179,"angle":67.5},{"type":"mine","time":179.5,"angle":123.75},{"type":"mine","time":179.5,"angle":135},{"type":"mine","time":179.5,"angle":146.25},{"type":"mine","time":180,"angle":168.75},{"type":"mine","time":180,"angle":191.25},{"type":"mine","time":180.5,"angle":180},{"type":"mine","time":180.75,"angle":191.25},{"type":"mine","time":180.75,"angle":168.75},{"type":"mine","time":181.25,"angle":180},{"type":"mine","time":182,"angle":191.25},{"type":"mine","time":182,"angle":180},{"type":"mine","time":182,"angle":168.75},{"type":"mine","time":182.5,"angle":191.25},{"type":"mine","time":182.5,"angle":180},{"type":"mine","time":182.5,"angle":168.75},{"type":"mine","time":183.5,"angle":78.75},{"type":"mine","time":183.5,"angle":101.25},{"type":"mine","time":184,"angle":78.75},{"type":"mine","time":184,"angle":101.25},{"type":"mine","time":184.5,"angle":90},{"type":"mine","time":186,"angle":90},{"type":"mine","time":186.5,"angle":90},{"type":"mine","time":186,"angle":78.75},{"type":"mine","time":186,"angle":101.25},{"type":"mine","time":186.5,"angle":78.75},{"type":"mine","time":186.5,"angle":101.25},{"type":"mine","time":188,"angle":337.5},{"type":"mine","time":188,"angle":315},{"type":"mine","time":188.5,"angle":270},{"type":"mine","time":188.75,"angle":-371.25},{"type":"mine","time":188.75,"angle":-348.75},{"type":"mine","time":189.25,"angle":67.5},{"type":"mine","time":190,"angle":146.25},{"type":"mine","time":190,"angle":135},{"type":"mine","time":190,"angle":123.75},{"type":"mine","time":190.5,"angle":146.25},{"type":"mine","time":190.5,"angle":135},{"type":"mine","time":190.5,"angle":123.75},{"type":"mine","time":192,"angle":112.5},{"type":"mine","time":192,"angle":135},{"type":"mine","time":192.5,"angle":112.5},{"type":"mine","time":192.75,"angle":123.75},{"type":"mine","time":192.75,"angle":101.25},{"type":"mine","time":193.25,"angle":123.75},{"type":"mine","time":195.5,"angle":191.25},{"type":"mine","time":195.5,"angle":168.75},{"type":"mine","time":195,"angle":191.25},{"type":"mine","time":195,"angle":168.75},{"time":228,"holdEase":"inBack","angle2":360,"type":"hold","duration":0.5,"angle":292.5},{"time":228.5,"holdEase":"inBack","angle2":303.75,"type":"hold","duration":0.5,"angle":360},{"time":229,"holdEase":"inBack","angle2":382.5,"type":"hold","duration":0.5,"angle":303.75},{"time":229.5,"holdEase":"inBack","angle2":315,"type":"hold","duration":0.5,"angle":382.5},{"time":230,"holdEase":"inBack","angle2":416.25,"type":"hold","duration":0.5,"angle":315},{"time":231.5,"holdEase":"inBack","angle2":348.75,"type":"hold","duration":0.5,"angle":258.75},{"time":233,"holdEase":"inBack","angle2":382.5,"type":"hold","duration":0.5,"angle":270},{"time":233.5,"holdEase":"outBack","angle2":180,"type":"hold","duration":1.5,"angle":22.5},{"time":236,"type":"hold","holdEase":"inElastic","angle2":-405,"speedMult":2,"duration":0.25,"angle":-438.75},{"time":236.25,"type":"hold","holdEase":"inElastic","angle2":-67.5,"speedMult":2,"duration":0.25,"angle":-45},{"time":236.5,"type":"hold","holdEase":"inElastic","angle2":-393.75,"speedMult":2,"duration":0.25,"angle":-427.5},{"time":236.75,"type":"hold","holdEase":"inElastic","angle2":-56.25,"speedMult":2,"duration":0.25,"angle":-33.75},{"time":237,"type":"hold","holdEase":"inElastic","angle2":-382.5,"speedMult":2,"duration":0.25,"angle":-416.25},{"time":237.25,"type":"hold","holdEase":"inElastic","angle2":-45,"speedMult":2,"duration":0.25,"angle":-22.5},{"time":237.5,"angle2":-371.25,"holdEase":"inElastic","type":"hold","speedMult":2,"duration":0.25,"angle":-405},{"time":237.75,"angle2":-33.75,"holdEase":"inElastic","type":"hold","speedMult":2,"duration":0.25,"angle":-11.25},{"time":240,"holdEase":"outSine","angle2":348.75,"type":"hold","duration":2,"angle":146.25},{"time":238,"holdEase":"outSine","angle2":506.25,"type":"hold","duration":2,"angle":326.25},{"time":242,"holdEase":"outSine","angle2":-67.5,"type":"hold","duration":8,"angle":348.75},{"time":244,"angle2":-213.75,"type":"mineHold","duration":4,"angle":11.25},{"time":248,"angle2":303.75,"type":"mineHold","duration":4,"angle":146.25},{"time":252,"angle2":506.25,"type":"mineHold","duration":4,"angle":303.75},{"time":256,"type":"mineHold","angle2":-191.25,"duration":4,"angle":146.25},{"time":260,"holdEase":"outExpo","angle2":180,"type":"mineHold","duration":4,"angle":168.75},{"time":264,"angle2":180,"type":"mineHold","duration":4,"angle":180},{"time":268,"holdEase":"inExpo","angle2":607.5,"type":"mineHold","duration":4,"angle":180},{"time":260,"type":"side","tap":true,"angle":258.75},{"time":261,"type":"side","tap":true,"angle":101.25},{"time":262,"type":"side","tap":true,"angle":258.75},{"time":263,"type":"side","tap":true,"angle":101.25},{"time":264,"type":"side","tap":true,"angle":258.75},{"time":265,"type":"side","tap":true,"angle":101.25},{"time":266,"type":"side","tap":true,"angle":258.75},{"time":267,"type":"side","tap":true,"angle":101.25},{"time":268,"type":"side","tap":true,"angle":258.75},{"time":269,"type":"side","tap":true,"angle":101.25},{"time":270,"type":"side","tap":true,"angle":258.75},{"time":271,"type":"side","tap":true,"angle":146.25},{"type":"block","time":272,"angle":315},{"time":273,"type":"block","tap":true,"angle":303.75},{"type":"block","time":272.5,"angle":247.5},{"type":"block","time":274,"angle":281.25},{"type":"block","time":274.5,"angle":236.25},{"type":"block","time":274.25,"angle":258.75},{"time":275,"type":"block","tap":true,"angle":315},{"type":"block","time":276,"angle":33.75},{"type":"block","time":273.75,"angle":303.75},{"type":"block","time":273.5,"angle":258.75},{"type":"block","time":275.75,"angle":337.5},{"type":"block","time":275.5,"angle":281.25},{"type":"block","time":273,"angle":315},{"time":273,"type":"block","tap":true,"angle":326.25},{"type":"block","time":275,"angle":326.25},{"time":275,"type":"block","tap":true,"angle":337.5},{"time":277,"type":"block","tap":true,"angle":-303.75},{"type":"block","time":276.5,"angle":-247.5},{"type":"block","time":278,"angle":-281.25},{"type":"block","time":278.5,"angle":-236.25},{"type":"block","time":278.25,"angle":-258.75},{"time":279,"type":"block","tap":true,"angle":-315},{"type":"block","time":280,"angle":-33.75},{"type":"block","time":277.75,"angle":-303.75},{"type":"block","time":277.5,"angle":-258.75},{"type":"block","time":279.75,"angle":-337.5},{"type":"block","time":279.5,"angle":-281.25},{"type":"block","time":277,"angle":-315},{"time":277,"type":"block","tap":true,"angle":-326.25},{"type":"block","time":279,"angle":-326.25},{"time":279,"type":"block","tap":true,"angle":-337.5},{"time":281,"type":"block","tap":true,"angle":303.75},{"type":"block","time":280.5,"angle":247.5},{"type":"block","time":282,"angle":281.25},{"type":"block","time":282.5,"angle":236.25},{"type":"block","time":282.25,"angle":258.75},{"time":283,"type":"block","tap":true,"angle":315},{"type":"block","time":284,"angle":33.75},{"type":"block","time":281.75,"angle":303.75},{"type":"block","time":281.5,"angle":258.75},{"type":"block","time":283.75,"angle":337.5},{"type":"block","time":283.5,"angle":281.25},{"type":"block","time":281,"angle":315},{"time":281,"type":"block","tap":true,"angle":326.25},{"type":"block","time":283,"angle":326.25},{"time":283,"type":"block","tap":true,"angle":337.5},{"time":285,"type":"block","tap":true,"angle":-303.75},{"type":"block","time":284.5,"angle":-247.5},{"type":"block","time":286,"angle":-281.25},{"type":"block","time":286.5,"angle":-236.25},{"type":"block","time":286.25,"angle":-258.75},{"time":287,"type":"block","tap":true,"angle":-315},{"type":"block","time":285.75,"angle":-303.75},{"type":"block","time":285.5,"angle":-258.75},{"type":"block","time":287.75,"angle":0},{"type":"block","time":287.5,"angle":-281.25},{"type":"block","time":285,"angle":-315},{"time":285,"type":"block","tap":true,"angle":-326.25},{"type":"block","time":287,"angle":-326.25},{"time":287,"type":"block","tap":true,"angle":-337.5},{"time":276,"angle2":191.25,"type":"mineHold","duration":0.5,"angle":191.25},{"time":276,"angle2":168.75,"type":"mineHold","duration":0.5,"angle":168.75},{"time":277,"angle2":191.25,"type":"mineHold","duration":0.5,"angle":191.25},{"time":277,"angle2":168.75,"type":"mineHold","duration":0.5,"angle":168.75},{"time":284,"angle2":191.25,"type":"mineHold","duration":0.5,"angle":191.25},{"time":284,"angle2":168.75,"type":"mineHold","duration":0.5,"angle":168.75},{"time":285,"angle2":191.25,"type":"mineHold","duration":0.5,"angle":191.25},{"time":285,"angle2":168.75,"type":"mineHold","duration":0.5,"angle":168.75},{"type":"mine","time":279.5,"angle":180},{"type":"mine","time":280,"angle":180},{"type":"mine","time":244,"angle":22.5},{"type":"mine","time":244,"angle":360},{"type":"mine","time":246,"angle":247.5},{"type":"mine","time":246,"angle":270},{"type":"mine","time":248,"angle":135},{"type":"mine","time":248,"angle":157.5},{"type":"mine","time":250,"angle":236.25},{"type":"mine","time":250,"angle":213.75},{"type":"mine","time":252,"angle":292.5},{"type":"mine","time":252,"angle":315},{"type":"mine","time":254,"angle":56.25},{"type":"mine","time":254,"angle":33.75},{"type":"mine","time":256,"angle":157.5},{"type":"mine","time":256,"angle":135},{"type":"mine","time":258,"angle":326.25},{"type":"mine","time":258,"angle":348.75}]