{"events":[{"time":0,"bpm":135,"offset":0.22500003874302,"type":"play","volume":0.68999999761581,"file":"sauce_machine.ogg","angle":90},{"b":204,"time":-2,"r":181,"type":"setColor","g":192,"color":0,"angle":45},{"type":"showResults","time":289,"angle":270},{"time":0,"r":255,"b":0,"angle":337.5,"name":"part 1","type":"bookmark","description":"","g":0},{"time":-2,"r":255,"b":0,"angle":0,"name":"prep","type":"bookmark","description":"","g":0},{"time":32,"r":255,"b":0,"angle":0,"name":"theme 1","type":"bookmark","description":"","g":0},{"time":76,"r":255,"b":0,"angle":0,"name":"ba baba ba bi bi","type":"bookmark","description":"","g":0},{"time":100,"r":255,"b":0,"angle":0,"name":"part 2","type":"bookmark","description":"","g":0},{"time":132,"r":255,"b":0,"angle":360,"name":"theme 2","type":"bookmark","description":"","g":0},{"time":172,"r":255,"b":0,"angle":0,"name":"ba baba ba bi bi 2","type":"bookmark","description":"","g":0},{"time":196,"r":255,"b":0,"angle":360,"name":"part 3","type":"bookmark","description":"","g":0},{"time":228,"r":255,"b":0,"angle":360,"name":"theme 3","type":"bookmark","description":"","g":0},{"time":272,"r":255,"b":0,"angle":0,"name":"ending drums","type":"bookmark","description":"","g":0},{"ox":190,"oy":125,"drawLayer":"bg","angle":315,"sx":1.6000000238419,"sy":1.6000000238419,"type":"deco","sprite":"peppibot_factory.png","id":"","time":-0},{"type":"setColor","time":-2,"r":18,"b":25,"g":22,"color":1,"angle":67.5},{"order":2,"time":-2,"type":"outline","color":3,"enable":true,"angle":337.5},{"b":60,"time":-2,"r":191,"type":"setColor","g":60,"color":2,"angle":90},{"b":74,"time":-2,"r":176,"type":"setColor","g":145,"color":3,"angle":112.5},{"type":"setColor","time":-2,"r":77,"b":105,"g":89,"color":4,"angle":135},{"type":"setColor","time":-2,"r":195,"b":63,"g":179,"color":5,"angle":157.5},{"time":0,"tag":"ping vfx","type":"tag","angleOffset":false,"angle":0},{"time":8,"tag":"ping vfx","type":"tag","angle":0,"angleOffset":false},{"time":16,"tag":"ping vfx","type":"tag","angle":0,"angleOffset":false},{"time":24,"tag":"ping vfx","type":"tag","angle":0,"angleOffset":false},{"time":100,"tag":"ping vfx","type":"tag","angle":22.5,"angleOffset":false},{"time":108,"tag":"ping vfx","type":"tag","angle":0,"angleOffset":false},{"time":116,"tag":"ping vfx","type":"tag","angle":0,"angleOffset":false},{"time":124,"tag":"ping vfx","type":"tag","angle":0,"angleOffset":false},{"time":196,"tag":"ping vfx","type":"tag","angle":22.5,"angleOffset":false},{"time":204,"tag":"ping vfx","type":"tag","angle":0,"angleOffset":false},{"time":212,"tag":"ping vfx","type":"tag","angle":0,"angleOffset":false},{"time":220,"tag":"ping vfx","type":"tag","angleOffset":false,"angle":0},{"time":67,"value":1.2000000476837,"angle":135,"start":1,"type":"ease","var":"vfx.canvPos.sx","duration":0.5,"ease":"outExpo"},{"time":67,"value":1.2000000476837,"angle":112.5,"start":1,"type":"ease","var":"vfx.canvPos.sy","duration":0.5,"ease":"outExpo"},{"time":68,"value":1,"angle":90,"var":"vfx.canvPos.sx","type":"ease","start":0.89999997615814,"duration":3,"ease":"outQuad"},{"time":68,"value":1,"angle":67.5,"start":0.8999999165535,"type":"ease","var":"vfx.canvPos.sy","duration":3,"ease":"outQuad"},{"time":71,"tag":"out tap","type":"tag","angleOffset":false,"angle":180},{"time":73,"tag":"out tap","type":"tag","angleOffset":false,"angle":180},{"time":75,"tag":"out tap","type":"tag","angleOffset":false,"angle":180},{"time":77,"tag":"out tap","type":"tag","angle":180,"angleOffset":false},{"time":79,"tag":"out tap","type":"tag","angle":180,"angleOffset":false},{"time":81,"tag":"out tap","type":"tag","angle":180,"angleOffset":false},{"time":83,"tag":"out tap","type":"tag","angle":180,"angleOffset":false},{"time":85,"tag":"out tap","type":"tag","angle":180,"angleOffset":false},{"time":87,"tag":"out tap","type":"tag","angle":180,"angleOffset":false},{"time":89,"tag":"out tap","type":"tag","angle":180,"angleOffset":false},{"time":91,"tag":"out tap","type":"tag","angle":180,"angleOffset":false},{"time":93,"tag":"out tap","type":"tag","angle":180,"angleOffset":false},{"time":95,"tag":"out tap","type":"tag","angle":180,"angleOffset":false},{"time":96,"tag":"in tap vfx","type":"tag","angleOffset":false,"angle":90},{"time":98,"tag":"in tap vfx","type":"tag","angleOffset":false,"angle":90},{"time":97,"tag":"in tap vfx","type":"tag","angleOffset":false,"angle":90},{"time":99,"tag":"in tap vfx","type":"tag","angleOffset":false,"angle":90},{"time":132,"r":152,"b":170,"angle":78.75,"type":"setColor","ease":"outSine","duration":2,"color":0,"g":160},{"time":132,"r":8,"b":11,"angle":101.25,"ease":"outSine","type":"setColor","duration":2,"color":1,"g":10},{"time":132,"r":150,"b":46,"angle":123.75,"ease":"outSine","type":"setColor","duration":2,"color":2,"g":46},{"time":132,"r":130,"b":58,"angle":146.25,"ease":"outSine","type":"setColor","duration":2,"color":3,"g":108},{"time":132,"r":55,"b":75,"angle":168.75,"type":"setColor","ease":"outSine","duration":2,"color":4,"g":63},{"time":132,"r":155,"b":51,"angle":191.25,"ease":"outSine","type":"setColor","duration":2,"color":5,"g":142},{"time":157,"tag":"in tap vfx","type":"tag","angle":0,"angleOffset":false},{"time":157,"r":181,"b":204,"order":-1,"type":"setColor","angle":-11.25,"color":0,"g":192},{"time":157,"r":152,"b":170,"angle":11.25,"type":"setColor","ease":"outSine","duration":1,"color":0,"g":160},{"time":159,"tag":"in tap vfx","type":"tag","angle":0,"angleOffset":false},{"time":159,"r":181,"b":204,"order":-1,"type":"setColor","angle":-11.25,"color":0,"g":192},{"time":159,"r":152,"b":170,"angle":11.25,"ease":"outSine","type":"setColor","duration":1,"color":0,"g":160},{"time":161,"tag":"in tap vfx","type":"tag","angle":0,"angleOffset":false},{"time":161,"r":181,"b":204,"order":-1,"type":"setColor","angle":-11.25,"color":0,"g":192},{"time":161,"r":152,"b":170,"angle":11.25,"ease":"outSine","type":"setColor","duration":1,"color":0,"g":160},{"time":163,"r":181,"b":204,"angle":22.5,"type":"setColor","duration":1,"color":0,"g":192},{"time":163,"r":18,"b":25,"angle":45,"type":"setColor","duration":1,"color":1,"g":22},{"time":163,"r":191,"b":60,"angle":67.5,"type":"setColor","duration":1,"color":2,"g":60},{"time":163,"r":176,"b":74,"angle":90,"type":"setColor","duration":1,"color":3,"g":145},{"time":163,"r":77,"b":105,"angle":112.5,"type":"setColor","duration":1,"color":4,"g":89},{"time":163,"r":195,"b":63,"angle":135,"type":"setColor","duration":1,"color":5,"g":179},{"time":164,"r":117,"b":156,"order":-1,"type":"setColor","angle":0,"color":4,"g":133},{"time":164,"r":77,"b":105,"angle":11.25,"type":"setColor","duration":3.5,"color":4,"g":89},{"var":"vfx.canvPos.sx","time":161.5,"start":1,"type":"ease","duration":1.5,"value":1.2000000476837,"angle":90},{"var":"vfx.canvPos.sy","time":161.5,"start":1,"type":"ease","duration":1.5,"value":1.2000000476837,"angle":101.25},{"time":164,"value":1,"angle":33.75,"var":"vfx.canvPos.sx","type":"ease","start":0.8999999165535,"duration":3.5,"ease":"outQuad"},{"time":164,"value":1.0000002384186,"angle":45,"var":"vfx.canvPos.sy","type":"ease","start":0.8999999165535,"duration":3.5,"ease":"outQuad"},{"var":"vfx.canvPos.sx","time":163,"start":1.25,"type":"ease","duration":1,"value":1.2000000476837,"angle":-11.25},{"var":"vfx.canvPos.sy","time":163,"start":1.25,"type":"ease","duration":1,"value":1.2000000476837,"angle":0},{"time":169,"tag":"out tap","type":"tag","angle":360,"angleOffset":false},{"time":171,"tag":"out tap","type":"tag","angle":360,"angleOffset":false},{"time":173,"tag":"out tap","type":"tag","angle":360,"angleOffset":false},{"time":175,"tag":"out tap","type":"tag","angle":360,"angleOffset":false},{"time":177,"tag":"out tap","type":"tag","angle":360,"angleOffset":false},{"time":179,"tag":"out tap","type":"tag","angle":360,"angleOffset":false},{"time":181,"tag":"out tap","type":"tag","angle":360,"angleOffset":false},{"time":185,"tag":"out tap","type":"tag","angle":360,"angleOffset":false},{"time":187,"tag":"out tap","type":"tag","angleOffset":false,"angle":360},{"time":183,"tag":"out tap","type":"tag","angleOffset":false,"angle":360},{"time":189,"tag":"out tap","type":"tag","angle":360,"angleOffset":false},{"time":191,"tag":"out tap","type":"tag","angleOffset":false,"angle":360},{"time":192,"tag":"in tap vfx","type":"tag","angleOffset":false,"angle":360},{"time":193,"tag":"in tap vfx","type":"tag","angleOffset":false,"angle":360},{"time":194,"tag":"in tap vfx","type":"tag","angleOffset":false,"angle":360},{"time":195,"tag":"in tap vfx","type":"tag","angleOffset":false,"angle":360},{"time":167,"tag":"flash","type":"tag","angle":360,"angleOffset":false},{"time":164,"r":218,"b":230,"order":-1,"type":"setColor","angle":-33.75,"color":0,"g":224},{"time":164,"r":181,"b":204,"angle":-22.5,"type":"setColor","duration":3.5,"color":0,"g":192},{"time":68,"r":117,"b":156,"order":-1,"type":"setColor","angle":-157.5,"color":4,"g":133},{"g":89,"r":77,"b":105,"angle":-146.25,"type":"setColor","color":4,"duration":3.5,"time":68},{"time":68,"r":218,"b":230,"order":-1,"type":"setColor","angle":-191.25,"color":0,"g":224},{"g":192,"r":181,"b":204,"angle":-180,"type":"setColor","color":0,"duration":3.5,"time":68},{"time":224,"tag":"flash","type":"tag","angle":90,"angleOffset":false},{"time":225,"tag":"flash","type":"tag","angleOffset":false,"angle":90},{"time":226,"tag":"flash","type":"tag","angle":90,"angleOffset":false},{"time":227,"tag":"flash","type":"tag","angle":90,"angleOffset":false},{"g":232,"r":225,"b":239,"angle":22.5,"type":"setColor","order":-1,"color":0,"time":228},{"g":33,"r":27,"b":38,"angle":33.75,"type":"setColor","order":-1,"color":1,"time":228},{"g":82,"r":201,"b":82,"angle":45,"type":"setColor","order":-1,"color":2,"time":228},{"g":160,"r":189,"b":95,"angle":56.25,"type":"setColor","order":-1,"color":3,"time":228},{"g":111,"r":100,"b":126,"angle":67.5,"type":"setColor","order":-1,"color":4,"time":228},{"g":197,"r":211,"b":93,"angle":78.75,"type":"setColor","order":-1,"color":5,"time":228},{"time":228,"r":181,"b":204,"angle":101.25,"g":192,"ease":"inBack","color":0,"duration":16,"type":"setColor"},{"time":228,"r":18,"b":25,"angle":112.5,"g":22,"ease":"inBack","color":1,"duration":16,"type":"setColor"},{"time":228,"r":191,"b":60,"angle":123.75,"g":60,"ease":"linear","color":2,"duration":16,"type":"setColor"},{"time":228,"r":176,"b":74,"angle":135,"g":145,"ease":"inBack","color":3,"duration":16,"type":"setColor"},{"time":228,"r":77,"b":105,"angle":146.25,"g":89,"ease":"inBack","color":4,"duration":16,"type":"setColor"},{"time":228,"r":195,"b":63,"angle":157.5,"g":179,"ease":"inBack","color":5,"duration":16,"type":"setColor"},{"time":224,"var":"vfx.angleTwist.offset","type":"ease","value":-90,"duration":4,"angle":78.75},{"start":-90,"time":260,"var":"vfx.angleTwist.offset","type":"ease","duration":4,"value":0,"angle":90},{"time":236,"value":-3,"angle":90,"repeats":3,"repeatDelay":0.5,"start":3,"type":"ease","var":"vfx.hwaves.strength","duration":0.25,"ease":"inOutSine"},{"time":236.25,"value":3,"angle":90,"repeats":3,"repeatDelay":0.5,"start":-3,"type":"ease","var":"vfx.hwaves.strength","duration":0.25,"ease":"inOutSine"},{"time":236,"var":"vfx.hwaves.period","type":"ease","value":5,"angle":78.75},{"time":236,"var":"vfx.hwaves.offset","type":"ease","value":50,"duration":4,"angle":101.25},{"time":238,"var":"vfx.hwaves.strength","type":"ease","duration":2,"value":0,"angle":90},{"time":245,"tag":"out tap","type":"tag","angle":360,"angleOffset":false},{"time":247,"tag":"out tap","type":"tag","angle":360,"angleOffset":false},{"time":247.75,"tag":"out tap","type":"tag","angle":360,"angleOffset":false},{"time":249,"tag":"out tap","type":"tag","angle":360,"angleOffset":false},{"time":251,"tag":"out tap","type":"tag","angle":360,"angleOffset":false},{"time":253,"tag":"out tap","type":"tag","angle":337.5,"angleOffset":false},{"time":255,"tag":"out tap","type":"tag","angle":360,"angleOffset":false},{"time":255.75,"tag":"out tap","type":"tag","angle":360,"angleOffset":false},{"time":257,"tag":"out tap","type":"tag","angle":360,"angleOffset":false},{"time":259,"tag":"out tap","type":"tag","angle":360,"angleOffset":false},{"time":260,"value":1.0499999523163,"angle":0,"var":"vfx.canvPos.sx","type":"ease","start":1,"duration":0.5,"ease":"outBack"},{"time":260,"value":1.0500001907349,"angle":11.25,"var":"vfx.canvPos.sy","type":"ease","start":1,"duration":0.5,"ease":"outBack"},{"time":260,"tag":"flash","type":"tag","angle":348.75,"angleOffset":false},{"time":261,"value":1.1000000238419,"angle":0,"var":"vfx.canvPos.sx","type":"ease","start":1.0499999523163,"duration":0.5,"ease":"outBack"},{"time":261,"value":1.1000001430511,"angle":11.25,"var":"vfx.canvPos.sy","type":"ease","start":1.0499999523163,"duration":0.5,"ease":"outBack"},{"time":261,"tag":"flash","type":"tag","angle":348.75,"angleOffset":false},{"time":262,"value":1.1499999761581,"angle":0,"var":"vfx.canvPos.sx","type":"ease","start":1.1000000238419,"duration":0.5,"ease":"outBack"},{"time":262,"value":1.1499999761581,"angle":11.25,"var":"vfx.canvPos.sy","type":"ease","start":1.1000000238419,"duration":0.5,"ease":"outBack"},{"time":262,"tag":"flash","type":"tag","angleOffset":false,"angle":348.75},{"time":263,"value":1.2000000476837,"angle":0,"var":"vfx.canvPos.sx","type":"ease","start":1.1499999761581,"duration":0.5,"ease":"outBack"},{"time":263,"value":1.2000000476837,"angle":11.25,"var":"vfx.canvPos.sy","type":"ease","start":1.1499999761581,"duration":0.5,"ease":"outBack"},{"time":263,"tag":"flash","type":"tag","angleOffset":false,"angle":348.75},{"time":264,"value":1.2200000286102,"angle":0,"var":"vfx.canvPos.sx","type":"ease","start":1.1999999284744,"duration":0.5,"ease":"outBack"},{"time":264,"value":1.2200000286102,"angle":11.25,"var":"vfx.canvPos.sy","type":"ease","start":1.1999999284744,"duration":0.5,"ease":"outBack"},{"time":264,"tag":"flash","type":"tag","angle":348.75,"angleOffset":false},{"time":265,"value":1.2400000095367,"angle":0,"var":"vfx.canvPos.sx","type":"ease","start":1.2199999094009,"duration":0.5,"ease":"outBack"},{"time":265,"value":1.2400000095367,"angle":11.25,"var":"vfx.canvPos.sy","type":"ease","start":1.2200000286102,"duration":0.5,"ease":"outBack"},{"time":265,"tag":"flash","type":"tag","angleOffset":false,"angle":348.75},{"time":266,"value":1.2799999713898,"angle":0,"var":"vfx.canvPos.sx","type":"ease","start":1.259999871254,"duration":0.5,"ease":"outBack"},{"time":266,"value":1.2799999713898,"angle":11.25,"var":"vfx.canvPos.sy","type":"ease","start":1.2599999904633,"duration":0.5,"ease":"outBack"},{"time":266,"tag":"flash","type":"tag","angleOffset":false,"angle":348.75},{"time":267,"value":1.2999999523163,"angle":0,"var":"vfx.canvPos.sx","type":"ease","start":1.2799998521805,"duration":0.5,"ease":"outBack"},{"time":267,"value":1.2999999523163,"angle":11.25,"var":"vfx.canvPos.sy","type":"ease","start":1.2799999713898,"duration":0.5,"ease":"outBack"},{"time":267,"tag":"flash","type":"tag","angle":348.75,"angleOffset":false},{"time":268,"value":0.94999992847443,"angle":22.5,"var":"vfx.canvPos.sx","type":"ease","start":1.2999999523163,"duration":4,"ease":"inBack"},{"time":268,"value":0.94999998807907,"angle":33.75,"var":"vfx.canvPos.sy","type":"ease","start":1.2999999523163,"duration":4,"ease":"inBack"},{"time":268,"tag":"flash","type":"tag","angleOffset":false,"angle":360},{"time":269,"tag":"flash","type":"tag","angle":360,"angleOffset":false},{"time":270,"tag":"flash","type":"tag","angle":360,"angleOffset":false},{"time":271,"tag":"flash","type":"tag","angle":360,"angleOffset":false},{"var":"vfx.canvPos.sx","time":272,"start":0.94999998807907,"type":"ease","duration":12,"value":1.2000000476837,"angle":22.5},{"var":"vfx.canvPos.sy","time":272,"start":0.94999998807907,"type":"ease","duration":12,"value":1.2000000476837,"angle":33.75},{"ease":"outCirc","time":288,"var":"vfx.canvPos.sx","type":"ease","value":1,"duration":1,"angle":22.5},{"ease":"outCirc","time":288,"var":"vfx.canvPos.sy","type":"ease","duration":1,"value":1,"angle":33.75},{"time":273,"tag":"flash","type":"tag","angle":180,"angleOffset":false},{"time":275,"tag":"flash","type":"tag","angleOffset":false,"angle":180},{"time":277,"tag":"flash","type":"tag","angleOffset":false,"angle":180},{"time":279,"tag":"flash","type":"tag","angleOffset":false,"angle":180},{"time":281,"tag":"flash","type":"tag","angleOffset":false,"angle":180},{"time":283,"tag":"flash","type":"tag","angleOffset":false,"angle":180},{"time":285,"tag":"flash","type":"tag","angleOffset":false,"angle":180},{"time":287,"tag":"flash","type":"tag","angleOffset":false,"angle":180},{"time":273,"value":0,"angle":168.75,"start":10,"ease":"outExpo","type":"ease","duration":1,"var":"vfx.hwaves.strength"},{"time":275,"value":0,"angle":168.75,"start":10,"ease":"outExpo","type":"ease","duration":1,"var":"vfx.hwaves.strength"},{"time":277,"value":0,"angle":157.5,"start":10,"ease":"outExpo","type":"ease","duration":1,"var":"vfx.hwaves.strength"},{"time":279,"value":0,"angle":168.75,"start":10,"ease":"outExpo","type":"ease","duration":1,"var":"vfx.hwaves.strength"},{"time":281,"value":0,"angle":168.75,"start":10,"ease":"outExpo","type":"ease","duration":1,"var":"vfx.hwaves.strength"},{"time":283,"value":0,"angle":168.75,"start":10,"ease":"outExpo","type":"ease","duration":1,"var":"vfx.hwaves.strength"},{"time":285,"value":0,"angle":157.5,"start":10,"ease":"outExpo","type":"ease","duration":1,"var":"vfx.hwaves.strength"},{"time":287,"value":0,"angle":168.75,"start":10,"ease":"outExpo","type":"ease","duration":1,"var":"vfx.hwaves.strength"}],"properties":{"loadBeat":-2,"speed":80,"startBeat":0,"offset":8,"formatversion":12},"metadata":{"songName":"Peppino's Sauce Machine","description":"heavy metal","difficulty":7,"artist":"Mr. Sauceman","charter":"pois","bgData":{"greenChannel":{"b":105,"g":89,"r":77},"image":"peppibot_factory.png","magentaChannel":{"b":255,"g":255,"r":255},"cyanChannel":{"b":255,"g":255,"r":255},"yellowChannel":{"b":63,"g":179,"r":195},"redChannel":{"b":60,"g":60,"r":191},"blueChannel":{"b":74,"g":145,"r":176}},"artistLink":"","bg":true}}