[{"type":"block","angle":360,"time":0.33333334326744},{"type":"extraTap","angle":15,"time":0.33333334326744},{"type":"block","angle":0,"time":0.91666668653488},{"type":"block","angle":360,"time":0.75},{"type":"block","angle":30,"time":1.1666666269302},{"type":"block","angle":30,"time":1.3333333730698},{"type":"block","angle":30,"time":1.5},{"type":"block","angle":60,"time":2.1666667461395},{"type":"block","angle":60,"time":2.3333332538605},{"type":"block","angle":90,"time":2.5},{"type":"block","angle":60,"time":2.6666667461395},{"type":"block","angle":90,"time":2.8333332538605},{"type":"block","angle":60,"time":3},{"type":"block","angle":90,"time":3.1666667461395},{"type":"block","angle":60,"time":3.3333332538605},{"type":"side","angle":30,"time":3.5},{"type":"side","angle":15,"time":3.5},{"type":"block","angle":330,"time":3.6666667461395},{"type":"block","angle":360,"time":3.8333332538605},{"type":"block","angle":330,"time":4},{"type":"block","angle":0,"time":4.1666665077209},{"type":"block","angle":60,"time":4.6666665077209},{"type":"block","angle":75,"time":4.8333334922791},{"type":"block","angle":60,"time":5},{"type":"block","angle":60,"time":5.1666665077209},{"type":"block","angle":75,"time":5.3333334922791},{"type":"block","angle":75,"time":5.6666665077209},{"type":"block","angle":75,"time":5.8333334922791},{"type":"block","angle":60,"time":6},{"type":"block","angle":45,"time":6.3333334922791},{"type":"block","angle":45,"time":6.6666665077209},{"type":"block","angle":45,"time":7.1666665077209},{"type":"block","angle":45,"time":7.5},{"angle":90,"type":"side","tap":true,"time":6.8333334922791},{"angle":90,"type":"side","tap":true,"time":7.6666665077209},{"type":"side","angle":45,"time":4.3333334922791},{"type":"block","angle":45,"time":8},{"type":"block","angle":45,"time":8.3333330154419},{"angle":15,"type":"side","tap":true,"time":8.5},{"type":"block","angle":0,"time":8.8333330154419},{"type":"block","angle":0,"time":9.1666669845581},{"angle":45,"type":"side","tap":true,"time":9.3333330154419},{"type":"extraTap","angle":60,"time":9.3333330154419},{"type":"mine","angle":240,"time":6},{"type":"mine","angle":225,"time":6.3333334922791},{"type":"mine","angle":225,"time":6.6666665077209},{"type":"mine","angle":270,"time":6.8333334922791},{"type":"mine","angle":255,"time":5.8333334922791},{"type":"mine","angle":255,"time":5.6666665077209},{"type":"mine","angle":255,"time":5.3333334922791},{"type":"mine","angle":270,"time":5.1666665077209},{"type":"mine","angle":255,"time":5},{"type":"mine","angle":270,"time":4.8333334922791},{"type":"mine","angle":225,"time":4.3333334922791},{"type":"mine","angle":180,"time":4.1666665077209},{"type":"mine","angle":150,"time":4},{"type":"mine","angle":180,"time":3.8333332538605},{"type":"mine","angle":150,"time":3.6666667461395},{"type":"mine","angle":195,"time":3.5},{"type":"mine","angle":180,"time":3.5},{"type":"mine","angle":240,"time":3.3333332538605},{"type":"mine","angle":270,"time":3.1666667461395},{"type":"mine","angle":240,"time":3},{"type":"mine","angle":270,"time":2.8333332538605},{"type":"mine","angle":240,"time":2.6666667461395},{"type":"mine","angle":270,"time":2.5},{"type":"mine","angle":240,"time":2.3333332538605},{"type":"mine","angle":240,"time":2.1666667461395},{"type":"mine","angle":210,"time":1.5},{"type":"mine","angle":210,"time":1.3333333730698},{"type":"mine","angle":210,"time":1.1666666269302},{"type":"mine","angle":180,"time":0.875},{"type":"mine","angle":180,"time":0.66666668653488},{"type":"mine","angle":180,"time":0.33333334326744},{"type":"block","angle":15,"time":9.6666669845581},{"type":"block","angle":75,"time":10},{"type":"block","angle":90,"time":10.166666984558},{"type":"block","angle":60,"time":10.5},{"type":"block","angle":45,"time":10.666666984558},{"type":"block","angle":75,"time":11.166666984558},{"type":"block","angle":75,"time":10.333333015442},{"type":"block","angle":90,"time":11.333333015442},{"type":"block","angle":105,"time":11.833333015442},{"type":"block","angle":105,"time":12.166666984558},{"type":"block","angle":135,"time":12},{"type":"block","angle":135,"time":12.333333015442},{"type":"block","angle":105,"time":12.833333015442},{"type":"block","angle":135,"time":13.166666984558},{"type":"block","angle":135,"time":13.666666984558},{"type":"block","angle":120,"time":14.166666984558},{"type":"block","angle":105,"time":14.333333015442},{"type":"extraTap","angle":165,"time":13.666666984558},{"type":"extraTap","angle":165,"time":14.5},{"type":"block","angle":90,"time":14.666666984558},{"type":"block","angle":75,"time":14.666666984558},{"type":"block","angle":60,"time":15},{"type":"block","angle":45,"time":15},{"type":"block","angle":75,"time":15.333333015442},{"type":"block","angle":60,"time":15.666666984558},{"type":"block","angle":60,"time":15.833333015442},{"duration":0.16666658222675,"angle":90,"type":"hold","angle2":90,"time":16},{"type":"block","angle":75,"time":16.5},{"type":"block","angle":60,"time":16.5},{"type":"block","angle":30,"time":16.833333969116},{"type":"block","angle":45,"time":17},{"type":"block","angle":45,"time":16.666666030884},{"type":"extraTap","angle":45,"time":17.333333969116},{"type":"block","angle":30,"time":17.333333969116},{"type":"block","angle":15,"time":17.333333969116},{"type":"block","angle":0,"time":17.833333969116},{"type":"block","angle":345,"time":17.666666030884},{"type":"block","angle":345,"time":18},{"type":"extraTap","angle":15,"time":18.333333969116},{"type":"block","angle":360,"time":18.333333969116},{"type":"block","angle":345,"time":18.666666030884},{"type":"block","angle":15,"time":19},{"type":"extraTap","angle":30,"time":19},{"type":"block","angle":15,"time":19.333333969116},{"type":"block","angle":345,"time":19.666666030884},{"type":"block","angle":15,"time":20},{"type":"extraTap","angle":30,"time":20},{"duration":0.33333325386047,"angle":345,"type":"hold","angle2":345,"time":20.166666030884},{"duration":0.33333325386047,"angle":360,"type":"hold","angle2":360,"time":20.166666030884},{"type":"block","angle":15,"time":20.833333969116},{"duration":0.33333325386047,"angle":345,"type":"hold","angle2":345,"time":21},{"duration":0.33333325386047,"angle":360,"type":"hold","angle2":360,"time":21},{"type":"block","angle":15,"time":21.666666030884},{"type":"block","angle":330,"time":22},{"type":"block","angle":345,"time":22},{"type":"extraTap","angle":360,"time":22},{"type":"block","angle":15,"time":22.5},{"type":"block","angle":30,"time":22.5},{"type":"extraTap","angle":45,"time":22.5},{"type":"block","angle":345,"time":22.833333969116},{"type":"block","angle":15,"time":23.166666030884},{"type":"block","angle":30,"time":23.333333969116},{"type":"block","angle":15,"time":23.666666030884},{"type":"side","angle":60,"time":23.833333969116},{"type":"block","angle":45,"time":24},{"type":"block","angle":60,"time":24.333333969116},{"type":"block","angle":30,"time":24.5},{"type":"block","angle":0,"time":24.666666030884},{"type":"block","angle":30,"time":24.833333969116},{"type":"block","angle":360,"time":25},{"type":"block","angle":30,"time":25.166666030884},{"type":"block","angle":30,"time":25.5},{"type":"block","angle":345,"time":25.333333969116},{"type":"block","angle":0,"time":25.333333969116},{"type":"block","angle":360,"time":25.666666030884},{"type":"block","angle":30,"time":25.833333969116},{"type":"extraTap","angle":15,"time":26.5},{"type":"block","angle":345,"time":25},{"type":"block","angle":345,"time":24.666666030884},{"type":"block","angle":345,"time":25.666666030884},{"type":"block","angle":345,"time":26},{"type":"block","angle":360,"time":26},{"duration":2.5,"angle":360,"endAngle":360,"type":"hold","angle2":45,"time":26.5},{"type":"block","angle":30,"time":29.166666030884},{"type":"block","angle":45,"time":29.5},{"type":"block","angle":30,"time":29.833333969116},{"type":"block","angle":15,"time":30},{"type":"block","angle":0,"time":29},{"type":"block","angle":0,"time":30.333333969116},{"type":"block","angle":345,"time":30.666666030884},{"type":"block","angle":330,"time":30.833333969116},{"type":"block","angle":315,"time":31.166666030884},{"type":"block","angle":330,"time":31.333333969116},{"type":"block","angle":345,"time":31.5},{"type":"extraTap","angle":15,"time":31.666666030884},{"duration":1.9999998807907,"angle":0,"type":"hold","angle2":45,"time":31.666666030884},{"type":"block","angle":345,"time":26.666666030884},{"type":"block","angle":330,"time":26.833333969116},{"type":"block","angle":315,"time":27},{"type":"block","angle":60,"time":34},{"type":"block","angle":30,"time":34.333332061768},{"type":"block","angle":15,"time":34.5},{"duration":0.66666662693024,"angle":360,"type":"hold","angle2":360,"time":34.666667938232},{"duration":2,"angle":180,"type":"mineHold","angle2":225,"time":31.666666030884},{"type":"mine","angle":60,"time":35.666667938232},{"type":"mine","angle":315,"time":35.666667938232},{"type":"mine","angle":75,"time":35.666667938232},{"type":"mine","angle":90,"time":35.666667938232},{"type":"mine","angle":105,"time":35.666667938232},{"type":"mine","angle":120,"time":35.666667938232},{"type":"mine","angle":135,"time":35.666667938232},{"type":"mine","angle":150,"time":35.666667938232},{"type":"mine","angle":165,"time":35.666667938232},{"type":"mine","angle":180,"time":35.666667938232},{"type":"mine","angle":195,"time":35.666667938232},{"type":"mine","angle":210,"time":35.666667938232},{"type":"mine","angle":225,"time":35.666667938232},{"type":"mine","angle":240,"time":35.666667938232},{"type":"mine","angle":255,"time":35.666667938232},{"type":"mine","angle":270,"time":35.666667938232},{"type":"mine","angle":285,"time":35.666667938232},{"type":"mine","angle":300,"time":35.666667938232},{"type":"mine","angle":180,"time":40},{"type":"mine","angle":195,"time":40},{"type":"mine","angle":210,"time":40},{"type":"mine","angle":240,"time":40},{"type":"mine","angle":225,"time":40},{"type":"mine","angle":270,"time":40},{"type":"mine","angle":255,"time":40},{"type":"mine","angle":285,"time":40},{"type":"mine","angle":300,"time":40},{"type":"mine","angle":315,"time":40},{"type":"mine","angle":330,"time":40},{"type":"mine","angle":345,"time":40},{"type":"mine","angle":360,"time":40},{"type":"mine","angle":15,"time":40},{"type":"mine","angle":30,"time":40},{"type":"mine","angle":45,"time":40},{"type":"mine","angle":60,"time":40},{"type":"mine","angle":75,"time":40},{"type":"block","angle":105,"time":40},{"type":"block","angle":135,"time":40},{"type":"block","angle":120,"time":40},{"type":"block","angle":150,"time":40},{"type":"block","angle":345,"time":35.666667938232},{"type":"block","angle":360,"time":35.666667938232},{"type":"block","angle":15,"time":35.666667938232},{"type":"block","angle":30,"time":35.666667938232},{"type":"extraTap","angle":90,"time":40},{"type":"extraTap","angle":330,"time":35.666667938232},{"duration":3.8333337306976,"angle":360,"type":"hold","angle2":480,"time":35.833332061768},{"duration":4.5,"angle":120,"type":"hold","angle2":180,"time":40.333332061768},{"duration":4.0000004768372,"angle":180,"type":"hold","angle2":-255,"time":44.833332061768},{"duration":0.49999994039536,"angle":105,"type":"hold","angle2":135,"time":48.833332061768},{"duration":1.8333331346512,"angle":135,"type":"hold","angle2":-30,"time":49.333332061768},{"type":"extraTap","angle":345,"time":51.666667938232},{"type":"extraTap","angle":345,"time":52},{"angle":330,"type":"block","tap":true,"time":52.333332061768},{"angle":15,"type":"block","tap":true,"time":52.666667938232},{"angle":330,"type":"side","tap":true,"time":53},{"angle":315,"type":"block","tap":true,"time":52.333332061768},{"angle":30,"type":"block","tap":true,"time":52.666667938232},{"angle":315,"type":"side","tap":true,"time":53},{"duration":3.0000002384186,"angle":345,"type":"hold","angle2":420,"time":53.333332061768},{"type":"extraTap","angle":60,"time":54.333332061768},{"type":"extraTap","angle":45,"time":56.333332061768},{"startTap":true,"angle":60,"time":56.333332061768,"type":"hold","angle2":-120,"duration":3.0000002384186,"speedMult":1},{"type":"extraTap","angle":240,"time":58.166667938232},{"type":"extraTap","angle":225,"time":59.333332061768},{"angle":15,"type":"block","tap":true,"time":60.333332061768},{"angle":150,"type":"block","tap":true,"time":61.5},{"duration":2.1666665077209,"angle":240,"type":"hold","angle2":510,"time":59.333332061768},{"duration":1.3333332538605,"angle":150,"type":"hold","angle2":30,"time":61.5},{"startTap":true,"endTap":true,"angle":30,"type":"hold","angle2":900,"duration":4.9999995231628,"time":62.833332061768},{"duration":3.0000002384186,"angle":180,"type":"hold","angle2":-30,"time":67.833335876465},{"type":"extraTap","angle":315,"time":60.333332061768},{"type":"extraTap","angle":60,"time":61.5},{"type":"extraTap","angle":345,"time":62.833332061768},{"type":"extraTap","angle":135,"time":64},{"type":"extraTap","angle":225,"time":65.166664123535},{"type":"extraTap","angle":225,"time":66.333335876465},{"type":"extraTap","angle":165,"time":67.333335876465},{"type":"extraTap","angle":120,"time":68.5},{"type":"extraTap","angle":15,"time":70.5},{"duration":1.3333332538605,"angle":330,"type":"hold","angle2":360,"time":70.833335876465},{"duration":1.4999998807907,"angle":360,"type":"hold","angle2":315,"time":72.166664123535},{"duration":1.3333332538605,"angle":315,"type":"hold","angle2":360,"time":73.666664123535},{"duration":1.1666666269302,"angle":360,"type":"hold","angle2":360,"time":75},{"duration":1.1666666269302,"angle":360,"type":"hold","angle2":420,"time":76.166664123535},{"startTap":true,"endTap":true,"angle":60,"type":"hold","angle2":60,"duration":1,"time":77.333335876465},{"duration":0.99999994039536,"angle":60,"type":"hold","angle2":150,"time":78.333335876465},{"duration":1,"angle":150,"type":"hold","angle2":45,"time":79.333335876465},{"duration":2.6666667461395,"angle":45,"type":"hold","angle2":285,"time":80.333335876465},{"type":"extraTap","angle":315,"time":83},{"type":"extraTap","angle":255,"time":83.666664123535},{"type":"extraTap","angle":165,"time":84},{"type":"extraTap","angle":165,"time":84.333335876465},{"type":"block","angle":285,"time":83},{"type":"block","angle":300,"time":83},{"type":"block","angle":270,"time":83},{"type":"block","angle":240,"time":83.666664123535},{"type":"block","angle":225,"time":83.666664123535},{"type":"block","angle":210,"time":83.666664123535},{"type":"block","angle":150,"time":84},{"type":"block","angle":135,"time":84},{"type":"block","angle":120,"time":84},{"duration":1,"angle":135,"type":"hold","angle2":135,"time":84.333335876465},{"duration":1,"angle":150,"type":"hold","angle2":135,"time":84.333335876465},{"duration":1,"angle":120,"type":"hold","angle2":135,"time":84.333335876465},{"duration":2.3333332538605,"angle":135,"type":"hold","angle2":-90,"time":85.333335876465},{"type":"block","angle":300,"time":89.25},{"type":"block","angle":300,"time":89.5},{"type":"extraTap","angle":255,"time":89.25},{"type":"block","angle":255,"time":89.75},{"type":"block","angle":285,"time":90},{"type":"block","angle":285,"time":90.25},{"type":"block","angle":315,"time":90.5},{"type":"extraTap","angle":285,"time":89.875},{"type":"block","angle":0,"time":91.25},{"type":"block","angle":330,"time":90.75},{"type":"side","angle":30,"time":91},{"type":"block","angle":345,"time":92},{"type":"block","angle":0,"time":92},{"type":"block","angle":15,"time":92},{"type":"block","angle":0,"time":92.625},{"type":"block","angle":15,"time":92.875},{"type":"block","angle":345,"time":93.125},{"type":"block","angle":315,"time":93.625},{"type":"block","angle":315,"time":93.875},{"type":"block","angle":345,"time":94.125},{"angle":45,"type":"side","tap":true,"time":94.375},{"type":"block","angle":45,"time":94.625},{"type":"block","angle":15,"time":94.875},{"type":"block","angle":330,"time":95.5},{"type":"block","angle":285,"time":95.75},{"type":"block","angle":315,"time":96},{"type":"inverse","angle":330,"time":95.625},{"type":"inverse","angle":315,"time":95.75},{"type":"inverse","angle":300,"time":95.875},{"type":"inverse","angle":285,"time":96},{"type":"inverse","angle":300,"time":96.125},{"type":"inverse","angle":315,"time":96.25},{"type":"inverse","angle":330,"time":96.375},{"type":"inverse","angle":315,"time":96.5},{"type":"inverse","angle":300,"time":96.625},{"type":"inverse","angle":285,"time":96.75},{"type":"inverse","angle":300,"time":96.875},{"type":"inverse","angle":315,"time":97},{"type":"inverse","angle":330,"time":97.125},{"type":"block","angle":15,"time":97.875},{"type":"block","angle":15,"time":98.125},{"type":"block","angle":345,"time":98.375},{"type":"block","angle":300,"time":98.75},{"type":"block","angle":300,"time":99},{"type":"block","angle":330,"time":99.25},{"type":"block","angle":345,"time":99.5},{"type":"block","angle":360,"time":99.5},{"type":"block","angle":15,"time":99.75},{"type":"block","angle":30,"time":99.75},{"type":"block","angle":30,"time":100.125},{"type":"block","angle":45,"time":100.125},{"type":"block","angle":60,"time":100.125},{"type":"block","angle":30,"time":100.625},{"type":"block","angle":45,"time":100.625},{"type":"block","angle":60,"time":100.625},{"type":"block","angle":30,"time":101},{"type":"block","angle":60,"time":101.25},{"type":"block","angle":15,"time":101.5},{"type":"block","angle":360,"time":101.875},{"type":"block","angle":0,"time":102.125},{"type":"block","angle":330,"time":102.375},{"type":"block","angle":345,"time":102.75},{"type":"block","angle":345,"time":103},{"type":"block","angle":15,"time":103.125},{"type":"block","angle":30,"time":103.375},{"type":"block","angle":45,"time":103.625},{"type":"block","angle":15,"time":103.875},{"type":"block","angle":30,"time":104.125},{"type":"block","angle":45,"time":104.25},{"type":"block","angle":15,"time":104.5},{"type":"block","angle":30,"time":104.75},{"type":"block","angle":45,"time":104.875},{"type":"block","angle":45,"time":105.25},{"type":"block","angle":15,"time":105.625},{"type":"block","angle":0,"time":105.875},{"type":"block","angle":15,"time":106.25},{"type":"block","angle":360,"time":106.5},{"type":"block","angle":345,"time":106.75},{"angle":330,"type":"block","tap":true,"time":107.125},{"angle":345,"type":"block","tap":true,"time":107.125},{"type":"block","angle":0,"time":107.5},{"type":"block","angle":0,"time":107.75},{"type":"block","angle":345,"time":108.125},{"type":"block","angle":360,"time":108.125},{"type":"block","angle":15,"time":108.125},{"type":"block","angle":345,"time":108.375},{"type":"block","angle":15,"time":108.625},{"type":"block","angle":30,"time":109},{"type":"block","angle":45,"time":109},{"type":"block","angle":60,"time":109.25},{"type":"block","angle":75,"time":109.75},{"angle":30,"type":"side","tap":true,"time":110},{"type":"block","angle":45,"time":109.5},{"type":"block","angle":345,"time":110.25},{"type":"block","angle":360,"time":110.25},{"type":"block","angle":345,"time":110.625},{"type":"block","angle":360,"time":110.625},{"type":"inverse","angle":15,"time":110},{"type":"inverse","angle":45,"time":109.75},{"type":"inverse","angle":75,"time":109.5},{"type":"inverse","angle":45,"time":109.25},{"type":"inverse","angle":15,"time":109.125},{"type":"inverse","angle":45,"time":108.875},{"type":"inverse","angle":75,"time":108.75},{"type":"inverse","angle":45,"time":108.5},{"type":"inverse","angle":15,"time":108.375},{"type":"block","angle":15,"time":110.875},{"type":"block","angle":30,"time":110.875},{"type":"block","angle":60,"time":111.125},{"type":"block","angle":75,"time":111.125},{"type":"block","angle":45,"time":111.5},{"type":"block","angle":30,"time":111.5},{"type":"block","angle":15,"time":111.75},{"type":"block","angle":0,"time":111.75},{"type":"inverse","angle":345,"time":111.625},{"type":"inverse","angle":345,"time":111.75},{"type":"inverse","angle":360,"time":111.875},{"type":"inverse","angle":15,"time":112},{"type":"inverse","angle":30,"time":112.125},{"type":"inverse","angle":15,"time":112.25},{"type":"inverse","angle":360,"time":112.375},{"type":"inverse","angle":345,"time":112.5},{"type":"inverse","angle":0,"time":112.625},{"type":"inverse","angle":15,"time":112.75},{"type":"inverse","angle":30,"time":112.875},{"type":"inverse","angle":15,"time":113},{"type":"inverse","angle":0,"time":113.125},{"type":"inverse","angle":345,"time":113.25},{"type":"extraTap","angle":0,"time":113.25},{"type":"block","angle":360,"time":113.5},{"type":"block","angle":345,"time":113.5},{"type":"block","angle":330,"time":113.5},{"type":"block","angle":330,"time":113.875},{"type":"block","angle":0,"time":113.875},{"type":"block","angle":345,"time":114.125},{"type":"block","angle":360,"time":114.375},{"type":"block","angle":30,"time":114.75},{"type":"block","angle":15,"time":115},{"angle":360,"type":"block","tap":true,"time":115.25},{"angle":15,"type":"block","tap":true,"time":115.25},{"angle":30,"type":"block","tap":true,"time":115.25},{"type":"block","angle":15,"time":115.5},{"type":"block","angle":360,"time":115.5},{"type":"block","angle":30,"time":115.5},{"type":"block","angle":360,"time":115.875},{"type":"block","angle":15,"time":115.875},{"type":"block","angle":30,"time":115.875},{"type":"block","angle":0,"time":116.5},{"type":"block","angle":345,"time":116.75},{"type":"block","angle":15,"time":116.125},{"type":"block","angle":15,"time":116.375},{"type":"extraTap","angle":330,"time":117},{"angle":345,"type":"block","tap":true,"time":117},{"angle":0,"type":"block","tap":true,"time":117},{"angle":15,"type":"block","tap":true,"time":117},{"type":"block","angle":15,"time":117.375},{"type":"block","angle":45,"time":117.625},{"type":"block","angle":75,"time":117.875},{"type":"block","angle":75,"time":118.25},{"type":"block","angle":60,"time":118.25},{"type":"block","angle":90,"time":118.25},{"type":"side","angle":30,"time":118.625},{"type":"side","angle":345,"time":118.875},{"type":"block","angle":15,"time":119.125},{"type":"block","angle":30,"time":119.375},{"type":"block","angle":90,"time":119.75},{"type":"block","angle":45,"time":120},{"type":"inverse","angle":75,"time":120},{"type":"inverse","angle":60,"time":119.875},{"type":"inverse","angle":45,"time":119.75},{"type":"inverse","angle":60,"time":119.625},{"type":"inverse","angle":75,"time":119.5},{"type":"inverse","angle":60,"time":119.375},{"type":"inverse","angle":45,"time":119.25},{"type":"block","angle":45,"time":120.375},{"type":"block","angle":60,"time":120.375},{"type":"block","angle":75,"time":120.375},{"type":"extraTap","angle":30,"time":120.375},{"duration":0.375,"angle":60,"type":"hold","angle2":90,"time":120.625},{"duration":0.375,"angle":75,"type":"hold","angle2":90,"time":120.625},{"duration":0.375,"angle":45,"type":"hold","angle2":90,"time":120.625},{"duration":0.75,"angle":90,"type":"hold","angle2":60,"time":121},{"duration":0.75,"angle":60,"type":"hold","angle2":90,"time":121.75},{"type":"block","angle":90,"time":122.5},{"angle":45,"type":"side","tap":true,"time":122.75},{"type":"block","angle":15,"time":123},{"type":"block","angle":0,"time":123.25},{"type":"block","angle":15,"time":123.5},{"type":"block","angle":30,"time":123.75},{"type":"block","angle":15,"time":124},{"type":"block","angle":0,"time":124.125},{"type":"block","angle":345,"time":124.25},{"type":"block","angle":360,"time":124.375},{"duration":1.125,"angle":15,"type":"hold","angle2":-75,"time":124.5},{"duration":1.125,"angle":285,"type":"hold","angle2":450,"endTap":true,"time":125.625},{"type":"extraTap","angle":105,"time":126.75},{"type":"block","angle":90,"time":127},{"type":"block","angle":120,"time":127.25},{"type":"block","angle":135,"time":127.75},{"type":"block","angle":105,"time":127.5},{"type":"block","angle":75,"time":128},{"type":"block","angle":135,"time":128.25},{"type":"block","angle":135,"time":128.5},{"angle":75,"type":"side","tap":true,"time":128.75},{"duration":1,"angle":45,"type":"hold","angle2":225,"time":129},{"startTap":true,"angle":225,"endTap":true,"type":"hold","angle2":45,"duration":1,"time":130},{"type":"block","angle":45,"time":131.25},{"type":"block","angle":60,"time":131.5},{"type":"block","angle":45,"time":131.625},{"type":"block","angle":60,"time":131.875},{"duration":1.25,"angle":45,"type":"hold","angle2":-315,"time":132.125},{"type":"block","angle":30,"time":133.75},{"type":"block","angle":45,"time":133.75},{"duration":0.375,"angle":45,"type":"hold","angle2":0,"time":133.75},{"type":"block","angle":60,"time":133.75},{"duration":0.5,"angle":360,"type":"hold","angle2":405,"time":134.125},{"duration":0.375,"angle":45,"type":"hold","angle2":15,"time":134.625},{"type":"block","angle":15,"time":135.25},{"type":"block","angle":0,"time":135.25},{"type":"block","angle":30,"time":135.25},{"type":"block","angle":180,"time":135.25},{"type":"block","angle":195,"time":135.25},{"type":"block","angle":210,"time":135.25},{"type":"block","angle":150,"time":135.75},{"type":"block","angle":135,"time":135.75},{"type":"block","angle":120,"time":135.75},{"type":"block","angle":330,"time":135.75},{"type":"block","angle":315,"time":135.75},{"type":"block","angle":300,"time":135.75},{"type":"block","angle":105,"time":136.25},{"type":"block","angle":90,"time":136.25},{"type":"block","angle":75,"time":136.25},{"type":"block","angle":285,"time":136.25},{"type":"block","angle":270,"time":136.25},{"type":"block","angle":255,"time":136.25},{"duration":1.25,"angle":270,"type":"hold","angle2":450,"time":136.5},{"duration":1.25,"angle":90,"type":"hold","angle2":270,"time":136.5},{"type":"mine","angle":105,"time":135.25},{"type":"mine","angle":90,"time":135.25},{"type":"mine","angle":120,"time":135.25},{"type":"mine","angle":300,"time":135.25},{"type":"mine","angle":285,"time":135.25},{"type":"mine","angle":270,"time":135.25},{"type":"mine","angle":210,"time":135.75},{"type":"mine","angle":240,"time":135.75},{"type":"mine","angle":225,"time":135.75},{"type":"mine","angle":30,"time":135.75},{"type":"mine","angle":45,"time":135.75},{"type":"mine","angle":60,"time":135.75},{"type":"mine","angle":360,"time":136.25},{"type":"mine","angle":345,"time":136.25},{"type":"mine","angle":15,"time":136.25},{"type":"mine","angle":165,"time":136.25},{"type":"mine","angle":195,"time":136.25},{"type":"mine","angle":180,"time":136.25},{"type":"block","angle":0,"time":139.5},{"type":"block","angle":0,"time":139.875},{"type":"block","angle":360,"time":140.125},{"type":"block","angle":0,"time":140.375},{"type":"block","angle":0,"time":140.75},{"type":"block","angle":345,"time":141.25},{"type":"block","angle":0,"time":141.25},{"type":"block","angle":15,"time":141.25},{"type":"block","angle":345,"time":141.5},{"type":"block","angle":0,"time":141.375},{"type":"block","angle":15,"time":141.5},{"type":"inverse","angle":15,"time":141.625},{"type":"inverse","angle":360,"time":141.5},{"type":"inverse","angle":345,"time":141.375},{"type":"inverse","angle":0,"time":141.25},{"type":"inverse","angle":15,"time":141.125},{"type":"inverse","angle":0,"time":141},{"type":"inverse","angle":0,"time":139.75},{"type":"inverse","angle":15,"time":139.625},{"type":"inverse","angle":0,"time":139.5},{"type":"inverse","angle":345,"time":141.125},{"type":"inverse","angle":15,"time":141.375},{"type":"inverse","angle":345,"time":141.625},{"type":"inverse","angle":360,"time":141.75},{"type":"inverse","angle":345,"time":141.875},{"type":"inverse","angle":15,"time":141.875},{"type":"inverse","angle":360,"time":142},{"type":"inverse","angle":345,"time":142.125},{"type":"inverse","angle":15,"time":142.125},{"type":"block","angle":360,"time":141.625},{"type":"block","angle":345,"time":141.75},{"type":"block","angle":15,"time":141.75},{"type":"block","angle":0,"time":141.875},{"type":"block","angle":0,"time":142.125},{"type":"block","angle":345,"time":142},{"type":"block","angle":15,"time":142},{"type":"block","angle":345,"time":142.25},{"type":"block","angle":15,"time":142.25},{"type":"block","angle":0,"time":142.375},{"type":"block","angle":345,"time":142.5},{"type":"block","angle":15,"time":142.5},{"type":"block","angle":0,"time":142.625},{"type":"block","angle":345,"time":142.75},{"type":"block","angle":15,"time":142.75},{"type":"block","angle":0,"time":142.875},{"type":"inverse","angle":345,"time":142.375},{"type":"inverse","angle":360,"time":142.25},{"type":"inverse","angle":15,"time":142.375},{"type":"inverse","angle":0,"time":142.5},{"type":"inverse","angle":345,"time":142.625},{"type":"inverse","angle":0,"time":142.75},{"type":"inverse","angle":15,"time":142.625},{"type":"inverse","angle":15,"time":142.875},{"type":"inverse","angle":345,"time":142.875},{"type":"block","angle":0,"time":141.125},{"type":"block","angle":345,"time":143},{"type":"block","angle":15,"time":143},{"type":"block","angle":0,"time":143.125},{"type":"block","angle":345,"time":143.25},{"type":"block","angle":15,"time":143.25},{"type":"block","angle":0,"time":143.375},{"type":"inverse","angle":345,"time":143.125},{"type":"inverse","angle":360,"time":143},{"type":"inverse","angle":15,"time":143.125},{"type":"inverse","angle":0,"time":143.25},{"type":"inverse","angle":15,"time":143.375},{"type":"inverse","angle":345,"time":143.375},{"type":"block","angle":0,"time":143.75},{"type":"block","angle":0,"time":144},{"type":"block","angle":360,"time":144.25},{"type":"block","angle":0,"time":144.625},{"type":"block","angle":0,"time":144.875},{"type":"block","angle":0,"time":145.125},{"type":"block","angle":0,"time":145.5},{"type":"block","angle":0,"time":145.75},{"type":"block","angle":0,"time":146},{"type":"block","angle":345,"time":146.375},{"type":"block","angle":360,"time":146.375},{"type":"block","angle":15,"time":146.375},{"type":"block","angle":345,"time":146.625},{"type":"block","angle":360,"time":146.625},{"type":"block","angle":15,"time":146.625},{"type":"block","angle":345,"time":147},{"type":"block","angle":0,"time":147},{"type":"block","angle":15,"time":147},{"type":"block","angle":345,"time":147.25},{"type":"block","angle":360,"time":147.25},{"type":"block","angle":15,"time":147.25},{"type":"block","angle":345,"time":147.5},{"type":"block","angle":360,"time":147.5},{"type":"block","angle":15,"time":147.5},{"type":"block","angle":345,"time":147.875},{"type":"block","angle":0,"time":147.875},{"type":"block","angle":15,"time":147.875},{"type":"block","angle":345,"time":148.125},{"type":"block","angle":0,"time":148.125},{"type":"block","angle":15,"time":148.125},{"type":"block","angle":345,"time":148.375},{"type":"block","angle":0,"time":148.375},{"type":"block","angle":15,"time":148.375},{"type":"block","angle":345,"time":148.75},{"type":"block","angle":0,"time":148.75},{"type":"block","angle":15,"time":148.75},{"type":"block","angle":345,"time":149},{"type":"block","angle":360,"time":149},{"type":"block","angle":15,"time":149},{"type":"block","angle":345,"time":149.25},{"type":"block","angle":0,"time":149.25},{"type":"block","angle":15,"time":149.25},{"type":"block","angle":345,"time":149.625},{"type":"block","angle":0,"time":149.625},{"type":"block","angle":15,"time":149.625},{"type":"block","angle":345,"time":149.875},{"type":"block","angle":0,"time":149.875},{"type":"block","angle":15,"time":149.875},{"type":"block","angle":345,"time":150.125},{"type":"block","angle":0,"time":150.125},{"type":"block","angle":15,"time":150.125},{"type":"block","angle":345,"time":150.5},{"type":"block","angle":0,"time":150.5},{"type":"block","angle":15,"time":150.5},{"type":"block","angle":345,"time":150.75},{"type":"block","angle":0,"time":150.75},{"type":"block","angle":15,"time":150.75},{"type":"block","angle":345,"time":151},{"type":"block","angle":0,"time":151},{"type":"block","angle":15,"time":151},{"type":"block","angle":345,"time":151.375},{"type":"block","angle":360,"time":151.375},{"type":"block","angle":15,"time":151.375},{"type":"block","angle":345,"time":151.625},{"type":"block","angle":360,"time":151.625},{"type":"block","angle":15,"time":151.625},{"type":"block","angle":345,"time":151.875},{"type":"block","angle":0,"time":151.875},{"type":"block","angle":15,"time":151.875},{"type":"block","angle":345,"time":152.25},{"type":"block","angle":0,"time":152.25},{"type":"block","angle":15,"time":152.25},{"type":"block","angle":345,"time":152.5},{"type":"block","angle":360,"time":152.5},{"type":"block","angle":15,"time":152.5},{"type":"block","angle":345,"time":152.75},{"type":"block","angle":360,"time":152.75},{"type":"block","angle":15,"time":152.75},{"type":"block","angle":345,"time":153.125},{"type":"block","angle":0,"time":153.125},{"type":"block","angle":15,"time":153.125},{"type":"block","angle":345,"time":153.375},{"type":"block","angle":360,"time":153.375},{"type":"block","angle":15,"time":153.375},{"type":"block","angle":345,"time":153.625},{"type":"block","angle":0,"time":153.625},{"type":"block","angle":15,"time":153.625},{"type":"block","angle":345,"time":154},{"type":"block","angle":15,"time":154.25},{"type":"block","angle":15,"time":154.5},{"type":"block","angle":345,"time":154.875},{"type":"block","angle":15,"time":155.125},{"type":"block","angle":15,"time":155.375},{"type":"block","angle":360,"time":155.625},{"type":"block","angle":345,"time":155.75},{"type":"block","angle":15,"time":155.75},{"type":"block","angle":0,"time":155.875},{"type":"extraTap","angle":30,"time":155.875}]