{"metadata":{"artistLink":"","songName":"End of the line_","artist":"Noteblock","charter":"Klima","bg":true,"description":"Wowzers! its undertale v2","difficulty":5,"bgData":{"redChannel":{"b":255,"r":255,"g":255},"blueChannel":{"b":0,"r":0,"g":0},"image":"Axis.png"}},"events":[{"color":0,"angle":202.5,"type":"setBgColor","time":-8},{"b":0,"angle":180,"color":0,"type":"setColor","g":0,"r":0,"time":-8},{"b":0,"angle":157.5,"g":221,"type":"setColor","color":2,"r":0,"time":-8},{"b":0,"angle":135,"color":3,"type":"setColor","g":248,"r":255,"time":-8},{"b":0,"angle":112.5,"color":1,"type":"setColor","g":162,"r":57,"time":-8},{"id":"1","y":225,"ease":"outBack","type":"deco","sprite":"Thing.png","angle":90,"recolor":1,"outline":true,"x":0,"drawLayer":"bg","time":-8},{"id":"2","y":-225,"x":0,"sprite":"Thing2.png","ease":"outBack","angle":67.5,"recolor":1,"outline":true,"type":"deco","drawLayer":"bg","time":-8},{"id":"3","sx":0.37000000476837,"sy":0.37000000476837,"type":"deco","drawLayer":"fg","y":163,"angle":45,"recolor":0,"sprite":"Cover.png","x":285,"drawOrder":0,"time":-8},{"color":2,"enable":true,"type":"outline","angle":225,"time":-8},{"volume":1,"angle":22.5,"file":"Line.ogg","type":"play","bpm":100,"time":0},{"id":"4","y":133,"sprite":"Justice.png","type":"deco","angle":22.5,"recolor":3,"drawOrder":1,"x":249,"drawLayer":"fg","time":-8},{"color":1,"chance":0.98000001907349,"type":"noise","angle":0,"time":-8},{"angle":75,"type":"setBPM","bpm":100,"time":9.3333330154419},{"angle":330,"type":"setBPM","bpm":70,"time":102.625},{"angle":30,"type":"setBPM","bpm":95,"time":105.125},{"paddles":2,"angle":15,"type":"paddleCount","time":135.125},{"paddles":1,"angle":90,"type":"paddleCount","time":137.875},{"type":"showResults","angle":0,"time":156.375}],"properties":{"offset":6.5,"startBeat":0,"speed":95,"formatversion":10}}