[{"time":2.125,"type":"block","angle":345.31121826172},{"time":2.625,"type":"block","angle":271.04162597656},{"time":6.625,"type":"block","angle":301.33538818359},{"tap":true,"angle":322.02471923828,"time":7.125,"type":"block"},{"time":7.625,"type":"block","angle":2.7119834423065},{"time":3.125,"type":"block","angle":84.438171386719},{"time":3.625,"type":"block","angle":341.65017700195},{"time":4.125,"type":"block","angle":31.890790939331},{"time":8.125,"type":"block","angle":38.659809112549},{"time":9.625,"type":"block","angle":118.63507843018},{"time":11.125,"type":"block","angle":220.6012878418},{"time":11.625,"type":"block","angle":242.66073608398},{"time":10.125,"type":"block","angle":171.48057556152},{"tap":true,"angle":188.95106506348,"time":10.625,"type":"block"},{"type":"hold","time":4.625,"angle2":398.37185668945,"angle":352.37185668945,"duration":0.25},{"time":5.625,"type":"block","angle":65.324165344238},{"type":"hold","time":8.625,"angle2":99.390365600586,"angle":65.390365600586,"duration":0.25},{"time":12.125,"type":"block","angle":277.63754272461},{"type":"hold","time":12.625,"angle2":328.31469726563,"angle":298.31469726563,"duration":0.25},{"time":13.625,"type":"block","angle":27.394508361816},{"time":4.625,"type":"extraTap","angle":335.85772705078},{"time":8.625,"type":"extraTap","angle":51.801315307617},{"time":12.625,"type":"extraTap","angle":289.70083618164},{"time":3.625,"type":"extraTap","angle":14.360631942749},{"time":14.625,"type":"block","angle":328.52612304688},{"time":15.125,"type":"block","angle":349.17172241211},{"time":15.625,"type":"block","angle":46.367847442627},{"time":16.125,"type":"block","angle":79.478591918945},{"type":"hold","time":16.625,"angle2":117.85975646973,"angle":96.859756469727,"duration":0.25},{"tap":true,"angle":131.7682800293,"time":17.625,"type":"block"},{"time":18.125,"type":"block","angle":181.34262084961},{"time":16.625,"type":"extraTap","angle":93.267837524414},{"type":"hold","time":18.625,"angle2":250.64237976074,"angle":212.64237976074,"duration":0.5},{"time":18.625,"type":"extraTap","angle":202.70387268066},{"tap":true,"angle":276.73693847656,"time":19.625,"type":"block"},{"type":"hold","time":20.125,"angle2":313.64443969727,"angle":297.64443969727,"duration":0.5},{"time":20.625,"type":"extraTap","angle":318.33633422852},{"time":20.875,"type":"block","angle":319.93640136719},{"time":21.625,"type":"block","angle":23.294563293457},{"time":21.625,"type":"extraTap","angle":32.230712890625},{"tap":true,"angle":38.524383544922,"time":22.625,"type":"block"},{"time":23.625,"type":"block","angle":6.7745785713196},{"time":23.625,"type":"extraTap","angle":358.38735961914},{"time":23.125,"type":"block","angle":322.42324829102},{"time":24.125,"type":"block","angle":18.325519561768},{"type":"hold","time":24.625,"angle2":313.38012695313,"angle":335.38012695313,"duration":0.25},{"time":24.625,"type":"extraTap","angle":344.76889038086},{"type":"hold","time":25.625,"angle2":359.64237976074,"angle":321.64237976074,"duration":0.5},{"time":25.625,"type":"extraTap","angle":311.70387268066},{"tap":true,"angle":385.73693847656,"time":26.625,"type":"block"},{"type":"hold","time":27.125,"angle2":422.64443969727,"angle":406.64443969727,"duration":0.5},{"time":27.625,"type":"extraTap","angle":427.33633422852},{"time":28.625,"type":"block","angle":132.29456329346},{"time":28.625,"type":"extraTap","angle":141.23071289063},{"tap":true,"angle":147.52438354492,"time":29.625,"type":"block"},{"time":30.625,"type":"block","angle":115.77457857132},{"time":30.625,"type":"extraTap","angle":467.38735961914},{"time":31.125,"type":"block","angle":127.32551956177},{"tap":true,"angle":407.21307373047,"time":32.625,"type":"block"},{"type":"hold","time":31.625,"angle2":422.38012695313,"angle":444.38012695313,"duration":0.5},{"time":31.625,"type":"extraTap","angle":453.76889038086},{"time":28.125,"type":"block","angle":105.49699401855},{"time":28.875,"type":"block","angle":135.75523376465},{"time":32.875,"type":"block","angle":47.366249084473},{"time":33.625,"angle":47.422840118408,"type":"block"},{"time":34.125,"type":"block","angle":359.31121826172},{"time":34.625,"type":"block","angle":285.04162597656},{"time":38.625,"type":"block","angle":315.33538818359},{"tap":true,"angle":336.02471923828,"time":39.125,"type":"block"},{"time":39.625,"type":"block","angle":16.711983442307},{"time":35.125,"type":"block","angle":98.438171386719},{"time":35.625,"type":"block","angle":355.65017700195},{"time":36.125,"type":"block","angle":45.890790939331},{"time":40.125,"type":"block","angle":52.659809112549},{"time":41.625,"type":"block","angle":132.63507843018},{"time":43.125,"type":"block","angle":234.6012878418},{"time":43.625,"type":"block","angle":256.66073608398},{"time":42.125,"type":"block","angle":185.48057556152},{"tap":true,"angle":202.95106506348,"time":42.625,"type":"block"},{"type":"hold","time":36.625,"angle2":412.37185668945,"angle":366.37185668945,"duration":0.25},{"time":37.625,"type":"block","angle":79.324165344238},{"type":"hold","time":40.625,"angle2":113.39036560059,"angle":79.390365600586,"duration":0.25},{"time":44.125,"type":"block","angle":291.63754272461},{"type":"hold","time":44.625,"angle2":342.31469726563,"angle":312.31469726563,"duration":0.25},{"time":45.625,"type":"block","angle":41.394508361816},{"time":36.625,"type":"extraTap","angle":349.85772705078},{"time":40.625,"type":"extraTap","angle":65.801315307617},{"time":44.625,"type":"extraTap","angle":303.70083618164},{"time":35.625,"type":"extraTap","angle":28.360631942749},{"time":46.625,"type":"block","angle":342.52612304688},{"time":47.125,"type":"block","angle":363.17172241211},{"time":47.625,"type":"block","angle":60.367847442627},{"time":48.125,"type":"block","angle":93.478591918945},{"type":"hold","time":48.625,"angle2":131.85975646973,"angle":110.85975646973,"duration":0.25},{"tap":true,"angle":145.7682800293,"time":49.625,"type":"block"},{"time":50.125,"type":"block","angle":195.34262084961},{"time":48.625,"type":"extraTap","angle":107.26783752441},{"type":"hold","time":50.625,"angle2":264.64237976074,"angle":226.64237976074,"duration":0.5},{"time":50.625,"type":"extraTap","angle":216.70387268066},{"tap":true,"angle":290.73693847656,"time":51.625,"type":"block"},{"type":"hold","time":52.125,"angle2":327.64443969727,"angle":311.64443969727,"duration":0.5},{"time":52.625,"type":"extraTap","angle":332.33633422852},{"time":52.875,"type":"block","angle":333.93640136719},{"time":53.625,"type":"block","angle":37.294563293457},{"time":53.625,"type":"extraTap","angle":46.230712890625},{"tap":true,"angle":52.524383544922,"time":54.625,"type":"block"},{"time":55.625,"type":"block","angle":20.77457857132},{"time":55.625,"type":"extraTap","angle":372.38735961914},{"time":55.125,"type":"block","angle":336.42324829102},{"time":56.125,"type":"block","angle":32.325519561768},{"type":"hold","time":56.625,"angle2":327.38012695313,"angle":349.38012695313,"duration":0.25},{"time":56.625,"type":"extraTap","angle":358.76889038086},{"type":"hold","time":57.625,"angle2":373.64237976074,"angle":335.64237976074,"duration":0.5},{"time":57.625,"type":"extraTap","angle":325.70387268066},{"tap":true,"angle":399.73693847656,"time":58.625,"type":"block"},{"type":"hold","time":59.125,"angle2":436.64443969727,"angle":420.64443969727,"duration":0.5},{"time":59.625,"type":"extraTap","angle":441.33633422852},{"time":60.625,"type":"block","angle":146.29456329346},{"time":60.625,"type":"extraTap","angle":155.23071289063},{"tap":true,"angle":161.52438354492,"time":61.625,"type":"block"},{"time":62.625,"type":"block","angle":129.77457857132},{"time":62.625,"type":"extraTap","angle":481.38735961914},{"time":63.125,"type":"block","angle":141.32551956177},{"tap":true,"angle":421.21307373047,"time":64.625,"type":"block"},{"type":"hold","time":63.625,"angle2":436.38012695313,"angle":458.38012695313,"duration":0.5},{"time":63.625,"type":"extraTap","angle":467.76889038086},{"time":60.125,"type":"block","angle":119.49699401855},{"time":60.875,"type":"block","angle":149.75523376465},{"time":64.875,"type":"block","angle":61.366249084473},{"time":65.625,"type":"block","angle":18.422840118408},{"time":66.125,"type":"block","angle":330.31121826172},{"time":66.625,"type":"block","angle":256.04162597656},{"time":70.625,"type":"block","angle":286.33538818359},{"tap":true,"angle":307.02471923828,"time":71.125,"type":"block"},{"time":71.625,"type":"block","angle":-12.288016557693},{"time":67.125,"type":"block","angle":69.438171386719},{"time":67.625,"type":"block","angle":326.65017700195},{"time":68.125,"type":"block","angle":16.890790939331},{"time":72.125,"type":"block","angle":23.659809112549},{"time":73.625,"type":"block","angle":103.63507843018},{"time":75.125,"type":"block","angle":205.6012878418},{"time":75.625,"type":"block","angle":227.66073608398},{"time":74.125,"type":"block","angle":156.48057556152},{"tap":true,"angle":173.95106506348,"time":74.625,"type":"block"},{"type":"hold","time":68.625,"angle2":383.37185668945,"angle":337.37185668945,"duration":0.25},{"time":69.625,"type":"block","angle":50.324165344238},{"type":"hold","time":72.625,"angle2":84.390365600586,"angle":50.390365600586,"duration":0.25},{"time":76.125,"type":"block","angle":262.63754272461},{"type":"hold","time":76.625,"angle2":313.31469726563,"angle":283.31469726563,"duration":0.25},{"time":77.625,"type":"block","angle":12.394508361816},{"time":68.625,"type":"extraTap","angle":320.85772705078},{"time":72.625,"type":"extraTap","angle":36.801315307617},{"time":76.625,"type":"extraTap","angle":274.70083618164},{"time":67.625,"type":"extraTap","angle":-0.639368057251},{"time":78.625,"type":"block","angle":313.52612304688},{"time":79.125,"type":"block","angle":334.17172241211},{"time":79.625,"type":"block","angle":31.367847442627},{"time":80.125,"type":"block","angle":64.478591918945},{"type":"hold","time":80.625,"angle2":102.85975646973,"angle":81.859756469727,"duration":0.25},{"tap":true,"angle":116.7682800293,"time":81.625,"type":"block"},{"time":82.125,"type":"block","angle":166.34262084961},{"time":80.625,"type":"extraTap","angle":78.267837524414},{"type":"hold","time":82.625,"angle2":235.64237976074,"angle":197.64237976074,"duration":0.5},{"time":82.625,"type":"extraTap","angle":187.70387268066},{"tap":true,"angle":261.73693847656,"time":83.625,"type":"block"},{"type":"hold","time":84.125,"angle2":298.64443969727,"angle":282.64443969727,"duration":0.5},{"time":84.625,"type":"extraTap","angle":303.33633422852},{"time":84.875,"type":"block","angle":304.93640136719},{"time":85.625,"type":"block","angle":8.294563293457},{"time":85.625,"type":"extraTap","angle":17.230712890625},{"tap":true,"angle":23.524383544922,"time":86.625,"type":"block"},{"time":87.625,"type":"block","angle":-8.2254214286804},{"time":87.625,"type":"extraTap","angle":343.38735961914},{"time":87.125,"type":"block","angle":307.42324829102},{"time":88.125,"type":"block","angle":3.325519561768},{"type":"hold","time":88.625,"angle2":298.38012695313,"angle":320.38012695313,"duration":0.25},{"time":88.625,"type":"extraTap","angle":329.76889038086},{"type":"hold","time":89.625,"angle2":344.64237976074,"angle":306.64237976074,"duration":0.5},{"time":89.625,"type":"extraTap","angle":296.70387268066},{"tap":true,"angle":370.73693847656,"time":90.625,"type":"block"},{"type":"hold","time":91.125,"angle2":407.64443969727,"angle":391.64443969727,"duration":0.5},{"time":91.625,"type":"extraTap","angle":412.33633422852},{"time":92.625,"type":"block","angle":117.29456329346},{"time":92.625,"type":"extraTap","angle":126.23071289063},{"tap":true,"angle":132.52438354492,"time":93.625,"type":"block"},{"time":94.625,"type":"block","angle":100.77457857132},{"time":94.625,"type":"extraTap","angle":452.38735961914},{"time":95.125,"type":"block","angle":112.32551956177},{"tap":true,"angle":392.21307373047,"time":96.625,"type":"block"},{"type":"hold","time":95.625,"angle2":407.38012695313,"angle":429.38012695313,"duration":0.5},{"time":95.625,"type":"extraTap","angle":438.76889038086},{"time":92.125,"type":"block","angle":90.49699401855},{"time":92.875,"type":"block","angle":120.75523376465},{"time":96.875,"type":"block","angle":32.366249084473},{"time":97.625,"type":"block","angle":16.076469421387},{"time":65.625,"angle":10.619655609131,"type":"extraTap"},{"time":66.625,"angle":266.30773925781,"type":"extraTap"},{"time":33.625,"angle":57.302352905273,"type":"extraTap"},{"time":34.625,"angle":292.20498657227,"type":"extraTap"},{"time":2.625,"angle":278.08572387695,"type":"extraTap"},{"time":5.625,"angle":59.544628143311,"type":"extraTap"},{"time":11.625,"angle":247.2048034668,"type":"extraTap"},{"time":13.625,"angle":19.870515823364,"type":"extraTap"},{"time":43.625,"angle":260.59078979492,"type":"extraTap"},{"time":15.625,"angle":39.83540725708,"type":"extraTap"}]