{"properties":{"startBeat":0,"speed":70,"formatversion":12,"offset":8},"events":[{"type":"play","bpm":80,"time":2,"volume":1,"file":"memory.ogg","angle":0},{"angle":52.036975860596,"time":-8,"color":1,"type":"setBgColor"},{"recolor":-1,"angle":22.194776535034,"time":-8,"drawLayer":"bg","x":141,"id":"light","sprite":"light.png","y":0,"type":"deco"},{"spriteName":"none","angle":357.17520141602,"time":-8,"type":"forcePlayerSprite"},{"enable":true,"type":"outline","time":-8,"color":0,"angle":270},{"sx":1,"sy":1,"angle":331.23379516602,"time":-8,"ox":0.99400001764297,"oy":0,"recolor":1,"x":292.50201416016,"id":"soul","outline":true,"sprite":"soul.png","type":"deco","y":173},{"r":0,"b":0,"type":"setColor","time":-8,"color":1,"g":0,"angle":298.07247924805},{"recolor":-1,"angle":236.56251525879,"time":-8,"drawLayer":"bg","drawOrder":1,"outline":true,"id":"rock","y":75,"sprite":"rock.png","type":"deco","x":282},{"r":166,"b":77,"type":"setColor","time":-8,"color":2,"g":80,"angle":133.40155029297},{"r":128,"b":128,"type":"setColor","time":-8,"color":0,"g":128,"angle":77.343536376953},{"r":64,"b":64,"type":"setColor","time":-8,"color":3,"g":64,"angle":101.94592285156},{"tag":"rain","time":2,"angleOffset":false,"type":"tag","angle":359.17874145508},{"tag":"rain","time":3,"angleOffset":false,"type":"tag","angle":359.52325439453},{"tag":"rain","time":4,"angleOffset":false,"type":"tag","angle":359.17874145508},{"tag":"rain","time":5,"angleOffset":false,"type":"tag","angle":359.52325439453},{"tag":"rain","time":6,"angleOffset":false,"type":"tag","angle":359.17874145508},{"tag":"rain","time":7,"angleOffset":false,"type":"tag","angle":359.52325439453},{"tag":"rain","time":8,"angleOffset":false,"type":"tag","angle":359.17874145508},{"tag":"rain","time":9,"angleOffset":false,"type":"tag","angle":359.52325439453},{"tag":"rain","time":10,"angleOffset":false,"type":"tag","angle":359.17874145508},{"tag":"rain","time":11,"angleOffset":false,"type":"tag","angle":359.52325439453},{"tag":"rain","time":12,"angleOffset":false,"type":"tag","angle":359.17874145508},{"tag":"rain","time":13,"angleOffset":false,"type":"tag","angle":359.52325439453},{"tag":"rain","time":14,"angleOffset":false,"type":"tag","angle":359.17874145508},{"hide":true,"type":"deco","time":18.125,"angle":174.01351928711,"id":"rock"},{"recolor":-1,"angle":167.65699768066,"time":18.125,"drawLayer":"bg","drawOrder":1,"outline":true,"id":"umbrock","y":63,"sprite":"umbrock.png","type":"deco","x":282},{"tag":"rain","time":15,"angleOffset":false,"type":"tag","angle":359.52325439453},{"r":0,"type":"deco","time":16.643075942993,"x":283,"y":63,"angle":163.09893798828,"id":"umb","ease":"inSine","duration":1.5},{"ease":"linear","id":"umb","type":"deco","time":18.125,"angle":160.75396728516,"duration":0,"y":-40},{"r":40,"type":"deco","time":15.5,"x":351,"id":"umb","sprite":"umb.png","y":-40,"angle":161.28077697754},{"tag":"rain","time":16,"angleOffset":false,"type":"tag","angle":357.74597167969},{"tag":"rain","time":17,"angleOffset":false,"type":"tag","angle":358.42633056641},{"tag":"rain","time":34,"angleOffset":false,"type":"tag","angle":373.17874145508},{"tag":"rain","time":35,"angleOffset":false,"type":"tag","angle":373.52325439453},{"tag":"rain","time":36,"angleOffset":false,"type":"tag","angle":373.17874145508},{"tag":"rain","time":37,"angleOffset":false,"type":"tag","angle":373.52325439453},{"tag":"rain","time":38,"angleOffset":false,"type":"tag","angle":373.17874145508},{"tag":"rain","time":39,"angleOffset":false,"type":"tag","angle":373.52325439453},{"tag":"rain","time":40,"angleOffset":false,"type":"tag","angle":373.17874145508},{"tag":"rain","time":41,"angleOffset":false,"type":"tag","angle":373.52325439453},{"tag":"rain","time":42,"angleOffset":false,"type":"tag","angle":373.17874145508},{"tag":"rain","time":43,"angleOffset":false,"type":"tag","angle":373.52325439453},{"tag":"rain","time":44,"angleOffset":false,"type":"tag","angle":373.17874145508},{"tag":"rain","time":45,"angleOffset":false,"type":"tag","angle":373.52325439453},{"tag":"rain","time":46,"angleOffset":false,"type":"tag","angle":373.17874145508},{"tag":"rain","time":47,"angleOffset":false,"type":"tag","angle":373.52325439453},{"tag":"rain","time":48,"angleOffset":false,"type":"tag","angle":371.74597167969},{"tag":"rain","time":49,"angleOffset":false,"type":"tag","angle":372.42633056641},{"type":"tag","time":66,"angleOffset":false,"tag":"rain","angle":344.17874145508},{"angle":344.52325439453,"time":67,"angleOffset":false,"tag":"rain","type":"tag"},{"angle":344.17874145508,"time":68,"angleOffset":false,"tag":"rain","type":"tag"},{"angle":344.52325439453,"time":69,"angleOffset":false,"tag":"rain","type":"tag"},{"angle":344.17874145508,"time":70,"angleOffset":false,"tag":"rain","type":"tag"},{"angle":344.52325439453,"time":71,"angleOffset":false,"tag":"rain","type":"tag"},{"angle":344.17874145508,"time":72,"angleOffset":false,"tag":"rain","type":"tag"},{"angle":344.52325439453,"time":73,"angleOffset":false,"tag":"rain","type":"tag"},{"angle":344.17874145508,"time":74,"angleOffset":false,"tag":"rain","type":"tag"},{"angle":344.52325439453,"time":75,"angleOffset":false,"tag":"rain","type":"tag"},{"angle":344.17874145508,"time":76,"angleOffset":false,"tag":"rain","type":"tag"},{"angle":344.52325439453,"time":77,"angleOffset":false,"tag":"rain","type":"tag"},{"angle":344.17874145508,"time":78,"angleOffset":false,"tag":"rain","type":"tag"},{"angle":344.52325439453,"time":79,"angleOffset":false,"tag":"rain","type":"tag"},{"angle":342.74597167969,"time":80,"angleOffset":false,"tag":"rain","type":"tag"},{"angle":343.42633056641,"time":81,"angleOffset":false,"tag":"rain","type":"tag"},{"time":100.25,"angle":4.9144172668457,"type":"showResults"}],"metadata":{"artistLink":"","description":"Memory - Undertale.","artist":"Toby Fox","charter":"By: newqu","songName":"Memory","bgData":{"redChannel":{"r":166,"b":77,"g":80},"blueChannel":{"r":64,"b":64,"g":64},"image":"menubg.png"},"difficulty":1,"bg":true}}