[{"angle":270,"time":52,"type":"block"},{"angle":258.75,"time":52.25,"type":"block"},{"angle":247.5,"time":52.5,"type":"block"},{"angle":236.25,"time":52.75,"type":"block"},{"angle":225,"time":53,"type":"block"},{"angle":213.75,"time":53.25,"type":"block"},{"angle":202.5,"time":53.5,"type":"block"},{"angle":191.25,"time":53.75,"type":"block"},{"angle":180,"time":54,"type":"block"},{"angle":168.75,"time":54.25,"type":"block"},{"angle":157.5,"time":54.5,"type":"block"},{"angle":146.25,"time":54.75,"type":"block"},{"angle":135,"time":55,"type":"block"},{"angle":270,"time":-0,"type":"block"},{"angle":270,"time":1,"type":"block"},{"angle":270,"time":1.5,"type":"block"},{"angle":270,"time":3,"type":"block"},{"angle":270,"time":68.5,"type":"block"},{"angle":270,"time":70,"type":"block"},{"angle":360,"time":52,"type":"extraTap"},{"angle":270,"time":54,"type":"extraTap"},{"angle":270,"time":2,"angle2":303.75,"type":"hold","duration":1},{"angle":270,"time":38,"angle2":360,"type":"hold","duration":2,"startTap":true},{"angle":258.75,"time":0.5,"type":"block"},{"angle":236.25,"time":1,"type":"block"},{"angle":236.25,"time":4,"angle2":202.5,"type":"hold","duration":1},{"angle":281.25,"time":1.5,"type":"block"},{"angle":168.75,"time":6,"angle2":101.25,"type":"hold","duration":1},{"angle":45,"time":8,"type":"block"},{"angle":45,"time":8.5,"type":"block"},{"angle":22.5,"time":8.5,"type":"block"},{"angle":33.75,"time":9,"type":"block"},{"angle":11.25,"time":9.5,"type":"block"},{"angle":33.75,"time":9.5,"type":"block"},{"angle":22.5,"time":10,"angle2":112.5,"type":"hold","duration":1},{"angle":270,"time":12,"type":"side"},{"angle":281.25,"time":12,"type":"side"},{"angle":270,"time":14,"type":"block"},{"angle":281.25,"time":14.5,"type":"block"},{"angle":292.5,"time":14.5,"type":"block"},{"angle":303.75,"time":15,"type":"block"},{"angle":292.5,"time":15,"type":"block"},{"angle":315,"time":15,"type":"block"},{"angle":90,"time":13,"type":"side"},{"angle":101.25,"time":13,"type":"side"},{"angle":180,"time":36,"angle2":270,"type":"hold","duration":2,"startTap":true},{"angle":360,"time":40,"angle2":360,"type":"hold","duration":3,"startTap":true},{"angle":0,"time":44,"angle2":270,"type":"hold","duration":8,"startTap":true},{"angle":270,"time":56,"type":"extraTap"},{"angle":270,"time":58,"type":"extraTap"},{"angle":270,"time":60,"type":"extraTap"},{"angle":270,"time":61,"type":"extraTap"},{"angle":270,"time":62,"type":"extraTap"},{"angle":270,"time":63,"type":"extraTap"},{"angle":270,"time":64,"type":"extraTap"},{"angle":270,"time":65,"type":"extraTap"},{"angle":270,"time":66,"type":"extraTap"},{"angle":270,"time":67,"type":"extraTap"},{"angle":123.75,"time":55.25,"type":"block"},{"angle":112.5,"time":55.5,"type":"block"},{"angle":101.25,"time":55.75,"type":"block"},{"angle":90,"time":56,"type":"block"},{"angle":78.75,"time":56.25,"type":"block"},{"angle":67.5,"time":56.5,"type":"block"},{"angle":56.25,"time":56.75,"type":"block"},{"angle":45,"time":57,"type":"block"},{"angle":33.75,"time":57.25,"type":"block"},{"angle":22.5,"time":57.5,"type":"block"},{"angle":11.25,"time":57.75,"type":"block"},{"angle":0,"time":58,"type":"block"},{"angle":348.75,"time":58.25,"type":"block"},{"angle":337.5,"time":58.5,"type":"block"},{"angle":326.25,"time":58.75,"type":"block"},{"angle":315,"time":59,"type":"block"},{"angle":303.75,"time":59.25,"type":"block"},{"angle":292.5,"time":59.5,"type":"block"},{"angle":281.25,"time":59.75,"type":"block"},{"angle":270,"time":60,"type":"block"},{"angle":258.75,"time":60.25,"type":"block"},{"angle":247.5,"time":60.5,"type":"block"},{"angle":236.25,"time":60.75,"type":"block"},{"angle":225,"time":61,"type":"block"},{"angle":213.75,"time":61.25,"type":"block"},{"angle":202.5,"time":61.5,"type":"block"},{"angle":191.25,"time":61.75,"type":"block"},{"angle":180,"time":62,"type":"block"},{"angle":168.75,"time":62.25,"type":"block"},{"angle":157.5,"time":62.5,"type":"block"},{"angle":146.25,"time":62.75,"type":"block"},{"angle":135,"time":63,"type":"block"},{"angle":123.75,"time":63.25,"type":"block"},{"angle":112.5,"time":63.5,"type":"block"},{"angle":101.25,"time":63.75,"type":"block"},{"angle":90,"time":64,"type":"block"},{"angle":78.75,"time":64.25,"type":"block"},{"angle":67.5,"time":64.5,"type":"block"},{"angle":56.25,"time":64.75,"type":"block"},{"angle":45,"time":65,"type":"block"},{"angle":33.75,"time":65.25,"type":"block"},{"angle":22.5,"time":65.5,"type":"block"},{"angle":11.25,"time":65.75,"type":"block"},{"angle":0,"time":66,"type":"block"},{"angle":348.75,"time":66.25,"type":"block"},{"angle":337.5,"time":66.5,"type":"block"},{"angle":326.25,"time":66.75,"type":"block"},{"angle":315,"time":67,"type":"block"},{"angle":270,"time":15,"angle2":213.75,"type":"hold","duration":1},{"angle":11.25,"time":17.5,"type":"side"},{"angle":22.5,"time":17.5,"type":"side"},{"angle":0,"time":17.5,"type":"side"},{"angle":11.25,"time":18,"angle2":45,"type":"hold","duration":1},{"angle":191.25,"time":16.5,"angle2":135,"type":"hold","duration":0.5},{"angle":101.25,"time":20,"angle2":168.75,"type":"hold","duration":1},{"angle":225,"time":22,"angle2":337.5,"type":"hold","duration":1},{"angle":22.5,"time":24,"type":"block"},{"angle":33.75,"time":24,"type":"block"},{"angle":45,"time":24,"type":"block"},{"angle":168.75,"time":25.5,"type":"block"},{"angle":157.5,"time":25.5,"type":"block"},{"angle":146.25,"time":25.5,"type":"block"},{"angle":191.25,"time":26,"type":"block"},{"angle":202.5,"time":26,"type":"block"},{"angle":213.75,"time":26,"type":"block"},{"angle":270,"time":27,"type":"side"},{"angle":281.25,"time":27,"type":"side"},{"angle":258.75,"time":27,"type":"side"},{"angle":258.75,"time":28,"type":"side"},{"angle":281.25,"time":28,"type":"side"},{"angle":270,"time":28,"type":"side"},{"angle":90,"time":35,"type":"block"},{"angle":360,"time":34,"type":"block"},{"angle":180,"time":32,"type":"block"},{"angle":360,"time":32,"type":"mine"},{"angle":90,"time":33,"type":"mine"},{"angle":270,"time":33,"type":"block"},{"angle":180,"time":34,"type":"mine"},{"angle":270,"time":35,"type":"mine"},{"angle":281.25,"time":69,"type":"block"},{"angle":258.75,"time":69.5,"type":"block"},{"angle":90,"time":76,"angle2":135,"type":"hold","duration":2},{"angle":270,"time":74,"type":"side"},{"angle":90,"time":75,"type":"side"},{"angle":225,"time":70.5,"type":"block"},{"angle":135,"time":71,"type":"block"},{"angle":45,"time":71.5,"type":"block"},{"angle":315,"time":72,"type":"block"},{"angle":270,"time":72.5,"type":"block"},{"angle":90,"time":73,"type":"block"},{"angle":22.5,"time":27,"type":"mine"},{"angle":157.5,"time":28,"type":"mine"},{"angle":135,"time":78,"angle2":-78.75,"type":"hold","duration":2},{"angle":180,"time":104,"angle2":225,"type":"hold","duration":0.5},{"angle":225,"time":104.5,"angle2":168.75,"type":"hold","duration":0.5},{"angle":168.75,"time":105,"angle2":236.25,"type":"hold","duration":0.5},{"angle":236.25,"time":105.5,"angle2":202.5,"type":"hold","duration":0.5},{"angle":202.5,"time":106,"angle2":135,"type":"hold","duration":0.5,"holdEase":"inBack"},{"angle":135,"time":106.5,"angle2":168.75,"type":"hold","duration":0.5},{"angle":168.75,"time":107,"angle2":146.25,"type":"hold","duration":0.5},{"angle":270,"time":76,"angle2":315,"type":"mineHold","duration":2},{"angle":315,"time":78,"angle2":101.25,"type":"mineHold","duration":2},{"angle":112.5,"time":77,"type":"block"},{"angle":33.75,"time":79,"type":"block"},{"angle":281.25,"time":80,"angle2":427.5,"type":"hold","duration":2,"holdEase":"inBack"},{"angle":67.5,"time":82,"angle2":236.25,"type":"hold","duration":2,"holdEase":"inOutQuart"},{"angle":236.25,"time":84,"angle2":-45,"type":"hold","duration":2,"holdEase":"inCubic"},{"angle":315,"time":86,"angle2":67.5,"type":"hold","duration":2,"holdEase":"inSine"},{"angle":270,"time":81,"type":"block"},{"angle":146.25,"time":83,"type":"block"},{"angle":202.5,"time":85,"type":"block"},{"angle":247.5,"time":87,"type":"block"},{"angle":101.25,"time":80,"angle2":258.75,"type":"mineHold","duration":2,"holdEase":"inBack"},{"angle":258.75,"time":82,"angle2":416.25,"type":"mineHold","duration":2,"holdEase":"inOutQuart"},{"angle":56.25,"time":84,"angle2":-225,"type":"mineHold","duration":2,"holdEase":"inCubic"},{"angle":135,"time":86,"angle2":-112.5,"type":"mineHold","duration":2,"holdEase":"inSine"},{"angle":67.5,"time":88,"angle2":168.75,"type":"hold","duration":1,"holdEase":"inCubic"},{"angle":168.75,"time":89,"angle2":123.75,"type":"hold","duration":1,"holdEase":"inBack"},{"angle":123.75,"time":90,"angle2":281.25,"type":"hold","duration":1},{"angle":281.25,"time":91,"angle2":33.75,"type":"hold","duration":1},{"angle":33.75,"time":92,"angle2":157.5,"type":"hold","duration":2,"holdEase":"inOutQuint"},{"angle":157.5,"time":94,"angle2":303.75,"type":"hold","duration":2,"holdEase":"inQuint"},{"angle":303.75,"time":96,"angle2":247.5,"type":"hold","duration":2,"holdEase":"inBack"},{"angle":247.5,"time":98,"angle2":607.5,"type":"hold","duration":2,"holdEase":"inSine"},{"angle":247.5,"time":100,"angle2":303.75,"type":"hold","duration":2,"holdEase":"outCubic"},{"angle":303.75,"time":102,"angle2":540,"type":"hold","duration":2,"holdEase":"inQuad"},{"angle":95.625,"time":93,"type":"block"},{"angle":163.125,"time":95,"type":"block"},{"angle":309.375,"time":97,"type":"block"},{"angle":354.375,"time":99,"type":"block"},{"angle":298.125,"time":101,"type":"block"},{"angle":0,"time":103,"type":"block"},{"angle":95.625,"time":76.25,"type":"inverse"},{"angle":101.25,"time":76.5,"type":"inverse"},{"angle":106.875,"time":76.75,"type":"inverse"},{"angle":118.125,"time":77.25,"type":"inverse"},{"angle":123.75,"time":77.5,"type":"inverse"},{"angle":129.375,"time":77.75,"type":"inverse"},{"angle":106.875,"time":78.25,"type":"inverse"},{"angle":78.75,"time":78.5,"type":"inverse"},{"angle":56.25,"time":78.75,"type":"inverse"},{"angle":360,"time":79.25,"type":"inverse"},{"angle":331.875,"time":79.5,"type":"inverse"},{"angle":309.375,"time":79.75,"type":"inverse"},{"angle":277.98165893555,"time":80.25,"type":"inverse"},{"angle":271.82852172852,"time":80.5,"type":"inverse"},{"angle":267.27047729492,"time":80.75,"type":"inverse"},{"angle":281.25,"time":81.25,"type":"inverse"},{"angle":303.75,"time":81.5,"type":"inverse"},{"angle":354.375,"time":81.75,"type":"inverse"},{"angle":67.5,"time":82.25,"type":"inverse"},{"angle":73.125,"time":82.5,"type":"inverse"},{"angle":95.625,"time":82.75,"type":"inverse"},{"angle":208.125,"time":83.25,"type":"inverse"},{"angle":230.625,"time":83.5,"type":"inverse"},{"angle":236.25,"time":83.75,"type":"inverse"},{"angle":236.25,"time":84.25,"type":"inverse"},{"angle":230.625,"time":84.5,"type":"inverse"},{"angle":219.375,"time":84.75,"type":"inverse"},{"angle":168.75,"time":85.25,"type":"inverse"},{"angle":118.125,"time":85.5,"type":"inverse"},{"angle":45,"time":85.75,"type":"inverse"},{"angle":309.375,"time":86.25,"type":"inverse"},{"angle":298.125,"time":86.5,"type":"inverse"},{"angle":275.625,"time":86.75,"type":"inverse"},{"angle":208.125,"time":87.25,"type":"inverse"},{"angle":163.125,"time":87.5,"type":"inverse"},{"angle":118.125,"time":87.75,"type":"inverse"},{"angle":67.5,"time":88.25,"type":"inverse"},{"angle":78.75,"time":88.5,"type":"inverse"},{"angle":112.5,"time":88.75,"type":"inverse"},{"angle":168.75,"time":89.25,"type":"inverse"},{"angle":174.375,"time":89.5,"type":"inverse"},{"angle":157.5,"time":89.75,"type":"inverse"},{"angle":163.125,"time":90.25,"type":"inverse"},{"angle":202.5,"time":90.5,"type":"inverse"},{"angle":241.875,"time":90.75,"type":"inverse"},{"angle":219.375,"time":91.25,"type":"inverse"},{"angle":157.5,"time":91.5,"type":"inverse"},{"angle":95.625,"time":91.75,"type":"inverse"},{"angle":33.75,"time":92.5,"type":"inverse"},{"angle":33.75,"time":92.25,"type":"inverse"},{"angle":50.625,"time":92.75,"type":"inverse"},{"angle":140.625,"time":93.25,"type":"inverse"},{"angle":157.5,"time":93.5,"type":"inverse"},{"angle":157.5,"time":93.75,"type":"inverse"},{"angle":157.5,"time":94.25,"type":"inverse"},{"angle":157.5,"time":94.5,"type":"inverse"},{"angle":157.5,"time":94.75,"type":"inverse"},{"angle":168.75,"time":95.25,"type":"inverse"},{"angle":191.25,"time":95.5,"type":"inverse"},{"angle":230.625,"time":95.75,"type":"inverse"},{"angle":303.75,"time":96.25,"type":"inverse"},{"angle":309.375,"time":96.5,"type":"inverse"},{"angle":309.375,"time":96.75,"type":"inverse"},{"angle":303.75,"time":97.25,"type":"inverse"},{"angle":292.5,"time":97.5,"type":"inverse"},{"angle":281.25,"time":97.75,"type":"inverse"},{"angle":253.125,"time":98.25,"type":"inverse"},{"angle":275.625,"time":98.5,"type":"inverse"},{"angle":309.375,"time":98.75,"type":"inverse"},{"angle":50.625,"time":99.25,"type":"inverse"},{"angle":106.875,"time":99.5,"type":"inverse"},{"angle":180,"time":99.75,"type":"inverse"},{"angle":264.375,"time":100.25,"type":"inverse"},{"angle":281.25,"time":100.5,"type":"inverse"},{"angle":292.5,"time":100.75,"type":"inverse"},{"angle":298.125,"time":101.25,"type":"inverse"},{"angle":303.75,"time":101.5,"type":"inverse"},{"angle":303.75,"time":101.75,"type":"inverse"},{"angle":309.375,"time":102.25,"type":"inverse"},{"angle":320.625,"time":102.5,"type":"inverse"},{"angle":337.5,"time":102.75,"type":"inverse"},{"angle":39.375,"time":103.25,"type":"inverse"},{"angle":78.75,"time":103.5,"type":"inverse"},{"angle":123.75,"time":103.75,"type":"inverse"},{"angle":180,"time":140,"type":"block"},{"angle":33.75,"time":108,"type":"extraTap"},{"angle":180,"time":108,"angle2":326.25,"type":"hold","duration":2},{"angle":326.25,"time":110,"angle2":225,"type":"hold","duration":1},{"angle":225,"time":111,"angle2":326.25,"type":"hold","duration":1},{"angle":326.25,"time":112,"angle2":-90,"type":"hold","duration":2},{"angle":270,"time":114,"angle2":630,"type":"hold","duration":2},{"angle":270,"time":116,"angle2":-258.75,"type":"hold","duration":3},{"angle":101.25,"time":119,"type":"block"},{"angle":123.75,"time":119.5,"type":"block"},{"angle":360,"time":120,"type":"side"},{"angle":213.75,"time":122,"type":"side"},{"angle":225,"time":122,"type":"side"},{"angle":236.25,"time":122,"type":"side"},{"angle":22.5,"time":120,"type":"side"},{"angle":11.25,"time":120,"type":"side"},{"angle":0,"time":108,"angle2":146.25,"type":"mineHold","duration":2},{"angle":146.25,"time":110,"angle2":33.75,"type":"mineHold","duration":1},{"angle":33.75,"time":111,"angle2":146.25,"type":"mineHold","duration":1},{"angle":146.25,"time":112,"angle2":-270,"type":"mineHold","duration":2},{"angle":0,"time":120.5,"type":"mine"},{"angle":11.25,"time":120.5,"type":"mine"},{"angle":22.5,"time":120.5,"type":"mine"},{"angle":236.25,"time":122.5,"type":"mine"},{"angle":225,"time":122.5,"type":"mine"},{"angle":213.75,"time":122.5,"type":"mine"},{"angle":258.75,"time":121,"angle2":0,"type":"mineHold","duration":0},{"angle":225,"time":123,"angle2":495,"type":"mineHold","duration":0},{"angle":33.75,"time":125,"type":"extraTap"},{"angle":270,"time":125,"angle2":22.5,"type":"hold","duration":1},{"angle":180,"time":124,"angle2":270,"type":"hold","duration":1},{"angle":22.5,"time":127,"type":"extraTap"},{"angle":22.5,"time":130,"type":"extraTap"},{"angle":22.5,"time":131,"type":"extraTap"},{"angle":180,"time":140.5,"type":"block"},{"angle":191.25,"time":141,"type":"block"},{"angle":202.5,"time":141.25,"type":"block"},{"angle":180,"time":141.5,"type":"block"},{"angle":191.25,"time":141.75,"type":"block"},{"angle":225,"time":142,"type":"block"},{"angle":258.75,"time":142.5,"type":"block"},{"angle":292.5,"time":142.75,"type":"block"},{"angle":292.5,"time":143.25,"type":"block"},{"angle":292.5,"time":143.5,"type":"block"},{"angle":292.5,"time":143.75,"type":"block"},{"angle":270,"time":213,"type":"block"},{"angle":258.75,"time":213,"type":"block"},{"angle":281.25,"time":213,"type":"block"},{"angle":180,"time":214,"type":"block"},{"angle":168.75,"time":214,"type":"block"},{"angle":191.25,"time":214,"type":"block"},{"angle":258.75,"time":215,"type":"block"},{"angle":270,"time":215,"type":"block"},{"angle":281.25,"time":215,"type":"block"},{"angle":191.25,"time":217,"type":"block"},{"angle":180,"time":217,"type":"block"},{"angle":168.75,"time":217,"type":"block"},{"angle":348.75,"time":218,"type":"block"},{"angle":0,"time":218,"type":"block"},{"angle":11.25,"time":218,"type":"block"},{"angle":191.25,"time":219,"type":"block"},{"angle":180,"time":219,"type":"block"},{"angle":168.75,"time":219,"type":"block"},{"angle":258.75,"time":221,"type":"block"},{"angle":270,"time":221,"type":"block"},{"angle":281.25,"time":221,"type":"block"},{"angle":101.25,"time":222,"type":"block"},{"angle":90,"time":222,"type":"block"},{"angle":78.75,"time":222,"type":"block"},{"angle":180,"time":223,"type":"block"},{"angle":168.75,"time":223,"type":"block"},{"angle":191.25,"time":223,"type":"block"},{"angle":337.5,"time":213,"angle2":562.5,"type":"mineHold","duration":0},{"angle":247.5,"time":214,"angle2":472.5,"type":"mineHold","duration":0},{"angle":337.5,"time":215,"angle2":562.5,"type":"mineHold","duration":0},{"angle":247.5,"time":217,"angle2":472.5,"type":"mineHold","duration":0},{"angle":67.5,"time":218,"angle2":292.5,"type":"mineHold","duration":0},{"angle":247.5,"time":219,"angle2":472.5,"type":"mineHold","duration":0},{"angle":202.5,"time":221,"angle2":-22.5,"type":"mineHold","duration":0},{"angle":157.5,"time":222,"angle2":382.5,"type":"mineHold","duration":0},{"angle":247.5,"time":223,"angle2":472.5,"type":"mineHold","duration":0},{"angle":348.75,"time":223,"type":"mine"},{"angle":0,"time":223,"type":"mine"},{"angle":11.25,"time":223,"type":"mine"},{"angle":270,"time":223,"type":"mine"},{"angle":258.75,"time":223,"type":"mine"},{"angle":281.25,"time":223,"type":"mine"},{"angle":90,"time":223,"type":"mine"},{"angle":101.25,"time":223,"type":"mine"},{"angle":78.75,"time":223,"type":"mine"},{"angle":270,"time":222,"type":"mine"},{"angle":258.75,"time":222,"type":"mine"},{"angle":281.25,"time":222,"type":"mine"},{"angle":180,"time":222,"type":"mine"},{"angle":191.25,"time":222,"type":"mine"},{"angle":168.75,"time":222,"type":"mine"},{"angle":11.25,"time":222,"type":"mine"},{"angle":360,"time":222,"type":"mine"},{"angle":348.75,"time":222,"type":"mine"},{"angle":180,"time":221,"type":"mine"},{"angle":168.75,"time":221,"type":"mine"},{"angle":191.25,"time":221,"type":"mine"},{"angle":101.25,"time":221,"type":"mine"},{"angle":90,"time":221,"type":"mine"},{"angle":78.75,"time":221,"type":"mine"},{"angle":0,"time":221,"type":"mine"},{"angle":11.25,"time":221,"type":"mine"},{"angle":348.75,"time":221,"type":"mine"},{"angle":258.75,"time":219,"type":"mine"},{"angle":270,"time":219,"type":"mine"},{"angle":281.25,"time":219,"type":"mine"},{"angle":348.75,"time":219,"type":"mine"},{"angle":0,"time":219,"type":"mine"},{"angle":11.25,"time":219,"type":"mine"},{"angle":78.75,"time":219,"type":"mine"},{"angle":90,"time":219,"type":"mine"},{"angle":101.25,"time":219,"type":"mine"},{"angle":258.75,"time":218,"type":"mine"},{"angle":270,"time":218,"type":"mine"},{"angle":281.25,"time":218,"type":"mine"},{"angle":191.25,"time":218,"type":"mine"},{"angle":180,"time":218,"type":"mine"},{"angle":168.75,"time":218,"type":"mine"},{"angle":101.25,"time":218,"type":"mine"},{"angle":90,"time":218,"type":"mine"},{"angle":78.75,"time":218,"type":"mine"},{"angle":258.75,"time":217,"type":"mine"},{"angle":270,"time":217,"type":"mine"},{"angle":281.25,"time":217,"type":"mine"},{"angle":348.75,"time":217,"type":"mine"},{"angle":0,"time":217,"type":"mine"},{"angle":11.25,"time":217,"type":"mine"},{"angle":101.25,"time":217,"type":"mine"},{"angle":90,"time":217,"type":"mine"},{"angle":78.75,"time":217,"type":"mine"},{"angle":180,"time":215,"type":"mine"},{"angle":191.25,"time":215,"type":"mine"},{"angle":168.75,"time":215,"type":"mine"},{"angle":101.25,"time":215,"type":"mine"},{"angle":90,"time":215,"type":"mine"},{"angle":78.75,"time":215,"type":"mine"},{"angle":11.25,"time":215,"type":"mine"},{"angle":360,"time":215,"type":"mine"},{"angle":348.75,"time":215,"type":"mine"},{"angle":258.75,"time":214,"type":"mine"},{"angle":270,"time":214,"type":"mine"},{"angle":281.25,"time":214,"type":"mine"},{"angle":348.75,"time":214,"type":"mine"},{"angle":11.25,"time":214,"type":"mine"},{"angle":360,"time":214,"type":"mine"},{"angle":78.75,"time":214,"type":"mine"},{"angle":90,"time":214,"type":"mine"},{"angle":101.25,"time":214,"type":"mine"},{"angle":191.25,"time":213,"type":"mine"},{"angle":180,"time":213,"type":"mine"},{"angle":168.75,"time":213,"type":"mine"},{"angle":101.25,"time":213,"type":"mine"},{"angle":90,"time":213,"type":"mine"},{"angle":78.75,"time":213,"type":"mine"},{"angle":11.25,"time":213,"type":"mine"},{"angle":360,"time":213,"type":"mine"},{"angle":348.75,"time":213,"type":"mine"},{"angle":22.5,"time":226.25,"type":"block"},{"angle":0,"time":226,"type":"block"},{"angle":270,"time":225,"type":"block"},{"angle":258.75,"time":225,"type":"block"},{"angle":281.25,"time":225,"type":"block"},{"angle":348.75,"time":225,"type":"mine"},{"angle":0,"time":225,"type":"mine"},{"angle":11.25,"time":225,"type":"mine"},{"angle":78.75,"time":225,"type":"mine"},{"angle":90,"time":225,"type":"mine"},{"angle":101.25,"time":225,"type":"mine"},{"angle":191.25,"time":225,"type":"mine"},{"angle":180,"time":225,"type":"mine"},{"angle":168.75,"time":225,"type":"mine"},{"angle":202.5,"time":225,"angle2":-22.5,"type":"mineHold","duration":0},{"angle":281.25,"time":140,"type":"extraTap"},{"angle":292.5,"time":144,"type":"extraTap"},{"angle":292.5,"time":148,"type":"extraTap"},{"angle":292.5,"time":152,"type":"extraTap"},{"angle":292.5,"time":155,"type":"extraTap"},{"angle":292.5,"time":154.5,"type":"extraTap"},{"angle":292.5,"time":155.5,"type":"extraTap"},{"angle":247.5,"time":88,"angle2":348.75,"type":"mineHold","duration":1,"holdEase":"inCubic"},{"angle":22.5,"time":126,"angle2":123.75,"type":"hold","duration":1},{"angle":123.75,"time":127,"angle2":0,"type":"hold","duration":1},{"angle":360,"time":128,"angle2":416.25,"type":"hold","duration":1,"holdEase":"inQuad"},{"angle":56.25,"time":129,"angle2":-56.25,"type":"hold","duration":1,"holdEase":"inQuad"},{"angle":45,"time":129,"type":"extraTap"},{"angle":303.75,"time":130,"angle2":393.75,"type":"hold","duration":1,"holdEase":"inQuad"},{"angle":33.75,"time":131,"angle2":78.75,"type":"hold","duration":3,"holdEase":"inSine"},{"angle":35.127059936523,"time":131.5,"type":"block"},{"angle":37.027629852295,"time":131.75,"type":"block"},{"angle":39.472461700439,"time":132,"type":"block"},{"angle":78.75,"time":134,"angle2":33.75,"type":"hold","duration":2},{"angle":33.75,"time":136,"angle2":-67.5,"type":"hold","duration":1},{"angle":292.5,"time":137,"angle2":326.25,"type":"hold","duration":1},{"angle":326.25,"time":138,"angle2":67.5,"type":"hold","duration":1},{"angle":67.5,"time":139,"angle2":180,"type":"hold","duration":1},{"angle":281.25,"time":144.25,"type":"block"},{"angle":258.75,"time":145,"type":"block"},{"angle":270,"time":146,"type":"block"},{"angle":270,"time":146.5,"type":"block"},{"angle":281.25,"time":146.75,"type":"block"},{"angle":258.75,"time":147.25,"type":"block"},{"angle":270,"time":147.5,"type":"block"},{"angle":281.25,"time":147.75,"type":"block"},{"angle":213.75,"time":154.5,"type":"block","tap":true},{"angle":315,"time":155,"type":"block","tap":true},{"angle":90,"time":155.5,"type":"block","tap":true},{"angle":258.75,"time":144.5,"type":"block"},{"angle":281.25,"time":145.25,"type":"block"},{"angle":258.75,"time":145.5,"type":"block"},{"angle":281.25,"time":145.75,"type":"block"},{"angle":281.25,"time":144.75,"type":"block"},{"angle":146.25,"time":155,"angle2":146.25,"type":"mineHold","duration":0.25},{"angle":270,"time":155.5,"angle2":270,"type":"mineHold","duration":0.25},{"angle":22.5,"time":156,"angle2":22.5,"type":"mineHold","duration":0.25},{"angle":247.5,"time":148.75,"type":"inverse"},{"angle":247.5,"time":149.25,"type":"inverse"},{"angle":258.75,"time":149.75,"type":"inverse"},{"angle":270,"time":150,"type":"inverse"},{"angle":281.25,"time":150.25,"type":"inverse"},{"angle":292.5,"time":150.5,"type":"inverse"},{"angle":303.75,"time":151,"type":"inverse"},{"angle":315,"time":151.5,"type":"inverse"},{"angle":213.75,"time":153,"type":"mine"},{"angle":315,"time":153,"type":"mine"},{"angle":90,"time":153,"type":"mine"},{"angle":213.75,"time":152.75,"angle2":213.75,"type":"mineHold","duration":0.25},{"angle":315,"time":152.75,"angle2":315,"type":"mineHold","duration":0.25},{"angle":90,"time":152.75,"angle2":90,"type":"mineHold","duration":0.25},{"angle":78.75,"time":153,"angle2":101.25,"type":"mineHold","duration":0},{"angle":101.25,"time":153,"angle2":90,"type":"mineHold","duration":0.25},{"angle":78.75,"time":153,"angle2":90,"type":"mineHold","duration":0.25},{"angle":225,"time":153,"angle2":202.5,"type":"mineHold","duration":0},{"angle":202.5,"time":153,"angle2":213.75,"type":"mineHold","duration":0.25},{"angle":225,"time":153,"angle2":213.75,"type":"mineHold","duration":0.25},{"angle":303.75,"time":153,"angle2":326.25,"type":"mineHold","duration":0},{"angle":303.75,"time":153,"angle2":315,"type":"mineHold","duration":0.25},{"angle":326.25,"time":153,"angle2":315,"type":"mineHold","duration":0.25},{"angle":270,"time":148.25,"type":"inverse"},{"angle":112.5,"time":99.5,"angle2":247.5,"type":"hold","duration":0.5},{"angle":180,"time":99.75,"angle2":247.5,"type":"hold","duration":0.25},{"angle":180,"time":180,"angle2":270,"type":"hold","duration":6,"startTap":true},{"angle":270,"time":186,"angle2":315,"type":"hold","duration":1},{"angle":315,"time":187,"angle2":247.5,"type":"hold","duration":1},{"angle":247.5,"time":188,"angle2":303.75,"type":"hold","duration":1},{"angle":270,"time":196,"angle2":450,"type":"hold","duration":6},{"angle":258.75,"time":195,"angle2":258.75,"type":"hold","duration":1},{"angle":270,"time":194,"angle2":270,"type":"hold","duration":1},{"angle":281.25,"time":193,"angle2":281.25,"type":"hold","duration":1},{"angle":292.5,"time":192,"angle2":292.5,"type":"hold","duration":1},{"angle":247.5,"time":191,"angle2":247.5,"type":"hold","duration":1},{"angle":270,"time":189,"angle2":270,"type":"hold","duration":1},{"angle":292.5,"time":190,"angle2":292.5,"type":"hold","duration":1},{"angle":90,"time":189,"angle2":101.25,"type":"mineHold","duration":0.5},{"angle":90,"time":189,"angle2":78.75,"type":"mineHold","duration":0.5},{"angle":112.5,"time":190,"angle2":101.25,"type":"mineHold","duration":0.5},{"angle":112.5,"time":190,"angle2":123.75,"type":"mineHold","duration":0.5},{"angle":67.5,"time":191,"angle2":56.25,"type":"mineHold","duration":0.5},{"angle":67.5,"time":191,"angle2":78.75,"type":"mineHold","duration":0.5},{"angle":112.5,"time":190,"angle2":112.5,"type":"mineHold","duration":1},{"angle":90,"time":189,"angle2":90,"type":"mineHold","duration":1},{"angle":67.5,"time":191,"angle2":67.5,"type":"mineHold","duration":1},{"angle":112.5,"time":192,"angle2":101.25,"type":"mineHold","duration":0.5},{"angle":112.5,"time":192,"angle2":123.75,"type":"mineHold","duration":0.5},{"angle":112.5,"time":192,"angle2":112.5,"type":"mineHold","duration":1},{"angle":101.25,"time":193,"angle2":90,"type":"mineHold","duration":0.5},{"angle":101.25,"time":193,"angle2":112.5,"type":"mineHold","duration":0.5},{"angle":101.25,"time":193,"angle2":101.25,"type":"mineHold","duration":1},{"angle":90,"time":194,"angle2":78.75,"type":"mineHold","duration":0.5},{"angle":90,"time":194,"angle2":101.25,"type":"mineHold","duration":0.5},{"angle":90,"time":194,"angle2":90,"type":"mineHold","duration":1},{"angle":78.75,"time":195,"angle2":67.5,"type":"mineHold","duration":0.5},{"angle":78.75,"time":195,"angle2":90,"type":"mineHold","duration":0.5},{"angle":78.75,"time":195,"angle2":78.75,"type":"mineHold","duration":1},{"angle":191.25,"time":182,"type":"block"},{"angle":236.25,"time":182.5,"type":"block"},{"angle":202.5,"time":183,"type":"block"},{"angle":247.5,"time":183.5,"type":"block"},{"angle":225,"time":184,"type":"block"},{"angle":258.75,"time":184.5,"type":"block"},{"angle":236.25,"time":185,"type":"block"},{"angle":281.25,"time":185.5,"type":"block"},{"angle":0,"time":180,"angle2":90,"type":"mineHold","duration":6},{"angle":90,"time":202,"angle2":78.75,"type":"hold","duration":1},{"angle":78.75,"time":203,"angle2":180,"type":"hold","duration":1},{"angle":180,"time":204,"type":"block"},{"angle":180,"time":208,"type":"block"},{"angle":270,"time":212,"type":"block"},{"angle":315,"time":198,"type":"block"},{"angle":0,"time":198.5,"type":"block"},{"angle":337.5,"time":199,"type":"block"},{"angle":33.75,"time":199.5,"type":"block"},{"angle":11.25,"time":200,"type":"block"},{"angle":67.5,"time":200.5,"type":"block"},{"angle":45,"time":201,"type":"block"},{"angle":90,"time":201.5,"type":"block"},{"angle":90,"time":186,"type":"mine"},{"angle":90,"time":196,"angle2":270,"type":"mineHold","duration":6},{"angle":326.25,"time":180,"angle2":416.25,"type":"mineHold","duration":6},{"angle":33.75,"time":180,"angle2":123.75,"type":"mineHold","duration":6},{"angle":337.5,"time":180,"type":"mine"},{"angle":348.75,"time":180,"type":"mine"},{"angle":22.5,"time":180,"type":"mine"},{"angle":11.25,"time":180,"type":"mine"},{"angle":22.5,"time":181,"type":"mine"},{"angle":33.75,"time":181,"type":"mine"},{"angle":360,"time":181,"type":"mine"},{"angle":348.75,"time":181,"type":"mine"},{"angle":45,"time":182,"type":"mine"},{"angle":56.25,"time":182,"type":"mine"},{"angle":33.75,"time":182,"type":"mine"},{"angle":22.5,"time":182,"type":"mine"},{"angle":11.25,"time":182,"type":"mine"},{"angle":0,"time":182,"type":"mine"},{"angle":22.5,"time":183,"type":"mine"},{"angle":33.75,"time":183,"type":"mine"},{"angle":56.25,"time":183,"type":"mine"},{"angle":67.5,"time":183,"type":"mine"},{"angle":33.75,"time":184,"type":"mine"},{"angle":45,"time":184,"type":"mine"},{"angle":67.5,"time":184,"type":"mine"},{"angle":78.75,"time":184,"type":"mine"},{"angle":45,"time":185,"type":"mine"},{"angle":56.25,"time":185,"type":"mine"},{"angle":67.5,"time":185,"type":"mine"},{"angle":78.75,"time":185,"type":"mine"},{"angle":90,"time":185,"type":"mine"},{"angle":101.25,"time":185,"type":"mine"},{"angle":67.5,"time":186,"type":"mine"},{"angle":78.75,"time":186,"type":"mine"},{"angle":101.25,"time":186,"type":"mine"},{"angle":112.5,"time":186,"type":"mine"},{"angle":157.5,"time":206,"type":"block"},{"angle":202.5,"time":209,"type":"block"},{"angle":225,"time":210,"type":"block"},{"angle":247.5,"time":210.5,"type":"block"},{"angle":270,"time":211,"type":"block"},{"angle":270,"time":204,"angle2":270,"type":"mineHold","duration":2},{"angle":90,"time":204,"angle2":90,"type":"mineHold","duration":2},{"angle":247.5,"time":206,"angle2":247.5,"type":"mineHold","duration":2},{"angle":67.5,"time":206,"angle2":67.5,"type":"mineHold","duration":2},{"angle":270,"time":208,"angle2":270,"type":"mineHold","duration":1},{"angle":90,"time":208,"angle2":90,"type":"mineHold","duration":1},{"angle":112.5,"time":209,"angle2":112.5,"type":"mineHold","duration":1},{"angle":292.5,"time":209,"angle2":292.5,"type":"mineHold","duration":1},{"angle":135,"time":210,"angle2":135,"type":"mineHold","duration":0.5},{"angle":315,"time":210,"angle2":315,"type":"mineHold","duration":0.5},{"angle":157.5,"time":210.5,"angle2":157.5,"type":"mineHold","duration":0.5},{"angle":337.5,"time":210.5,"angle2":337.5,"type":"mineHold","duration":0.5},{"angle":360,"time":211,"angle2":360,"type":"mineHold","duration":1},{"angle":270,"time":206,"angle2":247.5,"type":"mineHold","duration":0},{"angle":90,"time":206,"angle2":67.5,"type":"mineHold","duration":0},{"angle":67.5,"time":208,"angle2":90,"type":"mineHold","duration":0},{"angle":247.5,"time":208,"angle2":270,"type":"mineHold","duration":0},{"angle":90,"time":209,"angle2":112.5,"type":"mineHold","duration":0},{"angle":270,"time":209,"angle2":292.5,"type":"mineHold","duration":0},{"angle":180,"time":211,"angle2":180,"type":"mineHold","duration":1},{"angle":135,"time":210.5,"angle2":157.5,"type":"mineHold","duration":0},{"angle":315,"time":210.5,"angle2":337.5,"type":"mineHold","duration":0},{"angle":337.5,"time":211,"angle2":360,"type":"mineHold","duration":0},{"angle":157.5,"time":211,"angle2":180,"type":"mineHold","duration":0},{"angle":112.5,"time":210,"angle2":135,"type":"mineHold","duration":0},{"angle":292.5,"time":210,"angle2":315,"type":"mineHold","duration":0},{"angle":360,"time":226.5,"type":"block"},{"angle":337.5,"time":226.75,"type":"block"},{"angle":360,"time":227,"type":"block"},{"angle":180,"time":186,"angle2":180,"type":"mineHold","duration":10},{"angle":123.75,"time":196,"angle2":303.75,"type":"mineHold","duration":6},{"angle":360,"time":186,"angle2":360,"type":"mineHold","duration":10},{"angle":56.25,"time":196,"angle2":236.25,"type":"mineHold","duration":6},{"angle":67.5,"time":196,"type":"mine"},{"angle":78.75,"time":196,"type":"mine"},{"angle":101.25,"time":196,"type":"mine"},{"angle":112.5,"time":196,"type":"mine"},{"angle":135,"time":197,"type":"mine"},{"angle":146.25,"time":197,"type":"mine"},{"angle":112.5,"time":197,"type":"mine"},{"angle":101.25,"time":197,"type":"mine"},{"angle":157.5,"time":198,"type":"mine"},{"angle":168.75,"time":198,"type":"mine"},{"angle":180,"time":198,"type":"mine"},{"angle":146.25,"time":198,"type":"mine"},{"angle":135,"time":198,"type":"mine"},{"angle":123.75,"time":198,"type":"mine"},{"angle":168.75,"time":199,"type":"mine"},{"angle":157.5,"time":199,"type":"mine"},{"angle":191.25,"time":199,"type":"mine"},{"angle":202.5,"time":199,"type":"mine"},{"angle":191.25,"time":200,"type":"mine"},{"angle":202.5,"time":200,"type":"mine"},{"angle":225,"time":200,"type":"mine"},{"angle":236.25,"time":200,"type":"mine"},{"angle":213.75,"time":201,"type":"mine"},{"angle":225,"time":201,"type":"mine"},{"angle":236.25,"time":201,"type":"mine"},{"angle":247.5,"time":201,"type":"mine"},{"angle":258.75,"time":201,"type":"mine"},{"angle":270,"time":201,"type":"mine"},{"angle":247.5,"time":202,"type":"mine"},{"angle":258.75,"time":202,"type":"mine"},{"angle":281.25,"time":202,"type":"mine"},{"angle":292.5,"time":202,"type":"mine"},{"angle":270,"time":260,"type":"block"},{"angle":292.5,"time":260.25,"type":"block"},{"angle":315,"time":260.5,"type":"block"},{"angle":337.5,"time":260.75,"type":"block"},{"angle":0,"time":261,"type":"block"},{"angle":22.5,"time":261.25,"type":"block"},{"angle":45,"time":261.5,"type":"block"},{"angle":67.5,"time":261.75,"type":"block"},{"angle":90,"time":262,"type":"block"},{"angle":112.5,"time":262.25,"type":"block"},{"angle":135,"time":262.5,"type":"block"},{"angle":157.5,"time":262.75,"type":"block"},{"angle":180,"time":263,"type":"block"},{"angle":202.5,"time":263.25,"type":"block"},{"angle":225,"time":263.5,"type":"block"},{"angle":247.5,"time":263.75,"type":"block"},{"angle":270,"time":264,"type":"block"},{"angle":247.5,"time":264.25,"type":"block"},{"angle":225,"time":264.5,"type":"block"},{"angle":202.5,"time":264.75,"type":"block"},{"angle":180,"time":265,"type":"block"},{"angle":157.5,"time":265.25,"type":"block"},{"angle":135,"time":265.5,"type":"block"},{"angle":112.5,"time":265.75,"type":"block"},{"angle":90,"time":266,"type":"block"},{"angle":67.5,"time":266.25,"type":"block"},{"angle":45,"time":266.5,"type":"block"},{"angle":22.5,"time":266.75,"type":"block"},{"angle":0,"time":267,"type":"block"},{"angle":-22.5,"time":267.25,"type":"block"},{"angle":-45,"time":267.5,"type":"block"},{"angle":292.5,"time":267.75,"type":"block"},{"angle":270,"time":268,"type":"block"},{"angle":315,"time":268.25,"type":"block"},{"angle":360,"time":268.5,"type":"block"},{"angle":45,"time":268.75,"type":"block"},{"angle":90,"time":269,"type":"block"},{"angle":135,"time":269.25,"type":"block"},{"angle":180,"time":269.5,"type":"block"},{"angle":225,"time":269.75,"type":"block"},{"angle":270,"time":270,"type":"block"},{"angle":315,"time":270.25,"type":"block"},{"angle":0,"time":270.5,"type":"block"},{"angle":45,"time":270.75,"type":"block"},{"angle":90,"time":271,"type":"block"},{"angle":135,"time":271.25,"type":"block"},{"angle":180,"time":271.5,"type":"block"},{"angle":225,"time":271.75,"type":"block"},{"angle":90,"time":260,"type":"mine"},{"angle":112.5,"time":260.25,"type":"mine"},{"angle":135,"time":260.5,"type":"mine"},{"angle":157.5,"time":260.75,"type":"mine"},{"angle":180,"time":261,"type":"mine"},{"angle":202.5,"time":261.25,"type":"mine"},{"angle":225,"time":261.5,"type":"mine"},{"angle":247.5,"time":261.75,"type":"mine"},{"angle":270,"time":262,"type":"mine"},{"angle":292.5,"time":262.25,"type":"mine"},{"angle":315,"time":262.5,"type":"mine"},{"angle":337.5,"time":262.75,"type":"mine"},{"angle":360,"time":263,"type":"mine"},{"angle":22.5,"time":263.25,"type":"mine"},{"angle":45,"time":263.5,"type":"mine"},{"angle":67.5,"time":263.75,"type":"mine"},{"angle":270,"time":276,"type":"side","tap":true},{"angle":0,"time":265,"type":"mine"},{"angle":90,"time":264,"type":"mine"},{"angle":67.5,"time":264.25,"type":"mine"},{"angle":45,"time":264.5,"type":"mine"},{"angle":22.5,"time":264.75,"type":"mine"},{"angle":337.5,"time":265.25,"type":"mine"},{"angle":315,"time":265.5,"type":"mine"},{"angle":292.5,"time":265.75,"type":"mine"},{"angle":270,"time":266,"type":"mine"},{"angle":247.5,"time":266.25,"type":"mine"},{"angle":225,"time":266.5,"type":"mine"},{"angle":202.5,"time":266.75,"type":"mine"},{"angle":180,"time":267,"type":"mine"},{"angle":157.5,"time":267.25,"type":"mine"},{"angle":135,"time":267.5,"type":"mine"},{"angle":112.5,"time":267.75,"type":"mine"},{"angle":90,"time":268,"type":"mine"},{"angle":101.25,"time":264,"type":"mine"},{"angle":78.75,"time":264.25,"type":"mine"},{"angle":56.25,"time":264.5,"type":"mine"},{"angle":33.75,"time":264.75,"type":"mine"},{"angle":11.25,"time":265,"type":"mine"},{"angle":348.75,"time":265.25,"type":"mine"},{"angle":326.25,"time":265.5,"type":"mine"},{"angle":303.75,"time":265.75,"type":"mine"},{"angle":281.25,"time":266,"type":"mine"},{"angle":258.75,"time":266.25,"type":"mine"},{"angle":236.25,"time":266.5,"type":"mine"},{"angle":213.75,"time":266.75,"type":"mine"},{"angle":191.25,"time":267,"type":"mine"},{"angle":168.75,"time":267.25,"type":"mine"},{"angle":146.25,"time":267.5,"type":"mine"},{"angle":123.75,"time":267.75,"type":"mine"},{"angle":101.25,"time":268,"type":"mine"},{"angle":135,"time":268.25,"type":"mine"},{"angle":180,"time":268.5,"type":"mine"},{"angle":225,"time":268.75,"type":"mine"},{"angle":270,"time":269,"type":"mine"},{"angle":315,"time":269.25,"type":"mine"},{"angle":360,"time":269.5,"type":"mine"},{"angle":45,"time":269.75,"type":"mine"},{"angle":90,"time":270,"type":"mine"},{"angle":135,"time":270.25,"type":"mine"},{"angle":180,"time":270.5,"type":"mine"},{"angle":225,"time":270.75,"type":"mine"},{"angle":270,"time":271,"type":"mine"},{"angle":315,"time":271.25,"type":"mine"},{"angle":360,"time":271.5,"type":"mine"},{"angle":45,"time":271.75,"type":"mine"},{"angle":90,"time":272,"type":"mine"},{"angle":112.5,"time":268.25,"type":"mine"},{"angle":157.5,"time":268.5,"type":"mine"},{"angle":202.5,"time":268.75,"type":"mine"},{"angle":247.5,"time":269,"type":"mine"},{"angle":292.5,"time":269.25,"type":"mine"},{"angle":337.5,"time":269.5,"type":"mine"},{"angle":22.5,"time":269.75,"type":"mine"},{"angle":67.5,"time":270,"type":"mine"},{"angle":112.5,"time":270.25,"type":"mine"},{"angle":157.5,"time":270.5,"type":"mine"},{"angle":202.5,"time":270.75,"type":"mine"},{"angle":247.5,"time":271,"type":"mine"},{"angle":292.5,"time":271.25,"type":"mine"},{"angle":337.5,"time":271.5,"type":"mine"},{"angle":22.5,"time":271.75,"type":"mine"},{"angle":67.5,"time":272,"type":"mine"},{"angle":123.75,"time":268.25,"type":"mine"},{"angle":146.25,"time":268.5,"type":"mine"},{"angle":168.75,"time":268.5,"type":"mine"},{"angle":101.25,"time":268.25,"type":"mine"},{"angle":191.25,"time":268.75,"type":"mine"},{"angle":213.75,"time":268.75,"type":"mine"},{"angle":236.25,"time":269,"type":"mine"},{"angle":258.75,"time":269,"type":"mine"},{"angle":281.25,"time":269.25,"type":"mine"},{"angle":303.75,"time":269.25,"type":"mine"},{"angle":326.25,"time":269.5,"type":"mine"},{"angle":348.75,"time":269.5,"type":"mine"},{"angle":11.25,"time":269.75,"type":"mine"},{"angle":33.75,"time":269.75,"type":"mine"},{"angle":56.25,"time":270,"type":"mine"},{"angle":78.75,"time":270,"type":"mine"},{"angle":101.25,"time":270.25,"type":"mine"},{"angle":123.75,"time":270.25,"type":"mine"},{"angle":146.25,"time":270.5,"type":"mine"},{"angle":168.75,"time":270.5,"type":"mine"},{"angle":191.25,"time":270.75,"type":"mine"},{"angle":213.75,"time":270.75,"type":"mine"},{"angle":236.25,"time":271,"type":"mine"},{"angle":258.75,"time":271,"type":"mine"},{"angle":281.25,"time":271.25,"type":"mine"},{"angle":303.75,"time":271.25,"type":"mine"},{"angle":326.25,"time":271.5,"type":"mine"},{"angle":348.75,"time":271.5,"type":"mine"},{"angle":11.25,"time":271.75,"type":"mine"},{"angle":33.75,"time":271.75,"type":"mine"},{"angle":56.25,"time":272,"type":"mine"},{"angle":78.75,"time":272,"type":"mine"},{"angle":90,"time":272,"angle2":630,"type":"mineHold","duration":2},{"angle":270,"time":274,"angle2":-270,"type":"mineHold","duration":2},{"angle":270,"time":272,"type":"side","tap":true},{"angle":90,"time":274,"type":"side","tap":true},{"angle":360,"time":308,"type":"block"},{"angle":90,"time":352.5,"type":"block"},{"angle":78.75,"time":353,"type":"block"},{"angle":101.25,"time":353.5,"type":"block"},{"angle":90,"time":354,"type":"block"},{"angle":135,"time":354.5,"type":"block"},{"angle":225,"time":355,"type":"block"},{"angle":315,"time":355.5,"type":"block"},{"angle":45,"time":356,"type":"block"},{"angle":90,"time":356.5,"type":"block"},{"angle":270,"time":357,"type":"block"},{"angle":90,"time":358,"type":"side"},{"angle":270,"time":359,"type":"side"},{"angle":360,"time":227.5,"type":"block"},{"angle":348.75,"time":89,"angle2":303.75,"type":"mineHold","duration":1,"holdEase":"inBack"},{"angle":303.75,"time":90,"angle2":461.25,"type":"mineHold","duration":1},{"angle":101.25,"time":91,"angle2":-146.25,"type":"mineHold","duration":1},{"angle":213.75,"time":92,"angle2":337.5,"type":"mineHold","duration":2,"holdEase":"inOutQuint"},{"angle":337.5,"time":94,"angle2":483.75,"type":"mineHold","duration":2,"holdEase":"inQuint"},{"angle":123.75,"time":96,"angle2":67.5,"type":"mineHold","duration":2,"holdEase":"inBack"},{"angle":67.5,"time":98,"angle2":427.5,"type":"mineHold","duration":2,"holdEase":"inSine"},{"angle":67.5,"time":100,"angle2":123.75,"type":"mineHold","duration":2,"holdEase":"outCubic"},{"angle":123.75,"time":102,"angle2":360,"type":"mineHold","duration":2,"holdEase":"inQuad"},{"angle":0,"time":104,"angle2":45,"type":"mineHold","duration":0.5},{"angle":45,"time":104.5,"angle2":-11.25,"type":"mineHold","duration":0.5},{"angle":348.75,"time":105,"angle2":416.25,"type":"mineHold","duration":0.5},{"angle":56.25,"time":105.5,"angle2":22.5,"type":"mineHold","duration":0.5},{"angle":22.5,"time":106,"angle2":-45,"type":"mineHold","duration":0.5,"holdEase":"inBack"},{"angle":315,"time":106.5,"angle2":348.75,"type":"mineHold","duration":0.5},{"angle":348.75,"time":107,"angle2":326.25,"type":"mineHold","duration":0.5},{"angle":348.75,"time":108,"type":"mine"},{"angle":90,"time":116,"angle2":-438.75,"type":"mineHold","duration":3},{"angle":90,"time":114,"angle2":450,"type":"mineHold","duration":2},{"angle":253.09327697754,"time":109,"type":"block"},{"angle":116.23827362061,"time":113,"type":"block"},{"angle":91.377983093262,"time":115,"type":"block"},{"angle":91.001571655273,"time":117,"type":"block"},{"angle":279.85556030273,"time":118,"type":"block"},{"angle":360,"time":304,"angle2":382.5,"type":"hold","duration":1,"holdEase":"inOutSine"},{"angle":382.5,"time":305,"angle2":337.5,"type":"hold","duration":1,"holdEase":"inOutSine"},{"angle":337.5,"time":306,"angle2":360,"type":"hold","duration":2,"holdEase":"inOutSine"},{"angle":360,"holdEase":"outBack","angle2":371.25,"type":"hold","duration":0.5,"time":304},{"angle":371.25,"holdEase":"inBack","angle2":382.5,"type":"hold","duration":0.5,"time":304.5},{"angle":382.5,"holdEase":"inBack","angle2":360,"type":"hold","duration":0.5,"time":305},{"angle":360,"holdEase":"outBack","angle2":337.5,"type":"hold","duration":0.5,"time":305.5},{"angle":180,"time":314,"type":"block","tap":true},{"angle":270,"time":314.5,"type":"block","tap":true},{"angle":225,"time":315,"type":"block","tap":true},{"angle":315,"time":315.5,"type":"block","tap":true},{"angle":90,"time":322,"type":"side","tap":true},{"angle":270,"time":323,"type":"side","tap":true},{"angle":225,"time":330,"type":"block","tap":true},{"angle":315,"time":329.5,"type":"block","tap":true},{"angle":135,"time":330.5,"type":"block","tap":true},{"angle":45,"time":331,"type":"block","tap":true},{"angle":315,"time":331.5,"type":"block","tap":true},{"angle":315,"time":339,"type":"side","tap":true},{"angle":315,"time":338,"type":"side","tap":true},{"angle":90,"time":156,"type":"block"},{"angle":112.5,"time":156.25,"type":"block"},{"angle":135,"time":156.5,"type":"block"},{"angle":146.25,"time":156.75,"type":"block"},{"angle":168.75,"time":157,"type":"block"},{"angle":146.25,"time":157.25,"type":"block"},{"angle":123.75,"time":157.5,"type":"block"},{"angle":225,"time":158,"type":"block"},{"angle":247.5,"time":158.25,"type":"block"},{"angle":225,"time":158.5,"type":"block"},{"angle":202.5,"time":158.75,"type":"block"},{"angle":225,"time":159,"type":"block"},{"angle":258.75,"time":159.75,"type":"block"},{"angle":247.5,"time":159.5,"type":"block"},{"angle":270,"time":160,"type":"block"},{"angle":45,"time":340,"angle2":45,"type":"mineHold","duration":1},{"angle":315,"time":341,"angle2":315,"type":"mineHold","duration":1},{"angle":225,"time":342,"angle2":225,"type":"mineHold","duration":1},{"angle":135,"time":343,"angle2":135,"type":"mineHold","duration":1},{"angle":45,"time":344,"angle2":45,"type":"mineHold","duration":1},{"angle":315,"time":345,"angle2":315,"type":"mineHold","duration":1},{"angle":225,"time":346,"angle2":225,"type":"mineHold","duration":1},{"angle":135,"time":347,"angle2":135,"type":"mineHold","duration":1},{"angle":45,"time":348,"angle2":45,"type":"mineHold","duration":1},{"angle":315,"time":349,"angle2":315,"type":"mineHold","duration":1},{"angle":236.25,"time":159.25,"type":"block"},{"angle":292.5,"time":160.25,"type":"block"},{"angle":281.25,"time":160.5,"type":"block"},{"angle":292.5,"time":160.75,"type":"block"},{"angle":0,"time":162,"type":"extraTap"},{"angle":180,"time":163,"type":"extraTap"},{"angle":270,"time":162,"type":"side","tap":true},{"angle":90,"time":163,"type":"side","tap":true},{"angle":303.75,"time":161,"type":"block"},{"angle":315,"time":161.25,"type":"block"},{"angle":326.25,"time":161.5,"type":"block"},{"angle":90,"time":164,"type":"block"},{"angle":101.25,"time":164.25,"type":"block"},{"angle":78.75,"time":164.5,"type":"block"},{"angle":101.25,"time":164.75,"type":"block"},{"angle":78.75,"time":165,"type":"block"},{"angle":101.25,"time":165.25,"type":"block"},{"angle":78.75,"time":165.5,"type":"block"},{"angle":101.25,"time":166,"type":"block"},{"angle":123.75,"time":166.25,"type":"block"},{"angle":101.25,"time":166.5,"type":"block"},{"angle":123.75,"time":166.75,"type":"block"},{"angle":101.25,"time":167,"type":"block"},{"angle":123.75,"time":167.25,"type":"block"},{"angle":101.25,"time":167.5,"type":"block"},{"angle":123.75,"time":167.75,"type":"block"},{"angle":101.25,"time":168,"type":"block"},{"angle":135,"time":168.25,"type":"block"},{"angle":146.25,"time":168.5,"type":"block"},{"angle":157.5,"time":168.75,"type":"block"},{"angle":168.75,"time":169,"type":"block"},{"angle":180,"time":169.25,"type":"block"},{"angle":191.25,"time":169.5,"type":"block"},{"angle":202.5,"time":169.75,"type":"block"},{"angle":213.75,"time":170,"type":"block"},{"angle":225,"time":170.25,"type":"block"},{"angle":236.25,"time":170.5,"type":"block"},{"angle":247.5,"time":170.75,"type":"block"},{"angle":258.75,"time":171,"type":"block"},{"angle":270,"time":171.25,"type":"block"},{"angle":281.25,"time":171.5,"type":"block"},{"angle":292.5,"time":171.75,"type":"block"},{"angle":315,"time":172,"type":"block"},{"angle":303.75,"time":171.875,"type":"block"},{"angle":337.5,"time":172.25,"type":"block"},{"angle":360,"time":172.5,"type":"block"},{"angle":22.5,"time":172.75,"type":"block"},{"angle":45,"time":173,"type":"block"},{"angle":67.5,"time":173.25,"type":"block"},{"angle":90,"time":173.5,"type":"block"},{"angle":112.5,"time":173.75,"type":"block"},{"angle":135,"time":174,"type":"block"},{"angle":157.5,"time":174.25,"type":"block"},{"angle":180,"time":174.5,"type":"block"},{"angle":202.5,"time":174.75,"type":"block"},{"angle":180,"time":175,"type":"block"},{"type":"extraTap","time":180,"angle":270},{"angle":135,"time":360,"angle2":225,"type":"hold","duration":1,"holdEase":"inOutSine"},{"angle":225,"time":361,"angle2":135,"type":"hold","duration":1,"holdEase":"inOutSine"},{"angle":135,"time":362,"angle2":225,"type":"hold","duration":1,"holdEase":"inOutSine"},{"angle":225,"time":363,"angle2":135,"type":"hold","duration":1,"holdEase":"inOutSine"},{"angle":135,"time":364,"angle2":225,"type":"hold","duration":1,"holdEase":"inOutSine"},{"angle":225,"time":365,"angle2":135,"type":"hold","duration":1,"holdEase":"inOutSine"},{"angle":135,"time":366,"angle2":225,"type":"hold","duration":1,"holdEase":"inOutSine"},{"angle":225,"time":367,"angle2":135,"type":"hold","duration":1,"holdEase":"inOutSine"},{"angle":135,"time":368,"angle2":225,"type":"hold","duration":1,"holdEase":"inOutSine"},{"angle":225,"time":369,"angle2":135,"type":"hold","duration":1,"holdEase":"inOutSine"},{"angle":135,"time":370,"angle2":225,"type":"hold","duration":1,"holdEase":"inOutSine"},{"angle":225,"time":371,"angle2":135,"type":"hold","duration":1,"holdEase":"inOutSine"},{"angle":135,"time":372,"angle2":225,"type":"hold","duration":1,"holdEase":"inOutSine"},{"angle":225,"time":373,"angle2":135,"type":"hold","duration":1,"holdEase":"inOutSine"},{"angle":135,"time":374,"angle2":202.5,"type":"hold","duration":1,"holdEase":"inOutSine"},{"angle":202.5,"time":375,"angle2":157.5,"type":"hold","duration":1,"holdEase":"inOutSine"},{"angle":157.5,"time":376,"angle2":202.5,"type":"hold","duration":1,"holdEase":"inOutSine"},{"angle":202.5,"time":377,"angle2":157.5,"type":"hold","duration":1,"holdEase":"inOutSine"},{"angle":157.5,"time":378,"angle2":202.5,"type":"hold","duration":1,"holdEase":"inOutSine"},{"angle":202.5,"time":379,"angle2":157.5,"type":"hold","duration":1,"holdEase":"inOutSine"},{"angle":157.5,"time":380,"angle2":202.5,"type":"hold","duration":1,"holdEase":"inOutSine"},{"angle":202.5,"time":381,"angle2":157.5,"type":"hold","duration":1,"holdEase":"inOutSine"},{"angle":157.5,"time":382,"angle2":191.25,"type":"hold","duration":1,"holdEase":"inOutSine"},{"angle":191.25,"time":383,"angle2":168.75,"type":"hold","duration":1,"holdEase":"inOutSine"},{"angle":168.75,"time":384,"angle2":191.25,"type":"hold","duration":1,"holdEase":"inOutSine"},{"angle":191.25,"time":385,"angle2":168.75,"type":"hold","duration":1,"holdEase":"inOutSine"},{"angle":168.75,"time":386,"angle2":191.25,"type":"hold","duration":1,"holdEase":"inOutSine"},{"angle":191.25,"time":387,"angle2":180,"type":"hold","duration":1,"holdEase":"inOutSine"},{"angle":180,"time":388.5,"type":"block"},{"angle":180,"time":389,"type":"block"},{"angle":180,"time":389.5,"type":"block"},{"angle":180,"time":390,"type":"block"},{"angle":180,"time":390.5,"type":"block"},{"angle":180,"time":391,"type":"block"},{"angle":180,"time":391.5,"type":"block"},{"angle":180,"time":229,"type":"side"},{"angle":90,"time":230,"type":"side"},{"angle":270,"time":231,"type":"side"},{"angle":360,"time":232,"type":"block"},{"angle":348.75,"time":232.5,"type":"block"},{"angle":11.25,"time":233,"type":"block"},{"angle":22.5,"time":233.5,"type":"block"},{"angle":45,"time":234,"type":"block"},{"angle":315,"time":234.5,"type":"block"},{"angle":292.5,"time":235,"type":"block"},{"angle":270,"time":235.5,"type":"block"},{"angle":303.75,"time":234.75,"type":"block"},{"angle":135,"time":236,"type":"block"},{"angle":146.25,"time":236.5,"type":"block"},{"angle":157.5,"time":237,"type":"block"},{"angle":90,"time":237.5,"type":"block"},{"angle":67.5,"time":237.75,"type":"block"},{"angle":101.25,"time":238,"type":"block"},{"angle":78.75,"time":237.625,"type":"block"},{"angle":123.75,"time":238.5,"type":"block"},{"angle":146.25,"time":239,"type":"block"},{"angle":135,"time":239.5,"type":"block"},{"angle":191.25,"time":240.25,"type":"block"},{"angle":180,"time":240.5,"type":"block"},{"angle":180,"time":241,"type":"block"},{"angle":168.75,"time":240.75,"type":"block"},{"angle":180,"time":240,"type":"block"},{"angle":202.5,"time":241.5,"type":"block"},{"angle":225,"time":242,"type":"block"},{"angle":247.5,"time":242.5,"type":"block"},{"angle":270,"time":243,"type":"block"},{"angle":180,"time":243.5,"type":"block"},{"angle":315,"time":244,"type":"block"},{"angle":337.5,"time":244.5,"type":"block"},{"angle":292.5,"time":245,"type":"block"},{"angle":315,"time":245.5,"type":"block"},{"angle":292.5,"time":245.75,"type":"block"},{"angle":270,"time":246,"type":"block"},{"angle":315,"time":246.5,"type":"block"},{"angle":360,"time":247,"type":"block"},{"angle":315,"time":247.5,"type":"block"},{"angle":315,"time":248.5,"type":"block"},{"angle":360,"time":249,"type":"block"},{"angle":337.5,"time":249.5,"type":"block"},{"angle":135,"time":252.5,"type":"block"},{"angle":135,"time":253,"type":"block"},{"angle":135,"time":253.5,"type":"block"},{"angle":157.5,"time":253.75,"type":"block"},{"angle":112.5,"time":254,"type":"block"},{"angle":135,"time":254.5,"type":"block"},{"angle":157.5,"time":255,"type":"block"},{"angle":135,"time":255.5,"type":"block"},{"angle":135,"time":256.5,"type":"block"},{"angle":191.25,"time":257,"type":"block"},{"angle":135,"time":257.5,"type":"block"},{"angle":33.75,"time":233.75,"type":"block"},{"angle":270,"time":250,"type":"side","tap":true},{"angle":90,"time":251,"type":"side","tap":true},{"angle":90,"time":258,"type":"side","tap":true},{"angle":270,"time":259,"type":"side","tap":true},{"angle":180,"time":250,"angle2":180,"type":"mineHold","duration":1},{"angle":0,"time":258,"angle2":0,"type":"mineHold","duration":1},{"angle":292.5,"time":228,"angle2":292.5,"type":"mineHold","duration":1},{"angle":247.5,"time":229,"angle2":247.5,"type":"mineHold","duration":1},{"angle":360,"time":230,"angle2":360,"type":"mineHold","duration":0.5},{"angle":270,"time":277,"type":"block","tap":true},{"angle":258.75,"time":277,"type":"block","tap":true},{"angle":281.25,"time":277,"type":"block","tap":true},{"angle":90,"time":278,"type":"block","tap":true},{"angle":101.25,"time":278,"type":"block","tap":true},{"angle":78.75,"time":278,"type":"block","tap":true},{"angle":270,"time":279,"type":"block","tap":true},{"angle":281.25,"time":279,"type":"block","tap":true},{"angle":258.75,"time":279,"type":"block","tap":true},{"angle":360,"time":280,"type":"block","tap":true},{"angle":348.75,"time":280,"type":"block","tap":true},{"angle":337.5,"time":280,"type":"block","tap":true},{"angle":0,"time":281,"type":"block","tap":true},{"angle":11.25,"time":281,"type":"block","tap":true},{"angle":22.5,"time":281,"type":"block","tap":true},{"angle":180,"time":282,"type":"block","tap":true},{"angle":191.25,"time":282,"type":"block","tap":true},{"angle":202.5,"time":282,"type":"block","tap":true},{"angle":180,"time":283,"type":"block","tap":true},{"angle":168.75,"time":283,"type":"block","tap":true},{"angle":157.5,"time":283,"type":"block","tap":true},{"angle":90,"time":285,"type":"block","tap":true},{"angle":101.25,"time":285,"type":"block","tap":true},{"angle":78.75,"time":285,"type":"block","tap":true},{"angle":258.75,"time":286,"type":"block","tap":true},{"angle":270,"time":286,"type":"block","tap":true},{"angle":281.25,"time":286,"type":"block","tap":true},{"angle":90,"time":287,"type":"block","tap":true},{"angle":101.25,"time":287,"type":"block","tap":true},{"angle":78.75,"time":287,"type":"block","tap":true},{"angle":168.75,"time":288,"type":"block","tap":true},{"angle":180,"time":288,"type":"block","tap":true},{"angle":157.5,"time":288,"type":"block","tap":true},{"angle":180,"time":289,"type":"block","tap":true},{"angle":191.25,"time":289,"type":"block","tap":true},{"angle":202.5,"time":289,"type":"block","tap":true},{"angle":0,"time":290,"type":"block","tap":true},{"angle":11.25,"time":290,"type":"block","tap":true},{"angle":22.5,"time":290,"type":"block","tap":true},{"angle":360,"time":291,"type":"block","tap":true},{"angle":348.75,"time":291,"type":"block","tap":true},{"angle":337.5,"time":291,"type":"block","tap":true},{"angle":270,"time":293,"type":"block","tap":true},{"angle":281.25,"time":293,"type":"block","tap":true},{"angle":258.75,"time":293,"type":"block","tap":true},{"angle":90,"time":294,"type":"block","tap":true},{"angle":101.25,"time":294,"type":"block","tap":true},{"angle":78.75,"time":294,"type":"block","tap":true},{"angle":258.75,"time":295,"type":"block","tap":true},{"angle":270,"time":295,"type":"block","tap":true},{"angle":281.25,"time":295,"type":"block","tap":true},{"angle":360,"time":296,"type":"block","tap":true},{"angle":348.75,"time":296,"type":"block","tap":true},{"angle":337.5,"time":296,"type":"block","tap":true},{"angle":0,"time":297,"type":"block","tap":true},{"angle":11.25,"time":297,"type":"block","tap":true},{"angle":22.5,"time":297,"type":"block","tap":true},{"angle":180,"time":298,"type":"block","tap":true},{"angle":191.25,"time":298,"type":"block","tap":true},{"angle":202.5,"time":298,"type":"block","tap":true},{"angle":180,"time":299,"type":"block","tap":true},{"angle":168.75,"time":299,"type":"block","tap":true},{"angle":157.5,"time":299,"type":"block","tap":true},{"angle":78.75,"time":301,"type":"block","tap":true},{"angle":90,"time":301,"type":"block","tap":true},{"angle":101.25,"time":301,"type":"block","tap":true},{"angle":180,"time":302,"type":"block","tap":true},{"angle":191.25,"time":302,"type":"block","tap":true},{"angle":168.75,"time":302,"type":"block","tap":true},{"angle":258.75,"time":303,"type":"block","tap":true},{"angle":270,"time":303,"type":"block","tap":true},{"angle":281.25,"time":303,"type":"block","tap":true},{"angle":247.5,"time":277,"type":"extraTap"},{"angle":112.5,"time":278,"type":"extraTap"},{"angle":247.5,"time":279,"type":"extraTap"},{"angle":326.25,"time":280,"type":"extraTap"},{"angle":348.75,"time":281,"type":"extraTap"},{"angle":213.75,"time":282,"type":"extraTap"},{"angle":146.25,"time":283,"type":"extraTap"},{"angle":112.5,"time":285,"type":"extraTap"},{"angle":112.5,"time":287,"type":"extraTap"},{"angle":247.5,"time":286,"type":"extraTap"},{"angle":146.25,"time":288,"type":"extraTap"},{"angle":213.75,"time":289,"type":"extraTap"},{"angle":348.75,"time":290,"type":"extraTap"},{"angle":11.25,"time":291,"type":"extraTap"},{"angle":112.5,"time":294,"type":"extraTap"},{"angle":247.5,"time":293,"type":"extraTap"},{"angle":247.5,"time":295,"type":"extraTap"},{"angle":326.25,"time":296,"type":"extraTap"},{"angle":348.75,"time":297,"type":"extraTap"},{"angle":168.75,"time":298,"type":"extraTap"},{"angle":146.25,"time":299,"type":"extraTap"},{"angle":112.5,"time":301,"type":"extraTap"},{"angle":157.5,"time":302,"type":"extraTap"},{"angle":247.5,"time":303,"type":"extraTap"},{"angle":315,"time":308.5,"type":"block"},{"angle":360,"time":309,"type":"block"},{"angle":45,"time":309.5,"type":"block"},{"angle":270,"time":310,"type":"block"},{"angle":225,"time":310.5,"type":"block"},{"angle":270,"time":311,"type":"block"},{"angle":315,"time":311.5,"type":"block"},{"angle":90,"time":312,"type":"block"},{"angle":45,"time":312.5,"type":"block"},{"angle":90,"time":313,"type":"block"},{"angle":135,"time":313.5,"type":"block"},{"angle":270,"time":316,"type":"block"},{"angle":225,"time":316.5,"type":"block"},{"angle":180,"time":317,"type":"block"},{"angle":135,"time":317.5,"type":"block"},{"angle":360,"time":318,"type":"block"},{"angle":315,"time":318.5,"type":"block"},{"angle":270,"time":319,"type":"block"},{"angle":225,"time":319.5,"type":"block"},{"angle":90,"time":320,"type":"block"},{"angle":135,"time":320.5,"type":"block"},{"angle":180,"time":321,"type":"block"},{"angle":135,"time":321.5,"type":"block"},{"angle":45,"time":322,"type":"extraTap"},{"angle":45,"time":323,"type":"extraTap"},{"angle":180,"time":324,"type":"block"},{"angle":202.5,"time":324.5,"type":"block"},{"angle":157.5,"time":325,"type":"block"},{"angle":180,"time":325.5,"type":"block"},{"angle":225,"time":326,"type":"block"},{"angle":202.5,"time":326.5,"type":"block"},{"angle":225,"time":327,"type":"block"},{"angle":247.5,"time":327.5,"type":"block"},{"angle":270,"time":328,"type":"block"},{"angle":247.5,"time":328.5,"type":"block"},{"angle":292.5,"time":329,"type":"block"},{"angle":270,"time":332,"angle2":225,"type":"hold","duration":0.5},{"angle":225,"time":332.5,"angle2":315,"type":"hold","duration":0.5},{"angle":315,"time":333,"angle2":270,"type":"hold","duration":0.5},{"angle":90,"time":334,"angle2":180,"type":"hold","duration":0.5},{"angle":180,"time":334.5,"angle2":270,"type":"hold","duration":0.5},{"angle":270,"time":335,"angle2":360,"type":"hold","duration":0.5},{"angle":360,"time":335.5,"angle2":270,"type":"hold","duration":0.5},{"angle":270,"time":336,"angle2":180,"type":"hold","duration":0.5},{"angle":180,"time":336.5,"angle2":90,"type":"hold","duration":0.5},{"angle":90,"time":337,"angle2":0,"type":"hold","duration":0.5},{"angle":225,"time":340,"type":"block","tap":true},{"angle":135,"time":341,"type":"block","tap":true},{"angle":45,"time":342,"type":"block","tap":true},{"angle":315,"time":343,"type":"block","tap":true},{"angle":225,"time":344,"type":"block","tap":true},{"angle":135,"time":345,"type":"block","tap":true},{"angle":45,"time":346,"type":"block","tap":true},{"angle":315,"time":347,"type":"block","tap":true},{"angle":225,"time":348,"type":"block","tap":true},{"angle":135,"time":349,"type":"block","tap":true},{"angle":45,"time":350,"type":"block","tap":true},{"angle":315,"time":351,"type":"block","tap":true},{"angle":180,"time":392,"angle2":180,"type":"hold","duration":1},{"angle":0,"time":228,"type":"block"},{"angle":180,"time":176,"type":"block","tap":true},{"angle":191.25,"time":176.5,"type":"block","tap":true},{"angle":168.75,"time":176.75,"type":"block","tap":true},{"angle":168.75,"time":178,"type":"block","tap":true},{"angle":180,"time":179,"type":"block","tap":true},{"type":"block","time":175.25,"angle":157.5},{"type":"block","time":175.5,"angle":180},{"type":"block","time":175.75,"angle":202.5},{"angle":191.25,"time":177.5,"type":"block","tap":true},{"type":"extraTap","time":176,"angle":202.5},{"angle":202.5,"time":176.5,"type":"extraTap"},{"type":"extraTap","time":176.75,"angle":180},{"angle":202.5,"time":177.5,"type":"extraTap"},{"angle":180,"time":178,"type":"extraTap"},{"angle":191.25,"time":179,"type":"extraTap"},{"angle":191.25,"time":180,"type":"extraTap"}]