[{"time":0,"type":"forcePlayerSprite","angle":202.5,"spriteName":"miss"},{"time":0,"angle":135,"newWidth":45,"paddle":1,"type":"paddles","ease":"linear","duration":0.5},{"time":0,"angle":225,"value":1.5,"ease":"linear","type":"ease","var":"scrollSpeed","duration":0.025000000372529},{"time":0,"angle":112.5,"value":1,"var":"vfx.canvPos.sx","type":"ease","ease":"linear","duration":0.025000000372529},{"time":0,"angle":90,"value":1,"var":"vfx.canvPos.sy","type":"ease","ease":"linear","duration":0.025000000372529},{"time":0,"angle":247.5,"enable":true,"color":0,"type":"outline"},{"time":0,"angle":270,"r":0,"b":0,"type":"setColor","color":0,"g":0},{"time":0,"angle":292.5,"color":1,"b":22,"type":"setColor","r":142,"g":22},{"time":0,"angle":315,"type":"setBgColor","color":1}]