[{"time":0,"angle":225,"newWidth":70,"paddle":1,"type":"paddles","ease":"linear","duration":0.5},{"time":0,"angle":202.5,"value":1.2000000476837,"ease":"linear","type":"ease","var":"scrollSpeed","duration":0.025000000372529},{"time":0,"angle":247.5,"type":"extraTap"},{"r":255,"b":255,"ease":"linear","time":0,"angle":157.5,"color":0,"type":"setColor","g":255,"duration":1.5},{"time":0,"angle":135,"type":"setBgColor","color":0},{"time":0,"angle":112.5,"enable":true,"color":1,"type":"outline"},{"time":0,"angle":90,"r":0,"b":0,"type":"setColor","color":1,"g":0}]