[{"angle2":360,"time":10,"duration":1,"type":"hold","angle":292.5,"holdEase":"inQuint"},{"angle2":67.5,"type":"hold","duration":1,"time":11,"startTap":true,"angle":0,"holdEase":"inQuint"},{"angle2":-360,"time":12,"duration":1,"type":"hold","angle":-292.5,"holdEase":"inQuint"},{"angle2":-67.5,"type":"hold","duration":1,"time":13,"startTap":true,"angle":0,"holdEase":"inQuint"},{"angle2":360,"time":14,"duration":1,"type":"hold","angle":292.5,"holdEase":"inQuint"},{"angle2":67.5,"type":"hold","duration":1,"time":15,"startTap":true,"angle":0,"holdEase":"inQuint"},{"angle2":-427.5,"duration":1,"angle":-292.5,"type":"hold","time":16},{"angle2":-360,"time":18,"duration":1,"type":"hold","angle":-292.5,"holdEase":"inQuint"},{"angle2":-67.5,"type":"hold","duration":1,"time":19,"startTap":true,"angle":0,"holdEase":"inQuint"},{"angle2":360,"time":20,"duration":1,"type":"hold","angle":292.5,"holdEase":"inQuint"},{"angle2":67.5,"type":"hold","duration":1,"time":21,"startTap":true,"angle":0,"holdEase":"inQuint"},{"angle2":-360,"endTap":true,"duration":1,"time":22,"type":"hold","angle":-292.5,"holdEase":"inQuint"},{"time":23.5,"type":"block","angle":360},{"time":23.75,"type":"block","angle":360},{"time":24,"type":"block","angle":337.5},{"time":24.25,"type":"block","angle":315},{"time":24.5,"type":"block","angle":292.5},{"time":24.75,"type":"block","angle":270},{"time":25,"type":"block","angle":247.5},{"time":25.25,"type":"block","angle":225},{"time":25.5,"type":"block","angle":202.5},{"angle2":180,"time":26,"duration":1,"type":"hold","angle":112.5,"holdEase":"inQuint"},{"angle2":-112.5,"type":"hold","duration":1,"time":27,"startTap":true,"angle":-180,"holdEase":"inQuint"},{"angle2":-540,"time":28,"duration":1,"type":"hold","angle":-472.5,"holdEase":"inQuint"},{"angle2":-247.5,"type":"hold","duration":1,"time":29,"startTap":true,"angle":-180,"holdEase":"inQuint"},{"angle2":180,"time":30,"duration":1,"type":"hold","angle":112.5,"holdEase":"inQuint"},{"angle2":-112.5,"type":"hold","duration":1,"time":31,"startTap":true,"angle":-180,"holdEase":"inQuint"},{"angle2":-607.5,"duration":1,"angle":-472.5,"type":"hold","time":32},{"angle2":-540,"time":34,"duration":1,"type":"hold","angle":-472.5,"holdEase":"inQuint"},{"angle2":-247.5,"type":"hold","duration":1,"time":35,"startTap":true,"angle":-180,"holdEase":"inQuint"},{"angle2":180,"time":36,"duration":1,"type":"hold","angle":112.5,"holdEase":"inQuint"},{"angle2":-112.5,"type":"hold","duration":1,"time":37,"startTap":true,"angle":-180,"holdEase":"inQuint"},{"angle2":-540,"time":38,"duration":1,"type":"hold","angle":-472.5,"holdEase":"inQuint"},{"angle2":-247.5,"type":"hold","duration":1,"time":39,"startTap":true,"angle":-180,"holdEase":"inQuint"},{"angle2":247.5,"duration":1,"angle":112.5,"type":"hold","time":40},{"time":42.5,"type":"block","angle":22.5},{"time":43,"type":"block","angle":360},{"time":43.5,"type":"block","angle":337.5},{"time":44,"type":"block","angle":360},{"time":44.5,"type":"block","angle":22.5},{"time":45.5,"type":"block","angle":270},{"angle2":315,"time":46,"duration":1,"type":"hold","angle":270,"holdEase":"inOutQuad"},{"angle2":270,"time":47,"duration":1,"type":"hold","angle":315,"holdEase":"inOutQuart"},{"angle2":292.5,"time":46,"duration":0.5,"type":"hold","angle":270,"holdEase":"inOutQuint"},{"angle2":292.5,"time":47,"duration":0.5,"type":"hold","angle":315,"holdEase":"inOutQuint"},{"time":49,"type":"block","angle":90},{"time":51,"type":"block","angle":-360},{"time":52,"type":"block","angle":-360},{"time":53.5,"type":"block","angle":-270},{"angle2":-315,"time":54,"duration":1,"type":"hold","angle":-270,"holdEase":"inOutQuad"},{"angle2":-270,"time":55,"duration":1,"type":"hold","angle":-315,"holdEase":"inOutQuart"},{"angle2":-292.5,"time":54,"duration":0.5,"type":"hold","angle":-270,"holdEase":"inOutQuint"},{"angle2":-292.5,"time":55,"duration":0.5,"type":"hold","angle":-315,"holdEase":"inOutQuint"},{"time":58.75,"type":"block","angle":202.5},{"time":59,"type":"block","angle":180},{"time":60,"type":"block","angle":180},{"time":60.5,"type":"block","angle":180},{"time":61.5,"type":"block","angle":225},{"time":61.75,"type":"block","angle":202.5},{"time":62,"type":"block","angle":180},{"time":62.5,"type":"block","angle":202.5},{"time":63,"type":"block","angle":225},{"time":63.5,"type":"block","angle":202.5},{"time":64,"type":"block","angle":180},{"time":64.5,"type":"block","angle":157.5},{"time":65,"type":"block","angle":135},{"time":65.5,"type":"block","angle":157.5},{"time":66,"type":"block","angle":180},{"angle2":-67.5,"duration":1,"angle":67.5,"type":"mineHold","time":17},{"angle2":180,"duration":0.75,"angle":180,"type":"mineHold","time":23},{"angle2":157.5,"duration":0.25,"angle":180,"type":"mineHold","time":23.75},{"angle2":-67.5,"duration":2,"angle":157.5,"type":"mineHold","time":24},{"angle2":112.5,"duration":1,"angle":247.5,"type":"mineHold","time":33},{"angle2":247.5,"duration":1,"angle":360,"type":"mineHold","time":41},{"angle2":180,"duration":1,"angle":180,"type":"mineHold","time":42.5},{"angle2":157.5,"duration":0.5,"angle":157.5,"type":"mineHold","time":44},{"angle2":202.5,"duration":0.5,"angle":202.5,"type":"mineHold","time":44},{"angle2":202.5,"duration":1,"angle":202.5,"type":"mineHold","time":46},{"angle2":157.5,"duration":1,"angle":157.5,"type":"mineHold","time":46},{"angle2":180,"duration":2.5,"angle":180,"type":"mineHold","time":45.5},{"angle2":135,"duration":1,"angle":180,"type":"mineHold","time":49},{"angle2":225,"duration":1,"angle":180,"type":"mineHold","time":49},{"time":50.5,"type":"block","angle":22.5},{"time":51.5,"type":"block","angle":337.5},{"time":52.5,"type":"block","angle":22.5},{"time":57,"type":"block","angle":90},{"angle2":180,"duration":1,"angle":180,"type":"mineHold","time":50.5},{"angle2":157.5,"duration":0.5,"angle":157.5,"type":"mineHold","time":52},{"angle2":202.5,"duration":0.5,"angle":202.5,"type":"mineHold","time":52},{"angle2":202.5,"duration":1,"angle":202.5,"type":"mineHold","time":54},{"angle2":157.5,"duration":1,"angle":157.5,"type":"mineHold","time":54},{"angle2":180,"duration":2.5,"angle":180,"type":"mineHold","time":53.5},{"time":67,"type":"extraTap","angle":180},{"time":68,"type":"extraTap","angle":360},{"angle2":90,"time":57,"duration":1,"type":"mineHold","angle":180,"holdEase":"inQuad"},{"angle2":90,"time":57,"duration":1,"type":"mineHold","angle":180,"holdEase":"outQuad"},{"time":59.75,"type":"block","angle":157.5},{"time":69.5,"type":"block","angle":0},{"time":70.5,"type":"block","angle":315},{"time":70.75,"type":"block","angle":337.5},{"time":71,"type":"block","angle":360},{"time":71.5,"type":"block","angle":45},{"time":71.75,"type":"block","angle":22.5},{"time":72,"type":"block","angle":360},{"time":72.5,"type":"block","angle":270},{"time":73,"type":"block","angle":180},{"time":73.5,"type":"block","angle":90},{"time":74,"angle":0,"type":"block","tap":true},{"angle2":202.5,"time":78,"duration":0.5,"type":"hold","angle":157.5,"holdEase":"inOutQuad"},{"time":78.75,"type":"block","angle":202.5},{"time":79,"type":"block","angle":180},{"time":74.125,"type":"block","angle":0},{"time":74.1875,"type":"block","angle":354.38186645508},{"time":74.1875,"type":"block","angle":5.4416947364807},{"time":74.0625,"type":"block","angle":356.84350585938},{"time":74.0625,"type":"block","angle":2.7524855136871},{"time":75,"angle":-67.5,"type":"block","tap":true},{"time":75.125,"type":"block","angle":-67.5},{"time":75.1875,"type":"block","angle":286.88186645508},{"time":75.1875,"type":"block","angle":-62.058305263519},{"time":75.0625,"type":"block","angle":289.34350585938},{"time":75.0625,"type":"block","angle":-64.747514486313},{"time":76,"angle":67.5,"type":"block","tap":true},{"time":76.125,"type":"block","angle":67.5},{"time":76.1875,"type":"block","angle":-286.88186645508},{"time":76.1875,"type":"block","angle":62.058305263519},{"time":76.0625,"type":"block","angle":-289.34350585938},{"time":76.0625,"type":"block","angle":64.747514486313},{"time":77,"angle":0,"type":"block","tap":true},{"time":77.125,"type":"block","angle":0},{"time":77.1875,"type":"block","angle":-354.38186645508},{"time":77.1875,"type":"block","angle":-5.4416947364807},{"time":77.0625,"type":"block","angle":-356.84350585938},{"time":77.0625,"type":"block","angle":-2.7524855136871},{"time":79.5,"type":"block","angle":135},{"time":79.75,"type":"block","angle":157.5},{"time":80,"type":"block","angle":180},{"time":80.25,"type":"block","angle":157.5},{"time":80.5,"type":"block","angle":135},{"time":81,"type":"block","angle":180},{"time":81.25,"type":"block","angle":202.5},{"time":81.5,"type":"block","angle":225},{"angle2":22.5,"time":82,"duration":0.5,"type":"hold","angle":-22.5,"holdEase":"inOutSine"},{"angle2":-22.5,"time":82.5,"duration":0.5,"type":"hold","angle":22.5,"holdEase":"inOutSine"},{"angle2":22.5,"time":83,"duration":0.5,"type":"hold","angle":-22.5,"holdEase":"inOutSine"},{"angle2":562.5,"duration":0,"angle":337.5,"type":"mineHold","time":84.5},{"angle2":607.5,"duration":0,"angle":382.5,"type":"mineHold","time":85},{"angle2":652.5,"duration":0,"angle":427.5,"type":"mineHold","time":85.5},{"angle2":22.5,"time":86,"duration":0.5,"type":"hold","angle":-22.5,"holdEase":"inOutQuad"},{"time":86.75,"type":"block","angle":22.5},{"time":87,"type":"block","angle":0},{"time":87.5,"type":"block","angle":-45},{"time":87.75,"type":"block","angle":-22.5},{"time":88,"type":"block","angle":0},{"time":88.25,"type":"block","angle":-22.5},{"time":88.5,"type":"block","angle":-45},{"time":89,"type":"block","angle":0},{"time":89.25,"type":"block","angle":22.5},{"time":89.5,"type":"block","angle":45},{"angle2":-157.5,"time":90,"duration":0.5,"type":"hold","angle":-202.5,"holdEase":"inOutSine"},{"angle2":-202.5,"time":90.5,"duration":0.5,"type":"hold","angle":-157.5,"holdEase":"inOutSine"},{"angle2":-157.5,"time":91,"duration":0.5,"type":"hold","angle":-202.5,"holdEase":"inOutSine"},{"angle2":382.5,"duration":0,"angle":157.5,"type":"mineHold","time":92.5},{"angle2":427.5,"duration":0,"angle":202.5,"type":"mineHold","time":93},{"angle2":472.5,"duration":0,"angle":247.5,"type":"mineHold","time":93.5},{"time":84.5,"type":"extraTap","angle":360},{"time":85,"type":"extraTap","angle":0},{"time":92.5,"type":"extraTap","angle":180},{"time":93,"type":"extraTap","angle":180},{"time":93.5,"type":"extraTap","angle":180},{"time":85.5,"type":"extraTap","angle":0},{"time":94,"type":"block","angle":-180},{"time":94.75,"type":"block","angle":-202.5},{"time":95,"type":"block","angle":-180},{"time":96,"type":"block","angle":-180},{"time":96.5,"type":"block","angle":-180},{"time":97.5,"type":"block","angle":-225},{"time":97.75,"type":"block","angle":-202.5},{"time":98,"type":"block","angle":-180},{"time":98.5,"type":"block","angle":-202.5},{"time":99,"type":"block","angle":-225},{"time":99.5,"type":"block","angle":-202.5},{"time":100,"type":"block","angle":-180},{"time":100.5,"type":"block","angle":-157.5},{"time":101,"type":"block","angle":-135},{"time":101.5,"type":"block","angle":-157.5},{"time":102,"type":"block","angle":-180},{"time":103,"type":"extraTap","angle":-180},{"time":104,"type":"extraTap","angle":-360},{"time":95.75,"type":"block","angle":-157.5},{"time":105.5,"type":"block","angle":0},{"time":106.5,"type":"block","angle":-315},{"time":106.75,"type":"block","angle":-337.5},{"time":107,"type":"block","angle":-360},{"time":107.5,"type":"block","angle":-45},{"time":107.75,"type":"block","angle":-22.5},{"time":108,"type":"block","angle":-360},{"time":108.5,"type":"block","angle":-270},{"angle2":393.75,"time":110,"duration":0.5,"type":"mineHold","angle":360,"holdEase":"inOutSine"},{"angle2":11.25,"time":110.5,"duration":0.5,"type":"mineHold","angle":33.75,"holdEase":"inCubic"},{"angle2":-11.25,"time":110.75,"duration":0.25,"type":"mineHold","angle":0,"holdEase":"inCirc"},{"angle2":-393.75,"time":110,"duration":0.5,"type":"mineHold","angle":-360,"holdEase":"inOutSine"},{"angle2":-11.25,"time":110.5,"duration":0.5,"type":"mineHold","angle":-33.75,"holdEase":"inCubic"},{"angle2":11.25,"time":110.75,"duration":0.25,"type":"mineHold","angle":0,"holdEase":"inCirc"},{"angle2":393.75,"time":112,"duration":0.5,"type":"mineHold","angle":360,"holdEase":"inOutSine"},{"angle2":11.25,"time":112.5,"duration":0.5,"type":"mineHold","angle":33.75,"holdEase":"inCubic"},{"angle2":-11.25,"time":112.75,"duration":0.25,"type":"mineHold","angle":0,"holdEase":"inCirc"},{"angle2":-393.75,"time":112,"duration":0.5,"type":"mineHold","angle":-360,"holdEase":"inOutSine"},{"angle2":-11.25,"time":112.5,"duration":0.5,"type":"mineHold","angle":-33.75,"holdEase":"inCubic"},{"angle2":11.25,"time":112.75,"duration":0.25,"type":"mineHold","angle":0,"holdEase":"inCirc"},{"angle2":382.5,"time":114,"duration":0.25,"type":"mineHold","angle":360,"holdEase":"inOutSine"},{"angle2":11.25,"time":114.25,"duration":0.25,"type":"mineHold","angle":22.5,"holdEase":"inCubic"},{"angle2":-11.25,"time":114.25,"duration":0.25,"type":"mineHold","angle":0,"holdEase":"inCirc"},{"angle2":-382.5,"time":114,"duration":0.25,"type":"mineHold","angle":-360,"holdEase":"inOutSine"},{"angle2":11.25,"time":114.25,"duration":0.25,"type":"mineHold","angle":0,"holdEase":"inCirc"},{"angle2":348.75,"time":114.25,"duration":0.25,"type":"mineHold","angle":337.5,"holdEase":"inCubic"},{"angle2":427.5,"time":115,"duration":0.25,"type":"mineHold","angle":405,"holdEase":"inOutSine"},{"angle2":56.25,"time":115.25,"duration":0.25,"type":"mineHold","angle":67.5,"holdEase":"inCubic"},{"angle2":33.75,"time":115.25,"duration":0.25,"type":"mineHold","angle":45,"holdEase":"inCirc"},{"angle2":-337.5,"time":115,"duration":0.25,"type":"mineHold","angle":-315,"holdEase":"inOutSine"},{"angle2":56.25,"time":115.25,"duration":0.25,"type":"mineHold","angle":45,"holdEase":"inCirc"},{"angle2":393.75,"time":115.25,"duration":0.25,"type":"mineHold","angle":382.5,"holdEase":"inCubic"},{"angle2":337.5,"time":115,"duration":0.25,"type":"mineHold","angle":315,"holdEase":"inOutSine"},{"angle2":-33.75,"time":115.25,"duration":0.25,"type":"mineHold","angle":-22.5,"holdEase":"inCubic"},{"angle2":-56.25,"time":115.25,"duration":0.25,"type":"mineHold","angle":-45,"holdEase":"inCirc"},{"angle2":-427.5,"time":115,"duration":0.25,"type":"mineHold","angle":-405,"holdEase":"inOutSine"},{"angle2":-33.75,"time":115.25,"duration":0.25,"type":"mineHold","angle":-45,"holdEase":"inCirc"},{"angle2":303.75,"time":115.25,"duration":0.25,"type":"mineHold","angle":292.5,"holdEase":"inCubic"},{"angle2":292.5,"time":116,"duration":0.25,"type":"mineHold","angle":270,"holdEase":"inOutSine"},{"angle2":-78.75,"time":116.25,"duration":0.25,"type":"mineHold","angle":-67.5,"holdEase":"inCubic"},{"angle2":-101.25,"time":116.25,"duration":0.25,"type":"mineHold","angle":-90,"holdEase":"inCirc"},{"angle2":-472.5,"time":116,"duration":0.25,"type":"mineHold","angle":-450,"holdEase":"inOutSine"},{"angle2":-78.75,"time":116.25,"duration":0.25,"type":"mineHold","angle":-90,"holdEase":"inCirc"},{"angle2":258.75,"time":116.25,"duration":0.25,"type":"mineHold","angle":247.5,"holdEase":"inCubic"},{"angle2":382.5,"time":116,"duration":0.25,"type":"mineHold","angle":360,"holdEase":"inOutSine"},{"angle2":11.25,"time":116.25,"duration":0.25,"type":"mineHold","angle":22.5,"holdEase":"inCubic"},{"angle2":-11.25,"time":116.25,"duration":0.25,"type":"mineHold","angle":0,"holdEase":"inCirc"},{"angle2":-382.5,"time":116,"duration":0.25,"type":"mineHold","angle":-360,"holdEase":"inOutSine"},{"angle2":11.25,"time":116.25,"duration":0.25,"type":"mineHold","angle":0,"holdEase":"inCirc"},{"angle2":348.75,"time":116.25,"duration":0.25,"type":"mineHold","angle":337.5,"holdEase":"inCubic"},{"angle2":472.5,"time":116,"duration":0.25,"type":"mineHold","angle":450,"holdEase":"inOutSine"},{"angle2":101.25,"time":116.25,"duration":0.25,"type":"mineHold","angle":112.5,"holdEase":"inCubic"},{"angle2":78.75,"time":116.25,"duration":0.25,"type":"mineHold","angle":90,"holdEase":"inCirc"},{"angle2":-292.5,"time":116,"duration":0.25,"type":"mineHold","angle":-270,"holdEase":"inOutSine"},{"angle2":101.25,"time":116.25,"duration":0.25,"type":"mineHold","angle":90,"holdEase":"inCirc"},{"angle2":438.75,"time":116.25,"duration":0.25,"type":"mineHold","angle":427.5,"holdEase":"inCubic"},{"time":109,"type":"block","angle":180},{"time":109.5,"type":"block","angle":270},{"time":110,"type":"block","angle":180},{"time":111,"angle":90,"type":"block","tap":true},{"time":112,"angle":180,"type":"block","tap":true},{"time":113,"angle":270,"type":"block","tap":true},{"angle2":180,"type":"hold","duration":0.5,"startTap":true,"angle":180,"time":114},{"angle2":168.75,"type":"hold","duration":0.5,"startTap":true,"angle":191.25,"time":115},{"angle2":191.25,"type":"hold","duration":0.5,"startTap":true,"angle":168.75,"time":115},{"angle2":180,"type":"hold","duration":0.5,"startTap":true,"angle":180,"time":115},{"angle2":180,"type":"hold","duration":0.5,"startTap":true,"angle":180,"time":116},{"angle2":168.75,"type":"hold","duration":0.5,"startTap":true,"angle":191.25,"time":116},{"angle2":191.25,"type":"hold","duration":0.5,"startTap":true,"angle":168.75,"time":116},{"angle2":202.5,"type":"hold","duration":0.5,"startTap":true,"angle":157.5,"time":116},{"angle2":157.5,"type":"hold","duration":0.5,"startTap":true,"angle":202.5,"time":116},{"time":117,"type":"mine","angle":180},{"time":1,"type":"block","angle":315},{"time":0.66666668653488,"type":"block","angle":0},{"time":1.3333333730698,"type":"block","angle":292.5},{"time":2,"type":"block","angle":45},{"time":2.3333332538605,"type":"block","angle":67.5},{"time":2.6666667461395,"type":"block","angle":90},{"time":1.6666666269302,"type":"block","angle":270},{"angle2":360,"duration":1.9999997615814,"angle":360,"type":"hold","time":3},{"angle2":22.5,"time":3,"duration":0.99999976158142,"type":"hold","angle":0,"holdEase":"outSine"},{"angle2":-22.5,"time":3,"duration":1,"type":"hold","angle":0,"holdEase":"outSine"},{"angle2":360,"time":4,"duration":1,"type":"hold","angle":337.5,"holdEase":"inSine"},{"angle2":0,"time":4,"duration":1,"type":"hold","angle":22.5,"holdEase":"inSine"},{"angle2":-573.75,"time":8,"duration":0.5,"type":"mineHold","angle":-540,"holdEase":"inOutSine"},{"angle2":-191.25,"time":8.5,"duration":0.5,"type":"mineHold","angle":-213.75,"holdEase":"inCubic"},{"angle2":-168.75,"time":8.75,"duration":0.25,"type":"mineHold","angle":-180,"holdEase":"inCirc"},{"angle2":213.75,"time":8,"duration":0.5,"type":"mineHold","angle":180,"holdEase":"inOutSine"},{"angle2":-168.75,"time":8.5,"duration":0.5,"type":"mineHold","angle":-146.25,"holdEase":"inCubic"},{"angle2":-191.25,"time":8.75,"duration":0.25,"type":"mineHold","angle":-180,"holdEase":"inCirc"},{"angle2":-22.5,"time":118,"duration":0.5,"startTap":true,"type":"hold","angle":0},{"angle2":382.5,"duration":0.5,"angle":337.5,"type":"hold","time":118.5},{"time":119.5,"type":"block","angle":315},{"time":119.75,"type":"block","angle":292.5},{"angle2":337.5,"duration":0.5,"angle":270,"type":"hold","time":120},{"angle2":315,"duration":0.25,"angle":337.5,"type":"hold","time":120.5},{"angle2":337.5,"duration":0.25,"angle":315,"type":"hold","time":120.75},{"angle2":270,"duration":0.5,"angle":337.5,"type":"hold","time":121},{"angle2":-360,"duration":1,"angle":0,"type":"mineHold","time":122},{"time":122,"angle":90,"type":"side","tap":true},{"time":123,"type":"side","angle":270},{"time":124,"type":"side","angle":90},{"time":122.5,"type":"block","angle":360},{"time":122.75,"type":"block","angle":315},{"time":123.5,"type":"block","angle":180},{"time":123.75,"type":"block","angle":135},{"time":124.5,"type":"block","angle":0},{"time":124.75,"type":"block","angle":315},{"angle2":360,"duration":0.5,"angle":270,"type":"hold","time":125},{"angle2":135,"duration":0.25,"angle":157.5,"type":"hold","time":126.5},{"angle2":157.5,"duration":0.25,"angle":135,"type":"hold","time":126.75},{"angle2":90,"duration":0.5,"angle":157.5,"type":"hold","time":127},{"time":127.75,"type":"block","angle":45},{"angle2":90,"duration":1,"angle":180,"type":"mineHold","time":118},{"angle2":180,"duration":1,"angle":90,"type":"mineHold","time":119},{"angle2":90,"duration":1,"angle":180,"type":"mineHold","time":120},{"angle2":247.5,"duration":1,"angle":360,"type":"mineHold","time":127},{"angle2":360,"duration":1,"angle":247.5,"type":"mineHold","time":128},{"angle2":-112.5,"duration":1,"angle":0,"type":"mineHold","time":129},{"time":128.5,"type":"block","angle":90},{"time":128.75,"type":"block","angle":135},{"time":128,"type":"side","angle":360},{"time":129,"type":"side","angle":180},{"time":129.5,"type":"block","angle":90},{"time":130.75,"type":"block","angle":112.5},{"time":130.5,"type":"block","angle":135},{"time":131,"type":"block","angle":157.5},{"time":131.25,"type":"block","angle":135},{"time":131.5,"type":"block","angle":157.5},{"time":131.75,"type":"block","angle":112.5},{"time":132,"type":"block","angle":135},{"time":122,"type":"extraTap","angle":270},{"time":126,"type":"extraTap","angle":270},{"angle2":157.5,"type":"hold","duration":0.5,"startTap":true,"angle":90,"time":126},{"time":118,"type":"extraTap","angle":270},{"time":130,"type":"extraTap","angle":180},{"time":58,"type":"side","angle":180},{"angle2":360,"duration":1,"angle":247.5,"type":"mineHold","time":130},{"time":130,"angle":360,"type":"side","tap":true},{"time":132.5,"type":"block","angle":-157.5},{"time":132.75,"type":"block","angle":-112.5},{"time":133,"type":"block","angle":-135},{"time":133.5,"type":"block","angle":135},{"angle2":540,"duration":2,"angle":180,"type":"mineHold","time":136},{"time":137,"type":"side","angle":180},{"time":138,"type":"side","angle":0},{"time":136,"type":"side","angle":0},{"time":139,"type":"side","angle":180},{"time":140,"type":"side","angle":0},{"angle2":540,"duration":2,"angle":180,"type":"mineHold","time":138},{"angle2":540,"duration":2,"angle":180,"type":"mineHold","time":140},{"time":141,"type":"side","angle":180},{"time":135.5,"type":"block","angle":270},{"time":135.75,"type":"block","angle":315},{"time":137.5,"type":"block","angle":270},{"time":139.5,"type":"block","angle":270},{"time":141.5,"type":"block","angle":270},{"angle2":-22.5,"duration":1,"angle":22.5,"type":"mineHold","time":59},{"angle2":382.5,"duration":1,"angle":337.5,"type":"mineHold","time":60},{"angle2":-22.5,"duration":1,"angle":22.5,"type":"mineHold","time":61},{"angle2":382.5,"duration":1,"angle":337.5,"type":"mineHold","time":62},{"angle2":-22.5,"duration":1,"angle":22.5,"type":"mineHold","time":63},{"angle2":382.5,"duration":1,"angle":337.5,"type":"mineHold","time":64},{"angle2":-22.5,"duration":1,"angle":22.5,"type":"mineHold","time":65},{"angle2":-22.5,"duration":1,"angle":22.5,"type":"mineHold","time":62},{"angle2":382.5,"duration":1,"angle":337.5,"type":"mineHold","time":63},{"angle2":-22.5,"duration":1,"angle":22.5,"type":"mineHold","time":64},{"angle2":382.5,"duration":1,"angle":337.5,"type":"mineHold","time":65},{"angle2":-22.5,"duration":0,"angle":22.5,"type":"mineHold","time":66},{"angle2":157.5,"duration":0,"angle":202.5,"type":"mineHold","time":74},{"angle2":135,"duration":0,"angle":225,"type":"mineHold","time":75},{"angle2":112.5,"duration":0,"angle":247.5,"type":"mineHold","time":76},{"angle2":90,"duration":0,"angle":270,"type":"mineHold","time":77},{"time":142,"type":"block","angle":22.5},{"time":142.25,"type":"block","angle":22.5},{"time":142.5,"type":"block","angle":337.5},{"time":142.75,"type":"block","angle":337.5},{"time":143,"type":"block","angle":360},{"time":143.5,"type":"block","angle":315},{"time":143.75,"type":"block","angle":292.5},{"angle2":360,"duration":0.5,"angle":270,"type":"hold","time":144},{"angle2":315,"duration":0.25,"angle":360,"type":"hold","time":144.5},{"angle2":360,"duration":0.25,"angle":315,"type":"hold","time":144.75},{"angle2":270,"duration":0.5,"angle":360,"type":"hold","time":145},{"time":146,"type":"block","angle":135},{"time":146.25,"type":"block","angle":135},{"time":146.5,"type":"block","angle":112.5},{"time":146.75,"type":"block","angle":112.5},{"time":147,"type":"block","angle":90},{"time":147.25,"type":"block","angle":90},{"time":147.5,"type":"block","angle":67.5},{"time":147.75,"type":"block","angle":67.5},{"time":148,"angle":45,"type":"block","tap":true},{"time":148.5,"angle":315,"type":"block","tap":true},{"time":149,"angle":180,"type":"block","tap":true},{"time":134,"type":"extraTap","angle":180},{"angle2":382.5,"duration":1,"angle":337.5,"type":"mineHold","time":95},{"angle2":-22.5,"duration":1,"angle":22.5,"type":"mineHold","time":96},{"angle2":382.5,"duration":1,"angle":337.5,"type":"mineHold","time":97},{"angle2":-22.5,"duration":1,"angle":22.5,"type":"mineHold","time":98},{"angle2":382.5,"duration":1,"angle":337.5,"type":"mineHold","time":98},{"angle2":-22.5,"duration":1,"angle":22.5,"type":"mineHold","time":99},{"angle2":382.5,"duration":1,"angle":337.5,"type":"mineHold","time":99},{"angle2":-22.5,"duration":1,"angle":22.5,"type":"mineHold","time":100},{"angle2":382.5,"duration":1,"angle":337.5,"type":"mineHold","time":100},{"angle2":-22.5,"duration":1,"angle":22.5,"type":"mineHold","time":101},{"angle2":382.5,"duration":1,"angle":337.5,"type":"mineHold","time":101},{"angle2":-22.5,"duration":0,"angle":22.5,"type":"mineHold","time":102},{"angle2":22.5,"type":"hold","duration":0.5,"startTap":true,"angle":0,"time":150},{"angle2":-382.5,"duration":0.5,"angle":-337.5,"type":"hold","time":150.5},{"time":151.5,"type":"block","angle":-315},{"time":151.75,"type":"block","angle":-292.5},{"angle2":-337.5,"duration":0.5,"angle":-270,"type":"hold","time":152},{"angle2":-315,"duration":0.25,"angle":-337.5,"type":"hold","time":152.5},{"angle2":-337.5,"duration":0.25,"angle":-315,"type":"hold","time":152.75},{"angle2":-270,"duration":0.5,"angle":-337.5,"type":"hold","time":153},{"angle2":360,"duration":1,"angle":0,"type":"mineHold","time":154},{"time":154,"angle":-90,"type":"side","tap":true},{"time":155,"type":"side","angle":-270},{"time":156,"type":"side","angle":-90},{"time":154.5,"type":"block","angle":-360},{"time":154.75,"type":"block","angle":-315},{"time":155.5,"type":"block","angle":-180},{"time":155.75,"type":"block","angle":-135},{"time":156.5,"type":"block","angle":0},{"time":156.75,"type":"block","angle":-315},{"angle2":-360,"duration":0.5,"angle":-270,"type":"hold","time":157},{"angle2":-135,"duration":0.25,"angle":-157.5,"type":"hold","time":158.5},{"angle2":-157.5,"duration":0.25,"angle":-135,"type":"hold","time":158.75},{"angle2":-90,"duration":0.5,"angle":-157.5,"type":"hold","time":159},{"time":159.75,"type":"block","angle":-45},{"angle2":-90,"duration":1,"angle":-180,"type":"mineHold","time":150},{"angle2":-180,"duration":1,"angle":-90,"type":"mineHold","time":151},{"angle2":-90,"duration":1,"angle":-180,"type":"mineHold","time":152},{"angle2":-247.5,"duration":1,"angle":-360,"type":"mineHold","time":159},{"angle2":-360,"duration":1,"angle":-247.5,"type":"mineHold","time":160},{"angle2":112.5,"duration":1,"angle":0,"type":"mineHold","time":161},{"time":160.5,"type":"block","angle":-90},{"time":160.75,"type":"block","angle":-135},{"time":160,"type":"side","angle":-360},{"time":161,"type":"side","angle":-180},{"time":161.5,"type":"block","angle":-90},{"time":162.75,"type":"block","angle":-112.5},{"time":162.5,"type":"block","angle":-135},{"time":163,"type":"block","angle":-157.5},{"time":163.25,"type":"block","angle":-135},{"time":163.5,"type":"block","angle":-157.5},{"time":163.75,"type":"block","angle":-112.5},{"time":164,"type":"block","angle":-135},{"time":154,"type":"extraTap","angle":-270},{"time":158,"type":"extraTap","angle":-270},{"angle2":-157.5,"time":158,"duration":0.5,"startTap":true,"type":"hold","angle":-90},{"time":150,"type":"extraTap","angle":-270},{"time":162,"type":"extraTap","angle":-180},{"angle2":-360,"duration":1,"angle":-247.5,"type":"mineHold","time":162},{"time":162,"angle":-360,"type":"side","tap":true},{"time":164.5,"type":"block","angle":157.5},{"time":164.75,"type":"block","angle":112.5},{"time":165,"type":"block","angle":135},{"time":165.5,"type":"block","angle":-135},{"angle2":112.5,"time":166,"duration":1,"angle":0,"startTap":true,"type":"hold","holdEase":"outSine"},{"angle2":-247.5,"time":166,"duration":1,"type":"hold","startTap":true,"angle":-337.5,"holdEase":"inSine"},{"time":166.25,"type":"block","angle":-315},{"time":166.5,"type":"block","angle":-292.5},{"time":166.75,"type":"block","angle":-270},{"angle2":-540,"duration":2,"angle":-180,"type":"mineHold","time":168},{"time":169,"type":"side","angle":-180},{"time":170,"type":"side","angle":0},{"time":168,"type":"side","angle":0},{"time":171,"type":"side","angle":-180},{"time":172,"type":"side","angle":0},{"angle2":-540,"duration":2,"angle":-180,"type":"mineHold","time":172},{"time":173,"type":"side","angle":-180},{"time":167.5,"type":"block","angle":-270},{"time":167.75,"type":"block","angle":-315},{"time":169.5,"type":"block","angle":-270},{"time":171.5,"type":"block","angle":-270},{"time":173.5,"type":"block","angle":-270},{"time":178,"type":"block","angle":-135},{"time":178.25,"type":"block","angle":-135},{"time":178.5,"type":"block","angle":-112.5},{"time":178.75,"type":"block","angle":-112.5},{"time":179,"type":"block","angle":-90},{"time":179.25,"type":"block","angle":-90},{"time":179.5,"type":"block","angle":-67.5},{"time":179.75,"type":"block","angle":-67.5},{"time":180,"angle":-45,"type":"block","tap":true},{"time":180.5,"angle":45,"type":"block","tap":true},{"time":181,"angle":-180,"type":"block","tap":true},{"time":166,"type":"extraTap","angle":-180},{"angle2":180,"duration":0,"angle":225,"type":"mineHold","time":142.25},{"angle2":180,"duration":0,"angle":112.5,"type":"mineHold","time":142.5},{"angle2":180,"duration":0,"angle":270,"type":"mineHold","time":142.75},{"angle2":180,"duration":0,"angle":67.5,"type":"mineHold","time":143},{"angle2":202.5,"duration":0.5,"angle":225,"type":"mineHold","time":144},{"angle2":22.5,"duration":0.5,"angle":45,"type":"mineHold","time":145},{"angle2":-540,"duration":2,"angle":-180,"type":"mineHold","time":170.01286010742},{"angle2":-540,"duration":2,"angle":-180,"type":"mineHold","time":170.01286315918},{"time":174.25,"type":"block","angle":-22.5},{"time":174.5,"type":"block","angle":-337.5},{"time":174.75,"type":"block","angle":-337.5},{"time":175,"type":"block","angle":-360},{"time":175.5,"type":"block","angle":-315},{"time":175.75,"type":"block","angle":-292.5},{"angle2":-360,"duration":0.5,"angle":-270,"type":"hold","time":176},{"angle2":-315,"duration":0.25,"angle":-360,"type":"hold","time":176.5},{"angle2":-360,"duration":0.25,"angle":-315,"type":"hold","time":176.75},{"angle2":-270,"duration":0.5,"angle":-360,"type":"hold","time":177},{"angle2":-180,"duration":0,"angle":-225,"type":"mineHold","time":174.25},{"angle2":-180,"duration":0,"angle":-112.5,"type":"mineHold","time":174.5},{"angle2":-180,"duration":0,"angle":-270,"type":"mineHold","time":174.75},{"angle2":-180,"duration":0,"angle":-67.5,"type":"mineHold","time":175},{"angle2":-202.5,"duration":0.5,"angle":-225,"type":"mineHold","time":176},{"angle2":-22.5,"duration":0.5,"angle":-45,"type":"mineHold","time":177},{"angle2":-112.5,"time":134,"duration":1,"angle":0,"startTap":true,"type":"hold","holdEase":"outSine"},{"angle2":247.5,"time":134,"duration":1,"type":"hold","startTap":true,"angle":337.5,"holdEase":"inSine"},{"time":134.25,"type":"block","angle":315},{"time":134.5,"type":"block","angle":292.5},{"time":134.75,"type":"block","angle":270},{"time":182,"type":"extraTap","angle":-202.5},{"angle2":450,"duration":2,"angle":90,"type":"mineHold","time":200},{"time":201,"type":"side","angle":90},{"time":202,"type":"side","angle":-90},{"time":200,"type":"side","angle":-90},{"time":203,"type":"side","angle":90},{"time":204,"type":"side","angle":-90},{"angle2":450,"duration":2,"angle":90,"type":"mineHold","time":202},{"angle2":450,"duration":2,"angle":90,"type":"mineHold","time":204},{"time":205,"type":"side","angle":90},{"time":199.5,"type":"block","angle":180},{"time":199.75,"type":"block","angle":225},{"time":201.5,"type":"block","angle":180},{"time":203.5,"type":"block","angle":180},{"time":205.5,"type":"block","angle":180},{"time":206,"type":"block","angle":-67.5},{"time":198,"type":"extraTap","angle":90},{"angle2":-202.5,"time":198,"duration":1,"type":"hold","startTap":true,"angle":-90,"holdEase":"outSine"},{"angle2":157.5,"time":198,"duration":1,"angle":247.5,"startTap":true,"type":"hold","holdEase":"inSine"},{"time":198.25,"type":"block","angle":225},{"time":198.5,"type":"block","angle":202.5},{"time":198.75,"type":"block","angle":180},{"time":200.25,"type":"block","angle":-45},{"time":200.25,"type":"block","angle":0},{"time":200.5,"type":"block","angle":45},{"time":202.25,"type":"block","angle":-45},{"time":202.5,"type":"block","angle":0},{"time":202.75,"type":"block","angle":45},{"time":204.25,"type":"block","angle":-45},{"time":204.5,"type":"block","angle":0},{"time":204.75,"type":"block","angle":45},{"time":206.25,"type":"block","angle":-45},{"time":206.5,"type":"block","angle":-67.5},{"time":206.75,"type":"block","angle":-45},{"time":207,"type":"block","angle":247.5},{"time":207.25,"type":"block","angle":225},{"time":207.5,"type":"block","angle":247.5},{"time":207.75,"type":"block","angle":225},{"angle2":-45,"time":182,"duration":0.5,"startTap":true,"type":"hold","angle":0},{"angle2":90,"duration":0.5,"angle":-45,"type":"hold","time":182.5},{"time":183.75,"type":"block","angle":-90},{"time":183.5,"type":"block","angle":-112.5},{"time":184.75,"type":"block","angle":-225},{"time":184.5,"type":"block","angle":-247.5},{"time":184,"type":"side","angle":-45},{"time":185,"type":"side","angle":-180},{"time":185.5,"type":"block","angle":-270},{"angle2":-180,"duration":2,"angle":-180,"type":"mineHold","time":182},{"angle2":0,"duration":1,"angle":-180,"type":"mineHold","time":184},{"angle2":-90,"type":"hold","duration":0.5,"startTap":true,"angle":-45,"time":186},{"angle2":-67.5,"duration":0.25,"angle":-90,"type":"hold","time":186.5},{"angle2":-135,"duration":0.25,"angle":-67.5,"type":"hold","time":186.75},{"angle2":-22.5,"duration":0.5,"angle":-135,"type":"hold","time":187},{"time":187.75,"type":"block","angle":-337.5},{"time":188,"type":"block","angle":-292.5},{"time":186,"type":"extraTap","angle":-180},{"time":188.5,"type":"block","angle":-67.5},{"time":188.75,"type":"block","angle":-112.5},{"angle2":-67.5,"duration":0.5,"angle":-157.5,"type":"hold","time":189},{"time":190,"angle":-247.5,"type":"block","tap":true},{"time":190.5,"type":"block","angle":-247.5},{"time":190,"type":"extraTap","angle":-180},{"time":190.75,"type":"block","angle":-292.5},{"angle2":-382.5,"duration":0.25,"angle":-337.5,"type":"hold","time":191},{"angle2":0,"duration":0.25,"angle":-22.5,"type":"hold","time":191.25},{"angle2":-45,"duration":0.25,"angle":0,"type":"hold","time":191.5},{"angle2":-22.5,"duration":0.25,"angle":-45,"type":"hold","time":191.75},{"angle2":-135,"duration":0.5,"angle":-22.5,"type":"hold","time":192},{"time":192.75,"type":"block","angle":-180},{"angle2":337.5,"duration":0.5,"angle":225,"type":"hold","time":193},{"time":194,"type":"extraTap","angle":-180},{"time":194.5,"type":"block","angle":-247.5},{"time":195,"type":"block","angle":-202.5},{"time":195.25,"type":"block","angle":-247.5},{"time":195.5,"type":"block","angle":-292.5},{"time":195.75,"type":"block","angle":-337.5},{"time":194.75,"type":"block","angle":-225},{"angle2":-135,"duration":0.5,"angle":-22.5,"type":"hold","time":196},{"time":194,"angle":-247.5,"type":"block","tap":true},{"time":196.75,"type":"block","angle":-180},{"angle2":-337.5,"duration":0.5,"angle":-225,"type":"hold","time":197},{"angle2":-247.5,"duration":0,"angle":-292.5,"type":"mineHold","time":186},{"angle2":-270,"duration":1,"angle":-270,"type":"mineHold","time":186},{"angle2":-90,"duration":1,"angle":-270,"type":"mineHold","time":187},{"angle2":-562.5,"duration":1.5,"angle":-202.5,"type":"mineHold","time":196},{"angle2":-270,"duration":0.5,"angle":-180,"type":"hold","time":208},{"time":208.75,"type":"block","angle":-292.5},{"angle2":-405,"duration":0.5,"angle":-315,"type":"hold","time":209},{"angle2":-225,"duration":1,"angle":-225,"type":"mineHold","time":188},{"angle2":-315,"duration":0.5,"angle":-202.5,"type":"mineHold","time":192},{"time":192.75,"type":"mine","angle":-360},{"angle2":-202.5,"duration":0.5,"angle":-315,"type":"mineHold","time":193},{"angle2":-180,"duration":1,"angle":-225,"type":"mineHold","time":189},{"angle2":-180,"duration":1,"angle":0,"type":"mineHold","time":208},{"time":210,"type":"block","angle":135},{"time":210.25,"type":"block","angle":135},{"time":210.5,"type":"block","angle":112.5},{"time":210.75,"type":"block","angle":112.5},{"time":211,"type":"block","angle":90},{"time":211.25,"type":"block","angle":90},{"time":211.5,"type":"block","angle":67.5},{"time":211.75,"type":"block","angle":67.5},{"time":212,"angle":45,"type":"block","tap":true},{"time":212.5,"angle":315,"type":"block","tap":true},{"time":213,"angle":180,"type":"block","tap":true},{"angle2":315,"time":213.5,"duration":0.25,"type":"hold","angle":337.5,"holdEase":"outCubic"},{"angle2":337.5,"time":213.75,"duration":0.25,"type":"hold","angle":315,"holdEase":"inCubic"},{"angle2":360,"time":213.5,"duration":0.25,"type":"hold","angle":337.5,"holdEase":"outCubic"},{"angle2":337.5,"time":213.75,"duration":0.25,"type":"hold","angle":360,"holdEase":"inCubic"},{"angle2":11.25,"duration":0.5,"time":214,"type":"hold","segments":1,"angle":11.25},{"angle2":11.25,"duration":0.25,"time":214,"type":"hold","segments":1,"angle":33.75},{"angle2":33.75,"duration":0.25,"time":214.25,"type":"hold","segments":1,"angle":11.25},{"time":174,"type":"block","angle":337.5},{"angle2":247.5,"time":218,"duration":1,"type":"hold","startTap":true,"angle":112.5,"holdEase":"inQuart"},{"angle2":393.75,"type":"mineHold","duration":0.5,"time":217,"angle":360,"holdEase":"inOutSine"},{"angle2":11.25,"type":"mineHold","duration":0.5,"time":217.5,"angle":33.75,"holdEase":"inCubic"},{"angle2":-11.25,"type":"mineHold","duration":0.25,"time":217.75,"angle":0,"holdEase":"inCirc"},{"angle2":-393.75,"type":"mineHold","duration":0.5,"time":217,"angle":-360,"holdEase":"inOutSine"},{"angle2":-11.25,"type":"mineHold","duration":0.5,"time":217.5,"angle":-33.75,"holdEase":"inCubic"},{"angle2":11.25,"type":"mineHold","duration":0.25,"time":217.75,"angle":0,"holdEase":"inCirc"},{"angle2":-270,"time":219,"duration":1,"angle":-112.5,"startTap":true,"type":"hold","holdEase":"inQuart"},{"angle2":270,"type":"hold","duration":1,"time":220,"startTap":true,"angle":90,"holdEase":"inQuart"},{"angle2":-292.5,"time":221,"duration":1,"angle":-90,"startTap":true,"type":"hold","holdEase":"inQuart"},{"time":223,"type":"block","angle":180},{"time":224,"type":"block","angle":292.5},{"time":222.5,"type":"block","angle":123.75},{"time":223.5,"type":"block","angle":236.25},{"angle2":-247.5,"duration":1,"angle":112.5,"type":"mineHold","time":224},{"angle2":-247.5,"type":"hold","duration":1,"time":226,"startTap":true,"angle":-112.5,"holdEase":"inQuart"},{"angle2":270,"time":227,"duration":1,"type":"hold","startTap":true,"angle":112.5,"holdEase":"inQuart"},{"angle2":-270,"time":228,"duration":1,"angle":-90,"startTap":true,"type":"hold","holdEase":"inQuart"},{"angle2":292.5,"time":229,"duration":1,"angle":90,"startTap":true,"type":"hold","holdEase":"inQuart"},{"time":231,"type":"block","angle":-180},{"time":232,"type":"block","angle":-292.5},{"time":230.5,"type":"block","angle":-123.75},{"time":231.5,"type":"block","angle":-236.25},{"angle2":247.5,"duration":1,"type":"mineHold","angle":-112.5,"time":232},{"angle2":247.5,"time":234,"duration":1,"type":"hold","startTap":true,"angle":112.5,"holdEase":"inQuart"},{"angle2":-270,"time":235,"duration":1,"angle":-112.5,"startTap":true,"type":"hold","holdEase":"inQuart"},{"angle2":270,"time":236,"duration":1,"type":"hold","startTap":true,"angle":90,"holdEase":"inQuart"},{"angle2":-292.5,"type":"hold","duration":1,"time":237,"startTap":true,"angle":-90,"holdEase":"inQuart"},{"time":239,"type":"block","angle":180},{"time":240,"type":"block","angle":292.5},{"time":238.5,"type":"block","angle":123.75},{"time":239.5,"type":"block","angle":236.25},{"angle2":-247.5,"duration":1,"angle":112.5,"type":"mineHold","time":240},{"angle2":472.5,"duration":1,"type":"mineHold","angle":112.5,"time":241},{"time":241,"type":"side","angle":270},{"angle2":191.25,"time":242,"duration":1,"type":"hold","angle":168.75,"holdEase":"inOutQuint"},{"angle2":-191.25,"time":242,"duration":1,"type":"hold","angle":-168.75,"holdEase":"inOutQuint"},{"time":243.5,"type":"block","angle":360},{"time":244,"type":"block","angle":348.75},{"time":244,"type":"block","angle":11.25},{"time":244.5,"type":"block","angle":22.5},{"time":244.5,"type":"block","angle":0},{"time":244.5,"type":"block","angle":337.5},{"time":245,"type":"block","angle":348.75},{"time":245,"type":"block","angle":326.25},{"time":245,"type":"block","angle":11.25},{"time":245,"type":"block","angle":33.75},{"time":245.5,"type":"block","angle":22.5},{"time":245.5,"type":"block","angle":0},{"time":245.5,"type":"block","angle":337.5},{"time":246,"type":"block","angle":348.75},{"time":246,"type":"block","angle":11.25},{"time":246.5,"type":"block","angle":360},{"time":247,"type":"block","angle":348.75},{"time":247,"type":"block","angle":11.25},{"time":247.5,"type":"block","angle":337.5},{"time":247.5,"type":"block","angle":0},{"time":247.5,"type":"block","angle":22.5},{"time":248,"type":"block","angle":326.25},{"time":248,"type":"block","angle":348.75},{"time":248,"type":"block","angle":11.25},{"time":248,"type":"block","angle":33.75},{"angle2":427.5,"time":250,"duration":1,"angle":292.5,"startTap":true,"type":"hold","holdEase":"inQuart"},{"angle2":-90,"type":"hold","duration":1,"time":251,"startTap":true,"angle":67.5,"holdEase":"inQuart"},{"angle2":450,"time":252,"duration":1,"type":"hold","startTap":true,"angle":270,"holdEase":"inQuart"},{"angle2":-112.5,"type":"hold","duration":1,"time":253,"startTap":true,"angle":90,"holdEase":"inQuart"},{"time":255,"type":"block","angle":360},{"time":256,"type":"block","angle":472.5},{"time":254.5,"type":"block","angle":303.75},{"time":255.5,"type":"block","angle":416.25},{"angle2":-67.5,"duration":1,"type":"mineHold","angle":292.5,"time":256},{"angle2":-67.5,"time":258,"duration":1,"type":"hold","startTap":true,"angle":67.5,"holdEase":"inQuart"},{"angle2":450,"time":259,"duration":1,"angle":292.5,"startTap":true,"type":"hold","holdEase":"inQuart"},{"angle2":-90,"type":"hold","duration":1,"time":260,"startTap":true,"angle":90,"holdEase":"inQuart"},{"angle2":472.5,"type":"hold","duration":1,"time":261,"startTap":true,"angle":270,"holdEase":"inQuart"},{"time":263,"type":"block","angle":0},{"time":264,"type":"block","angle":-112.5},{"time":262.5,"type":"block","angle":56.25},{"time":263.5,"type":"block","angle":-56.25},{"angle2":427.5,"duration":1,"time":264,"type":"mineHold","angle":67.5},{"angle2":427.5,"time":266,"duration":1,"angle":292.5,"startTap":true,"type":"hold","holdEase":"inQuart"},{"angle2":-90,"type":"hold","duration":1,"time":267,"startTap":true,"angle":67.5,"holdEase":"inQuart"},{"angle2":450,"time":268,"duration":1,"angle":270,"startTap":true,"type":"hold","holdEase":"inQuart"},{"angle2":-112.5,"time":269,"duration":1,"type":"hold","startTap":true,"angle":90,"holdEase":"inQuart"},{"time":271,"type":"block","angle":360},{"time":272,"type":"block","angle":472.5},{"time":270.5,"type":"block","angle":303.75},{"time":271.5,"type":"block","angle":416.25},{"angle2":-67.5,"duration":1,"type":"mineHold","angle":292.5,"time":272},{"angle2":652.5,"duration":1,"time":273,"type":"mineHold","angle":292.5},{"time":273,"type":"side","angle":450},{"angle2":371.25,"angle":348.75,"duration":1,"time":274,"type":"hold","holdEase":"inOutQuint"},{"angle2":-11.25,"time":274,"duration":1,"type":"hold","angle":11.25,"holdEase":"inOutQuint"},{"time":275.5,"type":"block","angle":180},{"angle2":-517.5,"type":"mineHold","duration":0.25,"time":276,"angle":-495,"holdEase":"inOutSine"},{"angle2":-146.25,"type":"mineHold","duration":0.25,"time":276.25,"angle":-157.5,"holdEase":"inCubic"},{"angle2":-123.75,"type":"mineHold","duration":0.25,"time":276.25,"angle":-135,"holdEase":"inCirc"},{"angle2":247.5,"type":"mineHold","duration":0.25,"time":276,"angle":225,"holdEase":"inOutSine"},{"angle2":-146.25,"type":"mineHold","duration":0.25,"time":276.25,"angle":-135,"holdEase":"inCirc"},{"angle2":-483.75,"type":"mineHold","duration":0.25,"time":276.25,"angle":-472.5,"holdEase":"inCubic"},{"angle2":517.5,"time":276.5,"duration":0.25,"type":"mineHold","angle":495,"holdEase":"inOutSine"},{"angle2":146.25,"time":276.75,"duration":0.25,"type":"mineHold","angle":157.5,"holdEase":"inCubic"},{"angle2":123.75,"time":276.75,"duration":0.25,"type":"mineHold","angle":135,"holdEase":"inCirc"},{"angle2":-247.5,"time":276.5,"duration":0.25,"type":"mineHold","angle":-225,"holdEase":"inOutSine"},{"angle2":146.25,"time":276.75,"duration":0.25,"type":"mineHold","angle":135,"holdEase":"inCirc"},{"angle2":483.75,"time":276.75,"duration":0.25,"type":"mineHold","angle":472.5,"holdEase":"inCubic"},{"angle2":-472.5,"time":277,"duration":0.25,"type":"mineHold","angle":-450,"holdEase":"inOutSine"},{"angle2":-101.25,"time":277.25,"duration":0.25,"type":"mineHold","angle":-112.5,"holdEase":"inCubic"},{"angle2":-78.75,"time":277.25,"duration":0.25,"type":"mineHold","angle":-90,"holdEase":"inCirc"},{"angle2":292.5,"time":277,"duration":0.25,"type":"mineHold","angle":270,"holdEase":"inOutSine"},{"angle2":-101.25,"time":277.25,"duration":0.25,"type":"mineHold","angle":-90,"holdEase":"inCirc"},{"angle2":-438.75,"time":277.25,"duration":0.25,"type":"mineHold","angle":-427.5,"holdEase":"inCubic"},{"angle2":472.5,"type":"mineHold","duration":0.25,"time":277.5,"angle":450,"holdEase":"inOutSine"},{"angle2":101.25,"type":"mineHold","duration":0.25,"time":277.75,"angle":112.5,"holdEase":"inCubic"},{"angle2":78.75,"type":"mineHold","duration":0.25,"time":277.75,"angle":90,"holdEase":"inCirc"},{"angle2":-292.5,"type":"mineHold","duration":0.25,"time":277.5,"angle":-270,"holdEase":"inOutSine"},{"angle2":101.25,"type":"mineHold","duration":0.25,"time":277.75,"angle":90,"holdEase":"inCirc"},{"angle2":438.75,"type":"mineHold","duration":0.25,"time":277.75,"angle":427.5,"holdEase":"inCubic"},{"angle2":337.5,"time":278,"duration":0.25,"type":"mineHold","angle":315,"holdEase":"inOutSine"},{"angle2":-33.75,"time":278.25,"duration":0.25,"type":"mineHold","angle":-22.5,"holdEase":"inCubic"},{"angle2":-56.25,"time":278.25,"duration":0.25,"type":"mineHold","angle":-45,"holdEase":"inCirc"},{"angle2":-427.5,"time":278,"duration":0.25,"type":"mineHold","angle":-405,"holdEase":"inOutSine"},{"angle2":-33.75,"time":278.25,"duration":0.25,"type":"mineHold","angle":-45,"holdEase":"inCirc"},{"angle2":303.75,"time":278.25,"duration":0.25,"type":"mineHold","angle":292.5,"holdEase":"inCubic"},{"angle2":-337.5,"time":278.5,"duration":0.25,"type":"mineHold","angle":-315,"holdEase":"inOutSine"},{"angle2":33.75,"time":278.75,"duration":0.25,"type":"mineHold","angle":22.5,"holdEase":"inCubic"},{"angle2":56.25,"time":278.75,"duration":0.25,"type":"mineHold","angle":45,"holdEase":"inCirc"},{"angle2":427.5,"time":278.5,"duration":0.25,"type":"mineHold","angle":405,"holdEase":"inOutSine"},{"angle2":33.75,"time":278.75,"duration":0.25,"type":"mineHold","angle":45,"holdEase":"inCirc"},{"angle2":-303.75,"time":278.75,"duration":0.25,"type":"mineHold","angle":-292.5,"holdEase":"inCubic"},{"angle2":-393.75,"type":"mineHold","duration":0.5,"time":279,"angle":-360,"holdEase":"inOutSine"},{"angle2":-11.25,"type":"mineHold","duration":0.5,"time":279.5,"angle":-33.75,"holdEase":"inCubic"},{"angle2":11.25,"type":"mineHold","duration":0.25,"time":279.75,"angle":0,"holdEase":"inCirc"},{"angle2":393.75,"type":"mineHold","duration":0.5,"time":279,"angle":360,"holdEase":"inOutSine"},{"angle2":11.25,"type":"mineHold","duration":0.5,"time":279.5,"angle":33.75,"holdEase":"inCubic"},{"angle2":-11.25,"type":"mineHold","duration":0.25,"time":279.75,"angle":0,"holdEase":"inCirc"},{"time":280.5,"type":"side","angle":360},{"time":281.5,"type":"side","angle":337.5},{"time":281.5,"type":"side","angle":22.5},{"angle2":382.5,"duration":0,"angle":337.5,"type":"mineHold","time":281},{"time":281.5,"type":"side","angle":0},{"angle2":540,"duration":1,"angle":270,"type":"mineHold","time":281.5},{"angle2":360,"duration":1,"type":"mineHold","angle":90,"time":281.5},{"time":248.5,"angle":337.5,"type":"mine"},{"time":248.5,"angle":22.5,"type":"mine"},{"time":249,"angle":292.5,"type":"mine"},{"time":249,"angle":67.5,"type":"mine"},{"time":249.5,"angle":270,"type":"mine"},{"time":249.5,"angle":90,"type":"mine"}]