{"metadata":{"bgData":{"redChannel":{"b":184,"g":49,"r":229},"blueChannel":{"b":0,"g":0,"r":0},"image":"Rabbit Hole.png"},"songName":"Rabbit Hole(Jiafei Remix)","description":"   ~Can you handle the heat?~\n\n  Mechanics used: Sides, mines\n\n\n\n\n                   <3","difficulty":10,"artistLink":"https://www.youtube.com/channel/UCGmO0S4S-AunjRdmxA6TQYg","bg":true,"artist":"DECO*27","charter":"Bekko"},"properties":{"speed":80,"loadBeat":-1,"formatversion":12,"startBeat":0,"offset":8},"events":[{"time":0.66666668653488,"angle":180,"volume":1,"bpm":173,"file":"song.wav","type":"play","offset":0.0099999997764826},{"g":194,"r":255,"time":-1,"type":"setColor","color":0,"b":239,"angle":202.5,"order":-999},{"g":13,"r":255,"time":-1,"type":"setColor","color":1,"b":165,"angle":157.5,"order":-999},{"g":0,"r":0,"time":5,"type":"setColor","color":0,"b":0,"angle":337.5,"order":-999},{"g":0,"r":0,"time":5,"type":"setColor","color":1,"b":0,"angle":315,"order":-999},{"time":6,"enable":true,"color":3,"type":"outline","angle":0},{"time":9,"enable":false,"color":0,"type":"outline","angle":360},{"g":13,"r":255,"time":9,"type":"setColor","color":1,"b":165,"angle":337.5,"order":-999},{"g":194,"r":255,"time":42,"type":"setColor","color":0,"b":239,"angle":202.5,"order":-999},{"g":13,"r":255,"time":42,"type":"setColor","color":1,"b":165,"angle":157.5,"order":-999},{"time":213.5,"enable":true,"color":3,"type":"outline","angle":360},{"g":0,"r":0,"time":213.5,"type":"setColor","color":0,"b":0,"angle":22.5,"order":-999},{"g":0,"r":0,"time":213.5,"type":"setColor","color":1,"b":0,"angle":45,"order":-999},{"time":213.5,"angle":180,"duration":0,"newWidth":90,"type":"paddles","paddle":0},{"time":217,"enable":false,"color":0,"type":"outline","angle":-180},{"g":13,"r":255,"time":217,"type":"setColor","color":1,"b":165,"angle":-517.5,"order":-999},{"time":217,"angle":-202.5,"duration":0,"newWidth":70,"type":"paddles","paddle":0},{"g":194,"duration":0.5,"r":255,"time":183,"type":"setColor","color":0,"angle":225,"b":239},{"g":221,"duration":0,"type":"setColor","r":255,"time":183,"color":0,"order":-999,"angle":202.5,"b":247},{"g":194,"duration":0.5,"r":255,"time":184,"type":"setColor","color":0,"angle":225,"b":239},{"g":221,"duration":0,"type":"setColor","r":255,"time":184,"color":0,"order":-999,"angle":202.5,"b":247},{"g":194,"duration":0.5,"r":255,"time":185,"type":"setColor","color":0,"angle":225,"b":239},{"g":221,"duration":0,"type":"setColor","r":255,"time":185,"color":0,"order":-999,"angle":202.5,"b":247},{"g":194,"duration":0.5,"r":255,"time":186,"type":"setColor","color":0,"angle":225,"b":239},{"g":221,"duration":0,"type":"setColor","r":255,"time":186,"color":0,"order":-999,"angle":202.5,"b":247},{"g":194,"duration":0.5,"r":255,"time":187,"type":"setColor","color":0,"angle":225,"b":239},{"g":221,"duration":0,"type":"setColor","r":255,"time":187,"color":0,"order":-999,"angle":202.5,"b":247},{"g":194,"duration":0.5,"r":255,"time":188,"type":"setColor","color":0,"angle":225,"b":239},{"g":221,"duration":0,"type":"setColor","r":255,"time":188,"color":0,"order":-999,"angle":202.5,"b":247},{"g":194,"duration":0.5,"r":255,"time":189,"type":"setColor","color":0,"angle":225,"b":239},{"g":221,"duration":0,"type":"setColor","r":255,"time":189,"color":0,"order":-999,"angle":202.5,"b":247},{"g":194,"duration":0.5,"r":255,"time":190,"type":"setColor","color":0,"angle":225,"b":239},{"g":221,"duration":0,"type":"setColor","r":255,"time":190,"color":0,"order":-999,"angle":202.5,"b":247},{"g":194,"duration":0.5,"r":255,"time":191,"type":"setColor","color":0,"angle":225,"b":239},{"g":221,"duration":0,"type":"setColor","r":255,"time":191,"color":0,"order":-999,"angle":202.5,"b":247},{"g":194,"duration":0.5,"r":255,"time":192,"type":"setColor","color":0,"angle":225,"b":239},{"g":221,"duration":0,"type":"setColor","r":255,"time":192,"color":0,"order":-999,"angle":202.5,"b":247},{"g":194,"duration":0.5,"r":255,"time":193,"type":"setColor","color":0,"angle":225,"b":239},{"g":221,"duration":0,"type":"setColor","r":255,"time":193,"color":0,"order":-999,"angle":202.5,"b":247},{"g":194,"duration":0.5,"r":255,"time":194,"type":"setColor","color":0,"angle":225,"b":239},{"g":221,"duration":0,"type":"setColor","r":255,"time":194,"color":0,"order":-999,"angle":202.5,"b":247},{"g":194,"duration":0.5,"r":255,"time":195,"type":"setColor","color":0,"angle":225,"b":239},{"g":221,"duration":0,"type":"setColor","r":255,"time":195,"color":0,"order":-999,"angle":202.5,"b":247},{"g":194,"duration":0.5,"r":255,"time":196,"type":"setColor","color":0,"angle":225,"b":239},{"g":221,"duration":0,"type":"setColor","r":255,"time":196,"color":0,"order":-999,"angle":202.5,"b":247},{"g":194,"duration":0.5,"r":255,"time":197,"type":"setColor","color":0,"angle":225,"b":239},{"g":221,"duration":0,"type":"setColor","r":255,"time":197,"color":0,"order":-999,"angle":202.5,"b":247},{"g":194,"duration":0.5,"r":255,"time":198,"type":"setColor","color":0,"angle":225,"b":239},{"g":221,"duration":0,"type":"setColor","r":255,"time":198,"color":0,"order":-999,"angle":202.5,"b":247},{"g":194,"duration":0.5,"r":255,"time":199,"type":"setColor","color":0,"angle":225,"b":239},{"g":221,"duration":0,"type":"setColor","r":255,"time":199,"color":0,"order":-999,"angle":202.5,"b":247},{"g":194,"duration":0.5,"r":255,"time":200,"type":"setColor","color":0,"angle":225,"b":239},{"g":221,"duration":0,"type":"setColor","r":255,"time":200,"color":0,"order":-999,"angle":202.5,"b":247},{"g":194,"duration":0.5,"r":255,"time":201,"type":"setColor","color":0,"angle":225,"b":239},{"g":221,"duration":0,"type":"setColor","r":255,"time":201,"color":0,"order":-999,"angle":202.5,"b":247},{"g":194,"duration":0.5,"r":255,"time":202,"type":"setColor","color":0,"angle":225,"b":239},{"g":221,"duration":0,"type":"setColor","r":255,"time":202,"color":0,"order":-999,"angle":202.5,"b":247},{"g":194,"duration":0.5,"r":255,"time":203,"type":"setColor","color":0,"angle":225,"b":239},{"g":221,"duration":0,"type":"setColor","r":255,"time":203,"color":0,"order":-999,"angle":202.5,"b":247},{"g":194,"duration":0.5,"r":255,"time":204,"type":"setColor","color":0,"angle":225,"b":239},{"g":221,"duration":0,"type":"setColor","r":255,"time":204,"color":0,"order":-999,"angle":202.5,"b":247},{"g":194,"duration":0.5,"r":255,"time":205,"type":"setColor","color":0,"angle":225,"b":239},{"g":221,"duration":0,"type":"setColor","r":255,"time":205,"color":0,"order":-999,"angle":202.5,"b":247},{"g":194,"duration":0.5,"r":255,"time":206,"type":"setColor","color":0,"angle":225,"b":239},{"g":221,"duration":0,"type":"setColor","r":255,"time":206,"color":0,"order":-999,"angle":202.5,"b":247},{"g":194,"duration":0.5,"r":255,"time":207,"type":"setColor","color":0,"angle":225,"b":239},{"g":221,"duration":0,"type":"setColor","r":255,"time":207,"color":0,"order":-999,"angle":202.5,"b":247},{"g":194,"duration":0.5,"r":255,"time":208,"type":"setColor","color":0,"angle":225,"b":239},{"g":221,"duration":0,"type":"setColor","r":255,"time":208,"color":0,"order":-999,"angle":202.5,"b":247},{"g":194,"duration":0.5,"r":255,"time":209,"type":"setColor","color":0,"angle":225,"b":239},{"g":221,"duration":0,"type":"setColor","r":255,"time":209,"color":0,"order":-999,"angle":202.5,"b":247},{"g":194,"duration":0.5,"r":255,"time":210,"type":"setColor","color":0,"angle":225,"b":239},{"g":221,"duration":0,"type":"setColor","r":255,"time":210,"color":0,"order":-999,"angle":202.5,"b":247},{"g":194,"duration":0.5,"r":255,"time":211,"type":"setColor","color":0,"angle":225,"b":239},{"g":221,"duration":0,"type":"setColor","r":255,"time":211,"color":0,"order":-999,"angle":202.5,"b":247},{"g":194,"duration":0.5,"r":255,"time":212,"type":"setColor","color":0,"angle":225,"b":239},{"g":221,"duration":0,"type":"setColor","r":255,"time":212,"color":0,"order":-999,"angle":202.5,"b":247},{"time":284,"type":"showResults","angle":0},{"g":194,"duration":1,"type":"setColor","r":255,"time":118,"color":0,"angle":225,"b":239,"order":1},{"g":13,"duration":1,"type":"setColor","r":255,"time":118,"color":1,"angle":112.5,"b":165,"order":1},{"g":255,"r":255,"time":118,"type":"setColor","color":0,"angle":202.5,"b":255,"order":-999},{"g":255,"r":255,"time":118,"type":"setColor","color":1,"b":255,"angle":157.5,"order":-999},{"g":194,"duration":1,"type":"setColor","r":255,"time":182,"color":0,"angle":225,"b":239,"order":1},{"g":13,"duration":1,"type":"setColor","r":255,"time":182,"color":1,"angle":112.5,"b":165,"order":1},{"g":255,"r":255,"time":182,"type":"setColor","color":0,"angle":202.5,"b":255,"order":-999},{"g":255,"r":255,"time":182,"type":"setColor","color":1,"b":255,"angle":157.5,"order":-999},{"g":194,"duration":1,"type":"setColor","r":255,"time":150,"color":0,"angle":225,"b":239,"order":1},{"g":13,"duration":1,"type":"setColor","r":255,"time":150,"color":1,"angle":112.5,"b":165,"order":1},{"g":255,"r":255,"time":150,"type":"setColor","color":0,"angle":202.5,"b":255,"order":-999},{"g":255,"r":255,"time":150,"type":"setColor","color":1,"b":255,"angle":157.5,"order":-999}]}