{"properties":{"formatversion":13,"speed":70,"offset":10,"startBeat":0},"events":[{"file":"song.ogg","angle":360,"offset":0.059999998658895,"time":3,"bpm":240,"type":"play","volume":1},{"value":1.5,"angle":326.25,"time":39,"var":"scrollSpeed","duration":0.5,"type":"ease"},{"order":0,"newAngle":90,"type":"paddles","angle":33.75,"paddle":2,"duration":2,"time":159,"enabled":true,"ease":"linear"},{"order":-99,"newAngle":-90,"type":"paddles","angle":22.5,"paddle":1,"duration":2,"time":159,"enabled":true,"ease":"linear"},{"order":0,"newAngle":180,"type":"paddles","angle":33.75,"paddle":2,"duration":2,"time":161,"enabled":true,"ease":"linear"},{"order":-99,"newAngle":0,"type":"paddles","angle":22.5,"paddle":1,"duration":2,"time":161,"enabled":true,"ease":"linear"},{"time":198,"angle":45,"paddle":2,"ease":"linear","duration":0.5,"enabled":true,"newAngle":0,"type":"paddles"},{"enabled":true,"paddle":1,"duration":0,"ease":"linear","time":198.5,"angle":33.75,"type":"paddles"},{"time":198,"angle":67.5,"type":"ease","var":"scrollSpeed","duration":2,"start":0,"ease":"inQuad","value":2},{"value":4,"angle":337.5,"time":214,"var":"scrollSpeed","duration":16,"type":"ease"},{"value":1,"time":231,"var":"scrollSpeed","type":"ease","angle":11.25},{"value":1,"angle":0,"time":295,"var":"scrollSpeed","duration":2,"type":"ease"},{"angle":270,"type":"ease","var":"vfx.noteXScale","time":349,"start":0.10000000149012,"duration":12,"value":2},{"angle":247.5,"type":"ease","var":"vfx.noteYScale","time":349,"start":0.10000000149012,"duration":12,"value":2},{"value":0.10000000149012,"angle":22.5,"time":295,"var":"vfx.noteXScale","duration":54,"type":"ease"},{"value":0.10000000149012,"angle":45,"time":295,"var":"vfx.noteYScale","duration":54,"type":"ease"},{"value":1,"time":359,"var":"vfx.noteXScale","type":"ease","angle":90},{"value":1,"time":359,"var":"vfx.noteYScale","type":"ease","angle":123.75},{"value":2,"angle":225,"time":349,"var":"scrollSpeed","duration":12,"type":"ease"},{"type":"ease","duration":7,"time":380,"var":"scrollSpeed","value":3,"angle":0},{"value":7,"angle":112.5,"time":388,"var":"scrollSpeed","duration":3,"type":"ease"},{"angle":90,"type":"ease","duration":2,"ease":"inOutQuad","var":"scrollSpeed","time":391,"value":0.75},{"time":394,"angle":112.5,"paddle":2,"ease":"linear","duration":1,"enabled":true,"newAngle":180,"type":"paddles"},{"angle":101.25,"enable":true,"time":395,"type":"hom"},{"angle":45,"enable":false,"time":404,"type":"hom"},{"angle":45,"type":"ease","duration":1,"ease":"inOutElastic","var":"scrollSpeed","time":403,"value":2},{"time":427,"newAngle":0,"newWidth":70,"angle":78.75,"type":"paddles","duration":1,"ease":"linear","enabled":true,"paddle":0},{"paddle":1,"ease":"linear","newWidth":30,"type":"paddles","newAngle":-60,"duration":0,"time":499.5,"enabled":true,"angle":33.75},{"time":499.5,"order":-2,"newAngle":60,"newWidth":30,"angle":11.25,"paddle":0,"duration":0,"ease":"linear","enabled":true,"type":"paddles"},{"enabled":false,"angle":33.75,"type":"paddles","duration":0.5,"time":536,"ease":"linear","paddle":1},{"time":536,"order":3,"newAngle":0,"newWidth":150,"angle":56.25,"paddle":2,"duration":0,"ease":"linear","enabled":true,"type":"paddles"},{"enabled":false,"type":"paddles","duration":0,"ease":"linear","time":536,"angle":45,"paddle":0},{"type":"ease","time":551.25,"ease":"outQuart","duration":2,"var":"scrollSpeed","angle":33.75,"value":0.30000001192093},{"type":"ease","time":555,"ease":"inCubic","duration":2,"var":"scrollSpeed","angle":90,"value":7},{"time":565.5,"type":"showResults","angle":67.5},{"type":"setBgColor","voidColor":0,"time":1,"color":3,"angle":90},{"r":20,"g":50,"type":"setColor","time":1.5,"duration":2,"b":100,"color":3,"angle":67.5},{"g":150,"type":"setColor","r":150,"angle":90,"time":1.5,"color":0,"b":100}],"metadata":{"bg":true,"songName":"Train Zero","description":"1. the name it just translated,\n it is not the real name(cuz chinese is not suopported in beatblock)\n\n2. this map is not designed for full combo, i haven't check for its playiability, don't worry (or just i can't?)\n\n3. enjoy OuO","difficulty":15,"artist":"seatrus","charter":"rubbishhahaha","artistLink":"https://www.youtube.com/@seatrusfrontier/featured","bgData":{"redChannel":{"r":0,"b":0,"g":255},"blueChannel":{"r":255,"b":0,"g":0},"greenChannel":{"r":255,"b":255,"g":255},"image":"bg.png","magentaChannel":{"r":255,"b":255,"g":255},"cyanChannel":{"r":255,"b":255,"g":255},"yellowChannel":{"r":255,"b":255,"g":255}}}}