[{"time":2,"type":"block","angle":292.5},{"time":3,"type":"block","angle":247.5},{"time":5,"type":"block","angle":22.5},{"time":6,"type":"hold","angle2":202.5,"duration":2,"angle":337.5},{"time":9,"type":"block","angle":135},{"time":10,"type":"hold","angle":180,"duration":0.5625,"angle2":90},{"time":13,"type":"hold","angle":157.5,"duration":1.9375,"angle2":270},{"time":16.25,"type":"extraTap","angle":270},{"time":15.3125,"type":"block","angle":285},{"time":1.125,"type":"side","angle":0},{"time":4,"type":"side","angle":315},{"time":12,"type":"side","angle":270},{"time":0.5,"type":"mineHold","angle2":112.5,"duration":1,"angle":315},{"time":3,"type":"mineHold","angle":135,"duration":2.5,"angle2":292.5},{"time":11,"type":"mineHold","angle2":0,"duration":1.5,"angle":180}]