{"metadata":{"difficulty":0,"charter":"","artist":"Team MOER","bg":true,"artistLink":"","bgData":{"image":"MIKU3.png","redChannel":{"g":0,"r":255,"b":0},"blueChannel":{"g":233,"r":15,"b":249}},"songName":"Colorful x Melody","description":"Colorful x Melody from ProjectDIVA"},"events":[{"type":"play","volume":1,"offset":4.5,"bpm":185,"time":0,"file":"Hatsune-Miku_-Project-DIVA-Future-Tone-_PV_-Colorful-Melody-_RomajiEnglish-Subs_.ogg","angle":360},{"paddle":0,"type":"paddles","enabled":false,"time":-1,"ease":"linear","angle":0,"duration":0},{"paddle":1,"type":"paddles","angle":337.5,"time":6,"ease":"linear","enabled":true,"duration":0},{"ease":"linear","g":255,"duration":0.5,"color":2,"type":"setColor","angle":360,"b":255,"r":0,"time":2.5},{"type":"setColor","time":4,"color":2,"g":255,"b":0,"r":255,"angle":337.5},{"type":"setColor","time":5,"color":2,"g":255,"b":255,"r":0,"angle":337.5},{"type":"setColor","time":6,"color":2,"g":255,"b":0,"r":255,"angle":22.5},{"type":"setColor","time":7,"color":2,"g":255,"b":255,"r":0,"angle":22.5},{"angle":315,"type":"ease","var":"p.x","duration":0.75,"ease":"inSine","value":400,"time":5.75},{"angle":247.5,"type":"ease","var":"p.x","duration":1.5,"ease":"inSine","value":200,"time":10.5},{"duration":0.5,"type":"ease","var":"p.x","angle":180,"ease":"inSine","value":300,"time":14},{"color":2,"type":"setBgColor","time":-1,"angle":270},{"type":"setColor","time":-1,"color":1,"g":16,"b":239,"r":226,"angle":315},{"paddle":2,"ease":"linear","newAngle":180,"duration":0,"type":"paddles","angle":270,"enabled":true,"time":23},{"paddle":2,"type":"paddles","angle":270,"time":30.75,"ease":"linear","enabled":false,"duration":0},{"duration":0.75,"type":"ease","var":"p.x","angle":270,"ease":"inSine","value":400,"time":80},{"duration":1.25,"type":"ease","var":"p.x","angle":255,"ease":"linear","value":300,"time":83.375},{"duration":0.5,"type":"ease","var":"p.y","angle":255,"ease":"linear","value":220,"time":84},{"duration":0.75,"type":"ease","var":"p.y","angle":330,"ease":"linear","value":180,"time":88.5},{"ease":"linear","g":255,"duration":1,"color":2,"type":"setColor","angle":60,"b":0,"r":255,"time":103},{"duration":1.75,"type":"ease","var":"p.y","angle":285,"ease":"inSine","value":100,"time":146.5},{"duration":0.5,"type":"ease","var":"p.y","angle":150,"ease":"inSine","value":180,"time":152.5},{"paddle":2,"type":"paddles","duration":0,"time":164,"ease":"linear","enabled":true,"angle":345},{"id":"MIKURIN1","ox":300,"oy":180,"angle":345,"type":"deco","sprite":"MIKURIN1.png","drawLayer":"bg","time":166.375},{"ease":"linear","g":255,"duration":1,"color":0,"type":"setColor","angle":15,"b":255,"r":255,"time":164},{"ease":"linear","g":255,"duration":1,"color":1,"type":"setColor","angle":30,"b":255,"r":255,"time":164},{"ease":"inOutSine","g":255,"duration":0.25,"color":3,"type":"setColor","angle":15,"b":255,"r":0,"time":166.375},{"ease":"inOutSine","g":0,"duration":0.25,"color":1,"type":"setColor","angle":30,"b":255,"r":255,"time":166.375},{"ease":"linear","g":255,"duration":1,"color":2,"type":"setColor","angle":45,"b":255,"r":255,"time":164},{"ease":"inOutSine","g":255,"duration":0.25,"color":2,"type":"setColor","angle":45,"b":0,"r":255,"time":166.375},{"paddle":2,"type":"paddles","duration":0.625,"time":231,"ease":"linear","enabled":false,"angle":0},{"angle":345,"type":"ease","var":"scrollSpeed","duration":1,"ease":"outExpo","value":0.5,"time":230.75},{"duration":1.25,"type":"ease","var":"scrollSpeed","angle":240,"ease":"inExpo","value":1,"time":247},{"ease":"inSine","g":255,"duration":1,"color":3,"type":"setColor","angle":0,"b":0,"r":255,"time":230.75},{"ease":"inSine","g":255,"duration":2,"color":3,"type":"setColor","angle":105,"b":255,"r":0,"time":239},{"ease":"inSine","g":255,"duration":2,"color":2,"type":"setColor","angle":120,"b":255,"r":0,"time":239},{"ease":"inSine","g":255,"duration":1.5,"color":3,"type":"setColor","angle":300,"b":255,"r":0,"time":248},{"ease":"inSine","g":255,"duration":1.5,"color":2,"type":"setColor","angle":315,"b":0,"r":255,"time":248},{"angle":195,"type":"ease","var":"vfx.canvPos.sy","duration":1.75,"ease":"inSine","value":1.5,"time":261},{"angle":165,"type":"ease","var":"vfx.canvPos.sx","duration":1.75,"ease":"inSine","value":1.5,"time":261},{"ease":"inSine","g":255,"duration":0.5,"color":2,"type":"setColor","angle":180,"b":255,"r":0,"time":260.5},{"angle":180,"type":"ease","var":"scrollSpeed","duration":1.25,"ease":"inSine","value":0.5,"time":261},{"duration":0.375,"type":"ease","var":"vfx.canvPos.sx","angle":330,"ease":"inSine","value":1.375,"time":266.875},{"angle":315,"type":"ease","var":"vfx.canvPos.sy","duration":0.375,"ease":"inSine","value":1.375,"time":266.875},{"duration":0.25,"type":"ease","var":"vfx.canvPos.sx","angle":360,"ease":"inSine","value":1.25,"time":270.875},{"angle":345,"type":"ease","var":"vfx.canvPos.sy","duration":0.25,"ease":"inSine","value":1.25,"time":270.875},{"duration":0.25,"type":"ease","var":"vfx.canvPos.sx","angle":240,"ease":"inSine","value":1,"time":274.875},{"angle":225,"type":"ease","var":"vfx.canvPos.sy","duration":0.25,"ease":"inSine","value":1,"time":274.875},{"ease":"inSine","g":255,"duration":2,"color":2,"type":"setColor","angle":270,"b":0,"r":255,"time":277},{"ease":"inSine","g":255,"duration":2,"color":3,"type":"setColor","angle":255,"b":0,"r":255,"time":277},{"duration":0.25,"type":"ease","var":"vfx.canvPos.sx","angle":120,"ease":"inSine","value":1.5,"time":278.5},{"angle":105,"type":"ease","var":"vfx.canvPos.sy","duration":0.25,"ease":"inSine","value":1.5,"time":278.5},{"angle":-30,"type":"ease","var":"vfx.canvPos.sx","duration":0.25,"ease":"inSine","value":1.375,"time":282.875},{"angle":-45,"type":"ease","var":"vfx.canvPos.sy","duration":0.25,"ease":"inSine","value":1.375,"time":282.875},{"angle":30,"type":"ease","var":"vfx.canvPos.sx","duration":0.25,"ease":"inSine","value":1.25,"time":286.875},{"angle":15,"type":"ease","var":"vfx.canvPos.sy","duration":0.25,"ease":"inSine","value":1.25,"time":286.875},{"angle":-30,"type":"ease","var":"vfx.canvPos.sx","duration":0.25,"ease":"inSine","value":1,"time":290.875},{"angle":-45,"type":"ease","var":"vfx.canvPos.sy","duration":0.25,"ease":"inSine","value":1,"time":290.875},{"ease":"inSine","g":255,"duration":1,"color":3,"type":"setColor","angle":345,"b":255,"r":0,"time":294},{"ease":"inSine","g":255,"duration":1,"color":2,"type":"setColor","angle":0,"b":255,"r":0,"time":294},{"ease":"inSine","g":255,"duration":5,"color":3,"type":"setColor","angle":15,"b":0,"r":255,"time":311},{"ease":"inSine","g":255,"duration":5,"color":2,"type":"setColor","angle":0,"b":0,"r":255,"time":311},{"angle":60,"type":"ease","var":"scrollSpeed","duration":2,"ease":"inSine","value":1,"time":319},{"ease":"inSine","g":255,"duration":1,"color":3,"type":"setColor","angle":240,"b":255,"r":0,"time":326},{"paddle":2,"ease":"linear","newAngle":180,"angle":180,"type":"paddles","duration":0,"enabled":true,"time":350.5},{"angle":75,"type":"ease","var":"scrollSpeed","duration":1,"ease":"outExpo","value":0.5,"time":414.875},{"paddle":2,"type":"paddles","angle":270,"time":413.5,"ease":"linear","enabled":false,"duration":0},{"id":"color3","ox":300,"oy":180,"angle":375,"type":"deco","sprite":"COLOR3.png","drawLayer":"fg","time":553.5},{"angle":0,"type":"showResults","time":555.5},{"ease":"inSine","g":255,"angle":60,"color":3,"type":"setColor","duration":0.75,"b":0,"r":255,"time":415},{"ease":"inSine","g":255,"angle":180,"type":"setColor","color":2,"duration":2,"b":255,"r":0,"time":424},{"ease":"inSine","g":255,"angle":165,"color":3,"type":"setColor","duration":2,"b":255,"r":0,"time":424},{"duration":1.25,"type":"ease","var":"scrollSpeed","angle":30,"ease":"inExpo","value":1,"time":431},{"ease":"inSine","g":255,"duration":1.5,"color":3,"type":"setColor","angle":105,"b":255,"r":0,"time":431.625},{"ease":"inSine","g":255,"duration":1.5,"color":2,"type":"setColor","angle":120,"b":0,"r":255,"time":431.625},{"time":553.5,"type":"ease","var":"vfx.comboY","value":500,"angle":30},{"time":553.5,"type":"ease","var":"vfx.comboX","value":500,"angle":45},{"angle":60,"type":"ease","var":"vfx.songNameY","value":100,"time":553.5},{"angle":75,"type":"ease","var":"scrollSpeed","duration":1,"ease":"outExpo","value":0.5,"time":447},{"ease":"inSine","g":255,"angle":60,"color":3,"type":"setColor","duration":0.75,"b":0,"r":255,"time":447},{"ease":"inSine","g":255,"angle":270,"type":"setColor","color":2,"duration":2,"b":255,"r":0,"time":456},{"ease":"inSine","g":255,"angle":255,"color":3,"type":"setColor","duration":2,"b":255,"r":0,"time":456},{"angle":-60,"type":"ease","var":"scrollSpeed","duration":1.25,"ease":"inExpo","value":1,"time":463},{"ease":"inSine","g":255,"duration":3,"color":2,"type":"setColor","angle":285,"b":0,"r":255,"time":463}],"properties":{"formatversion":12,"speed":120,"startBeat":0,"offset":4,"loadBeat":-1}}