{"properties":{"formatversion":13,"offset":8,"loadBeat":-1,"speed":70},"events":[{"angle":292.5,"type":"setColor","b":89,"time":-1,"g":113,"color":2,"r":255},{"angle":315,"type":"setColor","b":111,"time":-1,"g":133,"color":3,"r":254},{"angle":270,"volume":1,"type":"play","file":"Rhythm Purgatory.ogg","time":-0,"offset":0.55000001192093,"bpm":260},{"angle":360,"name":"This is where the tap is","type":"bookmark","b":0,"time":257.5,"description":"","g":0,"r":255},{"angle":315,"color":0,"chance":0,"time":257.5,"type":"noise"},{"angle":337.5,"g":174,"b":160,"time":-1,"type":"setColor","color":4,"r":254},{"angle":247.5,"type":"deco","x":0,"y":0,"id":"Grid","sprite":"Grid.png","time":3.5,"drawLayer":"bg","hide":true},{"angle":247.5,"type":"deco","drawLayer":"bg","y":0,"sprite":"BG.png","time":-1,"x":0,"id":"BG"},{"angle":315,"type":"setColor","b":0,"time":4,"g":0,"color":0,"r":0},{"angle":337.5,"type":"setColor","b":255,"time":4,"g":255,"color":1,"r":255},{"angle":360,"type":"setColor","b":51,"time":4,"color":3,"g":0,"r":48},{"angle":270,"g":0,"b":0,"ease":"linear","color":3,"duration":4,"time":5,"type":"setColor","r":51},{"angle":270,"g":30,"b":0,"ease":"linear","color":3,"duration":4,"time":9,"type":"setColor","r":51},{"angle":270,"g":51,"b":0,"ease":"linear","color":3,"duration":4,"time":13,"type":"setColor","r":32},{"angle":270,"g":51,"b":25,"ease":"linear","color":3,"duration":4,"time":17,"type":"setColor","r":0},{"angle":270,"g":51,"b":28,"ease":"linear","color":3,"duration":4,"time":21,"type":"setColor","r":0},{"angle":270,"g":36,"b":51,"ease":"linear","color":3,"duration":4,"time":25,"type":"setColor","r":0},{"angle":270,"g":0,"b":51,"ease":"linear","color":3,"duration":4,"time":29,"type":"setColor","r":4},{"angle":270,"g":0,"b":51,"ease":"linear","color":3,"duration":4,"time":33,"type":"setColor","r":42},{"angle":270,"g":0,"b":0,"ease":"linear","color":3,"duration":4,"time":37,"type":"setColor","r":51},{"angle":270,"g":30,"b":0,"ease":"linear","color":3,"duration":4,"time":41,"type":"setColor","r":51},{"angle":270,"g":51,"b":0,"ease":"linear","color":3,"duration":4,"time":45,"type":"setColor","r":32},{"angle":270,"g":51,"b":25,"ease":"linear","color":3,"duration":4,"time":49,"type":"setColor","r":0},{"angle":270,"g":51,"b":28,"ease":"linear","color":3,"duration":4,"time":53,"type":"setColor","r":0},{"angle":270,"g":36,"b":51,"ease":"linear","color":3,"duration":4,"time":57,"type":"setColor","r":0},{"angle":270,"g":0,"b":51,"ease":"linear","color":3,"duration":4,"time":61,"type":"setColor","r":4},{"angle":270,"g":0,"b":51,"ease":"linear","color":3,"duration":4,"time":65,"type":"setColor","r":42},{"angle":270,"g":0,"b":0,"ease":"linear","color":3,"duration":4,"time":69,"type":"setColor","r":51},{"angle":270,"g":30,"b":0,"ease":"linear","color":3,"duration":4,"time":73,"type":"setColor","r":51},{"angle":270,"g":51,"b":0,"ease":"linear","color":3,"duration":4,"time":77,"type":"setColor","r":32},{"angle":270,"g":51,"b":25,"ease":"linear","color":3,"duration":4,"time":81,"type":"setColor","r":0},{"angle":270,"g":51,"b":28,"ease":"linear","color":3,"duration":4,"time":85,"type":"setColor","r":0},{"angle":270,"g":36,"b":51,"ease":"linear","color":3,"duration":4,"time":89,"type":"setColor","r":0},{"angle":270,"g":0,"b":51,"ease":"linear","color":3,"duration":4,"time":93,"type":"setColor","r":4},{"angle":270,"g":0,"b":51,"ease":"linear","color":3,"duration":4,"time":97,"type":"setColor","r":42},{"angle":270,"g":0,"b":0,"ease":"linear","color":3,"duration":4,"time":101,"type":"setColor","r":51},{"angle":270,"g":30,"b":0,"ease":"linear","color":3,"duration":4,"time":105,"type":"setColor","r":51},{"angle":270,"g":51,"b":0,"ease":"linear","color":3,"duration":4,"time":109,"type":"setColor","r":32},{"angle":270,"g":51,"b":25,"ease":"linear","color":3,"duration":4,"time":113,"type":"setColor","r":0},{"angle":270,"g":51,"b":28,"ease":"linear","color":3,"duration":4,"time":117,"type":"setColor","r":0},{"angle":270,"g":36,"b":51,"ease":"linear","color":3,"duration":4,"time":121,"type":"setColor","r":0},{"angle":270,"g":0,"b":51,"ease":"linear","color":3,"duration":4,"time":125,"type":"setColor","r":4},{"angle":270,"g":0,"b":51,"ease":"linear","color":3,"duration":4,"time":129,"type":"setColor","r":42},{"angle":270,"g":0,"b":0,"ease":"linear","color":3,"duration":4,"time":133,"type":"setColor","r":51},{"angle":270,"g":30,"b":0,"ease":"linear","color":3,"duration":4,"time":137,"type":"setColor","r":51},{"angle":270,"g":51,"b":0,"ease":"linear","color":3,"duration":4,"time":141,"type":"setColor","r":32},{"angle":270,"g":51,"b":25,"ease":"linear","color":3,"duration":4,"time":145,"type":"setColor","r":0},{"angle":270,"g":51,"b":28,"ease":"linear","color":3,"duration":4,"time":149,"type":"setColor","r":0},{"angle":270,"g":36,"b":51,"ease":"linear","color":3,"duration":4,"time":153,"type":"setColor","r":0},{"angle":270,"g":0,"b":51,"ease":"linear","color":3,"duration":4,"time":157,"type":"setColor","r":4},{"angle":270,"g":0,"b":51,"ease":"linear","color":3,"duration":4,"time":161,"type":"setColor","r":42},{"angle":270,"g":0,"b":0,"ease":"linear","color":3,"duration":4,"time":165,"type":"setColor","r":51},{"angle":270,"g":30,"b":0,"ease":"linear","color":3,"duration":4,"time":169,"type":"setColor","r":51},{"angle":270,"g":51,"b":0,"ease":"linear","color":3,"duration":4,"time":173,"type":"setColor","r":32},{"angle":270,"g":51,"b":25,"ease":"linear","color":3,"duration":4,"time":177,"type":"setColor","r":0},{"angle":270,"g":51,"b":28,"ease":"linear","color":3,"duration":4,"time":181,"type":"setColor","r":0},{"angle":270,"g":36,"b":51,"ease":"linear","color":3,"duration":4,"time":185,"type":"setColor","r":0},{"angle":270,"g":0,"b":51,"ease":"linear","color":3,"duration":4,"time":189,"type":"setColor","r":4},{"angle":270,"g":0,"b":51,"ease":"linear","color":3,"duration":4,"time":193,"type":"setColor","r":42},{"angle":270,"g":0,"b":0,"ease":"linear","color":3,"duration":4,"time":197,"type":"setColor","r":51},{"angle":270,"g":30,"b":0,"ease":"linear","color":3,"duration":4,"time":201,"type":"setColor","r":51},{"angle":270,"g":51,"b":0,"ease":"linear","color":3,"duration":4,"time":205,"type":"setColor","r":32},{"angle":270,"g":51,"b":25,"ease":"linear","color":3,"duration":4,"time":209,"type":"setColor","r":0},{"angle":270,"g":51,"b":28,"ease":"linear","color":3,"duration":4,"time":213,"type":"setColor","r":0},{"angle":270,"g":36,"b":51,"ease":"linear","color":3,"duration":4,"time":217,"type":"setColor","r":0},{"angle":270,"g":0,"b":51,"ease":"linear","color":3,"duration":4,"time":221,"type":"setColor","r":4},{"angle":270,"g":0,"b":51,"ease":"linear","color":3,"duration":4,"time":225,"type":"setColor","r":42},{"angle":270,"g":0,"b":0,"ease":"linear","color":3,"duration":4,"time":229,"type":"setColor","r":51},{"angle":270,"g":30,"b":0,"ease":"linear","color":3,"duration":4,"time":233,"type":"setColor","r":51},{"angle":270,"g":51,"b":0,"ease":"linear","color":3,"duration":4,"time":237,"type":"setColor","r":32},{"angle":270,"g":51,"b":25,"ease":"linear","color":3,"duration":4,"time":241,"type":"setColor","r":0},{"angle":270,"g":51,"b":28,"ease":"linear","color":3,"duration":4,"time":245,"type":"setColor","r":0},{"angle":270,"g":36,"b":51,"ease":"linear","color":3,"duration":4,"time":249,"type":"setColor","r":0},{"angle":270,"g":0,"b":51,"ease":"linear","color":3,"duration":4,"time":253,"type":"setColor","r":4},{"angle":270,"g":0,"b":51,"ease":"linear","color":3,"duration":4,"time":256,"type":"setColor","r":42},{"angle":247.5,"type":"deco","time":257.5,"hide":false,"id":"BG"},{"angle":427.5,"g":113,"b":89,"time":257.5,"color":2,"type":"setColor","r":255},{"angle":450,"g":133,"b":111,"time":257.5,"type":"setColor","color":3,"r":254},{"angle":472.5,"g":174,"b":160,"time":257.5,"color":4,"type":"setColor","r":254},{"angle":45,"type":"setColor","b":0,"time":257.5,"g":0,"color":1,"r":0},{"angle":22.5,"g":255,"b":255,"time":257.5,"color":0,"type":"setColor","r":255},{"angle":270,"color":3,"time":4,"type":"setBgColor"},{"angle":247.5,"type":"deco","x":-600,"hide":false,"id":"Grid","ease":"linear","sprite":"Grid.png","duration":256,"time":4,"y":-600,"drawLayer":"bg"},{"angle":292.5,"type":"deco","x":0,"y":0,"ease":"linear","time":4,"hide":true,"id":"BG"},{"angle":292.5,"type":"deco","time":257.5,"hide":true,"id":"Grid"},{"angle":202.5,"type":"forcePlayerSprite","spriteName":"idle","time":-1},{"angle":292.5,"type":"deco","id":"TXT","x":0,"y":0,"time":-0,"sprite":"TXT1.png"},{"angle":0,"type":"setColor","b":0,"time":-1,"color":7,"g":0,"r":185},{"angle":292.5,"type":"deco","time":1,"sprite":"TXT2.png","id":"TXT"},{"angle":292.5,"type":"deco","time":2,"sprite":"TXT3.png","id":"TXT"},{"angle":292.5,"sprite":"TXT4.png","x":0,"time":3,"y":0,"id":"TXT","type":"deco"},{"angle":225,"type":"deco","time":4,"hide":true,"id":"TXT"},{"angle":270,"g":0,"b":0,"ease":"linear","color":2,"duration":1,"time":264,"type":"setColor","r":0},{"angle":292.5,"g":0,"b":0,"ease":"linear","color":3,"duration":1,"time":264,"type":"setColor","r":0},{"angle":315,"g":0,"b":0,"ease":"linear","color":4,"duration":1,"time":264,"type":"setColor","r":0},{"angle":-112.5,"g":0,"b":0,"ease":"linear","color":1,"duration":1,"time":264,"type":"setColor","r":0},{"angle":-135,"g":0,"b":0,"ease":"linear","color":0,"duration":1,"time":264,"type":"setColor","r":0},{"angle":315,"color":0,"b":255,"time":271,"type":"setColor","g":255,"r":255},{"angle":247.5,"var":"vfx.drawUI","type":"setBoolean","enable":false,"time":271},{"angle":225,"type":"forcePlayerSprite","spriteName":"happy","time":271},{"angle":270,"type":"outline","time":271,"color":0,"enable":true},{"id":"measure","type":"deco","sprite":"measure.png","time":4,"y":40,"x":0,"angle":202.5},{"angle":22.5,"color":7,"b":255,"time":4,"type":"setColor","g":255,"r":255},{"angle":337.5,"g":0,"b":0,"ease":"linear","color":7,"duration":1,"time":264,"type":"setColor","r":0},{"id":"measure","type":"deco","time":270.5,"hide":true,"angle":292.5},{"id":"BG","type":"deco","time":271,"angle":292.5,"sprite":"ESCAPE.png"},{"angle":337.5,"color":2,"b":68,"time":271,"type":"setColor","g":107,"r":205},{"angle":360,"color":3,"b":190,"time":271,"g":114,"type":"setColor","r":44},{"angle":22.5,"color":4,"b":223,"time":271,"type":"setColor","g":163,"r":93},{"angle":45,"color":5,"b":83,"time":271,"g":151,"type":"setColor","r":221},{"angle":67.5,"color":6,"b":145,"time":271,"type":"setColor","g":145,"r":145},{"time":282,"type":"showResults","angle":270}],"metadata":{"songName":"Rhythm Purgatory","description":"Patience is key.","difficulty":1,"artist":"Louie Zong","charter":"Random22","artistLink":"https://www.louiezong.com/","bg":true,"bgData":{"yellowChannel":{"b":148,"g":136,"r":113},"magentaChannel":{"b":221,"g":70,"r":235},"cyanChannel":{"b":255,"g":255,"r":255},"image":"THUMBNAIL.png","redChannel":{"b":76,"g":105,"r":251},"blueChannel":{"b":111,"g":142,"r":246},"greenChannel":{"b":138,"g":118,"r":87}}}}