{"events":[{"file":"Eligos.ogg","bpm":234,"type":"play","volume":10,"time":0,"angle":337.5,"offset":0.83499997854233},{"color":0,"time":0,"duration":2.5,"ease":"outQuad","type":"setColor","g":30,"b":100,"angle":360,"r":0,"order":0},{"color":0,"time":85,"duration":0,"type":"setColor","g":0,"b":0,"angle":45,"r":255},{"color":0,"time":86,"duration":0,"type":"setColor","g":0,"b":0,"angle":45,"r":0},{"type":"setBgColor","color":0,"time":0,"angle":45,"order":-10},{"color":1,"time":0,"duration":2.5,"type":"setColor","g":180,"b":180,"angle":22.5,"r":180,"order":0},{"type":"outline","enable":true,"color":1,"time":0,"angle":67.5,"order":-9},{"type":"noise","chance":0.9990000128746,"color":2,"angle":315,"time":0,"order":5},{"color":2,"time":0,"duration":0,"type":"setColor","g":0,"b":0,"angle":236.25,"r":255,"order":0},{"type":"noise","color":2,"angle":22.5,"time":69,"chance":0},{"sy":2,"id":"deco123","order":-33,"r":0,"sprite":"deco1.png","angle":360,"oy":80,"ox":83,"drawOrder":-1,"type":"deco","drawLayer":"bg","x":300,"y":180,"time":85.5,"sx":2},{"color":1,"time":81,"duration":4,"type":"setColor","g":255,"b":255,"angle":101.25,"r":255,"order":-1},{"color":0,"time":81,"duration":4,"type":"setColor","g":255,"b":255,"angle":112.5,"r":255},{"angle":67.5,"type":"setColor","g":0,"r":255,"time":85,"color":2,"b":0},{"angle":67.5,"type":"setColor","g":255,"r":255,"time":86,"color":1,"b":255},{"type":"setColor","color":0,"time":86,"angle":45},{"type":"setColor","color":0,"time":2.5,"angle":135},{"type":"noise","color":2,"angle":67.5,"time":5,"chance":0.99699997901917},{"type":"noise","color":2,"angle":90,"time":12,"chance":0.99299997091293},{"type":"noise","color":2,"angle":112.5,"time":24,"chance":0.99000000953674},{"type":"noise","color":2,"angle":112.5,"time":41,"chance":0.85000002384186},{"type":"noise","color":2,"angle":112.5,"time":53,"chance":0.69999998807907},{"angle":90,"type":"setColor","g":0,"r":255,"time":85,"color":1,"b":0},{"bpm":58.5,"type":"setBPM","time":95,"angle":0},{"bpm":234,"type":"setBPM","time":95.5,"angle":11.25},{"bpm":117,"type":"setBPM","time":96.5,"angle":50.625},{"bpm":234,"type":"setBPM","time":97,"angle":67.5},{"value":-111.5,"time":86,"duration":3.5,"type":"ease","var":"vfx.deco.deco123.r","angle":337.5,"ease":"outQuad","start":0},{"value":360,"ease":"outCubic","var":"vfx.deco.deco123.r","type":"ease","time":89.5,"angle":292.5,"duration":2.5},{"value":4,"ease":"inQuad","var":"vfx.deco.deco123.sy","type":"ease","time":94.5,"angle":22.5,"duration":0.25},{"value":4,"ease":"linear","var":"vfx.deco.deco123.sx","type":"ease","time":94.5,"angle":360,"duration":0.25},{"value":67.5,"time":95,"duration":4,"type":"ease","var":"vfx.deco.deco123.r","angle":22.5,"ease":"inBack","start":0},{"type":"ease","var":"vfx.deco.deco123.x","time":100,"value":300,"angle":292.5},{"type":"ease","var":"vfx.deco.deco123.y","time":100,"value":249,"angle":315},{"type":"ease","var":"vfx.deco.deco123.sy","time":100.5,"value":1.6000000238419,"angle":315},{"type":"ease","var":"vfx.deco.deco123.sx","time":100.5,"value":1.6000000238419,"angle":337.5},{"type":"ease","var":"vfx.deco.deco123.y","time":103,"value":200,"angle":270},{"type":"ease","var":"vfx.deco.deco123.x","time":103,"value":139,"angle":292.5},{"type":"ease","var":"vfx.deco.deco123.sx","time":103.5,"value":2.2999999523163,"angle":292.5},{"type":"ease","var":"vfx.deco.deco123.sy","time":103.5,"value":2.2999999523163,"angle":315},{"type":"ease","var":"vfx.deco.deco123.y","time":105,"value":300,"angle":292.5},{"type":"ease","var":"vfx.deco.deco123.x","time":105,"value":250,"angle":315},{"type":"ease","var":"vfx.deco.deco123.y","time":105.5,"value":180,"angle":315},{"type":"ease","var":"vfx.deco.deco123.x","time":105.5,"value":300,"angle":337.5},{"type":"ease","var":"vfx.deco.deco123.sy","time":107,"value":1.7000000476837,"angle":337.5},{"type":"ease","var":"vfx.deco.deco123.sx","time":107,"value":1.7000000476837,"angle":0},{"type":"ease","var":"vfx.deco.deco123.sy","time":107.5,"value":2,"angle":360},{"type":"ease","var":"vfx.deco.deco123.sx","time":107.5,"value":2,"angle":22.5},{"type":"ease","var":"vfx.deco.deco123.r","time":107.5,"value":0,"angle":45},{"type":"ease","var":"vfx.deco.deco123.sx","value":20,"time":108,"angle":337.5,"duration":6},{"type":"ease","var":"vfx.deco.deco123.sy","value":20,"time":108,"angle":0,"duration":6},{"value":3600,"ease":"outQuad","var":"vfx.deco.deco123.r","type":"ease","time":108,"angle":22.5,"duration":6},{"color":0,"time":108,"duration":6,"type":"setColor","g":0,"b":0,"angle":45,"r":255},{"type":"ease","var":"vfx.deco.deco123.sx","time":115,"value":0,"angle":30},{"start":1,"value":2,"var":"scrollSpeed","angle":112.5,"time":196,"type":"ease","duration":1},{"value":1,"ease":"outQuad","var":"scrollSpeed","type":"ease","time":239,"angle":33.75,"duration":2},{"value":0.5,"ease":"outQuad","var":"scrollSpeed","type":"ease","time":211,"angle":104.0625,"duration":0.69999998807907},{"value":8,"time":309.5,"duration":2.5,"type":"ease","var":"scrollSpeed","angle":360,"ease":"inQuad","start":1},{"value":1,"time":313,"duration":1,"type":"ease","var":"scrollSpeed","angle":61.875,"ease":"outSine","start":8},{"value":7,"ease":"inQuad","var":"scrollSpeed","type":"ease","time":317,"angle":270,"duration":2.5},{"type":"ease","var":"scrollSpeed","value":1,"time":321,"angle":45,"duration":1},{"type":"ease","var":"scrollSpeed","value":0.20000000298023,"time":335,"angle":157.5,"duration":2},{"type":"ease","var":"scrollSpeed","value":1.7999999523163,"time":339,"angle":90,"duration":2},{"sy":10,"id":"moonbg","time":178,"sprite":"redmoon.png","drawLayer":"bg","angle":247.5,"type":"deco","ox":263.5,"x":500,"y":800,"oy":261,"sx":10},{"angle":270,"type":"setColor","g":0,"r":0,"time":178,"color":0,"b":0},{"value":1.7000000476837,"ease":"inOutQuad","var":"vfx.deco.moonbg.sx","type":"ease","time":179,"angle":360,"duration":2},{"value":1.7000000476837,"ease":"inOutQuad","var":"vfx.deco.moonbg.sy","type":"ease","time":179,"angle":22.5,"duration":2},{"value":190,"ease":"inOutQuad","var":"vfx.deco.moonbg.y","type":"ease","time":179,"angle":45,"duration":2},{"value":330,"ease":"inOutQuad","var":"vfx.deco.moonbg.x","type":"ease","time":179,"angle":67.5,"duration":2},{"angle":292.5,"type":"setColor","g":50,"r":10,"time":178,"color":3,"b":40},{"start":0,"value":4,"var":"vfx.deco.deco123.sx","angle":90,"time":335,"type":"ease","duration":4},{"start":0,"value":4,"var":"vfx.deco.deco123.sy","angle":67.5,"time":335,"type":"ease","duration":4},{"type":"ease","var":"vfx.deco.deco123.x","time":334.5,"value":300,"angle":45},{"type":"ease","var":"vfx.deco.deco123.y","time":334.5,"value":90,"angle":67.5},{"start":0,"value":1440,"var":"vfx.deco.deco123.r","angle":360,"time":335,"type":"ease","duration":200},{"type":"hom","enable":true,"angle":45,"time":399},{"type":"hom","enable":false,"angle":22.5,"time":402},{"type":"noise","color":1,"angle":45,"time":401,"chance":0.69999998807907},{"color":0,"time":399,"duration":2,"type":"setColor","g":255,"b":255,"angle":67.5,"r":255},{"color":0,"time":401,"duration":2,"type":"setColor","g":0,"b":0,"angle":67.5,"r":0},{"type":"ease","var":"vfx.deco.deco123.r","value":5000,"time":398,"angle":67.5,"duration":4},{"start":0,"value":720,"var":"vfx.deco.deco123.r","angle":90,"time":402,"type":"ease","duration":100},{"bpm":468,"type":"setBPM","time":459,"angle":64.6875},{"bpm":234,"type":"setBPM","time":463,"angle":50.625},{"angle":360,"type":"showResults","time":541},{"type":"noise","color":1,"angle":0,"time":468.5,"chance":0.80000001192093},{"type":"noise","color":1,"angle":22.5,"time":470,"chance":0.8299999833107},{"type":"noise","color":1,"angle":337.5,"time":471,"chance":0.86000001430511},{"type":"noise","color":1,"angle":22.5,"time":472,"chance":0.88999998569489},{"type":"noise","color":1,"angle":337.5,"time":473,"chance":0.91000002622604},{"type":"noise","color":1,"angle":22.5,"time":474,"chance":0.93000000715256},{"type":"noise","color":1,"angle":337.5,"time":475,"chance":0.94999998807907},{"type":"noise","color":1,"angle":22.5,"time":476,"chance":0.97000002861023},{"type":"noise","color":1,"angle":360,"time":477,"chance":0.98000001907349},{"type":"noise","color":1,"angle":0,"time":478,"chance":0.99000000953674},{"type":"noise","color":1,"angle":22.5,"time":479,"chance":0.99500000476837},{"type":"noise","color":1,"angle":337.5,"time":480,"chance":0.99699997901917},{"type":"noise","color":1,"angle":22.5,"time":481,"chance":0.9990000128746},{"type":"noise","color":1,"angle":337.5,"time":482,"chance":0}],"properties":{"speed":70,"formatversion":12,"startBeat":0,"offset":8},"metadata":{"artistLink":"https://www.youtube.com/channel/UCP7NXcSgpZvnsJcHYCokYfA","description":"Wish it will tough enough, though i am just a newbie maker","artist":"Team Grimoire","charter":"Rubbishhahaha","bgData":{"redChannel":{"b":120,"r":229,"g":49},"blueChannel":{"b":0,"r":0,"g":0},"image":"redmoon.png"},"difficulty":8,"bg":true,"songName":"Eligos"}}