[{"angle":0,"time":1,"duration":24,"type":"hold","angle2":0},{"angle":337.5,"time":9,"duration":16,"type":"hold","angle2":337.5},{"angle":22.5,"time":17,"duration":8,"type":"hold","angle2":22.5},{"angle":11.25,"time":21,"duration":1,"type":"hold","angle2":11.25},{"angle":348.75,"time":22,"duration":1,"type":"hold","angle2":348.75},{"angle":11.25,"time":23,"duration":1,"type":"hold","angle2":11.25},{"angle":348.75,"time":24,"duration":1,"type":"hold","angle2":348.75},{"angle":0,"time":25,"duration":8,"type":"hold","angle2":0},{"angle":337.5,"time":25,"duration":1,"type":"hold","angle2":360},{"angle":22.5,"time":25,"duration":1,"type":"hold","angle2":0},{"angle":0,"time":33,"duration":8,"type":"hold","angle2":720},{"type":"inverse","angle":360,"time":32.75},{"type":"inverse","angle":22.5,"time":33.25},{"type":"inverse","angle":45,"time":33.5},{"type":"inverse","angle":67.5,"time":33.75},{"type":"inverse","angle":90,"time":34},{"type":"inverse","angle":112.5,"time":34.25},{"type":"inverse","angle":157.5,"time":34.75},{"angle":0,"time":41,"endTap":true,"duration":7.75,"type":"hold","angle2":0},{"type":"inverse","angle":315,"time":36.5},{"type":"inverse","angle":90,"time":38},{"type":"inverse","angle":135,"time":38.5},{"type":"inverse","angle":225,"time":39.5},{"type":"inverse","angle":315,"time":40.5},{"type":"inverse","angle":0,"time":41},{"type":"inverse","angle":0,"time":41.5},{"type":"inverse","angle":0,"time":42},{"type":"inverse","angle":0,"time":43},{"type":"inverse","angle":0,"time":43.5},{"type":"inverse","angle":0,"time":44},{"type":"inverse","angle":0,"time":44.5},{"type":"inverse","angle":0,"time":45.5},{"type":"inverse","angle":0,"time":46},{"type":"inverse","angle":0,"time":46.5},{"type":"inverse","angle":0,"time":47},{"type":"inverse","angle":0,"time":47.5},{"type":"block","angle":337.5,"time":50},{"type":"block","angle":360,"time":50.5},{"angle":33.75,"type":"block","time":51},{"type":"block","angle":67.5,"time":51.5},{"type":"side","angle":180,"time":52.5},{"type":"inverse","angle":180,"time":52.5},{"type":"inverse","angle":270,"time":56},{"type":"inverse","angle":360,"time":56.5},{"angle":270,"time":50,"duration":1.75,"type":"mineHold","angle2":360},{"type":"block","angle":45,"time":58},{"type":"block","angle":78.75,"time":58.5},{"type":"block","angle":123.75,"time":59},{"type":"block","angle":146.25,"time":59.5},{"type":"side","angle":270,"time":60.5},{"type":"inverse","angle":270,"time":60.5},{"angle":360,"time":58,"duration":1.75,"type":"mineHold","angle2":450},{"type":"inverse","angle":0,"time":62.5},{"type":"inverse","angle":90,"time":64.5},{"type":"block","angle":146.25,"time":66},{"type":"block","angle":180,"time":66.5},{"type":"block","angle":213.75,"time":67},{"type":"block","angle":247.5,"time":67.5},{"angle":90,"time":66,"duration":1.75,"type":"mineHold","angle2":180},{"type":"side","angle":360,"time":68.5},{"type":"inverse","angle":0,"time":68.5},{"type":"inverse","angle":90,"time":70.5},{"type":"inverse","angle":180,"time":72.5},{"type":"block","angle":225,"time":74},{"type":"block","angle":258.75,"time":74.5},{"type":"block","angle":292.5,"time":75},{"type":"block","angle":326.25,"time":75.5},{"angle":180,"time":74,"duration":1.75,"type":"mineHold","angle2":270},{"type":"side","angle":90,"time":76.5},{"type":"inverse","angle":90,"time":76.5},{"type":"block","angle":135,"time":78},{"type":"block","angle":180,"time":78.5},{"type":"block","angle":225,"time":79.5},{"type":"block","angle":270,"time":80},{"type":"side","angle":360,"time":80.5},{"type":"inverse","angle":225,"time":79.5},{"type":"inverse","angle":270,"time":80},{"type":"inverse","angle":247.5,"time":79.75},{"type":"inverse","angle":292.5,"time":80.25},{"type":"inverse","angle":0,"time":80.5},{"type":"block","angle":90,"time":82},{"type":"block","angle":123.75,"time":82.5},{"type":"block","angle":157.5,"time":83},{"type":"block","angle":191.25,"time":83.5},{"angle":225,"time":84,"duration":2,"type":"hold","angle2":326.25},{"type":"block","angle":360,"time":86.5},{"type":"block","angle":33.75,"time":87},{"type":"block","angle":67.5,"time":87.5},{"angle":101.25,"time":88,"duration":1.5,"type":"hold","angle2":135},{"type":"block","angle":168.75,"time":90},{"type":"block","angle":258.75,"time":91},{"type":"block","angle":292.5,"time":92},{"type":"block","angle":326.25,"time":93.5},{"type":"block","angle":360,"time":94},{"type":"block","angle":33.75,"time":95},{"angle":90,"time":96.5,"duration":2,"type":"hold","angle2":180},{"type":"block","angle":157.5,"time":98},{"type":"block","angle":213.75,"time":99},{"type":"block","angle":247.5,"time":99.5},{"type":"block","angle":281.25,"time":100},{"type":"block","angle":315,"time":101},{"type":"block","angle":348.75,"time":102},{"angle":22.5,"time":103,"duration":1,"type":"hold","angle2":90},{"type":"inverse","angle":90,"time":104.5},{"type":"inverse","angle":247.5,"time":84.5},{"type":"inverse","angle":101.25,"time":88},{"type":"inverse","angle":315,"time":92.5},{"type":"inverse","angle":22.5,"time":94.5},{"type":"inverse","angle":90,"time":96.5},{"type":"inverse","angle":180,"time":98.5},{"type":"inverse","angle":303.75,"time":100.5},{"type":"inverse","angle":11.25,"time":102.5},{"type":"block","angle":90,"time":106},{"type":"block","angle":270,"time":106},{"type":"block","angle":123.75,"time":106.5},{"type":"block","angle":303.75,"time":106.5},{"type":"block","angle":157.5,"time":107},{"type":"block","angle":337.5,"time":107},{"type":"block","angle":191.25,"time":107.5},{"type":"block","angle":11.25,"time":107.5},{"type":"block","angle":225,"time":108},{"type":"block","angle":45,"time":108},{"type":"block","angle":90,"time":109},{"type":"block","angle":270,"time":109},{"type":"block","angle":56.25,"time":110},{"type":"block","angle":236.25,"time":110},{"type":"block","angle":22.5,"time":111},{"type":"block","angle":202.5,"time":111},{"type":"block","angle":0,"time":112},{"type":"block","angle":180,"time":112},{"type":"inverse","angle":123.75,"time":106.5},{"type":"inverse","angle":303.75,"time":106.5},{"type":"inverse","angle":67.5,"time":108.5},{"type":"inverse","angle":247.5,"time":108.5},{"type":"inverse","angle":33.75,"time":110.5},{"type":"inverse","angle":213.75,"time":110.5},{"angle":180,"time":116.5,"duration":2,"type":"hold","angle2":0},{"tap":true,"angle":348.75,"time":120,"type":"block"},{"time":120.5,"angle":11.25,"tap":true,"type":"block"},{"type":"block","angle":337.5,"time":121.5},{"type":"block","angle":292.5,"time":122},{"angle":247.5,"time":122.25,"duration":0.75,"type":"hold","angle2":337.5},{"type":"block","angle":22.5,"time":123.5},{"type":"block","angle":67.5,"time":124},{"time":124.5,"angle":180,"tap":true,"type":"side"},{"type":"block","angle":270,"time":125.5},{"type":"block","angle":315,"time":126},{"angle":360,"time":126.25,"duration":0.75,"type":"hold","angle2":270},{"type":"block","angle":236.25,"time":127.5},{"type":"block","angle":191.25,"time":128},{"time":128.5,"angle":90,"tap":true,"type":"side"},{"type":"block","angle":315,"time":129.5},{"type":"block","angle":270,"time":130},{"angle":236.25,"time":130.25,"duration":0.75,"type":"hold","angle2":315},{"type":"block","angle":348.75,"time":131.5},{"type":"block","angle":22.5,"time":132},{"angle":56.25,"time":132.5,"duration":1,"type":"hold","angle2":-56.25},{"angle":303.75,"time":133.5,"duration":1,"type":"hold","angle2":416.25},{"type":"block","angle":0,"time":135.25},{"type":"block","angle":315,"time":136},{"time":136.5,"angle":180,"tap":true,"type":"side"},{"type":"block","angle":45,"time":138},{"type":"block","angle":11.25,"time":138.5},{"type":"block","angle":337.5,"time":139},{"type":"block","angle":303.75,"time":139.5},{"angle":270,"time":140,"duration":2,"type":"hold","angle2":180},{"type":"block","angle":90,"time":140},{"type":"block","angle":67.5,"time":140.5},{"type":"block","angle":45,"time":141},{"type":"block","angle":22.5,"time":141.5},{"angle":360,"time":142,"duration":1,"type":"hold","angle2":450},{"type":"block","angle":225,"time":142.5},{"type":"block","angle":270,"time":143},{"type":"block","angle":303.75,"time":143.5},{"angle":337.5,"time":144,"duration":1,"type":"hold","angle2":360},{"type":"block","angle":180,"time":146},{"angle":270,"time":144,"duration":8,"type":"mineHold","angle2":270},{"angle":90,"time":144,"duration":8,"type":"mineHold","angle2":90},{"angle":360,"time":140,"duration":2,"type":"mineHold","angle2":315},{"angle":180,"time":140,"duration":2,"type":"mineHold","angle2":135},{"type":"block","angle":213.75,"time":146.5},{"type":"block","angle":146.25,"time":147},{"type":"block","angle":213.75,"time":147.5},{"type":"block","angle":146.25,"time":148},{"type":"block","angle":180,"time":149},{"type":"block","angle":0,"time":150},{"type":"block","angle":326.25,"time":150.5},{"type":"block","angle":33.75,"time":151},{"type":"block","angle":360,"time":151.5},{"type":"block","angle":326.25,"time":152},{"time":152,"angle":146.25,"tap":true,"type":"block"},{"time":152.5,"angle":180,"tap":true,"type":"block"},{"type":"block","angle":0,"time":153.5},{"type":"block","angle":180,"time":153.5},{"type":"block","angle":146.25,"time":154},{"type":"block","angle":326.25,"time":154},{"angle":292.5,"time":154.25,"duration":0.75,"type":"hold","angle2":213.75},{"angle":112.5,"time":154.25,"duration":0.75,"type":"hold","angle2":33.75},{"type":"block","angle":247.5,"time":155.5},{"type":"block","angle":67.5,"time":155.5},{"time":156,"angle":281.25,"tap":true,"type":"block"},{"time":156,"angle":101.25,"tap":true,"type":"block"},{"time":156.5,"angle":315,"tap":true,"type":"block"},{"time":156.5,"angle":135,"tap":true,"type":"block"},{"type":"block","angle":0,"time":157.5},{"type":"block","angle":180,"time":157.5},{"type":"block","angle":315,"time":158},{"type":"block","angle":135,"time":158},{"angle":270,"time":158.5,"duration":0.5,"type":"hold","angle2":315},{"angle":90,"time":158.5,"duration":0.5,"type":"hold","angle2":135},{"type":"block","angle":337.5,"time":159.5},{"type":"block","angle":157.5,"time":159.5},{"angle":0,"tap":true,"time":160,"type":"block"},{"time":160,"angle":180,"tap":true,"type":"block"},{"time":160.5,"angle":315,"tap":true,"type":"block"},{"time":160.5,"angle":135,"tap":true,"type":"block"},{"type":"block","angle":270,"time":161.5},{"type":"block","angle":90,"time":161.5},{"type":"block","angle":303.75,"time":162},{"type":"block","angle":123.75,"time":162},{"type":"block","angle":337.5,"time":162.25},{"type":"block","angle":157.5,"time":162.25},{"type":"block","angle":0,"time":163},{"type":"block","angle":180,"time":163},{"type":"block","angle":315,"time":163.5},{"type":"block","angle":135,"time":163.5},{"type":"block","angle":270,"time":164},{"type":"block","angle":90,"time":164},{"angle":225,"time":164.5,"duration":1,"type":"hold","angle2":270},{"angle":45,"time":164.5,"duration":1,"type":"hold","angle2":90},{"type":"block","angle":303.75,"time":166.5},{"type":"block","angle":123.75,"time":166.5},{"startTap":true,"angle":270,"time":167.25,"endTap":true,"duration":0.75,"type":"hold","angle2":236.25},{"angle":236.25,"time":168,"duration":0.5,"type":"hold","angle2":292.5},{"angle":292.5,"startTap":true,"time":168.5,"duration":1,"type":"hold","angle2":270},{"time":167.25,"angle":90,"startTap":true,"endTap":true,"duration":0.75,"type":"hold","angle2":56.25},{"time":168,"angle":56.25,"startTap":true,"endTap":true,"duration":0.5,"type":"hold","angle2":112.5},{"angle":112.5,"startTap":true,"time":168.5,"duration":1,"type":"hold","angle2":90},{"type":"block","angle":270,"time":170},{"type":"block","angle":315,"time":170.5},{"type":"block","angle":0,"time":171},{"type":"block","angle":45,"time":171.5},{"type":"block","angle":135,"time":173},{"type":"block","angle":90,"time":173.5},{"angle":0,"time":172.5,"duration":1,"type":"hold","angle2":-90},{"type":"block","angle":90,"time":175.5},{"type":"block","angle":45,"time":176},{"angle":0,"time":176.5,"duration":1,"type":"hold","angle2":-45},{"angle":270,"time":178,"duration":1,"type":"hold","angle2":270},{"type":"block","angle":90,"time":179},{"type":"block","angle":45,"time":179.5},{"angle":0,"time":180,"duration":1.5,"type":"hold","angle2":-180},{"angle":180,"time":180,"duration":1.5,"type":"hold","angle2":0},{"angle":135,"time":179,"holdEase":"inSine","duration":1,"type":"mineHold","angle2":45},{"angle":315,"time":182,"endTap":true,"duration":1.5,"type":"hold","angle2":270},{"angle":135,"time":182,"endTap":true,"duration":1.5,"type":"hold","angle2":90},{"type":"extraTap","angle":292.5,"time":183.5},{"type":"extraTap","angle":270,"time":186.5},{"type":"extraTap","angle":270,"time":188.5},{"type":"extraTap","angle":270,"time":190.5},{"type":"extraTap","angle":270,"time":194.5},{"type":"extraTap","angle":270,"time":196.5},{"type":"extraTap","angle":270,"time":198.5},{"type":"extraTap","angle":270,"time":202.5},{"type":"extraTap","angle":270,"time":204.5},{"type":"extraTap","angle":270,"time":206.5},{"type":"extraTap","angle":270,"time":208.5},{"angle":315,"time":181,"duration":1,"type":"mineHold","angle2":270},{"angle":135,"time":181,"duration":1,"type":"mineHold","angle2":90},{"type":"block","angle":360,"time":210.5},{"type":"block","angle":315,"time":212},{"type":"block","angle":292.5,"time":212.5},{"type":"block","angle":360,"time":213.5},{"type":"block","angle":45,"time":214.5},{"type":"block","angle":67.5,"time":215.5},{"type":"block","angle":90,"time":216},{"time":216.5,"angle":180,"tap":true,"type":"side"},{"type":"block","angle":315,"time":218},{"type":"block","angle":360,"time":218.5},{"type":"block","angle":45,"time":219},{"type":"block","angle":360,"time":219.5},{"angle":315,"time":220,"duration":2,"type":"hold","angle2":270},{"type":"block","angle":225,"time":222.5},{"type":"block","angle":180,"time":223},{"type":"block","angle":135,"time":223.5},{"angle":90,"time":224,"duration":1.5,"type":"hold","angle2":45},{"type":"block","angle":360,"time":226},{"type":"block","angle":270,"time":227},{"angle":180,"time":228,"duration":1.5,"type":"hold","angle2":180},{"angle":225,"time":230,"duration":1,"type":"hold","angle2":270},{"angle":270,"time":231,"duration":1.5,"type":"hold","angle2":180},{"angle":180,"time":232.5,"duration":1.5,"type":"hold","angle2":225},{"type":"block","angle":270,"time":234.5},{"type":"block","angle":315,"time":235},{"type":"block","angle":0,"time":235.5},{"angle":45,"time":236,"duration":1,"type":"hold","angle2":0},{"type":"block","angle":270,"time":238},{"type":"block","angle":225,"time":238.5},{"angle":180,"time":239,"duration":2,"type":"hold","angle2":360},{"type":"block","angle":360,"time":241.5},{"type":"block","angle":45,"time":242.5},{"type":"block","angle":90,"time":243},{"type":"block","angle":135,"time":243.5},{"angle":180,"time":244,"duration":1,"type":"hold","angle2":135},{"angle":135,"time":245,"duration":1,"type":"hold","angle2":90},{"type":"block","angle":45,"time":246.5},{"angle":360,"time":247,"endTap":true,"duration":1.5,"type":"hold","angle2":360},{"angle":360,"time":174.5,"duration":1,"type":"hold","angle2":270},{"type":"extraTap","angle":315,"time":248.5},{"type":"block","angle":315,"time":250.5},{"type":"block","angle":270,"time":251.5},{"type":"block","angle":225,"time":252},{"type":"block","angle":135,"time":253.5},{"type":"block","angle":90,"time":254.5},{"type":"block","angle":45,"time":255.5},{"tap":true,"angle":0,"time":256.5,"type":"block"},{"type":"extraTap","angle":337.5,"time":256.5},{"type":"block","angle":270,"time":258.5},{"type":"block","angle":90,"time":259.5},{"type":"block","angle":270,"time":260},{"type":"block","angle":360,"time":261.5},{"type":"block","angle":180,"time":262.5},{"type":"block","angle":0,"time":263.5},{"tap":true,"angle":180,"time":264.5,"type":"block"},{"type":"block","angle":90,"time":266.5},{"type":"block","angle":270,"time":267.5},{"type":"block","angle":90,"time":268},{"type":"block","angle":270,"time":269.5},{"type":"block","angle":90,"time":270.5},{"type":"block","angle":270,"time":271.5},{"tap":true,"angle":90,"time":272.5,"type":"block"},{"type":"block","angle":360,"time":274.5},{"type":"block","angle":180,"time":275.5},{"type":"block","angle":0,"time":276},{"type":"block","angle":180,"time":277},{"type":"block","angle":0,"time":278.5},{"type":"block","angle":180,"time":279.5},{"tap":true,"angle":0,"time":280.5,"type":"block"},{"type":"extraTap","angle":337.5,"time":280.5},{"type":"extraTap","angle":112.5,"time":272.5},{"type":"extraTap","angle":202.5,"time":264.5},{"angle":360,"type":"block","time":282.5},{"type":"block","angle":315,"time":283.5},{"angle":45,"time":284,"duration":1.5,"type":"hold","angle2":90},{"angle":90,"time":285.5,"duration":1,"type":"hold","angle2":0},{"angle":360,"time":286.5,"duration":1.5,"type":"hold","angle2":405},{"tap":true,"angle":360,"time":288.75,"type":"block"},{"type":"block","angle":315,"time":289.5},{"type":"block","angle":135,"time":291},{"type":"block","angle":90,"time":291.5},{"type":"block","angle":45,"time":292},{"angle":0,"time":292.5,"duration":1.5,"type":"hold","angle2":-90},{"type":"block","angle":315,"time":294.5},{"type":"block","angle":0,"time":295.5},{"tap":true,"angle":135,"time":296.5,"type":"side"},{"angle":270,"time":298.5,"duration":1.5,"type":"hold","angle2":315},{"angle":315,"time":300,"duration":1.5,"type":"hold","angle2":225},{"angle":225,"time":301.5,"duration":1.25,"type":"hold","angle2":270},{"type":"block","angle":315,"time":303.5},{"tap":true,"angle":360,"time":304.5,"type":"block"},{"type":"extraTap","angle":337.5,"time":304.5},{"type":"extraTap","angle":112.5,"time":296.5},{"type":"extraTap","angle":337.5,"time":288.75},{"type":"block","angle":0,"time":306},{"type":"block","angle":337.5,"time":306.5},{"type":"block","angle":22.5,"time":307},{"type":"block","angle":90,"time":307.5},{"type":"block","angle":135,"time":308},{"type":"block","angle":225,"time":309.5},{"type":"block","angle":270,"time":310.5},{"type":"block","angle":315,"time":311.5},{"angle":0,"startTap":true,"time":312.5,"duration":4,"type":"hold","angle2":360},{"angle":22.5,"type":"extraTap","time":312.5},{"type":"inverse","angle":135,"time":314},{"type":"inverse","angle":225,"time":315},{"type":"inverse","angle":315,"time":316},{"type":"inverse","angle":0,"time":316.5},{"angle":0,"time":316.5,"endTap":true,"duration":4,"type":"hold","angle2":-360},{"type":"inverse","angle":315,"time":317},{"type":"inverse","angle":225,"time":318},{"type":"inverse","angle":180,"time":318.5},{"type":"inverse","angle":135,"time":319},{"type":"inverse","angle":90,"time":319.5},{"type":"inverse","angle":67.5,"time":319.75},{"type":"inverse","angle":0,"time":320.5},{"tap":true,"angle":90,"time":319.5,"type":"block"},{"startTap":true,"angle":0,"time":320.5,"endTap":true,"duration":4,"type":"hold","angle2":360},{"tap":true,"angle":315,"time":324,"type":"block"},{"type":"inverse","angle":135,"time":322},{"type":"inverse","angle":180,"time":322.5},{"type":"inverse","angle":225,"time":323},{"type":"inverse","angle":315,"time":324},{"type":"inverse","angle":0,"time":324.5},{"time":324.5,"angle":0,"startTap":true,"endTap":true,"duration":4,"type":"hold","angle2":-360},{"type":"inverse","angle":315,"time":325},{"type":"inverse","angle":225,"time":326},{"tap":true,"angle":180,"time":326.5,"type":"block"},{"type":"inverse","angle":135,"time":327},{"type":"inverse","angle":90,"time":327.5},{"type":"inverse","angle":0,"time":328.5},{"startTap":true,"angle":0,"time":328.5,"endTap":true,"duration":4,"type":"hold","angle2":360},{"tap":true,"angle":270,"time":331.5,"type":"block"},{"time":332.5,"angle":0,"startTap":true,"endTap":true,"duration":4,"type":"hold","angle2":-360},{"type":"inverse","angle":225,"time":331},{"type":"inverse","angle":135,"time":330},{"type":"inverse","angle":315,"time":332},{"type":"inverse","angle":315,"time":333},{"type":"inverse","angle":225,"time":334},{"type":"inverse","angle":180,"time":334.5},{"type":"inverse","angle":135,"time":335},{"type":"inverse","angle":90,"time":335.5},{"type":"inverse","angle":45,"time":336},{"type":"inverse","angle":0,"time":336.5},{"tap":true,"angle":270,"time":333.5,"type":"block"},{"tap":true,"angle":180,"time":334.5,"type":"block"},{"tap":true,"angle":22.5,"time":336.25,"type":"block"},{"startTap":true,"angle":0,"time":336.5,"endTap":true,"duration":4,"type":"hold","angle2":360},{"type":"inverse","angle":135,"time":338},{"type":"inverse","angle":180,"time":338.5},{"type":"inverse","angle":225,"time":339},{"type":"inverse","angle":315,"time":340},{"type":"inverse","angle":0,"time":340.5},{"type":"inverse","angle":326.25,"time":341},{"tap":true,"angle":315,"time":340,"type":"block"},{"startTap":true,"angle":0,"time":340.5,"endTap":true,"duration":2.5,"type":"hold","angle2":-180},{"tap":true,"angle":236.25,"time":342.25,"type":"block"},{"type":"inverse","angle":236.25,"time":342.25},{"startTap":true,"angle":180,"time":343,"endTap":true,"duration":1,"type":"hold","angle2":180},{"startTap":true,"angle":180,"time":344,"endTap":true,"duration":4,"type":"hold","angle2":1440},{"tap":true,"angle":45,"time":348.5,"type":"block"},{"type":"block","angle":90,"time":349.5},{"type":"block","angle":135,"time":350},{"angle":180,"time":350.25,"duration":0.75,"type":"hold","angle2":45},{"type":"block","angle":360,"time":351.5},{"type":"block","angle":45,"time":352},{"tap":true,"angle":180,"time":352.5,"type":"side"},{"type":"block","angle":225,"time":353.5},{"type":"block","angle":270,"time":354},{"angle":315,"time":354.25,"duration":0.75,"type":"hold","angle2":225},{"type":"block","angle":180,"time":355.5},{"type":"block","angle":135,"time":356},{"tap":true,"angle":360,"time":356.5,"type":"side"},{"type":"block","angle":315,"time":357.5},{"type":"block","angle":270,"time":358},{"angle":225,"time":358.25,"duration":0.75,"type":"hold","angle2":315},{"type":"block","angle":270,"time":359.5},{"type":"block","angle":315,"time":360},{"angle":225,"time":360.5,"duration":1,"type":"hold","angle2":180},{"angle":180,"time":361.5,"duration":0.5,"type":"hold","angle2":270},{"angle":270,"time":362,"duration":0.5,"type":"hold","angle2":225},{"type":"block","angle":270,"time":362.75},{"type":"block","angle":315,"time":363},{"tap":true,"angle":0,"time":364,"type":"block"},{"tap":true,"angle":45,"time":364.5,"type":"block"},{"type":"extraTap","angle":78.75,"time":349.5},{"type":"extraTap","angle":281.25,"time":353.5},{"type":"extraTap","angle":292.5,"time":357.5},{"time":361.5,"angle":180,"startTap":true,"type":"hold","duration":2.5,"holdEase":"outSine","angle2":360},{"type":"extraTap","angle":0,"time":365.5},{"type":"extraTap","angle":0,"time":366.5},{"type":"extraTap","angle":360,"time":367.5},{"type":"extraTap","angle":360,"time":368.5},{"type":"extraTap","angle":360,"time":369.5},{"type":"extraTap","angle":360,"time":370.5},{"type":"extraTap","angle":360,"time":371.5},{"type":"extraTap","angle":360,"time":372.5},{"type":"extraTap","angle":0,"time":373.5},{"type":"extraTap","angle":0,"time":374.5},{"type":"extraTap","angle":360,"time":375.5},{"type":"extraTap","angle":360,"time":376.5},{"type":"extraTap","angle":360,"time":377.5},{"type":"extraTap","angle":0,"time":378.5},{"type":"extraTap","angle":0,"time":379.5},{"type":"extraTap","angle":0,"time":380.5},{"type":"extraTap","angle":0,"time":381.5},{"type":"extraTap","angle":0,"time":382.5},{"type":"extraTap","angle":360,"time":383.5},{"type":"extraTap","angle":360,"time":384.5},{"type":"extraTap","angle":0,"time":385.5},{"type":"extraTap","angle":0,"time":386.5},{"type":"extraTap","angle":0,"time":387.5},{"type":"extraTap","angle":360,"time":388.5},{"type":"extraTap","angle":0,"time":389.5},{"type":"extraTap","angle":337.5,"time":390.5},{"type":"extraTap","angle":360,"time":391.5},{"type":"extraTap","angle":0,"time":396.5},{"type":"extraTap","angle":360,"time":397.5},{"type":"extraTap","angle":360,"time":398.5},{"type":"extraTap","angle":360,"time":399.5},{"type":"extraTap","angle":0,"time":400},{"type":"extraTap","angle":0,"time":400.5},{"type":"extraTap","angle":0,"time":401.5},{"type":"extraTap","angle":360,"time":402.5},{"type":"extraTap","angle":360,"time":403.5},{"type":"extraTap","angle":360,"time":404.5},{"type":"extraTap","angle":360,"time":405.5},{"type":"extraTap","angle":360,"time":406.5},{"type":"extraTap","angle":360,"time":407.5},{"type":"extraTap","angle":0,"time":408},{"type":"extraTap","angle":0,"time":408.5},{"type":"extraTap","angle":360,"time":406},{"type":"extraTap","angle":337.5,"time":409.5},{"type":"extraTap","angle":0,"time":410},{"type":"extraTap","angle":0,"time":410.5},{"type":"extraTap","angle":360,"time":412},{"type":"block","angle":315,"time":366},{"type":"block","angle":360,"time":366.5},{"type":"block","angle":45,"time":367},{"type":"block","angle":90,"time":367.5},{"angle":135,"time":368,"duration":1,"type":"hold","angle2":45},{"angle":45,"time":369,"duration":1,"type":"hold","angle2":90},{"type":"block","angle":135,"time":370.5},{"type":"block","angle":180,"time":371},{"type":"block","angle":225,"time":371.5},{"angle":270,"time":372,"duration":1,"type":"hold","angle2":315},{"angle":315,"time":373,"duration":1,"type":"hold","angle2":292.5},{"type":"block","angle":315,"time":368},{"type":"block","angle":270,"time":368.5},{"type":"block","angle":225,"time":369},{"type":"block","angle":258.75,"time":369.5},{"angle":270,"time":370,"duration":1,"type":"hold","angle2":360},{"type":"block","angle":112.5,"time":374},{"type":"block","angle":45,"time":374.5},{"type":"block","angle":360,"time":375},{"type":"block","angle":315,"time":375.5},{"angle":281.25,"time":376,"duration":1,"type":"hold","angle2":315},{"type":"block","angle":360,"time":378},{"type":"block","angle":45,"time":378.5},{"type":"block","angle":90,"time":379},{"type":"block","angle":135,"time":379.5},{"type":"block","angle":180,"time":380},{"time":380,"angle":360,"tap":true,"type":"block"},{"time":380.5,"angle":315,"tap":true,"type":"block"},{"type":"block","angle":0,"time":381},{"type":"block","angle":45,"time":381.5},{"type":"block","angle":225,"time":381.5},{"type":"block","angle":0,"time":382},{"type":"block","angle":180,"time":382},{"type":"block","angle":315,"time":382.5},{"type":"block","angle":135,"time":382.5},{"type":"block","angle":270,"time":383},{"type":"block","angle":90,"time":383},{"type":"block","angle":315,"time":383.5},{"type":"block","angle":135,"time":383.5},{"time":384,"angle":0,"tap":true,"type":"block"},{"time":384,"angle":180,"tap":true,"type":"block"},{"time":384.5,"angle":225,"tap":true,"type":"block"},{"time":384.5,"angle":45,"tap":true,"type":"block"},{"type":"block","angle":315,"time":385.5},{"type":"block","angle":135,"time":385.5},{"type":"block","angle":270,"time":386},{"type":"block","angle":90,"time":386},{"type":"block","angle":225,"time":386.5},{"type":"block","angle":45,"time":386.5},{"type":"block","angle":270,"time":387},{"type":"block","angle":90,"time":387},{"type":"block","angle":315,"time":387.5},{"type":"block","angle":135,"time":387.5},{"type":"block","angle":360,"time":388},{"type":"block","angle":180,"time":388},{"time":388.5,"angle":45,"tap":true,"type":"side"},{"time":388.5,"angle":225,"tap":true,"type":"side"},{"type":"block","angle":258.75,"time":389.5},{"type":"block","angle":78.75,"time":389.5},{"type":"block","angle":315,"time":390},{"type":"block","angle":135,"time":390},{"type":"block","angle":0,"time":390.5},{"type":"block","angle":180,"time":390.5},{"type":"block","angle":225,"time":391},{"type":"block","angle":45,"time":391},{"type":"block","angle":270,"time":392},{"type":"block","angle":90,"time":392},{"type":"extraTap","angle":0,"time":392.5},{"startTap":true,"angle":270,"time":392.5,"endTap":true,"duration":1,"type":"hold","angle2":225},{"startTap":true,"angle":90,"time":392.5,"endTap":true,"duration":1,"type":"hold","angle2":45},{"time":393.5,"angle":225,"startTap":true,"endTap":true,"duration":0.75,"type":"hold","angle2":315},{"time":393.5,"angle":45,"startTap":true,"endTap":true,"duration":0.75,"type":"hold","angle2":135},{"time":394.5,"angle":337.5,"tap":true,"type":"block"},{"time":394.5,"angle":157.5,"tap":true,"type":"block"},{"type":"block","angle":0,"time":395.25},{"type":"block","angle":180,"time":395.25},{"type":"block","angle":315,"time":396},{"type":"block","angle":135,"time":396},{"angle":270,"time":396.5,"duration":1,"type":"hold","angle2":360},{"angle":90,"time":396.5,"duration":1,"type":"hold","angle2":180},{"type":"block","angle":45,"time":398},{"type":"block","angle":90,"time":398.5},{"type":"block","angle":135,"time":399},{"type":"block","angle":180,"time":399.5},{"angle":270,"time":400.5,"duration":1.5,"type":"hold","angle2":360},{"type":"block","angle":135,"time":401},{"angle":180,"time":402.25,"duration":0.75,"type":"hold","angle2":270},{"angle":180,"time":401.5,"duration":0.75,"type":"hold","angle2":180},{"type":"block","angle":90,"time":403},{"type":"block","angle":135,"time":403.5},{"type":"block","angle":180,"time":404},{"angle":270,"time":404.5,"duration":1,"type":"hold","angle2":225},{"angle":225,"time":405.5,"duration":0.5,"type":"hold","angle2":315},{"angle":315,"time":406,"duration":1.5,"type":"hold","angle2":270},{"angle":135,"time":408,"duration":1,"type":"hold","angle2":135},{"angle":315,"time":408,"duration":1,"type":"hold","angle2":315},{"angle":0,"time":409.5,"duration":0.5,"type":"hold","angle2":0},{"angle":180,"time":409.5,"duration":0.5,"type":"hold","angle2":180},{"type":"block","angle":0,"time":411},{"type":"block","angle":180,"time":411},{"time":412,"angle":90,"tap":true,"type":"block"},{"time":412,"angle":270,"tap":true,"type":"block"}]