[{"angle":67.5,"time":0,"type":"extraTap"},{"angle":67.5,"time":0.5,"type":"extraTap"},{"angle":67.5,"time":1,"type":"extraTap"},{"angle":45,"r":255,"b":0,"g":0,"time":0,"color":0,"type":"setColor"},{"angle":45,"r":255,"b":0,"g":0,"time":0.5,"color":0,"type":"setColor"},{"angle":45,"color":0,"b":0,"g":0,"time":1,"r":255,"type":"setColor"},{"angle":22.5,"r":0,"b":255,"g":0,"time":0,"color":1,"type":"setColor"},{"angle":22.5,"r":0,"b":255,"g":0,"time":0.5,"color":1,"type":"setColor"},{"angle":22.5,"r":0,"b":255,"g":0,"time":1,"color":1,"type":"setColor"},{"angle":22.5,"r":0,"b":255,"g":0,"time":0.25,"color":0,"type":"setColor"},{"angle":22.5,"color":0,"b":255,"g":0,"time":0.75,"r":0,"type":"setColor"},{"angle":45,"r":255,"b":0,"g":0,"time":0.25,"color":1,"type":"setColor"},{"angle":45,"color":1,"b":0,"g":0,"time":0.75,"r":255,"type":"setColor"},{"angle":45,"r":255,"b":0,"g":0,"time":1.25,"color":1,"type":"setColor"},{"angle":22.5,"r":0,"b":255,"g":0,"time":1.25,"color":0,"type":"setColor"},{"angle":22.5,"color":1,"b":255,"g":0,"time":1.5,"r":0,"type":"setColor"},{"angle":45,"r":255,"b":0,"g":0,"time":1.5,"color":0,"type":"setColor"}]