[{"angle":135,"time":0,"type":"extraTap"},{"angle":157.5,"color":0,"b":255,"g":0,"time":0,"r":0,"type":"setColor"},{"angle":180,"r":255,"b":0,"g":0,"time":0,"color":1,"type":"setColor"},{"angle":157.5,"r":255,"b":0,"g":0,"time":0.25,"color":0,"type":"setColor"},{"angle":180,"r":0,"b":255,"g":0,"time":0.25,"color":1,"type":"setColor"},{"angle":135,"time":0.5,"type":"extraTap"},{"angle":157.5,"color":0,"b":255,"g":0,"time":0.5,"r":0,"type":"setColor"},{"angle":180,"r":255,"b":0,"g":0,"time":0.5,"color":1,"type":"setColor"},{"angle":157.5,"r":255,"b":0,"g":0,"time":0.75,"color":0,"type":"setColor"},{"angle":180,"r":0,"b":255,"g":0,"time":0.75,"color":1,"type":"setColor"},{"angle":135,"time":1,"type":"extraTap"},{"angle":157.5,"color":0,"b":255,"g":0,"time":1,"r":0,"type":"setColor"},{"angle":180,"r":255,"b":0,"g":0,"time":1,"color":1,"type":"setColor"},{"angle":157.5,"r":255,"b":0,"g":0,"time":1.25,"color":0,"type":"setColor"},{"angle":180,"r":0,"b":255,"g":0,"time":1.25,"color":1,"type":"setColor"},{"angle":157.5,"r":0,"b":255,"g":0,"time":1.5,"color":0,"type":"setColor"},{"angle":180,"r":255,"b":0,"g":0,"time":1.5,"color":1,"type":"setColor"}]