{"metadata":{"artistLink":"","songName":"First Town Of This Journey","artist":"Camellia","charter":"himych","difficulty":12,"bg":true,"bgData":{"blueChannel":{"r":15,"b":34,"g":25},"greenChannel":{"r":83,"b":148,"g":115},"yellowChannel":{"r":151,"b":205,"g":179},"image":"bg.png","cyanChannel":{"r":99,"b":119,"g":135},"magentaChannel":{"r":151,"b":205,"g":179},"redChannel":{"r":51,"b":91,"g":74}},"description":"peeeew, pew pew pew peeew..\n\nevery mechanic is used\n\nhope you'll love as much as i do!!"},"properties":{"speed":70,"loadBeat":-1,"offset":8,"formatversion":13},"events":[{"time":1,"bpm":170,"file":"song.ogg","volume":1,"type":"play","angle":360},{"type":"ease","time":-1,"angle":0,"value":1.5,"var":"scrollSpeed"},{"type":"ease","time":36,"duration":4,"ease":"outSine","angle":255,"value":1,"var":"scrollSpeed"},{"type":"ease","duration":2,"time":68,"ease":"outSine","angle":90,"value":1.1999998092651,"var":"scrollSpeed"},{"duration":16,"time":100,"type":"ease","angle":270,"value":1.5,"var":"scrollSpeed"},{"type":"ease","time":130,"duration":1,"ease":"outCirc","angle":270,"value":3,"var":"scrollSpeed"},{"type":"ease","duration":1,"time":131,"ease":"inCirc","angle":255,"value":1.5,"var":"scrollSpeed"},{"type":"ease","duration":0.5,"time":140,"ease":"outCirc","angle":90,"value":0.49999979138374,"var":"scrollSpeed"},{"value":1.5,"duration":0.25,"time":141,"ease":"outCirc","angle":90,"type":"ease","var":"scrollSpeed"},{"angleOffset":false,"time":132,"angle":270,"tag":"ss","type":"tag"},{"tag":"ss","time":135,"angle":270,"type":"tag","angleOffset":false},{"tag":"ss","time":143,"angle":270,"type":"tag","angleOffset":false},{"tag":"ss","time":148,"angle":270,"type":"tag","angleOffset":false},{"tag":"ss","time":151,"angle":270,"type":"tag","angleOffset":false},{"type":"ease","duration":0.5,"time":156,"ease":"outCirc","angle":90,"value":0.49999979138374,"var":"scrollSpeed"},{"value":1.5,"time":157,"duration":0.25,"ease":"outCirc","angle":90,"type":"ease","var":"scrollSpeed"},{"duration":0.25,"ease":"outCirc","repeats":6,"repeatDelay":0.75,"var":"scrollSpeed","time":159,"angle":270,"type":"ease","value":1},{"duration":0.5,"ease":"inCirc","repeats":6,"repeatDelay":0.75,"var":"scrollSpeed","time":159.25,"angle":270,"type":"ease","value":1.5},{"spriteName":"angry","angle":270,"type":"forcePlayerSprite","time":164},{"spriteName":"","angle":270,"type":"forcePlayerSprite","time":165},{"type":"ease","duration":0.5,"time":164,"ease":"outCirc","angle":90,"value":3,"var":"vfx.canvPos.sx"},{"type":"ease","duration":0.5,"time":164,"ease":"outCirc","angle":105,"value":3,"var":"vfx.canvPos.sy"},{"type":"ease","duration":0.5,"time":164.5,"ease":"inCirc","angle":90,"value":1,"var":"vfx.canvPos.sx"},{"value":1,"time":164.5,"duration":0.5,"ease":"inCirc","angle":105,"type":"ease","var":"vfx.canvPos.sy"},{"duration":0.25,"ease":"outCirc","repeats":4,"repeatDelay":0.75,"var":"scrollSpeed","time":165,"angle":270,"type":"ease","value":1},{"duration":0.5,"ease":"inCirc","repeats":4,"repeatDelay":0.75,"var":"scrollSpeed","time":165.25,"angle":270,"type":"ease","value":1.5},{"value":0.49999979138374,"time":172,"duration":0.5,"ease":"outCirc","angle":90,"type":"ease","var":"scrollSpeed"},{"type":"ease","time":173,"duration":0.5,"ease":"outCirc","angle":90,"value":1.5,"var":"scrollSpeed"},{"type":"tag","time":175,"angle":90,"tag":"ss","angleOffset":false},{"tag":"ss","time":180,"angle":270,"type":"tag","angleOffset":false},{"tag":"ss","time":183,"angle":-330,"type":"tag","angleOffset":false},{"spriteName":"","angle":270,"type":"forcePlayerSprite","time":191},{"duration":0.25,"ease":"outCirc","repeats":4,"repeatDelay":0.75,"var":"scrollSpeed","time":191,"angle":270,"type":"ease","value":1},{"duration":0.5,"ease":"inCirc","repeats":4,"repeatDelay":0.75,"var":"scrollSpeed","time":191.25,"angle":270,"type":"ease","value":1.5},{"newAngle":180,"paddle":1,"duration":1,"ease":"inCirc","angle":90,"type":"paddles","time":194},{"duration":0,"time":195,"paddle":1,"ease":"outCirc","angle":90,"type":"paddles","enabled":false},{"newAngle":180,"duration":0,"ease":"linear","angle":75,"paddle":2,"time":195,"type":"paddles","enabled":true},{"newAngle":360,"duration":1,"ease":"outCirc","angle":60,"order":1,"paddle":2,"type":"paddles","time":195},{"time":194,"angle":180,"type":"forcePlayerSprite","spriteName":"none"},{"type":"ease","duration":2,"time":194,"ease":"inOutCirc","angle":285,"value":125,"var":"p.paddleDistance"},{"value":125,"time":194,"duration":2,"ease":"inOutCirc","angle":270,"type":"ease","var":"p.bodyRadius"},{"newAngle":180,"duration":1,"newWidth":360,"ease":"inCirc","angle":90,"paddle":2,"type":"paddles","time":258},{"time":259,"duration":0,"paddle":2,"ease":"outCirc","angle":90,"type":"paddles","enabled":false},{"newAngle":180,"duration":0,"newWidth":360,"ease":"linear","angle":75,"paddle":1,"time":259,"type":"paddles","enabled":true},{"newAngle":360,"duration":1,"time":259.01110839844,"ease":"outCirc","angle":60,"type":"paddles","paddle":1},{"value":31,"time":258,"duration":2,"ease":"inOutCirc","angle":285,"type":"ease","var":"p.paddleDistance"},{"value":20,"duration":2,"time":258,"ease":"inOutCirc","angle":270,"type":"ease","var":"p.bodyRadius"},{"time":258,"angle":255,"type":"forcePlayerSprite","spriteName":""},{"paddle":1,"time":259.5,"newWidth":70,"ease":"outCirc","angle":90,"type":"paddles","duration":2},{"newAngle":0,"time":260,"paddle":1,"ease":"linear","angle":75,"type":"paddles","duration":0},{"type":"ease","duration":4,"time":260,"ease":"outCirc","angle":90,"value":0.75000023841858,"var":"scrollSpeed"},{"newAngle":0,"duration":0,"newWidth":70,"ease":"inBack","angle":330,"paddle":2,"time":292,"type":"paddles","enabled":true},{"newAngle":-180,"duration":2,"newWidth":45,"ease":"outBack","angle":315,"order":1,"paddle":2,"type":"paddles","time":292},{"time":292,"paddle":1,"newWidth":45,"ease":"outBack","angle":300,"type":"paddles","duration":2},{"time":322.00012207031,"paddle":2,"newWidth":0,"ease":"inBack","angle":90,"type":"paddles","duration":2.1666667461395},{"paddle":2,"time":324.16665649414,"duration":0,"ease":"linear","angle":90,"type":"paddles","enabled":false},{"duration":2,"time":324,"newWidth":70,"ease":"outBack","angle":75,"type":"paddles","paddle":1},{"type":"ease","duration":2,"time":324,"ease":"outCirc","angle":105,"value":1,"var":"scrollSpeed"},{"type":"ease","duration":1,"time":356,"ease":"outCirc","angle":270,"value":1.2999999523163,"var":"scrollSpeed"},{"time":456,"angle":0,"type":"showResults"},{"id":"cave","sprite":"cave.png","angle":270,"time":-1,"ox":300,"oy":180,"type":"deco","drawLayer":"bg"},{"g":34,"time":-1,"r":11,"color":0,"angle":90,"type":"setColor","b":54},{"g":255,"time":-1,"r":255,"color":1,"angle":105,"type":"setColor","b":255},{"g":140,"time":-1,"r":76,"color":2,"angle":120,"type":"setColor","b":184},{"g":94,"time":-1,"r":26,"color":3,"angle":135,"type":"setColor","b":127},{"g":77,"time":-1,"b":115,"color":4,"angle":150,"type":"setColor","r":39},{"time":-1,"color":3,"angle":195,"type":"outline","enable":true},{"value":3,"time":-1,"angle":180,"type":"ease","var":"p.fillColor"},{"time":229,"color":2,"chance":0.80000001192093,"type":"noise","angle":285},{"time":230,"color":0,"chance":0,"type":"noise","angle":300},{"angleOffset":false,"time":4,"angle":0,"tag":"pulse","type":"tag"},{"angleOffset":false,"time":5.5,"angle":0,"tag":"pulse","type":"tag"},{"angleOffset":false,"time":6,"angle":0,"tag":"pulse","type":"tag"},{"angleOffset":false,"time":7,"angle":0,"tag":"pulse","type":"tag"},{"angleOffset":false,"time":8.5,"angle":0,"tag":"pulse","type":"tag"},{"angleOffset":false,"time":9,"angle":0,"tag":"pulse","type":"tag"},{"angleOffset":false,"time":10,"angle":0,"tag":"pulse","type":"tag"},{"angleOffset":false,"time":12,"angle":0,"tag":"pulse","type":"tag"},{"angleOffset":false,"time":13.5,"angle":0,"tag":"pulse","type":"tag"},{"angleOffset":false,"time":14,"angle":0,"tag":"pulse","type":"tag"},{"angleOffset":false,"time":15,"angle":0,"tag":"pulse","type":"tag"},{"angleOffset":false,"time":16.5,"angle":0,"tag":"pulse","type":"tag"},{"angleOffset":false,"time":17,"angle":0,"tag":"pulse","type":"tag"},{"angleOffset":false,"time":18,"angle":0,"tag":"pulse","type":"tag"},{"angleOffset":false,"time":20,"angle":0,"tag":"pulse","type":"tag"},{"angleOffset":false,"time":21.5,"angle":0,"tag":"pulse","type":"tag"},{"angleOffset":false,"time":22,"angle":0,"tag":"pulse","type":"tag"},{"angleOffset":false,"time":23,"angle":0,"tag":"pulse","type":"tag"},{"angleOffset":false,"time":24.5,"angle":0,"tag":"pulse","type":"tag"},{"angleOffset":false,"time":25,"angle":0,"tag":"pulse","type":"tag"},{"angleOffset":false,"time":26,"angle":0,"tag":"pulse","type":"tag"},{"angleOffset":false,"time":28,"angle":0,"tag":"pulse","type":"tag"},{"angleOffset":false,"time":29.5,"angle":0,"tag":"pulse","type":"tag"},{"angleOffset":false,"time":30,"angle":0,"tag":"pulse","type":"tag"},{"angleOffset":false,"time":31,"angle":0,"tag":"pulse","type":"tag"},{"angleOffset":false,"time":32.5,"angle":0,"tag":"pulse","type":"tag"},{"angleOffset":false,"time":33,"angle":0,"tag":"pulse","type":"tag"},{"angleOffset":false,"time":34,"angle":0,"tag":"pulse","type":"tag"},{"g":4,"duration":2,"angle":105,"time":36,"r":0,"color":0,"type":"setColor","b":24},{"g":110,"duration":2,"angle":120,"time":36,"color":2,"b":154,"type":"setColor","r":46},{"g":64,"duration":2,"angle":135,"time":36,"r":0,"color":3,"type":"setColor","b":97},{"g":47,"duration":2,"angle":150,"time":36,"r":9,"color":4,"type":"setColor","b":85},{"angleOffset":false,"time":70,"angle":0,"tag":"pulse","type":"tag"},{"angleOffset":false,"time":74,"angle":0,"tag":"pulse","type":"tag"},{"angleOffset":false,"time":78,"angle":0,"tag":"pulse","type":"tag"},{"angleOffset":false,"time":82,"angle":360,"tag":"pulse","type":"tag"},{"angleOffset":false,"time":86,"angle":0,"tag":"pulse","type":"tag"},{"angleOffset":false,"time":90,"angle":0,"tag":"pulse","type":"tag"},{"angleOffset":false,"time":94,"angle":0,"tag":"pulse","type":"tag"},{"angleOffset":false,"time":98,"angle":0,"tag":"pulse","type":"tag"},{"angleOffset":false,"time":100,"angle":0,"tag":"pulse","type":"tag"},{"angleOffset":false,"time":116,"angle":0,"tag":"pulse","type":"tag"},{"angleOffset":false,"time":117,"angle":0,"tag":"pulse","type":"tag"},{"angleOffset":false,"time":118,"angle":0,"tag":"pulse","type":"tag"},{"angleOffset":false,"time":119,"angle":0,"tag":"pulse","type":"tag"},{"angleOffset":false,"time":120,"angle":0,"tag":"pulse","type":"tag"},{"angleOffset":false,"time":121,"angle":0,"tag":"pulse","type":"tag"},{"angleOffset":false,"time":122,"angle":0,"tag":"pulse","type":"tag"},{"angleOffset":false,"time":123,"angle":0,"tag":"pulse","type":"tag"},{"angleOffset":false,"time":124,"angle":0,"tag":"pulse","type":"tag"},{"angleOffset":false,"time":125,"angle":0,"tag":"pulse","type":"tag"},{"angleOffset":false,"time":126,"angle":0,"tag":"pulse","type":"tag"},{"angleOffset":false,"time":127,"angle":0,"tag":"pulse","type":"tag"},{"angleOffset":false,"time":124.5,"angle":0,"tag":"pulse","type":"tag"},{"angleOffset":false,"time":125.5,"angle":0,"tag":"pulse","type":"tag"},{"angleOffset":false,"time":126.5,"angle":0,"tag":"pulse","type":"tag"},{"angleOffset":false,"time":127.5,"angle":0,"tag":"pulse","type":"tag"},{"angleOffset":false,"time":130,"angle":0,"tag":"pulse","type":"tag"},{"type":"ease","time":132,"angle":195,"value":32,"var":"vfx.hwaves.period"},{"angleOffset":false,"time":132,"angle":180,"tag":"wave","type":"tag"},{"angleOffset":false,"time":135,"angle":180,"tag":"wave","type":"tag"},{"angleOffset":false,"time":143,"angle":180,"tag":"wave","type":"tag"},{"angleOffset":false,"time":148,"angle":180,"tag":"wave","type":"tag"},{"angleOffset":false,"time":151,"angle":180,"tag":"wave","type":"tag"},{"angleOffset":false,"time":159,"angle":180,"tag":"wave","type":"tag"},{"angleOffset":false,"time":161.25,"angle":180,"tag":"wave","type":"tag"},{"angleOffset":false,"time":164.75,"angle":180,"tag":"wave","type":"tag"},{"angleOffset":false,"time":175,"angle":180,"tag":"wave","type":"tag"},{"angleOffset":false,"time":180,"angle":180,"tag":"wave","type":"tag"},{"angleOffset":false,"time":183,"angle":180,"tag":"wave","type":"tag"},{"angleOffset":false,"time":191,"angle":180,"tag":"wave","type":"tag"},{"angleOffset":false,"time":196,"angle":180,"tag":"wave","type":"tag"},{"angleOffset":false,"time":199,"angle":180,"tag":"wave","type":"tag"},{"angleOffset":false,"time":207,"angle":180,"tag":"wave","type":"tag"},{"g":4,"angle":105,"time":140,"r":0,"b":24,"type":"setColor","color":0},{"g":110,"angle":120,"time":140,"color":2,"b":154,"type":"setColor","r":46},{"g":64,"angle":135,"time":140,"r":0,"b":97,"type":"setColor","color":3},{"g":47,"angle":150,"time":140,"r":9,"b":85,"type":"setColor","color":4},{"angleOffset":false,"time":141,"angle":180,"tag":"pulse","type":"tag"},{"g":4,"angle":105,"time":229,"r":0,"b":24,"type":"setColor","color":0},{"g":110,"angle":120,"time":229,"color":2,"b":154,"type":"setColor","r":46},{"g":64,"angle":135,"time":229,"r":0,"b":97,"type":"setColor","color":3},{"g":47,"angle":150,"time":229,"r":9,"b":85,"type":"setColor","color":4},{"angleOffset":false,"time":230,"angle":180,"tag":"pulse","type":"tag"},{"angleOffset":false,"time":228,"angle":180,"tag":"wave","type":"tag"},{"angleOffset":false,"time":231,"angle":180,"tag":"wave","type":"tag"},{"angleOffset":false,"time":239,"angle":180,"tag":"wave","type":"tag"},{"angleOffset":false,"time":244,"angle":180,"tag":"wave","type":"tag"},{"angleOffset":false,"time":247,"angle":180,"tag":"wave","type":"tag"},{"angleOffset":false,"time":212,"angle":180,"tag":"wave","type":"tag"},{"angleOffset":false,"time":215,"angle":180,"tag":"wave","type":"tag"},{"angleOffset":false,"time":223,"angle":180,"tag":"wave","type":"tag"},{"g":4,"duration":2,"angle":105,"time":260,"r":0,"b":24,"type":"setColor","color":0},{"g":110,"duration":2,"angle":120,"time":260,"color":2,"b":154,"type":"setColor","r":46},{"g":64,"duration":2,"angle":135,"time":260,"r":0,"b":97,"type":"setColor","color":3},{"g":47,"duration":2,"angle":150,"time":260,"r":9,"b":85,"type":"setColor","color":4},{"angleOffset":false,"time":358,"angle":0,"tag":"pulse","type":"tag"},{"angleOffset":false,"time":362,"angle":0,"tag":"pulse","type":"tag"},{"angleOffset":false,"time":366,"angle":0,"tag":"pulse","type":"tag"},{"angleOffset":false,"time":370,"angle":360,"tag":"pulse","type":"tag"},{"angleOffset":false,"time":374,"angle":0,"tag":"pulse","type":"tag"},{"angleOffset":false,"time":378,"angle":0,"tag":"pulse","type":"tag"},{"angleOffset":false,"time":382,"angle":0,"tag":"pulse","type":"tag"},{"angleOffset":false,"time":386,"angle":0,"tag":"pulse","type":"tag"},{"angleOffset":false,"time":388,"angle":0,"tag":"pulse","type":"tag"},{"angleOffset":false,"time":388.75,"angle":0,"tag":"pulse","type":"tag"},{"angleOffset":false,"time":389.5,"angle":0,"tag":"pulse","type":"tag"},{"angleOffset":false,"time":390,"angle":0,"tag":"pulse","type":"tag"},{"angleOffset":false,"time":391,"angle":0,"tag":"pulse","type":"tag"},{"angleOffset":false,"time":391.75,"angle":0,"tag":"pulse","type":"tag"},{"angleOffset":false,"time":392.5,"angle":0,"tag":"pulse","type":"tag"},{"angleOffset":false,"time":394,"angle":0,"tag":"pulse","type":"tag"},{"angleOffset":false,"time":397,"angle":0,"tag":"pulse","type":"tag"},{"angleOffset":false,"time":398,"angle":0,"tag":"pulse","type":"tag"},{"angleOffset":false,"time":398.25,"angle":0,"tag":"pulse","type":"tag"},{"angleOffset":false,"time":399,"angle":0,"tag":"pulse","type":"tag"},{"angleOffset":false,"time":399.75,"angle":0,"tag":"pulse","type":"tag"},{"angleOffset":false,"time":400.5,"angle":0,"tag":"pulse","type":"tag"},{"angleOffset":false,"time":401.25,"angle":0,"tag":"pulse","type":"tag"},{"angleOffset":false,"time":402,"angle":0,"tag":"pulse","type":"tag"},{"angleOffset":false,"time":402.75,"angle":0,"tag":"pulse","type":"tag"},{"angleOffset":false,"time":403.5,"angle":0,"tag":"pulse","type":"tag"},{"angleOffset":false,"time":404,"angle":0,"tag":"pulse","type":"tag"},{"angleOffset":false,"time":404.75,"angle":0,"tag":"pulse","type":"tag"},{"angleOffset":false,"time":405.5,"angle":0,"tag":"pulse","type":"tag"},{"angleOffset":false,"time":406,"angle":0,"tag":"pulse","type":"tag"},{"angleOffset":false,"time":407,"angle":0,"tag":"pulse","type":"tag"},{"angleOffset":false,"time":407.75,"angle":0,"tag":"pulse","type":"tag"},{"angleOffset":false,"time":408.5,"angle":0,"tag":"pulse","type":"tag"},{"angleOffset":false,"time":410,"angle":0,"tag":"pulse","type":"tag"},{"angleOffset":false,"time":413,"angle":0,"tag":"pulse","type":"tag"},{"angleOffset":false,"time":414,"angle":0,"tag":"pulse","type":"tag"},{"angleOffset":false,"time":414.25,"angle":0,"tag":"pulse","type":"tag"},{"angleOffset":false,"time":415,"angle":0,"tag":"pulse","type":"tag"},{"angleOffset":false,"time":415.75,"angle":0,"tag":"pulse","type":"tag"},{"angleOffset":false,"time":416.5,"angle":0,"tag":"pulse","type":"tag"},{"angleOffset":false,"time":417.25,"angle":0,"tag":"pulse","type":"tag"},{"angleOffset":false,"time":418,"angle":0,"tag":"pulse","type":"tag"},{"angleOffset":false,"time":418.75,"angle":0,"tag":"pulse","type":"tag"},{"angleOffset":false,"time":419.5,"angle":0,"tag":"pulse","type":"tag"},{"angleOffset":false,"time":420,"angle":0,"tag":"pulse","type":"tag"},{"angleOffset":false,"time":421.5,"angle":0,"tag":"pulse","type":"tag"},{"angleOffset":false,"time":422,"angle":0,"tag":"pulse","type":"tag"},{"angleOffset":false,"time":423,"angle":0,"tag":"pulse","type":"tag"},{"angleOffset":false,"time":424.5,"angle":0,"tag":"pulse","type":"tag"},{"angleOffset":false,"time":425,"angle":0,"tag":"pulse","type":"tag"},{"angleOffset":false,"time":426,"angle":0,"tag":"pulse","type":"tag"},{"angleOffset":false,"time":428,"angle":0,"tag":"pulse","type":"tag"},{"angleOffset":false,"time":429.5,"angle":0,"tag":"pulse","type":"tag"},{"angleOffset":false,"time":430,"angle":0,"tag":"pulse","type":"tag"},{"angleOffset":false,"time":431,"angle":0,"tag":"pulse","type":"tag"},{"angleOffset":false,"time":432.5,"angle":0,"tag":"pulse","type":"tag"},{"angleOffset":false,"time":433,"angle":0,"tag":"pulse","type":"tag"},{"angleOffset":false,"time":434,"angle":0,"tag":"pulse","type":"tag"},{"angleOffset":false,"time":436,"angle":0,"tag":"pulse","type":"tag"},{"angleOffset":false,"time":437.5,"angle":0,"tag":"pulse","type":"tag"},{"angleOffset":false,"time":438,"angle":0,"tag":"pulse","type":"tag"},{"angleOffset":false,"time":439,"angle":0,"tag":"pulse","type":"tag"},{"angleOffset":false,"time":440.5,"angle":0,"tag":"pulse","type":"tag"},{"angleOffset":false,"time":441,"angle":0,"tag":"pulse","type":"tag"},{"angleOffset":false,"time":442,"angle":0,"tag":"pulse","type":"tag"},{"angleOffset":false,"time":444,"angle":0,"tag":"pulse","type":"tag"},{"angleOffset":false,"time":445.5,"angle":0,"tag":"pulse","type":"tag"},{"angleOffset":false,"time":446,"angle":0,"tag":"pulse","type":"tag"},{"angleOffset":false,"time":447,"angle":0,"tag":"pulse","type":"tag"},{"angleOffset":false,"time":448.5,"angle":0,"tag":"pulse","type":"tag"},{"angleOffset":false,"time":449,"angle":0,"tag":"pulse","type":"tag"},{"angleOffset":false,"time":450,"angle":0,"tag":"pulse","type":"tag"},{"id":"star1","x":100,"y":100,"sprite":"star.png","angle":285,"time":35.75,"ox":13,"sx":0,"sy":0,"type":"deco","oy":13},{"id":"star1","duration":2,"ease":"outCirc","angle":285,"time":36,"r":135,"sy":1,"type":"deco","sx":1},{"id":"star1","duration":1,"angle":285,"time":38,"sx":0,"sy":0,"type":"deco","r":270},{"id":"star2","x":180,"y":230,"sprite":"star.png","angle":285,"time":39,"ox":13,"sx":0,"sy":0,"type":"deco","oy":13},{"id":"star2","duration":2,"y":230,"ease":"outCirc","angle":285,"x":180,"time":39.25,"sx":1,"sy":1,"type":"deco","r":135},{"id":"star2","duration":1,"y":230,"angle":285,"x":180,"time":41.25,"r":270,"sy":0,"type":"deco","sx":0},{"id":"star3","x":40,"y":320,"sprite":"star.png","angle":300,"time":40,"ox":13,"sx":0,"sy":0,"type":"deco","oy":13},{"id":"star3","duration":2,"y":320,"ease":"outCirc","angle":300,"x":40,"time":40.25,"sx":1,"sy":1,"type":"deco","r":135},{"id":"star3","duration":1,"y":320,"angle":300,"x":40,"time":42.25,"r":270,"sy":0,"type":"deco","sx":0},{"id":"star4","x":500,"y":30,"sprite":"star.png","angle":315,"time":41.5,"ox":13,"oy":13,"sy":0,"type":"deco","sx":0},{"id":"star4","duration":2,"y":30,"ease":"outCirc","angle":315,"x":500,"time":41.75,"sx":1,"sy":1,"type":"deco","r":135},{"id":"star4","duration":1,"y":30,"angle":315,"x":500,"time":43.75,"r":270,"sy":0,"type":"deco","sx":0},{"id":"star5","x":430,"y":180,"sprite":"star.png","angle":330,"time":43,"ox":13,"oy":13,"sy":0,"type":"deco","sx":0},{"id":"star5","duration":2,"y":180,"ease":"outCirc","angle":330,"x":430,"time":43.25,"sx":1,"sy":1,"type":"deco","r":135},{"id":"star5","duration":1,"y":180,"angle":330,"x":430,"time":45.25,"r":270,"sy":0,"type":"deco","sx":0},{"id":"star1","x":300,"y":100,"sprite":"star.png","angle":285,"time":44,"ox":13,"oy":13,"sy":0,"type":"deco","sx":0},{"id":"star1","duration":2,"ease":"outCirc","angle":285,"x":300,"time":44.25,"sx":1,"sy":1,"type":"deco","r":135},{"id":"star1","duration":1,"angle":285,"x":300,"time":46.25,"r":270,"sy":0,"type":"deco","sx":0},{"id":"star2","x":140,"y":270,"sprite":"star.png","angle":285,"time":47,"ox":13,"oy":13,"sy":0,"type":"deco","sx":0},{"id":"star2","duration":2,"y":270,"ease":"outCirc","angle":285,"x":140,"time":47.25,"sx":1,"sy":1,"type":"deco","r":135},{"id":"star2","duration":1,"y":270,"angle":285,"x":140,"time":49.25,"r":270,"sy":0,"type":"deco","sx":0},{"id":"star3","x":560,"y":78,"sprite":"star.png","angle":300,"time":48,"ox":13,"oy":13,"sy":0,"type":"deco","sx":0},{"id":"star3","duration":2,"y":78,"ease":"outCirc","angle":300,"x":560,"time":48.25,"sx":1,"sy":1,"type":"deco","r":135},{"id":"star3","duration":1,"y":78,"angle":300,"sx":0,"time":50.25,"r":270,"sy":0,"type":"deco","x":560},{"id":"star4","x":420,"y":310,"sprite":"star.png","angle":315,"time":49.5,"ox":13,"sx":0,"sy":0,"type":"deco","oy":13},{"id":"star4","duration":2,"y":310,"ease":"outCirc","angle":315,"r":135,"time":49.75,"sx":1,"sy":1,"type":"deco","x":420},{"id":"star4","duration":1,"y":310,"angle":315,"sx":0,"time":51.75,"r":270,"sy":0,"type":"deco","x":420},{"id":"star5","x":330,"y":120,"sprite":"star.png","angle":330,"time":51,"ox":13,"sx":0,"sy":0,"type":"deco","oy":13},{"id":"star5","duration":2,"y":120,"ease":"outCirc","angle":330,"x":330,"time":51.25,"sx":1,"sy":1,"type":"deco","r":135},{"id":"star5","duration":1,"y":120,"angle":330,"x":330,"time":53.25,"r":270,"sy":0,"type":"deco","sx":0},{"id":"star1","x":160,"y":150,"sprite":"star.png","angle":285,"time":52,"ox":13,"oy":13,"sy":0,"type":"deco","sx":0},{"id":"star1","duration":2,"y":150,"ease":"outCirc","angle":285,"x":160,"time":52.25,"sx":1,"sy":1,"type":"deco","r":135},{"id":"star1","duration":1,"y":150,"angle":285,"x":160,"time":54.25,"r":270,"sy":0,"type":"deco","sx":0},{"id":"star2","x":370,"y":220,"sprite":"star.png","angle":285,"time":55,"ox":13,"sx":0,"sy":0,"type":"deco","oy":13},{"id":"star2","duration":2,"y":220,"ease":"outCirc","angle":285,"x":370,"time":55.25,"sx":1,"sy":1,"type":"deco","r":135},{"id":"star2","duration":1,"y":220,"angle":285,"x":370,"time":57.25,"r":270,"sy":0,"type":"deco","sx":0},{"id":"star3","x":300,"y":329,"sprite":"star.png","angle":300,"time":56,"ox":13,"sx":0,"sy":0,"type":"deco","oy":13},{"id":"star3","duration":2,"y":329,"ease":"outCirc","angle":300,"x":300,"time":56.25,"sx":1,"sy":1,"type":"deco","r":135},{"id":"star3","duration":1,"y":329,"angle":300,"x":300,"time":58.25,"r":270,"sy":0,"type":"deco","sx":0},{"id":"star4","x":200,"y":100,"sprite":"star.png","angle":300,"time":57.25,"ox":13,"oy":13,"sy":0,"type":"deco","sx":0},{"id":"star4","duration":2,"ease":"outCirc","angle":300,"x":200,"time":57.5,"sx":1,"sy":1,"type":"deco","r":135},{"id":"star4","duration":1,"angle":300,"x":200,"time":59.5,"r":270,"sy":0,"type":"deco","sx":0},{"id":"star5","x":430,"y":250,"sprite":"star.png","angle":315,"time":59,"ox":13,"oy":13,"sy":0,"type":"deco","sx":0},{"id":"star5","duration":2,"y":250,"ease":"outCirc","angle":315,"x":430,"time":59.25,"sx":1,"sy":1,"type":"deco","r":135},{"id":"star5","duration":1,"y":250,"angle":315,"x":430,"time":61.25,"r":270,"sy":0,"type":"deco","sx":0},{"id":"star1","x":150,"y":20,"sprite":"star.png","angle":285,"time":60,"ox":13,"sx":0,"sy":0,"type":"deco","oy":13},{"id":"star1","duration":2,"y":20,"ease":"outCirc","angle":285,"x":150,"time":60.25,"sx":1,"sy":1,"type":"deco","r":135},{"id":"star1","duration":1,"y":20,"angle":285,"x":150,"time":62.25,"r":270,"sy":0,"type":"deco","sx":0},{"id":"star2","x":380,"y":150,"sprite":"star.png","angle":300,"time":61.5,"ox":13,"oy":13,"sy":0,"type":"deco","sx":0},{"id":"star2","duration":2,"y":150,"ease":"outCirc","angle":300,"r":135,"time":61.75,"sx":1,"sy":1,"type":"deco","x":380},{"id":"star2","duration":1,"y":150,"angle":300,"sx":0,"time":63.75,"r":270,"sy":0,"type":"deco","x":380},{"id":"star3","x":400,"y":250,"sprite":"star.png","angle":315,"time":63,"ox":13,"oy":13,"sy":0,"type":"deco","sx":0},{"id":"star3","duration":2,"ease":"outCirc","angle":315,"time":63.25,"r":135,"sy":1,"type":"deco","sx":1},{"id":"star3","duration":1,"angle":315,"time":65.25,"r":270,"sy":0,"type":"deco","sx":0},{"id":"star4","x":200,"y":50,"sprite":"star.png","angle":330,"time":64,"ox":13,"oy":13,"sy":0,"type":"deco","sx":0},{"id":"star4","duration":2,"y":50,"ease":"outCirc","angle":330,"x":200,"time":64.25,"sx":1,"sy":1,"type":"deco","r":135},{"id":"star4","duration":1,"y":50,"angle":330,"x":200,"time":66.25,"r":270,"sy":0,"type":"deco","sx":0},{"id":"star5","x":300,"y":180,"sprite":"star.png","angle":345,"time":66,"ox":13,"sx":0,"sy":0,"type":"deco","oy":13},{"id":"star5","duration":2,"y":180,"ease":"outCirc","angle":345,"x":300,"time":66.25,"sx":1,"sy":1,"type":"deco","r":135},{"id":"star5","duration":1,"y":180,"angle":345,"x":300,"time":68.25,"r":270,"sy":0,"type":"deco","sx":0},{"id":"star1","x":100,"y":100,"sprite":"star.png","angle":285,"time":67.75,"ox":13,"oy":13,"sy":0,"type":"deco","sx":0},{"id":"star1","duration":2,"ease":"outCirc","angle":285,"time":68,"r":135,"sy":1,"type":"deco","sx":1},{"id":"star1","duration":1,"angle":285,"time":70,"r":270,"sy":0,"type":"deco","sx":0},{"id":"star2","x":180,"y":230,"sprite":"star.png","angle":285,"time":71,"ox":13,"sx":0,"sy":0,"type":"deco","oy":13},{"id":"star2","duration":2,"y":230,"ease":"outCirc","angle":285,"x":180,"time":71.25,"sx":1,"sy":1,"type":"deco","r":135},{"id":"star2","duration":1,"y":230,"angle":285,"x":180,"time":73.25,"sx":0,"sy":0,"type":"deco","r":270},{"id":"star3","x":40,"y":320,"sprite":"star.png","angle":300,"time":72,"ox":13,"sx":0,"sy":0,"type":"deco","oy":13},{"id":"star3","duration":2,"y":320,"ease":"outCirc","angle":300,"x":40,"time":72.25,"sx":1,"sy":1,"type":"deco","r":135},{"id":"star3","duration":1,"y":320,"angle":300,"x":40,"time":74.25,"sx":0,"sy":0,"type":"deco","r":270},{"id":"star4","x":500,"y":30,"sprite":"star.png","angle":315,"time":73.5,"ox":13,"oy":13,"sy":0,"type":"deco","sx":0},{"id":"star4","duration":2,"y":30,"ease":"outCirc","angle":315,"x":500,"time":73.75,"sx":1,"sy":1,"type":"deco","r":135},{"id":"star4","duration":1,"y":30,"angle":315,"x":500,"time":75.75,"sx":0,"sy":0,"type":"deco","r":270},{"id":"star5","x":430,"y":180,"sprite":"star.png","angle":330,"time":75,"ox":13,"oy":13,"sy":0,"type":"deco","sx":0},{"id":"star5","duration":2,"y":180,"ease":"outCirc","angle":330,"x":430,"time":75.25,"sx":1,"sy":1,"type":"deco","r":135},{"id":"star5","duration":1,"y":180,"angle":330,"x":430,"time":77.25,"sx":0,"sy":0,"type":"deco","r":270},{"id":"star1","x":300,"y":100,"sprite":"star.png","angle":285,"time":76,"ox":13,"oy":13,"sy":0,"type":"deco","sx":0},{"id":"star1","duration":2,"ease":"outCirc","angle":285,"x":300,"time":76.25,"sx":1,"sy":1,"type":"deco","r":135},{"id":"star1","duration":1,"angle":285,"x":300,"time":78.25,"r":270,"sy":0,"type":"deco","sx":0},{"id":"star2","x":140,"y":270,"sprite":"star.png","angle":285,"time":79,"ox":13,"oy":13,"sy":0,"type":"deco","sx":0},{"id":"star2","duration":2,"y":270,"ease":"outCirc","angle":285,"x":140,"time":79.25,"sx":1,"sy":1,"type":"deco","r":135},{"id":"star2","duration":1,"y":270,"angle":285,"x":140,"time":81.25,"sx":0,"sy":0,"type":"deco","r":270},{"id":"star3","x":560,"y":78,"sprite":"star.png","angle":300,"time":80,"ox":13,"oy":13,"sy":0,"type":"deco","sx":0},{"id":"star3","duration":2,"y":78,"ease":"outCirc","angle":300,"x":560,"time":80.25,"sx":1,"sy":1,"type":"deco","r":135},{"id":"star3","duration":1,"y":78,"angle":300,"r":270,"time":82.25,"sx":0,"sy":0,"type":"deco","x":560},{"id":"star4","x":420,"y":310,"sprite":"star.png","angle":315,"time":81.5,"ox":13,"sx":0,"sy":0,"type":"deco","oy":13},{"id":"star4","duration":2,"y":310,"ease":"outCirc","angle":315,"r":135,"time":81.75,"sx":1,"sy":1,"type":"deco","x":420},{"id":"star4","duration":1,"y":310,"angle":315,"r":270,"time":83.75,"sx":0,"sy":0,"type":"deco","x":420},{"id":"star5","x":330,"y":120,"sprite":"star.png","angle":330,"time":83,"ox":13,"sx":0,"sy":0,"type":"deco","oy":13},{"id":"star5","duration":2,"y":120,"ease":"outCirc","angle":330,"x":330,"time":83.25,"sx":1,"sy":1,"type":"deco","r":135},{"id":"star5","duration":1,"y":120,"angle":330,"x":330,"time":85.25,"sx":0,"sy":0,"type":"deco","r":270},{"id":"star1","x":160,"y":150,"sprite":"star.png","angle":285,"time":84,"ox":13,"oy":13,"sy":0,"type":"deco","sx":0},{"id":"star1","duration":2,"y":150,"ease":"outCirc","angle":285,"x":160,"time":84.25,"sx":1,"sy":1,"type":"deco","r":135},{"id":"star1","duration":1,"y":150,"angle":285,"x":160,"time":86.25,"sx":0,"sy":0,"type":"deco","r":270},{"id":"star2","x":370,"y":220,"sprite":"star.png","angle":285,"time":87,"ox":13,"sx":0,"sy":0,"type":"deco","oy":13},{"id":"star2","duration":2,"y":220,"ease":"outCirc","angle":285,"x":370,"time":87.25,"sx":1,"sy":1,"type":"deco","r":135},{"id":"star2","duration":1,"y":220,"angle":285,"x":370,"time":89.25,"sx":0,"sy":0,"type":"deco","r":270},{"id":"star3","x":300,"y":329,"sprite":"star.png","angle":300,"time":88,"ox":13,"sx":0,"sy":0,"type":"deco","oy":13},{"id":"star3","duration":2,"y":329,"ease":"outCirc","angle":300,"x":300,"time":88.25,"sx":1,"sy":1,"type":"deco","r":135},{"id":"star3","duration":1,"y":329,"angle":300,"x":300,"time":90.25,"sx":0,"sy":0,"type":"deco","r":270},{"id":"star4","x":200,"y":100,"sprite":"star.png","angle":300,"time":89.25,"ox":13,"oy":13,"sy":0,"type":"deco","sx":0},{"id":"star4","duration":2,"ease":"outCirc","angle":300,"x":200,"time":89.5,"sx":1,"sy":1,"type":"deco","r":135},{"id":"star4","duration":1,"angle":300,"r":270,"time":91.5,"sx":0,"sy":0,"type":"deco","x":200},{"id":"star5","x":430,"y":250,"sprite":"star.png","angle":315,"time":91,"ox":13,"oy":13,"sy":0,"type":"deco","sx":0},{"id":"star5","duration":2,"y":250,"ease":"outCirc","angle":315,"x":430,"time":91.25,"sx":1,"sy":1,"type":"deco","r":135},{"id":"star5","duration":1,"y":250,"angle":315,"r":270,"time":92.75,"sx":0,"sy":0,"type":"deco","x":430},{"id":"star1","x":140,"y":180,"sprite":"star.png","angle":330,"time":92.5,"ox":13,"sx":0,"sy":0,"type":"deco","oy":13},{"id":"star1","duration":2,"y":250,"ease":"outCirc","angle":330,"x":430,"time":92.75,"sx":1,"sy":1,"type":"deco","r":135},{"id":"star1","duration":1,"y":250,"angle":330,"sx":0,"time":94.75,"r":270,"sy":0,"type":"deco","x":430},{"id":"star2","x":200,"y":320,"sprite":"star.png","angle":330,"time":97,"ox":13,"sx":0,"sy":0,"type":"deco","oy":13},{"id":"star2","duration":2,"y":320,"ease":"outCirc","angle":330,"x":200,"time":97.25,"sx":1,"sy":1,"type":"deco","r":135},{"id":"star2","duration":1,"y":320,"angle":330,"time":99.25,"sx":0,"r":270,"sy":0,"type":"deco","x":200},{"id":"star3","x":40,"y":140,"sprite":"star.png","angle":345,"time":98,"ox":13,"oy":13,"sy":0,"type":"deco","sx":0},{"id":"star3","duration":2,"y":140,"ease":"outCirc","angle":345,"r":135,"time":98.25,"sx":1,"sy":1,"type":"deco","x":40},{"id":"star3","duration":1,"y":140,"angle":345,"r":270,"time":100.25,"sx":0,"sy":0,"type":"deco","x":40},{"id":"star4","x":420,"y":170,"sprite":"star.png","angle":285,"time":98.5,"ox":13,"oy":13,"sy":0,"type":"deco","sx":0},{"id":"star4","duration":2,"y":170,"ease":"outCirc","angle":285,"x":420,"time":98.75,"sx":1,"sy":1,"type":"deco","r":135},{"id":"star4","duration":1,"y":170,"angle":285,"r":270,"time":100.75,"sx":0,"sy":0,"type":"deco","x":420},{"id":"star5","x":320,"y":20,"sprite":"star.png","angle":330,"time":99,"ox":13,"oy":13,"sy":0,"type":"deco","sx":0},{"id":"star5","duration":2,"y":20,"ease":"outCirc","angle":330,"x":320,"time":99.25,"sx":1,"sy":1,"type":"deco","r":135},{"id":"star5","duration":1,"y":20,"angle":330,"r":270,"time":101.25,"sx":0,"sy":0,"type":"deco","x":320},{"id":"star1","x":430,"y":250,"sprite":"star.png","angle":390,"time":99.5,"ox":13,"oy":13,"sy":0,"type":"deco","sx":0},{"id":"star1","duration":2,"y":250,"ease":"outCirc","angle":390,"x":430,"time":99.75,"sx":1,"sy":1,"type":"deco","r":135},{"id":"star1","duration":1,"y":250,"angle":390,"r":270,"time":101.75,"sx":0,"sy":0,"type":"deco","x":430},{"id":"star1","x":100,"y":100,"sprite":"star.png","angle":285,"time":323.75,"ox":13,"sx":0,"sy":0,"type":"deco","oy":13},{"id":"star1","duration":2,"ease":"outCirc","angle":285,"time":324,"r":135,"sy":1,"type":"deco","sx":1},{"id":"star1","duration":1,"angle":285,"time":326,"r":270,"sy":0,"type":"deco","sx":0},{"id":"star2","x":180,"y":230,"sprite":"star.png","angle":285,"time":327,"ox":13,"sx":0,"sy":0,"type":"deco","oy":13},{"id":"star2","duration":2,"y":230,"ease":"outCirc","angle":285,"x":180,"time":327.25,"sx":1,"sy":1,"type":"deco","r":135},{"id":"star2","duration":1,"y":230,"angle":285,"x":180,"time":329.25,"sx":0,"sy":0,"type":"deco","r":270},{"id":"star3","x":40,"y":320,"sprite":"star.png","angle":300,"time":328,"ox":13,"sx":0,"sy":0,"type":"deco","oy":13},{"id":"star3","duration":2,"y":320,"ease":"outCirc","angle":300,"x":40,"time":328.25,"sx":1,"sy":1,"type":"deco","r":135},{"id":"star3","duration":1,"y":320,"angle":300,"x":40,"time":330.25,"sx":0,"sy":0,"type":"deco","r":270},{"id":"star4","x":500,"y":30,"sprite":"star.png","angle":315,"time":329.5,"ox":13,"oy":13,"sy":0,"type":"deco","sx":0},{"id":"star4","duration":2,"y":30,"ease":"outCirc","angle":315,"x":500,"time":329.75,"sx":1,"sy":1,"type":"deco","r":135},{"id":"star4","duration":1,"y":30,"angle":315,"x":500,"time":331.75,"sx":0,"sy":0,"type":"deco","r":270},{"id":"star5","x":430,"y":180,"sprite":"star.png","angle":330,"time":331,"ox":13,"oy":13,"sy":0,"type":"deco","sx":0},{"id":"star5","duration":2,"y":180,"ease":"outCirc","angle":330,"x":430,"time":331.25,"sx":1,"sy":1,"type":"deco","r":135},{"id":"star5","duration":1,"y":180,"angle":330,"x":430,"time":333.25,"sx":0,"sy":0,"type":"deco","r":270},{"id":"star1","x":300,"y":100,"sprite":"star.png","angle":285,"time":332,"ox":13,"oy":13,"sy":0,"type":"deco","sx":0},{"id":"star1","duration":2,"ease":"outCirc","angle":285,"x":300,"time":332.25,"sx":1,"sy":1,"type":"deco","r":135},{"id":"star1","duration":1,"angle":285,"x":300,"time":334.25,"r":270,"sy":0,"type":"deco","sx":0},{"id":"star2","x":140,"y":270,"sprite":"star.png","angle":285,"time":335,"ox":13,"oy":13,"sy":0,"type":"deco","sx":0},{"id":"star2","duration":2,"y":270,"ease":"outCirc","angle":285,"x":140,"time":335.25,"sx":1,"sy":1,"type":"deco","r":135},{"id":"star2","duration":1,"y":270,"angle":285,"x":140,"time":337.25,"sx":0,"sy":0,"type":"deco","r":270},{"id":"star3","x":560,"y":78,"sprite":"star.png","angle":300,"time":336,"ox":13,"oy":13,"sy":0,"type":"deco","sx":0},{"id":"star3","duration":2,"y":78,"ease":"outCirc","angle":300,"x":560,"time":336.25,"sx":1,"sy":1,"type":"deco","r":135},{"id":"star3","duration":1,"y":78,"angle":300,"r":270,"time":338.25,"sx":0,"sy":0,"type":"deco","x":560},{"id":"star4","x":420,"y":310,"sprite":"star.png","angle":315,"time":337.5,"ox":13,"sx":0,"sy":0,"type":"deco","oy":13},{"id":"star4","duration":2,"y":310,"ease":"outCirc","angle":315,"r":135,"time":337.75,"sx":1,"sy":1,"type":"deco","x":420},{"id":"star4","duration":1,"y":310,"angle":315,"r":270,"time":339.75,"sx":0,"sy":0,"type":"deco","x":420},{"id":"star5","x":330,"y":120,"sprite":"star.png","angle":330,"time":339,"ox":13,"sx":0,"sy":0,"type":"deco","oy":13},{"id":"star5","duration":2,"y":120,"ease":"outCirc","angle":330,"x":330,"time":339.25,"sx":1,"sy":1,"type":"deco","r":135},{"id":"star5","duration":1,"y":120,"angle":330,"x":330,"time":341.25,"sx":0,"sy":0,"type":"deco","r":270},{"id":"star1","x":160,"y":150,"sprite":"star.png","angle":285,"time":340,"ox":13,"oy":13,"sy":0,"type":"deco","sx":0},{"id":"star1","duration":2,"y":150,"ease":"outCirc","angle":285,"x":160,"time":340.25,"sx":1,"sy":1,"type":"deco","r":135},{"id":"star1","duration":1,"y":150,"angle":285,"x":160,"time":342.25,"sx":0,"sy":0,"type":"deco","r":270},{"id":"star2","x":370,"y":220,"sprite":"star.png","angle":285,"time":343,"ox":13,"sx":0,"sy":0,"type":"deco","oy":13},{"id":"star2","duration":2,"y":220,"ease":"outCirc","angle":285,"x":370,"time":343.25,"sx":1,"sy":1,"type":"deco","r":135},{"id":"star2","duration":1,"y":220,"angle":285,"x":370,"time":345.25,"sx":0,"sy":0,"type":"deco","r":270},{"id":"star3","x":300,"y":329,"sprite":"star.png","angle":300,"time":344,"ox":13,"sx":0,"sy":0,"type":"deco","oy":13},{"id":"star3","duration":2,"y":329,"ease":"outCirc","angle":300,"x":300,"time":344.25,"sx":1,"sy":1,"type":"deco","r":135},{"id":"star3","duration":1,"y":329,"angle":300,"x":300,"time":346.25,"sx":0,"sy":0,"type":"deco","r":270},{"id":"star4","x":200,"y":100,"sprite":"star.png","angle":300,"time":345.25,"ox":13,"oy":13,"sy":0,"type":"deco","sx":0},{"id":"star4","duration":2,"ease":"outCirc","angle":300,"x":200,"time":345.5,"sx":1,"sy":1,"type":"deco","r":135},{"id":"star4","duration":1,"angle":300,"x":200,"time":347.5,"r":270,"sy":0,"type":"deco","sx":0},{"id":"star5","x":430,"y":250,"sprite":"star.png","angle":315,"time":347,"ox":13,"oy":13,"sy":0,"type":"deco","sx":0},{"id":"star5","duration":2,"y":250,"ease":"outCirc","angle":315,"x":430,"time":347.25,"sx":1,"sy":1,"type":"deco","r":135},{"id":"star5","duration":1,"y":250,"angle":315,"x":430,"time":349.25,"sx":0,"sy":0,"type":"deco","r":270},{"id":"star1","x":150,"y":20,"sprite":"star.png","angle":285,"time":348,"ox":13,"sx":0,"sy":0,"type":"deco","oy":13},{"id":"star1","duration":2,"y":20,"ease":"outCirc","angle":285,"x":150,"time":348.25,"sx":1,"sy":1,"type":"deco","r":135},{"id":"star1","duration":1,"y":20,"angle":285,"x":150,"time":350.25,"sx":0,"sy":0,"type":"deco","r":270},{"id":"star2","x":380,"y":150,"sprite":"star.png","angle":300,"time":349.5,"ox":13,"oy":13,"sy":0,"type":"deco","sx":0},{"id":"star2","duration":2,"y":150,"ease":"outCirc","angle":300,"r":135,"time":349.75,"sx":1,"sy":1,"type":"deco","x":380},{"id":"star2","duration":1,"y":150,"angle":300,"r":270,"time":351.75,"sx":0,"sy":0,"type":"deco","x":380},{"id":"star3","x":400,"y":250,"sprite":"star.png","angle":315,"time":351,"ox":13,"oy":13,"sy":0,"type":"deco","sx":0},{"id":"star3","duration":2,"ease":"outCirc","angle":315,"time":351.25,"r":135,"sy":1,"type":"deco","sx":1},{"id":"star3","duration":1,"angle":315,"time":353.25,"sx":0,"sy":0,"type":"deco","r":270},{"id":"star4","x":200,"y":50,"sprite":"star.png","angle":330,"time":352,"ox":13,"oy":13,"sy":0,"type":"deco","sx":0},{"id":"star4","duration":2,"y":50,"ease":"outCirc","angle":330,"x":200,"time":352.25,"sx":1,"sy":1,"type":"deco","r":135},{"id":"star4","duration":1,"y":50,"angle":330,"x":200,"time":354.25,"sx":0,"sy":0,"type":"deco","r":270},{"id":"star5","x":300,"y":180,"sprite":"star.png","angle":345,"time":354,"ox":13,"sx":0,"sy":0,"type":"deco","oy":13},{"id":"star5","duration":2,"y":180,"ease":"outCirc","angle":345,"x":300,"time":354.25,"sx":1,"sy":1,"type":"deco","r":135},{"id":"star5","duration":1,"y":180,"angle":345,"x":300,"time":356.25,"sx":0,"sy":0,"type":"deco","r":270},{"id":"star1","x":100,"y":100,"sprite":"star.png","angle":285,"time":355.75,"ox":13,"oy":13,"sy":0,"type":"deco","sx":0},{"id":"star1","duration":2,"ease":"outCirc","angle":285,"time":356,"r":135,"sy":1,"type":"deco","sx":1},{"id":"star1","duration":1,"angle":285,"time":358,"sx":0,"sy":0,"type":"deco","r":270},{"id":"star2","x":180,"y":230,"sprite":"star.png","angle":285,"time":359,"ox":13,"sx":0,"sy":0,"type":"deco","oy":13},{"id":"star2","duration":2,"y":230,"ease":"outCirc","angle":285,"x":180,"time":359.25,"sx":1,"sy":1,"type":"deco","r":135},{"id":"star2","duration":1,"y":230,"angle":285,"x":180,"time":361.25,"r":270,"sy":0,"type":"deco","sx":0},{"id":"star3","x":40,"y":320,"sprite":"star.png","angle":300,"time":360,"ox":13,"sx":0,"sy":0,"type":"deco","oy":13},{"id":"star3","duration":2,"y":320,"ease":"outCirc","angle":300,"x":40,"time":360.25,"sx":1,"sy":1,"type":"deco","r":135},{"id":"star3","duration":1,"y":320,"angle":300,"x":40,"time":362.25,"r":270,"sy":0,"type":"deco","sx":0},{"id":"star4","x":500,"y":30,"sprite":"star.png","angle":315,"time":361.5,"ox":13,"oy":13,"sy":0,"type":"deco","sx":0},{"id":"star4","duration":2,"y":30,"ease":"outCirc","angle":315,"x":500,"time":361.75,"sx":1,"sy":1,"type":"deco","r":135},{"id":"star4","duration":1,"y":30,"angle":315,"x":500,"time":363.75,"r":270,"sy":0,"type":"deco","sx":0},{"id":"star5","x":430,"y":180,"sprite":"star.png","angle":330,"time":363,"ox":13,"oy":13,"sy":0,"type":"deco","sx":0},{"id":"star5","duration":2,"y":180,"ease":"outCirc","angle":330,"x":430,"time":363.25,"sx":1,"sy":1,"type":"deco","r":135},{"id":"star5","duration":1,"y":180,"angle":330,"x":430,"time":365.25,"r":270,"sy":0,"type":"deco","sx":0},{"id":"star1","x":300,"y":100,"sprite":"star.png","angle":285,"time":364,"ox":13,"oy":13,"sy":0,"type":"deco","sx":0},{"id":"star1","duration":2,"ease":"outCirc","angle":285,"x":300,"time":364.25,"sx":1,"sy":1,"type":"deco","r":135},{"id":"star1","duration":1,"angle":285,"x":300,"time":366.25,"r":270,"sy":0,"type":"deco","sx":0},{"id":"star2","x":140,"y":270,"sprite":"star.png","angle":285,"time":367,"ox":13,"oy":13,"sy":0,"type":"deco","sx":0},{"id":"star2","duration":2,"y":270,"ease":"outCirc","angle":285,"x":140,"time":367.25,"sx":1,"sy":1,"type":"deco","r":135},{"id":"star2","duration":1,"y":270,"angle":285,"x":140,"time":369.25,"r":270,"sy":0,"type":"deco","sx":0},{"id":"star3","x":560,"y":78,"sprite":"star.png","angle":300,"time":368,"ox":13,"oy":13,"sy":0,"type":"deco","sx":0},{"id":"star3","duration":2,"y":78,"ease":"outCirc","angle":300,"x":560,"time":368.25,"sx":1,"sy":1,"type":"deco","r":135},{"id":"star3","duration":1,"y":78,"angle":300,"sx":0,"time":370.25,"r":270,"sy":0,"type":"deco","x":560},{"id":"star4","x":420,"y":310,"sprite":"star.png","angle":315,"time":369.5,"ox":13,"sx":0,"sy":0,"type":"deco","oy":13},{"id":"star4","duration":2,"y":310,"ease":"outCirc","angle":315,"r":135,"time":369.75,"sx":1,"sy":1,"type":"deco","x":420},{"id":"star4","duration":1,"y":310,"angle":315,"sx":0,"time":371.75,"r":270,"sy":0,"type":"deco","x":420},{"id":"star5","x":330,"y":120,"sprite":"star.png","angle":330,"time":371,"ox":13,"sx":0,"sy":0,"type":"deco","oy":13},{"id":"star5","duration":2,"y":120,"ease":"outCirc","angle":330,"x":330,"time":371.25,"sx":1,"sy":1,"type":"deco","r":135},{"id":"star5","duration":1,"y":120,"angle":330,"x":330,"time":373.25,"r":270,"sy":0,"type":"deco","sx":0},{"id":"star1","x":160,"y":150,"sprite":"star.png","angle":285,"time":372,"ox":13,"oy":13,"sy":0,"type":"deco","sx":0},{"id":"star1","duration":2,"y":150,"ease":"outCirc","angle":285,"x":160,"time":372.25,"sx":1,"sy":1,"type":"deco","r":135},{"id":"star1","duration":1,"y":150,"angle":285,"x":160,"time":374.25,"r":270,"sy":0,"type":"deco","sx":0},{"id":"star2","x":370,"y":220,"sprite":"star.png","angle":285,"time":375,"ox":13,"sx":0,"sy":0,"type":"deco","oy":13},{"id":"star2","duration":2,"y":220,"ease":"outCirc","angle":285,"x":370,"time":375.25,"sx":1,"sy":1,"type":"deco","r":135},{"id":"star2","duration":1,"y":220,"angle":285,"x":370,"time":377.25,"r":270,"sy":0,"type":"deco","sx":0},{"id":"star3","x":300,"y":329,"sprite":"star.png","angle":300,"time":376,"ox":13,"sx":0,"sy":0,"type":"deco","oy":13},{"id":"star3","duration":2,"y":329,"ease":"outCirc","angle":300,"x":300,"time":376.25,"sx":1,"sy":1,"type":"deco","r":135},{"id":"star3","duration":1,"y":329,"angle":300,"x":300,"time":378.25,"r":270,"sy":0,"type":"deco","sx":0},{"id":"star4","x":200,"y":100,"sprite":"star.png","angle":300,"time":377.25,"ox":13,"oy":13,"sy":0,"type":"deco","sx":0},{"id":"star4","duration":2,"ease":"outCirc","angle":300,"x":200,"time":377.5,"sx":1,"sy":1,"type":"deco","r":135},{"id":"star4","duration":1,"angle":300,"r":270,"time":379.5,"sx":0,"sy":0,"type":"deco","x":200},{"id":"star5","x":430,"y":250,"sprite":"star.png","angle":315,"time":379,"ox":13,"oy":13,"sy":0,"type":"deco","sx":0},{"id":"star5","duration":2,"y":250,"ease":"outCirc","angle":315,"x":430,"time":379.25,"sx":1,"sy":1,"type":"deco","r":135},{"id":"star5","duration":1,"y":250,"angle":315,"sx":0,"time":380.75,"r":270,"sy":0,"type":"deco","x":430},{"id":"star1","x":140,"y":180,"sprite":"star.png","angle":330,"time":380.5,"ox":13,"sx":0,"sy":0,"type":"deco","oy":13},{"id":"star1","duration":2,"y":250,"ease":"outCirc","angle":330,"x":430,"time":380.75,"sx":1,"sy":1,"type":"deco","r":135},{"id":"star1","duration":1,"y":250,"angle":330,"r":270,"time":382.75,"sx":0,"sy":0,"type":"deco","x":430},{"id":"star2","x":200,"y":320,"sprite":"star.png","angle":330,"time":385,"ox":13,"sx":0,"sy":0,"type":"deco","oy":13},{"id":"star2","duration":2,"y":320,"ease":"outCirc","angle":330,"x":200,"time":385.25,"sx":1,"sy":1,"type":"deco","r":135},{"id":"star2","duration":1,"y":320,"angle":330,"r":270,"time":387.25,"sx":0,"sy":0,"type":"deco","x":200},{"id":"star3","x":40,"y":140,"sprite":"star.png","angle":345,"time":386,"ox":13,"oy":13,"sy":0,"type":"deco","sx":0},{"id":"star3","duration":2,"y":140,"ease":"outCirc","angle":345,"r":135,"time":386.25,"sx":1,"sy":1,"type":"deco","x":40},{"id":"star3","duration":1,"y":140,"angle":345,"sx":0,"time":388.25,"r":270,"sy":0,"type":"deco","x":40},{"id":"star4","x":420,"y":170,"sprite":"star.png","angle":285,"time":386.5,"ox":13,"oy":13,"sy":0,"type":"deco","sx":0},{"id":"star4","duration":2,"y":170,"ease":"outCirc","angle":285,"x":420,"time":386.75,"sx":1,"sy":1,"type":"deco","r":135},{"id":"star4","duration":1,"y":170,"angle":285,"sx":0,"time":388.75,"r":270,"sy":0,"type":"deco","x":420},{"id":"star5","x":320,"y":20,"sprite":"star.png","angle":330,"time":387,"ox":13,"oy":13,"sy":0,"type":"deco","sx":0},{"id":"star5","duration":2,"y":20,"ease":"outCirc","angle":330,"x":320,"time":387.25,"sx":1,"sy":1,"type":"deco","r":135},{"id":"star5","duration":1,"y":20,"angle":330,"sx":0,"time":389.25,"r":270,"sy":0,"type":"deco","x":320},{"id":"star1","x":430,"y":250,"sprite":"star.png","angle":390,"time":387.5,"ox":13,"oy":13,"sy":0,"type":"deco","sx":0},{"id":"star1","duration":2,"y":250,"ease":"outCirc","angle":390,"x":430,"time":387.75,"sx":1,"sy":1,"type":"deco","r":135},{"id":"star1","duration":1,"y":250,"angle":390,"sx":0,"time":389.75,"r":270,"sy":0,"type":"deco","x":430}]}