[{"angle":360,"time":14,"type":"block"},{"angle":0,"time":15,"type":"block"},{"angle":345,"time":16,"type":"block"},{"angle":15,"time":16,"type":"block"},{"angle":60,"time":17,"type":"side"},{"angle":90,"time":18,"type":"block"},{"angle":0,"time":18.5,"type":"block"},{"time":22.5,"tap":true,"type":"block","angle":180},{"time":23,"tap":true,"type":"block","angle":270},{"angle":180,"time":20.5,"type":"side"},{"angle":180,"time":21.5,"type":"side"},{"angle":150,"time":22,"type":"block"},{"angle":90,"time":19,"type":"block"},{"angle":120,"time":20,"type":"block"},{"angle":240,"time":21,"type":"block"},{"angle":360,"time":24,"type":"block"},{"angle":270,"time":25,"type":"side"},{"angle":90,"time":26,"type":"block"},{"angle":0,"time":26.5,"type":"block"},{"angle":270,"time":27,"type":"side"},{"angle":258.75,"time":27,"type":"side"},{"angle":281.25,"time":27,"type":"side"},{"time":28,"duration":1,"type":"hold","angle":191.25,"angle2":225},{"time":28.5,"duration":1,"type":"hold","angle":191.25,"angle2":225},{"time":29,"duration":1,"type":"hold","angle":225,"angle2":191.25},{"duration":1,"endTap":true,"angle2":191.25,"type":"hold","angle":225,"time":29.5},{"angle":135,"time":31,"type":"side"},{"angle":123.75,"time":31,"type":"side"},{"angle":112.5,"time":31,"type":"side"},{"angle":146.25,"time":31,"type":"extraTap"},{"angle":360,"time":21,"type":"mine"},{"angle":337.5,"time":21.5,"type":"mine"},{"angle":360,"time":22,"type":"mine"},{"angle":22.5,"time":22.5,"type":"mine"},{"angle":0,"time":23,"type":"mine"},{"angle":22.5,"time":20.5,"type":"mine"},{"time":24,"duration":1.5,"type":"mineHold","angle":67.5,"angle2":67.5},{"angle":90,"time":32,"type":"block"},{"angle":0,"time":32,"type":"mine"},{"angle":360,"time":33,"type":"mine"},{"angle":360,"time":34,"type":"mine"},{"angle":0,"time":35,"type":"mine"},{"time":32,"duration":4,"type":"mineHold","angle":337.5,"angle2":382.5},{"time":36,"duration":0,"type":"mineHold","angle":22.5,"angle2":67.5},{"angle":90,"time":37,"type":"mine"},{"angle":90,"time":36,"type":"mine"},{"angle":90,"time":38,"type":"mine"},{"time":36,"duration":4,"type":"mineHold","angle":67.5,"angle2":112.5},{"angle":90,"time":39,"type":"mine"},{"angle":270,"time":33,"type":"block"},{"angle":180,"time":34.5,"type":"side"},{"angle":247.5,"time":34,"type":"block"},{"time":35,"tap":true,"type":"block","angle":135},{"angle":157.5,"time":47,"type":"extraTap"},{"angle":157.5,"time":46,"type":"extraTap"},{"duration":3,"endTap":true,"angle2":281.25,"type":"hold","angle":247.5,"time":36},{"time":36,"tap":true,"type":"block","angle":235.95405578613},{"angle":244.93798828125,"time":36.5,"type":"block"},{"time":37,"tap":true,"type":"block","angle":252.19465637207},{"angle":260.28771972656,"time":37.5,"type":"block"},{"time":38,"tap":true,"type":"block","angle":266.75521850586},{"angle":270,"time":38.5,"type":"block"},{"angle":360,"time":40,"type":"block"},{"time":39,"duration":1,"type":"hold","angle":281.25,"angle2":315},{"time":40,"duration":0,"type":"mineHold","angle":112.5,"angle2":168.75},{"time":40,"duration":4,"type":"mineHold","angle":168.75,"angle2":191.25},{"angle":180,"time":40,"type":"mine"},{"angle":180,"time":41,"type":"mine"},{"angle":180,"time":42,"type":"mine"},{"angle":180,"time":43,"type":"mine"},{"angle":270,"time":46,"type":"block"},{"angle":315,"time":46.333332061768,"type":"block"},{"angle":360,"time":46.666667938232,"type":"block"},{"angle":45,"time":47,"type":"block"},{"angle":135,"time":46,"type":"mine"},{"angle":120,"time":46,"type":"mine"},{"angle":105,"time":46,"type":"mine"},{"angle":90,"time":46,"type":"mine"},{"angle":75,"time":46,"type":"mine"},{"angle":60,"time":46,"type":"mine"},{"angle":45,"time":46,"type":"mine"},{"angle":240,"time":47,"type":"mine"},{"angle":255,"time":47,"type":"mine"},{"angle":270,"time":47,"type":"mine"},{"angle":270,"time":47,"type":"mine"},{"angle":285,"time":47,"type":"mine"},{"angle":300,"time":47,"type":"mine"},{"angle":315,"time":47,"type":"mine"},{"angle":90,"time":41,"type":"side"},{"angle":360,"time":42,"type":"block"},{"angle":300,"time":42.5,"type":"block"},{"angle":22.5,"time":43,"type":"side"},{"angle":45,"time":43,"type":"side"},{"angle":67.5,"time":43,"type":"side"},{"angle":360,"time":44,"type":"block"},{"angle":90,"time":44.5,"type":"block"},{"angle":180,"time":45,"type":"block"},{"angle":225,"time":45.5,"type":"block"},{"time":49,"duration":7,"type":"mineHold","angle":337.5,"angle2":367.5},{"time":49,"duration":7,"type":"mineHold","angle":157.5,"angle2":187.5},{"angle":75,"time":48,"type":"block"},{"angle":45,"time":48.5,"type":"block"},{"angle":30,"time":49,"type":"block"},{"angle":270,"time":50,"type":"block"},{"angle":240,"time":50.5,"type":"block"},{"angle":225,"time":51,"type":"block"},{"time":52,"duration":2,"type":"hold","angle":30,"angle2":75},{"angle":240,"time":53.5,"type":"block"},{"angle":60,"time":53,"type":"block"},{"time":55,"tap":true,"type":"block","angle":240},{"time":55,"tap":true,"type":"block","angle":45},{"angle":105,"time":54.5,"type":"block"},{"time":54.5,"tap":true,"type":"block","angle":285},{"time":54.5,"tap":true,"type":"block","angle":105},{"time":58,"duration":5,"type":"mineHold","angle":270,"angle2":315},{"time":58,"duration":5,"type":"mineHold","angle":90,"angle2":135},{"angle":225,"time":52.5,"type":"block"},{"angle":270,"time":56,"type":"block"},{"angle":90,"time":56,"type":"block"},{"angle":225,"time":56.5,"type":"block"},{"angle":45,"time":56.5,"type":"block"},{"time":57,"tap":false,"type":"block","angle":0},{"time":57,"tap":false,"type":"block","angle":180},{"angle":225,"time":58,"type":"block"},{"angle":22.5,"time":58,"type":"block"},{"angle":337.5,"time":58.5,"type":"block"},{"angle":157.5,"time":58.5,"type":"block"},{"time":59,"tap":true,"type":"block","angle":0},{"time":59,"tap":true,"type":"block","angle":180},{"time":60,"duration":0.5,"type":"hold","angle":337.5,"angle2":405},{"time":60.5,"duration":0.5,"type":"hold","angle":45,"angle2":0},{"time":61,"duration":0.5,"type":"hold","angle":360,"angle2":427.5},{"time":61.5,"duration":0.5,"type":"hold","angle":67.5,"angle2":22.5},{"time":62,"duration":0.5,"type":"hold","angle":22.5,"angle2":90},{"angle":67.5,"time":63,"type":"block"},{"angle":360,"time":62,"type":"extraTap"},{"angle":360,"time":63,"type":"extraTap"},{"angle":22.5,"time":64,"type":"block"},{"angle":292.5,"time":65.5,"type":"block"},{"angle":90,"time":66.5,"type":"block"},{"angle":30,"time":66,"type":"side"},{"angle":15,"time":66,"type":"side"},{"angle":135,"time":67,"type":"block"},{"time":67.5,"tap":true,"type":"side","angle":67.5},{"startTap":true,"time":68.5,"angle2":292.5,"type":"hold","angle":360,"duration":3},{"angle":225,"time":65,"type":"mine"},{"angle":180,"time":65.5,"type":"mine"},{"angle":225,"time":66,"type":"mine"},{"angle":180,"time":66.5,"type":"mine"},{"angle":225,"time":67,"type":"mine"},{"angle":180,"time":67.5,"type":"mine"},{"angle":225,"time":68,"type":"mine"},{"angle":180,"time":68.5,"type":"mine"},{"angle":225,"time":69,"type":"mine"},{"angle":180,"time":69.5,"type":"mine"},{"angle":225,"time":70,"type":"mine"},{"angle":180,"time":70.5,"type":"mine"},{"angle":225,"time":71,"type":"mine"},{"angle":180,"time":71.5,"type":"mine"},{"angle":135,"time":73.5,"type":"block"},{"angle":90,"time":74,"type":"block"},{"angle":101.25,"time":74.5,"type":"block"},{"angle":146.25,"time":75.5,"type":"block"},{"angle":168.75,"time":76.5,"type":"block"},{"angle":180,"time":78.5,"type":"extraTap"},{"angle":168.75,"time":79,"type":"extraTap"},{"time":125.5,"duration":2,"type":"hold","angle":90,"angle2":270},{"angle":337.5,"time":80,"type":"block"},{"angle":45,"time":80.5,"type":"block"},{"angle":22.5,"time":81.5,"type":"block"},{"time":82,"duration":1,"type":"hold","angle":337.5,"angle2":360},{"angle":0,"time":81,"type":"block"},{"angle":67.5,"time":83.5,"type":"side"},{"angle":135,"time":84,"type":"block"},{"angle":180,"time":84.5,"type":"block"},{"time":85.5,"tap":true,"type":"block","angle":0},{"angle":180,"time":86.5,"type":"block"},{"angle":270,"time":88,"type":"block"},{"angle":247.5,"time":88.5,"type":"block"},{"angle":225,"time":89,"type":"block"},{"angle":202.5,"time":89.5,"type":"block"},{"duration":1,"endTap":true,"angle2":90,"type":"hold","angle":180,"time":90},{"angle":67.5,"time":91.5,"type":"block"},{"angle":112.5,"time":92,"type":"block"},{"angle":360,"time":92.5,"type":"block"},{"time":93.5,"duration":2,"type":"hold","angle":180,"angle2":337.5},{"time":93.5,"duration":2,"type":"mineHold","angle":360,"angle2":540},{"time":95.5,"tap":true,"type":"block","angle":360},{"angle":90,"time":93.5,"type":"extraTap"},{"angle":22.5,"time":96,"type":"block"},{"angle":225,"time":97,"type":"side"},{"angle":292.5,"time":97.5,"type":"side"},{"angle":112.5,"time":96.5,"type":"side"},{"duration":1,"endTap":true,"angle2":360,"type":"hold","angle":360,"time":98},{"time":96.5,"duration":1,"type":"mineHold","angle":337.5,"angle2":337.5},{"time":99.5,"duration":0.5,"type":"hold","angle":0,"angle2":45},{"angle":112.5,"time":100.5,"type":"side"},{"angle":22.5,"time":101.5,"type":"side"},{"angle":11.25,"time":101.5,"type":"side"},{"angle":360,"time":101.5,"type":"side"},{"angle":90,"time":101,"type":"block"},{"angle":0,"time":103,"type":"block"},{"angle":45,"time":103.5,"segments":2,"type":"hold","duration":1,"angle2":90},{"angle":180,"time":105.5,"type":"side"},{"angle":247.5,"time":106.5,"type":"block"},{"angle":202.5,"time":106,"type":"block"},{"angle":90,"time":105,"type":"block"},{"angle":157.5,"time":107,"type":"block"},{"angle":135,"time":107.5,"type":"block"},{"angle":90,"time":108,"type":"block"},{"angle":135,"time":108.5,"type":"block"},{"angle":67.5,"time":109.5,"type":"block"},{"time":112,"duration":5.5,"type":"mineHold","angle":225,"angle2":210},{"time":112,"duration":5.5,"type":"mineHold","angle":210,"angle2":225},{"time":112,"duration":5.5,"type":"mineHold","angle":150,"angle2":135},{"time":112,"duration":5.5,"type":"mineHold","angle":135,"angle2":150},{"angle":270,"time":111.5,"type":"block"},{"angle":300,"time":112.5,"type":"block"},{"angle":315,"time":113,"type":"block"},{"angle":330,"time":113.5,"type":"block"},{"angle":345,"time":114,"type":"block"},{"angle":0,"time":114.5,"type":"block"},{"angle":15,"time":115,"type":"block"},{"angle":30,"time":115.5,"type":"block"},{"angle":90,"time":117.5,"type":"block"},{"angle":270,"time":112,"type":"extraTap"},{"angle":285,"time":112,"type":"block"},{"angle":270,"time":114,"type":"extraTap"},{"angle":270,"time":116,"type":"extraTap"},{"angle":270,"time":117.5,"type":"extraTap"},{"time":116,"duration":0.5,"type":"hold","angle":45,"angle2":0},{"time":116.5,"duration":0.5,"type":"hold","angle":0,"angle2":60},{"time":117.5,"duration":2.5,"type":"mineHold","angle":135,"angle2":75},{"angle":180,"time":120,"type":"block"},{"angle":180,"time":121,"type":"block"},{"time":120.5,"tap":true,"type":"block","angle":150},{"angle":270,"time":119,"type":"side"},{"duration":1,"endTap":true,"angle2":360,"type":"hold","angle":180,"time":122},{"time":125.5,"duration":1,"type":"mineHold","angle":270,"angle2":450},{"time":126,"duration":1,"type":"mineHold","angle":270,"angle2":525},{"time":126.5,"duration":1,"type":"mineHold","angle":270,"angle2":540},{"angle":0,"time":118.5,"type":"block"},{"angle":120,"time":124.5,"type":"block"},{"angle":90,"time":123.5,"type":"block"},{"angle":165,"time":124,"type":"block"},{"time":121.5,"tap":true,"type":"block","angle":210},{"angle":360,"time":128,"type":"block"},{"angle":60,"time":128.5,"type":"block"},{"angle":135,"time":129,"type":"block"},{"angle":60,"time":129.5,"type":"block"},{"time":130,"duration":1,"type":"hold","angle":360,"angle2":435},{"angle":105,"time":131.5,"type":"block"},{"angle":105,"time":132,"type":"block"},{"angle":105,"time":132.5,"type":"block"},{"angle":105,"time":133.5,"type":"extraTap"},{"angle":180,"time":135,"type":"block"},{"time":135.5,"duration":1,"type":"hold","angle":195,"angle2":165},{"time":135.5,"duration":1,"type":"hold","angle":165,"angle2":195},{"angle":180,"time":137,"type":"block"},{"angle":225,"time":137.5,"type":"side"},{"angle":285,"time":138,"type":"side"},{"angle":345,"time":139,"type":"block"},{"angle":330,"time":138.5,"type":"block"},{"angle":105,"time":141.5,"type":"block"},{"angle":255,"time":142.5,"type":"side"},{"angle":270,"time":142.5,"type":"side"},{"angle":285,"time":142.5,"type":"side"},{"time":140,"duration":0.5,"type":"hold","angle":45,"angle2":90},{"time":140.5,"duration":0.5,"type":"hold","angle":90,"angle2":60},{"time":144,"duration":0.5,"type":"hold","angle":150,"angle2":210},{"time":144.5,"duration":1,"type":"hold","angle":210,"angle2":150},{"time":145.5,"duration":1,"type":"hold","angle":150,"angle2":90},{"angle":67.5,"time":72,"type":"side"},{"time":146.5,"duration":1,"type":"hold","angle":90,"angle2":180},{"angle":22.5,"time":139.5,"type":"block"},{"time":211.5,"duration":6,"type":"hold","angle":180,"angle2":180},{"angle":0,"time":152,"type":"side"},{"angle":180,"time":152.5,"type":"side"},{"angle":0,"time":153.5,"type":"side"},{"angle":180,"time":154.5,"type":"side"},{"time":155.5,"duration":1,"type":"hold","angle":90,"angle2":112.5},{"time":155.5,"duration":1,"type":"hold","angle":270,"angle2":292.5},{"time":156.5,"duration":1,"type":"hold","angle":112.5,"angle2":67.5},{"time":156.5,"duration":1,"type":"hold","angle":292.5,"angle2":270},{"time":157.5,"duration":1.5,"type":"hold","angle":67.5,"angle2":180},{"time":157.5,"duration":1.5,"type":"hold","angle":270,"angle2":360},{"time":160,"duration":1,"type":"hold","angle":225,"angle2":270},{"time":160,"duration":1,"type":"hold","angle":45,"angle2":90},{"time":161.5,"duration":1,"type":"hold","angle":270,"angle2":247.5},{"time":161.5,"duration":1,"type":"hold","angle":90,"angle2":67.5},{"time":162.5,"duration":1,"type":"hold","angle":247.5,"angle2":202.5},{"time":162.5,"duration":1,"type":"hold","angle":67.5,"angle2":22.5},{"time":163.5,"duration":1.5,"type":"hold","angle":202.5,"angle2":270},{"time":163.5,"duration":1.5,"type":"hold","angle":22.5,"angle2":67.5},{"time":165,"duration":0.5,"type":"hold","angle":270,"angle2":292.5},{"time":165,"duration":0.5,"type":"hold","angle":67.5,"angle2":90},{"time":165.5,"duration":0.5,"type":"hold","angle":90,"angle2":67.5},{"time":165.5,"duration":0.5,"type":"hold","angle":292.5,"angle2":270},{"angle":292.5,"time":166.5,"type":"block"},{"angle":112.5,"time":166.5,"type":"block"},{"angle":360,"time":167,"type":"side"},{"angle":180,"time":167,"type":"side"},{"time":168,"duration":0,"type":"hold","angle":270,"angle2":236.25},{"time":168,"duration":0,"type":"hold","angle":90,"angle2":56.25},{"time":168,"duration":0.5,"type":"hold","angle":56.25,"angle2":67.5},{"time":168,"duration":0.5,"type":"hold","angle":90,"angle2":78.75},{"time":168,"duration":0.5,"type":"hold","angle":236.25,"angle2":247.5},{"time":168,"duration":0.5,"type":"hold","angle":270,"angle2":258.75},{"time":168.5,"duration":1,"type":"hold","angle":247.5,"angle2":247.5},{"time":168.5,"duration":1,"type":"hold","angle":258.75,"angle2":258.75},{"time":168.5,"duration":1,"type":"hold","angle":67.5,"angle2":67.5},{"time":168.5,"duration":1,"type":"hold","angle":78.75,"angle2":78.75},{"time":169.5,"duration":1,"type":"hold","angle":258.75,"angle2":247.5},{"time":169.5,"duration":1,"type":"hold","angle":247.5,"angle2":247.5},{"time":170.5,"duration":1,"type":"hold","angle":247.5,"angle2":270},{"time":169.5,"duration":1,"type":"hold","angle":67.5,"angle2":67.5},{"time":169.5,"duration":1,"type":"hold","angle":78.75,"angle2":67.5},{"time":170.5,"duration":1,"type":"hold","angle":67.5,"angle2":90},{"time":171.5,"duration":1,"type":"hold","angle":270,"angle2":360},{"time":171.5,"duration":1,"type":"hold","angle":90,"angle2":180},{"time":172.5,"duration":1,"type":"hold","angle":180,"angle2":90},{"time":172.5,"duration":1,"type":"hold","angle":0,"angle2":-90},{"time":173.5,"duration":1.5,"type":"hold","angle":90,"angle2":0},{"time":173.5,"duration":1.5,"type":"hold","angle":270,"angle2":180},{"angle":22.5,"time":176,"type":"block"},{"angle":213.75,"time":176,"type":"block"},{"angle":180,"time":176.5,"type":"block"},{"angle":360,"time":176.5,"type":"block"},{"angle":90,"time":177.5,"type":"side"},{"angle":270,"time":177.5,"type":"side"},{"time":179.5,"duration":3,"type":"hold","angle":11.25,"angle2":168.75},{"angle":360,"time":183,"type":"block"},{"angle":180,"time":183,"type":"block"},{"angle":11.25,"time":183.5,"type":"block"},{"angle":191.25,"time":183.5,"type":"block"},{"angle":180,"time":178.5,"type":"block"},{"angle":0,"time":178.5,"type":"block"},{"time":179.5,"duration":3,"type":"hold","angle":202.5,"angle2":326.25},{"angle":90,"time":184,"type":"extraTap"},{"time":184,"duration":1,"type":"hold","angle":348.75,"angle2":360},{"time":184,"duration":1,"type":"hold","angle":168.75,"angle2":180},{"time":185,"duration":0.5,"type":"hold","angle":180,"angle2":157.5},{"time":185,"duration":0.5,"type":"hold","angle":360,"angle2":337.5},{"angle":90,"time":186.5,"type":"extraTap"},{"time":185.5,"duration":1,"type":"hold","angle":337.5,"angle2":337.5},{"time":185.5,"duration":1,"type":"hold","angle":157.5,"angle2":157.5},{"time":187,"tap":true,"type":"block","angle":337.5},{"time":187,"tap":true,"type":"block","angle":157.5},{"angle":360,"time":187.5,"type":"block"},{"angle":180,"time":187.5,"type":"block"},{"angle":225,"time":188.5,"type":"block"},{"angle":56.25,"time":188.5,"type":"block"},{"angle":281.25,"time":189.5,"type":"block"},{"angle":112.5,"time":189.5,"type":"block"},{"time":190.5,"duration":1,"type":"hold","angle":315,"angle2":315},{"time":190.5,"duration":1,"type":"hold","angle":135,"angle2":135},{"angle":90,"time":188,"type":"extraTap"},{"angle":90,"time":190.5,"type":"extraTap"},{"angle":90,"time":192,"type":"extraTap"},{"angle":315,"time":191,"type":"block"},{"angle":135,"time":191,"type":"block"},{"time":191.5,"duration":4,"type":"hold","angle":315,"angle2":821.25},{"time":195.5,"duration":2,"type":"hold","angle":101.25,"angle2":101.25},{"time":191.5,"duration":4,"type":"hold","angle":135,"angle2":641.25},{"time":195.5,"duration":2,"type":"hold","angle":281.25,"angle2":281.25},{"angle":292.5,"time":198,"type":"block"},{"angle":303.75,"time":198.5,"type":"block"},{"angle":326.25,"time":199,"type":"block"},{"angle":90,"time":194.5,"type":"extraTap"},{"angle":90,"time":196,"type":"extraTap"},{"angle":90,"time":197,"type":"extraTap"},{"angle":90,"time":198,"type":"extraTap"},{"angle":90,"time":199,"type":"extraTap"},{"angle":180,"time":201.5,"type":"block"},{"angle":270,"time":202.5,"type":"block"},{"time":203.5,"duration":1,"type":"hold","angle":270,"angle2":258.75},{"time":204.5,"duration":1,"type":"hold","angle":258.75,"angle2":303.75},{"time":205.5,"duration":1,"type":"hold","angle":303.75,"angle2":213.75},{"time":207.5,"duration":1,"type":"hold","angle":191.25,"angle2":168.75},{"time":207.5,"duration":1,"type":"hold","angle":168.75,"angle2":191.25},{"time":208.5,"duration":1,"type":"hold","angle":168.75,"angle2":191.25},{"time":208.5,"duration":1,"type":"hold","angle":191.25,"angle2":168.75},{"time":209.5,"duration":1,"type":"hold","angle":191.25,"angle2":168.75},{"time":209.5,"duration":1,"type":"hold","angle":168.75,"angle2":191.25},{"time":210.5,"duration":1,"type":"hold","angle":191.25,"angle2":180},{"time":210.5,"duration":1,"type":"hold","angle":168.75,"angle2":180},{"time":207.5,"duration":0,"type":"hold","angle":191.25,"angle2":168.75},{"time":200,"duration":0.5,"type":"hold","angle":360,"angle2":450},{"time":222,"duration":0.5,"type":"hold","angle":150,"angle2":210},{"time":222.5,"duration":0.5,"type":"hold","angle":210,"angle2":150},{"time":223,"duration":0.5,"type":"hold","angle":150,"angle2":180},{"startTap":true,"time":224,"endTap":true,"type":"hold","angle2":450,"duration":1,"angle":270},{"startTap":true,"time":226,"endTap":true,"type":"hold","angle2":270,"duration":1,"angle":90},{"angle":210,"time":224.5,"type":"mine"},{"angle":180,"time":224.5,"type":"mine"},{"angle":150,"time":224.5,"type":"mine"},{"angle":120,"time":224.5,"type":"mine"},{"angle":180,"time":226,"type":"mine"},{"angle":210,"time":226,"type":"mine"},{"angle":240,"time":226,"type":"mine"},{"angle":270,"time":226,"type":"mine"},{"angle":180,"time":228.5,"type":"block"},{"angle":210,"time":228,"type":"block"},{"angle":150,"time":228.25,"type":"block"},{"angle":180,"time":229,"type":"block"},{"time":229.5,"duration":0.5,"type":"hold","angle":180,"angle2":270},{"time":230,"duration":1,"type":"mineHold","angle":90,"angle2":270},{"time":230,"duration":1.5,"type":"mineHold","angle":360,"angle2":675},{"startTap":true,"time":230,"endTap":true,"type":"hold","angle2":360,"duration":1,"angle":270},{"time":232,"tap":true,"type":"block","angle":180},{"time":233,"tap":true,"type":"block","angle":90},{"time":232.5,"duration":0,"type":"hold","angle":195,"angle2":165},{"time":233.5,"duration":0,"type":"hold","angle":105,"angle2":75},{"time":232,"duration":0,"type":"mineHold","angle":255,"angle2":285},{"time":232.5,"duration":0,"type":"mineHold","angle":240,"angle2":300},{"time":233,"duration":0,"type":"mineHold","angle":345,"angle2":375},{"time":233.5,"duration":0,"type":"mineHold","angle":330,"angle2":390},{"time":234,"tap":true,"type":"block","angle":90},{"time":235,"tap":true,"type":"block","angle":180},{"angle":150,"time":234.5,"type":"block"},{"angle":210,"time":236,"type":"block"},{"angle":225,"time":236,"type":"block"},{"angle":240,"time":236.5,"type":"block"},{"angle":270,"time":237,"type":"block"},{"angle":285,"time":237,"type":"block"},{"time":236,"duration":0.5,"type":"mineHold","angle":67.5,"angle2":67.5},{"time":237,"duration":0.5,"type":"mineHold","angle":112.5,"angle2":112.5},{"time":237.5,"duration":0.5,"type":"mineHold","angle":135,"angle2":135},{"time":236.5,"duration":0.5,"type":"mineHold","angle":90,"angle2":90},{"time":238,"duration":0.5,"type":"mineHold","angle":157.5,"angle2":157.5},{"time":238.5,"duration":0.5,"type":"mineHold","angle":180,"angle2":180},{"time":239,"duration":1,"type":"mineHold","angle":202.5,"angle2":202.5},{"time":239,"duration":1,"type":"mineHold","angle":157.5,"angle2":157.5},{"time":239,"duration":1,"type":"mineHold","angle":247.5,"angle2":247.5},{"time":239,"duration":1,"type":"mineHold","angle":292.5,"angle2":292.5},{"time":239,"duration":1,"type":"mineHold","angle":67.5,"angle2":67.5},{"time":239,"duration":1,"type":"mineHold","angle":112.5,"angle2":112.5},{"time":239,"duration":0,"type":"mineHold","angle":67.5,"angle2":292.5},{"time":238.75,"duration":1.25,"type":"hold","angle":337.5,"angle2":382.5},{"time":238.75,"duration":1.25,"type":"hold","angle":22.5,"angle2":-22.5},{"angle":292.5,"time":237.5,"type":"block"},{"angle":270,"time":238,"type":"side"},{"angle":315,"time":238.25,"type":"block"},{"time":240,"duration":0,"type":"hold","angle":337.5,"angle2":382.5},{"angle":0,"time":240,"type":"block"},{"angle":0,"time":240.5,"type":"block"},{"angle":300,"time":241.25,"type":"side"},{"angle":270,"time":241.5,"type":"block"},{"angle":210,"time":242.25,"type":"side"},{"time":242.5,"duration":0.5,"type":"hold","angle":191.25,"angle2":168.75},{"time":242.5,"duration":0.5,"type":"hold","angle":168.75,"angle2":191.25},{"time":242.5,"duration":0,"type":"hold","angle":191.25,"angle2":168.75},{"time":243,"duration":0.5,"type":"hold","angle":191.25,"angle2":180},{"time":243,"duration":0.5,"type":"hold","angle":168.75,"angle2":180},{"angle":330,"time":241,"type":"side"},{"angle":240,"time":242,"type":"side"},{"angle":150,"time":245,"type":"side"},{"angle":120,"time":245.25,"type":"side"},{"angle":120,"time":246,"type":"side"},{"time":246.5,"duration":0.5,"type":"hold","angle":191.25,"angle2":168.75},{"time":246.5,"duration":0.5,"type":"hold","angle":168.75,"angle2":191.25},{"time":246.5,"duration":0,"type":"hold","angle":191.25,"angle2":168.75},{"time":247,"duration":0.5,"type":"hold","angle":191.25,"angle2":180},{"time":247,"duration":0.5,"type":"hold","angle":168.75,"angle2":180},{"angle":180,"time":244,"type":"block"},{"angle":180,"time":244.5,"type":"block"},{"angle":90,"time":245.5,"type":"block"},{"angle":150,"time":246.25,"type":"side"},{"angle":195,"time":248,"type":"block"},{"angle":165,"time":248,"type":"block"},{"angle":135,"time":248.5,"type":"block"},{"angle":105,"time":249,"type":"block"},{"angle":75,"time":249,"type":"block"},{"angle":45,"time":249.5,"type":"block"},{"angle":15,"time":250,"type":"block"},{"angle":345,"time":250,"type":"block"},{"angle":315,"time":250.5,"type":"block"},{"angle":285,"time":251,"type":"block"},{"angle":255,"time":251,"type":"block"},{"time":251.5,"duration":0.5,"type":"hold","angle":225,"angle2":247.5},{"time":252,"duration":0.5,"type":"hold","angle":247.5,"angle2":292.5},{"time":252.5,"duration":0.5,"type":"hold","angle":292.5,"angle2":360},{"time":253,"duration":0.5,"type":"hold","angle":0,"angle2":0},{"time":253.5,"duration":2,"type":"hold","angle":0,"angle2":360},{"angle":292.5,"time":256,"type":"extraTap"},{"angle":360,"time":258,"type":"extraTap"},{"angle":0,"time":260,"type":"extraTap"},{"time":256,"duration":0,"type":"hold","angle":345,"angle2":375},{"time":256.75,"duration":0,"type":"hold","angle":315,"angle2":330},{"time":258.75,"duration":0,"type":"hold","angle":30,"angle2":60},{"time":258,"duration":0,"type":"hold","angle":345,"angle2":375},{"time":260,"duration":0,"type":"hold","angle":345,"angle2":375},{"time":259.5,"duration":0.5,"type":"hold","angle":360,"angle2":360},{"time":257.5,"duration":0.5,"type":"hold","angle":0,"angle2":0},{"time":260.75,"duration":0,"type":"hold","angle":315,"angle2":345},{"time":261.5,"duration":0.5,"type":"hold","angle":270,"angle2":270},{"time":262,"duration":0.5,"type":"hold","angle":270,"angle2":255},{"angle":225,"time":262.75,"type":"block"},{"angle":240,"time":262.75,"type":"block"},{"angle":270,"time":262.75,"type":"extraTap"},{"time":263.5,"duration":0.5,"type":"hold","angle":180,"angle2":240},{"time":264,"duration":0.5,"type":"hold","angle":240,"angle2":240},{"time":264.5,"duration":0.25,"type":"hold","angle":240,"angle2":210},{"time":264.75,"duration":0.75,"type":"hold","angle":210,"angle2":285},{"time":265.5,"duration":0.5,"type":"hold","angle":285,"angle2":255},{"time":266,"duration":0.5,"type":"hold","angle":255,"angle2":255},{"time":266.5,"duration":0.25,"type":"hold","angle":255,"angle2":225},{"time":266.75,"duration":0.75,"type":"hold","angle":225,"angle2":285},{"time":267.5,"duration":0.5,"type":"hold","angle":285,"angle2":285},{"time":268,"duration":0.75,"type":"hold","angle":285,"angle2":270},{"time":268,"duration":0.75,"type":"hold","angle":285,"angle2":300},{"time":268.75,"duration":0.75,"type":"hold","angle":270,"angle2":270},{"time":268.75,"duration":0.75,"type":"hold","angle":300,"angle2":300},{"time":269.5,"duration":0,"type":"hold","angle":270,"angle2":285},{"time":269.5,"duration":0,"type":"hold","angle":300,"angle2":285},{"time":269.5,"duration":2,"type":"hold","angle":285,"angle2":630},{"angle":255,"time":269.5,"type":"extraTap"},{"angle":150,"time":254.75,"type":"extraTap"},{"angle":270,"time":272,"type":"block"},{"time":264,"duration":0.5,"type":"mineHold","angle":15,"angle2":75},{"time":264.5,"duration":0.75,"type":"mineHold","angle":75,"angle2":-22.5},{"time":263.5,"duration":0.5,"type":"mineHold","angle":15,"angle2":15},{"time":265.5,"duration":0.5,"type":"mineHold","angle":105,"angle2":105},{"time":266,"duration":0.5,"type":"mineHold","angle":105,"angle2":60},{"time":266.5,"duration":0.75,"type":"mineHold","angle":60,"angle2":135},{"angle":255,"time":273,"type":"block"},{"angle":285,"time":273,"type":"block"},{"angle":225,"time":272.5,"type":"side"},{"angle":195,"time":256,"type":"mine"},{"angle":180,"time":256,"type":"mine"},{"angle":165,"time":256,"type":"mine"},{"angle":120,"time":258,"type":"mine"},{"angle":135,"time":258,"type":"mine"},{"angle":150,"time":258,"type":"mine"},{"angle":240,"time":258,"type":"mine"},{"angle":225,"time":258,"type":"mine"},{"angle":210,"time":258,"type":"mine"},{"angle":270,"time":260,"type":"mine"},{"angle":255,"time":260,"type":"mine"},{"angle":240,"time":260,"type":"mine"},{"angle":195,"time":260,"type":"mine"},{"angle":165,"time":260,"type":"mine"},{"angle":180,"time":260,"type":"mine"},{"angle":120,"time":260,"type":"mine"},{"angle":105,"time":260,"type":"mine"},{"angle":90,"time":260,"type":"mine"},{"time":274,"duration":0.5,"type":"hold","angle":225,"angle2":165},{"time":275,"duration":0.5,"type":"hold","angle":165,"angle2":210},{"angle":225,"time":273.5,"type":"side"},{"angle":180,"time":276,"type":"block"},{"angle":180,"time":276.5,"type":"block"},{"angle":180,"time":277.5,"type":"block"},{"time":278,"tap":true,"type":"block","angle":150},{"angle":180,"time":278.5,"type":"block"},{"time":279,"tap":true,"type":"block","angle":210},{"angle":180,"time":279.5,"type":"block"},{"angle":210,"time":277,"type":"block"},{"angle":195,"time":280,"type":"block"},{"angle":165,"time":280,"type":"block"},{"angle":150,"time":280.5,"type":"block"},{"angle":135,"time":281,"type":"block"},{"angle":120,"time":281,"type":"block"},{"angle":105,"time":281.5,"type":"block"},{"angle":90,"time":282,"type":"block"},{"angle":75,"time":282,"type":"block"},{"angle":60,"time":282.5,"type":"block"},{"angle":45,"time":283,"type":"block"},{"angle":30,"time":283,"type":"block"},{"time":283.5,"duration":0.5,"type":"hold","angle":360,"angle2":360},{"time":284,"duration":0.5,"type":"hold","angle":0,"angle2":30},{"time":284.5,"duration":0.5,"type":"hold","angle":30,"angle2":-30},{"time":285,"duration":0.5,"type":"hold","angle":330,"angle2":330},{"time":285.5,"duration":2.5,"type":"hold","angle":330,"angle2":690},{"time":283.5,"duration":0.5,"type":"mineHold","angle":180,"angle2":180},{"time":284,"duration":0.5,"type":"mineHold","angle":180,"angle2":210},{"time":284.5,"duration":0.5,"type":"mineHold","angle":210,"angle2":150},{"time":285,"duration":0.5,"type":"mineHold","angle":150,"angle2":150},{"time":285.5,"duration":2.5,"type":"mineHold","angle":150,"angle2":525},{"time":279.5,"duration":4,"type":"mineHold","angle":60,"angle2":-270},{"duration":0.5,"time":288,"segments":1,"type":"mineHold","angle2":180,"angle":165},{"angle":330,"time":288,"segments":1,"type":"hold","duration":0.5,"angle2":360},{"angle":30,"time":289,"type":"block"},{"angle":330,"time":289.5,"type":"block"},{"angle":0,"time":290,"type":"block"},{"angle":15,"time":290.5,"type":"block"},{"duration":1,"time":291.5,"type":"hold","angle2":90,"angle":60},{"duration":3.5,"time":292.5,"type":"hold","angle2":-90,"angle":90},{"angle":360,"time":291,"type":"side"},{"angle":270,"time":294,"type":"extraTap"},{"angle":270,"time":295,"type":"extraTap"},{"angle":300,"time":296.5,"type":"side"},{"angle":240,"time":297,"type":"side"},{"angle":270,"time":297.5,"type":"block"},{"angle":0,"time":298,"type":"side"},{"angle":45,"time":298.5,"type":"block"},{"angle":15,"time":299,"type":"block"},{"duration":0.5,"time":299.5,"type":"hold","angle":345,"angle2":345},{"duration":0.5,"time":300.5,"type":"hold","angle":360,"angle2":360},{"holdEase":"outQuad","time":301.5,"angle":15,"type":"hold","duration":1,"angle2":30},{"angle":345,"time":301.5,"type":"hold","angle2":330,"duration":1}]