{"metadata":{"charter":"Skooberdoodle","bgData":{"image":"Demon_Days.PNG","redChannel":{"g":0,"r":255,"b":0},"blueChannel":{"g":14,"r":0,"b":32},"greenChannel":{"g":75,"r":132,"b":74},"yellowChannel":{"g":149,"r":127,"b":98},"magentaChannel":{"g":83,"r":115,"b":100},"cyanChannel":{"g":84,"r":55,"b":82}},"songName":"Feel Good Inc","description":"A first for me :]","artistLink":"https://www.youtube.com/@Gorillaz","bg":true,"artist":"Gorillaz","difficulty":2},"events":[{"time":0,"file":"FeelGood.ogg","type":"play","angle":0,"volume":1,"bpm":138.5299987793},{"sx":4.9999976158142,"drawLayer":"bg","type":"deco","angle":22.5,"drawOrder":8,"id":"3","sy":4.9999976158142,"time":-1,"outline":true,"x":162,"y":-2900,"sprite":"Tower.png"},{"type":"paddles","angle":45,"paddle":2,"newAngle":180,"time":48,"duration":1,"ease":"outBack","enabled":true},{"type":"deco","angle":67.5,"ox":0.10000000149012,"id":"1","time":152,"x":727,"duration":71,"y":122},{"drawLayer":"bg","type":"deco","id":"2","angle":337.5,"x":-12,"time":10.5,"drawOrder":9,"sy":0.89999997615814,"sx":0.89999997615814,"y":-125,"sprite":"Clouds 1.png"},{"drawLayer":"bg","type":"deco","id":"4","angle":22.5,"x":-44,"drawOrder":7,"time":10.5,"sy":0.89999997615814,"sx":0.89999997615814,"y":-125,"sprite":"Clouds 2.png"},{"drawLayer":"bg","type":"deco","angle":45,"id":"5","sx":0.89999997615814,"drawOrder":6,"time":10.5,"sy":0.89999997615814,"x":-56,"y":-125,"sprite":"Clouds 3.png"},{"type":"deco","id":"3","sy":0.59999990463257,"angle":360,"time":13.5,"y":32,"x":493,"duration":3.5,"ease":"inOutQuint","sx":0.59999990463257},{"time":-0,"id":"3","type":"deco","y":-676,"angle":22.5,"ease":"outSine","duration":28},{"time":1,"id":"8","type":"deco","y":1000,"angle":337.5,"ease":"inQuad","duration":3},{"angle":112.5,"time":-1,"x":300,"type":"deco","y":-1000,"id":"8","sprite":"Cloud past.png"},{"id":"9","time":-1,"type":"deco","x":-65,"y":-1000,"angle":90,"sprite":"Cloud past.png"},{"time":2,"id":"9","type":"deco","y":1000,"angle":360,"ease":"inQuart","duration":3},{"type":"deco","id":"10","angle":135,"recolor":2,"time":-1,"x":-400,"y":-1000,"sprite":"Cloud past.png"},{"time":2,"id":"10","type":"deco","y":1000,"angle":22.5,"ease":"outSine","duration":2.5},{"type":"deco","id":"11","angle":337.5,"x":-241,"recolor":2,"time":2,"sy":2.4999997615814,"sx":1.5000001192093,"y":-2000,"sprite":"Cloud past.png"},{"type":"deco","id":"11","sy":2.599999666214,"time":9,"y":2000,"duration":2.5,"ease":"inSine","angle":0},{"time":10.625,"angle":22.5,"type":"deco","duration":2,"id":"4","ease":"outCirc","y":-150},{"time":10.625,"id":"2","type":"deco","y":-167,"angle":337.5,"ease":"outQuad","duration":1},{"time":10.625,"id":"5","type":"deco","y":-146,"angle":45,"ease":"outCirc","duration":3.5},{"time":63,"duration":1.5,"type":"paddles","paddle":2,"angle":90,"ease":"inOutQuad","newAngle":0},{"time":66,"duration":0,"type":"paddles","paddle":2,"angle":90,"ease":"linear","enabled":false},{"type":"setColor","angle":225,"color":1,"b":0,"time":144,"r":0,"duration":1.5,"ease":"outSine","g":0},{"type":"setColor","angle":225,"color":2,"b":0,"time":144.5,"r":0,"duration":1.5,"ease":"outSine","g":0},{"type":"setColor","angle":225,"color":3,"b":0,"time":145.5,"r":0,"duration":1.5,"ease":"outSine","g":0},{"order":0,"type":"outline","angle":202.5,"time":152,"color":3,"enable":true},{"time":147.5,"type":"deco","id":"3","angle":247.5},{"type":"setColor","angle":270,"color":2,"b":172,"time":152,"r":106,"duration":2.5,"ease":"inQuad","g":182},{"type":"setColor","angle":247.5,"color":1,"b":27,"time":152,"r":15,"duration":2.5,"ease":"inQuad","g":38},{"type":"setColor","angle":292.5,"color":3,"b":136,"time":152,"r":44,"duration":2.5,"ease":"inQuad","g":129},{"time":113.5,"type":"setColor","angle":292.5,"color":0},{"type":"setColor","angle":202.5,"color":0,"b":223,"time":147.5,"r":172,"duration":4.5,"ease":"outQuad","g":231},{"drawLayer":"bg","type":"deco","id":"1","angle":135,"drawOrder":10,"time":148,"outline":true,"x":-190,"y":162,"sprite":"island!go"},{"drawOrder":8,"drawLayer":"bg","type":"deco","angle":225,"id":"7","order":0,"sy":2.9999992847443,"time":222,"x":0,"sx":2.9999992847443,"y":0,"sprite":"Inside.png"},{"type":"setColor","angle":157.5,"color":0,"b":242,"time":216,"r":153,"duration":5,"g":242},{"time":222,"id":"2","hide":true,"angle":337.5,"type":"deco"},{"time":222,"type":"deco","hide":true,"id":"4","angle":0},{"time":222,"id":"5","hide":true,"angle":33.75,"type":"deco"},{"type":"setColor","angle":112.5,"color":1,"b":5,"time":222,"r":23,"duration":1.5,"ease":"outSine","g":5},{"time":222,"type":"noise","angle":67.5,"color":1,"chance":0.82999950647354},{"type":"setColor","angle":90,"color":3,"b":45,"time":222,"r":49,"duration":1.5,"ease":"outSine","g":45},{"type":"setColor","angle":135,"color":2,"b":8,"time":222,"r":54,"duration":1.5,"ease":"outSine","g":8},{"type":"paddles","angle":90,"paddle":2,"newAngle":180,"time":154,"duration":1,"ease":"inOutQuad","enabled":true},{"time":224,"angle":225,"type":"deco","id":"15","sprite":"Murdoc!Bar1"},{"time":232,"angle":225,"type":"deco","id":"15","sprite":"Murdoc!Bar2"},{"time":240,"angle":225,"type":"deco","id":"15","sprite":"Murdoc!Bar1"},{"time":248,"angle":225,"type":"deco","id":"15","sprite":"Murdoc!Bar2"},{"time":256,"angle":225,"type":"deco","id":"15","sprite":"Murdoc!Bar1"},{"time":264,"angle":180,"type":"deco","id":"15","sprite":"Murdoc!Bar2"},{"time":198,"duration":4,"type":"paddles","paddle":2,"angle":101.25,"ease":"inOutElastic","newAngle":0},{"type":"setColor","angle":90,"color":1,"b":0,"time":212,"r":0,"duration":4,"ease":"linear","g":0},{"type":"setColor","angle":67.5,"color":2,"b":0,"time":212,"r":0,"duration":4,"ease":"linear","g":0},{"type":"setColor","angle":112.5,"color":0,"b":255,"r":255,"time":212,"duration":4,"ease":"linear","g":255},{"type":"setColor","angle":45,"color":3,"b":0,"time":212,"r":0,"duration":4,"ease":"linear","g":0},{"time":212,"type":"outline","angle":135,"color":0,"enable":false},{"type":"deco","angle":202.5,"id":"7","order":2,"duration":2,"sx":1,"sy":1,"ease":"outQuart","time":222},{"time":212,"id":"2","type":"deco","y":400,"angle":225,"ease":"inCubic","duration":4},{"drawLayer":"bg","type":"deco","angle":225,"id":"15","time":222.75,"drawOrder":10,"outline":true,"x":20,"y":370,"ease":"outElastic","sprite":"Murdoc#0"},{"time":223.33332824707,"id":"15","type":"deco","y":271,"angle":225,"ease":"outElastic","duration":1},{"drawLayer":"bg","type":"deco","angle":247.5,"id":"16","time":222.66667175293,"drawOrder":10,"outline":true,"x":277,"y":370,"sprite":"2D#0"},{"time":223.33332824707,"id":"16","type":"deco","y":281,"angle":247.5,"ease":"outElastic","duration":1},{"time":224,"angle":247.5,"type":"deco","id":"16","sprite":"2D!Idle"},{"type":"deco","angle":292.5,"y":-533,"id":"0","time":-1,"x":0,"sx":1.5000001192093,"sy":1.700000166893,"sprite":"IntGrad.png"},{"time":1,"id":"0","type":"deco","y":516,"angle":315,"ease":"outSine","duration":2},{"type":"setColor","angle":247.5,"color":0,"b":190,"time":10,"r":255,"duration":0.5,"ease":"linear","g":200},{"type":"setColor","angle":292.5,"color":1,"b":14,"time":10,"r":51,"duration":0.5,"ease":"linear","g":14},{"type":"setColor","angle":157.5,"color":3,"b":119,"time":10,"r":211,"duration":0.5,"ease":"linear","g":126},{"type":"setColor","angle":180,"color":2,"b":83,"time":10,"r":149,"duration":0.5,"ease":"linear","g":73},{"time":272,"angle":225,"type":"deco","id":"15","sprite":"Murdoc!Bar1"},{"time":279,"angle":225,"type":"deco","id":"15","sprite":"Murdoc!Bar2"},{"time":288,"angle":225,"type":"deco","id":"15","sprite":"Murdoc!Bar1"},{"id":"15","time":296,"type":"deco","angle":225,"sprite":"Murdoc!Bar2"},{"time":303,"angle":225,"type":"deco","id":"15","sprite":"Murdoc!Bar1"},{"time":312,"angle":225,"type":"deco","id":"15","sprite":"Murdoc!Bar2"},{"angle":180,"time":324,"type":"showResults"},{"angle":157.5,"drawLayer":"bg","type":"deco","id":"33","sx":0.79999995231628,"time":148,"y":149,"drawOrder":10,"outline":true,"x":-200,"sy":0.79999995231628,"sprite":"Heli!go"},{"angle":180,"drawLayer":"bg","type":"deco","id":"34","x":-200,"time":148,"sy":0.79999995231628,"drawOrder":10,"outline":true,"sx":0.79999995231628,"y":100,"sprite":"Heli!go"},{"type":"deco","id":"33","angle":292.5,"time":184,"r":1,"x":612,"duration":55.5,"ease":"outSine","y":150},{"type":"deco","id":"34","angle":247.5,"time":184,"r":5,"x":662,"y":155,"ease":"outSine","duration":45.5},{"time":10,"r":83,"type":"setColor","angle":112.5,"g":24,"color":5,"b":32},{"time":10,"r":184,"type":"setColor","g":97,"angle":90,"color":7,"b":90},{"time":10,"type":"setBgColor","angle":315,"color":5},{"time":11,"duration":202.5,"type":"deco","id":"2","angle":337.5,"ease":"linear","x":42},{"time":-1,"type":"outline","angle":247.5,"color":0,"enable":true},{"type":"setColor","angle":247.5,"color":4,"b":0,"r":0,"time":144,"duration":1.5,"ease":"outSine","g":0},{"type":"setColor","g":0,"color":5,"b":0,"r":0,"time":144.5,"duration":1.5,"ease":"outSine","angle":247.5},{"type":"setColor","angle":247.5,"color":7,"b":0,"r":0,"time":145.5,"duration":1.5,"ease":"outSine","g":0},{"type":"setColor","angle":270,"color":0,"b":255,"r":255,"g":255,"duration":1.5,"ease":"linear","time":144},{"type":"setColor","angle":337.5,"color":5,"b":65,"time":152,"r":0,"duration":2.5,"ease":"inSine","g":55},{"time":144,"type":"outline","angle":292.5,"color":0,"enable":false},{"type":"setColor","angle":360,"color":5,"b":0,"time":212,"g":0,"duration":4,"r":0},{"type":"setColor","angle":292.5,"color":5,"b":111,"r":111,"time":222,"duration":1.5,"g":111},{"time":222.66667175293,"r":47,"type":"setColor","angle":270,"g":50,"color":7,"b":51},{"r":113,"time":222.66667175293,"type":"setColor","g":188,"angle":292.5,"color":6,"b":210},{"time":222,"type":"setColor","angle":270,"color":0},{"r":28,"time":222,"type":"setColor","angle":315,"g":59,"color":4,"b":48},{"type":"setColor","angle":247.5,"color":0,"b":0,"r":0,"time":320,"duration":2.9999997615814,"g":0},{"type":"setColor","g":0,"color":1,"b":0,"r":0,"angle":225,"duration":2.9999997615814,"time":320},{"type":"setColor","g":0,"color":4,"b":0,"r":0,"angle":157.5,"duration":2.9999997615814,"time":320},{"type":"setColor","g":0,"color":2,"b":0,"time":320,"angle":202.5,"duration":2.9999997615814,"r":0},{"type":"setColor","g":0,"color":3,"b":0,"r":0,"time":320,"duration":2.9999997615814,"angle":180},{"type":"setColor","g":0,"color":5,"b":0,"r":0,"time":320,"duration":3,"angle":135},{"time":320,"type":"setColor","angle":112.5,"color":6,"duration":3},{"time":152,"r":130,"type":"setColor","g":99,"angle":22.5,"color":6,"b":124},{"type":"setColor","angle":315,"color":4,"b":70,"time":152,"g":80,"duration":0,"r":60},{"time":216,"type":"deco","hide":true,"id":"34","angle":225},{"time":216,"id":"33","hide":true,"angle":202.5,"type":"deco"},{"time":222,"type":"outline","angle":247.5,"color":0,"enable":true},{"type":"setColor","angle":315,"color":7,"b":0,"r":0,"time":212,"duration":4,"ease":"linear","g":0},{"type":"setColor","g":0,"color":6,"b":0,"time":212,"angle":337.5,"duration":4,"ease":"linear","r":0},{"type":"setColor","g":0,"color":4,"b":0,"time":212,"angle":22.5,"duration":4,"ease":"linear","r":0},{"type":"deco","time":11,"angle":22.5,"x":-10,"id":"4","duration":218},{"type":"deco","time":11,"id":"5","x":-6,"duration":304.5,"angle":45},{"time":216,"type":"deco","hide":true,"angle":247.5,"id":"3"}],"properties":{"loadBeat":-1,"startBeat":0,"speed":80,"formatversion":12,"offset":8}}