{"events":[{"angle":0,"bpm":165,"volume":1,"file":"song.ogg","type":"play","time":-2},{"r":0,"name":"1","type":"bookmark","angle":0,"description":"","b":0,"g":0,"time":32},{"angle":270,"duration":15,"ease":"inCubic","paddle":1,"newWidth":180,"type":"paddles","time":16},{"angle":247.5,"duration":2,"ease":"outExpo","paddle":1,"newWidth":70,"type":"paddles","time":31.5},{"duration":1,"newAngle":180,"enabled":true,"newWidth":70,"type":"paddles","angle":135,"ease":"outCubic","paddle":2,"time":63},{"r":0,"name":"Dual","type":"bookmark","angle":236.25,"description":"","b":0,"g":0,"time":332},{"duration":4,"newAngle":180,"enabled":true,"newWidth":70,"type":"paddles","angle":191.25,"ease":"inExpo","paddle":2,"time":328},{"duration":0,"newAngle":0,"enabled":false,"newWidth":70,"type":"paddles","angle":168.75,"ease":"linear","paddle":2,"time":327.75},{"duration":4,"newAngle":-180,"enabled":true,"newWidth":70,"type":"paddles","angle":168.75,"ease":"inExpo","paddle":3,"time":328},{"angle":0,"type":"showResults","time":513},{"r":0,"name":"final note","type":"bookmark","angle":180,"description":"","b":0,"g":0,"time":464},{"r":0,"name":"outro","type":"bookmark","angle":45,"description":"","b":0,"g":0,"time":472},{"angle":225,"duration":1,"ease":"outCubic","paddle":2,"newAngle":150,"type":"paddles","time":392},{"angle":157.5,"duration":1,"ease":"outCubic","paddle":3,"newAngle":-150,"type":"paddles","time":393},{"angle":225,"duration":1,"ease":"outCubic","paddle":2,"newAngle":120,"type":"paddles","time":394},{"angle":157.5,"duration":1,"ease":"outCubic","paddle":3,"newAngle":-120,"type":"paddles","time":395},{"angle":225,"duration":1,"ease":"outCubic","paddle":2,"newWidth":45,"type":"paddles","time":393},{"angle":157.5,"duration":1,"ease":"outCubic","paddle":3,"newWidth":45,"type":"paddles","time":394},{"angle":180,"duration":1,"ease":"outCubic","paddle":1,"newWidth":45,"type":"paddles","time":395},{"r":0,"name":"dual 2","type":"bookmark","angle":345,"description":"","b":0,"g":0,"time":396},{"duration":3,"var":"scrollSpeed","type":"ease","angle":0,"ease":"outSine","start":1,"value":0.25,"time":387},{"angle":360,"duration":3,"ease":"inOutExpo","var":"scrollSpeed","value":1,"type":"ease","time":391},{"angle":315,"duration":2.5,"ease":"outSine","var":"scrollSpeed","value":0.25,"type":"ease","time":451},{"angle":315,"duration":2,"ease":"inOutSine","var":"scrollSpeed","value":1,"type":"ease","time":455},{"angle":315,"duration":1,"ease":"linear","paddle":2,"newWidth":30,"type":"paddles","time":456},{"angle":22.5,"duration":1.5,"ease":"linear","paddle":3,"newWidth":30,"type":"paddles","time":457},{"angle":315,"duration":2.5,"ease":"outSine","paddle":2,"newAngle":10,"type":"paddles","time":458.5},{"angle":0,"duration":2.5,"ease":"linear","paddle":1,"newWidth":40,"type":"paddles","time":458.5},{"angle":22.5,"duration":3,"ease":"outSine","paddle":3,"newAngle":-10,"type":"paddles","time":461},{"angle":315,"duration":8,"ease":"linear","paddle":2,"newAngle":170,"type":"paddles","time":464},{"angle":45,"duration":8,"ease":"linear","paddle":3,"newAngle":-170,"type":"paddles","time":464},{"angle":0,"duration":1,"ease":"outSine","paddle":1,"newWidth":0,"type":"paddles","time":472},{"duration":1,"paddle":2,"newWidth":0,"type":"paddles","angle":202.5,"ease":"outSine","newAngle":180,"time":472},{"duration":1,"paddle":3,"newWidth":0,"type":"paddles","angle":157.5,"ease":"outSine","newAngle":-180,"time":472},{"angle":0,"duration":0,"ease":"linear","paddle":1,"enabled":false,"type":"paddles","time":473},{"angle":202.5,"duration":0,"ease":"linear","paddle":2,"enabled":false,"type":"paddles","time":473},{"angle":157.5,"duration":0,"ease":"linear","paddle":3,"enabled":false,"type":"paddles","time":473},{"angle":22.5,"duration":0,"ease":"linear","paddle":2,"enabled":false,"type":"paddles","time":76},{"duration":0,"newAngle":162,"enabled":true,"newWidth":35,"type":"paddles","angle":202.5,"order":0,"ease":"outCubic","paddle":3,"time":76},{"duration":0,"newAngle":-162,"enabled":true,"newWidth":35,"type":"paddles","angle":157.5,"order":0,"ease":"outCubic","paddle":4,"time":76},{"duration":4,"paddle":3,"newWidth":0,"type":"paddles","angle":225,"order":1,"ease":"inCubic","newAngle":35,"time":76},{"duration":4,"paddle":4,"newWidth":0,"type":"paddles","angle":135,"order":1,"ease":"inCubic","newAngle":-35,"time":76},{"angle":348.75,"duration":0,"ease":"linear","paddle":3,"enabled":false,"type":"paddles","time":80},{"angle":11.25,"duration":0,"ease":"linear","paddle":4,"enabled":false,"type":"paddles","time":80},{"r":0,"name":"2","type":"bookmark","angle":180,"description":"","b":0,"g":0,"time":96},{"angle":270,"duration":1,"ease":"inBack","var":"p.x","value":500,"type":"ease","time":95},{"angle":281.25,"duration":9,"ease":"outBack","var":"p.x","value":300,"type":"ease","time":112},{"angle":90,"duration":1,"ease":"inBack","var":"p.x","value":100,"type":"ease","time":123},{"angle":281.25,"duration":9,"ease":"outBack","var":"p.x","value":300,"type":"ease","time":140},{"angle":281.25,"duration":9,"ease":"outBack","var":"p.x","value":300,"type":"ease","time":112},{"r":0,"name":"3","type":"bookmark","angle":30,"description":"","b":0,"g":0,"time":156},{"r":0,"name":"break","type":"bookmark","angle":11.25,"description":"","b":0,"g":0,"time":284},{"angle":90,"duration":12,"ease":"outSine","paddle":1,"newWidth":270,"type":"paddles","time":252},{"angle":348.75,"duration":1,"ease":"outCubic","paddle":1,"newAngle":180,"type":"paddles","time":263},{"angle":0,"duration":0,"ease":"linear","paddle":1,"enabled":false,"type":"paddles","time":285},{"duration":2,"paddle":1,"newWidth":0,"type":"paddles","angle":315,"ease":"inOutQuint","newAngle":-90,"time":283},{"angle":56.25,"duration":0,"ease":"linear","paddle":1,"newAngle":0,"type":"paddles","time":299.5},{"duration":1,"paddle":1,"enabled":true,"newWidth":70,"type":"paddles","angle":67.5,"ease":"outSine","time":300},{"duration":0,"newAngle":0,"enabled":true,"newWidth":70,"type":"paddles","angle":191.25,"ease":"linear","paddle":3,"time":327.75},{"ox":128,"oy":128,"drawLayer":"bg","sy":0,"recolor":1,"sx":0,"angle":45,"order":1,"drawOrder":2,"type":"deco","id":"spawn","sprite":"spawn.png","r":-180,"time":-9},{"duration":8,"id":"spawn","type":"deco","sx":1,"sy":1,"order":2,"ease":"outBack","angle":45,"time":-8},{"duration":8,"id":"spawn","r":0,"outline":true,"type":"deco","angle":67.5,"order":3,"ease":"outCirc","time":-8},{"angle":45,"duration":16,"ease":"linear","r":45,"id":"spawn","type":"deco","time":-0},{"angle":337.5,"color":0,"enable":true,"type":"outline","time":-9},{"angle":315,"color":2,"type":"setBgColor","time":-9},{"ox":500,"oy":500,"drawLayer":"bg","recolor":3,"angle":270,"drawOrder":1,"id":"gradient","sprite":"gradient.png","type":"deco","time":-9},{"angle":292.5,"color":2,"r":255,"b":0,"g":0,"type":"setColor","time":-9},{"color":3,"r":255,"type":"setColor","angle":225,"order":1,"ease":"outSine","b":0,"duration":8,"g":218,"time":-8},{"color":3,"r":255,"type":"setColor","angle":225,"order":0,"b":0,"g":0,"time":-9},{"duration":8,"id":"spawn","r":135,"outline":true,"type":"deco","angle":112.5,"ease":"outQuad","recolor":2,"time":16},{"color":2,"r":0,"type":"setColor","angle":135,"ease":"linear","b":0,"duration":8,"g":0,"time":16},{"color":2,"r":199,"type":"setColor","angle":90,"order":0,"b":232,"g":223,"time":24},{"angle":90,"duration":8,"id":"gradient","ease":"inOutBack","recolor":2,"type":"deco","time":16},{"color":2,"r":0,"type":"setColor","angle":67.5,"order":1,"ease":"inSine","b":0,"duration":1,"g":0,"time":24},{"color":2,"r":61,"type":"setColor","angle":90,"order":0,"b":61,"g":58,"time":25},{"color":2,"r":0,"type":"setColor","angle":67.5,"order":1,"ease":"inSine","b":0,"duration":1,"g":0,"time":25},{"color":2,"r":112,"type":"setColor","angle":90,"order":0,"b":28,"g":167,"time":26},{"color":2,"r":0,"type":"setColor","angle":67.5,"order":1,"ease":"inSine","b":0,"duration":1,"g":0,"time":26},{"color":2,"r":236,"type":"setColor","angle":90,"order":0,"b":2,"g":157,"time":27},{"color":2,"r":0,"type":"setColor","angle":67.5,"order":1,"ease":"inSine","b":0,"duration":1,"g":0,"time":27},{"color":2,"r":30,"type":"setColor","angle":90,"order":0,"b":208,"g":101,"time":28},{"color":2,"r":0,"type":"setColor","angle":67.5,"order":1,"ease":"inSine","b":0,"duration":1,"g":0,"time":28},{"color":2,"r":173,"type":"setColor","angle":90,"order":0,"b":207,"g":122,"time":29},{"color":2,"r":0,"type":"setColor","angle":67.5,"order":1,"ease":"inSine","b":0,"duration":1,"g":0,"time":29},{"color":2,"r":210,"type":"setColor","angle":90,"order":0,"b":27,"g":219,"time":30},{"color":2,"r":0,"type":"setColor","angle":67.5,"order":1,"ease":"inSine","b":0,"duration":1,"g":0,"time":30},{"color":2,"r":236,"type":"setColor","angle":90,"order":0,"b":2,"g":157,"time":31},{"color":2,"r":0,"type":"setColor","angle":67.5,"order":1,"ease":"inSine","b":0,"duration":1,"g":0,"time":31},{"color":2,"r":255,"type":"setColor","angle":90,"order":0,"b":255,"g":255,"time":32},{"color":2,"r":236,"type":"setColor","angle":67.5,"order":1,"ease":"inSine","b":2,"duration":1,"g":157,"time":32},{"ox":405,"oy":307,"drawLayer":"bg","outline":true,"type":"deco","sx":0.40000000596046,"sy":0.40000000596046,"drawOrder":2,"angle":45,"id":"windforce","sprite":"windforce.png","time":24},{"hide":true,"id":"spawn","angle":292.5,"type":"deco","time":24},{"ox":500,"oy":500,"drawLayer":"bg","outline":true,"type":"deco","sx":0.27500000596046,"sy":0.27500000596046,"drawOrder":2,"angle":45,"id":"ghostwalker","sprite":"ghostwalker.png","time":25},{"hide":true,"id":"windforce","angle":292.5,"type":"deco","time":25},{"ox":500,"oy":500,"drawLayer":"bg","outline":true,"type":"deco","sx":0.27500000596046,"sy":0.27500000596046,"drawOrder":2,"angle":45,"id":"darkheart","sprite":"darkheart.png","time":26},{"hide":true,"id":"ghostwalker","angle":292.5,"type":"deco","time":26},{"ox":500,"oy":500,"drawLayer":"bg","outline":true,"type":"deco","sx":0.27500000596046,"sy":0.27500000596046,"drawOrder":2,"angle":45,"id":"firebrand","sprite":"firebrand.png","time":27},{"hide":true,"id":"darkheart","angle":292.5,"type":"deco","time":27},{"ox":500,"oy":500,"drawLayer":"bg","outline":true,"type":"deco","sx":0.27500000596046,"sy":0.27500000596046,"drawOrder":2,"angle":45,"id":"icedagger","sprite":"icedagger.png","time":28},{"hide":true,"id":"firebrand","angle":292.5,"type":"deco","time":28},{"ox":500,"oy":500,"drawLayer":"bg","outline":true,"type":"deco","sx":0.27500000596046,"sy":0.27500000596046,"drawOrder":2,"angle":45,"id":"illumina","sprite":"illumina.png","time":29},{"hide":true,"id":"icedagger","angle":292.5,"type":"deco","time":29},{"ox":500,"oy":500,"drawLayer":"bg","outline":true,"type":"deco","sx":0.27500000596046,"sy":0.27500000596046,"drawOrder":2,"angle":45,"id":"venomshank","sprite":"venomshank.png","time":30},{"hide":true,"id":"illumina","angle":292.5,"type":"deco","time":30},{"hide":false,"id":"firebrand","angle":45,"drawLayer":"bg","drawOrder":2,"type":"deco","time":31},{"hide":true,"id":"venomshank","angle":292.5,"type":"deco","time":31},{"angle":157.5,"id":"gradient","recolor":3,"type":"deco","time":32},{"angle":157.5,"color":3,"r":183,"b":5,"g":53,"type":"setColor","time":31.75},{"ox":300,"oy":-200,"r":2.5,"type":"deco","angle":135,"id":"bottom","sprite":"blackbox.png","time":-9},{"duration":8,"var":"vfx.songNameY","type":"ease","angle":90,"ease":"outBack","start":50,"value":-10,"time":-8},{"duration":8,"var":"vfx.difficultyY","type":"ease","angle":112.5,"ease":"outBack","start":60,"value":0,"time":-8},{"duration":8,"oy":-155,"type":"deco","angle":135,"order":1,"ease":"outBack","id":"bottom","time":-8},{"angle":22.5,"order":0,"id":"spawn","type":"deco","time":-9},{"angle":202.5,"color":4,"type":"setBgColor","time":32},{"angle":202.5,"color":4,"r":255,"b":6,"g":235,"type":"setColor","time":31.75},{"angle":225,"color":2,"enable":true,"type":"outline","time":32},{"color":2,"r":0,"type":"setColor","angle":337.5,"ease":"inExpo","b":0,"duration":4,"g":0,"time":76},{"color":2,"r":199,"type":"setColor","angle":315,"ease":"outSine","b":232,"duration":1,"g":223,"time":80},{"hide":true,"id":"firebrand","angle":292.5,"type":"deco","time":80},{"hide":false,"id":"windforce","angle":337.5,"type":"deco","time":80},{"color":3,"r":100,"type":"setColor","angle":22.5,"ease":"outSine","b":157,"duration":1,"g":125,"time":80},{"angle":45,"color":4,"r":185,"b":224,"g":218,"type":"setColor","time":80},{"color":2,"r":0,"type":"setColor","angle":45,"ease":"inSine","b":0,"duration":1,"g":0,"time":95},{"color":2,"r":210,"type":"setColor","angle":90,"ease":"outSine","b":27,"duration":1,"g":219,"time":96},{"hide":true,"id":"windforce","angle":45,"type":"deco","time":96},{"hide":false,"id":"venomshank","angle":22.5,"type":"deco","time":96},{"color":3,"r":150,"type":"setColor","angle":112.5,"ease":"outSine","b":22,"duration":1,"g":169,"time":96},{"color":4,"r":195,"type":"setColor","angle":135,"ease":"outSine","b":37,"duration":1,"g":207,"time":96},{"color":2,"r":0,"type":"setColor","angle":202.5,"ease":"inSine","b":0,"duration":1,"g":0,"time":123},{"color":2,"r":30,"type":"setColor","angle":157.5,"ease":"outSine","b":208,"duration":1,"g":101,"time":124},{"color":3,"r":12,"type":"setColor","angle":22.5,"ease":"outSine","b":150,"duration":1,"g":38,"time":124},{"color":4,"r":94,"type":"setColor","angle":0,"ease":"outSine","b":225,"duration":1,"g":182,"time":124},{"hide":true,"id":"venomshank","angle":337.5,"type":"deco","time":124},{"hide":false,"id":"icedagger","angle":315,"type":"deco","time":124},{"color":2,"r":0,"type":"setColor","angle":315,"ease":"inSine","b":0,"duration":1,"g":0,"time":155},{"color":2,"r":173,"type":"setColor","angle":270,"ease":"outSine","b":207,"duration":1,"g":122,"time":156},{"hide":true,"id":"icedagger","angle":247.5,"type":"deco","time":156},{"hide":false,"id":"illumina","angle":225,"type":"deco","time":156},{"color":3,"r":161,"type":"setColor","angle":135,"ease":"outSine","b":194,"duration":1,"g":138,"time":156},{"color":4,"r":187,"type":"setColor","angle":112.5,"ease":"outSine","b":224,"duration":1,"g":195,"time":156},{"color":2,"r":0,"type":"setColor","angle":315,"ease":"inExpo","b":0,"duration":4,"g":0,"time":216},{"color":2,"r":112,"type":"setColor","angle":180,"ease":"outExpo","b":28,"duration":8,"g":167,"time":220},{"hide":true,"id":"illumina","angle":157.5,"type":"deco","time":220},{"hide":false,"id":"darkheart","angle":135,"type":"deco","time":220},{"color":3,"r":44,"type":"setColor","angle":0,"ease":"outExpo","b":7,"duration":8,"g":81,"time":220},{"color":4,"r":231,"type":"setColor","angle":45,"ease":"outExpo","b":105,"duration":8,"g":250,"time":220},{"color":2,"r":0,"type":"setColor","angle":337.5,"ease":"inQuint","b":0,"duration":1,"g":0,"time":283},{"color":2,"r":61,"type":"setColor","angle":337.5,"ease":"outQuint","b":61,"duration":1,"g":58,"time":284},{"hide":true,"id":"darkheart","angle":315,"type":"deco","time":284},{"hide":false,"id":"ghostwalker","angle":292.5,"type":"deco","time":284},{"color":3,"r":48,"type":"setColor","angle":247.5,"ease":"outQuint","b":47,"duration":1,"g":46,"time":284},{"color":4,"r":191,"type":"setColor","angle":225,"ease":"outQuint","b":193,"duration":1,"g":191,"time":284},{"color":2,"r":0,"type":"setColor","angle":67.5,"ease":"inExpo","b":0,"duration":4,"g":0,"time":328},{"angle":247.5,"order":0,"id":"bottom","oy":-145,"type":"deco","time":24},{"duration":1,"oy":-155,"type":"deco","angle":247.5,"order":1,"ease":"outSine","id":"bottom","time":24},{"angle":247.5,"order":0,"id":"bottom","oy":-145,"type":"deco","time":25},{"duration":1,"oy":-155,"type":"deco","angle":247.5,"order":1,"ease":"outSine","id":"bottom","time":25},{"angle":247.5,"order":0,"id":"bottom","oy":-145,"type":"deco","time":26},{"duration":1,"oy":-155,"type":"deco","angle":247.5,"order":1,"ease":"outSine","id":"bottom","time":26},{"angle":247.5,"order":0,"id":"bottom","oy":-145,"type":"deco","time":27},{"duration":1,"oy":-155,"type":"deco","angle":247.5,"order":1,"ease":"outSine","id":"bottom","time":27},{"angle":247.5,"order":0,"id":"bottom","oy":-145,"type":"deco","time":28},{"duration":1,"oy":-155,"type":"deco","angle":247.5,"order":1,"ease":"outSine","id":"bottom","time":28},{"angle":247.5,"order":0,"id":"bottom","oy":-145,"type":"deco","time":29},{"duration":1,"oy":-155,"type":"deco","angle":247.5,"order":1,"ease":"outSine","id":"bottom","time":29},{"angle":247.5,"order":0,"oy":-145,"id":"bottom","type":"deco","time":30},{"duration":1,"oy":-155,"type":"deco","angle":247.5,"order":1,"ease":"outSine","id":"bottom","time":30},{"angle":247.5,"order":0,"id":"bottom","oy":-145,"type":"deco","time":31},{"duration":1,"oy":-155,"type":"deco","angle":247.5,"order":1,"ease":"outSine","id":"bottom","time":31},{"angle":247.5,"order":0,"id":"bottom","oy":-145,"type":"deco","time":32},{"duration":2,"oy":-155,"type":"deco","angle":247.5,"order":1,"ease":"outSine","id":"bottom","time":32},{"angle":292.5,"order":0,"oy":-145,"id":"bottom","type":"deco","time":0},{"duration":2,"oy":-155,"type":"deco","angle":292.5,"order":1,"ease":"outSine","id":"bottom","time":0},{"angle":247.5,"order":0,"oy":-145,"id":"bottom","type":"deco","time":7},{"duration":1,"oy":-155,"type":"deco","angle":247.5,"order":1,"ease":"outSine","id":"bottom","time":7},{"angle":247.5,"order":0,"oy":-145,"id":"bottom","type":"deco","time":8},{"duration":2,"oy":-155,"type":"deco","angle":247.5,"order":1,"ease":"outSine","id":"bottom","time":8},{"angle":247.5,"order":0,"id":"bottom","oy":-145,"type":"deco","time":12},{"duration":2,"oy":-155,"type":"deco","angle":247.5,"order":1,"ease":"outSine","id":"bottom","time":12},{"angle":247.5,"order":0,"id":"bottom","oy":-145,"type":"deco","time":14},{"duration":2,"oy":-155,"type":"deco","angle":247.5,"order":1,"ease":"outSine","id":"bottom","time":14},{"angle":247.5,"order":0,"id":"bottom","oy":-145,"type":"deco","time":16},{"duration":4,"oy":-155,"type":"deco","angle":247.5,"order":1,"ease":"outSine","id":"bottom","time":16},{"angle":247.5,"order":0,"oy":-145,"id":"bottom","type":"deco","time":35},{"duration":2,"oy":-155,"type":"deco","angle":247.5,"order":1,"ease":"outSine","id":"bottom","time":35},{"angle":247.5,"order":0,"id":"bottom","oy":-145,"type":"deco","time":37},{"duration":2,"oy":-155,"type":"deco","angle":247.5,"order":1,"ease":"outSine","id":"bottom","time":37},{"angle":247.5,"order":0,"oy":-145,"id":"bottom","type":"deco","time":39},{"duration":2,"oy":-155,"type":"deco","angle":247.5,"order":1,"ease":"outSine","id":"bottom","time":39},{"angle":247.5,"order":0,"id":"bottom","oy":-145,"type":"deco","time":41},{"duration":2,"oy":-155,"type":"deco","angle":247.5,"order":1,"ease":"outSine","id":"bottom","time":41},{"angle":247.5,"order":0,"id":"bottom","oy":-145,"type":"deco","time":43},{"duration":2,"oy":-155,"type":"deco","angle":247.5,"order":1,"ease":"outSine","id":"bottom","time":43},{"angle":247.5,"order":0,"id":"bottom","oy":-145,"type":"deco","time":45},{"duration":2,"oy":-155,"type":"deco","angle":247.5,"order":1,"ease":"outSine","id":"bottom","time":45},{"angle":247.5,"order":0,"oy":-145,"id":"bottom","type":"deco","time":47},{"duration":2,"oy":-155,"type":"deco","angle":247.5,"order":1,"ease":"outSine","id":"bottom","time":47},{"angle":247.5,"order":0,"id":"bottom","oy":-145,"type":"deco","time":49},{"duration":2,"oy":-155,"type":"deco","angle":247.5,"order":1,"ease":"outSine","id":"bottom","time":49},{"angle":247.5,"order":0,"oy":-145,"id":"bottom","type":"deco","time":51},{"duration":2,"oy":-155,"type":"deco","angle":247.5,"order":1,"ease":"outSine","id":"bottom","time":51},{"angle":247.5,"order":0,"oy":-145,"id":"bottom","type":"deco","time":53},{"duration":2,"oy":-155,"type":"deco","angle":247.5,"order":1,"ease":"outSine","id":"bottom","time":53},{"angle":247.5,"order":0,"id":"bottom","oy":-145,"type":"deco","time":55},{"duration":2,"oy":-155,"type":"deco","angle":247.5,"order":1,"ease":"outSine","id":"bottom","time":55},{"angle":247.5,"order":0,"id":"bottom","oy":-145,"type":"deco","time":57},{"duration":2,"oy":-155,"type":"deco","angle":247.5,"order":1,"ease":"outSine","id":"bottom","time":57},{"angle":247.5,"order":0,"oy":-145,"id":"bottom","type":"deco","time":59},{"duration":2,"oy":-155,"type":"deco","angle":247.5,"order":1,"ease":"outSine","id":"bottom","time":59},{"angle":247.5,"order":0,"id":"bottom","oy":-145,"type":"deco","time":61},{"duration":2,"oy":-155,"type":"deco","angle":247.5,"order":1,"ease":"outSine","id":"bottom","time":61},{"angle":247.5,"order":0,"oy":-145,"id":"bottom","type":"deco","time":63},{"duration":2,"oy":-155,"type":"deco","angle":247.5,"order":1,"ease":"outSine","id":"bottom","time":63},{"angle":247.5,"order":0,"id":"bottom","oy":-145,"type":"deco","time":65},{"duration":2,"oy":-155,"type":"deco","angle":247.5,"order":1,"ease":"outSine","id":"bottom","time":65},{"angle":247.5,"order":0,"oy":-145,"id":"bottom","type":"deco","time":67},{"duration":2,"oy":-155,"type":"deco","angle":247.5,"order":1,"ease":"outSine","id":"bottom","time":67},{"angle":247.5,"order":0,"id":"bottom","oy":-145,"type":"deco","time":69},{"duration":2,"oy":-155,"type":"deco","angle":247.5,"order":1,"ease":"outSine","id":"bottom","time":69},{"angle":247.5,"order":0,"id":"bottom","oy":-145,"type":"deco","time":71},{"duration":2,"oy":-155,"type":"deco","angle":247.5,"order":1,"ease":"outSine","id":"bottom","time":71},{"angle":247.5,"order":0,"id":"bottom","oy":-145,"type":"deco","time":73},{"duration":2,"oy":-155,"type":"deco","angle":247.5,"order":1,"ease":"outSine","id":"bottom","time":73},{"angle":247.5,"order":0,"oy":-145,"id":"bottom","type":"deco","time":75},{"duration":2,"oy":-155,"type":"deco","angle":247.5,"order":1,"ease":"outSine","id":"bottom","time":75},{"angle":247.5,"order":0,"oy":-145,"id":"bottom","type":"deco","time":76},{"duration":1,"oy":-155,"type":"deco","angle":247.5,"order":1,"ease":"outSine","id":"bottom","time":76},{"angle":247.5,"order":0,"id":"bottom","oy":-145,"type":"deco","time":77},{"duration":1,"oy":-155,"type":"deco","angle":247.5,"order":1,"ease":"outSine","id":"bottom","time":77},{"angle":247.5,"order":0,"id":"bottom","oy":-145,"type":"deco","time":78},{"duration":1,"id":"bottom","type":"deco","angle":247.5,"order":1,"ease":"outSine","oy":-155,"time":78},{"angle":247.5,"order":0,"id":"bottom","oy":-145,"type":"deco","time":79},{"duration":1,"id":"bottom","type":"deco","angle":247.5,"order":1,"ease":"outSine","oy":-155,"time":79},{"angle":247.5,"order":0,"id":"bottom","oy":-145,"type":"deco","time":80},{"duration":4,"oy":-155,"type":"deco","angle":247.5,"order":1,"ease":"outSine","id":"bottom","time":80},{"angle":247.5,"order":0,"oy":-145,"id":"bottom","type":"deco","time":84},{"duration":1,"oy":-155,"type":"deco","angle":247.5,"order":1,"ease":"outSine","id":"bottom","time":84},{"angle":247.5,"order":0,"oy":-145,"id":"bottom","type":"deco","time":84.5},{"duration":1,"oy":-155,"type":"deco","angle":247.5,"order":1,"ease":"outSine","id":"bottom","time":84.5},{"angle":247.5,"order":0,"oy":-145,"id":"bottom","type":"deco","time":88},{"duration":1,"oy":-155,"type":"deco","angle":247.5,"order":1,"ease":"outSine","id":"bottom","time":88},{"angle":247.5,"order":0,"oy":-145,"id":"bottom","type":"deco","time":88.5},{"duration":1,"oy":-155,"type":"deco","angle":247.5,"order":1,"ease":"outSine","id":"bottom","time":88.5},{"angle":247.5,"order":0,"id":"bottom","oy":-145,"type":"deco","time":92},{"duration":1,"oy":-155,"type":"deco","angle":247.5,"order":1,"ease":"outSine","id":"bottom","time":92},{"angle":247.5,"order":0,"oy":-145,"id":"bottom","type":"deco","time":92.5},{"duration":1,"oy":-155,"type":"deco","angle":247.5,"order":1,"ease":"outSine","id":"bottom","time":92.5},{"angle":247.5,"order":0,"oy":-145,"id":"bottom","type":"deco","time":96},{"duration":4,"oy":-155,"type":"deco","angle":247.5,"order":1,"ease":"outSine","id":"bottom","time":96},{"angle":247.5,"order":0,"id":"bottom","oy":-145,"type":"deco","time":97},{"duration":2,"oy":-155,"type":"deco","angle":247.5,"order":1,"ease":"outSine","id":"bottom","time":97},{"angle":247.5,"order":0,"oy":-145,"id":"bottom","type":"deco","time":99},{"duration":2,"oy":-155,"type":"deco","angle":247.5,"order":1,"ease":"outSine","id":"bottom","time":99},{"angle":247.5,"order":0,"id":"bottom","oy":-145,"type":"deco","time":101},{"duration":2,"oy":-155,"type":"deco","angle":247.5,"order":1,"ease":"outSine","id":"bottom","time":101},{"angle":247.5,"order":0,"id":"bottom","oy":-145,"type":"deco","time":103},{"duration":2,"oy":-155,"type":"deco","angle":247.5,"order":1,"ease":"outSine","id":"bottom","time":103},{"angle":247.5,"order":0,"oy":-145,"id":"bottom","type":"deco","time":105},{"duration":2,"oy":-155,"type":"deco","angle":247.5,"order":1,"ease":"outSine","id":"bottom","time":105},{"angle":247.5,"order":0,"oy":-145,"id":"bottom","type":"deco","time":107},{"duration":2,"oy":-155,"type":"deco","angle":247.5,"order":1,"ease":"outSine","id":"bottom","time":107},{"angle":247.5,"order":0,"oy":-145,"id":"bottom","type":"deco","time":109},{"duration":2,"oy":-155,"type":"deco","angle":247.5,"order":1,"ease":"outSine","id":"bottom","time":109},{"angle":247.5,"order":0,"oy":-145,"id":"bottom","type":"deco","time":111},{"duration":2,"oy":-155,"type":"deco","angle":247.5,"order":1,"ease":"outSine","id":"bottom","time":111},{"angle":247.5,"order":0,"oy":-145,"id":"bottom","type":"deco","time":113},{"duration":2,"oy":-155,"type":"deco","angle":247.5,"order":1,"ease":"outSine","id":"bottom","time":113},{"angle":247.5,"order":0,"oy":-145,"id":"bottom","type":"deco","time":115},{"duration":2,"oy":-155,"type":"deco","angle":247.5,"order":1,"ease":"outSine","id":"bottom","time":115},{"angle":247.5,"order":0,"id":"bottom","oy":-145,"type":"deco","time":117},{"duration":2,"oy":-155,"type":"deco","angle":247.5,"order":1,"ease":"outSine","id":"bottom","time":117},{"angle":247.5,"order":0,"id":"bottom","oy":-145,"type":"deco","time":119},{"duration":2,"oy":-155,"type":"deco","angle":247.5,"order":1,"ease":"outSine","id":"bottom","time":119},{"angle":247.5,"order":0,"oy":-145,"id":"bottom","type":"deco","time":121},{"duration":2,"oy":-155,"type":"deco","angle":247.5,"order":1,"ease":"outSine","id":"bottom","time":121},{"angle":247.5,"order":0,"oy":-145,"id":"bottom","type":"deco","time":123},{"duration":2,"oy":-155,"type":"deco","angle":247.5,"order":1,"ease":"outSine","id":"bottom","time":123},{"angle":247.5,"order":0,"oy":-145,"id":"bottom","type":"deco","time":124},{"duration":4,"oy":-155,"type":"deco","angle":247.5,"order":1,"ease":"outSine","id":"bottom","time":124},{"angle":247.5,"order":0,"id":"bottom","oy":-145,"type":"deco","time":127},{"duration":2,"oy":-155,"type":"deco","angle":247.5,"order":1,"ease":"outSine","id":"bottom","time":127},{"angle":247.5,"order":0,"id":"bottom","oy":-145,"type":"deco","time":129},{"duration":2,"oy":-155,"type":"deco","angle":247.5,"order":1,"ease":"outSine","id":"bottom","time":129},{"angle":247.5,"order":0,"oy":-145,"id":"bottom","type":"deco","time":131},{"duration":2,"oy":-155,"type":"deco","angle":247.5,"order":1,"ease":"outSine","id":"bottom","time":131},{"angle":247.5,"order":0,"id":"bottom","oy":-145,"type":"deco","time":133},{"duration":2,"oy":-155,"type":"deco","angle":247.5,"order":1,"ease":"outSine","id":"bottom","time":133},{"angle":247.5,"order":0,"oy":-145,"id":"bottom","type":"deco","time":135},{"duration":2,"oy":-155,"type":"deco","angle":247.5,"order":1,"ease":"outSine","id":"bottom","time":135},{"angle":247.5,"order":0,"id":"bottom","oy":-145,"type":"deco","time":137},{"duration":2,"oy":-155,"type":"deco","angle":247.5,"order":1,"ease":"outSine","id":"bottom","time":137},{"angle":247.5,"order":0,"oy":-145,"id":"bottom","type":"deco","time":139},{"duration":2,"oy":-155,"type":"deco","angle":247.5,"order":1,"ease":"outSine","id":"bottom","time":139},{"angle":247.5,"order":0,"oy":-145,"id":"bottom","type":"deco","time":141},{"duration":2,"oy":-155,"type":"deco","angle":247.5,"order":1,"ease":"outSine","id":"bottom","time":141},{"angle":247.5,"order":0,"id":"bottom","oy":-145,"type":"deco","time":143},{"duration":2,"oy":-155,"type":"deco","angle":247.5,"order":1,"ease":"outSine","id":"bottom","time":143},{"angle":247.5,"order":0,"oy":-145,"id":"bottom","type":"deco","time":145},{"duration":2,"oy":-155,"type":"deco","angle":247.5,"order":1,"ease":"outSine","id":"bottom","time":145},{"angle":247.5,"order":0,"id":"bottom","oy":-145,"type":"deco","time":147},{"duration":2,"oy":-155,"type":"deco","angle":247.5,"order":1,"ease":"outSine","id":"bottom","time":147},{"angle":247.5,"order":0,"id":"bottom","oy":-145,"type":"deco","time":149},{"duration":2,"oy":-155,"type":"deco","angle":247.5,"order":1,"ease":"outSine","id":"bottom","time":149},{"angle":247.5,"order":0,"oy":-145,"id":"bottom","type":"deco","time":151},{"duration":2,"oy":-155,"type":"deco","angle":247.5,"order":1,"ease":"outSine","id":"bottom","time":151},{"angle":247.5,"order":0,"oy":-145,"id":"bottom","type":"deco","time":152},{"duration":4,"oy":-155,"type":"deco","angle":247.5,"order":1,"ease":"outSine","id":"bottom","time":152},{"angle":202.5,"order":0,"id":"bottom","oy":-145,"type":"deco","time":156},{"duration":4,"oy":-155,"type":"deco","angle":202.5,"order":1,"ease":"outSine","id":"bottom","time":156},{"angle":247.5,"order":0,"id":"bottom","oy":-145,"type":"deco","time":159},{"duration":2,"oy":-155,"type":"deco","angle":247.5,"order":1,"ease":"outSine","id":"bottom","time":159},{"angle":247.5,"order":0,"id":"bottom","oy":-145,"type":"deco","time":161},{"duration":2,"oy":-155,"type":"deco","angle":247.5,"order":1,"ease":"outSine","id":"bottom","time":161},{"angle":247.5,"order":0,"id":"bottom","oy":-145,"type":"deco","time":163},{"duration":2,"oy":-155,"type":"deco","angle":247.5,"order":1,"ease":"outSine","id":"bottom","time":163},{"angle":247.5,"order":0,"oy":-145,"id":"bottom","type":"deco","time":165},{"duration":2,"oy":-155,"type":"deco","angle":247.5,"order":1,"ease":"outSine","id":"bottom","time":165},{"angle":247.5,"order":0,"id":"bottom","oy":-145,"type":"deco","time":167},{"duration":2,"oy":-155,"type":"deco","angle":247.5,"order":1,"ease":"outSine","id":"bottom","time":167},{"angle":247.5,"order":0,"oy":-145,"id":"bottom","type":"deco","time":169},{"duration":2,"oy":-155,"type":"deco","angle":247.5,"order":1,"ease":"outSine","id":"bottom","time":169},{"angle":247.5,"order":0,"oy":-145,"id":"bottom","type":"deco","time":171},{"duration":2,"oy":-155,"type":"deco","angle":247.5,"order":1,"ease":"outSine","id":"bottom","time":171},{"angle":247.5,"order":0,"oy":-145,"id":"bottom","type":"deco","time":173},{"duration":2,"oy":-155,"type":"deco","angle":247.5,"order":1,"ease":"outSine","id":"bottom","time":173},{"angle":247.5,"order":0,"id":"bottom","oy":-145,"type":"deco","time":175},{"duration":2,"oy":-155,"type":"deco","angle":247.5,"order":1,"ease":"outSine","id":"bottom","time":175},{"angle":247.5,"order":0,"oy":-145,"id":"bottom","type":"deco","time":177},{"duration":2,"oy":-155,"type":"deco","angle":247.5,"order":1,"ease":"outSine","id":"bottom","time":177},{"angle":247.5,"order":0,"id":"bottom","oy":-145,"type":"deco","time":179},{"duration":2,"oy":-155,"type":"deco","angle":247.5,"order":1,"ease":"outSine","id":"bottom","time":179},{"angle":247.5,"order":0,"id":"bottom","oy":-145,"type":"deco","time":181},{"duration":2,"oy":-155,"type":"deco","angle":247.5,"order":1,"ease":"outSine","id":"bottom","time":181},{"angle":247.5,"order":0,"id":"bottom","oy":-145,"type":"deco","time":183},{"duration":2,"oy":-155,"type":"deco","angle":247.5,"order":1,"ease":"outSine","id":"bottom","time":183},{"angle":247.5,"order":0,"id":"bottom","oy":-145,"type":"deco","time":185},{"duration":2,"oy":-155,"type":"deco","angle":247.5,"order":1,"ease":"outSine","id":"bottom","time":185},{"angle":247.5,"order":0,"oy":-145,"id":"bottom","type":"deco","time":187},{"duration":2,"oy":-155,"type":"deco","angle":247.5,"order":1,"ease":"outSine","id":"bottom","time":187},{"angle":247.5,"order":0,"id":"bottom","oy":-145,"type":"deco","time":189},{"duration":2,"oy":-155,"type":"deco","angle":247.5,"order":1,"ease":"outSine","id":"bottom","time":189},{"angle":247.5,"order":0,"id":"bottom","oy":-145,"type":"deco","time":191},{"duration":2,"oy":-155,"type":"deco","angle":247.5,"order":1,"ease":"outSine","id":"bottom","time":191},{"angle":247.5,"order":0,"id":"bottom","oy":-145,"type":"deco","time":193},{"duration":2,"oy":-155,"type":"deco","angle":247.5,"order":1,"ease":"outSine","id":"bottom","time":193},{"angle":247.5,"order":0,"oy":-145,"id":"bottom","type":"deco","time":195},{"duration":2,"oy":-155,"type":"deco","angle":247.5,"order":1,"ease":"outSine","id":"bottom","time":195},{"angle":247.5,"order":0,"id":"bottom","oy":-145,"type":"deco","time":197},{"duration":2,"oy":-155,"type":"deco","angle":247.5,"order":1,"ease":"outSine","id":"bottom","time":197},{"angle":247.5,"order":0,"oy":-145,"id":"bottom","type":"deco","time":199},{"duration":2,"oy":-155,"type":"deco","angle":247.5,"order":1,"ease":"outSine","id":"bottom","time":199},{"angle":247.5,"order":0,"id":"bottom","oy":-145,"type":"deco","time":201},{"duration":2,"oy":-155,"type":"deco","angle":247.5,"order":1,"ease":"outSine","id":"bottom","time":201},{"angle":247.5,"order":0,"id":"bottom","oy":-145,"type":"deco","time":203},{"duration":2,"oy":-155,"type":"deco","angle":247.5,"order":1,"ease":"outSine","id":"bottom","time":203},{"angle":247.5,"order":0,"id":"bottom","oy":-145,"type":"deco","time":205},{"duration":2,"oy":-155,"type":"deco","angle":247.5,"order":1,"ease":"outSine","id":"bottom","time":205},{"angle":247.5,"order":0,"id":"bottom","oy":-145,"type":"deco","time":207},{"duration":2,"oy":-155,"type":"deco","angle":247.5,"order":1,"ease":"outSine","id":"bottom","time":207},{"angle":247.5,"order":0,"id":"bottom","oy":-145,"type":"deco","time":209},{"duration":2,"oy":-155,"type":"deco","angle":247.5,"order":1,"ease":"outSine","id":"bottom","time":209},{"angle":247.5,"order":0,"id":"bottom","oy":-145,"type":"deco","time":211},{"duration":2,"oy":-155,"type":"deco","angle":247.5,"order":1,"ease":"outSine","id":"bottom","time":211},{"angle":247.5,"order":0,"oy":-145,"id":"bottom","type":"deco","time":213},{"duration":2,"oy":-155,"type":"deco","angle":247.5,"order":1,"ease":"outSine","id":"bottom","time":213},{"angle":247.5,"order":0,"oy":-145,"id":"bottom","type":"deco","time":215},{"duration":2,"oy":-155,"type":"deco","angle":247.5,"order":1,"ease":"outSine","id":"bottom","time":215},{"angle":247.5,"order":0,"oy":-145,"id":"bottom","type":"deco","time":217},{"duration":2,"oy":-155,"type":"deco","angle":247.5,"order":1,"ease":"outSine","id":"bottom","time":217},{"angle":247.5,"order":0,"oy":-145,"id":"bottom","type":"deco","time":219},{"duration":2,"oy":-155,"type":"deco","angle":247.5,"order":1,"ease":"outSine","id":"bottom","time":219},{"angle":247.5,"order":0,"oy":-145,"id":"bottom","type":"deco","time":220},{"duration":4,"oy":-155,"type":"deco","angle":247.5,"order":1,"ease":"outSine","id":"bottom","time":220},{"angle":247.5,"order":0,"id":"bottom","oy":-145,"type":"deco","time":223},{"duration":2,"oy":-155,"type":"deco","angle":247.5,"order":1,"ease":"outSine","id":"bottom","time":223},{"angle":247.5,"order":0,"id":"bottom","oy":-145,"type":"deco","time":225},{"duration":2,"oy":-155,"type":"deco","angle":247.5,"order":1,"ease":"outSine","id":"bottom","time":225},{"angle":247.5,"order":0,"id":"bottom","oy":-145,"type":"deco","time":227},{"duration":2,"oy":-155,"type":"deco","angle":247.5,"order":1,"ease":"outSine","id":"bottom","time":227},{"angle":247.5,"order":0,"id":"bottom","oy":-145,"type":"deco","time":229},{"duration":2,"oy":-155,"type":"deco","angle":247.5,"order":1,"ease":"outSine","id":"bottom","time":229},{"angle":247.5,"order":0,"id":"bottom","oy":-145,"type":"deco","time":231},{"duration":2,"oy":-155,"type":"deco","angle":247.5,"order":1,"ease":"outSine","id":"bottom","time":231},{"angle":247.5,"order":0,"id":"bottom","oy":-145,"type":"deco","time":233},{"duration":2,"oy":-155,"type":"deco","angle":247.5,"order":1,"ease":"outSine","id":"bottom","time":233},{"angle":247.5,"order":0,"id":"bottom","oy":-145,"type":"deco","time":235},{"duration":2,"oy":-155,"type":"deco","angle":247.5,"order":1,"ease":"outSine","id":"bottom","time":235},{"angle":247.5,"order":0,"oy":-145,"id":"bottom","type":"deco","time":237},{"duration":2,"oy":-155,"type":"deco","angle":247.5,"order":1,"ease":"outSine","id":"bottom","time":237},{"angle":247.5,"order":0,"oy":-145,"id":"bottom","type":"deco","time":239},{"duration":2,"oy":-155,"type":"deco","angle":247.5,"order":1,"ease":"outSine","id":"bottom","time":239},{"angle":247.5,"order":0,"id":"bottom","oy":-145,"type":"deco","time":241},{"duration":2,"oy":-155,"type":"deco","angle":247.5,"order":1,"ease":"outSine","id":"bottom","time":241},{"angle":247.5,"order":0,"oy":-145,"id":"bottom","type":"deco","time":243},{"duration":2,"oy":-155,"type":"deco","angle":247.5,"order":1,"ease":"outSine","id":"bottom","time":243},{"angle":247.5,"order":0,"id":"bottom","oy":-145,"type":"deco","time":245},{"duration":2,"oy":-155,"type":"deco","angle":247.5,"order":1,"ease":"outSine","id":"bottom","time":245},{"angle":247.5,"order":0,"id":"bottom","oy":-145,"type":"deco","time":247},{"duration":2,"oy":-155,"type":"deco","angle":247.5,"order":1,"ease":"outSine","id":"bottom","time":247},{"angle":247.5,"order":0,"id":"bottom","oy":-145,"type":"deco","time":249},{"duration":2,"oy":-155,"type":"deco","angle":247.5,"order":1,"ease":"outSine","id":"bottom","time":249},{"angle":247.5,"order":0,"id":"bottom","oy":-145,"type":"deco","time":251},{"duration":2,"oy":-155,"type":"deco","angle":247.5,"order":1,"ease":"outSine","id":"bottom","time":251},{"angle":247.5,"order":0,"id":"bottom","oy":-145,"type":"deco","time":253},{"duration":2,"oy":-155,"type":"deco","angle":247.5,"order":1,"ease":"outSine","id":"bottom","time":253},{"angle":247.5,"order":0,"id":"bottom","oy":-145,"type":"deco","time":255},{"duration":2,"oy":-155,"type":"deco","angle":247.5,"order":1,"ease":"outSine","id":"bottom","time":255},{"angle":247.5,"order":0,"oy":-145,"id":"bottom","type":"deco","time":257},{"duration":2,"oy":-155,"type":"deco","angle":247.5,"order":1,"ease":"outSine","id":"bottom","time":257},{"angle":247.5,"order":0,"id":"bottom","oy":-145,"type":"deco","time":259},{"duration":2,"oy":-155,"type":"deco","angle":247.5,"order":1,"ease":"outSine","id":"bottom","time":259},{"angle":247.5,"order":0,"id":"bottom","oy":-145,"type":"deco","time":261},{"duration":2,"oy":-155,"type":"deco","angle":247.5,"order":1,"ease":"outSine","id":"bottom","time":261},{"angle":247.5,"order":0,"oy":-145,"id":"bottom","type":"deco","time":263},{"duration":2,"oy":-155,"type":"deco","angle":247.5,"order":1,"ease":"outSine","id":"bottom","time":263},{"angle":247.5,"order":0,"oy":-145,"id":"bottom","type":"deco","time":265},{"duration":2,"oy":-155,"type":"deco","angle":247.5,"order":1,"ease":"outSine","id":"bottom","time":265},{"angle":247.5,"order":0,"oy":-145,"id":"bottom","type":"deco","time":267},{"duration":2,"oy":-155,"type":"deco","angle":247.5,"order":1,"ease":"outSine","id":"bottom","time":267},{"angle":247.5,"order":0,"oy":-145,"id":"bottom","type":"deco","time":269},{"duration":2,"oy":-155,"type":"deco","angle":247.5,"order":1,"ease":"outSine","id":"bottom","time":269},{"angle":247.5,"order":0,"id":"bottom","oy":-145,"type":"deco","time":271},{"duration":2,"oy":-155,"type":"deco","angle":247.5,"order":1,"ease":"outSine","id":"bottom","time":271},{"angle":247.5,"order":0,"oy":-145,"id":"bottom","type":"deco","time":273},{"duration":2,"oy":-155,"type":"deco","angle":247.5,"order":1,"ease":"outSine","id":"bottom","time":273},{"angle":247.5,"order":0,"id":"bottom","oy":-145,"type":"deco","time":275},{"duration":2,"oy":-155,"type":"deco","angle":247.5,"order":1,"ease":"outSine","id":"bottom","time":275},{"angle":247.5,"order":0,"oy":-145,"id":"bottom","type":"deco","time":277},{"duration":2,"oy":-155,"type":"deco","angle":247.5,"order":1,"ease":"outSine","id":"bottom","time":277},{"angle":247.5,"order":0,"oy":-145,"id":"bottom","type":"deco","time":279},{"duration":2,"oy":-155,"type":"deco","angle":247.5,"order":1,"ease":"outSine","id":"bottom","time":279},{"angle":247.5,"order":0,"oy":-145,"id":"bottom","type":"deco","time":280},{"duration":1,"oy":-155,"type":"deco","angle":247.5,"order":1,"ease":"outSine","id":"bottom","time":280},{"angle":247.5,"order":0,"oy":-145,"id":"bottom","type":"deco","time":281},{"duration":1,"oy":-155,"type":"deco","angle":247.5,"order":1,"ease":"outSine","id":"bottom","time":281},{"angle":247.5,"order":0,"id":"bottom","oy":-145,"type":"deco","time":282},{"duration":1,"oy":-155,"type":"deco","angle":247.5,"order":1,"ease":"outSine","id":"bottom","time":282},{"angle":247.5,"order":0,"oy":-145,"id":"bottom","type":"deco","time":283},{"duration":1,"oy":-155,"type":"deco","angle":247.5,"order":1,"ease":"outSine","id":"bottom","time":283},{"angle":270,"order":0,"oy":-145,"id":"bottom","type":"deco","time":284},{"duration":4,"oy":-155,"type":"deco","angle":270,"order":1,"ease":"outSine","id":"bottom","time":284},{"angle":247.5,"order":0,"oy":-145,"id":"bottom","type":"deco","time":291},{"duration":2,"oy":-155,"type":"deco","angle":247.5,"order":1,"ease":"outSine","id":"bottom","time":291},{"angle":247.5,"order":0,"id":"bottom","oy":-145,"type":"deco","time":292},{"duration":4,"oy":-155,"type":"deco","angle":247.5,"order":1,"ease":"outSine","id":"bottom","time":292},{"angle":247.5,"order":0,"oy":-145,"id":"bottom","type":"deco","time":300},{"duration":2,"oy":-155,"type":"deco","angle":247.5,"order":1,"ease":"outSine","id":"bottom","time":300},{"angle":247.5,"order":0,"oy":-145,"id":"bottom","type":"deco","time":307},{"duration":2,"id":"bottom","type":"deco","angle":247.5,"order":1,"ease":"outSine","oy":-155,"time":307},{"angle":247.5,"order":0,"oy":-145,"id":"bottom","type":"deco","time":308},{"duration":4,"oy":-155,"type":"deco","angle":247.5,"order":1,"ease":"outSine","id":"bottom","time":308},{"angle":247.5,"order":0,"oy":-145,"id":"bottom","type":"deco","time":315},{"duration":2,"oy":-155,"type":"deco","angle":247.5,"order":1,"ease":"outSine","id":"bottom","time":315},{"angle":247.5,"order":0,"oy":-145,"id":"bottom","type":"deco","time":316},{"duration":4,"oy":-155,"type":"deco","angle":247.5,"order":1,"ease":"outSine","id":"bottom","time":316},{"angle":247.5,"order":0,"id":"bottom","oy":-145,"type":"deco","time":320},{"duration":4,"oy":-155,"type":"deco","angle":247.5,"order":1,"ease":"outSine","id":"bottom","time":320},{"angle":247.5,"order":0,"id":"bottom","oy":-145,"type":"deco","time":324},{"duration":4,"oy":-155,"type":"deco","angle":247.5,"order":1,"ease":"outSine","id":"bottom","time":324},{"angle":247.5,"order":0,"id":"bottom","oy":-145,"type":"deco","time":328},{"duration":4,"oy":-155,"type":"deco","angle":247.5,"order":1,"ease":"outSine","id":"bottom","time":328},{"angle":247.5,"order":0,"id":"bottom","oy":-145,"type":"deco","time":332},{"duration":8,"oy":-155,"type":"deco","angle":247.5,"order":1,"ease":"outSine","id":"bottom","time":332},{"angle":247.5,"order":0,"oy":-145,"id":"bottom","type":"deco","time":340},{"duration":8,"oy":-155,"type":"deco","angle":247.5,"order":1,"ease":"outSine","id":"bottom","time":340},{"angle":247.5,"order":0,"id":"bottom","oy":-145,"type":"deco","time":352},{"duration":8,"oy":-155,"type":"deco","angle":247.5,"order":1,"ease":"outSine","id":"bottom","time":352},{"angle":247.5,"order":0,"id":"bottom","oy":-145,"type":"deco","time":364},{"duration":8,"oy":-155,"type":"deco","angle":247.5,"order":1,"ease":"outSine","id":"bottom","time":364},{"angle":247.5,"order":0,"id":"bottom","oy":-145,"type":"deco","time":371.5},{"duration":8,"oy":-155,"type":"deco","angle":247.5,"order":1,"ease":"outSine","id":"bottom","time":371.5},{"angle":247.5,"order":0,"oy":-145,"id":"bottom","type":"deco","time":380},{"duration":8,"oy":-155,"type":"deco","angle":247.5,"order":1,"ease":"outSine","id":"bottom","time":380},{"angle":247.5,"order":0,"id":"bottom","oy":-145,"type":"deco","time":396},{"duration":8,"oy":-155,"type":"deco","angle":247.5,"order":1,"ease":"outSine","id":"bottom","time":396},{"angle":247.5,"order":0,"id":"bottom","oy":-145,"type":"deco","time":404},{"duration":8,"oy":-155,"type":"deco","angle":247.5,"order":1,"ease":"outSine","id":"bottom","time":404},{"angle":247.5,"order":0,"oy":-145,"id":"bottom","type":"deco","time":416},{"duration":8,"oy":-155,"type":"deco","angle":247.5,"order":1,"ease":"outSine","id":"bottom","time":416},{"angle":247.5,"order":0,"oy":-145,"id":"bottom","type":"deco","time":428},{"duration":8,"oy":-155,"type":"deco","angle":247.5,"order":1,"ease":"outSine","id":"bottom","time":428},{"angle":247.5,"order":0,"id":"bottom","oy":-145,"type":"deco","time":435.5},{"duration":8,"oy":-155,"type":"deco","angle":247.5,"order":1,"ease":"outSine","id":"bottom","time":435.5},{"angle":247.5,"order":0,"oy":-145,"id":"bottom","type":"deco","time":444},{"duration":8,"oy":-155,"type":"deco","angle":247.5,"order":1,"ease":"outSine","id":"bottom","time":444},{"angle":247.5,"order":0,"oy":-145,"id":"bottom","type":"deco","time":452},{"duration":8,"oy":-155,"type":"deco","angle":247.5,"order":1,"ease":"outSine","id":"bottom","time":452},{"angle":247.5,"order":0,"oy":-145,"id":"bottom","type":"deco","time":456},{"duration":8,"oy":-155,"type":"deco","angle":247.5,"order":1,"ease":"outSine","id":"bottom","time":456},{"angle":247.5,"order":0,"id":"bottom","oy":-145,"type":"deco","time":457},{"duration":8,"oy":-155,"type":"deco","angle":247.5,"order":1,"ease":"outSine","id":"bottom","time":457},{"angle":247.5,"order":0,"oy":-145,"id":"bottom","type":"deco","time":458.5},{"duration":8,"oy":-155,"type":"deco","angle":247.5,"order":1,"ease":"outSine","id":"bottom","time":458.5},{"angle":247.5,"order":0,"id":"bottom","oy":-145,"type":"deco","time":461},{"duration":8,"oy":-155,"type":"deco","angle":247.5,"order":1,"ease":"outSine","id":"bottom","time":461},{"angle":247.5,"order":0,"id":"bottom","oy":-145,"type":"deco","time":464},{"duration":8,"oy":-155,"type":"deco","angle":247.5,"order":1,"ease":"outSine","id":"bottom","time":464},{"angle":247.5,"order":0,"id":"bottom","oy":-145,"type":"deco","time":348},{"duration":4,"oy":-155,"type":"deco","angle":247.5,"order":1,"ease":"outSine","id":"bottom","time":348},{"angle":247.5,"order":0,"id":"bottom","oy":-145,"type":"deco","time":349},{"duration":4,"id":"bottom","type":"deco","angle":247.5,"order":1,"ease":"outSine","oy":-155,"time":349},{"angle":247.5,"order":0,"oy":-145,"id":"bottom","type":"deco","time":350},{"duration":4,"id":"bottom","type":"deco","angle":247.5,"order":1,"ease":"outSine","oy":-155,"time":350},{"angle":247.5,"order":0,"oy":-145,"id":"bottom","type":"deco","time":351},{"duration":4,"id":"bottom","type":"deco","angle":247.5,"order":1,"ease":"outSine","oy":-155,"time":351},{"angle":247.5,"order":0,"oy":-145,"id":"bottom","type":"deco","time":359},{"duration":4,"id":"bottom","type":"deco","angle":247.5,"order":1,"ease":"outSine","oy":-155,"time":359},{"angle":247.5,"order":0,"id":"bottom","oy":-145,"type":"deco","time":370.5},{"duration":4,"id":"bottom","type":"deco","angle":247.5,"order":1,"ease":"outSine","oy":-155,"time":370.5},{"angle":247.5,"order":0,"id":"bottom","oy":-145,"type":"deco","time":371},{"duration":4,"id":"bottom","type":"deco","angle":247.5,"order":1,"ease":"outSine","oy":-155,"time":371},{"angle":247.5,"order":0,"id":"bottom","oy":-145,"type":"deco","time":384},{"duration":4,"id":"bottom","type":"deco","angle":247.5,"order":1,"ease":"outSine","oy":-155,"time":384},{"angle":247.5,"order":0,"oy":-145,"id":"bottom","type":"deco","time":386},{"duration":4,"id":"bottom","type":"deco","angle":247.5,"order":1,"ease":"outSine","oy":-155,"time":386},{"angle":247.5,"order":0,"oy":-145,"id":"bottom","type":"deco","time":388},{"duration":4,"id":"bottom","type":"deco","angle":247.5,"order":1,"ease":"outSine","oy":-155,"time":388},{"angle":247.5,"order":0,"id":"bottom","oy":-145,"type":"deco","time":392},{"duration":4,"id":"bottom","type":"deco","angle":247.5,"order":1,"ease":"outSine","oy":-155,"time":392},{"angle":247.5,"order":0,"oy":-145,"id":"bottom","type":"deco","time":393},{"duration":4,"id":"bottom","type":"deco","angle":247.5,"order":1,"ease":"outSine","oy":-155,"time":393},{"angle":247.5,"order":0,"oy":-145,"id":"bottom","type":"deco","time":394},{"duration":4,"id":"bottom","type":"deco","angle":247.5,"order":1,"ease":"outSine","oy":-155,"time":394},{"angle":247.5,"order":0,"id":"bottom","oy":-145,"type":"deco","time":395},{"duration":4,"id":"bottom","type":"deco","angle":247.5,"order":1,"ease":"outSine","oy":-155,"time":395},{"angle":247.5,"order":0,"oy":-145,"id":"bottom","type":"deco","time":412},{"duration":4,"id":"bottom","type":"deco","angle":247.5,"order":1,"ease":"outSine","oy":-155,"time":412},{"angle":247.5,"order":0,"oy":-145,"id":"bottom","type":"deco","time":413},{"duration":4,"id":"bottom","type":"deco","angle":247.5,"order":1,"ease":"outSine","oy":-155,"time":413},{"angle":247.5,"order":0,"id":"bottom","oy":-145,"type":"deco","time":414},{"duration":4,"id":"bottom","type":"deco","angle":247.5,"order":1,"ease":"outSine","oy":-155,"time":414},{"angle":247.5,"order":0,"oy":-145,"id":"bottom","type":"deco","time":415},{"duration":4,"id":"bottom","type":"deco","angle":247.5,"order":1,"ease":"outSine","oy":-155,"time":415},{"angle":247.5,"order":0,"id":"bottom","oy":-145,"type":"deco","time":423},{"duration":4,"id":"bottom","type":"deco","angle":247.5,"order":1,"ease":"outSine","oy":-155,"time":423},{"angle":247.5,"order":0,"id":"bottom","oy":-145,"type":"deco","time":434.5},{"duration":4,"id":"bottom","type":"deco","angle":247.5,"order":1,"ease":"outSine","oy":-155,"time":434.5},{"angle":247.5,"order":0,"oy":-145,"id":"bottom","type":"deco","time":435},{"duration":4,"id":"bottom","type":"deco","angle":247.5,"order":1,"ease":"outSine","oy":-155,"time":435},{"angle":247.5,"order":0,"oy":-145,"id":"bottom","type":"deco","time":448},{"duration":4,"id":"bottom","type":"deco","angle":247.5,"order":1,"ease":"outSine","oy":-155,"time":448},{"angle":247.5,"order":0,"id":"bottom","oy":-145,"type":"deco","time":450},{"duration":4,"id":"bottom","type":"deco","angle":247.5,"order":1,"ease":"outSine","oy":-155,"time":450},{"hide":true,"id":"ghostwalker","angle":270,"type":"deco","time":332},{"ox":-100,"oy":-100,"drawLayer":"bg","r":-135,"outline":true,"type":"deco","sx":0.20000000298023,"angle":360,"drawOrder":3,"sy":0.20000000298023,"sprite":"windforce_sword.png","orbit":true,"id":"mwind","time":329},{"angle":292.5,"duration":4,"id":"mwind","type":"deco","time":329},{"ox":-100,"oy":-100,"id":"mdark","r":-135,"outline":true,"type":"deco","sx":0.20000000298023,"sy":0.20000000298023,"drawOrder":3,"angle":51.428569793701,"orbit":true,"sprite":"darkheart_sword.png","drawLayer":"bg","time":328.75}],"properties":{"offset":8,"loadBeat":-8,"formatversion":13,"startingBeat":-8,"speed":100},"metadata":{"artist":"Key After Key","difficulty":5,"charter":"DerpyNub","bg":true,"description":"sfoth level cool\n\nWindforce render by @dodleoy on Twitter (https://x.com/dodleoy/status/1637308217490386947/)","bgData":{"magentaChannel":{"r":172,"g":112,"b":128},"cyanChannel":{"r":225,"g":170,"b":32},"image":"artwork.png","redChannel":{"r":83,"g":15,"b":3},"blueChannel":{"r":183,"g":80,"b":24},"greenChannel":{"r":255,"g":255,"b":255},"yellowChannel":{"r":227,"g":169,"b":146}},"artistLink":"","songName":"Dueling Winds"}}