{"events":[{"bpm":79,"time":-8.3500003814697,"file":"patchesofviolet.ogg","volume":1,"angle":270,"type":"play"},{"r":160,"g":70,"time":-8.25,"b":240,"color":3,"angle":180,"type":"setColor"},{"time":-8.25,"color":3,"angle":135,"type":"setBgColor"},{"r":60,"g":40,"time":-8.25,"b":35,"color":0,"angle":315,"type":"setColor"},{"r":40,"g":20,"time":-8.25,"b":15,"color":1,"angle":360,"type":"setColor"},{"newWidth":70,"time":20,"enabled":true,"duration":1,"newAngle":180,"type":"paddles","ease":"linear","angle":292.5,"paddle":2},{"paddle":2,"time":42,"ease":"linear","newAngle":360,"duration":4,"angle":90,"type":"paddles"},{"time":60,"enabled":true,"paddle":2,"newAngle":540,"type":"paddles","ease":"linear","angle":202.5,"duration":2},{"r":160,"g":70,"time":-8.25,"b":240,"color":2,"angle":225,"type":"setColor"},{"time":-8,"id":"0","type":"deco","recolor":2,"sprite":"halfscreen.png","drawLayer":"bg","x":600,"y":180,"angle":90},{"r":200,"time":20,"color":2,"type":"setColor","g":200,"b":200,"angle":247.5,"duration":1},{"r":200,"time":20,"color":1,"type":"setColor","g":200,"b":200,"angle":315,"duration":1},{"time":20,"duration":1,"x":300,"id":"0","angle":225,"type":"deco"},{"r":45,"time":22,"id":"0","duration":1,"angle":202.5,"type":"deco"},{"time":-8,"id":"1","type":"deco","recolor":2,"sprite":"halfscreen.png","drawLayer":"bg","x":600,"y":180,"sy":-1,"angle":67.5},{"time":20,"id":"1","x":300,"duration":1,"angle":202.5,"type":"deco"},{"r":45,"time":22,"id":"1","duration":1,"angle":157.5,"type":"deco"},{"r":90,"time":23,"id":"0","duration":1,"angle":202.5,"type":"deco"},{"r":90,"time":23,"id":"1","duration":1,"angle":157.5,"type":"deco"},{"r":135,"time":24,"id":"0","duration":1,"angle":202.5,"type":"deco"},{"r":135,"time":24,"id":"1","duration":1,"angle":157.5,"type":"deco"},{"r":90,"time":25,"id":"0","duration":1,"angle":202.5,"type":"deco"},{"r":90,"time":25,"id":"1","duration":1,"angle":157.5,"type":"deco"},{"r":135,"time":26,"id":"0","duration":12,"angle":202.5,"type":"deco"},{"r":135,"time":26,"id":"1","duration":12,"angle":157.5,"type":"deco"},{"r":90,"time":39,"id":"0","duration":1,"angle":202.5,"type":"deco"},{"r":90,"time":39,"id":"1","duration":1,"angle":157.5,"type":"deco"},{"r":67.5,"time":40,"id":"0","duration":1,"angle":202.5,"type":"deco"},{"r":67.5,"time":40,"id":"1","duration":1,"angle":157.5,"type":"deco"},{"r":112.5,"time":40.5,"id":"0","duration":1,"angle":180,"type":"deco"},{"r":112.5,"time":40.5,"id":"1","duration":1,"angle":135,"type":"deco"},{"r":90,"time":41,"id":"0","duration":1,"angle":225,"type":"deco"},{"r":90,"time":41,"id":"1","duration":1,"angle":180,"type":"deco"},{"r":-90,"time":42,"id":"0","duration":4,"angle":202.5,"type":"deco"},{"r":-90,"time":42,"id":"1","duration":4,"angle":157.5,"type":"deco"},{"r":160,"time":42,"duration":4,"type":"setColor","g":70,"b":240,"angle":225,"color":2},{"time":-8,"id":"2","type":"deco","recolor":2,"sprite":"halfscreen2.png","drawLayer":"bg","hide":true,"y":0,"angle":45,"x":0},{"time":48,"hide":false,"id":"2","angle":315,"type":"deco"},{"time":48,"hide":true,"id":"1","angle":292.5,"type":"deco"},{"time":48,"hide":true,"id":"0","angle":270,"type":"deco"},{"r":200,"time":48,"duration":2,"type":"setColor","g":200,"b":200,"angle":247.5,"color":2},{"time":60,"hide":true,"id":"2","angle":315,"type":"deco"},{"r":-90,"time":60,"duration":2,"hide":false,"id":"1","angle":292.5,"type":"deco"},{"r":-90,"time":60,"duration":2,"hide":false,"id":"0","angle":270,"type":"deco"},{"r":160,"time":59,"duration":1,"type":"setColor","g":70,"b":240,"angle":315,"color":2},{"r":200,"time":60,"duration":2,"type":"setColor","g":200,"b":200,"angle":247.5,"color":2},{"r":90,"time":59.5,"id":"0","angle":270,"type":"deco"},{"r":90,"time":59.5,"id":"1","angle":292.5,"type":"deco"},{"r":-67.5,"time":62,"id":"0","duration":0.5,"angle":225,"type":"deco"},{"r":-67.5,"time":62,"id":"1","duration":0.5,"angle":180,"type":"deco"},{"r":-22.5,"time":62.5,"id":"0","duration":0.5,"angle":225,"type":"deco"},{"r":-22.5,"time":62.5,"id":"1","duration":0.5,"angle":180,"type":"deco"},{"r":0,"time":63,"id":"0","duration":0.5,"angle":225,"type":"deco"},{"r":0,"time":63,"id":"1","duration":0.5,"angle":180,"type":"deco"},{"r":45,"time":63.5,"id":"0","duration":0.5,"angle":225,"type":"deco"},{"r":45,"time":63.5,"id":"1","duration":0.5,"angle":180,"type":"deco"},{"r":-135,"time":66,"id":"0","duration":1,"angle":225,"type":"deco"},{"r":-135,"time":66,"id":"1","duration":1,"angle":180,"type":"deco"},{"r":-90,"time":67.5,"id":"0","duration":0.5,"angle":225,"type":"deco"},{"r":-90,"time":67.5,"id":"1","duration":0.5,"angle":180,"type":"deco"},{"r":0,"time":68,"id":"0","duration":2,"angle":202.5,"type":"deco"},{"r":0,"time":68,"id":"1","duration":2,"angle":157.5,"type":"deco"},{"r":-45,"time":70,"id":"0","duration":0.5,"angle":225,"type":"deco"},{"r":-45,"time":70,"id":"1","duration":0.5,"angle":180,"type":"deco"},{"r":0,"time":70.5,"id":"0","duration":0.5,"angle":202.5,"type":"deco"},{"r":0,"time":70.5,"id":"1","duration":0.5,"angle":157.5,"type":"deco"},{"r":45,"time":71,"id":"0","duration":0.5,"angle":225,"type":"deco"},{"r":45,"time":71,"id":"1","duration":0.5,"angle":180,"type":"deco"},{"r":90,"time":71.5,"id":"0","duration":0.5,"angle":225,"type":"deco"},{"r":90,"time":71.5,"id":"1","duration":0.5,"angle":180,"type":"deco"},{"newWidth":35,"time":68,"ease":"linear","duration":2,"paddle":1,"angle":225,"type":"paddles"},{"newWidth":35,"time":68,"ease":"linear","duration":2,"paddle":2,"angle":247.5,"type":"paddles"},{"r":67.5,"time":73,"id":"0","duration":0.5,"angle":247.5,"type":"deco"},{"r":67.5,"time":73,"id":"1","duration":0.5,"angle":202.5,"type":"deco"},{"r":112.5,"time":73.5,"id":"0","duration":0.5,"angle":247.5,"type":"deco"},{"r":112.5,"time":73.5,"id":"1","duration":0.5,"angle":202.5,"type":"deco"},{"r":67.5,"time":74,"id":"0","duration":0.5,"angle":225,"type":"deco"},{"r":67.5,"time":74,"id":"1","duration":0.5,"angle":180,"type":"deco"},{"r":157.5,"time":74.5,"id":"0","duration":0.5,"angle":247.5,"type":"deco"},{"r":157.5,"time":74.5,"id":"1","duration":0.5,"angle":202.5,"type":"deco"},{"r":135,"time":75,"id":"0","duration":0.5,"angle":225,"type":"deco"},{"r":135,"time":75,"id":"1","duration":0.5,"angle":180,"type":"deco"},{"r":45,"time":75.5,"id":"0","duration":0.5,"angle":247.5,"type":"deco"},{"r":45,"time":75.5,"id":"1","duration":0.5,"angle":202.5,"type":"deco"},{"newWidth":70,"time":72,"ease":"linear","paddle":2,"duration":1,"angle":337.5,"type":"paddles"},{"newWidth":70,"time":72,"ease":"linear","paddle":1,"duration":1,"angle":315,"type":"paddles"},{"r":90,"time":76,"id":"0","duration":1.5,"angle":247.5,"type":"deco"},{"r":90,"time":76,"id":"1","duration":1.5,"angle":202.5,"type":"deco"},{"r":180,"time":77.5,"id":"0","duration":0.5,"angle":247.5,"type":"deco"},{"r":180,"time":77.5,"id":"1","duration":0.5,"angle":202.5,"type":"deco"},{"r":90,"time":78,"id":"0","duration":1,"angle":247.5,"type":"deco"},{"r":90,"time":78,"id":"1","duration":1,"angle":202.5,"type":"deco"},{"r":160,"time":78,"duration":1,"type":"setColor","g":70,"b":240,"angle":337.5,"color":2},{"time":79,"hide":false,"id":"2","angle":337.5,"type":"deco"},{"time":79,"hide":true,"id":"1","angle":315,"type":"deco"},{"time":79,"hide":true,"id":"0","angle":292.5,"type":"deco"},{"r":200,"g":200,"time":80,"b":200,"color":2,"angle":270,"type":"setColor"},{"newWidth":35,"time":80,"ease":"linear","paddle":2,"duration":0,"angle":337.5,"type":"paddles"},{"newWidth":35,"time":80,"ease":"linear","paddle":1,"duration":0,"angle":22.5,"type":"paddles"},{"newWidth":70,"time":112,"ease":"linear","paddle":2,"duration":0,"angle":337.5,"type":"paddles"},{"newWidth":70,"time":112,"ease":"linear","duration":0,"paddle":1,"angle":315,"type":"paddles"},{"r":160,"time":130,"duration":6,"type":"setColor","g":70,"b":240,"angle":337.5,"color":2},{"time":136,"hide":true,"id":"2","angle":337.5,"type":"deco"},{"r":45,"time":136,"hide":false,"id":"1","angle":315,"type":"deco"},{"r":45,"time":136,"hide":false,"id":"0","angle":292.5,"type":"deco"},{"r":200,"time":136,"duration":1,"type":"setColor","g":200,"b":200,"angle":360,"color":2},{"newWidth":0,"time":154,"ease":"linear","paddle":1,"duration":1,"angle":292.5,"type":"paddles"},{"newWidth":0,"time":154,"ease":"linear","paddle":2,"duration":1,"angle":112.5,"type":"paddles"},{"ease":"linear","time":155.0625,"enabled":false,"duration":0,"paddle":1,"angle":292.5,"type":"paddles"},{"enabled":false,"time":155.0625,"ease":"linear","paddle":2,"duration":0,"angle":112.5,"type":"paddles"},{"time":155,"color":2,"angle":270,"type":"setBgColor"},{"enable":true,"time":155,"color":3,"angle":247.5,"type":"outline"},{"time":159,"color":3,"angle":270,"type":"setBgColor"},{"enable":true,"time":159,"color":2,"angle":247.5,"type":"outline"},{"time":155,"hide":true,"id":"0","angle":225,"type":"deco"},{"time":155,"hide":true,"id":"1","angle":202.5,"type":"deco"},{"time":163,"color":2,"angle":270,"type":"setBgColor"},{"enable":true,"time":163,"color":3,"angle":247.5,"type":"outline"},{"time":167,"color":3,"angle":270,"type":"setBgColor"},{"enable":true,"time":167,"color":2,"angle":247.5,"type":"outline"},{"time":171,"color":2,"angle":270,"type":"setBgColor"},{"enable":true,"time":171,"color":3,"angle":247.5,"type":"outline"},{"time":173,"color":3,"angle":270,"type":"setBgColor"},{"enable":true,"time":173,"color":2,"angle":247.5,"type":"outline"},{"time":174,"color":2,"angle":270,"type":"setBgColor"},{"enable":true,"time":174,"color":3,"angle":247.5,"type":"outline"},{"time":175,"color":3,"angle":270,"type":"setBgColor"},{"enable":true,"time":175,"color":2,"angle":247.5,"type":"outline"},{"time":176,"color":2,"angle":270,"type":"setBgColor"},{"enable":true,"time":176,"color":3,"angle":247.5,"type":"outline"},{"time":177,"color":3,"angle":270,"type":"setBgColor"},{"enable":true,"time":177,"color":2,"angle":247.5,"type":"outline"},{"time":178,"color":2,"angle":270,"type":"setBgColor"},{"enable":true,"time":178,"color":3,"angle":247.5,"type":"outline"},{"time":179,"color":3,"angle":270,"type":"setBgColor"},{"enable":true,"time":179,"color":2,"angle":247.5,"type":"outline"},{"time":180,"color":2,"angle":270,"type":"setBgColor"},{"enable":true,"time":180,"color":3,"angle":247.5,"type":"outline"},{"time":181,"color":3,"angle":270,"type":"setBgColor"},{"enable":true,"time":181,"color":2,"angle":247.5,"type":"outline"},{"time":182,"color":2,"angle":270,"type":"setBgColor"},{"enable":true,"time":182,"color":3,"angle":247.5,"type":"outline"},{"time":183,"color":3,"angle":270,"type":"setBgColor"},{"enable":true,"time":183,"color":2,"angle":247.5,"type":"outline"},{"time":184,"color":2,"angle":270,"type":"setBgColor"},{"enable":true,"time":184,"color":3,"angle":247.5,"type":"outline"},{"time":185,"color":3,"angle":270,"type":"setBgColor"},{"enable":true,"time":185,"color":2,"angle":247.5,"type":"outline"},{"time":186,"color":2,"angle":270,"type":"setBgColor"},{"enable":true,"time":186,"color":3,"angle":247.5,"type":"outline"},{"time":187,"color":3,"angle":270,"type":"setBgColor"},{"enable":true,"time":187,"color":2,"angle":247.5,"type":"outline"},{"enable":false,"time":188,"color":3,"angle":247.5,"type":"outline"},{"newWidth":70,"time":188,"enabled":true,"paddle":1,"type":"paddles","ease":"linear","angle":292.5,"duration":1},{"r":0,"time":188,"name":"Violin Solo","type":"bookmark","g":0,"b":0,"description":"","angle":337.5},{"r":0,"time":155,"name":"Delete","type":"bookmark","g":0,"b":0,"description":"","angle":0},{"r":0,"time":-6,"name":"Start","type":"bookmark","g":0,"b":0,"description":"","angle":337.5},{"r":0,"time":20,"name":"Crankthrine Joins","type":"bookmark","g":0,"b":0,"description":"","angle":180},{"r":0,"time":48,"name":"Round And Round","type":"bookmark","g":0,"b":0,"description":"","angle":360},{"r":0,"time":80,"name":"The Reason Why","type":"bookmark","g":0,"b":0,"description":"","angle":315},{"r":0,"time":113.75,"name":"Patches Of Violet","type":"bookmark","g":0,"b":0,"description":"","angle":247.5},{"r":0,"time":136,"name":"Divergence","type":"bookmark","g":0,"b":0,"description":"","angle":247.5},{"newWidth":35,"time":187.75,"ease":"linear","paddle":1,"duration":0,"angle":292.5,"type":"paddles"},{"time":206,"hide":false,"id":"2","angle":337.5,"type":"deco"},{"time":206,"hide":true,"id":"1","angle":292.5,"type":"deco"},{"time":206,"hide":true,"id":"0","angle":202.5,"type":"deco"},{"r":200,"time":206,"duration":2,"type":"setColor","g":200,"b":200,"angle":247.5,"color":2},{"r":0,"time":206,"name":"Round And Round 2","type":"bookmark","g":0,"b":0,"description":"","angle":22.5},{"r":160,"g":70,"time":205.75,"b":240,"color":2,"angle":247.5,"type":"setColor"},{"time":218,"enabled":true,"paddle":2,"newAngle":180,"type":"paddles","ease":"linear","angle":315,"duration":1.5},{"newWidth":70,"time":217.75,"paddle":2,"newAngle":0,"type":"paddles","ease":"linear","angle":315,"duration":0},{"time":218,"hide":true,"id":"2","angle":472.5,"type":"deco"},{"r":135,"time":218,"duration":1.5,"hide":false,"id":"1","angle":450,"type":"deco"},{"r":135,"time":218,"duration":1.5,"hide":false,"id":"0","angle":427.5,"type":"deco"},{"r":160,"time":217,"duration":1,"type":"setColor","g":70,"b":240,"angle":472.5,"color":2},{"r":200,"time":218,"duration":2,"type":"setColor","g":200,"b":200,"angle":405,"color":2},{"r":90,"time":217.5,"id":"0","angle":427.5,"type":"deco"},{"r":90,"time":217.5,"id":"1","angle":450,"type":"deco"},{"r":-45,"time":224,"duration":0.5,"hide":false,"id":"1","angle":450,"type":"deco"},{"r":-45,"time":224,"duration":0.5,"hide":false,"id":"0","angle":427.5,"type":"deco"},{"r":0,"time":224.5,"duration":0.5,"hide":false,"id":"1","angle":472.5,"type":"deco"},{"r":0,"time":224.5,"duration":0.5,"hide":false,"id":"0","angle":450,"type":"deco"},{"r":22.5,"time":228,"duration":0.5,"hide":false,"id":"1","angle":405,"type":"deco"},{"r":22.5,"time":228,"duration":0.5,"hide":false,"id":"0","angle":382.5,"type":"deco"},{"r":45,"time":228.5,"duration":0.5,"hide":false,"id":"1","angle":450,"type":"deco"},{"r":45,"time":228.5,"duration":0.5,"hide":false,"id":"0","angle":427.5,"type":"deco"},{"r":67.5,"time":229,"duration":0.5,"hide":false,"id":"1","angle":450,"type":"deco"},{"r":67.5,"time":229,"duration":0.5,"hide":false,"id":"0","angle":427.5,"type":"deco"},{"r":90,"time":229.5,"duration":0.5,"hide":false,"id":"1","angle":405,"type":"deco"},{"r":90,"time":229.5,"duration":0.5,"hide":false,"id":"0","angle":382.5,"type":"deco"},{"r":-90,"time":236,"id":"0","duration":1,"angle":247.5,"type":"deco"},{"r":-90,"time":236,"id":"1","duration":1,"angle":202.5,"type":"deco"},{"r":160,"time":236,"duration":1,"type":"setColor","g":70,"b":240,"angle":337.5,"color":2},{"time":237,"hide":false,"id":"2","angle":337.5,"type":"deco"},{"time":237,"hide":true,"id":"1","angle":315,"type":"deco"},{"time":237,"hide":true,"id":"0","angle":292.5,"type":"deco"},{"r":45,"time":235,"id":"0","duration":0.5,"angle":315,"type":"deco"},{"r":45,"time":235,"id":"1","duration":0.5,"angle":292.5,"type":"deco"},{"r":0,"time":235.5,"id":"0","duration":0.5,"angle":292.5,"type":"deco"},{"r":0,"time":235.5,"id":"1","duration":0.5,"angle":247.5,"type":"deco"},{"r":200,"g":200,"time":238,"b":200,"color":2,"angle":270,"type":"setColor"},{"newWidth":35,"time":238,"ease":"linear","paddle":2,"duration":0,"angle":337.5,"type":"paddles"},{"newWidth":35,"time":238,"ease":"linear","paddle":1,"duration":0,"angle":22.5,"type":"paddles"},{"r":0,"time":238,"name":"Able To Be Kind","type":"bookmark","g":0,"b":0,"description":"","angle":315},{"time":80,"var":"vfx.glitchUIElements","value":4,"angle":45,"type":"ease"},{"time":112,"var":"vfx.glitchUIElements","value":0,"angle":45,"type":"ease"},{"time":238,"var":"vfx.glitchUIElements","value":4,"angle":45,"type":"ease"},{"time":155,"var":"vfx.glitchUIElements","value":4,"angle":337.5,"type":"ease"},{"time":188,"var":"vfx.glitchUIElements","value":0,"angle":45,"type":"ease"},{"newWidth":70,"time":270,"ease":"linear","paddle":2,"duration":0,"angle":337.5,"type":"paddles"},{"newWidth":70,"time":270,"ease":"linear","paddle":1,"duration":0,"angle":315,"type":"paddles"},{"time":270,"var":"vfx.glitchUIElements","value":0,"angle":45,"type":"ease"},{"r":0,"time":271.75,"name":"Patches Of Violet 2","type":"bookmark","g":0,"b":0,"description":"","angle":-292.5},{"angle":180,"time":291,"type":"showResults"},{"newWidth":0,"time":282.5,"ease":"linear","paddle":2,"duration":0.5,"angle":112.5,"type":"paddles"},{"enabled":false,"time":283,"ease":"linear","paddle":2,"duration":0,"angle":112.5,"type":"paddles"},{"r":160,"time":282.5,"duration":0.5,"type":"setColor","g":70,"b":240,"angle":135,"color":2},{"r":40,"time":282.5,"duration":0.5,"type":"setColor","g":20,"b":15,"angle":157.5,"color":1},{"time":155,"spriteName":"miss","angle":180,"type":"forcePlayerSprite"}],"properties":{"formatversion":12,"startBeat":0,"speed":120,"offset":8},"metadata":{"songName":"Through Patches Of Violet","artistLink":"","difficulty":8,"artist":"Mili","charter":"Mediocre Pancake","bg":true,"bgData":{"redChannel":{"r":130,"g":125,"b":220},"blueChannel":{"r":60,"g":60,"b":150},"image":"cover.png"},"description":"\"Every Crankthrine was destined to be miserable because of Sidecliff\"\n\n----------------------------------------------\n\nIncludes: Mines, Sides, and Taps\n\n[WARNING] SOME FLASHING LIGHTS"}}