{"events":[{"bpm":185,"angle":67.5,"offset":0.075000002980232,"file":"PicoPicoAdventure.ogg","time":0,"type":"play","volume":1},{"time":30,"ease":"inOutSine","start":1,"var":"scrollSpeed","type":"ease","value":3,"duration":1,"angle":11.25},{"duration":0,"angle":337.5,"ease":"linear","type":"paddles","time":29.5,"paddle":1},{"time":-7.5,"ease":"linear","start":0.40000009536743,"var":"scrollSpeed","type":"ease","value":1,"duration":15,"angle":90},{"value":1.4500000476837,"duration":0.25,"angle":360,"time":31.75,"start":3,"var":"scrollSpeed","type":"ease"},{"value":1.2000000476837,"duration":1.5,"angle":146.25,"time":126,"start":1.4500000476837,"var":"scrollSpeed","type":"ease"},{"value":1.4500000476837,"duration":1,"angle":202.5,"time":150,"start":1.2000000476837,"var":"scrollSpeed","type":"ease"},{"value":1.2000000476837,"duration":2,"angle":78.75,"time":155.5,"start":1.4500000476837,"var":"scrollSpeed","type":"ease"},{"value":1.2999999523163,"duration":2,"angle":78.75,"time":188,"start":1.2000000476837,"var":"scrollSpeed","type":"ease"},{"value":1.2000000476837,"duration":1,"angle":112.5,"time":274,"start":1.3500000238419,"var":"scrollSpeed","type":"ease"},{"value":-360,"duration":1,"angle":180,"ease":"outSine","time":347,"var":"vfx.angleTwist.offset","type":"ease"},{"value":-360,"duration":1,"angle":180,"ease":"outSine","time":351,"var":"vfx.angleTwist.offset","type":"ease"},{"duration":0,"time":347.5,"type":"paddles","ease":"linear","newWidth":30,"angle":22.5,"paddle":1},{"value":360,"duration":1,"angle":180,"ease":"outSine","time":355,"var":"vfx.angleTwist.offset","type":"ease"},{"value":360,"duration":1,"angle":-180,"ease":"outSine","time":357,"var":"vfx.angleTwist.offset","type":"ease"},{"value":360,"duration":1,"angle":-180,"ease":"outSine","time":359,"var":"vfx.angleTwist.offset","type":"ease"},{"value":0,"duration":3,"angle":112.5,"time":377,"start":360,"var":"vfx.angleTwist.offset","type":"ease"},{"duration":0,"time":379,"type":"paddles","ease":"linear","newWidth":55,"angle":112.5,"paddle":1},{"time":379,"ease":"inOutExpo","start":300,"var":"p.x","type":"ease","value":150,"duration":10,"angle":135},{"time":388,"ease":"outSine","start":150,"var":"p.x","type":"ease","value":500,"duration":25,"angle":135},{"angle":180,"description":"car","type":"bookmark","b":0,"r":0,"g":0,"name":"Car","time":379},{"time":407,"ease":"inOutElastic","start":500,"var":"p.x","type":"ease","value":300,"duration":6,"angle":123.75},{"b":0,"time":348,"color":0,"r":0,"g":0,"angle":45,"type":"setColor"},{"duration":0,"time":443,"type":"paddles","ease":"linear","newWidth":70,"angle":135,"paddle":1},{"time":407.5,"ease":"outSine","start":1,"var":"scrollSpeed","type":"ease","value":1.3500000238419,"duration":2,"angle":135},{"value":1.2000000476837,"duration":1,"angle":-112.5,"time":654,"start":1.3500000238419,"var":"scrollSpeed","type":"ease"},{"angle":180,"time":672,"type":"showResults"},{"drawOrder":1,"time":-7.5,"type":"deco","x":0,"y":0,"angle":157.5,"drawLayer":"bg","sprite":"bggradient.png","id":"1p"},{"b":54,"time":-7.5,"color":4,"type":"setColor","g":39,"angle":225,"r":32},{"b":115,"time":-7.5,"color":3,"type":"setColor","g":104,"angle":247.5,"r":68},{"b":130,"time":-7.5,"color":2,"type":"setColor","g":130,"angle":270,"r":75},{"b":242,"time":-7.5,"color":1,"r":76,"g":240,"angle":315,"type":"setColor"},{"time":-7.5,"color":7,"angle":360,"type":"setBgColor"},{"b":94,"time":-7.5,"color":7,"type":"setColor","g":46,"angle":45,"r":38},{"time":348,"color":4,"angle":22.5,"type":"setBgColor"},{"b":255,"time":348,"color":4,"r":255,"g":255,"angle":315,"type":"setColor"},{"b":0,"time":348,"color":1,"r":0,"g":0,"angle":67.5,"type":"setColor"},{"b":3,"time":377,"color":4,"r":255,"g":144,"angle":67.5,"type":"setColor"},{"b":249,"time":378,"color":4,"r":255,"g":249,"angle":112.5,"type":"setColor"},{"b":0,"time":379,"color":4,"r":0,"g":0,"angle":157.5,"type":"setColor"},{"b":54,"time":380,"color":4,"r":32,"g":39,"angle":225,"type":"setColor"},{"b":115,"time":380,"color":3,"r":68,"g":104,"angle":247.5,"type":"setColor"},{"b":130,"time":380,"color":2,"r":75,"g":130,"angle":270,"type":"setColor"},{"b":242,"time":380,"color":1,"r":76,"g":240,"angle":315,"type":"setColor"},{"time":380,"color":7,"angle":360,"type":"setBgColor"},{"b":255,"time":380,"color":0,"r":255,"g":255,"angle":22.5,"type":"setColor"},{"drawOrder":0,"ox":300,"time":-7.5,"type":"deco","x":300,"y":180,"sprite":"starsbg.png","oy":300,"drawLayer":"bg","angle":135,"id":"p2"},{"ox":600,"angle":135,"ease":"linear","type":"deco","duration":316,"r":360,"oy":360,"time":-5,"id":"p2"},{"duration":1.5,"angle":270,"type":"deco","ease":"outSine","time":308,"r":330,"id":"p2"},{"duration":1,"angle":270,"type":"deco","ease":"outSine","time":309.5,"r":300,"id":"p2"},{"duration":1,"angle":270,"type":"deco","ease":"outSine","time":310.5,"r":270,"id":"p2"},{"duration":0.5,"angle":270,"type":"deco","ease":"outSine","time":311.5,"r":240,"id":"p2"},{"duration":0.75,"angle":270,"type":"deco","ease":"outSine","time":312,"r":270,"id":"p2"},{"duration":0.75,"angle":270,"type":"deco","ease":"outSine","time":312.75,"r":300,"id":"p2"},{"duration":0.75,"angle":270,"type":"deco","ease":"outSine","time":313.5,"r":330,"id":"p2"},{"duration":0.75,"angle":270,"type":"deco","ease":"outSine","time":314.25,"r":360,"id":"p2"},{"duration":0.75,"angle":270,"type":"deco","ease":"outSine","time":315,"r":390,"id":"p2"},{"duration":0.5,"angle":270,"type":"deco","ease":"outSine","time":315.5,"r":420,"id":"p2"},{"duration":400,"angle":270,"type":"deco","ease":"linear","time":316,"r":-720,"id":"p2"},{"value":1,"time":-7,"angle":90,"start":1,"var":"vfx.hwaves.period","type":"ease"},{"time":-7,"ease":"inSine","start":5,"var":"vfx.hglitch.strength","type":"ease","value":0,"duration":46,"angle":112.5},{"time":-7,"ease":"inSine","start":2,"var":"vfx.hwaves.strength","type":"ease","value":0,"duration":43,"angle":157.5},{"value":2,"duration":25,"angle":157.5,"ease":"outSine","time":656,"var":"vfx.hwaves.strength","type":"ease"},{"value":5,"duration":25,"angle":135,"ease":"outSine","time":656,"var":"vfx.hglitch.strength","type":"ease"},{"duration":8,"angle":337.5,"type":"deco","ease":"linear","time":348,"r":-1280,"id":"p2"},{"duration":8,"angle":337.5,"type":"deco","ease":"linear","time":356,"r":-720,"id":"p2"},{"duration":16,"angle":360,"type":"deco","ease":"inSine","time":364,"r":0,"id":"p2"},{"duration":150,"angle":337.5,"type":"deco","ease":"linear","time":380,"r":720,"id":"p2"},{"duration":1.5,"angle":337.5,"type":"deco","ease":"outSine","time":500,"r":450,"id":"p2"},{"duration":1.5,"angle":337.5,"type":"deco","ease":"outSine","time":501.5,"r":400,"id":"p2"},{"duration":1.5,"angle":337.5,"type":"deco","ease":"outSine","time":503,"r":350,"id":"p2"},{"duration":3.5,"angle":337.5,"type":"deco","ease":"outSine","time":504.5,"r":150,"id":"p2"},{"duration":8,"angle":337.5,"type":"deco","ease":"linear","time":508,"r":475,"id":"p2"},{"duration":8,"angle":337.5,"type":"deco","ease":"linear","time":516,"r":150,"id":"p2"},{"duration":9,"angle":337.5,"type":"deco","ease":"linear","time":524,"r":475,"id":"p2"},{"duration":8,"angle":337.5,"type":"deco","ease":"outSine","time":532,"r":150,"id":"p2"},{"duration":1.5,"angle":337.5,"type":"deco","ease":"inSine","time":538.5,"r":-90,"id":"p2"},{"duration":32,"angle":337.5,"type":"deco","ease":"linear","time":540,"r":400,"id":"p2"},{"duration":32,"angle":337.5,"type":"deco","ease":"linear","time":572,"r":1100,"id":"p2"},{"duration":80,"angle":337.5,"type":"deco","ease":"linear","time":603,"r":2200,"id":"p2"},{"time":345,"ease":"outSine","start":1.2999999523163,"var":"scrollSpeed","type":"ease","value":0.5,"duration":2,"angle":135},{"time":347,"ease":"outSine","start":0.5,"var":"scrollSpeed","type":"ease","value":1.5,"duration":1,"angle":337.5},{"value":3,"time":38,"angle":180,"var":"vfx.hglitch.strength","type":"ease"},{"value":3,"time":38,"angle":225,"var":"vfx.hwaves.strength","type":"ease"},{"value":0,"time":38.25,"angle":180,"var":"vfx.hglitch.strength","type":"ease"},{"value":0,"time":38.25,"angle":225,"var":"vfx.hwaves.strength","type":"ease"},{"value":3,"time":39,"angle":180,"var":"vfx.hglitch.strength","type":"ease"},{"value":3,"time":39,"angle":225,"var":"vfx.hwaves.strength","type":"ease"},{"value":0,"time":39.25,"angle":180,"var":"vfx.hglitch.strength","type":"ease"},{"value":0,"time":39.25,"angle":225,"var":"vfx.hwaves.strength","type":"ease"},{"value":3,"time":46,"angle":180,"var":"vfx.hglitch.strength","type":"ease"},{"value":3,"time":46,"angle":225,"var":"vfx.hwaves.strength","type":"ease"},{"value":0,"time":46.25,"angle":180,"var":"vfx.hglitch.strength","type":"ease"},{"value":0,"time":46.25,"angle":225,"var":"vfx.hwaves.strength","type":"ease"},{"value":3,"time":47,"angle":180,"var":"vfx.hglitch.strength","type":"ease"},{"value":3,"time":47,"angle":225,"var":"vfx.hwaves.strength","type":"ease"},{"value":0,"time":47.25,"angle":180,"var":"vfx.hglitch.strength","type":"ease"},{"value":0,"time":47.25,"angle":225,"var":"vfx.hwaves.strength","type":"ease"},{"value":3,"time":54,"angle":180,"var":"vfx.hglitch.strength","type":"ease"},{"value":3,"time":54,"angle":225,"var":"vfx.hwaves.strength","type":"ease"},{"value":0,"time":54.25,"angle":180,"var":"vfx.hglitch.strength","type":"ease"},{"value":0,"time":54.25,"angle":225,"var":"vfx.hwaves.strength","type":"ease"},{"value":3,"time":55,"angle":180,"var":"vfx.hglitch.strength","type":"ease"},{"value":3,"time":55,"angle":225,"var":"vfx.hwaves.strength","type":"ease"},{"value":0,"time":55.25,"angle":180,"var":"vfx.hglitch.strength","type":"ease"},{"value":0,"time":55.25,"angle":225,"var":"vfx.hwaves.strength","type":"ease"},{"value":3,"time":62,"angle":157.5,"var":"vfx.hglitch.strength","type":"ease"},{"value":3,"time":62,"angle":202.5,"var":"vfx.hwaves.strength","type":"ease"},{"value":0,"time":62.25,"angle":157.5,"var":"vfx.hglitch.strength","type":"ease"},{"value":0,"time":62.25,"angle":202.5,"var":"vfx.hwaves.strength","type":"ease"},{"value":3,"time":63,"angle":157.5,"var":"vfx.hglitch.strength","type":"ease"},{"value":3,"time":63,"angle":202.5,"var":"vfx.hwaves.strength","type":"ease"},{"value":0,"time":63.25,"angle":157.5,"var":"vfx.hglitch.strength","type":"ease"},{"value":0,"time":63.25,"angle":202.5,"var":"vfx.hwaves.strength","type":"ease"},{"value":3,"time":250,"angle":180,"var":"vfx.hglitch.strength","type":"ease"},{"value":3,"time":250,"angle":225,"var":"vfx.hwaves.strength","type":"ease"},{"value":0,"time":250.25,"angle":180,"var":"vfx.hglitch.strength","type":"ease"},{"value":0,"time":250.25,"angle":225,"var":"vfx.hwaves.strength","type":"ease"},{"value":3,"time":251,"angle":180,"var":"vfx.hglitch.strength","type":"ease"},{"value":3,"time":251,"angle":225,"var":"vfx.hwaves.strength","type":"ease"},{"value":0,"time":251.25,"angle":180,"var":"vfx.hglitch.strength","type":"ease"},{"value":0,"time":251.25,"angle":225,"var":"vfx.hwaves.strength","type":"ease"},{"value":3,"time":258,"angle":180,"var":"vfx.hglitch.strength","type":"ease"},{"value":3,"time":258,"angle":225,"var":"vfx.hwaves.strength","type":"ease"},{"value":0,"time":258.25,"angle":180,"var":"vfx.hglitch.strength","type":"ease"},{"value":0,"time":258.25,"angle":225,"var":"vfx.hwaves.strength","type":"ease"},{"value":3,"time":259,"angle":180,"var":"vfx.hglitch.strength","type":"ease"},{"value":3,"time":259,"angle":225,"var":"vfx.hwaves.strength","type":"ease"},{"value":0,"time":259.25,"angle":180,"var":"vfx.hglitch.strength","type":"ease"},{"value":0,"time":259.25,"angle":225,"var":"vfx.hwaves.strength","type":"ease"},{"value":3,"time":266,"angle":180,"var":"vfx.hglitch.strength","type":"ease"},{"value":3,"time":266,"angle":225,"var":"vfx.hwaves.strength","type":"ease"},{"value":0,"time":266.25,"angle":180,"var":"vfx.hglitch.strength","type":"ease"},{"value":0,"time":266.25,"angle":225,"var":"vfx.hwaves.strength","type":"ease"},{"value":3,"time":267,"angle":180,"var":"vfx.hglitch.strength","type":"ease"},{"value":3,"time":267,"angle":225,"var":"vfx.hwaves.strength","type":"ease"},{"value":0,"time":267.25,"angle":180,"var":"vfx.hglitch.strength","type":"ease"},{"value":0,"time":267.25,"angle":225,"var":"vfx.hwaves.strength","type":"ease"},{"value":3,"time":274,"angle":157.5,"var":"vfx.hglitch.strength","type":"ease"},{"value":3,"time":274,"angle":202.5,"var":"vfx.hwaves.strength","type":"ease"},{"value":0,"time":274.25,"angle":157.5,"var":"vfx.hglitch.strength","type":"ease"},{"value":0,"time":274.25,"angle":202.5,"var":"vfx.hwaves.strength","type":"ease"},{"value":3,"time":275,"angle":157.5,"var":"vfx.hglitch.strength","type":"ease"},{"value":3,"time":275,"angle":202.5,"var":"vfx.hwaves.strength","type":"ease"},{"value":0,"time":275.25,"angle":157.5,"var":"vfx.hglitch.strength","type":"ease"},{"value":0,"time":275.25,"angle":202.5,"var":"vfx.hwaves.strength","type":"ease"},{"value":3,"time":630,"angle":180,"var":"vfx.hglitch.strength","type":"ease"},{"value":3,"time":630,"angle":225,"var":"vfx.hwaves.strength","type":"ease"},{"value":0,"time":630.25,"angle":180,"var":"vfx.hglitch.strength","type":"ease"},{"value":0,"time":630.25,"angle":225,"var":"vfx.hwaves.strength","type":"ease"},{"value":3,"time":631,"angle":180,"var":"vfx.hglitch.strength","type":"ease"},{"value":3,"time":631,"angle":225,"var":"vfx.hwaves.strength","type":"ease"},{"value":0,"time":631.25,"angle":180,"var":"vfx.hglitch.strength","type":"ease"},{"value":0,"time":631.25,"angle":225,"var":"vfx.hwaves.strength","type":"ease"},{"value":3,"time":638,"angle":180,"var":"vfx.hglitch.strength","type":"ease"},{"value":3,"time":638,"angle":225,"var":"vfx.hwaves.strength","type":"ease"},{"value":0,"time":638.25,"angle":180,"var":"vfx.hglitch.strength","type":"ease"},{"value":0,"time":638.25,"angle":225,"var":"vfx.hwaves.strength","type":"ease"},{"value":3,"time":639,"angle":180,"var":"vfx.hglitch.strength","type":"ease"},{"value":3,"time":639,"angle":225,"var":"vfx.hwaves.strength","type":"ease"},{"value":0,"time":639.25,"angle":180,"var":"vfx.hglitch.strength","type":"ease"},{"value":0,"time":639.25,"angle":225,"var":"vfx.hwaves.strength","type":"ease"},{"value":3,"time":646,"angle":180,"var":"vfx.hglitch.strength","type":"ease"},{"value":3,"time":646,"angle":225,"var":"vfx.hwaves.strength","type":"ease"},{"value":0,"time":646.25,"angle":180,"var":"vfx.hglitch.strength","type":"ease"},{"value":0,"time":646.25,"angle":225,"var":"vfx.hwaves.strength","type":"ease"},{"value":3,"time":647,"angle":180,"var":"vfx.hglitch.strength","type":"ease"},{"value":3,"time":647,"angle":225,"var":"vfx.hwaves.strength","type":"ease"},{"value":0,"time":647.25,"angle":180,"var":"vfx.hglitch.strength","type":"ease"},{"value":0,"time":647.25,"angle":225,"var":"vfx.hwaves.strength","type":"ease"},{"value":3,"time":654,"angle":157.5,"var":"vfx.hglitch.strength","type":"ease"},{"value":3,"time":654,"angle":202.5,"var":"vfx.hwaves.strength","type":"ease"},{"value":0,"time":654.25,"angle":157.5,"var":"vfx.hglitch.strength","type":"ease"},{"value":0,"time":654.25,"angle":202.5,"var":"vfx.hwaves.strength","type":"ease"},{"value":3,"time":655,"angle":157.5,"var":"vfx.hglitch.strength","type":"ease"},{"value":3,"time":655,"angle":202.5,"var":"vfx.hwaves.strength","type":"ease"},{"value":0,"time":655.25,"angle":157.5,"var":"vfx.hglitch.strength","type":"ease"},{"value":0,"time":655.25,"angle":202.5,"var":"vfx.hwaves.strength","type":"ease"},{"time":540,"repeats":15,"repeatDelay":4,"var":"vfx.canvPos.sx","type":"ease","value":1,"duration":1,"ease":"outSine","angle":225,"start":1.0499999523163},{"time":540,"repeats":15,"repeatDelay":4,"var":"vfx.canvPos.sy","type":"ease","value":1,"duration":1,"ease":"outSine","angle":247.5,"start":1.0499999523163},{"duration":0,"time":400,"type":"paddles","ease":"linear","newWidth":65,"angle":202.5,"paddle":1},{"duration":0,"time":404,"type":"paddles","ease":"linear","newWidth":55,"angle":225,"paddle":1}],"properties":{"startBeat":-4,"speed":60,"formatversion":13,"offset":8},"metadata":{"songName":"Pico Pico Adventure","artist":"Mr. Asyu","difficulty":10,"description":"In a galaxy far, far away, there were a lot of sides and holds.\n\n","artistLink":"","bgData":{"cyanChannel":{"b":255,"g":255,"r":255},"image":"sbg.png","redChannel":{"b":255,"g":255,"r":255},"blueChannel":{"b":94,"g":46,"r":38},"greenChannel":{"b":54,"g":39,"r":32},"yellowChannel":{"b":255,"g":255,"r":255},"magentaChannel":{"b":255,"g":255,"r":255}},"bg":true,"charter":"JustAnAmpharos"}}