[{"type":"deco","duration":1,"id":"0","time":0,"angle":202.5,"ease":"outCirc","r":90},{"type":"deco","duration":1,"id":"1","time":0,"angle":180,"r":-90,"ease":"outCirc"},{"type":"deco","ease":"outCirc","id":"2","time":0,"angle":157.5,"r":90,"duration":1},{"type":"deco","ease":"outCirc","id":"3","time":0,"r":-90,"duration":1,"angle":135},{"type":"deco","duration":1,"id":"4","time":0,"r":90,"ease":"outCirc","angle":112.5},{"type":"tag","time":0.5,"angle":168.75,"tag":"resetRingRotation","angleOffset":false}]