{"properties":{"speed":70,"offset":8,"startBeat":0,"formatversion":12},"events":[{"time":0,"file":"retribution.ogg","bpm":198,"angle":360,"volume":1,"type":"play"},{"time":-2,"type":"setBgColor","color":2,"angle":157.5},{"spriteName":"none","time":-2,"type":"forcePlayerSprite","angle":180},{"time":-2,"outline":true,"id":"3","type":"deco","drawLayer":"fg","order":-999,"drawOrder":1,"x":249,"y":133,"sprite":"Justice.png","recolor":3,"angle":202.5},{"r":255,"g":255,"type":"setColor","b":0,"time":-2,"color":3,"angle":225},{"time":-2,"drawOrder":1,"drawLayer":"fg","id":"1","type":"deco","x":0,"y":180,"sprite":"Thing.png","recolor":1,"angle":135},{"r":0,"g":0,"type":"setColor","b":0,"time":-2,"color":2,"angle":247.5},{"time":-2,"b":255,"type":"setColor","color":1,"angle":112.5},{"duration":3.0000002384186,"ease":"outSine","time":16.666666030884,"paddle":1,"newWidth":25,"type":"paddles","angle":0},{"duration":0.5,"ease":"linear","time":74.166664123535,"paddle":1,"newWidth":55,"type":"paddles","angle":0},{"duration":0,"ease":"linear","time":80,"paddle":1,"newWidth":60,"type":"paddles","angle":0},{"type":"showResults","time":399,"angle":202.5},{"duration":1.4999997615814,"ease":"linear","time":397.5,"paddle":1,"newWidth":340,"type":"paddles","angle":225},{"duration":3.0000002384186,"ease":"linear","time":239.83332824707,"paddle":1,"newWidth":250,"type":"paddles","angle":0},{"duration":3.0000002384186,"ease":"linear","time":265.5,"paddle":1,"newWidth":25,"type":"paddles","angle":202.5},{"duration":4.9999995231628,"ease":"linear","time":304,"paddle":1,"newWidth":80,"type":"paddles","angle":360},{"duration":1,"ease":"linear","time":335.33334350586,"paddle":1,"newWidth":25,"type":"paddles","angle":360},{"duration":4.9999995231628,"ease":"linear","time":366,"paddle":1,"newWidth":65,"type":"paddles","angle":236.25}],"metadata":{"bgData":{"redChannel":{"r":0,"g":0,"b":0},"blueChannel":{"r":95,"g":97,"b":251},"image":"pixil-frame-0 (1).png"},"description":"What do you think you're doing?\n\nsearching reason to hates me\n\nstrange...\n\nYou didn't need a reason when \nkiling the others\n\nheh....\n","difficulty":0,"songName":"Retribution","artistLink":"","artist":"Mastersword","bg":true,"charter":"Hollow"}}