[{"type":"block","time":5,"angle":292.5},{"type":"block","time":5.5,"angle":247.5},{"type":"block","time":7,"angle":22.5},{"type":"block","time":7.5,"angle":210},{"type":"block","time":8,"angle":22.5},{"type":"block","time":8.5,"angle":45},{"type":"block","time":9,"angle":15},{"type":"block","time":9.5,"angle":165},{"type":"block","time":10,"angle":15},{"type":"block","time":10.5,"angle":315},{"type":"block","time":11,"angle":0},{"type":"block","time":11.5,"angle":225},{"type":"block","time":12.5,"angle":240},{"type":"block","time":13,"angle":300},{"type":"block","time":12,"angle":360},{"type":"block","time":13.5,"angle":210},{"type":"block","time":14,"angle":345},{"type":"block","time":14.5,"angle":300},{"type":"block","time":15,"angle":60},{"type":"block","time":15.5,"angle":345},{"duration":1.9375,"time":16,"angle":270,"type":"hold","angle2":270},{"type":"side","time":18,"angle":90},{"type":"side","time":18,"angle":105},{"type":"side","time":18,"angle":120},{"type":"side","time":18,"angle":75},{"type":"side","time":18,"angle":60},{"angle":60,"time":20,"tap":true,"type":"block"},{"type":"block","time":20.5,"angle":135},{"type":"block","time":21,"angle":60},{"type":"block","time":21.5,"angle":0},{"type":"block","time":22,"angle":300},{"type":"block","time":23,"angle":105},{"type":"block","time":23.5,"angle":330},{"type":"block","time":24,"angle":15},{"type":"block","time":24.5,"angle":300},{"type":"block","time":25,"angle":150},{"type":"block","time":25.5,"angle":345},{"type":"block","time":26,"angle":300},{"type":"block","time":26.5,"angle":360},{"type":"block","time":27,"angle":150},{"type":"block","time":27.5,"angle":300},{"type":"block","time":28,"angle":150},{"type":"block","time":28.5,"angle":240},{"type":"block","time":29,"angle":105},{"type":"block","time":29.5,"angle":60},{"type":"block","time":30,"angle":255},{"type":"block","time":30.5,"angle":210},{"type":"block","time":31,"angle":360},{"type":"block","time":31.5,"angle":285},{"duration":2.125,"time":32,"angle":0,"type":"hold","angle2":0},{"type":"block","time":36,"angle":300},{"type":"block","time":36.5,"angle":255},{"type":"block","time":35.625,"angle":345},{"type":"block","time":37,"angle":180},{"type":"block","time":37.5,"angle":240},{"type":"block","time":38,"angle":101.25},{"type":"block","time":38.5,"angle":11.25},{"type":"block","time":39,"angle":112.5},{"type":"block","time":39.5,"angle":75},{"type":"block","time":40,"angle":315},{"type":"block","time":40.5,"angle":45},{"type":"block","time":41,"angle":285},{"type":"block","time":41.5,"angle":345},{"type":"block","time":42,"angle":270},{"type":"block","time":42,"angle":270},{"type":"block","time":42.0625,"angle":258.75},{"type":"block","time":42.1875,"angle":236.25},{"type":"block","time":42.25,"angle":225},{"type":"block","time":42,"angle":236.25},{"type":"block","time":42.375,"angle":202.5},{"type":"block","time":42.4375,"angle":191.25},{"type":"block","time":42.5,"angle":191.25},{"type":"block","time":42.5625,"angle":180},{"type":"block","time":42.6875,"angle":157.5},{"type":"block","time":42.625,"angle":168.75},{"type":"block","time":42.75,"angle":135},{"type":"block","time":42.8125,"angle":123.75},{"type":"block","time":42.875,"angle":146.25},{"type":"block","time":42.9375,"angle":135},{"type":"block","time":43,"angle":112.5},{"type":"block","time":42.03125,"angle":236.25},{"type":"block","time":42.15625,"angle":247.5},{"type":"block","time":42.09375,"angle":225},{"type":"block","time":42.21875,"angle":202.5},{"type":"block","time":42.28125,"angle":191.25},{"type":"block","time":42.34375,"angle":213.75},{"type":"block","time":42.40625,"angle":168.75},{"type":"block","time":42.46875,"angle":157.5},{"type":"block","time":42.53125,"angle":180},{"type":"block","time":42.59375,"angle":146.25},{"type":"block","time":42.71875,"angle":123.75},{"type":"block","time":42.65625,"angle":135},{"type":"block","time":42.78125,"angle":101.25},{"type":"block","time":42.84375,"angle":90},{"type":"block","time":42.90625,"angle":112.5},{"type":"block","time":42.96875,"angle":101.25},{"type":"block","time":43.03125,"angle":78.75},{"type":"block","time":43,"angle":-630},{"type":"block","time":43,"angle":90},{"type":"block","time":43.0625,"angle":-618.75},{"type":"block","time":43.1875,"angle":-596.25},{"type":"block","time":43.25,"angle":-585},{"type":"block","time":43,"angle":135},{"type":"block","time":43.375,"angle":-562.5},{"type":"block","time":43.4375,"angle":-551.25},{"type":"block","time":43.5,"angle":168.75},{"type":"block","time":43.5625,"angle":-540},{"type":"block","time":43.6875,"angle":-517.5},{"type":"block","time":43.625,"angle":-528.75},{"type":"block","time":43.75,"angle":-495},{"type":"block","time":43.8125,"angle":-483.75},{"type":"block","time":43.875,"angle":-506.25},{"type":"block","time":43.9375,"angle":-495},{"type":"block","time":44,"angle":-472.5},{"type":"block","time":43.03125,"angle":-596.25},{"type":"block","time":43.15625,"angle":-607.5},{"type":"block","time":43.09375,"angle":-585},{"type":"block","time":43.21875,"angle":-562.5},{"type":"block","time":43.28125,"angle":-551.25},{"type":"block","time":43.34375,"angle":-573.75},{"type":"block","time":43.40625,"angle":-528.75},{"type":"block","time":43.46875,"angle":-517.5},{"type":"block","time":43.53125,"angle":-540},{"type":"block","time":43.59375,"angle":-506.25},{"type":"block","time":43.71875,"angle":-483.75},{"type":"block","time":43.65625,"angle":-495},{"type":"block","time":43.78125,"angle":-461.25},{"type":"block","time":43.84375,"angle":-450},{"type":"block","time":43.90625,"angle":-472.5},{"type":"block","time":43.96875,"angle":-461.25},{"duration":0.03125,"time":42.0625,"angle":258.75,"type":"hold","segments":2,"holdEase":"inElastic","angle2":978.75},{"duration":0.03125,"time":42.15625,"angle":225,"type":"hold","segments":2,"holdEase":"inElastic","angle2":945},{"duration":0.03125,"time":42.34375,"angle":191.25,"type":"hold","segments":2,"holdEase":"inElastic","angle2":911.25},{"duration":0.03125,"time":42.59375,"angle":157.5,"type":"hold","segments":2,"holdEase":"inElastic","angle2":877.5},{"duration":0.03125,"time":42.84375,"angle":123.75,"type":"hold","segments":2,"holdEase":"inElastic","angle2":843.75},{"duration":0.03125,"time":43.15625,"angle":506.25,"type":"hold","segments":2,"holdEase":"inElastic","angle2":1226.25},{"duration":0.03125,"time":43.46875,"angle":191.25,"type":"hold","segments":2,"holdEase":"inElastic","angle2":911.25},{"duration":0.03125,"time":43.78125,"angle":225,"type":"hold","segments":2,"holdEase":"inElastic","angle2":945},{"duration":0.03125,"time":43.96875,"angle":258.75,"type":"hold","segments":2,"holdEase":"inElastic","angle2":978.75},{"speedMult":0.5,"time":44,"angle":258.75,"type":"block"},{"type":"block","time":44.75,"angle":330},{"type":"block","time":45.25,"angle":157.5},{"type":"block","time":45.75,"angle":285},{"type":"block","time":46.25,"angle":112.5},{"type":"block","time":46.75,"angle":255},{"type":"block","time":47.25,"angle":56.25},{"type":"block","time":47.75,"angle":225},{"type":"block","time":48.25,"angle":22.5},{"type":"block","time":48.75,"angle":146.25},{"type":"block","time":49.25,"angle":45},{"type":"side","time":49.75,"angle":112.5},{"type":"side","time":49.75,"angle":135},{"duration":1,"time":50.25,"angle":56.25,"type":"hold","angle2":225},{"angle":292.5,"time":52.25,"tap":true,"type":"block"},{"type":"block","time":52.75,"angle":202.5},{"type":"block","time":53.25,"angle":236.25},{"type":"block","time":53.75,"angle":146.25},{"type":"block","time":54.25,"angle":202.5},{"type":"block","time":55.25,"angle":348.75},{"duration":1.5,"time":55.75,"angle":56.25,"type":"hold","angle2":-67.5},{"duration":2,"time":57.25,"angle":292.5,"type":"hold","angle2":450},{"type":"block","time":56.25,"angle":292.5},{"type":"block","time":56.75,"angle":56.25},{"type":"mine","time":56.25,"angle":11.25},{"type":"mine","time":56.25,"angle":22.5},{"type":"mine","time":56.75,"angle":326.25},{"type":"mine","time":56.75,"angle":337.5},{"type":"block","time":57.75,"angle":67.5},{"type":"block","time":58.25,"angle":281.25},{"type":"mine","time":57.75,"angle":326.25},{"type":"mine","time":57.75,"angle":337.5},{"type":"mine","time":58.25,"angle":11.25},{"type":"mine","time":58.25,"angle":360},{"type":"mine","time":58.75,"angle":45},{"type":"mine","time":58.75,"angle":56.25},{"type":"block","time":58.75,"angle":135},{"type":"block","time":59.25,"angle":90},{"duration":0.5,"speedMult":1.4599995613098,"time":65.5,"angle":292.5,"type":"hold","angle2":270},{"time":66.5,"angle":270,"duration":0.25,"speedMult":20,"type":"hold","segments":13,"holdEase":"inElastic","angle2":1710},{"duration":0.5,"speedMult":1.7999999523163,"time":67,"angle":270,"type":"hold","angle2":247.5},{"type":"block","time":66.5,"angle":270},{"duration":1,"time":68.25,"angle":247.5,"type":"hold","angle2":292.5},{"duration":1,"time":69.25,"angle":292.5,"type":"hold","angle2":270},{"duration":9,"time":70.25,"angle":270,"type":"hold","angle2":270},{"duration":1,"time":6,"angle":180,"type":"hold","holdEase":"inExpo","angle2":22.5},{"duration":1,"time":6,"angle":180,"type":"hold","holdEase":"outExpo","angle2":22.5},{"type":"block","time":4.5,"angle":348.75},{"duration":0,"time":6.5,"angle":247.5,"type":"mineHold","angle2":315},{"duration":1.5,"time":7.5,"angle":210,"type":"hold","angle2":375},{"duration":1.5,"time":9.5,"angle":165,"type":"hold","angle2":0},{"duration":1,"time":11.5,"angle":225,"type":"hold","angle2":240},{"duration":1,"time":13,"angle":300,"type":"hold","angle2":345},{"duration":1,"time":14.5,"angle":300,"type":"hold","angle2":345},{"type":"side","time":34.25,"angle":180},{"type":"side","time":34.25,"angle":195},{"type":"side","time":34.25,"angle":210},{"type":"side","time":34.25,"angle":165},{"type":"side","time":34.25,"angle":150},{"duration":0.125,"time":42,"angle":360,"type":"mineHold","angle2":390},{"duration":0.125,"time":42.125,"angle":30,"type":"mineHold","angle2":-15},{"duration":0.125,"time":42.25,"angle":345,"type":"mineHold","angle2":405},{"duration":0.125,"time":42.375,"angle":45,"type":"mineHold","angle2":-15},{"duration":0.125,"time":42.5,"angle":345,"type":"mineHold","angle2":405},{"duration":0.125,"time":42.625,"angle":45,"type":"mineHold","angle2":-45},{"duration":0.125,"time":42.75,"angle":315,"type":"mineHold","angle2":390},{"duration":0.125,"time":42.875,"angle":30,"type":"mineHold","angle2":-60},{"duration":0.125,"time":43,"angle":300,"type":"mineHold","angle2":375},{"duration":0.125,"time":43.125,"angle":15,"type":"mineHold","angle2":-45},{"duration":0.125,"time":43.25,"angle":315,"type":"mineHold","angle2":390},{"duration":0.125,"time":43.375,"angle":30,"type":"mineHold","angle2":-30},{"duration":0.10000000149012,"time":43.5,"angle":330,"type":"mineHold","angle2":405},{"duration":0.125,"time":43.625,"angle":45,"type":"mineHold","angle2":-15},{"duration":0.125,"time":43.75,"angle":345,"type":"mineHold","angle2":420},{"duration":0.125,"time":43.875,"angle":60,"type":"mineHold","angle2":0},{"type":"block","time":59.75,"angle":165},{"type":"block","time":60.25,"angle":270},{"type":"block","time":60.75,"angle":135},{"type":"block","time":61.25,"angle":315},{"type":"block","time":61.75,"angle":180},{"type":"block","time":62.25,"angle":22.5},{"type":"block","time":62.75,"angle":225},{"type":"block","time":63.25,"angle":90},{"type":"block","time":63.75,"angle":360},{"type":"block","time":64.25,"angle":67.5},{"duration":1.25,"time":64.25,"angle":60,"type":"hold","holdEase":"outBack","angle2":-75},{"duration":1,"time":22,"angle":300,"type":"hold","holdEase":"inExpo","angle2":465},{"duration":1,"time":22,"angle":300,"type":"hold","holdEase":"outExpo","angle2":465},{"duration":1.5,"time":23.5,"angle":330,"type":"hold","angle2":150},{"duration":1.5,"time":25.5,"angle":345,"type":"hold","angle2":510},{"duration":1,"time":27.5,"angle":300,"type":"hold","angle2":240},{"duration":1,"time":29,"angle":105,"type":"hold","angle2":255},{"duration":1,"time":30.5,"angle":210,"type":"hold","angle2":285},{"duration":0,"time":22.5,"angle":225,"type":"mineHold","angle2":165},{"type":"block","time":32,"angle":0},{"duration":1,"time":36,"angle":45,"type":"mineHold","holdEase":"inSine","angle2":-15},{"duration":1,"time":37,"angle":345,"type":"mineHold","holdEase":"inSine","angle2":300},{"duration":1,"time":38,"angle":300,"type":"mineHold","holdEase":"inSine","angle2":255},{"duration":1,"time":39,"angle":255,"type":"mineHold","holdEase":"inSine","angle2":180},{"duration":1,"time":40,"angle":180,"type":"mineHold","holdEase":"inSine","angle2":105},{"duration":1,"time":41,"angle":105,"type":"mineHold","holdEase":"inQuad","angle2":0},{"duration":1,"time":54.25,"angle":202.5,"type":"hold","holdEase":"inExpo","angle2":348.75},{"duration":1,"time":54.25,"angle":202.5,"type":"hold","holdEase":"outExpo","angle2":348.75},{"duration":4,"time":59.75,"angle":168.75,"type":"hold","angle2":360},{"type":"mine","time":8,"angle":258.75},{"type":"mine","time":8,"angle":270},{"type":"mine","time":8.5,"angle":326.25},{"type":"mine","time":8.5,"angle":315},{"type":"mine","time":10,"angle":101.25},{"type":"mine","time":10,"angle":112.5},{"type":"mine","time":10.5,"angle":45},{"type":"mine","time":10.5,"angle":56.25},{"type":"mine","time":12,"angle":236.25},{"type":"mine","time":12,"angle":225},{"type":"mine","time":13.5,"angle":315},{"type":"mine","time":13.5,"angle":326.25},{"type":"mine","time":15,"angle":315},{"type":"mine","time":15,"angle":326.25},{"type":"mine","time":24,"angle":281.25},{"type":"mine","time":24,"angle":270},{"type":"mine","time":24.5,"angle":213.75},{"type":"mine","time":24.5,"angle":202.5},{"type":"mine","time":26,"angle":33.75},{"type":"mine","time":26,"angle":56.25},{"type":"mine","time":26.5,"angle":101.25},{"type":"mine","time":26.5,"angle":78.75},{"type":"mine","time":28,"angle":270},{"type":"mine","time":28,"angle":258.75},{"type":"mine","time":29.5,"angle":191.25},{"type":"mine","time":29.5,"angle":168.75},{"type":"mine","time":31,"angle":247.5},{"type":"mine","time":31,"angle":258.75},{"type":"mine","time":34.5,"angle":0},{"type":"mine","time":34.5,"angle":348.75},{"type":"mine","time":34.5,"angle":11.25},{"type":"mine","time":34.5,"angle":337.5},{"type":"mine","time":34.5,"angle":22.5},{"type":"mine","time":44.75,"angle":247.5},{"type":"mine","time":44.75,"angle":236.25},{"type":"mine","time":45.25,"angle":236.25},{"type":"mine","time":45.25,"angle":225},{"type":"mine","time":45.75,"angle":236.25},{"type":"mine","time":45.75,"angle":213.75},{"type":"mine","time":46.25,"angle":213.75},{"type":"mine","time":46.25,"angle":202.5},{"type":"mine","time":46.75,"angle":191.25},{"type":"mine","time":46.75,"angle":180},{"type":"mine","time":47.25,"angle":168.75},{"type":"mine","time":47.25,"angle":157.5},{"type":"mine","time":47.75,"angle":146.25},{"type":"mine","time":47.75,"angle":123.75},{"type":"mine","time":48.25,"angle":101.25},{"type":"mine","time":48.25,"angle":112.5},{"type":"mine","time":48.75,"angle":78.75},{"type":"mine","time":48.75,"angle":67.5},{"type":"mine","time":60.25,"angle":191.25},{"type":"mine","time":60.25,"angle":202.5},{"type":"mine","time":60.75,"angle":213.75},{"type":"mine","time":60.75,"angle":213.75},{"type":"mine","time":60.75,"angle":225},{"type":"mine","time":61.25,"angle":236.25},{"type":"mine","time":61.25,"angle":247.5},{"type":"mine","time":61.75,"angle":258.75},{"type":"mine","time":61.75,"angle":270},{"type":"mine","time":62.25,"angle":281.25},{"type":"mine","time":62.25,"angle":292.5},{"type":"mine","time":62.75,"angle":303.75},{"type":"mine","time":62.75,"angle":315},{"type":"mine","time":63.25,"angle":326.25},{"type":"mine","time":63.25,"angle":337.5},{"type":"mine","time":4,"angle":180},{"type":"mine","time":4.5,"angle":168.75},{"type":"mine","time":5,"angle":112.5},{"type":"mine","time":5.5,"angle":67.5},{"type":"mine","time":18.5,"angle":270},{"type":"mine","time":18.5,"angle":292.5},{"type":"mine","time":18.5,"angle":281.25},{"type":"mine","time":18.5,"angle":258.75},{"type":"mine","time":18.5,"angle":247.5},{"type":"mine","time":20.5,"angle":315},{"type":"mine","time":20,"angle":240},{"type":"mine","time":21,"angle":240},{"type":"mine","time":21.5,"angle":180},{"type":"mine","time":52.25,"angle":112.5},{"type":"mine","time":52.75,"angle":22.5},{"type":"mine","time":53.25,"angle":56.25},{"type":"mine","time":53.75,"angle":326.25},{"duration":1,"time":64.5,"angle":213.75,"type":"mineHold","angle2":90},{"duration":14,"time":65.5,"angle":90,"type":"mineHold","angle2":90},{"duration":0,"time":79.5,"angle":90,"type":"mineHold","angle2":-270},{"type":"extraTap","time":70.25,"angle":303.75},{"angle":360,"time":4,"tap":true,"type":"block"},{"type":"extraTap","time":7,"angle":0},{"type":"extraTap","time":9,"angle":33.75},{"type":"extraTap","time":11,"angle":22.5},{"type":"extraTap","time":16,"angle":326.25},{"type":"extraTap","time":18,"angle":33.75},{"type":"extraTap","time":23,"angle":135},{"type":"extraTap","time":25,"angle":123.75},{"type":"extraTap","time":27,"angle":90},{"type":"extraTap","time":32,"angle":33.75},{"type":"extraTap","time":34.25,"angle":225},{"type":"extraTap","time":42,"angle":303.75},{"type":"extraTap","time":44,"angle":337.5},{"type":"extraTap","time":36,"angle":326.25},{"type":"extraTap","time":38,"angle":123.75},{"type":"extraTap","time":40,"angle":337.5},{"type":"extraTap","time":50.25,"angle":11.25},{"type":"extraTap","time":55.25,"angle":22.5},{"type":"extraTap","time":57.25,"angle":270},{"type":"extraTap","time":59.25,"angle":45},{"type":"extraTap","time":63.75,"angle":22.5},{"type":"extraTap","time":64.25,"angle":67.5},{"duration":0,"time":54.5,"angle":123.75,"type":"mineHold","angle2":56.25},{"duration":0,"time":8,"angle":270,"type":"mineHold","angle2":247.5},{"duration":0,"time":8.5,"angle":303.75,"type":"mineHold","angle2":326.25},{"duration":0,"time":9,"angle":202.5,"type":"mineHold","angle2":225},{"duration":0,"time":9.5,"angle":337.5,"type":"mineHold","angle2":360},{"duration":0,"time":10,"angle":123.75,"type":"mineHold","angle2":101.25},{"duration":0,"time":10.5,"angle":67.5,"type":"mineHold","angle2":45},{"duration":0,"time":11,"angle":180,"type":"mineHold","angle2":157.5},{"duration":0,"time":11.5,"angle":45,"type":"mineHold","angle2":67.5},{"duration":0,"time":12,"angle":225,"type":"mineHold","angle2":247.5},{"duration":0,"time":12.5,"angle":67.5,"type":"mineHold","angle2":45},{"duration":0,"time":13,"angle":135,"type":"mineHold","angle2":112.5},{"duration":0,"time":13.5,"angle":337.5,"type":"mineHold","angle2":315},{"duration":0,"time":14,"angle":180,"type":"mineHold","angle2":157.5},{"duration":0,"time":14.5,"angle":112.5,"type":"mineHold","angle2":135},{"duration":0,"time":15,"angle":337.5,"type":"mineHold","angle2":315},{"duration":0,"time":15.5,"angle":180,"type":"mineHold","angle2":157.5},{"duration":1.5,"time":16,"angle":90,"type":"mineHold","angle2":90},{"duration":0,"time":24,"angle":258.75,"type":"mineHold","angle2":281.25},{"duration":0,"time":24.5,"angle":202.5,"type":"mineHold","angle2":225},{"duration":0,"time":25,"angle":337.5,"type":"mineHold","angle2":360},{"duration":0,"time":25.5,"angle":157.5,"type":"mineHold","angle2":180},{"duration":0,"time":26,"angle":22.5,"type":"mineHold","angle2":56.25},{"duration":0,"time":26.5,"angle":101.25,"type":"mineHold","angle2":78.75},{"duration":0,"time":27,"angle":337.5,"type":"mineHold","angle2":360},{"duration":0,"time":27.5,"angle":90,"type":"mineHold","angle2":112.5},{"duration":0,"time":28,"angle":258.75,"type":"mineHold","angle2":281.25},{"duration":0,"time":28.5,"angle":67.5,"type":"mineHold","angle2":45},{"duration":0,"time":29,"angle":292.5,"type":"mineHold","angle2":315},{"duration":0,"time":29.5,"angle":168.75,"type":"mineHold","angle2":191.25},{"duration":0,"time":30,"angle":67.5,"type":"mineHold","angle2":90},{"duration":0,"time":30.5,"angle":45,"type":"mineHold","angle2":22.5},{"duration":0,"time":31,"angle":258.75,"type":"mineHold","angle2":236.25},{"duration":0,"time":31.5,"angle":112.5,"type":"mineHold","angle2":90},{"duration":1.5,"time":32,"angle":180,"type":"mineHold","angle2":180},{"duration":0,"time":44.75,"angle":236.25,"type":"mineHold","angle2":258.75},{"duration":0,"time":45.25,"angle":247.5,"type":"mineHold","angle2":225},{"duration":0,"time":45.75,"angle":213.75,"type":"mineHold","angle2":236.25},{"duration":0,"time":46.25,"angle":225,"type":"mineHold","angle2":191.25},{"duration":0,"time":46.75,"angle":202.5,"type":"mineHold","angle2":168.75},{"duration":0,"time":47.25,"angle":180,"type":"mineHold","angle2":146.25},{"duration":0,"time":47.75,"angle":123.75,"type":"mineHold","angle2":146.25},{"duration":0,"time":48.25,"angle":90,"type":"mineHold","angle2":123.75},{"duration":0,"time":48.75,"angle":90,"type":"mineHold","angle2":67.5},{"duration":0,"time":49.25,"angle":225,"type":"mineHold","angle2":247.5},{"duration":0,"time":49.75,"angle":292.5,"type":"mineHold","angle2":315},{"duration":0,"time":50.25,"angle":225,"type":"mineHold","angle2":247.5},{"duration":0,"time":51.25,"angle":45,"type":"mineHold","angle2":67.5},{"duration":0,"time":56.25,"angle":0,"type":"mineHold","angle2":33.75},{"duration":0,"time":56.75,"angle":315,"type":"mineHold","angle2":348.75},{"duration":0,"time":57.25,"angle":135,"type":"mineHold","angle2":112.5},{"duration":0,"time":57.75,"angle":315,"type":"mineHold","angle2":348.75},{"duration":0,"time":58.25,"angle":22.5,"type":"mineHold","angle2":0},{"duration":0,"time":58.75,"angle":56.25,"type":"mineHold","angle2":33.75},{"duration":0,"time":59.25,"angle":270,"type":"mineHold","angle2":247.5},{"duration":0,"time":59.75,"angle":360,"type":"mineHold","angle2":337.5},{"duration":0,"time":60.25,"angle":180,"type":"mineHold","angle2":202.5},{"duration":0,"time":60.75,"angle":202.5,"type":"mineHold","angle2":225},{"duration":0,"time":61.25,"angle":225,"type":"mineHold","angle2":247.5},{"duration":0,"time":61.75,"angle":258.75,"type":"mineHold","angle2":281.25},{"duration":0,"time":62.25,"angle":281.25,"type":"mineHold","angle2":303.75},{"duration":0,"time":62.75,"angle":303.75,"type":"mineHold","angle2":326.25},{"duration":0,"time":63.25,"angle":326.25,"type":"mineHold","angle2":348.75},{"duration":0,"time":63.75,"angle":180,"type":"mineHold","angle2":202.5},{"duration":14,"speedMult":10,"time":65.5,"angle":33.75,"type":"mineHold","holdEase":"outElastic","angle2":90},{"duration":14,"speedMult":10,"time":65.5,"angle":146.25,"type":"mineHold","holdEase":"outElastic","angle2":90},{"duration":5,"time":44.25,"angle":247.5,"type":"hold","holdEase":"inSine","angle2":45},{"type":"block","time":57.25,"angle":292.5},{"duration":14,"speedMult":10,"time":65.5,"angle":45,"type":"mineHold","holdEase":"outBack","angle2":90},{"duration":14,"speedMult":10,"time":65.5,"angle":135,"type":"mineHold","holdEase":"outBack","angle2":90},{"duration":14,"speedMult":10,"time":65.5,"angle":123.75,"type":"mineHold","holdEase":"inBack","angle2":90},{"duration":14,"speedMult":10,"time":65.5,"angle":56.25,"type":"mineHold","holdEase":"inBack","angle2":90},{"duration":14,"speedMult":10,"time":65.5,"angle":67.5,"type":"mineHold","angle2":90},{"duration":14,"speedMult":10,"time":65.5,"angle":112.5,"type":"mineHold","angle2":90},{"duration":14,"speedMult":10,"time":65.5,"angle":101.25,"type":"mineHold","holdEase":"inElastic","angle2":90},{"duration":14,"speedMult":10,"time":65.5,"angle":78.75,"type":"mineHold","holdEase":"inElastic","angle2":90},{"type":"mine","time":8,"angle":247.5},{"type":"mine","time":8.5,"angle":303.75},{"type":"mine","time":8.5,"angle":315},{"type":"mine","time":8.5,"angle":326.25},{"type":"mine","time":9,"angle":225},{"type":"mine","time":9,"angle":213.75},{"type":"mine","time":9,"angle":202.5},{"type":"mine","time":9.5,"angle":337.5},{"type":"mine","time":9.5,"angle":348.75},{"type":"mine","time":9.5,"angle":360},{"type":"mine","time":10,"angle":112.5},{"type":"mine","time":10,"angle":123.75},{"type":"mine","time":10,"angle":101.25},{"type":"mine","time":10.5,"angle":67.5},{"type":"mine","time":10.5,"angle":56.25},{"type":"mine","time":10.5,"angle":45},{"type":"mine","time":11,"angle":168.75},{"type":"mine","time":11,"angle":180},{"type":"mine","time":11,"angle":157.5},{"type":"mine","time":11.5,"angle":67.5},{"type":"mine","time":11.5,"angle":56.25},{"type":"mine","time":11.5,"angle":45},{"type":"mine","time":12,"angle":247.5},{"type":"mine","time":12,"angle":236.25},{"type":"mine","time":12,"angle":225},{"type":"mine","time":12.5,"angle":45},{"type":"mine","time":12.5,"angle":56.25},{"type":"mine","time":12.5,"angle":67.5},{"type":"mine","time":13,"angle":112.5},{"type":"mine","time":13,"angle":123.75},{"type":"mine","time":13,"angle":135},{"type":"mine","time":13.5,"angle":315},{"type":"mine","time":13.5,"angle":326.25},{"type":"mine","time":13.5,"angle":337.5},{"type":"mine","time":14,"angle":180},{"type":"mine","time":14,"angle":168.75},{"type":"mine","time":14,"angle":157.5},{"type":"mine","time":14,"angle":157.5},{"type":"mine","time":14.5,"angle":135},{"type":"mine","time":14.5,"angle":123.75},{"type":"mine","time":14.5,"angle":112.5},{"type":"mine","time":15,"angle":326.25},{"type":"mine","time":15,"angle":326.25},{"type":"mine","time":15,"angle":337.5},{"type":"mine","time":15,"angle":315},{"type":"mine","time":15.5,"angle":180},{"type":"mine","time":15.5,"angle":168.75},{"type":"mine","time":15.5,"angle":157.5},{"type":"mine","time":16,"angle":90},{"type":"mine","time":16,"angle":101.25},{"type":"mine","time":16,"angle":78.75},{"type":"mine","time":18.5,"angle":241.875},{"type":"mine","time":18.5,"angle":253.125},{"type":"mine","time":18.5,"angle":264.375},{"type":"mine","time":18.5,"angle":275.625},{"type":"mine","time":18.5,"angle":286.875},{"type":"mine","time":24,"angle":281.25},{"type":"mine","time":24,"angle":270},{"type":"mine","time":24,"angle":258.75},{"type":"mine","time":24.5,"angle":225},{"type":"mine","time":24.5,"angle":213.75},{"type":"mine","time":24.5,"angle":202.5},{"type":"mine","time":25,"angle":337.5},{"type":"mine","time":25,"angle":348.75},{"type":"mine","time":25,"angle":360},{"type":"mine","time":25.5,"angle":180},{"type":"mine","time":25.5,"angle":157.5},{"type":"mine","time":25.5,"angle":168.75},{"type":"mine","time":26,"angle":22.5},{"type":"mine","time":26,"angle":33.75},{"type":"mine","time":26,"angle":45},{"type":"mine","time":26,"angle":56.25},{"type":"mine","time":26.5,"angle":78.75},{"type":"mine","time":26.5,"angle":90},{"type":"mine","time":26.5,"angle":101.25},{"type":"mine","time":27,"angle":0},{"type":"mine","time":27,"angle":337.5},{"type":"mine","time":27,"angle":348.75},{"type":"mine","time":27.5,"angle":90},{"type":"mine","time":27.5,"angle":101.25},{"type":"mine","time":27.5,"angle":112.5},{"type":"mine","time":28,"angle":281.25},{"type":"mine","time":28,"angle":270},{"type":"mine","time":28,"angle":258.75},{"type":"mine","time":28.5,"angle":45},{"type":"mine","time":28.5,"angle":56.25},{"type":"mine","time":28.5,"angle":67.5},{"type":"mine","time":29,"angle":315},{"type":"mine","time":29,"angle":315},{"type":"mine","time":29,"angle":303.75},{"type":"mine","time":29,"angle":292.5},{"type":"mine","time":29.5,"angle":191.25},{"type":"mine","time":29.5,"angle":180},{"type":"mine","time":29.5,"angle":168.75},{"type":"mine","time":30,"angle":90},{"type":"mine","time":30,"angle":78.75},{"type":"mine","time":30,"angle":67.5},{"type":"mine","time":30.5,"angle":22.5},{"type":"mine","time":30.5,"angle":33.75},{"type":"mine","time":30.5,"angle":45},{"type":"mine","time":31,"angle":258.75},{"type":"mine","time":31,"angle":247.5},{"type":"mine","time":31,"angle":236.25},{"type":"mine","time":31.5,"angle":90},{"type":"mine","time":31.5,"angle":101.25},{"type":"mine","time":31.5,"angle":112.5},{"type":"mine","time":32,"angle":191.25},{"type":"mine","time":32,"angle":180},{"type":"mine","time":32,"angle":168.75},{"type":"mine","time":34.5,"angle":331.875},{"type":"mine","time":34.5,"angle":343.125},{"type":"mine","time":34.5,"angle":354.375},{"type":"mine","time":34.5,"angle":5.625},{"type":"mine","time":34.5,"angle":16.875},{"type":"mine","time":34.5,"angle":28.125},{"type":"mine","time":42,"angle":11.25},{"type":"mine","time":42,"angle":360},{"type":"mine","time":42,"angle":22.5},{"type":"mine","time":42,"angle":348.75},{"type":"mine","time":42,"angle":33.75},{"type":"mine","time":42,"angle":22.5},{"type":"mine","time":44.75,"angle":236.25},{"type":"mine","time":44.75,"angle":247.5},{"type":"mine","time":44.75,"angle":258.75},{"type":"mine","time":45.25,"angle":247.5},{"type":"mine","time":45.25,"angle":236.25},{"type":"mine","time":45.25,"angle":225},{"type":"mine","time":45.75,"angle":225},{"type":"mine","time":45.75,"angle":213.75},{"type":"mine","time":46.25,"angle":225},{"type":"mine","time":46.25,"angle":213.75},{"type":"mine","time":46.25,"angle":202.5},{"type":"mine","time":46.25,"angle":191.25},{"type":"mine","time":46.75,"angle":202.5},{"type":"mine","time":46.75,"angle":191.25},{"type":"mine","time":46.75,"angle":180},{"type":"mine","time":46.75,"angle":168.75},{"type":"mine","time":47.25,"angle":180},{"type":"mine","time":47.25,"angle":168.75},{"type":"mine","time":47.25,"angle":157.5},{"type":"mine","time":47.25,"angle":157.5},{"type":"mine","time":47.25,"angle":146.25},{"type":"mine","time":47.75,"angle":146.25},{"type":"mine","time":47.75,"angle":135},{"type":"mine","time":47.75,"angle":123.75},{"type":"mine","time":48.25,"angle":123.75},{"type":"mine","time":48.25,"angle":112.5},{"type":"mine","time":48.25,"angle":101.25},{"type":"mine","time":48.25,"angle":90},{"type":"mine","time":48.75,"angle":90},{"type":"mine","time":48.75,"angle":78.75},{"type":"mine","time":48.75,"angle":67.5},{"type":"mine","time":49.25,"angle":247.5},{"type":"mine","time":49.25,"angle":236.25},{"type":"mine","time":49.25,"angle":225},{"type":"mine","time":49.75,"angle":303.75},{"type":"mine","time":49.75,"angle":292.5},{"type":"mine","time":49.75,"angle":315},{"type":"mine","time":50.25,"angle":247.5},{"type":"mine","time":50.25,"angle":236.25},{"type":"mine","time":50.25,"angle":225},{"type":"mine","time":51.25,"angle":45},{"type":"mine","time":51.25,"angle":56.25},{"type":"mine","time":51.25,"angle":67.5},{"type":"extraTap","time":50.25,"angle":33.75},{"type":"side","time":50.25,"angle":67.5},{"type":"side","time":50.25,"angle":45},{"type":"side","time":49.75,"angle":123.75},{"type":"side","time":50.25,"angle":56.25},{"type":"mine","time":56.25,"angle":0},{"type":"mine","time":56.25,"angle":11.25},{"type":"mine","time":56.25,"angle":22.5},{"type":"mine","time":56.25,"angle":33.75},{"type":"mine","time":56.75,"angle":315},{"type":"mine","time":56.75,"angle":326.25},{"type":"mine","time":56.75,"angle":337.5},{"type":"mine","time":56.75,"angle":348.75},{"type":"mine","time":57.25,"angle":123.75},{"type":"mine","time":57.25,"angle":135},{"type":"mine","time":57.25,"angle":112.5},{"type":"mine","time":57.75,"angle":315},{"type":"mine","time":57.75,"angle":326.25},{"type":"mine","time":57.75,"angle":337.5},{"type":"mine","time":57.75,"angle":348.75},{"type":"mine","time":58.25,"angle":0},{"type":"mine","time":58.25,"angle":11.25},{"type":"mine","time":58.25,"angle":22.5},{"type":"mine","time":58.75,"angle":33.75},{"type":"mine","time":58.75,"angle":45},{"type":"mine","time":58.75,"angle":56.25},{"type":"mine","time":59.25,"angle":270},{"type":"mine","time":59.25,"angle":258.75},{"type":"mine","time":59.25,"angle":247.5},{"type":"mine","time":59.75,"angle":337.5},{"type":"mine","time":59.75,"angle":348.75},{"type":"mine","time":59.75,"angle":0},{"type":"mine","time":60.25,"angle":202.5},{"type":"mine","time":60.25,"angle":191.25},{"type":"mine","time":60.25,"angle":180},{"type":"mine","time":60.75,"angle":213.75},{"type":"mine","time":60.75,"angle":225},{"type":"mine","time":60.75,"angle":202.5},{"type":"mine","time":61.25,"angle":247.5},{"type":"mine","time":61.25,"angle":236.25},{"type":"mine","time":61.25,"angle":225},{"type":"mine","time":61.75,"angle":258.75},{"type":"mine","time":61.75,"angle":270},{"type":"mine","time":61.75,"angle":281.25},{"type":"mine","time":62.25,"angle":281.25},{"type":"mine","time":62.25,"angle":292.5},{"type":"mine","time":62.25,"angle":303.75},{"type":"mine","time":62.75,"angle":303.75},{"type":"mine","time":62.75,"angle":315},{"type":"mine","time":62.75,"angle":326.25},{"type":"mine","time":63.25,"angle":326.25},{"type":"mine","time":63.25,"angle":337.5},{"type":"mine","time":63.25,"angle":348.75},{"type":"mine","time":63.75,"angle":202.5},{"type":"mine","time":63.75,"angle":191.25},{"type":"mine","time":63.75,"angle":180}]