{"properties":{"offset":8,"formatversion":12,"loadBeat":-1,"startBeat":0,"speed":130},"events":[{"bpm":109,"offset":0.093000002205372,"file":"b.i.e.d.ogg","angle":360,"type":"play","time":0,"volume":1},{"angle":0,"time":65.5,"bpm":125,"type":"setBPM"},{"type":"showResults","time":79,"angle":303.75},{"duration":0,"newWidth":130,"time":41.875,"angle":315,"type":"paddles","paddle":1,"ease":"linear"},{"duration":0.125,"newWidth":70,"time":43.5,"angle":315,"type":"paddles","paddle":1,"ease":"linear"},{"ease":"outQuint","value":3.4099996089935,"time":41.625,"angle":330,"type":"ease","duration":0.875,"var":"scrollSpeed"},{"ease":"inSine","value":1,"time":43.5,"angle":292.5,"type":"ease","duration":0.10000000149012,"var":"scrollSpeed"},{"duration":1.5,"value":1.7999999523163,"time":65.5,"angle":315,"type":"ease","var":"scrollSpeed"},{"time":-2,"angle":315,"type":"setBgColor","color":3},{"r":255,"g":255,"time":-1.5,"angle":247.5,"type":"setColor","b":255,"color":1},{"r":255,"g":103,"time":-1.5,"angle":225,"type":"setColor","b":244,"color":3},{"ox":150,"oy":90,"time":-1.5,"angle":337.5,"x":300,"drawLayer":"bg","sy":2,"sx":2,"type":"deco","y":180,"id":"1","sprite":"bubl.png"},{"r":255,"g":255,"time":-1.5,"angle":292.5,"type":"setColor","b":255,"color":2},{"r":255,"time":19.75,"angle":337.5,"b":225,"duration":0.25,"type":"setColor","color":0,"g":0},{"r":255,"time":19.75,"angle":292.5,"b":244,"duration":0.25,"type":"setColor","g":103,"color":3},{"r":255,"time":35.5,"angle":225,"b":225,"duration":0.5,"type":"setColor","ease":"outQuad","color":0,"g":0},{"r":255,"time":35.5,"angle":180,"b":244,"duration":0.5,"type":"setColor","ease":"outQuad","g":103,"color":3},{"r":255,"time":43.75,"angle":135,"b":225,"duration":0.25,"type":"setColor","g":0,"color":0},{"r":255,"time":43.75,"angle":67.5,"b":244,"duration":0.25,"type":"setColor","g":103,"color":3},{"r":98,"time":65.25,"angle":202.5,"b":97,"duration":0.20000000298023,"type":"setColor","ease":"outSine","color":0,"g":97},{"r":232,"time":65.25,"angle":180,"b":232,"duration":0.20000000298023,"type":"setColor","ease":"outSine","color":2,"g":232},{"r":155,"time":65.25,"angle":157.5,"b":155,"duration":0.20000000298023,"type":"setColor","ease":"outSine","color":3,"g":155},{"r":98,"color":0,"time":18,"angle":202.5,"type":"setColor","b":97,"g":97},{"r":155,"g":155,"time":18,"angle":157.5,"type":"setColor","b":155,"color":3},{"r":98,"g":97,"time":34.25,"angle":90,"type":"setColor","b":97,"color":0},{"r":155,"g":155,"time":34.25,"angle":45,"type":"setColor","b":155,"color":3},{"r":255,"time":41.75,"angle":157.5,"b":0,"duration":0.25,"type":"setColor","color":0,"g":0},{"r":194,"time":41.75,"angle":112.5,"b":0,"duration":0.25,"type":"setColor","color":3,"g":0},{"r":0,"time":70.5,"angle":225,"b":0,"duration":8.5,"type":"setColor","color":0,"g":0},{"r":0,"time":70.5,"angle":202.5,"b":0,"duration":9,"type":"setColor","color":2,"g":0},{"r":0,"time":70,"angle":180,"b":0,"duration":9.5,"type":"setColor","color":3,"g":0},{"r":0,"time":70.5,"angle":157.5,"b":0,"duration":8.5,"type":"setColor","color":1,"g":0},{"var":"vfx.canvPos.sx","value":0.80000001192093,"time":66.5,"angle":348.75,"type":"ease"},{"ease":"outQuad","value":1,"time":66.583335876465,"angle":348.75,"type":"ease","duration":2,"var":"vfx.canvPos.sx"},{"var":"vfx.canvPos.sx","value":0,"time":-2.5,"angle":360,"type":"ease"},{"var":"vfx.canvPos.sy","value":0,"time":-2.5,"angle":382.5,"type":"ease"},{"var":"vfx.canvPos.r","value":162,"time":-2.5,"angle":405,"type":"ease"},{"duration":4,"value":1,"time":-0,"angle":67.5,"type":"ease","ease":"outQuart","var":"vfx.canvPos.sx"},{"duration":4,"value":0,"time":-0,"angle":22.5,"type":"ease","ease":"outBack","var":"vfx.canvPos.r"},{"ease":"outQuart","value":1,"time":-0,"angle":45,"type":"ease","duration":4,"var":"vfx.canvPos.sy"},{"duration":0.10000000149012,"value":0.20000000298023,"time":18,"angle":360,"type":"ease","var":"scrollSpeed"},{"ease":"outSine","value":1,"time":18.125,"angle":360,"type":"ease","duration":2.875,"var":"scrollSpeed"},{"duration":0.10000000149012,"value":0.20000000298023,"time":34.25,"angle":247.5,"type":"ease","var":"scrollSpeed"},{"duration":2.875,"value":1,"time":34.375,"angle":247.5,"type":"ease","ease":"outSine","var":"scrollSpeed"},{"duration":0.10000000149012,"value":0.20000000298023,"time":66.5,"angle":292.5,"type":"ease","var":"scrollSpeed"},{"duration":2.875,"value":1,"time":66.625,"angle":292.5,"type":"ease","ease":"outSine","var":"scrollSpeed"},{"duration":0.10000000149012,"value":0.20000000298023,"time":50.25,"angle":360,"type":"ease","var":"scrollSpeed"},{"duration":2.875,"value":1,"time":50.375,"angle":360,"type":"ease","ease":"outSine","var":"scrollSpeed"},{"r":255,"color":0,"time":-1.5,"angle":360,"type":"setColor","b":225,"g":0},{"time":18,"angle":337.5,"type":"forcePlayerSprite","spriteName":"miss"},{"time":19.75,"angle":22.5,"type":"forcePlayerSprite","spriteName":"idle"},{"time":34.25,"angle":270,"type":"forcePlayerSprite","spriteName":"miss"},{"time":35.75,"angle":315,"type":"forcePlayerSprite","spriteName":"idle"},{"time":42,"angle":315,"type":"forcePlayerSprite","spriteName":"angry"},{"time":43.75,"angle":315,"type":"forcePlayerSprite","spriteName":"idle"},{"time":51,"angle":292.5,"type":"forcePlayerSprite","spriteName":"idle"},{"time":50.25,"angle":315,"type":"forcePlayerSprite","spriteName":"happy"},{"time":65.5,"angle":225,"type":"forcePlayerSprite","spriteName":"miss"},{"time":70.75,"angle":247.5,"type":"forcePlayerSprite","spriteName":"none"},{"time":70.875,"angle":247.5,"type":"forcePlayerSprite","spriteName":"miss"},{"time":71.375,"angle":247.5,"type":"forcePlayerSprite","spriteName":"miss"},{"time":71.625,"angle":247.5,"type":"forcePlayerSprite","spriteName":"none"},{"time":71.875,"angle":247.5,"type":"forcePlayerSprite","spriteName":"miss"},{"time":72.125,"angle":247.5,"type":"forcePlayerSprite","spriteName":"none"},{"time":72.375,"angle":247.5,"type":"forcePlayerSprite","spriteName":"miss"},{"time":72.625,"angle":247.5,"type":"forcePlayerSprite","spriteName":"none"},{"time":73,"angle":247.5,"type":"forcePlayerSprite","spriteName":"miss"},{"time":73.375,"angle":247.5,"type":"forcePlayerSprite","spriteName":"none"},{"time":73.875,"angle":247.5,"type":"forcePlayerSprite","spriteName":"miss"},{"time":74.5,"angle":247.5,"type":"forcePlayerSprite","spriteName":"none"},{"time":71,"angle":247.5,"type":"forcePlayerSprite","spriteName":"none"},{"time":71.125,"angle":247.5,"type":"forcePlayerSprite","spriteName":"miss"},{"time":71.25,"angle":247.5,"type":"forcePlayerSprite","spriteName":"none"}],"metadata":{"charter":"Dyltan","description":"Braindeead lul","artist":"Flanger Moose","bgData":{"redChannel":{"r":236,"b":255,"g":59},"blueChannel":{"r":255,"b":120,"g":0},"image":"bg2.png"},"songName":"Brain Implosion Energy Drink","artistLink":"https://youtube.com/@flangermoose?si=w2SKgJhTKEXFTWyJ","difficulty":0,"bg":true}}