[
    {
        "sprite": "block#0",
        "type": "deco",
        "angle": 0,
        "y": -180,
        "x": 0,
        "time": -1.8751,
        "id": "block1_1"
    },
    {
        "duration": 1.875,
        "type": "deco",
        "angle": 0,
        "y": -50,
        "x": 0,
        "time": -1.875,
        "id": "block1_1"
    },
    {
        "sprite": "block!hit",
        "type": "deco",
        "time": 0,
        "angle": 360,
        "id": "block1_1"
    },
    {
        "time": 0,
        "type": "block",
        "angle": 0
    }
]