[
    {
        "sprite": "block#0",
        "type": "deco",
        "angle": 45,
        "x": -180,
        "y": 180,
        "time": -3.0001,
        "id": "block11_2"
    },
    {
        "duration": 3,
        "type": "deco",
        "angle": 45,
        "y": 35.35534,
        "x": -35.35534,
        "time": -3,
        "id": "block11_2"
    },
    {
        "sprite": "block!hit",
        "type": "deco",
        "time": 0,
        "angle": 45,
        "id": "block11_2"
    },
    {
        "time": 0,
        "type": "block",
        "angle": 225
    }
]