[
    {
        "sprite": "block#0",
        "type": "deco",
        "angle": 22.5,
        "x": -74.55844,
        "y": 180,
        "time": -2.0001,
        "id": "block10_1"
    },
    {
        "duration": 2,
        "type": "deco",
        "angle": 22.5,
        "y": 46.19398,
        "x": -19.13417,
        "time": -2,
        "id": "block10_1"
    },
    {
        "sprite": "block!hit",
        "type": "deco",
        "time": 0,
        "angle": 22.5,
        "id": "block10_1"
    },
    {
        "time": 0,
        "type": "block",
        "angle": 202.5
    }
]