[
    {
        "sprite": "block#0",
        "type": "deco",
        "angle": 45,
        "x": 180,
        "y": -180,
        "time": -3.0001,
        "id": "block3_1"
    },
    {
        "duration": 3,
        "type": "deco",
        "angle": 45,
        "y": -35.35534,
        "x": 35.35534,
        "time": -3,
        "id": "block3_1"
    },
    {
        "sprite": "block!hit",
        "type": "deco",
        "time": 0,
        "angle": 45,
        "id": "block3_1"
    },
    {
        "time": 0,
        "type": "block",
        "angle": 45
    }
]