[
    {
        "sprite": "block#0",
        "type": "deco",
        "angle": 90,
        "x": 300,
        "y": 0,
        "time": -3.6251,
        "id": "block5_1"
    },
    {
        "duration": 3.625,
        "type": "deco",
        "angle": 90,
        "y": 0,
        "x": 50,
        "time": -3.625,
        "id": "block5_1"
    },
    {
        "sprite": "block!hit",
        "type": "deco",
        "time": 0,
        "angle": 90,
        "id": "block5_1"
    },
    {
        "time": 0,
        "type": "block",
        "angle": 90
    }
]