[
    {
        "sprite": "block#0",
        "type": "deco",
        "angle": 67.5,
        "x": 300,
        "y": 124.26407,
        "time": -3.8251,
        "id": "block6_1"
    },
    {
        "duration": 3.825,
        "type": "deco",
        "angle": 67.5,
        "y": 19.13417,
        "x": 46.19398,
        "time": -3.825,
        "id": "block6_1"
    },
    {
        "sprite": "block!hit",
        "type": "deco",
        "time": 0,
        "angle": 67.5,
        "id": "block6_1"
    },
    {
        "time": 0,
        "type": "block",
        "angle": 112.5
    }
]