[
    {
        "sprite": "block#0",
        "type": "deco",
        "angle": 90,
        "x": 100.0,
        "y": 0.0,
        "time": -3.6251,
        "id": "block5_2"
    },
    {
        "duration": 3.625,
        "type": "deco",
        "angle": 90,
        "y": 0.0,
        "x": 16.666666666666668,
        "time": -3.625,
        "id": "block5_2"
    },
    {
        "sprite": "block!hit",
        "type": "deco",
        "time": 0,
        "angle": 90,
        "id": "block5_2"
    },
    {
        "time": 0,
        "type": "block",
        "angle": 90
    }
]