[
    {
        "duration": 0.1,
        "type": "ease",
        "var": "p.x",
        "value": 200,
        "angle": 180,
        "time": -0.1
    },
    {
        "duration": 0.1,
        "type": "ease",
        "var": "p.y",
        "value": 170,
        "angle": 157.5,
        "time": -0.1
    },
    {
        "duration": 0.1,
        "angle": 180,
        "var": "p.x",
        "time": 0.4,
        "type": "ease",
        "value": 200
    },
    {
        "duration": 0.1,
        "type": "ease",
        "var": "p.y",
        "value": 190,
        "angle": 157.5,
        "time": 0.4
    },
    {
        "time": 0.9,
        "angle": 180,
        "var": "p.x",
        "value": 200,
        "type": "ease",
        "duration": 0.1
    },
    {
        "value": 170,
        "type": "ease",
        "var": "p.y",
        "time": 0.9,
        "angle": 157.5,
        "duration": 0.1
    },
    {
        "value": 200,
        "type": "ease",
        "var": "p.x",
        "time": 1.4,
        "angle": 180,
        "duration": 0.1
    },
    {
        "value": 190,
        "type": "ease",
        "var": "p.y",
        "time": 1.4,
        "angle": 157.5,
        "duration": 0.1
    }
]