[
    {
        "time": -0.1,
        "type": "ease",
        "var": "p.x",
        "duration": 0.1,
        "angle": 180,
        "value": 400
    },
    {
        "duration": 0.1,
        "angle": 157.5,
        "var": "p.y",
        "time": -0.1,
        "type": "ease",
        "value": 170
    },
    {
        "time": 0.4,
        "angle": 180,
        "var": "p.x",
        "value": 400,
        "type": "ease",
        "duration": 0.1
    },
    {
        "duration": 0.1,
        "angle": 157.5,
        "var": "p.y",
        "time": 0.4,
        "type": "ease",
        "value": 190
    },
    {
        "duration": 0.1,
        "type": "ease",
        "var": "p.x",
        "value": 400,
        "angle": 180,
        "time": 0.9
    },
    {
        "duration": 0.1,
        "type": "ease",
        "var": "p.y",
        "value": 170,
        "angle": 157.5,
        "time": 0.9
    },
    {
        "duration": 0.1,
        "angle": 180,
        "var": "p.x",
        "time": 1.4,
        "type": "ease",
        "value": 400
    },
    {
        "duration": 0.1,
        "type": "ease",
        "var": "p.y",
        "value": 190,
        "angle": 157.5,
        "time": 1.4
    }
]