[{"type":"block","time":1,"angle":360},{"type":"block","time":1.25,"angle":45},{"type":"block","time":1.5,"angle":90},{"type":"block","time":1.75,"angle":135},{"type":"block","time":2,"angle":180},{"type":"block","time":2.25,"angle":225},{"type":"block","time":2.5,"angle":270},{"type":"block","time":2.75,"angle":315},{"type":"block","time":3,"angle":360},{"type":"block","time":3.25,"angle":0},{"type":"block","time":3.5,"angle":270},{"type":"block","time":3.75,"angle":225},{"type":"block","time":4,"angle":180},{"type":"block","time":4.25,"angle":135},{"type":"block","time":4.5,"angle":90},{"type":"block","time":4.75,"angle":45},{"type":"block","time":5,"angle":-360},{"type":"block","time":5.25,"angle":-45},{"type":"block","time":5.5,"angle":-90},{"type":"block","time":5.75,"angle":-135},{"type":"block","time":6,"angle":-180},{"type":"block","time":6.25,"angle":-225},{"type":"block","time":6.5,"angle":-270},{"type":"block","time":6.75,"angle":-315},{"type":"block","time":7,"angle":-360},{"type":"block","time":7.25,"angle":0},{"type":"block","time":7.5,"angle":-270},{"type":"block","time":7.75,"angle":-225},{"type":"block","time":9,"angle":360},{"type":"block","time":9.25,"angle":45},{"type":"block","time":9.5,"angle":90},{"type":"block","time":9.75,"angle":135},{"type":"block","time":10,"angle":180},{"type":"block","time":10.25,"angle":225},{"type":"block","time":10.5,"angle":270},{"type":"block","time":10.75,"angle":315},{"type":"block","time":11,"angle":360},{"type":"block","time":11.25,"angle":0},{"type":"block","time":11.5,"angle":270},{"type":"block","time":11.75,"angle":225},{"type":"block","time":12,"angle":180},{"type":"block","time":12.25,"angle":135},{"type":"block","time":12.5,"angle":90},{"type":"block","time":12.75,"angle":45},{"type":"block","time":13,"angle":-360},{"type":"block","time":13.25,"angle":-45},{"type":"block","time":13.5,"angle":-90},{"type":"block","time":13.75,"angle":-135},{"type":"block","time":14,"angle":-180},{"type":"block","time":14.25,"angle":-225},{"type":"block","time":14.5,"angle":-270},{"type":"block","time":14.75,"angle":-315},{"type":"block","time":15,"angle":-360},{"type":"block","time":15.25,"angle":0},{"type":"block","time":15.5,"angle":-270},{"type":"block","time":15.75,"angle":-225},{"type":"block","time":16,"angle":-180},{"type":"block","time":16.25,"angle":225},{"type":"block","time":17,"angle":78.75},{"type":"block","time":17.5,"angle":101.25},{"type":"block","time":18,"tap":true,"angle":416.25},{"type":"block","time":19,"angle":-33.75},{"type":"block","time":19.5,"tap":true,"angle":281.25},{"type":"block","time":20,"angle":303.75},{"type":"block","time":20.5,"tap":true,"angle":-33.75},{"type":"block","time":21.5,"angle":11.25},{"type":"block","time":22,"tap":true,"angle":56.25},{"type":"block","time":23,"angle":11.25},{"type":"block","time":23.5,"tap":true,"angle":33.75},{"type":"block","time":24,"angle":33.75},{"type":"block","time":24.666666030884,"angle":11.25},{"type":"block","time":18.75,"angle":292.5},{"type":"block","time":22.75,"angle":0},{"type":"block","time":24.333333969116,"angle":22.5},{"segments":1,"duration":0.49999994039536,"time":21,"type":"hold","angle2":22.5,"angle":33.75},{"type":"hold","angle2":270,"time":8,"duration":0.25,"angle":180},{"type":"hold","angle2":225,"time":8.25,"duration":0.25,"angle":270},{"type":"hold","angle2":315,"time":8.5,"duration":0.25,"angle":225},{"type":"hold","angle2":360,"time":8.75,"duration":0.25,"angle":315},{"type":"hold","holdEase":"outBack","duration":0.5,"time":25,"angle2":67.5,"angle":22.5},{"type":"hold","holdEase":"inBack","duration":0.5,"time":25.5,"angle":67.5,"angle2":90,"endTap":true},{"type":"block","time":26.75,"angle":33.75},{"type":"block","time":27,"angle":45},{"type":"block","time":27.5,"tap":true,"angle":11.25},{"type":"block","time":28,"angle":33.75},{"type":"block","time":28.5,"tap":true,"angle":326.25},{"type":"block","time":29,"angle":337.5},{"type":"block","time":29.5,"angle":270},{"type":"block","time":30,"tap":true,"angle":247.5},{"type":"block","time":30.75,"angle":101.25},{"type":"block","time":31,"angle":112.5},{"type":"block","time":31.5,"tap":true,"angle":123.75},{"type":"block","time":32,"angle":150},{"type":"block","time":32.666667938232,"angle":90},{"type":"block","time":32.333332061768,"angle":120},{"type":"block","time":33,"angle":45},{"type":"block","time":33.5,"angle":45},{"type":"hold","holdEase":"outQuint","duration":0.83333331346512,"time":34,"angle2":-112.5,"startTap":true,"angle":0},{"type":"hold","angle2":247.5,"time":35,"duration":0,"angle":247.5},{"type":"block","time":35.5,"tap":true,"angle":180},{"type":"block","time":36,"angle":225},{"type":"block","time":36.5,"tap":true,"angle":270},{"type":"block","time":37,"angle":225},{"type":"block","time":37.5,"angle":225},{"type":"block","time":38,"tap":true,"angle":135},{"type":"block","time":38.75,"angle":157.5},{"type":"block","time":39,"angle":180},{"type":"block","time":39.5,"tap":true,"angle":112.5},{"type":"block","time":40,"angle":135},{"type":"block","time":40.333332061768,"angle":112.5},{"type":"block","time":40.666667938232,"angle":90},{"type":"block","time":41,"angle":112.5},{"type":"block","time":41.5,"angle":157.5},{"type":"block","time":42,"tap":true,"angle":202.5},{"type":"block","time":42.75,"angle":270},{"type":"block","time":43,"angle":247.5},{"type":"block","time":43.5,"tap":true,"angle":292.5},{"type":"block","time":44,"angle":270},{"type":"block","time":44.5,"tap":true,"angle":292.5},{"type":"block","time":45,"angle":337.5},{"type":"block","time":45.5,"angle":337.5},{"type":"hold","angle2":292.5,"time":46,"duration":0.75,"startTap":true,"angle":360},{"type":"block","time":48,"angle":202.5},{"type":"block","time":48.333332061768,"angle":180},{"type":"block","time":48.666667938232,"angle":157.5},{"type":"block","time":47.5,"angle":157.5},{"type":"block","time":49,"angle":202.5},{"type":"block","time":49.5,"angle":202.5},{"type":"hold","holdEase":"outQuint","duration":0.83333331346512,"time":50,"angle2":45,"startTap":true,"angle":157.5},{"type":"hold","angle2":405,"time":51,"duration":0,"angle":405},{"type":"block","time":51.5,"tap":true,"angle":337.5},{"type":"block","time":52,"angle":382.5},{"type":"block","time":52.5,"tap":true,"angle":427.5},{"type":"block","time":53,"angle":382.5},{"type":"block","time":53.5,"angle":382.5},{"type":"block","time":54,"tap":true,"angle":292.5},{"type":"block","time":54.75,"angle":315},{"type":"block","time":55,"angle":337.5},{"type":"block","time":55.5,"tap":true,"angle":270},{"type":"block","time":56,"angle":292.5},{"type":"block","time":56.333332061768,"angle":270},{"type":"block","time":56.666667938232,"angle":247.5},{"type":"hold","holdEase":"outBack","duration":0.5,"time":57,"angle2":315,"angle":270},{"type":"hold","holdEase":"inBack","duration":0.5,"time":57.5,"angle":315,"angle2":337.5,"endTap":true},{"type":"block","time":58.75,"angle":281.25},{"type":"block","time":59,"angle":292.5},{"type":"block","time":59.5,"tap":true,"angle":258.75},{"type":"block","time":60,"angle":281.25},{"type":"block","time":60.5,"tap":true,"angle":573.75},{"type":"block","time":61,"angle":585},{"type":"block","time":61.5,"angle":517.5},{"type":"block","time":62,"tap":true,"angle":495},{"type":"block","time":62.75,"angle":-528.75},{"type":"block","time":63,"angle":-540},{"type":"block","time":63.5,"tap":true,"angle":-551.25},{"type":"block","time":64,"angle":-577.5},{"type":"block","time":64.666667938232,"angle":-517.5},{"type":"block","time":64.333332061768,"angle":-547.5},{"type":"block","time":65,"angle":-112.5},{"type":"block","time":65.5,"angle":-157.5},{"type":"block","time":66,"tap":true,"angle":-202.5},{"type":"block","time":66.75,"angle":-270},{"type":"block","time":67,"angle":-247.5},{"type":"block","time":67.5,"tap":true,"angle":-292.5},{"type":"block","time":68,"angle":-270},{"type":"block","time":68.5,"tap":true,"angle":-292.5},{"type":"block","time":69,"angle":-337.5},{"type":"block","time":69.5,"angle":-337.5},{"type":"hold","holdEase":"inBack","duration":0.75,"time":70,"angle2":-315,"startTap":true,"angle":-360},{"type":"block","time":72,"angle":22.5},{"type":"block","time":72.333332061768,"angle":0},{"type":"block","time":72.666667938232,"angle":-22.5},{"type":"block","time":71.5,"tap":true,"angle":337.5},{"type":"hold","angle2":45,"time":71,"duration":0,"angle":45},{"type":"block","time":73,"angle":-101.25},{"type":"block","time":73.5,"angle":-123.75},{"type":"block","time":74,"tap":true,"angle":-438.75},{"type":"block","time":75,"angle":11.25},{"type":"block","time":75.5,"tap":true,"angle":-303.75},{"type":"block","time":76,"angle":-326.25},{"type":"block","time":76.5,"tap":true,"angle":11.25},{"type":"block","time":77.5,"angle":-33.75},{"type":"block","time":78,"tap":true,"angle":-78.75},{"type":"block","time":79,"angle":-33.75},{"type":"block","time":79.5,"tap":true,"angle":-56.25},{"type":"block","time":80,"angle":-56.25},{"type":"block","time":80.666664123535,"angle":-11.25},{"type":"block","time":74.75,"angle":-315},{"type":"block","time":78.75,"angle":-22.5},{"type":"block","time":80.333335876465,"angle":-26.25},{"segments":1,"duration":0.49999994039536,"time":77,"type":"hold","angle2":-45,"angle":-56.25},{"type":"block","time":81,"angle":360},{"type":"block","time":81.75,"angle":135},{"type":"block","time":82,"angle":146.25},{"type":"block","time":82.25,"angle":135},{"type":"block","time":82.5,"angle":90},{"type":"block","time":82.75,"angle":101.25},{"type":"block","time":83,"angle":112.5},{"type":"block","time":83.5,"angle":135},{"type":"block","time":84,"angle":157.5},{"type":"block","time":84.25,"angle":146.25},{"type":"block","time":84.5,"angle":135},{"type":"block","time":84.75,"angle":135},{"type":"block","time":84.96875,"angle":157.5},{"type":"block","time":86,"angle":236.25},{"type":"block","time":86.25,"angle":225},{"type":"block","time":86.75,"angle":247.5},{"type":"block","time":87,"angle":225},{"type":"block","time":87.75,"angle":191.25},{"type":"block","time":87.96875,"angle":202.5},{"type":"block","time":89,"angle":281.25},{"type":"block","time":89.25,"angle":292.5},{"type":"block","time":89.5,"angle":303.75},{"type":"block","time":89.75,"angle":292.5},{"type":"block","time":90,"angle":303.75},{"type":"block","time":90.25,"angle":315},{"type":"block","time":90.5,"angle":303.75},{"type":"block","time":90.75,"angle":315},{"type":"block","time":91,"angle":348.75},{"type":"block","time":91.25,"angle":337.5},{"type":"block","time":91.5,"angle":326.25},{"type":"block","time":91.75,"angle":337.5},{"type":"block","time":92,"angle":326.25},{"type":"block","time":92.25,"angle":315},{"type":"block","time":92.5,"angle":326.25},{"type":"hold","angle2":281.25,"time":92.75,"duration":0.25,"angle":315},{"type":"hold","angle2":326.25,"time":93.25,"duration":0.25,"angle":303.75},{"type":"hold","angle2":326.25,"time":93.75,"duration":0.25,"angle":348.75},{"type":"hold","angle2":281.25,"time":94.25,"duration":0.25,"angle":303.75},{"type":"hold","angle2":303.75,"time":94.75,"duration":0.25,"angle":292.5},{"type":"hold","angle2":292.5,"time":95.5,"duration":0,"angle":292.5},{"type":"hold","angle2":281.25,"time":96,"duration":0,"angle":281.25},{"type":"side","time":96.5,"angle":337.5},{"type":"block","time":97.5,"angle":45},{"type":"block","time":97.75,"angle":67.5},{"type":"block","time":97.25,"angle":56.25},{"type":"block","time":98.25,"angle":56.25},{"type":"block","time":98.75,"angle":56.25},{"type":"block","time":99,"angle":67.5},{"type":"block","time":99.25,"angle":56.25},{"type":"block","time":99.5,"angle":45},{"type":"block","time":99.75,"angle":33.75},{"type":"block","time":100.25,"angle":22.5},{"type":"block","time":100.75,"angle":22.5},{"type":"block","time":101,"angle":45},{"type":"block","time":101.25,"angle":33.75},{"type":"block","time":101.5,"angle":56.25},{"type":"block","time":101.75,"angle":33.75},{"type":"block","time":102.25,"angle":78.75},{"type":"block","time":102.75,"angle":78.75},{"type":"block","time":103.25,"angle":56.25},{"type":"block","time":103.5,"angle":45},{"type":"block","time":103.75,"angle":33.75},{"type":"block","time":105,"angle":78.75},{"type":"block","time":105.25,"angle":56.25},{"type":"block","time":105.5,"angle":33.75},{"type":"block","time":105.75,"angle":11.25},{"type":"block","time":106,"angle":22.5},{"type":"block","time":106.25,"angle":33.75},{"type":"block","time":106.5,"angle":45},{"type":"block","time":106.75,"angle":56.25},{"type":"block","time":107,"angle":67.5},{"type":"block","time":107.25,"angle":56.25},{"type":"block","time":107.5,"angle":45},{"type":"block","time":107.75,"angle":33.75},{"type":"block","time":108,"angle":45},{"type":"block","time":108.25,"angle":56.25},{"type":"block","time":108.5,"angle":67.5},{"type":"block","time":108.75,"angle":78.75},{"type":"block","time":109,"angle":78.75},{"type":"block","time":109.25,"angle":56.25},{"type":"block","time":109.5,"angle":33.75},{"type":"block","time":109.75,"angle":11.25},{"type":"block","time":110,"angle":22.5},{"type":"block","time":110.25,"angle":33.75},{"type":"block","time":110.5,"angle":22.5},{"type":"block","time":110.75,"angle":33.75},{"type":"block","time":111,"angle":45},{"type":"block","time":111.25,"angle":45},{"type":"block","time":111.5,"angle":45},{"type":"block","time":111.75,"angle":45},{"type":"block","time":112,"angle":45},{"type":"block","time":112.25,"angle":45},{"type":"block","time":104.25,"tap":true,"angle":45},{"type":"block","time":104.75,"tap":true,"angle":67.5},{"type":"block","time":113,"tap":true,"angle":0},{"type":"block","time":113.33333587646,"angle":60},{"type":"block","time":113.66666412354,"angle":120},{"type":"block","time":114,"tap":true,"angle":180},{"type":"block","time":114.33333587646,"angle":240},{"type":"block","time":114.66666412354,"angle":300},{"type":"block","time":115,"tap":true,"angle":0},{"type":"block","time":116,"tap":true,"angle":180},{"type":"block","time":117,"tap":true,"angle":45},{"type":"block","time":117.33333587646,"angle":105},{"type":"block","time":117.66666412354,"angle":165},{"type":"block","time":118,"tap":true,"angle":225},{"type":"block","time":118.33333587646,"angle":285},{"type":"block","time":118.66666412354,"angle":345},{"type":"block","time":119,"tap":true,"angle":45},{"type":"block","time":119.33333587646,"angle":105},{"type":"block","time":119.66666412354,"angle":165},{"type":"block","time":120,"tap":true,"angle":225},{"type":"block","time":121,"tap":true,"angle":-270},{"type":"block","time":121.33333587646,"angle":-330},{"type":"block","time":121.66666412354,"angle":-390},{"type":"block","time":122,"tap":true,"angle":-450},{"type":"block","time":122.33333587646,"angle":-510},{"type":"block","time":122.66666412354,"angle":-570},{"type":"block","time":123,"tap":true,"angle":-270},{"type":"block","time":123.33333587646,"angle":-330},{"type":"block","time":123.66666412354,"angle":-390},{"type":"block","time":124,"tap":true,"angle":270},{"type":"block","time":125,"tap":true,"angle":-180},{"type":"block","time":125.16666412354,"angle":-210},{"type":"block","time":125.33333587646,"angle":-240},{"type":"block","time":125.5,"angle":-270},{"type":"block","time":125.66666412354,"angle":-300},{"type":"block","time":125.83333587646,"angle":-330},{"type":"block","time":126,"tap":true,"angle":-360},{"type":"block","time":126.16666412354,"angle":-390},{"type":"block","time":126.33333587646,"angle":-420},{"type":"block","time":126.5,"angle":-450},{"type":"block","time":126.66666412354,"angle":-480},{"type":"block","time":126.83333587646,"angle":-510},{"type":"block","time":127,"tap":true,"angle":-180},{"type":"block","time":127.16666412354,"angle":-210},{"type":"block","time":127.33333587646,"angle":-240},{"type":"block","time":127.5,"angle":-270},{"type":"block","time":127.66666412354,"angle":-300},{"type":"block","time":127.83333587646,"angle":-330},{"type":"block","time":128,"tap":true,"angle":-360},{"type":"block","time":115.33333587646,"angle":60},{"type":"block","time":115.66666412354,"angle":120},{"type":"block","time":129,"angle":0},{"type":"block","time":129.33332824707,"angle":60},{"type":"block","time":129.66667175293,"angle":120},{"type":"block","time":130,"angle":180},{"type":"block","time":130.33332824707,"angle":240},{"type":"block","time":131,"angle":210},{"type":"block","time":131.33332824707,"angle":150},{"type":"block","time":131.66667175293,"angle":90},{"type":"block","time":132,"angle":30},{"type":"block","time":133,"angle":60},{"type":"block","time":133.33332824707,"angle":120},{"type":"block","time":133.66667175293,"angle":180},{"type":"block","time":134,"angle":240},{"type":"block","time":134.33332824707,"angle":300},{"type":"block","time":135,"angle":270},{"type":"block","time":135.33332824707,"angle":210},{"type":"block","time":135.66667175293,"angle":150},{"type":"block","time":136,"angle":90},{"type":"block","time":137,"angle":120},{"type":"block","time":137.33332824707,"angle":180},{"type":"block","time":137.66667175293,"angle":240},{"type":"block","time":138,"angle":300},{"type":"block","time":138.33332824707,"angle":360},{"type":"block","time":139,"angle":330},{"type":"block","time":139.33332824707,"angle":270},{"type":"block","time":139.66667175293,"angle":210},{"type":"block","time":140,"angle":150},{"type":"block","time":141,"angle":180},{"type":"block","time":141.33332824707,"angle":240},{"type":"block","time":141.66667175293,"angle":300},{"type":"block","time":142,"angle":360},{"type":"block","time":142.33332824707,"angle":420},{"type":"block","time":143,"angle":390},{"type":"block","time":143.33332824707,"angle":330},{"type":"block","time":143.66667175293,"angle":270},{"type":"block","time":144,"angle":210},{"type":"hold","angle2":150,"time":145,"duration":0.66666662693024,"angle":90},{"type":"hold","angle2":210,"time":146,"duration":0.3333332836628,"angle":180},{"type":"hold","angle2":270,"time":147,"duration":0.66666662693024,"angle":210},{"type":"hold","angle2":240,"time":148,"duration":0.3333332836628,"angle":270},{"type":"hold","angle2":390,"time":149,"duration":0.66666662693024,"angle":300},{"type":"hold","angle2":-750,"time":150,"duration":0.66666668653488,"angle":-720},{"type":"hold","angle2":60,"time":151,"duration":0.66666662693024,"angle":30},{"type":"hold","angle2":60,"time":152,"duration":0.3333332836628,"angle":60},{"segments":2,"holdEase":"inElastic","duration":0.16666667163372,"time":146.66667175293,"type":"hold","angle2":2010,"angle":210},{"type":"hold","angle2":195,"time":153,"duration":0.66666662693024,"angle":120},{"segments":2,"holdEase":"inElastic","duration":0.16666667163372,"time":154,"type":"hold","angle2":1650,"angle":210},{"type":"hold","angle2":-30,"time":154.66667175293,"duration":0.3333332836628,"angle":0},{"type":"hold","angle2":360,"time":155,"duration":0.66666662693024,"angle":315},{"type":"hold","angle2":105,"time":156,"duration":0.3333332836628,"angle":45},{"type":"hold","angle2":165,"time":157,"duration":0.3333332836628,"angle":180},{"type":"hold","angle2":195,"time":157.33332824707,"duration":0.3333332836628,"angle":165},{"type":"hold","angle2":150,"time":157.66667175293,"duration":0.3333332836628,"angle":195},{"segments":1,"duration":0.3333332836628,"time":158.66667175293,"type":"hold","angle2":11.25,"angle":0},{"segments":2,"holdEase":"outElastic","duration":0.16666658222675,"time":159,"type":"hold","angle2":2880,"angle":0},{"segments":2,"holdEase":"outElastic","duration":0.16666658222675,"time":159.16666666667,"type":"hold","angle2":-2850,"angle":30},{"type":"block","time":159,"angle":22.5},{"type":"block","time":159.16667175293,"angle":11.25},{"type":"block","time":159.33332824707,"angle":22.5},{"type":"block","time":159,"angle":11.25},{"type":"block","time":159.5,"angle":15},{"type":"block","time":160,"angle":45},{"type":"block","time":160.16667175293,"angle":60},{"type":"block","time":160.33332824707,"angle":75},{"type":"block","time":160.5,"angle":90},{"type":"block","time":160.66667175293,"angle":105},{"type":"block","time":160.83332824707,"angle":120},{"type":"block","time":160.5,"angle":56.25},{"type":"block","time":160.33332824707,"angle":90},{"type":"block","time":160.5,"angle":101.25},{"type":"block","time":160.66667175293,"angle":112.5},{"segments":2,"holdEase":"outElastic","duration":0.16666658222675,"time":160.16666666667,"type":"hold","angle2":2947.5,"angle":67.5},{"segments":2,"holdEase":"outElastic","duration":0.16666658222675,"time":160.33333333334,"type":"hold","angle2":-2771.25,"angle":108.75},{"type":"block","time":161,"angle":120},{"type":"block","time":161.33332824707,"angle":150},{"type":"block","time":161.66667175293,"angle":180},{"type":"block","time":162,"angle":210},{"type":"block","time":162.33332824707,"angle":240},{"type":"block","time":162.66667175293,"angle":270},{"type":"block","time":163,"angle":300},{"type":"block","time":163.33332824707,"angle":330},{"type":"block","time":163.66667175293,"angle":0},{"type":"hold","holdEase":"outSine","duration":1.1666666269302,"time":163.83332824707,"angle":30,"angle2":-120,"endTap":true},{"type":"block","time":165.33332824707,"angle":210},{"type":"block","time":165.66667175293,"angle":180},{"type":"block","time":166,"angle":150},{"type":"block","time":166.33332824707,"angle":180},{"type":"block","time":166.66667175293,"angle":210},{"type":"block","time":167,"angle":180},{"type":"block","time":167.33332824707,"angle":150},{"type":"block","time":167.66667175293,"angle":180},{"type":"hold","holdEase":"outSine","duration":0.66666662693024,"time":168,"angle2":150,"startTap":true,"angle":210},{"type":"block","time":169,"angle":180},{"type":"block","time":169.33332824707,"angle":240},{"type":"block","time":169.66667175293,"angle":300},{"type":"block","time":170,"angle":360},{"type":"block","time":170.33332824707,"angle":60},{"type":"block","time":170.66667175293,"angle":120},{"type":"block","time":171,"angle":180},{"type":"block","time":171.33332824707,"angle":90},{"type":"block","time":171.66667175293,"angle":0},{"type":"hold","holdEase":"outSine","duration":1,"time":172,"angle2":90,"angle":270},{"type":"block","time":173.33332824707,"angle":150},{"type":"block","time":173.66667175293,"angle":120},{"type":"block","time":174,"angle":180},{"type":"block","time":174.33332824707,"angle":150},{"type":"block","time":174.66667175293,"angle":210},{"type":"block","time":175,"angle":180},{"type":"block","time":175.33332824707,"angle":240},{"type":"block","time":175.66667175293,"angle":210},{"type":"block","time":177.5,"angle":213.75},{"type":"block","time":177.66667175293,"angle":202.5},{"type":"block","time":177.83332824707,"angle":191.25},{"type":"block","time":178,"angle":180},{"type":"block","time":178.16667175293,"angle":168.75},{"type":"block","time":178.33332824707,"angle":157.5},{"type":"block","time":178.5,"tap":true,"angle":146.25},{"type":"block","time":179,"angle":157.5},{"type":"block","time":179.16667175293,"angle":168.75},{"type":"block","time":179.33332824707,"angle":180},{"type":"block","time":179.5,"angle":191.25},{"type":"block","time":179.66667175293,"angle":202.5},{"type":"block","time":179.83332824707,"angle":213.75},{"type":"block","time":180,"angle":-157.5},{"type":"block","time":180.16667175293,"angle":-168.75},{"type":"block","time":180.33332824707,"angle":-180},{"type":"block","time":180.5,"tap":true,"angle":-191.25},{"type":"block","time":181,"angle":157.5},{"type":"block","time":181.16667175293,"angle":146.25},{"type":"block","time":181.33332824707,"angle":135},{"type":"block","time":181.5,"angle":123.75},{"type":"block","time":181.66667175293,"angle":135},{"type":"block","time":181.83332824707,"angle":123.75},{"type":"block","time":182,"angle":135},{"type":"block","time":182.16667175293,"angle":146.25},{"type":"block","time":182.33332824707,"angle":157.5},{"type":"block","time":182.5,"tap":true,"angle":168.75},{"type":"block","time":183,"angle":236.25},{"type":"block","time":183.16667175293,"angle":225},{"type":"block","time":183.33332824707,"angle":236.25},{"type":"block","time":183.5,"angle":225},{"type":"block","time":183.66667175293,"angle":213.75},{"type":"block","time":183.83332824707,"angle":225},{"type":"block","time":184,"angle":213.75},{"type":"block","time":184.16667175293,"angle":202.5},{"type":"block","time":184.33332824707,"angle":213.75},{"type":"hold","holdEase":"outSine","duration":0.49999994039536,"time":184.5,"angle2":157.5,"angle":213.75},{"type":"block","time":185.16667175293,"angle":180},{"type":"block","time":185.33332824707,"angle":195},{"type":"block","time":185.5,"angle":210},{"type":"block","time":185.66667175293,"angle":225},{"type":"block","time":186,"angle":195},{"type":"block","time":186.16667175293,"angle":180},{"type":"block","time":186.33332824707,"angle":165},{"type":"block","time":186.5,"angle":150},{"type":"block","time":187,"angle":116.25},{"type":"block","time":187.16667175293,"angle":131.25},{"type":"block","time":187.33332824707,"angle":146.25},{"type":"block","time":187.5,"angle":161.25},{"type":"block","time":187.66667175293,"angle":176.25},{"type":"block","time":188,"angle":135},{"type":"block","time":188.16667175293,"angle":150},{"type":"block","time":188.33332824707,"angle":165},{"type":"block","time":188.5,"angle":180},{"type":"block","time":189,"angle":187.5},{"type":"block","time":189.16667175293,"angle":202.5},{"type":"block","time":189.33332824707,"angle":217.5},{"type":"block","time":189.5,"angle":232.5},{"type":"block","time":189.66667175293,"angle":217.5},{"type":"block","time":190,"angle":187.5},{"type":"block","time":190.16667175293,"angle":195},{"type":"block","time":190.33332824707,"angle":180},{"type":"block","time":190.5,"angle":195},{"type":"block","time":191,"angle":180},{"type":"block","time":191.16667175293,"angle":168.75},{"type":"block","time":191.16667175293,"angle":185.625},{"type":"block","time":191.33332824707,"angle":180},{"type":"block","time":191.5,"angle":174.375},{"type":"block","time":191.5,"angle":191.25},{"type":"block","time":191.66667175293,"angle":180},{"type":"side","time":192.5,"angle":-540},{"segments":1,"duration":0.3333332836628,"time":199.83332824707,"type":"hold","speedMult":5,"angle2":22.5,"angle":5.625},{"speedMult":5,"time":200.1666615804,"angle":5.625,"segments":2,"holdEase":"outElastic","angle2":0,"duration":0.16666658222675,"type":"hold"},{"speedMult":5,"time":200.33332824707,"angle":0,"segments":2,"holdEase":"outElastic","angle2":11.25,"duration":0.16666658222675,"type":"hold"},{"type":"block","speedMult":5,"time":200.00000508626,"angle":0},{"type":"block","speedMult":5,"time":200.3333384196,"angle":16.875},{"type":"block","speedMult":5,"time":200.49999491374,"angle":5.625},{"type":"block","speedMult":5,"time":200.16666666667,"angle":-5.625},{"type":"block","speedMult":5,"time":200.66666666667,"angle":7.5},{"type":"block","speedMult":5,"time":200.33333333333,"angle":0},{"type":"block","speedMult":5,"time":200.66667683919,"angle":1.875},{"type":"block","speedMult":5,"time":200.83332824707,"angle":-7.5},{"type":"block","speedMult":5,"time":201,"angle":-11.25},{"type":"block","speedMult":5,"time":200.50000508626,"angle":11.25},{"type":"block","speedMult":5,"time":200.83332824707,"angle":-5.625},{"type":"block","speedMult":5,"time":200.83332824707,"angle":-11.25},{"type":"block","speedMult":5,"time":201,"angle":-5.625},{"type":"block","speedMult":5,"time":200.83332824707,"angle":0},{"speedMult":5,"time":200.66665649414,"angle":11.25,"segments":2,"holdEase":"outElastic","angle2":0,"duration":0.16666658222675,"type":"hold"},{"speedMult":5,"time":200.66667175293,"angle":-11.25,"segments":2,"holdEase":"outElastic","angle2":0,"duration":0.16666658222675,"type":"hold"},{"type":"hold","angle2":0,"time":199.5,"duration":1.4999998807907,"angle":0},{"type":"block","time":201.16667175293,"angle":0},{"type":"block","time":201.33332824707,"angle":15},{"type":"block","time":201.5,"angle":0},{"type":"block","time":201.66667175293,"angle":15},{"type":"block","time":201.83332824707,"angle":30},{"type":"block","time":202,"angle":15},{"type":"block","time":202.16667175293,"angle":30},{"type":"block","time":202.33332824707,"angle":45},{"type":"hold","holdEase":"outBack","duration":0.49999994039536,"time":202.5,"angle2":0,"angle":60},{"type":"block","time":203.16667175293,"angle":0},{"type":"block","time":203.33332824707,"angle":-15},{"type":"block","time":203.5,"angle":0},{"type":"block","time":203.66667175293,"angle":-15},{"type":"block","time":203.83332824707,"angle":-30},{"type":"block","time":204,"angle":-15},{"type":"block","time":204.16667175293,"angle":-30},{"type":"block","time":204.33332824707,"angle":-45},{"type":"hold","holdEase":"outSine","duration":0.49999994039536,"time":204.5,"angle2":0,"angle":-60},{"type":"hold","angle2":345,"time":204.83332824707,"duration":0,"angle":345},{"type":"hold","angle2":15,"time":205,"duration":0.16666658222675,"angle":0},{"type":"hold","holdEase":"outSine","duration":0.16666658222675,"time":205.16667175293,"angle2":30,"angle":15},{"type":"hold","angle2":15,"time":205.33332824707,"duration":0.16666667163372,"angle":30},{"type":"hold","angle2":0,"time":205.5,"duration":0.16666667163372,"angle":15},{"type":"hold","angle2":-15,"time":205.66667175293,"duration":0.16666658222675,"angle":0},{"type":"hold","holdEase":"outSine","duration":0.16666658222675,"time":205.83332824707,"angle2":330,"angle":345},{"type":"hold","angle2":345,"time":206,"duration":0.16666658222675,"angle":330},{"type":"hold","angle2":360,"time":206.16667175293,"duration":0.16666658222675,"angle":345},{"type":"hold","angle2":15,"time":206.33332824707,"duration":0.16666667163372,"angle":0},{"type":"hold","angle2":-15,"time":206.5,"duration":0.49999994039536,"angle":15},{"type":"block","time":207.16667175293,"angle":360},{"type":"block","time":207.33332824707,"angle":15},{"type":"block","time":207.5,"angle":30},{"type":"block","time":207.66667175293,"angle":15},{"type":"block","time":207.83332824707,"angle":0},{"type":"block","time":208,"angle":345},{"type":"block","time":208.16667175293,"angle":330},{"type":"block","time":208.33332824707,"angle":345},{"type":"block","time":208.5,"angle":0},{"type":"block","time":208.66667175293,"angle":5.625},{"type":"block","time":208.83332824707,"angle":0},{"type":"block","time":208.66667175293,"angle":354.375},{"type":"block","time":208.83332824707,"angle":354.375},{"type":"block","time":208.83332824707,"angle":5.625},{"type":"block","time":209,"angle":5.625},{"type":"block","time":209,"angle":354.375},{"type":"block","time":209,"angle":360},{"type":"block","time":209.5,"angle":22.5},{"type":"block","time":210,"tap":true,"angle":337.5},{"type":"block","time":211,"angle":-112.5},{"type":"block","time":211.5,"tap":true,"angle":202.5},{"type":"block","time":212,"angle":225},{"type":"block","time":212.5,"tap":true,"angle":-112.5},{"type":"block","time":213.5,"angle":-67.5},{"type":"block","time":214,"tap":true,"angle":-22.5},{"type":"block","time":215,"angle":-67.5},{"type":"block","time":215.5,"tap":true,"angle":-45},{"type":"block","time":216,"angle":-45},{"type":"block","time":216.66666603088,"angle":-67.5},{"type":"block","time":210.75,"angle":213.75},{"type":"block","time":214.75,"angle":-78.75},{"type":"block","time":216.33333396912,"angle":-56.25},{"segments":1,"duration":0.49999994039536,"time":213,"type":"hold","angle2":-56.25,"angle":-45},{"type":"hold","holdEase":"outBack","duration":0.5,"time":217,"angle2":-11.25,"angle":-56.25},{"type":"hold","holdEase":"inBack","duration":0.5,"time":217.5,"angle":-11.25,"angle2":11.25,"endTap":true},{"type":"block","time":218.75,"angle":-45},{"type":"block","time":219,"angle":-33.75},{"type":"block","time":219.5,"tap":true,"angle":-67.5},{"type":"block","time":220,"angle":-45},{"type":"block","time":220.5,"tap":true,"angle":247.5},{"type":"block","time":221,"angle":258.75},{"type":"block","time":221.5,"angle":191.25},{"type":"block","time":222,"tap":true,"angle":168.75},{"type":"block","time":222.75,"angle":22.5},{"type":"block","time":223,"angle":33.75},{"type":"block","time":223.5,"tap":true,"angle":45},{"type":"block","time":224,"angle":71.25},{"type":"block","time":224.66666793823,"angle":11.25},{"type":"block","time":224.33333206177,"angle":41.25},{"type":"block","time":225,"angle":-33.75},{"type":"block","time":225.5,"angle":-33.75},{"type":"hold","holdEase":"outQuint","duration":0.83333331346512,"time":226,"angle2":-191.25,"startTap":true,"angle":-78.75},{"type":"hold","angle2":168.75,"time":227,"duration":0,"angle":168.75},{"type":"block","time":227.5,"tap":true,"angle":101.25},{"type":"block","time":228,"angle":146.25},{"type":"block","time":228.5,"tap":true,"angle":191.25},{"type":"block","time":229,"angle":146.25},{"type":"block","time":229.5,"angle":146.25},{"type":"block","time":230,"tap":true,"angle":56.25},{"type":"block","time":230.75,"angle":78.75},{"type":"block","time":231,"angle":101.25},{"type":"block","time":231.5,"tap":true,"angle":33.75},{"type":"block","time":232,"angle":56.25},{"type":"block","time":232.33333206177,"angle":33.75},{"type":"block","time":232.66666793823,"angle":11.25},{"type":"block","time":233,"angle":33.75},{"type":"block","time":233.5,"angle":78.75},{"type":"block","time":234,"tap":true,"angle":123.75},{"type":"block","time":234.75,"angle":191.25},{"type":"block","time":235,"angle":168.75},{"type":"block","time":235.5,"tap":true,"angle":213.75},{"type":"block","time":236,"angle":191.25},{"type":"block","time":236.5,"tap":true,"angle":213.75},{"type":"block","time":237,"angle":258.75},{"type":"block","time":237.5,"angle":258.75},{"type":"hold","angle2":213.75,"time":238,"duration":0.75,"startTap":true,"angle":281.25},{"type":"block","time":240,"angle":123.75},{"type":"block","time":240.33333206177,"angle":101.25},{"type":"block","time":240.66666793823,"angle":78.75},{"type":"block","time":239.5,"tap":true,"angle":78.75},{"type":"hold","angle2":33.75,"time":193.5,"duration":0.33333331346512,"angle":0},{"type":"hold","angle2":-11.25,"time":194,"duration":0.33333325386047,"angle":22.5},{"type":"hold","angle2":-33.75,"time":194.5,"duration":0.16666658222675,"angle":0},{"type":"hold","angle2":337.5,"time":195,"duration":0.16666658222675,"angle":326.25},{"type":"hold","angle2":348.75,"time":195.16667175293,"duration":0.16666658222675,"angle":337.5},{"type":"hold","angle2":360,"time":195.33332824707,"duration":0,"angle":348.75},{"type":"hold","holdEase":"outBack","duration":0.33333325386047,"time":195.5,"angle2":45,"angle":11.25},{"type":"hold","angle2":33.75,"time":196,"duration":0,"angle":33.75},{"type":"hold","angle2":22.5,"time":196.16667175293,"duration":0,"angle":22.5},{"type":"hold","angle2":11.25,"time":196.33332824707,"duration":0,"angle":11.25},{"type":"hold","angle2":352.5,"time":196.5,"duration":0.16666667163372,"angle":360},{"type":"hold","angle2":393.75,"time":197,"duration":1,"angle":326.25},{"type":"hold","angle2":11.25,"time":197.16667175293,"duration":0.33333334326744,"angle":-15},{"type":"hold","angle2":371.25,"time":197.33332824707,"duration":0.16666658222675,"angle":348.75},{"type":"hold","holdEase":"inBack","duration":1.5,"time":241.25,"angle2":180,"angle":0},{"type":"hold","holdEase":"outSine","duration":0.75,"time":242.75,"angle2":382.5,"angle":180},{"type":"hold","holdEase":"outExpo","duration":1,"time":243.5,"angle2":360,"angle":382.5},{"type":"hold","duration":0,"time":245,"angle":0,"angle2":0,"startTap":true,"endTap":true},{"type":"hold","holdEase":"inOutExpo","duration":1.5,"time":245.25,"angle2":-225,"angle":0},{"type":"hold","angle2":225,"time":246.75,"duration":0.875,"angle":135},{"type":"hold","holdEase":"inExpo","duration":1.7499998807907,"time":249,"angle2":0,"startTap":true,"angle":180},{"type":"hold","angle2":90,"time":247.625,"duration":0.625,"angle":225},{"type":"hold","angle2":112.5,"time":248.5,"duration":0,"angle":112.5},{"type":"hold","angle2":135,"time":248.66667175293,"duration":0,"angle":135},{"type":"hold","angle2":157.5,"time":248.83332824707,"duration":0,"angle":157.5},{"type":"hold","holdEase":"outExpo","duration":0.75,"time":250.75,"angle2":450,"angle":360},{"type":"hold","holdEase":"outBack","duration":0.5,"time":251.5,"angle2":0,"angle":90},{"type":"hold","holdEase":"outSine","duration":1.5,"time":253.25,"angle2":360,"angle":0},{"type":"hold","angle2":0,"time":253,"duration":0.25,"startTap":true,"angle":0},{"type":"hold","holdEase":"inOutSine","duration":1.5,"time":254.75,"angle2":-360,"angle":0},{"type":"hold","angle2":0,"time":252.5,"duration":0,"angle":0},{"type":"hold","angle2":0,"time":252.66667175293,"duration":0,"angle":0},{"type":"hold","angle2":22.5,"time":252.66667175293,"duration":0,"angle":22.5},{"type":"hold","angle2":337.5,"time":252.66667175293,"duration":0,"angle":337.5},{"type":"hold","angle2":22.5,"time":252.83332824707,"duration":0,"angle":22.5},{"type":"hold","angle2":337.5,"time":252.83332824707,"duration":0,"angle":337.5},{"type":"hold","angle2":-7.5,"time":198.33332824707,"duration":0.16666658222675,"angle":22.5},{"type":"hold","angle2":352.5,"time":198.5,"duration":0.16666667163372,"angle":360},{"type":"hold","angle2":15,"time":199,"duration":0,"angle":15},{"type":"hold","angle2":0,"time":199.16667175293,"duration":0,"angle":0},{"type":"hold","angle2":345,"time":199.33332824707,"duration":0,"angle":345}]