{"properties":{"startingBeat":-2,"formatversion":13,"offset":5,"speed":70},"metadata":{"artistLink":"","difficulty":8,"artist":"LilyNiku","charter":"Coz the Bunny","bgData":{"greenChannel":{"r":255,"b":255,"g":255},"yellowChannel":{"r":255,"b":0,"g":233},"magentaChannel":{"r":255,"b":255,"g":255},"cyanChannel":{"r":255,"b":255,"g":255},"image":"bosp thumb.png","redChannel":{"r":255,"b":0,"g":0},"blueChannel":{"r":198,"b":255,"g":125}},"bg":true,"description":"'IM oN tHA Molly im on thA bEaN' -misread lyrics of og sample","songName":"bits of sharp plastic"},"events":[{"type":"play","time":1,"file":"bits of sharp plastic.ogg","angle":180,"bpm":80,"volume":1},{"type":"setBPM","time":17,"bpm":160,"angle":270},{"type":"ease","duration":1,"ease":"outSine","angle":292.5,"time":-2,"var":"scrollSpeed","value":1.5},{"type":"ease","duration":19,"time":-2,"angle":247.5,"ease":"inSine","var":"p.feedbackAmplitude","value":-3},{"color":1,"b":255,"time":-2,"type":"setColor","r":198,"g":125,"angle":22.5},{"r":0,"b":0,"time":16.5,"g":0,"angle":168.75,"type":"bookmark","name":"beat kicks in","description":""},{"type":"ease","duration":0.33333331346512,"time":16.5,"angle":191.25,"ease":"outSine","var":"vfx.angleTwist.offset","value":10},{"type":"ease","duration":1,"time":17,"angle":180,"ease":"outSine","var":"vfx.angleTwist.offset","value":-10},{"type":"ease","duration":1,"time":18,"angle":180,"ease":"outSine","var":"vfx.angleTwist.offset","value":10},{"type":"ease","duration":1,"time":19,"angle":180,"ease":"outSine","var":"vfx.angleTwist.offset","value":-10},{"type":"ease","duration":1,"time":20,"angle":180,"ease":"outSine","var":"vfx.angleTwist.offset","value":10},{"type":"ease","duration":1,"time":21,"angle":180,"ease":"outSine","var":"vfx.angleTwist.offset","value":-10},{"type":"ease","duration":1,"time":22,"angle":180,"ease":"outSine","var":"vfx.angleTwist.offset","value":10},{"type":"ease","duration":1,"time":23,"angle":180,"ease":"outSine","var":"vfx.angleTwist.offset","value":-10},{"type":"ease","duration":1,"time":24,"angle":180,"ease":"outSine","var":"vfx.angleTwist.offset","value":10},{"type":"ease","duration":1,"time":25,"angle":180,"ease":"outSine","var":"vfx.angleTwist.offset","value":-10},{"type":"ease","duration":1,"time":26,"angle":180,"ease":"outSine","var":"vfx.angleTwist.offset","value":10},{"type":"ease","duration":1,"time":27,"angle":180,"ease":"outSine","var":"vfx.angleTwist.offset","value":-10},{"type":"ease","duration":1,"time":28,"angle":180,"ease":"outSine","var":"vfx.angleTwist.offset","value":10},{"type":"ease","duration":1,"time":29,"angle":180,"ease":"outSine","var":"vfx.angleTwist.offset","value":-10},{"type":"ease","duration":1,"time":30,"angle":180,"ease":"outSine","var":"vfx.angleTwist.offset","value":10},{"type":"ease","duration":1,"time":31,"angle":180,"ease":"outSine","var":"vfx.angleTwist.offset","value":-10},{"type":"ease","duration":1,"time":32,"angle":180,"ease":"outSine","var":"vfx.angleTwist.offset","value":10},{"duration":19,"time":-2,"newWidth":63,"enabled":true,"type":"paddles","angle":157.5,"paddle":2,"ease":"outSine"},{"spriteName":"happy","time":16.333333969116,"type":"forcePlayerSprite","angle":270},{"spriteName":"angry","time":16.5,"type":"forcePlayerSprite","angle":90},{"color":0,"chance":0.5,"time":-2,"type":"noise","angle":337.5},{"type":"hom","time":-2,"enable":true,"angle":0},{"type":"ease","duration":0.5,"time":16.5,"angle":360,"var":"scrollSpeed","value":2},{"type":"ease","duration":1,"time":17,"angle":281.25,"ease":"outBack","var":"scrollSpeed","value":1.5},{"type":"showResults","time":256,"angle":360},{"spriteName":"idle","time":21,"type":"forcePlayerSprite","angle":315},{"spriteName":"angry","time":21.25,"type":"forcePlayerSprite","angle":315},{"spriteName":"idle","time":21.75,"type":"forcePlayerSprite","angle":315},{"spriteName":"angry","time":22,"type":"forcePlayerSprite","angle":315},{"spriteName":"idle","time":29,"type":"forcePlayerSprite","angle":315},{"spriteName":"angry","time":29.25,"type":"forcePlayerSprite","angle":315},{"spriteName":"idle","time":29.75,"type":"forcePlayerSprite","angle":315},{"spriteName":"angry","time":30,"type":"forcePlayerSprite","angle":315},{"spriteName":"idle","time":37,"type":"forcePlayerSprite","angle":315},{"spriteName":"angry","time":37.25,"type":"forcePlayerSprite","angle":315},{"spriteName":"idle","time":37.75,"type":"forcePlayerSprite","angle":315},{"spriteName":"angry","time":38,"type":"forcePlayerSprite","angle":315},{"spriteName":"idle","time":45,"type":"forcePlayerSprite","angle":315},{"spriteName":"angry","time":45.25,"type":"forcePlayerSprite","angle":315},{"spriteName":"idle","time":45.75,"type":"forcePlayerSprite","angle":315},{"spriteName":"angry","time":46,"type":"forcePlayerSprite","angle":315},{"spriteName":"idle","time":31.5,"type":"forcePlayerSprite","angle":315},{"spriteName":"angry","time":31.75,"type":"forcePlayerSprite","angle":315},{"spriteName":"idle","time":47.5,"type":"forcePlayerSprite","angle":315},{"spriteName":"angry","time":47.75,"type":"forcePlayerSprite","angle":315},{"spriteName":"idle","time":53,"type":"forcePlayerSprite","angle":315},{"spriteName":"angry","time":53.25,"type":"forcePlayerSprite","angle":315},{"spriteName":"idle","time":53.75,"type":"forcePlayerSprite","angle":315},{"spriteName":"angry","time":54,"type":"forcePlayerSprite","angle":315},{"spriteName":"idle","time":61,"type":"forcePlayerSprite","angle":315},{"spriteName":"angry","time":61.25,"type":"forcePlayerSprite","angle":315},{"spriteName":"idle","time":61.75,"type":"forcePlayerSprite","angle":315},{"spriteName":"angry","time":62,"type":"forcePlayerSprite","angle":315},{"spriteName":"idle","time":63.5,"type":"forcePlayerSprite","angle":315},{"spriteName":"angry","time":63.75,"type":"forcePlayerSprite","angle":315},{"spriteName":"idle","time":69,"type":"forcePlayerSprite","angle":315},{"spriteName":"angry","time":69.25,"type":"forcePlayerSprite","angle":315},{"spriteName":"idle","time":69.75,"type":"forcePlayerSprite","angle":315},{"spriteName":"angry","time":70,"type":"forcePlayerSprite","angle":315},{"spriteName":"idle","time":77,"type":"forcePlayerSprite","angle":315},{"spriteName":"angry","time":77.25,"type":"forcePlayerSprite","angle":315},{"spriteName":"idle","time":77.75,"type":"forcePlayerSprite","angle":315},{"spriteName":"angry","time":78,"type":"forcePlayerSprite","angle":315},{"spriteName":"idle","time":79.5,"type":"forcePlayerSprite","angle":315},{"spriteName":"angry","time":79.75,"type":"forcePlayerSprite","angle":315},{"color":0,"b":0,"time":47,"type":"setColor","r":0,"g":0,"angle":90},{"color":0,"b":255,"time":49,"type":"setColor","r":255,"g":255,"angle":180},{"color":0,"b":127,"time":46.833332061768,"type":"setColor","r":127,"g":127,"angle":90},{"r":0,"b":0,"time":81,"g":0,"angle":90,"type":"bookmark","name":"coolio part","description":""},{"type":"ease","duration":3,"time":81,"angle":270,"ease":"inOutSine","var":"p.x","value":0},{"type":"ease","duration":3,"time":81,"angle":247.5,"ease":"inOutSine","var":"p.y","value":0},{"type":"ease","duration":3,"time":81,"angle":225,"ease":"inOutSine","var":"p.bodyRadius","value":200},{"type":"ease","duration":3,"time":81,"angle":202.5,"ease":"inOutSine","var":"p.paddleDistance","value":205},{"type":"paddles","duration":4,"time":81,"paddle":1,"ease":"inOutSine","newWidth":25,"angle":180},{"type":"paddles","duration":4,"time":81,"paddle":2,"ease":"inOutSine","newWidth":23,"angle":157.5},{"spriteName":"none","time":81,"type":"forcePlayerSprite","angle":135},{"color":0,"b":255,"time":81,"type":"setColor","r":198,"g":125,"angle":112.5},{"color":1,"b":255,"time":81,"type":"setColor","r":255,"g":255,"angle":67.5},{"type":"setBPM","time":81,"bpm":80,"angle":45},{"type":"ease","duration":1,"time":85,"angle":270,"ease":"outExpo","var":"p.x","value":600},{"type":"ease","time":81,"value":5,"var":"p.ouchTime","angle":292.5},{"type":"ease","duration":1,"time":88,"angle":270,"ease":"outExpo","var":"p.y","value":360},{"type":"ease","duration":0.5,"time":96.5625,"angle":0,"ease":"outBack","var":"p.x","value":0},{"type":"ease","duration":0.5,"time":112.5,"angle":0,"ease":"outExpo","var":"p.paddleDistance","value":31},{"type":"ease","duration":0.5,"ease":"outExpo","angle":348.75,"time":112.5,"var":"p.bodyRadius","value":20},{"type":"ease","duration":0.5,"time":112.5,"angle":337.5,"ease":"outExpo","var":"p.x","value":300},{"type":"ease","duration":0.5,"time":112.5,"angle":326.25,"ease":"outExpo","var":"p.y","value":180},{"duration":0.5,"time":112.5,"newWidth":93,"enabled":true,"type":"paddles","angle":285,"paddle":2,"ease":"outExpo"},{"duration":0.5,"time":112.5,"newWidth":100,"enabled":true,"type":"paddles","angle":303.75,"paddle":1,"ease":"outExpo"},{"color":0,"b":0,"time":96,"type":"setColor","r":0,"g":0,"angle":90},{"color":0,"b":136,"time":95.91667175293,"type":"setColor","r":103,"g":61,"angle":90},{"color":0,"b":255,"time":96.541664123535,"type":"setColor","r":198,"g":125,"angle":90},{"color":0,"b":136,"time":96.520835876465,"type":"setColor","r":103,"g":61,"angle":90},{"color":1,"b":255,"time":113,"type":"setColor","r":198,"g":125,"angle":292.5},{"color":0,"b":0,"time":113,"type":"setColor","r":0,"g":0,"angle":101.25},{"spriteName":"angry","time":112.5,"type":"forcePlayerSprite","angle":262.5},{"type":"ease","time":112.5,"value":15,"var":"p.ouchTime","angle":236.25},{"r":0,"b":0,"time":112.5,"g":0,"angle":45,"type":"bookmark","name":"vocals","description":""},{"type":"setBPM","time":113,"bpm":160,"angle":270},{"type":"ease","time":158.33332824707,"value":100,"var":"extraHoldLeniency","angle":300},{"type":"paddles","duration":0.5,"time":158.5,"paddle":2,"ease":"outBack","newWidth":720,"angle":300},{"duration":0.16666667163372,"time":158.5,"newWidth":360,"angle":315,"type":"paddles","paddle":1,"newAngle":180,"ease":"linear"},{"type":"paddles","duration":0,"time":160.83332824707,"paddle":1,"newAngle":0,"ease":"linear","angle":90},{"duration":1,"time":161,"newWidth":93,"enabled":true,"type":"paddles","angle":281.25,"paddle":2,"ease":"outExpo"},{"duration":1,"time":161,"newWidth":100,"enabled":true,"type":"paddles","angle":303.75,"paddle":1,"ease":"outExpo"},{"color":0,"b":255,"time":177,"type":"setColor","r":198,"g":125,"angle":95.625},{"color":1,"b":255,"time":177,"type":"setColor","r":255,"g":255,"angle":50.625},{"r":0,"b":0,"time":176,"g":0,"angle":270,"type":"bookmark","name":"coolio part 2","description":""},{"type":"ease","duration":1,"time":176,"angle":3.75,"ease":"inOutSine","var":"p.bodyRadius","value":200},{"type":"ease","duration":1,"time":176,"angle":26.25,"ease":"inOutSine","var":"p.paddleDistance","value":205},{"type":"paddles","duration":1,"time":176,"paddle":1,"ease":"inOutSine","newWidth":25,"angle":-300},{"type":"paddles","duration":1,"time":176,"paddle":2,"ease":"inOutSine","newWidth":23,"angle":-277.5},{"type":"ease","time":176,"value":5,"var":"p.ouchTime","angle":-412.5},{"type":"setBPM","time":177,"bpm":80,"angle":343.125},{"type":"ease","time":176,"value":180,"var":"p.lookRadius","angle":331.875},{"spriteName":"","time":176,"type":"forcePlayerSprite","angle":292.5},{"type":"ease","time":176,"value":2,"var":"scrollSpeed","angle":247.5},{"type":"ease","duration":1,"time":176,"angle":112.5,"var":"p.y","value":-50},{"type":"ease","duration":0.5,"time":192.5625,"angle":-202.5,"ease":"outBack","var":"p.y","value":410},{"color":0,"b":0,"time":192,"type":"setColor","r":0,"g":0,"angle":-292.5},{"color":0,"b":136,"time":191.91667175293,"type":"setColor","r":103,"g":61,"angle":-292.5},{"color":0,"b":255,"time":192.54166412353,"type":"setColor","r":198,"g":125,"angle":-292.5},{"color":0,"b":136,"time":192.52083587647,"type":"setColor","r":103,"g":61,"angle":-292.5},{"type":"ease","time":197.66665649414,"value":100,"var":"extraHoldLeniency","angle":-243.75},{"type":"paddles","duration":1,"time":199,"paddle":1,"ease":"inOutSine","newWidth":40,"angle":-300},{"type":"paddles","duration":1,"time":199,"newWidth":37,"ease":"inOutSine","paddle":2,"angle":-277.5},{"type":"paddles","duration":1,"time":201,"paddle":1,"ease":"inOutSine","newWidth":25,"angle":-300},{"type":"paddles","duration":1,"time":201,"newWidth":23,"ease":"inOutSine","paddle":2,"angle":-277.5},{"type":"ease","duration":0.5,"time":208.5,"angle":-45,"ease":"outExpo","var":"p.paddleDistance","value":31},{"type":"ease","duration":0.5,"time":208.5,"angle":303.75,"ease":"outExpo","var":"p.bodyRadius","value":20},{"type":"ease","duration":0.5,"time":208.5,"angle":292.5,"ease":"outExpo","var":"p.x","value":300},{"type":"ease","duration":0.5,"time":208.5,"angle":281.25,"ease":"outExpo","var":"p.y","value":180},{"duration":0.5,"time":208.5,"newWidth":93,"enabled":true,"type":"paddles","angle":240,"paddle":2,"ease":"outExpo"},{"duration":0.5,"time":208.5,"newWidth":100,"enabled":true,"type":"paddles","angle":258.75,"paddle":1,"ease":"outExpo"},{"spriteName":"angry","time":208.5,"type":"forcePlayerSprite","angle":217.5},{"type":"ease","time":208.5,"value":15,"var":"p.ouchTime","angle":191.25},{"type":"ease","duration":0.5,"time":208.5,"angle":33.75,"ease":"outExpo","var":"p.lookRadius","value":5},{"type":"setBPM","time":209,"bpm":160,"angle":90},{"r":0,"b":0,"time":208.5,"g":0,"angle":90,"type":"bookmark","name":"ending","description":""},{"spriteName":"idle","time":213,"type":"forcePlayerSprite","angle":315},{"spriteName":"angry","time":213.25,"type":"forcePlayerSprite","angle":315},{"spriteName":"idle","time":213.75,"type":"forcePlayerSprite","angle":315},{"spriteName":"angry","time":214,"type":"forcePlayerSprite","angle":315},{"spriteName":"idle","time":221,"type":"forcePlayerSprite","angle":315},{"spriteName":"angry","time":221.25,"type":"forcePlayerSprite","angle":315},{"spriteName":"idle","time":221.75,"type":"forcePlayerSprite","angle":315},{"spriteName":"angry","time":222,"type":"forcePlayerSprite","angle":315},{"spriteName":"idle","time":229,"type":"forcePlayerSprite","angle":315},{"spriteName":"angry","time":229.25,"type":"forcePlayerSprite","angle":315},{"spriteName":"idle","time":229.75,"type":"forcePlayerSprite","angle":315},{"spriteName":"angry","time":230,"type":"forcePlayerSprite","angle":315},{"spriteName":"idle","time":237,"type":"forcePlayerSprite","angle":315},{"spriteName":"angry","time":237.25,"type":"forcePlayerSprite","angle":315},{"spriteName":"idle","time":237.75,"type":"forcePlayerSprite","angle":315},{"spriteName":"angry","time":238,"type":"forcePlayerSprite","angle":315},{"spriteName":"idle","time":223.5,"type":"forcePlayerSprite","angle":315},{"spriteName":"angry","time":223.75,"type":"forcePlayerSprite","angle":315},{"spriteName":"idle","time":239.5,"type":"forcePlayerSprite","angle":315},{"spriteName":"angry","time":239.75,"type":"forcePlayerSprite","angle":315},{"type":"ease","duration":0.5,"time":208.5,"angle":135,"ease":"outSine","var":"scrollSpeed","value":1.5},{"type":"ease","duration":1,"time":33,"angle":180,"ease":"outSine","var":"vfx.angleTwist.offset","value":-10},{"type":"ease","duration":1,"time":34,"angle":180,"ease":"outSine","var":"vfx.angleTwist.offset","value":10},{"type":"ease","duration":1,"time":35,"angle":180,"ease":"outSine","var":"vfx.angleTwist.offset","value":-10},{"type":"ease","duration":1,"time":36,"angle":180,"ease":"outSine","var":"vfx.angleTwist.offset","value":10},{"type":"ease","duration":1,"time":37,"angle":180,"ease":"outSine","var":"vfx.angleTwist.offset","value":-10},{"type":"ease","duration":1,"time":38,"angle":180,"ease":"outSine","var":"vfx.angleTwist.offset","value":10},{"type":"ease","duration":1,"time":39,"angle":180,"ease":"outSine","var":"vfx.angleTwist.offset","value":-10},{"type":"ease","duration":1,"time":40,"angle":180,"ease":"outSine","var":"vfx.angleTwist.offset","value":10},{"type":"ease","duration":1,"time":41,"angle":180,"ease":"outSine","var":"vfx.angleTwist.offset","value":-10},{"type":"ease","duration":1,"time":42,"angle":180,"ease":"outSine","var":"vfx.angleTwist.offset","value":10},{"type":"ease","duration":1,"time":43,"angle":180,"ease":"outSine","var":"vfx.angleTwist.offset","value":-10},{"type":"ease","duration":1,"time":44,"angle":180,"ease":"outSine","var":"vfx.angleTwist.offset","value":10},{"type":"ease","duration":1,"time":45,"angle":180,"ease":"outSine","var":"vfx.angleTwist.offset","value":-10},{"type":"ease","duration":1,"time":46,"angle":180,"ease":"outSine","var":"vfx.angleTwist.offset","value":10},{"type":"ease","duration":1,"time":47,"angle":180,"ease":"outSine","var":"vfx.angleTwist.offset","value":-10},{"type":"ease","duration":1,"time":48,"angle":180,"ease":"outSine","var":"vfx.angleTwist.offset","value":10},{"type":"ease","duration":1,"time":49,"angle":168.75,"ease":"outSine","var":"vfx.angleTwist.offset","value":-10},{"type":"ease","duration":1,"time":50,"angle":168.75,"ease":"outSine","var":"vfx.angleTwist.offset","value":10},{"type":"ease","duration":1,"time":51,"angle":168.75,"ease":"outSine","var":"vfx.angleTwist.offset","value":-10},{"type":"ease","duration":1,"time":52,"angle":168.75,"ease":"outSine","var":"vfx.angleTwist.offset","value":10},{"type":"ease","duration":1,"time":53,"angle":168.75,"ease":"outSine","var":"vfx.angleTwist.offset","value":-10},{"type":"ease","duration":1,"time":54,"angle":168.75,"ease":"outSine","var":"vfx.angleTwist.offset","value":10},{"type":"ease","duration":1,"time":55,"angle":168.75,"ease":"outSine","var":"vfx.angleTwist.offset","value":-10},{"type":"ease","duration":1,"time":56,"angle":168.75,"ease":"outSine","var":"vfx.angleTwist.offset","value":10},{"type":"ease","duration":1,"time":57,"angle":168.75,"ease":"outSine","var":"vfx.angleTwist.offset","value":-10},{"type":"ease","duration":1,"time":58,"angle":168.75,"ease":"outSine","var":"vfx.angleTwist.offset","value":10},{"type":"ease","duration":1,"time":59,"angle":168.75,"ease":"outSine","var":"vfx.angleTwist.offset","value":-10},{"type":"ease","duration":1,"time":60,"angle":168.75,"ease":"outSine","var":"vfx.angleTwist.offset","value":10},{"type":"ease","duration":1,"time":61,"angle":168.75,"ease":"outSine","var":"vfx.angleTwist.offset","value":-10},{"type":"ease","duration":1,"time":62,"angle":168.75,"ease":"outSine","var":"vfx.angleTwist.offset","value":10},{"type":"ease","duration":1,"time":63,"angle":168.75,"ease":"outSine","var":"vfx.angleTwist.offset","value":-10},{"type":"ease","duration":1,"time":64,"angle":168.75,"ease":"outSine","var":"vfx.angleTwist.offset","value":10},{"type":"ease","duration":1,"time":65,"angle":180,"ease":"outSine","var":"vfx.angleTwist.offset","value":-10},{"type":"ease","duration":1,"time":66,"angle":180,"ease":"outSine","var":"vfx.angleTwist.offset","value":10},{"type":"ease","duration":1,"time":67,"angle":180,"ease":"outSine","var":"vfx.angleTwist.offset","value":-10},{"type":"ease","duration":1,"time":68,"angle":180,"ease":"outSine","var":"vfx.angleTwist.offset","value":10},{"type":"ease","duration":1,"time":69,"angle":180,"ease":"outSine","var":"vfx.angleTwist.offset","value":-10},{"type":"ease","duration":1,"time":70,"angle":180,"ease":"outSine","var":"vfx.angleTwist.offset","value":10},{"type":"ease","duration":1,"time":71,"angle":180,"ease":"outSine","var":"vfx.angleTwist.offset","value":-10},{"type":"ease","duration":1,"time":72,"angle":180,"ease":"outSine","var":"vfx.angleTwist.offset","value":10},{"type":"ease","duration":1,"time":73,"angle":180,"ease":"outSine","var":"vfx.angleTwist.offset","value":-10},{"type":"ease","duration":1,"time":74,"angle":180,"ease":"outSine","var":"vfx.angleTwist.offset","value":10},{"type":"ease","duration":1,"time":75,"angle":180,"ease":"outSine","var":"vfx.angleTwist.offset","value":-10},{"type":"ease","duration":1,"time":76,"angle":180,"ease":"outSine","var":"vfx.angleTwist.offset","value":10},{"type":"ease","duration":1,"time":77,"angle":180,"ease":"outSine","var":"vfx.angleTwist.offset","value":-10},{"type":"ease","duration":1,"time":78,"angle":180,"ease":"outSine","var":"vfx.angleTwist.offset","value":10},{"type":"ease","duration":1,"time":79,"angle":180,"ease":"outSine","var":"vfx.angleTwist.offset","value":-10},{"type":"ease","duration":1,"time":80,"angle":180,"ease":"outSine","var":"vfx.angleTwist.offset","value":10},{"type":"setBPM","time":241,"bpm":80,"angle":180},{"spriteName":"idle","time":247,"type":"forcePlayerSprite","angle":315},{"spriteName":"angry","time":247.125,"type":"forcePlayerSprite","angle":315},{"spriteName":"idle","time":247.375,"type":"forcePlayerSprite","angle":315},{"spriteName":"angry","time":247.5,"type":"forcePlayerSprite","angle":315},{"spriteName":"idle","time":243,"type":"forcePlayerSprite","angle":315},{"spriteName":"angry","time":243.125,"type":"forcePlayerSprite","angle":315},{"spriteName":"idle","time":243.375,"type":"forcePlayerSprite","angle":315},{"spriteName":"angry","time":243.5,"type":"forcePlayerSprite","angle":315},{"spriteName":"idle","time":248.25,"type":"forcePlayerSprite","angle":315},{"spriteName":"angry","time":248.375,"type":"forcePlayerSprite","angle":315},{"spriteName":"idle","time":255,"type":"forcePlayerSprite","angle":315},{"spriteName":"angry","time":255.125,"type":"forcePlayerSprite","angle":315},{"spriteName":"idle","time":255.375,"type":"forcePlayerSprite","angle":315},{"spriteName":"angry","time":255.5,"type":"forcePlayerSprite","angle":315},{"spriteName":"idle","time":251,"type":"forcePlayerSprite","angle":315},{"spriteName":"angry","time":251.125,"type":"forcePlayerSprite","angle":315},{"spriteName":"idle","time":251.375,"type":"forcePlayerSprite","angle":315},{"spriteName":"angry","time":251.5,"type":"forcePlayerSprite","angle":315},{"spriteName":"idle","time":256.25,"type":"forcePlayerSprite","angle":315},{"spriteName":"happy","time":256.375,"type":"forcePlayerSprite","angle":315},{"type":"ease","duration":1,"time":114,"angle":202.5,"ease":"outSine","var":"vfx.angleTwist.offset","value":10},{"type":"ease","duration":1,"time":115,"angle":202.5,"ease":"outSine","var":"vfx.angleTwist.offset","value":-10},{"type":"ease","duration":1,"time":116,"angle":202.5,"ease":"outSine","var":"vfx.angleTwist.offset","value":10},{"type":"ease","duration":1,"time":117,"angle":202.5,"ease":"outSine","var":"vfx.angleTwist.offset","value":-10},{"type":"ease","duration":1,"time":118,"angle":202.5,"ease":"outSine","var":"vfx.angleTwist.offset","value":10},{"type":"ease","duration":1,"time":119,"angle":202.5,"ease":"outSine","var":"vfx.angleTwist.offset","value":-10},{"type":"ease","duration":1,"time":120,"angle":202.5,"ease":"outSine","var":"vfx.angleTwist.offset","value":10},{"type":"ease","duration":1,"time":121,"angle":202.5,"ease":"outSine","var":"vfx.angleTwist.offset","value":-10},{"type":"ease","duration":1,"time":122,"angle":202.5,"ease":"outSine","var":"vfx.angleTwist.offset","value":10},{"type":"ease","duration":1,"time":123,"angle":202.5,"ease":"outSine","var":"vfx.angleTwist.offset","value":-10},{"type":"ease","duration":1,"time":124,"angle":202.5,"ease":"outSine","var":"vfx.angleTwist.offset","value":10},{"type":"ease","duration":1,"time":125,"angle":202.5,"ease":"outSine","var":"vfx.angleTwist.offset","value":-10},{"type":"ease","duration":1,"time":126,"angle":202.5,"ease":"outSine","var":"vfx.angleTwist.offset","value":10},{"type":"ease","duration":1,"time":127,"angle":202.5,"ease":"outSine","var":"vfx.angleTwist.offset","value":-10},{"type":"ease","duration":1,"time":128,"angle":202.5,"ease":"outSine","var":"vfx.angleTwist.offset","value":10},{"type":"ease","duration":1,"time":113,"angle":303.75,"ease":"outBack","var":"scrollSpeed","value":1.5},{"type":"ease","duration":1,"time":129,"angle":202.5,"ease":"outSine","var":"vfx.angleTwist.offset","value":-10},{"type":"ease","duration":1,"time":130,"angle":202.5,"ease":"outSine","var":"vfx.angleTwist.offset","value":10},{"type":"ease","duration":1,"time":131,"angle":202.5,"ease":"outSine","var":"vfx.angleTwist.offset","value":-10},{"type":"ease","duration":1,"time":132,"angle":202.5,"ease":"outSine","var":"vfx.angleTwist.offset","value":10},{"type":"ease","duration":1,"time":133,"angle":202.5,"ease":"outSine","var":"vfx.angleTwist.offset","value":-10},{"type":"ease","duration":1,"time":134,"angle":202.5,"ease":"outSine","var":"vfx.angleTwist.offset","value":10},{"type":"ease","duration":1,"time":135,"angle":202.5,"ease":"outSine","var":"vfx.angleTwist.offset","value":-10},{"type":"ease","duration":1,"time":136,"angle":202.5,"ease":"outSine","var":"vfx.angleTwist.offset","value":10},{"type":"ease","duration":1,"time":137,"angle":202.5,"ease":"outSine","var":"vfx.angleTwist.offset","value":-10},{"type":"ease","duration":1,"time":138,"angle":202.5,"ease":"outSine","var":"vfx.angleTwist.offset","value":10},{"type":"ease","duration":1,"time":139,"angle":202.5,"ease":"outSine","var":"vfx.angleTwist.offset","value":-10},{"type":"ease","duration":1,"time":140,"angle":202.5,"ease":"outSine","var":"vfx.angleTwist.offset","value":10},{"type":"ease","duration":1,"time":141,"angle":202.5,"ease":"outSine","var":"vfx.angleTwist.offset","value":-10},{"type":"ease","duration":1,"time":142,"angle":202.5,"ease":"outSine","var":"vfx.angleTwist.offset","value":10},{"type":"ease","duration":1,"time":143,"angle":202.5,"ease":"outSine","var":"vfx.angleTwist.offset","value":-10},{"type":"ease","duration":1,"time":144,"angle":202.5,"ease":"outSine","var":"vfx.angleTwist.offset","value":10},{"type":"ease","duration":1,"time":145,"angle":191.25,"ease":"outSine","var":"vfx.angleTwist.offset","value":-10},{"type":"ease","duration":1,"time":146,"angle":191.25,"ease":"outSine","var":"vfx.angleTwist.offset","value":10},{"type":"ease","duration":1,"time":147,"angle":191.25,"ease":"outSine","var":"vfx.angleTwist.offset","value":-10},{"type":"ease","duration":1,"time":148,"angle":191.25,"ease":"outSine","var":"vfx.angleTwist.offset","value":10},{"type":"ease","duration":1,"time":149,"angle":191.25,"ease":"outSine","var":"vfx.angleTwist.offset","value":-10},{"type":"ease","duration":1,"time":150,"angle":191.25,"ease":"outSine","var":"vfx.angleTwist.offset","value":10},{"type":"ease","duration":1,"time":151,"angle":191.25,"ease":"outSine","var":"vfx.angleTwist.offset","value":-10},{"type":"ease","duration":1,"time":152,"angle":191.25,"ease":"outSine","var":"vfx.angleTwist.offset","value":10},{"type":"ease","duration":1,"time":153,"angle":191.25,"ease":"outSine","var":"vfx.angleTwist.offset","value":-10},{"type":"ease","duration":1,"time":154,"angle":191.25,"ease":"outSine","var":"vfx.angleTwist.offset","value":10},{"type":"ease","duration":1,"time":155,"angle":191.25,"ease":"outSine","var":"vfx.angleTwist.offset","value":-10},{"type":"ease","duration":1,"time":156,"angle":191.25,"ease":"outSine","var":"vfx.angleTwist.offset","value":10},{"type":"ease","duration":1,"time":157,"angle":191.25,"ease":"outSine","var":"vfx.angleTwist.offset","value":-10},{"type":"ease","duration":1,"time":158,"angle":191.25,"ease":"outSine","var":"vfx.angleTwist.offset","value":10},{"type":"ease","duration":1,"ease":"outSine","angle":180,"time":159,"var":"vfx.angleTwist.offset","value":-10},{"type":"ease","duration":1,"time":160,"angle":191.25,"ease":"outSine","var":"vfx.angleTwist.offset","value":10},{"type":"ease","duration":1,"time":161,"angle":202.5,"ease":"outSine","var":"vfx.angleTwist.offset","value":-10},{"type":"ease","duration":1,"time":162,"angle":202.5,"ease":"outSine","var":"vfx.angleTwist.offset","value":10},{"type":"ease","duration":1,"time":163,"angle":202.5,"ease":"outSine","var":"vfx.angleTwist.offset","value":-10},{"type":"ease","duration":1,"time":164,"angle":202.5,"ease":"outSine","var":"vfx.angleTwist.offset","value":10},{"type":"ease","duration":1,"time":165,"angle":202.5,"ease":"outSine","var":"vfx.angleTwist.offset","value":-10},{"type":"ease","duration":1,"time":166,"angle":202.5,"ease":"outSine","var":"vfx.angleTwist.offset","value":10},{"type":"ease","duration":1,"time":167,"angle":202.5,"ease":"outSine","var":"vfx.angleTwist.offset","value":-10},{"type":"ease","duration":1,"time":168,"angle":202.5,"ease":"outSine","var":"vfx.angleTwist.offset","value":10},{"type":"ease","duration":1,"time":169,"angle":202.5,"ease":"outSine","var":"vfx.angleTwist.offset","value":-10},{"type":"ease","duration":1,"time":170,"angle":202.5,"ease":"outSine","var":"vfx.angleTwist.offset","value":10},{"type":"ease","duration":1,"time":171,"angle":202.5,"ease":"outSine","var":"vfx.angleTwist.offset","value":-10},{"type":"ease","duration":1,"time":172,"angle":202.5,"ease":"outSine","var":"vfx.angleTwist.offset","value":10},{"type":"ease","duration":1,"time":173,"angle":202.5,"ease":"outSine","var":"vfx.angleTwist.offset","value":-10},{"type":"ease","duration":1,"time":174,"angle":202.5,"ease":"outSine","var":"vfx.angleTwist.offset","value":10},{"type":"ease","duration":1,"time":175,"angle":202.5,"ease":"outSine","var":"vfx.angleTwist.offset","value":-10},{"type":"ease","duration":1,"time":176,"angle":202.5,"ease":"outSine","var":"vfx.angleTwist.offset","value":10},{"type":"ease","duration":1,"time":177,"angle":247.5,"ease":"outSine","var":"vfx.angleTwist.offset","value":-10},{"type":"ease","duration":1,"time":178,"angle":247.5,"ease":"outSine","var":"vfx.angleTwist.offset","value":10},{"type":"ease","duration":1,"time":179,"angle":247.5,"ease":"outSine","var":"vfx.angleTwist.offset","value":-10},{"type":"ease","duration":1,"time":180,"angle":247.5,"ease":"outSine","var":"vfx.angleTwist.offset","value":10},{"type":"ease","duration":1,"time":181,"angle":247.5,"ease":"outSine","var":"vfx.angleTwist.offset","value":-10},{"type":"ease","duration":1,"time":182,"angle":247.5,"ease":"outSine","var":"vfx.angleTwist.offset","value":10},{"type":"ease","duration":1,"time":183,"angle":247.5,"ease":"outSine","var":"vfx.angleTwist.offset","value":-10},{"type":"ease","duration":1,"time":184,"angle":247.5,"ease":"outSine","var":"vfx.angleTwist.offset","value":10},{"type":"ease","duration":1,"time":185,"angle":247.5,"ease":"outSine","var":"vfx.angleTwist.offset","value":-10},{"type":"ease","duration":1,"time":186,"angle":247.5,"ease":"outSine","var":"vfx.angleTwist.offset","value":10},{"type":"ease","duration":1,"time":187,"angle":247.5,"ease":"outSine","var":"vfx.angleTwist.offset","value":-10},{"type":"ease","duration":1,"time":188,"angle":247.5,"ease":"outSine","var":"vfx.angleTwist.offset","value":10},{"type":"ease","duration":1,"time":189,"angle":247.5,"ease":"outSine","var":"vfx.angleTwist.offset","value":-10},{"type":"ease","duration":1,"time":190,"angle":247.5,"ease":"outSine","var":"vfx.angleTwist.offset","value":10},{"type":"ease","duration":1,"time":191,"angle":247.5,"ease":"outSine","var":"vfx.angleTwist.offset","value":-10},{"type":"ease","duration":1,"time":192,"angle":247.5,"ease":"outSine","var":"vfx.angleTwist.offset","value":10},{"type":"ease","duration":1,"time":193,"angle":247.5,"ease":"outSine","var":"vfx.angleTwist.offset","value":-10},{"type":"ease","duration":1,"time":194,"angle":247.5,"ease":"outSine","var":"vfx.angleTwist.offset","value":10},{"type":"ease","duration":1,"time":195,"angle":247.5,"ease":"outSine","var":"vfx.angleTwist.offset","value":-10},{"type":"ease","duration":1,"time":196,"angle":247.5,"ease":"outSine","var":"vfx.angleTwist.offset","value":10},{"type":"ease","duration":1,"time":197,"angle":247.5,"ease":"outSine","var":"vfx.angleTwist.offset","value":-10},{"type":"ease","duration":1,"time":198,"angle":247.5,"ease":"outSine","var":"vfx.angleTwist.offset","value":10},{"type":"ease","duration":1,"time":199,"angle":247.5,"ease":"outSine","var":"vfx.angleTwist.offset","value":-10},{"type":"ease","duration":1,"time":200,"angle":247.5,"ease":"outSine","var":"vfx.angleTwist.offset","value":10},{"type":"ease","duration":1,"time":201,"angle":247.5,"ease":"outSine","var":"vfx.angleTwist.offset","value":-10},{"type":"ease","duration":1,"time":202,"angle":247.5,"ease":"outSine","var":"vfx.angleTwist.offset","value":10},{"type":"ease","duration":1,"time":203,"angle":247.5,"ease":"outSine","var":"vfx.angleTwist.offset","value":-10},{"type":"ease","duration":1,"time":204,"angle":247.5,"ease":"outSine","var":"vfx.angleTwist.offset","value":10},{"type":"ease","duration":1,"time":205,"angle":247.5,"ease":"outSine","var":"vfx.angleTwist.offset","value":-10},{"type":"ease","duration":1,"time":206,"angle":247.5,"ease":"outSine","var":"vfx.angleTwist.offset","value":10},{"type":"ease","duration":1,"time":207,"angle":247.5,"ease":"outSine","var":"vfx.angleTwist.offset","value":-10},{"type":"ease","duration":1,"time":208,"angle":247.5,"ease":"outSine","var":"vfx.angleTwist.offset","value":10},{"type":"ease","duration":1,"time":209,"angle":236.25,"ease":"outSine","var":"vfx.angleTwist.offset","value":-10},{"type":"ease","duration":1,"time":210,"angle":236.25,"ease":"outSine","var":"vfx.angleTwist.offset","value":10},{"type":"ease","duration":1,"time":211,"angle":236.25,"ease":"outSine","var":"vfx.angleTwist.offset","value":-10},{"type":"ease","duration":1,"time":212,"angle":236.25,"ease":"outSine","var":"vfx.angleTwist.offset","value":10},{"type":"ease","duration":1,"time":213,"angle":236.25,"ease":"outSine","var":"vfx.angleTwist.offset","value":-10},{"type":"ease","duration":1,"time":214,"angle":236.25,"ease":"outSine","var":"vfx.angleTwist.offset","value":10},{"type":"ease","duration":1,"time":215,"angle":236.25,"ease":"outSine","var":"vfx.angleTwist.offset","value":-10},{"type":"ease","duration":1,"time":216,"angle":236.25,"ease":"outSine","var":"vfx.angleTwist.offset","value":10},{"type":"ease","duration":1,"time":217,"angle":236.25,"ease":"outSine","var":"vfx.angleTwist.offset","value":-10},{"type":"ease","duration":1,"time":218,"angle":236.25,"ease":"outSine","var":"vfx.angleTwist.offset","value":10},{"type":"ease","duration":1,"time":219,"angle":236.25,"ease":"outSine","var":"vfx.angleTwist.offset","value":-10},{"type":"ease","duration":1,"time":220,"angle":236.25,"ease":"outSine","var":"vfx.angleTwist.offset","value":10},{"type":"ease","duration":1,"time":221,"angle":236.25,"ease":"outSine","var":"vfx.angleTwist.offset","value":-10},{"type":"ease","duration":1,"time":222,"angle":236.25,"ease":"outSine","var":"vfx.angleTwist.offset","value":10},{"type":"ease","duration":1,"time":223,"angle":236.25,"ease":"outSine","var":"vfx.angleTwist.offset","value":-10},{"type":"ease","duration":1,"time":224,"angle":236.25,"ease":"outSine","var":"vfx.angleTwist.offset","value":10},{"type":"ease","duration":1,"time":225,"angle":247.5,"ease":"outSine","var":"vfx.angleTwist.offset","value":-10},{"type":"ease","duration":1,"time":226,"angle":247.5,"ease":"outSine","var":"vfx.angleTwist.offset","value":10},{"type":"ease","duration":1,"time":227,"angle":247.5,"ease":"outSine","var":"vfx.angleTwist.offset","value":-10},{"type":"ease","duration":1,"time":228,"angle":247.5,"ease":"outSine","var":"vfx.angleTwist.offset","value":10},{"type":"ease","duration":1,"time":229,"angle":247.5,"ease":"outSine","var":"vfx.angleTwist.offset","value":-10},{"type":"ease","duration":1,"time":230,"angle":247.5,"ease":"outSine","var":"vfx.angleTwist.offset","value":10},{"type":"ease","duration":1,"time":231,"angle":247.5,"ease":"outSine","var":"vfx.angleTwist.offset","value":-10},{"type":"ease","duration":1,"time":232,"angle":247.5,"ease":"outSine","var":"vfx.angleTwist.offset","value":10},{"type":"ease","duration":1,"time":233,"angle":247.5,"ease":"outSine","var":"vfx.angleTwist.offset","value":-10},{"type":"ease","duration":1,"time":234,"angle":247.5,"ease":"outSine","var":"vfx.angleTwist.offset","value":10},{"type":"ease","duration":1,"time":235,"angle":247.5,"ease":"outSine","var":"vfx.angleTwist.offset","value":-10},{"type":"ease","duration":1,"time":236,"angle":247.5,"ease":"outSine","var":"vfx.angleTwist.offset","value":10},{"type":"ease","duration":1,"time":237,"angle":247.5,"ease":"outSine","var":"vfx.angleTwist.offset","value":-10},{"type":"ease","duration":1,"time":238,"angle":247.5,"ease":"outSine","var":"vfx.angleTwist.offset","value":10},{"type":"ease","duration":1,"time":239,"angle":247.5,"ease":"outSine","var":"vfx.angleTwist.offset","value":-10},{"type":"ease","duration":1,"time":240,"angle":247.5,"ease":"outSine","var":"vfx.angleTwist.offset","value":10},{"type":"ease","duration":1,"time":241,"angle":247.5,"ease":"outSine","var":"vfx.angleTwist.offset","value":0},{"color":1,"b":255,"time":208.5,"type":"setColor","r":198,"g":125,"angle":337.5},{"color":0,"b":255,"time":208.5,"type":"setColor","r":255,"g":255,"angle":146.25},{"sprite":"bg.png","time":-2,"recolor":6,"drawLayer":"bg","angle":315,"type":"deco","sx":2.4999995231628,"oy":150,"ox":150,"sy":2.4999995231628,"kx":0.10000000149012,"id":"bg1"},{"r":720,"sprite":"bg.png","duration":259,"time":-2,"angle":225,"type":"deco","ease":"linear","orbit":true,"kx":-0.10000000149012,"id":"bg1"},{"color":6,"b":0,"time":-2,"type":"setColor","r":255,"g":233,"angle":270},{"color":6,"b":255,"time":81,"type":"setColor","r":190,"g":108,"angle":315},{"color":6,"b":0,"time":96,"type":"setColor","r":0,"g":0,"angle":67.5},{"color":6,"b":119,"time":95.91667175293,"type":"setColor","r":89,"g":49,"angle":67.5},{"color":6,"b":255,"time":96.5,"type":"setColor","r":190,"g":108,"angle":315},{"color":6,"b":0,"time":47,"type":"setColor","r":0,"g":0,"angle":67.5},{"color":6,"b":0,"time":46.833332061768,"type":"setColor","r":135,"g":120,"angle":67.5},{"color":6,"b":0,"time":49.000000009934,"type":"setColor","r":255,"g":233,"angle":315},{"color":6,"b":119,"time":113,"type":"setColor","r":89,"g":49,"angle":45},{"color":6,"b":119,"time":192.5,"type":"setColor","r":89,"g":49,"angle":45},{"color":6,"b":0,"time":192,"type":"setColor","r":0,"g":0,"angle":45},{"color":6,"b":0,"time":208.5,"type":"setColor","r":255,"g":233,"angle":427.5},{"type":"tag","tag":"bop","angleOffset":false,"time":18,"angle":0},{"type":"tag","tag":"bop","angleOffset":false,"time":19.5,"angle":0},{"type":"tag","tag":"bop","angleOffset":false,"time":20.5,"angle":0},{"type":"tag","tag":"bop","angleOffset":false,"time":22,"angle":0},{"type":"tag","tag":"bop","angleOffset":false,"time":23.5,"angle":0},{"type":"tag","tag":"bop","angleOffset":false,"time":26,"angle":0},{"type":"tag","tag":"bop","angleOffset":false,"time":27.5,"angle":0},{"type":"tag","tag":"bop","angleOffset":false,"time":28.5,"angle":0},{"type":"tag","tag":"bop","angleOffset":false,"time":30,"angle":0},{"type":"tag","tag":"bop","angleOffset":false,"time":31.5,"angle":0},{"type":"tag","tag":"bop","angleOffset":false,"time":34,"angle":22.5},{"type":"tag","tag":"bop","angleOffset":false,"time":35.5,"angle":0},{"type":"tag","tag":"bop","angleOffset":false,"time":36.5,"angle":0},{"type":"tag","tag":"bop","angleOffset":false,"time":38,"angle":0},{"type":"tag","tag":"bop","angleOffset":false,"time":39.5,"angle":0},{"type":"tag","tag":"bop","angleOffset":false,"time":42,"angle":0},{"type":"tag","tag":"bop","angleOffset":false,"time":43.5,"angle":0},{"type":"tag","tag":"bop","angleOffset":false,"time":44.5,"angle":0},{"type":"tag","tag":"bop","angleOffset":false,"time":46,"angle":22.5},{"type":"tag","tag":"bop","angleOffset":false,"time":50,"angle":0},{"type":"tag","tag":"bop","angleOffset":false,"time":51.5,"angle":0},{"type":"tag","tag":"bop","angleOffset":false,"time":52.5,"angle":0},{"type":"tag","tag":"bop","angleOffset":false,"time":54,"angle":0},{"type":"tag","tag":"bop","angleOffset":false,"time":55.5,"angle":0},{"type":"tag","tag":"bop","angleOffset":false,"time":59.5,"angle":0},{"type":"tag","tag":"bop","angleOffset":false,"time":60.5,"angle":0},{"type":"tag","tag":"bop","angleOffset":false,"time":62,"angle":0},{"type":"tag","tag":"bop","angleOffset":false,"time":63.5,"angle":0},{"type":"tag","tag":"bop","angleOffset":false,"time":66,"angle":0},{"type":"tag","tag":"bop","angleOffset":false,"time":67.5,"angle":0},{"type":"tag","tag":"bop","angleOffset":false,"time":68.5,"angle":0},{"type":"tag","tag":"bop","angleOffset":false,"time":70,"angle":-22.5},{"type":"tag","tag":"bop","angleOffset":false,"time":71.5,"angle":0},{"type":"tag","tag":"bop","angleOffset":false,"time":74,"angle":0},{"type":"tag","tag":"bop","angleOffset":false,"time":75.5,"angle":0},{"type":"tag","tag":"bop","angleOffset":false,"time":76.5,"angle":0},{"type":"tag","tag":"bop","angleOffset":false,"time":78,"angle":0},{"type":"tag","tag":"bop","angleOffset":false,"time":79.5,"angle":0},{"type":"tag","tag":"bop","angleOffset":false,"time":81.5,"angle":0},{"type":"tag","tag":"bop","angleOffset":false,"time":82.25,"angle":0},{"type":"tag","tag":"bop","angleOffset":false,"time":82.75,"angle":0},{"type":"tag","tag":"bop","angleOffset":false,"time":83.5,"angle":0},{"type":"tag","tag":"bop","angleOffset":false,"time":84.25,"angle":0},{"type":"tag","tag":"bop","angle":0,"time":85.5,"angleOffset":false},{"type":"tag","tag":"bop","angle":0,"time":86.25,"angleOffset":false},{"type":"tag","tag":"bop","angle":0,"time":86.75,"angleOffset":false},{"type":"tag","tag":"bop","angle":0,"time":87.5,"angleOffset":false},{"type":"tag","tag":"bop","angle":0,"time":88.25,"angleOffset":false},{"type":"tag","tag":"bop","angle":0,"time":89.5,"angleOffset":false},{"type":"tag","tag":"bop","angle":0,"time":90.25,"angleOffset":false},{"type":"tag","tag":"bop","angle":0,"time":90.75,"angleOffset":false},{"type":"tag","tag":"bop","angle":0,"time":92.25,"angleOffset":false},{"type":"tag","tag":"bop","angle":0,"time":93.5,"angleOffset":false},{"type":"tag","tag":"bop","angle":0,"time":94.25,"angleOffset":false},{"type":"tag","tag":"bop","angle":0,"time":94.75,"angleOffset":false},{"type":"tag","tag":"bop","angle":0,"time":97.5,"angleOffset":false},{"type":"tag","tag":"bop","angle":0,"time":98.25,"angleOffset":false},{"type":"tag","tag":"bop","angle":0,"time":98.75,"angleOffset":false},{"type":"tag","tag":"bop","angle":0,"time":100.25,"angleOffset":false},{"type":"tag","tag":"bop","angle":0,"time":101.5,"angleOffset":false},{"type":"tag","tag":"bop","angle":0,"time":102.25,"angleOffset":false},{"type":"tag","tag":"bop","angle":0,"time":102.75,"angleOffset":false},{"type":"tag","tag":"bop","angle":0,"time":103.5,"angleOffset":false},{"type":"tag","tag":"bop","angle":0,"time":104.25,"angleOffset":false},{"type":"tag","tag":"bop","angle":0,"time":105.5,"angleOffset":false},{"type":"tag","tag":"bop","angle":0,"time":106.25,"angleOffset":false},{"type":"tag","tag":"bop","angle":0,"time":106.75,"angleOffset":false},{"type":"tag","tag":"bop","angle":0,"time":108.25,"angleOffset":false},{"type":"tag","tag":"bop","angle":0,"time":109.5,"angleOffset":false},{"type":"tag","tag":"bop","angle":0,"time":110.25,"angleOffset":false},{"type":"tag","tag":"bop","angle":0,"time":110.75,"angleOffset":false},{"type":"tag","tag":"pob","angleOffset":false,"time":17,"angle":0},{"type":"tag","tag":"pob","angleOffset":false,"time":17.5,"angle":0},{"type":"tag","tag":"pob","angleOffset":false,"time":18.75,"angle":0},{"type":"tag","tag":"pob","angleOffset":false,"time":19,"angle":0},{"type":"tag","tag":"pob","angleOffset":false,"time":20,"angle":0},{"type":"tag","tag":"pob","angleOffset":false,"time":21,"angle":0},{"type":"tag","tag":"pob","angleOffset":false,"time":21.5,"angle":0},{"type":"tag","tag":"pob","angleOffset":false,"time":22.75,"angle":-22.5},{"type":"tag","tag":"pob","angleOffset":false,"time":23,"angle":0},{"type":"tag","tag":"pob","angleOffset":false,"time":24.25,"angle":0},{"type":"tag","tag":"pob","angleOffset":false,"time":25,"angle":0},{"type":"tag","tag":"pob","angleOffset":false,"time":25.5,"angle":0},{"type":"tag","tag":"pob","angleOffset":false,"time":26.75,"angle":0},{"type":"tag","tag":"pob","angleOffset":false,"time":27,"angle":0},{"type":"tag","tag":"pob","angleOffset":false,"time":28,"angle":0},{"type":"tag","tag":"pob","angle":0,"time":29,"angleOffset":false},{"type":"tag","tag":"pob","angle":0,"time":29.5,"angleOffset":false},{"type":"tag","tag":"pob","angle":0,"time":30.75,"angleOffset":false},{"type":"tag","tag":"pob","angle":0,"time":31,"angleOffset":false},{"type":"tag","tag":"pob","angle":0,"time":32.25,"angleOffset":false},{"type":"tag","tag":"pob","angle":0,"time":33,"angleOffset":false},{"type":"tag","tag":"pob","angle":0,"time":33.5,"angleOffset":false},{"type":"tag","tag":"pob","angle":0,"time":34.75,"angleOffset":false},{"type":"tag","tag":"pob","angle":0,"time":35,"angleOffset":false},{"type":"tag","tag":"pob","angle":0,"time":36,"angleOffset":false},{"type":"tag","tag":"pob","angle":0,"time":37,"angleOffset":false},{"type":"tag","tag":"pob","angle":0,"time":37.5,"angleOffset":false},{"type":"tag","tag":"pob","angle":0,"time":38.75,"angleOffset":false},{"type":"tag","tag":"pob","angle":0,"time":39,"angleOffset":false},{"type":"tag","tag":"pob","angle":360,"time":40.25,"angleOffset":false},{"type":"tag","tag":"pob","angle":0,"time":41,"angleOffset":false},{"type":"tag","tag":"pob","angle":0,"time":41.5,"angleOffset":false},{"type":"tag","tag":"pob","angle":0,"time":42.75,"angleOffset":false},{"type":"tag","tag":"pob","angle":0,"time":43,"angleOffset":false},{"type":"tag","tag":"pob","angle":0,"time":44,"angleOffset":false},{"type":"tag","tag":"pob","angle":0,"time":45,"angleOffset":false},{"type":"tag","tag":"pob","angle":0,"time":45.5,"angleOffset":false},{"type":"tag","tag":"pob","angle":0,"time":49,"angleOffset":false},{"type":"tag","tag":"pob","angle":0,"time":49.5,"angleOffset":false},{"type":"tag","tag":"pob","angle":0,"time":50.75,"angleOffset":false},{"type":"tag","tag":"pob","angle":0,"time":51,"angleOffset":false},{"type":"tag","tag":"pob","angle":0,"time":52,"angleOffset":false},{"type":"tag","tag":"pob","angle":0,"time":53,"angleOffset":false},{"type":"tag","tag":"pob","angle":0,"time":53.5,"angleOffset":false},{"type":"tag","tag":"pob","angle":0,"time":54.75,"angleOffset":false},{"type":"tag","tag":"pob","angle":0,"time":55,"angleOffset":false},{"type":"tag","tag":"pob","angle":0,"time":56.25,"angleOffset":false},{"type":"tag","tag":"pob","angle":0,"time":57,"angleOffset":false},{"type":"tag","tag":"pob","angle":0,"time":57.5,"angleOffset":false},{"type":"tag","tag":"pob","angle":0,"time":58.75,"angleOffset":false},{"type":"tag","tag":"pob","angle":0,"time":59,"angleOffset":false},{"type":"tag","tag":"pob","angle":0,"time":60,"angleOffset":false},{"type":"tag","tag":"pob","angle":0,"time":61,"angleOffset":false},{"type":"tag","tag":"pob","angle":0,"time":61.5,"angleOffset":false},{"type":"tag","tag":"pob","angle":0,"time":62.75,"angleOffset":false},{"type":"tag","tag":"pob","angle":0,"time":63,"angleOffset":false},{"type":"tag","tag":"pob","angle":0,"time":64.25,"angleOffset":false},{"type":"tag","tag":"pob","angle":0,"time":65,"angleOffset":false},{"type":"tag","tag":"pob","angle":0,"time":65.5,"angleOffset":false},{"type":"tag","tag":"pob","angle":0,"time":66.75,"angleOffset":false},{"type":"tag","tag":"pob","angle":0,"time":67,"angleOffset":false},{"type":"tag","tag":"pob","angle":0,"time":68,"angleOffset":false},{"type":"tag","tag":"pob","angleOffset":false,"time":69,"angle":0},{"type":"tag","tag":"pob","angleOffset":false,"time":69.5,"angle":0},{"type":"tag","tag":"pob","angleOffset":false,"time":70.75,"angle":0},{"type":"tag","tag":"pob","angleOffset":false,"time":71,"angle":0},{"type":"tag","tag":"pob","angleOffset":false,"time":72.25,"angle":337.5},{"type":"tag","tag":"pob","angleOffset":false,"time":73,"angle":0},{"type":"tag","tag":"pob","angleOffset":false,"time":73.5,"angle":0},{"type":"tag","tag":"pob","angleOffset":false,"time":74.75,"angle":0},{"type":"tag","tag":"pob","angleOffset":false,"time":75,"angle":0},{"type":"tag","tag":"pob","angleOffset":false,"time":76,"angle":0},{"type":"tag","tag":"pob","angleOffset":false,"time":77,"angle":0},{"type":"tag","tag":"pob","angleOffset":false,"time":77.5,"angle":0},{"type":"tag","tag":"pob","angleOffset":false,"time":78.75,"angle":0},{"type":"tag","tag":"pob","angleOffset":false,"time":79,"angle":0},{"type":"tag","tag":"pob","angleOffset":false,"time":80,"angle":0},{"type":"tag","tag":"pob","angleOffset":false,"time":80.333333333333,"angle":0},{"type":"tag","tag":"pob","angleOffset":false,"time":80.666666666667,"angle":0},{"type":"tag","tag":"pob","angleOffset":false,"time":81,"angle":22.5},{"type":"tag","tag":"pob","angleOffset":false,"time":81.25,"angle":0},{"type":"tag","tag":"pob","angleOffset":false,"time":81.875,"angle":0},{"type":"tag","tag":"pob","angleOffset":false,"time":82,"angle":0},{"type":"tag","tag":"pob","angleOffset":false,"time":82.5,"angle":0},{"type":"tag","tag":"pob","angleOffset":false,"time":83,"angle":0},{"type":"tag","tag":"pob","angleOffset":false,"time":83.25,"angle":0},{"type":"tag","tag":"pob","angleOffset":false,"time":83.875,"angle":0},{"type":"tag","tag":"pob","angleOffset":false,"time":84,"angle":0},{"type":"tag","tag":"pob","angleOffset":false,"time":85,"angle":0},{"type":"tag","tag":"pob","angleOffset":false,"time":85.25,"angle":0},{"type":"tag","tag":"pob","angle":0,"time":85.875,"angleOffset":false},{"type":"tag","tag":"pob","angle":0,"time":86,"angleOffset":false},{"type":"tag","tag":"pob","angle":0,"time":86.5,"angleOffset":false},{"type":"tag","tag":"pob","angle":0,"time":87,"angleOffset":false},{"type":"tag","tag":"pob","angle":0,"time":87.25,"angleOffset":false},{"type":"tag","tag":"pob","angle":0,"time":87.875,"angleOffset":false},{"type":"tag","tag":"pob","angle":0,"time":88,"angleOffset":false},{"type":"tag","tag":"pob","angle":0,"time":89,"angleOffset":false},{"type":"tag","tag":"pob","angle":0,"time":89.25,"angleOffset":false},{"type":"tag","tag":"pob","angle":0,"time":89.875,"angleOffset":false},{"type":"tag","tag":"pob","angle":0,"time":90,"angleOffset":false},{"type":"tag","tag":"pob","angle":0,"time":90.5,"angleOffset":false},{"type":"tag","tag":"pob","angle":0,"time":91,"angleOffset":false},{"type":"tag","tag":"pob","angle":0,"time":91.25,"angleOffset":false},{"type":"tag","tag":"pob","angle":0,"time":91.875,"angleOffset":false},{"type":"tag","tag":"pob","angle":0,"time":92,"angleOffset":false},{"type":"tag","tag":"pob","angle":0,"time":93,"angleOffset":false},{"type":"tag","tag":"pob","angle":0,"time":93.25,"angleOffset":false},{"type":"tag","tag":"pob","angle":0,"time":93.875,"angleOffset":false},{"type":"tag","tag":"pob","angle":0,"time":94,"angleOffset":false},{"type":"tag","tag":"pob","angle":0,"time":94.5,"angleOffset":false},{"type":"tag","tag":"pob","angle":0,"time":97,"angleOffset":false},{"type":"tag","tag":"pob","angle":0,"time":97.25,"angleOffset":false},{"type":"tag","tag":"pob","angle":0,"time":97.875,"angleOffset":false},{"type":"tag","tag":"pob","angle":0,"time":98,"angleOffset":false},{"type":"tag","tag":"pob","angle":0,"time":98.5,"angleOffset":false},{"type":"tag","tag":"pob","angle":0,"time":99,"angleOffset":false},{"type":"tag","tag":"pob","angle":0,"time":99.25,"angleOffset":false},{"type":"tag","tag":"pob","angle":0,"time":99.875,"angleOffset":false},{"type":"tag","tag":"pob","angle":0,"time":100,"angleOffset":false},{"type":"tag","tag":"pob","angle":0,"time":101,"angleOffset":false},{"type":"tag","tag":"pob","angle":0,"time":101.25,"angleOffset":false},{"type":"tag","tag":"pob","angle":0,"time":101.875,"angleOffset":false},{"type":"tag","tag":"pob","angle":0,"time":102,"angleOffset":false},{"type":"tag","tag":"pob","angle":0,"time":102.5,"angleOffset":false},{"type":"tag","tag":"pob","angle":0,"time":103,"angleOffset":false},{"type":"tag","tag":"pob","angle":0,"time":103.25,"angleOffset":false},{"type":"tag","tag":"pob","angle":0,"time":103.875,"angleOffset":false},{"type":"tag","tag":"pob","angle":0,"time":104,"angleOffset":false},{"type":"tag","tag":"pob","angle":0,"time":105,"angleOffset":false},{"type":"tag","tag":"pob","angle":0,"time":105.25,"angleOffset":false},{"type":"tag","tag":"pob","angle":0,"time":105.875,"angleOffset":false},{"type":"tag","tag":"pob","angle":0,"time":106,"angleOffset":false},{"type":"tag","tag":"pob","angle":0,"time":106.5,"angleOffset":false},{"type":"tag","tag":"pob","angle":0,"time":107,"angleOffset":false},{"type":"tag","tag":"pob","angle":0,"time":107.25,"angleOffset":false},{"type":"tag","tag":"pob","angle":0,"time":107.875,"angleOffset":false},{"type":"tag","tag":"pob","angle":0,"time":108,"angleOffset":false},{"type":"tag","tag":"pob","angle":0,"time":108.5,"angleOffset":false},{"type":"tag","tag":"pob","angle":0,"time":109,"angleOffset":false},{"type":"tag","tag":"pob","angle":0,"time":109.25,"angleOffset":false},{"type":"tag","tag":"pob","angle":0,"time":109.875,"angleOffset":false},{"type":"tag","tag":"pob","angle":0,"time":110,"angleOffset":false},{"type":"tag","tag":"pob","angle":0,"time":110.5,"angleOffset":false},{"type":"tag","tag":"pob","angle":0,"time":111,"angleOffset":false},{"type":"tag","tag":"pob","angle":0,"time":111.25,"angleOffset":false},{"type":"tag","tag":"pob","angle":0,"time":111.75,"angleOffset":false},{"type":"tag","tag":"pob","angle":0,"time":112,"angleOffset":false},{"type":"tag","tag":"pob","angleOffset":false,"time":24.5,"angle":0},{"type":"tag","tag":"pob","angle":0,"time":32.5,"angleOffset":false},{"type":"tag","tag":"pob","angle":0,"time":40.5,"angleOffset":false},{"type":"tag","tag":"pob","angle":0,"time":56.5,"angleOffset":false},{"type":"tag","tag":"pob","angle":0,"time":64.5,"angleOffset":false},{"type":"tag","tag":"pob","angle":0,"time":72.5,"angleOffset":false},{"type":"tag","tag":"pob","angleOffset":false,"time":111.5,"angle":0},{"type":"tag","tag":"pob","angleOffset":false,"time":112.25,"angle":0},{"type":"tag","tag":"bop","angle":-22.5,"time":114,"angleOffset":false},{"type":"tag","tag":"bop","angle":-22.5,"time":115.5,"angleOffset":false},{"type":"tag","tag":"bop","angle":-22.5,"time":116.5,"angleOffset":false},{"type":"tag","tag":"bop","angle":-22.5,"time":118,"angleOffset":false},{"type":"tag","tag":"bop","angle":-22.5,"time":119.5,"angleOffset":false},{"type":"tag","tag":"bop","angle":-22.5,"time":122,"angleOffset":false},{"type":"tag","tag":"bop","angle":-22.5,"time":123.5,"angleOffset":false},{"type":"tag","tag":"bop","angle":-22.5,"time":124.5,"angleOffset":false},{"type":"tag","tag":"bop","angle":-22.5,"time":126,"angleOffset":false},{"type":"tag","tag":"bop","angle":-22.5,"time":127.5,"angleOffset":false},{"type":"tag","tag":"bop","angle":0,"time":130,"angleOffset":false},{"type":"tag","tag":"bop","angle":-22.5,"time":131.5,"angleOffset":false},{"type":"tag","tag":"bop","angle":-22.5,"time":132.5,"angleOffset":false},{"type":"tag","tag":"bop","angle":-22.5,"time":134,"angleOffset":false},{"type":"tag","tag":"bop","angle":-22.5,"time":135.5,"angleOffset":false},{"type":"tag","tag":"bop","angle":-22.5,"time":138,"angleOffset":false},{"type":"tag","tag":"bop","angle":-22.5,"time":139.5,"angleOffset":false},{"type":"tag","tag":"bop","angle":-22.5,"time":140.5,"angleOffset":false},{"type":"tag","tag":"bop","angle":0,"time":142,"angleOffset":false},{"type":"tag","tag":"bop","angle":-22.5,"time":146,"angleOffset":false},{"type":"tag","tag":"bop","angle":-22.5,"time":147.5,"angleOffset":false},{"type":"tag","tag":"bop","angle":-22.5,"time":148.5,"angleOffset":false},{"type":"tag","tag":"bop","angle":-22.5,"time":150,"angleOffset":false},{"type":"tag","tag":"bop","angle":-22.5,"time":151.5,"angleOffset":false},{"type":"tag","tag":"bop","angle":-22.5,"time":155.5,"angleOffset":false},{"type":"tag","tag":"bop","angle":-22.5,"time":156.5,"angleOffset":false},{"type":"tag","tag":"bop","angle":-22.5,"time":158,"angleOffset":false},{"type":"tag","tag":"bop","angle":-22.5,"time":159.5,"angleOffset":false},{"type":"tag","tag":"bop","angle":-22.5,"time":162,"angleOffset":false},{"type":"tag","tag":"bop","angle":-22.5,"time":163.5,"angleOffset":false},{"type":"tag","tag":"bop","angle":-22.5,"time":164.5,"angleOffset":false},{"type":"tag","tag":"bop","angle":-22.5,"time":170,"angleOffset":false},{"type":"tag","tag":"bop","angle":-22.5,"time":171.5,"angleOffset":false},{"type":"tag","tag":"bop","angle":-22.5,"time":172.5,"angleOffset":false},{"type":"tag","tag":"bop","angle":-22.5,"time":174,"angleOffset":false},{"type":"tag","time":175.5,"angleOffset":false,"tag":"bop","angle":-22.5},{"type":"tag","tag":"bop","angle":-22.5,"time":177.5,"angleOffset":false},{"type":"tag","tag":"bop","angle":-22.5,"time":178.25,"angleOffset":false},{"type":"tag","tag":"bop","angle":-22.5,"time":178.75,"angleOffset":false},{"type":"tag","tag":"bop","angle":-22.5,"time":179.5,"angleOffset":false},{"type":"tag","tag":"bop","angle":-22.5,"time":180.25,"angleOffset":false},{"type":"tag","tag":"bop","angleOffset":false,"time":181.5,"angle":-22.5},{"type":"tag","tag":"bop","angleOffset":false,"time":182.25,"angle":-22.5},{"type":"tag","tag":"bop","angleOffset":false,"time":182.75,"angle":-22.5},{"type":"tag","tag":"bop","angleOffset":false,"time":183.5,"angle":-22.5},{"type":"tag","tag":"bop","angleOffset":false,"time":184.25,"angle":-22.5},{"type":"tag","tag":"bop","angleOffset":false,"time":185.5,"angle":-22.5},{"type":"tag","tag":"bop","angleOffset":false,"time":186.25,"angle":-22.5},{"type":"tag","tag":"bop","angleOffset":false,"time":186.75,"angle":-22.5},{"type":"tag","tag":"bop","angleOffset":false,"time":188.25,"angle":-22.5},{"type":"tag","tag":"bop","angleOffset":false,"time":189.5,"angle":-22.5},{"type":"tag","tag":"bop","angleOffset":false,"time":190.25,"angle":-22.5},{"type":"tag","tag":"bop","angleOffset":false,"time":190.75,"angle":-22.5},{"type":"tag","tag":"bop","angleOffset":false,"time":193.5,"angle":-22.5},{"type":"tag","tag":"bop","angleOffset":false,"time":194.25,"angle":-22.5},{"type":"tag","tag":"bop","angleOffset":false,"time":194.75,"angle":-22.5},{"type":"tag","tag":"bop","angleOffset":false,"time":196.25,"angle":-22.5},{"type":"tag","tag":"bop","angleOffset":false,"time":197.5,"angle":-22.5},{"type":"tag","tag":"bop","angleOffset":false,"time":198.25,"angle":-22.5},{"type":"tag","tag":"bop","angleOffset":false,"time":198.75,"angle":-22.5},{"type":"tag","tag":"bop","angleOffset":false,"time":199.5,"angle":-22.5},{"type":"tag","tag":"bop","angleOffset":false,"time":200.25,"angle":-22.5},{"type":"tag","tag":"bop","angleOffset":false,"time":201.5,"angle":-22.5},{"type":"tag","tag":"bop","angleOffset":false,"time":202.25,"angle":-22.5},{"type":"tag","tag":"bop","angleOffset":false,"time":202.75,"angle":-22.5},{"type":"tag","tag":"bop","angleOffset":false,"time":204.25,"angle":-22.5},{"type":"tag","tag":"bop","angleOffset":false,"time":205.5,"angle":-22.5},{"type":"tag","tag":"bop","angleOffset":false,"time":206.25,"angle":-22.5},{"type":"tag","tag":"bop","angleOffset":false,"time":206.75,"angle":-22.5},{"type":"tag","tag":"pob","angle":-22.5,"time":113,"angleOffset":false},{"type":"tag","tag":"pob","angle":-22.5,"time":113.5,"angleOffset":false},{"type":"tag","tag":"pob","angle":-22.5,"time":114.75,"angleOffset":false},{"type":"tag","tag":"pob","angle":-22.5,"time":115,"angleOffset":false},{"type":"tag","tag":"pob","angle":-22.5,"time":116,"angleOffset":false},{"type":"tag","tag":"pob","angle":-22.5,"time":117,"angleOffset":false},{"type":"tag","tag":"pob","angle":-22.5,"time":117.5,"angleOffset":false},{"type":"tag","tag":"pob","angle":-45,"time":118.75,"angleOffset":false},{"type":"tag","tag":"pob","angle":-22.5,"time":119,"angleOffset":false},{"type":"tag","tag":"pob","angle":-22.5,"time":120.25,"angleOffset":false},{"type":"tag","tag":"pob","angle":-22.5,"time":121,"angleOffset":false},{"type":"tag","tag":"pob","angle":-22.5,"time":121.5,"angleOffset":false},{"type":"tag","tag":"pob","angle":-22.5,"time":122.75,"angleOffset":false},{"type":"tag","tag":"pob","angle":-22.5,"time":123,"angleOffset":false},{"type":"tag","tag":"pob","angle":-22.5,"time":124,"angleOffset":false},{"type":"tag","tag":"pob","angleOffset":false,"time":125,"angle":-22.5},{"type":"tag","tag":"pob","angleOffset":false,"time":125.5,"angle":-22.5},{"type":"tag","tag":"pob","angleOffset":false,"time":126.75,"angle":-22.5},{"type":"tag","tag":"pob","angleOffset":false,"time":127,"angle":-22.5},{"type":"tag","tag":"pob","angleOffset":false,"time":128.25,"angle":-22.5},{"type":"tag","tag":"pob","angleOffset":false,"time":129,"angle":-22.5},{"type":"tag","tag":"pob","angleOffset":false,"time":129.5,"angle":-22.5},{"type":"tag","tag":"pob","angleOffset":false,"time":130.75,"angle":-22.5},{"type":"tag","tag":"pob","angleOffset":false,"time":131,"angle":-22.5},{"type":"tag","tag":"pob","angleOffset":false,"time":132,"angle":-22.5},{"type":"tag","tag":"pob","angleOffset":false,"time":133,"angle":-22.5},{"type":"tag","tag":"pob","angleOffset":false,"time":133.5,"angle":-22.5},{"type":"tag","tag":"pob","angleOffset":false,"time":134.75,"angle":-22.5},{"type":"tag","tag":"pob","angleOffset":false,"time":135,"angle":-22.5},{"type":"tag","tag":"pob","angleOffset":false,"time":136.25,"angle":337.5},{"type":"tag","tag":"pob","angleOffset":false,"time":137,"angle":-22.5},{"type":"tag","tag":"pob","angleOffset":false,"time":137.5,"angle":-22.5},{"type":"tag","tag":"pob","angleOffset":false,"time":138.75,"angle":-22.5},{"type":"tag","tag":"pob","angleOffset":false,"time":139,"angle":-22.5},{"type":"tag","tag":"pob","angleOffset":false,"time":140,"angle":-22.5},{"type":"tag","tag":"pob","angleOffset":false,"time":141,"angle":-22.5},{"type":"tag","tag":"pob","angleOffset":false,"time":141.5,"angle":-22.5},{"type":"tag","tag":"pob","angleOffset":false,"time":145,"angle":-22.5},{"type":"tag","tag":"pob","angleOffset":false,"time":145.5,"angle":-22.5},{"type":"tag","tag":"pob","angleOffset":false,"time":146.75,"angle":-22.5},{"type":"tag","tag":"pob","angleOffset":false,"time":147,"angle":-22.5},{"type":"tag","tag":"pob","angleOffset":false,"time":148,"angle":-22.5},{"type":"tag","tag":"pob","angleOffset":false,"time":149,"angle":-22.5},{"type":"tag","tag":"pob","angleOffset":false,"time":149.5,"angle":-22.5},{"type":"tag","tag":"pob","angleOffset":false,"time":150.75,"angle":-22.5},{"type":"tag","tag":"pob","angleOffset":false,"time":151,"angle":-22.5},{"type":"tag","tag":"pob","angleOffset":false,"time":152.25,"angle":-22.5},{"type":"tag","tag":"pob","angleOffset":false,"time":153,"angle":-22.5},{"type":"tag","tag":"pob","angleOffset":false,"time":153.5,"angle":-22.5},{"type":"tag","tag":"pob","angleOffset":false,"time":154.75,"angle":-22.5},{"type":"tag","tag":"pob","angleOffset":false,"time":155,"angle":-22.5},{"type":"tag","tag":"pob","angleOffset":false,"time":156,"angle":-22.5},{"type":"tag","tag":"pob","angleOffset":false,"time":157,"angle":-22.5},{"type":"tag","tag":"pob","angleOffset":false,"time":157.5,"angle":-22.5},{"type":"tag","tag":"pob","angleOffset":false,"time":158.75,"angle":-22.5},{"type":"tag","tag":"pob","angleOffset":false,"time":159,"angle":-22.5},{"type":"tag","tag":"pob","angleOffset":false,"time":160.25,"angle":-22.5},{"type":"tag","tag":"pob","angleOffset":false,"time":161,"angle":-22.5},{"type":"tag","tag":"pob","angleOffset":false,"time":161.5,"angle":-22.5},{"type":"tag","tag":"pob","angleOffset":false,"time":162.75,"angle":-22.5},{"type":"tag","tag":"pob","angleOffset":false,"time":163,"angle":-22.5},{"type":"tag","tag":"pob","angleOffset":false,"time":164,"angle":-22.5},{"type":"tag","tag":"pob","angle":-22.5,"time":169,"angleOffset":false},{"type":"tag","tag":"pob","angle":-22.5,"time":169.5,"angleOffset":false},{"type":"tag","tag":"pob","angle":-22.5,"time":170.75,"angleOffset":false},{"type":"tag","tag":"pob","angle":-22.5,"time":171,"angleOffset":false},{"type":"tag","tag":"pob","angle":-22.5,"time":172,"angleOffset":false},{"type":"tag","tag":"pob","angle":-22.5,"time":173,"angleOffset":false},{"type":"tag","tag":"pob","angle":-22.5,"time":173.5,"angleOffset":false},{"type":"tag","tag":"pob","angle":-22.5,"time":174.75,"angleOffset":false},{"type":"tag","tag":"pob","angle":-22.5,"time":175,"angleOffset":false},{"type":"tag","tag":"pob","angle":-22.5,"time":176,"angleOffset":false},{"type":"tag","tag":"pob","angle":-22.5,"time":176.33333333333,"angleOffset":false},{"type":"tag","tag":"pob","angle":-22.5,"time":176.66666666667,"angleOffset":false},{"type":"tag","time":177,"angleOffset":false,"tag":"pob","angle":0},{"type":"tag","tag":"pob","angle":-22.5,"time":177.25,"angleOffset":false},{"type":"tag","tag":"pob","angle":-22.5,"time":177.875,"angleOffset":false},{"type":"tag","tag":"pob","angle":-22.5,"time":178,"angleOffset":false},{"type":"tag","tag":"pob","angle":-22.5,"time":178.5,"angleOffset":false},{"type":"tag","tag":"pob","angle":-22.5,"time":179,"angleOffset":false},{"type":"tag","tag":"pob","angle":-22.5,"time":179.25,"angleOffset":false},{"type":"tag","tag":"pob","angle":-22.5,"time":179.875,"angleOffset":false},{"type":"tag","tag":"pob","angle":-22.5,"time":180,"angleOffset":false},{"type":"tag","tag":"pob","angle":-22.5,"time":181,"angleOffset":false},{"type":"tag","tag":"pob","angle":-22.5,"time":181.25,"angleOffset":false},{"type":"tag","tag":"pob","angleOffset":false,"time":181.875,"angle":-22.5},{"type":"tag","tag":"pob","angleOffset":false,"time":182,"angle":-22.5},{"type":"tag","tag":"pob","angleOffset":false,"time":182.5,"angle":-22.5},{"type":"tag","tag":"pob","angleOffset":false,"time":183,"angle":-22.5},{"type":"tag","tag":"pob","angleOffset":false,"time":183.25,"angle":-22.5},{"type":"tag","tag":"pob","angleOffset":false,"time":183.875,"angle":-22.5},{"type":"tag","tag":"pob","angleOffset":false,"time":184,"angle":-22.5},{"type":"tag","tag":"pob","angleOffset":false,"time":185,"angle":-22.5},{"type":"tag","tag":"pob","angleOffset":false,"time":185.25,"angle":-22.5},{"type":"tag","tag":"pob","angleOffset":false,"time":185.875,"angle":-22.5},{"type":"tag","tag":"pob","angleOffset":false,"time":186,"angle":-22.5},{"type":"tag","tag":"pob","angleOffset":false,"time":186.5,"angle":-22.5},{"type":"tag","tag":"pob","angleOffset":false,"time":187,"angle":-22.5},{"type":"tag","tag":"pob","angleOffset":false,"time":187.25,"angle":-22.5},{"type":"tag","tag":"pob","angleOffset":false,"time":187.875,"angle":-22.5},{"type":"tag","tag":"pob","angleOffset":false,"time":188,"angle":-22.5},{"type":"tag","tag":"pob","angleOffset":false,"time":189,"angle":-22.5},{"type":"tag","tag":"pob","angleOffset":false,"time":189.25,"angle":-22.5},{"type":"tag","tag":"pob","angleOffset":false,"time":189.875,"angle":-22.5},{"type":"tag","tag":"pob","angleOffset":false,"time":190,"angle":-22.5},{"type":"tag","tag":"pob","angleOffset":false,"time":190.5,"angle":-22.5},{"type":"tag","tag":"pob","angleOffset":false,"time":193,"angle":-22.5},{"type":"tag","tag":"pob","angleOffset":false,"time":193.25,"angle":-22.5},{"type":"tag","tag":"pob","angleOffset":false,"time":193.875,"angle":-22.5},{"type":"tag","tag":"pob","angleOffset":false,"time":194,"angle":-22.5},{"type":"tag","tag":"pob","angleOffset":false,"time":194.5,"angle":-22.5},{"type":"tag","tag":"pob","angleOffset":false,"time":195,"angle":-22.5},{"type":"tag","tag":"pob","angleOffset":false,"time":195.25,"angle":-22.5},{"type":"tag","tag":"pob","angleOffset":false,"time":195.875,"angle":-22.5},{"type":"tag","tag":"pob","angleOffset":false,"time":196,"angle":-22.5},{"type":"tag","tag":"pob","angleOffset":false,"time":197,"angle":-22.5},{"type":"tag","tag":"pob","angleOffset":false,"time":197.25,"angle":-22.5},{"type":"tag","tag":"pob","angleOffset":false,"time":197.875,"angle":-22.5},{"type":"tag","tag":"pob","angleOffset":false,"time":198,"angle":-22.5},{"type":"tag","tag":"pob","angleOffset":false,"time":198.5,"angle":-22.5},{"type":"tag","tag":"pob","angleOffset":false,"time":199,"angle":-22.5},{"type":"tag","tag":"pob","angleOffset":false,"time":199.25,"angle":-22.5},{"type":"tag","tag":"pob","angleOffset":false,"time":199.875,"angle":-22.5},{"type":"tag","tag":"pob","angleOffset":false,"time":200,"angle":-22.5},{"type":"tag","tag":"pob","angleOffset":false,"time":201,"angle":-22.5},{"type":"tag","tag":"pob","angleOffset":false,"time":201.25,"angle":-22.5},{"type":"tag","tag":"pob","angleOffset":false,"time":201.875,"angle":-22.5},{"type":"tag","tag":"pob","angleOffset":false,"time":202,"angle":-22.5},{"type":"tag","tag":"pob","angleOffset":false,"time":202.5,"angle":-22.5},{"type":"tag","tag":"pob","angleOffset":false,"time":203,"angle":-22.5},{"type":"tag","tag":"pob","angleOffset":false,"time":203.25,"angle":-22.5},{"type":"tag","tag":"pob","angleOffset":false,"time":203.875,"angle":-22.5},{"type":"tag","tag":"pob","angleOffset":false,"time":204,"angle":-22.5},{"type":"tag","tag":"pob","angleOffset":false,"time":204.5,"angle":-22.5},{"type":"tag","tag":"pob","angleOffset":false,"time":205,"angle":-22.5},{"type":"tag","tag":"pob","angleOffset":false,"time":205.25,"angle":-22.5},{"type":"tag","tag":"pob","angleOffset":false,"time":205.875,"angle":-22.5},{"type":"tag","tag":"pob","angleOffset":false,"time":206,"angle":-22.5},{"type":"tag","tag":"pob","angleOffset":false,"time":206.5,"angle":-22.5},{"type":"tag","tag":"pob","angleOffset":false,"time":207,"angle":-22.5},{"type":"tag","tag":"pob","angleOffset":false,"time":207.25,"angle":-22.5},{"type":"tag","tag":"pob","angleOffset":false,"time":207.75,"angle":-22.5},{"type":"tag","tag":"pob","angleOffset":false,"time":208,"angle":-22.5},{"type":"tag","tag":"pob","angle":-22.5,"time":120.5,"angleOffset":false},{"type":"tag","tag":"pob","angleOffset":false,"time":128.5,"angle":-22.5},{"type":"tag","tag":"pob","angleOffset":false,"time":136.5,"angle":-22.5},{"type":"tag","tag":"pob","angleOffset":false,"time":152.5,"angle":-22.5},{"type":"tag","tag":"pob","angleOffset":false,"time":160.5,"angle":-22.5},{"type":"tag","tag":"pob","angle":-22.5,"time":207.5,"angleOffset":false},{"type":"tag","tag":"pob","angle":-22.5,"time":208.25,"angleOffset":false},{"type":"tag","tag":"pob","angleOffset":false,"time":142.75,"angle":-22.5},{"type":"tag","tag":"pob","angleOffset":false,"time":143,"angle":-22.5},{"type":"tag","tag":"bop","angleOffset":false,"time":143.5,"angle":0},{"type":"tag","tag":"pob","angleOffset":false,"time":144.25,"angle":-22.5},{"type":"tag","tag":"pob","angleOffset":false,"time":144.5,"angle":-22.5},{"type":"tag","tag":"bop","angleOffset":false,"time":210,"angle":-45},{"type":"tag","tag":"bop","angleOffset":false,"time":211.5,"angle":-45},{"type":"tag","tag":"bop","angleOffset":false,"time":212.5,"angle":-45},{"type":"tag","tag":"bop","angleOffset":false,"time":214,"angle":-45},{"type":"tag","tag":"bop","angleOffset":false,"time":215.5,"angle":-45},{"type":"tag","tag":"bop","angleOffset":false,"time":218,"angle":-45},{"type":"tag","tag":"bop","angleOffset":false,"time":219.5,"angle":-45},{"type":"tag","tag":"bop","angleOffset":false,"time":220.5,"angle":-45},{"type":"tag","tag":"bop","angleOffset":false,"time":222,"angle":-45},{"type":"tag","tag":"bop","angleOffset":false,"time":223.5,"angle":-45},{"type":"tag","tag":"bop","angleOffset":false,"time":226,"angle":-22.5},{"type":"tag","tag":"bop","angleOffset":false,"time":227.5,"angle":-45},{"type":"tag","tag":"bop","angleOffset":false,"time":228.5,"angle":-45},{"type":"tag","tag":"bop","angleOffset":false,"time":230,"angle":-45},{"type":"tag","tag":"bop","angleOffset":false,"time":231.5,"angle":-45},{"type":"tag","tag":"bop","angleOffset":false,"time":234,"angle":-45},{"type":"tag","tag":"bop","angleOffset":false,"time":235.5,"angle":-45},{"type":"tag","tag":"bop","angleOffset":false,"time":236.5,"angle":-45},{"type":"tag","tag":"bop","angleOffset":false,"time":238,"angle":-22.5},{"type":"tag","tag":"pob","angleOffset":false,"time":209,"angle":-45},{"type":"tag","tag":"pob","angleOffset":false,"time":209.5,"angle":-45},{"type":"tag","tag":"pob","angleOffset":false,"time":210.75,"angle":-45},{"type":"tag","tag":"pob","angleOffset":false,"time":211,"angle":-45},{"type":"tag","tag":"pob","angleOffset":false,"time":212,"angle":-45},{"type":"tag","tag":"pob","angleOffset":false,"time":213,"angle":-45},{"type":"tag","tag":"pob","angleOffset":false,"time":213.5,"angle":-45},{"type":"tag","tag":"pob","angleOffset":false,"time":214.75,"angle":-67.5},{"type":"tag","tag":"pob","angleOffset":false,"time":215,"angle":-45},{"type":"tag","tag":"pob","angleOffset":false,"time":216.25,"angle":-45},{"type":"tag","tag":"pob","angleOffset":false,"time":217,"angle":-45},{"type":"tag","tag":"pob","angleOffset":false,"time":217.5,"angle":-45},{"type":"tag","tag":"pob","angleOffset":false,"time":218.75,"angle":-45},{"type":"tag","tag":"pob","angleOffset":false,"time":219,"angle":-45},{"type":"tag","tag":"pob","angleOffset":false,"time":220,"angle":-45},{"type":"tag","tag":"pob","angle":-45,"time":221,"angleOffset":false},{"type":"tag","tag":"pob","angle":-45,"time":221.5,"angleOffset":false},{"type":"tag","tag":"pob","angle":-45,"time":222.75,"angleOffset":false},{"type":"tag","tag":"pob","angle":-45,"time":223,"angleOffset":false},{"type":"tag","tag":"pob","angle":-45,"time":224.25,"angleOffset":false},{"type":"tag","tag":"pob","angle":-45,"time":225,"angleOffset":false},{"type":"tag","tag":"pob","angle":-45,"time":225.5,"angleOffset":false},{"type":"tag","tag":"pob","angle":-45,"time":226.75,"angleOffset":false},{"type":"tag","tag":"pob","angle":-45,"time":227,"angleOffset":false},{"type":"tag","tag":"pob","angle":-45,"time":228,"angleOffset":false},{"type":"tag","tag":"pob","angle":-45,"time":229,"angleOffset":false},{"type":"tag","tag":"pob","angle":-45,"time":229.5,"angleOffset":false},{"type":"tag","tag":"pob","angle":-45,"time":230.75,"angleOffset":false},{"type":"tag","tag":"pob","angle":-45,"time":231,"angleOffset":false},{"type":"tag","tag":"pob","angle":315,"time":232.25,"angleOffset":false},{"type":"tag","tag":"pob","angle":-45,"time":233,"angleOffset":false},{"type":"tag","tag":"pob","angle":-45,"time":233.5,"angleOffset":false},{"type":"tag","tag":"pob","angle":-45,"time":234.75,"angleOffset":false},{"type":"tag","tag":"pob","angle":-45,"time":235,"angleOffset":false},{"type":"tag","tag":"pob","angle":-45,"time":236,"angleOffset":false},{"type":"tag","tag":"pob","angle":-45,"time":237,"angleOffset":false},{"type":"tag","tag":"pob","angle":-45,"time":237.5,"angleOffset":false},{"type":"tag","time":241,"angleOffset":false,"tag":"pob","angle":-45},{"type":"tag","tag":"pob","angleOffset":false,"time":216.5,"angle":-45},{"type":"tag","tag":"pob","angle":-45,"time":224.5,"angleOffset":false},{"type":"tag","tag":"pob","angle":-45,"time":232.5,"angleOffset":false},{"type":"tag","tag":"pob","angle":-45,"time":238.75,"angleOffset":false},{"type":"tag","tag":"pob","angle":-45,"time":239,"angleOffset":false},{"type":"tag","tag":"bop","angle":-22.5,"time":239.5,"angleOffset":false},{"type":"tag","tag":"pob","angle":-45,"time":240.25,"angleOffset":false},{"type":"tag","tag":"pob","angle":-45,"time":240.5,"angleOffset":false},{"type":"tag","time":241.25,"angleOffset":false,"tag":"bop","angle":22.5},{"type":"tag","time":242.75,"angleOffset":false,"tag":"bop","angle":0},{"type":"tag","time":243.5,"angleOffset":false,"tag":"bop","angle":45},{"type":"tag","time":245,"angleOffset":false,"tag":"bop","angle":22.5},{"type":"tag","time":245.25,"angleOffset":false,"tag":"bop","angle":22.5},{"type":"tag","time":246.75,"angleOffset":false,"tag":"bop","angle":112.5},{"type":"tag","time":247.66667175293,"angleOffset":false,"tag":"bop","angle":247.5},{"type":"tag","time":249,"angleOffset":false,"tag":"bop","angle":90},{"type":"tag","time":249.25,"angleOffset":false,"tag":"bop","angle":90},{"type":"tag","time":250.75,"angleOffset":false,"tag":"bop","angle":337.5},{"type":"tag","time":251.5,"angleOffset":false,"tag":"bop","angle":112.5},{"type":"tag","time":253,"angleOffset":false,"tag":"bop","angle":315},{"type":"tag","time":253.25,"angleOffset":false,"tag":"bop","angle":315},{"type":"tag","time":254.75,"angleOffset":false,"tag":"bop","angle":22.5},{"type":"tag","tag":"bop","angleOffset":false,"time":255.66667175293,"angle":225},{"type":"ease","duration":1,"time":-2,"angle":180,"var":"vfx.hglitch.strength","value":1.2000000476837},{"type":"ease","duration":1,"time":-2,"angle":202.5,"var":"vfx.hglitch.resolution","value":10},{"type":"ease","duration":1,"time":177,"angle":285,"var":"vfx.hglitch.strength","value":1.5},{"type":"ease","duration":1,"time":177,"value":10,"var":"vfx.hglitch.resolution","angle":300},{"type":"ease","duration":1,"time":201,"angle":285,"var":"vfx.hglitch.strength","value":1.5},{"type":"ease","duration":1,"time":201,"value":10,"var":"vfx.hglitch.resolution","angle":300},{"type":"ease","duration":0.5,"time":112.5,"angle":180,"var":"vfx.hglitch.strength","value":5},{"type":"ease","duration":0.5,"time":112.5,"value":8,"var":"vfx.hglitch.resolution","angle":202.5},{"type":"ease","duration":1,"time":161,"angle":22.5,"var":"vfx.hglitch.strength","value":5},{"type":"ease","duration":1,"time":161,"value":8,"var":"vfx.hglitch.resolution","angle":45},{"type":"ease","duration":1,"time":169,"angle":22.5,"var":"vfx.hglitch.strength","value":5},{"type":"ease","duration":1,"time":169,"angle":45,"var":"vfx.hglitch.resolution","value":8},{"type":"ease","duration":1,"time":165,"angle":285,"var":"vfx.hglitch.strength","value":1.2000000476837},{"type":"ease","duration":1,"time":165,"value":10,"var":"vfx.hglitch.resolution","angle":300},{"type":"ease","duration":1,"time":159,"value":10,"start":20,"var":"vfx.hglitch.strength","angle":292.5},{"type":"ease","duration":1,"time":159,"value":1,"var":"vfx.hglitch.resolution","angle":315},{"type":"ease","duration":1,"start":20,"angle":292.5,"time":160,"var":"vfx.hglitch.strength","value":10},{"type":"ease","duration":0.5,"start":20,"angle":292.5,"time":200,"var":"vfx.hglitch.strength","value":10},{"type":"ease","duration":0.5,"time":200,"angle":315,"var":"vfx.hglitch.resolution","value":1},{"type":"ease","duration":0.5,"time":200.5,"value":10,"start":20,"var":"vfx.hglitch.strength","angle":292.5},{"type":"ease","time":-2,"value":1.00100004673,"var":"vfx.canvPos.sx","angle":135},{"type":"ease","time":-2,"angle":112.5,"var":"vfx.canvPos.sy","value":1.00100004673},{"type":"ease","time":-2,"value":-270,"var":"vfx.comboX","angle":45},{"type":"ease","time":-2,"value":-490,"var":"vfx.accuracyX","angle":67.5},{"type":"ease","time":-2,"value":-300,"var":"vfx.songNameY","angle":90},{"type":"setBoolean","time":-2,"enable":false,"var":"vfx.drawDifficulty","angle":213.75},{"type":"ease","time":159,"value":4,"var":"vfx.glitchUIElements","angle":135},{"type":"ease","time":161,"value":0,"var":"vfx.glitchUIElements","angle":247.5},{"type":"ease","time":200,"angle":135,"var":"vfx.glitchUIElements","value":4},{"type":"ease","time":201,"angle":180,"var":"vfx.glitchUIElements","value":0},{"type":"ease","duration":259,"time":-2,"angle":33.75,"start":0.10000000149012,"var":"vfx.noteYSkew","value":0}]}