{"events":[{"angle":360,"file":"aGiftToUsAll.ogg","time":1,"bpm":100,"volume":0.10000000149012,"type":"play"},{"angle":337.5,"r":4,"time":0,"b":119,"type":"setColor","color":1,"g":167},{"angle":292.5,"r":251,"time":0,"b":36,"type":"setColor","color":3,"g":139},{"angle":315,"r":217,"time":0,"b":104,"type":"setColor","color":2,"g":3},{"angle":270,"r":41,"time":0,"b":32,"type":"setColor","color":0,"g":23},{"time":-1,"outline":true,"type":"deco","drawOrder":6,"sx":0.5,"sprite":"Bus.png","angle":360,"drawLayer":"fg","x":590,"y":290,"id":"bus","sy":0.5},{"time":7,"duration":3600,"type":"deco","y":290,"x":-200,"ease":"linear","id":"bus","angle":0},{"time":6,"duration":1800,"type":"deco","ease":"linear","x":250,"y":5,"id":"sun","angle":360},{"angle":360,"type":"deco","sprite":"blazingSun.png","id":"sun","sy":0.69999998807907,"time":-0.5,"drawLayer":"bg","x":0,"y":300,"sx":0.69999998807907,"drawOrder":-5},{"time":1800,"duration":1800,"type":"deco","y":300,"x":600,"ease":"linear","id":"sun","angle":360},{"time":10,"duration":1800,"type":"setColor","r":253,"b":252,"angle":360,"color":0,"g":255},{"time":1800,"duration":1800,"type":"setColor","r":218,"b":214,"angle":292.5,"color":3,"g":214},{"time":-0,"type":"deco","sprite":"backgroundBlueLayer.png","angle":180,"drawLayer":"bg","x":0,"y":0,"id":"bgBlueLayer","drawOrder":-4},{"time":-0,"sprite":"backgroundRedLayer.png","type":"deco","angle":157.5,"drawLayer":"bg","x":0,"y":0,"id":"bgRedLayer","drawOrder":-3},{"time":-0,"type":"deco","sprite":"backgroundBlackLayer.png","angle":135,"drawLayer":"bg","x":0,"y":0,"id":"bgBlackLayer","drawOrder":-2},{"time":6,"duration":3600,"y":0,"x":-3000,"type":"deco","id":"bgBlueLayer","angle":180},{"time":6,"duration":3800,"y":0,"x":-3000,"type":"deco","id":"bgRedLayer","angle":157.5},{"time":6,"duration":4000,"y":0,"x":-3000,"type":"deco","id":"bgBlackLayer","angle":135},{"time":10,"duration":1800,"type":"setColor","r":46,"b":182,"angle":45,"color":3,"g":196},{"time":10,"duration":1800,"type":"setColor","r":231,"b":54,"angle":90,"color":2,"g":29},{"time":10,"duration":1800,"type":"setColor","r":1,"b":39,"angle":135,"color":1,"g":22},{"time":1800,"duration":1800,"type":"setColor","r":105,"b":56,"angle":315,"color":0,"g":74},{"time":1800,"duration":1800,"type":"setColor","r":146,"b":177,"angle":270,"color":2,"g":191},{"time":1800,"duration":1800,"type":"setColor","r":244,"b":69,"angle":247.5,"color":1,"g":172},{"time":3606,"type":"showResults","angle":360}],"metadata":{"bgData":{"redChannel":{"b":0,"r":0,"g":0},"blueChannel":{"b":255,"r":255,"g":255},"image":"theSunCamePoem.png"},"description":"You know what you're getting into.\nTracks, in order:\nThe Perfect Shape\nBirds\nUnused Assets\nA Room With No Doors\nFlowers & Snakes\nBirthday Girl\nHow to Take Complete Control of Everything and Everyone\nTapers\nAge of Disintegration","artistLink":"https://www.youtube.com/@CallieCacola","artist":"Cacola","difficulty":1,"charter":"Powering","bg":true,"songName":"The Desert Bus"},"properties":{"formatversion":12,"speed":70,"offset":10,"startBeat":0,"loadBeat":1}}