[{"x":600,"y":53,"id":"car","sprite":"car.png","time":0,"type":"deco","angle":247.5,"drawLayer":"bg","order":0},

{"x":84,"id":"car","time":0,"type":"deco","angle":247.5,"drawLayer":"bg","duration":2,"ease":"outCirc","order":1},
{"x":91,"id":"car","time":2.1,"type":"deco","angle":247.5,"drawLayer":"bg","duration":0.2,"ease":"outCirc"},
{"x":111,"id":"car","time":11,"type":"deco","angle":247.5,"drawLayer":"bg","duration":0.4,"ease":"outCirc"},
{"type":"ease","time":11,"angle":180,"value":320,"var":"p.x","duration":0.4,"ease":"outCirc"},
{"type":"ease","time":11.4,"angle":180,"value":-200,"var":"p.x","duration":4,"ease":"outCirc"},
{"x":-500,"id":"car","time":11.4,"type":"deco","angle":247.5,"drawLayer":"bg","duration":4,"ease":"outCirc"}
]