[{"ease":"linear","value":200,"angle":247.5,"type":"ease","duration":1.5,"var":"vfx.comboY","time":0},


{"ease":"linear","value":320,"angle":247.5,"type":"ease","duration":5,"var":"vfx.comboY","time":1},

{"ease":"linear","value":300,"angle":247.5,"type":"ease","duration":7,"var":"vfx.comboX","time":1},

{"ease":"linear","value":-10,"angle":247.5,"type":"ease","duration":10,"var":"vfx.comboY","time":6},

{"ease":"linear","value":-300,"angle":247.5,"type":"ease","duration":12,"var":"vfx.comboX","time":8},

{"ease":"linear","value":320,"angle":247.5,"type":"ease","duration":10,"var":"vfx.comboY","time":16},

{"ease":"linear","value":300,"angle":247.5,"type":"ease","duration":12,"var":"vfx.comboX","time":20},

{"ease":"linear","value":0,"angle":247.5,"type":"ease","duration":3,"var":"vfx.comboX","time":32},


{"ease":"linear","value":-10,"angle":247.5,"type":"ease","duration":7,"var":"vfx.comboY","time":26},
{"ease":"linear","value":0,"angle":247.5,"type":"ease","duration":7,"var":"vfx.comboY","time":33}
]