[
    {
        "angle": 330,
        "type": "deco",
        "id": "funky1",
        "sprite": "kong1.png",
        "x": 65,
        "y": 500,
        "sx": 0.25,
        "sy": 0.25,
        "time": 0,"order":0,
        "drawLayer":"bg"
    },

    {"angle":330,"type":"deco","id":"funky1","y":200,"duration":1,"time":0,"order":1},
    {"type":"ease","time":0,"angle":180,"value":265,"var":"p.y","duration":1.2,"ease":"outCirc"},
    {"angle":330,"type":"deco","id":"funky1","y":500,"duration":0.5,"time":8.7,"order":1},



    {"angle":330,"type":"deco","id":"funky1","sprite": "kong2.png","y":220,"r":-90,"x":700,"time":9,"order":0},
    {"angle":330,"type":"deco","id":"funky1","sprite": "kong2.png","x":400,"duration":1,"time":9,"order":1},

    {"type":"ease","time":9,"angle":180,"value":180,"var":"p.y"},
    {"type":"ease","time":9,"angle":180,"value":650,"var":"p.x","order":0},
    {"type":"ease","time":9,"angle":180,"value":374,"var":"p.x","duration":1,"ease":"outCirc","order":1},

    {"angle":330,"type":"deco","id":"funky1","sprite": "kong2.png","x":650,"duration":1,"time":16.9,"order":0},


    {"angle":330,"type":"deco","id":"funky1","sprite": "kong3.png","y":-300,"r":0,"x":76,"time":17,"order":1},
    {"angle":330,"type":"deco","id":"funky1","y":-77,"duration":0.5,"time":17.3,"order":2},
    {"type":"ease","time":17,"angle":180,"value":300,"var":"p.x","order":0},
    {"type":"ease","time":17,"angle":180,"value":-10,"var":"p.y","order":0},
    {"type":"ease","time":17,"angle":180,"value":180,"var":"p.y","order":1,"duration":1},


    {"angle":330,"type":"deco","id":"funky1","y":70,"x":40,"duration":1,"time":28,"order":1},
    {"type":"ease","time":28,"angle":180,"value":280,"var":"p.x","order":0,"duration":1},
    {"type":"ease","time":28,"angle":180,"value":300,"var":"p.y","order":1,"duration":1}
]