[{"angle":202.5,"type":"deco","id":"fist2","y":150,"time":0,"duration":1,"ease":"inOutCubic"},{"angle":180,"type":"deco","id":"fist1","y":150,"time":0,"duration":1,"ease":"inOutCubic"},


{"angle":202.5,"type":"deco","id":"fist2","y":-30,"x":260,"r":45,"time":1,"duration":1,"ease":"inOutCubic"},{"angle":180,"type":"deco","id":"fist1","y":0,"x":330,"r":-45,"time":1,"duration":1,"ease":"inOutCubic"},
{
    "angle": 45,
    "hide": false,
    "time": 1,
    "sprite": "cover.png",
    "type": "deco",
    "x": 0,
    "recolor": 3,
    "y": -360,

    "sx": 1,
    "sy":1,
    "order": 0,
    "id": "cover",
    "outline": false
},
{
    "angle": 45,
    "time": 2,
    "sprite": "cover.png",
    "type": "deco",
    "x": 0,
    "y": 0,
    "order": 0,
    "duration":2,
    "ease":"linear",
    "id": "cover"

},
{"angle":202.5,"type":"deco","id":"fist2","y":230,"r":45,"time":2,"duration":2.5,"ease":"inOutCubic"},
{"angle":180,"type":"deco","id":"fist1","y":240,"r":-45,"time":2,"duration":2.5,"ease":"inOutCubic"},


{"angle":202.5,"type":"deco","id":"fist2","x":100,"r":0,"time":4.5,"duration":1,"ease":"inOutCubic"},
{"angle":180,"type":"deco","id":"fist1","x":450,"r":0,"time":4.2,"duration":0.4,"ease":"inOutCubic"},
{"angle":180,"type":"deco","id":"fist1",    "sprite": "thumb.png","x":450,"r":0,"time":4.5,"duration":1,"ease":"inOutCubic"},

{"angle":202.5,"type":"deco","id":"fist2","y":600,"r":45,"time":5.5,"duration":5,"ease":"inOutCubic"},
{"angle":180,"type":"deco","id":"fist1","y":600,"r":-45,"time":5.5,"duration":5,"ease":"inOutCubic"}




]