[
    {
        "angle": 45,
        "hide": false,
        "time": 0,
        "recolor": 3,
        "sprite": "fist.png",
        "type": "deco",
        "x": 430,
        "ox": 174,
        "oy": 142.5,
        "y": 500,
        "r": -90,
        "sx": 0.44,
        "sy": 0.44,
        "order": 0,
        "id": "fist1",
        "outline": true
    },
    {
        "angle": 45,
        "time": 0,
        "order": 1,
        "recolor": 3,
        "type": "deco",
        "y": 210,
        "duration": 1.5,
        "ease": "inOutQuart",
        "id": "fist1"
    },
    {
        "angle": 45,
        "time": 0.75,
        "recolor": 3,
        "type": "deco",
        "x": 335,
        "duration": 0.75,
        "ease": "inOutQuart",
        "id": "fist1"
    },
    {
        "angle": 0,
        "hide": false,
        "time": 1.5,
        "recolor": 3,
        "sprite": "open.png",
        "r": 0,
        "type": "deco",
        "x": 420,
        "y": 150,
        "duration": 0.7,
        "ease": "inOutQuart",
        "order": 0,
        "id": "fist1"
    },
    {
        "angle": 0,
        "hide": false,
        "time": 2.1,
        "recolor": 3,
        "type": "deco",
        "x": 420,
        "duration": 1.5,
        "ease": "inOutQuart",
        "order": 0,
        "id": "fist1"
    },
    {
        "angle": 0,
        "hide": false,
        "time": 2.1,
        "recolor": 3,
        "sprite": "open.png",
        "type": "deco",
        "y": 500,
        "duration": 1.5,
        "ease": "inOutQuart",
        "order": 0,
        "id": "fist1"
    },



    {
        "angle": 45,
        "hide": false,
        "time": 1.5,
        "recolor": 3,
        "sprite": "fist.png",
        "type": "deco",
        "x": 130,
        "ox": 174,
        "oy": 142.5,
        "y": 500,
        "r": 90,
        "sx": 0.44,
        "sy": 0.44,
        "order": 0,
        "id": "fist2",
        "outline": true
    },



    {
        "angle": 45,
        "time": 1.5,
        "order": 1,
        "type": "deco",
        "y": 160,
        "duration": 1,
        "ease": "inOutQuart",
        "id": "fist2"
    },
    {
        "angle": 45,
        "time": 2,
        "recolor": 3,
        "type": "deco",
        "x": 275,
        "duration": 0.5,
        "ease": "inOutQuart",
        "id": "fist2"
    },
    {
        "angle": 0,
        "hide": false,
        "time": 3,
        "recolor": 3,
        "sprite": "open.png",
        "r": 0,
        "type": "deco",
        "x": 120,
        "y": 110,
        "duration": 0.7,
        "ease": "inOutQuart",
        "order": 0,
        "id": "fist2"
    },
    {
        "angle": 0,
        "hide": false,
        "time": 3.6,
        "recolor": 3,
        "type": "deco",
        "x": 120,
        "duration": 1.5,
        "ease": "inOutQuart",
        "order": 0,
        "id": "fist2"
    },
    {
        "angle": 0,
        "hide": false,
        "time": 3.6,
        "recolor": 3,
        "sprite": "open.png",
        "type": "deco",
        "y": 500,
        "duration": 1.5,
        "ease": "inOutQuart",
        "order": 0,
        "id": "fist2"
    }
]