[
    {
        "time": 0,
        "hide": false,
        "angle": 247.5,
        "r": 90,
        "sy": 1.5,
        "id": "vfxline",
        "x": 1800,
        "y": 80,
        "order": 0,
        "sx": 0.2,
        "type": "deco"
    },
    {
        "angle": 225,
        "duration": 1,
        "x": 700,
        "ease": "linear",
        "id": "vfxline",
        "order": 1,
        "type": "deco",
        "time": 0
    },
    {"angle":225,"duration":1,"sx": 0.4,"ease":"linear","id":"vfxline","order":1,"type":"deco","time":0},

    {"angle":225,"duration":0,"sx": 0.2,"ease":"linear","id":"vfxline","order":0,"type":"deco","time":1.5},
    {"angle":225,"duration":1,"sx": 0.3,"ease":"linear","id":"vfxline","order":1,"type":"deco","time":1.5},

    {"angle":225,"duration":0,"sx": 0.2,"ease":"linear","id":"vfxline","order":0,"type":"deco","time":2.5},
    {"angle":225,"duration":1,"sx": 0.3,"ease":"linear","id":"vfxline","order":1,"type":"deco","time":2.5},

    {"angle":225,"duration":0,"sx": 0.2,"ease":"linear","id":"vfxline","order":0,"type":"deco","time":3.5},
    {"angle":225,"duration":1,"sx": 0.3,"ease":"linear","id":"vfxline","order":1,"type":"deco","time":3.5},

    {"angle":225,"duration":0,"sx": 0.2,"ease":"linear","id":"vfxline","order":0,"type":"deco","time":4.5},
    {"angle":225,"duration":1,"sx": 0.3,"ease":"linear","id":"vfxline","order":1,"type":"deco","time":4.5},

    {"angle":225,"duration":0,"sx": 0.2,"ease":"linear","id":"vfxline","order":0,"type":"deco","time":5.5},
    {"angle":225,"duration":1,"sx": 0.3,"ease":"linear","id":"vfxline","order":1,"type":"deco","time":5.5},

    {"angle":225,"duration":0,"sx": 0.2,"ease":"linear","id":"vfxline","order":0,"type":"deco","time":6.5},
    {"angle":225,"duration":1,"sx": 0.3,"ease":"linear","id":"vfxline","order":1,"type":"deco","time":6.5},

    {
        "time": 7.5,
        "hide": false,
        "angle": 247.5,
        "r": 90,
        "sy": 1.5,
        "id": "vfxline2",
        "sprite":"vfxline.png",
        "ox":400,
        "x": -1000,
        "y": 185,
        "order": 0,
        "drawLayer":"bg",
        "sx": 0.3,
        "type": "deco"
    },
    {
        "angle": 225,
        "duration": 1,
        "x": 700,
        "ease": "linear",
        "id": "vfxline2",
        "order": 1,
        "type": "deco",
        "time": 7.5
    },

    {"angle":225,"duration":1,"sx": 0.4,"ease":"linear","id":"vfxline2","order":1,"type":"deco","time":7.5},

    {"angle":225,"duration":0,"sx": 0.3,"ease":"linear","id":"vfxline2","order":0,"type":"deco","time":9},
    {"angle":225,"duration":1,"sx": 0.4,"ease":"linear","id":"vfxline2","order":1,"type":"deco","time":9},

    {"angle":225,"duration":0,"sx": 0.3,"ease":"linear","id":"vfxline2","order":0,"type":"deco","time":10},
    {"angle":225,"duration":1,"sx": 0.4,"ease":"linear","id":"vfxline2","order":1,"type":"deco","time":10},

    {"angle":225,"duration":0,"sx": 0.3,"ease":"linear","id":"vfxline2","order":0,"type":"deco","time":11},
    {"angle":225,"duration":1,"sx": 0.4,"ease":"linear","id":"vfxline2","order":1,"type":"deco","time":11},

    {"angle":225,"duration":0,"sx": 0.3,"ease":"linear","id":"vfxline2","order":0,"type":"deco","time":12},
    {"angle":225,"duration":1,"sx": 0.4,"ease":"linear","id":"vfxline2","order":1,"type":"deco","time":12},

    {"angle":225,"duration":0,"sx": 0.3,"ease":"linear","id":"vfxline2","order":0,"type":"deco","time":13},
    {"angle":225,"duration":1,"sx": 0.43,"ease":"linear","id":"vfxline2","order":1,"type":"deco","time":13},

    {"angle":225,"duration":0,"sx": 0.3,"ease":"linear","id":"vfxline2","order":0,"type":"deco","time":14},
    {"angle":225,"duration":1,"sx": 0.4,"ease":"linear","id":"vfxline2","order":1,"type":"deco","time":14}
]