[{"time":0,"type":"block","angle":112.5},{"time":0.25,"type":"block","angle":67.5},{"time":0.375,"type":"block","angle":45},{"time":0.5,"type":"block","angle":22.5},{"time":0.625,"type":"block","angle":0},{"time":0.75,"type":"block","angle":337.5},{"time":0.875,"type":"block","angle":315},{"time":1.125,"type":"block","angle":270},{"time":1.25,"type":"block","angle":247.5},{"time":1.5,"type":"block","angle":202.5},{"time":1.75,"type":"block","angle":157.5},{"time":2,"type":"block","angle":112.5},{"time":2.125,"type":"block","angle":90},{"time":2.25,"type":"block","angle":67.5},{"time":2.375,"type":"block","angle":45},{"time":2.5,"type":"mine","angle":22.5},{"time":2.625,"type":"mine","angle":0},{"time":2.75,"type":"block","angle":315},{"time":2.875,"type":"block","angle":337.5},{"time":3,"type":"mine","angle":360},{"time":3.125,"type":"mine","angle":22.5},{"time":3.375,"type":"block","angle":45},{"time":3.25,"type":"block","angle":67.5},{"time":3.5,"type":"mine","angle":22.5},{"time":3.625,"type":"mine","angle":0},{"time":3.875,"type":"block","angle":337.5},{"time":3.75,"type":"block","angle":315},{"time":4,"type":"mine","angle":0},{"time":4.125,"type":"mine","angle":22.5},{"time":4.25,"type":"mine","angle":45},{"time":4.375,"type":"mine","angle":67.5},{"time":4.5,"type":"mine","angle":90},{"time":4.625,"type":"mine","angle":112.5},{"time":4.75,"type":"mine","angle":135},{"time":4.875,"type":"mine","angle":157.5},{"time":5,"type":"mine","angle":180},{"time":5.125,"type":"mine","angle":202.5},{"time":5.25,"type":"mine","angle":225},{"time":5.375,"type":"mine","angle":247.5},{"time":5.5,"type":"mine","angle":270},{"time":5.625,"type":"mine","angle":292.5},{"time":5.75,"type":"mine","angle":315},{"time":5.875,"type":"mine","angle":337.5},{"time":6,"type":"mine","angle":360},{"time":6.125,"type":"mine","angle":22.5},{"time":6.25,"type":"mine","angle":45},{"time":6.5,"type":"block","angle":90},{"time":6.875,"type":"mine","angle":135},{"time":6.625,"type":"block","angle":112.5},{"time":6.375,"type":"mine","angle":67.5},{"time":6.75,"type":"mine","angle":157.5},{"time":7,"type":"block","angle":112.5},{"time":7.125,"type":"block","angle":90},{"time":7.25,"type":"mine","angle":45},{"time":7.375,"type":"mine","angle":67.5},{"time":7.5,"type":"block","angle":90},{"time":7.625,"type":"block","angle":112.5},{"time":7.875,"type":"mine","angle":135},{"time":7.75,"type":"mine","angle":157.5},{"type":"hold","angle":90,"time":8,"duration":1,"angle2":45},{"type":"hold","angle":45,"time":9,"duration":1,"angle2":90},{"type":"hold","angle":90,"time":10,"duration":0.5,"angle2":67.5},{"type":"mineHold","angle":67.5,"time":10.625,"duration":0.0625,"angle2":45},{"type":"hold","angle":45,"time":10.75,"duration":0.25,"angle2":67.5},{"type":"mineHold","angle":67.5,"time":11.125,"duration":0.0625,"angle2":45},{"type":"hold","angle":45,"time":11.25,"duration":0.25,"angle2":67.5},{"type":"mineHold","angle":67.5,"time":11.625,"duration":0.0625,"angle2":45},{"type":"hold","angle":45,"time":11.75,"duration":0.25,"angle2":67.5},{"type":"mineHold","angle":67.5,"time":12.125,"duration":0.375,"angle2":22.5},{"type":"mineHold","angle":22.5,"time":12.5,"duration":0.5,"angle2":45},{"type":"mineHold","angle":45,"time":13,"duration":1,"angle2":112.5},{"type":"hold","angle":112.5,"time":16,"duration":1,"angle2":157.5},{"type":"hold","angle":157.5,"time":17,"duration":1,"angle2":112.5},{"type":"hold","angle":112.5,"time":18,"duration":0.5,"angle2":135},{"type":"mineHold","angle":135,"time":18.625,"duration":0.0625,"angle2":157.5},{"type":"hold","angle":157.5,"time":18.75,"duration":0.25,"angle2":135},{"type":"mineHold","angle":135,"time":19.125,"duration":0.0625,"angle2":157.5},{"type":"hold","angle":157.5,"time":19.25,"duration":0.25,"angle2":135},{"type":"mineHold","angle":135,"time":19.625,"duration":0.0625,"angle2":157.5},{"type":"hold","angle":157.5,"time":19.75,"duration":0.25,"angle2":135},{"type":"mineHold","angle":135,"time":20.125,"duration":0.375,"angle2":180},{"type":"mineHold","angle":180,"time":20.5,"duration":0.5,"angle2":157.5},{"type":"mineHold","angle":157.5,"time":21,"duration":1,"angle2":90},{"time":23.75,"type":"mine","angle":270},{"time":23.5,"type":"block","angle":225},{"type":"hold","angle":315,"time":24,"duration":1,"angle2":450},{"time":27.5,"type":"mine","angle":-202.5},{"time":27.75,"type":"block","angle":-247.5},{"type":"mineHold","angle":-292.5,"time":28,"duration":1,"angle2":-427.5},{"time":28.125,"type":"mine","angle":-337.5},{"time":28.375,"type":"mine","angle":-315},{"time":28.625,"type":"mine","angle":0},{"time":28.5,"type":"mine","angle":-22.5},{"time":29,"type":"mine","angle":-45},{"time":28.75,"type":"mine","angle":-67.5},{"type":"mineHold","angle":292.5,"time":29,"duration":1,"angle2":157.5},{"time":29.25,"type":"mine","angle":292.5},{"time":29,"type":"mine","angle":270},{"time":29.375,"type":"mine","angle":270},{"time":29.125,"type":"mine","angle":247.5},{"time":29.625,"type":"mine","angle":247.5},{"time":29.125,"type":"mine","angle":225},{"time":29.75,"type":"mine","angle":225},{"time":29.5,"type":"mine","angle":202.5},{"time":30,"type":"mine","angle":202.5},{"time":29.625,"type":"mine","angle":180},{"time":30.125,"type":"mine","angle":180},{"time":29.75,"type":"mine","angle":157.5},{"time":31.75,"type":"mine","angle":540},{"time":31.5,"type":"block","angle":585},{"type":"hold","angle":495,"time":32,"duration":1,"angle2":360},{"time":35.5,"type":"mine","angle":1012.5},{"time":35.75,"type":"block","angle":1057.5},{"type":"mineHold","angle":1102.5,"time":36,"duration":1,"angle2":1237.5},{"time":36.125,"type":"mine","angle":1147.5},{"time":36.375,"type":"mine","angle":1125},{"time":36.625,"type":"mine","angle":810},{"time":36.5,"type":"mine","angle":832.5},{"time":37,"type":"mine","angle":855},{"time":36.75,"type":"mine","angle":877.5},{"type":"mineHold","angle":517.5,"time":37,"duration":1,"angle2":652.5},{"time":37.25,"type":"mine","angle":517.5},{"time":37,"type":"mine","angle":540},{"time":37.375,"type":"mine","angle":540},{"time":37.125,"type":"mine","angle":562.5},{"time":37.625,"type":"mine","angle":562.5},{"time":37.125,"type":"mine","angle":585},{"time":37.75,"type":"mine","angle":585},{"time":37.5,"type":"mine","angle":607.5},{"time":38,"type":"mine","angle":607.5},{"time":37.625,"type":"mine","angle":630},{"time":38.125,"type":"mine","angle":630},{"time":37.75,"type":"mine","angle":652.5},{"time":40,"type":"block","angle":45},{"time":40.5,"type":"block","angle":225},{"time":41,"type":"block","angle":90},{"time":41.5,"type":"block","angle":0},{"time":41.875,"type":"block","angle":180},{"type":"mineHold","angle":67.5,"time":44,"duration":0.25,"angle2":67.5},{"type":"mineHold","angle":225,"time":46,"duration":0.125,"angle2":202.5},{"type":"mineHold","angle":67.5,"time":44.25,"duration":0.5,"angle2":112.5},{"type":"mineHold","angle":112.5,"time":44.75,"duration":0.5,"angle2":90},{"type":"mineHold","angle":90,"time":45.25,"duration":0.75,"angle2":-135},{"type":"mineHold","angle":225,"time":46,"duration":0.25,"angle2":225},{"time":48,"type":"block","angle":-427.5},{"time":48.5,"type":"block","angle":-247.5},{"time":49,"type":"block","angle":-382.5},{"time":49.5,"type":"block","angle":-472.5},{"time":50,"type":"block","angle":-292.5},{"type":"mineHold","angle":-405,"time":52,"duration":0.25,"angle2":-405},{"type":"mineHold","angle":-247.5,"time":54,"duration":0.125,"angle2":-270},{"type":"mineHold","angle":-405,"time":52.25,"duration":0.5,"angle2":-360},{"type":"mineHold","angle":-360,"time":52.75,"duration":0.5,"angle2":-382.5},{"type":"mineHold","angle":-382.5,"time":53.25,"duration":0.75,"angle2":-607.5},{"type":"mineHold","angle":-247.5,"time":54,"duration":0.25,"angle2":-247.5},{"time":50.25,"type":"block","angle":112.5},{"time":56,"type":"block","angle":-135},{"time":56.5,"type":"block","angle":45},{"time":57,"type":"block","angle":-90},{"time":57.5,"type":"block","angle":-180},{"time":58,"type":"block","angle":0},{"type":"mineHold","angle":-112.5,"time":60,"duration":0.25,"angle2":-112.5},{"type":"mineHold","angle":45,"time":62,"duration":0.125,"angle2":22.5},{"type":"mineHold","angle":-112.5,"time":60.25,"duration":0.5,"angle2":-67.5},{"type":"mineHold","angle":-67.5,"time":60.75,"duration":0.5,"angle2":-90},{"type":"mineHold","angle":-90,"time":61.25,"duration":0.75,"angle2":-315},{"type":"mineHold","angle":45,"time":62,"duration":0.25,"angle2":45},{"time":64,"type":"block","angle":157.5},{"time":64.5,"type":"block","angle":337.5},{"time":65,"type":"block","angle":202.5},{"time":65.5,"type":"block","angle":112.5},{"time":66,"type":"block","angle":292.5},{"type":"mineHold","angle":180,"time":68,"duration":0.25,"angle2":180},{"type":"mineHold","angle":337.5,"time":70,"duration":0.125,"angle2":315},{"type":"mineHold","angle":180,"time":68.25,"duration":0.5,"angle2":225},{"type":"mineHold","angle":225,"time":68.75,"duration":0.5,"angle2":202.5},{"type":"mineHold","angle":202.5,"time":69.25,"duration":0.75,"angle2":-22.5},{"type":"mineHold","angle":337.5,"time":70,"duration":0.25,"angle2":337.5},{"time":66.375,"type":"block","angle":112.5}]