[{"tag":"door","time":0,"angle":56.25,"angleOffset":false,"type":"tag"},{"tag":"door","time":1.1875,"angle":90,"angleOffset":false,"type":"tag"},{"tag":"door","time":2.4375,"angle":112.5,"angleOffset":false,"type":"tag"},{"tag":"door","time":3.6875,"angle":112.5,"angleOffset":false,"type":"tag"},{"tag":"door","time":4.125,"angle":112.5,"angleOffset":false,"type":"tag"},{"tag":"door","time":4.5625,"angle":112.5,"angleOffset":false,"type":"tag"},{"tag":"door","time":3.125,"angle":90,"angleOffset":false,"type":"tag"}]