[{"type":"deco","id":"HEY","sx":0.75,"sprite":"HEY.png","r":-10,"time":0,"angle":337.5,"sy":0.75,"x":270,"y":100,"order":0,"hide":false},
{"ease":"linear","id":"HEY","type":"deco","duration":0.75,"angle":315,"sx":0.5,"sy":0.5,"time":0,"order":1},
{"type":"setColor","angle":22.5,"r":184,"time":0.5,"color":2,"ease":"linear","g":0,"duration":0.5,"b":0},
{"type":"deco","id":"HEY","time":1.2,"hide":true},
{"type":"setColor","angle":22.5,"r":255,"time":1.5,"color":2,"ease":"linear","g":255,"duration":0,"b":161}]