[{"type":"deco","id":"L1","sx":1,"sprite":"Lightning1.png","r":45,"time":0,"angle":337.5,"sy":1,"x":240,"y":120,"order":0},
{"ease":"linear","id":"L1","type":"deco","duration":1.5,"angle":315,"x":50,"y":300,"time":0,"order":1},

{"type":"deco","id":"L2","sx":1,"sprite":"Lightning2.png","r":0,"time":0,"angle":337.5,"sy":1,"x":250,"y":150, "hide":true},
{"type":"deco","id":"L2","hide":false,"time":1},
{"ease":"linear","id":"L2","type":"deco","duration":1.5,"angle":315,"x":200,"y":-150,"time":0.5,"order":1},

{"type":"deco","id":"L3","sx":1,"sprite":"Lightning3.png","r":0,"time":0,"angle":337.5,"sy":1,"x":250,"y":180, "hide":true},

{"type":"deco","id":"L3","hide":false,"time":1.5},

{"ease":"linear","id":"L3","type":"deco","duration":1.5,"angle":315,"x":200,"y":450,"time":1.5,"order":1,"ox":-10},

{"type":"deco","id":"L4","sprite":"Lightning4.png","r":-45,"time":0.25,"angle":337.5,"sx":0.5,"sy":0.5,"x":250,"y":180},
{"ease":"linear","id":"L4","type":"deco","duration":1.5,"angle":315,"x":-100,"y":-100,"time":0.25,"order":1},

{"type":"deco","id":"L5","sprite":"Lightning5.png","r":45,"time":0.75,"angle":337.5,"sx":0.5,"sy":0.5,"x":270,"y":160,"kx":0.5},
{"ease":"linear","id":"L5","type":"deco","duration":1.5,"angle":315,"x":600,"y":-200,"time":0.75,"order":1},

{"type":"deco","id":"L1","sx":0.7,"r":-45,"time":2,"angle":337.5,"sy":0.7,"x":240,"y":140,"order":0},
{"ease":"linear","id":"L1","type":"deco","duration":1.5,"angle":315,"x":600,"y":400,"time":2,"order":1}
]