[{"angle":45,"time":2,"type":"block"},{"angle":22.5,"time":3,"type":"block"},{"angle":22.5,"time":3.5,"type":"block"},{"angle":45,"time":4,"type":"block"},{"angle":45,"time":5,"type":"block"},{"time":6,"angle2":22.5,"angle":45,"type":"hold","duration":1},{"angle":22.5,"time":6.5,"type":"side"},{"angle":22.5,"time":7.5,"type":"block"},{"duration":1,"time":8,"angle":22.5,"type":"hold","angle2":315},{"angle":337.5,"time":7.5,"type":"mine"},{"angle":67.5,"time":7.5,"type":"mine"},{"angle":67.5,"time":6,"type":"extraTap"},{"angle":45,"time":7,"type":"extraTap"},{"angle":0,"time":8,"type":"extraTap"},{"angle":315,"time":10,"type":"block"},{"angle":360,"time":10.5,"type":"block"},{"angle":337.5,"time":10.5,"type":"inverse"},{"angle":270,"time":11.5,"type":"inverse"},{"angle":247.5,"time":12,"type":"inverse"},{"angle":225,"time":12.5,"type":"inverse"},{"angle":202.5,"time":13,"type":"inverse"},{"angle":315,"time":11,"type":"block"},{"angle":0,"time":14,"type":"side"},{"angle":315,"time":14.5,"type":"side"},{"angle":315,"time":13.5,"type":"side"},{"time":15.5,"angle":0,"angle2":45,"type":"hold","duration":1},{"angle":292.5,"time":15,"type":"block"},{"angle":337.5,"time":16,"type":"block"},{"angle":45,"time":16,"type":"side"},{"time":17,"angle":22.5,"angle2":0,"type":"mineHold","duration":1},{"duration":1,"angle":112.5,"angle2":90,"type":"mineHold","time":17},{"time":18,"angle":0,"angle2":337.5,"type":"hold","duration":1},{"angle":337.5,"time":19.5,"type":"block"},{"angle":22.5,"time":19.5,"type":"block"},{"angle":22.5,"time":20,"type":"block"},{"angle":337.5,"time":20,"type":"block"},{"angle":0,"time":20,"type":"block"},{"angle":360,"time":20.5,"type":"block"},{"angle":0,"time":19.625,"type":"block"},{"angle":360,"time":19.75,"type":"block"},{"angle":0,"time":19.875,"type":"block"},{"angle":0,"time":19.125,"type":"block"},{"angle":0,"time":20.875,"type":"inverse"},{"angle":180,"time":21.25,"type":"inverse"},{"angle":303.75,"time":15,"type":"extraTap"},{"angle":56.25,"time":16.5,"type":"extraTap"},{"angle":337.5,"time":18,"type":"extraTap"},{"angle":146.25,"time":21.25,"type":"extraTap"}]