[{"time":0,"speedMult":2,"angle":315,"type":"block"},{"time":0.25,"speedMult":2,"angle":360,"type":"side"},{"time":0.5,"speedMult":2,"angle":45,"type":"block"},{"time":0.75,"speedMult":2,"angle":360,"type":"side"},{"time":1,"speedMult":2,"angle":45,"type":"block"},{"time":1.25,"speedMult":2,"angle":90,"type":"side"},{"time":1.75,"speedMult":2,"angle":90,"type":"side"},{"time":1.5,"speedMult":2,"angle":135,"type":"block"},{"time":2,"speedMult":2,"angle":135,"type":"block"},{"time":2.5,"speedMult":2,"angle":225,"type":"block"},{"time":3,"speedMult":2,"angle":225,"type":"block"},{"time":3.5,"speedMult":2,"angle":315,"type":"block"},{"time":2.25,"speedMult":2,"angle":180,"type":"side"},{"time":2.75,"speedMult":2,"angle":180,"type":"side"},{"time":3.25,"speedMult":2,"angle":270,"type":"side"},{"time":3.75,"speedMult":2,"angle":270,"type":"side"},{"time":4,"speedMult":2,"angle":315,"type":"block"},{"time":4.5,"speedMult":2,"angle":45,"type":"block"},{"time":5,"speedMult":2,"angle":45,"type":"block"},{"time":6,"speedMult":2,"angle":135,"type":"block"},{"time":5.5,"speedMult":2,"angle":135,"type":"block"},{"time":7,"speedMult":2,"angle":225,"type":"block"},{"time":6.5,"speedMult":2,"angle":225,"type":"block"},{"time":7.5,"speedMult":2,"angle":315,"type":"block"},{"time":4.25,"speedMult":2,"angle":360,"type":"side"},{"time":4.75,"speedMult":2,"angle":0,"type":"side"},{"time":5.25,"speedMult":2,"angle":90,"type":"side"},{"time":5.75,"speedMult":2,"angle":90,"type":"side"},{"time":6.25,"speedMult":2,"angle":180,"type":"side"},{"time":6.75,"speedMult":2,"angle":180,"type":"side"},{"time":7.25,"speedMult":2,"angle":270,"type":"side"},{"time":7.75,"speedMult":2,"angle":270,"type":"side"},{"time":8,"speedMult":2,"angle":315,"type":"block"},{"time":8.5,"speedMult":2,"angle":45,"type":"block"},{"time":9,"speedMult":2,"angle":45,"type":"block"},{"time":9.5,"speedMult":2,"angle":135,"type":"block"},{"time":10,"speedMult":2,"angle":135,"type":"block"},{"time":10.5,"speedMult":2,"angle":225,"type":"block"},{"time":11,"speedMult":2,"angle":225,"type":"block"},{"time":11.5,"speedMult":2,"angle":315,"type":"block"},{"time":8.25,"speedMult":2,"angle":0,"type":"side"},{"time":8.75,"speedMult":2,"angle":0,"type":"side"},{"time":9.25,"speedMult":2,"angle":90,"type":"side"},{"time":9.75,"speedMult":2,"angle":90,"type":"side"},{"time":10.25,"speedMult":2,"angle":180,"type":"side"},{"time":10.75,"speedMult":2,"angle":180,"type":"side"},{"time":11.25,"speedMult":2,"angle":270,"type":"side"},{"time":11.75,"speedMult":2,"angle":270,"type":"side"},{"time":8.25,"speedMult":3,"angle":180,"type":"extraTap"},{"time":8.5,"speedMult":3,"angle":180,"type":"extraTap"},{"time":9,"speedMult":3,"angle":180,"type":"extraTap"},{"time":9.25,"speedMult":3,"angle":180,"type":"extraTap"},{"time":12,"speedMult":2,"angle":315,"type":"block"},{"time":12.5,"speedMult":2,"angle":45,"type":"block"},{"time":13,"speedMult":2,"angle":45,"type":"block"},{"time":13.5,"speedMult":2,"angle":135,"type":"block"},{"time":14,"speedMult":2,"angle":135,"type":"block"},{"time":14.5,"speedMult":2,"angle":225,"type":"block"},{"time":12.25,"speedMult":2,"angle":0,"type":"side"},{"time":12.75,"speedMult":2,"angle":0,"type":"side"},{"time":13.25,"speedMult":2,"angle":90,"type":"side"},{"time":13.75,"speedMult":2,"angle":90,"type":"side"},{"time":14.25,"speedMult":2,"angle":180,"type":"side"},{"time":14.75,"speedMult":2,"angle":180,"type":"side"},{"time":12.25,"speedMult":3,"angle":180,"type":"extraTap"},{"time":12.5,"speedMult":3,"angle":180,"type":"extraTap"},{"time":13,"speedMult":3,"angle":180,"type":"extraTap"},{"time":13.25,"speedMult":3,"angle":180,"type":"extraTap"},{"time":15,"angle2":405,"holdEase":"inSine","speedMult":2,"duration":1,"type":"hold","angle":225},{"time":18,"angle2":315,"holdEase":"inSine","speedMult":2,"duration":1,"type":"hold","angle":270},{"time":19,"angle2":225,"holdEase":"outSine","speedMult":2,"duration":1,"type":"hold","angle":315},{"speedMult":2,"startTap":true,"time":20,"angle2":0,"duration":2,"type":"hold","angle":225,"holdEase":"inQuad"},{"speedMult":2,"startTap":true,"time":16,"angle2":270,"duration":2,"type":"hold","angle":45,"holdEase":"inQuad"},{"time":22,"angle2":315,"holdEase":"inSine","speedMult":2,"duration":1,"type":"hold","angle":360},{"time":23,"angle2":405,"holdEase":"inSine","speedMult":2,"duration":1,"type":"hold","angle":315},{"speedMult":2,"startTap":true,"time":24,"angle2":270,"duration":2,"type":"hold","angle":45,"holdEase":"inQuint"},{"time":26,"angle2":315,"holdEase":"outQuint","speedMult":2,"duration":1,"type":"hold","angle":270},{"time":27,"speedMult":2,"holdEase":"outQuart","angle2":225,"duration":1,"type":"hold","angle":315},{"speedMult":2,"startTap":true,"time":28,"angle2":90,"duration":2,"type":"hold","angle":225,"holdEase":"inExpo"},{"time":30,"angle2":0,"holdEase":"inOutQuad","speedMult":2,"duration":1,"type":"hold","angle":90},{"time":31,"speedMult":2,"angle":0,"duration":1,"type":"hold","angle2":45},{"time":34,"speedMult":2,"holdEase":"inSine","angle2":315,"duration":1,"type":"hold","angle":270},{"time":35,"speedMult":2,"holdEase":"outSine","angle2":225,"duration":1,"type":"hold","angle":315},{"speedMult":2,"startTap":true,"time":36,"angle2":0,"duration":2,"type":"hold","angle":225,"holdEase":"inQuad"},{"speedMult":2,"startTap":true,"time":32,"angle2":270,"duration":2,"type":"hold","angle":45,"holdEase":"inQuad"},{"time":38,"speedMult":2,"holdEase":"inSine","angle2":315,"duration":1,"type":"hold","angle":360},{"time":39,"speedMult":2,"holdEase":"inSine","angle2":405,"duration":1,"type":"hold","angle":315},{"speedMult":2,"startTap":true,"time":40,"angle2":270,"duration":2,"type":"hold","angle":45,"holdEase":"inQuint"},{"time":42,"speedMult":2,"holdEase":"outQuint","angle2":315,"duration":1,"type":"hold","angle":270},{"time":43,"angle2":225,"holdEase":"outQuart","speedMult":2,"duration":1,"type":"hold","angle":315},{"speedMult":2,"startTap":true,"time":44,"angle2":405,"duration":4,"type":"hold","angle":225,"holdEase":"inExpo"},{"time":32.5,"speedMult":3,"angle":180,"type":"extraTap"},{"time":33,"speedMult":3,"angle":180,"type":"extraTap"},{"time":33.5,"speedMult":3,"angle":180,"type":"extraTap"},{"time":35.25,"speedMult":3,"angle":180,"type":"extraTap"},{"time":35,"speedMult":3,"angle":180,"type":"extraTap"},{"time":35.5,"speedMult":3,"angle":180,"type":"extraTap"},{"time":35.75,"speedMult":3,"angle":180,"type":"extraTap"},{"time":36.5,"speedMult":3,"angle":270,"type":"extraTap"},{"time":37,"speedMult":3,"angle":270,"type":"extraTap"},{"time":37.5,"speedMult":3,"angle":270,"type":"extraTap"},{"time":39.75,"speedMult":3,"angle":270,"type":"extraTap"},{"time":39.5,"speedMult":3,"angle":270,"type":"extraTap"},{"time":39.25,"speedMult":3,"angle":270,"type":"extraTap"},{"time":39,"speedMult":3,"angle":270,"type":"extraTap"},{"time":40.5,"speedMult":3,"angle":360,"type":"extraTap"},{"time":41,"speedMult":3,"angle":360,"type":"extraTap"},{"time":41.5,"speedMult":3,"angle":0,"type":"extraTap"},{"time":43,"speedMult":3,"angle":360,"type":"extraTap"},{"time":43.25,"speedMult":3,"angle":360,"type":"extraTap"},{"time":43.5,"speedMult":3,"angle":360,"type":"extraTap"},{"time":43.75,"speedMult":3,"angle":360,"type":"extraTap"},{"time":44.5,"speedMult":3,"angle":90,"type":"extraTap"},{"time":45,"speedMult":3,"angle":90,"type":"extraTap"},{"time":45.5,"speedMult":3,"angle":90,"type":"extraTap"},{"time":47,"speedMult":3,"angle":90,"type":"extraTap"},{"time":47.25,"speedMult":3,"angle":90,"type":"extraTap"},{"time":47.5,"speedMult":3,"angle":90,"type":"extraTap"},{"time":47.75,"speedMult":3,"angle":90,"type":"extraTap"},{"time":48.5,"speedMult":2,"angle":360,"type":"block"},{"time":49,"speedMult":2,"angle":315,"type":"block"},{"time":49.5,"speedMult":2,"angle":270,"type":"block"},{"time":50,"speedMult":2,"angle":0,"type":"side"},{"time":50.5,"speedMult":2,"angle":45,"type":"block"},{"time":51,"speedMult":2,"angle":90,"type":"block"},{"time":51.5,"speedMult":2,"angle":90,"type":"block"},{"time":48.75,"speedMult":2,"angle":337.5,"type":"block"},{"time":49.75,"speedMult":2,"angle":292.5,"type":"block"},{"time":48.25,"speedMult":2,"angle":90,"type":"block"},{"time":49.25,"speedMult":2,"angle":247.5,"type":"block"},{"time":52,"speedMult":2,"angle":90,"type":"block"},{"time":52.5,"speedMult":2,"angle":360,"type":"block"},{"time":53,"speedMult":2,"angle":315,"type":"block"},{"time":53.25,"speedMult":2,"angle":292.5,"type":"block"},{"time":53.75,"speedMult":2,"angle":225,"type":"block"},{"time":53.875,"speedMult":2,"angle":225,"duration":2.125,"type":"hold","angle2":90},{"time":56.5,"speedMult":2,"angle":360,"type":"block"},{"time":57,"speedMult":2,"angle":315,"type":"block"},{"time":57.5,"speedMult":2,"angle":270,"type":"block"},{"time":58,"speedMult":2,"angle":0,"type":"side"},{"time":58.5,"speedMult":2,"angle":45,"type":"block"},{"time":59,"speedMult":2,"angle":90,"type":"block"},{"time":59.5,"speedMult":2,"angle":90,"type":"block"},{"time":56.75,"speedMult":2,"angle":337.5,"type":"block"},{"time":57.75,"speedMult":2,"angle":292.5,"type":"block"},{"time":56.25,"speedMult":2,"angle":90,"type":"block"},{"time":57.25,"speedMult":2,"angle":247.5,"type":"block"},{"time":60,"speedMult":2,"angle":90,"type":"block"},{"time":60.5,"speedMult":2,"angle":360,"type":"block"},{"time":61,"speedMult":2,"angle":315,"type":"block"},{"time":61.25,"speedMult":2,"angle":292.5,"type":"block"},{"time":61.75,"speedMult":2,"angle":225,"type":"block"},{"time":61.875,"speedMult":2,"angle":225,"duration":1.75,"type":"hold","angle2":90},{"time":62,"speedMult":3,"angle":360,"type":"extraTap"},{"time":62.5,"speedMult":3,"angle":0,"type":"extraTap"},{"time":63,"speedMult":3,"angle":360,"type":"extraTap"},{"time":63.25,"speedMult":3,"angle":360,"type":"extraTap"},{"time":64.5,"speedMult":2,"angle":360,"type":"block"},{"time":65,"speedMult":2,"angle":315,"type":"block"},{"time":65.5,"speedMult":2,"angle":270,"type":"block"},{"time":66,"speedMult":2,"angle":0,"type":"side"},{"time":66.5,"speedMult":2,"angle":45,"type":"block"},{"time":67,"speedMult":2,"angle":90,"type":"block"},{"time":67.5,"speedMult":2,"angle":90,"type":"block"},{"time":64.75,"speedMult":2,"angle":337.5,"type":"block"},{"time":65.75,"speedMult":2,"angle":292.5,"type":"block"},{"time":64.25,"speedMult":2,"angle":90,"type":"block"},{"time":65.25,"speedMult":2,"angle":247.5,"type":"block"},{"time":68,"speedMult":2,"angle":90,"type":"block"},{"time":68.5,"speedMult":2,"angle":360,"type":"block"},{"time":69,"speedMult":2,"angle":315,"type":"block"},{"time":69.25,"speedMult":2,"angle":292.5,"type":"block"},{"time":69.75,"speedMult":2,"angle":225,"type":"block"},{"time":64.5,"speedMult":3,"angle":180,"type":"extraTap"},{"time":65.5,"speedMult":3,"angle":180,"type":"extraTap"},{"time":66.5,"speedMult":3,"angle":180,"type":"extraTap"},{"time":67.5,"speedMult":3,"angle":180,"type":"extraTap"},{"time":68.5,"speedMult":3,"angle":180,"type":"extraTap"},{"time":69.5,"speedMult":3,"angle":180,"type":"extraTap"},{"time":70.5,"speedMult":3,"angle":270,"type":"extraTap"},{"time":71.5,"speedMult":3,"angle":0,"type":"extraTap"},{"time":70.5,"speedMult":2,"angle":292.5,"type":"block"},{"time":70.75,"speedMult":2,"angle":315,"type":"block"},{"time":71,"speedMult":2,"angle":292.5,"type":"block"},{"time":71.25,"speedMult":2,"angle":315,"type":"block"},{"time":71.75,"speedMult":2,"angle":45,"type":"side"},{"time":72.5,"speedMult":2,"angle":360,"type":"block"},{"time":73,"speedMult":2,"angle":315,"type":"block"},{"time":73.5,"speedMult":2,"angle":270,"type":"block"},{"time":74,"speedMult":2,"angle":0,"type":"side"},{"time":74.5,"speedMult":2,"angle":45,"type":"block"},{"time":75,"speedMult":2,"angle":90,"type":"block"},{"time":75.5,"speedMult":2,"angle":90,"type":"block"},{"time":72.75,"speedMult":2,"angle":337.5,"type":"block"},{"time":73.75,"speedMult":2,"angle":292.5,"type":"block"},{"time":72.25,"speedMult":2,"angle":90,"type":"block"},{"time":73.25,"speedMult":2,"angle":247.5,"type":"block"},{"time":76,"speedMult":2,"angle":90,"type":"block"},{"time":76.5,"speedMult":2,"angle":360,"type":"block"},{"time":77,"speedMult":2,"angle":315,"type":"block"},{"time":77.25,"speedMult":2,"angle":292.5,"type":"block"},{"time":77.75,"speedMult":2,"angle":225,"type":"block"},{"time":72.5,"speedMult":3,"angle":180,"type":"extraTap"},{"time":73.5,"speedMult":3,"angle":180,"type":"extraTap"},{"time":74.5,"speedMult":3,"angle":180,"type":"extraTap"},{"time":75.5,"speedMult":3,"angle":180,"type":"extraTap"},{"time":76.5,"speedMult":3,"angle":180,"type":"extraTap"},{"time":77.5,"speedMult":3,"angle":180,"type":"extraTap"},{"time":78.5,"speedMult":3,"angle":270,"type":"extraTap"},{"time":79.5,"speedMult":3,"angle":0,"type":"extraTap"},{"time":78.5,"speedMult":2,"angle":292.5,"tap":true,"type":"block"},{"time":78.625,"speedMult":2,"angle":303.75,"type":"block"},{"time":78.75,"speedMult":2,"angle":292.5,"type":"block"},{"time":78.875,"speedMult":2,"angle":281.25,"type":"block"},{"time":79,"speedMult":2,"angle":270,"tap":true,"type":"block"},{"time":79.125,"angle":258.75,"speedMult":2,"type":"block"},{"time":79.25,"speedMult":2,"angle":270,"type":"block"},{"time":79.375,"speedMult":2,"angle":270,"type":"block"},{"time":79.5,"speedMult":2,"angle":258.75,"tap":true,"type":"block"},{"time":79.625,"speedMult":2,"angle":247.5,"type":"block"},{"time":79.75,"speedMult":2,"angle":236.25,"type":"block"},{"time":79.875,"speedMult":2,"angle":225,"type":"block"},{"time":80,"angle2":450,"angle":270,"speedMult":2,"duration":2,"type":"hold","startTap":true},{"time":82,"speedMult":2,"angle":90,"duration":1,"type":"hold","angle2":450},{"time":83.25,"speedMult":2,"angle":45,"type":"block"},{"time":83.5,"speedMult":2,"angle":0,"tap":true,"type":"block"},{"time":83,"speedMult":2,"angle":90,"tap":true,"type":"block"},{"time":83.75,"speedMult":2,"angle":180,"type":"side"},{"time":84,"speedMult":2,"angle":90,"type":"side"},{"time":85,"speedMult":2,"angle":360,"type":"block"},{"time":85.25,"speedMult":2,"angle":270,"tap":true,"type":"block"},{"time":85.5,"speedMult":2,"angle":0,"type":"block"},{"time":85.75,"speedMult":2,"angle":270,"tap":true,"type":"block"},{"time":86,"speedMult":3,"holdEase":"inOutQuad","angle2":-180,"duration":1,"type":"hold","angle":180},{"time":87.5,"speedMult":2,"angle":180,"tap":true,"type":"block"},{"time":88,"angle2":450,"angle":270,"speedMult":2,"duration":2,"type":"hold","startTap":true},{"time":90,"speedMult":2,"angle":90,"duration":1,"type":"hold","angle2":450},{"time":91.25,"speedMult":2,"angle":45,"type":"block"},{"time":91.5,"speedMult":2,"angle":0,"tap":true,"type":"block"},{"time":91,"speedMult":2,"angle":90,"tap":true,"type":"block"},{"time":91.75,"speedMult":2,"angle":180,"type":"side"},{"time":92,"speedMult":2,"angle":90,"type":"side"},{"time":93,"speedMult":2,"angle":360,"type":"block"},{"time":93.25,"speedMult":2,"angle":270,"tap":true,"type":"block"},{"time":93.5,"speedMult":2,"angle":0,"type":"block"},{"time":93.75,"speedMult":2,"angle":270,"tap":true,"type":"block"},{"time":94,"speedMult":2,"angle":270,"tap":true,"type":"block"},{"time":94.125,"speedMult":2,"angle":258.75,"type":"block"},{"time":94.25,"speedMult":2,"angle":247.5,"type":"block"},{"time":94.375,"speedMult":2,"angle":236.25,"type":"block"},{"time":94.5,"speedMult":2,"angle":247.5,"tap":true,"type":"block"},{"time":94.625,"speedMult":2,"angle":236.25,"type":"block"},{"time":94.75,"speedMult":2,"angle":225,"type":"block"},{"time":94.875,"speedMult":2,"angle":213.75,"type":"block"},{"time":95,"speedMult":2,"angle":202.5,"tap":true,"type":"block"},{"time":95.125,"speedMult":2,"angle":191.25,"type":"block"},{"time":95.25,"speedMult":2,"angle":180,"type":"block"},{"time":95.375,"speedMult":2,"angle":168.75,"type":"block"},{"time":95.5,"speedMult":2,"angle":157.5,"tap":true,"type":"block"},{"time":95.625,"speedMult":2,"angle":168.75,"type":"block"},{"time":95.75,"speedMult":2,"angle":180,"type":"block"},{"time":95.875,"speedMult":2,"angle":191.25,"type":"block"},{"time":96,"speedMult":2,"holdEase":"inBack","angle2":405,"duration":2,"type":"hold","angle":180},{"angle":45,"startTap":true,"time":98,"angle2":-90,"duration":2,"type":"hold","speedMult":3,"holdEase":"inOutQuad"},{"time":98.5,"angle":180,"speedMult":3,"type":"extraTap"},{"time":99.5,"angle":180,"speedMult":3,"type":"extraTap"},{"time":100,"speedMult":3,"angle2":360,"holdEase":"inCubic","duration":1,"type":"hold","angle":270},{"time":101,"speedMult":3,"angle":360,"duration":1,"type":"hold","angle2":315},{"time":100.5,"angle":180,"speedMult":3,"type":"extraTap"},{"time":101.5,"angle":180,"speedMult":3,"type":"extraTap"},{"speedMult":3,"startTap":true,"time":102,"angle2":450,"duration":2,"type":"hold","angle":315,"holdEase":"inOutQuad"},{"time":104,"angle2":0,"speedMult":3,"holdEase":"inCubic","duration":1,"type":"hold","angle":90},{"time":105,"speedMult":3,"angle":360,"duration":1,"type":"hold","angle2":405},{"time":102.5,"angle":180,"speedMult":3,"type":"extraTap"},{"time":103.5,"angle":180,"speedMult":3,"type":"extraTap"},{"time":104.5,"angle":180,"speedMult":3,"type":"extraTap"},{"time":105.5,"angle":180,"speedMult":3,"type":"extraTap"},{"angle":45,"startTap":true,"time":106,"angle2":-90,"duration":2,"type":"hold","speedMult":3,"holdEase":"inExpo"},{"time":108,"speedMult":3,"angle2":405,"holdEase":"inSine","duration":1,"type":"hold","angle":270},{"time":109,"angle2":0,"speedMult":3,"holdEase":"inCubic","duration":1,"type":"hold","angle":45},{"speedMult":3,"startTap":true,"time":110,"angle2":180,"duration":2,"type":"hold","angle":360,"holdEase":"inQuint"},{"time":106.5,"angle":180,"speedMult":3,"type":"extraTap"},{"time":107.5,"angle":180,"speedMult":3,"type":"extraTap"},{"time":108.5,"angle":180,"speedMult":3,"type":"extraTap"},{"time":109.5,"angle":180,"speedMult":3,"type":"extraTap"},{"time":110.5,"angle":180,"speedMult":3,"type":"extraTap"},{"time":111.5,"angle":180,"speedMult":3,"type":"extraTap"},{"time":116.5,"angle":180,"speedMult":3,"type":"extraTap"},{"time":115.5,"angle":180,"speedMult":3,"type":"extraTap"},{"time":119.5,"angle":180,"speedMult":3,"type":"extraTap"},{"time":120.5,"angle":180,"speedMult":3,"type":"extraTap"},{"time":118.5,"angle":180,"speedMult":3,"type":"extraTap"},{"time":121.5,"angle":180,"speedMult":3,"type":"extraTap"},{"time":117.5,"angle":180,"speedMult":3,"type":"extraTap"},{"time":115,"speedMult":3,"angle":135,"type":"block"},{"time":115.5,"speedMult":3,"angle":315,"type":"block"},{"time":117,"speedMult":3,"angle":0,"type":"block"},{"time":117.125,"speedMult":3,"angle":45,"type":"block"},{"time":117.25,"speedMult":3,"angle":90,"type":"block"},{"time":117.5,"speedMult":3,"angle":202.5,"type":"side"},{"time":117.75,"speedMult":3,"angle":157.5,"type":"side"},{"time":118.5,"speedMult":3,"angle":360,"type":"block"},{"time":119,"speedMult":3,"angle":90,"type":"block"},{"time":119.5,"speedMult":3,"angle":270,"type":"block"},{"time":121,"speedMult":3,"angle":180,"type":"block"},{"time":121.25,"speedMult":3,"angle":90,"type":"block"},{"time":121.125,"speedMult":3,"angle":135,"type":"block"},{"time":121.5,"speedMult":3,"angle":337.5,"type":"side"},{"time":121.75,"speedMult":3,"angle":22.5,"type":"side"},{"time":122.5,"speedMult":3,"angle":225,"type":"block"},{"time":123,"speedMult":3,"angle":45,"type":"block"},{"time":123.5,"speedMult":3,"angle":225,"type":"block"},{"time":122.5,"speedMult":3,"angle":180,"type":"extraTap"},{"time":123.5,"speedMult":3,"angle":180,"type":"extraTap"},{"time":124.5,"speedMult":3,"angle":180,"type":"extraTap"},{"time":125.5,"speedMult":3,"angle":180,"type":"extraTap"},{"time":126.5,"speedMult":3,"angle":180,"type":"extraTap"},{"time":127.5,"speedMult":3,"angle":180,"type":"extraTap"},{"time":128.5,"speedMult":3,"angle":180,"type":"extraTap"},{"time":129.5,"speedMult":3,"angle":180,"type":"extraTap"},{"time":125,"speedMult":3,"angle":270,"type":"block"},{"time":125.125,"speedMult":3,"angle":292.5,"type":"block"},{"time":125.25,"speedMult":3,"angle":315,"type":"block"},{"time":125.5,"speedMult":3,"angle":112.5,"type":"side"},{"time":125.75,"speedMult":3,"angle":67.5,"type":"side"},{"time":126.5,"speedMult":3,"angle":270,"type":"block"},{"time":127,"speedMult":3,"angle":135,"type":"block"},{"time":127.5,"speedMult":3,"angle":45,"type":"block"},{"time":129,"speedMult":3,"angle":90,"type":"block"},{"time":129.125,"speedMult":3,"angle":112.5,"type":"block"},{"time":129.25,"speedMult":3,"angle":135,"type":"block"},{"time":129.5,"speedMult":3,"angle":292.5,"type":"side"},{"time":129.75,"speedMult":3,"angle":247.5,"type":"side"},{"speedMult":2,"startTap":true,"endTap":true,"time":130,"angle2":0,"duration":0.5,"type":"hold","angle":180},{"time":131,"speedMult":2,"angle":90,"type":"side"},{"time":131.25,"speedMult":2,"angle":180,"type":"side"},{"time":131.5,"speedMult":2,"angle":270,"type":"side"},{"time":131.75,"speedMult":2,"angle":360,"type":"side"},{"time":132,"speedMult":2,"angle":90,"tap":true,"type":"block"},{"time":132.125,"speedMult":2,"angle":101.25,"type":"block"},{"time":132.25,"speedMult":2,"angle":90,"type":"block"},{"time":132.375,"speedMult":2,"angle":78.75,"type":"block"},{"time":132.5,"speedMult":2,"angle":67.5,"tap":true,"type":"block"},{"time":132.625,"speedMult":2,"angle":56.25,"type":"block"},{"time":132.75,"speedMult":2,"angle":45,"type":"block"},{"time":132.875,"speedMult":2,"angle":33.75,"type":"block"},{"time":133,"speedMult":2,"angle":22.5,"tap":true,"type":"block"},{"time":133.125,"speedMult":2,"angle":33.75,"type":"block"},{"time":133.25,"speedMult":2,"angle":45,"type":"block"},{"time":133.375,"speedMult":2,"angle":33.75,"type":"block"},{"time":133.375,"angle":22.5,"tap":true,"type":"block"},{"time":133.5,"speedMult":1.75,"angle":11.25,"type":"block"},{"time":133.625,"speedMult":2,"angle":0,"type":"block"},{"time":133.75,"speedMult":2,"angle":348.75,"type":"block"},{"time":133.875,"speedMult":2,"angle":0,"type":"block"},{"time":134,"speedMult":2,"angle":270,"tap":true,"type":"side"},{"time":134.25,"speedMult":2,"angle":0,"type":"side"},{"time":134.5,"speedMult":2,"angle":270,"type":"side"},{"time":134.75,"speedMult":2,"angle":360,"type":"side"},{"time":135,"speedMult":2,"angle":90,"tap":true,"type":"side"},{"time":135.25,"speedMult":2,"angle":0,"type":"side"},{"time":135.5,"speedMult":2,"angle":90,"type":"side"},{"time":135.75,"speedMult":2,"angle":0,"type":"side"},{"time":136,"speedMult":2,"angle":90,"tap":true,"type":"side"},{"time":136.25,"speedMult":2,"angle":180,"type":"side"},{"time":136.5,"speedMult":2,"angle":90,"type":"side"},{"time":136.75,"speedMult":2,"angle":180,"type":"side"},{"time":137,"speedMult":2,"angle":270,"tap":true,"type":"side"},{"time":137.25,"speedMult":2,"angle":180,"type":"side"},{"time":137.5,"speedMult":2,"angle":270,"type":"side"},{"time":137.75,"speedMult":2,"angle":180,"type":"side"},{"speedMult":2,"startTap":true,"endTap":true,"time":138,"angle2":0,"duration":0.5,"type":"hold","angle":180},{"time":139,"speedMult":2,"angle":90,"type":"side"},{"time":139.25,"speedMult":2,"angle":180,"type":"side"},{"time":139.5,"speedMult":2,"angle":270,"type":"side"},{"time":139.75,"speedMult":2,"angle":360,"type":"side"},{"time":140,"speedMult":2,"angle":90,"tap":true,"type":"block"},{"time":140.125,"speedMult":2,"angle":101.25,"type":"block"},{"time":140.25,"speedMult":2,"angle":90,"type":"block"},{"time":140.375,"speedMult":2,"angle":78.75,"type":"block"},{"time":140.5,"speedMult":2,"angle":67.5,"tap":true,"type":"block"},{"time":140.625,"speedMult":2,"angle":56.25,"type":"block"},{"time":140.75,"speedMult":2,"angle":45,"type":"block"},{"time":140.875,"speedMult":2,"angle":33.75,"type":"block"},{"time":141,"speedMult":2,"angle":22.5,"tap":true,"type":"block"},{"time":141.125,"speedMult":2,"angle":33.75,"type":"block"},{"time":141.25,"speedMult":2,"angle":45,"type":"block"},{"time":141.375,"speedMult":2,"angle":33.75,"type":"block"},{"time":141.375,"angle":22.5,"tap":true,"type":"block"},{"time":141.5,"speedMult":1.75,"angle":11.25,"type":"block"},{"time":141.625,"speedMult":2,"angle":0,"type":"block"},{"time":141.75,"speedMult":2,"angle":348.75,"type":"block"},{"time":141.875,"speedMult":2,"angle":0,"type":"block"},{"time":142,"speedMult":2,"angle":270,"tap":true,"type":"side"},{"time":142.25,"speedMult":2,"angle":0,"type":"side"},{"time":142.5,"speedMult":2,"angle":270,"type":"side"},{"time":142.75,"speedMult":2,"angle":360,"type":"side"},{"time":143,"speedMult":2,"angle":90,"tap":true,"type":"side"},{"time":143.25,"speedMult":2,"angle":0,"type":"side"},{"time":143.5,"speedMult":2,"angle":90,"type":"side"},{"time":143.75,"speedMult":2,"angle":0,"type":"side"},{"time":144,"speedMult":2,"angle":90,"tap":true,"type":"side"},{"time":144.25,"speedMult":2,"angle":180,"type":"side"},{"time":144.5,"speedMult":2,"angle":90,"type":"side"},{"time":144.75,"speedMult":2,"angle":180,"type":"side"},{"time":145,"speedMult":2,"angle":270,"tap":true,"type":"side"},{"time":145.25,"speedMult":2,"angle":180,"type":"side"},{"time":145.5,"speedMult":2,"angle":270,"type":"side"},{"time":145.75,"speedMult":2,"angle":180,"type":"side"},{"time":146,"speedMult":2,"angle":180,"type":"block"},{"time":146.25,"speedMult":2,"angle":180,"type":"block"},{"time":146.5,"speedMult":2,"angle":270,"type":"block"},{"time":146.75,"speedMult":2,"angle":180,"type":"block"},{"time":146.25,"speedMult":3,"angle":202.5,"type":"extraTap"},{"time":147,"speedMult":2,"angle":270,"type":"block"},{"time":147.25,"speedMult":2,"angle":270,"type":"block"},{"time":147.5,"speedMult":2,"angle":0,"type":"block"},{"time":147.75,"speedMult":2,"angle":270,"type":"block"},{"time":148,"speedMult":2,"angle":360,"type":"block"},{"time":148.25,"speedMult":2,"angle":0,"type":"block"},{"time":148.5,"speedMult":2,"angle":90,"type":"block"},{"time":148.75,"speedMult":2,"angle":0,"type":"block"},{"time":148.25,"speedMult":3,"angle":22.5,"type":"extraTap"},{"time":149.25,"speedMult":3,"angle":112.5,"type":"extraTap"},{"time":149,"speedMult":2,"angle":90,"type":"block"},{"time":149.25,"speedMult":2,"angle":90,"type":"block"},{"time":149.5,"speedMult":2,"angle":180,"type":"block"},{"time":149.75,"speedMult":2,"angle":90,"type":"block"},{"time":147.25,"speedMult":3,"angle":292.5,"type":"extraTap"},{"time":150,"speedMult":2,"angle":180,"type":"block"},{"time":150.25,"speedMult":2,"angle":180,"type":"block"},{"time":150.5,"speedMult":2,"angle":270,"type":"block"},{"time":150.75,"speedMult":2,"angle":180,"type":"block"},{"time":150.25,"speedMult":3,"angle":202.5,"type":"extraTap"},{"time":151,"speedMult":2,"angle":270,"type":"block"},{"time":151.25,"speedMult":2,"angle":270,"type":"block"},{"time":151.5,"speedMult":2,"angle":0,"type":"block"},{"time":151.75,"speedMult":2,"angle":270,"type":"block"},{"time":152,"speedMult":2,"angle":360,"type":"block"},{"time":152.25,"speedMult":2,"angle":0,"type":"block"},{"time":152.5,"speedMult":2,"angle":90,"type":"block"},{"time":152.75,"speedMult":2,"angle":0,"type":"block"},{"time":152.25,"speedMult":3,"angle":22.5,"type":"extraTap"},{"time":153.25,"speedMult":3,"angle":112.5,"type":"extraTap"},{"time":153,"speedMult":2,"angle":270,"type":"block"},{"time":153.25,"speedMult":2,"angle":270,"type":"block"},{"time":153.5,"speedMult":2,"angle":180,"type":"block"},{"time":153.75,"speedMult":2,"angle":270,"type":"block"},{"time":151.25,"speedMult":3,"angle":292.5,"type":"extraTap"},{"time":154,"speedMult":2,"angle":180,"type":"block"},{"time":154.25,"speedMult":2,"angle":180,"type":"block"},{"time":154.5,"speedMult":2,"angle":270,"type":"block"},{"time":154.75,"speedMult":2,"angle":180,"type":"block"},{"time":154.25,"speedMult":3,"angle":202.5,"type":"extraTap"},{"time":155,"speedMult":2,"angle":270,"type":"block"},{"time":155.25,"speedMult":2,"angle":270,"type":"block"},{"time":155.5,"speedMult":2,"angle":0,"type":"block"},{"time":155.75,"speedMult":2,"angle":270,"type":"block"},{"time":156,"speedMult":2,"angle":360,"type":"block"},{"time":156.25,"speedMult":2,"angle":0,"type":"block"},{"time":156.5,"speedMult":2,"angle":90,"type":"block"},{"time":156.75,"speedMult":2,"angle":0,"type":"block"},{"time":156.25,"speedMult":3,"angle":22.5,"type":"extraTap"},{"time":157.25,"speedMult":3,"angle":112.5,"type":"extraTap"},{"time":157,"speedMult":2,"angle":90,"type":"block"},{"time":157.25,"speedMult":2,"angle":90,"type":"block"},{"time":157.5,"speedMult":2,"angle":180,"type":"block"},{"time":157.75,"speedMult":2,"angle":90,"type":"block"},{"time":155.25,"speedMult":3,"angle":292.5,"type":"extraTap"},{"time":158,"speedMult":2,"angle":180,"tap":true,"type":"block"},{"time":158.25,"speedMult":2,"angle":180,"tap":true,"type":"block"},{"time":158.5,"speedMult":2,"angle":180,"tap":true,"type":"block"},{"time":158.75,"speedMult":2,"angle":180,"tap":true,"type":"block"},{"time":159,"speedMult":2,"angle":270,"tap":true,"type":"block"},{"time":159.25,"speedMult":2,"angle":270,"tap":true,"type":"block"},{"time":159.5,"speedMult":2,"angle":270,"tap":true,"type":"block"},{"time":159.75,"speedMult":2,"angle":270,"tap":true,"type":"block"},{"time":160,"speedMult":2,"angle":360,"tap":true,"type":"block"},{"time":160.25,"speedMult":2,"angle":0,"tap":true,"type":"block"},{"time":160.5,"speedMult":2,"angle":0,"tap":true,"type":"block"},{"time":160.75,"speedMult":2,"angle":0,"tap":true,"type":"block"},{"time":161,"speedMult":2,"angle":90,"tap":true,"type":"block"},{"time":161.5,"speedMult":2,"angle":90,"tap":true,"type":"block"},{"time":161.75,"speedMult":2,"angle":90,"tap":true,"type":"block"},{"time":161.25,"speedMult":2,"angle":90,"tap":true,"type":"block"},{"time":162,"speedMult":2,"angle":180,"type":"block"},{"time":162.25,"speedMult":2,"angle":180,"type":"block"},{"time":162.5,"speedMult":2,"angle":270,"type":"block"},{"time":162.75,"speedMult":2,"angle":180,"type":"block"},{"time":162.5,"speedMult":3,"angle":202.5,"type":"extraTap"},{"time":163,"speedMult":2,"angle":270,"type":"block"},{"time":163.25,"speedMult":2,"angle":270,"type":"block"},{"time":163.5,"speedMult":2,"angle":0,"type":"block"},{"time":163.75,"speedMult":2,"angle":270,"type":"block"},{"time":164,"speedMult":2,"angle":360,"type":"block"},{"time":164.25,"speedMult":2,"angle":0,"type":"block"},{"time":164.5,"speedMult":2,"angle":90,"type":"block"},{"time":164.75,"speedMult":2,"angle":0,"type":"block"},{"time":164.5,"speedMult":3,"angle":22.5,"type":"extraTap"},{"time":165.5,"speedMult":3,"angle":112.5,"type":"extraTap"},{"time":165,"speedMult":2,"angle":90,"type":"block"},{"time":165.25,"speedMult":2,"angle":90,"type":"block"},{"time":165.5,"speedMult":2,"angle":180,"type":"block"},{"time":165.75,"speedMult":2,"angle":90,"type":"block"},{"time":163.5,"speedMult":3,"angle":292.5,"type":"extraTap"},{"time":166,"speedMult":2,"angle":180,"type":"block"},{"time":166.25,"speedMult":2,"angle":180,"type":"block"},{"time":166.5,"speedMult":2,"angle":270,"type":"block"},{"time":166.75,"speedMult":2,"angle":180,"type":"block"},{"time":166.5,"speedMult":3,"angle":202.5,"type":"extraTap"},{"time":167,"speedMult":2,"angle":270,"type":"block"},{"time":167.25,"speedMult":2,"angle":270,"type":"block"},{"time":167.5,"speedMult":2,"angle":0,"type":"block"},{"time":167.75,"speedMult":2,"angle":270,"type":"block"},{"time":168,"speedMult":2,"angle":360,"type":"block"},{"time":168.25,"speedMult":2,"angle":0,"type":"block"},{"time":168.5,"speedMult":2,"angle":90,"type":"block"},{"time":168.75,"speedMult":2,"angle":0,"type":"block"},{"time":168.5,"speedMult":3,"angle":67.5,"type":"extraTap"},{"time":168.75,"speedMult":3,"angle":67.5,"type":"extraTap"},{"time":169,"speedMult":2,"angle":270,"type":"block"},{"time":169.25,"speedMult":2,"angle":270,"type":"block"},{"time":169.5,"speedMult":2,"angle":180,"type":"block"},{"time":169.75,"speedMult":2,"angle":270,"type":"block"},{"time":167.5,"speedMult":3,"angle":292.5,"type":"extraTap"},{"time":170,"speedMult":2,"angle":180,"type":"block"},{"time":170.25,"speedMult":2,"angle":180,"type":"block"},{"time":170.5,"speedMult":2,"angle":270,"type":"block"},{"time":170.75,"speedMult":2,"angle":180,"type":"block"},{"time":170.5,"speedMult":3,"angle":202.5,"type":"extraTap"},{"time":171,"speedMult":2,"angle":270,"type":"block"},{"time":171.25,"speedMult":2,"angle":270,"type":"block"},{"time":171.5,"speedMult":2,"angle":0,"type":"block"},{"time":171.75,"speedMult":2,"angle":270,"type":"block"},{"time":172,"speedMult":2,"angle":360,"type":"block"},{"time":172.25,"speedMult":2,"angle":0,"type":"block"},{"time":172.5,"speedMult":2,"angle":90,"type":"block"},{"time":172.75,"speedMult":2,"angle":0,"type":"block"},{"time":172.5,"speedMult":3,"angle":22.5,"type":"extraTap"},{"time":173.5,"speedMult":3,"angle":112.5,"type":"extraTap"},{"time":173,"speedMult":2,"angle":90,"type":"block"},{"time":173.25,"speedMult":2,"angle":90,"type":"block"},{"time":173.5,"speedMult":2,"angle":180,"type":"block"},{"time":173.75,"speedMult":2,"angle":90,"type":"block"},{"time":171.5,"speedMult":3,"angle":292.5,"type":"extraTap"},{"time":174,"speedMult":2,"angle":180,"tap":true,"type":"block"},{"time":174.25,"speedMult":2,"angle":180,"tap":true,"type":"block"},{"time":174.5,"speedMult":2,"angle":180,"tap":true,"type":"block"},{"time":174.75,"speedMult":2,"angle":180,"tap":true,"type":"block"},{"time":175,"speedMult":2,"angle":270,"tap":true,"type":"block"},{"time":175.25,"speedMult":2,"angle":270,"tap":true,"type":"block"},{"time":175.5,"speedMult":2,"angle":270,"tap":true,"type":"block"},{"time":175.75,"speedMult":2,"angle":270,"tap":true,"type":"block"},{"time":176,"speedMult":2,"angle":360,"tap":true,"type":"block"},{"time":176.25,"speedMult":2,"angle":0,"tap":true,"type":"block"},{"time":176.5,"speedMult":2,"angle":0,"tap":true,"type":"block"},{"time":176.75,"speedMult":2,"angle":0,"tap":true,"type":"block"},{"time":170,"speedMult":3,"angle":67.5,"type":"extraTap"},{"time":168.25,"speedMult":3,"angle":67.5,"type":"extraTap"},{"time":168,"speedMult":3,"angle":67.5,"type":"extraTap"},{"time":169,"speedMult":3,"angle":67.5,"type":"extraTap"},{"time":169.25,"speedMult":3,"angle":67.5,"type":"extraTap"},{"time":169.5,"speedMult":3,"angle":67.5,"type":"extraTap"},{"time":169.75,"speedMult":3,"angle":67.5,"type":"extraTap"},{"time":177,"angle2":360,"speedMult":3,"duration":0.5,"type":"hold","angle":90},{"time":178,"speedMult":2,"angle":315,"type":"block"},{"time":178.25,"speedMult":2,"angle":360,"type":"side"},{"time":178.5,"speedMult":2,"angle":45,"type":"block"},{"time":178.75,"speedMult":2,"angle":360,"type":"side"},{"time":179,"speedMult":2,"angle":45,"type":"block"},{"time":179.25,"speedMult":2,"angle":90,"type":"side"},{"time":179.75,"speedMult":2,"angle":90,"type":"side"},{"time":179.5,"speedMult":2,"angle":135,"type":"block"},{"time":180,"speedMult":2,"angle":135,"type":"block"},{"time":180.5,"speedMult":2,"angle":225,"type":"block"},{"time":181,"speedMult":2,"angle":225,"type":"block"},{"time":181.5,"speedMult":2,"angle":315,"type":"block"},{"time":180.25,"speedMult":2,"angle":180,"type":"side"},{"time":180.75,"speedMult":2,"angle":180,"type":"side"},{"time":181.25,"speedMult":2,"angle":270,"type":"side"},{"time":181.75,"speedMult":2,"angle":270,"type":"side"},{"time":182,"speedMult":2,"angle":315,"type":"block"},{"time":182.5,"speedMult":2,"angle":45,"type":"block"},{"time":183,"speedMult":2,"angle":45,"type":"block"},{"time":184,"speedMult":2,"angle":135,"type":"block"},{"time":183.5,"speedMult":2,"angle":135,"type":"block"},{"time":185,"speedMult":2,"angle":225,"type":"block"},{"time":184.5,"speedMult":2,"angle":225,"type":"block"},{"time":185.5,"speedMult":2,"angle":315,"type":"block"},{"time":182.25,"speedMult":2,"angle":360,"type":"side"},{"time":182.75,"speedMult":2,"angle":0,"type":"side"},{"time":183.25,"speedMult":2,"angle":90,"type":"side"},{"time":183.75,"speedMult":2,"angle":90,"type":"side"},{"time":184.25,"speedMult":2,"angle":180,"type":"side"},{"time":184.75,"speedMult":2,"angle":180,"type":"side"},{"time":185.25,"speedMult":2,"angle":270,"type":"side"},{"time":185.75,"speedMult":2,"angle":270,"type":"side"},{"time":186,"speedMult":2,"angle":315,"type":"block"},{"time":186.25,"speedMult":2,"angle":360,"type":"side"},{"time":186.5,"speedMult":2,"angle":45,"type":"block"},{"time":186.75,"speedMult":2,"angle":360,"type":"side"},{"time":187,"speedMult":2,"angle":45,"type":"block"},{"time":187.25,"speedMult":2,"angle":90,"type":"side"},{"time":187.75,"speedMult":2,"angle":90,"type":"side"},{"time":187.5,"speedMult":2,"angle":135,"type":"block"},{"time":188,"speedMult":2,"angle":135,"type":"block"},{"time":188.5,"speedMult":2,"angle":225,"type":"block"},{"time":189,"speedMult":2,"angle":225,"type":"block"},{"time":189.5,"speedMult":2,"angle":315,"type":"block"},{"time":188.25,"speedMult":2,"angle":180,"type":"side"},{"time":188.75,"speedMult":2,"angle":180,"type":"side"},{"time":189.25,"speedMult":2,"angle":270,"type":"side"},{"time":189.75,"speedMult":2,"angle":270,"type":"side"}]