[{"type":"block","time":0.33333334326744,"angle":0},{"type":"block","time":0.66666668653488,"angle":0},{"type":"hold","duration":1.3333333730698,"holdEase":"linear","angle2":146.25,"order":0,"time":1.3333333730698,"angle":0},{"type":"hold","angle2":0,"angle":56.25,"time":7,"duration":0.66666662693024},{"type":"block","time":8.5,"angle":0},{"type":"block","time":8.8333330154419,"angle":348.75},{"type":"hold","angle2":45,"angle":146.25,"time":2.6666667461395,"duration":1.3333333730698},{"type":"block","time":5.3333334922791,"angle":56.25},{"type":"block","time":5.3333334922791,"angle":78.75},{"type":"hold","angle2":90,"angle":45,"time":4,"duration":1},{"type":"block","time":5.3333334922791,"angle":67.5},{"type":"block","time":9.3333330154419,"angle":11.25},{"type":"block","time":9.6666669845581,"angle":348.75},{"type":"side","time":10.166666984558,"angle":292.5},{"type":"side","time":11.5,"angle":315},{"type":"side","time":10.833333015442,"angle":45},{"type":"side","time":10.333333015442,"angle":270},{"type":"mineHold","angle2":438.75,"angle":56.25,"time":1.3333333730698,"duration":1.3333332538605},{"type":"mineHold","angle2":56.25,"angle":303.75,"time":8.5,"duration":0},{"type":"hold","angle":0,"angle2":281.25,"duration":2.8333334922791,"time":13,"startTap":true},{"type":"hold","startTap":true,"angle2":0,"duration":2.3333332538605,"time":15.833333015442,"angle":281.25},{"type":"mineHold","angle2":382.5,"angle":123.75,"time":4.3333334922791,"duration":1.3333332538605},{"type":"mineHold","angle2":-236.25,"angle":78.75,"time":2.6666667461395,"duration":1.6666665077209},{"type":"side","time":18.833333969116,"angle":315},{"type":"side","time":19.166666030884,"angle":45},{"type":"side","time":19.5,"angle":326.25},{"type":"side","time":20.333333969116,"angle":33.75},{"type":"block","time":21,"angle":303.75},{"type":"block","time":21.333333969116,"angle":281.25},{"type":"hold","angle2":22.5,"angle":247.5,"time":21.833333969116,"duration":1},{"type":"mineHold","angle2":360,"angle":360,"time":14.333333015442,"duration":1.3333332538605},{"type":"mineHold","angle2":270,"duration":1.3333332538605,"time":13,"angle":270},{"type":"mineHold","angle2":90,"angle":90,"time":16,"duration":0.66666662693024},{"type":"block","time":23.5,"angle":0},{"type":"block","time":23.833333969116,"angle":0},{"type":"side","time":24.666666030884,"angle":315},{"type":"side","time":26,"angle":60},{"type":"mineHold","angle2":240,"angle":180,"time":24.5,"duration":1.3333332538605},{"type":"mineHold","angle2":180,"angle":120,"time":24.5,"duration":1.3333332538605},{"type":"mineHold","angle2":300,"angle":240,"time":24.5,"duration":1.3333332538605},{"type":"mineHold","angle2":120,"angle":60,"time":24.5,"duration":1.3333332538605},{"type":"mineHold","angle2":150,"angle":90,"time":24.5,"duration":1.3333332538605},{"type":"mineHold","angle2":210,"angle":150,"time":24.5,"duration":1.3333332538605},{"type":"mineHold","angle2":270,"angle":210,"time":24.5,"duration":1.3333332538605},{"type":"mineHold","angle2":330,"angle":270,"time":24.5,"duration":1.3333332538605},{"type":"mineHold","angle2":90,"angle":120,"time":25.833333969116,"duration":1.3333332538605},{"type":"mineHold","angle2":120,"angle":150,"time":25.833333969116,"duration":1.3333332538605},{"type":"mineHold","angle2":150,"angle":180,"time":25.833333969116,"duration":1.3333332538605},{"type":"mineHold","angle2":180,"angle":210,"time":25.833333969116,"duration":1.3333332538605},{"type":"mineHold","angle2":210,"angle":240,"time":25.833333969116,"duration":1.3333332538605},{"type":"mineHold","angle2":240,"angle":270,"time":25.833333969116,"duration":1.3333332538605},{"type":"mineHold","angle2":270,"angle":300,"time":25.833333969116,"duration":1.3333332538605},{"type":"mineHold","angle2":300,"angle":330,"time":25.833333969116,"duration":1.3333332538605},{"type":"hold","angle2":0,"angle":0,"time":27.5,"duration":0.66666662693024},{"type":"block","time":28.5,"angle":360},{"type":"extraTap","time":30.5,"angle":0},{"type":"extraTap","time":31.833333969116,"angle":30},{"type":"extraTap","time":33.333332061768,"angle":30},{"type":"extraTap","time":34.833332061768,"angle":0},{"type":"mineHold","angle2":30,"angle":120,"time":30.5,"duration":1.3333332538605},{"type":"mineHold","angle2":90,"angle":180,"time":30.5,"duration":1.3333332538605},{"type":"mineHold","angle2":120,"angle":210,"time":30.5,"duration":1.3333332538605},{"type":"mineHold","angle2":150,"angle":240,"time":30.5,"duration":1.3333332538605},{"type":"mineHold","angle2":180,"angle":270,"time":30.5,"duration":1.3333332538605},{"type":"mineHold","angle2":210,"angle":300,"time":30.5,"duration":1.3333332538605},{"type":"mineHold","angle2":240,"angle":330,"time":30.5,"duration":1.3333332538605},{"type":"mineHold","angle2":270,"angle":360,"time":30.5,"duration":1.3333332538605},{"type":"mineHold","angle2":60,"angle":150,"time":30.5,"duration":1.3333332538605},{"type":"mineHold","angle2":60,"angle":30,"time":31.833333969116,"duration":1.4999998807907},{"type":"mineHold","angle2":90,"angle":60,"time":31.833333969116,"duration":1.4999998807907},{"type":"mineHold","angle2":150,"angle":120,"time":31.833333969116,"duration":1.4999998807907},{"type":"mineHold","angle2":180,"angle":150,"time":31.833333969116,"duration":1.4999998807907},{"type":"mineHold","angle2":210,"angle":180,"time":31.833333969116,"duration":1.4999998807907},{"type":"mineHold","angle2":240,"angle":210,"time":31.833333969116,"duration":1.4999998807907},{"type":"mineHold","angle2":270,"angle":240,"time":31.833333969116,"duration":1.4999998807907},{"type":"mineHold","angle2":300,"angle":270,"time":31.833333969116,"duration":1.4999998807907},{"type":"mineHold","angle2":120,"angle":300,"time":33.333332061768,"duration":1.4999998807907},{"type":"mineHold","angle2":-90,"angle":90,"time":33.333332061768,"duration":1.4999998807907},{"type":"mineHold","angle2":-60,"angle":120,"time":33.333332061768,"duration":1.4999998807907},{"type":"mineHold","angle2":-30,"angle":150,"time":33.333332061768,"duration":1.4999998807907},{"type":"mineHold","angle2":0,"angle":180,"time":33.333332061768,"duration":1.4999998807907},{"type":"mineHold","angle2":30,"angle":210,"time":33.333332061768,"duration":1.4999998807907},{"type":"mineHold","angle2":60,"angle":240,"time":33.333332061768,"duration":1.4999998807907},{"type":"mineHold","angle2":90,"angle":270,"time":33.333332061768,"duration":1.4999998807907},{"type":"mineHold","angle2":-240,"angle":0,"time":30.5,"duration":0},{"type":"block","tap":true,"time":30.5,"angle":30},{"type":"block","tap":true,"time":30.5,"angle":90},{"type":"block","tap":true,"time":30.5,"angle":60},{"type":"mineHold","angle2":30,"angle":270,"time":31.833333969116,"duration":0},{"type":"block","tap":true,"time":31.833333969116,"angle":300},{"type":"block","tap":true,"time":31.833333969116,"angle":330},{"type":"block","tap":true,"time":31.833333969116,"angle":0},{"type":"hold","startTap":true,"angle2":180,"duration":1.4999998807907,"time":33.333332061768,"angle":360},{"type":"hold","startTap":true,"angle2":180,"duration":1.4999998807907,"time":33.333332061768,"angle":330},{"type":"hold","angle2":112.5,"angle":157.5,"time":36.166667938232,"duration":0.83333331346512},{"type":"mineHold","angle2":480,"angle":240,"time":34.833332061768,"duration":0},{"type":"hold","angle2":0,"angle":75,"time":37.5,"duration":0.49999994039536},{"type":"side","time":39.166667938232,"angle":315},{"type":"hold","angle2":157.5,"angle":180,"time":35.833332061768,"duration":0.33333325386047},{"type":"side","time":39.833332061768,"angle":45},{"type":"side","time":40.333332061768,"angle":315},{"type":"extraTap","time":42,"angle":315},{"type":"hold","segments":1,"angle2":360,"duration":0.75,"time":43.5,"angle":360},{"type":"hold","angle2":165,"angle":180,"time":43.5,"duration":0.75},{"type":"hold","angle2":195,"angle":180,"time":43.5,"duration":0.75},{"type":"hold","angle2":45,"angle":45,"time":43.5,"duration":0.75},{"type":"hold","angle2":315,"angle":315,"time":43.5,"duration":0.75},{"type":"hold","angle2":285,"angle":270,"time":43.5,"duration":0.75},{"type":"hold","angle2":75,"angle":90,"time":43.5,"duration":0.75},{"type":"hold","angle2":240,"angle":225,"time":43.5,"duration":0.75},{"type":"hold","angle2":120,"angle":135,"time":43.5,"duration":0.75},{"type":"hold","angle2":360,"angle":360,"time":44.25,"duration":0.33333331346512},{"type":"hold","angle2":30,"angle":45,"time":44.25,"duration":0.33333331346512},{"type":"hold","angle2":60,"angle":75,"time":44.25,"duration":0.33333331346512},{"type":"hold","angle2":300,"angle":285,"time":44.25,"duration":0.33333331346512},{"type":"hold","angle2":330,"angle":315,"time":44.25,"duration":0.33333331346512},{"type":"hold","startTap":true,"angle2":360,"duration":1.0000001192093,"time":45,"angle":360},{"type":"hold","angle2":-11.25,"angle":0,"time":42,"duration":0.66666662693024},{"type":"hold","angle2":11.25,"angle":0,"time":42,"duration":0.66666662693024},{"type":"hold","angle2":45,"angle":22.5,"time":42,"duration":0.66666662693024},{"type":"hold","angle2":315,"angle":337.5,"time":42,"duration":0.66666662693024},{"type":"hold","angle2":67.5,"angle":22.5,"time":42,"duration":0.66666662693024},{"type":"hold","angle2":292.5,"angle":337.5,"time":42,"duration":0.66666662693024},{"type":"hold","angle2":168.75,"angle":180,"time":42,"duration":0.66666662693024},{"type":"hold","angle2":191.25,"angle":180,"time":42,"duration":0.66666662693024},{"type":"hold","angle2":225,"angle":202.5,"time":42,"duration":0.66666662693024},{"type":"hold","angle2":135,"angle":157.5,"time":42,"duration":0.66666662693024},{"type":"hold","angle2":247.5,"angle":202.5,"time":42,"duration":0.66666668653488},{"type":"hold","angle2":112.5,"angle":157.5,"time":42,"duration":0.66666662693024},{"type":"hold","angle2":0,"angle":270,"time":47.833332061768,"duration":2.8333334922791},{"type":"hold","angle2":180,"angle":0,"time":50.666664123535,"duration":3.0000002384186},{"endTap":true,"duration":3,"startTap":true,"angle2":-90,"type":"hold","time":53.666667938232,"angle":180},{"type":"hold","angle2":675,"angle":270,"time":56.666667938232,"duration":2.8333332538605},{"endTap":true,"duration":3.0000002384186,"angle2":585,"type":"hold","time":59.5,"angle":315},{"endTap":true,"duration":3,"startTap":true,"angle2":-30,"type":"hold","time":62.5,"angle":225},{"endTap":true,"duration":1.3333332538605,"startTap":true,"angle2":420,"type":"hold","time":65.5,"angle":330},{"endTap":true,"duration":1.4999998807907,"startTap":true,"angle2":-75,"type":"hold","time":66.833335876465,"angle":60},{"endTap":true,"duration":1.3333332538605,"startTap":true,"angle2":435,"type":"hold","time":68.333335876465,"angle":285},{"type":"inverse","time":47.833332061768,"angle":270},{"type":"inverse","time":49.333332061768,"angle":120},{"type":"inverse","time":51.833332061768,"angle":75},{"type":"inverse","time":51.166667938232,"angle":30},{"type":"inverse","time":50.666667938232,"angle":0},{"type":"inverse","time":53.666667938232,"angle":180},{"type":"inverse","time":54.5,"angle":105},{"type":"inverse","time":55.166667938232,"angle":45},{"type":"inverse","time":55.833332061768,"angle":345},{"type":"inverse","time":56.166667938232,"angle":315},{"type":"inverse","time":56.666667938232,"angle":270},{"type":"inverse","time":57,"angle":330},{"type":"inverse","time":57.666667938232,"angle":60},{"type":"mineHold","angle2":270,"angle":270,"time":36.166667938232,"duration":1.3333332538605},{"type":"mineHold","angle2":240,"angle":240,"time":36.166667938232,"duration":1.3333332538605},{"type":"mineHold","angle2":300,"angle":300,"time":36.166667938232,"duration":1.3333332538605},{"type":"mineHold","angle2":180,"angle":180,"time":37.833332061768,"duration":1.3333332538605},{"type":"mineHold","angle2":210,"angle":210,"time":37.833332061768,"duration":1.3333332538605},{"type":"mineHold","angle2":150,"angle":150,"time":37.833332061768,"duration":1.3333332538605},{"type":"mineHold","angle2":90,"angle":90,"time":39.333332061768,"duration":1.3333332538605},{"type":"mineHold","angle2":270,"angle":270,"time":39.333332061768,"duration":1.3333332538605},{"type":"inverse","time":61,"angle":90},{"type":"inverse","time":62.5,"angle":225},{"type":"inverse","time":62.833332061768,"angle":195},{"type":"inverse","time":63.5,"angle":135},{"type":"inverse","time":65.5,"angle":330},{"type":"inverse","time":66.166664123535,"angle":15},{"type":"inverse","time":66.833335876465,"angle":60},{"type":"extraTap","time":43.5,"angle":292.5},{"type":"hold","angle2":405,"angle":292.5,"time":71.166664123535,"duration":1.3333332538605},{"type":"inverse","time":74.166664123535,"angle":315},{"type":"inverse","time":74.833335876465,"angle":0},{"type":"inverse","time":75.166664123535,"angle":45},{"type":"side","time":75.166664123535,"angle":67.5},{"type":"block","time":77,"angle":0},{"type":"block","time":77.333335876465,"angle":315},{"type":"hold","angle2":213.75,"angle":258.75,"time":78,"duration":0.49999994039536},{"type":"block","time":79.166664123535,"angle":146.25},{"type":"block","time":79.5,"angle":112.5},{"type":"block","time":79.833335876465,"angle":67.5},{"type":"hold","angle2":-33.75,"angle":11.25,"time":80.166664123535,"duration":0.33333325386047},{"type":"side","time":81,"angle":270},{"endTap":true,"duration":1.3333332538605,"angle2":405,"type":"hold","time":83,"angle":292.5},{"type":"block","time":85.666664123535,"angle":360},{"type":"block","time":85.333335876465,"angle":0},{"type":"block","time":86.166664123535,"angle":360},{"type":"block","time":86.833335876465,"angle":360},{"type":"mineHold","angle2":270,"angle":45,"time":74.333312988281,"duration":0.5},{"type":"mineHold","angle2":0,"angle":123.75,"time":88.5,"duration":0.49999994039536},{"type":"hold","angle2":120,"angle":0,"time":94.5,"duration":1.3333332538605},{"type":"hold","angle2":210,"angle":120,"time":95.833335876465,"duration":0.66666662693024},{"type":"mineHold","angle2":337.5,"angle":157.5,"time":90.16667175293,"duration":0.16666667163372},{"type":"block","time":96.833335876465,"angle":210},{"type":"block","time":96.5,"angle":210},{"type":"hold","angle2":270,"angle":210,"time":97.166664123535,"duration":1},{"type":"hold","angle2":300,"angle":270,"time":98.5,"duration":1},{"type":"hold","angle2":300,"angle":360,"time":100.5,"duration":0.49999988079071},{"type":"block","time":101.66666412354,"angle":270},{"type":"block","time":102,"angle":240},{"type":"block","time":103.5,"angle":150},{"type":"hold","angle2":150,"angle":210,"time":102.33333587646,"duration":0.83333331346512},{"type":"hold","angle2":60,"angle":120,"time":103.83333587646,"duration":1},{"type":"block","time":105.66666412354,"angle":60},{"type":"hold","angle2":0,"angle":30,"time":106.16666412354,"duration":0.49999994039536},{"type":"block","time":107.83333587646,"angle":300},{"type":"block","time":107.5,"angle":285},{"type":"block","time":109,"angle":0},{"type":"block","time":110,"angle":30},{"type":"block","time":109.66666412354,"angle":15},{"type":"block","time":111.83333587646,"angle":45},{"type":"block","time":112.16666412354,"angle":60},{"endTap":true,"duration":0.83333331346512,"angle2":105,"type":"hold","time":112.5,"angle":75},{"type":"block","time":114.5,"angle":285},{"type":"block","time":114.16666412354,"angle":-75},{"type":"hold","angle2":-30,"angle":-75,"time":114.83332824707,"duration":0.66666662693024},{"type":"hold","angle2":360,"angle":330,"time":115.5,"duration":0.33333334326744},{"type":"hold","angle":180,"angle2":165,"duration":0.66666662693024,"time":117.5,"startTap":true},{"type":"hold","angle2":0,"angle":165,"time":118.16666412354,"duration":4.0000004768372},{"type":"hold","angle":180,"angle2":195,"duration":0.66666662693024,"time":123.5,"startTap":true},{"type":"hold","angle2":360,"angle":195,"time":124.16666412354,"duration":4},{"type":"hold","angle":180,"angle2":165,"duration":0.66666662693024,"time":129.5,"startTap":true},{"type":"hold","angle2":0,"angle":165,"time":130.16667175293,"duration":3.8333332538605},{"type":"block","time":135.16667175293,"angle":0},{"type":"block","time":135.16667175293,"angle":15},{"type":"block","time":135.16667175293,"angle":30},{"type":"block","time":135.16667175293,"angle":45},{"type":"block","time":135.16667175293,"angle":60},{"type":"block","time":135.16667175293,"angle":75},{"type":"block","time":135.16667175293,"angle":90},{"type":"block","time":135.16667175293,"angle":105},{"type":"block","time":135.16667175293,"angle":120},{"type":"block","time":135.16667175293,"angle":135},{"type":"block","time":135.16667175293,"angle":150},{"type":"block","time":135.16667175293,"angle":165},{"type":"block","time":135.16667175293,"angle":180},{"type":"block","time":135.16667175293,"angle":195},{"type":"block","time":135.16667175293,"angle":210},{"type":"block","time":135.16667175293,"angle":225},{"type":"block","time":135.16667175293,"angle":240},{"type":"block","time":135.16667175293,"angle":255},{"type":"block","time":135.16667175293,"angle":270},{"type":"block","time":135.16667175293,"angle":285},{"type":"block","time":135.16667175293,"angle":300},{"type":"block","time":135.16667175293,"angle":315},{"type":"block","time":135.16667175293,"angle":330},{"type":"block","time":135.16667175293,"angle":345},{"type":"extraTap","time":135.16667175293,"angle":0},{"type":"block","time":141,"angle":360},{"type":"block","time":141.33332824707,"angle":11.25},{"type":"hold","angle2":78.75,"angle":22.5,"time":141.66667175293,"duration":1.4999998807907},{"type":"block","tap":true,"time":143.83332824707,"angle":90},{"type":"block","time":146.83332824707,"angle":360},{"type":"hold","angle2":281.25,"angle":337.5,"time":147.5,"duration":1.4999998807907},{"type":"block","time":147.16667175293,"angle":348.75},{"type":"block","tap":true,"time":149.66667175293,"angle":270},{"type":"block","time":152.66667175293,"angle":360},{"type":"block","time":153,"angle":0},{"type":"hold","angle2":0,"angle":0,"time":153.33332824707,"duration":1.4999998807907},{"type":"block","tap":true,"time":155.5,"angle":0},{"type":"block","time":158.33332824707,"angle":11.25},{"type":"block","time":158.66667175293,"angle":337.5},{"type":"hold","angle2":393.75,"angle":315,"time":159.16667175293,"duration":0.66666656732559},{"type":"hold","angle2":-33.75,"angle":33.75,"time":159.83332824707,"duration":0.83333331346512},{"type":"block","time":161,"angle":292.5},{"type":"hold","angle2":337.5,"angle":270,"time":161.33332824707,"duration":0.66666662693024},{"type":"side","time":162.5,"angle":67.5},{"type":"side","time":162.5,"angle":78.75},{"type":"side","time":162.5,"angle":33.75},{"type":"side","time":162.5,"angle":45},{"type":"side","time":162.5,"angle":56.25},{"type":"hold","angle2":247.5,"angle":303.75,"time":88.666664123535,"duration":0.33333325386047},{"type":"hold","angle2":202.5,"angle":247.5,"time":89,"duration":0.33333325386047},{"type":"hold","angle2":78.75,"duration":0.83333337306976,"time":89.333335876465,"angle":202.5},{"type":"hold","angle2":270,"duration":1,"time":90.166664123535,"angle":78.75},{"type":"hold","angle2":393.75,"angle":270,"time":91.166664123535,"duration":0.49999994039536},{"type":"hold","angle2":146.25,"angle":33.75,"time":91.666664123535,"duration":0.66666662693024},{"type":"hold","angle2":225,"angle":146.25,"time":92.33332824707,"duration":0.33333319425583},{"type":"block","time":90.833335876465,"angle":213.75}]