{"events":[{"type":"play","time":-0.3333332836628,"volume":1,"angle":360,"file":"song.wav","bpm":160},{"type":"setColor","r":255,"b":214,"g":255,"color":0,"time":-8,"angle":22.5},{"type":"setColor","r":42,"b":156,"g":73,"color":1,"time":-8,"angle":337.5},{"enabled":true,"time":40.333332061768,"angle":0,"newAngle":180,"type":"paddles","ease":"linear","paddle":2,"newWidth":70,"duration":0},{"enabled":true,"time":42.333332061768,"ease":"linear","type":"paddles","duration":0,"paddle":2,"newWidth":100,"angle":90},{"enabled":true,"time":42.333332061768,"ease":"linear","type":"paddles","duration":0,"paddle":1,"newWidth":100,"angle":270},{"enabled":true,"time":42.666667938232,"ease":"linear","type":"paddles","duration":0,"paddle":1,"newWidth":120,"angle":281.25},{"enabled":true,"time":42.666667938232,"ease":"linear","type":"paddles","duration":0,"paddle":2,"newWidth":120,"angle":78.75},{"enabled":true,"time":43.5,"ease":"linear","type":"paddles","duration":0,"paddle":1,"newWidth":180,"angle":345},{"enabled":true,"time":43.5,"ease":"linear","type":"paddles","duration":0,"paddle":2,"newWidth":180,"angle":15},{"enabled":false,"time":44.25,"ease":"linear","type":"paddles","duration":0,"paddle":2,"newWidth":0,"angle":255},{"enabled":true,"time":44.625,"ease":"linear","type":"paddles","duration":0,"paddle":1,"newWidth":70,"angle":345},{"enabled":true,"time":44.25,"ease":"linear","type":"paddles","duration":0,"paddle":1,"newWidth":100,"angle":270},{"type":"showResults","time":167,"angle":0},{"type":"paddles","ease":"linear","paddle":1,"time":46,"angle":345,"newWidth":50,"duration":0},{"type":"paddles","ease":"linear","paddle":1,"time":69.666664123535,"angle":90,"newWidth":70,"duration":0},{"type":"paddles","ease":"linear","paddle":1,"time":74.166664123535,"angle":292.5,"newWidth":100,"duration":0},{"type":"paddles","ease":"linear","paddle":1,"time":75.166664123535,"angle":90,"newWidth":70,"duration":0},{"type":"paddles","paddle":1,"time":92.666664123535,"ease":"linear","duration":0,"angle":240},{"type":"setBgColor","time":94.5,"color":0,"angle":30},{"type":"outline","enable":false,"time":94.5,"color":2,"angle":330},{"enabled":true,"time":134,"ease":"linear","type":"paddles","duration":0,"paddle":2,"newWidth":180,"angle":330},{"enabled":true,"time":134,"ease":"linear","type":"paddles","duration":0,"paddle":1,"newWidth":180,"angle":345},{"enabled":true,"time":136.66667175293,"ease":"linear","type":"paddles","duration":0,"paddle":1,"newWidth":270,"angle":345},{"enabled":true,"time":136.66667175293,"ease":"linear","type":"paddles","duration":0,"paddle":2,"newWidth":90,"angle":15},{"enabled":true,"time":137.83332824707,"ease":"linear","type":"paddles","duration":0,"paddle":1,"newWidth":315,"angle":345},{"enabled":true,"time":137.83332824707,"ease":"linear","type":"paddles","duration":0,"paddle":2,"newWidth":45,"angle":15},{"type":"paddles","ease":"linear","paddle":1,"time":138.5,"angle":345,"newWidth":360,"duration":0},{"type":"paddles","angle":15,"paddle":2,"time":138.5,"ease":"linear","enabled":false,"duration":0},{"enabled":true,"time":139.16667175293,"ease":"linear","type":"paddles","duration":0,"paddle":1,"newWidth":315,"angle":360},{"enabled":true,"time":139.5,"ease":"linear","type":"paddles","duration":0,"paddle":1,"newWidth":270,"angle":360},{"enabled":true,"time":139.83332824707,"ease":"linear","type":"paddles","duration":0,"paddle":1,"newWidth":180,"angle":0},{"enabled":true,"time":140.16667175293,"ease":"linear","type":"paddles","duration":0,"paddle":1,"newWidth":120,"angle":0},{"enabled":true,"time":140.5,"ease":"linear","type":"paddles","duration":0,"paddle":1,"newWidth":70,"angle":0},{"type":"forcePlayerSprite","spriteName":"happy","time":47.833332061768,"angle":292.5},{"type":"forcePlayerSprite","spriteName":"","time":71.166664123535,"angle":270},{"type":"forcePlayerSprite","spriteName":"happy","time":114.16666412354,"angle":270},{"type":"forcePlayerSprite","spriteName":"","time":136.66667175293,"angle":360},{"type":"forcePlayerSprite","spriteName":"happy","time":141,"angle":337.5},{"type":"setColor","r":0,"b":0,"g":0,"color":0,"time":162.875,"angle":348.75},{"type":"setColor","r":0,"b":0,"g":0,"color":1,"time":162.875,"angle":11.25}],"properties":{"startBeat":0,"speed":70,"offset":8,"formatversion":12},"metadata":{"charter":"fuentesfun","bgData":{"redChannel":{"g":216,"b":62,"r":245},"blueChannel":{"g":45,"b":114,"r":60},"greenChannel":{"g":255,"b":255,"r":255},"yellowChannel":{"g":255,"b":255,"r":255},"magentaChannel":{"g":255,"b":255,"r":255},"cyanChannel":{"g":255,"b":255,"r":255},"image":"stupid35.png"},"artistLink":"","bg":true,"songName":"Hoagiefest Jingle - Ad","description":"That one ad from Wawas.this is my first level","difficulty":2,"artist":"Wawas"}}