[{"duration":0.5,"angle2":45,"endTap":true,"type":"hold","time":2,"angle":45},{"time":1.5,"type":"block","angle":22.5},{"time":3,"type":"block","angle":22.5},{"time":3.5,"type":"block","angle":45},{"time":4,"type":"block","angle":45},{"time":5,"type":"block","angle":337.5},{"duration":0.5,"angle2":315,"type":"hold","time":5.5,"angle":315},{"duration":0.5,"angle2":337.5,"endTap":true,"type":"hold","time":7,"angle":337.5},{"time":6.5,"type":"block","angle":315},{"duration":0.5,"angle2":135,"type":"hold","time":9,"angle":112.5},{"duration":1,"angle2":157.5,"type":"hold","time":10.5,"angle":180},{"time":11,"tap":true,"type":"block","angle":135},{"time":13,"type":"block","angle":292.5},{"duration":1,"angle2":292.5,"type":"hold","time":13.5,"angle":292.5},{"time":14,"type":"block","angle":337.5},{"time":15,"type":"side","angle":225},{"duration":1,"angle2":202.5,"type":"hold","time":15.5,"angle":180},{"time":16.5,"type":"extraTap","angle":157.5},{"duration":1,"angle2":292.5,"endTap":true,"type":"hold","time":16.5,"angle":202.5},{"time":18,"type":"block","angle":0},{"time":18.5,"type":"block","angle":360},{"duration":1,"angle2":45,"type":"hold","time":19,"angle":22.5},{"time":19.5,"tap":true,"type":"block","angle":45},{"time":21,"type":"block","angle":45},{"time":21.5,"type":"side","angle":337.5},{"time":22,"type":"block","angle":315},{"duration":0.5,"angle2":337.5,"endTap":true,"type":"hold","time":23,"angle":337.5},{"time":22.5,"tap":true,"type":"block","angle":360},{"duration":0.5,"angle2":135,"type":"hold","time":24.5,"angle":135},{"time":25.5,"tap":true,"type":"block","angle":157.5},{"time":26,"type":"side","angle":225},{"duration":1,"angle2":247.5,"type":"hold","time":26.5,"angle":247.5},{"time":27,"tap":true,"type":"block","angle":270},{"time":28.5,"type":"block","angle":315},{"time":29,"type":"block","angle":270},{"duration":0.5,"angle2":337.5,"endTap":true,"type":"hold","time":29.5,"angle":292.5},{"time":30.5,"type":"block","angle":360},{"duration":1,"angle2":22.5,"angle":22.5,"type":"hold","time":31.5,"startTap":true},{"time":31.25,"type":"block","angle":22.5},{"time":33.5,"type":"extraTap","angle":22.5},{"time":33,"type":"mine","angle":22.5},{"time":34,"type":"block","angle":112.5},{"time":34.5,"type":"block","angle":135},{"time":33.5,"type":"block","angle":67.5},{"time":35,"type":"block","angle":157.5},{"duration":1,"angle2":180,"type":"hold","time":35.5,"angle":180},{"time":36,"type":"block","angle":157.5},{"time":37,"type":"block","angle":157.5},{"time":37.5,"type":"block","angle":180},{"time":38,"type":"block","angle":135},{"duration":1,"angle2":67.5,"endTap":true,"type":"hold","time":38.5,"angle":112.5},{"time":40.5,"type":"block","angle":45},{"time":42,"type":"block","angle":67.5},{"duration":1,"angle2":157.5,"endTap":true,"type":"hold","time":42.5,"angle":90},{"time":45.5,"type":"block","angle":157.5},{"time":46,"type":"block","angle":180},{"duration":1,"angle2":157.5,"type":"hold","time":46.5,"angle":157.5},{"time":47.25,"tap":true,"type":"block","angle":150},{"time":50,"type":"side","angle":90},{"time":48.5,"type":"extraTap","angle":135},{"duration":1,"angle2":67.5,"type":"hold","time":50.5,"angle":45},{"time":51,"type":"block","angle":45},{"time":52,"tap":true,"type":"block","angle":90},{"time":53,"type":"side","angle":157.5},{"duration":0.5,"angle2":225,"type":"hold","time":53.5,"angle":180},{"duration":0.5,"angle2":247.5,"type":"hold","time":54.5,"angle":247.5},{"time":55.5,"tap":true,"type":"block","angle":270},{"time":56.5,"type":"block","angle":292.5},{"duration":0.5,"angle2":315,"endTap":true,"type":"hold","time":57,"angle":292.5},{"duration":1,"angle2":360,"type":"hold","time":58.5,"angle":315},{"time":59,"type":"block","angle":315},{"time":59,"type":"block","angle":315},{"time":61,"type":"side","angle":112.5},{"time":61.5,"type":"block","angle":135},{"duration":0.5,"angle2":202.5,"type":"hold","time":62,"angle":157.5},{"duration":1,"angle2":360,"type":"hold","time":63.5,"angle":315},{"time":63,"type":"side","angle":270},{"time":66,"type":"block","angle":22.5},{"time":66.5,"type":"side","angle":292.5},{"duration":1,"angle2":225,"type":"hold","time":67,"angle":270},{"time":67.5,"tap":true,"type":"block","angle":270},{"time":69,"tap":true,"type":"side","angle":135},{"time":69.5,"tap":true,"type":"block","angle":67.5},{"time":70,"type":"block","angle":45},{"time":70.5,"type":"block","angle":22.5},{"duration":1,"angle2":270,"type":"hold","time":71,"angle":360},{"time":71.5,"tap":true,"type":"block","angle":292.5},{"time":72.5,"type":"side","angle":180},{"time":73,"type":"block","angle":157.5},{"duration":0.66666662693024,"angle2":135,"type":"hold","time":73.333335876465,"angle":135},{"time":74.5,"type":"block","angle":157.5},{"time":75,"type":"side","angle":202.5},{"time":75.5,"type":"side","angle":112.5},{"time":76.5,"type":"block","angle":112.5},{"time":77,"type":"block","angle":112.5},{"duration":1,"angle2":67.5,"type":"hold","time":77.5,"angle":135},{"time":78,"tap":true,"type":"block","angle":90},{"time":79,"type":"block","angle":45},{"duration":1,"angle2":0,"endTap":true,"type":"hold","time":79.5,"angle":337.5},{"time":81,"type":"block","angle":337.5},{"time":81.5,"type":"block","angle":0},{"time":82,"tap":true,"type":"block","angle":315},{"time":39,"type":"block","angle":90},{"time":41,"type":"block","angle":67.5},{"time":41.5,"type":"block","angle":112.5},{"duration":1.5,"angle2":157.5,"type":"hold","time":43.5,"angle":157.5},{"time":83.25,"type":"block","angle":315},{"duration":0.5,"angle2":315,"type":"hold","time":82.25,"angle":315},{"time":84,"type":"block","angle":337.5},{"duration":2,"angle2":360,"angle":315,"type":"hold","time":85.5,"startTap":true},{"time":84.5,"type":"block","angle":292.5},{"time":85,"type":"block","angle":315},{"duration":0.5,"angle2":45,"type":"hold","time":89.5,"angle":67.5},{"time":89,"type":"side","angle":45},{"duration":1,"angle2":45,"angle":0,"type":"hold","time":90.25,"startTap":true},{"time":91.5,"type":"side","angle":315},{"time":92,"type":"block","angle":315},{"duration":0.5,"angle2":315,"type":"hold","time":92.5,"angle":315},{"duration":2,"angle2":22.5,"type":"hold","time":93.5,"angle":337.5},{"time":96.5,"type":"block","angle":0},{"time":97,"type":"block","angle":337.5},{"time":97.5,"tap":true,"type":"side","angle":67.5},{"time":98,"type":"block","angle":112.5},{"duration":0.5,"angle2":135,"type":"hold","time":99,"angle":135},{"time":98.5,"type":"block","angle":135},{"time":100.5,"type":"block","angle":90},{"time":101,"type":"side","angle":0},{"time":101.5,"tap":true,"type":"block","angle":337.5},{"duration":0.5,"angle2":337.5,"type":"hold","time":102,"angle":337.5},{"time":103.33333587646,"type":"block","angle":337.5},{"duration":1,"angle2":0,"type":"hold","time":103.5,"angle":0},{"time":105,"type":"block","angle":0},{"duration":0.5,"angle2":22.5,"angle":45,"type":"hold","time":105.5,"startTap":true},{"duration":0.5,"angle2":90,"type":"hold","time":106.5,"angle":67.5},{"duration":0.5,"angle2":135,"type":"hold","time":107.5,"angle":135},{"duration":2,"angle2":-22.5,"type":"hold","time":109,"angle":90},{"time":108.75,"type":"block","angle":90},{"time":111.75,"type":"side","angle":360},{"time":111.5,"type":"side","angle":292.5},{"time":112.25,"type":"side","angle":292.5},{"duration":1,"angle2":22.5,"type":"hold","time":113,"angle":270},{"time":113.5,"type":"extraTap","angle":90},{"time":114.5,"type":"block","angle":22.5},{"duration":1,"angle2":22.5,"angle":0,"type":"hold","time":115,"startTap":true},{"time":115.5,"type":"block","angle":0},{"time":8.5,"type":"side","angle":67.5},{"time":117,"type":"block","angle":45},{"time":117.5,"type":"side","angle":360},{"time":118,"type":"side","angle":67.5},{"duration":1,"angle2":45,"type":"hold","time":118.5,"angle":45},{"time":119,"type":"extraTap","angle":67.5},{"time":120.5,"tap":true,"type":"block","angle":90},{"time":121,"type":"side","angle":45},{"time":121.5,"type":"block","angle":337.5},{"duration":0.5,"angle2":22.5,"type":"hold","time":122,"angle":0},{"time":123.5,"tap":true,"type":"side","angle":337.5},{"time":123,"type":"block","angle":22.5},{"time":124.5,"type":"side","angle":202.5},{"time":125,"type":"block","angle":180},{"time":125.5,"tap":true,"type":"block","angle":135},{"duration":0.5,"angle2":157.5,"type":"hold","time":126,"angle":112.5},{"time":127,"tap":true,"type":"block","angle":180},{"duration":1,"angle2":315,"type":"hold","time":127.5,"angle":202.5},{"time":129,"type":"side","angle":45},{"duration":0.5,"angle2":337.5,"type":"hold","time":129.5,"angle":337.5},{"duration":0.5,"angle2":0,"angle":45,"type":"hold","time":130.5,"startTap":true},{"time":131.5,"tap":true,"type":"block","angle":315},{"time":132,"tap":true,"type":"block","angle":45},{"time":133,"type":"side","angle":337.5},{"duration":0.5,"angle2":292.5,"angle":292.5,"type":"hold","time":133.5,"startTap":true},{"time":134.5,"type":"block","angle":337.5},{"time":135,"type":"side","angle":270},{"time":135.5,"type":"block","angle":337.5},{"duration":1,"angle2":22.5,"endTap":true,"type":"hold","time":137.5,"angle":67.5},{"time":137,"type":"block","angle":45},{"time":138,"type":"block","angle":67.5},{"time":139,"type":"block","angle":0},{"duration":0.5,"angle2":-67.5,"type":"hold","time":139.5,"angle":22.5},{"time":140.5,"type":"block","angle":270},{"time":141,"type":"side","angle":225},{"time":141.5,"type":"side","angle":292.5},{"time":142,"type":"side","angle":225},{"time":142.5,"type":"side","angle":292.5},{"duration":2,"angle2":22.5,"endTap":true,"type":"hold","time":143,"angle":315},{"time":145.5,"type":"block","angle":337.5},{"time":146,"type":"block","angle":22.5},{"time":146.5,"tap":true,"type":"side","angle":315},{"time":147,"tap":true,"type":"side","angle":112.5},{"duration":0.5,"angle2":22.5,"type":"hold","time":147.5,"angle":22.5},{"time":149,"type":"block","angle":22.5},{"time":149.5,"type":"block","angle":360},{"time":150,"type":"block","angle":45},{"duration":1,"angle2":157.5,"endTap":true,"type":"hold","time":150.5,"angle":337.5},{"time":153,"type":"block","angle":135},{"duration":1,"angle2":202.5,"type":"hold","time":154.5,"angle":135},{"time":157.5,"tap":true,"type":"block","angle":225},{"time":158,"tap":true,"type":"block","angle":180},{"duration":1,"angle2":247.5,"type":"hold","time":158.5,"angle":225},{"time":159.25,"tap":true,"type":"block","angle":247.5},{"duration":1,"angle2":225,"type":"hold","time":160.5,"angle":225},{"time":161.5,"type":"extraTap","angle":202.5},{"time":162,"type":"side","angle":157.5},{"time":162.5,"type":"block","angle":225},{"time":145,"type":"extraTap","angle":45},{"duration":0.5,"angle2":90,"angle":90,"type":"hold","time":163.5,"startTap":true},{"time":167.5,"type":"side","angle":45},{"duration":0.5,"angle2":135,"type":"hold","time":166.5,"angle":90},{"time":168.5,"type":"block","angle":337.5},{"time":169,"type":"block","angle":315},{"time":169.5,"type":"side","angle":45},{"time":170.5,"type":"side","angle":315},{"time":171,"type":"side","angle":225},{"duration":1,"angle2":337.5,"type":"hold","time":171.5,"angle":270},{"time":173,"type":"block","angle":315},{"time":163,"type":"block","angle":135},{"time":165,"type":"block","angle":67.5},{"time":166,"tap":true,"type":"block","angle":67.5},{"time":165.5,"tap":true,"type":"block","angle":112.5},{"duration":0.5,"angle2":22.5,"type":"hold","time":173.5,"angle":22.5},{"time":174.5,"type":"block","angle":0},{"duration":1,"angle2":45,"type":"hold","time":175.5,"angle":45},{"time":176,"tap":true,"type":"block","angle":67.5},{"time":178,"type":"side","angle":315},{"time":178.5,"type":"block","angle":292.5},{"time":179,"tap":true,"type":"block","angle":337.5},{"duration":0.5,"angle2":-45,"type":"hold","time":179.5,"angle":0},{"time":181,"type":"side","angle":22.5},{"time":181.5,"type":"side","angle":315},{"time":182,"tap":true,"type":"side","angle":22.5},{"duration":1,"angle2":405,"endTap":true,"type":"hold","time":182.5,"angle":315},{"time":183,"tap":true,"type":"block","angle":360},{"time":184.5,"type":"side","angle":157.5},{"time":185,"type":"block","angle":180},{"duration":1,"angle2":112.5,"type":"hold","time":185.5,"angle":202.5},{"duration":0.5,"angle2":112.5,"endTap":true,"type":"hold","time":187,"angle":112.5},{"time":188.5,"type":"side","angle":202.5},{"time":189,"tap":true,"type":"block","angle":225},{"time":189.5,"type":"side","angle":135},{"time":190,"type":"block","angle":112.5},{"duration":0.75,"angle2":180,"type":"hold","time":190.5,"angle":112.5},{"time":64,"type":"block","angle":337.5},{"time":87.25,"type":"block","angle":360},{"time":88,"type":"block","angle":0},{"duration":1,"angle2":292.5,"type":"hold","time":191.5,"angle":202.5},{"time":193,"type":"block","angle":0},{"time":193.5,"type":"block","angle":337.5},{"time":194,"type":"side","angle":45},{"duration":0.5,"angle2":45,"type":"hold","time":194.25,"angle":45},{"time":195.5,"type":"block","angle":22.5},{"time":196,"type":"side","angle":90},{"time":196.5,"tap":true,"type":"block","angle":22.5},{"duration":2,"angle2":45,"type":"hold","time":197.5,"angle":45},{"time":198,"type":"inverse","angle":90},{"time":199,"type":"inverse","angle":90},{"time":198.5,"type":"inverse","angle":22.5},{"duration":0.75,"angle2":22.5,"type":"hold","time":199.5,"angle":22.5},{"time":200.25,"tap":true,"type":"inverse","angle":22.5},{"duration":4,"angle2":45,"type":"hold","time":201.5,"angle":45},{"duration":1,"angle2":67.5,"type":"hold","time":201,"angle":67.5},{"duration":0.5,"angle2":0,"type":"hold","time":202.25,"angle":0},{"time":204,"tap":true,"type":"block","angle":67.5},{"time":204.5,"tap":true,"type":"block","angle":360},{"time":203.5,"tap":true,"type":"block","angle":0},{"duration":2,"angle2":67.5,"type":"hold","time":205.5,"angle":67.5},{"time":206,"tap":true,"type":"inverse","angle":112.5},{"time":206.5,"type":"inverse","angle":45},{"time":207,"tap":true,"type":"inverse","angle":22.5},{"time":207.5,"tap":true,"type":"inverse","angle":90},{"time":208,"type":"inverse","angle":22.5},{"time":208.5,"type":"block","angle":67.5},{"time":209,"type":"side","angle":0},{"time":209.5,"type":"block","angle":0},{"time":210,"tap":true,"type":"block","angle":45},{"duration":0.5,"angle2":337.5,"angle":337.5,"type":"hold","time":211,"startTap":true},{"time":210.5,"type":"block","angle":337.5},{"time":212.5,"type":"block","angle":90},{"time":213,"type":"block","angle":0},{"time":213.5,"tap":true,"type":"inverse","angle":135},{"duration":0.5,"angle2":90,"type":"hold","time":214,"angle":90},{"time":213.5,"type":"block","angle":90},{"time":215,"type":"block","angle":67.5},{"duration":1,"angle2":0,"endTap":true,"type":"hold","time":215.5,"angle":45},{"time":217,"type":"side","angle":67.5},{"time":217.5,"type":"block","angle":90},{"duration":1,"angle2":67.5,"type":"hold","time":218,"angle":67.5},{"time":218.5,"type":"block","angle":90},{"duration":0.5,"angle2":45,"angle":45,"type":"hold","time":219.5,"startTap":true},{"duration":1.5,"angle2":337.5,"type":"hold","time":221.5,"angle":337.5},{"time":220.5,"type":"side","angle":0},{"time":221,"type":"block","angle":337.5},{"time":223.5,"type":"side","angle":22.5},{"time":223.75,"type":"side","angle":292.5},{"time":224.25,"type":"block","angle":315},{"duration":0.75,"angle2":337.5,"type":"hold","time":225,"angle":337.5},{"time":225,"type":"extraTap","angle":0},{"time":226.5,"type":"side","angle":292.5},{"time":227,"type":"side","angle":360},{"duration":0.5,"angle2":112.5,"angle":315,"type":"hold","time":227.5,"startTap":true},{"time":229,"tap":true,"type":"block","angle":112.5},{"time":229.5,"type":"block","angle":67.5},{"time":230,"type":"block","angle":135},{"time":230.5,"type":"side","angle":180},{"duration":0.5,"angle2":202.5,"type":"hold","time":231,"angle":202.5},{"time":232.5,"type":"side","angle":135},{"time":233,"type":"block","angle":135},{"duration":0.5,"angle2":157.5,"type":"hold","time":234,"angle":157.5},{"time":233.5,"type":"block","angle":180},{"time":235,"type":"side","angle":112.5},{"time":235.5,"tap":true,"type":"block","angle":90},{"duration":0.5,"angle2":382.5,"type":"hold","time":236.5,"angle":292.5},{"time":237.5,"type":"block","angle":22.5},{"duration":0.5,"angle2":-45,"type":"hold","time":238,"angle":22.5},{"time":239,"type":"side","angle":22.5},{"time":239.5,"tap":true,"type":"block","angle":22.5},{"time":241,"type":"side","angle":135},{"duration":0.5,"angle2":45,"type":"hold","time":241.5,"angle":157.5},{"duration":0.5,"angle2":360,"type":"hold","time":242.5,"angle":337.5},{"time":244,"tap":true,"type":"block","angle":45},{"time":243.5,"tap":true,"type":"block","angle":22.5},{"time":245,"type":"block","angle":45},{"duration":0.5,"angle2":67.5,"type":"hold","time":245.5,"angle":67.5},{"time":246.5,"type":"block","angle":45},{"time":247,"tap":true,"type":"block","angle":112.5},{"time":245.5,"type":"side","angle":45},{"time":247.5,"type":"side","angle":0},{"time":249,"tap":true,"type":"block","angle":270},{"time":249.5,"type":"block","angle":292.5},{"time":250,"type":"block","angle":225},{"time":250.5,"tap":true,"type":"block","angle":157.5},{"time":251,"type":"block","angle":157.5},{"time":251.5,"angle2":112.5,"type":"hold","duration":0.5,"angle":135},{"time":252.5,"tap":false,"type":"side","angle":67.5},{"time":253,"tap":false,"type":"side","angle":135},{"time":253.5,"tap":true,"type":"block","angle":90},{"time":254,"type":"block","angle":135},{"time":254.5,"tap":true,"type":"block","angle":90},{"time":255.5,"angle2":45,"type":"hold","duration":1,"angle":45},{"time":255.25,"type":"block","angle":45},{"time":257,"type":"extraTap","angle":90},{"time":257.5,"type":"block","angle":315},{"time":258.5,"type":"block","angle":315},{"time":258,"type":"block","angle":225},{"time":259,"tap":true,"type":"block","angle":337.5},{"time":259.5,"type":"block","angle":45},{"time":260,"type":"block","angle":337.5},{"time":260.5,"type":"extraTap","angle":315},{"time":261,"type":"side","angle":22.5},{"time":261.5,"angle2":90,"type":"hold","angle":67.5,"duration":0.5},{"time":262.25,"type":"block","angle":45},{"time":262.75,"type":"block","angle":67.5},{"time":263.25,"type":"side","angle":337.5},{"time":264,"type":"block","angle":337.5},{"time":264.75,"angle2":315,"type":"hold","duration":0.75,"angle":315},{"time":264.25,"type":"block","angle":315},{"time":265.5,"angle2":360,"type":"hold","angle":315,"duration":3},{"time":267.75,"angle2":337.5,"type":"hold","angle":337.5,"duration":0.75},{"time":266.5,"type":"inverse","angle":315},{"time":267,"type":"inverse","angle":22.5},{"time":266,"type":"inverse","angle":22.5},{"time":267.5,"type":"block","angle":337.5},{"time":269,"type":"side","angle":90},{"time":269.5,"type":"block","angle":112.5},{"time":270,"type":"side","angle":45},{"time":270.5,"angle2":22.5,"type":"hold","angle":22.5,"duration":0.5},{"time":271.5,"tap":true,"type":"block","angle":45},{"time":272,"type":"block","angle":0},{"time":272.75,"type":"block","angle":67.5},{"time":273.25,"angle2":22.5,"type":"hold","duration":2.5,"angle":22.5},{"time":274.5,"type":"inverse","angle":337.5},{"time":274,"type":"inverse","angle":90},{"time":275,"type":"inverse","angle":90},{"time":277,"type":"block","angle":360},{"time":277.5,"angle2":22.5,"type":"hold","duration":0.5,"angle":22.5},{"time":278.75,"type":"block","angle":337.5},{"time":279.5,"type":"block","angle":22.5},{"time":280,"type":"block","angle":315},{"time":280.75,"type":"block","angle":337.5},{"time":281.5,"angle2":-45,"angle":22.5,"type":"hold","duration":1,"startTap":true},{"time":282.5,"angle2":382.5,"duration":1,"type":"hold","angle":315,"startTap":true},{"time":285,"type":"block","angle":360},{"time":285.5,"angle2":67.5,"type":"hold","angle":67.5,"duration":0.5},{"time":286.5,"type":"side","angle":0},{"time":286.75,"type":"block","angle":337.5},{"time":287.25,"angle2":315,"type":"hold","duration":1,"angle":315},{"time":289,"type":"block","angle":337.5},{"time":289.5,"type":"block","angle":0},{"time":290,"tap":true,"type":"block","angle":292.5},{"time":290.5,"angle2":337.5,"type":"hold","duration":1,"angle":315},{"time":291.5,"angle2":292.5,"duration":0.5,"type":"hold","angle":337.5,"startTap":true},{"time":292.5,"angle2":0,"type":"hold","duration":0.5,"angle":0},{"time":293.5,"angle2":315,"type":"hold","angle":315,"duration":2.5},{"time":294,"tap":true,"type":"inverse","angle":292.5},{"time":294.5,"tap":true,"type":"inverse","angle":0},{"time":295.5,"type":"inverse","angle":270},{"time":296,"type":"inverse","angle":360},{"time":296.5,"type":"inverse","angle":270},{"time":297,"type":"block","angle":315},{"time":297.5,"angle2":292.5,"type":"hold","duration":0.5,"angle":337.5},{"time":298.5,"type":"side","angle":0},{"time":299.5,"angle2":337.5,"type":"hold","duration":1,"angle":337.5},{"time":299,"type":"block","angle":337.5},{"time":301,"type":"block","angle":22.5},{"time":301.5,"type":"extraTap","angle":45},{"time":301.5,"type":"block","angle":22.5},{"time":302.5,"angle2":-22.5,"type":"hold","angle":22.5,"duration":0.5},{"time":303.5,"angle2":67.5,"endTap":true,"type":"hold","duration":0.5,"angle":22.5},{"time":305,"type":"side","angle":337.5},{"time":305.5,"tap":true,"type":"block","angle":292.5},{"time":306,"tap":true,"type":"block","angle":360},{"time":306.5,"type":"side","angle":67.5},{"time":307,"type":"side","angle":315},{"time":307.5,"type":"side","angle":67.5},{"time":308.5,"tap":true,"type":"block","angle":112.5},{"time":309,"type":"block","angle":90},{"time":309.5,"type":"side","angle":22.5},{"time":310,"tap":true,"type":"block","angle":0},{"time":310.5,"type":"side","angle":315},{"time":311,"type":"side","angle":45},{"time":311.5,"type":"side","angle":315},{"time":312.5,"type":"block","angle":0},{"time":313,"tap":true,"type":"block","angle":22.5},{"time":313.5,"angle2":-45,"angle":22.5,"type":"hold","duration":0.5,"startTap":true},{"time":314,"angle2":22.5,"angle":-45,"type":"hold","duration":0.5,"startTap":true},{"time":314.5,"angle2":-45,"duration":0.5,"type":"hold","angle":22.5,"startTap":true},{"time":315,"angle2":157.5,"duration":1,"type":"hold","angle":315,"startTap":true},{"time":315.5,"type":"extraTap","angle":67.5},{"time":317,"type":"block","angle":112.5},{"time":317.5,"angle2":45,"angle":67.5,"type":"hold","duration":0.5,"startTap":true},{"time":318.5,"angle2":-22.5,"angle":0,"type":"hold","duration":0.5,"startTap":true},{"time":319.5,"type":"side","angle":45},{"time":320,"type":"side","angle":315},{"time":321,"type":"block","angle":0},{"time":321.5,"angle2":22.5,"type":"hold","angle":22.5,"duration":0.5},{"time":322.5,"type":"side","angle":292.5},{"time":323,"type":"block","angle":22.5},{"time":323.5,"tap":true,"type":"block","angle":0},{"time":325,"type":"block","angle":67.5},{"time":325.5,"type":"block","angle":45},{"time":326,"type":"side","angle":315},{"time":326.5,"tap":true,"type":"block","angle":45},{"time":327,"type":"block","angle":22.5},{"time":327.5,"angle2":337.5,"type":"hold","angle":337.5,"duration":0.5},{"time":328.5,"type":"side","angle":45},{"time":329.5,"type":"side","angle":45},{"time":329,"type":"side","angle":315},{"time":330,"type":"block","angle":67.5},{"time":331.5,"angle2":45,"duration":1,"type":"hold","angle":22.5,"startTap":true},{"time":330.5,"angle2":22.5,"angle":67.5,"type":"hold","duration":1,"startTap":true},{"time":333,"type":"side","angle":337.5},{"time":333.5,"angle2":337.5,"type":"hold","duration":0.5,"angle":360},{"time":334,"type":"extraTap","angle":22.5},{"time":334.5,"angle2":22.5,"type":"hold","duration":0.5,"angle":22.5},{"time":335.5,"type":"side","angle":315},{"time":336,"angle2":270,"type":"hold","angle":270,"duration":1.5},{"time":337,"tap":true,"type":"inverse","angle":247.5},{"time":337.5,"type":"inverse","angle":315},{"time":338,"type":"inverse","angle":315},{"time":338.5,"type":"inverse","angle":22.5},{"time":339.5,"type":"inverse","angle":315},{"time":339,"tap":true,"type":"inverse","angle":292.5},{"time":341,"angle2":22.5,"type":"hold","angle":22.5,"duration":0.5},{"time":340.5,"tap":true,"type":"inverse","angle":22.5},{"time":342.5,"tap":true,"type":"inverse","angle":315},{"time":343,"angle2":315,"type":"hold","duration":0.5,"angle":315},{"time":345,"type":"inverse","angle":67.5},{"time":345.5,"tap":true,"type":"inverse","angle":337.5},{"time":346,"angle2":22.5,"type":"hold","duration":0.5,"angle":22.5},{"time":347,"type":"inverse","angle":292.5},{"time":347.5,"angle2":315,"type":"hold","angle":337.5,"duration":1},{"time":348,"type":"inverse","angle":337.5},{"time":349,"tap":true,"type":"block","angle":337.5},{"time":349.5,"angle2":360,"type":"hold","angle":360,"duration":0.5},{"time":349.5,"type":"extraTap","angle":22.5},{"time":350.5,"type":"side","angle":315},{"time":351,"type":"block","angle":45},{"time":351.5,"angle2":45,"type":"hold","angle":45,"duration":2},{"time":352,"type":"block","angle":45},{"time":353,"type":"inverse","angle":112.5},{"time":353.5,"tap":true,"type":"inverse","angle":0},{"time":354,"type":"inverse","angle":22.5},{"time":354.5,"type":"inverse","angle":90},{"time":355,"type":"inverse","angle":112.5},{"time":355.5,"type":"inverse","angle":0},{"time":357.5,"type":"block","angle":112.5},{"time":357,"type":"block","angle":67.5},{"time":358,"type":"side","angle":45},{"time":358.5,"type":"block","angle":22.5},{"time":359,"type":"block","angle":112.5},{"time":359.5,"angle2":90,"type":"hold","angle":112.5,"duration":0.5},{"time":360.5,"type":"block","angle":67.5},{"time":361,"tap":true,"type":"block","angle":22.5},{"time":361.5,"type":"side","angle":90},{"time":362,"type":"block","angle":112.5},{"time":362.5,"angle2":90,"type":"hold","duration":0.75,"angle":135},{"time":363.5,"angle2":90,"type":"hold","duration":1,"angle":90},{"time":363.5,"type":"extraTap","angle":112.5},{"time":365,"type":"side","angle":22.5},{"time":365.5,"angle2":315,"type":"hold","duration":0.5,"angle":315},{"time":366.5,"tap":true,"type":"block","angle":67.5},{"time":367,"type":"block","angle":90},{"time":367.5,"angle2":0,"type":"hold","angle":45,"duration":0.5},{"time":368.5,"tap":true,"type":"block","angle":315},{"time":369,"type":"block","angle":337.5},{"time":369.5,"type":"side","angle":45},{"time":370,"type":"side","angle":315},{"time":370.5,"angle2":292.5,"type":"hold","angle":292.5,"duration":1},{"time":371.25,"type":"block","angle":292.5},{"time":373,"type":"block","angle":360},{"time":373.5,"tap":true,"type":"block","angle":67.5},{"time":374,"type":"block","angle":315},{"time":374.5,"type":"block","angle":22.5},{"time":375,"type":"side","angle":315},{"time":375.5,"angle2":292.5,"type":"hold","duration":0.5,"angle":292.5},{"time":376.5,"type":"block","angle":337.5},{"time":377,"angle2":360,"endTap":true,"type":"hold","angle":360,"duration":0.5},{"time":378,"tap":true,"type":"block","angle":67.5},{"time":378.5,"angle2":0,"duration":1,"type":"hold","angle":45,"startTap":true},{"time":379.25,"type":"block","angle":15},{"time":379.5,"angle2":360,"duration":1,"type":"hold","angle":360,"startTap":true},{"time":380.5,"type":"extraTap","angle":22.5},{"time":381,"type":"extraTap","angle":337.5}]