{"events":[{"angle":0,"bpm":80,"file":"Good Morning, Mr. Sunfish!.ogg","type":"play","time":0,"volume":1},{"order":0,"angle":22.5,"type":"setColor","color":0,"g":216,"b":87,"time":-7,"r":252},{"time":-7,"angle":67.5,"type":"setColor","color":2,"g":221,"b":255,"order":0,"r":161},{"order":1,"time":-7,"type":"setBgColor","color":2,"angle":135},{"time":-7,"angle":45,"g":142,"b":0,"type":"setColor","color":1,"r":255},{"time":-7,"angle":90,"g":186,"b":255,"type":"setColor","color":3,"r":79},{"sx":1,"type":"deco","sprite":"background.png","order":2,"sy":1,"x":0,"angle":337.5,"time":-7,"y":-50,"id":"background","drawLayer":"bg"},{"time":381.5,"type":"showResults","angle":0}],"properties":{"formatversion":10,"startBeat":0,"speed":70,"offset":8},"metadata":{"bgData":{"image":"title.png","redChannel":{"b":87,"g":216,"r":252},"blueChannel":{"b":255,"g":186,"r":79}},"difficulty":4,"description":"Good Morning, Mr. Sunfish!\n--------------\nOver 4 minutes long\n--------------\nIncludes\nSlides Notes\nOne Mine\nInverse Blocks / Reverse Blocks","artistLink":"https://www.youtube.com/channel/UC3iL1s104mOH8q7iQYDiesg","bg":true,"songName":"Mr. Sunfish!","artist":"YonKaGor","charter":"mimimimimimimir sleepy"}}