{"metadata":{"songName":"Konton Boogie","difficulty":30,"bgData":{"cyanChannel":{"r":241,"g":0,"b":79},"greenChannel":{"r":255,"g":255,"b":255},"redChannel":{"r":67,"g":67,"b":67},"blueChannel":{"r":243,"g":115,"b":138},"image":"title.png","yellowChannel":{"r":210,"g":121,"b":151},"magentaChannel":{"r":235,"g":196,"b":197}},"charter":"Charter","description":"konton","bg":true,"artist":"jon-YAKITORY","artistLink":"https://www.youtube.com/@jon-yakitory1142"},"properties":{"offset":7,"startBeat":0,"speed":60,"formatversion":12,"loadBeat":0},"events":[{"angle":247.5,"type":"setColor","time":-1,"color":0,"g":0,"r":0,"b":0},{"angle":45,"type":"play","file":"konton.ogg","volume":1,"time":0.5,"bpm":190},{"angle":112.5,"type":"setColor","time":-1,"color":1,"g":255,"r":255,"b":255},{"b":41,"time":0.5,"r":41,"order":-1,"type":"setColor","angle":292.5,"color":0,"g":41},{"b":0,"time":0.5,"r":0,"g":0,"angle":315,"type":"setColor","duration":3.2999999523163,"color":0,"order":1},{"angle":360,"type":"ease","var":"vfx.canvPos.sx","time":-1,"value":1.1699993610382},{"angle":247.5,"type":"ease","duration":3,"time":28.5,"var":"vfx.canvPos.sx","ease":"outExpo","value":1.7000000476837},{"angle":270,"type":"ease","duration":3,"time":28.5,"var":"vfx.canvPos.sy","ease":"outExpo","value":1.7000000476837},{"angle":135,"type":"ease","duration":1,"time":31.5,"var":"vfx.canvPos.sy","ease":"inOutCirc","value":1},{"angle":90,"type":"ease","duration":1.5,"time":31.5,"var":"vfx.canvPos.sx","ease":"outExpo","value":1},{"angle":56.25,"type":"setBgColor","color":3,"time":32},{"angle":33.75,"type":"setColor","time":32,"color":3,"g":19,"r":15,"b":150},{"b":255,"time":32,"r":255,"order":1,"type":"setColor","angle":0,"color":0,"g":255},{"angle":180,"type":"ease","var":"vfx.canvPos.sx","time":-1,"value":1.1699999570847},{"time":32,"repeats":16,"repeatDelay":2,"var":"vfx.canvPos.r","value":1.5,"ease":"outElastic","type":"ease","duration":10,"angle":157.5},{"time":32,"repeats":30,"repeatDelay":1,"var":"vfx.canvPos.y","value":175,"ease":"outSine","type":"ease","duration":0.5,"angle":180},{"time":32.5,"repeats":30,"repeatDelay":1,"var":"vfx.canvPos.y","value":185,"ease":"inSine","type":"ease","duration":0.5,"angle":90},{"time":32.5,"repeats":15,"repeatDelay":2,"var":"vfx.canvPos.r","value":-1.5,"ease":"outElastic","type":"ease","duration":1,"angle":67.5},{"angle":45,"type":"setColor","time":36.5,"color":1,"g":0,"r":0,"b":0},{"angle":315,"type":"setColor","time":32,"color":1,"g":0,"r":0,"b":0},{"b":77,"time":31.5,"r":78,"order":-1,"type":"setColor","angle":270,"color":0,"g":77},{"b":0,"time":31.5,"r":0,"g":0,"angle":247.5,"type":"setColor","duration":3,"color":0,"order":0},{"angle":67.5,"type":"ease","duration":3,"time":62.5,"var":"vfx.canvPos.sx","ease":"outExpo","value":1.7000000476837},{"angle":90,"type":"ease","duration":3,"time":62.5,"var":"vfx.canvPos.sy","ease":"outExpo","value":1.7000000476837},{"angle":67.5,"type":"setColor","time":64.5,"color":2,"g":61,"r":61,"b":61},{"angle":90,"type":"setColor","time":64.5,"color":3,"g":116,"r":232,"b":138},{"angle":22.5,"type":"setBgColor","color":7,"time":64.5},{"angle":112.5,"type":"ease","duration":1,"time":64.5,"var":"vfx.canvPos.sx","ease":"outQuint","value":1},{"angle":135,"type":"ease","duration":1,"time":64.5,"var":"vfx.canvPos.sy","ease":"outQuint","value":1},{"angle":292.5,"type":"ease","var":"vfx.canvPos.y","time":64.5,"value":180},{"angle":270,"type":"ease","var":"vfx.canvPos.r","time":64.5,"value":0},{"angle":0,"type":"setColor","time":64.5,"color":7,"g":19,"r":15,"b":150},{"angle":225,"type":"deco","time":65.5,"y":201,"sprite":"hakushu2.png","x":10,"id":"hakushu"},{"angle":225,"type":"deco","time":66.5,"y":201,"sprite":"hakushu1.png","x":10,"id":"hakushu"},{"angle":225,"type":"deco","time":67.5,"y":201,"sprite":"hakushu2.png","x":10,"id":"hakushu"},{"angle":225,"type":"deco","time":68.5,"y":201,"sprite":"hakushu1.png","x":10,"id":"hakushu"},{"angle":225,"type":"deco","time":69.5,"y":201,"sprite":"hakushu2.png","x":10,"id":"hakushu"},{"angle":225,"type":"deco","time":64.5,"y":201,"sprite":"hakushu1.png","x":10,"id":"hakushu"},{"angle":225,"type":"deco","time":70.5,"y":201,"sprite":"hakushu1.png","x":10,"id":"hakushu"},{"angle":225,"type":"deco","time":71.5,"y":201,"sprite":"hakushu2.png","x":10,"id":"hakushu"},{"angle":225,"type":"deco","time":72.5,"y":201,"sprite":"hakushu1.png","x":10,"id":"hakushu"},{"angle":225,"type":"deco","time":73.5,"y":201,"sprite":"hakushu2.png","x":10,"id":"hakushu"},{"angle":225,"type":"deco","time":74.5,"y":201,"sprite":"hakushu1.png","x":10,"id":"hakushu"},{"angle":225,"type":"deco","time":75.5,"y":201,"sprite":"hakushu2.png","x":10,"id":"hakushu"},{"angle":225,"type":"deco","time":76.5,"y":201,"sprite":"hakushu1.png","x":10,"id":"hakushu"},{"angle":225,"type":"deco","time":77.5,"y":201,"sprite":"hakushu2.png","x":10,"id":"hakushu"},{"angle":225,"type":"deco","time":78.5,"y":201,"sprite":"hakushumati.png","x":10,"id":"hakushumati"},{"angle":337.5,"type":"setColor","time":64.5,"color":4,"g":255,"r":255,"b":255},{"angle":202.5,"type":"deco","hide":true,"time":78.5,"id":"hakushu"},{"angle":247.5,"type":"deco","hide":true,"time":80.5,"id":"hakushumati"},{"x":602,"time":81.5,"angle":247.5,"sprite":"hakushu2.png","type":"deco","r":180,"y":159,"id":"hakushu"},{"x":602,"time":82.5,"angle":247.5,"sprite":"hakushu1.png","type":"deco","r":180,"y":159,"id":"hakushu"},{"x":602,"time":83.5,"angle":247.5,"sprite":"hakushu2.png","type":"deco","r":180,"y":159,"id":"hakushu"},{"x":602,"time":80.5,"hide":false,"angle":270,"sprite":"hakushu1.png","type":"deco","r":180,"y":159,"id":"hakushu"},{"x":602,"time":94.5,"hide":false,"angle":247.5,"sprite":"hakushumati.png","type":"deco","r":180,"y":159,"id":"hakushumati"},{"angle":270,"type":"deco","hide":true,"time":94.5,"id":"hakushu"},{"x":602,"time":84.5,"angle":247.5,"sprite":"hakushu1.png","type":"deco","r":180,"y":159,"id":"hakushu"},{"x":602,"time":85.5,"angle":247.5,"sprite":"hakushu2.png","type":"deco","r":180,"y":159,"id":"hakushu"},{"x":602,"time":86.5,"angle":247.5,"sprite":"hakushu1.png","type":"deco","r":180,"y":159,"id":"hakushu"},{"x":602,"time":87.5,"angle":247.5,"sprite":"hakushu2.png","type":"deco","r":180,"y":159,"id":"hakushu"},{"x":602,"time":88.5,"angle":247.5,"sprite":"hakushu1.png","type":"deco","r":180,"y":159,"id":"hakushu"},{"x":602,"time":89.5,"angle":247.5,"sprite":"hakushu2.png","type":"deco","r":180,"y":159,"id":"hakushu"},{"x":602,"time":90.5,"angle":247.5,"sprite":"hakushu1.png","type":"deco","r":180,"y":159,"id":"hakushu"},{"x":602,"time":91.5,"angle":247.5,"sprite":"hakushu2.png","type":"deco","r":180,"y":159,"id":"hakushu"},{"x":602,"time":92.5,"angle":247.5,"sprite":"hakushu1.png","type":"deco","r":180,"y":159,"id":"hakushu"},{"x":602,"time":93.5,"angle":247.5,"sprite":"hakushu2.png","type":"deco","r":180,"y":159,"id":"hakushu"},{"angle":247.5,"type":"deco","hide":true,"time":96.5,"id":"hakushumati"},{"x":60,"time":96.5,"order":0,"sprite":"yamada.png","type":"deco","y":292,"angle":135,"id":"yamada"},{"y":90,"drawLayer":"bg","ease":"outBack","time":96.5,"angle":112.5,"type":"deco","order":1,"duration":7.5,"id":"yamada"},{"angle":45,"type":"setColor","time":64.5,"color":0,"g":194,"r":233,"b":194},{"x":134,"time":104.5,"drawLayer":"bg","angle":225,"order":0,"type":"deco","sprite":"yowayamada.png","y":60,"id":"yowa"},{"angle":247.5,"type":"deco","hide":true,"time":104.5,"id":"yamada"},{"time":104.5,"ease":"outExpo","y":90,"order":1,"type":"deco","angle":202.5,"duration":8,"id":"yowa"},{"angle":247.5,"type":"deco","hide":true,"time":112.5,"sprite":"yowayamada.png","id":"yowa"},{"x":130,"time":112.5,"drawLayer":"bg","angle":225,"order":0,"type":"deco","sprite":"kuwada.png","y":60,"id":"kuwada"},{"x":35,"time":112.5,"order":1,"ease":"outExpo","type":"deco","angle":213.75,"duration":7.5,"id":"kuwada"},{"angle":247.5,"type":"deco","hide":true,"time":120.5,"sprite":"kuwada.png","id":"kuwada"},{"x":55,"time":120.5,"drawLayer":"bg","angle":225,"order":0,"type":"deco","sprite":"iikana.png","y":65,"id":"iikana"},{"time":120.5,"ease":"outExpo","y":76,"order":1,"type":"deco","angle":213.75,"duration":9,"id":"iikana"},{"time":126,"ease":"inQuart","sx":3.3999991416931,"sy":3.3999991416931,"order":2,"type":"deco","angle":225,"duration":2,"id":"iikana"},{"angle":247.5,"type":"deco","hide":true,"time":128,"id":"iikana"},{"x":599,"time":160.5,"drawLayer":"bg","angle":225,"order":0,"type":"deco","sprite":"seken.png","y":60,"id":"seken"},{"x":93,"time":160.5,"order":1,"ease":"outQuint","type":"deco","angle":247.5,"duration":7,"id":"seken"},{"x":-299,"time":166.5,"order":2,"ease":"inQuint","type":"deco","angle":135,"duration":2,"id":"seken"},{"x":-239,"time":169,"drawLayer":"bg","angle":135,"order":0,"type":"deco","sprite":"naki.png","y":60,"id":"naki"},{"x":230,"time":169,"order":1,"ease":"outExpo","type":"deco","angle":157.5,"duration":7,"id":"naki"},{"x":578,"time":175.5,"order":2,"ease":"inExpo","type":"deco","angle":135,"duration":1.5,"id":"naki"},{"angle":157.5,"type":"paddles","newWidth":15,"duration":0.5,"paddle":0,"time":160,"ease":"inQuint"},{"x":163,"time":175.5,"order":0,"sprite":"omou.png","type":"deco","y":337,"angle":101.25,"id":"omou"},{"y":60,"drawLayer":"bg","ease":"outExpo","time":175.5,"angle":67.5,"type":"deco","order":1,"duration":7,"id":"omou"},{"angle":270,"type":"ease","duration":4,"time":184.5,"var":"vfx.canvPos.sx","ease":"inQuad","value":2.2199993133545},{"angle":247.5,"type":"ease","duration":4,"time":184.5,"var":"vfx.canvPos.sy","ease":"inQuad","value":2.2199993133545},{"angle":270,"type":"deco","time":188.5,"y":88,"sprite":"na.png","x":210,"id":"na"},{"angle":247.5,"type":"deco","hide":true,"time":188.5,"id":"omou"},{"angle":225,"type":"paddles","newWidth":70,"duration":0.5,"paddle":1,"time":181,"ease":"linear"},{"order":2,"type":"deco","hide":true,"time":190.5,"angle":292.5,"id":"na"},{"angle":270,"type":"deco","time":190.5,"y":40,"sprite":"haha.png","x":-10,"id":"haha"},{"angle":247.5,"type":"ease","duration":0,"time":189.5,"var":"vfx.canvPos.sx","ease":"inQuad","value":1.2999999523163},{"angle":225,"type":"ease","duration":0,"time":189.5,"var":"vfx.canvPos.sy","ease":"inQuad","value":1.2999999523163},{"angle":157.5,"type":"setColor","time":64.5,"color":5,"g":94,"r":165,"b":100},{"x":-10,"time":189.5,"order":0,"sprite":"ha.png","type":"deco","y":209,"angle":270,"id":"ha"},{"time":189.5,"ease":"outQuart","y":60,"order":1,"type":"deco","angle":292.5,"duration":1,"id":"ha"},{"order":2,"type":"deco","hide":true,"time":189.5,"angle":315,"id":"na"},{"order":4,"type":"deco","hide":true,"time":192.5,"angle":270,"id":"haha"},{"order":4,"type":"deco","hide":true,"time":190.5,"angle":247.5,"id":"ha"},{"angle":247.5,"type":"ease","var":"vfx.canvPos.sx","time":192.5,"value":1},{"angle":225,"type":"ease","var":"vfx.canvPos.sy","time":192.5,"value":1},{"angle":135,"type":"ease","duration":3,"time":254.5,"var":"vfx.canvPos.sx","ease":"outExpo","value":1.7000000476837},{"angle":90,"type":"ease","duration":3,"time":254.5,"var":"vfx.canvPos.sy","ease":"outExpo","value":1.7000000476837},{"angle":135,"type":"ease","duration":1,"time":256.5,"var":"vfx.canvPos.sy","ease":"outExpo","value":1},{"angle":90,"type":"ease","duration":1.5,"time":256.5,"var":"vfx.canvPos.sx","ease":"outExpo","value":1},{"angle":135,"type":"ease","duration":3,"time":222.5,"var":"vfx.canvPos.sx","ease":"outExpo","value":1.7000000476837},{"angle":105,"type":"ease","duration":3,"time":222.5,"var":"vfx.canvPos.sy","ease":"outExpo","value":1.7000000476837},{"angle":90,"type":"ease","duration":1,"time":224,"var":"vfx.canvPos.sy","ease":"outExpo","value":1},{"angle":195,"type":"ease","duration":1,"time":226.5,"var":"vfx.canvPos.sx","ease":"outExpo","value":1},{"x":161,"time":223,"order":0,"sprite":"suu.png","type":"deco","y":301,"angle":180,"id":"suu"},{"angle":150,"type":"setColor","time":221.5,"color":7,"g":19,"r":15,"b":153},{"angle":165,"type":"setColor","time":221.5,"color":6,"g":196,"r":223,"b":41},{"angle":135,"type":"setBgColor","color":7,"time":221.5},{"angle":105,"type":"ease","duration":1,"time":224,"var":"vfx.canvPos.sx","ease":"outExpo","value":1},{"x":191,"time":223,"order":1,"y":91,"angle":157.5,"type":"deco","ease":"outExpo","duration":2,"id":"suu"},{"x":191,"time":224.5,"order":0,"sprite":"puu.png","type":"deco","y":91,"angle":45,"id":"puu"},{"x":260,"time":224.5,"order":1,"y":386,"angle":67.5,"type":"deco","ease":"inExpo","duration":4.5,"id":"puu"},{"angle":45,"type":"paddles","newWidth":40,"duration":0,"paddle":1,"time":255.5,"ease":"linear"},{"x":0,"time":270.5,"y":0,"sx":1.1000000238419,"sy":1.1000000238419,"angle":90,"type":"deco","sprite":"teinou.png","order":0,"id":"teinou"},{"order":2,"type":"deco","hide":true,"time":272,"angle":157.5,"id":"teinou"},{"time":270.5,"sx":1,"sy":1,"ease":"outExpo","type":"deco","angle":135,"duration":1,"id":"teinou"},{"angle":135,"type":"paddles","newWidth":400,"duration":0,"paddle":1,"time":271,"ease":"linear"},{"angle":67.5,"type":"paddles","newWidth":70,"duration":3,"paddle":1,"time":272.5,"ease":"linear"},{"x":0,"time":286.5,"order":0,"sprite":"kuro.png","type":"deco","y":0,"angle":315,"id":"kuro"},{"order":1,"type":"deco","hide":true,"time":288.5,"angle":315,"id":"kuro"},{"angle":292.5,"type":"setColor","time":288,"color":7,"g":34,"r":246,"b":85},{"x":300,"time":288.5,"type":"deco","order":-2,"y":180,"sprite":"waku.png","ox":300,"oy":180,"angle":292.5,"id":"waku"},{"x":433,"time":288.5,"drawLayer":"bg","sx":0.5,"sy":0.5,"sprite":"giza.png","ox":241,"oy":245,"y":131,"angle":45,"type":"deco","order":0,"id":"giza"},{"angle":22.5,"type":"deco","duration":16.5,"time":288.5,"order":1,"r":20,"id":"giza"},{"x":500,"time":288.5,"drawLayer":"bg","sx":0.80000007152557,"sy":0.80000007152557,"sprite":"giza2.png","ox":241,"oy":245,"y":339,"angle":67.5,"type":"deco","order":0,"id":"giza2"},{"angle":90,"type":"deco","duration":16.5,"time":288.5,"order":1,"r":20,"id":"giza2"},{"x":44,"time":288.5,"drawLayer":"bg","sx":0.80000007152557,"sy":0.80000007152557,"sprite":"giza3.png","ox":241,"oy":245,"y":54,"angle":112.5,"type":"deco","order":0,"id":"giza3"},{"angle":135,"type":"deco","duration":16.5,"time":288.5,"order":1,"r":20,"id":"giza3"},{"angle":360,"type":"paddles","newWidth":408,"duration":0,"paddle":1,"time":288.5,"ease":"linear"},{"angle":0,"type":"paddles","newWidth":70,"duration":2,"paddle":1,"time":289,"ease":"linear"},{"angle":337.5,"type":"ease","var":"scrollSpeed","time":288.5,"value":0.60000038146973},{"angle":157.5,"type":"ease","duration":1,"time":304.5,"var":"scrollSpeed","ease":"outExpo","value":0.80000001192093},{"angle":135,"type":"ease","duration":11,"time":275,"var":"vfx.canvPos.sx","ease":"linear","value":1.7000000476837},{"angle":90,"type":"ease","duration":11,"time":275,"var":"vfx.canvPos.sy","ease":"linear","value":1.7000000476837},{"angle":202.5,"type":"ease","var":"vfx.canvPos.sx","time":288.5,"value":1},{"angle":157.5,"type":"ease","var":"vfx.canvPos.sy","time":288.5,"value":1},{"b":0,"time":303,"r":0,"g":0,"order":-2,"type":"setColor","duration":1,"color":7,"angle":225},{"b":0,"time":303,"angle":247.5,"type":"setColor","g":0,"duration":1,"color":4,"r":0},{"b":85,"time":304,"angle":180,"type":"setColor","g":34,"duration":2,"color":7,"r":246},{"b":255,"time":304,"angle":191.25,"type":"setColor","g":255,"duration":2,"color":4,"r":255},{"x":300,"time":304,"y":180,"type":"deco","angle":202.5,"ox":241,"oy":245,"order":3,"id":"giza3"},{"angle":225,"type":"deco","hide":true,"time":304,"id":"giza2"},{"angle":247.5,"type":"deco","hide":true,"time":304,"id":"giza"},{"angle":180,"type":"deco","duration":80,"time":304,"order":4,"r":-140,"id":"giza3"},{"time":308.5,"angle":123.75,"ease":"inQuint","sx":2.1000003814697,"sy":2.1000001430511,"order":2,"type":"deco","y":163,"duration":14,"id":"waku"},{"angle":45,"type":"ease","duration":2,"time":317,"var":"vfx.canvPos.sx","ease":"inQuart","value":1.2999997138977},{"angle":33.75,"type":"ease","duration":2,"time":317,"var":"vfx.canvPos.sy","ease":"inQuart","value":1.2999997138977},{"angle":45,"type":"ease","duration":2,"time":320.5,"var":"vfx.canvPos.sx","ease":"outQuad","value":1},{"angle":67.5,"type":"ease","duration":2,"time":320.5,"var":"vfx.canvPos.sy","ease":"outQuad","value":1},{"r":2,"time":304,"drawLayer":"bg","angle":168.75,"x":300,"sprite":"buu.png","ox":194,"oy":150,"order":0,"y":180,"type":"deco","id":"buu"},{"r":0,"time":304.5,"drawLayer":"bg","angle":146.25,"order":1,"type":"deco","ease":"linear","duration":3,"id":"buu"},{"angle":146.25,"type":"setColor","time":304,"color":1,"g":0,"r":0,"b":0},{"angle":135,"type":"setColor","time":304,"color":2,"g":0,"r":0,"b":0},{"angle":123.75,"type":"setColor","r":0,"color":3,"g":0,"time":304,"b":0},{"angle":101.25,"type":"setColor","r":0,"color":5,"g":0,"time":304,"b":0},{"angle":90,"type":"setColor","time":304,"color":6,"g":0,"r":0,"b":0},{"angle":157.5,"type":"setColor","time":304,"color":0,"g":0,"r":0,"b":0},{"b":61,"time":305.5,"r":61,"g":61,"ease":"linear","type":"setColor","duration":3,"color":2,"angle":146.25},{"b":138,"time":305.5,"r":232,"g":116,"ease":"linear","type":"setColor","duration":3,"color":3,"angle":135},{"b":255,"time":305.5,"r":255,"g":255,"ease":"linear","type":"setColor","duration":3,"color":4,"angle":123.75},{"b":194,"time":305.5,"r":233,"g":194,"ease":"linear","type":"setColor","duration":3,"color":0,"angle":168.75},{"b":100,"time":305.5,"r":165,"g":94,"ease":"linear","type":"setColor","duration":3,"color":5,"angle":112.5},{"b":0,"time":305.5,"r":0,"g":0,"ease":"linear","type":"setColor","duration":3,"color":1,"angle":157.5},{"b":41,"time":305.5,"r":223,"g":196,"ease":"linear","type":"setColor","duration":3,"color":6,"angle":101.25},{"time":312,"sx":1.2000000476837,"sy":1.2000000476837,"ease":"inQuad","type":"deco","angle":348.75,"duration":6,"id":"buu"},{"time":316.5,"ease":"outExpo","y":183,"order":3,"type":"deco","angle":112.5,"duration":1,"id":"buu"},{"x":300,"time":318,"drawLayer":"bg","sx":0.59999990463257,"sy":0.59999990463257,"sprite":"tobu.png","ox":490,"oy":319,"y":190,"angle":101.25,"type":"deco","order":0,"id":"tobu"},{"order":3,"type":"deco","hide":true,"time":318,"angle":123.75,"id":"buu"},{"time":318,"ease":"outBack","y":180,"order":1,"type":"deco","angle":78.75,"duration":2,"id":"tobu"},{"time":320.5,"ease":"outExpo","y":800,"order":2,"type":"deco","angle":123.75,"duration":0.5,"id":"tobu"},{"angle":135,"type":"ease","var":"scrollSpeed","time":320.5,"value":1},{"angle":90,"type":"outline","color":4,"time":320.5,"enable":true},{"angle":330,"type":"ease","duration":3,"time":348.5,"var":"scrollSpeed","ease":"outExpo","value":2.699999332428},{"angle":-75,"type":"ease","duration":3,"time":348.5,"var":"vfx.canvPos.sx","ease":"outExpo","value":1.1500005722046},{"angle":-120,"type":"ease","duration":3,"time":348.5,"var":"vfx.canvPos.sy","ease":"outExpo","value":1.1499999761581},{"x":209,"time":350,"order":1,"y":91,"angle":157.5,"type":"deco","ease":"outExpo","duration":2,"id":"suu2"},{"x":209,"time":352.5,"order":0,"sprite":"puu.png","type":"deco","y":91,"angle":60,"id":"puu"},{"x":348,"time":352.5,"order":1,"y":386,"angle":90,"type":"deco","ease":"inExpo","duration":4.5,"id":"puu"},{"angle":180,"type":"deco","y":301,"time":350,"x":161,"sprite":"suu2.png","id":"suu2"},{"angle":22.5,"type":"deco","hide":true,"time":224.5,"id":"suu"},{"angle":22.5,"type":"deco","hide":true,"time":352.5,"id":"suu2"},{"angle":270,"type":"ease","duration":0.5,"time":351.5,"var":"scrollSpeed","ease":"outExpo","value":1},{"angle":-75,"type":"ease","duration":3,"time":352.5,"var":"vfx.canvPos.sx","ease":"outExpo","value":1},{"angle":-120,"type":"ease","duration":3,"time":352.5,"var":"vfx.canvPos.sy","ease":"outExpo","value":1},{"angle":270,"type":"paddles","newWidth":300,"duration":1,"paddle":1,"time":352,"ease":"outExpo"},{"angle":292.5,"type":"paddles","newWidth":70,"duration":1,"paddle":1,"time":353.5,"ease":"inExpo"},{"angle":-75,"type":"ease","duration":3,"time":382.5,"var":"vfx.canvPos.sx","ease":"outExpo","value":1.5500001907349},{"angle":-120,"type":"ease","duration":3,"time":382.5,"var":"vfx.canvPos.sy","ease":"outExpo","value":1.5499999523163},{"angle":67.5,"type":"setColor","time":384.5,"color":7,"g":255,"r":255,"b":255},{"b":85,"time":384.5,"r":246,"g":34,"angle":90,"type":"setColor","duration":3,"color":7,"order":1},{"b":255,"time":384.5,"r":255,"order":0,"type":"setColor","angle":112.5,"color":1,"g":255},{"b":0,"time":384.5,"r":0,"g":0,"angle":135,"type":"setColor","duration":3,"color":1,"order":1},{"b":255,"time":384.5,"r":255,"order":0,"type":"setColor","angle":157.5,"color":0,"g":255},{"b":194,"time":384.5,"r":233,"g":194,"order":1,"type":"setColor","duration":3,"color":0,"angle":180},{"b":255,"time":384.5,"r":255,"order":0,"type":"setColor","angle":202.5,"color":4,"g":255},{"b":255,"time":384.5,"r":255,"g":255,"order":1,"type":"setColor","duration":3,"color":4,"angle":225},{"angle":247.5,"type":"outline","color":0,"time":384.5,"enable":true},{"angle":270,"type":"deco","hide":true,"time":384.5,"id":"giza3"},{"angle":292.5,"type":"ease","var":"vfx.canvPos.sx","time":384.5,"value":1},{"angle":315,"type":"ease","var":"vfx.canvPos.sy","time":384.5,"value":1},{"angle":337.5,"type":"ease","var":"p.x","time":384.5,"value":0},{"angle":360,"type":"paddles","newWidth":300,"duration":0,"paddle":1,"time":384.5,"ease":"linear"},{"angle":22.5,"type":"ease","var":"scrollSpeed","time":384.5,"value":2.5000004768372},{"angle":45,"type":"paddles","newWidth":70,"duration":3,"paddle":1,"time":385,"ease":"inExpo"},{"angle":101.25,"type":"ease","duration":1,"time":392,"var":"p.x","ease":"outExpo","value":300},{"angle":123.75,"type":"ease","duration":0.5,"time":392,"var":"p.y","ease":"outExpo","value":0},{"angle":180,"type":"ease","duration":0.5,"time":399.5,"var":"p.y","ease":"outExpo","value":360},{"angle":22.5,"type":"ease","duration":0.5,"time":408,"var":"p.y","ease":"outExpo","value":180},{"angle":0,"type":"ease","duration":0.5,"time":408,"var":"p.x","ease":"outExpo","value":600},{"angle":405,"type":"paddles","newWidth":300,"duration":0,"paddle":1,"time":408,"ease":"linear"},{"angle":90,"type":"paddles","newWidth":70,"duration":3,"paddle":1,"time":408.5,"ease":"inExpo"},{"angle":270,"type":"ease","duration":0.5,"time":414,"var":"p.y","ease":"outExpo","value":180},{"angle":281.25,"type":"ease","duration":0.5,"time":414,"var":"p.x","ease":"outExpo","value":0},{"angle":326.25,"type":"paddles","newWidth":300,"duration":0,"paddle":1,"time":414,"ease":"linear"},{"angle":11.25,"type":"paddles","newWidth":70,"duration":3,"paddle":1,"time":414.5,"ease":"inExpo"},{"angle":81.316474914551,"type":"ease","duration":0.5,"time":429,"var":"p.x","ease":"outExpo","value":300},{"angle":91.607879638672,"type":"ease","duration":0.5,"time":429,"var":"p.y","ease":"outExpo","value":180},{"x":0,"time":415.5,"drawLayer":"bg","sx":0.59999990463257,"sy":0.59999990463257,"angle":180,"type":"deco","oy":293,"ox":220,"y":184,"sprite":"rou.png","id":"rou"},{"x":104,"time":415.5,"angle":202.5,"order":1,"ease":"outExpo","type":"deco","y":184,"duration":1.5,"id":"rou"},{"x":196,"time":416.5,"drawLayer":"bg","angle":180,"y":184,"sprite":"naa.png","ox":225,"oy":180,"type":"deco","id":"naa"},{"time":416.5,"angle":202.5,"sx":1,"sy":1.1000000238419,"order":1,"type":"deco","ease":"outExpo","duration":5,"id":"naa"},{"angle":225,"type":"deco","duration":0,"time":416.5,"order":2,"x":-180,"id":"rou"},{"x":104,"time":423.5,"drawLayer":"bg","sx":0.59999990463257,"sy":0.59999990463257,"sprite":"rou.png","type":"deco","oy":293,"ox":220,"y":184,"angle":180,"id":"rou"},{"x":196,"time":424.5,"drawLayer":"bg","angle":180,"y":184,"sprite":"naaa.png","ox":225,"oy":180,"type":"deco","id":"naaa"},{"time":424.5,"order":1,"sx":1.1000000238419,"sy":1.2000000476837,"angle":202.5,"type":"deco","ease":"outExpo","duration":5,"id":"naaa"},{"angle":225,"type":"deco","duration":0,"time":424.5,"order":2,"x":-180,"id":"rou"},{"angle":247.5,"type":"deco","duration":0,"time":423.5,"order":2,"x":-180,"id":"naa"},{"time":430,"order":4,"y":600,"ease":"inBack","type":"deco","angle":90,"duration":1.5,"id":"naaa"},{"angle":247.5,"type":"deco","hide":true,"time":424.5,"order":5,"id":"naa"},{"angle":135,"type":"ease","var":"scrollSpeed","time":429.5,"value":0.50000047683716},{"angle":112.5,"type":"ease","duration":0.5,"time":432.5,"var":"scrollSpeed","ease":"outExpo","value":1.300000667572},{"angle":112.5,"type":"ease","duration":0.5,"time":433.5,"var":"scrollSpeed","ease":"outExpo","value":0.60000038146973},{"angle":247.5,"type":"ease","duration":0.5,"time":434.5,"var":"scrollSpeed","ease":"outExpo","value":1.5},{"angle":45,"type":"ease","duration":0.5,"time":435.5,"var":"scrollSpeed","ease":"outExpo","value":0.60000002384186},{"angle":45,"type":"ease","duration":0.5,"time":436.5,"var":"scrollSpeed","ease":"outExpo","value":1.5},{"angle":45,"type":"ease","duration":0.5,"time":437.5,"var":"scrollSpeed","ease":"outExpo","value":0.60000002384186},{"angle":45,"type":"ease","duration":0.5,"time":438,"var":"scrollSpeed","ease":"outExpo","value":1.3999999761581},{"angle":330,"type":"ease","duration":1,"time":440.5,"var":"vfx.canvPos.r","ease":"outElastic","value":6.9999771118164},{"angle":30,"type":"ease","duration":1,"time":441.5,"var":"vfx.canvPos.r","ease":"outElastic","value":-7},{"angle":330,"type":"ease","duration":1,"time":442.5,"var":"vfx.canvPos.r","ease":"outElastic","value":6.9999771118164},{"angle":30,"type":"ease","duration":1,"time":443.5,"var":"vfx.canvPos.r","ease":"outElastic","value":-7},{"angle":330,"type":"ease","duration":1,"time":444.5,"var":"vfx.canvPos.r","ease":"outElastic","value":6.9999771118164},{"angle":30,"type":"ease","duration":1,"time":445.5,"var":"vfx.canvPos.r","ease":"outElastic","value":-7},{"angle":330,"type":"ease","duration":1,"time":446.5,"var":"vfx.canvPos.r","ease":"outElastic","value":6.9999771118164},{"angle":30,"type":"ease","duration":1,"time":447.5,"var":"vfx.canvPos.r","ease":"outElastic","value":-7},{"angle":300,"type":"tag","angleOffset":false,"tag":"updown","time":440.5},{"angle":0,"type":"tag","angleOffset":false,"tag":"updown","time":441},{"angle":30,"type":"tag","angleOffset":false,"tag":"updown","time":442.5},{"angle":30,"type":"tag","angleOffset":false,"tag":"updown","time":444.5},{"angle":30,"type":"tag","angleOffset":false,"tag":"updown","time":446.5},{"angle":0,"type":"tag","angleOffset":false,"tag":"pika","time":160.5},{"angle":120,"type":"tag","angleOffset":false,"tag":"pika","time":160.5},{"angle":240,"type":"tag","order":-1,"angleOffset":false,"tag":"pika","time":64.5},{"angle":330,"type":"ease","duration":1,"time":448.5,"var":"vfx.canvPos.r","ease":"outElastic","value":0},{"b":255,"time":448.5,"r":255,"order":0,"type":"setColor","angle":300,"color":7,"g":255},{"b":0,"time":448.5,"r":0,"g":0,"angle":270,"type":"setColor","duration":3,"color":7,"order":1},{"angle":240,"type":"setColor","time":448.5,"color":1,"g":255,"r":255,"b":255},{"b":0,"time":448.5,"r":0,"g":0,"angle":210,"type":"setColor","duration":3,"color":1,"order":1},{"angle":180,"type":"setColor","r":255,"color":0,"g":255,"time":448.5,"b":255},{"b":85,"time":448.5,"r":85,"g":85,"angle":150,"type":"setColor","duration":3,"color":0,"order":1},{"angle":120,"type":"setColor","color":0,"time":448.5},{"angle":30,"type":"paddles","newWidth":400,"duration":0,"paddle":1,"time":448.5,"ease":"linear"},{"angle":30,"type":"paddles","newWidth":70,"duration":3,"paddle":1,"time":449.5,"ease":"outExpo"},{"b":255,"time":464.5,"r":255,"order":0,"type":"setColor","angle":300,"color":7,"g":255},{"b":0,"time":464.5,"r":0,"g":0,"angle":270,"type":"setColor","duration":3,"color":7,"order":1},{"angle":240,"type":"setColor","r":255,"color":1,"g":255,"time":464.5,"b":255},{"b":0,"time":464.5,"r":0,"g":0,"angle":210,"type":"setColor","duration":3,"color":1,"order":1},{"angle":180,"type":"setColor","time":464.5,"color":0,"g":255,"r":255,"b":255},{"b":85,"time":464.5,"r":85,"g":85,"angle":150,"type":"setColor","duration":3,"color":0,"order":1},{"angle":120,"type":"setColor","color":0,"time":464.5},{"angle":0,"type":"showResults","time":484},{"angle":315,"type":"setColor","time":479.5,"color":0,"g":0,"r":0,"b":0},{"angle":292.5,"type":"setColor","r":0,"color":1,"g":0,"time":479.5,"b":0},{"angle":270,"type":"setColor","r":0,"color":2,"g":0,"time":479.5,"b":0},{"time":192.5,"repeats":13,"repeatDelay":2,"var":"vfx.canvPos.r","value":1.5,"ease":"outElastic","type":"ease","duration":10,"angle":180},{"time":192.5,"repeats":26,"repeatDelay":1,"var":"vfx.canvPos.y","value":175,"ease":"outSine","type":"ease","duration":0.5,"angle":157.5},{"time":193,"repeats":26,"repeatDelay":1,"var":"vfx.canvPos.y","value":185,"ease":"inSine","type":"ease","duration":0.5,"angle":90},{"time":193,"repeats":13,"repeatDelay":2,"var":"vfx.canvPos.r","value":-1.5,"ease":"outElastic","type":"ease","duration":1,"angle":67.5},{"b":0,"time":192.5,"g":0,"angle":292.5,"name":"Section","type":"bookmark","description":"2sabi","r":0},{"angle":22.5,"type":"ease","duration":1,"time":220.5,"var":"vfx.canvPos.sx","ease":"outQuint","value":1},{"angle":45,"type":"ease","duration":1,"time":220.5,"var":"vfx.canvPos.sy","ease":"outQuint","value":1},{"angle":202.5,"type":"ease","var":"vfx.canvPos.y","time":220.5,"value":180},{"angle":180,"type":"ease","var":"vfx.canvPos.r","time":220.5,"value":0},{"time":224.5,"repeats":13,"repeatDelay":2,"var":"vfx.canvPos.r","value":1.5,"ease":"outElastic","type":"ease","duration":10,"angle":180},{"time":224.5,"repeats":26,"repeatDelay":1,"var":"vfx.canvPos.y","value":175,"ease":"outSine","type":"ease","duration":0.5,"angle":157.5},{"time":225,"repeats":26,"repeatDelay":1,"var":"vfx.canvPos.y","value":185,"ease":"inSine","type":"ease","duration":0.5,"angle":90},{"time":225,"repeats":13,"repeatDelay":2,"var":"vfx.canvPos.r","value":-1.5,"ease":"outElastic","type":"ease","duration":1,"angle":67.5},{"angle":202.5,"type":"ease","var":"vfx.canvPos.y","time":252,"value":180},{"angle":180,"type":"ease","var":"vfx.canvPos.r","time":252,"value":0},{"b":0,"time":320.5,"r":0,"angle":337.5,"type":"bookmark","name":"Section","description":"lastsabi","g":0},{"time":320.5,"repeats":13,"repeatDelay":2,"var":"vfx.canvPos.r","value":1.5,"ease":"outElastic","type":"ease","duration":10,"angle":225},{"time":320.5,"repeats":26,"repeatDelay":1,"var":"vfx.canvPos.y","value":175,"ease":"outSine","type":"ease","duration":0.5,"angle":157.5},{"time":321,"repeats":26,"repeatDelay":1,"var":"vfx.canvPos.y","value":185,"ease":"inSine","type":"ease","duration":0.5,"angle":135},{"time":321,"repeats":13,"repeatDelay":2,"var":"vfx.canvPos.r","value":-1.5,"ease":"outElastic","type":"ease","duration":1,"angle":112.5},{"time":352.5,"repeats":13,"repeatDelay":2,"var":"vfx.canvPos.r","value":1.5,"ease":"outElastic","type":"ease","duration":10,"angle":180},{"time":352.5,"repeats":26,"repeatDelay":1,"var":"vfx.canvPos.y","value":175,"ease":"outSine","type":"ease","duration":0.5,"angle":157.5},{"time":353,"repeats":26,"repeatDelay":1,"var":"vfx.canvPos.y","value":185,"ease":"inSine","type":"ease","duration":0.5,"angle":90},{"time":353,"repeats":13,"repeatDelay":2,"var":"vfx.canvPos.r","value":-1.5,"ease":"outElastic","type":"ease","duration":1,"angle":67.5},{"angle":202.5,"type":"ease","duration":0.5,"ease":"linear","var":"vfx.canvPos.y","time":379.5,"value":180},{"angle":180,"type":"ease","duration":0.5,"ease":"linear","var":"vfx.canvPos.r","time":379.5,"value":0}]}