[{"angle":360,"time":1,"type":"block"},{"angle":337.5,"time":1.5,"type":"block"},{"angle":315,"time":2,"type":"block"},{"angle":270,"time":2.5,"type":"block"},{"angle":292.5,"time":3,"type":"block"},{"angle":315,"time":3.5,"type":"block"},{"angle":0,"time":4,"type":"block"},{"angle":22.5,"time":4.5,"type":"block"},{"angle":45,"time":5,"type":"block"},{"angle":67.5,"time":5.5,"type":"block"},{"angle":45,"time":6,"type":"block"},{"angle":22.5,"time":6.5,"type":"block"},{"angle":337.5,"time":7,"type":"block"},{"angle":315,"time":7.5,"type":"block"},{"angle":292.5,"time":8,"type":"block"},{"angle":315,"time":8.5,"type":"block"},{"angle":22.5,"time":9,"type":"extraTap"},{"angle":337.5,"time":10,"type":"extraTap"},{"angle":22.5,"time":10.5,"type":"extraTap"},{"angle":337.5,"time":12,"type":"extraTap"},{"angle":22.5,"time":13,"type":"extraTap"},{"angle":337.5,"time":14,"type":"extraTap"},{"angle":22.5,"time":14.5,"type":"extraTap"},{"angle":360,"time":16,"type":"extraTap"},{"angle":270,"time":16,"type":"block"},{"angle":255,"time":16.25,"type":"block"},{"angle":240,"time":16.5,"type":"block"},{"angle":225,"time":16.75,"type":"block"},{"angle":202.5,"time":17,"type":"block"},{"angle":180,"time":17.5,"type":"block"},{"angle":157.5,"time":18,"type":"block"},{"angle":225,"time":18.5,"type":"block"},{"angle":247.5,"time":19,"type":"block"},{"angle":270,"time":19.5,"type":"block"},{"angle":247.5,"time":20,"type":"block"},{"angle":225,"time":20.5,"type":"block"},{"angle":247.5,"time":21,"type":"block"},{"angle":270,"time":21.5,"type":"block"},{"angle":292.5,"time":22,"type":"block"},{"angle":315,"time":22.5,"type":"block"},{"angle":292.5,"time":23,"type":"block"},{"angle":270,"time":23.5,"type":"block"},{"angle":247.5,"time":24,"type":"block"},{"angle":225,"time":24.5,"type":"block"},{"angle":180,"time":25,"type":"extraTap"},{"angle":180,"time":26,"type":"extraTap"},{"angle":180,"time":26.5,"type":"extraTap"},{"angle":180,"time":28,"type":"extraTap"},{"angle":180,"time":29,"type":"extraTap"},{"angle":180,"time":30,"type":"extraTap"},{"angle":180,"time":30.5,"type":"extraTap"},{"angle":180,"time":32,"type":"extraTap"},{"angle":67.5,"time":32,"type":"block"},{"angle":90,"time":32.25,"type":"block"},{"angle":67.5,"time":32.5,"type":"block"},{"angle":45,"time":32.75,"type":"block"},{"angle":22.5,"time":33,"type":"block"},{"angle":0,"time":33.5,"type":"block"},{"angle":337.5,"time":34,"type":"block"},{"angle":292.5,"time":34.5,"type":"block"},{"angle":315,"time":35,"type":"block"},{"angle":337.5,"time":35.5,"type":"block"},{"angle":22.5,"time":36,"type":"block"},{"angle":45,"time":36.5,"type":"block"},{"angle":67.5,"time":37,"type":"block"},{"angle":90,"time":37.5,"type":"block"},{"angle":112.5,"time":38,"type":"block"},{"angle":135,"time":38.5,"type":"block"},{"angle":157.5,"time":39,"type":"block"},{"angle":135,"time":39.5,"type":"block"},{"angle":112.5,"time":40,"type":"block"},{"angle":90,"time":40.5,"type":"block"},{"angle":90,"time":41,"type":"extraTap"},{"angle":90,"time":42.5,"type":"extraTap"},{"angle":90,"time":45,"type":"extraTap"},{"angle":90,"time":46,"type":"extraTap"},{"angle":90,"time":48,"type":"extraTap"},{"angle":90,"time":42,"type":"extraTap"},{"angle":90,"time":44,"type":"extraTap"},{"angle":90,"time":46.5,"type":"extraTap"},{"angle":112.5,"time":48,"type":"block"},{"angle":123.75,"time":48.5,"type":"block"},{"angle":135,"time":49,"type":"block"},{"angle":168.75,"time":48.25,"type":"block"},{"angle":180,"time":48.75,"type":"block"},{"angle":157.5,"time":49.5,"type":"block"},{"angle":180,"time":50,"type":"block"},{"angle":225,"time":50.5,"type":"block"},{"angle":202.5,"time":51,"type":"block"},{"angle":180,"time":51.5,"type":"block"},{"angle":135,"time":52,"type":"block"},{"angle":157.5,"time":52.5,"type":"block"},{"angle":180,"time":53,"type":"block"},{"angle":225,"time":53.5,"type":"block"},{"angle":247.5,"time":54,"type":"block"},{"angle":270,"time":54.5,"type":"block"},{"angle":247.5,"time":55,"type":"block"},{"angle":225,"time":55.5,"type":"block"},{"angle":202.5,"time":56,"type":"block"},{"angle":225,"time":56.5,"type":"block"},{"angle":180,"time":57,"type":"extraTap"},{"angle":180,"time":58,"type":"extraTap"},{"angle":180,"time":58.5,"type":"extraTap"},{"angle":180,"time":60,"type":"extraTap"},{"angle":180,"time":61,"type":"extraTap"},{"angle":180,"time":62,"type":"extraTap"},{"angle":180,"time":62.5,"type":"extraTap"},{"angle":180,"time":64,"type":"extraTap"},{"angle":157.5,"time":64,"type":"block"},{"angle":90,"time":64.25,"type":"block"},{"angle":22.5,"time":64.5,"type":"block"},{"angle":337.5,"time":64.75,"type":"block"},{"angle":292.5,"time":65,"tap":true,"type":"block"},{"angle":270,"time":65.5,"type":"block"},{"angle":247.5,"time":66,"type":"block"},{"angle":315,"time":66.5,"type":"block"},{"angle":337.5,"time":67,"type":"block"},{"angle":0,"time":67.5,"type":"block"},{"angle":315,"time":68,"type":"block"},{"angle":292.5,"time":68.5,"type":"block"},{"angle":270,"time":69,"tap":true,"type":"block"},{"angle":292.5,"time":69.5,"type":"block"},{"angle":315,"time":70,"type":"block"},{"angle":337.5,"time":70.5,"type":"block"},{"angle":360,"time":71,"type":"block"},{"angle":22.5,"time":71.5,"type":"block"},{"angle":45,"time":72,"type":"block"},{"angle":67.5,"time":72.5,"type":"block"},{"angle":90,"time":73,"type":"block"},{"angle":120,"time":73.25,"type":"block"},{"angle":105,"time":73.5,"type":"block"},{"angle":135,"time":73.75,"type":"block"},{"angle":120,"time":74,"type":"block"},{"angle":165,"time":74.25,"type":"block"},{"angle":150,"time":74.5,"type":"block"},{"angle":180,"time":74.75,"type":"block"},{"angle":165,"time":75,"type":"block"},{"angle":210,"time":75.5,"type":"block"},{"angle":180,"time":76,"tap":true,"type":"block"},{"angle":135,"time":76.25,"type":"block"},{"angle":165,"time":76.5,"type":"block"},{"angle":150,"time":76.75,"type":"block"},{"angle":120,"time":77,"tap":true,"type":"block"},{"angle":90,"time":77.5,"type":"block"},{"angle":75,"time":77.75,"type":"block"},{"angle":60,"time":78,"type":"block"},{"angle":75,"time":78.25,"type":"block"},{"angle":90,"time":78.5,"tap":true,"type":"block"},{"angle":120,"time":79,"type":"block"},{"angle":135,"time":79.5,"type":"block"},{"angle":165,"time":79.75,"type":"block"},{"angle":195,"time":80,"tap":true,"type":"block"},{"angle":225,"time":80.25,"type":"block"},{"angle":195,"time":80.5,"type":"block"},{"angle":165,"time":80.75,"type":"block"},{"angle":120,"time":81,"tap":true,"type":"block"},{"angle":135,"time":81.5,"type":"block"},{"angle":157.5,"time":82,"type":"block"},{"angle":202.5,"time":82.5,"type":"block"},{"angle":180,"time":83,"type":"block"},{"angle":157.5,"time":83.5,"type":"block"},{"angle":225,"time":84,"type":"block"},{"angle":247.5,"time":84.5,"type":"block"},{"angle":270,"time":85,"tap":true,"type":"block"},{"angle":292.5,"time":85.5,"type":"block"},{"angle":270,"time":86,"type":"block"},{"angle":247.5,"time":86,"type":"block"},{"angle":225,"time":86.5,"type":"block"},{"angle":202.5,"time":87,"type":"block"},{"angle":225,"time":87.5,"type":"block"},{"angle":247.5,"time":88,"type":"block"},{"angle":270,"time":88.5,"type":"block"},{"angle":292.5,"time":89,"type":"block"},{"angle":281.25,"time":89.25,"type":"block"},{"angle":270,"time":89.5,"type":"block"},{"angle":258.75,"time":89.75,"type":"block"},{"angle":247.5,"time":90,"type":"block"},{"angle":236.25,"time":90.25,"type":"block"},{"angle":225,"time":90.5,"type":"block"},{"angle":213.75,"time":90.75,"type":"block"},{"angle":202.5,"time":91,"type":"block"},{"angle":180,"time":91,"type":"block"},{"angle":146.25,"time":91.25,"type":"block"},{"angle":180,"time":91.5,"type":"block"},{"angle":213.75,"time":92,"type":"block"},{"angle":236.25,"time":92.25,"type":"block"},{"angle":213.75,"time":92.5,"type":"block"},{"angle":180,"time":92.75,"type":"block"},{"angle":213.75,"time":93,"tap":true,"type":"block"},{"angle":240,"time":93.5,"type":"block"},{"angle":255,"time":93.75,"type":"block"},{"angle":270,"time":94,"type":"block"},{"angle":300,"time":94.5,"tap":true,"type":"block"},{"angle":315,"time":94.75,"type":"block"},{"angle":330,"time":95,"type":"block"},{"angle":270,"time":95.333335876465,"type":"block"},{"angle":300,"time":95.666664123535,"type":"block"},{"angle":240,"time":96,"tap":true,"type":"block"},{"angle":270,"time":96.333335876465,"type":"block"},{"angle":210,"time":96.666664123535,"type":"block"},{"angle":180,"time":97,"type":"block"},{"angle":202.5,"time":97.5,"type":"block"},{"angle":225,"time":98,"type":"block"},{"angle":180,"time":98.5,"type":"block"},{"angle":157.5,"time":99,"type":"block"},{"angle":135,"time":99.5,"type":"block"},{"angle":90,"time":100,"type":"block"},{"angle":67.5,"time":100.5,"type":"block"},{"angle":90,"time":101,"tap":true,"type":"block"},{"angle":112.5,"time":101.5,"type":"block"},{"angle":135,"time":102,"type":"block"},{"angle":157.5,"time":102.5,"type":"block"},{"angle":180,"time":103,"type":"block"},{"angle":157.5,"time":103.5,"type":"block"},{"angle":135,"time":104,"type":"block"},{"angle":112.5,"time":104.5,"type":"block"},{"angle":180,"time":105,"type":"block"},{"angle":225,"time":106,"type":"block"},{"angle":180,"time":106.5,"type":"block"},{"angle":225,"time":107,"type":"block"},{"angle":180,"time":108,"type":"block"},{"angle":112.5,"time":109,"duration":1,"angle2":90,"startTap":true,"type":"hold"},{"angle":112.5,"time":110.5,"duration":1,"angle2":135,"startTap":true,"type":"hold"},{"angle":112.5,"time":112,"duration":0.5,"angle2":90,"startTap":true,"type":"hold"},{"angle":45,"time":113,"type":"block"},{"angle":22.5,"time":113.5,"type":"block"},{"angle":0,"time":114,"type":"block"},{"angle":315,"time":114.5,"type":"block"},{"angle":292.5,"time":115,"type":"block"},{"angle":270,"time":115.5,"type":"block"},{"angle":225,"time":116,"type":"block"},{"angle":247.5,"time":116.5,"type":"block"},{"angle":270,"time":117,"tap":true,"type":"block"},{"angle":292.5,"time":117.5,"type":"block"},{"angle":315,"time":118,"type":"block"},{"angle":337.5,"time":118.5,"type":"block"},{"angle":360,"time":119,"type":"block"},{"angle":22.5,"time":119.5,"type":"block"},{"angle":45,"time":120,"type":"block"},{"angle":67.5,"time":120.5,"type":"block"},{"angle":0,"time":121,"type":"block"},{"angle":315,"time":122,"type":"block"},{"angle":360,"time":122.5,"type":"block"},{"angle":315,"time":123,"type":"block"},{"angle":45,"time":124,"type":"block"},{"angle":360,"time":125,"duration":1,"angle2":360,"startTap":true,"type":"hold"},{"angle":0,"time":126.5,"duration":1,"angle2":0,"startTap":true,"type":"hold"},{"angle":360,"time":128,"duration":0.5,"angle2":360,"startTap":true,"type":"hold"},{"angle":0,"time":129,"speedMult":0.95000004768372,"type":"block"},{"angle":45,"time":130,"speedMult":0.90000009536743,"type":"block"},{"angle":90,"time":131,"speedMult":0.85000014305115,"type":"block"},{"angle":135,"time":132,"speedMult":0.80000019073486,"type":"block"},{"angle":180,"time":133,"speedMult":0.75000023841858,"type":"block"},{"angle":225,"time":134,"speedMult":0.70000028610229,"type":"block"},{"angle":270,"time":135,"duration":0.5,"angle2":315,"speedMult":1.9999990463257,"type":"hold"},{"holdEase":"inOutElastic","angle2":292.5,"duration":4,"time":137,"angle":360,"type":"hold"},{"angle":292.5,"angle2":315,"duration":1,"time":142,"type":"hold"},{"angle":360,"time":144,"type":"block"},{"holdEase":"inOutElastic","angle2":213.75,"duration":4,"time":145,"angle":292.5,"type":"hold"},{"angle":191.25,"time":150,"type":"block"},{"angle":135,"angle2":146.25,"duration":0.66666662693024,"time":151,"type":"hold"},{"holdEase":"inOutElastic","angle2":360,"duration":7.5,"time":153,"angle":191.25,"type":"hold"},{"holdEase":"inOutElastic","angle2":-78.75,"duration":2.75,"time":161.25,"angle":22.5,"type":"hold"},{"holdEase":"inOutElastic","angle2":360,"duration":5,"time":165,"angle":225,"type":"hold"},{"holdEase":"inOutElastic","angle2":-45,"duration":5,"time":171,"angle":67.5,"type":"hold"},{"holdEase":"inOutElastic","angle2":427.5,"duration":7,"time":177,"angle":270,"type":"hold"},{"holdEase":"inOutElastic","angle2":-45,"duration":5,"time":185,"angle":90,"type":"hold"},{"angle":337.5,"angle2":382.5,"duration":0.25,"time":190.5,"type":"hold"},{"angle":45,"angle2":-112.5,"duration":9,"time":191,"type":"hold"},{"angle":33.75,"time":191.25,"type":"block"},{"angle":56.25,"time":191.5,"type":"block"},{"angle":22.5,"time":191.75,"type":"block"},{"angle":67.5,"time":192,"type":"block"},{"angle":225,"angle2":225,"duration":0.5,"time":201,"type":"hold"},{"angle":157.5,"angle2":157.5,"duration":0.5,"time":202,"type":"hold"},{"angle":90,"angle2":22.5,"duration":2,"time":203,"type":"hold"},{"angle":112.5,"angle2":22.5,"duration":1,"time":204,"type":"hold"},{"angle":337.5,"angle2":405,"duration":1,"time":205,"type":"hold"},{"angle":45,"angle2":-45,"duration":1,"time":206,"type":"hold"},{"angle":360,"time":209,"speedMult":1,"type":"block"},{"angle":360,"time":209.5,"speedMult":0.5,"type":"block"},{"angle":0,"time":211,"speedMult":0.5,"type":"block"},{"angle":0,"time":211.5,"speedMult":0.5,"type":"block"},{"angle":0,"time":213,"speedMult":0.5,"type":"block"},{"angle":0,"time":213.5,"type":"block"},{"angle":0,"time":214,"type":"block"},{"angle":360,"time":214.5,"type":"block"},{"angle":67.5,"time":215,"type":"block"},{"angle":45,"time":214.75,"type":"block"},{"angle":45,"time":215.25,"type":"block"},{"angle":360,"time":215.5,"type":"block"},{"angle":315,"time":215.75,"type":"block"},{"angle":337.5,"time":216,"type":"block"},{"angle":292.5,"time":216.25,"type":"block"},{"angle":315,"time":216.5,"type":"block"},{"angle":270,"time":216.75,"type":"block"},{"angle":292.5,"angle2":360,"duration":1,"time":208,"type":"hold"},{"angle":225,"angle2":225,"duration":0.5,"time":217,"type":"hold"},{"angle":292.5,"angle2":292.5,"duration":0.5,"time":218,"type":"hold"},{"angle":360,"angle2":315,"duration":2,"time":219,"type":"hold"},{"angle":292.5,"angle2":315,"duration":1,"time":220,"type":"hold"},{"holdEase":"linear","angle2":360,"duration":1,"time":221,"angle":315,"type":"hold"},{"holdEase":"linear","angle2":-45,"duration":1,"time":222,"angle":45,"type":"hold"},{"angle":292.5,"angle2":180,"duration":2,"time":223,"type":"hold"},{"angle":180,"time":225,"type":"block"},{"angle":180,"time":225.5,"type":"block"},{"angle":180,"time":227,"type":"block"},{"angle":180,"time":227.5,"type":"block"},{"angle":180,"time":229,"type":"block"},{"angle":135,"time":229.25,"type":"block"},{"angle":157.5,"time":229.5,"type":"block"},{"angle":180,"time":229.75,"type":"block"},{"angle":202.5,"time":230,"type":"block"},{"angle":225,"time":230.25,"type":"block"},{"angle":247.5,"time":230.5,"type":"block"},{"angle":225,"time":230.75,"type":"block"},{"angle":180,"time":231,"type":"block"},{"angle":150,"time":231.33332824707,"type":"block"},{"angle":150,"time":232,"type":"block"},{"angle":120,"time":231.66667175293,"type":"block"},{"angle":180,"time":232.33332824707,"type":"block"},{"angle":210,"time":232.66667175293,"type":"block"},{"angle":270,"angle2":270,"duration":0.5,"time":233,"type":"hold"},{"angle":337.5,"angle2":337.5,"duration":0.5,"time":234,"type":"hold"},{"angle":45,"angle2":-67.5,"duration":2,"time":235,"type":"hold"},{"angle":405,"angle2":292.5,"duration":1,"time":236,"type":"hold"},{"holdEase":"linear","angle2":360,"duration":1,"time":237,"angle":292.5,"type":"hold"},{"angle":22.5,"angle2":-67.5,"duration":1,"time":238,"type":"hold"},{"angle":270,"angle2":360,"duration":2,"time":239,"type":"hold"},{"angle":0,"time":241,"type":"block"},{"angle":360,"time":241.5,"type":"block"},{"angle":0,"time":243,"type":"block"},{"angle":0,"time":243.5,"type":"block"},{"angle":0,"time":245,"type":"block"},{"angle":0,"time":245.5,"type":"block"},{"angle":360,"time":246,"type":"block"},{"angle":315,"time":246.25,"type":"block"},{"angle":337.5,"time":246.5,"type":"block"},{"angle":270,"time":246.75,"type":"block"},{"angle":292.5,"time":247,"type":"block"},{"angle":337.5,"time":247.25,"type":"block"},{"angle":360,"time":247.5,"type":"block"},{"angle":45,"time":247.75,"type":"block"},{"angle":22.5,"time":247.75,"type":"block"},{"angle":337.5,"time":248,"type":"side"},{"angle":22.5,"time":248.5,"type":"side"},{"angle":315,"angle2":315,"duration":0.5,"time":249,"type":"hold"},{"angle":360,"angle2":360,"duration":0.5,"time":250,"type":"hold"},{"angle":67.5,"angle2":157.5,"duration":2,"time":251,"type":"hold"},{"angle":180,"angle2":157.5,"duration":1,"time":252,"type":"hold"},{"angle":157.5,"angle2":112.5,"duration":1,"time":253,"type":"hold"},{"angle":90,"angle2":67.5,"duration":1,"time":254,"type":"hold"},{"angle":90,"angle2":180,"duration":2,"time":255,"type":"hold"},{"angle":180,"time":257,"type":"block"},{"angle":180,"time":257.5,"type":"block"},{"angle":180,"time":259,"type":"block"},{"angle":180,"time":259.5,"type":"block"},{"angle":180,"time":261,"type":"block"},{"angle":180,"time":261.5,"type":"block"},{"angle":180,"time":262,"type":"block"},{"angle":180,"time":263,"type":"block"},{"angle":202.5,"time":263,"type":"block"},{"angle":202.5,"time":264,"type":"block"},{"angle":180,"time":264,"type":"block"},{"angle":157.5,"time":264,"type":"block"},{"angle":157.5,"time":263,"type":"block"},{"angle":225,"time":264,"type":"block"},{"angle":135,"time":264,"type":"block"},{"angle":180,"time":289,"type":"block"},{"angle":270,"time":291,"type":"block"},{"angle":202.5,"time":291.33334350586,"type":"block"},{"angle":247.5,"time":291.66665649414,"type":"block"},{"angle":180,"time":292,"type":"block"},{"angle":225,"time":292.33334350586,"type":"block"},{"angle":157.5,"time":292.66668701172,"type":"block"},{"angle":202.5,"time":293,"type":"block"},{"angle":135,"time":293.33334350586,"type":"block"},{"angle":157.5,"time":293.66665649414,"type":"block"},{"angle":180,"angle2":292.5,"duration":2,"time":294,"type":"hold"},{"angle":202.5,"angle2":270,"duration":2,"time":289,"type":"hold"},{"angle":247.5,"time":296.5,"type":"block"},{"angle":315,"angle2":427.5,"duration":2,"time":297,"type":"hold"},{"angle":67.5,"time":299,"type":"block"},{"angle":0,"time":299.33334350586,"type":"block"},{"angle":67.5,"time":299.66665649414,"type":"block"},{"angle":45,"time":300,"type":"block"},{"angle":22.5,"time":300.33334350586,"type":"block"},{"angle":45,"time":300.66665649414,"type":"block"},{"angle":0,"time":301,"type":"block"},{"angle":67.5,"time":301.33334350586,"type":"block"},{"angle":0,"time":301.66665649414,"type":"block"},{"angle":22.5,"time":302,"type":"block"},{"angle":45,"angle2":180,"duration":2,"time":302,"type":"hold"},{"angle":202.5,"time":304,"type":"block"},{"angle":180,"time":305,"type":"block"},{"angle":191.25,"time":304.5,"type":"block"},{"angle":157.5,"angle2":270,"duration":2,"time":305,"type":"hold"},{"angle":292.5,"time":307,"type":"block"},{"angle":315,"time":307.33334350586,"type":"block"},{"angle":360,"time":307.66665649414,"type":"block"},{"angle":315,"time":308,"type":"block"},{"angle":337.5,"time":308.33334350586,"type":"block"},{"angle":22.5,"time":308.66665649414,"type":"block"},{"angle":337.5,"time":309,"type":"block"},{"angle":0,"time":309.33334350586,"type":"block"},{"angle":45,"time":309.66665649414,"type":"block"},{"angle":90,"angle2":180,"duration":2,"time":310,"type":"hold"},{"angle":67.5,"time":310,"type":"block"},{"angle":202.5,"time":312,"type":"block"},{"angle":225,"time":312.58331298828,"type":"block"},{"angle":247.5,"time":313,"type":"block"},{"angle":202.5,"angle2":315,"duration":2,"time":313,"type":"hold"},{"angle":225,"time":306.66665649414,"type":"block"},{"angle":270,"time":314.66665649414,"type":"block"},{"angle":337.5,"time":315,"type":"block"},{"angle":292.5,"time":315.33334350586,"type":"block"},{"angle":315,"time":315.66665649414,"type":"block"},{"angle":0,"time":316,"type":"block"},{"angle":315,"time":316.33334350586,"type":"block"},{"angle":337.5,"time":316.66665649414,"type":"block"},{"angle":22.5,"time":317,"type":"block"},{"angle":45,"time":317.33334350586,"type":"block"},{"angle":67.5,"time":317.66665649414,"type":"block"},{"angle":90,"time":318,"type":"block"},{"angle":112.5,"time":318.33334350586,"type":"block"},{"angle":135,"time":318.66665649414,"type":"block"},{"angle":157.5,"time":319,"type":"block"},{"angle":180,"time":319.33334350586,"type":"block"},{"angle":202.5,"time":319.66665649414,"type":"block"},{"angle":225,"time":320,"type":"block"},{"angle":247.5,"time":320.33334350586,"type":"block"},{"angle":270,"time":320.66665649414,"type":"block"},{"angle":292.5,"time":321,"type":"block"},{"angle":225,"angle2":225,"duration":0.083333410322666,"time":320,"type":"hold"},{"angle":225,"angle2":225,"duration":0.083333410322666,"time":320.16665649414,"type":"hold"},{"angle":247.5,"angle2":247.5,"duration":0.083333410322666,"time":320.33334350586,"type":"hold"},{"angle":247.5,"angle2":247.5,"duration":0.083333410322666,"time":320.5,"type":"hold"},{"angle":270,"angle2":270,"duration":0.083333410322666,"time":320.66665649414,"type":"hold"},{"angle":270,"angle2":270,"duration":0.083333410322666,"time":320.83334350586,"type":"hold"},{"angle":247.5,"time":290.66665649414,"type":"block"},{"angle":22.5,"time":298.66665649414,"type":"block"},{"angle":157.5,"time":289,"type":"extraTap"},{"angle":112.5,"time":294,"type":"extraTap"},{"angle":292.5,"time":297,"type":"extraTap"},{"angle":45,"time":302,"type":"extraTap"},{"angle":225,"time":304,"type":"extraTap"},{"angle":225,"time":305,"type":"extraTap"},{"angle":225,"time":304.5,"type":"extraTap"},{"angle":45,"time":310,"type":"extraTap"},{"angle":225,"time":312,"type":"extraTap"},{"angle":247.5,"time":312.5,"type":"extraTap"},{"angle":270,"time":313,"type":"extraTap"},{"angle":180,"time":320,"type":"extraTap"},{"angle":202.5,"time":320.33334350586,"type":"extraTap"},{"angle":225,"time":320.66665649414,"type":"extraTap"},{"angle":22.5,"time":322,"type":"extraTap"},{"angle":22.5,"time":324,"type":"extraTap"},{"angle":22.5,"time":326,"type":"extraTap"},{"angle":45,"time":328,"type":"extraTap"},{"angle":45,"time":330,"type":"extraTap"},{"angle":45,"time":332,"type":"extraTap"},{"angle":45,"time":334,"type":"extraTap"},{"angle":45,"time":336,"type":"extraTap"},{"angle":45,"time":337,"type":"extraTap"},{"angle":45,"time":349,"type":"extraTap"},{"angle":315,"time":321,"type":"block"},{"angle":360,"time":321.5,"type":"block"},{"angle":292.5,"time":322,"type":"block"},{"angle":315,"time":322,"type":"block"},{"angle":247.5,"time":322.5,"type":"block"},{"angle":292.5,"time":323,"type":"block"},{"angle":315,"time":323,"type":"block"},{"angle":337.5,"time":323.5,"type":"block"},{"angle":315,"time":324,"type":"block"},{"angle":292.5,"time":324,"type":"block"},{"angle":270,"time":324.5,"type":"block"},{"angle":292.5,"time":325,"type":"block"},{"angle":315,"time":325,"type":"block"},{"angle":360,"time":325.5,"type":"block"},{"angle":112.5,"time":326.5,"type":"block"},{"angle":45,"time":326,"type":"block"},{"angle":56.25,"time":327,"type":"block"},{"angle":67.5,"time":326,"type":"block"},{"angle":78.75,"time":327,"type":"block"},{"angle":90,"time":328,"type":"block"},{"angle":67.5,"time":328,"type":"block"},{"angle":11.25,"time":327.5,"type":"block"},{"angle":135,"time":328.5,"type":"block"},{"angle":67.5,"time":329,"type":"block"},{"angle":90,"time":329,"type":"block"},{"angle":22.5,"time":329.5,"type":"block"},{"angle":67.5,"time":330,"type":"block"},{"angle":90,"time":330,"type":"block"},{"angle":112.5,"time":330.5,"type":"block"},{"angle":67.5,"time":331,"type":"block"},{"angle":90,"time":331,"type":"block"},{"angle":45,"time":331.5,"type":"block"},{"angle":67.5,"time":332,"type":"block"},{"angle":90,"time":332,"type":"block"},{"angle":112.5,"time":332.5,"type":"block"},{"angle":67.5,"time":333,"type":"block"},{"angle":90,"time":333,"type":"block"},{"angle":45,"time":333.5,"type":"block"},{"angle":67.5,"time":334,"type":"block"},{"angle":90,"time":334,"type":"block"},{"angle":112.5,"time":334.5,"type":"block"},{"angle":135,"time":335,"type":"block"},{"angle":157.5,"time":335,"type":"block"},{"angle":202.5,"time":335.5,"type":"block"},{"angle":247.5,"time":336,"type":"block"},{"angle":270,"time":336,"type":"block"},{"angle":292.5,"time":336.5,"type":"block"},{"angle":337.5,"time":337,"type":"block"},{"angle":30,"angle2":-60,"duration":2,"time":337,"type":"hold"},{"angle":300,"time":339,"type":"block"},{"angle":330,"time":339.33334350586,"type":"block"},{"angle":360,"time":339.66665649414,"type":"block"},{"angle":60,"time":340,"type":"block"},{"angle":30,"time":340.33334350586,"type":"block"},{"angle":0,"time":340.66665649414,"type":"block"},{"angle":300,"time":341,"type":"block"},{"angle":270,"time":341.33334350586,"type":"block"},{"angle":240,"time":341.66665649414,"type":"block"},{"angle":210,"time":342,"type":"block"},{"angle":180,"angle2":0,"duration":2.5,"time":342,"type":"hold"},{"angle":330,"time":344.5,"type":"block"},{"angle":0,"time":345,"type":"block"},{"angle":22.5,"time":345.25,"type":"block"},{"angle":45,"time":345.5,"type":"block"},{"angle":67.5,"time":345.75,"type":"block"},{"angle":-22.5,"time":346,"type":"block"},{"angle":0,"time":346.25,"type":"block"},{"angle":22.5,"time":346.5,"type":"block"},{"angle":45,"time":346.75,"type":"block"},{"angle":-45,"time":347,"type":"block"},{"angle":-22.5,"time":347.25,"type":"block"},{"angle":0,"time":347.5,"type":"block"},{"angle":22.5,"time":347.75,"type":"block"},{"angle":315,"angle2":315,"duration":0.125,"time":347,"type":"hold"},{"angle":315,"angle2":337.5,"duration":0,"time":347.25,"type":"hold"},{"angle":337.5,"angle2":337.5,"duration":0.125,"time":347.25,"type":"hold"},{"angle":337.5,"angle2":360,"duration":0,"time":347.5,"type":"hold"},{"angle":0,"angle2":0,"duration":0.125,"time":347.5,"type":"hold"},{"angle":0,"angle2":22.5,"duration":0.125,"time":347.625,"type":"hold"},{"angle":22.5,"angle2":0,"duration":0.25,"time":347.75,"type":"hold"},{"segments":16,"angle":360,"time":348,"duration":1,"angle2":180,"type":"hold"},{"angle":11.25,"angle2":0,"duration":0.125,"time":347.875,"type":"hold"},{"angle":360,"time":348,"type":"block"},{"angle":348.75,"time":348.0625,"type":"block"},{"angle":337.5,"time":348.125,"type":"block"},{"angle":326.25,"time":348.1875,"type":"block"},{"angle":315,"time":348.25,"type":"block"},{"angle":303.75,"time":348.3125,"type":"block"},{"angle":292.5,"time":348.375,"type":"block"},{"angle":281.25,"time":348.4375,"type":"block"},{"angle":270,"time":348.5,"type":"block"},{"angle":258.75,"time":348.5625,"type":"block"},{"angle":247.5,"time":348.625,"type":"block"},{"angle":236.25,"time":348.6875,"type":"block"},{"angle":225,"time":348.75,"type":"block"},{"angle":213.75,"time":348.8125,"type":"block"},{"angle":202.5,"time":348.875,"type":"block"},{"angle":191.25,"time":348.9375,"type":"block"},{"angle":180,"time":349,"type":"block"},{"angle":315,"angle2":180,"duration":0.75,"time":348.25,"type":"hold"},{"angle":270,"angle2":180,"duration":0.5,"time":348.5,"type":"hold"},{"angle":225,"angle2":180,"duration":0.25,"time":348.75,"type":"hold"},{"angle":165,"time":349,"type":"block"},{"angle":195,"time":349.33334350586,"type":"block"},{"angle":225,"time":349.66665649414,"type":"block"},{"angle":255,"time":350,"type":"block"},{"angle":285,"time":350.33334350586,"type":"block"},{"angle":315,"time":350.66665649414,"type":"block"},{"angle":0,"time":351,"type":"block"},{"angle":30,"time":351.33334350586,"type":"block"},{"angle":60,"time":351.66665649414,"type":"block"},{"angle":75,"time":352,"type":"block"},{"angle":60,"time":352.16665649414,"type":"block"},{"angle":45,"time":352.33334350586,"type":"block"},{"angle":30,"time":352.5,"type":"block"},{"angle":15,"time":352.66665649414,"type":"block"},{"angle":0,"time":352.83334350586,"type":"block"},{"angle":315,"time":361,"type":"block"},{"angle":337.5,"time":361,"type":"block"},{"angle":22.5,"time":361.5,"type":"block"},{"angle":45,"time":361.5,"type":"block"},{"angle":337.5,"time":362,"type":"block"},{"angle":315,"time":362,"type":"block"},{"angle":270,"time":362.5,"type":"block"},{"angle":247.5,"time":362.5,"type":"block"},{"angle":202.5,"time":363,"type":"block"},{"angle":180,"time":363,"type":"block"},{"angle":135,"time":363.5,"type":"block"},{"angle":112.5,"time":363.5,"type":"block"},{"angle":45,"time":364,"type":"block"},{"angle":67.5,"time":364,"type":"block"},{"angle":45,"time":364.25,"type":"block"},{"angle":22.5,"time":364.5,"type":"block"},{"angle":45,"time":364.5,"type":"block"},{"angle":22.5,"time":364.75,"type":"block"},{"angle":0,"time":365,"type":"block"},{"angle":22.5,"time":365,"type":"block"},{"angle":315,"time":365.5,"type":"block"},{"angle":22.5,"time":366,"type":"block"},{"angle":292.5,"time":365.5,"type":"block"},{"holdEase":"inSine","angle2":0,"duration":3,"time":366,"angle":360,"type":"hold"},{"angle":247.5,"time":367,"type":"block"},{"angle":180,"time":367.5,"type":"block"},{"angle":112.5,"time":368,"type":"block"},{"holdEase":"inSine","angle2":630,"duration":4.5,"time":369,"angle":337.5,"type":"hold"},{"angle":315,"time":369.5,"type":"block"},{"angle":360,"time":370,"type":"block"},{"angle":22.5,"time":370.25,"type":"block"},{"angle":45,"time":370.5,"type":"block"},{"angle":67.5,"time":370.75,"type":"block"},{"angle":90,"time":371,"type":"block"},{"angle":112.5,"time":371.5,"type":"block"},{"angle":157.5,"time":372,"type":"block"},{"angle":180,"time":372.25,"type":"block"},{"angle":202.5,"time":372.5,"type":"block"},{"angle":225,"time":372.75,"type":"block"},{"angle":247.5,"time":373,"type":"block"},{"angle":292.5,"time":373.5,"type":"block"},{"holdEase":"inQuad","angle2":112.5,"duration":3,"time":374,"angle":315,"type":"hold"},{"angle":337.5,"time":374.5,"type":"block"},{"angle":225,"time":375.5,"type":"block"},{"angle":180,"time":376,"type":"block"},{"angle":247.5,"time":375,"type":"block"},{"angle":90,"time":377,"type":"block"},{"angle":45,"time":377.5,"type":"block"},{"angle":22.5,"time":377.5,"type":"block"},{"angle":112.5,"time":377,"type":"block"},{"angle":337.5,"time":378,"type":"block"},{"angle":315,"time":378,"type":"block"},{"angle":270,"time":378.5,"type":"block"},{"angle":247.5,"time":378.5,"type":"block"},{"angle":202.5,"time":379,"type":"block"},{"angle":180,"time":379,"type":"block"},{"angle":247.5,"time":379.5,"type":"block"},{"angle":270,"time":379.5,"type":"block"},{"angle":315,"time":380,"type":"block"},{"angle":337.5,"time":380,"type":"block"},{"angle":360,"time":380.25,"type":"block"},{"angle":337.5,"time":380.25,"type":"block"},{"angle":45,"time":380.5,"type":"block"},{"angle":22.5,"time":380.5,"type":"block"},{"angle":337.5,"time":380.75,"type":"block"},{"angle":360,"time":380.75,"type":"block"},{"angle":315,"time":381,"type":"block"},{"angle":337.5,"time":381,"type":"block"},{"angle":270,"time":381.5,"type":"block"},{"angle":247.5,"time":381.5,"type":"block"},{"holdEase":"inSine","angle2":697.5,"duration":2.5,"time":382,"angle":315,"type":"hold"},{"angle":337.5,"time":382,"type":"block"},{"angle":90,"time":383,"type":"block"},{"angle":180,"time":383.5,"type":"block"},{"angle":292.5,"time":384,"type":"block"},{"holdEase":"linear","angle2":-337.5,"duration":5,"time":385,"angle":22.5,"type":"hold"},{"angle":315,"time":385.5,"type":"block"},{"angle":337.5,"time":386,"type":"block"},{"angle":270,"time":386.25,"type":"block"},{"angle":247.5,"time":386.5,"type":"block"},{"angle":225,"time":386.75,"type":"block"},{"angle":202.5,"time":387,"type":"block"},{"angle":225,"time":387.5,"type":"block"},{"angle":202.5,"time":388,"type":"block"},{"angle":157.5,"time":388.25,"type":"block"},{"angle":90,"time":388.75,"type":"block"},{"angle":112.5,"time":388.5,"type":"block"},{"angle":67.5,"time":389,"type":"block"},{"angle":45,"time":389.5,"type":"block"},{"holdEase":"inSine","angle2":-22.5,"duration":0.75,"time":390,"angle":67.5,"type":"hold"},{"angle":360,"time":391,"type":"block"},{"angle":330,"time":391.16665649414,"type":"block"},{"angle":300,"time":391.33334350586,"type":"block"},{"angle":270,"time":391.5,"type":"block"},{"angle":240,"time":391.66665649414,"type":"block"},{"angle":270,"time":391.83334350586,"type":"block"},{"angle":240,"time":392,"type":"block"},{"angle":210,"time":392.16665649414,"type":"block"},{"angle":180,"time":392.33334350586,"type":"block"},{"angle":150,"time":392.5,"type":"block"},{"angle":180,"time":392.66665649414,"type":"block"},{"angle":150,"time":392.83334350586,"type":"block"},{"angle":90,"time":393,"type":"block"},{"angle":60,"time":393,"type":"block"},{"angle":0,"time":393.5,"type":"block"},{"angle":330,"time":393.5,"type":"block"},{"angle":270,"time":394,"type":"block"},{"angle":240,"time":394,"type":"block"},{"angle":150,"time":394.5,"type":"block"},{"angle":180,"time":394.5,"type":"block"},{"angle":90,"time":395,"type":"block"},{"angle":60,"time":395,"type":"block"},{"angle":330,"time":395.5,"type":"block"},{"angle":360,"time":395.5,"type":"block"},{"angle":60,"time":396,"type":"block"},{"angle":90,"time":396,"type":"block"},{"angle":150,"time":396.5,"type":"block"},{"angle":180,"time":396.5,"type":"block"},{"angle":120,"time":396.25,"type":"block"},{"angle":210,"time":396.75,"type":"block"},{"angle":240,"time":397,"type":"block"},{"angle":270,"time":397,"type":"block"},{"angle":330,"time":397.5,"type":"block"},{"angle":360,"time":397.5,"type":"block"},{"angle":270,"angle2":420,"duration":3,"time":398,"type":"hold"},{"angle":240,"time":398,"type":"block"},{"segments":1,"angle":300,"time":399,"duration":0.125,"angle2":330,"type":"hold"},{"segments":1,"angle":330,"time":399.5,"duration":0.125,"angle2":360,"type":"hold"},{"segments":1,"angle":345,"time":399.75,"duration":0.125,"angle2":375,"type":"hold"},{"segments":1,"angle":360,"time":399.875,"duration":0.125,"angle2":390,"type":"hold"},{"segments":1,"angle":30,"time":400,"duration":0.125,"angle2":15,"type":"hold"},{"segments":1,"angle":15,"time":400.25,"duration":0.125,"angle2":30,"type":"hold"},{"segments":1,"angle":45,"time":400.5,"duration":0.125,"angle2":30,"type":"hold"},{"angle":30,"angle2":45,"duration":0.125,"time":400.75,"type":"hold"},{"angle":45,"time":400.875,"duration":0.125,"angle2":60,"type":"hold"},{"segments":1,"angle":315,"time":399.25,"duration":0.125,"angle2":345,"type":"hold"},{"angle":0,"time":404,"type":"block"},{"angle":330,"time":404,"type":"block"},{"angle":30,"time":404.25,"type":"block"},{"angle":0,"time":404.25,"type":"block"},{"angle":60,"time":404.5,"type":"block"},{"angle":30,"time":404.5,"type":"block"},{"angle":30,"time":404.75,"type":"block"},{"angle":0,"time":404.75,"type":"block"},{"angle":300,"time":407.33334350586,"type":"block"},{"angle":15,"time":408,"type":"block"},{"angle":360,"time":408.33334350586,"type":"block"},{"angle":345,"time":408.66665649414,"type":"block"},{"angle":90,"time":401,"type":"block"},{"angle":60,"time":401.5,"type":"block"},{"angle":30,"time":401.5,"type":"block"},{"angle":0,"time":402,"type":"block"},{"angle":330,"time":402,"type":"block"},{"angle":300,"time":402.5,"type":"block"},{"angle":270,"time":402.5,"type":"block"},{"angle":300,"time":403,"type":"block"},{"angle":330,"time":403,"type":"block"},{"angle":60,"time":403.5,"type":"block"},{"angle":30,"time":403.5,"type":"block"},{"angle":360,"angle2":360,"duration":0.0625,"time":405,"type":"hold"},{"angle":0,"angle2":0,"duration":0.0625,"time":405.125,"type":"hold"},{"angle":330,"time":405.8125,"duration":0.0625,"angle2":330,"type":"hold"},{"angle":-30,"angle2":-30,"duration":0.0625,"time":405.9375,"type":"hold"},{"angle":360,"time":406.5625,"duration":0.0625,"angle2":360,"type":"hold"},{"angle":0,"angle2":0,"duration":0.0625,"time":406.6875,"type":"hold"},{"angle":330,"time":407,"type":"block"},{"angle":270,"time":407.66665649414,"type":"block"},{"angle":45,"time":409,"type":"block"},{"angle":360,"time":409,"type":"block"},{"angle":360,"time":409.5,"type":"block"},{"angle":315,"time":409.5,"type":"block"},{"angle":0,"time":410,"type":"block"},{"angle":45,"time":410,"type":"block"},{"angle":0,"time":410.5,"type":"block"},{"angle":315,"time":410.5,"type":"block"},{"angle":0,"time":411,"type":"block"},{"angle":45,"time":411,"type":"block"},{"angle":45,"time":411.5,"type":"block"},{"angle":90,"time":411.5,"type":"block"},{"angle":90,"time":412,"type":"block"},{"angle":45,"time":412,"type":"block"},{"angle":67.5,"time":412.25,"type":"block"},{"angle":22.5,"time":412.25,"type":"block"},{"angle":45,"time":412.5,"type":"block"},{"angle":0,"time":412.5,"type":"block"},{"angle":22.5,"time":412.75,"type":"block"},{"angle":337.5,"time":412.75,"type":"block"},{"angle":0,"time":413,"type":"block"},{"angle":315,"time":413,"type":"block"},{"angle":0,"time":413.5,"type":"block"},{"angle":45,"time":413.5,"type":"block"},{"angle":0,"time":414,"type":"block"},{"angle":315,"time":414,"type":"block"},{"angle":270,"time":414.5,"type":"block"},{"angle":225,"time":414.5,"type":"block"},{"angle":540,"angle2":540,"duration":0.0625,"time":415.0625,"type":"hold"},{"angle":180,"angle2":180,"duration":0.0625,"time":415.1875,"type":"hold"},{"angle":570,"time":415.3125,"duration":0.0625,"angle2":570,"type":"hold"},{"angle":210,"angle2":210,"duration":0.0625,"time":415.4375,"type":"hold"},{"angle":540,"time":415.5625,"duration":0.0625,"angle2":540,"type":"hold"},{"angle":180,"angle2":180,"duration":0.0625,"time":415.6875,"type":"hold"},{"angle":510,"time":415.8125,"duration":0.0625,"angle2":510,"type":"hold"},{"angle":150,"angle2":150,"duration":0.0625,"time":415.9375,"type":"hold"},{"angle":540,"angle2":540,"duration":0.0625,"time":416.0625,"type":"hold"},{"angle":180,"angle2":180,"duration":0.0625,"time":416.1875,"type":"hold"},{"angle":570,"time":416.3125,"duration":0.0625,"angle2":570,"type":"hold"},{"angle":210,"angle2":210,"duration":0.0625,"time":416.4375,"type":"hold"},{"angle":540,"time":416.5625,"duration":0.0625,"angle2":540,"type":"hold"},{"angle":180,"angle2":180,"duration":0.0625,"time":416.6875,"type":"hold"},{"angle":510,"time":416.8125,"duration":0.0625,"angle2":510,"type":"hold"},{"angle":150,"angle2":150,"duration":0.0625,"time":416.9375,"type":"hold"},{"angle":180,"time":417,"type":"block"},{"angle":210,"time":417.125,"type":"block"},{"angle":180,"time":417.25,"type":"block"},{"angle":150,"time":417.375,"type":"block"},{"angle":180,"time":417.75,"type":"block"},{"angle":210,"time":417.625,"type":"block"},{"angle":150,"time":417.875,"type":"block"},{"angle":180,"time":417.5,"type":"block"},{"angle":210,"time":418,"type":"block"},{"angle":240,"time":418.125,"type":"block"},{"angle":210,"time":418.25,"type":"block"},{"angle":180,"time":418.375,"type":"block"},{"angle":210,"time":418.75,"type":"block"},{"angle":240,"time":418.625,"type":"block"},{"angle":180,"time":418.875,"type":"block"},{"angle":210,"time":418.5,"type":"block"},{"angle":240,"time":419,"type":"block"},{"angle":270,"time":419.125,"type":"block"},{"angle":240,"time":419.25,"type":"block"},{"angle":210,"time":419.375,"type":"block"},{"angle":240,"time":419.75,"type":"block"},{"angle":270,"time":419.625,"type":"block"},{"angle":210,"time":419.875,"type":"block"},{"angle":240,"time":419.5,"type":"block"},{"angle":270,"time":420,"type":"block"},{"angle":300,"time":420.125,"type":"block"},{"angle":270,"time":420.25,"type":"block"},{"angle":240,"time":420.375,"type":"block"},{"angle":270,"time":420.75,"type":"block"},{"angle":300,"time":420.625,"type":"block"},{"angle":240,"time":420.875,"type":"block"},{"angle":270,"time":420.5,"type":"block"},{"angle":270,"time":421,"tap":true,"type":"block"},{"angle":300,"time":421,"tap":true,"type":"block"},{"angle":150,"time":421.75,"tap":true,"type":"block"},{"angle":180,"time":421.75,"tap":true,"type":"block"},{"angle":60,"time":422.5,"tap":true,"type":"block"},{"angle":30,"time":422.5,"tap":true,"type":"block"},{"segments":4,"angle":0,"angle2":-360,"duration":2,"time":423,"spinEase":"inElastic","type":"hold"},{"holdEase":"inSine","angle2":-360,"duration":2,"time":423,"angle":0,"type":"hold"},{"holdEase":"outSine","angle2":-360,"duration":2,"time":423,"angle":0,"type":"hold"},{"angle":360,"angle2":360,"duration":12,"time":425,"type":"hold"}]