[{"time":-2.5,"angle":270,"type":"block"},{"time":-2.375,"angle":281.25,"type":"block"},{"type":"hold","duration":1,"time":-2,"endAngle":292.5,"holdEase":"inSine","angle2":360,"angle":292.5},{"type":"hold","duration":1,"time":-1,"endAngle":360,"holdEase":"outSine","angle2":146.25,"angle":360},{"type":"hold","duration":1.1875,"time":0,"endAngle":146.25,"holdEase":"inSine","angle2":337.5,"angle":146.25},{"startTap":true,"endTap":true,"holdEase":"inOutSine","angle2":697.24645996094,"type":"hold","time":1.1875,"duration":1.3125,"angle":337.24642944336},{"time":4.625,"angle":337.5,"type":"extraTap"},{"time":5.125,"angle":337.5,"type":"extraTap"},{"time":5.625,"angle":337.5,"type":"extraTap"},{"angle":315,"time":7,"endTap":false,"duration":8,"angle2":1035,"type":"hold"},{"time":4.625,"angle":303.75,"type":"block"},{"time":4.625,"angle":292.5,"type":"block"},{"time":5.125,"angle":22.5,"type":"block"},{"time":5.125,"angle":45,"type":"block"},{"time":5.5625,"angle":101.25,"type":"block"},{"time":5.5625,"angle":123.75,"type":"block"},{"time":9.25,"angle":156.49749755859,"type":"block"},{"time":9.4375,"angle":174.98338317871,"type":"block"},{"time":9.625,"angle":192.37858581543,"type":"block"},{"time":11.9375,"angle":39.967506408691,"type":"block"},{"time":11.75,"angle":23.309818267822,"type":"block"},{"time":12.0625,"angle":51.074996948242,"type":"block"},{"time":12.5,"angle":90.698425292969,"type":"block"},{"time":13.1875,"angle":151.37406921387,"type":"block"},{"time":14.75,"angle":291.97299194336,"type":"block"},{"time":13.6875,"angle":198.03396606445,"type":"block"},{"time":14.875,"angle":305.03796386719,"type":"block"},{"time":10.0625,"angle":231.19491577148,"type":"block"},{"time":10.25,"angle":247.8203125,"type":"block"},{"time":14.375,"angle":259.70150756836,"type":"block"},{"time":16.625,"angle":287.09008789063,"type":"block"},{"time":16.75,"angle":316.31292724609,"type":"block"},{"time":16.875,"angle":339.59069824219,"type":"block"},{"time":17.75,"angle":105.26263427734,"type":"inverse"},{"time":17.875,"angle":123.78385162354,"type":"inverse"},{"time":18,"angle":143.46089172363,"type":"inverse"},{"time":18.8125,"angle":80.439903259277,"type":"block"},{"time":18.9375,"angle":63.593223571777,"type":"block"},{"time":19.125,"angle":51.110492706299,"type":"block"},{"time":20.0625,"angle":232.94514465332,"type":"inverse"},{"time":20.25,"angle":246.46420288086,"type":"inverse"},{"time":20.375,"angle":260.06359863281,"type":"inverse"},{"time":21.5,"angle":258.72439575195,"duration":1,"angle2":262.54702758789,"type":"hold"},{"time":21.25,"angle":233.57844543457,"type":"block"},{"time":21.375,"angle":247.30490112305,"type":"inverse"},{"time":22.5,"angle":262.52453613281,"duration":0.5,"angle2":287.52453613281,"type":"hold"},{"time":23,"angle":287.62139892578,"duration":0.8125,"angle2":350.1335144043,"type":"hold"},{"time":23.8125,"angle":350.35122680664,"duration":0.8125,"angle2":350.35122680664,"type":"hold"},{"time":24.625,"angle":350.34872436523,"duration":0.125,"angle2":323.12902832031,"type":"hold"},{"time":24.75,"angle":323.31637573242,"duration":0.061999998986721,"angle2":295.95254516602,"type":"hold"},{"time":24.8125,"angle":296.04022216797,"duration":0.8125,"angle2":246.04022216797,"type":"hold"},{"time":25.625,"angle":245.3885345459,"duration":0.375,"angle2":245.3885345459,"type":"hold"},{"time":26,"angle":246.51402282715,"duration":2.125,"angle2":359.51403808594,"type":"hold"},{"time":28.125,"angle":359.396484375,"duration":0.0625,"angle2":379.396484375,"type":"hold"},{"time":28.1875,"angle":19.26841545105,"duration":0.0625,"angle2":41.268417358398,"type":"hold"},{"time":28.25,"angle":41.345653533936,"duration":1.25,"angle2":41.345653533936,"type":"hold"},{"type":"hold","time":29.5,"duration":0.5,"holdEase":"inSine","angle2":69.65625,"angle":41.656246185303},{"type":"hold","time":30,"duration":0.5,"holdEase":"outSine","angle2":41.734306335449,"angle":69.734306335449},{"time":30.5,"angle":42.066841125488,"duration":4,"angle2":201.06683349609,"type":"hold"},{"time":31,"angle":60.004585266113,"type":"block"},{"time":34.1875,"angle":182.21241760254,"type":"inverse"},{"time":32.125,"angle":109.88433837891,"type":"inverse"},{"time":32.4375,"angle":141.19110107422,"type":"inverse"},{"time":33,"angle":159.64390563965,"type":"inverse"},{"time":34.3125,"angle":193.51002502441,"type":"inverse"},{"time":34.5,"angle":200.80073547363,"type":"inverse"},{"type":"hold","time":35.625,"duration":1.875,"holdEase":"inSine","angle2":231.0309753418,"angle":215.0309753418},{"time":37.5,"angle":230.91537475586,"duration":0.1875,"angle2":237.91537475586,"type":"hold"},{"time":37.6875,"angle":237.65255737305,"duration":0.125,"angle2":253.90791320801,"type":"hold"},{"time":37.8125,"angle":253.27294921875,"duration":1.125,"angle2":253.12181091309,"type":"hold"},{"time":38.9375,"angle":253.11967468262,"duration":0.25,"angle2":272.11968994141,"type":"hold"},{"time":39.1875,"angle":272.11865234375,"duration":0.4375,"angle2":257.11865234375,"type":"hold"},{"time":40.0625,"angle":274.61865234375,"duration":2.5625,"angle2":180,"type":"hold"},{"time":39.625,"angle":257.55490112305,"duration":0.4375,"angle2":274.55490112305,"type":"hold"},{"time":42.625,"angle":180,"type":"extraTap"},{"time":43,"angle":180.53712463379,"type":"extraTap"},{"time":43.5,"angle":180.12911987305,"type":"extraTap"},{"time":43,"angle":104.17806243896,"type":"block"},{"time":43,"angle":93.273918151855,"type":"block"},{"time":43,"angle":98.389572143555,"type":"block"},{"time":43.5,"angle":5.1223845481873,"type":"block"},{"time":43.5,"angle":359.5615234375,"type":"block"},{"time":43.5,"angle":352.31155395508,"type":"block"},{"time":44.75,"angle":219.8484954834,"duration":0.0625,"angle2":177.8484954834,"type":"hold"},{"time":44.8125,"angle":177.78930664063,"duration":0.125,"angle2":138.99279785156,"type":"hold"},{"time":44.9375,"angle":138.98417663574,"duration":2,"angle2":138.98417663574,"type":"hold"},{"time":46.9375,"angle":138.89218139648,"duration":0.0625,"angle2":109.89218139648,"type":"hold"},{"time":47,"angle":109.57312774658,"duration":0.125,"angle2":82.573127746582,"type":"hold"},{"time":47.125,"angle":82.469520568848,"duration":0.4375,"angle2":82.469520568848,"type":"hold"},{"time":47.5625,"angle":82.374969482422,"duration":2.125,"angle2":82.374969482422,"type":"hold"},{"time":47.75,"angle":100.56864929199,"duration":1.6875,"angle2":100.56864929199,"type":"hold"},{"time":47.75,"angle":117.97449493408,"duration":1.8125,"angle2":118.62657165527,"type":"hold"},{"type":"hold","time":49.6875,"duration":0.5,"holdEase":"inQuad","angle2":70.179977416992,"angle":82.179977416992},{"type":"hold","time":50.1875,"duration":0.5625,"holdEase":"inOutSine","angle2":55.426872253418,"angle":70.426872253418},{"time":50.75,"angle":55.465339660645,"duration":0.6875,"angle2":70.465339660645,"type":"hold"},{"time":51.4375,"angle":70.318649291992,"duration":0.625,"angle2":70.318649291992,"type":"hold"},{"time":52.0625,"angle":70.632652282715,"duration":0.1875,"angle2":86.632652282715,"type":"hold"},{"time":52.4375,"angle":100.67130279541,"duration":0.125,"angle2":110.4020690918,"type":"hold"},{"time":52.25,"angle":86.623062133789,"duration":0.3125,"angle2":110.54919433594,"type":"hold"},{"time":52.5625,"angle":110.78981781006,"duration":1.4375,"angle2":110.78981781006,"type":"hold"},{"time":54,"angle":110.89894104004,"type":"block"},{"time":54.125,"angle":98.507987976074,"type":"block"},{"time":54.25,"angle":85.056991577148,"type":"block"},{"time":55.5,"angle":282.97143554688,"type":"inverse"},{"time":55.375,"angle":267.14956665039,"type":"inverse"},{"time":55.25,"angle":251.45053100586,"type":"inverse"},{"time":56.5,"angle":263.42196655273,"type":"block"},{"time":56.625,"angle":291.0485534668,"type":"block"},{"time":56.75,"angle":312.21188354492,"type":"block"},{"time":57.5625,"angle":95.562568664551,"type":"inverse"},{"time":57.6875,"angle":74.563949584961,"type":"inverse"},{"time":57.875,"angle":50.47439956665,"type":"inverse"},{"time":7.125,"angle":325.54583740234,"type":"block"},{"time":7.25,"angle":337.62866210938,"type":"block"},{"time":58.8125,"angle":11.391460418701,"type":"block"},{"time":58.6875,"angle":25.379549026489,"type":"block"},{"time":59,"angle":359.52041625977,"duration":2.375,"angle2":-3.3959617614746,"type":"hold"},{"time":60.3125,"angle":161.1088104248,"duration":0.5625,"angle2":49.108810424805,"type":"hold"},{"type":"hold","time":61.375,"duration":1,"holdEase":"inSine","angle2":-10.715301513672,"angle":356.28469848633},{"type":"hold","time":62.125,"duration":0.125,"holdEase":"inQuint","angle2":55.821838378906,"angle":-234.86946105957},{"time":63,"angle":45,"duration":0.5,"angle2":45,"type":"hold"},{"time":63.5,"angle":45,"duration":2,"angle2":0,"type":"hold"},{"type":"hold","time":65.9375,"duration":0.125,"holdEase":"inSine","angle2":135,"angle":157.5},{"type":"hold","time":66.0625,"duration":0.125,"holdEase":"inSine","angle2":123.75,"angle":135},{"time":66.1875,"angle":123.75,"duration":0.6875,"angle2":157.5,"type":"hold"},{"type":"hold","time":66.875,"duration":0.125,"holdEase":"inSine","angle2":146.25,"angle":157.5},{"type":"hold","time":67,"duration":0.125,"holdEase":"inSine","angle2":135,"angle":146.25},{"type":"hold","time":67.125,"duration":0.5,"holdEase":"inOutCubic","angle2":63.105514526367,"angle":135.10551452637},{"type":"hold","time":67.625,"duration":0.75,"holdEase":"inOutCubic","angle2":103.03428649902,"angle":63.034286499023},{"time":68.375,"angle":103.31246185303,"duration":0.875,"angle2":157.30035400391,"type":"hold"},{"time":69.25,"angle":157.56874084473,"duration":0.6875,"angle2":180.3568572998,"type":"hold"},{"time":69.9375,"angle":180,"duration":0.5625,"angle2":182,"type":"hold"},{"time":70.5,"angle":182.11935424805,"duration":2,"angle2":0.11935424804688,"type":"hold"},{"time":72.875,"angle":262.86917114258,"type":"block"},{"time":73,"angle":279.10974121094,"type":"block"},{"type":"hold","duration":1,"time":73.125,"endAngle":289,"holdEase":"outBack","angle2":360,"angle":289.64428710938},{"type":"hold","time":74.125,"duration":1.5,"holdEase":"inBack","angle2":180,"angle":360},{"type":"hold","time":75.625,"duration":1.25,"holdEase":"inBack","angle2":360,"angle":179.67642211914},{"type":"hold","time":76.875,"endTap":true,"duration":3.5,"holdEase":"inBack","angle2":180,"angle":360},{"time":78.125,"angle":355.45077514648,"type":"extraTap"},{"time":80.5625,"tap":true,"angle":180,"type":"block"},{"time":80.875,"tap":true,"angle":180.91812133789,"type":"block"},{"time":81.1875,"tap":true,"angle":182.05029296875,"type":"block"},{"time":80.375,"tap":true,"angle":179.75584411621,"type":"block"},{"time":82.6875,"angle":182.63122558594,"duration":1.5,"angle2":182.63122558594,"type":"hold"},{"time":82.1875,"angle":190.47839355469,"type":"block"},{"time":83.4375,"angle":195.68569946289,"type":"block"},{"time":83.5625,"angle":186.51272583008,"type":"block"},{"time":83.6875,"angle":175.65310668945,"type":"block"},{"time":84.875,"angle":94.223403930664,"duration":1.5,"angle2":94.223403930664,"type":"hold"},{"time":85.6875,"angle":104.51282501221,"type":"block"},{"time":85.8125,"angle":94.146224975586,"type":"block"},{"time":85.9375,"angle":83.719703674316,"type":"block"},{"time":87.5,"angle":270.41717529297,"duration":1.5,"angle2":270.41717529297,"type":"hold"},{"time":88.5,"angle":276.27423095703,"type":"block"},{"time":88.375,"angle":270.47933959961,"type":"block"},{"time":88.25,"angle":263.66781616211,"type":"block"},{"time":89.375,"angle":281.85464477539,"type":"block"},{"time":89.625,"angle":298.07247924805,"type":"block"},{"time":92.0625,"angle":179.05772399902,"duration":1.5,"angle2":179.05772399902,"type":"hold"},{"time":89.6875,"angle":342.80447387695,"duration":2.375,"angle2":205.80447387695,"type":"mineHold"},{"time":89.6875,"angle":23.317708969116,"duration":2.375,"angle2":-109.68228912354,"type":"mineHold"},{"time":89.6875,"angle":67.089065551758,"duration":2.375,"angle2":-57.910934448242,"type":"mineHold"},{"time":89.6875,"angle":111.68157196045,"duration":2.375,"angle2":-9.3184280395508,"type":"mineHold"},{"time":89.6875,"angle":153.5124206543,"duration":2.375,"angle2":32.512420654297,"type":"mineHold"},{"time":89.6875,"angle":188.95056152344,"duration":2.375,"angle2":64.950561523438,"type":"mineHold"},{"time":89.6875,"angle":222.01803588867,"duration":2.375,"angle2":114.01803588867,"type":"mineHold"},{"time":89.6875,"angle":256.2370300293,"duration":2.375,"angle2":157.2370300293,"type":"mineHold"},{"time":92.8125,"angle":188.01371765137,"type":"block"},{"time":92.9375,"angle":178.44792175293,"type":"block"},{"time":93.0625,"angle":170.73387145996,"type":"block"},{"time":94.25,"angle":88.278953552246,"duration":1.375,"angle2":88.278953552246,"type":"hold"},{"time":95,"angle":101.37921142578,"type":"block"},{"time":95.125,"angle":88.398139953613,"type":"block"},{"time":95.25,"angle":78.678184509277,"type":"block"},{"time":96.625,"type":"hold","duration":3.5,"angle2":269.23611450195,"angle":269.23611450195},{"time":97.5,"angle":263.31637573242,"type":"block"},{"time":97.625,"angle":269.40377807617,"type":"block"},{"time":97.75,"angle":273.60000610352,"type":"block"},{"time":98.375,"angle":262.79998779297,"type":"block"},{"time":98.8125,"angle":281.28244018555,"type":"block"},{"time":98.9375,"angle":269.14529418945,"type":"block"},{"type":"hold","time":101,"duration":0.1875,"spinEase":"inSine","angle2":117.62437438965,"angle":143.62437438965},{"time":101.1875,"angle":117.76661682129,"duration":0.1875,"angle2":95.766616821289,"type":"hold"},{"time":101.375,"angle":96.035667419434,"duration":7.625,"angle2":-1017.9643554688,"type":"hold"},{"time":103.375,"angle":163.65982055664,"type":"block"},{"time":103.5,"angle":145.37515258789,"type":"block"},{"time":103.625,"angle":127.07307434082,"type":"block"},{"time":103.75,"angle":107.79847717285,"type":"block"},{"time":103.875,"angle":90.651870727539,"type":"block"},{"time":105.75,"angle":176.23596191406,"type":"block"},{"time":105.875,"angle":157.71208190918,"type":"block"},{"time":106,"type":"hold","duration":0.5625,"angle2":58.057907104492,"angle":140.05790710449},{"time":106.5625,"type":"hold","duration":0.5,"angle2":-15.003875732422,"angle":57.996128082275},{"time":107.0625,"type":"hold","duration":0.5,"angle2":272.00491333008,"angle":345.00491333008},{"time":107.5625,"angle":271.86544799805,"duration":0.75,"angle2":162.86544799805,"type":"hold"},{"time":110.25,"angle":133.08375549316,"type":"block"},{"time":110.4375,"angle":107.96366882324,"type":"block"},{"time":110.5625,"angle":90.702117919922,"type":"block"},{"time":111,"type":"hold","duration":0.75,"angle2":44.473411560059,"angle":44.473411560059},{"time":111,"type":"hold","duration":0.75,"angle2":100.71800231934,"angle":100.71836090088},{"time":110.8125,"angle":73.071998596191,"duration":0.1875,"angle2":44.644432067871,"type":"hold"},{"time":110.8125,"angle":73.071998596191,"duration":0.1875,"angle2":100.76078796387,"type":"hold"},{"time":111.75,"angle":44.303005218506,"duration":0.125,"angle2":54.303005218506,"type":"hold"},{"time":111.75,"type":"hold","duration":0.125,"angle2":111.07447052002,"angle":101.07447052002},{"time":111.875,"angle":54.204040527344,"duration":0.125,"angle2":64.204040527344,"type":"hold"},{"time":111.875,"type":"hold","duration":0.125,"angle2":121.08990478516,"angle":111.08990478516},{"time":112,"angle":64.144454956055,"duration":0.1875,"angle2":74.144454956055,"type":"hold"},{"time":112,"angle":121.1028213501,"duration":0.1875,"angle2":131.1028137207,"type":"hold"},{"time":112.1875,"type":"hold","duration":0.125,"angle2":84.184600830078,"angle":73.702514648438},{"time":112.1875,"angle":130.38265991211,"duration":0.125,"angle2":141.38265991211,"type":"hold"},{"time":112.3125,"type":"hold","duration":0.125,"angle2":74.38557434082,"angle":84.38557434082},{"time":112.3125,"type":"hold","duration":0.125,"angle2":131.25033569336,"angle":141.25033569336},{"time":112.4375,"type":"hold","duration":0.125,"angle2":64.461471557617,"angle":74.461471557617},{"time":112.4375,"type":"hold","duration":0.125,"angle2":121.23596191406,"angle":131.23596191406},{"time":112.5625,"angle":64.600692749023,"duration":0.125,"angle2":54.600692749023,"type":"hold"},{"time":112.5625,"type":"hold","duration":0.125,"angle2":110.96374511719,"angle":120.96375274658},{"time":112.6875,"type":"hold","duration":0.125,"angle2":44.462322235107,"angle":54.462322235107},{"time":112.6875,"type":"hold","duration":0.125,"angle2":100.82521820068,"angle":110.82521820068},{"time":112.8125,"type":"hold","duration":0.1875,"angle2":34.63737487793,"angle":44.63737487793},{"time":112.8125,"angle":100.86655426025,"duration":0.1875,"angle2":90.866554260254,"type":"hold"},{"time":113,"type":"hold","duration":0.5,"angle2":91.332221984863,"angle":91.332221984863},{"time":113,"angle":34.567001342773,"duration":1.0625,"angle2":34.566654205322,"type":"hold"},{"time":113.5,"angle":91.340003967285,"duration":0.6875,"angle2":91.340003967285,"type":"hold"},{"time":114.0625,"type":"hold","duration":0.4375,"angle2":34.684841156006,"angle":34.684841156006},{"time":114.1875,"type":"hold","duration":1.1875,"angle2":91.25707244873,"angle":91.25707244873},{"time":114.375,"angle":34.449745178223,"duration":1,"angle2":34.449745178223,"type":"hold"},{"time":115.375,"type":"hold","duration":5,"angle2":-30,"angle":34.24401473999},{"time":115.375,"type":"hold","duration":5,"angle2":30,"angle":91.705001831055},{"time":120.375,"angle":30.124317169189,"duration":0.25,"angle2":0,"type":"hold"},{"time":120.375,"angle":329.67639160156,"duration":0.25,"angle2":360,"type":"hold"},{"time":120.625,"angle":0.30639162659645,"duration":1,"angle2":0.30639162659645,"type":"hold"},{"angle":0.32740089297295,"time":121.625,"endTap":true,"duration":5.6875,"angle2":542.32739257813,"type":"hold"},{"time":122.5,"angle":83.927543640137,"type":"extraTap"},{"time":121.625,"angle":18.86358833313,"type":"extraTap"},{"time":123.75,"angle":201.94869995117,"type":"extraTap"},{"time":124.75,"angle":181.33221435547,"type":"extraTap"},{"time":120.375,"angle":317.0387878418,"type":"extraTap"},{"time":127.3125,"angle":199.7671661377,"type":"extraTap"},{"time":127.6875,"angle":200.82521057129,"type":"extraTap"},{"time":128.0625,"angle":204.61885070801,"type":"extraTap"},{"time":127.3125,"tap":true,"angle":189.82629394531,"type":"block"},{"time":127.3125,"tap":true,"angle":173.29016113281,"type":"block"},{"time":127.6875,"tap":true,"angle":187.9493560791,"type":"block"},{"time":127.6875,"tap":true,"angle":172.90748596191,"type":"block"},{"time":127.6875,"tap":true,"angle":160.91583251953,"type":"block"},{"time":128.0625,"tap":true,"angle":191.01710510254,"type":"block"},{"time":128.0625,"tap":true,"angle":177.00035095215,"type":"block"},{"time":128.0625,"tap":true,"angle":161.16438293457,"type":"block"}]