{"properties":{"formatversion":12,"startBeat":0,"offset":10,"speed":170},"events":[{"bpm":100,"volume":1,"type":"play","time":-2.5,"file":"2-34. Fly, Kirby of the Stars.ogg","angle":360},{"time":-5,"color":3,"type":"setBgColor","angle":22.5},{"time":-5,"color":1,"enable":false,"angle":45,"type":"outline"},{"b":0,"color":1,"time":-5,"ease":"inSine","g":181,"type":"setColor","duration":2.5,"angle":67.5,"r":181},{"b":156,"color":0,"time":-5,"ease":"inSine","g":0,"type":"setColor","duration":2.5,"angle":292.5,"r":0},{"time":-5,"enable":true,"type":"hom","angle":337.5},{"chance":0.50000023841858,"time":-5,"color":3,"angle":315,"type":"noise"},{"b":100,"color":3,"time":-5,"ease":"inSine","g":0,"type":"setColor","duration":2.5,"angle":360,"r":0},{"drawLayer":"bg","drawOrder":0,"angle":270,"time":-5,"ease":"inOutSine","duration":2,"id":"0","type":"deco"},{"ease":"linear","newWidth":360,"time":61.625,"angle":122.17752075195,"duration":0.5,"paddle":1,"type":"paddles"},{"ease":"linear","newWidth":70,"time":62.375,"angle":348.55239868164,"duration":0.5,"paddle":1,"type":"paddles"},{"ease":"linear","newWidth":5,"time":89.625,"angle":312.92691040039,"duration":0.75,"paddle":1,"type":"paddles"},{"angle":190.49147033691,"newWidth":70,"time":91.9375,"ease":"linear","duration":1.625,"paddle":0,"type":"paddles"},{"time":127.3125,"angle":181.63969421387,"type":"showResults"},{"time":110.8125,"spriteName":"wahhhh craky blew up wahhh.png","type":"forcePlayerSprite","angle":85.91438293457},{"b":255,"type":"setColor","time":110.8125,"color":0,"r":255,"g":255,"angle":180},{"b":255,"r":255,"g":255,"color":1,"time":110.8125,"type":"setColor","angle":163.48699951172},{"b":255,"r":255,"g":255,"color":3,"time":110.8125,"type":"setColor","angle":172.78262329102},{"b":156,"type":"setColor","time":111.0625,"color":0,"r":0,"g":0,"angle":61.990821838379},{"b":0,"type":"setColor","time":111.0625,"color":1,"r":181,"g":181,"angle":90},{"b":100,"r":0,"time":111.0625,"color":3,"angle":119.20640563965,"g":0,"type":"setColor"},{"time":110.8125,"angle":57.880310058594,"var":"p.bodyRadius","value":3,"type":"ease"},{"time":110.8125,"angle":43.152389526367,"var":"p.lookRadius","value":0,"type":"ease"},{"type":"paddles","enabled":false,"time":110.8125,"paddle":0,"duration":0,"ease":"linear","angle":134.81694030762},{"newAngle":30,"ease":"linear","type":"paddles","newWidth":35,"time":110.875,"enabled":true,"duration":0.1879999935627,"angle":128.58915710449,"paddle":2},{"newAngle":-30,"angle":116.21850585938,"type":"paddles","newWidth":35,"time":110.875,"enabled":true,"duration":0.1879999935627,"ease":"linear","paddle":3},{"time":110.8125,"type":"ease","var":"p.paddleDistance","value":35,"angle":148.37567138672},{"newAngle":0,"ease":"linear","type":"paddles","newWidth":70,"time":110.8125,"enabled":true,"duration":0,"angle":124.79295349121,"paddle":2},{"newAngle":0,"angle":110.89398956299,"type":"paddles","newWidth":70,"time":110.8125,"enabled":true,"duration":0,"ease":"linear","paddle":3},{"angle":45.314807891846,"time":110.5625,"duration":0.25,"var":"vfx.vglitch.strength","value":10,"type":"ease"},{"angle":64.128356933594,"time":110.5625,"duration":0.25,"var":"vfx.hglitch.strength","value":10,"type":"ease"},{"time":110.125,"type":"ease","var":"vfx.vglitch.resolution","value":1000,"angle":109.55199432373},{"time":110.125,"angle":79.627639770508,"var":"vfx.hglitch.resolution","value":1000,"type":"ease"},{"time":111.25,"angle":116.39247131348,"var":"vfx.vglitch.strength","value":0,"type":"ease"},{"time":111.25,"type":"ease","var":"vfx.hglitch.strength","value":0,"angle":107.03776550293},{"angle":48.9182472229,"time":119,"duration":1.375,"var":"vfx.vglitch.strength","value":10,"type":"ease"},{"angle":349.81338500977,"time":119,"duration":1.375,"var":"vfx.hglitch.strength","value":10,"type":"ease"},{"newAngle":0,"angle":304.83148193359,"type":"paddles","newWidth":70,"time":120.4375,"enabled":true,"duration":0.1875,"ease":"linear","paddle":1},{"newAngle":0,"enabled":true,"angle":296.96224975586,"newWidth":0,"time":120.375,"ease":"linear","duration":0,"type":"paddles","paddle":1},{"ease":"linear","newWidth":0,"time":120.375,"angle":282.14151000977,"duration":0.25,"paddle":2,"type":"paddles"},{"type":"paddles","enabled":false,"time":120.625,"paddle":2,"duration":0,"angle":338.31771850586,"ease":"linear"},{"type":"paddles","enabled":false,"time":120.625,"paddle":3,"duration":0,"ease":"linear","angle":327.45825195313},{"angle":269.10131835938,"newWidth":0,"time":120.375,"ease":"linear","duration":0.25,"paddle":3,"type":"paddles"},{"time":120.75,"angle":27.149681091309,"var":"vfx.vglitch.strength","value":2.5,"type":"ease"},{"time":120.75,"angle":53.711437225342,"var":"vfx.hglitch.strength","value":2.5,"type":"ease"},{"time":120.625,"type":"ease","var":"p.bodyRadius","value":20,"angle":30.046434402466},{"time":120.4375,"spriteName":"","type":"forcePlayerSprite","angle":237.91117858887},{"time":120.625,"angle":48.366458892822,"var":"p.lookRadius","value":6,"type":"ease"},{"time":120.625,"type":"ease","var":"p.paddleDistance","value":31,"angle":64.281028747559},{"b":255,"type":"setColor","time":120.375,"color":0,"r":255,"g":255,"angle":45.203899383545},{"b":255,"r":255,"time":120.375,"color":1,"angle":1.6249763965607,"g":255,"type":"setColor"},{"b":255,"type":"setColor","time":120.375,"color":3,"r":255,"g":255,"angle":69.92847442627},{"b":156,"type":"setColor","time":120.625,"color":0,"r":0,"g":0,"angle":302.57406616211},{"b":0,"type":"setColor","time":120.625,"color":1,"r":181,"g":181,"angle":276.2939453125},{"b":100,"type":"setColor","time":120.625,"color":3,"r":0,"g":0,"angle":249.64677429199},{"time":127.3125,"type":"ease","var":"vfx.vglitch.strength","value":0,"angle":215.48745727539},{"time":127.3125,"angle":227.75715637207,"var":"vfx.hglitch.strength","value":0,"type":"ease"}],"metadata":{"songName":"Fly, Kirby!","artistLink":"","difficulty":0,"bgData":{"magentaChannel":{"b":87,"r":136,"g":36},"cyanChannel":{"b":220,"r":254,"g":175},"greenChannel":{"b":171,"r":205,"g":104},"redChannel":{"b":68,"r":221,"g":33},"blueChannel":{"b":122,"r":207,"g":85},"image":"gay kirb.png","yellowChannel":{"b":118,"r":254,"g":85}},"charter":"Tri the Kitten","bg":true,"description":"Mechanics used: Inverse Blocks, Mines\n\nTravel through Another Dimension, which is the dimension between dimensions\n\nthis is taken directly from Kirby lore I'm not joking\n\nI didn't expect to learn easing on my first level, but holy hell the editor got a lot more fun with them","artist":"Hirokazu Ando"}}