[{"type":"mineHold","duration":14,"angle":0,"angle2":0,"time":0},{"time":-0,"angle2":573.75,"duration":1,"holdEase":"inSine","angle":360,"type":"mineHold"},{"time":1,"angle2":146.25,"duration":1,"holdEase":"inSine","angle":360,"type":"mineHold"},{"time":2,"angle2":-146.25,"duration":1,"holdEase":"inSine","angle":-360,"type":"mineHold"},{"time":3,"angle2":146.25,"duration":1,"holdEase":"inSine","angle":360,"type":"mineHold"},{"time":4,"angle2":-146.25,"duration":1,"holdEase":"inSine","angle":-360,"type":"mineHold"},{"time":5,"angle2":146.25,"duration":1,"holdEase":"inSine","angle":360,"type":"mineHold"},{"time":6,"angle2":-146.25,"duration":1,"holdEase":"inSine","angle":-360,"type":"mineHold"},{"time":7,"angle2":146.25,"duration":1,"holdEase":"inSine","angle":360,"type":"mineHold"},{"time":8,"angle2":-146.25,"duration":1,"holdEase":"inSine","angle":-360,"type":"mineHold"},{"time":9,"angle2":146.25,"duration":1,"holdEase":"inSine","angle":360,"type":"mineHold"},{"time":10,"angle2":-146.25,"duration":1,"holdEase":"inSine","angle":-360,"type":"mineHold"},{"time":11,"angle2":146.25,"duration":1,"holdEase":"inSine","angle":360,"type":"mineHold"},{"time":12,"angle2":-146.25,"duration":1,"holdEase":"inSine","angle":-360,"type":"mineHold"},{"time":13,"angle2":146.25,"duration":1,"holdEase":"inSine","angle":360,"type":"mineHold"},{"time":14,"angle2":-720,"duration":1,"holdEase":"outExpo","angle":-360,"type":"mineHold"},{"time":15,"startTap":true,"type":"hold","duration":1,"holdEase":"outSine","angle2":0,"angle":258.75},{"time":15,"startTap":true,"type":"hold","duration":1,"holdEase":"outSine","angle2":0,"angle":236.25},{"time":15,"startTap":true,"type":"hold","duration":1,"holdEase":"outSine","angle2":0,"angle":213.75},{"time":16.75,"angle":67.5,"type":"block"},{"time":16.25,"angle":22.5,"type":"block"},{"time":17.75,"angle":292.5,"type":"block"},{"time":17.25,"angle":-22.5,"type":"block"},{"time":17.5,"angle":-112.5,"type":"side"},{"time":18.75,"angle":67.5,"type":"block"},{"time":18.25,"angle":22.5,"type":"block"},{"time":19.75,"angle":292.5,"type":"block"},{"time":19.25,"angle":-22.5,"type":"block"},{"time":19.5,"angle":-112.5,"type":"side"},{"time":20.75,"angle":67.5,"type":"block"},{"time":20.25,"angle":22.5,"type":"block"},{"time":21.75,"angle":292.5,"type":"block"},{"time":21.25,"angle":-22.5,"type":"block"},{"time":21.5,"angle":-112.5,"type":"side"},{"time":22.75,"angle":67.5,"type":"block"},{"time":22.25,"angle":22.5,"type":"block"},{"time":23.75,"angle":292.5,"type":"block"},{"time":23.25,"angle":-22.5,"type":"block"},{"time":23.5,"angle":-112.5,"type":"side"},{"time":24.75,"angle":67.5,"type":"block"},{"time":24.25,"angle":22.5,"type":"block"},{"time":25.75,"angle":292.5,"type":"block"},{"time":25.25,"angle":-22.5,"type":"block"},{"time":25.5,"angle":-112.5,"type":"side"},{"time":26.75,"angle":67.5,"type":"block"},{"time":26.25,"angle":22.5,"type":"block"},{"time":27.75,"angle":292.5,"type":"block"},{"time":27.25,"angle":-22.5,"type":"block"},{"time":27.5,"angle":-112.5,"type":"side"},{"time":28.75,"angle":67.5,"type":"block"},{"time":28.25,"angle":22.5,"type":"block"},{"time":29.75,"angle":292.5,"type":"block"},{"time":29.25,"angle":-22.5,"type":"block"},{"time":29.5,"angle":-112.5,"type":"side"},{"time":30.75,"angle":67.5,"type":"block"},{"time":30.25,"angle":22.5,"type":"block"},{"time":31.75,"angle":292.5,"type":"block"},{"time":31.25,"angle":-22.5,"type":"block"},{"time":31.5,"angle":-112.5,"type":"side"},{"time":32.75,"angle":67.5,"type":"block"},{"time":32.25,"angle":22.5,"type":"block"},{"time":33.75,"angle":292.5,"type":"block"},{"time":33.25,"angle":-22.5,"type":"block"},{"time":33.5,"angle":-112.5,"type":"side"},{"time":34.75,"angle":67.5,"type":"block"},{"time":34.25,"angle":22.5,"type":"block"},{"time":35.75,"angle":292.5,"type":"block"},{"time":35.25,"angle":-22.5,"type":"block"},{"time":35.5,"angle":-112.5,"type":"side"},{"time":36.75,"angle":67.5,"type":"block"},{"time":36.25,"angle":22.5,"type":"block"},{"time":37.75,"angle":292.5,"type":"block"},{"time":37.25,"angle":-22.5,"type":"block"},{"time":37.5,"angle":-112.5,"type":"side"},{"time":38.75,"angle":67.5,"type":"block"},{"time":38.25,"angle":22.5,"type":"block"},{"time":39.75,"angle":292.5,"type":"block"},{"time":39.25,"angle":-22.5,"type":"block"},{"time":39.5,"angle":-112.5,"type":"side"},{"time":40.75,"angle":67.5,"type":"block"},{"time":40.25,"angle":22.5,"type":"block"},{"time":41.75,"angle":292.5,"type":"block"},{"time":41.25,"angle":-22.5,"type":"block"},{"time":41.5,"angle":-112.5,"type":"side"},{"time":42.75,"angle":67.5,"type":"block"},{"time":42.25,"angle":22.5,"type":"block"},{"time":43.75,"angle":292.5,"type":"block"},{"time":43.25,"angle":-22.5,"type":"block"},{"time":43.5,"angle":-112.5,"type":"side"},{"time":44.75,"angle":67.5,"type":"block"},{"time":44.25,"angle":22.5,"type":"block"},{"time":45.75,"angle":292.5,"type":"block"},{"time":45.25,"angle":-22.5,"type":"block"},{"time":45.5,"angle":-112.5,"type":"side"},{"time":48.75,"angle":-247.5,"type":"block"},{"time":48.25,"angle":-202.5,"type":"block"},{"time":49.75,"angle":-472.5,"type":"block"},{"time":49.25,"angle":-157.5,"type":"block"},{"time":49.5,"angle":-67.5,"type":"side"},{"time":50.75,"angle":-247.5,"type":"block"},{"time":50.25,"angle":-202.5,"type":"block"},{"time":51.75,"angle":-472.5,"type":"block"},{"time":51.25,"angle":-157.5,"type":"block"},{"time":51.5,"angle":-67.5,"type":"side"},{"time":52.75,"angle":-247.5,"type":"block"},{"time":52.25,"angle":-202.5,"type":"block"},{"time":53.75,"angle":-472.5,"type":"block"},{"time":53.25,"angle":-157.5,"type":"block"},{"time":53.5,"angle":-67.5,"type":"side"},{"time":54.75,"angle":-247.5,"type":"block"},{"time":54.25,"angle":-202.5,"type":"block"},{"time":55.75,"angle":-472.5,"type":"block"},{"time":55.25,"angle":-157.5,"type":"block"},{"time":55.5,"angle":-67.5,"type":"side"},{"time":56.75,"angle":-247.5,"type":"block"},{"time":56.25,"angle":-202.5,"type":"block"},{"time":57.75,"angle":-472.5,"type":"block"},{"time":57.25,"angle":-157.5,"type":"block"},{"time":57.5,"angle":-67.5,"type":"side"},{"time":58.75,"angle":-247.5,"type":"block"},{"time":58.25,"angle":-202.5,"type":"block"},{"time":59.75,"angle":-472.5,"type":"block"},{"time":59.25,"angle":-157.5,"type":"block"},{"time":59.5,"angle":-67.5,"type":"side"},{"time":60.75,"angle":-247.5,"type":"block"},{"time":60.25,"angle":-202.5,"type":"block"},{"time":61.75,"angle":-472.5,"type":"block"},{"time":61.25,"angle":-157.5,"type":"block"},{"time":61.5,"angle":-67.5,"type":"side"},{"time":62.75,"angle":-247.5,"type":"block"},{"time":62.25,"angle":-202.5,"type":"block"},{"time":63.75,"angle":-472.5,"type":"block"},{"time":63.25,"angle":-157.5,"type":"block"},{"time":63.5,"angle":-67.5,"type":"side"},{"time":64.75,"angle":-247.5,"type":"block"},{"time":64.25,"angle":-202.5,"type":"block"},{"time":65.75,"angle":-472.5,"type":"block"},{"time":65.25,"angle":-157.5,"type":"block"},{"time":65.5,"angle":-67.5,"type":"side"},{"time":66.75,"angle":-247.5,"type":"block"},{"time":66.25,"angle":-202.5,"type":"block"},{"time":67.75,"angle":-472.5,"type":"block"},{"time":67.25,"angle":-157.5,"type":"block"},{"time":67.5,"angle":-67.5,"type":"side"},{"time":68.75,"angle":-247.5,"type":"block"},{"time":68.25,"angle":-202.5,"type":"block"},{"time":69.75,"angle":-472.5,"type":"block"},{"time":69.25,"angle":-157.5,"type":"block"},{"time":69.5,"angle":-67.5,"type":"side"},{"time":70.75,"angle":-247.5,"type":"block"},{"time":70.25,"angle":-202.5,"type":"block"},{"time":71.75,"angle":-472.5,"type":"block"},{"time":71.25,"angle":-157.5,"type":"block"},{"time":71.5,"angle":-67.5,"type":"side"},{"time":72.75,"angle":-247.5,"type":"block"},{"time":72.25,"angle":-202.5,"type":"block"},{"time":73.75,"angle":-472.5,"type":"block"},{"time":73.25,"angle":-157.5,"type":"block"},{"time":73.5,"angle":-67.5,"type":"side"},{"time":74.75,"angle":-247.5,"type":"block"},{"time":74.25,"angle":-202.5,"type":"block"},{"time":75.75,"angle":-472.5,"type":"block"},{"time":75.25,"angle":-157.5,"type":"block"},{"time":75.5,"angle":-67.5,"type":"side"},{"time":76.75,"angle":-247.5,"type":"block"},{"time":76.25,"angle":-202.5,"type":"block"},{"time":77.75,"angle":-472.5,"type":"block"},{"time":77.25,"angle":-157.5,"type":"block"},{"time":77.5,"angle":-67.5,"type":"side"},{"type":"mineHold","duration":1,"angle":180,"angle2":360,"time":46},{"time":78,"duration":1,"angle2":-540,"angle":-360,"type":"mineHold"},{"type":"extraTap","angle":360,"time":49,"speedMult":1.5},{"type":"extraTap","angle":0,"time":51,"speedMult":1.5},{"type":"extraTap","angle":0,"time":53,"speedMult":1.5},{"type":"extraTap","angle":0,"time":55,"speedMult":1.5},{"type":"extraTap","angle":0,"time":57,"speedMult":1.5},{"type":"extraTap","angle":0,"time":59,"speedMult":1.5},{"type":"extraTap","angle":0,"time":61,"speedMult":1.5},{"type":"extraTap","angle":0,"time":63,"speedMult":1.5},{"type":"extraTap","angle":0,"time":65,"speedMult":1.5},{"type":"extraTap","angle":0,"time":67,"speedMult":1.5},{"type":"extraTap","angle":0,"time":69,"speedMult":1.5},{"type":"extraTap","angle":0,"time":71,"speedMult":1.5},{"type":"extraTap","angle":0,"time":73,"speedMult":1.5},{"type":"extraTap","angle":0,"time":75,"speedMult":1.5},{"type":"extraTap","angle":0,"time":77,"speedMult":1.5},{"time":80.25,"angle":360,"type":"block"},{"type":"hold","startTap":true,"duration":0.25,"time":80.5,"angle2":90,"angle":0},{"time":82.25,"angle":180,"type":"block"},{"type":"hold","startTap":true,"duration":0.25,"time":82.5,"angle2":270,"angle":180},{"time":81,"angle":180,"type":"side"},{"time":83,"angle":360,"type":"side"},{"time":84.25,"angle":360,"type":"block"},{"type":"hold","startTap":true,"duration":0.25,"time":84.5,"angle2":90,"angle":0},{"time":86.25,"angle":180,"type":"block"},{"type":"hold","startTap":true,"duration":0.25,"time":86.5,"angle2":270,"angle":180},{"time":85,"angle":180,"type":"side"},{"time":87,"angle":360,"type":"side"},{"time":88.25,"angle":-360,"type":"block"},{"type":"hold","startTap":true,"duration":0.25,"time":88.5,"angle2":-90,"angle":0},{"time":90.25,"angle":-180,"type":"block"},{"type":"hold","startTap":true,"duration":0.25,"time":90.5,"angle2":-270,"angle":-180},{"time":89,"angle":-180,"type":"side"},{"time":91,"angle":-360,"type":"side"},{"time":92.25,"angle":-360,"type":"block"},{"type":"hold","startTap":true,"duration":0.25,"time":92.5,"angle2":-90,"angle":0},{"time":94.25,"angle":-180,"type":"block"},{"type":"hold","startTap":true,"duration":0.25,"time":94.5,"angle2":-270,"angle":-180},{"time":93,"angle":-180,"type":"side"},{"time":95,"angle":-360,"type":"side"},{"time":96.25,"angle":360,"type":"block"},{"type":"hold","startTap":true,"duration":0.25,"time":96.5,"angle2":90,"angle":0},{"time":98.25,"angle":180,"type":"block"},{"type":"hold","startTap":true,"duration":0.25,"time":98.5,"angle2":270,"angle":180},{"time":97,"angle":180,"type":"side"},{"time":99,"angle":360,"type":"side"},{"time":100.25,"angle":360,"type":"block"},{"type":"hold","startTap":true,"duration":0.25,"time":100.5,"angle2":90,"angle":0},{"time":102.25,"angle":180,"type":"block"},{"type":"hold","startTap":true,"duration":0.25,"time":102.5,"angle2":270,"angle":180},{"time":101,"angle":180,"type":"side"},{"time":103,"angle":360,"type":"side"},{"time":104.25,"angle":-360,"type":"block"},{"type":"hold","startTap":true,"duration":0.25,"time":104.5,"angle2":-90,"angle":0},{"time":106.25,"angle":-180,"type":"block"},{"type":"hold","startTap":true,"duration":0.25,"time":106.5,"angle2":-270,"angle":-180},{"time":105,"angle":-180,"type":"side"},{"time":107,"angle":-360,"type":"side"},{"time":108.25,"angle":-360,"type":"block"},{"type":"hold","startTap":true,"duration":0.25,"time":108.5,"angle2":-90,"angle":0},{"time":109,"angle":-180,"type":"side"},{"type":"extraTap","angle":292.5,"time":15,"speedMult":3},{"time":81.5,"angle":180,"type":"inverse"},{"time":83.5,"angle":360,"type":"inverse"},{"time":85.5,"angle":180,"type":"inverse"},{"time":87.5,"angle":0,"type":"inverse"},{"time":89.5,"angle":180,"type":"inverse"},{"time":91.5,"angle":0,"type":"inverse"},{"time":93.5,"angle":180,"type":"inverse"},{"time":95.5,"angle":0,"type":"inverse"},{"time":97.5,"angle":180,"type":"inverse"},{"time":99.5,"angle":360,"type":"inverse"},{"time":101.5,"angle":180,"type":"inverse"},{"time":103.5,"angle":360,"type":"inverse"},{"time":105.5,"angle":180,"type":"inverse"},{"time":107.5,"angle":0,"type":"inverse"},{"time":109.5,"angle":180,"type":"inverse"},{"time":47,"angle":22.5,"type":"extraTap"},{"time":79,"angle":157.5,"type":"extraTap"},{"time":112.5,"duration":0.5,"angle":-292.5,"angle2":-292.5,"type":"hold"},{"time":113,"duration":0.5,"angle":-112.5,"angle2":-112.5,"type":"hold"},{"time":113.5,"duration":0.5,"angle":-292.5,"angle2":-292.5,"type":"hold"},{"time":114.5,"duration":0.5,"angle":-236.25,"angle2":-236.25,"type":"hold"},{"time":115,"duration":0.5,"angle":-56.25,"angle2":-56.25,"type":"hold"},{"time":115.5,"duration":0.5,"angle":-236.25,"angle2":-236.25,"type":"hold"},{"time":116.5,"duration":0.5,"angle":-337.5,"angle2":-337.5,"type":"hold"},{"time":117,"duration":0.5,"angle":-157.5,"angle2":-157.5,"type":"hold"},{"time":117.5,"duration":0.5,"angle":-337.5,"angle2":-337.5,"type":"hold"},{"time":118.5,"duration":0.5,"angle":-247.5,"angle2":-213.75,"type":"hold"},{"time":119,"duration":0.5,"angle":-33.75,"angle2":-67.5,"type":"hold"},{"time":119.5,"duration":0.5,"angle":-247.5,"angle2":-213.75,"type":"hold"},{"time":120.5,"duration":0.5,"angle":-292.5,"angle2":-315,"type":"hold"},{"time":121,"duration":0.5,"angle":-135,"angle2":-157.5,"type":"hold"},{"time":121.5,"duration":0.5,"angle":-337.5,"angle2":-360,"type":"hold"},{"time":122.5,"duration":0.5,"angle":-281.25,"angle2":-258.75,"type":"hold"},{"time":123,"duration":0.5,"angle":-78.75,"angle2":-56.25,"type":"hold"},{"time":123.5,"duration":0.5,"angle":-236.25,"angle2":-213.75,"type":"hold"},{"time":124.5,"duration":0.5,"angle":-990,"angle2":-1012.5,"type":"hold"},{"time":125,"duration":0.5,"angle":-832.5,"angle2":-855,"type":"hold"},{"time":125.5,"duration":0.5,"angle":-1035,"angle2":-1057.5,"type":"hold"},{"time":126.5,"duration":0.5,"angle":-258.75,"angle2":-225,"type":"hold"},{"time":127,"duration":0.5,"angle":-45,"angle2":-78.75,"type":"hold"},{"time":127.5,"duration":0.5,"angle":-258.75,"angle2":-225,"type":"hold"},{"time":128.5,"duration":0.5,"angle":-303.75,"angle2":-326.25,"type":"hold"},{"time":129,"duration":0.5,"angle":-146.25,"angle2":-168.75,"type":"hold"},{"time":129.5,"duration":0.5,"angle":-348.75,"angle2":-371.25,"type":"hold"},{"time":130.5,"duration":0.5,"angle":-292.5,"angle2":-270,"type":"hold"},{"time":131,"duration":0.5,"angle":-90,"angle2":-67.5,"type":"hold"},{"time":131.5,"duration":0.5,"angle":-247.5,"angle2":-225,"type":"hold"},{"time":132.5,"duration":0.5,"angle":-1001.25,"angle2":-1023.75,"type":"hold"},{"time":133,"duration":0.5,"angle":-843.75,"angle2":-866.25,"type":"hold"},{"time":133.5,"duration":0.5,"angle":-1046.25,"angle2":-1068.75,"type":"hold"},{"time":134.5,"duration":0.5,"angle":-270,"angle2":-236.25,"type":"hold"},{"time":135,"duration":0.5,"angle":-56.25,"angle2":-90,"type":"hold"},{"time":135.5,"duration":0.5,"angle":-270,"angle2":-236.25,"type":"hold"},{"time":136.5,"duration":0.5,"angle":-551.25,"angle2":-528.75,"type":"hold"},{"time":137,"duration":0.5,"angle":-708.75,"angle2":-686.25,"type":"hold"},{"time":137.5,"duration":0.5,"angle":-506.25,"angle2":-483.75,"type":"hold"},{"time":138.5,"duration":0.5,"angle":-562.5,"angle2":-585,"type":"hold"},{"time":139,"duration":0.5,"angle":-765,"angle2":-787.5,"type":"hold"},{"time":139.5,"duration":0.5,"angle":-607.5,"angle2":-630,"type":"hold"},{"time":140.5,"duration":0.5,"angle":146.25,"angle2":168.75,"type":"hold"},{"time":141,"duration":0.5,"angle":-11.25,"angle2":11.25,"type":"hold"},{"time":141.5,"duration":0.5,"angle":191.25,"angle2":213.75,"type":"hold"},{"time":142,"angle":-135,"duration":2,"holdEase":"inBack","angle2":-270,"type":"hold"},{"time":142,"angle2":-90,"duration":2,"holdEase":"inBack","angle":45,"type":"hold"},{"time":142,"angle2":-270,"duration":2,"holdEase":"inBack","angle":-157.5,"type":"hold"},{"time":142,"angle2":-90,"duration":2,"holdEase":"inBack","angle":22.5,"type":"hold"},{"time":144,"tap":true,"type":"side","angle":-135},{"time":144,"tap":true,"type":"side","angle":-315},{"time":144.5,"duration":0.5,"angle":0,"angle2":-56.25,"type":"hold"},{"time":144.5,"duration":0.5,"angle":-11.25,"angle2":-67.5,"type":"hold"},{"type":"hold","startTap":true,"duration":0.5,"time":152.5,"angle2":292.5,"angle":337.5},{"time":153.5,"duration":0.5,"angle":-22.5,"angle2":-67.5,"type":"hold"},{"type":"hold","startTap":true,"duration":0.5,"time":152.5,"angle2":303.75,"angle":348.75},{"time":153.5,"duration":0.5,"angle":-11.25,"angle2":-56.25,"type":"hold"},{"type":"extraTap","angle":-360,"time":144,"speedMult":3},{"type":"hold","startTap":true,"duration":0.5,"time":176.5,"angle2":-101.25,"angle":-101.25},{"time":177,"duration":0.5,"angle":-281.25,"angle2":-281.25,"type":"hold"},{"time":177.5,"duration":0.5,"angle":-101.25,"angle2":-101.25,"type":"hold"},{"time":176.25,"angle":-101.25,"type":"inverse"},{"time":176.75,"angle":-101.25,"type":"inverse"},{"type":"hold","startTap":true,"duration":0.5,"time":176.5,"angle2":-90,"angle":-90},{"type":"hold","startTap":true,"duration":0.5,"time":176.5,"angle2":-112.5,"angle":-112.5},{"time":177,"duration":0.5,"angle":-292.5,"angle2":-292.5,"type":"hold"},{"time":177.5,"duration":0.5,"angle":-112.5,"angle2":-112.5,"type":"hold"},{"time":177,"duration":0.5,"angle":-270,"angle2":-270,"type":"hold"},{"time":177.5,"duration":0.5,"angle":-90,"angle2":-90,"type":"hold"},{"type":"hold","startTap":true,"duration":0.5,"time":178.5,"angle2":-56.25,"angle":-56.25},{"time":179,"duration":0.5,"angle":-236.25,"angle2":-236.25,"type":"hold"},{"time":179.5,"duration":0.5,"angle":-56.25,"angle2":-56.25,"type":"hold"},{"time":178.25,"angle":-56.25,"type":"inverse"},{"time":178.75,"angle":-56.25,"type":"inverse"},{"type":"hold","startTap":true,"duration":0.5,"time":178.5,"angle2":-45,"angle":-45},{"type":"hold","startTap":true,"duration":0.5,"time":178.5,"angle2":-67.5,"angle":-67.5},{"time":179,"duration":0.5,"angle":-247.5,"angle2":-247.5,"type":"hold"},{"time":179.5,"duration":0.5,"angle":-67.5,"angle2":-67.5,"type":"hold"},{"time":179,"duration":0.5,"angle":-225,"angle2":-225,"type":"hold"},{"time":179.5,"duration":0.5,"angle":-45,"angle2":-45,"type":"hold"},{"type":"hold","startTap":true,"duration":0.5,"time":180.5,"angle2":-101.25,"angle":-101.25},{"time":181,"duration":0.5,"angle":-281.25,"angle2":-281.25,"type":"hold"},{"time":181.5,"duration":0.5,"angle":-101.25,"angle2":-101.25,"type":"hold"},{"time":180.25,"angle":-101.25,"type":"inverse"},{"time":180.75,"angle":-101.25,"type":"inverse"},{"type":"hold","startTap":true,"duration":0.5,"time":180.5,"angle2":-90,"angle":-90},{"type":"hold","startTap":true,"duration":0.5,"time":180.5,"angle2":-112.5,"angle":-112.5},{"time":181,"duration":0.5,"angle":-292.5,"angle2":-292.5,"type":"hold"},{"time":181.5,"duration":0.5,"angle":-112.5,"angle2":-112.5,"type":"hold"},{"time":181,"duration":0.5,"angle":-270,"angle2":-270,"type":"hold"},{"time":181.5,"duration":0.5,"angle":-90,"angle2":-90,"type":"hold"},{"type":"hold","startTap":true,"duration":0.5,"time":182.5,"angle2":-135,"angle":-135},{"time":183,"duration":0.5,"angle":-315,"angle2":-315,"type":"hold"},{"time":183.5,"duration":0.5,"angle":-135,"angle2":-135,"type":"hold"},{"time":182.25,"angle":-135,"type":"inverse"},{"time":182.75,"angle":-135,"type":"inverse"},{"type":"hold","startTap":true,"duration":0.5,"time":182.5,"angle2":-123.75,"angle":-123.75},{"type":"hold","startTap":true,"duration":0.5,"time":182.5,"angle2":-146.25,"angle":-146.25},{"time":183,"duration":0.5,"angle":-326.25,"angle2":-326.25,"type":"hold"},{"time":183.5,"duration":0.5,"angle":-146.25,"angle2":-146.25,"type":"hold"},{"time":183,"duration":0.5,"angle":-303.75,"angle2":-303.75,"type":"hold"},{"time":183.5,"duration":0.5,"angle":-123.75,"angle2":-123.75,"type":"hold"},{"type":"hold","startTap":true,"duration":0.5,"time":184.5,"angle2":112.5,"angle":112.5},{"time":185,"duration":0.5,"angle":-67.5,"angle2":-67.5,"type":"hold"},{"time":185.5,"duration":0.5,"angle":112.5,"angle2":112.5,"type":"hold"},{"time":184.25,"angle":112.5,"type":"inverse"},{"time":184.75,"angle":112.5,"type":"inverse"},{"type":"hold","startTap":true,"duration":0.5,"time":184.5,"angle2":123.75,"angle":123.75},{"type":"hold","startTap":true,"duration":0.5,"time":184.5,"angle2":101.25,"angle":101.25},{"time":185,"duration":0.5,"angle":-78.75,"angle2":-78.75,"type":"hold"},{"time":185.5,"duration":0.5,"angle":101.25,"angle2":101.25,"type":"hold"},{"time":185,"duration":0.5,"angle":-56.25,"angle2":-56.25,"type":"hold"},{"time":185.5,"duration":0.5,"angle":123.75,"angle2":123.75,"type":"hold"},{"type":"hold","startTap":true,"duration":0.5,"time":186.5,"angle2":45,"angle":45},{"time":187,"duration":0.5,"angle":-135,"angle2":-135,"type":"hold"},{"time":187.5,"duration":0.5,"angle":45,"angle2":45,"type":"hold"},{"time":186.25,"angle":45,"type":"inverse"},{"time":186.75,"angle":45,"type":"inverse"},{"type":"hold","startTap":true,"duration":0.5,"time":186.5,"angle2":56.25,"angle":56.25},{"type":"hold","startTap":true,"duration":0.5,"time":186.5,"angle2":33.75,"angle":33.75},{"time":187,"duration":0.5,"angle":-146.25,"angle2":-146.25,"type":"hold"},{"time":187.5,"duration":0.5,"angle":33.75,"angle2":33.75,"type":"hold"},{"time":187,"duration":0.5,"angle":-123.75,"angle2":-123.75,"type":"hold"},{"time":187.5,"duration":0.5,"angle":56.25,"angle2":56.25,"type":"hold"},{"type":"hold","startTap":true,"duration":0.5,"time":188.5,"angle2":101.25,"angle":101.25},{"time":189,"duration":0.5,"angle":281.25,"angle2":281.25,"type":"hold"},{"time":189.5,"duration":0.5,"angle":101.25,"angle2":101.25,"type":"hold"},{"time":188.25,"angle":101.25,"type":"inverse"},{"time":188.75,"angle":101.25,"type":"inverse"},{"type":"hold","startTap":true,"duration":0.5,"time":188.5,"angle2":90,"angle":90},{"type":"hold","startTap":true,"duration":0.5,"time":188.5,"angle2":112.5,"angle":112.5},{"time":189,"duration":0.5,"angle":292.5,"angle2":292.5,"type":"hold"},{"time":189.5,"duration":0.5,"angle":112.5,"angle2":112.5,"type":"hold"},{"time":189,"duration":0.5,"angle":270,"angle2":270,"type":"hold"},{"time":189.5,"duration":0.5,"angle":90,"angle2":90,"type":"hold"},{"type":"hold","startTap":true,"duration":0.5,"time":190.5,"angle2":45,"angle":45},{"time":191,"duration":0.5,"angle":225,"angle2":225,"type":"hold"},{"time":191.5,"duration":0.5,"angle":45,"angle2":45,"type":"hold"},{"time":190.25,"angle":45,"type":"inverse"},{"time":190.75,"angle":45,"type":"inverse"},{"type":"hold","startTap":true,"duration":0.5,"time":190.5,"angle2":33.75,"angle":33.75},{"type":"hold","startTap":true,"duration":0.5,"time":190.5,"angle2":56.25,"angle":56.25},{"time":191,"duration":0.5,"angle":236.25,"angle2":236.25,"type":"hold"},{"time":191.5,"duration":0.5,"angle":56.25,"angle2":56.25,"type":"hold"},{"time":191,"duration":0.5,"angle":213.75,"angle2":213.75,"type":"hold"},{"time":191.5,"duration":0.5,"angle":33.75,"angle2":33.75,"type":"hold"},{"type":"hold","startTap":true,"duration":0.5,"time":192.5,"angle2":-56.25,"angle":-56.25},{"time":193,"duration":0.5,"angle":-236.25,"angle2":-236.25,"type":"hold"},{"time":193.5,"duration":0.5,"angle":-56.25,"angle2":-56.25,"type":"hold"},{"time":192.25,"angle":-56.25,"type":"inverse"},{"time":192.75,"angle":-56.25,"type":"inverse"},{"type":"hold","startTap":true,"duration":0.5,"time":192.5,"angle2":-45,"angle":-45},{"type":"hold","startTap":true,"duration":0.5,"time":192.5,"angle2":-67.5,"angle":-67.5},{"time":193,"duration":0.5,"angle":-247.5,"angle2":-247.5,"type":"hold"},{"time":193.5,"duration":0.5,"angle":-67.5,"angle2":-67.5,"type":"hold"},{"time":193,"duration":0.5,"angle":-225,"angle2":-225,"type":"hold"},{"time":193.5,"duration":0.5,"angle":-45,"angle2":-45,"type":"hold"},{"type":"hold","startTap":true,"duration":0.5,"time":194.5,"angle2":-112.5,"angle":-112.5},{"time":195,"duration":0.5,"angle":-292.5,"angle2":-292.5,"type":"hold"},{"time":195.5,"duration":0.5,"angle":-112.5,"angle2":-112.5,"type":"hold"},{"time":194.25,"angle":-112.5,"type":"inverse"},{"time":194.75,"angle":-112.5,"type":"inverse"},{"type":"hold","startTap":true,"duration":0.5,"time":194.5,"angle2":-101.25,"angle":-101.25},{"type":"hold","startTap":true,"duration":0.5,"time":194.5,"angle2":-123.75,"angle":-123.75},{"time":195,"duration":0.5,"angle":-303.75,"angle2":-303.75,"type":"hold"},{"time":195.5,"duration":0.5,"angle":-123.75,"angle2":-123.75,"type":"hold"},{"time":195,"duration":0.5,"angle":-281.25,"angle2":-281.25,"type":"hold"},{"time":195.5,"duration":0.5,"angle":-101.25,"angle2":-101.25,"type":"hold"},{"type":"hold","startTap":true,"duration":0.5,"time":196.5,"angle2":-67.5,"angle":-67.5},{"time":197,"duration":0.5,"angle":-247.5,"angle2":-247.5,"type":"hold"},{"time":197.5,"duration":0.5,"angle":-67.5,"angle2":-67.5,"type":"hold"},{"time":196.25,"angle":-67.5,"type":"inverse"},{"time":196.75,"angle":-67.5,"type":"inverse"},{"type":"hold","startTap":true,"duration":0.5,"time":196.5,"angle2":-56.25,"angle":-56.25},{"type":"hold","startTap":true,"duration":0.5,"time":196.5,"angle2":-78.75,"angle":-78.75},{"time":197,"duration":0.5,"angle":-258.75,"angle2":-258.75,"type":"hold"},{"time":197.5,"duration":0.5,"angle":-78.75,"angle2":-78.75,"type":"hold"},{"time":197,"duration":0.5,"angle":-236.25,"angle2":-236.25,"type":"hold"},{"time":197.5,"duration":0.5,"angle":-56.25,"angle2":-56.25,"type":"hold"},{"type":"hold","startTap":true,"duration":0.5,"time":198.5,"angle2":-135,"angle":-135},{"time":199,"duration":0.5,"angle":-315,"angle2":-315,"type":"hold"},{"time":198.25,"angle":-135,"type":"inverse"},{"time":198.75,"angle":-135,"type":"inverse"},{"type":"hold","startTap":true,"duration":0.5,"time":198.5,"angle2":-123.75,"angle":-123.75},{"type":"hold","startTap":true,"duration":0.5,"time":198.5,"angle2":-146.25,"angle":-146.25},{"time":199,"duration":0.5,"angle":-326.25,"angle2":-326.25,"type":"hold"},{"time":199,"duration":0.5,"angle":-303.75,"angle2":-303.75,"type":"hold"},{"time":199.5,"duration":0.5,"angle":-495,"angle2":-495,"type":"hold"},{"time":199.5,"duration":0.5,"angle":-506.25,"angle2":-506.25,"type":"hold"},{"time":199.5,"duration":0.5,"angle":-483.75,"angle2":-483.75,"type":"hold"},{"type":"hold","startTap":true,"duration":0.5,"time":200.5,"angle2":123.75,"angle":123.75},{"time":201,"duration":0.5,"angle":-56.25,"angle2":-56.25,"type":"hold"},{"time":201.5,"duration":0.5,"angle":123.75,"angle2":123.75,"type":"hold"},{"time":200.25,"angle":123.75,"type":"inverse"},{"time":200.75,"angle":123.75,"type":"inverse"},{"type":"hold","startTap":true,"duration":0.5,"time":200.5,"angle2":135,"angle":135},{"type":"hold","startTap":true,"duration":0.5,"time":200.5,"angle2":112.5,"angle":112.5},{"time":201,"duration":0.5,"angle":-67.5,"angle2":-67.5,"type":"hold"},{"time":201.5,"duration":0.5,"angle":112.5,"angle2":112.5,"type":"hold"},{"time":201,"duration":0.5,"angle":-45,"angle2":-45,"type":"hold"},{"time":201.5,"duration":0.5,"angle":135,"angle2":135,"type":"hold"},{"type":"hold","startTap":true,"duration":0.5,"time":202.5,"angle2":56.25,"angle":56.25},{"time":203,"duration":0.5,"angle":-123.75,"angle2":-123.75,"type":"hold"},{"time":203.5,"duration":0.5,"angle":56.25,"angle2":56.25,"type":"hold"},{"time":202.25,"angle":56.25,"type":"inverse"},{"time":202.75,"angle":56.25,"type":"inverse"},{"type":"hold","startTap":true,"duration":0.5,"time":202.5,"angle2":67.5,"angle":67.5},{"type":"hold","startTap":true,"duration":0.5,"time":202.5,"angle2":45,"angle":45},{"time":203,"duration":0.5,"angle":-135,"angle2":-135,"type":"hold"},{"time":203.5,"duration":0.5,"angle":45,"angle2":45,"type":"hold"},{"time":203,"duration":0.5,"angle":-112.5,"angle2":-112.5,"type":"hold"},{"time":203.5,"duration":0.5,"angle":67.5,"angle2":67.5,"type":"hold"},{"type":"hold","startTap":true,"duration":0.5,"time":204.5,"angle2":90,"angle":90},{"time":205,"duration":0.5,"angle":270,"angle2":270,"type":"hold"},{"time":205.5,"duration":0.5,"angle":90,"angle2":90,"type":"hold"},{"time":204.25,"angle":90,"type":"inverse"},{"time":204.75,"angle":90,"type":"inverse"},{"type":"hold","startTap":true,"duration":0.5,"time":204.5,"angle2":78.75,"angle":78.75},{"type":"hold","startTap":true,"duration":0.5,"time":204.5,"angle2":101.25,"angle":101.25},{"time":205,"duration":0.5,"angle":281.25,"angle2":281.25,"type":"hold"},{"time":205.5,"duration":0.5,"angle":101.25,"angle2":101.25,"type":"hold"},{"time":205,"duration":0.5,"angle":258.75,"angle2":258.75,"type":"hold"},{"time":205.5,"duration":0.5,"angle":78.75,"angle2":78.75,"type":"hold"},{"type":"hold","startTap":true,"duration":0.5,"time":206.5,"angle2":0,"angle":0},{"time":207,"angle2":360,"duration":0.5,"holdEase":"outBack","angle":180,"type":"hold"},{"time":207.5,"duration":0.5,"angle":0,"angle2":0,"type":"hold"},{"time":208,"angle2":573.75,"duration":1,"holdEase":"outSine","angle":360,"type":"hold"},{"type":"inverse","tap":true,"angle":360,"speedMult":1.5000004768372,"time":208},{"type":"inverse","angle":157.5,"time":208.5,"speedMult":2},{"type":"inverse","angle":202.5,"time":208.75,"speedMult":2},{"time":210,"angle2":225,"duration":1,"holdEase":"outSine","angle":382.5,"type":"hold"},{"time":211,"angle2":382.5,"duration":1,"holdEase":"outSine","angle":225,"type":"hold"},{"type":"inverse","tap":true,"angle":225,"speedMult":1.5,"time":211},{"type":"inverse","angle":337.5,"time":211.5,"speedMult":2},{"type":"inverse","angle":371.25,"time":211.75,"speedMult":2},{"time":212,"angle2":551.25,"duration":1,"holdEase":"outSine","angle":382.5,"type":"hold"},{"type":"inverse","tap":true,"angle":382.5,"speedMult":1.5,"time":212},{"type":"inverse","angle":135,"time":212.5,"speedMult":2},{"type":"inverse","angle":180,"time":212.75,"speedMult":2},{"time":214,"angle2":506.25,"duration":1,"holdEase":"outSine","angle":337.5,"type":"hold"},{"type":"inverse","tap":true,"angle":348.75,"speedMult":1.5,"time":214},{"type":"inverse","angle":101.25,"time":214.5,"speedMult":2},{"type":"inverse","angle":146.25,"time":214.75,"speedMult":2},{"type":"inverse","tap":true,"angle":-202.5,"speedMult":1,"time":215},{"type":"inverse","angle":67.5,"time":215.5,"speedMult":1.2000000476837},{"type":"inverse","angle":382.5,"time":215.75,"speedMult":1.2000000476837},{"time":216,"angle2":-528.75,"duration":1,"holdEase":"outSine","angle":-371.25,"type":"hold"},{"type":"inverse","tap":true,"angle":-371.25,"speedMult":1.5,"time":216},{"type":"inverse","angle":-123.75,"time":216.5,"speedMult":2},{"type":"inverse","angle":-168.75,"time":216.75,"speedMult":2},{"time":218,"angle2":393.75,"duration":1,"holdEase":"outSine","angle":315,"type":"hold"},{"time":219,"angle2":562.5,"duration":1,"holdEase":"outSine","angle":393.75,"type":"hold"},{"type":"inverse","tap":true,"angle":393.75,"speedMult":1.5,"time":219},{"type":"inverse","angle":157.5,"time":219.5,"speedMult":2},{"type":"inverse","angle":191.25,"time":219.75,"speedMult":2},{"time":220,"angle2":742.5,"duration":1,"holdEase":"outSine","angle":562.5,"type":"hold"},{"type":"inverse","tap":true,"angle":562.5,"speedMult":1.5,"time":220},{"type":"inverse","angle":315,"time":220.5,"speedMult":2},{"type":"inverse","angle":360,"time":220.75,"speedMult":2},{"time":222,"angle2":-405,"duration":1,"holdEase":"outSine","angle":-225,"type":"hold"},{"type":"inverse","tap":true,"angle":-225,"speedMult":1.5,"time":222},{"type":"inverse","angle":22.5,"time":222.5,"speedMult":2},{"type":"inverse","angle":-22.5,"time":222.75,"speedMult":2},{"time":224,"angle2":-438.75,"duration":1,"holdEase":"outSine","angle":-258.75,"type":"hold"},{"type":"inverse","tap":true,"angle":-258.75,"speedMult":1.5,"time":224},{"type":"inverse","angle":-11.25,"time":224.5,"speedMult":2},{"type":"inverse","angle":-56.25,"time":224.75,"speedMult":2},{"time":226,"angle2":258.75,"duration":1,"holdEase":"outSine","angle":146.25,"type":"hold"},{"time":227,"angle2":427.5,"duration":1,"holdEase":"outSine","angle":258.75,"type":"hold"},{"type":"inverse","tap":true,"angle":258.75,"speedMult":1.5,"time":227},{"type":"inverse","angle":22.5,"time":227.5,"speedMult":2},{"type":"inverse","angle":56.25,"time":227.75,"speedMult":2},{"time":228,"angle2":607.5,"duration":1,"holdEase":"outSine","angle":427.5,"type":"hold"},{"type":"inverse","tap":true,"angle":427.5,"speedMult":1.5,"time":228},{"type":"inverse","angle":180,"time":228.5,"speedMult":2},{"type":"inverse","angle":225,"time":228.75,"speedMult":2},{"time":230,"angle2":-798.75,"duration":1,"holdEase":"outSine","angle":-641.25,"type":"hold"},{"type":"inverse","tap":true,"angle":-641.25,"speedMult":1.5,"time":230},{"type":"inverse","angle":-393.75,"time":230.5,"speedMult":2},{"type":"inverse","angle":-438.75,"time":230.75,"speedMult":2},{"type":"inverse","tap":true,"angle":-450,"speedMult":1,"time":231},{"type":"inverse","angle":-157.5,"time":231.5,"speedMult":1.2000000476837},{"type":"inverse","angle":-202.5,"time":231.75,"speedMult":1.2000000476837},{"time":232,"angle2":-787.5,"duration":1,"holdEase":"outSine","angle":-607.5,"type":"hold"},{"type":"inverse","tap":true,"angle":-607.5,"speedMult":1.5,"time":232},{"type":"inverse","angle":-360,"time":232.5,"speedMult":2},{"type":"inverse","angle":-405,"time":232.75,"speedMult":2},{"time":234,"angle2":573.75,"duration":1,"holdEase":"outSine","angle":450,"type":"hold"},{"time":235,"angle2":382.5,"duration":1,"holdEase":"outSine","angle":213.75,"type":"hold"},{"type":"inverse","tap":true,"angle":213.75,"speedMult":1.5,"time":235},{"type":"inverse","angle":326.25,"time":235.5,"speedMult":2},{"type":"inverse","angle":11.25,"time":235.75,"speedMult":2},{"time":236,"angle2":-495,"duration":1,"holdEase":"outSine","angle":-337.5,"type":"hold"},{"type":"inverse","tap":true,"angle":-337.5,"speedMult":1.5,"time":236},{"type":"inverse","angle":-90,"time":236.5,"speedMult":2},{"type":"inverse","angle":-135,"time":236.75,"speedMult":2},{"time":238,"angle2":-798.75,"duration":1,"holdEase":"outSine","angle":-641.25,"type":"hold"},{"type":"inverse","tap":true,"angle":-641.25,"speedMult":1.5,"time":238},{"type":"inverse","angle":-393.75,"time":238.5,"speedMult":2},{"type":"inverse","angle":-438.75,"time":238.75,"speedMult":2},{"time":209,"angle2":-202.5,"duration":1,"holdEase":"inBack","angle":-22.5,"type":"mineHold"},{"time":213,"angle2":-225,"duration":1,"holdEase":"inBack","angle":-45,"type":"mineHold"},{"time":217,"angle2":-225,"duration":1,"holdEase":"inBack","angle":-45,"type":"mineHold"},{"time":221,"angle2":-67.5,"duration":1,"holdEase":"inBack","angle":112.5,"type":"mineHold"},{"time":223,"angle2":45,"duration":1,"holdEase":"inBack","angle":-135,"type":"mineHold"},{"time":225,"angle2":22.5,"duration":1,"holdEase":"inBack","angle":-157.5,"type":"mineHold"},{"time":229,"angle2":315,"duration":1,"holdEase":"inBack","angle":135,"type":"mineHold"},{"time":233,"angle2":33.75,"duration":1,"holdEase":"inBack","angle":-146.25,"type":"mineHold"},{"time":237,"angle2":303.75,"duration":1,"holdEase":"inBack","angle":123.75,"type":"mineHold"},{"time":239,"angle2":348.75,"duration":1,"holdEase":"inBack","angle":168.75,"type":"mineHold"},{"type":"inverse","tap":true,"angle":101.25,"speedMult":1.5,"time":240},{"type":"inverse","angle":168.75,"time":240.5,"speedMult":2},{"type":"inverse","angle":135,"time":240.75,"speedMult":2},{"time":243,"tap":true,"type":"inverse","angle":281.25},{"type":"inverse","angle":56.25,"time":243.5,"speedMult":1.5},{"type":"inverse","angle":78.75,"time":243.75,"speedMult":1.5},{"time":244.75,"angle":146.25,"type":"block"},{"type":"inverse","tap":true,"angle":101.25,"speedMult":1.5,"time":244},{"type":"inverse","angle":168.75,"time":244.5,"speedMult":2},{"type":"inverse","angle":146.25,"time":244.75,"speedMult":2},{"time":246.75,"angle":326.25,"type":"block"},{"time":246,"duration":0.5,"angle":641.25,"angle2":708.75,"type":"hold"},{"time":247,"duration":0.5,"angle":303.75,"angle2":405,"type":"hold"},{"type":"inverse","tap":true,"angle":281.25,"speedMult":1.5,"time":246},{"type":"inverse","angle":348.75,"time":246.5,"speedMult":2},{"type":"inverse","angle":326.25,"time":246.75,"speedMult":2},{"time":251,"tap":true,"type":"inverse","angle":303.75},{"type":"inverse","angle":67.5,"time":251.5,"speedMult":1.5},{"type":"inverse","angle":90,"time":251.75,"speedMult":1.5},{"type":"inverse","tap":true,"angle":112.5,"speedMult":1.5,"time":252},{"type":"inverse","angle":180,"time":252.5,"speedMult":2},{"type":"inverse","angle":157.5,"time":252.75,"speedMult":2},{"type":"inverse","tap":true,"angle":303.75,"speedMult":1.5,"time":254},{"type":"inverse","angle":371.25,"time":254.5,"speedMult":2},{"type":"inverse","angle":348.75,"time":254.75,"speedMult":2},{"type":"inverse","tap":true,"angle":-213.75,"speedMult":1.5,"time":256},{"type":"inverse","angle":-281.25,"time":256.5,"speedMult":2},{"type":"inverse","angle":-247.5,"time":256.75,"speedMult":2},{"time":259,"tap":true,"type":"inverse","angle":-405},{"type":"inverse","angle":-168.75,"time":259.5,"speedMult":1.5},{"type":"inverse","angle":-191.25,"time":259.75,"speedMult":1.5},{"type":"inverse","tap":true,"angle":-213.75,"speedMult":1.5,"time":260},{"type":"inverse","angle":-281.25,"time":260.5,"speedMult":2},{"type":"inverse","angle":-258.75,"time":260.75,"speedMult":2},{"type":"inverse","tap":true,"angle":-393.75,"speedMult":1.5,"time":262},{"type":"inverse","angle":-461.25,"time":262.5,"speedMult":2},{"type":"inverse","angle":-438.75,"time":262.75,"speedMult":2},{"time":267,"tap":true,"type":"inverse","angle":-416.25},{"type":"inverse","angle":-180,"time":267.5,"speedMult":1.5},{"type":"inverse","angle":-202.5,"time":267.75,"speedMult":1.5},{"type":"inverse","tap":true,"angle":-225,"speedMult":1.5,"time":268},{"type":"inverse","angle":-292.5,"time":268.5,"speedMult":2},{"type":"inverse","angle":-270,"time":268.75,"speedMult":2},{"time":271,"angle":360,"type":"extraTap"},{"type":"inverse","tap":true,"angle":101.25,"speedMult":1.5,"time":272},{"type":"inverse","angle":157.5,"time":272.5,"speedMult":2},{"type":"inverse","angle":112.5,"time":272.75,"speedMult":2},{"type":"inverse","tap":true,"angle":315,"speedMult":1.5,"time":275},{"type":"inverse","angle":33.75,"time":275.5,"speedMult":2},{"type":"inverse","angle":326.25,"time":275.75,"speedMult":2},{"type":"inverse","tap":true,"angle":270,"speedMult":1.5,"time":276},{"type":"inverse","angle":337.5,"time":276.5,"speedMult":2},{"type":"inverse","angle":292.5,"time":276.75,"speedMult":2},{"type":"inverse","tap":true,"angle":180,"speedMult":1.5,"time":278},{"type":"inverse","angle":247.5,"time":278.5,"speedMult":2},{"type":"inverse","angle":202.5,"time":278.75,"speedMult":2},{"type":"inverse","tap":true,"angle":315,"speedMult":1.5,"time":283},{"type":"inverse","angle":33.75,"time":283.5,"speedMult":2},{"type":"inverse","angle":326.25,"time":283.75,"speedMult":2},{"type":"inverse","tap":true,"angle":270,"speedMult":1.5,"time":284},{"type":"inverse","angle":337.5,"time":284.5,"speedMult":2},{"type":"inverse","angle":292.5,"time":284.75,"speedMult":2},{"type":"inverse","tap":true,"angle":90,"speedMult":1.5,"time":280},{"type":"inverse","angle":157.5,"time":280.5,"speedMult":2},{"type":"inverse","angle":112.5,"time":280.75,"speedMult":2},{"type":"inverse","tap":true,"angle":180,"speedMult":1.5,"time":286},{"type":"inverse","angle":247.5,"time":286.5,"speedMult":2},{"type":"inverse","angle":202.5,"time":286.75,"speedMult":2},{"type":"inverse","tap":true,"angle":-270,"speedMult":1.5,"time":288},{"type":"inverse","angle":-303.75,"time":288.5,"speedMult":2},{"type":"inverse","angle":-270,"time":288.75,"speedMult":2},{"type":"inverse","tap":true,"angle":-472.5,"speedMult":1.5,"time":291},{"type":"inverse","angle":-191.25,"time":291.5,"speedMult":2},{"type":"inverse","angle":-495,"time":291.75,"speedMult":2},{"type":"inverse","tap":true,"angle":-427.5,"speedMult":1.5,"time":292},{"type":"inverse","angle":-495,"time":292.5,"speedMult":2},{"type":"inverse","angle":-450,"time":292.75,"speedMult":2},{"type":"inverse","tap":true,"angle":-337.5,"speedMult":1.5,"time":294},{"type":"inverse","angle":-405,"time":294.5,"speedMult":2},{"type":"inverse","angle":-360,"time":294.75,"speedMult":2},{"type":"inverse","tap":true,"angle":-472.5,"speedMult":1.5,"time":299},{"type":"inverse","angle":-551.25,"time":299.5,"speedMult":2},{"type":"inverse","angle":-483.75,"time":299.75,"speedMult":2},{"type":"inverse","tap":true,"angle":-427.5,"speedMult":1.5,"time":300},{"type":"inverse","angle":-495,"time":300.5,"speedMult":2},{"type":"inverse","angle":-450,"time":300.75,"speedMult":2},{"type":"inverse","tap":true,"angle":-247.5,"speedMult":1.5,"time":296},{"type":"inverse","angle":-315,"time":296.5,"speedMult":2},{"type":"inverse","angle":-270,"time":296.75,"speedMult":2},{"type":"inverse","tap":true,"angle":-337.5,"speedMult":1.5,"time":302},{"type":"inverse","angle":-405,"time":302.5,"speedMult":2},{"type":"inverse","angle":-360,"time":302.75,"speedMult":2},{"time":16.5,"angle":90,"type":"block"},{"time":18.5,"angle":90,"type":"block"},{"time":20.5,"angle":90,"type":"block"},{"time":22.5,"angle":90,"type":"block"},{"time":24.5,"angle":90,"type":"block"},{"time":26.5,"angle":90,"type":"block"},{"time":28.5,"angle":90,"type":"block"},{"time":30.5,"angle":90,"type":"block"},{"time":32.5,"angle":90,"type":"block"},{"time":34.5,"angle":90,"type":"block"},{"time":36.5,"angle":90,"type":"block"},{"time":38.5,"angle":90,"type":"block"},{"time":40.5,"angle":90,"type":"block"},{"time":42.5,"angle":90,"type":"block"},{"time":44.5,"angle":90,"type":"block"},{"time":48.5,"angle":90,"type":"block"},{"time":50.5,"angle":90,"type":"block"},{"time":52.5,"angle":90,"type":"block"},{"time":54.5,"angle":90,"type":"block"},{"time":56.5,"angle":90,"type":"block"},{"time":58.5,"angle":90,"type":"block"},{"time":60.5,"angle":90,"type":"block"},{"time":62.5,"angle":90,"type":"block"},{"time":64.5,"angle":90,"type":"block"},{"time":66.5,"angle":90,"type":"block"},{"time":68.5,"angle":90,"type":"block"},{"time":70.5,"angle":90,"type":"block"},{"time":72.5,"angle":90,"type":"block"},{"time":74.5,"angle":90,"type":"block"},{"time":76.5,"angle":90,"type":"block"},{"time":335.5,"angle":101.25,"type":"block"},{"time":335.5625,"angle":78.75,"type":"block"},{"time":335.625,"angle":56.25,"type":"block"},{"time":335.6875,"angle":39.375,"type":"block"},{"time":335.75,"angle":22.5,"type":"block"},{"time":335.8125,"angle":5.625,"type":"block"},{"time":335.875,"angle":343.125,"type":"block"},{"time":335.9375,"angle":320.625,"type":"block"},{"time":336,"angle":303.75,"type":"block"},{"time":336.0625,"angle":286.875,"type":"block"},{"time":336.125,"angle":270,"type":"block"},{"time":336.1875,"angle":247.5,"type":"block"},{"time":336.25,"angle":230.625,"type":"block"},{"time":336.3125,"angle":208.125,"type":"block"},{"time":336.375,"angle":191.25,"type":"block"},{"time":336.4375,"angle":174.375,"type":"block"},{"time":336.5,"angle":151.875,"type":"block"},{"time":336.5625,"angle":135,"type":"block"},{"time":336.625,"angle":112.5,"type":"block"},{"time":336.6875,"angle":95.625,"type":"block"},{"time":336.75,"angle":78.75,"type":"block"},{"time":336.8125,"angle":56.25,"type":"block"},{"time":336.875,"angle":39.375,"type":"block"},{"time":336.9375,"angle":16.875,"type":"block"},{"time":337,"angle":0,"duration":10,"holdEase":"outQuad","angle2":-900,"type":"hold"},{"time":208,"angle2":551.25,"duration":1,"holdEase":"outSine","angle":360,"type":"hold"},{"time":209,"angle2":-202.5,"duration":1,"holdEase":"inBack","angle":-45,"type":"mineHold"},{"time":210,"angle2":225,"duration":1,"holdEase":"outSine","angle":393.75,"type":"hold"},{"time":211,"angle2":382.5,"duration":1,"holdEase":"outQuad","angle":225,"type":"hold"},{"time":212,"angle2":528.75,"duration":1,"holdEase":"outSine","angle":382.5,"type":"hold"},{"time":213,"angle2":-225,"duration":1,"holdEase":"inBack","angle":-67.5,"type":"mineHold"},{"time":214,"angle2":528.75,"duration":1,"holdEase":"outSine","angle":360,"type":"hold"},{"time":216,"angle2":-551.25,"duration":1,"holdEase":"outSine","angle":-371.25,"type":"hold"},{"time":218,"angle2":393.75,"duration":1,"holdEase":"outSine","angle":326.25,"type":"hold"},{"time":217,"angle2":-225,"duration":1,"holdEase":"inBack","angle":-56.25,"type":"mineHold"},{"time":219,"angle2":562.5,"duration":1,"holdEase":"outQuad","angle":393.75,"type":"hold"},{"time":220,"angle2":720,"duration":1,"holdEase":"outSine","angle":562.5,"type":"hold"},{"time":221,"angle2":-67.5,"duration":1,"holdEase":"inBack","angle":101.25,"type":"mineHold"},{"time":222,"angle2":-382.5,"duration":1,"holdEase":"outSine","angle":-213.75,"type":"hold"},{"time":223,"angle2":45,"duration":1,"holdEase":"inBack","angle":-123.75,"type":"mineHold"},{"time":224,"angle2":-416.25,"duration":1,"holdEase":"outSine","angle":-258.75,"type":"hold"},{"time":225,"angle2":22.5,"duration":1,"holdEase":"inBack","angle":-146.25,"type":"mineHold"},{"time":226,"angle2":258.75,"duration":1,"holdEase":"outSine","angle":135,"type":"hold"},{"time":227,"angle2":427.5,"duration":1,"holdEase":"outQuad","angle":258.75,"type":"hold"},{"time":228,"angle2":585,"duration":1,"holdEase":"outSine","angle":427.5,"type":"hold"},{"time":230,"angle2":-821.25,"duration":1,"holdEase":"outSine","angle":-641.25,"type":"hold"},{"time":232,"angle2":-765,"duration":1,"holdEase":"outSine","angle":-607.5,"type":"hold"},{"time":233,"angle2":33.75,"duration":1,"holdEase":"inBack","angle":-135,"type":"mineHold"},{"time":234,"angle2":573.75,"duration":1,"holdEase":"outSine","angle":461.25,"type":"hold"},{"time":235,"angle2":382.5,"duration":1,"holdEase":"inOutSine","angle":213.75,"type":"hold"},{"time":236,"angle2":-517.5,"duration":1,"holdEase":"outSine","angle":-337.5,"type":"hold"},{"time":237,"angle2":303.75,"duration":1,"holdEase":"inBack","angle":135,"type":"mineHold"},{"time":238,"angle2":-821.25,"duration":1,"holdEase":"outSine","angle":-652.5,"type":"hold"},{"time":239,"angle2":348.75,"duration":1,"holdEase":"inBack","angle":191.25,"type":"mineHold"},{"time":240.75,"angle":135,"type":"block"},{"type":"hold","duration":0.5,"angle":461.25,"angle2":528.75,"time":240},{"time":241,"duration":0.5,"angle":112.5,"angle2":213.75,"type":"hold"},{"time":248.75,"angle":157.5,"type":"block"},{"time":248,"duration":0.5,"angle":472.5,"angle2":540,"type":"hold"},{"time":249,"duration":0.5,"angle":135,"angle2":236.25,"type":"hold"},{"time":250,"duration":0.5,"angle":652.5,"angle2":720,"type":"hold"},{"time":251,"duration":0.5,"angle":303.75,"angle2":405,"type":"hold"},{"time":250.75,"angle":326.25,"type":"block"},{"time":252.75,"angle":157.5,"type":"block"},{"time":252,"duration":0.5,"angle":472.5,"angle2":540,"type":"hold"},{"time":253,"duration":0.5,"angle":135,"angle2":236.25,"type":"hold"},{"time":254.75,"angle":348.75,"type":"block"},{"time":254,"duration":0.5,"angle":663.75,"angle2":731.25,"type":"hold"},{"time":255,"duration":0.5,"angle":326.25,"angle2":427.5,"type":"hold"},{"time":256.75,"angle":-247.5,"type":"block"},{"time":256,"duration":0.5,"angle":-573.75,"angle2":-641.25,"type":"hold"},{"time":257,"duration":0.5,"angle":-225,"angle2":-326.25,"type":"hold"},{"time":258,"duration":0.5,"angle":-753.75,"angle2":-821.25,"type":"hold"},{"time":259,"duration":0.5,"angle":-405,"angle2":-506.25,"type":"hold"},{"time":258.75,"angle":-427.5,"type":"block"},{"time":260.75,"angle":-258.75,"type":"block"},{"time":260,"duration":0.5,"angle":-573.75,"angle2":-641.25,"type":"hold"},{"time":261,"duration":0.5,"angle":-236.25,"angle2":-337.5,"type":"hold"},{"time":262.75,"angle":-438.75,"type":"block"},{"time":262,"duration":0.5,"angle":-753.75,"angle2":-821.25,"type":"hold"},{"time":263,"duration":0.5,"angle":-416.25,"angle2":-517.5,"type":"hold"},{"time":264.75,"angle":-281.25,"type":"block"},{"time":264,"duration":0.5,"angle":-596.25,"angle2":-663.75,"type":"hold"},{"time":265,"duration":0.5,"angle":-258.75,"angle2":-360,"type":"hold"},{"time":266,"duration":0.5,"angle":-765,"angle2":-832.5,"type":"hold"},{"type":"hold","duration":0.5,"angle":-416.25,"angle2":-540,"time":267},{"time":266.75,"angle":-438.75,"type":"block"},{"time":268.75,"angle":-270,"type":"block"},{"time":268,"duration":0.5,"angle":-585,"angle2":-652.5,"type":"hold"},{"time":269,"duration":0.5,"angle":-247.5,"angle2":-348.75,"type":"hold"},{"time":270.75,"angle":-472.5,"type":"block"},{"time":270,"duration":0.5,"angle":-787.5,"angle2":-855,"type":"hold"},{"time":271,"duration":0.5,"angle":-450,"angle2":-551.25,"type":"hold"},{"time":272,"duration":0.5,"angle":101.25,"angle2":157.5,"type":"hold"},{"type":"hold","duration":0.25,"angle":112.5,"angle2":67.5,"time":272.75},{"type":"hold","duration":0.5,"angle":112.5,"angle2":0,"time":273.5},{"time":242.75,"angle":303.75,"type":"block"},{"type":"hold","duration":0.5,"angle":630,"angle2":697.5,"time":242},{"time":243,"duration":0.5,"angle":281.25,"angle2":382.5,"type":"hold"},{"time":244,"duration":0.5,"angle":461.25,"angle2":528.75,"type":"hold"},{"type":"hold","duration":0.5,"angle":112.5,"angle2":213.75,"time":245},{"type":"hold","duration":0.5,"angle":0,"angle2":67.5,"time":274},{"time":274.75,"duration":0.25,"angle":22.5,"angle2":-45,"type":"hold"},{"type":"hold","duration":0.5,"angle":33.75,"angle2":-90,"time":275.5},{"type":"hold","duration":0.5,"angle":-90,"angle2":-22.5,"time":276},{"time":276.75,"duration":0.25,"angle":-67.5,"angle2":-135,"type":"hold"},{"time":277.5,"duration":0.5,"angle":-56.25,"angle2":-180,"type":"hold"},{"time":278,"duration":0.5,"angle":180,"angle2":247.5,"type":"hold"},{"time":278.75,"duration":0.25,"angle":202.5,"angle2":135,"type":"hold"},{"time":279.5,"duration":0.5,"angle":213.75,"angle2":90,"type":"hold"},{"type":"hold","duration":0.5,"angle":-270,"angle2":-202.5,"time":280},{"time":280.75,"duration":0.25,"angle":-247.5,"angle2":-315,"type":"hold"},{"time":281.5,"duration":0.5,"angle":-236.25,"angle2":-360,"type":"hold"},{"time":282,"duration":0.5,"angle":0,"angle2":67.5,"type":"hold"},{"time":282.75,"duration":0.25,"angle":22.5,"angle2":-45,"type":"hold"},{"time":283.5,"duration":0.5,"angle":33.75,"angle2":-90,"type":"hold"},{"type":"hold","duration":0.5,"angle":-90,"angle2":-22.5,"time":284},{"time":284.75,"duration":0.25,"angle":-67.5,"angle2":-135,"type":"hold"},{"time":285.5,"duration":0.5,"angle":-56.25,"angle2":-180,"type":"hold"},{"time":286,"duration":0.5,"angle":180,"angle2":247.5,"type":"hold"},{"time":286.75,"duration":0.25,"angle":202.5,"angle2":135,"type":"hold"},{"time":287.5,"duration":0.5,"angle":213.75,"angle2":90,"type":"hold"},{"time":288,"angle2":-303.75,"duration":0.5,"holdEase":"outBack","angle":-270,"type":"hold"},{"type":"hold","duration":0.25,"angle":-270,"angle2":-202.5,"time":288.75},{"type":"hold","duration":0.5,"angle":-281.25,"angle2":-157.5,"time":289.5},{"type":"hold","duration":0.5,"angle":-517.5,"angle2":-585,"time":290},{"type":"hold","duration":0.25,"angle":-540,"angle2":-472.5,"time":290.75},{"type":"hold","duration":0.5,"angle":-551.25,"angle2":-427.5,"time":291.5},{"time":292,"duration":0.5,"angle":-67.5,"angle2":-135,"type":"hold"},{"type":"hold","duration":0.25,"angle":-90,"angle2":-22.5,"time":292.75},{"type":"hold","duration":0.5,"angle":-101.25,"angle2":22.5,"time":293.5},{"type":"hold","duration":0.5,"angle":-337.5,"angle2":-405,"time":294},{"type":"hold","duration":0.25,"angle":-360,"angle2":-292.5,"time":294.75},{"type":"hold","duration":0.5,"angle":-371.25,"angle2":-247.5,"time":295.5},{"time":296,"duration":0.5,"angle":-247.5,"angle2":-315,"type":"hold"},{"type":"hold","duration":0.25,"angle":-270,"angle2":-202.5,"time":296.75},{"type":"hold","duration":0.5,"angle":-281.25,"angle2":-157.5,"time":297.5},{"type":"hold","duration":0.5,"angle":-517.5,"angle2":-585,"time":298},{"type":"hold","duration":0.25,"angle":-540,"angle2":-472.5,"time":298.75},{"type":"hold","duration":0.5,"angle":-551.25,"angle2":-427.5,"time":299.5},{"time":300,"duration":0.5,"angle":-67.5,"angle2":-135,"type":"hold"},{"type":"hold","duration":0.25,"angle":-90,"angle2":-22.5,"time":300.75},{"type":"hold","duration":0.5,"angle":-101.25,"angle2":22.5,"time":301.5},{"type":"hold","duration":0.5,"angle":-337.5,"angle2":-405,"time":302},{"type":"hold","duration":0.25,"angle":-360,"angle2":-292.5,"time":302.75},{"type":"hold","duration":0.5,"angle":-371.25,"angle2":-247.5,"time":303.5},{"type":"hold","duration":0.5,"angle":-247.5,"angle2":-303.75,"time":304},{"type":"hold","duration":0.25,"angle":-258.75,"angle2":-213.75,"time":304.75},{"type":"hold","duration":0.5,"angle":-258.75,"angle2":-146.25,"time":305.5},{"type":"hold","duration":0.5,"angle":-146.25,"angle2":-213.75,"time":306},{"time":306.75,"duration":0.25,"angle":-168.75,"angle2":-101.25,"type":"hold"},{"type":"hold","duration":0.5,"angle":-180,"angle2":-56.25,"time":307.5},{"type":"hold","duration":0.5,"angle":-56.25,"angle2":-123.75,"time":308},{"time":308.75,"duration":0.25,"angle":-78.75,"angle2":-11.25,"type":"hold"},{"time":309.5,"duration":0.5,"angle":-90,"angle2":33.75,"type":"hold"},{"time":310,"duration":0.5,"angle":-326.25,"angle2":-393.75,"type":"hold"},{"time":310.75,"duration":0.25,"angle":-348.75,"angle2":-281.25,"type":"hold"},{"time":311.5,"duration":0.5,"angle":-360,"angle2":-236.25,"type":"hold"},{"type":"hold","duration":0.5,"angle":123.75,"angle2":56.25,"time":312},{"time":312.75,"duration":0.25,"angle":101.25,"angle2":168.75,"type":"hold"},{"time":313.5,"duration":0.5,"angle":90,"angle2":213.75,"type":"hold"},{"time":314,"duration":0.5,"angle":-146.25,"angle2":-213.75,"type":"hold"},{"time":314.75,"duration":0.25,"angle":-168.75,"angle2":-101.25,"type":"hold"},{"time":315.5,"duration":0.5,"angle":-180,"angle2":-56.25,"type":"hold"},{"type":"hold","duration":0.5,"angle":-56.25,"angle2":-123.75,"time":316},{"time":316.75,"duration":0.25,"angle":-78.75,"angle2":-11.25,"type":"hold"},{"time":317.5,"duration":0.5,"angle":-90,"angle2":33.75,"type":"hold"},{"time":318,"duration":0.5,"angle":-326.25,"angle2":-393.75,"type":"hold"},{"time":318.75,"duration":0.25,"angle":-348.75,"angle2":-281.25,"type":"hold"},{"time":319.5,"duration":0.5,"angle":-360,"angle2":-236.25,"type":"hold"},{"time":320,"angle2":157.5,"duration":0.5,"holdEase":"outBack","angle":123.75,"type":"hold"},{"type":"hold","duration":0.25,"angle":123.75,"angle2":56.25,"time":320.75},{"type":"hold","duration":0.5,"angle":135,"angle2":11.25,"time":321.5},{"type":"hold","duration":0.5,"angle":371.25,"angle2":438.75,"time":322},{"type":"hold","duration":0.25,"angle":393.75,"angle2":326.25,"time":322.75},{"type":"hold","duration":0.5,"angle":405,"angle2":281.25,"time":323.5},{"time":324,"duration":0.5,"angle":-78.75,"angle2":-11.25,"type":"hold"},{"type":"hold","duration":0.25,"angle":-56.25,"angle2":-123.75,"time":324.75},{"type":"hold","duration":0.5,"angle":-45,"angle2":-168.75,"time":325.5},{"type":"hold","duration":0.5,"angle":191.25,"angle2":258.75,"time":326},{"type":"hold","duration":0.25,"angle":213.75,"angle2":146.25,"time":326.75},{"type":"hold","duration":0.5,"angle":225,"angle2":101.25,"time":327.5},{"time":328,"duration":0.5,"angle":101.25,"angle2":168.75,"type":"hold"},{"type":"hold","duration":0.25,"angle":123.75,"angle2":56.25,"time":328.75},{"type":"hold","duration":0.5,"angle":135,"angle2":11.25,"time":329.5},{"type":"hold","duration":0.5,"angle":371.25,"angle2":438.75,"time":330},{"type":"hold","duration":0.25,"angle":393.75,"angle2":326.25,"time":330.75},{"type":"hold","duration":0.5,"angle":405,"angle2":281.25,"time":331.5},{"time":332,"duration":0.5,"angle":-78.75,"angle2":-11.25,"type":"hold"},{"type":"hold","duration":0.25,"angle":-56.25,"angle2":-123.75,"time":332.75},{"type":"hold","duration":0.5,"angle":-45,"angle2":-168.75,"time":333.5},{"type":"hold","duration":0.5,"angle":191.25,"angle2":258.75,"time":334},{"type":"hold","duration":0.25,"angle":213.75,"angle2":146.25,"time":334.75},{"time":229,"angle2":315,"duration":1,"holdEase":"inBack","angle":146.25,"type":"mineHold"},{"time":145,"duration":0.5,"angle":-236.25,"angle2":-292.5,"type":"hold"},{"time":145,"duration":0.5,"angle":-247.5,"angle2":-303.75,"type":"hold"},{"type":"hold","duration":0.5,"angle":-472.5,"angle2":-528.75,"time":145.5},{"time":145.5,"duration":0.5,"angle":-483.75,"angle2":-540,"type":"hold"},{"type":"hold","startTap":true,"duration":0.5,"time":146.5,"angle2":67.5,"angle":123.75},{"time":146.5,"startTap":true,"duration":0.5,"type":"hold","angle2":56.25,"angle":112.5},{"time":147,"duration":0.5,"angle":-112.5,"angle2":-168.75,"type":"hold"},{"time":147,"duration":0.5,"angle":-123.75,"angle2":-180,"type":"hold"},{"time":147.5,"duration":0.5,"angle":-348.75,"angle2":-405,"type":"hold"},{"type":"hold","duration":0.5,"angle":-360,"angle2":-416.25,"time":147.5},{"type":"hold","startTap":true,"duration":0.5,"time":148.5,"angle2":56.25,"angle":0},{"type":"hold","startTap":true,"duration":0.5,"time":148.5,"angle2":67.5,"angle":11.25},{"time":149,"duration":0.5,"angle":236.25,"angle2":292.5,"type":"hold"},{"time":149,"duration":0.5,"angle":247.5,"angle2":303.75,"type":"hold"},{"type":"hold","duration":0.5,"angle":472.5,"angle2":528.75,"time":149.5},{"time":149.5,"duration":0.5,"angle":483.75,"angle2":540,"type":"hold"},{"type":"hold","startTap":true,"duration":0.5,"time":150.5,"angle2":-67.5,"angle":-123.75},{"time":150.5,"startTap":true,"duration":0.5,"type":"hold","angle2":-56.25,"angle":-112.5},{"time":151,"duration":0.5,"angle":112.5,"angle2":168.75,"type":"hold"},{"time":151,"duration":0.5,"angle":123.75,"angle2":180,"type":"hold"},{"time":151.5,"duration":0.5,"angle":348.75,"angle2":405,"type":"hold"},{"type":"hold","duration":0.5,"angle":360,"angle2":416.25,"time":151.5},{"time":153,"duration":0.5,"angle":123.75,"angle2":168.75,"type":"hold"},{"time":153,"duration":0.5,"angle":112.5,"angle2":157.5,"type":"hold"},{"type":"hold","startTap":true,"duration":0.5,"time":154.5,"angle2":-303.75,"angle":-348.75},{"time":155.5,"duration":0.5,"angle":11.25,"angle2":56.25,"type":"hold"},{"type":"hold","startTap":true,"duration":0.5,"time":154.5,"angle2":-315,"angle":-360},{"time":155.5,"duration":0.5,"angle":0,"angle2":45,"type":"hold"},{"time":155,"duration":0.5,"angle":-135,"angle2":-180,"type":"hold"},{"time":155,"duration":0.5,"angle":-123.75,"angle2":-168.75,"type":"hold"},{"type":"hold","startTap":true,"duration":0.5,"time":156.5,"angle2":292.5,"angle":337.5},{"time":157.5,"duration":0.5,"angle":-22.5,"angle2":-67.5,"type":"hold"},{"type":"hold","startTap":true,"duration":0.5,"time":156.5,"angle2":303.75,"angle":348.75},{"time":157.5,"duration":0.5,"angle":-11.25,"angle2":-56.25,"type":"hold"},{"time":157,"duration":0.5,"angle":123.75,"angle2":168.75,"type":"hold"},{"time":157,"duration":0.5,"angle":112.5,"angle2":157.5,"type":"hold"},{"type":"hold","startTap":true,"duration":0.5,"time":158.5,"angle2":191.25,"angle":236.25},{"type":"hold","duration":0.5,"angle":-123.75,"angle2":-168.75,"time":159.5},{"type":"hold","startTap":true,"duration":0.5,"time":158.5,"angle2":202.5,"angle":247.5},{"type":"hold","duration":0.5,"angle":-112.5,"angle2":-157.5,"time":159.5},{"type":"hold","duration":0.5,"angle":22.5,"angle2":67.5,"time":159},{"type":"hold","duration":0.5,"angle":11.25,"angle2":56.25,"time":159},{"type":"hold","startTap":true,"duration":0.5,"time":160.5,"angle2":-157.5,"angle":-213.75},{"type":"hold","startTap":true,"duration":0.5,"time":160.5,"angle2":-146.25,"angle":-202.5},{"type":"hold","startTap":true,"duration":0.5,"time":168.5,"angle2":-506.25,"angle":-551.25},{"time":169.5,"duration":0.5,"angle":-191.25,"angle2":-146.25,"type":"hold"},{"type":"hold","startTap":true,"duration":0.5,"time":168.5,"angle2":-517.5,"angle":-562.5},{"time":169.5,"duration":0.5,"angle":-202.5,"angle2":-157.5,"type":"hold"},{"time":161,"duration":0.5,"angle":22.5,"angle2":78.75,"type":"hold"},{"time":161,"duration":0.5,"angle":33.75,"angle2":90,"type":"hold"},{"type":"hold","duration":0.5,"angle":258.75,"angle2":315,"time":161.5},{"time":161.5,"duration":0.5,"angle":270,"angle2":326.25,"type":"hold"},{"type":"hold","startTap":true,"duration":0.5,"time":162.5,"angle2":-281.25,"angle":-337.5},{"time":162.5,"startTap":true,"duration":0.5,"type":"hold","angle2":-270,"angle":-326.25},{"time":163,"duration":0.5,"angle":-101.25,"angle2":-45,"type":"hold"},{"time":163,"duration":0.5,"angle":-90,"angle2":-33.75,"type":"hold"},{"time":163.5,"duration":0.5,"angle":135,"angle2":191.25,"type":"hold"},{"type":"hold","duration":0.5,"angle":146.25,"angle2":202.5,"time":163.5},{"type":"hold","startTap":true,"duration":0.5,"time":164.5,"angle2":-270,"angle":-213.75},{"type":"hold","startTap":true,"duration":0.5,"time":164.5,"angle2":-281.25,"angle":-225},{"time":165,"duration":0.5,"angle":-450,"angle2":-506.25,"type":"hold"},{"time":165,"duration":0.5,"angle":-461.25,"angle2":-517.5,"type":"hold"},{"type":"hold","duration":0.5,"angle":-686.25,"angle2":-742.5,"time":165.5},{"time":165.5,"duration":0.5,"angle":-697.5,"angle2":-753.75,"type":"hold"},{"type":"hold","startTap":true,"duration":0.5,"time":166.5,"angle2":-146.25,"angle":-90},{"time":166.5,"startTap":true,"duration":0.5,"type":"hold","angle2":-157.5,"angle":-101.25},{"time":167,"duration":0.5,"angle":-326.25,"angle2":-382.5,"type":"hold"},{"time":167,"duration":0.5,"angle":-337.5,"angle2":-393.75,"type":"hold"},{"time":167.5,"duration":0.5,"angle":-562.5,"angle2":-618.75,"type":"hold"},{"type":"hold","duration":0.5,"angle":-573.75,"angle2":-630,"time":167.5},{"time":169,"duration":0.5,"angle":-337.5,"angle2":-382.5,"type":"hold"},{"time":169,"duration":0.5,"angle":-326.25,"angle2":-371.25,"type":"hold"},{"type":"hold","startTap":true,"duration":0.5,"time":170.5,"angle2":90,"angle":135},{"time":171.5,"duration":0.5,"angle":-225,"angle2":-270,"type":"hold"},{"type":"hold","startTap":true,"duration":0.5,"time":170.5,"angle2":101.25,"angle":146.25},{"time":171.5,"duration":0.5,"angle":-213.75,"angle2":-258.75,"type":"hold"},{"time":171,"duration":0.5,"angle":-78.75,"angle2":-33.75,"type":"hold"},{"time":171,"duration":0.5,"angle":-90,"angle2":-45,"type":"hold"},{"type":"hold","startTap":true,"duration":0.5,"time":172.5,"angle2":-506.25,"angle":-551.25},{"time":173.5,"duration":0.5,"angle":-191.25,"angle2":-146.25,"type":"hold"},{"type":"hold","startTap":true,"duration":0.5,"time":172.5,"angle2":-517.5,"angle":-562.5},{"time":173.5,"duration":0.5,"angle":-202.5,"angle2":-157.5,"type":"hold"},{"time":173,"duration":0.5,"angle":-337.5,"angle2":-382.5,"type":"hold"},{"time":173,"duration":0.5,"angle":-326.25,"angle2":-371.25,"type":"hold"},{"type":"hold","startTap":true,"duration":0.5,"time":174.5,"angle2":-427.5,"angle":-450},{"type":"hold","duration":0.5,"angle":-78.75,"angle2":-90,"time":175.5},{"type":"hold","startTap":true,"duration":0.5,"time":174.5,"angle2":-438.75,"angle":-461.25},{"type":"hold","duration":0.5,"angle":-90,"angle2":-101.25,"time":175.5},{"type":"hold","duration":0.5,"angle":-258.75,"angle2":-270,"time":175},{"type":"hold","duration":0.5,"angle":-247.5,"angle2":-258.75,"time":175}]