{"properties":{"offset":8,"formatversion":13,"loadBeat":-1,"speed":90},"metadata":{"artist":"chipzel","charter":"Charter","songName":"Otis","difficulty":7,"artistLink":"","bg":false,"description":"enable restart on miss for the accurate super hexagon experience\n\n(don't actually do this please)"},"events":[{"time":0,"type":"play","file":"otis.ogg","offset":0.059999983757734,"volume":1,"angle":90,"bpm":135},{"type":"outline","enable":true,"color":3,"angle":0,"time":-2},{"time":350,"angle":270,"type":"showResults"},{"type":"paddles","ease":"linear","paddle":1,"duration":0,"newWidth":50,"angle":180,"time":-2},{"type":"paddles","ease":"linear","order":-1,"time":15,"newWidth":120,"duration":0,"angle":337.5,"paddle":1},{"type":"paddles","ease":"inCirc","paddle":1,"duration":1,"newWidth":90,"angle":348.75,"time":15},{"name":"intro","g":0,"b":0,"time":0.0625,"r":255,"type":"bookmark","angle":337.5,"description":""},{"name":"start!","g":0,"b":0,"time":16,"r":255,"type":"bookmark","angle":180,"description":""},{"type":"deco","x":-384,"sx":1.2000000476837,"sy":1.2000000476837,"drawLayer":"bg","time":-2,"parentid":"@player","rotationinfluence":0.25,"id":"parented bg","sprite":"background.png","angle":337.5,"y":-384},{"name":"start 2","g":0,"b":0,"time":80,"r":255,"type":"bookmark","angle":270,"description":""},{"type":"paddles","ease":"outBack","paddle":1,"duration":2,"newWidth":70,"angle":90,"time":78},{"name":"theme 1","g":0,"b":0,"time":112,"r":255,"type":"bookmark","angle":-90,"description":""},{"type":"paddles","ease":"outCirc","duration":2,"time":110,"newAngle":180,"newWidth":60,"enabled":true,"angle":180,"paddle":2},{"name":"woh","g":0,"b":0,"time":144,"r":255,"type":"bookmark","angle":-180,"description":""},{"name":"woh 2","g":0,"b":0,"time":176,"r":255,"type":"bookmark","angle":360,"description":""},{"type":"ease","value":3,"duration":2,"var":"scrollSpeed","ease":"inBack","angle":-90,"time":142},{"name":"best part","g":0,"b":0,"time":208,"r":255,"type":"bookmark","angle":90,"description":""},{"time":15,"value":-90,"ease":"outSine","var":"vfx.angleTwist.offset","duration":1,"angle":315,"type":"ease"},{"type":"ease","value":0,"duration":1,"time":46,"angle":157.5,"var":"vfx.angleTwist.offset"},{"type":"ease","value":90,"start":0,"duration":2,"time":47,"var":"vfx.angleTwist.offset","angle":315,"ease":"outSine"},{"time":78,"value":0,"var":"vfx.angleTwist.offset","duration":1,"angle":382.5,"type":"ease"},{"type":"ease","value":-180,"start":0,"duration":1,"time":110,"var":"vfx.angleTwist.offset","angle":157.5,"ease":"outSine"},{"type":"ease","value":360,"duration":2,"var":"vfx.angleTwist.offset","ease":"outCirc","angle":-22.5,"time":144},{"type":"ease","value":-360,"duration":2,"var":"vfx.angleTwist.offset","ease":"outSine","angle":360,"time":160},{"time":174,"value":2,"var":"scrollSpeed","duration":2,"angle":90,"type":"ease"},{"type":"ease","value":0.80000001192093,"var":"scrollSpeed","duration":2,"ease":"outExpo","angle":-90,"time":206},{"type":"ease","value":0,"var":"vfx.angleTwist.offset","duration":2,"ease":"outCirc","angle":-101.25,"time":206},{"type":"paddles","newAngle":0,"paddle":2,"duration":0.5,"ease":"outBack","angle":90,"time":207},{"type":"paddles","ease":"linear","paddle":2,"duration":0,"enabled":false,"angle":90,"time":207.5},{"type":"paddles","ease":"outBack","paddle":1,"duration":0.5,"newWidth":120,"angle":-360,"time":184},{"type":"paddles","ease":"linear","paddle":1,"duration":0.5,"newWidth":70,"angle":0,"time":184.5},{"type":"paddles","ease":"outBack","paddle":1,"duration":0.5,"newWidth":120,"angle":540,"time":192},{"type":"paddles","ease":"linear","paddle":1,"duration":0.5,"newWidth":70,"angle":180,"time":192.5},{"type":"paddles","ease":"outBack","paddle":1,"duration":0.5,"newWidth":120,"angle":-360,"time":200},{"type":"paddles","ease":"linear","paddle":1,"duration":0.5,"newWidth":70,"angle":22.5,"time":200.5},{"name":"ending","g":0,"b":0,"time":272,"r":255,"type":"bookmark","angle":0,"description":""},{"type":"ease","value":1.5,"var":"scrollSpeed","duration":2,"ease":"outBack","angle":270,"time":208},{"type":"ease","value":360,"duration":1,"var":"vfx.angleTwist.offset","ease":"outCirc","angle":281.25,"time":208},{"type":"paddles","ease":"outBack","paddle":1,"duration":0.25,"newWidth":120,"angle":258.75,"time":208},{"type":"paddles","ease":"linear","paddle":1,"duration":1,"newWidth":80,"angle":90,"time":209},{"type":"ease","value":-180,"var":"vfx.angleTwist.offset","duration":2,"ease":"outSine","angle":270,"time":288},{"type":"ease","value":180,"var":"vfx.angleTwist.offset","duration":2,"ease":"outSine","angle":-427.5,"time":320},{"type":"paddles","ease":"linear","paddle":1,"duration":0,"newWidth":80,"angle":180,"time":335.5},{"type":"paddles","ease":"outQuad","paddle":1,"duration":10,"newWidth":20,"angle":180,"time":337},{"type":"ease","value":0,"var":"vfx.angleTwist.offset","duration":10,"ease":"outQuad","angle":168.75,"time":337},{"type":"ease","value":0.5,"var":"scrollSpeed","duration":10,"ease":"outQuad","angle":191.25,"time":337},{"type":"paddles","ease":"outSine","newWidth":0,"duration":2,"paddle":1,"angle":0,"time":347},{"type":"paddles","ease":"linear","paddle":1,"enabled":false,"time":348.5,"angle":0,"duration":0},{"type":"paddles","ease":"linear","paddle":1,"duration":2,"newWidth":70,"angle":270,"time":304},{"type":"paddles","ease":"outCirc","paddle":1,"duration":2,"newWidth":60,"angle":191.25,"time":110},{"type":"paddles","ease":"linear","paddle":1,"duration":2,"newWidth":70,"angle":101.25,"time":174},{"type":"paddles","ease":"linear","paddle":2,"duration":2,"newWidth":70,"angle":112.5,"time":174},{"time":-1,"g":0,"type":"setColor","r":0,"angle":0,"color":0,"b":0},{"time":-1,"g":255,"type":"setColor","r":255,"angle":33.75,"color":3,"b":255},{"time":0,"enable":true,"type":"hom","angle":270},{"time":-2,"chance":0.10000000149012,"color":0,"angle":45,"type":"noise"},{"type":"setColor","g":50,"duration":14,"b":50,"time":0,"r":50,"angle":292.5,"color":2},{"time":-1,"g":0,"type":"setColor","r":0,"color":2,"angle":382.5,"b":0},{"time":0,"value":1.1499999761581,"duration":14,"type":"ease","angle":247.5,"var":"vfx.canvPos.sx"},{"type":"ease","value":1.1499999761581,"duration":14,"var":"vfx.canvPos.sy","angle":236.25,"time":0},{"type":"ease","value":1,"var":"vfx.canvPos.sx","duration":1,"ease":"outCirc","angle":11.25,"time":14},{"time":14,"value":1,"duration":1,"var":"vfx.canvPos.sy","ease":"outCirc","angle":22.5,"type":"ease"},{"type":"deco","rotationinfluence":1.5,"time":15,"angle":11.25,"id":"parented bg"},{"type":"deco","parentid":"","sx":1.2000000476837,"sy":1.2000000476837,"order":-1,"time":16,"oy":320,"ox":320,"id":"bg","sprite":"background.png","angle":270,"drawLayer":"bg"},{"type":"setColor","g":0,"time":15,"r":0,"angle":22.5,"color":0,"b":0},{"type":"setColor","g":255,"order":-1,"b":160,"time":15,"r":0,"color":2,"angle":56.25},{"time":15,"g":255,"type":"setColor","r":0,"angle":33.75,"color":1,"b":160},{"type":"hom","time":15,"enable":false,"angle":112.5},{"type":"noise","chance":0,"color":0,"angle":123.75,"time":15},{"type":"setColor","ease":"outSine","g":50,"duration":1,"b":25,"time":15,"r":0,"color":2,"angle":67.5},{"time":15,"angle":135,"enable":false,"type":"outline","color":0},{"type":"deco","id":"parented bg","time":16,"angle":292.5,"hide":true},{"time":16,"r":-960,"duration":32,"id":"bg","angle":281.25,"type":"deco"},{"type":"ease","value":0,"start":50,"duration":1,"time":16,"var":"vfx.hglitch.strength","angle":157.5,"ease":"outCirc"},{"time":22,"tag":"color cycle 1","angleOffset":false,"angle":180,"type":"tag"},{"time":16,"tag":"color cycle 1","angleOffset":false,"angle":247.5,"type":"tag"},{"time":48,"r":0,"duration":32,"id":"bg","angle":360,"type":"deco"},{"type":"tag","tag":"color cycle 1","angle":180,"angleOffset":false,"time":28},{"time":34,"tag":"color cycle 1","angle":180,"angleOffset":false,"type":"tag"},{"time":40,"tag":"color cycle 1","angle":180,"angleOffset":false,"type":"tag"},{"time":46,"tag":"color cycle 1","angleOffset":false,"angle":168.75,"type":"tag"},{"time":82,"tag":"color cycle 1","angleOffset":false,"angle":225,"type":"tag"},{"time":88,"tag":"color cycle 1","angle":135,"angleOffset":false,"type":"tag"},{"type":"tag","tag":"color cycle 1","angle":-225,"angleOffset":false,"time":95},{"type":"tag","tag":"color cycle 1","angle":135,"angleOffset":false,"time":101},{"type":"tag","tag":"color cycle 1","angle":225,"angleOffset":false,"time":107},{"type":"tag","tag":"color cycle 1","angle":180,"angleOffset":false,"time":113},{"type":"deco","r":-960,"duration":32,"id":"bg","angle":258.75,"time":80},{"type":"deco","r":0,"duration":32,"id":"bg","angle":0,"time":112},{"time":80,"value":90,"var":"vfx.angleTwist.offset","type":"ease","angle":281.25,"duration":4},{"time":119,"tag":"color cycle 1","angle":180,"angleOffset":false,"type":"tag"},{"time":125,"tag":"color cycle 1","angle":180,"angleOffset":false,"type":"tag"},{"time":131,"tag":"color cycle 1","angle":180,"angleOffset":false,"type":"tag"},{"time":137,"tag":"color cycle 1","angleOffset":false,"angle":146.25,"type":"tag"},{"time":144,"g":255,"type":"setColor","r":255,"color":0,"angle":11.25,"b":255},{"type":"setColor","g":255,"order":-1,"b":255,"time":144,"r":255,"color":2,"angle":67.5},{"type":"setColor","ease":"outSine","g":0,"duration":4,"b":95,"time":144,"r":255,"color":1,"angle":33.75},{"type":"setColor","ease":"outSine","g":205,"duration":4,"b":230,"time":144,"r":255,"color":2,"angle":78.75},{"type":"setColor","g":183,"order":-1,"b":203,"time":144,"r":236,"color":1,"angle":22.5},{"type":"deco","id":"bg","duration":16,"r":-960,"angle":258.75,"time":144},{"time":148,"tag":"color cycle 2","angle":90,"angleOffset":false,"type":"tag"},{"time":156,"tag":"color cycle 2","angleOffset":false,"angle":90,"type":"tag"},{"type":"tag","tag":"color cycle 2","angleOffset":false,"angle":90,"time":164},{"type":"tag","tag":"color cycle 2","angleOffset":false,"angle":-90,"time":172},{"type":"tag","tag":"color cycle 2","angleOffset":false,"angle":0,"time":180},{"time":188,"tag":"color cycle 2","angleOffset":false,"angle":0,"type":"tag"},{"time":196,"tag":"color cycle 2","angleOffset":false,"angle":0,"type":"tag"},{"type":"tag","tag":"color cycle 2","angleOffset":false,"angle":0,"time":204},{"type":"tag","tag":"color cycle 2","angleOffset":false,"angle":-180,"time":212},{"time":220,"tag":"color cycle 2","angle":45,"angleOffset":false,"type":"tag"},{"type":"tag","tag":"color cycle 2","angleOffset":false,"angle":-90,"time":228},{"time":236,"tag":"color cycle 2","angleOffset":false,"angle":90,"type":"tag"},{"type":"tag","tag":"color cycle 2","angleOffset":false,"angle":90,"time":244},{"time":252,"tag":"color cycle 2","angleOffset":false,"angle":-90,"type":"tag"},{"time":260,"tag":"color cycle 2","angleOffset":false,"angle":0,"type":"tag"},{"type":"ease","value":-180,"var":"vfx.angleTwist.offset","duration":2,"ease":"outSine","angle":427.5,"time":174},{"type":"deco","id":"bg","r":1920,"duration":48,"angle":270,"time":160},{"type":"deco","r":-2880,"id":"bg","duration":80,"angle":247.5,"time":208},{"type":"setColor","g":255,"duration":1,"b":255,"time":272,"r":255,"color":1,"angle":337.5},{"type":"setColor","g":0,"duration":2,"b":95,"time":272,"r":255,"color":0,"angle":-11.25},{"type":"setColor","g":55,"duration":2,"b":95,"time":272,"r":255,"color":2,"angle":-33.75},{"type":"tag","tag":"color cycle 3","time":274,"angle":180,"angleOffset":false},{"type":"tag","tag":"color cycle 3","angle":90,"angleOffset":false,"time":278},{"type":"tag","tag":"color cycle 3","angleOffset":false,"angle":-90,"time":282},{"type":"tag","tag":"color cycle 3","angleOffset":false,"angle":90,"time":286},{"type":"tag","tag":"color cycle 3","angleOffset":false,"angle":-90,"time":289},{"type":"tag","tag":"color cycle 3","angleOffset":false,"angle":90,"time":293},{"type":"tag","tag":"color cycle 3","angleOffset":false,"angle":-90,"time":297},{"type":"tag","tag":"color cycle 3","angleOffset":false,"angle":90,"time":301},{"type":"tag","tag":"color cycle 3","angleOffset":false,"angle":-90,"time":305},{"type":"tag","tag":"color cycle 3","angleOffset":false,"angle":90,"time":309},{"type":"tag","tag":"color cycle 3","angleOffset":false,"angle":-90,"time":313},{"type":"tag","tag":"color cycle 3","angleOffset":false,"angle":90,"time":317},{"type":"tag","tag":"color cycle 3","angleOffset":false,"angle":-90,"time":321},{"type":"tag","tag":"color cycle 3","angleOffset":false,"angle":90,"time":325},{"type":"tag","tag":"color cycle 3","angleOffset":false,"angle":-90,"time":329},{"type":"tag","tag":"color cycle 3","angleOffset":false,"angle":90,"time":333},{"type":"deco","r":1920,"id":"bg","duration":32,"angle":292.5,"time":288},{"type":"deco","id":"bg","r":0,"order":-1,"angle":303.75,"time":288},{"type":"deco","duration":15.5,"r":960,"id":"bg","angle":270,"time":320},{"time":52,"tag":"color cycle 1","angleOffset":false,"angle":-360,"type":"tag"},{"time":58,"tag":"color cycle 1","angleOffset":false,"angle":-360,"type":"tag"},{"time":64,"tag":"color cycle 1","angleOffset":false,"angle":-360,"type":"tag"},{"time":70,"tag":"color cycle 1","angleOffset":false,"angle":-360,"type":"tag"},{"time":76,"tag":"color cycle 1","angleOffset":false,"angle":-360,"type":"tag"},{"type":"deco","ease":"outSine","duration":11,"hide":true,"r":-990,"id":"bg","angle":191.25,"time":335.5},{"type":"deco","x":-384,"sx":1.2000000476837,"sy":1.2000000476837,"drawLayer":"bg","time":335.5,"parentid":"@player","rotationinfluence":1.5,"id":"parented bg 2","sprite":"background.png","angle":270,"y":-384},{"type":"deco","hide":true,"id":"parented bg 2","time":337,"angle":157.5},{"type":"setColor","ease":"outQuad","g":0,"duration":10,"b":0,"time":337,"r":0,"color":0,"angle":213.75},{"type":"setColor","ease":"outQuad","g":255,"duration":10,"b":255,"time":337,"r":255,"color":3,"angle":247.5},{"type":"setColor","ease":"outQuad","g":55,"duration":10,"b":55,"time":337,"r":55,"angle":596.25,"color":2},{"type":"setColor","ease":"outSine","g":0,"duration":2,"b":0,"time":347,"r":0,"angle":630,"color":2},{"type":"deco","time":337,"id":"bg","hide":false,"angle":146.25},{"type":"ease","value":1,"start":1.25,"duration":1,"time":17,"repeats":31,"repeatDelay":2,"var":"scrollSpeed","angle":0,"ease":"outSine"},{"type":"ease","value":1.5,"duration":2,"var":"scrollSpeed","ease":"outSine","angle":247.5,"time":144},{"type":"tag","tag":"scroll bouncy","angleOffset":false,"angle":326.25,"time":214},{"type":"tag","tag":"scroll bouncy","angleOffset":false,"angle":180,"time":216},{"type":"tag","tag":"scroll bouncy","angleOffset":false,"angle":90,"time":220},{"type":"tag","tag":"scroll bouncy","angle":180,"angleOffset":false,"time":222},{"type":"tag","tag":"scroll bouncy","angleOffset":false,"angle":270,"time":212},{"type":"tag","tag":"scroll bouncy","angleOffset":false,"angle":180,"time":224},{"type":"tag","tag":"scroll bouncy","angleOffset":false,"angle":-360,"time":228},{"type":"tag","tag":"scroll bouncy","angleOffset":false,"angle":101.25,"time":230},{"type":"tag","tag":"scroll bouncy","angleOffset":false,"angle":101.25,"time":238},{"type":"tag","tag":"scroll bouncy","time":232,"angle":180,"angleOffset":false},{"type":"tag","tag":"scroll bouncy","time":236,"angle":56.25,"angleOffset":false}]}