[{"time":1,"type":"block","angle":360},{"time":1.75,"type":"block","angle":45},{"time":2.5,"type":"block","angle":22.5},{"time":3,"type":"block","angle":360},{"time":3.75,"type":"block","angle":22.5},{"time":4.5,"type":"block","angle":45},{"time":5.5,"type":"block","angle":67.5},{"time":6,"type":"block","angle":90},{"time":6.5,"type":"block","angle":112.5},{"time":7,"type":"block","angle":135},{"time":7.75,"type":"block","angle":157.5},{"time":8.5,"type":"block","angle":180},{"time":9,"type":"block","angle":202.5},{"time":9.75,"type":"block","angle":180},{"time":10.5,"type":"block","angle":202.5},{"time":11,"type":"block","angle":202.5},{"time":11.75,"type":"block","angle":180},{"time":12.5,"type":"block","angle":202.5},{"time":13.5,"type":"block","angle":202.5},{"time":14,"type":"block","angle":180},{"time":14.5,"type":"block","angle":202.5},{"time":16.75,"type":"block","angle":202.5},{"time":15,"type":"block","angle":247.5},{"time":15.25,"type":"block","angle":292.5},{"time":15.75,"type":"block","angle":247.5},{"time":16.25,"type":"block","angle":225},{"time":17,"type":"block","angle":180},{"time":17,"type":"extraTap","angle":135},{"time":17,"type":"block","angle":157.5},{"time":17,"type":"block","angle":202.5},{"time":17.75,"type":"block","angle":157.5},{"time":18.5,"type":"block","angle":180},{"time":19,"type":"block","angle":202.5},{"time":19.75,"type":"block","angle":225},{"time":20.25,"type":"block","angle":247.5},{"time":21.25,"type":"block","angle":270},{"time":21.75,"type":"block","angle":292.5},{"time":22.25,"type":"block","angle":315},{"time":23,"type":"block","angle":337.5},{"time":23.75,"type":"block","angle":360},{"time":24.5,"type":"block","angle":337.5},{"time":25.75,"type":"block","angle":292.5},{"time":25,"type":"block","angle":315},{"time":26.5,"type":"block","angle":315},{"time":27,"type":"block","angle":337.5},{"time":27.75,"type":"block","angle":0},{"time":28.5,"type":"block","angle":45},{"time":29.5,"type":"block","angle":90},{"time":30,"type":"block","angle":112.5},{"time":30.5,"type":"block","angle":135},{"time":31,"type":"block","angle":157.5},{"time":31.25,"type":"block","angle":157.5},{"time":31.75,"type":"block","angle":180},{"time":32.25,"type":"block","angle":202.5},{"time":32.75,"type":"block","angle":225},{"time":33,"type":"block","angle":225},{"time":33,"type":"block","angle":247.5},{"time":33,"type":"block","angle":202.5},{"time":33.75,"type":"block","angle":247.5},{"time":34.5,"type":"block","angle":315},{"time":35,"type":"block","angle":22.5},{"time":35.75,"type":"block","angle":112.5},{"time":36.5,"type":"block","angle":22.5},{"time":37.5,"type":"block","angle":22.5},{"time":38,"type":"block","angle":67.5},{"time":38.5,"type":"block","angle":90},{"time":40.25,"type":"block","angle":202.5},{"time":41,"type":"block","angle":225},{"time":43,"type":"block","angle":337.5},{"time":39,"type":"block","angle":157.5},{"time":39.75,"type":"block","angle":180},{"time":43.75,"type":"block","angle":0},{"time":44.25,"type":"block","angle":22.5},{"time":45.25,"type":"block","angle":67.5},{"time":46,"type":"block","angle":90},{"time":46.5,"type":"block","angle":112.5},{"time":47,"type":"block","angle":135},{"time":47.25,"type":"block","angle":157.5},{"time":47.75,"type":"block","angle":135},{"time":48.25,"type":"block","angle":157.5},{"time":48.75,"type":"block","angle":135},{"angle2":270,"angle":157.5,"duration":1.25,"time":49,"type":"hold"},{"time":49,"type":"extraTap","angle":90},{"time":51.75,"type":"block","angle":315},{"time":54.5,"type":"block","angle":45},{"angle2":135,"angle":90,"duration":0.5,"time":55,"type":"hold"},{"angle2":67.5,"angle":135,"duration":0.5,"time":55.5,"type":"hold"},{"angle2":90,"angle":67.5,"duration":0.5,"time":56,"type":"hold"},{"time":57,"type":"block","angle":90},{"type":"hold","angle":45,"duration":1.5,"time":60.5,"angle2":-67.5},{"angle2":247.5,"angle":270,"duration":0.25,"time":63.5,"type":"hold"},{"type":"hold","angle":247.5,"duration":0.25,"time":63.75,"angle2":292.5},{"angle2":225,"angle":292.5,"duration":0.25,"time":64,"type":"hold"},{"time":58.5,"type":"block","angle":90},{"time":59.5,"type":"block","angle":45},{"angle2":315,"angle":247.5,"duration":0.75,"time":41.75,"type":"hold"},{"time":21,"type":"extraTap","angle":247.5},{"time":25,"type":"extraTap","angle":337.5},{"time":29,"type":"extraTap","angle":67.5},{"time":33,"type":"extraTap","angle":180},{"time":37,"type":"extraTap","angle":22.5},{"time":41,"type":"extraTap","angle":202.5},{"time":45,"type":"extraTap","angle":45},{"time":64.25,"type":"inverse","angle":225},{"time":63.75,"type":"inverse","angle":247.5},{"time":63.5,"type":"inverse","angle":270},{"time":64,"type":"inverse","angle":292.5},{"time":65,"type":"block","angle":225},{"time":65.5,"type":"block","angle":225},{"time":66.5,"type":"block","angle":202.5},{"type":"hold","angle":180,"duration":1,"time":68,"angle2":112.5},{"type":"hold","angle":90,"duration":0.5,"time":70.5,"angle2":45},{"type":"hold","angle":45,"duration":0.5,"time":71,"angle2":67.5},{"type":"hold","angle":67.5,"duration":0.5,"time":71.5,"angle2":45},{"type":"hold","angle":45,"duration":0.5,"time":72,"angle2":22.5},{"type":"hold","angle":0,"duration":1.25,"time":73,"angle2":45},{"time":75.25,"type":"block","angle":90},{"type":"hold","angle":67.5,"duration":1.5,"time":76.25,"angle2":-90},{"type":"hold","angle":90,"duration":1.5,"time":76.25,"angle2":-90},{"type":"hold","angle":112.5,"duration":1.5,"time":76.25,"angle2":-90},{"angle2":292.5,"angle":270,"duration":0.25,"time":79.5,"type":"hold"},{"angle2":247.5,"angle":292.5,"duration":0.25,"time":79.75,"type":"hold"},{"angle2":270,"angle":247.5,"duration":0.25,"time":80,"type":"hold"},{"angle2":472.5,"angle":337.5,"duration":1.5,"time":81,"type":"hold"},{"angle2":202.5,"angle":180,"duration":0.75,"time":85.75,"type":"hold"},{"angle2":180,"angle":202.5,"duration":1,"time":86.5,"type":"hold"},{"angle2":180,"angle":157.5,"duration":0.25,"time":88,"type":"hold"},{"angle2":180,"angle":180,"duration":0.5,"time":88.25,"type":"hold"},{"type":"hold","angle":180,"duration":1,"time":88.75,"angle2":67.5},{"time":83,"type":"mine","angle":315},{"time":83,"type":"mine","angle":360},{"time":84,"type":"mine","angle":45},{"time":84,"type":"mine","angle":360},{"time":85,"type":"mine","angle":315},{"time":85,"type":"mine","angle":360},{"time":85,"type":"mine","angle":45},{"time":90,"type":"mine","angle":247.5},{"time":90,"type":"mine","angle":202.5},{"time":91,"type":"mine","angle":202.5},{"time":91,"type":"mine","angle":112.5},{"time":91,"type":"mine","angle":157.5},{"angle2":67.5,"angle":112.5,"duration":1,"time":90,"type":"mineHold"},{"angle2":270,"angle":225,"duration":1,"time":83,"type":"mineHold"},{"angle2":135,"angle":90,"duration":1,"time":83,"type":"mineHold"},{"angle2":225,"angle":270,"duration":1,"time":84,"type":"mineHold"},{"angle2":135,"angle":135,"duration":1,"time":84,"type":"mineHold"},{"time":90,"type":"mine","angle":157.5},{"time":90,"type":"mine","angle":292.5},{"angle2":292.5,"angle":337.5,"duration":1,"time":90,"type":"mineHold"},{"time":91,"type":"mine","angle":247.5},{"time":85,"type":"mine","angle":270},{"time":84,"type":"mine","angle":315},{"time":84,"type":"mine","angle":90},{"time":85,"type":"mine","angle":90},{"time":83,"type":"mine","angle":270},{"time":83,"type":"mine","angle":45},{"angle2":247.5,"angle":292.5,"duration":1,"time":91,"type":"mineHold"},{"angle2":22.5,"angle":67.5,"duration":1,"time":91,"type":"mineHold"},{"time":92,"type":"mine","angle":202.5},{"time":92,"type":"mine","angle":157.5},{"time":92,"type":"mine","angle":112.5},{"time":92,"type":"mine","angle":67.5},{"time":93,"type":"mine","angle":157.5},{"time":93,"type":"mine","angle":112.5},{"time":93,"type":"mine","angle":67.5},{"time":93,"type":"mine","angle":22.5},{"angle2":202.5,"angle":247.5,"duration":1,"time":92,"type":"mineHold"},{"angle2":-22.5,"angle":22.5,"duration":1,"time":92,"type":"mineHold"},{"type":"hold","angle":270,"duration":1,"time":93.5,"angle2":202.5},{"type":"hold","angle":202.5,"duration":1,"time":94.5,"angle2":112.5},{"type":"hold","angle":112.5,"duration":0.5,"time":95.5,"angle2":112.5},{"type":"hold","angle":112.5,"duration":1,"time":96,"angle2":180},{"type":"hold","angle":180,"duration":1,"time":97,"angle2":202.5},{"type":"hold","angle":180,"duration":1,"time":97,"angle2":180},{"type":"hold","angle":180,"duration":1,"time":97,"angle2":157.5},{"type":"hold","angle":202.5,"duration":3.5,"time":98,"angle2":337.5},{"type":"hold","angle":180,"duration":3.5,"time":98,"angle2":337.5},{"type":"hold","angle":157.5,"duration":3.5,"time":98,"angle2":337.5},{"type":"hold","angle":360,"duration":1,"time":102.25,"angle2":315},{"type":"hold","angle":315,"duration":0.5,"time":103.25,"angle2":337.5},{"type":"hold","angle":337.5,"duration":0.5,"time":103.75,"angle2":292.5},{"angle2":472.5,"angle":292.5,"duration":2,"time":104.25,"type":"hold"},{"type":"hold","angle":135,"duration":0.5,"time":109.5,"angle2":157.5},{"type":"hold","angle":157.5,"duration":0.5,"time":110,"angle2":180},{"type":"hold","angle":180,"duration":0.5,"time":110.5,"angle2":202.5},{"type":"hold","angle":202.5,"duration":1,"time":111,"angle2":202.5},{"type":"hold","angle":202.5,"duration":1,"time":112,"angle2":180},{"time":113,"type":"extraTap","angle":157.5},{"type":"hold","angle":180,"duration":2,"time":113,"angle2":540},{"time":116,"type":"block","angle":225},{"time":116,"type":"block","angle":202.5},{"time":116.5,"type":"block","angle":135},{"time":116.5,"type":"block","angle":157.5},{"type":"hold","angle":202.5,"duration":1,"time":119,"angle2":247.5},{"type":"hold","angle":180,"duration":1,"time":119,"angle2":225},{"time":123,"type":"block","angle":630},{"time":123,"type":"block","angle":607.5},{"time":123,"type":"block","angle":585},{"time":121.5,"type":"block","angle":450},{"time":121.5,"type":"block","angle":427.5},{"time":121.5,"type":"block","angle":405},{"time":122.25,"type":"block","angle":495},{"time":122.25,"type":"block","angle":517.5},{"time":122.25,"type":"block","angle":540},{"time":123,"type":"extraTap","angle":562.5},{"time":121.5,"type":"extraTap","angle":382.5},{"time":122.25,"type":"extraTap","angle":472.5},{"type":"mineHold","angle":90,"duration":1,"time":107,"angle2":67.5},{"type":"mineHold","angle":225,"duration":1,"time":107,"angle2":202.5},{"time":107,"type":"mine","angle":270},{"time":107,"type":"mine","angle":315},{"time":107,"type":"mine","angle":0},{"time":107,"type":"mine","angle":45},{"time":108,"type":"mine","angle":22.5},{"time":108,"type":"mine","angle":337.5},{"time":108,"type":"mine","angle":292.5},{"time":108,"type":"mine","angle":247.5},{"time":123.75,"type":"block","angle":315},{"time":124.5,"type":"block","angle":360},{"time":124.75,"type":"block","angle":360},{"angle2":405,"duration":0.5,"angle":360,"time":126.25,"type":"hold"},{"angle2":-22.5,"angle":45,"type":"hold","time":126.75,"duration":1},{"type":"hold","duration":2.5,"angle":337.5,"time":129,"angle2":697.5},{"angle2":-45,"angle":0,"duration":0.5,"time":132,"type":"hold"},{"angle2":180,"angle":202.5,"type":"mineHold","time":108,"duration":1},{"angle2":45,"duration":1,"angle":67.5,"time":108,"type":"mineHold"},{"time":109,"type":"mine","angle":0},{"time":109,"type":"mine","angle":315},{"time":109,"type":"mine","angle":270},{"time":109,"type":"mine","angle":225},{"type":"hold","angle":0,"duration":0.75,"time":135,"angle2":22.5},{"type":"hold","angle":22.5,"duration":0.75,"time":135.75,"angle2":22.5},{"time":137.5,"type":"block","angle":67.5},{"time":137.5,"type":"block","angle":90},{"time":137.5,"type":"block","angle":112.5},{"angle2":270,"duration":0.75,"angle":247.5,"time":139,"type":"hold"},{"angle2":270,"angle":270,"type":"hold","time":139,"duration":0.75},{"angle2":270,"angle":292.5,"type":"hold","time":139,"duration":0.75},{"time":138.25,"type":"block","angle":202.5},{"time":138.25,"type":"block","angle":180},{"time":138.25,"type":"block","angle":157.5},{"angle2":292.5,"angle":270,"type":"hold","time":140.5,"duration":0.5},{"type":"hold","angle":292.5,"angle2":337.5,"time":141,"duration":1},{"time":139,"type":"extraTap","angle":225},{"time":138.25,"type":"extraTap","angle":225},{"time":137.5,"type":"extraTap","angle":45},{"type":"hold","duration":1,"angle":360,"time":143,"angle2":382.5},{"type":"hold","duration":1,"angle":22.5,"time":144,"angle2":-22.5},{"angle2":517.5,"angle":337.5,"duration":1.5,"time":145,"type":"hold"},{"time":147.25,"type":"block","angle":180},{"type":"hold","duration":2,"angle":202.5,"time":148.5,"angle2":0},{"type":"hold","duration":1.25,"angle":360,"time":151.5,"angle2":630},{"time":153,"type":"extraTap","angle":292.5},{"time":133,"type":"mine","angle":157.5},{"time":133,"type":"mine","angle":112.5},{"time":133,"type":"mine","angle":67.5},{"time":133,"type":"mine","angle":22.5},{"angle2":247.5,"duration":1,"angle":202.5,"time":133,"type":"mineHold"},{"angle2":382.5,"duration":1,"angle":337.5,"time":133,"type":"mineHold"},{"time":134,"type":"mine","angle":202.5},{"time":134,"type":"mine","angle":157.5},{"time":134,"type":"mine","angle":112.5},{"time":134,"type":"mine","angle":67.5},{"time":153.75,"type":"block","angle":292.5},{"time":154.5,"type":"block","angle":315},{"time":155,"type":"block","angle":292.5},{"time":155.75,"type":"block","angle":315},{"time":156.5,"type":"block","angle":0},{"time":157.5,"type":"block","angle":22.5},{"time":158,"type":"block","angle":45},{"time":158.5,"type":"block","angle":67.5},{"time":159,"type":"block","angle":112.5},{"time":159.75,"type":"block","angle":135},{"time":160.5,"type":"block","angle":202.5},{"time":157,"type":"extraTap","angle":0},{"time":161,"type":"extraTap","angle":202.5},{"time":161,"type":"block","angle":225},{"time":161.75,"type":"block","angle":270},{"time":162.5,"type":"block","angle":225},{"time":163,"type":"block","angle":180},{"time":163.75,"type":"block","angle":135},{"time":164.5,"type":"block","angle":45},{"time":165,"type":"extraTap","angle":67.5},{"time":165.5,"type":"block","angle":22.5},{"time":166,"type":"block","angle":0},{"time":166.5,"type":"block","angle":337.5},{"time":167,"type":"block","angle":22.5},{"time":167.25,"type":"block","angle":0},{"time":167.75,"type":"block","angle":67.5},{"time":168.25,"type":"block","angle":45},{"time":168.75,"type":"block","angle":22.5},{"type":"hold","angle":360,"duration":1.5,"time":169,"angle2":427.5},{"angle2":45,"angle":67.5,"type":"hold","time":170.5,"duration":1.5},{"type":"hold","angle":45,"angle2":112.5,"time":172,"duration":1.5},{"time":174.5,"type":"block","angle":112.5},{"time":175,"type":"block","angle":135},{"time":175.5,"type":"block","angle":135},{"time":176,"type":"block","angle":157.5},{"time":176.25,"type":"block","angle":157.5},{"type":"hold","angle":180,"angle2":22.5,"time":177,"duration":1.5},{"time":179.25,"type":"block","angle":315},{"type":"hold","angle":315,"angle2":112.5,"time":180.25,"duration":1.5},{"type":"hold","angle":90,"angle2":67.5,"time":183.5,"duration":0.25},{"type":"hold","angle":67.5,"angle2":157.5,"time":183.75,"duration":0.25},{"type":"hold","duration":0.25,"angle":157.5,"time":184,"angle2":112.5},{"time":183.5,"type":"inverse","angle":90},{"time":183.75,"type":"inverse","angle":67.5},{"time":184,"type":"inverse","angle":157.5},{"time":184.25,"type":"inverse","angle":112.5},{"type":"hold","duration":1.5,"angle":112.5,"time":185,"angle2":67.5},{"angle2":112.5,"angle":67.5,"duration":1.75,"time":188,"type":"hold"},{"type":"hold","angle":180,"angle2":292.5,"time":192.75,"duration":1.75},{"time":190.5,"type":"block","angle":135},{"time":191,"type":"block","angle":157.5},{"time":191.5,"type":"block","angle":180},{"time":191.75,"type":"block","angle":157.5},{"time":192.25,"type":"block","angle":180},{"time":195.5,"type":"block","angle":292.5},{"type":"hold","duration":1.25,"angle":315,"time":196.5,"angle2":337.5},{"type":"hold","angle":337.5,"duration":0.25,"time":199.5,"angle2":360},{"angle2":405,"duration":0.25,"angle":360,"time":199.75,"type":"hold"},{"type":"hold","angle":45,"duration":0.25,"time":200,"angle2":112.5},{"time":199.5,"type":"inverse","angle":337.5},{"time":199.75,"type":"inverse","angle":360},{"time":200,"type":"inverse","angle":45},{"time":200.25,"type":"inverse","angle":112.5},{"angle2":202.5,"angle":112.5,"type":"hold","time":201,"duration":1.5},{"time":205.5,"type":"block","angle":90},{"angle2":22.5,"angle":67.5,"type":"hold","time":206,"duration":1.25},{"type":"mineHold","duration":1,"angle":247.5,"time":203,"angle2":202.5},{"angle2":67.5,"angle":112.5,"duration":1,"time":203,"type":"mineHold"},{"type":"mineHold","duration":1,"angle":67.5,"time":204,"angle2":22.5},{"type":"mineHold","duration":1,"angle":202.5,"time":204,"angle2":157.5},{"time":205,"type":"mine","angle":337.5},{"time":205,"type":"mine","angle":292.5},{"time":204,"type":"mine","angle":337.5},{"time":204,"type":"mine","angle":292.5},{"time":204,"type":"mine","angle":247.5},{"time":205,"type":"mine","angle":247.5},{"time":205,"type":"mine","angle":202.5},{"time":203,"type":"mine","angle":292.5},{"time":203,"type":"mine","angle":337.5},{"time":203,"type":"mine","angle":22.5},{"time":203,"type":"mine","angle":67.5},{"angle2":22.5,"angle":0,"type":"hold","time":208,"duration":0.25},{"type":"hold","angle":22.5,"duration":0.5,"time":208.25,"angle2":22.5},{"angle2":247.5,"duration":2,"angle":22.5,"time":208.75,"type":"hold"},{"time":211,"type":"mine","angle":135},{"time":211,"type":"mine","angle":90},{"time":211,"type":"mine","angle":45},{"time":211,"type":"mine","angle":0},{"angle2":337.5,"angle":315,"duration":1,"time":211,"type":"mineHold"},{"type":"mineHold","angle":180,"angle2":202.5,"time":211,"duration":1},{"type":"mineHold","duration":1,"angle":202.5,"time":212,"angle2":157.5},{"type":"mineHold","angle":337.5,"angle2":292.5,"time":212,"duration":1},{"time":212,"type":"mine","angle":22.5},{"time":212,"type":"mine","angle":67.5},{"time":212,"type":"mine","angle":112.5},{"time":212,"type":"mine","angle":157.5},{"time":213,"type":"mine","angle":112.5},{"time":213,"type":"mine","angle":67.5},{"time":213,"type":"mine","angle":22.5},{"time":213,"type":"mine","angle":337.5},{"time":51,"type":"mine","angle":180},{"time":51,"type":"mine","angle":135},{"time":51,"type":"mine","angle":90},{"time":51,"type":"mine","angle":45},{"time":52,"type":"mine","angle":90},{"time":52,"type":"mine","angle":135},{"time":52,"type":"mine","angle":180},{"time":52,"type":"mine","angle":225},{"time":53,"type":"mine","angle":292.5},{"time":53,"type":"mine","angle":247.5},{"time":53,"type":"mine","angle":202.5},{"time":53,"type":"mine","angle":157.5},{"angle2":337.5,"duration":1,"angle":270,"time":52,"type":"mineHold"},{"type":"mineHold","angle":45,"duration":1,"time":52,"angle2":112.5},{"angle2":270,"angle":225,"type":"mineHold","time":51,"duration":1},{"type":"mineHold","angle":0,"duration":1,"time":51,"angle2":45},{"type":"hold","angle":202.5,"angle2":270,"time":214,"duration":0.75},{"time":215.5,"type":"block","angle":315},{"type":"hold","angle":337.5,"angle2":382.5,"time":216,"duration":0.75},{"type":"hold","angle":22.5,"angle2":-202.5,"time":216.75,"duration":3},{"time":221.5,"type":"block","angle":90},{"time":222.5,"type":"block","angle":67.5},{"time":223.5,"type":"block","angle":67.5},{"time":224,"type":"block","angle":67.5},{"time":224.25,"type":"block","angle":45},{"time":224.75,"type":"block","angle":22.5},{"angle2":180,"angle":225,"type":"mineHold","time":220,"duration":1},{"angle2":45,"duration":1,"angle":90,"time":220,"type":"mineHold"},{"time":220,"type":"mine","angle":270},{"time":220,"type":"mine","angle":315},{"time":220,"type":"mine","angle":360},{"time":220,"type":"mine","angle":45},{"time":221,"type":"mine","angle":0},{"time":221,"type":"mine","angle":315},{"time":221,"type":"mine","angle":270},{"time":221,"type":"mine","angle":225},{"time":229.5,"type":"block","angle":180},{"time":230,"type":"block","angle":202.5},{"time":230.5,"type":"block","angle":180},{"type":"hold","angle":157.5,"duration":1,"time":231,"angle2":180},{"angle2":180,"duration":1,"angle":180,"time":232,"type":"hold"},{"angle2":540,"angle":180,"type":"hold","time":233,"duration":2},{"angle2":315,"angle":270,"type":"hold","time":236,"duration":0.5},{"time":239,"type":"block","angle":360},{"time":239.75,"type":"block","angle":22.5},{"time":241.5,"type":"block","angle":67.5},{"time":241.5,"type":"block","angle":90},{"time":241.5,"type":"block","angle":112.5},{"time":243,"type":"block","angle":112.5},{"time":243,"type":"block","angle":90},{"time":243,"type":"block","angle":67.5},{"time":243,"type":"extraTap","angle":135},{"time":242.25,"type":"extraTap","angle":315},{"time":241.5,"type":"extraTap","angle":135},{"time":242.25,"type":"inverse","angle":247.5},{"time":242.25,"type":"inverse","angle":270},{"time":242.25,"type":"inverse","angle":292.5},{"time":243.75,"type":"block","angle":270},{"time":244.5,"type":"block","angle":292.5},{"type":"hold","angle":270,"angle2":360,"time":244.75,"duration":1},{"time":246.5,"type":"block","angle":22.5},{"time":247,"type":"block","angle":45},{"time":247.75,"type":"block","angle":67.5},{"type":"hold","angle":90,"angle2":450,"time":249,"duration":3},{"time":255,"type":"block","angle":135},{"time":256,"type":"block","angle":135},{"angle2":-22.5,"duration":1,"angle":22.5,"time":252,"type":"mineHold"},{"angle2":112.5,"angle":157.5,"type":"mineHold","time":252,"duration":1},{"time":252.5,"type":"block","angle":67.5},{"type":"mineHold","angle":112.5,"duration":1,"time":253,"angle2":180},{"angle2":405,"duration":1,"angle":337.5,"time":253,"type":"mineHold"},{"time":252,"type":"mine","angle":202.5},{"time":252,"type":"mine","angle":247.5},{"time":252,"type":"mine","angle":292.5},{"time":252,"type":"mine","angle":337.5},{"time":253,"type":"mine","angle":292.5},{"time":253,"type":"mine","angle":247.5},{"time":253,"type":"mine","angle":202.5},{"time":253,"type":"mine","angle":157.5},{"time":254,"type":"mine","angle":360},{"time":254,"type":"mine","angle":315},{"time":254,"type":"mine","angle":270},{"time":254,"type":"mine","angle":225},{"time":257.5,"type":"inverse","angle":112.5},{"time":257.5,"type":"inverse","angle":135},{"time":257.5,"type":"inverse","angle":157.5},{"time":258.25,"type":"block","angle":270},{"time":258.25,"type":"block","angle":247.5},{"time":258.25,"type":"block","angle":225},{"type":"hold","angle":315,"duration":0.75,"time":259,"angle2":405},{"angle2":405,"angle":337.5,"duration":0.75,"time":259,"type":"hold"},{"type":"hold","angle":360,"angle2":405,"time":259,"duration":0.75},{"angle2":0,"angle":67.5,"type":"hold","time":260.5,"duration":0.5},{"time":259,"type":"extraTap","angle":292.5},{"time":258.25,"type":"extraTap","angle":292.5},{"time":257.5,"type":"extraTap","angle":292.5},{"time":263,"type":"block","angle":360},{"time":264,"type":"block","angle":45},{"type":"hold","angle":360,"duration":1.5,"time":265,"angle2":225},{"time":267.5,"type":"block","angle":202.5},{"angle2":90,"angle":180,"type":"hold","time":268.5,"duration":1.75},{"angle2":135,"angle":90,"type":"hold","time":270.25,"duration":1},{"time":272.5,"type":"block","angle":157.5},{"type":"hold","angle":180,"duration":1.5,"time":276.75,"angle2":135},{"angle2":202.5,"duration":1.25,"angle":135,"time":278.25,"type":"hold"},{"angle2":1057.5,"duration":5.5,"angle":202.5,"time":279.5,"type":"hold"},{"time":281,"type":"extraTap","angle":135},{"time":285,"type":"extraTap","angle":360},{"angle2":45,"angle":67.5,"type":"mineHold","time":225,"duration":1},{"angle2":270,"duration":1,"angle":292.5,"time":225,"type":"mineHold"},{"angle2":225,"duration":1,"angle":270,"time":226,"type":"mineHold"},{"type":"mineHold","angle":45,"duration":1,"time":226,"angle2":0},{"type":"mineHold","duration":1,"angle":225,"time":227,"angle2":157.5},{"type":"mineHold","duration":1,"angle":0,"time":227,"angle2":-67.5},{"type":"mineHold","duration":1,"angle":157.5,"time":228,"angle2":112.5},{"type":"mineHold","duration":1,"angle":292.5,"time":228,"angle2":247.5},{"time":225,"type":"mine","angle":247.5},{"time":225,"type":"mine","angle":202.5},{"time":225,"type":"mine","angle":157.5},{"time":225,"type":"mine","angle":112.5},{"time":226,"type":"mine","angle":225},{"time":226,"type":"mine","angle":180},{"time":226,"type":"mine","angle":135},{"time":226,"type":"mine","angle":90},{"time":227,"type":"mine","angle":45},{"time":227,"type":"mine","angle":90},{"time":227,"type":"mine","angle":135},{"time":227,"type":"mine","angle":180},{"time":229,"type":"mine","angle":67.5},{"time":229,"type":"mine","angle":22.5},{"time":229,"type":"mine","angle":337.5},{"time":229,"type":"mine","angle":292.5},{"time":262,"type":"mine","angle":112.5},{"time":262,"type":"mine","angle":157.5},{"time":262,"type":"mine","angle":202.5},{"time":262,"type":"mine","angle":247.5},{"type":"mineHold","duration":1,"angle":292.5,"time":262,"angle2":292.5},{"angle2":67.5,"angle":67.5,"duration":1,"time":262,"type":"mineHold"},{"time":263,"type":"mine","angle":247.5},{"time":263,"type":"mine","angle":202.5},{"time":263,"type":"mine","angle":157.5},{"time":263,"type":"mine","angle":112.5},{"time":273,"type":"block","angle":225},{"time":274.25,"type":"block","angle":135},{"time":275.5,"type":"block","angle":157.5},{"time":285.5,"type":"block","angle":337.5},{"time":286,"type":"block","angle":360},{"time":286.5,"type":"block","angle":337.5},{"time":287,"type":"block","angle":22.5},{"time":287.75,"type":"block","angle":45},{"time":288.5,"type":"block","angle":22.5},{"time":289,"type":"extraTap","angle":45},{"time":289,"type":"block","angle":360},{"time":289.75,"type":"block","angle":315},{"time":290.5,"type":"block","angle":337.5},{"time":291,"type":"block","angle":360},{"time":291.75,"type":"block","angle":337.5},{"time":292.25,"type":"block","angle":315},{"time":293.5,"type":"block","angle":202.5},{"time":294,"type":"block","angle":225},{"time":294.5,"type":"block","angle":270},{"time":295.25,"type":"block","angle":315},{"time":295.75,"type":"block","angle":337.5},{"time":296.25,"type":"block","angle":0},{"time":295,"type":"block","angle":292.5},{"time":296.75,"type":"block","angle":22.5},{"time":297,"type":"block","angle":45},{"time":293,"type":"extraTap","angle":67.5},{"time":297,"type":"extraTap","angle":67.5},{"time":297.75,"type":"block","angle":67.5},{"time":298.5,"type":"block","angle":45},{"time":299,"type":"block","angle":22.5},{"time":299.75,"type":"block","angle":360},{"time":300.5,"type":"block","angle":337.5},{"time":301.5,"type":"block","angle":292.5},{"time":302,"type":"block","angle":270},{"time":303,"type":"block","angle":225},{"time":302.5,"type":"block","angle":247.5},{"time":303.75,"type":"block","angle":202.5},{"time":304.5,"type":"block","angle":157.5},{"time":305,"type":"block","angle":157.5},{"time":305.75,"type":"block","angle":180},{"time":306.5,"type":"block","angle":202.5},{"time":307,"type":"block","angle":180},{"time":307.75,"type":"block","angle":157.5},{"time":308.5,"type":"block","angle":90},{"time":309.5,"type":"block","angle":180},{"time":310,"type":"block","angle":202.5},{"time":310.5,"type":"block","angle":247.5},{"time":311,"type":"block","angle":225},{"time":311.25,"type":"block","angle":202.5},{"time":311.75,"type":"block","angle":180},{"time":312.25,"type":"block","angle":157.5},{"time":312.75,"type":"block","angle":157.5},{"time":311,"type":"block","angle":225},{"type":"hold","angle":180,"angle2":202.5,"time":313,"duration":0.25},{"type":"hold","duration":0.5,"angle":202.5,"time":313.25,"angle2":157.5},{"angle2":157.5,"angle":157.5,"type":"hold","time":313.75,"duration":1},{"time":301,"type":"extraTap","angle":112.5},{"time":305,"type":"extraTap","angle":112.5},{"time":309,"type":"extraTap","angle":112.5},{"time":313,"type":"extraTap","angle":112.5},{"angle2":225,"angle":202.5,"duration":0.25,"time":319,"type":"hold"},{"type":"hold","duration":0.5,"angle":225,"time":319.25,"angle2":180},{"type":"hold","duration":0.5,"angle":180,"time":319.75,"angle2":180},{"type":"hold","duration":0.25,"angle":135,"time":320.75,"angle2":157.5},{"angle2":112.5,"angle":157.5,"duration":0.5,"time":321,"type":"hold"},{"angle2":112.5,"duration":1,"angle":112.5,"time":321.5,"type":"hold"},{"angle2":90,"angle":67.5,"type":"hold","time":327,"duration":0.25},{"angle2":45,"duration":0.5,"angle":90,"time":327.25,"type":"hold"},{"angle2":45,"duration":0.75,"angle":45,"time":327.75,"type":"hold"},{"type":"hold","angle":450,"duration":0.25,"time":329,"angle2":472.5},{"type":"hold","angle":112.5,"duration":0.5,"time":329.25,"angle2":67.5},{"type":"hold","duration":1.25,"angle":427.5,"time":329.75,"angle2":427.5},{"time":330.5,"type":"inverse","angle":67.5},{"time":331,"type":"inverse","angle":67.5},{"time":332,"type":"inverse","angle":90},{"time":332.5,"type":"inverse","angle":90},{"type":"hold","angle":180,"duration":0.25,"time":335,"angle2":202.5},{"angle2":157.5,"angle":202.5,"type":"hold","time":335.25,"duration":0.5},{"angle2":157.5,"duration":0.5,"angle":157.5,"time":335.75,"type":"hold"},{"angle2":180,"angle":202.5,"type":"hold","time":336.75,"duration":0.25},{"angle2":225,"angle":180,"type":"hold","time":337,"duration":0.5},{"type":"hold","angle":225,"duration":1,"time":337.5,"angle2":225},{"time":340,"type":"inverse","angle":270},{"time":340.5,"type":"inverse","angle":270},{"time":338.5,"type":"inverse","angle":225},{"time":339,"type":"inverse","angle":225},{"angle2":495,"duration":50,"angle":315,"time":313,"type":"mineHold"},{"angle2":315,"angle":270,"duration":0.5,"time":342.5,"type":"hold"},{"angle2":292.5,"angle":315,"duration":0.5,"time":343,"type":"hold"},{"angle2":270,"angle":292.5,"duration":0.5,"time":343.5,"type":"hold"},{"angle2":315,"angle":270,"duration":0.5,"time":344,"type":"hold"},{"type":"hold","duration":0.25,"angle":360,"time":345,"angle2":382.5},{"angle2":-22.5,"angle":22.5,"duration":0.5,"time":345.25,"type":"hold"},{"type":"hold","angle":337.5,"angle2":337.5,"time":345.75,"duration":1.25},{"time":346.5,"type":"inverse","angle":337.5},{"time":347,"type":"inverse","angle":337.5},{"time":348,"type":"inverse","angle":337.5},{"time":348.5,"type":"inverse","angle":337.5},{"type":"hold","angle":45,"angle2":22.5,"time":351,"duration":0.25},{"angle2":67.5,"angle":22.5,"duration":0.5,"time":351.25,"type":"hold"},{"angle2":67.5,"angle":67.5,"duration":0.5,"time":351.75,"type":"hold"},{"type":"hold","duration":0.25,"angle":45,"time":352.75,"angle2":67.5},{"angle2":22.5,"angle":67.5,"duration":0.5,"time":353,"type":"hold"},{"type":"hold","angle":22.5,"angle2":22.5,"time":353.5,"duration":1},{"time":354.5,"type":"inverse","angle":22.5},{"time":355,"type":"inverse","angle":22.5},{"time":356,"type":"inverse","angle":22.5},{"time":356.5,"type":"inverse","angle":22.5},{"angle2":67.5,"duration":11,"angle":135,"time":334,"type":"mineHold"},{"angle2":135,"duration":1,"angle":22.5,"time":333,"type":"mineHold"},{"angle2":360,"angle":337.5,"type":"hold","time":358.5,"duration":0.5},{"type":"hold","angle":360,"duration":0.5,"time":359,"angle2":292.5},{"angle2":270,"angle":292.5,"type":"hold","time":359.5,"duration":0.5},{"angle2":292.5,"duration":0.5,"angle":270,"time":360,"type":"hold"},{"angle2":225,"angle":247.5,"type":"hold","time":361,"duration":0.25},{"type":"hold","angle":225,"duration":0.5,"time":361.25,"angle2":180},{"angle2":180,"duration":1.25,"angle":180,"time":361.75,"type":"hold"},{"time":362.5,"type":"inverse","angle":180},{"time":363,"type":"inverse","angle":180},{"time":364,"type":"inverse","angle":180},{"time":364.5,"type":"inverse","angle":180},{"angle2":-855,"angle":135,"duration":20,"time":363,"type":"mineHold"},{"type":"hold","angle":180,"duration":0.25,"time":367,"angle2":202.5},{"type":"hold","angle":202.5,"duration":0.5,"time":367.25,"angle2":157.5},{"angle2":157.5,"angle":157.5,"type":"hold","time":367.75,"duration":0.5},{"angle2":157.5,"duration":0.25,"angle":135,"time":368.75,"type":"hold"},{"angle2":112.5,"duration":0.5,"angle":157.5,"time":369,"type":"hold"},{"angle2":67.5,"angle":112.5,"type":"hold","time":369.5,"duration":1.25},{"time":370.25,"type":"inverse","angle":90},{"time":370.75,"type":"inverse","angle":67.5},{"time":371.75,"type":"inverse","angle":0},{"time":372.25,"type":"inverse","angle":337.5},{"type":"hold","angle":225,"angle2":202.5,"time":374.25,"duration":0.5},{"type":"hold","duration":0.5,"angle":202.5,"time":374.75,"angle2":202.5},{"type":"hold","angle":202.5,"angle2":157.5,"time":375.25,"duration":0.5},{"angle2":157.5,"angle":157.5,"duration":0.5,"time":375.75,"type":"hold"},{"angle2":-22.5,"angle":157.5,"duration":1.5,"time":376.25,"type":"hold"},{"time":382,"type":"block","angle":202.5},{"time":382.5,"type":"block","angle":157.5},{"time":383.25,"type":"block","angle":90},{"time":384.25,"type":"block","angle":45},{"time":384,"type":"block","angle":45},{"angle2":112.5,"angle":45,"duration":1.5,"time":384.75,"type":"hold"},{"time":390,"type":"block","angle":180},{"type":"hold","angle":202.5,"angle2":180,"time":390.75,"duration":0.75},{"time":392,"type":"block","angle":157.5},{"type":"hold","duration":2,"angle":135,"time":392.75,"angle2":247.5},{"time":397.75,"type":"block","angle":292.5},{"time":398.5,"type":"block","angle":315},{"time":399.25,"type":"block","angle":315},{"time":400,"type":"block","angle":360},{"time":399.75,"type":"block","angle":0},{"type":"hold","angle":22.5,"duration":1.5,"time":400.5,"angle2":90},{"angle2":-135,"angle":112.5,"duration":8,"time":357,"type":"mineHold"},{"angle2":135,"angle":11.976132392883,"type":"mineHold","time":365.5,"duration":0.75},{"type":"hold","angle":90,"duration":3,"time":409,"angle2":-90},{"type":"mineHold","duration":1,"angle2":157.5,"time":387,"angle":90},{"angle2":135,"duration":1,"type":"mineHold","time":388,"angle":157.5},{"angle2":112.5,"duration":1,"type":"mineHold","time":389,"angle":135},{"angle2":292.5,"duration":1,"type":"mineHold","time":387,"angle":225},{"angle2":270,"duration":1,"type":"mineHold","time":388,"angle":292.5},{"angle2":247.5,"duration":1,"type":"mineHold","time":389,"angle":270},{"time":387,"type":"mine","angle":270},{"time":387,"type":"mine","angle":315},{"time":387,"type":"mine","angle":360},{"time":387,"type":"mine","angle":45},{"time":388,"type":"mine","angle":112.5},{"time":388,"type":"mine","angle":67.5},{"time":388,"type":"mine","angle":22.5},{"time":388,"type":"mine","angle":337.5},{"time":389,"type":"mine","angle":315},{"time":389,"type":"mine","angle":360},{"time":389,"type":"mine","angle":45},{"time":389,"type":"mine","angle":90},{"time":390,"type":"mine","angle":67.5},{"time":390,"type":"mine","angle":22.5},{"time":390,"type":"mine","angle":337.5},{"time":390,"type":"mine","angle":292.5},{"angle2":225,"duration":1,"type":"mineHold","time":395,"angle":202.5},{"angle2":360,"duration":1,"type":"mineHold","time":395,"angle":337.5},{"time":395,"type":"mine","angle":22.5},{"time":395,"type":"mine","angle":67.5},{"time":395,"type":"mine","angle":112.5},{"time":395,"type":"mine","angle":157.5},{"time":396,"type":"mine","angle":180},{"time":396,"type":"mine","angle":135},{"time":396,"type":"mine","angle":90},{"time":396,"type":"mine","angle":45},{"type":"mineHold","duration":1,"angle2":337.5,"time":396,"angle":360},{"angle2":202.5,"duration":1,"type":"mineHold","time":396,"angle":225},{"time":397,"type":"mine","angle":22.5},{"time":397,"type":"mine","angle":67.5},{"time":397,"type":"mine","angle":112.5},{"time":397,"type":"mine","angle":157.5},{"type":"mineHold","duration":1,"angle2":90,"time":403,"angle":22.5},{"angle2":225,"duration":1,"type":"mineHold","time":403,"angle":157.5},{"angle2":157.5,"duration":1,"type":"mineHold","time":404,"angle":90},{"angle2":292.5,"duration":1,"type":"mineHold","time":404,"angle":225},{"angle2":360,"duration":1,"type":"mineHold","time":405,"angle":292.5},{"type":"mineHold","duration":1,"angle2":225,"time":405,"angle":157.5},{"time":405.5,"type":"block","angle":270},{"time":406,"type":"inverse","angle":292.5},{"time":406.5,"type":"block","angle":315},{"time":407,"type":"inverse","angle":337.5},{"time":408,"type":"block","angle":45},{"type":"mineHold","duration":1,"angle2":22.5,"time":402,"angle":22.5},{"angle2":157.5,"duration":1,"type":"mineHold","time":402,"angle":157.5},{"time":406,"type":"mine","angle":45},{"time":406,"type":"mine","angle":90},{"time":406,"type":"mine","angle":135},{"time":406,"type":"mine","angle":180},{"time":405,"type":"mine","angle":112.5},{"time":405,"type":"mine","angle":67.5},{"time":405,"type":"mine","angle":22.5},{"time":405,"type":"mine","angle":337.5},{"time":404,"type":"mine","angle":270},{"time":404,"type":"mine","angle":315},{"time":404,"type":"mine","angle":0},{"time":404,"type":"mine","angle":45},{"time":403,"type":"mine","angle":337.5},{"time":403,"type":"mine","angle":292.5},{"time":403,"type":"mine","angle":247.5},{"time":403,"type":"mine","angle":202.5},{"time":412.5,"type":"block","angle":270},{"type":"mineHold","duration":1,"angle2":270,"time":413,"angle":225},{"angle2":45,"duration":1,"type":"mineHold","time":413,"angle":0},{"time":414,"type":"mine","angle":225},{"time":414,"type":"mine","angle":180},{"time":414,"type":"mine","angle":135},{"time":414,"type":"mine","angle":90},{"time":413,"type":"mine","angle":45},{"time":413,"type":"mine","angle":90},{"time":413,"type":"mine","angle":135},{"time":413,"type":"mine","angle":180},{"type":"hold","duration":1,"angle":0,"time":415,"angle2":45},{"time":419,"type":"extraTap","angle":180},{"time":418.25,"type":"extraTap","angle":450},{"time":417.5,"type":"extraTap","angle":360},{"time":417.5,"type":"block","angle":22.5},{"time":417.5,"type":"block","angle":45},{"time":417.5,"type":"block","angle":67.5},{"time":418.25,"type":"block","angle":112.5},{"time":418.25,"type":"block","angle":135},{"time":418.25,"type":"block","angle":157.5},{"time":419,"type":"block","angle":202.5},{"time":419,"type":"block","angle":225},{"time":419,"type":"block","angle":247.5},{"time":419.75,"type":"block","angle":247.5},{"time":420.5,"type":"block","angle":292.5},{"type":"hold","duration":1,"angle":315,"time":420.75,"angle2":270},{"time":422.5,"type":"block","angle":225},{"angle2":180,"duration":1,"angle":202.5,"time":423,"type":"hold"},{"type":"hold","angle":180,"angle2":360,"time":425,"duration":3},{"time":428.5,"type":"block","angle":360},{"angle2":135,"duration":1,"type":"hold","time":431,"angle":112.5},{"angle2":90,"duration":1,"type":"hold","time":432,"angle":135},{"type":"hold","duration":0.75,"angle2":-45,"time":433.5,"angle":22.5},{"angle2":-67.5,"duration":0.75,"type":"hold","time":433.5,"angle":0},{"angle2":270,"duration":0.75,"type":"hold","time":433.5,"angle":337.5},{"angle2":247.5,"duration":0.75,"type":"hold","time":434.25,"angle":315},{"type":"hold","duration":0.75,"angle2":225,"time":434.25,"angle":292.5},{"type":"hold","duration":0.75,"angle2":202.5,"time":434.25,"angle":270},{"angle2":135,"duration":0.75,"type":"hold","time":435,"angle":202.5},{"angle2":157.5,"duration":0.75,"type":"hold","time":435,"angle":225},{"angle2":180,"duration":0.75,"type":"hold","time":435,"angle":247.5},{"time":433.5,"type":"extraTap","angle":45},{"time":434.25,"type":"extraTap","angle":45},{"time":435,"type":"extraTap","angle":45},{"type":"hold","duration":0.25,"angle2":180,"time":436.5,"angle":135},{"angle2":225,"duration":1,"type":"hold","time":439,"angle":180},{"angle2":405,"duration":1.5,"type":"hold","time":441,"angle":270},{"type":"hold","duration":1,"angle2":45,"time":442.5,"angle":45},{"type":"hold","duration":2,"angle2":-90,"time":444.5,"angle":45},{"type":"hold","duration":1,"angle2":315,"time":446.5,"angle":270},{"time":448.5,"type":"block","angle":247.5},{"angle2":292.5,"duration":1.5,"type":"hold","time":449,"angle":315},{"time":451.5,"type":"block","angle":247.5},{"type":"hold","angle":180,"angle2":135,"time":453,"duration":1.5},{"type":"hold","duration":5,"angle2":540,"time":456,"angle":90},{"type":"hold","duration":4,"angle2":-202.5,"time":461,"angle":180},{"angle2":472.5,"duration":3,"type":"hold","time":465,"angle":157.5},{"type":"hold","duration":4,"angle2":-135,"time":468.75,"angle":157.5},{"time":473,"type":"extraTap","angle":180},{"time":474.5,"type":"block","angle":180},{"time":473,"type":"block","angle":202.5},{"time":473.75,"type":"block","angle":225},{"time":475,"type":"block","angle":202.5},{"time":475.75,"type":"block","angle":225},{"time":476.5,"type":"block","angle":247.5},{"time":477.5,"type":"block","angle":270},{"time":478,"type":"block","angle":315},{"time":478.5,"type":"block","angle":337.5},{"time":479.75,"type":"block","angle":22.5},{"time":479,"type":"block","angle":360},{"time":480.5,"type":"block","angle":45},{"time":481,"type":"block","angle":90},{"time":481.75,"type":"block","angle":112.5},{"time":482.5,"type":"block","angle":67.5},{"time":483.75,"type":"block","angle":22.5},{"time":483,"type":"block","angle":45},{"time":484.5,"type":"block","angle":45},{"time":485.5,"type":"block","angle":90},{"time":486,"type":"block","angle":112.5},{"time":486.5,"type":"block","angle":135},{"time":487,"type":"block","angle":157.5},{"time":487.25,"type":"block","angle":180},{"time":487.75,"type":"block","angle":180},{"time":488.25,"type":"block","angle":202.5},{"time":488.75,"type":"block","angle":180},{"time":489,"type":"block","angle":202.5},{"time":489.75,"type":"block","angle":225},{"time":490.5,"type":"block","angle":247.5},{"time":491.75,"type":"block","angle":292.5},{"time":492.5,"type":"block","angle":315},{"time":491,"type":"block","angle":270},{"time":493.5,"type":"block","angle":22.5},{"time":494,"type":"block","angle":337.5},{"time":494.5,"type":"block","angle":315},{"time":495.75,"type":"block","angle":315},{"time":495,"type":"block","angle":292.5},{"time":496.5,"type":"block","angle":337.5},{"time":497,"type":"block","angle":0},{"time":497.75,"type":"block","angle":22.5},{"time":498.5,"type":"block","angle":337.5},{"time":499,"type":"block","angle":292.5},{"time":499.75,"type":"block","angle":270},{"time":500.5,"type":"block","angle":225},{"time":501.5,"type":"block","angle":180},{"time":502,"type":"block","angle":157.5},{"time":502.5,"type":"block","angle":135},{"time":503.75,"type":"block","angle":45},{"time":504.25,"type":"block","angle":22.5},{"time":503,"type":"block","angle":90},{"time":503.25,"type":"block","angle":67.5},{"time":477,"type":"extraTap","angle":180},{"time":481,"type":"extraTap","angle":180},{"time":485,"type":"extraTap","angle":180},{"time":489,"type":"extraTap","angle":180},{"time":493,"type":"extraTap","angle":180},{"time":497,"type":"extraTap","angle":180},{"time":501,"type":"extraTap","angle":180},{"type":"mineHold","angle":315,"angle2":382.5,"time":429,"duration":1},{"type":"mineHold","angle":90,"angle2":157.5,"time":429,"duration":1},{"time":429,"type":"mine","angle":135},{"time":429,"type":"mine","angle":180},{"time":429,"type":"mine","angle":225},{"time":429,"type":"mine","angle":270},{"time":430,"type":"mine","angle":202.5},{"time":430,"type":"mine","angle":247.5},{"time":430,"type":"mine","angle":292.5},{"time":430,"type":"mine","angle":337.5},{"time":437,"type":"mine","angle":90},{"time":437,"type":"mine","angle":45},{"time":437,"type":"mine","angle":360},{"time":437,"type":"mine","angle":315},{"type":"mineHold","angle":270,"angle2":225,"time":437,"duration":1},{"angle2":90,"angle":135,"type":"mineHold","time":437,"duration":1},{"type":"mineHold","angle":90,"angle2":112.5,"time":438,"duration":1},{"angle2":247.5,"angle":225,"type":"mineHold","time":438,"duration":1},{"time":438,"type":"mine","angle":270},{"time":438,"type":"mine","angle":315},{"time":438,"type":"mine","angle":360},{"time":438,"type":"mine","angle":45},{"time":439,"type":"mine","angle":67.5},{"time":439,"type":"mine","angle":22.5},{"time":439,"type":"mine","angle":337.5},{"time":439,"type":"mine","angle":292.5}]