{"metadata":{"artistLink":"","description":"FUNKY~~ FUNKY~~~\n        _    \n      _\\ '-_,#\n      \\ ' -- ','`|\n      \\` --- ` /\n       ` ----'`\n\n\n\np.s. turn on expanded HUD, you won't regret it!","artist":"DOT96","charter":"Cytruss","bgData":{"image":"Title.png","yellowChannel":{"r":253,"g":210,"b":55},"magentaChannel":{"r":241,"g":239,"b":231},"cyanChannel":{"r":255,"g":255,"b":255},"greenChannel":{"r":10,"g":164,"b":197},"redChannel":{"r":214,"g":85,"b":105},"blueChannel":{"r":0,"g":0,"b":255}},"songName":"Make it funky now","bg":true,"difficulty":7},"properties":{"offset":8,"speed":70,"startBeat":0,"loadBeat":-1,"formatversion":12},"events":[{"offset":0.050000000745058,"file":"FUNKY.ogg","angle":315,"volume":1,"time":0.5,"type":"play","bpm":146},{"value":420,"angle":315,"time":-1,"type":"ease","var":"p.y"},{"var":"vfx.notesFollowPlayer","enable":false,"time":-1,"type":"setBoolean","angle":22.5},{"var":"p.y","angle":292.5,"value":180,"time":2,"ease":"inOutBack","type":"ease","duration":1},{"r":249,"angle":45,"b":35,"color":0,"time":-1,"type":"setColor","g":218},{"r":174,"angle":22.5,"b":199,"color":1,"time":-1,"type":"setColor","g":77},{"var":"vfx.canvPos.r","angle":315,"value":45,"time":18,"ease":"outQuart","type":"ease","duration":1},{"var":"vfx.canvPos.sx","angle":337.5,"type":"ease","duration":1,"start":1.5,"ease":"linear","time":18,"value":1},{"var":"vfx.canvPos.sy","angle":360,"type":"ease","duration":1,"start":1.5,"ease":"linear","time":18,"value":1},{"var":"vfx.canvPos.r","angle":315,"value":0,"time":18.799999237061,"ease":"outQuad","type":"ease","duration":0.20000000298023},{"angle":0,"tag":"disk spin","time":9.5,"type":"tag","angleOffset":false},{"r":65,"angle":337.5,"b":65,"color":3,"time":9,"type":"setColor","g":65},{"r":50,"angle":315,"b":50,"color":2,"time":9,"type":"setColor","g":50},{"r":0,"angle":292.5,"b":0,"color":7,"time":9,"type":"setColor","g":0},{"r":255,"angle":270,"b":255,"color":6,"time":9,"type":"setColor","g":255},{"r":255,"angle":247.5,"order":1,"color":5,"b":152,"time":0.5,"g":225,"type":"setColor"},{"r":255,"angle":315,"b":109,"color":2,"time":19,"type":"setColor","g":158},{"r":121,"angle":270,"b":106,"color":6,"time":19,"type":"setColor","g":77},{"r":81,"angle":247.5,"b":195,"color":4,"time":19,"type":"setColor","g":117},{"r":77,"angle":225,"b":115,"color":3,"time":19,"type":"setColor","g":75},{"r":255,"angle":202.5,"b":101,"color":7,"time":19,"type":"setColor","g":146},{"angle":45,"tag":"carMove","time":19,"type":"tag","angleOffset":false},{"angle":292.5,"enable":true,"order":0,"time":0.5,"type":"outline","color":0},{"angle":360,"tag":"countdown","time":30.5,"type":"tag","angleOffset":false},{"r":45,"angle":337.5,"x":600,"y":60,"drawLayer":"fg","type":"deco","id":"wipe","sx":2,"sy":2,"sprite":"wipe.png","time":34},{"angle":315,"x":30,"y":-100,"type":"deco","id":"wipe","order":1,"time":34,"duration":1,"ease":"linear"},{"r":109,"angle":0,"color":0,"duration":1,"type":"setColor","b":255,"ease":"linear","g":161,"time":34},{"r":81,"angle":247.5,"b":195,"color":1,"time":34,"type":"setColor","g":117},{"var":"vfx.notesFollowPlayer","enable":true,"time":33.5,"type":"setBoolean","angle":270},{"value":10,"angle":315,"time":30.5,"type":"ease","var":"scrollSpeed"},{"var":"p.x","angle":292.5,"type":"ease","duration":1,"start":650,"ease":"linear","time":33.5,"value":570},{"value":1,"angle":315,"time":33.5,"type":"ease","var":"p.fillColor"},{"value":2,"angle":292.5,"time":34.5,"type":"ease","var":"scrollSpeed"},{"value":1.5,"angle":270,"time":-1,"type":"ease","var":"scrollSpeed"},{"r":70,"angle":247.5,"id":"wipe","time":42.5,"ease":"linear","type":"deco","duration":1},{"r":65,"angle":247.5,"id":"wipe","time":43.5,"ease":"linear","type":"deco","duration":0.5},{"r":65,"angle":247.5,"id":"wipe","time":50,"ease":"linear","type":"deco","duration":0.5},{"r":220,"angle":247.5,"x":300,"y":280,"type":"deco","id":"wipe","ease":"linear","duration":1,"time":51},{"r":210,"angle":270,"id":"wipe","time":52,"ease":"linear","type":"deco","duration":0.5},{"description":"","angle":225,"name":"scene 1","type":"bookmark","b":255,"time":34,"g":194.23353910446,"r":22.500006258488},{"angle":255,"y":700,"type":"deco","id":"wipe","sx":1,"sy":1,"ease":"linear","duration":1,"time":58.5},{"angle":270,"x":0,"y":800,"type":"deco","id":"wipe","ease":"linear","duration":1,"time":62.5},{"var":"p.x","angle":315,"value":300,"time":63,"ease":"inOutElastic","type":"ease","duration":4},{"description":"","angle":315,"name":"wonky section","type":"bookmark","b":6.2499958276749,"time":67,"g":144.7585067153,"r":255},{"r":255,"angle":315,"color":0,"duration":1,"type":"setColor","b":36,"ease":"linear","g":184,"time":64.5},{"var":"p.paddleDistance","angle":315,"value":50,"time":65.5,"ease":"linear","type":"ease","duration":1.5},{"time":65.5,"angle":348.75,"paddle":1,"newWidth":35,"ease":"linear","type":"paddles","duration":1.5},{"var":"p.bodyRadius","angle":303.75,"value":10,"time":65.5,"ease":"linear","type":"ease","duration":1.5},{"value":-1,"angle":112.5,"time":72,"type":"ease","var":"scrollSpeed"},{"value":2,"angle":180,"time":73,"type":"ease","var":"scrollSpeed"},{"var":"p.paddleDistance","angle":315,"value":25,"time":82,"ease":"linear","type":"ease","duration":1.5},{"time":82,"angle":348.75,"paddle":1,"newWidth":75,"ease":"linear","type":"paddles","duration":1.5},{"var":"p.bodyRadius","angle":303.75,"value":25,"time":82,"ease":"linear","type":"ease","duration":1.5},{"value":-1,"angle":345,"time":88,"type":"ease","var":"scrollSpeed"},{"value":2,"angle":345,"time":89,"type":"ease","var":"scrollSpeed"},{"var":"p.paddleDistance","angle":330,"value":31,"time":98,"ease":"linear","type":"ease","duration":1},{"time":98,"angle":345,"paddle":1,"newWidth":70,"ease":"linear","type":"paddles","duration":1.5},{"var":"p.bodyRadius","angle":300,"value":20,"time":98,"ease":"linear","type":"ease","duration":1},{"value":150,"angle":292.5,"var":"p.y","time":98.75,"ease":"linear","type":"ease","duration":0.30000001192093},{"var":"p.y","angle":292.5,"value":406.33999633789,"time":99,"ease":"inSine","type":"ease","duration":1},{"r":50,"angle":270,"b":50,"color":0,"time":99,"type":"setColor","g":50},{"r":0,"angle":247.5,"x":0,"y":400,"type":"deco","id":"wipe","hide":false,"sx":1,"sy":1,"time":98,"order":0},{"angle":225,"order":1,"type":"deco","id":"wipe","duration":1,"ease":"linear","time":98,"y":180},{"angle":225,"duration":1,"drawLayer":"bg","time":100,"type":"deco","id":"wipe"},{"r":0,"angle":180,"x":0,"y":-360,"type":"deco","id":"wipe2","hide":false,"sx":1,"sy":1,"time":98,"sprite":"wipe.png","order":0},{"angle":157.5,"order":1,"type":"deco","id":"wipe2","duration":1,"ease":"linear","time":98,"y":-180},{"angle":180,"duration":1,"drawLayer":"bg","time":100,"type":"deco","id":"wipe2"},{"description":"","angle":180,"name":"bouncy section","type":"bookmark","b":255,"time":99,"g":0,"r":81.13543510437},{"value":320,"angle":247.5,"time":100,"type":"ease","var":"p.y"},{"value":100,"angle":270,"time":100,"type":"ease","var":"p.x"},{"value":-10,"angle":315,"time":100,"type":"ease","var":"p.extend"},{"oy":0,"angle":292.5,"x":100,"order":0,"drawLayer":"bg","type":"deco","drawOrder":2,"y":0,"sx":0,"sy":1,"id":"vfxline","sprite":"vfxline.png","time":100,"ox":400},{"angle":337.5,"order":1,"type":"deco","id":"vfxline","sx":0.5,"ease":"linear","duration":0.5,"time":100},{"var":"p.y","angle":315,"value":300,"time":106,"ease":"outSine","type":"ease","duration":0.10000000149012},{"var":"p.y","angle":292.5,"value":400,"time":106.19999694824,"ease":"inQuint","type":"ease","duration":0.5},{"id":"vfxline","angle":45,"sx":0,"time":106.19999694824,"ease":"linear","type":"deco","duration":0.5},{"angle":225,"duration":1,"drawLayer":"fg","time":107,"type":"deco","id":"wipe"},{"angle":180,"duration":1,"drawLayer":"bg","time":107,"type":"deco","id":"wipe2"},{"value":-100,"angle":247.5,"time":107,"type":"ease","var":"p.y"},{"value":300,"angle":270,"time":107,"type":"ease","var":"p.x"},{"angle":337.5,"order":1,"type":"deco","id":"vfxline","sx":0.5,"ease":"linear","duration":0.5,"time":107.5},{"var":"p.y","angle":292.5,"order":1,"type":"ease","duration":1,"time":107,"ease":"linear","value":50},{"angle":225,"time":107.75,"drawLayer":"bg","type":"deco","id":"wipe"},{"angle":315,"x":300,"time":107.5,"type":"deco","id":"vfxline"},{"r":255,"angle":360,"b":255,"color":7,"time":106.69999694824,"type":"setColor","g":192},{"var":"p.y","angle":315,"value":75,"time":114.5,"ease":"outSine","type":"ease","duration":0.10000000149012},{"var":"p.y","angle":292.5,"value":-100,"time":114.69999694824,"ease":"inQuint","type":"ease","duration":0.5},{"id":"vfxline","angle":337.5,"sx":0,"time":114.5,"ease":"linear","type":"deco","duration":0.5},{"value":320,"angle":247.5,"time":116,"type":"ease","var":"p.y"},{"value":500,"angle":270,"time":116,"type":"ease","var":"p.x"},{"angle":337.5,"order":1,"type":"deco","id":"vfxline","sx":0.5,"ease":"linear","duration":0.5,"time":116},{"var":"p.y","angle":292.5,"order":1,"type":"ease","duration":1,"time":116,"ease":"linear","value":320},{"angle":315,"x":500,"time":116,"type":"deco","id":"vfxline"},{"r":105,"angle":22.5,"b":136,"color":7,"time":115,"type":"setColor","g":200},{"var":"p.y","angle":337.5,"value":340,"time":125.5,"ease":"linear","type":"ease","duration":0.10000000149012},{"var":"p.y","angle":315,"value":400,"time":126.09999847412,"ease":"linear","type":"ease","duration":0.5},{"id":"vfxline","angle":22.5,"sx":0,"time":126.5,"ease":"linear","type":"deco","duration":0.5},{"angle":22.5,"x":70,"y":-50,"drawLayer":"fg","type":"deco","id":"arrow","sx":2.5,"sy":2.5,"sprite":"arrow.png","time":98.849998474121},{"id":"arrow","angle":360,"time":99,"y":60,"ease":"linear","type":"deco","duration":0.5},{"hide":true,"angle":22.5,"time":100,"type":"deco","id":"arrow"},{"r":180,"angle":22.5,"x":330,"y":420,"type":"deco","id":"arrow","hide":false,"time":106.5},{"id":"arrow","angle":45,"time":106.69999694824,"y":300,"ease":"linear","type":"deco","duration":0.5},{"r":0,"angle":22.5,"x":470,"y":-100,"type":"deco","id":"arrow","hide":false,"time":114.5},{"id":"arrow","angle":45,"time":115,"y":80,"ease":"linear","type":"deco","duration":0.5},{"hide":true,"angle":135,"time":107.5,"type":"deco","id":"arrow"},{"hide":true,"angle":45,"time":117,"type":"deco","id":"arrow"},{"description":"","angle":292.5,"name":"make it funky now","type":"bookmark","b":233.12496900558,"time":130,"g":62.500003874302,"r":255},{"angle":315,"x":0,"y":0,"drawLayer":"fg","type":"deco","id":"make","time":126.5,"sprite":"make#0"},{"r":0,"angle":292.5,"b":0,"color":6,"time":126.5,"type":"setColor","g":0},{"angle":337.5,"time":126.69999694824,"sprite":"make#1","type":"deco","id":"make"},{"angle":360,"time":126.90000152588,"sprite":"make#2","type":"deco","id":"make"},{"angle":270,"time":127.09999847412,"sprite":"make#3","type":"deco","id":"make"},{"r":255,"angle":270,"b":255,"color":7,"time":126.80000305176,"type":"setColor","g":255},{"angle":292.5,"time":127.30000305176,"sprite":"make#4","type":"deco","id":"make"},{"hide":true,"angle":315,"time":128,"type":"deco","id":"make"},{"time":128,"angle":337.5,"x":0,"y":0,"sprite":"IT.png","type":"deco","id":"it"},{"hide":true,"angle":0,"time":128.5,"type":"deco","id":"it"},{"time":128.5,"angle":22.5,"x":0,"y":0,"sprite":"FUNKY.png","type":"deco","id":"funky"},{"angle":45,"x":0,"order":0,"type":"deco","id":"now","sprite":"NOW.png","time":129.5,"y":0},{"hide":true,"angle":67.5,"x":0,"y":0,"time":129.5,"type":"deco","id":"funky"},{"r":42,"angle":225,"b":24,"color":3,"time":126.5,"type":"setColor","g":255},{"r":255,"angle":247.5,"b":0,"color":2,"time":126.5,"type":"setColor","g":255},{"r":255,"angle":202.5,"b":252,"color":5,"time":126.5,"type":"setColor","g":135},{"id":"now","angle":22.5,"y":-50,"order":1,"time":130,"type":"deco","duration":0.30000001192093},{"r":100,"angle":0,"y":450,"type":"deco","id":"now","ease":"linear","duration":2.5,"time":130.30000305176},{"id":"now","angle":382.5,"x":70,"time":130.30000305176,"ease":"inOutSine","type":"deco","duration":0.5},{"r":151,"angle":292.5,"b":255,"color":6,"time":128,"type":"setColor","g":221},{"value":300,"angle":315,"time":131,"type":"ease","var":"p.x"},{"value":180,"angle":360,"time":131,"type":"ease","var":"p.y"},{"angle":270,"x":0,"y":-360,"drawLayer":"fg","type":"deco","id":"wipe_tr","sprite":"wipe_tr.png","order":0,"time":131},{"hide":true,"angle":247.5,"time":131,"type":"deco","id":"wipe"},{"hide":true,"angle":225,"time":131,"type":"deco","id":"wipe2"},{"angle":292.5,"time":131,"type":"setBgColor","color":5},{"r":254,"angle":337.5,"b":194,"color":5,"time":131,"type":"setColor","g":194},{"angle":202.5,"order":1,"type":"deco","id":"wipe_tr","duration":2,"ease":"linear","time":131,"y":0},{"value":0,"angle":337.5,"time":130.5,"type":"ease","var":"p.extend"},{"r":127,"angle":180,"color":4,"duration":1,"type":"setColor","b":230,"ease":"linear","g":180,"time":131},{"value":10,"angle":90,"time":129.5,"type":"ease","var":"scrollSpeed"},{"value":1.5,"angle":22.5,"time":132,"type":"ease","var":"scrollSpeed"},{"angle":292.5,"duration":5,"y":180,"time":133.5,"type":"deco","id":"wipe_tr"},{"id":"wipe_tr","angle":292.5,"time":138.75,"y":100,"ease":"linear","type":"deco","duration":0.20000000298023},{"angle":315,"duration":5,"y":180,"time":139,"type":"deco","id":"wipe_tr"},{"id":"wipe_tr","angle":202.5,"time":139.75,"y":70,"ease":"linear","type":"deco","duration":0.20000000298023},{"angle":315,"duration":5,"y":180,"time":140.5,"type":"deco","id":"wipe_tr"},{"id":"wipe_tr","angle":202.5,"time":140.25,"y":40,"ease":"linear","type":"deco","duration":0.20000000298023},{"id":"wipe_tr","angle":292.5,"time":142.75,"y":30,"ease":"linear","type":"deco","duration":0.20000000298023},{"angle":315,"duration":5,"y":180,"time":143,"type":"deco","id":"wipe_tr"},{"id":"wipe_tr","angle":292.5,"time":143.75,"y":-20,"ease":"linear","type":"deco","duration":0.20000000298023},{"angle":315,"duration":5,"y":180,"time":144,"type":"deco","id":"wipe_tr"},{"id":"wipe_tr","angle":292.5,"time":144.75,"y":-70,"ease":"linear","type":"deco","duration":0.20000000298023},{"angle":315,"duration":5,"y":180,"time":145,"type":"deco","id":"wipe_tr"},{"id":"wipe_tr","angle":292.5,"time":145.75,"y":-130,"ease":"linear","type":"deco","duration":0.20000000298023},{"angle":315,"duration":5,"y":180,"time":146,"type":"deco","id":"wipe_tr"},{"angle":315,"duration":1,"y":-360,"time":147,"type":"deco","id":"wipe_tr"},{"angle":330,"time":146.5,"drawLayer":"bg","type":"deco","id":"wipe_tr"},{"oy":540,"angle":210,"x":300,"y":180,"drawLayer":"fg","type":"deco","id":"circle","order":0,"sx":1.2000000476837,"sy":1.2000000476837,"time":150.5,"sprite":"circle.png","ox":900},{"angle":225,"order":1,"type":"deco","id":"circle","sx":0.80000001192093,"sy":0.80000001192093,"time":150.75,"duration":0.5,"ease":"linear"},{"angle":202.5,"type":"deco","id":"circle","sx":1.2000000476837,"sy":1.2000000476837,"ease":"linear","duration":5,"time":151},{"angle":225,"order":1,"type":"deco","id":"circle","sx":0.60000002384186,"sy":0.80000001192093,"time":151.75,"duration":0.5,"ease":"linear"},{"angle":202.5,"type":"deco","id":"circle","sx":0.60000002384186,"sy":1.2000000476837,"ease":"linear","duration":5,"time":152},{"angle":225,"order":1,"type":"deco","id":"circle","sx":0.30000001192093,"sy":0.30000001192093,"time":154.75,"duration":0.5,"ease":"linear"},{"angle":202.5,"type":"deco","id":"circle","sx":0.60000002384186,"sy":1.2000000476837,"ease":"linear","duration":5,"time":155},{"angle":225,"order":1,"type":"deco","id":"circle","sx":0.30000001192093,"sy":0.30000001192093,"time":158.75,"duration":0.5,"ease":"linear"},{"angle":202.5,"type":"deco","id":"circle","sx":0.60000002384186,"sy":1.2000000476837,"ease":"linear","duration":5,"time":159},{"angle":225,"order":1,"type":"deco","id":"circle","sx":0.27000001072884,"sy":0.27000001072884,"time":159.75,"duration":0.5,"ease":"linear"},{"angle":202.5,"type":"deco","id":"circle","sx":0.60000002384186,"sy":1.2000000476837,"ease":"linear","duration":5,"time":160},{"angle":225,"order":1,"type":"deco","id":"circle","sx":0.27000001072884,"sy":0.27000001072884,"time":160.75,"duration":0.5,"ease":"linear"},{"angle":202.5,"type":"deco","id":"circle","sx":0.60000002384186,"sy":1.2000000476837,"ease":"linear","duration":5,"time":161},{"angle":180,"type":"deco","id":"circle","sx":1.5,"sy":1.5,"ease":"linear","duration":3.5,"time":161.5},{"value":6,"angle":315,"time":163,"type":"ease","var":"p.outlineColor"},{"var":"p.lineWidth","angle":337.5,"value":8,"time":163,"ease":"linear","type":"ease","duration":0.5},{"angle":270,"type":"deco","id":"Shape","sx":1.3999999761581,"sy":1.3999999761581,"ease":"linear","duration":0.5,"time":161.5},{"value":-10,"angle":292.5,"time":163,"type":"ease","var":"p.extend"},{"oy":180,"angle":270,"x":300,"y":180,"drawLayer":"fg","type":"deco","drawOrder":0,"recolor":6,"sx":2,"sy":2,"id":"Shape","time":161,"sprite":"Shape#0","ox":300},{"value":1.2999999523163,"angle":292.5,"time":162,"type":"ease","var":"scrollSpeed"},{"var":"p.y","angle":315,"value":185,"time":161,"ease":"linear","type":"ease","duration":0.5},{"angle":112.5,"time":169.5,"sprite":"Shape!SquareTrans","type":"deco","id":"Shape"},{"description":"","angle":22.5,"name":"Shape section","type":"bookmark","b":52.159101963043,"time":161,"g":255,"r":0},{"angle":157.5,"ease":"linear","y":200,"type":"deco","duration":1,"sx":2.4000000953674,"sy":2.4000000953674,"sprite":"Shape!HexTrans","id":"Shape","time":178},{"id":"Shape","angle":202.5,"y":180,"type":"deco","duration":1,"order":0,"sx":1.7999999523163,"sy":1.7999999523163,"ease":"linear","time":185,"sprite":"TtoC!Trans"},{"angle":360,"time":161,"type":"setColor","color":0},{"r":81,"angle":247.5,"b":195,"color":6,"time":149,"type":"setColor","g":117},{"r":255,"angle":202.5,"color":6,"duration":2,"type":"setColor","b":0,"ease":"linear","g":147,"time":162},{"outline":true,"angle":225,"time":162.5,"type":"deco","id":"Shape"},{"angle":337.5,"spriteName":"none","time":162,"type":"forcePlayerSprite"},{"r":59,"angle":247.5,"color":4,"duration":2,"type":"setColor","b":237,"ease":"linear","g":151,"time":162},{"r":255,"angle":180,"color":6,"duration":1,"type":"setColor","b":54,"ease":"linear","g":54,"time":169.5},{"r":255,"angle":202.5,"color":6,"duration":1,"type":"setColor","b":71,"ease":"linear","g":228,"time":178},{"r":177,"angle":247.5,"color":6,"duration":1,"type":"setColor","b":255,"ease":"linear","g":108,"time":185},{"r":255,"angle":270,"color":1,"duration":2,"type":"setColor","b":0,"ease":"linear","g":147,"time":162},{"angle":225,"type":"deco","id":"Shape","sx":5,"sy":5,"ease":"linear","duration":1.5,"time":192.5},{"hide":true,"angle":225,"time":194,"type":"deco","id":"Shape"},{"var":"p.outlineColor","angle":315,"order":1,"time":192.5,"type":"ease","value":1},{"var":"p.lineWidth","angle":337.5,"value":2,"time":192.5,"ease":"linear","type":"ease","duration":0.5},{"value":0,"angle":292.5,"time":192.5,"type":"ease","var":"p.extend"},{"angle":360,"spriteName":"","time":192.75,"type":"forcePlayerSprite"},{"var":"p.faceColor","angle":22.5,"order":1,"time":192.5,"type":"ease","value":0},{"r":0,"angle":45,"color":6,"duration":1.5,"type":"setColor","b":0,"ease":"linear","g":0,"time":193},{"value":-1,"angle":22.5,"time":197.25,"type":"ease","var":"scrollSpeed"},{"value":2,"angle":45,"time":197.75,"type":"ease","var":"scrollSpeed"},{"r":187,"angle":67.5,"b":234,"color":4,"time":192.5,"type":"setColor","g":111},{"r":255,"angle":270,"order":0,"color":7,"b":255,"time":192.5,"g":255,"type":"setColor"},{"r":255,"angle":202.5,"b":115,"color":1,"time":192.5,"type":"setColor","g":221},{"value":4,"angle":0,"time":162,"type":"ease","var":"p.fillColor"},{"r":255,"angle":202.5,"b":54,"color":1,"time":169.5,"type":"setColor","g":54},{"r":255,"angle":225,"b":71,"color":1,"time":178,"type":"setColor","g":228},{"r":177,"angle":270,"b":255,"color":1,"time":185,"type":"setColor","g":108},{"value":0,"angle":90,"time":192.5,"type":"ease","var":"p.fillColor"},{"angle":360,"tag":"Punch","time":199,"type":"tag","angleOffset":false},{"r":255,"angle":315,"b":113,"color":3,"time":199,"type":"setColor","g":234},{"description":"","angle":292.5,"name":"cover section","type":"bookmark","b":243.92040252686,"time":193,"g":255,"r":59.999996423721},{"angle":180,"tag":"hands","time":205.5,"type":"tag","angleOffset":false},{"id":"cover","angle":225,"time":226,"y":600,"ease":"linear","type":"deco","duration":2},{"var":"p.y","angle":240,"value":650,"time":226,"ease":"linear","type":"ease","duration":2},{"var":"p.y","angle":225,"order":0,"time":226.5,"type":"ease","value":-100},{"var":"p.paddleDistance","angle":315,"value":60,"time":227,"ease":"linear","type":"ease","duration":2},{"time":227,"angle":337.5,"paddle":1,"newWidth":35,"ease":"linear","type":"paddles","duration":1.5},{"var":"p.bodyRadius","angle":292.5,"value":60,"time":227,"ease":"linear","type":"ease","duration":2},{"var":"p.y","angle":202.5,"order":1,"type":"ease","duration":1,"time":226.5,"ease":"linear","value":20},{"angle":157.5,"spriteName":"idle","time":227.5,"type":"forcePlayerSprite"},{"value":2,"angle":180,"time":227,"type":"ease","var":"scrollSpeed"},{"value":2,"angle":180,"time":228,"type":"ease","var":"scrollSpeed"},{"angle":247.5,"tag":"combothing","time":227.5,"type":"tag","angleOffset":false},{"description":"","angle":292.5,"name":"wonky vol 2","type":"bookmark","b":26.249994635582,"time":228,"g":187.72056698799,"r":255},{"value":1,"angle":112.5,"time":227.5,"type":"ease","var":"p.faceColor"},{"value":45,"angle":90,"var":"p.lookRadius","time":227.5,"ease":"linear","type":"ease","duration":2.5},{"var":"p.y","angle":180,"value":600,"time":242,"ease":"linear","type":"ease","duration":1.5},{"r":230,"angle":135,"color":4,"duration":1,"type":"setColor","b":52,"ease":"linear","g":125,"time":227.5},{"angle":337.5,"time":226.5,"type":"setColor","color":0},{"angle":45,"time":193,"type":"setColor","color":0},{"r":255,"angle":180,"b":230,"color":1,"time":227.5,"type":"setColor","g":230},{"var":"p.y","angle":225,"value":360,"time":243,"type":"ease","duration":0.5},{"time":243,"angle":270,"paddle":1,"newWidth":35,"ease":"linear","type":"paddles","duration":1.5},{"var":"p.bodyRadius","angle":247.5,"value":5,"time":243,"ease":"linear","type":"ease","duration":0.5},{"angle":292.5,"spriteName":"none","time":243,"type":"forcePlayerSprite"},{"var":"p.paddleDistance","angle":315,"value":80,"time":243,"ease":"linear","type":"ease","duration":1},{"var":"p.paddleDistance","angle":315,"value":31,"time":257.5,"ease":"linear","type":"ease","duration":0.5},{"value":7,"angle":45,"time":212,"type":"ease","var":"extraHoldLeniency"},{"value":0,"angle":292.5,"time":228.5,"type":"ease","var":"extraHoldLeniency"},{"description":"","angle":292.5,"name":"Last section","type":"bookmark","b":155.4686576128,"time":259,"g":255,"r":76.250006854534},{"value":20,"angle":67.5,"var":"p.bodyRadius","time":258,"ease":"linear","type":"ease","duration":0.5},{"angle":135,"spriteName":"glasses.png","time":258,"type":"forcePlayerSprite"},{"var":"p.lookRadius","angle":45,"ease":"linear","time":258,"type":"ease","value":6},{"time":293.5,"angle":292.5,"type":"showResults"},{"r":87,"angle":90,"b":135,"color":6,"time":258,"type":"setColor","g":104},{"r":89,"angle":300,"order":0,"color":3,"duration":1,"b":255,"time":258,"g":177,"type":"setColor"},{"r":53,"angle":120,"b":30,"color":5,"time":258,"type":"setColor","g":45},{"value":-1,"angle":240,"time":258,"type":"ease","var":"p.faceColor"},{"r":153,"angle":165,"b":53,"color":4,"time":258,"type":"setColor","g":99},{"r":201,"angle":195,"b":99,"color":2,"time":258,"type":"setColor","g":153},{"r":51,"angle":210,"b":187,"color":7,"time":258,"type":"setColor","g":180},{"angle":330,"tag":"FUNKYSTUFF","time":258,"type":"tag","angleOffset":false},{"r":251,"angle":255,"b":210,"color":0,"time":258,"type":"setColor","g":255},{"angle":285,"order":1,"time":257.5,"type":"setBgColor","color":3},{"hide":true,"angle":315,"time":258,"type":"deco","id":"wipe_tr"},{"r":0,"angle":285,"b":0,"color":1,"time":258,"type":"setColor","g":0},{"time":258,"angle":360,"paddle":1,"newWidth":65,"ease":"linear","type":"paddles","duration":0.5},{"value":2.2000000476837,"angle":315,"time":267,"type":"ease","var":"scrollSpeed"},{"value":2,"angle":270,"time":275,"type":"ease","var":"scrollSpeed"},{"angle":315,"x":300,"y":-30,"drawLayer":"bg","type":"deco","id":"make","hide":false,"sx":0.5,"sy":0.5,"sprite":"make#0","time":286.5},{"hide":false,"angle":337.5,"sprite":"make#1","time":286.69998168945,"type":"deco","id":"make"},{"hide":false,"angle":360,"sprite":"make#2","time":286.89999389648,"type":"deco","id":"make"},{"hide":false,"angle":270,"sprite":"make#3","time":287.10000610352,"type":"deco","id":"make"},{"hide":false,"angle":292.5,"sprite":"make#4","time":287.30001831055,"type":"deco","id":"make"},{"angle":337.5,"x":300,"y":40,"drawLayer":"bg","type":"deco","id":"it","hide":false,"sx":0.5,"sy":0.5,"sprite":"IT.png","time":288},{"angle":22.5,"x":277,"y":104,"drawLayer":"bg","type":"deco","id":"funky","hide":false,"sx":0.55000001192093,"sy":0.5,"sprite":"FUNKY.png","time":288.5},{"oy":0,"r":0,"angle":45,"x":320,"y":190,"drawLayer":"bg","type":"deco","id":"now","hide":false,"sx":0.40000000596046,"sy":0.40000000596046,"order":0,"sprite":"NOW.png","time":289.5,"ox":0},{"r":195,"angle":270,"color":7,"duration":0.5,"type":"setColor","b":255,"time":285.5,"g":242,"ease":"linear"}]}