{
    "width": 600,
    "height": 360,
    "fps": 4,
    "frames": 58,
    "states": [
        {
            "name": "SquareTrans",
            "frames":[
                3,4,5,6,7,8,9,10,11,12,13,14,15,16,17,18,19
            ]    ,
            "fps":24,
            "loop": false
        },
        {
            "name": "HexTrans",
            "frames":[
               26,27,28,29,30,31,32,33,34,35,36,37,38,39,40,41,42,43,44,45,46,47,48,49,50,51,52,53
            ]    ,
            "fps":30,
            "loop": false
        }
        
    ]
    
}
