[{"angle":0,"tap":true,"type":"block","time":36.333332061768,"speedMult":1},{"angle":0,"time":37.916666666667,"type":"block"},{"angle":337.5,"time":38.416666666667,"type":"block"},{"angle":22.5,"time":38.916666666667,"type":"block"},{"angle":337.5,"time":39.416666666667,"type":"block"},{"angle":22.5,"time":37.416666666667,"type":"block"},{"angle":0,"time":39.916667938232,"type":"block"},{"angle":0,"tap":true,"type":"block","time":40.375},{"angle":45,"time":40.916666666667,"type":"block"},{"angle":22.5,"time":41.416666666667,"type":"block"},{"angle":0,"time":41.916666666667,"type":"block"},{"angle":22.5,"tap":true,"type":"block","time":42.416666666667},{"angle":0,"time":42.916666666667,"type":"block"},{"angle":360,"time":43.416666666667,"type":"block"},{"angle":337.5,"time":43.916666666667,"type":"block"},{"angle":337.5,"time":36.916667938232,"type":"block"},{"angle":360,"tap":true,"type":"block","time":44.416666666667},{"angle":337.5,"time":44.916667938232,"type":"block"},{"angle":315,"time":45.416667938232,"type":"block"},{"angle":337.5,"tap":true,"type":"block","time":45.916667938232},{"angle":337.5,"time":46.416666666667,"type":"block"},{"angle":360,"time":46.916666666667,"type":"block"},{"angle":315,"time":47.416666666667,"type":"block"},{"angle":337.5,"time":47.916666666667,"type":"block"},{"angle":337.5,"tap":true,"type":"block","time":48.416666666667},{"angle":315,"time":48.916666666667,"type":"block"},{"angle":292.5,"time":49.416666666667,"type":"block"},{"angle":270,"tap":true,"type":"block","time":49.916666666667},{"angle":292.5,"time":50.416666666667,"type":"block"},{"angle":270,"time":50.916666666667,"type":"block"},{"angle":247.5,"time":51.416666666667,"type":"block"},{"angle":270,"time":51.916666666667,"type":"block"},{"angle":247.5,"tap":true,"type":"block","time":52.416666666667},{"angle":225,"time":52.916666666667,"type":"block"},{"angle":202.5,"time":53.416666666667,"type":"block"},{"angle":225,"tap":true,"type":"block","time":54.416666666667},{"angle":247.5,"tap":false,"type":"block","time":54.916666666667},{"angle":225,"time":55.416666666667,"type":"block"},{"angle":247.5,"time":55.916666666667,"type":"block"},{"angle":225,"tap":true,"type":"block","time":56.416666666667},{"angle":180,"tap":false,"type":"block","time":56.916666666667},{"angle":202.5,"time":57.416666666667,"type":"block"},{"angle":180,"time":57.916666666667,"type":"block"},{"angle":202.5,"tap":true,"type":"block","time":58.416666666667},{"angle":225,"time":58.916666666667,"type":"block"},{"angle":202.5,"time":59.416666666667,"type":"block"},{"angle":202.5,"time":59.916666666667,"type":"block"},{"angle":180,"tap":true,"type":"block","time":60.416666666667},{"angle":202.5,"time":60.916666666667,"type":"block"},{"angle":180,"time":61.416666666667,"type":"block"},{"angle":112.5,"tap":true,"type":"block","time":61.916666666667},{"angle":112.5,"tap":false,"type":"block","time":62.416666666667},{"angle":135,"time":62.916666666667,"type":"block"},{"angle":157.5,"time":63.416666666667,"type":"block"},{"angle":135,"time":63.916666666667,"type":"block"},{"angle":135,"tap":true,"type":"block","time":64.416666666667},{"angle":157.5,"time":64.916666666667,"type":"block"},{"angle":135,"time":65.416666666667,"type":"block"},{"angle":135,"time":65.916666666667,"type":"block"},{"angle":112.5,"tap":true,"type":"block","time":66.416666666667},{"angle":135,"time":66.916666666667,"type":"block"},{"angle":157.5,"time":67.416666666667,"type":"block"},{"angle":112.5,"time":67.916666666667,"type":"block"},{"angle":90,"tap":true,"type":"block","time":68.416666666667},{"angle":112.5,"time":68.916666666667,"type":"block"},{"angle":90,"time":69.416666666667,"type":"block"},{"angle":67.5,"tap":true,"type":"block","time":69.916666666667},{"angle":90,"time":70.416666666667,"type":"block"},{"angle":45,"time":70.916666666667,"type":"block"},{"angle":22.5,"time":71.416666666667,"type":"block"},{"angle":45,"time":71.916666666667,"type":"block"},{"angle":90,"tap":true,"type":"block","time":72.416666666667},{"angle":67.5,"time":72.916666666667,"type":"block"},{"angle":45,"time":73.416666666667,"type":"block"},{"angle":67.5,"tap":true,"type":"block","time":73.916666666667},{"angle":22.5,"time":74.416666666667,"type":"block"},{"angle":45,"time":74.916666666667,"type":"block"},{"angle":22.5,"time":75.416666666667,"type":"block"},{"angle":0,"time":75.916666666667,"type":"block"},{"angle":22.5,"tap":true,"type":"block","time":76.416666666667},{"angle":337.5,"time":76.916666666667,"type":"block"},{"angle":360,"time":77.416666666667,"type":"block"},{"angle":22.5,"time":77.916666666667,"type":"block"},{"angle":45,"tap":true,"type":"block","time":78.416666666667},{"angle":22.5,"time":78.916666666667,"type":"block"},{"angle":45,"time":79.416666666667,"type":"block"},{"angle":67.5,"time":79.916666666667,"type":"block"},{"angle":45,"tap":true,"type":"block","time":80.416666666667},{"angle":22.5,"time":80.916666666667,"type":"block"},{"angle":45,"time":81.416666666667,"type":"block"},{"angle":90,"tap":true,"type":"block","time":81.916666666667},{"angle":67.5,"time":82.416666666667,"type":"block"},{"angle":90,"time":82.916666666667,"type":"block"},{"angle":112.5,"time":83.416666666667,"type":"block"},{"angle":90,"time":83.916666666667,"type":"block"},{"angle":135,"tap":true,"type":"block","time":84.416666666667},{"angle":112.5,"time":84.916666666667,"type":"block"},{"angle":135,"time":85.416666666667,"type":"block"},{"angle":157.5,"tap":true,"type":"block","time":85.916666666667},{"angle":135,"time":86.416666666667,"type":"block"},{"angle":180,"time":86.916666666667,"type":"block"},{"angle":157.5,"time":87.416666666667,"type":"block"},{"angle":135,"time":87.916666666667,"type":"block"},{"angle":157.5,"tap":true,"type":"block","time":88.416666666667},{"angle":180,"time":88.916666666667,"type":"block"},{"angle":135,"time":89.416666666667,"type":"block"},{"angle":157.5,"time":89.916666666667,"type":"block"},{"angle":202.5,"tap":true,"type":"block","time":90.416666666667},{"angle":180,"time":90.916666666667,"type":"block"},{"angle":157.5,"time":91.416666666667,"type":"block"},{"angle":135,"time":91.916666666667,"type":"block"},{"angle":157.5,"tap":true,"type":"block","time":92.416666666667},{"angle":112.5,"time":92.916666666667,"type":"block"},{"angle":135,"time":93.416666666667,"type":"block"},{"angle":157.5,"tap":true,"type":"block","time":93.916666666667},{"angle":135,"time":94.416666666667,"type":"block"},{"angle":180,"time":94.916666666667,"type":"block"},{"angle":157.5,"time":95.416666666667,"type":"block"},{"angle":202.5,"time":95.916666666667,"type":"block"},{"angle":180,"tap":true,"type":"block","time":96.416666666667},{"angle":202.5,"time":96.916666666667,"type":"block"},{"angle":225,"time":97.416666666667,"type":"block"},{"angle":202.5,"tap":true,"type":"block","time":97.916666666667},{"angle":180,"time":98.416666666667,"type":"block"},{"angle":225,"time":98.916666666667,"type":"block"},{"angle":270,"time":99.416666666667,"type":"block"},{"angle":247.5,"time":99.916666666667,"type":"block"},{"angle":270,"tap":true,"type":"block","time":100.41666666667},{"angle":292.5,"time":100.91666666667,"type":"block"},{"angle":337.5,"time":101.41666666667,"type":"block"},{"angle":315,"time":101.91666666667,"type":"block"},{"angle":292.5,"tap":true,"type":"block","time":102.41666666667},{"angle":315,"time":102.91666666667,"type":"block"},{"angle":337.5,"time":103.41666666667,"type":"block"},{"angle":22.5,"time":103.91666666667,"type":"block"},{"angle":0,"tap":true,"type":"block","time":104.41666666667},{"angle":337.5,"time":104.91666666667,"type":"block"},{"angle":360,"time":105.41666666667,"type":"block"},{"angle":315,"tap":true,"type":"block","time":105.91666666667},{"angle":337.5,"time":106.41666666667,"type":"block"},{"angle":360,"time":106.91666666667,"type":"block"},{"angle":45,"time":107.41666666667,"type":"block"},{"angle":22.5,"time":107.91666666667,"type":"block"},{"angle":45,"tap":true,"type":"block","time":108.41666666667},{"angle":360,"time":108.91666666667,"type":"block"},{"angle":22.5,"time":109.41666666667,"type":"block"},{"angle":67.5,"time":109.91666666667,"type":"block"},{"angle":45,"time":110.41666666667,"type":"block"},{"angle":22.5,"time":110.91666666667,"type":"block"},{"angle":337.5,"time":111.41666666667,"type":"block"},{"angle":0,"time":111.91666666667,"type":"block"},{"angle":22.5,"time":112.41666666667,"type":"block"},{"angle":360,"time":112.91666666667,"type":"block"},{"angle":315,"time":113.41666666667,"type":"block"},{"angle":292.5,"time":113.91666666667,"type":"block"},{"angle":315,"time":114.41666666667,"type":"block"},{"angle":292.5,"time":114.91666666667,"type":"block"},{"angle":270,"time":115.41666666667,"type":"block"},{"angle":292.5,"time":115.91666412354,"type":"block"},{"angle":180,"time":53.916666666667,"type":"block"},{"duration":3,"startTap":true,"endTap":true,"type":"hold","time":116.33333587646,"angle2":360,"angle":270},{"duration":3,"startTap":true,"endTap":true,"type":"hold","time":120.33333333333,"angle2":450,"angle":360},{"duration":3,"startTap":true,"endTap":true,"type":"hold","time":124.33333333333,"angle2":540,"angle":450},{"duration":3,"startTap":true,"endTap":true,"type":"hold","time":128.33333333333,"angle2":270,"angle":180},{"angle":180,"time":127.83333333333,"type":"block"},{"angle":90,"time":123.83333333333,"type":"block"},{"angle":0,"time":119.83333333333,"type":"block"},{"duration":3,"startTap":true,"endTap":true,"type":"hold","time":116.33333587646,"angle2":382.5,"angle":292.5},{"duration":3,"startTap":true,"endTap":true,"type":"hold","time":120.33333333333,"angle2":472.5,"angle":382.5},{"duration":3,"startTap":true,"endTap":true,"type":"hold","time":124.33333333333,"angle2":562.5,"angle":472.5},{"duration":3,"startTap":true,"endTap":true,"type":"hold","time":128.33333333333,"angle2":292.5,"angle":202.5},{"angle":202.5,"time":127.83333333333,"type":"block"},{"angle":112.5,"time":123.83333333333,"type":"block"},{"angle":22.5,"time":119.83333333333,"type":"block"},{"angle":0,"tap":true,"type":"block","time":136.25},{"angle":22.5,"tap":true,"type":"block","time":137.25},{"angle":337.5,"tap":true,"type":"block","time":138.25},{"angle":0,"tap":true,"type":"block","time":139.25},{"angle":45,"tap":true,"type":"block","time":140.25},{"angle":315,"tap":true,"type":"block","time":141.25},{"angle":0,"tap":true,"type":"block","time":142.25},{"angle":337.5,"tap":true,"type":"block","time":143.25},{"duration":47,"type":"mineHold","time":136.25,"angle2":270,"angle":270},{"duration":47,"type":"mineHold","time":136.25,"angle2":90,"angle":90},{"duration":47,"type":"mineHold","time":136.25,"angle2":247.5,"angle":247.5},{"duration":47,"type":"mineHold","time":136.25,"angle2":112.5,"angle":112.5},{"angle":45,"tap":true,"type":"block","time":144.25},{"angle":337.5,"tap":true,"type":"block","time":145.25},{"angle":0,"tap":true,"type":"block","time":146.25},{"angle":315,"tap":true,"type":"block","time":147.25},{"angle":22.5,"tap":true,"type":"block","time":148.25},{"angle":337.5,"tap":true,"type":"block","time":149.25},{"angle":45,"tap":true,"type":"block","time":150.25},{"angle":22.5,"tap":true,"type":"block","time":151.25},{"angle":315,"tap":true,"type":"block","time":152.25},{"angle":315,"time":153.25,"type":"block"},{"angle":337.5,"time":153.75,"type":"block"},{"angle":360,"time":154.25,"type":"block"},{"angle":337.5,"tap":true,"type":"block","time":156.25},{"angle":337.5,"time":157.25,"type":"block"},{"angle":0,"time":157.75,"type":"block"},{"angle":337.5,"time":158.25,"type":"block"},{"angle":360,"tap":true,"type":"block","time":160.25},{"angle":0,"time":161.25,"type":"block"},{"angle":22.5,"time":161.75,"type":"block"},{"angle":22.5,"time":155.25,"type":"block"},{"angle":315,"time":159.25,"type":"block"},{"angle":45,"time":162.25,"type":"block"},{"angle":45,"time":163.25,"type":"block"},{"duration":2,"startTap":true,"endTap":true,"type":"hold","time":164.25,"angle2":-22.5,"angle":0},{"angle":0,"tap":true,"type":"block","time":168.25},{"angle":337.5,"time":169.25,"type":"block"},{"angle":0,"time":169.75,"type":"block"},{"angle":22.5,"time":170.25,"type":"block"},{"angle":0,"time":171.25,"type":"block"},{"angle":45,"tap":true,"type":"block","time":172.25},{"angle":67.5,"time":173.25,"type":"block"},{"angle":45,"time":173.75,"type":"block"},{"angle":22.5,"time":174.25,"type":"block"},{"angle":0,"time":175.25,"type":"block"},{"angle":315,"tap":true,"type":"block","time":176.25},{"angle":337.5,"time":177.25,"type":"block"},{"angle":360,"time":177.75,"type":"block"},{"angle":22.5,"time":178.25,"type":"block"},{"angle":45,"time":179.25,"type":"block"},{"duration":2,"startTap":true,"endTap":true,"type":"hold","time":180.25,"angle2":0,"angle":45},{"duration":47,"type":"mineHold","time":184.75,"angle2":270,"angle":270},{"duration":47,"type":"mineHold","time":184.75,"angle2":90,"angle":90},{"duration":47,"type":"mineHold","time":184.75,"angle2":292.5,"angle":292.5},{"duration":47,"type":"mineHold","time":184.75,"angle2":67.5,"angle":67.5},{"angle":225,"time":188.25,"type":"block"},{"angle":225,"time":188.75,"type":"block"},{"angle":225,"time":189.25,"type":"block"},{"angle":225,"time":189.75,"type":"block"},{"angle":202.5,"time":190.25,"type":"block"},{"angle":202.5,"time":190.75,"type":"block"},{"angle":202.5,"time":191.25,"type":"block"},{"angle":202.5,"time":191.75,"type":"block"},{"angle":157.5,"time":192.25,"type":"block"},{"angle":157.5,"time":192.75,"type":"block"},{"angle":157.5,"time":193.25,"type":"block"},{"angle":157.5,"time":193.75,"type":"block"},{"angle":135,"time":194.25,"type":"block"},{"angle":135,"time":194.75,"type":"block"},{"angle":135,"time":195.25,"type":"block"},{"angle":135,"time":195.75,"type":"block"},{"angle":135,"time":196.25,"type":"block"},{"angle":157.5,"time":196.75,"type":"block"},{"angle":180,"time":197.25,"type":"block"},{"angle":202.5,"time":197.75,"type":"block"},{"angle":225,"time":198.25,"type":"block"},{"angle":202.5,"time":198.75,"type":"block"},{"angle":180,"time":199.25,"type":"block"},{"angle":157.5,"time":199.75,"type":"block"},{"angle":135,"time":200.25,"type":"block"},{"angle":157.5,"time":200.75,"type":"block"},{"angle":180,"time":201.25,"type":"block"},{"angle":202.5,"time":201.75,"type":"block"},{"angle":225,"time":202.25,"type":"block"},{"angle":202.5,"time":202.75,"type":"block"},{"angle":180,"time":203.25,"type":"block"},{"angle":157.5,"time":203.75,"type":"block"},{"angle":135,"tap":true,"type":"block","time":204.25},{"angle":135,"tap":true,"type":"block","time":205.25},{"angle":135,"time":205.75,"type":"block"},{"angle":135,"time":206.25,"type":"block"},{"angle":180,"time":207.25,"type":"block"},{"angle":157.5,"time":208.25,"type":"block"},{"angle":202.5,"time":210.25,"type":"block"},{"angle":180,"time":209.25,"type":"block"},{"angle":180,"time":211.25,"type":"block"},{"angle":180,"tap":true,"type":"block","time":212.25},{"angle":180,"tap":true,"type":"block","time":213.25},{"angle":202.5,"time":213.75,"type":"block"},{"angle":225,"time":214.25,"type":"block"},{"angle":225,"time":215.25,"type":"block"},{"duration":2,"startTap":true,"endTap":true,"type":"hold","time":216.25,"angle2":180,"angle":225},{"angle":180,"tap":true,"type":"block","time":220.25},{"angle":180,"tap":true,"type":"block","time":221.25},{"angle":157.5,"time":221.75,"type":"block"},{"angle":135,"time":222.25,"type":"block"},{"angle":135,"time":223.25,"type":"block"},{"angle":157.5,"time":224.25,"type":"block"},{"angle":180,"time":225.25,"type":"block"},{"angle":202.5,"time":226.25,"type":"block"},{"angle":157.5,"time":227.25,"type":"block"},{"angle":157.5,"tap":true,"type":"block","time":228.25},{"angle":157.5,"tap":true,"type":"block","time":229.25},{"angle":135,"time":229.75,"type":"block"},{"angle":157.5,"time":230.25,"type":"block"},{"angle":180,"time":231.25,"type":"block"},{"duration":2,"startTap":true,"endTap":true,"type":"hold","time":232.25,"angle2":180,"angle":157.5},{"duration":3,"type":"mineHold","time":116.33333587646,"angle2":180,"angle":112.5},{"duration":3,"type":"mineHold","time":116.33333587646,"angle2":202.5,"angle":135},{"angle":202.5,"time":119.83333333333,"type":"mine"},{"angle":180,"time":119.83333333333,"type":"mine"},{"duration":3,"type":"mineHold","time":120.33333333333,"angle2":292.5,"angle":202.5},{"duration":3,"type":"mineHold","time":120.33333333333,"angle2":270,"angle":180},{"angle":292.5,"time":123.83333333333,"type":"mine"},{"angle":270,"time":123.83333333333,"type":"mine"},{"duration":3,"type":"mineHold","time":124.33333333333,"angle2":360,"angle":270},{"duration":3,"type":"mineHold","time":124.33333333333,"angle2":382.5,"angle":292.5},{"angle":0,"time":127.83333333333,"type":"mine"},{"angle":337.5,"time":127.83333587646,"type":"mine"},{"duration":3,"type":"mineHold","time":128.33333333333,"angle2":90,"angle":0},{"duration":3,"type":"mineHold","time":128.33333333333,"angle2":112.5,"angle":22.5},{"duration":2,"angle":180,"endTap":true,"type":"hold","time":240.5,"angle2":270},{"angle":270,"time":244.83333333333,"type":"block"},{"angle":270,"time":242.83333333333,"type":"block"},{"angle":247.5,"time":243.33333333333,"type":"block"},{"angle":270,"time":243.83333333333,"type":"block"},{"angle":292.5,"time":244.33333333333,"type":"block"},{"duration":2,"type":"hold","time":245.33332824707,"angle2":315,"angle":270},{"angle":292.5,"tap":true,"type":"block","time":246.33332824707},{"duration":2,"angle":315,"endTap":true,"type":"hold","time":248.33332824707,"angle2":405},{"angle":67.5,"time":250.83333333333,"type":"block"},{"angle":45,"time":251.33333333333,"type":"block"},{"angle":67.5,"time":251.83333333333,"type":"block"},{"angle":90,"time":252.33332824707,"type":"block"},{"angle":112.5,"time":252.83332824707,"type":"block"},{"duration":1,"type":"hold","time":253.33332824707,"angle2":112.5,"angle":90},{"duration":1,"startTap":true,"angle":112.5,"type":"hold","time":254.33332824707,"angle2":157.5},{"duration":1,"type":"hold","time":255.33332824707,"angle2":90,"angle":157.5},{"duration":2,"startTap":true,"endTap":true,"type":"hold","time":256.33334350586,"angle2":157.5,"angle":90},{"angle":135,"time":258.75,"type":"block"},{"angle":157.5,"time":259.25,"type":"block"},{"angle":135,"time":259.75,"type":"block"},{"angle":180,"time":260.25,"type":"block"},{"angle":157.5,"time":260.75,"type":"block"},{"duration":2,"angle":157.5,"endTap":true,"type":"hold","time":264.33334350586,"angle2":225},{"angle":247.5,"time":266.83333333333,"type":"block"},{"angle":225,"time":267.33333333333,"type":"block"},{"angle":247.5,"time":267.83333333333,"type":"block"},{"angle":270,"time":268.33333333333,"type":"block"},{"angle":247.5,"tap":true,"type":"block","time":268.83333333333},{"angle":292.5,"time":269.33333333333,"type":"block"},{"angle":270,"time":269.83333333333,"type":"block"},{"angle":225,"tap":true,"type":"block","time":271.33333333333},{"angle":225,"tap":true,"type":"block","time":270.33333333333},{"angle":247.5,"time":270.83333333333,"type":"block"},{"duration":8,"type":"mineHold","time":272.5,"angle2":315,"angle":360},{"duration":8,"type":"mineHold","time":272.5,"angle2":27.5,"angle":67.5},{"duration":8,"type":"mineHold","time":272.5,"angle2":67.5,"angle":22.5},{"duration":8,"type":"mineHold","time":272.5,"angle2":135,"angle":90},{"duration":8,"angle":202.5,"endTap":true,"type":"hold","time":272.33334350586,"angle2":247.5},{"duration":8,"angle":247.5,"endTap":true,"type":"hold","time":272.33334350586,"angle2":202.5},{"angle":225,"tap":true,"type":"block","time":274.33334350586},{"angle":225,"tap":true,"type":"block","time":277.33334350586},{"angle":225,"tap":true,"type":"block","time":278.33334350586},{"angle":225,"time":279.33334350586,"type":"block"},{"duration":8.1599998474121,"angle":0,"endTap":true,"type":"hold","time":288.33334350586,"angle2":45},{"duration":8.1599998474121,"angle":45,"endTap":true,"type":"hold","time":288.33334350586,"angle2":0},{"duration":8,"type":"mineHold","time":288.5,"angle2":225,"angle":180},{"duration":8,"type":"mineHold","time":288.5,"angle2":180,"angle":225},{"duration":8,"type":"mineHold","time":288.5,"angle2":112.5,"angle":157.5},{"duration":8,"type":"mineHold","time":288.5,"angle2":270,"angle":247.5},{"angle":22.5,"tap":true,"type":"block","time":290.33334350586},{"angle":22.5,"tap":true,"type":"block","time":293.33334350586},{"angle":22.5,"tap":true,"type":"block","time":294.33334350586},{"angle":22.5,"time":295.33334350586,"type":"block"},{"angle":225,"time":280.83333333333,"type":"block"},{"angle":202.5,"time":281.33333333333,"type":"block"},{"angle":225,"time":281.83333333333,"type":"block"},{"angle":225,"time":282.33333333333,"type":"block"},{"angle":247.5,"time":282.83333333333,"type":"block"},{"angle":225,"time":283.33333333333,"type":"block"},{"angle":247.5,"time":283.83333333333,"type":"block"},{"angle":202.5,"time":284.33333333333,"type":"block"},{"duration":2,"angle":225,"endTap":true,"type":"hold","time":285.33334350586,"angle2":360},{"angle":0,"time":304.33333333333,"type":"block"},{"angle":22.5,"time":304.83333333333,"type":"block"},{"angle":337.5,"time":305.33333333333,"type":"block"},{"angle":0,"time":305.83333333333,"type":"block"},{"angle":22.5,"time":306.33333333333,"type":"block"},{"angle":360,"time":306.83333333333,"type":"block"},{"angle":337.5,"time":307.33333333333,"type":"block"},{"angle":0,"time":307.83333333333,"type":"block"},{"angle":45,"time":308.33333333333,"type":"block"},{"angle":22.5,"time":308.83333333333,"type":"block"},{"angle":45,"time":309.33333333333,"type":"block"},{"angle":22.5,"time":309.83333333333,"type":"block"},{"angle":67.5,"time":310.33333333333,"type":"block"},{"angle":45,"time":310.83333333333,"type":"block"},{"angle":67.5,"time":311.33333333333,"type":"block"},{"angle":90,"time":311.83333333333,"type":"block"},{"angle":90,"time":312.83333333333,"type":"block"},{"angle":135,"time":313.33333333333,"type":"block"},{"angle":112.5,"time":313.83333333333,"type":"block"},{"angle":135,"time":314.33333333333,"type":"block"},{"angle":180,"time":315.33333333333,"type":"block"},{"angle":157.5,"time":315.83333333333,"type":"block"},{"angle":157.5,"time":316.83333333333,"type":"block"},{"duration":2.5,"startTap":true,"angle":90,"type":"hold","time":312.33333333333,"angle2":157.5},{"duration":3,"startTap":true,"angle":180,"type":"hold","time":316.33333333333,"angle2":225},{"duration":3,"startTap":true,"angle":247.5,"type":"hold","time":320.33333333333,"angle2":292.5},{"duration":3,"startTap":true,"angle":292.5,"type":"hold","time":324.33333333333,"angle2":337.5},{"angle":180,"time":317.33333333333,"type":"block"},{"angle":225,"time":317.83333333333,"type":"block"},{"angle":225,"time":318.33333333333,"type":"block"},{"angle":202.5,"time":318.83333333333,"type":"block"},{"angle":247.5,"time":319.83333333333,"type":"block"},{"angle":270,"time":320.83333333333,"type":"block"},{"angle":247.5,"time":321.33333333333,"type":"block"},{"angle":292.5,"time":321.83333333333,"type":"block"},{"angle":315,"time":322.33333333333,"type":"block"},{"angle":270,"time":322.83333333333,"type":"block"},{"angle":270,"time":323.83333333333,"type":"block"},{"angle":315,"time":324.83333333333,"type":"block"},{"angle":292.5,"time":325.83333333333,"type":"block"},{"angle":292.5,"time":325.33333333333,"type":"block"},{"angle":337.5,"time":326.33333333333,"type":"block"},{"angle":315,"time":326.83333333333,"type":"block"},{"duration":50,"type":"mineHold","time":330,"angle2":180,"angle":180},{"duration":50,"type":"mineHold","time":330,"angle2":0,"angle":0},{"duration":50,"type":"mineHold","time":330,"angle2":157,"angle":157.5},{"duration":50,"type":"mineHold","time":330,"angle2":22,"angle":22.5},{"angle":270,"time":333.33333333333,"type":"extraTap"},{"angle":270,"time":335.33333333333,"type":"extraTap"},{"angle":270,"time":337.33333333333,"type":"extraTap"},{"angle":270,"time":339.33333333333,"type":"extraTap"},{"angle":270,"time":341.33333333333,"type":"extraTap"},{"angle":270,"time":343.33333333333,"type":"extraTap"},{"angle":270,"time":345.33333333333,"type":"extraTap"},{"angle":270,"time":347.33333333333,"type":"extraTap"},{"angle":270,"time":349.33334350586,"type":"extraTap"},{"angle":270,"time":351.33334350586,"type":"extraTap"},{"angle":270,"time":353.33334350586,"type":"extraTap"},{"angle":270,"time":355.33334350586,"type":"extraTap"},{"angle":270,"time":357.33334350586,"type":"extraTap"},{"angle":270,"time":359.33334350586,"type":"extraTap"},{"angle":270,"time":361.33334350586,"type":"extraTap"},{"angle":270,"time":363.33334350586,"type":"extraTap"},{"angle":247.5,"time":365.33334350586,"type":"extraTap"},{"angle":270,"time":367.33334350586,"type":"extraTap"},{"angle":270,"time":369.33334350586,"type":"extraTap"},{"angle":270,"time":371.33334350586,"type":"extraTap"},{"angle":270,"time":373.33334350586,"type":"extraTap"},{"angle":270,"time":375.33334350586,"type":"extraTap"},{"angle":270,"time":377.33334350586,"type":"extraTap"},{"angle":270,"time":379.33334350586,"type":"extraTap"},{"angle":270,"time":334.33334350586,"type":"block"},{"angle":225,"time":336.33334350586,"type":"block"},{"angle":292.5,"time":338.33334350586,"type":"block"},{"angle":247.5,"time":340.33334350586,"type":"block"},{"angle":270,"time":342.33334350586,"type":"block"},{"angle":315,"time":344.33334350586,"type":"block"},{"angle":247.5,"time":346.33334350586,"type":"block"},{"angle":270,"time":348.33334350586,"type":"block"},{"angle":270,"time":349.83334350586,"type":"block"},{"duration":50.099998474121,"type":"mineHold","time":381.75,"angle2":180,"angle":180},{"duration":50.099998474121,"type":"mineHold","time":381.75,"angle2":202,"angle":202.5},{"duration":50.099998474121,"type":"mineHold","time":381.75,"angle2":337.5,"angle":337.5},{"duration":50.099998474121,"type":"mineHold","time":381.83334350586,"angle2":0,"angle":0},{"duration":2,"angle":157.5,"endTap":true,"type":"hold","time":261.33334350586,"angle2":112.5},{"angle":225,"time":284.83334350586,"type":"block"},{"angle":135,"time":263.83334350586,"type":"block"},{"time":276.33334350586,"angle":247.5,"type":"side"},{"angle":45,"time":292.33334350586,"type":"side"},{"angle":22.5,"time":297.00001017253,"type":"block"},{"angle":0,"time":297.50001017253,"type":"block"},{"angle":22.5,"time":298.00001017253,"type":"block"},{"angle":337.5,"time":298.33332316081,"type":"block"},{"angle":0,"time":298.83332316081,"type":"block"},{"angle":22.5,"time":299.33332316081,"type":"block"},{"angle":360,"time":299.83332316081,"type":"block"},{"angle":22.5,"time":300.33332316081,"type":"block"},{"angle":337.5,"time":300.83332316081,"type":"block"},{"angle":0,"time":301.33332316081,"type":"block"},{"angle":22.5,"time":301.83332316081,"type":"block"},{"angle":0,"time":302.33332316081,"type":"block"},{"angle":337.5,"time":302.83332316081,"type":"block"},{"angle":22.5,"time":303.33332316081,"type":"block"},{"angle":337.5,"time":303.83334350586,"type":"block"},{"angle":292.5,"time":350.33334350586,"type":"block"},{"angle":247.5,"time":352.33334350586,"type":"block"},{"angle":270,"time":353.83334350586,"type":"block"},{"angle":247.5,"time":354.33334350586,"type":"block"},{"duration":1,"type":"hold","time":360.33334350586,"angle2":270,"angle":315},{"duration":1,"type":"hold","time":362.33334350586,"angle2":270,"angle":225},{"duration":1,"type":"hold","time":376.33334350586,"angle2":270,"angle":225},{"duration":1,"type":"hold","time":378.33334350586,"angle2":270,"angle":315},{"angle":292.5,"time":356.33334350586,"type":"block"},{"angle":315,"time":357.83334350586,"type":"block"},{"angle":292.5,"time":358.33334350586,"type":"block"},{"angle":247.5,"time":364.5,"type":"block"},{"angle":292.5,"time":365.83334350586,"type":"block"},{"angle":247.5,"time":366.33334350586,"type":"block"},{"angle":247.5,"time":368.33334350586,"type":"block"},{"angle":247.5,"time":369.83334350586,"type":"block"},{"angle":270,"time":370.33334350586,"type":"block"},{"angle":292.5,"time":372.33334350586,"type":"block"},{"angle":270,"time":373.83334350586,"type":"block"},{"angle":292.5,"time":374.33334350586,"type":"block"},{"angle":90,"time":384.33333333333,"type":"block"},{"duration":1,"type":"hold","time":384.83333333333,"angle2":90,"angle":90},{"angle":90,"time":386.33333333333,"type":"block"},{"angle":90,"time":386.83333333333,"type":"block"},{"angle":90,"time":387.33333333333,"type":"block"},{"angle":90,"time":387.83333333333,"type":"block"},{"duration":1,"type":"hold","time":388.83333333333,"angle2":45,"angle":45},{"angle":45,"time":390.33333333333,"type":"block"},{"angle":45,"time":390.83333333333,"type":"block"},{"angle":45,"time":391.33333333333,"type":"block"},{"angle":45,"time":391.83333333333,"type":"block"},{"duration":1,"type":"hold","time":392.83333333333,"angle2":90,"angle":90},{"angle":90,"time":394.33333333333,"type":"block"},{"angle":90,"time":394.83333333333,"type":"block"},{"angle":90,"time":395.33333333333,"type":"block"},{"angle":90,"time":395.83333333333,"type":"block"},{"duration":1,"type":"hold","time":396.83333333333,"angle2":135,"angle":135},{"angle":135,"time":398.33333333333,"type":"block"},{"angle":135,"time":398.83333333333,"type":"block"},{"angle":135,"time":399.33333333333,"type":"block"},{"angle":135,"time":399.83333333333,"type":"block"},{"angle":45,"time":388.33334350586,"type":"side"},{"angle":90,"time":392.33334350586,"type":"side"},{"angle":135,"time":396.33334350586,"type":"side"},{"angle":337.5,"time":328,"type":"block"},{"angle":180,"type":"mine","time":37.333334604899,"speedMult":2},{"angle":180,"type":"mine","time":38.333334604899,"speedMult":2},{"angle":180,"type":"mine","time":36.333334604899,"speedMult":2},{"angle":180,"type":"mine","time":42.333334604899,"speedMult":2},{"duration":8,"type":"mineHold","time":36.333334604899,"angle2":157.5,"angle":202.5,"speedMult":2},{"duration":8,"type":"mineHold","time":36.333334604899,"angle2":202.5,"angle":157.5,"speedMult":2},{"duration":4.5,"type":"mineHold","time":40.166666666667,"angle2":180,"angle":202.5,"speedMult":2},{"duration":4.5,"type":"mineHold","time":40.166666666667,"angle2":180,"angle":157.5,"speedMult":2},{"angle":112.5,"type":"mine","time":40.833334604899,"speedMult":2},{"angle":112.5,"type":"mine","time":41.833334604899,"speedMult":2},{"angle":112.5,"type":"mine","time":39.833334604899,"speedMult":2},{"angle":112.5,"type":"mine","time":45.833334604899,"speedMult":2},{"duration":8,"type":"mineHold","time":39.833334604899,"angle2":90,"angle":135,"speedMult":2},{"duration":8,"type":"mineHold","time":39.833334604899,"angle2":135,"angle":90,"speedMult":2},{"duration":4.5,"type":"mineHold","time":43.666666666667,"angle2":112.5,"angle":135,"speedMult":2},{"duration":4.5,"type":"mineHold","time":43.666666666667,"angle2":112.5,"angle":90,"speedMult":2},{"angle":90,"type":"mine","time":50.000001271566,"speedMult":2},{"angle":90,"type":"mine","time":51.000001271566,"speedMult":2},{"angle":90,"type":"mine","time":49.000001271566,"speedMult":2},{"angle":90,"type":"mine","time":55.000001271566,"speedMult":2},{"duration":8,"type":"mineHold","time":49.000001271566,"angle2":67.5,"angle":112.5,"speedMult":2},{"duration":8,"type":"mineHold","time":49,"angle2":112.5,"angle":67.5,"speedMult":2},{"duration":4.5,"type":"mineHold","time":52.833333333333,"angle2":90,"angle":112.5,"speedMult":2},{"duration":4.5,"type":"mineHold","time":52.833333333333,"angle2":90,"angle":67.5,"speedMult":2},{"angle":382.5,"type":"mine","time":54.000001271566,"speedMult":2},{"angle":382.5,"type":"mine","time":55.000001271566,"speedMult":2},{"angle":382.5,"type":"mine","time":53.000001271566,"speedMult":2},{"angle":382.5,"type":"mine","time":59.000001271566,"speedMult":2},{"duration":8,"type":"mineHold","time":53.000001271566,"angle2":360,"angle":405,"speedMult":2},{"duration":8,"type":"mineHold","time":53.000001271566,"angle2":405,"angle":360,"speedMult":2},{"duration":4.5,"type":"mineHold","time":56.833333333333,"angle2":382.5,"angle":405,"speedMult":2},{"duration":4.5,"type":"mineHold","time":56.833333333333,"angle2":382.5,"angle":360,"speedMult":2},{"angle":292.5,"type":"mine","time":61.500001271566,"speedMult":2},{"angle":292.5,"type":"mine","time":62.500001271566,"speedMult":2},{"angle":292.5,"type":"mine","time":60.500001271566,"speedMult":2},{"angle":292.5,"type":"mine","time":66.500001271566,"speedMult":2},{"duration":8,"type":"mineHold","time":60.500001271566,"angle2":270,"angle":315,"speedMult":2},{"duration":8,"type":"mineHold","time":60.500001271566,"angle2":315,"angle":270,"speedMult":2},{"duration":4.5,"type":"mineHold","time":64.333333333333,"angle2":292.5,"angle":315,"speedMult":2},{"duration":4.5,"type":"mineHold","time":64.333333333333,"angle2":292.5,"angle":270,"speedMult":2},{"angle":225,"type":"mine","time":65.333334604899,"speedMult":2},{"angle":225,"type":"mine","time":66.333334604899,"speedMult":2},{"angle":225,"type":"mine","time":64.333334604899,"speedMult":2},{"angle":225,"type":"mine","time":70.333334604899,"speedMult":2},{"duration":8,"type":"mineHold","time":64.333334604899,"angle2":202.5,"angle":247.5,"speedMult":2},{"duration":8,"type":"mineHold","time":64.333334604899,"angle2":247.5,"angle":202.5,"speedMult":2},{"duration":4.5,"type":"mineHold","time":68.166666666667,"angle2":225,"angle":247.5,"speedMult":2},{"duration":4.5,"type":"mineHold","time":68.166666666667,"angle2":225,"angle":202.5,"speedMult":2},{"angle":180,"type":"mine","time":73.500001271566,"speedMult":2},{"angle":180,"type":"mine","time":74.500001271566,"speedMult":2},{"angle":180,"type":"mine","time":72.500001271566,"speedMult":2},{"angle":180,"type":"mine","time":78.500001271566,"speedMult":2},{"duration":8,"type":"mineHold","time":72.500001271566,"angle2":157.5,"angle":202.5,"speedMult":2},{"duration":8,"type":"mineHold","time":72.500001271566,"angle2":202.5,"angle":157.5,"speedMult":2},{"duration":4.5,"type":"mineHold","time":76.333333333333,"angle2":180,"angle":202.5,"speedMult":2},{"duration":4.5,"type":"mineHold","time":76.333333333333,"angle2":180,"angle":157.5,"speedMult":2},{"angle":270,"type":"mine","time":77.166667938232,"speedMult":2},{"angle":270,"type":"mine","time":78.166667938232,"speedMult":2},{"angle":270,"type":"mine","time":76.166667938232,"speedMult":2},{"angle":270,"type":"mine","time":82.166667938232,"speedMult":2},{"duration":8,"type":"mineHold","time":76.166667938232,"angle2":247.5,"angle":292.5,"speedMult":2},{"duration":8,"type":"mineHold","time":76.166667938232,"angle2":292.5,"angle":247.5,"speedMult":2},{"duration":4.5,"type":"mineHold","time":80,"angle2":270,"angle":292.5,"speedMult":2},{"duration":4.5,"type":"mineHold","time":80,"angle2":270,"angle":247.5,"speedMult":2},{"angle":360,"type":"mine","time":85.000001271566,"speedMult":2},{"angle":360,"type":"mine","time":86.000001271566,"speedMult":2},{"angle":360,"type":"mine","time":84.000001271566,"speedMult":2},{"angle":360,"type":"mine","time":90.000001271566,"speedMult":2},{"duration":8,"type":"mineHold","time":84.000001271566,"angle2":337.5,"angle":382.5,"speedMult":2},{"duration":8,"type":"mineHold","time":84.000001271566,"angle2":382.5,"angle":337.5,"speedMult":2},{"duration":4.5,"type":"mineHold","time":87.833333333333,"angle2":360,"angle":382.5,"speedMult":2},{"duration":4.5,"type":"mineHold","time":87.833333333333,"angle2":360,"angle":337.5,"speedMult":2},{"angle":292.5,"type":"mine","time":88.833334604899,"speedMult":2},{"angle":292.5,"type":"mine","time":89.833334604899,"speedMult":2},{"angle":292.5,"type":"mine","time":87.833334604899,"speedMult":2},{"angle":292.5,"type":"mine","time":93.833334604899,"speedMult":2},{"duration":8,"type":"mineHold","time":87.833334604899,"angle2":270,"angle":315,"speedMult":2},{"duration":8,"type":"mineHold","time":87.833334604899,"angle2":315,"angle":270,"speedMult":2},{"duration":4.5,"type":"mineHold","time":91.666666666667,"angle2":292.5,"angle":315,"speedMult":2},{"duration":4.5,"type":"mineHold","time":91.666666666667,"angle2":292.5,"angle":270,"speedMult":2},{"angle":90,"type":"mine","time":97.500001271566,"speedMult":2},{"angle":90,"type":"mine","time":98.500001271566,"speedMult":2},{"angle":90,"type":"mine","time":96.500001271566,"speedMult":2},{"angle":90,"type":"mine","time":102.50000127157,"speedMult":2},{"duration":8,"type":"mineHold","time":96.500001271566,"angle2":67.5,"angle":112.5,"speedMult":2},{"duration":8,"type":"mineHold","time":96.500001271566,"angle2":112.5,"angle":67.5,"speedMult":2},{"duration":4.5,"type":"mineHold","time":100.33333333333,"angle2":90,"angle":112.5,"speedMult":2},{"duration":4.5,"type":"mineHold","time":100.33333333333,"angle2":90,"angle":67.5,"speedMult":2},{"angle":180,"type":"mine","time":101.3333346049,"speedMult":2},{"angle":180,"type":"mine","time":102.3333346049,"speedMult":2},{"angle":180,"type":"mine","time":100.3333346049,"speedMult":2},{"angle":180,"type":"mine","time":106.3333346049,"speedMult":2},{"duration":8,"type":"mineHold","time":100.3333346049,"angle2":157.5,"angle":202.5,"speedMult":2},{"duration":8,"type":"mineHold","time":100.3333346049,"angle2":202.5,"angle":157.5,"speedMult":2},{"duration":4.5,"type":"mineHold","time":104.16666666667,"angle2":180,"angle":202.5,"speedMult":2},{"duration":4.5,"type":"mineHold","time":104.16666666667,"angle2":180,"angle":157.5,"speedMult":2},{"angle":247.5,"time":349.25,"type":"block"},{"angle":292.5,"time":353.25,"type":"block"},{"angle":292.5,"time":357.25,"type":"block"},{"angle":270,"time":365.33334350586,"type":"block"},{"angle":247.5,"time":369.33334350586,"type":"block"},{"angle":225,"time":373.33334350586,"type":"block"},{"angle":135,"time":400.25,"type":"extraTap"},{"angle":112.5,"time":401.33333333333,"type":"block"},{"angle":90,"time":401.83333333333,"type":"block"},{"angle":67.5,"time":402.33333333333,"type":"block"},{"angle":112.5,"time":403.33334350586,"type":"side"},{"angle":90,"time":405.83334350586,"type":"block"},{"angle":67.5,"time":404.33334350586,"type":"block"},{"angle":67.5,"time":405.33334350586,"type":"block"},{"angle":112.5,"time":406.33334350586,"type":"block"},{"angle":67.5,"time":407.33334350586,"type":"side"},{"angle":90,"time":408.33334350586,"type":"block"},{"angle":90,"time":409.33334350586,"type":"block"},{"angle":67.5,"time":409.83334350586,"type":"block"},{"angle":112.5,"time":410.33334350586,"type":"block"},{"angle":90,"tap":true,"type":"block","time":411.33334350586},{"angle":45,"time":412.33334350586,"type":"side"},{"angle":45,"duration":1.9999998807907,"endTap":true,"type":"hold","time":412.33334350586,"angle2":90},{"angle":90,"duration":2,"endTap":true,"type":"hold","time":414.33334350586,"angle2":45},{"angle":45,"time":417.33333333333,"type":"block"},{"angle":67.5,"time":417.83333333333,"type":"block"},{"angle":90,"time":418.33333333333,"type":"block"},{"angle":45,"time":419.33333333333,"type":"side"},{"angle":112.5,"time":420.33333333333,"type":"block"},{"angle":112.5,"time":421.33333333333,"type":"block"},{"angle":90,"time":421.83333333333,"type":"block"},{"angle":67.5,"time":422.33333333333,"type":"block"},{"angle":112.5,"time":423.33333333333,"type":"side"},{"angle":90,"time":424.33333333333,"type":"block"},{"angle":90,"time":425.33333333333,"type":"block"},{"angle":112.5,"time":425.83334350586,"type":"block"},{"angle":67.5,"time":426.33334350586,"type":"block"},{"angle":112.5,"time":427.33334350586,"type":"side"},{"angle":67.5,"time":428.33333333333,"type":"side"},{"duration":1.9999997615814,"angle":67.5,"endTap":true,"type":"hold","time":428.33333333333,"angle2":112.5},{"angle":112.5,"duration":1.9999997615814,"endTap":true,"type":"hold","time":430.33333333333,"angle2":67.5},{"angle":90,"time":436.33334350586,"type":"block"},{"angle":112.5,"time":437.33334350586,"type":"block"},{"duration":2,"type":"hold","time":438.33334350586,"angle2":202.5,"angle":135},{"angle":202.5,"time":441.33334350586,"type":"block"},{"duration":2,"type":"hold","time":442.33334350586,"angle2":270,"angle":202.5},{"angle":270,"time":445.33334350586,"type":"block"},{"duration":2,"type":"hold","time":446.33334350586,"angle2":337.5,"angle":270},{"angle":337.5,"time":449.33334350586,"type":"block"},{"duration":2,"type":"hold","time":450.33334350586,"angle2":405,"angle":337.5},{"angle":67.5,"time":452.83334350586,"type":"block"},{"angle":90,"time":453.33334350586,"type":"block"},{"duration":2,"angle":45,"endTap":true,"type":"hold","time":454.33334350586,"angle2":202.5},{"duration":2,"angle":67.5,"endTap":true,"type":"hold","time":454.33334350586,"angle2":225},{"angle":247.5,"time":456.83334350586,"type":"block"},{"angle":270,"time":457.33334350586,"type":"block"},{"duration":2,"angle":292.5,"endTap":true,"type":"hold","time":458.33334350586,"angle2":405},{"duration":2,"angle":315,"endTap":true,"type":"hold","time":458.33334350586,"angle2":427.5},{"angle":112.5,"time":461.33334350586,"type":"block"},{"angle":90,"time":460.83334350586,"type":"block"},{"duration":2,"angle":135,"endTap":true,"type":"hold","time":462.33334350586,"angle2":247.5},{"duration":2,"angle":157.5,"endTap":true,"type":"hold","time":462.33334350586,"angle2":270},{"angle":315,"time":465.33334350586,"type":"block"},{"angle":292.5,"time":464.83334350586,"type":"block"},{"duration":2,"angle":337.5,"endTap":true,"type":"hold","time":466.33334350586,"angle2":450},{"duration":2,"angle":360,"endTap":true,"type":"hold","time":466.33334350586,"angle2":472.5},{"angle":135,"time":469.33334350586,"type":"block"},{"angle":112.5,"time":468.83334350586,"type":"block"},{"angle":112.5,"tap":true,"type":"block","time":469.83334350586},{"angle":157.5,"time":470.33334350586,"type":"block"},{"angle":135,"time":470.83334350586,"type":"block"},{"angle":157.5,"time":471.33334350586,"type":"block"},{"angle":180,"time":471.83334350586,"type":"block"},{"angle":157.5,"tap":true,"type":"block","time":472.33334350586},{"angle":202.5,"time":472.83334350586,"type":"block"},{"angle":180,"time":473.33334350586,"type":"block"},{"angle":157.5,"tap":true,"type":"block","time":473.83334350586},{"angle":180,"time":474.33334350586,"type":"block"},{"angle":225,"time":474.83334350586,"type":"block"},{"angle":202.5,"time":475.33334350586,"type":"block"},{"angle":225,"time":475.83334350586,"type":"block"},{"angle":180,"tap":true,"type":"block","time":476.33334350586},{"angle":202.5,"time":476.83334350586,"type":"block"},{"angle":225,"time":477.33334350586,"type":"block"},{"angle":270,"tap":true,"type":"block","time":477.83334350586},{"angle":247.5,"time":478.33334350586,"type":"block"},{"angle":225,"time":478.83334350586,"type":"block"},{"angle":247.5,"time":479.33334350586,"type":"block"},{"angle":292.5,"time":479.83334350586,"type":"block"},{"angle":270,"tap":true,"type":"block","time":480.33334350586},{"angle":315,"time":480.83334350586,"type":"block"},{"angle":315,"time":481.33334350586,"type":"block"},{"angle":292.5,"tap":true,"type":"block","time":481.83334350586},{"angle":247.5,"time":482.33334350586,"type":"block"},{"angle":270,"time":482.83334350586,"type":"block"},{"angle":247.5,"time":483.33334350586,"type":"block"},{"angle":225,"time":483.83334350586,"type":"block"},{"angle":247.5,"tap":true,"type":"block","time":484.33334350586},{"angle":202.5,"time":484.83334350586,"type":"block"},{"angle":225,"time":485.33334350586,"type":"block"},{"angle":247.5,"tap":true,"type":"block","time":485.83334350586},{"angle":225,"time":486.33334350586,"type":"block"},{"angle":202.5,"time":486.83334350586,"type":"block"},{"angle":225,"time":487.33334350586,"type":"block"},{"angle":180,"time":487.83334350586,"type":"block"},{"angle":202.5,"tap":true,"type":"block","time":488.33334350586},{"angle":225,"time":488.83334350586,"type":"block"},{"angle":202.5,"time":489.33334350586,"type":"block"},{"angle":180,"tap":true,"type":"block","time":489.83334350586},{"angle":202.5,"time":490.33334350586,"type":"block"},{"angle":135,"time":490.83334350586,"type":"block"},{"angle":157.5,"time":491.33334350586,"type":"block"},{"angle":135,"time":491.83334350586,"type":"block"},{"angle":112.5,"tap":true,"type":"block","time":492.33334350586},{"angle":135,"time":492.83334350586,"type":"block"},{"angle":90,"time":493.33334350586,"type":"block"},{"angle":112.5,"tap":true,"type":"block","time":493.83334350586},{"angle":157.5,"time":494.33334350586,"type":"block"},{"angle":135,"time":494.83334350586,"type":"block"},{"angle":90,"time":495.33334350586,"type":"block"},{"angle":67.5,"time":495.83334350586,"type":"block"},{"angle":90,"tap":true,"type":"block","time":496.33334350586},{"angle":112.5,"time":496.83334350586,"type":"block"},{"angle":67.5,"time":497.33334350586,"type":"block"},{"angle":90,"tap":true,"type":"block","time":497.83334350586},{"angle":135,"time":498.33334350586,"type":"block"},{"angle":112.5,"time":498.83334350586,"type":"block"},{"angle":135,"time":499.33334350586,"type":"block"},{"angle":157.5,"time":499.83334350586,"type":"block"},{"duration":10,"type":"mineHold","time":500.33334350586,"angle2":157.5,"angle":67.5},{"duration":10,"type":"mineHold","time":500.33334350586,"angle2":292.5,"angle":202.5},{"duration":5,"type":"mineHold","time":500.33334350586,"angle2":90,"angle":45},{"duration":5,"type":"mineHold","time":500.33334350586,"angle2":270,"angle":225},{"angle":270,"time":506,"type":"mine"},{"angle":90,"time":506,"type":"mine"},{"angle":157.5,"time":511,"type":"mine"},{"angle":292.5,"time":511,"type":"mine"},{"duration":30.5,"type":"mineHold","time":536.5,"angle2":180,"angle":180},{"duration":30.5,"type":"mineHold","time":536.5,"angle2":360,"angle":360},{"duration":15.25,"type":"mineHold","time":588.5,"angle2":360,"angle":270},{"duration":15.25,"type":"mineHold","time":588.5,"angle2":180,"angle":90},{"duration":15.25,"type":"mineHold","time":603.75,"angle2":-90,"angle":0},{"duration":15.25,"type":"mineHold","time":603.75,"angle2":90,"angle":180},{"angle":360,"time":524.33331298828,"type":"block"},{"angle":0,"time":524.83331298828,"type":"block"},{"angle":0,"tap":true,"type":"block","time":525.33331298828},{"angle":180,"time":526.33331298828,"type":"block"},{"angle":180,"time":526.83331298828,"type":"block"},{"angle":180,"tap":true,"type":"block","time":527.33331298828},{"angle":90,"time":528.33331298828,"type":"block"},{"angle":90,"time":528.83331298828,"type":"block"},{"angle":90,"tap":true,"type":"block","time":529.33331298828},{"angle":270,"time":530.83331298828,"type":"block"},{"angle":270,"tap":true,"type":"block","time":531.33331298828},{"angle":180,"time":532.33331298828,"type":"block"},{"angle":180,"time":532.83331298828,"type":"block"},{"angle":180,"tap":true,"type":"block","time":533.33331298828},{"angle":0,"time":534.33331298828,"type":"block"},{"angle":0,"time":534.83331298828,"type":"block"},{"angle":360,"tap":true,"type":"block","time":535.33331298828},{"angle":270,"time":530.33331298828,"type":"block"},{"angle":270,"time":521.33331298828,"type":"block"},{"angle":270,"time":520.33331298828,"type":"block"},{"angle":270,"time":520.83331298828,"type":"block"},{"angle":90,"time":522.33331298828,"type":"block"},{"angle":90,"time":522.83331298828,"type":"block"},{"angle":90,"tap":true,"type":"block","time":523.33331298828},{"angle":270,"time":536.33331298828,"type":"block"},{"angle":270,"tap":true,"type":"block","time":537.33333333333},{"angle":270,"time":537.83333333333,"type":"block"},{"angle":270,"time":538.33333333333,"type":"block"},{"angle":270,"tap":true,"type":"block","time":539.33333333333},{"angle":45,"time":540.33331298828,"type":"block"},{"angle":45,"tap":true,"type":"block","time":541.33331298828},{"angle":45,"time":541.83331298828,"type":"block"},{"angle":45,"time":542.33331298828,"type":"block"},{"angle":45,"tap":true,"type":"block","time":543.33331298828},{"angle":315,"time":544.33331298828,"type":"block"},{"angle":315,"tap":true,"type":"block","time":545.33331298828},{"angle":315,"time":545.83331298828,"type":"block"},{"angle":315,"time":546.33331298828,"type":"block"},{"angle":315,"tap":true,"type":"block","time":547.33331298828},{"duration":2,"type":"hold","time":548.33331298828,"angle2":225,"angle":315},{"duration":2,"type":"hold","time":550.33331298828,"angle2":112.5,"angle":45},{"angle":112.5,"tap":true,"type":"block","time":553.33331298828},{"angle":112.5,"time":553.83331298828,"type":"block"},{"angle":112.5,"time":554.33331298828,"type":"block"},{"angle":112.5,"tap":true,"type":"block","time":555.33331298828},{"angle":270,"time":556.33331298828,"type":"block"},{"angle":270,"tap":true,"type":"block","time":557.33331298828},{"angle":270,"time":557.83331298828,"type":"block"},{"angle":270,"time":558.33331298828,"type":"block"},{"angle":270,"tap":true,"type":"block","time":559.33331298828},{"angle":45,"time":560.33331298828,"type":"block"},{"angle":45,"tap":true,"type":"block","time":561.33331298828},{"angle":45,"time":561.83331298828,"type":"block"},{"angle":45,"time":562.33331298828,"type":"block"},{"angle":45,"tap":true,"type":"block","time":563.33331298828},{"duration":2,"type":"hold","time":564.33331298828,"angle2":292.5,"angle":225},{"duration":2,"type":"hold","time":566.33331298828,"angle2":45,"angle":112.5},{"angle":247.5,"tap":true,"type":"block","time":574.33331298828},{"angle":270,"time":573.83331298828,"type":"block"},{"angle":270,"time":574.83331298828,"type":"block"},{"angle":292.5,"tap":true,"type":"block","time":575.33331298828},{"angle":270,"time":575.83331298828,"type":"block"},{"angle":270,"time":572.83331298828,"type":"block"},{"angle":292.5,"time":573.33331298828,"type":"block"},{"angle":247.5,"tap":true,"type":"block","time":572.33331298828},{"angle":67.5,"tap":true,"type":"block","time":576.33331298828},{"angle":90,"time":576.83331298828,"type":"block"},{"angle":112.5,"time":577.33331298828,"type":"block"},{"angle":90,"time":577.83331298828,"type":"block"},{"angle":67.5,"tap":true,"type":"block","time":578.33331298828},{"angle":90,"time":578.83331298828,"type":"block"},{"angle":112.5,"tap":true,"type":"block","time":579.33331298828},{"angle":90,"time":579.83331298828,"type":"block"},{"angle":0,"tap":true,"type":"block","time":580.33331298828},{"angle":337.5,"time":580.83331298828,"type":"block"},{"angle":360,"time":581.33331298828,"type":"block"},{"angle":22.5,"time":581.83331298828,"type":"block"},{"angle":360,"tap":true,"type":"block","time":582.33331298828},{"angle":337.5,"time":582.83331298828,"type":"block"},{"angle":0,"tap":true,"type":"block","time":583.33331298828},{"angle":22.5,"time":583.83331298828,"type":"block"},{"angle":180,"tap":true,"type":"block","time":584.33331298828},{"angle":157.5,"time":584.83331298828,"type":"block"},{"angle":180,"time":585.33331298828,"type":"block"},{"angle":202.5,"time":585.83331298828,"type":"block"},{"angle":180,"tap":true,"type":"block","time":586.33331298828},{"angle":157.5,"time":586.83331298828,"type":"block"},{"angle":180,"tap":true,"type":"block","time":587.33331298828},{"angle":202.5,"time":587.83331298828,"type":"block"},{"angle":337.5,"time":618.5,"type":"extraTap"},{"duration":1,"type":"hold","time":588.33331298828,"angle2":0,"angle":0},{"duration":0.5,"type":"hold","time":589.33331298828,"angle2":22.5,"angle":22.5},{"duration":0.5,"type":"hold","time":589.83331298828,"angle2":45,"angle":45},{"duration":2,"type":"hold","time":590.33331298828,"angle2":0,"angle":45},{"duration":1,"type":"hold","time":592.33331298828,"angle2":0,"angle":0},{"duration":0.5,"type":"hold","time":593.33331298828,"angle2":22.5,"angle":22.5},{"duration":0.5,"type":"hold","time":593.83331298828,"angle2":45,"angle":45},{"duration":0.99999994039536,"type":"hold","time":594.33331298828,"angle2":90,"angle":45},{"duration":0.99999994039536,"type":"hold","time":596.33331298828,"angle2":22.5,"angle":45},{"duration":0.5,"type":"hold","time":597.33331298828,"angle2":22.5,"angle":22.5},{"duration":0.5,"type":"hold","time":597.83331298828,"angle2":45,"angle":67.5},{"duration":2,"type":"hold","time":598.33331298828,"angle2":22.5,"angle":45},{"duration":1.9999997615814,"type":"hold","time":600.33331298828,"angle2":47,"angle":22.5},{"duration":1,"type":"hold","time":604.33331298828,"angle2":67.5,"angle":112.5},{"duration":0.5,"type":"hold","time":605.33331298828,"angle2":22.5,"angle":67.5},{"duration":0.5,"type":"hold","time":605.83331298828,"angle2":67.5,"angle":22.5},{"duration":1,"type":"hold","time":606.33331298828,"angle2":67.5,"angle":67.5},{"duration":1,"type":"hold","time":608.33331298828,"angle2":22.5,"angle":22.5},{"duration":0.5,"type":"hold","time":609.33331298828,"angle2":112.5,"angle":67.5},{"duration":0.5,"type":"hold","time":609.83331298828,"angle2":67.5,"angle":112.5},{"duration":1,"type":"hold","time":610.33331298828,"angle2":67.5,"angle":67.5},{"duration":1,"type":"hold","time":612.33331298828,"angle2":45,"angle":45},{"duration":0.5,"type":"hold","time":613.33331298828,"angle2":0,"angle":45},{"duration":0.5,"type":"hold","time":613.83331298828,"angle2":45,"angle":0},{"duration":1,"type":"hold","time":614.33331298828,"angle2":45,"angle":45},{"angle":225,"tap":true,"type":"block","time":616.33331298828,"speedMult":2},{"angle":202.5,"tap":true,"type":"block","time":591.33331298828,"speedMult":2},{"angle":270,"tap":true,"type":"block","time":595.33331298828,"speedMult":2},{"angle":225,"tap":true,"type":"block","time":599.33331298828,"speedMult":2},{"angle":225,"tap":true,"type":"block","time":600.33331298828,"speedMult":2},{"angle":225,"tap":true,"type":"block","time":602.33331298828,"speedMult":2},{"angle":247.5,"tap":true,"type":"block","time":607.33331298828,"speedMult":2},{"angle":247.5,"tap":true,"type":"block","time":611.33331298828,"speedMult":2},{"angle":112.5,"time":437.83334350586,"type":"block"},{"angle":202.5,"time":441.83334350586,"type":"block"},{"angle":247.5,"time":445.83334350586,"type":"block"},{"angle":315,"time":449.83334350586,"type":"block"},{"angle":90,"time":436.83334350586,"type":"block"},{"angle":180,"time":440.83334350586,"type":"block"},{"angle":247.5,"time":444.83334350586,"type":"block"},{"angle":0,"time":448.83334350586,"type":"block"},{"angle":90,"time":453.83334350586,"type":"block"},{"angle":292.5,"time":457.83334350586,"type":"block"},{"angle":135,"time":461.83334350586,"type":"block"},{"angle":337.5,"time":465.875,"type":"block"},{"angle":225,"tap":true,"type":"block","time":619.33331298828,"speedMult":2},{"angle":247.5,"time":335.33334350586,"type":"block"},{"angle":247.5,"time":337.33334350586,"type":"block"},{"angle":270,"time":339.33334350586,"type":"block"},{"angle":292.5,"time":341.33334350586,"type":"block"},{"angle":292.5,"time":343.33334350586,"type":"block"},{"angle":292.5,"time":345.33334350586,"type":"block"},{"angle":270,"time":347.33334350586,"type":"block"},{"angle":270,"time":351.33334350586,"type":"block"},{"angle":270,"time":355.33334350586,"type":"block"},{"angle":315,"time":359.33334350586,"type":"block"},{"angle":270,"time":367.33334350586,"type":"block"},{"angle":292.5,"time":371.33334350586,"type":"block"},{"duration":2,"type":"hold","time":624.33331298828,"angle2":-22.5,"angle":45},{"duration":2,"type":"hold","time":626.33331298828,"angle2":67.5,"angle":-22.5},{"duration":8,"type":"hold","time":628.33331298828,"angle2":-45,"angle":67.5},{"duration":2,"type":"hold","time":636.33331298828,"angle2":360,"angle":315},{"duration":2,"type":"hold","time":638.33331298828,"angle2":-45,"angle":0},{"angle":315,"duration":8,"endTap":true,"type":"hold","time":640.33331298828,"angle2":405},{"angle":0,"time":624.83331298828,"type":"block"},{"angle":22.5,"time":625.33331298828,"type":"block"},{"angle":337.5,"time":625.83331298828,"type":"block"},{"angle":360,"time":626.33331298828,"type":"block"},{"angle":337.5,"time":626.83331298828,"type":"block"},{"angle":45,"time":627.33331298828,"type":"block"},{"angle":67.5,"time":627.83331298828,"type":"block"},{"angle":45,"tap":true,"type":"block","time":628.33331298828},{"angle":67.5,"time":628.83331298828,"type":"block"},{"angle":67.5,"time":629.33331298828,"type":"block"},{"angle":22.5,"time":629.83331298828,"type":"block"},{"angle":45,"tap":true,"type":"block","time":630.33331298828},{"angle":22.5,"time":630.83331298828,"type":"block"},{"angle":45,"time":631.33331298828,"type":"block"},{"angle":0,"time":631.83331298828,"type":"block"},{"angle":0,"tap":true,"type":"block","time":632.33331298828},{"angle":22.5,"time":632.83331298828,"type":"block"},{"angle":337.5,"time":633.33331298828,"type":"block"},{"angle":0,"tap":true,"type":"block","time":633.83331298828},{"angle":337.5,"time":634.33331298828,"type":"block"},{"angle":360,"time":634.83331298828,"type":"block"},{"angle":315,"time":635.33331298828,"type":"block"},{"angle":337.5,"time":635.83331298828,"type":"block"},{"angle":337.5,"tap":true,"type":"block","time":636.33331298828},{"angle":315,"time":636.83331298828,"type":"block"},{"angle":360,"time":637.33331298828,"type":"block"},{"angle":337.5,"tap":true,"type":"block","time":637.83331298828},{"angle":337.5,"time":638.33331298828,"type":"block"},{"angle":0,"time":638.83331298828,"type":"block"},{"angle":360,"time":639.33331298828,"type":"block"},{"angle":315,"time":639.83331298828,"type":"block"},{"angle":337.5,"tap":true,"type":"block","time":640.33331298828},{"angle":337.5,"time":640.83331298828,"type":"block"},{"angle":315,"time":641.33331298828,"type":"block"},{"angle":315,"time":641.83331298828,"type":"block"},{"angle":360,"tap":true,"type":"block","time":642.33331298828},{"angle":337.5,"time":642.83331298828,"type":"block"},{"angle":360,"time":643.33331298828,"type":"block"},{"angle":360,"time":643.83331298828,"type":"block"},{"angle":337.5,"tap":true,"type":"block","time":644.33331298828},{"angle":337.5,"time":644.83331298828,"type":"block"},{"angle":22.5,"time":645.33331298828,"type":"block"},{"angle":360,"tap":true,"type":"block","time":645.83331298828},{"angle":22.5,"time":646.33331298828,"type":"block"},{"angle":45,"time":646.83331298828,"type":"block"},{"angle":22.5,"time":647.33331298828,"type":"block"},{"angle":0,"time":647.83331298828,"type":"block"},{"angle":45,"time":648.83331298828,"type":"block"},{"angle":0,"time":649.33331298828,"type":"block"},{"angle":22.5,"time":649.83331298828,"type":"block"},{"angle":337.5,"time":650.33331298828,"type":"block"},{"angle":315,"time":650.83331298828,"type":"block"},{"angle":337.5,"time":651.33331298828,"type":"block"},{"angle":292.5,"time":651.83331298828,"type":"block"},{"angle":270,"time":652.33331298828,"type":"block"},{"angle":315,"time":652.83331298828,"type":"block"},{"angle":360,"time":653.33331298828,"type":"block"},{"angle":337.5,"time":653.83331298828,"type":"block"},{"angle":315,"time":654.33331298828,"type":"block"},{"angle":337.5,"time":654.83331298828,"type":"block"},{"angle":22.5,"time":655.33331298828,"type":"block"},{"angle":67.5,"time":655.83331298828,"type":"block"},{"angle":45,"time":656.33331298828,"type":"block"},{"angle":22.5,"time":656.83331298828,"type":"block"},{"angle":45,"time":657.33331298828,"type":"block"},{"angle":0,"time":657.83331298828,"type":"block"},{"angle":22.5,"time":658.33331298828,"type":"block"},{"angle":337.5,"time":658.83331298828,"type":"block"},{"angle":22.5,"time":659.33331298828,"type":"block"},{"angle":45,"time":659.83331298828,"type":"block"},{"angle":0,"time":660.33331298828,"type":"block"},{"angle":315,"time":660.83331298828,"type":"block"},{"angle":292.5,"time":661.33331298828,"type":"block"},{"angle":337.5,"time":661.83331298828,"type":"block"},{"angle":45,"time":662.33331298828,"type":"block"},{"angle":22.5,"time":662.83331298828,"type":"block"},{"angle":337.5,"time":663.33331298828,"type":"block"},{"angle":315,"time":663.83331298828,"type":"block"},{"angle":0,"time":664.33331298828,"type":"block"},{"angle":45,"time":664.83331298828,"type":"block"},{"angle":360,"time":665.33331298828,"type":"block"},{"angle":315,"time":665.83331298828,"type":"block"},{"angle":0,"time":666.33331298828,"type":"block"},{"angle":337.5,"time":666.83331298828,"type":"block"},{"angle":292.5,"time":667.33331298828,"type":"block"},{"angle":315,"time":667.83331298828,"type":"block"},{"angle":0,"time":668.33331298828,"type":"block"},{"angle":22.5,"time":668.83331298828,"type":"block"},{"angle":337.5,"time":669.33331298828,"type":"block"},{"angle":360,"time":669.83331298828,"type":"block"},{"angle":45,"time":670.33331298828,"type":"block"},{"angle":67.5,"time":670.83331298828,"type":"block"},{"angle":22.5,"time":671.33331298828,"type":"block"},{"angle":337.5,"time":671.83331298828,"type":"block"},{"angle":45,"time":649.83331298828,"type":"extraTap"},{"angle":292.5,"time":652.33331298828,"type":"extraTap"},{"angle":292.5,"time":654.33331298828,"type":"extraTap"},{"angle":67.5,"time":656.33331298828,"type":"extraTap"},{"angle":22.5,"time":657.83331298828,"type":"extraTap"},{"angle":22.5,"time":660.33331298828,"type":"extraTap"},{"angle":360,"time":661.83331298828,"type":"extraTap"},{"angle":22.5,"time":664.33331298828,"type":"extraTap"},{"angle":22.5,"time":666.33331298828,"type":"extraTap"},{"angle":22.5,"time":668.33331298828,"type":"extraTap"},{"angle":315,"time":669.83331298828,"type":"extraTap"},{"duration":2,"startTap":true,"angle":315,"type":"hold","time":672.33331298828,"angle2":405},{"duration":2,"type":"hold","time":674.33331298828,"angle2":-45,"angle":45},{"duration":8,"startTap":true,"angle":315,"type":"hold","time":676.33331298828,"angle2":405},{"angle":0,"time":672.83331298828,"type":"block"},{"angle":337.5,"time":673.33331298828,"type":"block"},{"angle":0,"tap":true,"type":"block","time":673.83331298828},{"angle":45,"time":674.83331298828,"type":"block"},{"angle":22.5,"time":675.33331298828,"type":"block"},{"angle":315,"time":675.83331298828,"type":"block"},{"angle":337.5,"time":676.83331298828,"type":"block"},{"angle":315,"time":677.33331298828,"type":"block"},{"angle":315,"time":677.83331298828,"type":"block"},{"angle":360,"tap":true,"type":"block","time":678.33331298828},{"angle":360,"time":678.83331298828,"type":"block"},{"angle":337.5,"time":679.33331298828,"type":"block"},{"angle":0,"time":679.83331298828,"type":"block"},{"angle":337.5,"tap":true,"type":"block","time":680.33331298828},{"angle":22.5,"time":680.83331298828,"type":"block"},{"angle":22.5,"time":681.33331298828,"type":"block"},{"angle":0,"tap":true,"type":"block","time":681.83331298828},{"angle":0,"time":682.33331298828,"type":"block"},{"angle":45,"time":682.83331298828,"type":"block"},{"angle":45,"time":683.33331298828,"type":"block"},{"angle":22.5,"time":683.83331298828,"type":"block"},{"duration":20,"type":"mineHold","time":624.33331298828,"angle2":157.5,"angle":180,"speedMult":2},{"duration":20,"type":"mineHold","time":624.33331298828,"angle2":135,"angle":157.5,"speedMult":2},{"duration":20,"type":"mineHold","time":624.33331298828,"angle2":180,"angle":202.5},{"duration":20,"type":"mineHold","time":624.33331298828,"angle2":202.5,"angle":225,"speedMult":2},{"duration":20,"type":"mineHold","time":624.33331298828,"angle2":112.5,"angle":135,"speedMult":2},{"duration":20,"type":"mineHold","time":644.33329264323,"angle2":202.5,"angle":157.5,"speedMult":2},{"duration":20,"type":"mineHold","time":644.33329264323,"angle2":180,"angle":135,"speedMult":2},{"duration":20,"type":"mineHold","time":644.33329264323,"angle2":225,"angle":180},{"duration":20,"type":"mineHold","time":644.33329264323,"angle2":247.5,"angle":202.5,"speedMult":2},{"duration":20,"type":"mineHold","time":644.33329264323,"angle2":157.5,"angle":112.5,"speedMult":2},{"duration":12.699999809265,"type":"mineHold","time":684.33331298828,"angle2":202.5,"angle":157.5,"speedMult":2},{"duration":12.699999809265,"type":"mineHold","time":684.33331298828,"angle2":180,"angle":135,"speedMult":2},{"duration":12.699999809265,"type":"mineHold","time":684.33331298828,"angle2":225,"angle":180},{"duration":12.699999809265,"type":"mineHold","time":684.33331298828,"angle2":247.5,"angle":202.5,"speedMult":2},{"duration":12.699999809265,"type":"mineHold","time":684.33331298828,"angle2":157.5,"angle":112.5,"speedMult":2},{"duration":20,"type":"mineHold","time":664.33331298828,"angle2":112.5,"angle":157.5,"speedMult":2},{"duration":20,"type":"mineHold","time":664.33331298828,"angle2":135,"angle":180,"speedMult":2},{"duration":20,"type":"mineHold","time":664.33331298828,"angle2":157.5,"angle":202.5,"speedMult":2},{"duration":20,"type":"mineHold","time":664.33331298828,"angle2":180,"angle":225,"speedMult":2},{"duration":20,"type":"mineHold","time":664.33331298828,"angle2":202.5,"angle":247.5,"speedMult":2},{"duration":2,"type":"hold","time":684.33331298828,"angle2":-22.5,"angle":45},{"duration":2,"type":"hold","time":686.33331298828,"angle2":405,"angle":337.5},{"duration":8,"type":"hold","time":688.33331298828,"angle2":-45,"angle":45},{"angle":22.5,"tap":true,"type":"block","time":684.33331298828},{"angle":45,"time":684.83331298828,"type":"block"},{"angle":22.5,"time":685.33331298828,"type":"block"},{"angle":337.5,"tap":true,"type":"block","time":685.83331298828},{"angle":337.5,"time":686.83331298828,"type":"block"},{"angle":22.5,"time":687.33331298828,"type":"block"},{"angle":45,"time":687.83331298828,"type":"block"},{"angle":22.5,"tap":true,"type":"block","time":688.33331298828},{"angle":22.5,"time":688.83331298828,"type":"block"},{"angle":45,"time":689.33331298828,"type":"block"},{"angle":45,"time":689.83331298828,"type":"block"},{"angle":0,"tap":true,"type":"block","time":690.33337402344},{"angle":0,"time":690.83335367839,"type":"block"},{"angle":22.5,"time":691.33335367839,"type":"block"},{"angle":22.5,"time":691.83335367839,"type":"block"},{"angle":22.5,"tap":true,"type":"block","time":692.33337402344},{"angle":337.5,"time":692.83335367839,"type":"block"},{"angle":337.5,"time":693.33335367839,"type":"block"},{"angle":360,"tap":true,"type":"block","time":693.83337402344},{"angle":315,"time":694.33335367839,"type":"block"},{"angle":315,"time":694.83335367839,"type":"block"},{"angle":337.5,"tap":true,"type":"block","time":695.33337402344},{"angle":337.5,"time":695.83335367839,"type":"block"},{"angle":315,"time":696.83331298828,"type":"block"},{"angle":337.5,"time":697.33331298828,"type":"block"},{"angle":360,"time":697.83331298828,"type":"block"},{"angle":337.5,"time":698.33331298828,"type":"block"},{"angle":0,"time":698.83331298828,"type":"block"},{"angle":22.5,"time":699.33331298828,"type":"block"},{"angle":0,"time":699.83331298828,"type":"block"},{"angle":22.5,"time":700.33331298828,"type":"block"},{"angle":337.5,"time":700.83331298828,"type":"block"},{"angle":0,"time":701.33331298828,"type":"block"},{"angle":337.5,"time":701.83331298828,"type":"block"},{"angle":22.5,"time":702.33331298828,"type":"block"},{"duration":3.8333332538605,"startTap":true,"angle":270,"type":"hold","time":704.5,"angle2":450},{"duration":4,"startTap":true,"angle":90,"type":"hold","time":708.33331298828,"angle2":-90},{"angle":67.5,"time":707.83331298828,"type":"block"},{"angle":292.5,"time":711.83331298828,"type":"block"},{"duration":4,"startTap":true,"angle":270,"type":"hold","time":712.33331298828,"angle2":450},{"angle":67.5,"time":715.83331298828,"type":"block"},{"duration":4,"startTap":true,"endTap":true,"type":"hold","time":716.33331298828,"angle2":-90,"angle":90},{"angle":292.5,"time":719.83331298828,"type":"block"},{"angle":337.5,"time":702.83331298828,"type":"block"},{"angle":315,"time":703.33331298828,"type":"block"},{"angle":270,"time":703.83331298828,"type":"block"},{"angle":0,"time":136.375,"type":"block"},{"angle":22.5,"time":137.375,"type":"block"},{"angle":337.5,"time":138.375,"type":"block"},{"angle":0,"time":139.375,"type":"block"},{"angle":45,"time":140.375,"type":"block"},{"angle":315,"time":141.375,"type":"block"},{"angle":0,"time":142.375,"type":"block"},{"angle":337.5,"time":143.375,"type":"block"},{"angle":45,"time":144.375,"type":"block"},{"angle":337.5,"time":145.375,"type":"block"},{"angle":360,"time":146.375,"type":"block"},{"angle":315,"time":147.375,"type":"block"},{"angle":22.5,"time":148.375,"type":"block"},{"angle":337.5,"time":149.375,"type":"block"},{"angle":45,"time":150.375,"type":"block"},{"angle":22.5,"time":151.375,"type":"block"},{"angle":337.5,"time":166.375,"type":"block"},{"angle":360,"time":182.375,"type":"block"}]