[{"angle":0,"time":16,"type":"block"},{"angle":337.5,"time":16,"type":"block"},{"angle":45,"time":17.5,"type":"block"},{"angle":67.5,"time":17.5,"type":"block"},{"angle":157.5,"time":19,"type":"block"},{"angle":135,"time":19,"type":"block"},{"angle":247.5,"time":22,"type":"block"},{"angle":225,"time":21.5,"type":"block"},{"angle":270,"time":22.5,"type":"block"},{"angle":292.5,"time":23,"type":"block"},{"angle":303.75,"time":23.166666030884,"type":"block"},{"angle":315,"time":23.333333969116,"type":"block"},{"angle":326.25,"time":23.5,"type":"block"},{"angle":337.5,"time":24,"type":"block"},{"angle":360,"time":24,"type":"block"},{"angle":247.5,"time":25.5,"type":"block"},{"angle":270,"time":25.5,"type":"block"},{"angle":180,"time":27,"type":"block"},{"angle":157.5,"time":27,"type":"block"},{"angle":90,"time":30.5,"type":"block"},{"angle":112.5,"time":31,"type":"block"},{"angle":135,"time":31.5,"type":"block"},{"angle":146.25,"time":31.666666030884,"type":"block"},{"angle":157.5,"time":31.833333969116,"type":"block"},{"angle":180,"time":32,"type":"block"},{"angle":202.5,"time":32,"type":"block"},{"angle":45,"time":33.5,"type":"block"},{"angle":67.5,"time":33.5,"type":"block"},{"angle":112.5,"time":35,"type":"block"},{"angle":135,"time":35,"type":"block"},{"angle":360,"time":37.499996185303,"type":"block"},{"angle":337.5,"time":38,"type":"block"},{"angle":315,"time":38.5,"type":"block"},{"angle":292.5,"time":39,"type":"block"},{"angle":281.25,"time":39.166667938232,"type":"block"},{"angle":270,"time":39.333332061768,"type":"block"},{"angle":258.75,"time":39.5,"type":"block"},{"angle":247.5,"time":40,"type":"block"},{"angle":225,"time":40,"type":"block"},{"angle":292.5,"time":41.5,"type":"block"},{"angle":315,"time":41.5,"type":"block"},{"angle":22.5,"time":43,"type":"block"},{"angle":45,"time":43,"type":"block"},{"angle":90,"time":44.000003814697,"type":"block"},{"angle":67.5,"time":44.000003814697,"type":"block"},{"angle":236.25,"time":45.666666666667,"type":"block"},{"angle":247.5,"time":45.833334604899,"type":"block"},{"angle":258.75,"time":45.999998728434,"type":"block"},{"angle":270,"time":46,"type":"block"},{"angle":292.5,"time":46.5,"type":"block"},{"angle":315,"time":46.75,"type":"block"},{"angle":337.5,"time":47,"type":"block"},{"angle":360,"time":47.25,"type":"block"},{"angle":22.5,"time":47.5,"type":"block"},{"angle":45,"time":47.75,"type":"block"},{"angle":67.5,"time":48,"type":"block"},{"angle":90,"time":48,"type":"block"},{"angle":225,"time":49.5,"type":"block"},{"angle":202.5,"time":49.5,"type":"block"},{"angle":337.5,"time":51,"type":"block"},{"angle":360,"time":51,"type":"block"},{"angle":67.5,"time":53.5,"type":"block"},{"angle":90,"time":54,"type":"block"},{"angle":112.5,"time":54.5,"type":"block"},{"angle":157.5,"time":55,"type":"block"},{"angle":180,"time":55.166667938232,"type":"block"},{"angle":202.5,"time":55.333332061768,"type":"block"},{"angle":225,"time":55.5,"type":"block"},{"angle":247.5,"time":56,"type":"block"},{"angle":270,"time":56,"type":"block"},{"angle":67.5,"time":57.5,"type":"block"},{"angle":90,"time":57.5,"type":"block"},{"angle":247.5,"time":59,"type":"block"},{"angle":225,"time":59,"type":"block"},{"angle":270,"time":61.5,"type":"block"},{"angle":292.5,"time":62,"type":"block"},{"angle":315,"time":62.5,"type":"block"},{"angle":337.5,"time":63,"type":"block"},{"angle":22.5,"time":63.5,"type":"block"},{"angle2":90,"type":"hold","angle":0,"time":64,"holdEase":"inBack","duration":4},{"angle2":-90,"type":"hold","angle":90,"time":68,"holdEase":"inBack","duration":4},{"angle2":90,"type":"hold","angle":270,"time":72,"holdEase":"inExpo","duration":3},{"angle":67.5,"time":75.5,"type":"block"},{"angle":45,"time":76,"type":"block"},{"angle2":11.25,"type":"hold","angle":0,"time":77,"holdEase":"inExpo","duration":3},{"angle2":-11.25,"type":"hold","angle":0,"time":77,"holdEase":"inExpo","duration":3},{"angle":11.25,"time":80,"type":"block"},{"angle":348.75,"time":80,"type":"block"},{"angle":45,"time":80.75,"type":"block"},{"angle":67.5,"time":80.75,"type":"block"},{"angle":112.5,"time":81.5,"type":"block"},{"angle":135,"time":81.5,"type":"block"},{"angle":180,"time":82.25,"type":"block"},{"angle":202.5,"time":82.25,"type":"block"},{"angle":247.5,"time":83,"type":"block"},{"angle":225,"time":83,"type":"block"},{"angle":292.5,"time":83.5,"type":"block"},{"angle":315,"time":83.5,"type":"block"},{"angle":360,"time":87,"type":"block"},{"angle":22.5,"time":87.25,"type":"block"},{"angle":45,"time":87.5,"type":"block"},{"angle":67.5,"time":87.75,"type":"block"},{"angle":90,"time":88,"type":"block"},{"angle":112.5,"time":88,"type":"block"},{"angle":180,"time":88.75,"type":"block"},{"angle":157.5,"time":88.75,"type":"block"},{"angle":225,"time":89.5,"type":"block"},{"angle":247.5,"time":89.5,"type":"block"},{"angle":270,"time":90.25,"type":"block"},{"angle":292.5,"time":90.25,"type":"block"},{"angle":315,"time":91,"type":"block"},{"angle":337.5,"time":91,"type":"block"},{"angle":360,"time":91.5,"type":"block"},{"angle":180,"time":95,"type":"block"},{"angle":157.5,"time":95.25,"type":"block"},{"angle":135,"time":95.5,"type":"block"},{"angle":112.5,"time":95.75,"type":"block"},{"angle":90,"time":96,"type":"block"},{"angle":67.5,"time":96,"type":"block"},{"angle":180,"time":96.75,"type":"block"},{"angle":157.5,"time":96.75,"type":"block"},{"angle":247.5,"time":97.5,"type":"block"},{"angle":225,"time":97.5,"type":"block"},{"angle":292.5,"time":98.25,"type":"block"},{"angle":315,"time":98.25,"type":"block"},{"angle":0,"time":99,"type":"block"},{"angle":22.5,"time":99,"type":"block"},{"angle":45,"time":99.5,"type":"block"},{"angle":90,"time":103,"type":"block"},{"angle":67.5,"time":103.25,"type":"block"},{"angle":45,"time":103.5,"type":"block"},{"angle":22.5,"time":103.75,"type":"block"},{"angle":0,"time":104,"type":"block"},{"angle":337.5,"time":104,"type":"block"},{"angle":270,"time":104.75,"type":"block"},{"angle":247.5,"time":104.75,"type":"block"},{"angle":180,"time":105.5,"type":"block"},{"angle":157.5,"time":105.5,"type":"block"},{"angle":90,"time":106.25,"type":"block"},{"angle":67.5,"time":106.25,"type":"block"},{"angle":22.5,"time":107,"type":"block"},{"angle":45,"time":107,"type":"block"},{"angle":0,"time":107.5,"type":"block"},{"angle":315,"time":108,"type":"block"},{"angle":337.5,"time":108,"type":"block"},{"angle":45,"time":108.75,"type":"block"},{"angle":67.5,"time":108.75,"type":"block"},{"angle":135,"time":109.5,"type":"block"},{"angle":157.5,"time":109.5,"type":"block"},{"angle":225,"time":110.25,"type":"block"},{"angle":202.5,"time":110.25,"type":"block"},{"angle":270,"time":111,"type":"block"},{"angle":247.5,"time":111,"type":"block"},{"angle":360,"time":112,"type":"block"},{"angle":22.5,"time":112,"type":"block"},{"angle":270,"time":112.75,"type":"block"},{"angle":292.5,"time":112.75,"type":"block"},{"angle":225,"time":113.5,"type":"block"},{"angle":202.5,"time":113.5,"type":"block"},{"angle":157.5,"time":114.25,"type":"block"},{"angle":135,"time":114.25,"type":"block"},{"angle":90,"time":115,"type":"block"},{"angle":67.5,"time":115,"type":"block"},{"angle":112.5,"time":115.5,"type":"block"},{"angle":247.5,"time":119,"type":"block"},{"angle":225,"time":119.25,"type":"block"},{"angle":135,"time":119.5,"type":"block"},{"angle":157.5,"time":119.75,"type":"block"},{"angle":202.5,"time":120,"type":"block"},{"angle":180,"time":120,"type":"block"},{"angle":112.5,"time":120.75,"type":"block"},{"angle":135,"time":120.75,"type":"block"},{"angle":45,"time":121.5,"type":"block"},{"angle":67.5,"time":121.5,"type":"block"},{"angle":337.5,"time":122.25,"type":"block"},{"angle":0,"time":122.25,"type":"block"},{"angle":315,"time":123,"type":"block"},{"angle":292.5,"time":123,"type":"block"},{"angle":326.25,"time":123.5,"type":"block"},{"angle":303.75,"time":123.5,"type":"block"},{"type":"block","angle":247.5,"time":127,"endAngle":292.5},{"type":"block","angle":225,"time":127.25,"endAngle":315},{"type":"block","angle":112.5,"time":127.5,"endAngle":45},{"type":"block","angle":135,"time":127.75,"endAngle":22.5},{"type":"block","angle":157.5,"time":128,"endAngle":0},{"type":"block","angle":180,"time":128,"endAngle":337.5},{"angle":292.5,"time":128.75,"type":"block"},{"angle":315,"time":128.75,"type":"block"},{"angle":22.5,"time":129.5,"type":"block"},{"angle":45,"time":129.5,"type":"block"},{"angle":337.5,"time":130.25,"type":"block"},{"angle":0,"time":130.25,"type":"block"},{"angle":67.5,"time":131,"type":"block"},{"angle":90,"time":131,"type":"block"},{"type":"block","angle":270,"time":136,"tap":true},{"type":"block","angle":247.5,"time":136,"tap":true},{"angle":315,"time":136.75,"type":"block"},{"angle":337.5,"time":136.75,"type":"block"},{"type":"block","angle":225,"time":137.5,"tap":true},{"type":"block","angle":202.5,"time":137.5,"tap":true},{"angle":225,"time":138.25,"type":"block"},{"angle":247.5,"time":138.25,"type":"block"},{"type":"block","angle":202.5,"time":139,"tap":true},{"type":"block","angle":180,"time":139,"tap":true},{"angle2":0,"type":"hold","angle":180,"time":140,"holdEase":"inCirc","duration":3},{"angle":67.5,"time":144,"type":"side"},{"angle":157.5,"time":145,"type":"block"},{"angle":135,"time":145,"type":"block"},{"angle":225,"time":146,"type":"block"},{"angle":202.5,"time":146,"type":"block"},{"angle":292.5,"time":147,"type":"block"},{"angle":270,"time":147,"type":"block"},{"angle":180,"time":148,"type":"side"},{"angle":292.5,"time":147.5,"type":"block"},{"angle":270,"time":147.5,"type":"block"},{"angle":112.5,"time":149,"type":"block"},{"angle":135,"time":149,"type":"block"},{"angle":67.5,"time":150,"type":"block"},{"angle":90,"time":150,"type":"block"},{"angle":22.5,"time":151,"type":"block"},{"angle":45,"time":151,"type":"block"},{"angle":0,"time":151.25,"type":"block"},{"angle":337.5,"time":151.5,"type":"block"},{"angle":315,"time":151.75,"type":"block"},{"angle":22.5,"time":152,"type":"side"},{"angle":90,"time":153,"type":"block"},{"angle":112.5,"time":153,"type":"block"},{"angle":67.5,"time":154,"type":"block"},{"angle":45,"time":154,"type":"block"},{"angle":337.5,"time":155,"type":"block"},{"angle":360,"time":155,"type":"block"},{"angle":337.5,"time":155.5,"type":"block"},{"angle":360,"time":155.5,"type":"block"},{"angle":270,"time":156,"type":"side"},{"angle":202.5,"time":157,"type":"block"},{"angle":180,"time":157,"type":"block"},{"angle":67.5,"time":158,"type":"block"},{"angle":90,"time":158,"type":"block"},{"angle":337.5,"time":159,"type":"block"},{"angle":315,"time":159.25,"type":"block"},{"angle":292.5,"time":159.5,"type":"block"},{"angle":270,"time":159.75,"type":"block"},{"angle":225,"time":160,"type":"block"},{"angle":247.5,"time":160,"type":"block"},{"angle":157.5,"time":160.5,"type":"block"},{"angle":180,"time":160.5,"type":"block"},{"angle":225,"time":161,"type":"block"},{"angle":247.5,"time":161,"type":"block"},{"angle":157.5,"time":161.5,"type":"block"},{"angle":180,"time":161.5,"type":"block"},{"angle":225,"time":162,"type":"block"},{"angle":247.5,"time":162,"type":"block"},{"angle":157.5,"time":162.5,"type":"block"},{"angle":180,"time":162.5,"type":"block"},{"angle":225,"time":163,"type":"block"},{"angle":247.5,"time":163,"type":"block"},{"angle":157.5,"time":163.5,"type":"block"},{"angle":180,"time":163.5,"type":"block"},{"angle":-247.5,"time":164,"type":"block"},{"angle":-270,"time":164,"type":"block"},{"angle":-180,"time":164.5,"type":"block"},{"angle":-202.5,"time":164.5,"type":"block"},{"angle":-247.5,"time":165,"type":"block"},{"angle":-270,"time":165,"type":"block"},{"angle":-180,"time":165.5,"type":"block"},{"angle":-202.5,"time":165.5,"type":"block"},{"angle":-247.5,"time":166,"type":"block"},{"angle":-270,"time":166,"type":"block"},{"angle":-180,"time":166.5,"type":"block"},{"angle":-202.5,"time":166.5,"type":"block"},{"angle":-247.5,"time":167,"type":"block"},{"angle":-270,"time":167,"type":"block"},{"angle":-180,"time":167.5,"type":"block"},{"angle":-202.5,"time":167.5,"type":"block"},{"angle":180,"time":168,"type":"block"},{"angle":225,"time":168.25,"type":"block"},{"angle":270,"time":168.5,"type":"block"},{"angle":315,"time":168.75,"type":"block"},{"angle":0,"time":169,"type":"block"},{"angle":45,"time":169.25,"type":"block"},{"angle":90,"time":169.5,"type":"block"},{"angle":135,"time":169.75,"type":"block"},{"angle":180,"time":170,"type":"block"},{"angle":225,"time":170.25,"type":"block"},{"angle":270,"time":170.5,"type":"block"},{"angle":315,"time":170.75,"type":"block"},{"angle":360,"time":171,"type":"block"},{"angle":45,"time":171.25,"type":"block"},{"angle":90,"time":171.5,"type":"block"},{"angle":135,"time":171.75,"type":"block"},{"angle2":0,"type":"hold","angle":180,"time":172,"holdEase":"inCirc","duration":3},{"angle":337.5,"time":175.25,"type":"block"},{"angle":315,"time":175.5,"type":"block"},{"type":"hold","angle":67.5,"time":176,"angle2":45,"duration":0.5},{"angle":22.5,"time":176.75,"type":"block"},{"angle":0,"time":177,"type":"block"},{"angle":337.5,"time":177.25,"type":"block"},{"type":"hold","angle":67.5,"time":177.5,"angle2":45,"duration":0.5},{"angle":22.5,"time":178.25,"type":"block"},{"angle":0,"time":178.5,"type":"block"},{"angle":337.5,"time":178.75,"type":"block"},{"type":"hold","angle":45,"time":179,"angle2":0,"duration":0.5},{"duration":1,"type":"hold","angle":360,"time":179.5,"holdEase":"inCirc","angle2":495},{"angle":180,"time":181.5,"type":"block"},{"angle":202.5,"time":181.75,"type":"block"},{"type":"hold","angle":225,"time":182,"angle2":270,"duration":0.5},{"type":"hold","angle":292.5,"time":182.75,"duration":0.5,"angle2":247.5},{"angle":225,"time":183.5,"type":"block"},{"angle":247.5,"time":183.75,"type":"block"},{"type":"hold","angle":270,"time":184,"angle2":315,"duration":0.5},{"angle":337.5,"time":184.75,"type":"block"},{"angle":0,"time":185,"type":"block"},{"angle":22.5,"time":185.25,"type":"block"},{"type":"hold","angle":270,"time":185.5,"angle2":315,"duration":0.5},{"angle":337.5,"time":186.25,"type":"block"},{"angle":0,"time":186.5,"type":"block"},{"angle":22.5,"time":186.75,"type":"block"},{"type":"hold","angle":270,"time":187,"angle2":337.5,"duration":0.5},{"duration":1,"type":"hold","angle":337.5,"time":187.5,"holdEase":"inCirc","angle2":225},{"duration":1,"type":"hold","angle":225,"time":188.5,"holdEase":"outBack","angle2":90},{"angle":112.5,"time":189.75,"type":"block"},{"type":"hold","angle":135,"time":190,"duration":0.5,"angle2":67.5},{"type":"hold","angle":112.5,"time":190.75,"duration":0.5,"angle2":45},{"angle":22.5,"time":191.5,"type":"block"},{"angle":0,"time":191.75,"type":"block"},{"type":"hold","angle":337.5,"time":192,"angle2":292.5,"duration":0.5},{"angle":270,"time":192.75,"type":"block"},{"angle":247.5,"time":193,"type":"block"},{"angle":225,"time":193.25,"type":"block"},{"type":"hold","angle":337.5,"time":193.5,"angle2":292.5,"duration":0.5},{"angle":270,"time":194.25,"type":"block"},{"angle":247.5,"time":194.5,"type":"block"},{"angle":225,"time":194.75,"type":"block"},{"type":"hold","angle":337.5,"time":195,"duration":0.5,"angle2":270},{"duration":1,"type":"hold","angle":270,"time":195.5,"holdEase":"inCirc","angle2":427.5},{"angle":90,"time":197.5,"type":"block"},{"angle":112.5,"time":197.75,"type":"block"},{"type":"hold","angle":135,"time":198,"angle2":45,"duration":0.5},{"type":"hold","angle":112.5,"time":198.75,"angle2":22.5,"duration":0.5},{"angle":360,"time":199.5,"type":"block"},{"angle":337.5,"time":199.75,"type":"block"},{"type":"hold","angle":315,"time":200,"angle2":270,"duration":0.5},{"angle":270,"time":200.75,"type":"block"},{"type":"hold","angle":315,"time":201,"angle2":270,"duration":0.5},{"type":"hold","angle":292.5,"time":201.5,"angle2":315,"duration":0.5},{"angle":270,"time":202.25,"type":"block"},{"type":"hold","angle":270,"time":202.5,"angle2":315,"duration":0.25},{"type":"hold","angle":270,"time":203,"angle2":270,"duration":1},{"duration":1,"type":"hold","angle":270,"time":204,"holdEase":"inQuad","angle2":472.5},{"angle":45,"time":205.5,"type":"side"},{"angle":-22.5,"time":206,"type":"block"},{"angle":315,"time":206.25,"type":"block"},{"angle":292.5,"time":206.5,"type":"block"},{"angle":247.5,"time":207,"type":"block"},{"angle":270,"time":207.25,"type":"block"},{"angle":292.5,"time":207.5,"type":"block"},{"angle":315,"time":207.75,"type":"block"},{"type":"hold","angle":292.5,"time":208,"angle2":270,"duration":0.5},{"angle":247.5,"time":208.75,"type":"block"},{"angle":225,"time":209,"type":"block"},{"angle":562.5,"time":209.25,"type":"block"},{"type":"hold","angle":292.5,"time":209.5,"angle2":270,"duration":0.5},{"angle":247.5,"time":210.25,"type":"block"},{"angle":225,"time":210.5,"type":"block"},{"angle":562.5,"time":210.75,"type":"block"},{"type":"hold","angle":270,"time":211,"angle2":225,"duration":0.5},{"duration":1,"type":"hold","angle":585,"time":211.5,"holdEase":"inCirc","angle2":720},{"angle":405,"time":213.5,"type":"block"},{"angle":427.5,"time":213.75,"type":"block"},{"type":"hold","angle":450,"time":214,"angle2":495,"duration":0.5},{"type":"hold","angle":517.5,"time":214.75,"duration":0.5,"angle2":472.5},{"angle":450,"time":215.5,"type":"block"},{"angle":472.5,"time":215.75,"type":"block"},{"type":"hold","angle":495,"time":216,"angle2":540,"duration":0.5},{"angle":562.5,"time":216.75,"type":"block"},{"angle":225,"time":217,"type":"block"},{"angle":247.5,"time":217.25,"type":"block"},{"type":"hold","angle":495,"time":217.5,"angle2":540,"duration":0.5},{"angle":562.5,"time":218.25,"type":"block"},{"angle":225,"time":218.5,"type":"block"},{"angle":247.5,"time":218.75,"type":"block"},{"type":"hold","angle":495,"time":219,"angle2":562.5,"duration":0.5},{"duration":1,"type":"hold","angle":562.5,"time":219.5,"holdEase":"inCirc","angle2":450},{"duration":1,"type":"hold","angle":450,"time":220.5,"holdEase":"outBack","angle2":315},{"angle":337.5,"time":221.75,"type":"block"},{"type":"hold","angle":0,"time":222,"angle2":45,"duration":0.25},{"type":"hold","angle":67.5,"time":222.5,"angle2":112.5,"duration":0.25},{"type":"hold","angle":135,"time":223,"angle2":180,"duration":0.25},{"type":"hold","angle":202.5,"time":223.5,"duration":0.25,"angle2":157.5},{"type":"hold","angle":135,"time":224,"angle2":90,"duration":0.5},{"angle":67.5,"time":224.75,"type":"block"},{"angle":45,"time":225,"type":"block"},{"angle":22.5,"time":225.25,"type":"block"},{"type":"hold","angle":135,"time":225.5,"angle2":90,"duration":0.5},{"angle":67.5,"time":226.25,"type":"block"},{"angle":45,"time":226.5,"type":"block"},{"angle":22.5,"time":226.75,"type":"block"},{"type":"hold","angle":135,"time":227,"angle2":67.5,"duration":0.5},{"angle2":247.5,"type":"hold","angle":67.5,"time":227.5,"holdEase":"inCirc","duration":1},{"angle":270,"time":229.5,"type":"block"},{"angle":247.5,"time":229.75,"type":"block"},{"type":"hold","angle":225,"time":230,"duration":0.5,"angle2":292.5},{"type":"hold","angle":247.5,"time":230.75,"angle2":315,"duration":0.5},{"angle":270,"time":231.5,"type":"block"},{"type":"hold","angle":270,"time":232,"angle2":337.5,"duration":0.5},{"angle":360,"time":232.75,"type":"block"},{"type":"hold","angle":22.5,"time":233,"angle2":90,"duration":0.5},{"type":"hold","angle":90,"time":233.5,"duration":0.5,"angle2":157.5},{"type":"hold","angle":202.5,"time":234.5,"angle2":270,"duration":0.5},{"angle":180,"time":234.25,"type":"block"},{"type":"hold","angle":270,"time":235,"duration":1,"angle2":270},{"angle2":562.5,"type":"hold","angle":270,"time":236,"holdEase":"inBack","duration":3},{"type":"side","angle":22.5,"time":241,"tap":true},{"type":"hold","angle":315,"time":241.5,"duration":0.25,"angle2":270},{"type":"hold","angle":292.5,"time":242,"angle2":247.5,"duration":0.25},{"angle":225,"time":242.5,"type":"block"},{"type":"side","angle":292.5,"time":243,"tap":true},{"type":"hold","angle":360,"time":243.5,"angle2":405,"duration":0.25},{"angle":67.5,"time":244,"type":"block"},{"angle":135,"time":244.5,"type":"block"},{"type":"side","angle":67.5,"time":245,"tap":true},{"type":"hold","angle":337.5,"time":245.5,"angle2":292.5,"duration":0.25},{"type":"hold","angle":315,"time":246,"angle2":360,"duration":0.25},{"angle":45,"time":246.5,"type":"block"},{"type":"side","angle":292.5,"time":247,"tap":true},{"type":"hold","angle":225,"time":247.5,"duration":0.25,"angle2":180},{"angle":157.5,"time":248,"type":"block"},{"angle":90,"time":248.5,"type":"block"},{"type":"side","angle":157.5,"time":249,"tap":true},{"angle":315,"time":128,"type":"extraTap"},{"angle":337.5,"time":129,"type":"extraTap"},{"angle":337.5,"time":130,"type":"extraTap"},{"angle":337.5,"time":131,"type":"extraTap"},{"angle":337.5,"time":132,"type":"extraTap"},{"angle":337.5,"time":133,"type":"extraTap"},{"angle":337.5,"time":134,"type":"extraTap"},{"angle":337.5,"time":135,"type":"extraTap"},{"type":"hold","angle":225,"time":249.5,"duration":0.25,"angle2":270},{"type":"hold","angle":247.5,"time":250,"duration":0.25,"angle2":202.5},{"angle":180,"time":250.5,"type":"block"},{"type":"side","angle":292.5,"time":251,"tap":true},{"type":"hold","angle":337.5,"time":251.5,"angle2":382.5,"duration":0.25},{"type":"hold","angle":22.5,"time":251.75,"angle2":-22.5,"duration":0.25},{"angle":22.5,"time":252.5,"type":"block"},{"type":"side","angle":67.5,"time":253,"tap":true},{"angle":157.5,"time":240,"type":"block"},{"type":"hold","angle":-562.5,"time":253.5,"angle2":-607.5,"duration":0.25},{"type":"hold","angle":-247.5,"time":253.75,"angle2":-202.5,"duration":0.25},{"angle":180,"time":254.25,"type":"block"},{"angle":202.5,"time":254.5,"type":"block"},{"type":"side","angle":112.5,"time":255,"tap":true},{"angle":67.5,"time":255.5,"type":"block"},{"type":"side","angle":-225,"time":257,"tap":true},{"type":"hold","angle":-517.5,"time":257.5,"duration":0.25,"angle2":-472.5},{"type":"hold","angle":-495,"time":258,"angle2":-450,"duration":0.25},{"angle":-427.5,"time":258.5,"type":"block"},{"type":"side","angle":-495,"time":259,"tap":true},{"type":"hold","angle":-562.5,"time":259.5,"angle2":-607.5,"duration":0.25},{"angle":-270,"time":260,"type":"block"},{"angle":-337.5,"time":260.5,"type":"block"},{"type":"side","angle":-270,"time":261,"tap":true},{"type":"hold","angle":-540,"time":261.5,"angle2":-495,"duration":0.25},{"type":"hold","angle":-517.5,"time":262,"angle2":-562.5,"duration":0.25},{"angle":-247.5,"time":262.5,"type":"block"},{"type":"side","angle":-495,"time":263,"tap":true},{"type":"hold","angle":-427.5,"time":263.5,"duration":0.25,"angle2":-382.5},{"angle":-360,"time":264,"type":"block"},{"angle":-292.5,"time":264.5,"type":"block"},{"type":"side","angle":-360,"time":265,"tap":true},{"type":"hold","angle":-427.5,"time":265.5,"duration":0.25,"angle2":-472.5},{"type":"hold","angle":-450,"time":266,"duration":0.25,"angle2":-405},{"angle":-382.5,"time":266.5,"type":"block"},{"type":"side","angle":-495,"time":267,"tap":true},{"type":"hold","angle":-540,"time":267.5,"angle2":-585,"duration":0.25},{"type":"hold","angle":-225,"time":267.75,"angle2":-180,"duration":0.25},{"angle":-225,"time":268.5,"type":"block"},{"type":"side","angle":-270,"time":269,"tap":true},{"angle":-337.5,"time":256,"type":"block"},{"type":"hold","angle":337.5,"time":269.5,"angle2":292.5,"duration":0.25},{"type":"hold","angle":337.5,"time":270,"angle2":382.5,"duration":0.25},{"type":"side","angle":337.5,"time":270.5,"tap":true},{"type":"hold","angle":247.5,"time":271,"duration":0.25,"angle2":202.5},{"type":"hold","angle":225,"time":271.5,"duration":0.25,"angle2":180},{"type":"side","angle":-135,"time":273,"tap":true},{"type":"hold","angle":-427.5,"time":273.5,"duration":0.25,"angle2":-382.5},{"type":"hold","angle":-405,"time":274,"angle2":-360,"duration":0.25},{"angle":-337.5,"time":274.5,"type":"block"},{"type":"side","angle":-405,"time":275,"tap":true},{"type":"hold","angle":-472.5,"time":275.5,"angle2":-517.5,"duration":0.25},{"angle":-180,"time":276,"type":"block"},{"angle":-247.5,"time":276.5,"type":"block"},{"type":"side","angle":-180,"time":277,"tap":true},{"type":"hold","angle":-450,"time":277.5,"angle2":-405,"duration":0.25},{"type":"hold","angle":-427.5,"time":278,"angle2":-472.5,"duration":0.25},{"angle":-157.5,"time":278.5,"type":"block"},{"type":"side","angle":-405,"time":279,"tap":true},{"type":"hold","angle":-337.5,"time":279.5,"duration":0.25,"angle2":-292.5},{"angle":-270,"time":280,"type":"block"},{"angle":-202.5,"time":280.5,"type":"block"},{"type":"side","angle":-270,"time":281,"tap":true},{"type":"hold","angle":-337.5,"time":281.5,"duration":0.25,"angle2":-382.5},{"type":"hold","angle":-360,"time":282,"duration":0.25,"angle2":-315},{"angle":-292.5,"time":282.5,"type":"block"},{"type":"side","angle":-405,"time":283,"tap":true},{"type":"hold","angle":-450,"time":283.5,"angle2":-495,"duration":0.25},{"type":"hold","angle":-135,"time":283.75,"angle2":-90,"duration":0.25},{"angle":-135,"time":284.5,"type":"block"},{"type":"side","angle":-180,"time":285,"tap":true},{"type":"hold","angle":450,"time":285.5,"angle2":495,"duration":0.25},{"type":"hold","angle":135,"time":285.75,"angle2":90,"duration":0.25},{"angle":-292.5,"time":286.25,"type":"block"},{"angle":-315,"time":286.5,"type":"block"},{"type":"side","angle":-225,"time":287,"tap":true},{"angle":-180,"time":287.5,"type":"block"},{"type":"side","angle":112.5,"time":289,"tap":true},{"type":"hold","angle":405,"time":289.5,"duration":0.25,"angle2":360},{"type":"hold","angle":382.5,"time":290,"angle2":337.5,"duration":0.25},{"angle":315,"time":290.5,"type":"block"},{"type":"side","angle":382.5,"time":291,"tap":true},{"type":"hold","angle":450,"time":291.5,"angle2":495,"duration":0.25},{"angle":157.5,"time":292,"type":"block"},{"angle":225,"time":292.5,"type":"block"},{"type":"side","angle":157.5,"time":293,"tap":true},{"type":"hold","angle":427.5,"time":293.5,"angle2":382.5,"duration":0.25},{"type":"hold","angle":405,"time":294,"angle2":450,"duration":0.25},{"angle":135,"time":294.5,"type":"block"},{"type":"side","angle":382.5,"time":295,"tap":true},{"type":"hold","angle":315,"time":295.5,"duration":0.25,"angle2":270},{"angle":247.5,"time":296,"type":"block"},{"angle":180,"time":296.5,"type":"block"},{"type":"side","angle":247.5,"time":297,"tap":true},{"type":"hold","angle":315,"time":297.5,"duration":0.25,"angle2":360},{"type":"hold","angle":337.5,"time":298,"duration":0.25,"angle2":292.5},{"angle":270,"time":298.5,"type":"block"},{"type":"side","angle":382.5,"time":299,"tap":true},{"angle":225,"time":288,"type":"block"},{"angle":157.5,"time":272,"type":"block"},{"type":"hold","angle":90,"time":299.5,"angle2":112.5,"duration":0.25},{"type":"side","angle":22.5,"time":300,"tap":true},{"angle":315,"time":300.5,"type":"block"},{"angle":292.5,"time":300.75,"type":"block"},{"type":"side","angle":22.5,"time":301.5,"tap":true},{"angle":90,"time":302,"type":"block"},{"angle":112.5,"time":302.25,"type":"block"},{"type":"side","angle":22.5,"time":303,"tap":true},{"angle":337.5,"time":303.5,"type":"block"},{"type":"hold","angle":292.5,"time":304,"duration":1.5,"angle2":292.5},{"angle2":450,"type":"hold","angle":292.5,"time":305.5,"holdEase":"inCirc","duration":1.5},{"duration":1.5,"type":"hold","angle":450,"time":307,"holdEase":"inCirc","angle2":675},{"type":"side","angle":225,"time":310,"tap":true},{"type":"hold","angle":180,"time":310.5,"duration":0.25,"angle2":135},{"type":"hold","angle":157.5,"time":311,"duration":0.25,"angle2":112.5},{"type":"side","angle":225,"time":311.5,"tap":true},{"duration":1.5,"type":"hold","angle":292.5,"time":312,"holdEase":"inCirc","angle2":247.5},{"angle2":45,"type":"hold","angle":247.5,"time":313.5,"holdEase":"inCirc","duration":1.5},{"duration":1.5,"type":"hold","angle":45,"time":315,"holdEase":"inBack","angle2":247.5},{"type":"side","angle":157.5,"time":317,"tap":true},{"angle":67.5,"time":317.5,"type":"block"},{"type":"side","angle":157.5,"time":318.5,"tap":true},{"type":"hold","angle":247.5,"time":319,"duration":1,"angle2":225},{"duration":1.5,"type":"hold","angle":225,"time":320,"holdEase":"inCirc","angle2":337.5},{"duration":1.5,"type":"hold","angle":337.5,"time":321.5,"holdEase":"inCirc","angle2":517.5},{"angle2":-22.5,"type":"hold","angle":157.5,"time":323,"holdEase":"inBack","duration":1.5},{"type":"side","angle":67.5,"time":326,"tap":true},{"type":"hold","angle":135,"time":326.5,"duration":0.25,"angle2":180},{"angle2":292.5,"type":"hold","angle":247.5,"time":327.33334350586,"holdEase":"inQuart","duration":0.3333332836628},{"angle2":337.5,"type":"hold","angle":292.5,"time":327.66665649414,"holdEase":"inQuart","duration":0.3333332836628},{"duration":1.5,"type":"hold","angle":337.5,"time":328,"spinEase":"inBack","angle2":202.5},{"duration":1.5,"type":"hold","angle":202.5,"time":329.5,"holdEase":"inCirc","angle2":0},{"duration":1.5,"type":"hold","angle":0,"time":331,"holdEase":"inBack","angle2":157.5},{"angle":225,"time":333,"type":"block"},{"angle":202.5,"time":333,"type":"block"},{"angle":270,"time":333.75,"type":"block"},{"angle":247.5,"time":333.75,"type":"block"},{"angle":315,"time":334.5,"type":"block"},{"angle":292.5,"time":334.5,"type":"block"},{"angle":337.5,"time":335.25,"type":"block"},{"angle":360,"time":335.25,"type":"block"},{"angle2":-112.5,"type":"hold","angle":45,"time":336,"holdEase":"inBack","duration":1.5},{"angle2":90,"type":"hold","angle":247.5,"time":337.5,"holdEase":"inCirc","duration":1.5},{"duration":1.5,"type":"hold","angle":90,"time":339,"holdEase":"inBack","angle2":270},{"angle":285,"time":342,"type":"block"},{"angle":300,"time":342.16665649414,"type":"block"},{"angle":285,"time":342.33334350586,"type":"block"},{"angle":300,"time":342.5,"type":"block"},{"angle":315,"time":342.75,"type":"block"},{"angle":300,"time":343,"type":"block"},{"angle":285,"time":343.25,"type":"block"},{"angle":300,"time":343.5,"type":"block"},{"angle":315,"time":343.75,"type":"block"},{"angle2":165,"type":"hold","angle":330,"time":344,"holdEase":"inBack","duration":1.5},{"duration":1.5,"type":"hold","angle":165,"time":345.5,"holdEase":"inCirc","angle2":-30},{"angle2":495,"type":"hold","angle":330,"time":347,"holdEase":"inBack","duration":1.5},{"type":"side","angle":75,"time":349,"tap":true},{"angle":30,"time":349.5,"type":"block"},{"type":"side","angle":75,"time":350.5,"tap":true},{"type":"hold","angle":135,"time":351,"angle2":180,"duration":1},{"angle2":360,"type":"hold","angle":180,"time":352,"holdEase":"inCirc","duration":1.5},{"angle2":180,"type":"hold","angle":0,"time":353.5,"holdEase":"inCirc","duration":1.5},{"duration":1.5,"type":"hold","angle":180,"time":355,"holdEase":"inCirc","angle2":360},{"type":"hold","angle":45,"time":359,"angle2":0,"duration":1},{"angle2":-540,"type":"hold","angle":-360,"time":360,"holdEase":"inCirc","duration":1.5},{"angle2":-360,"type":"hold","angle":-180,"time":361.5,"holdEase":"inCirc","duration":1.5},{"duration":1.5,"type":"hold","angle":-360,"time":363,"holdEase":"inCirc","angle2":-540},{"duration":1,"type":"hold","angle":135,"time":367,"holdEase":"outBack","angle2":67.5},{"duration":16,"type":"hold","angle":67.5,"time":368,"holdEase":"inQuint","angle2":1260},{"angle":-67.5,"time":396.5,"type":"side"},{"angle":-292.5,"time":397,"type":"side"},{"angle":-427.5,"time":397.5,"type":"side"},{"angle":-292.5,"time":398,"type":"side"},{"angle":-427.5,"time":398.5,"type":"side"},{"angle":-292.5,"time":399,"type":"side"},{"angle":-180,"time":400,"type":"block"},{"angle":-157.5,"time":400,"type":"block"},{"angle":-225,"time":399.25,"type":"block"},{"angle":-202.5,"time":399.5,"type":"block"},{"angle":315,"time":303.75,"type":"block"},{"angle":225,"time":385.5,"type":"side"},{"angle":135,"time":386,"type":"side"},{"angle":225,"time":386.5,"type":"side"},{"angle":135,"time":387,"type":"side"},{"angle":225,"time":387.5,"type":"side"},{"angle":67.5,"time":388,"type":"block"},{"angle":90,"time":388,"type":"block"},{"angle":45,"time":389.5,"type":"side"},{"angle":135,"time":390,"type":"side"},{"angle":45,"time":390.5,"type":"side"},{"angle":135,"time":391,"type":"side"},{"angle":45,"time":391.5,"type":"side"},{"angle":360,"time":392,"type":"block"},{"angle":315,"time":392.25,"type":"block"},{"angle":270,"time":392.5,"type":"block"},{"angle":225,"time":392.75,"type":"block"},{"angle":180,"time":393,"type":"block"},{"angle":135,"time":393.25,"type":"block"},{"angle":90,"time":393.5,"type":"block"},{"angle":45,"time":393.75,"type":"block"},{"angle":0,"time":394,"type":"block"},{"angle":315,"time":394.25,"type":"block"},{"angle":270,"time":394.5,"type":"block"},{"angle":225,"time":394.75,"type":"block"},{"angle":180,"time":395,"type":"block"},{"type":"hold","angle":202.5,"time":327,"duration":0.25,"angle2":225},{"angle":135,"time":395.25,"type":"block"},{"angle":90,"time":395.5,"type":"block"},{"angle":45,"time":395.75,"type":"block"},{"angle":360,"time":396,"type":"block"},{"angle":247.5,"time":401.5,"type":"side"},{"angle":112.5,"time":402,"type":"side"},{"angle":247.5,"time":402.5,"type":"side"},{"angle":112.5,"time":403,"type":"side"},{"angle":247.5,"time":403.5,"type":"side"},{"angle":112.5,"time":404,"type":"side"},{"angle":45,"time":404.5,"type":"block"},{"angle":67.5,"time":404.5,"type":"block"},{"angle":360,"time":405,"type":"block"},{"angle":22.5,"time":405,"type":"block"},{"angle":292.5,"time":405.5,"type":"side"},{"angle":67.5,"time":406,"type":"side"},{"angle":292.5,"time":406.5,"type":"side"},{"angle":67.5,"time":407,"type":"side"},{"angle":292.5,"time":407.5,"type":"side"},{"angle":247.5,"time":408,"type":"block"},{"angle":225,"time":408,"type":"block"},{"angle":337.5,"time":409.5,"type":"side"},{"angle":225,"time":410,"type":"side"},{"angle":337.5,"time":410.5,"type":"side"},{"angle":225,"time":411,"type":"side"},{"angle":337.5,"time":411.5,"type":"side"},{"angle":225,"time":412,"type":"side"},{"angle":135,"time":412.5,"type":"block"},{"angle":90,"time":413,"type":"block"},{"angle":45,"time":413.5,"type":"block"},{"angle":360,"time":414,"type":"block"},{"angle":315,"time":414.5,"type":"block"},{"angle":292.5,"time":415,"type":"block"},{"angle":270,"time":415,"type":"block"},{"angle":337.5,"time":416,"type":"block"},{"angle":360,"time":416,"type":"block"},{"angle":30,"time":417.91668701172,"type":"side"},{"angle":15,"time":417,"type":"block"},{"angle":45,"time":417.16665649414,"type":"block"},{"angle":75,"time":417.33334350586,"type":"block"},{"angle":105,"time":417.5,"type":"block"},{"angle":135,"time":417.66665649414,"type":"block"},{"angle":300,"time":419.49996948242,"type":"block"},{"angle":285,"time":419.75,"type":"block"},{"angle":345,"time":420,"type":"side"},{"angle":30,"time":420.25,"type":"block"},{"angle":45,"time":420.5,"type":"block"},{"angle":60,"time":420.75,"type":"block"},{"angle":-375,"time":421,"type":"side"},{"angle":-60,"time":421.25,"type":"block"},{"angle":-75,"time":421.5,"type":"block"},{"angle":-90,"time":421.75,"type":"block"},{"angle":345,"time":422,"type":"side"},{"angle":30,"time":422.25,"type":"block"},{"angle":45,"time":422.5,"type":"block"},{"angle":60,"time":422.75,"type":"block"},{"angle":345,"time":423,"type":"side"},{"angle":330,"time":423,"type":"side"},{"angle":0,"time":423,"type":"side"},{"angle":165,"time":424,"type":"side"},{"angle":150,"time":424,"type":"side"},{"angle":135,"time":424,"type":"side"},{"angle":30,"time":425,"type":"block"},{"angle":0,"time":425.16665649414,"type":"block"},{"angle":330,"time":425.33334350586,"type":"block"},{"angle":300,"time":425.5,"type":"block"},{"angle":270,"time":425.66665649414,"type":"block"},{"angle":240,"time":425.83334350586,"type":"block"},{"angle":315,"time":426,"type":"side"},{"angle":405,"time":427.49996948242,"type":"block"},{"angle":390,"time":427.75,"type":"block"},{"angle":450,"time":428,"type":"side"},{"angle":135,"time":428.25,"type":"block"},{"angle":150,"time":428.5,"type":"block"},{"angle":165,"time":428.75,"type":"block"},{"angle":-270,"time":429,"type":"side"},{"angle":45,"time":429.25,"type":"block"},{"angle":30,"time":429.5,"type":"block"},{"angle":15,"time":429.75,"type":"block"},{"angle":450,"time":430,"type":"side"},{"angle":135,"time":430.5,"type":"block"},{"angle":150,"time":430.5,"type":"block"},{"angle":270,"time":432,"type":"block"},{"angle":255,"time":432,"type":"block"},{"type":"hold","angle":270,"time":433.5,"angle2":315,"duration":0.25},{"type":"hold","angle":-450,"time":434,"angle2":-495,"duration":0.25},{"type":"hold","angle":270,"time":434.5,"angle2":315,"duration":0.25},{"type":"hold","angle":-450,"time":435,"angle2":-495,"duration":0.25},{"type":"hold","angle":270,"time":435.5,"angle2":315,"duration":0.25},{"type":"hold","angle":-450,"time":436,"angle2":-510,"duration":0.5},{"type":"hold","angle":210,"time":436.5,"duration":0.5,"angle2":135},{"type":"hold","angle":135,"time":437,"angle2":90,"duration":0.5},{"type":"hold","angle":-270,"time":437.5,"angle2":-315,"duration":0.25},{"type":"hold","angle":450,"time":438,"angle2":495,"duration":0.25},{"type":"hold","angle":-270,"time":438.5,"angle2":-315,"duration":0.25},{"type":"hold","angle":450,"time":439,"angle2":495,"duration":0.25},{"type":"hold","angle":-270,"time":439.5,"angle2":-315,"duration":0.25},{"angle":90,"time":440,"type":"side"},{"type":"hold","angle":180,"time":440.5,"duration":0.5,"angle2":360},{"type":"hold","angle":-360,"time":441.5,"angle2":-405,"duration":0.25},{"type":"hold","angle":360,"time":442,"angle2":405,"duration":0.25},{"type":"hold","angle":-360,"time":442.5,"angle2":-405,"duration":0.25},{"type":"hold","angle":360,"time":443,"angle2":405,"duration":0.25},{"type":"hold","angle":-360,"time":443.5,"angle2":-405,"duration":0.25},{"type":"hold","angle":0,"time":444,"duration":0.5,"angle2":90},{"angle":135,"time":445,"type":"block"},{"angle":180,"time":445.5,"type":"block"},{"angle":225,"time":446,"type":"block"},{"angle":360,"time":447,"type":"block"},{"angle":337.5,"time":447,"type":"block"},{"angle":270,"time":446.5,"type":"block"},{"angle":270,"time":448,"type":"block"},{"angle":247.5,"time":448,"type":"block"},{"angle":225,"time":449,"type":"block"},{"angle":195,"time":449.16668701172,"type":"block"},{"angle":165,"time":449.33334350586,"type":"block"},{"angle":105,"time":449.66668701172,"type":"block"},{"angle":135,"time":449.5,"type":"block"},{"angle":165,"time":450,"type":"side"},{"angle":-420,"time":451.75,"type":"block"},{"angle":-480,"time":452,"type":"side"},{"angle":-165,"time":452.25,"type":"block"},{"angle":-180,"time":452.5,"type":"block"},{"angle":-195,"time":452.75,"type":"block"},{"angle":240,"time":453,"type":"side"},{"angle":-75,"time":453.25,"type":"block"},{"angle":-60,"time":453.5,"type":"block"},{"angle":-45,"time":453.75,"type":"block"},{"angle":-480,"time":454,"type":"side"},{"angle":-165,"time":454.25,"type":"block"},{"angle":-180,"time":454.5,"type":"block"},{"angle":-195,"time":454.75,"type":"block"},{"angle":-480,"time":455,"type":"side"},{"angle":-465,"time":455,"type":"side"},{"angle":-135,"time":455,"type":"side"},{"angle":-300,"time":456,"type":"side"},{"angle":-285,"time":456,"type":"side"},{"angle":-270,"time":456,"type":"side"},{"angle":-165,"time":457,"type":"block"},{"angle":-135,"time":457.16665649414,"type":"block"},{"angle":-465,"time":457.33334350586,"type":"block"},{"angle":-435,"time":457.5,"type":"block"},{"angle":-405,"time":457.66665649414,"type":"block"},{"angle":-375,"time":457.83334350586,"type":"block"},{"angle":-450,"time":458,"type":"side"},{"angle":-540,"time":459.49996948242,"type":"block"},{"angle":-525,"time":459.75,"type":"block"},{"angle":-585,"time":460,"type":"side"},{"angle":-270,"time":460.25,"type":"block"},{"angle":-285,"time":460.5,"type":"block"},{"angle":-300,"time":460.75,"type":"block"},{"angle":135,"time":461,"type":"side"},{"angle":-180,"time":461.25,"type":"block"},{"angle":-165,"time":461.5,"type":"block"},{"angle":-150,"time":461.75,"type":"block"},{"angle":285,"time":451.5,"type":"block"},{"angle":202.5,"time":462,"type":"block"},{"angle":180,"time":462,"type":"block"},{"angle":202.5,"time":462.25,"type":"block"},{"angle":180,"time":462.25,"type":"block"},{"angle":202.5,"time":462.5,"type":"block"},{"angle":180,"time":462.5,"type":"block"},{"angle":202.5,"time":462.75,"type":"block"},{"angle":180,"time":462.75,"type":"block"},{"angle":202.5,"time":463,"type":"block"},{"angle":180,"time":463,"type":"block"},{"angle":225,"time":463.5,"type":"block"},{"angle":270,"time":464,"type":"block"},{"angle":225,"time":467,"type":"block"},{"angle":270,"time":468,"type":"block"},{"angle":225,"time":471,"type":"block"},{"angle":180,"time":472,"type":"block"},{"angle":135,"time":473.5,"type":"block"},{"angle":135,"time":474,"type":"block"},{"angle":45,"time":474,"type":"mine"},{"angle":67.5,"time":474,"type":"mine"},{"angle":360,"time":475,"type":"mine"},{"angle":22.5,"time":475,"type":"mine"},{"angle":292.5,"time":476,"type":"mine"},{"angle":315,"time":476,"type":"mine"},{"angle":247.5,"time":477,"type":"mine"},{"angle":225,"time":477,"type":"mine"},{"angle":292.5,"time":478,"type":"mine"},{"angle":315,"time":478,"type":"mine"},{"angle":360,"time":479,"type":"mine"},{"angle":22.5,"time":479,"type":"mine"},{"duration":6,"type":"mineHold","angle":67.5,"time":480,"holdEase":"inQuad","angle2":-112.5},{"angle":270,"time":480,"type":"block"},{"angle":225,"time":483,"type":"block"},{"angle":180,"time":484,"type":"block"},{"angle":45,"time":487,"type":"block"},{"angle":315,"time":489,"type":"block"},{"angle":270,"time":490,"type":"block"},{"angle":225,"time":491,"type":"block"},{"angle2":-180,"type":"mineHold","angle":247.5,"time":488,"holdEase":"inQuad","duration":6},{"angle":-11.25,"time":488,"type":"block"},{"duration":6,"type":"mineHold","angle":236.25,"time":488,"holdEase":"inQuad","angle2":-191.25},{"angle":180,"time":492,"type":"block"},{"angle":90,"time":493.5,"type":"block"},{"angle":90,"time":494,"type":"block"},{"duration":6,"type":"mineHold","angle":-191.25,"time":496,"holdEase":"inQuad","angle2":236.25},{"angle":348.75,"time":496,"type":"block"},{"angle":101.25,"time":499,"type":"block"},{"angle":123.75,"time":500,"type":"block"},{"angle":303.75,"time":503,"type":"block"},{"duration":6,"type":"mineHold","angle":-202.5,"time":496,"holdEase":"inQuad","angle2":225},{"angle2":326.25,"type":"mineHold","angle":-101.25,"time":504,"holdEase":"inQuad","duration":6},{"duration":6,"type":"mineHold","angle":-112.5,"time":504,"holdEase":"inQuad","angle2":315},{"angle":326.25,"time":504,"type":"block"},{"angle":0,"time":505,"type":"block"},{"angle":33.75,"time":506,"type":"block"},{"angle":78.75,"time":507,"type":"block"},{"angle":180,"time":508,"type":"block"},{"angle":360,"time":510,"type":"block"},{"angle":22.5,"time":511.5,"type":"block"},{"angle":11.25,"time":511.75,"type":"block"},{"angle":360,"time":512,"type":"block"},{"duration":6,"type":"mineHold","angle":-56.25,"time":512,"holdEase":"inQuad","angle2":-483.75},{"duration":6,"type":"mineHold","angle":-45,"time":512,"holdEase":"inQuad","angle2":-472.5},{"angle":337.5,"time":518,"type":"block"},{"angle":348.75,"time":518,"type":"block"},{"angle":78.75,"time":520,"type":"block"},{"angle":90,"time":520,"type":"block"},{"duration":6,"type":"mineHold","angle":-168.75,"time":520,"holdEase":"inQuad","angle2":258.75},{"duration":6,"type":"mineHold","angle":-180,"time":520,"holdEase":"inQuad","angle2":247.5},{"angle":326.25,"time":526,"type":"block"},{"angle":337.5,"time":526,"type":"block"},{"angle":348.75,"time":528,"type":"block"},{"angle":11.25,"time":528,"type":"block"},{"angle2":348.75,"type":"mineHold","angle":-78.75,"time":528,"holdEase":"inQuad","duration":8},{"angle2":506.25,"type":"mineHold","angle":78.75,"time":528,"holdEase":"inQuad","duration":8},{"angle2":-281.25,"type":"mineHold","angle":146.25,"time":536,"holdEase":"linear","duration":4},{"angle2":-438.75,"type":"mineHold","angle":-11.25,"time":536,"holdEase":"linear","duration":4},{"angle":360,"time":544,"type":"block"},{"angle":337.5,"time":544,"type":"block"},{"angle":90,"time":544,"type":"extraTap"},{"angle":90,"time":545,"type":"extraTap"},{"angle":90,"time":546,"type":"extraTap"},{"angle":292.5,"time":544.75,"type":"block"},{"angle":270,"time":544.75,"type":"block"},{"angle":202.5,"time":545.5,"type":"block"},{"angle":180,"time":545.5,"type":"block"},{"angle":112.5,"time":546.25,"type":"block"},{"angle":135,"time":546.25,"type":"block"},{"angle":67.5,"time":547,"type":"block"},{"angle":90,"time":547,"type":"block"},{"angle":112.5,"time":547.5,"type":"block"},{"angle":135,"time":547.5,"type":"block"},{"angle":270,"time":547,"type":"extraTap"},{"angle":90,"time":548,"type":"extraTap"},{"angle":90,"time":549,"type":"extraTap"},{"angle":90,"time":550,"type":"extraTap"},{"angle":90,"time":551,"type":"extraTap"},{"angle":90,"time":552,"type":"extraTap"},{"angle":90,"time":553,"type":"extraTap"},{"angle":90,"time":554,"type":"extraTap"},{"angle":90,"time":555,"type":"extraTap"},{"angle":90,"time":556,"type":"extraTap"},{"angle":90,"time":557,"type":"extraTap"},{"angle":45,"time":551,"type":"block"},{"angle":360,"time":551.25,"type":"block"},{"angle":315,"time":551.5,"type":"block"},{"angle":270,"time":551.75,"type":"block"},{"angle":225,"time":552,"type":"block"},{"angle":202.5,"time":552,"type":"block"},{"angle":292.5,"time":552.75,"type":"block"},{"angle":315,"time":552.75,"type":"block"},{"angle":22.5,"time":553.5,"type":"block"},{"angle":45,"time":553.5,"type":"block"},{"angle":292.5,"time":554.25,"type":"block"},{"angle":315,"time":554.25,"type":"block"},{"angle":337.5,"time":555,"type":"block"},{"angle":360,"time":555,"type":"block"},{"angle":22.5,"time":555.5,"type":"block"},{"angle":45,"time":555.5,"type":"block"},{"angle":90,"time":558,"type":"extraTap"},{"angle":135,"time":559,"type":"block"},{"angle":112.5,"time":559.25,"type":"block"},{"angle":90,"time":559.5,"type":"block"},{"angle":112.5,"time":559.75,"type":"block"},{"angle":135,"time":560,"type":"block"},{"angle":157.5,"time":560,"type":"block"},{"angle":225,"time":560.75,"type":"block"},{"angle":202.5,"time":560.75,"type":"block"},{"angle":270,"time":561.5,"type":"block"},{"angle":292.5,"time":561.5,"type":"block"},{"angle":337.5,"time":562.25,"type":"block"},{"angle":0,"time":562.25,"type":"block"},{"angle":247.5,"time":563,"type":"block"},{"angle":270,"time":563,"type":"block"},{"angle":270,"time":563.5,"type":"block"},{"angle":292.5,"time":563.5,"type":"block"},{"angle":292.5,"time":567,"type":"block"},{"angle":337.5,"time":567.25,"type":"block"},{"angle":22.5,"time":567.5,"type":"block"},{"angle":67.5,"time":567.75,"type":"block"},{"angle":112.5,"time":568,"type":"block"},{"angle":135,"time":568,"type":"block"},{"angle":45,"time":568.75,"type":"block"},{"angle":67.5,"time":568.75,"type":"block"},{"angle":337.5,"time":569.5,"type":"block"},{"angle":360,"time":569.5,"type":"block"},{"angle":270,"time":570.25,"type":"block"},{"angle":247.5,"time":570.25,"type":"block"},{"angle":225,"time":571,"type":"block"},{"angle":202.5,"time":571,"type":"block"},{"angle":247.5,"time":571.5,"type":"block"},{"angle":225,"time":571.5,"type":"block"},{"type":"block","angle":270,"time":572,"tap":true},{"type":"block","angle":292.5,"time":572,"tap":true},{"type":"block","angle":337.5,"time":572.75,"tap":true},{"type":"block","angle":360,"time":572.75,"tap":true},{"type":"block","angle":67.5,"time":573.5,"tap":true},{"type":"block","angle":90,"time":573.5,"tap":true},{"type":"block","angle":157.5,"time":574.25,"tap":true},{"type":"block","angle":135,"time":574.25,"tap":true},{"type":"block","angle":225,"time":575,"tap":true},{"type":"block","angle":202.5,"time":575,"tap":true},{"angle":180,"time":576,"type":"block"},{"angle":202.5,"time":576.25,"type":"block"},{"angle":225,"time":576.5,"type":"block"},{"angle":247.5,"time":576.75,"type":"block"},{"angle":270,"time":577,"type":"block"},{"angle":292.5,"time":577.25,"type":"block"},{"angle":315,"time":577.5,"type":"block"},{"angle":337.5,"time":577.75,"type":"block"},{"angle":360,"time":578,"type":"block"},{"angle":382.5,"time":578.25,"type":"block"},{"angle":405,"time":578.5,"type":"block"},{"angle":427.5,"time":578.75,"type":"block"},{"angle":90,"time":579,"type":"block"},{"angle":112.5,"time":579.25,"type":"block"},{"angle":135,"time":579.5,"type":"block"},{"angle":157.5,"time":579.75,"type":"block"},{"angle":180,"time":580,"type":"block"},{"angle":202.5,"time":580.25,"type":"block"},{"angle":225,"time":580.5,"type":"block"},{"angle":247.5,"time":580.75,"type":"block"},{"angle":270,"time":581,"type":"block"},{"angle":292.5,"time":581.25,"type":"block"},{"angle":315,"time":581.5,"type":"block"},{"angle":337.5,"time":581.75,"type":"block"},{"angle":360,"time":582,"type":"block"},{"angle":382.5,"time":582.25,"type":"block"},{"angle":405,"time":582.5,"type":"block"},{"angle":427.5,"time":582.75,"type":"block"},{"angle":90,"time":583,"type":"block"},{"angle":112.5,"time":583.25,"type":"block"},{"angle":135,"time":583.5,"type":"block"},{"angle":157.5,"time":583.75,"type":"block"},{"angle":180,"time":584,"type":"block"},{"angle":146.25,"time":584.25,"type":"block"},{"angle":112.5,"time":584.5,"type":"block"},{"angle":78.75,"time":584.75,"type":"block"},{"angle":45,"time":585,"type":"block"},{"angle":11.25,"time":585.25,"type":"block"},{"angle":337.5,"time":585.5,"type":"block"},{"angle":303.75,"time":585.75,"type":"block"},{"angle":270,"time":586,"type":"block"},{"angle":236.25,"time":586.25,"type":"block"},{"angle":202.5,"time":586.5,"type":"block"},{"angle":168.75,"time":586.75,"type":"block"},{"angle":135,"time":587,"type":"block"},{"angle":101.25,"time":587.25,"type":"block"},{"angle":67.5,"time":587.5,"type":"block"},{"angle":33.75,"time":587.75,"type":"block"},{"angle":360,"time":588,"type":"block"},{"angle":326.25,"time":588.25,"type":"block"},{"angle":292.5,"time":588.5,"type":"block"},{"angle":258.75,"time":588.75,"type":"block"},{"angle":225,"time":589,"type":"block"},{"angle":191.25,"time":589.25,"type":"block"},{"angle":517.5,"time":589.5,"type":"block"},{"angle":483.75,"time":589.75,"type":"block"},{"angle":450,"time":590,"type":"block"},{"angle":416.25,"time":590.25,"type":"block"},{"angle":382.5,"time":590.5,"type":"block"},{"angle":348.75,"time":590.75,"type":"block"},{"angle":315,"time":591,"type":"block"},{"angle":281.25,"time":591.25,"type":"block"},{"angle":247.5,"time":591.5,"type":"block"},{"angle":213.75,"time":591.75,"type":"block"},{"angle":180,"time":592,"type":"block"},{"angle":225,"time":592.25,"type":"block"},{"angle":270,"time":592.5,"type":"block"},{"angle":315,"time":592.75,"type":"block"},{"angle":360,"time":593,"type":"block"},{"angle":45,"time":593.25,"type":"block"},{"angle":90,"time":593.5,"type":"block"},{"angle":135,"time":593.75,"type":"block"},{"angle":180,"time":594,"type":"block"},{"angle":225,"time":594.25,"type":"block"},{"angle":270,"time":594.5,"type":"block"},{"angle":315,"time":594.75,"type":"block"},{"angle":360,"time":595,"type":"block"},{"angle":45,"time":595.25,"type":"block"},{"angle":90,"time":595.5,"type":"block"},{"angle":135,"time":595.75,"type":"block"},{"angle":-180,"time":596,"type":"block"},{"angle":-225,"time":596.25,"type":"block"},{"angle":-270,"time":596.5,"type":"block"},{"angle":-315,"time":596.75,"type":"block"},{"angle":-360,"time":597,"type":"block"},{"angle":-45,"time":597.25,"type":"block"},{"angle":-90,"time":597.5,"type":"block"},{"angle":-135,"time":597.75,"type":"block"},{"angle":-180,"time":598,"type":"block"},{"angle":-225,"time":598.25,"type":"block"},{"angle":-270,"time":598.5,"type":"block"},{"angle":-315,"time":598.75,"type":"block"},{"angle":-360,"time":599,"type":"block"},{"angle":-45,"time":599.25,"type":"block"},{"angle":-90,"time":599.5,"type":"block"},{"angle":-135,"time":599.75,"type":"block"},{"angle":180,"time":600,"type":"block"},{"angle":225,"time":600.25,"type":"block"},{"angle":270,"time":600.5,"type":"block"},{"angle":315,"time":600.75,"type":"block"},{"angle":360,"time":601,"type":"block"},{"angle":45,"time":601.25,"type":"block"},{"angle":90,"time":601.5,"type":"block"},{"angle":135,"time":601.75,"type":"block"},{"angle":-180,"time":602,"type":"block"},{"angle":-225,"time":602.25,"type":"block"},{"angle":-270,"time":602.5,"type":"block"},{"angle":-315,"time":602.75,"type":"block"},{"angle":-360,"time":603,"type":"block"},{"angle":-45,"time":603.25,"type":"block"},{"angle":-90,"time":603.5,"type":"block"},{"angle":-135,"time":603.75,"type":"block"},{"angle2":540,"type":"hold","angle":180,"time":604,"holdEase":"inQuint","duration":4},{"type":"block","angle":202.5,"time":608,"tap":true},{"type":"block","angle":270,"time":608.75,"tap":true},{"type":"block","angle":247.5,"time":608.75,"tap":true},{"type":"block","angle":315,"time":609.5,"tap":true},{"type":"block","angle":337.5,"time":609.5,"tap":true},{"type":"block","angle":22.5,"time":610.25,"tap":true},{"type":"block","angle":45,"time":610.25,"tap":true},{"type":"block","angle":315,"time":611,"tap":true},{"type":"block","angle":337.5,"time":611,"tap":true},{"angle":0,"time":611.5,"type":"block"},{"angle":22.5,"time":611.75,"type":"block"},{"angle":67.5,"time":612,"type":"block"},{"angle":45,"time":612.25,"type":"block"},{"angle":22.5,"time":612.5,"type":"block"},{"angle":0,"time":612.75,"type":"block"},{"angle":337.5,"time":613,"type":"block"},{"angle":360,"time":613.25,"type":"block"},{"angle":-22.5,"time":613.5,"type":"block"},{"angle":-45,"time":613.75,"type":"block"},{"angle":-67.5,"time":614,"type":"block"},{"angle":-90,"time":614.25,"type":"block"},{"angle":247.5,"time":614.5,"type":"block"},{"angle":270,"time":614.75,"type":"block"},{"angle":-67.5,"time":615,"type":"block"},{"angle":-90,"time":615.25,"type":"block"},{"angle":-112.5,"time":615.5,"type":"block"},{"angle":-135,"time":615.75,"type":"block"},{"type":"block","angle":202.5,"time":616,"tap":true},{"type":"block","angle":180,"time":616,"tap":true},{"type":"block","angle":180,"time":608,"tap":true},{"type":"block","angle":135,"time":616.75,"tap":true},{"type":"block","angle":112.5,"time":616.75,"tap":true},{"type":"block","angle":67.5,"time":617.5,"tap":true},{"type":"block","angle":45,"time":617.5,"tap":true},{"type":"block","angle":135,"time":618.25,"tap":true},{"type":"block","angle":112.5,"time":618.25,"tap":true},{"type":"block","angle":202.5,"time":619,"tap":true},{"type":"block","angle":180,"time":619,"tap":true},{"angle":-135,"time":619.5,"type":"block"},{"angle":-157.5,"time":619.75,"type":"block"},{"angle":-202.5,"time":620,"type":"block"},{"angle":-180,"time":620.25,"type":"block"},{"angle":-157.5,"time":620.5,"type":"block"},{"angle":-135,"time":620.75,"type":"block"},{"angle":-472.5,"time":621,"type":"block"},{"angle":-495,"time":621.25,"type":"block"},{"angle":-112.5,"time":621.5,"type":"block"},{"angle":-90,"time":621.75,"type":"block"},{"angle":-67.5,"time":622,"type":"block"},{"angle":-45,"time":622.25,"type":"block"},{"angle":-382.5,"time":622.5,"type":"block"},{"angle":-405,"time":622.75,"type":"block"},{"angle":-67.5,"time":623,"type":"block"},{"angle":-45,"time":623.25,"type":"block"},{"angle":-22.5,"time":623.5,"type":"block"},{"angle":0,"time":623.75,"type":"block"},{"type":"block","angle":-337.5,"time":624,"tap":true},{"type":"block","angle":-315,"time":624,"tap":true},{"type":"block","angle":-247.5,"time":624.75,"tap":true},{"type":"block","angle":-225,"time":624.75,"tap":true},{"type":"block","angle":-180,"time":625.5,"tap":true},{"type":"block","angle":-157.5,"time":625.5,"tap":true},{"type":"block","angle":-472.5,"time":626.25,"tap":true},{"type":"block","angle":-450,"time":626.25,"tap":true},{"type":"block","angle":315,"time":627,"tap":true},{"type":"block","angle":337.5,"time":627,"tap":true},{"angle":22.5,"time":627.5,"type":"block"},{"angle":0,"time":627.75,"type":"block"},{"angle":-45,"time":628,"type":"block"},{"angle":-22.5,"time":628.25,"type":"block"},{"angle":0,"time":628.5,"type":"block"},{"angle":22.5,"time":628.75,"type":"block"},{"angle":-315,"time":629,"type":"block"},{"angle":-337.5,"time":629.25,"type":"block"},{"angle":45,"time":629.5,"type":"block"},{"angle":67.5,"time":629.75,"type":"block"},{"angle":90,"time":630,"type":"block"},{"angle":112.5,"time":630.25,"type":"block"},{"angle":-225,"time":630.5,"type":"block"},{"angle":-247.5,"time":630.75,"type":"block"},{"angle":90,"time":631,"type":"block"},{"angle":112.5,"time":631.25,"type":"block"},{"angle":135,"time":631.5,"type":"block"},{"angle":157.5,"time":631.75,"type":"block"},{"angle":202.5,"time":632,"type":"block"},{"angle":180,"time":632,"type":"block"},{"angle":270,"time":632.75,"type":"block"},{"angle":247.5,"time":632.75,"type":"block"},{"angle":135,"time":633.5,"type":"block"},{"angle":112.5,"time":633.5,"type":"block"},{"angle":202.5,"time":634.25,"type":"block"},{"angle":180,"time":634.25,"type":"block"},{"angle":90,"time":635,"type":"block"},{"angle":67.5,"time":635,"type":"block"},{"angle":22.5,"time":635.5,"type":"block"},{"angle":45,"time":635.5,"type":"block"},{"type":"block","angle":67.5,"time":636,"tap":true},{"type":"block","angle":90,"time":636,"tap":true},{"type":"block","angle":157.5,"time":636.75,"tap":true},{"type":"block","angle":180,"time":636.75,"tap":true},{"type":"block","angle":247.5,"time":637.5,"tap":true},{"type":"block","angle":225,"time":637.5,"tap":true},{"type":"block","angle":315,"time":638.25,"tap":true},{"type":"block","angle":337.5,"time":638.25,"tap":true},{"type":"block","angle":270,"time":639,"tap":true},{"type":"block","angle":292.5,"time":639,"tap":true},{"duration":1,"type":"hold","angle":270,"time":640,"holdEase":"inBack","angle2":90},{"type":"block","angle":45,"time":641.5,"tap":true},{"type":"block","angle":67.5,"time":641.5,"tap":true},{"type":"block","angle":360,"time":642.25,"tap":true},{"type":"block","angle":22.5,"time":642.25,"tap":true},{"type":"block","angle":315,"time":643,"tap":true},{"type":"block","angle":337.5,"time":643,"tap":true},{"angle":22.5,"time":643.5,"type":"block"},{"angle":0,"time":643.75,"type":"block"},{"angle":-45,"time":644,"type":"block"},{"angle":-22.5,"time":644.25,"type":"block"},{"angle":0,"time":644.5,"type":"block"},{"angle":22.5,"time":644.75,"type":"block"},{"angle":-315,"time":645,"type":"block"},{"angle":-337.5,"time":645.25,"type":"block"},{"angle":45,"time":645.5,"type":"block"},{"angle":67.5,"time":645.75,"type":"block"},{"angle":90,"time":646,"type":"block"},{"angle":112.5,"time":646.25,"type":"block"},{"angle":-225,"time":646.5,"type":"block"},{"angle":-247.5,"time":646.75,"type":"block"},{"angle":90,"time":647,"type":"block"},{"angle":112.5,"time":647.25,"type":"block"},{"angle":135,"time":647.5,"type":"block"},{"angle":157.5,"time":647.75,"type":"block"},{"type":"block","angle":202.5,"time":648,"tap":true},{"type":"block","angle":180,"time":648,"tap":true},{"type":"block","angle":112.5,"time":648.75,"tap":true},{"type":"block","angle":90,"time":648.75,"tap":true},{"type":"block","angle":45,"time":649.5,"tap":true},{"type":"block","angle":22.5,"time":649.5,"tap":true},{"type":"block","angle":337.5,"time":650.25,"tap":true},{"type":"block","angle":315,"time":650.25,"tap":true},{"type":"block","angle":-450,"time":651,"tap":true},{"type":"block","angle":-472.5,"time":651,"tap":true},{"angle":-157.5,"time":651.5,"type":"block"},{"angle":-135,"time":651.75,"type":"block"},{"angle":-90,"time":652,"type":"block"},{"angle":-112.5,"time":652.25,"type":"block"},{"angle":-135,"time":652.5,"type":"block"},{"angle":-157.5,"time":652.75,"type":"block"},{"angle":180,"time":653,"type":"block"},{"angle":202.5,"time":653.25,"type":"block"},{"angle":-180,"time":653.5,"type":"block"},{"angle":-202.5,"time":653.75,"type":"block"},{"angle":-225,"time":654,"type":"block"},{"angle":-247.5,"time":654.25,"type":"block"},{"angle":90,"time":654.5,"type":"block"},{"angle":112.5,"time":654.75,"type":"block"},{"angle":-225,"time":655,"type":"block"},{"angle":-247.5,"time":655.25,"type":"block"},{"angle":-270,"time":655.5,"type":"block"},{"angle":-292.5,"time":655.75,"type":"block"},{"angle":-337.5,"time":656,"type":"block"},{"angle":-315,"time":656,"type":"block"},{"angle":-405,"time":656.75,"type":"block"},{"angle":-382.5,"time":656.75,"type":"block"},{"angle":-270,"time":657.5,"type":"block"},{"angle":-247.5,"time":657.5,"type":"block"},{"angle":-337.5,"time":658.25,"type":"block"},{"angle":-315,"time":658.25,"type":"block"},{"type":"block","angle":-202.5,"time":664,"tap":true},{"type":"block","angle":-225,"time":664,"tap":true},{"type":"block","angle":-292.5,"time":664.75,"tap":true},{"type":"block","angle":-315,"time":664.75,"tap":true},{"type":"block","angle":-382.5,"time":665.5,"tap":true},{"type":"block","angle":-360,"time":665.5,"tap":true},{"type":"block","angle":-450,"time":666.25,"tap":true},{"type":"block","angle":-472.5,"time":666.25,"tap":true},{"type":"hold","angle":157.5,"time":659,"angle2":157.5,"duration":3.5},{"type":"hold","angle":135,"time":659,"angle2":135,"duration":3.5},{"angle":180,"time":660,"type":"block"},{"angle":112.5,"time":661,"type":"block"},{"angle":180,"time":661.5,"type":"block"},{"angle":112.5,"time":662,"type":"block"},{"angle":180,"time":663,"type":"block"},{"angle":112.5,"time":663.5,"type":"block"},{"angle2":495,"type":"hold","angle":315,"time":667,"holdEase":"inQuint","duration":4},{"angle2":517.5,"type":"hold","angle":292.5,"time":667,"holdEase":"inQuint","duration":4},{"angle":180,"time":671.5,"type":"block"},{"type":"hold","angle":-157.5,"time":672,"angle2":-135,"duration":0.5},{"angle":-112.5,"time":672.75,"type":"block"},{"angle":-90,"time":673,"type":"block"},{"angle":-427.5,"time":673.25,"type":"block"},{"type":"hold","angle":-157.5,"time":673.5,"angle2":-135,"duration":0.5},{"angle":-112.5,"time":674.25,"type":"block"},{"angle":-90,"time":674.5,"type":"block"},{"angle":-427.5,"time":674.75,"type":"block"},{"type":"hold","angle":-135,"time":675,"angle2":-90,"duration":0.5},{"angle2":-585,"type":"hold","angle":-450,"time":675.5,"holdEase":"inCirc","duration":1},{"angle":-270,"time":677.5,"type":"block"},{"angle":-292.5,"time":677.75,"type":"block"},{"type":"hold","angle":-315,"time":678,"angle2":-360,"duration":0.5},{"type":"hold","angle":-382.5,"time":678.75,"duration":0.5,"angle2":-337.5},{"angle":-315,"time":679.5,"type":"block"},{"angle":-337.5,"time":679.75,"type":"block"},{"type":"hold","angle":-360,"time":680,"angle2":-405,"duration":0.5},{"angle":-427.5,"time":680.75,"type":"block"},{"angle":-90,"time":681,"type":"block"},{"angle":-112.5,"time":681.25,"type":"block"},{"type":"hold","angle":-360,"time":681.5,"angle2":-405,"duration":0.5},{"angle":-427.5,"time":682.25,"type":"block"},{"angle":-90,"time":682.5,"type":"block"},{"angle":-112.5,"time":682.75,"type":"block"},{"type":"hold","angle":-360,"time":683,"angle2":-427.5,"duration":0.5},{"angle2":-315,"type":"hold","angle":-427.5,"time":683.5,"holdEase":"inCirc","duration":1},{"angle2":-180,"type":"hold","angle":-315,"time":684.5,"holdEase":"outBack","duration":1},{"angle":-202.5,"time":685.75,"type":"block"},{"type":"hold","angle":-225,"time":686,"duration":0.5,"angle2":-157.5},{"type":"hold","angle":-202.5,"time":686.75,"duration":0.5,"angle2":-135},{"type":"hold","angle":180,"time":687.5,"duration":0.25,"angle2":157.5},{"type":"hold","angle":495,"time":688,"angle2":540,"duration":0.5},{"angle":562.5,"time":688.75,"type":"block"},{"angle":225,"time":689,"type":"block"},{"angle":247.5,"time":689.25,"type":"block"},{"type":"hold","angle":495,"time":689.5,"angle2":540,"duration":0.5},{"angle":562.5,"time":690.25,"type":"block"},{"angle":225,"time":690.5,"type":"block"},{"angle":247.5,"time":690.75,"type":"block"},{"type":"hold","angle":135,"time":691,"duration":0.5,"angle2":180},{"angle2":22.5,"type":"hold","angle":180,"time":691.5,"holdEase":"inBack","duration":1},{"type":"hold","angle":337.5,"time":693.5,"duration":0.25,"angle2":315},{"duration":0.5,"type":"hold","angle":292.5,"time":694,"holdEase":"inCirc","angle2":247.5},{"duration":0.5,"type":"hold","angle":315,"time":694.75,"holdEase":"inCirc","angle2":270},{"angle":225,"time":695.5,"type":"block"},{"type":"hold","angle":180,"time":696,"duration":0.25,"angle2":135},{"type":"hold","angle":135,"time":696.25,"duration":0.25,"angle2":180},{"type":"hold","angle":180,"time":696.75,"duration":0.25,"angle2":135},{"type":"hold","angle":157.5,"time":697.5,"duration":0.25,"angle2":202.5},{"type":"hold","angle":202.5,"time":697.75,"duration":0.25,"angle2":157.5},{"type":"hold","angle":225,"time":698.25,"duration":0.25,"angle2":180},{"type":"hold","angle":202.5,"time":697.25,"duration":0.25,"angle2":157.5},{"angle2":292.5,"type":"hold","angle":247.5,"time":699,"holdEase":"outBack","duration":1},{"angle2":495,"type":"hold","angle":292.5,"time":700,"holdEase":"inCirc","duration":1},{"angle":157.5,"time":701.5,"type":"block"},{"angle":180,"time":702,"type":"block"},{"angle":202.5,"time":702.25,"type":"block"},{"type":"side","angle":112.5,"time":702.5,"tap":true},{"angle":67.5,"time":703,"type":"block"},{"angle":45,"time":703.25,"type":"block"},{"angle":22.5,"time":703.5,"type":"block"},{"angle":360,"time":703.75,"type":"block"},{"type":"hold","angle":45,"time":704,"angle2":22.5,"duration":0.5},{"angle":0,"time":704.75,"type":"block"},{"angle":-22.5,"time":705,"type":"block"},{"angle":315,"time":705.25,"type":"block"},{"type":"hold","angle":45,"time":705.5,"angle2":22.5,"duration":0.5},{"angle":0,"time":706.25,"type":"block"},{"angle":-22.5,"time":706.5,"type":"block"},{"angle":315,"time":706.75,"type":"block"},{"type":"hold","angle":22.5,"time":707,"angle2":-22.5,"duration":0.5},{"angle2":472.5,"type":"hold","angle":337.5,"time":707.5,"holdEase":"inCirc","duration":1},{"angle":157.5,"time":709.5,"type":"block"},{"angle":180,"time":709.75,"type":"block"},{"type":"hold","angle":202.5,"time":710,"angle2":247.5,"duration":0.5},{"type":"hold","angle":270,"time":710.75,"duration":0.5,"angle2":225},{"angle":202.5,"time":711.5,"type":"block"},{"angle":225,"time":711.75,"type":"block"},{"type":"hold","angle":247.5,"time":712,"angle2":292.5,"duration":0.5},{"angle":315,"time":712.75,"type":"block"},{"angle":-22.5,"time":713,"type":"block"},{"angle":0,"time":713.25,"type":"block"},{"type":"hold","angle":247.5,"time":713.5,"angle2":292.5,"duration":0.5},{"angle":315,"time":714.25,"type":"block"},{"angle":-22.5,"time":714.5,"type":"block"},{"angle":0,"time":714.75,"type":"block"},{"type":"hold","angle":247.5,"time":715,"angle2":315,"duration":0.5},{"angle2":202.5,"type":"hold","angle":315,"time":715.5,"holdEase":"inCirc","duration":1},{"angle":135,"time":717.5,"type":"block"},{"angle":112.5,"time":717.75,"type":"block"},{"angle":90,"time":718,"type":"block"},{"angle":112.5,"time":718.25,"type":"block"},{"angle":135,"time":718.5,"type":"block"},{"angle":157.5,"time":718.75,"type":"block"},{"angle":180,"time":719,"type":"block"},{"angle":202.5,"time":719.25,"type":"block"},{"angle":180,"time":719.5,"type":"block"},{"angle":157.5,"time":719.75,"type":"block"},{"type":"hold","angle":-225,"time":720,"angle2":-270,"duration":0.5},{"angle":-292.5,"time":720.75,"type":"block"},{"angle":45,"time":721,"type":"block"},{"angle":22.5,"time":721.25,"type":"block"},{"type":"hold","angle":-225,"time":721.5,"angle2":-270,"duration":0.5},{"angle":-292.5,"time":722.25,"type":"block"},{"angle":45,"time":722.5,"type":"block"},{"angle":22.5,"time":722.75,"type":"block"},{"type":"hold","angle":-225,"time":723,"angle2":-292.5,"duration":0.5},{"angle2":-180,"type":"hold","angle":-292.5,"time":723.5,"holdEase":"inCirc","duration":1},{"angle":225,"time":725.5,"type":"block"},{"angle":247.5,"time":725.75,"type":"block"},{"type":"block","angle":270,"time":726,"tap":true},{"type":"block","angle":292.5,"time":726,"tap":true},{"type":"block","angle":22.5,"time":726.75,"tap":true},{"type":"block","angle":45,"time":726.75,"tap":true},{"type":"block","angle":292.5,"time":727.5,"tap":true},{"type":"block","angle":270,"time":727.5,"tap":true},{"type":"hold","angle":-45,"time":728,"angle2":0,"duration":0.25},{"type":"hold","angle":0,"time":728.25,"angle2":-45,"duration":0.25},{"type":"hold","angle":-45,"time":728.75,"angle2":0,"duration":0.25},{"type":"hold","angle":-22.5,"time":729.5,"angle2":-67.5,"duration":0.25},{"type":"hold","angle":-67.5,"time":729.75,"angle2":-22.5,"duration":0.25},{"type":"hold","angle":-90,"time":730.25,"angle2":-45,"duration":0.25},{"type":"hold","angle":-67.5,"time":729.25,"angle2":-22.5,"duration":0.25},{"angle2":-157.5,"type":"hold","angle":-112.5,"time":731,"holdEase":"outBack","duration":1},{"angle2":-157.5,"type":"hold","angle":202.5,"time":732,"holdEase":"inCirc","duration":4},{"angle":202.5,"time":736,"type":"block"},{"angle":180,"time":736,"type":"block"},{"angle":112.5,"time":737.5,"type":"block"},{"angle":90,"time":737.5,"type":"block"},{"angle":22.5,"time":739,"type":"block"},{"angle":45,"time":739,"type":"block"},{"angle":270,"time":741.5,"type":"block"},{"angle":292.5,"time":742,"type":"block"},{"angle":315,"time":742.5,"type":"block"},{"angle":337.5,"time":743,"type":"block"},{"angle":45,"time":743.5,"type":"block"},{"angle":0,"time":743.125,"type":"block"},{"angle":22.5,"time":743.25,"type":"block"},{"angle":90,"time":744,"type":"block"},{"angle":112.5,"time":744,"type":"block"},{"angle":22.5,"time":745.5,"type":"block"},{"angle":45,"time":745.5,"type":"block"},{"angle":180,"time":747,"type":"block"},{"angle":157.5,"time":747,"type":"block"},{"angle":292.5,"time":751,"type":"block"},{"angle":270,"time":750.5,"type":"block"},{"angle":292.5,"time":751.5,"type":"block"},{"angle":270,"time":751.625,"type":"block"},{"angle":247.5,"time":751.75,"type":"block"},{"angle":225,"time":752,"type":"block"},{"angle":202.5,"time":752,"type":"block"},{"angle":112.5,"time":753.5,"type":"block"},{"angle":90,"time":753.5,"type":"block"},{"angle":0,"time":755,"type":"block"},{"angle":22.5,"time":755,"type":"block"},{"angle":270,"time":757.5,"type":"block"},{"angle":292.5,"time":758,"type":"block"},{"angle":315,"time":758.5,"type":"block"},{"angle":337.5,"time":759,"type":"block"},{"angle":360,"time":759.125,"type":"block"},{"angle":337.5,"time":759.25,"type":"block"},{"angle":292.5,"time":760,"type":"block"},{"angle":270,"time":760,"type":"block"},{"angle":315,"time":759.5,"type":"block"},{"angle":180,"time":761.5,"type":"block"},{"angle":157.5,"time":761.5,"type":"block"},{"angle":45,"time":763,"type":"block"},{"angle":67.5,"time":763,"type":"block"},{"angle":337.5,"time":764,"type":"block"},{"angle":0,"time":764,"type":"block"},{"angle":292.5,"time":765.5,"type":"block"},{"angle":270,"time":765.75,"type":"block"},{"angle":247.5,"time":766,"type":"block"},{"angle":225,"time":766,"type":"block"},{"angle":-157.5,"time":766.5,"type":"block"},{"angle":-135,"time":766.75,"type":"block"},{"angle":-112.5,"time":767,"type":"block"},{"angle":-90,"time":767.25,"type":"block"},{"angle":-67.5,"time":767.5,"type":"block"},{"angle":-45,"time":767.75,"type":"block"},{"angle":0,"time":768,"type":"block"},{"angle":337.5,"time":768,"type":"block"},{"angle":45,"time":769.5,"type":"block"},{"angle":67.5,"time":769.5,"type":"block"},{"angle":157.5,"time":771,"type":"block"},{"angle":135,"time":771,"type":"block"},{"angle":247.5,"time":774,"type":"block"},{"angle":225,"time":773.5,"type":"block"},{"angle":270,"time":774.5,"type":"block"},{"angle":292.5,"time":775,"type":"block"},{"angle":303.75,"time":775.16666603088,"type":"block"},{"angle":315,"time":775.33333396912,"type":"block"},{"angle":326.25,"time":775.5,"type":"block"},{"angle":337.5,"time":776,"type":"block"},{"angle":360,"time":776,"type":"block"},{"angle":247.5,"time":777.5,"type":"block"},{"angle":270,"time":777.5,"type":"block"},{"angle":180,"time":779,"type":"block"},{"angle":157.5,"time":779,"type":"block"},{"angle":90,"time":782.5,"type":"block"},{"angle":112.5,"time":783,"type":"block"},{"angle":135,"time":783.5,"type":"block"},{"angle":146.25,"time":783.66666603088,"type":"block"},{"angle":157.5,"time":783.83333396912,"type":"block"},{"angle":180,"time":784,"type":"block"},{"angle":202.5,"time":784,"type":"block"},{"angle":45,"time":785.5,"type":"block"},{"angle":67.5,"time":785.5,"type":"block"},{"angle":112.5,"time":787,"type":"block"},{"angle":135,"time":787,"type":"block"},{"angle":360,"time":789.4999961853,"type":"block"},{"angle":337.5,"time":790,"type":"block"},{"angle":315,"time":790.5,"type":"block"},{"angle":292.5,"time":790.75,"type":"block"},{"angle":270,"time":791,"type":"block"},{"angle":247.5,"time":791.25,"type":"block"},{"angle":225,"time":791.5,"type":"block"},{"angle":202.5,"time":791.75,"type":"block"},{"angle":180,"time":792,"type":"block"},{"angle":157.5,"time":792,"type":"block"},{"angle":45,"time":793.5,"type":"block"},{"angle":67.5,"time":793.5,"type":"block"},{"angle":315,"time":795,"type":"block"},{"angle":337.5,"time":795,"type":"block"},{"angle":90,"time":559,"type":"extraTap"},{"angle":90,"time":560,"type":"extraTap"},{"angle":90,"time":561,"type":"extraTap"},{"angle":90,"time":562,"type":"extraTap"},{"angle":90,"time":563,"type":"extraTap"},{"angle":90,"time":564,"type":"extraTap"},{"angle":90,"time":565,"type":"extraTap"},{"angle":90,"time":566,"type":"extraTap"},{"angle":90,"time":567,"type":"extraTap"},{"angle":90,"time":568,"type":"extraTap"},{"angle":90,"time":569,"type":"extraTap"},{"angle":90,"time":570,"type":"extraTap"},{"angle":90,"time":571,"type":"extraTap"}]