{"events":[{"bpm":174,"file":"quaoar.ogg","angle":360,"volume":1,"time":0.10000000149012,"type":"play"},{"value":1.2000000476837,"type":"ease","start":1,"angle":292.5,"time":46,"var":"scrollSpeed","duration":2},{"value":1.5,"type":"ease","angle":315,"time":77,"var":"scrollSpeed","duration":3},{"value":1.75,"type":"ease","angle":180,"time":384,"var":"scrollSpeed","duration":16},{"ease":"outCirc","value":0.75,"type":"ease","angle":315,"time":464,"var":"scrollSpeed","duration":16},{"ease":"outCirc","value":0.25,"type":"ease","angle":360,"time":540,"var":"scrollSpeed","duration":2},{"ease":"inCirc","value":1.5,"type":"ease","angle":360,"time":542,"var":"scrollSpeed","duration":2},{"ease":"outCirc","value":0.25,"type":"ease","angle":270,"time":611,"var":"scrollSpeed","duration":2},{"ease":"inCirc","value":1.5,"type":"ease","angle":270,"time":614,"var":"scrollSpeed","duration":2},{"ease":"outCirc","value":0.25,"type":"ease","angle":270,"time":619,"var":"scrollSpeed","duration":2},{"ease":"inCirc","value":1.5,"type":"ease","angle":270,"time":622,"var":"scrollSpeed","duration":2},{"ease":"outCirc","value":0.25,"type":"ease","angle":270,"time":627,"var":"scrollSpeed","duration":2},{"ease":"inCirc","value":1.5,"type":"ease","angle":270,"time":630,"var":"scrollSpeed","duration":2},{"ease":"outCirc","value":0.25,"type":"ease","angle":270,"time":643,"var":"scrollSpeed","duration":2},{"ease":"inCirc","value":1.5,"type":"ease","angle":270,"time":646,"var":"scrollSpeed","duration":2},{"ease":"outCirc","value":0.25,"type":"ease","angle":-405,"time":651,"var":"scrollSpeed","duration":2},{"ease":"inCirc","value":1.5,"type":"ease","angle":-405,"time":654,"var":"scrollSpeed","duration":2},{"angle":360,"time":804,"type":"showResults"},{"angle":22.5,"x":0,"y":0,"drawLayer":"bg","type":"deco","id":"BG","time":-8,"sprite":"quaoarBG.png"},{"b":0,"r":0,"type":"setColor","angle":0,"time":-8,"color":2,"g":0},{"b":0,"r":0,"type":"setColor","angle":337.5,"g":0,"color":3,"time":-8},{"angle":337.5,"time":-0,"color":2,"duration":32,"b":190,"r":107,"type":"setColor","g":130},{"angle":22.5,"time":-0,"color":3,"duration":32,"b":205,"r":122,"type":"setColor","g":119},{"angle":45,"time":0,"color":1,"duration":32,"b":66,"r":33,"type":"setColor","g":7},{"angle":45,"g":255,"color":2,"duration":4,"b":255,"r":255,"type":"setColor","time":77,"ease":"inCirc"},{"angle":382.5,"g":255,"color":3,"duration":4,"b":255,"r":255,"type":"setColor","time":77,"ease":"inCirc"},{"angle":337.5,"time":80,"color":2,"duration":4,"b":190,"r":107,"type":"setColor","g":130,"ease":"outCirc"},{"angle":22.5,"time":80,"color":3,"duration":4,"b":205,"r":122,"type":"setColor","g":119,"ease":"outCirc"},{"enable":true,"type":"outline","angle":45,"time":-6,"color":2},{"ease":"outCirc","value":3,"type":"ease","angle":67.5,"time":205.5,"var":"vfx.pixelate","duration":1},{"ease":"linear","value":1,"type":"ease","angle":225,"time":207,"var":"vfx.pixelate","duration":1},{"ease":"inCirc","value":8,"type":"ease","angle":292.5,"time":236,"var":"vfx.hwaves.strength","duration":3},{"ease":"outCirc","value":0,"type":"ease","angle":202.5,"time":239,"var":"vfx.hwaves.strength","duration":1},{"angleOffset":false,"type":"tag","tag":"bounceScale","time":241,"angle":0},{"angleOffset":false,"type":"tag","tag":"bounceScale","time":243,"angle":0},{"angleOffset":false,"type":"tag","tag":"bounceScale","time":245,"angle":0},{"angleOffset":false,"type":"tag","tag":"bounceScale","time":247,"angle":0},{"angleOffset":false,"type":"tag","tag":"bounceScale","time":249,"angle":0},{"angleOffset":false,"type":"tag","tag":"bounceScale","time":251,"angle":0},{"angleOffset":false,"type":"tag","tag":"bounceScale","time":253,"angle":0},{"angleOffset":false,"type":"tag","tag":"bounceScale","time":255,"angle":0},{"angleOffset":false,"type":"tag","tag":"bounceScale","time":257,"angle":0},{"angleOffset":false,"type":"tag","tag":"bounceScale","time":259,"angle":0},{"angleOffset":false,"type":"tag","tag":"bounceScale","time":261,"angle":0},{"angleOffset":false,"type":"tag","tag":"bounceScale","time":263,"angle":0},{"angleOffset":false,"type":"tag","tag":"bounceScale","time":265,"angle":0},{"angleOffset":false,"type":"tag","tag":"bounceScale","time":267,"angle":0},{"angleOffset":false,"type":"tag","tag":"bounceScale","time":269,"angle":0},{"angleOffset":false,"type":"tag","tag":"bounceScale","time":270.5,"angle":0},{"angleOffset":false,"type":"tag","tag":"bounceScale","time":273,"angle":0},{"angleOffset":false,"type":"tag","tag":"bounceScale","time":275,"angle":0},{"angleOffset":false,"type":"tag","tag":"bounceScale","time":277,"angle":0},{"angleOffset":false,"type":"tag","tag":"bounceScale","time":279,"angle":0},{"angleOffset":false,"type":"tag","tag":"bounceScale","time":281,"angle":0},{"angleOffset":false,"type":"tag","tag":"bounceScale","time":283,"angle":0},{"angleOffset":false,"type":"tag","tag":"bounceScale","time":285,"angle":0},{"angleOffset":false,"type":"tag","tag":"bounceScale","time":287,"angle":0},{"angleOffset":false,"type":"tag","tag":"bounceScale","time":289,"angle":0},{"angleOffset":false,"type":"tag","tag":"bounceScale","time":291,"angle":0},{"angleOffset":false,"type":"tag","tag":"bounceScale","time":293,"angle":0},{"angleOffset":false,"type":"tag","tag":"bounceScale","time":295,"angle":0},{"angleOffset":false,"type":"tag","tag":"bounceScale","time":297,"angle":0},{"angleOffset":false,"type":"tag","tag":"bounceScale","time":299,"angle":0},{"angleOffset":false,"type":"tag","tag":"bounceScale","time":300,"angle":0},{"angleOffset":false,"type":"tag","tag":"bounceScale","time":301.5,"angle":0},{"angleOffset":false,"type":"tag","tag":"bounceScale","time":303,"angle":0},{"start":8,"type":"ease","value":0,"angle":67.5,"time":269,"var":"vfx.hglitch.strength","duration":2},{"start":8,"type":"ease","value":0,"angle":67.5,"time":270.5,"var":"vfx.hglitch.strength","duration":2},{"value":1,"angle":180,"time":333,"var":"vfx.noteXScale","duration":0.75,"ease":"outCirc","start":4,"type":"ease","repeats":3,"repeatDelay":0.75},{"angle":45,"g":0,"color":2,"duration":16,"b":0,"r":0,"type":"setColor","time":368,"ease":"linear"},{"angle":22.5,"time":368,"color":1,"duration":16,"ease":"linear","r":0,"type":"setColor","g":0,"b":0},{"angle":360,"time":368,"color":3,"duration":16,"b":0,"r":0,"type":"setColor","g":0,"ease":"linear"},{"angleOffset":false,"type":"tag","tag":"flashWhite1.2","time":384,"angle":0},{"angleOffset":false,"type":"tag","tag":"flashWhite1.2","time":388,"angle":0},{"angleOffset":false,"type":"tag","tag":"flashWhite1.2","time":400,"angle":0},{"angleOffset":false,"type":"tag","tag":"flashWhite1.2","time":404,"angle":0},{"enable":true,"type":"outline","angle":337.5,"time":368,"color":0},{"angleOffset":false,"type":"tag","tag":"flashWhite1.2","time":408,"angle":0},{"angleOffset":false,"type":"tag","tag":"flashWhite1.2","time":416,"angle":0},{"angleOffset":false,"type":"tag","tag":"flashWhite1.2","time":415,"angle":0},{"angleOffset":false,"type":"tag","tag":"flashWhite1.2","time":423,"angle":0},{"angleOffset":false,"type":"tag","angle":0,"time":424,"tag":"flashWhite1.2"},{"angleOffset":false,"type":"tag","angle":90,"time":368,"tag":"wubwubwub"},{"angleOffset":false,"type":"tag","tag":"wubwubwub","time":372,"angle":90},{"angleOffset":false,"type":"tag","tag":"wubwubwub","time":376,"angle":90},{"angleOffset":false,"type":"tag","tag":"wubwubwub","time":380,"angle":90},{"angleOffset":false,"type":"tag","tag":"wubwubwub","time":384,"angle":90},{"angleOffset":false,"type":"tag","tag":"wubwubwub","time":388,"angle":90},{"angleOffset":false,"type":"tag","tag":"wubwubwub","time":400,"angle":45},{"angleOffset":false,"type":"tag","tag":"wubwubwub","time":404,"angle":45},{"angleOffset":false,"type":"tag","tag":"wubwubwub","time":408,"angle":45},{"angleOffset":false,"type":"tag","angle":0,"time":430.5,"tag":"flashWhite1.2"},{"angleOffset":false,"type":"tag","angle":0,"time":432,"tag":"flashWhite1.2"},{"angleOffset":false,"type":"tag","angle":0,"time":436,"tag":"flashWhite1.2"},{"angleOffset":false,"type":"tag","angle":0,"time":440,"tag":"flashWhite1.2"},{"angleOffset":false,"type":"tag","angle":0,"time":447,"tag":"flashWhite1.2"},{"angleOffset":false,"type":"tag","angle":0,"time":448,"tag":"flashWhite1.2"},{"angleOffset":false,"type":"tag","angle":0,"time":455,"tag":"flashWhite1.2"},{"angleOffset":false,"type":"tag","angle":0,"time":456,"tag":"flashWhite1.2"},{"angle":337.5,"time":464,"color":2,"duration":16,"b":78,"r":44,"type":"setColor","g":57},{"angle":360,"time":464,"color":3,"duration":16,"b":58,"r":41,"type":"setColor","g":45},{"angle":45,"time":528,"color":2,"duration":12,"b":255,"r":255,"type":"setColor","g":255},{"angle":382.5,"time":528,"color":3,"duration":12,"b":255,"r":255,"type":"setColor","g":255},{"angle":315,"time":544,"color":2,"duration":4,"b":190,"r":107,"type":"setColor","ease":"outCirc","g":130},{"angle":0,"time":544,"color":3,"duration":4,"b":205,"r":122,"type":"setColor","ease":"outCirc","g":119},{"angle":22.5,"g":255,"color":1,"duration":2,"b":255,"r":255,"type":"setColor","time":540},{"angle":22.5,"g":32,"color":1,"duration":2,"b":175,"r":139,"type":"setColor","time":542},{"angle":157.5,"time":576,"color":1,"duration":32,"b":255,"r":255,"type":"setColor","g":255},{"enable":true,"type":"outline","angle":45,"time":541,"color":2},{"angle":157.5,"g":0,"color":1,"duration":1,"b":0,"r":0,"type":"setColor","time":606},{"angleOffset":false,"type":"tag","angle":157.5,"time":608,"tag":"bgFlashAlternating"},{"angleOffset":false,"type":"tag","tag":"bgFlashAlternating","time":610,"angle":157.5},{"angleOffset":false,"type":"tag","tag":"bgFlashAlternating","time":612,"angle":157.5},{"angleOffset":false,"type":"tag","tag":"bgFlashAlternating","time":614,"angle":157.5},{"angleOffset":false,"type":"tag","tag":"bgFlashAlternating","time":616,"angle":157.5},{"angleOffset":false,"type":"tag","tag":"bgFlashAlternating","time":618,"angle":157.5},{"angleOffset":false,"type":"tag","tag":"bgFlashAlternating","time":620,"angle":157.5},{"angleOffset":false,"type":"tag","tag":"bgFlashAlternating","time":622,"angle":157.5},{"angleOffset":false,"type":"tag","tag":"bgFlashAlternating","time":624,"angle":157.5},{"angleOffset":false,"type":"tag","tag":"bgFlashAlternating","time":626,"angle":157.5},{"angleOffset":false,"type":"tag","tag":"bgFlashAlternating","time":628,"angle":157.5},{"angleOffset":false,"type":"tag","tag":"bgFlashAlternating","time":630,"angle":157.5},{"angleOffset":false,"type":"tag","tag":"bgFlashAlternating","time":632,"angle":157.5},{"angleOffset":false,"type":"tag","tag":"bgFlashAlternating","time":634,"angle":157.5},{"angleOffset":false,"type":"tag","tag":"bgFlashAlternating","time":640,"angle":157.5},{"angleOffset":false,"type":"tag","tag":"bgFlashAlternating","time":642,"angle":157.5},{"angleOffset":false,"type":"tag","tag":"bgFlashAlternating","time":644,"angle":157.5},{"angleOffset":false,"type":"tag","tag":"bgFlashAlternating","time":646,"angle":157.5},{"angleOffset":false,"type":"tag","tag":"bgFlashAlternating","time":648,"angle":157.5},{"angleOffset":false,"type":"tag","tag":"bgFlashAlternating","time":650,"angle":157.5},{"angleOffset":false,"type":"tag","tag":"bgFlashAlternating","time":652,"angle":157.5},{"angleOffset":false,"type":"tag","tag":"bgFlashAlternating","time":654,"angle":157.5},{"angleOffset":false,"type":"tag","tag":"bgFlashAlternating","time":656,"angle":157.5},{"angleOffset":false,"type":"tag","tag":"bgFlashAlternating","time":658,"angle":157.5},{"angleOffset":false,"type":"tag","tag":"bgFlashAlternating","time":660,"angle":157.5},{"angleOffset":false,"type":"tag","tag":"bgFlashAlternating","time":662,"angle":157.5},{"angleOffset":false,"type":"tag","tag":"bgFlashAlternating","time":672,"angle":157.5},{"angleOffset":false,"type":"tag","tag":"bgFlashAlternating","time":674,"angle":157.5},{"angleOffset":false,"type":"tag","tag":"bgFlashAlternating","time":676,"angle":157.5},{"angleOffset":false,"type":"tag","tag":"bgFlashAlternating","time":678,"angle":157.5},{"angleOffset":false,"type":"tag","tag":"bgFlashAlternating","time":680,"angle":157.5},{"angleOffset":false,"type":"tag","tag":"bgFlashAlternating","time":682,"angle":157.5},{"angleOffset":false,"type":"tag","tag":"bgFlashAlternating","time":684,"angle":157.5},{"angleOffset":false,"type":"tag","tag":"bgFlashAlternating","time":686,"angle":157.5},{"angleOffset":false,"type":"tag","tag":"bgFlashAlternating","time":688,"angle":157.5},{"angleOffset":false,"type":"tag","tag":"bgFlashAlternating","time":690,"angle":157.5},{"angleOffset":false,"type":"tag","tag":"bgFlashAlternating","time":692,"angle":157.5},{"angleOffset":false,"type":"tag","tag":"bgFlashAlternating","time":694,"angle":157.5},{"angleOffset":false,"type":"tag","tag":"bgFlashAlternating","time":696,"angle":157.5},{"angleOffset":false,"type":"tag","tag":"bgFlashAlternating","time":698,"angle":157.5},{"angleOffset":false,"type":"tag","tag":"bgFlashAlternating","time":704,"angle":157.5},{"angleOffset":false,"type":"tag","tag":"bgFlashAlternating","time":706,"angle":157.5},{"angleOffset":false,"type":"tag","tag":"bgFlashAlternating","time":708,"angle":157.5},{"angleOffset":false,"type":"tag","tag":"bgFlashAlternating","time":710,"angle":157.5},{"angleOffset":false,"type":"tag","tag":"bgFlashAlternating","time":712,"angle":157.5},{"angleOffset":false,"type":"tag","tag":"bgFlashAlternating","time":714,"angle":157.5},{"angleOffset":false,"type":"tag","tag":"bgFlashAlternating","time":716,"angle":157.5},{"angleOffset":false,"type":"tag","tag":"bgFlashAlternating","time":718,"angle":157.5},{"angle":22.5,"g":255,"color":1,"duration":4,"b":255,"r":255,"type":"setColor","time":667},{"angle":22.5,"g":0,"color":1,"duration":1,"b":0,"r":0,"type":"setColor","time":671},{"angle":112.5,"g":0,"color":0,"duration":1,"b":0,"r":0,"type":"setColor","time":701},{"b":255,"r":255,"type":"setColor","angle":90,"g":255,"color":1,"time":701},{"angle":90,"time":703,"color":0,"duration":1,"b":255,"r":255,"type":"setColor","g":255},{"angle":112.5,"g":0,"color":1,"duration":1,"b":0,"r":0,"type":"setColor","time":703},{"enable":true,"type":"outline","angle":67.5,"time":701,"color":0},{"enable":true,"type":"outline","angle":67.5,"time":703,"color":2},{"angle":180,"time":720,"color":1,"b":71,"r":55,"type":"setColor","g":16,"order":0},{"angle":157.5,"time":720,"color":1,"duration":1,"b":0,"r":0,"type":"setColor","g":0},{"angle":180,"time":721.5,"color":1,"b":71,"r":55,"type":"setColor","order":0,"g":16},{"angle":157.5,"time":721.5,"color":1,"duration":1,"b":0,"r":0,"type":"setColor","g":0},{"angle":180,"time":723,"color":1,"b":71,"r":55,"type":"setColor","order":0,"g":16},{"angle":157.5,"time":723,"color":1,"duration":0.5,"b":0,"r":0,"type":"setColor","g":0},{"angle":180,"time":723.5,"color":1,"b":71,"r":55,"type":"setColor","order":0,"g":16},{"angle":157.5,"time":723.5,"color":1,"duration":1,"b":0,"r":0,"type":"setColor","g":0},{"angle":180,"time":724.5,"color":1,"b":71,"r":55,"type":"setColor","order":0,"g":16},{"angle":157.5,"time":724.5,"color":1,"duration":1,"b":0,"r":0,"type":"setColor","g":0},{"angle":180,"time":732,"color":1,"duration":5,"b":255,"r":255,"type":"setColor","g":255},{"angle":157.5,"time":736,"color":1,"duration":32,"b":0,"r":0,"type":"setColor","g":0},{"angle":135,"g":0,"color":2,"duration":64,"b":0,"r":0,"type":"setColor","time":736},{"angle":112.5,"g":0,"color":3,"duration":64,"b":0,"r":0,"type":"setColor","time":736},{"value":0.25,"type":"ease","angle":90,"time":736,"var":"scrollSpeed","duration":64},{"value":2,"type":"ease","angle":135,"time":604,"var":"vfx.tapPulseStrength","duration":1},{"value":0.75,"type":"ease","angle":45,"time":636,"var":"vfx.tapPulsePeriod"},{"value":1,"type":"ease","angle":315,"time":639,"var":"vfx.tapPulsePeriod"},{"value":0,"angle":135,"time":608,"var":"vfx.noteXSkew","duration":1,"start":0.20000000298023,"type":"ease","repeats":63,"repeatDelay":2},{"value":0,"repeats":63,"time":608,"var":"vfx.noteYSkew","duration":1,"start":0.20000000298023,"type":"ease","angle":112.5,"repeatDelay":2},{"value":0,"repeats":63,"repeatDelay":2,"var":"vfx.noteXSkew","duration":1,"start":-0.20000000298023,"type":"ease","angle":135,"time":609},{"value":0,"angle":112.5,"repeatDelay":2,"var":"vfx.noteYSkew","duration":1,"start":-0.20000000298023,"type":"ease","repeats":63,"time":609}],"metadata":{"bgData":{"blueChannel":{"b":255,"g":0,"r":143},"redChannel":{"b":255,"g":120,"r":0},"image":"quaoarBG.png"},"description":"Uses Sides, Taps, and Holds\n\nFlashing lights warning near the end.","bg":true,"artistLink":"https://www.youtube.com/@Cametek.CamelliaOfficial","songName":"Quaoar","artist":"Camellia","charter":"DawnAndNight","difficulty":9},"properties":{"offset":8,"speed":65,"startBeat":0,"formatversion":10}}