[{"angle":0,"time":1,"type":"block"},{"angle":360,"time":45,"type":"block"},{"angle":0,"time":46,"type":"block"},{"angle":360,"time":47,"type":"block"},{"angle":0,"time":48,"type":"block"},{"angle":360,"time":51,"type":"block"},{"angle":0,"time":0.5,"type":"block"},{"angle":0,"time":2,"type":"block"},{"angle":337.5,"time":2.5,"type":"block"},{"angle":315,"time":3,"type":"block"},{"angle":22.5,"time":1.5,"type":"side"},{"angle":45,"time":3.5,"type":"block"},{"angle":0,"time":5,"type":"block"},{"angle":0,"time":5.5,"type":"block"},{"angle":360,"time":6.5,"type":"block"},{"angle":360,"time":1.5,"duration":1.5,"type":"mineHold","angle2":292.5},{"angle":337.5,"time":11,"type":"block"},{"angle":315,"time":11.5,"type":"block"},{"angle":337.5,"time":12,"type":"block"},{"angle":0,"time":13.5,"type":"block"},{"angle":22.5,"time":14,"type":"side"},{"angle":0,"time":14.5,"type":"block"},{"angle":360,"time":15,"type":"block","tap":true},{"angle":337.5,"time":15.5,"type":"block"},{"angle":315,"time":16,"type":"block"},{"angle":292.5,"time":16.5,"type":"block"},{"angle":270,"time":17,"type":"block"},{"angle":247.5,"time":17.5,"type":"block"},{"angle":225,"time":18,"type":"block"},{"angle":202.5,"time":18.5,"type":"block"},{"angle":180,"time":19,"type":"block"},{"angle":157.5,"time":19.5,"type":"block"},{"angle":135,"time":20,"type":"block"},{"angle":112.5,"time":20.5,"type":"block"},{"angle":90,"time":21,"type":"block"},{"angle":67.5,"time":21.5,"type":"block"},{"angle":45,"time":22,"type":"block"},{"angle":22.5,"time":22.5,"type":"block"},{"angle":337.5,"time":15,"type":"extraTap"},{"angle":360,"time":6,"duration":1.5,"type":"mineHold","angle2":427.5},{"angle":0,"time":10,"duration":1.5,"type":"mineHold","angle2":-67.5},{"angle":0,"time":10.5,"type":"block"},{"angle":0,"time":13,"type":"block"},{"angle":22.5,"time":10,"type":"side"},{"angle":360,"time":9,"type":"block"},{"angle":0,"time":9.5,"type":"block"},{"angle":337.5,"time":6,"type":"side"},{"angle":22.5,"time":7,"type":"block"},{"angle":45,"time":7.5,"type":"block"},{"angle":337.5,"time":8,"type":"side"},{"angle":22.5,"time":8.5,"type":"side"},{"angle":0,"time":24,"type":"block"},{"angle":0,"time":23,"duration":1.5,"type":"hold","angle2":0},{"angle":0,"time":25,"duration":2,"type":"hold","angle2":67.5},{"angle":45,"time":26,"type":"block"},{"angle":22.5,"time":25.5,"type":"block"},{"angle":67.5,"time":27,"duration":1,"type":"hold","angle2":-180},{"angle":337.5,"time":23.5,"type":"block"},{"angle":22.5,"time":24,"type":"block"},{"angle":67.5,"time":26.799999237061,"type":"block"},{"angle":180,"time":28,"duration":2,"startTap":true,"type":"hold","angle2":180},{"angle":112.5,"time":31,"type":"side"},{"angle":150,"time":28.5,"type":"block"},{"angle":210,"time":29,"type":"block"},{"angle":150,"time":29.5,"type":"block"},{"angle":210,"time":30,"type":"block"},{"angle":112.5,"time":31.5,"type":"mine"},{"angle":45,"time":32,"duration":1,"type":"hold","angle2":0},{"angle":45,"time":31.89999961853,"type":"block"},{"angle":337.5,"time":33.5,"type":"block"},{"angle":0,"time":32,"duration":1,"type":"mineHold","angle2":-22.5},{"angle":0,"time":33.299999237061,"duration":0.36000001430511,"type":"mineHold","angle2":45},{"angle":22.5,"time":32.5,"type":"block"},{"angle":22.5,"time":34,"duration":1,"type":"hold","angle2":247.5},{"angle":247.5,"time":35,"duration":1,"type":"hold","angle2":270},{"angle":225,"time":36,"type":"block"},{"angle":292.5,"time":35,"type":"side"},{"angle":135,"time":34.5,"type":"block"},{"angle":262,"time":35.669998168945,"type":"block"},{"angle":225,"time":36,"duration":1,"type":"hold","angle2":180},{"angle":202.5,"time":35.5,"type":"side"},{"angle":202.5,"time":36.5,"type":"block"},{"angle":195,"time":36,"duration":0.40000000596046,"type":"mineHold","angle2":180},{"angle":135,"time":37.5,"type":"block"},{"angle":135,"time":37,"type":"side"},{"angle":90,"time":38,"type":"side"},{"angle":90,"time":38.5,"type":"block"},{"angle":45,"time":39.5,"type":"block"},{"angle":45,"time":39,"type":"side"},{"angle":45,"time":40.5,"type":"side"},{"angle":315,"time":43,"type":"side","tap":true},{"angle":315,"time":43.5,"duration":1,"type":"hold","angle2":0},{"angle":157.5,"time":44,"type":"block"},{"angle":315,"time":40,"type":"side"},{"angle":360,"time":44.5,"type":"block"},{"angle":315,"time":45,"speedMult":2,"endAngle":0,"type":"inverse","tap":true},{"angle":22.5,"time":45,"duration":1,"type":"hold","angle2":-22.5},{"angle":337.5,"time":45,"duration":1,"type":"hold","angle2":382.5},{"angle":0,"time":45.5,"duration":2.5,"type":"hold","angle2":0},{"angle":22.5,"time":48,"type":"side"},{"angle":337.5,"time":47,"type":"side"},{"angle":0,"time":46.5,"type":"block"},{"angle":337.5,"time":47.5,"type":"block"},{"angle":22.5,"time":46.5,"type":"block"},{"angle":360,"time":47.5,"type":"block"},{"angle":292.5,"time":43,"speedMult":1,"type":"extraTap"},{"angle":22.5,"time":48.5,"type":"block"},{"angle":270,"time":27.5,"type":"side"},{"angle":0,"time":49,"duration":1,"type":"hold","angle2":90},{"angle":67.5,"time":49.75,"type":"block"},{"angle":315,"time":51.5,"type":"block"},{"angle":67.5,"time":52,"type":"block"},{"angle":337.5,"time":53,"type":"block"},{"angle":45,"time":53.5,"type":"block"},{"angle":22.5,"time":54,"type":"block"},{"angle":22.5,"time":52.5,"type":"block"},{"angle":360,"time":50.5,"type":"side"},{"angle":315,"time":51,"type":"side"},{"angle":0,"time":54.5,"type":"block"},{"angle":337.5,"time":55,"duration":1,"type":"hold","angle2":0},{"angle":360,"time":56.5,"type":"block"},{"angle":337.5,"time":56.5,"type":"block"},{"angle":315,"time":56.5,"type":"block"},{"angle":337.5,"time":56.700000762939,"type":"block"},{"angle":22.5,"time":57,"type":"block"},{"angle":45,"time":57.5,"type":"block"},{"angle":67.5,"time":58,"type":"block"},{"angle":22.5,"time":59,"duration":1,"type":"hold","angle2":360},{"angle":22.5,"time":58.5,"type":"block"},{"angle":315,"time":41.5,"type":"side"},{"angle":45,"time":42,"type":"side"},{"angle":337.5,"time":60.5,"type":"block"},{"angle":360,"time":60.700000762939,"type":"block"},{"angle":22.5,"time":60.5,"type":"block"},{"angle":360,"time":60.5,"type":"block"},{"angle":337.5,"time":61,"type":"block"},{"angle":315,"time":61.5,"type":"block"},{"angle":292.5,"time":62.200000762939,"type":"block"},{"angle":292.5,"time":62,"type":"block"},{"angle":270,"time":62.5,"type":"block"},{"angle":247.5,"time":64,"type":"side"},{"angle2":360,"time":64.5,"duration":1.5,"type":"hold","angle":270},{"angle":292.5,"time":63.5,"type":"side"},{"angle":225,"time":63,"type":"side"},{"angle":337.5,"time":65.5,"type":"block"},{"angle":330,"time":65.400001525879,"type":"block"},{"angle":0,"time":71,"duration":1,"startTap":true,"endTap":true,"type":"hold","angle2":90},{"angle":22.5,"time":71,"duration":1,"startTap":true,"endTap":true,"type":"hold","angle2":112.5},{"angle":70,"time":71.5,"type":"block"},{"angle":45,"time":71.5,"type":"block"},{"angle":90,"time":71.76000213623,"type":"block"},{"angle":70,"time":71.800003051758,"type":"block"},{"angle":112.5,"time":72.5,"duration":1,"endTap":true,"type":"hold","angle2":-90},{"angle":22.5,"time":73,"type":"block"},{"angle":315,"time":73.230003356934,"type":"block"},{"angle2":0,"time":74,"duration":1,"endTap":true,"type":"hold","angle":247.5},{"angle":112.5,"time":74.5,"type":"block"},{"angle":360,"time":75,"duration":1,"startTap":true,"endTap":true,"type":"hold","angle2":540},{"angle":22.5,"time":75,"type":"side"},{"angle":57,"time":75.300003051758,"type":"block"},{"angle":135,"time":75.75,"type":"block"},{"angle":67.5,"time":77,"type":"block"},{"angle":315,"time":77.5,"type":"block"},{"angle":225,"time":78,"type":"block"},{"angle":112.5,"time":78.5,"type":"block"},{"angle2":270,"time":79,"duration":2.5,"startTap":true,"type":"hold","angle":360},{"angle":288,"time":81,"type":"block"},{"angle":270,"time":82,"type":"block"},{"angle":305,"time":80.5,"type":"block"},{"angle":180,"time":76.5,"duration":2.5,"type":"hold","angle2":-360},{"angle":315,"time":79.5,"type":"side"},{"angle":354,"time":79.199996948242,"type":"block"},{"angle":315,"time":79.800003051758,"type":"block"},{"angle":292.5,"time":82.5,"type":"block"},{"angle":315,"time":83,"type":"block"},{"angle":337.5,"time":83.5,"type":"block"},{"angle":315,"time":84,"type":"block"},{"angle":292.5,"time":84.5,"type":"block"},{"angle":247.5,"time":85.5,"type":"block"},{"angle":225,"time":86,"type":"block"},{"angle":202.5,"time":86.5,"type":"block"},{"angle":337.5,"time":83,"type":"side"},{"angle":270,"time":85,"type":"block"},{"angle":202.5,"time":86,"type":"side"},{"angle2":90,"time":86.5,"duration":1,"type":"hold","angle":202.5},{"angle":125,"time":87.199996948242,"type":"block"},{"angle":180,"time":86.699996948242,"type":"block"},{"angle2":90,"time":88,"duration":3,"type":"hold","angle":90},{"angle":67.5,"time":88,"type":"side"},{"angle2":-270,"time":91,"duration":1,"type":"hold","angle":90},{"angle":135,"time":88.5,"type":"side"},{"angle":45,"time":89.5,"type":"side"},{"angle":112.5,"time":90,"type":"side"},{"angle":67.5,"time":92.5,"type":"block"},{"angle":292.5,"time":93,"type":"block"},{"angle":247.5,"time":93.5,"type":"block"},{"angle":112.5,"time":94,"type":"block"},{"angle":90,"time":94.5,"type":"block"},{"angle":67.5,"time":94.800003051758,"duration":1,"type":"hold","angle2":67.5},{"angle":67.5,"time":96,"type":"block"},{"angle":45,"time":95.5,"type":"side"},{"angle2":-45,"time":96.5,"duration":1,"type":"hold","angle":45},{"angle":315,"time":97.5,"duration":0.30000001192093,"type":"hold","angle2":405},{"angle":0,"time":97.699996948242,"type":"block"},{"angle":45,"time":98,"type":"block"},{"angle":45,"time":98,"duration":1,"type":"hold","angle2":-45},{"angle2":-157.5,"time":99.5,"duration":0.5,"type":"mineHold","angle":22.5},{"angle":157.5,"time":100,"duration":1,"type":"hold","angle2":180},{"angle":157.5,"time":99.800003051758,"type":"block"},{"angle":169,"time":100.5,"type":"block"},{"angle":202.5,"time":101.19999694824,"type":"block"},{"angle":247.5,"time":101.5,"type":"block"},{"angle":0,"time":102,"type":"block"},{"angle":315,"time":101.80000305176,"type":"block"},{"angle":270,"time":102.5,"type":"block"},{"angle":225,"time":103,"type":"block"},{"angle":247.5,"time":102.5,"type":"side"},{"angle":202.5,"time":103.5,"duration":0.5,"type":"hold","angle2":45},{"angle":300,"time":106,"type":"side"},{"angle2":270,"time":105,"duration":4,"type":"mineHold","angle":270},{"angle2":90,"time":105,"duration":4,"type":"mineHold","angle":90},{"angle":360,"time":106.5,"duration":0.5,"type":"hold","angle2":292.5},{"angle2":405,"time":107,"duration":0.5,"type":"hold","angle":292.5},{"angle2":-45,"time":107.5,"duration":0.5,"type":"hold","angle":45},{"angle2":382.5,"time":108,"duration":0.5,"type":"hold","angle":315},{"angle":67.5,"time":105.5,"type":"side"},{"angle":22.5,"time":104,"type":"side"},{"angle":337.5,"time":104.5,"type":"side"},{"angle":292.5,"time":105,"type":"side"},{"angle2":67.5,"time":108.5,"duration":0.5,"type":"hold","angle":22.5},{"angle":67.5,"time":109,"duration":0.5,"type":"hold","angle2":-22.5},{"angle":337.5,"time":109.5,"duration":0.5,"type":"hold","angle2":270},{"angle":270,"time":110.5,"type":"block"},{"angle":247.5,"time":110.80000305176,"type":"block"},{"angle":270,"time":111.5,"type":"block"},{"angle":292.5,"time":111.80000305176,"type":"block"},{"angle2":427.5,"time":112,"duration":1,"type":"hold","angle":315},{"angle":67.5,"time":113.30000305176,"type":"block"},{"angle2":67.5,"time":113.5,"duration":1,"type":"hold","angle":67.5}]