{"metadata":{"artistLink":"https://open.spotify.com/artist/12xc327EsVjOW5LepkAus5?si=HIioFHcwRUW8XZMzrmM6SQ","difficulty":7,"artist":"NoLongerNull","charter":"@Exurea & @.vived","bg":true,"description":"This ost is a jojo reference","songName":"Knock Knock","bgData":{"blueChannel":{"b":255,"r":0,"g":30},"image":"a.png","redChannel":{"b":0,"r":255,"g":0}}},"events":[{"angle":-44,"time":0,"duration":0.5,"newWidth":30,"ease":"linear","type":"paddles","paddle":1},{"angle":0,"time":0,"bpm":160,"volume":1,"file":"KnockKnock.ogg","type":"play"},{"angle":22.5,"time":15,"bpm":730,"type":"setBPM"},{"angle":45,"time":15,"duration":0,"newWidth":70,"ease":"linear","type":"paddles","paddle":1},{"angle":337.5,"time":23,"bpm":170,"type":"setBPM"},{"enable":true,"time":10.5,"order":0,"type":"hom","angle":315},{"time":23,"duration":3,"color":0,"r":0,"g":0,"angle":292.5,"order":1,"b":0,"type":"setColor"},{"angle":315,"time":23,"color":0,"type":"setBgColor"},{"time":23,"color":1,"r":255,"g":255,"angle":270,"order":2,"b":255,"type":"setColor"},{"time":15,"color":1,"r":255,"g":255,"angle":315,"order":2,"b":255,"type":"setColor"},{"angle":22.5,"time":23,"chance":0.93999999761581,"color":1,"type":"noise"},{"time":0,"duration":15,"color":0,"r":140,"g":0,"angle":247.5,"b":0,"type":"setColor"},{"angle":90,"time":15,"start":1,"duration":4,"value":1.5,"type":"ease","var":"vfx.canvPos.sx"},{"angle":112.5,"time":15,"start":1,"duration":4,"value":1.5,"type":"ease","var":"vfx.canvPos.sy"},{"enable":false,"time":15,"type":"hom","angle":292.5},{"time":15,"color":0,"r":0,"g":0,"angle":270,"order":1,"b":0,"type":"setColor"},{"angle":247.5,"time":15,"color":0,"type":"setBgColor"},{"angle":45,"time":23,"start":1.5,"duration":0.80000001192093,"value":1,"type":"ease","var":"vfx.canvPos.sy"},{"angle":67.5,"time":23,"start":1.5,"duration":0.80000001192093,"value":1,"type":"ease","var":"vfx.canvPos.sx"},{"angle":135,"time":15,"start":0,"duration":8,"value":30,"type":"ease","var":"vfx.canvPos.r"},{"angle":112.5,"time":23,"start":30,"duration":0.80000001192093,"value":0,"type":"ease","var":"vfx.canvPos.r"},{"angle":67.5,"time":15,"start":1,"duration":8,"value":3.2000000476837,"type":"ease","var":"vfx.pixelate"},{"angle":135,"time":23,"start":3.2000000476837,"duration":0.80000001192093,"value":1,"type":"ease","var":"vfx.pixelate"},{"angle":157.5,"time":30.5,"duration":1,"newWidth":20,"ease":"linear","type":"paddles","paddle":1},{"angle":292.5,"time":33.5,"duration":0.5,"newWidth":70,"ease":"linear","type":"paddles","paddle":1},{"enable":true,"time":56,"color":1,"type":"outline","angle":315},{"angle":360,"time":55,"start":1,"var":"vfx.canvPos.sx","value":1.2999999523163,"type":"ease","duration":1},{"angle":22.5,"time":55,"start":1,"var":"vfx.canvPos.sy","value":1.2999999523163,"type":"ease","duration":1},{"angle":337.5,"time":59,"start":1.2999999523163,"var":"vfx.canvPos.sx","value":1.7000000476837,"type":"ease","duration":1},{"angle":0,"time":59,"start":1.2999999523163,"var":"vfx.canvPos.sy","value":1.7000000476837,"type":"ease","duration":1},{"angle":22.5,"time":66,"start":0,"var":"vfx.hglitch.strength","value":10,"type":"ease","duration":3},{"time":15,"name":"Spiral","r":0,"g":0,"angle":225,"b":0,"description":"","type":"bookmark"},{"angle":45,"time":66,"start":1.6000000238419,"duration":4,"value":10,"type":"ease","var":"vfx.canvPos.sx"},{"angle":67.5,"time":66,"start":1.6000000238419,"var":"vfx.canvPos.sy","value":10,"type":"ease","duration":4},{"angle":90,"time":66,"start":1,"duration":4,"value":50,"type":"ease","var":"vfx.pixelate"},{"angle":112.5,"time":66,"start":1,"duration":4,"value":360,"type":"ease","var":"vfx.canvPos.r"},{"angle":22.5,"time":69.5,"start":10,"var":"vfx.canvPos.sx","value":1,"type":"ease","duration":1},{"angle":45,"time":69.5,"start":10,"duration":1,"value":1,"type":"ease","var":"vfx.canvPos.sy"},{"angle":67.5,"time":69.5,"start":50,"var":"vfx.pixelate","value":1,"type":"ease","duration":1},{"angle":90,"time":69.5,"start":10,"duration":0,"value":1,"type":"ease","var":"vfx.hglitch.strength"},{"angle":292.5,"time":70,"chance":0,"color":0,"type":"noise"},{"angle":22.5,"time":114.5,"start":0,"duration":15,"value":1500,"type":"ease","var":"vfx.hglitch.strength"},{"angle":315,"time":122.5,"start":1,"var":"vfx.canvPos.sy","value":0,"type":"ease","duration":1},{"enable":true,"time":114.5,"type":"hom","angle":337.5},{"angle":360,"time":123.40000152588,"type":"showResults"}],"properties":{"startBeat":0,"speed":70,"formatversion":12,"offset":8}}