{"properties":{"speed":70,"offset":8,"startBeat":0,"loadBeat":0,"formatversion":12},"events":[{"time":1,"angle":180,"bpm":147,"type":"play","file":"ck.ogg","volume":1},{"time":0,"angle":45,"type":"setBgColor","color":2},{"r":53,"angle":360,"g":72,"time":0,"type":"setColor","b":162,"color":3},{"r":255,"angle":270,"g":255,"time":0,"type":"setColor","b":255,"color":1},{"r":85,"angle":225,"g":133,"time":0,"type":"setColor","b":189,"color":0},{"r":0,"angle":315,"g":0,"time":0,"type":"setColor","b":0,"color":2},{"time":261,"angle":360,"type":"showResults"},{"y":-110,"time":27,"angle":45,"type":"deco","id":"castle2","drawLayer":"bg","ox":160,"oy":110,"sprite":"castleclose.png"},{"sx":1.5,"sy":1.5,"time":27.5,"angle":45,"duration":13.5,"y":150,"ease":"linear","id":"castle2","type":"deco"},{"sx":10,"sy":10,"time":91,"angle":180,"duration":12,"y":-300,"ease":"inQuint","id":"castle2","type":"deco"},{"time":103.5,"angle":22.5,"hide":true,"type":"deco","id":"castle2"},{"sprite":"castlearena.png","sx":1.8700000047684,"y":560,"drawOrder":2,"time":103,"angle":135,"sy":1.8700000047684,"id":"arena","drawLayer":"bg","type":"deco","oy":120,"ox":160},{"r":0,"angle":157.5,"g":0,"time":103,"type":"setColor","b":0,"color":3},{"time":103.5,"angle":135,"duration":4,"y":220,"ease":"inOutSine","id":"arena","type":"deco"},{"time":225.5,"angle":67.5,"duration":5,"y":600,"ease":"linear","id":"arena","type":"deco"},{"r":65,"b":133,"color":0,"time":103.5,"angle":67.5,"duration":4,"type":"setColor","ease":"linear","g":65},{"sx":1.5,"sy":1.5,"ox":51,"time":0,"angle":90,"y":60,"id":"castle1","drawLayer":"bg","type":"deco","oy":48,"sprite":"castlefar!animate"},{"sx":0,"sy":0,"time":11,"angle":337.5,"duration":21,"y":-75,"ease":"linear","id":"castle1","type":"deco"},{"time":27,"angle":67.5,"hide":true,"type":"deco","id":"castle1"},{"r":39,"b":63,"color":3,"time":103.5,"angle":45,"duration":4,"type":"setColor","ease":"linear","g":41},{"drawOrder":1,"sx":2,"y":0,"sprite":"fountain!animate","time":103,"angle":112.5,"sy":8,"ox":82.5,"drawLayer":"bg","type":"deco","id":"fountain","recolor":3},{"sx":1.8700000047684,"sy":1.8700000047684,"time":103.5,"angle":112.5,"y":0,"duration":8,"id":"fountain","type":"deco","oy":0,"ease":"inOutSine"},{"sx":3,"sy":11,"time":225.5,"angle":90,"duration":5,"ease":"linear","id":"fountain","type":"deco"},{"r":0,"b":0,"color":3,"time":259,"angle":22.5,"duration":2,"type":"setColor","ease":"linear","g":0}],"metadata":{"charter":"Spookeegie","artist":"Toby Fox","bgData":{"blueChannel":{"r":85,"b":189,"g":133},"image":"chaosbg.png","redChannel":{"r":50,"b":50,"g":50}},"artistLink":"","songName":"Chaos King","description":"My fourth chart!\n\nAnother chart with no taps or inverses. Not too hard in my opinion, but has a few fast turns.\n\n(I wanted to do more with the decorations but after a while of troubleshooting I decided just to release it as is...)","difficulty":0,"bg":true}}