[{"time":7,"type":"block","angle":90},{"time":7.5,"type":"block","angle":45},{"time":8.5,"type":"block","angle":45},{"time":9.5,"type":"block","angle":112.5},{"time":7,"type":"extraTap","angle":112.5},{"time":10.5,"type":"block","angle":315},{"time":11,"type":"block","angle":337.5},{"time":11,"type":"extraTap","angle":360},{"time":11.5,"type":"block","angle":337.5},{"time":12.5,"angle":337.5,"angle2":270,"duration":1,"type":"hold"},{"time":14.5,"type":"block","angle":270},{"time":15,"type":"block","angle":-45},{"time":15.5,"type":"block","angle":0},{"time":16.5,"type":"block","angle":0},{"time":17.5,"type":"block","angle":-67.5},{"time":15,"type":"extraTap","angle":-67.5},{"time":18.5,"type":"block","angle":-270},{"time":19,"type":"block","angle":-292.5},{"time":19,"type":"extraTap","angle":-315},{"time":19.5,"type":"block","angle":-292.5},{"time":20.5,"angle":-292.5,"angle2":-225,"duration":1,"type":"hold"},{"time":22.5,"type":"block","angle":-225},{"time":23,"angle":90,"angle2":135,"duration":1,"type":"hold"},{"time":24,"angle":135,"angle2":180,"duration":1,"type":"hold"},{"time":25,"angle":180,"angle2":90,"duration":1,"type":"hold"},{"time":26,"angle":90,"angle2":112.5,"duration":2,"type":"hold"},{"time":29,"type":"block","angle":67.5},{"time":29.5,"type":"block","angle":135},{"time":31,"angle":247.5,"angle2":225,"duration":0.75,"type":"hold"},{"time":31.75,"angle":247.5,"angle2":270,"duration":0.75,"type":"hold"},{"time":33,"angle":247.5,"angle2":360,"duration":2,"type":"hold"},{"time":35.5,"type":"block","angle":90},{"time":36,"type":"block","angle":0},{"time":36.5,"type":"block","angle":135},{"time":37,"type":"block","angle":292.5},{"time":37.5,"type":"block","angle":0},{"time":39,"angle":0,"angle2":67.5,"duration":0.75,"type":"hold"},{"time":40.5,"type":"block","angle":135},{"time":41,"angle":135,"angle2":45,"duration":2,"type":"hold"},{"time":43,"type":"block","angle":45},{"time":43.5,"type":"block","angle":45},{"time":44,"type":"block","angle":112.5},{"time":44.5,"type":"block","angle":360},{"time":45,"type":"side","angle":90},{"time":45.5,"type":"block","angle":135},{"time":47,"angle":45,"angle2":90,"duration":1.5,"type":"hold"},{"time":47,"angle":67.5,"angle2":112.5,"duration":1.5,"type":"hold"},{"time":47,"angle":90,"angle2":135,"duration":1.5,"type":"hold"},{"time":48.5,"angle":90,"angle2":112.5,"duration":4.5,"type":"hold"},{"time":48.5,"angle":112.5,"angle2":112.5,"duration":4.5,"type":"hold"},{"time":48.5,"angle":135,"angle2":112.5,"duration":4.5,"type":"hold"},{"time":56.5,"type":"block","angle":112.5},{"time":56.75,"type":"block","angle":67.5},{"time":57.75,"type":"block","angle":360},{"time":57,"type":"side","angle":135},{"time":58.5,"type":"side","angle":292.5},{"time":59.75,"type":"side","angle":112.5},{"time":60,"type":"side","angle":67.5},{"time":60.25,"type":"block","angle":112.5},{"time":60.5,"type":"block","angle":67.5},{"time":61,"angle":67.5,"angle2":112.5,"duration":0.5,"type":"hold"},{"time":62.25,"type":"hold","angle2":337.5,"duration":0.5,"angle":292.5},{"time":63.5,"angle":67.5,"type":"hold","duration":0.75,"angle2":157.5},{"time":64.25,"angle":157.5,"type":"hold","duration":0.5,"angle2":247.5},{"time":67,"type":"hold","angle":45,"duration":0.5,"angle2":67.5},{"time":67,"angle":45,"type":"hold","duration":0.5,"angle2":45},{"time":67,"angle":45,"type":"hold","duration":0.5,"angle2":22.5},{"time":67.5,"angle":22.5,"angle2":67.5,"duration":0.5,"type":"hold"},{"time":67.5,"angle":67.5,"angle2":45,"duration":0.5,"type":"hold"},{"time":67.5,"angle":45,"angle2":22.5,"duration":0.5,"type":"hold"},{"time":68,"angle":67.5,"angle2":45,"duration":0.5,"type":"hold"},{"time":68,"angle":45,"angle2":22.5,"duration":0.5,"type":"hold"},{"time":68,"angle":22.5,"angle2":67.5,"duration":0.5,"type":"hold"},{"time":68.5,"angle":22.5,"angle2":67.5,"duration":0.5,"type":"hold"},{"time":68.5,"angle":45,"angle2":22.5,"duration":0.5,"type":"hold"},{"time":68.5,"angle":67.5,"angle2":45,"duration":0.5,"type":"hold"},{"time":69,"angle":67.5,"angle2":45,"duration":0.5,"type":"hold"},{"time":69,"angle":45,"angle2":22.5,"duration":0.5,"type":"hold"},{"time":69,"angle":22.5,"angle2":67.5,"duration":0.5,"type":"hold"},{"time":69.5,"angle":67.5,"angle2":45,"duration":0.5,"type":"hold"},{"time":69.5,"angle":45,"angle2":22.5,"duration":0.5,"type":"hold"},{"time":69.5,"angle":22.5,"angle2":67.5,"duration":0.5,"type":"hold"},{"time":70,"angle":67.5,"angle2":45,"duration":0.5,"type":"hold"},{"time":70,"angle":45,"angle2":22.5,"duration":0.5,"type":"hold"},{"time":70,"angle":22.5,"angle2":67.5,"duration":0.5,"type":"hold"},{"time":72.25,"type":"hold","angle":112.5,"duration":0.25,"angle2":45},{"time":72.5,"type":"hold","angle":45,"duration":0.25,"angle2":112.5},{"time":72.75,"duration":0.75,"type":"hold","holdEase":"inQuart","angle2":270,"angle":112.5},{"time":73.5,"angle":270,"angle2":202.5,"duration":0.75,"type":"hold"},{"time":74.25,"duration":1.75,"angle2":360,"holdEase":"inElastic","type":"hold","angle":202.5},{"time":76,"angle":360,"angle2":427.5,"duration":0.25,"type":"hold"},{"time":76.25,"angle":67.5,"angle2":0,"duration":0.25,"type":"hold"},{"time":77,"type":"extraTap","angle":45},{"time":76.5,"type":"hold","angle2":495,"duration":1,"angle":360},{"time":77.5,"angle":135,"type":"hold","duration":0.5,"angle2":45},{"time":78,"angle":45,"type":"hold","duration":0.5,"angle2":-90},{"time":79,"startTap":true,"endTap":true,"type":"hold","angle":270,"angle2":405,"duration":0.75},{"time":80.5,"startTap":true,"endTap":true,"angle":45,"angle2":-112.5,"type":"hold","duration":0.5},{"time":82.75,"angle":90,"angle2":67.5,"duration":0.5,"type":"mineHold"},{"time":82.75,"angle":112.5,"angle2":90,"duration":0.5,"type":"mineHold"},{"time":82.75,"angle":135,"angle2":112.5,"duration":0.5,"type":"mineHold"},{"time":82.75,"angle":315,"angle2":292.5,"duration":0.5,"type":"mineHold"},{"time":82.75,"angle":292.5,"angle2":270,"duration":0.5,"type":"mineHold"},{"time":82.75,"angle":157.5,"angle2":135,"duration":0.5,"type":"mineHold"},{"time":82.75,"angle":180,"angle2":157.5,"duration":0.5,"type":"mineHold"},{"time":82.75,"angle":202.5,"angle2":180,"duration":0.5,"type":"mineHold"},{"time":82.75,"angle":225,"angle2":202.5,"duration":0.5,"type":"mineHold"},{"time":82.75,"angle":247.5,"angle2":225,"duration":0.5,"type":"mineHold"},{"time":82.75,"type":"mineHold","angle":270,"duration":0.5,"angle2":247.5},{"time":83.25,"angle":292.5,"angle2":315,"duration":0.5,"type":"mineHold"},{"time":83.25,"angle":270,"angle2":292.5,"duration":0.5,"type":"mineHold"},{"time":83.25,"angle":247.5,"angle2":270,"duration":0.5,"type":"mineHold"},{"time":83.25,"angle":225,"angle2":247.5,"duration":0.5,"type":"mineHold"},{"time":83.25,"angle":202.5,"angle2":225,"duration":0.5,"type":"mineHold"},{"time":83.25,"angle":180,"angle2":202.5,"duration":0.5,"type":"mineHold"},{"time":83.25,"angle":157.5,"angle2":180,"duration":0.5,"type":"mineHold"},{"time":83.25,"angle":135,"angle2":157.5,"duration":0.5,"type":"mineHold"},{"time":83.25,"angle":112.5,"angle2":135,"duration":0.5,"type":"mineHold"},{"time":83.25,"angle":90,"angle2":112.5,"duration":0.5,"type":"mineHold"},{"time":83.25,"angle":67.5,"angle2":90,"duration":0.5,"type":"mineHold"},{"time":82.75,"angle":22.5,"angle2":0,"duration":0.5,"type":"hold"},{"time":83.25,"angle":360,"angle2":382.5,"duration":0.5,"type":"hold"},{"time":83.75,"angle":22.5,"angle2":0,"duration":0.5,"type":"hold"},{"time":83.75,"angle":315,"angle2":292.5,"duration":0.5,"type":"mineHold"},{"time":83.75,"angle":292.5,"angle2":270,"duration":0.5,"type":"mineHold"},{"time":83.75,"angle":270,"angle2":247.5,"duration":0.5,"type":"mineHold"},{"time":83.75,"angle":247.5,"angle2":225,"duration":0.5,"type":"mineHold"},{"time":83.75,"angle":225,"angle2":202.5,"duration":0.5,"type":"mineHold"},{"time":83.75,"angle":202.5,"angle2":180,"duration":0.5,"type":"mineHold"},{"time":83.75,"angle":180,"angle2":157.5,"duration":0.5,"type":"mineHold"},{"time":83.75,"angle":157.5,"angle2":135,"duration":0.5,"type":"mineHold"},{"time":83.75,"angle":135,"angle2":112.5,"duration":0.5,"type":"mineHold"},{"time":83.75,"angle":112.5,"angle2":90,"duration":0.5,"type":"mineHold"},{"time":83.75,"angle":90,"angle2":67.5,"duration":0.5,"type":"mineHold"},{"time":84.25,"type":"mineHold","angle":-67.5,"duration":0.5,"angle2":-45},{"time":84.25,"type":"mineHold","angle":-90,"duration":0.5,"angle2":-67.5},{"time":84.25,"type":"mineHold","angle":-112.5,"duration":0.5,"angle2":-90},{"time":84.25,"type":"mineHold","angle":-292.5,"duration":0.5,"angle2":-270},{"time":84.25,"type":"mineHold","angle":-270,"duration":0.5,"angle2":-247.5},{"time":84.25,"type":"mineHold","angle":-135,"duration":0.5,"angle2":-112.5},{"time":84.25,"type":"mineHold","angle":-157.5,"duration":0.5,"angle2":-135},{"time":84.25,"type":"mineHold","angle":-180,"duration":0.5,"angle2":-157.5},{"time":84.25,"type":"mineHold","angle":-202.5,"duration":0.5,"angle2":-180},{"time":84.25,"type":"mineHold","angle":-225,"duration":0.5,"angle2":-202.5},{"time":84.25,"angle":-247.5,"type":"mineHold","duration":0.5,"angle2":-225},{"time":84.75,"angle2":-292.5,"angle":-270,"duration":0.5,"type":"mineHold"},{"time":84.75,"angle2":-270,"angle":-247.5,"duration":0.5,"type":"mineHold"},{"time":84.75,"angle2":-247.5,"angle":-225,"duration":0.5,"type":"mineHold"},{"time":84.75,"angle2":-225,"angle":-202.5,"duration":0.5,"type":"mineHold"},{"time":84.75,"angle2":-202.5,"angle":-180,"duration":0.5,"type":"mineHold"},{"time":84.75,"angle2":-180,"angle":-157.5,"duration":0.5,"type":"mineHold"},{"time":84.75,"angle2":-157.5,"angle":-135,"duration":0.5,"type":"mineHold"},{"time":84.75,"angle2":-135,"angle":-112.5,"duration":0.5,"type":"mineHold"},{"time":84.75,"angle2":-112.5,"angle":-90,"duration":0.5,"type":"mineHold"},{"time":84.75,"angle2":-90,"angle":-67.5,"duration":0.5,"type":"mineHold"},{"time":84.75,"angle2":-67.5,"angle":-45,"duration":0.5,"type":"mineHold"},{"time":84.25,"angle":0,"angle2":22.5,"duration":0.5,"type":"hold"},{"time":84.75,"angle":-337.5,"angle2":-360,"duration":0.5,"type":"hold"},{"time":85.25,"angle":0,"angle2":22.5,"duration":0.5,"type":"hold"},{"time":85.25,"angle2":-270,"angle":-292.5,"duration":0.5,"type":"mineHold"},{"time":85.25,"angle2":-247.5,"angle":-270,"duration":0.5,"type":"mineHold"},{"time":85.25,"angle2":-225,"angle":-247.5,"duration":0.5,"type":"mineHold"},{"time":85.25,"angle2":-202.5,"angle":-225,"duration":0.5,"type":"mineHold"},{"time":85.25,"angle2":-180,"angle":-202.5,"duration":0.5,"type":"mineHold"},{"time":85.25,"angle2":-157.5,"angle":-180,"duration":0.5,"type":"mineHold"},{"time":85.25,"angle2":-135,"angle":-157.5,"duration":0.5,"type":"mineHold"},{"time":85.25,"angle2":-112.5,"angle":-135,"duration":0.5,"type":"mineHold"},{"time":85.25,"angle2":-90,"angle":-112.5,"duration":0.5,"type":"mineHold"},{"time":85.25,"angle2":-67.5,"angle":-90,"duration":0.5,"type":"mineHold"},{"time":85.25,"angle2":-45,"angle":-67.5,"duration":0.5,"type":"mineHold"},{"time":85.75,"angle":22.5,"angle2":0,"duration":0.5,"type":"hold"},{"time":85.75,"angle":315,"angle2":292.5,"duration":0.5,"type":"mineHold"},{"time":85.75,"angle":292.5,"angle2":270,"duration":0.5,"type":"mineHold"},{"time":85.75,"angle":270,"angle2":247.5,"duration":0.5,"type":"mineHold"},{"time":85.75,"angle":247.5,"angle2":225,"duration":0.5,"type":"mineHold"},{"time":85.75,"angle":225,"angle2":202.5,"duration":0.5,"type":"mineHold"},{"time":85.75,"angle":202.5,"angle2":180,"duration":0.5,"type":"mineHold"},{"time":85.75,"angle":180,"angle2":157.5,"duration":0.5,"type":"mineHold"},{"time":85.75,"angle":157.5,"angle2":135,"duration":0.5,"type":"mineHold"},{"time":85.75,"angle":135,"angle2":112.5,"duration":0.5,"type":"mineHold"},{"time":85.75,"angle":112.5,"angle2":90,"duration":0.5,"type":"mineHold"},{"time":85.75,"angle":90,"angle2":67.5,"duration":0.5,"type":"mineHold"},{"time":87,"type":"extraTap","angle":22.5},{"time":88,"type":"extraTap","angle":22.5},{"time":88.5,"type":"block","angle":67.5},{"time":88.75,"type":"block","angle":157.5},{"time":89,"type":"block","angle":112.5},{"time":89.5,"type":"block","angle":112.5},{"time":90.5,"type":"block","angle":67.5},{"time":91,"angle":22.5,"angle2":67.5,"duration":0.75,"type":"hold"},{"time":91.75,"type":"hold","angle2":112.5,"duration":0.75,"angle":67.5},{"time":95,"type":"hold","angle2":202.5,"duration":1,"angle":225},{"time":94,"angle":180,"type":"hold","duration":1,"angle2":157.5},{"time":93,"angle":135,"type":"hold","duration":1,"angle2":112.5},{"time":96.5,"angle2":135,"angle":202.5,"duration":0.25,"type":"hold"},{"time":96.75,"angle":135,"type":"hold","duration":0.25,"angle2":202.5},{"time":97.75,"angle":270,"type":"hold","duration":0.75,"angle2":427.5},{"time":98.5,"angle":67.5,"type":"hold","duration":0.5,"angle2":180},{"time":99,"angle":180,"type":"hold","duration":0.75,"angle2":67.5},{"time":100.5,"type":"extraTap","angle":67.5},{"time":104.75,"angle2":67.5,"angle":90,"duration":1,"type":"hold"},{"time":104.5,"type":"hold","angle":45,"angle2":90,"duration":1.25},{"time":104.25,"angle2":45,"angle":67.5,"type":"hold","duration":1.5},{"time":105.75,"angle2":67.5,"type":"hold","duration":0.5,"angle":45},{"time":105.75,"angle2":67.5,"type":"hold","duration":1,"angle":67.5},{"time":105.75,"type":"hold","angle2":67.5,"duration":1.75,"angle":90},{"time":107.5,"type":"hold","angle2":157.5,"duration":0.75,"angle":67.5},{"time":108.25,"angle2":22.5,"type":"hold","duration":0.5,"angle":157.5},{"time":109.5,"type":"extraTap","angle":22.5},{"time":110,"type":"block","angle":67.5},{"time":110.5,"type":"hold","angle2":180,"duration":0.5,"angle":67.5},{"time":111,"duration":4,"angle":180,"angle2":427.5,"type":"hold"},{"time":115,"duration":4,"type":"hold","holdEase":"inCirc","angle":67.5,"angle2":315},{"time":120.25,"type":"side","angle":270},{"time":119,"type":"side","angle":337.5},{"time":122,"duration":1,"angle2":22.5,"type":"hold","angle":22.5},{"time":122,"duration":1,"angle2":45,"type":"hold","angle":45},{"time":122,"duration":1,"type":"hold","angle2":45,"angle":45},{"time":122,"duration":1,"type":"hold","angle2":67.5,"angle":67.5},{"time":125,"type":"block","angle":315},{"time":125.5,"type":"block","angle":225},{"time":126,"type":"block","angle":67.5},{"time":124.5,"type":"block","angle":360},{"time":124.75,"type":"block","angle":45},{"time":126.5,"angle2":157.5,"type":"hold","angle":67.5,"duration":1},{"time":127.5,"type":"hold","angle2":112.5,"angle":157.5,"duration":0.5},{"time":128,"type":"hold","angle2":67.5,"angle":112.5,"duration":0.5},{"time":129.5,"type":"extraTap","angle":67.5},{"time":128.5,"type":"hold","angle2":67.5,"angle":67.5,"duration":2},{"time":130.5,"type":"hold","angle2":-67.5,"angle":67.5,"duration":1},{"time":131.5,"type":"hold","angle2":472.5,"angle":292.5,"duration":0.5},{"time":132,"angle2":-157.5,"type":"hold","angle":112.5,"duration":1},{"time":135,"duration":1.5,"angle2":270,"type":"hold","angle":180},{"time":138,"duration":1,"angle2":270,"type":"hold","angle":360},{"time":140.75,"type":"side","angle":90},{"time":140.5,"type":"side","angle":360},{"time":141,"type":"side","angle":180},{"time":141.5,"type":"hold","angle":225,"angle2":270,"duration":0.5},{"time":142,"type":"hold","angle":270,"angle2":315,"duration":0.5},{"time":143,"angle2":157.5,"angle":90,"type":"hold","duration":0.75},{"time":143.75,"angle2":225,"angle":157.5,"type":"hold","duration":0.75},{"time":145.5,"type":"extraTap","angle":247.5},{"time":146.5,"angle2":382.5,"angle":337.5,"type":"hold","duration":1},{"time":147.5,"angle2":-22.5,"angle":22.5,"type":"hold","duration":0.5},{"time":148,"angle2":405,"angle":337.5,"type":"hold","duration":0.5},{"time":150,"angle2":180,"angle":157.5,"type":"hold","duration":1},{"time":151,"angle2":-22.5,"duration":7.5,"angle":180,"type":"hold"},{"time":167,"type":"block","angle":22.5},{"time":167.5,"type":"block","angle":67.5},{"time":168.5,"type":"block","angle":67.5},{"time":169.5,"type":"block","angle":0},{"time":167,"type":"extraTap","angle":0},{"time":170.5,"type":"block","angle":-202.5},{"time":171,"type":"block","angle":-225},{"time":171,"type":"extraTap","angle":-247.5},{"time":171.5,"type":"block","angle":-225},{"time":172.5,"duration":1,"angle":-225,"angle2":-157.5,"type":"hold"},{"time":174.5,"type":"block","angle":-157.5},{"time":175,"type":"block","angle":157.5},{"time":175,"type":"extraTap","angle":180},{"time":175,"type":"block","angle":157.5},{"time":175.5,"type":"block","angle":112.5},{"time":176.5,"type":"block","angle":112.5},{"time":177.5,"type":"block","angle":180},{"time":175,"type":"extraTap","angle":180},{"time":178.5,"type":"block","angle":382.5},{"time":179,"type":"block","angle":405},{"time":179,"type":"extraTap","angle":427.5},{"time":179.5,"type":"block","angle":405},{"time":180.5,"duration":1,"angle":405,"angle2":337.5,"type":"hold"},{"time":182.5,"type":"block","angle":337.5},{"time":183,"type":"block","angle":22.5},{"time":183,"type":"extraTap","angle":0}]