{"events":[{"bpm":220,"time":0,"file":"cat.ogg","volume":2,"type":"play","angle":270},{"var":"scrollSpeed","angle":292.5,"time":-8.2499997615814,"value":0.75,"type":"ease"},{"var":"scrollSpeed","time":11,"value":1,"type":"ease","duration":0.33300000429153,"angle":202.5},{"var":"scrollSpeed","time":75,"value":1.25,"type":"ease","duration":0.5,"angle":326.25},{"var":"scrollSpeed","angle":168.75,"time":123,"value":1.1870000362396,"type":"ease"},{"var":"scrollSpeed","angle":123.75,"time":123.33333587646,"value":1.125,"type":"ease"},{"var":"scrollSpeed","angle":112.5,"time":123.66666412354,"value":1.0620000362396,"type":"ease"},{"var":"scrollSpeed","angle":67.5,"time":124,"value":1,"type":"ease"},{"duration":1,"ease":"inOutSine","time":155,"value":1.25,"angle":281.25,"var":"scrollSpeed","type":"ease"},{"duration":0,"newWidth":360,"ease":"linear","type":"paddles","paddle":1,"time":219,"angle":337.5,"order":0},{"duration":10,"newWidth":70,"ease":"outSine","type":"paddles","paddle":1,"time":219,"angle":326.25,"order":1},{"var":"scrollSpeed","time":261,"value":1.5,"type":"ease","duration":1,"angle":67.5},{"duration":0.5,"ease":"outExpo","time":263,"value":1,"angle":270,"var":"scrollSpeed","type":"ease"},{"var":"scrollSpeed","time":263.5,"value":1.5,"type":"ease","duration":0.5,"angle":270},{"type":"showResults","time":319.5,"angle":180},{"g":0,"angle":270,"r":0,"time":-8.25,"b":0,"color":0,"type":"setColor"},{"order":0,"g":0,"color":1,"type":"setColor","b":0,"time":-8.25,"angle":247.5,"r":0},{"order":1,"b":255,"color":1,"angle":225,"g":255,"duration":3,"r":255,"type":"setColor","time":-2},{"g":0,"angle":225,"r":195,"time":4,"b":65,"color":1,"type":"setColor"},{"g":255,"angle":202.5,"r":255,"time":4.5,"b":255,"color":1,"type":"setColor"},{"g":0,"angle":225,"r":195,"time":5,"b":65,"color":1,"type":"setColor"},{"g":255,"angle":202.5,"r":255,"time":5.5,"b":255,"color":1,"type":"setColor"},{"g":0,"angle":225,"r":195,"time":6,"b":65,"color":1,"type":"setColor"},{"g":255,"angle":202.5,"r":255,"time":6.5,"b":255,"color":1,"type":"setColor"},{"g":0,"angle":225,"r":195,"time":7,"b":65,"color":1,"type":"setColor"},{"g":255,"angle":202.5,"r":255,"time":7.5,"b":255,"color":1,"type":"setColor"},{"order":0,"g":0,"color":0,"type":"setColor","b":65,"time":8,"angle":225,"r":195},{"duration":1.5,"b":0,"color":0,"type":"setColor","g":0,"r":0,"time":8,"angle":213.75,"order":1},{"order":0,"b":0,"color":1,"type":"setColor","g":0,"r":0,"angle":202.5,"time":8},{"duration":1.5,"b":255,"color":1,"type":"setColor","g":255,"r":255,"time":8,"angle":191.25,"order":1},{"order":0,"b":65,"color":0,"type":"setColor","g":0,"r":195,"angle":225,"time":9.5},{"duration":1.5,"b":0,"color":0,"type":"setColor","g":0,"r":0,"time":9.5,"angle":213.75,"order":1},{"order":0,"g":0,"color":1,"angle":202.5,"b":0,"time":9.5,"type":"setColor","r":0},{"duration":1.5,"b":255,"color":1,"type":"setColor","g":255,"r":255,"time":9.5,"angle":191.25,"order":1},{"duration":0.75,"b":65,"color":1,"type":"setColor","g":0,"r":195,"time":11,"angle":247.5,"order":0},{"order":0,"g":151,"color":1,"type":"setColor","b":188,"time":12,"angle":247.5,"r":255},{"duration":0.75,"b":65,"color":1,"type":"setColor","g":0,"r":195,"time":12,"angle":236.25,"order":1},{"order":0,"g":151,"color":1,"type":"setColor","b":188,"time":13,"angle":247.5,"r":255},{"order":1,"b":65,"color":1,"type":"setColor","g":0,"duration":0.75,"r":195,"angle":236.25,"time":13},{"order":0,"g":151,"color":1,"type":"setColor","b":188,"time":15,"angle":247.5,"r":255},{"order":1,"b":65,"color":1,"type":"setColor","g":0,"duration":0.75,"r":195,"angle":236.25,"time":15},{"order":0,"g":151,"color":1,"type":"setColor","b":188,"time":16,"angle":247.5,"r":255},{"order":1,"b":65,"color":1,"type":"setColor","g":0,"duration":0.75,"r":195,"angle":236.25,"time":16},{"order":0,"g":151,"color":1,"type":"setColor","b":188,"time":17,"angle":247.5,"r":255},{"order":1,"b":65,"color":1,"type":"setColor","g":0,"duration":0.75,"r":195,"angle":236.25,"time":17},{"order":0,"g":151,"color":1,"type":"setColor","b":188,"time":18,"angle":247.5,"r":255},{"order":1,"b":65,"color":1,"type":"setColor","g":0,"duration":0.75,"r":195,"angle":236.25,"time":18},{"order":0,"g":151,"color":1,"type":"setColor","b":188,"time":19,"angle":247.5,"r":255},{"order":1,"b":65,"color":1,"type":"setColor","g":0,"duration":0.75,"r":195,"angle":236.25,"time":19},{"order":0,"g":151,"color":1,"type":"setColor","b":188,"time":20,"angle":247.5,"r":255},{"order":1,"b":65,"color":1,"type":"setColor","g":0,"duration":0.75,"r":195,"angle":236.25,"time":20},{"order":0,"g":151,"color":1,"type":"setColor","b":188,"time":21,"angle":247.5,"r":255},{"order":1,"b":65,"color":1,"type":"setColor","g":0,"duration":0.75,"r":195,"angle":236.25,"time":21},{"order":0,"g":151,"color":1,"type":"setColor","b":188,"time":14,"angle":281.25,"r":255},{"order":1,"b":65,"color":1,"type":"setColor","g":0,"duration":0.75,"r":195,"angle":270,"time":14},{"order":0,"g":151,"color":1,"type":"setColor","b":188,"time":22,"angle":247.5,"r":255},{"order":1,"b":65,"color":1,"type":"setColor","g":0,"duration":0.75,"r":195,"angle":236.25,"time":22},{"order":0,"g":151,"color":1,"type":"setColor","b":188,"time":23,"angle":247.5,"r":255},{"order":1,"b":65,"color":1,"type":"setColor","g":0,"duration":0.75,"r":195,"angle":236.25,"time":23},{"order":0,"g":151,"color":1,"type":"setColor","b":188,"time":24,"angle":247.5,"r":255},{"order":1,"b":65,"color":1,"type":"setColor","g":0,"duration":0.75,"r":195,"angle":236.25,"time":24},{"order":0,"g":151,"color":1,"type":"setColor","b":188,"time":25,"angle":247.5,"r":255},{"order":1,"b":65,"color":1,"type":"setColor","g":0,"duration":0.75,"r":195,"angle":236.25,"time":25},{"order":0,"g":151,"color":1,"type":"setColor","b":188,"time":26,"angle":281.25,"r":255},{"order":1,"b":65,"color":1,"type":"setColor","g":0,"duration":0.75,"r":195,"angle":270,"time":26},{"order":0,"g":151,"color":1,"type":"setColor","b":188,"time":27,"angle":247.5,"r":255},{"order":1,"b":65,"color":1,"type":"setColor","g":0,"duration":0.75,"r":195,"angle":236.25,"time":27},{"order":0,"g":179,"color":1,"type":"setColor","b":207,"time":27.75,"angle":292.5,"r":255},{"order":1,"g":0,"color":1,"type":"setColor","b":65,"time":27.833332061768,"angle":281.25,"r":195},{"order":0,"g":151,"color":1,"type":"setColor","b":188,"time":28,"angle":292.5,"r":255},{"duration":0.75,"b":65,"color":1,"type":"setColor","g":0,"r":195,"time":28,"angle":281.25,"order":1},{"order":0,"g":151,"color":1,"type":"setColor","b":188,"time":29,"angle":225,"r":255},{"duration":0.75,"b":65,"color":1,"type":"setColor","g":0,"r":195,"time":29,"angle":213.75,"order":1},{"order":0,"g":151,"color":1,"type":"setColor","b":188,"time":30,"angle":247.5,"r":255},{"duration":0.75,"b":65,"color":1,"type":"setColor","g":0,"r":195,"time":30,"angle":236.25,"order":1},{"order":0,"g":151,"color":1,"type":"setColor","b":188,"time":31,"angle":247.5,"r":255},{"duration":0.75,"b":65,"color":1,"type":"setColor","g":0,"r":195,"time":31,"angle":236.25,"order":1},{"order":0,"g":151,"color":1,"type":"setColor","b":188,"time":32,"angle":247.5,"r":255},{"duration":0.75,"b":65,"color":1,"type":"setColor","g":0,"r":195,"time":32,"angle":236.25,"order":1},{"order":0,"g":151,"color":1,"type":"setColor","b":188,"time":33,"angle":247.5,"r":255},{"duration":0.75,"b":65,"color":1,"type":"setColor","g":0,"r":195,"time":33,"angle":236.25,"order":1},{"order":0,"g":151,"color":1,"type":"setColor","b":188,"time":34,"angle":247.5,"r":255},{"duration":0.75,"b":65,"color":1,"type":"setColor","g":0,"r":195,"time":34,"angle":236.25,"order":1},{"order":0,"g":151,"color":1,"type":"setColor","b":188,"time":35,"angle":292.5,"r":255},{"duration":0.75,"b":65,"color":1,"type":"setColor","g":0,"r":195,"time":35,"angle":281.25,"order":1},{"order":0,"g":151,"color":1,"type":"setColor","b":188,"time":36,"angle":247.5,"r":255},{"duration":0.75,"b":65,"color":1,"type":"setColor","g":0,"r":195,"time":36,"angle":236.25,"order":1},{"order":0,"g":151,"color":1,"type":"setColor","b":188,"time":37,"angle":247.5,"r":255},{"duration":0.75,"b":65,"color":1,"type":"setColor","g":0,"r":195,"time":37,"angle":236.25,"order":1},{"order":0,"g":151,"color":1,"type":"setColor","b":188,"time":38,"angle":247.5,"r":255},{"duration":0.75,"b":65,"color":1,"type":"setColor","g":0,"r":195,"time":38,"angle":236.25,"order":1},{"order":0,"g":151,"color":1,"type":"setColor","b":188,"time":39,"angle":247.5,"r":255},{"duration":0.75,"b":65,"color":1,"type":"setColor","g":0,"r":195,"time":39,"angle":236.25,"order":1},{"order":0,"g":151,"color":1,"type":"setColor","b":188,"time":40,"angle":236.25,"r":255},{"duration":0.75,"b":65,"color":1,"type":"setColor","g":0,"r":195,"time":40,"angle":225,"order":1},{"order":0,"g":151,"color":1,"type":"setColor","b":188,"time":41,"angle":247.5,"r":255},{"duration":0.75,"b":65,"color":1,"type":"setColor","g":0,"r":195,"time":41,"angle":236.25,"order":1},{"order":0,"g":151,"color":1,"type":"setColor","b":188,"time":42,"angle":247.5,"r":255},{"duration":0.75,"b":65,"color":1,"type":"setColor","g":0,"r":195,"time":42,"angle":236.25,"order":1},{"duration":1,"b":0,"color":1,"type":"setColor","g":0,"r":0,"time":43,"angle":247.5,"order":0},{"duration":1,"b":65,"color":0,"type":"setColor","g":0,"r":195,"time":43,"angle":236.25,"order":1},{"order":0,"b":0,"color":0,"type":"setColor","g":0,"r":0,"angle":247.5,"time":44.25},{"order":1,"g":0,"color":1,"type":"setColor","b":65,"time":44.25,"angle":236.25,"r":195},{"order":0,"g":0,"color":1,"type":"setColor","b":0,"time":44.75,"angle":247.5,"r":0},{"order":1,"g":0,"color":0,"type":"setColor","b":65,"time":44.75,"angle":236.25,"r":195},{"order":0,"g":0,"color":0,"type":"setColor","b":0,"time":45.25,"angle":247.5,"r":0},{"order":1,"b":65,"color":1,"angle":236.25,"g":0,"r":195,"type":"setColor","time":45.25},{"order":0,"g":0,"color":1,"type":"setColor","b":0,"time":45.75,"angle":247.5,"r":0},{"order":1,"b":65,"color":0,"type":"setColor","g":0,"r":195,"angle":236.25,"time":45.75},{"order":0,"b":0,"color":0,"angle":303.75,"g":0,"duration":1.5,"r":0,"type":"setColor","time":46.5},{"duration":1.5,"b":65,"color":1,"angle":292.5,"g":0,"r":195,"time":46.5,"type":"setColor","order":1},{"order":0,"b":0,"color":1,"type":"setColor","g":0,"r":0,"angle":-258.75,"time":48.25},{"order":1,"b":65,"color":0,"type":"setColor","g":0,"r":195,"angle":-247.5,"time":48.25},{"order":0,"g":0,"color":0,"type":"setColor","b":0,"time":48.75,"angle":-258.75,"r":0},{"order":1,"g":0,"color":1,"angle":-247.5,"b":65,"time":48.75,"type":"setColor","r":195},{"order":0,"g":0,"color":1,"type":"setColor","b":0,"time":49.25,"angle":-258.75,"r":0},{"order":1,"b":65,"color":0,"type":"setColor","g":0,"r":195,"angle":-247.5,"time":49.25},{"order":0,"g":0,"color":0,"type":"setColor","b":0,"time":49.75,"angle":-258.75,"r":0},{"order":1,"g":0,"color":1,"angle":-247.5,"b":65,"time":49.75,"type":"setColor","r":195},{"order":0,"b":0,"color":1,"angle":281.25,"g":0,"duration":1.5,"r":0,"type":"setColor","time":50.5},{"duration":1.5,"b":65,"color":0,"angle":270,"g":0,"r":195,"time":50.5,"type":"setColor","order":1},{"order":0,"g":0,"color":0,"type":"setColor","b":0,"time":52.25,"angle":247.5,"r":0},{"order":1,"b":65,"color":1,"angle":236.25,"g":0,"r":195,"type":"setColor","time":52.25},{"order":0,"g":0,"color":1,"type":"setColor","b":0,"time":52.75,"angle":247.5,"r":0},{"order":1,"b":65,"color":0,"type":"setColor","g":0,"r":195,"angle":236.25,"time":52.75},{"order":0,"g":0,"color":0,"type":"setColor","b":0,"time":53.25,"angle":247.5,"r":0},{"order":1,"g":0,"color":1,"angle":236.25,"b":65,"time":53.25,"type":"setColor","r":195},{"order":0,"b":0,"color":1,"angle":247.5,"g":0,"r":0,"type":"setColor","time":53.75},{"order":1,"g":0,"color":0,"angle":236.25,"b":65,"time":53.75,"type":"setColor","r":195},{"order":0,"b":0,"color":0,"angle":303.75,"g":0,"duration":1.5,"r":0,"type":"setColor","time":54.5},{"order":1,"b":65,"color":1,"type":"setColor","g":0,"duration":1.5,"r":195,"angle":292.5,"time":54.5},{"duration":0.75,"b":22,"color":1,"angle":382.5,"g":0,"r":66,"time":56.5,"type":"setColor","order":1},{"order":1,"b":65,"color":1,"angle":22.5,"g":0,"duration":0.75,"r":195,"type":"setColor","time":57.25},{"order":1,"b":215,"color":1,"angle":303.75,"g":194,"duration":0.75,"r":255,"type":"setColor","time":58},{"order":1,"b":65,"color":1,"type":"setColor","g":0,"duration":0.75,"r":195,"angle":-56.25,"time":58.75},{"order":0,"g":0,"color":1,"type":"setColor","b":0,"time":60.25,"angle":-258.75,"r":0},{"order":1,"g":0,"color":0,"angle":-247.5,"b":65,"time":60.25,"type":"setColor","r":195},{"order":0,"b":0,"color":0,"angle":-258.75,"g":0,"r":0,"type":"setColor","time":60.75},{"order":1,"g":0,"color":1,"type":"setColor","b":65,"time":60.75,"angle":-247.5,"r":195},{"order":0,"g":0,"color":1,"type":"setColor","b":0,"time":61.25,"angle":-258.75,"r":0},{"order":1,"g":0,"color":0,"angle":-247.5,"b":65,"time":61.25,"type":"setColor","r":195},{"order":0,"b":0,"color":0,"angle":-258.75,"g":0,"r":0,"type":"setColor","time":61.75},{"order":1,"g":0,"color":1,"type":"setColor","b":65,"time":61.75,"angle":-247.5,"r":195},{"order":0,"b":0,"color":1,"angle":281.25,"g":0,"duration":1.5,"r":0,"type":"setColor","time":62.5},{"order":1,"b":65,"color":0,"type":"setColor","g":0,"duration":1.5,"r":195,"angle":270,"time":62.5},{"order":0,"g":0,"color":0,"type":"setColor","b":0,"time":64.25,"angle":247.5,"r":0},{"order":1,"b":65,"color":1,"angle":236.25,"g":0,"r":195,"type":"setColor","time":64.25},{"order":0,"g":0,"color":1,"type":"setColor","b":0,"time":64.75,"angle":247.5,"r":0},{"order":1,"b":65,"color":0,"type":"setColor","g":0,"r":195,"angle":236.25,"time":64.75},{"order":0,"g":0,"color":0,"type":"setColor","b":0,"time":65.25,"angle":247.5,"r":0},{"order":1,"g":0,"color":1,"angle":236.25,"b":65,"time":65.25,"type":"setColor","r":195},{"order":0,"b":0,"color":1,"angle":247.5,"g":0,"r":0,"type":"setColor","time":65.75},{"order":1,"g":0,"color":0,"angle":236.25,"b":65,"time":65.75,"type":"setColor","r":195},{"order":0,"b":0,"color":0,"angle":281.25,"g":0,"duration":1.5,"r":0,"type":"setColor","time":66.5},{"order":1,"b":65,"color":1,"angle":270,"g":0,"duration":1.5,"r":195,"type":"setColor","time":66.5},{"order":0,"b":0,"color":1,"type":"setColor","g":0,"r":0,"angle":-258.75,"time":68.25},{"order":1,"b":65,"color":0,"angle":-247.5,"g":0,"r":195,"type":"setColor","time":68.25},{"order":0,"g":0,"color":0,"angle":-258.75,"b":0,"time":68.75,"type":"setColor","r":0},{"order":1,"b":65,"color":1,"angle":-247.5,"g":0,"r":195,"type":"setColor","time":68.75},{"order":0,"b":0,"color":1,"angle":-258.75,"g":0,"r":0,"type":"setColor","time":69.25},{"order":1,"b":65,"color":0,"angle":-247.5,"g":0,"r":195,"type":"setColor","time":69.25},{"order":0,"g":0,"color":0,"angle":-258.75,"b":0,"time":69.75,"type":"setColor","r":0},{"order":1,"b":65,"color":1,"angle":-247.5,"g":0,"r":195,"type":"setColor","time":69.75},{"order":0,"g":151,"color":1,"type":"setColor","b":188,"time":70.5,"angle":236.25,"r":255},{"duration":0.75,"b":65,"color":1,"type":"setColor","g":0,"r":195,"time":70.5,"angle":225,"order":1},{"order":0,"g":151,"color":1,"type":"setColor","b":188,"time":71,"angle":236.25,"r":255},{"order":1,"b":65,"color":1,"type":"setColor","g":0,"duration":0.75,"r":195,"angle":225,"time":71},{"order":0,"g":151,"color":1,"type":"setColor","b":188,"time":72,"angle":236.25,"r":255},{"order":1,"b":65,"color":1,"type":"setColor","g":0,"duration":0.75,"r":195,"angle":225,"time":72},{"order":0,"g":151,"color":1,"type":"setColor","b":188,"time":73,"angle":236.25,"r":255},{"order":1,"b":65,"color":1,"type":"setColor","g":0,"duration":0.75,"r":195,"angle":225,"time":73},{"order":0,"g":151,"color":1,"type":"setColor","b":188,"time":74,"angle":236.25,"r":255},{"order":1,"b":65,"color":1,"type":"setColor","g":0,"duration":0.75,"r":195,"angle":225,"time":74},{"duration":1,"b":34,"color":1,"angle":236.25,"g":0,"r":96,"time":75,"type":"setColor","order":0},{"order":0,"g":151,"color":1,"type":"setColor","b":188,"time":76,"angle":236.25,"r":255},{"order":1,"b":65,"color":1,"type":"setColor","g":0,"duration":0.75,"r":195,"angle":225,"time":76},{"order":0,"g":151,"color":1,"type":"setColor","b":188,"time":77,"angle":236.25,"r":255},{"order":1,"b":65,"color":1,"type":"setColor","g":0,"duration":0.75,"r":195,"angle":225,"time":77},{"order":0,"g":151,"color":1,"type":"setColor","b":188,"time":78,"angle":236.25,"r":255},{"order":1,"b":65,"color":1,"type":"setColor","g":0,"duration":0.75,"r":195,"angle":247.5,"time":78},{"order":0,"g":151,"color":1,"type":"setColor","b":188,"time":79,"angle":225,"r":255},{"order":1,"b":65,"color":1,"type":"setColor","g":0,"duration":0.75,"r":195,"angle":213.75,"time":79},{"order":0,"g":151,"color":1,"type":"setColor","b":188,"time":80,"angle":236.25,"r":255},{"order":1,"b":65,"color":1,"type":"setColor","g":0,"duration":0.75,"r":195,"angle":225,"time":80},{"order":0,"g":151,"color":1,"type":"setColor","b":188,"time":81,"angle":236.25,"r":255},{"order":1,"b":65,"color":1,"type":"setColor","g":0,"duration":0.75,"r":195,"angle":225,"time":81},{"order":0,"g":151,"color":1,"type":"setColor","b":188,"time":82,"angle":236.25,"r":255},{"order":1,"b":65,"color":1,"type":"setColor","g":0,"duration":0.75,"r":195,"angle":225,"time":82},{"order":0,"g":151,"color":1,"type":"setColor","b":188,"time":83,"angle":236.25,"r":255},{"order":1,"b":65,"color":1,"type":"setColor","g":0,"duration":0.75,"r":195,"angle":225,"time":83},{"order":0,"g":151,"color":1,"type":"setColor","b":188,"time":85,"angle":236.25,"r":255},{"order":1,"b":65,"color":1,"type":"setColor","g":0,"duration":0.75,"r":195,"angle":225,"time":85},{"order":0,"g":151,"color":1,"type":"setColor","b":188,"time":86,"angle":236.25,"r":255},{"order":1,"b":65,"color":1,"type":"setColor","g":0,"duration":0.75,"r":195,"angle":225,"time":86},{"order":0,"g":151,"color":1,"type":"setColor","b":188,"time":87,"angle":236.25,"r":255},{"order":1,"b":65,"color":1,"type":"setColor","g":0,"duration":0.75,"r":195,"angle":225,"time":87},{"order":0,"g":151,"color":1,"type":"setColor","b":188,"time":88,"angle":236.25,"r":255},{"order":1,"b":65,"color":1,"type":"setColor","g":0,"duration":0.75,"r":195,"angle":225,"time":88},{"order":0,"g":151,"color":1,"type":"setColor","b":188,"time":89,"angle":270,"r":255},{"order":1,"b":65,"color":1,"type":"setColor","g":0,"duration":0.75,"r":195,"angle":258.75,"time":89},{"order":0,"g":151,"color":1,"type":"setColor","b":188,"time":90,"angle":236.25,"r":255},{"order":1,"b":65,"color":1,"type":"setColor","g":0,"duration":0.75,"r":195,"angle":225,"time":90},{"order":0,"g":151,"color":1,"type":"setColor","b":188,"time":91,"angle":236.25,"r":255},{"order":1,"b":65,"color":1,"type":"setColor","g":0,"duration":0.75,"r":195,"angle":225,"time":91},{"order":0,"g":151,"color":1,"type":"setColor","b":188,"time":93,"angle":236.25,"r":255},{"order":1,"b":65,"color":1,"type":"setColor","g":0,"duration":0.75,"r":195,"angle":225,"time":93},{"order":0,"g":151,"color":1,"type":"setColor","b":188,"time":94,"angle":225,"r":255},{"order":1,"b":65,"color":1,"type":"setColor","g":0,"duration":0.75,"r":195,"angle":213.75,"time":94},{"order":0,"g":151,"color":1,"type":"setColor","b":188,"time":95,"angle":236.25,"r":255},{"order":1,"b":65,"color":1,"type":"setColor","g":0,"duration":0.75,"r":195,"angle":225,"time":95},{"order":0,"g":151,"color":1,"type":"setColor","b":188,"time":96,"angle":236.25,"r":255},{"order":1,"b":65,"color":1,"type":"setColor","g":0,"duration":0.75,"r":195,"angle":225,"time":96},{"order":0,"g":151,"color":1,"type":"setColor","b":188,"time":97,"angle":236.25,"r":255},{"order":1,"b":65,"color":1,"type":"setColor","g":0,"duration":0.75,"r":195,"angle":225,"time":97},{"order":0,"g":151,"color":1,"type":"setColor","b":188,"time":98,"angle":236.25,"r":255},{"order":1,"b":65,"color":1,"type":"setColor","g":0,"duration":0.75,"r":195,"angle":225,"time":98},{"order":0,"g":151,"color":1,"type":"setColor","b":188,"time":99,"angle":236.25,"r":255},{"order":1,"b":65,"color":1,"type":"setColor","g":0,"duration":0.75,"r":195,"angle":225,"time":99},{"order":0,"g":151,"color":1,"type":"setColor","b":188,"time":101,"angle":236.25,"r":255},{"order":1,"b":65,"color":1,"type":"setColor","g":0,"duration":0.75,"r":195,"angle":225,"time":101},{"order":0,"g":151,"color":1,"type":"setColor","b":188,"time":102,"angle":236.25,"r":255},{"order":1,"b":65,"color":1,"type":"setColor","g":0,"duration":0.75,"r":195,"angle":225,"time":102},{"order":0,"g":151,"color":1,"type":"setColor","b":188,"time":103,"angle":236.25,"r":255},{"order":1,"b":65,"color":1,"type":"setColor","g":0,"duration":0.75,"r":195,"angle":225,"time":103},{"order":0,"g":151,"color":1,"type":"setColor","b":188,"time":104,"angle":213.75,"r":255},{"order":1,"b":65,"color":1,"type":"setColor","g":0,"duration":0.75,"r":195,"angle":202.5,"time":104},{"order":0,"g":151,"color":1,"type":"setColor","b":188,"time":105,"angle":236.25,"r":255},{"order":1,"b":65,"color":1,"type":"setColor","g":0,"duration":0.75,"r":195,"angle":225,"time":105},{"order":0,"g":151,"color":1,"type":"setColor","b":188,"time":106,"angle":236.25,"r":255},{"order":1,"b":65,"color":1,"type":"setColor","g":0,"duration":0.75,"r":195,"angle":225,"time":106},{"order":0,"g":151,"color":1,"type":"setColor","b":188,"time":107,"angle":236.25,"r":255},{"order":1,"b":65,"color":1,"type":"setColor","g":0,"duration":0.75,"r":195,"angle":225,"time":107},{"order":0,"g":151,"color":1,"type":"setColor","b":188,"time":109,"angle":236.25,"r":255},{"order":1,"b":65,"color":1,"type":"setColor","g":0,"duration":0.75,"r":195,"angle":225,"time":109},{"order":0,"g":151,"color":1,"type":"setColor","b":188,"time":110,"angle":236.25,"r":255},{"order":1,"b":65,"color":1,"type":"setColor","g":0,"duration":0.75,"r":195,"angle":225,"time":110},{"order":0,"g":151,"color":1,"type":"setColor","b":188,"time":111,"angle":236.25,"r":255},{"order":1,"b":65,"color":1,"type":"setColor","g":0,"duration":0.75,"r":195,"angle":225,"time":111},{"order":0,"g":151,"color":1,"type":"setColor","b":188,"time":112,"angle":236.25,"r":255},{"order":1,"b":65,"color":1,"type":"setColor","g":0,"duration":0.75,"r":195,"angle":225,"time":112},{"order":0,"g":151,"color":1,"type":"setColor","b":188,"time":113,"angle":236.25,"r":255},{"order":1,"b":65,"color":1,"type":"setColor","g":0,"duration":0.75,"r":195,"angle":225,"time":113},{"order":0,"g":151,"color":1,"type":"setColor","b":188,"time":114,"angle":236.25,"r":255},{"order":1,"b":65,"color":1,"type":"setColor","g":0,"duration":0.75,"r":195,"angle":225,"time":114},{"order":0,"g":151,"color":1,"type":"setColor","b":188,"time":115,"angle":236.25,"r":255},{"order":1,"b":65,"color":1,"type":"setColor","g":0,"duration":0.75,"r":195,"angle":225,"time":115},{"order":0,"g":151,"color":1,"type":"setColor","b":188,"time":117,"angle":236.25,"r":255},{"order":1,"b":65,"color":1,"type":"setColor","g":0,"duration":0.75,"r":195,"angle":225,"time":117},{"order":0,"g":151,"color":1,"type":"setColor","b":188,"time":118,"angle":258.75,"r":255},{"order":1,"b":65,"color":1,"type":"setColor","g":0,"duration":0.75,"r":195,"angle":247.5,"time":118},{"order":0,"g":151,"color":1,"type":"setColor","b":188,"time":119,"angle":225,"r":255},{"order":1,"b":65,"color":1,"type":"setColor","g":0,"duration":0.75,"r":195,"angle":213.75,"time":119},{"duration":0.5,"b":18,"color":1,"type":"setColor","g":0,"r":55,"time":119.5,"angle":225,"order":1},{"order":0,"g":0,"color":1,"type":"setColor","b":49,"time":120.5,"angle":236.25,"r":147},{"order":0,"g":0,"color":1,"type":"setColor","b":65,"time":121,"angle":236.25,"r":195},{"order":0,"g":0,"color":1,"type":"setColor","b":85,"time":121.5,"angle":236.25,"r":255},{"order":0,"g":89,"color":1,"type":"setColor","b":144,"time":123,"angle":236.25,"r":255},{"order":0,"g":121,"color":1,"type":"setColor","b":166,"time":123.33333333333,"angle":236.25,"r":255},{"order":0,"g":191,"color":1,"type":"setColor","b":214,"time":123.66666666667,"angle":236.25,"r":255},{"order":0,"g":179,"color":1,"type":"setColor","b":207,"time":83.75,"angle":292.5,"r":255},{"order":1,"b":65,"color":1,"angle":281.25,"g":0,"r":195,"type":"setColor","time":83.833332061768},{"order":0,"b":188,"color":1,"angle":292.5,"g":151,"r":255,"type":"setColor","time":84},{"order":1,"b":65,"color":1,"type":"setColor","g":0,"duration":0.75,"r":195,"angle":281.25,"time":84},{"order":0,"g":179,"color":1,"type":"setColor","b":207,"time":91.75,"angle":292.5,"r":255},{"order":1,"b":65,"color":1,"angle":281.25,"g":0,"r":195,"type":"setColor","time":91.833332061768},{"order":0,"b":188,"color":1,"angle":292.5,"g":151,"r":255,"type":"setColor","time":92},{"order":1,"b":65,"color":1,"type":"setColor","g":0,"duration":0.75,"r":195,"angle":281.25,"time":92},{"order":0,"b":207,"color":1,"angle":292.5,"g":179,"r":255,"type":"setColor","time":91.583333333333},{"order":1,"b":65,"color":1,"angle":281.25,"g":0,"r":195,"type":"setColor","time":91.666665395101},{"order":0,"g":179,"color":1,"type":"setColor","b":207,"time":99.75,"angle":292.5,"r":255},{"order":1,"b":65,"color":1,"angle":281.25,"g":0,"r":195,"type":"setColor","time":99.833332061768},{"order":0,"b":188,"color":1,"angle":292.5,"g":151,"r":255,"type":"setColor","time":100},{"duration":0.75,"b":65,"color":1,"type":"setColor","g":0,"r":195,"time":100,"angle":281.25,"order":1},{"order":0,"g":179,"color":1,"type":"setColor","b":207,"time":115.75,"angle":292.5,"r":255},{"order":1,"b":65,"color":1,"angle":281.25,"g":0,"r":195,"type":"setColor","time":115.83333206177},{"order":0,"b":188,"color":1,"angle":292.5,"g":151,"r":255,"type":"setColor","time":116},{"duration":0.75,"b":65,"color":1,"type":"setColor","g":0,"r":195,"time":116,"angle":281.25,"order":1},{"order":0,"g":179,"color":1,"type":"setColor","b":207,"time":107.75,"angle":292.5,"r":255},{"order":1,"b":65,"color":1,"angle":281.25,"g":0,"r":195,"type":"setColor","time":107.83333206177},{"order":0,"b":188,"color":1,"angle":292.5,"g":151,"r":255,"type":"setColor","time":108},{"duration":0.75,"b":65,"color":1,"type":"setColor","g":0,"r":195,"time":108,"angle":281.25,"order":1},{"order":0,"b":207,"color":1,"angle":292.5,"g":179,"r":255,"type":"setColor","time":107.58333333333},{"order":1,"b":65,"color":1,"angle":281.25,"g":0,"r":195,"type":"setColor","time":107.6666653951},{"time":311.00015258789,"type":"deco","x":300,"y":180,"angle":315,"id":"1"},{"order":0,"g":113,"color":1,"type":"setColor","b":113,"time":124,"angle":236.25,"r":113},{"duration":0.75,"b":255,"color":1,"type":"setColor","g":255,"r":255,"time":124,"angle":225,"order":1},{"order":0,"g":113,"color":1,"type":"setColor","b":113,"time":125,"angle":236.25,"r":113},{"order":1,"b":255,"color":1,"type":"setColor","g":255,"duration":0.75,"r":255,"angle":225,"time":125},{"order":0,"g":113,"color":1,"type":"setColor","b":113,"time":126,"angle":236.25,"r":113},{"order":1,"b":255,"color":1,"type":"setColor","g":255,"duration":0.75,"r":255,"angle":225,"time":126},{"order":0,"g":113,"color":1,"type":"setColor","b":113,"time":127,"angle":236.25,"r":113},{"order":1,"b":255,"color":1,"type":"setColor","g":255,"duration":0.75,"r":255,"angle":225,"time":127},{"order":0,"g":113,"color":1,"type":"setColor","b":113,"time":128,"angle":236.25,"r":113},{"order":1,"b":255,"color":1,"type":"setColor","g":255,"duration":0.75,"r":255,"angle":225,"time":128},{"order":0,"g":113,"color":1,"type":"setColor","b":113,"time":129,"angle":236.25,"r":113},{"order":1,"b":255,"color":1,"type":"setColor","g":255,"duration":0.75,"r":255,"angle":225,"time":129},{"order":0,"g":113,"color":1,"type":"setColor","b":113,"time":130,"angle":236.25,"r":113},{"duration":0.75,"b":255,"color":1,"type":"setColor","g":255,"r":255,"time":130,"angle":225,"order":1},{"order":0,"b":113,"color":1,"type":"setColor","g":113,"r":113,"angle":236.25,"time":131},{"duration":0.75,"b":255,"color":1,"type":"setColor","g":255,"r":255,"time":131,"angle":225,"order":1},{"order":0,"b":113,"color":1,"type":"setColor","g":113,"r":113,"angle":236.25,"time":132},{"duration":0.75,"b":255,"color":1,"type":"setColor","g":255,"r":255,"time":132,"angle":225,"order":1},{"order":0,"b":113,"color":1,"type":"setColor","g":113,"r":113,"angle":236.25,"time":133},{"duration":0.75,"b":255,"color":1,"type":"setColor","g":255,"r":255,"time":133,"angle":225,"order":1},{"order":0,"b":113,"color":1,"type":"setColor","g":113,"r":113,"angle":236.25,"time":134},{"duration":0.75,"b":255,"color":1,"type":"setColor","g":255,"r":255,"time":134,"angle":225,"order":1},{"order":0,"g":113,"color":1,"type":"setColor","b":113,"time":135,"angle":236.25,"r":113},{"duration":0.75,"b":255,"color":1,"type":"setColor","g":255,"r":255,"time":135,"angle":225,"order":1},{"order":0,"b":113,"color":1,"type":"setColor","g":113,"r":113,"angle":236.25,"time":136},{"duration":0.75,"b":255,"color":1,"type":"setColor","g":255,"r":255,"time":136,"angle":225,"order":1},{"order":0,"b":113,"color":1,"type":"setColor","g":113,"r":113,"angle":236.25,"time":137},{"duration":0.75,"b":255,"color":1,"type":"setColor","g":255,"r":255,"time":137,"angle":225,"order":1},{"order":0,"b":113,"color":1,"type":"setColor","g":113,"r":113,"angle":236.25,"time":138},{"duration":0.75,"b":255,"color":1,"type":"setColor","g":255,"r":255,"time":138,"angle":225,"order":1},{"order":0,"b":113,"color":1,"type":"setColor","g":113,"r":113,"angle":236.25,"time":139},{"duration":0.75,"b":255,"color":1,"type":"setColor","g":255,"r":255,"time":139,"angle":225,"order":1},{"order":0,"g":113,"color":1,"type":"setColor","b":113,"time":140,"angle":236.25,"r":113},{"duration":0.75,"b":255,"color":1,"type":"setColor","g":255,"r":255,"time":140,"angle":225,"order":1},{"order":0,"b":113,"color":1,"type":"setColor","g":113,"r":113,"angle":236.25,"time":141},{"duration":0.75,"b":255,"color":1,"type":"setColor","g":255,"r":255,"time":141,"angle":225,"order":1},{"order":0,"b":113,"color":1,"type":"setColor","g":113,"r":113,"angle":236.25,"time":142},{"duration":0.75,"b":255,"color":1,"type":"setColor","g":255,"r":255,"time":142,"angle":225,"order":1},{"order":0,"b":113,"color":1,"type":"setColor","g":113,"r":113,"angle":236.25,"time":143},{"duration":0.75,"b":255,"color":1,"type":"setColor","g":255,"r":255,"time":143,"angle":225,"order":1},{"order":0,"b":113,"color":1,"type":"setColor","g":113,"r":113,"angle":236.25,"time":144},{"duration":0.75,"b":255,"color":1,"type":"setColor","g":255,"r":255,"time":144,"angle":225,"order":1},{"order":0,"g":113,"color":1,"type":"setColor","b":113,"time":145,"angle":225,"r":113},{"duration":0.75,"b":255,"color":1,"type":"setColor","g":255,"r":255,"time":145,"angle":213.75,"order":1},{"order":0,"b":113,"color":1,"type":"setColor","g":113,"r":113,"angle":225,"time":146},{"duration":0.75,"b":255,"color":1,"type":"setColor","g":255,"r":255,"time":146,"angle":213.75,"order":1},{"order":0,"b":113,"color":1,"type":"setColor","g":113,"r":113,"angle":225,"time":147},{"duration":0.75,"b":255,"color":1,"type":"setColor","g":255,"r":255,"time":147,"angle":213.75,"order":1},{"order":0,"b":113,"color":1,"type":"setColor","g":113,"r":113,"angle":225,"time":148},{"duration":0.75,"b":255,"color":1,"type":"setColor","g":255,"r":255,"time":148,"angle":213.75,"order":1},{"order":0,"b":113,"color":1,"type":"setColor","g":113,"r":113,"angle":225,"time":149},{"duration":0.75,"b":255,"color":1,"type":"setColor","g":255,"r":255,"time":149,"angle":213.75,"order":1},{"order":0,"g":113,"color":1,"type":"setColor","b":113,"time":150,"angle":213.75,"r":113},{"duration":0.75,"b":255,"color":1,"type":"setColor","g":255,"r":255,"time":150,"angle":202.5,"order":1},{"order":0,"b":113,"color":1,"type":"setColor","g":113,"r":113,"angle":213.75,"time":151},{"duration":0.75,"b":255,"color":1,"type":"setColor","g":255,"r":255,"time":151,"angle":202.5,"order":1},{"order":0,"g":70,"color":1,"type":"setColor","b":70,"time":139.75,"angle":236.25,"r":70},{"order":1,"b":255,"color":1,"type":"setColor","g":255,"r":255,"angle":225,"time":139.83332824707},{"order":0,"g":255,"color":0,"type":"setColor","b":255,"time":151.5,"angle":236.25,"r":255},{"order":1,"g":0,"color":1,"type":"setColor","b":0,"time":151.5,"angle":225,"r":0},{"order":1,"b":185,"color":0,"type":"setColor","g":144,"r":255,"angle":225,"time":152.5},{"order":1,"g":60,"color":0,"type":"setColor","b":128,"time":152.75,"angle":225,"r":255},{"order":1,"g":0,"color":0,"type":"setColor","b":65,"time":153,"angle":225,"r":181},{"duration":2,"b":0,"color":1,"type":"setColor","g":0,"r":0,"time":154,"angle":225,"order":1},{"order":1,"g":96,"color":1,"type":"setColor","b":96,"time":152.5,"angle":236.25,"r":96},{"order":1,"g":189,"color":1,"type":"setColor","b":189,"time":152.75,"angle":236.25,"r":189},{"order":1,"g":255,"color":1,"type":"setColor","b":255,"time":153,"angle":236.25,"r":255},{"order":0,"g":151,"color":0,"type":"setColor","b":188,"time":156,"angle":225,"r":255},{"duration":0.75,"b":65,"color":0,"type":"setColor","g":0,"r":195,"time":156,"angle":213.75,"order":1},{"order":0,"g":151,"color":0,"type":"setColor","b":188,"time":157,"angle":270,"r":255},{"order":1,"b":65,"color":0,"type":"setColor","g":0,"duration":0.75,"r":195,"angle":258.75,"time":157},{"order":0,"g":151,"color":0,"type":"setColor","b":188,"time":158,"angle":225,"r":255},{"order":1,"b":65,"color":0,"type":"setColor","g":0,"duration":0.75,"r":195,"angle":213.75,"time":158},{"order":0,"b":188,"color":0,"type":"setColor","g":151,"r":255,"angle":270,"time":159},{"duration":0.75,"b":65,"color":0,"type":"setColor","g":0,"r":195,"time":159,"angle":258.75,"order":1},{"order":0,"g":151,"color":0,"type":"setColor","b":188,"time":160,"angle":225,"r":255},{"order":1,"b":65,"color":0,"type":"setColor","g":0,"duration":0.75,"r":195,"angle":213.75,"time":160},{"order":0,"b":188,"color":0,"type":"setColor","g":151,"r":255,"angle":270,"time":161},{"duration":0.75,"b":65,"color":0,"type":"setColor","g":0,"r":195,"time":161,"angle":258.75,"order":1},{"order":0,"g":151,"color":0,"type":"setColor","b":188,"time":162,"angle":225,"r":255},{"order":1,"b":65,"color":0,"type":"setColor","g":0,"duration":0.75,"r":195,"angle":213.75,"time":162},{"order":0,"b":188,"color":0,"type":"setColor","g":151,"r":255,"angle":270,"time":163},{"duration":0.75,"b":65,"color":0,"type":"setColor","g":0,"r":195,"time":163,"angle":258.75,"order":1},{"order":0,"g":151,"color":0,"type":"setColor","b":188,"time":164,"angle":225,"r":255},{"order":1,"b":65,"color":0,"type":"setColor","g":0,"duration":0.75,"r":195,"angle":213.75,"time":164},{"order":0,"b":188,"color":0,"type":"setColor","g":151,"r":255,"angle":270,"time":165},{"duration":0.75,"b":65,"color":0,"type":"setColor","g":0,"r":195,"time":165,"angle":258.75,"order":1},{"order":0,"g":151,"color":0,"type":"setColor","b":188,"time":166,"angle":225,"r":255},{"order":1,"b":65,"color":0,"type":"setColor","g":0,"duration":0.75,"r":195,"angle":213.75,"time":166},{"order":0,"b":188,"color":0,"type":"setColor","g":151,"r":255,"angle":270,"time":167},{"duration":0.75,"b":65,"color":0,"type":"setColor","g":0,"r":195,"time":167,"angle":258.75,"order":1},{"order":0,"g":151,"color":0,"type":"setColor","b":188,"time":168,"angle":247.5,"r":255},{"duration":0.75,"b":65,"color":0,"type":"setColor","g":0,"r":195,"time":168,"angle":236.25,"order":1},{"order":0,"b":188,"color":0,"type":"setColor","g":151,"r":255,"angle":292.5,"time":169},{"order":1,"b":65,"color":0,"type":"setColor","g":0,"duration":0.75,"r":195,"angle":281.25,"time":169},{"order":0,"b":188,"color":0,"type":"setColor","g":151,"r":255,"angle":247.5,"time":170},{"duration":0.75,"b":65,"color":0,"type":"setColor","g":0,"r":195,"time":170,"angle":236.25,"order":1},{"order":0,"b":188,"color":0,"type":"setColor","g":151,"r":255,"angle":292.5,"time":171},{"order":1,"b":65,"color":0,"type":"setColor","g":0,"duration":0.75,"r":195,"angle":281.25,"time":171},{"order":0,"b":188,"color":0,"type":"setColor","g":151,"r":255,"angle":247.5,"time":172},{"duration":0.75,"b":65,"color":0,"type":"setColor","g":0,"r":195,"time":172,"angle":236.25,"order":1},{"order":0,"b":188,"color":0,"type":"setColor","g":151,"r":255,"angle":292.5,"time":173},{"order":1,"b":65,"color":0,"type":"setColor","g":0,"duration":0.75,"r":195,"angle":281.25,"time":173},{"order":0,"g":151,"color":0,"type":"setColor","b":188,"time":174,"angle":225,"r":255},{"duration":0.75,"b":65,"color":0,"type":"setColor","g":0,"r":195,"time":174,"angle":213.75,"order":1},{"order":0,"b":188,"color":0,"type":"setColor","g":151,"r":255,"angle":270,"time":175},{"order":1,"b":65,"color":0,"type":"setColor","g":0,"duration":0.75,"r":195,"angle":258.75,"time":175},{"order":0,"b":188,"color":0,"type":"setColor","g":151,"r":255,"angle":225,"time":176},{"duration":0.75,"b":65,"color":0,"type":"setColor","g":0,"r":195,"time":176,"angle":213.75,"order":1},{"order":0,"b":188,"color":0,"type":"setColor","g":151,"r":255,"angle":270,"time":177},{"order":1,"b":65,"color":0,"type":"setColor","g":0,"duration":0.75,"r":195,"angle":258.75,"time":177},{"order":0,"b":188,"color":0,"type":"setColor","g":151,"r":255,"angle":225,"time":178},{"duration":0.75,"b":65,"color":0,"type":"setColor","g":0,"r":195,"time":178,"angle":213.75,"order":1},{"order":0,"b":188,"color":0,"type":"setColor","g":151,"r":255,"angle":270,"time":179},{"order":1,"b":65,"color":0,"type":"setColor","g":0,"duration":0.75,"r":195,"angle":258.75,"time":179},{"order":0,"g":151,"color":0,"type":"setColor","b":188,"time":180,"angle":225,"r":255},{"duration":0.75,"b":65,"color":0,"type":"setColor","g":0,"r":195,"time":180,"angle":213.75,"order":1},{"order":0,"b":188,"color":0,"type":"setColor","g":151,"r":255,"angle":270,"time":181},{"order":1,"b":65,"color":0,"type":"setColor","g":0,"duration":0.75,"r":195,"angle":258.75,"time":181},{"order":0,"b":188,"color":0,"type":"setColor","g":151,"r":255,"angle":225,"time":182},{"duration":0.75,"b":65,"color":0,"type":"setColor","g":0,"r":195,"time":182,"angle":213.75,"order":1},{"order":0,"b":188,"color":0,"type":"setColor","g":151,"r":255,"angle":270,"time":183},{"order":1,"b":65,"color":0,"type":"setColor","g":0,"duration":0.75,"r":195,"angle":258.75,"time":183},{"order":0,"b":188,"color":0,"type":"setColor","g":151,"r":255,"angle":225,"time":184},{"duration":0.75,"b":65,"color":0,"type":"setColor","g":0,"r":195,"time":184,"angle":213.75,"order":1},{"order":0,"b":188,"color":0,"type":"setColor","g":151,"r":255,"angle":270,"time":185},{"order":1,"b":65,"color":0,"type":"setColor","g":0,"duration":0.75,"r":195,"angle":258.75,"time":185},{"order":0,"g":151,"color":0,"type":"setColor","b":188,"time":186,"angle":225,"r":255},{"duration":0.75,"b":65,"color":0,"type":"setColor","g":0,"r":195,"time":186,"angle":213.75,"order":1},{"duration":1,"b":0,"color":0,"type":"setColor","g":0,"r":0,"time":187,"angle":247.5,"order":0},{"duration":1,"b":65,"color":1,"type":"setColor","g":0,"r":195,"time":187,"angle":236.25,"order":1},{"order":0,"g":0,"color":1,"type":"setColor","b":0,"time":188.25,"angle":-258.75,"r":0},{"order":1,"g":0,"color":0,"angle":-247.5,"b":65,"time":188.25,"type":"setColor","r":195},{"order":0,"b":0,"color":0,"angle":-258.75,"g":0,"r":0,"type":"setColor","time":188.75},{"order":1,"g":0,"color":1,"type":"setColor","b":65,"time":188.75,"angle":-247.5,"r":195},{"order":0,"g":0,"color":1,"type":"setColor","b":0,"time":189.25,"angle":-258.75,"r":0},{"order":1,"g":0,"color":0,"angle":-247.5,"b":65,"time":189.25,"type":"setColor","r":195},{"order":0,"b":0,"color":0,"angle":-258.75,"g":0,"r":0,"type":"setColor","time":189.75},{"order":1,"g":0,"color":1,"type":"setColor","b":65,"time":189.75,"angle":-247.5,"r":195},{"order":0,"b":0,"color":1,"type":"setColor","g":0,"duration":1.5,"r":0,"angle":281.25,"time":190.5},{"order":1,"b":65,"color":0,"type":"setColor","g":0,"duration":1.5,"r":195,"angle":270,"time":190.5},{"order":0,"g":0,"color":0,"type":"setColor","b":0,"time":192.25,"angle":247.5,"r":0},{"order":1,"g":0,"color":1,"angle":236.25,"b":65,"time":192.25,"type":"setColor","r":195},{"order":0,"b":0,"color":1,"angle":247.5,"g":0,"r":0,"type":"setColor","time":192.75},{"order":1,"g":0,"color":0,"angle":236.25,"b":65,"time":192.75,"type":"setColor","r":195},{"order":0,"b":0,"color":0,"angle":247.5,"g":0,"r":0,"type":"setColor","time":193.25},{"order":1,"g":0,"color":1,"type":"setColor","b":65,"time":193.25,"angle":236.25,"r":195},{"order":0,"g":0,"color":1,"angle":247.5,"b":0,"time":193.75,"type":"setColor","r":0},{"order":1,"b":65,"color":0,"angle":236.25,"g":0,"r":195,"type":"setColor","time":193.75},{"order":0,"b":0,"color":0,"type":"setColor","g":0,"duration":1.5,"r":0,"angle":303.75,"time":194.5},{"duration":1.5,"b":65,"color":1,"type":"setColor","g":0,"r":195,"time":194.5,"angle":292.5,"order":1},{"order":0,"g":0,"color":1,"type":"setColor","b":0,"time":196.25,"angle":-258.75,"r":0},{"order":1,"g":0,"color":0,"angle":-247.5,"b":65,"time":196.25,"type":"setColor","r":195},{"order":0,"b":0,"color":0,"angle":-258.75,"g":0,"r":0,"type":"setColor","time":196.75},{"order":1,"g":0,"color":1,"type":"setColor","b":65,"time":196.75,"angle":-247.5,"r":195},{"order":0,"g":0,"color":1,"type":"setColor","b":0,"time":197.25,"angle":-258.75,"r":0},{"order":1,"g":0,"color":0,"angle":-247.5,"b":65,"time":197.25,"type":"setColor","r":195},{"order":0,"b":0,"color":0,"angle":-258.75,"g":0,"r":0,"type":"setColor","time":197.75},{"order":1,"g":0,"color":1,"type":"setColor","b":65,"time":197.75,"angle":-247.5,"r":195},{"order":0,"b":0,"color":1,"angle":281.25,"g":0,"duration":1.5,"r":0,"type":"setColor","time":198.5},{"duration":1,"b":65,"color":0,"angle":270,"g":0,"r":195,"time":198.5,"type":"setColor","order":1},{"order":1,"b":65,"color":1,"angle":281.25,"g":0,"duration":1,"r":195,"type":"setColor","time":201},{"duration":1,"b":0,"color":0,"angle":292.5,"g":0,"r":0,"time":201,"type":"setColor","order":1},{"order":0,"g":0,"color":1,"type":"setColor","b":0,"time":204.25,"angle":-258.75,"r":0},{"order":1,"g":0,"color":0,"angle":-247.5,"b":65,"time":204.25,"type":"setColor","r":195},{"order":0,"b":0,"color":0,"angle":-258.75,"g":0,"r":0,"type":"setColor","time":204.75},{"order":1,"g":0,"color":1,"type":"setColor","b":65,"time":204.75,"angle":-247.5,"r":195},{"order":0,"g":0,"color":1,"type":"setColor","b":0,"time":205.25,"angle":-258.75,"r":0},{"order":1,"g":0,"color":0,"angle":-247.5,"b":65,"time":205.25,"type":"setColor","r":195},{"order":0,"b":0,"color":0,"angle":-258.75,"g":0,"r":0,"type":"setColor","time":205.75},{"order":1,"g":0,"color":1,"type":"setColor","b":65,"time":205.75,"angle":-247.5,"r":195},{"order":0,"b":0,"color":1,"type":"setColor","g":0,"duration":1.5,"r":0,"angle":281.25,"time":206.5},{"order":1,"b":65,"color":0,"type":"setColor","g":0,"duration":1.5,"r":195,"angle":270,"time":206.5},{"order":0,"g":0,"color":0,"type":"setColor","b":0,"time":208.25,"angle":247.5,"r":0},{"order":1,"g":0,"color":1,"angle":236.25,"b":65,"time":208.25,"type":"setColor","r":195},{"order":0,"b":0,"color":1,"angle":247.5,"g":0,"r":0,"type":"setColor","time":208.75},{"order":1,"g":0,"color":0,"angle":236.25,"b":65,"time":208.75,"type":"setColor","r":195},{"order":0,"b":0,"color":0,"angle":247.5,"g":0,"r":0,"type":"setColor","time":209.25},{"order":1,"g":0,"color":1,"type":"setColor","b":65,"time":209.25,"angle":236.25,"r":195},{"order":0,"g":0,"color":1,"angle":247.5,"b":0,"time":209.75,"type":"setColor","r":0},{"order":1,"b":65,"color":0,"angle":236.25,"g":0,"r":195,"type":"setColor","time":209.75},{"order":0,"b":0,"color":0,"type":"setColor","g":0,"duration":1.5,"r":0,"angle":303.75,"time":210.5},{"duration":1.5,"b":65,"color":1,"type":"setColor","g":0,"r":195,"time":210.5,"angle":292.5,"order":1},{"order":0,"g":0,"color":1,"type":"setColor","b":0,"time":212.25,"angle":-258.75,"r":0},{"order":1,"g":0,"color":0,"angle":-247.5,"b":65,"time":212.25,"type":"setColor","r":195},{"order":0,"b":0,"color":0,"angle":-258.75,"g":0,"r":0,"type":"setColor","time":212.75},{"order":1,"g":0,"color":1,"type":"setColor","b":65,"time":212.75,"angle":-247.5,"r":195},{"order":0,"g":0,"color":1,"type":"setColor","b":0,"time":213.25,"angle":-258.75,"r":0},{"order":1,"g":0,"color":0,"angle":-247.5,"b":65,"time":213.25,"type":"setColor","r":195},{"order":0,"b":0,"color":0,"angle":-258.75,"g":0,"r":0,"type":"setColor","time":213.75},{"order":1,"g":0,"color":1,"type":"setColor","b":65,"time":213.75,"angle":-247.5,"r":195},{"order":0,"b":0,"color":1,"type":"setColor","g":0,"duration":1.5,"r":0,"angle":281.25,"time":214.5},{"order":1,"b":65,"color":0,"type":"setColor","g":0,"duration":1.5,"r":195,"angle":270,"time":214.5},{"order":0,"g":0,"color":0,"type":"setColor","b":0,"time":216.25,"angle":247.5,"r":0},{"order":1,"g":0,"color":1,"angle":236.25,"b":65,"time":216.25,"type":"setColor","r":195},{"order":0,"b":0,"color":1,"angle":247.5,"g":0,"r":0,"type":"setColor","time":216.75},{"order":1,"g":0,"color":0,"angle":236.25,"b":65,"time":216.75,"type":"setColor","r":195},{"order":0,"b":0,"color":0,"angle":247.5,"g":0,"r":0,"type":"setColor","time":217.25},{"order":1,"g":0,"color":1,"type":"setColor","b":65,"time":217.25,"angle":236.25,"r":195},{"order":0,"g":0,"color":1,"type":"setColor","b":0,"time":217.75,"angle":247.5,"r":0},{"order":1,"b":65,"color":0,"type":"setColor","g":0,"r":195,"angle":236.25,"time":217.75},{"order":0,"g":255,"color":0,"type":"setColor","b":255,"time":219,"angle":315,"r":255},{"duration":20,"b":0,"color":0,"type":"setColor","g":0,"r":0,"time":219,"angle":303.75,"order":1},{"g":255,"angle":292.5,"r":255,"time":219,"b":255,"color":1,"type":"setColor"},{"duration":7.5,"g":0,"color":1,"angle":168.75,"b":65,"time":236,"type":"setColor","r":195},{"g":0,"type":"setColor","r":84,"time":249,"b":28,"color":1,"angle":168.75},{"g":0,"type":"setColor","r":0,"time":250,"b":0,"color":1,"angle":168.75},{"duration":2,"g":255,"color":1,"angle":202.5,"b":255,"time":252,"type":"setColor","r":255},{"duration":4,"g":0,"color":1,"angle":191.25,"b":65,"time":259,"type":"setColor","r":195},{"duration":0.5,"g":0,"color":1,"angle":258.75,"b":35,"time":263,"type":"setColor","r":104},{"order":0,"b":207,"color":1,"angle":236.25,"g":179,"r":255,"type":"setColor","time":264},{"duration":0.75,"b":65,"color":1,"type":"setColor","g":0,"order":1,"r":195,"angle":225,"time":264},{"order":0,"g":179,"color":1,"type":"setColor","b":207,"time":265,"angle":236.25,"r":255},{"duration":0.75,"b":65,"color":1,"type":"setColor","g":0,"order":1,"r":195,"angle":225,"time":265},{"order":0,"g":179,"color":1,"type":"setColor","b":207,"time":266,"angle":236.25,"r":255},{"duration":0.75,"b":65,"color":1,"type":"setColor","g":0,"order":1,"r":195,"angle":225,"time":266},{"order":0,"g":179,"color":1,"type":"setColor","b":207,"time":267,"angle":236.25,"r":255},{"duration":0.75,"b":65,"color":1,"type":"setColor","g":0,"order":1,"r":195,"angle":247.5,"time":267},{"order":0,"g":179,"color":1,"type":"setColor","b":207,"time":268,"angle":236.25,"r":255},{"duration":0.75,"b":65,"color":1,"type":"setColor","g":0,"order":1,"r":195,"angle":225,"time":268},{"order":0,"g":179,"color":1,"type":"setColor","b":207,"time":269,"angle":236.25,"r":255},{"duration":0.75,"b":65,"color":1,"type":"setColor","g":0,"order":1,"r":195,"angle":225,"time":269},{"order":0,"g":179,"color":1,"type":"setColor","b":207,"time":270,"angle":236.25,"r":255},{"duration":0.75,"b":65,"color":1,"type":"setColor","g":0,"order":1,"r":195,"angle":225,"time":270},{"order":0,"g":179,"color":1,"type":"setColor","b":207,"time":271,"angle":236.25,"r":255},{"duration":0.75,"b":65,"color":1,"type":"setColor","g":0,"order":1,"r":195,"angle":225,"time":271},{"order":0,"g":179,"color":1,"type":"setColor","b":207,"time":272,"angle":236.25,"r":255},{"duration":0.75,"b":65,"color":1,"type":"setColor","g":0,"order":1,"r":195,"angle":225,"time":272},{"order":0,"g":179,"color":1,"type":"setColor","b":207,"time":273,"angle":236.25,"r":255},{"duration":0.75,"b":65,"color":1,"type":"setColor","g":0,"order":1,"r":195,"angle":225,"time":273},{"duration":1,"start":1.25,"time":264,"value":1,"type":"ease","var":"vfx.canvPos.sx","angle":213.75},{"duration":1,"start":1.25,"time":264,"value":1,"type":"ease","var":"vfx.canvPos.sy","angle":202.5},{"var":"vfx.canvPos.sx","start":1.25,"time":265,"value":1,"angle":213.75,"duration":1,"type":"ease"},{"var":"vfx.canvPos.sy","start":1.25,"time":265,"value":1,"angle":202.5,"duration":1,"type":"ease"},{"var":"vfx.canvPos.sx","start":1.25,"time":266,"value":1,"angle":213.75,"duration":1,"type":"ease"},{"var":"vfx.canvPos.sy","start":1.25,"time":266,"value":1,"angle":202.5,"duration":1,"type":"ease"},{"duration":1,"start":1.25,"time":267,"value":1,"angle":213.75,"var":"vfx.canvPos.sx","type":"ease"},{"var":"vfx.canvPos.sy","start":1.25,"time":267,"value":1,"angle":202.5,"duration":1,"type":"ease"},{"duration":1,"start":1.25,"time":268,"value":1,"angle":213.75,"var":"vfx.canvPos.sx","type":"ease"},{"var":"vfx.canvPos.sy","start":1.25,"time":268,"value":1,"angle":202.5,"duration":1,"type":"ease"},{"duration":1,"start":1.25,"time":269,"value":1,"type":"ease","var":"vfx.canvPos.sx","angle":213.75},{"var":"vfx.canvPos.sy","start":1.25,"time":269,"value":1,"angle":202.5,"duration":1,"type":"ease"},{"duration":1,"start":1.25,"time":270,"value":1,"type":"ease","var":"vfx.canvPos.sx","angle":213.75},{"var":"vfx.canvPos.sy","start":1.25,"time":270,"value":1,"angle":202.5,"duration":1,"type":"ease"},{"var":"vfx.canvPos.sx","start":1.25,"time":271,"value":1,"type":"ease","duration":1,"angle":213.75},{"var":"vfx.canvPos.sy","start":1.25,"time":271,"value":1,"angle":202.5,"duration":1,"type":"ease"},{"var":"vfx.canvPos.sx","start":1.25,"time":272,"value":1,"type":"ease","duration":1,"angle":213.75},{"var":"vfx.canvPos.sy","start":1.25,"time":272,"value":1,"angle":202.5,"duration":1,"type":"ease"},{"var":"vfx.canvPos.sx","start":1.25,"time":273,"value":1,"angle":213.75,"duration":1,"type":"ease"},{"var":"vfx.canvPos.sy","start":1.25,"time":273,"value":1,"angle":202.5,"duration":1,"type":"ease"},{"order":0,"g":179,"color":1,"type":"setColor","b":207,"time":274,"angle":236.25,"r":255},{"duration":0.75,"b":65,"color":1,"type":"setColor","g":0,"order":1,"r":195,"angle":225,"time":274},{"order":0,"b":207,"color":1,"angle":236.25,"g":179,"r":255,"type":"setColor","time":275},{"duration":0.75,"b":65,"color":1,"type":"setColor","g":0,"order":1,"r":195,"angle":225,"time":275},{"order":0,"b":207,"color":1,"angle":236.25,"g":179,"r":255,"type":"setColor","time":276},{"duration":0.75,"b":65,"color":1,"type":"setColor","g":0,"order":1,"r":195,"angle":225,"time":276},{"order":0,"b":207,"color":1,"angle":236.25,"g":179,"r":255,"type":"setColor","time":277},{"duration":0.75,"b":65,"color":1,"type":"setColor","g":0,"order":1,"r":195,"angle":225,"time":277},{"order":0,"b":207,"color":1,"angle":236.25,"g":179,"r":255,"type":"setColor","time":278},{"duration":0.75,"b":65,"color":1,"type":"setColor","g":0,"order":1,"r":195,"angle":225,"time":278},{"order":0,"b":207,"color":1,"angle":236.25,"g":179,"r":255,"type":"setColor","time":279},{"duration":0.75,"b":65,"color":1,"type":"setColor","g":0,"order":1,"r":195,"angle":225,"time":279},{"order":0,"b":207,"color":1,"angle":236.25,"g":179,"r":255,"type":"setColor","time":280},{"duration":0.75,"b":65,"color":1,"type":"setColor","g":0,"order":1,"r":195,"angle":225,"time":280},{"order":0,"b":207,"color":1,"angle":236.25,"g":179,"r":255,"type":"setColor","time":281},{"duration":0.75,"b":65,"color":1,"type":"setColor","g":0,"order":1,"r":195,"angle":225,"time":281},{"order":0,"b":207,"color":1,"angle":236.25,"g":179,"r":255,"type":"setColor","time":282},{"duration":0.75,"b":65,"color":1,"type":"setColor","g":0,"order":1,"r":195,"angle":225,"time":282},{"order":0,"b":207,"color":1,"angle":236.25,"g":179,"r":255,"type":"setColor","time":283},{"duration":0.75,"b":65,"color":1,"type":"setColor","g":0,"order":1,"r":195,"angle":225,"time":283},{"var":"vfx.canvPos.sx","start":1.25,"time":274,"value":1,"angle":213.75,"duration":1,"type":"ease"},{"var":"vfx.canvPos.sy","start":1.25,"time":274,"value":1,"angle":202.5,"duration":1,"type":"ease"},{"duration":1,"start":1.25,"time":275,"value":1,"type":"ease","var":"vfx.canvPos.sx","angle":213.75},{"duration":1,"start":1.25,"time":275,"value":1,"type":"ease","var":"vfx.canvPos.sy","angle":202.5},{"duration":1,"start":1.25,"time":276,"value":1,"type":"ease","var":"vfx.canvPos.sx","angle":213.75},{"duration":1,"start":1.25,"time":276,"value":1,"type":"ease","var":"vfx.canvPos.sy","angle":202.5},{"var":"vfx.canvPos.sx","start":1.25,"time":277,"value":1,"type":"ease","duration":1,"angle":213.75},{"duration":1,"start":1.25,"time":277,"value":1,"type":"ease","var":"vfx.canvPos.sy","angle":202.5},{"var":"vfx.canvPos.sx","start":1.25,"time":278,"value":1,"type":"ease","duration":1,"angle":213.75},{"duration":1,"start":1.25,"time":278,"value":1,"type":"ease","var":"vfx.canvPos.sy","angle":202.5},{"var":"vfx.canvPos.sx","start":1.25,"time":279,"value":1,"angle":213.75,"duration":1,"type":"ease"},{"duration":1,"start":1.25,"time":279,"value":1,"type":"ease","var":"vfx.canvPos.sy","angle":202.5},{"var":"vfx.canvPos.sx","start":1.25,"time":280,"value":1,"angle":213.75,"duration":1,"type":"ease"},{"duration":1,"start":1.25,"time":280,"value":1,"type":"ease","var":"vfx.canvPos.sy","angle":202.5},{"duration":1,"start":1.25,"time":281,"value":1,"angle":213.75,"var":"vfx.canvPos.sx","type":"ease"},{"duration":1,"start":1.25,"time":281,"value":1,"type":"ease","var":"vfx.canvPos.sy","angle":202.5},{"duration":1,"start":1.25,"time":282,"value":1,"angle":213.75,"var":"vfx.canvPos.sx","type":"ease"},{"duration":1,"start":1.25,"time":282,"value":1,"type":"ease","var":"vfx.canvPos.sy","angle":202.5},{"duration":1,"start":1.25,"time":283,"value":1,"type":"ease","var":"vfx.canvPos.sx","angle":213.75},{"duration":1,"start":1.25,"time":283,"value":1,"type":"ease","var":"vfx.canvPos.sy","angle":202.5},{"order":0,"g":179,"color":1,"type":"setColor","b":207,"time":284,"angle":236.25,"r":255},{"duration":0.75,"b":65,"color":1,"type":"setColor","g":0,"order":1,"r":195,"angle":225,"time":284},{"order":0,"b":207,"color":1,"angle":236.25,"g":179,"r":255,"type":"setColor","time":285},{"duration":0.75,"b":65,"color":1,"type":"setColor","g":0,"order":1,"r":195,"angle":225,"time":285},{"order":0,"b":207,"color":1,"angle":236.25,"g":179,"r":255,"type":"setColor","time":286},{"duration":0.75,"b":65,"color":1,"type":"setColor","g":0,"order":1,"r":195,"angle":225,"time":286},{"order":0,"b":207,"color":1,"angle":236.25,"g":179,"r":255,"type":"setColor","time":287},{"duration":0.75,"b":65,"color":1,"type":"setColor","g":0,"order":1,"r":195,"angle":225,"time":287},{"order":0,"b":207,"color":1,"angle":236.25,"g":179,"r":255,"type":"setColor","time":288},{"duration":0.75,"b":65,"color":1,"type":"setColor","g":0,"order":1,"r":195,"angle":225,"time":288},{"order":0,"b":207,"color":1,"angle":236.25,"g":179,"r":255,"type":"setColor","time":289},{"duration":0.75,"b":65,"color":1,"type":"setColor","g":0,"order":1,"r":195,"angle":225,"time":289},{"order":0,"b":207,"color":1,"angle":236.25,"g":179,"r":255,"type":"setColor","time":290},{"duration":0.75,"b":65,"color":1,"type":"setColor","g":0,"order":1,"r":195,"angle":225,"time":290},{"order":0,"b":207,"color":1,"angle":236.25,"g":179,"r":255,"type":"setColor","time":291},{"duration":0.75,"b":65,"color":1,"type":"setColor","g":0,"order":1,"r":195,"angle":225,"time":291},{"order":0,"b":207,"color":1,"angle":236.25,"g":179,"r":255,"type":"setColor","time":292},{"duration":0.75,"b":65,"color":1,"type":"setColor","g":0,"order":1,"r":195,"angle":225,"time":292},{"order":0,"b":207,"color":1,"angle":236.25,"g":179,"r":255,"type":"setColor","time":293},{"duration":0.75,"b":65,"color":1,"type":"setColor","g":0,"order":1,"r":195,"angle":225,"time":293},{"var":"vfx.canvPos.sx","start":1.25,"time":284,"value":1,"angle":213.75,"duration":1,"type":"ease"},{"var":"vfx.canvPos.sy","start":1.25,"time":284,"value":1,"angle":202.5,"duration":1,"type":"ease"},{"duration":1,"start":1.25,"time":285,"value":1,"type":"ease","var":"vfx.canvPos.sx","angle":213.75},{"duration":1,"start":1.25,"time":285,"value":1,"type":"ease","var":"vfx.canvPos.sy","angle":202.5},{"duration":1,"start":1.25,"time":286,"value":1,"type":"ease","var":"vfx.canvPos.sx","angle":213.75},{"duration":1,"start":1.25,"time":286,"value":1,"type":"ease","var":"vfx.canvPos.sy","angle":202.5},{"var":"vfx.canvPos.sx","start":1.25,"time":287,"value":1,"type":"ease","duration":1,"angle":213.75},{"duration":1,"start":1.25,"time":287,"value":1,"type":"ease","var":"vfx.canvPos.sy","angle":202.5},{"var":"vfx.canvPos.sx","start":1.25,"time":288,"value":1,"type":"ease","duration":1,"angle":213.75},{"duration":1,"start":1.25,"time":288,"value":1,"type":"ease","var":"vfx.canvPos.sy","angle":202.5},{"var":"vfx.canvPos.sx","start":1.25,"time":289,"value":1,"angle":213.75,"duration":1,"type":"ease"},{"duration":1,"start":1.25,"time":289,"value":1,"type":"ease","var":"vfx.canvPos.sy","angle":202.5},{"var":"vfx.canvPos.sx","start":1.25,"time":290,"value":1,"angle":213.75,"duration":1,"type":"ease"},{"duration":1,"start":1.25,"time":290,"value":1,"type":"ease","var":"vfx.canvPos.sy","angle":202.5},{"duration":1,"start":1.25,"time":291,"value":1,"angle":213.75,"var":"vfx.canvPos.sx","type":"ease"},{"duration":1,"start":1.25,"time":291,"value":1,"type":"ease","var":"vfx.canvPos.sy","angle":202.5},{"duration":1,"start":1.25,"time":292,"value":1,"angle":213.75,"var":"vfx.canvPos.sx","type":"ease"},{"duration":1,"start":1.25,"time":292,"value":1,"type":"ease","var":"vfx.canvPos.sy","angle":202.5},{"duration":1,"start":1.25,"time":293,"value":1,"type":"ease","var":"vfx.canvPos.sx","angle":213.75},{"duration":1,"start":1.25,"time":293,"value":1,"type":"ease","var":"vfx.canvPos.sy","angle":202.5},{"order":0,"g":179,"color":1,"type":"setColor","b":207,"time":294,"angle":236.25,"r":255},{"duration":0.75,"b":65,"color":1,"type":"setColor","g":0,"order":1,"r":195,"angle":225,"time":294},{"order":0,"b":207,"color":1,"angle":236.25,"g":179,"r":255,"type":"setColor","time":295},{"duration":0.75,"b":65,"color":1,"type":"setColor","g":0,"order":1,"r":195,"angle":225,"time":295},{"order":0,"b":207,"color":1,"angle":236.25,"g":179,"r":255,"type":"setColor","time":296},{"duration":0.75,"b":65,"color":1,"type":"setColor","g":0,"order":1,"r":195,"angle":225,"time":296},{"order":0,"b":207,"color":1,"angle":236.25,"g":179,"r":255,"type":"setColor","time":297},{"duration":0.75,"b":65,"color":1,"type":"setColor","g":0,"order":1,"r":195,"angle":225,"time":297},{"order":0,"b":207,"color":1,"angle":236.25,"g":179,"r":255,"type":"setColor","time":298},{"duration":0.75,"b":65,"color":1,"type":"setColor","g":0,"order":1,"r":195,"angle":225,"time":298},{"order":0,"b":207,"color":1,"angle":236.25,"g":179,"r":255,"type":"setColor","time":299},{"duration":0.75,"b":65,"color":1,"type":"setColor","g":0,"order":1,"r":195,"angle":225,"time":299},{"var":"vfx.canvPos.sx","start":1.25,"time":294,"value":1,"angle":213.75,"duration":1,"type":"ease"},{"var":"vfx.canvPos.sy","start":1.25,"time":294,"value":1,"angle":202.5,"duration":1,"type":"ease"},{"duration":1,"start":1.25,"time":295,"value":1,"type":"ease","var":"vfx.canvPos.sx","angle":213.75},{"duration":1,"start":1.25,"time":295,"value":1,"type":"ease","var":"vfx.canvPos.sy","angle":202.5},{"duration":1,"start":1.25,"time":296,"value":1,"type":"ease","var":"vfx.canvPos.sx","angle":213.75},{"duration":1,"start":1.25,"time":296,"value":1,"type":"ease","var":"vfx.canvPos.sy","angle":202.5},{"var":"vfx.canvPos.sx","start":1.25,"time":297,"value":1,"type":"ease","duration":1,"angle":213.75},{"duration":1,"start":1.25,"time":297,"value":1,"type":"ease","var":"vfx.canvPos.sy","angle":202.5},{"var":"vfx.canvPos.sx","start":1.25,"time":298,"value":1,"type":"ease","duration":1,"angle":213.75},{"duration":1,"start":1.25,"time":298,"value":1,"type":"ease","var":"vfx.canvPos.sy","angle":202.5},{"var":"vfx.canvPos.sx","start":1.25,"time":299,"value":1,"angle":213.75,"duration":1,"type":"ease"},{"duration":1,"start":1.25,"time":299,"value":1,"type":"ease","var":"vfx.canvPos.sy","angle":202.5},{"duration":4,"g":255,"color":1,"angle":326.25,"b":255,"time":300,"type":"setColor","r":255},{"g":0,"angle":326.25,"r":195,"time":310,"b":65,"color":0,"type":"setColor"},{"g":0,"angle":337.5,"r":0,"time":310,"b":0,"color":1,"type":"setColor"},{"g":255,"type":"setColor","r":255,"time":311,"b":255,"color":1,"angle":337.5}],"metadata":{"description":"Easy version, that's all :/","difficulty":11,"bg":true,"artistLink":"","artist":"Kashii Moimi feat. KAFU (Remix by kageminori)","charter":"Ratøri","bgData":{"redChannel":{"g":68,"r":216,"b":115},"image":"Cat.png","greenChannel":{"g":121,"r":136,"b":133},"yellowChannel":{"g":219,"r":219,"b":219},"magentaChannel":{"g":255,"r":255,"b":255},"cyanChannel":{"g":143,"r":173,"b":160},"blueChannel":{"g":29,"r":33,"b":49}},"songName":"Cat Loving (Easy)"},"properties":{"formatversion":13,"offset":8,"startBeat":0,"speed":70}}