{"properties":{"startBeat":0,"loadBeat":-4,"formatversion":12,"offset":8,"speed":70},"events":[{"time":-4,"angle":33.75,"color":3,"type":"setBgColor"},{"time":-4,"g":124,"angle":360,"r":83,"color":4,"b":68,"type":"setColor"},{"time":0,"file":"xnor earth.ogg","angle":270,"volume":1,"bpm":45,"type":"play"},{"start":1,"var":"scrollSpeed","duration":0.83333325386047,"angle":275.625,"value":3,"ease":"outElastic","time":1.3333333730698,"type":"ease"},{"time":0,"angle":281.25,"color":3,"chance":0.55000013113022,"type":"noise"},{"enabled":true,"duration":0,"angle":230.625,"paddle":2,"newWidth":45,"ease":"linear","time":0,"type":"paddles"},{"enabled":true,"duration":0,"angle":309.375,"paddle":3,"newWidth":45,"ease":"linear","time":-0,"type":"paddles"},{"duration":1.4166667461395,"angle":225,"paddle":2,"newAngle":135,"ease":"linear","time":0.16666667163372,"type":"paddles"},{"duration":1.4166667461395,"angle":315,"paddle":3,"newAngle":-135,"ease":"linear","time":0.16666667163372,"type":"paddles"},{"enable":true,"angle":320.625,"time":0,"type":"hom"},{"g":255,"duration":0.99999982118607,"angle":303.75,"time":-3.8333332538605,"r":255,"color":0,"b":255,"type":"setColor"},{"time":-4,"g":0,"angle":292.5,"r":0,"color":0,"b":0,"type":"setColor"},{"time":-4,"g":0,"angle":270,"r":0,"color":3,"b":0,"type":"setColor"},{"duration":4.4999990463257,"start":5,"angle":202.5,"value":1,"type":"ease","time":-3.5833332538605,"var":"vfx.canvPos.sx"},{"duration":4.5000004768372,"start":5,"angle":180,"value":1,"type":"ease","time":-3.5833332538605,"var":"vfx.canvPos.sy"},{"duration":0,"enabled":false,"angle":213.75,"paddle":1,"ease":"linear","time":-4,"type":"paddles"},{"enabled":true,"duration":1.5000001192093,"angle":225,"paddle":4,"newWidth":70,"ease":"linear","time":-3,"type":"paddles"},{"time":-4,"angle":135,"value":5,"type":"ease","var":"vfx.canvPos.sx"},{"time":-4,"angle":101.25,"value":5,"type":"ease","var":"vfx.canvPos.sy"},{"outline":true,"time":3.4375,"angle":303.75,"y":90,"x":90,"sprite":"earth@60","id":"ka","type":"deco"},{"duration":0.41666668653488,"angle":292.5,"time":4.25,"hide":true,"id":"ka","type":"deco"},{"time":20.416666030884,"angle":123.75,"bpm":67.5,"type":"setBPM"},{"time":21.583333969116,"angle":118.125,"bpm":90,"type":"setBPM"},{"time":22,"angle":123.75,"bpm":112.5,"type":"setBPM"},{"time":22.541666030884,"angle":135,"bpm":135,"type":"setBPM"},{"time":23.5,"angle":157.5,"bpm":157.5,"type":"setBPM"},{"time":23.458333969116,"angle":78.75,"bpm":157.5,"type":"setBPM"},{"time":24.625,"angle":151.875,"bpm":180,"type":"setBPM"},{"duration":17.700000762939,"angle":140.625,"var":"vfx.canvPos.sx","value":6.5,"ease":"linear","time":20,"type":"ease"},{"duration":17.700000762939,"angle":151.875,"var":"vfx.canvPos.sy","value":6.5,"ease":"linear","time":20,"type":"ease"},{"duration":0.25,"angle":112.5,"var":"vfx.canvPos.sx","value":1,"ease":"outElastic","time":37.4375,"type":"ease"},{"duration":0.25,"angle":140.625,"var":"vfx.canvPos.sy","value":1,"ease":"outElastic","time":37.4375,"type":"ease"},{"duration":0,"enabled":false,"angle":73.125,"paddle":2,"ease":"linear","time":39.1875,"type":"paddles"},{"duration":0,"enabled":false,"angle":95.625,"paddle":3,"ease":"linear","time":39.1875,"type":"paddles"},{"time":39.1875,"angle":106.875,"bpm":45,"type":"setBPM"},{"enable":false,"angle":61.875,"color":0,"time":39.1875,"type":"outline"},{"time":39.375,"spriteName":"miss","angle":45,"type":"forcePlayerSprite"},{"enable":false,"angle":73.125,"type":"setBoolean","time":39.375,"var":"vfx.drawCombo"},{"time":38.6875,"angle":22.5,"color":3,"type":"setBgColor"},{"time":38.6875,"angle":39.375,"color":3,"chance":0.69999998807907,"type":"noise"},{"time":39.625,"spriteName":"","angle":73.125,"type":"forcePlayerSprite"},{"enable":true,"angle":61.875,"type":"setBoolean","time":39.625,"var":"vfx.drawCombo"},{"duration":0,"enabled":false,"angle":315,"paddle":4,"ease":"linear","time":-1.125,"type":"paddles"},{"duration":0,"enabled":true,"angle":292.5,"paddle":1,"ease":"linear","time":-1.125,"type":"paddles"},{"enabled":false,"duration":0,"angle":180,"paddle":4,"newWidth":0,"ease":"linear","time":-4,"type":"paddles"},{"time":43.416667938232,"angle":67.5,"value":1.5,"type":"ease","var":"vfx.canvPos.sx"},{"time":43.416667938232,"angle":78.75,"value":1.5,"type":"ease","var":"vfx.canvPos.sy"},{"time":43.75,"angle":140.625,"value":2.25,"type":"ease","var":"vfx.canvPos.sx"},{"time":43.75,"angle":151.875,"value":2.25,"type":"ease","var":"vfx.canvPos.sy"},{"duration":0.25,"angle":0,"var":"vfx.canvPos.sx","value":1,"ease":"outSine","time":43.916667938232,"type":"ease"},{"duration":0.25,"angle":348.75,"var":"vfx.canvPos.sy","value":1,"ease":"outSine","time":43.916667938232,"type":"ease"},{"enable":false,"angle":45,"time":43.416667938232,"type":"hom"},{"enable":true,"angle":337.5,"time":43.916667938232,"type":"hom"},{"duration":0.1875,"angle":241.875,"var":"vfx.canvPos.sx","value":0.5,"ease":"outElastic","time":46.1875,"type":"ease"},{"duration":0.1875,"angle":253.125,"var":"vfx.canvPos.sy","value":0.5,"ease":"outElastic","time":46.1875,"type":"ease"},{"time":46.75,"angle":191.25,"value":0.25,"type":"ease","var":"vfx.canvPos.sx"},{"time":46.75,"angle":202.5,"value":0.25,"type":"ease","var":"vfx.canvPos.sy"},{"duration":0.125,"angle":219.375,"var":"vfx.canvPos.sx","value":1,"ease":"outElastic","time":47.1875,"type":"ease"},{"duration":0.125,"angle":225,"var":"vfx.canvPos.sy","value":1,"ease":"outElastic","time":47.1875,"type":"ease"},{"time":46.9375,"angle":196.875,"value":0.44999998807907,"type":"ease","var":"vfx.canvPos.sx"},{"time":46.9375,"angle":208.125,"value":0.44999998807907,"type":"ease","var":"vfx.canvPos.sy"},{"time":78.03125,"angle":180,"type":"showResults"},{"time":78.125,"g":0,"angle":185.625,"r":0,"color":3,"b":0,"type":"setColor"},{"time":78.125,"g":0,"angle":191.25,"r":0,"color":0,"b":0,"type":"setColor"},{"duration":5.311999797821,"angle":191.25,"value":4.5,"type":"ease","time":72.9375,"var":"vfx.canvPos.sx"},{"duration":5.311999797821,"angle":202.5,"value":4.5,"type":"ease","time":72.9375,"var":"vfx.canvPos.sy"},{"enable":false,"angle":208.125,"time":72.3125,"type":"hom"},{"time":72.3125,"angle":247.5,"color":0,"chance":0,"type":"noise"},{"time":76.5625,"angle":230.625,"value":2,"type":"ease","var":"vfx.hglitch.resolution"},{"enable":true,"angle":236.25,"type":"setBoolean","time":76.5625,"var":"vfx.hwaves.flip"},{"time":78.0625,"g":255,"angle":185.625,"r":255,"color":0,"b":255,"type":"setColor"},{"time":78.0625,"g":166,"angle":191.25,"r":47,"color":3,"b":47,"type":"setColor"},{"time":78,"g":0,"angle":185.625,"r":0,"color":3,"b":0,"type":"setColor"},{"time":78,"g":0,"angle":191.25,"r":0,"color":0,"b":0,"type":"setColor"},{"time":76.5625,"angle":225,"value":0.68999963998795,"type":"ease","var":"vfx.hwaves.strength"},{"time":77.9375,"g":0,"angle":185.625,"r":0,"color":3,"b":0,"type":"setColor"},{"time":77.9375,"g":0,"angle":191.25,"r":0,"color":0,"b":0,"type":"setColor"},{"time":77.875,"g":255,"angle":185.625,"r":255,"color":0,"b":255,"type":"setColor"},{"time":77.875,"g":166,"angle":191.25,"r":47,"color":3,"b":47,"type":"setColor"},{"time":77.8125,"g":0,"angle":185.625,"r":0,"color":3,"b":0,"type":"setColor"},{"time":77.8125,"g":0,"angle":191.25,"r":0,"color":0,"b":0,"type":"setColor"},{"time":77.8125,"g":0,"angle":185.625,"r":0,"color":3,"b":0,"type":"setColor"},{"time":77.8125,"g":0,"angle":191.25,"r":0,"color":0,"b":0,"type":"setColor"},{"duration":1.5625,"angle":219.375,"value":2.4500000476837,"type":"ease","time":76.625,"var":"vfx.hwaves.strength"},{"time":78.4375,"g":0,"angle":185.625,"r":0,"color":3,"b":0,"type":"setColor"},{"time":78.4375,"g":0,"angle":191.25,"r":0,"color":0,"b":0,"type":"setColor"},{"time":78.375,"g":255,"angle":185.625,"r":255,"color":0,"b":255,"type":"setColor"},{"time":78.375,"g":166,"angle":191.25,"r":47,"color":3,"b":47,"type":"setColor"},{"time":78.3125,"g":0,"angle":185.625,"r":0,"color":3,"b":0,"type":"setColor"},{"time":78.3125,"g":0,"angle":191.25,"r":0,"color":0,"b":0,"type":"setColor"},{"time":78.25,"g":0,"angle":185.625,"r":0,"color":3,"b":0,"type":"setColor"},{"time":78.25,"g":0,"angle":191.25,"r":0,"color":0,"b":0,"type":"setColor"},{"time":78.1875,"g":255,"angle":185.625,"r":255,"color":0,"b":255,"type":"setColor"},{"time":78.1875,"g":166,"angle":191.25,"r":47,"color":3,"b":47,"type":"setColor"},{"time":78.125,"g":0,"angle":185.625,"r":0,"color":3,"b":0,"type":"setColor"},{"time":78.125,"g":0,"angle":191.25,"r":0,"color":0,"b":0,"type":"setColor"},{"time":78.125,"g":0,"angle":185.625,"r":0,"color":3,"b":0,"type":"setColor"},{"time":78.125,"g":0,"angle":191.25,"r":0,"color":0,"b":0,"type":"setColor"},{"duration":0.125,"angle":146.25,"var":"vfx.canvPos.r","value":360,"ease":"outElastic","time":54.6875,"type":"ease"},{"duration":0.125,"angle":135,"var":"vfx.canvPos.sx","value":2,"ease":"outSine","time":54.4375,"type":"ease"},{"duration":0.125,"angle":146.25,"var":"vfx.canvPos.sy","value":2,"ease":"outSine","time":54.4375,"type":"ease"},{"duration":0.125,"angle":157.5,"var":"vfx.canvPos.sx","value":1,"ease":"outSine","time":54.6875,"type":"ease"},{"duration":0.125,"angle":174.375,"var":"vfx.canvPos.sy","value":1,"ease":"outSine","time":54.6875,"type":"ease"},{"duration":0.1875,"angle":163.125,"var":"vfx.canvPos.r","value":0,"ease":"inOutElastic","time":57.4375,"type":"ease"},{"time":3.5,"angle":315,"id":"water","type":"deco"},{"sprite":"earthwater@4","effectCanvas":false,"type":"deco","time":-4,"sx":1.5000001192093,"sy":1.5000001192093,"angle":337.5,"drawLayer":"bg","drawOrder":10,"id":"water","recolor":-1,"x":0,"y":-40},{"g":41,"time":-3,"angle":292.5,"duration":2,"r":57,"color":3,"b":112,"type":"setColor"},{"time":-4,"g":248,"angle":247.5,"r":255,"color":2,"b":3,"type":"setColor"},{"sprite":"sunprop!sunloop","sx":0.20000000298023,"time":-4,"angle":45,"type":"deco","id":"sun","sy":0.20000000298023,"x":15,"y":50},{"time":-4,"angle":16.875,"g":111,"r":89,"color":5,"b":175,"type":"setColor"},{"time":-4,"g":185,"angle":67.5,"r":107,"color":6,"b":182,"type":"setColor"},{"time":-4,"g":231,"angle":157.5,"r":236,"color":7,"b":239,"type":"setColor"},{"sprite":"earthBB.png","y":600,"sx":0.79999995231628,"time":18.4375,"id":"earth","drawLayer":"bg","sy":0.79999995231628,"angle":67.5,"oy":150,"ox":150,"type":"deco"},{"time":19.3125,"angle":67.5,"y":180,"duration":1.5,"ease":"outBack","id":"earth","type":"deco"},{"time":12,"angle":112.5,"type":"deco","duration":1.0625,"ease":"inQuad","id":"water","y":450},{"g":0,"time":12,"duration":1,"angle":90,"ease":"outSine","r":0,"color":3,"b":0,"type":"setColor"},{"order":1,"time":13.625,"angle":90,"g":41,"r":57,"color":3,"b":112,"type":"setColor"},{"time":13.0625,"angle":90,"color":1,"order":0,"type":"setBgColor"},{"time":13.0625,"angle":112.5,"color":1,"chance":0.55000001192093,"type":"noise"},{"g":255,"time":12,"angle":45,"duration":1,"r":255,"color":2,"b":255,"type":"setColor"},{"time":13,"angle":45,"recolor":0,"id":"sun","type":"deco"},{"time":13.125,"angle":67.5,"hide":true,"id":"water","type":"deco"},{"time":13.5625,"g":142,"angle":67.5,"r":187,"color":2,"b":74,"type":"setColor"},{"g":12,"time":38.6875,"ease":"outSine","angle":56.25,"duration":0.4375,"r":34,"color":1,"b":66,"type":"setColor"},{"time":-0,"ox":100,"type":"deco","duration":36.5,"x":300,"angle":241.875,"y":37,"id":"sun","oy":100},{"time":36.5,"angle":354.375,"type":"deco","id":"sun","duration":36.5,"x":595,"y":31},{"sx":-1.4901161193848e-08,"sy":-7.4505805969238e-08,"angle":241.875,"time":66.75,"r":500,"duration":9,"id":"earth","type":"deco"},{"time":77.8125,"angle":196.875,"r":0,"color":1,"type":"setColor"}],"metadata":{"artist":"Frums","charter":"ImPurplez_ [_IPz]","difficulty":12,"bgData":{"blueChannel":{"r":57,"g":0,"b":112},"greenChannel":{"r":83,"g":124,"b":68},"yellowChannel":{"r":89,"g":111,"b":175},"magentaChannel":{"r":107,"g":185,"b":182},"cyanChannel":{"r":236,"g":231,"b":239},"image":"tomsawyer.png","redChannel":{"r":214,"g":162,"b":68}},"songName":"XNOR XNOR XNOR [土]","description":"XNOR.COLLAB - PART 6/7\nEARTH - Flashing Lights\n\nIncludes: Mines, inverses, like 4 sides, and taps.\n\nNote/Quote by Creator\n\"Earth? More like hell!\" - _IPz","artistLink":"","bg":true}}