[{"type":"block","angle":-315,"time":0},{"type":"block","angle":67.5,"time":0.5},{"type":"block","angle":-315,"time":0.75},{"type":"block","angle":-337.5,"time":1.25},{"type":"block","angle":22.5,"time":1.75},{"type":"block","angle":45,"time":2.25},{"type":"block","angle":22.5,"time":3.5},{"type":"block","angle":67.5,"time":2.75},{"type":"block","angle":45,"time":3},{"type":"block","angle":-427.5,"time":4},{"type":"block","angle":-45,"time":4.5},{"type":"block","angle":-427.5,"time":4.75},{"type":"block","angle":-450,"time":5.25},{"type":"block","angle":-90,"time":5.75},{"type":"block","angle":-67.5,"time":6.25},{"type":"block","angle":-90,"time":7.5},{"type":"block","angle":-45,"time":6.75},{"type":"block","angle":-67.5,"time":7},{"type":"hold","duration":1,"time":8,"angle2":202.5,"angle":225},{"type":"block","angle":247.5,"time":7.9375},{"type":"hold","duration":0.75,"time":9,"angle2":180,"angle":202.5},{"type":"block","angle":180,"time":10.5},{"type":"block","angle":157.5,"time":10.75},{"type":"block","angle":202.5,"time":11},{"type":"block","angle":180,"time":11.25},{"type":"block","angle":202.5,"time":11.5},{"type":"block","angle":180,"time":11.75},{"type":"block","angle":157.5,"time":12},{"type":"hold","duration":0.75,"time":12.25,"angle2":157.5,"angle":112.5},{"type":"hold","duration":0.75,"time":13,"angle2":202.5,"angle":157.5},{"type":"block","angle":-810,"time":14.25},{"type":"block","angle":-787.5,"time":14.5},{"type":"block","angle":-832.5,"time":14.75},{"type":"block","angle":-810,"time":15},{"type":"block","angle":-832.5,"time":15.25},{"type":"block","angle":-810,"time":15.5},{"type":"block","angle":-787.5,"time":15.75},{"type":"hold","duration":0.75,"time":16,"angle2":-787.5,"angle":-742.5},{"type":"hold","duration":0.75,"time":16.75,"angle2":-832.5,"angle":-787.5},{"type":"block","angle":787.5,"time":18.5},{"type":"block","angle":765,"time":18.75},{"type":"block","angle":810,"time":19},{"type":"block","angle":787.5,"time":19.25},{"type":"block","angle":810,"time":19.5},{"type":"block","angle":787.5,"time":19.75},{"type":"block","angle":765,"time":20},{"type":"block","angle":832.5,"time":20.25},{"type":"block","angle":810,"time":20.5},{"type":"block","angle":855,"time":20.75},{"type":"block","angle":832.5,"time":21},{"type":"block","angle":855,"time":21.25},{"type":"block","angle":832.5,"time":21.5},{"type":"block","angle":877.5,"time":21.75},{"type":"block","angle":855,"time":22},{"type":"block","angle":900,"time":22.25},{"type":"block","angle":877.5,"time":22.5},{"type":"block","angle":900,"time":22.75},{"type":"block","angle":877.5,"time":23},{"type":"block","angle":855,"time":23.25},{"type":"block","angle":877.5,"time":22.5},{"type":"block","angle":855,"time":22.75},{"type":"block","angle":900,"time":23},{"type":"block","angle":877.5,"time":23.25},{"type":"block","angle":900,"time":23.5},{"type":"block","angle":877.5,"time":23.75},{"type":"block","angle":855,"time":24},{"type":"block","angle":157.5,"time":24.25},{"type":"block","angle":180,"time":24.5},{"type":"block","angle":202.5,"time":24.75},{"type":"block","angle":225,"time":25},{"type":"block","angle":247.5,"time":25.25},{"type":"block","angle":270,"time":25.5},{"type":"block","angle":292.5,"time":25.75},{"type":"block","angle":315,"time":26},{"type":"block","angle":337.5,"time":26.25},{"type":"block","angle":360,"time":26.5},{"type":"block","angle":382.5,"time":26.75},{"type":"block","angle":405,"time":27},{"type":"block","angle":67.5,"time":27.25},{"type":"block","angle":90,"time":27.5},{"type":"block","angle":112.5,"time":27.75},{"type":"block","angle":135,"time":28},{"type":"block","angle":157.5,"time":28.25},{"type":"block","angle":180,"time":28.5},{"type":"block","angle":202.5,"time":28.75},{"type":"block","angle":225,"time":29},{"type":"block","angle":247.5,"time":29.25},{"type":"block","angle":270,"time":29.5},{"type":"block","angle":292.5,"time":29.75},{"type":"block","angle":315,"time":30},{"type":"block","angle":-382.5,"time":30.25},{"type":"block","angle":-405,"time":30.5},{"type":"block","angle":-427.5,"time":30.75},{"type":"block","angle":-450,"time":31},{"type":"block","angle":-472.5,"time":31.25},{"type":"block","angle":-495,"time":31.5},{"type":"block","angle":-517.5,"time":31.75},{"type":"block","angle":-540,"time":32},{"type":"block","angle":-562.5,"time":32.25},{"type":"block","angle":-585,"time":32.5},{"type":"block","angle":-607.5,"time":32.75},{"type":"block","angle":-630,"time":33},{"type":"block","angle":-292.5,"time":33.25},{"type":"block","angle":-315,"time":33.5},{"type":"block","angle":-337.5,"time":33.75},{"type":"block","angle":-360,"time":34},{"type":"block","angle":-382.5,"time":34.25},{"type":"block","angle":-405,"time":34.5},{"type":"block","angle":-427.5,"time":34.75},{"type":"block","angle":-450,"time":35},{"type":"block","angle":-472.5,"time":35.25},{"type":"block","angle":-495,"time":35.5},{"type":"block","angle":-517.5,"time":35.75},{"type":"block","angle":-540,"time":36},{"type":"block","angle":157.5,"time":36.25},{"type":"block","angle":180,"time":36.5},{"type":"block","angle":202.5,"time":36.75},{"type":"block","angle":225,"time":37},{"type":"block","angle":247.5,"time":37.25},{"type":"block","angle":270,"time":37.5},{"type":"block","angle":292.5,"time":37.75},{"type":"block","angle":315,"time":38},{"type":"block","angle":337.5,"time":38.25},{"type":"block","angle":360,"time":38.5},{"type":"block","angle":382.5,"time":38.75},{"type":"block","angle":405,"time":39},{"type":"block","angle":67.5,"time":39.25},{"type":"block","angle":90,"time":39.5},{"type":"block","angle":112.5,"time":39.75},{"type":"block","angle":135,"time":40},{"type":"block","angle":157.5,"time":40.25},{"type":"hold","duration":0.25,"time":40.75,"angle2":270,"angle":270},{"type":"hold","duration":0.5,"time":41,"angle2":292.5,"angle":270},{"type":"hold","duration":0.5,"time":41,"angle2":247.5,"angle":270},{"type":"hold","duration":0.75,"time":41.5,"angle2":315,"angle":292.5},{"type":"hold","duration":0.75,"time":41.5,"angle2":337.5,"angle":247.5},{"type":"hold","duration":0.5,"time":42.25,"angle2":315,"angle":337.5},{"type":"hold","duration":0.5,"time":42.25,"angle2":360,"angle":315},{"type":"block","angle":315,"time":43},{"type":"block","angle":292.5,"time":43.25},{"type":"block","angle":270,"time":43.5},{"type":"block","angle":292.5,"time":43.75},{"type":"block","angle":270,"time":44},{"type":"block","angle":292.5,"time":44.25},{"type":"hold","duration":0.5,"time":44.5,"angle2":315,"angle":337.5},{"type":"hold","duration":0.5,"time":44.5,"angle2":360,"angle":337.5},{"type":"hold","duration":0.75,"time":45,"angle2":-45,"angle":0},{"type":"hold","duration":0.75,"time":45,"angle2":337.5,"angle":315},{"type":"hold","duration":1,"time":45.75,"angle2":180,"angle":337.5},{"type":"hold","duration":1,"time":45.75,"angle2":180,"angle":315},{"type":"hold","duration":2.25,"time":46.75,"angle":180,"holdEase":"inElastic","angle2":270},{"type":"hold","duration":0.25,"time":49,"angle2":-90,"angle":-90},{"type":"hold","duration":0.5,"time":49.25,"angle2":-112.5,"angle":-90},{"type":"hold","duration":0.5,"time":49.25,"angle2":-67.5,"angle":-90},{"type":"hold","duration":0.75,"time":49.75,"angle2":-135,"angle":-112.5},{"type":"hold","duration":0.75,"time":49.75,"angle2":-157.5,"angle":-67.5},{"type":"hold","duration":0.5,"time":50.5,"angle2":-135,"angle":-157.5},{"type":"hold","duration":0.5,"time":50.5,"angle2":-180,"angle":-135},{"type":"block","angle":-135,"time":51.25},{"type":"block","angle":-112.5,"time":51.5},{"type":"block","angle":-90,"time":51.75},{"type":"block","angle":-112.5,"time":52},{"type":"block","angle":-90,"time":52.25},{"type":"hold","duration":2,"time":52.5,"angle2":112.5,"angle":247.5},{"type":"block","angle":129.73416137695,"time":54.25},{"type":"block","angle":145.56100463867,"time":54},{"type":"block","angle":163.18530273438,"time":53.75},{"type":"hold","duration":1,"time":54.5,"angle2":45.057243347168,"angle":112.55724334717},{"type":"hold","duration":1,"time":55.5,"angle2":-22.5,"angle":45},{"type":"block","angle":78.190116882324,"time":55},{"type":"hold","duration":1,"time":56.5,"angle2":247.5,"angle":337.5},{"type":"hold","duration":1,"time":57.5,"angle2":135,"angle":247.5},{"type":"hold","duration":1,"time":58.5,"angle2":22.5,"angle":135},{"type":"hold","duration":1,"time":59.5,"angle2":-90,"angle":22.5},{"type":"extraTap","angle":22.5,"time":56.5},{"type":"extraTap","angle":270,"time":57.5},{"type":"extraTap","angle":112.5,"time":58.5},{"type":"extraTap","angle":45,"time":59.5},{"type":"extraTap","angle":292.5,"time":60.5},{"type":"extraTap","angle":90,"time":54.5},{"type":"extraTap","angle":90,"time":55.5},{"type":"hold","duration":1,"time":60.5,"angle2":382.5,"angle":270},{"type":"hold","duration":1,"time":61.5,"angle2":135,"angle":22.5},{"type":"hold","duration":1,"time":62.5,"angle2":225,"angle":135},{"type":"hold","duration":1,"time":63.5,"angle2":315,"angle":225},{"type":"extraTap","angle":337.5,"time":61.5},{"type":"extraTap","angle":90,"time":62.5},{"type":"extraTap","angle":247.5,"time":63.5},{"type":"extraTap","angle":270,"time":64.5},{"type":"hold","duration":4,"time":64.5,"angle2":225,"angle":315},{"type":"hold","duration":4,"time":68.5,"angle2":315,"angle":225},{"type":"hold","duration":4,"time":72.5,"angle2":225,"angle":315},{"type":"inverse","angle":90,"time":80.5},{"type":"inverse","angle":112.5,"time":81},{"type":"inverse","time":81.5,"angle":135},{"type":"inverse","time":81.75,"angle":112.5},{"type":"inverse","time":82.25,"angle":90},{"type":"inverse","time":82.75,"angle":67.5},{"type":"inverse","time":83.25,"angle":112.5},{"type":"inverse","time":83.5,"angle":135},{"type":"inverse","time":83.75,"angle":157.5},{"type":"inverse","time":84,"angle":180},{"type":"inverse","time":84.25,"angle":202.5},{"type":"inverse","time":84.5,"angle":225},{"type":"inverse","time":84.75,"angle":-90},{"type":"inverse","angle":-112.5,"time":85.25},{"type":"inverse","time":85.75,"angle":-135},{"type":"inverse","time":86,"angle":-112.5},{"type":"inverse","time":86.5,"angle":-90},{"type":"inverse","time":87,"angle":-67.5},{"type":"inverse","angle":247.5,"time":87.5},{"type":"inverse","angle":225,"time":87.75},{"type":"inverse","angle":247.5,"time":88},{"type":"inverse","angle":225,"time":88.25},{"type":"inverse","time":88.75,"angle":-270},{"type":"inverse","angle":-292.5,"time":89.25},{"type":"inverse","time":89.75,"angle":-315},{"type":"inverse","time":90,"angle":-292.5},{"type":"inverse","time":90.5,"angle":-270},{"type":"inverse","time":91,"angle":-247.5},{"type":"inverse","time":91.5,"angle":-292.5},{"type":"inverse","time":91.75,"angle":-315},{"type":"inverse","time":92,"angle":-337.5},{"type":"inverse","time":92.25,"angle":-360},{"type":"inverse","time":92.5,"angle":-382.5},{"type":"inverse","time":92.75,"angle":-405},{"type":"inverse","angle":-90,"time":93},{"type":"inverse","angle":-67.5,"time":93.5},{"type":"inverse","time":94,"angle":-45},{"type":"inverse","time":94.25,"angle":-67.5},{"type":"inverse","time":94.75,"angle":-90},{"type":"inverse","time":95.25,"angle":-112.5},{"type":"inverse","angle":-427.5,"time":95.75},{"type":"inverse","angle":-405,"time":96},{"type":"inverse","angle":-427.5,"time":96.25},{"type":"inverse","angle":-405,"time":96.5},{"type":"hold","duration":4.5,"time":96.25,"angle2":472.5,"angle":315},{"type":"hold","duration":4,"time":100.75,"angle2":-135,"angle":112.5},{"type":"hold","duration":4,"time":104.75,"angle2":697.5,"angle":225},{"type":"block","time":108.75,"angle":337.5},{"type":"block","time":109.5,"angle":315},{"type":"block","time":110.25,"angle":292.5},{"type":"block","time":111,"angle":270},{"type":"block","angle":225,"time":111.75},{"type":"block","angle":202.5,"time":112.25},{"type":"hold","duration":1,"time":112.5,"angle2":22.5,"angle":45},{"type":"hold","duration":0.75,"time":113.5,"angle2":0,"angle":22.5},{"type":"block","angle":0,"time":115},{"type":"block","angle":-22.5,"time":115.25},{"type":"block","angle":22.5,"time":115.5},{"type":"block","angle":0,"time":115.75},{"type":"block","angle":22.5,"time":116},{"type":"block","angle":0,"time":116.25},{"type":"block","angle":-22.5,"time":116.5},{"type":"hold","duration":0.75,"time":116.75,"angle2":-22.5,"angle":-67.5},{"type":"hold","duration":0.75,"time":117.5,"angle2":22.5,"angle":-22.5},{"type":"block","angle":-990,"time":118.75},{"type":"block","angle":-967.5,"time":119},{"type":"block","angle":-1012.5,"time":119.25},{"type":"block","angle":-990,"time":119.5},{"type":"block","angle":-1012.5,"time":119.75},{"type":"block","angle":-990,"time":120},{"type":"block","angle":-967.5,"time":120.25},{"type":"hold","duration":0.75,"time":120.5,"angle2":-967.5,"angle":-922.5},{"type":"hold","duration":0.75,"time":121.25,"angle2":-1012.5,"angle":-967.5},{"type":"block","angle":607.5,"time":123},{"type":"block","angle":585,"time":123.25},{"type":"block","angle":630,"time":123.5},{"type":"block","angle":607.5,"time":123.75},{"type":"block","angle":630,"time":124},{"type":"block","angle":607.5,"time":124.25},{"type":"block","angle":585,"time":124.5},{"type":"block","angle":652.5,"time":124.75},{"type":"block","angle":630,"time":125},{"type":"block","angle":675,"time":125.25},{"type":"block","angle":652.5,"time":125.5},{"type":"block","angle":675,"time":125.75},{"type":"block","angle":652.5,"time":126},{"type":"block","angle":697.5,"time":126.25},{"type":"block","angle":675,"time":126.5},{"type":"block","angle":720,"time":126.75},{"type":"block","angle":697.5,"time":127},{"type":"block","angle":720,"time":127.25},{"type":"block","angle":697.5,"time":127.5},{"type":"block","angle":675,"time":127.75},{"type":"block","angle":697.5,"time":127},{"type":"block","angle":675,"time":127.25},{"type":"block","angle":720,"time":127.5},{"type":"block","angle":697.5,"time":127.75},{"type":"block","angle":720,"time":128},{"type":"block","angle":697.5,"time":128.25},{"type":"block","angle":675,"time":128.5},{"type":"block","angle":-22.5,"time":128.75},{"type":"block","angle":0,"time":129},{"type":"block","angle":22.5,"time":129.25},{"type":"block","angle":45,"time":129.5},{"type":"block","angle":67.5,"time":129.75},{"type":"block","angle":90,"time":130},{"type":"block","angle":112.5,"time":130.25},{"type":"block","angle":135,"time":130.5},{"type":"block","angle":157.5,"time":130.75},{"type":"block","angle":180,"time":131},{"type":"block","angle":202.5,"time":131.25},{"type":"block","angle":225,"time":131.5},{"type":"block","angle":-112.5,"time":131.75},{"type":"block","angle":-90,"time":132},{"type":"block","angle":-67.5,"time":132.25},{"type":"block","angle":-45,"time":132.5},{"type":"block","angle":-22.5,"time":132.75},{"type":"block","angle":0,"time":133},{"type":"block","angle":22.5,"time":133.25},{"type":"block","angle":45,"time":133.5},{"type":"block","angle":67.5,"time":133.75},{"type":"block","angle":90,"time":134},{"type":"block","angle":112.5,"time":134.25},{"type":"block","angle":135,"time":134.5},{"type":"block","angle":-562.5,"time":134.75},{"type":"block","angle":-585,"time":135},{"type":"block","angle":-607.5,"time":135.25},{"type":"block","angle":-630,"time":135.5},{"type":"block","angle":-652.5,"time":135.75},{"type":"block","angle":-675,"time":136},{"type":"block","angle":-697.5,"time":136.25},{"type":"block","angle":-720,"time":136.5},{"type":"block","angle":-742.5,"time":136.75},{"type":"block","angle":-765,"time":137},{"type":"block","angle":-787.5,"time":137.25},{"type":"block","angle":-810,"time":137.5},{"type":"block","angle":-472.5,"time":137.75},{"type":"block","angle":-495,"time":138},{"type":"block","angle":-517.5,"time":138.25},{"type":"block","angle":-540,"time":138.5},{"type":"block","angle":-562.5,"time":138.75},{"type":"block","angle":-585,"time":139},{"type":"block","angle":-607.5,"time":139.25},{"type":"block","angle":-630,"time":139.5},{"type":"block","angle":-652.5,"time":139.75},{"type":"block","angle":-675,"time":140},{"type":"block","angle":-697.5,"time":140.25},{"type":"block","angle":-720,"time":140.5},{"type":"block","angle":-22.5,"time":140.75},{"type":"block","angle":0,"time":141},{"type":"block","angle":22.5,"time":141.25},{"type":"block","angle":45,"time":141.5},{"type":"block","angle":67.5,"time":141.75},{"type":"block","angle":90,"time":142},{"type":"block","angle":112.5,"time":142.25},{"type":"block","angle":135,"time":142.5},{"type":"block","angle":157.5,"time":142.75},{"type":"block","angle":180,"time":143},{"type":"block","angle":202.5,"time":143.25},{"type":"block","angle":225,"time":143.5},{"type":"block","angle":-112.5,"time":143.75},{"type":"block","angle":-90,"time":144},{"type":"block","angle":-67.5,"time":144.25},{"type":"block","angle":-45,"time":144.5},{"type":"block","angle":-22.5,"time":144.75},{"type":"hold","duration":0.25,"time":145.25,"angle2":90,"angle":90},{"type":"hold","duration":0.5,"time":145.5,"angle2":112.5,"angle":90},{"type":"hold","duration":0.5,"time":145.5,"angle2":67.5,"angle":90},{"type":"hold","duration":0.75,"time":146,"angle2":135,"angle":112.5},{"type":"hold","duration":0.75,"time":146,"angle2":157.5,"angle":67.5},{"type":"hold","duration":0.5,"time":146.75,"angle2":135,"angle":157.5},{"type":"hold","duration":0.5,"time":146.75,"angle2":180,"angle":135},{"type":"block","angle":135,"time":147.5},{"type":"block","angle":112.5,"time":147.75},{"type":"block","angle":90,"time":148},{"type":"block","angle":112.5,"time":148.25},{"type":"block","angle":90,"time":148.5},{"type":"block","angle":112.5,"time":148.75},{"type":"hold","duration":0.5,"time":149,"angle2":135,"angle":157.5},{"type":"hold","duration":0.5,"time":149,"angle2":180,"angle":157.5},{"type":"hold","duration":0.75,"time":149.5,"angle2":-225,"angle":-180},{"type":"hold","duration":0.75,"time":149.5,"angle2":157.5,"angle":135},{"type":"hold","duration":1,"time":150.25,"angle2":0,"angle":157.5},{"type":"hold","duration":1,"time":150.25,"angle2":0,"angle":135},{"type":"hold","duration":2.25,"time":151.25,"angle":0,"holdEase":"inElastic","angle2":90},{"type":"hold","duration":0.25,"time":153.5,"angle2":-270,"angle":-270},{"type":"hold","duration":0.5,"time":153.75,"angle2":-292.5,"angle":-270},{"type":"hold","duration":0.5,"time":153.75,"angle2":-247.5,"angle":-270},{"type":"hold","duration":0.75,"time":154.25,"angle2":-315,"angle":-292.5},{"type":"hold","duration":0.75,"time":154.25,"angle2":-337.5,"angle":-247.5},{"type":"hold","duration":0.5,"time":155,"angle2":-315,"angle":-337.5},{"type":"hold","duration":0.5,"time":155,"angle2":-360,"angle":-315},{"type":"block","angle":-315,"time":155.75},{"type":"block","angle":-292.5,"time":156},{"type":"block","angle":-270,"time":156.25},{"type":"block","angle":-292.5,"time":156.5},{"type":"block","angle":-270,"time":156.75},{"type":"hold","duration":2,"time":157,"angle2":-67.5,"angle":67.5},{"type":"block","angle":-50.26583862305,"time":158.75},{"type":"block","angle":-34.43899536133,"time":158.5},{"type":"block","angle":-16.81469726562,"time":158.25},{"type":"hold","duration":1,"time":159,"angle2":-134.94275665283,"angle":-67.44275665283},{"type":"hold","duration":1,"time":160,"angle2":-202.5,"angle":-135},{"type":"block","angle":-101.80988311768,"time":159.5},{"type":"hold","duration":1,"time":161,"angle2":67.5,"angle":157.5},{"type":"hold","duration":1,"time":162,"angle2":-45,"angle":67.5},{"type":"hold","duration":1,"time":163,"angle2":-157.5,"angle":-45},{"type":"hold","duration":1,"time":164,"angle2":-270,"angle":-157.5},{"type":"extraTap","angle":-157.5,"time":161},{"type":"extraTap","angle":90,"time":162},{"type":"extraTap","angle":-67.5,"time":163},{"type":"extraTap","angle":-135,"time":164},{"type":"extraTap","angle":112.5,"time":165},{"type":"extraTap","angle":-90,"time":159},{"type":"extraTap","angle":-90,"time":160},{"type":"hold","duration":1,"time":165,"angle2":202.5,"angle":90},{"type":"hold","duration":1,"time":166,"angle2":-45,"angle":-157.5},{"type":"hold","duration":1,"time":167,"angle2":45,"angle":-45},{"type":"hold","duration":1,"time":168,"angle2":135,"angle":45},{"type":"extraTap","angle":157.5,"time":166},{"type":"extraTap","angle":-90,"time":167},{"type":"extraTap","angle":67.5,"time":168},{"type":"extraTap","angle":90,"time":169},{"type":"hold","duration":4,"time":169,"angle2":45,"angle":135},{"type":"hold","duration":4,"time":173,"angle2":135,"angle":45},{"type":"hold","duration":4,"time":177,"angle2":45,"angle":135},{"type":"inverse","angle":-90,"time":185},{"type":"inverse","angle":-67.5,"time":185.5},{"type":"inverse","time":186,"angle":-45},{"type":"inverse","time":186.25,"angle":-67.5},{"type":"inverse","time":186.75,"angle":-90},{"type":"inverse","time":187.25,"angle":-112.5},{"type":"inverse","time":187.75,"angle":-67.5},{"type":"inverse","time":188,"angle":-45},{"type":"inverse","time":188.25,"angle":-22.5},{"type":"inverse","time":188.5,"angle":0},{"type":"inverse","time":188.75,"angle":22.5},{"type":"inverse","time":189,"angle":45},{"type":"inverse","time":189.25,"angle":-270},{"type":"inverse","angle":-292.5,"time":189.75},{"type":"inverse","time":190.25,"angle":-315},{"type":"inverse","time":190.5,"angle":-292.5},{"type":"inverse","time":191,"angle":-270},{"type":"inverse","time":191.5,"angle":-247.5},{"type":"inverse","angle":67.5,"time":192},{"type":"inverse","angle":45,"time":192.25},{"type":"inverse","angle":67.5,"time":192.5},{"type":"inverse","angle":45,"time":192.75},{"type":"inverse","time":193.25,"angle":-450},{"type":"inverse","angle":-472.5,"time":193.75},{"type":"inverse","time":194.25,"angle":-495},{"type":"inverse","time":194.5,"angle":-472.5},{"type":"inverse","time":195,"angle":-450},{"type":"inverse","time":195.5,"angle":-427.5},{"type":"inverse","time":196,"angle":-472.5},{"type":"inverse","time":196.25,"angle":-495},{"type":"inverse","time":196.5,"angle":-517.5},{"type":"inverse","time":196.75,"angle":-540},{"type":"inverse","time":197,"angle":-562.5},{"type":"inverse","time":197.25,"angle":-585},{"type":"inverse","angle":-270,"time":197.5},{"type":"inverse","angle":-247.5,"time":198},{"type":"inverse","time":198.5,"angle":-225},{"type":"inverse","time":198.75,"angle":-247.5},{"type":"inverse","time":199.25,"angle":-270},{"type":"inverse","time":199.75,"angle":-292.5},{"type":"inverse","angle":-607.5,"time":200.25},{"type":"inverse","angle":-585,"time":200.5},{"type":"inverse","angle":-607.5,"time":200.75},{"type":"inverse","angle":-585,"time":201},{"type":"hold","duration":4.5,"time":200.75,"angle2":292.5,"angle":135},{"type":"hold","duration":4,"time":205.25,"angle2":-315,"angle":-67.5},{"type":"hold","duration":4,"time":209.25,"angle2":517.5,"angle":45},{"type":"block","time":213.25,"angle":157.5},{"type":"block","time":214,"angle":135},{"type":"block","time":214.75,"angle":112.5},{"type":"block","time":215.5,"angle":90},{"type":"block","angle":45,"time":216.25},{"type":"block","angle":22.5,"time":216.75},{"type":"side","time":242.75,"angle":0,"speedMult":0.10000000149012},{"type":"side","time":242.75,"speedMult":0.10000000149012,"angle":11.25},{"type":"side","time":242.75,"speedMult":0.10000000149012,"angle":348.75},{"type":"side","time":242.75,"speedMult":0.10000000149012,"angle":22.5},{"type":"side","time":242.75,"speedMult":0.10000000149012,"angle":33.75},{"type":"side","time":242.75,"speedMult":0.10000000149012,"angle":337.5},{"type":"side","time":242.75,"speedMult":0.10000000149012,"angle":326.25}]