{"metadata":{"description":"aw shit cranky got absorbed into a wormhole vortex thingy and now he's gotta fight dark manandind (see left)\n\ni dont think hes making it outta this one guysuysuysyusysuyus\n\nMechanics used: Inverses, Camera flipping bullshit","songName":"Boss (Kirby and the Amazing Mirror)","bg":true,"artistLink":"","difficulty":9,"artist":"Hironobu Inagaki, Atsuyoshi Isemura","charter":"Tri The Kitten","bgData":{"redChannel":{"b":0,"g":0,"r":150},"blueChannel":{"b":153,"g":134,"r":118},"greenChannel":{"b":131,"g":55,"r":29},"yellowChannel":{"b":0,"g":171,"r":222},"magentaChannel":{"b":89,"g":91,"r":149},"cyanChannel":{"b":201,"g":189,"r":183},"image":"gay_dark_mind.png"}},"events":[{"type":"play","volume":1,"time":0,"file":"15 Boss.ogg","bpm":154,"angle":-337.5},{"type":"deco","duration":5,"x":0,"y":-15,"sprite":"wormhole.png","id":"2324","drawLayer":"bg","angle":337.5,"time":-9.5,"sx":0.60000002384186,"sy":0.60000002384186},{"type":"setColor","duration":4.75,"r":0,"g":50,"color":0,"b":255,"time":-9.25,"angle":315},{"type":"setColor","duration":4.75,"r":0,"g":0,"color":1,"b":0,"time":-9.25,"angle":292.5},{"type":"setColor","duration":4.75,"r":0,"g":150,"color":2,"b":255,"time":-9.25,"angle":270},{"type":"setColor","duration":4.75,"r":0,"g":0,"color":3,"b":255,"time":-9.25,"angle":247.5},{"type":"setColor","duration":4.75,"r":0,"g":0,"color":5,"b":124,"time":-9.25,"angle":225},{"type":"setColor","duration":4.75,"r":0,"g":0,"color":6,"b":74,"time":-9.25,"angle":202.5},{"type":"ease","var":"p.fillColor","value":0,"time":-10,"angle":315},{"type":"ease","var":"scrollSpeed","value":1.5,"time":-10,"angle":45},{"type":"deco","x":300,"y":180,"sprite":"wormhole.png","id":"2324","time":-10,"sy":0,"sx":0,"angle":0},{"type":"forcePlayerSprite","time":64.5,"spriteName":"miss","angle":0},{"type":"bookmark","b":0,"g":0,"time":64.5,"name":"Section","description":"Dark Mind's eyes appear, starts fucking with the paddle","r":255,"angle":45},{"type":"ease","duration":1,"var":"scrollSpeed","time":-1,"value":0.5,"angle":90},{"type":"ease","duration":2,"var":"scrollSpeed","time":6,"value":1.5,"angle":337.5,"ease":"inBack"},{"type":"ease","duration":0.75,"var":"scrollSpeed","time":9.75,"value":0.5,"angle":157.5},{"type":"ease","duration":1,"var":"scrollSpeed","time":12.25,"value":1.5,"angle":90},{"type":"ease","duration":0.5,"var":"scrollSpeed","time":13.75,"value":0.5,"angle":247.5},{"type":"ease","duration":1,"var":"scrollSpeed","time":16,"value":1.5,"angle":0},{"type":"ease","duration":1,"var":"scrollSpeed","time":17.5,"value":0.5,"angle":67.5},{"type":"ease","duration":3,"var":"scrollSpeed","value":1,"time":21.25,"angle":112.5,"ease":"inBack"},{"type":"ease","var":"vfx.canvPos.sx","value":0,"time":64.5,"angle":90},{"type":"ease","var":"vfx.canvPos.sx","value":1,"time":64.75,"angle":90},{"type":"setColor","r":255,"color":0,"b":255,"time":64.5,"g":255,"angle":112.5},{"type":"setColor","r":0,"color":0,"b":255,"time":64.75,"g":50,"angle":112.5},{"type":"deco","x":278,"y":0,"sprite":"darkmindeyes.png","id":"7865","time":64.625,"angle":22.5,"drawLayer":"bg","sx":0.40000000596046,"sy":0.40000000596046},{"type":"setColor","r":229,"color":4,"b":0,"time":64.75,"g":211,"angle":135},{"type":"deco","parentid":"1111","y":0,"sprite":"darkmindmirror.png","sy":0.30000001192093,"orbit":true,"id":"1211","drawLayer":"bg","x":-50,"time":64.625,"sx":0.29999992251396,"angle":495},{"type":"setColor","r":255,"color":7,"b":2,"time":64.75,"g":255,"angle":157.5},{"type":"deco","x":99,"y":0,"sprite":"darkmindmirror2.png","angle":517.5,"drawLayer":"bg","id":"1212","time":64.625,"parentid":"1111","orbit":true,"sx":-0.30000001192093,"sy":0.30000001192093},{"type":"deco","parentid":"7865","orbit":true,"sprite":"eye.png","sy":0.09999992698431,"y":35,"id":"1231","drawLayer":"bg","x":-8,"time":64.625,"sx":0.09999992698431,"angle":180},{"type":"deco","duration":0.5,"id":"1231","x":20,"time":65,"sx":0,"angle":180},{"type":"deco","duration":0.875,"x":-8,"y":35,"sprite":"eye.png","sy":0.09999992698431,"id":"1231","time":76.625,"parentid":"7865","orbit":true,"sx":0.09999992698431,"angle":180},{"type":"deco","duration":0.5,"id":"1231","x":20,"time":80,"sx":0,"angle":180},{"type":"setColor","duration":0.875,"r":255,"g":0,"color":2,"b":0,"time":76.625,"angle":112.5},{"type":"setColor","duration":0.5,"r":0,"g":150,"color":2,"b":255,"time":80,"angle":112.5},{"type":"ease","duration":0.75,"var":"vfx.canvPos.sx","time":77.5,"value":-1,"angle":112.5},{"type":"ease","duration":0.75,"var":"vfx.canvPos.sx","time":78.25,"value":1,"angle":112.5},{"type":"ease","duration":0.75,"var":"vfx.canvPos.sx","time":79,"value":-1,"angle":112.5},{"type":"setColor","r":255,"color":2,"b":0,"time":64.625,"g":0,"angle":202.5},{"type":"setColor","duration":0.5,"r":0,"g":150,"color":2,"b":255,"time":65,"angle":202.5},{"drawOrder":-1,"x":300,"y":45,"id":"1111","drawLayer":"bg","type":"deco","time":64.625,"angle":67.5},{"type":"deco","duration":9999,"id":"1111","time":64.75,"orbit":true,"r":999999,"angle":67.5},{"type":"outline","color":5,"time":-10,"enable":true,"angle":135},{"type":"deco","duration":0.875,"parentid":"7865","orbit":true,"sprite":"eye.png","sy":0.09999992698431,"id":"1231","time":110.25,"x":-8,"y":35,"sx":0.09999992698431,"angle":180},{"type":"deco","duration":0.5,"id":"1231","x":20,"time":113.5,"sx":0,"angle":180},{"type":"setColor","duration":0.875,"r":255,"g":0,"color":2,"b":0,"time":110.25,"angle":112.5},{"type":"setColor","duration":0.5,"r":0,"g":150,"color":2,"b":255,"time":113.5,"angle":112.5},{"type":"ease","duration":0.75,"var":"vfx.canvPos.sy","time":111,"value":-1,"angle":112.5},{"type":"ease","duration":0.75,"var":"vfx.canvPos.sy","time":111.75,"value":1,"angle":112.5},{"type":"ease","duration":0.75,"var":"vfx.canvPos.sy","time":112.75,"value":-1,"angle":112.5},{"type":"forcePlayerSprite","time":169,"spriteName":"angry","angle":-180},{"type":"ease","duration":0.75,"var":"scrollSpeed","time":114.25,"value":0.5,"angle":-22.5},{"type":"ease","duration":1,"var":"scrollSpeed","time":116.75,"value":1.5,"angle":-90},{"type":"ease","duration":0.5,"var":"scrollSpeed","time":118.25,"value":0.5,"angle":67.5},{"type":"ease","duration":1,"var":"scrollSpeed","time":120.5,"value":1.5,"angle":-180},{"type":"ease","duration":1,"var":"scrollSpeed","time":122,"value":0.5,"angle":-112.5},{"type":"ease","duration":3,"var":"scrollSpeed","value":1,"time":125.75,"angle":-67.5,"ease":"inBack"},{"type":"setColor","r":255,"color":0,"b":255,"time":169,"g":255,"angle":-67.5},{"type":"setColor","r":0,"color":0,"b":255,"time":169.25,"g":50,"angle":-67.5},{"type":"deco","duration":0.5,"id":"1231","x":20,"time":169.5,"sx":0,"angle":0},{"type":"deco","duration":0.875,"parentid":"7865","orbit":true,"sprite":"eye.png","sy":0.09999992698431,"id":"1231","time":181.125,"y":35,"x":-8,"sx":0.09999992698431,"angle":0},{"type":"deco","duration":0.5,"id":"1231","x":20,"time":184.5,"sx":0,"angle":0},{"type":"setColor","duration":0.875,"r":255,"g":0,"color":2,"b":0,"time":181.125,"angle":-67.5},{"type":"setColor","duration":0.5,"r":0,"g":150,"color":2,"b":255,"time":184.5,"angle":-67.5},{"type":"ease","duration":0.75,"var":"vfx.canvPos.sx","time":182,"value":1,"angle":-67.5},{"type":"ease","duration":0.75,"var":"vfx.canvPos.sx","time":182.75,"value":-1,"angle":-67.5},{"type":"ease","duration":0.75,"var":"vfx.canvPos.sx","time":183.5,"value":1,"angle":-67.5},{"type":"setColor","r":255,"color":2,"b":0,"time":169.125,"g":0,"angle":22.5},{"type":"setColor","duration":0.5,"r":0,"g":150,"color":2,"b":255,"time":169.5,"angle":22.5},{"type":"deco","duration":0.875,"parentid":"7865","y":35,"sprite":"eye.png","sy":0.09999992698431,"id":"1231","time":214.75,"x":-8,"orbit":true,"sx":0.09999992698431,"angle":0},{"type":"setColor","duration":0.875,"r":255,"g":0,"color":2,"b":0,"time":214.75,"angle":-67.5},{"type":"ease","duration":0.75,"var":"vfx.canvPos.sy","time":215.5,"value":1,"angle":-67.5},{"type":"ease","duration":0.75,"var":"vfx.canvPos.sy","time":216.25,"value":-1,"angle":-67.5},{"type":"ease","duration":0.75,"var":"vfx.canvPos.sy","time":217.25,"value":1,"angle":-67.5},{"type":"ease","duration":5,"var":"p.paddleDistance","time":217.5,"value":110,"angle":67.5},{"type":"showResults","angle":360,"time":242.75},{"type":"deco","x":0,"y":0,"sprite":"text.png","id":"","time":217.5,"sy":0.29999992251396,"sx":0.30000001192093,"angle":45}],"properties":{"offset":15,"speed":110,"formatversion":13,"startBeat":0}}