{"events":[{"angle":315,"time":0,"file":"Kid Broke A Vase When He Fell Down The Stairs.ogg","offset":0.10000000149012,"volume":0.80000001192093,"type":"play","bpm":180},{"duration":4.5,"time":20.333333969116,"value":1.5,"angle":292.5,"var":"scrollSpeed","type":"ease","ease":"outSine"},{"duration":9,"time":9,"value":6,"ease":"inSine","var":"scrollSpeed","type":"ease","angle":292.5},{"angle":90,"time":38.333332061768,"type":"showResults"}],"metadata":{"difficulty":2,"description":"eeEEeEeeEEeeeeEEEE\n\n\nAAAAAAAAAAAAAAAAAA","bg":false,"artistLink":"https://www.youtube.com/watch?v=8XkBHYU6QpE","artist":"Kid who broke a vase","songName":"Me falling down the Stairs","charter":"Random22"},"properties":{"formatversion":13,"speed":70,"offset":8}}