[{"time":0.25,"angle":0,"duration":2.25,"angle2":90,"type":"hold"},{"time":2.5,"angle":90,"duration":2,"angle2":-90,"type":"hold"},{"time":4.5,"angle":270,"duration":2,"angle2":540,"type":"hold"},{"time":6.5,"angle":180,"duration":1.5,"angle2":90,"type":"hold"},{"tap":true,"angle":61.875,"time":1.75,"type":"block"},{"tap":true,"angle":39.375,"time":1.25,"type":"block"},{"tap":true,"angle":22.5,"time":3.25,"type":"block"},{"tap":true,"angle":337.5,"time":3.75,"type":"block"},{"tap":true,"angle":22.5,"time":5.25,"type":"block"},{"tap":true,"angle":78.75,"time":5.75,"type":"block"},{"tap":true,"angle":123.75,"time":7.5,"type":"block"},{"time":8,"angle":11.25,"type":"extraTap"},{"time":9,"angle":90,"type":"block"},{"time":9.25,"angle":67.5,"type":"block"},{"time":9.5,"angle":45,"type":"block"},{"time":8.75,"angle":67.5,"type":"block"},{"time":8.5,"angle":45,"type":"block"},{"time":8.25,"angle":67.5,"type":"block"},{"time":9.75,"angle":67.5,"type":"block"},{"time":10,"angle":90,"type":"block"},{"time":10.25,"angle":112.5,"type":"block"},{"time":10.5,"angle":135,"type":"block"},{"time":10.75,"angle":157.5,"type":"block"},{"time":11,"angle":180,"type":"block"},{"time":11.25,"angle":202.5,"type":"block"},{"time":11.5,"angle":225,"type":"block"},{"time":11.75,"angle":247.5,"type":"block"},{"time":12,"angle":270,"type":"block"},{"tap":true,"angle":303.75,"time":12.25,"type":"block"},{"time":12.5,"angle":270,"type":"block"},{"time":12.75,"angle":303.75,"type":"block"},{"time":13,"angle":270,"type":"block"},{"time":13.25,"angle":236.25,"type":"block"},{"time":13.5,"angle":202.5,"type":"block"},{"time":13.75,"angle":236.25,"type":"block"},{"time":14,"angle":270,"type":"block"},{"time":14.25,"angle":236.25,"type":"block"},{"time":14.5,"angle":202.5,"type":"block"},{"time":14.75,"angle":168.75,"type":"block"},{"time":15,"angle":135,"type":"block"},{"time":15.25,"angle":101.25,"type":"block"},{"time":15.5,"angle":67.5,"type":"block"},{"time":15.75,"angle":101.25,"type":"block"},{"time":16,"angle":67.5,"type":"block"},{"tap":true,"angle":33.75,"time":16.25,"type":"block"},{"time":16.5,"angle":67.5,"type":"block"},{"time":16.75,"angle":101.25,"type":"block"},{"time":17,"angle":67.5,"type":"block"},{"time":17.25,"angle":33.75,"type":"block"},{"time":17.5,"angle":360,"type":"block"},{"time":17.75,"angle":326.25,"type":"block"},{"tap":true,"angle":292.5,"time":18.25,"type":"block"},{"time":18.5,"angle":258.75,"type":"block"},{"time":18.75,"angle":292.5,"type":"block"},{"time":19,"angle":258.75,"type":"block"},{"time":19.25,"angle":292.5,"type":"block"},{"time":19.5,"angle":258.75,"type":"block"},{"time":19.75,"angle":225,"type":"block"},{"time":20,"angle":191.25,"type":"block"},{"tap":true,"angle":157.5,"time":20.25,"type":"block"},{"time":20.5,"angle":123.75,"type":"block"},{"time":20.75,"angle":90,"type":"block"},{"time":21,"angle":56.25,"type":"block"},{"tap":true,"angle":90,"time":21.25,"type":"block"},{"time":21.5,"angle":56.25,"type":"block"},{"time":21.75,"angle":22.5,"type":"block"},{"time":22,"angle":348.75,"type":"block"},{"tap":true,"angle":315,"time":22.25,"type":"block"},{"time":22.5,"angle":348.75,"type":"block"},{"time":22.75,"angle":22.5,"type":"block"},{"time":23,"angle":56.25,"type":"block"},{"time":23.25,"angle":22.5,"type":"block"},{"time":23.5,"angle":56.25,"type":"block"},{"time":23.75,"angle":90,"type":"block"},{"time":24,"angle":123.75,"type":"block"},{"time":24.25,"angle":90,"type":"block"},{"time":24.5,"angle":67.5,"type":"block"},{"time":24.75,"angle":45,"type":"block"},{"time":25,"angle":67.5,"type":"block"},{"time":25.25,"angle":45,"type":"block"},{"time":25.5,"angle":22.5,"type":"block"},{"time":25.75,"angle":45,"type":"block"},{"time":24.125,"angle":112.5,"type":"block"},{"time":24.375,"angle":78.75,"type":"block"},{"time":24.625,"angle":56.25,"type":"block"},{"time":24.875,"angle":56.25,"type":"block"},{"time":25.125,"angle":56.25,"type":"block"},{"time":25.375,"angle":33.75,"type":"block"},{"time":25.625,"angle":33.75,"type":"block"},{"time":25.875,"angle":33.75,"type":"block"},{"time":26,"angle":22.5,"type":"block"},{"time":26.125,"angle":11.25,"type":"block"},{"time":26.25,"angle":360,"type":"block"},{"time":26.375,"angle":348.75,"type":"block"},{"time":26.625,"angle":348.75,"type":"block"},{"time":26.875,"angle":348.75,"type":"block"},{"time":27,"angle":0,"type":"block"},{"time":26.75,"angle":326.25,"type":"block"},{"time":26.5,"angle":326.25,"type":"block"},{"time":27.125,"angle":11.25,"duration":0.375,"angle2":11.25,"type":"hold"},{"time":28,"angle":11.25,"type":"block"},{"time":28.25,"angle":22.5,"type":"block"},{"time":28.5,"angle":33.75,"type":"block"},{"time":28.75,"angle":45,"type":"block"},{"time":27.75,"angle":360,"type":"block"},{"time":29,"angle":56.25,"duration":6,"angle2":236.25,"type":"hold"},{"time":35,"angle":236.25,"duration":3,"angle2":33.75,"type":"hold"},{"time":38,"angle":33.75,"duration":3,"angle2":315,"type":"hold"},{"time":1.25,"angle":67.5,"type":"mine"},{"time":1.25,"angle":360,"type":"mine"},{"time":1.75,"angle":22.5,"type":"mine"},{"time":1.75,"angle":90,"type":"mine"},{"time":3.25,"angle":348.75,"type":"mine"},{"time":3.25,"angle":56.25,"type":"mine"},{"time":3.75,"angle":303.75,"type":"mine"},{"time":3.75,"angle":11.25,"type":"mine"},{"time":5.25,"angle":348.75,"type":"mine"},{"time":5.5,"angle":78.75,"type":"mine"},{"time":5.25,"angle":56.25,"type":"mine"},{"time":5.75,"angle":112.5,"type":"mine"},{"time":7.5,"angle":90,"type":"mine"},{"time":7.5,"angle":157.5,"type":"mine"},{"time":8.25,"angle":11.25,"type":"mine"},{"time":9,"angle":123.75,"type":"mine"},{"time":9.75,"angle":33.75,"type":"mine"},{"time":10.5,"angle":90,"type":"mine"},{"time":10.75,"angle":112.5,"type":"mine"},{"time":11,"angle":135,"type":"mine"},{"time":11.25,"angle":157.5,"type":"mine"},{"time":11.5,"angle":180,"type":"mine"},{"time":11.75,"angle":202.5,"type":"mine"},{"time":12,"angle":225,"type":"mine"},{"time":12.25,"angle":247.5,"type":"mine"},{"time":13.25,"angle":292.5,"type":"mine"},{"time":11.5,"angle":292.5,"type":"mine"},{"time":14,"angle":202.5,"type":"mine"},{"time":14.5,"angle":270,"type":"mine"},{"time":14,"angle":292.5,"type":"mine"},{"time":14.75,"angle":236.25,"type":"mine"},{"time":14.5,"angle":258.75,"type":"mine"},{"time":15,"angle":202.5,"type":"mine"},{"time":15.25,"angle":168.75,"type":"mine"},{"time":15.5,"angle":135,"type":"mine"},{"time":16.25,"angle":101.25,"type":"mine"},{"time":16.25,"angle":360,"type":"mine"},{"time":17.75,"angle":33.75,"type":"mine"},{"time":18,"angle":360,"type":"mine"},{"time":18.25,"angle":326.25,"type":"mine"},{"time":19,"angle":315,"type":"mine"},{"time":18.75,"angle":236.25,"type":"mine"},{"time":20,"angle":258.75,"type":"mine"},{"time":20.25,"angle":225,"type":"mine"},{"time":20.5,"angle":191.25,"type":"mine"},{"time":20.75,"angle":157.5,"type":"mine"},{"time":21,"angle":123.75,"type":"mine"},{"time":21,"angle":22.5,"type":"mine"},{"time":21.75,"angle":90,"type":"mine"},{"time":21.25,"angle":348.75,"type":"mine"},{"time":22.75,"angle":315,"type":"mine"},{"time":23,"angle":348.75,"type":"mine"},{"time":23.25,"angle":0,"type":"mine"},{"time":24,"angle":56.25,"type":"mine"},{"time":23.75,"angle":33.75,"type":"mine"},{"time":23,"angle":90,"type":"mine"},{"time":30,"angle":90,"type":"extraTap"},{"time":33,"angle":90,"type":"extraTap"},{"time":36,"angle":90,"type":"extraTap"},{"time":39,"angle":90,"type":"extraTap"},{"tap":true,"angle":219.375,"time":34.5,"type":"block"},{"tap":true,"angle":67.5,"time":37.5,"type":"block"},{"tap":true,"angle":270,"time":40.5,"type":"block"},{"time":41.125,"angle":281.25,"type":"block"},{"time":41.625,"angle":303.75,"type":"block"},{"time":42.125,"angle":303.75,"type":"block"},{"time":41.25,"angle":247.5,"type":"block"},{"time":41.5,"angle":337.5,"type":"block"},{"tap":true,"angle":270,"time":41.875,"type":"block"},{"time":42.25,"angle":292.5,"type":"block"},{"time":42.375,"angle":270,"type":"block"},{"time":42.5,"angle":247.5,"type":"block"},{"time":42.625,"angle":225,"type":"block"},{"time":42.75,"angle":202.5,"type":"block"},{"tap":true,"angle":168.75,"time":42.875,"type":"block"},{"time":43.125,"angle":202.5,"type":"block"},{"time":43.5,"angle":180,"type":"block"},{"time":43.625,"angle":146.25,"type":"block"},{"tap":true,"angle":191.25,"time":43.875,"type":"block"},{"time":44.125,"angle":225,"type":"block"},{"time":44.375,"angle":258.75,"type":"block"},{"time":44.5,"angle":292.5,"type":"block"},{"time":44.5,"angle":315,"duration":3,"angle2":405,"type":"hold"},{"time":47.5,"angle":45,"duration":3,"angle2":-101.25,"type":"hold"},{"time":44.25,"angle":146.25,"type":"block"},{"time":50.5,"angle":258.75,"duration":3,"angle2":405,"type":"hold"},{"time":47.3125,"angle":360,"type":"extraTap"},{"time":50.1875,"angle":0,"type":"extraTap"},{"time":53.1875,"angle":0,"type":"extraTap"},{"tap":true,"angle":-5.625,"time":45.75,"type":"block"},{"tap":true,"angle":343.125,"time":48.6875,"type":"block"},{"tap":true,"angle":320.625,"time":51.75,"type":"block"},{"tap":true,"angle":129.375,"time":31.5,"type":"block"},{"time":41.4375,"angle":360,"type":"extraTap"},{"time":42.3125,"angle":360,"type":"extraTap"},{"time":43.375,"angle":0,"type":"extraTap"},{"time":44.375,"angle":11.25,"type":"extraTap"},{"time":53.5,"angle":45,"duration":3,"angle2":270,"type":"hold"},{"time":56.25,"angle":0,"type":"extraTap"},{"tap":true,"angle":135,"time":54.6875,"type":"block"},{"time":56.5,"angle":270,"duration":1.5,"angle2":270,"type":"hold"},{"time":58.25,"angle":281.25,"type":"block"},{"time":58.375,"angle":247.5,"type":"block"},{"time":58.5,"angle":281.25,"type":"block"},{"time":58.625,"angle":213.75,"type":"block"},{"time":58.75,"angle":180,"type":"block"},{"time":58.875,"angle":247.5,"type":"block"},{"tap":true,"angle":191.25,"time":58.875,"type":"block"},{"time":59.125,"angle":225,"type":"block"},{"time":59.25,"angle":258.75,"type":"block"},{"time":59.375,"angle":292.5,"type":"block"},{"time":59.5,"angle":326.25,"type":"block"},{"time":59.625,"angle":292.5,"type":"block"},{"time":59.875,"angle":303.75,"type":"block"},{"tap":true,"angle":348.75,"time":59.875,"type":"block"},{"time":60.125,"angle":33.75,"type":"block"},{"time":60.25,"angle":78.75,"type":"block"},{"time":60.375,"angle":22.5,"type":"block"},{"time":60.5,"angle":11.25,"type":"block"},{"time":60.625,"angle":326.25,"type":"block"},{"time":60.75,"angle":292.5,"type":"block"},{"time":60.875,"angle":247.5,"type":"block"},{"tap":true,"angle":202.5,"time":61,"type":"block"},{"time":61.125,"angle":213.75,"type":"block"},{"time":61.25,"angle":225,"type":"block"},{"time":61.375,"angle":258.75,"type":"block"},{"time":61.5,"angle":292.5,"type":"block"},{"time":61.625,"angle":258.75,"type":"block"},{"time":61.75,"angle":292.5,"type":"block"},{"time":61.875,"angle":315,"type":"block"},{"time":62,"angle":348.75,"type":"block"},{"time":62,"angle":326.25,"duration":6,"angle2":11.25,"type":"hold"},{"time":61.375,"angle":360,"type":"extraTap"},{"time":60.375,"angle":0,"type":"extraTap"},{"time":59.375,"angle":0,"type":"extraTap"},{"time":58.375,"angle":360,"type":"extraTap"},{"time":63.3125,"angle":0,"type":"extraTap"},{"time":66.125,"angle":0,"type":"extraTap"},{"tap":true,"angle":185.625,"time":64.625,"type":"block"},{"time":69.3125,"angle":360,"type":"extraTap"},{"time":68,"angle":11.25,"duration":3,"angle2":101.25,"type":"hold"},{"tap":true,"angle":28.125,"time":67.625,"type":"block"},{"time":71,"angle":101.25,"duration":3,"angle2":258.75,"type":"hold"},{"time":72.25,"angle":0,"type":"extraTap"},{"tap":true,"angle":95.625,"time":70.75,"type":"block"},{"time":74.25,"angle":281.25,"type":"block"},{"time":74.375,"angle":303.75,"type":"block"},{"time":74.5,"angle":270,"type":"block"},{"time":74.625,"angle":258.75,"type":"block"},{"time":74.75,"angle":303.75,"type":"block"},{"time":74.125,"angle":270,"type":"block"},{"time":74.875,"angle":315,"type":"block"},{"tap":true,"angle":0,"time":75,"type":"block"},{"time":75.125,"angle":45,"type":"block"},{"time":75.25,"angle":78.75,"type":"block"},{"time":75.375,"angle":22.5,"type":"block"},{"time":75.5,"angle":45,"type":"block"},{"time":75.625,"angle":360,"type":"block"},{"time":75.75,"angle":315,"type":"block"},{"time":75.875,"angle":270,"type":"block"},{"tap":true,"angle":225,"time":76,"type":"block"},{"time":76.125,"angle":247.5,"type":"block"},{"time":76.25,"angle":202.5,"type":"block"},{"time":76.375,"angle":168.75,"type":"block"},{"time":76.5,"angle":202.5,"type":"block"},{"time":76.625,"angle":225,"type":"block"},{"time":76.75,"angle":191.25,"type":"block"},{"time":76.75,"angle":157.5,"type":"block"},{"time":76.875,"angle":123.75,"type":"block"},{"tap":true,"angle":90,"time":77,"type":"block"},{"time":77.125,"angle":135,"type":"block"},{"time":77.25,"angle":180,"type":"block"},{"time":77.375,"angle":225,"type":"block"},{"time":77.5,"angle":270,"type":"block"},{"time":77.625,"angle":315,"type":"block"},{"time":77.75,"angle":337.5,"type":"block"},{"time":77.875,"angle":326.25,"type":"block"},{"time":78,"angle":303.75,"type":"block"},{"time":78,"angle":315,"duration":3,"angle2":393.75,"type":"hold"},{"angle":33.75,"startTap":true,"type":"hold","duration":3,"angle2":-101.25,"time":81},{"angle":258.75,"startTap":true,"type":"hold","duration":2.5,"angle2":360,"time":84},{"time":74.375,"angle":0,"type":"extraTap"},{"time":75.375,"angle":0,"type":"extraTap"},{"time":77.375,"angle":0,"type":"extraTap"},{"angle":0,"startTap":true,"type":"hold","duration":3,"angle2":0,"time":86.5},{"angle":11.25,"startTap":true,"type":"hold","duration":3,"angle2":22.5,"time":86.5},{"type":"extraTap","angle":0,"time":79.375},{"type":"extraTap","angle":0,"time":82.375},{"time":85.375,"angle":0,"type":"extraTap"},{"time":88.5,"angle":360,"type":"extraTap"},{"time":89.625,"angle":348.75,"type":"block"},{"time":89.75,"angle":11.25,"type":"block"},{"time":89.875,"angle":348.75,"type":"block"},{"time":90,"angle":326.25,"type":"block"},{"time":90.25,"angle":326.25,"type":"block"},{"time":90.125,"angle":303.75,"type":"block"},{"time":90.375,"angle":303.75,"type":"block"},{"time":90.5,"angle":281.25,"type":"block"},{"time":90.625,"angle":258.75,"type":"block"},{"time":90.75,"angle":281.25,"type":"block"},{"time":90.875,"angle":258.75,"type":"block"},{"time":91,"angle":236.25,"type":"block"},{"time":91.125,"angle":258.75,"type":"block"},{"time":91.25,"angle":281.25,"type":"block"},{"time":91.375,"angle":303.75,"type":"block"},{"time":91.5,"angle":281.25,"type":"block"},{"time":91.625,"angle":258.75,"type":"block"},{"time":91.75,"angle":281.25,"type":"block"},{"time":91.875,"angle":258.75,"type":"block"},{"time":92,"angle":236.25,"type":"block"},{"time":92.125,"angle":213.75,"type":"block"},{"time":92.25,"angle":236.25,"type":"block"},{"time":92.375,"angle":213.75,"type":"block"},{"time":92.5,"angle":191.25,"type":"block"},{"time":92.625,"angle":168.75,"type":"block"},{"time":92.75,"angle":146.25,"type":"block"},{"time":92.875,"angle":168.75,"type":"block"},{"time":93,"angle":191.25,"type":"block"},{"time":93.125,"angle":168.75,"type":"block"},{"time":93.25,"angle":191.25,"type":"block"},{"time":93.375,"angle":213.75,"type":"block"},{"type":"hold","angle":225,"endTap":true,"duration":1,"angle2":360,"time":93.5},{"time":95,"angle":22.5,"type":"block"},{"time":95.75,"angle":348.75,"type":"block"},{"time":95.75,"angle":326.25,"type":"block"},{"time":96.5,"angle":22.5,"type":"block"},{"time":96.75,"angle":360,"type":"block"},{"time":97,"angle":22.5,"type":"block"},{"time":97.25,"angle":45,"type":"block"},{"time":97.5,"angle":67.5,"type":"block"},{"time":97.75,"angle":45,"type":"block"},{"time":98,"angle":22.5,"type":"block"},{"time":98.25,"angle":0,"type":"block"},{"time":98.75,"angle":315,"type":"block"},{"time":99,"angle":292.5,"type":"block"},{"time":99.25,"angle":270,"type":"block"},{"time":99.75,"angle":315,"type":"block"},{"time":100.25,"angle":326.25,"type":"block"},{"time":100,"angle":348.75,"type":"block"},{"time":100.5,"angle":303.75,"type":"block"},{"time":100.75,"angle":326.25,"type":"block"},{"time":101,"angle":348.75,"type":"block"},{"time":101.125,"angle":11.25,"type":"block"},{"time":101.25,"angle":348.75,"type":"block"},{"time":102,"angle":326.25,"type":"block"},{"time":102.25,"angle":348.75,"type":"block"},{"time":102.75,"angle":348.75,"type":"block"},{"time":103,"angle":11.25,"type":"block"},{"time":102.5,"angle":315,"type":"block"},{"time":103.25,"angle":348.75,"type":"block"},{"time":103.5,"angle":326.25,"type":"block"},{"time":103.75,"angle":348.75,"type":"block"},{"time":104,"angle":11.25,"type":"block"},{"time":104.25,"angle":348.75,"type":"block"},{"time":104.5,"angle":11.25,"type":"block"},{"time":104.75,"angle":56.25,"type":"block"},{"time":105,"angle":11.25,"type":"block"},{"time":105.25,"angle":78.75,"type":"block"},{"time":105.5,"angle":33.75,"type":"block"},{"time":105.75,"angle":0,"type":"block"},{"time":106,"angle":22.5,"type":"block"},{"time":106.75,"angle":348.75,"type":"block"},{"time":106.75,"angle":11.25,"type":"block"},{"time":106.25,"angle":303.75,"type":"block"},{"time":106.25,"angle":326.25,"type":"block"},{"time":107.25,"angle":33.75,"type":"block"},{"time":107.75,"angle":326.25,"type":"block"},{"time":108,"angle":337.5,"type":"block"},{"time":108.25,"angle":348.75,"type":"block"},{"time":108.5,"angle":56.25,"type":"block"},{"time":109,"angle":11.25,"type":"block"},{"speedMult":3,"type":"block","angle":0,"endAngle":337.5,"tap":true,"time":109.5},{"time":109,"angle":22.5,"type":"block"},{"time":108.5,"angle":45,"type":"block"},{"speedMult":3,"type":"block","angle":0,"endAngle":-337.5,"tap":true,"time":109.5},{"speedMult":3,"type":"block","angle":-101.25,"endAngle":11.25,"tap":true,"time":109.5},{"speedMult":3,"type":"block","angle":101.25,"endAngle":-11.25,"tap":true,"time":109.5},{"speedMult":3,"type":"block","angle":0,"tap":true,"time":109.5},{"time":110,"angle":360,"duration":1,"angle2":405,"type":"hold"},{"angle":45,"startTap":true,"type":"hold","duration":0.875,"angle2":-45,"time":111},{"angle":315,"startTap":true,"type":"hold","duration":0.625,"angle2":326.25,"time":111.875},{"angle":315,"startTap":true,"type":"hold","duration":0.5,"angle2":360,"time":113},{"angle":0,"startTap":true,"type":"hold","duration":0.75,"angle2":-22.5,"time":113.5},{"time":112.5,"angle":326.25,"duration":0.5,"angle2":315,"type":"hold"},{"angle":337.5,"startTap":true,"type":"hold","duration":0.75,"angle2":360,"time":114.25},{"angle":360,"startTap":true,"type":"hold","duration":0.75,"angle2":405,"time":115},{"angle":45,"startTap":true,"type":"hold","duration":1,"angle2":0,"time":115.75},{"angle":337.5,"startTap":true,"type":"hold","duration":0.25,"angle2":416.25,"time":117.25},{"angle":191.25,"startTap":true,"type":"hold","duration":0.875,"angle2":247.5,"time":118.25},{"angle":247.5,"startTap":true,"type":"hold","duration":0.75,"angle2":247.5,"time":119.125},{"angle":247.5,"startTap":true,"type":"hold","duration":0.75,"angle2":337.5,"time":119.875},{"time":120.625,"angle":337.5,"duration":0.5,"angle2":337.5,"type":"hold"},{"time":121.125,"angle":337.5,"duration":0.375,"angle2":438.75,"type":"hold"},{"angle":78.75,"startTap":true,"type":"hold","duration":0.875,"angle2":78.75,"time":121.5},{"angle":78.75,"startTap":true,"type":"hold","duration":0.625,"angle2":-11.25,"time":122.375},{"angle":11.25,"startTap":true,"type":"hold","duration":0.875,"angle2":78.75,"time":123.75},{"time":124.625,"angle":78.75,"type":"block"},{"time":125.125,"angle":45,"type":"block"},{"time":124.625,"angle":101.25,"type":"block"},{"time":125.125,"angle":22.5,"type":"block"},{"angle":348.75,"startTap":true,"type":"hold","duration":0.75,"angle2":371.25,"time":123},{"angle":360,"startTap":true,"type":"hold","duration":0.5,"angle2":337.5,"time":116.75},{"time":126,"angle":337.5,"type":"block"},{"time":126.25,"angle":326.25,"type":"block"},{"time":126.5,"angle":11.25,"type":"block"},{"time":126.75,"angle":360,"type":"block"},{"time":127,"angle":45,"type":"block"},{"time":127.25,"angle":33.75,"type":"block"},{"time":127.5,"angle":360,"type":"block"},{"time":127.75,"angle":11.25,"type":"block"},{"time":128,"angle":337.5,"type":"block"},{"time":128.25,"angle":326.25,"type":"block"},{"time":128.75,"angle":11.25,"type":"block"},{"time":129,"angle":22.5,"type":"block"},{"time":129.25,"angle":56.25,"type":"block"},{"time":129.5,"angle":45,"type":"block"},{"time":129.75,"angle":78.75,"type":"block"},{"time":130,"angle":90,"type":"block"},{"time":130.25,"angle":112.5,"type":"block"},{"time":130.5,"angle":123.75,"type":"block"},{"time":130.75,"angle":157.5,"type":"block"},{"time":131,"angle":146.25,"type":"block"},{"tap":true,"angle":180,"time":131.25,"type":"block"},{"time":131.75,"angle":225,"type":"block"},{"time":132,"angle":213.75,"type":"block"},{"time":132.25,"angle":258.75,"type":"block"},{"time":132.5,"angle":247.5,"type":"block"},{"time":132.75,"angle":281.25,"type":"block"},{"time":133,"angle":292.5,"type":"block"},{"time":133.25,"angle":315,"type":"block"},{"time":133.5,"angle":303.75,"type":"block"},{"time":126,"angle":270,"type":"mine"},{"time":126.25,"angle":292.5,"type":"mine"},{"time":126,"angle":56.25,"type":"mine"},{"time":126.5,"angle":45,"type":"mine"},{"time":126.5,"angle":67.5,"type":"mine"},{"time":126.75,"angle":326.25,"type":"mine"},{"time":127.75,"angle":56.25,"type":"mine"},{"time":127.5,"angle":326.25,"type":"mine"},{"time":128.25,"angle":292.5,"type":"mine"},{"time":128.75,"angle":337.5,"type":"mine"},{"time":129.5,"angle":11.25,"type":"mine"},{"time":129.5,"angle":22.5,"type":"mine"},{"time":128.75,"angle":56.25,"type":"mine"},{"time":128.75,"angle":90,"type":"mine"},{"time":130,"angle":45,"type":"mine"},{"time":130.5,"angle":78.75,"type":"mine"},{"time":130,"angle":135,"type":"mine"},{"time":131,"angle":112.5,"type":"mine"},{"time":130.75,"angle":202.5,"type":"mine"},{"time":132,"angle":180,"type":"mine"},{"time":131.25,"angle":258.75,"type":"mine"},{"time":132.5,"angle":213.75,"type":"mine"},{"time":132.5,"angle":315,"type":"mine"},{"time":134.25,"angle":303.75,"type":"mine"},{"time":133.5,"angle":270,"type":"mine"},{"time":133.75,"angle":337.5,"type":"block"},{"time":134,"angle":348.75,"type":"block"},{"time":134.25,"angle":337.5,"type":"block"},{"time":134.5,"angle":315,"type":"block"},{"time":135,"angle":11.25,"type":"block"},{"time":135.25,"angle":337.5,"type":"block"},{"time":135.5,"angle":303.75,"type":"block"},{"time":136,"angle":22.5,"type":"block"},{"time":136.25,"angle":337.5,"type":"block"},{"time":136.5,"angle":292.5,"type":"block"},{"time":135.75,"angle":348.75,"type":"block"},{"time":134.75,"angle":326.25,"type":"block"},{"time":136.75,"angle":258.75,"type":"block"},{"time":137,"angle":225,"type":"block"},{"time":137.25,"angle":258.75,"type":"block"},{"time":137.5,"angle":292.5,"type":"block"},{"time":137.75,"angle":326.25,"type":"block"},{"time":138,"angle":0,"type":"block"},{"time":138,"angle":22.5,"type":"block"},{"time":138.25,"angle":33.75,"type":"block"},{"time":138.25,"angle":56.25,"type":"block"},{"time":138.5,"angle":67.5,"type":"block"},{"time":138.5,"angle":90,"type":"block"},{"time":138.75,"angle":101.25,"type":"block"},{"time":138.75,"angle":123.75,"type":"block"},{"time":139,"angle":135,"type":"block"},{"time":139,"angle":157.5,"type":"block"},{"time":139.25,"angle":168.75,"type":"block"},{"time":139.25,"angle":191.25,"type":"block"},{"time":134.5,"angle":22.5,"type":"mine"},{"time":135.75,"angle":326.25,"type":"mine"},{"time":136,"angle":56.25,"type":"mine"},{"time":136.75,"angle":337.5,"type":"mine"},{"time":139.5,"angle":123.75,"type":"block"},{"time":139.5,"angle":146.25,"type":"block"},{"time":139.75,"angle":157.5,"type":"block"},{"time":139.75,"angle":180,"type":"block"},{"time":140,"angle":191.25,"type":"block"},{"time":140,"angle":213.75,"type":"block"},{"time":140.25,"angle":225,"type":"block"},{"time":140.25,"angle":247.5,"type":"block"},{"time":140.5,"angle":258.75,"type":"block"},{"time":140.5,"angle":281.25,"type":"block"},{"time":140.75,"angle":292.5,"type":"block"},{"time":140.75,"angle":315,"type":"block"},{"time":141,"angle":326.25,"type":"block"},{"time":141,"angle":348.75,"type":"block"},{"time":141.25,"angle":0,"type":"block"},{"time":141.25,"angle":22.5,"type":"block"},{"time":141.5,"angle":315,"type":"block"},{"time":141.5,"angle":337.5,"type":"block"},{"time":141.75,"angle":348.75,"type":"block"},{"time":141.75,"angle":11.25,"type":"block"},{"time":142,"angle":22.5,"type":"block"},{"time":142,"angle":45,"type":"block"},{"time":142.25,"angle":56.25,"type":"block"},{"time":142.25,"angle":78.75,"type":"block"},{"time":142.5,"angle":90,"type":"block"},{"time":142.5,"angle":112.5,"type":"block"},{"time":142.75,"angle":123.75,"type":"block"},{"time":142.75,"angle":146.25,"type":"block"},{"time":143,"angle":157.5,"type":"block"},{"time":143,"angle":180,"type":"block"},{"time":143.25,"angle":191.25,"type":"block"},{"time":143.25,"angle":213.75,"type":"block"},{"time":143.5,"angle":168.75,"type":"block"},{"time":143.5,"angle":146.25,"type":"block"},{"time":143.75,"angle":180,"type":"block"},{"time":143.75,"angle":202.5,"type":"block"},{"time":144,"angle":213.75,"type":"block"},{"time":144,"angle":236.25,"type":"block"},{"time":144.25,"angle":247.5,"type":"block"},{"time":144.25,"angle":270,"type":"block"},{"time":144.5,"angle":281.25,"type":"block"},{"time":144.5,"angle":303.75,"type":"block"},{"time":144.75,"angle":315,"type":"block"},{"time":144.75,"angle":337.5,"type":"block"},{"time":145,"angle":348.75,"type":"block"},{"time":145,"angle":11.25,"type":"block"},{"time":145.25,"angle":22.5,"type":"block"},{"time":145.25,"angle":45,"type":"block"},{"time":145.5,"angle":11.25,"type":"block"},{"time":145.5,"angle":348.75,"type":"block"},{"time":145.75,"angle":337.5,"type":"block"},{"time":146,"angle":315,"type":"block"},{"time":146.25,"angle":292.5,"type":"block"},{"time":146.5,"angle":270,"type":"block"},{"time":146.75,"angle":247.5,"type":"block"},{"time":147,"angle":225,"type":"block"},{"time":147.25,"angle":202.5,"type":"block"},{"time":147.5,"angle":180,"type":"block"},{"time":147.75,"angle":157.5,"type":"block"},{"time":148,"angle":135,"type":"block"},{"time":145.75,"angle":315,"type":"block"},{"time":148.25,"angle":168.75,"type":"block"},{"time":148.5,"angle":202.5,"type":"block"},{"time":148.75,"angle":236.25,"type":"block"},{"time":149,"angle":270,"type":"block"},{"time":149.25,"angle":247.5,"type":"block"},{"time":149.5,"angle":270,"type":"block"},{"time":149.75,"angle":247.5,"type":"block"},{"time":150,"angle":225,"type":"block"},{"time":150.25,"angle":202.5,"type":"block"},{"time":150.5,"angle":180,"type":"block"},{"time":150.75,"angle":202.5,"type":"block"},{"time":151,"angle":180,"type":"block"},{"time":151.25,"angle":157.5,"type":"block"},{"time":151.5,"angle":135,"type":"block"},{"time":151.75,"angle":157.5,"type":"block"},{"time":152,"angle":135,"type":"block"},{"time":152.25,"angle":112.5,"type":"block"},{"time":152.75,"angle":112.5,"type":"block"},{"time":152.5,"angle":90,"type":"block"},{"time":153,"angle":90,"type":"block"},{"time":153.25,"angle":67.5,"type":"block"},{"time":153.5,"angle":45,"type":"block"},{"time":153.75,"angle":67.5,"type":"block"},{"time":154,"angle":45,"type":"block"},{"time":154.25,"angle":22.5,"type":"block"},{"time":154.5,"angle":348.75,"type":"block"},{"time":154.75,"angle":303.75,"type":"block"},{"time":155,"angle":258.75,"type":"block"},{"time":155.25,"angle":303.75,"type":"block"},{"time":155.5,"angle":258.75,"type":"block"},{"time":155.75,"angle":303.75,"type":"block"},{"time":156,"angle":258.75,"type":"block"},{"time":156.25,"angle":303.75,"type":"block"},{"time":156.5,"angle":281.25,"type":"block"},{"time":156.75,"angle":258.75,"type":"block"},{"time":157,"angle":213.75,"type":"block"},{"time":157.25,"angle":247.5,"type":"block"},{"time":157.5,"angle":270,"type":"block"},{"time":157.75,"angle":292.5,"type":"block"},{"time":158,"angle":281.25,"type":"block"},{"time":158.25,"angle":258.75,"type":"block"},{"time":158.5,"angle":281.25,"type":"block"},{"time":158.75,"angle":315,"type":"block"},{"time":159,"angle":303.75,"type":"block"},{"time":159.25,"angle":292.5,"type":"block"},{"time":159.5,"angle":281.25,"type":"block"},{"time":159.75,"angle":270,"type":"block"},{"time":160,"angle":292.5,"type":"block"},{"time":160.25,"angle":281.25,"type":"block"},{"time":160.5,"angle":270,"type":"block"},{"time":160.75,"angle":258.75,"type":"block"},{"time":161,"angle":247.5,"type":"block"},{"time":161.25,"angle":236.25,"type":"block"},{"time":161.5,"angle":270,"type":"block"},{"time":161.5,"angle":303.75,"type":"block"},{"time":162,"angle":247.5,"type":"block"},{"time":162.75,"angle":270,"type":"block"},{"time":162.75,"angle":292.5,"type":"block"},{"time":163.25,"angle":247.5,"type":"block"},{"time":164,"angle":315,"type":"block"},{"time":164,"angle":337.5,"type":"block"},{"time":164.5,"angle":292.5,"type":"block"},{"time":165.25,"angle":337.5,"type":"block"},{"time":165.25,"angle":360,"type":"block"},{"time":167.5,"angle":22.5,"type":"block"},{"time":167.5,"angle":45,"type":"block"},{"time":166.25,"angle":360,"type":"block"},{"time":166.25,"angle":22.5,"type":"block"},{"time":166.75,"angle":337.5,"type":"block"},{"time":168.75,"angle":360,"type":"block"},{"time":168.75,"angle":22.5,"type":"block"},{"time":169.5,"angle":45,"type":"block"},{"time":171,"angle":303.75,"type":"block"},{"time":171.25,"angle":337.5,"type":"block"},{"time":171.5,"angle":11.25,"type":"block"},{"time":171.75,"angle":45,"type":"block"},{"time":172,"angle":78.75,"type":"block"},{"time":172.25,"angle":112.5,"type":"block"},{"time":172.5,"angle":146.25,"type":"block"},{"time":172.75,"angle":180,"type":"block"},{"time":173,"angle":236.25,"type":"block"},{"time":173.25,"angle":258.75,"type":"block"},{"time":173.5,"angle":281.25,"type":"block"},{"time":173.75,"angle":303.75,"type":"block"},{"time":174,"angle":326.25,"type":"block"},{"time":173.125,"angle":225,"type":"block"},{"time":173.375,"angle":247.5,"type":"block"},{"time":173.625,"angle":270,"type":"block"},{"time":173.875,"angle":292.5,"type":"block"},{"time":174.125,"angle":315,"type":"block"},{"time":174.25,"angle":348.75,"type":"block"},{"time":174.375,"angle":337.5,"type":"block"},{"time":174.5,"angle":11.25,"type":"block"},{"time":174.625,"angle":0,"type":"block"},{"time":174.75,"angle":33.75,"type":"block"},{"time":175,"angle":56.25,"type":"block"},{"time":175.25,"angle":78.75,"type":"block"},{"time":175.375,"angle":67.5,"type":"block"},{"time":175.125,"angle":67.5,"type":"block"},{"time":174.875,"angle":45,"type":"block"},{"time":175.5,"angle":33.75,"type":"block"},{"time":175.625,"angle":0,"type":"block"},{"time":175.75,"angle":326.25,"type":"block"},{"time":175.875,"angle":292.5,"type":"block"},{"time":176,"angle":258.75,"type":"block"},{"time":176.125,"angle":225,"type":"block"},{"time":176.25,"angle":191.25,"type":"block"},{"time":176.375,"angle":157.5,"type":"block"},{"time":176.5,"angle":123.75,"type":"block"},{"time":176.625,"angle":90,"type":"block"},{"time":176.75,"angle":56.25,"type":"block"},{"time":176.875,"angle":90,"type":"block"},{"time":177,"angle":123.75,"type":"block"},{"time":177.125,"angle":157.5,"type":"block"},{"time":177.25,"angle":191.25,"type":"block"},{"time":177.375,"angle":225,"type":"block"},{"time":177.5,"angle":258.75,"type":"block"},{"time":177.625,"angle":292.5,"type":"block"},{"time":177.75,"angle":326.25,"type":"block"},{"time":177.875,"angle":0,"type":"block"},{"time":178,"angle":33.75,"type":"block"},{"time":178.125,"angle":360,"type":"block"},{"time":178.25,"angle":33.75,"type":"block"},{"time":178.375,"angle":360,"type":"block"},{"time":178.5,"angle":326.25,"type":"block"},{"time":178.625,"angle":292.5,"type":"block"},{"time":178.75,"angle":258.75,"type":"block"},{"time":178.875,"angle":225,"type":"block"},{"time":179,"angle":191.25,"type":"block"},{"time":179.125,"angle":157.5,"type":"block"},{"time":179.25,"angle":191.25,"type":"block"},{"time":179.375,"angle":225,"type":"block"},{"time":179.5,"angle":258.75,"type":"block"},{"time":179.625,"angle":292.5,"type":"block"},{"time":179.75,"angle":258.75,"type":"block"},{"time":179.875,"angle":225,"type":"block"},{"time":180,"angle":191.25,"type":"block"},{"time":180.125,"angle":225,"type":"block"},{"time":180.25,"angle":191.25,"type":"block"},{"time":180.375,"angle":157.5,"type":"block"},{"time":180.5,"angle":123.75,"type":"block"},{"time":180.625,"angle":90,"type":"block"},{"time":180.75,"angle":56.25,"type":"block"},{"time":180.875,"angle":22.5,"type":"block"},{"time":181,"angle":348.75,"type":"block"},{"time":181.125,"angle":56.25,"type":"block"},{"time":181.25,"angle":90,"type":"block"},{"time":181.375,"angle":123.75,"type":"block"},{"time":181.5,"angle":157.5,"type":"block"},{"time":181.625,"angle":191.25,"type":"block"},{"time":181.75,"angle":157.5,"type":"block"},{"time":181.875,"angle":123.75,"type":"block"},{"time":182,"angle":90,"type":"block"},{"time":182.125,"angle":123.75,"type":"block"},{"time":182.25,"angle":157.5,"type":"block"},{"time":182.375,"angle":191.25,"type":"block"},{"time":182.5,"angle":225,"type":"block"},{"time":182.625,"angle":258.75,"type":"block"},{"time":182.75,"angle":225,"type":"block"},{"time":182.875,"angle":191.25,"type":"block"},{"time":183,"angle":157.5,"type":"block"},{"time":183.125,"angle":191.25,"type":"block"},{"time":183.25,"angle":225,"type":"block"},{"time":183.375,"angle":258.75,"type":"block"},{"time":183.5,"angle":292.5,"type":"block"},{"time":183.625,"angle":326.25,"type":"block"},{"time":183.75,"angle":360,"type":"block"},{"time":183.875,"angle":33.75,"type":"block"},{"time":184,"angle":67.5,"duration":0.75,"angle2":45,"type":"hold"},{"time":184.75,"angle":45,"duration":0.5,"angle2":90,"type":"hold"},{"time":185.25,"angle":90,"duration":2.125,"angle2":112.5,"type":"hold"},{"time":187.375,"angle":112.5,"duration":1.625,"angle2":22.5,"type":"hold"},{"time":187.375,"angle":0,"type":"extraTap"},{"time":188,"angle":360,"type":"extraTap"},{"time":188.75,"angle":0,"type":"extraTap"},{"time":189.25,"angle":360,"type":"block"},{"time":189.5,"angle":337.5,"type":"block"},{"time":189.75,"angle":315,"type":"block"},{"time":190,"angle":292.5,"type":"block"},{"time":190.25,"angle":326.25,"type":"block"},{"time":190.5,"angle":360,"type":"block"},{"time":190.75,"angle":337.5,"type":"block"},{"time":191,"angle":315,"type":"block"},{"time":191.25,"angle":292.5,"type":"block"},{"time":191.5,"angle":326.25,"type":"block"},{"time":191.75,"angle":0,"type":"block"},{"time":192,"angle":337.5,"type":"block"},{"time":192.25,"angle":315,"type":"block"},{"time":192.5,"angle":292.5,"type":"block"},{"time":192.75,"angle":270,"type":"block"},{"time":193,"angle":292.5,"type":"block"},{"time":193.25,"angle":315,"type":"block"},{"time":193.5,"angle":337.5,"type":"block"},{"time":193.75,"angle":0,"type":"block"},{"time":194,"angle":22.5,"type":"block"},{"time":194.25,"angle":45,"type":"block"},{"time":194.5,"angle":67.5,"type":"block"},{"time":194.75,"angle":45,"type":"block"},{"time":195,"angle":22.5,"type":"block"},{"time":195.25,"angle":45,"type":"block"},{"time":195.5,"angle":67.5,"type":"block"},{"time":195.75,"angle":45,"type":"block"},{"time":196,"angle":22.5,"type":"block"},{"time":196.25,"angle":45,"type":"block"},{"time":196.5,"angle":67.5,"type":"block"},{"time":196.75,"angle":45,"type":"block"},{"time":197,"angle":67.5,"type":"block"},{"time":197.25,"angle":90,"type":"block"},{"time":197.5,"angle":112.5,"type":"block"},{"time":197.75,"angle":135,"type":"block"},{"time":198,"angle":157.5,"type":"block"},{"time":198.25,"angle":180,"type":"block"},{"time":198.5,"angle":202.5,"type":"block"},{"time":198.75,"angle":180,"type":"block"},{"time":199,"angle":202.5,"type":"block"},{"time":199.25,"angle":225,"type":"block"},{"time":199.5,"angle":247.5,"type":"block"},{"time":199.75,"angle":270,"type":"block"},{"time":200,"angle":292.5,"type":"block"},{"time":200.25,"angle":315,"type":"block"},{"time":200.5,"angle":292.5,"type":"block"},{"time":200.75,"angle":270,"type":"block"},{"time":201,"angle":247.5,"type":"block"},{"time":201.25,"angle":225,"type":"block"},{"time":201.5,"angle":202.5,"type":"block"},{"time":201.75,"angle":180,"type":"block"},{"time":202,"angle":157.5,"type":"block"},{"time":202.25,"angle":180,"type":"block"},{"time":202.5,"angle":202.5,"type":"block"},{"time":202.75,"angle":225,"type":"block"},{"time":203,"angle":202.5,"type":"block"},{"time":203.25,"angle":225,"type":"block"},{"time":203.5,"angle":247.5,"type":"block"},{"time":203.75,"angle":270,"type":"block"},{"time":204,"angle":292.5,"type":"block"},{"time":204.25,"angle":270,"type":"block"},{"time":204.5,"angle":292.5,"type":"block"},{"time":204.75,"angle":270,"type":"block"},{"time":205,"angle":292.5,"type":"block"},{"time":205.25,"angle":315,"type":"block"},{"time":205.5,"angle":337.5,"type":"block"},{"time":205.75,"angle":315,"type":"block"},{"time":206,"angle":337.5,"type":"block"},{"time":206.25,"angle":360,"type":"block"},{"time":206.5,"angle":22.5,"type":"block"},{"time":206.75,"angle":45,"type":"block"},{"time":207,"angle":67.5,"type":"block"},{"time":207.25,"angle":45,"type":"block"},{"time":207.5,"angle":67.5,"type":"block"},{"time":207.75,"angle":90,"type":"block"},{"time":208,"angle":112.5,"type":"block"},{"time":208.25,"angle":90,"type":"block"},{"time":208.5,"angle":67.5,"type":"block"},{"time":208.75,"angle":45,"type":"block"},{"time":209,"angle":67.5,"type":"block"},{"time":209.25,"angle":45,"type":"block"},{"time":209.5,"angle":22.5,"type":"block"},{"time":209.75,"angle":0,"type":"block"},{"time":210,"angle":22.5,"type":"block"},{"time":210.25,"angle":0,"type":"block"},{"time":210.5,"angle":337.5,"type":"block"},{"time":210.75,"angle":315,"type":"block"},{"time":211,"angle":337.5,"type":"block"},{"time":211.25,"angle":0,"type":"block"},{"time":211.5,"angle":22.5,"type":"block"},{"time":211.75,"angle":360,"type":"block"},{"time":212,"angle":337.5,"type":"block"},{"time":212.25,"angle":0,"type":"block"},{"time":212.5,"angle":22.5,"type":"block"},{"time":212.75,"angle":45,"type":"block"},{"time":213,"angle":67.5,"type":"block"},{"time":213.25,"angle":45,"type":"block"},{"time":213.5,"angle":11.25,"type":"block"},{"time":213.75,"angle":337.5,"type":"block"},{"time":214,"angle":303.75,"type":"block"},{"time":214.25,"angle":11.25,"type":"block"},{"time":214.5,"angle":337.5,"type":"block"},{"time":214.75,"angle":303.75,"type":"block"},{"time":215,"angle":270,"type":"block"},{"time":215.25,"angle":236.25,"type":"block"},{"time":215.5,"angle":202.5,"type":"block"},{"time":215.75,"angle":236.25,"type":"block"},{"time":216,"angle":270,"type":"block"},{"time":216.25,"angle":303.75,"type":"block"},{"time":216.5,"angle":337.5,"type":"block"},{"time":216.75,"angle":11.25,"type":"block"},{"time":217,"angle":45,"type":"block"},{"time":217.25,"angle":78.75,"type":"block"},{"time":217.5,"angle":45,"type":"block"},{"time":217.75,"angle":78.75,"type":"block"},{"time":218,"angle":112.5,"type":"block"},{"time":218.25,"angle":146.25,"type":"block"},{"time":218.5,"angle":180,"type":"block"},{"time":218.75,"angle":213.75,"type":"block"},{"time":219,"angle":247.5,"type":"block"},{"time":219.25,"angle":281.25,"type":"block"},{"time":219.5,"angle":315,"type":"block"},{"time":219.75,"angle":281.25,"type":"block"},{"time":220,"angle":315,"type":"block"},{"time":220.25,"angle":348.75,"type":"block"},{"time":220.5,"angle":22.5,"type":"block"},{"time":220.75,"angle":56.25,"type":"block"},{"time":221,"angle":22.5,"type":"block"},{"time":221.25,"angle":56.25,"type":"block"},{"time":221.5,"angle":90,"type":"block"},{"time":221.75,"angle":123.75,"type":"block"},{"time":222,"angle":90,"type":"block"},{"time":222.25,"angle":123.75,"type":"block"},{"time":222.5,"angle":157.5,"type":"block"},{"time":222.75,"angle":191.25,"type":"block"},{"time":223,"angle":225,"type":"block"},{"time":223.25,"angle":258.75,"type":"block"},{"time":223.5,"angle":225,"type":"block"},{"time":223.75,"angle":191.25,"type":"block"},{"time":224,"angle":157.5,"type":"block"},{"time":224.25,"angle":123.75,"type":"block"},{"time":224.5,"angle":90,"type":"block"},{"time":224.75,"angle":123.75,"type":"block"},{"time":225,"angle":157.5,"type":"block"},{"time":225.25,"angle":191.25,"type":"block"},{"time":225.5,"angle":225,"type":"block"},{"time":225.75,"angle":258.75,"type":"block"},{"time":226,"angle":292.5,"type":"block"},{"time":226.25,"angle":326.25,"type":"block"},{"time":226.5,"angle":292.5,"type":"block"},{"time":226.75,"angle":326.25,"type":"block"},{"time":227,"angle":292.5,"type":"block"},{"time":227.25,"angle":258.75,"type":"block"},{"time":227.5,"angle":225,"type":"block"},{"time":227.75,"angle":258.75,"type":"block"},{"time":228,"angle":225,"type":"block"},{"time":228.25,"angle":191.25,"type":"block"},{"time":228.5,"angle":157.5,"type":"block"},{"time":228.75,"angle":191.25,"type":"block"},{"time":229,"angle":157.5,"type":"block"},{"time":229.25,"angle":123.75,"type":"block"},{"time":229.5,"angle":90,"type":"block"},{"time":229.75,"angle":123.75,"type":"block"},{"time":230,"angle":90,"type":"block"},{"time":230.25,"angle":56.25,"type":"block"},{"time":230.5,"angle":22.5,"type":"block"},{"time":230.75,"angle":56.25,"type":"block"},{"time":231,"angle":22.5,"type":"block"},{"time":231.25,"angle":348.75,"type":"block"},{"time":231.5,"angle":22.5,"type":"block"},{"time":231.75,"angle":348.75,"type":"block"},{"time":232,"angle":22.5,"type":"block"},{"time":232.25,"angle":56.25,"type":"block"},{"time":232.5,"angle":90,"type":"block"},{"time":232.75,"angle":56.25,"type":"block"},{"time":233,"angle":90,"type":"block"},{"time":233.25,"angle":123.75,"type":"block"},{"time":233.5,"angle":157.5,"type":"block"},{"time":233.75,"angle":191.25,"type":"block"},{"time":234,"angle":225,"type":"block"},{"time":234.25,"angle":258.75,"type":"block"},{"time":234.5,"angle":292.5,"type":"block"},{"time":234.75,"angle":258.75,"type":"block"},{"time":235,"angle":292.5,"type":"block"},{"time":235.25,"angle":326.25,"type":"block"},{"time":235.5,"angle":292.5,"type":"block"},{"time":235.75,"angle":258.75,"type":"block"},{"time":236,"angle":225,"type":"block"},{"time":236.25,"angle":258.75,"type":"block"},{"time":236.5,"angle":225,"type":"block"},{"time":236.75,"angle":258.75,"type":"block"},{"tap":true,"angle":292.5,"time":237,"type":"block"},{"time":98.5,"angle":337.5,"type":"block"},{"time":101.5,"angle":326.25,"type":"block"},{"time":101.5,"angle":303.75,"type":"block"},{"time":101.75,"angle":337.5,"type":"block"},{"time":107.25,"angle":56.25,"type":"block"},{"time":237.25,"angle":281.25,"type":"block"},{"time":237.5,"angle":258.75,"type":"block"},{"time":238,"angle":315,"type":"block"},{"time":238.25,"angle":303.75,"type":"block"},{"time":238.5,"angle":281.25,"type":"block"},{"time":238.75,"angle":258.75,"type":"block"},{"tap":true,"angle":22.5,"time":240,"type":"block"},{"time":240.25,"angle":11.25,"type":"block"},{"time":240.5,"angle":348.75,"type":"block"},{"time":240.75,"angle":326.25,"type":"block"},{"time":239,"angle":281.25,"type":"block"},{"time":239.25,"angle":303.75,"type":"block"},{"time":239.5,"angle":326.25,"type":"block"},{"time":239.75,"angle":348.75,"type":"block"},{"time":241,"angle":348.75,"type":"block"},{"time":241.25,"angle":11.25,"type":"block"},{"time":241.5,"angle":33.75,"type":"block"},{"time":241.75,"angle":56.25,"type":"block"},{"tap":true,"angle":90,"time":242,"type":"block"},{"time":242.25,"angle":78.75,"type":"block"},{"time":242.5,"angle":56.25,"type":"block"},{"time":242.75,"angle":33.75,"type":"block"},{"time":243,"angle":11.25,"type":"block"},{"time":243.25,"angle":33.75,"type":"block"},{"time":243.5,"angle":56.25,"type":"block"},{"time":243.75,"angle":78.75,"type":"block"},{"time":244,"angle":112.5,"type":"block"},{"tap":true,"angle":101.25,"time":244.25,"type":"block"},{"time":244.5,"angle":78.75,"type":"block"},{"time":244.75,"angle":56.25,"type":"block"},{"time":245,"angle":33.75,"type":"block"},{"time":245.25,"angle":56.25,"type":"block"},{"time":245.5,"angle":78.75,"type":"block"},{"time":245.75,"angle":101.25,"type":"block"},{"time":246,"angle":135,"type":"block"},{"time":246.25,"angle":123.75,"type":"block"},{"tap":true,"angle":90,"time":246.5,"type":"block"},{"time":246.75,"angle":67.5,"type":"block"},{"time":247,"angle":45,"type":"block"},{"time":247.25,"angle":67.5,"type":"block"},{"time":247.5,"angle":90,"type":"block"},{"time":247.75,"angle":112.5,"type":"block"},{"tap":true,"angle":146.25,"time":248,"type":"block"},{"time":248.25,"angle":135,"type":"block"},{"time":248.5,"angle":112.5,"type":"block"},{"time":248.75,"angle":90,"type":"block"},{"time":249,"angle":67.5,"type":"block"},{"time":249.25,"angle":90,"type":"block"},{"time":249.5,"angle":112.5,"type":"block"},{"tap":true,"angle":135,"time":249.75,"type":"block"},{"time":250,"angle":168.75,"type":"block"},{"time":250.25,"angle":157.5,"type":"block"},{"time":250.5,"angle":135,"type":"block"},{"time":250.75,"angle":112.5,"type":"block"},{"time":251,"angle":90,"type":"block"},{"time":251.25,"angle":112.5,"type":"block"},{"time":251.5,"angle":135,"type":"block"},{"tap":true,"angle":157.5,"time":251.75,"type":"block"},{"time":252,"angle":191.25,"type":"block"},{"time":252.25,"angle":180,"type":"block"},{"time":252.5,"angle":157.5,"type":"block"},{"time":252.75,"angle":135,"type":"block"},{"time":253,"angle":112.5,"type":"block"},{"time":253.25,"angle":135,"type":"block"},{"time":253.5,"angle":157.5,"type":"block"},{"time":253.75,"angle":180,"type":"block"},{"tap":true,"angle":213.75,"time":254,"type":"block"},{"time":254.25,"angle":202.5,"type":"block"},{"time":254.5,"angle":180,"type":"block"},{"time":254.75,"angle":157.5,"type":"block"},{"time":255,"angle":135,"type":"block"},{"time":255.25,"angle":157.5,"type":"block"},{"time":255.5,"angle":180,"type":"block"},{"time":255.75,"angle":202.5,"type":"block"},{"time":256,"angle":236.25,"type":"block"},{"time":256.25,"angle":225,"type":"block"},{"tap":true,"angle":202.5,"time":256.5,"type":"block"},{"time":256.75,"angle":180,"type":"block"},{"time":257,"angle":157.5,"type":"block"},{"time":257.25,"angle":180,"type":"block"},{"time":257.5,"angle":202.5,"type":"block"},{"time":257.75,"angle":225,"type":"block"},{"time":258,"angle":258.75,"type":"block"},{"time":258.25,"angle":247.5,"type":"block"},{"tap":true,"angle":225,"time":258.5,"type":"block"},{"time":258.75,"angle":202.5,"type":"block"},{"time":259,"angle":180,"type":"block"},{"time":259.25,"angle":202.5,"type":"block"},{"time":259.5,"angle":225,"type":"block"},{"time":259.75,"angle":247.5,"type":"block"},{"tap":true,"angle":281.25,"time":260,"type":"block"},{"time":260.25,"angle":270,"type":"block"},{"time":260.5,"angle":247.5,"type":"block"},{"time":260.75,"angle":225,"type":"block"},{"time":261,"angle":202.5,"type":"block"},{"time":261.25,"angle":225,"type":"block"},{"time":261.5,"angle":247.5,"type":"block"},{"tap":true,"angle":270,"time":261.75,"type":"block"},{"time":262,"angle":303.75,"type":"block"},{"time":262.25,"angle":292.5,"type":"block"},{"time":262.5,"angle":270,"type":"block"},{"time":262.75,"angle":247.5,"type":"block"},{"type":"block","angle":225,"time":263},{"time":263.25,"angle":247.5,"type":"block"},{"time":263.5,"angle":270,"type":"block"},{"time":263.75,"angle":292.5,"type":"block"},{"tap":true,"angle":326.25,"time":264,"type":"block"},{"time":264.25,"angle":315,"type":"block"},{"time":264.5,"angle":292.5,"type":"block"},{"time":264.75,"angle":270,"type":"block"},{"time":265,"angle":247.5,"type":"block"},{"time":265.25,"angle":270,"type":"block"},{"time":265.5,"angle":292.5,"type":"block"},{"time":265.75,"angle":315,"type":"block"},{"tap":true,"angle":348.75,"time":266,"type":"block"},{"time":266.25,"angle":337.5,"type":"block"},{"time":266.5,"angle":315,"type":"block"},{"time":266.75,"angle":292.5,"type":"block"},{"time":267,"angle":270,"type":"block"},{"time":267.25,"angle":292.5,"type":"block"},{"time":267.5,"angle":315,"type":"block"},{"time":267.75,"angle":337.5,"type":"block"},{"time":268,"angle":11.25,"type":"block"},{"tap":true,"angle":0,"time":268.25,"type":"block"},{"time":268.5,"angle":337.5,"type":"block"},{"time":268.75,"angle":315,"type":"block"},{"time":269,"angle":292.5,"type":"block"},{"time":269.25,"angle":315,"type":"block"},{"time":269.5,"angle":337.5,"type":"block"},{"tap":true,"angle":360,"time":269.75,"type":"block"},{"time":270,"angle":33.75,"type":"block"},{"time":270.25,"angle":22.5,"type":"block"},{"time":270.5,"angle":0,"type":"block"},{"type":"block","angle":337.5,"time":270.75},{"time":271,"angle":315,"type":"block"},{"time":271.25,"angle":337.5,"type":"block"},{"time":271.5,"angle":0,"type":"block"},{"time":271.75,"angle":22.5,"type":"block"},{"tap":true,"angle":56.25,"time":272,"type":"block"},{"time":272.25,"angle":45,"type":"block"},{"time":272.5,"angle":22.5,"type":"block"},{"time":272.75,"angle":0,"type":"block"},{"time":273,"angle":337.5,"type":"block"},{"time":273.25,"angle":0,"type":"block"},{"time":273.5,"angle":22.5,"type":"block"},{"time":273.75,"angle":45,"type":"block"},{"time":274,"angle":78.75,"type":"block"},{"time":274.25,"angle":101.25,"type":"block"},{"time":274.5,"angle":123.75,"type":"block"},{"time":274.75,"angle":146.25,"type":"block"},{"time":275,"angle":123.75,"type":"block"},{"time":275.25,"angle":146.25,"type":"block"},{"time":275.5,"angle":168.75,"type":"block"},{"time":275.75,"angle":191.25,"type":"block"},{"time":276,"angle":168.75,"type":"block"},{"time":276.25,"angle":191.25,"type":"block"},{"time":276.5,"angle":213.75,"type":"block"},{"time":276.75,"angle":236.25,"type":"block"},{"time":277,"angle":258.75,"type":"block"},{"time":277.25,"angle":236.25,"type":"block"},{"time":277.5,"angle":258.75,"type":"block"},{"time":277.75,"angle":281.25,"type":"block"},{"time":278,"angle":303.75,"type":"block"},{"time":278.25,"angle":281.25,"type":"block"},{"time":278.5,"angle":303.75,"type":"block"},{"time":278.75,"angle":281.25,"type":"block"},{"time":279,"angle":303.75,"type":"block"},{"time":279.25,"angle":281.25,"type":"block"},{"time":279.5,"angle":303.75,"type":"block"},{"time":279.75,"angle":326.25,"type":"block"},{"time":280,"angle":348.75,"type":"block"},{"time":280.25,"angle":11.25,"type":"block"},{"time":280.5,"angle":33.75,"type":"block"},{"time":280.75,"angle":56.25,"type":"block"},{"time":281,"angle":33.75,"type":"block"},{"time":281.25,"angle":56.25,"type":"block"},{"time":281.5,"angle":78.75,"type":"block"},{"time":281.75,"angle":56.25,"type":"block"},{"time":282,"angle":78.75,"type":"block"},{"time":282.25,"angle":101.25,"type":"block"},{"time":282.5,"angle":78.75,"type":"block"},{"time":282.75,"angle":101.25,"type":"block"},{"time":283,"angle":78.75,"type":"block"},{"time":283.25,"angle":101.25,"type":"block"},{"time":283.5,"angle":123.75,"type":"block"},{"time":283.75,"angle":146.25,"type":"block"},{"time":284,"angle":168.75,"type":"block"},{"time":284.25,"angle":146.25,"type":"block"},{"time":284.5,"angle":168.75,"type":"block"},{"time":284.75,"angle":191.25,"type":"block"},{"time":285,"angle":168.75,"type":"block"},{"time":285.25,"angle":191.25,"type":"block"},{"time":285.5,"angle":213.75,"type":"block"},{"time":286,"angle":225,"type":"block"},{"time":287,"angle":225,"type":"block"},{"time":287.25,"angle":202.5,"type":"block"},{"time":287.5,"angle":225,"type":"block"},{"time":287.75,"angle":247.5,"type":"block"},{"time":288,"angle":225,"type":"block"},{"time":288.25,"angle":202.5,"type":"block"},{"time":289,"angle":168.75,"type":"block"},{"time":289.25,"angle":146.25,"type":"block"},{"time":289.5,"angle":168.75,"type":"block"},{"time":290,"angle":146.25,"type":"block"},{"time":290.5,"angle":213.75,"type":"block"},{"time":290.75,"angle":202.5,"type":"block"},{"time":291,"angle":191.25,"type":"block"},{"time":291.25,"angle":180,"type":"block"},{"time":291.5,"angle":191.25,"type":"block"},{"time":292,"angle":281.25,"type":"block"},{"time":292.25,"angle":292.5,"type":"block"},{"time":293,"angle":22.5,"type":"block"},{"time":293.25,"angle":11.25,"type":"block"},{"time":292.75,"angle":0,"type":"block"},{"time":293.5,"angle":45,"type":"block"},{"time":293.75,"angle":33.75,"type":"block"},{"time":294,"angle":56.25,"type":"block"},{"time":294.5,"angle":123.75,"type":"block"},{"time":294.75,"angle":90,"type":"block"},{"time":295,"angle":123.75,"type":"block"},{"time":295.25,"angle":157.5,"type":"block"},{"time":295.5,"angle":123.75,"type":"block"},{"time":286.75,"angle":213.75,"type":"side"},{"time":288.75,"angle":157.5,"type":"side"},{"time":286.25,"angle":191.25,"type":"block"},{"time":286.5,"angle":157.5,"type":"block"},{"time":294.25,"angle":90,"type":"block"},{"time":296,"angle":56.25,"type":"block"},{"time":295.75,"angle":78.75,"type":"side"},{"time":297,"angle":22.5,"type":"side"},{"time":297.25,"angle":0,"type":"block"},{"time":297.5,"angle":22.5,"type":"block"},{"time":297.75,"angle":0,"type":"block"},{"time":298.25,"angle":22.5,"type":"block"},{"time":298.75,"angle":315,"type":"block"},{"time":299,"angle":292.5,"type":"block"},{"time":298.5,"angle":337.5,"type":"side"},{"time":299.25,"angle":270,"type":"block"},{"time":299.5,"angle":292.5,"type":"block"},{"time":300,"angle":270,"type":"block"},{"time":300.25,"angle":236.25,"type":"block"},{"time":301,"angle":270,"type":"block"},{"time":301.25,"angle":247.5,"type":"block"},{"tap":true,"angle":292.5,"time":301.5,"type":"block"},{"time":301.75,"angle":326.25,"type":"block"},{"time":302,"angle":11.25,"type":"side"},{"time":302.25,"angle":11.25,"type":"block"},{"time":302.5,"angle":33.75,"type":"block"},{"time":302.75,"angle":56.25,"type":"block"},{"time":303,"angle":33.75,"type":"block"},{"time":303.25,"angle":56.25,"type":"block"},{"time":303.5,"angle":78.75,"type":"block"},{"time":303.75,"angle":112.5,"type":"side"},{"time":304,"angle":112.5,"type":"block"},{"time":304.25,"angle":90,"type":"block"},{"time":304.875,"angle":67.5,"type":"side"},{"time":305.25,"angle":45,"type":"block"},{"time":305.5,"angle":90,"type":"block"},{"time":305.75,"angle":45,"type":"block"},{"time":306,"angle":67.5,"type":"side"},{"time":306.5,"angle":67.5,"type":"block"},{"time":306.75,"angle":45,"type":"block"},{"time":307,"angle":22.5,"type":"block"},{"time":307.25,"angle":0,"type":"block"},{"time":307.5,"angle":22.5,"type":"block"},{"time":308,"angle":22.5,"type":"block"},{"time":308.25,"angle":56.25,"type":"block"},{"time":309,"angle":360,"type":"block"},{"time":309.25,"angle":33.75,"type":"block"},{"time":308.75,"angle":22.5,"type":"side"},{"time":309.5,"angle":67.5,"type":"block"},{"time":309.75,"angle":56.25,"type":"block"},{"time":310,"angle":78.75,"type":"block"},{"time":310.25,"angle":101.25,"type":"block"},{"time":310.5,"angle":123.75,"type":"block"},{"time":310.75,"angle":112.5,"type":"block"},{"time":311.25,"angle":180,"type":"block"},{"time":311.5,"angle":157.5,"type":"block"},{"time":311.75,"angle":180,"type":"block"},{"time":312,"angle":213.75,"type":"side"},{"time":311,"angle":202.5,"type":"block"},{"time":312.25,"angle":258.75,"type":"block"},{"time":312.75,"angle":213.75,"type":"block"},{"time":313.25,"angle":236.25,"type":"block"},{"time":313.5,"angle":258.75,"type":"block"},{"time":313.75,"angle":236.25,"type":"block"},{"time":313.125,"angle":270,"type":"side"},{"time":314,"angle":258.75,"type":"block"},{"time":314.75,"angle":225,"type":"block"},{"time":315,"angle":213.75,"type":"block"},{"time":315.25,"angle":202.5,"type":"block"},{"time":315.5,"angle":191.25,"type":"block"},{"time":315.75,"angle":202.5,"type":"block"},{"time":316.25,"angle":146.25,"type":"block"},{"time":316,"angle":135,"type":"side"},{"time":317,"angle":67.5,"type":"block"},{"time":317.25,"angle":33.75,"type":"block"},{"time":317.5,"angle":0,"type":"block"},{"time":318,"angle":11.25,"type":"block"},{"time":318.5,"angle":0,"type":"block"},{"time":319,"angle":180,"type":"block"},{"time":319.5,"angle":168.75,"type":"block"},{"time":320,"angle":157.5,"type":"block"},{"time":320.5,"angle":180,"type":"block"},{"time":321,"angle":22.5,"type":"block"},{"time":321.5,"angle":33.75,"type":"block"},{"time":322,"angle":337.5,"type":"side"},{"time":322,"angle":157.5,"type":"side"},{"time":322.5,"angle":0,"type":"block"},{"time":323,"angle":22.5,"type":"block"},{"time":322.5,"angle":180,"type":"block"},{"time":323,"angle":202.5,"type":"block"},{"time":324,"angle":348.75,"type":"block"},{"time":324.5,"angle":146.25,"type":"block"},{"time":325,"angle":33.75,"type":"block"},{"time":325.5,"angle":348.75,"type":"side"},{"time":326,"angle":168.75,"type":"block"},{"time":326.5,"angle":202.5,"type":"side"},{"time":327,"angle":202.5,"type":"block"},{"time":327.5,"angle":33.75,"type":"block"},{"time":328,"angle":56.25,"type":"block"},{"time":328.5,"angle":11.25,"type":"block"},{"time":329,"angle":348.75,"type":"block"},{"time":329.5,"angle":0,"type":"block"},{"time":332,"angle":191.25,"type":"block"},{"time":330.5,"angle":22.5,"type":"block"},{"time":331,"angle":45,"type":"block"},{"time":332.5,"angle":168.75,"type":"block"},{"time":333,"angle":146.25,"type":"block"},{"time":333.5,"angle":112.5,"type":"block"},{"time":334,"angle":146.25,"type":"block"},{"time":334.5,"angle":292.5,"type":"block"},{"time":335,"angle":326.25,"type":"block"},{"time":335.5,"angle":0,"type":"block"},{"time":336,"angle":326.25,"type":"block"},{"time":336.5,"angle":168.75,"type":"block"},{"time":337,"angle":191.25,"type":"block"},{"time":337.5,"angle":168.75,"type":"block"},{"time":338,"angle":292.5,"type":"side"},{"time":338.5,"angle":337.5,"type":"block"},{"time":339,"angle":315,"type":"block"},{"time":340.5,"angle":11.25,"type":"block"},{"time":340,"angle":157.5,"type":"block"},{"time":341,"angle":191.25,"type":"block"},{"time":341.5,"angle":112.5,"type":"side"},{"time":341.5,"angle":292.5,"type":"side"},{"time":342,"angle":270,"type":"block"},{"time":342,"angle":90,"type":"block"},{"time":342.5,"angle":247.5,"type":"block"},{"time":343,"angle":45,"type":"block"},{"time":343.5,"angle":22.5,"type":"block"},{"time":344,"angle":360,"type":"block"},{"time":344.5,"angle":225,"type":"block"},{"time":345,"angle":202.5,"type":"block"},{"time":345.5,"angle":225,"type":"block"},{"time":346,"angle":180,"type":"side"},{"time":346.5,"angle":348.75,"type":"block"},{"time":348,"angle":0,"type":"block"},{"time":348.5,"angle":11.25,"type":"block"},{"time":349,"angle":0,"type":"block"},{"time":349.5,"angle":11.25,"type":"block"},{"time":350,"angle":348.75,"type":"block"},{"time":350.5,"angle":11.25,"type":"block"},{"time":352.5,"angle":56.25,"type":"block"},{"time":353,"angle":78.75,"type":"block"},{"time":353.5,"angle":112.5,"type":"block"},{"time":351,"angle":213.75,"type":"block"},{"time":351.5,"angle":236.25,"type":"block"},{"time":352,"angle":213.75,"type":"block"},{"time":354,"angle":67.5,"type":"side"},{"time":354,"angle":247.5,"type":"side"},{"time":354.5,"angle":45,"type":"block"},{"time":355,"angle":202.5,"type":"block"},{"time":356.5,"angle":337.5,"type":"side"},{"time":357,"angle":45,"type":"block"},{"time":357.5,"angle":360,"type":"block"},{"time":358,"angle":45,"type":"block"},{"time":358.5,"angle":360,"type":"block"},{"time":359,"angle":270,"type":"side"},{"time":359.5,"angle":270,"type":"block"},{"time":360,"angle":292.5,"type":"block"},{"time":360.5,"angle":315,"type":"block"},{"time":361,"angle":337.5,"type":"block"},{"time":361.5,"angle":315,"type":"block"},{"time":362.5,"angle":292.5,"type":"block"},{"time":363,"angle":315,"type":"block"},{"time":364,"angle":101.25,"type":"block"},{"time":364.5,"angle":78.75,"type":"block"},{"time":365,"angle":56.25,"type":"block"},{"time":365.5,"angle":0,"type":"block"},{"time":365.5,"angle":180,"type":"block"},{"time":366,"angle":22.5,"type":"side"},{"time":366.5,"angle":213.75,"type":"block"},{"time":367,"angle":191.25,"type":"block"},{"time":367.5,"angle":168.75,"type":"block"},{"time":368.5,"angle":0,"type":"block"},{"time":369,"angle":22.5,"type":"block"},{"time":369.5,"angle":360,"type":"block"},{"time":368,"angle":202.5,"type":"side"},{"time":370,"angle":315,"type":"side"},{"time":370.5,"angle":0,"type":"block"},{"time":371,"angle":22.5,"type":"block"},{"time":371.5,"angle":247.5,"type":"side"},{"time":372.5,"angle":11.25,"type":"block"},{"time":373,"angle":348.75,"type":"block"},{"time":372,"angle":45,"type":"block"},{"time":373.5,"angle":292.5,"type":"side"},{"time":374,"angle":112.5,"type":"block"},{"time":374.5,"angle":67.5,"type":"side"},{"time":375,"angle":67.5,"type":"block"},{"time":375.5,"angle":45,"type":"block"},{"time":376,"angle":22.5,"type":"block"},{"time":376.5,"angle":236.25,"type":"block"},{"time":377,"angle":258.75,"type":"block"},{"time":377.5,"angle":236.25,"type":"block"},{"time":378,"angle":202.5,"type":"side"},{"time":378.5,"angle":191.25,"type":"block"},{"time":379,"angle":168.75,"type":"block"},{"time":379.25,"angle":146.25,"type":"block"},{"time":379.5,"angle":123.75,"type":"block"},{"time":379.75,"angle":101.25,"type":"block"},{"time":380,"angle":146.25,"type":"block"},{"time":380.25,"angle":123.75,"type":"block"},{"time":380.5,"angle":101.25,"type":"block"},{"time":380.75,"angle":78.75,"type":"block"},{"time":381,"angle":33.75,"type":"block"},{"time":381.25,"angle":56.25,"type":"block"},{"time":381.5,"angle":78.75,"type":"block"},{"time":381.75,"angle":101.25,"type":"block"},{"time":382,"angle":78.75,"type":"block"},{"time":382.25,"angle":45,"type":"block"},{"time":382.5,"angle":11.25,"type":"block"},{"time":382.75,"angle":337.5,"type":"block"},{"time":383,"angle":315,"type":"block"},{"time":383.25,"angle":326.25,"type":"block"},{"time":383.5,"angle":303.75,"type":"block"},{"time":383.75,"angle":315,"type":"block"},{"time":384,"angle":270,"type":"block"},{"time":384.25,"angle":292.5,"type":"block"},{"time":384.5,"angle":270,"type":"block"},{"time":384.75,"angle":247.5,"type":"block"},{"time":385,"angle":225,"type":"block"},{"time":385.25,"angle":202.5,"type":"block"},{"time":385.5,"angle":247.5,"type":"block"},{"time":385.75,"angle":225,"type":"block"},{"time":386,"angle":202.5,"type":"block"},{"time":386.25,"angle":236.25,"type":"block"},{"time":386.5,"angle":213.75,"type":"block"},{"time":386.75,"angle":191.25,"type":"block"},{"time":387,"angle":168.75,"type":"block"},{"time":387.5,"angle":202.5,"duration":0.75,"angle2":236.25,"type":"hold"},{"type":"hold","angle":270,"endTap":true,"duration":6,"angle2":90,"time":389.5},{"type":"hold","angle":90,"endTap":true,"duration":3,"angle2":213.75,"time":395.5},{"time":398.5,"angle":213.75,"duration":3,"angle2":0,"type":"hold"},{"time":387.25,"angle":191.25,"type":"block"},{"time":391.25,"angle":360,"type":"extraTap"},{"time":394,"angle":360,"type":"extraTap"},{"time":397,"angle":360,"type":"extraTap"},{"time":400,"angle":360,"type":"extraTap"},{"time":347,"angle":11.25,"type":"block"},{"tap":true,"angle":180,"time":392.5,"type":"block"},{"type":"block","angle":11.25,"time":110.25,"tap":true},{"type":"extraTap","angle":360,"time":110.5},{"tap":true,"angle":326.25,"time":112.375,"type":"block"},{"time":112.625,"angle":0,"type":"extraTap"},{"time":114.5,"angle":360,"type":"extraTap"},{"tap":true,"angle":22.5,"time":116.25,"type":"block"},{"time":116.625,"angle":0,"type":"extraTap"},{"tap":true,"angle":343.125,"time":117.125,"type":"block"},{"tap":true,"angle":348.75,"time":117.25,"type":"block"},{"angle":56.25,"startTap":true,"type":"hold","duration":0.75,"angle2":191.25,"time":117.5},{"time":118.5,"angle":219.375,"type":"extraTap"},{"tap":true,"angle":315,"time":120.375,"type":"block"},{"time":120.625,"angle":0,"type":"extraTap"},{"time":122.625,"angle":0,"type":"extraTap"},{"tap":true,"angle":61.875,"time":124.375,"type":"block"},{"time":124.625,"angle":0,"type":"extraTap"},{"time":125.125,"angle":360,"type":"extraTap"},{"time":401.75,"angle":360,"type":"block"},{"time":402,"angle":348.75,"type":"block"},{"time":402.25,"angle":0,"type":"block"},{"time":401.875,"angle":22.5,"type":"block"},{"time":402.375,"angle":22.5,"type":"block"},{"tap":true,"angle":326.25,"time":402.5,"type":"block"},{"time":402.625,"angle":348.75,"type":"block"},{"time":403,"angle":303.75,"type":"block"},{"time":403.125,"angle":281.25,"type":"block"},{"time":403.25,"angle":247.5,"type":"block"},{"time":403.375,"angle":213.75,"type":"block"},{"tap":true,"angle":180,"time":403.5,"type":"block"},{"time":403.625,"angle":247.5,"type":"block"},{"time":403.75,"angle":225,"type":"block"},{"time":404,"angle":270,"type":"block"},{"time":404.125,"angle":247.5,"type":"block"},{"time":404.25,"angle":292.5,"type":"block"},{"time":404.375,"angle":326.25,"type":"block"},{"time":404.625,"angle":348.75,"type":"block"},{"time":404.75,"angle":326.25,"type":"block"},{"time":404.875,"angle":303.75,"type":"block"},{"tap":true,"angle":315,"time":404.5,"type":"block"},{"time":405,"angle":337.5,"type":"block"},{"time":405.125,"angle":326.25,"type":"block"},{"time":405.25,"angle":315,"type":"block"},{"time":405.375,"angle":0,"type":"block"},{"time":403.875,"angle":247.5,"type":"block"},{"time":405.5,"angle":22.5,"duration":2.875,"angle2":-90,"type":"hold"},{"time":402,"angle":0,"type":"extraTap"},{"time":403,"angle":0,"type":"extraTap"},{"time":404,"angle":0,"type":"extraTap"},{"time":405,"angle":0,"type":"extraTap"},{"angle":270,"startTap":true,"type":"hold","duration":3,"angle2":382.5,"time":408.375},{"angle":22.5,"startTap":true,"type":"hold","duration":3,"angle2":168.75,"time":411.375},{"angle":168.75,"startTap":true,"type":"hold","duration":1.625,"angle2":67.5,"time":414.375},{"time":416,"angle":67.5,"duration":1.5,"angle2":157.5,"type":"hold"},{"time":407,"angle":360,"type":"extraTap"},{"time":410,"angle":0,"type":"extraTap"},{"time":413.125,"angle":0,"type":"extraTap"},{"time":416,"angle":360,"type":"extraTap"},{"time":417.75,"angle":168.75,"type":"block"},{"time":418,"angle":146.25,"type":"block"},{"time":417.875,"angle":191.25,"type":"block"},{"time":418.125,"angle":123.75,"type":"block"},{"time":418.25,"angle":146.25,"type":"block"},{"time":418.375,"angle":123.75,"type":"block"},{"tap":true,"angle":67.5,"time":418.5,"type":"block"},{"time":418.625,"angle":123.75,"type":"block"},{"time":418.75,"angle":67.5,"type":"block"},{"time":418.875,"angle":45,"type":"block"},{"time":419,"angle":22.5,"type":"block"},{"time":419.125,"angle":67.5,"type":"block"},{"time":419.25,"angle":45,"type":"block"},{"time":419.375,"angle":22.5,"type":"block"},{"tap":true,"angle":0,"time":419.5,"type":"block"},{"time":419.625,"angle":22.5,"type":"block"},{"time":419.75,"angle":337.5,"type":"block"},{"time":420,"angle":315,"type":"block"},{"time":420.125,"angle":292.5,"type":"block"},{"time":420.25,"angle":303.75,"type":"block"},{"time":420.375,"angle":281.25,"type":"block"},{"tap":true,"angle":258.75,"time":420.5,"type":"block"},{"time":420.625,"angle":281.25,"type":"block"},{"time":420.75,"angle":303.75,"type":"block"},{"time":420.875,"angle":326.25,"type":"block"},{"time":421,"angle":348.75,"type":"block"},{"time":421.125,"angle":11.25,"type":"block"},{"time":421.25,"angle":33.75,"type":"block"},{"time":421.375,"angle":56.25,"type":"block"},{"speedMult":3,"angle":0,"type":"mineHold","duration":6,"angle2":-180,"time":389.5},{"speedMult":3,"angle":90,"type":"mineHold","duration":6,"angle2":-90,"time":389.5},{"speedMult":3,"angle":180,"type":"mineHold","duration":6,"angle2":0,"time":389.5},{"speedMult":3,"angle":360,"type":"mineHold","duration":3,"angle2":483.75,"time":395.5},{"speedMult":3,"angle":270,"type":"mineHold","duration":3,"angle2":393.75,"time":395.5},{"speedMult":3,"angle":180,"type":"mineHold","duration":3,"angle2":281.25,"time":395.5},{"speedMult":3,"angle":281.25,"type":"mineHold","duration":3,"angle2":90,"time":398.5},{"speedMult":3,"angle":33.75,"type":"mineHold","duration":3,"angle2":-180,"time":398.5},{"speedMult":3,"angle":123.75,"type":"mineHold","duration":3,"angle2":-90,"time":398.5},{"speedMult":3,"angle":292.5,"type":"mineHold","duration":3,"angle2":180,"time":405.5},{"speedMult":3,"angle":202.5,"type":"mineHold","duration":3,"angle2":90,"time":405.5},{"speedMult":3,"angle":112.5,"type":"mineHold","duration":3,"angle2":0,"time":405.5},{"speedMult":3,"angle":0,"type":"mineHold","duration":3,"angle2":112.5,"time":408.5},{"speedMult":3,"angle":90,"type":"mineHold","duration":3,"angle2":202.5,"time":408.5},{"speedMult":3,"angle":180,"type":"mineHold","duration":3,"angle2":292.5,"time":408.5},{"speedMult":3,"angle":292.5,"type":"mineHold","duration":3,"angle2":438.75,"time":411.5},{"speedMult":3,"angle":202.5,"type":"mineHold","duration":3,"angle2":348.75,"time":411.5},{"speedMult":3,"angle":112.5,"type":"mineHold","duration":3,"angle2":258.75,"time":411.5},{"speedMult":3,"angle":258.75,"type":"mineHold","duration":1.5,"angle2":157.5,"time":414.5},{"speedMult":3,"angle":348.75,"type":"mineHold","duration":1.5,"angle2":247.5,"time":414.5},{"speedMult":3,"angle":78.75,"type":"mineHold","duration":1.5,"angle2":-22.5,"time":414.5},{"speedMult":3,"angle":337.5,"type":"mineHold","duration":1.5,"angle2":427.5,"time":416},{"speedMult":3,"angle":247.5,"type":"mineHold","duration":1.5,"angle2":337.5,"time":416},{"speedMult":3,"angle":157.5,"type":"mineHold","duration":1.5,"angle2":247.5,"time":416},{"time":418,"angle":0,"type":"extraTap"},{"time":419,"angle":360,"type":"extraTap"},{"time":420,"angle":360,"type":"extraTap"},{"time":421,"angle":0,"type":"extraTap"},{"time":421.5,"angle":78.75,"duration":6,"angle2":-225,"type":"hold"},{"angle":135,"startTap":true,"type":"hold","duration":3,"angle2":258.75,"time":427.5},{"angle":258.75,"startTap":true,"type":"hold","duration":3,"angle2":146.25,"time":430.5},{"time":433.625,"angle":123.75,"type":"block"},{"time":433.75,"angle":168.75,"type":"block"},{"time":433.875,"angle":146.25,"type":"block"},{"time":434,"angle":191.25,"type":"block"},{"time":434.125,"angle":168.75,"type":"block"},{"time":434.25,"angle":180,"type":"block"},{"time":434.375,"angle":191.25,"type":"block"},{"tap":true,"angle":202.5,"time":434.5,"type":"block"},{"time":434.625,"angle":191.25,"type":"block"},{"time":434.75,"angle":168.75,"type":"block"},{"time":434.875,"angle":146.25,"type":"block"},{"time":435,"angle":123.75,"type":"block"},{"time":435.125,"angle":135,"type":"block"},{"time":435.25,"angle":146.25,"type":"block"},{"time":435.375,"angle":168.75,"type":"block"},{"tap":true,"angle":135,"time":435.5,"type":"block"},{"time":435.625,"angle":168.75,"type":"block"},{"time":435.75,"angle":146.25,"type":"block"},{"time":435.875,"angle":191.25,"type":"block"},{"time":436,"angle":168.75,"type":"block"},{"time":436.125,"angle":202.5,"type":"block"},{"time":436.25,"angle":236.25,"type":"block"},{"time":436.375,"angle":270,"type":"block"},{"tap":true,"angle":247.5,"time":436.5,"type":"block"},{"time":436.625,"angle":281.25,"type":"block"},{"time":436.75,"angle":315,"type":"block"},{"time":436.875,"angle":11.25,"type":"block"},{"time":437,"angle":337.5,"type":"block"},{"time":437.125,"angle":303.75,"type":"block"},{"time":437.25,"angle":270,"type":"block"},{"time":437.25,"angle":337.5,"type":"block"},{"time":423,"angle":0,"type":"extraTap"},{"time":426,"angle":360,"type":"extraTap"},{"time":429,"angle":0,"type":"extraTap"},{"time":432,"angle":360,"type":"extraTap"},{"tap":true,"angle":292.5,"time":424.375,"type":"block"},{"time":437.5,"angle":348.75,"duration":3,"angle2":472.5,"type":"hold"},{"speedMult":3,"angle":348.75,"type":"mineHold","duration":6,"angle2":45,"time":421.5},{"speedMult":3,"angle":258.75,"type":"mineHold","duration":6,"angle2":-45,"time":421.5},{"speedMult":3,"angle":168.75,"type":"mineHold","duration":6,"angle2":-135,"time":421.5},{"speedMult":3,"angle":45,"type":"mineHold","duration":3,"angle2":168.75,"time":427.5},{"speedMult":3,"angle":315,"type":"mineHold","duration":3,"angle2":438.75,"time":427.5},{"speedMult":3,"angle":225,"type":"mineHold","duration":3,"angle2":348.75,"time":427.5},{"speedMult":3,"angle":168.75,"type":"mineHold","duration":3,"angle2":56.25,"time":430.5},{"speedMult":3,"angle":78.75,"type":"mineHold","duration":3,"angle2":-33.75,"time":430.5},{"speedMult":3,"angle":348.75,"type":"mineHold","duration":3,"angle2":236.25,"time":430.5},{"time":434,"angle":360,"type":"extraTap"},{"time":435,"angle":360,"type":"extraTap"},{"time":436,"angle":0,"type":"extraTap"},{"time":437,"angle":360,"type":"extraTap"},{"angle":112.5,"startTap":true,"type":"hold","duration":3,"angle2":22.5,"time":440.5},{"angle":22.5,"startTap":true,"type":"hold","duration":3,"angle2":168.75,"time":443.5},{"angle":168.75,"startTap":true,"type":"hold","duration":3,"angle2":427.5,"time":446.5},{"time":438.875,"angle":0,"type":"extraTap"},{"time":441.875,"angle":360,"type":"extraTap"},{"time":444.875,"angle":360,"type":"extraTap"},{"time":447.875,"angle":360,"type":"extraTap"},{"angle":191.25,"startTap":true,"type":"hold","duration":3,"angle2":450,"time":446.5},{"speedMult":3,"angle":258.75,"type":"mineHold","duration":3,"angle2":382.5,"time":437.5},{"speedMult":3,"angle":78.75,"type":"mineHold","duration":3,"angle2":202.5,"time":437.5},{"speedMult":3,"angle":168.75,"type":"mineHold","duration":3,"angle2":281.25,"time":437.5},{"speedMult":3,"angle":22.5,"type":"mineHold","duration":3,"angle2":-67.5,"time":440.5},{"speedMult":3,"angle":281.25,"type":"mineHold","duration":3,"angle2":202.5,"time":440.5},{"speedMult":3,"angle":202.5,"type":"mineHold","duration":3,"angle2":112.5,"time":440.5},{"speedMult":3,"angle":292.5,"type":"mineHold","duration":3,"angle2":438.75,"time":443.5},{"speedMult":3,"angle":202.5,"type":"mineHold","duration":3,"angle2":348.75,"time":443.5},{"speedMult":3,"angle":112.5,"type":"mineHold","duration":3,"angle2":258.75,"time":443.5},{"time":449.75,"angle":56.25,"type":"block"},{"time":449.875,"angle":33.75,"type":"block"},{"time":450,"angle":45,"type":"block"},{"time":450.125,"angle":22.5,"type":"block"},{"time":450.25,"angle":360,"type":"block"},{"time":450.375,"angle":22.5,"type":"block"},{"time":450.5,"angle":45,"type":"block"},{"time":450.625,"angle":33.75,"type":"block"},{"time":450.75,"angle":45,"type":"block"},{"time":450.875,"angle":67.5,"type":"block"},{"time":451,"angle":90,"type":"block"},{"time":451.125,"angle":101.25,"type":"block"},{"time":451.25,"angle":67.5,"type":"block"},{"time":451.375,"angle":78.75,"type":"block"},{"time":451.5,"angle":45,"type":"block"},{"time":451.625,"angle":22.5,"type":"block"},{"time":451.75,"angle":360,"type":"block"},{"time":449.625,"angle":78.75,"type":"block"},{"time":451.875,"angle":337.5,"type":"block"},{"time":452,"angle":315,"type":"block"},{"time":452.125,"angle":326.25,"type":"block"},{"time":452.25,"angle":315,"type":"block"},{"time":452.375,"angle":292.5,"type":"block"},{"time":452.5,"angle":270,"type":"block"},{"time":452.625,"angle":292.5,"type":"block"},{"time":452.75,"angle":281.25,"type":"block"},{"time":452.875,"angle":270,"type":"block"},{"time":453,"angle":303.75,"type":"block"},{"time":453.125,"angle":326.25,"type":"block"},{"time":453.25,"angle":348.75,"type":"block"},{"time":453.375,"angle":11.25,"type":"block"},{"time":453.5,"angle":33.75,"type":"block"},{"time":454,"angle":180,"type":"block"},{"time":454.75,"angle":146.25,"type":"block"},{"time":455.5,"angle":123.75,"type":"block"},{"time":456.25,"angle":191.25,"type":"block"},{"time":456.5,"angle":168.75,"type":"block"},{"time":456.75,"angle":191.25,"type":"block"},{"time":457,"angle":247.5,"type":"block"},{"time":457.25,"angle":292.5,"type":"block"},{"time":457.5,"angle":258.75,"type":"block"},{"time":457.75,"angle":225,"type":"block"},{"time":458,"angle":191.25,"type":"block"},{"time":458.25,"angle":157.5,"type":"block"},{"time":458.5,"angle":123.75,"type":"block"},{"time":458.75,"angle":90,"type":"block"},{"time":459,"angle":112.5,"type":"block"},{"time":459,"angle":146.25,"type":"block"},{"time":459.5,"angle":191.25,"type":"block"},{"time":459.75,"angle":168.75,"type":"block"},{"time":460,"angle":202.5,"type":"block"},{"time":460.25,"angle":236.25,"type":"block"},{"time":460.5,"angle":191.25,"type":"block"},{"time":460.75,"angle":157.5,"type":"block"},{"time":461,"angle":157.5,"type":"block"},{"time":460.875,"angle":123.75,"type":"block"},{"time":461.25,"angle":191.25,"type":"block"},{"time":461.5,"angle":236.25,"type":"block"},{"time":461.75,"angle":213.75,"type":"block"},{"time":462,"angle":191.25,"type":"block"},{"time":462.25,"angle":236.25,"type":"block"},{"time":462.5,"angle":213.75,"type":"block"},{"time":462.75,"angle":191.25,"type":"block"},{"time":463,"angle":247.5,"type":"block"},{"time":463.25,"angle":225,"type":"block"},{"time":463.5,"angle":180,"type":"block"},{"time":463.75,"angle":146.25,"type":"block"},{"time":464,"angle":168.75,"type":"block"},{"time":464.25,"angle":213.75,"type":"block"},{"time":464.5,"angle":191.25,"type":"block"},{"time":464.75,"angle":213.75,"type":"block"},{"time":465,"angle":247.5,"type":"block"},{"time":465.25,"angle":225,"type":"block"},{"time":465.5,"angle":202.5,"type":"block"},{"time":465.75,"angle":225,"type":"block"},{"time":466,"angle":180,"type":"block"},{"time":466,"angle":157.5,"type":"block"},{"time":466.5,"angle":247.5,"type":"block"},{"time":466.5,"angle":225,"type":"block"},{"time":467,"angle":146.25,"type":"block"},{"time":467,"angle":123.75,"type":"block"},{"time":469.5,"angle":191.25,"duration":3.5,"angle2":258.75,"type":"hold"},{"time":473,"angle":258.75,"duration":3.125,"angle2":225,"type":"hold"},{"type":"hold","angle":225,"duration":3.4375,"angle2":281.25,"time":476.125},{"time":479.5625,"angle":281.25,"duration":3.375,"angle2":382.5,"type":"hold"},{"type":"hold","angle":22.5,"duration":2.3125,"angle2":22.5,"time":482.9375},{"time":485.25,"angle":22.5,"duration":2.25,"angle2":-78.75,"type":"hold"},{"time":487.5,"angle":281.25,"duration":3.375,"angle2":371.25,"type":"hold"},{"time":490.875,"angle":11.25,"duration":3.125,"angle2":-157.5,"type":"hold"},{"time":494,"angle":202.5,"duration":3,"angle2":292.5,"type":"hold"},{"time":497,"angle":292.5,"duration":3,"angle2":258.75,"type":"hold"},{"time":500,"angle":258.75,"duration":3,"angle2":146.25,"type":"hold"},{"time":503,"angle":146.25,"duration":2.625,"angle2":247.5,"type":"hold"},{"type":"hold","angle":247.5,"duration":3.125,"angle2":258.75,"time":505.625},{"time":508.75,"angle":258.75,"duration":3.25,"angle2":157.5,"type":"hold"},{"time":512,"angle":157.5,"duration":3,"angle2":270,"type":"hold"},{"time":515,"angle":270,"duration":3,"angle2":191.25,"type":"hold"},{"time":518,"angle":191.25,"duration":3,"angle2":326.25,"type":"hold"},{"time":521,"angle":326.25,"duration":2.5,"angle2":180,"type":"hold"},{"type":"hold","angle":180,"duration":3,"angle2":157.5,"time":523.5},{"time":526.5,"angle":157.5,"duration":3,"angle2":202.5,"type":"hold"},{"time":529.5,"angle":202.5,"duration":3,"angle2":22.5,"type":"hold"},{"time":532.5,"angle":22.5,"duration":3,"angle2":-11.25,"type":"hold"},{"time":535.5,"angle":348.75,"duration":2.5,"angle2":438.75,"type":"hold"},{"time":538,"angle":78.75,"duration":2.5,"angle2":-33.75,"type":"hold"},{"time":540.5,"angle":326.25,"duration":4,"angle2":326.25,"type":"hold"},{"time":544.5,"angle":326.25,"duration":3,"angle2":427.5,"type":"hold"},{"time":547.5,"angle":67.5,"duration":3,"angle2":-90,"type":"hold"},{"time":550.5,"angle":270,"duration":3,"angle2":123.75,"type":"hold"},{"time":553.5,"angle":123.75,"duration":3,"angle2":191.25,"type":"hold"},{"time":556.5,"angle":191.25,"duration":2.625,"angle2":202.5,"type":"hold"},{"time":559.125,"angle":202.5,"duration":3.375,"angle2":78.75,"type":"hold"},{"time":562.5,"angle":78.75,"duration":3,"angle2":67.5,"type":"hold"},{"time":565.5,"angle":67.5,"duration":3,"angle2":202.5,"type":"hold"},{"time":568.5,"angle":202.5,"duration":3,"angle2":405,"type":"hold"},{"time":571.5,"angle":45,"duration":2.5,"angle2":0,"type":"hold"},{"time":574,"angle":0,"duration":2.5,"angle2":101.25,"type":"hold"},{"time":576.5,"angle":101.25,"duration":3,"angle2":213.75,"type":"hold"},{"time":579.5,"angle":213.75,"duration":3,"angle2":168.75,"type":"hold"},{"time":582.5,"angle":168.75,"duration":4,"angle2":33.75,"type":"hold"},{"time":586.5,"angle":33.75,"duration":3,"angle2":33.75,"type":"hold"},{"time":589.5,"angle":33.75,"duration":2,"angle2":123.75,"type":"hold"},{"time":591.5,"angle":123.75,"duration":3,"angle2":22.5,"type":"hold"},{"time":594.5,"angle":22.5,"duration":3,"angle2":90,"type":"hold"},{"type":"hold","angle":90,"duration":3.75,"angle2":56.25,"time":597.5},{"time":601.25,"angle":56.25,"duration":4.125,"angle2":157.5,"type":"hold"},{"type":"hold","angle":157.5,"duration":2.125,"angle2":45,"time":605.375},{"time":607.5,"angle":45,"duration":2,"angle2":45,"type":"hold"},{"time":609.5,"angle":45,"duration":3,"angle2":157.5,"type":"hold"},{"time":612.5,"angle":157.5,"duration":4,"angle2":78.75,"type":"hold"},{"time":616.5,"angle":78.75,"duration":3,"angle2":202.5,"type":"hold"},{"time":619.5,"angle":202.5,"duration":4,"angle2":213.75,"type":"hold"},{"time":623.5,"angle":213.75,"duration":3,"angle2":146.25,"type":"hold"},{"time":626.5,"angle":146.25,"duration":2.5,"angle2":270,"type":"hold"},{"time":629,"angle":270,"duration":2.5,"angle2":123.75,"type":"hold"},{"time":631.5,"angle":123.75,"duration":3,"angle2":236.25,"type":"hold"},{"type":"hold","angle":236.25,"duration":4,"angle2":112.5,"time":634.5},{"type":"hold","angle":112.5,"duration":2.875,"angle2":112.5,"time":638.5},{"type":"hold","angle":112.5,"duration":3.125,"angle2":33.75,"time":641.375},{"angle":33.75,"time":644.5,"duration":2.5,"angle2":135,"type":"hold"},{"angle":112.5,"time":648.5,"duration":2.5,"angle2":135,"type":"hold"},{"angle":135,"type":"hold","duration":5,"angle2":348.75,"time":651},{"time":656,"angle":348.75,"duration":2.5,"angle2":562.5,"type":"hold"},{"type":"hold","angle":202.5,"duration":3,"angle2":11.25,"time":658.5},{"type":"hold","angle":11.25,"duration":3,"angle2":281.25,"time":661.5},{"type":"hold","angle":281.25,"duration":3,"angle2":652.5,"time":664.5},{"time":667.5,"angle":292.5,"duration":3,"angle2":191.25,"type":"hold"},{"time":670.5,"angle":191.25,"duration":3,"angle2":270,"type":"hold"},{"type":"hold","angle":270,"duration":3,"angle2":146.25,"time":673.5},{"type":"hold","angle":146.25,"duration":3,"angle2":213.75,"time":676.5},{"time":679.5,"angle":213.75,"duration":3,"angle2":337.5,"type":"hold"},{"type":"hold","angle":337.5,"duration":3,"angle2":236.25,"time":682.5},{"time":685.5,"angle":225,"type":"block"},{"time":685.5,"angle":202.5,"type":"block"},{"time":686.125,"angle":180,"type":"block"},{"time":686.125,"angle":157.5,"type":"block"},{"time":686.625,"angle":202.5,"type":"block"},{"time":686.875,"angle":213.75,"type":"block"},{"time":686.875,"angle":236.25,"type":"block"},{"time":687.5,"angle":191.25,"type":"block"},{"time":688.375,"angle":180,"type":"block"},{"time":689.08331298828,"angle":146.25,"type":"block"},{"time":688.83331298828,"angle":180,"type":"block"},{"time":688.625,"angle":202.5,"type":"block"},{"time":689.25,"angle":112.5,"type":"block"},{"time":689.5,"angle":180,"type":"block"},{"time":689.75,"angle":236.25,"type":"block"},{"time":690,"angle":281.25,"type":"block"},{"time":690.25,"angle":337.5,"type":"block"},{"time":690.5,"angle":33.75,"type":"block"},{"time":690.75,"angle":90,"type":"block"},{"time":691,"angle":146.25,"type":"block"},{"time":691.375,"angle":225,"type":"block"},{"time":691.625,"angle":191.25,"type":"block"},{"time":691.875,"angle":213.75,"type":"block"},{"time":692.25,"angle":247.5,"type":"block"},{"time":692,"angle":270,"type":"block"},{"time":692.5,"angle":281.25,"type":"block"},{"time":692.75,"angle":315,"type":"block"},{"time":692.875,"angle":337.5,"type":"block"},{"time":693,"angle":315,"type":"block"},{"time":693.375,"angle":348.75,"type":"block"},{"time":693.375,"angle":11.25,"type":"block"},{"time":693.625,"angle":33.75,"type":"block"},{"time":693.875,"angle":56.25,"type":"block"},{"time":694.125,"angle":101.25,"type":"block"},{"time":694.125,"angle":78.75,"type":"block"},{"time":694.375,"angle":123.75,"type":"block"},{"time":694.625,"angle":146.25,"type":"block"},{"time":694.875,"angle":168.75,"type":"block"},{"time":694.875,"angle":191.25,"type":"block"},{"time":695.125,"angle":213.75,"type":"block"},{"time":695.375,"angle":247.5,"type":"block"},{"time":695.625,"angle":281.25,"type":"block"},{"time":695.875,"angle":247.5,"type":"block"},{"time":696.125,"angle":281.25,"type":"block"},{"time":696.375,"angle":315,"type":"block"},{"time":696.625,"angle":348.75,"type":"block"},{"time":696.875,"angle":22.5,"type":"block"},{"time":697.125,"angle":56.25,"type":"block"},{"time":697.375,"angle":22.5,"type":"block"},{"time":697.625,"angle":56.25,"type":"block"},{"time":697.875,"angle":90,"type":"block"},{"time":698.125,"angle":123.75,"type":"block"},{"time":698.125,"angle":157.5,"type":"block"},{"time":698.375,"angle":213.75,"type":"side"},{"time":698.625,"angle":213.75,"type":"block"},{"time":698.625,"angle":247.5,"type":"block"},{"time":698.875,"angle":303.75,"type":"side"},{"time":699.125,"angle":270,"type":"block"},{"time":699.125,"angle":303.75,"type":"block"},{"time":699.5,"angle":326.25,"type":"block"},{"time":699.75,"angle":348.75,"type":"block"},{"time":700,"angle":11.25,"type":"block"},{"time":700.25,"angle":33.75,"type":"block"},{"time":701,"angle":0,"type":"block"},{"time":702,"angle":180,"type":"mine"},{"time":702,"angle":202.5,"type":"mine"},{"time":702,"angle":157.5,"type":"mine"},{"time":702,"angle":135,"type":"mine"},{"time":702,"angle":225,"type":"mine"},{"time":702,"angle":247.5,"type":"mine"},{"time":702,"angle":112.5,"type":"mine"},{"time":702,"angle":90,"type":"mine"},{"time":702,"angle":270,"type":"mine"},{"time":702,"angle":292.5,"type":"mine"},{"time":702,"angle":67.5,"type":"mine"},{"time":701.8125,"angle":348.75,"type":"block"},{"time":701.75,"angle":11.25,"type":"block"},{"time":701.9375,"angle":337.5,"type":"block"},{"time":701.9375,"angle":360,"type":"block"},{"time":701.9375,"angle":22.5,"type":"block"},{"time":471.5625,"angle":0,"type":"extraTap"},{"time":476.125,"angle":360,"type":"extraTap"},{"time":481,"angle":0,"type":"extraTap"},{"time":485,"angle":0,"type":"extraTap"},{"time":490,"angle":0,"type":"extraTap"},{"time":494,"angle":180,"type":"extraTap"},{"time":498.75,"angle":0,"type":"extraTap"},{"time":503,"angle":0,"type":"extraTap"},{"time":507.6875,"angle":360,"type":"extraTap"},{"time":512,"angle":0,"type":"extraTap"},{"time":516.5,"angle":180,"type":"extraTap"},{"time":521,"angle":0,"type":"extraTap"},{"time":525.5,"angle":360,"type":"extraTap"},{"time":530,"angle":0,"type":"extraTap"},{"time":534.625,"angle":11.25,"type":"extraTap"},{"time":543.8125,"angle":0,"type":"extraTap"},{"time":548,"angle":0,"type":"extraTap"},{"time":552.4375,"angle":0,"type":"extraTap"},{"time":556.5,"angle":0,"type":"extraTap"},{"time":561.4375,"angle":0,"type":"extraTap"},{"time":565.875,"angle":0,"type":"extraTap"},{"time":570.4375,"angle":0,"type":"extraTap"},{"time":575,"angle":360,"type":"extraTap"},{"time":579.5,"angle":0,"type":"extraTap"},{"time":583.875,"angle":0,"type":"extraTap"},{"time":588.5625,"angle":360,"type":"extraTap"},{"time":593,"angle":360,"type":"extraTap"},{"time":597.75,"angle":0,"type":"extraTap"},{"time":601.75,"angle":0,"type":"extraTap"},{"time":606.625,"angle":360,"type":"extraTap"},{"time":611.0625,"angle":360,"type":"extraTap"},{"time":615.375,"angle":360,"type":"extraTap"},{"time":619.75,"angle":180,"type":"extraTap"},{"time":624.4375,"angle":0,"type":"extraTap"},{"time":628.6875,"angle":180,"type":"extraTap"},{"time":633.375,"angle":360,"type":"extraTap"},{"time":637.6875,"angle":360,"type":"extraTap"},{"time":642.5,"angle":360,"type":"extraTap"},{"time":651.3125,"angle":0,"type":"extraTap"},{"time":655.8125,"angle":360,"type":"extraTap"},{"time":660.75,"angle":0,"type":"extraTap"},{"time":664.875,"angle":0,"type":"extraTap"},{"time":669.375,"angle":180,"type":"extraTap"},{"time":678.4375,"angle":360,"type":"extraTap"},{"angle":135,"time":647,"duration":1.5,"angle2":112.5,"type":"hold"},{"type":"extraTap","angle":360,"time":76.375},{"type":"block","angle":292.5,"time":300.75},{"type":"block","angle":236.25,"time":314.5},{"type":"block","angle":101.25,"time":316.75}]