{"metadata":{"artistLink":"","songName":"At The Speed Of Light","description":"bloodbath jumpscare","difficulty":9,"charter":"meeboid","artist":"Dimrain47","bg":true,"bgData":{"redChannel":{"g":101,"r":13,"b":13},"image":"dimrainlogo.png","blueChannel":{"g":255,"r":83,"b":83}}},"events":[{"angle":0,"type":"play","file":"hell.ogg","volume":1,"bpm":81,"time":0},{"time":8,"angle":360,"bpm":162,"type":"setBPM"},{"angle":337.5,"color":2,"type":"setBgColor","time":0},{"g":0,"b":0,"angle":315,"color":0,"time":0,"r":50,"type":"setColor"},{"g":0,"b":0,"angle":292.5,"color":1,"time":0,"r":0,"type":"setColor"},{"g":0,"angle":270,"order":0,"b":0,"color":2,"time":0,"r":0,"type":"setColor"},{"g":0,"angle":247.5,"order":1,"duration":0.5,"b":0,"color":2,"r":128,"time":0,"type":"setColor"},{"time":0,"angle":45,"color":2,"chance":0.69999998807907,"type":"noise"},{"time":0,"angle":67.5,"enable":true,"type":"hom"},{"time":24,"angle":0,"bpm":81,"type":"setBPM"},{"newWidth":35,"angle":22.5,"ease":"linear","time":0,"duration":0,"paddle":1,"type":"paddles"},{"time":27.75,"angle":337.5,"bpm":162,"type":"setBPM"},{"g":0,"angle":326.25,"r":255,"duration":1,"b":0,"color":2,"time":27.25,"type":"setColor","ease":"inQuad"},{"g":0,"angle":315,"r":175,"duration":1,"b":0,"color":0,"time":27.25,"type":"setColor","ease":"inQuad"},{"g":0,"angle":303.75,"r":74,"duration":1,"b":0,"color":1,"time":27.25,"type":"setColor","ease":"inQuad"},{"newWidth":70,"angle":292.5,"ease":"inQuad","time":27.25,"duration":1,"paddle":1,"type":"paddles"},{"time":29,"angle":360,"bpm":243,"type":"setBPM"},{"angle":225,"recolor":1,"x":0,"y":0,"sprite":"fog.png","id":"fog","time":0,"type":"deco"},{"angle":281.25,"duration":3,"sx":6,"sy":6,"time":27.25,"y":-900,"x":-1500,"id":"fog","ease":"inQuad","type":"deco"},{"angle":90,"spriteName":"miss","time":0,"type":"forcePlayerSprite"},{"angle":0,"spriteName":"","time":3,"type":"forcePlayerSprite"},{"angle":202.5,"recolor":3,"x":0,"y":0,"drawLayer":"bg","sprite":"atsolbg@15","id":"bg1","time":0,"type":"deco"},{"g":0,"b":0,"angle":180,"color":3,"time":0,"r":96,"type":"setColor"},{"g":0,"angle":337.5,"r":200,"duration":1,"b":0,"color":3,"time":27.25,"type":"setColor","ease":"inQuad"},{"time":41,"angle":0,"bpm":81,"type":"setBPM"},{"time":44.5,"angle":0,"bpm":243,"type":"setBPM"},{"time":58,"angle":0,"bpm":81,"type":"setBPM"},{"time":62,"angle":0,"bpm":243,"type":"setBPM"},{"time":74,"angle":360,"bpm":81,"type":"setBPM"},{"time":78,"angle":360,"bpm":243,"type":"setBPM"},{"time":89.5,"angle":11.25,"bpm":81,"type":"setBPM"},{"g":0,"angle":236.25,"r":0,"duration":1,"b":0,"color":2,"time":93.5,"type":"setColor","ease":"outQuad"},{"g":0,"angle":247.5,"r":255,"duration":1,"b":0,"color":0,"time":93.5,"type":"setColor","ease":"outQuad"},{"g":0,"angle":258.75,"r":255,"duration":1,"b":0,"color":1,"time":93.5,"type":"setColor","ease":"outQuad"},{"g":0,"angle":270,"r":0,"duration":1,"b":0,"color":3,"time":93.5,"type":"setColor","ease":"outQuad"},{"ease":"outQuad","angle":281.25,"var":"p.y","value":315,"duration":1,"time":93.5,"type":"ease"},{"ease":"outQuad","angle":292.5,"var":"scrollSpeed","value":0.5,"duration":1,"time":93.5,"type":"ease"},{"ease":"outQuad","angle":303.75,"var":"vfx.noteXScale","value":0.5,"duration":1,"time":93.5,"type":"ease"},{"ease":"outQuad","angle":315,"var":"vfx.noteYScale","value":3,"duration":1,"time":93.5,"type":"ease"},{"time":95,"angle":0,"var":"vfx.tapPulseStrength","type":"ease","value":3},{"time":109.5,"angle":326.25,"var":"vfx.noteXScale","type":"ease","value":1},{"time":109.5,"angle":315,"var":"vfx.noteYScale","type":"ease","value":1},{"time":109.5,"angle":303.75,"var":"scrollSpeed","type":"ease","value":1},{"g":0,"angle":247.5,"order":0,"b":0,"color":0,"time":109.5,"r":0,"type":"setColor"},{"g":0,"angle":236.25,"order":0,"b":0,"color":1,"time":109.5,"r":0,"type":"setColor"},{"g":0,"angle":225,"order":0,"b":0,"color":2,"time":109.5,"r":255,"type":"setColor"},{"g":0,"angle":213.75,"order":0,"b":0,"color":3,"time":109.5,"r":0,"type":"setColor"},{"time":109.5,"angle":191.25,"var":"p.y","type":"ease","value":180},{"g":0,"angle":168.75,"r":120,"duration":2,"b":0,"color":0,"time":109.5,"order":1,"ease":"outQuad","type":"setColor"},{"g":0,"angle":157.5,"r":70,"duration":2,"b":0,"color":1,"time":109.5,"type":"setColor","ease":"outQuad"},{"g":0,"angle":146.25,"r":255,"duration":2,"b":0,"color":2,"time":109.5,"type":"setColor","ease":"outQuad"},{"g":0,"angle":135,"r":200,"duration":2,"b":0,"color":3,"time":109.5,"order":1,"ease":"outQuad","type":"setColor"},{"time":93.5,"angle":326.25,"color":0,"chance":0,"type":"noise"},{"time":93.5,"angle":337.5,"enable":false,"type":"hom"},{"ease":"inOutQuad","angle":11.25,"var":"vfx.noteYScale","value":0.5,"duration":1,"time":94,"type":"ease"},{"time":30,"type":"ease","angle":0,"var":"vfx.pixelate","order":0,"value":2},{"type":"ease","angle":348.75,"order":1,"time":30,"duration":1,"var":"vfx.pixelate","value":1},{"time":33,"type":"ease","angle":0,"var":"vfx.pixelate","order":0,"value":2},{"type":"ease","angle":348.75,"order":1,"time":33,"duration":1,"var":"vfx.pixelate","value":1},{"time":36,"type":"ease","angle":0,"var":"vfx.pixelate","order":0,"value":2},{"type":"ease","angle":348.75,"order":1,"time":36,"duration":1,"var":"vfx.pixelate","value":1},{"time":39,"type":"ease","angle":360,"var":"vfx.pixelate","order":0,"value":2},{"type":"ease","angle":348.75,"order":1,"time":39,"duration":1,"var":"vfx.pixelate","value":1},{"time":41.4375,"type":"ease","angle":22.5,"var":"vfx.pixelate","order":0,"value":1.5},{"type":"ease","angle":33.75,"order":1,"time":41.4375,"duration":0.33300000429153,"var":"vfx.pixelate","value":1},{"time":42.3125,"type":"ease","angle":11.25,"var":"vfx.pixelate","order":0,"value":1.5},{"type":"ease","angle":22.5,"order":1,"time":42.3125,"duration":0.33300000429153,"var":"vfx.pixelate","value":1},{"time":43.375,"type":"ease","angle":11.25,"var":"vfx.pixelate","order":0,"value":1.5},{"type":"ease","angle":22.5,"order":1,"time":43.375,"duration":0.33300000429153,"var":"vfx.pixelate","value":1},{"time":44.375,"type":"ease","angle":22.5,"var":"vfx.pixelate","order":0,"value":1.5},{"type":"ease","angle":33.75,"order":1,"time":44.375,"duration":0.33300000429153,"var":"vfx.pixelate","value":1},{"time":47.3125,"type":"ease","angle":348.75,"var":"vfx.pixelate","order":0,"value":2},{"type":"ease","angle":337.5,"order":1,"time":47.3125,"duration":1,"var":"vfx.pixelate","value":1},{"time":50.1875,"type":"ease","angle":348.75,"var":"vfx.pixelate","order":0,"value":2},{"time":53.1875,"type":"ease","angle":348.75,"var":"vfx.pixelate","order":0,"value":2},{"type":"ease","angle":337.5,"order":1,"time":53.1875,"duration":1,"var":"vfx.pixelate","value":1},{"time":56.25,"type":"ease","angle":348.75,"var":"vfx.pixelate","order":0,"value":2},{"type":"ease","angle":337.5,"order":1,"time":56.25,"duration":0.33300000429153,"var":"vfx.pixelate","value":1},{"time":58.375,"type":"ease","angle":348.75,"var":"vfx.pixelate","order":0,"value":1.5},{"type":"ease","angle":337.5,"order":1,"time":58.375,"duration":0.33300000429153,"var":"vfx.pixelate","value":1},{"time":59.375,"type":"ease","angle":348.75,"var":"vfx.pixelate","order":0,"value":1.5},{"type":"ease","angle":337.5,"order":1,"time":59.375,"duration":0.33300000429153,"var":"vfx.pixelate","value":1},{"time":60.375,"type":"ease","angle":348.75,"var":"vfx.pixelate","order":0,"value":1.5},{"type":"ease","angle":337.5,"order":1,"time":60.375,"duration":0.33300000429153,"var":"vfx.pixelate","value":1},{"time":61.375,"type":"ease","angle":348.75,"var":"vfx.pixelate","order":0,"value":1.5},{"type":"ease","angle":337.5,"order":1,"time":61.375,"duration":0.33300000429153,"var":"vfx.pixelate","value":1},{"time":63.3125,"type":"ease","angle":348.75,"var":"vfx.pixelate","order":0,"value":2},{"type":"ease","angle":337.5,"order":1,"time":63.3125,"duration":1,"var":"vfx.pixelate","value":1},{"time":66.125,"type":"ease","angle":348.75,"var":"vfx.pixelate","order":0,"value":2},{"type":"ease","angle":337.5,"order":1,"time":66.125,"duration":1,"var":"vfx.pixelate","value":1},{"time":69.311996459961,"type":"ease","angle":348.75,"var":"vfx.pixelate","order":0,"value":2},{"type":"ease","angle":337.5,"order":1,"time":69.311996459961,"duration":1,"var":"vfx.pixelate","value":1},{"time":72.25,"type":"ease","angle":348.75,"var":"vfx.pixelate","order":0,"value":2},{"type":"ease","angle":337.5,"order":1,"time":72.25,"duration":1,"var":"vfx.pixelate","value":1},{"time":74.375,"type":"ease","angle":348.75,"order":0,"var":"vfx.pixelate","value":2},{"type":"ease","angle":337.5,"var":"vfx.pixelate","order":1,"duration":0.33300000429153,"time":74.375,"value":1},{"time":75.375,"type":"ease","angle":348.75,"var":"vfx.pixelate","order":0,"value":2},{"type":"ease","angle":337.5,"var":"vfx.pixelate","order":1,"duration":0.33300000429153,"time":75.375,"value":1},{"value":2,"type":"ease","angle":348.75,"order":0,"var":"vfx.pixelate","time":76.375},{"type":"ease","angle":337.5,"var":"vfx.pixelate","order":1,"duration":0.33300000429153,"time":76.375,"value":1},{"value":2,"type":"ease","angle":348.75,"order":0,"var":"vfx.pixelate","time":77.375},{"type":"ease","angle":337.5,"order":1,"time":77.375,"duration":0.33300000429153,"var":"vfx.pixelate","value":1},{"time":79.375,"type":"ease","angle":11.25,"var":"vfx.pixelate","order":0,"value":2},{"type":"ease","angle":22.5,"order":1,"var":"vfx.pixelate","duration":1,"value":1,"time":79.375},{"value":2,"type":"ease","angle":11.25,"order":0,"var":"vfx.pixelate","time":82.375},{"type":"ease","angle":22.5,"order":1,"time":82.375,"duration":1,"var":"vfx.pixelate","value":1},{"time":85.375,"type":"ease","angle":11.25,"var":"vfx.pixelate","order":0,"value":2},{"type":"ease","angle":22.5,"var":"vfx.pixelate","order":1,"duration":1,"time":85.375,"value":1},{"time":88.5,"type":"ease","angle":348.75,"var":"vfx.pixelate","order":0,"value":2},{"type":"ease","angle":337.5,"order":1,"time":88.5,"duration":1,"var":"vfx.pixelate","value":1},{"type":"ease","angle":337.5,"order":1,"time":50.1875,"duration":1,"var":"vfx.pixelate","value":1},{"time":110,"angle":315,"var":"scrollSpeed","type":"ease","value":1},{"time":125.5,"angle":360,"bpm":243,"type":"setBPM"},{"angle":360,"r":180,"recolor":1,"x":310,"y":180,"drawLayer":"bg","sprite":"arrow.png","time":92,"sy":0,"sx":0.10000000149012,"id":"arrow","order":0,"type":"deco"},{"angle":11.25,"order":1,"duration":2,"y":320,"sy":0.5,"time":92,"id":"arrow","type":"deco","ease":"outQuad"},{"ease":"outCirc","angle":348.75,"time":93.5,"id":"arrow","duration":1,"type":"deco","sy":0},{"angle":360,"r":0,"x":290,"y":320,"type":"deco","id":"arrow","order":0,"time":107.5},{"angle":348.75,"order":1,"duration":1,"y":160,"sy":0.69999998807907,"time":107.5,"id":"arrow","type":"deco","ease":"outQuad"},{"angle":292.5,"hide":true,"id":"arrow","type":"deco","time":109.5},{"time":173,"angle":0,"bpm":81,"type":"setBPM"},{"time":125.5,"angle":348.75,"enable":true,"type":"hom"},{"time":125.5,"angle":337.5,"color":2,"chance":0.5,"type":"noise"},{"g":0,"angle":292.5,"r":0,"duration":5,"b":0,"color":0,"time":181,"type":"setColor"},{"g":0,"angle":303.75,"r":0,"duration":5,"b":0,"color":1,"time":181,"type":"setColor"},{"g":0,"angle":315,"r":255,"duration":5,"b":0,"color":2,"time":181,"type":"setColor"},{"g":0,"angle":326.25,"r":0,"duration":5,"b":0,"color":3,"time":181,"type":"setColor"},{"time":189,"angle":360,"bpm":243,"type":"setBPM"},{"g":0,"angle":337.5,"r":120,"duration":2,"b":0,"color":0,"time":189,"type":"setColor","ease":"outQuad"},{"g":0,"angle":326.25,"r":55,"duration":2,"b":0,"color":1,"time":189,"type":"setColor","ease":"outQuad"},{"g":0,"angle":315,"r":255,"duration":2,"b":0,"color":2,"time":189,"order":1,"ease":"outQuad","type":"setColor"},{"g":0,"angle":303.75,"r":200,"duration":2,"b":0,"color":3,"time":189,"type":"setColor","ease":"outQuad"},{"g":0,"angle":292.5,"order":0,"b":0,"color":2,"time":189,"r":0,"type":"setColor"},{"time":285.5,"angle":360,"bpm":81,"type":"setBPM"},{"g":0,"angle":270,"r":255,"duration":1,"b":0,"color":0,"time":285.5,"type":"setColor","ease":"outQuad"},{"g":0,"angle":281.25,"r":255,"duration":1,"b":0,"color":1,"time":285.5,"type":"setColor","ease":"outQuad"},{"g":0,"angle":292.5,"r":0,"duration":1,"b":0,"color":2,"time":285.5,"type":"setColor","ease":"outQuad"},{"g":0,"angle":303.75,"r":50,"duration":1,"b":0,"color":3,"time":285.5,"type":"setColor","ease":"outQuad"},{"repeats":202,"angle":315,"order":0,"time":285.5,"var":"vfx.hwaves.strength","value":5,"repeatDelay":0.5,"type":"ease"},{"time":285.5,"angle":326.25,"var":"vfx.hwaves.offsetDelta","type":"ease","value":53},{"repeats":202,"angle":337.5,"order":1,"duration":0.5,"time":285.5,"value":0,"var":"vfx.hwaves.strength","repeatDelay":0.5,"type":"ease"},{"angle":22.5,"recolor":3,"x":0,"y":0,"sy":1,"time":285.5,"hide":false,"sx":1,"drawLayer":"bg","ease":"outSine","id":"fog","duration":1,"type":"deco"},{"newWidth":45,"angle":337.5,"ease":"outQuad","time":317.5,"duration":0.5,"paddle":1,"type":"paddles"},{"paddle":2,"angle":326.25,"order":0,"duration":0,"newWidth":0,"time":317.5,"enabled":true,"ease":"linear","newAngle":180,"type":"paddles"},{"paddle":2,"angle":315,"order":1,"duration":0.5,"newWidth":45,"time":317.5,"ease":"outQuad","type":"paddles"},{"time":317.5,"angle":303.75,"bpm":162,"type":"setBPM"},{"g":0,"angle":225,"r":150,"duration":1,"b":0,"color":0,"time":387.25,"type":"setColor","ease":"outSine"},{"g":0,"angle":236.25,"r":80,"duration":1,"b":0,"color":1,"time":387.25,"type":"setColor","ease":"outSine"},{"g":0,"angle":247.5,"r":255,"duration":1,"b":0,"color":2,"time":387.25,"type":"setColor","ease":"outQuad"},{"g":0,"angle":258.75,"r":200,"duration":1,"b":0,"color":3,"time":387.25,"type":"setColor","ease":"outSine"},{"angle":270,"duration":2,"sx":6,"sy":6,"time":387.25,"y":-900,"x":-1500,"id":"fog","ease":"inCubic","type":"deco"},{"paddle":2,"angle":270,"duration":0,"newWidth":70,"enabled":false,"time":389.25,"ease":"linear","newAngle":0,"type":"paddles"},{"newWidth":0,"angle":281.25,"ease":"outQuad","time":388.5,"duration":1,"paddle":2,"type":"paddles"},{"newWidth":70,"angle":292.5,"ease":"outQuad","time":388.5,"duration":1,"paddle":1,"type":"paddles"},{"time":390,"angle":360,"bpm":243,"type":"setBPM"},{"time":401.5,"angle":11.25,"bpm":81,"type":"setBPM"},{"time":405.5,"angle":360,"bpm":243,"type":"setBPM"},{"time":391.25,"type":"ease","angle":11.25,"order":0,"var":"vfx.pixelate","value":2},{"type":"ease","angle":22.5,"order":1,"time":391.25,"duration":1,"var":"vfx.pixelate","value":1},{"time":394,"type":"ease","angle":11.25,"var":"vfx.pixelate","order":0,"value":2},{"type":"ease","angle":22.5,"order":1,"time":394,"duration":1,"var":"vfx.pixelate","value":1},{"time":397,"type":"ease","angle":11.25,"var":"vfx.pixelate","order":0,"value":2},{"type":"ease","angle":22.5,"order":1,"value":1,"duration":1,"var":"vfx.pixelate","time":397},{"time":400,"type":"ease","angle":11.25,"order":0,"var":"vfx.pixelate","value":2},{"type":"ease","angle":22.5,"order":1,"time":400,"duration":1,"var":"vfx.pixelate","value":1},{"time":403,"type":"ease","angle":11.25,"var":"vfx.pixelate","order":0,"value":2},{"type":"ease","angle":22.5,"order":1,"time":403,"duration":0.33300000429153,"var":"vfx.pixelate","value":1},{"time":404,"type":"ease","angle":11.25,"order":0,"var":"vfx.pixelate","value":2},{"type":"ease","angle":22.5,"order":1,"time":404,"duration":0.33300000429153,"var":"vfx.pixelate","value":1},{"time":405,"type":"ease","angle":11.25,"var":"vfx.pixelate","order":0,"value":2},{"type":"ease","angle":22.5,"order":1,"time":405,"duration":0.33300000429153,"var":"vfx.pixelate","value":1},{"time":407,"type":"ease","angle":11.25,"var":"vfx.pixelate","order":0,"value":2},{"time":402,"type":"ease","angle":11.25,"var":"vfx.pixelate","order":0,"value":2},{"type":"ease","angle":22.5,"order":1,"time":402,"duration":0.33300000429153,"var":"vfx.pixelate","value":1},{"type":"ease","angle":22.5,"order":1,"time":407,"duration":1,"var":"vfx.pixelate","value":1},{"time":410,"type":"ease","angle":11.25,"var":"vfx.pixelate","order":0,"value":2},{"type":"ease","angle":22.5,"order":1,"value":1,"duration":1,"var":"vfx.pixelate","time":410},{"time":413.125,"type":"ease","angle":11.25,"var":"vfx.pixelate","order":0,"value":2},{"type":"ease","angle":22.5,"order":1,"time":413.125,"duration":1,"var":"vfx.pixelate","value":1},{"time":416,"type":"ease","angle":11.25,"var":"vfx.pixelate","order":0,"value":2},{"type":"ease","angle":22.5,"order":1,"value":1,"duration":1,"var":"vfx.pixelate","time":416},{"time":417.5,"angle":0,"bpm":81,"type":"setBPM"},{"time":421.5,"angle":0,"bpm":243,"type":"setBPM"},{"time":433.5,"angle":0,"bpm":81,"type":"setBPM"},{"time":418,"type":"ease","angle":11.25,"var":"vfx.pixelate","order":0,"value":2},{"type":"ease","angle":22.5,"order":1,"value":1,"duration":0.33300000429153,"var":"vfx.pixelate","time":418},{"time":419,"type":"ease","angle":11.25,"var":"vfx.pixelate","order":0,"value":2},{"type":"ease","angle":33.75,"order":1,"time":419,"duration":0.33300000429153,"var":"vfx.pixelate","value":1},{"time":420,"type":"ease","angle":11.25,"order":0,"var":"vfx.pixelate","value":2},{"type":"ease","angle":22.5,"order":1,"time":420,"duration":0.33300000429153,"var":"vfx.pixelate","value":1},{"time":421,"type":"ease","angle":11.25,"order":0,"var":"vfx.pixelate","value":2},{"type":"ease","angle":22.5,"order":1,"time":421,"duration":0.33300000429153,"var":"vfx.pixelate","value":1},{"time":423,"type":"ease","angle":11.25,"var":"vfx.pixelate","order":0,"value":2},{"type":"ease","angle":22.5,"order":1,"value":1,"duration":1,"var":"vfx.pixelate","time":423},{"time":426,"type":"ease","angle":11.25,"var":"vfx.pixelate","order":0,"value":2},{"type":"ease","angle":22.5,"order":1,"time":426,"duration":1,"var":"vfx.pixelate","value":1},{"time":429,"type":"ease","angle":11.25,"var":"vfx.pixelate","order":0,"value":2},{"type":"ease","angle":22.5,"order":1,"time":429,"duration":1,"var":"vfx.pixelate","value":1},{"time":432,"type":"ease","angle":11.25,"var":"vfx.pixelate","order":0,"value":2},{"type":"ease","angle":22.5,"order":1,"time":432,"duration":1,"var":"vfx.pixelate","value":1},{"time":437.5,"angle":0,"bpm":243,"type":"setBPM"},{"time":434,"type":"ease","angle":11.25,"order":0,"var":"vfx.pixelate","value":2},{"type":"ease","angle":22.5,"order":1,"value":1,"duration":0.33300000429153,"var":"vfx.pixelate","time":434},{"time":435,"type":"ease","angle":11.25,"order":0,"var":"vfx.pixelate","value":2},{"type":"ease","angle":22.5,"order":1,"value":1,"duration":0.33300000429153,"var":"vfx.pixelate","time":435},{"time":436,"type":"ease","angle":11.25,"order":0,"var":"vfx.pixelate","value":2},{"type":"ease","angle":22.5,"order":1,"value":1,"duration":0.33300000429153,"var":"vfx.pixelate","time":436},{"time":437,"type":"ease","angle":11.25,"var":"vfx.pixelate","order":0,"value":2},{"type":"ease","angle":22.5,"order":1,"value":1,"duration":0.33300000429153,"var":"vfx.pixelate","time":437},{"time":438.875,"type":"ease","angle":11.25,"var":"vfx.pixelate","order":0,"value":2},{"type":"ease","angle":22.5,"order":1,"value":1,"duration":1,"var":"vfx.pixelate","time":438.875},{"time":441.875,"type":"ease","angle":11.25,"order":0,"var":"vfx.pixelate","value":2},{"type":"ease","angle":22.5,"order":1,"time":441.875,"duration":1,"var":"vfx.pixelate","value":1},{"time":444.875,"type":"ease","angle":11.25,"var":"vfx.pixelate","order":0,"value":2},{"type":"ease","angle":22.5,"order":1,"value":1,"duration":1,"var":"vfx.pixelate","time":444.875},{"time":447.875,"type":"ease","angle":11.25,"var":"vfx.pixelate","order":0,"value":2},{"type":"ease","angle":22.5,"order":1,"value":1,"duration":1,"var":"vfx.pixelate","time":447.875},{"time":449.5,"angle":360,"bpm":81,"type":"setBPM"},{"angle":360,"r":0,"x":290,"y":180,"sy":0,"time":451.5,"id":"arrow","order":0,"type":"deco"},{"angle":11.25,"order":1,"hide":false,"duration":1,"y":60,"sy":0.5,"type":"deco","id":"arrow","time":451.5,"ease":"outQuad"},{"ease":"outQuad","angle":0,"var":"p.y","value":65,"duration":1,"time":453.5,"type":"ease"},{"ease":"outQuad","angle":11.25,"time":453.5,"id":"arrow","duration":1,"type":"deco","sy":0},{"g":0,"angle":348.75,"r":255,"duration":1,"b":0,"color":0,"time":453.5,"type":"setColor","ease":"outQuad"},{"g":0,"angle":337.5,"r":255,"duration":1,"b":0,"color":1,"time":453.5,"type":"setColor","ease":"outQuad"},{"g":0,"angle":326.25,"r":0,"duration":1,"b":0,"color":2,"time":453.5,"type":"setColor","ease":"outQuad"},{"g":0,"angle":315,"r":0,"duration":1,"b":0,"color":3,"time":453.5,"type":"setColor","ease":"outQuad"},{"time":453.5,"angle":303.75,"color":0,"chance":0,"type":"noise"},{"time":453.5,"angle":292.5,"enable":false,"type":"hom"},{"ease":"outQuad","angle":281.25,"var":"scrollSpeed","time":453.5,"duration":1,"value":0.5,"type":"ease"},{"ease":"outQuad","angle":270,"var":"vfx.noteYScale","value":0.5,"duration":1,"time":453.5,"type":"ease"},{"ease":"outQuad","angle":258.75,"var":"vfx.noteXScale","value":0.5,"duration":1,"time":453.5,"type":"ease"},{"g":255,"angle":180,"r":255,"duration":1,"b":255,"color":0,"time":467,"ease":"inQuad","type":"setColor"},{"g":255,"angle":191.25,"r":255,"duration":1,"b":255,"color":1,"time":467,"ease":"inQuad","type":"setColor"},{"g":255,"angle":202.5,"r":255,"duration":1,"b":255,"color":2,"time":467,"ease":"inQuad","type":"setColor"},{"g":255,"angle":213.75,"r":255,"duration":1,"b":255,"color":3,"time":467,"ease":"inQuad","type":"setColor"},{"g":0,"angle":180,"r":120,"duration":0.5,"b":0,"color":0,"time":469.5,"ease":"outQuad","type":"setColor"},{"g":0,"angle":168.75,"r":50,"duration":0.5,"b":0,"color":1,"time":469.5,"ease":"outQuad","type":"setColor"},{"g":0,"angle":157.5,"r":255,"duration":0.5,"b":0,"color":2,"time":469.5,"ease":"outQuad","type":"setColor"},{"g":0,"angle":146.25,"r":200,"duration":0.5,"b":0,"color":3,"time":469.5,"type":"setColor","ease":"outQuad"},{"ease":"inQuad","angle":168.75,"var":"vfx.hglitch.strength","value":20,"duration":1,"time":467,"type":"ease"},{"value":0,"angle":123.75,"var":"vfx.hglitch.strength","type":"ease","time":469.5},{"time":469.5,"angle":202.5,"color":2,"chance":0.5,"type":"noise"},{"time":469.5,"angle":213.75,"var":"p.y","type":"ease","value":180},{"time":469.5,"angle":225,"enable":true,"type":"hom"},{"time":469.5,"angle":135,"bpm":364,"type":"setBPM"},{"value":1,"angle":236.25,"var":"vfx.noteYScale","type":"ease","time":469.5},{"value":1,"angle":247.5,"var":"vfx.noteXScale","type":"ease","time":469.5},{"paddle":1,"angle":258.75,"order":0,"duration":0,"newWidth":360,"time":469.5,"ease":"linear","type":"paddles"},{"paddle":1,"angle":270,"order":1,"duration":16,"newWidth":70,"time":469.5,"ease":"linear","type":"paddles"},{"time":469.5,"angle":281.25,"var":"scrollSpeed","type":"ease","value":1},{"time":685.5,"angle":360,"bpm":81,"type":"setBPM"},{"g":0,"angle":11.25,"r":30,"duration":1,"b":0,"color":0,"time":685.5,"type":"setColor","ease":"inOutQuad"},{"g":0,"angle":22.5,"r":0,"duration":1,"b":0,"color":1,"time":685.5,"ease":"inOutQuad","type":"setColor"},{"g":0,"angle":33.75,"r":80,"duration":1,"b":0,"color":2,"time":685.5,"ease":"inOutQuad","type":"setColor"},{"g":0,"angle":45,"r":65,"duration":1,"b":0,"color":3,"time":685.5,"type":"setColor","ease":"inOutQuad"},{"angle":56.25,"recolor":1,"x":0,"sx":1,"drawLayer":"fg","ease":"outQuad","type":"deco","y":0,"duration":2,"id":"fog","sy":1,"time":685.5},{"g":255,"color":0,"angle":326.25,"r":255,"time":701.9375,"type":"setColor","b":255},{"g":255,"angle":315,"order":0,"b":255,"color":1,"time":701.9375,"r":255,"type":"setColor"},{"angle":281.25,"hide":true,"id":"bg1","type":"deco","time":701.9375},{"angle":258.75,"hide":true,"id":"fog","type":"deco","time":701.9375},{"g":255,"time":701.9375,"angle":303.75,"color":2,"b":255,"r":255,"type":"setColor"},{"g":0,"angle":33.75,"r":0,"duration":1,"b":0,"color":1,"time":701.9375,"order":1,"ease":"outQuad","type":"setColor"},{"time":705,"angle":0,"type":"showResults"},{"angle":236.25,"color":0,"time":701.9375,"chance":0,"type":"noise"},{"type":"hom","enable":false,"angle":213.75,"time":701.9375}],"properties":{"speed":70,"formatversion":12,"startBeat":0,"offset":8}}