[{"type":"mine","angle":180,"time":31},{"type":"mine","angle":191.25,"time":31.5},{"type":"mine","angle":168.75,"time":32},{"type":"mine","angle":180,"time":32.5},{"angle2":0,"angle":0,"type":"hold","time":33,"duration":3.5},{"angle2":450,"angle":360,"type":"hold","duration":2.5,"time":36.5,"holdEase":"outQuad"},{"angle2":0,"angle":90,"type":"hold","duration":2,"time":39,"holdEase":"inQuad"},{"angle2":180,"angle":180,"type":"mineHold","time":33,"duration":3.5},{"angle2":270,"angle":180,"type":"mineHold","duration":2.5,"time":36.5,"holdEase":"outQuad"},{"angle2":180,"angle":270,"type":"mineHold","duration":2,"time":39,"holdEase":"inQuad"},{"angle2":450,"angle":360,"type":"hold","duration":2,"time":41,"holdEase":"outBack"},{"angle2":270,"angle":180,"type":"mineHold","duration":2,"time":41,"holdEase":"outBack"},{"type":"mine","angle":360,"time":38},{"type":"mine","angle":337.5,"time":38.5},{"type":"mine","angle":315,"time":39},{"type":"mine","angle":292.5,"time":39.5},{"type":"mine","angle":270,"time":40},{"type":"mine","angle":112.5,"time":40.5},{"type":"mine","angle":135,"time":41},{"type":"mine","angle":157.5,"time":41.5},{"type":"mine","angle":360,"time":46.5},{"type":"mine","angle":348.75,"time":47},{"type":"mine","angle":11.25,"time":47.5},{"type":"mine","angle":0,"time":48},{"type":"mine","angle":348.75,"time":48.5},{"type":"mine","angle":11.25,"time":48.5},{"angle2":2880,"angle":0,"type":"hold","startTap":true,"endTap":true,"duration":32,"time":97},{"angle":360,"tap":true,"time":101,"type":"block"},{"type":"block","angle":90,"time":98},{"type":"block","angle":180,"time":99},{"type":"block","angle":270,"time":100},{"type":"block","angle":90,"time":102},{"type":"block","angle":180,"time":103},{"type":"block","angle":270,"time":104},{"angle":0,"tap":true,"time":105,"type":"block"},{"type":"block","angle":90,"time":106},{"type":"block","angle":180,"time":107},{"type":"block","angle":270,"time":108},{"angle":360,"tap":true,"time":109,"type":"block"},{"type":"block","angle":90,"time":110},{"type":"block","angle":180,"time":111},{"type":"block","angle":270,"time":112},{"angle":0,"tap":true,"time":113,"type":"block"},{"type":"block","angle":90,"time":114},{"type":"block","angle":180,"time":115},{"type":"block","angle":270,"time":116},{"angle":0,"tap":true,"time":117,"type":"block"},{"type":"block","angle":90,"time":118},{"type":"block","angle":180,"time":119},{"type":"block","angle":270,"time":120},{"angle":360,"tap":true,"time":121,"type":"block"},{"type":"block","angle":90,"time":122},{"type":"block","angle":180,"time":123},{"type":"block","angle":270,"time":124},{"angle":360,"tap":true,"time":125,"type":"block"},{"type":"block","angle":90,"time":126},{"type":"block","angle":180,"time":127},{"type":"block","angle":270,"time":128},{"type":"block","angle":90,"time":131.75},{"type":"block","angle":45,"time":132},{"type":"block","angle":90,"time":129.75},{"type":"block","angle":45,"time":130},{"type":"block","angle":315,"time":130.5},{"type":"block","angle":348.75,"time":131},{"type":"block","angle":11.25,"time":131},{"type":"block","angle":348.75,"time":129},{"type":"block","angle":11.25,"time":129},{"type":"block","angle":315,"time":132.5},{"type":"block","angle":348.75,"time":133},{"type":"block","angle":11.25,"time":133},{"type":"block","angle":90,"time":133.75},{"type":"block","angle":45,"time":134},{"type":"block","angle":315,"time":134.5},{"type":"block","angle":348.75,"time":135},{"type":"block","angle":11.25,"time":135},{"type":"block","angle":90,"time":135.75},{"type":"block","angle":45,"time":136},{"type":"block","angle":303.75,"time":136.5},{"type":"block","angle":326.25,"time":136.5},{"type":"block","angle":33.75,"time":137},{"type":"block","angle":56.25,"time":137},{"type":"block","angle":270,"time":137.75},{"type":"block","angle":315,"time":138},{"type":"block","angle":45,"time":138.5},{"type":"block","angle":348.75,"time":139},{"type":"block","angle":11.25,"time":139},{"type":"block","angle":270,"time":139.75},{"type":"block","angle":315,"time":140},{"type":"block","angle":45,"time":140.5},{"type":"block","angle":348.75,"time":141},{"type":"block","angle":11.25,"time":141},{"type":"block","angle":270,"time":141.75},{"type":"block","angle":315,"time":142},{"type":"block","angle":45,"time":142.5},{"type":"block","angle":348.75,"time":143},{"type":"block","angle":11.25,"time":143},{"type":"block","angle":270,"time":143.75},{"type":"block","angle":315,"time":144},{"type":"block","angle":33.75,"time":144.5},{"type":"block","angle":56.25,"time":144.5},{"type":"block","angle":326.25,"time":145},{"type":"block","angle":303.75,"time":145},{"type":"block","angle":78.75,"time":146},{"type":"block","angle":101.25,"time":146},{"type":"block","angle":281.25,"time":147},{"type":"block","angle":258.75,"time":147},{"type":"block","angle":78.75,"time":148},{"type":"block","angle":101.25,"time":148},{"type":"block","angle":281.25,"time":149},{"type":"block","angle":258.75,"time":149},{"type":"block","angle":78.75,"time":150},{"type":"block","angle":101.25,"time":150},{"type":"block","angle":281.25,"time":151},{"type":"block","angle":258.75,"time":151},{"type":"block","angle":348.75,"time":153},{"type":"block","angle":11.25,"time":153},{"type":"block","angle":33.75,"time":153.5},{"type":"block","angle":56.25,"time":153.5},{"type":"block","angle":78.75,"time":154},{"type":"block","angle":101.25,"time":154},{"type":"block","angle":123.75,"time":154.5},{"type":"block","angle":146.25,"time":154.5},{"type":"block","angle":168.75,"time":155},{"type":"block","angle":191.25,"time":155},{"type":"block","angle":213.75,"time":155.5},{"type":"block","angle":236.25,"time":155.5},{"type":"block","angle":258.75,"time":156},{"type":"block","angle":281.25,"time":156},{"type":"block","angle":303.75,"time":156.5},{"type":"block","angle":326.25,"time":156.5},{"type":"block","angle":78.75,"time":152},{"type":"block","angle":101.25,"time":152},{"type":"block","angle":360,"time":157},{"type":"block","angle":45,"time":157.25},{"type":"block","angle":90,"time":157.5},{"type":"block","angle":135,"time":157.75},{"type":"block","angle":180,"time":158},{"type":"block","angle":225,"time":158.25},{"type":"block","angle":270,"time":158.5},{"type":"block","angle":315,"time":158.75},{"type":"block","angle":360,"time":159},{"angle2":1620,"angle":180,"type":"mineHold","time":161,"duration":8},{"angle2":1575,"angle":135,"type":"mineHold","time":161,"duration":8},{"type":"mine","angle":101.25,"time":161},{"type":"mine","angle":135,"time":161.25},{"type":"mine","angle":180,"time":161.5},{"type":"mine","angle":225,"time":161.75},{"type":"mine","angle":270,"time":162},{"type":"mine","angle":315,"time":162.25},{"type":"mine","angle":360,"time":162.5},{"type":"mine","angle":45,"time":162.75},{"type":"mine","angle":90,"time":163},{"type":"mine","angle":135,"time":163.25},{"type":"mine","angle":180,"time":163.5},{"type":"mine","angle":225,"time":163.75},{"type":"mine","angle":270,"time":164},{"type":"mine","angle":90,"time":165},{"type":"mine","angle":135,"time":165.25},{"type":"mine","angle":180,"time":165.5},{"type":"mine","angle":225,"time":165.75},{"type":"mine","angle":270,"time":166},{"type":"mine","angle":90,"time":167},{"type":"mine","angle":135,"time":167.25},{"type":"mine","angle":180,"time":167.5},{"type":"mine","angle":225,"time":167.75},{"type":"mine","angle":270,"time":168},{"angle2":-1620,"angle":-180,"type":"mineHold","time":169,"duration":8},{"angle2":-1665,"angle":-225,"type":"mineHold","time":169,"duration":8},{"angle2":-1575,"angle":-135,"type":"mineHold","time":169,"duration":8},{"type":"mine","angle":-101.25,"time":169},{"type":"mine","angle":-135,"time":169.25},{"type":"mine","angle":-180,"time":169.5},{"type":"mine","angle":-225,"time":169.75},{"type":"mine","angle":-270,"time":170},{"type":"mine","angle":-315,"time":170.25},{"type":"mine","angle":-360,"time":170.5},{"type":"mine","angle":-45,"time":170.75},{"type":"mine","angle":-90,"time":171},{"type":"mine","angle":-135,"time":171.25},{"type":"mine","angle":-180,"time":171.5},{"type":"mine","angle":-225,"time":171.75},{"type":"mine","angle":-270,"time":172},{"type":"mine","angle":-315,"time":172.25},{"type":"mine","angle":-360,"time":172.5},{"type":"mine","angle":-45,"time":172.75},{"type":"mine","angle":-90,"time":173},{"type":"mine","angle":-135,"time":173.25},{"type":"mine","angle":-180,"time":173.5},{"type":"mine","angle":-225,"time":173.75},{"type":"mine","angle":-270,"time":174},{"type":"mine","angle":-315,"time":174.25},{"type":"mine","angle":-360,"time":174.5},{"type":"mine","angle":315,"time":174.75},{"type":"mine","angle":-90,"time":175},{"type":"mine","angle":-135,"time":175.25},{"type":"mine","angle":-180,"time":175.5},{"type":"mine","angle":-225,"time":175.75},{"type":"mine","angle":-270,"time":176},{"angle2":270,"angle":360,"type":"hold","duration":0.5,"time":177,"holdEase":"outSine"},{"angle2":450,"angle":270,"type":"hold","duration":1,"time":177.5,"holdEase":"inOutSine"},{"angle2":-90,"angle":90,"type":"hold","duration":1,"time":178.5,"holdEase":"inOutSine"},{"angle2":360,"angle":270,"type":"hold","duration":0.5,"time":179.5,"holdEase":"inSine"},{"angle2":90,"angle":180,"type":"mineHold","duration":0.5,"time":177,"holdEase":"outSine"},{"angle2":270,"angle":90,"type":"mineHold","duration":1,"time":177.5,"holdEase":"inOutSine"},{"angle2":90,"angle":270,"type":"mineHold","duration":1,"time":178.5,"holdEase":"inOutSine"},{"angle2":180,"angle":90,"type":"mineHold","duration":0.5,"time":179.5,"holdEase":"inSine"},{"angle2":450,"angle":540,"type":"hold","duration":0.5,"time":181,"holdEase":"outSine"},{"angle2":630,"angle":450,"type":"hold","duration":1,"time":181.5,"holdEase":"inOutSine"},{"angle2":90,"angle":270,"type":"hold","duration":1,"time":182.5,"holdEase":"inOutSine"},{"angle2":540,"angle":450,"type":"hold","duration":0.5,"time":183.5,"holdEase":"inSine"},{"angle2":270,"angle":360,"type":"mineHold","duration":0.5,"time":181,"holdEase":"outSine"},{"angle2":450,"angle":270,"type":"mineHold","duration":1,"time":181.5,"holdEase":"inOutSine"},{"angle2":270,"angle":450,"type":"mineHold","duration":1,"time":182.5,"holdEase":"inOutSine"},{"angle2":360,"angle":270,"type":"mineHold","duration":0.5,"time":183.5,"holdEase":"inSine"},{"angle2":1080,"angle":360,"type":"hold","time":185,"duration":2},{"angle2":2520,"angle":0,"type":"hold","time":187,"duration":2},{"type":"block","angle":0,"time":190.5},{"type":"block","angle":337.5,"time":191},{"type":"block","angle":360,"time":191.5},{"type":"block","angle":22.5,"time":192},{"type":"block","angle":0,"time":192.5},{"type":"mine","angle":315,"time":164.25},{"type":"mine","angle":360,"time":164.5},{"type":"mine","angle":45,"time":164.75},{"type":"mine","angle":315,"time":166.25},{"type":"mine","angle":360,"time":166.5},{"type":"mine","angle":45,"time":166.75},{"angle2":-135,"angle":0,"type":"hold","duration":1,"time":193,"holdEase":"outBack"},{"angle2":405,"angle":225,"type":"hold","time":194,"duration":1},{"angle2":135,"angle":45,"type":"hold","duration":0.75,"time":195,"holdEase":"outQuint"},{"angle2":45,"angle":135,"type":"hold","duration":0.75,"time":195.75,"holdEase":"outQuint"},{"angle2":90,"angle":45,"type":"hold","duration":0.5,"time":196.5,"holdEase":"outQuint"},{"angle2":-45,"angle":90,"type":"hold","duration":1,"time":197,"holdEase":"outBack"},{"angle2":495,"angle":315,"type":"hold","duration":1,"time":198,"holdEase":"linear"},{"type":"mine","angle":202.5,"time":193},{"type":"mine","angle":180,"time":193},{"type":"mine","angle":157.5,"time":193},{"type":"mine","angle":22.5,"time":194},{"type":"mine","angle":45,"time":194},{"type":"mine","angle":67.5,"time":194},{"type":"mine","angle":292.5,"time":195},{"type":"mine","angle":270,"time":195},{"type":"mine","angle":247.5,"time":195},{"type":"mine","angle":292.5,"time":196},{"type":"mine","angle":270,"time":196},{"type":"mine","angle":247.5,"time":196},{"type":"mine","angle":292.5,"time":197},{"type":"mine","angle":270,"time":197},{"type":"mine","angle":247.5,"time":197},{"type":"mine","angle":157.5,"time":198},{"type":"mine","angle":135,"time":198},{"type":"mine","angle":112.5,"time":198},{"type":"mine","angle":337.5,"time":199},{"type":"mine","angle":360,"time":199},{"type":"mine","angle":22.5,"time":199},{"type":"mine","angle":337.5,"time":200},{"type":"mine","angle":0,"time":200},{"type":"mine","angle":22.5,"time":200},{"angle2":225,"angle":135,"type":"hold","duration":0.75,"time":199,"holdEase":"outQuint"},{"angle2":135,"angle":225,"type":"hold","duration":0.75,"time":199.75,"holdEase":"outQuint"},{"angle2":180,"angle":135,"type":"hold","duration":0.5,"time":200.5,"holdEase":"outQuint"},{"type":"block","angle":202.5,"time":201.5},{"type":"block","angle":225,"time":201.75},{"type":"block","angle":202.5,"time":202},{"type":"block","angle":180,"time":202.25},{"type":"block","angle":157.5,"time":202.5},{"type":"block","angle":90,"time":203},{"type":"block","angle":45,"time":203},{"angle2":90,"angle":67.5,"type":"hold","duration":0.5,"time":203,"holdEase":"outQuart"},{"type":"block","angle":67.5,"time":203.75},{"type":"block","angle":45,"time":204},{"type":"block","angle":112.5,"time":204.25},{"type":"block","angle":90,"time":204.5},{"type":"block","angle":315,"time":205},{"type":"block","angle":270,"time":205},{"angle2":270,"angle":292.5,"type":"hold","duration":0.5,"time":205,"holdEase":"outQuart"},{"type":"block","angle":292.5,"time":205.75},{"type":"block","angle":315,"time":206},{"type":"block","angle":247.5,"time":206.25},{"type":"block","angle":270,"time":206.5},{"type":"block","angle":247.5,"time":207},{"type":"block","angle":202.5,"time":207},{"type":"block","angle":157.5,"time":207.5},{"type":"block","angle":112.5,"time":207.5},{"angle2":180,"angle":202.5,"type":"hold","duration":1,"time":208,"holdEase":"inExpo"},{"angle2":180,"angle":157.5,"type":"hold","time":208,"duration":1,"holdEase":"inExpo"},{"type":"mine","angle":337.5,"time":201},{"type":"mine","angle":0,"time":201},{"type":"mine","angle":22.5,"time":201},{"type":"mine","angle":337.5,"time":207},{"type":"mine","angle":360,"time":207},{"type":"mine","angle":22.5,"time":207},{"type":"mine","angle":337.5,"time":208},{"type":"mine","angle":360,"time":208},{"type":"mine","angle":22.5,"time":208},{"type":"mine","angle":337.5,"time":202},{"type":"mine","angle":0,"time":202},{"type":"mine","angle":22.5,"time":202},{"type":"mine","angle":270,"time":203},{"type":"mine","angle":247.5,"time":203},{"type":"mine","angle":225,"time":203},{"type":"mine","angle":247.5,"time":204},{"type":"mine","angle":270,"time":204},{"type":"mine","angle":292.5,"time":204},{"type":"mine","angle":202.5,"time":205},{"type":"mine","angle":180,"time":205},{"type":"mine","angle":157.5,"time":205},{"type":"mine","angle":112.5,"time":206},{"type":"mine","angle":90,"time":206},{"type":"mine","angle":67.5,"time":206},{"angle2":1665,"angle":225,"type":"mineHold","time":161,"duration":8},{"angle2":45,"angle":180,"type":"hold","duration":1,"time":209,"holdEase":"outBack"},{"angle2":225,"angle":45,"type":"hold","time":210,"duration":1},{"angle2":315,"angle":225,"type":"hold","duration":0.75,"time":211,"holdEase":"outQuint"},{"angle2":225,"angle":315,"type":"hold","duration":0.75,"time":211.75,"holdEase":"outQuint"},{"angle2":270,"angle":225,"type":"hold","duration":0.5,"time":212.5,"holdEase":"outQuint"},{"angle2":135,"angle":270,"type":"hold","duration":1,"time":213,"holdEase":"outBack"},{"angle2":315,"angle":135,"type":"hold","time":214,"duration":1},{"angle2":405,"angle":315,"type":"hold","duration":0.75,"time":215,"holdEase":"outQuint"},{"angle2":-45,"angle":45,"type":"hold","duration":0.75,"time":215.75,"holdEase":"outQuint"},{"angle2":360,"angle":315,"type":"hold","duration":0.5,"time":216.5,"holdEase":"outQuint"},{"type":"mine","angle":337.5,"time":209},{"type":"mine","angle":360,"time":209},{"type":"mine","angle":22.5,"time":209},{"type":"mine","angle":247.5,"time":210},{"type":"mine","angle":225,"time":210},{"type":"mine","angle":202.5,"time":210},{"type":"mine","angle":67.5,"time":211},{"type":"mine","angle":90,"time":211},{"type":"mine","angle":112.5,"time":211},{"type":"mine","angle":67.5,"time":212},{"type":"mine","angle":90,"time":212},{"type":"mine","angle":112.5,"time":212},{"type":"mine","angle":67.5,"time":213},{"type":"mine","angle":90,"time":213},{"type":"mine","angle":112.5,"time":213},{"type":"mine","angle":292.5,"time":214},{"type":"mine","angle":315,"time":214},{"type":"mine","angle":337.5,"time":214},{"type":"mine","angle":157.5,"time":215},{"type":"mine","angle":180,"time":215},{"type":"mine","angle":202.5,"time":215},{"type":"mine","angle":202.5,"time":216},{"type":"mine","angle":180,"time":216},{"type":"mine","angle":157.5,"time":216},{"type":"mine","angle":157.5,"time":217},{"type":"mine","angle":180,"time":217},{"type":"mine","angle":202.5,"time":217},{"angle2":-67.5,"angle":0,"type":"hold","duration":0.5,"time":217.5,"holdEase":"inExpo"},{"angle2":-22.5,"angle":45,"type":"hold","duration":0.5,"time":218.5,"holdEase":"inExpo"},{"angle2":22.5,"angle":90,"type":"hold","duration":0.5,"time":219.5,"holdEase":"inExpo"},{"angle2":202.5,"angle":135,"type":"hold","duration":0.5,"time":220.5,"holdEase":"inExpo"},{"angle2":157.5,"angle":90,"type":"hold","duration":0.5,"time":221.5,"holdEase":"inExpo"},{"angle2":112.5,"angle":45,"type":"hold","duration":0.5,"time":222.5,"holdEase":"inExpo"},{"type":"mine","angle":112.5,"time":218},{"type":"mine","angle":157.5,"time":219},{"type":"mine","angle":180,"time":219},{"type":"mine","angle":135,"time":219},{"type":"mine","angle":135,"time":218},{"type":"mine","angle":90,"time":218},{"type":"mine","angle":202.5,"time":220},{"type":"mine","angle":180,"time":220},{"type":"mine","angle":225,"time":220},{"type":"mine","angle":360,"time":221},{"type":"mine","angle":22.5,"time":221},{"type":"mine","angle":45,"time":221},{"type":"mine","angle":315,"time":222},{"type":"mine","angle":337.5,"time":222},{"type":"mine","angle":360,"time":222},{"type":"mine","angle":270,"time":223},{"type":"mine","angle":292.5,"time":223},{"type":"mine","angle":315,"time":223},{"angle":360,"speedMult":1.75,"time":161,"type":"extraTap"},{"angle":360,"speedMult":1.75,"time":169,"type":"extraTap"},{"angle":90,"speedMult":1.75,"time":177,"type":"extraTap"},{"angle":270,"speedMult":1.75,"time":181,"type":"extraTap"},{"angle":90,"speedMult":1.75,"time":185,"type":"extraTap"},{"type":"block","angle":247.5,"time":223.75},{"type":"block","angle":292.5,"time":223.75},{"type":"block","angle":112.5,"time":224.5},{"type":"block","angle":67.5,"time":224.5},{"type":"block","angle":11.25,"time":225},{"type":"block","angle":348.75,"time":225.25},{"type":"block","angle":11.25,"time":225.5},{"type":"block","angle":348.75,"time":225.75},{"type":"mine","angle":180,"time":101},{"type":"mine","angle":270,"time":102},{"type":"mine","angle":315,"time":102.5},{"type":"mine","angle":0,"time":103},{"type":"mine","angle":45,"time":103.5},{"type":"mine","angle":90,"time":104},{"type":"mine","angle":135,"time":104.5},{"type":"mine","angle":90,"time":108},{"type":"mine","angle":180,"time":109},{"type":"mine","angle":225,"time":109.5},{"type":"mine","angle":270,"time":110},{"type":"mine","angle":315,"time":110.5},{"type":"mine","angle":0,"time":111},{"type":"mine","angle":45,"time":111.5},{"type":"mine","angle":90,"time":112},{"type":"mine","angle":135,"time":112.5},{"type":"mine","angle":90,"time":116},{"type":"mine","angle":180,"time":117},{"type":"mine","angle":270,"time":118},{"type":"mine","angle":315,"time":118.5},{"type":"mine","angle":0,"time":119},{"type":"mine","angle":45,"time":119.5},{"type":"mine","angle":135,"time":120.5},{"type":"mine","angle":225,"time":121.5},{"type":"mine","angle":315,"time":122.5},{"type":"mine","angle":90,"time":124},{"type":"mine","angle":180,"time":125},{"type":"mine","angle":225,"time":125.5},{"type":"mine","angle":270,"time":126},{"type":"mine","angle":315,"time":126.5},{"type":"mine","angle":45,"time":127.5},{"angle2":540,"angle":360,"type":"hold","time":226,"duration":1},{"angle2":270,"angle":180,"type":"hold","duration":0.75,"time":227,"holdEase":"outQuint"},{"angle2":180,"angle":270,"type":"hold","duration":0.75,"time":227.75,"holdEase":"outQuint"},{"angle2":225,"angle":180,"type":"hold","duration":0.5,"time":228.5,"holdEase":"outQuint"},{"angle2":90,"angle":225,"type":"hold","duration":1,"time":229,"holdEase":"outBack"},{"angle2":270,"angle":90,"type":"hold","time":230,"duration":1},{"angle2":360,"angle":270,"type":"hold","duration":0.75,"time":231,"holdEase":"outQuint"},{"angle2":270,"angle":360,"type":"hold","duration":0.75,"time":231.75,"holdEase":"outQuint"},{"angle2":315,"angle":270,"type":"hold","duration":0.5,"time":232.5,"holdEase":"outQuint"},{"type":"mine","angle":202.5,"time":226},{"type":"mine","angle":180,"time":226},{"type":"mine","angle":157.5,"time":226},{"type":"mine","angle":22.5,"time":227},{"type":"mine","angle":45,"time":227},{"type":"mine","angle":67.5,"time":227},{"type":"mine","angle":22.5,"time":228},{"type":"mine","angle":45,"time":228},{"type":"mine","angle":67.5,"time":228},{"type":"mine","angle":22.5,"time":229},{"type":"mine","angle":45,"time":229},{"type":"mine","angle":67.5,"time":229},{"type":"mine","angle":292.5,"time":230},{"type":"mine","angle":270,"time":230},{"type":"mine","angle":247.5,"time":230},{"type":"mine","angle":112.5,"time":231},{"type":"mine","angle":135,"time":231},{"type":"mine","angle":157.5,"time":231},{"type":"mine","angle":112.5,"time":232},{"type":"mine","angle":135,"time":232},{"type":"mine","angle":157.5,"time":232},{"type":"block","angle":337.5,"time":233.5},{"type":"block","angle":360,"time":233.75},{"type":"block","angle":22.5,"time":234},{"type":"block","angle":45,"time":234.25},{"type":"block","angle":67.5,"time":234.5},{"type":"block","angle":202.5,"time":235},{"type":"block","angle":157.5,"time":235},{"angle2":202.5,"angle":180,"type":"hold","duration":0.5,"time":235,"holdEase":"outQuart"},{"type":"block","angle":180,"time":235.75},{"type":"block","angle":157.5,"time":236},{"type":"block","angle":202.5,"time":236.25},{"type":"block","angle":180,"time":236.5},{"type":"block","angle":-337.5,"time":237},{"type":"block","angle":-22.5,"time":237},{"angle2":-337.5,"angle":-360,"type":"hold","duration":0.5,"time":237,"holdEase":"outQuart"},{"type":"block","angle":0,"time":237.75},{"type":"block","angle":-22.5,"time":238},{"type":"block","angle":-337.5,"time":238.25},{"type":"block","angle":0,"time":238.5},{"type":"block","angle":-337.5,"time":239},{"type":"block","angle":-292.5,"time":239},{"type":"block","angle":-202.5,"time":239.5},{"type":"block","angle":-247.5,"time":239.5},{"type":"mine","angle":157.5,"time":233},{"type":"mine","angle":135,"time":233},{"type":"mine","angle":112.5,"time":233},{"type":"mine","angle":225,"time":234},{"type":"mine","angle":202.5,"time":234},{"type":"mine","angle":180,"time":234},{"type":"mine","angle":337.5,"time":235},{"type":"mine","angle":360,"time":235},{"type":"mine","angle":22.5,"time":235},{"type":"mine","angle":337.5,"time":236},{"type":"mine","angle":360,"time":236},{"type":"mine","angle":22.5,"time":236},{"type":"mine","angle":202.5,"time":238},{"type":"mine","angle":180,"time":238},{"type":"mine","angle":157.5,"time":238},{"type":"mine","angle":67.5,"time":237},{"type":"mine","angle":90,"time":237},{"type":"mine","angle":112.5,"time":237},{"type":"mine","angle":292.5,"time":239},{"type":"mine","angle":270,"time":239},{"type":"mine","angle":247.5,"time":239},{"type":"mine","angle":292.5,"time":240},{"type":"mine","angle":270,"time":240},{"type":"mine","angle":247.5,"time":240},{"angle2":90,"angle":67.5,"type":"hold","duration":1,"time":240,"holdEase":"inExpo"},{"angle2":90,"angle":112.5,"type":"hold","duration":1,"time":240,"holdEase":"inExpo"},{"type":"block","angle":202.5,"time":242},{"type":"block","angle":157.5,"time":242},{"type":"block","angle":315,"time":243},{"type":"block","angle":45,"time":243.75},{"angle2":225,"angle":135,"type":"mineHold","duration":0.75,"time":243,"holdEase":"outQuint"},{"angle2":135,"angle":225,"type":"mineHold","duration":0.75,"time":243.75,"holdEase":"outQuart"},{"angle2":180,"angle":135,"type":"mineHold","duration":0.5,"time":244.5,"holdEase":"outQuint"},{"type":"block","angle":292.5,"time":246},{"type":"block","angle":247.5,"time":246},{"type":"block","angle":135,"time":247},{"type":"block","angle":225,"time":247.75},{"type":"block","angle":180,"time":248.5},{"type":"block","angle":0,"time":244.5},{"angle2":45,"angle":-45,"type":"mineHold","duration":0.75,"time":247,"holdEase":"outQuint"},{"angle2":-45,"angle":45,"type":"mineHold","duration":0.75,"time":247.75,"holdEase":"outQuint"},{"angle2":360,"angle":315,"type":"mineHold","duration":0.5,"time":248.5,"holdEase":"outQuint"},{"type":"block","angle":247.5,"time":249},{"type":"block","angle":202.5,"time":249},{"type":"block","angle":157.5,"time":249.75},{"type":"block","angle":112.5,"time":249.75},{"type":"block","angle":247.5,"time":250.5},{"type":"block","angle":292.5,"time":250.5},{"type":"block","angle":22.5,"time":251},{"type":"block","angle":67.5,"time":251},{"type":"block","angle":292.5,"time":251.75},{"type":"block","angle":337.5,"time":251.75},{"type":"block","angle":67.5,"time":252.5},{"type":"block","angle":112.5,"time":252.5},{"type":"block","angle":180,"time":253},{"type":"block","angle":225,"time":253.25},{"type":"block","angle":270,"time":253.5},{"type":"block","angle":315,"time":253.75},{"type":"block","angle":360,"time":254},{"type":"block","angle":45,"time":254.25},{"type":"block","angle":90,"time":254.5},{"type":"block","angle":135,"time":254.75},{"type":"block","angle":180,"time":255},{"type":"block","angle":225,"time":255.25},{"type":"block","angle":270,"time":255.5},{"type":"block","angle":315,"time":255.75},{"type":"block","angle":360,"time":256},{"type":"block","angle":45,"time":256.25},{"type":"block","angle":90,"time":256.5},{"type":"block","angle":135,"time":256.75},{"angle2":45,"angle":180,"type":"hold","duration":1,"time":257,"holdEase":"outBack"},{"angle2":585,"angle":405,"type":"hold","time":258,"duration":1},{"angle2":315,"angle":225,"type":"hold","duration":0.75,"time":259,"holdEase":"outQuint"},{"angle2":225,"angle":315,"type":"hold","duration":0.75,"time":259.75,"holdEase":"outQuint"},{"angle2":270,"angle":225,"type":"hold","duration":0.5,"time":260.5,"holdEase":"outQuint"},{"angle2":135,"angle":270,"type":"hold","duration":1,"time":261,"holdEase":"outBack"},{"angle2":675,"angle":495,"type":"hold","duration":1,"time":262,"holdEase":"linear"},{"type":"mine","angle":382.5,"time":257},{"type":"mine","angle":360,"time":257},{"type":"mine","angle":337.5,"time":257},{"type":"mine","angle":202.5,"time":258},{"type":"mine","angle":225,"time":258},{"type":"mine","angle":247.5,"time":258},{"type":"mine","angle":472.5,"time":259},{"type":"mine","angle":450,"time":259},{"type":"mine","angle":427.5,"time":259},{"type":"mine","angle":472.5,"time":260},{"type":"mine","angle":450,"time":260},{"type":"mine","angle":427.5,"time":260},{"type":"mine","angle":472.5,"time":261},{"type":"mine","angle":450,"time":261},{"type":"mine","angle":427.5,"time":261},{"type":"mine","angle":337.5,"time":262},{"type":"mine","angle":315,"time":262},{"type":"mine","angle":292.5,"time":262},{"type":"mine","angle":517.5,"time":263},{"type":"mine","angle":540,"time":263},{"type":"mine","angle":202.5,"time":263},{"type":"mine","angle":517.5,"time":264},{"type":"mine","angle":180,"time":264},{"type":"mine","angle":202.5,"time":264},{"angle2":405,"angle":315,"type":"hold","duration":0.75,"time":263,"holdEase":"outQuint"},{"angle2":315,"angle":405,"type":"hold","duration":0.75,"time":263.75,"holdEase":"outQuint"},{"angle2":360,"angle":315,"type":"hold","duration":0.5,"time":264.5,"holdEase":"outQuint"},{"type":"block","angle":270,"time":267},{"type":"block","angle":225,"time":267},{"angle2":270,"angle":247.5,"type":"hold","duration":0.5,"time":267,"holdEase":"outQuart"},{"type":"block","angle":247.5,"time":267.75},{"type":"block","angle":225,"time":268},{"type":"block","angle":292.5,"time":268.25},{"type":"block","angle":270,"time":268.5},{"type":"block","angle":495,"time":269},{"type":"block","angle":450,"time":269},{"angle2":450,"angle":472.5,"type":"hold","duration":0.5,"time":269,"holdEase":"outQuart"},{"type":"block","angle":472.5,"time":269.75},{"type":"block","angle":495,"time":270},{"type":"block","angle":427.5,"time":270.25},{"type":"block","angle":450,"time":270.5},{"type":"block","angle":427.5,"time":271},{"type":"block","angle":382.5,"time":271},{"type":"block","angle":337.5,"time":271.5},{"type":"block","angle":292.5,"time":271.5},{"angle2":360,"angle":382.5,"type":"hold","duration":1,"time":272,"holdEase":"inExpo"},{"angle2":360,"angle":337.5,"type":"hold","duration":1,"time":272,"holdEase":"inExpo"},{"type":"mine","angle":517.5,"time":265},{"type":"mine","angle":180,"time":265},{"type":"mine","angle":202.5,"time":265},{"type":"mine","angle":517.5,"time":271},{"type":"mine","angle":540,"time":271},{"type":"mine","angle":202.5,"time":271},{"type":"mine","angle":517.5,"time":272},{"type":"mine","angle":540,"time":272},{"type":"mine","angle":202.5,"time":272},{"type":"mine","angle":517.5,"time":266},{"type":"mine","angle":180,"time":266},{"type":"mine","angle":202.5,"time":266},{"type":"mine","angle":450,"time":267},{"type":"mine","angle":427.5,"time":267},{"type":"mine","angle":405,"time":267},{"type":"mine","angle":427.5,"time":268},{"type":"mine","angle":450,"time":268},{"type":"mine","angle":472.5,"time":268},{"type":"mine","angle":382.5,"time":269},{"type":"mine","angle":360,"time":269},{"type":"mine","angle":337.5,"time":269},{"type":"mine","angle":292.5,"time":270},{"type":"mine","angle":270,"time":270},{"type":"mine","angle":247.5,"time":270},{"angle2":225,"angle":360,"type":"hold","duration":1,"time":273,"holdEase":"outBack"},{"angle2":405,"angle":225,"type":"hold","time":274,"duration":1},{"angle2":495,"angle":405,"type":"hold","duration":0.75,"time":275,"holdEase":"outQuint"},{"angle2":405,"angle":495,"type":"hold","duration":0.75,"time":275.75,"holdEase":"outQuint"},{"angle2":450,"angle":405,"type":"hold","duration":0.5,"time":276.5,"holdEase":"outQuint"},{"angle2":315,"angle":450,"type":"hold","duration":1,"time":277,"holdEase":"outBack"},{"angle2":495,"angle":315,"type":"hold","time":278,"duration":1},{"angle2":585,"angle":495,"type":"hold","duration":0.75,"time":279,"holdEase":"outQuint"},{"angle2":135,"angle":225,"type":"hold","duration":0.75,"time":279.75,"holdEase":"outQuint"},{"angle2":540,"angle":495,"type":"hold","duration":0.5,"time":280.5,"holdEase":"outQuint"},{"type":"mine","angle":517.5,"time":273},{"type":"mine","angle":540,"time":273},{"type":"mine","angle":202.5,"time":273},{"type":"mine","angle":427.5,"time":274},{"type":"mine","angle":405,"time":274},{"type":"mine","angle":382.5,"time":274},{"type":"mine","angle":247.5,"time":275},{"type":"mine","angle":270,"time":275},{"type":"mine","angle":292.5,"time":275},{"type":"mine","angle":247.5,"time":276},{"type":"mine","angle":270,"time":276},{"type":"mine","angle":292.5,"time":276},{"type":"mine","angle":247.5,"time":277},{"type":"mine","angle":270,"time":277},{"type":"mine","angle":292.5,"time":277},{"type":"mine","angle":472.5,"time":278},{"type":"mine","angle":495,"time":278},{"type":"mine","angle":517.5,"time":278},{"type":"mine","angle":337.5,"time":279},{"type":"mine","angle":360,"time":279},{"type":"mine","angle":382.5,"time":279},{"type":"mine","angle":382.5,"time":280},{"type":"mine","angle":360,"time":280},{"type":"mine","angle":337.5,"time":280},{"type":"mine","angle":337.5,"time":281},{"type":"mine","angle":360,"time":281},{"type":"mine","angle":382.5,"time":281},{"type":"mine","angle":292.5,"time":282},{"type":"mine","angle":337.5,"time":283},{"type":"mine","angle":360,"time":283},{"type":"mine","angle":315,"time":283},{"type":"mine","angle":315,"time":282},{"type":"mine","angle":270,"time":282},{"type":"mine","angle":382.5,"time":284},{"type":"mine","angle":360,"time":284},{"type":"mine","angle":405,"time":284},{"type":"mine","angle":540,"time":285},{"type":"mine","angle":202.5,"time":285},{"type":"mine","angle":225,"time":285},{"type":"mine","angle":495,"time":286},{"type":"mine","angle":517.5,"time":286},{"type":"mine","angle":540,"time":286},{"type":"mine","angle":450,"time":287},{"type":"mine","angle":472.5,"time":287},{"type":"mine","angle":495,"time":287},{"angle2":720,"angle":540,"type":"hold","time":290,"duration":1},{"angle2":450,"angle":360,"type":"hold","duration":0.75,"time":291,"holdEase":"outQuint"},{"angle2":360,"angle":450,"type":"hold","duration":0.75,"time":291.75,"holdEase":"outQuint"},{"angle2":405,"angle":360,"type":"hold","duration":0.5,"time":292.5,"holdEase":"outQuint"},{"angle2":270,"angle":405,"type":"hold","duration":1,"time":293,"holdEase":"outBack"},{"angle2":450,"angle":270,"type":"hold","time":294,"duration":1},{"angle2":540,"angle":450,"type":"hold","duration":0.75,"time":295,"holdEase":"outQuint"},{"angle2":450,"angle":540,"type":"hold","duration":0.75,"time":295.75,"holdEase":"outQuint"},{"type":"mine","angle":382.5,"time":290},{"type":"mine","angle":360,"time":290},{"type":"mine","angle":337.5,"time":290},{"type":"mine","angle":202.5,"time":291},{"type":"mine","angle":225,"time":291},{"type":"mine","angle":247.5,"time":291},{"type":"mine","angle":202.5,"time":292},{"type":"mine","angle":225,"time":292},{"type":"mine","angle":247.5,"time":292},{"type":"mine","angle":202.5,"time":293},{"type":"mine","angle":225,"time":293},{"type":"mine","angle":247.5,"time":293},{"type":"mine","angle":472.5,"time":294},{"type":"mine","angle":450,"time":294},{"type":"mine","angle":427.5,"time":294},{"type":"mine","angle":292.5,"time":295},{"type":"mine","angle":315,"time":295},{"type":"mine","angle":337.5,"time":295},{"type":"mine","angle":292.5,"time":296},{"type":"mine","angle":315,"time":296},{"type":"mine","angle":337.5,"time":296},{"type":"block","angle":225,"time":298.25},{"type":"block","angle":247.5,"time":298.5},{"type":"block","angle":382.5,"time":299},{"type":"block","angle":337.5,"time":299},{"angle2":382.5,"angle":360,"type":"hold","duration":0.5,"time":299,"holdEase":"outQuart"},{"type":"block","angle":360,"time":299.75},{"type":"block","angle":337.5,"time":300},{"type":"block","angle":382.5,"time":300.25},{"type":"block","angle":360,"time":300.5},{"type":"block","angle":-157.5,"time":301},{"type":"block","angle":157.5,"time":301},{"angle2":-157.5,"angle":-180,"type":"hold","duration":0.5,"time":301,"holdEase":"outQuart"},{"type":"block","angle":180,"time":301.75},{"type":"block","angle":157.5,"time":302},{"type":"block","angle":-157.5,"time":302.25},{"type":"mine","angle":337.5,"time":297},{"type":"mine","angle":315,"time":297},{"type":"mine","angle":292.5,"time":297},{"type":"mine","angle":405,"time":298},{"type":"mine","angle":382.5,"time":298},{"type":"mine","angle":360,"time":298},{"type":"mine","angle":517.5,"time":299},{"type":"mine","angle":540,"time":299},{"type":"mine","angle":202.5,"time":299},{"type":"mine","angle":517.5,"time":300},{"type":"mine","angle":540,"time":300},{"type":"mine","angle":202.5,"time":300},{"type":"mine","angle":382.5,"time":302},{"type":"mine","angle":360,"time":302},{"type":"mine","angle":337.5,"time":302},{"type":"mine","angle":247.5,"time":301},{"type":"mine","angle":270,"time":301},{"type":"mine","angle":292.5,"time":301},{"type":"mine","angle":472.5,"time":303},{"type":"mine","angle":450,"time":303},{"type":"mine","angle":427.5,"time":303},{"type":"mine","angle":472.5,"time":304},{"type":"mine","angle":450,"time":304},{"type":"mine","angle":427.5,"time":304},{"type":"block","angle":360,"time":266.25},{"type":"block","angle":337.5,"time":266.5},{"type":"mine","angle":270,"time":265.75},{"type":"mine","angle":247.5,"time":266},{"type":"mine","angle":90,"time":265.75},{"type":"mine","angle":67.5,"time":266},{"type":"block","angle":180,"time":281.5},{"type":"block","angle":135,"time":281.75},{"type":"block","angle":112.5,"time":282},{"type":"block","angle":225,"time":282.5},{"type":"block","angle":180,"time":282.75},{"type":"block","angle":157.5,"time":283},{"type":"block","angle":270,"time":283.5},{"type":"block","angle":225,"time":283.75},{"type":"block","angle":202.5,"time":284},{"type":"block","angle":315,"time":284.5},{"type":"block","angle":0,"time":284.75},{"type":"block","angle":22.5,"time":285},{"type":"block","angle":270,"time":285.5},{"type":"block","angle":315,"time":285.75},{"type":"block","angle":337.5,"time":286},{"type":"block","angle":225,"time":286.5},{"type":"block","angle":270,"time":286.75},{"type":"block","angle":292.5,"time":287},{"type":"mine","angle":292.5,"time":288.5},{"type":"mine","angle":247.5,"time":288.5},{"type":"mine","angle":67.5,"time":287.75},{"type":"mine","angle":112.5,"time":287.75},{"type":"mine","angle":90,"time":289},{"type":"mine","angle":67.5,"time":289.25},{"type":"mine","angle":45,"time":289.5},{"type":"mine","angle":22.5,"time":289.75},{"angle2":-180,"angle":-45,"type":"hold","duration":1,"time":289,"holdEase":"outBack"},{"type":"mine","angle":90,"time":297},{"type":"mine","angle":270,"time":297.5},{"type":"mine","angle":292.5,"time":297.75},{"type":"mine","angle":90,"time":297.5},{"type":"mine","angle":112.5,"time":297.75},{"angle2":270,"angle":292.5,"type":"hold","time":303,"duration":1},{"angle2":270,"angle":247.5,"type":"hold","time":303,"duration":1},{"type":"block","angle":0,"time":305},{"type":"block","angle":45,"time":305.25},{"type":"block","angle":90,"time":305.5},{"type":"block","angle":135,"time":305.75},{"type":"block","angle":112.5,"time":306},{"type":"block","angle":157.5,"time":306.25},{"type":"block","angle":202.5,"time":306.5},{"type":"block","angle":247.5,"time":306.75},{"type":"block","angle":225,"time":307},{"type":"block","angle":270,"time":307.25},{"type":"block","angle":315,"time":307.5},{"type":"block","angle":360,"time":307.75},{"type":"block","angle":337.5,"time":308},{"type":"block","angle":22.5,"time":308},{"type":"block","angle":180,"time":309},{"type":"block","angle":225,"time":309.25},{"type":"block","angle":270,"time":309.5},{"type":"block","angle":315,"time":309.75},{"type":"block","angle":292.5,"time":310},{"type":"block","angle":337.5,"time":310.25},{"type":"block","angle":382.5,"time":310.5},{"type":"block","angle":427.5,"time":310.75},{"type":"block","angle":405,"time":311},{"type":"block","angle":450,"time":311.25},{"type":"block","angle":495,"time":311.5},{"type":"block","angle":540,"time":311.75},{"type":"block","angle":517.5,"time":312},{"type":"block","angle":202.5,"time":312},{"type":"block","angle":90,"time":313.25},{"type":"block","angle":180,"time":313.5},{"type":"block","angle":270,"time":313.75},{"type":"block","angle":0,"time":314},{"type":"block","angle":90,"time":314.25},{"type":"block","angle":180,"time":314.5},{"type":"block","angle":270,"time":314.75},{"type":"block","angle":0,"time":315},{"type":"block","angle":90,"time":315.25},{"type":"block","angle":180,"time":315.5},{"type":"block","angle":270,"time":315.75},{"type":"block","angle":0,"time":316},{"type":"block","angle":90,"time":316.25},{"type":"block","angle":180,"time":316.5},{"type":"block","angle":270,"time":316.75},{"angle2":2880,"angle":0,"type":"hold","time":313,"duration":8},{"angle2":360,"angle":337.5,"type":"hold","duration":1,"time":322,"holdEase":"inCubic"},{"angle2":315,"angle":360,"type":"hold","duration":0.75,"time":323,"holdEase":"outQuint"},{"angle2":405,"angle":315,"type":"hold","duration":0.75,"time":323.75,"holdEase":"outQuint"},{"angle2":0,"angle":45,"type":"hold","duration":0.5,"time":324.5,"holdEase":"outQuint"},{"angle2":-360,"angle":-337.5,"type":"hold","duration":1,"time":322,"holdEase":"inCubic"},{"type":"side","angle":270,"time":325.5},{"angle2":-360,"angle":-337.5,"type":"hold","duration":1,"time":326,"holdEase":"inCubic"},{"angle2":-315,"angle":-360,"type":"hold","duration":0.75,"time":327,"holdEase":"outQuint"},{"angle2":-405,"angle":-315,"type":"hold","duration":0.75,"time":327.75,"holdEase":"outQuint"},{"angle2":0,"angle":-45,"type":"hold","duration":0.5,"time":328.5,"holdEase":"outQuint"},{"angle2":360,"angle":337.5,"type":"hold","duration":1,"time":326,"holdEase":"inCubic"},{"type":"block","angle":67.5,"time":329.5},{"type":"block","angle":45,"time":329.75},{"type":"block","angle":22.5,"time":330},{"type":"block","angle":0,"time":330.25},{"angle2":292.5,"angle":337.5,"type":"hold","time":330.5,"duration":0.5},{"angle2":360,"angle":292.5,"type":"hold","duration":0.5,"time":331,"holdEase":"outBack"},{"type":"block","angle":270,"time":331},{"type":"block","angle":22.5,"time":331.5},{"type":"block","angle":0,"time":331.75},{"type":"block","angle":337.5,"time":332},{"type":"block","angle":315,"time":332.25},{"type":"block","angle":292.5,"time":332.5},{"angle2":360,"angle":270,"type":"hold","duration":0.5,"time":333,"holdEase":"outBack"},{"type":"block","angle":22.5,"time":333.5},{"type":"block","angle":45,"time":333.75},{"type":"block","angle":67.5,"time":334},{"type":"block","angle":0,"time":334.25},{"type":"block","angle":22.5,"time":334.5},{"type":"block","angle":292.5,"time":335},{"type":"block","angle":337.5,"time":335},{"type":"block","angle":22.5,"time":335.5},{"type":"block","angle":67.5,"time":335.5},{"angle2":0,"angle":0,"type":"hold","time":336,"duration":0.75},{"type":"side","angle":67.5,"time":337.5},{"type":"side","angle":292.5,"time":337.83334350586},{"type":"side","angle":67.5,"time":338.16665649414},{"type":"side","angle":292.5,"time":338.5},{"angle2":-45,"angle":45,"type":"hold","duration":0.83333331346512,"time":339,"holdEase":"outQuint"},{"angle2":405,"angle":315,"type":"hold","duration":0.83333331346512,"time":339.83331298828,"holdEase":"outQuint"},{"angle2":0,"angle":45,"type":"hold","duration":0.83333331346512,"time":340.66665649414,"holdEase":"outQuint"},{"type":"side","angle":-292.5,"time":341.83334350586},{"type":"side","angle":-67.5,"time":342.16665649414},{"type":"side","angle":-292.5,"time":342.5},{"angle2":45,"angle":-45,"type":"hold","duration":0.83333331346512,"time":343,"holdEase":"outQuint"},{"angle2":-405,"angle":-315,"type":"hold","duration":0.83333331346512,"time":343.83331298828,"holdEase":"outQuint"},{"angle2":0,"angle":-45,"type":"hold","duration":0.83333331346512,"time":344.66665649414,"holdEase":"outQuint"},{"type":"mine","angle":292.5,"time":341.5},{"type":"block","angle":90,"time":346},{"type":"block","angle":67.5,"time":346.33334350586},{"type":"block","angle":45,"time":347},{"type":"block","angle":22.5,"time":347.33334350586},{"type":"block","angle":360,"time":348},{"type":"block","angle":337.5,"time":348.33334350586},{"type":"block","angle":270,"time":349},{"type":"block","angle":292.5,"time":349.33334350586},{"type":"block","angle":315,"time":350},{"type":"block","angle":337.5,"time":350.33334350586},{"type":"block","angle":0,"time":351},{"type":"block","angle":337.5,"time":351.33334350586},{"type":"block","angle":22.5,"time":351.33334350586},{"type":"block","angle":45,"time":352},{"type":"block","angle":67.5,"time":352},{"type":"block","angle":315,"time":352.75},{"type":"block","angle":292.5,"time":352.75},{"angle2":202.5,"angle":180,"type":"hold","duration":1,"time":356.5,"holdEase":"outSine"},{"angle2":-202.5,"angle":-180,"type":"hold","duration":1,"time":356.5,"holdEase":"outSine"},{"type":"mine","angle":360,"time":353.5},{"type":"mine","angle":0,"time":354},{"type":"mine","angle":292.5,"time":355},{"type":"mine","angle":337.5,"time":355},{"type":"mine","angle":22.5,"time":355.75},{"type":"mine","angle":67.5,"time":355.75},{"type":"side","angle":270,"time":358},{"type":"side","angle":90,"time":359},{"type":"block","angle":247.5,"time":361.5},{"type":"block","angle":225,"time":361.75},{"type":"block","angle":202.5,"time":362},{"type":"block","angle":180,"time":362.25},{"angle2":472.5,"angle":517.5,"type":"hold","duration":0.5,"time":362.5},{"angle2":540,"angle":472.5,"type":"hold","duration":0.5,"time":363,"holdEase":"outBack"},{"type":"block","angle":450,"time":363},{"type":"block","angle":202.5,"time":363.5},{"type":"block","angle":180,"time":363.75},{"type":"block","angle":517.5,"time":364},{"type":"block","angle":495,"time":364.25},{"type":"block","angle":472.5,"time":364.5},{"angle2":540,"angle":450,"type":"hold","duration":0.5,"time":365,"holdEase":"outBack"},{"type":"block","angle":202.5,"time":365.5},{"type":"block","angle":225,"time":365.75},{"type":"block","angle":247.5,"time":366},{"type":"block","angle":180,"time":366.25},{"type":"block","angle":202.5,"time":366.5},{"type":"block","angle":472.5,"time":367},{"type":"block","angle":517.5,"time":367},{"type":"block","angle":202.5,"time":367.5},{"type":"block","angle":247.5,"time":367.5},{"angle2":180,"angle":180,"type":"hold","time":368,"duration":1},{"angle2":157.5,"angle":270,"type":"hold","time":360,"duration":1},{"type":"block","angle":225,"time":370.5},{"type":"block","angle":180,"time":371},{"type":"block","angle":112.5,"time":369.75},{"type":"block","angle":135,"time":370},{"type":"block","angle":112.5,"time":371.75},{"type":"block","angle":135,"time":372},{"type":"block","angle":225,"time":372.5},{"type":"block","angle":180,"time":373},{"type":"block","angle":247.5,"time":373.75},{"type":"block","angle":225,"time":374},{"type":"block","angle":135,"time":374.5},{"type":"block","angle":180,"time":375},{"type":"block","angle":225,"time":376},{"type":"block","angle":247.5,"time":375.75},{"type":"block","angle":135,"time":376.5},{"angle2":1980,"angle":540,"type":"hold","time":377,"duration":4},{"angle2":2700,"angle":180,"type":"hold","time":381,"duration":2},{"type":"block","angle":157.5,"time":383.5},{"type":"block","angle":180,"time":384},{"type":"block","angle":202.5,"time":384.5},{"angle2":1620,"angle":180,"type":"hold","time":385,"duration":32},{"type":"block","angle":22.5,"time":389.5},{"type":"block","angle":45,"time":390},{"type":"block","angle":90,"time":391},{"type":"block","angle":112.5,"time":391.5},{"type":"block","angle":157.5,"time":392.5},{"type":"block","angle":157.5,"time":400.5},{"type":"block","angle":22.5,"time":397.5},{"type":"block","angle":45,"time":398},{"type":"block","angle":90,"time":399},{"type":"block","angle":112.5,"time":399.5},{"type":"block","angle":45,"time":406},{"type":"block","angle":90,"time":407},{"type":"block","angle":112.5,"time":407.5},{"type":"block","angle":180,"time":409},{"type":"block","angle":270,"time":411},{"type":"block","angle":0,"time":413},{"type":"block","angle":90,"time":415},{"angle2":1710,"angle":360,"type":"hold","time":1,"duration":30},{"type":"block","angle":202.5,"time":5.5},{"type":"block","angle":225,"time":6},{"type":"block","angle":270,"time":7},{"type":"block","angle":292.5,"time":7.5},{"type":"block","angle":337.5,"time":8.5},{"type":"block","angle":337.5,"time":16.5},{"type":"block","angle":202.5,"time":13.5},{"type":"block","angle":225,"time":14},{"type":"block","angle":270,"time":15},{"type":"block","angle":292.5,"time":15.5},{"type":"block","angle":225,"time":22},{"type":"block","angle":270,"time":23},{"type":"block","angle":292.5,"time":23.5},{"type":"block","angle":360,"time":25},{"type":"block","angle":450,"time":27},{"type":"block","angle":180,"time":29},{"type":"block","angle":90,"time":45},{"type":"block","angle":112.5,"time":45.25},{"type":"block","angle":135,"time":45.5},{"type":"block","angle":157.5,"time":45.75},{"type":"block","angle":180,"time":46},{"type":"block","angle":202.5,"time":46.25},{"type":"block","angle":225,"time":46.5},{"type":"block","angle":247.5,"time":46.75},{"type":"block","angle":270,"time":47},{"type":"block","angle":247.5,"time":47.25},{"type":"block","angle":225,"time":47.5},{"type":"block","angle":202.5,"time":47.75},{"type":"block","angle":180,"time":48},{"type":"block","angle":157.5,"time":48.25},{"type":"block","angle":135,"time":48.5},{"type":"block","angle":112.5,"time":48.75},{"angle2":90,"angle":90,"type":"hold","time":49,"duration":2},{"angle2":225,"angle":90,"type":"hold","duration":1.5,"time":51,"holdEase":"outCubic"},{"angle2":135,"angle":225,"type":"hold","duration":1.5,"time":52.5,"holdEase":"outCubic"},{"angle2":270,"angle":270,"type":"mineHold","time":49,"duration":2},{"angle2":405,"angle":270,"type":"mineHold","duration":1.5,"time":51,"holdEase":"outCubic"},{"angle2":-45,"angle":45,"type":"mineHold","duration":1.5,"time":52.5,"holdEase":"outCubic"},{"type":"block","angle":202.5,"time":55},{"type":"block","angle":157.5,"time":55},{"angle2":405,"angle":270,"type":"hold","duration":1,"time":57,"holdEase":"outQuad"},{"type":"mine","angle":360,"time":54.5},{"type":"mine","angle":22.5,"time":55},{"type":"mine","angle":45,"time":55.5},{"type":"mine","angle":67.5,"time":56},{"type":"mine","angle":90,"time":56.5},{"type":"mine","angle":112.5,"time":57},{"angle2":202.5,"angle":135,"type":"mineHold","time":57.5,"duration":1.5},{"angle2":90,"angle":45,"type":"hold","duration":1,"time":58,"holdEase":"inExpo"},{"angle2":135,"angle":90,"type":"hold","duration":1.25,"time":59,"holdEase":"inExpo"},{"type":"mine","angle":247.5,"time":59.75},{"type":"mine","angle":292.5,"time":60.5},{"type":"block","angle":180,"time":61.25},{"type":"block","angle":225,"time":62},{"type":"block","angle":270,"time":62.75},{"type":"block","angle":315,"time":63.5},{"type":"block","angle":0,"time":64.25},{"angle2":0,"angle":0,"type":"hold","time":65,"duration":3.5},{"angle2":90,"angle":0,"type":"hold","duration":0.75,"time":68.5,"holdEase":"outQuad"},{"angle2":0,"angle":90,"type":"hold","duration":0.75,"time":69.25,"holdEase":"outQuad"},{"angle2":270,"angle":360,"type":"hold","duration":0.75,"time":70,"holdEase":"outQuad"},{"type":"extraTap","angle":180,"time":39},{"type":"extraTap","angle":180,"time":43},{"type":"extraTap","angle":90,"time":47},{"type":"extraTap","angle":0,"time":51},{"type":"extraTap","angle":270,"time":55},{"type":"extraTap","angle":0,"time":59},{"angle2":180,"angle":270,"type":"hold","duration":1.25,"time":70.75,"holdEase":"outBack"},{"type":"extraTap","angle":0,"time":71},{"angle2":180,"angle":180,"type":"mineHold","time":65,"duration":3.5},{"angle2":270,"angle":180,"type":"mineHold","duration":0.75,"time":68.5,"holdEase":"outQuad"},{"angle2":180,"angle":270,"type":"mineHold","duration":0.75,"time":69.25,"holdEase":"outQuad"},{"angle2":90,"angle":180,"type":"mineHold","duration":0.75,"time":70,"holdEase":"outQuad"},{"angle2":0,"angle":90,"type":"mineHold","duration":1.25,"time":70.75,"holdEase":"outBack"},{"angle2":180,"angle":135,"type":"hold","duration":1,"time":72.5,"holdEase":"outSine"},{"type":"block","angle":112.5,"time":74},{"angle2":180,"angle":112.5,"type":"hold","duration":1,"time":74.5,"holdEase":"outQuad"},{"type":"block","angle":90,"time":76},{"angle2":180,"angle":90,"type":"hold","duration":1,"time":76.5,"holdEase":"outCubic"},{"angle":360,"speedMult":1,"time":75,"type":"extraTap"},{"type":"mine","angle":315,"time":73},{"type":"mine","angle":360,"time":73.5},{"type":"mine","angle":292.5,"time":74},{"type":"mine","angle":292.5,"time":74.5},{"type":"mine","angle":0,"time":75.5},{"type":"mine","angle":270,"time":76},{"type":"mine","angle":270,"time":76.5},{"type":"block","angle":202.5,"time":79},{"type":"block","angle":157.5,"time":79},{"type":"extraTap","angle":0,"time":79},{"angle2":0,"angle":0,"type":"hold","time":80,"duration":1},{"angle2":720,"angle":360,"type":"hold","time":89,"duration":4},{"type":"block","angle":45,"time":82},{"angle":90,"tap":true,"time":83,"type":"block"},{"type":"block","angle":135,"time":84},{"type":"block","angle":180,"time":85},{"type":"block","angle":225,"time":86},{"angle":270,"tap":true,"time":87,"type":"block"},{"type":"block","angle":315,"time":88},{"type":"extraTap","angle":90,"time":63},{"angle2":180,"angle":180,"type":"mineHold","time":80,"duration":1},{"angle2":360,"angle":315,"type":"mineHold","time":84,"duration":1},{"type":"mine","angle":382.5,"time":85.5},{"type":"mine","angle":405,"time":86},{"type":"mine","angle":202.5,"time":81.5},{"type":"mine","angle":225,"time":82},{"type":"mine","angle":112.5,"time":87.5},{"type":"mine","angle":135,"time":88},{"type":"mine","angle":157.5,"time":88.5},{"angle2":540,"angle":180,"type":"mineHold","time":89,"duration":4},{"type":"extraTap","angle":0,"time":91},{"type":"block","angle":360,"time":94},{"type":"block","angle":348.75,"time":95},{"type":"block","angle":11.25,"time":95},{"type":"block","angle":337.5,"time":96},{"type":"block","angle":22.5,"time":96},{"type":"mine","angle":202.5,"time":94},{"type":"mine","angle":157.5,"time":94},{"type":"mine","angle":270,"time":95},{"type":"mine","angle":90,"time":95},{"type":"mine","angle":315,"time":96},{"type":"mine","angle":45,"time":96},{"type":"block","angle":337.5,"time":425},{"type":"block","angle":360,"time":425.5},{"type":"block","angle":22.5,"time":426},{"angle2":382.5,"angle":337.5,"type":"hold","time":426.5,"duration":0.25},{"time":266,"angle":22.5,"type":"block"},{"type":"block","angle":202.5,"time":298}]