{"metadata":{"description":"First uploaded chart!\nThis is a cut version of the full song\nVaguely based off of Heart of Android's story\n\nMechanics used: Mines, Sides","difficulty":8,"artistLink":"https://www.youtube.com/channel/UCV4ggxLd_Vz-I-ePGSKfFog","artist":"Camellia","charter":"H.I.P.E.","bg":true,"bgData":{"blueChannel":{"b":109,"g":54,"r":39},"image":"bg.png","redChannel":{"b":186,"g":141,"r":107}},"songName":"This Future (we didn't expect)"},"properties":{"loadBeat":0,"startBeat":0,"speed":85,"offset":13,"formatversion":12},"events":[{"bpm":180,"type":"play","file":"audio.ogg","volume":1,"time":-8,"offset":0.059999953955412,"angle":360},{"angle":270,"g":54,"b":109,"time":-10,"type":"setColor","color":0,"order":-999,"r":39},{"angle":0,"type":"setColor","b":255,"time":-10,"color":1,"g":255,"order":-999,"r":255},{"angle":90,"g":114,"b":139,"time":-10,"type":"setColor","color":2,"order":-999,"r":96},{"angle":180,"y":0,"id":"0","time":-10,"drawOrder":0,"x":0,"drawLayer":"bg","sprite":"bg gradient.png","type":"deco","order":-999,"recolor":2},{"angle":90,"type":"ease","value":1,"time":33,"var":"scrollSpeed","duration":3.5,"ease":"inQuint","start":0.20000000298023},{"time":185,"angle":180,"type":"paddles","paddle":0,"duration":2,"newWidth":360,"ease":"inSine"},{"time":191,"angle":270,"type":"paddles","paddle":0,"duration":2,"newWidth":70,"ease":"outCubic"},{"var":"scrollSpeed","type":"ease","time":191,"value":1.2000000476837,"duration":2,"angle":90},{"angle":90,"type":"ease","value":0.5,"time":189,"repeats":10,"repeatDelay":0.0049999998882413,"var":"scrollSpeed","order":-999,"start":0.5},{"var":"scrollSpeed","type":"ease","time":187,"value":5,"duration":2,"angle":180},{"angle":315,"type":"setColor","b":255,"time":161,"g":190,"color":0,"duration":28,"r":113},{"angle":45,"type":"setColor","b":211,"time":161,"g":195,"color":2,"duration":28,"r":255},{"angle":270,"type":"setColor","b":0,"time":189.00500488281,"color":0,"g":0,"order":-999,"r":0},{"angle":180,"type":"setColor","b":0,"time":189.00500488281,"color":2,"g":0,"order":-999,"r":0},{"duration":2,"var":"vfx.canvPos.sx","type":"ease","ease":"outSine","value":1.5,"time":187,"angle":90},{"duration":2,"var":"vfx.canvPos.sy","type":"ease","ease":"outSine","value":1.5,"time":187,"angle":270},{"angle":225,"type":"ease","value":0.80000001192093,"time":189,"repeats":10,"repeatDelay":0.0049999998882413,"var":"vfx.canvPos.sx","order":-999,"start":0.80000001192093},{"angle":135,"type":"ease","value":0.80000001192093,"time":189,"repeats":10,"repeatDelay":0.0049999998882413,"var":"vfx.canvPos.sy","order":-999,"start":0.80000001192093},{"duration":2,"var":"vfx.canvPos.sx","type":"ease","ease":"outBack","value":1,"time":191,"angle":135},{"duration":2,"var":"vfx.canvPos.sy","type":"ease","ease":"outBack","value":1,"time":191,"angle":180},{"angle":247.5,"type":"setColor","b":250,"time":193,"g":235,"color":0,"order":-999,"r":185},{"angle":292.5,"type":"setColor","b":255,"time":193,"g":190,"order":1,"color":0,"duration":4,"r":113},{"angle":67.5,"type":"setColor","b":224,"time":193,"g":245,"color":2,"order":-999,"r":255},{"angle":112.5,"type":"setColor","b":211,"time":193,"g":195,"order":1,"color":2,"duration":4,"r":255},{"angle":270,"type":"setColor","b":0,"time":189.00868940934,"color":0,"g":0,"order":-999,"r":0},{"angle":180,"type":"setColor","b":0,"time":189.00868940934,"color":2,"g":0,"order":-999,"r":0},{"angle":270,"type":"setColor","b":0,"time":188.98831964493,"color":0,"g":0,"order":-999,"r":0},{"angle":180,"type":"setColor","b":0,"time":188.98831964493,"color":2,"g":0,"order":-999,"r":0},{"angle":270,"type":"setColor","b":0,"time":189.03207156912,"color":0,"g":0,"order":-999,"r":0},{"angle":180,"type":"setColor","b":0,"time":189.03207156912,"color":2,"g":0,"order":-999,"r":0},{"angle":270,"type":"setColor","b":0,"time":189.07663348236,"color":0,"g":0,"order":-999,"r":0},{"angle":180,"type":"setColor","b":0,"time":189.07663348236,"color":2,"g":0,"order":-999,"r":0},{"angle":270,"type":"setColor","b":0,"time":188.98173186526,"color":0,"g":0,"order":-999,"r":0},{"angle":180,"type":"setColor","b":0,"time":188.98173186526,"color":2,"g":0,"order":-999,"r":0},{"duration":1.5,"var":"scrollSpeed","type":"ease","ease":"outSine","value":0.80000001192093,"time":240,"angle":0},{"duration":0.5,"var":"scrollSpeed","type":"ease","ease":"outSine","value":1.2999999523163,"time":242,"angle":0},{"duration":0.5,"var":"scrollSpeed","type":"ease","ease":"inSine","value":0.80000001192093,"time":242.5,"angle":0},{"duration":4,"var":"scrollSpeed","type":"ease","ease":"linear","value":1.2000000476837,"time":249,"angle":90},{"duration":4,"var":"scrollSpeed","type":"ease","ease":"inSine","value":2,"time":313,"angle":270},{"time":313,"angle":180,"type":"paddles","paddle":0,"duration":4,"newWidth":200,"ease":"inSine"},{"duration":1,"var":"scrollSpeed","type":"ease","ease":"outSine","value":1,"time":321,"angle":180},{"time":321,"angle":90,"type":"paddles","paddle":0,"duration":1,"newWidth":70,"ease":"outBack"},{"angle":90,"y":0,"id":"1","time":193,"drawOrder":1,"x":0,"drawLayer":"bg","sprite":"flywitme@30","type":"deco","order":-999,"recolor":2},{"angle":270,"y":0,"id":"2","time":193,"drawOrder":2,"x":0,"drawLayer":"bg","sprite":"flywitmegrad@30","type":"deco","order":-999,"recolor":0},{"angle":292.5,"type":"deco","id":"1","time":241,"duration":4,"hide":true},{"angle":247.5,"type":"deco","id":"2","time":241,"duration":4,"hide":true},{"angle":270,"type":"deco","id":"1","time":257,"order":-999,"hide":false},{"angle":90,"type":"deco","id":"2","time":257,"order":-999,"hide":false},{"angle":360,"type":"setColor","b":157,"time":317,"g":11,"color":0,"duration":4,"r":32},{"angle":180,"type":"setColor","b":245,"time":317,"g":128,"color":2,"duration":2,"r":82},{"angle":270,"type":"deco","id":"1","time":318.5,"order":-999,"hide":true},{"angle":90,"type":"deco","id":"2","time":318.5,"order":-999,"hide":true},{"duration":2,"var":"p.y","type":"ease","ease":"outBack","value":310,"time":321,"angle":270},{"duration":3,"var":"p.y","type":"ease","ease":"inOutSine","value":50,"time":353,"angle":270},{"duration":8,"var":"p.y","type":"ease","ease":"inOutSine","value":180,"time":369,"angle":270},{"time":377,"angle":360,"type":"paddles","paddle":0,"duration":4,"newWidth":360,"ease":"inSine"},{"time":383,"angle":90,"type":"paddles","paddle":0,"duration":2,"newWidth":70,"ease":"outCubic"},{"angle":270,"type":"ease","value":1,"time":383,"repeats":10,"repeatDelay":0.0049999998882413,"var":"scrollSpeed","duration":0,"order":-999},{"var":"scrollSpeed","type":"ease","time":381,"value":5,"duration":2,"angle":360},{"duration":2,"var":"vfx.canvPos.sx","type":"ease","ease":"outSine","value":1.5,"time":381,"angle":270},{"duration":2,"var":"vfx.canvPos.sy","type":"ease","ease":"outSine","value":1.5,"time":381,"angle":90},{"angle":45,"type":"ease","value":1,"time":383,"repeats":10,"repeatDelay":0.0049999998882413,"var":"vfx.canvPos.sx","ease":"inOutSine","duration":2},{"angle":-45,"type":"ease","value":1,"time":383,"repeats":10,"repeatDelay":0.0049999998882413,"var":"vfx.canvPos.sy","ease":"inOutSine","duration":2},{"type":"showResults","angle":360,"time":444},{"angle":90,"type":"ease","value":1,"time":65,"var":"scrollSpeed","duration":3.5,"ease":"inQuint","start":0.20000000298023},{"angle":315,"y":0,"id":"3","time":193,"drawOrder":3,"x":120,"drawLayer":"bg","sprite":"boom@fps","type":"deco","order":-999,"recolor":3},{"angle":360,"type":"deco","id":"3","time":240.5,"order":-999,"hide":true},{"angle":360,"type":"deco","id":"3","time":256.5,"order":-999,"hide":false},{"angle":0,"type":"deco","id":"3","time":304.5,"order":-999,"hide":true},{"angle":22.5,"type":"setColor","b":212,"time":193,"g":196,"order":1,"color":3,"duration":4,"r":255},{"angle":337.5,"type":"setColor","b":231,"time":193,"g":242,"color":3,"order":-999,"r":255},{"angle":180,"y":278,"id":"star1","type":"deco","time":322,"order":-999,"drawLayer":"bg","sprite":"star@fps","sx":0.60000002384186,"sy":0.60000002384186,"x":476},{"angle":180,"type":"deco","id":"star1","time":324.25,"order":-999,"hide":true},{"angle":202.5,"y":136,"id":"star2","type":"deco","time":323,"order":-999,"drawLayer":"bg","sprite":"star@fps","sx":0.32499998807907,"sy":0.32499998807907,"x":86},{"angle":202.5,"type":"deco","id":"star2","time":325.25,"order":-999,"hide":true},{"angle":225,"y":100,"id":"star3","type":"deco","time":323.75,"order":-999,"drawLayer":"bg","sprite":"star@fps","sx":0.25,"sy":0.25,"x":387},{"angle":225,"type":"deco","id":"star3","time":326,"order":-999,"hide":true},{"angle":247.5,"y":53,"id":"star4","type":"deco","time":324.5,"order":-999,"drawLayer":"bg","sprite":"star@fps","sx":0.20000000298023,"sy":0.20000000298023,"x":356},{"angle":247.5,"type":"deco","id":"star4","time":326.75,"order":-999,"hide":true},{"angle":270,"y":80,"id":"star5","type":"deco","time":326,"order":-999,"drawLayer":"bg","sprite":"star@fps","sx":0.69999998807907,"sy":0.69999998807907,"x":34},{"angle":270,"type":"deco","id":"star5","time":328.25,"order":-999,"hide":true},{"angle":292.5,"y":183,"id":"star6","type":"deco","time":327,"order":-999,"drawLayer":"bg","sprite":"star@fps","sx":0.44999998807907,"sy":0.44999998807907,"x":526},{"angle":292.5,"type":"deco","id":"star6","time":329.25,"order":-999,"hide":true},{"angle":315,"y":196,"id":"star7","type":"deco","time":327.75,"order":-999,"drawLayer":"bg","sprite":"star@fps","sx":0.28000000119209,"sy":0.28000000119209,"x":64},{"angle":315,"type":"deco","id":"star7","time":330,"order":-999,"hide":true},{"angle":337.5,"y":222,"id":"star8","type":"deco","time":328.5,"order":-999,"drawLayer":"bg","sprite":"star@fps","sx":0.20000000298023,"sy":0.20000000298023,"x":312},{"angle":337.5,"type":"deco","id":"star8","time":330.75,"order":-999,"hide":true},{"angle":0,"y":178,"id":"star9","type":"deco","time":331,"order":-999,"drawLayer":"bg","sprite":"star@fps","sx":0.64999997615814,"sy":0.64999997615814,"x":132},{"angle":360,"type":"deco","id":"star9","time":333.25,"order":-999,"hide":true},{"angle":22.5,"y":67,"id":"star10","type":"deco","time":333,"order":-999,"drawLayer":"bg","sprite":"star@fps","sx":0.67500001192093,"sy":0.67500001192093,"x":410},{"angle":22.5,"type":"deco","id":"star10","time":335.25,"order":-999,"hide":true},{"angle":45,"y":97,"id":"star11","type":"deco","time":335,"order":-999,"drawLayer":"bg","sprite":"star@fps","sx":0.21999999880791,"sy":0.21999999880791,"x":110},{"angle":45,"type":"deco","id":"star11","time":337.25,"order":-999,"hide":true},{"angle":78.75,"y":52,"id":"star12","type":"deco","time":335.5,"order":-999,"drawLayer":"bg","sprite":"star@fps","sx":0.30000001192093,"sy":0.30000001192093,"x":500},{"angle":67.5,"type":"deco","id":"star12","time":337.75,"order":-999,"hide":true},{"angle":90,"y":140,"id":"star13","type":"deco","time":336,"order":-999,"drawLayer":"bg","sprite":"star@fps","sx":0.5,"sy":0.5,"x":280},{"angle":90,"type":"deco","id":"star13","time":338.25,"order":-999,"hide":true},{"angle":202.5,"y":180,"id":"star17","type":"deco","time":339,"order":-999,"drawLayer":"bg","sprite":"star@fps","sx":0.5,"sy":0.5,"x":444},{"angle":202.5,"type":"deco","id":"star17","time":341.25,"order":-999,"hide":true},{"angle":225,"y":264,"id":"star18","type":"deco","time":339.83334350586,"order":-999,"drawLayer":"bg","sprite":"star@fps","sx":0.60000002384186,"sy":0.60000002384186,"x":29},{"angle":225,"type":"deco","id":"star18","time":342.08334350586,"order":-999,"hide":true},{"angle":247.5,"y":120,"id":"star19","type":"deco","time":340.83334350586,"order":-999,"drawLayer":"bg","sprite":"star@fps","sx":0.64999997615814,"sy":0.64999997615814,"x":295},{"angle":247.5,"type":"deco","id":"star19","time":343.08334350586,"order":-999,"hide":true},{"angle":112.5,"y":77,"id":"star14","type":"deco","time":343.00001017253,"order":-999,"drawLayer":"bg","sprite":"star@fps","sx":0.40000000596046,"sy":0.40000000596046,"x":40},{"angle":112.5,"type":"deco","id":"star14","time":345.25,"order":-999,"hide":true},{"angle":135,"y":279,"id":"star15","type":"deco","time":343.83335367839,"order":-999,"drawLayer":"bg","sprite":"star@fps","sx":0.375,"sy":0.375,"x":489},{"angle":135,"type":"deco","id":"star15","time":346.08334350586,"order":-999,"hide":true},{"x":453,"y":200,"id":"star25","angle":168.75,"time":367,"order":-999,"drawLayer":"bg","sprite":"star@fps","sx":0.42500001192093,"sy":0.42500001192093,"type":"deco"},{"angle":157.5,"type":"deco","id":"star25","time":369.25,"order":-999,"hide":true},{"angle":180,"y":220,"id":"star26","type":"deco","time":367.5,"order":-999,"drawLayer":"bg","sprite":"star@fps","sx":0.37700000405312,"sy":0.37700000405312,"x":120},{"angle":180,"type":"deco","id":"star26","time":369.75,"order":-999,"hide":true},{"angle":0,"y":200,"id":"star21","type":"deco","time":363,"order":-999,"drawLayer":"bg","sprite":"star@fps","sx":0.64999997615814,"sy":0.64999997615814,"x":100},{"angle":360,"type":"deco","id":"star21","time":365.25,"order":-999,"hide":true},{"x":410,"y":120,"id":"star22","angle":22.5,"time":365,"order":-999,"drawLayer":"bg","sprite":"star@fps","sx":0.67500001192093,"sy":0.67500001192093,"type":"deco"},{"angle":30,"type":"deco","id":"star22","time":367.25,"order":-999,"hide":true},{"angle":270,"y":185,"id":"star20","type":"deco","time":344.66668701172,"order":-999,"drawLayer":"bg","sprite":"star@fps","sx":0.69999998807907,"sy":0.69999998807907,"x":270},{"angle":270,"type":"deco","id":"star20","time":347.08334350586,"order":-999,"hide":true},{"angle":292.5,"y":60,"id":"star24","type":"deco","time":360,"order":-999,"drawLayer":"bg","sprite":"star@fps","sx":0.55000001192093,"sy":0.55000001192093,"x":40},{"angle":292.5,"type":"deco","id":"star24","time":362.25,"order":-999,"hide":true},{"angle":225,"y":150,"id":"star27","type":"deco","time":368,"order":-999,"drawLayer":"bg","sprite":"star@fps","sx":0.75,"sy":0.75,"x":270},{"angle":225,"type":"deco","id":"star27","time":370,"order":-999,"hide":true}]}