[{"time":23.0625,"angle":337.5,"type":"block"},{"time":23.6875,"angle":348.75,"type":"block"},{"time":23.9375,"angle":348.75,"type":"block"},{"time":24.8125,"angle":0,"type":"block"},{"time":25.125,"angle":360,"type":"block"},{"time":25.375,"angle":11.25,"type":"block"},{"time":26,"angle":303.75,"type":"block"},{"time":26.5625,"angle":326.25,"type":"block"},{"time":27.125,"angle":11.25,"type":"block"},{"time":28.25,"angle":33.75,"type":"block"},{"time":28.5625,"angle":22.5,"type":"block"},{"time":28.875,"angle":33.75,"type":"block"},{"time":29.4375,"angle":337.5,"type":"block"},{"time":29.6875,"angle":360,"type":"block"},{"time":30,"angle":360,"type":"block"},{"time":30.5625,"angle":303.75,"type":"block"},{"time":30.875,"angle":281.25,"type":"block"},{"time":31.125,"angle":292.5,"type":"block"},{"time":32.875,"angle":303.75,"type":"block"},{"time":33.1875,"angle":326.25,"type":"block"},{"time":33.4375,"angle":348.75,"type":"block"},{"time":34,"angle":303.75,"type":"block"},{"time":35.1875,"angle":0,"type":"block"},{"time":35.5,"angle":22.5,"type":"block"},{"time":35.75,"angle":360,"type":"block"},{"time":36.375,"angle":326.25,"type":"block"},{"time":36.9375,"angle":348.75,"type":"block"},{"time":37.5,"angle":22.5,"type":"block"},{"time":38.0625,"angle":90,"type":"block"},{"time":38.375,"angle":90,"type":"block"},{"time":38.625,"angle":101.25,"type":"block"},{"time":39.8125,"angle":101.25,"type":"block"},{"time":40.0625,"angle":123.75,"type":"block"},{"time":40.375,"angle":191.25,"type":"block"},{"time":40.6875,"angle":146.25,"type":"block"},{"time":40.9375,"angle":168.75,"type":"block"},{"time":41.25,"angle":180,"type":"block"},{"time":41.5625,"angle":202.5,"type":"block"},{"time":42.125,"angle":191.25,"type":"block"},{"time":42.4375,"angle":168.75,"type":"block"},{"time":42.6875,"angle":202.5,"type":"block"},{"time":43.3125,"angle":180,"type":"block"},{"time":43.875,"angle":157.5,"type":"block"},{"time":44.1875,"angle":123.75,"type":"block"},{"time":44.4375,"angle":146.25,"type":"block"},{"time":44.75,"angle":123.75,"type":"block"},{"time":45,"angle":101.25,"type":"block"},{"time":45.3125,"angle":67.5,"type":"block"},{"time":45.625,"angle":101.25,"type":"block"},{"time":45.875,"angle":67.5,"type":"block"},{"time":46.1875,"angle":101.25,"type":"block"},{"time":46.75,"angle":90,"type":"block"},{"time":47.0625,"angle":67.5,"type":"block"},{"time":47.3125,"angle":45,"type":"block"},{"time":47.9375,"angle":78.75,"type":"block"},{"time":48.5,"angle":78.75,"type":"block"},{"time":48.75,"angle":56.25,"type":"block"},{"time":49.0625,"angle":78.75,"type":"block"},{"time":49.3125,"angle":56.25,"type":"block"},{"time":49.625,"angle":45,"type":"block"},{"time":49.9375,"angle":22.5,"type":"block"},{"time":50.1875,"angle":45,"type":"block"},{"time":50.5,"angle":22.5,"type":"block"},{"time":50.8125,"angle":45,"type":"block"},{"time":51.375,"angle":22.5,"type":"block"},{"time":51.625,"angle":0,"type":"block"},{"time":51.9375,"angle":337.5,"type":"block"},{"time":52.5,"angle":360,"type":"block"},{"time":53.0625,"angle":22.5,"type":"block"},{"time":53.375,"angle":56.25,"type":"block"},{"time":53.6875,"angle":22.5,"type":"block"},{"time":53.9375,"angle":56.25,"type":"block"},{"time":54.25,"angle":22.5,"type":"block"},{"time":54.5625,"angle":348.75,"type":"block"},{"time":54.8125,"angle":22.5,"type":"block"},{"time":55.125,"angle":-11.25,"type":"block"},{"time":55.375,"angle":22.5,"type":"block"},{"time":56,"angle":360,"type":"block"},{"time":56.5625,"angle":315,"type":"block"},{"time":56.25,"angle":337.5,"type":"block"},{"time":57.1875,"angle":337.5,"type":"block"},{"time":57.75,"angle":337.5,"type":"block"},{"time":58,"angle":303.75,"type":"block"},{"time":58.3125,"angle":337.5,"type":"block"},{"time":58.5625,"angle":303.75,"type":"block"},{"time":58.875,"angle":281.25,"type":"block"},{"time":59.1875,"angle":247.5,"type":"block"},{"time":59.4375,"angle":281.25,"type":"block"},{"time":59.75,"angle":247.5,"type":"block"},{"time":60,"angle":281.25,"type":"block"},{"time":60.625,"angle":303.75,"type":"block"},{"time":61.1875,"angle":337.5,"type":"block"},{"time":61.4375,"angle":315,"type":"block"},{"time":61.75,"angle":292.5,"type":"block"},{"time":62.3125,"angle":247.5,"type":"block"},{"time":63,"angle":191.25,"type":"block"},{"time":63.1875,"angle":225,"type":"block"},{"time":63.5,"angle":191.25,"type":"block"},{"time":63.75,"angle":180,"type":"block"},{"time":64.0625,"angle":157.5,"type":"block"},{"time":64.375,"angle":180,"type":"block"},{"time":64.625,"angle":157.5,"type":"block"},{"time":65.1875,"angle":168.75,"type":"block"},{"time":65.5,"angle":191.25,"type":"block"},{"time":65.8125,"angle":180,"type":"block"},{"time":66.375,"angle":135,"type":"block"},{"time":67.5,"angle":78.75,"type":"block"},{"time":67.8125,"angle":78.75,"type":"block"},{"time":68.125,"angle":78.75,"type":"block"},{"time":68.6875,"angle":67.5,"type":"block"},{"time":69.25,"angle":90,"type":"block"},{"time":69.8125,"angle":67.5,"type":"block"},{"time":70.375,"angle":45,"type":"block"},{"time":70.6875,"angle":33.75,"type":"block"},{"time":71,"angle":22.5,"type":"block"},{"time":71.5625,"angle":348.75,"type":"block"},{"time":71.875,"angle":0,"type":"block"},{"time":72.125,"angle":348.75,"type":"block"},{"time":72.4375,"angle":337.5,"type":"block"},{"time":72.75,"angle":360,"type":"block"},{"time":73.3125,"angle":33.75,"type":"block"},{"time":73.875,"angle":11.25,"type":"block"},{"time":74.4375,"angle":360,"type":"block"},{"time":74.75,"angle":348.75,"type":"block"},{"time":75,"angle":22.5,"type":"block"},{"time":75.625,"angle":11.25,"type":"block"},{"time":76.1875,"angle":348.75,"type":"block"},{"time":76.5,"angle":337.5,"type":"block"},{"time":76.75,"angle":315,"type":"block"},{"time":77,"angle":337.5,"type":"block"},{"time":77.3125,"angle":360,"type":"block"},{"time":77.9375,"angle":22.5,"type":"block"},{"time":78.5,"angle":337.5,"type":"block"},{"time":79.0625,"angle":11.25,"type":"block"},{"time":79.625,"angle":337.5,"type":"block"},{"time":80.1875,"angle":11.25,"type":"block"},{"time":80.75,"angle":337.5,"type":"block"},{"time":81.3125,"angle":11.25,"type":"block"},{"time":81.875,"angle":337.5,"type":"block"},{"time":82.4375,"angle":11.25,"type":"block"},{"time":83,"angle":337.5,"type":"block"},{"time":83.3125,"angle":360,"type":"block"},{"time":83.5625,"angle":22.5,"type":"block"},{"time":84.125,"angle":22.5,"type":"block"},{"time":84.375,"angle":0,"type":"block"},{"time":84.6875,"angle":337.5,"type":"block"},{"time":85.25,"angle":337.5,"type":"block"},{"time":85.5,"angle":0,"type":"block"},{"time":85.75,"angle":22.5,"type":"block"},{"time":86.3125,"angle":22.5,"type":"block"},{"time":86.5625,"angle":360,"type":"block"},{"time":86.875,"angle":337.5,"type":"block"},{"time":87.125,"angle":0,"type":"block"},{"time":87.375,"angle":22.5,"type":"block"},{"time":87.625,"angle":360,"type":"block"},{"time":87.9375,"angle":337.5,"type":"block"},{"time":60.875,"angle":326.25,"type":"block"},{"time":88.5,"angle":337.5,"type":"block"},{"time":88.75,"angle":360,"type":"block"},{"time":89,"angle":22.5,"type":"block"},{"time":89.5,"angle":22.5,"type":"block"},{"time":89.8125,"angle":360,"type":"block"},{"time":90.0625,"angle":337.5,"type":"block"},{"time":90.5625,"angle":337.5,"type":"block"},{"time":90.8125,"angle":0,"type":"block"},{"time":91.0625,"angle":22.5,"type":"block"},{"time":91.5625,"angle":0,"type":"block"},{"time":91.8125,"angle":0,"type":"block"},{"time":92.1875,"angle":337.5,"type":"block"},{"time":92.625,"angle":360,"type":"block"},{"time":92.875,"angle":360,"type":"block"},{"time":93.1875,"angle":22.5,"type":"block"},{"time":93.625,"angle":0,"type":"block"},{"time":93.875,"angle":0,"type":"block"},{"time":94.1875,"angle":337.5,"type":"block"},{"time":94.625,"angle":0,"type":"block"},{"time":94.875,"angle":22.5,"type":"block"},{"time":95.1875,"angle":0,"type":"block"},{"time":95.4375,"angle":337.5,"type":"block"},{"time":95.75,"angle":315,"type":"block"},{"time":96,"angle":315,"type":"block"},{"time":96.3125,"angle":292.5,"type":"block"},{"time":96.75,"angle":315,"type":"block"},{"time":97.25,"angle":348.75,"type":"block"},{"time":97.75,"angle":-33.75,"type":"block"},{"time":98.1875,"angle":360,"type":"block"},{"time":98.4375,"angle":360,"type":"block"},{"time":98.75,"angle":22.5,"type":"block"},{"time":99.25,"angle":348.75,"type":"block"},{"time":99.5,"angle":337.5,"type":"block"},{"time":99.75,"angle":315,"type":"block"},{"time":100.1875,"angle":348.75,"type":"block"},{"time":100.4375,"angle":348.75,"type":"block"},{"time":100.75,"angle":22.5,"type":"block"},{"time":101.25,"angle":360,"type":"block"},{"time":101.6875,"angle":337.5,"type":"block"},{"time":102.1875,"angle":315,"type":"block"},{"time":102.4375,"angle":303.75,"type":"block"},{"time":102.75,"angle":326.25,"type":"block"},{"time":103.1875,"angle":326.25,"type":"block"},{"time":103.625,"angle":292.5,"type":"block"},{"time":104.125,"angle":270,"type":"block"},{"time":104.625,"angle":292.5,"type":"block"},{"time":104.875,"angle":292.5,"type":"block"},{"time":105.125,"angle":270,"type":"block"},{"time":105.625,"angle":258.75,"type":"block"},{"time":106.1875,"angle":281.25,"type":"block"},{"time":106.6875,"angle":258.75,"type":"block"},{"time":106.9375,"angle":258.75,"type":"block"},{"time":107.1875,"angle":236.25,"type":"block"},{"time":107.4375,"angle":236.25,"type":"block"},{"time":107.75,"angle":258.75,"type":"block"},{"time":108.1875,"angle":281.25,"type":"block"},{"time":108.6875,"angle":258.75,"type":"block"},{"time":109.25,"angle":225,"type":"block"},{"time":109.6875,"angle":191.25,"type":"block"},{"time":110.1875,"angle":213.75,"type":"block"},{"time":110.625,"angle":180,"type":"block"},{"time":110.875,"angle":180,"type":"block"},{"time":111.125,"angle":180,"type":"block"},{"time":111.375,"angle":180,"type":"block"},{"time":111.625,"angle":157.5,"type":"block"},{"time":112.125,"angle":180,"type":"block"},{"time":112.625,"angle":168.75,"type":"block"},{"time":113.125,"angle":202.5,"type":"block"},{"time":114.125,"angle":202.5,"type":"block"},{"time":114.625,"angle":180,"type":"block"},{"time":115.1875,"angle":191.25,"type":"block"},{"time":116.1875,"angle":191.25,"type":"block"},{"time":116.6875,"angle":180,"type":"block"},{"time":117.1875,"angle":168.75,"type":"block"},{"time":117.6875,"angle":180,"type":"block"},{"time":118.1875,"angle":146.25,"type":"block"},{"time":118.625,"angle":123.75,"type":"block"},{"time":118.875,"angle":123.75,"type":"block"},{"time":119.1875,"angle":168.75,"type":"block"},{"time":120.25,"angle":135,"type":"block"},{"time":120.6875,"angle":157.5,"type":"block"},{"time":120.9375,"angle":157.5,"type":"block"},{"time":121.25,"angle":135,"type":"block"},{"time":121.75,"angle":146.25,"type":"block"},{"time":122.0625,"angle":123.75,"type":"block"},{"time":122.375,"angle":146.25,"type":"block"},{"time":122.75,"angle":135,"type":"block"},{"time":123.25,"angle":157.5,"type":"block"},{"time":123.75,"angle":135,"type":"block"},{"time":124.25,"angle":123.75,"type":"block"},{"time":124.5,"angle":123.75,"type":"block"},{"time":125.1875,"angle":123.75,"type":"block"},{"time":125.4375,"angle":112.5,"type":"block"},{"time":125.75,"angle":123.75,"type":"block"},{"time":126.1875,"angle":101.25,"type":"block"},{"time":126.6875,"angle":90,"type":"block"},{"time":126.9375,"angle":90,"type":"block"},{"time":127.1875,"angle":90,"type":"block"},{"time":127.4375,"angle":90,"type":"block"},{"time":127.75,"angle":67.5,"type":"block"},{"time":128.125,"angle":112.5,"type":"block"},{"time":129.1875,"angle":112.5,"type":"block"},{"time":129.4375,"angle":112.5,"type":"block"},{"time":129.75,"angle":67.5,"type":"block"},{"time":130.1875,"angle":112.5,"type":"block"},{"time":131.25,"angle":112.5,"type":"block"},{"time":131.5,"angle":112.5,"type":"block"},{"time":131.875,"angle":67.5,"type":"block"},{"time":132.3125,"angle":123.75,"type":"block"},{"time":133.375,"angle":123.75,"type":"block"},{"time":133.6875,"angle":123.75,"type":"block"},{"time":133.6875,"angle":123.75,"type":"block"},{"time":133.9375,"angle":67.5,"type":"block"},{"time":134.4375,"angle":123.75,"type":"block"},{"time":135.5625,"angle":123.75,"type":"block"},{"time":135.875,"angle":123.75,"type":"block"},{"time":136.1875,"angle":67.5,"type":"block"},{"time":136.6875,"angle":123.75,"type":"block"},{"time":137.75,"angle":123.75,"type":"block"},{"time":138.0625,"angle":123.75,"type":"block"},{"time":138.375,"angle":67.5,"type":"block"},{"time":138.9375,"angle":123.75,"type":"block"},{"time":140.125,"angle":123.75,"type":"block"},{"time":140.375,"angle":123.75,"type":"block"},{"time":140.75,"angle":67.5,"type":"block"},{"time":141.3125,"angle":123.75,"type":"block"},{"time":142.5,"angle":123.75,"type":"block"},{"time":142.8125,"angle":123.75,"type":"block"},{"time":143.125,"angle":67.5,"type":"block"},{"time":143.6875,"angle":123.75,"type":"block"},{"time":144.9375,"angle":123.75,"type":"block"},{"time":145.25,"angle":123.75,"type":"block"},{"speedMult":2,"angle":112.5,"time":154.25,"type":"extraTap"},{"speedMult":2,"angle":112.5,"time":154.9375,"type":"extraTap"},{"speedMult":2,"angle":0,"time":174.1875,"type":"extraTap"},{"speedMult":2,"angle":360,"time":174.875,"type":"extraTap"},{"time":155.5,"angle":123.75,"type":"block"},{"time":156.1875,"angle":90,"type":"block"},{"time":157.375,"angle":67.5,"type":"block"},{"time":158.5625,"angle":33.75,"type":"block"},{"time":158.875,"angle":33.75,"type":"block"},{"time":159.25,"angle":11.25,"type":"block"},{"time":160,"angle":33.75,"type":"block"},{"time":161.125,"angle":348.75,"type":"block"},{"time":161.75,"angle":326.25,"type":"block"},{"time":162.375,"angle":360,"type":"block"},{"time":162.6875,"angle":360,"type":"block"},{"time":163.125,"angle":22.5,"type":"block"},{"time":163.6875,"angle":360,"type":"block"},{"time":164.3125,"angle":45,"type":"block"},{"time":165,"angle":22.5,"type":"block"},{"time":165.25,"angle":22.5,"type":"block"},{"time":166.1875,"angle":22.5,"type":"block"},{"time":166.8125,"angle":360,"type":"block"},{"time":167.125,"angle":360,"type":"block"},{"time":167.4375,"angle":33.75,"type":"block"},{"time":168.625,"angle":67.5,"type":"block"},{"time":168.9375,"angle":67.5,"type":"block"},{"time":169.3125,"angle":90,"type":"block"},{"time":169.9375,"angle":123.75,"type":"block"},{"time":171.125,"angle":135,"type":"block"},{"time":171.75,"angle":101.25,"type":"block"},{"time":172.0625,"angle":101.25,"type":"block"},{"time":172.4375,"angle":78.75,"type":"block"},{"time":173.6875,"angle":78.75,"type":"block"},{"time":175.5625,"angle":67.5,"type":"block"},{"time":176.125,"angle":90,"type":"block"},{"time":177.375,"angle":112.5,"type":"block"},{"time":177.6875,"angle":112.5,"type":"block"},{"time":178.6875,"angle":112.5,"type":"block"},{"time":179.3125,"angle":135,"type":"block"},{"time":179.875,"angle":168.75,"type":"block"},{"time":181.1875,"angle":191.25,"type":"block"},{"time":181.8125,"angle":225,"type":"block"},{"time":182.4375,"angle":191.25,"type":"block"},{"time":183.0625,"angle":180,"type":"block"},{"time":183.6875,"angle":225,"type":"block"},{"time":184,"angle":225,"type":"block"},{"time":184.3125,"angle":191.25,"type":"block"},{"time":184.875,"angle":168.75,"type":"block"},{"time":186.1875,"angle":202.5,"type":"block"},{"time":186.75,"angle":236.25,"type":"block"},{"time":187.0625,"angle":236.25,"type":"block"},{"time":187.4375,"angle":213.75,"type":"block"},{"time":188.0625,"angle":236.25,"type":"block"},{"time":188.6875,"angle":258.75,"type":"block"},{"time":189.3125,"angle":202.5,"type":"block"},{"time":189.875,"angle":157.5,"type":"block"},{"time":190.1875,"angle":157.5,"type":"block"},{"time":190.5625,"angle":123.75,"type":"block"},{"time":191.1875,"angle":146.25,"type":"block"},{"time":192.375,"angle":146.25,"type":"block"},{"time":192.6875,"angle":146.25,"type":"block"},{"time":193,"angle":112.5,"type":"block"},{"time":193.75,"angle":168.75,"type":"block"},{"time":194.375,"angle":123.75,"type":"block"},{"time":194.9375,"angle":67.5,"type":"block"},{"time":195.5,"angle":101.25,"type":"block"},{"time":196.1875,"angle":101.25,"type":"block"},{"time":196.5,"angle":101.25,"type":"block"},{"time":196.875,"angle":135,"type":"block"},{"time":197.4375,"angle":112.5,"type":"block"},{"time":198.0625,"angle":78.75,"type":"block"},{"time":198.375,"angle":78.75,"type":"block"},{"time":198.6875,"angle":78.75,"type":"block"},{"time":199.3125,"angle":112.5,"type":"block"},{"time":199.9375,"angle":78.75,"type":"block"},{"time":201.1875,"angle":112.5,"type":"block"},{"time":201.8125,"angle":78.75,"type":"block"},{"time":202.4375,"angle":101.25,"type":"block"},{"time":202.75,"angle":101.25,"type":"block"},{"time":203.125,"angle":67.5,"type":"block"},{"time":203.6875,"angle":90,"type":"block"},{"time":204.3125,"angle":45,"type":"block"},{"time":204.8125,"angle":78.75,"type":"block"},{"time":205.5625,"angle":45,"type":"block"},{"time":206.8125,"angle":78.75,"type":"block"},{"time":207.125,"angle":78.75,"type":"block"},{"time":207.5625,"angle":56.25,"type":"block"},{"time":208.75,"angle":78.75,"type":"block"},{"time":209.3125,"angle":101.25,"type":"block"},{"time":209.875,"angle":101.25,"type":"block"},{"time":210.5625,"angle":90,"type":"block"},{"time":210.875,"angle":90,"type":"block"},{"time":211.25,"angle":123.75,"type":"block"},{"time":211.8125,"angle":146.25,"type":"block"},{"time":212.4375,"angle":112.5,"type":"block"},{"time":213.625,"angle":56.25,"type":"block"},{"time":215.5625,"angle":33.75,"type":"block"},{"time":216.3125,"angle":11.25,"type":"block"},{"time":216.0625,"angle":11.25,"type":"block"},{"time":216.625,"angle":33.75,"type":"block"},{"time":217.125,"angle":0,"type":"block"},{"time":217.375,"angle":0,"type":"block"},{"time":217.6875,"angle":30,"type":"block"},{"time":217.9375,"angle":360,"type":"block"},{"time":218.25,"angle":330,"type":"block"},{"time":218.6875,"angle":30,"type":"block"},{"time":219,"angle":360,"type":"block"},{"time":219.3125,"angle":330,"type":"block"},{"time":219.5,"angle":360,"type":"block"},{"time":218.4375,"angle":360,"type":"block"},{"time":219.8125,"angle":330,"type":"block"},{"time":220.3125,"angle":345,"type":"block"},{"time":220.5625,"angle":345,"type":"block"},{"time":220.875,"angle":330,"type":"block"},{"time":221.625,"angle":345,"type":"block"},{"time":221.375,"angle":345,"type":"block"},{"time":221.9375,"angle":0,"type":"block"},{"time":222.25,"angle":330,"type":"block"},{"time":222.5,"angle":0,"type":"block"},{"time":222.75,"angle":330,"type":"block"},{"time":223.0625,"angle":300,"type":"block"},{"time":223.3125,"angle":330,"type":"block"},{"time":223.5625,"angle":270,"type":"block"},{"time":224.0625,"angle":255,"type":"block"},{"time":224.5625,"angle":285,"type":"block"},{"time":224.8125,"angle":285,"type":"block"},{"time":225.1875,"angle":255,"type":"block"},{"time":225.625,"angle":285,"type":"block"},{"time":225.875,"angle":285,"type":"block"},{"time":226.25,"angle":240,"type":"block"},{"time":226.75,"angle":210,"type":"block"},{"time":227.3125,"angle":195,"type":"block"},{"time":227.5625,"angle":165,"type":"block"},{"time":227.8125,"angle":195,"type":"block"},{"time":228.125,"angle":165,"type":"block"},{"time":228.375,"angle":180,"type":"block"},{"time":229.4375,"angle":180,"type":"block"},{"time":230.5,"angle":180,"type":"block"},{"time":232.625,"angle":180,"type":"block"},{"time":233.0625,"angle":165,"type":"block"},{"time":233.3125,"angle":195,"type":"block"},{"time":233.5625,"angle":165,"type":"block"},{"time":234.0625,"angle":135,"type":"block"},{"time":234.5,"angle":165,"type":"block"},{"time":234.9375,"angle":120,"type":"block"},{"time":235.4375,"angle":135,"type":"block"},{"time":235.6875,"angle":105,"type":"block"},{"time":235.9375,"angle":135,"type":"block"},{"time":236.125,"angle":105,"type":"block"},{"time":236.4375,"angle":90,"type":"block"},{"time":235.25,"angle":120,"type":"block"},{"time":236.875,"angle":60,"type":"block"},{"time":237.3125,"angle":30,"type":"block"},{"time":237.5625,"angle":60,"type":"block"},{"time":237.8125,"angle":30,"type":"block"},{"time":238.0625,"angle":60,"type":"block"},{"time":238.3125,"angle":15,"type":"block"},{"time":238.5625,"angle":345,"type":"block"},{"time":238.8125,"angle":15,"type":"block"},{"time":239,"angle":15,"type":"block"},{"time":239.5,"angle":315,"type":"block"},{"time":239.75,"angle":15,"type":"block"},{"time":239.25,"angle":30,"type":"block"},{"time":239.9375,"angle":315,"type":"block"},{"time":240.125,"angle":0,"type":"block"},{"time":240.5625,"angle":15,"type":"block"},{"time":240.8125,"angle":15,"type":"block"},{"time":241.0625,"angle":330,"type":"block"},{"time":241.5,"angle":300,"type":"block"},{"time":241.75,"angle":300,"type":"block"},{"time":242,"angle":330,"type":"block"},{"time":242.5,"angle":30,"type":"block"},{"time":242.75,"angle":30,"type":"block"},{"time":243,"angle":345,"type":"block"},{"time":243.4375,"angle":315,"type":"block"},{"time":243.6875,"angle":315,"type":"block"},{"time":243.9375,"angle":360,"type":"block"},{"time":244.375,"angle":30,"type":"block"},{"time":244.625,"angle":30,"type":"block"},{"time":244.875,"angle":360,"type":"block"},{"time":245.3125,"angle":360,"type":"block"},{"time":245.5625,"angle":0,"type":"block"},{"time":227,"angle":180,"type":"block"},{"speedMult":2,"angle":180,"time":231.5625,"type":"extraTap"},{"speedMult":2,"angle":180,"time":232.1875,"type":"extraTap"}]