[{"angle":360,"time":8,"type":"block"},{"angle":33.75,"time":9.5,"type":"block"},{"angle":0,"time":12,"type":"block"},{"angle":326.25,"time":13.5,"type":"block"},{"angle":0,"time":16,"type":"block"},{"angle":33.75,"time":16.5,"type":"block"},{"angle":67.5,"type":"hold","time":17,"angle2":0,"duration":0.5},{"angle":0,"type":"hold","time":18,"angle2":-90,"duration":1},{"angle":270,"type":"hold","time":21.5,"angle2":303.75,"duration":0.5},{"angle":-56.25,"type":"hold","time":23,"angle2":0,"duration":0.5},{"angle":0,"type":"hold","time":23.5,"angle2":-90,"duration":2},{"angle":360,"time":24,"type":"block"},{"angle":236.25,"time":25.5,"type":"block"},{"angle":213.75,"time":28,"type":"block"},{"angle":180,"time":29.5,"type":"block"},{"angle":180,"time":32.5,"type":"block"},{"angle":180,"type":"hold","time":33,"angle2":146.25,"duration":0.5},{"angle":112.5,"type":"hold","time":34,"angle2":0,"duration":1},{"angle":495,"type":"hold","time":37.5,"angle2":450,"duration":0.5},{"angle":90,"type":"hold","time":39,"angle2":56.25,"duration":0.5},{"angle":416.25,"type":"hold","time":39.5,"angle2":540,"duration":2},{"angle":123.75,"time":40,"type":"block"},{"angle":213.75,"time":41.5,"type":"block"},{"angle":146.25,"time":40.5,"type":"block"},{"angle":180,"time":41,"type":"block"},{"angle":-112.5,"time":44,"type":"block"},{"angle":281.25,"time":45,"type":"block"},{"angle":-112.5,"time":45.5,"type":"block"},{"angle":33.75,"time":36,"type":"block"},{"angle":67.5,"time":36.5,"type":"block"},{"angle":101.25,"time":37,"type":"block"},{"angle":180,"time":48.5,"type":"block"},{"angle":146.25,"type":"hold","time":49,"angle2":180,"duration":0.5},{"angle":-146.25,"type":"hold","time":50,"angle2":-90,"duration":1},{"angle":303.75,"time":52,"type":"block"},{"angle":337.5,"time":52.5,"type":"block"},{"angle":11.25,"time":53,"type":"block"},{"angle":45,"type":"hold","time":53.5,"angle2":-22.5,"duration":0.5},{"angle":337.5,"type":"hold","time":55,"angle2":360,"duration":0.5},{"angle":0,"type":"hold","time":55.5,"angle2":-90,"duration":2},{"angle":303.75,"time":56,"type":"block"},{"angle":315,"time":56.5,"type":"block"},{"angle":258.75,"time":57,"type":"block"},{"angle":270,"time":60,"type":"block"},{"angle":303.75,"time":61.5,"type":"block"},{"angle":0,"time":64.5,"type":"block"},{"angle":360,"type":"hold","time":65,"angle2":382.5,"duration":0.5},{"angle":22.5,"type":"hold","time":66,"angle2":-56.25,"duration":1},{"angle":303.75,"time":68.5,"type":"block"},{"angle":303.75,"type":"hold","time":69,"angle2":326.25,"duration":0.5},{"angle":326.25,"type":"hold","time":70,"angle2":247.5,"duration":1},{"angle":247.5,"time":72.5,"type":"block"},{"angle":247.5,"type":"hold","time":73,"angle2":270,"duration":0.5},{"angle":270,"type":"hold","time":74,"angle2":191.25,"duration":1},{"angle":191.25,"time":76.5,"type":"block"},{"angle":191.25,"type":"hold","time":77,"angle2":213.75,"duration":0.5},{"angle":213.75,"duration":1,"time":78,"angle2":135,"type":"hold"},{"angle":135,"time":80,"type":"block"},{"angle":135,"time":80.5,"type":"block"},{"angle":101.25,"time":81.5,"type":"block"},{"angle":67.5,"time":82,"type":"block"},{"angle":101.25,"time":82.5,"type":"block"},{"angle":67.5,"time":82.75,"type":"block"},{"angle":33.75,"time":84,"type":"block"},{"angle":33.75,"time":84.5,"type":"block"},{"angle":0,"time":85.5,"type":"block"},{"angle":326.25,"time":86,"type":"block"},{"angle":303.75,"time":86.5,"type":"block"},{"angle":281.25,"time":86.75,"type":"block"},{"angle":247.5,"time":88,"type":"block"},{"angle":247.5,"time":88.5,"type":"block"},{"angle":213.75,"time":89.5,"type":"block"},{"angle":180,"time":90,"type":"block"},{"angle":157.5,"time":90.5,"type":"block"},{"angle":135,"time":90.75,"type":"block"},{"angle":101.25,"time":92,"type":"block"},{"angle":101.25,"time":93.5,"type":"block"},{"angle":78.75,"time":94,"type":"block"},{"angle":56.25,"time":94.5,"type":"block"},{"angle":22.5,"time":95,"type":"block"},{"angle":11.25,"time":95.25,"type":"block"},{"angle":0,"time":95.5,"type":"block"},{"angle":315,"time":44.5,"type":"side"},{"angle":191.25,"time":80.25,"type":"side"},{"angle":337.5,"time":84.25,"type":"side"},{"angle":303.75,"time":88.25,"type":"side"},{"angle":45,"time":92.25,"type":"side"},{"angle":101.25,"time":92.5,"type":"block"},{"angle":213.75,"time":60.5,"type":"side"},{"angle":270,"time":61,"type":"block"},{"angle":0,"time":96,"type":"block"},{"angle":292.5,"time":97.5,"type":"block"},{"angle":258.75,"time":98,"type":"block"},{"angle":225,"time":98.5,"type":"block"},{"angle":348.75,"type":"hold","time":96.25,"angle2":326.25,"duration":0.5},{"angle":258.75,"time":98.75,"type":"block"},{"angle":270,"time":100,"type":"block"},{"angle":292.5,"time":100.25,"type":"block"},{"angle":315,"time":100.5,"type":"block"},{"angle":326.25,"type":"hold","time":101.5,"angle2":326.25,"duration":0.5},{"angle":337.5,"time":102.5,"type":"block"},{"angle":348.75,"type":"hold","time":102.75,"angle2":483.75,"duration":1.25},{"angle":123.75,"type":"hold","time":104.25,"angle2":90,"duration":0.5},{"angle":56.25,"time":105.5,"type":"block"},{"angle":22.5,"time":106,"type":"block"},{"angle":22.5,"type":"hold","time":106.5,"angle2":-11.25,"duration":0.5},{"angle":348.75,"time":108,"type":"block"},{"angle":11.25,"time":108.25,"type":"block"},{"angle":33.75,"time":108.5,"type":"block"},{"angle":56.25,"type":"hold","time":109.5,"angle2":22.5,"duration":0.5},{"angle":22.5,"type":"hold","time":110.5,"angle2":0,"duration":0.5},{"angle":0,"time":111.5,"type":"block"},{"angle":303.75,"time":111.25,"type":"side"},{"angle":0,"time":112,"type":"block"},{"angle":337.5,"time":112.25,"type":"block"},{"angle":303.75,"time":112.75,"type":"block"},{"angle":281.25,"type":"hold","time":113.5,"angle2":315,"duration":0.5},{"angle":315,"duration":0.25,"time":114.5,"angle2":281.25,"type":"hold"},{"angle":281.25,"time":116,"type":"block"},{"angle":281.25,"type":"hold","time":116.25,"angle2":247.5,"duration":0.5},{"angle":213.75,"time":117.5,"type":"block"},{"angle":180,"time":118,"type":"block"},{"angle":180,"type":"hold","time":118.5,"angle2":213.75,"duration":0.5},{"angle":213.75,"type":"hold","time":119,"angle2":112.5,"duration":1},{"angle":101.25,"time":120.25,"type":"block"},{"angle":67.5,"time":120.75,"type":"block"},{"angle":101.25,"time":121.5,"type":"block"},{"angle":135,"time":122,"type":"block"},{"angle":168.75,"type":"hold","time":122.5,"angle2":202.5,"duration":0.5},{"angle":236.25,"time":124,"type":"block"},{"angle":258.75,"time":124.25,"type":"block"},{"angle":281.25,"time":124.5,"type":"block"},{"angle":315,"time":125.5,"type":"block"},{"angle":315,"time":126.5,"type":"block"},{"angle":258.75,"time":126,"type":"side"},{"angle":258.75,"time":127.25,"type":"side"},{"angle":315,"time":127,"type":"block"},{"angle":292.5,"time":127.5,"type":"block"},{"angle":292.5,"time":128,"type":"block"},{"angle":270,"type":"hold","time":128.25,"angle2":236.25,"duration":0.5},{"angle":236.25,"type":"hold","time":129.5,"angle2":270,"duration":0.5},{"angle":303.75,"time":130.5,"type":"block"},{"angle":337.5,"time":131,"type":"block"},{"angle":11.25,"time":132,"type":"block"},{"angle":67.5,"time":132.25,"type":"side"},{"angle":33.75,"time":132.5,"type":"block"},{"angle":33.75,"type":"hold","time":133.5,"angle2":0,"duration":0.5},{"angle":0,"type":"hold","time":134.5,"angle2":-33.75,"duration":0.5},{"angle":326.25,"type":"hold","time":135,"angle2":393.75,"duration":1},{"angle":56.25,"time":136.25,"type":"block"},{"angle":90,"time":136.75,"type":"block"},{"angle":90,"type":"hold","time":137.5,"angle2":123.75,"duration":0.5},{"angle":135,"type":"hold","time":138.5,"angle2":168.75,"duration":0.25},{"angle":202.5,"time":140,"type":"block"},{"angle":225,"time":140.25,"type":"block"},{"angle":247.5,"time":140.5,"type":"block"},{"angle":281.25,"time":141.5,"type":"block"},{"angle":225,"time":142,"type":"side"},{"angle":225,"type":"hold","time":142.5,"angle2":225,"duration":0.5},{"angle":202.5,"time":143.25,"type":"block"},{"angle":180,"time":143.5,"type":"block"},{"angle":146.25,"time":144,"type":"block"},{"angle":146.25,"type":"hold","time":144.25,"angle2":180,"duration":0.5},{"angle":213.75,"time":145.5,"type":"block"},{"angle":247.5,"time":146,"type":"block"},{"angle":281.25,"type":"hold","time":146.5,"angle2":315,"duration":0.5},{"angle":348.75,"time":148,"type":"block"},{"angle":22.5,"type":"hold","time":148.25,"angle2":56.25,"duration":0.25},{"angle":0,"time":149.5,"type":"side"},{"angle":326.25,"time":150,"type":"block"},{"angle":292.5,"time":150.5,"type":"block"},{"angle":270,"type":"hold","time":151,"angle2":180,"duration":1},{"angle":180,"time":152.25,"type":"block"},{"angle":236.25,"type":"hold","time":153.5,"angle2":202.5,"duration":0.5},{"angle":236.25,"time":152.75,"type":"side"},{"angle":168.75,"time":154.5,"type":"block"},{"angle":135,"time":154.75,"type":"block"},{"angle":101.25,"time":156,"type":"block"},{"angle":78.75,"type":"hold","time":156.25,"angle2":45,"duration":0.25},{"angle":326.25,"time":158,"type":"block"},{"angle":258.75,"time":159,"type":"block"},{"angle":236.25,"time":159.25,"type":"block"},{"angle":213.75,"time":159.5,"type":"block"},{"angle":247.5,"time":158.5,"type":"side"},{"angle":180,"time":160,"type":"block"},{"angle":146.25,"time":160.5,"type":"block"},{"angle":0,"type":"hold","time":157.5,"angle2":-180,"duration":2.5},{"angle":112.5,"time":161,"type":"block"},{"angle":146.25,"time":162,"type":"block"},{"angle":180,"time":162.5,"type":"block"},{"angle":180,"time":164,"type":"block"},{"angle":213.75,"time":164.5,"type":"block"},{"angle":247.5,"time":165,"type":"block"},{"angle":247.5,"time":165.5,"type":"block"},{"angle":202.5,"time":166,"type":"block"},{"angle":180,"time":166.5,"type":"block"},{"angle":112.5,"time":161.5,"type":"block"},{"angle":90,"time":168,"type":"block"},{"angle":90,"time":168.5,"type":"block"},{"angle":22.5,"time":169,"type":"side"},{"angle":22.5,"time":169.5,"type":"block"},{"angle":90,"time":170.5,"type":"side"},{"angle":90,"time":172,"type":"block"},{"angle":90,"time":172.5,"type":"block"},{"angle":157.5,"time":173,"type":"side"},{"angle":157.5,"time":173.5,"type":"block"},{"angle":157.5,"time":174,"type":"block"},{"angle":90,"time":174.5,"type":"side"},{"angle":22.5,"time":170,"type":"block"},{"angle":90,"type":"hold","time":176,"angle2":67.5,"duration":0.5},{"angle":67.5,"type":"hold","time":177,"angle2":45,"duration":0.5},{"angle":11.25,"type":"hold","time":180,"angle2":-11.25,"duration":0.5},{"angle":315,"type":"hold","time":181,"angle2":292.5,"duration":0.5},{"angle":258.75,"type":"hold","time":184,"angle2":236.25,"duration":0.5},{"angle":236.25,"type":"hold","time":185,"angle2":213.75,"duration":0.5},{"angle":180,"type":"hold","time":188,"angle2":157.5,"duration":0.5},{"angle":157.5,"type":"hold","time":189,"angle2":135,"duration":0.5},{"angle":101.25,"type":"hold","time":192,"angle2":67.5,"duration":0.5},{"angle":33.75,"type":"hold","time":193,"angle2":0,"duration":0.5},{"angle":67.5,"time":192.5,"type":"block"},{"angle":33.75,"time":193,"type":"block"},{"angle":360,"time":193.5,"type":"block"},{"angle":315,"time":194,"type":"block"},{"angle":281.25,"time":195,"type":"block"},{"angle":247.5,"type":"hold","time":196,"angle2":213.75,"duration":0.5},{"angle":180,"type":"hold","time":197,"angle2":146.25,"duration":0.5},{"angle":146.25,"time":197.5,"type":"block"},{"angle":112.5,"time":198,"type":"block"},{"angle":78.75,"time":199,"type":"block"},{"angle":45,"time":199.5,"type":"block"},{"angle":11.25,"type":"hold","time":200,"angle2":-22.5,"duration":0.5},{"angle":303.75,"type":"hold","time":201,"angle2":270,"duration":0.5},{"angle":236.25,"type":"hold","time":204,"angle2":202.5,"duration":0.5},{"angle":168.75,"type":"hold","time":205,"angle2":135,"duration":0.5},{"angle":90,"time":208,"type":"side"},{"angle":67.5,"time":208,"type":"side"},{"angle":45,"time":208,"type":"side"},{"angle":0,"time":208.5,"type":"block"},{"angle":33.75,"type":"hold","time":209,"angle2":67.5,"duration":0.5},{"angle":101.25,"type":"hold","time":210,"angle2":0,"duration":1},{"angle":326.25,"time":212,"type":"block"},{"angle":292.5,"time":212.5,"type":"block"},{"angle":258.75,"time":213,"type":"block"},{"angle":225,"type":"hold","time":213.5,"angle2":258.75,"duration":0.5},{"angle":292.5,"type":"hold","time":215,"angle2":258.75,"duration":0.5},{"angle":258.75,"type":"hold","time":215.5,"angle2":360,"duration":2},{"angle":281.25,"time":216,"type":"block"},{"angle":315,"time":216.5,"type":"block"},{"angle":337.5,"time":217,"type":"block"},{"angle":0,"time":217.5,"type":"block"},{"angle":0,"time":220,"type":"block"},{"angle":292.5,"time":220.5,"type":"side"},{"angle":0,"time":221,"type":"block"},{"angle":67.5,"time":221.5,"type":"side"},{"angle":0,"time":224.5,"type":"block"},{"angle":0,"type":"hold","time":225,"angle2":-33.75,"duration":0.5},{"angle":292.5,"type":"hold","time":226,"angle2":225,"duration":1},{"angle":225,"time":228,"type":"block"},{"angle":258.75,"time":228.5,"type":"block"},{"angle":292.5,"time":229,"type":"block"},{"angle":326.25,"type":"hold","time":229.5,"angle2":360,"duration":0.5},{"angle":326.25,"time":229.5,"type":"block"},{"angle":0,"type":"hold","time":231,"angle2":33.75,"duration":0.5},{"angle":33.75,"type":"hold","time":231.5,"angle2":-90,"duration":2},{"angle":270,"time":233.5,"type":"block"},{"angle":303.75,"time":233,"type":"block"},{"angle":337.5,"time":232.5,"type":"block"},{"angle":0,"time":232,"type":"block"},{"angle":270,"time":236,"type":"block"},{"angle":213.75,"time":236.5,"type":"block"},{"angle":146.25,"time":237,"type":"block"},{"angle":90,"time":237.5,"type":"block"},{"angle":67.5,"type":"hold","time":223,"angle2":0,"duration":1},{"angle":90,"type":"hold","time":239,"angle2":0,"duration":1},{"angle":0,"type":"hold","time":241,"angle2":-33.75,"duration":0.5},{"angle":292.5,"type":"hold","time":242,"angle2":393.75,"duration":1},{"angle":303.75,"time":240.5,"type":"side"},{"angle":337.5,"time":244.5,"type":"side"},{"angle":33.75,"type":"hold","time":245,"angle2":0,"duration":0.5},{"angle":0,"type":"hold","time":246,"angle2":101.25,"duration":1},{"angle":405,"time":248.5,"type":"side"},{"angle":101.25,"type":"hold","time":249,"angle2":67.5,"duration":0.5},{"angle":67.5,"type":"hold","time":250,"angle2":168.75,"duration":1},{"angle":112.5,"time":252.5,"type":"side"},{"angle":-191.25,"type":"hold","time":253,"angle2":-225,"duration":0.5},{"angle":-225,"type":"hold","time":254,"angle2":-123.75,"duration":1},{"angle":236.25,"time":256,"type":"block"},{"angle":258.75,"time":256.25,"type":"block"},{"angle":281.25,"time":256.5,"type":"block"},{"angle":303.75,"type":"hold","time":257.5,"angle2":270,"duration":0.5},{"angle":270,"type":"hold","time":258.5,"angle2":303.75,"duration":0.25},{"angle":337.5,"time":260,"type":"block"},{"angle":360,"time":260.25,"type":"block"},{"angle":382.5,"time":260.5,"type":"block"},{"angle":405,"type":"hold","time":261.5,"angle2":371.25,"duration":0.5},{"angle":371.25,"type":"hold","time":262.5,"angle2":405,"duration":0.25},{"angle":438.75,"time":264,"type":"block"},{"angle":461.25,"time":264.25,"type":"block"},{"angle":483.75,"time":264.5,"type":"block"},{"angle":506.25,"type":"hold","time":265.5,"angle2":472.5,"duration":0.5},{"angle":472.5,"type":"hold","time":266.5,"angle2":506.25,"duration":0.25},{"angle":180,"time":268,"type":"block"},{"angle":202.5,"time":268.25,"type":"block"},{"angle":225,"time":268.5,"type":"block"},{"angle":225,"time":269.5,"type":"block"},{"angle":258.75,"time":270,"type":"block"},{"angle":292.5,"time":270.5,"type":"block"},{"angle":45,"time":271,"type":"block"},{"angle":22.5,"time":271.25,"type":"block"},{"angle":360,"time":271.5,"type":"block"},{"angle":270,"time":64,"type":"mine"},{"angle":180,"time":64,"type":"mine"},{"angle":90,"time":64,"type":"mine"},{"angle":135,"time":64,"type":"mine"},{"angle":225,"time":64,"type":"mine"},{"angle":123.75,"time":68,"type":"mine"},{"angle":78.75,"time":68,"type":"mine"},{"angle":33.75,"time":68,"type":"mine"},{"angle":168.75,"time":68,"type":"mine"},{"angle":213.75,"time":68,"type":"mine"},{"angle":67.5,"time":72,"type":"mine"},{"angle":22.5,"time":72,"type":"mine"},{"angle":337.5,"time":72,"type":"mine"},{"angle":112.5,"time":72,"type":"mine"},{"angle":157.5,"time":72,"type":"mine"},{"angle":56.25,"time":76,"type":"mine"},{"angle":11.25,"time":76,"type":"mine"},{"angle":101.25,"time":76,"type":"mine"},{"angle":326.25,"time":76,"type":"mine"},{"angle":281.25,"time":76,"type":"mine"},{"angle":-78.75,"time":80,"type":"mine"},{"angle":236.25,"time":80,"type":"mine"},{"angle":326.25,"time":80,"type":"mine"},{"angle":11.25,"time":80,"type":"mine"},{"angle":56.25,"time":80,"type":"mine"},{"angle":-101.25,"time":84,"type":"mine"},{"angle":303.75,"time":84,"type":"mine"},{"angle":213.75,"time":84,"type":"mine"},{"angle":168.75,"time":84,"type":"mine"},{"angle":123.75,"time":84,"type":"mine"},{"angle":22.5,"time":88,"type":"mine"},{"angle":337.5,"time":88,"type":"mine"},{"angle":67.5,"time":88,"type":"mine"},{"angle":112.5,"time":88,"type":"mine"},{"angle":157.5,"time":88,"type":"mine"},{"angle":-33.75,"time":92,"type":"mine"},{"angle":11.25,"time":92,"type":"mine"},{"angle":281.25,"time":92,"type":"mine"},{"angle":236.25,"time":92,"type":"mine"},{"angle":191.25,"time":92,"type":"mine"},{"angle":168.75,"type":"mineHold","time":102.75,"angle2":303.75,"duration":1.25},{"angle":123.75,"time":111.25,"type":"mine"},{"angle":180,"time":111,"type":"mine"},{"angle":180,"time":111.5,"type":"mine"},{"angle":123.75,"time":111,"type":"mine"},{"angle":180,"time":111.25,"type":"mine"},{"angle":123.75,"time":111.5,"type":"mine"},{"angle":180,"time":110.5,"type":"mine"},{"angle":123.75,"time":110.5,"type":"mine"},{"angle":22.5,"type":"mineHold","time":119,"angle2":-67.5,"duration":1},{"angle":135,"time":125.5,"type":"mine"},{"angle":135,"time":126,"type":"mine"},{"angle":135,"time":126.5,"type":"mine"},{"angle":135,"time":127,"type":"mine"},{"angle":135,"time":127.25,"type":"mine"},{"angle":135,"time":127.5,"type":"mine"},{"angle":78.75,"time":126,"type":"mine"},{"angle":78.75,"time":125.5,"type":"mine"},{"angle":78.75,"time":126.5,"type":"mine"},{"angle":78.75,"time":127,"type":"mine"},{"angle":78.75,"time":127.25,"type":"mine"},{"angle":78.75,"time":127.5,"type":"mine"},{"angle":146.25,"type":"mineHold","time":135,"angle2":213.75,"duration":1},{"angle":33.75,"time":142.5,"type":"mine"},{"angle":33.75,"time":143,"type":"mine"},{"angle":33.75,"time":143.25,"type":"mine"},{"angle":33.75,"time":143.5,"type":"mine"},{"angle":0,"time":142.5,"type":"mine"},{"angle":0,"time":143,"type":"mine"},{"angle":0,"time":143.25,"type":"mine"},{"angle":0,"time":143.5,"type":"mine"},{"angle":123.75,"time":157.5,"type":"mine"},{"angle":123.75,"time":158,"type":"mine"},{"angle":123.75,"time":158.5,"type":"mine"},{"angle":123.75,"time":159,"type":"mine"},{"angle":123.75,"time":159.25,"type":"mine"},{"angle":123.75,"time":159.5,"type":"mine"},{"angle":56.25,"time":157.5,"type":"mine"},{"angle":56.25,"time":158,"type":"mine"},{"angle":56.25,"time":158.5,"type":"mine"},{"angle":56.25,"time":159,"type":"mine"},{"angle":56.25,"time":159.25,"type":"mine"},{"angle":56.25,"time":159.5,"type":"mine"},{"angle":180,"time":240,"type":"mine"},{"angle":135,"time":240,"type":"mine"},{"angle":90,"time":240,"type":"mine"},{"angle":270,"time":240,"type":"mine"},{"angle":225,"time":240,"type":"mine"},{"angle":225,"time":244,"type":"mine"},{"angle":270,"time":244,"type":"mine"},{"angle":315,"time":244,"type":"mine"},{"angle":180,"time":244,"type":"mine"},{"angle":135,"time":244,"type":"mine"},{"angle":281.25,"time":248,"type":"mine"},{"angle":326.25,"time":248,"type":"mine"},{"angle":11.25,"time":248,"type":"mine"},{"angle":236.25,"time":248,"type":"mine"},{"angle":191.25,"time":248,"type":"mine"},{"angle":348.75,"time":252,"type":"mine"},{"angle":303.75,"time":252,"type":"mine"},{"angle":258.75,"time":252,"type":"mine"},{"angle":33.75,"time":252,"type":"mine"},{"angle":78.75,"time":252,"type":"mine"},{"angle":56.25,"time":256,"type":"mine"},{"angle":11.25,"time":256,"type":"mine"},{"angle":326.25,"time":256,"type":"mine"},{"angle":101.25,"time":256,"type":"mine"},{"angle":146.25,"time":256,"type":"mine"},{"angle":157.5,"time":260,"type":"mine"},{"angle":202.5,"time":260,"type":"mine"},{"angle":247.5,"time":260,"type":"mine"},{"angle":112.5,"time":260,"type":"mine"},{"angle":67.5,"time":260,"type":"mine"},{"angle":258.75,"time":264,"type":"mine"},{"angle":303.75,"time":264,"type":"mine"},{"angle":348.75,"time":264,"type":"mine"},{"angle":213.75,"time":264,"type":"mine"},{"angle":168.75,"time":264,"type":"mine"},{"angle":0,"time":268,"type":"mine"},{"angle":315,"time":268,"type":"mine"},{"angle":270,"time":268,"type":"mine"},{"angle":45,"time":268,"type":"mine"},{"angle":90,"time":268,"type":"mine"},{"angle":0,"time":272,"type":"block"},{"angle":0,"type":"hold","time":272.25,"angle2":33.75,"duration":0.5},{"angle":33.75,"type":"hold","time":273.5,"angle2":-33.75,"duration":0.5},{"angle":270,"time":274.5,"type":"side"},{"angle":326.25,"time":275,"type":"block"},{"angle":292.5,"time":276,"type":"block"},{"angle":292.5,"type":"hold","time":276.25,"angle2":258.75,"duration":0.25},{"angle":258.75,"type":"hold","time":277.5,"angle2":326.25,"duration":0.5},{"angle":326.25,"type":"hold","time":279,"angle2":180,"duration":1},{"angle":202.5,"time":280.25,"type":"block"},{"angle":225,"type":"hold","time":280.75,"angle2":191.25,"duration":0.75},{"angle":360,"time":278.5,"type":"block"},{"angle":191.25,"type":"hold","time":281.5,"angle2":225,"duration":0.5},{"angle":225,"time":282,"type":"block"},{"angle":191.25,"time":282.5,"type":"block"},{"angle":168.75,"time":282.75,"type":"block"},{"angle":146.25,"type":"mineHold","time":279,"angle2":0,"duration":1},{"angle":135,"time":284,"type":"block"},{"angle":78.75,"time":284.25,"type":"side"},{"angle":135,"time":284.5,"type":"block"},{"angle":135,"type":"hold","time":285.5,"angle2":101.25,"duration":0.5},{"angle":101.25,"type":"hold","time":286.5,"angle2":168.75,"duration":0.5},{"angle":101.25,"time":286.5,"type":"block"},{"angle":168.75,"time":287,"type":"block"},{"angle":191.25,"time":287.25,"type":"block"},{"angle":213.75,"time":287.5,"type":"block"},{"angle":281.25,"time":286.5,"type":"mine"},{"angle":281.25,"time":287,"type":"mine"},{"angle":281.25,"time":287.25,"type":"mine"},{"angle":281.25,"time":287.5,"type":"mine"},{"angle":22.5,"time":286.5,"type":"mine"},{"angle":22.5,"time":287,"type":"mine"},{"angle":22.5,"time":287.25,"type":"mine"},{"angle":22.5,"time":287.5,"type":"mine"},{"angle":213.75,"type":"hold","time":288.25,"angle2":180,"duration":0.25},{"angle":157.5,"time":289,"type":"block"},{"angle":157.5,"type":"hold","time":289.5,"angle2":123.75,"duration":0.5},{"angle":191.25,"time":290.5,"type":"side"},{"angle":191.25,"time":291,"type":"block"},{"angle":225,"time":292,"type":"block"},{"angle":202.5,"time":292.25,"type":"block"},{"angle":180,"time":292.5,"type":"block"},{"angle":123.75,"time":293.5,"type":"side"},{"angle":90,"type":"hold","time":294,"angle2":56.25,"duration":0.5},{"angle":56.25,"type":"hold","time":294.75,"angle2":123.75,"duration":1.25},{"angle":236.25,"type":"mineHold","time":294.75,"angle2":303.75,"duration":1.25},{"angle":157.5,"type":"hold","time":296.25,"angle2":123.75,"duration":0.5},{"angle":90,"time":297.5,"type":"block"},{"angle":56.25,"time":298,"type":"block"},{"angle":22.5,"time":298.5,"type":"block"},{"angle":326.25,"time":298.75,"type":"side"},{"angle":292.5,"time":300,"type":"block"},{"angle":315,"time":300.25,"type":"block"},{"angle":337.5,"time":300.5,"type":"block"},{"angle":11.25,"type":"hold","time":301.5,"angle2":33.75,"duration":0.5},{"angle":33.75,"type":"hold","time":302,"angle2":11.25,"duration":0.5},{"angle":11.25,"type":"hold","time":302.5,"angle2":33.75,"duration":0.5},{"angle":33.75,"type":"hold","time":303,"angle2":0,"duration":0.25},{"angle":0,"type":"hold","time":303.25,"angle2":-33.75,"duration":0.25},{"angle":191.25,"time":301.5,"type":"mine"},{"angle":191.25,"time":302,"type":"mine"},{"angle":191.25,"time":302.5,"type":"mine"},{"angle":191.25,"time":303,"type":"mine"},{"angle":191.25,"time":303.25,"type":"mine"},{"angle":191.25,"time":303.5,"type":"mine"},{"angle":146.25,"time":302.5,"type":"mine"},{"angle":146.25,"time":302,"type":"mine"},{"angle":146.25,"time":301.5,"type":"mine"},{"angle":146.25,"time":303,"type":"mine"},{"angle":146.25,"time":303.25,"type":"mine"},{"angle":146.25,"time":303.5,"type":"mine"},{"angle":236.25,"time":303,"type":"mine"},{"angle":236.25,"time":303.25,"type":"mine"},{"angle":236.25,"time":303.5,"type":"mine"},{"angle":101.25,"time":303,"type":"mine"},{"angle":101.25,"time":303.25,"type":"mine"},{"angle":101.25,"time":303.5,"type":"mine"},{"angle":292.5,"time":304,"type":"block"},{"angle":258.75,"time":304.25,"type":"block"},{"angle":326.25,"time":304.75,"type":"side"},{"angle":360,"time":305.5,"type":"block"},{"angle":0,"type":"hold","time":306,"angle2":33.75,"duration":0.5},{"angle":33.75,"type":"hold","time":306.5,"angle2":0,"duration":0.25},{"angle":0,"type":"hold","time":306.75,"angle2":-33.75,"duration":0.25},{"angle":292.5,"time":308,"type":"block"},{"angle":258.75,"time":308.25,"type":"block"},{"angle":225,"time":308.5,"type":"block"},{"angle":191.25,"type":"hold","time":309.5,"angle2":258.75,"duration":0.5},{"angle":292.5,"time":310.5,"type":"block"},{"angle":326.25,"type":"hold","time":311,"angle2":180,"duration":1},{"angle":146.25,"type":"mineHold","time":310.5,"angle2":0,"duration":1.5},{"angle":146.25,"time":312.25,"type":"block"},{"angle":67.5,"time":312.75,"type":"side"},{"angle":33.75,"time":313.5,"type":"block"},{"angle":360,"type":"hold","time":314,"angle2":427.5,"duration":0.5},{"angle":101.25,"time":315,"type":"block"},{"angle":135,"time":316,"type":"block"},{"angle":191.25,"time":316.25,"type":"side"},{"angle":135,"time":316.5,"type":"block"},{"angle":135,"type":"hold","time":317.5,"angle2":101.25,"duration":0.5},{"angle":101.25,"type":"hold","time":318.5,"angle2":168.75,"duration":0.5},{"angle":191.25,"time":319.25,"type":"block"},{"angle":213.75,"time":319.5,"type":"block"},{"angle":281.25,"time":318.5,"type":"mine"},{"angle":281.25,"time":319,"type":"mine"},{"angle":281.25,"time":319.25,"type":"mine"},{"angle":281.25,"time":319.5,"type":"mine"},{"angle":33.75,"time":318.5,"type":"mine"},{"angle":33.75,"time":319,"type":"mine"},{"angle":33.75,"time":319.25,"type":"mine"},{"angle":33.75,"time":319.5,"type":"mine"},{"angle":11.25,"time":319.5,"type":"mine"},{"angle":11.25,"time":319.25,"type":"mine"},{"angle":11.25,"time":319,"type":"mine"},{"angle":348.75,"time":319.5,"type":"mine"},{"angle":348.75,"time":319.25,"type":"mine"},{"angle":348.75,"time":319,"type":"mine"},{"angle":326.25,"time":319,"type":"mine"},{"angle":326.25,"time":319.25,"type":"mine"},{"angle":326.25,"time":319.5,"type":"mine"},{"angle":303.75,"time":319,"type":"mine"},{"angle":303.75,"time":319.25,"type":"mine"},{"angle":303.75,"time":319.5,"type":"mine"},{"angle":213.75,"time":320.25,"type":"block"},{"angle":213.75,"time":321,"type":"block"},{"angle":270,"time":320.5,"type":"side"},{"angle":180,"time":321.5,"type":"block"},{"angle":180,"type":"hold","time":322,"angle2":0,"duration":1},{"angle":90,"time":322.5,"type":"block"},{"angle":0,"type":"hold","time":323,"angle2":90,"duration":1},{"angle":112.5,"time":324.25,"type":"block"},{"angle":135,"time":324.5,"type":"block"},{"angle":180,"time":325.5,"type":"block"},{"angle":123.75,"time":326,"type":"side"},{"angle":180,"time":326.5,"type":"block"},{"angle":213.75,"type":"hold","time":327,"angle2":247.5,"duration":1.25},{"angle":33.75,"type":"mineHold","time":327,"angle2":67.5,"duration":1.25},{"angle":303.75,"type":"mineHold","time":327,"angle2":326.25,"duration":1.25},{"angle":348.75,"type":"mineHold","time":327,"angle2":371.25,"duration":1.25},{"angle":78.75,"type":"mineHold","time":327,"angle2":101.25,"duration":1.25},{"angle":123.75,"type":"mineHold","time":327,"angle2":146.25,"duration":1.25},{"angle":348.75,"type":"mineHold","time":327,"angle2":326.25,"duration":1.25},{"angle":33.75,"type":"mineHold","time":327,"angle2":11.25,"duration":1.25},{"angle":78.75,"type":"mineHold","time":327,"angle2":67.5,"duration":1.25},{"angle":123.75,"type":"mineHold","time":327,"angle2":101.25,"duration":1.25},{"angle":270,"time":328.5,"type":"block"},{"angle":236.25,"time":329,"type":"block"},{"angle":202.5,"time":329.5,"type":"block"},{"angle":146.25,"time":330,"type":"side"},{"angle":146.25,"time":330.5,"type":"block"},{"angle":90,"time":330.75,"type":"side"},{"angle":90,"time":332,"type":"block"},{"angle":135,"time":332.25,"type":"block"},{"angle":180,"time":332.5,"type":"block"},{"angle":180,"type":"hold","time":333.5,"angle2":540,"duration":2.5},{"angle":247.5,"time":334,"type":"block"},{"angle":315,"time":334.5,"type":"block"},{"angle":33.75,"time":335,"type":"block"},{"angle":67.5,"time":335.25,"type":"block"},{"angle":112.5,"time":335.5,"type":"block"},{"angle":360,"type":"mineHold","time":333.5,"angle2":720,"duration":2.5},{"angle":213.75,"time":336.25,"type":"block"},{"angle":247.5,"time":336.75,"type":"block"},{"angle":247.5,"type":"hold","time":337.5,"angle2":180,"duration":1.25},{"angle":180,"type":"hold","time":338.75,"angle2":202.5,"duration":0.25},{"angle":213.75,"time":338,"type":"block"},{"angle":168.75,"time":340,"type":"block"},{"angle":168.75,"time":340.5,"type":"block"},{"angle":112.5,"time":340.25,"type":"side"},{"angle":236.25,"time":342,"type":"block"},{"angle":168.75,"time":341.5,"type":"block"},{"angle":281.25,"time":342.5,"type":"block"},{"angle":236.25,"type":"hold","time":342.75,"angle2":416.25,"duration":1.25},{"angle":56.25,"type":"mineHold","time":342.75,"angle2":236.25,"duration":1.25},{"angle":11.25,"type":"mineHold","time":342.75,"angle2":236.25,"duration":1.25},{"angle":101.25,"type":"mineHold","time":342.75,"angle2":236.25,"duration":1.25},{"angle":326.25,"type":"mineHold","time":342.75,"angle2":596.25,"duration":1.25},{"angle":146.25,"type":"mineHold","time":342.75,"angle2":236.25,"duration":1.25},{"angle":22.5,"time":344.25,"type":"block"},{"angle":337.5,"time":344.75,"type":"block"},{"angle":337.5,"type":"hold","time":345.5,"angle2":405,"duration":0.5},{"angle":45,"type":"hold","time":346.5,"angle2":-22.5,"duration":0.5},{"angle":337.5,"time":348,"type":"block"},{"angle":303.75,"time":348.25,"type":"block"},{"angle":270,"time":348.5,"type":"block"},{"angle":225,"time":349.5,"type":"block"},{"angle":180,"type":"hold","time":350,"angle2":180,"duration":1},{"angle":180,"type":"hold","time":351,"angle2":180,"duration":1},{"angle":168.75,"time":351.5,"type":"block"},{"angle":191.25,"time":351.25,"type":"block"},{"angle":360,"time":350.5,"type":"mine"},{"angle":360,"time":351,"type":"mine"},{"angle":0,"time":351.25,"type":"mine"},{"angle":0,"time":351.5,"type":"mine"},{"angle":22.5,"time":351,"type":"mine"},{"angle":56.25,"time":351,"type":"mine"},{"angle":90,"time":351,"type":"mine"},{"angle":101.25,"time":350.5,"type":"mine"},{"angle":67.5,"time":350.5,"type":"mine"},{"angle":33.75,"time":350.5,"type":"mine"},{"angle":326.25,"time":350.5,"type":"mine"},{"angle":292.5,"time":350.5,"type":"mine"},{"angle":258.75,"time":350.5,"type":"mine"},{"angle":168.75,"time":350.5,"type":"block"},{"angle":337.5,"time":351,"type":"mine"},{"angle":303.75,"time":351,"type":"mine"},{"angle":270,"time":351,"type":"mine"},{"angle":348.75,"time":351.25,"type":"mine"},{"angle":326.25,"time":351.25,"type":"mine"},{"angle":11.25,"time":351.25,"type":"mine"},{"angle":33.75,"time":351.25,"type":"mine"},{"angle":56.25,"time":351.25,"type":"mine"},{"angle":303.75,"time":351.25,"type":"mine"},{"angle":348.75,"time":351.5,"type":"mine"},{"angle":337.5,"time":351.5,"type":"mine"},{"angle":326.25,"time":351.5,"type":"mine"},{"angle":11.25,"time":351.5,"type":"mine"},{"angle":22.5,"time":351.5,"type":"mine"},{"angle":33.75,"time":351.5,"type":"mine"},{"angle":180,"type":"hold","time":352.25,"angle2":213.75,"duration":0.5},{"angle":247.5,"time":353.5,"type":"block"},{"angle":281.25,"time":354,"type":"block"},{"angle":337.5,"time":354.5,"type":"side"},{"angle":315,"type":"hold","time":354.75,"angle2":247.5,"duration":1.25},{"angle":213.75,"time":356.25,"type":"block"},{"angle":180,"time":356.5,"type":"block"},{"angle":180,"type":"hold","time":357.5,"angle2":112.5,"duration":0.5},{"angle":78.75,"time":358.5,"type":"block"},{"angle":56.25,"type":"hold","time":358.75,"angle2":78.75,"duration":1.25},{"angle":101.25,"type":"hold","time":358.75,"angle2":78.75,"duration":1.25},{"angle":281.25,"type":"mineHold","time":358.75,"angle2":258.75,"duration":1.25},{"angle":236.25,"type":"mineHold","time":358.75,"angle2":258.75,"duration":1.25},{"angle":326.25,"type":"mineHold","time":358.75,"angle2":348.75,"duration":1.25},{"angle":11.25,"type":"mineHold","time":358.75,"angle2":-11.25,"duration":1.25},{"angle":191.25,"type":"mineHold","time":358.75,"angle2":168.75,"duration":1.25},{"angle":146.25,"type":"mineHold","time":358.75,"angle2":168.75,"duration":1.25},{"angle":348.75,"time":359.75,"type":"mine"},{"angle":337.5,"time":360,"type":"mine"},{"angle":348.75,"time":360.25,"type":"mine"},{"angle":360,"time":360,"type":"mine"},{"angle":270,"time":360,"type":"mine"},{"angle":258.75,"time":360.25,"type":"mine"},{"angle":247.5,"time":360,"type":"mine"},{"angle":258.75,"time":359.75,"type":"mine"},{"angle":168.75,"time":359.75,"type":"mine"},{"angle":180,"time":360,"type":"mine"},{"angle":168.75,"time":360.25,"type":"mine"},{"angle":157.5,"time":360,"type":"mine"},{"angle":315,"time":359,"type":"mine"},{"angle":292.5,"time":359,"type":"mine"},{"angle":225,"time":359,"type":"mine"},{"angle":202.5,"time":359,"type":"mine"},{"angle":303.75,"time":360,"type":"mine"},{"angle":213.75,"time":360,"type":"mine"},{"angle":78.75,"time":360.25,"type":"block"},{"angle":78.75,"type":"hold","time":360.75,"angle2":45,"duration":0.75},{"angle":11.25,"time":362,"type":"block"},{"angle":315,"time":362.5,"type":"side"},{"angle":337.5,"time":362.75,"type":"block"},{"angle":0,"time":364.5,"type":"block"},{"angle":326.25,"time":364.25,"type":"block"},{"angle":292.5,"time":364,"type":"block"},{"angle":0,"time":365.5,"type":"block"},{"angle":0,"time":366,"type":"block"},{"angle":0,"time":366.5,"type":"block"},{"angle":0,"time":367,"type":"block"},{"angle":0,"time":367.25,"type":"block"},{"angle":0,"time":367.5,"type":"block"},{"angle":180,"type":"mineHold","time":365.5,"angle2":180,"duration":0.5},{"angle":180,"type":"mineHold","time":366.5,"angle2":180,"duration":0.5},{"angle":157.5,"type":"mineHold","time":366,"angle2":157.5,"duration":0.5},{"angle":202.5,"type":"mineHold","time":366,"angle2":202.5,"duration":0.5},{"angle":225,"type":"mineHold","time":366,"angle2":225,"duration":0.5},{"angle":247.5,"type":"mineHold","time":365.5,"angle2":247.5,"duration":0.5},{"angle":247.5,"type":"mineHold","time":366.5,"angle2":247.5,"duration":0.5},{"angle":270,"type":"mineHold","time":366,"angle2":270,"duration":0.5},{"angle":135,"type":"mineHold","time":366,"angle2":135,"duration":0.5},{"angle":112.5,"type":"mineHold","time":365.5,"angle2":112.5,"duration":0.5},{"angle":90,"type":"mineHold","time":366,"angle2":90,"duration":0.5},{"angle":112.5,"type":"mineHold","time":366.5,"angle2":112.5,"duration":0.5},{"angle":303.75,"type":"mineHold","time":366,"angle2":247.5,"duration":2.25},{"angle":56.25,"type":"mineHold","time":366,"angle2":112.5,"duration":2.25},{"angle":247.5,"type":"mineHold","time":367,"angle2":180,"duration":1.25},{"angle":112.5,"type":"mineHold","time":367,"angle2":180,"duration":1.25},{"angle":247.5,"type":"mineHold","time":368.25,"angle2":180,"duration":0},{"angle":112.5,"type":"mineHold","time":368.25,"angle2":180,"duration":0},{"angle":180,"type":"mineHold","time":367,"angle2":180,"duration":1.25},{"angle":270,"time":366.75,"type":"mine"},{"angle":225,"time":366.75,"type":"mine"},{"angle":90,"time":366.75,"type":"mine"},{"angle":135,"time":366.75,"type":"mine"},{"angle":78.75,"time":367,"type":"mine"},{"angle":281.25,"time":367,"type":"mine"},{"angle":270,"time":367.25,"type":"mine"},{"angle":258.75,"time":367.5,"type":"mine"},{"angle":90,"time":367.25,"type":"mine"},{"angle":101.25,"time":367.5,"type":"mine"},{"angle":0,"type":"hold","time":368.25,"angle2":360,"duration":5.25},{"angle":360,"time":64,"type":"extraTap"},{"angle":303.75,"time":68,"type":"extraTap"},{"angle":247.5,"time":72,"type":"extraTap"},{"angle":191.25,"time":76,"type":"extraTap"},{"angle":146.25,"time":80,"type":"extraTap"},{"angle":22.5,"time":84,"type":"extraTap"},{"angle":236.25,"time":88,"type":"extraTap"},{"angle":112.5,"time":92,"type":"extraTap"},{"angle":303.75,"time":240,"type":"extraTap"},{"angle":45,"time":244,"type":"extraTap"},{"angle":112.5,"time":248,"type":"extraTap"},{"angle":168.75,"time":252,"type":"extraTap"},{"angle":225,"time":256,"type":"extraTap"},{"angle":326.25,"time":260,"type":"extraTap"},{"angle":90,"time":264,"type":"extraTap"},{"angle":168.75,"time":268,"type":"extraTap"}]