[{"time":2,"type":"block","angle":303.75},{"time":3,"type":"block","angle":303.75},{"time":4,"type":"block","angle":303.75},{"time":1,"type":"hold","duration":0.75,"holdEase":"outCirc","angle":292.5,"angle2":337.5},{"time":2.5,"type":"block","angle":360},{"time":3.5,"type":"block","angle":360},{"time":4.5,"type":"block","angle":360},{"time":26,"type":"block","angle":292.5},{"time":27,"type":"block","angle":292.5},{"time":28,"type":"block","angle":292.5},{"time":25,"type":"hold","duration":0.75,"holdEase":"outCirc","angle":281.25,"angle2":326.25},{"time":26.5,"type":"block","angle":348.75},{"time":27.5,"type":"block","angle":348.75},{"time":28.5,"type":"block","angle":348.75},{"time":30,"type":"block","angle":191.25},{"time":31,"type":"block","angle":213.75},{"time":31.75,"type":"block","angle":157.5},{"time":29,"type":"hold","duration":0.75,"holdEase":"outCirc","angle":405,"angle2":517.5},{"time":30.5,"type":"block","angle":146.25},{"time":31.5,"type":"block","angle":101.25},{"time":31.125,"type":"block","angle":180},{"time":31.25,"type":"block","angle":135},{"time":6,"type":"block","angle":-427.5},{"time":7,"type":"block","angle":-427.5},{"time":8,"type":"block","angle":-427.5},{"time":5,"type":"hold","duration":0.75,"holdEase":"outCirc","angle":-416.25,"angle2":-461.25},{"time":6.5,"type":"block","angle":-483.75},{"time":7.5,"type":"block","angle":-483.75},{"time":10,"type":"block","angle":348.75},{"time":11,"type":"block","angle":348.75},{"time":12,"type":"block","angle":348.75},{"time":9,"type":"hold","duration":0.75,"holdEase":"outCirc","angle":337.5,"angle2":382.5},{"time":10.5,"type":"block","angle":405},{"time":11.5,"type":"block","angle":405},{"time":14,"type":"block","angle":-225},{"time":15,"type":"block","angle":-225},{"time":16,"type":"block","angle":-225},{"time":13,"type":"hold","duration":0.75,"holdEase":"outCirc","angle":-213.75,"angle2":-258.75},{"time":14.5,"type":"block","angle":-281.25},{"time":15.5,"type":"block","angle":-281.25},{"time":12.25,"type":"side","angle":56.25},{"time":18,"type":"block","angle":-337.5},{"time":19,"type":"block","angle":-337.5},{"time":20,"type":"block","angle":-337.5},{"time":17,"type":"hold","duration":0.75,"holdEase":"outCirc","angle":-326.25,"angle2":-371.25},{"time":18.5,"type":"block","angle":-393.75},{"time":19.5,"type":"block","angle":-393.75},{"time":22,"type":"block","angle":450},{"time":23,"type":"block","angle":450},{"time":24,"type":"block","angle":450},{"time":21,"type":"hold","duration":0.75,"holdEase":"outCirc","angle":438.75,"angle2":483.75},{"time":22.5,"type":"block","angle":506.25},{"time":23.5,"type":"block","angle":506.25},{"time":24.25,"type":"side","angle":157.5},{"time":32,"type":"side","angle":258.75},{"time":33,"type":"hold","duration":16,"holdEase":"inCirc","angle":303.75,"angle2":832.5},{"time":49,"type":"hold","duration":16,"holdEase":"inQuint","angle":112.5,"angle2":1035},{"time":20.5,"type":"block","angle":326.25},{"time":51,"type":"extraTap","angle":180},{"time":55,"type":"extraTap","angle":180},{"time":56.75,"type":"extraTap","angle":180},{"time":56.5,"type":"extraTap","angle":180},{"time":59,"type":"extraTap","angle":180},{"time":65,"type":"hold","duration":0.75,"holdEase":"outBack","angle":315,"angle2":360},{"time":35,"type":"extraTap","angle":180},{"time":39,"type":"extraTap","angle":180},{"time":43,"type":"extraTap","angle":180},{"time":66,"type":"block","angle":326.25},{"time":66.5,"type":"block","angle":33.75},{"time":67.5,"type":"block","angle":33.75},{"time":68,"type":"block","angle":315},{"time":68.5,"type":"block","angle":11.25},{"time":64,"type":"mineHold","duration":0.25,"holdEase":"linear","angle":-472.5,"angle2":-360},{"time":64.25,"angle":0,"duration":0.25,"type":"mineHold","angle2":-67.5},{"time":64.5,"duration":0.375,"type":"mineHold","angle":292.5,"angle2":528.75},{"time":69,"type":"hold","duration":0.75,"holdEase":"outCirc","angle":292.5,"angle2":191.25},{"time":70,"type":"block","angle":225},{"time":70.5,"type":"block","angle":258.75},{"time":71.5,"type":"block","angle":258.75},{"time":67,"tap":true,"angle":303.75,"type":"side"},{"time":71,"tap":true,"angle":168.75,"type":"side"},{"time":72,"tap":true,"angle":168.75,"type":"side"},{"time":72,"type":"side","angle":157.5},{"time":73,"type":"hold","duration":0.75,"holdEase":"outCirc","angle":67.5,"angle2":-22.5},{"time":74,"type":"block","angle":292.5},{"time":74.5,"type":"block","angle":303.75},{"time":75.5,"type":"block","angle":123.75},{"time":76,"type":"block","angle":405},{"time":76.5,"type":"block","angle":157.5},{"time":74.25,"type":"side","angle":11.25},{"time":75,"tap":true,"angle":67.5,"type":"side"},{"time":77,"type":"hold","duration":0.75,"holdEase":"outCirc","angle":180,"angle2":78.75},{"time":78,"type":"block","angle":101.25},{"time":78.5,"type":"block","angle":191.25},{"time":79.25,"type":"side","angle":202.5},{"time":79.25,"tap":true,"angle":191.25,"type":"side"},{"time":79,"type":"block","angle":112.5},{"time":80,"type":"block","angle":247.5},{"time":81,"type":"block","angle":292.5},{"time":80.75,"type":"block","angle":236.25},{"time":82,"type":"block","angle":315},{"time":81.75,"type":"block","angle":0},{"time":81,"type":"hold","duration":0.75,"holdEase":"outCubic","angle":315,"angle2":371.25},{"time":82.5,"type":"block","angle":247.5},{"time":83.5,"type":"block","angle":258.75},{"time":84,"type":"block","angle":326.25},{"time":84.25,"type":"block","angle":371.25},{"time":84.5,"type":"block","angle":326.25},{"time":83,"tap":true,"angle":337.5,"type":"side"},{"time":85,"type":"hold","duration":0.75,"holdEase":"outCirc","angle":303.75,"angle2":337.5},{"time":86,"type":"block","angle":270},{"time":86.5,"type":"block","angle":360},{"time":87,"type":"block","angle":270},{"time":87.5,"type":"block","angle":360},{"time":88.5,"type":"block","angle":213.75},{"time":85,"type":"block","angle":281.25},{"time":85.75,"type":"block","angle":348.75},{"time":86.5,"type":"block","angle":371.25},{"time":87,"type":"block","angle":258.75},{"time":87.5,"type":"block","angle":371.25},{"time":88,"type":"side","angle":270},{"time":88,"tap":true,"angle":258.75,"type":"side"},{"time":79.75,"type":"block","angle":281.25},{"time":89,"holdEase":"outCirc","duration":0.75,"type":"hold","angle":360,"angle2":438.75},{"time":90,"type":"block","angle":56.25},{"time":90.5,"type":"block","angle":33.75},{"time":91.5,"type":"block","angle":78.75},{"time":92,"type":"block","angle":146.25},{"time":92.5,"type":"block","angle":78.75},{"time":90.5,"type":"block","angle":22.5},{"time":89,"type":"block","angle":337.5},{"time":91,"tap":true,"angle":135,"type":"side"},{"time":89.75,"type":"block","angle":90},{"time":93,"holdEase":"outCirc","duration":0.75,"type":"hold","angle":67.5,"angle2":168.75},{"time":94,"type":"block","angle":191.25},{"time":94.5,"type":"block","angle":258.75},{"time":95,"type":"block","angle":326.25},{"time":95.5,"type":"block","angle":22.5},{"time":93,"type":"block","angle":45},{"time":93.75,"type":"block","angle":146.25},{"time":95,"type":"block","angle":337.5},{"time":95.25,"type":"block","angle":0},{"time":95.75,"duration":0.25,"type":"hold","angle":33.75,"angle2":-22.5},{"time":96,"duration":0.375,"type":"hold","angle":-22.5,"angle2":22.5},{"time":96.375,"duration":0.375,"type":"hold","angle":22.5,"angle2":-22.5},{"time":95.75,"duration":0.375,"type":"mineHold","angle":270,"angle2":90},{"time":96.125,"duration":0.375,"type":"mineHold","angle":90,"angle2":270},{"time":96.5,"duration":0.375,"type":"mineHold","angle":-90,"angle2":-270},{"time":96.75,"duration":0.25,"type":"hold","angle":-22.5,"angle2":22.5},{"time":96.875,"duration":0.125,"type":"mineHold","angle":90,"angle2":270},{"time":97,"duration":2,"type":"mineHold","angle":270,"angle2":0},{"time":98,"type":"side","angle":56.25},{"time":99,"tap":true,"angle":180,"type":"side"},{"time":100,"type":"side","angle":303.75},{"time":99,"duration":1,"type":"mineHold","angle":360,"angle2":101.25},{"time":100,"type":"mineHold","duration":1,"angle":101.25,"holdEase":"inOutSine","angle2":258.75},{"time":101,"angle":258.75,"duration":1,"type":"mineHold","holdEase":"inOutSine","angle2":101.25},{"time":101,"type":"side","angle":56.25},{"time":102,"duration":1,"angle":101.25,"type":"mineHold","angle2":303.75},{"time":102,"type":"side","angle":303.75},{"time":103,"tap":true,"angle":180,"type":"side"},{"time":103,"duration":1,"type":"mineHold","angle":303.75,"angle2":618.75},{"time":104,"type":"side","angle":56.25},{"time":104,"type":"mineHold","duration":1,"holdEase":"inOutSine","angle":258.75,"angle2":101.25},{"time":105,"angle":101.25,"duration":1,"type":"mineHold","holdEase":"inOutSine","angle2":258.75},{"time":105,"type":"side","angle":303.75},{"time":106,"duration":1,"angle":258.75,"type":"mineHold","angle2":67.5},{"time":106,"type":"side","angle":56.25},{"time":107,"duration":1,"type":"mineHold","angle":67.5,"angle2":-258.75},{"time":106.5,"type":"block","angle":348.75},{"time":106.75,"type":"block","angle":303.75},{"time":107,"tap":true,"angle":180,"type":"side"},{"time":108,"type":"mineHold","duration":1,"angle":101.25,"holdEase":"inOutSine","angle2":258.75},{"time":109,"type":"mineHold","duration":1,"angle":258.75,"holdEase":"inOutSine","angle2":101.25},{"time":108,"type":"side","angle":303.75},{"time":109,"type":"side","angle":56.25},{"time":110,"type":"side","angle":303.75},{"time":110,"duration":1,"angle":101.25,"type":"mineHold","angle2":303.75},{"time":111,"tap":true,"angle":180,"type":"side"},{"time":111.25,"type":"block","angle":247.5},{"time":111.4375,"type":"block","angle":270},{"time":112,"tap":true,"angle":180,"type":"side"},{"time":112.125,"type":"block","angle":112.5},{"time":111,"duration":0.5,"type":"mineHold","angle":303.75,"angle2":517.5},{"time":111.5,"duration":1.5,"type":"mineHold","angle":157.5,"angle2":-303.75},{"time":113,"duration":1,"type":"mineHold","angle":56.25,"angle2":303.75},{"time":113,"type":"side","angle":303.75},{"time":114,"type":"side","angle":56.25},{"time":114,"duration":1,"type":"mineHold","angle":303.75,"angle2":56.25},{"time":115,"duration":1,"type":"mineHold","angle":56.25,"angle2":-303.75},{"time":115,"tap":true,"angle":180,"type":"side"},{"time":114.5,"type":"block","angle":348.75},{"time":114.75,"type":"block","angle":303.75},{"time":116,"type":"side","angle":303.75},{"time":116,"duration":1,"type":"mineHold","angle":56.25,"angle2":303.75},{"time":117,"duration":1,"type":"mineHold","angle":303.75,"angle2":56.25},{"time":117,"type":"side","angle":56.25},{"time":118,"duration":1,"type":"mineHold","angle":56.25,"angle2":303.75},{"time":118,"type":"side","angle":303.75},{"time":119,"tap":true,"angle":180,"type":"side"},{"time":118.5,"type":"block","angle":22.5},{"time":118.75,"type":"block","angle":78.75},{"time":120,"tap":true,"angle":180,"type":"side"},{"time":119,"duration":0.5,"type":"mineHold","angle":303.75,"angle2":506.25},{"time":119.5,"duration":1.5,"type":"mineHold","angle":146.25,"angle2":-303.75},{"time":121,"type":"side","angle":303.75},{"time":121,"duration":1,"type":"mineHold","angle":56.25,"angle2":303.75},{"time":122,"type":"side","angle":56.25},{"time":122.5,"type":"block","angle":348.75},{"time":122.75,"type":"block","angle":292.5},{"time":129,"type":"block","angle":0},{"time":123,"tap":true,"angle":180,"type":"side"},{"time":122,"duration":1,"type":"mineHold","angle":303.75,"angle2":56.25},{"time":123,"duration":1,"type":"mineHold","angle":56.25,"angle2":-303.75},{"time":124,"duration":1,"type":"mineHold","angle":56.25,"angle2":303.75},{"time":124,"type":"side","angle":303.75},{"time":125,"type":"side","angle":56.25},{"time":125,"duration":1,"type":"mineHold","angle":303.75,"angle2":56.25},{"time":127,"tap":true,"angle":180,"type":"side"},{"time":128,"tap":true,"angle":180,"type":"side"},{"time":126,"type":"side","angle":303.75},{"time":126,"duration":1,"type":"mineHold","angle":56.25,"angle2":303.75},{"time":127.5,"type":"block","angle":247.5},{"time":127,"duration":0.5,"type":"mineHold","angle":303.75,"angle2":506.25},{"time":127.5,"duration":1.5,"type":"mineHold","angle":146.25,"angle2":-303.75},{"time":129,"duration":0.5,"type":"mineHold","angle":56.25,"angle2":315},{"time":129.5,"duration":2.5,"type":"mineHold","angle":315,"angle2":-303.75},{"time":132,"duration":0.25,"type":"hold","angle":382.5,"angle2":337.5},{"time":131.5,"duration":0.25,"type":"hold","angle":22.5,"angle2":-22.5},{"time":131.75,"duration":0.25,"type":"hold","angle":337.5,"angle2":382.5},{"time":132.25,"duration":0.25,"type":"hold","angle":337.5,"angle2":382.5},{"time":132.5,"duration":0.25,"type":"hold","angle":22.5,"angle2":-22.5},{"time":133,"angle":0,"duration":0.75,"holdEase":"outCirc","type":"hold","angle2":-56.25},{"time":134,"type":"block","angle":11.25},{"time":134.5,"type":"block","angle":303.75},{"time":135.5,"type":"block","angle":326.25},{"time":136,"type":"block","angle":33.75},{"time":136.5,"type":"block","angle":78.75},{"time":137,"type":"hold","duration":0.75,"holdEase":"outCirc","angle":22.5,"angle2":-22.5},{"time":138,"type":"block","angle":11.25},{"time":138.5,"type":"block","angle":326.25},{"time":139,"type":"block","angle":11.25},{"time":135,"type":"block","angle":11.25},{"time":135,"type":"extraTap","angle":180},{"time":139,"type":"extraTap","angle":180},{"time":138.75,"type":"extraTap","angle":180},{"time":139.5,"type":"block","angle":326.25},{"time":140,"type":"block","angle":11.25},{"time":140.5,"type":"block","angle":337.5},{"time":141,"angle":33.75,"duration":0.75,"type":"hold","holdEase":"outCirc","angle2":101.25},{"time":142,"type":"block","angle":56.25},{"time":143,"type":"block","angle":33.75},{"time":142.5,"type":"block","angle":112.5},{"time":143.5,"type":"block","angle":90},{"time":144,"type":"block","angle":22.5},{"time":143,"type":"extraTap","angle":180},{"time":145,"holdEase":"outCirc","duration":0.75,"angle":22.5,"type":"hold","angle2":-45},{"time":144.5,"type":"block","angle":78.75},{"time":146,"type":"block","angle":348.75},{"time":146.5,"type":"block","angle":45},{"time":147,"type":"block","angle":337.5},{"time":147.5,"type":"block","angle":33.75},{"time":148,"type":"block","angle":326.25},{"time":148.5,"type":"block","angle":22.5},{"time":147,"type":"extraTap","angle":180},{"time":148.5,"type":"extraTap","angle":180},{"time":148.75,"type":"extraTap","angle":180},{"time":149,"type":"hold","duration":0.75,"holdEase":"outCirc","angle":67.5,"angle2":-11.25},{"time":150,"type":"block","angle":22.5},{"time":150.5,"type":"block","angle":326.25},{"time":151,"type":"block","angle":33.75},{"time":151.5,"type":"block","angle":337.5},{"time":152,"type":"block","angle":22.5},{"time":152.5,"type":"block","angle":348.75},{"time":153,"duration":0.75,"type":"hold","angle":360,"angle2":360},{"time":164,"duration":0.375,"type":"mineHold","angle":281.25,"angle2":247.5},{"time":164,"duration":0.375,"type":"mineHold","angle":101.25,"angle2":67.5},{"time":164.375,"duration":0.375,"type":"mineHold","angle":247.5,"angle2":303.75},{"time":164.375,"duration":0.375,"type":"mineHold","angle":67.5,"angle2":135},{"time":163.625,"duration":0.375,"type":"mineHold","angle":258.75,"angle2":281.25},{"time":163.625,"duration":0.375,"type":"mineHold","angle":78.75,"angle2":101.25},{"time":164.75,"duration":0.25,"type":"mineHold","angle":303.75,"angle2":225},{"time":164.75,"duration":0.25,"type":"mineHold","angle":135,"angle2":45},{"time":165,"type":"mineHold","duration":23,"holdEase":"outQuart","angle":45,"angle2":720},{"time":165,"type":"mineHold","duration":23,"holdEase":"outQuart","angle":225,"angle2":900},{"time":187.625,"duration":0.375,"type":"hold","angle":247.5,"angle2":292.5},{"time":188,"duration":0.375,"type":"hold","angle":292.5,"angle2":247.5},{"time":188.375,"duration":0.375,"type":"hold","angle":247.5,"angle2":292.5},{"time":189,"type":"hold","duration":0.75,"holdEase":"outCirc","angle":292.5,"angle2":360},{"time":190,"type":"block","angle":326.25},{"time":190.5,"type":"block","angle":33.75},{"time":191.5,"type":"block","angle":22.5},{"time":192,"type":"block","angle":326.25},{"time":191,"tap":true,"angle":303.75,"type":"side"},{"time":192.5,"type":"block","angle":22.5},{"time":193,"type":"hold","duration":0.75,"holdEase":"outCirc","angle":45,"angle2":-33.75},{"time":194,"type":"block","angle":303.75},{"time":194.25,"type":"block","angle":348.75},{"time":194.375,"type":"block","angle":11.25},{"time":194.5,"type":"block","angle":33.75},{"time":194.75,"type":"block","angle":67.5},{"time":195,"tap":true,"angle":157.5,"type":"side"},{"time":195.5,"type":"block","angle":258.75},{"time":196,"type":"block","angle":326.25},{"time":196.5,"type":"block","angle":22.5},{"time":197,"holdEase":"outCirc","duration":0.75,"type":"hold","angle":78.75,"angle2":-11.25},{"time":198,"type":"block","angle":22.5},{"time":198.5,"type":"block","angle":78.75},{"time":199,"tap":true,"angle":22.5,"type":"side"},{"time":199.5,"type":"block","angle":303.75},{"time":200,"type":"block","angle":360},{"time":200.5,"type":"block","angle":315},{"time":201,"type":"hold","duration":0.75,"holdEase":"outCirc","angle":11.25,"angle2":78.75},{"time":202,"type":"block","angle":33.75},{"time":202.5,"type":"block","angle":90},{"time":202.875,"type":"block","angle":360},{"time":203,"tap":true,"angle":315,"type":"side"},{"time":203.875,"type":"block","angle":348.75},{"time":204,"tap":true,"angle":33.75,"type":"side"},{"time":205,"type":"hold","duration":0.75,"holdEase":"outCirc","angle":0,"angle2":-45},{"time":203.5,"type":"block","angle":258.75},{"time":204.5,"type":"block","angle":90},{"time":206,"type":"block","angle":11.25},{"time":206.625,"type":"block","angle":326.25},{"time":207.5,"type":"block","angle":326.25},{"time":208,"type":"block","angle":22.5},{"time":208.5,"type":"block","angle":326.25},{"time":207,"tap":true,"angle":22.5,"type":"side"},{"time":209,"holdEase":"outCirc","duration":0.75,"type":"hold","angle":22.5,"angle2":78.75},{"time":210,"type":"block","angle":22.5},{"time":211,"tap":true,"angle":56.25,"type":"block"},{"time":211.5,"type":"block","angle":90},{"time":212,"tap":true,"angle":33.75,"type":"block"},{"time":212.25,"type":"block","angle":90},{"time":210.5,"type":"block","angle":78.75},{"time":210.875,"type":"block","angle":33.75},{"time":210.75,"type":"block","angle":11.25},{"time":212,"type":"block","angle":11.25},{"time":213,"type":"hold","duration":0.75,"holdEase":"outCirc","angle":33.75,"angle2":-22.5},{"time":214,"type":"block","angle":315},{"time":214.5,"type":"block","angle":22.5},{"time":215,"tap":true,"angle":315,"type":"side"},{"time":215.5,"type":"block","angle":281.25},{"time":216,"type":"block","angle":315},{"time":216.5,"type":"block","angle":270},{"time":217,"type":"hold","duration":0.75,"holdEase":"outCirc","angle":258.75,"angle2":337.5},{"time":218,"type":"block","angle":315},{"time":218.5,"type":"block","angle":0},{"time":218.75,"type":"block","angle":22.5},{"time":219,"type":"block","angle":45},{"time":219.5,"duration":0.25,"type":"hold","angle":337.5,"angle2":382.5},{"time":219.75,"duration":0.25,"type":"hold","angle":22.5,"angle2":-33.75},{"time":220,"duration":0.25,"type":"hold","angle":326.25,"angle2":371.25},{"time":220.25,"duration":0.375,"type":"hold","angle":11.25,"angle2":-45},{"time":220.625,"duration":0.375,"type":"hold","angle":315,"angle2":360},{"time":221,"angle":0,"duration":0.75,"holdEase":"outCirc","type":"hold","angle2":-67.5},{"time":222,"type":"block","angle":326.25},{"time":222.5,"type":"block","angle":270},{"time":223.25,"type":"block","angle":67.5},{"time":223.5,"type":"block","angle":90},{"time":224,"type":"block","angle":348.75},{"time":224.5,"type":"block","angle":45},{"time":223.125,"type":"block","angle":45},{"time":225,"type":"hold","duration":0.75,"holdEase":"outCirc","angle":360,"angle2":405},{"time":226,"type":"block","angle":337.5},{"time":226.5,"type":"block","angle":303.75},{"time":227.5,"type":"block","angle":78.75},{"time":228,"type":"block","angle":348.75},{"time":228.5,"type":"block","angle":292.5},{"time":227,"tap":true,"angle":33.75,"type":"side"},{"time":229,"type":"hold","duration":0.75,"holdEase":"outCirc","angle":22.5,"angle2":78.75},{"time":230,"type":"block","angle":56.25},{"time":230.5,"type":"block","angle":101.25},{"time":231.5,"type":"block","angle":281.25},{"time":232,"type":"block","angle":360},{"time":232.25,"type":"block","angle":326.25},{"time":230.75,"type":"block","angle":33.75},{"time":230.625,"type":"block","angle":67.5},{"time":231,"tap":true,"angle":337.5,"type":"side"},{"time":233,"type":"hold","duration":0.75,"holdEase":"outCirc","angle":22.5,"angle2":-56.25},{"time":234,"type":"block","angle":11.25},{"time":234.5,"type":"block","angle":67.5},{"time":234.75,"type":"block","angle":45},{"time":235,"tap":true,"angle":348.75,"type":"side"},{"time":235.5,"type":"block","angle":270},{"time":235.75,"type":"block","angle":292.5},{"time":236,"tap":true,"angle":348.75,"type":"side"},{"time":236.5,"type":"block","angle":45},{"time":237,"type":"hold","duration":0.75,"holdEase":"outCirc","angle":303.75,"angle2":382.5},{"time":238,"type":"block","angle":326.25},{"time":238.5,"type":"block","angle":270},{"time":239,"tap":true,"angle":337.5,"type":"side"},{"time":239.5,"type":"block","angle":45},{"time":240,"type":"block","angle":326.25},{"time":240.5,"type":"block","angle":45},{"time":241,"type":"hold","duration":0.75,"holdEase":"outCirc","angle":101.25,"angle2":146.25},{"time":242,"type":"block","angle":123.75},{"time":242.5,"type":"block","angle":56.25},{"time":242.625,"type":"block","angle":67.5},{"time":243.5,"type":"block","angle":270},{"time":244.25,"type":"block","angle":112.5},{"time":242.75,"type":"block","angle":90},{"time":243,"tap":true,"angle":225,"type":"side"},{"time":244,"type":"side","angle":180},{"time":244,"type":"side","angle":168.75},{"time":244,"tap":true,"angle":157.5,"type":"side"},{"time":245,"type":"hold","duration":0.75,"holdEase":"outCirc","angle":78.75,"angle2":33.75},{"time":246,"type":"block","angle":348.75},{"time":246.5,"type":"block","angle":11.25},{"time":247,"tap":true,"angle":11.25,"type":"block"},{"time":247.5,"type":"block","angle":56.25},{"time":248,"type":"block","angle":11.25},{"time":248.5,"type":"block","angle":90},{"time":247,"tap":true,"angle":33.75,"type":"block"},{"time":246.75,"type":"block","angle":337.5},{"time":246.5,"type":"block","angle":33.75},{"time":249,"type":"hold","duration":0.75,"holdEase":"outCirc","angle":45,"angle2":-33.75},{"time":250,"type":"block","angle":11.25},{"time":250.5,"type":"block","angle":326.25},{"time":251.5,"type":"block","angle":337.5},{"time":252.5,"type":"block","angle":337.5},{"time":250.75,"type":"block","angle":303.75},{"time":251.75,"type":"block","angle":315},{"time":252.5,"type":"block","angle":348.75},{"time":251,"tap":true,"angle":236.25,"type":"side"},{"time":252,"tap":true,"angle":247.5,"type":"side"},{"time":253,"type":"hold","duration":0.75,"holdEase":"outCirc","angle":33.75,"angle2":123.75},{"time":254,"type":"block","angle":168.75},{"time":254.5,"type":"block","angle":258.75},{"time":255.5,"type":"block","angle":78.75},{"time":256,"type":"block","angle":56.25},{"time":256.5,"type":"block","angle":123.75},{"time":255,"tap":true,"angle":157.5,"type":"side"},{"time":257,"type":"hold","duration":0.75,"holdEase":"outCirc","angle":78.75,"angle2":22.5},{"time":258,"type":"block","angle":337.5},{"time":259.5,"type":"block","angle":56.25},{"time":260,"type":"block","angle":90},{"time":260.5,"type":"block","angle":56.25},{"time":258.5,"type":"block","angle":247.5},{"time":258.25,"type":"block","angle":303.75},{"time":258.375,"type":"block","angle":270},{"time":258.75,"type":"block","angle":281.25},{"time":16.5,"type":"block","angle":78.75},{"time":261,"type":"hold","duration":0.75,"holdEase":"outCirc","angle":315,"angle2":247.5},{"time":262,"type":"block","angle":292.5},{"time":262.5,"type":"block","angle":236.25},{"time":263.5,"type":"block","angle":11.25},{"time":264,"type":"block","angle":303.75},{"time":264.5,"type":"block","angle":258.75},{"time":263,"tap":true,"angle":315,"type":"side"},{"time":265,"type":"hold","duration":0.75,"holdEase":"outCirc","angle":315,"angle2":405},{"time":266,"type":"block","angle":67.5},{"time":266.5,"type":"block","angle":11.25},{"time":267,"tap":true,"angle":90,"type":"block"},{"time":267.5,"type":"block","angle":135},{"time":268,"type":"block","angle":67.5},{"time":268.5,"type":"block","angle":112.5},{"time":266.75,"type":"block","angle":45},{"time":269,"type":"hold","duration":0.75,"holdEase":"outCirc","angle":56.25,"angle2":-33.75},{"time":270,"type":"block","angle":360},{"time":270.5,"type":"block","angle":33.75},{"time":271.5,"type":"block","angle":270},{"time":272,"type":"block","angle":303.75},{"time":272.5,"type":"block","angle":360},{"time":271,"tap":true,"angle":135,"type":"side"},{"time":273,"type":"hold","duration":0.75,"holdEase":"outCirc","angle":22.5,"angle2":-112.5},{"time":274,"type":"block","angle":225},{"time":274.5,"type":"block","angle":123.75},{"time":274.75,"type":"block","angle":157.5},{"time":275.5,"type":"block","angle":11.25},{"time":276,"type":"block","angle":78.75},{"time":276.5,"type":"block","angle":135},{"time":275,"tap":true,"angle":270,"type":"side"},{"time":277,"type":"hold","duration":0.75,"holdEase":"outCirc","angle":146.25,"angle2":45},{"time":278,"type":"block","angle":101.25},{"time":278.5,"type":"block","angle":135},{"time":279.5,"type":"block","angle":326.25},{"time":280,"type":"block","angle":258.75},{"time":280.5,"type":"block","angle":348.75},{"time":279,"tap":true,"angle":45,"type":"side"},{"time":281,"angle":33.75,"duration":0.75,"holdEase":"outCirc","type":"hold","angle2":-67.5},{"time":282,"type":"block","angle":258.75},{"time":282.5,"type":"block","angle":281.25},{"time":283,"tap":true,"angle":270,"type":"block"},{"time":283,"tap":true,"angle":292.5,"type":"block"},{"time":282.5,"type":"block","angle":303.75},{"time":282.75,"type":"block","angle":337.5},{"time":283.5,"duration":0.25,"type":"hold","angle":258.75,"angle2":303.75},{"time":283.75,"duration":0,"type":"hold","angle":303.75,"angle2":281.25},{"time":283.75,"duration":0.25,"type":"hold","angle":281.25,"angle2":326.25},{"time":284,"duration":0.375,"type":"hold","angle":326.25,"angle2":315},{"time":284.375,"duration":0.375,"type":"hold","angle":315,"angle2":360},{"time":284.75,"duration":0.25,"type":"hold","angle":360,"angle2":315},{"time":285,"type":"hold","duration":6,"holdEase":"outSine","angle":315,"angle2":-382.5},{"time":291,"type":"hold","duration":0.625,"holdEase":"linear","angle":-22.5,"angle2":-90},{"time":291.625,"duration":0.625,"type":"hold","angle":270,"angle2":348.75},{"time":292.25,"duration":0.75,"type":"hold","angle":-11.25,"angle2":-67.5},{"time":293,"type":"hold","duration":6,"holdEase":"inOutQuad","angle":-67.5,"angle2":438.75},{"time":299,"duration":0.625,"type":"hold","angle":78.75,"angle2":0},{"time":299.625,"duration":0.625,"type":"hold","angle":0,"angle2":101.25},{"time":300.25,"duration":0.75,"type":"hold","angle":101.25,"angle2":56.25},{"time":301,"type":"hold","duration":3,"holdEase":"inOutQuad","angle":56.25,"angle2":78.75},{"time":304,"type":"hold","duration":5,"holdEase":"inBack","angle":78.75,"angle2":191.25},{"time":309,"type":"hold","duration":8,"holdEase":"outSine","angle":191.25,"angle2":675},{"time":317,"angle":315,"duration":6.75,"holdEase":"outSine","type":"hold","angle2":911.25},{"time":323.75,"duration":0.375,"type":"hold","angle":191.25,"angle2":157.5},{"time":324.125,"duration":0.375,"type":"hold","angle":157.5,"angle2":202.5},{"time":324.5,"duration":0.875,"type":"hold","angle":202.5,"angle2":135},{"time":325.375,"type":"hold","duration":5.75,"holdEase":"outSine","angle":135,"angle2":438.75},{"time":331.125,"duration":0.625,"type":"hold","angle":78.75,"angle2":11.25},{"time":331.75,"duration":0.5,"type":"hold","angle":11.25,"angle2":67.5},{"time":332.25,"duration":0.875,"type":"hold","angle":67.5,"angle2":-67.5},{"time":333.125,"type":"hold","duration":3.25,"holdEase":"outSine","angle":292.5,"angle2":495},{"time":336.375,"duration":0.375,"type":"hold","angle":135,"angle2":168.75},{"time":336.75,"duration":0.5,"type":"hold","angle":168.75,"angle2":123.75},{"time":337.25,"type":"hold","duration":3.125,"holdEase":"outSine","angle":123.75,"angle2":303.75},{"time":340.375,"duration":0.5,"type":"hold","angle":-56.25,"angle2":-101.25},{"time":340.875,"duration":1.125,"type":"hold","angle":258.75,"angle2":360},{"time":342,"type":"hold","duration":6,"holdEase":"outSine","angle":0,"angle2":-315},{"time":348,"type":"hold","duration":9,"holdEase":"inQuint","angle":45,"angle2":-810},{"time":287,"type":"extraTap","angle":180},{"time":295,"type":"extraTap","angle":180},{"time":294.75,"type":"extraTap","angle":180},{"time":294.5,"type":"extraTap","angle":180},{"time":299,"type":"extraTap","angle":180},{"time":298.75,"type":"extraTap","angle":180},{"time":298.5,"type":"extraTap","angle":180},{"time":303,"type":"extraTap","angle":180},{"time":306.5,"type":"extraTap","angle":180},{"time":306.75,"type":"extraTap","angle":180},{"time":307,"type":"extraTap","angle":180},{"time":308,"type":"extraTap","angle":180},{"time":308.25,"type":"extraTap","angle":180},{"time":311,"type":"extraTap","angle":180},{"time":310.75,"type":"extraTap","angle":180},{"time":310.5,"type":"extraTap","angle":180},{"time":314.75,"type":"extraTap","angle":180},{"time":315,"type":"extraTap","angle":180},{"time":315.625,"type":"extraTap","angle":180},{"time":315.875,"type":"extraTap","angle":180},{"time":316.5,"type":"extraTap","angle":180},{"time":316.75,"type":"extraTap","angle":180},{"time":291,"type":"extraTap","angle":180},{"time":8.5,"type":"block","angle":236.25},{"time":48,"type":"mineHold","duration":0.25,"holdEase":"linear","angle":-303.75,"angle2":-157.5},{"time":48.25,"duration":0.25,"type":"mineHold","angle":202.5,"angle2":123.75},{"time":48.5,"duration":0.375,"type":"mineHold","angle":483.75,"angle2":675},{"time":77,"type":"block","angle":202.5},{"time":154,"type":"block","angle":22.5},{"time":154.5,"type":"block","angle":326.25},{"time":155,"type":"block","angle":33.75},{"time":155.5,"type":"block","angle":337.5},{"time":156,"type":"block","angle":22.5},{"time":156.5,"type":"block","angle":348.75},{"time":157,"duration":0.75,"angle":360,"type":"hold","angle2":360},{"time":158,"type":"block","angle":22.5},{"time":158.5,"type":"block","angle":326.25},{"time":159,"type":"block","angle":33.75},{"time":159.5,"type":"block","angle":337.5},{"time":160,"type":"block","angle":22.5},{"time":160.5,"type":"block","angle":348.75},{"time":161,"duration":0.75,"angle":360,"type":"hold","angle2":360},{"time":162,"type":"block","angle":22.5},{"time":162.5,"type":"block","angle":326.25},{"time":163,"type":"block","angle":33.75},{"time":163.5,"type":"block","angle":337.5},{"time":164,"type":"block","angle":22.5},{"time":164.5,"type":"block","angle":348.75},{"time":259,"tap":true,"type":"side","angle":360},{"time":223,"tap":true,"angle":360,"type":"side"}]