{"properties":{"offset":8,"formatversion":12,"speed":70,"startBeat":8},"metadata":{"charter":"noob_y","bg":true,"description":"the cool funky probably tangerine-related music made by a cool person","bgData":{"blueChannel":{"r":255,"g":105,"b":0},"redChannel":{"r":159,"g":0,"b":0},"image":"test.png"},"difficulty":6,"artistLink":"https://www.youtube.com/@Tangermusic","songName":"Tangier","artist":"Tanger"},"events":[{"bpm":134,"volume":1,"file":"Tangier.ogg","time":0,"angle":360,"type":"play"},{"r":159,"g":0,"b":0,"color":0,"angle":22.5,"time":-8,"type":"setColor"},{"r":255,"g":105,"b":0,"color":1,"angle":45,"time":-8,"type":"setColor"},{"r":212,"g":0,"b":0,"ease":"inOutSine","angle":337.5,"type":"setColor","color":1,"time":90.25,"duration":30},{"r":255,"g":105,"b":0,"ease":"linear","angle":315,"type":"setColor","color":0,"time":90.25,"duration":30},{"type":"paddles","duration":0.5,"ease":"inSine","angle":90,"time":112,"newWidth":50,"paddle":1},{"type":"paddles","duration":0.5,"ease":"inSine","angle":0,"time":121.75,"newWidth":70,"paddle":1},{"angle":202.5,"value":2,"ease":"linear","time":39.25,"var":"vfx.hglitch.strength","type":"ease"},{"value":0,"angle":202.5,"time":39.5,"var":"vfx.hglitch.strength","type":"ease"},{"angle":180,"value":2,"ease":"linear","time":49,"var":"vfx.hglitch.strength","type":"ease"},{"value":0,"angle":180,"time":49.25,"var":"vfx.hglitch.strength","type":"ease"},{"value":2,"angle":315,"time":58,"var":"vfx.hglitch.strength","type":"ease"},{"value":0,"angle":315,"time":58.25,"var":"vfx.hglitch.strength","type":"ease"},{"value":2,"angle":180,"time":67,"var":"vfx.hglitch.strength","type":"ease"},{"value":0,"angle":180,"time":67.25,"var":"vfx.hglitch.strength","type":"ease"},{"value":0,"angle":247.5,"time":76.5,"var":"vfx.hglitch.strength","type":"ease"},{"value":2,"angle":247.5,"time":76.25,"var":"vfx.hglitch.strength","type":"ease"},{"value":2,"angle":247.5,"time":84.75,"var":"vfx.hglitch.strength","type":"ease"},{"value":0,"angle":247.5,"time":85,"var":"vfx.hglitch.strength","type":"ease"},{"value":2,"angle":157.5,"time":93.25,"var":"vfx.hglitch.strength","type":"ease"},{"value":0,"angle":157.5,"time":93.5,"var":"vfx.hglitch.strength","type":"ease"},{"type":"ease","ease":"inSine","value":2.5999999046326,"time":110,"angle":45,"var":"vfx.hglitch.strength","duration":5},{"value":0,"angle":45,"time":125.75,"var":"vfx.hglitch.strength","type":"ease"},{"r":159,"g":0,"b":0,"ease":"inOutSine","angle":247.5,"type":"setColor","color":0,"time":189.25,"duration":1},{"r":255,"g":105,"b":0,"ease":"inOutSine","angle":180,"type":"setColor","color":1,"time":189.25,"duration":1},{"type":"paddles","duration":0.5,"ease":"inSine","angle":292.5,"time":143,"newWidth":50,"paddle":1},{"type":"paddles","duration":0.5,"ease":"inSine","angle":157.5,"time":147.75,"newWidth":70,"paddle":1},{"type":"paddles","duration":0.5,"ease":"inSine","angle":270,"time":156.5,"newWidth":50,"paddle":1},{"type":"paddles","duration":0.5,"ease":"inSine","angle":247.5,"time":159.75,"newWidth":70,"paddle":1},{"type":"paddles","duration":0.5,"ease":"inSine","angle":337.5,"time":171.75,"newWidth":50,"paddle":1},{"type":"paddles","duration":0.5,"ease":"inSine","angle":45,"time":176.75,"newWidth":70,"paddle":1},{"type":"paddles","duration":0.5,"ease":"inSine","angle":180,"time":187.25,"newWidth":50,"paddle":1},{"type":"paddles","duration":0.5,"ease":"inSine","angle":180,"time":189,"newWidth":70,"paddle":1},{"value":10,"angle":270,"time":197,"var":"vfx.hglitch.strength","type":"ease"},{"type":"ease","ease":"inSine","value":0,"time":197.5,"angle":270,"var":"vfx.hglitch.strength","duration":1},{"value":10,"angle":315,"time":202,"var":"vfx.hglitch.strength","type":"ease"},{"angle":315,"type":"ease","value":0,"time":202.5,"var":"vfx.hglitch.strength","duration":1},{"value":10,"angle":67.5,"time":205,"var":"vfx.hglitch.strength","type":"ease"},{"type":"ease","ease":"inSine","value":0,"time":205.5,"angle":67.5,"var":"vfx.hglitch.strength","duration":1},{"value":10,"angle":337.5,"time":200,"var":"vfx.hglitch.strength","type":"ease"},{"type":"ease","ease":"inSine","value":0,"time":200.5,"angle":337.5,"var":"vfx.hglitch.strength","duration":1},{"value":10,"angle":202.5,"time":208,"var":"vfx.hglitch.strength","type":"ease"},{"type":"ease","ease":"inSine","value":0,"time":208.5,"angle":202.5,"var":"vfx.hglitch.strength","duration":1},{"value":10,"angle":202.5,"time":210,"var":"vfx.hglitch.strength","type":"ease"},{"type":"ease","ease":"inSine","value":0,"time":210.5,"angle":202.5,"var":"vfx.hglitch.strength","duration":1},{"value":10,"angle":135,"time":212.5,"var":"vfx.hglitch.strength","type":"ease"},{"type":"ease","ease":"inSine","value":0,"time":213,"angle":135,"var":"vfx.hglitch.strength","duration":1},{"value":10,"angle":270,"time":216,"var":"vfx.hglitch.strength","type":"ease"},{"type":"ease","ease":"inSine","value":0,"angle":270,"time":216.5,"var":"vfx.hglitch.strength","duration":1},{"value":10,"angle":225,"time":217.75,"var":"vfx.hglitch.strength","type":"ease"},{"type":"ease","ease":"inSine","value":0,"angle":225,"time":218.25,"var":"vfx.hglitch.strength","duration":1},{"value":10,"angle":270,"time":220.75,"var":"vfx.hglitch.strength","type":"ease"},{"type":"ease","ease":"inSine","value":0,"time":221.25,"angle":270,"var":"vfx.hglitch.strength","duration":1},{"value":10,"angle":45,"time":224,"var":"vfx.hglitch.strength","type":"ease"},{"type":"ease","ease":"inSine","value":0,"time":224.5,"angle":45,"var":"vfx.hglitch.strength","duration":1},{"value":10,"angle":180,"time":225.75,"var":"vfx.hglitch.strength","type":"ease"},{"type":"ease","ease":"inSine","value":0,"time":226.25,"angle":180,"var":"vfx.hglitch.strength","duration":1},{"value":10,"angle":157.5,"time":229,"var":"vfx.hglitch.strength","type":"ease"},{"type":"ease","ease":"inSine","value":0,"time":229.5,"angle":157.5,"var":"vfx.hglitch.strength","duration":1},{"value":10,"angle":135,"time":232,"var":"vfx.hglitch.strength","type":"ease"},{"type":"ease","ease":"inSine","value":0,"time":232.5,"angle":135,"var":"vfx.hglitch.strength","duration":1},{"value":10,"angle":180,"time":233.75,"var":"vfx.hglitch.strength","type":"ease"},{"type":"ease","ease":"inSine","value":0,"time":234.25,"angle":180,"var":"vfx.hglitch.strength","duration":1},{"value":10,"angle":180,"time":236.75,"var":"vfx.hglitch.strength","type":"ease"},{"type":"ease","ease":"inSine","value":0,"time":237.25,"angle":180,"var":"vfx.hglitch.strength","duration":1},{"value":10,"angle":135,"time":239.75,"var":"vfx.hglitch.strength","type":"ease"},{"type":"ease","ease":"inSine","value":0,"time":240.25,"angle":135,"var":"vfx.hglitch.strength","duration":1},{"value":10,"angle":157.5,"time":241.75,"var":"vfx.hglitch.strength","type":"ease"},{"type":"ease","ease":"inSine","value":0,"time":242.25,"angle":157.5,"var":"vfx.hglitch.strength","duration":1},{"value":10,"angle":180,"time":244.5,"var":"vfx.hglitch.strength","type":"ease"},{"type":"ease","ease":"inSine","value":0,"time":245,"angle":180,"var":"vfx.hglitch.strength","duration":1},{"value":10,"angle":157.5,"time":247.75,"var":"vfx.hglitch.strength","type":"ease"},{"type":"ease","ease":"inSine","value":0,"time":248.25,"angle":157.5,"var":"vfx.hglitch.strength","duration":1},{"value":10,"angle":157.5,"time":249.5,"var":"vfx.hglitch.strength","type":"ease"},{"type":"ease","ease":"inSine","value":0,"time":250,"angle":157.5,"var":"vfx.hglitch.strength","duration":1},{"value":10,"angle":292.5,"time":252.5,"var":"vfx.hglitch.strength","type":"ease"},{"type":"ease","ease":"inSine","value":0,"time":253,"angle":292.5,"var":"vfx.hglitch.strength","duration":1},{"type":"ease","ease":"linear","value":2,"time":38.25,"angle":180,"var":"scrollSpeed","duration":30},{"value":1,"time":189.5,"angle":225,"var":"scrollSpeed","type":"ease"},{"type":"ease","value":2,"ease":"linear","time":227,"angle":180,"var":"scrollSpeed","duration":60},{"r":212,"g":0,"b":0,"ease":"inOutSine","angle":337.5,"type":"setColor","color":1,"time":219.5,"duration":60},{"r":255,"g":105,"b":0,"ease":"linear","angle":315,"type":"setColor","color":0,"time":219.5,"duration":60},{"type":"paddles","duration":0.5,"ease":"inSine","angle":315,"time":258.5,"newWidth":50,"paddle":1},{"type":"paddles","paddle":1,"ease":"inSine","angle":315,"time":272,"newWidth":70,"duration":0.5},{"type":"ease","value":2.5999999046326,"ease":"inSine","angle":315,"time":259,"var":"vfx.hglitch.strength","duration":5},{"value":0,"time":275,"angle":45,"var":"vfx.hglitch.strength","type":"ease"},{"type":"ease","value":2.5999999046326,"ease":"inSine","angle":45,"time":308,"var":"vfx.hglitch.strength","duration":10},{"value":0,"time":372,"angle":270,"var":"vfx.hglitch.strength","type":"ease"},{"r":255,"g":105,"b":0,"color":1,"time":372.5,"duration":10,"ease":"inSine","angle":360,"type":"setColor"},{"r":159,"g":0,"b":0,"color":0,"time":372.5,"ease":"inSine","type":"setColor","angle":22.5,"duration":10},{"duration":30,"value":1,"ease":"linear","angle":180,"time":403,"var":"scrollSpeed","type":"ease"},{"angle":0,"time":442.5,"type":"showResults"}]}