[{"angle":0,"type":"block","time":1},{"angle":30,"type":"block","time":1.5},{"angle":360,"type":"block","time":2},{"angle":360,"type":"block","time":2.25},{"angle":360,"type":"block","time":3},{"angle":330,"type":"block","time":3.5},{"angle":360,"type":"block","time":4},{"angle2":90,"angle":30,"time":4.5,"type":"hold","duration":0.5},{"angle":-270,"type":"block","time":5},{"angle":-300,"type":"block","time":5.5},{"angle":-630,"type":"block","time":6},{"angle":-630,"type":"block","time":6.25},{"angle":-630,"type":"block","time":7},{"angle":-600,"type":"block","time":7.5},{"angle":-630,"type":"block","time":8},{"angle2":-360,"angle":-300,"time":8.5,"type":"hold","duration":0.5},{"holdEase":"outCirc","angle2":330,"type":"hold","duration":1,"angle":360,"time":9},{"holdEase":"outCirc","angle2":30,"type":"hold","duration":1,"angle":0,"time":10},{"holdEase":"outCirc","angle2":330,"type":"hold","duration":0.25,"angle":360,"time":11},{"holdEase":"inCirc","angle2":360,"type":"hold","duration":0.75,"angle":330,"time":11.25},{"angle":45,"type":"block","time":12.5},{"holdEase":"outSine","angle2":180,"type":"hold","duration":1,"angle":90,"time":13},{"angle":180,"type":"block","time":14.5},{"holdEase":"outQuad","angle2":360,"type":"hold","duration":1,"angle":180,"time":15},{"duration":1,"angle2":180,"angle":180,"speedMult":2,"type":"mineHold","time":16},{"duration":1,"angle2":150,"angle":150,"speedMult":2,"type":"mineHold","time":16},{"duration":1,"angle2":120,"angle":120,"speedMult":2,"type":"mineHold","time":16},{"duration":1,"angle2":90,"angle":90,"speedMult":2,"type":"mineHold","time":16},{"duration":1,"angle2":60,"angle":60,"speedMult":2,"type":"mineHold","time":16},{"duration":1,"angle2":210,"angle":210,"speedMult":2,"type":"mineHold","time":16},{"duration":1,"angle2":240,"angle":240,"speedMult":2,"type":"mineHold","time":16},{"duration":1,"angle2":270,"angle":270,"speedMult":2,"type":"mineHold","time":16},{"duration":1,"angle2":300,"angle":300,"speedMult":2,"type":"mineHold","time":16},{"angle2":-90,"angle":0,"time":17,"type":"hold","duration":1},{"angle2":180,"angle":270,"time":18.5,"type":"hold","duration":1},{"angle":180,"type":"block","time":20.5},{"angle2":270,"angle":180,"time":21,"type":"hold","duration":1},{"angle2":360,"angle":270,"time":22.5,"type":"hold","duration":1},{"angle":345,"type":"block","time":23.5},{"angle":360,"type":"block","time":23.5},{"angle":15,"type":"block","time":23.5},{"angle":30,"type":"block","time":24},{"angle":45,"type":"block","time":24},{"angle":60,"type":"block","time":24},{"angle":75,"type":"block","time":24.5},{"angle":90,"type":"block","time":24.5},{"angle":105,"type":"block","time":24.5},{"holdEase":"inCirc","angle2":60,"type":"hold","duration":1,"angle":90,"time":25},{"holdEase":"inCirc","angle2":120,"type":"hold","duration":1,"angle":90,"time":26},{"holdEase":"inCirc","angle2":60,"type":"hold","duration":1,"angle":90,"time":27},{"holdEase":"outSine","angle2":180,"type":"hold","duration":1,"angle":90,"time":28},{"angle":180,"type":"block","time":29},{"angle2":30,"angle":90,"time":30,"type":"hold","duration":0.5},{"angle2":-15,"angle":60,"time":30.5,"type":"hold","duration":0.5},{"angle2":-90,"angle":15,"time":31,"type":"hold","duration":1},{"duration":1,"angle2":75,"angle":75,"speedMult":2,"type":"mineHold","time":32},{"duration":1,"angle2":45,"angle":45,"speedMult":2,"type":"mineHold","time":32},{"duration":1,"angle2":15,"angle":15,"speedMult":2,"type":"mineHold","time":32},{"duration":1,"angle2":-15,"angle":-15,"speedMult":2,"type":"mineHold","time":32},{"duration":1,"angle2":-255,"angle":-255,"speedMult":2,"type":"mineHold","time":32},{"duration":1,"angle2":-225,"angle":-225,"speedMult":2,"type":"mineHold","time":32},{"duration":1,"angle2":-195,"angle":-195,"speedMult":2,"type":"mineHold","time":32},{"duration":1,"angle2":-165,"angle":-165,"speedMult":2,"type":"mineHold","time":32},{"angle2":360,"angle":270,"time":33,"type":"hold","duration":1},{"angle2":270,"angle":360,"time":34.5,"type":"hold","duration":1},{"angle":180,"type":"block","time":36.5},{"angle2":90,"angle":180,"time":37,"type":"hold","duration":1},{"angle2":120,"angle":90,"time":38,"type":"hold","duration":1},{"angle2":120,"angle":75,"time":38.5,"type":"hold","duration":0.5},{"holdEase":"outSine","angle2":-240,"type":"hold","duration":2,"angle":120,"time":39},{"holdEase":"outCirc","angle2":60,"type":"hold","duration":0.5,"angle":90,"time":41},{"holdEase":"inCirc","angle2":90,"type":"hold","duration":0.5,"angle":60,"time":41.5},{"holdEase":"outCirc","angle2":-240,"type":"hold","duration":0.5,"angle":-270,"time":42},{"holdEase":"inCirc","angle2":-270,"type":"hold","duration":0.5,"angle":-240,"time":42.5},{"angle2":90,"angle":90,"time":43,"type":"hold","duration":1},{"angle":90,"type":"block","time":44},{"angle":135,"type":"block","time":44.5},{"holdEase":"outCirc","angle2":-150,"type":"hold","duration":0.5,"angle":-180,"time":45},{"holdEase":"inCirc","angle2":-180,"type":"hold","duration":0.5,"angle":-150,"time":45.5},{"holdEase":"outCirc","angle2":150,"type":"hold","duration":0.5,"angle":180,"time":46},{"holdEase":"inCirc","angle2":180,"type":"hold","duration":0.5,"angle":150,"time":46.5},{"angle2":-180,"angle":-180,"time":47,"type":"hold","duration":1},{"angle":-180,"type":"block","time":48},{"holdEase":"inCirc","angle2":390,"type":"hold","duration":0.5,"angle":360,"time":49},{"holdEase":"outCirc","angle2":0,"type":"hold","duration":0.5,"angle":30,"time":49.5},{"holdEase":"inCirc","angle2":-30,"type":"hold","duration":0.5,"angle":0,"time":50},{"holdEase":"outCirc","angle2":360,"type":"hold","duration":0.5,"angle":330,"time":50.5},{"angle2":0,"angle":0,"time":51,"type":"hold","duration":1},{"angle":0,"type":"block","time":52},{"angle":315,"type":"block","time":52.5},{"holdEase":"inCirc","angle2":-480,"type":"hold","duration":0.5,"angle":-450,"time":53},{"holdEase":"outCirc","angle2":-90,"type":"hold","duration":0.5,"angle":-120,"time":53.5},{"holdEase":"inCirc","angle2":-60,"type":"hold","duration":0.5,"angle":-90,"time":54},{"holdEase":"outCirc","angle2":-450,"type":"hold","duration":0.5,"angle":-420,"time":54.5},{"angle2":0,"angle":-90,"time":55,"type":"hold","duration":1},{"angle":360,"type":"block","time":56.5},{"angle2":315,"angle":360,"time":57,"type":"hold","duration":1},{"angle":315,"type":"block","time":58.5},{"angle2":405,"angle":360,"time":59,"type":"hold","duration":1},{"angle2":0,"angle":45,"time":60,"type":"hold","duration":1},{"angle":360,"type":"block","time":61},{"angle2":180,"angle":315,"time":61.5,"type":"hold","duration":1},{"angle2":45,"angle":180,"time":63,"type":"hold","duration":1},{"holdEase":"outCirc","angle2":330,"type":"hold","duration":0.5,"angle":360,"time":65},{"holdEase":"inCirc","angle2":360,"type":"hold","duration":0.5,"angle":330,"time":65.5},{"holdEase":"outCirc","angle2":-330,"type":"hold","duration":0.5,"angle":-360,"time":66},{"holdEase":"inCirc","angle2":-360,"type":"hold","duration":0.5,"angle":-330,"time":66.5},{"holdEase":"outCirc","angle2":330,"type":"hold","duration":0.5,"angle":360,"time":67},{"holdEase":"inCirc","angle2":360,"type":"hold","duration":0.5,"angle":330,"time":67.5},{"holdEase":"outCirc","angle2":-330,"type":"hold","duration":0.5,"angle":-360,"time":68},{"holdEase":"inCirc","angle2":-360,"type":"hold","duration":0.5,"angle":-330,"time":68.5},{"angle2":345,"angle":345,"time":69,"type":"hold","duration":1},{"angle2":-15,"angle":15,"time":69.5,"type":"hold","duration":0},{"angle2":-15,"angle":15,"time":70,"type":"hold","duration":0},{"angle2":195,"angle":195,"time":69.5,"type":"mineHold","duration":1},{"angle2":195,"angle":165,"time":69.5,"type":"mineHold","duration":0},{"angle2":195,"angle":180,"time":70,"type":"mineHold","duration":0},{"angle2":195,"angle":165,"time":70.5,"type":"mineHold","duration":0},{"angle2":360,"angle":330,"time":70,"type":"hold","duration":1},{"angle2":0,"angle":30,"time":70,"type":"hold","duration":1},{"angle2":-15,"angle":15,"time":70.5,"type":"hold","duration":0},{"angle2":195,"angle":195,"time":70.5,"type":"mineHold","duration":1},{"holdEase":"outCirc","angle2":165,"type":"mineHold","duration":0.25,"angle":195,"time":70.5},{"holdEase":"inCirc","angle2":195,"type":"mineHold","duration":0.25,"angle":165,"time":70.75},{"angle2":165,"angle":195,"time":71,"type":"mineHold","duration":0.5},{"angle":315,"type":"side","time":71},{"angle":300,"type":"side","time":71},{"angle":30,"type":"side","time":72},{"angle":45,"type":"side","time":72},{"holdEase":"outCirc","angle2":30,"type":"hold","duration":0.5,"angle":0,"time":73},{"holdEase":"outCirc","angle2":-30,"type":"hold","duration":0.5,"angle":0,"time":73},{"angle":270,"type":"extraTap","time":74},{"angle":270,"type":"extraTap","time":76},{"angle":270,"type":"extraTap","time":78},{"angle":270,"type":"extraTap","time":80},{"angle":270,"type":"extraTap","time":82},{"angle":270,"type":"extraTap","time":84},{"angle":270,"type":"extraTap","time":86},{"angle":270,"type":"extraTap","time":88},{"angle2":60,"angle":90,"time":74.5,"type":"hold","duration":0.5},{"angle2":0,"angle":90,"time":75,"type":"hold","duration":1.5},{"angle2":360,"angle":360,"time":76.5,"type":"hold","duration":0.5},{"holdEase":"outCirc","angle2":45,"type":"hold","duration":0.5,"angle":0,"time":77},{"holdEase":"inCirc","angle2":0,"type":"hold","duration":0.5,"angle":45,"time":77.5},{"holdEase":"outCirc","angle2":-45,"type":"hold","duration":0.5,"angle":0,"time":78},{"holdEase":"inCirc","angle2":0,"type":"hold","duration":0.5,"angle":-45,"time":78.5},{"angle2":-45,"angle":0,"time":79,"type":"hold","duration":1},{"angle2":180,"angle":180,"time":81,"type":"hold","duration":1},{"angle":180,"type":"block","time":82},{"angle2":195,"angle":150,"time":83,"type":"hold","duration":0.75},{"angle2":210,"angle":165,"time":83.75,"type":"hold","duration":0.75},{"angle2":210,"angle":180,"time":84.5,"type":"hold","duration":0.5},{"angle2":-195,"angle":-150,"time":85,"type":"hold","duration":0.75},{"angle2":-210,"angle":-165,"time":85.75,"type":"hold","duration":0.75},{"angle2":-210,"angle":-180,"time":86.5,"type":"hold","duration":0.5},{"angle":165,"type":"block","time":82.5},{"angle":270,"type":"extraTap","time":90},{"angle":270,"type":"extraTap","time":92},{"angle":270,"type":"extraTap","time":94},{"angle":270,"type":"extraTap","time":96},{"angle":270,"type":"extraTap","time":98},{"angle":270,"type":"extraTap","time":100},{"angle":270,"type":"extraTap","time":102},{"holdEase":"inCirc","angle2":180,"type":"hold","duration":0.5,"angle":210,"time":89},{"holdEase":"inCirc","angle2":180,"type":"hold","duration":0.5,"angle":150,"time":89},{"angle":180,"type":"block","time":90.5},{"angle2":360,"angle":180,"time":91,"type":"hold","duration":1},{"angle2":360,"angle":360,"time":92.5,"type":"hold","duration":0.5},{"holdEase":"inCirc","angle2":405,"type":"hold","duration":0.5,"angle":360,"time":93},{"holdEase":"outCirc","angle2":0,"type":"hold","duration":0.5,"angle":45,"time":93.5},{"holdEase":"inCirc","angle2":-405,"type":"hold","duration":0.5,"angle":-360,"time":94},{"holdEase":"outCirc","angle2":0,"type":"hold","duration":0.5,"angle":-45,"time":94.5},{"angle2":-180,"angle":0,"time":95,"type":"hold","duration":1},{"angle2":90,"angle":180,"time":97,"type":"hold","duration":1},{"angle":90,"type":"block","time":98.5},{"angle2":60,"angle":90,"time":99,"type":"hold","duration":0.75},{"angle2":120,"angle":90,"time":99.75,"type":"hold","duration":0.75},{"angle2":90,"angle":90,"time":100.5,"type":"hold","duration":0.5},{"angle2":-240,"angle":-270,"time":101,"type":"hold","duration":0.75},{"angle2":-300,"angle":-270,"time":101.75,"type":"hold","duration":0.75},{"angle2":-270,"angle":-270,"time":102.5,"type":"hold","duration":0.5},{"holdEase":"outCirc","angle2":45,"type":"hold","duration":0.5,"angle":0,"time":105},{"holdEase":"inCirc","angle2":0,"type":"hold","duration":0.5,"angle":45,"time":105.5},{"angle2":360,"angle":360,"time":105.5,"type":"hold","duration":0},{"holdEase":"outCirc","angle2":15,"type":"hold","duration":0.25,"angle":0,"time":105.25},{"holdEase":"inCirc","angle2":0,"type":"hold","duration":0.25,"angle":15,"time":105.5},{"holdEase":"outCirc","angle2":-45,"type":"hold","duration":0.5,"angle":0,"time":105},{"holdEase":"inCirc","angle2":0,"type":"hold","duration":0.5,"angle":-45,"time":105.5},{"holdEase":"outCirc","angle2":-15,"type":"hold","duration":0.25,"angle":0,"time":105.25},{"holdEase":"inCirc","angle2":0,"type":"hold","duration":0.25,"angle":-15,"time":105.5},{"angle":270,"speedMult":1.5,"type":"extraTap","time":105},{"angle":270,"speedMult":1.5,"type":"extraTap","time":106},{"angle":270,"speedMult":1.5,"type":"extraTap","time":107},{"angle":270,"speedMult":1.5,"type":"extraTap","time":108},{"angle":270,"speedMult":1.5,"type":"extraTap","time":109},{"angle":270,"speedMult":1.5,"type":"extraTap","time":110},{"angle":270,"speedMult":1.5,"type":"extraTap","time":111},{"angle":270,"speedMult":1.5,"type":"extraTap","time":112},{"angle":270,"speedMult":1.5,"type":"extraTap","time":113},{"angle":270,"speedMult":1.5,"type":"extraTap","time":114},{"angle":270,"speedMult":1.5,"type":"extraTap","time":115},{"angle":270,"speedMult":1.5,"type":"extraTap","time":116},{"angle":270,"speedMult":1.5,"type":"extraTap","time":117},{"angle":270,"speedMult":1.5,"type":"extraTap","time":118},{"angle":270,"speedMult":1.5,"type":"extraTap","time":119},{"angle":270,"speedMult":1.5,"type":"extraTap","time":120},{"angle":270,"speedMult":1.5,"type":"extraTap","time":121},{"angle":270,"speedMult":1.5,"type":"extraTap","time":122},{"angle":270,"speedMult":1.5,"type":"extraTap","time":123},{"angle":270,"speedMult":1.5,"type":"extraTap","time":124},{"angle":270,"speedMult":1.5,"type":"extraTap","time":125},{"angle":270,"speedMult":1.5,"type":"extraTap","time":126},{"angle":270,"speedMult":1.5,"type":"extraTap","time":127},{"angle":270,"speedMult":1.5,"type":"extraTap","time":128},{"angle":270,"speedMult":1.5,"type":"extraTap","time":129},{"angle":270,"speedMult":1.5,"type":"extraTap","time":130},{"angle":270,"speedMult":1.5,"type":"extraTap","time":131},{"angle":270,"speedMult":1.5,"type":"extraTap","time":132},{"angle":270,"speedMult":1.5,"type":"extraTap","time":133},{"angle":270,"speedMult":1.5,"type":"extraTap","time":134},{"angle":270,"speedMult":1.5,"type":"extraTap","time":135},{"angle2":390,"angle":360,"time":106.5,"type":"hold","duration":0.5},{"angle2":-105,"angle":30,"time":107,"type":"hold","duration":1},{"angle2":165,"angle":285,"time":108,"type":"hold","duration":1},{"holdEase":"outCirc","angle2":210,"type":"hold","duration":0.5,"angle":180,"time":109},{"angle2":210,"angle":210,"time":109.5,"type":"hold","duration":0.5},{"holdEase":"inCirc","angle2":180,"type":"hold","duration":0.5,"angle":210,"time":110},{"angle2":180,"angle":180,"time":110.5,"type":"hold","duration":0.5},{"holdEase":"outQuad","angle2":0,"type":"hold","duration":1,"angle":180,"time":111},{"angle2":450,"angle":360,"time":113,"type":"hold","duration":1},{"angle":90,"type":"block","time":114.5},{"holdEase":"outCirc","angle2":120,"type":"hold","duration":0.5,"angle":90,"time":115},{"holdEase":"inCirc","angle2":90,"type":"hold","duration":0.25,"angle":120,"time":115.5},{"holdEase":"outCirc","angle2":-300,"type":"hold","duration":0.5,"angle":-270,"time":115.75},{"holdEase":"inCirc","angle2":-270,"type":"hold","duration":0.25,"angle":-300,"time":116.25},{"holdEase":"outCirc","angle2":105,"type":"hold","duration":0.25,"angle":90,"time":116.5},{"holdEase":"inCirc","angle2":90,"type":"hold","duration":0.25,"angle":105,"time":116.75},{"holdEase":"outCirc","angle2":120,"type":"hold","duration":0.5,"angle":90,"time":117},{"holdEase":"inCirc","angle2":90,"type":"hold","duration":0.25,"angle":120,"time":117.5},{"holdEase":"outCirc","angle2":-300,"type":"hold","duration":0.5,"angle":-270,"time":117.75},{"holdEase":"inCirc","angle2":-270,"type":"hold","duration":0.25,"angle":-300,"time":118.25},{"holdEase":"outCirc","angle2":105,"type":"hold","duration":0.25,"angle":90,"time":118.5},{"holdEase":"inCirc","angle2":90,"type":"hold","duration":0.25,"angle":105,"time":118.75},{"angle2":90,"angle":90,"time":119,"type":"hold","duration":1},{"angle":90,"type":"block","time":120},{"angle":45,"type":"block","time":120.5},{"holdEase":"outCirc","angle2":45,"type":"hold","duration":0.5,"angle":0,"time":121},{"holdEase":"inCirc","angle2":0,"type":"hold","duration":0.5,"angle":45,"time":121.5},{"angle2":360,"angle":360,"time":121.5,"type":"hold","duration":0},{"holdEase":"outCirc","angle2":15,"type":"hold","duration":0.25,"angle":0,"time":121.25},{"holdEase":"inCirc","angle2":0,"type":"hold","duration":0.25,"angle":15,"time":121.5},{"holdEase":"outCirc","angle2":-45,"type":"hold","duration":0.5,"angle":0,"time":121},{"holdEase":"inCirc","angle2":0,"type":"hold","duration":0.5,"angle":-45,"time":121.5},{"holdEase":"outCirc","angle2":-15,"type":"hold","duration":0.25,"angle":0,"time":121.25},{"holdEase":"inCirc","angle2":0,"type":"hold","duration":0.25,"angle":-15,"time":121.5},{"angle2":180,"angle":90,"time":124,"type":"hold","duration":0.5},{"holdEase":"inCirc","angle2":225,"type":"hold","duration":0.5,"angle":180,"time":125},{"holdEase":"inCirc","angle2":180,"type":"hold","duration":0.5,"angle":225,"time":125.5},{"holdEase":"inCirc","angle2":-225,"type":"hold","duration":0.5,"angle":-180,"time":126},{"holdEase":"inCirc","angle2":-180,"type":"hold","duration":0.5,"angle":-225,"time":126.5},{"angle2":0,"angle":180,"time":127,"type":"hold","duration":1},{"segments":1,"angle2":375,"type":"hold","duration":0,"angle":345,"time":129.75},{"holdEase":"outCirc","angle2":330,"type":"hold","duration":0.5,"angle":352.5,"time":129},{"holdEase":"outCirc","angle2":382.5,"type":"hold","duration":0.25,"angle":352.5,"time":129},{"holdEase":"inCirc","angle2":7.5,"type":"hold","duration":0.25,"angle":22.5,"time":129.25},{"holdEase":"inCirc","angle2":367.5,"type":"hold","duration":0.5,"angle":352.5,"time":129},{"holdEase":"outCirc","angle2":0,"type":"hold","duration":0.5,"angle":15,"time":129},{"angle2":0,"angle":0,"time":129.5,"type":"hold","duration":0.5},{"angle":0,"type":"block","time":130.5},{"angle2":30,"angle":0,"time":131,"type":"hold","duration":0.75},{"angle2":0,"angle":30,"time":131.75,"type":"hold","duration":0.75},{"angle2":375,"angle":360,"time":132.5,"type":"hold","duration":0.5},{"angle2":-15,"angle":15,"time":133,"type":"hold","duration":0.75},{"angle2":15,"angle":-15,"time":133.75,"type":"hold","duration":0.75},{"angle2":-360,"angle":-345,"time":134.5,"type":"hold","duration":0.5},{"angle":0,"type":"block","time":137},{"angle":15,"type":"block","time":137.25},{"angle":30,"type":"block","time":137.5},{"angle":45,"type":"block","time":137.75},{"angle":0,"type":"block","time":138},{"angle":345,"type":"block","time":138.25},{"angle":330,"type":"block","time":138.5},{"angle":315,"type":"block","time":138.75},{"angle":0,"type":"block","time":139},{"angle":15,"type":"block","time":139.25},{"angle":30,"type":"block","time":139.5},{"angle":45,"type":"block","time":139.75},{"angle":360,"type":"block","time":140},{"angle":345,"type":"block","time":140.25},{"angle":330,"type":"block","time":140.5},{"angle":315,"type":"block","time":140.75},{"angle":360,"type":"block","time":141},{"angle":15,"type":"block","time":141.25},{"angle":30,"type":"block","time":141.5},{"angle":45,"type":"block","time":141.75},{"angle":60,"type":"block","time":142},{"angle":75,"type":"block","time":142.25},{"angle":90,"type":"block","time":142.5},{"angle":105,"type":"block","time":142.75},{"angle":120,"type":"block","time":143},{"angle":135,"type":"block","time":143.25},{"angle":150,"type":"block","time":143.5},{"angle":165,"type":"block","time":143.75},{"holdEase":"outCirc","angle2":270,"type":"hold","duration":1,"angle":180,"time":144},{"holdEase":"outCirc","angle2":435,"type":"mineHold","duration":0.5,"angle":390,"time":144},{"holdEase":"inCirc","angle2":30,"type":"mineHold","duration":0.5,"angle":75,"time":144.5},{"holdEase":"outCirc","angle2":45,"type":"mineHold","duration":0.25,"angle":30,"time":144.25},{"holdEase":"inCirc","angle2":30,"type":"mineHold","duration":0.25,"angle":45,"time":144.5},{"holdEase":"outCirc","angle2":-375,"type":"mineHold","duration":0.5,"angle":-330,"time":144},{"holdEase":"inCirc","angle2":30,"type":"mineHold","duration":0.5,"angle":-15,"time":144.5},{"holdEase":"outCirc","angle2":15,"type":"mineHold","duration":0.25,"angle":30,"time":144.25},{"holdEase":"inCirc","angle2":30,"type":"mineHold","duration":0.25,"angle":15,"time":144.5},{"angle":390,"type":"mine","time":144.5},{"angle":-90,"type":"block","time":145},{"angle":-105,"type":"block","time":145.25},{"angle":-120,"type":"block","time":145.5},{"angle":-135,"type":"block","time":145.75},{"angle":-90,"type":"block","time":146},{"angle":-435,"type":"block","time":146.25},{"angle":-420,"type":"block","time":146.5},{"angle":-405,"type":"block","time":146.75},{"angle":-90,"type":"block","time":147},{"angle":-105,"type":"block","time":147.25},{"angle":-120,"type":"block","time":147.5},{"angle":-135,"type":"block","time":147.75},{"angle":-450,"type":"block","time":148},{"angle":-435,"type":"block","time":148.25},{"angle":-420,"type":"block","time":148.5},{"angle":-405,"type":"block","time":148.75},{"angle":-450,"type":"block","time":149},{"angle":-105,"type":"block","time":149.25},{"angle":-120,"type":"block","time":149.5},{"angle":-135,"type":"block","time":149.75},{"angle":-150,"type":"block","time":150},{"angle":-165,"type":"block","time":150.25},{"angle":-180,"type":"block","time":150.5},{"angle":-195,"type":"block","time":150.75},{"angle":-210,"type":"block","time":151},{"angle":-225,"type":"block","time":151.25},{"angle":-240,"type":"block","time":151.5},{"angle":-255,"type":"block","time":151.75},{"holdEase":"outCirc","angle2":-360,"type":"hold","duration":1,"angle":-270,"time":152},{"holdEase":"outCirc","angle2":-525,"type":"mineHold","duration":0.5,"angle":-480,"time":152},{"holdEase":"inCirc","angle2":-120,"type":"mineHold","duration":0.5,"angle":-165,"time":152.5},{"holdEase":"outCirc","angle2":-135,"type":"mineHold","duration":0.25,"angle":-120,"time":152.25},{"holdEase":"inCirc","angle2":-120,"type":"mineHold","duration":0.25,"angle":-135,"time":152.5},{"holdEase":"outCirc","angle2":285,"type":"mineHold","duration":0.5,"angle":240,"time":152},{"holdEase":"inCirc","angle2":-120,"type":"mineHold","duration":0.5,"angle":-75,"time":152.5},{"holdEase":"outCirc","angle2":-105,"type":"mineHold","duration":0.25,"angle":-120,"time":152.25},{"holdEase":"inCirc","angle2":-120,"type":"mineHold","duration":0.25,"angle":-105,"time":152.5},{"angle":-480,"type":"mine","time":152.5},{"holdEase":"inSine","angle2":360,"type":"hold","duration":1,"angle":180,"time":136},{"angle":45,"type":"side","time":153},{"angle":60,"type":"side","time":153},{"angle":-45,"type":"side","time":154},{"angle":-60,"type":"side","time":154},{"angle":45,"type":"side","time":155},{"angle":60,"type":"side","time":155},{"holdEase":"outCirc","angle2":390,"type":"hold","duration":0.5,"angle":360,"time":156},{"holdEase":"inCirc","angle2":0,"type":"hold","duration":0.5,"angle":30,"time":156.5},{"angle2":0,"angle":0,"time":157,"type":"hold","duration":1},{"holdEase":"outCirc","angle2":-390,"type":"hold","duration":0.5,"angle":-360,"time":158},{"holdEase":"inCirc","angle2":0,"type":"hold","duration":0.5,"angle":-30,"time":158.5},{"holdEase":"outSine","angle2":-180,"type":"hold","duration":1,"angle":0,"time":159},{"angle":180,"type":"block","time":160.5},{"angle2":90,"angle":180,"time":161,"type":"hold","duration":1},{"angle2":0,"angle":90,"time":162.5,"type":"hold","duration":1},{"holdEase":"outCirc","angle2":330,"type":"hold","duration":1,"angle":360,"time":163.5},{"holdEase":"inCirc","angle2":360,"type":"hold","duration":0.5,"angle":330,"time":164.5},{"angle2":90,"angle":0,"time":165,"type":"hold","duration":1},{"angle2":180,"angle":90,"time":166.5,"type":"hold","duration":1},{"holdEase":"outCirc","angle2":150,"type":"hold","duration":0.5,"angle":180,"time":167.5},{"holdEase":"inCirc","angle2":180,"type":"hold","duration":0.5,"angle":150,"time":168},{"holdEase":"outCirc","angle2":210,"type":"hold","duration":0.5,"angle":180,"time":168.5},{"holdEase":"inCirc","angle2":180,"type":"hold","duration":1,"angle":210,"time":169},{"holdEase":"inCirc","angle2":180,"type":"hold","duration":1,"angle":150,"time":171},{"angle":180,"type":"block","time":172.5},{"holdEase":"inCirc","angle2":180,"type":"hold","duration":1,"angle":210,"time":173},{"angle":180,"type":"block","time":174.5},{"holdEase":"outSine","angle2":360,"type":"hold","duration":1,"angle":150,"time":175},{"holdEase":"outCirc","angle2":15,"type":"hold","duration":0.25,"angle":0,"time":177},{"holdEase":"inOutQuad","angle2":0,"type":"hold","duration":0.75,"angle":15,"time":177.25},{"holdEase":"outCirc","angle2":-15,"type":"hold","duration":0.25,"angle":0,"time":177},{"holdEase":"inOutQuad","angle2":0,"type":"hold","duration":0.75,"angle":-15,"time":177.25},{"angle2":12.339087486267,"angle":12.339087486267,"time":177.5,"type":"hold","duration":0},{"angle2":348.17849731445,"angle":348.17849731445,"time":177.5,"type":"hold","duration":0},{"angle":360,"type":"block","time":178.5},{"holdEase":"outCirc","angle2":-30,"type":"hold","duration":0.5,"angle":0,"time":179},{"holdEase":"outCirc","angle2":360,"type":"hold","duration":0.5,"angle":330,"time":179.5},{"holdEase":"outCirc","angle2":30,"type":"hold","duration":0.5,"angle":0,"time":180},{"angle":360,"type":"block","time":180.5},{"angle2":180,"angle":360,"time":181,"type":"hold","duration":1},{"angle":180,"type":"block","time":182.5},{"holdEase":"outQuart","angle2":-180,"type":"hold","duration":2,"angle":180,"time":183},{"angle2":120,"angle":180,"time":185,"type":"hold","duration":0.5},{"angle2":90,"angle":150,"time":185.5,"type":"hold","duration":0.5},{"angle2":-210,"angle":-270,"time":186,"type":"hold","duration":0.5},{"angle2":-180,"angle":-240,"time":186.5,"type":"hold","duration":0.5},{"angle2":180,"angle":180,"time":187,"type":"hold","duration":1},{"angle2":240,"angle":180,"time":188,"type":"hold","duration":0.5},{"angle2":270,"angle":210,"time":188.5,"type":"hold","duration":0.5},{"angle2":-510,"angle":-450,"time":189,"type":"hold","duration":0.5},{"angle2":-540,"angle":-480,"time":189.5,"type":"hold","duration":0.5},{"angle2":-240,"angle":-180,"time":190,"type":"hold","duration":0.5},{"angle2":-270,"angle":-210,"time":190.5,"type":"hold","duration":0.5},{"angle2":510,"angle":450,"time":191,"type":"hold","duration":0.5},{"holdEase":"outCirc","angle2":180,"type":"hold","duration":1,"angle":150,"time":191.5},{"holdEase":"outCirc","angle2":150,"type":"hold","duration":0.5,"angle":180,"time":192.5},{"angle":90,"type":"side","time":193},{"angle":150,"type":"side","time":193.5},{"angle":90,"type":"side","time":194},{"angle":150,"type":"side","time":194.5},{"angle":90,"type":"side","time":195},{"holdEase":"outSine","angle2":-90,"type":"hold","duration":1,"angle":90,"time":195},{"angle2":300,"angle":255,"time":196,"type":"hold","duration":0.5},{"angle2":240,"angle":285,"time":196.5,"type":"hold","duration":0.5},{"angle":-510,"type":"side","time":197},{"angle":-435,"type":"side","time":197.5},{"angle":-510,"type":"side","time":198},{"angle":-435,"type":"side","time":198.5},{"angle":-510,"type":"side","time":199},{"angle":90,"type":"block","time":200.5},{"angle2":0,"angle":90,"time":201,"type":"hold","duration":1},{"angle":360,"type":"block","time":202.5},{"angle2":270,"angle":360,"time":203,"type":"hold","duration":1},{"holdEase":"outCirc","angle2":240,"type":"hold","duration":0.5,"angle":270,"time":204},{"holdEase":"inCirc","angle2":270,"type":"hold","duration":0.5,"angle":240,"time":204.5},{"angle2":330,"angle":270,"time":205,"type":"hold","duration":0.5},{"angle2":420,"angle":300,"time":205.5,"type":"hold","duration":1},{"angle2":60,"angle":60,"time":206.5,"type":"hold","duration":0.5},{"angle2":-300,"angle":60,"time":207,"type":"hold","duration":2},{"angle":330,"type":"block","time":207.5},{"angle":150,"type":"block","time":208.5},{"holdEase":"inCirc","angle2":-270,"type":"hold","duration":0.5,"angle":-330,"time":209},{"holdEase":"outCirc","angle2":-570,"type":"hold","duration":0.5,"angle":-630,"time":209.5},{"holdEase":"inCirc","angle2":-270,"type":"hold","duration":0.5,"angle":-210,"time":210},{"holdEase":"outCirc","angle2":30,"type":"hold","duration":0.5,"angle":90,"time":210.5},{"holdEase":"inCirc","angle2":-270,"type":"hold","duration":0.5,"angle":-330,"time":211},{"holdEase":"outCirc","angle2":-570,"type":"hold","duration":0.5,"angle":-630,"time":211.5},{"holdEase":"inCirc","angle2":-270,"type":"hold","duration":0.5,"angle":-210,"time":212},{"holdEase":"outCirc","angle2":30,"type":"hold","duration":0.5,"angle":90,"time":212.5},{"angle2":330,"angle":330,"time":213,"type":"hold","duration":0.5},{"angle2":330,"angle":345,"time":213.25,"type":"hold","duration":0},{"angle2":-30,"angle":0,"time":213.5,"type":"hold","duration":0},{"angle2":0,"angle":15,"time":213.75,"type":"hold","duration":0},{"angle2":0,"angle":30,"time":214,"type":"hold","duration":0},{"angle2":360,"angle":360,"time":213.5,"type":"hold","duration":0.5},{"angle2":0,"angle":30,"time":213.5,"type":"hold","duration":0},{"angle2":345,"angle":330,"time":214,"type":"hold","duration":0.5},{"angle2":345,"angle":360,"time":214,"type":"hold","duration":0.5},{"angle2":345,"angle":345,"time":214.25,"type":"hold","duration":0},{"angle2":360,"angle":360,"time":214.5,"type":"hold","duration":0.5},{"holdEase":"inCirc","angle2":0,"type":"hold","duration":0.125,"angle":30,"time":214.875},{"holdEase":"outCirc","angle2":30,"type":"hold","duration":0.125,"angle":0,"time":214.75},{"angle2":0,"angle":30,"time":214.5,"type":"hold","duration":0.25},{"holdEase":"outCirc","angle2":330,"type":"hold","duration":0.5,"angle":360,"time":215},{"holdEase":"inCirc","angle2":360,"type":"hold","duration":0.5,"angle":330,"time":215.5},{"holdEase":"outCirc","angle2":-330,"type":"hold","duration":0.5,"angle":-360,"time":216},{"holdEase":"inCirc","angle2":-360,"type":"hold","duration":0.5,"angle":-330,"time":216.5},{"holdEase":"outElastic","angle2":360,"type":"hold","duration":1,"angle":345,"time":217},{"angle":315,"type":"block","time":218.5},{"angle2":285,"angle":270,"time":219,"type":"hold","duration":1},{"angle":-270,"type":"extraTap","time":218},{"angle":-270,"type":"extraTap","time":220},{"angle":-270,"type":"extraTap","time":222},{"angle":-270,"type":"extraTap","time":224},{"angle":-270,"type":"extraTap","time":226},{"angle":-270,"type":"extraTap","time":228},{"angle":-270,"type":"extraTap","time":230},{"angle":-270,"type":"extraTap","time":232},{"angle":-270,"type":"extraTap","time":234},{"angle":-270,"type":"extraTap","time":236},{"angle":-270,"type":"extraTap","time":238},{"angle":-270,"type":"extraTap","time":240},{"angle":-270,"type":"extraTap","time":242},{"angle":-270,"type":"extraTap","time":244},{"angle":-270,"type":"extraTap","time":246},{"angle":-270,"speedMult":1.5,"type":"extraTap","time":249},{"angle":-270,"speedMult":1.5,"type":"extraTap","time":253},{"angle":-270,"speedMult":1.5,"type":"extraTap","time":254},{"angle":-270,"speedMult":1.5,"type":"extraTap","time":255},{"angle":-270,"speedMult":1.5,"type":"extraTap","time":256},{"angle":-270,"speedMult":1.5,"type":"extraTap","time":257},{"angle":-270,"speedMult":1.5,"type":"extraTap","time":258},{"angle":-270,"speedMult":1.5,"type":"extraTap","time":259},{"angle":-270,"speedMult":1.5,"type":"extraTap","time":260},{"angle":-270,"speedMult":1.5,"type":"extraTap","time":261},{"angle":-270,"speedMult":1.5,"type":"extraTap","time":262},{"angle":-270,"speedMult":1.5,"type":"extraTap","time":263},{"angle":-270,"speedMult":1.5,"type":"extraTap","time":264},{"angle":-270,"speedMult":1.5,"type":"extraTap","time":265},{"angle":-270,"speedMult":1.5,"type":"extraTap","time":266},{"angle":-270,"speedMult":1.5,"type":"extraTap","time":267},{"angle":-270,"speedMult":1.5,"type":"extraTap","time":268},{"angle":-270,"speedMult":1.5,"type":"extraTap","time":269},{"angle":-270,"speedMult":1.5,"type":"extraTap","time":270},{"angle":-270,"speedMult":1.5,"type":"extraTap","time":271},{"angle":-270,"speedMult":1.5,"type":"extraTap","time":272},{"angle":-270,"speedMult":1.5,"type":"extraTap","time":273},{"angle":-270,"speedMult":1.5,"type":"extraTap","time":274},{"angle":-270,"speedMult":1.5,"type":"extraTap","time":275},{"angle":-270,"speedMult":1.5,"type":"extraTap","time":276},{"angle":-270,"speedMult":1.5,"type":"extraTap","time":277},{"angle":-270,"speedMult":1.5,"type":"extraTap","time":278},{"angle":-270,"speedMult":1.5,"type":"extraTap","time":279},{"angle":0,"type":"block","time":220.5},{"angle2":60,"angle":0,"time":221,"type":"hold","duration":0.5},{"angle2":105,"angle":30,"time":221.5,"type":"hold","duration":0.5},{"angle2":150,"angle":75,"time":222,"type":"hold","duration":0.5},{"angle2":180,"angle":120,"time":222.5,"type":"hold","duration":0.5},{"holdEase":"outElastic","angle2":180,"type":"hold","duration":1,"angle":195,"time":223},{"holdEase":"outElastic","angle2":0,"type":"hold","duration":1,"angle":15,"time":225},{"angle":0,"type":"block","time":226.5},{"angle2":330,"angle":270,"time":227,"type":"hold","duration":0.75},{"angle2":360,"angle":300,"time":227.75,"type":"hold","duration":0.75},{"angle2":375,"angle":345,"time":228.5,"type":"hold","duration":0.5},{"angle2":-405,"angle":-345,"time":229,"type":"hold","duration":0.75},{"angle2":-435,"angle":-375,"time":229.75,"type":"hold","duration":0.75},{"angle2":-450,"angle":-420,"time":230.5,"type":"hold","duration":0.5},{"angle":270,"type":"block","time":231.375},{"angle2":360,"angle":270,"time":231.5,"type":"hold","duration":1},{"angle2":0,"angle":30,"time":232.5,"type":"hold","duration":0.5},{"holdEase":"outElastic","angle2":360,"type":"hold","duration":1,"angle":345,"time":233},{"angle":90,"type":"block","time":234.5},{"angle2":180,"angle":90,"time":235,"type":"hold","duration":1},{"angle":180,"type":"block","time":236.5},{"holdEase":"inCirc","angle2":210,"type":"hold","duration":0.5,"angle":180,"time":237},{"holdEase":"outCirc","angle2":180,"type":"hold","duration":0.5,"angle":150,"time":237.5},{"holdEase":"inCirc","angle2":-210,"type":"hold","duration":0.5,"angle":-180,"time":238},{"holdEase":"outCirc","angle2":-180,"type":"hold","duration":0.5,"angle":-150,"time":238.5},{"angle":180,"type":"block","time":240},{"angle":195,"type":"block","time":240.16667175293},{"angle":210,"type":"block","time":240.33332824707},{"angle":225,"type":"block","time":240.5},{"angle":240,"type":"block","time":240.66667175293},{"angle":255,"type":"block","time":240.83332824707},{"holdEase":"outCirc","angle2":300,"type":"hold","duration":1,"angle":270,"time":241},{"angle2":270,"angle":270,"time":242.5,"type":"hold","duration":0.5},{"holdEase":"inCirc","angle2":300,"type":"hold","duration":0.75,"angle":270,"time":243},{"holdEase":"outCirc","angle2":270,"type":"hold","duration":0.75,"angle":240,"time":243.75},{"holdEase":"inCirc","angle2":255,"type":"hold","duration":0.5,"angle":270,"time":244.5},{"holdEase":"inCirc","angle2":-480,"type":"hold","duration":0.75,"angle":-450,"time":245},{"holdEase":"outCirc","angle2":-450,"type":"hold","duration":0.75,"angle":-420,"time":245.75},{"holdEase":"inCirc","angle2":-435,"type":"hold","duration":0.5,"angle":-450,"time":246.5},{"angle":-270,"speedMult":1.5,"type":"extraTap","time":251},{"angle":-270,"speedMult":1.5,"type":"extraTap","time":252},{"holdEase":"outCirc","angle2":45,"type":"hold","duration":0.5,"angle":0,"time":249},{"holdEase":"inCirc","angle2":0,"type":"hold","duration":0.5,"angle":45,"time":249.5},{"angle2":360,"angle":360,"time":249.5,"type":"hold","duration":0},{"holdEase":"outCirc","angle2":15,"type":"hold","duration":0.25,"angle":0,"time":249.25},{"holdEase":"inCirc","angle2":0,"type":"hold","duration":0.25,"angle":15,"time":249.5},{"holdEase":"outCirc","angle2":-45,"type":"hold","duration":0.5,"angle":0,"time":249},{"holdEase":"inCirc","angle2":0,"type":"hold","duration":0.5,"angle":-45,"time":249.5},{"holdEase":"outCirc","angle2":-15,"type":"hold","duration":0.25,"angle":0,"time":249.25},{"holdEase":"inCirc","angle2":0,"type":"hold","duration":0.25,"angle":-15,"time":249.5},{"angle2":360,"angle":330,"time":250.5,"type":"hold","duration":0.5},{"angle2":0,"angle":30,"time":250.5,"type":"hold","duration":0.5},{"holdEase":"outCirc","angle2":30,"type":"hold","duration":0.5,"angle":0,"time":251},{"holdEase":"inOutCubic","angle2":-30,"type":"hold","duration":1,"angle":30,"time":251.5},{"holdEase":"inCirc","angle2":360,"type":"hold","duration":0.5,"angle":330,"time":252.5},{"holdEase":"outCirc","angle2":-30,"type":"hold","duration":0.5,"angle":0,"time":251},{"holdEase":"inOutCubic","angle2":30,"type":"hold","duration":1,"angle":-30,"time":251.5},{"holdEase":"inCirc","angle2":-360,"type":"hold","duration":0.5,"angle":-330,"time":252.5},{"angle":0,"type":"block","time":252},{"angle2":330,"angle":360,"time":253,"type":"hold","duration":0.5},{"angle2":390,"angle":360,"time":253.5,"type":"hold","duration":0.5},{"angle2":360,"angle":330,"time":254,"type":"hold","duration":0.5},{"angle2":0,"angle":30,"time":254.5,"type":"hold","duration":0.5},{"holdEase":"outElastic","angle2":-180,"type":"hold","duration":1,"angle":-150,"time":257},{"angle":225,"type":"block","time":258.5},{"angle2":300,"angle":270,"time":259,"type":"hold","duration":0.75},{"angle2":285,"angle":255,"time":259.75,"type":"hold","duration":0.75},{"angle2":270,"angle":240,"time":260.5,"type":"hold","duration":0.5},{"angle2":-480,"angle":-450,"time":261,"type":"hold","duration":0.75},{"angle2":-465,"angle":-435,"time":261.75,"type":"hold","duration":0.75},{"angle2":-450,"angle":-420,"time":262.5,"type":"hold","duration":0.5},{"angle":360,"type":"side","time":264},{"angle":360,"type":"block","time":264.5},{"holdEase":"outCirc","angle2":-45,"type":"hold","duration":0.5,"angle":0,"time":265},{"holdEase":"inCirc","angle2":0,"type":"hold","duration":0.5,"angle":-45,"time":265.5},{"angle2":-360,"angle":-360,"time":265.5,"type":"hold","duration":0},{"holdEase":"outCirc","angle2":-15,"type":"hold","duration":0.25,"angle":0,"time":265.25},{"holdEase":"inCirc","angle2":0,"type":"hold","duration":0.25,"angle":-15,"time":265.5},{"holdEase":"outCirc","angle2":45,"type":"hold","duration":0.5,"angle":0,"time":265},{"holdEase":"inCirc","angle2":0,"type":"hold","duration":0.5,"angle":45,"time":265.5},{"holdEase":"outCirc","angle2":15,"type":"hold","duration":0.25,"angle":0,"time":265.25},{"holdEase":"inCirc","angle2":0,"type":"hold","duration":0.25,"angle":15,"time":265.5},{"angle2":-360,"angle":-330,"time":266.5,"type":"hold","duration":0.5},{"angle2":0,"angle":-30,"time":266.5,"type":"hold","duration":0.5},{"holdEase":"outCirc","angle2":-30,"type":"hold","duration":0.5,"angle":0,"time":267},{"holdEase":"inOutCubic","angle2":30,"type":"hold","duration":1,"angle":-30,"time":267.5},{"holdEase":"inCirc","angle2":-360,"type":"hold","duration":0.5,"angle":-330,"time":268.5},{"holdEase":"outCirc","angle2":30,"type":"hold","duration":0.5,"angle":0,"time":267},{"holdEase":"inOutCubic","angle2":-30,"type":"hold","duration":1,"angle":30,"time":267.5},{"holdEase":"inCirc","angle2":360,"type":"hold","duration":0.5,"angle":330,"time":268.5},{"angle":0,"type":"block","time":268},{"angle2":-330,"angle":-360,"time":269,"type":"hold","duration":0.5},{"angle2":-390,"angle":-360,"time":269.5,"type":"hold","duration":0.5},{"angle2":-360,"angle":-330,"time":270,"type":"hold","duration":0.5},{"angle2":0,"angle":-30,"time":270.5,"type":"hold","duration":0.5},{"holdEase":"outElastic","angle2":180,"type":"hold","duration":1,"angle":210,"time":273},{"angle":-225,"type":"block","time":274.5},{"angle2":-300,"angle":-270,"time":275,"type":"hold","duration":0.75},{"angle2":-285,"angle":-255,"time":275.75,"type":"hold","duration":0.75},{"angle2":-270,"angle":-240,"time":276.5,"type":"hold","duration":0.5},{"angle2":480,"angle":450,"time":277,"type":"hold","duration":0.75},{"angle2":465,"angle":435,"time":277.75,"type":"hold","duration":0.75},{"angle2":450,"angle":420,"time":278.5,"type":"hold","duration":0.5},{"angle":0,"type":"block","time":280},{"angle":345,"type":"block","time":280.16665649414},{"angle":330,"type":"block","time":280.33334350586},{"angle":345,"type":"block","time":280.5},{"angle":360,"type":"block","time":280.66665649414},{"angle":15,"type":"block","time":280.83334350586},{"angle":0,"type":"block","time":281},{"angle":330,"type":"block","time":281.25},{"angle":300,"type":"block","time":281.5},{"angle":270,"type":"block","time":281.75},{"angle":0,"type":"block","time":282},{"angle":30,"type":"block","time":282.25},{"angle":60,"type":"block","time":282.5},{"angle":90,"type":"block","time":282.75},{"angle":0,"type":"block","time":283},{"angle":330,"type":"block","time":283.25},{"angle":300,"type":"block","time":283.5},{"angle":270,"type":"block","time":283.75},{"angle":360,"type":"block","time":284},{"angle":30,"type":"block","time":284.25},{"angle":60,"type":"block","time":284.5},{"angle":90,"type":"block","time":284.75},{"angle":120,"type":"block","time":285},{"angle":150,"type":"block","time":285.25},{"angle":180,"type":"block","time":285.5},{"angle":210,"type":"block","time":285.75},{"angle":240,"type":"block","time":286},{"angle":270,"type":"block","time":286.25},{"angle":300,"type":"block","time":286.5},{"angle":330,"type":"block","time":286.75},{"angle":0,"type":"block","time":287},{"angle":30,"type":"block","time":287.25},{"angle":360,"type":"block","time":287.5},{"angle":330,"type":"block","time":287.75},{"holdEase":"outCirc","angle2":390,"type":"hold","duration":0.5,"angle":360,"time":288},{"holdEase":"inCirc","angle2":0,"type":"hold","duration":0.5,"angle":30,"time":288.5},{"holdEase":"outCirc","angle2":-390,"type":"hold","duration":0.5,"angle":-360,"time":288},{"holdEase":"inCirc","angle2":0,"type":"hold","duration":0.5,"angle":-30,"time":288.5},{"angle":0,"type":"block","time":289},{"angle":-330,"type":"block","time":289.25},{"angle":-300,"type":"block","time":289.5},{"angle":-270,"type":"block","time":289.75},{"angle":0,"type":"block","time":290},{"angle":-30,"type":"block","time":290.25},{"angle":-60,"type":"block","time":290.5},{"angle":-90,"type":"block","time":290.75},{"angle":0,"type":"block","time":291},{"angle":-330,"type":"block","time":291.25},{"angle":-300,"type":"block","time":291.5},{"angle":-270,"type":"block","time":291.75},{"angle":-360,"type":"block","time":292},{"angle":-30,"type":"block","time":292.25},{"angle":-60,"type":"block","time":292.5},{"angle":-90,"type":"block","time":292.75},{"angle":-120,"type":"block","time":293},{"angle":-150,"type":"block","time":293.25},{"angle":-180,"type":"block","time":293.5},{"angle":-210,"type":"block","time":293.75},{"angle":-240,"type":"block","time":294},{"angle":-270,"type":"block","time":294.25},{"angle":-300,"type":"block","time":294.5},{"angle":-330,"type":"block","time":294.75},{"angle":0,"type":"block","time":295},{"angle":-30,"type":"block","time":295.25},{"angle":-360,"type":"block","time":295.5},{"angle":-330,"type":"block","time":295.75},{"angle":0,"type":"block","time":296},{"angle":0,"type":"block","time":296.5},{"angle":315,"type":"side","time":296.25},{"angle":45,"type":"side","time":296.75},{"duration":1,"angle2":165,"type":"mineHold","speedMult":2,"angle":165,"time":112},{"duration":1,"angle2":135,"type":"mineHold","speedMult":2,"angle":135,"time":112},{"duration":1,"angle2":105,"type":"mineHold","speedMult":2,"angle":105,"time":112},{"duration":1,"angle2":75,"type":"mineHold","speedMult":2,"angle":75,"time":112},{"duration":1,"angle2":-165,"type":"mineHold","speedMult":2,"angle":-165,"time":112},{"duration":1,"angle2":-135,"type":"mineHold","speedMult":2,"angle":-135,"time":112},{"duration":1,"angle2":-105,"type":"mineHold","speedMult":2,"angle":-105,"time":112},{"duration":1,"angle2":-75,"type":"mineHold","speedMult":2,"angle":-75,"time":112},{"holdEase":"inOutCubic","angle2":15,"angle":0,"duration":0.25,"type":"hold","time":122.5},{"holdEase":"inCirc","angle2":7.5,"angle":15,"duration":0.25,"type":"hold","time":122.75},{"holdEase":"inCirc","angle2":7.5,"angle":0,"duration":0.25,"type":"hold","time":122.75},{"holdEase":"inOutCubic","angle2":-15,"angle":0,"duration":0.25,"type":"hold","time":122.5},{"holdEase":"inCirc","angle2":-7.5,"angle":-15,"duration":0.25,"type":"hold","time":122.75},{"holdEase":"inCirc","angle2":-7.5,"angle":0,"duration":0.25,"type":"hold","time":122.75},{"duration":1,"angle2":180,"type":"mineHold","speedMult":2,"angle":180,"time":128},{"duration":1,"angle2":150,"type":"mineHold","speedMult":2,"angle":150,"time":128},{"duration":1,"angle2":120,"type":"mineHold","speedMult":2,"angle":120,"time":128},{"duration":1,"angle2":90,"type":"mineHold","speedMult":2,"angle":90,"time":128},{"duration":1,"angle2":60,"type":"mineHold","speedMult":2,"angle":60,"time":128},{"duration":1,"angle2":210,"type":"mineHold","speedMult":2,"angle":210,"time":128},{"duration":1,"angle2":240,"type":"mineHold","speedMult":2,"angle":240,"time":128},{"duration":1,"angle2":270,"type":"mineHold","speedMult":2,"angle":270,"time":128},{"duration":1,"angle2":300,"type":"mineHold","speedMult":2,"angle":300,"time":128},{"duration":1,"angle2":0,"type":"mineHold","speedMult":2,"angle":0,"time":160},{"duration":1,"angle2":-30,"type":"mineHold","speedMult":2,"angle":-30,"time":160},{"duration":1,"angle2":-60,"type":"mineHold","speedMult":2,"angle":-60,"time":160},{"duration":1,"angle2":-90,"type":"mineHold","speedMult":2,"angle":-90,"time":160},{"duration":1,"angle2":-120,"type":"mineHold","speedMult":2,"angle":-120,"time":160},{"duration":1,"angle2":30,"type":"mineHold","speedMult":2,"angle":30,"time":160},{"duration":1,"angle2":60,"type":"mineHold","speedMult":2,"angle":60,"time":160},{"duration":1,"angle2":90,"type":"mineHold","speedMult":2,"angle":90,"time":160},{"duration":1,"angle2":120,"type":"mineHold","speedMult":2,"angle":120,"time":160},{"duration":1,"angle2":180,"type":"mineHold","speedMult":2,"angle":180,"time":176},{"duration":1,"angle2":150,"type":"mineHold","speedMult":2,"angle":150,"time":176},{"duration":1,"angle2":120,"type":"mineHold","speedMult":2,"angle":120,"time":176},{"duration":1,"angle2":90,"type":"mineHold","speedMult":2,"angle":90,"time":176},{"duration":1,"angle2":60,"type":"mineHold","speedMult":2,"angle":60,"time":176},{"duration":1,"angle2":210,"type":"mineHold","speedMult":2,"angle":210,"time":176},{"duration":1,"angle2":240,"type":"mineHold","speedMult":2,"angle":240,"time":176},{"duration":1,"angle2":270,"type":"mineHold","speedMult":2,"angle":270,"time":176},{"duration":1,"angle2":300,"type":"mineHold","speedMult":2,"angle":300,"time":176},{"duration":1,"angle2":-360,"type":"mineHold","speedMult":2,"angle":-180,"time":256},{"duration":1,"angle2":-390,"angle":-210,"speedMult":2,"type":"mineHold","time":256},{"duration":1,"angle2":-420,"angle":-240,"speedMult":2,"type":"mineHold","time":256},{"duration":1,"angle2":-450,"angle":-270,"speedMult":2,"type":"mineHold","time":256},{"duration":1,"angle2":-330,"angle":-150,"speedMult":2,"type":"mineHold","time":256},{"duration":1,"angle2":-300,"angle":-120,"speedMult":2,"type":"mineHold","time":256},{"duration":1,"angle2":-270,"angle":-90,"speedMult":2,"type":"mineHold","time":256},{"duration":1,"angle2":-360,"angle":-180,"speedMult":2,"type":"mineHold","time":272},{"duration":1,"angle2":-390,"type":"mineHold","speedMult":2,"angle":-210,"time":272},{"duration":1,"angle2":-420,"type":"mineHold","speedMult":2,"angle":-240,"time":272},{"duration":1,"angle2":-450,"type":"mineHold","speedMult":2,"angle":-270,"time":272},{"duration":1,"angle2":-330,"type":"mineHold","speedMult":2,"angle":-150,"time":272},{"duration":1,"angle2":-300,"type":"mineHold","speedMult":2,"angle":-120,"time":272},{"duration":1,"angle2":-270,"type":"mineHold","speedMult":2,"angle":-90,"time":272},{"type":"block","angle":360,"time":297},{"type":"block","angle":330,"time":297.25},{"type":"block","angle":0,"time":297.5},{"type":"block","angle":30,"time":297.75},{"type":"block","angle":-300,"time":298},{"type":"block","angle":-270,"time":298.25},{"type":"block","angle":60,"time":298.5},{"type":"block","angle":30,"time":298.75},{"type":"block","angle":360,"time":299},{"type":"block","angle":330,"time":299.25},{"type":"block","angle":0,"time":299.5},{"type":"block","angle":30,"time":299.75},{"type":"block","angle":-300,"time":300},{"type":"block","angle":-270,"time":300.25},{"type":"block","angle":60,"time":300.5},{"type":"block","angle":30,"time":300.75},{"type":"block","angle":-300,"time":301},{"type":"block","angle":-270,"time":301.25},{"type":"block","angle":60,"time":301.5},{"type":"block","angle":30,"time":301.75},{"type":"block","angle":360,"time":302},{"type":"block","angle":330,"time":302.25},{"type":"block","angle":0,"time":302.5},{"type":"block","angle":30,"time":302.75},{"type":"block","angle":-300,"time":303},{"type":"block","angle":-270,"time":303.25},{"type":"block","angle":60,"time":303.5},{"type":"block","angle":30,"time":303.75},{"angle2":630,"type":"hold","time":304,"angle":360,"duration":1},{"type":"block","angle":270,"time":305},{"type":"block","angle":240,"time":305.25},{"type":"block","angle":-90,"time":305.5},{"type":"block","angle":-60,"time":305.75},{"type":"block","angle":-390,"time":306},{"type":"block","angle":-360,"time":306.25},{"type":"block","angle":-30,"time":306.5},{"type":"block","angle":-60,"time":306.75},{"type":"block","angle":270,"time":307},{"type":"block","angle":240,"time":307.25},{"type":"block","angle":-90,"time":307.5},{"type":"block","angle":-60,"time":307.75},{"type":"block","angle":-390,"time":308},{"type":"block","angle":-360,"time":308.25},{"type":"block","angle":-30,"time":308.5},{"type":"block","angle":-60,"time":308.75},{"type":"block","angle":-390,"time":309},{"type":"block","angle":-360,"time":309.25},{"type":"block","angle":-30,"time":309.5},{"type":"block","angle":-60,"time":309.75},{"type":"block","angle":270,"time":310},{"type":"block","angle":240,"time":310.25},{"type":"block","angle":-90,"time":310.5},{"type":"block","angle":-60,"time":310.75},{"type":"block","angle":-390,"time":311},{"type":"block","angle":-360,"time":311.25},{"type":"block","angle":-30,"time":311.5},{"type":"block","angle":-60,"time":311.75},{"angle2":540,"type":"hold","duration":1,"angle":270,"time":312}]