[{"time":5.1875,"speedMult":0.89999997615814,"type":"block","angle":45},{"time":5.4375,"speedMult":0.89999997615814,"type":"block","angle":90},{"time":5.75,"speedMult":0.89999997615814,"type":"block","angle":135},{"time":6.0625,"speedMult":0.89999997615814,"type":"block","angle":180},{"time":6.5,"speedMult":0.89999997615814,"type":"block","angle":-90},{"time":6.6875,"speedMult":0.89999997615814,"type":"block","angle":-45},{"time":7.0625,"speedMult":0.89999997615814,"type":"block","angle":0},{"time":7.25,"speedMult":0.89999997615814,"type":"block","angle":45},{"time":9.1875,"speedMult":0.89999997615814,"type":"block","angle":-247.5},{"time":9.4375,"speedMult":0.89999997615814,"type":"block","angle":-292.5},{"time":9.75,"speedMult":0.89999997615814,"type":"block","angle":-337.5},{"time":10.0625,"speedMult":0.89999997615814,"type":"block","angle":-382.5},{"time":10.5,"speedMult":0.89999997615814,"type":"block","angle":-112.5},{"time":10.6875,"speedMult":0.89999997615814,"type":"block","angle":-157.5},{"time":11.0625,"speedMult":0.89999997615814,"type":"block","angle":-202.5},{"time":11.25,"speedMult":0.89999997615814,"type":"block","angle":-247.5},{"angle2":0,"angle":90,"duration":0.5625,"type":"hold","speedMult":0.89999997615814,"time":11.5625},{"time":13.125,"speedMult":0.89999997615814,"type":"block","angle":270},{"time":14.4375,"speedMult":0.89999997615814,"type":"block","angle":315},{"angle2":360,"angle":315,"duration":0.5,"type":"hold","speedMult":0.89999997615814,"time":13.5625},{"time":15.0625,"speedMult":0.89999997615814,"type":"block","angle":270},{"time":15.6875,"speedMult":0.89999997615814,"type":"block","angle":225},{"time":16.125,"speedMult":0.89999997615814,"type":"block","angle":270},{"time":17.125,"speedMult":0.89999997615814,"type":"block","angle":247.5},{"time":17.6875,"speedMult":0.89999997615814,"type":"block","angle":202.5},{"time":18.125,"speedMult":0.89999997615814,"type":"block","angle":157.5},{"time":18.4375,"speedMult":0.89999997615814,"type":"block","angle":112.5},{"angle2":67.5,"angle":225,"duration":1.5625,"type":"hold","speedMult":0.89999997615814,"time":17.125},{"angle2":135,"angle":67.5,"duration":1,"type":"hold","speedMult":0.89999997615814,"time":18.6875},{"angle2":90,"angle":135,"time":19.6875,"duration":1,"type":"hold","endTap":true,"speedMult":0.89999997615814},{"time":21.25,"speedMult":0.89999997615814,"type":"block","angle":337.5},{"time":21.25,"speedMult":0.89999997615814,"type":"block","angle":22.5},{"time":21.75,"tap":true,"speedMult":0.89999997615814,"type":"block","angle":360},{"time":22.5,"speedMult":0.89999997615814,"type":"block","angle":292.5},{"time":22.75,"tap":true,"angle":247.5,"type":"block"},{"time":23.125,"speedMult":0.89999997615814,"type":"block","angle":202.5},{"time":23.6875,"tap":true,"speedMult":0.89999997615814,"type":"block","angle":157.5},{"time":25.125,"speedMult":0.89999997615814,"type":"block","angle":270},{"angle2":450,"angle":270,"duration":1.1875,"type":"hold","speedMult":0.89999997615814,"time":26.4375},{"time":24.6875,"tap":true,"speedMult":0.89999997615814,"type":"block","angle":270},{"time":25.75,"tap":true,"speedMult":0.89999997615814,"type":"block","angle":270},{"time":26.6875,"speedMult":0.89999997615814,"type":"extraTap","angle":315},{"angle2":-90,"angle":90,"duration":1,"type":"hold","speedMult":0.89999997615814,"time":27.625},{"time":3.3125,"speedMult":0.89999997615814,"type":"block","angle":360},{"time":3.8125,"speedMult":0.89999997615814,"type":"block","angle":22.5},{"time":4.3125,"speedMult":0.89999997615814,"type":"block","angle":22.5},{"time":27.75,"speedMult":0.80000001192093,"type":"block","angle":270},{"time":28.125,"speedMult":0.80000001192093,"type":"block","angle":157.5},{"time":28.625,"speedMult":0.80000001192093,"type":"block","angle":112.5},{"time":27.25,"type":"mine","angle":270},{"time":27.3125,"type":"mine","angle":225},{"time":27.25,"type":"mine","angle":180},{"time":27.375,"type":"mine","angle":292.5},{"time":27.5,"type":"mine","angle":337.5},{"time":27.5,"type":"mine","angle":315},{"time":27.5,"type":"mine","angle":0},{"time":27.5625,"type":"mine","angle":22.5},{"time":29.1875,"speedMult":0.89999997615814,"type":"block","angle":270},{"time":29.6875,"speedMult":0.89999997615814,"type":"block","angle":315},{"time":30.125,"speedMult":0.89999997615814,"type":"block","angle":337.5},{"time":30.6875,"speedMult":0.89999997615814,"type":"block","angle":292.5},{"time":30.9375,"speedMult":0.89999997615814,"type":"block","angle":247.5},{"time":31.5625,"type":"block","angle":202.5},{"time":32.0625,"speedMult":0.89999997615814,"type":"block","angle":157.5},{"time":32.0625,"speedMult":0.89999997615814,"type":"block","angle":135},{"time":32.4375,"speedMult":0.89999997615814,"type":"block","angle":90},{"time":32.4375,"speedMult":0.89999997615814,"type":"block","angle":45},{"angle2":-1350,"angle":67.5,"duration":8.125,"type":"hold","speedMult":0.89999997615814,"time":32.4375},{"angle2":-1170,"angle":247.5,"type":"mineHold","duration":8,"time":32.5625},{"time":36.9375,"type":"block","angle":382.5},{"time":36.9375,"type":"block","angle":360},{"time":37.6875,"type":"block","angle":225},{"time":37.875,"type":"block","angle":180},{"time":38.1875,"type":"block","angle":135},{"time":38.4375,"type":"block","angle":112.5},{"time":38.625,"type":"block","angle":67.5},{"time":38.9375,"type":"block","angle":22.5},{"time":39.125,"type":"block","angle":337.5},{"time":39.4375,"type":"block","angle":292.5},{"time":39.625,"type":"block","angle":247.5},{"time":39.9375,"type":"block","angle":202.5},{"time":41.1875,"speedMult":0.89999997615814,"type":"block","angle":67.5},{"time":41.625,"speedMult":0.89999997615814,"type":"block","angle":45},{"angle2":135,"angle":0,"duration":0.625,"type":"hold","speedMult":0.89999997615814,"time":42.0625},{"angle2":-22.5,"angle":135,"duration":1,"type":"hold","speedMult":0.89999997615814,"time":42.6875},{"angle2":247.5,"angle":337.5,"duration":0.875,"type":"hold","speedMult":0.89999997615814,"time":43.6875},{"angle2":450,"angle":247.5,"duration":1.25,"type":"hold","speedMult":0.89999997615814,"time":44.5625},{"time":46.25,"speedMult":0.89999997615814,"type":"block","angle":135},{"time":46.6875,"speedMult":0.89999997615814,"type":"block","angle":157.5},{"time":47,"speedMult":0.89999997615814,"type":"block","angle":202.5},{"time":47.5,"speedMult":0.89999997615814,"type":"block","angle":247.5},{"time":48,"speedMult":0.80000001192093,"type":"block","angle":270},{"angle2":67.5,"angle":67.5,"duration":0.61250001192093,"type":"mineHold","speedMult":0.89999997615814,"time":44.5625},{"angle2":270,"angle":270,"duration":0.6129999756813,"type":"mineHold","speedMult":0.89999997615814,"time":45.875},{"angle2":585,"angle":405,"type":"mineHold","duration":1.875,"time":46.125},{"time":49.25,"speedMult":0.80000001192093,"type":"block","angle":270},{"time":49.75,"speedMult":0.80000001192093,"type":"block","angle":270},{"time":50.25,"speedMult":0.80000001192093,"type":"block","angle":292.5},{"angle2":315,"angle":247.5,"speedMult":0.80000001192093,"type":"hold","duration":0.40000000596046,"time":50.625},{"time":51.4375,"speedMult":0.80000001192093,"type":"block","angle":315},{"time":51.75,"speedMult":0.80000001192093,"type":"block","angle":292.5},{"time":52.125,"speedMult":0.80000001192093,"type":"block","angle":270},{"angle2":315,"angle":270,"speedMult":0.80000001192093,"type":"hold","duration":0.69999998807907,"time":53.75},{"angle2":225,"angle":315,"duration":1.8999999761581,"type":"hold","speedMult":0.80000001192093,"time":54.450000762939},{"time":57.0625,"speedMult":0.80000001192093,"type":"block","angle":270},{"time":57.625,"speedMult":0.80000001192093,"type":"block","angle":315},{"time":58.25,"speedMult":0.80000001192093,"type":"block","angle":225},{"time":58.75,"speedMult":0.80000001192093,"type":"block","angle":270},{"time":59.25,"speedMult":0.80000001192093,"type":"block","angle":315},{"time":59.75,"speedMult":0.80000001192093,"type":"block","angle":270},{"time":60.5,"speedMult":0.80000001192093,"type":"block","angle":270},{"angle2":315,"angle":270,"duration":1,"type":"hold","speedMult":0.80000001192093,"time":60.8125},{"angle2":202.5,"angle":315,"duration":1,"type":"hold","speedMult":0.80000001192093,"time":61.8125},{"angle2":427.5,"angle":247.5,"duration":1.125,"type":"hold","speedMult":0.89999997615814,"time":63.0625},{"angle2":67.5,"angle":0,"duration":0.6875,"type":"hold","speedMult":0.89999997615814,"time":63.5},{"angle2":45,"angle":90,"duration":0.46250000596046,"type":"hold","speedMult":0.89999997615814,"time":64.6875},{"angle2":135,"speedMult":0.89999997615814,"duration":0.58749997615814,"startTap":true,"type":"hold","time":65.150497436523,"angle":45},{"angle2":112.5,"angle":180,"time":66.1875,"type":"hold","endTap":true,"duration":0.46250000596046},{"angle2":247.5,"angle":112.5,"type":"hold","duration":0.58700001239777,"time":66.642997741699},{"time":65.9375,"speedMult":0.89999997615814,"type":"mine","angle":90},{"time":67.5,"speedMult":0.89999997615814,"type":"mine","angle":202.5},{"angle2":337.5,"angle":270,"time":67.75,"duration":0.46250000596046,"type":"hold","endTap":true,"speedMult":0.89999997615814},{"angle2":202.5,"angle":337.5,"duration":0.58700001239777,"type":"hold","speedMult":0.89999997615814,"time":68.212997436523},{"time":69.0625,"speedMult":0.89999997615814,"type":"mine","angle":270},{"angle2":0,"angle":180,"duration":1.125,"type":"mineHold","speedMult":0.89999997615814,"time":69.25},{"time":69.0625,"speedMult":0.89999997615814,"type":"mine","angle":247.5},{"time":70.625,"speedMult":0.89999997615814,"type":"block","angle":315},{"time":71.0625,"speedMult":0.89999997615814,"type":"block","angle":270},{"time":71.6875,"speedMult":0.89999997615814,"type":"block","angle":315},{"time":72.125,"speedMult":0.89999997615814,"type":"block","angle":247.5},{"time":72.5625,"speedMult":0.89999997615814,"type":"block","angle":225},{"angle2":90,"angle":315,"duration":0.69999998807907,"type":"mineHold","speedMult":0.89999997615814,"time":73},{"time":73.5625,"speedMult":0.89999997615814,"type":"block","angle":22.5},{"time":74.125,"speedMult":0.89999997615814,"type":"block","angle":337.5},{"time":74.625,"speedMult":0.89999997615814,"type":"block","angle":22.5},{"time":75.1875,"speedMult":0.89999997615814,"type":"block","angle":22.5},{"angle2":382.5,"angle":382.5,"time":75.625,"duration":0.57499998807907,"type":"hold","endTap":true,"speedMult":0.89999997615814},{"angle2":67.5,"angle":67.5,"time":75.625,"duration":0.57499998807907,"type":"hold","endTap":true,"speedMult":0.89999997615814},{"angle2":22.5,"angle":90,"type":"hold","duration":1,"time":77.1875},{"angle2":112.5,"angle":22.5,"duration":0.30000001192093,"type":"hold","speedMult":1,"time":78.1875},{"time":76.0625,"type":"mine","angle":337.5},{"time":76.0625,"type":"mine","angle":315},{"time":76.0625,"type":"mine","angle":292.5},{"time":76.0625,"type":"mine","angle":270},{"time":76.0625,"type":"mine","angle":247.5},{"time":76.0625,"type":"mine","angle":225},{"time":76.0625,"type":"mine","angle":202.5},{"time":76.0625,"type":"mine","angle":180},{"time":76.0625,"type":"mine","angle":157.5},{"time":76.0625,"type":"mine","angle":135},{"angle2":225,"angle":67.5,"type":"mineHold","duration":0.3125,"time":79},{"angle2":337.5,"angle":247.5,"type":"hold","duration":0.55000001192093,"time":79.0625},{"angle2":270,"angle":337.5,"type":"hold","duration":0.5,"time":79.611999511719},{"time":80.6875,"type":"extraTap","angle":270},{"angle2":315,"angle":247.5,"type":"mineHold","duration":0.1875,"time":80.625},{"angle2":90,"angle":247.5,"type":"mineHold","duration":0.1875,"time":80.625},{"time":80.6875,"type":"block","angle":0},{"time":80.625,"type":"block","angle":45},{"time":81.75,"type":"block","angle":45},{"time":82.1875,"type":"block","angle":112.5},{"time":82.4375,"type":"block","angle":157.5},{"time":83,"type":"block","angle":112.5},{"angle2":-45,"angle":112.5,"time":83.375,"type":"hold","duration":0.8125,"holdEase":"inBack"},{"time":84.75,"type":"extraTap","angle":270},{"angle2":135,"angle":292.5,"time":83.3125,"type":"mineHold","duration":0.8125,"holdEase":"inBack"},{"time":85.1875,"type":"block","angle":315},{"time":85.75,"type":"block","angle":22.5},{"time":86.1875,"type":"block","angle":315},{"time":86.5625,"type":"block","angle":22.5},{"time":86.875,"type":"block","angle":67.5},{"time":87.125,"type":"block","angle":112.5},{"time":86.5,"type":"extraTap","angle":0},{"time":87.6875,"type":"block","angle":90},{"time":88.125,"type":"block","angle":0},{"time":88.5625,"type":"block","angle":270},{"time":89.125,"type":"block","angle":180},{"time":89.4375,"type":"block","angle":180},{"angle2":67.5,"angle":180,"type":"hold","duration":1.625,"time":89.9375},{"angle2":225,"angle":67.5,"type":"hold","duration":1.125,"time":91.5625},{"time":91.6875,"type":"block","angle":270},{"time":92.25,"type":"block","angle":337.5},{"time":92.375,"type":"block","angle":360},{"time":92.6875,"type":"block","angle":382.5},{"time":92,"type":"block","angle":292.5},{"time":92.0625,"type":"block","angle":315},{"time":92.6875,"type":"extraTap","angle":225},{"angle2":337.5,"angle":225,"type":"hold","duration":1.1000000238419,"time":93},{"angle2":225,"angle":337.5,"type":"hold","duration":0.5,"time":94.099998474121},{"angle2":315,"angle":225,"type":"hold","duration":0.5,"time":94.599998474121},{"time":94.4375,"type":"extraTap","angle":270},{"time":95.625,"type":"block","angle":360},{"time":96.1875,"type":"block","angle":67.5},{"time":96.6875,"type":"block","angle":112.5},{"angle2":258.75,"angle":33.75,"type":"mineHold","duration":0.4375,"time":97},{"time":97.625,"type":"block","angle":315},{"time":98,"type":"block","angle":0},{"time":98.4375,"type":"block","angle":45},{"time":99,"type":"block","angle":67.5},{"time":99.3125,"type":"block","angle":90},{"time":100,"type":"block","angle":112.5},{"time":100.1875,"type":"block","angle":67.5},{"time":101.125,"angle":22.5,"type":"block","speedMult":0.80000001192093},{"time":101.3125,"angle":337.5,"type":"block","speedMult":0.80000001192093},{"time":101.5625,"angle":292.5,"type":"block","speedMult":0.80000001192093},{"time":101.875,"angle":247.5,"type":"block","speedMult":0.80000001192093},{"time":102.125,"angle":202.5,"type":"block","speedMult":0.80000001192093},{"time":102.375,"angle":157.5,"type":"block","speedMult":0.80000001192093},{"angle2":202.5,"speedMult":0.80000001192093,"time":101.125,"type":"mineHold","angle":202.5,"duration":0.5},{"angle2":157.5,"angle":157.5,"time":101.3125,"type":"mineHold","duration":0.5,"speedMult":0.80000001192093},{"angle2":112.5,"angle":112.5,"duration":0.5,"type":"mineHold","speedMult":0.80000001192093,"time":101.5625},{"angle2":67.5,"angle":67.5,"time":101.875,"type":"mineHold","speedMult":0.80000001192093,"duration":0.5},{"angle2":22.5,"speedMult":0.80000001192093,"time":102.125,"type":"mineHold","angle":22.5,"duration":0.5},{"angle2":337.5,"speedMult":0.80000001192093,"duration":0.5,"type":"mineHold","time":102.375,"angle":337.5},{"angle2":292.5,"angle":292.5,"type":"mineHold","duration":1,"time":103.125},{"angle2":112.5,"angle":112.5,"type":"hold","duration":1,"time":103.125},{"angle2":67.5,"angle":112.5,"type":"hold","duration":0.46250000596046,"time":104.125},{"angle2":135,"angle":67.5,"type":"hold","duration":0.52499997615814,"time":104.58799743652},{"angle2":247.5,"angle":292.5,"type":"mineHold","duration":0.46299999952316,"time":104.125},{"angle2":315,"angle":247.5,"type":"mineHold","duration":0.52499997615814,"time":104.58799743652},{"time":105.625,"type":"block","angle":157.5},{"time":106.0625,"type":"block","angle":180},{"angle2":337.5,"angle":202.5,"type":"hold","duration":0.80000001192093,"time":106.4375},{"angle2":157.5,"angle":22.5,"type":"mineHold","duration":0.80000001192093,"time":106.4375},{"time":107.6875,"type":"block","angle":0},{"time":108.1875,"type":"block","angle":45},{"time":108.5625,"type":"block","angle":90},{"time":109.3125,"type":"block","angle":45},{"time":108.5625,"type":"block","angle":112.5},{"time":109.3125,"type":"block","angle":67.5},{"time":108.1875,"type":"block","angle":67.5},{"angle2":360,"angle":157.5,"type":"mineHold","duration":1.0625,"time":107.25},{"angle2":112.5,"angle":180,"type":"mineHold","duration":0.75,"time":108.6875},{"angle2":360,"angle":180,"type":"hold","duration":0.80000001192093,"time":106.375},{"angle2":157.5,"angle":112.5,"duration":0.30000001192093,"type":"hold","speedMult":0.89999997615814,"time":110.4375},{"angle2":180,"angle":135,"duration":0.30000001192093,"type":"hold","speedMult":0.89999997615814,"time":110.875},{"angle2":202.5,"angle":157.5,"duration":0.30000001192093,"type":"hold","speedMult":0.89999997615814,"time":111.375},{"angle2":225,"angle":180,"duration":0.30000001192093,"type":"hold","speedMult":0.89999997615814,"time":111.875},{"angle2":247.5,"angle":202.5,"duration":0.30000001192093,"type":"hold","speedMult":0.89999997615814,"time":112.4375},{"angle2":270,"angle":225,"duration":0.30000001192093,"type":"hold","speedMult":0.89999997615814,"time":112.9375},{"angle2":292.5,"angle":247.5,"duration":0.30000001192093,"type":"hold","speedMult":0.89999997615814,"time":113.4375},{"angle2":315,"angle":270,"duration":0.30000001192093,"type":"hold","speedMult":0.89999997615814,"time":113.875},{"angle2":337.5,"angle":292.5,"duration":0.30000001192093,"type":"hold","speedMult":0.89999997615814,"time":114.375},{"angle2":360,"angle":315,"duration":0.30000001192093,"type":"hold","speedMult":0.89999997615814,"time":114.875},{"angle2":630,"angle":337.5,"speedMult":0.89999997615814,"type":"hold","duration":1.5,"time":115.625},{"time":117.6875,"speedMult":0.80000001192093,"type":"block","angle":292.5},{"time":117.125,"speedMult":0.89999997615814,"type":"block","angle":270},{"time":118.25,"speedMult":0.80000001192093,"type":"block","angle":315},{"time":118.8125,"speedMult":0.80000001192093,"type":"block","angle":270},{"time":119.6875,"speedMult":0.80000001192093,"type":"block","angle":225},{"angle2":-90,"angle":180,"duration":2,"type":"hold","speedMult":0.89999997615814,"time":120.5},{"time":123,"speedMult":0.89999997615814,"type":"block","angle":270},{"time":123.375,"speedMult":0.89999997615814,"type":"block","angle":225},{"time":123.6875,"speedMult":0.89999997615814,"type":"block","angle":202.5},{"time":124.25,"speedMult":0.89999997615814,"type":"block","angle":225},{"angle2":67.5,"angle":45,"duration":1.5,"type":"hold","speedMult":0.89999997615814,"time":122.9375},{"angle2":-157.5,"angle":0,"type":"mineHold","duration":2,"time":120.3125},{"angle2":337.5,"angle":337.5,"type":"mineHold","duration":1,"time":122.375},{"angle2":157.5,"angle":202.5,"type":"mineHold","duration":1,"time":122.3125},{"time":125.0625,"speedMult":0.89999997615814,"type":"block","angle":270},{"time":125.6875,"type":"block","angle":292.5},{"time":126.1875,"speedMult":0.89999997615814,"type":"block","angle":247.5},{"time":126.8125,"type":"block","angle":270},{"time":127.3125,"speedMult":0.89999997615814,"type":"block","angle":292.5},{"angle2":180,"angle":292.5,"duration":0.80000001192093,"type":"hold","speedMult":0.89999997615814,"time":127.75},{"angle2":45,"angle":180,"duration":0.80000001192093,"type":"hold","speedMult":0.89999997615814,"time":129.5625},{"angle2":180,"angle":45,"duration":2,"type":"hold","speedMult":0.89999997615814,"time":130.36500549316},{"angle2":315,"angle":247.5,"duration":1,"type":"hold","speedMult":0.89999997615814,"time":130.5},{"angle2":360,"angle":315,"duration":0.25,"type":"hold","speedMult":0.89999997615814,"time":131.5},{"angle2":337.5,"angle":360,"duration":0.25,"type":"hold","speedMult":0.89999997615814,"time":131.75},{"angle2":382.5,"angle":337.5,"duration":0.25,"type":"hold","speedMult":0.89999997615814,"time":132},{"angle2":-22.5,"angle":22.5,"duration":0.40000000596046,"type":"hold","speedMult":0.89999997615814,"time":132.25},{"angle2":0,"angle":112.5,"type":"mineHold","duration":0.80000001192093,"time":127.75},{"time":129.75,"type":"mine","angle":202.5},{"time":129.8125,"type":"mine","angle":225},{"time":129.875,"type":"mine","angle":247.5},{"time":129.875,"type":"mine","angle":270},{"angle2":292.5,"angle":337.5,"speedMult":0.89999997615814,"time":132.625,"type":"hold","duration":4,"holdEase":"inElastic"},{"angle2":247.5,"angle":247.5,"type":"mineHold","duration":8.625,"time":131.4375},{"angle2":67.5,"angle":67.5,"type":"mineHold","duration":8.625,"time":131.4375},{"angle2":270,"angle":270,"type":"mineHold","duration":5.125,"time":131.4375},{"angle2":90,"angle":90,"type":"mineHold","duration":5.125,"time":131.4375},{"angle2":225,"angle":225,"type":"mineHold","duration":3.5,"time":136.5625},{"angle2":45,"angle":45,"type":"mineHold","duration":3.5625,"time":136.5625},{"time":133.1875,"speedMult":0.89999997615814,"type":"block","angle":157.5},{"time":133.6875,"speedMult":0.89999997615814,"type":"block","angle":180},{"time":134.1875,"speedMult":0.89999997615814,"type":"block","angle":112.5},{"time":134.75,"speedMult":0.89999997615814,"type":"block","angle":135},{"time":135.6875,"speedMult":0.89999997615814,"type":"block","angle":157.5},{"time":136.5625,"type":"block","angle":135},{"angle2":360,"angle":292.5,"duration":0.69999998807907,"type":"hold","speedMult":0.89999997615814,"time":136.625},{"angle2":-67.5,"angle":0,"duration":1.25,"type":"hold","speedMult":0.89999997615814,"time":137.3125},{"angle2":292.5,"angle":292.5,"duration":1,"type":"hold","speedMult":0.89999997615814,"time":138.5625},{"angle2":112.5,"angle":112.5,"duration":1.1875,"type":"hold","speedMult":0.89999997615814,"time":138.875},{"angle2":90,"speedMult":0.89999997615814,"duration":0.5,"time":140.75,"type":"hold","segments":1,"angle":90},{"angle2":247.5,"angle":247.5,"duration":0.5,"type":"hold","speedMult":0.89999997615814,"time":142.125},{"angle2":292.5,"angle":292.5,"duration":0.5,"type":"hold","speedMult":0.89999997615814,"time":142.125},{"angle2":90,"angle":90,"duration":0.5,"type":"hold","speedMult":0.89999997615814,"time":143.6875},{"angle2":67.5,"angle":67.5,"duration":0.5,"type":"hold","speedMult":0.89999997615814,"time":143.6875},{"angle2":112.5,"angle":112.5,"duration":0.5,"type":"hold","speedMult":0.89999997615814,"time":143.6875},{"time":140.75,"speedMult":0.89999997615814,"type":"block","angle":360},{"time":141.0625,"speedMult":0.89999997615814,"type":"block","angle":371.25},{"time":141.1875,"speedMult":0.89999997615814,"type":"block","angle":348.75},{"time":141.5,"speedMult":0.89999997615814,"type":"block","angle":371.25},{"time":141.6875,"speedMult":0.89999997615814,"type":"block","angle":360},{"angle2":-225,"angle":270,"type":"mineHold","duration":4,"time":140.75},{"time":142.125,"speedMult":0.89999997615814,"type":"block","angle":180},{"time":142.4375,"speedMult":0.89999997615814,"type":"block","angle":191.25},{"time":142.5625,"speedMult":0.89999997615814,"type":"block","angle":168.75},{"time":142.875,"speedMult":0.89999997615814,"type":"block","angle":191.25},{"time":143.0625,"speedMult":0.89999997615814,"type":"block","angle":180},{"time":143.6875,"speedMult":0.89999997615814,"type":"block","angle":360},{"time":144,"speedMult":0.89999997615814,"type":"block","angle":371.25},{"time":144.125,"speedMult":0.89999997615814,"type":"block","angle":348.75},{"time":144.4375,"speedMult":0.89999997615814,"type":"block","angle":371.25},{"time":144.625,"speedMult":0.89999997615814,"type":"block","angle":360},{"time":145.25,"speedMult":0.89999997615814,"type":"block","angle":0},{"angle2":135,"angle":135,"type":"mineHold","duration":1,"time":144.75},{"angle2":270,"angle":270,"type":"mineHold","duration":1,"time":144.75},{"time":145.75,"speedMult":0.89999997615814,"type":"block","angle":56.25},{"time":146.1875,"speedMult":0.89999997615814,"type":"block","angle":45},{"time":146.6875,"speedMult":0.89999997615814,"type":"block","angle":33.75},{"angle2":-56.25,"speedMult":0.89999997615814,"time":146.6875,"angle":33.75,"type":"hold","endTap":true,"duration":1.6000000238419},{"angle2":416.25,"angle":303.75,"time":148.28799438477,"duration":1.5,"type":"hold","endTap":true,"speedMult":0.89999997615814},{"angle2":-180,"speedMult":0.89999997615814,"time":149.78799438477,"angle":56.25,"type":"hold","endTap":true,"duration":1.5},{"angle2":0,"angle":180,"time":151.28799438477,"duration":1.3999999761581,"type":"hold","endTap":true,"speedMult":0.89999997615814},{"time":152.6875,"speedMult":0.89999997615814,"type":"block","angle":213.75},{"time":152.6875,"speedMult":0.89999997615814,"type":"block","angle":202.5},{"time":153.4375,"type":"block","angle":270},{"time":153.6875,"speedMult":0.89999997615814,"type":"block","angle":258.75},{"time":153.9375,"speedMult":0.89999997615814,"type":"block","angle":236.25},{"time":154.5625,"type":"block","angle":303.75},{"angle2":112.5,"angle":0,"duration":1.875,"type":"hold","speedMult":0.89999997615814,"time":152.68800354004},{"time":155.25,"type":"block","angle":135},{"time":155.6875,"type":"block","angle":112.5},{"time":156.0625,"type":"block","angle":67.5},{"time":156.6875,"type":"block","angle":22.5},{"angle2":22.5,"angle":123.75,"type":"mineHold","duration":1,"time":156.25},{"time":157.6875,"type":"block","angle":247.5},{"time":158.5,"type":"block","angle":247.5},{"time":159.125,"type":"block","angle":270},{"time":159.625,"type":"block","angle":292.5},{"time":161.0625,"type":"block","angle":191.25},{"angle2":382.5,"angle":360,"speedMult":0.89999997615814,"type":"hold","duration":0.30000001192093,"time":161},{"time":161.5,"type":"block","angle":180},{"time":162,"type":"block","angle":168.75},{"time":162.4375,"type":"block","angle":225},{"time":162.9375,"type":"block","angle":258.75},{"time":163.625,"type":"block","angle":281.25},{"time":164.125,"type":"block","angle":303.75},{"time":164.75,"type":"block","angle":247.5},{"time":165.0625,"type":"block","angle":213.75},{"time":165.5,"type":"block","angle":258.75},{"time":166.125,"type":"block","angle":258.75},{"time":166.625,"type":"block","angle":292.5},{"time":167.1875,"type":"block","angle":236.25},{"time":167.75,"type":"block","angle":270},{"time":168.25,"type":"block","angle":270},{"time":168.3125,"type":"block","angle":258.75},{"time":166.125,"type":"block","angle":78.75},{"time":166.625,"type":"block","angle":112.5},{"time":167.1875,"type":"block","angle":56.25},{"time":167.75,"type":"block","angle":90},{"time":168.25,"type":"block","angle":90},{"time":168.3125,"type":"block","angle":78.75},{"angle2":360,"angle":360,"type":"mineHold","duration":5.25,"time":163},{"angle2":180,"angle":180,"type":"mineHold","duration":5.25,"time":163},{"angle2":360,"angle":270,"type":"mineHold","duration":2,"time":161},{"time":169.1875,"speedMult":0.80000001192093,"type":"block","angle":67.5},{"time":170.0625,"speedMult":0.80000001192093,"type":"block","angle":112.5},{"time":170.5,"speedMult":0.80000001192093,"type":"block","angle":45},{"time":171.125,"speedMult":0.80000001192093,"type":"block","angle":67.5},{"time":171.625,"speedMult":0.80000001192093,"type":"block","angle":112.5},{"time":172.125,"speedMult":0.80000001192093,"type":"block","angle":90},{"time":172.8125,"speedMult":0.80000001192093,"type":"block","angle":45},{"time":173.75,"speedMult":0.80000001192093,"type":"block","angle":135},{"time":174.5,"speedMult":0.80000001192093,"type":"block","angle":90},{"time":175.5625,"speedMult":0.80000001192093,"type":"block","angle":56.25},{"time":176.125,"speedMult":0.80000001192093,"type":"block","angle":123.75},{"time":176.6875,"speedMult":0.80000001192093,"type":"block","angle":90},{"time":177.125,"speedMult":0.80000001192093,"type":"block","angle":78.75},{"time":177.625,"speedMult":0.80000001192093,"type":"block","angle":33.75},{"time":178.1875,"speedMult":0.80000001192093,"type":"block","angle":67.5},{"time":178.5,"speedMult":0.80000001192093,"type":"block","angle":45},{"time":179.0625,"speedMult":0.80000001192093,"type":"block","angle":0},{"time":179.75,"speedMult":0.80000001192093,"type":"block","angle":33.75},{"time":179.75,"speedMult":0.80000001192093,"type":"block","angle":45},{"time":180.25,"speedMult":0.80000001192093,"type":"block","angle":-45},{"time":180.25,"speedMult":0.80000001192093,"type":"block","angle":-33.75},{"time":180.75,"speedMult":0.80000001192093,"type":"block","angle":-472.5},{"time":180.75,"speedMult":0.80000001192093,"type":"block","angle":-461.25},{"time":181.125,"speedMult":0.80000001192093,"type":"block","angle":225},{"time":181.375,"speedMult":0.80000001192093,"type":"block","angle":191.25},{"time":181.75,"speedMult":0.80000001192093,"type":"block","angle":157.5},{"time":182.125,"speedMult":0.80000001192093,"type":"block","angle":202.5},{"angle2":573.75,"angle":213.75,"type":"hold","duration":1.5,"time":182.375},{"time":184.8125,"speedMult":0.80000001192093,"type":"block","angle":270},{"time":186.1875,"speedMult":0.89999997615814,"type":"block","angle":270},{"time":85.1875,"type":"mine","angle":135},{"time":86.1875,"type":"mine","angle":495},{"time":85.75,"type":"mine","angle":202.5},{"time":86.5625,"type":"mine","angle":202.5},{"time":86.875,"type":"mine","angle":258.75},{"time":87.125,"type":"mine","angle":292.5},{"time":87.6875,"type":"mine","angle":270},{"time":88.125,"type":"mine","angle":180},{"time":88.5625,"type":"mine","angle":450},{"angle2":450,"angle":157.5,"speedMult":0.89999997615814,"type":"mineHold","duration":1.5,"time":115.625},{"angle2":180,"angle":90,"type":"mineHold","duration":2,"time":161},{"angle2":-247.5,"angle":-146.25,"speedMult":0.89999997615814,"type":"mineHold","duration":1.6000000238419,"time":146.6875},{"angle2":247.5,"angle":112.5,"duration":1.5,"type":"mineHold","speedMult":0.89999997615814,"time":148.25},{"angle2":0,"angle":247.5,"duration":1.5,"type":"mineHold","speedMult":0.89999997615814,"time":149.75},{"angle2":348.75,"angle":348.75,"type":"mineHold","duration":5.25,"time":163},{"angle2":168.75,"angle":168.75,"type":"mineHold","duration":5.25,"time":163},{"angle2":371.25,"angle":371.25,"type":"mineHold","duration":5.25,"time":163},{"angle2":191.25,"angle":191.25,"type":"mineHold","duration":5.25,"time":163},{"time":117.6875,"type":"mine","angle":461.25},{"time":118.25,"type":"mine","angle":495},{"time":118.8125,"type":"mine","angle":450},{"time":119.6875,"type":"mine","angle":405},{"angle2":360,"angle":315,"speedMult":0.89999997615814,"type":"hold","duration":0.8125,"time":160.1875},{"angle2":326.25,"angle":213.75,"type":"mineHold","duration":0.10000000149012,"time":168.6875},{"time":188,"angle":112.5,"type":"block","speedMult":0.80000001192093},{"time":188.5,"angle":45,"type":"block","speedMult":0.80000001192093},{"time":188.9375,"angle":67.5,"type":"block","speedMult":0.80000001192093},{"time":189.375,"angle":123.75,"type":"block","speedMult":0.80000001192093},{"time":190.0625,"angle":90,"type":"block","speedMult":0.80000001192093},{"time":190.9375,"angle":67.5,"type":"block","speedMult":0.80000001192093},{"time":191.8125,"angle":67.5,"type":"block","speedMult":0.80000001192093},{"time":193.4375,"angle":11.25,"type":"block","speedMult":0.80000001192093},{"time":192.625,"angle":45,"type":"block","speedMult":0.80000001192093},{"time":193,"angle":22.5,"type":"block","speedMult":0.80000001192093},{"time":194.1875,"angle":360,"type":"block","speedMult":0.80000001192093},{"time":100,"angle":315,"type":"mineHold","duration":0,"angle2":180}]