{"events":[{"time":0,"file":"ssstik.io_1724950653242.ogg","volume":3.5999987125397,"angle":360,"type":"play","bpm":141},{"angle":360,"time":23,"type":"showResults"},{"g":0,"r":116,"ease":"inOutCirc","duration":100,"time":100,"b":192,"color":7,"type":"setColor","angle":78.75},{"r":89,"g":19,"time":0.375,"b":176,"angle":33.75,"type":"setColor","color":0},{"chance":0.049999997019768,"color":1,"angle":45,"type":"noise","time":0.375},{"time":0.375,"angle":78.75,"color":4,"type":"outline","enable":true},{"id":"","time":0.5,"x":1000,"angle":90,"effectCanvas":false,"type":"deco","y":192}],"metadata":{"description":"","difficulty":9,"bgData":{"redChannel":{"r":255,"g":0,"b":0},"blueChannel":{"r":0,"g":0,"b":255},"greenChannel":{"r":255,"g":255,"b":255},"image":"2024-08-29201730.png","magentaChannel":{"r":255,"g":255,"b":255},"cyanChannel":{"r":255,"g":255,"b":255},"yellowChannel":{"r":255,"g":255,"b":255}},"artistLink":"","bg":true,"artist":"Super Hard","charter":"Charter","songName":"JERSEYCLUB"},"properties":{"offset":8,"speed":110,"formatversion":12,"loadBeat":-1,"startBeat":0}}