[{"type":"block","time":52,"angle":270},{"type":"block","time":52.25,"angle":258.75},{"type":"block","time":52.5,"angle":247.5},{"type":"block","time":52.75,"angle":236.25},{"type":"block","time":53,"angle":225},{"type":"block","time":53.25,"angle":213.75},{"type":"block","time":53.5,"angle":202.5},{"type":"block","time":53.75,"angle":191.25},{"type":"block","time":54,"angle":180},{"type":"block","time":54.25,"angle":168.75},{"type":"block","time":54.5,"angle":157.5},{"type":"block","time":54.75,"angle":146.25},{"type":"block","time":55,"angle":135},{"type":"block","time":-0,"angle":270},{"type":"block","time":1,"angle":270},{"type":"block","time":1.5,"angle":270},{"type":"block","time":3,"angle":270},{"type":"block","time":68.5,"angle":270},{"type":"block","time":70,"angle":270},{"type":"extraTap","time":52,"angle":360},{"type":"extraTap","time":54,"angle":270},{"angle":270,"time":2,"angle2":303.75,"type":"hold","duration":1},{"angle":270,"time":38,"angle2":360,"type":"hold","duration":2,"startTap":true},{"type":"block","time":0.5,"angle":258.75},{"type":"block","time":1,"angle":236.25},{"angle":236.25,"time":4,"angle2":202.5,"type":"hold","duration":1},{"type":"block","time":1.5,"angle":281.25},{"angle":168.75,"time":6,"angle2":101.25,"type":"hold","duration":1},{"type":"block","time":8,"angle":45},{"type":"block","time":8.5,"angle":45},{"type":"block","time":8.5,"angle":22.5},{"type":"block","time":9,"angle":33.75},{"type":"block","time":9.5,"angle":11.25},{"type":"block","time":9.5,"angle":33.75},{"angle":22.5,"time":10,"angle2":112.5,"type":"hold","duration":1},{"type":"side","time":12,"angle":270},{"type":"side","time":12,"angle":281.25},{"type":"block","time":14,"angle":270},{"type":"block","time":14.5,"angle":281.25},{"type":"block","time":14.5,"angle":292.5},{"type":"block","time":15,"angle":303.75},{"type":"block","time":15,"angle":292.5},{"type":"block","time":15,"angle":315},{"type":"side","time":13,"angle":90},{"type":"side","time":13,"angle":101.25},{"angle":180,"time":36,"angle2":270,"type":"hold","duration":2,"startTap":true},{"angle":360,"time":40,"angle2":360,"type":"hold","duration":3,"startTap":true},{"angle":0,"time":44,"angle2":270,"type":"hold","duration":8,"startTap":true},{"type":"extraTap","time":56,"angle":270},{"type":"extraTap","time":58,"angle":270},{"type":"extraTap","time":60,"angle":270},{"type":"extraTap","time":61,"angle":270},{"type":"extraTap","time":62,"angle":270},{"type":"extraTap","time":63,"angle":270},{"type":"extraTap","time":64,"angle":270},{"type":"extraTap","time":65,"angle":270},{"type":"extraTap","time":66,"angle":270},{"type":"extraTap","time":67,"angle":270},{"type":"block","time":55.25,"angle":123.75},{"type":"block","time":55.5,"angle":112.5},{"type":"block","time":55.75,"angle":101.25},{"type":"block","time":56,"angle":90},{"type":"block","time":56.25,"angle":78.75},{"type":"block","time":56.5,"angle":67.5},{"type":"block","time":56.75,"angle":56.25},{"type":"block","time":57,"angle":45},{"type":"block","time":57.25,"angle":33.75},{"type":"block","time":57.5,"angle":22.5},{"type":"block","time":57.75,"angle":11.25},{"type":"block","time":58,"angle":0},{"type":"block","time":58.25,"angle":348.75},{"type":"block","time":58.5,"angle":337.5},{"type":"block","time":58.75,"angle":326.25},{"type":"block","time":59,"angle":315},{"type":"block","time":59.25,"angle":303.75},{"type":"block","time":59.5,"angle":292.5},{"type":"block","time":59.75,"angle":281.25},{"type":"block","time":60,"angle":270},{"type":"block","time":60.25,"angle":258.75},{"type":"block","time":60.5,"angle":247.5},{"type":"block","time":60.75,"angle":236.25},{"type":"block","time":61,"angle":225},{"type":"block","time":61.25,"angle":213.75},{"type":"block","time":61.5,"angle":202.5},{"type":"block","time":61.75,"angle":191.25},{"type":"block","time":62,"angle":180},{"type":"block","time":62.25,"angle":168.75},{"type":"block","time":62.5,"angle":157.5},{"type":"block","time":62.75,"angle":146.25},{"type":"block","time":63,"angle":135},{"type":"block","time":63.25,"angle":123.75},{"type":"block","time":63.5,"angle":112.5},{"type":"block","time":63.75,"angle":101.25},{"type":"block","time":64,"angle":90},{"type":"block","time":64.25,"angle":78.75},{"type":"block","time":64.5,"angle":67.5},{"type":"block","time":64.75,"angle":56.25},{"type":"block","time":65,"angle":45},{"type":"block","time":65.25,"angle":33.75},{"type":"block","time":65.5,"angle":22.5},{"type":"block","time":65.75,"angle":11.25},{"type":"block","time":66,"angle":0},{"type":"block","time":66.25,"angle":348.75},{"type":"block","time":66.5,"angle":337.5},{"type":"block","time":66.75,"angle":326.25},{"type":"block","time":67,"angle":315},{"angle":270,"time":15,"angle2":213.75,"type":"hold","duration":1},{"type":"side","time":17.5,"angle":11.25},{"type":"side","time":17.5,"angle":22.5},{"type":"side","time":17.5,"angle":0},{"angle":11.25,"time":18,"angle2":45,"type":"hold","duration":1},{"angle":191.25,"time":16.5,"angle2":135,"type":"hold","duration":0.5},{"angle":101.25,"time":20,"angle2":168.75,"type":"hold","duration":1},{"angle":225,"time":22,"angle2":337.5,"type":"hold","duration":1},{"type":"block","time":24,"angle":22.5},{"type":"block","time":24,"angle":33.75},{"type":"block","time":24,"angle":45},{"type":"block","time":25.5,"angle":168.75},{"type":"block","time":25.5,"angle":157.5},{"type":"block","time":25.5,"angle":146.25},{"type":"block","time":26,"angle":191.25},{"type":"block","time":26,"angle":202.5},{"type":"block","time":26,"angle":213.75},{"type":"side","time":27,"angle":270},{"type":"side","time":27,"angle":281.25},{"type":"side","time":27,"angle":258.75},{"type":"side","time":28,"angle":258.75},{"type":"side","time":28,"angle":281.25},{"type":"side","time":28,"angle":270},{"type":"block","time":35,"angle":90},{"type":"block","time":34,"angle":360},{"type":"block","time":32,"angle":180},{"type":"mine","time":32,"angle":360},{"type":"mine","time":33,"angle":90},{"type":"block","time":33,"angle":270},{"type":"mine","time":34,"angle":180},{"type":"mine","time":35,"angle":270},{"type":"block","time":69,"angle":281.25},{"type":"block","time":69.5,"angle":258.75},{"angle":90,"time":76,"angle2":135,"type":"hold","duration":2},{"type":"side","time":74,"angle":270},{"type":"side","time":75,"angle":90},{"type":"block","time":70.5,"angle":225},{"type":"block","time":71,"angle":135},{"type":"block","time":71.5,"angle":45},{"type":"block","time":72,"angle":315},{"type":"block","time":72.5,"angle":270},{"type":"block","time":73,"angle":90},{"type":"mine","time":27,"angle":22.5},{"type":"mine","time":28,"angle":157.5},{"angle":135,"time":78,"angle2":-78.75,"type":"hold","duration":2},{"angle":180,"time":104,"angle2":225,"type":"hold","duration":0.5},{"angle":225,"time":104.5,"angle2":168.75,"type":"hold","duration":0.5},{"angle":168.75,"time":105,"angle2":236.25,"type":"hold","duration":0.5},{"angle":236.25,"time":105.5,"angle2":202.5,"type":"hold","duration":0.5},{"angle":202.5,"time":106,"angle2":135,"type":"hold","duration":0.5,"holdEase":"inBack"},{"angle":135,"time":106.5,"angle2":168.75,"type":"hold","duration":0.5},{"angle":168.75,"time":107,"angle2":146.25,"type":"hold","duration":0.5},{"angle":270,"time":76,"angle2":315,"type":"mineHold","duration":2},{"angle":315,"time":78,"angle2":101.25,"type":"mineHold","duration":2},{"type":"block","time":77,"angle":112.5},{"type":"block","time":79,"angle":33.75},{"angle":281.25,"time":80,"angle2":427.5,"type":"hold","duration":2,"holdEase":"inBack"},{"angle":67.5,"time":82,"angle2":236.25,"type":"hold","duration":2,"holdEase":"inOutQuart"},{"angle":236.25,"time":84,"angle2":-45,"type":"hold","duration":2,"holdEase":"inCubic"},{"angle":315,"time":86,"angle2":67.5,"type":"hold","duration":2,"holdEase":"inSine"},{"type":"block","time":81,"angle":270},{"type":"block","time":83,"angle":146.25},{"type":"block","time":85,"angle":202.5},{"type":"block","time":87,"angle":247.5},{"angle":101.25,"time":80,"angle2":258.75,"type":"mineHold","duration":2,"holdEase":"inBack"},{"angle":258.75,"time":82,"angle2":416.25,"type":"mineHold","duration":2,"holdEase":"inOutQuart"},{"angle":56.25,"time":84,"angle2":-225,"type":"mineHold","duration":2,"holdEase":"inCubic"},{"angle":135,"time":86,"angle2":-112.5,"type":"mineHold","duration":2,"holdEase":"inSine"},{"angle":67.5,"time":88,"angle2":168.75,"type":"hold","duration":1,"holdEase":"inCubic"},{"angle":168.75,"time":89,"angle2":123.75,"type":"hold","duration":1,"holdEase":"inBack"},{"angle":123.75,"time":90,"angle2":281.25,"type":"hold","duration":1},{"angle":281.25,"time":91,"angle2":33.75,"type":"hold","duration":1},{"angle":33.75,"time":92,"angle2":157.5,"type":"hold","duration":2,"holdEase":"inOutQuint"},{"angle":157.5,"time":94,"angle2":303.75,"type":"hold","duration":2,"holdEase":"inQuint"},{"angle":303.75,"time":96,"angle2":247.5,"type":"hold","duration":2,"holdEase":"inBack"},{"angle":247.5,"time":98,"angle2":607.5,"type":"hold","duration":2,"holdEase":"inSine"},{"angle":247.5,"time":100,"angle2":303.75,"type":"hold","duration":2,"holdEase":"outCubic"},{"angle":303.75,"time":102,"angle2":540,"type":"hold","duration":2,"holdEase":"inQuad"},{"type":"block","time":93,"angle":95.625},{"type":"block","time":95,"angle":163.125},{"type":"block","time":97,"angle":309.375},{"type":"block","time":99,"angle":354.375},{"type":"block","time":101,"angle":298.125},{"type":"block","time":103,"angle":0},{"type":"inverse","time":76.25,"angle":95.625},{"type":"inverse","time":76.5,"angle":101.25},{"type":"inverse","time":76.75,"angle":106.875},{"type":"inverse","time":77.25,"angle":118.125},{"type":"inverse","time":77.5,"angle":123.75},{"type":"inverse","time":77.75,"angle":129.375},{"type":"inverse","time":78.25,"angle":106.875},{"type":"inverse","time":78.5,"angle":78.75},{"type":"inverse","time":78.75,"angle":56.25},{"type":"inverse","time":79.25,"angle":360},{"type":"inverse","time":79.5,"angle":331.875},{"type":"inverse","time":79.75,"angle":309.375},{"type":"inverse","time":80.25,"angle":277.98165893555},{"type":"inverse","time":80.5,"angle":271.82852172852},{"type":"inverse","time":80.75,"angle":267.27047729492},{"type":"inverse","time":81.25,"angle":281.25},{"type":"inverse","time":81.5,"angle":303.75},{"type":"inverse","time":81.75,"angle":354.375},{"type":"inverse","time":82.25,"angle":67.5},{"type":"inverse","time":82.5,"angle":73.125},{"type":"inverse","time":82.75,"angle":95.625},{"type":"inverse","time":83.25,"angle":208.125},{"type":"inverse","time":83.5,"angle":230.625},{"type":"inverse","time":83.75,"angle":236.25},{"type":"inverse","time":84.25,"angle":236.25},{"type":"inverse","time":84.5,"angle":230.625},{"type":"inverse","time":84.75,"angle":219.375},{"type":"inverse","time":85.25,"angle":168.75},{"type":"inverse","time":85.5,"angle":118.125},{"type":"inverse","time":85.75,"angle":45},{"type":"inverse","time":86.25,"angle":309.375},{"type":"inverse","time":86.5,"angle":298.125},{"type":"inverse","time":86.75,"angle":275.625},{"type":"inverse","time":87.25,"angle":208.125},{"type":"inverse","time":87.5,"angle":163.125},{"type":"inverse","time":87.75,"angle":118.125},{"type":"inverse","time":88.25,"angle":67.5},{"type":"inverse","time":88.5,"angle":78.75},{"type":"inverse","time":88.75,"angle":112.5},{"type":"inverse","time":89.25,"angle":168.75},{"type":"inverse","time":89.5,"angle":174.375},{"type":"inverse","time":89.75,"angle":157.5},{"type":"inverse","time":90.25,"angle":163.125},{"type":"inverse","time":90.5,"angle":202.5},{"type":"inverse","time":90.75,"angle":241.875},{"type":"inverse","time":91.25,"angle":219.375},{"type":"inverse","time":91.5,"angle":157.5},{"type":"inverse","time":91.75,"angle":95.625},{"type":"inverse","time":92.5,"angle":33.75},{"type":"inverse","time":92.25,"angle":33.75},{"type":"inverse","time":92.75,"angle":50.625},{"type":"inverse","time":93.25,"angle":140.625},{"type":"inverse","time":93.5,"angle":157.5},{"type":"inverse","time":93.75,"angle":157.5},{"type":"inverse","time":94.25,"angle":157.5},{"type":"inverse","time":94.5,"angle":157.5},{"type":"inverse","time":94.75,"angle":157.5},{"type":"inverse","time":95.25,"angle":168.75},{"type":"inverse","time":95.5,"angle":191.25},{"type":"inverse","time":95.75,"angle":230.625},{"type":"inverse","time":96.25,"angle":303.75},{"type":"inverse","time":96.5,"angle":309.375},{"type":"inverse","time":96.75,"angle":309.375},{"type":"inverse","time":97.25,"angle":303.75},{"type":"inverse","time":97.5,"angle":292.5},{"type":"inverse","time":97.75,"angle":281.25},{"type":"inverse","time":98.25,"angle":253.125},{"type":"inverse","time":98.5,"angle":275.625},{"type":"inverse","time":98.75,"angle":309.375},{"type":"inverse","time":99.25,"angle":50.625},{"type":"inverse","time":99.5,"angle":106.875},{"type":"inverse","time":99.75,"angle":180},{"type":"inverse","time":100.25,"angle":264.375},{"type":"inverse","time":100.5,"angle":281.25},{"type":"inverse","time":100.75,"angle":292.5},{"type":"inverse","time":101.25,"angle":298.125},{"type":"inverse","time":101.5,"angle":303.75},{"type":"inverse","time":101.75,"angle":303.75},{"type":"inverse","time":102.25,"angle":309.375},{"type":"inverse","time":102.5,"angle":320.625},{"type":"inverse","time":102.75,"angle":337.5},{"type":"inverse","time":103.25,"angle":39.375},{"type":"inverse","time":103.5,"angle":78.75},{"type":"inverse","time":103.75,"angle":123.75},{"type":"block","time":140,"angle":180},{"type":"extraTap","time":108,"angle":33.75},{"angle":180,"time":108,"angle2":326.25,"type":"hold","duration":2},{"angle":326.25,"time":110,"angle2":225,"type":"hold","duration":1},{"angle":225,"time":111,"angle2":326.25,"type":"hold","duration":1},{"angle":326.25,"time":112,"angle2":-90,"type":"hold","duration":2},{"angle":270,"time":114,"angle2":630,"type":"hold","duration":2},{"angle":270,"time":116,"angle2":-258.75,"type":"hold","duration":3},{"type":"block","time":119,"angle":101.25},{"type":"block","time":119.5,"angle":123.75},{"type":"side","time":120,"angle":360},{"type":"side","time":122,"angle":213.75},{"type":"side","time":122,"angle":225},{"type":"side","time":122,"angle":236.25},{"type":"side","time":120,"angle":22.5},{"type":"side","time":120,"angle":11.25},{"angle":0,"time":108,"angle2":146.25,"type":"mineHold","duration":2},{"angle":146.25,"time":110,"angle2":33.75,"type":"mineHold","duration":1},{"angle":33.75,"time":111,"angle2":146.25,"type":"mineHold","duration":1},{"angle":146.25,"time":112,"angle2":-270,"type":"mineHold","duration":2},{"type":"mine","time":120.5,"angle":0},{"type":"mine","time":120.5,"angle":11.25},{"type":"mine","time":120.5,"angle":22.5},{"type":"mine","time":122.5,"angle":236.25},{"type":"mine","time":122.5,"angle":225},{"type":"mine","time":122.5,"angle":213.75},{"angle":258.75,"time":121,"angle2":0,"type":"mineHold","duration":0},{"angle":225,"time":123,"angle2":495,"type":"mineHold","duration":0},{"type":"extraTap","time":125,"angle":33.75},{"angle":270,"time":125,"angle2":22.5,"type":"hold","duration":1},{"angle":180,"time":124,"angle2":270,"type":"hold","duration":1},{"type":"extraTap","time":127,"angle":22.5},{"type":"extraTap","time":130,"angle":22.5},{"type":"extraTap","time":131,"angle":22.5},{"type":"block","time":140.5,"angle":180},{"type":"block","time":141,"angle":191.25},{"type":"block","time":141.25,"angle":202.5},{"type":"block","time":141.5,"angle":180},{"type":"block","time":141.75,"angle":191.25},{"type":"block","time":142,"angle":225},{"type":"block","time":142.5,"angle":258.75},{"type":"block","time":142.75,"angle":292.5},{"type":"block","time":143.25,"angle":292.5},{"type":"block","time":143.5,"angle":292.5},{"type":"block","time":143.75,"angle":292.5},{"type":"block","time":213,"angle":270},{"type":"block","time":213,"angle":258.75},{"type":"block","time":213,"angle":281.25},{"type":"block","time":214,"angle":180},{"type":"block","time":214,"angle":168.75},{"type":"block","time":214,"angle":191.25},{"type":"block","time":215,"angle":258.75},{"type":"block","time":215,"angle":270},{"type":"block","time":215,"angle":281.25},{"type":"block","time":217,"angle":191.25},{"type":"block","time":217,"angle":180},{"type":"block","time":217,"angle":168.75},{"type":"block","time":218,"angle":348.75},{"type":"block","time":218,"angle":0},{"type":"block","time":218,"angle":11.25},{"type":"block","time":219,"angle":191.25},{"type":"block","time":219,"angle":180},{"type":"block","time":219,"angle":168.75},{"type":"block","time":221,"angle":258.75},{"type":"block","time":221,"angle":270},{"type":"block","time":221,"angle":281.25},{"type":"block","time":222,"angle":101.25},{"type":"block","time":222,"angle":90},{"type":"block","time":222,"angle":78.75},{"type":"block","time":223,"angle":180},{"type":"block","time":223,"angle":168.75},{"type":"block","time":223,"angle":191.25},{"angle":337.5,"time":213,"angle2":562.5,"type":"mineHold","duration":0},{"angle":247.5,"time":214,"angle2":472.5,"type":"mineHold","duration":0},{"angle":337.5,"time":215,"angle2":562.5,"type":"mineHold","duration":0},{"angle":247.5,"time":217,"angle2":472.5,"type":"mineHold","duration":0},{"angle":67.5,"time":218,"angle2":292.5,"type":"mineHold","duration":0},{"angle":247.5,"time":219,"angle2":472.5,"type":"mineHold","duration":0},{"angle":202.5,"time":221,"angle2":-22.5,"type":"mineHold","duration":0},{"angle":157.5,"time":222,"angle2":382.5,"type":"mineHold","duration":0},{"angle":247.5,"time":223,"angle2":472.5,"type":"mineHold","duration":0},{"type":"mine","time":223,"angle":348.75},{"type":"mine","time":223,"angle":0},{"type":"mine","time":223,"angle":11.25},{"type":"mine","time":223,"angle":270},{"type":"mine","time":223,"angle":258.75},{"type":"mine","time":223,"angle":281.25},{"type":"mine","time":223,"angle":90},{"type":"mine","time":223,"angle":101.25},{"type":"mine","time":223,"angle":78.75},{"type":"mine","time":222,"angle":270},{"type":"mine","time":222,"angle":258.75},{"type":"mine","time":222,"angle":281.25},{"type":"mine","time":222,"angle":180},{"type":"mine","time":222,"angle":191.25},{"type":"mine","time":222,"angle":168.75},{"type":"mine","time":222,"angle":11.25},{"type":"mine","time":222,"angle":360},{"type":"mine","time":222,"angle":348.75},{"type":"mine","time":221,"angle":180},{"type":"mine","time":221,"angle":168.75},{"type":"mine","time":221,"angle":191.25},{"type":"mine","time":221,"angle":101.25},{"type":"mine","time":221,"angle":90},{"type":"mine","time":221,"angle":78.75},{"type":"mine","time":221,"angle":0},{"type":"mine","time":221,"angle":11.25},{"type":"mine","time":221,"angle":348.75},{"type":"mine","time":219,"angle":258.75},{"type":"mine","time":219,"angle":270},{"type":"mine","time":219,"angle":281.25},{"type":"mine","time":219,"angle":348.75},{"type":"mine","time":219,"angle":0},{"type":"mine","time":219,"angle":11.25},{"type":"mine","time":219,"angle":78.75},{"type":"mine","time":219,"angle":90},{"type":"mine","time":219,"angle":101.25},{"type":"mine","time":218,"angle":258.75},{"type":"mine","time":218,"angle":270},{"type":"mine","time":218,"angle":281.25},{"type":"mine","time":218,"angle":191.25},{"type":"mine","time":218,"angle":180},{"type":"mine","time":218,"angle":168.75},{"type":"mine","time":218,"angle":101.25},{"type":"mine","time":218,"angle":90},{"type":"mine","time":218,"angle":78.75},{"type":"mine","time":217,"angle":258.75},{"type":"mine","time":217,"angle":270},{"type":"mine","time":217,"angle":281.25},{"type":"mine","time":217,"angle":348.75},{"type":"mine","time":217,"angle":0},{"type":"mine","time":217,"angle":11.25},{"type":"mine","time":217,"angle":101.25},{"type":"mine","time":217,"angle":90},{"type":"mine","time":217,"angle":78.75},{"type":"mine","time":215,"angle":180},{"type":"mine","time":215,"angle":191.25},{"type":"mine","time":215,"angle":168.75},{"type":"mine","time":215,"angle":101.25},{"type":"mine","time":215,"angle":90},{"type":"mine","time":215,"angle":78.75},{"type":"mine","time":215,"angle":11.25},{"type":"mine","time":215,"angle":360},{"type":"mine","time":215,"angle":348.75},{"type":"mine","time":214,"angle":258.75},{"type":"mine","time":214,"angle":270},{"type":"mine","time":214,"angle":281.25},{"type":"mine","time":214,"angle":348.75},{"type":"mine","time":214,"angle":11.25},{"type":"mine","time":214,"angle":360},{"type":"mine","time":214,"angle":78.75},{"type":"mine","time":214,"angle":90},{"type":"mine","time":214,"angle":101.25},{"type":"mine","time":213,"angle":191.25},{"type":"mine","time":213,"angle":180},{"type":"mine","time":213,"angle":168.75},{"type":"mine","time":213,"angle":101.25},{"type":"mine","time":213,"angle":90},{"type":"mine","time":213,"angle":78.75},{"type":"mine","time":213,"angle":11.25},{"type":"mine","time":213,"angle":360},{"type":"mine","time":213,"angle":348.75},{"type":"block","time":226.25,"angle":22.5},{"type":"block","time":226,"angle":0},{"type":"block","time":225,"angle":270},{"type":"block","time":225,"angle":258.75},{"type":"block","time":225,"angle":281.25},{"type":"mine","time":225,"angle":348.75},{"type":"mine","time":225,"angle":0},{"type":"mine","time":225,"angle":11.25},{"type":"mine","time":225,"angle":78.75},{"type":"mine","time":225,"angle":90},{"type":"mine","time":225,"angle":101.25},{"type":"mine","time":225,"angle":191.25},{"type":"mine","time":225,"angle":180},{"type":"mine","time":225,"angle":168.75},{"angle":202.5,"time":225,"angle2":-22.5,"type":"mineHold","duration":0},{"type":"extraTap","time":140,"angle":281.25},{"type":"extraTap","time":144,"angle":292.5},{"type":"extraTap","time":148,"angle":292.5},{"type":"extraTap","time":152,"angle":292.5},{"type":"extraTap","time":155,"angle":292.5},{"type":"extraTap","time":154.5,"angle":292.5},{"type":"extraTap","time":155.5,"angle":292.5},{"angle":247.5,"time":88,"angle2":348.75,"type":"mineHold","duration":1,"holdEase":"inCubic"},{"angle":22.5,"time":126,"angle2":123.75,"type":"hold","duration":1},{"angle":123.75,"time":127,"angle2":0,"type":"hold","duration":1},{"angle":360,"time":128,"angle2":416.25,"type":"hold","duration":1,"holdEase":"inQuad"},{"angle":56.25,"time":129,"angle2":-56.25,"type":"hold","duration":1,"holdEase":"inQuad"},{"type":"extraTap","time":129,"angle":45},{"angle":303.75,"time":130,"angle2":393.75,"type":"hold","duration":1,"holdEase":"inQuad"},{"angle":33.75,"time":131,"angle2":78.75,"type":"hold","duration":3,"holdEase":"inSine"},{"type":"block","time":131.5,"angle":35.127059936523},{"type":"block","time":131.75,"angle":37.027629852295},{"type":"block","time":132,"angle":39.472461700439},{"angle":78.75,"time":134,"angle2":33.75,"type":"hold","duration":2},{"angle":33.75,"time":136,"angle2":-67.5,"type":"hold","duration":1},{"angle":292.5,"time":137,"angle2":326.25,"type":"hold","duration":1},{"angle":326.25,"time":138,"angle2":67.5,"type":"hold","duration":1},{"angle":67.5,"time":139,"angle2":180,"type":"hold","duration":1},{"type":"block","time":144.25,"angle":281.25},{"type":"block","time":145,"angle":258.75},{"type":"block","time":146,"angle":270},{"type":"block","time":146.5,"angle":270},{"type":"block","time":146.75,"angle":281.25},{"type":"block","time":147.25,"angle":258.75},{"type":"block","time":147.5,"angle":270},{"type":"block","time":147.75,"angle":281.25},{"angle":213.75,"time":154.5,"type":"block","tap":true},{"angle":315,"time":155,"type":"block","tap":true},{"angle":90,"time":155.5,"type":"block","tap":true},{"type":"block","time":144.5,"angle":258.75},{"type":"block","time":145.25,"angle":281.25},{"type":"block","time":145.5,"angle":258.75},{"type":"block","time":145.75,"angle":281.25},{"type":"block","time":144.75,"angle":281.25},{"angle":146.25,"time":155,"angle2":146.25,"type":"mineHold","duration":0.25},{"angle":270,"time":155.5,"angle2":270,"type":"mineHold","duration":0.25},{"angle":22.5,"time":156,"angle2":22.5,"type":"mineHold","duration":0.25},{"type":"inverse","time":148.75,"angle":247.5},{"type":"inverse","time":149.25,"angle":247.5},{"type":"inverse","time":149.75,"angle":258.75},{"type":"inverse","time":150,"angle":270},{"type":"inverse","time":150.25,"angle":281.25},{"type":"inverse","time":150.5,"angle":292.5},{"type":"inverse","time":151,"angle":303.75},{"type":"inverse","time":151.5,"angle":315},{"type":"mine","time":153,"angle":213.75},{"type":"mine","time":153,"angle":315},{"type":"mine","time":153,"angle":90},{"angle":213.75,"time":152.75,"angle2":213.75,"type":"mineHold","duration":0.25},{"angle":315,"time":152.75,"angle2":315,"type":"mineHold","duration":0.25},{"angle":90,"time":152.75,"angle2":90,"type":"mineHold","duration":0.25},{"angle":78.75,"time":153,"angle2":101.25,"type":"mineHold","duration":0},{"angle":101.25,"time":153,"angle2":90,"type":"mineHold","duration":0.25},{"angle":78.75,"time":153,"angle2":90,"type":"mineHold","duration":0.25},{"angle":225,"time":153,"angle2":202.5,"type":"mineHold","duration":0},{"angle":202.5,"time":153,"angle2":213.75,"type":"mineHold","duration":0.25},{"angle":225,"time":153,"angle2":213.75,"type":"mineHold","duration":0.25},{"angle":303.75,"time":153,"angle2":326.25,"type":"mineHold","duration":0},{"angle":303.75,"time":153,"angle2":315,"type":"mineHold","duration":0.25},{"angle":326.25,"time":153,"angle2":315,"type":"mineHold","duration":0.25},{"type":"inverse","time":148.25,"angle":270},{"angle":112.5,"time":99.5,"angle2":247.5,"type":"hold","duration":0.5},{"angle":180,"time":99.75,"angle2":247.5,"type":"hold","duration":0.25},{"angle":180,"time":180,"angle2":270,"type":"hold","duration":6,"startTap":true},{"angle":270,"time":186,"angle2":315,"type":"hold","duration":1},{"angle":315,"time":187,"angle2":247.5,"type":"hold","duration":1},{"angle":247.5,"time":188,"angle2":303.75,"type":"hold","duration":1},{"angle":270,"time":196,"angle2":450,"type":"hold","duration":6},{"angle":258.75,"time":195,"angle2":258.75,"type":"hold","duration":1},{"angle":270,"time":194,"angle2":270,"type":"hold","duration":1},{"angle":281.25,"time":193,"angle2":281.25,"type":"hold","duration":1},{"angle":292.5,"time":192,"angle2":292.5,"type":"hold","duration":1},{"angle":247.5,"time":191,"angle2":247.5,"type":"hold","duration":1},{"angle":270,"time":189,"angle2":270,"type":"hold","duration":1},{"angle":292.5,"time":190,"angle2":292.5,"type":"hold","duration":1},{"angle":90,"time":189,"angle2":101.25,"type":"mineHold","duration":0.5},{"angle":90,"time":189,"angle2":78.75,"type":"mineHold","duration":0.5},{"angle":112.5,"time":190,"angle2":101.25,"type":"mineHold","duration":0.5},{"angle":112.5,"time":190,"angle2":123.75,"type":"mineHold","duration":0.5},{"angle":67.5,"time":191,"angle2":56.25,"type":"mineHold","duration":0.5},{"angle":67.5,"time":191,"angle2":78.75,"type":"mineHold","duration":0.5},{"angle":112.5,"time":190,"angle2":112.5,"type":"mineHold","duration":1},{"angle":90,"time":189,"angle2":90,"type":"mineHold","duration":1},{"angle":67.5,"time":191,"angle2":67.5,"type":"mineHold","duration":1},{"angle":112.5,"time":192,"angle2":101.25,"type":"mineHold","duration":0.5},{"angle":112.5,"time":192,"angle2":123.75,"type":"mineHold","duration":0.5},{"angle":112.5,"time":192,"angle2":112.5,"type":"mineHold","duration":1},{"angle":101.25,"time":193,"angle2":90,"type":"mineHold","duration":0.5},{"angle":101.25,"time":193,"angle2":112.5,"type":"mineHold","duration":0.5},{"angle":101.25,"time":193,"angle2":101.25,"type":"mineHold","duration":1},{"angle":90,"time":194,"angle2":78.75,"type":"mineHold","duration":0.5},{"angle":90,"time":194,"angle2":101.25,"type":"mineHold","duration":0.5},{"angle":90,"time":194,"angle2":90,"type":"mineHold","duration":1},{"angle":78.75,"time":195,"angle2":67.5,"type":"mineHold","duration":0.5},{"angle":78.75,"time":195,"angle2":90,"type":"mineHold","duration":0.5},{"angle":78.75,"time":195,"angle2":78.75,"type":"mineHold","duration":1},{"type":"block","time":182,"angle":191.25},{"type":"block","time":182.5,"angle":236.25},{"type":"block","time":183,"angle":202.5},{"type":"block","time":183.5,"angle":247.5},{"type":"block","time":184,"angle":225},{"type":"block","time":184.5,"angle":258.75},{"type":"block","time":185,"angle":236.25},{"type":"block","time":185.5,"angle":281.25},{"angle":0,"time":180,"angle2":90,"type":"mineHold","duration":6},{"angle":90,"time":202,"angle2":78.75,"type":"hold","duration":1},{"angle":78.75,"time":203,"angle2":180,"type":"hold","duration":1},{"type":"block","time":204,"angle":180},{"type":"block","time":208,"angle":180},{"type":"block","time":212,"angle":270},{"type":"block","time":198,"angle":315},{"type":"block","time":198.5,"angle":0},{"type":"block","time":199,"angle":337.5},{"type":"block","time":199.5,"angle":33.75},{"type":"block","time":200,"angle":11.25},{"type":"block","time":200.5,"angle":67.5},{"type":"block","time":201,"angle":45},{"type":"block","time":201.5,"angle":90},{"type":"mine","time":186,"angle":90},{"angle":90,"time":196,"angle2":270,"type":"mineHold","duration":6},{"angle":326.25,"time":180,"angle2":416.25,"type":"mineHold","duration":6},{"angle":33.75,"time":180,"angle2":123.75,"type":"mineHold","duration":6},{"type":"mine","time":180,"angle":337.5},{"type":"mine","time":180,"angle":348.75},{"type":"mine","time":180,"angle":22.5},{"type":"mine","time":180,"angle":11.25},{"type":"mine","time":181,"angle":22.5},{"type":"mine","time":181,"angle":33.75},{"type":"mine","time":181,"angle":360},{"type":"mine","time":181,"angle":348.75},{"type":"mine","time":182,"angle":45},{"type":"mine","time":182,"angle":56.25},{"type":"mine","time":182,"angle":33.75},{"type":"mine","time":182,"angle":22.5},{"type":"mine","time":182,"angle":11.25},{"type":"mine","time":182,"angle":0},{"type":"mine","time":183,"angle":22.5},{"type":"mine","time":183,"angle":33.75},{"type":"mine","time":183,"angle":56.25},{"type":"mine","time":183,"angle":67.5},{"type":"mine","time":184,"angle":33.75},{"type":"mine","time":184,"angle":45},{"type":"mine","time":184,"angle":67.5},{"type":"mine","time":184,"angle":78.75},{"type":"mine","time":185,"angle":45},{"type":"mine","time":185,"angle":56.25},{"type":"mine","time":185,"angle":67.5},{"type":"mine","time":185,"angle":78.75},{"type":"mine","time":185,"angle":90},{"type":"mine","time":185,"angle":101.25},{"type":"mine","time":186,"angle":67.5},{"type":"mine","time":186,"angle":78.75},{"type":"mine","time":186,"angle":101.25},{"type":"mine","time":186,"angle":112.5},{"type":"block","time":206,"angle":157.5},{"type":"block","time":209,"angle":202.5},{"type":"block","time":210,"angle":225},{"type":"block","time":210.5,"angle":247.5},{"type":"block","time":211,"angle":270},{"angle":270,"time":204,"angle2":270,"type":"mineHold","duration":2},{"angle":90,"time":204,"angle2":90,"type":"mineHold","duration":2},{"angle":247.5,"time":206,"angle2":247.5,"type":"mineHold","duration":2},{"angle":67.5,"time":206,"angle2":67.5,"type":"mineHold","duration":2},{"angle":270,"time":208,"angle2":270,"type":"mineHold","duration":1},{"angle":90,"time":208,"angle2":90,"type":"mineHold","duration":1},{"angle":112.5,"time":209,"angle2":112.5,"type":"mineHold","duration":1},{"angle":292.5,"time":209,"angle2":292.5,"type":"mineHold","duration":1},{"angle":135,"time":210,"angle2":135,"type":"mineHold","duration":0.5},{"angle":315,"time":210,"angle2":315,"type":"mineHold","duration":0.5},{"angle":157.5,"time":210.5,"angle2":157.5,"type":"mineHold","duration":0.5},{"angle":337.5,"time":210.5,"angle2":337.5,"type":"mineHold","duration":0.5},{"angle":360,"time":211,"angle2":360,"type":"mineHold","duration":1},{"angle":270,"time":206,"angle2":247.5,"type":"mineHold","duration":0},{"angle":90,"time":206,"angle2":67.5,"type":"mineHold","duration":0},{"angle":67.5,"time":208,"angle2":90,"type":"mineHold","duration":0},{"angle":247.5,"time":208,"angle2":270,"type":"mineHold","duration":0},{"angle":90,"time":209,"angle2":112.5,"type":"mineHold","duration":0},{"angle":270,"time":209,"angle2":292.5,"type":"mineHold","duration":0},{"angle":180,"time":211,"angle2":180,"type":"mineHold","duration":1},{"angle":135,"time":210.5,"angle2":157.5,"type":"mineHold","duration":0},{"angle":315,"time":210.5,"angle2":337.5,"type":"mineHold","duration":0},{"angle":337.5,"time":211,"angle2":360,"type":"mineHold","duration":0},{"angle":157.5,"time":211,"angle2":180,"type":"mineHold","duration":0},{"angle":112.5,"time":210,"angle2":135,"type":"mineHold","duration":0},{"angle":292.5,"time":210,"angle2":315,"type":"mineHold","duration":0},{"type":"block","time":226.5,"angle":360},{"type":"block","time":226.75,"angle":337.5},{"type":"block","time":227,"angle":360},{"angle":180,"time":186,"angle2":180,"type":"mineHold","duration":10},{"angle":123.75,"time":196,"angle2":303.75,"type":"mineHold","duration":6},{"angle":360,"time":186,"angle2":360,"type":"mineHold","duration":10},{"angle":56.25,"time":196,"angle2":236.25,"type":"mineHold","duration":6},{"type":"mine","time":196,"angle":67.5},{"type":"mine","time":196,"angle":78.75},{"type":"mine","time":196,"angle":101.25},{"type":"mine","time":196,"angle":112.5},{"type":"mine","time":197,"angle":135},{"type":"mine","time":197,"angle":146.25},{"type":"mine","time":197,"angle":112.5},{"type":"mine","time":197,"angle":101.25},{"type":"mine","time":198,"angle":157.5},{"type":"mine","time":198,"angle":168.75},{"type":"mine","time":198,"angle":180},{"type":"mine","time":198,"angle":146.25},{"type":"mine","time":198,"angle":135},{"type":"mine","time":198,"angle":123.75},{"type":"mine","time":199,"angle":168.75},{"type":"mine","time":199,"angle":157.5},{"type":"mine","time":199,"angle":191.25},{"type":"mine","time":199,"angle":202.5},{"type":"mine","time":200,"angle":191.25},{"type":"mine","time":200,"angle":202.5},{"type":"mine","time":200,"angle":225},{"type":"mine","time":200,"angle":236.25},{"type":"mine","time":201,"angle":213.75},{"type":"mine","time":201,"angle":225},{"type":"mine","time":201,"angle":236.25},{"type":"mine","time":201,"angle":247.5},{"type":"mine","time":201,"angle":258.75},{"type":"mine","time":201,"angle":270},{"type":"mine","time":202,"angle":247.5},{"type":"mine","time":202,"angle":258.75},{"type":"mine","time":202,"angle":281.25},{"type":"mine","time":202,"angle":292.5},{"type":"block","time":260,"angle":270},{"type":"block","time":260.25,"angle":292.5},{"type":"block","time":260.5,"angle":315},{"type":"block","time":260.75,"angle":337.5},{"type":"block","time":261,"angle":0},{"type":"block","time":261.25,"angle":22.5},{"type":"block","time":261.5,"angle":45},{"type":"block","time":261.75,"angle":67.5},{"type":"block","time":262,"angle":90},{"type":"block","time":262.25,"angle":112.5},{"type":"block","time":262.5,"angle":135},{"type":"block","time":262.75,"angle":157.5},{"type":"block","time":263,"angle":180},{"type":"block","time":263.25,"angle":202.5},{"type":"block","time":263.5,"angle":225},{"type":"block","time":263.75,"angle":247.5},{"type":"block","time":264,"angle":270},{"type":"block","time":264.25,"angle":247.5},{"type":"block","time":264.5,"angle":225},{"type":"block","time":264.75,"angle":202.5},{"type":"block","time":265,"angle":180},{"type":"block","time":265.25,"angle":157.5},{"type":"block","time":265.5,"angle":135},{"type":"block","time":265.75,"angle":112.5},{"type":"block","time":266,"angle":90},{"type":"block","time":266.25,"angle":67.5},{"type":"block","time":266.5,"angle":45},{"type":"block","time":266.75,"angle":22.5},{"type":"block","time":267,"angle":0},{"type":"block","time":267.25,"angle":-22.5},{"type":"block","time":267.5,"angle":-45},{"type":"block","time":267.75,"angle":292.5},{"type":"block","time":268,"angle":270},{"type":"block","time":268.25,"angle":315},{"type":"block","time":268.5,"angle":360},{"type":"block","time":268.75,"angle":45},{"type":"block","time":269,"angle":90},{"type":"block","time":269.25,"angle":135},{"type":"block","time":269.5,"angle":180},{"type":"block","time":269.75,"angle":225},{"type":"block","time":270,"angle":270},{"type":"block","time":270.25,"angle":315},{"type":"block","time":270.5,"angle":0},{"type":"block","time":270.75,"angle":45},{"type":"block","time":271,"angle":90},{"type":"block","time":271.25,"angle":135},{"type":"block","time":271.5,"angle":180},{"type":"block","time":271.75,"angle":225},{"type":"mine","time":260,"angle":90},{"type":"mine","time":260.25,"angle":112.5},{"type":"mine","time":260.5,"angle":135},{"type":"mine","time":260.75,"angle":157.5},{"type":"mine","time":261,"angle":180},{"type":"mine","time":261.25,"angle":202.5},{"type":"mine","time":261.5,"angle":225},{"type":"mine","time":261.75,"angle":247.5},{"type":"mine","time":262,"angle":270},{"type":"mine","time":262.25,"angle":292.5},{"type":"mine","time":262.5,"angle":315},{"type":"mine","time":262.75,"angle":337.5},{"type":"mine","time":263,"angle":360},{"type":"mine","time":263.25,"angle":22.5},{"type":"mine","time":263.5,"angle":45},{"type":"mine","time":263.75,"angle":67.5},{"angle":270,"time":276,"type":"side","tap":true},{"type":"mine","time":265,"angle":0},{"type":"mine","time":264,"angle":90},{"type":"mine","time":264.25,"angle":67.5},{"type":"mine","time":264.5,"angle":45},{"type":"mine","time":264.75,"angle":22.5},{"type":"mine","time":265.25,"angle":337.5},{"type":"mine","time":265.5,"angle":315},{"type":"mine","time":265.75,"angle":292.5},{"type":"mine","time":266,"angle":270},{"type":"mine","time":266.25,"angle":247.5},{"type":"mine","time":266.5,"angle":225},{"type":"mine","time":266.75,"angle":202.5},{"type":"mine","time":267,"angle":180},{"type":"mine","time":267.25,"angle":157.5},{"type":"mine","time":267.5,"angle":135},{"type":"mine","time":267.75,"angle":112.5},{"type":"mine","time":268,"angle":90},{"type":"mine","time":264,"angle":101.25},{"type":"mine","time":264.25,"angle":78.75},{"type":"mine","time":264.5,"angle":56.25},{"type":"mine","time":264.75,"angle":33.75},{"type":"mine","time":265,"angle":11.25},{"type":"mine","time":265.25,"angle":348.75},{"type":"mine","time":265.5,"angle":326.25},{"type":"mine","time":265.75,"angle":303.75},{"type":"mine","time":266,"angle":281.25},{"type":"mine","time":266.25,"angle":258.75},{"type":"mine","time":266.5,"angle":236.25},{"type":"mine","time":266.75,"angle":213.75},{"type":"mine","time":267,"angle":191.25},{"type":"mine","time":267.25,"angle":168.75},{"type":"mine","time":267.5,"angle":146.25},{"type":"mine","time":267.75,"angle":123.75},{"type":"mine","time":268,"angle":101.25},{"type":"mine","time":268.25,"angle":135},{"type":"mine","time":268.5,"angle":180},{"type":"mine","time":268.75,"angle":225},{"type":"mine","time":269,"angle":270},{"type":"mine","time":269.25,"angle":315},{"type":"mine","time":269.5,"angle":360},{"type":"mine","time":269.75,"angle":45},{"type":"mine","time":270,"angle":90},{"type":"mine","time":270.25,"angle":135},{"type":"mine","time":270.5,"angle":180},{"type":"mine","time":270.75,"angle":225},{"type":"mine","time":271,"angle":270},{"type":"mine","time":271.25,"angle":315},{"type":"mine","time":271.5,"angle":360},{"type":"mine","time":271.75,"angle":45},{"type":"mine","time":272,"angle":90},{"type":"mine","time":268.25,"angle":112.5},{"type":"mine","time":268.5,"angle":157.5},{"type":"mine","time":268.75,"angle":202.5},{"type":"mine","time":269,"angle":247.5},{"type":"mine","time":269.25,"angle":292.5},{"type":"mine","time":269.5,"angle":337.5},{"type":"mine","time":269.75,"angle":22.5},{"type":"mine","time":270,"angle":67.5},{"type":"mine","time":270.25,"angle":112.5},{"type":"mine","time":270.5,"angle":157.5},{"type":"mine","time":270.75,"angle":202.5},{"type":"mine","time":271,"angle":247.5},{"type":"mine","time":271.25,"angle":292.5},{"type":"mine","time":271.5,"angle":337.5},{"type":"mine","time":271.75,"angle":22.5},{"type":"mine","time":272,"angle":67.5},{"type":"mine","time":268.25,"angle":123.75},{"type":"mine","time":268.5,"angle":146.25},{"type":"mine","time":268.5,"angle":168.75},{"type":"mine","time":268.25,"angle":101.25},{"type":"mine","time":268.75,"angle":191.25},{"type":"mine","time":268.75,"angle":213.75},{"type":"mine","time":269,"angle":236.25},{"type":"mine","time":269,"angle":258.75},{"type":"mine","time":269.25,"angle":281.25},{"type":"mine","time":269.25,"angle":303.75},{"type":"mine","time":269.5,"angle":326.25},{"type":"mine","time":269.5,"angle":348.75},{"type":"mine","time":269.75,"angle":11.25},{"type":"mine","time":269.75,"angle":33.75},{"type":"mine","time":270,"angle":56.25},{"type":"mine","time":270,"angle":78.75},{"type":"mine","time":270.25,"angle":101.25},{"type":"mine","time":270.25,"angle":123.75},{"type":"mine","time":270.5,"angle":146.25},{"type":"mine","time":270.5,"angle":168.75},{"type":"mine","time":270.75,"angle":191.25},{"type":"mine","time":270.75,"angle":213.75},{"type":"mine","time":271,"angle":236.25},{"type":"mine","time":271,"angle":258.75},{"type":"mine","time":271.25,"angle":281.25},{"type":"mine","time":271.25,"angle":303.75},{"type":"mine","time":271.5,"angle":326.25},{"type":"mine","time":271.5,"angle":348.75},{"type":"mine","time":271.75,"angle":11.25},{"type":"mine","time":271.75,"angle":33.75},{"type":"mine","time":272,"angle":56.25},{"type":"mine","time":272,"angle":78.75},{"angle":90,"time":272,"angle2":630,"type":"mineHold","duration":2},{"angle":270,"time":274,"angle2":-270,"type":"mineHold","duration":2},{"angle":270,"time":272,"type":"side","tap":true},{"angle":90,"time":274,"type":"side","tap":true},{"type":"block","time":308,"angle":360},{"type":"block","time":352.5,"angle":90},{"type":"block","time":353,"angle":78.75},{"type":"block","time":353.5,"angle":101.25},{"type":"block","time":354,"angle":90},{"type":"block","time":354.5,"angle":135},{"type":"block","time":355,"angle":225},{"type":"block","time":355.5,"angle":315},{"type":"block","time":356,"angle":45},{"type":"block","time":356.5,"angle":90},{"type":"block","time":357,"angle":270},{"type":"side","time":358,"angle":90},{"type":"side","time":359,"angle":270},{"type":"block","time":227.5,"angle":360},{"angle":348.75,"time":89,"angle2":303.75,"type":"mineHold","duration":1,"holdEase":"inBack"},{"angle":303.75,"time":90,"angle2":461.25,"type":"mineHold","duration":1},{"angle":101.25,"time":91,"angle2":-146.25,"type":"mineHold","duration":1},{"angle":213.75,"time":92,"angle2":337.5,"type":"mineHold","duration":2,"holdEase":"inOutQuint"},{"angle":337.5,"time":94,"angle2":483.75,"type":"mineHold","duration":2,"holdEase":"inQuint"},{"angle":123.75,"time":96,"angle2":67.5,"type":"mineHold","duration":2,"holdEase":"inBack"},{"angle":67.5,"time":98,"angle2":427.5,"type":"mineHold","duration":2,"holdEase":"inSine"},{"angle":67.5,"time":100,"angle2":123.75,"type":"mineHold","duration":2,"holdEase":"outCubic"},{"angle":123.75,"time":102,"angle2":360,"type":"mineHold","duration":2,"holdEase":"inQuad"},{"angle":0,"time":104,"angle2":45,"type":"mineHold","duration":0.5},{"angle":45,"time":104.5,"angle2":-11.25,"type":"mineHold","duration":0.5},{"angle":348.75,"time":105,"angle2":416.25,"type":"mineHold","duration":0.5},{"angle":56.25,"time":105.5,"angle2":22.5,"type":"mineHold","duration":0.5},{"angle":22.5,"time":106,"angle2":-45,"type":"mineHold","duration":0.5,"holdEase":"inBack"},{"angle":315,"time":106.5,"angle2":348.75,"type":"mineHold","duration":0.5},{"angle":348.75,"time":107,"angle2":326.25,"type":"mineHold","duration":0.5},{"type":"mine","time":108,"angle":348.75},{"angle":90,"time":116,"angle2":-438.75,"type":"mineHold","duration":3},{"angle":90,"time":114,"angle2":450,"type":"mineHold","duration":2},{"type":"block","time":109,"angle":253.09327697754},{"type":"block","time":113,"angle":116.23827362061},{"type":"block","time":115,"angle":91.377983093262},{"type":"block","time":117,"angle":91.001571655273},{"type":"block","time":118,"angle":279.85556030273},{"angle":360,"time":303.75,"angle2":382.5,"type":"hold","duration":1,"holdEase":"inOutSine"},{"angle":382.5,"time":304.75,"angle2":337.5,"type":"hold","duration":1,"holdEase":"inOutSine"},{"angle":337.5,"time":305.75,"angle2":360,"type":"hold","duration":2.25,"holdEase":"inOutSine"},{"angle":360,"time":303.75,"angle2":371.25,"type":"hold","duration":0.5,"holdEase":"outBack"},{"angle":371.25,"time":304.25,"angle2":382.5,"type":"hold","duration":0.5,"holdEase":"inBack"},{"angle":382.5,"time":304.75,"angle2":360,"type":"hold","duration":0.5,"holdEase":"inBack"},{"angle":360,"time":305.25,"angle2":337.5,"type":"hold","duration":0.5,"holdEase":"outBack"},{"angle":180,"time":314,"type":"block","tap":true},{"angle":270,"time":314.5,"type":"block","tap":true},{"angle":225,"time":315,"type":"block","tap":true},{"angle":315,"time":315.5,"type":"block","tap":true},{"angle":90,"time":322,"type":"side","tap":true},{"angle":270,"time":323,"type":"side","tap":true},{"angle":225,"time":330,"type":"block","tap":true},{"angle":315,"time":329.5,"type":"block","tap":true},{"angle":135,"time":330.5,"type":"block","tap":true},{"angle":45,"time":331,"type":"block","tap":true},{"angle":315,"time":331.5,"type":"block","tap":true},{"angle":315,"time":339,"type":"side","tap":true},{"angle":315,"time":338,"type":"side","tap":true},{"type":"block","time":156,"angle":90},{"type":"block","time":156.25,"angle":112.5},{"type":"block","time":156.5,"angle":135},{"type":"block","time":156.75,"angle":146.25},{"type":"block","time":157,"angle":168.75},{"type":"block","time":157.25,"angle":146.25},{"type":"block","time":157.5,"angle":123.75},{"type":"block","time":158,"angle":225},{"type":"block","time":158.25,"angle":247.5},{"type":"block","time":158.5,"angle":225},{"type":"block","time":158.75,"angle":202.5},{"type":"block","time":159,"angle":225},{"type":"block","time":159.75,"angle":258.75},{"type":"block","time":159.5,"angle":247.5},{"type":"block","time":160,"angle":270},{"angle":45,"time":340,"angle2":45,"type":"mineHold","duration":1},{"angle":315,"time":341,"angle2":315,"type":"mineHold","duration":1},{"angle":225,"time":342,"angle2":225,"type":"mineHold","duration":1},{"angle":135,"time":343,"angle2":135,"type":"mineHold","duration":1},{"angle":45,"time":344,"angle2":45,"type":"mineHold","duration":1},{"angle":315,"time":345,"angle2":315,"type":"mineHold","duration":1},{"angle":225,"time":346,"angle2":225,"type":"mineHold","duration":1},{"angle":135,"time":347,"angle2":135,"type":"mineHold","duration":1},{"angle":45,"time":348,"angle2":45,"type":"mineHold","duration":1},{"angle":315,"time":349,"angle2":315,"type":"mineHold","duration":1},{"type":"block","time":159.25,"angle":236.25},{"type":"block","time":160.25,"angle":292.5},{"type":"block","time":160.5,"angle":281.25},{"type":"block","time":160.75,"angle":292.5},{"type":"extraTap","time":162,"angle":0},{"type":"extraTap","time":163,"angle":180},{"angle":270,"time":162,"type":"side","tap":true},{"angle":90,"time":163,"type":"side","tap":true},{"type":"block","time":161,"angle":303.75},{"type":"block","time":161.25,"angle":315},{"type":"block","time":161.5,"angle":326.25},{"type":"block","time":164,"angle":90},{"type":"block","time":164.25,"angle":101.25},{"type":"block","time":164.5,"angle":78.75},{"type":"block","time":164.75,"angle":101.25},{"type":"block","time":165,"angle":78.75},{"type":"block","time":165.25,"angle":101.25},{"type":"block","time":165.5,"angle":78.75},{"type":"block","time":166,"angle":101.25},{"type":"block","time":166.25,"angle":123.75},{"type":"block","time":166.5,"angle":101.25},{"type":"block","time":166.75,"angle":123.75},{"type":"block","time":167,"angle":101.25},{"type":"block","time":167.25,"angle":123.75},{"type":"block","time":167.5,"angle":101.25},{"type":"block","time":167.75,"angle":123.75},{"type":"block","time":168,"angle":101.25},{"type":"block","time":168.25,"angle":135},{"type":"block","time":168.5,"angle":146.25},{"type":"block","time":168.75,"angle":157.5},{"type":"block","time":169,"angle":168.75},{"type":"block","time":169.25,"angle":180},{"type":"block","time":169.5,"angle":191.25},{"type":"block","time":169.75,"angle":202.5},{"type":"block","time":170,"angle":213.75},{"type":"block","time":170.25,"angle":225},{"type":"block","time":170.5,"angle":236.25},{"type":"block","time":170.75,"angle":247.5},{"type":"block","time":171,"angle":258.75},{"type":"block","time":171.25,"angle":270},{"type":"block","time":171.5,"angle":281.25},{"type":"block","time":171.75,"angle":292.5},{"type":"block","time":172,"angle":315},{"type":"block","time":171.875,"angle":303.75},{"type":"block","time":172.25,"angle":337.5},{"type":"block","time":172.5,"angle":360},{"type":"block","time":172.75,"angle":22.5},{"type":"block","time":173,"angle":45},{"type":"block","time":173.25,"angle":67.5},{"type":"block","time":173.5,"angle":90},{"type":"block","time":173.75,"angle":112.5},{"type":"block","time":174,"angle":135},{"type":"block","time":174.25,"angle":157.5},{"type":"block","time":174.5,"angle":180},{"type":"block","time":174.75,"angle":202.5},{"type":"block","time":175,"angle":180},{"angle":270,"time":180,"type":"extraTap"},{"angle":135,"time":360,"angle2":225,"type":"hold","duration":1,"holdEase":"inOutSine"},{"angle":225,"time":361,"angle2":135,"type":"hold","duration":1,"holdEase":"inOutSine"},{"angle":135,"time":362,"angle2":225,"type":"hold","duration":1,"holdEase":"inOutSine"},{"angle":225,"time":363,"angle2":135,"type":"hold","duration":1,"holdEase":"inOutSine"},{"angle":135,"time":364,"angle2":225,"type":"hold","duration":1,"holdEase":"inOutSine"},{"angle":225,"time":365,"angle2":135,"type":"hold","duration":1,"holdEase":"inOutSine"},{"angle":135,"time":366,"angle2":225,"type":"hold","duration":1,"holdEase":"inOutSine"},{"angle":225,"time":367,"angle2":135,"type":"hold","duration":1,"holdEase":"inOutSine"},{"angle":135,"time":368,"angle2":225,"type":"hold","duration":1,"holdEase":"inOutSine"},{"angle":225,"time":369,"angle2":135,"type":"hold","duration":1,"holdEase":"inOutSine"},{"angle":135,"time":370,"angle2":225,"type":"hold","duration":1,"holdEase":"inOutSine"},{"angle":225,"time":371,"angle2":135,"type":"hold","duration":1,"holdEase":"inOutSine"},{"angle":135,"time":372,"angle2":225,"type":"hold","duration":1,"holdEase":"inOutSine"},{"angle":225,"time":373,"angle2":135,"type":"hold","duration":1,"holdEase":"inOutSine"},{"angle":135,"time":374,"angle2":202.5,"type":"hold","duration":1,"holdEase":"inOutSine"},{"angle":202.5,"time":375,"angle2":157.5,"type":"hold","duration":1,"holdEase":"inOutSine"},{"angle":157.5,"time":376,"angle2":202.5,"type":"hold","duration":1,"holdEase":"inOutSine"},{"angle":202.5,"time":377,"angle2":157.5,"type":"hold","duration":1,"holdEase":"inOutSine"},{"angle":157.5,"time":378,"angle2":202.5,"type":"hold","duration":1,"holdEase":"inOutSine"},{"angle":202.5,"time":379,"angle2":157.5,"type":"hold","duration":1,"holdEase":"inOutSine"},{"angle":157.5,"time":380,"angle2":202.5,"type":"hold","duration":1,"holdEase":"inOutSine"},{"angle":202.5,"time":381,"angle2":157.5,"type":"hold","duration":1,"holdEase":"inOutSine"},{"angle":157.5,"time":382,"angle2":191.25,"type":"hold","duration":1,"holdEase":"inOutSine"},{"angle":191.25,"time":383,"angle2":168.75,"type":"hold","duration":1,"holdEase":"inOutSine"},{"angle":168.75,"time":384,"angle2":191.25,"type":"hold","duration":1,"holdEase":"inOutSine"},{"angle":191.25,"time":385,"angle2":168.75,"type":"hold","duration":1,"holdEase":"inOutSine"},{"angle":168.75,"time":386,"angle2":191.25,"type":"hold","duration":1,"holdEase":"inOutSine"},{"angle":191.25,"time":387,"angle2":180,"type":"hold","duration":1,"holdEase":"inOutSine"},{"type":"block","time":388.5,"angle":180},{"type":"block","time":389,"angle":180},{"type":"block","time":389.5,"angle":180},{"type":"block","time":390,"angle":180},{"type":"block","time":390.5,"angle":180},{"type":"block","time":391,"angle":180},{"type":"block","time":391.5,"angle":180},{"type":"side","time":229,"angle":180},{"type":"side","time":230,"angle":90},{"type":"side","time":231,"angle":270},{"type":"block","time":232,"angle":360},{"type":"block","time":232.5,"angle":348.75},{"type":"block","time":233,"angle":11.25},{"type":"block","time":233.5,"angle":22.5},{"type":"block","time":234,"angle":45},{"type":"block","time":234.5,"angle":315},{"type":"block","time":235,"angle":292.5},{"type":"block","time":235.5,"angle":270},{"type":"block","time":234.75,"angle":303.75},{"type":"block","time":236,"angle":135},{"type":"block","time":236.5,"angle":146.25},{"type":"block","time":237,"angle":157.5},{"type":"block","time":237.5,"angle":90},{"type":"block","time":237.75,"angle":67.5},{"type":"block","time":238,"angle":101.25},{"type":"block","time":237.625,"angle":78.75},{"type":"block","time":238.5,"angle":123.75},{"type":"block","time":239,"angle":146.25},{"type":"block","time":239.5,"angle":135},{"type":"block","time":240.25,"angle":191.25},{"type":"block","time":240.5,"angle":180},{"type":"block","time":241,"angle":180},{"type":"block","time":240.75,"angle":168.75},{"type":"block","time":240,"angle":180},{"type":"block","time":241.5,"angle":202.5},{"type":"block","time":242,"angle":225},{"type":"block","time":242.5,"angle":247.5},{"type":"block","time":243,"angle":270},{"type":"block","time":243.5,"angle":180},{"type":"block","time":244,"angle":315},{"type":"block","time":244.5,"angle":337.5},{"type":"block","time":245,"angle":292.5},{"type":"block","time":245.5,"angle":315},{"type":"block","time":245.75,"angle":292.5},{"type":"block","time":246,"angle":270},{"type":"block","time":246.5,"angle":315},{"type":"block","time":247,"angle":360},{"type":"block","time":247.5,"angle":315},{"type":"block","time":248.5,"angle":315},{"type":"block","time":249,"angle":360},{"type":"block","time":249.5,"angle":337.5},{"type":"block","time":252.5,"angle":135},{"type":"block","time":253,"angle":135},{"type":"block","time":253.5,"angle":135},{"type":"block","time":253.75,"angle":157.5},{"type":"block","time":254,"angle":112.5},{"type":"block","time":254.5,"angle":135},{"type":"block","time":255,"angle":157.5},{"type":"block","time":255.5,"angle":135},{"type":"block","time":256.5,"angle":135},{"type":"block","time":257,"angle":191.25},{"type":"block","time":257.5,"angle":135},{"type":"block","time":233.75,"angle":33.75},{"angle":270,"time":250,"type":"side","tap":true},{"angle":90,"time":251,"type":"side","tap":true},{"angle":90,"time":258,"type":"side","tap":true},{"angle":270,"time":259,"type":"side","tap":true},{"angle":180,"time":250,"angle2":180,"type":"mineHold","duration":1},{"angle":0,"time":258,"angle2":0,"type":"mineHold","duration":1},{"angle":292.5,"time":228,"angle2":292.5,"type":"mineHold","duration":1},{"angle":247.5,"time":229,"angle2":247.5,"type":"mineHold","duration":1},{"angle":360,"time":230,"angle2":360,"type":"mineHold","duration":0.5},{"angle":270,"time":276.875,"type":"block","tap":true},{"angle":258.75,"time":276.875,"type":"block","tap":true},{"angle":281.25,"time":276.875,"type":"block","tap":true},{"angle":90,"time":277.875,"type":"block","tap":true},{"angle":101.25,"time":277.875,"type":"block","tap":true},{"angle":78.75,"time":277.875,"type":"block","tap":true},{"angle":270,"time":278.875,"type":"block","tap":true},{"angle":281.25,"time":278.875,"type":"block","tap":true},{"angle":258.75,"time":278.875,"type":"block","tap":true},{"angle":360,"time":279.875,"type":"block","tap":true},{"angle":348.75,"time":279.875,"type":"block","tap":true},{"angle":337.5,"time":279.875,"type":"block","tap":true},{"angle":0,"time":280.875,"type":"block","tap":true},{"angle":11.25,"time":280.875,"type":"block","tap":true},{"angle":22.5,"time":280.875,"type":"block","tap":true},{"angle":180,"time":281.875,"type":"block","tap":true},{"angle":191.25,"time":281.875,"type":"block","tap":true},{"angle":202.5,"time":281.875,"type":"block","tap":true},{"angle":180,"time":282.875,"type":"block","tap":true},{"angle":168.75,"time":282.875,"type":"block","tap":true},{"angle":157.5,"time":282.875,"type":"block","tap":true},{"angle":90,"time":284.875,"type":"block","tap":true},{"angle":101.25,"time":284.875,"type":"block","tap":true},{"angle":78.75,"time":284.875,"type":"block","tap":true},{"angle":258.75,"time":285.875,"type":"block","tap":true},{"angle":270,"time":285.875,"type":"block","tap":true},{"angle":281.25,"time":285.875,"type":"block","tap":true},{"angle":90,"time":286.875,"type":"block","tap":true},{"angle":101.25,"time":286.875,"type":"block","tap":true},{"angle":78.75,"time":286.875,"type":"block","tap":true},{"angle":168.75,"time":287.875,"type":"block","tap":true},{"angle":180,"time":287.875,"type":"block","tap":true},{"angle":157.5,"time":287.875,"type":"block","tap":true},{"angle":180,"time":288.875,"type":"block","tap":true},{"angle":191.25,"time":288.875,"type":"block","tap":true},{"angle":202.5,"time":288.875,"type":"block","tap":true},{"angle":0,"time":289.875,"type":"block","tap":true},{"angle":11.25,"time":289.875,"type":"block","tap":true},{"angle":22.5,"time":289.875,"type":"block","tap":true},{"angle":360,"time":290.875,"type":"block","tap":true},{"angle":348.75,"time":290.875,"type":"block","tap":true},{"angle":337.5,"time":290.875,"type":"block","tap":true},{"angle":270,"time":292.875,"type":"block","tap":true},{"angle":281.25,"time":292.875,"type":"block","tap":true},{"angle":258.75,"time":292.875,"type":"block","tap":true},{"angle":90,"time":293.875,"type":"block","tap":true},{"angle":101.25,"time":293.875,"type":"block","tap":true},{"angle":78.75,"time":293.875,"type":"block","tap":true},{"angle":258.75,"time":294.875,"type":"block","tap":true},{"angle":270,"time":294.875,"type":"block","tap":true},{"angle":281.25,"time":294.875,"type":"block","tap":true},{"angle":360,"time":295.875,"type":"block","tap":true},{"angle":348.75,"time":295.875,"type":"block","tap":true},{"angle":337.5,"time":295.875,"type":"block","tap":true},{"angle":0,"time":296.875,"type":"block","tap":true},{"angle":11.25,"time":296.875,"type":"block","tap":true},{"angle":22.5,"time":296.875,"type":"block","tap":true},{"angle":180,"time":297.875,"type":"block","tap":true},{"angle":191.25,"time":297.875,"type":"block","tap":true},{"angle":202.5,"time":297.875,"type":"block","tap":true},{"angle":180,"time":298.875,"type":"block","tap":true},{"angle":168.75,"time":298.875,"type":"block","tap":true},{"angle":157.5,"time":298.875,"type":"block","tap":true},{"angle":78.75,"time":300.875,"type":"block","tap":true},{"angle":90,"time":300.875,"type":"block","tap":true},{"angle":101.25,"time":300.875,"type":"block","tap":true},{"angle":180,"time":301.875,"type":"block","tap":true},{"angle":191.25,"time":301.875,"type":"block","tap":true},{"angle":168.75,"time":301.875,"type":"block","tap":true},{"angle":258.75,"time":302.875,"type":"block","tap":true},{"angle":270,"time":302.875,"type":"block","tap":true},{"angle":281.25,"time":302.875,"type":"block","tap":true},{"type":"extraTap","time":276.875,"angle":247.5},{"type":"extraTap","time":277.875,"angle":112.5},{"type":"extraTap","time":278.875,"angle":247.5},{"type":"extraTap","time":279.875,"angle":326.25},{"type":"extraTap","time":280.875,"angle":348.75},{"type":"extraTap","time":281.875,"angle":213.75},{"type":"extraTap","time":282.875,"angle":146.25},{"type":"extraTap","time":284.875,"angle":112.5},{"type":"extraTap","time":286.875,"angle":112.5},{"type":"extraTap","time":285.875,"angle":247.5},{"type":"extraTap","time":287.875,"angle":146.25},{"type":"extraTap","time":288.875,"angle":213.75},{"type":"extraTap","time":289.875,"angle":348.75},{"type":"extraTap","time":290.875,"angle":11.25},{"type":"extraTap","time":293.875,"angle":112.5},{"type":"extraTap","time":292.875,"angle":247.5},{"type":"extraTap","time":294.875,"angle":247.5},{"type":"extraTap","time":295.875,"angle":326.25},{"type":"extraTap","time":296.875,"angle":348.75},{"type":"extraTap","time":297.875,"angle":168.75},{"type":"extraTap","time":298.875,"angle":146.25},{"type":"extraTap","time":300.875,"angle":112.5},{"type":"extraTap","time":301.875,"angle":157.5},{"type":"extraTap","time":302.875,"angle":247.5},{"type":"block","time":308.5,"angle":315},{"type":"block","time":309,"angle":360},{"type":"block","time":309.5,"angle":45},{"type":"block","time":310,"angle":270},{"type":"block","time":310.5,"angle":225},{"type":"block","time":311,"angle":270},{"type":"block","time":311.5,"angle":315},{"type":"block","time":312,"angle":90},{"type":"block","time":312.5,"angle":45},{"type":"block","time":313,"angle":90},{"type":"block","time":313.5,"angle":135},{"type":"block","time":316,"angle":270},{"type":"block","time":316.5,"angle":225},{"type":"block","time":317,"angle":180},{"type":"block","time":317.5,"angle":135},{"type":"block","time":318,"angle":360},{"type":"block","time":318.5,"angle":315},{"type":"block","time":319,"angle":270},{"type":"block","time":319.5,"angle":225},{"type":"block","time":320,"angle":90},{"type":"block","time":320.5,"angle":135},{"type":"block","time":321,"angle":180},{"type":"block","time":321.5,"angle":135},{"type":"extraTap","time":322,"angle":45},{"type":"extraTap","time":323,"angle":45},{"type":"block","time":324,"angle":180},{"type":"block","time":324.5,"angle":202.5},{"type":"block","time":325,"angle":157.5},{"type":"block","time":325.5,"angle":180},{"type":"block","time":326,"angle":225},{"type":"block","time":326.5,"angle":202.5},{"type":"block","time":327,"angle":225},{"type":"block","time":327.5,"angle":247.5},{"type":"block","time":328,"angle":270},{"type":"block","time":328.5,"angle":247.5},{"type":"block","time":329,"angle":292.5},{"angle":270,"time":332,"angle2":225,"type":"hold","duration":0.5},{"angle":225,"time":332.5,"angle2":315,"type":"hold","duration":0.5},{"angle":315,"time":333,"angle2":270,"type":"hold","duration":0.5},{"angle":90,"time":334,"angle2":180,"type":"hold","duration":0.5},{"angle":180,"time":334.5,"angle2":270,"type":"hold","duration":0.5},{"angle":270,"time":335,"angle2":360,"type":"hold","duration":0.5},{"angle":360,"time":335.5,"angle2":270,"type":"hold","duration":0.5},{"angle":270,"time":336,"angle2":180,"type":"hold","duration":0.5},{"angle":180,"time":336.5,"angle2":90,"type":"hold","duration":0.5},{"angle":90,"time":337,"angle2":0,"type":"hold","duration":0.5},{"angle":225,"time":340,"type":"block","tap":true},{"angle":135,"time":341,"type":"block","tap":true},{"angle":45,"time":342,"type":"block","tap":true},{"angle":315,"time":343,"type":"block","tap":true},{"angle":225,"time":344,"type":"block","tap":true},{"angle":135,"time":345,"type":"block","tap":true},{"angle":45,"time":346,"type":"block","tap":true},{"angle":315,"time":347,"type":"block","tap":true},{"angle":225,"time":348,"type":"block","tap":true},{"angle":135,"time":349,"type":"block","tap":true},{"angle":45,"time":350,"type":"block","tap":true},{"angle":315,"time":351,"type":"block","tap":true},{"angle":180,"time":392,"angle2":180,"type":"hold","duration":1},{"type":"block","time":228,"angle":0},{"angle":180,"time":176,"type":"block","tap":true},{"angle":191.25,"time":176.5,"type":"block","tap":true},{"angle":168.75,"time":176.75,"type":"block","tap":true},{"angle":168.75,"time":178,"type":"block","tap":true},{"angle":180,"time":179,"type":"block","tap":true},{"angle":157.5,"time":175.25,"type":"block"},{"angle":180,"time":175.5,"type":"block"},{"angle":202.5,"time":175.75,"type":"block"},{"angle":191.25,"time":177.5,"type":"block","tap":true},{"angle":202.5,"time":176,"type":"extraTap"},{"type":"extraTap","time":176.5,"angle":202.5},{"angle":180,"time":176.75,"type":"extraTap"},{"type":"extraTap","time":177.5,"angle":202.5},{"type":"extraTap","time":178,"angle":180},{"type":"extraTap","time":179,"angle":191.25}]