{"metadata":{"description":"\"OHOHOHOHOH!!\"\n\n(My first chart, may have some issues)\n\nMechanics used: All","songName":"World's End Valentine","artistLink":"","bgData":{"magentaChannel":{"g":255,"r":255,"b":255},"cyanChannel":{"g":255,"r":255,"b":255},"image":"redblue.png","redChannel":{"g":0,"r":255,"b":97},"blueChannel":{"g":131,"r":255,"b":189},"greenChannel":{"g":255,"r":255,"b":255},"yellowChannel":{"g":255,"r":255,"b":255}},"artist":"OMORI OST","charter":"Sparking Circuits","difficulty":7,"bg":true},"properties":{"formatversion":13,"startBeat":0,"speed":100,"offset":4},"events":[{"angle":0,"file":"Worlds End Valentine.ogg","offset":0.03999999910593,"time":-0.125,"type":"play","volume":1,"bpm":150},{"angle":180,"time":43.900001525879,"type":"setBPM","bpm":162},{"angle":270,"order":-999,"b":0,"r":0,"color":0,"g":0,"type":"setColor","time":-4},{"angle":90,"time":-4,"b":255,"g":255,"type":"setColor","r":255,"color":1},{"angle":22.5,"description":"","b":0,"r":255,"g":0,"type":"bookmark","time":44,"name":"speed up!"},{"angle":360,"description":"","b":0,"r":0,"g":0,"type":"bookmark","time":76,"name":"fuck ass holds"},{"angle":0,"description":"","b":0,"r":255,"g":149.9999910593,"type":"bookmark","time":68.5,"name":"Buildup.."},{"angle":90,"time":44,"b":255,"g":255,"type":"setColor","r":255,"color":0},{"angle":101.25,"time":44,"b":255,"g":255,"type":"setColor","r":255,"color":1},{"angle":90,"time":44.125,"b":85,"r":125,"color":1,"g":0,"type":"setColor","duration":6,"ease":"outSine"},{"angle":101.25,"time":44.125,"b":202,"r":255,"color":2,"g":161,"type":"setColor","duration":6,"ease":"outSine"},{"angle":258.75,"time":36,"value":1.1000000238419,"var":"vfx.canvPos.sx","type":"ease"},{"angle":247.5,"time":36,"value":1.1000000238419,"var":"vfx.canvPos.sy","type":"ease"},{"angle":258.75,"time":38,"value":1.2000000476837,"var":"vfx.canvPos.sx","type":"ease"},{"angle":247.5,"time":38,"value":1.2000000476837,"var":"vfx.canvPos.sy","type":"ease"},{"angle":258.75,"time":40,"value":1.2999999523163,"var":"vfx.canvPos.sx","type":"ease"},{"angle":247.5,"time":40,"value":1.2999999523163,"var":"vfx.canvPos.sy","type":"ease"},{"angle":258.75,"time":44,"value":1,"var":"vfx.canvPos.sx","type":"ease"},{"angle":247.5,"time":44,"value":1,"var":"vfx.canvPos.sy","type":"ease"},{"angle":112.5,"time":44,"b":255,"g":255,"type":"setColor","r":255,"color":2},{"angle":337.5,"time":-4,"b":197,"g":132,"type":"setColor","r":255,"color":3},{"angle":22.5,"time":-4,"b":171,"g":125,"type":"setColor","r":255,"color":3},{"id":"swsprite","angle":337.5,"time":44,"x":0,"y":-25,"sprite":"swneutral!default","duration":10,"hide":false,"type":"deco","order":1,"drawLayer":"bg"},{"angle":112.5,"time":44.125,"b":242,"r":255,"color":0,"g":221,"type":"setColor","duration":6,"ease":"outSine"},{"angle":123.75,"time":44.125,"b":202,"r":255,"color":7,"g":161,"type":"setColor","duration":6,"ease":"outSine"},{"angle":123.75,"time":44,"b":255,"g":255,"type":"setColor","r":255,"color":7},{"angle":180,"time":-4,"type":"outline","enable":true,"color":3},{"angle":168.75,"time":44,"type":"outline","enable":true,"color":3},{"angle":135,"time":44,"type":"setBgColor","color":6},{"angle":78.75,"time":74,"value":1.75,"var":"scrollSpeed","type":"ease","duration":2},{"angle":78.75,"time":76,"b":255,"g":255,"type":"setColor","r":255,"color":7},{"angle":67.5,"time":76,"b":255,"g":255,"type":"setColor","r":255,"color":2},{"angle":56.25,"time":76,"b":255,"g":255,"type":"setColor","r":255,"color":1},{"angle":45,"time":76,"b":255,"g":255,"type":"setColor","r":255,"color":0},{"angle":78.75,"time":76.125,"b":174,"duration":1,"color":7,"g":94,"type":"setColor","r":255},{"angle":56.25,"time":76.125,"b":85,"duration":1,"color":1,"g":0,"type":"setColor","r":125},{"angle":67.5,"time":76.125,"b":202,"duration":1,"color":2,"g":161,"type":"setColor","r":255},{"angle":45,"time":76.125,"b":242,"duration":1,"color":0,"g":221,"type":"setColor","r":255},{"angle":33.75,"time":76,"chance":0.69999998807907,"type":"noise","color":4},{"type":"showResults","time":393,"angle":180},{"angle":213.75,"time":108,"type":"forcePlayerSprite","spriteName":"cangry.png"},{"angle":78.75,"time":44,"b":255,"g":255,"type":"setColor","r":255,"color":4},{"angle":78.75,"time":44.125,"b":202,"r":255,"color":4,"g":161,"type":"setColor","duration":6,"ease":"outSine"},{"angle":22.5,"time":76,"b":255,"g":255,"type":"setColor","r":255,"color":4},{"angle":22.5,"time":76.125,"b":222,"duration":1,"color":4,"g":197,"type":"setColor","r":255},{"angle":225,"time":108,"type":"outline","enable":true,"color":3},{"angle":236.25,"time":108,"b":79,"duration":1,"color":3,"g":66,"type":"setColor","r":255},{"angle":247.5,"time":108,"b":47,"duration":1,"color":1,"g":0,"type":"setColor","r":130},{"angle":78.75,"time":180.125,"b":132,"duration":1,"color":1,"g":0,"type":"setColor","r":46},{"angle":67.5,"time":180.125,"b":255,"duration":1,"color":0,"g":196,"type":"setColor","r":225},{"angle":90,"time":180.125,"b":255,"duration":1,"color":3,"g":113,"type":"setColor","r":97},{"angle":56.25,"time":180,"type":"outline","enable":true,"color":3},{"angle":101.25,"time":180,"type":"forcePlayerSprite","spriteName":"csad.png"},{"angle":258.75,"time":108,"b":242,"duration":1,"color":0,"g":221,"type":"setColor","r":255},{"angle":270,"time":108,"b":143,"duration":1,"color":2,"g":109,"type":"setColor","r":255},{"angle":281.25,"time":108,"b":95,"duration":1,"color":7,"g":0,"type":"setColor","r":202},{"angle":292.5,"time":108,"b":179,"duration":1,"color":4,"g":155,"type":"setColor","r":255},{"angle":202.5,"description":"","b":0,"r":0,"g":0,"type":"bookmark","time":108,"name":"cranky gets angry"},{"angle":292.5,"time":107.875,"b":105,"g":59,"type":"setColor","r":255,"color":4},{"angle":281.25,"time":107.875,"b":105,"g":59,"type":"setColor","r":255,"color":7},{"angle":270,"time":107.875,"b":105,"g":59,"type":"setColor","r":255,"color":2},{"angle":258.75,"time":107.875,"b":105,"g":59,"type":"setColor","r":255,"color":0},{"angle":247.5,"time":107.875,"b":105,"g":59,"type":"setColor","r":255,"color":1},{"angle":236.25,"time":107.875,"b":105,"g":59,"type":"setColor","r":255,"color":3},{"hide":false,"angle":202.5,"time":140,"sprite":"swhappy!default","id":"swsprite","type":"deco"},{"angle":213.75,"time":140.125,"b":164,"duration":1,"color":5,"g":244,"type":"setColor","r":255},{"angle":191.25,"description":"","b":0,"r":0,"g":0,"type":"bookmark","time":140,"name":"sweetheart happy 1 !"},{"angle":213.75,"time":140,"b":136,"g":245,"type":"setColor","r":255,"color":5},{"newWidth":50,"angle":315,"time":108,"paddle":1,"type":"paddles","ease":"linear","duration":0},{"angle":225,"time":139,"value":1.8999999761581,"var":"scrollSpeed","type":"ease","duration":2},{"newWidth":90,"angle":45,"time":180,"paddle":1,"type":"paddles","ease":"linear","duration":0.5},{"hide":false,"angle":281.25,"time":212,"sprite":"swsad!default","id":"swsprite","type":"deco"},{"angle":258.75,"time":212,"b":255,"g":74,"type":"setColor","r":50,"color":5},{"angle":258.75,"time":212.125,"b":166,"duration":1,"color":5,"g":29,"type":"setColor","r":0},{"angle":225,"time":140.125,"b":132,"duration":1,"color":2,"g":132,"type":"setColor","r":251},{"angle":236.25,"time":140.125,"b":170,"duration":1,"color":4,"g":230,"type":"setColor","r":255},{"angle":247.5,"time":140.125,"b":99,"duration":1,"color":7,"g":19,"type":"setColor","r":247},{"angle":225,"time":140,"b":136,"g":245,"type":"setColor","r":255,"color":2},{"angle":236.25,"time":140,"b":136,"g":245,"type":"setColor","r":255,"color":4},{"angle":247.5,"time":140,"b":136,"g":245,"type":"setColor","r":255,"color":7},{"angle":315,"time":-4,"type":"setBgColor","color":6},{"angle":146.25,"time":44,"b":255,"g":255,"type":"setColor","r":255,"color":6},{"angle":146.25,"time":44.125,"b":242,"r":255,"color":6,"g":221,"type":"setColor","duration":6,"ease":"outSine"},{"angle":326.25,"time":107.875,"b":105,"g":59,"type":"setColor","r":255,"color":6},{"angle":326.25,"time":108,"b":242,"duration":1,"color":6,"g":221,"type":"setColor","r":255},{"angle":258.75,"time":140,"b":136,"g":245,"type":"setColor","r":255,"color":6},{"angle":258.75,"time":140.125,"b":136,"g":185,"type":"setColor","r":255,"color":6},{"angle":270,"time":140,"chance":0.89999997615814,"type":"noise","color":5},{"angle":247.5,"time":212,"b":255,"g":74,"type":"setColor","r":50,"color":6},{"angle":247.5,"time":212.125,"b":54,"duration":1,"color":6,"g":16,"type":"setColor","r":0},{"angle":236.25,"time":212,"b":255,"g":74,"type":"setColor","r":50,"color":2},{"angle":225,"time":212,"b":255,"g":74,"type":"setColor","r":50,"color":4},{"angle":213.75,"time":212,"b":255,"g":74,"type":"setColor","r":50,"color":7},{"angle":213.75,"time":212.125,"b":217,"duration":1,"color":7,"g":34,"type":"setColor","r":55},{"angle":225,"time":212.125,"b":234,"duration":1,"color":4,"g":118,"type":"setColor","r":156},{"angle":236.25,"time":212.125,"b":227,"duration":1,"color":2,"g":79,"type":"setColor","r":101},{"angle":292.5,"time":212,"chance":0.99000000953674,"type":"noise","color":5},{"angle":303.75,"time":211,"value":0.75,"var":"scrollSpeed","type":"ease","ease":"linear","duration":1},{"angle":315,"description":"","b":0,"r":0,"g":0,"type":"bookmark","time":180,"name":"sad cranky :("},{"angle":348.75,"description":"","b":0,"r":0,"g":0,"type":"bookmark","time":228,"name":"happy cranky :)"},{"angle":11.25,"time":228.125,"b":199,"duration":1,"color":0,"g":249,"type":"setColor","r":255},{"angle":337.5,"time":228,"type":"forcePlayerSprite","spriteName":"chappy.png"},{"angle":22.5,"time":228.125,"b":76,"duration":1,"color":1,"g":121,"type":"setColor","r":255},{"angle":33.75,"time":228.125,"b":75,"duration":1,"color":3,"g":240,"type":"setColor","r":255},{"newWidth":70,"angle":326.25,"time":228,"paddle":1,"type":"paddles","ease":"linear","duration":0.5},{"id":"swsprite","angle":90,"time":308,"sprite":"swangry!default","type":"deco"},{"angle":78.75,"time":308.125,"b":28,"duration":1,"color":6,"g":0,"type":"setColor","r":120},{"angle":67.5,"time":308.125,"b":69,"duration":1,"color":7,"g":0,"type":"setColor","r":174},{"angle":56.25,"time":308.125,"b":90,"duration":1,"color":2,"g":63,"type":"setColor","r":255},{"angle":45,"time":308.125,"b":136,"duration":1,"color":4,"g":120,"type":"setColor","r":255},{"angle":33.75,"time":308.125,"b":46,"duration":1,"color":5,"g":46,"type":"setColor","r":255},{"id":"swsprite","angle":348.75,"time":359.75,"sprite":"swneutral@3","recolor":2,"type":"deco"},{"angle":326.25,"time":359.75,"b":255,"g":255,"type":"setColor","r":255,"color":1},{"angle":315,"time":359.75,"b":0,"g":0,"type":"setColor","r":0,"color":0},{"angle":303.75,"time":359.75,"b":71,"g":71,"type":"setColor","r":71,"color":3},{"angle":292.5,"time":359.75,"type":"setBgColor","color":0},{"angle":281.25,"time":359.75,"b":35,"g":35,"type":"setColor","r":35,"color":2},{"angle":270,"time":359.75,"chance":0,"type":"noise","color":0},{"id":"popup","angle":0,"time":360,"y":300,"sprite":"victorynotif.png","ease":"outExpo","type":"deco","duration":2,"drawLayer":"fg"},{"angle":0,"time":352.5,"type":"forcePlayerSprite","spriteName":"dark.png"},{"angle":337.5,"time":359.75,"type":"forcePlayerSprite","spriteName":"chappy.png"},{"id":"ebox","angle":315,"order":2,"x":209.5,"y":105,"sprite":"neutral.png","sx":0.15000000596046,"sy":0.15000000596046,"type":"deco","time":44,"drawLayer":"bg"},{"id":"ebox","angle":303.75,"time":108,"sprite":"angry.png","type":"deco"},{"id":"ebox","angle":112.5,"time":180,"sprite":"sad.png","type":"deco"},{"id":"ebox","angle":315,"time":228,"sprite":"happy.png","type":"deco"},{"angle":157.5,"time":44,"b":255,"g":255,"type":"setColor","r":255,"color":3},{"angle":157.5,"time":44.125,"b":242,"r":255,"color":3,"g":221,"type":"setColor","duration":6,"ease":"outSine"},{"id":"ebox","angle":11.25,"time":359.75,"sprite":"neutral.png","type":"deco"},{"angle":101.25,"time":305.75,"value":1.25,"var":"scrollSpeed","type":"ease","ease":"outSine","duration":2.25},{"angle":101.25,"description":"","b":0,"r":0,"g":0,"type":"bookmark","time":308,"name":"angry sweetheart"},{"id":"popup","angle":315,"time":107,"x":149,"y":360,"sprite":"cangrynotif.png","sx":0.25,"sy":0.25,"type":"deco","drawLayer":"fg"},{"id":"scribble","angle":225,"time":-4,"x":277.5,"y":158,"sprite":"test1!default","sx":0.85000002384186,"sy":0.85000002384186,"type":"deco"},{"angle":157.5,"time":-4,"type":"forcePlayerSprite","spriteName":"dark.png"},{"angle":168.75,"time":388,"b":0,"duration":4,"color":0,"g":0,"type":"setColor","r":0},{"angle":157.5,"time":388,"b":0,"duration":4,"color":1,"g":0,"type":"setColor","r":0},{"angle":146.25,"time":388,"b":0,"duration":4,"color":2,"g":0,"type":"setColor","r":0},{"angle":135,"time":388,"b":0,"duration":4,"color":3,"g":0,"type":"setColor","r":0},{"angle":123.75,"time":388,"b":0,"duration":4,"color":4,"g":0,"type":"setColor","r":0},{"angle":112.5,"time":388,"b":0,"duration":4,"color":5,"g":0,"type":"setColor","r":0},{"angle":101.25,"time":388,"b":0,"duration":4,"color":6,"g":0,"type":"setColor","r":0},{"angle":90,"time":388,"b":0,"duration":4,"color":7,"g":0,"type":"setColor","r":0},{"angle":157.5,"time":36,"value":5,"var":"vfx.hglitch.strength","type":"ease"},{"angle":292.5,"time":38,"value":5,"var":"vfx.hglitch.strength","type":"ease"},{"angle":292.5,"time":38.125,"value":0,"var":"vfx.hglitch.strength","type":"ease","duration":1.5},{"angle":348.75,"time":40,"value":5,"var":"vfx.hglitch.strength","type":"ease"},{"angle":348.75,"time":40.125,"value":0,"var":"vfx.hglitch.strength","type":"ease","duration":3},{"angle":45,"time":44,"value":5,"var":"vfx.hglitch.strength","type":"ease"},{"angle":45,"time":44.125,"value":0,"var":"vfx.hglitch.strength","type":"ease","duration":8},{"angle":67.5,"time":180,"b":255,"g":57,"type":"setColor","r":36,"color":0},{"angle":78.75,"time":180,"b":255,"g":57,"type":"setColor","r":36,"color":1},{"angle":90,"time":180,"b":255,"g":57,"type":"setColor","r":36,"color":3},{"angle":123.75,"time":180,"b":255,"g":57,"type":"setColor","r":36,"color":2},{"angle":135,"time":180,"b":255,"g":57,"type":"setColor","r":36,"color":4},{"angle":146.25,"time":180,"b":255,"g":57,"type":"setColor","r":36,"color":5},{"angle":157.5,"time":180,"b":255,"g":57,"type":"setColor","r":36,"color":6},{"angle":168.75,"time":180,"b":255,"g":57,"type":"setColor","r":36,"color":7},{"angle":123.75,"time":180.125,"b":132,"duration":1,"color":2,"g":132,"type":"setColor","r":251},{"angle":146.25,"time":180.125,"b":164,"duration":1,"color":5,"g":244,"type":"setColor","r":255},{"angle":135,"time":180.125,"b":170,"duration":1,"color":4,"g":230,"type":"setColor","r":255},{"angle":157.5,"time":180.125,"b":136,"duration":1,"color":6,"g":185,"type":"setColor","r":255},{"angle":168.75,"time":180.125,"b":99,"duration":1,"color":7,"g":19,"type":"setColor","r":247},{"angle":135,"time":180,"type":"setColor","color":0},{"angle":157.5,"time":180,"type":"setColor","color":0},{"angle":157.5,"time":36.125,"value":0,"var":"vfx.hglitch.strength","type":"ease","duration":1.5},{"angle":33.75,"time":308,"b":46,"g":46,"type":"setColor","r":255,"color":5},{"angle":45,"time":308,"b":46,"g":46,"type":"setColor","r":255,"color":4},{"angle":56.25,"time":308,"b":46,"g":46,"type":"setColor","r":255,"color":2},{"angle":67.5,"time":308,"b":46,"g":46,"type":"setColor","r":255,"color":7},{"angle":78.75,"time":308,"b":46,"g":46,"type":"setColor","r":255,"color":6},{"angle":11.25,"time":228,"b":75,"g":202,"type":"setColor","r":255,"color":0},{"angle":22.5,"time":228,"b":75,"g":202,"type":"setColor","r":255,"color":1},{"angle":33.75,"time":228,"b":75,"g":202,"type":"setColor","r":255,"color":3},{"angle":11.25,"time":228,"b":75,"g":202,"type":"setColor","r":255,"color":0},{"angle":56.25,"time":228.125,"b":227,"duration":1,"color":2,"g":79,"type":"setColor","r":101},{"angle":67.5,"time":228.125,"b":234,"duration":1,"color":4,"g":118,"type":"setColor","r":156},{"angle":78.75,"time":228.125,"b":166,"duration":1,"color":5,"g":29,"type":"setColor","r":0},{"angle":90,"time":228.125,"b":54,"duration":1,"color":6,"g":16,"type":"setColor","r":0},{"angle":101.25,"time":228.125,"b":217,"duration":1,"color":7,"g":34,"type":"setColor","r":55},{"angle":56.25,"time":228,"b":75,"g":202,"type":"setColor","r":255,"color":2},{"angle":78.75,"time":228,"b":75,"g":202,"type":"setColor","r":255,"color":5},{"angle":67.5,"time":228,"b":75,"g":202,"type":"setColor","r":255,"color":4},{"angle":90,"time":228,"b":75,"g":202,"type":"setColor","r":255,"color":6},{"angle":101.25,"time":228,"b":75,"g":202,"type":"setColor","r":255,"color":7},{"id":"popup","angle":360,"time":368,"y":360,"type":"deco","ease":"inBack","duration":2},{"id":"popup","angle":337.5,"time":108,"y":300,"ease":"outBack","outline":true,"type":"deco","duration":2},{"id":"popup","angle":337.5,"time":116,"y":360,"type":"deco","ease":"inBack","duration":2},{"id":"popup","angle":360,"time":140,"y":300,"sprite":"swhappynotif.png","duration":2,"type":"deco","ease":"outBack"},{"id":"popup","angle":0,"time":148,"y":360,"type":"deco","ease":"inBack","duration":2},{"id":"popup","angle":292.5,"time":180,"y":300,"sprite":"csadnotif.png","duration":2,"type":"deco","ease":"outBack"},{"id":"popup","angle":292.5,"time":188,"y":360,"type":"deco","ease":"inBack","duration":2},{"id":"popup","angle":315,"time":212,"y":300,"sprite":"swsadnotif.png","duration":2,"type":"deco","ease":"outBack"},{"id":"popup","angle":315,"time":220,"y":360,"type":"deco","ease":"inBack","duration":2},{"id":"popup","angle":270,"time":228,"y":300,"sprite":"chappynotif.png","duration":2,"type":"deco","ease":"outBack"},{"id":"popup","angle":270,"time":236,"y":360,"type":"deco","ease":"inBack","duration":2},{"id":"popup","angle":337.5,"time":308,"y":300,"sprite":"swangrynotif.png","duration":2,"type":"deco","ease":"outBack"},{"id":"popup","angle":337.5,"time":316,"y":360,"type":"deco","ease":"inBack","duration":2}]}