[{"color":0,"type":"noise","chance":0.40000000596046,"angle":427.5,"time":0},{"time":0,"enable":true,"angle":315,"type":"hom"},{"ease":"linear","duration":1,"var":"vfx.hglitch.strength","type":"ease","time":0,"value":0,"angle":202.5,"start":10},{"ease":"linear","duration":1,"var":"vfx.hglitch.resolution","type":"ease","time":0,"value":0,"angle":225,"start":10},{"g":0,"b":0,"type":"setColor","color":0,"time":0,"angle":405,"r":0},{"g":255,"b":255,"color":1,"r":255,"angle":382.5,"time":0,"type":"setColor"}]