[{"speedMult":10,"type":"hold","angle2":0,"duration":0.5,"time":0,"angle":0},{"speedMult":10,"type":"hold","angle2":22.5,"duration":0.5,"time":0,"angle":22.5},{"angle":22.5,"time":0,"type":"block"},{"time":0,"angle":337.5,"type":"extraTap"},{"color":0,"time":0,"chance":0.40000000596046,"angle":90,"type":"noise"},{"time":0,"enable":true,"angle":315,"type":"hom"},{"ease":"linear","type":"ease","var":"vfx.hglitch.strength","duration":1,"time":0,"value":0,"angle":202.5,"start":20},{"ease":"linear","type":"ease","var":"vfx.hglitch.resolution","duration":1,"time":0,"value":0,"angle":225,"start":20},{"g":0,"b":0,"color":0,"type":"setColor","time":0,"angle":405,"r":196},{"g":255,"b":255,"type":"setColor","r":255,"angle":67.5,"time":0,"color":1},{"angle":0,"time":0,"type":"block"},{"ease":"linear","value":0.40000000596046,"var":"vfx.hwaves.strength","type":"ease","angle":247.5,"duration":4,"time":0,"start":4},{"ease":"linear","value":0.40000000596046,"var":"vfx.hwaves.period","type":"ease","angle":270,"duration":4,"time":0,"start":10}]