[{"r":255,"b":255,"color":1,"type":"setColor","time":0,"angle":315,"g":255},{"r":255,"b":0,"color":0,"type":"setColor","time":0,"angle":337.5,"g":0},{"r":0,"b":0,"duration":0.5,"angle":337.5,"g":0,"color":1,"type":"setColor","time":0.5,"ease":"linear"},{"r":255,"b":255,"duration":0.5,"angle":315,"g":255,"color":0,"type":"setColor","time":0.5,"ease":"linear"},{"ease":"linear","type":"ease","var":"vfx.hwaves.strength","duration":1,"time":0,"value":0.40000000596046,"angle":202.5,"start":4},{"ease":"linear","type":"ease","var":"vfx.hwaves.period","duration":1,"time":0,"value":0.40000000596046,"angle":225,"start":10},{"ease":"linear","duration":1,"var":"vfx.hwaves.strength","type":"ease","time":0,"value":0.40000000596046,"angle":135,"start":4},{"ease":"linear","duration":1,"var":"vfx.hwaves.period","type":"ease","time":0,"value":0.40000000596046,"angle":157.5,"start":10}]