[{"x":-10,"y":70,"angle":22.5,"drawLayer":"bg","time":0.1,"type":"deco","sprite":"flower!MoveSlow","id":"flower","sx":1,"sy":1,"r":0,"outline":true, "hide":false},
{"type":"ease","time":0,"angle":180,"value":287,"var":"p.x"},{"type":"ease","time":0,"angle":157.5,"value":233,"var":"p.y"}, 

    {"type":"ease","time":0,"angle":180,"value":293,"var":"p.x","duration":0.4},{"type":"ease","time":0,"angle":213.5,"value":213,"var":"p.y","duration":0.4}, 

    {"type":"ease","time":0.4,"angle":180,"value":300,"var":"p.x","duration":0.4},{"type":"ease","time":0.4,"angle":213.5,"value":206,"var":"p.y","duration":0.4},  

    {"type":"ease","time":0.8,"angle":180,"value":307,"var":"p.x","duration":0.4},{"type":"ease","time":0.8,"angle":213.5,"value":200,"var":"p.y","duration":0.4},  

    {"type":"ease","time":1.2,"angle":180,"value":314,"var":"p.x","duration":0.4},{"type":"ease","time":1.2,"angle":213.5,"value":206,"var":"p.y","duration":0.4}, 

    {"type":"ease","time":1.6,"angle":180,"value":323,"var":"p.x","duration":0.4},{"type":"ease","time":1.6,"angle":213.5,"value":216,"var":"p.y","duration":0.4},

    {"type":"ease","time":2,"angle":180,"value":323,"var":"p.x","duration":0.4},{"type":"ease","time":2,"angle":213.5,"value":216,"var":"p.y","duration":0.4},

    {"type":"ease","time":2.4,"angle":180,"value":314,"var":"p.x","duration":0.4},{"type":"ease","time":2.4,"angle":213.5,"value":206,"var":"p.y","duration":0.4}, 

    {"type":"ease","time":2.6,"angle":180,"value":307,"var":"p.x","duration":0.4},{"type":"ease","time":2.8,"angle":213.5,"value":200,"var":"p.y","duration":0.4},  

    {"type":"ease","time":3.0,"angle":180,"value":300,"var":"p.x","duration":0.4},{"type":"ease","time":3.2,"angle":213.5,"value":206,"var":"p.y","duration":0.4}, 

    {"type":"ease","time":3.4,"angle":180,"value":287,"var":"p.x","duration":0.4},{"type":"ease","time":3.6,"angle":157.5,"value":233,"var":"p.y","duration":0.4} 
]