[

    {
        "type": "deco",
        "time": 0,
        "order":0,
        "id": "FlowerNote",
        "angle": 112.5,
        "sprite":"miniflower2@10",
        "x":-50,
        "y":174,
        "sx":0.8,        "sy":0.8,
        "drawLayer":"fg",
        "hide":false

    },
    {
        "type": "deco",
        "time": 0,
        "order":1,
        "id": "FlowerNote",
        "angle": 112.5,
        "x":285,
        "y":199,
        "duration":3.8,
        "ease":"linear"

    },
    {
        "type": "deco",
        "time": 3.02,
        "order":1,
        "id": "FlowerNote",
        "angle": 112.5,
        "hide":true,
        "ease":"linear"

    }
]