[
    {
        "hide": false,
        "id": "sunray1",
        "time": 0,
        "angle": 0,
        "type": "deco"
    },
    {
        "hide": true,
        "id": "sunray1",
        "time": 1,
        "angle": 0,
        "type": "deco"
    },
    {
        "hide": false,
        "angle": 360,
        "type": "deco",
        "time": 1,
        "id": "sunray2"
    },
    {
        "hide": true,
        "angle": 360,
        "type": "deco",
        "time": 2,
        "id": "sunray2"
    },
    {
        "hide": false,
        "angle": 360,
        "type": "deco",
        "time": 2,
        "id": "sunray3"
    },
    {
        "hide": true,
        "angle": 360,
        "type": "deco",
        "time": 3,
        "id": "sunray3"
    },
    {
        "hide": false,
        "angle": 360,
        "type": "deco",
        "time": 3,
        "id": "sunray2"
    },
    {
        "hide": true,
        "angle": 360,
        "type": "deco",
        "time": 4,
        "id": "sunray2"
    },
    {
        "hide": false,
        "id": "sunray1",
        "time": 4,
        "angle": 0,
        "type": "deco"
    }
]