[{"b":226,"type":"setColor","angle":90,"color":0,"time":0,"r":249,"g":248},{"b":222,"type":"setColor","angle":101.25,"color":1,"time":0,"r":255,"g":222},{"b":226,"type":"setColor","angle":112.5,"color":2,"time":0,"r":255,"g":241},{"b":0,"type":"setColor","order":1,"duration":2,"color":2,"angle":157.5,"time":0,"r":255,"g":165},{"b":6,"color":0,"type":"setColor","angle":135,"time":0,"duration":2,"r":255,"g":226,"order":1},{"b":9,"order":1,"color":1,"type":"setColor","angle":146.25,"time":0,"duration":2,"r":106,"g":29}]