[{"type":"block","angle":180,"time":0},{"type":"block","angle":135,"time":0.5},{"type":"block","angle":180,"time":1},{"type":"block","angle":135,"time":1.25},{"type":"block","angle":90,"time":1.75},{"type":"block","angle":45,"time":2.25},{"type":"block","angle":90,"time":2.75},{"duration":0.5,"type":"hold","angle2":135,"angle":33.5,"time":3},{"duration":0.5,"type":"hold","angle2":0,"angle":135,"time":3.5},{"type":"block","angle":315,"time":4.5},{"type":"block","angle":360,"time":5},{"type":"block","angle":315,"time":5.25},{"type":"block","angle":-90,"time":5.75},{"type":"block","angle":225,"time":6.25},{"type":"block","angle":270,"time":6.75},{"type":"side","angle":-45,"time":7.75},{"type":"side","angle":405,"time":7.5},{"type":"side","angle":0,"time":7.6125001907349},{"type":"block","angle":135,"time":8.5},{"type":"block","angle":180,"time":9},{"type":"block","angle":135,"time":9.25},{"type":"block","angle":90,"time":9.75},{"type":"block","angle":45,"time":10.25},{"type":"block","angle":90,"time":10.75},{"duration":0.5,"type":"hold","angle2":135,"angle":33.5,"time":11},{"duration":0.5,"type":"hold","angle2":0,"angle":135,"time":11.5},{"type":"block","angle":315,"time":12.5},{"type":"block","angle":360,"time":13},{"type":"block","angle":315,"time":13.25},{"type":"block","angle":270,"time":13.75},{"type":"block","angle":315,"time":14.25},{"type":"block","angle":270,"time":14.75},{"type":"block","angle":247.5,"time":20.5},{"type":"block","angle":202.5,"time":21},{"type":"block","angle":180,"time":8},{"type":"block","angle":157.5,"time":21.5},{"type":"block","angle":258.75,"time":15},{"type":"block","angle":281.25,"time":15},{"type":"block","angle":202.5,"time":15.5},{"type":"block","angle":225,"time":15.5},{"holdEase":"outExpo","duration":0.75,"type":"hold","angle2":45,"angle":112.5,"time":16.75},{"duration":0.25,"type":"hold","angle2":135,"angle":225,"time":7},{"duration":1.25,"type":"hold","angle2":0,"angle":135,"time":18.25},{"duration":0.5,"type":"hold","angle2":135,"angle":90,"time":17.75},{"type":"block","angle":270,"time":20.25},{"type":"block","angle":225,"time":20.75},{"type":"block","angle":180,"time":21.25},{"type":"block","angle":180,"time":16.5},{"holdEase":"outQuint","duration":1.75,"type":"hold","angle2":90,"angle":135,"time":21.75},{"type":"side","angle":33.75,"time":22.5},{"type":"side","angle":33.75,"time":23},{"type":"side","angle":33.75,"time":23.5},{"type":"block","angle":360,"time":24.25},{"type":"block","angle":326.25,"time":24.75},{"type":"block","angle":292.5,"time":25.25},{"type":"block","angle":258.75,"time":25.75},{"type":"side","angle":270,"time":27.25},{"type":"side","angle":225,"time":27.5},{"duration":2.5,"angle2":-90,"type":"hold","startTap":true,"angle":202.5,"time":27.833333969116},{"duration":2.75,"angle2":-180,"type":"hold","startTap":true,"angle":0,"time":23.75},{"type":"block","angle":168.75,"time":28.333333969116},{"type":"block","angle":112.5,"time":28.833333969116},{"type":"block","angle":56.25,"time":29.333333969116},{"type":"block","angle":0,"time":29.833333969116},{"type":"block","angle":303.75,"time":30.333333969116},{"type":"extraTap","angle":180,"time":31.75},{"type":"extraTap","angle":180,"time":31.5},{"duration":0.75,"type":"mineHold","angle2":202.5,"angle":281.25,"time":26.5},{"type":"block","angle":247.5,"time":36.5},{"type":"block","angle":202.5,"time":37},{"type":"block","angle":157.5,"time":37.5},{"holdEase":"outCubic","duration":0.75,"type":"hold","angle2":45,"angle":146.25,"time":32.5},{"duration":1.25,"type":"hold","angle2":0,"angle":135,"time":34.25},{"duration":0.5,"type":"hold","angle2":135,"angle":90,"time":33.75},{"type":"block","angle":225,"time":36.75},{"type":"block","angle":180,"time":37.25},{"holdEase":"outQuint","duration":1.75,"type":"hold","angle2":90,"angle":135,"time":37.75},{"type":"side","angle":33.75,"time":38.5},{"type":"side","angle":33.75,"time":39},{"type":"side","angle":33.75,"time":39.5},{"type":"block","angle":360,"time":40.25},{"type":"block","angle":326.25,"time":40.75},{"type":"block","angle":292.5,"time":41.25},{"type":"block","angle":258.75,"time":41.75},{"type":"side","angle":236.25,"time":43.5},{"duration":2.5,"angle2":472.5,"type":"hold","startTap":true,"angle":191.25,"time":43.75},{"duration":2.75,"angle2":-180,"type":"hold","startTap":true,"angle":0,"time":39.75},{"type":"block","angle":225,"time":44.25},{"type":"block","angle":281.25,"time":44.75},{"type":"block","angle":337.5,"time":45.25},{"type":"block","angle":33.75,"time":45.75},{"type":"block","angle":90,"time":46.25},{"duration":0.75,"type":"mineHold","angle2":202.5,"angle":281.25,"time":42.5},{"type":"block","angle":67.5,"time":48.25},{"type":"block","angle":135,"time":49.5},{"type":"block","angle":67.5,"time":49.75},{"duration":0.25,"type":"hold","angle2":123.75,"angle":56.25,"time":48.75},{"duration":0.25,"type":"hold","angle2":56.25,"angle":123.75,"time":49},{"type":"block","angle":90,"time":48.875},{"type":"block","angle":90,"time":49.125},{"type":"block","angle":112.5,"time":48},{"type":"block","angle":22.5,"time":48.5},{"type":"block","angle":123.75,"time":48},{"type":"block","angle":135,"time":48},{"type":"block","angle":90,"time":48.25},{"type":"block","angle":78.75,"time":48.25},{"type":"block","angle":33.75,"time":48.5},{"type":"block","angle":45,"time":48.5},{"type":"block","angle":123.75,"time":49.5},{"type":"block","angle":112.5,"time":49.5},{"type":"block","angle":78.75,"time":49.75},{"type":"block","angle":90,"time":49.75},{"type":"block","angle":-22.5,"time":50.25},{"type":"block","angle":45,"time":51.5},{"type":"block","angle":-22.5,"time":51.75},{"duration":0.25,"type":"hold","angle2":33.75,"angle":-33.75,"time":50.75},{"duration":0.25,"type":"hold","angle2":-33.75,"angle":33.75,"time":51},{"type":"block","angle":0,"time":50.875},{"type":"block","angle":0,"time":51.125},{"type":"block","angle":22.5,"time":50},{"type":"block","angle":-67.5,"time":50.5},{"type":"block","angle":33.75,"time":50},{"type":"block","angle":45,"time":50},{"type":"block","angle":0,"time":50.25},{"type":"block","angle":-11.25,"time":50.25},{"type":"block","angle":-56.25,"time":50.5},{"type":"block","angle":-45,"time":50.5},{"type":"block","angle":33.75,"time":51.5},{"type":"block","angle":22.5,"time":51.5},{"type":"block","angle":-11.25,"time":51.75},{"type":"block","angle":0,"time":51.75},{"type":"block","angle":-112.5,"time":52.25},{"type":"block","angle":-45,"time":53.5},{"type":"block","angle":-112.5,"time":53.75},{"duration":0.25,"type":"hold","angle2":-56.25,"angle":-123.75,"time":52.75},{"duration":0.25,"type":"hold","angle2":-123.75,"angle":-56.25,"time":53},{"type":"block","angle":-90,"time":52.875},{"type":"block","angle":-90,"time":53.125},{"type":"block","angle":-67.5,"time":52},{"type":"block","angle":-157.5,"time":52.5},{"type":"block","angle":-56.25,"time":52},{"type":"block","angle":-45,"time":52},{"type":"block","angle":-90,"time":52.25},{"type":"block","angle":-101.25,"time":52.25},{"type":"block","angle":-146.25,"time":52.5},{"type":"block","angle":-135,"time":52.5},{"type":"block","angle":-56.25,"time":53.5},{"type":"block","angle":-67.5,"time":53.5},{"type":"block","angle":-101.25,"time":53.75},{"type":"block","angle":-90,"time":53.75},{"type":"block","angle":157.5,"time":54.25},{"type":"block","angle":225,"time":55.5},{"type":"block","angle":157.5,"time":55.75},{"duration":0.25,"type":"hold","angle2":213.75,"angle":146.25,"time":54.75},{"duration":0.25,"type":"hold","angle2":146.25,"angle":213.75,"time":55},{"type":"block","angle":180,"time":54.875},{"type":"block","angle":180,"time":55.125},{"type":"block","angle":202.5,"time":54},{"type":"block","angle":112.5,"time":54.5},{"type":"block","angle":213.75,"time":54},{"type":"block","angle":225,"time":54},{"type":"block","angle":180,"time":54.25},{"type":"block","angle":168.75,"time":54.25},{"type":"block","angle":123.75,"time":54.5},{"type":"block","angle":135,"time":54.5},{"type":"block","angle":213.75,"time":55.5},{"type":"block","angle":202.5,"time":55.5},{"type":"block","angle":168.75,"time":55.75},{"type":"block","angle":180,"time":55.75},{"type":"extraTap","angle":157.5,"time":48},{"type":"extraTap","angle":112.5,"time":48.25},{"type":"extraTap","angle":45,"time":49.25},{"type":"extraTap","angle":67.5,"time":50},{"type":"extraTap","angle":315,"time":51.25},{"type":"extraTap","angle":22.5,"time":51.75},{"type":"extraTap","angle":337.5,"time":52},{"type":"extraTap","angle":292.5,"time":52.25},{"type":"extraTap","angle":225,"time":53.25},{"type":"extraTap","angle":292.5,"time":53.75},{"type":"extraTap","angle":247.5,"time":54},{"type":"extraTap","angle":135,"time":55.25},{"type":"extraTap","angle":202.5,"time":55.75},{"type":"block","angle":67.5,"time":56.25},{"type":"block","angle":135,"time":57.5},{"type":"block","angle":67.5,"time":57.75},{"duration":0.25,"type":"hold","angle2":123.75,"angle":56.25,"time":56.75},{"duration":0.25,"type":"hold","angle2":56.25,"angle":123.75,"time":57},{"type":"block","angle":90,"time":56.875},{"type":"block","angle":90,"time":57.125},{"type":"block","angle":112.5,"time":56},{"type":"block","angle":22.5,"time":56.5},{"type":"block","angle":123.75,"time":56},{"type":"block","angle":135,"time":56},{"type":"block","angle":90,"time":56.25},{"type":"block","angle":78.75,"time":56.25},{"type":"block","angle":33.75,"time":56.5},{"type":"block","angle":45,"time":56.5},{"type":"block","angle":123.75,"time":57.5},{"type":"block","angle":112.5,"time":57.5},{"type":"block","angle":78.75,"time":57.75},{"type":"block","angle":90,"time":57.75},{"type":"block","angle":-22.5,"time":58.25},{"type":"block","angle":45,"time":59.5},{"type":"block","angle":-22.5,"time":59.75},{"duration":0.25,"type":"hold","angle2":33.75,"angle":-33.75,"time":58.75},{"duration":0.25,"type":"hold","angle2":-33.75,"angle":33.75,"time":59},{"type":"block","angle":0,"time":58.875},{"type":"block","angle":0,"time":59.125},{"type":"block","angle":22.5,"time":58},{"type":"block","angle":-67.5,"time":58.5},{"type":"block","angle":33.75,"time":58},{"type":"block","angle":45,"time":58},{"type":"block","angle":0,"time":58.25},{"type":"block","angle":-11.25,"time":58.25},{"type":"block","angle":-56.25,"time":58.5},{"type":"block","angle":-45,"time":58.5},{"type":"block","angle":33.75,"time":59.5},{"type":"block","angle":22.5,"time":59.5},{"type":"block","angle":-11.25,"time":59.75},{"type":"block","angle":0,"time":59.75},{"type":"block","angle":-112.5,"time":60.25},{"duration":0.25,"type":"hold","angle2":-56.25,"angle":-123.75,"time":60.75},{"duration":0.25,"type":"hold","angle2":-123.75,"angle":-56.25,"time":61},{"type":"block","angle":-90,"time":60.875},{"type":"block","angle":-90,"time":61.125},{"type":"block","angle":-67.5,"time":60},{"type":"block","angle":-157.5,"time":60.5},{"type":"block","angle":-56.25,"time":60},{"type":"block","angle":-45,"time":60},{"type":"block","angle":-90,"time":60.25},{"type":"block","angle":-101.25,"time":60.25},{"type":"block","angle":-146.25,"time":60.5},{"type":"block","angle":-135,"time":60.5},{"type":"extraTap","angle":157.5,"time":56},{"type":"extraTap","angle":112.5,"time":56.25},{"type":"extraTap","angle":45,"time":57.25},{"type":"extraTap","angle":56.25,"time":58},{"type":"extraTap","angle":315,"time":59.25},{"type":"extraTap","angle":22.5,"time":59.75},{"type":"extraTap","angle":337.5,"time":60},{"type":"extraTap","angle":292.5,"time":60.25},{"type":"extraTap","angle":225,"time":61.25},{"type":"block","angle":292.5,"time":61.5},{"type":"block","angle":303.75,"time":61.5},{"type":"block","angle":315,"time":61.5},{"holdEase":"outExpo","duration":0.75,"angle2":123.75,"type":"hold","startTap":true,"angle":270,"time":61.75},{"holdEase":"outExpo","duration":0.5,"angle2":213.75,"type":"hold","startTap":true,"angle":123.75,"time":62.5},{"holdEase":"outExpo","duration":0.5,"angle2":168.75,"type":"hold","startTap":true,"angle":213.75,"time":63},{"type":"block","angle":67.5,"time":64.25},{"type":"block","angle":135,"time":65.5},{"type":"block","angle":67.5,"time":65.75},{"duration":0.25,"type":"hold","angle2":123.75,"angle":56.25,"time":64.75},{"duration":0.25,"type":"hold","angle2":56.25,"angle":123.75,"time":65},{"type":"block","angle":90,"time":64.875},{"type":"block","angle":90,"time":65.125},{"type":"block","angle":112.5,"time":64},{"type":"block","angle":22.5,"time":64.5},{"type":"block","angle":123.75,"time":64},{"type":"block","angle":135,"time":64},{"type":"block","angle":90,"time":64.25},{"type":"block","angle":78.75,"time":64.25},{"type":"block","angle":33.75,"time":64.5},{"type":"block","angle":45,"time":64.5},{"type":"block","angle":123.75,"time":65.5},{"type":"block","angle":112.5,"time":65.5},{"type":"block","angle":78.75,"time":65.75},{"type":"block","angle":90,"time":65.75},{"type":"block","angle":-22.5,"time":66.25},{"type":"block","angle":45,"time":67.5},{"type":"block","angle":-22.5,"time":67.75},{"duration":0.25,"type":"hold","angle2":33.75,"angle":-33.75,"time":66.75},{"duration":0.25,"type":"hold","angle2":-33.75,"angle":33.75,"time":67},{"type":"block","angle":0,"time":66.875},{"type":"block","angle":0,"time":67.125},{"type":"block","angle":22.5,"time":66},{"type":"block","angle":-67.5,"time":66.5},{"type":"block","angle":33.75,"time":66},{"type":"block","angle":45,"time":66},{"type":"block","angle":0,"time":66.25},{"type":"block","angle":-11.25,"time":66.25},{"type":"block","angle":-56.25,"time":66.5},{"type":"block","angle":-45,"time":66.5},{"type":"block","angle":33.75,"time":67.5},{"type":"block","angle":22.5,"time":67.5},{"type":"block","angle":-11.25,"time":67.75},{"type":"block","angle":0,"time":67.75},{"type":"block","angle":-112.5,"time":68.25},{"type":"block","angle":-45,"time":69.5},{"type":"block","angle":-112.5,"time":69.75},{"duration":0.25,"type":"hold","angle2":-56.25,"angle":-123.75,"time":68.75},{"duration":0.25,"type":"hold","angle2":-123.75,"angle":-56.25,"time":69},{"type":"block","angle":-90,"time":68.875},{"type":"block","angle":-90,"time":69.125},{"type":"block","angle":-67.5,"time":68},{"type":"block","angle":-157.5,"time":68.5},{"type":"block","angle":-56.25,"time":68},{"type":"block","angle":-45,"time":68},{"type":"block","angle":-90,"time":68.25},{"type":"block","angle":-101.25,"time":68.25},{"type":"block","angle":-146.25,"time":68.5},{"type":"block","angle":-135,"time":68.5},{"type":"block","angle":-56.25,"time":69.5},{"type":"block","angle":-67.5,"time":69.5},{"type":"block","angle":-101.25,"time":69.75},{"type":"block","angle":-90,"time":69.75},{"type":"block","angle":157.5,"time":70.25},{"type":"block","angle":225,"time":71.5},{"type":"block","angle":157.5,"time":71.75},{"duration":0.25,"type":"hold","angle2":213.75,"angle":146.25,"time":70.75},{"duration":0.25,"type":"hold","angle2":146.25,"angle":213.75,"time":71},{"type":"block","angle":180,"time":70.875},{"type":"block","angle":180,"time":71.125},{"type":"block","angle":202.5,"time":70},{"type":"block","angle":112.5,"time":70.5},{"type":"block","angle":213.75,"time":70},{"type":"block","angle":225,"time":70},{"type":"block","angle":180,"time":70.25},{"type":"block","angle":168.75,"time":70.25},{"type":"block","angle":123.75,"time":70.5},{"type":"block","angle":135,"time":70.5},{"type":"block","angle":213.75,"time":71.5},{"type":"block","angle":202.5,"time":71.5},{"type":"block","angle":168.75,"time":71.75},{"type":"block","angle":180,"time":71.75},{"type":"extraTap","angle":157.5,"time":64},{"type":"extraTap","angle":112.5,"time":64.25},{"type":"extraTap","angle":45,"time":65.25},{"type":"extraTap","angle":67.5,"time":66},{"type":"extraTap","angle":315,"time":67.25},{"type":"extraTap","angle":22.5,"time":67.75},{"type":"extraTap","angle":337.5,"time":68},{"type":"extraTap","angle":292.5,"time":68.25},{"type":"extraTap","angle":225,"time":69.25},{"type":"extraTap","angle":292.5,"time":69.75},{"type":"extraTap","angle":247.5,"time":70},{"type":"extraTap","angle":135,"time":71.25},{"type":"extraTap","angle":202.5,"time":71.75},{"type":"block","angle":67.5,"time":72.25},{"type":"block","angle":135,"time":73.5},{"type":"block","angle":67.5,"time":73.75},{"duration":0.25,"type":"hold","angle2":123.75,"angle":56.25,"time":72.75},{"duration":0.25,"type":"hold","angle2":56.25,"angle":123.75,"time":73},{"type":"block","angle":90,"time":72.875},{"type":"block","angle":90,"time":73.125},{"type":"block","angle":112.5,"time":72},{"type":"block","angle":22.5,"time":72.5},{"type":"block","angle":123.75,"time":72},{"type":"block","angle":135,"time":72},{"type":"block","angle":90,"time":72.25},{"type":"block","angle":78.75,"time":72.25},{"type":"block","angle":33.75,"time":72.5},{"type":"block","angle":45,"time":72.5},{"type":"block","angle":123.75,"time":73.5},{"type":"block","angle":112.5,"time":73.5},{"type":"block","angle":78.75,"time":73.75},{"type":"block","angle":90,"time":73.75},{"type":"block","angle":-22.5,"time":74.25},{"type":"block","angle":45,"time":75.5},{"type":"block","angle":-22.5,"time":75.75},{"duration":0.25,"type":"hold","angle2":33.75,"angle":-33.75,"time":74.75},{"duration":0.25,"type":"hold","angle2":-33.75,"angle":33.75,"time":75},{"type":"block","angle":0,"time":74.875},{"type":"block","angle":0,"time":75.125},{"type":"block","angle":22.5,"time":74},{"type":"block","angle":-67.5,"time":74.5},{"type":"block","angle":33.75,"time":74},{"type":"block","angle":45,"time":74},{"type":"block","angle":0,"time":74.25},{"type":"block","angle":-11.25,"time":74.25},{"type":"block","angle":-56.25,"time":74.5},{"type":"block","angle":-45,"time":74.5},{"type":"block","angle":33.75,"time":75.5},{"type":"block","angle":22.5,"time":75.5},{"type":"block","angle":-11.25,"time":75.75},{"type":"block","angle":0,"time":75.75},{"type":"block","angle":-112.5,"time":76.25},{"duration":0.25,"type":"hold","angle2":-56.25,"angle":-123.75,"time":76.75},{"duration":0.25,"type":"hold","angle2":-123.75,"angle":-56.25,"time":77},{"type":"block","angle":-90,"time":76.875},{"type":"block","angle":-90,"time":77.125},{"type":"block","angle":-67.5,"time":76},{"type":"block","angle":-157.5,"time":76.5},{"type":"block","angle":-56.25,"time":76},{"type":"block","angle":-45,"time":76},{"type":"block","angle":-90,"time":76.25},{"type":"block","angle":-101.25,"time":76.25},{"type":"block","angle":-146.25,"time":76.5},{"type":"block","angle":-135,"time":76.5},{"type":"extraTap","angle":157.5,"time":72},{"type":"extraTap","angle":112.5,"time":72.25},{"type":"extraTap","angle":45,"time":73.25},{"type":"extraTap","angle":67.5,"time":74},{"type":"extraTap","angle":315,"time":75.25},{"type":"extraTap","angle":22.5,"time":75.75},{"type":"extraTap","angle":337.5,"time":76},{"type":"extraTap","angle":292.5,"time":76.25},{"type":"extraTap","angle":225,"time":77.25},{"type":"block","angle":292.5,"time":77.5},{"type":"block","angle":303.75,"time":77.5},{"type":"block","angle":315,"time":77.5},{"type":"block","angle":157.5,"time":63.75},{"type":"block","angle":168.75,"time":63.75},{"type":"block","angle":180,"time":63.75},{"type":"extraTap","angle":101.25,"time":49.75},{"type":"extraTap","angle":101.25,"time":73.75},{"type":"extraTap","angle":101.25,"time":57.75},{"type":"extraTap","angle":101.25,"time":65.75},{"type":"extraTap","angle":225,"time":77.75},{"type":"block","angle":258.75,"time":78.5},{"tap":true,"type":"block","angle":270,"time":78.5},{"type":"block","angle":281.25,"time":78.5},{"type":"block","angle":258.75,"time":78},{"tap":true,"type":"block","angle":270,"time":78},{"type":"block","angle":281.25,"time":78},{"type":"block","angle":258.75,"time":78.25},{"tap":true,"type":"block","angle":270,"time":78.25},{"type":"block","angle":281.25,"time":78.25},{"type":"side","angle":166.95249938965,"time":80},{"type":"side","angle":144.22776794434,"time":80.5},{"type":"side","angle":120.8109664917,"time":81},{"type":"side","angle":100.77440643311,"time":81.375},{"type":"side","angle":84.503921508789,"time":81.75},{"type":"side","angle":73.050773620605,"time":82},{"type":"side","angle":48.319469451904,"time":82.5},{"type":"side","angle":25.114835739136,"time":83},{"type":"side","angle":9.1104898452759,"time":83.375},{"type":"side","angle":350.5417175293,"time":83.75},{"type":"side","angle":338.36502075195,"time":84},{"type":"block","angle":270,"time":79},{"type":"side","angle":314.02899169922,"time":84.5},{"type":"side","angle":292.35116577148,"time":85},{"type":"side","angle":275.32928466797,"time":85.375},{"type":"side","angle":256.99676513672,"time":85.75},{"type":"side","angle":245.30046081543,"time":86},{"type":"side","angle":221.24069213867,"time":86.5},{"type":"side","angle":199.50244140625,"time":87},{"type":"side","angle":181.27265930176,"time":87.375},{"type":"side","angle":162.09471130371,"time":87.75},{"type":"side","angle":149.89869689941,"time":88},{"type":"side","angle":126.67336273193,"time":88.5},{"type":"side","angle":102.45945739746,"time":89},{"type":"side","angle":84.559669494629,"time":89.375},{"type":"side","angle":66.337051391602,"time":89.75},{"type":"side","angle":55.294494628906,"time":90},{"type":"side","angle":31.932168960571,"time":90.5},{"type":"side","angle":7.8044114112854,"time":91},{"type":"side","angle":352.22875976563,"time":91.375},{"type":"side","angle":334.88516235352,"time":91.75},{"type":"side","angle":321.92193603516,"time":92},{"type":"side","angle":296.98022460938,"time":92.5},{"type":"side","angle":276.00900268555,"time":93},{"type":"side","angle":257.125,"time":93.375},{"type":"side","angle":240.93957519531,"time":93.75},{"type":"side","angle":226.66966247559,"time":94},{"type":"side","angle":205.74070739746,"time":94.5},{"holdEase":"outSine","duration":0.5,"type":"mineHold","angle2":247.5,"angle":360,"time":79},{"duration":15,"type":"mineHold","angle2":-461.25,"angle":247.5,"time":79.5},{"duration":15,"type":"mineHold","angle2":-573.75,"angle":135,"time":79.5},{"duration":15,"type":"mineHold","angle2":-697.5,"angle":11.25,"time":79.5},{"duration":0.5,"type":"mineHold","angle2":90,"angle":90,"time":95.75},{"duration":0.5,"type":"mineHold","angle2":270,"angle":270,"time":95.75},{"duration":0.5,"type":"mineHold","angle2":90,"angle":90,"time":96.75},{"duration":0.5,"type":"mineHold","angle2":270,"angle":270,"time":96.75},{"duration":0,"type":"hold","angle2":129.375,"angle":140.625,"time":96},{"duration":0,"type":"hold","angle2":129.375,"angle":140.625,"time":96.25},{"duration":0,"type":"hold","angle2":-129.375,"angle":-140.625,"time":97},{"duration":0,"type":"hold","angle2":-129.375,"angle":-140.625,"time":97.25},{"duration":2.5,"type":"mineHold","angle2":0,"angle":0,"time":95.75},{"duration":2.5,"type":"mineHold","angle2":180,"angle":180,"time":95.75},{"duration":2.5,"type":"mineHold","angle2":90,"angle":90,"time":97.75},{"duration":2.5,"type":"mineHold","angle2":270,"angle":270,"time":97.75},{"duration":0,"type":"hold","angle2":309.375,"angle":320.625,"time":98},{"duration":0,"type":"hold","angle2":309.375,"angle":320.625,"time":98.25},{"duration":0,"type":"hold","angle2":-309.375,"angle":-320.625,"time":99},{"duration":0,"type":"hold","angle2":-309.375,"angle":-320.625,"time":99.25},{"duration":0.5,"type":"mineHold","angle2":360,"angle":360,"time":98.75},{"duration":0.5,"type":"mineHold","angle2":180,"angle":180,"time":98.75},{"duration":1.5,"type":"mineHold","angle2":0,"angle":0,"time":99.75},{"type":"side","angle":90,"time":96.5},{"type":"side","angle":270,"time":96.5},{"type":"side","angle":90,"time":97.5},{"type":"side","angle":270,"time":97.5},{"duration":0,"type":"hold","angle2":-489.375,"angle":-500.625,"time":96.75},{"duration":0,"type":"hold","angle2":309.375,"angle":320.625,"time":97.75},{"duration":0,"type":"hold","angle2":-309.375,"angle":-320.625,"time":98.75},{"type":"side","angle":360,"time":98.5},{"type":"side","angle":180,"time":98.5},{"type":"side","angle":180,"time":99.5},{"type":"side","angle":0,"time":99.5},{"duration":1.5,"type":"mineHold","angle2":90,"angle":90,"time":100.75},{"duration":1.5,"type":"mineHold","angle2":270,"angle":270,"time":100.75},{"type":"side","angle":90,"time":100.5},{"type":"side","angle":270,"time":100.5},{"duration":0,"type":"hold","angle2":129.375,"angle":140.625,"time":100},{"duration":0,"type":"hold","angle2":129.375,"angle":140.625,"time":100.25},{"duration":0,"type":"hold","angle2":-129.375,"angle":-140.625,"time":101},{"duration":0,"type":"hold","angle2":-129.375,"angle":-140.625,"time":101.25},{"duration":0,"type":"hold","angle2":309.375,"angle":320.625,"time":102},{"duration":0,"type":"hold","angle2":309.375,"angle":320.625,"time":102.25},{"duration":0,"type":"hold","angle2":-309.375,"angle":-320.625,"time":103},{"duration":0,"type":"hold","angle2":-309.375,"angle":-320.625,"time":103.25},{"duration":0,"type":"hold","angle2":-489.375,"angle":-500.625,"time":100.75},{"duration":0,"type":"hold","angle2":309.375,"angle":320.625,"time":101.75},{"duration":0,"type":"hold","angle2":-309.375,"angle":-320.625,"time":102.75},{"duration":0,"type":"hold","angle2":129.375,"angle":140.625,"time":99.75},{"duration":0,"type":"hold","angle2":129.375,"angle":140.625,"time":104},{"duration":0,"type":"hold","angle2":129.375,"angle":140.625,"time":104.25},{"duration":0,"type":"hold","angle2":-129.375,"angle":-140.625,"time":105},{"duration":0,"type":"hold","angle2":-129.375,"angle":-140.625,"time":105.25},{"duration":0,"type":"hold","angle2":309.375,"angle":320.625,"time":106},{"duration":0,"type":"hold","angle2":309.375,"angle":320.625,"time":106.25},{"duration":0,"type":"hold","angle2":-309.375,"angle":-320.625,"time":107},{"duration":0,"type":"hold","angle2":-309.375,"angle":-320.625,"time":107.25},{"duration":0,"type":"hold","angle2":-489.375,"angle":-500.625,"time":104.75},{"duration":0,"type":"hold","angle2":309.375,"angle":320.625,"time":105.75},{"duration":0,"type":"hold","angle2":-309.375,"angle":-320.625,"time":106.75},{"duration":0,"type":"hold","angle2":129.375,"angle":140.625,"time":103.75},{"duration":0,"type":"hold","angle2":129.375,"angle":140.625,"time":108},{"duration":0,"type":"hold","angle2":129.375,"angle":140.625,"time":108.25},{"duration":0,"type":"hold","angle2":-129.375,"angle":-140.625,"time":109},{"duration":0,"type":"hold","angle2":-129.375,"angle":-140.625,"time":109.25},{"duration":0,"type":"hold","angle2":309.375,"angle":320.625,"time":110},{"duration":0,"type":"hold","angle2":309.375,"angle":320.625,"time":110.25},{"duration":0,"type":"hold","angle2":-489.375,"angle":-500.625,"time":108.75},{"duration":0,"type":"hold","angle2":309.375,"angle":320.625,"time":109.75},{"duration":0,"type":"hold","angle2":129.375,"angle":140.625,"time":107.75},{"duration":1.5,"type":"mineHold","angle2":180,"angle":180,"time":99.75},{"duration":1.5,"type":"mineHold","angle2":0,"angle":0,"time":101.75},{"duration":2.5,"type":"mineHold","angle2":0,"angle":0,"time":103.75},{"duration":0.5,"type":"mineHold","angle2":0,"angle":0,"time":106.75},{"duration":1.5,"type":"mineHold","angle2":0,"angle":0,"time":107.75},{"type":"side","angle":0,"time":101.5},{"type":"side","angle":360,"time":103.5},{"type":"side","angle":0,"time":106.5},{"type":"side","angle":360,"time":107.5},{"type":"side","angle":360,"time":109.5},{"duration":0.5,"type":"mineHold","angle2":0,"angle":0,"time":109.75},{"duration":1.5,"type":"mineHold","angle2":-180,"angle":-180,"time":101.75},{"duration":2.5,"type":"mineHold","angle2":-180,"angle":-180,"time":103.75},{"duration":0.5,"type":"mineHold","angle2":-180,"angle":-180,"time":106.75},{"duration":1.5,"type":"mineHold","angle2":-180,"angle":-180,"time":107.75},{"type":"side","angle":-180,"time":106.5},{"type":"side","angle":-540,"time":107.5},{"type":"side","angle":-540,"time":109.5},{"duration":0.5,"type":"mineHold","angle2":-180,"angle":-180,"time":109.75},{"type":"side","angle":180,"time":101.5},{"duration":1.5,"type":"mineHold","angle2":90,"angle":90,"time":102.75},{"duration":0.5,"type":"mineHold","angle2":90,"angle":90,"time":104.75},{"duration":2.5,"type":"mineHold","angle2":90,"angle":90,"time":105.75},{"duration":1.5,"type":"mineHold","angle2":90,"angle":90,"time":108.75},{"type":"side","angle":450,"time":104.5},{"type":"side","angle":90,"time":105.5},{"type":"side","angle":450,"time":108.5},{"duration":1.5,"type":"mineHold","angle2":-90,"angle":-90,"time":102.75},{"duration":0.5,"type":"mineHold","angle2":-90,"angle":-90,"time":104.75},{"duration":2.5,"type":"mineHold","angle2":-90,"angle":-90,"time":105.75},{"duration":1.5,"type":"mineHold","angle2":-90,"angle":-90,"time":108.75},{"type":"side","angle":-450,"time":104.5},{"type":"side","angle":-90,"time":105.5},{"type":"side","angle":-450,"time":108.5},{"type":"side","angle":90,"time":102.5},{"type":"side","angle":270,"time":102.5},{"type":"side","angle":180,"time":103.5},{"type":"side","angle":90,"time":110.5},{"type":"side","angle":78.75,"time":110.5},{"type":"side","angle":101.25,"time":110.5},{"type":"side","angle":270,"time":110.5},{"type":"side","angle":281.25,"time":110.5},{"type":"side","angle":258.75,"time":110.5},{"type":"block","angle":67.5,"time":112.25},{"type":"block","angle":135,"time":113.5},{"type":"block","angle":67.5,"time":113.75},{"duration":0.25,"type":"hold","angle2":123.75,"angle":56.25,"time":112.75},{"duration":0.25,"type":"hold","angle2":56.25,"angle":123.75,"time":113},{"type":"block","angle":90,"time":112.875},{"type":"block","angle":90,"time":113.125},{"type":"block","angle":112.5,"time":112},{"type":"block","angle":22.5,"time":112.5},{"type":"block","angle":123.75,"time":112},{"type":"block","angle":135,"time":112},{"type":"block","angle":90,"time":112.25},{"type":"block","angle":78.75,"time":112.25},{"type":"block","angle":33.75,"time":112.5},{"type":"block","angle":45,"time":112.5},{"type":"block","angle":123.75,"time":113.5},{"type":"block","angle":112.5,"time":113.5},{"type":"block","angle":78.75,"time":113.75},{"type":"block","angle":90,"time":113.75},{"type":"block","angle":-22.5,"time":114.25},{"type":"block","angle":45,"time":115.5},{"type":"block","angle":-22.5,"time":115.75},{"duration":0.25,"type":"hold","angle2":33.75,"angle":-33.75,"time":114.75},{"duration":0.25,"type":"hold","angle2":-33.75,"angle":33.75,"time":115},{"type":"block","angle":0,"time":114.875},{"type":"block","angle":0,"time":115.125},{"type":"block","angle":22.5,"time":114},{"type":"block","angle":-67.5,"time":114.5},{"type":"block","angle":33.75,"time":114},{"type":"block","angle":45,"time":114},{"type":"block","angle":0,"time":114.25},{"type":"block","angle":-11.25,"time":114.25},{"type":"block","angle":-56.25,"time":114.5},{"type":"block","angle":-45,"time":114.5},{"type":"block","angle":33.75,"time":115.5},{"type":"block","angle":22.5,"time":115.5},{"type":"block","angle":-11.25,"time":115.75},{"type":"block","angle":0,"time":115.75},{"type":"block","angle":-112.5,"time":116.25},{"type":"block","angle":-45,"time":117.5},{"type":"block","angle":-112.5,"time":117.75},{"duration":0.25,"type":"hold","angle2":-56.25,"angle":-123.75,"time":116.75},{"duration":0.25,"type":"hold","angle2":-123.75,"angle":-56.25,"time":117},{"type":"block","angle":-90,"time":116.875},{"type":"block","angle":-90,"time":117.125},{"type":"block","angle":-67.5,"time":116},{"type":"block","angle":-157.5,"time":116.5},{"type":"block","angle":-56.25,"time":116},{"type":"block","angle":-45,"time":116},{"type":"block","angle":-90,"time":116.25},{"type":"block","angle":-101.25,"time":116.25},{"type":"block","angle":-146.25,"time":116.5},{"type":"block","angle":-135,"time":116.5},{"type":"block","angle":-56.25,"time":117.5},{"type":"block","angle":-67.5,"time":117.5},{"type":"block","angle":-101.25,"time":117.75},{"type":"block","angle":-90,"time":117.75},{"type":"block","angle":157.5,"time":118.25},{"type":"block","angle":225,"time":119.5},{"type":"block","angle":157.5,"time":119.75},{"duration":0.25,"type":"hold","angle2":213.75,"angle":146.25,"time":118.75},{"duration":0.25,"type":"hold","angle2":146.25,"angle":213.75,"time":119},{"type":"block","angle":180,"time":118.875},{"type":"block","angle":180,"time":119.125},{"type":"block","angle":202.5,"time":118},{"type":"block","angle":112.5,"time":118.5},{"type":"block","angle":213.75,"time":118},{"type":"block","angle":225,"time":118},{"type":"block","angle":180,"time":118.25},{"type":"block","angle":168.75,"time":118.25},{"type":"block","angle":123.75,"time":118.5},{"type":"block","angle":135,"time":118.5},{"type":"block","angle":213.75,"time":119.5},{"type":"block","angle":202.5,"time":119.5},{"type":"block","angle":168.75,"time":119.75},{"type":"block","angle":180,"time":119.75},{"type":"extraTap","angle":157.5,"time":112},{"type":"extraTap","angle":112.5,"time":112.25},{"type":"extraTap","angle":45,"time":113.25},{"type":"extraTap","angle":67.5,"time":114},{"type":"extraTap","angle":315,"time":115.25},{"type":"extraTap","angle":22.5,"time":115.75},{"type":"extraTap","angle":337.5,"time":116},{"type":"extraTap","angle":292.5,"time":116.25},{"type":"extraTap","angle":225,"time":117.25},{"type":"extraTap","angle":292.5,"time":117.75},{"type":"extraTap","angle":247.5,"time":118},{"type":"extraTap","angle":135,"time":119.25},{"type":"extraTap","angle":202.5,"time":119.75},{"type":"block","angle":67.5,"time":120.25},{"type":"block","angle":135,"time":121.5},{"type":"block","angle":67.5,"time":121.75},{"duration":0.25,"type":"hold","angle2":123.75,"angle":56.25,"time":120.75},{"duration":0.25,"type":"hold","angle2":56.25,"angle":123.75,"time":121},{"type":"block","angle":90,"time":120.875},{"type":"block","angle":90,"time":121.125},{"type":"block","angle":112.5,"time":120},{"type":"block","angle":22.5,"time":120.5},{"type":"block","angle":123.75,"time":120},{"type":"block","angle":135,"time":120},{"type":"block","angle":90,"time":120.25},{"type":"block","angle":78.75,"time":120.25},{"type":"block","angle":33.75,"time":120.5},{"type":"block","angle":45,"time":120.5},{"type":"block","angle":123.75,"time":121.5},{"type":"block","angle":112.5,"time":121.5},{"type":"block","angle":78.75,"time":121.75},{"type":"block","angle":90,"time":121.75},{"type":"block","angle":-22.5,"time":122.25},{"type":"block","angle":45,"time":123.5},{"type":"block","angle":-22.5,"time":123.75},{"duration":0.25,"type":"hold","angle2":33.75,"angle":-33.75,"time":122.75},{"duration":0.25,"type":"hold","angle2":-33.75,"angle":33.75,"time":123},{"type":"block","angle":0,"time":122.875},{"type":"block","angle":0,"time":123.125},{"type":"block","angle":22.5,"time":122},{"type":"block","angle":-67.5,"time":122.5},{"type":"block","angle":33.75,"time":122},{"type":"block","angle":45,"time":122},{"type":"block","angle":0,"time":122.25},{"type":"block","angle":-11.25,"time":122.25},{"type":"block","angle":-56.25,"time":122.5},{"type":"block","angle":-45,"time":122.5},{"type":"block","angle":33.75,"time":123.5},{"type":"block","angle":22.5,"time":123.5},{"type":"block","angle":-11.25,"time":123.75},{"type":"block","angle":0,"time":123.75},{"type":"block","angle":-112.5,"time":124.25},{"duration":0.25,"type":"hold","angle2":-56.25,"angle":-123.75,"time":124.75},{"duration":0.25,"type":"hold","angle2":-123.75,"angle":-56.25,"time":125},{"type":"block","angle":-90,"time":124.875},{"type":"block","angle":-90,"time":125.125},{"type":"block","angle":-67.5,"time":124},{"type":"block","angle":-157.5,"time":124.5},{"type":"block","angle":-56.25,"time":124},{"type":"block","angle":-45,"time":124},{"type":"block","angle":-90,"time":124.25},{"type":"block","angle":-101.25,"time":124.25},{"type":"block","angle":-146.25,"time":124.5},{"type":"block","angle":-135,"time":124.5},{"type":"extraTap","angle":157.5,"time":120},{"type":"extraTap","angle":112.5,"time":120.25},{"type":"extraTap","angle":45,"time":121.25},{"type":"extraTap","angle":56.25,"time":122},{"type":"extraTap","angle":315,"time":123.25},{"type":"extraTap","angle":22.5,"time":123.75},{"type":"extraTap","angle":337.5,"time":124},{"type":"extraTap","angle":292.5,"time":124.25},{"type":"extraTap","angle":225,"time":125.25},{"type":"block","angle":292.5,"time":125.5},{"type":"block","angle":303.75,"time":125.5},{"type":"block","angle":315,"time":125.5},{"type":"block","angle":67.5,"time":128.25},{"type":"block","angle":135,"time":129.5},{"type":"block","angle":67.5,"time":129.75},{"duration":0.25,"type":"hold","angle2":123.75,"angle":56.25,"time":128.75},{"duration":0.25,"type":"hold","angle2":56.25,"angle":123.75,"time":129},{"type":"block","angle":90,"time":128.875},{"type":"block","angle":90,"time":129.125},{"type":"block","angle":112.5,"time":128},{"type":"block","angle":22.5,"time":128.5},{"type":"block","angle":123.75,"time":128},{"type":"block","angle":135,"time":128},{"type":"block","angle":90,"time":128.25},{"type":"block","angle":78.75,"time":128.25},{"type":"block","angle":33.75,"time":128.5},{"type":"block","angle":45,"time":128.5},{"type":"block","angle":123.75,"time":129.5},{"type":"block","angle":112.5,"time":129.5},{"type":"block","angle":78.75,"time":129.75},{"type":"block","angle":90,"time":129.75},{"type":"block","angle":-22.5,"time":130.25},{"type":"block","angle":45,"time":131.5},{"type":"block","angle":-22.5,"time":131.75},{"duration":0.25,"type":"hold","angle2":33.75,"angle":-33.75,"time":130.75},{"duration":0.25,"type":"hold","angle2":-33.75,"angle":33.75,"time":131},{"type":"block","angle":0,"time":130.875},{"type":"block","angle":0,"time":131.125},{"type":"block","angle":22.5,"time":130},{"type":"block","angle":-67.5,"time":130.5},{"type":"block","angle":33.75,"time":130},{"type":"block","angle":45,"time":130},{"type":"block","angle":0,"time":130.25},{"type":"block","angle":-11.25,"time":130.25},{"type":"block","angle":-56.25,"time":130.5},{"type":"block","angle":-45,"time":130.5},{"type":"block","angle":33.75,"time":131.5},{"type":"block","angle":22.5,"time":131.5},{"type":"block","angle":-11.25,"time":131.75},{"type":"block","angle":0,"time":131.75},{"type":"block","angle":-112.5,"time":132.25},{"type":"block","angle":-45,"time":133.5},{"type":"block","angle":-112.5,"time":133.75},{"duration":0.25,"type":"hold","angle2":-56.25,"angle":-123.75,"time":132.75},{"duration":0.25,"type":"hold","angle2":-123.75,"angle":-56.25,"time":133},{"type":"block","angle":-90,"time":132.875},{"type":"block","angle":-90,"time":133.125},{"type":"block","angle":-67.5,"time":132},{"type":"block","angle":-157.5,"time":132.5},{"type":"block","angle":-56.25,"time":132},{"type":"block","angle":-45,"time":132},{"type":"block","angle":-90,"time":132.25},{"type":"block","angle":-101.25,"time":132.25},{"type":"block","angle":-146.25,"time":132.5},{"type":"block","angle":-135,"time":132.5},{"type":"block","angle":-56.25,"time":133.5},{"type":"block","angle":-67.5,"time":133.5},{"type":"block","angle":-101.25,"time":133.75},{"type":"block","angle":-90,"time":133.75},{"type":"block","angle":157.5,"time":134.25},{"type":"block","angle":225,"time":135.5},{"type":"block","angle":157.5,"time":135.75},{"duration":0.25,"type":"hold","angle2":213.75,"angle":146.25,"time":134.75},{"duration":0.25,"type":"hold","angle2":146.25,"angle":213.75,"time":135},{"type":"block","angle":180,"time":134.875},{"type":"block","angle":180,"time":135.125},{"type":"block","angle":202.5,"time":134},{"type":"block","angle":112.5,"time":134.5},{"type":"block","angle":213.75,"time":134},{"type":"block","angle":225,"time":134},{"type":"block","angle":180,"time":134.25},{"type":"block","angle":168.75,"time":134.25},{"type":"block","angle":123.75,"time":134.5},{"type":"block","angle":135,"time":134.5},{"type":"block","angle":213.75,"time":135.5},{"type":"block","angle":202.5,"time":135.5},{"type":"block","angle":168.75,"time":135.75},{"type":"block","angle":180,"time":135.75},{"type":"extraTap","angle":157.5,"time":128},{"type":"extraTap","angle":112.5,"time":128.25},{"type":"extraTap","angle":45,"time":129.25},{"type":"extraTap","angle":67.5,"time":130},{"type":"extraTap","angle":315,"time":131.25},{"type":"extraTap","angle":22.5,"time":131.75},{"type":"extraTap","angle":337.5,"time":132},{"type":"extraTap","angle":292.5,"time":132.25},{"type":"extraTap","angle":225,"time":133.25},{"type":"extraTap","angle":292.5,"time":133.75},{"type":"extraTap","angle":247.5,"time":134},{"type":"extraTap","angle":135,"time":135.25},{"type":"extraTap","angle":202.5,"time":135.75},{"type":"block","angle":67.5,"time":136.25},{"type":"block","angle":135,"time":137.5},{"type":"block","angle":67.5,"time":137.75},{"duration":0.25,"type":"hold","angle2":123.75,"angle":56.25,"time":136.75},{"duration":0.25,"type":"hold","angle2":56.25,"angle":123.75,"time":137},{"type":"block","angle":90,"time":136.875},{"type":"block","angle":90,"time":137.125},{"type":"block","angle":112.5,"time":136},{"type":"block","angle":22.5,"time":136.5},{"type":"block","angle":123.75,"time":136},{"type":"block","angle":135,"time":136},{"type":"block","angle":90,"time":136.25},{"type":"block","angle":78.75,"time":136.25},{"type":"block","angle":33.75,"time":136.5},{"type":"block","angle":45,"time":136.5},{"type":"block","angle":123.75,"time":137.5},{"type":"block","angle":112.5,"time":137.5},{"type":"block","angle":78.75,"time":137.75},{"type":"block","angle":90,"time":137.75},{"type":"block","angle":-22.5,"time":138.25},{"type":"block","angle":45,"time":139.5},{"type":"block","angle":-22.5,"time":139.75},{"duration":0.25,"type":"hold","angle2":33.75,"angle":-33.75,"time":138.75},{"duration":0.25,"type":"hold","angle2":-33.75,"angle":33.75,"time":139},{"type":"block","angle":0,"time":138.875},{"type":"block","angle":0,"time":139.125},{"type":"block","angle":22.5,"time":138},{"type":"block","angle":-67.5,"time":138.5},{"type":"block","angle":33.75,"time":138},{"type":"block","angle":45,"time":138},{"type":"block","angle":0,"time":138.25},{"type":"block","angle":-11.25,"time":138.25},{"type":"block","angle":-56.25,"time":138.5},{"type":"block","angle":-45,"time":138.5},{"type":"block","angle":33.75,"time":139.5},{"type":"block","angle":22.5,"time":139.5},{"type":"block","angle":-11.25,"time":139.75},{"type":"block","angle":0,"time":139.75},{"type":"block","angle":-112.5,"time":140.25},{"duration":0.25,"type":"hold","angle2":-56.25,"angle":-123.75,"time":140.75},{"duration":0.25,"type":"hold","angle2":-123.75,"angle":-56.25,"time":141},{"type":"block","angle":-90,"time":140.875},{"type":"block","angle":-90,"time":141.125},{"type":"block","angle":-67.5,"time":140},{"type":"block","angle":-157.5,"time":140.5},{"type":"block","angle":-56.25,"time":140},{"type":"block","angle":-45,"time":140},{"type":"block","angle":-90,"time":140.25},{"type":"block","angle":-101.25,"time":140.25},{"type":"block","angle":-146.25,"time":140.5},{"type":"block","angle":-135,"time":140.5},{"type":"extraTap","angle":157.5,"time":136},{"type":"extraTap","angle":112.5,"time":136.25},{"type":"extraTap","angle":45,"time":137.25},{"type":"extraTap","angle":67.5,"time":138},{"type":"extraTap","angle":315,"time":139.25},{"type":"extraTap","angle":22.5,"time":139.75},{"type":"extraTap","angle":337.5,"time":140},{"type":"extraTap","angle":292.5,"time":140.25},{"type":"extraTap","angle":225,"time":141.25},{"type":"block","angle":157.5,"time":127.75},{"type":"block","angle":168.75,"time":127.75},{"type":"block","angle":180,"time":127.75},{"type":"extraTap","angle":101.25,"time":113.75},{"type":"extraTap","angle":101.25,"time":137.75},{"type":"extraTap","angle":101.25,"time":121.75},{"type":"extraTap","angle":101.25,"time":129.75},{"angle2":-202.5,"type":"hold","duration":0.25,"angle":-157.5,"time":126},{"duration":0.25,"type":"hold","angle2":-157.5,"angle":-202.5,"time":126.25},{"duration":0.25,"type":"hold","angle2":-202.5,"angle":-157.5,"time":126.5},{"duration":0.25,"type":"hold","angle2":-157.5,"angle":-202.5,"time":126.75},{"angle2":-180,"type":"hold","duration":0.125,"angle":-157.5,"time":127},{"angle2":-157.5,"type":"hold","duration":0.125,"angle":-180,"time":127.125},{"angle2":-180,"type":"hold","duration":0.125,"angle":-157.5,"time":127.25},{"duration":0.125,"type":"hold","angle2":-157.5,"angle":-180,"time":127.375},{"type":"extraTap","angle":225,"time":125.75},{"type":"extraTap","angle":225,"time":126},{"type":"extraTap","angle":157.5,"time":127.25},{"type":"block","angle":292.5,"time":141.5},{"type":"block","angle":303.75,"time":141.5},{"type":"block","angle":315,"time":141.5},{"angle2":-202.5,"type":"hold","duration":0.25,"angle":-157.5,"time":142},{"duration":0.25,"type":"hold","angle2":-157.5,"angle":-202.5,"time":142.25},{"duration":0.25,"type":"hold","angle2":-202.5,"angle":-157.5,"time":142.5},{"duration":0.25,"type":"hold","angle2":-157.5,"angle":-202.5,"time":142.75},{"angle2":-180,"type":"hold","duration":0.125,"angle":-157.5,"time":143},{"angle2":-157.5,"type":"hold","duration":0.125,"angle":-180,"time":143.125},{"angle2":-180,"type":"hold","duration":0.125,"angle":-157.5,"time":143.25},{"duration":0.125,"type":"hold","angle2":-157.5,"angle":-180,"time":143.375},{"type":"extraTap","angle":225,"time":141.75},{"type":"extraTap","angle":225,"time":142},{"type":"extraTap","angle":157.5,"time":143.25},{"type":"block","angle":67.5,"time":144.25},{"type":"block","angle":135,"time":145.5},{"type":"block","angle":67.5,"time":145.75},{"duration":0.25,"type":"hold","angle2":123.75,"angle":56.25,"time":144.75},{"duration":0.25,"type":"hold","angle2":56.25,"angle":123.75,"time":145},{"type":"block","angle":90,"time":144.875},{"type":"block","angle":90,"time":145.125},{"type":"block","angle":112.5,"time":144},{"type":"block","angle":22.5,"time":144.5},{"type":"block","angle":123.75,"time":144},{"type":"block","angle":135,"time":144},{"type":"block","angle":90,"time":144.25},{"type":"block","angle":78.75,"time":144.25},{"type":"block","angle":33.75,"time":144.5},{"type":"block","angle":45,"time":144.5},{"type":"block","angle":123.75,"time":145.5},{"type":"block","angle":112.5,"time":145.5},{"type":"block","angle":78.75,"time":145.75},{"type":"block","angle":90,"time":145.75},{"type":"block","angle":-22.5,"time":146.25},{"type":"block","angle":45,"time":147.5},{"type":"block","angle":-22.5,"time":147.75},{"duration":0.25,"type":"hold","angle2":33.75,"angle":-33.75,"time":146.75},{"duration":0.25,"type":"hold","angle2":-33.75,"angle":33.75,"time":147},{"type":"block","angle":0,"time":146.875},{"type":"block","angle":0,"time":147.125},{"type":"block","angle":22.5,"time":146},{"type":"block","angle":-67.5,"time":146.5},{"type":"block","angle":33.75,"time":146},{"type":"block","angle":45,"time":146},{"type":"block","angle":0,"time":146.25},{"type":"block","angle":-11.25,"time":146.25},{"type":"block","angle":-56.25,"time":146.5},{"type":"block","angle":-45,"time":146.5},{"type":"block","angle":33.75,"time":147.5},{"type":"block","angle":22.5,"time":147.5},{"type":"block","angle":-11.25,"time":147.75},{"type":"block","angle":0,"time":147.75},{"type":"block","angle":-112.5,"time":148.25},{"type":"block","angle":-45,"time":149.5},{"type":"block","angle":-112.5,"time":149.75},{"duration":0.25,"type":"hold","angle2":-56.25,"angle":-123.75,"time":148.75},{"duration":0.25,"type":"hold","angle2":-123.75,"angle":-56.25,"time":149},{"type":"block","angle":-90,"time":148.875},{"type":"block","angle":-90,"time":149.125},{"type":"block","angle":-67.5,"time":148},{"type":"block","angle":-157.5,"time":148.5},{"type":"block","angle":-56.25,"time":148},{"type":"block","angle":-45,"time":148},{"type":"block","angle":-90,"time":148.25},{"type":"block","angle":-101.25,"time":148.25},{"type":"block","angle":-146.25,"time":148.5},{"type":"block","angle":-135,"time":148.5},{"type":"block","angle":-56.25,"time":149.5},{"type":"block","angle":-67.5,"time":149.5},{"type":"block","angle":-101.25,"time":149.75},{"type":"block","angle":-90,"time":149.75},{"type":"block","angle":157.5,"time":150.25},{"type":"block","angle":225,"time":151.5},{"type":"block","angle":157.5,"time":151.75},{"duration":0.25,"type":"hold","angle2":213.75,"angle":146.25,"time":150.75},{"duration":0.25,"type":"hold","angle2":146.25,"angle":213.75,"time":151},{"type":"block","angle":180,"time":150.875},{"type":"block","angle":180,"time":151.125},{"type":"block","angle":202.5,"time":150},{"type":"block","angle":112.5,"time":150.5},{"type":"block","angle":213.75,"time":150},{"type":"block","angle":225,"time":150},{"type":"block","angle":180,"time":150.25},{"type":"block","angle":168.75,"time":150.25},{"type":"block","angle":123.75,"time":150.5},{"type":"block","angle":135,"time":150.5},{"type":"block","angle":213.75,"time":151.5},{"type":"block","angle":202.5,"time":151.5},{"type":"block","angle":168.75,"time":151.75},{"type":"block","angle":180,"time":151.75},{"type":"extraTap","angle":157.5,"time":144},{"type":"extraTap","angle":112.5,"time":144.25},{"type":"extraTap","angle":45,"time":145.25},{"type":"extraTap","angle":67.5,"time":146},{"type":"extraTap","angle":315,"time":147.25},{"type":"extraTap","angle":22.5,"time":147.75},{"type":"extraTap","angle":337.5,"time":148},{"type":"extraTap","angle":292.5,"time":148.25},{"type":"extraTap","angle":225,"time":149.25},{"type":"extraTap","angle":292.5,"time":149.75},{"type":"extraTap","angle":247.5,"time":150},{"type":"extraTap","angle":135,"time":151.25},{"type":"extraTap","angle":202.5,"time":151.75},{"type":"block","angle":67.5,"time":152.25},{"type":"block","angle":135,"time":153.5},{"type":"block","angle":67.5,"time":153.75},{"duration":0.25,"type":"hold","angle2":123.75,"angle":56.25,"time":152.75},{"duration":0.25,"type":"hold","angle2":56.25,"angle":123.75,"time":153},{"type":"block","angle":90,"time":152.875},{"type":"block","angle":90,"time":153.125},{"type":"block","angle":112.5,"time":152},{"type":"block","angle":22.5,"time":152.5},{"type":"block","angle":123.75,"time":152},{"type":"block","angle":135,"time":152},{"type":"block","angle":90,"time":152.25},{"type":"block","angle":78.75,"time":152.25},{"type":"block","angle":33.75,"time":152.5},{"type":"block","angle":45,"time":152.5},{"type":"block","angle":123.75,"time":153.5},{"type":"block","angle":112.5,"time":153.5},{"type":"block","angle":78.75,"time":153.75},{"type":"block","angle":90,"time":153.75},{"type":"block","angle":-22.5,"time":154.25},{"type":"block","angle":45,"time":155.5},{"type":"block","angle":-22.5,"time":155.75},{"duration":0.25,"type":"hold","angle2":33.75,"angle":-33.75,"time":154.75},{"duration":0.25,"type":"hold","angle2":-33.75,"angle":33.75,"time":155},{"type":"block","angle":0,"time":154.875},{"type":"block","angle":0,"time":155.125},{"type":"block","angle":22.5,"time":154},{"type":"block","angle":-67.5,"time":154.5},{"type":"block","angle":33.75,"time":154},{"type":"block","angle":45,"time":154},{"type":"block","angle":0,"time":154.25},{"type":"block","angle":-11.25,"time":154.25},{"type":"block","angle":-56.25,"time":154.5},{"type":"block","angle":-45,"time":154.5},{"type":"block","angle":33.75,"time":155.5},{"type":"block","angle":22.5,"time":155.5},{"type":"block","angle":-11.25,"time":155.75},{"type":"block","angle":0,"time":155.75},{"type":"block","angle":-112.5,"time":156.25},{"duration":0.25,"type":"hold","angle2":-56.25,"angle":-123.75,"time":156.75},{"duration":0.25,"type":"hold","angle2":-123.75,"angle":-56.25,"time":157},{"type":"block","angle":-90,"time":156.875},{"type":"block","angle":-90,"time":157.125},{"type":"block","angle":-67.5,"time":156},{"type":"block","angle":-157.5,"time":156.5},{"type":"block","angle":-56.25,"time":156},{"type":"block","angle":-45,"time":156},{"type":"block","angle":-90,"time":156.25},{"type":"block","angle":-101.25,"time":156.25},{"type":"block","angle":-146.25,"time":156.5},{"type":"block","angle":-135,"time":156.5},{"type":"extraTap","angle":157.5,"time":152},{"type":"extraTap","angle":112.5,"time":152.25},{"type":"extraTap","angle":45,"time":153.25},{"type":"extraTap","angle":67.5,"time":154},{"type":"extraTap","angle":315,"time":155.25},{"type":"extraTap","angle":22.5,"time":155.75},{"type":"extraTap","angle":337.5,"time":156},{"type":"extraTap","angle":292.5,"time":156.25},{"type":"extraTap","angle":225,"time":157.25},{"type":"block","angle":157.5,"time":143.75},{"type":"block","angle":168.75,"time":143.75},{"type":"block","angle":180,"time":143.75},{"type":"extraTap","angle":101.25,"time":153.75},{"type":"extraTap","angle":101.25,"time":145.75},{"type":"block","angle":292.5,"time":157.5},{"type":"block","angle":303.75,"time":157.5},{"type":"block","angle":315,"time":157.5},{"angle2":-202.5,"type":"hold","duration":0.25,"angle":-157.5,"time":158},{"duration":0.25,"type":"hold","angle2":-157.5,"angle":-202.5,"time":158.25},{"duration":0.25,"type":"hold","angle2":-202.5,"angle":-157.5,"time":158.5},{"duration":0.25,"type":"hold","angle2":-157.5,"angle":-202.5,"time":158.75},{"type":"extraTap","angle":225,"time":157.75},{"type":"extraTap","angle":225,"time":158},{"type":"extraTap","angle":157.5,"time":159.25},{"type":"block","angle":67.5,"time":160.25},{"type":"block","angle":135,"time":161.5},{"type":"block","angle":67.5,"time":161.75},{"duration":0.25,"type":"hold","angle2":123.75,"angle":56.25,"time":160.75},{"duration":0.25,"type":"hold","angle2":56.25,"angle":123.75,"time":161},{"type":"block","angle":90,"time":160.875},{"type":"block","angle":90,"time":161.125},{"type":"block","angle":112.5,"time":160},{"type":"block","angle":22.5,"time":160.5},{"type":"block","angle":123.75,"time":160},{"type":"block","angle":135,"time":160},{"type":"block","angle":90,"time":160.25},{"type":"block","angle":78.75,"time":160.25},{"type":"block","angle":33.75,"time":160.5},{"type":"block","angle":45,"time":160.5},{"type":"block","angle":123.75,"time":161.5},{"type":"block","angle":112.5,"time":161.5},{"type":"block","angle":78.75,"time":161.75},{"type":"block","angle":90,"time":161.75},{"type":"block","angle":-22.5,"time":162.25},{"type":"block","angle":45,"time":163.5},{"type":"block","angle":-22.5,"time":163.75},{"duration":0.25,"type":"hold","angle2":33.75,"angle":-33.75,"time":162.75},{"duration":0.25,"type":"hold","angle2":-33.75,"angle":33.75,"time":163},{"type":"block","angle":0,"time":162.875},{"type":"block","angle":0,"time":163.125},{"type":"block","angle":22.5,"time":162},{"type":"block","angle":-67.5,"time":162.5},{"type":"block","angle":33.75,"time":162},{"type":"block","angle":45,"time":162},{"type":"block","angle":0,"time":162.25},{"type":"block","angle":-11.25,"time":162.25},{"type":"block","angle":-56.25,"time":162.5},{"type":"block","angle":-45,"time":162.5},{"type":"block","angle":33.75,"time":163.5},{"type":"block","angle":22.5,"time":163.5},{"type":"block","angle":-11.25,"time":163.75},{"type":"block","angle":0,"time":163.75},{"type":"block","angle":-112.5,"time":164.25},{"type":"block","angle":-45,"time":165.5},{"type":"block","angle":-112.5,"time":165.75},{"duration":0.25,"type":"hold","angle2":-56.25,"angle":-123.75,"time":164.75},{"duration":0.25,"type":"hold","angle2":-123.75,"angle":-56.25,"time":165},{"type":"block","angle":-90,"time":164.875},{"type":"block","angle":-90,"time":165.125},{"type":"block","angle":-67.5,"time":164},{"type":"block","angle":-157.5,"time":164.5},{"type":"block","angle":-56.25,"time":164},{"type":"block","angle":-45,"time":164},{"type":"block","angle":-90,"time":164.25},{"type":"block","angle":-101.25,"time":164.25},{"type":"block","angle":-146.25,"time":164.5},{"type":"block","angle":-135,"time":164.5},{"type":"block","angle":-56.25,"time":165.5},{"type":"block","angle":-67.5,"time":165.5},{"type":"block","angle":-101.25,"time":165.75},{"type":"block","angle":-90,"time":165.75},{"type":"block","angle":157.5,"time":166.25},{"type":"block","angle":225,"time":167.5},{"type":"block","angle":157.5,"time":167.75},{"duration":0.25,"type":"hold","angle2":213.75,"angle":146.25,"time":166.75},{"duration":0.25,"type":"hold","angle2":146.25,"angle":213.75,"time":167},{"type":"block","angle":180,"time":166.875},{"type":"block","angle":180,"time":167.125},{"type":"block","angle":202.5,"time":166},{"type":"block","angle":112.5,"time":166.5},{"type":"block","angle":213.75,"time":166},{"type":"block","angle":225,"time":166},{"type":"block","angle":180,"time":166.25},{"type":"block","angle":168.75,"time":166.25},{"type":"block","angle":123.75,"time":166.5},{"type":"block","angle":135,"time":166.5},{"type":"block","angle":213.75,"time":167.5},{"type":"block","angle":202.5,"time":167.5},{"type":"block","angle":168.75,"time":167.75},{"type":"block","angle":180,"time":167.75},{"type":"extraTap","angle":157.5,"time":160},{"type":"extraTap","angle":112.5,"time":160.25},{"type":"extraTap","angle":45,"time":161.25},{"type":"extraTap","angle":67.5,"time":162},{"type":"extraTap","angle":315,"time":163.25},{"type":"extraTap","angle":22.5,"time":163.75},{"type":"extraTap","angle":337.5,"time":164},{"type":"extraTap","angle":292.5,"time":164.25},{"type":"extraTap","angle":225,"time":165.25},{"type":"extraTap","angle":292.5,"time":165.75},{"type":"extraTap","angle":247.5,"time":166},{"type":"extraTap","angle":135,"time":167.25},{"type":"extraTap","angle":202.5,"time":167.75},{"type":"block","angle":67.5,"time":168.25},{"type":"block","angle":135,"time":169.5},{"type":"block","angle":67.5,"time":169.75},{"duration":0.25,"type":"hold","angle2":123.75,"angle":56.25,"time":168.75},{"duration":0.25,"type":"hold","angle2":56.25,"angle":123.75,"time":169},{"type":"block","angle":90,"time":168.875},{"type":"block","angle":90,"time":169.125},{"type":"block","angle":112.5,"time":168},{"type":"block","angle":22.5,"time":168.5},{"type":"block","angle":123.75,"time":168},{"type":"block","angle":135,"time":168},{"type":"block","angle":90,"time":168.25},{"type":"block","angle":78.75,"time":168.25},{"type":"block","angle":33.75,"time":168.5},{"type":"block","angle":45,"time":168.5},{"type":"block","angle":123.75,"time":169.5},{"type":"block","angle":112.5,"time":169.5},{"type":"block","angle":78.75,"time":169.75},{"type":"block","angle":90,"time":169.75},{"type":"block","angle":-22.5,"time":170.25},{"type":"block","angle":45,"time":171.5},{"type":"block","angle":-22.5,"time":171.75},{"duration":0.25,"type":"hold","angle2":33.75,"angle":-33.75,"time":170.75},{"duration":0.25,"type":"hold","angle2":-33.75,"angle":33.75,"time":171},{"type":"block","angle":0,"time":170.875},{"type":"block","angle":0,"time":171.125},{"type":"block","angle":22.5,"time":170},{"type":"block","angle":-67.5,"time":170.5},{"type":"block","angle":33.75,"time":170},{"type":"block","angle":45,"time":170},{"type":"block","angle":0,"time":170.25},{"type":"block","angle":-11.25,"time":170.25},{"type":"block","angle":-56.25,"time":170.5},{"type":"block","angle":-45,"time":170.5},{"type":"block","angle":33.75,"time":171.5},{"type":"block","angle":22.5,"time":171.5},{"type":"block","angle":-11.25,"time":171.75},{"type":"block","angle":0,"time":171.75},{"type":"block","angle":-112.5,"time":172.25},{"duration":0.25,"type":"hold","angle2":-56.25,"angle":-123.75,"time":172.75},{"duration":0.25,"type":"hold","angle2":-123.75,"angle":-56.25,"time":173},{"type":"block","angle":-90,"time":172.875},{"type":"block","angle":-90,"time":173.125},{"type":"block","angle":-67.5,"time":172},{"type":"block","angle":-157.5,"time":172.5},{"type":"block","angle":-56.25,"time":172},{"type":"block","angle":-45,"time":172},{"type":"block","angle":-90,"time":172.25},{"type":"block","angle":-101.25,"time":172.25},{"type":"block","angle":-146.25,"time":172.5},{"type":"block","angle":-135,"time":172.5},{"type":"extraTap","angle":157.5,"time":168},{"type":"extraTap","angle":112.5,"time":168.25},{"type":"extraTap","angle":45,"time":169.25},{"type":"extraTap","angle":67.5,"time":170},{"type":"extraTap","angle":315,"time":171.25},{"type":"extraTap","angle":22.5,"time":171.75},{"type":"extraTap","angle":337.5,"time":172},{"type":"extraTap","angle":292.5,"time":172.25},{"type":"extraTap","angle":225,"time":173.25},{"type":"block","angle":157.5,"time":159.75},{"type":"block","angle":168.75,"time":159.75},{"type":"block","angle":180,"time":159.75},{"type":"extraTap","angle":101.25,"time":169.75},{"type":"extraTap","angle":101.25,"time":161.75},{"type":"block","angle":292.5,"time":173.5},{"type":"block","angle":303.75,"time":173.5},{"type":"block","angle":315,"time":173.5},{"duration":0.125,"type":"hold","angle2":-191.25,"angle":-157.5,"time":174},{"angle2":202.5,"type":"hold","duration":0.125,"angle":168.75,"time":174.125},{"type":"extraTap","angle":225,"time":173.75},{"type":"extraTap","angle":225,"time":174},{"type":"extraTap","angle":157.5,"time":175.25},{"type":"extraTap","angle":191.25,"time":127.75},{"type":"extraTap","angle":191.25,"time":143.75},{"type":"extraTap","angle":191.25,"time":159.75},{"angle2":-191.25,"type":"hold","duration":0.125,"angle":-157.5,"time":174.25},{"duration":0.125,"type":"hold","angle2":202.5,"angle":168.75,"time":174.375},{"angle2":-191.25,"type":"hold","duration":0.125,"angle":-157.5,"time":174.5},{"duration":0.125,"type":"hold","angle2":202.5,"angle":168.75,"time":174.625},{"angle2":-191.25,"type":"hold","duration":0.125,"angle":-157.5,"time":174.75},{"duration":0.125,"type":"hold","angle2":202.5,"angle":168.75,"time":174.875},{"angle2":180,"type":"hold","duration":0.25,"angle":202.5,"time":175},{"type":"extraTap","angle":157.5,"time":175.5},{"type":"extraTap","angle":157.5,"time":175.75},{"type":"block","angle":213.75,"time":176.5},{"type":"block","angle":247.5,"time":176.5},{"type":"block","angle":247.5,"time":176.75},{"type":"block","angle":213.75,"time":176.75},{"type":"block","angle":213.75,"time":177.25},{"type":"block","angle":247.5,"time":177.25},{"type":"block","angle":191.25,"time":177.75},{"type":"block","angle":157.5,"time":177.75},{"type":"block","angle":202.5,"time":176},{"type":"block","angle":168.75,"time":176},{"type":"block","angle":202.5,"time":177},{"type":"block","angle":168.75,"time":177},{"type":"block","angle":213.75,"time":178.25},{"type":"block","angle":247.5,"time":178.25},{"type":"block","angle":191.25,"time":178.75},{"type":"block","angle":157.5,"time":178.75},{"type":"block","angle":213.75,"time":179},{"type":"block","angle":247.5,"time":179},{"angle2":348.75,"type":"hold","duration":0.5,"angle":281.25,"time":179.5},{"angle2":382.5,"type":"hold","duration":0.5,"angle":315,"time":179.5},{"type":"block","angle":337.5,"time":180.5},{"type":"block","angle":303.75,"time":180.5},{"type":"block","angle":348.75,"time":181},{"type":"block","angle":22.5,"time":181},{"type":"block","angle":337.5,"time":181.25},{"type":"block","angle":303.75,"time":181.25},{"type":"block","angle":348.75,"time":181.75},{"type":"block","angle":22.5,"time":181.75},{"type":"block","angle":337.5,"time":182.25},{"type":"block","angle":303.75,"time":182.25},{"type":"block","angle":348.75,"time":182.5},{"type":"block","angle":22.5,"time":182.5},{"type":"block","angle":337.5,"time":182.75},{"type":"block","angle":303.75,"time":182.75},{"type":"block","angle":331.875,"time":183},{"type":"block","angle":298.125,"time":183},{"type":"block","angle":326.25,"time":183.125},{"type":"block","angle":320.625,"time":183.25},{"type":"block","angle":292.5,"time":183.125},{"type":"block","angle":286.875,"time":183.25},{"holdEase":"outExpo","angle2":208.125,"type":"hold","duration":0.125,"angle":281.25,"time":183.375},{"holdEase":"outExpo","angle2":241.875,"type":"hold","duration":0.125,"angle":315,"time":183.375},{"type":"extraTap","angle":202.5,"time":63.75}]