{"metadata":{"difficulty":0,"description":"You better show me that you could say it to my face,\nthere's worse things I can take.\n\nMechanics:\nTaps, Sides, Holds, Mines\n\n(minor flashing lights warning)","bg":true,"charter":"Kakadu","bgData":{"redChannel":{"r":0,"g":128,"b":0},"blueChannel":{"r":0,"g":232,"b":0},"image":"GlitchRB.png"},"artistLink":"https://open.spotify.com/artist/5ILfP4cKaKUz1RLGsCdItR","songName":"Glitch in your Heart","artist":"gabemtnz"},"events":[{"g":0,"time":-1,"duration":2,"r":0,"color":0,"type":"setColor","angle":315,"b":0},{"g":232,"time":-1,"duration":2,"r":0,"color":1,"type":"setColor","angle":0,"b":0},{"offset":0.020000003278255,"file":"Glitch in your Heart.ogg","volume":1,"bpm":85,"type":"play","angle":360,"time":0},{"var":"scrollSpeed","type":"ease","angle":112.5,"value":2,"time":-1},{"duration":0.5,"time":46.5,"ease":"inOutSine","type":"ease","angle":112.5,"value":1,"var":"scrollSpeed"},{"duration":1,"time":47,"ease":"inSine","type":"ease","angle":112.5,"value":3.5,"var":"scrollSpeed"},{"type":"setBPM","bpm":83,"angle":180,"time":47},{"type":"setBPM","bpm":85,"angle":180,"time":48},{"paddle":1,"duration":0.5,"ease":"linear","type":"paddles","newWidth":10,"angle":247.5,"time":79},{"duration":0.5,"time":79,"ease":"outSine","type":"ease","value":1.5,"angle":225,"var":"scrollSpeed"},{"duration":0.125,"time":95.25,"ease":"outExpo","type":"ease","angle":236.25,"value":0.25,"var":"scrollSpeed"},{"var":"scrollSpeed","type":"ease","angle":236.25,"value":0,"time":95},{"g":0,"time":94.5,"duration":0.5,"r":0,"ease":"inSine","type":"setColor","b":0,"angle":112.5,"color":1},{"duration":0.125,"var":"scrollSpeed","ease":"outExpo","type":"ease","value":0.5,"angle":225,"time":95.375},{"duration":0.125,"time":95.5,"ease":"outExpo","type":"ease","angle":236.25,"value":0.75,"var":"scrollSpeed"},{"duration":0.125,"time":95.625,"ease":"outExpo","type":"ease","value":1,"angle":225,"var":"scrollSpeed"},{"duration":0.125,"time":95.75,"ease":"outExpo","type":"ease","angle":236.25,"value":1.25,"var":"scrollSpeed"},{"duration":0.125,"time":95.875,"ease":"outExpo","type":"ease","angle":225,"value":1.5,"var":"scrollSpeed"},{"g":64,"time":95,"duration":0.5,"r":0,"ease":"linear","type":"setColor","b":0,"angle":112.5,"color":1},{"paddle":1,"duration":0,"ease":"linear","type":"paddles","newWidth":30,"angle":191.25,"time":95},{"paddle":2,"newAngle":180,"time":95,"duration":0,"ease":"linear","newWidth":30,"angle":180,"enabled":true,"type":"paddles"},{"enable":true,"type":"hom","angle":56.25,"time":95},{"chance":0.5,"color":0,"type":"noise","angle":67.5,"time":95},{"color":3,"enable":true,"type":"outline","angle":78.75,"time":95},{"g":0,"r":0,"b":0,"type":"setColor","color":3,"angle":90,"time":95},{"g":232,"time":96.375,"duration":0.125,"r":0,"ease":"inExpo","type":"setColor","b":0,"angle":101.25,"color":3},{"g":0,"time":96.5,"duration":0.875,"r":0,"ease":"outSine","type":"setColor","b":0,"angle":112.5,"color":3},{"g":232,"time":97.375,"duration":0.125,"r":0,"ease":"inExpo","type":"setColor","b":0,"angle":101.25,"color":3},{"g":0,"time":97.5,"duration":0.875,"r":0,"ease":"outSine","type":"setColor","b":0,"angle":112.5,"color":3},{"g":232,"time":98.375,"duration":0.125,"r":0,"ease":"inExpo","type":"setColor","b":0,"angle":101.25,"color":3},{"g":0,"time":98.5,"duration":0.875,"r":0,"ease":"outSine","type":"setColor","b":0,"angle":112.5,"color":3},{"g":232,"time":99.375,"duration":0.125,"r":0,"ease":"inExpo","type":"setColor","b":0,"angle":101.25,"color":3},{"g":0,"time":99.5,"duration":0.875,"r":0,"ease":"outSine","type":"setColor","b":0,"angle":112.5,"color":3},{"g":232,"time":100.375,"duration":0.125,"r":0,"ease":"inExpo","type":"setColor","b":0,"angle":101.25,"color":3},{"g":0,"time":100.5,"duration":0.875,"r":0,"ease":"outSine","type":"setColor","b":0,"angle":112.5,"color":3},{"g":232,"time":101.375,"duration":0.125,"r":0,"ease":"inExpo","type":"setColor","b":0,"angle":101.25,"color":3},{"g":0,"time":101.5,"duration":0.875,"r":0,"ease":"outSine","type":"setColor","b":0,"angle":112.5,"color":3},{"g":232,"time":102.375,"duration":0.125,"r":0,"ease":"inExpo","type":"setColor","b":0,"angle":101.25,"color":3},{"g":0,"time":102.5,"duration":0.875,"r":0,"ease":"outSine","type":"setColor","b":0,"angle":112.5,"color":3},{"g":232,"time":103.375,"duration":0.125,"r":0,"ease":"inExpo","type":"setColor","b":0,"angle":101.25,"color":3},{"g":0,"time":103.5,"duration":0.875,"r":0,"ease":"outSine","type":"setColor","b":0,"angle":112.5,"color":3},{"g":232,"time":104.375,"duration":0.125,"r":0,"ease":"inExpo","type":"setColor","b":0,"angle":101.25,"color":3},{"g":0,"time":104.5,"duration":0.875,"r":0,"ease":"outSine","type":"setColor","b":0,"angle":112.5,"color":3},{"g":232,"time":105.375,"duration":0.125,"r":0,"ease":"inExpo","type":"setColor","b":0,"angle":101.25,"color":3},{"g":0,"time":105.5,"duration":0.875,"r":0,"ease":"outSine","type":"setColor","b":0,"angle":112.5,"color":3},{"g":232,"time":106.375,"duration":0.125,"r":0,"ease":"inExpo","type":"setColor","b":0,"angle":101.25,"color":3},{"g":0,"time":106.5,"duration":0.875,"r":0,"ease":"outSine","type":"setColor","b":0,"angle":112.5,"color":3},{"g":232,"time":107.375,"duration":0.125,"r":0,"ease":"inExpo","type":"setColor","b":0,"angle":101.25,"color":3},{"g":0,"time":107.5,"duration":0.875,"r":0,"ease":"outSine","type":"setColor","b":0,"angle":112.5,"color":3},{"g":232,"time":108.375,"duration":0.125,"r":0,"ease":"inExpo","type":"setColor","b":0,"angle":101.25,"color":3},{"g":0,"time":108.5,"duration":0.875,"r":0,"ease":"outSine","type":"setColor","b":0,"angle":112.5,"color":3},{"g":232,"time":109.375,"duration":0.125,"r":0,"ease":"inExpo","type":"setColor","b":0,"angle":101.25,"color":3},{"g":0,"time":109.5,"duration":0.875,"r":0,"ease":"outSine","type":"setColor","b":0,"angle":112.5,"color":3},{"g":232,"time":110.375,"duration":0.125,"r":0,"ease":"inExpo","type":"setColor","b":0,"angle":101.25,"color":3},{"g":0,"time":110.5,"duration":0.875,"r":0,"ease":"outSine","type":"setColor","b":0,"angle":112.5,"color":3},{"duration":0.125,"time":111.25,"ease":"outExpo","type":"ease","angle":236.25,"value":1.6670000553131,"var":"scrollSpeed"},{"duration":0.125,"var":"scrollSpeed","ease":"outExpo","type":"ease","value":1.8329999446869,"angle":225,"time":111.375},{"duration":0.125,"time":111.5,"ease":"outExpo","type":"ease","angle":236.25,"value":2,"var":"scrollSpeed"},{"duration":0.125,"time":111.625,"ease":"outExpo","type":"ease","value":2.1670000553131,"angle":225,"var":"scrollSpeed"},{"duration":0.125,"time":111.75,"ease":"outExpo","type":"ease","angle":236.25,"value":2.3329999446869,"var":"scrollSpeed"},{"duration":0.125,"time":111.875,"ease":"outExpo","type":"ease","angle":225,"value":2.5,"var":"scrollSpeed"},{"paddle":1,"duration":0.5,"ease":"outQuad","type":"paddles","newWidth":70,"angle":180,"time":111},{"paddle":2,"newAngle":180,"time":110.75,"duration":0,"ease":"linear","newWidth":30,"angle":180,"enabled":false,"type":"paddles"},{"color":0,"type":"outline","enable":false,"angle":202.5,"time":112},{"chance":0.050000000745058,"color":3,"type":"noise","angle":202.5,"time":111.5},{"g":232,"time":111,"duration":1,"r":0,"ease":"inSine","type":"setColor","b":0,"angle":135,"color":1},{"g":80,"time":125.75,"duration":0.5,"r":0,"color":3,"type":"setColor","ease":"inOutSine","angle":112.5,"b":80},{"g":50,"time":126.25,"duration":0.75,"r":0,"b":50,"type":"setColor","ease":"inSine","angle":112.5,"color":3},{"g":0,"time":127,"duration":1,"r":0,"b":0,"type":"setColor","ease":"outSine","angle":112.5,"color":3},{"chance":0.75,"color":3,"type":"noise","angle":90,"time":125.75},{"chance":0.050000000745058,"color":3,"type":"noise","angle":90,"time":127},{"chance":0.34999999403954,"color":3,"type":"noise","angle":90,"time":126.5},{"g":80,"time":141.75,"duration":0.5,"r":0,"color":3,"type":"setColor","ease":"inOutSine","angle":112.5,"b":80},{"g":50,"time":142.25,"duration":0.75,"r":0,"b":50,"type":"setColor","ease":"inSine","angle":112.5,"color":3},{"g":0,"time":143,"duration":1,"r":0,"b":0,"type":"setColor","ease":"outSine","angle":112.5,"color":3},{"chance":0.75,"color":3,"type":"noise","angle":90,"time":141.75},{"chance":0.050000000745058,"color":3,"type":"noise","angle":90,"time":143},{"chance":0.34999999403954,"color":3,"type":"noise","angle":90,"time":142.5},{"g":80,"time":157.75,"duration":0.5,"r":0,"color":3,"type":"setColor","ease":"inOutSine","angle":112.5,"b":80},{"g":50,"time":158.25,"duration":0.75,"r":0,"b":50,"type":"setColor","ease":"inSine","angle":112.5,"color":3},{"g":0,"time":159,"duration":1,"r":0,"b":0,"type":"setColor","ease":"outSine","angle":112.5,"color":3},{"chance":0.75,"color":3,"type":"noise","angle":90,"time":157.75},{"chance":0.050000000745058,"color":3,"type":"noise","angle":90,"time":159},{"chance":0.34999999403954,"color":3,"type":"noise","angle":90,"time":158.5},{"g":80,"time":173.75,"duration":0.5,"r":0,"color":3,"type":"setColor","ease":"inOutSine","angle":112.5,"b":80},{"g":50,"time":174.25,"duration":0.75,"r":0,"b":50,"type":"setColor","ease":"inSine","angle":112.5,"color":3},{"g":0,"time":175,"duration":1,"r":0,"b":0,"type":"setColor","ease":"outSine","angle":112.5,"color":3},{"chance":0.75,"color":3,"type":"noise","angle":90,"time":173.75},{"chance":0.050000000745058,"color":3,"type":"noise","angle":90,"time":175},{"chance":0.34999999403954,"color":3,"type":"noise","angle":90,"time":174.5},{"type":"setBPM","bpm":84,"angle":157.5,"time":95},{"type":"setBPM","bpm":85,"angle":157.5,"time":96},{"type":"showResults","angle":180,"time":183.5}],"properties":{"offset":4,"loadBeat":-1,"speed":70,"formatversion":12,"startBeat":0}}