{"events":[{"volume":1.5000001192093,"type":"play","time":0,"bpm":145,"angle":0,"file":"TENTH LEVEL LOCKDOWN.ogg"},{"type":"setColor","color":1,"g":255,"b":255,"r":255,"angle":315,"time":-8},{"type":"setColor","color":0,"g":0,"b":0,"r":0,"angle":22.5,"time":-8},{"time":-8,"color":0,"chance":0.64999967813492,"angle":45,"type":"noise"},{"enable":true,"type":"hom","angle":67.5,"time":-8},{"type":"showResults","time":225,"angle":360},{"type":"setColor","color":1,"angle":45,"time":0,"r":255,"b":0,"duration":215,"g":0},{"type":"forcePlayerSprite","spriteName":"idle","angle":337.5,"time":0},{"type":"forcePlayerSprite","spriteName":"angry","angle":225,"time":108},{"type":"setColor","color":0,"time":208,"r":255,"angle":225,"duration":0.375},{"type":"setColor","color":0,"angle":225,"time":208.375,"r":0,"b":0,"duration":0.375,"g":0},{"type":"setColor","color":0,"time":212,"r":255,"angle":0,"duration":0.375},{"type":"setColor","color":0,"angle":0,"time":212.375,"r":0,"b":0,"duration":0.375,"g":0},{"type":"setColor","color":0,"time":210,"r":255,"angle":326.25,"duration":0.375},{"type":"setColor","color":0,"angle":315,"time":210.375,"r":0,"b":0,"duration":0.375,"g":0},{"type":"setColor","color":0,"angle":360,"time":216,"r":255,"b":0,"duration":0.375,"g":0},{"type":"setColor","color":0,"angle":0,"time":216.375,"r":0,"b":0,"duration":0.375,"g":0},{"type":"setColor","color":0,"time":147,"r":255,"angle":45,"duration":0.25},{"type":"setColor","color":0,"angle":22.5,"time":147.25,"r":0,"b":0,"duration":0.25,"g":0},{"type":"setColor","color":0,"time":148,"r":255,"angle":45,"duration":0.25},{"type":"setColor","color":0,"angle":56.25,"time":148.25,"r":0,"b":0,"duration":0.25,"g":0},{"type":"setColor","color":0,"time":149,"r":255,"angle":135,"duration":0.25},{"type":"setColor","color":0,"angle":146.25,"time":149.25,"r":0,"b":0,"duration":0.25,"g":0},{"type":"setColor","color":0,"time":150,"r":252,"angle":247.5,"duration":0.25},{"type":"setColor","color":0,"angle":225,"time":150.25,"r":0,"b":0,"duration":0.25,"g":0},{"type":"setColor","color":0,"time":151,"r":252,"angle":337.5,"duration":0.25},{"type":"setColor","color":0,"angle":326.25,"time":151.25,"r":0,"b":0,"duration":0.25,"g":0},{"type":"setColor","color":0,"time":116,"r":247,"angle":360,"duration":0.375},{"type":"setColor","color":0,"angle":337.5,"time":116.375,"r":0,"b":0,"duration":0.375,"g":0},{"type":"setColor","color":0,"time":118,"r":229,"angle":11.25,"duration":0.375},{"type":"setColor","color":0,"angle":0,"time":118.375,"r":0,"b":0,"duration":0.375,"g":0},{"type":"setColor","color":0,"time":120,"r":237,"angle":11.25,"duration":0.375},{"type":"setColor","color":0,"angle":0,"time":120.375,"r":0,"b":0,"duration":0.375,"g":0},{"type":"setColor","color":0,"time":124,"r":246,"angle":123.75,"duration":0.375},{"type":"setColor","color":0,"angle":123.75,"time":124.375,"r":0,"b":0,"duration":0.375,"g":0},{"type":"setColor","color":0,"time":126,"r":221,"angle":78.75,"duration":0.375},{"type":"setColor","color":0,"angle":67.5,"time":126.375,"r":0,"b":0,"duration":0.375,"g":0},{"type":"setColor","color":0,"time":132,"r":254,"angle":90,"duration":0.375},{"type":"setColor","color":0,"angle":78.75,"time":132.375,"r":0,"b":0,"duration":0.375,"g":0},{"type":"setColor","color":0,"time":134,"r":240,"angle":90,"duration":0.375},{"type":"setColor","color":0,"angle":67.5,"time":134.375,"r":0,"b":0,"duration":0.375,"g":0},{"type":"deco","id":"","outline":true,"angle":112.5,"sx":1.25,"time":-8,"x":249,"y":300,"sprite":"lv1.png","recolor":7,"sy":1.25},{"type":"setColor","color":7,"time":-8,"b":0,"angle":90,"r":0,"g":255},{"time":17,"id":"lv1","hide":true,"angle":315,"type":"deco"},{"id":"lv2","sx":1.25,"angle":292.5,"recolor":7,"time":17,"sy":1.25,"x":249,"y":300,"sprite":"lv2.png","type":"deco"},{"type":"deco","id":"lv3","angle":0,"sx":1.25,"sy":1.25,"time":47.5,"x":249,"y":300,"sprite":"lv3.png","recolor":6},{"id":"lv2","hide":true,"time":47.5,"angle":337.5,"type":"deco"},{"type":"setColor","color":6,"time":-8,"b":0,"angle":135,"r":255,"g":255},{"type":"setColor","color":5,"time":-8,"b":0,"r":255,"angle":157.5,"g":0},{"time":108,"type":"deco","id":"lv3","angle":247.5,"hide":true},{"time":208,"hide":true,"type":"deco","angle":247.5,"id":"lv4"},{"type":"deco","sx":1.25,"angle":270,"recolor":5,"time":208,"sy":1.25,"x":249,"y":300,"sprite":"lv5.png","id":"lv5"},{"type":"deco","recolor":5,"angle":270,"sx":1.25,"sy":1.25,"x":249,"y":300,"sprite":"lv4.png","id":"lv4","time":108},{"type":"setBgColor","time":-8,"angle":337.5}],"properties":{"offset":7,"formatversion":13,"speed":140},"metadata":{"artist":"Mastersword","charter":"hollow","difficulty":5,"bg":true,"songName":"TENTH LEVEL LOCKDOWN","bgData":{"greenChannel":{"b":255,"r":255,"g":255},"yellowChannel":{"b":255,"r":255,"g":255},"magentaChannel":{"b":255,"r":255,"g":255},"cyanChannel":{"b":255,"r":255,"g":255},"image":"wine.png","redChannel":{"b":0,"r":0,"g":0},"blueChannel":{"b":0,"r":0,"g":0}},"artistLink":"","description":"Ack\n\nI'm stuck, Clover\n\nWe need to find a way\nout of this FAST!!\n\n"}}