{"events":[{"type":"play","file":"mus.wav","angle":90,"time":-0,"volume":1,"bpm":165},{"g":125,"b":255,"r":186,"angle":180,"time":-5,"color":1,"type":"setColor"},{"g":197,"b":255,"r":241,"angle":157.5,"time":-5,"color":0,"type":"setColor"},{"g":57,"b":106,"time":-5,"type":"setColor","angle":90,"ease":"outSine","duration":2,"color":4,"r":78},{"g":175,"b":255,"r":246,"angle":67.5,"time":-5,"color":5,"type":"setColor"},{"g":222,"b":113,"r":222,"angle":45,"time":-5,"color":6,"type":"setColor"},{"g":246,"b":255,"r":253,"angle":22.5,"time":-5,"color":7,"type":"setColor"},{"g":107,"b":160,"r":130,"angle":112.5,"time":-5,"color":3,"type":"setColor"},{"g":74,"b":255,"r":63,"angle":135,"time":-5,"color":2,"type":"setColor"},{"angle":225,"chance":0.30000001192093,"time":-5,"color":4,"type":"noise"},{"sprite":"star.png","id":"star","recolor":-1,"sx":3,"time":-3.5,"type":"deco","drawLayer":"bg","order":-1,"sy":3,"angle":202.5,"ox":400,"oy":400,"r":45},{"time":-3.5,"type":"deco","sx":0.90000003576279,"sy":0.90000003576279,"ease":"outExpo","angle":225,"duration":16,"id":"star"},{"angle":360,"time":-5,"color":1,"type":"setBgColor"},{"angleOffset":false,"angle":0,"time":26.75,"tag":"lyrics1","type":"tag"},{"angleOffset":false,"angle":0,"time":64,"tag":"pulse1","type":"tag"},{"angle":202.5,"time":-5,"enable":true,"type":"hom"},{"angle":270,"type":"ease","value":360,"ease":"outSine","time":27,"duration":3.5,"var":"vfx.angleTwist.offset"},{"time":31,"ease":"inSine","var":"vfx.angleTwist.offset","order":0,"value":0,"angle":270,"type":"ease","duration":1,"start":360},{"id":"star","r":360,"ease":"inQuad","angle":292.5,"time":27,"duration":5,"type":"deco"},{"id":"star","r":90,"angle":90,"ease":"inBack","time":34,"duration":2,"type":"deco"},{"order":-1,"type":"deco","angle":67.5,"time":34,"id":"star","r":0},{"id":"star","r":180,"angle":112.5,"ease":"inBack","time":38,"duration":2,"type":"deco"},{"order":-1,"type":"deco","angle":90,"time":38,"id":"star","r":90},{"id":"star","r":270,"angle":112.5,"ease":"outQuad","time":40,"duration":2,"type":"deco"},{"order":-1,"type":"deco","angle":90,"time":40,"id":"star","r":180},{"id":"star","r":90,"ease":"inOutQuad","angle":90,"time":42,"duration":6,"type":"deco"},{"order":-1,"type":"deco","angle":67.5,"time":42,"id":"star","r":270},{"angleOffset":false,"angle":0,"time":32,"tag":"pulse1","type":"tag"},{"id":"star","r":90,"ease":"inBack","angle":0,"time":50,"duration":2,"type":"deco"},{"order":-1,"type":"deco","angle":-22.5,"time":50,"id":"star","r":0},{"id":"star","r":180,"ease":"inBack","angle":22.5,"time":54,"duration":2,"type":"deco"},{"order":-1,"type":"deco","angle":0,"time":54,"id":"star","r":90},{"id":"star","r":270,"ease":"outQuad","angle":22.5,"time":56,"duration":2,"type":"deco"},{"order":-1,"type":"deco","angle":0,"time":56,"id":"star","r":180},{"id":"star","r":90,"angle":0,"ease":"inOutQuad","time":58,"duration":6,"type":"deco"},{"order":-1,"type":"deco","angle":-22.5,"time":58,"id":"star","r":270},{"angleOffset":false,"angle":-90,"time":48,"tag":"pulse1","type":"tag"},{"outline":true,"time":-3.5,"id":"lyrics","type":"deco","sprite":"txt1.png","sy":0,"angle":180,"ox":350,"oy":16,"sx":0},{"angleOffset":false,"angle":0,"time":63.5,"tag":"lyrics2","type":"tag"},{"sprite":"txt2.png","angle":337.5,"time":63.5,"id":"lyrics","type":"deco"},{"angleOffset":false,"angle":0,"time":71.5,"tag":"lyrics2","type":"tag"},{"sprite":"txt3.png","angle":337.5,"time":71.5,"id":"lyrics","type":"deco"},{"angleOffset":false,"angle":0,"time":79.75,"tag":"lyrics2","type":"tag"},{"sprite":"txt4.png","angle":337.5,"time":79.75,"id":"lyrics","type":"deco"},{"angleOffset":false,"angle":360,"time":87.75,"tag":"lyrics2","type":"tag"},{"sprite":"txt5.png","angle":337.5,"time":87.75,"id":"lyrics","type":"deco"},{"angleOffset":false,"angle":0,"time":80,"tag":"pulse1","type":"tag"},{"angle":360,"chance":0.95999991893768,"time":95,"color":1,"type":"noise"},{"angle":45,"time":96,"enable":true,"type":"hom"},{"time":95,"var":"vfx.canvPos.sx","order":3,"value":0.89999997615814,"angle":45,"type":"ease","duration":1,"ease":"inSine"},{"time":95,"var":"vfx.canvPos.sy","order":3,"value":0.89999997615814,"angle":67.5,"type":"ease","duration":1,"ease":"inSine"},{"time":95,"var":"p.bodyRadius","order":3,"value":500,"angle":90,"type":"ease","duration":1,"ease":"inQuint"},{"time":95,"var":"scrollSpeed","order":3,"value":0.10000000149012,"angle":135,"type":"ease","duration":1,"ease":"inSine"},{"angle":157.5,"paddle":1,"newWidth":30,"ease":"inSine","time":95,"duration":1,"type":"paddles"},{"ease":"outQuad","paddle":1,"newWidth":70,"angle":90,"time":127,"duration":1,"type":"paddles"},{"time":127,"var":"p.bodyRadius","order":3,"value":20,"angle":135,"type":"ease","duration":1,"ease":"inQuint"},{"time":127,"var":"p.paddleDistance","order":3,"value":31,"angle":123.75,"type":"ease","duration":1,"ease":"inQuint"},{"time":127,"var":"scrollSpeed","order":3,"value":1,"angle":146.25,"type":"ease","duration":1,"ease":"inQuint"},{"ease":"outCubic","type":"ease","value":150,"angle":78.75,"time":96,"duration":16,"var":"p.bodyRadius"},{"ease":"outCubic","type":"ease","value":151,"angle":67.5,"time":96,"duration":16,"var":"p.paddleDistance"},{"angle":112.5,"type":"ease","value":501,"ease":"inSine","time":95,"duration":1,"var":"p.paddleDistance"},{"angle":56.25,"type":"ease","value":0.43999999761581,"ease":"outCubic","time":96,"duration":16,"var":"scrollSpeed"},{"angle":101.25,"chance":0.5,"time":96,"color":0,"type":"noise"},{"time":127,"type":"ease","var":"vfx.angleTwist.offset","value":0,"angle":67.5,"start":1080,"duration":1,"ease":"inQuad"},{"angle":45,"chance":0.89999997615814,"time":127,"color":4,"type":"noise"},{"angle":45,"chance":0.20000000298023,"time":128,"color":4,"type":"noise"},{"angleOffset":false,"angle":22.5,"time":128,"tag":"pulse2","type":"tag"},{"angleOffset":false,"angle":0,"time":144,"tag":"pulse2","type":"tag"},{"angleOffset":false,"angle":0,"time":160,"tag":"pulse2","type":"tag"},{"angleOffset":false,"angle":0,"time":176,"tag":"pulse2","type":"tag"},{"angleOffset":false,"angle":45,"time":192,"tag":"flash1","type":"tag"},{"angleOffset":false,"angle":0,"time":194,"tag":"flash1","type":"tag"},{"angleOffset":false,"angle":0,"time":196,"tag":"flash1","type":"tag"},{"angleOffset":false,"angle":0,"time":198,"tag":"flash1","type":"tag"},{"angleOffset":false,"angle":360,"time":200,"tag":"flash1","type":"tag"},{"angleOffset":false,"angle":360,"time":201.5,"tag":"flash1","type":"tag"},{"angleOffset":false,"angle":-22.5,"time":203,"tag":"flash1","type":"tag"},{"angleOffset":false,"angle":337.5,"time":204,"tag":"flash1","type":"tag"},{"angleOffset":false,"angle":360,"time":205.5,"tag":"flash1","type":"tag"},{"angleOffset":false,"angle":0,"time":207,"tag":"flash1","type":"tag"},{"angleOffset":false,"angle":0,"time":208,"tag":"flash1","type":"tag"},{"angleOffset":false,"angle":0,"time":210,"tag":"flash1","type":"tag"},{"angleOffset":false,"angle":0,"time":212,"tag":"flash1","type":"tag"},{"angleOffset":false,"angle":0,"time":214,"tag":"flash1","type":"tag"},{"angleOffset":false,"angle":360,"time":216,"tag":"flash1","type":"tag"},{"angleOffset":false,"angle":360,"time":217.5,"tag":"flash1","type":"tag"},{"angleOffset":false,"angle":0,"time":219,"tag":"flash1","type":"tag"},{"angleOffset":false,"angle":360,"time":220,"tag":"flash1","type":"tag"},{"angleOffset":false,"angle":360,"time":221.5,"tag":"flash1","type":"tag"},{"angleOffset":false,"angle":360,"time":222,"tag":"flash1","type":"tag"},{"angleOffset":false,"angle":360,"time":222.75,"tag":"flash1","type":"tag"},{"angleOffset":false,"angle":360,"time":223.5,"tag":"flash1","type":"tag"},{"angle":11.25,"time":223.5,"enable":false,"type":"hom"},{"angleOffset":false,"angle":348.75,"time":157.5,"tag":"lyrics3","type":"tag"},{"sprite":"txt6.png","angle":0,"time":157.5,"id":"lyrics","type":"deco"},{"color":2,"angle":270,"time":-5,"enable":true,"type":"outline"},{"angleOffset":false,"angle":348.75,"time":174,"tag":"lyrics3","type":"tag"},{"sprite":"txt7.png","angle":0,"time":174,"id":"lyrics","type":"deco"},{"angleOffset":false,"angle":337.5,"time":190.25,"tag":"lyrics4","type":"tag"},{"sprite":"txt8.png","angle":-11.25,"time":190.25,"id":"lyrics","type":"deco"},{"angleOffset":false,"angle":337.5,"time":198,"tag":"lyrics4","type":"tag"},{"sprite":"txt9.png","angle":-11.25,"time":198,"id":"lyrics","type":"deco"},{"angleOffset":false,"angle":337.5,"time":207,"tag":"lyrics3","type":"tag"},{"sprite":"txt10.png","angle":348.75,"time":207,"id":"lyrics","type":"deco"},{"angleOffset":false,"angle":-135,"time":64,"tag":"pulse1","type":"tag"},{"angleOffset":false,"angle":-135,"time":80,"tag":"pulse1","type":"tag"},{"id":"star","r":90,"ease":"inBack","angle":90,"time":66,"duration":2,"type":"deco"},{"order":-1,"type":"deco","angle":67.5,"time":66,"id":"star","r":0},{"id":"star","r":180,"ease":"inBack","angle":112.5,"time":70,"duration":2,"type":"deco"},{"order":-1,"type":"deco","angle":90,"time":70,"id":"star","r":90},{"id":"star","r":270,"ease":"outQuad","angle":112.5,"time":72,"duration":2,"type":"deco"},{"order":-1,"type":"deco","angle":90,"time":72,"id":"star","r":180},{"id":"star","r":90,"angle":90,"ease":"inOutQuad","time":74,"duration":6,"type":"deco"},{"order":-1,"type":"deco","angle":67.5,"time":74,"id":"star","r":270},{"id":"star","r":90,"angle":0,"ease":"inBack","time":82,"duration":2,"type":"deco"},{"order":-1,"type":"deco","angle":-22.5,"time":82,"id":"star","r":0},{"id":"star","r":180,"angle":22.5,"ease":"inBack","time":86,"duration":2,"type":"deco"},{"order":-1,"type":"deco","angle":0,"time":86,"id":"star","r":90},{"id":"star","r":270,"angle":22.5,"ease":"outQuad","time":88,"duration":2,"type":"deco"},{"order":-1,"type":"deco","angle":0,"time":88,"id":"star","r":180},{"id":"star","r":90,"ease":"inOutQuad","angle":0,"time":90,"duration":6,"type":"deco"},{"order":-1,"type":"deco","angle":-22.5,"time":90,"id":"star","r":270},{"g":255,"b":255,"time":-5,"type":"setColor","order":-1,"angle":315,"color":4,"r":255},{"time":168,"type":"ease","var":"vfx.hwaves.strength","value":0,"angle":90,"start":5,"duration":4,"ease":"inOutSine"},{"time":168,"type":"ease","var":"vfx.hwaves.period","value":16,"angle":112.5,"duration":4,"start":64,"ease":"inOutQuad"},{"time":184,"type":"ease","var":"vfx.hwaves.strength","value":0,"ease":"inOutSine","start":5,"duration":4,"angle":90},{"time":184,"type":"ease","var":"vfx.hwaves.period","value":16,"ease":"inOutQuad","start":64,"duration":4,"angle":112.5},{"angle":67.5,"chance":0.80000001192093,"time":192,"color":4,"type":"noise"},{"angle":45,"chance":0.5,"time":222,"color":4,"type":"noise"},{"angleOffset":false,"angle":0,"time":224,"tag":"shake1","type":"tag"},{"angleOffset":false,"angle":0,"time":240,"tag":"shake1","type":"tag"},{"time":255,"type":"ease","var":"vfx.canvPos.sx","value":0,"angle":360,"duration":1,"start":1,"ease":"inExpo"},{"time":255,"type":"ease","var":"vfx.canvPos.sy","value":0,"ease":"inExpo","start":1,"duration":1,"angle":382.5},{"value":1,"angle":337.5,"time":256,"type":"ease","var":"vfx.canvPos.sx"},{"value":1,"angle":315,"time":256,"type":"ease","var":"vfx.canvPos.sy"},{"angleOffset":false,"angle":360,"time":256,"tag":"shake1","type":"tag"},{"angleOffset":false,"angle":0,"time":272,"tag":"shake1","type":"tag"},{"angleOffset":false,"angle":22.5,"time":271,"tag":"flash1","type":"tag"},{"angleOffset":false,"angle":22.5,"time":271.5,"tag":"flash1","type":"tag"},{"angleOffset":false,"angle":22.5,"time":271.75,"tag":"flash1","type":"tag"},{"time":272,"type":"ease","var":"vfx.canvPos.sx","value":1,"angle":45,"start":1.1000000238419,"duration":3,"ease":"outSine"},{"time":272,"type":"ease","var":"vfx.canvPos.sy","value":1,"angle":67.5,"duration":3,"start":1.1000000238419,"ease":"outSine"},{"angleOffset":false,"angle":360,"time":288,"tag":"shake1","type":"tag"},{"angleOffset":false,"angle":22.5,"time":288,"tag":"pulse1","type":"tag"},{"angleOffset":false,"angle":360,"time":304,"tag":"shake1","type":"tag"},{"angleOffset":false,"angle":22.5,"time":304,"tag":"pulse1","type":"tag"},{"angleOffset":false,"angle":360,"time":320,"tag":"shake1","type":"tag"},{"angleOffset":false,"angle":22.5,"time":320,"tag":"pulse1","type":"tag"},{"angle":0,"chance":0.60000002384186,"time":318.5,"color":0,"type":"noise"},{"angle":0,"chance":0.60000002384186,"time":319,"color":5,"type":"noise"},{"angle":0,"chance":0.60000002384186,"time":319.5,"color":3,"type":"noise"},{"angle":-22.5,"chance":0.60000002384186,"time":320,"color":4,"type":"noise"},{"id":"star","r":0,"ease":"inOutQuart","angle":90,"time":224,"duration":8,"type":"deco"},{"id":"star","r":180,"angle":90,"ease":"inOutQuart","time":232,"duration":8,"type":"deco"},{"id":"star","r":0,"angle":90,"ease":"inOutQuart","time":240,"duration":8,"type":"deco"},{"id":"star","r":360,"angle":90,"ease":"inOutQuart","time":248,"duration":8,"type":"deco"},{"angleOffset":false,"angle":22.5,"time":256,"tag":"zoom1","type":"tag"},{"angleOffset":false,"angle":22.5,"time":264,"tag":"zoom1","type":"tag"},{"angleOffset":false,"angle":22.5,"time":272,"tag":"zoom1","type":"tag"},{"angleOffset":false,"angle":22.5,"time":280,"tag":"zoom1","type":"tag"},{"angleOffset":false,"angle":45,"time":288,"tag":"zoom1","type":"tag"},{"angleOffset":false,"angle":22.5,"time":296,"tag":"zoom1","type":"tag"},{"angleOffset":false,"angle":45,"time":304,"tag":"zoom1","type":"tag"},{"angleOffset":false,"angle":22.5,"time":312,"tag":"zoom1","type":"tag"},{"angleOffset":false,"angle":45,"time":320,"tag":"zoom1","type":"tag"},{"angleOffset":false,"angle":22.5,"time":329,"tag":"zoom1","type":"tag"},{"angleOffset":false,"angle":360,"time":336,"tag":"shake1","type":"tag"},{"angleOffset":false,"angle":22.5,"time":336,"tag":"pulse1","type":"tag"},{"angleOffset":false,"angle":45,"time":336,"tag":"zoom1","type":"tag"},{"angleOffset":false,"angle":45,"time":344,"tag":"zoom1","type":"tag"},{"angle":22.5,"time":348,"enable":false,"type":"hom"},{"angle":22.5,"time":349,"enable":true,"type":"hom"},{"angle":22.5,"chance":0.89999997615814,"time":349.5,"color":4,"type":"noise"},{"id":"star","r":720,"ease":"inSine","angle":45,"time":349,"duration":4,"type":"deco"},{"id":"star","r":-1080,"ease":"inSine","angle":360,"time":368,"duration":48,"type":"deco"},{"angle":22.5,"chance":0.20000000298023,"time":416,"color":1,"type":"noise"},{"id":"star","r":0,"angle":360,"ease":"outCubic","time":416,"duration":64,"type":"deco"},{"time":403,"type":"ease","var":"vfx.canvPos.sx","value":0.9899999499321,"angle":0,"start":1,"duration":12,"ease":"inSine"},{"time":403,"type":"ease","var":"vfx.canvPos.sy","value":0.9899999499321,"ease":"inSine","start":1,"duration":12,"angle":22.5},{"angle":337.5,"time":416,"color":1,"type":"setBgColor"},{"id":"star","r":1000,"angle":360,"ease":"outSine","time":423,"duration":64,"type":"deco"},{"angle":337.5,"chance":0.98999989032745,"time":443,"color":4,"type":"noise"},{"type":"ease","value":0.99999994039536,"angle":0,"time":443,"ease":"outSine","var":"vfx.canvPos.sx"},{"type":"ease","value":0.99999994039536,"ease":"outSine","time":443,"angle":22.5,"var":"vfx.canvPos.sy"},{"angle":337.5,"chance":0.5,"time":448,"color":4,"type":"noise"},{"angle":337.5,"chance":0.95999991893768,"time":444,"color":4,"type":"noise"},{"angle":337.5,"chance":0.91999995708466,"time":445,"color":4,"type":"noise"},{"angle":337.5,"chance":0.87000000476837,"time":446,"color":4,"type":"noise"},{"angleOffset":false,"angle":337.5,"time":368,"tag":"lyrics1","type":"tag"},{"sprite":"txt11.png","angle":-11.25,"time":368,"id":"lyrics","type":"deco"},{"angleOffset":false,"angle":337.5,"time":374,"tag":"lyrics4","type":"tag"},{"sprite":"txt12.png","angle":-11.25,"time":374,"id":"lyrics","type":"deco"},{"angleOffset":false,"angle":337.5,"time":384,"tag":"lyrics1","type":"tag"},{"sprite":"txt13.png","angle":-11.25,"time":384,"id":"lyrics","type":"deco"},{"angleOffset":false,"angle":337.5,"time":393,"tag":"lyrics1","type":"tag"},{"sprite":"txt15.png","angle":348.75,"time":393,"id":"lyrics","type":"deco"},{"angleOffset":false,"angle":337.5,"time":388.5,"tag":"lyrics1","type":"tag"},{"sprite":"txt14.png","angle":348.75,"time":388.5,"id":"lyrics","type":"deco"},{"angleOffset":false,"angle":337.5,"time":400,"tag":"lyrics6","type":"tag"},{"sprite":"txt16.png","angle":-11.25,"time":400,"id":"lyrics","type":"deco"},{"angleOffset":false,"angle":337.5,"time":411,"tag":"lyrics5","type":"tag"},{"sprite":"txt17.png","angle":348.75,"time":411,"id":"lyrics","type":"deco"},{"angleOffset":false,"angle":337.5,"time":427.5,"tag":"lyrics5","type":"tag"},{"sprite":"txt18.png","angle":348.75,"time":427.5,"id":"lyrics","type":"deco"},{"angleOffset":false,"angle":315,"time":443.01473431046,"tag":"lyrics5","type":"tag"},{"sprite":"txt19.png","angle":326.25,"time":443.01473999023,"id":"lyrics","type":"deco"},{"angleOffset":false,"angle":337.5,"time":459.51473999023,"tag":"lyrics5","type":"tag"},{"sprite":"txt20.png","angle":348.75,"time":459.51473999023,"id":"lyrics","type":"deco"},{"angleOffset":false,"angle":337.5,"time":474.5,"tag":"lyrics5","type":"tag"},{"sprite":"txt2.png","angle":348.75,"time":474.5,"id":"lyrics","type":"deco"},{"angleOffset":false,"angle":337.5,"time":507.5,"tag":"lyrics5","type":"tag"},{"sprite":"txt4.png","angle":348.75,"time":507.5,"id":"lyrics","type":"deco"},{"angleOffset":false,"angle":337.5,"time":523.75,"tag":"lyrics5","type":"tag"},{"sprite":"txt5.png","angle":348.75,"time":523.75,"id":"lyrics","type":"deco"},{"angleOffset":false,"angle":337.5,"time":539,"tag":"lyrics5","type":"tag"},{"sprite":"txt2.png","angle":348.75,"time":539,"id":"lyrics","type":"deco"},{"angleOffset":false,"angle":337.5,"time":555.5,"tag":"lyrics5","type":"tag"},{"sprite":"txt3.png","angle":348.75,"time":555.5,"id":"lyrics","type":"deco"},{"angleOffset":false,"angle":337.5,"time":571,"tag":"lyrics5","type":"tag"},{"sprite":"txt4.png","angle":348.75,"time":571,"id":"lyrics","type":"deco"},{"angleOffset":false,"angle":337.5,"time":587,"tag":"lyrics5","type":"tag"},{"sprite":"txt5.png","angle":348.75,"time":587,"id":"lyrics","type":"deco"},{"angleOffset":false,"angle":337.5,"time":603,"tag":"lyrics5","type":"tag"},{"sprite":"txt2.png","angle":348.75,"time":603,"id":"lyrics","type":"deco"},{"angleOffset":false,"angle":337.5,"time":619.75,"tag":"lyrics5","type":"tag"},{"sprite":"txt3.png","angle":348.75,"time":619.75,"id":"lyrics","type":"deco"},{"angleOffset":false,"angle":337.5,"time":640,"tag":"lyrics1","type":"tag"},{"sprite":"txt2.png","angle":348.75,"time":640,"id":"lyrics","type":"deco"},{"angleOffset":false,"angle":337.5,"time":653.25,"type":"tag","tag":"lyrics5"},{"sprite":"txt21.png","angle":348.75,"time":653.25,"id":"lyrics","type":"deco"},{"angle":0,"time":653.25,"type":"showResults"},{"y":400,"time":653.25,"type":"deco","order":2,"ease":"inBack","angle":326.25,"duration":3,"id":"lyrics"},{"angleOffset":false,"angle":22.5,"time":448,"tag":"pulse1","type":"tag"},{"angleOffset":false,"angle":22.5,"time":464,"tag":"pulse1","type":"tag"},{"angleOffset":false,"angle":22.5,"time":512,"tag":"pulse1","type":"tag"},{"angleOffset":false,"angle":22.5,"time":522,"tag":"pulse1","type":"tag"},{"angle":22.5,"type":"ease","value":0.99000000953674,"ease":"outSine","time":539,"duration":4,"var":"vfx.canvPos.sx"},{"angle":33.75,"type":"ease","value":0.99000000953674,"ease":"outSine","time":539,"duration":4,"var":"vfx.canvPos.sy"},{"angleOffset":false,"angle":0,"time":544,"tag":"flash2","type":"tag"},{"angleOffset":false,"angle":0,"time":560,"tag":"flash3","type":"tag"},{"angleOffset":false,"angle":0,"time":564,"tag":"flash3","type":"tag"},{"angleOffset":false,"angle":0,"time":568,"tag":"flash3","type":"tag"},{"angleOffset":false,"angle":0,"time":572,"tag":"flash1","type":"tag"},{"angleOffset":false,"angle":0,"time":574,"tag":"flash1","type":"tag"},{"angleOffset":false,"angle":0,"time":573,"tag":"flash1","type":"tag"},{"angleOffset":false,"angle":0,"time":574.5,"tag":"flash1","type":"tag"},{"angleOffset":false,"angle":0,"time":575,"tag":"flash1","type":"tag"},{"angleOffset":false,"angle":0,"time":575.5,"tag":"flash1","type":"tag"},{"time":576,"type":"ease","var":"vfx.canvPos.kx","value":0,"angle":0,"start":0.049999997019768,"duration":1,"ease":"outSine"},{"time":577,"type":"ease","var":"vfx.canvPos.kx","value":0,"ease":"outSine","start":-0.049999997019768,"duration":1,"angle":0},{"time":578,"type":"ease","var":"vfx.canvPos.kx","value":0,"ease":"outSine","start":0.049999997019768,"duration":1,"angle":0},{"time":579,"type":"ease","var":"vfx.canvPos.kx","value":0,"angle":0,"start":-0.049999997019768,"duration":1,"ease":"outSine"},{"time":580,"type":"ease","var":"vfx.canvPos.kx","value":0,"ease":"outSine","start":0.049999997019768,"duration":1,"angle":0},{"time":581,"type":"ease","var":"vfx.canvPos.kx","value":0,"angle":0,"start":-0.049999997019768,"duration":1,"ease":"outSine"},{"time":580.5,"type":"ease","var":"vfx.canvPos.ky","value":0,"ease":"outSine","start":0.049999997019768,"duration":1,"angle":22.5},{"time":581.5,"type":"ease","var":"vfx.canvPos.ky","value":0,"angle":22.5,"start":-0.049999997019768,"duration":1,"ease":"outSine"},{"time":582,"type":"ease","var":"vfx.canvPos.kx","value":0,"angle":0,"start":0.049999997019768,"duration":1,"ease":"outSine"},{"time":583,"type":"ease","var":"vfx.canvPos.kx","value":0,"ease":"outSine","start":-0.049999997019768,"duration":1,"angle":0},{"time":582.5,"type":"ease","var":"vfx.canvPos.ky","value":0,"angle":22.5,"start":0.049999997019768,"duration":1,"ease":"outSine"},{"time":583.5,"type":"ease","var":"vfx.canvPos.ky","value":0,"ease":"outSine","start":-0.049999997019768,"duration":1,"angle":22.5},{"time":584,"type":"ease","var":"vfx.canvPos.ky","value":0,"angle":22.5,"start":0.049999997019768,"duration":1,"ease":"outSine"},{"time":585,"type":"ease","var":"vfx.canvPos.ky","value":0,"ease":"outSine","start":-0.050000000745058,"duration":1,"angle":22.5},{"time":586,"type":"ease","var":"vfx.canvPos.ky","value":0,"ease":"outSine","start":0.049999997019768,"duration":1,"angle":22.5},{"time":587,"type":"ease","var":"vfx.canvPos.ky","value":0,"angle":22.5,"start":-0.050000000745058,"duration":1,"ease":"outSine"},{"time":588,"type":"ease","var":"vfx.canvPos.ky","value":0,"ease":"outSine","start":0.049999997019768,"duration":1,"angle":22.5},{"time":589,"type":"ease","var":"vfx.canvPos.ky","value":0,"angle":22.5,"start":-0.050000000745058,"duration":1,"ease":"outSine"},{"time":590,"type":"ease","var":"vfx.canvPos.ky","value":0,"ease":"outSine","start":0.049999997019768,"duration":1,"angle":22.5},{"time":591,"type":"ease","var":"vfx.canvPos.ky","value":0,"angle":22.5,"start":-0.050000000745058,"duration":1,"ease":"outSine"},{"time":592,"type":"ease","var":"vfx.canvPos.kx","value":0,"ease":"outSine","start":0.049999997019768,"duration":1,"angle":0},{"time":593,"type":"ease","var":"vfx.canvPos.kx","value":0,"angle":0,"start":-0.049999997019768,"duration":1,"ease":"outSine"},{"time":594,"type":"ease","var":"vfx.canvPos.kx","value":0,"ease":"outSine","start":0.049999997019768,"duration":1,"angle":360},{"time":595,"type":"ease","var":"vfx.canvPos.kx","value":0,"angle":0,"start":-0.049999997019768,"duration":1,"ease":"outSine"},{"time":596,"type":"ease","var":"vfx.canvPos.kx","value":0,"ease":"outSine","start":0.049999997019768,"duration":1,"angle":0},{"time":597,"type":"ease","var":"vfx.canvPos.kx","value":0,"angle":0,"start":-0.049999997019768,"duration":1,"ease":"outSine"},{"time":598,"type":"ease","var":"vfx.canvPos.kx","value":0,"ease":"outSine","start":0.049999997019768,"duration":1,"angle":0},{"time":599,"type":"ease","var":"vfx.canvPos.kx","value":0,"angle":0,"start":-0.049999997019768,"duration":1,"ease":"outSine"},{"time":596,"type":"ease","var":"vfx.canvPos.ky","value":0,"angle":22.5,"start":0.049999997019768,"duration":1,"ease":"outSine"},{"time":599,"type":"ease","var":"vfx.canvPos.ky","value":0,"ease":"outSine","start":-0.050000000745058,"duration":1,"angle":22.5},{"time":598,"type":"ease","var":"vfx.canvPos.ky","value":0,"angle":22.5,"start":0.049999997019768,"duration":1,"ease":"outSine"},{"time":597,"type":"ease","var":"vfx.canvPos.ky","value":0,"ease":"outSine","start":-0.050000000745058,"duration":1,"angle":22.5},{"time":600,"type":"ease","var":"vfx.canvPos.kx","value":0,"angle":0,"start":0.049999997019768,"duration":1,"ease":"outSine"},{"time":601,"type":"ease","var":"vfx.canvPos.kx","value":0,"ease":"outSine","start":-0.049999997019768,"duration":1,"angle":0},{"time":601,"type":"ease","var":"vfx.canvPos.ky","value":0,"ease":"outSine","start":0.049999997019768,"duration":1,"angle":22.5},{"time":600,"type":"ease","var":"vfx.canvPos.ky","value":0,"angle":22.5,"start":-0.050000000745058,"duration":1,"ease":"outSine"},{"time":602,"type":"ease","var":"vfx.canvPos.kx","value":0,"ease":"outSine","start":0.049999997019768,"duration":1,"angle":0},{"time":603,"type":"ease","var":"vfx.canvPos.kx","value":0,"angle":0,"start":-0.049999997019768,"duration":1,"ease":"outSine"},{"time":603,"type":"ease","var":"vfx.canvPos.ky","value":0,"angle":22.5,"start":0.049999997019768,"duration":1,"ease":"outSine"},{"time":602,"type":"ease","var":"vfx.canvPos.ky","value":0,"ease":"outSine","start":-0.050000000745058,"duration":1,"angle":22.5},{"time":604,"type":"ease","var":"vfx.canvPos.kx","value":0,"ease":"outSine","start":0.049999997019768,"duration":1,"angle":0},{"time":605,"type":"ease","var":"vfx.canvPos.kx","value":0,"angle":0,"start":-0.049999997019768,"duration":1,"ease":"outSine"},{"time":604,"type":"ease","var":"vfx.canvPos.sx","value":1,"ease":"outSine","start":1.1000000238419,"duration":1,"angle":348.75},{"time":604,"type":"ease","var":"vfx.canvPos.sy","value":1,"angle":337.5,"start":1.1000000238419,"duration":1,"ease":"outSine"},{"time":605,"type":"ease","var":"vfx.canvPos.sx","value":1,"angle":348.75,"start":1.1000000238419,"duration":1,"ease":"outSine"},{"time":605,"type":"ease","var":"vfx.canvPos.sy","value":1,"ease":"outSine","start":1.1000000238419,"duration":1,"angle":337.5},{"time":606,"type":"ease","var":"vfx.canvPos.ky","value":0,"angle":0,"start":0.049999997019768,"duration":1,"ease":"outSine"},{"time":607,"type":"ease","var":"vfx.canvPos.ky","value":0,"ease":"outSine","start":-0.049999997019768,"duration":1,"angle":0},{"time":606,"type":"ease","var":"vfx.canvPos.sx","value":1,"angle":348.75,"start":1.1000000238419,"duration":1,"ease":"outSine"},{"time":606,"type":"ease","var":"vfx.canvPos.sy","value":1,"ease":"outSine","start":1.1000000238419,"duration":1,"angle":337.5},{"time":607,"type":"ease","var":"vfx.canvPos.sx","value":1,"ease":"outSine","start":1.1000000238419,"duration":1,"angle":348.75},{"time":607,"type":"ease","var":"vfx.canvPos.sy","value":1,"angle":337.5,"start":1.1000000238419,"duration":1,"ease":"outSine"},{"time":608,"type":"ease","var":"vfx.canvPos.kx","value":0,"ease":"outSine","start":0.049999997019768,"duration":1,"angle":0},{"time":609,"type":"ease","var":"vfx.canvPos.kx","value":0,"angle":0,"start":-0.049999997019768,"duration":1,"ease":"outSine"},{"time":610,"type":"ease","var":"vfx.canvPos.kx","value":0,"angle":0,"start":0.049999997019768,"duration":1,"ease":"outSine"},{"time":611,"type":"ease","var":"vfx.canvPos.kx","value":0,"ease":"outSine","start":-0.049999997019768,"duration":1,"angle":0},{"time":612,"type":"ease","var":"vfx.canvPos.kx","value":0,"angle":0,"start":0.049999997019768,"duration":1,"ease":"outSine"},{"time":613,"type":"ease","var":"vfx.canvPos.kx","value":0,"ease":"outSine","start":-0.049999997019768,"duration":1,"angle":0},{"time":612.5,"type":"ease","var":"vfx.canvPos.ky","value":0,"angle":22.5,"start":0.049999997019768,"duration":1,"ease":"outSine"},{"time":613.5,"type":"ease","var":"vfx.canvPos.ky","value":0,"ease":"outSine","start":-0.049999997019768,"duration":1,"angle":22.5},{"time":614,"type":"ease","var":"vfx.canvPos.kx","value":0,"ease":"outSine","start":0.049999997019768,"duration":1,"angle":0},{"time":615,"type":"ease","var":"vfx.canvPos.kx","value":0,"angle":0,"start":-0.049999997019768,"duration":1,"ease":"outSine"},{"time":614.5,"type":"ease","var":"vfx.canvPos.ky","value":0,"ease":"outSine","start":0.049999997019768,"duration":1,"angle":22.5},{"time":615.5,"type":"ease","var":"vfx.canvPos.ky","value":0,"angle":22.5,"start":-0.049999997019768,"duration":1,"ease":"outSine"},{"time":616,"type":"ease","var":"vfx.canvPos.ky","value":0,"ease":"outSine","start":0.049999997019768,"duration":1,"angle":22.5},{"time":617,"type":"ease","var":"vfx.canvPos.ky","value":0,"angle":22.5,"start":-0.050000000745058,"duration":1,"ease":"outSine"},{"time":618,"type":"ease","var":"vfx.canvPos.ky","value":0,"angle":22.5,"start":0.049999997019768,"duration":1,"ease":"outSine"},{"time":619,"type":"ease","var":"vfx.canvPos.ky","value":0,"ease":"outSine","start":-0.050000000745058,"duration":1,"angle":22.5},{"time":620,"type":"ease","var":"vfx.canvPos.ky","value":0,"angle":22.5,"start":0.049999997019768,"duration":1,"ease":"outSine"},{"time":621,"type":"ease","var":"vfx.canvPos.ky","value":0,"ease":"outSine","start":-0.050000000745058,"duration":1,"angle":22.5},{"time":622,"type":"ease","var":"vfx.canvPos.ky","value":0,"angle":22.5,"start":0.049999997019768,"duration":1,"ease":"outSine"},{"time":623,"type":"ease","var":"vfx.canvPos.ky","value":0,"ease":"outSine","start":-0.050000000745058,"duration":1,"angle":22.5},{"time":624,"type":"ease","var":"vfx.canvPos.kx","value":0,"angle":360,"start":0.049999997019768,"duration":1,"ease":"outSine"},{"time":625,"type":"ease","var":"vfx.canvPos.kx","value":0,"ease":"outSine","start":-0.049999997019768,"duration":1,"angle":0},{"time":626,"type":"ease","var":"vfx.canvPos.kx","value":0,"angle":360,"start":0.049999997019768,"duration":1,"ease":"outSine"},{"time":627,"type":"ease","var":"vfx.canvPos.kx","value":0,"ease":"outSine","start":-0.049999997019768,"duration":1,"angle":0},{"time":628,"type":"ease","var":"vfx.canvPos.kx","value":0,"angle":0,"start":0.049999997019768,"duration":1,"ease":"outSine"},{"time":629,"type":"ease","var":"vfx.canvPos.kx","value":0,"ease":"outSine","start":-0.049999997019768,"duration":1,"angle":0},{"time":630,"type":"ease","var":"vfx.canvPos.kx","value":0,"angle":0,"start":0.049999997019768,"duration":1,"ease":"outSine"},{"time":631,"type":"ease","var":"vfx.canvPos.kx","value":0,"ease":"outSine","start":-0.049999997019768,"duration":1,"angle":0},{"time":628,"type":"ease","var":"vfx.canvPos.ky","value":0,"ease":"outSine","start":0.049999997019768,"duration":1,"angle":22.5},{"time":631,"type":"ease","var":"vfx.canvPos.ky","value":0,"angle":22.5,"start":-0.050000000745058,"duration":1,"ease":"outSine"},{"time":630,"type":"ease","var":"vfx.canvPos.ky","value":0,"ease":"outSine","start":0.049999997019768,"duration":1,"angle":22.5},{"time":629,"type":"ease","var":"vfx.canvPos.ky","value":0,"angle":22.5,"start":-0.050000000745058,"duration":1,"ease":"outSine"},{"time":632,"type":"ease","var":"vfx.canvPos.kx","value":0,"ease":"outSine","start":0.049999997019768,"duration":1,"angle":0},{"time":633,"type":"ease","var":"vfx.canvPos.kx","value":0,"angle":0,"start":-0.049999997019768,"duration":1,"ease":"outSine"},{"time":633,"type":"ease","var":"vfx.canvPos.ky","value":0,"angle":22.5,"start":0.049999997019768,"duration":1,"ease":"outSine"},{"time":632,"type":"ease","var":"vfx.canvPos.ky","value":0,"ease":"outSine","start":-0.050000000745058,"duration":1,"angle":22.5},{"time":634,"type":"ease","var":"vfx.canvPos.kx","value":0,"angle":0,"start":0.049999997019768,"duration":1,"ease":"outSine"},{"time":635,"type":"ease","var":"vfx.canvPos.kx","value":0,"ease":"outSine","start":-0.049999997019768,"duration":1,"angle":0},{"time":635,"type":"ease","var":"vfx.canvPos.ky","value":0,"ease":"outSine","start":0.049999997019768,"duration":1,"angle":22.5},{"time":634,"type":"ease","var":"vfx.canvPos.ky","value":0,"angle":22.5,"start":-0.050000000745058,"duration":1,"ease":"outSine"},{"time":636,"type":"ease","var":"vfx.canvPos.kx","value":0,"angle":0,"start":0.049999997019768,"duration":1,"ease":"outSine"},{"time":637,"type":"ease","var":"vfx.canvPos.kx","value":0,"ease":"outSine","start":-0.049999997019768,"duration":1,"angle":0},{"time":636,"type":"ease","var":"vfx.canvPos.sx","value":1,"angle":348.75,"start":1.1000000238419,"duration":1,"ease":"outSine"},{"time":636,"type":"ease","var":"vfx.canvPos.sy","value":1,"ease":"outSine","start":1.1000000238419,"duration":1,"angle":337.5},{"time":637,"type":"ease","var":"vfx.canvPos.sx","value":1,"ease":"outSine","start":1.1000000238419,"duration":1,"angle":348.75},{"time":637,"type":"ease","var":"vfx.canvPos.sy","value":1,"angle":337.5,"start":1.1000000238419,"duration":1,"ease":"outSine"},{"time":638,"type":"ease","var":"vfx.canvPos.ky","value":0,"ease":"outSine","start":0.049999997019768,"duration":1,"angle":0},{"time":639,"type":"ease","var":"vfx.canvPos.ky","value":0,"angle":0,"start":-0.049999997019768,"duration":1,"ease":"outSine"},{"time":638,"type":"ease","var":"vfx.canvPos.sx","value":1,"ease":"outSine","start":1.1000000238419,"duration":1,"angle":348.75},{"time":638,"type":"ease","var":"vfx.canvPos.sy","value":1,"angle":337.5,"start":1.1000000238419,"duration":1,"ease":"outSine"},{"time":639,"type":"ease","var":"vfx.canvPos.sx","value":1,"angle":348.75,"start":1.1000000238419,"duration":1,"ease":"outSine"},{"time":639,"type":"ease","var":"vfx.canvPos.sy","value":1,"ease":"outSine","start":1.1000000238419,"duration":1,"angle":337.5},{"angleOffset":false,"angle":303.75,"time":616,"tag":"pulse1","type":"tag"},{"time":640,"type":"ease","var":"vfx.canvPos.sx","value":1,"ease":"outSine","start":1.1000000238419,"duration":8,"angle":315},{"time":640,"type":"ease","var":"vfx.canvPos.sy","value":1,"angle":326.25,"start":1.1000000238419,"duration":8,"ease":"outSine"},{"repeats":6,"time":648,"repeatDelay":0.75,"type":"ease","duration":1,"value":1,"ease":"outSine","var":"vfx.canvPos.sx","start":1.0400000810623,"angle":348.75},{"start":1.0400000810623,"repeats":6,"repeatDelay":0.75,"var":"vfx.canvPos.sy","time":648,"value":1,"angle":337.5,"type":"ease","duration":1,"ease":"outSine"},{"time":653,"ease":"inSine","var":"vfx.canvPos.sx","order":1,"value":1.2000000476837,"angle":22.5,"type":"ease","duration":4,"start":1.039999961853},{"time":653,"angle":11.25,"var":"vfx.canvPos.sy","order":1,"value":1.2000000476837,"ease":"inSine","type":"ease","duration":4,"start":1.039999961853},{"repeats":3,"time":353,"repeatDelay":8,"type":"ease","duration":1,"value":0,"ease":"outSine","var":"vfx.canvPos.kx","start":0.050000000745058,"angle":0},{"repeats":3,"time":353.5,"repeatDelay":8,"type":"ease","duration":1,"value":0,"ease":"outSine","var":"vfx.canvPos.kx","start":-0.049999997019768,"angle":360},{"repeats":3,"time":354.5,"repeatDelay":8,"type":"ease","duration":1,"value":0,"ease":"outSine","var":"vfx.canvPos.kx","start":0.050000000745058,"angle":360},{"repeats":3,"time":355,"repeatDelay":8,"type":"ease","duration":1,"value":0,"ease":"outSine","var":"vfx.canvPos.kx","start":-0.049999997019768,"angle":360},{"repeats":3,"time":356,"repeatDelay":8,"type":"ease","duration":1,"value":0,"ease":"outSine","var":"vfx.canvPos.ky","start":-0.049999997019768,"angle":0},{"repeats":3,"time":357,"repeatDelay":8,"type":"ease","duration":1,"value":0,"ease":"outSine","var":"vfx.canvPos.ky","start":0.050000000745058,"angle":0},{"repeats":3,"time":357.5,"repeatDelay":8,"type":"ease","duration":1,"value":0,"ease":"outSine","var":"vfx.canvPos.ky","start":-0.049999997019768,"angle":360},{"repeats":3,"time":358.5,"repeatDelay":8,"type":"ease","duration":1,"value":0,"ease":"outSine","var":"vfx.canvPos.ky","start":0.050000000745058,"angle":360},{"repeats":3,"time":359,"repeatDelay":8,"type":"ease","duration":1,"value":0,"ease":"outSine","var":"vfx.canvPos.ky","start":-0.049999997019768,"angle":360},{"id":"star","r":-360,"angle":371.25,"ease":"outSine","time":544,"duration":16,"type":"deco"},{"id":"star","r":0,"ease":"outSine","angle":371.25,"time":560,"duration":3.5,"type":"deco"},{"id":"star","r":360,"angle":371.25,"ease":"outSine","time":564,"duration":3.5,"type":"deco"},{"id":"star","r":0,"angle":371.25,"ease":"outSine","time":568,"duration":3.5,"type":"deco"},{"id":"star","r":180,"angle":371.25,"ease":"outSine","time":572,"duration":2,"type":"deco"},{"id":"star","r":-8640,"angle":11.25,"ease":"linear","time":576,"duration":64,"type":"deco"},{"id":"star","r":0,"angle":11.25,"ease":"inSine","time":574,"duration":2,"type":"deco"},{"value":45,"angle":135,"time":128,"type":"ease","var":"vfx.angleTwist.offset"},{"value":45,"angle":-135,"time":144,"type":"ease","var":"vfx.angleTwist.offset"},{"value":45,"angle":-135,"time":160,"type":"ease","var":"vfx.angleTwist.offset"},{"value":45,"angle":45,"time":176,"type":"ease","var":"vfx.angleTwist.offset"},{"time":192,"type":"ease","var":"scrollSpeed","value":2,"angle":0,"start":0.25000023841858,"duration":2,"ease":"inSine"},{"time":194,"type":"ease","var":"scrollSpeed","value":2,"ease":"inSine","start":0.25000023841858,"duration":2,"angle":-90},{"time":196,"type":"ease","var":"scrollSpeed","value":2,"ease":"inSine","start":0.25000023841858,"duration":2,"angle":-180},{"time":198,"type":"ease","var":"scrollSpeed","value":2,"ease":"inSine","start":0.25000023841858,"duration":2,"angle":90},{"ease":"outSine","type":"ease","value":0,"angle":315,"time":191,"duration":1,"var":"vfx.angleTwist.offset"},{"time":200,"type":"ease","var":"scrollSpeed","value":2,"ease":"inSine","start":0.25000023841858,"duration":2,"angle":45},{"time":201.5,"type":"ease","var":"scrollSpeed","value":2,"ease":"inSine","start":0.25000023841858,"duration":2,"angle":90},{"time":203,"type":"ease","var":"scrollSpeed","value":2,"ease":"inSine","start":0.25000023841858,"duration":2,"angle":135},{"time":204,"type":"ease","var":"scrollSpeed","value":2,"ease":"inSine","start":0.25000023841858,"duration":2,"angle":-180},{"time":205.5,"type":"ease","var":"scrollSpeed","value":2,"ease":"inSine","start":0.25000023841858,"duration":2,"angle":-135},{"time":207,"type":"ease","var":"scrollSpeed","value":2,"ease":"inSine","start":0.25000023841858,"duration":2,"angle":-90},{"time":208,"type":"ease","var":"scrollSpeed","value":2,"ease":"inSine","start":0.25000023841858,"duration":2,"angle":0},{"time":210,"type":"ease","var":"scrollSpeed","value":2,"angle":90,"start":0.25000023841858,"duration":2,"ease":"inSine"},{"time":212,"type":"ease","var":"scrollSpeed","value":2,"angle":180,"start":0.25000023841858,"duration":2,"ease":"inSine"},{"time":214,"type":"ease","var":"scrollSpeed","value":2,"angle":-90,"start":0.25000023841858,"duration":2,"ease":"inSine"},{"time":216,"type":"ease","var":"scrollSpeed","value":2,"angle":-45,"start":0.25000023841858,"duration":2,"ease":"inSine"},{"time":217.5,"type":"ease","var":"scrollSpeed","value":2,"angle":-90,"start":0.25000023841858,"duration":2,"ease":"inSine"},{"time":219,"type":"ease","var":"scrollSpeed","value":2,"angle":-135,"start":0.25000023841858,"duration":2,"ease":"inSine"},{"time":220,"type":"ease","var":"scrollSpeed","value":2,"angle":180,"start":0.25000023841858,"duration":2,"ease":"inSine"},{"time":221.5,"type":"ease","var":"scrollSpeed","value":2,"angle":135,"start":1,"duration":2,"ease":"inSine"},{"ease":"inSine","type":"ease","value":1,"angle":90,"time":222,"duration":2,"var":"scrollSpeed"},{"angle":360,"chance":0.5,"time":350,"color":4,"type":"noise"},{"id":"star","r":2160,"angle":45,"ease":"outSine","time":352,"duration":16,"type":"deco"},{"order":-1,"type":"deco","angle":30,"time":560,"id":"star","r":360},{"time":590.25,"type":"ease","var":"vfx.canvPos.sx","value":1.2000000476837,"angle":315,"duration":0.75,"start":1,"ease":"inSine"},{"time":590.25,"type":"ease","var":"vfx.canvPos.sy","value":1.2000000476837,"ease":"inSine","start":1,"duration":0.75,"angle":330},{"time":591,"type":"ease","var":"vfx.canvPos.sx","value":1,"ease":"outSine","start":1.2000000476837,"duration":0.75,"angle":315},{"time":591,"type":"ease","var":"vfx.canvPos.sy","value":1,"angle":330,"duration":0.75,"start":1.2000000476837,"ease":"outSine"},{"time":606.25,"type":"ease","var":"vfx.canvPos.sx","value":1.2000000476837,"ease":"inSine","start":1,"duration":0.75,"angle":315},{"time":606.25,"type":"ease","var":"vfx.canvPos.sy","value":1.2000000476837,"angle":330,"duration":0.75,"start":1,"ease":"inSine"},{"time":607,"type":"ease","var":"vfx.canvPos.sx","value":1,"angle":315,"duration":0.75,"start":1.2000000476837,"ease":"outSine"},{"time":607,"type":"ease","var":"vfx.canvPos.sy","value":1,"ease":"outSine","start":1.2000000476837,"duration":0.75,"angle":330},{"time":622.25,"type":"ease","var":"vfx.canvPos.sx","value":1.2000000476837,"ease":"inSine","start":1,"duration":0.75,"angle":315},{"time":622.25,"type":"ease","var":"vfx.canvPos.sy","value":1.2000000476837,"angle":330,"duration":0.75,"start":1,"ease":"inSine"},{"time":623,"type":"ease","var":"vfx.canvPos.sx","value":1,"angle":315,"duration":0.75,"start":1.2000000476837,"ease":"outSine"},{"time":623,"type":"ease","var":"vfx.canvPos.sy","value":1,"ease":"outSine","start":1.2000000476837,"duration":0.75,"angle":330},{"ease":"linear","type":"ease","value":1.5,"angle":315,"time":288,"duration":16,"var":"scrollSpeed"},{"time":349.5,"type":"ease","var":"scrollSpeed","value":1,"angle":180,"duration":8,"start":4,"ease":"outSine"},{"ease":"inSine","paddle":1,"newWidth":360,"angle":202.5,"time":400,"duration":16,"type":"paddles"},{"ease":"inSine","type":"ease","value":4,"angle":157.5,"time":400,"duration":8,"var":"scrollSpeed"},{"ease":"inOutQuad","paddle":1,"newWidth":70,"angle":67.5,"time":443,"duration":8,"type":"paddles"},{"angle":45,"type":"ease","value":1,"ease":"outSine","time":443,"duration":4,"var":"scrollSpeed"},{"ease":"outSine","paddle":1,"newWidth":15,"angle":45,"time":512,"duration":4,"type":"paddles"},{"ease":"inSine","type":"ease","value":2.5,"angle":0,"time":512,"duration":24,"var":"scrollSpeed"},{"ease":"inSine","type":"ease","value":5,"angle":0,"time":541,"duration":2,"var":"scrollSpeed"},{"ease":"inSine","type":"ease","value":1,"angle":22.5,"time":543.25,"duration":1,"var":"scrollSpeed"},{"ease":"linear","paddle":1,"newWidth":50,"angle":337.5,"time":564,"duration":0,"type":"paddles"},{"ease":"linear","paddle":1,"newWidth":70,"angle":337.5,"time":568,"duration":0,"type":"paddles"},{"ease":"linear","paddle":1,"newWidth":35,"angle":337.5,"time":560,"duration":0,"type":"paddles"},{"angle":180,"type":"ease","value":2,"ease":"inOutSine","time":592,"duration":4,"var":"scrollSpeed"},{"time":624,"type":"ease","var":"scrollSpeed","value":3,"angle":11.25,"start":1,"duration":1,"ease":"inSine"},{"time":626,"type":"ease","var":"scrollSpeed","value":3,"ease":"inSine","start":1,"duration":1,"angle":-78.75},{"time":626,"type":"ease","var":"scrollSpeed","value":3,"ease":"inSine","start":1,"duration":1,"angle":101.25},{"time":628,"type":"ease","var":"scrollSpeed","value":3,"ease":"inSine","start":1,"duration":1,"angle":-33.75},{"time":627.75,"type":"ease","var":"scrollSpeed","value":3,"ease":"inSine","start":1,"duration":1,"angle":146.25},{"time":630,"type":"ease","var":"scrollSpeed","value":3,"ease":"inSine","start":1,"duration":1,"angle":-78.75},{"time":630,"type":"ease","var":"scrollSpeed","value":3,"ease":"inSine","start":1,"duration":1,"angle":101.25},{"angle":270,"type":"ease","value":1,"ease":"outSine","time":640,"duration":4,"var":"scrollSpeed"},{"angleOffset":false,"angle":337.5,"time":491.25,"tag":"lyrics5","type":"tag"},{"sprite":"txt3.png","angle":348.75,"time":491.25,"id":"lyrics","type":"deco"}],"properties":{"offset":8,"startBeat":0,"formatversion":12,"speed":85},"metadata":{"bgData":{"redChannel":{"g":71,"b":83,"r":179},"blueChannel":{"g":47,"b":191,"r":56},"greenChannel":{"g":148,"b":100,"r":95},"yellowChannel":{"g":179,"b":97,"r":229},"magentaChannel":{"g":92,"b":215,"r":180},"cyanChannel":{"g":160,"b":220,"r":100},"image":"bg.png"},"songName":"Sigilvitae","bg":true,"artistLink":"https://turingsghost.bandcamp.com/track/sigilvitae","description":"oh it's soundefence 2-","artist":"turingsghost","charter":"Starcat_JP","difficulty":0}}