[{"time":0,"type":"block","angle":45},{"type":"hold","angle":22.5,"time":0.5,"duration":0.25,"angle2":11.25},{"time":1.5,"type":"block","angle":22.5},{"time":1,"type":"block","angle":348.75},{"time":2,"type":"block","angle":315},{"type":"hold","angle":270,"time":2.5,"duration":0.25,"angle2":281.25},{"time":3,"type":"block","angle":326.25},{"time":3.5,"type":"block","angle":360},{"type":"mineHold","angle":135,"angle2":360,"time":4,"speedMult":0.75000023841858,"duration":0},{"time":4,"type":"block","angle":56.25},{"type":"hold","angle":22.5,"time":4.5,"duration":0.25,"angle2":11.25},{"time":5,"type":"block","angle":315},{"time":5.5,"type":"block","angle":33.75},{"type":"mineHold","angle":225,"angle2":0,"time":2,"speedMult":0.75,"duration":0},{"type":"mineHold","angle":225,"angle2":0,"time":6,"speedMult":0.75,"duration":0},{"type":"hold","angle":270,"time":6,"duration":0.25,"angle2":315},{"type":"mineHold","angle":191.25,"time":7,"duration":0.5,"angle2":315},{"type":"hold","angle":67.5,"time":6.5,"duration":0.25,"angle2":33.75},{"type":"mineHold","angle":168.75,"time":7,"duration":0.5,"angle2":45},{"time":7,"type":"block","angle":0},{"time":7,"type":"mine","angle":180},{"type":"hold","angle":22.5,"time":8,"duration":0.25,"angle2":-11.25},{"time":8.5,"type":"block","angle":67.5},{"type":"mineHold","angle":270,"time":9,"duration":0,"angle2":450},{"type":"hold","angle":168.75,"time":9.25,"duration":0.25,"angle2":135},{"time":9.75,"type":"block","angle":270},{"time":10,"type":"block","angle":247.5},{"type":"hold","angle":270,"time":10.5,"duration":0.5,"angle2":360},{"time":10.25,"type":"block","angle":225},{"type":"mineHold","angle":360,"time":10,"duration":0,"angle2":540},{"type":"mineHold","angle":90,"time":11,"duration":0,"angle2":270},{"type":"mineHold","angle":180,"time":12,"duration":0,"angle2":360},{"type":"mineHold","angle":270,"time":13,"duration":0,"angle2":450},{"type":"hold","angle":33.75,"time":11.25,"duration":0.25,"angle2":90},{"type":"hold","angle":90,"time":11.5,"duration":0.25,"angle2":45},{"time":12,"type":"block","angle":101.25},{"time":12.25,"type":"block","angle":135},{"time":12.5,"type":"block","angle":168.75},{"type":"hold","angle":191.25,"time":12.75,"duration":0.25,"angle2":157.5},{"type":"mineHold","angle":360,"time":14,"duration":0,"angle2":540},{"type":"mineHold","angle":270,"time":15,"duration":0,"angle2":90},{"type":"hold","angle":180,"time":13.25,"duration":0.25,"angle2":202.5},{"time":13.75,"type":"block","angle":213.75},{"type":"hold","angle":247.5,"time":14,"duration":1,"angle2":360},{"type":"mineHold","angle":360,"time":16,"duration":0,"angle2":191.25},{"type":"mineHold","angle":326.25,"time":15.5,"duration":0,"angle2":393.75},{"type":"hold","angle":56.25,"time":15.25,"duration":0.25,"angle2":78.75},{"time":15.75,"type":"block","angle":112.5},{"type":"mineHold","angle":270,"time":17,"duration":0,"angle2":450},{"type":"mineHold","angle":360,"time":18,"duration":0,"angle2":540},{"time":16.25,"type":"block","angle":90},{"time":16.5,"type":"block","angle":112.5},{"type":"hold","angle":67.5,"time":16,"duration":0.75,"angle2":135},{"time":17,"type":"block","angle":213.75},{"time":17.25,"type":"block","angle":135},{"type":"hold","angle":213.75,"time":17.5,"duration":0.25,"angle2":258.75},{"type":"mineHold","angle":270,"time":19,"duration":0,"angle2":90},{"type":"mineHold","angle":180,"time":20,"duration":0,"angle2":360},{"time":18.25,"type":"block","angle":236.25},{"time":18,"type":"block","angle":281.25},{"time":18.5,"type":"block","angle":315},{"type":"hold","angle":360,"time":18.75,"duration":0.5,"angle2":382.5},{"time":19,"type":"block","angle":11.25},{"time":19.5,"type":"block","angle":90},{"time":19.75,"type":"block","angle":33.75},{"type":"hold","angle":67.5,"time":20,"duration":0.25,"angle2":90},{"type":"mineHold","angle":270,"time":21,"duration":0,"angle2":450},{"time":20.5,"type":"block","angle":180},{"time":20.75,"type":"block","angle":213.75},{"time":21,"type":"block","angle":146.25},{"type":"mineHold","angle":360,"time":22,"duration":0,"angle2":540},{"time":21.5,"type":"block","angle":191.25},{"type":"mineHold","angle":90,"time":23,"duration":0,"angle2":270},{"time":27.25,"type":"block","angle":45},{"time":27.5,"type":"block","angle":78.75},{"time":27.75,"type":"block","angle":112.5},{"type":"hold","angle":146.25,"time":28,"duration":0.5,"angle2":101.25},{"time":28.25,"type":"block","angle":123.75},{"time":28.75,"type":"block","angle":168.75},{"time":29,"type":"block","angle":202.5},{"type":"hold","angle":281.25,"time":29.25,"duration":0.5,"angle2":236.25},{"time":29.5,"type":"block","angle":258.75},{"type":"mineHold","angle":360,"time":28,"duration":0,"angle2":180},{"type":"mineHold","angle":270,"time":29,"duration":0,"angle2":450},{"type":"mineHold","angle":360,"time":30,"duration":0,"angle2":540},{"type":"hold","angle":292.5,"time":30,"duration":1,"angle2":360},{"type":"mineHold","angle":303.75,"time":31,"duration":0,"angle2":56.25},{"time":30.75,"type":"mine","angle":303.75},{"time":30.75,"type":"mine","angle":56.25},{"time":30.5,"type":"mine","angle":56.25},{"time":30.25,"type":"mine","angle":56.25},{"type":"mineHold","angle":0,"time":32,"duration":0,"angle2":-180},{"type":"hold","angle":45,"time":31.25,"segments":2,"angle2":22.5,"duration":0.5},{"time":31.5,"type":"block","angle":33.75},{"type":"mineHold","angle":270,"time":33,"duration":0,"angle2":450},{"time":32.75,"type":"block","angle":112.5},{"type":"hold","angle":67.5,"time":32,"duration":0.5,"angle2":135},{"type":"hold","angle":101.25,"time":32.25,"duration":0.25,"angle2":135},{"time":33,"type":"block","angle":202.5},{"time":33.25,"type":"block","angle":123.75},{"time":33.5,"type":"block","angle":213.75},{"type":"mineHold","angle":180,"time":34,"duration":0,"angle2":0},{"type":"hold","angle":315,"time":33.75,"duration":0.5,"angle2":270},{"time":34,"type":"block","angle":292.5},{"time":34.5,"type":"block","angle":247.5},{"time":34.75,"type":"block","angle":281.25},{"time":35,"type":"block","angle":315},{"type":"mineHold","angle":270,"time":35,"duration":0,"angle2":90},{"type":"hold","angle":45,"time":35.25,"duration":0.5,"angle2":22.5},{"time":35.5,"type":"block","angle":33.75},{"time":36,"type":"block","angle":78.75},{"type":"mineHold","angle":180,"time":36,"duration":0,"angle2":360},{"type":"mineHold","angle":270,"time":37,"duration":0,"angle2":450},{"type":"mineHold","angle":0,"time":38,"duration":0,"angle2":180},{"time":36.25,"type":"block","angle":135},{"type":"hold","angle":67.5,"time":36.5,"duration":0.5,"angle2":135},{"time":36.75,"type":"block","angle":101.25},{"time":37.25,"type":"block","angle":236.25},{"time":37.5,"type":"block","angle":146.25},{"time":37.75,"type":"block","angle":247.5},{"type":"hold","angle":292.5,"time":38,"duration":0.5,"angle2":360},{"type":"hold","angle":360,"time":38.5,"duration":0.5,"angle2":360},{"time":39.25,"type":"block","angle":337.5},{"time":39.5,"type":"block","angle":0},{"type":"hold","angle":33.75,"time":39.75,"duration":0.25,"angle2":0},{"time":40.25,"type":"block","angle":326.25},{"time":40.5,"type":"block","angle":22.5},{"time":41.25,"type":"block","angle":157.5},{"time":41.5,"type":"block","angle":135},{"type":"hold","angle":191.25,"time":41.75,"duration":0.25,"angle2":157.5},{"time":42.25,"type":"block","angle":213.75},{"type":"hold","angle":236.25,"time":42.5,"duration":0.5,"angle2":202.5},{"time":40.5,"type":"mine","angle":270},{"time":40.5,"type":"mine","angle":247.5},{"time":40.5,"type":"mine","angle":225},{"time":40.5,"type":"mine","angle":202.5},{"time":40.5,"type":"mine","angle":180},{"time":40.5,"type":"mine","angle":157.5},{"time":40.5,"type":"mine","angle":135},{"time":40.5,"type":"mine","angle":112.5},{"time":40.5,"type":"mine","angle":90},{"time":41,"type":"mine","angle":78.75},{"time":41,"type":"mine","angle":258.75},{"time":41,"type":"mine","angle":281.25},{"time":41,"type":"mine","angle":303.75},{"time":41,"type":"mine","angle":326.25},{"time":41,"type":"mine","angle":348.75},{"time":41,"type":"mine","angle":11.25},{"time":41,"type":"mine","angle":33.75},{"time":41,"type":"mine","angle":56.25},{"time":42,"type":"mine","angle":101.25},{"time":42,"type":"mine","angle":281.25},{"time":42,"type":"mine","angle":303.75},{"time":42,"type":"mine","angle":326.25},{"time":42,"type":"mine","angle":348.75},{"time":42,"type":"mine","angle":11.25},{"time":42,"type":"mine","angle":33.75},{"time":42,"type":"mine","angle":56.25},{"time":42,"type":"mine","angle":78.75},{"time":43,"type":"mine","angle":292.5},{"time":43,"type":"mine","angle":112.5},{"time":43,"type":"mine","angle":90},{"time":43,"type":"mine","angle":67.5},{"time":43,"type":"mine","angle":45},{"time":43,"type":"mine","angle":22.5},{"time":43,"type":"mine","angle":0},{"time":43,"type":"mine","angle":337.5},{"time":43,"type":"mine","angle":315},{"time":43.25,"type":"block","angle":236.25},{"time":43.5,"type":"block","angle":258.75},{"type":"hold","angle":292.5,"time":43.75,"duration":0.25,"angle2":258.75},{"time":44.25,"type":"block","angle":236.25},{"time":44.5,"type":"block","angle":270},{"time":44,"type":"mine","angle":348.75},{"time":44,"type":"mine","angle":168.75},{"time":44,"type":"mine","angle":146.25},{"time":44,"type":"mine","angle":123.75},{"time":44,"type":"mine","angle":101.25},{"time":44,"type":"mine","angle":78.75},{"time":44,"type":"mine","angle":56.25},{"time":44,"type":"mine","angle":33.75},{"time":44,"type":"mine","angle":11.25},{"time":44.75,"type":"block","angle":202.5},{"type":"hold","angle":213.75,"time":45,"duration":0.75,"angle2":281.25},{"time":45.25,"type":"block","angle":236.25},{"time":45.5,"type":"block","angle":258.75},{"duration":0.5,"angle":281.25,"holdEase":"outCirc","angle2":258.75,"time":45.75,"type":"hold"},{"type":"hold","angle":258.75,"time":46.25,"duration":0.75,"angle2":315},{"time":45,"type":"mine","angle":101.25},{"time":45,"type":"mine","angle":326.25},{"time":45,"type":"mine","angle":348.75},{"time":45,"type":"mine","angle":11.25},{"time":45,"type":"mine","angle":33.75},{"time":45,"type":"mine","angle":56.25},{"time":45,"type":"mine","angle":78.75},{"time":45,"type":"mine","angle":123.75},{"time":46,"type":"mine","angle":135},{"time":46,"type":"mine","angle":112.5},{"time":46,"type":"mine","angle":78.75},{"time":46,"type":"mine","angle":56.25},{"time":46,"type":"mine","angle":33.75},{"time":46,"type":"mine","angle":11.25},{"time":46,"type":"mine","angle":348.75},{"time":46,"type":"mine","angle":157.5},{"time":46,"type":"mine","angle":180},{"time":47,"type":"mine","angle":213.75},{"time":47,"type":"mine","angle":191.25},{"time":47,"type":"mine","angle":168.75},{"time":47,"type":"mine","angle":146.25},{"time":47,"type":"mine","angle":123.75},{"time":47,"type":"mine","angle":101.25},{"time":47,"type":"mine","angle":78.75},{"time":47,"type":"mine","angle":56.25},{"time":47,"type":"mine","angle":33.75},{"time":47.25,"type":"block","angle":281.25},{"time":47.5,"type":"block","angle":348.75},{"type":"hold","angle":78.75,"time":47.75,"duration":0.5,"angle2":45},{"time":48.5,"type":"block","angle":337.5},{"time":49.25,"type":"block","angle":236.25},{"time":49.5,"type":"block","angle":258.75},{"type":"hold","angle":315,"time":49.75,"duration":0.5,"angle2":281.25},{"time":50.5,"type":"block","angle":213.75},{"time":51.25,"type":"block","angle":78.75},{"type":"hold","angle":0,"time":51.5,"duration":0.5,"angle2":22.5},{"time":51.75,"type":"block","angle":11.25},{"time":52.25,"type":"block","angle":303.75},{"time":52.75,"type":"block","angle":78.75},{"time":53,"type":"block","angle":326.25},{"type":"hold","angle":270,"time":53.25,"duration":1,"angle2":315},{"time":53.5,"type":"block","angle":281.25},{"time":53.75,"type":"block","angle":292.5},{"time":54.5,"type":"block","angle":78.75},{"time":48,"type":"mine","angle":337.5},{"time":48,"type":"mine","angle":303.75},{"time":48,"type":"mine","angle":270},{"time":48,"type":"mine","angle":236.25},{"time":48,"type":"mine","angle":202.5},{"time":48,"type":"mine","angle":168.75},{"time":49,"type":"mine","angle":123.75},{"time":49,"type":"mine","angle":101.25},{"time":49,"type":"mine","angle":56.25},{"time":49,"type":"mine","angle":33.75},{"time":49,"type":"mine","angle":11.25},{"time":49,"type":"mine","angle":348.75},{"time":49,"type":"mine","angle":326.25},{"time":49,"type":"mine","angle":78.75},{"time":50,"type":"mine","angle":191.25},{"time":50,"type":"mine","angle":168.75},{"time":50,"type":"mine","angle":146.25},{"time":50,"type":"mine","angle":123.75},{"time":50,"type":"mine","angle":101.25},{"time":50,"type":"mine","angle":78.75},{"time":50,"type":"mine","angle":56.25},{"time":50,"type":"mine","angle":33.75},{"time":50,"type":"mine","angle":213.75},{"time":49,"type":"mine","angle":146.25},{"time":45,"type":"mine","angle":303.75},{"time":51,"type":"mine","angle":360},{"time":51,"type":"mine","angle":180},{"time":51,"type":"mine","angle":202.5},{"time":51,"type":"mine","angle":225},{"time":51,"type":"mine","angle":247.5},{"time":51,"type":"mine","angle":270},{"time":51,"type":"mine","angle":292.5},{"time":51,"type":"mine","angle":315},{"time":51,"type":"mine","angle":337.5},{"time":52,"type":"mine","angle":292.5},{"time":52,"type":"mine","angle":112.5},{"time":52,"type":"mine","angle":135},{"time":52,"type":"mine","angle":180},{"time":52,"type":"mine","angle":225},{"time":52,"type":"mine","angle":247.5},{"time":52,"type":"mine","angle":270},{"time":52,"type":"mine","angle":202.5},{"time":52,"type":"mine","angle":157.5},{"time":53,"type":"mine","angle":45},{"time":53,"type":"mine","angle":225},{"time":53,"type":"mine","angle":202.5},{"time":53,"type":"mine","angle":180},{"time":53,"type":"mine","angle":157.5},{"time":53,"type":"mine","angle":135},{"time":53,"type":"mine","angle":112.5},{"time":53,"type":"mine","angle":90},{"time":53,"type":"mine","angle":67.5},{"time":54,"type":"mine","angle":33.75},{"time":54,"type":"mine","angle":213.75},{"time":54,"type":"mine","angle":191.25},{"time":54,"type":"mine","angle":168.75},{"time":54,"type":"mine","angle":146.25},{"time":54,"type":"mine","angle":123.75},{"time":54,"type":"mine","angle":101.25},{"time":54,"type":"mine","angle":78.75},{"time":54,"type":"mine","angle":56.25},{"time":55,"type":"mine","angle":270},{"time":55,"type":"mine","angle":90},{"time":55,"type":"mine","angle":112.5},{"time":55,"type":"mine","angle":135},{"time":55,"type":"mine","angle":157.5},{"time":55,"type":"mine","angle":180},{"time":55,"type":"mine","angle":202.5},{"time":55,"type":"mine","angle":225},{"time":55,"type":"mine","angle":247.5},{"time":55.25,"type":"block","angle":315},{"time":55.5,"type":"block","angle":337.5},{"type":"hold","angle":360,"time":55.75,"duration":0.25,"angle2":371.25},{"time":56.25,"type":"block","angle":315},{"time":56.5,"type":"block","angle":11.25},{"time":57.25,"type":"block","angle":22.5},{"time":57.5,"type":"block","angle":360},{"type":"hold","angle":11.25,"time":57.75,"duration":0.5,"angle2":33.75},{"time":58.5,"type":"block","angle":303.75},{"time":56,"type":"mine","angle":281.25},{"time":56,"type":"mine","angle":101.25},{"time":56,"type":"mine","angle":123.75},{"time":56,"type":"mine","angle":146.25},{"time":56,"type":"mine","angle":168.75},{"time":56,"type":"mine","angle":191.25},{"time":56,"type":"mine","angle":213.75},{"time":56,"type":"mine","angle":236.25},{"time":56,"type":"mine","angle":258.75},{"time":57,"type":"mine","angle":292.5},{"time":57,"type":"mine","angle":112.5},{"time":57,"type":"mine","angle":135},{"time":57,"type":"mine","angle":157.5},{"time":57,"type":"mine","angle":180},{"time":57,"type":"mine","angle":202.5},{"time":57,"type":"mine","angle":225},{"time":57,"type":"mine","angle":247.5},{"time":57,"type":"mine","angle":270},{"time":59.25,"type":"block","angle":225},{"time":59.5,"type":"block","angle":247.5},{"type":"hold","angle":270,"time":59.75,"duration":0.5,"angle2":247.5},{"time":60.5,"type":"block","angle":225},{"time":60.75,"type":"block","angle":202.5},{"type":"hold","angle":180,"time":61,"duration":0.5,"angle2":247.5},{"type":"hold","angle":270,"time":61.75,"duration":0.5,"angle2":247.5},{"type":"hold","angle":247.5,"time":62.25,"duration":0.75,"angle2":270},{"time":63.25,"type":"block","angle":247.5},{"time":63.5,"type":"block","angle":292.5},{"type":"hold","angle":337.5,"time":63.75,"duration":0.5,"angle2":315},{"time":64.5,"type":"block","angle":11.25},{"time":65.25,"type":"block","angle":146.25},{"type":"hold","angle":123.75,"time":65.75,"duration":0.5,"angle2":101.25},{"time":66.5,"type":"block","angle":146.25},{"time":67.25,"type":"block","angle":225},{"time":67.5,"type":"block","angle":202.5},{"time":67.75,"type":"block","angle":180},{"time":68,"type":"block","angle":202.5},{"time":68.25,"type":"block","angle":225},{"time":68.5,"type":"block","angle":247.5},{"time":69,"type":"block","angle":348.75},{"time":69.25,"type":"block","angle":315},{"time":69.5,"type":"block","angle":281.25},{"type":"hold","angle":258.75,"time":69.75,"duration":1.25,"angle2":315},{"time":70.25,"type":"block","angle":281.25},{"time":70.5,"type":"block","angle":292.5},{"time":58,"type":"mine","angle":258.75},{"time":58,"type":"mine","angle":78.75},{"time":58,"type":"mine","angle":101.25},{"time":58,"type":"mine","angle":123.75},{"time":58,"type":"mine","angle":146.25},{"time":58,"type":"mine","angle":168.75},{"time":58,"type":"mine","angle":191.25},{"time":58,"type":"mine","angle":213.75},{"time":58,"type":"mine","angle":236.25},{"time":59,"type":"mine","angle":315},{"time":59,"type":"mine","angle":337.5},{"time":59,"type":"mine","angle":0},{"time":59,"type":"mine","angle":22.5},{"time":59,"type":"mine","angle":45},{"time":59,"type":"mine","angle":67.5},{"time":59,"type":"mine","angle":90},{"time":59,"type":"mine","angle":112.5},{"time":59,"type":"mine","angle":135},{"time":60,"type":"mine","angle":326.25},{"time":60,"type":"mine","angle":348.75},{"time":60,"type":"mine","angle":11.25},{"time":60,"type":"mine","angle":33.75},{"time":60,"type":"mine","angle":56.25},{"time":60,"type":"mine","angle":78.75},{"time":60,"type":"mine","angle":101.25},{"time":60,"type":"mine","angle":123.75},{"time":60,"type":"mine","angle":146.25},{"time":61,"type":"mine","angle":101.25},{"time":61,"type":"mine","angle":281.25},{"time":61,"type":"mine","angle":303.75},{"time":61,"type":"mine","angle":326.25},{"time":61,"type":"mine","angle":348.75},{"time":61,"type":"mine","angle":11.25},{"time":61,"type":"mine","angle":33.75},{"time":61,"type":"mine","angle":56.25},{"time":61,"type":"mine","angle":78.75},{"time":62,"type":"mine","angle":348.75},{"time":62,"type":"mine","angle":168.75},{"time":62,"type":"mine","angle":146.25},{"time":62,"type":"mine","angle":123.75},{"time":62,"type":"mine","angle":101.25},{"time":62,"type":"mine","angle":78.75},{"time":62,"type":"mine","angle":56.25},{"time":62,"type":"mine","angle":33.75},{"time":62,"type":"mine","angle":11.25},{"time":63,"type":"mine","angle":360},{"time":63,"type":"mine","angle":180},{"time":63,"type":"mine","angle":157.5},{"time":63,"type":"mine","angle":135},{"time":63,"type":"mine","angle":112.5},{"time":63,"type":"mine","angle":90},{"time":63,"type":"mine","angle":67.5},{"time":63,"type":"mine","angle":45},{"time":63,"type":"mine","angle":22.5},{"time":64,"type":"mine","angle":67.5},{"time":64,"type":"mine","angle":90},{"time":64,"type":"mine","angle":112.5},{"time":64,"type":"mine","angle":135},{"time":64,"type":"mine","angle":157.5},{"time":64,"type":"mine","angle":180},{"time":64,"type":"mine","angle":202.5},{"time":64,"type":"mine","angle":225},{"time":64,"type":"mine","angle":247.5},{"time":65,"type":"mine","angle":56.25},{"time":65,"type":"mine","angle":236.25},{"time":65,"type":"mine","angle":258.75},{"time":65,"type":"mine","angle":281.25},{"time":65,"type":"mine","angle":303.75},{"time":65,"type":"mine","angle":326.25},{"time":65,"type":"mine","angle":348.75},{"time":65,"type":"mine","angle":11.25},{"time":65,"type":"mine","angle":33.75},{"time":66,"type":"mine","angle":11.25},{"time":66,"type":"mine","angle":213.75},{"time":66,"type":"mine","angle":236.25},{"time":66,"type":"mine","angle":258.75},{"time":66,"type":"mine","angle":281.25},{"time":66,"type":"mine","angle":303.75},{"time":66,"type":"mine","angle":326.25},{"time":66,"type":"mine","angle":348.75},{"time":66,"type":"mine","angle":33.75},{"time":67,"type":"mine","angle":326.25},{"time":67,"type":"mine","angle":146.25},{"time":67,"type":"mine","angle":123.75},{"time":67,"type":"mine","angle":101.25},{"time":67,"type":"mine","angle":78.75},{"time":67,"type":"mine","angle":56.25},{"time":67,"type":"mine","angle":33.75},{"time":67,"type":"mine","angle":11.25},{"time":67,"type":"mine","angle":348.75},{"time":68,"type":"mine","angle":101.25},{"time":68,"type":"mine","angle":281.25},{"time":68,"type":"mine","angle":303.75},{"time":68,"type":"mine","angle":326.25},{"time":68,"type":"mine","angle":348.75},{"time":68,"type":"mine","angle":11.25},{"time":68,"type":"mine","angle":33.75},{"time":68,"type":"mine","angle":56.25},{"time":68,"type":"mine","angle":78.75},{"time":69,"type":"mine","angle":78.75},{"time":69,"type":"mine","angle":258.75},{"time":69,"type":"mine","angle":236.25},{"time":69,"type":"mine","angle":213.75},{"time":69,"type":"mine","angle":191.25},{"time":69,"type":"mine","angle":168.75},{"time":69,"type":"mine","angle":146.25},{"time":69,"type":"mine","angle":123.75},{"time":69,"type":"mine","angle":101.25},{"time":70,"type":"mine","angle":326.25},{"time":70,"type":"mine","angle":213.75},{"time":70,"type":"mine","angle":191.25},{"time":70,"type":"mine","angle":168.75},{"time":70,"type":"mine","angle":146.25},{"time":70,"type":"mine","angle":123.75},{"time":70,"type":"mine","angle":101.25},{"time":70,"type":"mine","angle":78.75},{"time":70,"type":"mine","angle":56.25},{"time":70,"type":"mine","angle":33.75},{"time":70,"type":"mine","angle":11.25},{"time":70,"type":"mine","angle":348.75},{"type":"hold","angle":326.25,"time":72,"duration":2,"angle2":371.25},{"type":"hold","angle":315,"time":74.5,"duration":0.5,"angle2":382.5},{"type":"hold","angle":22.5,"time":75,"duration":0.5,"angle2":11.25},{"time":76,"type":"block","angle":315},{"time":76.5,"type":"block","angle":348.75},{"time":77,"type":"block","angle":303.75},{"type":"hold","angle":303.75,"time":77.5,"duration":1.5,"angle2":382.5},{"time":77.75,"type":"block","angle":326.25},{"type":"hold","angle":33.75,"time":79.75,"duration":0.75,"angle2":0},{"time":80.25,"type":"block","angle":11.25},{"type":"hold","angle":281.25,"time":81.5,"duration":1,"angle2":371.25},{"time":81.75,"type":"block","angle":303.75},{"time":82.25,"type":"block","angle":348.75},{"time":83,"type":"block","angle":78.75},{"type":"hold","angle":56.25,"time":83.25,"duration":0.75,"angle2":33.75},{"type":"hold","angle":281.25,"time":84.5,"duration":1,"angle2":371.25},{"time":84.75,"type":"block","angle":303.75},{"time":85.25,"type":"block","angle":348.75},{"time":86,"type":"block","angle":78.75},{"time":86.25,"type":"block","angle":348.75},{"type":"hold","angle":281.25,"time":86.75,"duration":0.75,"angle2":337.5},{"time":87,"type":"block","angle":303.75},{"type":"hold","angle":67.5,"time":88,"duration":2,"angle2":-90},{"type":"hold","angle":270,"time":90,"duration":2,"angle2":438.75},{"type":"hold","angle":78.75,"time":92,"duration":1,"angle2":0},{"type":"hold","angle":303.75,"time":93.25,"duration":0.25,"angle2":326.25},{"type":"hold","angle":56.25,"time":93.75,"duration":0.75,"angle2":0},{"type":"hold","angle":0,"time":94.5,"duration":1,"angle2":33.75},{"type":"hold","angle":33.75,"time":95.5,"duration":0.5,"angle2":-33.75},{"type":"hold","angle":326.25,"time":96,"duration":1,"angle2":438.75},{"type":"hold","angle":78.75,"time":97,"duration":2.75,"angle2":-78.75},{"time":100,"type":"block","angle":326.25},{"time":100.5,"type":"block","angle":56.25},{"time":100.75,"type":"block","angle":360},{"time":101,"type":"block","angle":56.25},{"type":"hold","angle":326.25,"time":101.5,"duration":0.25,"angle2":315},{"time":101.25,"type":"block","angle":292.5},{"type":"hold","angle":315,"time":101.75,"duration":0.75,"angle2":348.75},{"time":103,"type":"block","angle":56.25},{"time":103.5,"type":"block","angle":315},{"time":104,"type":"block","angle":360},{"time":104.25,"type":"block","angle":0},{"time":104.5,"type":"block","angle":56.25},{"time":105.25,"type":"block","angle":258.75},{"time":105.5,"type":"block","angle":292.5},{"time":105.75,"type":"block","angle":326.25},{"time":106,"type":"block","angle":123.75},{"time":106.25,"type":"block","angle":101.25},{"type":"hold","angle":33.75,"time":106.5,"duration":0.25,"angle2":78.75},{"type":"hold","angle":348.75,"time":107.25,"duration":0.25,"angle2":303.75},{"time":107.75,"type":"block","angle":33.75},{"time":108,"type":"block","angle":337.5},{"type":"hold","angle":247.5,"time":108.25,"duration":0.5,"angle2":180},{"time":108.5,"type":"block","angle":213.75},{"time":109,"type":"block","angle":281.25},{"time":109.25,"type":"block","angle":315},{"type":"hold","angle":236.25,"time":109.5,"duration":0.5,"angle2":303.75},{"time":109.75,"type":"block","angle":270},{"duration":1,"angle":303.75,"holdEase":"inExpo","angle2":360,"time":110,"type":"hold"},{"time":111.25,"type":"block","angle":157.5},{"time":111.5,"type":"block","angle":123.75},{"time":111.75,"type":"block","angle":90},{"type":"hold","angle":33.75,"time":112,"duration":1,"angle2":-56.25},{"time":112.25,"type":"block","angle":11.25},{"time":112.75,"type":"block","angle":326.25},{"time":112.5,"type":"block","angle":348.75},{"time":113.25,"type":"block","angle":202.5},{"time":113.5,"type":"block","angle":270},{"time":113.75,"type":"block","angle":225},{"type":"hold","angle":146.25,"time":114,"duration":0,"angle2":180},{"type":"hold","angle":247.5,"time":114.25,"duration":0,"angle2":270},{"type":"hold","angle":315,"time":114.5,"duration":0,"angle2":337.5},{"type":"hold","angle":67.5,"time":114.75,"duration":0.75,"angle2":33.75},{"time":115,"type":"block","angle":56.25},{"time":115.25,"type":"block","angle":45},{"time":115.75,"type":"block","angle":67.5},{"time":116,"type":"block","angle":315},{"time":116.25,"type":"block","angle":281.25},{"type":"hold","angle":315,"time":116.5,"duration":0.5,"angle2":247.5},{"time":116.75,"type":"block","angle":281.25},{"time":117.25,"type":"block","angle":281.25},{"time":117.5,"type":"block","angle":315},{"time":117.75,"type":"block","angle":67.5},{"type":"hold","angle":33.75,"time":118,"duration":1,"angle2":0},{"type":"mineHold","angle":360,"time":105,"duration":0,"angle2":540},{"type":"mineHold","angle":78.75,"time":106,"duration":0,"angle2":-90},{"type":"mineHold","angle":168.75,"time":107,"duration":0,"angle2":360},{"type":"mineHold","angle":270,"time":108,"duration":0,"angle2":90},{"type":"mineHold","angle":0,"time":109,"duration":0,"angle2":180},{"duration":1,"angle":348.75,"holdEase":"inExpo","angle2":450,"time":110,"type":"mineHold"},{"duration":1,"angle":225,"holdEase":"inExpo","angle2":292.5,"time":110,"type":"mineHold"},{"type":"mineHold","angle":270,"time":112,"duration":0,"angle2":90},{"type":"mineHold","angle":0,"time":113,"duration":0,"angle2":180},{"type":"mineHold","angle":270,"time":114,"duration":0,"angle2":450},{"type":"mineHold","angle":0,"time":115,"duration":0,"angle2":-180},{"type":"mineHold","angle":270,"time":116,"duration":0,"angle2":90},{"type":"mineHold","angle":360,"time":117,"duration":0,"angle2":540},{"type":"mineHold","angle":315,"time":118,"duration":0,"angle2":112.5},{"type":"mineHold","angle":326.25,"time":118,"duration":1,"angle2":292.5},{"type":"mineHold","angle":101.25,"time":118,"duration":1,"angle2":67.5},{"time":119.5,"type":"block","angle":348.75},{"type":"mineHold","angle":292.5,"time":119,"duration":0.5,"angle2":315},{"type":"mineHold","angle":67.5,"time":119,"duration":0.5,"angle2":45},{"time":119.75,"type":"block","angle":11.25},{"type":"mineHold","angle":270,"time":120,"duration":0,"angle2":90},{"type":"hold","angle":337.5,"time":120,"duration":0.25,"angle2":292.5},{"type":"hold","angle":292.5,"time":120.25,"duration":0.25,"angle2":303.75},{"type":"hold","angle":303.75,"time":120.5,"duration":0.5,"angle2":236.25},{"type":"mineHold","angle":0,"time":121,"duration":0,"angle2":180},{"type":"mineHold","angle":270,"time":122,"duration":0,"angle2":450},{"time":121.25,"type":"block","angle":315},{"time":121.75,"type":"block","angle":247.5},{"time":121.5,"type":"block","angle":247.5},{"type":"hold","angle":135,"time":122,"duration":0.5,"angle2":225},{"time":122.25,"type":"block","angle":180},{"type":"mineHold","angle":360,"time":123,"duration":0,"angle2":180},{"time":123,"type":"inverse","angle":90},{"time":123,"type":"inverse","angle":78.75},{"time":123,"type":"inverse","angle":101.25},{"time":123.25,"type":"block","angle":45},{"time":123.5,"type":"block","angle":90},{"time":123.75,"type":"block","angle":135},{"type":"mineHold","angle":270,"time":124,"duration":0,"angle2":90},{"type":"mineHold","angle":0,"time":125,"duration":0,"angle2":180},{"type":"hold","angle":56.25,"time":124,"duration":1,"angle2":-78.75},{"time":124.25,"type":"block","angle":22.5},{"time":124.75,"type":"block","angle":315},{"time":124.5,"type":"block","angle":348.75},{"time":125.25,"type":"block","angle":236.25},{"type":"mineHold","angle":270,"time":126,"duration":0,"angle2":450},{"time":125.5,"type":"block","angle":135},{"time":125.75,"type":"block","angle":191.25},{"type":"mineHold","angle":0,"time":127,"duration":0,"angle2":-180},{"type":"mineHold","angle":303.75,"time":128,"duration":0,"angle2":56.25},{"type":"hold","angle":225,"time":126,"duration":1,"angle2":90},{"time":127.25,"type":"block","angle":123.75},{"time":127.5,"type":"block","angle":45},{"time":127.75,"type":"block","angle":0},{"type":"mineHold","angle":360,"time":128.25,"duration":0.75,"angle2":360},{"type":"mineHold","angle":315,"time":128.25,"duration":0.75,"angle2":315},{"type":"mineHold","angle":270,"time":128.25,"duration":0.75,"angle2":270},{"type":"mineHold","angle":225,"time":128.25,"duration":0.75,"angle2":225},{"type":"mineHold","angle":180,"time":128.25,"duration":0.75,"angle2":180},{"time":128.25,"type":"block","angle":45},{"time":128,"type":"block","angle":22.5},{"time":128.5,"type":"block","angle":135},{"time":128.75,"type":"block","angle":56.25},{"time":129,"type":"block","angle":135},{"time":129.25,"type":"block","angle":168.75},{"time":129.5,"type":"block","angle":213.75},{"time":129.75,"type":"block","angle":247.5},{"type":"mineHold","angle":360,"time":129,"duration":2,"angle2":360},{"type":"mineHold","angle":45,"time":129,"duration":2,"angle2":45},{"type":"mineHold","angle":90,"time":129,"duration":2,"angle2":90},{"type":"mineHold","angle":135,"time":130,"duration":1,"angle2":135},{"type":"mineHold","angle":180,"time":130,"duration":2.5,"angle2":180},{"time":130,"type":"block","angle":315},{"time":130.25,"type":"block","angle":225},{"time":130.5,"type":"block","angle":315},{"time":130.75,"type":"block","angle":236.25},{"time":131,"type":"block","angle":270},{"time":131.25,"type":"block","angle":315},{"time":131.5,"type":"block","angle":360},{"type":"mineHold","angle":225,"time":131,"duration":1.5,"angle2":225},{"type":"mineHold","angle":270,"time":131.25,"duration":1.25,"angle2":270},{"type":"mineHold","angle":315,"time":131.5,"duration":1,"angle2":315},{"type":"mineHold","angle":360,"time":131.75,"duration":0.75,"angle2":360},{"time":131.75,"type":"block","angle":45},{"time":132,"type":"block","angle":123.75},{"time":132.25,"type":"block","angle":45},{"time":132.5,"type":"block","angle":123.75},{"time":133,"type":"block","angle":191.25},{"time":132.75,"type":"block","angle":157.5},{"time":133.25,"type":"block","angle":225},{"time":133.5,"type":"block","angle":258.75},{"time":133.75,"type":"block","angle":225},{"type":"hold","angle":258.75,"time":134,"duration":1,"angle2":360},{"type":"mineHold","angle":0,"time":133,"duration":1.5,"angle2":0},{"type":"mineHold","angle":90,"time":133,"duration":1.5,"angle2":90},{"type":"mineHold","angle":45,"time":133,"duration":1.5,"angle2":45},{"type":"mineHold","angle":135,"time":133,"duration":1.5,"angle2":135},{"type":"mineHold","angle":180,"time":133.25,"duration":1,"angle2":180},{"type":"mineHold","angle":225,"time":134,"duration":1,"angle2":225},{"time":135.25,"type":"block","angle":56.25},{"time":135.5,"type":"block","angle":22.5},{"type":"hold","angle":315,"time":136,"duration":0.5,"angle2":360},{"type":"hold","angle":348.75,"time":135.75,"duration":0.25,"angle2":315},{"time":137.25,"type":"block","angle":78.75},{"time":137.5,"type":"block","angle":45},{"type":"hold","angle":315,"time":137.75,"duration":0.5,"angle2":360},{"time":138.5,"type":"block","angle":270},{"type":"hold","angle":180,"time":139.25,"duration":0.75,"angle2":213.75},{"time":139.5,"type":"block","angle":191.25},{"time":139.75,"type":"block","angle":202.5},{"time":140.25,"type":"block","angle":270},{"time":140.5,"type":"block","angle":236.25},{"time":140.75,"type":"block","angle":202.5},{"time":141,"type":"block","angle":168.75},{"time":141.25,"type":"block","angle":202.5},{"time":141.5,"type":"block","angle":236.25},{"type":"hold","angle":270,"time":141.75,"duration":1.25,"angle2":360},{"time":143.25,"type":"block","angle":78.75},{"time":143.5,"type":"block","angle":45},{"type":"hold","angle":11.25,"time":143.75,"duration":0.5,"angle2":-45},{"time":144.5,"type":"block","angle":270},{"time":145.25,"type":"block","angle":157.5},{"time":145.5,"type":"block","angle":191.25},{"type":"hold","angle":247.5,"time":145.75,"duration":0.5,"angle2":202.5},{"time":146.5,"type":"block","angle":270},{"time":147.25,"type":"block","angle":11.25},{"time":147.5,"type":"block","angle":326.25},{"time":147.75,"type":"block","angle":281.25},{"type":"hold","angle":236.25,"time":148,"duration":1,"angle2":281.25},{"time":148.25,"type":"block","angle":247.5},{"time":148.75,"type":"block","angle":270},{"time":149.25,"type":"block","angle":337.5},{"time":149.5,"type":"block","angle":270},{"type":"hold","angle":270,"time":149.75,"duration":1.25,"angle2":360},{"time":151.25,"type":"block","angle":56.25},{"time":151.5,"type":"block","angle":11.25},{"type":"hold","angle":303.75,"time":151.75,"duration":1,"angle2":348.75},{"time":152.25,"type":"block","angle":326.25},{"time":153.5,"type":"block","angle":67.5},{"type":"hold","angle":22.5,"time":153.75,"duration":0.5,"angle2":-22.5},{"time":154.5,"type":"block","angle":270},{"time":155.25,"type":"block","angle":213.75},{"time":155.5,"type":"block","angle":247.5},{"type":"hold","angle":213.75,"time":155.75,"duration":0.5,"angle2":168.75},{"time":156.5,"type":"block","angle":123.75},{"time":156.75,"type":"block","angle":168.75},{"type":"hold","angle":123.75,"time":157,"duration":0.5,"angle2":67.5},{"type":"hold","angle":303.75,"time":157.75,"duration":1.25,"angle2":360},{"time":159.25,"type":"block","angle":270},{"time":159.5,"type":"block","angle":315},{"type":"hold","angle":33.75,"time":159.75,"duration":0.5,"angle2":0},{"time":160.5,"type":"block","angle":303.75},{"type":"hold","angle":258.75,"time":161.25,"duration":0.5,"angle2":225},{"time":162.25,"type":"block","angle":258.75},{"time":162.5,"type":"block","angle":191.25},{"time":163.25,"type":"block","angle":270},{"time":163.75,"type":"block","angle":270},{"time":163.5,"type":"block","angle":236.25},{"time":164,"type":"block","angle":337.5},{"type":"hold","angle":303.75,"time":164.5,"duration":0.5,"angle2":371.25},{"time":164.25,"type":"block","angle":337.5},{"time":165.25,"type":"block","angle":78.75},{"time":165.5,"type":"block","angle":22.5},{"type":"hold","angle":315,"time":165.75,"duration":1.25,"angle2":360},{"type":"hold","angle":315,"time":168,"duration":5.25,"angle2":405},{"time":173.5,"type":"block","angle":315},{"type":"hold","angle":45,"time":173.75,"duration":2,"angle2":-45},{"type":"hold","angle":315,"time":175.75,"duration":0.5,"angle2":405},{"type":"hold","angle":303.75,"time":176.5,"duration":1,"angle2":405},{"type":"hold","angle":78.75,"time":177.75,"duration":0.5,"angle2":33.75},{"type":"hold","angle":303.75,"time":178.5,"duration":0.5,"angle2":348.75},{"type":"hold","angle":281.25,"time":179.25,"duration":0.75,"angle2":348.75},{"time":180.5,"type":"block","angle":56.25},{"time":180.75,"type":"block","angle":360},{"time":181.25,"type":"block","angle":281.25},{"time":181.5,"type":"block","angle":326.25},{"time":182,"type":"block","angle":67.5},{"time":182.25,"type":"block","angle":33.75},{"time":182.75,"type":"block","angle":303.75},{"time":183.5,"type":"block","angle":281.25},{"time":183,"type":"block","angle":337.5},{"type":"hold","angle":45,"time":184,"duration":2,"angle2":-45},{"type":"hold","angle":315,"time":186,"duration":2,"angle2":405},{"type":"hold","angle":45,"time":188,"duration":1.25,"angle2":-45},{"time":189.5,"type":"block","angle":56.25},{"type":"hold","angle":315,"time":189.75,"duration":0.75,"angle2":360},{"type":"hold","angle":22.5,"time":190.5,"duration":1,"angle2":-11.25},{"type":"hold","angle":326.25,"time":191.5,"duration":0.5,"angle2":348.75},{"type":"hold","angle":22.5,"time":192,"duration":1,"angle2":-33.75},{"type":"hold","angle":326.25,"time":193,"duration":2.75,"angle2":393.75},{"time":196,"type":"block","angle":326.25},{"time":196.5,"type":"block","angle":33.75},{"time":196.75,"type":"block","angle":33.75},{"time":197,"type":"block","angle":33.75},{"time":197.25,"type":"block","angle":326.25},{"time":197.75,"type":"block","angle":56.25},{"type":"hold","angle":315,"time":198.5,"duration":0.5,"angle2":405},{"type":"hold","angle":45,"time":199,"duration":0.5,"angle2":-45},{"type":"hold","angle":315,"time":199.5,"duration":0.5,"angle2":405},{"type":"hold","angle":45,"time":200,"duration":5.25,"angle2":-90},{"time":205.5,"type":"block","angle":315},{"type":"hold","angle":0,"time":205.75,"duration":2,"angle2":45},{"type":"hold","angle":67.5,"time":207.75,"duration":0.5,"angle2":0},{"type":"hold","angle":303.75,"time":208.5,"duration":1,"angle2":360},{"time":209.75,"type":"block","angle":45},{"time":210.25,"type":"block","angle":292.5},{"time":210.5,"type":"block","angle":326.25},{"time":211,"type":"block","angle":67.5},{"time":211.25,"type":"block","angle":33.75},{"type":"hold","angle":315,"time":212,"duration":0.5,"angle2":405},{"time":212.75,"type":"block","angle":303.75},{"time":213.25,"type":"block","angle":45},{"time":213.5,"type":"block","angle":360},{"time":214,"type":"block","angle":292.5},{"time":214.25,"type":"block","angle":326.25},{"time":214.75,"type":"block","angle":78.75},{"time":215,"type":"block","angle":45},{"time":215.5,"type":"block","angle":303.75},{"type":"hold","angle":45,"time":216,"duration":2,"angle2":-45},{"type":"hold","angle":315,"time":218,"duration":2,"angle2":405},{"type":"hold","angle":45,"time":220,"duration":1.25,"angle2":-45},{"time":221.5,"type":"block","angle":90},{"type":"hold","angle":45,"time":221.75,"duration":0.75,"angle2":-45},{"type":"hold","angle":315,"time":222.5,"duration":0.5,"angle2":405},{"type":"hold","angle":45,"time":223,"duration":0.5,"angle2":-45},{"type":"hold","angle":315,"time":223.5,"duration":0.5,"angle2":405},{"type":"hold","angle":45,"time":224,"duration":1,"angle2":-45},{"type":"hold","angle":315,"time":225,"duration":2.75,"angle2":360},{"time":228,"type":"block","angle":56.25},{"time":228.5,"type":"block","angle":33.75},{"time":228.75,"type":"block","angle":33.75},{"time":229,"type":"block","angle":315},{"time":229.25,"type":"block","angle":0},{"time":229.75,"type":"block","angle":45},{"type":"hold","angle":315,"time":230.5,"duration":0.5,"angle2":405},{"type":"hold","angle":45,"time":231,"duration":0.5,"angle2":-45},{"type":"hold","angle":315,"time":231.5,"duration":0.5,"angle2":405},{"time":246,"type":"block","angle":180},{"time":233,"type":"block","angle":315},{"time":233.75,"type":"block","angle":0},{"time":234,"type":"block","angle":22.5},{"time":235,"type":"block","angle":22.5},{"time":236,"type":"block","angle":45},{"time":236.75,"type":"block","angle":22.5},{"time":237,"type":"block","angle":0},{"time":237.75,"type":"block","angle":337.5},{"time":238,"type":"block","angle":360},{"time":240,"type":"block","angle":123.75},{"time":241,"type":"block","angle":90},{"time":241.75,"type":"block","angle":67.5},{"time":242,"type":"block","angle":90},{"time":244,"type":"block","angle":315},{"time":245,"type":"block","angle":360},{"time":245.75,"type":"block","angle":90},{"time":21.25,"type":"block","angle":168.75},{"time":21.75,"type":"block","angle":292.5},{"type":"hold","angle":247.5,"time":22,"duration":1,"angle2":360},{"type":"mineHold","angle":360,"time":24,"duration":0,"angle2":180},{"time":23.5,"type":"block","angle":11.25},{"time":23.75,"type":"block","angle":56.25},{"time":24,"type":"block","angle":90},{"time":24.25,"type":"block","angle":123.75},{"type":"hold","angle":180,"time":24.5,"duration":0.5,"angle2":135},{"type":"mineHold","angle":270,"time":25,"duration":0,"angle2":450},{"type":"mineHold","angle":360,"time":26,"duration":0,"angle2":540},{"type":"mineHold","angle":90,"time":27,"duration":0,"angle2":270},{"time":25.25,"type":"block","angle":247.5},{"time":25.5,"type":"block","angle":191.25},{"time":25.75,"type":"block","angle":247.5},{"time":26,"type":"block","angle":303.75},{"time":26.25,"type":"block","angle":270},{"type":"hold","angle":303.75,"time":26.5,"duration":0.5,"angle2":348.75}]