{"events":[{"volume":1,"angle":292.5,"time":-0,"type":"play","bpm":90,"file":"notime.ogg"},{"b":83,"type":"setColor","angle":348.75,"time":-3,"g":161,"r":176,"color":1},{"color":2,"angle":45,"time":-3,"enable":true,"type":"outline"},{"duration":0.10000000149012,"angle":326.25,"type":"ease","time":7.5,"var":"vfx.canvPos.sx","value":3,"ease":"inExpo"},{"duration":0.10000000149012,"angle":337.5,"type":"ease","time":7.5,"var":"vfx.canvPos.sy","value":3,"ease":"inExpo"},{"duration":0.15000000596046,"angle":337.5,"type":"ease","time":8,"var":"vfx.canvPos.sx","value":1,"ease":"outExpo"},{"duration":0.15000000596046,"angle":326.25,"type":"ease","time":8,"var":"vfx.canvPos.sy","value":1,"ease":"outExpo"},{"duration":7.5,"angle":281.25,"type":"ease","time":0,"var":"vfx.canvPos.sx","value":1.2500002384186,"ease":"inOutSine"},{"duration":7.5,"angle":270,"type":"ease","time":0,"var":"vfx.canvPos.sy","value":1.25,"ease":"inOutSine"},{"b":186,"type":"setColor","angle":303.75,"duration":0.75,"color":3,"time":8.25,"g":79,"r":83,"ease":"linear"},{"b":255,"type":"setColor","angle":303.75,"time":8,"g":179,"r":183,"color":3},{"b":255,"type":"setColor","angle":22.5,"time":12,"g":179,"r":186,"color":3},{"b":186,"type":"setColor","angle":22.5,"duration":0.75,"color":3,"time":12.125,"g":79,"r":86,"ease":"linear"},{"b":186,"type":"setColor","angle":315,"duration":0.75,"color":3,"time":15.125,"g":79,"r":86,"ease":"linear"},{"b":255,"type":"setColor","angle":315,"time":15,"g":179,"r":183,"color":3},{"b":255,"type":"setColor","angle":22.5,"time":16,"g":179,"r":186,"color":3},{"b":186,"type":"setColor","angle":22.5,"duration":0.75,"color":3,"time":16.125,"g":79,"r":86,"ease":"linear"},{"b":186,"type":"setColor","angle":303.75,"duration":0.75,"color":3,"time":18.25,"g":79,"r":86,"ease":"linear"},{"b":255,"type":"setColor","angle":303.75,"time":18,"g":179,"r":186,"color":3},{"b":255,"type":"setColor","angle":326.25,"time":22,"g":179,"r":186,"color":3},{"b":186,"type":"setColor","angle":326.25,"duration":0.75,"color":3,"time":22.25,"g":79,"r":86,"ease":"linear"},{"b":186,"type":"setColor","angle":33.75,"duration":0.75,"color":3,"time":20.25,"g":79,"r":86,"ease":"linear"},{"b":255,"type":"setColor","angle":33.75,"duration":0,"color":3,"time":20,"g":179,"r":186,"ease":"linear"},{"b":255,"type":"setColor","angle":45,"time":23,"g":179,"r":186,"color":3},{"b":186,"type":"setColor","angle":45,"duration":0.75,"color":3,"time":23.25,"g":79,"r":86,"ease":"linear"},{"b":186,"type":"setColor","angle":101.25,"duration":0.75,"color":3,"time":23.75,"g":79,"r":86,"ease":"linear"},{"b":255,"type":"setColor","angle":101.25,"time":23.5,"g":179,"r":186,"color":3},{"b":255,"type":"setColor","angle":123.75,"time":23.75,"g":179,"r":186,"color":3},{"b":186,"type":"setColor","angle":123.75,"duration":0.75,"color":3,"time":24,"g":79,"r":86,"ease":"linear"},{"type":"ease","angle":247.5,"repeats":30,"time":9,"value":1.125,"var":"vfx.canvPos.sx"},{"type":"ease","angle":236.25,"repeats":30,"time":9,"value":1.125,"var":"vfx.canvPos.sy"},{"type":"ease","angle":247.5,"repeats":30,"value":1,"duration":0.5,"time":9.125,"var":"vfx.canvPos.sx","ease":"linear"},{"type":"ease","angle":236.25,"repeats":30,"value":1,"duration":0.5,"time":9.125,"var":"vfx.canvPos.sy","ease":"linear"},{"type":"ease","angle":213.75,"repeats":15,"repeatDelay":2,"value":3.75,"var":"vfx.canvPos.r","time":9},{"type":"ease","angle":213.75,"repeats":15,"repeatDelay":2,"value":0,"duration":0.5,"time":9.125,"var":"vfx.canvPos.r","ease":"inSine"},{"type":"ease","angle":213.75,"repeats":15,"repeatDelay":2,"value":-3.75,"var":"vfx.canvPos.r","time":9.875},{"type":"ease","angle":213.75,"repeats":14,"repeatDelay":2,"value":0,"duration":0.5,"time":10,"var":"vfx.canvPos.r","ease":"inSine"},{"b":186,"type":"setColor","angle":292.5,"time":-3,"g":79,"r":86,"color":3},{"b":84,"type":"setColor","angle":67.5,"time":-3,"g":54,"r":102,"color":2},{"b":10,"type":"setColor","angle":292.5,"time":40,"g":10,"r":10,"color":0},{"b":168,"type":"setColor","angle":315,"time":40,"g":79,"r":86,"color":1},{"color":0,"angle":270,"time":40,"enable":false,"type":"outline"},{"duration":16,"angle":247.5,"type":"ease","time":40,"var":"vfx.canvPos.sy","value":1.5,"ease":"linear"},{"duration":16,"angle":225,"type":"ease","time":40,"var":"vfx.canvPos.sx","value":1.5,"ease":"linear"},{"duration":16,"angle":202.5,"type":"ease","time":40,"var":"vfx.canvPos.r","value":-7.5,"ease":"linear"},{"type":"forcePlayerSprite","angle":45,"time":56,"spriteName":"angry"},{"b":255,"type":"setColor","angle":67.5,"time":56,"g":179,"r":186,"color":1},{"b":168,"type":"setColor","angle":67.5,"duration":0.5,"color":1,"time":56.25,"g":79,"r":86,"ease":"linear"},{"type":"forcePlayerSprite","angle":180,"time":40,"spriteName":"miss"},{"type":"forcePlayerSprite","angle":281.25,"time":71,"spriteName":"none"},{"type":"forcePlayerSprite","angle":326.25,"time":-3,"spriteName":""},{"type":"ease","angle":303.75,"time":56,"var":"vfx.canvPos.sy","value":1.5},{"type":"ease","angle":315,"time":56,"var":"vfx.canvPos.sx","value":1.5},{"duration":0.25,"angle":270,"type":"ease","time":56.125,"var":"vfx.canvPos.sx","value":1,"ease":"inOutSine"},{"duration":0.25,"angle":281.25,"type":"ease","time":56.125,"var":"vfx.canvPos.sy","value":1,"ease":"inOutSine"},{"duration":0.25,"angle":258.75,"type":"ease","time":56.125,"var":"vfx.canvPos.r","value":0,"ease":"inOutSine"},{"type":"ease","angle":281.25,"time":58,"var":"vfx.canvPos.sy","value":1.0625},{"type":"ease","angle":292.5,"time":58,"var":"vfx.canvPos.sx","value":1.0625},{"type":"ease","angle":303.75,"time":60,"var":"vfx.canvPos.sx","value":1.125},{"type":"ease","angle":292.5,"time":60,"var":"vfx.canvPos.sy","value":1.125},{"type":"ease","angle":326.25,"time":62,"var":"vfx.canvPos.sy","value":1.1875},{"type":"ease","angle":315,"time":62,"var":"vfx.canvPos.sx","value":1.1875},{"type":"ease","angle":337.5,"time":63,"var":"vfx.canvPos.sy","value":1.25},{"type":"ease","angle":326.25,"time":63,"var":"vfx.canvPos.sx","value":1.25},{"type":"ease","angle":22.5,"time":64,"var":"vfx.canvPos.sy","value":1.3125},{"type":"ease","angle":11.25,"time":64,"var":"vfx.canvPos.sx","value":1.3125},{"type":"ease","angle":67.5,"time":66,"var":"vfx.canvPos.sx","value":1.375},{"type":"ease","angle":56.25,"time":66,"var":"vfx.canvPos.sy","value":1.375},{"type":"ease","angle":123.75,"time":68,"var":"vfx.canvPos.sy","value":1.4375},{"type":"ease","angle":135,"time":68,"var":"vfx.canvPos.sx","value":1.4375},{"duration":0.25,"angle":225,"type":"ease","time":70.875,"var":"vfx.canvPos.sy","value":1.5,"ease":"inSine"},{"duration":0.25,"angle":236.25,"type":"ease","time":70.875,"var":"vfx.canvPos.sx","value":1.5,"ease":"inSine"},{"duration":0.375,"angle":236.25,"type":"ease","time":70,"var":"vfx.canvPos.sy","value":1,"ease":"outSine"},{"duration":0.375,"angle":225,"type":"ease","time":70,"var":"vfx.canvPos.sx","value":1,"ease":"outSine"},{"chance":0.82999968528748,"color":2,"angle":337.5,"time":40,"type":"noise"},{"b":40,"type":"setColor","angle":157.5,"time":40,"g":40,"r":40,"color":2},{"type":"ease","angle":360,"time":71,"var":"vfx.canvPos.sy","value":1},{"type":"ease","angle":22.5,"time":71,"var":"vfx.canvPos.sx","value":1},{"chance":0,"color":0,"angle":45,"time":71,"type":"noise"},{"b":0,"type":"setColor","angle":67.5,"time":71,"g":0,"r":0,"color":0},{"b":0,"type":"setColor","angle":90,"time":71,"g":0,"r":0,"color":1},{"b":255,"type":"setColor","angle":191.25,"duration":0.25,"color":1,"time":71.75,"g":0,"r":0,"ease":"linear"},{"type":"ease","angle":45,"time":71.75,"var":"p.y","value":325},{"type":"ease","angle":90,"time":71.5,"var":"scrollSpeed","value":1.5},{"b":255,"type":"setColor","angle":180,"time":71.75,"g":0,"r":0,"color":0},{"color":1,"angle":146.25,"time":72,"enable":true,"type":"outline"},{"color":2,"angle":101.25,"time":71.75,"type":"setBgColor"},{"b":0,"type":"setColor","angle":123.75,"time":71.75,"g":0,"r":0,"color":2},{"duration":3,"angle":78.75,"type":"ease","time":101,"var":"vfx.canvPos.sy","value":2,"ease":"outSine"},{"duration":3,"angle":101.25,"type":"ease","time":101,"var":"vfx.canvPos.sx","value":2,"ease":"outSine"},{"duration":3,"angle":123.75,"type":"ease","time":101,"var":"vfx.canvPos.y","value":0,"ease":"outSine"},{"type":"ease","angle":67.5,"time":104,"value":1,"var":"vfx.canvPos.sy"},{"type":"ease","angle":78.75,"time":104,"value":1,"var":"vfx.canvPos.sx"},{"type":"ease","angle":90,"time":104,"value":180,"var":"vfx.canvPos.y"},{"type":"ease","angle":112.5,"time":104,"var":"p.y","value":180},{"b":168,"type":"setColor","angle":135,"time":104,"g":79,"r":86,"color":3},{"color":3,"angle":146.25,"time":104,"type":"setBgColor"},{"color":2,"angle":157.5,"time":104,"enable":true,"type":"outline"},{"b":81,"type":"setColor","angle":168.75,"time":104,"g":59,"r":159,"color":1},{"type":"forcePlayerSprite","angle":180,"time":104,"spriteName":"angry"},{"b":16,"type":"setColor","angle":202.5,"time":104,"g":10,"r":49,"color":2},{"b":111,"type":"setColor","angle":191.25,"time":104,"g":89,"r":189,"color":0},{"color":3,"angle":270,"time":-3,"type":"setBgColor"},{"b":133,"type":"setColor","angle":225,"time":-3,"g":211,"r":226,"color":0},{"color":0,"angle":45,"time":40,"type":"setBgColor"},{"duration":1.5,"angle":326.25,"type":"ease","time":134,"var":"vfx.canvPos.sx","value":1.5,"ease":"outSine"},{"duration":1.5,"angle":315,"type":"ease","time":134,"var":"vfx.canvPos.sy","value":1.5,"ease":"outSine"},{"duration":0.10000000149012,"angle":56.25,"type":"ease","time":136,"var":"vfx.canvPos.sx","value":0.89999997615814,"ease":"inOutSine"},{"duration":0.10000000149012,"angle":67.5,"type":"ease","time":136,"var":"vfx.canvPos.sy","value":0.89999997615814,"ease":"inOutSine"},{"duration":0.25,"angle":56.25,"type":"ease","time":136.125,"var":"vfx.canvPos.sx","value":1,"ease":"inOutSine"},{"duration":0.25,"angle":67.5,"type":"ease","time":136.125,"var":"vfx.canvPos.sy","value":1,"ease":"inOutSine"},{"duration":15,"angle":56.25,"type":"ease","time":136.25,"var":"vfx.canvPos.sx","value":1.5,"ease":"linear"},{"duration":15,"angle":67.5,"time":136.25,"var":"vfx.canvPos.sy","value":1.5,"type":"ease"},{"b":40,"type":"setColor","angle":90,"time":136,"g":22,"r":20,"color":0},{"b":193,"type":"setColor","angle":101.25,"time":136,"g":79,"r":43,"color":1},{"b":50,"type":"setColor","angle":123.75,"time":136,"g":50,"r":50,"color":3},{"chance":0.89999943971634,"color":3,"angle":135,"time":136,"type":"noise"},{"b":0,"type":"setColor","angle":157.5,"time":136,"g":0,"r":0,"color":2},{"color":2,"angle":168.75,"time":136,"type":"setBgColor"},{"type":"forcePlayerSprite","angle":191.25,"time":136,"spriteName":"miss"},{"type":"ease","angle":213.75,"time":136,"var":"scrollSpeed","value":1},{"duration":15,"angle":78.75,"type":"ease","time":136.25,"var":"vfx.canvPos.r","value":-15,"ease":"linear"},{"b":111,"type":"setColor","angle":101.25,"duration":14.75,"color":0,"time":152,"g":89,"r":189,"ease":"linear"},{"duration":0.25,"angle":146.25,"type":"ease","time":152,"var":"vfx.canvPos.sx","value":0.90000009536743,"ease":"inSine"},{"duration":0.25,"angle":157.5,"type":"ease","time":152,"var":"vfx.canvPos.sy","value":0.89999943971634,"ease":"inSine"},{"duration":0.5,"angle":146.25,"type":"ease","time":152.25,"var":"vfx.canvPos.sx","value":1,"ease":"outSine"},{"duration":0.5,"angle":157.5,"type":"ease","time":152.25,"var":"vfx.canvPos.sy","value":1,"ease":"outSine"},{"duration":0.25,"angle":180,"type":"ease","time":152,"var":"vfx.canvPos.r","value":3.75,"ease":"inSine"},{"duration":0.5,"angle":180,"type":"ease","time":152.25,"var":"vfx.canvPos.r","value":0,"ease":"outSine"},{"duration":1.25,"angle":146.25,"type":"ease","time":152.75,"var":"vfx.canvPos.sx","value":1.0249999761581,"ease":"linear"},{"duration":1.25,"angle":157.5,"type":"ease","time":152.75,"var":"vfx.canvPos.sy","value":1.0249999761581,"ease":"linear"},{"type":"ease","angle":146.25,"time":154,"var":"vfx.canvPos.sx","value":1.0500000715256},{"type":"ease","angle":157.5,"time":154,"var":"vfx.canvPos.sy","value":1.0500000715256},{"b":81,"type":"setColor","angle":112.5,"color":1,"duration":14.75,"time":152,"g":59,"r":159},{"type":"forcePlayerSprite","angle":78.75,"time":152,"spriteName":""},{"type":"forcePlayerSprite","angle":78.75,"time":160,"spriteName":"angry"},{"duration":0.25,"angle":56.25,"type":"ease","time":167,"value":1.7499997615814,"var":"vfx.canvPos.sx","ease":"outSine"},{"duration":0.25,"angle":67.5,"type":"ease","time":167,"value":1.7499997615814,"var":"vfx.canvPos.sy","ease":"outSine"},{"b":128,"type":"setColor","angle":112.5,"time":168,"g":0,"r":255,"color":0},{"duration":0.25,"angle":67.5,"type":"ease","time":168,"value":1,"var":"vfx.canvPos.sy","ease":"outSine"},{"duration":0.25,"angle":56.25,"type":"ease","time":168,"value":1,"var":"vfx.canvPos.sx","ease":"outSine"},{"duration":0.25,"angle":90,"type":"ease","time":168,"value":325,"var":"p.y","ease":"outSine"},{"chance":0,"color":0,"angle":168.75,"time":168,"type":"noise"},{"b":128,"type":"setColor","angle":123.75,"time":168,"g":0,"r":255,"color":1},{"type":"forcePlayerSprite","angle":146.25,"time":168,"spriteName":""},{"type":"ease","angle":191.25,"time":168,"var":"scrollSpeed","value":1.5},{"duration":1.5,"angle":78.75,"type":"ease","time":230.5,"value":1.4999997615814,"var":"vfx.canvPos.sx","ease":"outSine"},{"duration":1.5,"angle":90,"type":"ease","time":230.5,"var":"vfx.canvPos.sy","value":1.4999997615814,"ease":"outSine"},{"duration":1.5,"angle":112.5,"type":"ease","time":230.5,"var":"vfx.canvPos.y","value":100,"ease":"outSine"},{"type":"ease","angle":78.75,"time":232,"var":"vfx.canvPos.sx","value":1.25},{"type":"ease","angle":90,"time":232,"var":"vfx.canvPos.sy","value":1.25},{"type":"ease","angle":135,"time":232,"var":"p.y","value":180},{"type":"ease","angle":112.5,"time":232,"var":"vfx.canvPos.y","value":180},{"b":40,"type":"setColor","angle":180,"time":232,"g":35,"r":35,"color":0},{"b":25,"type":"setColor","angle":191.25,"time":232,"g":20,"r":20,"color":1},{"type":"forcePlayerSprite","angle":157.5,"time":232,"spriteName":"none"},{"b":50,"type":"setColor","angle":213.75,"time":232,"g":50,"r":50,"color":3},{"duration":14,"angle":78.75,"time":232.25,"var":"vfx.canvPos.sx","type":"ease","value":1},{"duration":14,"angle":90,"time":232.25,"var":"vfx.canvPos.sy","type":"ease","value":1},{"time":248,"type":"showResults","angle":146.25},{"type":"ease","angle":258.75,"time":232,"var":"scrollSpeed","value":0.75},{"chance":0.84999996423721,"color":3,"angle":236.25,"time":232,"type":"noise"},{"b":255,"type":"setColor","angle":112.5,"time":25,"g":179,"r":186,"color":3},{"b":168,"type":"setColor","angle":112.5,"duration":0.75,"color":3,"time":25.25,"g":79,"r":86,"ease":"linear"},{"b":255,"type":"setColor","angle":303.75,"time":27,"g":179,"r":186,"color":3},{"b":168,"type":"setColor","angle":303.75,"duration":0.75,"color":3,"time":27.25,"g":79,"r":86,"ease":"linear"},{"b":255,"type":"setColor","angle":123.75,"time":29,"g":179,"r":186,"color":3},{"b":168,"type":"setColor","angle":123.75,"duration":0.75,"color":3,"time":29.25,"g":79,"r":86,"ease":"linear"},{"b":255,"type":"setColor","angle":270,"time":31,"g":179,"r":186,"color":3},{"b":168,"type":"setColor","angle":270,"duration":0.75,"color":3,"time":31.25,"g":79,"r":86,"ease":"linear"},{"b":255,"type":"setColor","angle":270,"time":32,"g":179,"r":186,"color":3},{"b":168,"type":"setColor","angle":270,"duration":0.75,"color":3,"time":32.25,"g":79,"r":86,"ease":"linear"},{"b":255,"type":"setColor","angle":360,"time":33,"g":179,"r":186,"color":3},{"b":168,"type":"setColor","angle":0,"duration":0.75,"color":3,"time":33.25,"g":79,"r":86,"ease":"linear"},{"b":255,"type":"setColor","angle":180,"time":35,"g":179,"r":186,"color":3},{"b":168,"type":"setColor","angle":180,"duration":0.75,"color":3,"time":35.25,"g":79,"r":86,"ease":"linear"},{"b":255,"type":"setColor","angle":360,"time":37,"g":179,"r":186,"color":3},{"b":168,"type":"setColor","angle":360,"duration":0.75,"color":3,"time":37.25,"g":79,"r":86,"ease":"linear"},{"b":255,"type":"setColor","angle":90,"time":39,"g":179,"r":186,"color":3},{"b":168,"type":"setColor","angle":90,"duration":0.75,"color":3,"time":39.25,"g":79,"r":86,"ease":"linear"},{"b":255,"type":"setColor","angle":90,"time":38,"g":179,"r":186,"color":3},{"b":168,"type":"setColor","angle":90,"duration":0.75,"color":3,"time":38.25,"g":79,"r":86,"ease":"linear"},{"b":255,"type":"setColor","angle":270,"time":105,"g":179,"r":186,"color":3},{"b":168,"type":"setColor","angle":270,"duration":0.75,"color":3,"time":105.25,"g":79,"r":86,"ease":"linear"},{"b":255,"type":"setColor","angle":270,"time":107,"g":179,"r":186,"color":3},{"b":168,"type":"setColor","angle":270,"duration":0.75,"color":3,"time":107.25,"g":79,"r":86,"ease":"linear"},{"b":255,"type":"setColor","angle":90,"time":109,"g":179,"r":186,"color":3},{"b":168,"type":"setColor","angle":90,"duration":0.75,"color":3,"time":109.25,"g":79,"r":86,"ease":"linear"},{"b":255,"type":"setColor","angle":101.25,"time":111,"g":179,"r":186,"color":3},{"b":168,"type":"setColor","angle":101.25,"duration":0.75,"color":3,"time":111.25,"g":79,"r":86,"ease":"linear"},{"b":186,"type":"setColor","angle":315,"duration":0.75,"color":3,"time":11.25,"g":79,"r":83,"ease":"linear"},{"b":255,"type":"setColor","angle":315,"time":11,"g":179,"r":183,"color":3},{"type":"ease","angle":236.25,"repeats":28,"var":"vfx.canvPos.sx","duration":0.75,"start":1.125,"time":105,"value":1,"ease":"outSine"},{"type":"ease","angle":225,"repeats":28,"start":1.125,"duration":0.75,"var":"vfx.canvPos.sy","time":105,"value":1,"ease":"outSine"},{"type":"ease","angle":202.5,"repeats":15,"repeatDelay":2,"var":"vfx.canvPos.r","duration":0.75,"start":3.75,"time":105,"value":0,"ease":"outSine"},{"type":"ease","angle":202.5,"repeats":15,"repeatDelay":2,"var":"vfx.canvPos.r","duration":0.75,"value":0,"time":106,"start":-3.75,"ease":"outSine"},{"b":255,"type":"setColor","angle":90,"time":113,"g":179,"r":186,"color":3},{"b":168,"type":"setColor","angle":90,"duration":0.75,"color":3,"time":113.25,"g":79,"r":86,"ease":"linear"},{"b":255,"type":"setColor","angle":157.5,"time":115,"g":179,"r":186,"color":3},{"b":168,"type":"setColor","angle":157.5,"duration":0.75,"color":3,"time":115.25,"g":79,"r":86,"ease":"linear"},{"b":255,"type":"setColor","angle":90,"time":117,"g":179,"r":186,"color":3},{"b":168,"type":"setColor","angle":90,"duration":0.75,"color":3,"time":117.25,"g":79,"r":86,"ease":"linear"},{"b":255,"type":"setColor","angle":101.25,"time":119,"g":179,"r":186,"color":3},{"b":168,"type":"setColor","angle":101.25,"duration":0.75,"color":3,"time":119.25,"g":79,"r":86,"ease":"linear"},{"b":255,"type":"setColor","angle":90,"time":121,"g":179,"r":186,"color":3},{"b":168,"type":"setColor","angle":90,"duration":0.75,"color":3,"time":121.25,"g":79,"r":86,"ease":"linear"},{"b":255,"type":"setColor","angle":-90,"time":123,"g":179,"r":186,"color":3},{"b":168,"type":"setColor","angle":270,"duration":0.75,"color":3,"time":123.25,"g":79,"r":86,"ease":"linear"},{"b":255,"type":"setColor","angle":90,"time":125,"g":179,"r":186,"color":3},{"b":168,"type":"setColor","angle":90,"duration":0.75,"color":3,"time":125.25,"g":79,"r":86,"ease":"linear"},{"b":255,"type":"setColor","angle":270,"time":127,"g":179,"r":186,"color":3},{"b":168,"type":"setColor","angle":270,"duration":0.75,"color":3,"time":127.25,"g":79,"r":86,"ease":"linear"},{"b":255,"type":"setColor","angle":67.5,"time":129,"g":179,"r":186,"color":3},{"b":168,"type":"setColor","angle":67.5,"duration":0.75,"color":3,"time":129.25,"g":79,"r":86,"ease":"linear"},{"b":255,"type":"setColor","angle":67.5,"time":131,"g":179,"r":186,"color":3},{"b":168,"type":"setColor","angle":67.5,"duration":0.75,"color":3,"time":131.25,"g":79,"r":86,"ease":"linear"},{"b":255,"type":"setColor","angle":67.5,"time":133,"g":179,"r":186,"color":3},{"b":168,"type":"setColor","angle":67.5,"duration":0.75,"color":3,"time":133.25,"g":79,"r":86,"ease":"linear"},{"b":255,"type":"setColor","angle":67.5,"time":134,"g":179,"r":186,"color":3},{"b":168,"type":"setColor","angle":67.5,"duration":0.75,"color":3,"time":134.25,"g":79,"r":86,"ease":"linear"},{"b":0,"type":"setColor","angle":213.75,"time":246,"g":0,"r":0,"color":0},{"b":0,"type":"setColor","angle":225,"time":246,"g":0,"r":0,"color":1},{"b":0,"type":"setColor","angle":247.5,"time":246,"g":0,"r":0,"color":3}],"properties":{"startBeat":0,"loadBeat":-1,"speed":140,"formatversion":12,"offset":4},"metadata":{"artistLink":"https://www.youtube.com/@TheLivingTombstone","songName":"I got no time","artist":"The Living Tombstone","charter":"Lukww","bg":true,"description":"guys, it took too long to make and i got no time now.\n\nfive night at freddy's","difficulty":4,"bgData":{"redChannel":{"b":210,"g":180,"r":171},"blueChannel":{"b":153,"g":110,"r":101},"image":"bg2.png"}}}