[{"time":2,"type":"side","angle":270},{"time":3,"type":"side","angle":270},{"time":3.5,"type":"side","angle":270},{"time":4.5,"type":"side","angle":270},{"time":5,"type":"side","angle":270},{"time":5.5,"type":"side","angle":270},{"time":6,"type":"block","angle":315},{"time":6.5,"type":"block","angle":337.5},{"time":7,"type":"block","angle":315},{"time":7.5,"type":"block","angle":337.5},{"angle":270,"type":"hold","duration":1,"time":8.5,"angle2":292.5,"endAngle":337.5},{"time":9,"type":"side","angle":292.5},{"time":10,"type":"mine","speedMult":0.60000002384186,"angle":90},{"time":10,"type":"mine","speedMult":0.30000001192093,"angle":112.5},{"time":10,"type":"mine","speedMult":0.30000001192093,"angle":67.5},{"time":4,"type":"side","angle":270},{"time":10,"type":"mine","speedMult":0.30000001192093,"angle":180},{"time":10,"type":"mine","speedMult":0.30000001192093,"angle":157.5},{"time":10,"type":"mine","speedMult":0.30000001192093,"angle":22.5},{"time":10,"type":"mine","speedMult":0.30000001192093,"angle":360},{"time":8.5,"type":"mineHold","speedMult":0.5,"angle":90,"angle2":45,"duration":1.5},{"angle":90,"type":"mineHold","speedMult":0.5,"time":8.5,"angle2":135,"duration":1.5},{"time":11,"type":"side","angle":90},{"time":11.5,"type":"side","angle":67.5},{"time":12,"type":"side","angle":90},{"time":12.5,"type":"side","angle":67.5},{"time":13,"type":"side","angle":90},{"time":13.5,"type":"side","angle":90},{"time":14.5,"type":"block","angle":157.5},{"time":15,"type":"block","angle":180},{"time":15.5,"type":"block","angle":202.5},{"time":16.5,"type":"side","angle":202.5},{"time":17,"type":"side","angle":180},{"time":17.5,"type":"side","angle":202.5},{"time":10,"type":"extraTap","angle":270},{"time":18,"type":"extraTap","angle":202.5},{"time":19.5,"type":"side","angle":180},{"time":20,"type":"side","angle":157.5},{"time":20,"type":"side","angle":180},{"time":20.5,"type":"side","angle":180},{"time":21,"type":"side","angle":157.5},{"time":21,"type":"side","angle":180},{"time":21.5,"type":"side","angle":180},{"time":22,"type":"side","angle":180},{"time":22,"type":"side","angle":157.5},{"time":22.5,"type":"side","angle":180},{"time":23,"type":"side","angle":157.5},{"time":23,"type":"side","angle":180},{"time":23.5,"type":"side","angle":180},{"time":25,"type":"block","angle":157.5},{"time":25.5,"type":"block","angle":180},{"time":26,"type":"extraTap","angle":157.5},{"time":20.5,"type":"side","angle":202.5},{"time":21.5,"type":"side","angle":202.5},{"time":22.5,"type":"side","angle":202.5},{"time":23.5,"type":"side","angle":202.5},{"time":24.5,"type":"block","angle":180},{"angle":180,"startTap":true,"time":26,"type":"hold","angle2":112.5,"duration":1},{"time":27.5,"type":"block","angle":112.5},{"time":28,"type":"block","angle":112.5},{"time":28.5,"type":"block","angle":67.5},{"time":29,"type":"block","angle":45},{"time":29.5,"type":"block","angle":45},{"time":30,"type":"block","angle":22.5},{"time":30.5,"type":"block","angle":0},{"time":31,"type":"block","angle":0},{"time":31.5,"type":"block","angle":337.5},{"time":31.5,"type":"block","angle":0},{"time":31.5,"type":"block","angle":22.5},{"time":32.5,"type":"block","angle":360},{"time":33,"type":"block","angle":0},{"angle":0,"type":"hold","time":34,"angle2":360,"duration":2},{"time":33.5,"type":"block","angle":337.5},{"time":33.5,"type":"block","angle":0},{"time":33.5,"type":"block","angle":22.5},{"angle":0,"type":"hold","time":36,"angle2":-180,"duration":1},{"time":34,"type":"extraTap","angle":337.5},{"angle":180,"type":"hold","time":37,"angle2":90,"duration":0.5},{"angle":90,"type":"hold","time":37.5,"angle2":90,"duration":1.5},{"angle":90,"type":"hold","time":39,"angle2":45,"duration":2},{"angle":45,"type":"hold","time":41,"holdEase":"inElastic","angle2":90,"duration":1},{"time":43.5,"type":"block","angle":45},{"time":44,"type":"block","angle":45},{"time":44,"type":"block","angle":22.5},{"time":45,"type":"block","angle":22.5},{"time":45,"type":"block","angle":45},{"time":45.5,"type":"side","angle":112.5},{"time":46,"type":"side","angle":112.5},{"time":47,"type":"side","angle":112.5},{"time":47.5,"type":"side","angle":112.5},{"time":48.5,"type":"side","angle":270},{"time":49,"type":"side","angle":270},{"angle":270,"type":"hold","time":50,"angle2":315,"duration":1},{"angle":270,"type":"hold","time":50,"angle2":337.5,"duration":1},{"time":51.5,"type":"block","angle":337.5},{"time":52.5,"type":"block","angle":337.5},{"time":53.5,"type":"block","angle":315},{"time":54.5,"type":"block","angle":45},{"time":55.5,"type":"block","angle":135},{"angle":180,"type":"hold","time":58,"angle2":180,"duration":3.5},{"time":59,"type":"block","angle":157.5},{"time":59.5,"type":"block","angle":157.5},{"time":61.5,"type":"block","angle":202.5},{"time":61.5,"type":"block","angle":157.5},{"time":60.5,"type":"block","angle":202.5},{"angle":180,"type":"hold","time":61.5,"holdEase":"inOutCubic","angle2":292.5,"duration":2},{"time":62.5,"type":"block","angle":247.5},{"time":65,"type":"block","angle":292.5},{"time":64.5,"type":"block","angle":292.5},{"time":65.5,"type":"side","angle":315},{"time":66,"type":"side","angle":315},{"time":67.5,"type":"side","angle":360},{"time":68,"type":"side","angle":0},{"time":70.5,"type":"hold","angle":22.5,"holdEase":"inElastic","angle2":45,"duration":2},{"time":72.5,"type":"hold","angle":45,"holdEase":"inOutQuart","angle2":0,"duration":1},{"time":74,"type":"side","angle":0},{"time":74.5,"type":"side","angle":0},{"time":75,"type":"side","angle":337.5},{"time":75,"type":"side","angle":0},{"time":75,"type":"side","angle":22.5},{"time":77,"type":"side","angle":180},{"angle":360,"type":"mineHold","time":76.5,"angle2":270,"duration":1},{"angle":0,"type":"mineHold","time":76.5,"angle2":90,"duration":1},{"angle":337.5,"type":"mineHold","time":76.5,"angle2":292.5,"duration":0.5},{"angle":22.5,"type":"mineHold","time":76.5,"angle2":67.5,"duration":0.5},{"time":76.5,"type":"mine","speedMult":6,"angle":360},{"time":76.5,"type":"side","angle":180},{"time":77.5,"type":"side","angle":180},{"time":82,"type":"hold","angle":180,"holdEase":"outSine","angle2":360,"duration":1},{"angle":0,"type":"hold","time":84.5,"angle2":0,"duration":1},{"time":84.5,"type":"block","angle":0},{"time":85.5,"type":"block","angle":0},{"time":86.5,"type":"block","angle":22.5},{"time":87,"type":"block","angle":0},{"time":87.5,"type":"block","angle":67.5},{"time":88.5,"type":"block","angle":112.5},{"time":89,"type":"block","angle":225},{"angle":225,"type":"hold","time":90,"angle2":585,"duration":2},{"time":91,"type":"hold","angle":45,"holdEase":"inOutQuad","angle2":225,"duration":1},{"angle":225,"type":"hold","time":95,"angle2":225,"duration":1},{"angle":202.5,"type":"hold","time":95.5,"angle2":202.5,"duration":0.5},{"angle":247.5,"type":"hold","time":94.5,"angle2":247.5,"duration":1.5},{"time":97.5,"type":"hold","angle":225,"angle2":337.5,"duration":0.5},{"angle":135,"type":"hold","time":99.5,"angle2":22.5,"duration":0.5},{"time":102.5,"type":"side","angle":360},{"time":103,"type":"side","angle":360},{"time":103,"type":"side","angle":337.5},{"time":103,"type":"side","angle":22.5},{"time":103.5,"type":"side","angle":0},{"time":104,"type":"side","angle":337.5},{"time":104,"type":"side","angle":0},{"time":104,"type":"side","angle":0},{"time":104,"type":"side","angle":22.5},{"angle":0,"type":"hold","time":105.5,"angle2":45,"duration":1},{"time":106.5,"type":"hold","angle":45,"holdEase":"outExpo","angle2":-22.5,"duration":1},{"time":111,"type":"hold","angle":270,"angle2":0,"duration":1},{"time":112.5,"type":"block","angle":0},{"time":113,"type":"block","angle":360},{"time":113,"type":"block","angle":337.5},{"time":113,"type":"block","angle":22.5},{"time":113.5,"type":"block","angle":360},{"time":114.5,"type":"side","angle":67.5},{"time":115.5,"type":"side","angle":247.5},{"time":119,"type":"side","angle":180},{"time":120,"type":"side","angle":180},{"time":118.5,"type":"side","angle":360},{"time":119.5,"type":"side","angle":360},{"time":120.5,"type":"side","angle":360},{"time":121,"type":"side","angle":180},{"time":121.5,"type":"side","angle":360},{"angle":360,"type":"hold","time":122.5,"angle2":360,"duration":1},{"time":123.5,"type":"block","angle":202.5},{"time":123.5,"type":"block","angle":157.5},{"time":123.5,"type":"hold","angle":0,"holdEase":"inOutQuint","angle2":67.5,"duration":3},{"time":134,"type":"extraTap","angle":0},{"angle":270,"type":"mineHold","time":134,"angle2":180,"duration":1},{"angle":180,"type":"mineHold","time":134,"angle2":180,"duration":1},{"angle":90,"type":"mineHold","time":134,"angle2":180,"duration":1},{"angle":247.5,"type":"mineHold","time":134,"angle2":180,"duration":1},{"angle":225,"type":"mineHold","time":134,"angle2":180,"duration":1},{"angle":202.5,"type":"mineHold","time":134,"angle2":180,"duration":1},{"angle":157.5,"type":"mineHold","time":134,"angle2":180,"duration":1},{"angle":135,"type":"mineHold","time":134,"angle2":180,"duration":1},{"angle":112.5,"type":"mineHold","time":134,"angle2":180,"duration":1},{"angle":292.5,"type":"mineHold","time":134,"angle2":180,"duration":1},{"angle":315,"type":"mineHold","time":134,"angle2":180,"duration":1},{"angle":67.5,"type":"mineHold","time":134,"angle2":180,"duration":1},{"angle":45,"type":"mineHold","time":134,"angle2":180,"duration":1},{"angle":337.5,"type":"mineHold","time":134,"angle2":180,"duration":1},{"angle":22.5,"type":"mineHold","time":134,"angle2":180,"duration":1},{"angle":180,"type":"mineHold","time":135,"angle2":180,"duration":1.5},{"time":136.5,"type":"mine","angle":292.5},{"time":136.5,"type":"mine","angle":67.5},{"time":136.5,"type":"mine","speedMult":0.5,"angle":112.5},{"time":136.5,"type":"mine","speedMult":0.5,"angle":247.5},{"time":136.5,"type":"mine","speedMult":1.5,"angle":45},{"time":136.5,"type":"mine","speedMult":1.5,"angle":315},{"angle":360,"type":"hold","time":136.5,"angle2":360,"duration":1},{"angle":360,"type":"hold","time":136.5,"angle2":337.5,"duration":1},{"angle":0,"type":"hold","time":136.5,"angle2":22.5,"duration":1},{"angle":337.5,"type":"hold","time":137.5,"angle2":337.5,"duration":1},{"angle":360,"type":"hold","time":137.5,"angle2":360,"duration":1},{"angle":22.5,"type":"hold","time":137.5,"angle2":22.5,"duration":1},{"angle":337.5,"type":"hold","time":138.5,"angle2":360,"duration":1},{"angle":0,"type":"hold","time":138.5,"angle2":0,"duration":1},{"angle":22.5,"type":"hold","time":138.5,"angle2":0,"duration":1},{"angle":0,"type":"hold","time":142,"angle2":90,"duration":1},{"angle":90,"type":"hold","time":143,"angle2":67.5,"duration":0.5},{"angle":67.5,"type":"hold","time":143.5,"angle2":135,"duration":1},{"angle":135,"type":"hold","time":144.5,"angle2":135,"duration":1},{"time":145.5,"type":"block","angle":157.5},{"time":145.5,"type":"block","angle":112.5},{"time":146.5,"type":"side","angle":135},{"time":147.5,"type":"hold","angle":135,"holdEase":"inBack","angle2":202.5,"duration":1},{"time":150,"type":"block","angle":202.5},{"time":150,"type":"block","angle":225},{"time":150,"type":"block","angle":180},{"time":152,"type":"block","angle":225},{"time":152,"type":"block","angle":202.5},{"angle":225,"type":"hold","time":152.5,"angle2":202.5,"duration":5.5},{"angle":202.5,"type":"hold","time":152.5,"angle2":225,"duration":5.5},{"time":160,"type":"side","angle":202.5},{"time":159.5,"type":"side","angle":202.5},{"time":158,"type":"mine","angle":270},{"time":158,"type":"mine","angle":157.5},{"time":158,"type":"mine","angle":292.5},{"time":158,"type":"mine","angle":315},{"time":158,"type":"mine","angle":337.5},{"time":158,"type":"mine","angle":0},{"time":158,"type":"mine","angle":22.5},{"time":158,"type":"mine","angle":45},{"time":158,"type":"mine","angle":67.5},{"time":158,"type":"mine","angle":90},{"time":158,"type":"mine","angle":112.5},{"time":158,"type":"mine","angle":135},{"time":161.5,"type":"side","angle":0},{"time":162,"type":"side","angle":0},{"time":163.5,"type":"side","angle":90},{"time":164,"type":"side","angle":90},{"time":165,"type":"side","angle":270},{"time":165.5,"type":"block","angle":270},{"time":166,"type":"hold","angle":247.5,"holdEase":"outSine","angle2":270,"duration":2.5},{"angle":270,"type":"hold","time":166,"angle2":270,"duration":2.5},{"time":166,"type":"hold","angle":292.5,"holdEase":"outSine","angle2":270,"duration":2.5},{"time":169,"type":"block","angle":270},{"time":169.5,"type":"block","angle":292.5},{"time":170,"type":"block","angle":315},{"time":170.5,"type":"block","angle":337.5},{"time":171,"type":"block","angle":360},{"time":171.5,"type":"block","angle":22.5},{"time":172.5,"type":"block","angle":45},{"time":173,"type":"block","angle":67.5},{"time":173.5,"type":"block","angle":90},{"time":174,"type":"block","angle":112.5},{"time":174.5,"type":"block","angle":135},{"time":175,"type":"block","angle":157.5},{"time":175.5,"type":"block","angle":180},{"time":176.5,"type":"block","angle":202.5},{"time":177,"type":"block","angle":225},{"time":177.5,"type":"block","angle":247.5},{"angle":292.5,"type":"mineHold","time":177.5,"angle2":292.5,"duration":3},{"angle":202.5,"type":"mineHold","time":177.5,"angle2":202.5,"duration":3},{"angle":247.5,"type":"hold","time":178.5,"angle2":247.5,"duration":2},{"time":179,"type":"block","angle":270},{"time":179.5,"type":"block","angle":225},{"time":180,"type":"block","angle":270},{"time":181,"type":"block","angle":247.5},{"time":181.5,"type":"block","angle":225},{"time":182,"type":"block","angle":225},{"time":183,"type":"side","angle":270},{"time":183.5,"type":"side","angle":270},{"time":184.5,"type":"block","angle":360},{"time":185,"type":"block","angle":360},{"time":186,"type":"side","angle":67.5},{"time":186.5,"type":"side","angle":67.5},{"time":187.5,"type":"side","angle":180},{"time":188,"type":"mine","angle":112.5},{"time":188,"type":"mine","angle":292.5},{"time":188,"type":"mine","angle":315},{"time":188,"type":"mine","angle":337.5},{"time":188,"type":"mine","angle":360},{"time":188,"type":"mine","angle":22.5},{"time":188,"type":"mine","angle":45},{"time":188,"type":"mine","angle":67.5},{"time":188,"type":"mine","angle":90},{"angle":270,"type":"mineHold","time":188,"angle2":247.5,"duration":2},{"angle":135,"type":"mineHold","time":188,"angle2":157.5,"duration":2},{"time":190,"type":"block","angle":202.5},{"time":190.5,"type":"block","angle":202.5},{"time":191,"type":"block","angle":180},{"angle":180,"type":"hold","time":191.5,"angle2":202.5,"duration":1},{"angle":202.5,"type":"hold","time":192.5,"angle2":180,"duration":1},{"time":193,"type":"block","angle":202.5},{"angle":180,"type":"hold","time":193.5,"angle2":112.5,"duration":1},{"time":195.5,"type":"side","angle":45},{"time":195.5,"type":"side","angle":90},{"time":195.5,"type":"side","angle":67.5},{"time":200,"type":"mine","angle":225},{"time":198.5,"type":"mine","angle":180},{"time":199,"type":"mine","angle":157.5},{"time":199.5,"type":"mine","angle":157.5},{"time":198,"type":"mine","angle":180},{"time":201.5,"type":"mine","angle":135},{"time":202,"type":"mine","angle":112.5},{"time":202.5,"type":"mine","angle":90},{"time":203,"type":"mine","angle":135},{"time":203.5,"type":"mine","angle":180},{"time":204,"type":"mine","angle":292.5},{"time":204.5,"type":"mine","angle":202.5},{"time":205,"type":"mine","angle":180},{"angle":360,"type":"hold","time":198,"angle2":382.5,"duration":2.5},{"time":198,"type":"mine","angle":315},{"time":198,"type":"mine","angle":292.5},{"time":198,"type":"mine","angle":270},{"time":198,"type":"mine","angle":247.5},{"time":198,"type":"mine","angle":225},{"time":198,"type":"mine","angle":202.5},{"time":198,"type":"mine","angle":157.5},{"time":198,"type":"mine","angle":135},{"time":198,"type":"mine","angle":112.5},{"time":198,"type":"mine","angle":90},{"time":198,"type":"mine","angle":67.5},{"time":198.5,"type":"mine","angle":202.5},{"time":198.5,"type":"mine","angle":225},{"time":198.5,"type":"mine","angle":292.5},{"time":198.5,"type":"mine","angle":247.5},{"time":198.5,"type":"mine","angle":270},{"time":198.5,"type":"mine","angle":315},{"time":198.5,"type":"mine","angle":67.5},{"time":198.5,"type":"mine","angle":90},{"time":198.5,"type":"mine","angle":112.5},{"time":198.5,"type":"mine","angle":135},{"time":198.5,"type":"mine","angle":157.5},{"time":199,"type":"mine","angle":180},{"time":199,"type":"mine","angle":202.5},{"time":199,"type":"mine","angle":225},{"time":199,"type":"mine","angle":247.5},{"time":199,"type":"mine","angle":270},{"time":199,"type":"mine","angle":292.5},{"time":199,"type":"mine","angle":315},{"time":199,"type":"mine","angle":67.5},{"time":199,"type":"mine","angle":90},{"time":199,"type":"mine","angle":112.5},{"time":199,"type":"mine","angle":135},{"time":199.5,"type":"mine","angle":315},{"time":199.5,"type":"mine","angle":315},{"time":199.5,"type":"mine","angle":292.5},{"time":199.5,"type":"mine","angle":270},{"time":199.5,"type":"mine","angle":247.5},{"time":199.5,"type":"mine","angle":225},{"time":199.5,"type":"mine","angle":202.5},{"time":199.5,"type":"mine","angle":180},{"time":199.5,"type":"mine","angle":135},{"time":199.5,"type":"mine","angle":112.5},{"time":199.5,"type":"mine","angle":90},{"time":199.5,"type":"mine","angle":67.5},{"time":200,"type":"mine","angle":202.5},{"time":200,"type":"mine","angle":180},{"time":200,"type":"mine","angle":135},{"time":200,"type":"mine","angle":157.5},{"time":200,"type":"mine","angle":112.5},{"time":200,"type":"mine","angle":90},{"time":200,"type":"mine","angle":67.5},{"time":200,"type":"mine","angle":315},{"time":200,"type":"mine","angle":292.5},{"time":200,"type":"mine","angle":270},{"time":200,"type":"mine","angle":247.5},{"time":200.5,"type":"mine","angle":135},{"time":201,"type":"mine","angle":180},{"angle":22.5,"type":"hold","time":200.5,"angle2":-90,"duration":1},{"angle":270,"type":"hold","time":201.5,"angle2":292.5,"duration":1},{"angle":292.5,"type":"hold","time":202.5,"angle2":225,"duration":1},{"angle":225,"type":"hold","time":203.5,"angle2":292.5,"duration":2.5},{"time":205.5,"type":"mine","angle":180},{"time":206,"type":"mine","angle":202.5},{"time":206.5,"type":"mine","angle":225},{"time":207,"type":"mine","angle":247.5},{"time":207.5,"type":"mine","angle":270},{"time":208,"type":"mine","angle":292.5},{"angle":292.5,"type":"hold","time":206,"angle2":405,"duration":1},{"angle":45,"type":"hold","time":207,"angle2":-22.5,"duration":0.5},{"angle":337.5,"type":"hold","time":207.5,"angle2":360,"duration":1},{"time":209.5,"type":"block","angle":337.5},{"time":209.5,"type":"block","angle":0},{"time":209.5,"type":"block","angle":22.5},{"time":208.5,"type":"mine","angle":292.5},{"time":209,"type":"mine","angle":270},{"time":209.5,"type":"mine","angle":247.5},{"time":210,"type":"mine","angle":225},{"time":210.5,"type":"mine","angle":202.5},{"time":211,"type":"mine","angle":180},{"time":210.5,"type":"mine","angle":337.5},{"time":210.5,"type":"mine","angle":22.5},{"time":210.5,"type":"mine","angle":360},{"time":210.5,"type":"block","angle":90},{"time":210.5,"type":"block","angle":112.5},{"time":210.5,"type":"block","angle":135},{"time":211.5,"type":"side","angle":45},{"time":211.5,"type":"mine","angle":157.5},{"time":212,"type":"mine","angle":135},{"time":212.5,"type":"mine","angle":112.5},{"time":213,"type":"mine","angle":90},{"time":213.5,"type":"mine","angle":67.5},{"time":214,"type":"mine","angle":67.5},{"angle":360,"type":"hold","time":214,"angle2":405,"duration":2},{"time":211,"type":"mine","angle":337.5},{"time":211.5,"type":"mine","angle":315},{"time":212,"type":"mine","angle":292.5},{"time":212.5,"type":"mine","angle":292.5},{"time":213,"type":"mine","angle":315},{"time":213.5,"type":"mine","angle":315},{"time":214,"type":"mine","angle":315},{"time":214.5,"type":"mine","angle":67.5},{"time":215,"type":"mine","angle":90},{"time":215.5,"type":"mine","angle":112.5},{"time":216,"type":"mine","angle":135},{"time":214.5,"type":"mine","angle":315},{"time":215,"type":"mine","angle":292.5},{"time":215.5,"type":"mine","angle":270},{"time":216,"type":"mine","angle":247.5},{"time":216.5,"type":"mine","angle":225},{"time":216.5,"type":"mine","angle":157.5},{"time":217,"type":"mine","angle":202.5},{"time":217,"type":"mine","angle":180},{"time":217.5,"type":"mine","angle":180},{"time":218,"type":"mine","angle":157.5},{"time":218.5,"type":"mine","angle":135},{"time":219,"type":"mine","angle":112.5},{"time":219.5,"type":"mine","angle":90},{"angle":247.5,"type":"mineHold","time":216.5,"holdEase":"outBack","angle2":180,"duration":1},{"angle":135,"type":"mineHold","time":216.5,"angle2":157.5,"duration":1.5},{"angle":180,"type":"mineHold","time":217.5,"angle2":157.5,"duration":0.5},{"time":220,"type":"mine","angle":67.5},{"time":220.5,"type":"mine","angle":45},{"time":221,"type":"mine","angle":22.5},{"time":221.5,"type":"mine","angle":0},{"angle":45,"type":"hold","time":216.5,"holdEase":"inOutSine","angle2":-90,"duration":5.5},{"time":216.5,"type":"hold","angle":22.5,"holdEase":"inOutSine","angle2":-90,"duration":5.5},{"time":216.5,"type":"hold","angle":67.5,"holdEase":"inOutSine","angle2":-90,"duration":5.5},{"angle":45,"type":"hold","time":216,"angle2":45,"duration":0.5},{"time":222,"type":"mine","angle":337.5},{"time":222.5,"type":"mine","angle":315},{"time":223,"type":"mine","angle":292.5},{"time":223.5,"type":"mine","angle":270},{"angle":270,"type":"hold","time":222,"angle2":225,"duration":1.5},{"angle":202.5,"type":"hold","time":223.5,"angle2":225,"duration":0.5},{"angle":225,"type":"hold","time":224,"angle2":202.5,"duration":1.5},{"time":226,"type":"block","angle":225},{"time":226,"type":"block","angle":202.5},{"time":226,"type":"block","angle":180},{"time":228,"type":"block","angle":202.5},{"time":227.5,"type":"block","angle":202.5},{"time":227.5,"type":"block","angle":225},{"time":227.5,"type":"block","angle":180},{"time":228,"type":"block","angle":225},{"time":228,"type":"block","angle":180},{"time":229.5,"type":"block","angle":157.5},{"time":230,"type":"hold","angle":135,"angle2":22.5,"duration":2.5},{"time":224.5,"type":"mine","angle":270},{"time":225,"type":"mine","angle":247.5},{"time":225.5,"type":"mine","angle":247.5},{"time":224,"type":"mine","angle":270},{"time":226,"type":"mine","angle":247.5},{"time":226.5,"type":"mine","angle":247.5},{"time":227,"type":"mine","angle":247.5},{"time":227.5,"type":"mine","angle":247.5},{"time":228,"type":"mine","angle":247.5},{"time":228.5,"type":"mine","angle":247.5},{"time":229,"type":"mine","angle":225},{"time":229.5,"type":"mine","angle":225},{"time":230,"type":"mine","angle":202.5},{"time":230.5,"type":"mine","angle":180},{"time":231,"type":"mine","angle":157.5},{"time":231.5,"type":"mine","angle":135},{"time":232,"type":"mine","angle":112.5},{"time":232.5,"type":"mine","angle":90},{"time":233,"type":"mine","angle":67.5},{"time":233.5,"type":"mine","angle":45},{"time":232.5,"type":"block","angle":22.5},{"time":233,"type":"block","angle":0},{"time":233.5,"type":"block","angle":337.5},{"time":234,"type":"block","angle":315},{"time":234.5,"type":"block","angle":315},{"time":235,"type":"block","angle":337.5},{"time":235.5,"type":"block","angle":360},{"time":232,"type":"mine","angle":157.5},{"time":232.5,"type":"mine","angle":180},{"time":233,"type":"mine","angle":202.5},{"time":233.5,"type":"mine","angle":225},{"time":234,"type":"mine","angle":22.5},{"time":234,"type":"mine","angle":247.5},{"time":234.5,"type":"mine","angle":270},{"time":234.5,"type":"mine","angle":22.5},{"time":235,"type":"mine","angle":292.5},{"time":235,"type":"mine","angle":22.5},{"time":236.5,"type":"block","angle":0},{"time":237,"type":"block","angle":22.5},{"time":237.5,"type":"block","angle":45},{"time":238,"type":"block","angle":67.5},{"time":238.5,"type":"block","angle":90},{"time":239,"type":"block","angle":90},{"time":239.5,"type":"block","angle":90},{"time":240.5,"type":"block","angle":90},{"time":241,"type":"block","angle":90},{"time":241.5,"type":"block","angle":90},{"time":243.5,"type":"block","angle":270},{"time":244,"type":"block","angle":292.5},{"time":244.5,"type":"block","angle":292.5},{"time":245,"type":"block","angle":292.5},{"time":245.5,"type":"block","angle":315},{"time":246,"type":"block","angle":337.5},{"time":247,"type":"block","angle":45},{"time":247.5,"type":"block","angle":45},{"time":248.5,"type":"block","angle":360},{"time":249,"type":"block","angle":0},{"time":250,"type":"side","angle":270},{"time":250.5,"type":"side","angle":270},{"time":251.5,"type":"side","angle":270},{"time":252,"type":"side","angle":270},{"angle":247.5,"type":"hold","time":254,"angle2":247.5,"duration":1.5},{"angle":270,"type":"hold","time":254.5,"angle2":247.5,"duration":1},{"angle":225,"type":"hold","time":255,"angle2":247.5,"duration":0.5},{"time":256.5,"type":"block","angle":337.5},{"time":257,"type":"block","angle":337.5},{"time":257.5,"type":"block","angle":337.5},{"time":258.5,"type":"side","angle":90},{"time":259.5,"type":"side","angle":270},{"time":262,"type":"mine","angle":315},{"time":262,"type":"mine","angle":292.5},{"time":262,"type":"mine","angle":270},{"time":262,"type":"mine","angle":247.5},{"time":262,"type":"mine","angle":225},{"time":262,"type":"mine","angle":202.5},{"time":262,"type":"mine","angle":180},{"time":262,"type":"mine","angle":135},{"time":262,"type":"mine","angle":157.5},{"time":262,"type":"mine","angle":112.5},{"time":262,"type":"mine","angle":90},{"time":262,"type":"mine","angle":67.5},{"time":262,"type":"mine","angle":45},{"angle":22.5,"type":"hold","time":263.5,"angle2":22.5,"duration":1},{"angle":0,"type":"hold","time":264,"angle2":0,"duration":1},{"angle":45,"type":"hold","time":264.5,"angle2":45,"duration":1},{"angle":45,"type":"hold","time":265.5,"angle2":-22.5,"duration":1},{"angle":337.5,"type":"hold","time":266.5,"angle2":495,"duration":1.5},{"time":267.5,"type":"inverse","angle":112.5},{"angle":202.5,"type":"mineHold","time":270,"angle2":202.5,"duration":0.5},{"angle":225,"type":"mineHold","time":270,"angle2":225,"duration":0.5},{"angle":247.5,"type":"mineHold","time":270,"angle2":247.5,"duration":0.5},{"angle":270,"type":"mineHold","time":270,"angle2":270,"duration":0.5},{"angle":292.5,"type":"mineHold","time":270,"angle2":292.5,"duration":0.5},{"angle":315,"type":"mineHold","time":270,"angle2":315,"duration":0.5},{"angle":337.5,"type":"mineHold","time":270,"angle2":337.5,"duration":0.5},{"angle":0,"type":"mineHold","time":270,"angle2":0,"duration":0.5},{"angle":180,"type":"mineHold","time":270,"angle2":180,"duration":0.5},{"time":270,"type":"extraTap","angle":67.5},{"angle":90,"type":"hold","time":270,"angle2":90,"duration":1.5},{"time":271.5,"type":"block","angle":67.5},{"time":272,"type":"block","angle":45},{"time":272.5,"type":"block","angle":22.5},{"angle":45,"type":"hold","time":271.5,"angle2":22.5,"duration":1.5},{"time":273.5,"type":"side","angle":360},{"time":274.5,"type":"side","angle":180},{"time":275.5,"type":"side","angle":360},{"time":276.5,"type":"side","angle":180},{"time":276.5,"type":"side","angle":202.5},{"time":276.5,"type":"side","angle":157.5},{"time":277.5,"type":"side","angle":180},{"time":278,"type":"side","angle":180},{"time":279,"type":"side","angle":180},{"time":279.5,"type":"side","angle":180},{"time":280.5,"type":"side","angle":180},{"time":281.5,"type":"hold","angle":180,"holdEase":"inOutQuint","angle2":112.5,"duration":4.5},{"time":285.5,"type":"block","speedMult":4,"angle":90},{"time":285.5,"type":"block","speedMult":4,"angle":135},{"time":287,"type":"block","angle":112.5},{"time":287.5,"type":"block","angle":112.5},{"time":288.5,"type":"mine","angle":180},{"time":288.5,"type":"mine","angle":45},{"time":288.5,"type":"mine","angle":292.5},{"time":288.5,"type":"mine","angle":270},{"time":288.5,"type":"mine","angle":315},{"time":288.5,"type":"mine","angle":0},{"time":288.5,"type":"mine","angle":225},{"time":289.5,"type":"hold","angle":112.5,"angle2":112.5,"duration":1},{"time":289.5,"type":"mine","angle":180},{"time":289.5,"type":"mine","angle":225},{"time":289.5,"type":"mine","angle":202.5},{"time":289.5,"type":"mine","angle":247.5},{"time":289.5,"type":"mine","angle":270},{"time":289.5,"type":"mine","angle":292.5},{"time":289.5,"type":"mine","angle":315},{"time":289.5,"type":"mine","angle":337.5},{"time":289.5,"type":"mine","angle":0},{"time":289.5,"type":"mine","angle":22.5},{"time":289.5,"type":"mine","angle":45},{"angle":67.5,"type":"mineHold","time":289.5,"holdEase":"inCirc","angle2":90,"duration":2},{"angle":157.5,"type":"mineHold","segments":3,"time":289.5,"angle2":180,"duration":2},{"time":235.5,"type":"mine","angle":292.5},{"time":235.5,"type":"mine","angle":45},{"time":236,"type":"mine","angle":315},{"time":236,"type":"mine","angle":45},{"time":236.5,"type":"mine","angle":67.5},{"time":236.5,"type":"mine","angle":315},{"time":237,"type":"mine","angle":315},{"time":237.5,"type":"mine","angle":337.5},{"time":237,"type":"mine","angle":67.5},{"time":237.5,"type":"mine","angle":90},{"time":238,"type":"mine","angle":112.5},{"time":238.5,"type":"mine","angle":135},{"time":238,"type":"mine","angle":337.5},{"time":238.5,"type":"mine","angle":0},{"time":239,"type":"mine","angle":135},{"time":239,"type":"mine","angle":0},{"time":239.5,"type":"mine","angle":22.5},{"time":240,"type":"mine","angle":45},{"time":239.5,"type":"mine","angle":135},{"time":240,"type":"mine","angle":135},{"time":240.5,"type":"mine","angle":45},{"time":240.5,"type":"mine","angle":135},{"time":241,"type":"mine","angle":45},{"time":241,"type":"mine","angle":135},{"angle":157.5,"type":"mineHold","time":241.5,"angle2":67.5,"duration":1.5},{"angle":45,"type":"mineHold","time":241.5,"angle2":-67.5,"duration":1},{"time":242.5,"type":"block","angle":45},{"time":243,"type":"block","angle":315},{"time":243,"type":"mine","angle":225},{"time":243.5,"type":"mine","angle":202.5},{"time":244,"type":"mine","angle":180},{"time":244.5,"type":"mine","angle":157.5},{"time":245,"type":"mine","angle":135},{"time":245.5,"type":"mine","angle":112.5},{"time":246,"type":"mine","angle":90},{"time":246.5,"type":"mine","angle":90},{"time":247,"type":"mine","angle":90},{"time":247.5,"type":"mine","angle":90},{"time":248,"type":"mine","angle":90},{"time":248.5,"type":"mine","angle":90},{"time":249,"type":"mine","angle":90},{"time":249.5,"type":"mine","angle":67.5},{"time":250,"type":"mine","angle":45},{"time":250.5,"type":"mine","angle":22.5},{"time":251,"type":"mine","angle":360},{"time":251.5,"type":"mine","angle":337.5},{"time":252,"type":"mine","angle":315},{"time":252.5,"type":"mine","angle":292.5},{"time":253,"type":"mine","angle":292.5},{"time":253.5,"type":"mine","angle":315},{"time":254,"type":"mine","angle":337.5},{"time":254.5,"type":"mine","angle":360},{"time":255,"type":"mine","angle":0},{"time":255.5,"type":"mine","angle":22.5},{"time":256,"type":"mine","angle":22.5},{"time":256.5,"type":"mine","angle":22.5},{"time":257,"type":"mine","angle":22.5},{"time":257.5,"type":"mine","angle":22.5},{"time":258,"type":"mine","angle":22.5},{"time":258.5,"type":"mine","angle":22.5},{"time":259,"type":"mine","angle":22.5},{"time":259.5,"type":"mine","angle":22.5},{"time":260,"type":"mine","angle":22.5},{"time":260.5,"type":"mine","angle":22.5},{"time":260,"type":"mine","angle":0},{"time":260,"type":"mine","angle":45},{"time":260.5,"type":"mine","angle":0},{"time":260.5,"type":"mine","angle":45},{"time":260.5,"type":"mine","angle":67.5},{"time":260.5,"type":"mine","angle":337.5},{"angle":180,"type":"mineHold","time":294,"angle2":180,"duration":0.5},{"angle":202.5,"type":"mineHold","time":294,"angle2":202.5,"duration":0.5},{"angle":157.5,"type":"mineHold","time":294,"angle2":157.5,"duration":0.5},{"angle":337.5,"type":"mineHold","time":294,"angle2":337.5,"duration":0.5},{"angle":0,"type":"mineHold","time":294,"angle2":0,"duration":0.5},{"angle":22.5,"type":"mineHold","time":294,"angle2":22.5,"duration":0.5},{"time":295.5,"type":"block","angle":90},{"time":296,"type":"block","angle":360},{"time":296.5,"type":"block","angle":270},{"time":297,"type":"block","angle":270},{"time":297.5,"type":"block","angle":270},{"time":298.5,"type":"hold","angle":270,"angle2":292.5,"duration":1},{"time":300,"type":"side","angle":292.5},{"time":303.5,"type":"side","angle":180},{"time":304,"type":"side","angle":180},{"time":304.5,"type":"side","angle":180},{"time":305,"type":"side","angle":180},{"time":305.5,"type":"side","angle":180},{"time":306.5,"type":"block","angle":202.5},{"time":306.5,"type":"block","angle":180},{"time":306.5,"type":"block","angle":157.5},{"angle":180,"type":"hold","time":307.5,"angle2":247.5,"duration":1},{"angle":247.5,"type":"hold","time":308.5,"angle2":337.5,"duration":1},{"angle":337.5,"type":"hold","time":309.5,"angle2":337.5,"duration":1.5},{"time":310,"type":"block","angle":315},{"time":310,"type":"block","angle":337.5},{"time":310,"type":"block","angle":360},{"angle":337.5,"type":"hold","time":311,"angle2":450,"duration":0.5},{"angle":247.5,"type":"mineHold","time":302,"angle2":247.5,"duration":0.5},{"angle":112.5,"type":"mineHold","time":302,"angle2":112.5,"duration":0.5},{"angle":270,"type":"mineHold","time":302,"angle2":315,"duration":0.5},{"angle":90,"type":"mineHold","time":302,"angle2":45,"duration":0.5},{"angle":45,"type":"mineHold","time":302,"angle2":45,"duration":0.5},{"angle":315,"type":"mineHold","time":302,"angle2":315,"duration":0.5},{"angle":0,"type":"mineHold","time":302,"angle2":0,"duration":0.5},{"angle":337.5,"type":"mineHold","time":302,"angle2":360,"duration":0.5},{"angle":22.5,"type":"mineHold","time":302,"angle2":0,"duration":0.5},{"time":311.5,"type":"hold","angle":90,"holdEase":"outQuad","angle2":157.5,"duration":3.5},{"time":312.5,"type":"side","angle":157.5},{"time":313.5,"type":"side","angle":180},{"time":315.5,"type":"block","angle":157.5},{"angle":180,"type":"hold","time":315.5,"angle2":157.5,"duration":0.5},{"angle":157.5,"type":"hold","time":315,"angle2":157.5,"duration":1},{"angle":247.5,"type":"mineHold","time":310,"angle2":247.5,"duration":0.5},{"angle":225,"type":"mineHold","time":310,"angle2":225,"duration":0.5},{"angle":202.5,"type":"mineHold","time":310,"angle2":202.5,"duration":0.5},{"angle":180,"type":"mineHold","time":310,"angle2":180,"duration":0.5},{"angle":157.5,"type":"mineHold","time":310,"angle2":157.5,"duration":0.5},{"angle":270,"type":"mineHold","time":310,"angle2":270,"duration":0.5},{"angle":135,"type":"mineHold","time":310,"angle2":135,"duration":0.5},{"angle":112.5,"type":"mineHold","time":310,"angle2":112.5,"duration":0.5},{"angle":90,"type":"mineHold","time":310,"angle2":90,"duration":0.5},{"angle":67.5,"type":"mineHold","time":310,"angle2":67.5,"duration":0.5},{"angle":45,"type":"mineHold","time":310,"angle2":45,"duration":0.5},{"time":318,"type":"block","angle":157.5},{"time":317.5,"type":"block","angle":157.5},{"angle":225,"type":"mineHold","time":318,"holdEase":"outBack","angle2":337.5,"duration":0.5},{"angle":247.5,"type":"mineHold","time":318,"angle2":247.5,"duration":0.5},{"angle":270,"type":"mineHold","time":318,"angle2":270,"duration":0.5},{"angle":315,"type":"mineHold","time":318,"angle2":315,"duration":0.5},{"angle":292.5,"type":"mineHold","time":318,"angle2":292.5,"duration":0.5},{"angle":337.5,"type":"mineHold","time":318,"angle2":337.5,"duration":0.5},{"angle":0,"type":"mineHold","time":318,"angle2":0,"duration":0.5},{"angle":22.5,"type":"mineHold","time":318,"angle2":22.5,"duration":0.5},{"angle":45,"type":"mineHold","time":318,"angle2":45,"duration":0.5},{"angle":67.5,"type":"mineHold","time":318,"angle2":67.5,"duration":0.5},{"time":318,"type":"mineHold","angle":90,"holdEase":"outBack","angle2":-22.5,"duration":0.5},{"time":319,"type":"side","angle":157.5},{"time":319.5,"type":"side","angle":157.5},{"time":320.5,"type":"side","angle":157.5},{"time":321.5,"type":"side","angle":180},{"time":322.5,"type":"side","angle":360},{"time":323.5,"type":"side","angle":180},{"time":318,"type":"extraTap","angle":135},{"time":310,"type":"extraTap","angle":292.5},{"time":302,"type":"extraTap","angle":225},{"time":294,"type":"extraTap","angle":315},{"angle":360,"type":"mineHold","time":326,"angle2":360,"duration":1},{"angle":337.5,"type":"mineHold","time":326,"angle2":337.5,"duration":1},{"angle":315,"type":"mineHold","time":326,"angle2":315,"duration":1},{"angle":292.5,"type":"mineHold","time":326,"angle2":292.5,"duration":1},{"angle":270,"type":"mineHold","time":326,"angle2":270,"duration":1},{"angle":247.5,"type":"mineHold","time":326,"angle2":247.5,"duration":1},{"angle":225,"type":"mineHold","time":326,"angle2":225,"duration":1},{"angle":202.5,"type":"mineHold","time":326,"angle2":202.5,"duration":1},{"angle":180,"type":"mineHold","time":326,"angle2":180,"duration":1},{"angle":157.5,"type":"mineHold","time":326,"angle2":157.5,"duration":1},{"angle":135,"type":"mineHold","time":326,"angle2":135,"duration":1},{"angle":112.5,"type":"mineHold","time":326,"angle2":112.5,"duration":1},{"angle":22.5,"type":"mineHold","time":326,"angle2":22.5,"duration":1},{"angle":22.5,"type":"mineHold","time":327,"angle2":0,"duration":1},{"angle":112.5,"type":"mineHold","time":327,"angle2":135,"duration":1},{"time":328.5,"type":"mine","angle":337.5},{"time":328.5,"type":"mine","angle":157.5},{"time":328.5,"type":"mine","angle":315},{"time":328.5,"type":"mine","angle":315},{"time":328.5,"type":"mine","angle":292.5},{"time":328.5,"type":"mine","angle":270},{"time":328.5,"type":"mine","angle":247.5},{"time":328.5,"type":"mine","angle":225},{"time":328.5,"type":"mine","angle":202.5},{"time":328.5,"type":"mine","angle":180},{"time":329.5,"type":"mine","angle":337.5},{"time":329.5,"type":"mine","angle":0},{"time":329.5,"type":"mine","angle":22.5},{"time":329.5,"type":"mine","angle":45},{"time":329.5,"type":"mine","angle":67.5},{"time":329.5,"type":"mine","angle":90},{"time":329.5,"type":"mine","angle":112.5},{"time":329.5,"type":"mine","angle":135},{"time":329.5,"type":"mine","angle":157.5},{"time":329.5,"type":"mine","angle":180},{"time":330.5,"type":"mine","angle":315},{"time":330.5,"type":"mine","angle":292.5},{"time":330.5,"type":"mine","angle":270},{"time":331,"type":"mine","angle":292.5},{"time":331,"type":"mine","angle":270},{"time":331,"type":"mine","angle":247.5},{"time":331,"type":"mine","angle":225},{"time":330.5,"type":"mine","angle":337.5},{"time":330.5,"type":"mine","angle":0},{"time":331,"type":"mine","angle":202.5},{"time":331,"type":"mine","angle":180},{"time":331,"type":"mine","angle":157.5},{"time":330.5,"type":"mine","angle":22.5},{"time":329,"type":"mine","angle":337.5},{"time":332,"type":"mine","angle":90},{"time":332,"type":"mine","angle":270},{"time":332,"type":"mine","angle":360},{"time":332,"type":"mine","angle":180},{"time":337,"type":"mine","angle":22.5},{"time":337,"type":"mine","angle":337.5},{"time":337,"type":"mine","angle":315},{"time":337,"type":"mine","angle":45},{"time":337,"type":"mine","angle":67.5},{"time":337,"type":"mine","angle":292.5},{"time":71.5,"type":"block","angle":22.5},{"time":19,"type":"side","angle":180},{"time":104.5,"type":"side","angle":360},{"time":105,"type":"side","angle":360},{"angle":67.5,"type":"mine","time":337.5},{"angle":292.5,"type":"mine","time":337.5},{"angle":225,"type":"mine","time":337.5},{"angle":135,"type":"mine","time":337.5},{"angle":292.5,"type":"mineHold","time":336,"angle2":292.5,"duration":0.5},{"angle":315,"type":"mineHold","time":336,"angle2":315,"duration":0.5},{"time":336,"type":"mineHold","angle":337.5,"angle2":337.5,"duration":0.5},{"angle":67.5,"type":"mineHold","time":336,"angle2":67.5,"duration":0.5},{"angle":45,"type":"mineHold","time":336,"angle2":45,"duration":0.5},{"time":336,"type":"mineHold","angle":22.5,"angle2":22.5,"duration":0.5},{"time":338.5,"type":"mineHold","angle":90,"angle2":90,"duration":0.5},{"angle":45,"type":"mineHold","time":338.5,"angle2":45,"duration":0.5},{"angle":315,"type":"mineHold","time":338.5,"angle2":315,"duration":0.5},{"time":338.5,"type":"mineHold","angle":270,"angle2":270,"duration":0.5},{"angle":180,"type":"mineHold","time":338.5,"angle2":180,"duration":0.5},{"angle":247.5,"type":"mineHold","time":342,"angle2":247.5,"duration":1},{"time":342,"type":"mineHold","angle":225,"angle2":225,"duration":1},{"angle":180,"type":"mineHold","time":342,"angle2":180,"duration":1},{"time":342,"type":"mineHold","angle":135,"angle2":135,"duration":1},{"angle":112.5,"type":"mineHold","time":342,"angle2":112.5,"duration":1},{"time":342,"type":"mineHold","angle":270,"angle2":270,"duration":1},{"angle":90,"type":"mineHold","time":342,"angle2":90,"duration":1},{"time":342,"type":"mineHold","angle":292.5,"angle2":292.5,"duration":1},{"time":342,"type":"mineHold","angle":67.5,"angle2":67.5,"duration":1},{"angle":315,"type":"mineHold","time":342,"angle2":315,"duration":1},{"time":342,"type":"mineHold","angle":45,"angle2":45,"duration":1},{"angle":202.5,"type":"mineHold","time":342,"angle2":202.5,"duration":1},{"angle":157.5,"type":"mineHold","time":342,"angle2":157.5,"duration":1},{"time":43,"type":"block","angle":45},{"angle":112.5,"type":"hold","time":290.5,"angle2":135,"duration":1},{"angle":112.5,"type":"mine","time":340},{"angle":180,"type":"mine","time":340},{"angle":225,"type":"mine","time":340},{"angle":135,"type":"mine","time":340},{"angle":247.5,"type":"mine","time":340},{"angle":202.5,"type":"hold","segments":1,"time":228.5,"angle2":157.5,"duration":1},{"angle":180,"type":"hold","segments":1,"time":228.5,"angle2":157.5,"duration":1},{"angle":270,"type":"mine","time":328},{"angle":247.5,"type":"mine","time":328},{"angle":315,"type":"mineHold","time":334,"angle2":315,"duration":1},{"angle":292.5,"type":"mineHold","time":334,"angle2":292.5,"duration":1},{"time":334,"type":"mineHold","angle":337.5,"angle2":337.5,"duration":1},{"angle":22.5,"type":"mineHold","time":334,"angle2":22.5,"duration":1},{"time":334,"type":"mineHold","angle":0,"angle2":0,"duration":1},{"angle":45,"type":"mineHold","time":334,"angle2":45,"duration":1},{"angle":270,"type":"mineHold","time":334,"angle2":270,"duration":1},{"angle":247.5,"type":"mineHold","time":334,"angle2":247.5,"duration":1},{"angle":225,"type":"mineHold","time":334,"angle2":225,"duration":1},{"angle":202.5,"type":"mineHold","time":334,"angle2":202.5,"duration":1},{"angle":180,"type":"mineHold","time":334,"angle2":180,"duration":1},{"time":334,"type":"mineHold","angle":157.5,"angle2":157.5,"duration":1},{"angle":135,"type":"mineHold","time":334,"angle2":135,"duration":1},{"angle":45,"type":"extraTap","time":326},{"time":334,"type":"extraTap","angle":90},{"angle":360,"type":"extraTap","time":342},{"angle":270,"type":"mine","time":337.5},{"angle":90,"type":"mine","time":337.5},{"angle":360,"type":"mine","time":337.5},{"time":14,"type":"side","angle":112.5}]