{"events":[{"g":202,"type":"setColor","color":1,"time":1,"angle":315,"duration":1.5},{"time":1,"type":"play","angle":292.5,"volume":1,"bpm":120,"file":"Danimal Cannon - Agrobacter.OGG"},{"angle":337.5,"type":"setColor","b":202,"color":1,"time":132.5,"g":202,"duration":1.5},{"time":127,"type":"setBgColor","angle":67.5,"color":1},{"g":0,"b":0,"r":0,"ease":"inOutQuad","duration":1,"angle":45,"type":"setColor","time":127,"color":1},{"time":132,"type":"setBgColor","angle":0,"color":3},{"time":261.5,"b":246,"color":2,"angle":360,"type":"setColor","duration":0.5},{"g":23,"b":103,"r":147,"duration":0.5,"angle":22.5,"type":"setColor","time":261.5,"color":1},{"time":261.5,"type":"setBgColor","angle":337.5,"color":2},{"time":133,"type":"paddles","newWidth":20,"angle":360,"paddle":1,"ease":"inQuad","duration":0.5},{"angle":360,"type":"paddles","newWidth":70,"time":135,"paddle":1,"ease":"outQuad","duration":0.5},{"time":343.5,"type":"showResults","angle":45},{"angle":67.5,"type":"paddles","newWidth":55,"time":326,"paddle":1,"ease":"inOutQuad","duration":1},{"g":0,"b":0,"r":0,"duration":3,"angle":270,"type":"setColor","time":-5,"color":0},{"g":134,"b":134,"r":134,"ease":"linear","duration":3,"angle":270,"type":"setColor","time":0,"color":0},{"g":255,"b":255,"r":255,"duration":2.5,"angle":360,"type":"setColor","time":32,"color":0},{"g":116,"b":116,"r":123,"ease":"inOutQuart","duration":3,"angle":67.5,"type":"setColor","time":324.5,"color":0},{"g":0,"b":0,"r":0,"duration":1.5,"angle":90,"type":"setColor","time":333,"color":1},{"g":0,"b":0,"r":0,"duration":1,"angle":0,"type":"setColor","time":341,"color":2},{"time":326,"type":"outline","angle":90,"color":3,"enable":true},{"time":116.5,"ease":"inQuad","duration":1,"newAngle":180,"type":"paddles","angle":360,"paddle":2,"enabled":true},{"time":126.5,"ease":"inOutSine","duration":2,"newAngle":0,"type":"paddles","angle":90,"paddle":2,"enabled":true},{"time":130.5,"ease":"linear","duration":2,"newAngle":180,"type":"paddles","angle":360,"paddle":2,"enabled":false},{"time":197,"type":"ease","value":0.69999980926514,"ease":"inExpo","angle":360,"var":"vfx.pixelate","duration":1},{"angle":292.5,"type":"ease","duration":1.5,"time":260.5,"var":"vfx.pixelate","value":1}],"properties":{"speed":70,"formatversion":12,"startBeat":0,"offset":8},"metadata":{"artist":"Danimal Cannon","bg":true,"charter":"_thegameguy_","description":"Most notably found in Just Shapes And Beats.\n\nMechanics: Taps, Mines, Hold Mines, \nMultiple Paddles, And A Singular Inverse Block.\n\nThis is also the first level I have made.","songName":"Agrobacter","artistLink":"https://www.danimalcannon.com","difficulty":4,"bgData":{"image":"Agrotree.png","redChannel":{"r":10,"g":130,"b":15},"blueChannel":{"r":61,"g":39,"b":11}}}}