[{"type":"block","angle":270,"time":21},{"type":"block","angle":0,"time":22},{"type":"block","angle":90,"time":23},{"type":"block","angle":180,"time":24},{"type":"block","angle":225,"time":29},{"type":"block","angle":315,"time":30},{"type":"block","angle":45,"time":31},{"type":"block","angle":135,"time":32},{"type":"block","angle":180,"time":37},{"type":"block","angle":270,"time":38},{"type":"block","angle":360,"time":39},{"type":"block","angle":90,"time":40},{"type":"block","angle":270,"time":46},{"type":"block","angle":90,"time":48},{"type":"block","angle":225,"time":53},{"type":"block","angle":45,"time":54},{"type":"block","angle":315,"time":54.5},{"type":"block","angle":135,"time":55.5},{"type":"block","angle":315,"time":61},{"type":"block","angle":135,"time":62},{"type":"block","angle":45,"time":62.5},{"type":"block","angle":225,"time":63.5},{"type":"block","angle":180,"time":69},{"type":"block","angle":90,"time":70},{"type":"block","angle":0,"time":70.5},{"type":"block","angle":270,"time":71.5},{"type":"block","angle":216,"time":77},{"type":"block","angle":144,"time":78},{"type":"block","angle":72,"time":78.5},{"type":"block","angle":288,"time":79.5},{"type":"block","angle":360,"time":80.5},{"type":"block","angle":252,"time":93},{"type":"block","angle":324,"time":93.5},{"type":"block","angle":36,"time":94},{"type":"block","angle":108,"time":94.5},{"type":"block","angle":180,"time":95.5},{"type":"block","angle":135,"time":101},{"type":"block","angle":180,"time":101.5},{"type":"block","angle":225,"time":102},{"type":"block","angle":270,"time":102.5},{"type":"block","angle":315,"time":103},{"type":"block","angle":360,"time":103.5},{"type":"block","angle":45,"time":104},{"type":"block","angle":90,"time":104.5},{"type":"block","angle":288,"time":109},{"type":"block","angle":216,"time":109.5},{"type":"block","angle":144,"time":110},{"type":"block","angle":72,"time":110.5},{"type":"block","angle":0,"time":111.5},{"type":"block","angle":45,"time":117},{"type":"block","angle":90,"time":117.5},{"type":"block","angle":135,"time":118},{"type":"block","angle":225,"time":119},{"type":"block","angle":270,"time":119.5},{"type":"block","angle":315,"time":120},{"type":"block","angle":315,"time":125},{"type":"block","angle":45,"time":126},{"type":"block","angle":135,"time":127.5},{"type":"block","angle":225,"time":127},{"type":"block","angle":270,"time":133},{"type":"block","angle":90,"time":134},{"type":"block","angle":0,"time":135},{"type":"block","angle":180,"time":135.5},{"type":"block","angle":225,"time":141},{"type":"block","angle":135,"time":142},{"type":"block","angle":45,"time":143},{"type":"block","angle":315,"time":143.5},{"type":"block","angle":315,"time":150},{"type":"block","angle":135,"time":151},{"type":"block","angle":45,"time":151.5},{"type":"block","angle":225,"time":149},{"type":"block","angle":180,"time":165},{"type":"block","angle":270,"time":165.5},{"type":"block","angle":0,"time":166},{"type":"block","angle":90,"time":166.5},{"type":"block","angle":135,"time":167},{"type":"block","angle":225,"time":167.5},{"type":"block","angle":315,"time":168},{"type":"block","angle":45,"time":168.5},{"type":"block","angle":90,"time":173},{"type":"block","angle":0,"time":173.5},{"type":"block","angle":270,"time":174},{"type":"block","angle":180,"time":174.5},{"type":"block","angle":135,"time":175},{"type":"block","angle":45,"time":175.5},{"type":"block","angle":315,"time":176},{"type":"block","angle":225,"time":176.5},{"type":"block","angle":180,"time":181.5},{"type":"block","angle":90,"time":182.5},{"type":"block","angle":135,"time":182},{"type":"block","angle":45,"time":183},{"type":"block","angle":0,"time":183.5},{"type":"block","angle":315,"time":184},{"type":"block","angle":270,"time":184.5},{"type":"block","angle":225,"time":181},{"type":"block","angle":51.428571428571,"time":189},{"type":"block","angle":154.28571101597,"time":190},{"type":"block","angle":67.5,"time":198.5},{"type":"block","angle":292.5,"time":197},{"type":"block","angle":180,"time":197.75},{"type":"block","angle":0,"time":199},{"type":"block","angle":0,"time":205},{"type":"block","angle":144,"time":205.75},{"type":"block","angle":216,"time":206.5},{"type":"block","angle":288,"time":207},{"type":"block","angle":72,"time":208},{"type":"block","angle":360,"time":213},{"type":"block","angle":144,"time":213.75},{"type":"block","angle":288,"time":214.5},{"type":"block","angle":72,"time":216},{"type":"block","angle":216,"time":215},{"type":"block","angle":360,"time":231.5},{"type":"block","angle":240,"time":232.5},{"type":"block","angle":120,"time":232},{"type":"block","angle":102.85714122227,"time":189.5},{"type":"block","angle":205.71429225377,"time":190.5},{"type":"block","angle":257.14285060338,"time":191},{"type":"block","angle":308.57142421177,"time":191.5},{"type":"block","angle":360.00001307896,"time":192},{"type":"block","angle":240,"time":221},{"type":"block","angle":360,"time":221.75},{"type":"block","angle":120,"time":222.5},{"type":"block","angle":180,"time":223},{"type":"block","angle":300,"time":223.75},{"type":"block","angle":60,"time":224.5}]