{"properties":{"startBeat":1,"loadBeat":0,"offset":4,"speed":0,"formatversion":12},"metadata":{"difficulty":4,"artist":"Tsunku","bg":true,"songName":"Shoot 'em Up","artistLink":"","bgData":{"image":"preview.png","redChannel":{"r":93,"g":138,"b":149},"blueChannel":{"r":32,"g":16,"b":50}},"description":"Invasion alert! Invasion alert! Scramble fighters, STAT!\nNot that this is actually very high-stakes though, to be clear.\nThis *is* just a Beatblock chart.\n\n[gimmick chart]","charter":"abugida"},"events":[{"bpm":142,"file":"shooty.ogg","offset":0.39800000190735,"type":"play","volume":1,"angle":270,"time":1},{"color":3,"type":"setBgColor","angle":270,"time":0},{"color":0,"r":93,"g":138,"b":149,"type":"setColor","angle":180,"time":0},{"color":3,"r":32,"g":16,"b":50,"type":"setColor","angle":150,"time":0},{"color":2,"r":255,"g":255,"b":255,"type":"setColor","angle":210,"time":0},{"color":2,"type":"outline","angle":90,"enable":true,"time":0},{"type":"showResults","angle":0,"time":233},{"value":2,"type":"ease","var":"vfx.canvPos.sx","angle":120,"time":0},{"value":2,"var":"vfx.canvPos.sy","type":"ease","angle":240,"time":0},{"y":90,"id":"1","sprite":"planet.png","angle":0,"time":0,"type":"deco","recolor":0,"drawOrder":1,"sx":0.5,"sy":0.5,"drawLayer":"bg","x":150},{"y":90,"id":"2","sprite":"txt1.png","angle":360,"time":1.5,"recolor":2,"type":"deco","x":150},{"y":90,"id":"3","sprite":"txt2.png","angle":180,"time":5,"recolor":2,"type":"deco","x":150},{"id":"2","type":"deco","hide":true,"angle":360,"time":13},{"id":"3","type":"deco","hide":true,"angle":180,"time":14}]}