[{"sprite":"bigtxt#20","sy":3,"r":25,"id":"bigtext","angle":180,"time":0,"sx":3,"type":"deco"},{"time":0,"type":"deco","id":"bigtext","sy":2,"order":1,"angle":191.25,"ease":"outElastic","sx":2,"duration":1,"r":0},{"sprite":"bigtxt#21","sy":3,"r":-25,"sx":3,"angle":180,"time":0.5,"id":"bigtext","type":"deco"},{"time":0.5,"type":"deco","sx":2,"sy":2,"id":"bigtext","ease":"outElastic","angle":191.25,"order":1,"duration":1,"r":0},{"sx":3,"sy":3,"r":25,"sprite":"bigtxt#22","angle":180,"time":1,"id":"bigtext","type":"deco"},{"time":1,"type":"deco","order":1,"sy":2,"id":"bigtext","ease":"outElastic","angle":191.25,"sx":2,"duration":1,"r":0},{"sx":3,"sy":3,"r":25,"sprite":"bigtxt#23","angle":180,"time":1.5,"id":"bigtext","type":"deco"},{"time":1.5,"type":"deco","order":1,"sy":2,"id":"bigtext","ease":"outElastic","angle":191.25,"sx":2,"duration":1,"r":0},{"sx":3,"sy":3,"r":-25,"id":"bigtext","angle":180,"time":2,"sprite":"bigtxt#24","type":"deco"},{"time":2,"type":"deco","order":1,"sy":2,"id":"bigtext","ease":"outElastic","angle":191.25,"sx":2,"duration":1,"r":0},{"sx":3,"sy":3,"r":25,"id":"bigtext","angle":180,"time":3,"sprite":"bigtxt#25","type":"deco"},{"time":3,"type":"deco","order":1,"sy":2,"id":"bigtext","ease":"outElastic","angle":191.25,"sx":2,"duration":1,"r":0},{"id":"bigtext","sy":4,"r":25,"sx":4,"angle":191.25,"time":3.5,"sprite":"bigtxt#26","type":"deco"},{"order":1,"r":0,"id":"bigtext","angle":202.5,"ease":"outElastic","time":3.5,"duration":1,"type":"deco"},{"time":3.5,"type":"deco","sx":2,"sy":2,"sprite":"bigtxt#26","angle":213.75,"ease":"outExpo","id":"bigtext","duration":16,"order":1}]