[{"id":"bigtext","sy":3,"r":25,"sx":3,"angle":360,"time":0,"sprite":"bigtxt#1","type":"deco"},{"kx":0,"ky":0,"time":0,"type":"deco","sx":2,"sy":2,"order":1,"id":"bigtext","angle":22.5,"ease":"outElastic","duration":1,"r":0},{"sprite":"bigtxt#2","sy":3,"r":-25,"id":"bigtext","angle":360,"time":1,"sx":3,"type":"deco"},{"kx":0,"ky":0,"time":1,"type":"deco","id":"bigtext","sy":2,"order":1,"sx":2,"ease":"outElastic","angle":22.5,"duration":1,"r":0},{"sprite":"bigtxt#3","sy":3,"r":25,"id":"bigtext","angle":360,"time":1.5,"sx":3,"type":"deco"},{"kx":0,"ky":0,"time":1.5,"type":"deco","id":"bigtext","sy":2,"order":1,"sx":2,"ease":"outElastic","angle":22.5,"duration":1,"r":0},{"sprite":"bigtxt#4","sy":3,"r":25,"sx":3,"angle":0,"time":2.5,"id":"bigtext","type":"deco"},{"kx":0,"ky":0,"time":2.5,"type":"deco","id":"bigtext","sy":2,"order":1,"sx":2,"angle":22.5,"ease":"outElastic","duration":1,"r":0},{"id":"bigtext","sy":3,"r":25,"sprite":"bigtxt#5","angle":258.75,"time":4,"sx":3,"type":"deco"},{"kx":0,"ky":0,"time":4,"type":"deco","id":"bigtext","ease":"outElastic","angle":281.25,"order":1,"duration":1,"r":0},{"time":4,"type":"deco","id":"bigtext","sy":2,"sx":2,"angle":270,"ease":"outQuad","duration":8,"order":1}]