[{"time":0,"repeats":16,"order":-1,"type":"ease","value":1.0200001001358,"angle":450,"repeatDelay":1,"var":"vfx.canvPos.sx"},{"time":0,"repeats":16,"order":-1,"type":"ease","value":1.0200001001358,"angle":112.5,"repeatDelay":1,"var":"vfx.canvPos.sy"},{"time":0,"duration":0.25,"value":1.0000001192093,"angle":495,"repeatDelay":1,"var":"vfx.canvPos.sx","repeats":16,"type":"ease","ease":"linear"},{"time":0,"duration":0.25,"value":1.0000001192093,"angle":157.5,"repeatDelay":1,"var":"vfx.canvPos.sy","repeats":16,"type":"ease","ease":"linear"}]