[{"enable":false,"time":11,"angle":78.75,"type":"hom"},{"enable":true,"time":12,"angle":78.75,"type":"hom"},{"time":15,"var":"vfx.canvPos.sx","duration":1,"type":"ease","value":1.1000000238419,"ease":"inCubic","angle":78.75},{"time":15,"var":"vfx.canvPos.sy","ease":"inCubic","type":"ease","value":1.1000000238419,"angle":90,"duration":1},{"repeats":16,"repeatDelay":1,"start":1.0499999523163,"type":"ease","time":0,"order":-1,"var":"vfx.canvPos.sx","ease":"outCubic","value":1,"angle":112.5,"duration":0.5},{"repeats":16,"repeatDelay":1,"start":1.0499999523163,"type":"ease","time":0,"order":-1,"var":"vfx.canvPos.sy","angle":123.75,"value":1,"ease":"outCubic","duration":0.5}]