[{"enable":true,"time":0,"angle":11.25,"type":"hom"},{"time":9.5,"var":"vfx.pixelate","type":"ease","value":4,"angle":270},{"time":10,"var":"vfx.pixelate","type":"ease","value":1,"angle":270},{"time":11.5,"var":"vfx.pixelate","type":"ease","value":4,"angle":270},{"time":12,"var":"vfx.pixelate","type":"ease","value":1,"angle":270},{"value":0,"time":12,"start":1,"ease":"outSine","type":"ease","duration":0.75,"angle":315,"var":"vfx.canvPos.r"},{"start":-1,"time":12.75,"var":"vfx.canvPos.r","angle":315,"type":"ease","duration":0.75,"ease":"outSine","value":0},{"start":1,"time":13.5,"var":"vfx.canvPos.r","angle":315,"type":"ease","duration":0.75,"ease":"outSine","value":0},{"start":-1,"time":14,"var":"vfx.canvPos.r","angle":315,"type":"ease","duration":0.75,"ease":"outSine","value":0},{"value":0,"time":12,"start":-0.10000000149012,"ease":"outSine","type":"ease","duration":1,"angle":292.5,"var":"vfx.canvPos.kx"},{"start":0.10000000149012,"time":12.75,"var":"vfx.canvPos.kx","angle":292.5,"type":"ease","duration":1,"ease":"outSine","value":0},{"start":-0.10000000149012,"time":13.5,"var":"vfx.canvPos.ky","angle":292.5,"type":"ease","duration":1,"ease":"outSine","value":0},{"start":0.10000000149012,"time":14,"var":"vfx.canvPos.ky","angle":292.5,"type":"ease","duration":1,"ease":"outSine","value":0},{"time":8,"var":"vfx.hglitch.strength","type":"ease","value":2,"angle":225},{"time":9.5,"var":"vfx.hglitch.strength","type":"ease","value":0,"angle":225},{"time":10,"var":"vfx.hglitch.strength","type":"ease","value":2,"angle":225},{"time":11.5,"var":"vfx.hglitch.strength","type":"ease","value":0,"angle":225},{"time":9.5,"color":5,"type":"noise","angle":292.5,"chance":0.89999997615814},{"time":10,"color":4,"type":"noise","angle":292.5,"chance":0.5},{"time":11.5,"color":5,"type":"noise","angle":202.5,"chance":0.89999997615814},{"time":12,"color":4,"type":"noise","angle":202.5,"chance":0.5},{"value":300,"time":15,"start":320,"angle":315,"type":"ease","duration":0.5,"ease":"outElastic","var":"vfx.canvPos.x"},{"start":200,"time":15.25,"var":"vfx.canvPos.y","ease":"outElastic","type":"ease","duration":0.5,"angle":315,"value":180},{"var":"vfx.canvPos.x","time":0,"start":310,"angle":90,"type":"ease","value":300,"ease":"outQuint","duration":0.5},{"value":300,"time":0.75,"var":"vfx.canvPos.x","ease":"outQuint","type":"ease","duration":0.5,"angle":90,"start":290},{"value":300,"time":1.5,"var":"vfx.canvPos.x","ease":"outQuint","type":"ease","duration":0.5,"angle":90,"start":310},{"value":300,"time":2,"var":"vfx.canvPos.x","ease":"outQuint","type":"ease","duration":0.5,"angle":90,"start":290},{"value":300,"time":2.75,"var":"vfx.canvPos.x","ease":"outQuint","type":"ease","duration":0.5,"angle":90,"start":310},{"value":300,"time":3.5,"var":"vfx.canvPos.x","ease":"outQuint","type":"ease","duration":0.5,"angle":90,"start":290},{"value":180,"time":4,"var":"vfx.canvPos.y","ease":"outQuint","type":"ease","duration":0.5,"angle":90,"start":190},{"var":"vfx.canvPos.y","time":4.75,"start":170,"angle":90,"type":"ease","duration":0.5,"ease":"outQuint","value":180},{"var":"vfx.canvPos.y","time":5.5,"start":190,"angle":90,"type":"ease","duration":0.5,"ease":"outQuint","value":180},{"var":"vfx.canvPos.y","time":6,"start":170,"angle":90,"type":"ease","duration":0.5,"ease":"outQuint","value":180},{"var":"vfx.canvPos.y","time":6.75,"start":190,"angle":90,"type":"ease","duration":0.5,"ease":"outQuint","value":180},{"var":"vfx.canvPos.y","time":7.5,"start":170,"angle":90,"type":"ease","duration":0.5,"ease":"outQuint","value":180}]