[{"type":"deco","id":"star","time":0,"order":0,"duration":1,"sx":0.89999997615814,"sy":0.89999997615814,"angle":90,"ease":"outQuart"},{"time":0,"order":-1,"type":"deco","sx":1.2000000476837,"sy":1.2000000476837,"angle":67.5,"id":"star"},{"type":"deco","id":"star","time":1,"order":0,"duration":1,"sx":0.89999997615814,"sy":0.89999997615814,"angle":90,"ease":"outQuart"},{"time":1,"order":-1,"sx":1.2000000476837,"type":"deco","sy":1.2000000476837,"id":"star","angle":67.5},{"type":"deco","id":"star","time":2,"order":0,"angle":90,"sx":0.89999997615814,"duration":1,"ease":"outQuart","sy":0.89999997615814},{"time":2,"order":-1,"sx":1.2000000476837,"type":"deco","sy":1.2000000476837,"angle":67.5,"id":"star"},{"type":"deco","id":"star","time":3,"order":0,"duration":1,"sx":0.89999997615814,"sy":0.89999997615814,"angle":90,"ease":"outQuart"},{"time":3,"order":-1,"sx":1.2000000476837,"type":"deco","sy":1.2000000476837,"id":"star","angle":67.5},{"type":"deco","id":"star","time":4,"order":0,"duration":1,"sx":0.89999997615814,"sy":0.89999997615814,"angle":90,"ease":"outQuart"},{"time":4,"order":-1,"sx":1.2000000476837,"type":"deco","sy":1.2000000476837,"id":"star","angle":67.5},{"type":"deco","id":"star","time":5,"order":0,"duration":1,"sx":0.89999997615814,"sy":0.89999997615814,"angle":90,"ease":"outQuart"},{"time":5,"order":-1,"sx":1.2000000476837,"type":"deco","sy":1.2000000476837,"id":"star","angle":67.5},{"type":"deco","id":"star","time":6,"order":0,"duration":1,"sx":0.89999997615814,"sy":0.89999997615814,"angle":90,"ease":"outQuart"},{"time":6,"order":-1,"sx":1.2000000476837,"type":"deco","sy":1.2000000476837,"id":"star","angle":67.5},{"type":"deco","id":"star","time":7,"order":0,"duration":1,"sx":0.89999997615814,"sy":0.89999997615814,"angle":90,"ease":"outQuart"},{"time":7,"order":-1,"sx":1.2000000476837,"type":"deco","sy":1.2000000476837,"id":"star","angle":67.5}]