{"events":[{"volume":1,"type":"play","bpm":136,"angle":360,"time":0,"file":"cruelKing.ogg"},{"g":0,"color":0,"type":"setColor","r":0,"angle":11.25,"time":4.5,"b":0},{"r":255,"time":4.625,"ease":"outQuad","g":255,"duration":1,"type":"setColor","angle":11.25,"color":0,"b":255},{"g":255,"color":1,"r":255,"type":"setColor","angle":22.5,"time":4.5,"b":255},{"r":0,"time":4.625,"ease":"outQuad","g":0,"duration":1,"type":"setColor","angle":22.5,"color":1,"b":0},{"g":0,"color":0,"r":0,"type":"setColor","angle":11.25,"time":8,"b":0},{"r":255,"time":8.125,"ease":"outQuad","g":255,"duration":4,"type":"setColor","angle":11.25,"color":0,"b":255},{"color":1,"type":"noise","angle":33.75,"time":2.5,"chance":0.89999997615814},{"color":1,"type":"noise","angle":33.75,"time":3,"chance":0.80000001192093},{"color":0,"type":"noise","angle":33.75,"time":4.625,"chance":0},{"color":1,"type":"noise","angle":33.75,"time":3.5,"chance":0.69999998807907},{"color":1,"type":"noise","angle":33.75,"time":4,"chance":0.60000002384186},{"g":0,"color":0,"type":"setColor","r":0,"angle":337.5,"time":20,"b":0},{"g":255,"color":1,"r":255,"type":"setColor","angle":326.25,"time":20,"b":255},{"r":157,"time":20.125,"ease":"outQuad","g":208,"duration":3,"type":"setColor","angle":337.5,"color":0,"b":226},{"r":56,"time":20.125,"ease":"outQuad","g":85,"duration":3,"type":"setColor","angle":326.25,"color":1,"b":103},{"g":0,"color":2,"r":0,"type":"setColor","angle":315,"time":20,"b":0},{"color":2,"enable":true,"type":"outline","angle":303.75,"time":20},{"r":207,"time":20.125,"ease":"outQuad","g":240,"duration":3,"type":"setColor","angle":315,"color":2,"b":255},{"enable":true,"type":"hom","angle":292.5,"time":20},{"color":0,"type":"noise","angle":281.25,"time":20,"chance":0.5},{"r":0,"time":35,"ease":"outCubic","g":0,"duration":2,"type":"setColor","angle":348.75,"color":0,"b":0},{"r":120,"time":35,"ease":"outCubic","g":120,"duration":2,"type":"setColor","angle":360,"color":1,"b":120},{"r":255,"time":35,"ease":"outCubic","g":255,"duration":2,"type":"setColor","angle":11.25,"color":2,"b":255},{"r":157,"time":44,"ease":"outCubic","g":208,"duration":0.5,"type":"setColor","angle":11.25,"color":0,"b":226},{"r":56,"time":44,"ease":"outCubic","g":85,"duration":0.5,"type":"setColor","angle":22.5,"color":1,"b":103},{"r":207,"time":44,"ease":"outCubic","g":240,"duration":0.5,"type":"setColor","angle":33.75,"color":2,"b":255},{"color":0,"type":"noise","angle":22.5,"time":35,"chance":0.69999998807907},{"color":0,"type":"noise","angle":45,"time":44,"chance":0.5},{"value":2,"duration":2,"type":"ease","var":"vfx.canvPos.sy","angle":67.5,"time":2.5,"ease":"inSine"},{"var":"vfx.canvPos.sx","duration":2,"type":"ease","value":2,"angle":90,"time":2.5,"ease":"inSine"},{"var":"vfx.canvPos.sy","duration":1,"type":"ease","value":1,"angle":45,"time":4.5,"ease":"outQuart"},{"var":"vfx.canvPos.sx","duration":1,"type":"ease","value":1,"angle":67.5,"time":4.5,"ease":"outQuart"},{"value":300,"duration":2,"type":"ease","var":"p.y","angle":33.75,"time":35,"ease":"outCubic"},{"var":"p.x","duration":2,"type":"ease","value":150,"angle":45,"time":35,"ease":"outCubic"},{"value":180,"duration":0.5,"type":"ease","var":"p.y","angle":56.25,"time":44,"ease":"outCubic"},{"var":"p.x","duration":0.5,"type":"ease","value":300,"angle":67.5,"time":44,"ease":"outCubic"},{"r":0,"time":51.5,"ease":"outCubic","g":0,"duration":2,"type":"setColor","angle":292.5,"color":2,"b":0},{"r":255,"time":51.5,"ease":"outCubic","g":255,"duration":2,"type":"setColor","angle":270,"color":0,"b":255},{"r":120,"time":51.5,"ease":"outCubic","g":120,"duration":2,"type":"setColor","angle":281.25,"color":1,"b":120},{"color":0,"type":"noise","angle":303.75,"time":51.5,"chance":0.69999998807907},{"var":"p.x","duration":2,"type":"ease","value":450,"angle":315,"time":51.5,"ease":"outCubic"},{"var":"p.y","duration":2,"type":"ease","value":100,"angle":326.25,"time":51.5,"ease":"outCubic"},{"color":0,"type":"noise","angle":45,"time":60.5,"chance":0.5},{"r":157,"time":60.5,"ease":"outCubic","g":208,"duration":0.5,"type":"setColor","angle":11.25,"color":0,"b":226},{"r":56,"time":60.5,"ease":"outCubic","g":85,"duration":0.5,"type":"setColor","angle":22.5,"color":1,"b":103},{"r":207,"time":60.5,"ease":"outCubic","g":240,"duration":0.5,"type":"setColor","angle":33.75,"color":2,"b":255},{"value":180,"duration":0.5,"type":"ease","var":"p.y","angle":56.25,"time":60.5,"ease":"outCubic"},{"value":300,"duration":0.5,"type":"ease","var":"p.x","angle":67.5,"time":60.5,"ease":"outCubic"},{"g":0,"color":0,"type":"setColor","r":0,"angle":0,"time":68,"b":0},{"g":0,"color":1,"r":0,"type":"setColor","angle":11.25,"time":68,"b":0},{"g":0,"color":2,"r":0,"type":"setColor","angle":22.5,"time":68,"b":0},{"r":44,"time":68.125,"ease":"outQuad","g":56,"duration":2,"type":"setColor","angle":360,"color":0,"b":64},{"r":193,"time":68.125,"ease":"outQuad","g":223,"duration":2,"type":"setColor","angle":11.25,"color":1,"b":246},{"r":0,"time":68.125,"ease":"outQuad","g":0,"color":2,"type":"setColor","angle":22.5,"duration":2,"b":0},{"value":1.7000000476837,"type":"ease","var":"vfx.canvPos.sy","angle":11.25,"time":114},{"value":1.7000000476837,"type":"ease","var":"vfx.canvPos.sx","angle":22.5,"time":114},{"value":1,"duration":2,"type":"ease","var":"vfx.canvPos.sy","angle":11.25,"time":114.125,"ease":"outCubic"},{"value":1,"duration":2,"type":"ease","var":"vfx.canvPos.sx","angle":22.5,"time":114.125,"ease":"outCubic"},{"r":0,"time":114,"ease":"outSine","g":0,"color":0,"type":"setColor","angle":33.75,"duration":3,"b":0},{"r":0,"time":114,"ease":"outSine","g":0,"duration":3,"type":"setColor","angle":45,"color":1,"b":0},{"color":2,"type":"noise","angle":67.5,"time":114,"chance":0.69999998807907},{"r":80,"time":114,"ease":"outSine","g":80,"duration":3,"type":"setColor","angle":56.25,"color":2,"b":80},{"color":0,"type":"outline","enable":false,"angle":78.75,"time":114},{"enable":false,"type":"hom","angle":90,"time":114},{"r":142,"time":115,"ease":"linear","g":212,"duration":128,"type":"setColor","angle":45,"color":2,"b":255},{"value":5,"duration":3,"type":"ease","var":"vfx.canvPos.sy","angle":112.5,"time":180,"ease":"outQuad"},{"var":"vfx.canvPos.sx","duration":3,"type":"ease","value":5,"angle":123.75,"time":180,"ease":"outQuad"},{"g":255,"color":0,"type":"setColor","r":255,"angle":135,"time":180,"b":255},{"g":0,"color":1,"type":"setColor","r":0,"angle":146.25,"time":180,"b":0},{"color":0,"type":"noise","angle":157.5,"time":180,"chance":0},{"enable":false,"type":"hom","angle":168.75,"time":180},{"color":0,"type":"outline","enable":false,"angle":180,"time":180},{"angle":0,"time":181,"type":"showResults"},{"id":"hit","drawLayer":"bg","x":252,"y":132,"sprite":"orchhitVFX.png","type":"deco","order":-1,"angle":337.5,"recolor":3,"time":4.5},{"id":"hit","hide":true,"duration":1,"type":"deco","angle":337.5,"time":4.625},{"id":"hit","hide":false,"x":204,"y":84,"time":44,"type":"deco","angle":78.75,"sy":2,"sx":2},{"id":"hit","x":300,"time":44.125,"ease":"outQuad","y":180,"duration":1,"type":"deco","angle":78.75,"sx":0,"sy":0},{"id":"hit","x":204,"time":44.875,"sx":2,"type":"deco","angle":11.25,"sy":2,"y":84},{"id":"hit","sx":0,"time":45,"ease":"outQuad","sy":0,"duration":1,"type":"deco","angle":11.25,"x":300,"y":180},{"g":255,"color":3,"r":255,"type":"setColor","angle":22.5,"time":0,"b":255},{"id":"hit","sx":2,"y":84,"time":45.75,"type":"deco","angle":11.25,"sy":2,"x":204},{"id":"hit","x":300,"sy":0,"ease":"outQuad","sx":0,"duration":2,"type":"deco","angle":11.25,"time":45.875,"y":180},{"id":"hit","recolor":2,"sy":1,"sx":1,"x":252,"type":"deco","angle":11.25,"time":47.5,"y":132},{"id":"hit","sx":0,"sy":0,"ease":"outQuad","x":300,"duration":1,"type":"deco","angle":11.25,"time":47.625,"y":180},{"id":"hit","recolor":3,"y":84,"x":204,"sy":2,"type":"deco","angle":11.25,"time":48,"sx":2},{"id":"hit","sx":0,"sy":0,"ease":"outQuad","time":48.125,"duration":1,"type":"deco","angle":11.25,"y":180,"x":300},{"id":"hit","x":204,"y":85,"sx":2,"type":"deco","angle":11.25,"sy":2,"time":48.875},{"id":"hit","sx":0,"y":180,"ease":"outQuad","x":300,"duration":1,"type":"deco","angle":11.25,"sy":0,"time":49},{"id":"hit","sx":2,"y":84,"x":204,"type":"deco","angle":11.25,"time":49.75,"sy":2},{"id":"hit","x":300,"sy":0,"ease":"outQuad","sx":0,"duration":2,"type":"deco","angle":11.25,"time":49.875,"y":180},{"id":"hit","x":204,"time":60.5,"sx":2,"type":"deco","angle":78.75,"sy":2,"y":84},{"id":"hit","x":300,"time":60.625,"ease":"outQuad","y":180,"duration":1,"type":"deco","angle":78.75,"sy":0,"sx":0},{"id":"hit","x":204,"sy":2,"time":61.25,"type":"deco","angle":11.25,"y":84,"sx":2},{"id":"hit","x":300,"y":180,"ease":"outQuad","sx":0,"duration":1,"type":"deco","angle":11.25,"sy":0,"time":61.375},{"id":"hit","sx":2,"time":61.75,"x":204,"type":"deco","angle":11.25,"y":84,"sy":2},{"id":"hit","x":300,"y":180,"ease":"outQuad","sx":0,"duration":2,"type":"deco","angle":11.25,"time":61.875,"sy":0},{"id":"hit","x":252,"sy":1,"recolor":2,"sx":1,"type":"deco","angle":11.25,"y":132,"time":64},{"id":"hit","x":300,"sy":0,"ease":"outQuad","y":180,"duration":1,"type":"deco","angle":11.25,"time":64.125,"sx":0},{"id":"hit","sx":2,"sy":2,"y":84,"x":204,"type":"deco","angle":11.25,"time":64.5,"recolor":3},{"id":"hit","sx":0,"y":180,"ease":"outQuad","sy":0,"duration":1,"type":"deco","angle":11.25,"x":300,"time":64.625},{"id":"hit","sx":2,"y":84,"time":65.125,"type":"deco","angle":11.25,"sy":2,"x":204},{"id":"hit","x":300,"sy":0,"ease":"outQuad","y":180,"duration":1,"type":"deco","angle":11.25,"time":65.25,"sx":0},{"id":"hit","x":204,"time":65.75,"sy":2,"type":"deco","angle":11.25,"y":84,"sx":2},{"id":"hit","x":300,"time":65.875,"ease":"outQuad","sx":0,"duration":1,"type":"deco","angle":11.25,"y":180,"sy":0},{"id":"hit","sx":1,"sy":1,"y":132,"recolor":2,"type":"deco","angle":360,"time":66.5,"x":252},{"id":"hit","x":300,"sy":0,"ease":"outQuad","time":66.625,"duration":1,"type":"deco","angle":360,"y":180,"sx":0},{"id":"hit","x":228,"y":108,"sy":1.5,"type":"deco","angle":360,"time":66.875,"sx":1.5},{"id":"hit","sx":0,"y":180,"ease":"outQuad","x":300,"duration":2,"type":"deco","angle":0,"time":67,"sy":0},{"id":"bground","drawLayer":"bg","x":0,"time":19.5,"sprite":"spikes.png","type":"deco","angle":270,"sy":2,"y":-180},{"id":"bground","x":0,"time":20,"ease":"outQuad","duration":2,"type":"deco","angle":270,"sy":1,"y":0},{"id":"bground","x":-300,"time":66.5,"ease":"inSine","duration":4,"type":"deco","y":-180,"angle":22.5,"sy":2,"sx":2}],"properties":{"offset":8,"speed":70,"startBeat":0,"formatversion":12},"metadata":{"charter":"meeboid","songName":"Cruel King","artistLink":"","difficulty":3,"image":"king.png","description":"My first level. Sync might be off.","artist":"Campyfire","bgData":{"redChannel":{"g":232,"b":255,"r":190},"image":"theKing.png","blueChannel":{"g":115,"b":160,"r":79}},"bg":true}}