[{"recolor":4,"order":-1,"drawOrder":-5,"ox":320,"drawLayer":"bg","id":"circle2","oy":320,"time":1.25,"sprite":"circle2.png","angle":213.75,"type":"deco","sx":0,"sy":0},{"sx":1.2200000286102,"sy":1.2200000286102,"ease":"outQuad","drawLayer":"bg","drawOrder":-5,"time":1.25,"angle":202.5,"type":"deco","id":"circle2","duration":4},{"sx":0,"sy":0,"drawOrder":-5,"ox":320,"drawLayer":"bg","time":0.25,"oy":320,"id":"circle1","sprite":"circle2.png","angle":213.75,"type":"deco","order":-1,"recolor":5},{"sx":1.2200000286102,"sy":1.2200000286102,"drawOrder":-5,"drawLayer":"bg","ease":"outQuad","id":"circle1","angle":202.5,"type":"deco","time":0.25,"duration":4},{"sx":0,"order":-1,"drawOrder":-5,"ox":320,"oy":320,"time":3.25,"recolor":4,"id":"circle4","sprite":"circle2.png","angle":213.75,"type":"deco","drawLayer":"bg","sy":0},{"sx":1.2200000286102,"sy":1.2200000286102,"drawOrder":-5,"drawLayer":"bg","ease":"outQuad","type":"deco","angle":202.5,"time":3.25,"id":"circle4","duration":4},{"recolor":5,"order":-1,"drawOrder":-5,"ox":320,"oy":320,"time":2.25,"sy":0,"type":"deco","sprite":"circle2.png","angle":213.75,"id":"circle3","drawLayer":"bg","sx":0},{"sx":1.2200000286102,"sy":1.2200000286102,"drawOrder":-5,"drawLayer":"bg","ease":"outQuad","id":"circle3","angle":202.5,"type":"deco","time":2.25,"duration":4},{"sx":0,"order":-1,"drawOrder":-5,"ox":320,"oy":320,"type":"deco","drawLayer":"bg","time":5.25,"sprite":"circle2.png","angle":213.75,"id":"circle6","sy":0,"recolor":4},{"sx":1.2200000286102,"sy":1.2200000286102,"ease":"outQuad","drawLayer":"bg","drawOrder":-6,"type":"deco","angle":202.5,"time":5.25,"id":"circle6","duration":4},{"recolor":5,"sy":0,"drawOrder":-5,"ox":320,"drawLayer":"bg","id":"circle5","oy":320,"type":"deco","sprite":"circle2.png","angle":213.75,"time":4.25,"sx":0,"order":-1},{"sx":1.2200000286102,"sy":1.2200000286102,"ease":"outQuad","drawLayer":"bg","drawOrder":-5,"id":"circle5","angle":202.5,"time":4.25,"type":"deco","duration":4},{"recolor":4,"sy":0,"drawOrder":-4,"ox":320,"drawLayer":"bg","id":"circle8","oy":320,"type":"deco","sprite":"circle2.png","angle":213.75,"time":7.25,"sx":0,"order":-1},{"sx":1.2200000286102,"sy":1.2200000286102,"drawOrder":-5,"drawLayer":"bg","ease":"outQuad","type":"deco","angle":202.5,"id":"circle8","time":7.25,"duration":4},{"recolor":5,"order":-1,"drawOrder":-4,"ox":320,"oy":320,"time":6.25,"drawLayer":"bg","type":"deco","sprite":"circle2.png","angle":213.75,"id":"circle7","sy":0,"sx":0},{"sx":1.2200000286102,"sy":1.2200000286102,"drawOrder":-5,"drawLayer":"bg","ease":"outQuad","type":"deco","angle":202.5,"id":"circle7","time":6.25,"duration":4},{"sx":0,"sy":0,"time":0,"angle":191.25,"id":"circle1","type":"deco","drawOrder":-6},{"sx":0,"sy":0,"drawOrder":-6,"angle":191.25,"time":1,"id":"circle2","type":"deco"},{"sx":0,"sy":0,"type":"deco","angle":191.25,"drawOrder":-6,"time":2,"id":"circle3"},{"sx":0,"sy":0,"id":"circle4","angle":191.25,"type":"deco","drawOrder":-6,"time":3},{"sx":0,"sy":0,"time":4,"angle":191.25,"id":"circle5","type":"deco","drawOrder":-6},{"sx":0,"sy":0,"time":5,"angle":191.25,"drawOrder":-6,"id":"circle6","type":"deco"},{"sx":0,"sy":0,"type":"deco","angle":191.25,"time":6,"drawOrder":-6,"id":"circle7"},{"sx":0,"sy":0,"drawOrder":-6,"angle":191.25,"id":"circle8","type":"deco","time":7}]