[{"type":"deco","angle":11.25,"time":0.010000228881836,"id":"editor","hide":true},{"id":"editor","angle":11.25,"type":"deco","time":0.51000022888184,"hide":true},{"id":"editor","angle":22.5,"time":0,"type":"deco","hide":false},{"id":"editor","angle":22.5,"type":"deco","time":0.5,"hide":false},{"time":1.0100002288818,"angle":11.25,"id":"editor","type":"deco","hide":true},{"type":"deco","angle":11.25,"time":1.5100002288818,"id":"editor","hide":true},{"time":1,"angle":22.5,"type":"deco","id":"editor","hide":false},{"type":"deco","angle":22.5,"time":1.5,"id":"editor","hide":false},{"time":2.0100002288818,"angle":11.25,"id":"editor","type":"deco","hide":true},{"type":"deco","angle":11.25,"time":2.5100002288818,"id":"editor","hide":true},{"time":2,"angle":22.5,"type":"deco","id":"editor","hide":false},{"type":"deco","angle":22.5,"time":2.5,"id":"editor","hide":false},{"time":3.0100002288818,"angle":11.25,"id":"editor","type":"deco","hide":true},{"type":"deco","angle":11.25,"time":3.5100002288818,"id":"editor","hide":true},{"time":3,"angle":22.5,"type":"deco","id":"editor","hide":false},{"type":"deco","angle":22.5,"time":3.5,"id":"editor","hide":false},{"time":4.0100002288818,"angle":11.25,"id":"editor","type":"deco","hide":true},{"type":"deco","angle":11.25,"time":4.5100002288818,"id":"editor","hide":true},{"time":4,"angle":22.5,"type":"deco","id":"editor","hide":false},{"type":"deco","angle":22.5,"time":4.5,"id":"editor","hide":false},{"time":5.0100002288818,"angle":11.25,"id":"editor","type":"deco","hide":true},{"type":"deco","angle":11.25,"time":5.5100002288818,"id":"editor","hide":true},{"time":5,"angle":22.5,"type":"deco","id":"editor","hide":false},{"type":"deco","angle":22.5,"time":5.5,"id":"editor","hide":false},{"time":6.0100002288818,"angle":11.25,"id":"editor","type":"deco","hide":true},{"type":"deco","angle":11.25,"time":6.5100002288818,"id":"editor","hide":true},{"time":6,"angle":22.5,"type":"deco","id":"editor","hide":false},{"type":"deco","angle":22.5,"time":6.5,"id":"editor","hide":false},{"time":7.0100002288818,"angle":11.25,"id":"editor","type":"deco","hide":true},{"type":"deco","angle":11.25,"time":7.5100002288818,"id":"editor","hide":true},{"time":7,"angle":22.5,"type":"deco","id":"editor","hide":false},{"type":"deco","angle":22.5,"time":7.5,"id":"editor","hide":false}]