[{"sprite":"editor1.png","angle":191.25,"time":0,"id":"editor","type":"deco"},{"sprite":"editor2.png","angle":191.25,"id":"editor","type":"deco","time":0.5},{"sprite":"editor1.png","angle":191.25,"type":"deco","time":1,"id":"editor"},{"sprite":"editor2.png","angle":191.25,"time":1.5,"id":"editor","type":"deco"},{"sprite":"editor1.png","angle":191.25,"type":"deco","time":2,"id":"editor"},{"sprite":"editor2.png","angle":191.25,"time":2.5,"id":"editor","type":"deco"},{"sprite":"editor1.png","angle":191.25,"type":"deco","time":3,"id":"editor"},{"sprite":"editor2.png","angle":191.25,"time":3.5,"id":"editor","type":"deco"},{"sprite":"editor1.png","angle":191.25,"type":"deco","id":"editor","time":4},{"sprite":"editor2.png","angle":191.25,"time":4.5,"type":"deco","id":"editor"},{"sprite":"editor1.png","angle":191.25,"type":"deco","id":"editor","time":5},{"sprite":"editor2.png","angle":191.25,"time":5.5,"type":"deco","id":"editor"},{"sprite":"editor1.png","angle":191.25,"type":"deco","id":"editor","time":6},{"sprite":"editor2.png","angle":191.25,"time":6.5,"type":"deco","id":"editor"},{"sprite":"editor1.png","angle":191.25,"type":"deco","id":"editor","time":7},{"sprite":"editor2.png","angle":191.25,"time":7.5,"type":"deco","id":"editor"}]