[{"order":1,"angle":0,"time":0.010000228881836,"enable":true,"type":"hom"},{"order":0,"angle":348.75,"time":0,"enable":false,"type":"hom"},{"order":1,"angle":0,"time":0.51000022888184,"enable":true,"type":"hom"},{"order":0,"angle":348.75,"time":0.5,"enable":false,"type":"hom"},{"order":1,"angle":0,"time":1.0100002288818,"enable":true,"type":"hom"},{"order":0,"angle":348.75,"time":1,"enable":false,"type":"hom"},{"order":1,"angle":0,"time":1.5100002288818,"enable":true,"type":"hom"},{"order":0,"angle":348.75,"time":1.5,"enable":false,"type":"hom"},{"order":1,"angle":0,"time":2.0100002288818,"enable":true,"type":"hom"},{"order":0,"angle":348.75,"time":2,"enable":false,"type":"hom"},{"order":1,"angle":0,"time":2.5100002288818,"enable":true,"type":"hom"},{"order":0,"angle":348.75,"time":2.5,"enable":false,"type":"hom"},{"order":1,"angle":0,"time":3.0100002288818,"enable":true,"type":"hom"},{"order":0,"angle":348.75,"time":3,"enable":false,"type":"hom"},{"order":1,"angle":0,"time":3.5100002288818,"enable":true,"type":"hom"},{"order":0,"angle":348.75,"time":3.5,"enable":false,"type":"hom"}]