[
  {
    "sx": 1,
    "sy": 1,
    "r": 0,
    "ox": 360,
    "hide": false,
    "id": "impact",
    "sprite": "impact.png",
    "angle": 180,
    "time": 0,
    "type": "deco",
    "oy": 360
  },
  {
    "ease": "inOutElastic",
    "time": 0,
    "order": 1,
    "r": 1000000,
    "angle": 165,
    "id": "impact",
    "type": "deco",
    "duration": 6
  },
  {
    "sx": 5,
    "order": 1,
    "ease": "inExpo",
    "id": "impact",
    "sy": 5,
    "angle": 150,
    "type": "deco",
    "time": 0,
    "duration": 6
  }
]