{"properties":{"loadBeat":1,"offset":4,"speed":70,"formatversion":12,"startBeat":3},"events":[{"volume":1,"angle":337.5,"file":"Deal-with-the-devil.ogg","bpm":142,"time":1.75,"type":"play"},{"color":0,"g":0,"b":0,"angle":45,"r":0,"time":0,"type":"setColor"},{"r":0,"x":200,"angle":0,"drawLayer":"fg","sx":1,"sprite":"one.png","id":"one","recolor":2,"y":100,"type":"deco","outline":true,"sy":1,"time":3.5,"order":0},{"time":3.5,"id":"one","sx":1.5,"order":1,"y":50,"duration":1,"type":"deco","angle":22.5,"sy":1.5,"ease":"linear","x":150},{"r":0,"x":200,"angle":0,"drawLayer":"fg","sx":1,"sprite":"two.png","id":"two","recolor":2,"y":100,"type":"deco","outline":true,"sy":1,"time":4.5,"order":0},{"time":4.5,"id":"two","sx":1.5,"order":1,"y":50,"duration":1,"type":"deco","angle":22.5,"sy":1.5,"ease":"linear","x":150},{"r":0,"hide":false,"id":"one","sx":1,"sy":1,"order":0,"sprite":"one.png","recolor":2,"x":200,"drawLayer":"fg","type":"deco","outline":true,"angle":0,"time":5.5,"y":100},{"time":5.5,"id":"one","sx":1.5,"order":1,"y":50,"duration":1,"type":"deco","angle":22.5,"sy":1.5,"ease":"linear","x":150},{"hide":true,"id":"one","angle":337.5,"order":-1,"time":4.5,"type":"deco"},{"hide":true,"id":"two","angle":337.5,"order":-1,"time":5.5,"type":"deco"},{"color":2,"g":255,"b":255,"angle":315,"r":255,"time":0,"type":"setColor"},{"hide":true,"id":"one","angle":315,"order":1,"duration":0.5,"type":"deco","ease":"linear","time":6.5},{"r":255,"b":255,"angle":337.5,"order":0,"color":1,"type":"setColor","g":240,"time":6.5,"ease":"linear","duration":0.5},{"angle":0,"type":"ease","var":"p.y","time":6.5,"value":300},{"r":0,"b":0,"angle":337.5,"color":1,"type":"setColor","g":0,"time":10.5,"ease":"linear","duration":0.5},{"r":255,"b":255,"angle":337.5,"color":1,"type":"setColor","g":240,"time":11,"ease":"linear","duration":0.5},{"angle":22.5,"type":"ease","var":"p.y","time":11,"value":50},{"angle":135,"type":"ease","var":"scrollSpeed","time":11,"value":2.5999999046326},{"angle":157.5,"start":50,"duration":3.5,"type":"ease","value":180,"var":"p.y","time":19.5,"ease":"linear"},{"newWidth":25,"angle":45,"enabled":true,"newAngle":180,"type":"paddles","paddle":2,"time":19,"ease":"linear","duration":0.25},{"duration":0.5,"newWidth":40,"angle":67.5,"type":"paddles","time":19,"ease":"linear","paddle":1},{"drawOrder":0,"r":90,"id":"bg","y":0,"order":1,"sprite":"background.png","x":600,"angle":45,"recolor":-1,"type":"deco","sy":0.80000001192093,"sx":0.80000001192093,"time":24,"drawLayer":"fg"},{"r":255,"b":0,"angle":22.5,"order":0,"color":2,"type":"setColor","time":24,"g":0},{"color":1,"g":0,"b":0,"angle":0,"r":0,"time":24,"type":"setColor"},{"drawOrder":1,"r":0,"id":"title","y":0,"order":0,"sprite":"titlecard.png","x":50,"angle":67.5,"recolor":3,"type":"deco","sy":0.30000001192093,"sx":0.30000001192093,"time":24,"drawLayer":"fg"},{"color":3,"g":255,"b":255,"angle":337.5,"r":255,"time":24,"type":"setColor"},{"time":24,"id":"title","sx":0.20000000298023,"order":1,"y":50,"duration":2,"type":"deco","angle":112.5,"sy":0.20000000298023,"ease":"outBack","x":130},{"hide":true,"id":"title","angle":90,"time":27,"type":"deco"},{"color":1,"angle":67.5,"order":1,"time":27,"type":"setColor"},{"time":26,"id":"bg","y":0,"drawLayer":"bg","sx":0.85000002384186,"duration":1,"type":"deco","angle":67.5,"sy":0.85000002384186,"ease":"linear","x":620},{"id":"bg","angle":45,"drawLayer":"bg","time":27,"type":"deco"},{"duration":0,"paddle":2,"type":"paddles","time":24.5,"angle":112.5,"ease":"linear","enabled":false},{"duration":0,"newWidth":70,"angle":67.5,"type":"paddles","time":24.5,"ease":"linear","paddle":1},{"color":3,"enable":true,"angle":135,"time":27,"type":"outline"},{"duration":0.20000000298023,"newWidth":20,"angle":90,"type":"paddles","time":39.5,"ease":"linear","paddle":1},{"duration":0,"type":"paddles","angle":67.5,"time":39.700000762939,"paddle":1,"ease":"linear","enabled":false},{"newWidth":85,"angle":135,"enabled":true,"duration":0.5,"paddle":1,"time":43,"ease":"inOutSine","type":"paddles"},{"color":3,"g":255,"b":255,"angle":112.5,"r":255,"time":27,"type":"setColor"},{"color":2,"r":171,"type":"setColor","duration":0.5,"time":26,"ease":"linear","angle":0},{"r":0,"x":0,"y":-100,"duration":1,"type":"deco","angle":112.5,"time":50.5,"ease":"outSine","id":"bg"},{"drawOrder":0,"r":180,"id":"bg","y":500,"drawLayer":"bg","duration":1,"type":"deco","angle":45,"time":59,"ease":"outSine","x":600},{"r":0,"x":400,"y":-100,"drawLayer":"bg","sprite":"coinflip@10","sy":1,"id":"coin","type":"deco","outline":true,"angle":112.5,"time":77,"sx":1},{"hide":true,"id":"coin","angle":45,"time":96,"type":"deco"},{"x":-200,"y":50,"duration":19,"type":"deco","angle":157.5,"time":77.5,"ease":"linear","id":"coin"},{"duration":1,"newWidth":70,"angle":292.5,"type":"paddles","time":75,"ease":"linear","paddle":1},{"duration":2.5,"angle":90,"type":"ease","time":81,"var":"p.y","ease":"outQuad","value":40},{"duration":3,"angle":157.5,"type":"ease","time":86,"var":"p.y","ease":"outSine","value":330},{"angle":315,"type":"ease","var":"scrollSpeed","time":75,"value":2},{"r":0,"x":400,"y":-100,"drawLayer":"bg","sprite":"coinflip@10","sy":1,"id":"coin","type":"deco","outline":true,"angle":135,"time":77,"sx":1},{"newWidth":33,"angle":315,"newAngle":43,"type":"paddles","time":88.5,"paddle":1,"ease":"linear","duration":1},{"newWidth":33,"angle":45,"enabled":true,"newAngle":-44,"type":"paddles","paddle":2,"time":88.5,"ease":"linear","duration":1},{"newAngle":0,"angle":67.5,"paddle":2,"ease":"linear","type":"paddles","time":88,"duration":0},{"newAngle":0,"angle":22.5,"paddle":2,"ease":"linear","type":"paddles","time":99,"duration":1.5},{"newWidth":70,"angle":337.5,"newAngle":0,"type":"paddles","time":99,"paddle":1,"ease":"linear","duration":1.5},{"duration":0,"paddle":2,"type":"paddles","time":100.5,"angle":22.5,"ease":"linear","enabled":false},{"duration":1.5,"angle":22.5,"type":"ease","time":101.5,"var":"p.y","ease":"linear","value":180},{"newWidth":20,"angle":292.5,"enabled":true,"newAngle":180,"type":"paddles","paddle":2,"time":107.5,"ease":"linear","duration":0},{"duration":0.5,"newWidth":0,"angle":315,"type":"paddles","time":123.75,"ease":"linear","paddle":2},{"duration":0,"paddle":2,"type":"paddles","time":123.5,"angle":292.5,"ease":"linear","enabled":false},{"r":270,"x":400,"sx":1,"sy":1,"sprite":"cards2!Open","type":"deco","y":425,"angle":45,"time":135,"id":"cards2"},{"r":90,"x":200,"sx":1,"order":1,"id":"cards","sprite":"cards!Open","type":"deco","sy":1,"angle":247.5,"time":135,"y":-70},{"id":"cards2","angle":45,"time":145.5,"sprite":"cards2!Close","type":"deco"},{"id":"cards","angle":90,"time":145.5,"sprite":"cards!Close","type":"deco"},{"hide":true,"id":"cards","angle":67.5,"time":147.75,"type":"deco"},{"hide":true,"id":"cards2","angle":112.5,"time":147.75,"type":"deco"},{"r":255,"b":255,"angle":45,"color":0,"type":"setColor","g":255,"time":137.5,"ease":"linear","duration":1},{"color":0,"enable":false,"angle":67.5,"order":1,"time":148,"type":"outline"},{"id":"bg","angle":45,"order":1,"time":148,"sprite":"background2.png","type":"deco"},{"r":252,"b":68,"angle":0,"order":2,"color":3,"type":"setColor","g":68,"time":148,"ease":"linear","duration":2},{"r":171,"b":0,"angle":22.5,"order":0,"color":3,"type":"setColor","time":148,"g":0},{"duration":0.5,"newWidth":70,"angle":135,"type":"paddles","time":42.5,"ease":"linear","paddle":1},{"duration":1.5,"angle":360,"type":"ease","time":137,"var":"scrollSpeed","ease":"linear","value":0.75},{"duration":1.5,"angle":45,"type":"ease","time":146,"var":"scrollSpeed","ease":"linear","value":2.5999999046326},{"angle":90,"time":227.5,"type":"showResults"},{"angle":337.5,"type":"ease","order":3,"var":"vfx.extraTapWidth","time":148,"value":20},{"angle":247.5,"type":"ease","var":"scrollSpeed","time":178.5,"value":2.5},{"x":240,"y":20,"duration":13.5,"type":"deco","angle":157.5,"time":192.5,"ease":"linear","id":"coin"},{"hide":false,"id":"coin","angle":135,"drawLayer":"bg","r":0,"sprite":"coinflip@10","sy":1,"y":-120,"type":"deco","outline":true,"sx":1,"time":192,"x":-300},{"hide":true,"id":"coin","angle":22.5,"time":210,"type":"deco"},{"r":171,"b":0,"angle":337.5,"color":3,"type":"setColor","g":0,"time":210,"ease":"linear","duration":3.5},{"duration":0.20000000298023,"newWidth":90,"angle":292.5,"type":"paddles","time":216,"ease":"linear","paddle":1},{"hide":false,"id":"bg","type":"deco","sprite":"background.png","time":211,"angle":45},{"color":3,"enable":true,"angle":292.5,"order":1,"time":211.5,"type":"outline"},{"r":255,"b":0,"angle":270,"order":0,"color":3,"type":"setColor","time":211.5,"g":0},{"angle":270,"type":"ease","var":"vfx.extraTapWidth","time":215.5,"value":2},{"duration":0.5,"newWidth":75,"angle":292.5,"type":"paddles","time":219,"ease":"linear","paddle":1},{"duration":1,"newWidth":400,"angle":270,"type":"paddles","time":222.5,"ease":"linear","paddle":1},{"hide":true,"x":450,"y":80,"sy":1.3999999761581,"sx":1.3999999761581,"sprite":"arrow.png","r":0,"duration":0.5,"type":"deco","outline":true,"angle":22.5,"time":46,"id":"arrow"},{"duration":1,"hide":false,"id":"arrow","type":"deco","angle":22.5,"ease":"linear","time":48.5},{"hide":true,"id":"arrow","type":"deco","r":90,"time":51,"angle":180},{"hide":false,"id":"arrow","sx":1.3999999761581,"sy":1.3999999761581,"type":"deco","y":210,"angle":112.5,"time":58.5,"x":360},{"hide":true,"id":"arrow","angle":225,"time":59.5,"type":"deco"},{"duration":0.5,"newWidth":500,"angle":45,"type":"paddles","time":209.5,"ease":"linear","paddle":1},{"duration":0.40000000596046,"newWidth":70,"angle":135,"type":"paddles","time":211,"ease":"linear","paddle":1}],"metadata":{"songName":"Deal with the devil","bgData":{"blueChannel":{"g":134,"b":126,"r":134},"redChannel":{"g":48,"b":53,"r":161},"image":"title.png"},"description":"Descend into a gambling craze~~~~","charter":"Cytruss","difficulty":8,"bg":true,"artistLink":"","artist":"Tia"}}