{"metadata":{"bg":true,"bgData":{"greenChannel":{"b":255,"r":255,"g":255},"redChannel":{"b":39,"r":71,"g":66},"blueChannel":{"b":214,"r":226,"g":231},"image":"cover.png","yellowChannel":{"b":255,"r":255,"g":255},"magentaChannel":{"b":255,"r":255,"g":255},"cyanChannel":{"b":255,"r":255,"g":255}},"artist":"t.a.t.u.","charter":"Qkie","artistLink":"","songName":"malchik gay","description":"Greatest thx to @himych_hehe!!!\n","difficulty":5.69},"events":[{"bpm":133,"type":"play","angle":0,"file":"gay.ogg","time":0,"volume":1},{"newWidth":40,"ease":"linear","angle":67.5,"time":0,"duration":0,"type":"paddles","enabled":true,"paddle":2,"newAngle":180},{"b":245,"type":"setColor","angle":112.5,"time":0,"r":255,"color":2,"g":240},{"b":140,"color":1,"angle":146.25,"time":0,"r":227,"type":"setColor","g":122},{"b":221,"color":0,"angle":180,"time":0,"r":250,"type":"setColor","g":218},{"color":2,"angle":225,"time":0,"type":"setBgColor"},{"chance":0.60000002384186,"color":2,"angle":270,"time":0,"type":"noise"},{"type":"hom","angle":303.75,"time":0,"enable":true},{"newWidth":0,"ease":"linear","angle":22.5,"time":0,"paddle":1,"type":"paddles","enabled":false,"duration":0.5},{"newWidth":70,"ease":"linear","angle":45,"time":0,"paddle":3,"type":"paddles","enabled":true,"duration":0.5},{"newWidth":20,"ease":"linear","angle":22.5,"time":25.5,"duration":1,"type":"paddles","paddle":3,"newAngle":-20},{"newWidth":20,"ease":"linear","angle":11.25,"time":25.5,"duration":1,"type":"paddles","paddle":2,"newAngle":20},{"value":999999995904,"type":"ease","angle":67.5,"time":40,"var":"extraHoldLeniency"},{"newWidth":70,"ease":"outBack","angle":236.25,"time":42,"duration":0.5,"type":"paddles","paddle":2,"newAngle":0},{"newWidth":50,"ease":"outBack","angle":225,"time":42,"duration":0.5,"type":"paddles","paddle":3,"newAngle":0},{"value":1,"type":"ease","angle":247.5,"time":42.25,"var":"extraHoldLeniency"},{"newWidth":0,"ease":"linear","type":"paddles","angle":146.25,"time":46.25,"paddle":3,"duration":0.25},{"newWidth":0,"ease":"linear","type":"paddles","angle":168.75,"time":46.25,"paddle":2,"duration":0.25},{"ease":"linear","type":"paddles","angle":146.25,"paddle":2,"time":46.5,"duration":0,"enabled":false},{"ease":"linear","type":"paddles","angle":191.25,"paddle":3,"time":46.5,"duration":0,"enabled":false},{"b":0,"angle":78.75,"time":46.25,"color":2,"type":"setColor","duration":1.75,"r":0,"g":0},{"b":0,"angle":67.5,"time":46.25,"color":1,"type":"setColor","duration":1.25,"r":0,"g":0},{"b":0,"angle":56.25,"time":46.25,"color":0,"type":"setColor","duration":1.75,"r":0,"g":0},{"value":1.3500000238419,"type":"ease","angle":180,"duration":2,"var":"vfx.canvPos.sx","time":44.25},{"value":1.3500000238419,"type":"ease","angle":157.5,"duration":2,"var":"vfx.canvPos.sy","time":44.25},{"value":0.86000001430511,"ease":"inCubic","type":"ease","angle":348.75,"duration":1.25,"var":"vfx.canvPos.sx","time":46.75},{"value":1,"ease":"outCubic","type":"ease","angle":337.5,"duration":1.25,"var":"vfx.canvPos.sy","time":46.75},{"value":1.5,"ease":"outCubic","type":"ease","angle":-22.5,"duration":0.25,"var":"vfx.canvPos.sx","time":46.5},{"value":1.5,"ease":"outCubic","type":"ease","angle":-45,"duration":0.25,"var":"vfx.canvPos.sy","time":46.5},{"y":-81,"id":"m","angle":90,"time":4.75,"sprite":"malchik.png","drawLayer":"bg","type":"deco","x":0},{"b":140,"color":6,"angle":112.5,"time":0.5,"r":227,"type":"setColor","g":122},{"y":100,"id":"g","angle":45,"time":5.75,"sprite":"gay.png","drawLayer":"bg","type":"deco","x":0},{"y":-81,"id":"m","hide":true,"angle":45,"time":6.25,"sprite":"malchik.png","drawLayer":"bg","type":"deco","x":0},{"y":100,"id":"g","hide":true,"angle":67.5,"time":6.25,"sprite":"gay.png","drawLayer":"bg","type":"deco","x":0},{"y":-81,"id":"m","hide":false,"angle":45,"time":12.75,"sprite":"malchik.png","drawLayer":"bg","type":"deco","x":0},{"y":100,"id":"g","hide":false,"angle":45,"time":13.5,"sprite":"gay.png","drawLayer":"bg","type":"deco","x":0},{"y":-81,"id":"m","hide":true,"angle":45,"time":14,"sprite":"malchik.png","drawLayer":"bg","type":"deco","x":0},{"y":100,"id":"g","hide":true,"angle":67.5,"time":14,"sprite":"gay.png","drawLayer":"bg","type":"deco","x":0},{"y":-81,"id":"m","hide":true,"angle":135,"time":15,"sprite":"malchik.png","drawLayer":"bg","type":"deco","x":0},{"y":-81,"id":"m","hide":false,"angle":56.25,"time":15.5,"sprite":"malchik.png","drawLayer":"bg","type":"deco","x":0},{"y":100,"id":"g","hide":false,"angle":45,"time":16.5,"sprite":"gay.png","drawLayer":"bg","type":"deco","x":0},{"y":-81,"id":"m","hide":true,"angle":45,"time":17,"sprite":"malchik.png","drawLayer":"bg","type":"deco","x":0},{"y":100,"id":"g","hide":true,"angle":67.5,"time":17,"sprite":"gay.png","drawLayer":"bg","type":"deco","x":0},{"y":-81,"id":"m","hide":false,"angle":56.25,"time":14.5,"sprite":"malchik.png","drawLayer":"bg","type":"deco","x":0},{"drawOrder":1,"id":"m","hide":false,"angle":45,"time":20.5,"sprite":"malchik.png","drawLayer":"bg","type":"deco","y":-81,"x":0},{"drawOrder":1,"id":"g","hide":false,"angle":33.75,"time":21.25,"sprite":"gay.png","drawLayer":"bg","type":"deco","y":100,"x":0},{"drawOrder":0,"id":"m2","hide":false,"angle":56.25,"time":22,"sprite":"malchik2.png","drawLayer":"bg","type":"deco","y":-75,"x":7},{"drawOrder":0,"id":"g2","hide":false,"angle":56.25,"time":23,"sprite":"gay2.png","drawLayer":"bg","type":"deco","y":106,"x":7},{"b":221,"color":7,"angle":123.75,"time":20.5,"r":250,"type":"setColor","g":218},{"drawOrder":0,"id":"m2","hide":true,"angle":45,"time":23.75,"sprite":"malchik2.png","drawLayer":"bg","type":"deco","y":-75,"x":7},{"drawOrder":0,"id":"g2","hide":true,"angle":67.5,"time":24.75,"sprite":"gay2.png","drawLayer":"bg","type":"deco","y":106,"x":7},{"drawOrder":1,"id":"m","hide":true,"angle":135,"time":25.5,"sprite":"malchik.png","drawLayer":"bg","type":"deco","y":-81,"x":0},{"drawOrder":1,"id":"g","hide":true,"angle":157.5,"time":25.5,"sprite":"gay.png","drawLayer":"bg","type":"deco","y":100,"x":0},{"drawOrder":1,"id":"m","hide":false,"angle":45,"time":28.75,"sprite":"malchik.png","drawLayer":"bg","type":"deco","y":-81,"x":0},{"drawOrder":1,"id":"g","hide":false,"angle":33.75,"time":29.5,"sprite":"gay.png","drawLayer":"bg","type":"deco","y":100,"x":0},{"drawOrder":0,"id":"m2","hide":false,"angle":56.25,"time":30.25,"sprite":"malchik2.png","drawLayer":"bg","type":"deco","y":-75,"x":7},{"drawOrder":0,"id":"g2","hide":false,"angle":56.25,"time":31.25,"sprite":"gay2.png","drawLayer":"bg","type":"deco","y":106,"x":7},{"drawOrder":0,"id":"m2","hide":true,"angle":45,"time":32,"sprite":"malchik2.png","drawLayer":"bg","type":"deco","y":-75,"x":7},{"drawOrder":0,"id":"g2","hide":true,"angle":67.5,"time":33,"sprite":"gay2.png","drawLayer":"bg","type":"deco","y":106,"x":7},{"drawOrder":1,"id":"m","hide":true,"angle":135,"time":33.75,"sprite":"malchik.png","drawLayer":"bg","type":"deco","y":-81,"x":0},{"drawOrder":1,"id":"g","hide":true,"angle":157.5,"time":33.75,"sprite":"gay.png","drawLayer":"bg","type":"deco","y":100,"x":0},{"drawOrder":1,"id":"m","hide":false,"angle":90,"time":36.75,"sprite":"malchik.png","drawLayer":"bg","type":"deco","y":-81,"x":0},{"drawOrder":1,"id":"g","hide":false,"angle":78.75,"time":37.5,"sprite":"gay.png","drawLayer":"bg","type":"deco","y":100,"x":0},{"drawOrder":0,"id":"m2","hide":false,"angle":101.25,"time":38.25,"sprite":"malchik2.png","drawLayer":"bg","type":"deco","y":-75,"x":7},{"drawOrder":0,"id":"g2","hide":false,"angle":101.25,"time":39.25,"sprite":"gay2.png","drawLayer":"bg","type":"deco","y":106,"x":7},{"drawOrder":0,"id":"m2","hide":true,"angle":90,"time":40,"sprite":"malchik2.png","drawLayer":"bg","type":"deco","y":-75,"x":7},{"drawOrder":0,"id":"g2","hide":true,"angle":112.5,"time":40,"sprite":"gay2.png","drawLayer":"bg","type":"deco","y":106,"x":7},{"drawOrder":1,"id":"m","hide":true,"angle":180,"time":41.25,"sprite":"malchik.png","drawLayer":"bg","type":"deco","y":-81,"x":0},{"drawOrder":1,"id":"g","hide":true,"angle":135,"time":40,"sprite":"gay.png","drawLayer":"bg","type":"deco","y":100,"x":0},{"b":10,"angle":225,"time":48.5,"color":2,"type":"setColor","duration":1,"r":0,"g":15},{"b":115,"angle":202.5,"time":48.5,"color":1,"type":"setColor","duration":1,"r":28,"g":133},{"b":34,"angle":180,"time":48.5,"color":0,"type":"setColor","duration":1,"r":5,"g":37},{"value":1,"ease":"outCubic","type":"ease","angle":-22.5,"duration":0.25,"var":"vfx.canvPos.sx","time":48.25},{"value":1,"ease":"outCubic","type":"ease","angle":-45,"duration":0.25,"var":"vfx.canvPos.sy","time":48.25},{"newWidth":360,"ease":"linear","angle":247.5,"time":48.25,"paddle":2,"type":"paddles","enabled":true,"duration":0},{"newWidth":70,"ease":"outSine","type":"paddles","angle":45,"time":48.75,"paddle":2,"duration":0.75},{"value":1.5,"type":"ease","angle":168.75,"time":46.5,"var":"vfx.hwaves.strength"},{"value":1,"type":"ease","angle":146.25,"time":48.5,"var":"vfx.hwaves.period"},{"chance":0.30000001192093,"color":2,"angle":78.75,"time":64.25,"type":"noise"},{"b":245,"color":2,"angle":91.5,"time":88.75,"r":255,"type":"setColor","g":240},{"b":140,"color":1,"angle":125.25,"time":88.75,"r":227,"type":"setColor","g":122},{"b":221,"color":0,"angle":159,"time":88.75,"r":250,"type":"setColor","g":218},{"b":10,"color":2,"angle":262,"time":89.25,"r":0,"type":"setColor","g":15},{"b":115,"color":1,"angle":239.5,"time":89.25,"r":28,"type":"setColor","g":133},{"b":34,"color":0,"angle":217,"time":89.25,"r":5,"type":"setColor","g":37},{"b":245,"type":"setColor","angle":91.5,"time":89.75,"r":255,"color":2,"g":240},{"b":140,"type":"setColor","angle":125.25,"time":89.75,"r":227,"color":1,"g":122},{"b":221,"type":"setColor","angle":159,"time":89.75,"r":250,"color":0,"g":218},{"b":10,"color":2,"angle":262,"time":90.25,"r":0,"type":"setColor","g":15},{"b":115,"color":1,"angle":239.5,"time":90.25,"r":28,"type":"setColor","g":133},{"b":34,"color":0,"angle":217,"time":90.25,"r":5,"type":"setColor","g":37},{"b":245,"type":"setColor","angle":73.5,"time":90.75,"r":255,"color":2,"g":240},{"b":140,"type":"setColor","angle":107.25,"time":90.75,"r":227,"color":1,"g":122},{"b":221,"type":"setColor","angle":141,"time":90.75,"r":250,"color":0,"g":218},{"b":10,"color":2,"angle":244,"time":91.25,"r":0,"type":"setColor","g":15},{"b":115,"color":1,"angle":221.5,"time":91.25,"r":28,"type":"setColor","g":133},{"b":34,"color":0,"angle":199,"time":91.25,"r":5,"type":"setColor","g":37},{"b":245,"color":2,"angle":226.5,"time":91.75,"r":255,"type":"setColor","g":240},{"b":140,"color":1,"angle":260.25,"time":91.75,"r":227,"type":"setColor","g":122},{"b":221,"color":0,"angle":294,"time":91.75,"r":250,"type":"setColor","g":218},{"b":10,"color":2,"angle":397,"time":92.25,"r":0,"type":"setColor","g":15},{"b":115,"color":1,"angle":374.5,"time":92.25,"r":28,"type":"setColor","g":133},{"b":34,"color":0,"angle":352,"time":92.25,"r":5,"type":"setColor","g":37},{"b":245,"type":"setColor","angle":211.5,"time":92.25,"r":255,"color":2,"g":240},{"b":140,"color":1,"angle":245.25,"time":92.25,"r":227,"type":"setColor","g":122},{"b":221,"color":0,"angle":279,"time":92.25,"r":250,"type":"setColor","g":218},{"b":10,"color":2,"angle":382,"time":92.75,"r":0,"type":"setColor","g":15},{"b":115,"color":1,"angle":359.5,"time":92.75,"r":28,"type":"setColor","g":133},{"b":34,"color":0,"angle":337,"time":92.75,"r":5,"type":"setColor","g":37},{"newWidth":45,"ease":"linear","type":"paddles","angle":157.5,"time":96.25,"paddle":2,"duration":0},{"newWidth":70,"ease":"linear","type":"paddles","angle":146.25,"time":99.75,"paddle":2,"duration":0},{"b":245,"angle":226.5,"time":96.75,"color":2,"type":"setColor","duration":1,"r":255,"g":240},{"b":140,"angle":260.25,"time":96.75,"color":1,"type":"setColor","duration":1,"r":227,"g":122},{"b":221,"angle":294,"time":96.75,"color":0,"type":"setColor","duration":1,"r":250,"g":218},{"b":10,"angle":397,"time":97.25,"color":2,"type":"setColor","duration":1,"r":0,"g":15},{"b":115,"angle":374.5,"time":97.25,"color":1,"type":"setColor","duration":1,"r":28,"g":133},{"b":34,"angle":352,"time":97.25,"color":0,"type":"setColor","duration":1,"r":5,"g":37},{"b":245,"angle":211.5,"time":97.25,"color":2,"type":"setColor","duration":1,"r":255,"g":240},{"b":140,"angle":245.25,"time":97.25,"color":1,"type":"setColor","duration":1,"r":227,"g":122},{"b":221,"angle":279,"time":97.25,"color":0,"type":"setColor","duration":1,"r":250,"g":218},{"b":245,"angle":226.5,"time":97.75,"color":2,"type":"setColor","duration":1,"r":255,"g":240},{"b":140,"angle":260.25,"time":97.75,"color":1,"type":"setColor","duration":1,"r":227,"g":122},{"b":221,"angle":294,"time":97.75,"color":0,"type":"setColor","duration":1,"r":250,"g":218},{"b":10,"angle":397,"time":98.25,"color":2,"type":"setColor","duration":1,"r":0,"g":15},{"b":115,"angle":374.5,"time":98.25,"color":1,"type":"setColor","duration":1,"r":28,"g":133},{"b":34,"angle":352,"time":98.25,"color":0,"type":"setColor","duration":1,"r":5,"g":37},{"b":245,"angle":211.5,"time":98.25,"color":2,"type":"setColor","duration":1,"r":255,"g":240},{"b":140,"angle":245.25,"time":98.25,"color":1,"type":"setColor","duration":1,"r":227,"g":122},{"b":221,"angle":279,"time":98.25,"color":0,"type":"setColor","duration":1,"r":250,"g":218},{"b":245,"color":2,"angle":226.5,"time":100.25,"r":255,"type":"setColor","g":240},{"b":140,"type":"setColor","angle":260.25,"time":100.25,"r":227,"color":1,"g":122},{"b":221,"type":"setColor","angle":294,"time":100.25,"r":250,"color":0,"g":218},{"b":255,"ease":"inQuad","angle":194.79963684082,"time":99.75,"type":"setColor","color":2,"duration":0.25,"r":255,"g":255},{"b":255,"ease":"inQuad","angle":206.12825012207,"time":99.75,"type":"setColor","color":1,"duration":0.25,"r":255,"g":255},{"b":255,"ease":"inQuad","angle":219.87181091309,"time":99.75,"type":"setColor","color":0,"duration":0.25,"r":255,"g":255},{"value":0,"type":"ease","angle":132.46644592285,"time":100.25,"var":"vfx.hwaves.strength"},{"value":1.1499999761581,"type":"ease","angle":90,"time":100.25,"var":"scrollSpeed"},{"time":132.75,"type":"showResults","angle":281.25},{"value":1.7000000476837,"ease":"inQuad","type":"ease","angle":45,"duration":1,"var":"scrollSpeed","time":130.75},{"value":0.89999997615814,"ease":"outQuad","type":"ease","angle":33.75,"duration":0.875,"var":"scrollSpeed","time":115.875}],"properties":{"speed":100,"offset":8,"formatversion":13}}