[{"time":0,"type":"block","angle":0},{"time":2,"type":"block","angle":315},{"time":4,"type":"block","angle":292.5},{"time":4.5,"type":"block","angle":247.5},{"time":7.5,"duration":1.5,"angle2":202.5,"type":"hold","angle":292.5},{"time":9,"duration":2.5,"angle2":202.5,"type":"hold","angle":202.5},{"time":0,"type":"extraTap","angle":360},{"time":2,"type":"extraTap","angle":0},{"time":4,"type":"extraTap","angle":0},{"time":3,"type":"block","angle":270},{"time":5.5,"type":"block","angle":292.5},{"time":6.5,"type":"block","angle":315}]