{"metadata":{"bg":true,"songName":"LORELEI","artistLink":"https://www.youtube.com/@Cametek.CamelliaOfficial","difficulty":12,"artist":"Camellia","charter":"DawnAndNight","description":"FLASHING LIGHTS WARNING!\n\nMechanics: Taps, Sides, Holds\n\nRemember that you can hold and release\ntaps on hold notes instead of tapping them,\njust a suggestion :)\n\nVFX loosely based on the ADOFAI level\n","bgData":{"image":"loreleiSongBG.png","blueChannel":{"g":255,"r":255,"b":255},"redChannel":{"g":146,"r":100,"b":250}}},"properties":{"formatversion":12,"startBeat":0,"speed":80,"offset":8},"events":[{"bpm":107.5,"angle":0,"type":"play","file":"Lorelei.ogg","volume":1,"time":0,"offset":0.10999999940395},{"type":"setBPM","bpm":215,"time":16,"angle":337.5},{"duration":2,"type":"ease","ease":"outCirc","angle":45,"repeatDelay":4,"repeats":3,"time":0,"value":0.5,"var":"scrollSpeed"},{"duration":2,"type":"ease","ease":"inCirc","angle":67.5,"repeatDelay":4,"repeats":3,"time":2,"value":0.80000001192093,"var":"scrollSpeed"},{"duration":8,"type":"ease","angle":292.5,"ease":"linear","time":72,"value":1.25,"var":"scrollSpeed"},{"duration":1,"var":"scrollSpeed","type":"ease","time":140,"value":1,"angle":315},{"duration":8,"var":"scrollSpeed","type":"ease","time":280,"value":1.25,"angle":315},{"duration":4,"type":"ease","angle":315,"ease":"outCirc","time":272,"value":0.5,"var":"scrollSpeed"},{"duration":4,"type":"ease","var":"scrollSpeed","ease":"outCirc","time":368,"value":0.5,"angle":180},{"start":0.80000001192093,"type":"ease","ease":"outExpo","repeats":4,"angle":45,"duration":0.66600000858307,"repeatDelay":0.66666001081467,"time":188,"value":1,"var":"scrollSpeed"},{"duration":2,"angle":292.5,"type":"ease","time":398,"value":1.1000000238419,"var":"scrollSpeed"},{"duration":1,"type":"ease","var":"p.x","ease":"outCirc","time":462,"value":500,"angle":337.5},{"duration":8,"angle":0,"type":"ease","time":464,"value":300,"var":"p.x"},{"duration":1,"type":"ease","var":"p.x","ease":"outCirc","time":472,"value":100,"angle":67.5},{"duration":8,"var":"p.x","type":"ease","time":473,"value":300,"angle":67.5},{"duration":1,"type":"ease","angle":292.5,"ease":"outCirc","time":480,"value":500,"var":"p.x"},{"duration":8,"var":"p.x","type":"ease","time":481,"value":300,"angle":-90},{"duration":1,"type":"ease","var":"p.x","ease":"outCirc","time":488,"value":100,"angle":67.5},{"duration":8,"var":"p.x","type":"ease","time":489,"value":300,"angle":67.5},{"duration":8,"type":"ease","var":"scrollSpeed","ease":"linear","time":624,"value":1.25,"angle":112.5},{"duration":8,"type":"ease","var":"scrollSpeed","ease":"linear","time":640,"value":2,"angle":135},{"duration":0.5,"type":"ease","var":"scrollSpeed","ease":"outCirc","time":647.5,"value":1.25,"angle":292.5},{"duration":8,"type":"ease","angle":135,"ease":"linear","time":656,"value":2.25,"var":"scrollSpeed"},{"duration":0.5,"type":"ease","angle":292.5,"ease":"outCirc","time":663.5,"value":1.25,"var":"scrollSpeed"},{"duration":0.5,"type":"ease","angle":22.5,"ease":"outCirc","time":655,"value":0.5,"var":"scrollSpeed"},{"duration":0.5,"type":"ease","angle":22.5,"ease":"inCirc","time":655.5,"value":1.25,"var":"scrollSpeed"},{"duration":8,"type":"ease","var":"scrollSpeed","ease":"linear","time":672,"value":2.5,"angle":135},{"duration":0.5,"type":"ease","var":"scrollSpeed","ease":"outCirc","time":679.5,"value":1.25,"angle":292.5},{"duration":0.5,"type":"ease","var":"scrollSpeed","ease":"outCirc","time":671,"value":0.5,"angle":22.5},{"duration":0.5,"type":"ease","var":"scrollSpeed","ease":"inCirc","time":671.5,"value":1.25,"angle":22.5},{"duration":0.5,"type":"ease","var":"scrollSpeed","ease":"outCirc","time":687,"value":0.5,"angle":22.5},{"duration":0.5,"type":"ease","var":"scrollSpeed","ease":"inCirc","time":687.5,"value":1.25,"angle":22.5},{"duration":8,"angle":157.5,"type":"ease","time":696,"value":3,"var":"scrollSpeed"},{"type":"setBgColor","time":-8,"angle":15,"color":2},{"angle":30,"type":"setColor","color":2,"g":34,"time":-8,"r":7,"b":6},{"color":3,"type":"outline","time":-8,"enable":true,"angle":45},{"type":"setColor","angle":315,"b":164,"order":0,"g":220,"time":0,"r":154,"color":2},{"duration":2,"type":"setColor","angle":330,"b":90,"order":1,"g":172,"r":74,"time":-0,"color":2},{"type":"setColor","angle":315,"b":164,"order":0,"g":220,"time":4,"r":154,"color":2},{"duration":2,"type":"setColor","angle":330,"time":4,"order":1,"g":172,"r":74,"b":90,"color":2},{"type":"setColor","angle":315,"b":164,"order":0,"g":220,"time":8,"r":154,"color":2},{"duration":2,"type":"setColor","angle":330,"time":8,"order":1,"g":172,"r":74,"b":90,"color":2},{"type":"setColor","angle":315,"b":164,"order":0,"g":220,"time":12,"r":154,"color":2},{"duration":2,"type":"setColor","angle":330,"time":12,"order":1,"g":172,"r":74,"b":90,"color":2},{"type":"setColor","angle":315,"b":124,"order":0,"g":221,"time":16,"r":106,"color":2},{"duration":4,"type":"setColor","angle":330,"time":16,"order":1,"g":172,"r":74,"b":90,"color":2},{"type":"setColor","angle":315,"b":124,"order":0,"g":221,"time":20,"r":106,"color":2},{"duration":4,"type":"setColor","angle":330,"b":90,"order":1,"g":172,"r":74,"time":20,"color":2},{"type":"setColor","angle":315,"b":124,"order":0,"g":221,"time":24,"r":106,"color":2},{"duration":4,"type":"setColor","angle":330,"b":90,"order":1,"g":172,"r":74,"time":24,"color":2},{"type":"setColor","angle":315,"b":124,"order":0,"g":221,"time":28,"r":106,"color":2},{"duration":2,"type":"setColor","angle":330,"b":90,"order":1,"g":172,"r":74,"time":28,"color":2},{"type":"setColor","angle":315,"b":124,"order":0,"g":221,"time":30,"r":106,"color":2},{"duration":2,"type":"setColor","angle":330,"time":30,"order":1,"g":172,"r":74,"b":90,"color":2},{"type":"setColor","angle":315,"b":124,"order":0,"g":221,"time":32,"r":106,"color":2},{"duration":4,"type":"setColor","angle":330,"time":32,"order":1,"g":172,"r":74,"b":90,"color":2},{"type":"setColor","angle":315,"b":124,"order":0,"g":221,"time":36,"r":106,"color":2},{"duration":4,"type":"setColor","angle":330,"time":36,"order":1,"g":172,"r":74,"b":90,"color":2},{"type":"setColor","angle":315,"b":124,"order":0,"g":221,"time":40,"r":106,"color":2},{"duration":4,"type":"setColor","angle":330,"time":40,"order":1,"g":172,"r":74,"b":90,"color":2},{"type":"setColor","angle":315,"b":124,"order":0,"g":221,"time":44,"r":106,"color":2},{"duration":2,"type":"setColor","angle":330,"time":44,"order":1,"g":172,"r":74,"b":90,"color":2},{"type":"setColor","angle":315,"b":124,"order":0,"g":221,"time":46,"r":106,"color":2},{"duration":2,"type":"setColor","angle":330,"b":90,"order":1,"g":172,"r":74,"time":46,"color":2},{"type":"setColor","angle":315,"b":124,"order":0,"g":221,"time":48,"r":106,"color":2},{"duration":4,"type":"setColor","angle":330,"b":90,"order":1,"g":172,"r":74,"time":48,"color":2},{"type":"setColor","angle":315,"b":124,"order":0,"g":221,"time":52,"r":106,"color":2},{"duration":4,"type":"setColor","angle":330,"b":90,"order":1,"g":172,"r":74,"time":52,"color":2},{"type":"setColor","angle":315,"b":124,"order":0,"g":221,"time":56,"r":106,"color":2},{"duration":4,"type":"setColor","angle":330,"b":90,"order":1,"g":172,"r":74,"time":56,"color":2},{"type":"setColor","angle":315,"b":124,"order":0,"g":221,"time":60,"r":106,"color":2},{"duration":2,"type":"setColor","angle":330,"time":60,"order":1,"g":172,"r":74,"b":90,"color":2},{"type":"setColor","angle":315,"b":124,"order":0,"g":221,"time":62,"r":106,"color":2},{"duration":2,"type":"setColor","angle":330,"b":90,"order":1,"g":172,"r":74,"time":62,"color":2},{"type":"setColor","angle":315,"b":124,"order":0,"g":221,"time":64,"r":106,"color":2},{"duration":4,"type":"setColor","angle":330,"b":90,"order":1,"g":172,"r":74,"time":64,"color":2},{"type":"setColor","angle":315,"b":124,"order":0,"g":221,"time":68,"r":106,"color":2},{"duration":4,"type":"setColor","angle":330,"b":90,"order":1,"g":172,"r":74,"time":68,"color":2},{"type":"setColor","angle":315,"b":124,"order":0,"g":221,"time":72,"r":106,"color":2},{"duration":4,"type":"setColor","angle":330,"b":90,"order":1,"g":172,"r":74,"time":72,"color":2},{"duration":4,"type":"setColor","angle":360,"b":0,"g":0,"r":0,"time":76,"color":2},{"angle":360,"type":"setColor","color":3,"g":255,"time":-8,"r":0,"b":19},{"duration":4,"type":"setColor","angle":15,"b":98,"g":27,"time":76,"r":20,"color":0},{"duration":4,"type":"setColor","angle":30,"b":98,"g":27,"time":76,"r":20,"color":1},{"duration":4,"type":"setColor","angle":45,"b":212,"g":158,"time":76,"r":135,"color":3},{"hide":true,"type":"deco","ox":128,"oy":128,"recolor":3,"angle":337.5,"sx":4,"sy":4,"sprite":"loreleiText#0","time":-8,"drawLayer":"fg","id":"text"},{"hide":false,"type":"deco","ease":"outExpo","angle":22.5,"sx":2,"sy":2,"duration":1,"time":129,"id":"text"},{"id":"text","type":"deco","sprite":"loreleiText#1","angle":22.5,"sx":8,"sy":8,"time":130,"hide":true},{"hide":false,"type":"deco","ease":"outExpo","angle":22.5,"sx":2,"sy":2,"duration":1,"time":131,"id":"text"},{"id":"text","type":"deco","sprite":"loreleiText#2","angle":22.5,"sx":8,"sy":8,"time":132,"hide":true},{"hide":false,"type":"deco","ease":"outExpo","angle":22.5,"sx":2,"sy":2,"duration":1,"time":133,"id":"text"},{"id":"text","type":"deco","sprite":"loreleiText#3","angle":22.5,"sx":8,"sy":8,"time":134,"hide":true},{"hide":false,"type":"deco","ease":"outExpo","angle":22.5,"sx":2,"sy":2,"duration":1,"time":135,"id":"text"},{"id":"text","type":"deco","sprite":"loreleiText#4","angle":22.5,"sx":8,"sy":8,"time":136,"hide":true},{"hide":false,"type":"deco","outline":true,"ease":"outCirc","recolor":1,"angle":22.5,"sx":4,"sy":4,"duration":1,"time":140.5,"id":"text"},{"id":"text","type":"deco","time":141.5,"sprite":"loreleiText#5","angle":22.5},{"y":600,"type":"deco","id":"text","ease":"inOutQuint","time":142,"duration":2,"angle":22.5},{"angleOffset":false,"type":"tag","tag":"invertColorsBuildup","time":129,"angle":0},{"angleOffset":false,"type":"tag","tag":"invertColorsBuildup","time":131,"angle":0},{"angleOffset":false,"type":"tag","tag":"invertColorsBuildup","time":133,"angle":0},{"angleOffset":false,"type":"tag","tag":"invertColorsBuildup","time":135,"angle":0},{"duration":1,"type":"setColor","angle":337.5,"b":255,"g":255,"time":140,"r":255,"color":0},{"duration":1,"type":"setColor","ease":"outCirc","angle":360,"b":0,"g":0,"r":0,"time":140,"color":1},{"duration":1,"type":"setColor","ease":"outCirc","angle":22.5,"b":229,"g":151,"time":140,"r":113,"color":2},{"angle":45,"type":"setColor","color":3,"g":55,"time":140,"r":237,"b":114},{"id":"pop1","type":"deco","ox":180,"oy":128,"recolor":3,"angle":337.5,"drawLayer":"bg","r":90,"time":140.5,"sprite":"loreleiHitCircle#5"},{"id":"pop1","type":"deco","ox":156,"sprite":"loreleiHitCircle!hit@32","angle":315,"sx":1.5,"sy":1.5,"time":172.5},{"id":"pop1","time":173.25,"type":"deco","r":215,"sprite":"loreleiHitCircle!hit@32","recolor":-1,"angle":450},{"id":"pop1","time":174,"type":"deco","r":0,"sprite":"loreleiHitCircle!hit@32","recolor":3,"angle":450},{"id":"pop1","sprite":"loreleiHitCircle!hit@32","type":"deco","r":-145,"time":174.5,"recolor":-1,"angle":450},{"y":180,"type":"deco","ox":350,"oy":350,"drawOrder":-1,"angle":90,"sprite":"gradientRed.png","id":"bg","time":-8,"drawLayer":"bg","x":300},{"id":"bg","type":"deco","sprite":"gradientGray.png","time":140,"angle":292.5},{"type":"setBgColor","time":140,"angle":67.5,"color":1},{"color":0,"type":"outline","time":140,"enable":true,"angle":90},{"id":"pop1","sprite":"loreleiHitCircle!hit@32","type":"deco","r":-180,"time":188,"recolor":3,"angle":270},{"id":"pop1","time":188.66667175293,"type":"deco","r":-120,"sprite":"loreleiHitCircle!hit@32","recolor":-1,"angle":270},{"id":"pop1","time":189.33332824707,"type":"deco","r":-60,"sprite":"loreleiHitCircle!hit@32","recolor":3,"angle":270},{"id":"pop1","sprite":"loreleiHitCircle!hit@32","type":"deco","r":0,"time":190,"recolor":-1,"angle":255},{"id":"pop1","time":190.66667175293,"type":"deco","r":60,"sprite":"loreleiHitCircle!hit@32","recolor":3,"angle":270},{"angle":345,"type":"setColor","color":0,"g":0,"time":195,"r":0,"b":0},{"color":1,"type":"setColor","angle":360,"g":255,"time":195,"r":255,"b":255},{"angle":345,"type":"setColor","color":1,"g":0,"time":196,"r":0,"b":0},{"color":0,"type":"setColor","angle":360,"g":255,"time":196,"r":255,"b":255},{"angle":345,"type":"setColor","b":0,"g":0,"time":199,"r":0,"color":0},{"b":255,"type":"setColor","angle":360,"g":255,"time":199,"r":255,"color":1},{"b":0,"type":"setColor","angle":345,"g":0,"time":200,"r":0,"color":1},{"angle":360,"type":"setColor","b":255,"g":255,"time":200,"r":255,"color":0},{"angle":345,"type":"setColor","b":0,"g":0,"time":201,"r":0,"color":0},{"angle":360,"type":"setColor","b":255,"g":255,"time":201,"r":255,"color":1},{"b":0,"type":"setColor","angle":345,"g":0,"time":202,"r":0,"color":1},{"angle":360,"type":"setColor","b":255,"g":255,"time":202,"r":255,"color":0},{"angle":345,"type":"setColor","b":0,"g":0,"time":203,"r":0,"color":0},{"b":255,"type":"setColor","angle":360,"g":255,"time":203,"r":255,"color":1},{"b":0,"type":"setColor","angle":345,"g":0,"time":204,"r":0,"color":1},{"angle":360,"type":"setColor","b":255,"g":255,"time":204,"r":255,"color":0},{"id":"bg","sprite":"gradientRed.png","order":0,"time":208,"type":"deco","angle":360},{"type":"setColor","angle":15,"b":255,"order":0,"g":255,"time":208,"r":255,"color":2},{"duration":1,"type":"setColor","angle":30,"b":88,"order":1,"g":235,"r":31,"time":208,"color":2},{"angleOffset":false,"type":"tag","tag":"bgPulseGreen","time":209,"angle":0},{"angleOffset":false,"type":"tag","tag":"bgPulseGreen","time":210,"angle":0},{"angleOffset":false,"type":"tag","tag":"bgPulseGreen","time":211,"angle":0},{"angleOffset":false,"type":"tag","tag":"bgPulseGreen","time":212,"angle":0},{"angleOffset":false,"type":"tag","tag":"bgPulseGreen","time":213,"angle":0},{"angleOffset":false,"type":"tag","tag":"bgPulseGreen","time":214,"angle":0},{"angleOffset":false,"type":"tag","tag":"bgPulseGreen","time":215,"angle":0},{"angleOffset":false,"type":"tag","tag":"bgPulseGreen","time":216,"angle":0},{"angleOffset":false,"type":"tag","tag":"bgPulseGreen","time":217,"angle":0},{"angleOffset":false,"type":"tag","tag":"bgPulseGreen","time":218,"angle":0},{"angleOffset":false,"type":"tag","tag":"bgPulseGreen","time":219,"angle":0},{"angleOffset":false,"type":"tag","tag":"bgPulseGreen","time":220,"angle":0},{"angleOffset":false,"type":"tag","tag":"bgPulseGreen","time":221,"angle":0},{"angleOffset":false,"type":"tag","tag":"bgPulseGreen","time":222,"angle":0},{"duration":0.5,"type":"deco","id":"bg","ease":"outCirc","time":195,"r":30,"angle":15},{"duration":0.5,"type":"deco","id":"bg","ease":"inCirc","time":195.5,"r":0,"angle":15},{"duration":0.5,"type":"deco","id":"bg","ease":"outCirc","time":199,"r":-30,"angle":15},{"duration":0.5,"type":"deco","id":"bg","ease":"inCirc","r":0,"time":199.5,"angle":15},{"duration":0.5,"type":"deco","id":"bg","ease":"outCirc","time":200,"r":30,"angle":15},{"duration":0.5,"type":"deco","id":"bg","ease":"inCirc","r":0,"time":200.5,"angle":15},{"duration":0.5,"type":"deco","id":"bg","ease":"outCirc","time":201,"r":-30,"angle":15},{"duration":0.5,"type":"deco","id":"bg","ease":"inCirc","time":201.5,"r":0,"angle":15},{"duration":0.5,"type":"deco","id":"bg","ease":"outCirc","time":202,"r":30,"angle":15},{"duration":0.5,"type":"deco","id":"bg","ease":"inCirc","r":0,"time":202.5,"angle":15},{"duration":2,"type":"deco","id":"bg","ease":"outBack","time":203,"r":180,"angle":15},{"id":"bg","type":"deco","r":0,"time":208,"angle":345},{"duration":0.5,"type":"deco","ease":"outCirc","angle":0,"sx":0.80000001192093,"sy":0.80000001192093,"r":-210,"time":223,"id":"bg"},{"duration":0.5,"type":"deco","ease":"inCirc","angle":360,"sx":1,"sy":1,"r":-180,"time":223.5,"id":"bg"},{"duration":1,"type":"setColor","angle":270,"color":1,"order":1,"g":17,"r":86,"time":224,"b":29},{"duration":1,"type":"setColor","angle":255,"color":0,"order":1,"g":142,"time":224,"r":205,"b":180},{"duration":1,"type":"setColor","angle":285,"color":2,"order":1,"g":43,"r":211,"time":224,"b":76},{"type":"setColor","angle":195,"b":255,"order":0,"g":255,"time":224,"r":255,"color":1},{"type":"setColor","angle":180,"b":255,"order":0,"g":255,"time":224,"r":255,"color":0},{"type":"setColor","angle":210,"b":255,"order":0,"g":255,"time":224,"r":255,"color":2},{"id":"bg","type":"deco","r":0,"time":224,"angle":360},{"duration":0.75,"type":"deco","ease":"outBack","time":236,"angle":315,"sx":1,"sy":1,"order":1,"r":30,"id":"bg"},{"sx":1.2000000476837,"sy":1.2000000476837,"type":"deco","id":"bg","time":236,"order":0,"angle":330},{"duration":0.75,"type":"deco","ease":"outBack","time":236.75,"angle":315,"sx":1,"sy":1,"order":1,"r":60,"id":"bg"},{"sx":1.2000000476837,"sy":1.2000000476837,"type":"deco","id":"bg","time":236.75,"order":0,"angle":330},{"duration":0.75,"type":"deco","ease":"outBack","time":237.5,"angle":315,"sx":1,"sy":1,"order":1,"r":90,"id":"bg"},{"sx":1.2000000476837,"sy":1.2000000476837,"type":"deco","id":"bg","time":237.5,"order":0,"angle":330},{"duration":0.75,"type":"deco","ease":"outBack","time":238.25,"angle":315,"sx":1,"sy":1,"order":1,"r":120,"id":"bg"},{"sx":1.2000000476837,"sy":1.2000000476837,"type":"deco","id":"bg","time":238.25,"order":0,"angle":330},{"duration":0.5,"type":"deco","ease":"outCirc","time":239,"angle":315,"sx":0.80000001192093,"sy":0.80000001192093,"order":1,"r":390,"id":"bg"},{"duration":0.5,"type":"deco","ease":"inCirc","time":239.5,"angle":315,"sx":1,"sy":1,"order":1,"r":360,"id":"bg"},{"type":"setColor","angle":-150,"b":255,"order":0,"g":255,"time":240,"r":255,"color":2},{"duration":1,"type":"setColor","angle":30,"b":88,"order":1,"g":235,"time":240,"r":31,"color":2},{"duration":1,"type":"setColor","angle":45,"b":0,"order":1,"g":0,"r":0,"time":240,"color":1},{"duration":1,"type":"setColor","angle":60,"b":255,"g":255,"r":255,"time":240,"color":0},{"type":"setColor","angle":-135,"b":255,"order":0,"g":255,"time":240,"r":255,"color":1},{"type":"setColor","angle":-120,"b":255,"order":0,"g":255,"time":240,"r":255,"color":0},{"angleOffset":false,"type":"tag","tag":"bgPulseGreen","time":208,"angle":45},{"angleOffset":false,"type":"tag","tag":"bgPulseGreen","time":240,"angle":-15},{"angleOffset":false,"type":"tag","tag":"bgPulseGreen","time":241,"angle":0},{"angleOffset":false,"type":"tag","tag":"bgPulseGreen","time":242,"angle":0},{"angleOffset":false,"type":"tag","tag":"bgPulseGreen","time":243,"angle":0},{"angleOffset":false,"type":"tag","tag":"bgPulseGreen","time":244,"angle":0},{"angleOffset":false,"type":"tag","tag":"bgPulseGreen","time":245,"angle":0},{"angleOffset":false,"type":"tag","tag":"bgPulseGreen","time":246,"angle":0},{"angleOffset":false,"type":"tag","tag":"bgPulseGreen","time":247,"angle":0},{"angleOffset":false,"type":"tag","tag":"bgPulseGreen","time":248,"angle":0},{"angleOffset":false,"type":"tag","tag":"bgPulseGreen","time":249,"angle":0},{"angleOffset":false,"type":"tag","tag":"bgPulseGreen","time":250,"angle":0},{"angleOffset":false,"type":"tag","tag":"bgPulseGreen","time":251,"angle":0},{"angleOffset":false,"type":"tag","tag":"bgPulseGreen","time":252,"angle":0},{"angleOffset":false,"type":"tag","tag":"bgPulseGreen","time":253,"angle":0},{"angleOffset":false,"type":"tag","tag":"bgPulseGreen","time":254,"angle":0},{"duration":1,"type":"setColor","angle":405,"color":1,"order":1,"g":17,"time":256,"r":86,"b":29},{"duration":1,"type":"setColor","angle":390,"color":0,"order":1,"g":142,"r":205,"time":256,"b":180},{"duration":1,"type":"setColor","angle":420,"color":2,"order":1,"g":43,"time":256,"r":211,"b":76},{"type":"setColor","angle":330,"b":255,"order":0,"g":255,"time":256,"r":255,"color":1},{"type":"setColor","angle":315,"b":255,"order":0,"g":255,"time":256,"r":255,"color":0},{"type":"setColor","angle":345,"b":255,"order":0,"g":255,"time":256,"r":255,"color":2},{"duration":0.5,"type":"ease","var":"scrollSpeed","ease":"outCirc","time":259,"value":0.75,"angle":45},{"duration":0.5,"type":"ease","var":"scrollSpeed","ease":"inCirc","time":259.5,"value":1,"angle":45},{"duration":0.5,"type":"ease","angle":45,"ease":"outCirc","time":263,"value":0.75,"var":"scrollSpeed"},{"duration":0.5,"type":"ease","var":"scrollSpeed","ease":"inCirc","time":263.5,"value":1,"angle":45},{"duration":1,"type":"setColor","angle":405,"color":1,"order":1,"g":17,"r":86,"time":260,"b":29},{"duration":1,"type":"setColor","angle":390,"color":0,"order":1,"g":142,"time":260,"r":205,"b":180},{"duration":1,"type":"setColor","angle":420,"color":2,"order":1,"g":43,"r":211,"time":260,"b":76},{"type":"setColor","angle":330,"b":255,"order":0,"g":255,"time":260,"r":255,"color":1},{"type":"setColor","angle":315,"b":255,"order":0,"g":255,"time":260,"r":255,"color":0},{"type":"setColor","angle":345,"b":255,"order":0,"g":255,"time":260,"r":255,"color":2},{"duration":1,"type":"setColor","angle":405,"color":1,"order":1,"g":17,"r":86,"time":264,"b":29},{"duration":1,"type":"setColor","angle":390,"color":0,"order":1,"g":142,"time":264,"r":205,"b":180},{"duration":1,"type":"setColor","angle":420,"color":2,"order":1,"g":43,"r":211,"time":264,"b":76},{"type":"setColor","angle":330,"b":255,"order":0,"g":255,"time":264,"r":255,"color":1},{"type":"setColor","angle":315,"b":255,"order":0,"g":255,"time":264,"r":255,"color":0},{"type":"setColor","angle":345,"b":255,"order":0,"g":255,"time":264,"r":255,"color":2},{"duration":1,"type":"setColor","angle":15,"b":0,"g":0,"time":271,"r":0,"color":0},{"duration":1,"type":"setColor","angle":30,"b":0,"g":0,"r":0,"time":271,"color":1},{"duration":1,"type":"setColor","angle":45,"b":0,"g":0,"r":0,"time":271,"color":2},{"angle":60,"type":"setColor","b":255,"g":255,"time":271,"r":255,"color":3},{"color":3,"type":"outline","time":271,"angle":75,"enable":true},{"duration":8,"type":"setColor","angle":360,"b":0,"g":0,"r":0,"time":272,"color":2},{"duration":8,"type":"setColor","angle":15,"b":98,"g":27,"time":272,"r":20,"color":0},{"duration":8,"type":"setColor","angle":30,"b":98,"g":27,"time":272,"r":20,"color":1},{"duration":8,"type":"setColor","angle":45,"b":212,"g":158,"time":272,"r":135,"color":3},{"hide":false,"type":"deco","ease":"outExpo","angle":22.5,"sx":2,"sy":2,"duration":1,"time":289,"id":"text"},{"id":"text","type":"deco","sprite":"loreleiText#1","angle":22.5,"sx":8,"sy":8,"time":290,"hide":true},{"hide":false,"type":"deco","ease":"outExpo","angle":22.5,"sx":2,"sy":2,"duration":1,"time":291,"id":"text"},{"id":"text","type":"deco","sprite":"loreleiText#2","angle":22.5,"sx":8,"sy":8,"time":292,"hide":true},{"hide":false,"type":"deco","ease":"outExpo","angle":22.5,"sx":2,"sy":2,"duration":1,"time":293,"id":"text"},{"id":"text","type":"deco","sprite":"loreleiText#3","angle":22.5,"sx":8,"sy":8,"time":294,"hide":true},{"hide":false,"type":"deco","ease":"outExpo","angle":22.5,"sx":2,"sy":2,"duration":1,"time":295,"id":"text"},{"id":"text","type":"deco","sprite":"loreleiText#4","angle":22.5,"sx":8,"sy":8,"time":296,"hide":true},{"hide":false,"type":"deco","outline":true,"ease":"outCirc","recolor":1,"angle":22.5,"sx":4,"sy":4,"duration":1,"time":300.5,"id":"text"},{"id":"text","type":"deco","time":301.5,"sprite":"loreleiText#5","angle":22.5},{"y":600,"type":"deco","id":"text","ease":"inOutQuint","time":302,"duration":2,"angle":22.5},{"angleOffset":false,"type":"tag","tag":"invertColorsBuildup","time":289,"angle":0},{"angleOffset":false,"type":"tag","tag":"invertColorsBuildup","time":291,"angle":0},{"angleOffset":false,"type":"tag","tag":"invertColorsBuildup","time":293,"angle":0},{"angleOffset":false,"type":"tag","tag":"invertColorsBuildup","time":295,"angle":0},{"duration":1,"type":"setColor","angle":337.5,"b":255,"g":255,"time":300,"r":255,"color":0},{"duration":1,"type":"setColor","ease":"outCirc","angle":360,"time":300,"g":0,"r":0,"b":0,"color":1},{"duration":1,"type":"setColor","ease":"outCirc","angle":22.5,"b":255,"g":255,"r":255,"time":300,"color":0},{"color":3,"type":"setColor","angle":45,"g":55,"time":300,"r":237,"b":114},{"id":"pop1","type":"deco","ox":180,"oy":128,"recolor":3,"angle":337.5,"drawLayer":"bg","r":90,"time":300.5,"sprite":"loreleiHitCircle#5"},{"type":"setBgColor","time":300,"angle":67.5,"color":1},{"color":0,"type":"outline","time":300,"angle":90,"enable":true},{"y":180,"type":"deco","outline":false,"ox":128,"drawLayer":"fg","recolor":3,"angle":337.5,"sx":4,"sy":4,"sprite":"loreleiText#0","oy":128,"hide":true,"time":285,"id":"text","x":300},{"duration":1,"type":"setColor","angle":30,"b":0,"g":0,"time":302.5,"r":0,"color":0},{"color":3,"type":"outline","time":302.5,"angle":15,"enable":true},{"angle":360,"type":"setColor","b":255,"g":255,"time":302.5,"r":255,"color":3},{"type":"setColor","angle":360,"b":0,"order":0,"g":0,"time":304,"r":255,"color":2},{"duration":1,"type":"setColor","angle":15,"color":2,"order":1,"g":0,"time":304,"r":0,"b":0},{"type":"setColor","angle":360,"b":255,"order":0,"g":0,"time":304.75,"r":8,"color":2},{"duration":1,"type":"setColor","angle":15,"color":2,"order":1,"g":0,"r":0,"time":304.75,"b":0},{"type":"setColor","angle":360,"b":247,"order":0,"g":0,"time":305.5,"r":255,"color":2},{"duration":1,"type":"setColor","angle":15,"color":2,"order":1,"g":0,"r":0,"time":305.5,"b":0},{"type":"setColor","angle":360,"b":30,"order":0,"g":255,"time":306,"r":0,"color":2},{"duration":1,"type":"setColor","angle":15,"color":2,"order":1,"g":0,"r":0,"time":306,"b":0},{"type":"setColor","angle":360,"b":255,"order":0,"g":195,"time":306.75,"r":0,"color":2},{"duration":1,"type":"setColor","angle":15,"color":2,"order":1,"g":0,"r":0,"time":306.75,"b":0},{"type":"setColor","angle":360,"b":0,"order":0,"g":157,"time":308,"r":255,"color":2},{"duration":1,"type":"setColor","angle":15,"color":2,"order":1,"g":0,"r":0,"time":308,"b":0},{"type":"setColor","angle":360,"b":255,"order":0,"g":0,"time":308.75,"r":180,"color":2},{"duration":1,"type":"setColor","angle":15,"color":2,"order":1,"g":0,"r":0,"time":308.75,"b":0},{"type":"setColor","angle":360,"b":0,"order":0,"g":0,"time":309.5,"r":255,"color":2},{"duration":1,"type":"setColor","angle":15,"color":2,"order":1,"g":224,"r":255,"time":309.5,"b":0},{"type":"setColor","angle":405,"b":0,"order":0,"g":0,"time":310,"r":255,"color":2},{"duration":1,"type":"setColor","angle":60,"color":2,"order":1,"g":0,"r":0,"time":310,"b":0},{"type":"setColor","angle":360,"b":255,"order":0,"g":0,"time":310.75,"r":217,"color":2},{"duration":1,"type":"setColor","angle":15,"color":2,"order":1,"g":0,"r":0,"time":310.75,"b":0},{"type":"setColor","angle":390,"b":155,"order":0,"g":255,"time":311.5,"r":0,"color":2},{"duration":1,"type":"setColor","angle":45,"color":2,"order":1,"g":0,"r":0,"time":311.5,"b":0},{"id":"bg","type":"deco","angle":60,"sx":0.89999997615814,"sy":0.89999997615814,"hide":true,"time":302.5,"duration":8},{"sx":1,"sy":1,"type":"deco","id":"bg","time":312,"duration":1,"angle":30},{"type":"hom","time":302.5,"angle":45,"enable":true},{"color":2,"type":"noise","time":302.5,"chance":0.5,"angle":345},{"start":1.2999999523163,"type":"ease","ease":"outCirc","angle":30,"duration":1,"time":304,"value":1,"var":"vfx.homCanvPos.sx"},{"start":1.2999999523163,"type":"ease","ease":"outCirc","angle":45,"duration":1,"time":304,"value":1,"var":"vfx.homCanvPos.sy"},{"start":1.2999999523163,"type":"ease","ease":"outCirc","angle":30,"duration":1,"time":304.75,"value":1,"var":"vfx.homCanvPos.sx"},{"start":1.2999999523163,"type":"ease","ease":"outCirc","angle":45,"duration":1,"time":304.75,"value":1,"var":"vfx.homCanvPos.sy"},{"start":1.2999999523163,"type":"ease","ease":"outCirc","angle":30,"duration":1,"time":305.5,"value":1,"var":"vfx.homCanvPos.sx"},{"start":1.2999999523163,"type":"ease","ease":"outCirc","angle":45,"duration":1,"time":305.5,"value":1,"var":"vfx.homCanvPos.sy"},{"start":1.2999999523163,"type":"ease","ease":"outCirc","angle":30,"duration":1,"time":306,"value":1,"var":"vfx.homCanvPos.sx"},{"start":1.2999999523163,"type":"ease","ease":"outCirc","angle":45,"duration":1,"time":306,"value":1,"var":"vfx.homCanvPos.sy"},{"start":1.2999999523163,"type":"ease","ease":"outCirc","angle":30,"duration":1,"time":306.75,"value":1,"var":"vfx.homCanvPos.sx"},{"start":1.2999999523163,"type":"ease","ease":"outCirc","angle":45,"duration":1,"time":306.75,"value":1,"var":"vfx.homCanvPos.sy"},{"start":1.2999999523163,"type":"ease","ease":"outCirc","angle":30,"duration":1,"time":308,"value":1,"var":"vfx.homCanvPos.sx"},{"start":1.2999999523163,"type":"ease","ease":"outCirc","angle":45,"duration":1,"time":308,"value":1,"var":"vfx.homCanvPos.sy"},{"start":1.2999999523163,"type":"ease","ease":"outCirc","angle":30,"duration":1,"time":308.75,"value":1,"var":"vfx.homCanvPos.sx"},{"start":1.2999999523163,"type":"ease","ease":"outCirc","angle":45,"duration":1,"time":308.75,"value":1,"var":"vfx.homCanvPos.sy"},{"start":1.2999999523163,"type":"ease","ease":"outCirc","angle":30,"duration":1,"time":309.5,"value":1,"var":"vfx.homCanvPos.sx"},{"start":1.2999999523163,"type":"ease","ease":"outCirc","angle":45,"duration":1,"time":309.5,"value":1,"var":"vfx.homCanvPos.sy"},{"start":1.2999999523163,"type":"ease","ease":"outCirc","angle":30,"duration":1,"time":310,"value":1,"var":"vfx.homCanvPos.sx"},{"start":1.2999999523163,"type":"ease","ease":"outCirc","angle":45,"duration":1,"time":310,"value":1,"var":"vfx.homCanvPos.sy"},{"start":1.2999999523163,"type":"ease","ease":"outCirc","angle":30,"duration":1,"time":310.75,"value":1,"var":"vfx.homCanvPos.sx"},{"start":1.2999999523163,"type":"ease","ease":"outCirc","angle":45,"duration":1,"time":310.75,"value":1,"var":"vfx.homCanvPos.sy"},{"start":1.2999999523163,"type":"ease","ease":"outCirc","angle":30,"duration":1,"time":311.5,"value":1,"var":"vfx.homCanvPos.sx"},{"start":1.2999999523163,"type":"ease","ease":"outCirc","angle":45,"duration":1,"time":311.5,"value":1,"var":"vfx.homCanvPos.sy"},{"duration":1,"type":"ease","var":"vfx.homCanvPos.sx","ease":"outCirc","time":312,"value":0,"angle":0},{"duration":1,"type":"ease","var":"vfx.homCanvPos.sy","ease":"outCirc","time":312,"value":0,"angle":15},{"type":"setColor","angle":-540,"b":0,"order":0,"g":0,"time":320,"r":255,"color":2},{"duration":1,"type":"setColor","angle":-195,"color":2,"order":1,"g":0,"r":0,"time":320,"b":0},{"type":"setColor","angle":-540,"b":255,"order":0,"g":0,"time":320.75,"r":8,"color":2},{"duration":1,"type":"setColor","angle":-195,"color":2,"order":1,"g":0,"time":320.75,"r":0,"b":0},{"type":"setColor","angle":-540,"b":247,"order":0,"g":0,"time":321.5,"r":255,"color":2},{"duration":1,"type":"setColor","angle":-195,"color":2,"order":1,"g":0,"time":321.5,"r":0,"b":0},{"type":"setColor","angle":-540,"b":30,"order":0,"g":255,"time":322,"r":0,"color":2},{"duration":1,"type":"setColor","angle":-195,"color":2,"order":1,"g":0,"time":322,"r":0,"b":0},{"type":"setColor","angle":-540,"b":255,"order":0,"g":195,"time":322.75,"r":0,"color":2},{"duration":1,"type":"setColor","angle":-195,"color":2,"order":1,"g":0,"time":322.75,"r":0,"b":0},{"type":"setColor","angle":-540,"b":0,"order":0,"g":157,"time":324,"r":255,"color":2},{"duration":1,"type":"setColor","angle":-195,"color":2,"order":1,"g":0,"time":324,"r":0,"b":0},{"type":"setColor","angle":-540,"b":255,"order":0,"g":0,"time":324.75,"r":180,"color":2},{"duration":1,"type":"setColor","angle":-195,"color":2,"order":1,"g":0,"time":324.75,"r":0,"b":0},{"type":"setColor","angle":-540,"b":0,"order":0,"g":0,"time":325.5,"r":255,"color":2},{"duration":1,"type":"setColor","angle":-195,"color":2,"order":1,"g":224,"time":325.5,"r":255,"b":0},{"type":"setColor","angle":-585,"b":0,"order":0,"g":0,"time":326,"r":255,"color":2},{"duration":1,"type":"setColor","angle":-240,"color":2,"order":1,"g":0,"time":326,"r":0,"b":0},{"type":"setColor","angle":-540,"b":255,"order":0,"g":0,"time":326.75,"r":217,"color":2},{"duration":1,"type":"setColor","angle":-195,"color":2,"order":1,"g":0,"time":326.75,"r":0,"b":0},{"type":"setColor","angle":-570,"b":155,"order":0,"g":255,"time":327.5,"r":0,"color":2},{"duration":1,"type":"setColor","angle":-225,"color":2,"order":1,"g":0,"time":327.5,"r":0,"b":0},{"sx":1,"sy":1,"type":"deco","id":"bg","time":328,"duration":1,"angle":-210},{"start":1.2999999523163,"type":"ease","ease":"outCirc","angle":-210,"duration":1,"time":320,"value":1,"var":"vfx.homCanvPos.sx"},{"start":1.2999999523163,"type":"ease","ease":"outCirc","angle":-225,"duration":1,"time":320,"value":1,"var":"vfx.homCanvPos.sy"},{"start":1.2999999523163,"type":"ease","ease":"outCirc","angle":-210,"duration":1,"time":320.75,"value":1,"var":"vfx.homCanvPos.sx"},{"start":1.2999999523163,"type":"ease","ease":"outCirc","angle":-225,"duration":1,"time":320.75,"value":1,"var":"vfx.homCanvPos.sy"},{"start":1.2999999523163,"type":"ease","ease":"outCirc","angle":-210,"duration":1,"time":321.5,"value":1,"var":"vfx.homCanvPos.sx"},{"start":1.2999999523163,"type":"ease","ease":"outCirc","angle":-225,"duration":1,"time":321.5,"value":1,"var":"vfx.homCanvPos.sy"},{"start":1.2999999523163,"type":"ease","ease":"outCirc","angle":-210,"duration":1,"time":322,"value":1,"var":"vfx.homCanvPos.sx"},{"start":1.2999999523163,"type":"ease","ease":"outCirc","angle":-225,"duration":1,"time":322,"value":1,"var":"vfx.homCanvPos.sy"},{"start":1.2999999523163,"type":"ease","ease":"outCirc","angle":-210,"duration":1,"time":322.75,"value":1,"var":"vfx.homCanvPos.sx"},{"start":1.2999999523163,"type":"ease","ease":"outCirc","angle":-225,"duration":1,"time":322.75,"value":1,"var":"vfx.homCanvPos.sy"},{"start":1.2999999523163,"type":"ease","ease":"outCirc","angle":-210,"duration":1,"time":324,"value":1,"var":"vfx.homCanvPos.sx"},{"start":1.2999999523163,"type":"ease","ease":"outCirc","angle":-225,"duration":1,"time":324,"value":1,"var":"vfx.homCanvPos.sy"},{"start":1.2999999523163,"type":"ease","ease":"outCirc","angle":-210,"duration":1,"time":324.75,"value":1,"var":"vfx.homCanvPos.sx"},{"start":1.2999999523163,"type":"ease","ease":"outCirc","angle":-225,"duration":1,"time":324.75,"value":1,"var":"vfx.homCanvPos.sy"},{"start":1.2999999523163,"type":"ease","ease":"outCirc","angle":-210,"duration":1,"time":325.5,"value":1,"var":"vfx.homCanvPos.sx"},{"start":1.2999999523163,"type":"ease","ease":"outCirc","angle":-225,"duration":1,"time":325.5,"value":1,"var":"vfx.homCanvPos.sy"},{"start":1.2999999523163,"type":"ease","ease":"outCirc","angle":-210,"duration":1,"time":326,"value":1,"var":"vfx.homCanvPos.sx"},{"start":1.2999999523163,"type":"ease","ease":"outCirc","angle":-225,"duration":1,"time":326,"value":1,"var":"vfx.homCanvPos.sy"},{"start":1.2999999523163,"type":"ease","ease":"outCirc","angle":-210,"duration":1,"time":326.75,"value":1,"var":"vfx.homCanvPos.sx"},{"start":1.2999999523163,"type":"ease","ease":"outCirc","angle":-225,"duration":1,"time":326.75,"value":1,"var":"vfx.homCanvPos.sy"},{"start":1.2999999523163,"type":"ease","ease":"outCirc","angle":-210,"duration":1,"time":327.5,"value":1,"var":"vfx.homCanvPos.sx"},{"start":1.2999999523163,"type":"ease","ease":"outCirc","angle":-225,"duration":1,"time":327.5,"value":1,"var":"vfx.homCanvPos.sy"},{"duration":1,"type":"ease","var":"vfx.homCanvPos.sx","ease":"outCirc","time":328,"value":0,"angle":-180},{"duration":1,"type":"ease","var":"vfx.homCanvPos.sy","ease":"outCirc","time":328,"value":0,"angle":-195},{"type":"setColor","angle":-540,"b":0,"order":0,"g":0,"time":336,"r":255,"color":2},{"duration":1,"type":"setColor","angle":-195,"color":2,"order":1,"g":0,"r":0,"time":336,"b":0},{"type":"setColor","angle":-540,"b":255,"order":0,"g":0,"time":336.75,"r":8,"color":2},{"duration":1,"type":"setColor","angle":-195,"color":2,"order":1,"g":0,"time":336.75,"r":0,"b":0},{"type":"setColor","angle":-540,"b":247,"order":0,"g":0,"time":337.5,"r":255,"color":2},{"duration":1,"type":"setColor","angle":-195,"color":2,"order":1,"g":0,"time":337.5,"r":0,"b":0},{"type":"setColor","angle":-540,"b":30,"order":0,"g":255,"time":338,"r":0,"color":2},{"duration":1,"type":"setColor","angle":-195,"color":2,"order":1,"g":0,"time":338,"r":0,"b":0},{"type":"setColor","angle":-540,"b":255,"order":0,"g":195,"time":338.75,"r":0,"color":2},{"duration":1,"type":"setColor","angle":-195,"color":2,"order":1,"g":0,"time":338.75,"r":0,"b":0},{"type":"setColor","angle":-540,"b":0,"order":0,"g":157,"time":340,"r":255,"color":2},{"duration":1,"type":"setColor","angle":-195,"color":2,"order":1,"g":0,"time":340,"r":0,"b":0},{"type":"setColor","angle":-540,"b":255,"order":0,"g":0,"time":340.75,"r":180,"color":2},{"duration":1,"type":"setColor","angle":-195,"color":2,"order":1,"g":0,"time":340.75,"r":0,"b":0},{"type":"setColor","angle":-540,"b":0,"order":0,"g":0,"time":341.5,"r":255,"color":2},{"duration":1,"type":"setColor","angle":-195,"color":2,"order":1,"g":224,"time":341.5,"r":255,"b":0},{"type":"setColor","angle":-585,"b":0,"order":0,"g":0,"time":342,"r":255,"color":2},{"duration":1,"type":"setColor","angle":-240,"color":2,"order":1,"g":0,"time":342,"r":0,"b":0},{"type":"setColor","angle":-540,"b":255,"order":0,"g":0,"time":342.75,"r":217,"color":2},{"duration":1,"type":"setColor","angle":-195,"color":2,"order":1,"g":0,"time":342.75,"r":0,"b":0},{"type":"setColor","angle":-570,"b":155,"order":0,"g":255,"time":343.5,"r":0,"color":2},{"duration":1,"type":"setColor","angle":-225,"color":2,"order":1,"g":0,"time":343.5,"r":0,"b":0},{"sx":1,"sy":1,"type":"deco","id":"bg","time":344,"duration":1,"angle":-210},{"start":1.2999999523163,"type":"ease","ease":"outCirc","angle":-210,"duration":1,"time":336,"value":1,"var":"vfx.homCanvPos.sx"},{"start":1.2999999523163,"type":"ease","ease":"outCirc","angle":-225,"duration":1,"time":336,"value":1,"var":"vfx.homCanvPos.sy"},{"start":1.2999999523163,"type":"ease","ease":"outCirc","angle":-210,"duration":1,"time":336.75,"value":1,"var":"vfx.homCanvPos.sx"},{"start":1.2999999523163,"type":"ease","ease":"outCirc","angle":-225,"duration":1,"time":336.75,"value":1,"var":"vfx.homCanvPos.sy"},{"start":1.2999999523163,"type":"ease","ease":"outCirc","angle":-210,"duration":1,"time":337.5,"value":1,"var":"vfx.homCanvPos.sx"},{"start":1.2999999523163,"type":"ease","ease":"outCirc","angle":-225,"duration":1,"time":337.5,"value":1,"var":"vfx.homCanvPos.sy"},{"start":1.2999999523163,"type":"ease","ease":"outCirc","angle":-210,"duration":1,"time":338,"value":1,"var":"vfx.homCanvPos.sx"},{"start":1.2999999523163,"type":"ease","ease":"outCirc","angle":-225,"duration":1,"time":338,"value":1,"var":"vfx.homCanvPos.sy"},{"start":1.2999999523163,"type":"ease","ease":"outCirc","angle":-210,"duration":1,"time":338.75,"value":1,"var":"vfx.homCanvPos.sx"},{"start":1.2999999523163,"type":"ease","ease":"outCirc","angle":-225,"duration":1,"time":338.75,"value":1,"var":"vfx.homCanvPos.sy"},{"start":1.2999999523163,"type":"ease","ease":"outCirc","angle":-210,"duration":1,"time":340,"value":1,"var":"vfx.homCanvPos.sx"},{"start":1.2999999523163,"type":"ease","ease":"outCirc","angle":-225,"duration":1,"time":340,"value":1,"var":"vfx.homCanvPos.sy"},{"start":1.2999999523163,"type":"ease","ease":"outCirc","angle":-210,"duration":1,"time":340.75,"value":1,"var":"vfx.homCanvPos.sx"},{"start":1.2999999523163,"type":"ease","ease":"outCirc","angle":-225,"duration":1,"time":340.75,"value":1,"var":"vfx.homCanvPos.sy"},{"start":1.2999999523163,"type":"ease","ease":"outCirc","angle":-210,"duration":1,"time":341.5,"value":1,"var":"vfx.homCanvPos.sx"},{"start":1.2999999523163,"type":"ease","ease":"outCirc","angle":-225,"duration":1,"time":341.5,"value":1,"var":"vfx.homCanvPos.sy"},{"start":1.2999999523163,"type":"ease","ease":"outCirc","angle":-210,"duration":1,"time":342,"value":1,"var":"vfx.homCanvPos.sx"},{"start":1.2999999523163,"type":"ease","ease":"outCirc","angle":-225,"duration":1,"time":342,"value":1,"var":"vfx.homCanvPos.sy"},{"start":1.2999999523163,"type":"ease","ease":"outCirc","angle":-210,"duration":1,"time":342.75,"value":1,"var":"vfx.homCanvPos.sx"},{"start":1.2999999523163,"type":"ease","ease":"outCirc","angle":-225,"duration":1,"time":342.75,"value":1,"var":"vfx.homCanvPos.sy"},{"start":1.2999999523163,"type":"ease","ease":"outCirc","angle":-210,"duration":1,"time":343.5,"value":1,"var":"vfx.homCanvPos.sx"},{"start":1.2999999523163,"type":"ease","ease":"outCirc","angle":-225,"duration":1,"time":343.5,"value":1,"var":"vfx.homCanvPos.sy"},{"duration":1,"type":"ease","var":"vfx.homCanvPos.sx","ease":"outCirc","time":344,"value":0,"angle":-180},{"duration":1,"type":"ease","var":"vfx.homCanvPos.sy","ease":"outCirc","time":344,"value":0,"angle":-195},{"type":"setColor","angle":-585,"b":0,"order":0,"g":0,"time":352,"r":255,"color":2},{"duration":1,"type":"setColor","angle":-240,"color":2,"order":1,"g":0,"r":0,"time":352,"b":0},{"type":"setColor","angle":-540,"b":255,"order":0,"g":0,"time":352.75,"r":217,"color":2},{"duration":1,"type":"setColor","angle":-195,"color":2,"order":1,"g":0,"r":0,"time":352.75,"b":0},{"type":"setColor","angle":-570,"b":155,"order":0,"g":255,"time":353.25,"r":0,"color":2},{"duration":1,"type":"setColor","angle":-225,"color":2,"order":1,"g":0,"r":0,"time":353.25,"b":0},{"start":1.2999999523163,"type":"ease","ease":"outCirc","angle":-210,"duration":1,"time":352,"value":1,"var":"vfx.homCanvPos.sx"},{"start":1.2999999523163,"type":"ease","ease":"outCirc","angle":-225,"duration":1,"time":352,"value":1,"var":"vfx.homCanvPos.sy"},{"start":1.2999999523163,"type":"ease","ease":"outCirc","angle":-210,"duration":1,"time":352.75,"value":1,"var":"vfx.homCanvPos.sx"},{"start":1.2999999523163,"type":"ease","ease":"outCirc","angle":-225,"duration":1,"time":352.75,"value":1,"var":"vfx.homCanvPos.sy"},{"start":1.2999999523163,"type":"ease","ease":"outCirc","angle":-210,"duration":1,"time":353.25,"value":1,"var":"vfx.homCanvPos.sx"},{"start":1.2999999523163,"type":"ease","ease":"outCirc","angle":-225,"duration":1,"time":353.25,"value":1,"var":"vfx.homCanvPos.sy"},{"duration":1,"type":"ease","var":"vfx.homCanvPos.sx","ease":"outCirc","time":354,"value":0,"angle":-180},{"duration":1,"type":"ease","var":"vfx.homCanvPos.sy","ease":"outCirc","time":354,"value":0,"angle":-195},{"type":"setColor","angle":-585,"b":0,"order":0,"g":0,"time":356,"r":255,"color":2},{"duration":1,"type":"setColor","angle":-240,"color":2,"order":1,"g":0,"r":0,"time":356,"b":0},{"type":"setColor","angle":-540,"b":255,"order":0,"g":0,"time":356.75,"r":217,"color":2},{"duration":1,"type":"setColor","angle":-195,"color":2,"order":1,"g":0,"r":0,"time":356.75,"b":0},{"type":"setColor","angle":-570,"b":155,"order":0,"g":255,"time":357.5,"r":0,"color":2},{"duration":1,"type":"setColor","angle":-225,"color":2,"order":1,"g":0,"r":0,"time":357.5,"b":0},{"start":1.2999999523163,"type":"ease","ease":"outCirc","angle":-210,"duration":1,"time":356,"value":1,"var":"vfx.homCanvPos.sx"},{"start":1.2999999523163,"type":"ease","ease":"outCirc","angle":-225,"duration":1,"time":356,"value":1,"var":"vfx.homCanvPos.sy"},{"start":1.2999999523163,"type":"ease","ease":"outCirc","angle":-210,"duration":1,"time":356.75,"value":1,"var":"vfx.homCanvPos.sx"},{"start":1.2999999523163,"type":"ease","ease":"outCirc","angle":-225,"duration":1,"time":356.75,"value":1,"var":"vfx.homCanvPos.sy"},{"start":1.2999999523163,"type":"ease","ease":"outCirc","angle":-210,"duration":1,"time":357.5,"value":1,"var":"vfx.homCanvPos.sx"},{"start":1.2999999523163,"type":"ease","ease":"outCirc","angle":-225,"duration":1,"time":357.5,"value":1,"var":"vfx.homCanvPos.sy"},{"duration":1,"type":"ease","var":"vfx.homCanvPos.sx","ease":"outCirc","time":358,"value":0,"angle":-180},{"duration":1,"type":"ease","var":"vfx.homCanvPos.sy","ease":"outCirc","time":358,"value":0,"angle":-195},{"start":0,"duration":8,"type":"ease","angle":90,"time":360,"value":1,"var":"vfx.homCanvPos.sx"},{"duration":8,"start":0,"type":"ease","angle":105,"time":360,"value":1,"var":"vfx.homCanvPos.sy"},{"duration":1,"type":"ease","var":"vfx.homCanvPos.sx","ease":"outCirc","time":367,"value":0,"angle":90},{"duration":1,"type":"ease","var":"vfx.homCanvPos.sy","ease":"outCirc","time":367,"value":0,"angle":105},{"color":0,"type":"noise","time":368,"chance":0,"angle":195},{"type":"hom","time":368,"angle":210,"enable":false},{"duration":16,"type":"setColor","angle":225,"b":53,"g":123,"r":63,"time":368,"color":2},{"hide":false,"type":"deco","time":368,"id":"bg","angle":240},{"duration":16,"type":"setColor","angle":255,"b":0,"g":0,"r":0,"time":368,"color":1},{"duration":16,"type":"setColor","angle":270,"b":255,"g":255,"r":255,"time":368,"color":0},{"duration":16,"type":"setColor","angle":285,"b":0,"g":255,"r":34,"time":368,"color":3},{"duration":2,"type":"setColor","angle":330,"b":0,"g":0,"r":255,"time":398,"color":2},{"duration":2,"type":"setColor","angle":360,"b":0,"g":0,"r":0,"time":398,"color":0},{"duration":2,"type":"setColor","angle":375,"b":255,"g":255,"r":255,"time":398,"color":1},{"duration":2,"type":"setColor","angle":390,"b":0,"g":0,"r":0,"time":398,"color":3},{"type":"setBgColor","time":398,"angle":315,"color":0},{"id":"bg","type":"deco","sprite":"transparentRed.png","time":398,"angle":345},{"duration":1,"type":"setColor","angle":330,"b":149,"g":56,"r":42,"time":431,"color":0},{"duration":1,"type":"setColor","angle":360,"b":255,"g":130,"r":137,"time":431,"color":1},{"duration":1,"type":"setColor","angle":375,"b":91,"g":11,"r":0,"time":431,"color":2},{"duration":1,"type":"setColor","angle":390,"b":255,"g":255,"r":255,"time":431,"color":3},{"duration":2,"type":"setColor","angle":375,"b":255,"g":255,"r":255,"time":462,"color":1},{"duration":2,"type":"setColor","angle":435,"b":0,"g":0,"r":0,"time":462,"color":2},{"duration":1,"type":"setColor","angle":45,"b":0,"g":0,"r":0,"time":462,"color":0},{"duration":1,"type":"setColor","angle":90,"b":0,"g":0,"time":462,"r":0,"color":3},{"id":"bg","type":"deco","sprite":"gradientGray.png","time":462,"angle":360},{"duration":1,"type":"setColor","angle":360,"time":495,"order":1,"g":0,"r":0,"b":0,"color":2},{"duration":1,"type":"setColor","angle":15,"b":98,"order":1,"g":27,"r":20,"time":495,"color":0},{"duration":1,"type":"setColor","angle":30,"b":98,"order":1,"g":27,"r":20,"time":495,"color":1},{"duration":1,"type":"setColor","angle":45,"b":212,"order":1,"g":158,"r":135,"time":495,"color":3},{"id":"bg","type":"deco","time":493,"sprite":"gradientRed.png","angle":165},{"duration":4,"type":"setColor","angle":-75,"b":255,"order":0,"g":255,"r":255,"time":489,"color":0},{"duration":4,"type":"setColor","angle":-60,"b":255,"order":0,"g":255,"r":255,"time":489,"color":1},{"duration":4,"type":"setColor","angle":-45,"b":0,"order":0,"g":0,"r":0,"time":489,"color":3},{"duration":4,"type":"setColor","angle":270,"b":255,"g":255,"time":489,"r":255,"color":2},{"duration":4,"var":"scrollSpeed","type":"ease","time":489,"value":1.25,"angle":0},{"time":704.25,"type":"showResults","angle":105},{"hide":false,"type":"deco","ease":"outExpo","angle":22.5,"sx":2,"sy":2,"duration":1,"time":513,"id":"text"},{"id":"text","type":"deco","sprite":"loreleiText#1","angle":22.5,"sx":8,"sy":8,"time":514,"hide":true},{"hide":false,"type":"deco","ease":"outExpo","angle":22.5,"sx":2,"sy":2,"duration":1,"time":515,"id":"text"},{"id":"text","type":"deco","sprite":"loreleiText#2","angle":22.5,"sx":8,"sy":8,"time":516,"hide":true},{"hide":false,"type":"deco","ease":"outExpo","angle":22.5,"sx":2,"sy":2,"duration":1,"time":517,"id":"text"},{"id":"text","type":"deco","sprite":"loreleiText#3","angle":22.5,"sx":8,"sy":8,"time":518,"hide":true},{"hide":false,"type":"deco","ease":"outExpo","angle":22.5,"sx":2,"sy":2,"duration":1,"time":519,"id":"text"},{"id":"text","type":"deco","sprite":"loreleiText#4","angle":22.5,"sx":8,"sy":8,"time":520,"hide":true},{"angleOffset":false,"type":"tag","tag":"invertColorsBuildup","time":513,"angle":0},{"angleOffset":false,"type":"tag","tag":"invertColorsBuildup","time":515,"angle":0},{"angleOffset":false,"type":"tag","tag":"invertColorsBuildup","time":517,"angle":0},{"angleOffset":false,"type":"tag","tag":"invertColorsBuildup","time":519,"angle":0},{"hide":true,"type":"deco","outline":false,"ox":128,"sprite":"loreleiText#0","recolor":3,"angle":337.5,"sx":4,"sy":4,"oy":128,"y":180,"drawLayer":"fg","time":509,"id":"text","x":300},{"duration":1,"type":"deco","outline":true,"ease":"outCirc","recolor":1,"angle":22.5,"sx":4,"sy":4,"hide":false,"time":524.5,"id":"text"},{"id":"text","type":"deco","time":525.5,"sprite":"loreleiText#5","angle":22.5},{"y":600,"type":"deco","id":"text","ease":"inOutQuint","time":526,"duration":2,"angle":22.5},{"duration":1,"type":"setColor","angle":337.5,"b":255,"g":255,"time":524,"r":255,"color":0},{"duration":1,"type":"setColor","ease":"outCirc","angle":360,"color":1,"g":0,"time":524,"r":0,"b":0},{"duration":1,"type":"setColor","ease":"outCirc","angle":22.5,"color":0,"g":255,"time":524,"r":255,"b":255},{"b":255,"type":"setColor","angle":45,"g":255,"time":524,"r":255,"color":3},{"id":"pop1","type":"deco","ox":180,"oy":128,"recolor":3,"angle":337.5,"drawLayer":"bg","sprite":"loreleiHitCircle#5","time":524.5,"r":90},{"color":0,"type":"outline","time":524,"angle":90,"enable":true},{"duration":1,"type":"setColor","angle":30,"b":255,"g":184,"time":526.5,"r":255,"color":2},{"color":3,"type":"outline","time":526.5,"angle":15,"enable":true},{"angleOffset":false,"type":"tag","tag":"bgPulseBlue","time":432,"angle":135},{"angleOffset":false,"type":"tag","tag":"bgPulseBlue","time":433,"angle":135},{"angleOffset":false,"type":"tag","tag":"bgPulseBlue","time":434,"angle":135},{"angleOffset":false,"type":"tag","tag":"bgPulseBlue","time":435,"angle":135},{"angleOffset":false,"type":"tag","tag":"bgPulseBlue","time":436,"angle":135},{"angleOffset":false,"type":"tag","tag":"bgPulseBlue","time":437,"angle":135},{"angleOffset":false,"type":"tag","tag":"bgPulseBlue","time":438,"angle":135},{"angleOffset":false,"type":"tag","tag":"bgPulseBlue","time":439,"angle":135},{"angleOffset":false,"type":"tag","tag":"bgPulseBlue","time":440,"angle":135},{"angleOffset":false,"type":"tag","tag":"bgPulseBlue","time":441,"angle":135},{"angleOffset":false,"type":"tag","tag":"bgPulseBlue","time":442,"angle":135},{"angleOffset":false,"type":"tag","tag":"bgPulseBlue","time":443,"angle":135},{"angleOffset":false,"type":"tag","tag":"bgPulseBlue","time":444,"angle":135},{"angleOffset":false,"type":"tag","tag":"bgPulseBlue","time":445,"angle":135},{"angleOffset":false,"type":"tag","tag":"bgPulseBlue","time":446,"angle":135},{"angleOffset":false,"type":"tag","tag":"bgPulseBlue","time":447,"angle":135},{"angleOffset":false,"type":"tag","tag":"bgPulseBlue","time":447.5,"angle":135},{"angleOffset":false,"type":"tag","tag":"bgPulseBlue","time":448,"angle":135},{"angleOffset":false,"type":"tag","tag":"bgPulseBlue","time":449,"angle":135},{"angleOffset":false,"type":"tag","tag":"bgPulseBlue","time":450,"angle":135},{"angleOffset":false,"type":"tag","tag":"bgPulseBlue","time":451,"angle":135},{"angleOffset":false,"type":"tag","tag":"bgPulseBlue","time":452,"angle":135},{"angleOffset":false,"type":"tag","tag":"bgPulseBlue","time":453,"angle":135},{"angleOffset":false,"type":"tag","tag":"bgPulseBlue","time":454,"angle":135},{"angleOffset":false,"type":"tag","tag":"bgPulseBlue","time":455,"angle":135},{"angleOffset":false,"type":"tag","tag":"bgPulseBlue","time":456,"angle":135},{"angleOffset":false,"type":"tag","tag":"bgPulseBlue","time":457,"angle":135},{"angleOffset":false,"type":"tag","tag":"bgPulseBlue","time":458,"angle":135},{"angleOffset":false,"type":"tag","tag":"bgPulseBlue","time":459,"angle":135},{"angleOffset":false,"type":"tag","tag":"bgPulseBlue","time":460,"angle":135},{"angleOffset":false,"type":"tag","tag":"bgPulseBlue","time":462,"angle":135},{"angleOffset":false,"type":"tag","tag":"bgPulseOurple","time":528,"angle":150},{"angleOffset":false,"type":"tag","tag":"bgPulseOurple","time":529,"angle":150},{"angleOffset":false,"type":"tag","tag":"bgPulseOurple","time":530,"angle":150},{"angleOffset":false,"type":"tag","tag":"bgPulseOurple","time":531,"angle":150},{"angleOffset":false,"type":"tag","tag":"bgPulseOurple","time":532,"angle":150},{"angleOffset":false,"type":"tag","tag":"bgPulseOurple","time":533,"angle":150},{"angleOffset":false,"type":"tag","tag":"bgPulseOurple","time":534,"angle":150},{"angleOffset":false,"type":"tag","tag":"bgPulseOurple","time":535,"angle":150},{"angleOffset":false,"type":"tag","tag":"bgPulseOurple","time":536,"angle":150},{"angleOffset":false,"type":"tag","tag":"bgPulseOurple","time":537,"angle":150},{"angleOffset":false,"type":"tag","tag":"bgPulseOurple","time":538,"angle":150},{"angleOffset":false,"type":"tag","tag":"bgPulseOurple","time":539,"angle":150},{"angleOffset":false,"type":"tag","tag":"bgPulseOurple","time":540,"angle":150},{"angleOffset":false,"type":"tag","tag":"bgPulseOurple","time":541,"angle":150},{"angleOffset":false,"type":"tag","tag":"bgPulseOurple","time":540.5,"angle":150},{"angleOffset":false,"type":"tag","tag":"bgPulseOurple","time":542,"angle":150},{"angleOffset":false,"type":"tag","tag":"bgPulseOurple","time":543,"angle":150},{"angleOffset":false,"type":"tag","tag":"bgPulseOurple","time":544,"angle":150},{"angleOffset":false,"type":"tag","tag":"bgPulseOurple","time":545,"angle":150},{"angleOffset":false,"type":"tag","tag":"bgPulseOurple","time":546,"angle":150},{"angleOffset":false,"type":"tag","tag":"bgPulseOurple","time":547,"angle":150},{"angleOffset":false,"type":"tag","tag":"bgPulseOurple","time":548,"angle":150},{"angleOffset":false,"type":"tag","tag":"bgPulseOurple","time":549,"angle":150},{"angleOffset":false,"type":"tag","tag":"bgPulseOurple","time":550,"angle":150},{"angleOffset":false,"type":"tag","tag":"bgPulseOurple","time":551,"angle":150},{"angleOffset":false,"type":"tag","tag":"bgPulseOurple","time":553,"angle":150},{"angleOffset":false,"type":"tag","tag":"bgPulseOurple","time":555,"angle":150},{"angleOffset":false,"type":"tag","tag":"bgPulseOurple","time":556.5,"angle":150},{"angleOffset":false,"type":"tag","tag":"bgPulseOurple","time":557.25,"angle":150},{"angleOffset":false,"type":"tag","tag":"bgPulseOurple","time":558,"angle":150},{"angleOffset":false,"type":"tag","tag":"bgPulseOurple","time":558.5,"angle":150},{"angleOffset":false,"type":"tag","tag":"bgPulseOurple","time":561,"angle":150},{"angleOffset":false,"type":"tag","tag":"bgPulseOurple","time":562,"angle":150},{"angleOffset":false,"type":"tag","tag":"bgPulseOurple","time":563,"angle":150},{"angleOffset":false,"type":"tag","tag":"bgPulseOurple","time":564,"angle":150},{"angleOffset":false,"type":"tag","tag":"bgPulseOurple","time":565,"angle":150},{"angleOffset":false,"type":"tag","tag":"bgPulseOurple","time":566,"angle":150},{"angleOffset":false,"type":"tag","tag":"bgPulseOurple","time":567,"angle":150},{"angleOffset":false,"type":"tag","tag":"bgPulseOurple","time":568,"angle":150},{"angleOffset":false,"type":"tag","tag":"bgPulseOurple","time":569,"angle":150},{"angleOffset":false,"type":"tag","tag":"bgPulseOurple","time":570,"angle":150},{"angleOffset":false,"type":"tag","tag":"bgPulseOurple","time":571,"angle":150},{"angleOffset":false,"type":"tag","tag":"bgPulseOurple","time":572,"angle":150},{"angleOffset":false,"type":"tag","tag":"bgPulseOurple","time":572.5,"angle":150},{"angleOffset":false,"type":"tag","tag":"bgPulseOurple","time":573.5,"angle":150},{"angleOffset":false,"type":"tag","tag":"bgPulseOurple","time":574.5,"angle":150},{"duration":1,"type":"setColor","ease":"outCirc","angle":195,"b":255,"g":255,"time":592,"r":255,"color":1},{"duration":1,"type":"setColor","ease":"outCirc","angle":210,"b":0,"g":0,"time":592,"r":0,"color":3},{"duration":1,"type":"deco","ease":"outCirc","angle":225,"sy":0,"hide":true,"time":592,"id":"bg"},{"type":"setBgColor","time":592,"angle":240,"color":2},{"duration":1,"type":"deco","outline":true,"ease":"outCirc","recolor":1,"angle":22.5,"sx":4,"sy":4,"hide":false,"time":632.5,"id":"text"},{"id":"text","type":"deco","time":633.5,"sprite":"loreleiText#5","angle":22.5},{"y":600,"type":"deco","id":"text","ease":"inOutQuint","time":634,"duration":2,"angle":22.5},{"duration":1,"type":"setColor","angle":337.5,"b":255,"g":255,"time":632,"r":255,"color":0},{"duration":1,"type":"setColor","ease":"outCirc","angle":360,"color":1,"g":0,"time":632,"r":0,"b":0},{"duration":1,"type":"setColor","ease":"outCirc","angle":22.5,"color":0,"g":255,"r":255,"time":632,"b":255},{"angle":45,"type":"setColor","b":114,"g":55,"time":632,"r":237,"color":3},{"id":"pop1","type":"deco","ox":180,"sprite":"loreleiHitCircle#5","recolor":3,"angle":337.5,"time":632.5,"oy":128,"r":90,"drawLayer":"bg"},{"type":"setBgColor","time":632,"angle":67.5,"color":1},{"color":0,"type":"outline","time":632,"enable":true,"angle":90},{"duration":1,"type":"setColor","angle":30,"b":0,"g":0,"time":634.5,"r":0,"color":0},{"color":3,"type":"outline","time":634.5,"enable":true,"angle":15},{"angle":360,"type":"setColor","b":255,"g":255,"time":634.5,"r":255,"color":3},{"id":"bg","type":"deco","angle":60,"sx":0.89999997615814,"sy":0.89999997615814,"hide":true,"time":634.5,"duration":8},{"type":"hom","time":634.5,"angle":45,"enable":true},{"color":2,"type":"noise","time":634.5,"chance":0.5,"angle":345},{"angle":330,"type":"setColor","b":0,"g":0,"time":634.5,"r":0,"color":2},{"duration":8,"type":"setColor","angle":360,"b":0,"g":0,"r":0,"time":624,"color":2},{"duration":8,"type":"setColor","angle":15,"b":98,"g":27,"time":624,"r":20,"color":0},{"duration":8,"type":"setColor","angle":30,"b":98,"g":27,"time":624,"r":20,"color":1},{"duration":8,"type":"setColor","angle":45,"b":212,"g":158,"time":624,"r":135,"color":3},{"y":180,"type":"deco","sprite":"loreleiText#4","angle":15,"sx":8,"sy":8,"hide":true,"time":630,"id":"text"},{"type":"setColor","angle":360,"b":0,"order":0,"g":0,"time":640,"r":255,"color":2},{"duration":1,"type":"setColor","angle":15,"color":2,"order":1,"g":0,"r":0,"time":640,"b":0},{"type":"setColor","angle":360,"b":255,"order":0,"g":0,"time":640.75,"r":8,"color":2},{"duration":1,"type":"setColor","angle":15,"color":2,"order":1,"g":0,"time":640.75,"r":0,"b":0},{"type":"setColor","angle":360,"b":247,"order":0,"g":0,"time":641.5,"r":255,"color":2},{"duration":1,"type":"setColor","angle":15,"color":2,"order":1,"g":0,"time":641.5,"r":0,"b":0},{"type":"setColor","angle":360,"b":30,"order":0,"g":255,"time":642,"r":0,"color":2},{"duration":1,"type":"setColor","angle":15,"color":2,"order":1,"g":0,"time":642,"r":0,"b":0},{"type":"setColor","angle":360,"b":255,"order":0,"g":195,"time":642.75,"r":0,"color":2},{"duration":1,"type":"setColor","angle":15,"color":2,"order":1,"g":0,"time":642.75,"r":0,"b":0},{"type":"setColor","angle":360,"b":0,"order":0,"g":157,"time":644,"r":255,"color":2},{"duration":1,"type":"setColor","angle":15,"color":2,"order":1,"g":0,"time":644,"r":0,"b":0},{"type":"setColor","angle":360,"b":255,"order":0,"g":0,"time":644.75,"r":180,"color":2},{"duration":1,"type":"setColor","angle":15,"color":2,"order":1,"g":0,"time":644.75,"r":0,"b":0},{"type":"setColor","angle":360,"b":0,"order":0,"g":0,"time":645.5,"r":255,"color":2},{"duration":1,"type":"setColor","angle":15,"color":2,"order":1,"g":224,"time":645.5,"r":255,"b":0},{"type":"setColor","angle":405,"b":0,"order":0,"g":0,"time":646,"r":255,"color":2},{"duration":1,"type":"setColor","angle":60,"color":2,"order":1,"g":0,"time":646,"r":0,"b":0},{"type":"setColor","angle":360,"b":255,"order":0,"g":0,"time":646.75,"r":217,"color":2},{"duration":1,"type":"setColor","angle":15,"color":2,"order":1,"g":0,"time":646.75,"r":0,"b":0},{"type":"setColor","angle":390,"b":155,"order":0,"g":255,"time":647.5,"r":0,"color":2},{"duration":1,"type":"setColor","angle":45,"color":2,"order":1,"g":0,"time":647.5,"r":0,"b":0},{"sx":1,"sy":1,"type":"deco","id":"bg","time":648,"duration":1,"angle":30},{"start":1.2999999523163,"type":"ease","ease":"outCirc","angle":30,"duration":1,"time":640,"value":1,"var":"vfx.homCanvPos.sx"},{"start":1.2999999523163,"type":"ease","ease":"outCirc","angle":45,"duration":1,"time":640,"value":1,"var":"vfx.homCanvPos.sy"},{"start":1.2999999523163,"type":"ease","ease":"outCirc","angle":30,"duration":1,"time":640.75,"value":1,"var":"vfx.homCanvPos.sx"},{"start":1.2999999523163,"type":"ease","ease":"outCirc","angle":45,"duration":1,"time":640.75,"value":1,"var":"vfx.homCanvPos.sy"},{"start":1.2999999523163,"type":"ease","ease":"outCirc","angle":30,"duration":1,"time":641.5,"value":1,"var":"vfx.homCanvPos.sx"},{"start":1.2999999523163,"type":"ease","ease":"outCirc","angle":45,"duration":1,"time":641.5,"value":1,"var":"vfx.homCanvPos.sy"},{"start":1.2999999523163,"type":"ease","ease":"outCirc","angle":30,"duration":1,"time":642,"value":1,"var":"vfx.homCanvPos.sx"},{"start":1.2999999523163,"type":"ease","ease":"outCirc","angle":45,"duration":1,"time":642,"value":1,"var":"vfx.homCanvPos.sy"},{"start":1.2999999523163,"type":"ease","ease":"outCirc","angle":30,"duration":1,"time":642.75,"value":1,"var":"vfx.homCanvPos.sx"},{"start":1.2999999523163,"type":"ease","ease":"outCirc","angle":45,"duration":1,"time":642.75,"value":1,"var":"vfx.homCanvPos.sy"},{"start":1.2999999523163,"type":"ease","ease":"outCirc","angle":30,"duration":1,"time":644,"value":1,"var":"vfx.homCanvPos.sx"},{"start":1.2999999523163,"type":"ease","ease":"outCirc","angle":45,"duration":1,"time":644,"value":1,"var":"vfx.homCanvPos.sy"},{"start":1.2999999523163,"type":"ease","ease":"outCirc","angle":30,"duration":1,"time":644.75,"value":1,"var":"vfx.homCanvPos.sx"},{"start":1.2999999523163,"type":"ease","ease":"outCirc","angle":45,"duration":1,"time":644.75,"value":1,"var":"vfx.homCanvPos.sy"},{"start":1.2999999523163,"type":"ease","ease":"outCirc","angle":30,"duration":1,"time":645.5,"value":1,"var":"vfx.homCanvPos.sx"},{"start":1.2999999523163,"type":"ease","ease":"outCirc","angle":45,"duration":1,"time":645.5,"value":1,"var":"vfx.homCanvPos.sy"},{"start":1.2999999523163,"type":"ease","ease":"outCirc","angle":30,"duration":1,"time":646,"value":1,"var":"vfx.homCanvPos.sx"},{"start":1.2999999523163,"type":"ease","ease":"outCirc","angle":45,"duration":1,"time":646,"value":1,"var":"vfx.homCanvPos.sy"},{"start":1.2999999523163,"type":"ease","ease":"outCirc","angle":30,"duration":1,"time":646.75,"value":1,"var":"vfx.homCanvPos.sx"},{"start":1.2999999523163,"type":"ease","ease":"outCirc","angle":45,"duration":1,"time":646.75,"value":1,"var":"vfx.homCanvPos.sy"},{"start":1.2999999523163,"type":"ease","ease":"outCirc","angle":30,"duration":1,"time":647.5,"value":1,"var":"vfx.homCanvPos.sx"},{"start":1.2999999523163,"type":"ease","ease":"outCirc","angle":45,"duration":1,"time":647.5,"value":1,"var":"vfx.homCanvPos.sy"},{"duration":1,"type":"ease","var":"vfx.homCanvPos.sx","ease":"outCirc","time":648,"value":0,"angle":0},{"duration":1,"type":"ease","var":"vfx.homCanvPos.sy","ease":"outCirc","time":648,"value":0,"angle":15},{"type":"setColor","angle":-540,"b":0,"order":0,"g":0,"time":656,"r":255,"color":2},{"duration":1,"type":"setColor","angle":-195,"color":2,"order":1,"g":0,"time":656,"r":0,"b":0},{"type":"setColor","angle":-540,"b":255,"order":0,"g":0,"time":656.75,"r":8,"color":2},{"duration":1,"type":"setColor","angle":-195,"color":2,"order":1,"g":0,"r":0,"time":656.75,"b":0},{"type":"setColor","angle":-540,"b":247,"order":0,"g":0,"time":657.5,"r":255,"color":2},{"duration":1,"type":"setColor","angle":-195,"color":2,"order":1,"g":0,"r":0,"time":657.5,"b":0},{"type":"setColor","angle":-540,"b":30,"order":0,"g":255,"time":658,"r":0,"color":2},{"duration":1,"type":"setColor","angle":-195,"color":2,"order":1,"g":0,"r":0,"time":658,"b":0},{"type":"setColor","angle":-540,"b":255,"order":0,"g":195,"time":658.75,"r":0,"color":2},{"duration":1,"type":"setColor","angle":-195,"color":2,"order":1,"g":0,"r":0,"time":658.75,"b":0},{"type":"setColor","angle":-540,"b":0,"order":0,"g":157,"time":660,"r":255,"color":2},{"duration":1,"type":"setColor","angle":-195,"color":2,"order":1,"g":0,"r":0,"time":660,"b":0},{"type":"setColor","angle":-540,"b":255,"order":0,"g":0,"time":660.75,"r":180,"color":2},{"duration":1,"type":"setColor","angle":-195,"color":2,"order":1,"g":0,"r":0,"time":660.75,"b":0},{"type":"setColor","angle":-540,"b":0,"order":0,"g":0,"time":661.5,"r":255,"color":2},{"duration":1,"type":"setColor","angle":-195,"color":2,"order":1,"g":224,"r":255,"time":661.5,"b":0},{"type":"setColor","angle":-585,"b":0,"order":0,"g":0,"time":662,"r":255,"color":2},{"duration":1,"type":"setColor","angle":-240,"color":2,"order":1,"g":0,"r":0,"time":662,"b":0},{"type":"setColor","angle":-540,"b":255,"order":0,"g":0,"time":662.75,"r":217,"color":2},{"duration":1,"type":"setColor","angle":-195,"color":2,"order":1,"g":0,"r":0,"time":662.75,"b":0},{"type":"setColor","angle":-570,"b":155,"order":0,"g":255,"time":663.5,"r":0,"color":2},{"duration":1,"type":"setColor","angle":-225,"color":2,"order":1,"g":0,"r":0,"time":663.5,"b":0},{"sx":1,"sy":1,"type":"deco","id":"bg","time":664,"duration":1,"angle":-210},{"start":1.2999999523163,"type":"ease","ease":"outCirc","angle":-210,"duration":1,"time":656,"value":1,"var":"vfx.homCanvPos.sx"},{"start":1.2999999523163,"type":"ease","ease":"outCirc","angle":-225,"duration":1,"time":656,"value":1,"var":"vfx.homCanvPos.sy"},{"start":1.2999999523163,"type":"ease","ease":"outCirc","angle":-210,"duration":1,"time":656.75,"value":1,"var":"vfx.homCanvPos.sx"},{"start":1.2999999523163,"type":"ease","ease":"outCirc","angle":-225,"duration":1,"time":656.75,"value":1,"var":"vfx.homCanvPos.sy"},{"start":1.2999999523163,"type":"ease","ease":"outCirc","angle":-210,"duration":1,"time":657.5,"value":1,"var":"vfx.homCanvPos.sx"},{"start":1.2999999523163,"type":"ease","ease":"outCirc","angle":-225,"duration":1,"time":657.5,"value":1,"var":"vfx.homCanvPos.sy"},{"start":1.2999999523163,"type":"ease","ease":"outCirc","angle":-210,"duration":1,"time":658,"value":1,"var":"vfx.homCanvPos.sx"},{"start":1.2999999523163,"type":"ease","ease":"outCirc","angle":-225,"duration":1,"time":658,"value":1,"var":"vfx.homCanvPos.sy"},{"start":1.2999999523163,"type":"ease","ease":"outCirc","angle":-210,"duration":1,"time":658.75,"value":1,"var":"vfx.homCanvPos.sx"},{"start":1.2999999523163,"type":"ease","ease":"outCirc","angle":-225,"duration":1,"time":658.75,"value":1,"var":"vfx.homCanvPos.sy"},{"start":1.2999999523163,"type":"ease","ease":"outCirc","angle":-210,"duration":1,"time":660,"value":1,"var":"vfx.homCanvPos.sx"},{"start":1.2999999523163,"type":"ease","ease":"outCirc","angle":-225,"duration":1,"time":660,"value":1,"var":"vfx.homCanvPos.sy"},{"start":1.2999999523163,"type":"ease","ease":"outCirc","angle":-210,"duration":1,"time":660.75,"value":1,"var":"vfx.homCanvPos.sx"},{"start":1.2999999523163,"type":"ease","ease":"outCirc","angle":-225,"duration":1,"time":660.75,"value":1,"var":"vfx.homCanvPos.sy"},{"start":1.2999999523163,"type":"ease","ease":"outCirc","angle":-210,"duration":1,"time":661.5,"value":1,"var":"vfx.homCanvPos.sx"},{"start":1.2999999523163,"type":"ease","ease":"outCirc","angle":-225,"duration":1,"time":661.5,"value":1,"var":"vfx.homCanvPos.sy"},{"start":1.2999999523163,"type":"ease","ease":"outCirc","angle":-210,"duration":1,"time":662,"value":1,"var":"vfx.homCanvPos.sx"},{"start":1.2999999523163,"type":"ease","ease":"outCirc","angle":-225,"duration":1,"time":662,"value":1,"var":"vfx.homCanvPos.sy"},{"start":1.2999999523163,"type":"ease","ease":"outCirc","angle":-210,"duration":1,"time":662.75,"value":1,"var":"vfx.homCanvPos.sx"},{"start":1.2999999523163,"type":"ease","ease":"outCirc","angle":-225,"duration":1,"time":662.75,"value":1,"var":"vfx.homCanvPos.sy"},{"start":1.2999999523163,"type":"ease","ease":"outCirc","angle":-210,"duration":1,"time":663.5,"value":1,"var":"vfx.homCanvPos.sx"},{"start":1.2999999523163,"type":"ease","ease":"outCirc","angle":-225,"duration":1,"time":663.5,"value":1,"var":"vfx.homCanvPos.sy"},{"duration":1,"type":"ease","angle":-180,"ease":"outCirc","time":664,"value":0,"var":"vfx.homCanvPos.sx"},{"duration":1,"type":"ease","angle":-195,"ease":"outCirc","time":664,"value":0,"var":"vfx.homCanvPos.sy"},{"type":"setColor","angle":-540,"b":0,"order":0,"g":0,"time":672,"r":255,"color":2},{"duration":1,"type":"setColor","angle":-195,"color":2,"order":1,"g":0,"time":672,"r":0,"b":0},{"type":"setColor","angle":-540,"b":255,"order":0,"g":0,"time":672.75,"r":8,"color":2},{"duration":1,"type":"setColor","angle":-195,"color":2,"order":1,"g":0,"r":0,"time":672.75,"b":0},{"type":"setColor","angle":-540,"b":247,"order":0,"g":0,"time":673.5,"r":255,"color":2},{"duration":1,"type":"setColor","angle":-195,"color":2,"order":1,"g":0,"r":0,"time":673.5,"b":0},{"type":"setColor","angle":-540,"b":30,"order":0,"g":255,"time":674,"r":0,"color":2},{"duration":1,"type":"setColor","angle":-195,"color":2,"order":1,"g":0,"r":0,"time":674,"b":0},{"type":"setColor","angle":-540,"b":255,"order":0,"g":195,"time":674.75,"r":0,"color":2},{"duration":1,"type":"setColor","angle":-195,"color":2,"order":1,"g":0,"r":0,"time":674.75,"b":0},{"type":"setColor","angle":-540,"b":0,"order":0,"g":157,"time":676,"r":255,"color":2},{"duration":1,"type":"setColor","angle":-195,"color":2,"order":1,"g":0,"r":0,"time":676,"b":0},{"type":"setColor","angle":-540,"b":255,"order":0,"g":0,"time":676.75,"r":180,"color":2},{"duration":1,"type":"setColor","angle":-195,"color":2,"order":1,"g":0,"r":0,"time":676.75,"b":0},{"type":"setColor","angle":-540,"b":0,"order":0,"g":0,"time":677.5,"r":255,"color":2},{"duration":1,"type":"setColor","angle":-195,"color":2,"order":1,"g":224,"r":255,"time":677.5,"b":0},{"type":"setColor","angle":-585,"b":0,"order":0,"g":0,"time":678,"r":255,"color":2},{"duration":1,"type":"setColor","angle":-240,"color":2,"order":1,"g":0,"r":0,"time":678,"b":0},{"type":"setColor","angle":-540,"b":255,"order":0,"g":0,"time":678.75,"r":217,"color":2},{"duration":1,"type":"setColor","angle":-195,"color":2,"order":1,"g":0,"r":0,"time":678.75,"b":0},{"type":"setColor","angle":-570,"b":155,"order":0,"g":255,"time":679.5,"r":0,"color":2},{"duration":1,"type":"setColor","angle":-225,"color":2,"order":1,"g":0,"r":0,"time":679.5,"b":0},{"sx":1,"sy":1,"type":"deco","id":"bg","time":680,"duration":1,"angle":-210},{"start":1.2999999523163,"type":"ease","ease":"outCirc","angle":-210,"duration":1,"time":672,"value":1,"var":"vfx.homCanvPos.sx"},{"start":1.2999999523163,"type":"ease","ease":"outCirc","angle":-225,"duration":1,"time":672,"value":1,"var":"vfx.homCanvPos.sy"},{"start":1.2999999523163,"type":"ease","ease":"outCirc","angle":-210,"duration":1,"time":672.75,"value":1,"var":"vfx.homCanvPos.sx"},{"start":1.2999999523163,"type":"ease","ease":"outCirc","angle":-225,"duration":1,"time":672.75,"value":1,"var":"vfx.homCanvPos.sy"},{"start":1.2999999523163,"type":"ease","ease":"outCirc","angle":-210,"duration":1,"time":673.5,"value":1,"var":"vfx.homCanvPos.sx"},{"start":1.2999999523163,"type":"ease","ease":"outCirc","angle":-225,"duration":1,"time":673.5,"value":1,"var":"vfx.homCanvPos.sy"},{"start":1.2999999523163,"type":"ease","ease":"outCirc","angle":-210,"duration":1,"time":674,"value":1,"var":"vfx.homCanvPos.sx"},{"start":1.2999999523163,"type":"ease","ease":"outCirc","angle":-225,"duration":1,"time":674,"value":1,"var":"vfx.homCanvPos.sy"},{"start":1.2999999523163,"type":"ease","ease":"outCirc","angle":-210,"duration":1,"time":674.75,"value":1,"var":"vfx.homCanvPos.sx"},{"start":1.2999999523163,"type":"ease","ease":"outCirc","angle":-225,"duration":1,"time":674.75,"value":1,"var":"vfx.homCanvPos.sy"},{"start":1.2999999523163,"type":"ease","ease":"outCirc","angle":-210,"duration":1,"time":676,"value":1,"var":"vfx.homCanvPos.sx"},{"start":1.2999999523163,"type":"ease","ease":"outCirc","angle":-225,"duration":1,"time":676,"value":1,"var":"vfx.homCanvPos.sy"},{"start":1.2999999523163,"type":"ease","ease":"outCirc","angle":-210,"duration":1,"time":676.75,"value":1,"var":"vfx.homCanvPos.sx"},{"start":1.2999999523163,"type":"ease","ease":"outCirc","angle":-225,"duration":1,"time":676.75,"value":1,"var":"vfx.homCanvPos.sy"},{"start":1.2999999523163,"type":"ease","ease":"outCirc","angle":-210,"duration":1,"time":677.5,"value":1,"var":"vfx.homCanvPos.sx"},{"start":1.2999999523163,"type":"ease","ease":"outCirc","angle":-225,"duration":1,"time":677.5,"value":1,"var":"vfx.homCanvPos.sy"},{"start":1.2999999523163,"type":"ease","ease":"outCirc","angle":-210,"duration":1,"time":678,"value":1,"var":"vfx.homCanvPos.sx"},{"start":1.2999999523163,"type":"ease","ease":"outCirc","angle":-225,"duration":1,"time":678,"value":1,"var":"vfx.homCanvPos.sy"},{"start":1.2999999523163,"type":"ease","ease":"outCirc","angle":-210,"duration":1,"time":678.75,"value":1,"var":"vfx.homCanvPos.sx"},{"start":1.2999999523163,"type":"ease","ease":"outCirc","angle":-225,"duration":1,"time":678.75,"value":1,"var":"vfx.homCanvPos.sy"},{"start":1.2999999523163,"type":"ease","ease":"outCirc","angle":-210,"duration":1,"time":679.5,"value":1,"var":"vfx.homCanvPos.sx"},{"start":1.2999999523163,"type":"ease","ease":"outCirc","angle":-225,"duration":1,"time":679.5,"value":1,"var":"vfx.homCanvPos.sy"},{"duration":1,"type":"ease","angle":-180,"ease":"outCirc","time":680,"value":0,"var":"vfx.homCanvPos.sx"},{"duration":1,"type":"ease","angle":-195,"ease":"outCirc","time":680,"value":0,"var":"vfx.homCanvPos.sy"},{"type":"setColor","angle":-585,"b":0,"order":0,"g":0,"time":688,"r":255,"color":2},{"duration":1,"type":"setColor","angle":-240,"color":2,"order":1,"g":0,"time":688,"r":0,"b":0},{"type":"setColor","angle":-540,"b":255,"order":0,"g":0,"time":688.75,"r":217,"color":2},{"duration":1,"type":"setColor","angle":-195,"color":2,"order":1,"g":0,"time":688.75,"r":0,"b":0},{"type":"setColor","angle":-570,"b":155,"order":0,"g":255,"time":689.25,"r":0,"color":2},{"duration":1,"type":"setColor","angle":-225,"color":2,"order":1,"g":0,"time":689.25,"r":0,"b":0},{"start":1.2999999523163,"type":"ease","ease":"outCirc","angle":-210,"duration":1,"time":688,"value":1,"var":"vfx.homCanvPos.sx"},{"start":1.2999999523163,"type":"ease","ease":"outCirc","angle":-225,"duration":1,"time":688,"value":1,"var":"vfx.homCanvPos.sy"},{"start":1.2999999523163,"type":"ease","ease":"outCirc","angle":-210,"duration":1,"time":688.75,"value":1,"var":"vfx.homCanvPos.sx"},{"start":1.2999999523163,"type":"ease","ease":"outCirc","angle":-225,"duration":1,"time":688.75,"value":1,"var":"vfx.homCanvPos.sy"},{"start":1.2999999523163,"type":"ease","ease":"outCirc","angle":-210,"duration":1,"time":689.25,"value":1,"var":"vfx.homCanvPos.sx"},{"start":1.2999999523163,"type":"ease","ease":"outCirc","angle":-225,"duration":1,"time":689.25,"value":1,"var":"vfx.homCanvPos.sy"},{"duration":1,"type":"ease","angle":-180,"ease":"outCirc","time":690,"value":0,"var":"vfx.homCanvPos.sx"},{"duration":1,"type":"ease","var":"vfx.homCanvPos.sy","ease":"outCirc","time":690,"value":0,"angle":-195},{"type":"setColor","angle":-585,"b":0,"order":0,"g":0,"time":692,"r":255,"color":2},{"duration":1,"type":"setColor","angle":-240,"color":2,"order":1,"g":0,"time":692,"r":0,"b":0},{"type":"setColor","angle":-540,"b":255,"order":0,"g":0,"time":692.75,"r":217,"color":2},{"duration":1,"type":"setColor","angle":-195,"color":2,"order":1,"g":0,"time":692.75,"r":0,"b":0},{"type":"setColor","angle":-570,"b":155,"order":0,"g":255,"time":693.5,"r":0,"color":2},{"duration":1,"type":"setColor","angle":-225,"color":2,"order":1,"g":0,"time":693.5,"r":0,"b":0},{"start":1.2999999523163,"type":"ease","ease":"outCirc","angle":-210,"duration":1,"time":692,"value":1,"var":"vfx.homCanvPos.sx"},{"start":1.2999999523163,"type":"ease","ease":"outCirc","angle":-225,"duration":1,"time":692,"value":1,"var":"vfx.homCanvPos.sy"},{"start":1.2999999523163,"type":"ease","ease":"outCirc","angle":-210,"duration":1,"time":692.75,"value":1,"var":"vfx.homCanvPos.sx"},{"start":1.2999999523163,"type":"ease","ease":"outCirc","angle":-225,"duration":1,"time":692.75,"value":1,"var":"vfx.homCanvPos.sy"},{"start":1.2999999523163,"type":"ease","ease":"outCirc","angle":-210,"duration":1,"time":693.5,"value":1,"var":"vfx.homCanvPos.sx"},{"start":1.2999999523163,"type":"ease","ease":"outCirc","angle":-225,"duration":1,"time":693.5,"value":1,"var":"vfx.homCanvPos.sy"},{"duration":1,"type":"ease","angle":-180,"ease":"outCirc","time":694,"value":0,"var":"vfx.homCanvPos.sx"},{"duration":1,"type":"ease","var":"vfx.homCanvPos.sy","ease":"outCirc","time":694,"value":0,"angle":-195},{"start":0,"duration":8,"type":"ease","angle":90,"time":696,"value":1,"var":"vfx.homCanvPos.sx"},{"duration":8,"start":0,"type":"ease","angle":105,"time":696,"value":1,"var":"vfx.homCanvPos.sy"},{"duration":1,"type":"ease","angle":90,"ease":"outCirc","time":703,"value":0,"var":"vfx.homCanvPos.sx"},{"duration":1,"type":"ease","var":"vfx.homCanvPos.sy","ease":"outCirc","time":703,"value":0,"angle":105},{"start":4,"type":"ease","ease":"outExpo","angle":75,"duration":4,"time":0,"value":0,"var":"vfx.hwaves.strength"},{"start":4,"type":"ease","ease":"outExpo","angle":75,"duration":4,"time":4,"value":0,"var":"vfx.hwaves.strength"},{"start":4,"type":"ease","ease":"outExpo","angle":75,"duration":4,"time":8,"value":0,"var":"vfx.hwaves.strength"},{"start":4,"type":"ease","ease":"outExpo","angle":75,"duration":4,"time":12,"value":0,"var":"vfx.hwaves.strength"},{"type":"setColor","angle":78.75,"b":255,"order":0,"g":255,"time":159,"r":255,"color":1},{"type":"setColor","angle":90,"b":0,"order":0,"g":0,"time":159,"r":0,"color":0},{"duration":1,"type":"setColor","ease":"linear","angle":56.25,"color":0,"order":1,"g":255,"r":255,"time":159,"b":255},{"duration":1,"type":"setColor","ease":"linear","angle":67.5,"color":1,"order":1,"g":0,"r":0,"time":159,"b":0},{"type":"setColor","angle":78.75,"b":255,"order":0,"g":255,"time":159.5,"r":255,"color":1},{"type":"setColor","angle":90,"b":0,"order":0,"g":0,"time":159.5,"r":0,"color":0},{"duration":1,"type":"setColor","ease":"linear","angle":56.25,"color":0,"order":1,"g":255,"r":255,"time":159.5,"b":255},{"duration":1,"type":"setColor","ease":"linear","angle":67.5,"color":1,"order":1,"g":0,"r":0,"time":159.5,"b":0},{"start":8,"type":"ease","ease":"outCirc","duration":0.5,"angle":45,"time":150.5,"value":0,"var":"vfx.hwaves.strength"},{"start":-8,"type":"ease","ease":"outCirc","duration":0.5,"angle":45,"time":151,"value":0,"var":"vfx.hwaves.strength"},{"start":8,"type":"ease","ease":"outCirc","duration":0.5,"angle":45,"time":151.5,"value":0,"var":"vfx.hwaves.strength"},{"angle":45,"type":"ease","time":150,"value":32,"var":"vfx.hwaves.period"},{"start":60,"type":"ease","ease":"inExpo","duration":0.5,"angle":67.5,"time":168,"value":0,"var":"vfx.angleTwist.offset"},{"start":-60,"type":"ease","ease":"linear","duration":0.5,"angle":67.5,"time":170,"value":0,"var":"vfx.angleTwist.offset"},{"start":0.80000001192093,"type":"ease","ease":"outExpo","repeats":2,"repeatDelay":0.75,"angle":45,"duration":0.75,"time":172.5,"value":1,"var":"scrollSpeed"},{"start":0.5,"type":"ease","ease":"outExpo","angle":45,"duration":2,"time":174.5,"value":1,"var":"scrollSpeed"},{"start":8,"type":"ease","ease":"outCirc","angle":90,"duration":0.5,"time":166.5,"value":0,"var":"vfx.hwaves.strength"},{"start":-8,"type":"ease","ease":"outCirc","angle":90,"duration":0.5,"time":167,"value":0,"var":"vfx.hwaves.strength"},{"start":8,"type":"ease","ease":"outCirc","angle":90,"duration":0.5,"time":167.5,"value":0,"var":"vfx.hwaves.strength"},{"start":8,"type":"ease","ease":"outCirc","angle":45,"duration":0.5,"time":182.5,"value":0,"var":"vfx.hwaves.strength"},{"start":-8,"type":"ease","ease":"outCirc","angle":45,"duration":0.5,"time":183,"value":0,"var":"vfx.hwaves.strength"},{"start":8,"type":"ease","ease":"outCirc","angle":45,"duration":0.5,"time":183.5,"value":0,"var":"vfx.hwaves.strength"},{"angleOffset":false,"type":"tag","tag":"bgPulseOurple","time":576,"angle":150},{"angleOffset":false,"type":"tag","tag":"bgPulseOurple","time":577,"angle":150},{"angleOffset":false,"type":"tag","tag":"bgPulseOurple","time":578,"angle":150},{"angleOffset":false,"type":"tag","tag":"bgPulseOurple","time":580,"angle":150},{"angleOffset":false,"type":"tag","tag":"bgPulseOurple","time":581,"angle":150},{"angleOffset":false,"type":"tag","tag":"bgPulseOurple","time":582,"angle":150},{"angleOffset":false,"type":"tag","tag":"bgPulseOurple","time":584,"angle":150},{"angleOffset":false,"type":"tag","tag":"bgPulseOurple","time":585,"angle":150},{"angleOffset":false,"type":"tag","tag":"bgPulseOurple","time":586,"angle":150},{"duration":4,"angle":112.5,"type":"ease","time":588,"value":8,"var":"vfx.pixelate"},{"duration":1,"type":"ease","var":"vfx.pixelate","ease":"outExpo","time":592,"value":1,"angle":315},{"angleOffset":false,"type":"tag","tag":"bgPulseOurple","time":592,"angle":150},{"angleOffset":false,"type":"tag","tag":"bgPulseOurple","time":593,"angle":150},{"angleOffset":false,"type":"tag","tag":"bgPulseOurple","time":594,"angle":150},{"id":"bg","sy":0,"type":"deco","time":588,"duration":4,"angle":135},{"angleOffset":false,"type":"tag","tag":"bgPulseOurple","time":596,"angle":150},{"angleOffset":false,"type":"tag","tag":"bgPulseOurple","time":597,"angle":150},{"angleOffset":false,"type":"tag","tag":"bgPulseOurple","time":598,"angle":150},{"duration":1,"type":"setColor","ease":"outExpo","angle":270,"time":595,"g":0,"r":0,"color":2,"b":0},{"angleOffset":false,"type":"tag","tag":"bgPulseOurple","time":600,"angle":150},{"angleOffset":false,"type":"tag","tag":"bgPulseOurple","time":601,"angle":150},{"angleOffset":false,"type":"tag","tag":"bgPulseOurple","time":602,"angle":150},{"duration":1,"type":"setColor","ease":"outExpo","angle":270,"color":2,"g":0,"time":599,"r":0,"b":0},{"angleOffset":false,"type":"tag","tag":"bgPulseOurple","time":604,"angle":150},{"angleOffset":false,"type":"tag","tag":"bgPulseOurple","time":605,"angle":150},{"duration":1,"type":"setColor","ease":"outExpo","angle":270,"color":2,"g":0,"time":603,"r":0,"b":0},{"duration":1,"type":"setColor","ease":"outExpo","angle":270,"color":2,"g":0,"time":606,"r":0,"b":0},{"angleOffset":false,"type":"tag","tag":"bgPulseOurple","time":608,"angle":150},{"angleOffset":false,"type":"tag","tag":"bgPulseOurple","time":609,"angle":150},{"angleOffset":false,"type":"tag","tag":"bgPulseOurple","time":610,"angle":150},{"duration":1,"type":"setColor","ease":"outExpo","angle":270,"color":2,"g":0,"time":611,"r":0,"b":0},{"angleOffset":false,"type":"tag","tag":"bgPulseOurple","time":612,"angle":150},{"angleOffset":false,"type":"tag","tag":"bgPulseOurple","time":613,"angle":150},{"angleOffset":false,"type":"tag","tag":"bgPulseOurple","time":614,"angle":150},{"duration":1,"type":"setColor","ease":"outExpo","angle":270,"color":2,"g":0,"time":615,"r":0,"b":0},{"angleOffset":false,"type":"tag","tag":"bgPulseOurple","time":616,"angle":150},{"angleOffset":false,"type":"tag","tag":"bgPulseOurple","time":617,"angle":150},{"angleOffset":false,"type":"tag","tag":"bgPulseOurple","time":618.5,"angle":150},{"angleOffset":false,"type":"tag","tag":"bgPulseOurple","time":620,"angle":150},{"angleOffset":false,"type":"tag","tag":"bgPulseOurple","time":621.5,"angle":150}]}