{"metadata":{"artist":"Camellia","charter":"himych","songName":"First Town Of This Journey","bg":true,"difficulty":12,"description":"peeeew, pew pew pew peeew..\n\nevery mechanic is used\n\nhope you'll love as much as i do!!","artistLink":"","bgData":{"yellowChannel":{"b":205,"g":179,"r":151},"magentaChannel":{"b":205,"g":179,"r":151},"image":"bg.png","cyanChannel":{"b":119,"g":135,"r":99},"redChannel":{"b":91,"g":74,"r":51},"blueChannel":{"b":34,"g":25,"r":15},"greenChannel":{"b":148,"g":115,"r":83}}},"events":[{"time":1,"type":"play","volume":1,"angle":360,"bpm":170,"file":"song.ogg"},{"type":"ease","time":-1,"value":1.5,"var":"scrollSpeed","angle":0},{"ease":"outSine","time":36,"type":"ease","var":"scrollSpeed","duration":4,"value":1,"angle":255},{"ease":"outSine","time":68,"type":"ease","var":"scrollSpeed","duration":2,"value":1.1999998092651,"angle":90},{"angle":270,"type":"ease","var":"scrollSpeed","duration":16,"time":100,"value":1.5},{"ease":"outCirc","time":130,"type":"ease","var":"scrollSpeed","duration":1,"value":3,"angle":270},{"ease":"inCirc","time":131,"type":"ease","var":"scrollSpeed","duration":1,"value":1.5,"angle":255},{"ease":"outCirc","time":140,"type":"ease","var":"scrollSpeed","duration":0.5,"value":0.49999979138374,"angle":90},{"ease":"outCirc","time":141,"value":1.5,"var":"scrollSpeed","duration":0.25,"type":"ease","angle":90},{"angle":270,"time":132,"type":"tag","angleOffset":false,"tag":"ss"},{"time":135,"angle":270,"type":"tag","angleOffset":false,"tag":"ss"},{"time":143,"angle":270,"type":"tag","angleOffset":false,"tag":"ss"},{"time":148,"angle":270,"type":"tag","angleOffset":false,"tag":"ss"},{"time":151,"angle":270,"type":"tag","angleOffset":false,"tag":"ss"},{"ease":"outCirc","time":156,"type":"ease","var":"scrollSpeed","duration":0.5,"value":0.49999979138374,"angle":90},{"ease":"outCirc","time":157,"value":1.5,"var":"scrollSpeed","duration":0.25,"type":"ease","angle":90},{"repeatDelay":0.75,"var":"scrollSpeed","ease":"outCirc","time":159,"value":1,"duration":0.25,"type":"ease","angle":270,"repeats":6},{"repeatDelay":0.75,"var":"scrollSpeed","ease":"inCirc","time":159.25,"value":1.5,"duration":0.5,"type":"ease","angle":270,"repeats":6},{"time":164,"type":"forcePlayerSprite","spriteName":"angry","angle":270},{"time":165,"type":"forcePlayerSprite","spriteName":"","angle":270},{"ease":"outCirc","time":164,"type":"ease","var":"vfx.canvPos.sx","duration":0.5,"value":3,"angle":90},{"ease":"outCirc","time":164,"type":"ease","var":"vfx.canvPos.sy","duration":0.5,"value":3,"angle":105},{"ease":"inCirc","time":164.5,"type":"ease","var":"vfx.canvPos.sx","duration":0.5,"value":1,"angle":90},{"ease":"inCirc","time":164.5,"value":1,"var":"vfx.canvPos.sy","duration":0.5,"type":"ease","angle":105},{"repeatDelay":0.75,"var":"scrollSpeed","ease":"outCirc","time":165,"value":1,"duration":0.25,"type":"ease","angle":270,"repeats":4},{"repeatDelay":0.75,"var":"scrollSpeed","ease":"inCirc","time":165.25,"value":1.5,"duration":0.5,"type":"ease","angle":270,"repeats":4},{"ease":"outCirc","time":172,"value":0.49999979138374,"var":"scrollSpeed","duration":0.5,"type":"ease","angle":90},{"ease":"outCirc","time":173,"type":"ease","var":"scrollSpeed","duration":0.5,"value":1.5,"angle":90},{"angle":90,"time":175,"type":"tag","angleOffset":false,"tag":"ss"},{"time":180,"angle":270,"type":"tag","angleOffset":false,"tag":"ss"},{"time":183,"angle":-330,"type":"tag","angleOffset":false,"tag":"ss"},{"time":191,"type":"forcePlayerSprite","spriteName":"","angle":270},{"repeatDelay":0.75,"var":"scrollSpeed","ease":"outCirc","time":191,"value":1,"duration":0.25,"type":"ease","angle":270,"repeats":4},{"repeatDelay":0.75,"var":"scrollSpeed","ease":"inCirc","time":191.25,"value":1.5,"duration":0.5,"type":"ease","angle":270,"repeats":4},{"paddle":1,"angle":90,"ease":"inCirc","time":194,"newAngle":180,"type":"paddles","duration":1},{"ease":"outCirc","time":195,"paddle":1,"enabled":false,"duration":0,"type":"paddles","angle":90},{"angle":75,"ease":"linear","enabled":true,"duration":0,"newAngle":180,"paddle":2,"time":195,"type":"paddles"},{"angle":60,"ease":"outCirc","time":195,"type":"paddles","newAngle":360,"duration":1,"paddle":2,"order":1},{"time":194,"type":"forcePlayerSprite","spriteName":"none","angle":180},{"ease":"inOutCirc","time":194,"type":"ease","var":"p.paddleDistance","duration":2,"value":125,"angle":285},{"ease":"inOutCirc","time":194,"value":125,"var":"p.bodyRadius","duration":2,"type":"ease","angle":270},{"angle":90,"ease":"inCirc","time":258,"duration":1,"newAngle":180,"paddle":2,"newWidth":360,"type":"paddles"},{"ease":"outCirc","time":259,"paddle":2,"enabled":false,"duration":0,"type":"paddles","angle":90},{"angle":75,"type":"paddles","time":259,"enabled":true,"duration":0,"newAngle":180,"paddle":1,"newWidth":360,"ease":"linear"},{"ease":"outCirc","angle":60,"paddle":1,"time":259.01110839844,"newAngle":360,"type":"paddles","duration":1},{"ease":"inOutCirc","time":258,"value":31,"var":"p.paddleDistance","duration":2,"type":"ease","angle":285},{"ease":"inOutCirc","time":258,"value":20,"var":"p.bodyRadius","duration":2,"type":"ease","angle":270},{"time":258,"type":"forcePlayerSprite","spriteName":"","angle":255},{"ease":"outCirc","time":259.5,"type":"paddles","paddle":1,"duration":2,"angle":90,"newWidth":70},{"ease":"linear","angle":75,"paddle":1,"time":260,"newAngle":0,"type":"paddles","duration":0},{"ease":"outCirc","time":260,"type":"ease","var":"scrollSpeed","duration":4,"value":0.75000023841858,"angle":90},{"angle":330,"type":"paddles","time":292,"enabled":true,"duration":0,"newAngle":0,"paddle":2,"newWidth":70,"ease":"inBack"},{"angle":315,"type":"paddles","time":292,"ease":"outBack","paddle":2,"newAngle":-180,"duration":2,"newWidth":45,"order":1},{"ease":"outBack","time":292,"type":"paddles","paddle":1,"duration":2,"angle":300,"newWidth":45},{"ease":"inBack","time":322.00012207031,"type":"paddles","paddle":2,"duration":2.1666667461395,"angle":90,"newWidth":0},{"ease":"linear","time":324.16665649414,"paddle":2,"enabled":false,"duration":0,"type":"paddles","angle":90},{"time":324,"angle":75,"paddle":1,"ease":"outBack","duration":2,"type":"paddles","newWidth":70},{"ease":"outCirc","time":324,"type":"ease","var":"scrollSpeed","duration":2,"value":1,"angle":105},{"ease":"outCirc","time":356,"type":"ease","var":"scrollSpeed","duration":1,"value":1.2999999523163,"angle":270},{"time":456,"angle":0,"type":"showResults"},{"sprite":"cave.png","angle":270,"ox":300,"oy":180,"id":"cave","drawLayer":"bg","time":-1,"type":"deco"},{"g":34,"time":-1,"type":"setColor","r":11,"color":0,"b":54,"angle":90},{"g":255,"time":-1,"type":"setColor","r":255,"color":1,"b":255,"angle":105},{"g":140,"time":-1,"type":"setColor","r":76,"color":2,"b":184,"angle":120},{"g":94,"time":-1,"type":"setColor","r":26,"color":3,"b":127,"angle":135},{"g":77,"time":-1,"type":"setColor","r":39,"color":4,"b":115,"angle":150},{"angle":195,"time":-1,"type":"outline","enable":true,"color":3},{"value":3,"time":-1,"type":"ease","var":"p.fillColor","angle":180},{"time":229,"type":"noise","angle":285,"color":2,"chance":0.80000001192093},{"time":230,"type":"noise","angle":300,"color":0,"chance":0},{"angle":0,"time":4,"type":"tag","angleOffset":false,"tag":"pulse"},{"angle":0,"time":5.5,"type":"tag","angleOffset":false,"tag":"pulse"},{"angle":0,"time":6,"type":"tag","angleOffset":false,"tag":"pulse"},{"angle":0,"time":7,"type":"tag","angleOffset":false,"tag":"pulse"},{"angle":0,"time":8.5,"type":"tag","angleOffset":false,"tag":"pulse"},{"angle":0,"time":9,"type":"tag","angleOffset":false,"tag":"pulse"},{"angle":0,"time":10,"type":"tag","angleOffset":false,"tag":"pulse"},{"angle":0,"time":12,"type":"tag","angleOffset":false,"tag":"pulse"},{"angle":0,"time":13.5,"type":"tag","angleOffset":false,"tag":"pulse"},{"angle":0,"time":14,"type":"tag","angleOffset":false,"tag":"pulse"},{"angle":0,"time":15,"type":"tag","angleOffset":false,"tag":"pulse"},{"angle":0,"time":16.5,"type":"tag","angleOffset":false,"tag":"pulse"},{"angle":0,"time":17,"type":"tag","angleOffset":false,"tag":"pulse"},{"angle":0,"time":18,"type":"tag","angleOffset":false,"tag":"pulse"},{"angle":0,"time":20,"type":"tag","angleOffset":false,"tag":"pulse"},{"angle":0,"time":21.5,"type":"tag","angleOffset":false,"tag":"pulse"},{"angle":0,"time":22,"type":"tag","angleOffset":false,"tag":"pulse"},{"angle":0,"time":23,"type":"tag","angleOffset":false,"tag":"pulse"},{"angle":0,"time":24.5,"type":"tag","angleOffset":false,"tag":"pulse"},{"angle":0,"time":25,"type":"tag","angleOffset":false,"tag":"pulse"},{"angle":0,"time":26,"type":"tag","angleOffset":false,"tag":"pulse"},{"angle":0,"time":28,"type":"tag","angleOffset":false,"tag":"pulse"},{"angle":0,"time":29.5,"type":"tag","angleOffset":false,"tag":"pulse"},{"angle":0,"time":30,"type":"tag","angleOffset":false,"tag":"pulse"},{"angle":0,"time":31,"type":"tag","angleOffset":false,"tag":"pulse"},{"angle":0,"time":32.5,"type":"tag","angleOffset":false,"tag":"pulse"},{"angle":0,"time":33,"type":"tag","angleOffset":false,"tag":"pulse"},{"angle":0,"time":34,"type":"tag","angleOffset":false,"tag":"pulse"},{"g":4,"type":"setColor","r":0,"b":24,"time":36,"color":0,"angle":105,"duration":2},{"g":110,"type":"setColor","r":46,"b":154,"time":36,"color":2,"angle":120,"duration":2},{"g":64,"type":"setColor","r":0,"b":97,"time":36,"color":3,"angle":135,"duration":2},{"g":47,"type":"setColor","r":9,"b":85,"time":36,"color":4,"angle":150,"duration":2},{"angle":0,"time":70,"type":"tag","angleOffset":false,"tag":"pulse"},{"angle":0,"time":74,"type":"tag","angleOffset":false,"tag":"pulse"},{"angle":0,"time":78,"type":"tag","angleOffset":false,"tag":"pulse"},{"angle":360,"time":82,"type":"tag","angleOffset":false,"tag":"pulse"},{"angle":0,"time":86,"type":"tag","angleOffset":false,"tag":"pulse"},{"angle":0,"time":90,"type":"tag","angleOffset":false,"tag":"pulse"},{"angle":0,"time":94,"type":"tag","angleOffset":false,"tag":"pulse"},{"angle":0,"time":98,"type":"tag","angleOffset":false,"tag":"pulse"},{"angle":0,"time":100,"type":"tag","angleOffset":false,"tag":"pulse"},{"angle":0,"time":116,"type":"tag","angleOffset":false,"tag":"pulse"},{"angle":0,"time":117,"type":"tag","angleOffset":false,"tag":"pulse"},{"angle":0,"time":118,"type":"tag","angleOffset":false,"tag":"pulse"},{"angle":0,"time":119,"type":"tag","angleOffset":false,"tag":"pulse"},{"angle":0,"time":120,"type":"tag","angleOffset":false,"tag":"pulse"},{"angle":0,"time":121,"type":"tag","angleOffset":false,"tag":"pulse"},{"angle":0,"time":122,"type":"tag","angleOffset":false,"tag":"pulse"},{"angle":0,"time":123,"type":"tag","angleOffset":false,"tag":"pulse"},{"angle":0,"time":124,"type":"tag","angleOffset":false,"tag":"pulse"},{"angle":0,"time":125,"type":"tag","angleOffset":false,"tag":"pulse"},{"angle":0,"time":126,"type":"tag","angleOffset":false,"tag":"pulse"},{"angle":0,"time":127,"type":"tag","angleOffset":false,"tag":"pulse"},{"angle":0,"time":124.5,"type":"tag","angleOffset":false,"tag":"pulse"},{"angle":0,"time":125.5,"type":"tag","angleOffset":false,"tag":"pulse"},{"angle":0,"time":126.5,"type":"tag","angleOffset":false,"tag":"pulse"},{"angle":0,"time":127.5,"type":"tag","angleOffset":false,"tag":"pulse"},{"angle":0,"time":130,"type":"tag","angleOffset":false,"tag":"pulse"},{"type":"ease","time":132,"value":32,"var":"vfx.hwaves.period","angle":195},{"angle":180,"time":132,"type":"tag","angleOffset":false,"tag":"wave"},{"angle":180,"time":135,"type":"tag","angleOffset":false,"tag":"wave"},{"angle":180,"time":143,"type":"tag","angleOffset":false,"tag":"wave"},{"angle":180,"time":148,"type":"tag","angleOffset":false,"tag":"wave"},{"angle":180,"time":151,"type":"tag","angleOffset":false,"tag":"wave"},{"angle":180,"time":159,"type":"tag","angleOffset":false,"tag":"wave"},{"angle":180,"time":161.25,"type":"tag","angleOffset":false,"tag":"wave"},{"angle":180,"time":164.75,"type":"tag","angleOffset":false,"tag":"wave"},{"angle":180,"time":175,"type":"tag","angleOffset":false,"tag":"wave"},{"angle":180,"time":180,"type":"tag","angleOffset":false,"tag":"wave"},{"angle":180,"time":183,"type":"tag","angleOffset":false,"tag":"wave"},{"angle":180,"time":191,"type":"tag","angleOffset":false,"tag":"wave"},{"angle":180,"time":196,"type":"tag","angleOffset":false,"tag":"wave"},{"angle":180,"time":199,"type":"tag","angleOffset":false,"tag":"wave"},{"angle":105,"g":4,"type":"setColor","r":0,"color":0,"b":24,"time":140},{"time":140,"angle":120,"type":"setColor","r":46,"color":2,"b":154,"g":110},{"angle":135,"g":64,"type":"setColor","r":0,"color":3,"b":97,"time":140},{"angle":150,"g":47,"type":"setColor","r":9,"color":4,"b":85,"time":140},{"angle":180,"time":141,"type":"tag","angleOffset":false,"tag":"pulse"},{"angle":105,"g":4,"type":"setColor","r":0,"color":0,"b":24,"time":229},{"time":229,"angle":120,"type":"setColor","r":46,"color":2,"b":154,"g":110},{"angle":135,"g":64,"type":"setColor","r":0,"color":3,"b":97,"time":229},{"angle":150,"g":47,"type":"setColor","r":9,"color":4,"b":85,"time":229},{"angle":180,"time":230,"type":"tag","angleOffset":false,"tag":"pulse"},{"g":4,"type":"setColor","r":0,"b":24,"time":260,"color":0,"angle":105,"duration":2},{"g":110,"type":"setColor","r":46,"b":154,"time":260,"color":2,"angle":120,"duration":2},{"g":64,"type":"setColor","r":0,"b":97,"time":260,"color":3,"angle":135,"duration":2},{"g":47,"type":"setColor","r":9,"b":85,"time":260,"color":4,"angle":150,"duration":2},{"angle":0,"time":358,"type":"tag","angleOffset":false,"tag":"pulse"},{"angle":0,"time":362,"type":"tag","angleOffset":false,"tag":"pulse"},{"angle":0,"time":366,"type":"tag","angleOffset":false,"tag":"pulse"},{"angle":360,"time":370,"type":"tag","angleOffset":false,"tag":"pulse"},{"angle":0,"time":374,"type":"tag","angleOffset":false,"tag":"pulse"},{"angle":0,"time":378,"type":"tag","angleOffset":false,"tag":"pulse"},{"angle":0,"time":382,"type":"tag","angleOffset":false,"tag":"pulse"},{"angle":0,"time":386,"type":"tag","angleOffset":false,"tag":"pulse"},{"angle":0,"time":388,"type":"tag","angleOffset":false,"tag":"pulse"},{"angle":0,"time":388.75,"type":"tag","angleOffset":false,"tag":"pulse"},{"angle":0,"time":389.5,"type":"tag","angleOffset":false,"tag":"pulse"},{"angle":0,"time":390,"type":"tag","angleOffset":false,"tag":"pulse"},{"angle":0,"time":391,"type":"tag","angleOffset":false,"tag":"pulse"},{"angle":0,"time":391.75,"type":"tag","angleOffset":false,"tag":"pulse"},{"angle":0,"time":392.5,"type":"tag","angleOffset":false,"tag":"pulse"},{"angle":0,"time":394,"type":"tag","angleOffset":false,"tag":"pulse"},{"angle":0,"time":397,"type":"tag","angleOffset":false,"tag":"pulse"},{"angle":0,"time":398,"type":"tag","angleOffset":false,"tag":"pulse"},{"angle":0,"time":398.25,"type":"tag","angleOffset":false,"tag":"pulse"},{"angle":0,"time":399,"type":"tag","angleOffset":false,"tag":"pulse"},{"angle":0,"time":399.75,"type":"tag","angleOffset":false,"tag":"pulse"},{"angle":0,"time":400.5,"type":"tag","angleOffset":false,"tag":"pulse"},{"angle":0,"time":401.25,"type":"tag","angleOffset":false,"tag":"pulse"},{"angle":0,"time":402,"type":"tag","angleOffset":false,"tag":"pulse"},{"angle":0,"time":402.75,"type":"tag","angleOffset":false,"tag":"pulse"},{"angle":0,"time":403.5,"type":"tag","angleOffset":false,"tag":"pulse"},{"angle":0,"time":404,"type":"tag","angleOffset":false,"tag":"pulse"},{"angle":0,"time":404.75,"type":"tag","angleOffset":false,"tag":"pulse"},{"angle":0,"time":405.5,"type":"tag","angleOffset":false,"tag":"pulse"},{"angle":0,"time":406,"type":"tag","angleOffset":false,"tag":"pulse"},{"angle":0,"time":407,"type":"tag","angleOffset":false,"tag":"pulse"},{"angle":0,"time":407.75,"type":"tag","angleOffset":false,"tag":"pulse"},{"angle":0,"time":408.5,"type":"tag","angleOffset":false,"tag":"pulse"},{"angle":0,"time":410,"type":"tag","angleOffset":false,"tag":"pulse"},{"angle":0,"time":413,"type":"tag","angleOffset":false,"tag":"pulse"},{"angle":0,"time":414,"type":"tag","angleOffset":false,"tag":"pulse"},{"angle":0,"time":414.25,"type":"tag","angleOffset":false,"tag":"pulse"},{"angle":0,"time":415,"type":"tag","angleOffset":false,"tag":"pulse"},{"angle":0,"time":415.75,"type":"tag","angleOffset":false,"tag":"pulse"},{"angle":0,"time":416.5,"type":"tag","angleOffset":false,"tag":"pulse"},{"angle":0,"time":417.25,"type":"tag","angleOffset":false,"tag":"pulse"},{"angle":0,"time":418,"type":"tag","angleOffset":false,"tag":"pulse"},{"angle":0,"time":418.75,"type":"tag","angleOffset":false,"tag":"pulse"},{"angle":0,"time":419.5,"type":"tag","angleOffset":false,"tag":"pulse"},{"angle":0,"time":420,"type":"tag","angleOffset":false,"tag":"pulse"},{"angle":0,"time":421.5,"type":"tag","angleOffset":false,"tag":"pulse"},{"angle":0,"time":422,"type":"tag","angleOffset":false,"tag":"pulse"},{"angle":0,"time":423,"type":"tag","angleOffset":false,"tag":"pulse"},{"angle":0,"time":424.5,"type":"tag","angleOffset":false,"tag":"pulse"},{"angle":0,"time":425,"type":"tag","angleOffset":false,"tag":"pulse"},{"angle":0,"time":426,"type":"tag","angleOffset":false,"tag":"pulse"},{"angle":0,"time":428,"type":"tag","angleOffset":false,"tag":"pulse"},{"angle":0,"time":429.5,"type":"tag","angleOffset":false,"tag":"pulse"},{"angle":0,"time":430,"type":"tag","angleOffset":false,"tag":"pulse"},{"angle":0,"time":431,"type":"tag","angleOffset":false,"tag":"pulse"},{"angle":0,"time":432.5,"type":"tag","angleOffset":false,"tag":"pulse"},{"angle":0,"time":433,"type":"tag","angleOffset":false,"tag":"pulse"},{"angle":0,"time":434,"type":"tag","angleOffset":false,"tag":"pulse"},{"angle":0,"time":436,"type":"tag","angleOffset":false,"tag":"pulse"},{"angle":0,"time":437.5,"type":"tag","angleOffset":false,"tag":"pulse"},{"angle":0,"time":438,"type":"tag","angleOffset":false,"tag":"pulse"},{"angle":0,"time":439,"type":"tag","angleOffset":false,"tag":"pulse"},{"angle":0,"time":440.5,"type":"tag","angleOffset":false,"tag":"pulse"},{"angle":0,"time":441,"type":"tag","angleOffset":false,"tag":"pulse"},{"angle":0,"time":442,"type":"tag","angleOffset":false,"tag":"pulse"},{"angle":0,"time":444,"type":"tag","angleOffset":false,"tag":"pulse"},{"angle":0,"time":445.5,"type":"tag","angleOffset":false,"tag":"pulse"},{"angle":0,"time":446,"type":"tag","angleOffset":false,"tag":"pulse"},{"angle":0,"time":447,"type":"tag","angleOffset":false,"tag":"pulse"},{"angle":0,"time":448.5,"type":"tag","angleOffset":false,"tag":"pulse"},{"angle":0,"time":449,"type":"tag","angleOffset":false,"tag":"pulse"},{"angle":0,"time":450,"type":"tag","angleOffset":false,"tag":"pulse"},{"sprite":"star.png","angle":285,"ox":13,"oy":13,"x":100,"y":100,"id":"star1","type":"deco","time":35.75,"sx":0,"sy":0},{"angle":285,"type":"deco","r":135,"id":"star1","time":36,"duration":2,"ease":"outCirc","sx":1,"sy":1},{"angle":285,"type":"deco","r":270,"time":38,"duration":1,"id":"star1","sx":0,"sy":0},{"sprite":"star.png","angle":285,"ox":13,"oy":13,"x":180,"y":230,"id":"star2","type":"deco","time":39,"sx":0,"sy":0},{"angle":285,"ease":"outCirc","r":135,"x":180,"y":230,"id":"star2","type":"deco","duration":2,"time":39.25,"sx":1,"sy":1},{"angle":285,"type":"deco","r":270,"x":180,"y":230,"id":"star2","duration":1,"time":41.25,"sx":0,"sy":0},{"sprite":"star.png","angle":300,"ox":13,"oy":13,"x":40,"y":320,"id":"star3","type":"deco","time":40,"sx":0,"sy":0},{"angle":300,"ease":"outCirc","r":135,"x":40,"y":320,"id":"star3","type":"deco","duration":2,"time":40.25,"sx":1,"sy":1},{"angle":300,"type":"deco","r":270,"x":40,"y":320,"id":"star3","duration":1,"time":42.25,"sx":0,"sy":0},{"sprite":"star.png","angle":315,"ox":13,"oy":13,"x":500,"y":30,"id":"star4","time":41.5,"type":"deco","sx":0,"sy":0},{"angle":315,"ease":"outCirc","r":135,"x":500,"y":30,"id":"star4","type":"deco","duration":2,"time":41.75,"sx":1,"sy":1},{"angle":315,"type":"deco","r":270,"x":500,"y":30,"id":"star4","duration":1,"time":43.75,"sx":0,"sy":0},{"sprite":"star.png","angle":330,"ox":13,"oy":13,"x":430,"y":180,"id":"star5","time":43,"type":"deco","sx":0,"sy":0},{"angle":330,"ease":"outCirc","r":135,"x":430,"y":180,"id":"star5","type":"deco","duration":2,"time":43.25,"sx":1,"sy":1},{"angle":330,"type":"deco","r":270,"x":430,"y":180,"id":"star5","duration":1,"time":45.25,"sx":0,"sy":0},{"sprite":"star.png","angle":285,"ox":13,"oy":13,"x":300,"y":100,"id":"star1","time":44,"type":"deco","sx":0,"sy":0},{"angle":285,"ease":"outCirc","r":135,"x":300,"id":"star1","type":"deco","duration":2,"time":44.25,"sx":1,"sy":1},{"angle":285,"type":"deco","r":270,"x":300,"id":"star1","duration":1,"time":46.25,"sx":0,"sy":0},{"sprite":"star.png","angle":285,"ox":13,"oy":13,"x":140,"y":270,"id":"star2","time":47,"type":"deco","sx":0,"sy":0},{"angle":285,"ease":"outCirc","r":135,"x":140,"y":270,"id":"star2","type":"deco","duration":2,"time":47.25,"sx":1,"sy":1},{"angle":285,"type":"deco","r":270,"x":140,"y":270,"id":"star2","duration":1,"time":49.25,"sx":0,"sy":0},{"sprite":"star.png","angle":300,"ox":13,"oy":13,"x":560,"y":78,"id":"star3","time":48,"type":"deco","sx":0,"sy":0},{"angle":300,"ease":"outCirc","r":135,"x":560,"y":78,"id":"star3","type":"deco","duration":2,"time":48.25,"sx":1,"sy":1},{"angle":300,"type":"deco","r":270,"x":560,"y":78,"id":"star3","duration":1,"time":50.25,"sx":0,"sy":0},{"sprite":"star.png","angle":315,"ox":13,"oy":13,"x":420,"y":310,"id":"star4","type":"deco","time":49.5,"sx":0,"sy":0},{"angle":315,"ease":"outCirc","r":135,"x":420,"y":310,"id":"star4","type":"deco","duration":2,"time":49.75,"sx":1,"sy":1},{"angle":315,"type":"deco","r":270,"x":420,"y":310,"id":"star4","duration":1,"time":51.75,"sx":0,"sy":0},{"sprite":"star.png","angle":330,"ox":13,"oy":13,"x":330,"y":120,"id":"star5","type":"deco","time":51,"sx":0,"sy":0},{"angle":330,"ease":"outCirc","r":135,"x":330,"y":120,"id":"star5","type":"deco","duration":2,"time":51.25,"sx":1,"sy":1},{"angle":330,"type":"deco","r":270,"x":330,"y":120,"id":"star5","duration":1,"time":53.25,"sx":0,"sy":0},{"sprite":"star.png","angle":285,"ox":13,"oy":13,"x":160,"y":150,"id":"star1","time":52,"type":"deco","sx":0,"sy":0},{"angle":285,"ease":"outCirc","r":135,"x":160,"y":150,"id":"star1","type":"deco","duration":2,"time":52.25,"sx":1,"sy":1},{"angle":285,"type":"deco","r":270,"x":160,"y":150,"id":"star1","duration":1,"time":54.25,"sx":0,"sy":0},{"sprite":"star.png","angle":285,"ox":13,"oy":13,"x":370,"y":220,"id":"star2","type":"deco","time":55,"sx":0,"sy":0},{"angle":285,"ease":"outCirc","r":135,"x":370,"y":220,"id":"star2","type":"deco","duration":2,"time":55.25,"sx":1,"sy":1},{"angle":285,"type":"deco","r":270,"x":370,"y":220,"id":"star2","duration":1,"time":57.25,"sx":0,"sy":0},{"sprite":"star.png","angle":300,"ox":13,"oy":13,"x":300,"y":329,"id":"star3","type":"deco","time":56,"sx":0,"sy":0},{"angle":300,"ease":"outCirc","r":135,"x":300,"y":329,"id":"star3","type":"deco","duration":2,"time":56.25,"sx":1,"sy":1},{"angle":300,"type":"deco","r":270,"x":300,"y":329,"id":"star3","duration":1,"time":58.25,"sx":0,"sy":0},{"sprite":"star.png","angle":300,"ox":13,"oy":13,"x":200,"y":100,"id":"star4","time":57.25,"type":"deco","sx":0,"sy":0},{"angle":300,"ease":"outCirc","r":135,"x":200,"id":"star4","type":"deco","duration":2,"time":57.5,"sx":1,"sy":1},{"angle":300,"type":"deco","r":270,"x":200,"id":"star4","duration":1,"time":59.5,"sx":0,"sy":0},{"sprite":"star.png","angle":315,"ox":13,"oy":13,"x":430,"y":250,"id":"star5","time":59,"type":"deco","sx":0,"sy":0},{"angle":315,"ease":"outCirc","r":135,"x":430,"y":250,"id":"star5","type":"deco","duration":2,"time":59.25,"sx":1,"sy":1},{"angle":315,"type":"deco","r":270,"x":430,"y":250,"id":"star5","duration":1,"time":61.25,"sx":0,"sy":0},{"sprite":"star.png","angle":285,"ox":13,"oy":13,"x":150,"y":20,"id":"star1","type":"deco","time":60,"sx":0,"sy":0},{"angle":285,"ease":"outCirc","r":135,"x":150,"y":20,"id":"star1","type":"deco","duration":2,"time":60.25,"sx":1,"sy":1},{"angle":285,"type":"deco","r":270,"x":150,"y":20,"id":"star1","duration":1,"time":62.25,"sx":0,"sy":0},{"sprite":"star.png","angle":300,"ox":13,"oy":13,"x":380,"y":150,"id":"star2","time":61.5,"type":"deco","sx":0,"sy":0},{"angle":300,"ease":"outCirc","r":135,"x":380,"y":150,"id":"star2","type":"deco","duration":2,"time":61.75,"sx":1,"sy":1},{"angle":300,"type":"deco","r":270,"x":380,"y":150,"id":"star2","duration":1,"time":63.75,"sx":0,"sy":0},{"sprite":"star.png","angle":315,"ox":13,"oy":13,"x":400,"y":250,"id":"star3","time":63,"type":"deco","sx":0,"sy":0},{"angle":315,"type":"deco","r":135,"id":"star3","time":63.25,"duration":2,"ease":"outCirc","sx":1,"sy":1},{"angle":315,"type":"deco","r":270,"id":"star3","duration":1,"time":65.25,"sx":0,"sy":0},{"sprite":"star.png","angle":330,"ox":13,"oy":13,"x":200,"y":50,"id":"star4","time":64,"type":"deco","sx":0,"sy":0},{"angle":330,"ease":"outCirc","r":135,"x":200,"y":50,"id":"star4","type":"deco","duration":2,"time":64.25,"sx":1,"sy":1},{"angle":330,"type":"deco","r":270,"x":200,"y":50,"id":"star4","duration":1,"time":66.25,"sx":0,"sy":0},{"sprite":"star.png","angle":345,"ox":13,"oy":13,"x":300,"y":180,"id":"star5","type":"deco","time":66,"sx":0,"sy":0},{"angle":345,"ease":"outCirc","r":135,"x":300,"y":180,"id":"star5","type":"deco","duration":2,"time":66.25,"sx":1,"sy":1},{"angle":345,"type":"deco","r":270,"x":300,"y":180,"id":"star5","duration":1,"time":68.25,"sx":0,"sy":0},{"sprite":"star.png","angle":285,"ox":13,"oy":13,"x":100,"y":100,"id":"star1","time":67.75,"type":"deco","sx":0,"sy":0},{"angle":285,"type":"deco","r":135,"id":"star1","time":68,"duration":2,"ease":"outCirc","sx":1,"sy":1},{"angle":285,"type":"deco","r":270,"id":"star1","duration":1,"time":70,"sx":0,"sy":0},{"sprite":"star.png","angle":285,"ox":13,"oy":13,"x":180,"y":230,"id":"star2","type":"deco","time":71,"sx":0,"sy":0},{"angle":285,"ease":"outCirc","r":135,"x":180,"y":230,"id":"star2","type":"deco","duration":2,"time":71.25,"sx":1,"sy":1},{"angle":285,"type":"deco","r":270,"x":180,"y":230,"id":"star2","duration":1,"time":73.25,"sx":0,"sy":0},{"sprite":"star.png","angle":300,"ox":13,"oy":13,"x":40,"y":320,"id":"star3","type":"deco","time":72,"sx":0,"sy":0},{"angle":300,"ease":"outCirc","r":135,"x":40,"y":320,"id":"star3","type":"deco","duration":2,"time":72.25,"sx":1,"sy":1},{"angle":300,"type":"deco","r":270,"x":40,"y":320,"id":"star3","duration":1,"time":74.25,"sx":0,"sy":0},{"sprite":"star.png","angle":315,"ox":13,"oy":13,"x":500,"y":30,"id":"star4","time":73.5,"type":"deco","sx":0,"sy":0},{"angle":315,"ease":"outCirc","r":135,"x":500,"y":30,"id":"star4","type":"deco","duration":2,"time":73.75,"sx":1,"sy":1},{"angle":315,"type":"deco","r":270,"x":500,"y":30,"id":"star4","duration":1,"time":75.75,"sx":0,"sy":0},{"sprite":"star.png","angle":330,"ox":13,"oy":13,"x":430,"y":180,"id":"star5","time":75,"type":"deco","sx":0,"sy":0},{"angle":330,"ease":"outCirc","r":135,"x":430,"y":180,"id":"star5","type":"deco","duration":2,"time":75.25,"sx":1,"sy":1},{"angle":330,"type":"deco","r":270,"x":430,"y":180,"id":"star5","duration":1,"time":77.25,"sx":0,"sy":0},{"sprite":"star.png","angle":285,"ox":13,"oy":13,"x":300,"y":100,"id":"star1","time":76,"type":"deco","sx":0,"sy":0},{"angle":285,"ease":"outCirc","r":135,"x":300,"id":"star1","type":"deco","duration":2,"time":76.25,"sx":1,"sy":1},{"angle":285,"type":"deco","r":270,"x":300,"id":"star1","duration":1,"time":78.25,"sx":0,"sy":0},{"sprite":"star.png","angle":285,"ox":13,"oy":13,"x":140,"y":270,"id":"star2","time":79,"type":"deco","sx":0,"sy":0},{"angle":285,"ease":"outCirc","r":135,"x":140,"y":270,"id":"star2","type":"deco","duration":2,"time":79.25,"sx":1,"sy":1},{"angle":285,"type":"deco","r":270,"x":140,"y":270,"id":"star2","duration":1,"time":81.25,"sx":0,"sy":0},{"sprite":"star.png","angle":300,"ox":13,"oy":13,"x":560,"y":78,"id":"star3","time":80,"type":"deco","sx":0,"sy":0},{"angle":300,"ease":"outCirc","r":135,"x":560,"y":78,"id":"star3","type":"deco","duration":2,"time":80.25,"sx":1,"sy":1},{"angle":300,"type":"deco","r":270,"x":560,"y":78,"id":"star3","duration":1,"time":82.25,"sx":0,"sy":0},{"sprite":"star.png","angle":315,"ox":13,"oy":13,"x":420,"y":310,"id":"star4","type":"deco","time":81.5,"sx":0,"sy":0},{"angle":315,"ease":"outCirc","r":135,"x":420,"y":310,"id":"star4","type":"deco","duration":2,"time":81.75,"sx":1,"sy":1},{"angle":315,"type":"deco","r":270,"x":420,"y":310,"id":"star4","duration":1,"time":83.75,"sx":0,"sy":0},{"sprite":"star.png","angle":330,"ox":13,"oy":13,"x":330,"y":120,"id":"star5","type":"deco","time":83,"sx":0,"sy":0},{"angle":330,"ease":"outCirc","r":135,"x":330,"y":120,"id":"star5","type":"deco","duration":2,"time":83.25,"sx":1,"sy":1},{"angle":330,"type":"deco","r":270,"x":330,"y":120,"id":"star5","duration":1,"time":85.25,"sx":0,"sy":0},{"sprite":"star.png","angle":285,"ox":13,"oy":13,"x":160,"y":150,"id":"star1","time":84,"type":"deco","sx":0,"sy":0},{"angle":285,"ease":"outCirc","r":135,"x":160,"y":150,"id":"star1","type":"deco","duration":2,"time":84.25,"sx":1,"sy":1},{"angle":285,"type":"deco","r":270,"x":160,"y":150,"id":"star1","duration":1,"time":86.25,"sx":0,"sy":0},{"sprite":"star.png","angle":285,"ox":13,"oy":13,"x":370,"y":220,"id":"star2","type":"deco","time":87,"sx":0,"sy":0},{"angle":285,"ease":"outCirc","r":135,"x":370,"y":220,"id":"star2","type":"deco","duration":2,"time":87.25,"sx":1,"sy":1},{"angle":285,"type":"deco","r":270,"x":370,"y":220,"id":"star2","duration":1,"time":89.25,"sx":0,"sy":0},{"sprite":"star.png","angle":300,"ox":13,"oy":13,"x":300,"y":329,"id":"star3","type":"deco","time":88,"sx":0,"sy":0},{"angle":300,"ease":"outCirc","r":135,"x":300,"y":329,"id":"star3","type":"deco","duration":2,"time":88.25,"sx":1,"sy":1},{"angle":300,"type":"deco","r":270,"x":300,"y":329,"id":"star3","duration":1,"time":90.25,"sx":0,"sy":0},{"sprite":"star.png","angle":300,"ox":13,"oy":13,"x":200,"y":100,"id":"star4","time":89.25,"type":"deco","sx":0,"sy":0},{"angle":300,"ease":"outCirc","r":135,"x":200,"id":"star4","type":"deco","duration":2,"time":89.5,"sx":1,"sy":1},{"angle":300,"type":"deco","r":270,"x":200,"id":"star4","duration":1,"time":91.5,"sx":0,"sy":0},{"sprite":"star.png","angle":315,"ox":13,"oy":13,"x":430,"y":250,"id":"star5","time":91,"type":"deco","sx":0,"sy":0},{"angle":315,"ease":"outCirc","r":135,"x":430,"y":250,"id":"star5","type":"deco","duration":2,"time":91.25,"sx":1,"sy":1},{"angle":315,"type":"deco","r":270,"x":430,"y":250,"id":"star5","duration":1,"time":92.75,"sx":0,"sy":0},{"sprite":"star.png","angle":330,"ox":13,"oy":13,"x":140,"y":180,"id":"star1","type":"deco","time":92.5,"sx":0,"sy":0},{"angle":330,"ease":"outCirc","r":135,"x":430,"y":250,"id":"star1","type":"deco","duration":2,"time":92.75,"sx":1,"sy":1},{"angle":330,"type":"deco","r":270,"x":430,"y":250,"id":"star1","duration":1,"time":94.75,"sx":0,"sy":0},{"sprite":"star.png","angle":330,"ox":13,"oy":13,"x":200,"y":320,"id":"star2","type":"deco","time":97,"sx":0,"sy":0},{"angle":330,"ease":"outCirc","r":135,"x":200,"y":320,"id":"star2","type":"deco","duration":2,"time":97.25,"sx":1,"sy":1},{"angle":330,"type":"deco","r":270,"x":200,"y":320,"id":"star2","duration":1,"time":99.25,"sx":0,"sy":0},{"sprite":"star.png","angle":345,"ox":13,"oy":13,"x":40,"y":140,"id":"star3","time":98,"type":"deco","sx":0,"sy":0},{"angle":345,"ease":"outCirc","r":135,"x":40,"y":140,"id":"star3","type":"deco","duration":2,"time":98.25,"sx":1,"sy":1},{"angle":345,"type":"deco","r":270,"x":40,"y":140,"id":"star3","duration":1,"time":100.25,"sx":0,"sy":0},{"sprite":"star.png","angle":285,"ox":13,"oy":13,"x":420,"y":170,"id":"star4","time":98.5,"type":"deco","sx":0,"sy":0},{"angle":285,"ease":"outCirc","r":135,"x":420,"y":170,"id":"star4","type":"deco","duration":2,"time":98.75,"sx":1,"sy":1},{"angle":285,"type":"deco","r":270,"x":420,"y":170,"id":"star4","duration":1,"time":100.75,"sx":0,"sy":0},{"sprite":"star.png","angle":330,"ox":13,"oy":13,"x":320,"y":20,"id":"star5","time":99,"type":"deco","sx":0,"sy":0},{"angle":330,"ease":"outCirc","r":135,"x":320,"y":20,"id":"star5","type":"deco","duration":2,"time":99.25,"sx":1,"sy":1},{"angle":330,"type":"deco","r":270,"x":320,"y":20,"id":"star5","duration":1,"time":101.25,"sx":0,"sy":0},{"sprite":"star.png","angle":390,"ox":13,"oy":13,"x":430,"y":250,"id":"star1","time":99.5,"type":"deco","sx":0,"sy":0},{"angle":390,"ease":"outCirc","r":135,"x":430,"y":250,"id":"star1","type":"deco","duration":2,"time":99.75,"sx":1,"sy":1},{"angle":390,"type":"deco","r":270,"x":430,"y":250,"id":"star1","duration":1,"time":101.75,"sx":0,"sy":0},{"sprite":"star.png","angle":285,"ox":13,"oy":13,"x":100,"y":100,"id":"star1","type":"deco","time":323.75,"sx":0,"sy":0},{"angle":285,"type":"deco","r":135,"id":"star1","time":324,"duration":2,"ease":"outCirc","sx":1,"sy":1},{"angle":285,"type":"deco","r":270,"id":"star1","duration":1,"time":326,"sx":0,"sy":0},{"sprite":"star.png","angle":285,"ox":13,"oy":13,"x":180,"y":230,"id":"star2","type":"deco","time":327,"sx":0,"sy":0},{"angle":285,"ease":"outCirc","r":135,"x":180,"y":230,"id":"star2","type":"deco","duration":2,"time":327.25,"sx":1,"sy":1},{"angle":285,"type":"deco","r":270,"x":180,"y":230,"id":"star2","duration":1,"time":329.25,"sx":0,"sy":0},{"sprite":"star.png","angle":300,"ox":13,"oy":13,"x":40,"y":320,"id":"star3","type":"deco","time":328,"sx":0,"sy":0},{"angle":300,"ease":"outCirc","r":135,"x":40,"y":320,"id":"star3","type":"deco","duration":2,"time":328.25,"sx":1,"sy":1},{"angle":300,"type":"deco","r":270,"x":40,"y":320,"id":"star3","duration":1,"time":330.25,"sx":0,"sy":0},{"sprite":"star.png","angle":315,"ox":13,"oy":13,"x":500,"y":30,"id":"star4","time":329.5,"type":"deco","sx":0,"sy":0},{"angle":315,"ease":"outCirc","r":135,"x":500,"y":30,"id":"star4","type":"deco","duration":2,"time":329.75,"sx":1,"sy":1},{"angle":315,"type":"deco","r":270,"x":500,"y":30,"id":"star4","duration":1,"time":331.75,"sx":0,"sy":0},{"sprite":"star.png","angle":330,"ox":13,"oy":13,"x":430,"y":180,"id":"star5","time":331,"type":"deco","sx":0,"sy":0},{"angle":330,"ease":"outCirc","r":135,"x":430,"y":180,"id":"star5","type":"deco","duration":2,"time":331.25,"sx":1,"sy":1},{"angle":330,"type":"deco","r":270,"x":430,"y":180,"id":"star5","duration":1,"time":333.25,"sx":0,"sy":0},{"sprite":"star.png","angle":285,"ox":13,"oy":13,"x":300,"y":100,"id":"star1","time":332,"type":"deco","sx":0,"sy":0},{"angle":285,"ease":"outCirc","r":135,"x":300,"id":"star1","type":"deco","duration":2,"time":332.25,"sx":1,"sy":1},{"angle":285,"type":"deco","r":270,"x":300,"id":"star1","duration":1,"time":334.25,"sx":0,"sy":0},{"sprite":"star.png","angle":285,"ox":13,"oy":13,"x":140,"y":270,"id":"star2","time":335,"type":"deco","sx":0,"sy":0},{"angle":285,"ease":"outCirc","r":135,"x":140,"y":270,"id":"star2","type":"deco","duration":2,"time":335.25,"sx":1,"sy":1},{"angle":285,"type":"deco","r":270,"x":140,"y":270,"id":"star2","duration":1,"time":337.25,"sx":0,"sy":0},{"sprite":"star.png","angle":300,"ox":13,"oy":13,"x":560,"y":78,"id":"star3","time":336,"type":"deco","sx":0,"sy":0},{"angle":300,"ease":"outCirc","r":135,"x":560,"y":78,"id":"star3","type":"deco","duration":2,"time":336.25,"sx":1,"sy":1},{"angle":300,"type":"deco","r":270,"x":560,"y":78,"id":"star3","duration":1,"time":338.25,"sx":0,"sy":0},{"sprite":"star.png","angle":315,"ox":13,"oy":13,"x":420,"y":310,"id":"star4","type":"deco","time":337.5,"sx":0,"sy":0},{"angle":315,"ease":"outCirc","r":135,"x":420,"y":310,"id":"star4","type":"deco","duration":2,"time":337.75,"sx":1,"sy":1},{"angle":315,"type":"deco","r":270,"x":420,"y":310,"id":"star4","duration":1,"time":339.75,"sx":0,"sy":0},{"sprite":"star.png","angle":330,"ox":13,"oy":13,"x":330,"y":120,"id":"star5","type":"deco","time":339,"sx":0,"sy":0},{"angle":330,"ease":"outCirc","r":135,"x":330,"y":120,"id":"star5","type":"deco","duration":2,"time":339.25,"sx":1,"sy":1},{"angle":330,"type":"deco","r":270,"x":330,"y":120,"id":"star5","duration":1,"time":341.25,"sx":0,"sy":0},{"sprite":"star.png","angle":285,"ox":13,"oy":13,"x":160,"y":150,"id":"star1","time":340,"type":"deco","sx":0,"sy":0},{"angle":285,"ease":"outCirc","r":135,"x":160,"y":150,"id":"star1","type":"deco","duration":2,"time":340.25,"sx":1,"sy":1},{"angle":285,"type":"deco","r":270,"x":160,"y":150,"id":"star1","duration":1,"time":342.25,"sx":0,"sy":0},{"sprite":"star.png","angle":285,"ox":13,"oy":13,"x":370,"y":220,"id":"star2","type":"deco","time":343,"sx":0,"sy":0},{"angle":285,"ease":"outCirc","r":135,"x":370,"y":220,"id":"star2","type":"deco","duration":2,"time":343.25,"sx":1,"sy":1},{"angle":285,"type":"deco","r":270,"x":370,"y":220,"id":"star2","duration":1,"time":345.25,"sx":0,"sy":0},{"sprite":"star.png","angle":300,"ox":13,"oy":13,"x":300,"y":329,"id":"star3","type":"deco","time":344,"sx":0,"sy":0},{"angle":300,"ease":"outCirc","r":135,"x":300,"y":329,"id":"star3","type":"deco","duration":2,"time":344.25,"sx":1,"sy":1},{"angle":300,"type":"deco","r":270,"x":300,"y":329,"id":"star3","duration":1,"time":346.25,"sx":0,"sy":0},{"sprite":"star.png","angle":300,"ox":13,"oy":13,"x":200,"y":100,"id":"star4","time":345.25,"type":"deco","sx":0,"sy":0},{"angle":300,"ease":"outCirc","r":135,"x":200,"id":"star4","type":"deco","duration":2,"time":345.5,"sx":1,"sy":1},{"angle":300,"type":"deco","r":270,"x":200,"id":"star4","duration":1,"time":347.5,"sx":0,"sy":0},{"sprite":"star.png","angle":315,"ox":13,"oy":13,"x":430,"y":250,"id":"star5","time":347,"type":"deco","sx":0,"sy":0},{"angle":315,"ease":"outCirc","r":135,"x":430,"y":250,"id":"star5","type":"deco","duration":2,"time":347.25,"sx":1,"sy":1},{"angle":315,"type":"deco","r":270,"x":430,"y":250,"id":"star5","duration":1,"time":349.25,"sx":0,"sy":0},{"sprite":"star.png","angle":285,"ox":13,"oy":13,"x":150,"y":20,"id":"star1","type":"deco","time":348,"sx":0,"sy":0},{"angle":285,"ease":"outCirc","r":135,"x":150,"y":20,"id":"star1","type":"deco","duration":2,"time":348.25,"sx":1,"sy":1},{"angle":285,"type":"deco","r":270,"x":150,"y":20,"id":"star1","duration":1,"time":350.25,"sx":0,"sy":0},{"sprite":"star.png","angle":300,"ox":13,"oy":13,"x":380,"y":150,"id":"star2","time":349.5,"type":"deco","sx":0,"sy":0},{"angle":300,"ease":"outCirc","r":135,"x":380,"y":150,"id":"star2","type":"deco","duration":2,"time":349.75,"sx":1,"sy":1},{"angle":300,"type":"deco","r":270,"x":380,"y":150,"id":"star2","duration":1,"time":351.75,"sx":0,"sy":0},{"sprite":"star.png","angle":315,"ox":13,"oy":13,"x":400,"y":250,"id":"star3","time":351,"type":"deco","sx":0,"sy":0},{"angle":315,"type":"deco","r":135,"id":"star3","time":351.25,"duration":2,"ease":"outCirc","sx":1,"sy":1},{"angle":315,"type":"deco","r":270,"time":353.25,"duration":1,"id":"star3","sx":0,"sy":0},{"sprite":"star.png","angle":330,"ox":13,"oy":13,"x":200,"y":50,"id":"star4","time":352,"type":"deco","sx":0,"sy":0},{"angle":330,"ease":"outCirc","r":135,"x":200,"y":50,"id":"star4","type":"deco","duration":2,"time":352.25,"sx":1,"sy":1},{"angle":330,"type":"deco","r":270,"x":200,"y":50,"id":"star4","duration":1,"time":354.25,"sx":0,"sy":0},{"sprite":"star.png","angle":345,"ox":13,"oy":13,"x":300,"y":180,"id":"star5","type":"deco","time":354,"sx":0,"sy":0},{"angle":345,"ease":"outCirc","r":135,"x":300,"y":180,"id":"star5","type":"deco","duration":2,"time":354.25,"sx":1,"sy":1},{"angle":345,"type":"deco","r":270,"x":300,"y":180,"id":"star5","duration":1,"time":356.25,"sx":0,"sy":0},{"sprite":"star.png","angle":285,"ox":13,"oy":13,"x":100,"y":100,"id":"star1","time":355.75,"type":"deco","sx":0,"sy":0},{"angle":285,"type":"deco","r":135,"id":"star1","time":356,"duration":2,"ease":"outCirc","sx":1,"sy":1},{"angle":285,"type":"deco","r":270,"time":358,"duration":1,"id":"star1","sx":0,"sy":0},{"sprite":"star.png","angle":285,"ox":13,"oy":13,"x":180,"y":230,"id":"star2","type":"deco","time":359,"sx":0,"sy":0},{"angle":285,"ease":"outCirc","r":135,"x":180,"y":230,"id":"star2","type":"deco","duration":2,"time":359.25,"sx":1,"sy":1},{"angle":285,"type":"deco","r":270,"x":180,"y":230,"id":"star2","duration":1,"time":361.25,"sx":0,"sy":0},{"sprite":"star.png","angle":300,"ox":13,"oy":13,"x":40,"y":320,"id":"star3","type":"deco","time":360,"sx":0,"sy":0},{"angle":300,"ease":"outCirc","r":135,"x":40,"y":320,"id":"star3","type":"deco","duration":2,"time":360.25,"sx":1,"sy":1},{"angle":300,"type":"deco","r":270,"x":40,"y":320,"id":"star3","duration":1,"time":362.25,"sx":0,"sy":0},{"sprite":"star.png","angle":315,"ox":13,"oy":13,"x":500,"y":30,"id":"star4","time":361.5,"type":"deco","sx":0,"sy":0},{"angle":315,"ease":"outCirc","r":135,"x":500,"y":30,"id":"star4","type":"deco","duration":2,"time":361.75,"sx":1,"sy":1},{"angle":315,"type":"deco","r":270,"x":500,"y":30,"id":"star4","duration":1,"time":363.75,"sx":0,"sy":0},{"sprite":"star.png","angle":330,"ox":13,"oy":13,"x":430,"y":180,"id":"star5","time":363,"type":"deco","sx":0,"sy":0},{"angle":330,"ease":"outCirc","r":135,"x":430,"y":180,"id":"star5","type":"deco","duration":2,"time":363.25,"sx":1,"sy":1},{"angle":330,"type":"deco","r":270,"x":430,"y":180,"id":"star5","duration":1,"time":365.25,"sx":0,"sy":0},{"sprite":"star.png","angle":285,"ox":13,"oy":13,"x":300,"y":100,"id":"star1","time":364,"type":"deco","sx":0,"sy":0},{"angle":285,"ease":"outCirc","r":135,"x":300,"id":"star1","type":"deco","duration":2,"time":364.25,"sx":1,"sy":1},{"angle":285,"type":"deco","r":270,"x":300,"id":"star1","duration":1,"time":366.25,"sx":0,"sy":0},{"sprite":"star.png","angle":285,"ox":13,"oy":13,"x":140,"y":270,"id":"star2","time":367,"type":"deco","sx":0,"sy":0},{"angle":285,"ease":"outCirc","r":135,"x":140,"y":270,"id":"star2","type":"deco","duration":2,"time":367.25,"sx":1,"sy":1},{"angle":285,"type":"deco","r":270,"x":140,"y":270,"id":"star2","duration":1,"time":369.25,"sx":0,"sy":0},{"sprite":"star.png","angle":300,"ox":13,"oy":13,"x":560,"y":78,"id":"star3","time":368,"type":"deco","sx":0,"sy":0},{"angle":300,"ease":"outCirc","r":135,"x":560,"y":78,"id":"star3","type":"deco","duration":2,"time":368.25,"sx":1,"sy":1},{"angle":300,"type":"deco","r":270,"x":560,"y":78,"id":"star3","duration":1,"time":370.25,"sx":0,"sy":0},{"sprite":"star.png","angle":315,"ox":13,"oy":13,"x":420,"y":310,"id":"star4","type":"deco","time":369.5,"sx":0,"sy":0},{"angle":315,"ease":"outCirc","r":135,"x":420,"y":310,"id":"star4","type":"deco","duration":2,"time":369.75,"sx":1,"sy":1},{"angle":315,"type":"deco","r":270,"x":420,"y":310,"id":"star4","duration":1,"time":371.75,"sx":0,"sy":0},{"sprite":"star.png","angle":330,"ox":13,"oy":13,"x":330,"y":120,"id":"star5","type":"deco","time":371,"sx":0,"sy":0},{"angle":330,"ease":"outCirc","r":135,"x":330,"y":120,"id":"star5","type":"deco","duration":2,"time":371.25,"sx":1,"sy":1},{"angle":330,"type":"deco","r":270,"x":330,"y":120,"id":"star5","duration":1,"time":373.25,"sx":0,"sy":0},{"sprite":"star.png","angle":285,"ox":13,"oy":13,"x":160,"y":150,"id":"star1","time":372,"type":"deco","sx":0,"sy":0},{"angle":285,"ease":"outCirc","r":135,"x":160,"y":150,"id":"star1","type":"deco","duration":2,"time":372.25,"sx":1,"sy":1},{"angle":285,"type":"deco","r":270,"x":160,"y":150,"id":"star1","duration":1,"time":374.25,"sx":0,"sy":0},{"sprite":"star.png","angle":285,"ox":13,"oy":13,"x":370,"y":220,"id":"star2","type":"deco","time":375,"sx":0,"sy":0},{"angle":285,"ease":"outCirc","r":135,"x":370,"y":220,"id":"star2","type":"deco","duration":2,"time":375.25,"sx":1,"sy":1},{"angle":285,"type":"deco","r":270,"x":370,"y":220,"id":"star2","duration":1,"time":377.25,"sx":0,"sy":0},{"sprite":"star.png","angle":300,"ox":13,"oy":13,"x":300,"y":329,"id":"star3","type":"deco","time":376,"sx":0,"sy":0},{"angle":300,"ease":"outCirc","r":135,"x":300,"y":329,"id":"star3","type":"deco","duration":2,"time":376.25,"sx":1,"sy":1},{"angle":300,"type":"deco","r":270,"x":300,"y":329,"id":"star3","duration":1,"time":378.25,"sx":0,"sy":0},{"sprite":"star.png","angle":300,"ox":13,"oy":13,"x":200,"y":100,"id":"star4","time":377.25,"type":"deco","sx":0,"sy":0},{"angle":300,"ease":"outCirc","r":135,"x":200,"id":"star4","type":"deco","duration":2,"time":377.5,"sx":1,"sy":1},{"angle":300,"type":"deco","r":270,"x":200,"id":"star4","duration":1,"time":379.5,"sx":0,"sy":0},{"sprite":"star.png","angle":315,"ox":13,"oy":13,"x":430,"y":250,"id":"star5","time":379,"type":"deco","sx":0,"sy":0},{"angle":315,"ease":"outCirc","r":135,"x":430,"y":250,"id":"star5","type":"deco","duration":2,"time":379.25,"sx":1,"sy":1},{"angle":315,"type":"deco","r":270,"x":430,"y":250,"id":"star5","duration":1,"time":380.75,"sx":0,"sy":0},{"sprite":"star.png","angle":330,"ox":13,"oy":13,"x":140,"y":180,"id":"star1","type":"deco","time":380.5,"sx":0,"sy":0},{"angle":330,"ease":"outCirc","r":135,"x":430,"y":250,"id":"star1","type":"deco","duration":2,"time":380.75,"sx":1,"sy":1},{"angle":330,"type":"deco","r":270,"x":430,"y":250,"id":"star1","duration":1,"time":382.75,"sx":0,"sy":0},{"sprite":"star.png","angle":330,"ox":13,"oy":13,"x":200,"y":320,"id":"star2","type":"deco","time":385,"sx":0,"sy":0},{"angle":330,"ease":"outCirc","r":135,"x":200,"y":320,"id":"star2","type":"deco","duration":2,"time":385.25,"sx":1,"sy":1},{"angle":330,"type":"deco","r":270,"x":200,"y":320,"id":"star2","duration":1,"time":387.25,"sx":0,"sy":0},{"sprite":"star.png","angle":345,"ox":13,"oy":13,"x":40,"y":140,"id":"star3","time":386,"type":"deco","sx":0,"sy":0},{"angle":345,"ease":"outCirc","r":135,"x":40,"y":140,"id":"star3","type":"deco","duration":2,"time":386.25,"sx":1,"sy":1},{"angle":345,"type":"deco","r":270,"x":40,"y":140,"id":"star3","duration":1,"time":388.25,"sx":0,"sy":0},{"sprite":"star.png","angle":285,"ox":13,"oy":13,"x":420,"y":170,"id":"star4","time":386.5,"type":"deco","sx":0,"sy":0},{"angle":285,"ease":"outCirc","r":135,"x":420,"y":170,"id":"star4","type":"deco","duration":2,"time":386.75,"sx":1,"sy":1},{"angle":285,"type":"deco","r":270,"x":420,"y":170,"id":"star4","duration":1,"time":388.75,"sx":0,"sy":0},{"sprite":"star.png","angle":330,"ox":13,"oy":13,"x":320,"y":20,"id":"star5","time":387,"type":"deco","sx":0,"sy":0},{"angle":330,"ease":"outCirc","r":135,"x":320,"y":20,"id":"star5","type":"deco","duration":2,"time":387.25,"sx":1,"sy":1},{"angle":330,"type":"deco","r":270,"x":320,"y":20,"id":"star5","duration":1,"time":389.25,"sx":0,"sy":0},{"sprite":"star.png","angle":390,"ox":13,"oy":13,"x":430,"y":250,"id":"star1","time":387.5,"type":"deco","sx":0,"sy":0},{"angle":390,"ease":"outCirc","r":135,"x":430,"y":250,"id":"star1","type":"deco","duration":2,"time":387.75,"sx":1,"sy":1},{"angle":390,"type":"deco","r":270,"x":430,"y":250,"id":"star1","duration":1,"time":389.75,"sx":0,"sy":0},{"var":"vfx.canvPos.sx","ease":"outSine","start":1.1000000238419,"time":198,"type":"ease","duration":1,"angle":180,"value":1},{"var":"vfx.canvPos.sy","ease":"outSine","start":1.1000000238419,"time":198,"type":"ease","duration":1,"value":1,"angle":157.5},{"var":"vfx.canvPos.sx","ease":"outSine","start":1.1000000238419,"time":202,"type":"ease","duration":1,"value":1,"angle":180},{"var":"vfx.canvPos.sy","ease":"outSine","start":1.1000000238419,"time":202,"duration":1,"value":1,"type":"ease","angle":157.5},{"var":"vfx.canvPos.sx","ease":"outSine","start":1.1000000238419,"time":206,"type":"ease","duration":1,"value":1,"angle":180},{"var":"vfx.canvPos.sy","ease":"outSine","start":1.1000000238419,"time":206,"duration":1,"value":1,"type":"ease","angle":157.5},{"var":"vfx.canvPos.sx","ease":"outSine","start":1.1000000238419,"time":210,"type":"ease","duration":1,"value":1,"angle":180},{"var":"vfx.canvPos.sy","ease":"outSine","start":1.1000000238419,"time":210,"duration":1,"value":1,"type":"ease","angle":157.5},{"time":205,"angle":180,"type":"ease","start":3,"duration":0.5,"var":"vfx.hwaves.strength","value":0},{"angle":180,"var":"vfx.hwaves.strength","type":"ease","start":-3,"duration":0.5,"value":0,"time":207},{"time":207.75,"var":"vfx.hwaves.strength","value":0,"start":3,"duration":0.5,"type":"ease","angle":180},{"var":"vfx.hwaves.strength","angle":180,"value":0,"start":-3,"duration":0.5,"type":"ease","time":208.5},{"angle":180,"time":209.25,"type":"ease","start":3,"duration":0.5,"var":"vfx.hwaves.strength","value":0},{"type":"ease","var":"vfx.hwaves.strength","value":0,"start":3,"duration":0.5,"angle":180,"time":210.75},{"angle":180,"time":211.5,"value":0,"start":-3,"duration":0.5,"type":"ease","var":"vfx.hwaves.strength"},{"angle":180,"type":"tag","angleOffset":false,"time":212,"tag":"wave"},{"angle":180,"type":"tag","angleOffset":false,"time":215,"tag":"wave"},{"var":"vfx.canvPos.sx","ease":"outSine","start":1.1000000238419,"time":214,"duration":1,"value":1,"angle":180,"type":"ease"},{"var":"vfx.canvPos.sy","ease":"outSine","start":1.1000000238419,"time":214,"duration":1,"value":1,"type":"ease","angle":157.5},{"var":"vfx.canvPos.sx","ease":"outSine","start":1.1000000238419,"time":218,"duration":1,"value":1,"type":"ease","angle":180},{"var":"vfx.canvPos.sy","ease":"outSine","start":1.1000000238419,"time":218,"duration":1,"type":"ease","value":1,"angle":157.5},{"var":"vfx.canvPos.sx","ease":"outSine","start":1.1000000238419,"time":222,"duration":1,"value":1,"type":"ease","angle":180},{"var":"vfx.canvPos.sy","ease":"outSine","start":1.1000000238419,"time":222,"duration":1,"type":"ease","value":1,"angle":157.5},{"var":"vfx.canvPos.sx","ease":"outSine","start":1.1000000238419,"time":226,"duration":1,"value":1,"type":"ease","angle":180},{"var":"vfx.canvPos.sy","ease":"outSine","start":1.1000000238419,"time":226,"duration":1,"type":"ease","value":1,"angle":157.5},{"angle":180,"time":221,"type":"ease","start":3,"duration":0.5,"var":"vfx.hwaves.strength","value":0},{"value":0,"var":"vfx.hwaves.strength","type":"ease","start":-3,"duration":0.5,"angle":180,"time":223},{"type":"ease","var":"vfx.hwaves.strength","value":0,"start":3,"duration":0.5,"time":223.75,"angle":180},{"type":"ease","angle":180,"value":0,"start":-3,"duration":0.5,"var":"vfx.hwaves.strength","time":224.5},{"time":225.25,"angle":180,"type":"ease","start":3,"duration":0.5,"var":"vfx.hwaves.strength","value":0},{"angle":180,"var":"vfx.hwaves.strength","value":0,"start":3,"duration":0.5,"type":"ease","time":226.75},{"type":"ease","time":227.5,"value":0,"start":-3,"duration":0.5,"angle":180,"var":"vfx.hwaves.strength"},{"angle":180,"type":"tag","angleOffset":false,"time":228,"tag":"wave"},{"angle":180,"type":"tag","angleOffset":false,"time":231,"tag":"wave"},{"var":"vfx.canvPos.sx","ease":"outSine","start":1.1000000238419,"time":234,"duration":1,"value":1,"type":"ease","angle":180},{"var":"vfx.canvPos.sy","ease":"outSine","start":1.1000000238419,"time":234,"duration":1,"type":"ease","value":1,"angle":157.5},{"var":"vfx.canvPos.sx","ease":"outSine","start":1.1000000238419,"time":238,"duration":1,"value":1,"type":"ease","angle":180},{"var":"vfx.canvPos.sy","ease":"outSine","start":1.1000000238419,"time":238,"duration":1,"type":"ease","value":1,"angle":157.5},{"var":"vfx.canvPos.sx","ease":"outSine","start":1.1000000238419,"time":242,"duration":1,"value":1,"type":"ease","angle":180},{"var":"vfx.canvPos.sy","ease":"outSine","start":1.1000000238419,"time":242,"duration":1,"type":"ease","value":1,"angle":157.5},{"angle":180,"time":237,"type":"ease","start":3,"duration":0.5,"var":"vfx.hwaves.strength","value":0},{"value":0,"var":"vfx.hwaves.strength","type":"ease","start":-3,"duration":0.5,"angle":180,"time":239},{"type":"ease","var":"vfx.hwaves.strength","value":0,"start":3,"duration":0.5,"time":239.75,"angle":180},{"type":"ease","angle":180,"value":0,"start":-3,"duration":0.5,"var":"vfx.hwaves.strength","time":240.5},{"time":241.25,"angle":180,"type":"ease","start":3,"duration":0.5,"var":"vfx.hwaves.strength","value":0},{"angle":180,"var":"vfx.hwaves.strength","value":0,"start":3,"duration":0.5,"type":"ease","time":242.75},{"type":"ease","time":243.5,"value":0,"start":-3,"duration":0.5,"angle":180,"var":"vfx.hwaves.strength"},{"angle":180,"type":"tag","angleOffset":false,"time":244,"tag":"wave"},{"angle":180,"type":"tag","angleOffset":false,"time":247,"tag":"wave"},{"var":"vfx.canvPos.sx","ease":"outSine","start":1.1000000238419,"time":246,"duration":1,"value":1,"angle":180,"type":"ease"},{"var":"vfx.canvPos.sy","ease":"outSine","start":1.1000000238419,"time":246,"duration":1,"value":1,"type":"ease","angle":157.5},{"var":"vfx.canvPos.sx","ease":"outSine","start":1.1000000238419,"time":250,"duration":1,"value":1,"type":"ease","angle":180},{"var":"vfx.canvPos.sy","ease":"outSine","start":1.1000000238419,"time":250,"duration":1,"type":"ease","value":1,"angle":157.5},{"var":"vfx.canvPos.sx","ease":"outSine","start":1.1000000238419,"time":254,"duration":1,"value":1,"type":"ease","angle":180},{"var":"vfx.canvPos.sy","ease":"outSine","start":1.1000000238419,"time":254,"duration":1,"type":"ease","value":1,"angle":157.5},{"var":"vfx.canvPos.sx","ease":"outSine","start":1.1000000238419,"time":258,"duration":1,"value":1,"type":"ease","angle":180},{"var":"vfx.canvPos.sy","ease":"outSine","start":1.1000000238419,"time":258,"duration":1,"type":"ease","value":1,"angle":157.5}],"properties":{"formatversion":13,"speed":70,"loadBeat":-1,"offset":8}}