{"metadata":{"difficulty":6,"artistLink":"","artist":"Inoha","description":"yet another chart with lyrics in it...\n\nthis is already my 7th chart? damn","bg":true,"bgData":{"greenChannel":{"g":101,"b":88,"r":155},"yellowChannel":{"g":163,"b":108,"r":210},"magentaChannel":{"g":191,"b":185,"r":204},"cyanChannel":{"g":115,"b":191,"r":47},"image":"icon.png","redChannel":{"g":113,"b":141,"r":162},"blueChannel":{"g":149,"b":234,"r":67}},"songName":"Seventh Heaven","charter":"lalafk"},"properties":{"speed":70,"formatversion":13,"loadBeat":-1,"offset":8},"events":[{"id":"t","time":1,"angle":315,"drawLayer":"bg","x":100,"y":80,"type":"deco","sprite":"t#0"},{"time":1,"angle":22.5,"volume":1.5,"bpm":163,"file":"seventh heaven.ogg","type":"play","offset":0.25999999046326},{"id":"t","time":1.5,"angle":315,"sprite":"t#1","type":"deco"},{"id":"t","time":2,"angle":315,"sprite":"t#2","type":"deco"},{"id":"t","time":2.5,"angle":315,"sprite":"t#3","type":"deco"},{"id":"t","time":3.25,"angle":315,"sprite":"t#4","type":"deco"},{"id":"t","time":4,"angle":315,"sprite":"t#5","type":"deco"},{"id":"t","time":4.5,"angle":315,"sprite":"t#6","type":"deco"},{"time":-1,"color":0,"angle":270,"b":243,"g":211,"type":"setColor","r":226},{"time":-1,"color":1,"angle":247.5,"b":196,"g":61,"type":"setColor","r":1},{"time":-1,"value":3,"var":"p.lineWidth","type":"ease","angle":213.75},{"time":-1,"color":2,"angle":326.25,"b":75,"g":75,"type":"setColor","r":224},{"time":-1,"color":3,"angle":348.75,"b":154,"g":103,"type":"setColor","r":69},{"id":"car","time":4,"angle":0,"drawLayer":"bg","x":980,"y":115,"type":"deco","sprite":"car.png"},{"id":"car","ease":"outExpo","angle":0,"time":4.5,"x":130,"type":"deco","duration":1},{"time":4,"angle":292.5,"enabled":true,"type":"paddles","paddle":2,"ease":"outExpo","newAngle":180,"duration":1.5},{"id":"car","ease":"outExpo","angle":101.25,"time":8.75,"x":-380,"type":"deco","duration":1},{"id":"t","time":8.75,"angle":78.75,"sx":2,"sy":2,"x":180,"type":"deco","sprite":"t#8"},{"id":"t","time":9.25,"angle":78.75,"sprite":"t#9","x":220,"type":"deco"},{"id":"t","time":9.75,"angle":78.75,"sprite":"t#10","x":170,"type":"deco"},{"id":"t","time":11.25,"angle":78.75,"sprite":"t#11","x":235,"type":"deco"},{"id":"t","time":11.75,"angle":78.75,"sprite":"t#12","x":235,"type":"deco"},{"id":"t","time":12.25,"angle":67.5,"sprite":"t#13","x":220,"type":"deco"},{"id":"t","time":17.25,"angle":337.5,"sx":1,"sprite":"t#14","x":40,"y":-50,"sy":1,"type":"deco"},{"ease":"outExpo","angle":168.75,"time":17.5,"type":"paddles","newAngle":0,"paddle":2,"duration":1},{"time":18.5,"angle":168.75,"ease":"linear","type":"paddles","enabled":false,"paddle":2,"duration":0},{"id":"t","ease":"inOutSine","angle":45,"time":13.25,"y":-100,"type":"deco","duration":3},{"id":"t","ease":"outExpo","angle":326.25,"type":"deco","time":17.25,"y":40,"order":1,"duration":1},{"id":"t2","time":24.75,"angle":337.5,"sx":1,"sprite":"t#15","x":20,"y":410,"sy":1,"type":"deco"},{"id":"t2","ease":"outExpo","angle":326.25,"type":"deco","time":24.75,"y":300,"order":1,"duration":1},{"id":"t2","ease":"inSine","angle":180,"time":30.5,"y":420,"type":"deco","duration":1},{"id":"t","ease":"inSine","angle":191.25,"time":30.5,"y":-50,"type":"deco","duration":1},{"id":"t","time":32.75,"angle":315,"drawLayer":"bg","x":100,"y":80,"type":"deco","sprite":"t#0"},{"id":"t","time":33.25,"angle":315,"sprite":"t#1","type":"deco"},{"id":"t","time":33.75,"angle":315,"sprite":"t#2","type":"deco"},{"id":"t","time":34.25,"angle":315,"sprite":"t#3","type":"deco"},{"id":"t","time":35,"angle":315,"sprite":"t#4","type":"deco"},{"id":"t","time":35.75,"angle":315,"sprite":"t#5","type":"deco"},{"id":"t","time":36.25,"angle":315,"sprite":"t#6","type":"deco"},{"id":"car","time":35.75,"angle":0,"drawLayer":"bg","x":980,"y":115,"type":"deco","sprite":"car.png"},{"id":"car","ease":"outExpo","angle":0,"time":36.25,"x":480,"type":"deco","duration":1},{"id":"t2","time":41.5,"angle":315,"sprite":"t#17","x":265,"type":"deco","y":100},{"id":"t2","time":42.25,"angle":315,"sprite":"t#18","type":"deco"},{"id":"t2","time":43.25,"angle":315,"sprite":"t#19","type":"deco"},{"id":"t2","time":44.25,"angle":315,"sprite":"t#20","type":"deco"},{"id":"t","ease":"inSine","angle":303.75,"time":44.25,"y":-50,"type":"deco","duration":1},{"id":"t2","ease":"inSine","angle":292.5,"time":44.25,"y":-40,"type":"deco","duration":1},{"id":"car","ease":"outExpo","angle":101.25,"time":44.25,"x":1000,"type":"deco","duration":2},{"id":"car","time":36.25,"angle":348.75,"sx":-1,"x":-380,"type":"deco","order":-1},{"id":"t","time":48.75,"angle":22.5,"sprite":"t#21","x":100,"type":"deco","y":-50,"order":-1},{"id":"t","ease":"outExpo","angle":45,"time":48.75,"y":40,"type":"deco","duration":2},{"id":"1","time":50.25,"angle":337.5,"sprite":"1.png","x":275,"type":"deco","oy":50,"ease":"outExpo","y":250,"ox":50,"duration":2},{"id":"0","time":50.25,"angle":360,"sprite":"0.png","x":325,"type":"deco","oy":50,"ease":"outExpo","y":250,"ox":50,"duration":2},{"id":"1","time":50.25,"angle":405,"sprite":"1.png","x":275,"y":400,"oy":50,"type":"deco","ox":50,"order":-1},{"id":"0","time":50.25,"angle":427.5,"sprite":"0.png","x":325,"y":400,"oy":50,"type":"deco","ox":50,"order":-1},{"id":"1","time":52.25,"angle":337.5,"sprite":"1.png","x":275,"type":"deco","oy":50,"ease":"outExpo","y":250,"ox":50,"duration":2},{"id":"0","ease":"outSine","angle":0,"sprite":"0.png","x":650,"type":"deco","oy":50,"y":250,"time":52.25,"ox":50,"order":-1,"duration":2},{"id":"11","ease":"outExpo","angle":67.5,"sprite":"1.png","x":325,"type":"deco","oy":50,"y":400,"time":52.25,"ox":50,"order":-1,"duration":2},{"id":"11","time":52.25,"angle":45,"sprite":"1.png","x":325,"type":"deco","oy":50,"ease":"outExpo","y":250,"ox":50,"duration":2},{"id":"1","time":56.75,"angle":405,"sprite":"1.png","x":275,"type":"deco","oy":50,"ease":"outExpo","y":450,"ox":50,"duration":2},{"id":"11","ease":"outExpo","angle":67.5,"sprite":"1.png","x":325,"type":"deco","oy":50,"y":450,"time":56.75,"ox":50,"order":-1,"duration":2},{"id":"t2","time":56.75,"angle":337.5,"sx":1,"sprite":"t#22","x":50,"y":410,"sy":1,"type":"deco"},{"id":"t2","ease":"outExpo","angle":326.25,"type":"deco","time":56.75,"y":300,"order":1,"duration":1},{"id":"t2","ease":"outExpo","angle":337.5,"sx":1,"sy":1,"x":50,"y":400,"sprite":"t#22","type":"deco","time":64.25,"duration":4},{"id":"t","ease":"outExpo","angle":45,"sprite":"t#21","x":100,"type":"deco","y":-50,"time":64.25,"order":-1,"duration":4},{"id":"t2","time":103.25,"angle":78.75,"sprite":"t#24","x":195,"type":"deco","y":160},{"id":"t","time":100.5,"angle":45,"sprite":"t#23","x":195,"type":"deco","y":110},{"id":"t3","time":104.25,"angle":22.5,"sprite":"t#25","x":195,"type":"deco","y":210},{"id":"t","time":108,"angle":247.5,"drawLayer":"bg","x":80,"y":220,"type":"deco","sprite":"t#26"},{"id":"t2","time":108,"angle":236.25,"drawLayer":"bg","type":"deco","hide":true},{"id":"t3","time":108,"angle":225,"drawLayer":"bg","type":"deco","hide":true},{"id":"t2","time":116,"angle":303.75,"sprite":"t#27","x":75,"y":250,"type":"deco","hide":false},{"time":64.25,"value":1.7000000476837,"var":"scrollSpeed","type":"ease","angle":303.75},{"ease":"outSine","angle":315,"var":"scrollSpeed","value":1,"time":100.5,"type":"ease","duration":1},{"id":"t3","time":124,"angle":56.25,"sprite":"t#28","x":85,"y":280,"type":"deco","hide":false},{"id":"t3","ease":"outExpo","angle":213.75,"time":130.25,"y":440,"type":"deco","duration":3},{"id":"t2","ease":"outExpo","angle":202.5,"time":130.25,"y":420,"type":"deco","duration":3},{"id":"t","ease":"outExpo","angle":191.25,"time":130.25,"y":400,"type":"deco","duration":3},{"id":"t","time":132.25,"angle":22.5,"sx":3,"sy":3,"x":50,"type":"deco","oy":19,"recolor":2,"y":180,"sprite":"t#29"},{"id":"t","time":134.5,"angle":135,"sprite":"t#30","x":170,"type":"deco"},{"id":"t","time":135.5,"angle":258.75,"sprite":"t#31","x":200,"type":"deco"},{"id":"t","time":136,"angle":348.75,"sprite":"t#32","x":75,"type":"deco"},{"id":"t","time":138.5,"angle":101.25,"sprite":"t#33","x":120,"type":"deco"},{"id":"t","time":140.25,"angle":303.75,"sprite":"t#34","type":"deco"},{"id":"t","time":141.5,"angle":135,"sprite":"t#35","x":200,"type":"deco"},{"id":"t","time":142.25,"angle":33.75,"sprite":"t#36","x":100,"type":"deco"},{"id":"t","time":144,"angle":247.5,"sprite":"t#37","x":200,"type":"deco"},{"id":"t","time":144.5,"angle":247.5,"sprite":"t#38","x":170,"type":"deco"},{"id":"t","time":145.25,"angle":247.5,"sprite":"t#39","x":210,"type":"deco"},{"id":"t","time":146,"angle":247.5,"sprite":"t#40","x":150,"type":"deco"},{"id":"t","time":148.5,"angle":247.5,"type":"deco","hide":true},{"id":"t2","time":148.5,"angle":225,"sprite":"t#41","x":10,"y":50,"type":"deco","hide":false},{"id":"t3","time":156.25,"angle":337.5,"sprite":"t#42","x":30,"type":"deco","y":250},{"id":"t3","time":162.25,"angle":348.75,"sx":1,"sy":1,"y":400,"type":"deco","ease":"outExpo","duration":4},{"id":"t2","ease":"outExpo","angle":56.25,"type":"deco","time":162.25,"y":-50,"order":-1,"duration":4},{"id":"t","time":163.25,"angle":22.5,"sprite":"t#43","x":30,"type":"deco","oy":22,"hide":false},{"id":"t","time":164.75,"angle":22.5,"sprite":"t#44","x":120,"type":"deco","hide":false},{"id":"t","time":165.75,"angle":22.5,"sprite":"t#45","x":220,"type":"deco","hide":false},{"id":"t","time":166.25,"angle":22.5,"sprite":"t#46","x":150,"type":"deco","hide":false},{"id":"t","time":167.25,"angle":22.5,"sprite":"t#47","x":125,"type":"deco","hide":false},{"id":"t","time":168.25,"angle":22.5,"sprite":"t#48","x":125,"type":"deco","hide":false},{"id":"t","time":169.75,"angle":22.5,"sprite":"t#49","x":210,"type":"deco","hide":false},{"id":"t","time":170.25,"angle":22.5,"sprite":"t#50","x":100,"type":"deco","hide":false},{"id":"t","time":172.25,"angle":22.5,"sprite":"t#51","x":100,"type":"deco","hide":false},{"id":"t","time":173.5,"angle":22.5,"sprite":"t#52","x":150,"type":"deco","hide":false},{"id":"t","time":174.25,"angle":22.5,"sprite":"t#53","x":200,"type":"deco","hide":false},{"id":"t","time":174.75,"angle":22.5,"sprite":"t#54","x":220,"type":"deco","hide":false},{"id":"t","time":175.25,"angle":22.5,"sprite":"t#55","x":100,"type":"deco","hide":false},{"id":"t","time":176.75,"angle":22.5,"sprite":"t#56","x":200,"type":"deco","hide":false},{"id":"t","time":177.25,"angle":22.5,"sprite":"t#57","x":120,"type":"deco","hide":false},{"id":"t","time":178.25,"angle":22.5,"sprite":"t#58","x":100,"type":"deco","hide":false},{"id":"t","time":180.25,"angle":22.5,"sprite":"t#59","x":120,"type":"deco","hide":false},{"id":"t","time":182.25,"angle":348.75,"sx":2.4000000953674,"sprite":"t#60","x":80,"type":"deco","sy":2.4000000953674,"hide":false},{"id":"t","time":186.25,"angle":22.5,"sx":3,"sprite":"t#61","x":80,"type":"deco","sy":3,"hide":false},{"ease":"linear","angle":45,"var":"scrollSpeed","value":1.5,"time":163.25,"type":"ease","duration":3},{"id":"t","time":193,"angle":315,"sx":1,"sy":1,"x":100,"type":"deco","recolor":-1,"drawLayer":"bg","y":80,"sprite":"t#0"},{"id":"t","time":193.5,"angle":315,"sprite":"t#1","type":"deco"},{"id":"t","time":194,"angle":315,"sprite":"t#2","type":"deco"},{"id":"t","time":194.5,"angle":315,"sprite":"t#3","type":"deco"},{"id":"t","time":195.25,"angle":315,"sprite":"t#4","type":"deco"},{"id":"t","time":196,"angle":315,"sprite":"t#5","type":"deco"},{"id":"t","time":196.5,"angle":315,"sprite":"t#6","type":"deco"},{"id":"car","time":196,"angle":0,"drawLayer":"bg","x":-100,"y":115,"type":"deco","sprite":"car.png"},{"id":"car","ease":"linear","angle":0,"time":196.5,"x":1050,"type":"deco","duration":5},{"id":"t","time":200.75,"angle":78.75,"sx":2,"sprite":"t#8","x":180,"y":120,"sy":2,"type":"deco"},{"id":"t","time":201.25,"angle":78.75,"sprite":"t#9","x":220,"type":"deco"},{"id":"t","time":201.75,"angle":78.75,"sprite":"t#10","x":170,"type":"deco"},{"id":"t","time":203.25,"angle":78.75,"sprite":"t#11","x":235,"type":"deco"},{"id":"t","time":203.75,"angle":78.75,"sprite":"t#12","x":235,"type":"deco"},{"id":"t","time":204.25,"angle":67.5,"sprite":"t#13","x":220,"type":"deco"},{"id":"t","time":209.25,"angle":337.5,"sx":1,"sprite":"t#14","x":40,"y":-50,"sy":1,"type":"deco"},{"id":"t","ease":"inOutSine","angle":45,"time":205.25,"y":-100,"type":"deco","duration":3},{"id":"t","ease":"outExpo","angle":326.25,"type":"deco","time":209.25,"y":40,"order":1,"duration":1},{"id":"t2","time":216.75,"angle":337.5,"sx":1,"sprite":"t#15","x":20,"y":410,"sy":1,"type":"deco"},{"id":"t2","ease":"outExpo","angle":326.25,"type":"deco","time":216.75,"y":300,"order":1,"duration":1},{"id":"t2","ease":"inSine","angle":180,"time":222.5,"y":420,"type":"deco","duration":1},{"id":"t","ease":"inSine","angle":191.25,"time":222.5,"y":-50,"type":"deco","duration":1},{"ease":"outExpo","angle":11.25,"var":"scrollSpeed","value":1,"time":193,"type":"ease","duration":1},{"id":"t","ease":"inSine","angle":292.5,"time":188.75,"y":-80,"type":"deco","duration":1},{"id":"berry1","ox":180,"angle":67.5,"sx":0.10000000149012,"sy":0.10000000149012,"x":400,"type":"deco","recolor":1,"oy":180,"y":275,"time":132,"order":-1,"sprite":"berry.png"},{"id":"berry1","ease":"outBack","angle":90,"sx":0.60000002384186,"sy":0.60000002384186,"type":"deco","r":360,"drawLayer":"bg","time":132,"duration":1},{"id":"mountain","ox":180,"angle":67.5,"sx":0.10000000149012,"drawLayer":"bg","x":200,"type":"deco","oy":180,"y":275,"sy":0.10000000149012,"time":136,"order":-1,"sprite":"mountain.png"},{"id":"mountain","time":136,"angle":90,"sx":0.60000002384186,"sy":0.60000002384186,"type":"deco","r":360,"ease":"outBack","duration":1},{"id":"mountain","ease":"outSine","angle":202.5,"time":148.5,"y":500,"type":"deco","duration":2},{"id":"berry1","ease":"outSine","angle":180,"time":148.5,"y":500,"type":"deco","duration":2},{"time":163.25,"angle":67.5,"var":"vfx.canvPos.sy","value":1.5,"type":"ease","duration":20},{"time":163.25,"angle":90,"var":"vfx.canvPos.sx","value":1.5,"type":"ease","duration":20},{"ease":"outExpo","angle":0,"var":"vfx.canvPos.sx","value":1,"time":186.25,"type":"ease","duration":1},{"ease":"outExpo","angle":337.5,"var":"vfx.canvPos.sy","value":1,"time":186.25,"type":"ease","duration":1},{"time":195.75,"angle":270,"enabled":true,"type":"paddles","paddle":2,"ease":"inOutSine","newAngle":180,"duration":0.5},{"ease":"outBack","angle":11.25,"time":209.25,"type":"paddles","newAngle":0,"paddle":2,"duration":1},{"id":"t","time":224.75,"angle":315,"drawLayer":"bg","x":100,"y":80,"type":"deco","sprite":"t#0"},{"id":"t","time":225.25,"angle":315,"sprite":"t#1","type":"deco"},{"id":"t","time":225.75,"angle":315,"sprite":"t#2","type":"deco"},{"id":"t","time":226.25,"angle":315,"sprite":"t#3","type":"deco"},{"id":"t","time":227,"angle":315,"sprite":"t#4","type":"deco"},{"id":"t","time":227.75,"angle":315,"sprite":"t#5","type":"deco"},{"id":"t","time":228.25,"angle":315,"sprite":"t#6","type":"deco"},{"id":"car","time":227.75,"angle":0,"drawLayer":"bg","x":980,"y":115,"type":"deco","sprite":"car.png"},{"id":"car","ease":"outExpo","angle":0,"time":228.25,"x":480,"type":"deco","duration":1},{"id":"t2","time":233.5,"angle":315,"sprite":"t#17","x":265,"type":"deco","y":100},{"id":"t2","time":234.25,"angle":315,"sprite":"t#18","type":"deco"},{"id":"t2","time":235.25,"angle":315,"sprite":"t#19","type":"deco"},{"id":"t2","time":236.25,"angle":315,"sprite":"t#20","type":"deco"},{"id":"t","ease":"inSine","angle":303.75,"time":236.25,"y":-50,"type":"deco","duration":1},{"id":"t2","ease":"inSine","angle":292.5,"time":236.25,"y":-40,"type":"deco","duration":1},{"id":"car","ease":"outExpo","angle":101.25,"time":236.25,"x":1000,"type":"deco","duration":2},{"id":"car","time":228.25,"angle":348.75,"sx":-1,"x":-380,"type":"deco","order":-1},{"id":"t","time":240.75,"angle":22.5,"sprite":"t#21","x":100,"type":"deco","y":-50,"order":-1},{"id":"t","ease":"outExpo","angle":45,"time":240.75,"y":40,"type":"deco","duration":2},{"id":"1","time":242.25,"angle":337.5,"sprite":"1.png","x":275,"type":"deco","oy":50,"ease":"outExpo","y":250,"ox":50,"duration":2},{"id":"0","time":242.25,"angle":360,"sprite":"0.png","x":325,"type":"deco","oy":50,"ease":"outExpo","y":250,"ox":50,"duration":2},{"id":"1","ox":50,"angle":405,"drawLayer":"bg","x":275,"y":400,"oy":50,"type":"deco","sprite":"1.png","time":242.25,"order":-1},{"id":"0","ox":50,"angle":427.5,"drawLayer":"bg","x":325,"y":400,"oy":50,"type":"deco","sprite":"0.png","time":242.25,"order":-1},{"id":"1","time":244.25,"angle":337.5,"sprite":"1.png","x":275,"type":"deco","oy":50,"ease":"outExpo","y":250,"ox":50,"duration":2},{"id":"0","ease":"outSine","angle":0,"sprite":"0.png","x":650,"type":"deco","oy":50,"y":250,"time":244.25,"ox":50,"order":-1,"duration":2},{"id":"11","ease":"outExpo","angle":67.5,"sprite":"1.png","x":325,"type":"deco","oy":50,"y":400,"time":244.25,"ox":50,"order":-1,"duration":2},{"id":"11","time":244.25,"angle":45,"sprite":"1.png","x":325,"type":"deco","oy":50,"ease":"outExpo","y":250,"ox":50,"duration":2},{"id":"1","time":248.75,"angle":405,"sprite":"1.png","x":275,"type":"deco","oy":50,"ease":"outExpo","y":450,"ox":50,"duration":2},{"id":"11","ox":50,"angle":67.5,"sprite":"1.png","x":325,"y":450,"oy":50,"drawLayer":"bg","type":"deco","ease":"outExpo","time":248.75,"order":-1,"duration":2},{"id":"t2","time":248.75,"angle":337.5,"sx":1,"sprite":"t#22","x":50,"y":410,"sy":1,"type":"deco"},{"id":"t2","ease":"outExpo","angle":326.25,"type":"deco","time":248.75,"y":300,"order":1,"duration":1},{"id":"t2","ease":"outExpo","angle":337.5,"sx":1,"sy":1,"x":50,"y":400,"sprite":"t#22","type":"deco","time":256.25,"duration":4},{"id":"t","ease":"outExpo","angle":45,"sprite":"t#21","x":100,"type":"deco","y":-50,"time":256.25,"order":-1,"duration":4},{"ease":"outExpo","angle":292.5,"var":"vfx.canvPos.sx","value":1.3500000238419,"time":260.5,"type":"ease","duration":1},{"ease":"outExpo","angle":303.75,"var":"vfx.canvPos.sy","value":1.3500000238419,"time":260.5,"type":"ease","duration":1},{"ease":"outExpo","angle":292.5,"var":"vfx.canvPos.sx","value":1,"time":261.5,"type":"ease","duration":1},{"ease":"outExpo","angle":303.75,"var":"vfx.canvPos.sy","value":1,"time":261.5,"type":"ease","duration":1},{"ease":"outExpo","angle":326.25,"var":"vfx.canvPos.sx","value":1.3500000238419,"time":262.5,"type":"ease","duration":1},{"ease":"outExpo","angle":337.5,"var":"vfx.canvPos.sy","value":1.3500000238419,"time":262.5,"type":"ease","duration":1},{"ease":"outExpo","angle":326.25,"var":"vfx.canvPos.sx","value":1,"time":263.5,"type":"ease","duration":1},{"ease":"outExpo","angle":337.5,"var":"vfx.canvPos.sy","value":1,"time":263.5,"type":"ease","duration":1},{"ease":"outExpo","angle":292.5,"var":"vfx.canvPos.sx","value":1.3500000238419,"time":264.5,"type":"ease","duration":1},{"ease":"outExpo","angle":303.75,"var":"vfx.canvPos.sy","value":1.3500000238419,"time":264.5,"type":"ease","duration":1},{"ease":"outExpo","angle":292.5,"var":"vfx.canvPos.sx","value":1,"time":265.5,"type":"ease","duration":1},{"ease":"outExpo","angle":303.75,"var":"vfx.canvPos.sy","value":1,"time":265.5,"type":"ease","duration":1},{"ease":"outExpo","angle":315,"var":"vfx.canvPos.sx","value":1.3500000238419,"time":266.5,"type":"ease","duration":1},{"ease":"outExpo","angle":326.25,"var":"vfx.canvPos.sy","value":1.3500000238419,"time":266.5,"type":"ease","duration":1},{"ease":"outExpo","angle":315,"var":"vfx.canvPos.sx","value":1,"time":267.5,"type":"ease","duration":1},{"ease":"outExpo","angle":326.25,"var":"vfx.canvPos.sy","value":1,"time":267.5,"type":"ease","duration":1},{"ease":"outExpo","angle":315,"var":"vfx.canvPos.sx","value":1.3500000238419,"time":268.5,"type":"ease","duration":1},{"ease":"outExpo","angle":326.25,"var":"vfx.canvPos.sy","value":1.3500000238419,"time":268.5,"type":"ease","duration":1},{"ease":"outExpo","angle":315,"var":"vfx.canvPos.sx","value":1,"time":269.5,"type":"ease","duration":1},{"ease":"outExpo","angle":326.25,"var":"vfx.canvPos.sy","value":1,"time":269.5,"type":"ease","duration":1},{"ease":"outExpo","angle":315,"var":"vfx.canvPos.sx","value":1.3500000238419,"time":270.5,"type":"ease","duration":1},{"ease":"outExpo","angle":326.25,"var":"vfx.canvPos.sy","value":1.3500000238419,"time":270.5,"type":"ease","duration":1},{"ease":"outExpo","angle":315,"var":"vfx.canvPos.sx","value":1,"time":271.5,"type":"ease","duration":1},{"ease":"outExpo","angle":326.25,"var":"vfx.canvPos.sy","value":1,"time":271.5,"type":"ease","duration":1},{"ease":"outExpo","angle":315,"var":"vfx.canvPos.sx","value":1.3500000238419,"time":272.5,"type":"ease","duration":1},{"ease":"outExpo","angle":326.25,"var":"vfx.canvPos.sy","value":1.3500000238419,"time":272.5,"type":"ease","duration":1},{"ease":"outExpo","angle":315,"var":"vfx.canvPos.sx","value":1,"time":273.5,"type":"ease","duration":1},{"ease":"outExpo","angle":326.25,"var":"vfx.canvPos.sy","value":1,"time":273.5,"type":"ease","duration":1},{"ease":"outExpo","angle":315,"var":"vfx.canvPos.sx","value":1.3500000238419,"time":274.5,"type":"ease","duration":1},{"ease":"outExpo","angle":326.25,"var":"vfx.canvPos.sy","value":1.3500000238419,"time":274.5,"type":"ease","duration":1},{"ease":"outExpo","angle":315,"var":"vfx.canvPos.sx","value":1,"time":275.5,"type":"ease","duration":1},{"ease":"outExpo","angle":326.25,"var":"vfx.canvPos.sy","value":1,"time":275.5,"type":"ease","duration":1},{"id":"red","time":260.5,"angle":247.5,"drawLayer":"bg","x":-600,"y":0,"recolor":3,"sprite":"red.png","type":"deco"},{"id":"red","ease":"outExpo","angle":236.25,"x":-300,"type":"deco","time":260.5,"order":1,"duration":1},{"id":"red","ease":"outExpo","angle":236.25,"x":300,"type":"deco","time":261.5,"order":1,"duration":1},{"id":"red","ease":"outExpo","angle":236.25,"x":-300,"type":"deco","time":262.5,"order":1,"duration":1},{"id":"red","ease":"outExpo","angle":236.25,"x":300,"type":"deco","time":263.5,"order":1,"duration":1},{"id":"red","ease":"outExpo","angle":236.25,"x":-300,"type":"deco","time":264.5,"order":1,"duration":1},{"id":"red","ease":"outExpo","angle":236.25,"x":300,"type":"deco","time":265.5,"order":1,"duration":1},{"id":"red","ease":"outExpo","angle":236.25,"x":-300,"type":"deco","time":266.5,"order":1,"duration":1},{"id":"red","ease":"outExpo","angle":236.25,"x":300,"type":"deco","time":267.5,"order":1,"duration":1},{"id":"red","ease":"outExpo","angle":236.25,"x":0,"type":"deco","y":-180,"time":268.5,"order":1,"duration":1},{"id":"red","ease":"outExpo","angle":236.25,"type":"deco","time":269.5,"y":180,"order":1,"duration":1},{"id":"red","ease":"outExpo","angle":236.25,"x":0,"type":"deco","y":-180,"time":270.5,"order":1,"duration":1},{"id":"red","ease":"outExpo","angle":236.25,"type":"deco","time":271.5,"y":180,"order":1,"duration":1},{"id":"red","ease":"outExpo","angle":236.25,"x":0,"type":"deco","y":-180,"time":272.5,"order":1,"duration":1},{"id":"red","ease":"outExpo","angle":236.25,"type":"deco","time":273.5,"y":180,"order":1,"duration":1},{"id":"red","ease":"outExpo","angle":236.25,"x":0,"type":"deco","y":-180,"time":274.5,"order":1,"duration":1},{"id":"red","ease":"outExpo","angle":236.25,"type":"deco","time":275.5,"y":180,"order":1,"duration":1},{"ease":"outExpo","angle":315,"var":"vfx.canvPos.sx","value":1.3500000238419,"time":276.5,"type":"ease","duration":1},{"ease":"outExpo","angle":326.25,"var":"vfx.canvPos.sy","value":1.3500000238419,"time":276.5,"type":"ease","duration":1},{"ease":"outExpo","angle":315,"var":"vfx.canvPos.sx","value":1,"time":277.5,"type":"ease","duration":1},{"ease":"outExpo","angle":326.25,"var":"vfx.canvPos.sy","value":1,"time":277.5,"type":"ease","duration":1},{"id":"red","ease":"outExpo","angle":236.25,"x":300,"type":"deco","y":180,"time":276.5,"order":1,"duration":1},{"id":"red","ease":"outExpo","angle":236.25,"type":"deco","time":277.5,"y":-180,"order":1,"duration":1},{"ease":"outExpo","angle":135,"var":"vfx.canvPos.sx","value":1.3500000238419,"time":278.5,"type":"ease","duration":1},{"ease":"outExpo","angle":146.25,"var":"vfx.canvPos.sy","value":1.3500000238419,"time":278.5,"type":"ease","duration":1},{"ease":"outExpo","angle":135,"var":"vfx.canvPos.sx","value":1,"time":279.5,"type":"ease","duration":1},{"ease":"outExpo","angle":146.25,"var":"vfx.canvPos.sy","value":1,"time":279.5,"type":"ease","duration":1},{"id":"red","ease":"outExpo","angle":56.25,"x":-300,"type":"deco","time":278.5,"order":1,"duration":1},{"id":"red","ease":"outExpo","angle":56.25,"type":"deco","time":279.5,"y":180,"order":1,"duration":1},{"ease":"outExpo","angle":315,"var":"vfx.canvPos.sx","value":1.3500000238419,"time":280.5,"type":"ease","duration":1},{"ease":"outExpo","angle":326.25,"var":"vfx.canvPos.sy","value":1.3500000238419,"time":280.5,"type":"ease","duration":1},{"ease":"outExpo","angle":315,"var":"vfx.canvPos.sx","value":1,"time":281.5,"type":"ease","duration":1},{"ease":"outExpo","angle":326.25,"var":"vfx.canvPos.sy","value":1,"time":281.5,"type":"ease","duration":1},{"id":"red","ease":"outExpo","angle":236.25,"x":300,"type":"deco","y":180,"time":280.5,"order":1,"duration":1},{"id":"red","ease":"outExpo","angle":236.25,"type":"deco","time":281.5,"y":-180,"order":1,"duration":1},{"ease":"outExpo","angle":135,"var":"vfx.canvPos.sx","value":1.3500000238419,"time":282.5,"type":"ease","duration":1},{"ease":"outExpo","angle":146.25,"var":"vfx.canvPos.sy","value":1.3500000238419,"time":282.5,"type":"ease","duration":1},{"ease":"outExpo","angle":135,"var":"vfx.canvPos.sx","value":1,"time":283.5,"type":"ease","duration":1},{"ease":"outExpo","angle":146.25,"var":"vfx.canvPos.sy","value":1,"time":283.5,"type":"ease","duration":1},{"id":"red","ease":"outExpo","angle":56.25,"x":-300,"type":"deco","time":282.5,"order":1,"duration":1},{"id":"red","ease":"outExpo","angle":56.25,"type":"deco","time":283.5,"y":180,"order":1,"duration":1},{"ease":"outExpo","angle":135,"var":"vfx.canvPos.sx","value":1.3500000238419,"time":284.5,"type":"ease","duration":1},{"ease":"outExpo","angle":146.25,"var":"vfx.canvPos.sy","value":1.3500000238419,"time":284.5,"type":"ease","duration":1},{"ease":"outExpo","angle":135,"var":"vfx.canvPos.sx","value":1,"time":285.5,"type":"ease","duration":1},{"ease":"outExpo","angle":146.25,"var":"vfx.canvPos.sy","value":1,"time":285.5,"type":"ease","duration":1},{"ease":"outExpo","angle":135,"var":"vfx.canvPos.sx","value":1.3500000238419,"time":286.5,"type":"ease","duration":1},{"ease":"outExpo","angle":146.25,"var":"vfx.canvPos.sy","value":1.3500000238419,"time":286.5,"type":"ease","duration":1},{"ease":"outExpo","angle":135,"var":"vfx.canvPos.sx","value":1,"time":287.5,"type":"ease","duration":1},{"ease":"outExpo","angle":146.25,"var":"vfx.canvPos.sy","value":1,"time":287.5,"type":"ease","duration":1},{"ease":"outExpo","angle":135,"var":"vfx.canvPos.sx","value":1.3500000238419,"time":288.5,"type":"ease","duration":1},{"ease":"outExpo","angle":146.25,"var":"vfx.canvPos.sy","value":1.3500000238419,"time":288.5,"type":"ease","duration":1},{"ease":"outExpo","angle":135,"var":"vfx.canvPos.sx","value":1,"time":289.5,"type":"ease","duration":1},{"ease":"outExpo","angle":146.25,"var":"vfx.canvPos.sy","value":1,"time":289.5,"type":"ease","duration":1},{"ease":"outExpo","angle":135,"var":"vfx.canvPos.sx","value":1.3500000238419,"time":290.5,"type":"ease","duration":1},{"ease":"outExpo","angle":146.25,"var":"vfx.canvPos.sy","value":1.3500000238419,"time":290.5,"type":"ease","duration":1},{"ease":"outExpo","angle":135,"var":"vfx.canvPos.sx","value":1,"time":291.5,"type":"ease","duration":1},{"ease":"outExpo","angle":146.25,"var":"vfx.canvPos.sy","value":1,"time":291.5,"type":"ease","duration":1},{"id":"red","ease":"outExpo","angle":225,"x":0,"y":180,"type":"deco","time":284.5,"duration":1},{"id":"red","ease":"outExpo","angle":225,"time":285.5,"y":-180,"type":"deco","duration":1},{"id":"red","ease":"outExpo","angle":225,"time":287.5,"y":180,"type":"deco","duration":1},{"id":"red","ease":"outExpo","angle":225,"time":289.5,"y":-180,"type":"deco","duration":1},{"id":"red","ease":"outExpo","angle":225,"time":291.5,"y":180,"type":"deco","duration":1},{"id":"red","ease":"outExpo","angle":157.5,"time":292.5,"y":360,"type":"deco","duration":1},{"id":"t","ease":"outExpo","angle":135,"sprite":"t#62","x":65,"type":"deco","y":110,"time":292.5,"duration":1},{"id":"t2","time":294.25,"angle":135,"sprite":"t#63","x":65,"type":"deco","y":115},{"id":"t3","time":295.25,"angle":135,"sprite":"t#64","x":65,"type":"deco","y":145},{"id":"t4","ease":"outExpo","angle":135,"sprite":"t#65","x":65,"type":"deco","y":170,"drawLayer":"bg","time":296.25,"duration":1},{"id":"t4","time":300,"angle":326.25,"type":"deco","hide":true},{"id":"t3","time":300,"angle":337.5,"type":"deco","hide":true},{"id":"t2","time":300,"angle":348.75,"type":"deco","hide":true},{"id":"t","time":300,"angle":360,"sprite":"t#66","x":125,"type":"deco","y":80},{"id":"t2","time":303.75,"angle":348.75,"sprite":"t#67","x":130,"y":85,"type":"deco","hide":false},{"id":"t","time":308.25,"angle":360,"sprite":"t#68","x":180,"type":"deco"},{"id":"t2","time":308.25,"angle":22.5,"type":"deco","hide":true},{"id":"t2","time":311.75,"angle":180,"sprite":"t#69","x":160,"type":"deco","hide":false},{"id":"t","time":316,"angle":303.75,"sprite":"t#70","x":150,"type":"deco"},{"id":"t2","time":316,"angle":281.25,"type":"deco","hide":true},{"id":"t2","time":320.5,"angle":236.25,"sprite":"t#71","x":170,"type":"deco","hide":false},{"id":"t2","ease":"outSine","angle":146.25,"time":322.25,"y":-50,"type":"deco","duration":1},{"id":"t","ease":"outSine","angle":123.75,"time":322.25,"y":-50,"type":"deco","duration":1},{"id":"t","time":323.75,"angle":157.5,"sx":3,"sy":3,"x":210,"y":170,"recolor":2,"type":"deco","sprite":"t#72"},{"id":"t","time":324.25,"angle":135,"sprite":"t#73","x":210,"type":"deco"},{"id":"t","time":325.25,"angle":33.75,"sprite":"t#74","x":220,"type":"deco"},{"id":"t","time":325.75,"angle":33.75,"sprite":"t#75","x":180,"type":"deco"},{"id":"t","oy":26,"angle":33.75,"sprite":"t#76","x":200,"type":"deco","time":327},{"id":"t","time":327.5,"angle":33.75,"sprite":"t#77","x":220,"type":"deco"},{"id":"t","time":328,"angle":33.75,"sprite":"t#78","x":200,"type":"deco"},{"id":"t","time":328.5,"angle":33.75,"sprite":"t#79","x":225,"type":"deco"},{"id":"t","time":329.25,"angle":33.75,"sprite":"t#80","x":170,"type":"deco"},{"id":"t","time":329.75,"angle":33.75,"sprite":"t#81","x":170,"type":"deco"},{"id":"t","time":330.75,"angle":33.75,"sx":1,"sy":1,"x":150,"y":100,"recolor":-1,"type":"deco","sprite":"t#82"},{"id":"t","time":335,"angle":33.75,"sprite":"t#83","x":120,"type":"deco"},{"id":"t","time":339,"angle":33.75,"sprite":"t#84","x":150,"type":"deco"},{"id":"t","time":342.75,"angle":33.75,"sprite":"t#85","x":150,"type":"deco"},{"id":"t","time":346.75,"angle":33.75,"sprite":"t#86","x":80,"type":"deco"},{"id":"t","time":352,"angle":33.75,"sprite":"t#87","x":90,"type":"deco"},{"id":"t2","time":356.25,"angle":292.5,"sx":4,"sy":4,"x":130,"y":170,"recolor":2,"type":"deco","sprite":"t#88"},{"id":"t","time":357.5,"angle":292.5,"sprite":"t#89","x":120,"type":"deco","y":30},{"id":"t2","ease":"outExpo","angle":292.5,"time":358,"y":400,"type":"deco","duration":5},{"id":"t","time":358.5,"angle":292.5,"sprite":"t#90","type":"deco"},{"id":"t","time":359.5,"angle":292.5,"sprite":"t#91","type":"deco"},{"id":"t","time":360.5,"angle":292.5,"sprite":"t#92","type":"deco"},{"id":"t","time":362,"angle":292.5,"sprite":"t#93","type":"deco"},{"id":"t","time":363,"angle":292.5,"sprite":"t#94","type":"deco"},{"id":"t2","time":365.5,"angle":281.25,"sx":1,"sy":1,"x":120,"y":35,"recolor":-1,"type":"deco","sprite":"t#95"},{"id":"t2","time":366.5,"angle":281.25,"sprite":"t#96","type":"deco"},{"id":"t2","time":368,"angle":281.25,"sprite":"t#97","type":"deco"},{"id":"t2","time":368.5,"angle":281.25,"sprite":"t#98","type":"deco"},{"id":"t2","time":370,"angle":281.25,"sprite":"t#99","type":"deco"},{"id":"t2","time":370.5,"angle":281.25,"sprite":"t#100","type":"deco"},{"id":"t3","time":373.5,"angle":292.5,"sprite":"t#101","x":120,"y":65,"type":"deco","hide":false},{"id":"t3","time":374.5,"angle":292.5,"sprite":"t#102","type":"deco"},{"id":"t3","time":375.5,"angle":292.5,"sprite":"t#103","type":"deco"},{"id":"t3","time":376.5,"angle":292.5,"sprite":"t#104","type":"deco"},{"id":"t3","time":377.5,"angle":292.5,"sprite":"t#105","type":"deco"},{"id":"t3","time":378,"angle":292.5,"sprite":"t#106","type":"deco"},{"id":"t3","time":379,"angle":292.5,"sprite":"t#107","type":"deco"},{"id":"t4","time":381.25,"angle":281.25,"sprite":"t#108","x":120,"y":93,"type":"deco","hide":false},{"id":"t4","time":382.25,"angle":281.25,"sprite":"t#109","type":"deco"},{"id":"t4","time":383.75,"angle":281.25,"sprite":"t#111","type":"deco"},{"id":"t4","time":384.25,"angle":281.25,"sprite":"t#112","type":"deco"},{"id":"t4","time":383.25,"angle":281.25,"sprite":"t#110","type":"deco"},{"id":"t4","time":384.75,"angle":281.25,"sprite":"t#113","type":"deco"},{"id":"t4","time":385.5,"angle":281.25,"sprite":"t#114","type":"deco"},{"id":"t4","time":386.25,"angle":281.25,"sprite":"t#115","type":"deco"},{"id":"t4","time":388.25,"angle":292.5,"type":"deco","hide":true},{"id":"t3","time":388.25,"angle":303.75,"type":"deco","hide":true},{"id":"t2","time":388.25,"angle":315,"type":"deco","hide":true},{"id":"t","time":388.25,"angle":326.25,"type":"deco","hide":true},{"id":"t","time":389.5,"angle":292.5,"sprite":"t#89","x":120,"y":30,"type":"deco","hide":false},{"id":"t","time":390.5,"angle":292.5,"sprite":"t#90","type":"deco"},{"id":"t","time":391.5,"angle":292.5,"sprite":"t#91","type":"deco"},{"id":"t","time":392.5,"angle":292.5,"sprite":"t#92","type":"deco"},{"id":"t","time":394,"angle":292.5,"sprite":"t#93","type":"deco"},{"id":"t","time":395,"angle":292.5,"sprite":"t#94","type":"deco"},{"id":"t2","time":397.5,"angle":281.25,"sx":1,"sy":1,"x":120,"type":"deco","recolor":-1,"sprite":"t#95","y":35,"hide":false},{"id":"t2","time":398.5,"angle":281.25,"sprite":"t#96","type":"deco"},{"id":"t2","time":400,"angle":281.25,"sprite":"t#97","type":"deco"},{"id":"t2","time":400.5,"angle":281.25,"sprite":"t#98","type":"deco"},{"id":"t2","time":402,"angle":281.25,"sprite":"t#99","type":"deco"},{"id":"t2","time":402.5,"angle":281.25,"sprite":"t#100","type":"deco"},{"id":"t3","time":405.5,"angle":292.5,"sprite":"t#101","x":120,"y":65,"type":"deco","hide":false},{"id":"t3","time":406.5,"angle":292.5,"sprite":"t#102","type":"deco"},{"id":"t3","time":407.5,"angle":292.5,"sprite":"t#103","type":"deco"},{"id":"t3","time":408.5,"angle":292.5,"sprite":"t#104","type":"deco"},{"id":"t3","time":409.5,"angle":292.5,"sprite":"t#105","type":"deco"},{"id":"t3","time":410,"angle":292.5,"sprite":"t#106","type":"deco"},{"id":"t3","time":411,"angle":292.5,"sprite":"t#107","type":"deco"},{"id":"t3","ease":"outExpo","angle":22.5,"time":416.5,"y":-70,"type":"deco","duration":2},{"id":"t2","ease":"outExpo","angle":33.75,"time":416.5,"y":-80,"type":"deco","duration":2},{"id":"t","ease":"outExpo","angle":45,"time":416.5,"y":-90,"type":"deco","duration":2},{"id":"t","time":417,"angle":315,"sx":1,"sy":1,"x":100,"type":"deco","recolor":-1,"drawLayer":"bg","y":80,"sprite":"t#0"},{"id":"t","time":417.5,"angle":315,"sprite":"t#1","type":"deco"},{"id":"t","time":418,"angle":315,"sprite":"t#2","type":"deco"},{"id":"t","time":418.5,"angle":315,"sprite":"t#3","type":"deco"},{"id":"t","time":419.25,"angle":315,"sprite":"t#4","type":"deco"},{"id":"t","time":420,"angle":315,"sprite":"t#5","type":"deco"},{"id":"t","time":420.5,"angle":315,"sprite":"t#6","type":"deco"},{"id":"car","time":420,"angle":0,"drawLayer":"bg","x":-100,"y":115,"type":"deco","sprite":"car.png"},{"id":"car","ease":"linear","angle":0,"time":420.5,"x":1050,"type":"deco","duration":5},{"id":"t","time":424.75,"angle":78.75,"sx":2,"sprite":"t#8","x":180,"y":120,"sy":2,"type":"deco"},{"id":"t","time":425.25,"angle":78.75,"sprite":"t#9","x":220,"type":"deco"},{"id":"t","time":425.75,"angle":78.75,"sprite":"t#10","x":170,"type":"deco"},{"id":"t","time":427.25,"angle":78.75,"sprite":"t#11","x":235,"type":"deco"},{"id":"t","time":427.75,"angle":78.75,"sprite":"t#12","x":235,"type":"deco"},{"id":"t","time":428.25,"angle":67.5,"sprite":"t#13","x":220,"type":"deco"},{"id":"t","time":433.25,"angle":337.5,"sx":1,"sprite":"t#14","x":40,"y":-50,"sy":1,"type":"deco"},{"id":"t","ease":"inOutSine","angle":45,"time":429.25,"y":-100,"type":"deco","duration":3},{"id":"t","ease":"outExpo","angle":326.25,"type":"deco","time":433.25,"y":40,"order":1,"duration":1},{"id":"t2","time":440.75,"angle":337.5,"sx":1,"sprite":"t#15","x":20,"y":410,"sy":1,"type":"deco"},{"id":"t2","ease":"outExpo","angle":326.25,"type":"deco","time":440.75,"y":300,"order":1,"duration":1},{"id":"t2","ease":"inSine","angle":180,"time":446.5,"y":420,"type":"deco","duration":1},{"id":"t","ease":"inSine","angle":191.25,"time":446.5,"y":-50,"type":"deco","duration":1},{"id":"t","time":448.75,"angle":315,"drawLayer":"bg","x":100,"y":80,"type":"deco","sprite":"t#0"},{"id":"t","time":449.25,"angle":315,"sprite":"t#1","type":"deco"},{"id":"t","time":449.75,"angle":315,"sprite":"t#2","type":"deco"},{"id":"t","time":450.25,"angle":315,"sprite":"t#3","type":"deco"},{"id":"t","time":451,"angle":315,"sprite":"t#4","type":"deco"},{"id":"t","time":451.75,"angle":315,"sprite":"t#5","type":"deco"},{"id":"t","time":452.25,"angle":315,"sprite":"t#6","type":"deco"},{"id":"car","time":451.75,"angle":0,"drawLayer":"bg","x":980,"y":115,"type":"deco","sprite":"car.png"},{"id":"car","ease":"outExpo","angle":0,"time":452.25,"x":480,"type":"deco","duration":1},{"id":"t2","time":457.5,"angle":315,"sprite":"t#17","x":265,"type":"deco","y":80},{"id":"t2","time":458.25,"angle":315,"sprite":"t#18","type":"deco"},{"id":"t2","time":459.25,"angle":315,"sprite":"t#19","type":"deco"},{"id":"t2","time":460.25,"angle":315,"sprite":"t#20","type":"deco"},{"id":"t","ease":"inSine","angle":303.75,"time":460.25,"y":-50,"type":"deco","duration":1},{"id":"t2","ease":"inSine","angle":292.5,"time":460.25,"y":-40,"type":"deco","duration":1},{"id":"car","ease":"outExpo","angle":101.25,"time":460.25,"x":1000,"type":"deco","duration":2},{"id":"car","time":452.25,"angle":348.75,"sx":-1,"x":-380,"type":"deco","order":-1},{"id":"t","time":464.75,"angle":22.5,"sprite":"t#21","x":100,"type":"deco","y":-50,"order":-1},{"id":"t","ease":"outExpo","angle":45,"time":464.75,"y":40,"type":"deco","duration":2},{"id":"1","time":466.25,"angle":337.5,"sprite":"1.png","x":275,"type":"deco","oy":50,"ease":"outExpo","y":250,"ox":50,"duration":2},{"id":"0","time":466.25,"angle":360,"sprite":"0.png","x":325,"type":"deco","oy":50,"ease":"outExpo","y":250,"ox":50,"duration":2},{"id":"1","ox":50,"angle":405,"drawLayer":"bg","x":275,"y":400,"oy":50,"type":"deco","sprite":"1.png","time":466.25,"order":-1},{"id":"0","ox":50,"angle":427.5,"drawLayer":"bg","x":325,"y":400,"oy":50,"type":"deco","sprite":"0.png","time":466.25,"order":-1},{"id":"1","time":468.25,"angle":337.5,"sprite":"1.png","x":275,"type":"deco","oy":50,"ease":"outExpo","y":250,"ox":50,"duration":2},{"id":"0","ease":"outSine","angle":0,"sprite":"0.png","x":650,"type":"deco","oy":50,"y":250,"time":468.25,"ox":50,"order":-1,"duration":2},{"id":"11","ease":"outExpo","angle":67.5,"sprite":"1.png","x":325,"type":"deco","oy":50,"y":400,"time":468.25,"ox":50,"order":-1,"duration":2},{"id":"11","time":468.25,"angle":45,"sprite":"1.png","x":325,"type":"deco","oy":50,"ease":"outExpo","y":250,"ox":50,"duration":2},{"id":"1","time":472.75,"angle":405,"sprite":"1.png","x":275,"type":"deco","oy":50,"ease":"outExpo","y":450,"ox":50,"duration":2},{"id":"11","ox":50,"angle":67.5,"sprite":"1.png","x":325,"y":450,"oy":50,"drawLayer":"bg","type":"deco","ease":"outExpo","time":472.75,"order":-1,"duration":2},{"id":"t2","time":472.75,"angle":337.5,"sx":1,"sprite":"t#22","x":50,"y":410,"sy":1,"type":"deco"},{"id":"t2","ease":"outExpo","angle":326.25,"type":"deco","time":472.75,"y":300,"order":1,"duration":1},{"id":"t2","ease":"outExpo","angle":337.5,"sx":1,"sy":1,"x":50,"y":400,"sprite":"t#22","type":"deco","time":480.25,"duration":4},{"id":"t","ease":"outExpo","angle":45,"sprite":"t#21","x":100,"type":"deco","y":-50,"time":480.25,"order":-1,"duration":4},{"ease":"outExpo","angle":258.75,"var":"scrollSpeed","value":1.3500000238419,"time":446.5,"type":"ease","duration":1},{"time":477.25,"value":1.2000000476837,"var":"scrollSpeed","type":"ease","angle":22.5},{"id":"red","time":477.25,"angle":45,"sx":1,"drawLayer":"fg","x":0,"type":"deco","y":-540,"sy":1.5,"order":-1},{"id":"red","ease":"outExpo","angle":56.25,"time":477.25,"y":0,"type":"deco","duration":2},{"id":"red","ease":"outExpo","angle":315,"time":484,"y":-540,"type":"deco","duration":1},{"id":"red","ease":"outExpo","angle":326.25,"time":485.25,"y":0,"type":"deco","duration":1},{"id":"red","ease":"outExpo","angle":315,"time":486,"y":-540,"type":"deco","duration":1},{"id":"red","ease":"outExpo","angle":315,"time":487.25,"y":0,"type":"deco","duration":1},{"id":"red","ease":"outExpo","angle":315,"time":488,"y":-540,"type":"deco","duration":1},{"id":"red","ease":"outExpo","angle":315,"time":489.25,"y":0,"type":"deco","duration":1},{"id":"red","ease":"outExpo","angle":315,"time":490,"y":-540,"type":"deco","duration":1},{"id":"red","ease":"outExpo","angle":315,"time":491.25,"y":0,"type":"deco","duration":1},{"id":"red","ease":"outExpo","angle":315,"time":492,"y":-540,"type":"deco","duration":1},{"id":"red","ease":"outExpo","angle":315,"time":493.25,"y":0,"type":"deco","duration":1},{"id":"red","ease":"outExpo","angle":315,"time":494,"y":-540,"type":"deco","duration":1},{"id":"red","ease":"outExpo","angle":315,"time":495.25,"y":0,"type":"deco","duration":1},{"id":"red","ease":"outExpo","angle":315,"time":496,"y":-540,"type":"deco","duration":1},{"id":"red","ease":"outExpo","angle":315,"time":497.25,"y":0,"type":"deco","duration":1},{"id":"red","ease":"outExpo","angle":315,"time":498,"y":-540,"type":"deco","duration":1},{"id":"red","ease":"outExpo","angle":315,"time":499.5,"y":0,"type":"deco","duration":1},{"id":"red","ease":"outExpo","angle":315,"time":500.25,"y":-540,"type":"deco","duration":1},{"id":"red","ease":"outExpo","angle":315,"time":501.5,"y":0,"type":"deco","duration":1},{"id":"red","ease":"outExpo","angle":315,"time":502.25,"y":-540,"type":"deco","duration":1},{"id":"red","ease":"outExpo","angle":315,"time":503.5,"y":0,"type":"deco","duration":1},{"id":"red","ease":"outExpo","angle":315,"time":504.25,"y":-540,"type":"deco","duration":1},{"id":"red","ease":"outExpo","angle":315,"time":505.5,"y":0,"type":"deco","duration":1},{"id":"red","ease":"outExpo","angle":315,"time":506.25,"y":-540,"type":"deco","duration":1},{"id":"red","ease":"outExpo","angle":315,"time":507.5,"y":0,"type":"deco","duration":1},{"id":"red","ease":"outExpo","angle":67.5,"time":508.5,"x":600,"type":"deco","duration":1},{"ease":"outExpo","angle":33.75,"var":"scrollSpeed","value":1,"time":508.5,"type":"ease","duration":1},{"ease":"outExpo","angle":33.75,"var":"scrollSpeed","value":1,"time":512.5,"type":"ease","duration":1},{"ease":"outExpo","angle":33.75,"var":"scrollSpeed","value":5,"time":509.25,"type":"ease","duration":1},{"ease":"outExpo","angle":33.75,"var":"scrollSpeed","value":5,"time":513.25,"type":"ease","duration":1},{"time":514.5,"value":0.75,"var":"scrollSpeed","type":"ease","angle":281.25},{"id":"bars","time":-1,"angle":22.5,"sprite":"bars@30","x":0,"type":"deco","y":0,"drawLayer":"bg"},{"time":-1,"color":7,"angle":101.25,"b":211,"g":243,"type":"setColor","r":227},{"time":-1,"color":6,"angle":123.75,"b":211,"g":211,"type":"setColor","r":243},{"id":"bars","ease":"outExpo","angle":315,"time":259.25,"x":600,"type":"deco","duration":2},{"id":"bars","ease":"outExpo","angle":112.5,"time":292.5,"x":0,"type":"deco","duration":2},{"id":"bars","time":446.5,"angle":236.25,"sprite":"bars@60#20","type":"deco"},{"id":"bars","time":477.75,"angle":67.5,"sprite":"bars@10","x":-600,"type":"deco"},{"id":"bars","ease":"outExpo","angle":315,"time":514.75,"x":0,"type":"deco","duration":5},{"ease":"outExpo","angle":90,"type":"setColor","r":227,"time":64.25,"b":211,"color":6,"g":243,"duration":3},{"ease":"outExpo","angle":101.25,"type":"setColor","r":243,"time":64.25,"b":211,"color":7,"g":211,"duration":3},{"id":"bars","time":64.25,"angle":78.75,"sprite":"bars@80","type":"deco"},{"ease":"outExpo","angle":90,"type":"setColor","r":227,"time":100.5,"b":211,"color":7,"g":243,"duration":3},{"ease":"outExpo","angle":101.25,"type":"setColor","r":243,"time":100.5,"b":211,"color":6,"g":211,"duration":3},{"id":"bars","time":100.5,"angle":78.75,"sprite":"bars@40","type":"deco"},{"ease":"outExpo","angle":67.5,"type":"setColor","r":227,"time":364.25,"b":211,"color":6,"g":243,"duration":2},{"ease":"outExpo","angle":101.25,"type":"setColor","r":243,"time":364.25,"b":211,"color":7,"g":211,"duration":2},{"ease":"outExpo","angle":90,"type":"setColor","r":227,"time":372.5,"b":211,"color":7,"g":243,"duration":2},{"ease":"outExpo","angle":101.25,"type":"setColor","r":243,"time":372.5,"b":211,"color":6,"g":211,"duration":2},{"ease":"outExpo","angle":90,"type":"setColor","r":227,"time":380.25,"b":211,"color":6,"g":243,"duration":3},{"ease":"outExpo","angle":101.25,"type":"setColor","r":243,"time":380.25,"b":211,"color":7,"g":211,"duration":3},{"ease":"outExpo","angle":90,"type":"setColor","r":227,"time":384.25,"b":211,"color":7,"g":243,"duration":3},{"ease":"outExpo","angle":101.25,"type":"setColor","r":243,"time":384.25,"b":211,"color":6,"g":211,"duration":3},{"ease":"outExpo","angle":90,"type":"setColor","r":227,"time":388.25,"b":211,"color":6,"g":243,"duration":3},{"ease":"outExpo","angle":101.25,"type":"setColor","r":243,"time":388.25,"b":211,"color":7,"g":211,"duration":3},{"ease":"outExpo","angle":90,"type":"setColor","r":227,"time":396.5,"b":211,"color":7,"g":243,"duration":3},{"ease":"outExpo","angle":101.25,"type":"setColor","r":243,"time":396.5,"b":211,"color":6,"g":211,"duration":3},{"ease":"outExpo","angle":90,"type":"setColor","r":227,"time":404.5,"b":211,"color":6,"g":243,"duration":3},{"ease":"outExpo","angle":101.25,"type":"setColor","r":243,"time":404.5,"b":211,"color":7,"g":211,"duration":3},{"ease":"outExpo","angle":90,"type":"setColor","r":227,"time":446.5,"b":211,"color":7,"g":243,"duration":3},{"ease":"outExpo","angle":101.25,"type":"setColor","r":243,"time":446.5,"b":211,"color":6,"g":211,"duration":3},{"id":"bars","time":412.5,"angle":22.5,"type":"deco","x":600,"y":360,"r":180},{"id":"bars","time":416.5,"angle":78.75,"type":"deco","x":0,"y":0,"r":0},{"ease":"outBack","angle":292.5,"var":"p.lineWidth","time":514.5,"value":2,"type":"ease","duration":5},{"time":520,"type":"showResults","angle":326.25}]}