[{"angle":360,"type":"block","tap":true,"time":0},{"angle":180,"type":"block","tap":true,"time":8},{"angle":270,"type":"block","tap":true,"time":16},{"angle":90,"type":"block","tap":true,"time":24},{"angle":180,"type":"block","tap":true,"time":32},{"angle":180,"time":33,"type":"block"},{"angle":202.5,"time":34,"type":"block"},{"angle":225,"time":35,"type":"block"},{"angle":157.5,"time":32.5,"type":"block"},{"angle":135,"time":33.5,"type":"block"},{"angle":225,"time":34.5,"type":"inverse"},{"angle":135,"time":35.5,"type":"inverse"},{"angle":180,"time":36.5,"type":"inverse"},{"angle":225,"time":34.5,"type":"block"},{"angle":135,"time":35.5,"type":"block"},{"angle":180,"time":36.5,"type":"block"},{"angle":180,"time":36,"type":"block"},{"angle":225,"time":37,"type":"block"},{"angle":202.5,"time":37.5,"type":"block"},{"angle":360,"time":38,"type":"mine"},{"angle":180,"time":38,"type":"block"},{"angle":135,"time":38.5,"type":"block"},{"angle":90,"time":39,"type":"block"},{"angle":67.5,"time":39.5,"type":"block"},{"angle":180,"type":"side","tap":true,"time":40},{"angle":225,"time":40.5,"type":"side"},{"angle":247.5,"time":41,"type":"side"},{"angle":270,"time":41.5,"type":"side"},{"angle":292.5,"time":42,"type":"block"},{"angle":270,"time":42.5,"type":"block"},{"angle":225,"time":43,"type":"block"},{"angle":180,"time":43.5,"type":"block"},{"angle":202.5,"time":44,"type":"block"},{"angle":225,"time":44.5,"type":"block"},{"angle":247.5,"time":45,"type":"block"},{"angle":247.5,"time":45.5,"type":"block"},{"angle":247.5,"time":46,"type":"block"},{"angle":247.5,"time":46.5,"type":"block"},{"angle":247.5,"time":47,"type":"block"},{"angle":247.5,"time":47.5,"type":"block"},{"angle":202.5,"time":46,"type":"mine"},{"angle":157.5,"time":46.5,"type":"mine"},{"angle":135,"time":46.75,"type":"mine"},{"angle":112.5,"time":47,"type":"mine"},{"angle":292.5,"time":46,"type":"mine"},{"angle":315,"time":46.25,"type":"mine"},{"angle":337.5,"time":46.5,"type":"mine"},{"angle":360,"time":46.75,"type":"mine"},{"angle":22.5,"time":47,"type":"mine"},{"angle":292.5,"time":46.25,"type":"mine"},{"angle":292.5,"time":46.5,"type":"mine"},{"angle":270,"time":47,"type":"mine"},{"angle":270,"time":47.25,"type":"mine"},{"angle":180,"time":46.25,"type":"mine"},{"angle":202.5,"time":46.25,"type":"mine"},{"angle":202.5,"time":46.5,"type":"mine"},{"angle":225,"time":47,"type":"mine"},{"angle":225,"time":47.25,"type":"mine"},{"angle":225,"time":46.25,"type":"block"},{"angle":247.5,"time":46.75,"type":"block"},{"angle":247.5,"time":47.25,"type":"block"},{"angle":247.5,"time":47.75,"type":"block"},{"angle":247.5,"type":"block","tap":true,"time":48},{"angle":247.5,"time":48.5,"type":"block"},{"angle":247.5,"time":49,"type":"block"},{"angle":247.5,"time":49.5,"type":"block"},{"angle":225,"time":50,"type":"block"},{"angle":225,"time":50.5,"type":"block"},{"angle":225,"time":51,"type":"block"},{"angle":225,"time":51.5,"type":"block"},{"angle":202.5,"time":52,"type":"block"},{"angle":202.5,"time":52.5,"type":"block"},{"angle":202.5,"time":53,"type":"block"},{"angle":202.5,"time":53.5,"type":"block"},{"angle":180,"time":54,"type":"block"},{"angle":180,"time":54.5,"type":"block"},{"angle":180,"time":55,"type":"block"},{"angle":180,"time":55.5,"type":"block"},{"angle":135,"type":"block","tap":true,"time":56},{"angle":135,"time":56.5,"type":"block"},{"angle":135,"time":57,"type":"block"},{"angle":135,"time":57.5,"type":"block"},{"angle":135,"time":58,"type":"block"},{"angle":157.5,"time":58.5,"type":"block"},{"angle":135,"time":59,"type":"block"},{"angle":112.5,"time":59.5,"type":"block"},{"angle":135,"time":60,"type":"block"},{"angle":112.5,"time":60.5,"type":"block"},{"angle":90,"time":61,"type":"block"},{"angle":67.5,"time":61.5,"type":"block"},{"angle":45,"time":62,"type":"block"},{"angle":22.5,"time":62.25,"type":"block"},{"angle":0,"time":62.5,"type":"block"},{"angle":337.5,"time":62.75,"type":"block"},{"angle":315,"time":63,"type":"block"},{"angle":292.5,"time":63.25,"type":"block"},{"angle":270,"time":63.5,"type":"block"},{"angle":247.5,"time":63.75,"type":"block"},{"angle":225,"type":"block","tap":true,"time":64},{"angle":225,"time":64.5,"type":"block"},{"angle":225,"time":65,"type":"block"},{"angle":225,"time":65.5,"type":"block"},{"angle":225,"time":66,"type":"block"},{"angle":202.5,"time":66.5,"type":"block"},{"angle":180,"time":67,"type":"block"},{"angle":157.5,"time":67.5,"type":"block"},{"angle":112.5,"time":68,"type":"block"},{"angle":112.5,"time":68.5,"type":"block"},{"angle":112.5,"time":69,"type":"block"},{"angle":112.5,"time":69.5,"type":"block"},{"angle":112.5,"time":70,"type":"block"},{"angle":90,"time":70.5,"type":"block"},{"angle":67.5,"time":71,"type":"block"},{"angle":45,"time":71.5,"type":"block"},{"angle":360,"type":"block","tap":true,"time":72},{"angle":360,"time":72.5,"type":"block"},{"angle":360,"time":73,"type":"block"},{"angle":360,"time":73.5,"type":"block"},{"angle":360,"time":74,"type":"block"},{"angle":360,"time":74.5,"type":"block"},{"angle":315,"time":75.5,"type":"block"},{"angle":337.5,"time":75,"type":"block"},{"angle":315,"time":76,"type":"block"},{"angle":315,"time":76.5,"type":"block"},{"angle":315,"time":77,"type":"block"},{"angle":315,"time":77.5,"type":"block"},{"angle":315,"time":78,"type":"block"},{"angle":315,"time":78.5,"type":"block"},{"angle":292.5,"time":79,"type":"block"},{"angle":270,"time":79.5,"type":"block"},{"angle":247.5,"type":"block","tap":true,"time":80},{"angle":247.5,"time":80.5,"type":"block"},{"angle":247.5,"time":81,"type":"block"},{"angle":247.5,"time":81.5,"type":"block"},{"angle":247.5,"time":82,"type":"block"},{"angle":225,"time":82.5,"type":"block"},{"angle":202.5,"time":83,"type":"block"},{"angle":180,"time":83.5,"type":"block"},{"angle":135,"time":84,"type":"block"},{"angle":135,"time":84.5,"type":"block"},{"angle":135,"time":85,"type":"block"},{"angle":135,"time":85.5,"type":"block"},{"angle":135,"time":86,"type":"block"},{"angle":135,"time":86.5,"type":"block"},{"angle":112.5,"time":87,"type":"block"},{"angle":90,"time":87.5,"type":"block"},{"angle":67.5,"type":"block","tap":true,"time":88},{"angle":67.5,"time":88.5,"type":"block"},{"angle":67.5,"time":89,"type":"block"},{"angle":67.5,"time":89.5,"type":"block"},{"angle":67.5,"time":90,"type":"block"},{"angle":45,"time":90.5,"type":"block"},{"angle":22.5,"time":91,"type":"block"},{"angle":0,"time":91.5,"type":"block"},{"angle":202.5,"endAngle":0,"spinEase":"inOutQuad","type":"block","tap":true,"time":92},{"angle":360,"time":92.5,"type":"block"},{"angle":360,"time":93,"type":"block"},{"angle":360,"time":93.5,"type":"block"},{"angle":360,"type":"side","tap":true,"time":94},{"angle":337.5,"time":94.5,"type":"block"},{"angle":315,"time":95,"type":"block"},{"angle":292.5,"time":95.5,"type":"block"},{"angle":270,"type":"block","tap":true,"time":96},{"angle":270,"startTap":true,"type":"hold","time":96,"angle2":315,"duration":1},{"angle":292.5,"time":96.5,"type":"block"},{"angle":315,"time":97,"type":"block"},{"angle":337.5,"type":"block","tap":true,"time":97.5},{"angle":337.5,"time":98,"type":"inverse"},{"angle":360,"time":98.5,"type":"inverse"},{"angle":22.5,"time":99,"type":"inverse"},{"angle":45,"time":99.5,"type":"inverse"},{"angle":360,"time":100,"type":"block"},{"angle":337.5,"time":100.5,"type":"block"},{"angle":315,"time":101,"type":"block"},{"angle":292.5,"time":101.5,"type":"block"},{"angle":135,"time":102,"type":"inverse"},{"angle":90,"time":102.5,"type":"inverse"},{"angle":67.5,"time":103,"type":"inverse"},{"angle":45,"time":103.5,"type":"inverse"},{"angle":45,"time":104,"type":"block"},{"angle":22.5,"time":104.5,"type":"block"},{"angle":0,"time":105,"type":"block"},{"angle":337.5,"time":105.5,"type":"block"},{"angle":315,"time":106,"type":"inverse"},{"angle":292.5,"time":106.5,"type":"inverse"},{"angle":270,"time":107,"type":"inverse"},{"angle":247.5,"time":107.5,"type":"inverse"},{"angle":45,"time":106,"type":"mine"},{"angle":67.5,"time":106.5,"type":"mine"},{"angle":90,"time":107,"type":"mine"},{"angle":112.5,"time":107.5,"type":"mine"},{"angle":225,"startTap":true,"type":"hold","time":108,"duration":1,"angle2":90},{"angle":67.5,"startTap":true,"endTap":true,"type":"hold","time":111,"angle2":247.5,"duration":1},{"angle":247.5,"type":"inverse","tap":true,"time":116},{"angle":360,"time":0.75,"type":"extraTap"},{"angle":360,"time":1.5,"type":"extraTap"},{"angle":180,"time":8.75,"type":"extraTap"},{"angle":180,"time":9.5,"type":"extraTap"},{"angle":270,"time":16.75,"type":"extraTap"},{"angle":270,"time":17.5,"type":"extraTap"},{"angle":90,"time":24.75,"type":"extraTap"},{"angle":90,"time":25.5,"type":"extraTap"},{"angle":225,"time":32.75,"type":"extraTap"},{"angle":225,"time":33.5,"type":"extraTap"},{"angle":157.5,"time":40.75,"type":"extraTap"},{"angle":157.5,"time":41.5,"type":"extraTap"},{"angle":202.5,"time":48.75,"type":"extraTap"},{"angle":202.5,"time":49.5,"type":"extraTap"},{"angle":135,"time":56.75,"type":"extraTap"},{"angle":157.5,"time":57.5,"type":"extraTap"},{"angle":202.5,"time":64.75,"type":"extraTap"},{"angle":202.5,"time":65.5,"type":"extraTap"},{"angle":22.5,"time":72.75,"type":"extraTap"},{"angle":22.5,"time":73.5,"type":"extraTap"},{"angle":270,"time":80.75,"type":"extraTap"},{"angle":270,"time":81.5,"type":"extraTap"},{"angle":22.5,"time":88.75,"type":"extraTap"},{"angle":22.5,"time":89.5,"type":"extraTap"},{"angle":270,"time":96.75,"type":"extraTap"},{"angle":270,"time":97.5,"type":"extraTap"},{"angle":337.5,"time":101.5,"type":"extraTap"},{"angle":22.5,"time":104,"type":"extraTap"},{"angle":247.5,"time":114,"type":"block"},{"angle":270,"time":114.5,"type":"block"},{"angle":247.5,"time":115,"type":"block"},{"angle":270,"time":115.5,"type":"block"},{"angle":270,"time":116.5,"type":"inverse"},{"angle":315,"time":117,"type":"inverse"},{"angle":337.5,"time":117.5,"type":"inverse"},{"angle":315,"time":118,"type":"block"},{"angle":292.5,"time":118.5,"type":"block"},{"angle":270,"time":119,"type":"block"},{"angle":247.5,"time":119.5,"type":"block"},{"angle":247.5,"time":120,"type":"extraTap"},{"angle":247.5,"time":124,"type":"extraTap"},{"angle":225,"time":120,"type":"inverse"},{"angle":202.5,"time":120.5,"type":"inverse"},{"angle":180,"time":121,"type":"inverse"},{"angle":157.5,"time":121.5,"type":"inverse"},{"angle":135,"time":122,"type":"block"},{"angle":112.5,"time":122.5,"type":"block"},{"angle":90,"time":123,"type":"block"},{"angle":67.5,"time":123.5,"type":"block"},{"angle":45,"time":124,"type":"inverse"},{"angle":22.5,"time":124.5,"type":"inverse"},{"angle":360,"time":125,"type":"inverse"},{"angle":337.5,"time":125.5,"type":"inverse"},{"angle":315,"time":126,"type":"block"},{"angle":292.5,"time":126.5,"type":"block"},{"angle":270,"time":127,"type":"block"},{"angle":247.5,"time":127.5,"type":"block"},{"angle":90,"time":128,"type":"extraTap"},{"angle":225,"time":128.5,"type":"block"},{"angle":247.5,"time":128,"type":"block"},{"angle":225,"time":129,"type":"block"},{"angle":247.5,"time":129.5,"type":"block"},{"angle":270,"time":130,"type":"block"},{"angle":270,"time":130.5,"type":"block"},{"angle":292.5,"time":131,"type":"block"},{"angle":315,"time":131.5,"type":"block"},{"angle":337.5,"time":132,"type":"block"},{"angle":360,"time":132.5,"type":"block"},{"angle":22.5,"time":133,"type":"block"},{"angle":45,"time":133.5,"type":"block"},{"angle":22.5,"time":134,"type":"block"},{"angle":360,"time":134.5,"type":"block"},{"angle":337.5,"time":135,"type":"block"},{"angle":315,"time":135.5,"type":"block"},{"angle":292.5,"time":136,"type":"block"},{"angle":270,"time":136.5,"type":"block"},{"angle":247.5,"time":137,"type":"block"},{"angle":225,"time":137.5,"type":"block"},{"angle":225,"time":138,"type":"block"},{"angle":225,"time":138.5,"type":"block"},{"angle":247.5,"time":139,"type":"block"},{"angle":247.5,"time":139.5,"type":"block"},{"angle":247.5,"time":140,"type":"block"},{"angle":270,"time":141,"type":"block"},{"angle":292.5,"time":142,"type":"block"},{"angle":270,"time":143,"type":"block"},{"angle":270,"time":143,"type":"inverse"},{"angle":292.5,"time":142,"type":"inverse"},{"angle":270,"time":141,"type":"inverse"},{"angle":247.5,"time":140,"type":"inverse"},{"angle":247.5,"time":140.5,"type":"block"},{"angle":270,"time":141.5,"type":"block"},{"angle":270,"time":142.5,"type":"block"},{"angle":270,"time":143.5,"type":"block"},{"angle":270,"time":144,"type":"inverse"},{"angle":270,"time":144.5,"type":"inverse"},{"angle":292.5,"time":145,"type":"inverse"},{"angle":315,"time":145.5,"type":"inverse"},{"angle":337.5,"time":146,"type":"inverse"},{"angle":360,"time":146.5,"type":"inverse"},{"angle":22.5,"time":147,"type":"inverse"},{"angle":337.5,"time":147.5,"type":"inverse"},{"angle":315,"time":148,"type":"inverse"},{"angle":292.5,"time":148.5,"type":"inverse"},{"angle":292.5,"time":149,"type":"inverse"},{"angle":292.5,"time":149.5,"type":"inverse"},{"angle":337.5,"time":150,"type":"inverse"},{"angle":0,"time":150.5,"type":"inverse"},{"angle":22.5,"time":151,"type":"inverse"},{"angle":45,"time":151.5,"type":"inverse"},{"angle":67.5,"time":152,"type":"inverse"},{"angle":45,"time":152.5,"type":"inverse"},{"angle":337.5,"time":153,"type":"inverse"},{"angle":292.5,"time":153.5,"type":"inverse"},{"angle":337.5,"time":147.5,"type":"block"},{"angle":292.5,"time":148.5,"type":"block"},{"angle":337.5,"time":150,"type":"block"},{"angle":67.5,"time":152,"type":"block"},{"angle":337.5,"time":153,"type":"block"},{"angle":292.5,"time":153.5,"type":"block"},{"angle":292.5,"time":154,"type":"block"},{"angle":315,"time":154.5,"type":"block"},{"angle":337.5,"time":155,"type":"block"},{"angle":360,"time":155.5,"type":"block"},{"angle":22.5,"type":"block","tap":true,"time":156},{"angle":45,"time":156.5,"type":"block"},{"angle":67.5,"type":"block","tap":true,"time":157},{"angle":90,"time":157.5,"type":"block"},{"angle":112.5,"type":"block","tap":true,"time":158},{"angle":112.5,"type":"block","tap":true,"time":159},{"angle":112.5,"time":158.5,"type":"block"},{"angle":360,"time":159.5,"type":"side"},{"angle":315,"time":160,"type":"block"},{"angle":292.5,"time":160.5,"type":"block"},{"angle":360,"time":161,"type":"side"},{"angle":67.5,"time":161.5,"type":"side"},{"angle":337.5,"time":162,"type":"extraTap"},{"angle":337.5,"time":162.5,"type":"extraTap"},{"angle":337.5,"time":163,"type":"extraTap"},{"angle":337.5,"time":163.5,"type":"extraTap"},{"angle":0,"time":164,"type":"block"},{"angle":45,"time":165,"type":"block"},{"angle":22.5,"time":164.5,"type":"inverse"},{"angle":67.5,"time":165.5,"type":"inverse"},{"angle":22.5,"time":166,"type":"mine"},{"angle":112.5,"time":166,"type":"mine"},{"angle":360,"time":166,"type":"mine"},{"angle":337.5,"time":166,"type":"mine"},{"angle":315,"time":166,"type":"mine"},{"angle":292.5,"time":166,"type":"mine"},{"angle":270,"time":166,"type":"mine"},{"angle":247.5,"time":166,"type":"mine"},{"angle":225,"time":166,"type":"mine"},{"angle":202.5,"time":166,"type":"mine"},{"angle":180,"time":166,"type":"mine"},{"angle":157.5,"time":166,"type":"mine"},{"angle":135,"time":166,"type":"mine"},{"angle":0,"time":166.5,"type":"mine"},{"angle":90,"time":166.5,"type":"mine"},{"angle":337.5,"time":166.5,"type":"mine"},{"angle":315,"time":166.5,"type":"mine"},{"angle":292.5,"time":166.5,"type":"mine"},{"angle":270,"time":166.5,"type":"mine"},{"angle":247.5,"time":166.5,"type":"mine"},{"angle":225,"time":166.5,"type":"mine"},{"angle":202.5,"time":166.5,"type":"mine"},{"angle":157.5,"time":166.5,"type":"mine"},{"angle":157.5,"time":166.5,"type":"mine"},{"angle":135,"time":166.5,"type":"mine"},{"angle":180,"time":166.5,"type":"mine"},{"angle":112.5,"time":166.5,"type":"mine"},{"angle":337.5,"time":167,"type":"mine"},{"angle":67.5,"time":167,"type":"mine"},{"angle":90,"time":167,"type":"mine"},{"angle":112.5,"time":167,"type":"mine"},{"angle":135,"time":167,"type":"mine"},{"angle":157.5,"time":167,"type":"mine"},{"angle":180,"time":167,"type":"mine"},{"angle":202.5,"time":167,"type":"mine"},{"angle":225,"time":167,"type":"mine"},{"angle":247.5,"time":167,"type":"mine"},{"angle":270,"time":167,"type":"mine"},{"angle":292.5,"time":167,"type":"mine"},{"angle":315,"time":167,"type":"mine"},{"angle":45,"time":167.5,"type":"mine"},{"angle":315,"time":167.5,"type":"mine"},{"angle":292.5,"time":167.5,"type":"mine"},{"angle":270,"time":167.5,"type":"mine"},{"angle":247.5,"time":167.5,"type":"mine"},{"angle":225,"time":167.5,"type":"mine"},{"angle":202.5,"time":167.5,"type":"mine"},{"angle":180,"time":167.5,"type":"mine"},{"angle":157.5,"time":167.5,"type":"mine"},{"angle":135,"time":167.5,"type":"mine"},{"angle":112.5,"time":167.5,"type":"mine"},{"angle":90,"time":167.5,"type":"mine"},{"angle":67.5,"time":167.5,"type":"mine"},{"angle":0,"time":168,"type":"block"},{"angle":22.5,"time":168.5,"type":"block"},{"angle":45,"time":169,"type":"block"},{"angle":67.5,"time":169.5,"type":"block"},{"angle":22.5,"time":170,"type":"side"},{"angle":360,"time":170.5,"type":"side"},{"angle":337.5,"time":171,"type":"side"},{"angle":315,"time":171.5,"type":"side"},{"angle":292.5,"startTap":true,"type":"hold","time":172,"duration":1,"angle2":247.5},{"angle":45,"startTap":true,"type":"hold","time":175,"duration":1,"angle2":270},{"angle":270,"time":177,"type":"extraTap"},{"angle":270,"time":178,"type":"extraTap"},{"angle":270,"time":179,"type":"extraTap"},{"angle":337.5,"startTap":true,"type":"hold","time":180,"duration":1,"angle2":270},{"angle":270,"time":180.75,"type":"mine"},{"angle":270,"time":180.5,"type":"mine"},{"angle":270,"time":180,"type":"mine"},{"angle":270,"time":180.25,"type":"mine"},{"angle":270,"time":179.75,"type":"mine"},{"angle":270,"time":179.5,"type":"mine"},{"angle":270,"time":179.25,"type":"mine"},{"angle":292.5,"time":179.25,"type":"mine"},{"angle":292.5,"time":179.75,"type":"mine"},{"angle":292.5,"time":179.5,"type":"mine"},{"angle":292.5,"time":180,"type":"mine"},{"angle":292.5,"time":180.25,"type":"mine"},{"angle":315,"time":180,"type":"mine"},{"angle":315,"time":179.75,"type":"mine"},{"angle":315,"time":179.5,"type":"mine"},{"angle":315,"time":179.25,"type":"mine"},{"angle":45,"time":179.25,"type":"mine"},{"angle":45,"time":179.5,"type":"mine"},{"angle":45,"time":180,"type":"mine"},{"angle":45,"time":179.75,"type":"mine"},{"angle":67.5,"time":179.25,"type":"mine"},{"angle":67.5,"time":179.5,"type":"mine"},{"angle":67.5,"time":179.75,"type":"mine"},{"angle":67.5,"time":180,"type":"mine"},{"angle":90,"time":179.25,"type":"mine"},{"angle":90,"time":179.5,"type":"mine"},{"angle":90,"time":179.75,"type":"mine"},{"angle":90,"time":180,"type":"mine"},{"angle":112.5,"time":179.25,"type":"mine"},{"angle":112.5,"time":179.5,"type":"mine"},{"angle":112.5,"time":179.75,"type":"mine"},{"angle":112.5,"time":180,"type":"mine"},{"angle":247.5,"time":179.25,"type":"mine"},{"angle":247.5,"time":179.5,"type":"mine"},{"angle":247.5,"time":180,"type":"mine"},{"angle":247.5,"time":179.75,"type":"mine"},{"angle":225,"time":180,"type":"mine"},{"angle":225,"time":179.75,"type":"mine"},{"angle":225,"time":179.25,"type":"mine"},{"angle":225,"time":179.5,"type":"mine"},{"angle":202.5,"time":180,"type":"mine"},{"angle":202.5,"time":179.75,"type":"mine"},{"angle":202.5,"time":179.5,"type":"mine"},{"angle":202.5,"time":179.25,"type":"mine"},{"angle":180,"time":180,"type":"mine"},{"angle":180,"time":179.75,"type":"mine"},{"angle":180,"time":179.25,"type":"mine"},{"angle":180,"time":179.5,"type":"mine"},{"angle":157.5,"time":180,"type":"mine"},{"angle":157.5,"time":179.5,"type":"mine"},{"angle":157.5,"time":179.75,"type":"mine"},{"angle":157.5,"time":179.25,"type":"mine"},{"angle":135,"time":179.25,"type":"mine"},{"angle":135,"time":179.75,"type":"mine"},{"angle":135,"time":179.5,"type":"mine"},{"angle":135,"time":180,"type":"mine"},{"angle":270,"time":182,"type":"extraTap"},{"angle":270,"time":183,"type":"extraTap"},{"angle":90,"time":184,"type":"mine"},{"angle":90,"time":188,"type":"mine"},{"angle":270,"startTap":true,"type":"hold","time":184,"duration":1,"angle2":112.5},{"angle":0,"startTap":true,"type":"hold","time":187,"duration":1,"angle2":180},{"angle":0,"type":"mineHold","time":187.25,"angle2":180,"duration":1},{"angle":202.5,"time":189,"type":"block"},{"angle":225,"time":190,"type":"block"},{"angle":247.5,"time":191,"type":"block"},{"angle":247.5,"time":191.5,"type":"block"},{"angle":292.5,"time":192,"type":"block"},{"angle":315,"time":192.5,"type":"block"},{"angle":337.5,"time":193,"type":"block"},{"angle":0,"time":193.5,"type":"block"},{"angle":22.5,"time":194,"type":"block"},{"angle":45,"time":194.5,"type":"block"},{"angle":67.5,"time":195,"type":"block"},{"angle":90,"time":195.5,"type":"block"},{"angle":112.5,"time":196,"type":"block"},{"angle":135,"time":196.5,"type":"block"},{"angle":157.5,"time":197,"type":"block"},{"angle":180,"time":197.5,"type":"block"},{"angle":202.5,"time":198,"type":"block"},{"angle":225,"time":198.5,"type":"block"},{"angle":247.5,"time":199,"type":"block"},{"angle":270,"time":199.5,"type":"block"},{"angle":292.5,"time":200,"type":"block"},{"angle":315,"time":200.5,"type":"block"},{"angle":337.5,"time":201,"type":"block"},{"angle":0,"time":201.5,"type":"block"},{"angle":22.5,"time":202,"type":"block"},{"angle":45,"time":202.5,"type":"block"},{"angle":67.5,"time":203,"type":"block"},{"angle":90,"time":203.5,"type":"block"},{"angle":112.5,"type":"block","tap":true,"time":204},{"angle":135,"time":204.5,"type":"block"},{"angle":157.5,"type":"block","tap":true,"time":205},{"angle":180,"time":205.5,"type":"block"},{"angle":202.5,"type":"block","tap":true,"time":206},{"angle":247.5,"type":"block","tap":true,"time":207},{"angle":225,"time":206.5,"type":"block"},{"angle":270,"time":207.5,"type":"block"},{"angle":247.5,"time":208,"type":"block"},{"angle":225,"time":208.5,"type":"block"},{"angle":202.5,"time":209,"type":"block"},{"angle":180,"time":209.5,"type":"block"},{"angle":157.5,"time":210,"type":"block"},{"angle":135,"time":210.5,"type":"block"},{"angle":112.5,"time":211,"type":"block"},{"angle":90,"time":211.5,"type":"block"},{"angle":67.5,"time":212,"type":"block"},{"angle":45,"time":212.5,"type":"block"},{"angle":22.5,"time":213,"type":"block"},{"angle":0,"time":213.5,"type":"block"},{"angle":337.5,"time":214,"type":"block"},{"angle":315,"time":214.5,"type":"block"},{"angle":292.5,"time":215,"type":"block"},{"angle":270,"time":215.5,"type":"block"},{"angle":247.5,"time":216,"type":"block"},{"angle":225,"time":216.5,"type":"block"},{"angle":202.5,"time":217,"type":"block"},{"angle":180,"time":217.5,"type":"block"},{"angle":157.5,"time":218,"type":"block"},{"angle":135,"time":218.5,"type":"block"},{"angle":112.5,"time":219,"type":"block"},{"angle":90,"time":219.5,"type":"block"},{"angle":67.5,"type":"block","tap":true,"time":220},{"angle":45,"time":220.5,"type":"block"},{"angle":22.5,"type":"block","tap":true,"time":221},{"angle":0,"time":221.5,"type":"block"},{"angle":337.5,"type":"block","tap":true,"time":222},{"angle":315,"time":222.5,"type":"block"},{"angle":292.5,"type":"block","tap":true,"time":223},{"angle":292.5,"type":"inverse","tap":true,"time":223},{"angle":292.5,"type":"block","tap":true,"time":224},{"angle":292.5,"time":224.75,"type":"extraTap"},{"angle":292.5,"time":225.5,"type":"extraTap"},{"angle":90,"time":232.75,"type":"extraTap"},{"angle":90,"time":233.5,"type":"extraTap"},{"angle":90,"type":"block","tap":true,"time":232},{"angle":0,"type":"block","tap":true,"time":240},{"angle":360,"time":240.75,"type":"extraTap"},{"angle":0,"time":241.5,"type":"extraTap"},{"angle":202.5,"type":"block","tap":true,"time":248},{"angle":202.5,"time":248.75,"type":"extraTap"},{"angle":202.5,"time":249.5,"type":"extraTap"},{"angle":360,"time":256,"type":"block"},{"angle":360,"time":256.5,"type":"inverse"},{"angle":315,"time":257,"type":"block"},{"angle":292.5,"time":256,"type":"extraTap"},{"angle":292.5,"time":256.75,"type":"extraTap"},{"angle":292.5,"time":257.5,"type":"extraTap"},{"angle":337.5,"type":"block","tap":true,"time":257.5},{"angle":0,"time":258,"type":"block"},{"angle":360,"time":258.5,"type":"inverse"},{"angle":337.5,"time":259,"type":"block"},{"angle":315,"time":259.5,"type":"extraTap"},{"angle":315,"time":259.75,"type":"inverse"},{"angle":315,"time":260,"type":"block"},{"angle":135,"time":259.75,"type":"mine"},{"angle":135,"time":260,"type":"mine"},{"angle":135,"time":260.75,"type":"mine"},{"angle":202.5,"time":259.75,"type":"mine"},{"angle":202.5,"time":260.5,"type":"mine"},{"angle":202.5,"time":260.5,"type":"mine"},{"angle":270,"time":260.5,"type":"mine"},{"angle":270,"time":260.5,"type":"mine"},{"angle":67.5,"time":260.25,"type":"mine"},{"angle":45,"time":260.25,"type":"mine"},{"angle":315,"time":260.25,"type":"block"},{"angle":315,"time":260.5,"type":"inverse"},{"angle":315,"time":261,"type":"inverse"},{"angle":337.5,"time":261.5,"type":"inverse"},{"angle":292.5,"time":262,"type":"block"},{"angle":292.5,"time":262.5,"type":"block"},{"angle":292.5,"time":263,"type":"block"},{"angle":247.5,"time":262.75,"type":"mine"},{"angle":360,"time":262.25,"type":"mine"},{"angle":292.5,"time":262.25,"type":"extraTap"},{"angle":292.5,"time":263.25,"type":"block"},{"angle":315,"time":263.5,"type":"block"},{"angle":337.5,"time":263.75,"type":"block"},{"angle":0,"type":"block","tap":true,"time":264},{"angle":360,"time":264.5,"type":"inverse"},{"angle":337.5,"time":265,"type":"block"},{"angle":337.5,"time":265.5,"type":"block"},{"angle":337.5,"time":266,"type":"inverse"},{"angle":0,"time":266.5,"type":"block"},{"angle":337.5,"time":267,"type":"block"},{"angle":315,"time":267.5,"type":"inverse"},{"angle":315,"time":267.75,"type":"block"},{"angle":315,"time":268,"type":"inverse"},{"angle":337.5,"time":268.25,"type":"mine"},{"angle":292.5,"time":268.25,"type":"block"},{"angle":292.5,"time":268.5,"type":"inverse"},{"angle":315,"time":269,"type":"block"},{"angle":337.5,"time":269.5,"type":"block"},{"angle":315,"time":270,"type":"inverse"},{"angle":315,"time":270.25,"type":"block"},{"angle":292.5,"time":270.5,"type":"block"},{"angle":270,"time":270.75,"type":"inverse"},{"angle":315,"time":271,"type":"block"},{"angle":337.5,"time":271.5,"type":"block"},{"angle":22.5,"time":264.75,"type":"extraTap"},{"angle":22.5,"time":265.5,"type":"extraTap"},{"angle":90,"time":272,"type":"extraTap"},{"angle":90,"time":272.75,"type":"extraTap"},{"angle":90,"time":273.5,"type":"extraTap"},{"angle":270,"time":272,"type":"block"},{"angle":315,"time":272.5,"type":"inverse"},{"angle":337.5,"time":273,"type":"inverse"},{"angle":337.5,"time":273,"type":"block"},{"angle":337.5,"time":273.5,"type":"block"},{"angle":360,"time":274,"type":"block"},{"angle":22.5,"time":274.5,"type":"block"},{"angle":45,"time":275,"type":"block"},{"angle":45,"time":275.5,"type":"block"},{"angle":22.5,"time":275.75,"type":"inverse"},{"angle":360,"time":276,"type":"block"},{"angle":337.5,"time":276.25,"type":"block"},{"angle":315,"type":"block","tap":true,"time":276.5},{"angle":337.5,"time":277,"type":"block"},{"angle":315,"time":277.5,"type":"block"},{"angle":292.5,"time":278,"type":"inverse"},{"angle":270,"time":278.5,"type":"block"},{"angle":247.5,"time":279,"type":"block"},{"angle":292.5,"time":278.25,"type":"block"},{"angle":292.5,"time":277.75,"type":"block"},{"angle":247.5,"time":278.75,"type":"block"},{"angle":225,"time":279.5,"type":"block"},{"angle":202.5,"type":"block","tap":true,"time":280},{"angle":202.5,"time":280.75,"type":"extraTap"},{"angle":202.5,"time":281.5,"type":"extraTap"},{"angle":225,"time":280.5,"type":"block"},{"angle":247.5,"time":281,"type":"block"},{"angle":270,"time":281.5,"type":"block"},{"angle":292.5,"time":282,"type":"block"},{"angle":315,"time":282.5,"type":"block"},{"angle":337.5,"time":283,"type":"block"},{"angle":360,"time":283.5,"type":"block"},{"angle":337.5,"time":284,"type":"block"},{"angle":337.5,"time":284.5,"type":"inverse"},{"angle":337.5,"time":284.75,"type":"block"},{"angle":315,"time":285,"type":"block"},{"angle":315,"time":285.5,"type":"block"},{"angle":337.5,"time":286,"type":"block"},{"angle":360,"time":286.25,"type":"block"},{"angle":22.5,"time":286.5,"type":"block"},{"angle":45,"type":"block","tap":true,"time":287},{"angle":45,"time":286.75,"type":"block"},{"angle":45,"time":287.25,"type":"block"},{"angle":45,"type":"block","tap":true,"time":288},{"angle":45,"time":288.5,"type":"block"},{"angle":45,"time":289,"type":"block"},{"angle":45,"time":289.5,"type":"block"},{"angle":45,"time":290,"type":"block"},{"angle":22.5,"time":290.5,"type":"block"},{"angle":360,"time":291,"type":"inverse"},{"angle":337.5,"time":291.5,"type":"inverse"},{"angle":0,"time":288.75,"type":"extraTap"},{"angle":0,"time":289.5,"type":"extraTap"},{"angle":315,"time":292,"type":"block"},{"angle":315,"time":292.5,"type":"block"},{"angle":315,"time":293,"type":"block"},{"angle":315,"time":293.5,"type":"block"},{"angle":315,"time":294,"type":"block"},{"angle":337.5,"time":294.5,"type":"block"},{"angle":45,"time":296.5,"type":"block"},{"angle":45,"time":297.5,"type":"block"},{"angle":45,"time":296,"type":"inverse"},{"angle":45,"time":297,"type":"inverse"},{"angle":22.5,"time":298,"type":"inverse"},{"angle":0,"time":298.5,"type":"inverse"},{"angle":337.5,"time":299,"type":"inverse"},{"angle":360,"time":295,"type":"inverse"},{"angle":22.5,"time":295.5,"type":"inverse"},{"angle":315,"type":"inverse","tap":true,"time":299.5},{"angle":315,"time":300,"type":"block"},{"angle":315,"time":300.5,"type":"block"},{"angle":315,"time":301,"type":"block"},{"angle":315,"time":301.5,"type":"block"},{"angle":315,"time":302,"type":"block"},{"angle":315,"time":302.5,"type":"block"},{"angle":337.5,"time":303,"type":"block"},{"angle":360,"time":303.5,"type":"block"},{"angle":45,"type":"block","tap":true,"time":304},{"angle":45,"time":304.5,"type":"block"},{"angle":45,"time":305,"type":"block"},{"angle":45,"time":305.5,"type":"block"},{"angle":45,"time":306,"type":"block"},{"angle":22.5,"time":306.5,"type":"block"},{"angle":0,"time":307,"type":"block"},{"angle":337.5,"time":307.5,"type":"inverse"},{"angle":315,"type":"inverse","tap":true,"time":308},{"angle":315,"time":308.5,"type":"inverse"},{"angle":315,"time":309,"type":"inverse"},{"angle":315,"time":309.5,"type":"inverse"},{"angle":315,"time":310,"type":"inverse"},{"angle":292.5,"time":310.5,"type":"inverse"},{"angle":270,"time":311,"type":"inverse"},{"angle":247.5,"time":311.5,"type":"inverse"},{"angle":292.5,"time":312,"type":"block"},{"angle":292.5,"time":312.5,"type":"block"},{"angle":292.5,"time":313,"type":"block"},{"angle":292.5,"time":313.5,"type":"block"},{"angle":292.5,"time":314,"type":"block"},{"angle":315,"time":314.5,"type":"block"},{"angle":337.5,"time":315,"type":"block"},{"angle":360,"time":315.5,"type":"block"},{"angle":67.5,"time":316,"type":"block"},{"angle":67.5,"time":316.5,"type":"block"},{"angle":67.5,"time":317,"type":"block"},{"angle":67.5,"time":317.5,"type":"block"},{"angle":67.5,"time":318,"type":"block"},{"angle":90,"time":318.5,"type":"block"},{"angle":112.5,"time":319,"type":"block"},{"angle":135,"time":319.5,"type":"block"},{"angle":180,"type":"hold","time":320,"angle2":90,"duration":1},{"angle":90,"type":"hold","time":320,"angle2":0,"duration":1},{"angle":360,"type":"hold","time":320,"angle2":270,"duration":1},{"angle":270,"type":"hold","time":320,"angle2":180,"duration":1},{"angle":180,"type":"hold","time":321,"angle2":90,"duration":1},{"angle":90,"type":"hold","time":321,"angle2":0,"duration":1},{"angle":360,"type":"hold","time":321,"angle2":270,"duration":1},{"angle":270,"type":"hold","time":321,"angle2":180,"duration":1},{"angle":360,"type":"hold","time":322,"angle2":270,"duration":1},{"angle":270,"type":"hold","time":322,"angle2":180,"duration":1},{"angle":180,"type":"hold","time":322,"angle2":90,"duration":1},{"angle":90,"type":"hold","time":322,"angle2":0,"duration":1},{"angle":270,"type":"hold","time":323,"angle2":180,"duration":1},{"angle":180,"type":"hold","time":323,"angle2":90,"duration":1},{"angle":90,"type":"hold","time":323,"angle2":0,"duration":1},{"angle":360,"type":"hold","time":323,"angle2":270,"duration":1},{"angle":292.5,"time":320,"type":"extraTap"},{"angle":135,"time":321,"type":"extraTap"},{"angle":45,"time":322,"type":"extraTap"},{"angle":22.5,"time":323,"type":"extraTap"},{"angle":337.5,"time":324,"type":"extraTap"},{"angle":270,"type":"hold","time":324,"angle2":180,"duration":1},{"angle":180,"type":"hold","time":324,"angle2":90,"duration":1},{"angle":90,"type":"hold","time":324,"angle2":0,"duration":1},{"angle":360,"type":"hold","time":324,"angle2":270,"duration":1},{"angle":360,"type":"hold","time":325,"angle2":270,"duration":1},{"angle":270,"type":"hold","time":325,"angle2":180,"duration":1},{"angle":180,"type":"hold","time":325,"angle2":90,"duration":1},{"angle":90,"type":"hold","time":325,"angle2":0,"duration":1},{"angle":225,"time":325,"type":"extraTap"},{"angle":247.5,"time":326,"type":"extraTap"},{"angle":225,"time":327,"type":"extraTap"},{"angle":270,"type":"hold","time":326,"angle2":180,"duration":1},{"angle":180,"type":"hold","time":326,"angle2":90,"duration":1},{"angle":90,"type":"hold","time":326,"angle2":0,"duration":1},{"angle":360,"type":"hold","time":326,"angle2":270,"duration":1},{"angle":180,"type":"hold","time":328,"angle2":270,"duration":1},{"angle":90,"type":"hold","time":328,"angle2":180,"duration":1},{"angle":0,"type":"hold","time":328,"angle2":90,"duration":1},{"angle":270,"type":"hold","time":328,"angle2":360,"duration":1},{"angle":0,"type":"hold","time":329,"angle2":90,"duration":1},{"angle":90,"type":"hold","time":329,"angle2":180,"duration":1},{"angle":180,"type":"hold","time":329,"angle2":270,"duration":1},{"angle":270,"type":"hold","time":329,"angle2":360,"duration":1},{"angle":0,"type":"hold","time":330,"angle2":90,"duration":1},{"angle":90,"type":"hold","time":330,"angle2":180,"duration":1},{"angle":180,"type":"hold","time":330,"angle2":270,"duration":1},{"angle":270,"type":"hold","time":330,"angle2":360,"duration":1},{"angle":0,"type":"hold","time":331,"angle2":90,"duration":1},{"angle":90,"type":"hold","time":331,"angle2":180,"duration":1},{"angle":180,"type":"hold","time":331,"angle2":270,"duration":1},{"angle":270,"type":"hold","time":331,"angle2":360,"duration":1},{"angle":0,"type":"hold","time":332,"angle2":90,"duration":1},{"angle":90,"type":"hold","time":333,"angle2":180,"duration":1},{"angle":180,"type":"hold","time":334,"angle2":270,"duration":1},{"angle":90,"type":"hold","time":332,"angle2":180,"duration":1},{"angle":270,"type":"hold","time":332,"angle2":360,"duration":1},{"angle":180,"type":"hold","time":332,"angle2":270,"duration":1},{"angle":270,"type":"hold","time":333,"angle2":360,"duration":1},{"angle":0,"type":"hold","time":333,"angle2":112.5,"duration":1},{"angle":180,"type":"hold","time":333,"angle2":270,"duration":1},{"angle":270,"type":"hold","time":334,"angle2":360,"duration":1},{"angle":0,"type":"hold","time":334,"angle2":90,"duration":1},{"angle":112.5,"type":"hold","time":334,"angle2":180,"duration":1},{"angle":247.5,"time":328,"type":"extraTap"},{"angle":225,"time":329,"type":"extraTap"},{"angle":225,"time":330,"type":"extraTap"},{"angle":225,"time":331,"type":"extraTap"},{"angle":225,"time":332,"type":"extraTap"},{"angle":225,"time":333,"type":"extraTap"},{"angle":225,"time":334,"type":"extraTap"},{"angle":225,"time":335,"type":"extraTap"},{"angle":270,"type":"hold","time":336,"angle2":180,"duration":1},{"angle":180,"type":"hold","time":336,"angle2":90,"duration":1},{"angle":90,"type":"hold","time":336,"angle2":0,"duration":1},{"angle":360,"type":"hold","time":336,"angle2":270,"duration":1},{"angle":180,"type":"hold","time":337,"angle2":90,"duration":1},{"angle":90,"type":"hold","time":337,"angle2":0,"duration":1},{"angle":360,"type":"hold","time":337,"angle2":270,"duration":1},{"angle":270,"type":"hold","time":337,"angle2":180,"duration":1},{"angle":270,"type":"hold","time":338,"angle2":180,"duration":1},{"angle":180,"type":"hold","time":338,"angle2":90,"duration":1},{"angle":90,"type":"hold","time":338,"angle2":0,"duration":1},{"angle":360,"type":"hold","time":338,"angle2":270,"duration":1},{"angle":270,"type":"hold","time":339,"angle2":180,"duration":1},{"angle":180,"type":"hold","time":339,"angle2":90,"duration":1},{"angle":90,"type":"hold","time":339,"angle2":0,"duration":1},{"angle":360,"type":"hold","time":339,"angle2":270,"duration":1},{"angle":270,"type":"hold","time":340,"angle2":180,"duration":1},{"angle":180,"type":"hold","time":340,"angle2":90,"duration":1},{"angle":90,"type":"hold","time":340,"angle2":0,"duration":1},{"angle":360,"type":"hold","time":340,"angle2":270,"duration":1},{"angle":202.5,"time":336,"type":"extraTap"},{"angle":225,"time":337,"type":"extraTap"},{"angle":225,"time":338,"type":"extraTap"},{"angle":225,"time":339,"type":"extraTap"},{"angle":225,"time":340,"type":"extraTap"},{"angle":225,"time":341,"type":"extraTap"},{"angle":180,"type":"hold","time":341,"angle2":90,"duration":1},{"angle":90,"type":"hold","time":341,"angle2":0,"duration":1},{"angle":360,"type":"hold","time":341,"angle2":270,"duration":1},{"angle":270,"type":"hold","time":341,"angle2":180,"duration":1},{"angle":180,"type":"hold","time":342,"angle2":90,"duration":1},{"angle":90,"type":"hold","time":342,"angle2":0,"duration":1},{"angle":360,"type":"hold","time":342,"angle2":270,"duration":1},{"angle":270,"type":"hold","time":342,"angle2":180,"duration":1},{"angle":225,"time":342,"type":"extraTap"},{"angle":225,"time":343,"type":"extraTap"},{"angle":360,"type":"hold","time":344,"angle2":270,"duration":1},{"angle":270,"type":"hold","time":345,"angle2":202.5,"duration":1},{"angle":202.5,"type":"hold","time":346,"angle2":90,"duration":1},{"angle":90,"type":"hold","time":347,"angle2":0,"duration":1},{"angle":360,"type":"hold","time":348,"angle2":270,"duration":1},{"angle":270,"type":"hold","time":349,"angle2":180,"duration":1},{"angle":180,"type":"hold","time":350,"angle2":90,"duration":1},{"angle":90,"type":"hold","time":344,"angle2":0,"duration":1},{"angle":270,"type":"hold","time":344,"angle2":180,"duration":1},{"angle":180,"type":"hold","time":344,"angle2":90,"duration":1},{"angle":360,"type":"hold","time":345,"angle2":270,"duration":1},{"angle":90,"type":"hold","time":345,"angle2":0,"duration":1},{"angle":180,"type":"hold","time":345,"angle2":90,"duration":1},{"angle":270,"type":"hold","time":346,"angle2":180,"duration":1},{"angle":360,"type":"hold","time":346,"angle2":270,"duration":1},{"angle":90,"type":"hold","time":346,"angle2":0,"duration":1},{"angle":180,"type":"hold","time":347,"angle2":90,"duration":1},{"angle":270,"type":"hold","time":347,"angle2":180,"duration":1},{"angle":360,"type":"hold","time":347,"angle2":270,"duration":1},{"angle":180,"type":"hold","time":348,"angle2":90,"duration":1},{"angle":90,"type":"hold","time":348,"angle2":0,"duration":1},{"angle":270,"type":"hold","time":348,"angle2":180,"duration":1},{"angle":180,"type":"hold","time":349,"angle2":90,"duration":1},{"angle":90,"type":"hold","time":349,"angle2":0,"duration":1},{"angle":360,"type":"hold","time":349,"angle2":270,"duration":1},{"angle":90,"type":"hold","time":350,"angle2":0,"duration":1},{"angle":360,"type":"hold","time":350,"angle2":270,"duration":1},{"angle":270,"type":"hold","time":350,"angle2":180,"duration":1},{"angle":202.5,"time":344,"type":"extraTap"},{"angle":225,"time":345,"type":"extraTap"},{"angle":225,"time":346,"type":"extraTap"},{"angle":225,"time":347,"type":"extraTap"},{"angle":225,"time":348,"type":"extraTap"},{"angle":225,"time":349,"type":"extraTap"},{"angle":225,"time":350,"type":"extraTap"},{"angle":225,"time":351,"type":"extraTap"},{"angle":270,"time":352,"type":"block"},{"angle":292.5,"time":352,"type":"inverse"},{"angle":135,"time":356,"type":"inverse"},{"angle":112.5,"time":356,"type":"block"},{"angle":202.5,"time":360,"type":"block"},{"angle":225,"time":360,"type":"inverse"},{"angle":45,"time":360,"type":"extraTap"},{"angle":202.5,"time":356,"type":"extraTap"},{"angle":180,"time":352,"type":"extraTap"},{"angle":202.5,"type":"block","tap":true,"time":364},{"angle":360,"type":"block","tap":true,"time":367},{"angle":292.5,"type":"block","tap":true,"time":368},{"angle":90,"type":"block","tap":true,"time":372},{"angle":180,"type":"block","tap":true,"time":376},{"angle":337.5,"type":"block","tap":true,"time":380},{"angle":22.5,"time":384,"type":"block"},{"angle":45,"type":"block","tap":true,"time":385},{"angle":22.5,"type":"block","tap":true,"time":387.5},{"angle":22.5,"time":388.5,"type":"block"},{"angle":22.5,"time":390,"type":"block"},{"angle":45,"type":"block","tap":true,"time":391},{"angle":180,"type":"block","tap":true,"time":393},{"angle":180,"time":394.5,"type":"block"},{"angle":225,"type":"block","tap":true,"time":395.5},{"angle":180,"time":396.5,"type":"block"},{"angle":202.5,"time":398,"type":"inverse"},{"angle":202.5,"type":"block","tap":true,"time":397.5},{"angle":157.5,"type":"block","tap":true,"time":399},{"angle":247.5,"time":384,"type":"mine"},{"angle":315,"time":383.75,"type":"mine"},{"angle":315,"time":383.25,"type":"mine"},{"angle":0,"time":384.75,"type":"mine"},{"angle":0,"time":384.5,"type":"mine"},{"angle":360,"time":384.25,"type":"mine"},{"angle":45,"time":386,"type":"mine"},{"angle":45,"time":386.25,"type":"mine"},{"angle":45,"time":386.5,"type":"mine"},{"angle":45,"time":386.75,"type":"mine"},{"angle":45,"time":387,"type":"mine"},{"angle":337.5,"time":387.5,"type":"mine"},{"angle":337.5,"time":387.75,"type":"mine"},{"angle":337.5,"time":388,"type":"mine"},{"angle":337.5,"time":388.5,"type":"mine"},{"angle":337.5,"time":388.75,"type":"mine"},{"angle":67.5,"time":389.5,"type":"mine"},{"angle":90,"time":391,"type":"mine"},{"angle":90,"time":391.25,"type":"mine"},{"angle":112.5,"time":391.25,"type":"mine"},{"angle":135,"time":391.25,"type":"mine"},{"angle":157.5,"time":391.25,"type":"mine"},{"angle":157.5,"time":391.5,"type":"mine"},{"angle":135,"time":391.5,"type":"mine"},{"angle":112.5,"time":391.5,"type":"mine"},{"angle":90,"time":391.5,"type":"mine"},{"angle":157.5,"time":391.75,"type":"mine"},{"angle":135,"time":391.75,"type":"mine"},{"angle":112.5,"time":391.75,"type":"mine"},{"angle":90,"time":391.75,"type":"mine"},{"angle":22.5,"time":386.25,"type":"side"},{"angle":45,"type":"side","tap":true,"time":389.5},{"angle":202.5,"time":392,"type":"side"},{"angle":202.5,"time":400,"type":"block"},{"angle":180,"type":"block","tap":true,"time":401},{"angle":180,"time":402.5,"type":"block"},{"angle":135,"type":"block","tap":true,"time":403.5},{"angle":67.5,"time":404.5,"type":"block"},{"angle":135,"type":"block","tap":true,"time":405.5},{"angle":180,"time":406,"type":"block"},{"angle":202.5,"type":"block","tap":true,"time":407},{"angle":247.5,"time":408,"type":"block"},{"angle":270,"type":"block","tap":true,"time":409},{"angle":270,"time":410.5,"type":"block"},{"angle":270,"type":"block","tap":true,"time":411.5},{"angle":270,"time":412.5,"type":"block"},{"angle":225,"type":"block","tap":true,"time":413.5},{"angle":180,"time":414,"type":"block"},{"angle":180,"type":"block","tap":true,"time":415},{"angle":135,"time":403.5,"type":"inverse"},{"angle":0,"time":406,"type":"mine"},{"angle":22.5,"time":407,"type":"mine"},{"angle":67.5,"time":408,"type":"mine"},{"angle":90,"time":409,"type":"mine"},{"angle":90,"time":410.5,"type":"mine"},{"angle":90,"time":411.5,"type":"mine"},{"angle":90,"time":412.5,"type":"mine"},{"angle":45,"time":413.5,"type":"mine"},{"angle":360,"time":414,"type":"mine"},{"angle":180,"time":415.5,"type":"block"},{"angle":202.5,"time":416,"type":"block"},{"angle":247.5,"time":416.5,"type":"block"},{"angle":270,"time":417,"type":"block"},{"angle":292.5,"time":417.5,"type":"block"},{"angle":315,"time":418,"type":"block"},{"angle":337.5,"time":418.5,"type":"block"},{"angle":0,"time":419,"type":"block"},{"angle":22.5,"time":419.5,"type":"block"},{"angle":45,"time":420,"type":"block"},{"angle":67.5,"time":420.5,"type":"block"},{"angle":90,"time":421,"type":"block"},{"angle":112.5,"time":421.5,"type":"block"},{"angle":135,"time":422,"type":"block"},{"angle":157.5,"time":422.5,"type":"block"},{"angle":180,"time":423,"type":"block"},{"angle":202.5,"time":423.5,"type":"block"},{"angle":225,"time":424,"type":"block"},{"angle":247.5,"time":424.5,"type":"block"},{"angle":270,"time":425,"type":"block"},{"angle":292.5,"time":425.5,"type":"block"},{"angle":315,"time":426,"type":"block"},{"angle":337.5,"time":426.5,"type":"block"},{"angle":0,"time":427,"type":"block"},{"angle":22.5,"time":427.5,"type":"block"},{"angle":45,"type":"block","tap":true,"time":428},{"angle":67.5,"time":428.5,"type":"block"},{"angle":90,"type":"block","tap":true,"time":429},{"angle":112.5,"time":429.5,"type":"block"},{"angle":135,"type":"block","tap":true,"time":430},{"angle":157.5,"time":430.5,"type":"block"},{"angle":180,"type":"block","tap":true,"time":431},{"angle":157.5,"time":431.5,"type":"block"},{"angle":135,"time":432,"type":"block"},{"angle":112.5,"time":432.5,"type":"block"},{"angle":90,"time":433,"type":"block"},{"angle":67.5,"time":433.5,"type":"block"},{"angle":45,"time":434,"type":"block"},{"angle":22.5,"time":434.5,"type":"block"},{"angle":0,"time":435,"type":"block"},{"angle":337.5,"time":435.5,"type":"block"},{"angle":315,"time":436,"type":"block"},{"angle":292.5,"time":436.5,"type":"block"},{"angle":270,"time":437,"type":"block"},{"angle":247.5,"time":437.5,"type":"block"},{"angle":225,"time":438,"type":"block"},{"angle":202.5,"time":438.5,"type":"block"},{"angle":180,"time":439,"type":"block"},{"angle":157.5,"time":439.5,"type":"block"},{"angle":135,"time":440,"type":"block"},{"angle":112.5,"time":440.5,"type":"block"},{"angle":90,"time":441,"type":"block"},{"angle":67.5,"time":441.5,"type":"block"},{"angle":45,"time":442,"type":"block"},{"angle":22.5,"time":442.5,"type":"block"},{"angle":0,"time":443,"type":"block"},{"angle":337.5,"time":443.5,"type":"block"},{"angle":315,"type":"block","tap":true,"time":444},{"angle":292.5,"time":444.5,"type":"block"},{"angle":270,"type":"block","tap":true,"time":445},{"angle":247.5,"time":445.5,"type":"block"},{"angle":225,"type":"block","tap":true,"time":446},{"angle":202.5,"time":446.5,"type":"block"},{"angle":180,"type":"block","tap":true,"time":447},{"angle":180,"type":"mineHold","time":448,"angle2":180,"duration":1},{"angle":90,"type":"mineHold","time":448,"angle2":90,"duration":1},{"angle":360,"type":"hold","time":448,"angle2":360,"duration":1},{"angle":270,"type":"hold","time":448,"angle2":270,"duration":1},{"angle":360,"type":"hold","time":449,"angle2":360,"duration":1},{"angle":270,"type":"hold","time":449,"angle2":270,"duration":1},{"angle":270,"type":"hold","time":450,"angle2":270,"duration":1},{"angle":270,"type":"hold","time":451,"angle2":270,"duration":1},{"angle":0,"type":"hold","time":450,"angle2":0,"duration":1},{"angle":180,"type":"mineHold","time":449,"angle2":180,"duration":1},{"angle":90,"type":"mineHold","time":449,"angle2":90,"duration":1},{"angle":90,"type":"mineHold","time":450,"angle2":90,"duration":1},{"angle":180,"type":"mineHold","time":450,"angle2":180,"duration":1},{"angle":180,"type":"mineHold","time":451,"angle2":180,"duration":1},{"angle":90,"type":"mineHold","time":451,"angle2":90,"duration":1},{"angle":360,"type":"hold","time":451,"angle2":360,"duration":1},{"angle":270,"type":"hold","time":452,"angle2":270,"duration":1},{"angle":0,"type":"hold","time":452,"angle2":0,"duration":1},{"angle":0,"type":"hold","time":453,"angle2":0,"duration":1},{"angle":270,"type":"hold","time":453,"angle2":270,"duration":1},{"angle":270,"type":"hold","time":454,"angle2":270,"duration":1},{"angle":360,"type":"hold","time":454,"angle2":360,"duration":1},{"angle":45,"type":"hold","time":456,"angle2":45,"duration":1},{"angle":45,"type":"hold","time":457,"angle2":45,"duration":1},{"angle":45,"type":"hold","time":458,"angle2":45,"duration":1},{"angle":45,"type":"hold","time":459,"angle2":45,"duration":1},{"angle":45,"type":"hold","time":460,"angle2":45,"duration":1},{"angle":45,"type":"hold","time":461,"angle2":45,"duration":1},{"angle":45,"type":"hold","time":462,"angle2":45,"duration":1},{"angle":315,"type":"hold","time":456,"angle2":315,"duration":1},{"angle":315,"type":"hold","time":457,"angle2":315,"duration":1},{"angle":315,"type":"hold","time":458,"angle2":315,"duration":1},{"angle":315,"type":"hold","time":459,"angle2":315,"duration":1},{"angle":315,"type":"hold","time":460,"angle2":315,"duration":1},{"angle":315,"type":"hold","time":461,"angle2":315,"duration":1},{"angle":315,"type":"hold","time":462,"angle2":315,"duration":1},{"angle":180,"type":"mineHold","time":452,"angle2":180,"duration":1},{"angle":90,"type":"mineHold","time":452,"angle2":90,"duration":1},{"angle":180,"type":"mineHold","time":453,"angle2":180,"duration":1},{"angle":90,"type":"mineHold","time":453,"angle2":90,"duration":1},{"angle":180,"type":"mineHold","time":454,"angle2":180,"duration":1},{"angle":90,"type":"mineHold","time":454,"angle2":90,"duration":1},{"angle":360,"type":"mineHold","time":456,"angle2":360,"duration":1},{"angle":270,"type":"mineHold","time":456,"angle2":270,"duration":1},{"angle":270,"type":"mineHold","time":457,"angle2":270,"duration":1},{"angle":360,"type":"mineHold","time":457,"angle2":360,"duration":1},{"angle":270,"type":"mineHold","time":458,"angle2":270,"duration":1},{"angle":0,"type":"mineHold","time":458,"angle2":0,"duration":1},{"angle":270,"type":"mineHold","time":459,"angle2":270,"duration":1},{"angle":360,"type":"mineHold","time":459,"angle2":360,"duration":1},{"angle":360,"type":"mineHold","time":460,"angle2":360,"duration":1},{"angle":270,"type":"mineHold","time":460,"angle2":270,"duration":1},{"angle":270,"type":"mineHold","time":461,"angle2":270,"duration":1},{"angle":0,"type":"mineHold","time":461,"angle2":0,"duration":1},{"angle":360,"type":"mineHold","time":462,"angle2":360,"duration":1},{"angle":270,"type":"mineHold","time":462,"angle2":270,"duration":1},{"angle":90,"type":"mineHold","time":456,"angle2":90,"duration":1},{"angle":180,"type":"mineHold","time":456,"angle2":180,"duration":1},{"angle":180,"type":"mineHold","time":457,"angle2":180,"duration":1},{"angle":90,"type":"mineHold","time":457,"angle2":90,"duration":1},{"angle":90,"type":"mineHold","time":458,"angle2":90,"duration":1},{"angle":180,"type":"mineHold","time":458,"angle2":180,"duration":1},{"angle":180,"type":"mineHold","time":459,"angle2":180,"duration":1},{"angle":90,"type":"mineHold","time":459,"angle2":90,"duration":1},{"angle":90,"type":"mineHold","time":460,"angle2":90,"duration":1},{"angle":180,"type":"mineHold","time":460,"angle2":180,"duration":1},{"angle":180,"type":"mineHold","time":461,"angle2":180,"duration":1},{"angle":90,"type":"mineHold","time":461,"angle2":90,"duration":1},{"angle":90,"type":"mineHold","time":462,"angle2":90,"duration":1},{"angle":180,"type":"mineHold","time":462,"angle2":180,"duration":1},{"angle":45,"type":"mineHold","time":464,"angle2":45,"duration":1},{"angle":315,"type":"mineHold","time":464,"angle2":315,"duration":1},{"angle":225,"type":"hold","time":464,"angle2":225,"duration":1},{"angle":135,"type":"hold","time":464,"angle2":135,"duration":1},{"angle":135,"type":"hold","time":465,"angle2":135,"duration":1},{"angle":135,"type":"hold","time":466,"angle2":135,"duration":1},{"angle":135,"type":"hold","time":467,"angle2":135,"duration":1},{"angle":135,"type":"hold","time":468,"angle2":135,"duration":1},{"angle":135,"type":"hold","time":469,"angle2":135,"duration":1},{"angle":135,"type":"hold","time":470,"angle2":135,"duration":1},{"angle":225,"type":"hold","time":465,"angle2":225,"duration":1},{"angle":225,"type":"hold","time":466,"angle2":225,"duration":1},{"angle":225,"type":"hold","time":467,"angle2":225,"duration":1},{"angle":225,"type":"hold","time":468,"angle2":225,"duration":1},{"angle":225,"type":"hold","time":469,"angle2":225,"duration":1},{"angle":225,"type":"hold","time":470,"angle2":225,"duration":1},{"angle":315,"type":"mineHold","time":465,"angle2":315,"duration":1},{"angle":45,"type":"mineHold","time":465,"angle2":45,"duration":1},{"angle":45,"type":"mineHold","time":466,"angle2":45,"duration":1},{"angle":315,"type":"mineHold","time":466,"angle2":315,"duration":1},{"angle":315,"type":"mineHold","time":467,"angle2":315,"duration":1},{"angle":45,"type":"mineHold","time":467,"angle2":45,"duration":1},{"angle":45,"type":"mineHold","time":468,"angle2":45,"duration":1},{"angle":315,"type":"mineHold","time":468,"angle2":315,"duration":1},{"angle":315,"type":"mineHold","time":469,"angle2":315,"duration":1},{"angle":45,"type":"mineHold","time":469,"angle2":45,"duration":1},{"angle":315,"type":"mineHold","time":470,"angle2":315,"duration":1},{"angle":45,"type":"mineHold","time":470,"angle2":45,"duration":1},{"angle":180,"type":"mineHold","time":472,"angle2":180,"duration":1},{"angle":90,"type":"mineHold","time":472,"angle2":90,"duration":1},{"angle":360,"type":"mineHold","time":472,"angle2":360,"duration":1},{"angle":270,"type":"mineHold","time":472,"angle2":270,"duration":1},{"angle":315,"type":"hold","time":472,"angle2":315,"duration":1},{"angle":45,"type":"hold","time":472,"angle2":45,"duration":1},{"angle":45,"type":"hold","time":473,"angle2":45,"duration":1},{"angle":315,"type":"hold","time":473,"angle2":315,"duration":1},{"angle":315,"type":"hold","time":474,"angle2":315,"duration":1},{"angle":45,"type":"hold","time":474,"angle2":45,"duration":1},{"angle":45,"type":"hold","time":475,"angle2":45,"duration":1},{"angle":315,"type":"hold","time":475,"angle2":315,"duration":1},{"angle":315,"type":"hold","time":476,"angle2":315,"duration":1},{"angle":45,"type":"hold","time":476,"angle2":45,"duration":1},{"angle":45,"type":"hold","time":477,"angle2":45,"duration":1},{"angle":315,"type":"hold","time":477,"angle2":315,"duration":1},{"angle":315,"type":"hold","time":478,"angle2":315,"duration":1},{"angle":45,"type":"hold","time":478,"angle2":45,"duration":1},{"angle":225,"type":"mineHold","time":473,"angle2":225,"duration":1},{"angle":135,"type":"mineHold","time":473,"angle2":135,"duration":1},{"angle":180,"type":"mineHold","time":474,"angle2":180,"duration":1},{"angle":270,"type":"mineHold","time":474,"angle2":270,"duration":1},{"angle":90,"type":"mineHold","time":474,"angle2":90,"duration":1},{"angle":135,"type":"mineHold","time":475,"angle2":135,"duration":1},{"angle":225,"type":"mineHold","time":475,"angle2":225,"duration":1},{"angle":270,"type":"mineHold","time":476,"angle2":270,"duration":1},{"angle":90,"type":"mineHold","time":476,"angle2":90,"duration":1},{"angle":135,"type":"mineHold","time":477,"angle2":135,"duration":1},{"angle":225,"type":"mineHold","time":477,"angle2":225,"duration":1},{"angle":270,"type":"mineHold","time":478,"angle2":270,"duration":1},{"angle":90,"type":"mineHold","time":478,"angle2":90,"duration":1},{"angle":180,"type":"mineHold","time":476,"angle2":180,"duration":1},{"angle":180,"type":"mineHold","time":478,"angle2":180,"duration":1},{"angle":225,"time":472.5,"type":"mine"},{"angle":135,"time":472.5,"type":"mine"},{"angle":180,"time":473.5,"type":"mine"},{"angle":270,"time":473.5,"type":"mine"},{"angle":90,"time":473.5,"type":"mine"},{"angle":135,"time":474.5,"type":"mine"},{"angle":225,"time":474.5,"type":"mine"},{"angle":270,"time":475.5,"type":"mine"},{"angle":90,"time":475.5,"type":"mine"},{"angle":225,"time":476.5,"type":"mine"},{"angle":135,"time":476.5,"type":"mine"},{"angle":180,"time":475.5,"type":"mine"},{"angle":270,"time":477.5,"type":"mine"},{"angle":90,"time":477.5,"type":"mine"},{"angle":180,"time":477.5,"type":"mine"},{"angle":225,"time":478.5,"type":"mine"},{"angle":135,"time":478.5,"type":"mine"},{"angle":0,"time":473.5,"type":"mine"},{"angle":0,"type":"mineHold","time":474,"angle2":0,"duration":1},{"angle":0,"time":475.5,"type":"mine"},{"angle":0,"type":"mineHold","time":476,"angle2":0,"duration":1},{"angle":0,"time":477.5,"type":"mine"},{"angle":0,"type":"mineHold","time":478,"angle2":0,"duration":1},{"angle":0,"type":"mineHold","time":480,"angle2":1935,"duration":8},{"angle":-1980,"type":"hold","time":488,"angle2":-180,"duration":8},{"angle":1980,"type":"hold","time":496,"angle2":180,"duration":8},{"angle":1982,"type":"hold","time":504,"angle2":180,"duration":8},{"angle":337.5,"time":480,"type":"extraTap"},{"angle":67.5,"time":485,"type":"extraTap"},{"angle":157.5,"time":488,"type":"extraTap"},{"angle":180,"time":492,"type":"extraTap"},{"angle":180,"time":495,"type":"extraTap"},{"angle":180,"time":500,"type":"extraTap"},{"angle":112.5,"time":504,"type":"extraTap"},{"angle":180,"time":508,"type":"extraTap"},{"angle":157.5,"time":512,"type":"extraTap"},{"angle":157.5,"time":512.75,"type":"extraTap"},{"angle":157.5,"time":513.5,"type":"extraTap"},{"angle":157.5,"time":517,"type":"extraTap"},{"angle":157.5,"time":520,"type":"extraTap"},{"angle":157.5,"time":524,"type":"extraTap"},{"angle":157.5,"time":527,"type":"extraTap"},{"angle":157.5,"time":520.75,"type":"extraTap"},{"angle":157.5,"time":521.5,"type":"extraTap"},{"angle":180,"time":528,"type":"extraTap"},{"angle":180,"time":528.75,"type":"extraTap"},{"angle":180,"time":529.5,"type":"extraTap"},{"angle":180,"time":536,"type":"extraTap"},{"angle":180,"time":536.75,"type":"extraTap"},{"angle":180,"time":537.5,"type":"extraTap"},{"angle":157.5,"time":540,"type":"extraTap"},{"angle":180,"time":544,"type":"extraTap"},{"angle":180,"time":544.75,"type":"extraTap"},{"angle":180,"time":545.5,"type":"extraTap"},{"angle":180,"time":549,"type":"extraTap"},{"angle":180,"time":552,"type":"extraTap"},{"angle":180,"time":552.75,"type":"extraTap"},{"angle":180,"time":553.5,"type":"extraTap"},{"angle":180,"time":556,"type":"extraTap"},{"angle":180,"time":559,"type":"extraTap"},{"angle":180,"time":560,"type":"extraTap"},{"angle":180,"time":560.75,"type":"extraTap"},{"angle":180,"time":561.5,"type":"extraTap"},{"angle":180,"time":568,"type":"extraTap"},{"angle":180,"time":568.75,"type":"extraTap"},{"angle":180,"time":569.5,"type":"extraTap"},{"angle":180,"time":572,"type":"extraTap"},{"angle":180,"time":576,"type":"extraTap"},{"angle":180,"time":576.75,"type":"extraTap"},{"angle":180,"time":577.5,"type":"extraTap"},{"angle":180,"time":584,"type":"extraTap"},{"angle":180,"time":584.75,"type":"extraTap"},{"angle":180,"time":585.5,"type":"extraTap"},{"angle":180,"time":592,"type":"extraTap"},{"angle":180,"time":592.75,"type":"extraTap"},{"angle":180,"time":593.5,"type":"extraTap"},{"angle":180,"time":600,"type":"extraTap"},{"angle":180,"time":600.75,"type":"extraTap"},{"angle":180,"time":601.5,"type":"extraTap"}]