{"properties":{"formatversion":13,"speed":70,"offset":8},"metadata":{"artist":"Beemed","description":"I made the song (and the level)","songName":"In gods grasp","bg":true,"bgData":{"yellowChannel":{"r":255,"b":0,"g":255},"magentaChannel":{"r":255,"b":255,"g":0},"cyanChannel":{"r":0,"b":255,"g":255},"image":"madeus.png","redChannel":{"r":255,"b":0,"g":0},"blueChannel":{"r":0,"b":255,"g":0},"greenChannel":{"r":0,"b":0,"g":255}},"difficulty":8,"artistLink":"https://soundcloud.com/012_09","charter":"Beemed"},"events":[{"angle":180,"file":"In gods grasp.wav","volume":1,"type":"play","time":0,"bpm":173},{"angle":270,"ease":"inQuad","type":"paddles","paddle":1,"duration":0.5,"newWidth":1,"time":46},{"angle":270,"ease":"inBack","type":"paddles","paddle":1,"duration":0,"newWidth":70,"time":47.75},{"angle":22.5,"ease":"linear","type":"paddles","paddle":1,"duration":0,"newWidth":50,"time":165},{"angle":360,"ease":"linear","type":"paddles","paddle":1,"duration":0,"newWidth":70,"time":167.75},{"ease":"linear","type":"paddles","newWidth":50,"time":320,"angle":315,"paddle":4,"duration":0,"newAngle":90,"enabled":true},{"ease":"linear","type":"paddles","newWidth":50,"time":320,"angle":45,"paddle":2,"duration":0,"newAngle":180,"enabled":true},{"ease":"linear","type":"paddles","newWidth":50,"time":320,"angle":135,"paddle":3,"duration":0,"newAngle":-90,"enabled":true},{"ease":"linear","type":"paddles","newWidth":70,"time":351,"angle":135,"paddle":1,"duration":0,"newAngle":0,"enabled":true},{"ease":"linear","newAngle":0,"time":351,"angle":67.5,"paddle":2,"duration":0,"newWidth":70,"type":"paddles"},{"ease":"linear","newAngle":0,"time":351,"angle":337.5,"paddle":3,"duration":0,"newWidth":70,"type":"paddles"},{"ease":"linear","newAngle":0,"time":351,"angle":247.5,"paddle":4,"duration":0,"newWidth":70,"type":"paddles"},{"ease":"linear","type":"paddles","newWidth":40,"enabled":false,"order":5,"paddle":1,"duration":4.5,"time":380.75,"angle":45},{"ease":"linear","type":"paddles","enabled":true,"time":448,"angle":112.5,"paddle":1,"duration":0,"newWidth":70,"newAngle":90},{"ease":"linear","type":"paddles","enabled":true,"time":448,"angle":22.5,"paddle":2,"duration":0,"newWidth":70,"newAngle":0},{"angle":180,"time":614,"type":"showResults"},{"angle":270,"type":"noise","time":0,"chance":0,"color":7},{"angle":270,"color":3,"time":0.75,"chance":0.099999986588955,"type":"noise"},{"angle":270,"color":0,"time":1.5,"chance":0,"type":"noise"},{"angle":202.5,"color":0,"time":9.5,"chance":0,"type":"noise"},{"angle":247.5,"color":3,"time":16.75,"chance":0.099999986588955,"type":"noise"},{"angle":247.5,"color":0,"time":17.5,"chance":0,"type":"noise"},{"angle":202.5,"color":3,"time":8.75,"chance":0.099999986588955,"type":"noise"},{"angle":112.5,"color":3,"time":24.75,"chance":0.099999986588955,"type":"noise"},{"angle":112.5,"color":0,"time":25.5,"chance":0,"type":"noise"},{"angle":225,"color":3,"time":32,"chance":0.29999998211861,"type":"noise"},{"angle":157.5,"color":2,"time":40,"chance":0.20000001788139,"type":"noise"},{"angle":225,"color":2,"time":48,"chance":0.099999986588955,"type":"noise"},{"angle":112.5,"color":2,"time":56,"chance":0.049999997019768,"type":"noise"},{"angle":135,"color":1,"time":60.5,"chance":0.0099999997764826,"type":"noise"},{"angle":202.5,"color":2,"time":64,"chance":0.099999986588955,"type":"noise"},{"angle":22.5,"color":3,"time":72,"chance":0.11999998241663,"type":"noise"},{"angle":270,"color":3,"time":80,"chance":0.07999999076128,"type":"noise"},{"angle":90,"color":2,"time":88,"chance":0.0099999997764826,"type":"noise"},{"angle":292.5,"color":1,"time":96,"chance":0.0099999997764826,"type":"noise"},{"angle":315,"color":0,"time":96.25,"chance":0,"type":"noise"},{"angle":337.5,"color":2,"time":160,"voidColor":2,"type":"setBgColor"},{"angle":67.5,"enable":true,"type":"hom","time":456},{"angle":112.5,"color":0,"time":456.5,"type":"noise","chance":0.5},{"duration":8,"type":"setColor","time":456,"order":1,"angle":135,"color":0,"r":255,"g":0,"b":0},{"type":"setColor","time":463,"duration":1,"angle":135,"g":255,"r":255,"color":0,"b":255},{"type":"setColor","time":464,"duration":8,"angle":247.5,"g":0,"r":255,"color":0,"b":0},{"type":"setColor","time":471,"duration":1,"angle":90,"g":255,"r":255,"color":0,"b":255},{"type":"setColor","time":472,"duration":8,"angle":67.5,"color":0,"r":30,"g":30,"b":30},{"type":"setColor","time":480,"r":255,"angle":315,"g":255,"duration":0,"color":0,"b":255},{"angle":180,"enable":false,"type":"hom","time":480},{"angle":157.5,"color":0,"time":480,"type":"noise","chance":0},{"angle":112.5,"ease":"linear","type":"paddles","paddle":0,"duration":0,"time":512,"enabled":false},{"angle":45,"spriteName":"mateus2.png","type":"forcePlayerSprite","time":512}]}