{"metadata":{"charter":"himych","description":"need to have some rest from something i'm charting rn and have fun with visuals","songName":"Reincarnation Apple","bgData":{"redChannel":{"g":57,"b":88,"r":202},"blueChannel":{"g":186,"b":182,"r":191},"greenChannel":{"g":255,"b":255,"r":255},"yellowChannel":{"g":234,"b":231,"r":255},"magentaChannel":{"g":255,"b":255,"r":255},"cyanChannel":{"g":218,"b":197,"r":12},"image":"bg.png"},"difficulty":7,"artistLink":"https://www.youtube.com/channel/UCMMBGMjrrWcRZmG_lW4jC-Q","bg":true,"artist":"PinocchioP"},"events":[{"bpm":145,"file":"song.ogg","volume":1,"type":"play","time":1,"angle":0,"offset":0.20000019669533},{"angle":270,"value":1.2999997138977,"time":-1,"type":"ease","var":"scrollSpeed"},{"angle":-270,"value":0.75000023841858,"time":3.5,"type":"ease","var":"scrollSpeed"},{"angle":-270,"value":1.2999997138977,"time":5,"type":"ease","var":"scrollSpeed"},{"angle":-270,"value":0.75000023841858,"time":7.5,"type":"ease","var":"scrollSpeed"},{"angle":270,"value":1.2999997138977,"time":9,"type":"ease","var":"scrollSpeed"},{"paddle":1,"type":"paddles","angle":270,"time":100,"newWidth":360,"duration":0.5,"ease":"outSine"},{"paddle":1,"type":"paddles","angle":270,"time":103,"newWidth":70,"duration":1,"ease":"outQuad"},{"angle":285,"type":"setColor","r":0,"g":255,"b":211,"time":-1,"color":0},{"angle":300,"type":"setColor","r":0,"g":15,"time":-1,"color":1,"b":29},{"paddle":1,"type":"paddles","angle":270,"time":132,"newWidth":360,"duration":0.5,"ease":"outSine"},{"paddle":1,"type":"paddles","angle":345,"time":137.25,"newWidth":70,"duration":1,"ease":"outQuad"},{"angle":360,"value":70,"time":137,"type":"ease","var":"p.x"},{"angle":15,"value":250,"time":137,"type":"ease","var":"p.y"},{"angle":375,"value":200,"time":145,"type":"ease","var":"p.x"},{"angle":30,"value":250,"time":145,"type":"ease","var":"p.y"},{"angle":375,"value":300,"time":153,"type":"ease","var":"p.x"},{"angle":360,"value":180,"time":153,"type":"ease","var":"p.y"},{"angle":-270,"value":0.75000023841858,"time":165,"type":"ease","var":"scrollSpeed"},{"angle":90,"value":1.2999997138977,"time":169,"type":"ease","var":"scrollSpeed"},{"angle":360,"type":"ease","value":1.0999999046326,"var":"vfx.canvPos.sx","time":169,"duration":1,"ease":"outSine"},{"angle":15,"type":"ease","value":1.0999999046326,"var":"vfx.canvPos.sy","time":169,"duration":1,"ease":"outSine"},{"value":5,"repeats":8,"duration":2,"angle":30,"repeatDelay":6,"var":"vfx.canvPos.r","time":169,"type":"ease","ease":"outSine"},{"angleOffset":false,"type":"tag","time":168.5,"angle":337.5,"tag":"circstart"},{"value":260,"repeats":6,"duration":4,"angle":0,"repeatDelay":8,"var":"p.x","time":171,"type":"ease","ease":"inOutSine"},{"value":140,"repeats":6,"duration":4,"angle":345,"repeatDelay":8,"var":"p.y","time":173,"type":"ease","ease":"inOutSine"},{"value":340,"repeats":6,"duration":4,"angle":0,"repeatDelay":8,"var":"p.x","time":175,"type":"ease","ease":"inOutSine"},{"value":220,"repeats":6,"duration":4,"angle":345,"repeatDelay":8,"var":"p.y","time":177,"type":"ease","ease":"inOutSine"},{"value":0,"repeats":16,"duration":2,"angle":30,"repeatDelay":4,"var":"vfx.canvPos.r","time":171,"type":"ease","ease":"inSine"},{"value":-5,"repeats":8,"duration":2,"angle":30,"repeatDelay":6,"var":"vfx.canvPos.r","time":173,"type":"ease","ease":"outSine"},{"angle":360,"type":"ease","value":300,"var":"p.x","time":229,"duration":1,"ease":"outSine"},{"angle":15,"type":"ease","value":180,"var":"p.y","time":229,"duration":1,"ease":"outSine"},{"angle":345,"type":"ease","value":1,"var":"vfx.canvPos.sx","time":229,"duration":1,"ease":"outSine"},{"angle":30,"type":"ease","value":0,"var":"vfx.canvPos.r","time":229,"duration":1,"ease":"outSine"},{"angle":330,"type":"ease","value":1,"var":"vfx.canvPos.sy","time":229,"duration":1,"ease":"outSine"},{"paddle":1,"type":"paddles","angle":270,"time":260,"newWidth":0,"duration":1,"ease":"outSine"},{"paddle":1,"type":"paddles","enabled":false,"angle":270,"time":261,"duration":0,"ease":"linear"},{"type":"paddles","newWidth":70,"duration":1,"paddle":1,"enabled":true,"time":263.5,"angle":270,"ease":"outSine"},{"angle":285,"type":"setColor","r":0,"g":255,"time":3.5,"color":1,"b":211},{"angle":300,"type":"setColor","r":0,"g":15,"time":3.5,"color":0,"b":29},{"angle":285,"type":"setColor","r":0,"g":255,"time":5,"color":0,"b":211},{"angle":300,"type":"setColor","r":0,"g":15,"time":5,"color":1,"b":29},{"angle":285,"type":"setColor","r":0,"g":255,"time":7.5,"color":1,"b":211},{"angle":300,"type":"setColor","r":0,"g":15,"time":7.5,"color":0,"b":29},{"angle":285,"type":"setColor","r":0,"g":255,"time":9,"color":0,"b":211},{"angle":300,"type":"setColor","r":0,"g":15,"time":9,"color":1,"b":29},{"angle":285,"type":"setColor","r":0,"g":255,"time":40,"color":1,"b":211},{"angle":300,"type":"setColor","r":0,"g":15,"time":40,"color":0,"b":29},{"angle":285,"type":"setColor","r":0,"g":255,"time":41,"color":0,"b":211},{"angle":300,"type":"setColor","r":0,"g":15,"time":41,"color":1,"b":29},{"angle":360,"type":"ease","value":2,"var":"vfx.canvPos.sx","time":40,"duration":0.5,"ease":"outSine"},{"angle":15,"type":"ease","value":2,"var":"vfx.canvPos.sy","time":40,"duration":0.5,"ease":"outSine"},{"angle":360,"type":"ease","value":1,"var":"vfx.canvPos.sx","time":40.5,"duration":0.5,"ease":"inSine"},{"angle":15,"type":"ease","value":1,"var":"vfx.canvPos.sy","time":40.5,"duration":0.5,"ease":"inSine"},{"angle":285,"type":"setColor","r":255,"g":255,"time":69,"color":1,"b":255},{"angle":300,"type":"setColor","r":0,"g":0,"b":0,"color":0,"time":69},{"type":"deco","id":"kyougen","ox":300,"oy":180,"angle":90,"sprite":"kyougen.png","time":72.75,"sx":1.2000000476837,"sy":1.2000000476837},{"type":"deco","id":"kyougen","duration":1,"angle":90,"sy":1,"time":73,"sx":1,"ease":"outSine"},{"angle":105,"type":"setColor","r":125,"g":80,"time":73,"color":5,"b":47},{"angle":120,"type":"setColor","r":108,"g":54,"b":32,"time":73,"color":7},{"angle":135,"type":"setColor","r":41,"g":21,"b":14,"time":73,"color":6},{"type":"deco","id":"kyougen","duration":2,"angle":90,"sy":2,"time":103,"sx":2,"ease":"outSine"},{"angle":330,"type":"setColor","r":0,"g":0,"time":101,"color":0,"b":0},{"angle":90,"type":"setColor","r":26,"g":26,"time":105,"color":0,"b":26},{"angle":270,"type":"forcePlayerSprite","spriteName":"none","time":69},{"angle":210,"type":"forcePlayerSprite","spriteName":"","time":73},{"angle":165,"type":"setColor","r":16,"g":6,"time":73,"color":0,"b":1},{"type":"deco","id":"light","hide":true,"ox":300,"oy":180,"angle":255,"sprite":"light.png","time":72.75,"sx":0,"sy":1},{"type":"deco","id":"light","hide":false,"drawLayer":"bg","duration":1,"angle":255,"ease":"outSine","time":73,"sx":1,"sy":1},{"angle":150,"type":"setColor","r":255,"g":215,"time":73,"color":2,"b":186},{"angle":180,"type":"setColor","r":16,"g":6,"time":73,"color":1,"b":1},{"enable":true,"type":"outline","time":73,"angle":195,"color":2},{"angle":225,"value":2,"time":73,"type":"ease","var":"p.fillColor"},{"angle":315,"type":"deco","id":"light","time":101,"hide":true},{"angle":345,"type":"setColor","r":255,"g":255,"time":101,"color":2,"b":255},{"angle":285,"value":0,"time":101,"type":"ease","var":"p.fillColor"},{"angle":255,"type":"setColor","r":255,"g":255,"time":101,"color":1,"b":255},{"enable":false,"type":"outline","time":101,"angle":240,"color":0},{"type":"deco","id":"hatsumei","ox":300,"oy":180,"angle":270,"sprite":"hatsumei.png","time":104.75,"sx":2,"sy":2},{"type":"deco","id":"hatsumei","duration":1,"angle":270,"sy":1.1000000238419,"time":105,"sx":1.1000000238419,"ease":"outSine"},{"angle":105,"type":"setColor","r":113,"g":35,"b":24,"time":105,"color":2},{"angle":120,"type":"setColor","r":34,"g":30,"b":28,"time":105,"color":3},{"angle":285,"type":"deco","id":"hatsumei","time":133,"hide":true},{"angle":300,"type":"setColor","r":0,"g":0,"time":133,"color":0,"b":0},{"angle":135,"type":"setColor","r":16,"g":13,"time":105,"color":4,"b":13},{"angle":165,"type":"outline","time":105,"enable":true,"color":0},{"angle":285,"type":"setColor","r":0,"g":255,"time":137,"color":1,"b":211},{"angle":300,"type":"setColor","r":0,"g":15,"time":137,"color":0,"b":29},{"type":"deco","id":"boom","x":300,"ox":300,"oy":180,"angle":90,"y":360,"hide":true,"sprite":"boom.png","time":120.75,"sx":0,"sy":0},{"drawLayer":"bg","id":"boom","x":300,"duration":1,"angle":90,"sy":1,"type":"deco","hide":false,"y":180,"time":121,"sx":1,"ease":"outBack"},{"angle":75,"type":"setColor","r":255,"g":110,"time":121,"color":6,"b":29},{"angle":60,"type":"setColor","r":255,"g":217,"time":121,"color":5,"b":137},{"angle":45,"type":"setColor","r":255,"g":255,"time":121,"color":0,"b":255},{"type":"setColor","r":38,"b":2,"duration":1,"angle":30,"order":1,"time":121,"g":2,"color":0},{"type":"deco","id":"boom","y":360,"duration":2,"angle":90,"sy":0,"time":123,"sx":0,"ease":"inBack"},{"drawLayer":"fg","id":"press1","x":70,"y":360,"oy":0,"angle":270,"ox":50,"type":"deco","sprite":"press.png","time":135.75,"sx":1.5,"sy":1.5},{"drawLayer":"fg","r":180,"x":70,"y":0,"oy":0,"angle":255,"id":"press2","ox":50,"sprite":"press.png","type":"deco","time":135.75,"sx":1.5,"sy":1.5},{"angle":270,"type":"deco","id":"press1","y":260,"time":136,"duration":1,"ease":"outSine"},{"drawLayer":"fg","id":"press2","duration":4,"angle":255,"type":"deco","time":137,"y":180,"ease":"outCirc"},{"angle":240,"type":"deco","id":"press2","y":290,"time":141,"duration":3,"ease":"inCirc"},{"drawLayer":"fg","id":"press3","x":200,"y":360,"oy":0,"angle":225,"ox":50,"type":"deco","sprite":"press.png","time":143.75,"sx":1.5,"sy":1.5},{"drawLayer":"fg","r":180,"x":200,"y":0,"oy":0,"angle":210,"id":"press4","ox":50,"sprite":"press.png","type":"deco","time":143.75,"sx":1.5,"sy":1.5},{"angle":225,"type":"deco","id":"press3","y":260,"time":144,"duration":1,"ease":"outSine"},{"angle":210,"type":"deco","id":"press4","y":180,"time":145,"duration":4,"ease":"outCirc"},{"angle":195,"type":"deco","id":"press4","y":290,"time":149,"duration":3,"ease":"inCirc"},{"angle":270,"drawLayer":"bg","id":"press1","time":153,"type":"deco"},{"angle":255,"drawLayer":"bg","id":"press2","time":153,"type":"deco"},{"angle":240,"drawLayer":"bg","id":"press3","time":153,"type":"deco"},{"angle":225,"drawLayer":"bg","id":"press4","time":153,"type":"deco"},{"angle":285,"type":"setColor","r":18,"g":38,"time":136,"color":6,"b":64},{"angle":300,"type":"setColor","r":42,"g":141,"time":136,"color":7,"b":192},{"angle":270,"type":"setColor","r":101,"g":192,"time":144,"color":0,"b":36},{"type":"setColor","r":0,"b":29,"duration":1,"angle":285,"g":15,"time":144,"color":0,"order":1},{"angle":285,"type":"setColor","r":101,"g":192,"time":152,"color":0,"b":36},{"type":"setColor","r":0,"b":29,"duration":1,"angle":300,"g":15,"time":152,"color":0,"order":1},{"drawLayer":"fg","id":"pressend1","x":70,"y":260,"oy":0,"angle":255,"ox":50,"type":"deco","sprite":"pressend.png","time":144,"sx":1.5,"sy":1.5},{"drawLayer":"fg","r":180,"x":70,"y":290,"oy":0,"angle":240,"id":"pressend2","ox":50,"sprite":"pressend.png","type":"deco","time":144,"sx":1.5,"sy":1.5},{"drawLayer":"fg","id":"pressend3","x":200,"y":260,"oy":0,"angle":225,"ox":50,"type":"deco","sprite":"pressend.png","time":152,"sx":1.5,"sy":1.5},{"drawLayer":"fg","r":180,"x":200,"y":290,"oy":0,"angle":210,"id":"pressend4","ox":50,"sprite":"pressend.png","type":"deco","time":152,"sx":1.5,"sy":1.5},{"angle":330,"drawLayer":"bg","id":"pressend1","time":153,"type":"deco"},{"angle":315,"drawLayer":"bg","id":"pressend2","time":153,"type":"deco"},{"angle":300,"drawLayer":"bg","id":"pressend3","time":153,"type":"deco"},{"angle":285,"drawLayer":"bg","id":"pressend4","time":153,"type":"deco"},{"paddle":0,"type":"paddles","enabled":false,"angle":180,"time":144.05554199219,"duration":0,"ease":"linear"},{"paddle":1,"type":"paddles","enabled":true,"angle":180,"time":144.98889160156,"duration":0,"ease":"linear"},{"paddle":0,"type":"paddles","enabled":false,"angle":180,"time":152.05554199219,"duration":0,"ease":"linear"},{"paddle":1,"type":"paddles","enabled":true,"angle":180,"time":152.98889160156,"duration":0,"ease":"linear"},{"drawLayer":"bg","id":"screen","drawOrder":-1,"type":"deco","ox":300,"oy":180,"angle":120,"sprite":"screen.png","time":137,"sx":0.75,"sy":0.75},{"type":"deco","id":"c1","ox":75,"oy":75,"angle":45,"sprite":"c1.png","time":137,"drawLayer":"bg"},{"angle":165,"type":"setColor","r":113,"g":181,"time":137,"color":4,"b":249},{"angle":150,"type":"setColor","r":185,"g":255,"time":137,"color":5,"b":251},{"angle":165,"type":"setColor","r":113,"g":181,"time":138,"color":5,"b":249},{"angle":150,"type":"setColor","r":185,"g":255,"time":138,"color":4,"b":251},{"angle":165,"type":"setColor","r":113,"g":181,"time":139,"color":4,"b":249},{"angle":150,"type":"setColor","r":185,"g":255,"time":139,"color":5,"b":251},{"angle":165,"type":"setColor","r":113,"g":181,"time":140,"color":5,"b":249},{"angle":150,"type":"setColor","r":185,"g":255,"time":140,"color":4,"b":251},{"angle":165,"type":"setColor","r":113,"g":181,"time":141,"color":4,"b":249},{"angle":150,"type":"setColor","r":185,"g":255,"time":141,"color":5,"b":251},{"angle":165,"type":"setColor","r":113,"g":181,"time":142,"color":5,"b":249},{"angle":150,"type":"setColor","r":185,"g":255,"time":142,"color":4,"b":251},{"angle":165,"type":"setColor","r":113,"g":181,"time":143,"color":4,"b":249},{"angle":150,"type":"setColor","r":185,"g":255,"time":143,"color":5,"b":251},{"angle":165,"type":"setColor","r":113,"g":181,"time":144,"color":5,"b":249},{"angle":150,"type":"setColor","r":185,"g":255,"time":144,"color":4,"b":251},{"angle":165,"type":"setColor","r":113,"g":181,"time":145,"color":4,"b":249},{"angle":150,"type":"setColor","r":185,"g":255,"time":145,"color":5,"b":251},{"angle":165,"type":"setColor","r":113,"g":181,"time":146,"color":5,"b":249},{"angle":150,"type":"setColor","r":185,"g":255,"time":146,"color":4,"b":251},{"angle":165,"type":"setColor","r":113,"g":181,"time":147,"color":4,"b":249},{"angle":150,"type":"setColor","r":185,"g":255,"time":147,"color":5,"b":251},{"angle":165,"type":"setColor","r":113,"g":181,"time":148,"color":5,"b":249},{"angle":150,"type":"setColor","r":185,"g":255,"time":148,"color":4,"b":251},{"angle":165,"type":"setColor","r":113,"g":181,"time":149,"color":4,"b":249},{"angle":150,"type":"setColor","r":185,"g":255,"time":149,"color":5,"b":251},{"angle":165,"type":"setColor","r":113,"g":181,"time":150,"color":5,"b":249},{"angle":150,"type":"setColor","r":185,"g":255,"time":150,"color":4,"b":251},{"angle":165,"type":"setColor","r":113,"g":181,"time":151,"color":4,"b":249},{"angle":150,"type":"setColor","r":185,"g":255,"time":151,"color":5,"b":251},{"angle":165,"type":"setColor","r":113,"g":181,"time":152,"color":5,"b":249},{"angle":150,"type":"setColor","r":185,"g":255,"time":152,"color":4,"b":251},{"angle":330,"type":"deco","id":"c1","time":145,"hide":true},{"drawLayer":"bg","id":"X","drawOrder":1,"ox":300,"oy":180,"angle":315,"sprite":"X.png","type":"deco","recolor":-1,"time":142.5,"sx":0.75,"sy":0.75},{"angle":315,"type":"deco","id":"X","time":142.75,"hide":true},{"angle":180,"type":"setColor","r":255,"g":255,"time":141,"color":2,"b":255},{"type":"deco","id":"X","hide":false,"ox":300,"oy":180,"angle":315,"sprite":"X.png","recolor":-1,"time":143,"sx":0.75,"sy":0.75},{"angle":315,"type":"deco","id":"X","time":143.25,"hide":true},{"type":"deco","id":"X","hide":false,"ox":300,"oy":180,"angle":315,"sprite":"X.png","recolor":-1,"time":143.5,"sx":0.75,"sy":0.75},{"angle":315,"type":"deco","id":"X","time":143.75,"hide":true},{"type":"deco","id":"X","hide":false,"ox":300,"oy":180,"angle":315,"sprite":"X.png","recolor":-1,"time":144,"sx":0.75,"sy":0.75},{"angle":315,"type":"deco","id":"X","time":145,"hide":true},{"type":"deco","id":"X","drawOrder":1,"ox":300,"oy":180,"angle":315,"hide":false,"drawLayer":"bg","recolor":-1,"sprite":"X.png","time":150.5,"sx":0.75,"sy":0.75},{"angle":315,"type":"deco","id":"X","time":150.75,"hide":true},{"type":"deco","id":"X","drawOrder":1,"ox":300,"oy":180,"angle":315,"hide":false,"drawLayer":"bg","recolor":-1,"sprite":"X.png","time":151,"sx":0.75,"sy":0.75},{"angle":315,"type":"deco","id":"X","time":151.25,"hide":true},{"type":"deco","id":"X","drawOrder":1,"ox":300,"oy":180,"angle":315,"hide":false,"drawLayer":"bg","recolor":-1,"sprite":"X.png","time":151.5,"sx":0.75,"sy":0.75},{"angle":315,"type":"deco","id":"X","time":151.75,"hide":true},{"type":"deco","id":"X","drawOrder":1,"ox":300,"oy":180,"angle":315,"hide":false,"drawLayer":"bg","recolor":-1,"sprite":"X.png","time":152,"sx":0.75,"sy":0.75},{"angle":345,"type":"deco","id":"X","time":153,"hide":true},{"type":"deco","id":"c2","ox":75,"oy":75,"angle":345,"sprite":"c2.png","time":145,"drawLayer":"bg"},{"angle":195,"type":"deco","id":"c2","time":153,"hide":true},{"type":"deco","id":"r1","ox":11.5,"y":400,"oy":3,"angle":270,"sprite":"r1.png","time":71.75,"sx":8,"sy":8},{"angle":270,"type":"deco","id":"r1","y":260,"time":72,"duration":1,"ease":"outCirc"},{"angle":270,"type":"deco","id":"r1","y":400,"time":73,"duration":0.5,"ease":"inSine"},{"angle":225,"type":"forcePlayerSprite","spriteName":"none","time":101},{"angle":30,"type":"forcePlayerSprite","spriteName":"","time":105},{"type":"deco","id":"r2","ox":11.5,"y":400,"oy":3,"angle":255,"sprite":"r2.png","time":103.75,"sx":8,"sy":8},{"angle":255,"type":"deco","id":"r2","y":260,"time":104,"duration":1,"ease":"outCirc"},{"angle":255,"type":"deco","id":"r2","duration":0.5,"time":105,"y":400,"ease":"inSine"},{"type":"deco","id":"r3","ox":11.5,"y":400,"oy":3,"angle":270,"sprite":"r3.png","time":231.75,"sx":8,"sy":8},{"angle":270,"type":"deco","id":"r3","y":260,"time":232,"duration":1,"ease":"outCirc"},{"angle":270,"type":"deco","id":"r3","y":400,"time":233,"duration":0.5,"ease":"inSine"},{"type":"deco","id":"r4","ox":11.5,"y":400,"oy":3,"angle":270,"sprite":"r4.png","time":263.75,"sx":8,"sy":8},{"angle":270,"type":"deco","id":"r4","y":260,"time":264,"duration":1,"ease":"outCirc"},{"angle":270,"type":"deco","id":"r4","y":400,"time":265,"duration":0.5,"ease":"inSine"},{"angle":315,"type":"forcePlayerSprite","spriteName":"none","time":133},{"angle":315,"type":"forcePlayerSprite","spriteName":"","time":136},{"angle":15,"type":"forcePlayerSprite","spriteName":"angry","time":265},{"angle":15,"type":"forcePlayerSprite","spriteName":"none","time":261},{"type":"setColor","r":0,"b":211,"duration":1,"angle":285,"g":255,"time":169,"color":0,"order":1},{"angle":300,"type":"setColor","r":0,"g":15,"time":169,"color":1,"b":29},{"angle":285,"type":"setColor","r":255,"g":255,"time":229,"color":1,"b":255},{"angle":300,"type":"setColor","r":0,"g":0,"time":229,"color":0,"b":0},{"type":"deco","id":"kyuu","ox":300,"oy":180,"angle":0,"sprite":"kyuu.png","time":232.75,"sx":2,"sy":2},{"type":"deco","id":"kyuu","duration":1,"angle":0,"sy":1,"time":233,"sx":1,"ease":"outSine"},{"angle":345,"type":"setColor","r":255,"g":249,"time":233,"color":2,"b":185},{"angle":330,"type":"setColor","r":255,"g":214,"b":145,"time":233,"color":3},{"angle":315,"type":"setColor","r":130,"g":89,"b":32,"time":233,"color":4},{"angle":300,"type":"setColor","r":22,"g":22,"b":33,"time":233,"color":0},{"angle":270,"type":"setColor","r":0,"g":0,"time":257,"color":0,"b":0},{"angle":300,"type":"deco","id":"kyuu","time":257,"hide":true},{"drawLayer":"bg","id":"window1","type":"deco","x":100,"ox":45,"oy":75,"angle":15,"sprite":"window.png","time":233,"sx":1.7999999523163,"sy":1.7999999523163},{"angle":285,"type":"setColor","r":0,"g":0,"time":233,"color":5,"b":0},{"drawLayer":"bg","id":"window2","type":"deco","x":500,"ox":45,"oy":75,"angle":30,"sprite":"window.png","time":233,"sx":1.7999999523163,"sy":1.7999999523163},{"drawLayer":"bg","id":"cross","type":"deco","x":297,"ox":45,"oy":75,"angle":45,"sprite":"cross.png","time":233,"sx":2,"sy":2},{"angle":255,"type":"setColor","r":255,"g":53,"time":233,"color":6,"b":0},{"angle":240,"type":"setColor","r":44,"g":2,"b":2,"time":233,"color":7},{"angle":15,"type":"deco","id":"window1","time":257,"hide":true},{"angle":30,"type":"deco","id":"window2","time":257,"hide":true},{"angle":45,"type":"deco","id":"cross","time":257,"hide":true},{"angle":210,"type":"setColor","r":0,"g":0,"time":165,"color":0,"b":0},{"angle":150,"type":"forcePlayerSprite","spriteName":"","time":169},{"angle":315,"type":"setColor","r":255,"g":255,"time":169,"color":0,"b":255},{"angle":270,"type":"forcePlayerSprite","spriteName":"none","time":229},{"angle":225,"type":"forcePlayerSprite","spriteName":"","time":233},{"angle":180,"type":"forcePlayerSprite","spriteName":"none","time":3.5},{"angle":180,"type":"forcePlayerSprite","spriteName":"","time":5},{"angle":180,"type":"forcePlayerSprite","spriteName":"none","time":7.5},{"angle":180,"type":"forcePlayerSprite","spriteName":"","time":9},{"type":"deco","id":"rays","recolor":2,"ox":300,"oy":300,"angle":330,"hide":true,"drawLayer":"bg","sprite":"rays.png","time":168.75,"sx":1.2000000476837,"sy":1.2000000476837},{"angle":330,"type":"deco","id":"rays","hide":false,"time":169,"duration":62,"r":360},{"angle":45,"type":"deco","id":"rays","time":229,"hide":true},{"paddle":1,"type":"paddles","angle":90,"time":292,"newWidth":0,"duration":0.5,"ease":"outQuad"},{"paddle":0,"type":"paddles","enabled":false,"angle":90,"time":292.5,"duration":0,"ease":"linear"},{"angle":285,"type":"forcePlayerSprite","spriteName":"none","time":293},{"angle":270,"type":"forcePlayerSprite","spriteName":"","time":297},{"angle":255,"type":"deco","sprite":"pressend.png","id":"pressend1","time":297,"hide":false,"drawLayer":"fg"},{"angle":240,"type":"deco","sprite":"pressend.png","id":"pressend2","time":297,"hide":false,"drawLayer":"fg"},{"angle":225,"type":"deco","sprite":"pressend.png","id":"pressend3","time":297,"hide":false,"drawLayer":"fg"},{"angle":210,"type":"deco","sprite":"pressend.png","id":"pressend4","time":297,"hide":false,"drawLayer":"fg"},{"angle":360,"value":390,"time":297,"type":"ease","var":"p.x"},{"angle":15,"value":250,"time":297,"type":"ease","var":"p.y"},{"type":"paddles","newWidth":360,"duration":1,"paddle":1,"enabled":true,"time":296,"angle":90,"ease":"inCirc"},{"paddle":1,"type":"paddles","angle":105,"time":297,"newWidth":70,"duration":4,"ease":"outCirc"},{"angle":360,"value":520,"time":305,"type":"ease","var":"p.x"},{"angle":15,"value":250,"time":305,"type":"ease","var":"p.y"},{"drawLayer":"fg","id":"press5","x":390,"y":360,"oy":0,"angle":195,"ox":50,"type":"deco","sprite":"press.png","time":295.75,"sx":1.5,"sy":1.5},{"drawLayer":"fg","r":180,"x":390,"y":0,"oy":0,"angle":180,"id":"press6","ox":50,"sprite":"press.png","type":"deco","time":295.75,"sx":1.5,"sy":1.5},{"angle":195,"type":"deco","id":"press5","y":260,"time":296,"duration":1,"ease":"outSine"},{"drawLayer":"fg","id":"press6","duration":4,"angle":180,"type":"deco","time":297,"y":180,"ease":"outCirc"},{"angle":300,"drawLayer":"bg","id":"screen","type":"deco","time":297,"hide":false},{"angle":180,"type":"deco","id":"press6","y":290,"time":301,"duration":3,"ease":"inCirc"},{"drawLayer":"fg","id":"press7","x":520,"y":360,"oy":0,"angle":165,"ox":50,"type":"deco","sprite":"press.png","time":303.75,"sx":1.5,"sy":1.5},{"drawLayer":"fg","r":180,"x":520,"y":0,"oy":0,"angle":150,"id":"press8","ox":50,"sprite":"press.png","type":"deco","time":303.75,"sx":1.5,"sy":1.5},{"angle":165,"type":"deco","id":"press7","y":260,"time":304,"duration":1,"ease":"outSine"},{"angle":150,"type":"deco","id":"press8","y":180,"time":305,"duration":4,"ease":"outCirc"},{"angle":150,"type":"deco","id":"press8","y":290,"time":309,"duration":3,"ease":"inCirc"},{"angle":210,"drawLayer":"bg","id":"press1","time":313,"type":"deco"},{"angle":195,"drawLayer":"bg","id":"press2","time":313,"type":"deco"},{"angle":180,"drawLayer":"bg","id":"press3","time":313,"type":"deco"},{"angle":165,"drawLayer":"bg","id":"press4","time":313,"type":"deco"},{"drawLayer":"fg","id":"pressend5","x":390,"y":260,"oy":0,"angle":195,"ox":50,"type":"deco","sprite":"pressend.png","time":304,"sx":1.5,"sy":1.5},{"drawLayer":"fg","r":180,"x":390,"y":290,"oy":0,"angle":180,"id":"pressend6","ox":50,"sprite":"pressend.png","type":"deco","time":304,"sx":1.5,"sy":1.5},{"drawLayer":"fg","id":"pressend7","x":520,"y":260,"oy":0,"angle":165,"ox":50,"type":"deco","sprite":"pressend.png","time":312,"sx":1.5,"sy":1.5},{"drawLayer":"fg","r":180,"x":520,"y":290,"oy":0,"angle":150,"id":"pressend8","ox":50,"sprite":"pressend.png","type":"deco","time":312,"sx":1.5,"sy":1.5},{"angle":270,"drawLayer":"bg","id":"pressend1","time":313,"type":"deco"},{"angle":255,"drawLayer":"bg","id":"pressend2","time":313,"type":"deco"},{"angle":240,"drawLayer":"bg","id":"pressend3","time":313,"type":"deco"},{"angle":225,"drawLayer":"bg","id":"pressend4","time":313,"type":"deco"},{"angle":150,"drawLayer":"bg","id":"screen","time":313,"type":"deco"},{"drawLayer":"bg","id":"X","drawOrder":1,"ox":300,"oy":180,"angle":255,"sprite":"X.png","type":"deco","recolor":-1,"time":302.5,"sx":0.75,"sy":0.75},{"angle":255,"type":"deco","id":"X","time":302.75,"hide":true},{"type":"deco","id":"X","hide":false,"ox":300,"oy":180,"angle":255,"sprite":"X.png","recolor":-1,"time":303,"sx":0.75,"sy":0.75},{"angle":255,"type":"deco","id":"X","time":303.25,"hide":true},{"type":"deco","id":"X","hide":false,"ox":300,"oy":180,"angle":255,"sprite":"X.png","recolor":-1,"time":303.5,"sx":0.75,"sy":0.75},{"angle":255,"type":"deco","id":"X","time":303.75,"hide":true},{"type":"deco","id":"X","hide":false,"ox":300,"oy":180,"angle":255,"sprite":"X.png","recolor":-1,"time":304,"sx":0.75,"sy":0.75},{"angle":255,"type":"deco","id":"X","time":305,"hide":true},{"type":"deco","id":"X","drawOrder":1,"ox":300,"oy":180,"angle":255,"hide":false,"drawLayer":"bg","recolor":-1,"sprite":"X.png","time":310.5,"sx":0.75,"sy":0.75},{"angle":255,"type":"deco","id":"X","time":310.75,"hide":true},{"type":"deco","id":"X","drawOrder":1,"ox":300,"oy":180,"angle":255,"hide":false,"drawLayer":"bg","recolor":-1,"sprite":"X.png","time":311,"sx":0.75,"sy":0.75},{"angle":255,"type":"deco","id":"X","time":311.25,"hide":true},{"type":"deco","id":"X","drawOrder":1,"ox":300,"oy":180,"angle":255,"hide":false,"drawLayer":"bg","recolor":-1,"sprite":"X.png","time":311.5,"sx":0.75,"sy":0.75},{"angle":255,"type":"deco","id":"X","time":311.75,"hide":true},{"type":"deco","id":"X","drawOrder":1,"ox":300,"oy":180,"angle":255,"hide":false,"drawLayer":"bg","recolor":-1,"sprite":"X.png","time":312,"sx":0.75,"sy":0.75},{"angle":285,"type":"deco","id":"X","time":313,"hide":true},{"angle":390,"drawLayer":"bg","id":"press8","time":313,"type":"deco"},{"angle":375,"drawLayer":"bg","id":"press7","time":313,"type":"deco"},{"angle":360,"drawLayer":"bg","id":"press6","time":313,"type":"deco"},{"angle":345,"drawLayer":"bg","id":"press5","time":313,"type":"deco"},{"angle":450,"drawLayer":"bg","id":"pressend8","time":313,"type":"deco"},{"angle":435,"drawLayer":"bg","id":"pressend7","time":313,"type":"deco"},{"angle":420,"drawLayer":"bg","id":"pressend6","time":313,"type":"deco"},{"angle":405,"drawLayer":"bg","id":"pressend5","time":313,"type":"deco"},{"angle":285,"type":"setColor","r":0,"g":255,"time":297,"color":1,"b":211},{"angle":300,"type":"setColor","r":0,"g":15,"time":297,"color":0,"b":29},{"angle":285,"type":"setColor","r":18,"g":38,"time":296,"color":6,"b":64},{"angle":300,"type":"setColor","r":42,"g":141,"time":296,"color":7,"b":192},{"angle":270,"type":"setColor","r":101,"g":192,"time":304,"color":0,"b":36},{"type":"setColor","r":0,"b":29,"duration":1,"angle":285,"g":15,"time":304,"color":0,"order":1},{"angle":285,"type":"setColor","r":101,"g":192,"time":312,"color":0,"b":36},{"type":"setColor","r":0,"b":29,"duration":1,"angle":300,"g":15,"time":312,"color":0,"order":1},{"angle":165,"type":"setColor","r":113,"g":181,"time":297,"color":4,"b":249},{"angle":150,"type":"setColor","r":185,"g":255,"time":297,"color":5,"b":251},{"angle":165,"type":"setColor","r":113,"g":181,"time":298,"color":5,"b":249},{"angle":150,"type":"setColor","r":185,"g":255,"time":298,"color":4,"b":251},{"angle":165,"type":"setColor","r":113,"g":181,"time":299,"color":4,"b":249},{"angle":150,"type":"setColor","r":185,"g":255,"time":299,"color":5,"b":251},{"angle":165,"type":"setColor","r":113,"g":181,"time":300,"color":5,"b":249},{"angle":150,"type":"setColor","r":185,"g":255,"time":300,"color":4,"b":251},{"angle":165,"type":"setColor","r":113,"g":181,"time":301,"color":4,"b":249},{"angle":150,"type":"setColor","r":185,"g":255,"time":301,"color":5,"b":251},{"angle":165,"type":"setColor","r":113,"g":181,"time":302,"color":5,"b":249},{"angle":150,"type":"setColor","r":185,"g":255,"time":302,"color":4,"b":251},{"angle":165,"type":"setColor","r":113,"g":181,"time":303,"color":4,"b":249},{"angle":150,"type":"setColor","r":185,"g":255,"time":303,"color":5,"b":251},{"angle":165,"type":"setColor","r":113,"g":181,"time":304,"color":5,"b":249},{"angle":150,"type":"setColor","r":185,"g":255,"time":304,"color":4,"b":251},{"angle":165,"type":"setColor","r":113,"g":181,"time":305,"color":4,"b":249},{"angle":150,"type":"setColor","r":185,"g":255,"time":305,"color":5,"b":251},{"angle":165,"type":"setColor","r":113,"g":181,"time":306,"color":5,"b":249},{"angle":150,"type":"setColor","r":185,"g":255,"time":306,"color":4,"b":251},{"angle":165,"type":"setColor","r":113,"g":181,"time":307,"color":4,"b":249},{"angle":150,"type":"setColor","r":185,"g":255,"time":307,"color":5,"b":251},{"angle":165,"type":"setColor","r":113,"g":181,"time":308,"color":5,"b":249},{"angle":150,"type":"setColor","r":185,"g":255,"time":308,"color":4,"b":251},{"angle":165,"type":"setColor","r":113,"g":181,"time":309,"color":4,"b":249},{"angle":150,"type":"setColor","r":185,"g":255,"time":309,"color":5,"b":251},{"angle":165,"type":"setColor","r":113,"g":181,"time":310,"color":5,"b":249},{"angle":150,"type":"setColor","r":185,"g":255,"time":310,"color":4,"b":251},{"angle":165,"type":"setColor","r":113,"g":181,"time":311,"color":4,"b":249},{"angle":150,"type":"setColor","r":185,"g":255,"time":311,"color":5,"b":251},{"angle":165,"type":"setColor","r":113,"g":181,"time":312,"color":5,"b":249},{"angle":150,"type":"setColor","r":185,"g":255,"time":312,"color":4,"b":251},{"angle":180,"type":"setColor","r":255,"g":255,"time":301,"color":2,"b":255},{"angle":315,"type":"setColor","r":34,"g":30,"time":296,"color":3,"b":28},{"angle":-45,"value":300,"time":313,"type":"ease","var":"p.x"},{"angle":-30,"value":180,"time":313,"type":"ease","var":"p.y"},{"type":"deco","id":"c3","ox":75,"oy":75,"angle":-45,"sprite":"c3.png","time":297,"drawLayer":"bg"},{"type":"deco","id":"c4","ox":75,"oy":75,"angle":-60,"sprite":"c4.png","time":305,"drawLayer":"bg"},{"angle":-45,"type":"deco","id":"c3","time":305,"hide":true},{"angle":105,"type":"deco","id":"c4","time":313,"hide":true},{"type":"deco","id":"kagumei","ox":300,"oy":180,"angle":285,"sprite":"kagumei.png","time":264.75,"sx":2,"sy":2},{"type":"deco","id":"kagumei","duration":1,"angle":285,"sy":1,"time":265,"sx":1,"ease":"outSine"},{"angle":300,"type":"setColor","r":65,"g":34,"b":29,"time":265,"color":2},{"angle":315,"type":"setColor","r":171,"g":83,"time":265,"color":3,"b":81},{"angle":330,"type":"setColor","r":255,"g":172,"b":172,"time":265,"color":4},{"angle":255,"type":"setColor","r":45,"g":8,"b":8,"time":265,"color":0},{"angle":300,"type":"setColor","r":0,"g":0,"time":293,"color":0,"b":0},{"angle":315,"type":"deco","id":"kagumei","time":293,"hide":true},{"angle":165,"type":"setColor","r":113,"g":181,"time":153,"color":4,"b":249},{"angle":150,"type":"setColor","r":185,"g":255,"time":153,"color":5,"b":251},{"angle":165,"type":"setColor","r":113,"g":181,"time":154,"color":5,"b":249},{"angle":150,"type":"setColor","r":185,"g":255,"time":154,"color":4,"b":251},{"angle":165,"type":"setColor","r":113,"g":181,"time":155,"color":4,"b":249},{"angle":150,"type":"setColor","r":185,"g":255,"time":155,"color":5,"b":251},{"angle":165,"type":"setColor","r":113,"g":181,"time":156,"color":5,"b":249},{"angle":150,"type":"setColor","r":185,"g":255,"time":156,"color":4,"b":251},{"angle":165,"type":"setColor","r":113,"g":181,"time":157,"color":4,"b":249},{"angle":150,"type":"setColor","r":185,"g":255,"time":157,"color":5,"b":251},{"angle":165,"type":"setColor","r":113,"g":181,"time":158,"color":5,"b":249},{"angle":150,"type":"setColor","r":185,"g":255,"time":158,"color":4,"b":251},{"angle":165,"type":"setColor","r":113,"g":181,"time":159,"color":4,"b":249},{"angle":150,"type":"setColor","r":185,"g":255,"time":159,"color":5,"b":251},{"angle":165,"type":"setColor","r":113,"g":181,"time":160,"color":5,"b":249},{"angle":150,"type":"setColor","r":185,"g":255,"time":160,"color":4,"b":251},{"angle":165,"type":"setColor","r":113,"g":181,"time":161,"color":4,"b":249},{"angle":150,"type":"setColor","r":185,"g":255,"time":161,"color":5,"b":251},{"angle":165,"type":"setColor","r":113,"g":181,"time":162,"color":5,"b":249},{"angle":150,"type":"setColor","r":185,"g":255,"time":162,"color":4,"b":251},{"angle":165,"type":"setColor","r":113,"g":181,"time":163,"color":4,"b":249},{"angle":150,"type":"setColor","r":185,"g":255,"time":163,"color":5,"b":251},{"angle":165,"type":"setColor","r":113,"g":181,"time":164,"color":5,"b":249},{"angle":150,"type":"setColor","r":185,"g":255,"time":164,"color":4,"b":251},{"angle":330,"type":"deco","id":"press1","time":165,"hide":true},{"angle":315,"type":"deco","id":"press2","time":165,"hide":true},{"angle":300,"type":"deco","id":"press3","time":165,"hide":true},{"angle":285,"type":"deco","id":"press4","time":165,"hide":true},{"angle":390,"type":"deco","id":"pressend1","time":165,"hide":true},{"angle":375,"type":"deco","id":"pressend2","time":165,"hide":true},{"angle":360,"type":"deco","id":"pressend3","time":165,"hide":true},{"angle":345,"type":"deco","id":"pressend4","time":165,"hide":true},{"angle":405,"type":"deco","id":"X","time":165,"hide":true},{"angle":270,"type":"forcePlayerSprite","spriteName":"none","time":165},{"angle":255,"type":"deco","id":"screen","time":165,"hide":true},{"angle":165,"type":"setColor","r":113,"g":181,"time":313,"color":4,"b":249},{"angle":150,"type":"setColor","r":185,"g":255,"time":313,"color":5,"b":251},{"angle":165,"type":"setColor","r":113,"g":181,"time":314,"color":5,"b":249},{"angle":150,"type":"setColor","r":185,"g":255,"time":314,"color":4,"b":251},{"angle":165,"type":"setColor","r":113,"g":181,"time":315,"color":4,"b":249},{"angle":150,"type":"setColor","r":185,"g":255,"time":315,"color":5,"b":251},{"angle":165,"type":"setColor","r":113,"g":181,"time":316,"color":5,"b":249},{"angle":150,"type":"setColor","r":185,"g":255,"time":316,"color":4,"b":251},{"angle":165,"type":"setColor","r":113,"g":181,"time":317,"color":4,"b":249},{"angle":150,"type":"setColor","r":185,"g":255,"time":317,"color":5,"b":251},{"angle":165,"type":"setColor","r":113,"g":181,"time":318,"color":5,"b":249},{"angle":150,"type":"setColor","r":185,"g":255,"time":318,"color":4,"b":251},{"angle":165,"type":"setColor","r":113,"g":181,"time":319,"color":4,"b":249},{"angle":150,"type":"setColor","r":185,"g":255,"time":319,"color":5,"b":251},{"angle":165,"type":"setColor","r":113,"g":181,"time":320,"color":5,"b":249},{"angle":150,"type":"setColor","r":185,"g":255,"time":320,"color":4,"b":251},{"angle":165,"type":"setColor","r":113,"g":181,"time":321,"color":4,"b":249},{"angle":150,"type":"setColor","r":185,"g":255,"time":321,"color":5,"b":251},{"angle":165,"type":"setColor","r":113,"g":181,"time":322,"color":5,"b":249},{"angle":150,"type":"setColor","r":185,"g":255,"time":322,"color":4,"b":251},{"angle":165,"type":"setColor","r":113,"g":181,"time":323,"color":4,"b":249},{"angle":150,"type":"setColor","r":185,"g":255,"time":323,"color":5,"b":251},{"angle":165,"type":"setColor","r":113,"g":181,"time":324,"color":5,"b":249},{"angle":150,"type":"setColor","r":185,"g":255,"time":324,"color":4,"b":251},{"angle":210,"drawLayer":"bg","id":"press1","type":"deco","time":325,"hide":true},{"angle":195,"drawLayer":"bg","id":"press2","type":"deco","time":325,"hide":true},{"angle":180,"drawLayer":"bg","id":"press3","type":"deco","time":325,"hide":true},{"angle":165,"drawLayer":"bg","id":"press4","type":"deco","time":325,"hide":true},{"angle":270,"drawLayer":"bg","id":"pressend1","type":"deco","time":325,"hide":true},{"angle":255,"drawLayer":"bg","id":"pressend2","type":"deco","time":325,"hide":true},{"angle":240,"drawLayer":"bg","id":"pressend3","type":"deco","time":325,"hide":true},{"angle":225,"drawLayer":"bg","id":"pressend4","type":"deco","time":325,"hide":true},{"angle":150,"drawLayer":"bg","id":"screen","type":"deco","time":325,"hide":true},{"angle":285,"type":"deco","id":"X","time":325,"hide":true},{"angle":390,"drawLayer":"bg","id":"press8","type":"deco","time":325,"hide":true},{"angle":375,"drawLayer":"bg","id":"press7","type":"deco","time":325,"hide":true},{"angle":360,"drawLayer":"bg","id":"press6","type":"deco","time":325,"hide":true},{"angle":345,"drawLayer":"bg","id":"press5","type":"deco","time":325,"hide":true},{"angle":450,"drawLayer":"bg","id":"pressend8","type":"deco","time":325,"hide":true},{"angle":435,"drawLayer":"bg","id":"pressend7","type":"deco","time":325,"hide":true},{"angle":420,"drawLayer":"bg","id":"pressend6","type":"deco","time":325,"hide":true},{"angle":405,"drawLayer":"bg","id":"pressend5","type":"deco","time":325,"hide":true},{"angle":105,"type":"deco","id":"c4","time":325,"hide":true},{"angle":300,"type":"forcePlayerSprite","spriteName":"none","time":325},{"angle":315,"type":"setColor","r":0,"g":0,"time":325,"color":0,"b":0},{"paddle":1,"type":"paddles","angle":90,"time":312,"newWidth":360,"duration":1,"ease":"inCirc"},{"paddle":1,"type":"paddles","angle":135,"time":313,"newWidth":70,"duration":2,"ease":"outCirc"},{"angle":135,"value":0.75000023841858,"time":325,"type":"ease","var":"scrollSpeed"},{"angle":90,"value":1,"time":329,"type":"ease","var":"scrollSpeed"},{"angle":45,"value":1.2999997138977,"time":329,"type":"ease","var":"scrollSpeed"},{"angle":315,"type":"ease","value":1.0999999046326,"var":"vfx.canvPos.sx","time":329,"duration":1,"ease":"outSine"},{"angle":-30,"type":"ease","value":1.0999999046326,"var":"vfx.canvPos.sy","time":329,"duration":1,"ease":"outSine"},{"type":"ease","value":5,"duration":2,"angle":-15,"repeatDelay":6,"var":"vfx.canvPos.r","time":329,"repeats":8,"ease":"outSine"},{"type":"ease","value":260,"duration":4,"angle":-45,"repeatDelay":8,"var":"p.x","time":331,"repeats":6,"ease":"inOutSine"},{"type":"ease","value":140,"duration":4,"angle":300,"repeatDelay":8,"var":"p.y","time":333,"repeats":6,"ease":"inOutSine"},{"type":"ease","value":340,"duration":4,"angle":-45,"repeatDelay":8,"var":"p.x","time":335,"repeats":6,"ease":"inOutSine"},{"type":"ease","value":220,"duration":4,"angle":300,"repeatDelay":8,"var":"p.y","time":337,"repeats":6,"ease":"inOutSine"},{"type":"ease","value":0,"duration":2,"angle":-15,"repeatDelay":4,"var":"vfx.canvPos.r","time":331,"repeats":16,"ease":"inSine"},{"type":"ease","value":-5,"duration":2,"angle":-15,"repeatDelay":6,"var":"vfx.canvPos.r","time":333,"repeats":8,"ease":"outSine"},{"type":"setColor","r":0,"b":211,"duration":1,"angle":240,"g":255,"time":329,"color":0,"order":1},{"angle":255,"type":"setColor","r":0,"g":15,"time":329,"color":1,"b":29},{"angle":105,"type":"forcePlayerSprite","spriteName":"","time":329},{"angle":270,"type":"setColor","r":255,"g":255,"time":329,"color":0,"b":255},{"angle":285,"type":"deco","id":"rays","hide":false,"time":329,"duration":62,"r":360},{"angleOffset":false,"type":"tag","time":328.5,"angle":330,"tag":"circstart"},{"angle":360,"type":"ease","value":300,"var":"p.x","time":389,"duration":1,"ease":"outSine"},{"angle":15,"type":"ease","value":180,"var":"p.y","time":389,"duration":1,"ease":"outSine"},{"angle":345,"type":"ease","value":1,"var":"vfx.canvPos.sx","time":389,"duration":1,"ease":"outSine"},{"angle":30,"type":"ease","value":0,"var":"vfx.canvPos.r","time":389,"duration":1,"ease":"outSine"},{"angle":330,"type":"ease","value":1,"var":"vfx.canvPos.sy","time":389,"duration":1,"ease":"outSine"},{"angle":285,"type":"setColor","r":255,"g":255,"time":389,"color":1,"b":255},{"angle":300,"type":"setColor","r":0,"g":0,"time":389,"color":0,"b":0},{"angle":270,"type":"forcePlayerSprite","spriteName":"none","time":389},{"angle":45,"type":"deco","id":"rays","time":389,"hide":true},{"type":"deco","id":"r1","ox":11.5,"y":400,"oy":3,"angle":270,"sprite":"r1.png","time":390.75,"sx":8,"sy":8},{"angle":270,"type":"deco","id":"r1","time":391,"y":260},{"angle":270,"type":"deco","id":"r1","time":393,"y":400},{"type":"deco","id":"rX","y":260,"x":484,"ox":11.5,"oy":3,"angle":285,"sprite":"rX.png","time":391.25,"sx":8,"sy":8},{"type":"deco","id":"rX2","y":180,"x":-68,"ox":11.5,"oy":3,"angle":300,"sprite":"rX.png","time":391.5,"sx":8,"sy":8},{"type":"deco","id":"rX3","y":180,"x":116,"ox":11.5,"oy":3,"angle":315,"sprite":"rX.png","time":391.75,"sx":8,"sy":8},{"type":"deco","id":"rX4","ox":11.5,"y":180,"oy":3,"angle":330,"sprite":"rX.png","time":392,"sx":8,"sy":8},{"type":"deco","id":"rX5","y":180,"x":484,"ox":11.5,"oy":3,"angle":345,"sprite":"rX.png","time":392.25,"sx":8,"sy":8},{"type":"deco","id":"rX6","y":100,"x":-68,"ox":11.5,"oy":3,"angle":360,"sprite":"rX.png","time":392.5,"sx":8,"sy":8},{"type":"deco","id":"rX7","y":100,"x":116,"ox":11.5,"oy":3,"angle":375,"sprite":"rX.png","time":392.75,"sx":8,"sy":8},{"angle":285,"type":"deco","id":"rX","time":393,"hide":true},{"angle":300,"type":"deco","id":"rX2","time":393,"hide":true},{"angle":315,"type":"deco","id":"rX3","time":393,"hide":true},{"angle":330,"type":"deco","id":"rX4","time":393,"hide":true},{"angle":345,"type":"deco","id":"rX5","time":393,"hide":true},{"angle":0,"type":"deco","id":"rX6","time":393,"hide":true},{"angle":375,"type":"deco","id":"rX7","time":393,"hide":true},{"paddle":1,"type":"paddles","angle":135,"time":152,"newWidth":360,"duration":1,"ease":"inCirc"},{"paddle":1,"type":"paddles","angle":135,"time":153,"newWidth":70,"duration":4,"ease":"outCirc"},{"type":"deco","id":"boukken","ox":300,"oy":180,"angle":90,"sprite":"boukken.png","time":392.75,"sx":2,"sy":2},{"type":"deco","id":"boukken","duration":1,"angle":90,"sy":1,"time":393,"sx":1,"ease":"outSine"},{"angle":75,"type":"setColor","r":255,"g":255,"b":255,"time":393,"color":0},{"type":"setColor","r":176,"b":255,"duration":1,"angle":60,"g":243,"time":393,"color":0,"order":1},{"angle":105,"type":"setColor","r":58,"g":45,"time":393,"color":3,"b":32},{"angle":120,"type":"setColor","r":177,"g":149,"b":94,"color":2,"time":393},{"angle":135,"type":"setColor","r":144,"g":98,"time":393,"color":4,"b":61},{"angle":150,"type":"setColor","r":4,"g":34,"b":75,"color":1,"time":393},{"type":"deco","id":"mounts","ox":300,"oy":180,"angle":255,"sprite":"mounts.png","time":393,"drawLayer":"bg"},{"angle":270,"type":"deco","id":"boukken","time":421,"hide":true},{"angle":255,"type":"deco","id":"mounts","time":421,"hide":true},{"angle":240,"type":"setColor","r":255,"g":255,"b":255,"time":421,"color":0},{"angle":225,"type":"setColor","r":0,"g":255,"time":421,"color":1,"b":211},{"angle":90,"type":"deco","id":"kyougen","hide":false,"time":425,"sx":1,"sy":1},{"angle":105,"type":"setColor","r":125,"g":80,"b":47,"time":425,"color":5},{"angle":120,"type":"setColor","r":108,"g":54,"time":425,"color":7,"b":32},{"angle":135,"type":"setColor","r":41,"g":21,"time":425,"color":6,"b":14},{"angle":150,"type":"setColor","r":255,"g":215,"time":425,"color":2,"b":186},{"angle":75,"type":"deco","id":"hatsumei","time":426,"hide":false},{"angle":105,"type":"setColor","r":113,"g":35,"b":24,"time":426,"color":2},{"angle":120,"type":"setColor","r":34,"g":30,"b":28,"time":426,"color":3},{"angle":135,"type":"setColor","r":16,"g":13,"b":13,"color":4,"time":426},{"angle":150,"type":"setColor","r":255,"g":255,"time":426,"b":255,"color":7},{"angle":90,"type":"deco","id":"kyougen","time":426,"hide":true},{"angle":225,"type":"setColor","r":0,"g":255,"b":211,"color":0,"time":425},{"angle":60,"type":"deco","id":"kyuu","time":427,"hide":false},{"angle":495,"type":"setColor","r":255,"g":249,"time":427,"color":2,"b":185},{"angle":480,"type":"setColor","r":255,"g":214,"time":427,"color":3,"b":145},{"angle":465,"type":"setColor","r":130,"g":89,"b":32,"color":4,"time":427},{"angle":75,"type":"deco","id":"hatsumei","time":427,"hide":true},{"angle":45,"type":"deco","id":"kagumei","time":428,"hide":false},{"angle":465,"type":"setColor","r":65,"g":34,"b":29,"time":428,"color":2},{"angle":480,"type":"setColor","r":171,"g":83,"b":81,"color":3,"time":428},{"angle":495,"type":"setColor","r":255,"g":172,"b":172,"time":428,"color":4},{"angle":60,"type":"deco","id":"kyuu","time":428,"hide":true},{"angle":30,"type":"deco","id":"boukken","time":429,"hide":false},{"angle":105,"type":"setColor","r":58,"g":45,"b":32,"time":429,"color":3},{"angle":120,"type":"setColor","r":177,"g":149,"b":94,"time":429,"color":2},{"angle":135,"type":"setColor","r":144,"g":98,"b":61,"color":4,"time":429},{"angle":45,"type":"deco","id":"kagumei","time":429,"hide":true},{"angle":30,"type":"deco","id":"boukken","time":430,"hide":true},{"angle":90,"type":"deco","id":"kyougen","hide":false,"time":430,"sx":1,"sy":1},{"angle":105,"type":"setColor","r":125,"g":80,"time":430,"color":5,"b":47},{"angle":120,"type":"setColor","r":108,"g":54,"b":32,"color":7,"time":430},{"angle":135,"type":"setColor","r":41,"g":21,"b":14,"color":6,"time":430},{"angle":75,"type":"deco","id":"hatsumei","time":431,"hide":false},{"angle":105,"type":"setColor","r":113,"g":35,"time":431,"color":2,"b":24},{"angle":120,"type":"setColor","r":34,"g":30,"time":431,"color":3,"b":28},{"angle":135,"type":"setColor","r":16,"g":13,"b":13,"time":431,"color":4},{"angle":90,"type":"deco","id":"kyougen","time":431,"hide":true},{"angle":60,"type":"deco","id":"kyuu","time":432,"hide":false},{"angle":495,"type":"setColor","r":255,"g":249,"b":185,"color":2,"time":432},{"angle":480,"type":"setColor","r":255,"g":214,"b":145,"color":3,"time":432},{"angle":465,"type":"setColor","r":130,"g":89,"b":32,"time":432,"color":4},{"angle":75,"type":"deco","id":"hatsumei","time":432,"hide":true},{"angle":45,"type":"deco","id":"kagumei","time":433,"hide":false},{"angle":465,"type":"setColor","r":65,"g":34,"time":433,"color":2,"b":29},{"angle":480,"type":"setColor","r":171,"g":83,"b":81,"time":433,"color":3},{"angle":495,"type":"setColor","r":255,"g":172,"time":433,"color":4,"b":172},{"angle":60,"type":"deco","id":"kyuu","time":433,"hide":true},{"angle":30,"type":"deco","id":"boukken","time":434,"hide":false},{"angle":105,"type":"setColor","r":58,"g":45,"time":434,"color":3,"b":32},{"angle":120,"type":"setColor","r":177,"g":149,"b":94,"color":2,"time":434},{"angle":135,"type":"setColor","r":144,"g":98,"b":61,"color":4,"time":434},{"angle":45,"type":"deco","id":"kagumei","time":434,"hide":true},{"angle":30,"type":"deco","id":"boukken","time":435,"hide":true},{"angle":90,"type":"deco","id":"kyougen","hide":false,"time":435,"sx":1,"sy":1},{"angle":105,"type":"setColor","r":125,"g":80,"time":435,"color":5,"b":47},{"angle":120,"type":"setColor","r":108,"g":54,"b":32,"color":7,"time":435},{"angle":135,"type":"setColor","r":41,"g":21,"b":14,"color":6,"time":435},{"angle":150,"type":"setColor","r":255,"g":215,"b":186,"time":435,"color":2},{"angle":75,"type":"deco","id":"hatsumei","time":436,"hide":false},{"angle":105,"type":"setColor","r":113,"g":35,"time":436,"color":2,"b":24},{"angle":120,"type":"setColor","r":34,"g":30,"time":436,"color":3,"b":28},{"angle":135,"type":"setColor","r":16,"g":13,"b":13,"time":436,"color":4},{"angle":90,"type":"deco","id":"kyougen","time":436,"hide":true},{"angle":60,"type":"deco","id":"kyuu","time":437,"hide":false},{"angle":495,"type":"setColor","r":255,"g":249,"b":185,"color":2,"time":437},{"angle":480,"type":"setColor","r":255,"g":214,"b":145,"color":3,"time":437},{"angle":465,"type":"setColor","r":130,"g":89,"b":32,"time":437,"color":4},{"angle":75,"type":"deco","id":"hatsumei","time":437,"hide":true},{"angle":45,"type":"deco","id":"kagumei","time":438,"hide":false},{"angle":465,"type":"setColor","r":65,"g":34,"time":438,"color":2,"b":29},{"angle":480,"type":"setColor","r":171,"g":83,"b":81,"time":438,"color":3},{"angle":495,"type":"setColor","r":255,"g":172,"time":438,"color":4,"b":172},{"angle":60,"type":"deco","id":"kyuu","time":438,"hide":true},{"angle":30,"type":"deco","id":"boukken","time":439,"hide":false},{"angle":105,"type":"setColor","r":58,"g":45,"time":439,"color":3,"b":32},{"angle":120,"type":"setColor","r":177,"g":149,"b":94,"color":2,"time":439},{"angle":135,"type":"setColor","r":144,"g":98,"b":61,"color":4,"time":439},{"angle":45,"type":"deco","id":"kagumei","time":439,"hide":true},{"angle":30,"type":"deco","id":"boukken","time":440,"hide":true},{"angle":90,"type":"deco","id":"kyougen","hide":false,"time":440,"sx":1,"sy":1},{"angle":105,"type":"setColor","r":125,"g":80,"time":440,"color":5,"b":47},{"angle":120,"type":"setColor","r":108,"g":54,"b":32,"color":7,"time":440},{"angle":135,"type":"setColor","r":41,"g":21,"b":14,"color":6,"time":440},{"angle":150,"type":"setColor","r":255,"g":215,"b":186,"color":2,"time":440},{"angle":75,"type":"deco","id":"hatsumei","time":441,"hide":false},{"angle":105,"type":"setColor","r":113,"g":35,"time":441,"color":2,"b":24},{"angle":120,"type":"setColor","r":34,"g":30,"time":441,"color":3,"b":28},{"angle":135,"type":"setColor","r":16,"g":13,"b":13,"time":441,"color":4},{"angle":90,"type":"deco","id":"kyougen","time":441,"hide":true},{"angle":60,"type":"deco","id":"kyuu","time":442,"hide":false},{"angle":495,"type":"setColor","r":255,"g":249,"b":185,"color":2,"time":442},{"angle":480,"type":"setColor","r":255,"g":214,"b":145,"color":3,"time":442},{"angle":465,"type":"setColor","r":130,"g":89,"b":32,"time":442,"color":4},{"angle":75,"type":"deco","id":"hatsumei","time":442,"hide":true},{"angle":45,"type":"deco","id":"kagumei","time":443,"hide":false},{"angle":465,"type":"setColor","r":65,"g":34,"time":443,"color":2,"b":29},{"angle":480,"type":"setColor","r":171,"g":83,"b":81,"time":443,"color":3},{"angle":495,"type":"setColor","r":255,"g":172,"time":443,"color":4,"b":172},{"angle":60,"type":"deco","id":"kyuu","time":443,"hide":true},{"angle":30,"type":"deco","id":"boukken","time":444,"hide":false},{"angle":105,"type":"setColor","r":58,"g":45,"time":444,"color":3,"b":32},{"angle":120,"type":"setColor","r":177,"g":149,"b":94,"color":2,"time":444},{"angle":135,"type":"setColor","r":144,"g":98,"b":61,"color":4,"time":444},{"angle":45,"type":"deco","id":"kagumei","time":444,"hide":true},{"angle":30,"type":"deco","id":"boukken","time":445,"hide":true},{"angle":90,"type":"deco","id":"kyougen","hide":false,"time":445,"sx":1,"sy":1},{"angle":105,"type":"setColor","r":125,"g":80,"time":445,"color":5,"b":47},{"angle":120,"type":"setColor","r":108,"g":54,"b":32,"color":7,"time":445},{"angle":135,"type":"setColor","r":41,"g":21,"b":14,"color":6,"time":445},{"angle":150,"type":"setColor","r":255,"g":215,"b":186,"color":2,"time":445},{"angle":75,"type":"deco","id":"hatsumei","time":446,"hide":false},{"angle":105,"type":"setColor","r":113,"g":35,"time":446,"color":2,"b":24},{"angle":120,"type":"setColor","r":34,"g":30,"time":446,"color":3,"b":28},{"angle":135,"type":"setColor","r":16,"g":13,"b":13,"time":446,"color":4},{"angle":90,"type":"deco","id":"kyougen","time":446,"hide":true},{"angle":60,"type":"deco","id":"kyuu","time":447,"hide":false},{"angle":495,"type":"setColor","r":255,"g":249,"b":185,"color":2,"time":447},{"angle":480,"type":"setColor","r":255,"g":214,"b":145,"color":3,"time":447},{"angle":465,"type":"setColor","r":130,"g":89,"b":32,"time":447,"color":4},{"angle":75,"type":"deco","id":"hatsumei","time":447,"hide":true},{"angle":45,"type":"deco","id":"kagumei","time":448,"hide":false},{"angle":465,"type":"setColor","r":65,"g":34,"time":448,"color":2,"b":29},{"angle":480,"type":"setColor","r":171,"g":83,"b":81,"time":448,"color":3},{"angle":495,"type":"setColor","r":255,"g":172,"time":448,"color":4,"b":172},{"angle":60,"type":"deco","id":"kyuu","time":448,"hide":true},{"angle":30,"type":"deco","id":"boukken","time":449,"hide":false},{"angle":105,"type":"setColor","r":58,"g":45,"time":449,"color":3,"b":32},{"angle":120,"type":"setColor","r":177,"g":149,"b":94,"color":2,"time":449},{"angle":135,"type":"setColor","r":144,"g":98,"b":61,"color":4,"time":449},{"angle":45,"type":"deco","id":"kagumei","time":449,"hide":true},{"angle":30,"type":"deco","id":"boukken","time":450,"hide":true},{"angle":90,"type":"deco","id":"kyougen","hide":false,"time":450,"sx":1,"sy":1},{"angle":105,"type":"setColor","r":125,"g":80,"time":450,"color":5,"b":47},{"angle":120,"type":"setColor","r":108,"g":54,"b":32,"color":7,"time":450},{"angle":135,"type":"setColor","r":41,"g":21,"b":14,"color":6,"time":450},{"angle":150,"type":"setColor","r":255,"g":215,"b":186,"color":2,"time":450},{"angle":75,"type":"deco","id":"hatsumei","time":451,"hide":false},{"angle":105,"type":"setColor","r":113,"g":35,"time":451,"color":2,"b":24},{"angle":120,"type":"setColor","r":34,"g":30,"time":451,"color":3,"b":28},{"angle":135,"type":"setColor","r":16,"g":13,"b":13,"time":451,"color":4},{"angle":90,"type":"deco","id":"kyougen","time":451,"hide":true},{"angle":60,"type":"deco","id":"kyuu","time":452,"hide":false},{"angle":495,"type":"setColor","r":255,"g":249,"b":185,"color":2,"time":452},{"angle":480,"type":"setColor","r":255,"g":214,"b":145,"color":3,"time":452},{"angle":465,"type":"setColor","r":130,"g":89,"b":32,"time":452,"color":4},{"angle":75,"type":"deco","id":"hatsumei","time":452,"hide":true},{"angle":45,"type":"deco","id":"kagumei","time":453,"hide":false},{"angle":465,"type":"setColor","r":65,"g":34,"time":453,"color":2,"b":29},{"angle":480,"type":"setColor","r":171,"g":83,"b":81,"time":453,"color":3},{"angle":495,"type":"setColor","r":255,"g":172,"time":453,"color":4,"b":172},{"angle":60,"type":"deco","id":"kyuu","time":453,"hide":true},{"angle":30,"type":"deco","id":"boukken","time":454,"hide":false},{"angle":105,"type":"setColor","r":58,"g":45,"time":454,"color":3,"b":32},{"angle":120,"type":"setColor","r":177,"g":149,"b":94,"color":2,"time":454},{"angle":135,"type":"setColor","r":144,"g":98,"b":61,"color":4,"time":454},{"angle":45,"type":"deco","id":"kagumei","time":454,"hide":true},{"angle":30,"type":"deco","id":"boukken","time":455,"hide":true},{"angle":90,"type":"deco","id":"kyougen","sx":1,"time":455,"hide":false,"sy":1},{"angle":105,"type":"setColor","r":125,"g":80,"b":47,"time":455,"color":5},{"angle":120,"type":"setColor","r":108,"g":54,"b":32,"time":455,"color":7},{"angle":135,"type":"setColor","r":41,"g":21,"b":14,"time":455,"color":6},{"angle":150,"type":"setColor","r":255,"g":215,"b":186,"time":455,"color":2},{"angle":75,"type":"deco","id":"hatsumei","time":456,"hide":false},{"angle":105,"type":"setColor","r":113,"g":35,"b":24,"time":456,"color":2},{"angle":120,"type":"setColor","r":34,"g":30,"b":28,"time":456,"color":3},{"angle":135,"type":"setColor","r":16,"g":13,"b":13,"color":4,"time":456},{"angle":90,"type":"deco","id":"kyougen","time":456,"hide":true},{"angle":360,"type":"ease","value":220,"var":"p.y","time":425,"duration":4,"ease":"inOutSine"},{"angle":345,"type":"ease","value":260,"var":"p.x","time":425,"duration":2,"ease":"inOutSine"},{"value":340,"type":"ease","duration":4,"angle":345,"repeatDelay":8,"var":"p.x","time":427,"repeats":6,"ease":"inOutSine"},{"type":"ease","repeats":6,"duration":4,"angle":360,"repeatDelay":8,"var":"p.y","time":429,"value":140,"ease":"inOutSine"},{"value":220,"type":"ease","duration":4,"angle":360,"repeatDelay":8,"var":"p.y","time":433,"repeats":6,"ease":"inOutSine"},{"type":"ease","value":260,"duration":4,"angle":345,"repeatDelay":8,"var":"p.x","time":431,"repeats":6,"ease":"inOutSine"},{"angle":315,"var":"vfx.canvPos.sx","time":425,"type":"ease","value":1.1000000238419},{"angle":300,"var":"vfx.canvPos.sy","time":425,"type":"ease","value":1.1000000238419},{"value":5,"repeats":10,"duration":2,"angle":-180,"repeatDelay":6,"var":"vfx.canvPos.r","time":425,"type":"ease","ease":"outSine"},{"value":0,"repeats":21,"duration":2,"angle":-180,"repeatDelay":3,"var":"vfx.canvPos.r","time":427,"type":"ease","ease":"inSine"},{"value":-5,"repeats":10,"duration":2,"angle":-180,"repeatDelay":6,"var":"vfx.canvPos.r","time":429,"type":"ease","ease":"outSine"},{"angle":90,"type":"deco","id":"kyougen","hide":false,"time":457,"sx":1,"sy":1},{"angle":105,"type":"setColor","r":125,"g":80,"time":457,"color":5,"b":47},{"angle":120,"type":"setColor","r":108,"g":54,"b":32,"time":457,"color":7},{"angle":135,"type":"setColor","r":41,"g":21,"b":14,"time":457,"color":6},{"angle":150,"type":"setColor","r":255,"g":215,"b":186,"time":457,"color":2},{"angle":75,"type":"deco","id":"hatsumei","time":458,"hide":false},{"angle":105,"type":"setColor","r":113,"g":35,"time":458,"color":2,"b":24},{"angle":120,"type":"setColor","r":34,"g":30,"time":458,"color":3,"b":28},{"angle":135,"type":"setColor","r":16,"g":13,"b":13,"time":458,"color":4},{"angle":90,"type":"deco","id":"kyougen","time":458,"hide":true},{"angle":60,"type":"deco","id":"kyuu","time":459,"hide":false},{"angle":495,"type":"setColor","r":255,"g":249,"b":185,"color":2,"time":459},{"angle":480,"type":"setColor","r":255,"g":214,"b":145,"time":459,"color":3},{"angle":465,"type":"setColor","r":130,"g":89,"b":32,"time":459,"color":4},{"angle":75,"type":"deco","id":"hatsumei","time":459,"hide":true},{"angle":45,"type":"deco","id":"kagumei","time":460,"hide":false},{"angle":465,"type":"setColor","r":65,"g":34,"time":460,"color":2,"b":29},{"angle":480,"type":"setColor","r":171,"g":83,"b":81,"time":460,"color":3},{"angle":495,"type":"setColor","r":255,"g":172,"b":172,"color":4,"time":460},{"angle":60,"type":"deco","id":"kyuu","time":460,"hide":true},{"angle":30,"type":"deco","id":"boukken","time":461,"hide":false},{"angle":105,"type":"setColor","r":58,"g":45,"time":461,"color":3,"b":32},{"angle":120,"type":"setColor","r":177,"g":149,"b":94,"color":2,"time":461},{"angle":135,"type":"setColor","r":144,"g":98,"b":61,"time":461,"color":4},{"angle":45,"type":"deco","id":"kagumei","time":461,"hide":true},{"angle":30,"type":"deco","id":"boukken","time":462,"hide":true},{"angle":90,"type":"deco","id":"kyougen","hide":false,"time":462,"sx":1,"sy":1},{"angle":105,"type":"setColor","r":125,"g":80,"b":47,"color":5,"time":462},{"angle":120,"type":"setColor","r":108,"g":54,"time":462,"color":7,"b":32},{"angle":135,"type":"setColor","r":41,"g":21,"time":462,"color":6,"b":14},{"angle":150,"type":"setColor","r":255,"g":215,"time":462,"color":2,"b":186},{"angle":75,"type":"deco","id":"hatsumei","time":463,"hide":false},{"angle":105,"type":"setColor","r":113,"g":35,"b":24,"color":2,"time":463},{"angle":120,"type":"setColor","r":34,"g":30,"b":28,"color":3,"time":463},{"angle":135,"type":"setColor","r":16,"g":13,"time":463,"color":4,"b":13},{"angle":90,"type":"deco","id":"kyougen","time":463,"hide":true},{"angle":60,"type":"deco","id":"kyuu","time":464,"hide":false},{"angle":495,"type":"setColor","r":255,"g":249,"b":185,"time":464,"color":2},{"angle":480,"type":"setColor","r":255,"g":214,"time":464,"color":3,"b":145},{"angle":465,"type":"setColor","r":130,"g":89,"time":464,"color":4,"b":32},{"angle":75,"type":"deco","id":"hatsumei","time":464,"hide":true},{"angle":45,"type":"deco","id":"kagumei","time":465,"hide":false},{"angle":465,"type":"setColor","r":65,"g":34,"b":29,"color":2,"time":465},{"angle":480,"type":"setColor","r":171,"g":83,"time":465,"color":3,"b":81},{"angle":495,"type":"setColor","r":255,"g":172,"b":172,"time":465,"color":4},{"angle":60,"type":"deco","id":"kyuu","time":465,"hide":true},{"angle":30,"type":"deco","id":"boukken","time":466,"hide":false},{"angle":105,"type":"setColor","r":58,"g":45,"b":32,"color":3,"time":466},{"angle":120,"type":"setColor","r":177,"g":149,"time":466,"color":2,"b":94},{"angle":135,"type":"setColor","r":144,"g":98,"time":466,"color":4,"b":61},{"angle":45,"type":"deco","id":"kagumei","time":466,"hide":true},{"angle":30,"type":"deco","id":"boukken","time":467,"hide":true},{"angle":90,"type":"deco","id":"kyougen","hide":false,"time":467,"sx":1,"sy":1},{"angle":105,"type":"setColor","r":125,"g":80,"b":47,"color":5,"time":467},{"angle":120,"type":"setColor","r":108,"g":54,"time":467,"color":7,"b":32},{"angle":135,"type":"setColor","r":41,"g":21,"time":467,"color":6,"b":14},{"angle":150,"type":"setColor","r":255,"g":215,"time":467,"color":2,"b":186},{"angle":75,"type":"deco","id":"hatsumei","time":468,"hide":false},{"angle":105,"type":"setColor","r":113,"g":35,"b":24,"color":2,"time":468},{"angle":120,"type":"setColor","r":34,"g":30,"b":28,"color":3,"time":468},{"angle":135,"type":"setColor","r":16,"g":13,"time":468,"color":4,"b":13},{"angle":90,"type":"deco","id":"kyougen","time":468,"hide":true},{"angle":60,"type":"deco","id":"kyuu","time":469,"hide":false},{"angle":495,"type":"setColor","r":255,"g":249,"b":185,"time":469,"color":2},{"angle":480,"type":"setColor","r":255,"g":214,"time":469,"color":3,"b":145},{"angle":465,"type":"setColor","r":130,"g":89,"time":469,"color":4,"b":32},{"angle":75,"type":"deco","id":"hatsumei","time":469,"hide":true},{"angle":45,"type":"deco","id":"kagumei","time":470,"hide":false},{"angle":465,"type":"setColor","r":65,"g":34,"b":29,"color":2,"time":470},{"angle":480,"type":"setColor","r":171,"g":83,"time":470,"color":3,"b":81},{"angle":495,"type":"setColor","r":255,"g":172,"b":172,"time":470,"color":4},{"angle":60,"type":"deco","id":"kyuu","time":470,"hide":true},{"angle":30,"type":"deco","id":"boukken","time":471,"hide":false},{"angle":105,"type":"setColor","r":58,"g":45,"b":32,"color":3,"time":471},{"angle":120,"type":"setColor","r":177,"g":149,"time":471,"color":2,"b":94},{"angle":135,"type":"setColor","r":144,"g":98,"time":471,"color":4,"b":61},{"angle":45,"type":"deco","id":"kagumei","time":471,"hide":true},{"angle":30,"type":"deco","id":"boukken","time":472,"hide":true},{"angle":90,"type":"deco","id":"kyougen","hide":false,"time":472,"sx":1,"sy":1},{"angle":105,"type":"setColor","r":125,"g":80,"b":47,"color":5,"time":472},{"angle":120,"type":"setColor","r":108,"g":54,"time":472,"color":7,"b":32},{"angle":135,"type":"setColor","r":41,"g":21,"time":472,"color":6,"b":14},{"angle":150,"type":"setColor","r":255,"g":215,"time":472,"color":2,"b":186},{"angle":75,"type":"deco","id":"hatsumei","time":473,"hide":false},{"angle":105,"type":"setColor","r":113,"g":35,"b":24,"color":2,"time":473},{"angle":120,"type":"setColor","r":34,"g":30,"b":28,"color":3,"time":473},{"angle":135,"type":"setColor","r":16,"g":13,"time":473,"color":4,"b":13},{"angle":90,"type":"deco","id":"kyougen","time":473,"hide":true},{"angle":60,"type":"deco","id":"kyuu","time":474,"hide":false},{"angle":495,"type":"setColor","r":255,"g":249,"b":185,"time":474,"color":2},{"angle":480,"type":"setColor","r":255,"g":214,"time":474,"color":3,"b":145},{"angle":465,"type":"setColor","r":130,"g":89,"time":474,"color":4,"b":32},{"angle":75,"type":"deco","id":"hatsumei","time":474,"hide":true},{"angle":45,"type":"deco","id":"kagumei","time":475,"hide":false},{"angle":465,"type":"setColor","r":65,"g":34,"b":29,"color":2,"time":475},{"angle":480,"type":"setColor","r":171,"g":83,"time":475,"color":3,"b":81},{"angle":495,"type":"setColor","r":255,"g":172,"b":172,"time":475,"color":4},{"angle":60,"type":"deco","id":"kyuu","time":475,"hide":true},{"angle":30,"type":"deco","id":"boukken","time":476,"hide":false},{"angle":105,"type":"setColor","r":58,"g":45,"b":32,"color":3,"time":476},{"angle":120,"type":"setColor","r":177,"g":149,"time":476,"color":2,"b":94},{"angle":135,"type":"setColor","r":144,"g":98,"time":476,"color":4,"b":61},{"angle":45,"type":"deco","id":"kagumei","time":476,"hide":true},{"angle":30,"type":"deco","id":"boukken","time":477,"hide":true},{"angle":90,"type":"deco","id":"kyougen","hide":false,"time":477,"sx":1,"sy":1},{"angle":105,"type":"setColor","r":125,"g":80,"b":47,"color":5,"time":477},{"angle":120,"type":"setColor","r":108,"g":54,"time":477,"color":7,"b":32},{"angle":135,"type":"setColor","r":41,"g":21,"time":477,"color":6,"b":14},{"angle":150,"type":"setColor","r":255,"g":215,"time":477,"color":2,"b":186},{"angle":75,"type":"deco","id":"hatsumei","time":478,"hide":false},{"angle":105,"type":"setColor","r":113,"g":35,"b":24,"color":2,"time":478},{"angle":120,"type":"setColor","r":34,"g":30,"b":28,"color":3,"time":478},{"angle":135,"type":"setColor","r":16,"g":13,"time":478,"color":4,"b":13},{"angle":90,"type":"deco","id":"kyougen","time":478,"hide":true},{"angle":60,"type":"deco","id":"kyuu","time":479,"hide":false},{"angle":495,"type":"setColor","r":255,"g":249,"b":185,"time":479,"color":2},{"angle":480,"type":"setColor","r":255,"g":214,"time":479,"color":3,"b":145},{"angle":465,"type":"setColor","r":130,"g":89,"time":479,"color":4,"b":32},{"angle":75,"type":"deco","id":"hatsumei","time":479,"hide":true},{"angle":45,"type":"deco","id":"kagumei","time":480,"hide":false},{"angle":465,"type":"setColor","r":65,"g":34,"b":29,"color":2,"time":480},{"angle":480,"type":"setColor","r":171,"g":83,"time":480,"color":3,"b":81},{"angle":495,"type":"setColor","r":255,"g":172,"b":172,"time":480,"color":4},{"angle":60,"type":"deco","id":"kyuu","time":480,"hide":true},{"angle":30,"type":"deco","id":"boukken","time":481,"hide":false},{"angle":105,"type":"setColor","r":58,"g":45,"b":32,"color":3,"time":481},{"angle":120,"type":"setColor","r":177,"g":149,"time":481,"color":2,"b":94},{"angle":135,"type":"setColor","r":144,"g":98,"time":481,"color":4,"b":61},{"angle":45,"type":"deco","id":"kagumei","time":481,"hide":true},{"angle":30,"type":"deco","id":"boukken","time":482,"hide":true},{"angle":90,"type":"deco","id":"kyougen","hide":false,"time":482,"sx":1,"sy":1},{"angle":105,"type":"setColor","r":125,"g":80,"b":47,"color":5,"time":482},{"angle":120,"type":"setColor","r":108,"g":54,"time":482,"color":7,"b":32},{"angle":135,"type":"setColor","r":41,"g":21,"time":482,"color":6,"b":14},{"angle":150,"type":"setColor","r":255,"g":215,"time":482,"color":2,"b":186},{"angle":75,"type":"deco","id":"hatsumei","time":483,"hide":false},{"angle":105,"type":"setColor","r":113,"g":35,"b":24,"color":2,"time":483},{"angle":120,"type":"setColor","r":34,"g":30,"b":28,"color":3,"time":483},{"angle":135,"type":"setColor","r":16,"g":13,"time":483,"color":4,"b":13},{"angle":90,"type":"deco","id":"kyougen","time":483,"hide":true},{"angle":60,"type":"deco","id":"kyuu","time":484,"hide":false},{"angle":495,"type":"setColor","r":255,"g":249,"b":185,"time":484,"color":2},{"angle":480,"type":"setColor","r":255,"g":214,"time":484,"color":3,"b":145},{"angle":465,"type":"setColor","r":130,"g":89,"time":484,"color":4,"b":32},{"angle":75,"type":"deco","id":"hatsumei","time":484,"hide":true},{"angle":45,"type":"deco","id":"kagumei","time":485,"hide":false},{"angle":465,"type":"setColor","r":65,"g":34,"b":29,"color":2,"time":485},{"angle":480,"type":"setColor","r":171,"g":83,"time":485,"color":3,"b":81},{"angle":495,"type":"setColor","r":255,"g":172,"b":172,"time":485,"color":4},{"angle":60,"type":"deco","id":"kyuu","time":485,"hide":true},{"angle":30,"type":"deco","id":"boukken","time":486,"hide":false},{"angle":105,"type":"setColor","r":58,"g":45,"b":32,"color":3,"time":486},{"angle":120,"type":"setColor","r":177,"g":149,"time":486,"color":2,"b":94},{"angle":135,"type":"setColor","r":144,"g":98,"time":486,"color":4,"b":61},{"angle":45,"type":"deco","id":"kagumei","time":486,"hide":true},{"angle":30,"type":"deco","id":"boukken","time":487,"hide":true},{"angle":90,"type":"deco","id":"kyougen","sx":1,"time":487,"hide":false,"sy":1},{"angle":105,"type":"setColor","r":125,"g":80,"time":487,"color":5,"b":47},{"angle":120,"type":"setColor","r":108,"g":54,"b":32,"color":7,"time":487},{"angle":135,"type":"setColor","r":41,"g":21,"b":14,"color":6,"time":487},{"angle":150,"type":"setColor","r":255,"g":215,"b":186,"color":2,"time":487},{"angle":75,"type":"deco","id":"hatsumei","time":488,"hide":false},{"angle":105,"type":"setColor","r":113,"g":35,"time":488,"color":2,"b":24},{"angle":120,"type":"setColor","r":34,"g":30,"time":488,"color":3,"b":28},{"angle":135,"type":"setColor","r":16,"g":13,"b":13,"time":488,"color":4},{"angle":90,"type":"deco","id":"kyougen","time":488,"hide":true},{"type":"setColor","r":255,"b":255,"duration":5,"angle":270,"g":255,"time":485,"color":0},{"angle":75,"type":"deco","id":"hatsumei","time":489,"hide":true},{"angle":75,"type":"deco","id":"hatsumei","time":457,"hide":true},{"angle":345,"type":"ease","value":300,"var":"p.x","time":485,"duration":1,"ease":"outSine"},{"angle":330,"type":"ease","value":180,"var":"p.y","time":485,"duration":1,"ease":"outSine"},{"angle":30,"type":"setColor","r":255,"g":255,"b":255,"color":2,"time":489},{"angle":45,"type":"setColor","r":0,"g":0,"b":0,"color":1,"time":489},{"angle":330,"var":"p.outlineColor","time":489,"type":"ease","value":2},{"angle":360,"type":"ease","value":5,"var":"scrollSpeed","time":485,"duration":4,"ease":"outSine"},{"angle":270,"var":"scrollSpeed","value":1,"type":"ease","time":490,"duration":1,"ease":"outSine"},{"angle":285,"type":"setColor","r":0,"g":255,"b":211,"time":493,"color":0},{"angle":300,"type":"setColor","r":0,"g":15,"b":29,"color":1,"time":493},{"angle":90,"type":"ease","value":1,"var":"vfx.canvPos.sx","time":489,"duration":1,"ease":"outSine"},{"angle":105,"type":"ease","value":1,"var":"vfx.canvPos.sy","time":489,"duration":1,"ease":"outSine"},{"angle":330,"var":"p.outlineColor","time":493,"type":"ease","value":1},{"angle":315,"type":"forcePlayerSprite","spriteName":"","time":493},{"angle":285,"type":"setColor","r":0,"g":255,"b":211,"color":0,"time":524},{"angle":300,"type":"setColor","r":0,"g":255,"b":211,"color":1,"time":524},{"angle":180,"time":525,"type":"showResults"},{"angle":202.5,"time":525,"type":"showResults"},{"angle":225,"time":525,"type":"showResults"},{"angle":247.5,"time":525,"type":"showResults"},{"angle":270,"time":525,"type":"showResults"},{"angle":292.5,"time":525,"type":"showResults"},{"angle":315,"time":525,"type":"showResults"},{"angle":337.5,"time":525,"type":"showResults"},{"angle":360,"time":525,"type":"showResults"},{"angle":22.5,"time":525,"type":"showResults"},{"angle":45,"time":525,"type":"showResults"},{"angle":67.5,"time":525,"type":"showResults"},{"angle":90,"time":525,"type":"showResults"},{"angle":112.5,"time":525,"type":"showResults"},{"angle":135,"time":525,"type":"showResults"},{"angle":157.5,"time":525,"type":"showResults"},{"angle":150,"type":"setColor","r":255,"g":255,"time":105,"b":255,"color":7},{"angle":30,"type":"setColor","time":121,"color":0},{"angle":150,"type":"setColor","r":255,"g":215,"b":186,"color":2,"time":431},{"angle":150,"type":"setColor","r":255,"g":255,"time":432,"color":7,"b":255},{"angle":150,"type":"setColor","r":255,"g":255,"time":436,"b":255,"color":7},{"angle":150,"type":"setColor","r":255,"g":255,"time":441,"color":7,"b":255},{"angle":150,"type":"setColor","r":255,"g":255,"time":446,"color":7,"b":255},{"angle":150,"type":"setColor","r":255,"g":255,"time":451,"b":255,"color":7},{"angle":150,"type":"setColor","r":255,"g":255,"time":456,"color":7,"b":255},{"angle":150,"type":"setColor","r":255,"g":255,"time":458,"b":255,"color":7},{"angle":150,"type":"setColor","r":255,"g":255,"time":463,"b":255,"color":7},{"angle":150,"type":"setColor","r":255,"g":255,"time":468,"color":7,"b":255},{"angle":150,"type":"setColor","r":255,"g":255,"time":473,"b":255,"color":7},{"angle":150,"type":"setColor","r":255,"g":255,"time":478,"color":7,"b":255},{"angle":150,"type":"setColor","r":255,"g":255,"time":483,"b":255,"color":7},{"angle":150,"type":"setColor","r":255,"g":255,"time":488,"b":255,"color":7},{"angle":240,"type":"setColor","r":0,"g":15,"b":29,"time":425,"color":1},{"type":"setColor","r":255,"b":255,"duration":5,"angle":255,"g":255,"time":485,"color":1},{"angle":450,"type":"setColor","r":13,"g":158,"time":41,"color":2,"b":177},{"angle":105,"type":"setColor","r":51,"g":27,"time":41,"b":18,"color":3},{"type":"deco","id":"apple1","y":100,"x":-50,"ox":50,"oy":50,"angle":180,"sprite":"apple.png","time":40.75,"drawLayer":"bg"},{"angle":180,"type":"deco","id":"apple1","time":41,"x":650,"duration":4,"r":180},{"type":"deco","id":"apple2","x":-50,"y":250,"oy":50,"angle":165,"drawLayer":"bg","sprite":"apple.png","time":41.75,"ox":50,"r":45},{"angle":165,"type":"deco","id":"apple2","x":650,"time":42,"duration":4,"r":200},{"type":"deco","id":"apple3","x":-50,"y":150,"oy":50,"angle":150,"sprite":"apple.png","time":42.75,"ox":50,"drawLayer":"bg"},{"angle":150,"type":"deco","id":"apple3","x":650,"time":43,"duration":4,"r":180},{"type":"deco","id":"apple4","y":50,"x":-50,"ox":50,"oy":50,"angle":135,"sprite":"apple.png","time":43.75,"drawLayer":"bg"},{"angle":135,"type":"deco","r":180,"time":44,"x":650,"duration":4,"id":"apple4"},{"type":"deco","id":"apple5","ox":50,"x":650,"y":280,"oy":50,"angle":180,"sprite":"apple.png","time":44.75,"drawLayer":"bg"},{"angle":180,"type":"deco","id":"apple1","x":-50,"time":45,"duration":4,"r":180},{"drawLayer":"bg","id":"apple6","x":650,"y":70,"oy":50,"angle":165,"sprite":"apple.png","time":45.75,"ox":50,"type":"deco"},{"angle":165,"type":"deco","id":"apple6","time":46,"x":-50,"duration":4,"r":-270},{"type":"deco","id":"apple7","y":100,"x":650,"ox":50,"oy":50,"angle":150,"sprite":"apple.png","time":46.75,"drawLayer":"bg"},{"angle":150,"type":"deco","r":210,"time":47,"x":-50,"duration":4,"id":"apple7"},{"type":"deco","id":"apple8","ox":50,"x":650,"y":320,"oy":50,"angle":135,"sprite":"apple.png","time":47.75,"drawLayer":"bg"},{"angle":135,"type":"deco","r":-210,"x":-50,"time":48,"duration":4,"id":"apple8"},{"type":"deco","id":"apple1","x":120,"y":-50,"oy":50,"angle":180,"sprite":"apple.png","time":48.75,"ox":50,"drawLayer":"bg"},{"angle":180,"type":"deco","id":"apple1","duration":4,"time":49,"y":410,"r":0},{"type":"deco","id":"apple2","x":530,"y":-50,"oy":50,"angle":165,"sprite":"apple.png","time":49.75,"ox":50,"drawLayer":"bg"},{"angle":165,"type":"deco","id":"apple2","y":410,"time":50,"duration":4,"r":0},{"type":"deco","id":"apple3","x":0,"ox":50,"oy":50,"angle":150,"sprite":"apple.png","time":50.75,"y":-50,"drawLayer":"bg"},{"angle":150,"type":"deco","id":"apple3","y":410,"time":51,"duration":4,"r":0},{"drawLayer":"bg","id":"apple4","x":300,"ox":50,"oy":50,"angle":135,"sprite":"apple.png","time":51.75,"y":-50,"type":"deco"},{"angle":135,"type":"deco","id":"apple4","duration":4,"time":52,"y":410,"r":0},{"type":"deco","id":"apple5","y":410,"x":490,"ox":50,"oy":50,"angle":180,"sprite":"apple.png","time":52.75,"drawLayer":"bg"},{"angle":180,"type":"deco","r":520,"duration":4,"time":53,"y":-50,"id":"apple5"},{"drawLayer":"bg","id":"apple6","ox":50,"x":80,"y":410,"oy":50,"angle":165,"sprite":"apple.png","time":53.75,"type":"deco"},{"angle":165,"type":"deco","id":"apple6","y":-50,"time":54,"duration":4,"r":-36},{"drawLayer":"bg","id":"apple7","x":300,"y":410,"oy":50,"angle":150,"sprite":"apple.png","time":54.75,"ox":50,"type":"deco"},{"angle":150,"type":"deco","r":180,"duration":4,"time":55,"y":-50,"id":"apple7"},{"drawLayer":"bg","id":"apple8","x":140,"ox":50,"oy":50,"angle":135,"y":410,"sprite":"apple.png","time":55.75,"type":"deco"},{"angle":135,"type":"deco","r":180,"duration":4,"time":56,"y":-50,"id":"apple8"},{"angle":285,"type":"setColor","r":0,"g":0,"time":57,"color":0,"b":0},{"angle":300,"type":"setColor","r":255,"g":255,"b":255,"time":57,"color":1},{"angle":285,"type":"setColor","r":0,"g":255,"b":211,"time":58,"color":0},{"angle":300,"type":"setColor","r":0,"g":15,"b":29,"time":58,"color":1},{"angle":270,"type":"forcePlayerSprite","spriteName":"none","time":57},{"angle":270,"type":"forcePlayerSprite","spriteName":"","time":58},{"angle":180,"type":"deco","id":"apple5","time":57,"hide":true},{"angle":165,"type":"deco","id":"apple6","time":57,"hide":true},{"angle":150,"type":"deco","id":"apple7","time":57,"hide":true},{"angle":165,"type":"deco","id":"apple6","time":57,"hide":true},{"angle":135,"type":"deco","id":"apple8","time":57,"hide":true},{"type":"deco","r":45,"x":-50,"y":250,"oy":50,"angle":165,"drawLayer":"bg","sprite":"apple.png","time":57.75,"ox":50,"id":"apple2"},{"angle":165,"type":"deco","r":200,"time":58,"x":650,"duration":4,"id":"apple2"},{"type":"deco","id":"apple3","x":-50,"y":150,"oy":50,"angle":150,"sprite":"apple.png","time":58.75,"ox":50,"drawLayer":"bg"},{"angle":150,"type":"deco","r":180,"time":59,"x":650,"duration":4,"id":"apple3"},{"type":"deco","id":"apple4","x":-50,"ox":50,"oy":50,"angle":135,"sprite":"apple.png","time":59.75,"y":50,"drawLayer":"bg"},{"angle":135,"type":"deco","id":"apple4","x":650,"time":60,"duration":4,"r":180},{"type":"deco","id":"apple5","x":650,"ox":50,"oy":50,"angle":180,"sprite":"apple.png","hide":false,"time":60.75,"y":280,"drawLayer":"bg"},{"angle":180,"type":"deco","r":180,"time":61,"x":-50,"duration":4,"id":"apple1"},{"drawLayer":"bg","id":"apple6","x":650,"hide":false,"oy":50,"angle":165,"ox":50,"sprite":"apple.png","time":61.75,"y":70,"type":"deco"},{"angle":165,"type":"deco","r":-270,"x":-50,"time":62,"duration":4,"id":"apple6"},{"type":"deco","id":"apple7","x":650,"y":100,"oy":50,"angle":150,"hide":false,"sprite":"apple.png","time":62.75,"ox":50,"drawLayer":"bg"},{"angle":150,"type":"deco","id":"apple7","x":-50,"time":63,"duration":4,"r":210},{"drawLayer":"bg","id":"apple8","x":650,"y":320,"oy":50,"angle":135,"sprite":"apple.png","hide":false,"time":63.75,"ox":50,"type":"deco"},{"angle":135,"type":"deco","id":"apple8","time":64,"x":-50,"duration":4,"r":-210},{"type":"deco","id":"apple1","x":120,"y":-50,"oy":50,"angle":180,"sprite":"apple.png","time":64.75,"ox":50,"drawLayer":"bg"},{"angle":180,"type":"deco","r":0,"y":410,"time":65,"duration":4,"id":"apple1"},{"type":"deco","id":"apple2","x":530,"y":-50,"oy":50,"angle":165,"sprite":"apple.png","time":65.75,"ox":50,"drawLayer":"bg"},{"angle":165,"type":"deco","r":0,"duration":4,"time":66,"y":410,"id":"apple2"},{"type":"deco","id":"apple3","x":0,"ox":50,"oy":50,"angle":150,"sprite":"apple.png","time":66.75,"y":-50,"drawLayer":"bg"},{"angle":150,"type":"deco","r":0,"duration":4,"time":67,"y":410,"id":"apple3"},{"drawLayer":"bg","id":"apple4","x":300,"ox":50,"oy":50,"angle":135,"sprite":"apple.png","time":67.75,"y":-50,"type":"deco"},{"angle":135,"type":"deco","r":0,"y":410,"time":68,"duration":4,"id":"apple4"},{"angle":180,"type":"deco","id":"apple1","time":69,"hide":true},{"angle":165,"type":"deco","id":"apple2","time":69},{"angle":150,"type":"deco","id":"apple3","time":69,"hide":true},{"angle":135,"type":"deco","id":"apple4","time":69,"hide":true}],"properties":{"formatversion":13,"speed":70,"loadBeat":-1,"offset":8}}