[{"time":-4.25,"type":"block","angle":22.5},{"time":-4,"type":"block","angle":22.5},{"time":-3.75,"type":"block","angle":22.5},{"endTap":true,"holdEase":"inSine","angle2":292.5,"angle":337.5,"type":"hold","time":-3.25,"duration":0.5,"startTap":true},{"endTap":true,"type":"hold","angle2":360,"time":-2.75,"duration":0.5,"angle":292.5},{"time":-2.25,"type":"mine","angle":45},{"time":-2.25,"type":"mine","angle":225},{"time":-2.25,"type":"mine","angle":180},{"time":-2.25,"type":"mine","angle":135},{"time":-2.25,"type":"mine","angle":90},{"time":-2.25,"type":"mine","angle":67.5},{"time":-1.5,"type":"mine","angle":315},{"time":-1.5,"type":"mine","angle":270},{"time":-1.5,"type":"mine","angle":225},{"time":-1.5,"type":"mine","angle":180},{"time":-1.5,"type":"mine","angle":135},{"time":-1.5,"type":"mine","angle":330},{"time":-1.5,"type":"mine","angle":300},{"time":-1.5,"type":"mine","angle":285},{"time":-1.5,"type":"mine","angle":255},{"time":-1.5,"type":"mine","angle":240},{"time":-1.5,"type":"mine","angle":210},{"time":-1.5,"type":"mine","angle":195},{"time":-1.5,"type":"mine","angle":165},{"time":-1.5,"type":"mine","angle":150},{"time":-1.5,"type":"mine","angle":120},{"time":-1.5,"type":"mine","angle":105},{"holdEase":"inQuad","type":"hold","angle2":315,"duration":1,"time":-0.75,"angle":360,"startTap":true},{"time":-1.25,"type":"block","angle":45},{"time":-1,"type":"block","angle":22.5},{"time":0.75,"type":"block","angle":270},{"time":1.25,"type":"block","angle":202.5},{"time":1.5,"type":"block","angle":247.5},{"time":2,"type":"block","angle":337.5},{"time":2.25,"type":"block","angle":22.5},{"time":2.5,"type":"block","angle":67.5},{"time":2.75,"type":"block","angle":90},{"time":3,"type":"block","angle":112.5},{"time":3.75,"type":"block","angle":180},{"time":3.25,"type":"block","angle":135},{"time":3.5,"type":"block","angle":157.5},{"endTap":true,"type":"hold","angle2":292.5,"time":4.25,"angle":225,"duration":0.5,"startTap":true},{"type":"hold","angle2":247.5,"time":4.75,"duration":0.5,"angle":292.5},{"endTap":true,"type":"hold","angle2":157.5,"time":5.25,"angle":247.5,"duration":0.5,"startTap":true},{"type":"mineHold","angle2":202.5,"time":1,"duration":1,"angle":0,"holdEase":"linear"},{"type":"mineHold","angle2":360,"time":2,"duration":1,"angle":202.5,"holdEase":"linear"},{"type":"mineHold","angle2":135,"time":3,"duration":1,"angle":0},{"type":"mineHold","angle2":202.5,"time":4.25,"duration":0.5,"angle":135},{"type":"mineHold","angle2":337.5,"time":4.75,"duration":0.5,"angle":360},{"type":"mineHold","angle2":157.5,"time":4.75,"duration":0.5,"angle":202.5},{"type":"mineHold","angle2":247.5,"time":5.25,"duration":1,"angle":337.5},{"time":6.75,"type":"block","angle":67.5},{"time":7,"type":"block","angle":45},{"time":6.75,"type":"mine","angle":135},{"time":6.75,"type":"mine","angle":337.5},{"time":6.75,"type":"mine","angle":315},{"time":6.75,"type":"mine","angle":292.5},{"time":6.75,"type":"mine","angle":270},{"time":6.75,"type":"mine","angle":247.5},{"time":6.75,"type":"mine","angle":225},{"time":6.75,"type":"mine","angle":202.5},{"time":6.75,"type":"mine","angle":180},{"time":6.75,"type":"mine","angle":157.5},{"time":6.75,"type":"mine","angle":0},{"time":7,"type":"mine","angle":112.5},{"time":7,"type":"mine","angle":135},{"time":7,"type":"mine","angle":157.5},{"time":7,"type":"mine","angle":180},{"time":6.75,"type":"mine","angle":202.5},{"time":7,"type":"mine","angle":202.5},{"time":7,"type":"mine","angle":225},{"time":7,"type":"mine","angle":247.5},{"time":7,"type":"mine","angle":270},{"time":7,"type":"mine","angle":292.5},{"time":7,"type":"mine","angle":292.5},{"time":7,"type":"mine","angle":315},{"time":7,"type":"mine","angle":337.5},{"type":"hold","angle2":135,"time":7.75,"duration":0.5,"angle":112.5},{"type":"hold","angle2":225,"time":8.25,"duration":0.5,"angle":135},{"type":"hold","angle2":112.5,"time":7.25,"duration":0.5,"angle":22.5},{"time":9.25,"type":"inverse","angle":225},{"time":9.5,"type":"inverse","angle":202.5},{"time":9.75,"type":"inverse","angle":180},{"time":10,"type":"inverse","angle":157.5},{"time":10.25,"type":"inverse","angle":135},{"time":10.5,"type":"inverse","angle":112.5},{"time":10.75,"type":"inverse","angle":90},{"time":11,"type":"inverse","angle":67.5},{"time":11.25,"type":"inverse","angle":45},{"time":11.5,"type":"inverse","angle":22.5},{"time":11.75,"type":"inverse","angle":360},{"time":12,"type":"inverse","angle":337.5},{"time":12.25,"type":"inverse","angle":315},{"time":12.5,"type":"inverse","angle":292.5},{"time":12.75,"type":"inverse","angle":270},{"time":13,"type":"inverse","angle":247.5},{"time":13.25,"type":"extraTap","angle":180},{"time":14.25,"type":"extraTap","angle":90},{"time":15.25,"type":"extraTap","angle":202.5},{"time":16,"type":"extraTap","angle":247.5},{"time":17.25,"type":"extraTap","angle":22.5},{"time":18.25,"type":"extraTap","angle":157.5},{"time":19.25,"type":"extraTap","angle":45},{"time":20,"type":"extraTap","angle":180},{"time":20.75,"type":"extraTap","angle":135},{"time":21.25,"type":"extraTap","angle":90},{"time":21,"type":"extraTap","angle":112.5},{"time":22.25,"type":"extraTap","angle":180},{"time":23.25,"type":"extraTap","angle":180},{"time":24,"type":"extraTap","angle":180},{"time":24.75,"type":"extraTap","angle":247.5},{"time":25.25,"type":"extraTap","angle":0},{"time":26.25,"type":"extraTap","angle":180},{"time":27.25,"type":"extraTap","angle":315},{"time":28,"type":"extraTap","angle":180},{"time":28.75,"type":"extraTap","angle":270},{"time":29.25,"type":"extraTap","angle":112.5},{"time":29,"type":"extraTap","angle":270},{"time":30.25,"type":"extraTap","angle":180},{"type":"mineHold","angle2":45,"time":10.5,"duration":2,"angle":315},{"type":"mineHold","angle2":315,"time":10,"duration":0.25,"angle":427.5},{"time":13.25,"type":"block","angle":225},{"time":16,"type":"block","angle":270},{"time":16.75,"type":"block","angle":315},{"time":15.25,"type":"block","angle":225},{"time":16.75,"type":"extraTap","angle":292.5},{"time":17.25,"type":"block","angle":360},{"time":18.25,"type":"block","angle":135},{"time":19.25,"type":"block","angle":22.5},{"type":"hold","angle2":247.5,"time":21.25,"duration":1,"angle":157.5},{"type":"hold","angle2":157.5,"time":21,"duration":0.25,"angle":202.5},{"type":"hold","angle2":315,"time":23.25,"duration":1,"angle":405},{"time":24.75,"type":"block","angle":135},{"time":24.75,"type":"mine","angle":202.5},{"time":24.75,"type":"mine","angle":67.5},{"type":"mineHold","angle2":135,"time":25.25,"duration":4,"angle":967.5},{"type":"mineHold","angle2":247.5,"time":21,"duration":0,"angle":472.5},{"type":"mineHold","angle2":337.5,"time":23,"duration":0,"angle":135},{"type":"mineHold","angle2":270,"time":24,"duration":0,"angle":45},{"time":-2.25,"type":"mine","angle":247.5},{"time":-2.25,"type":"mine","angle":202.5},{"time":-2.25,"type":"mine","angle":157.5},{"time":-2.25,"type":"mine","angle":112.5},{"type":"mineHold","angle2":315,"time":19.25,"duration":0,"angle":90},{"type":"mineHold","angle2":202.5,"time":18.25,"duration":0,"angle":427.5},{"type":"mineHold","angle2":292.5,"time":17.25,"duration":0,"angle":67.5},{"type":"mineHold","angle2":247.5,"time":16.75,"duration":0,"angle":22.5},{"type":"mineHold","angle2":337.5,"time":16,"duration":0,"angle":562.5},{"type":"mineHold","angle2":157.5,"time":15.25,"duration":0,"angle":-67.5},{"type":"mineHold","angle2":337.5,"time":14.25,"duration":0,"angle":112.5},{"time":14.25,"type":"block","angle":45},{"time":31.25,"type":"extraTap","angle":180},{"time":32,"type":"extraTap","angle":180},{"time":32.75,"type":"extraTap","angle":180},{"time":33.25,"type":"extraTap","angle":180},{"time":34.25,"type":"extraTap","angle":180},{"time":35.25,"type":"extraTap","angle":180},{"time":36,"type":"extraTap","angle":180},{"time":36.75,"type":"extraTap","angle":180},{"time":37,"type":"extraTap","angle":135},{"time":37.25,"type":"extraTap","angle":180},{"time":38.25,"type":"extraTap","angle":180},{"time":39.25,"type":"extraTap","angle":157.5},{"time":40,"type":"extraTap","angle":225},{"time":40.75,"type":"extraTap","angle":180},{"time":41.25,"type":"extraTap","angle":180},{"time":42.25,"type":"extraTap","angle":180},{"time":43.25,"type":"extraTap","angle":180},{"time":44,"type":"extraTap","angle":180},{"time":44.75,"type":"extraTap","angle":180},{"time":45,"type":"extraTap","angle":180},{"time":45.25,"type":"extraTap","angle":180},{"time":46.25,"type":"extraTap","angle":180},{"time":47.25,"type":"extraTap","angle":180},{"time":48,"type":"extraTap","angle":180},{"time":48.75,"type":"extraTap","angle":90},{"time":49.25,"type":"extraTap","angle":180},{"time":50.25,"type":"extraTap","angle":180},{"time":51.25,"type":"extraTap","angle":180},{"time":52,"type":"extraTap","angle":157.5},{"time":52.75,"type":"extraTap","angle":180},{"time":53,"type":"extraTap","angle":180},{"time":53.25,"type":"extraTap","angle":180},{"time":54.25,"type":"extraTap","angle":180},{"time":55.25,"type":"extraTap","angle":180},{"time":56.75,"type":"extraTap","angle":180},{"time":57.25,"type":"extraTap","angle":180},{"time":58.25,"type":"extraTap","angle":180},{"time":59.25,"type":"extraTap","angle":180},{"time":60,"type":"extraTap","angle":180},{"time":60.75,"type":"extraTap","angle":180},{"time":61,"type":"extraTap","angle":180},{"type":"hold","angle2":157.5,"time":29.25,"duration":1,"angle":90},{"type":"mineHold","angle2":90,"time":30.25,"duration":0,"angle":-135},{"type":"hold","angle2":382.5,"time":31.25,"duration":0.75,"angle":315},{"type":"hold","angle2":-67.5,"time":32,"duration":0.75,"angle":22.5},{"type":"mineHold","angle2":247.5,"time":31.25,"duration":0,"angle":22.5},{"type":"mineHold","angle2":0,"time":32.75,"duration":0,"angle":225},{"time":31.25,"type":"mine","angle":247.5},{"type":"hold","angle2":67.5,"time":33.25,"duration":1,"angle":135},{"type":"mineHold","angle2":135,"time":34.25,"duration":0,"angle":360},{"type":"hold","angle2":382.5,"time":35.25,"duration":0.75,"angle":315},{"type":"hold","angle2":135,"time":36,"duration":0.75,"angle":22.5},{"type":"hold","angle2":247.5,"time":36.75,"duration":0.5,"angle":135},{"type":"mineHold","angle2":22.5,"time":35.25,"duration":0,"angle":247.5},{"type":"mineHold","angle2":315,"time":37.25,"duration":0,"angle":472.5},{"type":"hold","angle2":112.5,"time":38.25,"duration":1,"angle":67.5},{"time":40,"type":"block","angle":270},{"time":40.75,"type":"block","angle":45},{"time":41.25,"type":"block","angle":157.5},{"type":"mineHold","angle2":180,"time":39.25,"duration":0,"angle":405},{"type":"mineHold","angle2":247.5,"time":41.25,"duration":0,"angle":427.5},{"type":"hold","angle2":720,"time":42.25,"duration":3,"angle":247.5},{"type":"mineHold","angle2":67.5,"time":45.25,"duration":0,"angle":270},{"type":"mineHold","angle2":112.5,"time":46,"duration":2,"angle":0},{"type":"mineHold","angle2":225,"time":46,"duration":2,"angle":157.5},{"type":"mineHold","angle2":112.5,"time":48.75,"duration":0,"angle":247.5},{"type":"mineHold","angle2":-90,"time":49.25,"duration":0,"angle":90},{"type":"mineHold","angle2":180,"time":50.25,"duration":2,"angle":135},{"type":"mineHold","angle2":360,"time":50.25,"duration":2,"angle":315},{"type":"mineHold","angle2":180,"time":52.25,"duration":1,"angle":0},{"type":"mineHold","angle2":360,"time":52.25,"duration":1,"angle":180},{"time":51.75,"type":"mine","angle":202.5},{"time":51.75,"type":"mine","angle":315},{"time":51.75,"type":"mine","angle":22.5},{"time":51.75,"type":"mine","angle":135},{"type":"mineHold","angle2":112.5,"time":54,"duration":0,"angle":-112.5},{"type":"hold","angle2":0,"time":61.25,"duration":0.5,"angle":22.5},{"type":"hold","angle2":360,"time":61.25,"duration":0.5,"angle":337.5},{"type":"hold","angle2":202.5,"time":62.25,"duration":0.5,"angle":112.5},{"type":"hold","angle2":225,"time":62.25,"duration":0.5,"angle":135},{"time":63,"type":"block","angle":202.5},{"time":63,"type":"block","angle":247.5},{"type":"hold","angle2":270,"time":63.25,"duration":0.5,"angle":292.5},{"type":"hold","angle2":315,"time":63.25,"duration":0.5,"angle":292.5},{"time":64.5,"type":"block","angle":22.5},{"time":64.75,"type":"block","angle":0},{"time":65,"type":"block","angle":337.5},{"time":65.25,"type":"block","angle":0},{"type":"mineHold","angle2":292.5,"time":55.25,"duration":0,"angle":67.5},{"type":"mineHold","angle2":0,"time":56,"angle":360,"duration":2},{"type":"mineHold","angle2":-480,"time":56,"duration":2,"angle":-180},{"time":56,"type":"extraTap","angle":247.5},{"time":64.25,"type":"block","angle":0},{"type":"mineHold","angle2":45,"time":64.25,"duration":1,"angle":90},{"type":"mineHold","angle2":315,"time":64.25,"duration":1,"angle":270},{"time":65.75,"type":"block","angle":315},{"time":66.25,"type":"block","angle":45},{"time":66.75,"type":"block","angle":225},{"time":67.25,"type":"block","angle":135},{"time":65.5,"type":"inverse","angle":315},{"time":66,"type":"inverse","angle":45},{"time":66.5,"type":"inverse","angle":225},{"time":67,"type":"inverse","angle":135},{"angle":0,"holdEase":"inOutSine","angle2":0,"duration":1,"time":69.25,"spinEase":"inCubic","type":"hold"},{"type":"hold","angle2":157.5,"time":71.25,"duration":0.75,"angle":90,"holdEase":"inBack"},{"type":"hold","angle2":135,"time":72,"duration":0.75,"angle":157.5,"holdEase":"outSine"},{"type":"hold","angle2":180,"time":73.25,"duration":1,"angle":180},{"type":"mineHold","angle2":292.5,"time":69.25,"duration":0,"angle":67.5},{"type":"hold","angle2":247.5,"time":75.25,"duration":0.75,"angle":202.5,"holdEase":"inQuart"},{"type":"hold","angle2":270,"time":76,"duration":0.75,"angle":247.5,"holdEase":"outBack"},{"time":77.25,"type":"inverse","angle":292.5},{"time":78.25,"type":"inverse","angle":67.5},{"time":78.25,"type":"block","angle":67.5},{"time":79.25,"type":"inverse","angle":180},{"time":80,"type":"inverse","angle":247.5},{"time":80.75,"type":"inverse","angle":292.5},{"time":79.25,"type":"block","angle":180},{"type":"hold","angle2":382.5,"time":81.25,"duration":1,"angle":315},{"time":83.25,"type":"block","angle":157.5},{"time":85.25,"type":"block","angle":360},{"time":85.5,"type":"block","angle":337.5},{"time":85.75,"type":"block","angle":315},{"time":86,"type":"block","angle":292.5},{"time":86.25,"type":"block","angle":0},{"time":86.5,"type":"block","angle":22.5},{"time":86.75,"type":"block","angle":45},{"time":87,"type":"block","angle":67.5},{"time":87.25,"type":"block","angle":270},{"time":87.75,"type":"block","angle":225},{"time":87.5,"type":"block","angle":247.5},{"time":88,"type":"block","angle":202.5},{"time":88.25,"type":"block","angle":90},{"time":88.75,"type":"block","angle":135},{"time":88.5,"type":"block","angle":112.5},{"time":89,"type":"block","angle":157.5},{"type":"hold","angle2":225,"time":89.25,"duration":0.25,"angle":180},{"type":"hold","angle2":270,"time":89.5,"duration":0.25,"angle":225},{"type":"hold","angle2":315,"time":89.75,"duration":0.5,"angle":270},{"type":"hold","angle2":427.5,"time":90.25,"duration":1,"angle":315},{"type":"hold","angle2":90,"time":91.25,"duration":0.25,"angle":67.5},{"type":"hold","angle2":112.5,"time":91.5,"duration":0.25,"angle":90},{"type":"hold","angle2":157.5,"time":91.75,"duration":0.5,"angle":112.5},{"type":"hold","angle2":247.5,"time":92.25,"duration":1,"angle":157.5},{"time":93.5,"type":"block","angle":270},{"time":93.75,"type":"block","angle":292.5},{"time":94,"type":"block","angle":315},{"time":94.25,"type":"block","angle":90},{"time":94.5,"type":"block","angle":67.5},{"time":94.75,"type":"block","angle":45},{"time":95,"type":"block","angle":22.5},{"type":"hold","angle2":315,"time":95.25,"duration":0.25,"angle":360},{"type":"hold","angle2":22.5,"time":95.5,"duration":0.25,"angle":0},{"type":"hold","angle2":22.5,"time":95.75,"duration":0.25,"angle":45},{"type":"hold","angle2":67.5,"time":96,"duration":0.25,"angle":45},{"type":"hold","angle2":67.5,"time":96.25,"duration":0.25,"angle":90},{"type":"hold","angle2":112.5,"time":96.5,"duration":0.25,"angle":90},{"type":"hold","angle2":112.5,"time":96.75,"duration":0.25,"angle":135},{"type":"hold","angle2":157.5,"time":97,"duration":0.25,"angle":135},{"time":97.5,"type":"block","angle":180},{"time":97.75,"type":"block","angle":202.5},{"time":98,"type":"block","angle":225},{"time":98.25,"type":"block","angle":247.5},{"time":98.5,"type":"block","angle":270},{"time":98.75,"type":"block","angle":292.5},{"time":99,"type":"block","angle":315},{"type":"hold","angle2":472.5,"time":99.25,"duration":1,"angle":337.5},{"time":101.25,"type":"mine","angle":135},{"time":102.25,"type":"mine","angle":180},{"time":102.5,"type":"mine","angle":202.5},{"time":102.75,"type":"mine","angle":225},{"time":103,"type":"mine","angle":247.5},{"time":103.25,"type":"mine","angle":270},{"time":104,"type":"mine","angle":45},{"time":104.75,"type":"mine","angle":337.5},{"type":"mineHold","angle2":202.5,"time":105.25,"duration":1,"angle":247.5},{"type":"mineHold","angle2":22.5,"time":106.25,"duration":1,"angle":202.5},{"time":108,"type":"mine","angle":292.5},{"time":108.75,"type":"mine","angle":247.5},{"type":"mineHold","angle2":180,"time":109.25,"duration":1,"angle":202.5},{"time":110.5,"type":"mine","angle":157.5},{"time":110.75,"type":"mine","angle":135},{"time":111,"type":"mine","angle":112.5},{"type":"mineHold","angle2":45,"time":111.25,"duration":0.75,"angle":90},{"type":"mineHold","angle2":90,"time":112,"duration":0.75,"angle":45},{"type":"mineHold","angle2":450,"time":113.25,"duration":2,"angle":90},{"time":115.75,"type":"mine","angle":90},{"time":116,"type":"mine","angle":90},{"time":116.25,"type":"mine","angle":90},{"time":117.25,"type":"block","angle":90},{"time":118.25,"type":"block","angle":67.5},{"time":118.5,"type":"block","angle":45},{"time":118.75,"type":"block","angle":67.5},{"time":119,"type":"block","angle":45},{"type":"hold","angle2":135,"time":119.25,"duration":1,"angle":67.5},{"time":120.75,"type":"inverse","angle":157.5},{"time":121,"type":"inverse","angle":180},{"time":121.25,"type":"inverse","angle":202.5},{"time":122.25,"type":"block","angle":225},{"time":122.5,"type":"block","angle":247.5},{"time":122.75,"type":"block","angle":225},{"type":"hold","angle2":270,"time":123.25,"duration":1,"angle":225},{"time":125,"type":"inverse","angle":315},{"time":125.25,"type":"inverse","angle":337.5},{"time":126,"type":"inverse","angle":45},{"time":126.25,"type":"inverse","angle":67.5},{"time":124.75,"type":"inverse","angle":292.5},{"time":125.5,"type":"inverse","angle":22.5},{"time":126.75,"type":"inverse","angle":112.5},{"time":127,"type":"inverse","angle":135},{"time":127.25,"type":"inverse","angle":157.5},{"time":128,"type":"inverse","angle":225},{"time":128.25,"type":"inverse","angle":247.5},{"time":127.75,"type":"inverse","angle":202.5},{"type":"hold","angle2":630,"time":129.25,"duration":2,"angle":270,"holdEase":"outSine"},{"tap":true,"type":"inverse","time":133.25,"angle":270},{"time":133.5,"type":"inverse","angle":292.5},{"time":133.75,"type":"inverse","angle":315},{"tap":true,"type":"inverse","time":134.25,"angle":45},{"time":134.5,"type":"inverse","angle":67.5},{"time":134.75,"type":"inverse","angle":90},{"type":"hold","angle2":270,"angle":180,"time":135.25,"duration":0.5,"startTap":true},{"type":"hold","angle2":360,"angle":292.5,"time":136.25,"duration":1,"startTap":true},{"tap":true,"type":"inverse","time":137.25,"angle":0},{"time":137.5,"type":"inverse","angle":22.5},{"time":137.75,"type":"inverse","angle":45},{"tap":true,"type":"inverse","time":139.25,"angle":202.5},{"tap":true,"type":"inverse","time":139.5,"angle":157.5},{"tap":true,"type":"inverse","time":139.75,"angle":202.5},{"tap":true,"type":"inverse","time":140,"angle":157.5},{"holdEase":"inQuad","type":"hold","angle2":360,"duration":1,"time":140.25,"angle":180,"startTap":true},{"time":141.75,"type":"block","angle":45},{"time":142.25,"type":"block","angle":180},{"time":143.25,"type":"block","angle":270},{"time":143.75,"type":"block","angle":292.5},{"time":144.25,"type":"block","angle":315},{"time":145.125,"type":"block","angle":360},{"time":145.25,"type":"block","angle":22.5},{"time":145.375,"type":"block","angle":45},{"time":145.5,"type":"block","angle":67.5},{"time":145.625,"type":"block","angle":90},{"time":145.75,"type":"block","angle":112.5},{"time":145.875,"type":"block","angle":135},{"time":146,"type":"block","angle":157.5},{"time":146.125,"type":"block","angle":180},{"time":146.5,"type":"block","angle":202.5},{"time":146.75,"type":"block","angle":225},{"time":147,"type":"block","angle":247.5},{"time":147.25,"type":"block","angle":270},{"time":147.5,"type":"block","angle":292.5},{"time":147.75,"type":"block","angle":315},{"time":148.25,"type":"block","angle":360},{"type":"hold","angle2":0,"time":148.75,"duration":1,"angle":0},{"time":149.25,"type":"block","angle":337.5},{"time":149.5,"type":"block","angle":22.5},{"type":"mineHold","angle2":450,"time":150.25,"duration":0,"angle":270},{"time":150.25,"type":"block","angle":202.5},{"time":150.25,"type":"block","angle":157.5},{"type":"hold","angle2":360,"time":151.25,"duration":0.5,"angle":315},{"type":"hold","angle2":405,"time":151.25,"duration":0.5,"angle":360},{"time":150.75,"type":"block","angle":112.5},{"time":150.75,"type":"block","angle":67.5},{"time":152,"type":"block","angle":90},{"time":152.25,"type":"block","angle":135},{"time":152.5,"type":"block","angle":180},{"type":"hold","angle2":292.5,"time":152.75,"duration":0.5,"angle":225},{"type":"hold","angle2":270,"time":152.75,"duration":0.5,"angle":247.5},{"type":"mineHold","angle2":292.5,"time":152.75,"duration":0,"angle":517.5},{"time":153.5,"type":"block","angle":337.5},{"type":"hold","angle2":135,"time":153.75,"duration":0.5,"angle":67.5},{"type":"hold","angle2":112.5,"time":153.75,"duration":0.5,"angle":90},{"time":154.75,"type":"block","angle":157.5},{"time":155,"type":"block","angle":180},{"type":"hold","angle2":270,"time":155.25,"duration":1,"angle":202.5},{"type":"hold","angle2":292.5,"time":155.25,"duration":1,"angle":225},{"time":155.5,"type":"block","angle":247.5},{"time":156,"type":"block","angle":247.5},{"type":"hold","angle2":382.5,"time":156.75,"duration":1,"angle":315,"holdEase":"inQuad"},{"type":"hold","angle2":202.5,"time":156.75,"duration":1,"angle":135,"holdEase":"inQuad"},{"time":159.25,"type":"block","angle":45},{"time":159.5,"type":"block","angle":67.5},{"time":159.75,"type":"block","angle":90},{"time":160,"type":"block","angle":112.5},{"time":159.25,"type":"block","angle":225},{"time":159.5,"type":"block","angle":247.5},{"time":159.75,"type":"block","angle":270},{"time":160,"type":"block","angle":292.5},{"type":"hold","angle2":337.5,"time":161.75,"duration":0.75,"angle":292.5},{"type":"hold","angle2":135,"time":160.5,"duration":0.75,"angle":112.5},{"time":162.75,"type":"block","angle":0},{"time":163.5,"type":"mine","angle":180},{"time":163.75,"type":"block","angle":90},{"time":164.5,"type":"mine","angle":270},{"time":164.75,"type":"block","angle":180},{"time":165.5,"type":"mine","angle":360},{"time":165.75,"type":"block","angle":90},{"time":165.75,"type":"block","angle":67.5},{"time":165.75,"type":"block","angle":270},{"time":165.75,"type":"block","angle":247.5},{"type":"hold","angle2":-270,"time":166.25,"duration":2,"angle":90},{"type":"hold","angle2":-90,"time":166.25,"duration":2,"angle":270},{"time":168.75,"type":"block","angle":180},{"time":168.75,"type":"block","angle":360},{"time":169.25,"type":"block","angle":180},{"time":169.5,"type":"block","angle":180},{"time":169.75,"type":"block","angle":180},{"time":169.5,"type":"block","angle":0},{"time":169.75,"type":"block","angle":0},{"type":"hold","angle2":45,"time":170.25,"duration":1,"angle":0},{"type":"hold","angle2":292.5,"time":171.25,"duration":1,"angle":225},{"type":"hold","angle2":405,"time":172.25,"duration":1,"angle":292.5},{"time":173.25,"type":"block","angle":90},{"time":174.75,"type":"mine","angle":292.5},{"time":174.75,"type":"mine","angle":112.5},{"time":175.5,"type":"mine","angle":45},{"time":175.5,"type":"mine","angle":225},{"type":"mineHold","angle2":202.5,"time":176.25,"duration":1,"angle":157.5,"holdEase":"inOutSine"},{"type":"mineHold","angle2":157.5,"time":177.25,"duration":1,"angle":202.5,"holdEase":"inOutSine"},{"type":"mineHold","angle2":405,"time":176.25,"duration":1,"angle":337.5,"holdEase":"inOutSine"},{"type":"mineHold","angle2":-22.5,"time":177.25,"duration":1,"angle":45,"holdEase":"inOutSine"},{"type":"mineHold","angle2":472.5,"time":179.75,"duration":1,"angle":337.5,"holdEase":"inBack"},{"type":"mineHold","angle2":292.5,"time":179.75,"duration":1,"angle":157.5,"holdEase":"inBack"},{"type":"mineHold","angle2":112.5,"time":181,"duration":0.5,"angle":157.5,"holdEase":"outQuad"},{"type":"mineHold","angle2":157.5,"time":181.5,"duration":0.5,"angle":112.5,"holdEase":"outQuad"},{"type":"mineHold","angle2":292.5,"time":181,"duration":0.5,"angle":337.5,"holdEase":"outQuad"},{"type":"mineHold","angle2":-22.5,"time":181.5,"duration":0.5,"angle":-67.5,"holdEase":"inOutQuad"},{"time":183.75,"type":"block","angle":225},{"time":184,"type":"block","angle":247.5},{"time":184.25,"type":"block","angle":315},{"type":"hold","angle2":270,"time":184.5,"duration":0.25,"angle":315},{"time":185.25,"type":"block","angle":112.5},{"time":185.5,"type":"block","angle":90},{"time":185.75,"type":"block","angle":157.5},{"time":185.75,"type":"block","angle":135},{"time":186.5,"type":"block","angle":202.5},{"time":186.25,"type":"block","angle":180},{"time":186.75,"type":"block","angle":247.5},{"time":187,"type":"block","angle":225},{"type":"hold","angle2":112.5,"time":188.25,"duration":1,"angle":180},{"type":"hold","angle2":22.5,"time":188.25,"duration":1,"angle":45},{"tap":true,"type":"block","time":188.75,"angle":90},{"type":"hold","angle2":225,"time":190.5,"duration":1,"angle":337.5},{"type":"hold","angle2":157.5,"time":190.5,"duration":1,"angle":202.5},{"tap":true,"type":"block","time":191,"angle":225},{"type":"mineHold","angle2":517.5,"time":192.75,"duration":0,"angle":202.5},{"type":"mineHold","angle2":180,"time":193.25,"duration":2,"angle":180},{"type":"mineHold","angle2":360,"time":193.25,"duration":2,"angle":360},{"time":193.5,"type":"mine","angle":22.5},{"time":193.75,"type":"mine","angle":45},{"time":194,"type":"mine","angle":67.5},{"time":194.5,"type":"mine","angle":112.5},{"time":194.75,"type":"mine","angle":135},{"time":195,"type":"mine","angle":157.5},{"time":194.25,"type":"mine","angle":90},{"time":193.5,"type":"mine","angle":202.5},{"time":193.75,"type":"mine","angle":225},{"time":194,"type":"mine","angle":247.5},{"time":194.25,"type":"mine","angle":270},{"time":194.5,"type":"mine","angle":292.5},{"time":194.75,"type":"mine","angle":315},{"time":195,"type":"mine","angle":337.5},{"type":"mineHold","angle2":540,"time":195.75,"duration":1.75,"angle":180,"holdEase":"outQuad"},{"type":"mineHold","angle2":382.5,"time":195.75,"duration":1.75,"angle":0,"holdEase":"outQuad"},{"type":"mineHold","angle2":270,"time":197.5,"duration":1,"angle":225},{"type":"mineHold","angle2":315,"time":197.5,"duration":1,"angle":292.5},{"type":"mineHold","angle2":585,"time":197.5,"duration":0,"angle":292.5},{"time":199,"type":"mine","angle":292.5},{"time":199.25,"type":"mine","angle":315},{"time":199.5,"type":"mine","angle":337.5},{"time":199.75,"type":"mine","angle":360},{"time":200,"type":"mine","angle":22.5},{"time":199,"type":"mine","angle":0},{"time":199.25,"type":"mine","angle":22.5},{"time":199.5,"type":"mine","angle":45},{"time":200,"type":"mine","angle":90},{"type":"mineHold","angle2":270,"time":199,"duration":0,"angle":45},{"time":200.25,"type":"block","angle":67.5},{"type":"hold","angle2":67.5,"time":201.75,"duration":1,"angle":67.5},{"type":"hold","angle2":22.5,"time":202.75,"duration":1,"angle":67.5,"holdEase":"inSine"},{"type":"hold","angle2":-90,"time":203.75,"duration":1,"angle":22.5},{"type":"hold","angle2":315,"time":204.75,"duration":0.75,"angle":270},{"type":"hold","angle2":247.5,"time":205.5,"duration":0.75,"angle":315},{"type":"hold","angle2":247.5,"time":206.25,"duration":1,"angle":247.5},{"type":"hold","angle2":157.5,"time":207.25,"duration":1,"angle":247.5,"holdEase":"outQuad"},{"type":"hold","angle2":135,"time":208.25,"duration":0.75,"angle":135},{"type":"hold","angle2":135,"time":208.25,"duration":0.75,"angle":157.5},{"type":"hold","angle2":180,"time":209,"duration":0.75,"angle":135},{"type":"hold","angle2":742.5,"time":210.25,"duration":3,"angle":202.5},{"time":211.25,"type":"block","angle":22.5},{"time":212.25,"type":"block","angle":202.5},{"time":213.75,"type":"block","angle":67.5},{"time":214,"type":"block","angle":90},{"time":214.25,"type":"block","angle":112.5},{"time":214.5,"type":"block","angle":135},{"time":215.25,"type":"block","angle":157.5},{"time":215.25,"type":"block","angle":202.5},{"time":216.25,"type":"block","angle":202.5},{"time":216.25,"type":"block","angle":247.5},{"time":216.75,"type":"block","angle":225},{"time":216.75,"type":"block","angle":270},{"time":217.25,"type":"block","angle":247.5},{"time":217.25,"type":"block","angle":292.5},{"time":217.75,"type":"block","angle":270},{"time":217.75,"type":"block","angle":315},{"time":218.25,"type":"block","angle":292.5},{"time":218.25,"type":"block","angle":337.5},{"time":218.75,"type":"block","angle":315},{"time":218.75,"type":"block","angle":360},{"time":219.25,"type":"block","angle":360},{"time":219.5,"type":"block","angle":22.5},{"time":219.75,"type":"block","angle":45},{"time":220.25,"type":"block","angle":90},{"time":220.5,"type":"block","angle":112.5},{"time":220.75,"type":"block","angle":135},{"time":221.25,"type":"block","angle":315},{"time":221.5,"type":"block","angle":292.5},{"time":221.75,"type":"block","angle":270},{"time":222.25,"type":"block","angle":180},{"time":222.5,"type":"block","angle":157.5},{"time":222.75,"type":"block","angle":135},{"type":"hold","angle2":0,"time":224.25,"duration":2,"angle":360},{"type":"mineHold","angle2":22.5,"time":86,"duration":0,"angle":225},{"type":"mineHold","angle2":135,"time":87,"duration":0,"angle":360},{"type":"mineHold","angle2":157.5,"time":119,"duration":1,"angle":90},{"type":"mineHold","angle2":90,"time":119.25,"duration":1,"angle":22.5},{"type":"mineHold","angle2":247.5,"time":123.25,"duration":1,"angle":202.5},{"type":"mineHold","angle2":315,"time":123.25,"duration":1,"angle":270},{"time":123,"type":"block","angle":247.5},{"type":"mineHold","angle2":112.5,"time":139,"duration":0,"angle":-112.5},{"type":"mineHold","angle2":495,"time":143,"duration":2,"angle":315},{"type":"mineHold","angle2":630,"time":93,"duration":1,"angle":315},{"type":"mineHold","angle2":0,"time":202,"duration":1,"angle":0},{"type":"mineHold","angle2":225,"time":203,"duration":1,"angle":360},{"type":"mineHold","angle2":202.5,"time":204,"duration":2,"angle":225},{"type":"mineHold","angle2":202.5,"time":206,"duration":1,"angle":202.5},{"type":"mineHold","angle2":135,"time":202,"duration":1,"angle":135},{"type":"mineHold","angle2":67.5,"time":203,"duration":1,"angle":135},{"type":"mineHold","angle2":22.5,"time":204,"duration":1,"angle":67.5},{"type":"mineHold","angle2":337.5,"time":205,"duration":1,"angle":382.5},{"type":"mineHold","angle2":225,"time":213.5,"duration":1,"angle":135},{"type":"mineHold","angle2":360,"time":216,"duration":1,"angle":270},{"type":"mineHold","angle2":247.5,"time":216,"duration":2,"angle":135},{"type":"mineHold","angle2":135,"time":220.5,"duration":1,"angle":67.5},{"type":"mineHold","angle2":405,"time":219.5,"duration":1,"angle":315},{"type":"mineHold","angle2":112.5,"time":223,"duration":1,"angle":202.5},{"time":1.75,"type":"block","angle":292.5},{"type":"hold","angle2":202.5,"time":20.5,"duration":0.5,"angle":157.5},{"time":153.5,"type":"block","angle":22.5}]