{"properties":{"startBeat":0,"formatversion":12,"offset":8,"speed":70},"metadata":{"songName":"All my fellas","difficulty":0,"bg":true,"artistLink":"","bgData":{"redChannel":{"g":0,"b":0,"r":255},"image":"miniatura.png","blueChannel":{"g":115,"b":252,"r":45}},"artist":"Frizk (best furry ngl)","charter":"Vendochurros (BmmX3)","description":"hell yeah (side notes suck)"},"events":[{"volume":1,"offset":0.023000000044703,"time":-5,"file":"songowo.ogg","angle":45,"bpm":160,"type":"play"},{"g":247,"type":"setColor","time":-4,"b":240,"angle":202.5,"color":2,"r":0},{"g":255,"type":"setColor","time":-4,"b":0,"angle":180,"color":3,"r":98},{"type":"setBgColor","angle":67.5,"color":1,"time":-4},{"type":"setBgColor","angle":22.5,"color":2,"time":-3.5},{"type":"setBgColor","angle":45,"color":3,"time":-3},{"type":"setBgColor","angle":22.5,"color":0,"time":-2.5},{"type":"setBgColor","angle":135,"color":1,"time":1.25},{"type":"setBgColor","angle":157.5,"color":2,"time":1.5},{"type":"setBgColor","angle":202.5,"color":3,"time":1.75},{"type":"setBgColor","angle":247.5,"color":3,"time":1.75},{"type":"setBgColor","angle":292.5,"color":1,"time":2},{"type":"setBgColor","angle":315,"color":2,"time":2.25},{"type":"setBgColor","angle":337.5,"color":3,"time":2.5},{"type":"setBgColor","angle":22.5,"color":1,"time":2.75},{"type":"setBgColor","angle":45,"color":0,"time":3},{"type":"setBgColor","angle":247.5,"color":1,"time":9.25},{"type":"setBgColor","angle":225,"color":2,"time":9.5},{"type":"setBgColor","angle":202.5,"color":3,"time":9.75},{"type":"setBgColor","angle":180,"color":1,"time":10},{"type":"setBgColor","angle":157.5,"color":2,"time":10.25},{"type":"setBgColor","angle":135,"color":3,"time":10.5},{"type":"setBgColor","angle":112.5,"color":1,"time":10.75},{"type":"setBgColor","angle":90,"color":2,"time":11},{"type":"setBgColor","angle":67.5,"color":3,"time":11.25},{"type":"setBgColor","angle":45,"color":1,"time":11.5},{"type":"setBgColor","angle":22.5,"color":2,"time":11.75},{"type":"setBgColor","angle":360,"color":3,"time":12},{"type":"setBgColor","angle":337.5,"color":1,"time":12.25},{"type":"setBgColor","angle":315,"color":2,"time":12.5},{"type":"setBgColor","angle":292.5,"color":3,"time":12.75},{"type":"setBgColor","angle":270,"color":1,"time":13},{"type":"setBgColor","angle":157.5,"color":0,"time":13.25},{"type":"setBgColor","angle":67.5,"color":1,"time":14.25},{"type":"setBgColor","angle":270,"color":2,"time":15.25},{"type":"setBgColor","angle":315,"color":3,"time":16},{"type":"setBgColor","angle":315,"color":0,"time":17.25},{"type":"setBgColor","angle":90,"color":1,"time":18.25},{"type":"setBgColor","angle":337.5,"color":2,"time":19.25},{"type":"setBgColor","angle":225,"color":3,"time":20.25},{"enable":true,"type":"outline","time":13.25,"color":1,"angle":135},{"enable":true,"type":"outline","time":14.25,"color":2,"angle":22.5},{"enable":true,"type":"outline","time":15.25,"color":3,"angle":180},{"enable":true,"type":"outline","time":16,"color":0,"angle":225},{"enable":true,"type":"outline","time":17.25,"color":1,"angle":337.5},{"enable":true,"type":"outline","time":18.25,"color":2,"angle":112.5},{"enable":true,"type":"outline","time":19.25,"color":3,"angle":0},{"enable":true,"type":"outline","time":20.25,"color":0,"angle":202.5},{"enable":true,"type":"outline","time":21.25,"color":1,"angle":247.5},{"enable":true,"type":"outline","time":22.25,"color":2,"angle":247.5},{"enable":true,"type":"outline","time":23.25,"color":3,"angle":202.5},{"enable":true,"type":"outline","time":24.25,"color":0,"angle":202.5},{"enable":true,"type":"outline","time":25.25,"color":1,"angle":315},{"enable":true,"type":"outline","time":26.25,"color":2,"angle":202.5},{"enable":true,"type":"outline","time":27.25,"color":3,"angle":270},{"type":"setBgColor","angle":225,"color":0,"time":21.25},{"type":"setBgColor","angle":225,"color":1,"time":22.25},{"type":"setBgColor","angle":225,"color":2,"time":23.25},{"type":"setBgColor","angle":225,"color":3,"time":24.25},{"type":"setBgColor","angle":337.5,"color":0,"time":25.25},{"type":"setBgColor","angle":225,"color":1,"time":26.25},{"type":"setBgColor","angle":292.5,"color":2,"time":27.25},{"type":"setBgColor","angle":225,"color":3,"time":28.25},{"type":"setBgColor","angle":225,"color":0,"time":29.25},{"enable":true,"type":"outline","time":28.25,"color":0,"angle":247.5},{"enable":true,"type":"outline","time":29.25,"color":1,"angle":202.5},{"type":"setBgColor","angle":112.5,"color":1,"time":30.25},{"enable":true,"type":"outline","time":30.25,"color":2,"angle":135},{"type":"setBgColor","angle":292.5,"color":2,"time":31.25},{"enable":true,"type":"outline","time":31.25,"color":3,"angle":270},{"enable":true,"type":"outline","time":32.25,"color":0,"angle":202.5},{"type":"setBgColor","angle":157.5,"color":3,"time":32.25},{"type":"setBgColor","angle":202.5,"color":0,"time":33.25},{"type":"setBgColor","angle":90,"color":1,"time":34.25},{"type":"setBgColor","angle":270,"color":2,"time":35.25},{"type":"setBgColor","angle":270,"color":3,"time":36.25},{"type":"setBgColor","angle":270,"color":0,"time":37.25},{"type":"setBgColor","angle":270,"color":1,"time":38.25},{"type":"setBgColor","angle":135,"color":2,"time":39.25},{"type":"setBgColor","angle":247.5,"color":3,"time":40.25},{"type":"setBgColor","angle":225,"color":0,"time":41.25},{"type":"setBgColor","angle":225,"color":1,"time":42.25},{"type":"setBgColor","angle":225,"color":2,"time":43.25},{"enable":true,"type":"outline","time":34.25,"color":2,"angle":112.5},{"enable":true,"type":"outline","time":35.25,"color":3,"angle":292.5},{"enable":true,"type":"outline","time":36.25,"color":0,"angle":292.5},{"enable":true,"type":"outline","time":37.25,"color":1,"angle":292.5},{"enable":true,"type":"outline","time":38.25,"color":2,"angle":292.5},{"enable":true,"type":"outline","time":39.25,"color":3,"angle":67.5},{"enable":true,"type":"outline","time":40.25,"color":0,"angle":270},{"enable":true,"type":"outline","time":41.25,"color":1,"angle":202.5},{"enable":true,"type":"outline","time":42.25,"color":2,"angle":202.5},{"enable":true,"type":"outline","time":43.25,"color":3,"angle":202.5},{"enable":true,"type":"outline","time":44.25,"color":0,"angle":202.5},{"enable":true,"type":"outline","time":45.25,"color":1,"angle":202.5},{"enable":true,"type":"outline","time":46.25,"color":2,"angle":202.5},{"enable":true,"type":"outline","time":47.25,"color":3,"angle":202.5},{"enable":true,"type":"outline","time":48.25,"color":0,"angle":202.5},{"enable":true,"type":"outline","time":49.25,"color":1,"angle":202.5},{"enable":true,"type":"outline","time":50.25,"color":2,"angle":202.5},{"enable":true,"type":"outline","time":51.25,"color":3,"angle":202.5},{"enable":true,"type":"outline","time":52.25,"color":0,"angle":157.5},{"enable":true,"type":"outline","time":53.25,"color":1,"angle":202.5},{"enable":true,"type":"outline","time":54.25,"color":2,"angle":202.5},{"enable":true,"type":"outline","time":55.25,"color":3,"angle":202.5},{"enable":true,"type":"outline","time":56.25,"color":0,"angle":202.5},{"enable":true,"type":"outline","time":57.25,"color":1,"angle":202.5},{"enable":true,"type":"outline","time":58.25,"color":2,"angle":202.5},{"enable":true,"type":"outline","time":59.25,"color":3,"angle":202.5},{"type":"setBgColor","angle":270,"color":0,"time":-4.5},{"enable":true,"type":"outline","time":-4.5,"color":0,"angle":315},{"type":"setBgColor","angle":67.5,"color":1,"time":3},{"type":"setBgColor","angle":90,"color":2,"time":3.25},{"type":"setBgColor","angle":112.5,"color":3,"time":3.25},{"type":"setBgColor","angle":135,"color":0,"time":3.5},{"type":"setBgColor","angle":157.5,"color":1,"time":3.75},{"type":"setBgColor","angle":202.5,"color":0,"time":4.25},{"type":"setBgColor","angle":225,"color":3,"time":44.25},{"type":"setBgColor","angle":225,"color":0,"time":45.25},{"type":"setBgColor","angle":225,"color":1,"time":46.25},{"type":"setBgColor","angle":225,"color":2,"time":47.25},{"type":"setBgColor","angle":225,"color":3,"time":48.25},{"type":"setBgColor","angle":225,"color":0,"time":49.25},{"type":"setBgColor","angle":225,"color":1,"time":50.25},{"type":"setBgColor","angle":225,"color":2,"time":51.25},{"type":"setBgColor","angle":225,"color":3,"time":52.25},{"type":"setBgColor","angle":225,"color":0,"time":53.25},{"type":"setBgColor","angle":225,"color":1,"time":54.25},{"type":"setBgColor","angle":225,"color":2,"time":55.25},{"type":"setBgColor","angle":225,"color":3,"time":56.25},{"type":"setBgColor","angle":225,"color":0,"time":57.25},{"type":"setBgColor","angle":225,"color":1,"time":58.25},{"type":"setBgColor","angle":225,"color":2,"time":59.25},{"type":"setBgColor","angle":225,"color":0,"time":60.25},{"enable":true,"type":"outline","time":60.25,"color":0,"angle":202.5},{"type":"setColor","time":-4,"angle":225,"color":1,"r":255},{"g":255,"type":"setColor","time":45.5,"b":255,"angle":135,"color":0,"r":255},{"type":"setBPM","time":66.25,"bpm":80,"angle":135},{"g":12,"type":"setColor","time":61.25,"b":12,"angle":292.5,"color":0,"r":13},{"g":255,"type":"setColor","time":61.25,"b":255,"angle":315,"color":1,"r":255},{"type":"setBgColor","angle":247.5,"color":0,"time":61.25},{"enable":true,"type":"outline","time":61.25,"color":1,"angle":270},{"paddle":0,"newWidth":50,"ease":"linear","angle":45,"time":60.25,"duration":0,"type":"paddles"},{"paddle":1,"newWidth":70,"ease":"linear","angle":45,"time":60,"duration":0,"type":"paddles"},{"paddle":1,"newWidth":50,"ease":"linear","angle":45,"time":59.75,"duration":0,"type":"paddles"},{"paddle":1,"newWidth":70,"ease":"linear","angle":45,"time":59.5,"duration":0,"type":"paddles"},{"paddle":1,"newWidth":50,"ease":"linear","angle":45,"time":59.25,"duration":0,"type":"paddles"},{"paddle":1,"newWidth":70,"ease":"linear","angle":45,"time":60.5,"duration":0,"type":"paddles"},{"paddle":1,"newWidth":50,"ease":"linear","angle":45,"time":60.75,"duration":0,"type":"paddles"},{"g":255,"type":"setColor","time":67.5,"b":255,"angle":157.5,"color":0,"r":255},{"g":0,"type":"setColor","time":67.625,"b":0,"angle":180,"color":0,"r":0},{"g":255,"type":"setColor","time":67.75,"b":255,"angle":157.5,"color":0,"r":255},{"g":0,"type":"setColor","time":67.75,"b":0,"angle":202.5,"color":1,"r":0},{"g":0,"type":"setColor","time":67.5,"b":0,"angle":202.5,"color":1,"r":0},{"g":255,"type":"setColor","time":67.625,"b":255,"angle":225,"color":1,"r":255},{"g":0,"type":"setColor","time":68,"b":0,"angle":180,"color":0,"r":0},{"g":255,"type":"setColor","time":68.25,"b":255,"angle":180,"color":0,"r":255},{"g":0,"type":"setColor","time":68.5,"b":0,"angle":180,"color":0,"r":0},{"g":255,"type":"setColor","time":68.75,"b":255,"angle":180,"color":0,"r":255},{"ease":"inOutElastic","angle":112.5,"paddle":1,"newWidth":70,"duration":2,"time":67,"type":"paddles","newAngle":180},{"type":"setBPM","time":74.25,"bpm":160,"angle":360},{"paddle":1,"ease":"inOutBack","time":82.75,"angle":22.5,"duration":1.5,"type":"paddles","newAngle":0},{"ease":"inOutSine","angle":135,"paddle":1,"time":100.25,"newWidth":235,"duration":1,"type":"paddles","newAngle":180},{"ease":"outQuad","angle":67.5,"paddle":1,"time":116.25,"newWidth":30,"duration":0.5,"type":"paddles","newAngle":0},{"paddle":1,"newWidth":70,"ease":"outSine","angle":247.5,"time":129.25,"duration":2,"type":"paddles"},{"type":"setBPM","time":153.25,"bpm":80,"angle":22.5},{"type":"setBgColor","angle":337.5,"color":0,"time":148.25},{"enable":true,"type":"outline","time":148.25,"color":1,"angle":315},{"g":0,"type":"setColor","time":148.25,"b":0,"angle":22.5,"color":0,"r":0},{"g":255,"type":"setColor","time":148.75,"b":255,"angle":22.5,"color":1,"r":255},{"g":0,"type":"setColor","time":148.25,"b":0,"angle":45,"color":1,"r":0},{"paddle":1,"newWidth":50,"ease":"linear","angle":67.5,"time":148.5,"duration":0,"type":"paddles"},{"enabled":true,"ease":"outSine","angle":315,"paddle":2,"time":156.25,"duration":0.5,"type":"paddles","newWidth":70},{"enabled":true,"ease":"outSine","angle":337.5,"paddle":1,"type":"paddles","newAngle":180,"duration":0.5,"newWidth":70,"time":156.25},{"g":0,"type":"setColor","time":156.75,"b":0,"angle":337.5,"color":1,"r":255},{"g":255,"type":"setColor","time":156.75,"b":255,"angle":360,"color":0,"r":255},{"type":"setBPM","time":161.75,"bpm":180,"angle":270},{"ease":"inQuad","angle":247.5,"paddle":1,"time":181.75,"newWidth":70,"duration":1,"type":"paddles","newAngle":0},{"paddle":1,"newWidth":160,"ease":"outQuad","angle":202.5,"time":187.25,"duration":0.5,"type":"paddles"},{"paddle":1,"newWidth":30,"ease":"outQuad","angle":135,"time":191.5,"duration":0.5,"type":"paddles"},{"paddle":2,"enabled":false,"type":"paddles","time":191.5,"duration":0.5,"angle":112.5,"ease":"linear"},{"paddle":1,"newWidth":70,"ease":"outQuad","angle":45,"time":200.25,"duration":1,"type":"paddles"},{"type":"setBPM","time":231.25,"bpm":80,"angle":67.5},{"g":0,"type":"setColor","time":226.25,"b":0,"angle":67.5,"color":0,"r":0},{"g":255,"type":"setColor","time":226.25,"b":255,"angle":90,"color":1,"r":255},{"g":0,"type":"setColor","time":226.5,"b":0,"angle":90,"color":1,"r":0},{"g":255,"type":"setColor","time":226.75,"b":255,"angle":90,"color":1,"r":255},{"g":0,"type":"setColor","time":227,"b":0,"angle":90,"color":1,"r":0},{"g":255,"type":"setColor","time":227.25,"b":255,"angle":90,"color":1,"r":255},{"time":227.25,"type":"showResults","angle":112.5},{"g":0,"type":"setColor","time":68.75,"b":0,"angle":157.5,"color":1,"r":255},{"type":"setBgColor","angle":337.5,"color":1,"time":69.25},{"enable":true,"type":"outline","time":69.25,"color":2,"angle":22.5},{"enable":true,"type":"outline","time":70.25,"color":3,"angle":22.5},{"enable":true,"type":"outline","time":71.25,"color":0,"angle":22.5},{"enable":true,"type":"outline","time":72.25,"color":1,"angle":22.5},{"enable":true,"type":"outline","time":73.25,"color":2,"angle":22.5},{"enable":true,"type":"outline","time":74.25,"color":3,"angle":22.5},{"enable":true,"type":"outline","time":75.25,"color":0,"angle":22.5},{"enable":true,"type":"outline","time":76.25,"color":1,"angle":22.5},{"enable":true,"type":"outline","time":77.25,"color":2,"angle":22.5},{"enable":true,"type":"outline","time":78.25,"color":3,"angle":22.5},{"type":"setBgColor","angle":337.5,"color":1,"time":70.25},{"type":"setBgColor","angle":337.5,"color":1,"time":71.25},{"type":"setBgColor","angle":337.5,"color":2,"time":72.25},{"type":"setBgColor","angle":337.5,"color":3,"time":73.25},{"type":"setBgColor","angle":337.5,"color":0,"time":74.25},{"type":"setBgColor","angle":337.5,"color":1,"time":75.25},{"type":"setBgColor","angle":337.5,"color":1,"time":76.25},{"type":"setBgColor","angle":337.5,"color":2,"time":77.25},{"type":"setBgColor","angle":337.5,"color":3,"time":78.25},{"enable":true,"type":"outline","time":79.25,"color":0,"angle":22.5},{"enable":true,"type":"outline","time":80.25,"color":1,"angle":22.5},{"type":"setBgColor","angle":337.5,"color":1,"time":79.25},{"type":"setBgColor","angle":337.5,"color":2,"time":80.25},{"type":"setBgColor","angle":0,"color":3,"time":81.25},{"type":"setBgColor","angle":337.5,"color":0,"time":82.25},{"type":"setBgColor","angle":360,"color":1,"time":83.25},{"type":"setBgColor","angle":0,"color":2,"time":84.25},{"type":"setBgColor","angle":22.5,"color":3,"time":85.25},{"type":"setBgColor","angle":337.5,"color":0,"time":86.25},{"type":"setBgColor","angle":0,"color":1,"time":87.25},{"type":"setBgColor","angle":0,"color":2,"time":88.25},{"type":"setBgColor","angle":0,"color":3,"time":89.25},{"type":"setBgColor","angle":0,"color":0,"time":90.25},{"type":"setBgColor","angle":0,"color":1,"time":91.25},{"type":"setBgColor","angle":360,"color":2,"time":92.25},{"type":"setBgColor","angle":0,"color":3,"time":93.25},{"type":"setBgColor","angle":0,"color":0,"time":94.25},{"type":"setBgColor","angle":270,"color":1,"time":95.25},{"type":"setBgColor","angle":292.5,"color":2,"time":96.25},{"type":"setBgColor","angle":0,"color":3,"time":97.25},{"type":"setBgColor","angle":0,"color":0,"time":98.25},{"type":"setBgColor","angle":270,"color":1,"time":99.25},{"type":"setBgColor","angle":0,"color":2,"time":100.25},{"type":"setBgColor","angle":0,"color":3,"time":101.25},{"type":"setBgColor","angle":0,"color":0,"time":102.25},{"type":"setBgColor","angle":0,"color":1,"time":103.25},{"type":"setBgColor","angle":0,"color":2,"time":104.25},{"type":"setBgColor","angle":360,"color":3,"time":105.25},{"type":"setBgColor","angle":0,"color":0,"time":106.25},{"type":"setBgColor","angle":0,"color":1,"time":107.25},{"type":"setBgColor","angle":0,"color":2,"time":108.25},{"type":"setBgColor","angle":360,"color":3,"time":109.25},{"type":"setBgColor","angle":0,"color":0,"time":110.25},{"type":"setBgColor","angle":360,"color":1,"time":111.25},{"type":"setBgColor","angle":0,"color":2,"time":112.25},{"type":"setBgColor","angle":360,"color":3,"time":113.25},{"type":"setBgColor","angle":0,"color":0,"time":114.25},{"type":"setBgColor","angle":0,"color":1,"time":115.25},{"type":"setBgColor","angle":360,"color":2,"time":116.25},{"type":"setBgColor","angle":360,"color":3,"time":117.25},{"type":"setBgColor","angle":0,"color":0,"time":118.25},{"type":"setBgColor","angle":0,"color":1,"time":119.25},{"type":"setBgColor","angle":360,"color":2,"time":120.25},{"type":"setBgColor","angle":360,"color":3,"time":121.25},{"type":"setBgColor","angle":360,"color":0,"time":122.25},{"type":"setBgColor","angle":360,"color":1,"time":123.25},{"type":"setBgColor","angle":360,"color":2,"time":124.25},{"type":"setBgColor","angle":0,"color":3,"time":125.25},{"type":"setBgColor","angle":0,"color":0,"time":126.25},{"type":"setBgColor","angle":0,"color":1,"time":127.25},{"type":"setBgColor","angle":0,"color":2,"time":128.25},{"type":"setBgColor","angle":0,"color":3,"time":129.25},{"type":"setBgColor","angle":360,"color":0,"time":130.25},{"type":"setBgColor","angle":0,"color":1,"time":131.25},{"type":"setBgColor","angle":360,"color":2,"time":132.25},{"type":"setBgColor","angle":360,"color":3,"time":133.25},{"type":"setBgColor","angle":360,"color":0,"time":134.25},{"type":"setBgColor","angle":360,"color":1,"time":135.25},{"type":"setBgColor","angle":0,"color":2,"time":136.25},{"type":"setBgColor","angle":270,"color":3,"time":137.25},{"type":"setBgColor","angle":0,"color":0,"time":138.25},{"type":"setBgColor","angle":360,"color":1,"time":139.25},{"type":"setBgColor","angle":360,"color":2,"time":140.25},{"type":"setBgColor","angle":22.5,"color":3,"time":141.25},{"type":"setBgColor","angle":0,"color":0,"time":142.25},{"type":"setBgColor","angle":0,"color":1,"time":143.25},{"type":"setBgColor","angle":360,"color":2,"time":144.25},{"type":"setBgColor","angle":337.5,"color":3,"time":145.25},{"type":"setBgColor","angle":0,"color":0,"time":146.25},{"type":"setBgColor","angle":0,"color":1,"time":147.25},{"enable":true,"type":"outline","time":81.25,"color":2,"angle":22.5},{"enable":true,"type":"outline","time":82.25,"color":3,"angle":45},{"enable":true,"type":"outline","time":83.25,"color":0,"angle":22.5},{"enable":true,"type":"outline","time":84.25,"color":1,"angle":337.5},{"enable":true,"type":"outline","time":85.25,"color":2,"angle":45},{"enable":true,"type":"outline","time":86.25,"color":3,"angle":315},{"enable":true,"type":"outline","time":87.25,"color":0,"angle":22.5},{"enable":true,"type":"outline","time":88.25,"color":1,"angle":337.5},{"enable":true,"type":"outline","time":89.25,"color":2,"angle":22.5},{"enable":true,"type":"outline","time":90.25,"color":3,"angle":22.5},{"enable":true,"type":"outline","time":91.25,"color":0,"angle":337.5},{"enable":true,"type":"outline","time":92.25,"color":1,"angle":22.5},{"enable":true,"type":"outline","time":93.25,"color":2,"angle":337.5},{"enable":true,"type":"outline","time":94.25,"color":3,"angle":22.5},{"enable":true,"type":"outline","time":95.25,"color":0,"angle":292.5},{"enable":true,"type":"outline","time":96.25,"color":1,"angle":315},{"enable":true,"type":"outline","time":97.25,"color":2,"angle":22.5},{"enable":true,"type":"outline","time":98.25,"color":3,"angle":337.5},{"enable":true,"type":"outline","time":99.25,"color":0,"angle":292.5},{"enable":true,"type":"outline","time":100.25,"color":1,"angle":22.5},{"enable":true,"type":"outline","time":101.25,"color":2,"angle":337.5},{"enable":true,"type":"outline","time":102.25,"color":3,"angle":22.5},{"enable":true,"type":"outline","time":103.25,"color":0,"angle":337.5},{"enable":true,"type":"outline","time":104.25,"color":1,"angle":22.5},{"enable":true,"type":"outline","time":105.25,"color":2,"angle":337.5},{"enable":true,"type":"outline","time":106.25,"color":3,"angle":22.5},{"enable":true,"type":"outline","time":107.25,"color":0,"angle":337.5},{"enable":true,"type":"outline","time":108.25,"color":1,"angle":22.5},{"enable":true,"type":"outline","time":109.25,"color":2,"angle":337.5},{"enable":true,"type":"outline","time":110.25,"color":3,"angle":22.5},{"enable":true,"type":"outline","time":111.25,"color":0,"angle":337.5},{"enable":true,"type":"outline","time":112.25,"color":1,"angle":22.5},{"enable":true,"type":"outline","time":113.25,"color":2,"angle":337.5},{"enable":true,"type":"outline","time":114.25,"color":3,"angle":22.5},{"enable":true,"type":"outline","time":115.25,"color":0,"angle":337.5},{"enable":true,"type":"outline","time":116.25,"color":1,"angle":22.5},{"enable":true,"type":"outline","time":117.25,"color":2,"angle":337.5},{"enable":true,"type":"outline","time":118.25,"color":3,"angle":22.5},{"enable":true,"type":"outline","time":119.25,"color":0,"angle":337.5},{"enable":true,"type":"outline","time":120.25,"color":1,"angle":22.5},{"enable":true,"type":"outline","time":121.25,"color":2,"angle":337.5},{"enable":true,"type":"outline","time":122.25,"color":3,"angle":22.5},{"enable":true,"type":"outline","time":123.25,"color":0,"angle":337.5},{"enable":true,"type":"outline","time":124.25,"color":1,"angle":22.5},{"enable":true,"type":"outline","time":125.25,"color":2,"angle":45},{"enable":true,"type":"outline","time":126.25,"color":3,"angle":337.5},{"enable":true,"type":"outline","time":127.25,"color":0,"angle":22.5},{"enable":true,"type":"outline","time":128.25,"color":1,"angle":337.5},{"enable":true,"type":"outline","time":129.25,"color":2,"angle":22.5},{"enable":true,"type":"outline","time":130.25,"color":3,"angle":337.5},{"enable":true,"type":"outline","time":131.25,"color":0,"angle":22.5},{"enable":true,"type":"outline","time":132.25,"color":1,"angle":337.5},{"enable":true,"type":"outline","time":133.25,"color":2,"angle":22.5},{"enable":true,"type":"outline","time":134.25,"color":3,"angle":337.5},{"enable":true,"type":"outline","time":135.25,"color":0,"angle":22.5},{"enable":true,"type":"outline","time":136.25,"color":1,"angle":337.5},{"enable":true,"type":"outline","time":137.25,"color":2,"angle":292.5},{"enable":true,"type":"outline","time":138.25,"color":3,"angle":22.5},{"enable":true,"type":"outline","time":139.25,"color":0,"angle":337.5},{"enable":true,"type":"outline","time":140.25,"color":1,"angle":22.5},{"enable":true,"type":"outline","time":141.25,"color":2,"angle":45},{"enable":true,"type":"outline","time":142.25,"color":3,"angle":22.5},{"enable":true,"type":"outline","time":143.25,"color":0,"angle":337.5},{"enable":true,"type":"outline","time":144.25,"color":1,"angle":22.5},{"enable":true,"type":"outline","time":145.25,"color":2,"angle":315},{"enable":true,"type":"outline","time":146.25,"color":3,"angle":22.5},{"enable":true,"type":"outline","time":147.25,"color":0,"angle":337.5},{"type":"setBgColor","angle":22.5,"color":1,"time":156.75},{"type":"setBgColor","angle":45,"color":2,"time":157.75},{"type":"setBgColor","angle":67.5,"color":3,"time":158.75},{"type":"setBgColor","angle":135,"color":0,"time":159.75},{"type":"setBgColor","angle":360,"color":1,"time":160.75},{"type":"setBgColor","angle":360,"color":2,"time":162.25},{"type":"setBgColor","angle":0,"color":3,"time":163.75},{"type":"setBgColor","angle":360,"color":0,"time":164.75},{"type":"setBgColor","angle":360,"color":1,"time":165.75},{"type":"setBgColor","angle":67.5,"color":2,"time":166.75},{"type":"setBgColor","angle":67.5,"color":3,"time":167.75},{"type":"setBgColor","angle":22.5,"color":0,"time":168.75},{"type":"setBgColor","angle":22.5,"color":1,"time":169.75},{"type":"setBgColor","angle":337.5,"color":2,"time":170.75},{"type":"setBgColor","angle":360,"color":3,"time":171.75},{"type":"setBgColor","angle":45,"color":0,"time":172.75},{"type":"setBgColor","angle":360,"color":1,"time":173.75},{"type":"setBgColor","angle":360,"color":2,"time":174.75},{"type":"setBgColor","angle":360,"color":3,"time":175.75},{"type":"setBgColor","angle":270,"color":0,"time":176.75},{"type":"setBgColor","angle":270,"color":1,"time":177.75},{"type":"setBgColor","angle":270,"color":2,"time":178.75},{"type":"setBgColor","angle":270,"color":3,"time":179.75},{"type":"setBgColor","angle":0,"color":0,"time":180.75},{"type":"setBgColor","angle":0,"color":1,"time":181.75},{"type":"setBgColor","angle":0,"color":2,"time":182.75},{"type":"setBgColor","angle":0,"color":3,"time":183.75},{"type":"setBgColor","angle":0,"color":0,"time":184.75},{"type":"setBgColor","angle":0,"color":1,"time":185.75},{"type":"setBgColor","angle":0,"color":2,"time":186.75},{"type":"setBgColor","angle":360,"color":3,"time":187.75},{"type":"setBgColor","angle":0,"color":0,"time":188.75},{"type":"setBgColor","angle":0,"color":1,"time":189.75},{"type":"setBgColor","angle":360,"color":2,"time":190.75},{"type":"setBgColor","angle":0,"color":3,"time":191.75},{"type":"setBgColor","angle":180,"color":0,"time":192.75},{"type":"setBgColor","angle":337.5,"color":1,"time":193.75},{"type":"setBgColor","angle":22.5,"color":2,"time":194.75},{"type":"setBgColor","angle":337.5,"color":3,"time":195.75},{"type":"setBgColor","angle":22.5,"color":0,"time":196.75},{"type":"setBgColor","angle":292.5,"color":1,"time":197.75},{"type":"setBgColor","angle":292.5,"color":2,"time":198.75},{"type":"setBgColor","angle":45,"color":3,"time":199.75},{"type":"setBgColor","angle":45,"color":0,"time":200.75},{"type":"setBgColor","angle":45,"color":1,"time":201.75},{"type":"setBgColor","angle":45,"color":2,"time":202.75},{"type":"setBgColor","angle":337.5,"color":3,"time":203.75},{"type":"setBgColor","angle":247.5,"color":0,"time":204.75},{"type":"setBgColor","angle":0,"color":1,"time":205.75},{"type":"setBgColor","angle":0,"color":2,"time":206.75},{"type":"setBgColor","angle":360,"color":3,"time":207.75},{"type":"setBgColor","angle":360,"color":0,"time":208.75},{"type":"setBgColor","angle":0,"color":1,"time":209.75},{"type":"setBgColor","angle":0,"color":2,"time":210.75},{"type":"setBgColor","angle":0,"color":3,"time":211.75},{"type":"setBgColor","angle":0,"color":0,"time":212.75},{"type":"setBgColor","angle":0,"color":1,"time":213.75},{"type":"setBgColor","angle":0,"color":2,"time":214.75},{"type":"setBgColor","angle":0,"color":3,"time":215.75},{"type":"setBgColor","angle":0,"color":0,"time":216.75},{"type":"setBgColor","angle":0,"color":1,"time":217.75},{"type":"setBgColor","angle":45,"color":2,"time":218.75},{"type":"setBgColor","angle":0,"color":3,"time":219.75},{"type":"setBgColor","angle":0,"color":0,"time":220.75},{"type":"setBgColor","angle":0,"color":1,"time":221.75},{"type":"setBgColor","angle":0,"color":2,"time":222.75},{"type":"setBgColor","angle":0,"color":3,"time":223.75},{"type":"setBgColor","angle":360,"color":0,"time":224.75},{"type":"setBgColor","angle":360,"color":1,"time":225.75},{"type":"setBgColor","angle":112.5,"color":0,"time":226.25},{"enable":true,"type":"outline","time":156.75,"color":0,"angle":45},{"enable":true,"type":"outline","time":157.75,"color":1,"angle":67.5},{"enable":true,"type":"outline","time":158.75,"color":2,"angle":90},{"enable":true,"type":"outline","time":159.75,"color":3,"angle":157.5},{"enable":true,"type":"outline","time":160.75,"color":0,"angle":22.5},{"enable":true,"type":"outline","time":162.25,"color":1,"angle":22.5},{"enable":true,"type":"outline","time":163.75,"color":2,"angle":337.5},{"enable":true,"type":"outline","time":164.75,"color":3,"angle":22.5},{"enable":true,"type":"outline","time":165.75,"color":0,"angle":337.5},{"enable":true,"type":"outline","time":166.75,"color":1,"angle":90},{"enable":true,"type":"outline","time":167.75,"color":2,"angle":90},{"enable":true,"type":"outline","time":168.75,"color":3,"angle":337.5},{"enable":true,"type":"outline","time":169.75,"color":0,"angle":337.5},{"enable":true,"type":"outline","time":170.75,"color":1,"angle":360},{"enable":true,"type":"outline","time":171.75,"color":2,"angle":22.5},{"enable":true,"type":"outline","time":172.75,"color":3,"angle":67.5},{"enable":true,"type":"outline","time":173.75,"color":0,"angle":22.5},{"enable":true,"type":"outline","time":174.75,"color":1,"angle":22.5},{"enable":true,"type":"outline","time":175.75,"color":2,"angle":22.5},{"enable":true,"type":"outline","time":176.75,"color":3,"angle":292.5},{"enable":true,"type":"outline","time":177.75,"color":3,"angle":292.5},{"enable":true,"type":"outline","time":178.75,"color":0,"angle":67.5},{"enable":true,"type":"outline","time":178.75,"color":1,"angle":292.5},{"enable":true,"type":"outline","time":179.75,"color":2,"angle":292.5},{"enable":true,"type":"outline","time":180.75,"color":3,"angle":337.5},{"enable":true,"type":"outline","time":181.75,"color":0,"angle":22.5},{"enable":true,"type":"outline","time":182.75,"color":1,"angle":337.5},{"enable":true,"type":"outline","time":183.75,"color":2,"angle":22.5},{"enable":true,"type":"outline","time":184.75,"color":3,"angle":337.5},{"enable":true,"type":"outline","time":185.75,"color":0,"angle":22.5},{"enable":true,"type":"outline","time":186.75,"color":1,"angle":337.5},{"enable":true,"type":"outline","time":187.75,"color":2,"angle":22.5},{"enable":true,"type":"outline","time":188.75,"color":3,"angle":337.5},{"enable":true,"type":"outline","time":189.75,"color":0,"angle":22.5},{"enable":true,"type":"outline","time":190.75,"color":1,"angle":22.5},{"enable":true,"type":"outline","time":191.75,"color":2,"angle":337.5},{"enable":true,"type":"outline","time":192.75,"color":3,"angle":360},{"enable":true,"type":"outline","time":193.75,"color":0,"angle":315},{"enable":true,"type":"outline","time":194.75,"color":1,"angle":45},{"enable":true,"type":"outline","time":195.75,"color":2,"angle":315},{"enable":true,"type":"outline","time":196.75,"color":3,"angle":45},{"enable":true,"type":"outline","time":197.75,"color":0,"angle":247.5},{"enable":true,"type":"outline","time":198.75,"color":1,"angle":315},{"enable":true,"type":"outline","time":199.75,"color":2,"angle":67.5},{"enable":true,"type":"outline","time":200.75,"color":3,"angle":67.5},{"enable":true,"type":"outline","time":201.75,"color":0,"angle":22.5},{"enable":true,"type":"outline","time":202.75,"color":1,"angle":22.5},{"enable":true,"type":"outline","time":203.75,"color":2,"angle":315},{"enable":true,"type":"outline","time":204.75,"color":3,"angle":225},{"enable":true,"type":"outline","time":205.75,"color":0,"angle":22.5},{"enable":true,"type":"outline","time":206.75,"color":1,"angle":337.5},{"enable":true,"type":"outline","time":207.75,"color":2,"angle":22.5},{"enable":true,"type":"outline","time":208.75,"color":3,"angle":337.5},{"enable":true,"type":"outline","time":209.75,"color":0,"angle":22.5},{"enable":true,"type":"outline","time":210.75,"color":1,"angle":337.5},{"enable":true,"type":"outline","time":211.75,"color":2,"angle":22.5},{"enable":true,"type":"outline","time":212.75,"color":3,"angle":337.5},{"enable":true,"type":"outline","time":213.75,"color":0,"angle":22.5},{"enable":true,"type":"outline","time":214.75,"color":1,"angle":22.5},{"enable":true,"type":"outline","time":215.75,"color":2,"angle":22.5},{"enable":true,"type":"outline","time":216.75,"color":3,"angle":22.5},{"enable":true,"type":"outline","time":217.75,"color":0,"angle":22.5},{"enable":true,"type":"outline","time":218.75,"color":1,"angle":22.5},{"enable":true,"type":"outline","time":219.75,"color":2,"angle":337.5},{"enable":true,"type":"outline","time":220.75,"color":3,"angle":337.5},{"enable":true,"type":"outline","time":221.75,"color":0,"angle":22.5},{"enable":true,"type":"outline","time":222.75,"color":1,"angle":337.5},{"enable":true,"type":"outline","time":223.75,"color":2,"angle":22.5},{"enable":true,"type":"outline","time":224.75,"color":3,"angle":22.5},{"enable":true,"type":"outline","time":225.75,"color":0,"angle":22.5},{"enable":true,"type":"outline","time":226.25,"color":1,"angle":135},{"type":"bookmark","angle":45,"name":"principio1","description":"principio1","g":0,"time":61.5,"b":0,"r":0},{"type":"bookmark","angle":315,"name":"final1","description":"final1","g":0,"time":69.25,"b":0,"r":0},{"type":"bookmark","angle":337.5,"name":"principio2","description":"principio2","g":0,"time":148.75,"b":0,"r":0},{"type":"bookmark","angle":292.5,"name":"final2","description":"final2","g":0,"time":156.75,"b":0,"r":0},{"type":"forcePlayerSprite","time":61.25,"spriteName":":3","angle":67.5},{"type":"forcePlayerSprite","time":68.25,"spriteName":"angry","angle":157.5},{"type":"forcePlayerSprite","time":68.75,"spriteName":"","angle":135},{"start":-6,"ease":"outQuad","angle":112.5,"var":"vfx.canvPos.sx","duration":0,"value":2,"time":-5,"type":"ease"},{"start":-6,"ease":"outQuad","angle":157.5,"var":"vfx.canvPos.sy","duration":0,"value":2,"time":-5,"type":"ease"},{"time":-4.25,"type":"ease","angle":45,"var":"vfx.canvPos.r","value":10,"duration":0.25,"ease":"outElastic"},{"time":-4,"type":"ease","angle":45,"var":"vfx.canvPos.r","value":-10,"duration":0.25,"ease":"outElastic"},{"time":-3.75,"type":"ease","angle":45,"var":"vfx.canvPos.r","value":10,"duration":0.25,"ease":"outElastic"},{"time":-3.5,"type":"ease","angle":45,"var":"vfx.canvPos.r","value":0,"duration":0.5,"ease":"inBack"},{"duration":1,"type":"ease","angle":90,"var":"vfx.canvPos.sx","time":-2.75,"value":1,"ease":"inCirc"},{"duration":1,"type":"ease","angle":112.5,"var":"vfx.canvPos.sy","time":-2.75,"value":1,"ease":"inCirc"},{"duration":3,"type":"ease","angle":180,"var":"vfx.canvPos.sy","time":1.25,"value":2,"ease":"inCirc"},{"time":4.25,"type":"ease","angle":180,"var":"vfx.canvPos.sy","value":1,"duration":1,"ease":"outCirc"},{"time":1.25,"type":"ease","angle":157.5,"var":"vfx.canvPos.sx","value":2,"duration":3,"ease":"inCirc"},{"time":4.25,"type":"ease","angle":157.5,"var":"vfx.canvPos.sx","value":1,"duration":1,"ease":"outCirc"},{"time":9.25,"type":"ease","angle":202.5,"var":"vfx.canvPos.sy","value":2,"duration":4,"ease":"inCirc"},{"time":9.25,"type":"ease","angle":180,"var":"vfx.canvPos.sx","value":2,"duration":4,"ease":"inCirc"},{"time":13.25,"type":"ease","angle":247.5,"var":"vfx.canvPos.sy","value":1,"duration":1,"ease":"outCirc"},{"time":13.25,"type":"ease","angle":270,"var":"vfx.canvPos.sx","value":1,"duration":1,"ease":"outCirc"},{"time":25.25,"type":"ease","duration":4,"var":"vfx.canvPos.sx","value":2,"angle":270,"ease":"inCirc"},{"time":25.25,"type":"ease","duration":4,"var":"vfx.canvPos.sy","value":2,"angle":292.5,"ease":"inCirc"},{"time":29.25,"type":"ease","duration":1,"var":"vfx.canvPos.sx","value":1,"angle":67.5,"ease":"outCirc"},{"time":29.25,"type":"ease","duration":1,"var":"vfx.canvPos.sy","value":1,"angle":45,"ease":"outCirc"},{"time":41.25,"type":"ease","duration":4,"var":"vfx.canvPos.sx","value":2,"angle":135,"ease":"inCirc"},{"angle":112.5,"type":"ease","duration":4,"var":"vfx.canvPos.sy","time":41.25,"value":2,"ease":"inCirc"},{"time":45.25,"type":"ease","duration":1,"var":"vfx.canvPos.sx","value":1,"angle":22.5,"ease":"outCirc"},{"angle":45,"ease":"outCirc","duration":1,"var":"vfx.canvPos.sy","time":45.25,"value":1,"type":"ease"},{"time":25.25,"type":"ease","duration":2,"var":"vfx.canvPos.r","value":2,"angle":22.5,"ease":"inOutSine"},{"time":27.25,"type":"ease","duration":2,"var":"vfx.canvPos.r","value":-2,"angle":0,"ease":"inOutSine"},{"time":41.25,"type":"ease","duration":2,"var":"vfx.canvPos.r","value":-2,"angle":90,"ease":"outSine"},{"angle":292.5,"type":"ease","duration":2,"var":"vfx.canvPos.r","time":44.25,"value":2,"ease":"inOutSine"},{"time":29.25,"type":"ease","duration":1,"var":"vfx.canvPos.r","value":0,"angle":22.5,"ease":"outCirc"},{"angle":292.5,"ease":"outCirc","duration":1,"var":"vfx.canvPos.r","time":45.25,"value":0,"type":"ease"},{"type":"ease","ease":"inOutCirc","value":1.5,"time":59.75,"var":"vfx.canvPos.sx","angle":157.5,"duration":3},{"type":"ease","ease":"inOutCirc","angle":135,"value":1.5,"var":"vfx.canvPos.sy","time":59.75,"duration":3},{"angle":90,"ease":"outExpo","duration":1,"var":"vfx.canvPos.r","time":61.25,"value":2,"type":"ease"},{"duration":2,"type":"ease","var":"vfx.canvPos.r","angle":45,"time":62.25,"value":-2,"ease":"inOutExpo"},{"time":64.25,"type":"ease","duration":2,"var":"vfx.canvPos.r","value":2,"angle":315,"ease":"inOutExpo"},{"angle":0,"type":"ease","duration":2,"var":"vfx.canvPos.r","time":66.25,"value":-2,"ease":"inOutExpo"},{"type":"ease","ease":"inExpo","time":68.25,"value":0,"var":"vfx.canvPos.r","angle":360,"duration":1},{"ease":"inOutElastic","type":"ease","time":68.25,"value":0.89999997615814,"var":"vfx.canvPos.sx","angle":22.5,"duration":2},{"type":"ease","ease":"inOutExpo","time":68.25,"value":0.89999997615814,"var":"vfx.canvPos.sy","angle":337.5,"duration":2},{"type":"ease","angle":45,"ease":"outExpo","value":1,"repeats":39,"repeatDelay":2,"var":"vfx.canvPos.r","duration":1,"time":69.25},{"type":"ease","angle":315,"ease":"outExpo","value":-1,"repeats":38,"repeatDelay":2,"var":"vfx.canvPos.r","duration":1,"time":70.25},{"type":"ease","ease":"inOutExpo","value":1.1000000238419,"time":83.25,"var":"vfx.canvPos.sx","angle":45,"duration":2},{"time":83.25,"type":"ease","duration":2,"var":"vfx.canvPos.sy","value":1.1000000238419,"angle":337.5,"ease":"inOutElastic"},{"time":68.25,"type":"ease","duration":1,"var":"vfx.pixelate","value":1,"angle":315,"ease":"outElastic"},{"type":"ease","ease":"outQuad","time":61.25,"value":50,"var":"vfx.comboY","angle":112.5,"duration":2},{"type":"ease","ease":"outQuart","value":-100,"duration":2,"time":61.25,"var":"vfx.accuracyX","angle":135},{"time":61.25,"type":"ease","angle":157.5,"var":"vfx.songNameX","value":100,"duration":2,"ease":"outQuad"},{"duration":2,"type":"ease","angle":180,"var":"vfx.songNameY","time":61.25,"value":-330,"ease":"outQuad"},{"type":"ease","ease":"inQuad","value":30,"time":67.25,"var":"vfx.songNameX","duration":2,"angle":90},{"ease":"inQuad","type":"ease","value":-20,"time":67.25,"var":"vfx.songNameY","duration":2,"angle":67.5},{"type":"ease","ease":"inQuad","value":20,"time":67.25,"var":"vfx.comboY","duration":2,"angle":45},{"type":"ease","ease":"inQuad","time":67.25,"value":-30,"var":"vfx.accuracyX","angle":22.5,"duration":2},{"type":"ease","ease":"inQuad","value":30,"duration":2,"var":"vfx.accuracyY","angle":360,"time":67.25},{"time":83.25,"type":"ease","angle":315,"var":"vfx.accuracyX","value":0,"duration":2,"ease":"inOutElastic"},{"duration":2,"ease":"inOutElastic","angle":292.5,"var":"vfx.accuracyY","time":83.25,"value":0,"type":"ease"},{"time":83.25,"type":"ease","angle":67.5,"var":"vfx.comboY","value":0,"duration":2,"ease":"inOutExpo"},{"time":83.25,"type":"ease","angle":270,"var":"vfx.songNameY","value":0,"duration":2,"ease":"inOutElastic"},{"duration":2,"type":"ease","angle":247.5,"var":"vfx.songNameX","time":83.25,"value":0,"ease":"inOutElastic"},{"var":"vfx.canvPos.sx","type":"ease","duration":3,"angle":157.5,"value":1.5,"time":147.25,"ease":"inOutCirc"},{"duration":3,"type":"ease","time":147.25,"var":"vfx.canvPos.sy","angle":135,"value":1.5,"ease":"inOutCirc"},{"var":"vfx.canvPos.r","type":"ease","angle":90,"duration":2,"time":148.75,"value":-2,"ease":"outExpo"},{"angle":112.5,"type":"ease","var":"vfx.comboY","duration":2,"time":148.75,"value":50,"ease":"outQuad"},{"time":148.75,"type":"ease","angle":135,"var":"vfx.accuracyX","value":-100,"duration":2,"ease":"outQuart"},{"var":"vfx.songNameX","type":"ease","time":148.75,"angle":157.5,"value":100,"duration":2,"ease":"outQuad"},{"duration":2,"type":"ease","angle":180,"var":"vfx.songNameY","time":148.75,"value":-330,"ease":"outQuad"},{"angle":247.5,"type":"ease","duration":2,"time":149.75,"value":2,"var":"vfx.canvPos.r","ease":"inOutExpo"},{"ease":"inOutExpo","type":"ease","duration":2,"angle":247.5,"value":-2,"var":"vfx.canvPos.r","time":151.75},{"value":2,"type":"ease","time":153.75,"var":"vfx.canvPos.r","duration":2,"angle":247.5,"ease":"inOutExpo"},{"type":"ease","angle":67.5,"value":-2,"ease":"outExpo","repeats":39,"repeatDelay":2,"time":156.75,"duration":1,"var":"vfx.canvPos.r"},{"ease":"outExpo","angle":90,"type":"ease","duration":1,"repeats":39,"repeatDelay":2,"value":2,"var":"vfx.canvPos.r","time":157.75},{"angle":90,"ease":"inOutElastic","duration":2,"var":"vfx.canvPos.sx","time":155.75,"value":0.89999997615814,"type":"ease"},{"angle":112.5,"type":"ease","var":"vfx.canvPos.sy","duration":2,"value":0.89999997615814,"time":155.75,"ease":"inOutExpo"},{"angle":45,"type":"ease","duration":2,"var":"vfx.songNameX","value":30,"time":154.75,"ease":"inQuad"},{"duration":2,"ease":"inQuad","var":"vfx.songNameY","angle":22.5,"value":-20,"time":154.75,"type":"ease"},{"angle":360,"type":"ease","duration":2,"var":"vfx.comboY","value":20,"time":154.75,"ease":"inQuad"},{"duration":2,"type":"ease","angle":337.5,"var":"vfx.accuracyX","time":154.75,"value":-30,"ease":"inQuad"},{"var":"vfx.accuracyY","type":"ease","time":154.75,"angle":315,"value":30,"duration":2,"ease":"inQuad"},{"var":"vfx.canvPos.sx","type":"ease","duration":2,"angle":45,"value":1.1000000238419,"time":191.75,"ease":"inOutExpo"},{"var":"vfx.canvPos.sy","type":"ease","time":191.75,"duration":2,"value":1.1000000238419,"angle":22.5,"ease":"inOutElastic"},{"var":"vfx.accuracyX","type":"ease","time":191.75,"angle":90,"value":0,"duration":2,"ease":"inOutElastic"},{"var":"vfx.accuracyY","ease":"inOutElastic","duration":2,"angle":112.5,"time":191.75,"value":0,"type":"ease"},{"angle":67.5,"type":"ease","var":"vfx.comboY","time":191.75,"value":0,"duration":2,"ease":"inOutExpo"},{"var":"vfx.songNameY","type":"ease","time":191.75,"angle":135,"value":0,"duration":2,"ease":"inOutElastic"},{"duration":2,"type":"ease","angle":157.5,"var":"vfx.songNameX","time":191.75,"value":0,"ease":"inOutElastic"},{"ease":"inExpo","type":"ease","value":2,"duration":1,"angle":202.5,"time":225.75,"var":"vfx.canvPos.sx"},{"ease":"inExpo","type":"ease","value":2,"duration":1,"angle":225,"time":225.75,"var":"vfx.canvPos.sy"},{"type":"ease","angle":247.5,"order":1,"duration":1,"ease":"outElastic","value":0,"time":225.75,"var":"vfx.canvPos.r"},{"type":"forcePlayerSprite","time":148.75,"spriteName":":3","angle":45},{"type":"forcePlayerSprite","time":156.75,"spriteName":"","angle":90}]}