[{"time":0,"type":"block","angle":11.25,"tap":true},{"time":-0,"type":"block","angle":348.75,"tap":true},{"type":"block","angle":0,"time":1},{"type":"block","angle":337.5,"time":2},{"type":"block","angle":22.5,"time":4},{"type":"block","angle":326.25,"time":5.5},{"type":"block","angle":11.25,"time":7},{"type":"block","angle":22.5,"time":7.5},{"type":"block","angle":247.5,"time":9},{"type":"block","angle":258.75,"time":10},{"type":"block","angle":292.5,"time":12},{"type":"block","angle":281.25,"time":12.5},{"type":"block","angle":292.5,"time":13},{"type":"block","angle":281.25,"time":11.5},{"type":"block","angle":303.75,"time":13.5},{"type":"block","angle":360,"time":14.5},{"type":"block","angle":11.25,"time":15},{"type":"block","angle":0,"time":15.5},{"type":"block","angle":348.75,"time":16},{"type":"block","angle":146.25,"time":18},{"type":"block","angle":157.5,"time":17},{"type":"block","angle":202.5,"time":20},{"type":"block","angle":225,"time":21.5},{"type":"block","angle":213.75,"time":23},{"type":"block","angle":225,"time":23.5},{"type":"block","angle":45,"time":25},{"type":"block","angle":101.25,"time":26},{"type":"block","angle":112.5,"time":29},{"type":"block","angle":45,"time":29.5},{"type":"block","angle":45,"time":28.5},{"type":"block","angle":112.5,"time":28},{"type":"block","angle":45,"time":27.5},{"type":"block","angle":33.75,"time":33},{"type":"block","angle":22.5,"time":34},{"type":"block","angle":11.25,"time":36},{"type":"block","angle":348.75,"time":36.5},{"type":"block","angle":33.75,"time":35.5},{"type":"block","angle":348.75,"time":37},{"type":"block","angle":337.5,"time":37.5},{"type":"block","angle":326.25,"time":39},{"type":"block","angle":315,"time":39.5},{"time":41,"angle":326.25,"type":"block","tap":true},{"time":42,"type":"block","angle":326.25,"tap":true},{"type":"block","angle":22.5,"time":43.5},{"type":"block","angle":11.25,"time":44},{"type":"block","angle":0,"time":44.5},{"type":"block","angle":11.25,"time":45},{"type":"block","angle":326.25,"time":46.5},{"angle2":281.25,"time":47,"duration":1.9999997615814,"angle":326.25,"type":"hold","holdEase":"inSine"},{"type":"block","angle":292.5,"time":50},{"type":"block","angle":315,"time":52},{"type":"block","angle":326.25,"time":52.5},{"type":"block","angle":315,"time":53},{"type":"block","angle":303.75,"time":53.5},{"type":"block","angle":326.25,"time":51.5},{"type":"block","angle":22.5,"time":54.5},{"type":"block","angle":33.75,"time":55},{"type":"block","angle":22.5,"time":55.5},{"type":"block","angle":11.25,"time":56},{"type":"block","angle":33.75,"time":56.5},{"type":"block","angle":360,"time":57},{"type":"block","angle":22.5,"time":57.5},{"type":"block","angle":22.5,"time":58.5},{"type":"block","angle":45,"time":59.5},{"type":"block","angle":22.5,"time":60.5},{"type":"block","angle":33.75,"time":60.666667938232},{"type":"block","angle":22.5,"time":60.833332061768},{"angle2":78.75,"time":62,"duration":1.9999997615814,"angle":22.5,"type":"hold","holdEase":"inQuad"},{"time":65,"type":"block","angle":33.75,"tap":true},{"time":66,"angle":11.25,"type":"block","tap":true},{"type":"block","angle":33.75,"time":67.5},{"type":"block","angle":326.25,"time":68},{"type":"block","angle":33.75,"time":68.5},{"type":"block","angle":326.25,"time":69},{"type":"block","angle":22.5,"time":69.5},{"type":"side","angle":22.5,"time":71},{"type":"side","angle":360,"time":71.5},{"type":"side","angle":0,"time":70.5},{"time":73,"angle":360,"type":"block","tap":true},{"time":74,"type":"block","angle":33.75,"tap":true},{"type":"block","angle":11.25,"time":76},{"type":"block","angle":0,"time":76.5},{"type":"block","angle":348.75,"time":77},{"type":"block","angle":22.5,"time":77.5},{"angle2":382.5,"time":78.5,"duration":0.49999994039536,"angle":360,"type":"hold","holdEase":"inSine"},{"angle2":-33.75,"time":79,"duration":1,"angle":22.5,"type":"hold","holdEase":"inSine"},{"type":"side","angle":337.5,"time":81},{"type":"side","angle":33.75,"time":82},{"type":"block","angle":0,"time":84},{"type":"block","angle":11.25,"time":84.5},{"type":"block","angle":360,"time":85},{"type":"block","angle":11.25,"time":85.5},{"type":"side","angle":303.75,"time":86.5},{"type":"side","angle":303.75,"time":87.5},{"type":"side","angle":22.5,"time":87},{"type":"block","angle":348.75,"time":88},{"type":"block","angle":326.25,"time":88.5},{"type":"block","angle":303.75,"time":89},{"type":"block","angle":326.25,"time":89.5},{"type":"block","angle":337.5,"time":90.5},{"type":"block","angle":315,"time":91.5},{"type":"block","angle":326.25,"time":92.5},{"type":"block","angle":337.5,"time":92.666664123535},{"type":"block","angle":326.25,"time":92.833335876465},{"type":"block","angle":337.5,"time":94},{"type":"block","angle":292.5,"time":95},{"type":"block","angle":326.25,"time":96},{"type":"block","angle":337.5,"time":96.5},{"type":"block","angle":326.25,"time":97},{"type":"block","angle":315,"time":97.5},{"type":"block","angle":326.25,"time":98.5},{"type":"block","angle":348.75,"time":99.5},{"type":"block","angle":315,"time":100.5},{"type":"block","angle":303.75,"time":101},{"type":"block","angle":315,"time":101.5},{"type":"block","angle":270,"time":102.5},{"angle2":461.25,"time":104,"duration":4.9999995231628,"angle":270,"type":"hold","holdEase":"inSine"},{"angle":90,"type":"block","time":113},{"angle":360,"type":"block","time":114},{"type":"block","angle":78.75,"time":116},{"type":"block","angle":146.25,"time":116.5},{"type":"block","angle":78.75,"time":117},{"type":"block","angle":146.25,"time":117.5},{"type":"block","angle":22.5,"time":118.5},{"type":"block","angle":11.25,"time":119},{"type":"block","angle":22.5,"time":119.5},{"type":"mine","angle":180,"time":113},{"type":"mine","angle":270,"time":114},{"type":"mine","angle":258.75,"time":116},{"type":"mine","angle":326.25,"time":116.5},{"type":"mine","angle":258.75,"time":117},{"type":"block","angle":112.5,"time":115.5},{"type":"mine","angle":213.75,"time":118.5},{"type":"mine","angle":191.25,"time":119},{"type":"mine","angle":213.75,"time":119.5},{"type":"block","angle":360,"time":121},{"type":"block","angle":337.5,"time":122},{"angle2":22.5,"time":123.5,"duration":0.49999994039536,"angle":0,"type":"hold"},{"angle2":337.5,"time":125,"duration":0.49999994039536,"angle":348.75,"type":"hold"},{"type":"block","angle":326.25,"time":129},{"type":"block","angle":22.5,"time":130},{"type":"mine","angle":146.25,"time":129},{"type":"mine","angle":202.5,"time":130},{"type":"block","angle":0,"time":132},{"type":"block","angle":11.25,"time":132.5},{"type":"block","angle":337.5,"time":133},{"type":"block","angle":337.5,"time":131.5},{"type":"block","angle":0,"time":133.5},{"type":"block","angle":337.5,"time":134.5},{"type":"block","angle":303.75,"time":135},{"type":"block","angle":326.25,"time":135.5},{"endAngle":-11.25,"time":137,"type":"block","angle":45,"tap":true},{"endAngle":11.25,"time":137,"type":"block","angle":67.5,"tap":true},{"endAngle":-11.25,"time":138,"type":"block","angle":45,"tap":true},{"endAngle":11.25,"time":138,"type":"block","angle":67.5,"tap":true},{"type":"block","angle":360,"time":139.5},{"type":"block","angle":33.75,"time":140},{"type":"block","angle":0,"time":140.5},{"type":"block","angle":337.5,"time":141},{"type":"block","angle":0,"time":141.5},{"type":"mine","angle":157.5,"time":131.5},{"type":"mine","angle":180,"time":132},{"type":"mine","angle":202.5,"time":132.5},{"type":"mine","angle":157.5,"time":133},{"type":"mine","angle":180,"time":133.5},{"type":"mine","angle":123.75,"time":135},{"type":"mine","angle":146.25,"time":135.5},{"endAngle":168.75,"time":137,"type":"mine","angle":247.5},{"endAngle":191.25,"time":137,"type":"mine","angle":225},{"endAngle":168.75,"time":138,"type":"mine","angle":247.5},{"endAngle":191.25,"time":138,"type":"mine","angle":225},{"type":"mine","angle":157.5,"time":134.5},{"type":"mine","angle":180,"time":139.5},{"type":"mine","angle":213.75,"time":140},{"type":"mine","angle":180,"time":140.5},{"type":"mine","angle":157.5,"time":141},{"type":"mine","angle":180,"time":141.5},{"type":"block","angle":315,"time":142.5},{"type":"block","angle":315,"time":143},{"type":"mine","angle":135,"time":142.5},{"type":"mine","angle":135,"time":143},{"type":"block","angle":360,"time":145},{"type":"block","angle":33.75,"time":146},{"type":"block","angle":337.5,"time":148},{"type":"block","angle":348.75,"time":149},{"type":"block","angle":22.5,"time":147.5},{"type":"block","angle":22.5,"time":148.5},{"type":"block","angle":22.5,"time":149.5},{"type":"block","angle":348.75,"time":151},{"type":"block","angle":326.25,"time":151.5},{"type":"block","angle":326.25,"time":150.5},{"type":"mine","angle":180,"time":145},{"type":"mine","angle":213.75,"time":146},{"type":"mine","angle":202.5,"time":147.5},{"type":"mine","angle":157.5,"time":148},{"type":"mine","angle":202.5,"time":148.5},{"type":"mine","angle":168.75,"time":149},{"type":"mine","angle":202.5,"time":149.5},{"type":"mine","angle":146.25,"time":150.5},{"type":"mine","angle":168.75,"time":151},{"type":"mine","angle":146.25,"time":151.5},{"type":"block","angle":360,"time":153},{"type":"block","angle":337.5,"time":154},{"type":"mine","angle":180,"time":153},{"type":"mine","angle":157.5,"time":154},{"type":"block","angle":0,"time":156},{"type":"block","angle":11.25,"time":156.5},{"type":"block","angle":348.75,"time":157},{"type":"block","angle":337.5,"time":157.5},{"type":"block","angle":348.75,"time":155.5},{"time":161,"angle":360,"speedMult":0.85000014305115,"type":"block","tap":true},{"time":162,"angle":33.75,"speedMult":0.85000014305115,"type":"block","tap":true},{"type":"block","angle":315,"time":164},{"type":"block","angle":326.25,"time":164.5},{"type":"block","angle":326.25,"time":165.5},{"type":"block","angle":315,"time":165},{"type":"block","angle":337.5,"time":167},{"type":"block","angle":348.75,"time":167.5},{"type":"block","angle":348.75,"time":166.5},{"type":"block","angle":67.5,"time":169},{"type":"block","angle":360,"time":170},{"type":"block","angle":326.25,"time":172},{"type":"block","angle":303.75,"time":173},{"angle2":326.25,"time":174,"duration":1,"type":"hold","angle":326.25},{"angle2":303.75,"time":172,"duration":1,"type":"hold","angle":326.25},{"angle2":326.25,"time":173,"duration":1,"type":"hold","angle":303.75},{"angle2":348.75,"time":175,"duration":1,"type":"hold","angle":326.25},{"angle2":405,"time":176,"duration":1,"type":"hold","angle":348.75},{"angle2":-11.25,"time":177,"duration":3.0000002384186,"type":"hold","angle":45},{"type":"block","angle":326.25,"time":163.5},{"angle2":258.75,"time":32,"duration":10,"angle":360,"type":"mineHold"},{"angle2":0,"time":32,"duration":10,"angle":112.5,"type":"mineHold"},{"type":"mine","angle":56.25,"time":65},{"type":"mine","angle":33.75,"time":66},{"type":"mine","angle":33.75,"time":73},{"type":"mine","angle":326.25,"time":73},{"type":"mine","angle":67.5,"time":74},{"type":"mine","angle":0,"time":74},{"type":"block","angle":22.5,"time":75.5},{"type":"block","angle":22.5,"time":83.5},{"type":"block","angle":337.5,"time":38.5},{"angle":168.75,"type":"mine","time":155.5},{"angle":180,"type":"mine","time":156},{"type":"mine","angle":191.25,"time":156.5},{"angle":168.75,"type":"mine","time":157},{"type":"mine","angle":157.5,"time":157.5},{"time":161,"type":"block","speedMult":0.85000014305115,"angle":213.75,"tap":true},{"time":161,"type":"block","speedMult":0.85000014305115,"angle":146.25,"tap":true},{"time":162,"type":"block","speedMult":0.85000014305115,"angle":191.25,"tap":true},{"time":162,"type":"block","speedMult":0.85000014305115,"angle":258.75,"tap":true}]