{"metadata":{"difficulty":5,"bgData":{"redChannel":{"g":0,"r":255,"b":0},"blueChannel":{"g":0,"r":0,"b":255},"greenChannel":{"g":0,"r":0,"b":0},"image":"hearte.png","magentaChannel":{"g":0,"r":0,"b":0},"cyanChannel":{"g":0,"r":0,"b":0},"yellowChannel":{"g":0,"r":0,"b":0}},"artist":"toby fox","charter":"hollow","bg":true,"artistLink":"","songName":"Stronger Monsters","description":""},"events":[{"color":4,"time":-8,"angle":315,"type":"setBgColor"},{"color":0,"time":-8,"type":"setColor","angle":337.5},{"chance":0.69999980926514,"time":-8,"type":"noise","angle":22.5,"color":4},{"time":-8,"type":"hom","angle":45,"enable":true},{"color":0,"time":-8,"type":"outline","angle":67.5,"enable":true},{"angle":0,"time":0,"file":"mus_battle2.ogg ","bpm":175,"type":"play","volume":1.5000001192093},{"color":1,"type":"setColor","g":250,"time":109,"duration":1,"angle":67.5,"r":250,"b":250},{"color":3,"time":109,"type":"outline","angle":123.75,"enable":true},{"type":"showResults","angle":11.25,"time":179},{"ease":"outSine","time":31,"newWidth":55,"duration":1,"type":"paddles","angle":33.75,"paddle":1},{"ease":"linear","time":64,"newWidth":40,"duration":1,"type":"paddles","angle":33.75,"paddle":1},{"ease":"linear","time":66.5,"newWidth":60,"duration":1,"type":"paddles","angle":0,"paddle":1},{"ease":"linear","time":72,"newWidth":40,"duration":0.5,"type":"paddles","angle":360,"paddle":1},{"ease":"linear","time":83,"newWidth":70,"duration":0,"type":"paddles","angle":0,"paddle":1},{"ease":"inQuint","time":160,"paddle":1,"duration":0.33333331346512,"angle":360,"type":"paddles","newWidth":40},{"ease":"linear","enabled":true,"paddle":2,"angle":22.5,"time":160,"duration":0.5,"newAngle":146,"type":"paddles","newWidth":40},{"ease":"linear","enabled":true,"paddle":3,"type":"paddles","time":160,"duration":0.5,"newWidth":40,"angle":337.5,"newAngle":213},{"newAngle":0,"paddle":3,"newWidth":70,"type":"paddles","time":162.83332824707,"duration":0,"ease":"linear","angle":315,"enabled":true},{"ease":"linear","enabled":true,"paddle":1,"angle":326.25,"time":162.83332824707,"duration":0,"newAngle":0,"type":"paddles","newWidth":70},{"ease":"linear","enabled":true,"paddle":2,"angle":337.5,"time":162.83332824707,"duration":1,"newAngle":0,"type":"paddles","newWidth":70},{"y":127,"type":"deco","sprite":"heart.png","id":"heart1","time":-8,"angle":90,"recolor":2,"x":249},{"color":2,"g":0,"time":-8,"angle":112.5,"type":"setColor","r":255,"b":0},{"spriteName":"none","time":-8,"type":"forcePlayerSprite","angle":292.5},{"color":1,"g":0,"time":-8,"type":"setColor","angle":0,"r":255,"b":0},{"color":0,"g":0,"time":-8,"angle":270,"type":"setColor","r":0,"b":0},{"y":230,"angle":45,"id":"heart1","time":109,"recolor":2,"type":"deco","r":180,"x":351},{"color":2,"g":255,"time":109,"type":"setColor","angle":22.5,"r":255,"b":255}],"properties":{"speed":90,"offset":8,"formatversion":13}}