{"properties":{"offset":8,"startBeat":0,"formatversion":13,"speed":70},"metadata":{"artist":"Kashii Moimi feat. KAFU (Remix by kageminori)","charter":"Ratøri","songName":"Cat Loving (Hard)","description":"uh?","difficulty":16,"artistLink":"","bg":false},"events":[{"file":"cat.ogg","time":0,"angle":270,"bpm":220,"volume":2,"type":"play"},{"time":-8.2499997615814,"value":0.75,"type":"ease","var":"scrollSpeed","angle":292.5},{"time":11,"type":"ease","value":1,"angle":202.5,"var":"scrollSpeed","duration":0.33300000429153},{"time":75,"type":"ease","value":1.25,"angle":326.25,"var":"scrollSpeed","duration":0.5},{"time":123,"value":1.1870000362396,"type":"ease","var":"scrollSpeed","angle":168.75},{"time":123.33333587646,"value":1.125,"type":"ease","var":"scrollSpeed","angle":123.75},{"time":123.66666412354,"value":1.0620000362396,"type":"ease","var":"scrollSpeed","angle":112.5},{"time":124,"value":1,"type":"ease","var":"scrollSpeed","angle":67.5},{"ease":"inOutSine","time":155,"type":"ease","value":1.25,"angle":281.25,"var":"scrollSpeed","duration":1},{"duration":0,"ease":"linear","time":219,"newWidth":360,"paddle":1,"type":"paddles","order":0,"angle":337.5},{"duration":10,"ease":"outSine","time":219,"newWidth":70,"paddle":1,"type":"paddles","order":1,"angle":326.25},{"time":261,"type":"ease","value":1.5,"angle":67.5,"var":"scrollSpeed","duration":1},{"ease":"outExpo","time":263,"type":"ease","value":1,"angle":270,"var":"scrollSpeed","duration":0.5},{"time":263.5,"type":"ease","value":1.5,"angle":270,"var":"scrollSpeed","duration":0.5},{"type":"showResults","time":319.5,"angle":180},{"time":-8.25,"b":0,"angle":270,"g":0,"type":"setColor","r":0,"color":0},{"order":0,"time":-8.25,"b":0,"angle":247.5,"g":0,"type":"setColor","r":0,"color":1},{"b":255,"duration":3,"type":"setColor","time":-2,"order":1,"g":255,"angle":225,"r":255,"color":1},{"b":65,"time":4,"angle":225,"g":0,"type":"setColor","r":195,"color":1},{"time":4.5,"b":255,"angle":202.5,"g":255,"type":"setColor","r":255,"color":1},{"b":65,"time":5,"angle":225,"g":0,"type":"setColor","r":195,"color":1},{"b":255,"time":5.5,"angle":202.5,"g":255,"type":"setColor","r":255,"color":1},{"b":65,"time":6,"angle":225,"g":0,"type":"setColor","r":195,"color":1},{"b":255,"time":6.5,"angle":202.5,"g":255,"type":"setColor","r":255,"color":1},{"b":65,"time":7,"angle":225,"g":0,"type":"setColor","r":195,"color":1},{"b":255,"time":7.5,"angle":202.5,"g":255,"type":"setColor","r":255,"color":1},{"order":0,"time":8,"b":65,"angle":225,"g":0,"type":"setColor","r":195,"color":0},{"b":0,"duration":1.5,"angle":213.75,"time":8,"r":0,"g":0,"type":"setColor","order":1,"color":0},{"r":0,"b":0,"time":8,"angle":202.5,"g":0,"type":"setColor","order":0,"color":1},{"b":255,"duration":1.5,"angle":191.25,"time":8,"r":255,"g":255,"type":"setColor","order":1,"color":1},{"r":195,"b":65,"time":9.5,"angle":225,"g":0,"type":"setColor","order":0,"color":0},{"b":0,"duration":1.5,"angle":213.75,"time":9.5,"r":0,"g":0,"type":"setColor","order":1,"color":0},{"order":0,"time":9.5,"b":0,"type":"setColor","g":0,"angle":202.5,"r":0,"color":1},{"b":255,"duration":1.5,"angle":191.25,"time":9.5,"r":255,"g":255,"type":"setColor","order":1,"color":1},{"b":65,"duration":0.75,"angle":247.5,"time":11,"r":195,"g":0,"type":"setColor","order":0,"color":1},{"order":0,"b":188,"time":12,"angle":247.5,"g":151,"type":"setColor","r":255,"color":1},{"b":65,"duration":0.75,"angle":236.25,"time":12,"r":195,"g":0,"type":"setColor","order":1,"color":1},{"order":0,"time":13,"b":188,"angle":247.5,"g":151,"type":"setColor","r":255,"color":1},{"b":65,"duration":0.75,"angle":236.25,"time":13,"order":1,"g":0,"type":"setColor","r":195,"color":1},{"order":0,"time":15,"b":188,"angle":247.5,"g":151,"type":"setColor","r":255,"color":1},{"b":65,"duration":0.75,"angle":236.25,"time":15,"order":1,"g":0,"type":"setColor","r":195,"color":1},{"order":0,"time":16,"b":188,"angle":247.5,"g":151,"type":"setColor","r":255,"color":1},{"b":65,"duration":0.75,"angle":236.25,"time":16,"order":1,"g":0,"type":"setColor","r":195,"color":1},{"order":0,"time":17,"b":188,"angle":247.5,"g":151,"type":"setColor","r":255,"color":1},{"b":65,"duration":0.75,"angle":236.25,"time":17,"order":1,"g":0,"type":"setColor","r":195,"color":1},{"order":0,"time":18,"b":188,"angle":247.5,"g":151,"type":"setColor","r":255,"color":1},{"b":65,"duration":0.75,"angle":236.25,"time":18,"order":1,"g":0,"type":"setColor","r":195,"color":1},{"order":0,"time":19,"b":188,"angle":247.5,"g":151,"type":"setColor","r":255,"color":1},{"b":65,"duration":0.75,"angle":236.25,"time":19,"order":1,"g":0,"type":"setColor","r":195,"color":1},{"order":0,"time":20,"b":188,"angle":247.5,"g":151,"type":"setColor","r":255,"color":1},{"b":65,"duration":0.75,"angle":236.25,"time":20,"order":1,"g":0,"type":"setColor","r":195,"color":1},{"order":0,"time":21,"b":188,"angle":247.5,"g":151,"type":"setColor","r":255,"color":1},{"b":65,"duration":0.75,"angle":236.25,"time":21,"order":1,"g":0,"type":"setColor","r":195,"color":1},{"order":0,"time":14,"b":188,"angle":281.25,"g":151,"type":"setColor","r":255,"color":1},{"b":65,"duration":0.75,"angle":270,"time":14,"order":1,"g":0,"type":"setColor","r":195,"color":1},{"order":0,"time":22,"b":188,"angle":247.5,"g":151,"type":"setColor","r":255,"color":1},{"b":65,"duration":0.75,"angle":236.25,"time":22,"order":1,"g":0,"type":"setColor","r":195,"color":1},{"order":0,"time":23,"b":188,"angle":247.5,"g":151,"type":"setColor","r":255,"color":1},{"b":65,"duration":0.75,"angle":236.25,"time":23,"order":1,"g":0,"type":"setColor","r":195,"color":1},{"order":0,"time":24,"b":188,"angle":247.5,"g":151,"type":"setColor","r":255,"color":1},{"b":65,"duration":0.75,"angle":236.25,"time":24,"order":1,"g":0,"type":"setColor","r":195,"color":1},{"order":0,"time":25,"b":188,"angle":247.5,"g":151,"type":"setColor","r":255,"color":1},{"b":65,"duration":0.75,"angle":236.25,"time":25,"order":1,"g":0,"type":"setColor","r":195,"color":1},{"order":0,"time":26,"b":188,"angle":281.25,"g":151,"type":"setColor","r":255,"color":1},{"b":65,"duration":0.75,"angle":270,"time":26,"order":1,"g":0,"type":"setColor","r":195,"color":1},{"order":0,"time":27,"b":188,"angle":247.5,"g":151,"type":"setColor","r":255,"color":1},{"b":65,"duration":0.75,"angle":236.25,"time":27,"order":1,"g":0,"type":"setColor","r":195,"color":1},{"order":0,"time":27.75,"b":207,"angle":292.5,"g":179,"type":"setColor","r":255,"color":1},{"order":1,"b":65,"time":27.833332061768,"angle":281.25,"g":0,"type":"setColor","r":195,"color":1},{"order":0,"b":188,"time":28,"angle":292.5,"g":151,"type":"setColor","r":255,"color":1},{"b":65,"duration":0.75,"angle":281.25,"time":28,"r":195,"g":0,"type":"setColor","order":1,"color":1},{"order":0,"b":188,"time":29,"angle":225,"g":151,"type":"setColor","r":255,"color":1},{"b":65,"duration":0.75,"angle":213.75,"time":29,"r":195,"g":0,"type":"setColor","order":1,"color":1},{"order":0,"b":188,"time":30,"angle":247.5,"g":151,"type":"setColor","r":255,"color":1},{"b":65,"duration":0.75,"angle":236.25,"time":30,"r":195,"g":0,"type":"setColor","order":1,"color":1},{"order":0,"b":188,"time":31,"angle":247.5,"g":151,"type":"setColor","r":255,"color":1},{"b":65,"duration":0.75,"angle":236.25,"time":31,"r":195,"g":0,"type":"setColor","order":1,"color":1},{"order":0,"b":188,"time":32,"angle":247.5,"g":151,"type":"setColor","r":255,"color":1},{"b":65,"duration":0.75,"angle":236.25,"time":32,"r":195,"g":0,"type":"setColor","order":1,"color":1},{"order":0,"b":188,"time":33,"angle":247.5,"g":151,"type":"setColor","r":255,"color":1},{"b":65,"duration":0.75,"angle":236.25,"time":33,"r":195,"g":0,"type":"setColor","order":1,"color":1},{"order":0,"b":188,"time":34,"angle":247.5,"g":151,"type":"setColor","r":255,"color":1},{"b":65,"duration":0.75,"angle":236.25,"time":34,"r":195,"g":0,"type":"setColor","order":1,"color":1},{"order":0,"b":188,"time":35,"angle":292.5,"g":151,"type":"setColor","r":255,"color":1},{"b":65,"duration":0.75,"angle":281.25,"time":35,"r":195,"g":0,"type":"setColor","order":1,"color":1},{"order":0,"b":188,"time":36,"angle":247.5,"g":151,"type":"setColor","r":255,"color":1},{"b":65,"duration":0.75,"angle":236.25,"time":36,"r":195,"g":0,"type":"setColor","order":1,"color":1},{"order":0,"b":188,"time":37,"angle":247.5,"g":151,"type":"setColor","r":255,"color":1},{"b":65,"duration":0.75,"angle":236.25,"time":37,"r":195,"g":0,"type":"setColor","order":1,"color":1},{"order":0,"b":188,"time":38,"angle":247.5,"g":151,"type":"setColor","r":255,"color":1},{"b":65,"duration":0.75,"angle":236.25,"time":38,"r":195,"g":0,"type":"setColor","order":1,"color":1},{"order":0,"b":188,"time":39,"angle":247.5,"g":151,"type":"setColor","r":255,"color":1},{"b":65,"duration":0.75,"angle":236.25,"time":39,"r":195,"g":0,"type":"setColor","order":1,"color":1},{"order":0,"b":188,"time":40,"angle":236.25,"g":151,"type":"setColor","r":255,"color":1},{"b":65,"duration":0.75,"angle":225,"time":40,"r":195,"g":0,"type":"setColor","order":1,"color":1},{"order":0,"b":188,"time":41,"angle":247.5,"g":151,"type":"setColor","r":255,"color":1},{"b":65,"duration":0.75,"angle":236.25,"time":41,"r":195,"g":0,"type":"setColor","order":1,"color":1},{"order":0,"b":188,"time":42,"angle":247.5,"g":151,"type":"setColor","r":255,"color":1},{"b":65,"duration":0.75,"angle":236.25,"time":42,"r":195,"g":0,"type":"setColor","order":1,"color":1},{"b":0,"duration":1,"angle":247.5,"time":43,"r":0,"g":0,"type":"setColor","order":0,"color":1},{"b":65,"duration":1,"angle":236.25,"time":43,"r":195,"g":0,"type":"setColor","order":1,"color":0},{"r":0,"b":0,"time":44.25,"angle":247.5,"g":0,"type":"setColor","order":0,"color":0},{"order":1,"b":65,"time":44.25,"angle":236.25,"g":0,"type":"setColor","r":195,"color":1},{"order":0,"time":44.75,"b":0,"angle":247.5,"g":0,"type":"setColor","r":0,"color":1},{"order":1,"time":44.75,"b":65,"angle":236.25,"g":0,"type":"setColor","r":195,"color":0},{"order":0,"time":45.25,"b":0,"angle":247.5,"g":0,"type":"setColor","r":0,"color":0},{"r":195,"time":45.25,"b":65,"type":"setColor","g":0,"angle":236.25,"order":1,"color":1},{"order":0,"b":0,"time":45.75,"angle":247.5,"g":0,"type":"setColor","r":0,"color":1},{"r":195,"b":65,"time":45.75,"angle":236.25,"g":0,"type":"setColor","order":1,"color":0},{"b":0,"duration":1.5,"type":"setColor","time":46.5,"order":0,"g":0,"angle":303.75,"r":0,"color":0},{"b":65,"duration":1.5,"type":"setColor","time":46.5,"r":195,"g":0,"angle":292.5,"order":1,"color":1},{"r":0,"b":0,"time":48.25,"angle":-258.75,"g":0,"type":"setColor","order":0,"color":1},{"r":195,"b":65,"time":48.25,"angle":-247.5,"g":0,"type":"setColor","order":1,"color":0},{"order":0,"b":0,"time":48.75,"angle":-258.75,"g":0,"type":"setColor","r":0,"color":0},{"order":1,"b":65,"time":48.75,"type":"setColor","g":0,"angle":-247.5,"r":195,"color":1},{"order":0,"time":49.25,"b":0,"angle":-258.75,"g":0,"type":"setColor","r":0,"color":1},{"r":195,"b":65,"time":49.25,"angle":-247.5,"g":0,"type":"setColor","order":1,"color":0},{"order":0,"b":0,"time":49.75,"angle":-258.75,"g":0,"type":"setColor","r":0,"color":0},{"order":1,"b":65,"time":49.75,"type":"setColor","g":0,"angle":-247.5,"r":195,"color":1},{"b":0,"duration":1.5,"type":"setColor","time":50.5,"order":0,"g":0,"angle":281.25,"r":0,"color":1},{"b":65,"duration":1.5,"type":"setColor","time":50.5,"r":195,"g":0,"angle":270,"order":1,"color":0},{"order":0,"time":52.25,"b":0,"angle":247.5,"g":0,"type":"setColor","r":0,"color":0},{"r":195,"time":52.25,"b":65,"type":"setColor","g":0,"angle":236.25,"order":1,"color":1},{"order":0,"b":0,"time":52.75,"angle":247.5,"g":0,"type":"setColor","r":0,"color":1},{"r":195,"b":65,"time":52.75,"angle":236.25,"g":0,"type":"setColor","order":1,"color":0},{"order":0,"b":0,"time":53.25,"angle":247.5,"g":0,"type":"setColor","r":0,"color":0},{"order":1,"b":65,"time":53.25,"type":"setColor","g":0,"angle":236.25,"r":195,"color":1},{"r":0,"time":53.75,"b":0,"type":"setColor","g":0,"angle":247.5,"order":0,"color":1},{"order":1,"time":53.75,"b":65,"type":"setColor","g":0,"angle":236.25,"r":195,"color":0},{"b":0,"duration":1.5,"type":"setColor","time":54.5,"order":0,"g":0,"angle":303.75,"r":0,"color":0},{"b":65,"duration":1.5,"angle":292.5,"time":54.5,"order":1,"g":0,"type":"setColor","r":195,"color":1},{"b":22,"duration":0.75,"type":"setColor","time":56.5,"r":66,"g":0,"angle":382.5,"order":1,"color":1},{"b":65,"duration":0.75,"type":"setColor","time":57.25,"order":1,"g":0,"angle":22.5,"r":195,"color":1},{"b":215,"duration":0.75,"type":"setColor","time":58,"order":1,"g":194,"angle":303.75,"r":255,"color":1},{"b":65,"duration":0.75,"angle":-56.25,"time":58.75,"order":1,"g":0,"type":"setColor","r":195,"color":1},{"order":0,"time":60.25,"b":0,"angle":-258.75,"g":0,"type":"setColor","r":0,"color":1},{"order":1,"time":60.25,"b":65,"type":"setColor","g":0,"angle":-247.5,"r":195,"color":0},{"r":0,"time":60.75,"b":0,"type":"setColor","g":0,"angle":-258.75,"order":0,"color":0},{"order":1,"time":60.75,"b":65,"angle":-247.5,"g":0,"type":"setColor","r":195,"color":1},{"order":0,"b":0,"time":61.25,"angle":-258.75,"g":0,"type":"setColor","r":0,"color":1},{"order":1,"time":61.25,"b":65,"type":"setColor","g":0,"angle":-247.5,"r":195,"color":0},{"r":0,"time":61.75,"b":0,"type":"setColor","g":0,"angle":-258.75,"order":0,"color":0},{"order":1,"time":61.75,"b":65,"angle":-247.5,"g":0,"type":"setColor","r":195,"color":1},{"b":0,"duration":1.5,"type":"setColor","time":62.5,"order":0,"g":0,"angle":281.25,"r":0,"color":1},{"b":65,"duration":1.5,"angle":270,"time":62.5,"order":1,"g":0,"type":"setColor","r":195,"color":0},{"order":0,"time":64.25,"b":0,"angle":247.5,"g":0,"type":"setColor","r":0,"color":0},{"r":195,"time":64.25,"b":65,"type":"setColor","g":0,"angle":236.25,"order":1,"color":1},{"order":0,"b":0,"time":64.75,"angle":247.5,"g":0,"type":"setColor","r":0,"color":1},{"r":195,"b":65,"time":64.75,"angle":236.25,"g":0,"type":"setColor","order":1,"color":0},{"order":0,"b":0,"time":65.25,"angle":247.5,"g":0,"type":"setColor","r":0,"color":0},{"order":1,"b":65,"time":65.25,"type":"setColor","g":0,"angle":236.25,"r":195,"color":1},{"r":0,"time":65.75,"b":0,"type":"setColor","g":0,"angle":247.5,"order":0,"color":1},{"order":1,"time":65.75,"b":65,"type":"setColor","g":0,"angle":236.25,"r":195,"color":0},{"b":0,"duration":1.5,"type":"setColor","time":66.5,"order":0,"g":0,"angle":281.25,"r":0,"color":0},{"b":65,"duration":1.5,"type":"setColor","time":66.5,"order":1,"g":0,"angle":270,"r":195,"color":1},{"r":0,"b":0,"time":68.25,"angle":-258.75,"g":0,"type":"setColor","order":0,"color":1},{"r":195,"b":65,"time":68.25,"type":"setColor","g":0,"angle":-247.5,"order":1,"color":0},{"order":0,"b":0,"time":68.75,"type":"setColor","g":0,"angle":-258.75,"r":0,"color":0},{"r":195,"b":65,"time":68.75,"type":"setColor","g":0,"angle":-247.5,"order":1,"color":1},{"r":0,"time":69.25,"b":0,"type":"setColor","g":0,"angle":-258.75,"order":0,"color":1},{"r":195,"b":65,"time":69.25,"type":"setColor","g":0,"angle":-247.5,"order":1,"color":0},{"order":0,"b":0,"time":69.75,"type":"setColor","g":0,"angle":-258.75,"r":0,"color":0},{"r":195,"b":65,"time":69.75,"type":"setColor","g":0,"angle":-247.5,"order":1,"color":1},{"order":0,"time":70.5,"b":188,"angle":236.25,"g":151,"type":"setColor","r":255,"color":1},{"b":65,"duration":0.75,"angle":225,"time":70.5,"r":195,"g":0,"type":"setColor","order":1,"color":1},{"order":0,"time":71,"b":188,"angle":236.25,"g":151,"type":"setColor","r":255,"color":1},{"b":65,"duration":0.75,"angle":225,"time":71,"order":1,"g":0,"type":"setColor","r":195,"color":1},{"order":0,"time":72,"b":188,"angle":236.25,"g":151,"type":"setColor","r":255,"color":1},{"b":65,"duration":0.75,"angle":225,"time":72,"order":1,"g":0,"type":"setColor","r":195,"color":1},{"order":0,"time":73,"b":188,"angle":236.25,"g":151,"type":"setColor","r":255,"color":1},{"b":65,"duration":0.75,"angle":225,"time":73,"order":1,"g":0,"type":"setColor","r":195,"color":1},{"order":0,"time":74,"b":188,"angle":236.25,"g":151,"type":"setColor","r":255,"color":1},{"b":65,"duration":0.75,"angle":225,"time":74,"order":1,"g":0,"type":"setColor","r":195,"color":1},{"b":34,"duration":1,"type":"setColor","time":75,"r":96,"g":0,"angle":236.25,"order":0,"color":1},{"order":0,"time":76,"b":188,"angle":236.25,"g":151,"type":"setColor","r":255,"color":1},{"b":65,"duration":0.75,"angle":225,"time":76,"order":1,"g":0,"type":"setColor","r":195,"color":1},{"order":0,"time":77,"b":188,"angle":236.25,"g":151,"type":"setColor","r":255,"color":1},{"b":65,"duration":0.75,"angle":225,"time":77,"order":1,"g":0,"type":"setColor","r":195,"color":1},{"order":0,"time":78,"b":188,"angle":236.25,"g":151,"type":"setColor","r":255,"color":1},{"b":65,"duration":0.75,"angle":225,"time":78,"order":1,"g":0,"type":"setColor","r":195,"color":1},{"order":0,"time":79,"b":188,"angle":225,"g":151,"type":"setColor","r":255,"color":1},{"b":65,"duration":0.75,"angle":213.75,"time":79,"order":1,"g":0,"type":"setColor","r":195,"color":1},{"order":0,"time":80,"b":188,"angle":236.25,"g":151,"type":"setColor","r":255,"color":1},{"b":65,"duration":0.75,"angle":225,"time":80,"order":1,"g":0,"type":"setColor","r":195,"color":1},{"order":0,"time":81,"b":188,"angle":236.25,"g":151,"type":"setColor","r":255,"color":1},{"b":65,"duration":0.75,"angle":225,"time":81,"order":1,"g":0,"type":"setColor","r":195,"color":1},{"order":0,"time":82,"b":188,"angle":236.25,"g":151,"type":"setColor","r":255,"color":1},{"b":65,"duration":0.75,"angle":225,"time":82,"order":1,"g":0,"type":"setColor","r":195,"color":1},{"order":0,"time":83,"b":188,"angle":236.25,"g":151,"type":"setColor","r":255,"color":1},{"b":65,"duration":0.75,"angle":225,"time":83,"order":1,"g":0,"type":"setColor","r":195,"color":1},{"order":0,"time":85,"b":188,"angle":236.25,"g":151,"type":"setColor","r":255,"color":1},{"b":65,"duration":0.75,"angle":225,"time":85,"order":1,"g":0,"type":"setColor","r":195,"color":1},{"order":0,"time":86,"b":188,"angle":236.25,"g":151,"type":"setColor","r":255,"color":1},{"b":65,"duration":0.75,"angle":225,"time":86,"order":1,"g":0,"type":"setColor","r":195,"color":1},{"order":0,"time":87,"b":188,"angle":236.25,"g":151,"type":"setColor","r":255,"color":1},{"b":65,"duration":0.75,"angle":225,"time":87,"order":1,"g":0,"type":"setColor","r":195,"color":1},{"order":0,"time":88,"b":188,"angle":236.25,"g":151,"type":"setColor","r":255,"color":1},{"b":65,"duration":0.75,"angle":225,"time":88,"order":1,"g":0,"type":"setColor","r":195,"color":1},{"order":0,"time":89,"b":188,"angle":270,"g":151,"type":"setColor","r":255,"color":1},{"b":65,"duration":0.75,"angle":258.75,"time":89,"order":1,"g":0,"type":"setColor","r":195,"color":1},{"order":0,"time":90,"b":188,"angle":236.25,"g":151,"type":"setColor","r":255,"color":1},{"b":65,"duration":0.75,"angle":225,"time":90,"order":1,"g":0,"type":"setColor","r":195,"color":1},{"order":0,"time":91,"b":188,"angle":236.25,"g":151,"type":"setColor","r":255,"color":1},{"b":65,"duration":0.75,"angle":225,"time":91,"order":1,"g":0,"type":"setColor","r":195,"color":1},{"order":0,"time":93,"b":188,"angle":236.25,"g":151,"type":"setColor","r":255,"color":1},{"b":65,"duration":0.75,"angle":225,"time":93,"order":1,"g":0,"type":"setColor","r":195,"color":1},{"order":0,"time":94,"b":188,"angle":225,"g":151,"type":"setColor","r":255,"color":1},{"b":65,"duration":0.75,"angle":213.75,"time":94,"order":1,"g":0,"type":"setColor","r":195,"color":1},{"order":0,"time":95,"b":188,"angle":236.25,"g":151,"type":"setColor","r":255,"color":1},{"b":65,"duration":0.75,"angle":225,"time":95,"order":1,"g":0,"type":"setColor","r":195,"color":1},{"order":0,"time":96,"b":188,"angle":236.25,"g":151,"type":"setColor","r":255,"color":1},{"b":65,"duration":0.75,"angle":225,"time":96,"order":1,"g":0,"type":"setColor","r":195,"color":1},{"order":0,"time":97,"b":188,"angle":236.25,"g":151,"type":"setColor","r":255,"color":1},{"b":65,"duration":0.75,"angle":225,"time":97,"order":1,"g":0,"type":"setColor","r":195,"color":1},{"order":0,"time":98,"b":188,"angle":236.25,"g":151,"type":"setColor","r":255,"color":1},{"b":65,"duration":0.75,"angle":225,"time":98,"order":1,"g":0,"type":"setColor","r":195,"color":1},{"order":0,"time":99,"b":188,"angle":236.25,"g":151,"type":"setColor","r":255,"color":1},{"b":65,"duration":0.75,"angle":225,"time":99,"order":1,"g":0,"type":"setColor","r":195,"color":1},{"order":0,"time":101,"b":188,"angle":236.25,"g":151,"type":"setColor","r":255,"color":1},{"b":65,"duration":0.75,"angle":225,"time":101,"order":1,"g":0,"type":"setColor","r":195,"color":1},{"order":0,"time":102,"b":188,"angle":236.25,"g":151,"type":"setColor","r":255,"color":1},{"b":65,"duration":0.75,"angle":225,"time":102,"order":1,"g":0,"type":"setColor","r":195,"color":1},{"order":0,"time":103,"b":188,"angle":236.25,"g":151,"type":"setColor","r":255,"color":1},{"b":65,"duration":0.75,"angle":225,"time":103,"order":1,"g":0,"type":"setColor","r":195,"color":1},{"order":0,"time":104,"b":188,"angle":236.25,"g":151,"type":"setColor","r":255,"color":1},{"b":65,"duration":0.75,"angle":225,"time":104,"order":1,"g":0,"type":"setColor","r":195,"color":1},{"order":0,"time":105,"b":188,"angle":236.25,"g":151,"type":"setColor","r":255,"color":1},{"b":65,"duration":0.75,"angle":225,"time":105,"order":1,"g":0,"type":"setColor","r":195,"color":1},{"order":0,"time":106,"b":188,"angle":236.25,"g":151,"type":"setColor","r":255,"color":1},{"b":65,"duration":0.75,"angle":225,"time":106,"order":1,"g":0,"type":"setColor","r":195,"color":1},{"order":0,"time":107,"b":188,"angle":236.25,"g":151,"type":"setColor","r":255,"color":1},{"b":65,"duration":0.75,"angle":225,"time":107,"order":1,"g":0,"type":"setColor","r":195,"color":1},{"order":0,"time":109,"b":188,"angle":236.25,"g":151,"type":"setColor","r":255,"color":1},{"b":65,"duration":0.75,"angle":225,"time":109,"order":1,"g":0,"type":"setColor","r":195,"color":1},{"order":0,"time":110,"b":188,"angle":236.25,"g":151,"type":"setColor","r":255,"color":1},{"b":65,"duration":0.75,"angle":225,"time":110,"order":1,"g":0,"type":"setColor","r":195,"color":1},{"order":0,"time":111,"b":188,"angle":236.25,"g":151,"type":"setColor","r":255,"color":1},{"b":65,"duration":0.75,"angle":225,"time":111,"order":1,"g":0,"type":"setColor","r":195,"color":1},{"order":0,"time":112,"b":188,"angle":236.25,"g":151,"type":"setColor","r":255,"color":1},{"b":65,"duration":0.75,"angle":225,"time":112,"order":1,"g":0,"type":"setColor","r":195,"color":1},{"order":0,"time":113,"b":188,"angle":236.25,"g":151,"type":"setColor","r":255,"color":1},{"b":65,"duration":0.75,"angle":225,"time":113,"order":1,"g":0,"type":"setColor","r":195,"color":1},{"order":0,"time":114,"b":188,"angle":236.25,"g":151,"type":"setColor","r":255,"color":1},{"b":65,"duration":0.75,"angle":225,"time":114,"order":1,"g":0,"type":"setColor","r":195,"color":1},{"order":0,"time":115,"b":188,"angle":236.25,"g":151,"type":"setColor","r":255,"color":1},{"b":65,"duration":0.75,"angle":225,"time":115,"order":1,"g":0,"type":"setColor","r":195,"color":1},{"order":0,"time":117,"b":188,"angle":236.25,"g":151,"type":"setColor","r":255,"color":1},{"b":65,"duration":0.75,"angle":225,"time":117,"order":1,"g":0,"type":"setColor","r":195,"color":1},{"order":0,"time":118,"b":188,"angle":258.75,"g":151,"type":"setColor","r":255,"color":1},{"b":65,"duration":0.75,"angle":247.5,"time":118,"order":1,"g":0,"type":"setColor","r":195,"color":1},{"order":0,"time":119,"b":188,"angle":225,"g":151,"type":"setColor","r":255,"color":1},{"b":65,"duration":0.75,"angle":213.75,"time":119,"order":1,"g":0,"type":"setColor","r":195,"color":1},{"b":18,"duration":0.5,"angle":225,"time":119.5,"r":55,"g":0,"type":"setColor","order":1,"color":1},{"order":0,"time":120.5,"b":49,"angle":236.25,"g":0,"type":"setColor","r":147,"color":1},{"order":0,"b":65,"time":121,"angle":236.25,"g":0,"type":"setColor","r":195,"color":1},{"order":0,"time":121.5,"b":85,"angle":236.25,"g":0,"type":"setColor","r":255,"color":1},{"order":0,"time":123,"b":144,"angle":236.25,"g":89,"type":"setColor","r":255,"color":1},{"order":0,"time":123.33333333333,"b":166,"angle":236.25,"g":121,"type":"setColor","r":255,"color":1},{"order":0,"time":123.66666666667,"b":214,"angle":236.25,"g":191,"type":"setColor","r":255,"color":1},{"order":0,"b":207,"time":83.75,"angle":292.5,"g":179,"type":"setColor","r":255,"color":1},{"r":195,"time":83.833332061768,"b":65,"type":"setColor","g":0,"angle":281.25,"order":1,"color":1},{"r":255,"time":84,"b":188,"type":"setColor","g":151,"angle":292.5,"order":0,"color":1},{"b":65,"duration":0.75,"angle":281.25,"time":84,"order":1,"g":0,"type":"setColor","r":195,"color":1},{"order":0,"b":207,"time":91.75,"angle":292.5,"g":179,"type":"setColor","r":255,"color":1},{"r":195,"time":91.833332061768,"b":65,"type":"setColor","g":0,"angle":281.25,"order":1,"color":1},{"r":255,"time":92,"b":188,"type":"setColor","g":151,"angle":292.5,"order":0,"color":1},{"b":65,"duration":0.75,"angle":281.25,"time":92,"order":1,"g":0,"type":"setColor","r":195,"color":1},{"r":255,"time":91.583333333333,"b":207,"type":"setColor","g":179,"angle":292.5,"order":0,"color":1},{"r":195,"time":91.666665395101,"b":65,"type":"setColor","g":0,"angle":281.25,"order":1,"color":1},{"order":0,"time":99.75,"b":207,"angle":292.5,"g":179,"type":"setColor","r":255,"color":1},{"r":195,"time":99.833332061768,"b":65,"type":"setColor","g":0,"angle":281.25,"order":1,"color":1},{"r":255,"time":100,"b":188,"type":"setColor","g":151,"angle":292.5,"order":0,"color":1},{"b":65,"duration":0.75,"angle":281.25,"time":100,"r":195,"g":0,"type":"setColor","order":1,"color":1},{"order":0,"time":115.75,"b":207,"angle":292.5,"g":179,"type":"setColor","r":255,"color":1},{"r":195,"time":115.83333206177,"b":65,"type":"setColor","g":0,"angle":281.25,"order":1,"color":1},{"r":255,"time":116,"b":188,"type":"setColor","g":151,"angle":292.5,"order":0,"color":1},{"b":65,"duration":0.75,"angle":281.25,"time":116,"r":195,"g":0,"type":"setColor","order":1,"color":1},{"order":0,"time":107.75,"b":207,"angle":292.5,"g":179,"type":"setColor","r":255,"color":1},{"r":195,"time":107.83333206177,"b":65,"type":"setColor","g":0,"angle":281.25,"order":1,"color":1},{"r":255,"time":108,"b":188,"type":"setColor","g":151,"angle":292.5,"order":0,"color":1},{"b":65,"duration":0.75,"angle":281.25,"time":108,"r":195,"g":0,"type":"setColor","order":1,"color":1},{"r":255,"time":107.58333333333,"b":207,"type":"setColor","g":179,"angle":292.5,"order":0,"color":1},{"r":195,"time":107.6666653951,"b":65,"type":"setColor","g":0,"angle":281.25,"order":1,"color":1},{"time":311.00015258789,"y":180,"id":"1","angle":315,"type":"deco","x":300},{"order":0,"b":113,"time":124,"angle":236.25,"g":113,"type":"setColor","r":113,"color":1},{"b":255,"duration":0.75,"angle":225,"time":124,"r":255,"g":255,"type":"setColor","order":1,"color":1},{"order":0,"time":125,"b":113,"angle":236.25,"g":113,"type":"setColor","r":113,"color":1},{"b":255,"duration":0.75,"angle":225,"time":125,"order":1,"g":255,"type":"setColor","r":255,"color":1},{"order":0,"time":126,"b":113,"angle":236.25,"g":113,"type":"setColor","r":113,"color":1},{"b":255,"duration":0.75,"angle":225,"time":126,"order":1,"g":255,"type":"setColor","r":255,"color":1},{"order":0,"time":127,"b":113,"angle":236.25,"g":113,"type":"setColor","r":113,"color":1},{"b":255,"duration":0.75,"angle":225,"time":127,"order":1,"g":255,"type":"setColor","r":255,"color":1},{"order":0,"time":128,"b":113,"angle":236.25,"g":113,"type":"setColor","r":113,"color":1},{"b":255,"duration":0.75,"angle":225,"time":128,"order":1,"g":255,"type":"setColor","r":255,"color":1},{"order":0,"time":129,"b":113,"angle":236.25,"g":113,"type":"setColor","r":113,"color":1},{"b":255,"duration":0.75,"angle":225,"time":129,"order":1,"g":255,"type":"setColor","r":255,"color":1},{"order":0,"b":113,"time":130,"angle":236.25,"g":113,"type":"setColor","r":113,"color":1},{"b":255,"duration":0.75,"angle":225,"time":130,"r":255,"g":255,"type":"setColor","order":1,"color":1},{"r":113,"b":113,"time":131,"angle":236.25,"g":113,"type":"setColor","order":0,"color":1},{"b":255,"duration":0.75,"angle":225,"time":131,"r":255,"g":255,"type":"setColor","order":1,"color":1},{"r":113,"b":113,"time":132,"angle":236.25,"g":113,"type":"setColor","order":0,"color":1},{"b":255,"duration":0.75,"angle":225,"time":132,"r":255,"g":255,"type":"setColor","order":1,"color":1},{"r":113,"b":113,"time":133,"angle":236.25,"g":113,"type":"setColor","order":0,"color":1},{"b":255,"duration":0.75,"angle":225,"time":133,"r":255,"g":255,"type":"setColor","order":1,"color":1},{"r":113,"b":113,"time":134,"angle":236.25,"g":113,"type":"setColor","order":0,"color":1},{"b":255,"duration":0.75,"angle":225,"time":134,"r":255,"g":255,"type":"setColor","order":1,"color":1},{"order":0,"b":113,"time":135,"angle":236.25,"g":113,"type":"setColor","r":113,"color":1},{"b":255,"duration":0.75,"angle":225,"time":135,"r":255,"g":255,"type":"setColor","order":1,"color":1},{"r":113,"b":113,"time":136,"angle":236.25,"g":113,"type":"setColor","order":0,"color":1},{"b":255,"duration":0.75,"angle":225,"time":136,"r":255,"g":255,"type":"setColor","order":1,"color":1},{"r":113,"b":113,"time":137,"angle":236.25,"g":113,"type":"setColor","order":0,"color":1},{"b":255,"duration":0.75,"angle":225,"time":137,"r":255,"g":255,"type":"setColor","order":1,"color":1},{"r":113,"b":113,"time":138,"angle":236.25,"g":113,"type":"setColor","order":0,"color":1},{"b":255,"duration":0.75,"angle":225,"time":138,"r":255,"g":255,"type":"setColor","order":1,"color":1},{"r":113,"b":113,"time":139,"angle":236.25,"g":113,"type":"setColor","order":0,"color":1},{"b":255,"duration":0.75,"angle":225,"time":139,"r":255,"g":255,"type":"setColor","order":1,"color":1},{"order":0,"b":113,"time":140,"angle":236.25,"g":113,"type":"setColor","r":113,"color":1},{"b":255,"duration":0.75,"angle":225,"time":140,"r":255,"g":255,"type":"setColor","order":1,"color":1},{"r":113,"b":113,"time":141,"angle":236.25,"g":113,"type":"setColor","order":0,"color":1},{"b":255,"duration":0.75,"angle":225,"time":141,"r":255,"g":255,"type":"setColor","order":1,"color":1},{"r":113,"b":113,"time":142,"angle":236.25,"g":113,"type":"setColor","order":0,"color":1},{"b":255,"duration":0.75,"angle":225,"time":142,"r":255,"g":255,"type":"setColor","order":1,"color":1},{"r":113,"b":113,"time":143,"angle":236.25,"g":113,"type":"setColor","order":0,"color":1},{"b":255,"duration":0.75,"angle":225,"time":143,"r":255,"g":255,"type":"setColor","order":1,"color":1},{"r":113,"b":113,"time":144,"angle":236.25,"g":113,"type":"setColor","order":0,"color":1},{"b":255,"duration":0.75,"angle":225,"time":144,"r":255,"g":255,"type":"setColor","order":1,"color":1},{"order":0,"b":113,"time":145,"angle":225,"g":113,"type":"setColor","r":113,"color":1},{"b":255,"duration":0.75,"angle":213.75,"time":145,"r":255,"g":255,"type":"setColor","order":1,"color":1},{"r":113,"b":113,"time":146,"angle":225,"g":113,"type":"setColor","order":0,"color":1},{"b":255,"duration":0.75,"angle":213.75,"time":146,"r":255,"g":255,"type":"setColor","order":1,"color":1},{"r":113,"b":113,"time":147,"angle":225,"g":113,"type":"setColor","order":0,"color":1},{"b":255,"duration":0.75,"angle":213.75,"time":147,"r":255,"g":255,"type":"setColor","order":1,"color":1},{"r":113,"b":113,"time":148,"angle":225,"g":113,"type":"setColor","order":0,"color":1},{"b":255,"duration":0.75,"angle":213.75,"time":148,"r":255,"g":255,"type":"setColor","order":1,"color":1},{"r":113,"b":113,"time":149,"angle":225,"g":113,"type":"setColor","order":0,"color":1},{"b":255,"duration":0.75,"angle":213.75,"time":149,"r":255,"g":255,"type":"setColor","order":1,"color":1},{"order":0,"b":113,"time":150,"angle":213.75,"g":113,"type":"setColor","r":113,"color":1},{"b":255,"duration":0.75,"angle":202.5,"time":150,"r":255,"g":255,"type":"setColor","order":1,"color":1},{"r":113,"b":113,"time":151,"angle":213.75,"g":113,"type":"setColor","order":0,"color":1},{"b":255,"duration":0.75,"angle":202.5,"time":151,"r":255,"g":255,"type":"setColor","order":1,"color":1},{"order":0,"time":139.75,"b":70,"angle":236.25,"g":70,"type":"setColor","r":70,"color":1},{"r":255,"b":255,"time":139.83332824707,"angle":225,"g":255,"type":"setColor","order":1,"color":1},{"order":0,"time":151.5,"b":255,"angle":236.25,"g":255,"type":"setColor","r":255,"color":0},{"order":1,"b":0,"time":151.5,"angle":225,"g":0,"type":"setColor","r":0,"color":1},{"r":255,"b":185,"time":152.5,"angle":225,"g":144,"type":"setColor","order":1,"color":0},{"order":1,"b":128,"time":152.75,"angle":225,"g":60,"type":"setColor","r":255,"color":0},{"order":1,"b":65,"time":153,"angle":225,"g":0,"type":"setColor","r":181,"color":0},{"b":0,"duration":2,"angle":225,"time":154,"r":0,"g":0,"type":"setColor","order":1,"color":1},{"order":1,"time":152.5,"b":96,"angle":236.25,"g":96,"type":"setColor","r":96,"color":1},{"order":1,"b":189,"time":152.75,"angle":236.25,"g":189,"type":"setColor","r":189,"color":1},{"order":1,"b":255,"time":153,"angle":236.25,"g":255,"type":"setColor","r":255,"color":1},{"order":0,"b":188,"time":156,"angle":225,"g":151,"type":"setColor","r":255,"color":0},{"b":65,"duration":0.75,"angle":213.75,"time":156,"r":195,"g":0,"type":"setColor","order":1,"color":0},{"order":0,"time":157,"b":188,"angle":270,"g":151,"type":"setColor","r":255,"color":0},{"b":65,"duration":0.75,"angle":258.75,"time":157,"order":1,"g":0,"type":"setColor","r":195,"color":0},{"order":0,"time":158,"b":188,"angle":225,"g":151,"type":"setColor","r":255,"color":0},{"b":65,"duration":0.75,"angle":213.75,"time":158,"order":1,"g":0,"type":"setColor","r":195,"color":0},{"r":255,"b":188,"time":159,"angle":270,"g":151,"type":"setColor","order":0,"color":0},{"b":65,"duration":0.75,"angle":258.75,"time":159,"r":195,"g":0,"type":"setColor","order":1,"color":0},{"order":0,"time":160,"b":188,"angle":225,"g":151,"type":"setColor","r":255,"color":0},{"b":65,"duration":0.75,"angle":213.75,"time":160,"order":1,"g":0,"type":"setColor","r":195,"color":0},{"r":255,"b":188,"time":161,"angle":270,"g":151,"type":"setColor","order":0,"color":0},{"b":65,"duration":0.75,"angle":258.75,"time":161,"r":195,"g":0,"type":"setColor","order":1,"color":0},{"order":0,"time":162,"b":188,"angle":225,"g":151,"type":"setColor","r":255,"color":0},{"b":65,"duration":0.75,"angle":213.75,"time":162,"order":1,"g":0,"type":"setColor","r":195,"color":0},{"r":255,"b":188,"time":163,"angle":270,"g":151,"type":"setColor","order":0,"color":0},{"b":65,"duration":0.75,"angle":258.75,"time":163,"r":195,"g":0,"type":"setColor","order":1,"color":0},{"order":0,"time":164,"b":188,"angle":225,"g":151,"type":"setColor","r":255,"color":0},{"b":65,"duration":0.75,"angle":213.75,"time":164,"order":1,"g":0,"type":"setColor","r":195,"color":0},{"r":255,"b":188,"time":165,"angle":270,"g":151,"type":"setColor","order":0,"color":0},{"b":65,"duration":0.75,"angle":258.75,"time":165,"r":195,"g":0,"type":"setColor","order":1,"color":0},{"order":0,"time":166,"b":188,"angle":225,"g":151,"type":"setColor","r":255,"color":0},{"b":65,"duration":0.75,"angle":213.75,"time":166,"order":1,"g":0,"type":"setColor","r":195,"color":0},{"r":255,"b":188,"time":167,"angle":270,"g":151,"type":"setColor","order":0,"color":0},{"b":65,"duration":0.75,"angle":258.75,"time":167,"r":195,"g":0,"type":"setColor","order":1,"color":0},{"order":0,"b":188,"time":168,"angle":247.5,"g":151,"type":"setColor","r":255,"color":0},{"b":65,"duration":0.75,"angle":236.25,"time":168,"r":195,"g":0,"type":"setColor","order":1,"color":0},{"r":255,"b":188,"time":169,"angle":292.5,"g":151,"type":"setColor","order":0,"color":0},{"b":65,"duration":0.75,"angle":281.25,"time":169,"order":1,"g":0,"type":"setColor","r":195,"color":0},{"r":255,"b":188,"time":170,"angle":247.5,"g":151,"type":"setColor","order":0,"color":0},{"b":65,"duration":0.75,"angle":236.25,"time":170,"r":195,"g":0,"type":"setColor","order":1,"color":0},{"r":255,"b":188,"time":171,"angle":292.5,"g":151,"type":"setColor","order":0,"color":0},{"b":65,"duration":0.75,"angle":281.25,"time":171,"order":1,"g":0,"type":"setColor","r":195,"color":0},{"r":255,"b":188,"time":172,"angle":247.5,"g":151,"type":"setColor","order":0,"color":0},{"b":65,"duration":0.75,"angle":236.25,"time":172,"r":195,"g":0,"type":"setColor","order":1,"color":0},{"r":255,"b":188,"time":173,"angle":292.5,"g":151,"type":"setColor","order":0,"color":0},{"b":65,"duration":0.75,"angle":281.25,"time":173,"order":1,"g":0,"type":"setColor","r":195,"color":0},{"order":0,"b":188,"time":174,"angle":225,"g":151,"type":"setColor","r":255,"color":0},{"b":65,"duration":0.75,"angle":213.75,"time":174,"r":195,"g":0,"type":"setColor","order":1,"color":0},{"r":255,"b":188,"time":175,"angle":270,"g":151,"type":"setColor","order":0,"color":0},{"b":65,"duration":0.75,"angle":258.75,"time":175,"order":1,"g":0,"type":"setColor","r":195,"color":0},{"r":255,"b":188,"time":176,"angle":225,"g":151,"type":"setColor","order":0,"color":0},{"b":65,"duration":0.75,"angle":213.75,"time":176,"r":195,"g":0,"type":"setColor","order":1,"color":0},{"r":255,"b":188,"time":177,"angle":270,"g":151,"type":"setColor","order":0,"color":0},{"b":65,"duration":0.75,"angle":258.75,"time":177,"order":1,"g":0,"type":"setColor","r":195,"color":0},{"r":255,"b":188,"time":178,"angle":225,"g":151,"type":"setColor","order":0,"color":0},{"b":65,"duration":0.75,"angle":213.75,"time":178,"r":195,"g":0,"type":"setColor","order":1,"color":0},{"r":255,"b":188,"time":179,"angle":270,"g":151,"type":"setColor","order":0,"color":0},{"b":65,"duration":0.75,"angle":258.75,"time":179,"order":1,"g":0,"type":"setColor","r":195,"color":0},{"order":0,"b":188,"time":180,"angle":225,"g":151,"type":"setColor","r":255,"color":0},{"b":65,"duration":0.75,"angle":213.75,"time":180,"r":195,"g":0,"type":"setColor","order":1,"color":0},{"r":255,"b":188,"time":181,"angle":270,"g":151,"type":"setColor","order":0,"color":0},{"b":65,"duration":0.75,"angle":258.75,"time":181,"order":1,"g":0,"type":"setColor","r":195,"color":0},{"r":255,"b":188,"time":182,"angle":225,"g":151,"type":"setColor","order":0,"color":0},{"b":65,"duration":0.75,"angle":213.75,"time":182,"r":195,"g":0,"type":"setColor","order":1,"color":0},{"r":255,"b":188,"time":183,"angle":270,"g":151,"type":"setColor","order":0,"color":0},{"b":65,"duration":0.75,"angle":258.75,"time":183,"order":1,"g":0,"type":"setColor","r":195,"color":0},{"r":255,"b":188,"time":184,"angle":225,"g":151,"type":"setColor","order":0,"color":0},{"b":65,"duration":0.75,"angle":213.75,"time":184,"r":195,"g":0,"type":"setColor","order":1,"color":0},{"r":255,"b":188,"time":185,"angle":270,"g":151,"type":"setColor","order":0,"color":0},{"b":65,"duration":0.75,"angle":258.75,"time":185,"order":1,"g":0,"type":"setColor","r":195,"color":0},{"order":0,"b":188,"time":186,"angle":225,"g":151,"type":"setColor","r":255,"color":0},{"b":65,"duration":0.75,"angle":213.75,"time":186,"r":195,"g":0,"type":"setColor","order":1,"color":0},{"b":0,"duration":1,"angle":247.5,"time":187,"r":0,"g":0,"type":"setColor","order":0,"color":0},{"b":65,"duration":1,"angle":236.25,"time":187,"r":195,"g":0,"type":"setColor","order":1,"color":1},{"order":0,"time":188.25,"b":0,"angle":-258.75,"g":0,"type":"setColor","r":0,"color":1},{"order":1,"time":188.25,"b":65,"type":"setColor","g":0,"angle":-247.5,"r":195,"color":0},{"r":0,"time":188.75,"b":0,"type":"setColor","g":0,"angle":-258.75,"order":0,"color":0},{"order":1,"time":188.75,"b":65,"angle":-247.5,"g":0,"type":"setColor","r":195,"color":1},{"order":0,"b":0,"time":189.25,"angle":-258.75,"g":0,"type":"setColor","r":0,"color":1},{"order":1,"time":189.25,"b":65,"type":"setColor","g":0,"angle":-247.5,"r":195,"color":0},{"r":0,"time":189.75,"b":0,"type":"setColor","g":0,"angle":-258.75,"order":0,"color":0},{"order":1,"time":189.75,"b":65,"angle":-247.5,"g":0,"type":"setColor","r":195,"color":1},{"b":0,"duration":1.5,"angle":281.25,"time":190.5,"order":0,"g":0,"type":"setColor","r":0,"color":1},{"b":65,"duration":1.5,"angle":270,"time":190.5,"order":1,"g":0,"type":"setColor","r":195,"color":0},{"order":0,"b":0,"time":192.25,"angle":247.5,"g":0,"type":"setColor","r":0,"color":0},{"order":1,"b":65,"time":192.25,"type":"setColor","g":0,"angle":236.25,"r":195,"color":1},{"r":0,"time":192.75,"b":0,"type":"setColor","g":0,"angle":247.5,"order":0,"color":1},{"order":1,"time":192.75,"b":65,"type":"setColor","g":0,"angle":236.25,"r":195,"color":0},{"r":0,"time":193.25,"b":0,"type":"setColor","g":0,"angle":247.5,"order":0,"color":0},{"order":1,"time":193.25,"b":65,"angle":236.25,"g":0,"type":"setColor","r":195,"color":1},{"order":0,"b":0,"time":193.75,"type":"setColor","g":0,"angle":247.5,"r":0,"color":1},{"r":195,"b":65,"time":193.75,"type":"setColor","g":0,"angle":236.25,"order":1,"color":0},{"b":0,"duration":1.5,"angle":303.75,"time":194.5,"order":0,"g":0,"type":"setColor","r":0,"color":0},{"b":65,"duration":1.5,"angle":292.5,"time":194.5,"r":195,"g":0,"type":"setColor","order":1,"color":1},{"order":0,"time":196.25,"b":0,"angle":-258.75,"g":0,"type":"setColor","r":0,"color":1},{"order":1,"time":196.25,"b":65,"type":"setColor","g":0,"angle":-247.5,"r":195,"color":0},{"r":0,"time":196.75,"b":0,"type":"setColor","g":0,"angle":-258.75,"order":0,"color":0},{"order":1,"time":196.75,"b":65,"angle":-247.5,"g":0,"type":"setColor","r":195,"color":1},{"order":0,"b":0,"time":197.25,"angle":-258.75,"g":0,"type":"setColor","r":0,"color":1},{"order":1,"time":197.25,"b":65,"type":"setColor","g":0,"angle":-247.5,"r":195,"color":0},{"r":0,"time":197.75,"b":0,"type":"setColor","g":0,"angle":-258.75,"order":0,"color":0},{"order":1,"time":197.75,"b":65,"angle":-247.5,"g":0,"type":"setColor","r":195,"color":1},{"b":0,"duration":1.5,"type":"setColor","time":198.5,"order":0,"g":0,"angle":281.25,"r":0,"color":1},{"b":65,"duration":1,"type":"setColor","time":198.5,"r":195,"g":0,"angle":270,"order":1,"color":0},{"b":65,"duration":1,"type":"setColor","time":201,"order":1,"g":0,"angle":281.25,"r":195,"color":1},{"b":0,"duration":1,"type":"setColor","time":201,"r":0,"g":0,"angle":292.5,"order":1,"color":0},{"order":0,"time":204.25,"b":0,"angle":-258.75,"g":0,"type":"setColor","r":0,"color":1},{"order":1,"time":204.25,"b":65,"type":"setColor","g":0,"angle":-247.5,"r":195,"color":0},{"r":0,"time":204.75,"b":0,"type":"setColor","g":0,"angle":-258.75,"order":0,"color":0},{"order":1,"time":204.75,"b":65,"angle":-247.5,"g":0,"type":"setColor","r":195,"color":1},{"order":0,"b":0,"time":205.25,"angle":-258.75,"g":0,"type":"setColor","r":0,"color":1},{"order":1,"time":205.25,"b":65,"type":"setColor","g":0,"angle":-247.5,"r":195,"color":0},{"r":0,"time":205.75,"b":0,"type":"setColor","g":0,"angle":-258.75,"order":0,"color":0},{"order":1,"time":205.75,"b":65,"angle":-247.5,"g":0,"type":"setColor","r":195,"color":1},{"b":0,"duration":1.5,"angle":281.25,"time":206.5,"order":0,"g":0,"type":"setColor","r":0,"color":1},{"b":65,"duration":1.5,"angle":270,"time":206.5,"order":1,"g":0,"type":"setColor","r":195,"color":0},{"order":0,"b":0,"time":208.25,"angle":247.5,"g":0,"type":"setColor","r":0,"color":0},{"order":1,"b":65,"time":208.25,"type":"setColor","g":0,"angle":236.25,"r":195,"color":1},{"r":0,"time":208.75,"b":0,"type":"setColor","g":0,"angle":247.5,"order":0,"color":1},{"order":1,"time":208.75,"b":65,"type":"setColor","g":0,"angle":236.25,"r":195,"color":0},{"r":0,"time":209.25,"b":0,"type":"setColor","g":0,"angle":247.5,"order":0,"color":0},{"order":1,"time":209.25,"b":65,"angle":236.25,"g":0,"type":"setColor","r":195,"color":1},{"order":0,"b":0,"time":209.75,"type":"setColor","g":0,"angle":247.5,"r":0,"color":1},{"r":195,"b":65,"time":209.75,"type":"setColor","g":0,"angle":236.25,"order":1,"color":0},{"b":0,"duration":1.5,"angle":303.75,"time":210.5,"order":0,"g":0,"type":"setColor","r":0,"color":0},{"b":65,"duration":1.5,"angle":292.5,"time":210.5,"r":195,"g":0,"type":"setColor","order":1,"color":1},{"order":0,"time":212.25,"b":0,"angle":-258.75,"g":0,"type":"setColor","r":0,"color":1},{"order":1,"time":212.25,"b":65,"type":"setColor","g":0,"angle":-247.5,"r":195,"color":0},{"r":0,"time":212.75,"b":0,"type":"setColor","g":0,"angle":-258.75,"order":0,"color":0},{"order":1,"time":212.75,"b":65,"angle":-247.5,"g":0,"type":"setColor","r":195,"color":1},{"order":0,"b":0,"time":213.25,"angle":-258.75,"g":0,"type":"setColor","r":0,"color":1},{"order":1,"time":213.25,"b":65,"type":"setColor","g":0,"angle":-247.5,"r":195,"color":0},{"r":0,"time":213.75,"b":0,"type":"setColor","g":0,"angle":-258.75,"order":0,"color":0},{"order":1,"time":213.75,"b":65,"angle":-247.5,"g":0,"type":"setColor","r":195,"color":1},{"b":0,"duration":1.5,"angle":281.25,"time":214.5,"order":0,"g":0,"type":"setColor","r":0,"color":1},{"b":65,"duration":1.5,"angle":270,"time":214.5,"order":1,"g":0,"type":"setColor","r":195,"color":0},{"order":0,"b":0,"time":216.25,"angle":247.5,"g":0,"type":"setColor","r":0,"color":0},{"order":1,"b":65,"time":216.25,"type":"setColor","g":0,"angle":236.25,"r":195,"color":1},{"r":0,"time":216.75,"b":0,"type":"setColor","g":0,"angle":247.5,"order":0,"color":1},{"order":1,"time":216.75,"b":65,"type":"setColor","g":0,"angle":236.25,"r":195,"color":0},{"r":0,"time":217.25,"b":0,"type":"setColor","g":0,"angle":247.5,"order":0,"color":0},{"order":1,"time":217.25,"b":65,"angle":236.25,"g":0,"type":"setColor","r":195,"color":1},{"order":0,"b":0,"time":217.75,"angle":247.5,"g":0,"type":"setColor","r":0,"color":1},{"r":195,"b":65,"time":217.75,"angle":236.25,"g":0,"type":"setColor","order":1,"color":0},{"order":0,"time":219,"b":255,"angle":315,"g":255,"type":"setColor","r":255,"color":0},{"b":0,"duration":20,"angle":303.75,"time":219,"r":0,"g":0,"type":"setColor","order":1,"color":0},{"b":255,"time":219,"angle":292.5,"g":255,"type":"setColor","r":255,"color":1},{"duration":7.5,"b":65,"time":236,"type":"setColor","g":0,"angle":168.75,"r":195,"color":1},{"b":28,"time":249,"type":"setColor","g":0,"angle":168.75,"r":84,"color":1},{"b":0,"time":250,"type":"setColor","g":0,"angle":168.75,"r":0,"color":1},{"duration":2,"time":252,"b":255,"type":"setColor","g":255,"angle":202.5,"r":255,"color":1},{"duration":4,"time":259,"b":65,"type":"setColor","g":0,"angle":191.25,"r":195,"color":1},{"duration":0.5,"b":35,"time":263,"type":"setColor","g":0,"angle":258.75,"r":104,"color":1},{"r":255,"b":207,"time":264,"type":"setColor","g":179,"angle":236.25,"order":0,"color":1},{"b":65,"duration":0.75,"order":1,"time":264,"angle":225,"g":0,"type":"setColor","r":195,"color":1},{"order":0,"time":265,"b":207,"angle":236.25,"g":179,"type":"setColor","r":255,"color":1},{"b":65,"duration":0.75,"order":1,"time":265,"angle":225,"g":0,"type":"setColor","r":195,"color":1},{"order":0,"time":266,"b":207,"angle":236.25,"g":179,"type":"setColor","r":255,"color":1},{"b":65,"duration":0.75,"order":1,"time":266,"angle":225,"g":0,"type":"setColor","r":195,"color":1},{"order":0,"time":267,"b":207,"angle":236.25,"g":179,"type":"setColor","r":255,"color":1},{"b":65,"duration":0.75,"order":1,"time":267,"angle":225,"g":0,"type":"setColor","r":195,"color":1},{"order":0,"time":268,"b":207,"angle":236.25,"g":179,"type":"setColor","r":255,"color":1},{"b":65,"duration":0.75,"order":1,"time":268,"angle":225,"g":0,"type":"setColor","r":195,"color":1},{"order":0,"time":269,"b":207,"angle":236.25,"g":179,"type":"setColor","r":255,"color":1},{"b":65,"duration":0.75,"order":1,"time":269,"angle":225,"g":0,"type":"setColor","r":195,"color":1},{"order":0,"time":270,"b":207,"angle":236.25,"g":179,"type":"setColor","r":255,"color":1},{"b":65,"duration":0.75,"order":1,"time":270,"angle":225,"g":0,"type":"setColor","r":195,"color":1},{"order":0,"time":271,"b":207,"angle":236.25,"g":179,"type":"setColor","r":255,"color":1},{"b":65,"duration":0.75,"order":1,"time":271,"angle":225,"g":0,"type":"setColor","r":195,"color":1},{"order":0,"time":272,"b":207,"angle":236.25,"g":179,"type":"setColor","r":255,"color":1},{"b":65,"duration":0.75,"order":1,"time":272,"angle":225,"g":0,"type":"setColor","r":195,"color":1},{"order":0,"time":273,"b":207,"angle":236.25,"g":179,"type":"setColor","r":255,"color":1},{"b":65,"duration":0.75,"order":1,"time":273,"angle":225,"g":0,"type":"setColor","r":195,"color":1},{"duration":1,"time":264,"start":1.25,"value":1,"type":"ease","var":"vfx.canvPos.sx","angle":213.75},{"duration":1,"time":264,"start":1.25,"value":1,"type":"ease","var":"vfx.canvPos.sy","angle":202.5},{"var":"vfx.canvPos.sx","time":265,"start":1.25,"value":1,"angle":213.75,"duration":1,"type":"ease"},{"var":"vfx.canvPos.sy","time":265,"start":1.25,"value":1,"angle":202.5,"duration":1,"type":"ease"},{"var":"vfx.canvPos.sx","time":266,"start":1.25,"value":1,"angle":213.75,"duration":1,"type":"ease"},{"var":"vfx.canvPos.sy","time":266,"start":1.25,"value":1,"angle":202.5,"duration":1,"type":"ease"},{"type":"ease","time":267,"start":1.25,"value":1,"angle":213.75,"var":"vfx.canvPos.sx","duration":1},{"var":"vfx.canvPos.sy","time":267,"start":1.25,"value":1,"angle":202.5,"duration":1,"type":"ease"},{"type":"ease","time":268,"start":1.25,"value":1,"angle":213.75,"var":"vfx.canvPos.sx","duration":1},{"var":"vfx.canvPos.sy","time":268,"start":1.25,"value":1,"angle":202.5,"duration":1,"type":"ease"},{"duration":1,"time":269,"start":1.25,"value":1,"type":"ease","var":"vfx.canvPos.sx","angle":213.75},{"var":"vfx.canvPos.sy","time":269,"start":1.25,"value":1,"angle":202.5,"duration":1,"type":"ease"},{"duration":1,"time":270,"start":1.25,"value":1,"type":"ease","var":"vfx.canvPos.sx","angle":213.75},{"var":"vfx.canvPos.sy","time":270,"start":1.25,"value":1,"angle":202.5,"duration":1,"type":"ease"},{"angle":213.75,"time":271,"start":1.25,"value":1,"type":"ease","duration":1,"var":"vfx.canvPos.sx"},{"var":"vfx.canvPos.sy","time":271,"start":1.25,"value":1,"angle":202.5,"duration":1,"type":"ease"},{"angle":213.75,"time":272,"start":1.25,"value":1,"type":"ease","duration":1,"var":"vfx.canvPos.sx"},{"var":"vfx.canvPos.sy","time":272,"start":1.25,"value":1,"angle":202.5,"duration":1,"type":"ease"},{"var":"vfx.canvPos.sx","time":273,"start":1.25,"value":1,"angle":213.75,"duration":1,"type":"ease"},{"var":"vfx.canvPos.sy","time":273,"start":1.25,"value":1,"angle":202.5,"duration":1,"type":"ease"},{"order":0,"time":274,"b":207,"angle":236.25,"g":179,"type":"setColor","r":255,"color":1},{"b":65,"duration":0.75,"order":1,"time":274,"angle":225,"g":0,"type":"setColor","r":195,"color":1},{"r":255,"b":207,"time":275,"type":"setColor","g":179,"angle":236.25,"order":0,"color":1},{"b":65,"duration":0.75,"order":1,"time":275,"angle":225,"g":0,"type":"setColor","r":195,"color":1},{"r":255,"b":207,"time":276,"type":"setColor","g":179,"angle":236.25,"order":0,"color":1},{"b":65,"duration":0.75,"order":1,"time":276,"angle":225,"g":0,"type":"setColor","r":195,"color":1},{"r":255,"b":207,"time":277,"type":"setColor","g":179,"angle":236.25,"order":0,"color":1},{"b":65,"duration":0.75,"order":1,"time":277,"angle":225,"g":0,"type":"setColor","r":195,"color":1},{"r":255,"b":207,"time":278,"type":"setColor","g":179,"angle":236.25,"order":0,"color":1},{"b":65,"duration":0.75,"order":1,"time":278,"angle":225,"g":0,"type":"setColor","r":195,"color":1},{"r":255,"b":207,"time":279,"type":"setColor","g":179,"angle":236.25,"order":0,"color":1},{"b":65,"duration":0.75,"order":1,"time":279,"angle":225,"g":0,"type":"setColor","r":195,"color":1},{"r":255,"b":207,"time":280,"type":"setColor","g":179,"angle":236.25,"order":0,"color":1},{"b":65,"duration":0.75,"order":1,"time":280,"angle":225,"g":0,"type":"setColor","r":195,"color":1},{"r":255,"b":207,"time":281,"type":"setColor","g":179,"angle":236.25,"order":0,"color":1},{"b":65,"duration":0.75,"order":1,"time":281,"angle":225,"g":0,"type":"setColor","r":195,"color":1},{"r":255,"b":207,"time":282,"type":"setColor","g":179,"angle":236.25,"order":0,"color":1},{"b":65,"duration":0.75,"order":1,"time":282,"angle":225,"g":0,"type":"setColor","r":195,"color":1},{"r":255,"b":207,"time":283,"type":"setColor","g":179,"angle":236.25,"order":0,"color":1},{"b":65,"duration":0.75,"order":1,"time":283,"angle":225,"g":0,"type":"setColor","r":195,"color":1},{"var":"vfx.canvPos.sx","time":274,"start":1.25,"value":1,"angle":213.75,"duration":1,"type":"ease"},{"var":"vfx.canvPos.sy","time":274,"start":1.25,"value":1,"angle":202.5,"duration":1,"type":"ease"},{"duration":1,"time":275,"start":1.25,"value":1,"type":"ease","var":"vfx.canvPos.sx","angle":213.75},{"duration":1,"time":275,"start":1.25,"value":1,"type":"ease","var":"vfx.canvPos.sy","angle":202.5},{"duration":1,"time":276,"start":1.25,"value":1,"type":"ease","var":"vfx.canvPos.sx","angle":213.75},{"duration":1,"time":276,"start":1.25,"value":1,"type":"ease","var":"vfx.canvPos.sy","angle":202.5},{"angle":213.75,"time":277,"start":1.25,"value":1,"type":"ease","duration":1,"var":"vfx.canvPos.sx"},{"duration":1,"time":277,"start":1.25,"value":1,"type":"ease","var":"vfx.canvPos.sy","angle":202.5},{"angle":213.75,"time":278,"start":1.25,"value":1,"type":"ease","duration":1,"var":"vfx.canvPos.sx"},{"duration":1,"time":278,"start":1.25,"value":1,"type":"ease","var":"vfx.canvPos.sy","angle":202.5},{"var":"vfx.canvPos.sx","time":279,"start":1.25,"value":1,"angle":213.75,"duration":1,"type":"ease"},{"duration":1,"time":279,"start":1.25,"value":1,"type":"ease","var":"vfx.canvPos.sy","angle":202.5},{"var":"vfx.canvPos.sx","time":280,"start":1.25,"value":1,"angle":213.75,"duration":1,"type":"ease"},{"duration":1,"time":280,"start":1.25,"value":1,"type":"ease","var":"vfx.canvPos.sy","angle":202.5},{"type":"ease","time":281,"start":1.25,"value":1,"angle":213.75,"var":"vfx.canvPos.sx","duration":1},{"duration":1,"time":281,"start":1.25,"value":1,"type":"ease","var":"vfx.canvPos.sy","angle":202.5},{"type":"ease","time":282,"start":1.25,"value":1,"angle":213.75,"var":"vfx.canvPos.sx","duration":1},{"duration":1,"time":282,"start":1.25,"value":1,"type":"ease","var":"vfx.canvPos.sy","angle":202.5},{"duration":1,"time":283,"start":1.25,"value":1,"type":"ease","var":"vfx.canvPos.sx","angle":213.75},{"duration":1,"time":283,"start":1.25,"value":1,"type":"ease","var":"vfx.canvPos.sy","angle":202.5},{"order":0,"time":284,"b":207,"angle":236.25,"g":179,"type":"setColor","r":255,"color":1},{"b":65,"duration":0.75,"order":1,"time":284,"angle":225,"g":0,"type":"setColor","r":195,"color":1},{"r":255,"b":207,"time":285,"type":"setColor","g":179,"angle":236.25,"order":0,"color":1},{"b":65,"duration":0.75,"order":1,"time":285,"angle":225,"g":0,"type":"setColor","r":195,"color":1},{"r":255,"b":207,"time":286,"type":"setColor","g":179,"angle":236.25,"order":0,"color":1},{"b":65,"duration":0.75,"order":1,"time":286,"angle":225,"g":0,"type":"setColor","r":195,"color":1},{"r":255,"b":207,"time":287,"type":"setColor","g":179,"angle":236.25,"order":0,"color":1},{"b":65,"duration":0.75,"order":1,"time":287,"angle":225,"g":0,"type":"setColor","r":195,"color":1},{"r":255,"b":207,"time":288,"type":"setColor","g":179,"angle":236.25,"order":0,"color":1},{"b":65,"duration":0.75,"order":1,"time":288,"angle":225,"g":0,"type":"setColor","r":195,"color":1},{"r":255,"b":207,"time":289,"type":"setColor","g":179,"angle":236.25,"order":0,"color":1},{"b":65,"duration":0.75,"order":1,"time":289,"angle":225,"g":0,"type":"setColor","r":195,"color":1},{"r":255,"b":207,"time":290,"type":"setColor","g":179,"angle":236.25,"order":0,"color":1},{"b":65,"duration":0.75,"order":1,"time":290,"angle":225,"g":0,"type":"setColor","r":195,"color":1},{"r":255,"b":207,"time":291,"type":"setColor","g":179,"angle":236.25,"order":0,"color":1},{"b":65,"duration":0.75,"order":1,"time":291,"angle":225,"g":0,"type":"setColor","r":195,"color":1},{"r":255,"b":207,"time":292,"type":"setColor","g":179,"angle":236.25,"order":0,"color":1},{"b":65,"duration":0.75,"order":1,"time":292,"angle":225,"g":0,"type":"setColor","r":195,"color":1},{"r":255,"b":207,"time":293,"type":"setColor","g":179,"angle":236.25,"order":0,"color":1},{"b":65,"duration":0.75,"order":1,"time":293,"angle":225,"g":0,"type":"setColor","r":195,"color":1},{"var":"vfx.canvPos.sx","time":284,"start":1.25,"value":1,"angle":213.75,"duration":1,"type":"ease"},{"var":"vfx.canvPos.sy","time":284,"start":1.25,"value":1,"angle":202.5,"duration":1,"type":"ease"},{"duration":1,"time":285,"start":1.25,"value":1,"type":"ease","var":"vfx.canvPos.sx","angle":213.75},{"duration":1,"time":285,"start":1.25,"value":1,"type":"ease","var":"vfx.canvPos.sy","angle":202.5},{"duration":1,"time":286,"start":1.25,"value":1,"type":"ease","var":"vfx.canvPos.sx","angle":213.75},{"duration":1,"time":286,"start":1.25,"value":1,"type":"ease","var":"vfx.canvPos.sy","angle":202.5},{"angle":213.75,"time":287,"start":1.25,"value":1,"type":"ease","duration":1,"var":"vfx.canvPos.sx"},{"duration":1,"time":287,"start":1.25,"value":1,"type":"ease","var":"vfx.canvPos.sy","angle":202.5},{"angle":213.75,"time":288,"start":1.25,"value":1,"type":"ease","duration":1,"var":"vfx.canvPos.sx"},{"duration":1,"time":288,"start":1.25,"value":1,"type":"ease","var":"vfx.canvPos.sy","angle":202.5},{"var":"vfx.canvPos.sx","time":289,"start":1.25,"value":1,"angle":213.75,"duration":1,"type":"ease"},{"duration":1,"time":289,"start":1.25,"value":1,"type":"ease","var":"vfx.canvPos.sy","angle":202.5},{"var":"vfx.canvPos.sx","time":290,"start":1.25,"value":1,"angle":213.75,"duration":1,"type":"ease"},{"duration":1,"time":290,"start":1.25,"value":1,"type":"ease","var":"vfx.canvPos.sy","angle":202.5},{"type":"ease","time":291,"start":1.25,"value":1,"angle":213.75,"var":"vfx.canvPos.sx","duration":1},{"duration":1,"time":291,"start":1.25,"value":1,"type":"ease","var":"vfx.canvPos.sy","angle":202.5},{"type":"ease","time":292,"start":1.25,"value":1,"angle":213.75,"var":"vfx.canvPos.sx","duration":1},{"duration":1,"time":292,"start":1.25,"value":1,"type":"ease","var":"vfx.canvPos.sy","angle":202.5},{"duration":1,"time":293,"start":1.25,"value":1,"type":"ease","var":"vfx.canvPos.sx","angle":213.75},{"duration":1,"time":293,"start":1.25,"value":1,"type":"ease","var":"vfx.canvPos.sy","angle":202.5},{"order":0,"time":294,"b":207,"angle":236.25,"g":179,"type":"setColor","r":255,"color":1},{"b":65,"duration":0.75,"order":1,"time":294,"angle":225,"g":0,"type":"setColor","r":195,"color":1},{"r":255,"b":207,"time":295,"type":"setColor","g":179,"angle":236.25,"order":0,"color":1},{"b":65,"duration":0.75,"order":1,"time":295,"angle":225,"g":0,"type":"setColor","r":195,"color":1},{"r":255,"b":207,"time":296,"type":"setColor","g":179,"angle":236.25,"order":0,"color":1},{"b":65,"duration":0.75,"order":1,"time":296,"angle":225,"g":0,"type":"setColor","r":195,"color":1},{"r":255,"b":207,"time":297,"type":"setColor","g":179,"angle":236.25,"order":0,"color":1},{"b":65,"duration":0.75,"order":1,"time":297,"angle":225,"g":0,"type":"setColor","r":195,"color":1},{"r":255,"b":207,"time":298,"type":"setColor","g":179,"angle":236.25,"order":0,"color":1},{"b":65,"duration":0.75,"order":1,"time":298,"angle":225,"g":0,"type":"setColor","r":195,"color":1},{"r":255,"b":207,"time":299,"type":"setColor","g":179,"angle":236.25,"order":0,"color":1},{"b":65,"duration":0.75,"order":1,"time":299,"angle":225,"g":0,"type":"setColor","r":195,"color":1},{"var":"vfx.canvPos.sx","time":294,"start":1.25,"value":1,"angle":213.75,"duration":1,"type":"ease"},{"var":"vfx.canvPos.sy","time":294,"start":1.25,"value":1,"angle":202.5,"duration":1,"type":"ease"},{"duration":1,"time":295,"start":1.25,"value":1,"type":"ease","var":"vfx.canvPos.sx","angle":213.75},{"duration":1,"time":295,"start":1.25,"value":1,"type":"ease","var":"vfx.canvPos.sy","angle":202.5},{"duration":1,"time":296,"start":1.25,"value":1,"type":"ease","var":"vfx.canvPos.sx","angle":213.75},{"duration":1,"time":296,"start":1.25,"value":1,"type":"ease","var":"vfx.canvPos.sy","angle":202.5},{"angle":213.75,"time":297,"start":1.25,"value":1,"type":"ease","duration":1,"var":"vfx.canvPos.sx"},{"duration":1,"time":297,"start":1.25,"value":1,"type":"ease","var":"vfx.canvPos.sy","angle":202.5},{"angle":213.75,"time":298,"start":1.25,"value":1,"type":"ease","duration":1,"var":"vfx.canvPos.sx"},{"duration":1,"time":298,"start":1.25,"value":1,"type":"ease","var":"vfx.canvPos.sy","angle":202.5},{"var":"vfx.canvPos.sx","time":299,"start":1.25,"value":1,"angle":213.75,"duration":1,"type":"ease"},{"duration":1,"time":299,"start":1.25,"value":1,"type":"ease","var":"vfx.canvPos.sy","angle":202.5},{"duration":4,"time":300,"b":255,"type":"setColor","g":255,"angle":326.25,"r":255,"color":1},{"b":65,"time":310,"angle":326.25,"g":0,"type":"setColor","r":195,"color":0},{"time":310,"b":0,"angle":337.5,"g":0,"type":"setColor","r":0,"color":1},{"time":311,"b":255,"type":"setColor","g":255,"angle":337.5,"r":255,"color":1}]}