[{"angle":292.5,"type":"block","time":7.5},{"angle":22.5,"type":"block","time":9.5},{"angle":360,"type":"block","time":8.5},{"angle":315,"type":"block","time":11.5},{"angle":337.5,"type":"block","time":13.5},{"angle":360,"type":"block","time":14},{"angle":22.5,"type":"block","time":14.5},{"angle":315,"type":"block","time":13},{"angle":360,"type":"block","time":15},{"angle":0,"type":"block","time":18.5},{"angle":337.5,"type":"block","time":19.5},{"angle":22.5,"type":"block","time":20.5},{"angle":112.5,"type":"block","time":21.5},{"angle":180,"type":"block","time":22.5},{"angle2":157.5,"duration":1.5,"type":"hold","angle":135,"time":23.5},{"angle":180,"type":"block","time":27},{"angle2":225,"duration":1.5,"type":"hold","angle":180,"time":27.5},{"angle":225,"type":"block","time":30.5},{"angle":135,"type":"block","time":31.5},{"angle":180,"type":"block","time":32.5},{"angle":270,"type":"block","time":33.5},{"angle":315,"type":"block","time":34.5},{"angle":337.5,"type":"block","time":35.5},{"angle":337.5,"type":"block","time":37},{"angle":135,"type":"extraTap","time":39.5},{"angle":337.5,"type":"block","time":38.5},{"angle":315,"type":"block","time":39.5},{"angle":22.5,"type":"block","time":40.5},{"angle":135,"type":"block","time":41.5},{"angle":180,"type":"block","time":43.5},{"angle":180,"type":"block","time":45},{"angle":157.5,"type":"block","time":45.5},{"angle":135,"type":"block","time":46},{"angle":112.5,"type":"block","time":46.5},{"angle":135,"type":"block","time":47},{"angle":135,"type":"block","time":50.5},{"angle":180,"type":"block","time":51.5},{"angle":135,"type":"block","time":52.5},{"angle":180,"type":"block","time":53.5},{"angle":292.5,"type":"block","time":54.5},{"angle2":360,"duration":1.5,"type":"hold","angle":315,"time":55.5},{"angle":337.5,"type":"block","time":59},{"endTap":true,"time":59.5,"duration":1.5,"angle":337.5,"type":"hold","angle2":315},{"angle":315,"type":"block","time":62.5},{"angle":337.5,"type":"block","time":63.5},{"angle":315,"type":"block","time":64.5},{"angle":270,"type":"block","time":65.5},{"angle":225,"type":"block","time":66.5},{"angle2":180,"duration":1.5,"type":"hold","angle":180,"time":67.5},{"angle":180,"type":"block","time":69.5},{"angle":157.5,"type":"block","time":70.5},{"angle":157.5,"type":"extraTap","time":75.5},{"tap":true,"type":"block","angle":180,"time":75.5},{"tap":true,"type":"block","angle":202.5,"time":76.5},{"tap":true,"type":"block","angle":135,"time":77.5},{"angle2":225,"duration":2,"type":"hold","angle":225,"time":79},{"angle":225,"type":"block","time":79.5},{"angle":225,"type":"block","time":82},{"angle":247.5,"type":"block","time":82.5},{"angle":270,"type":"block","time":83},{"angle":225,"type":"block","time":81.5},{"angle":270,"type":"block","time":86.5},{"tap":true,"type":"block","angle":292.5,"time":87.5},{"tap":true,"type":"block","angle":315,"time":88.5},{"tap":true,"type":"block","angle":292.5,"time":89.5},{"tap":true,"type":"block","angle":315,"time":90.5},{"angle":315,"time":91.5,"startTap":true,"duration":1.5,"endTap":true,"type":"hold","angle2":202.5},{"angle":225,"type":"block","time":95},{"angle":202.5,"time":95.5,"startTap":true,"duration":1.5,"endTap":true,"type":"hold","angle2":292.5},{"angle":292.5,"type":"block","time":98.5},{"tap":true,"type":"block","angle":360,"time":99.5},{"tap":true,"type":"block","angle":45,"time":100.5},{"tap":true,"type":"block","angle":90,"time":101.5},{"tap":true,"type":"block","angle":157.5,"time":102.5},{"angle2":180,"duration":2,"type":"hold","angle":180,"time":103.5},{"angle":180,"type":"block","time":106.5},{"angle":202.5,"type":"inverse","time":107.5},{"angle":180,"type":"block","time":111},{"angle2":180,"duration":1,"type":"hold","angle":180,"time":110.5},{"angle":180,"time":111.5,"startTap":true,"duration":1.5,"endTap":true,"type":"hold","angle2":135},{"angle":157.5,"type":"block","time":113.5},{"angle":180,"type":"block","time":114},{"angle":202.5,"type":"block","time":114.5},{"tap":true,"type":"block","angle":180,"time":115},{"angle":202.5,"type":"block","time":118.5},{"angle":202.5,"type":"side","time":121.5},{"angle":202.5,"type":"side","time":119.5},{"angle2":45,"duration":1.5,"type":"hold","angle":135,"time":123.5},{"angle":315,"type":"block","time":127},{"endTap":true,"time":127.5,"duration":1.5,"angle":292.5,"type":"hold","angle2":270},{"angle":292.5,"type":"block","time":130.5},{"angle2":292.5,"duration":1,"type":"hold","angle":315,"time":131.5},{"angle2":315,"duration":1,"type":"hold","angle":292.5,"time":132.5},{"angle2":270,"duration":1,"type":"hold","angle":315,"time":133.5},{"tap":true,"angle":270,"type":"block","order":1,"time":135.5},{"type":"hold","time":135.5,"duration":1.5,"angle":270,"order":0,"angle2":270},{"angle2":247.5,"duration":1,"type":"hold","angle":270,"time":137.5},{"angle":180,"type":"block","time":139.5},{"angle":135,"type":"block","time":140.5},{"angle":180,"type":"block","time":141.5},{"tap":true,"type":"block","angle":112.5,"time":142.5},{"angle2":-67.5,"duration":4,"type":"hold","angle":135,"time":143.5},{"tap":true,"type":"block","angle":270,"time":148.5},{"startTap":true,"time":149.5,"duration":2,"type":"hold","angle":247.5,"angle2":247.5},{"speedMult":1.2000000476837,"tap":true,"angle":247.5,"type":"block","time":151.5},{"tap":true,"type":"block","angle":270,"time":152.5},{"tap":true,"type":"block","angle":247.5,"time":153.5},{"tap":true,"type":"block","angle":202.5,"time":154.5},{"angle":157.5,"type":"inverse","time":108.5},{"angle":225,"type":"inverse","time":109.5},{"angle":157.5,"type":"side","time":120.5},{"angle":157.5,"type":"side","time":122.5},{"angle":270,"type":"block","time":37.5},{"tap":true,"type":"block","angle":45,"time":155.5},{"tap":true,"type":"block","angle":180,"time":156.5},{"tap":true,"type":"block","angle":360,"time":158.5},{"tap":true,"type":"block","angle":292.5,"time":159.5},{"tap":true,"type":"block","angle":180,"time":162.5},{"startTap":true,"time":161,"duration":1.5,"type":"hold","angle":247.5,"angle2":180},{"angle":157.5,"type":"extraTap","time":163.5},{"angle":157.5,"type":"extraTap","time":164.5},{"angle":157.5,"type":"extraTap","time":165.5},{"angle":157.5,"type":"extraTap","time":166.5},{"angle":157.5,"type":"extraTap","time":167.5},{"angle":157.5,"type":"extraTap","time":168.5},{"angle":157.5,"type":"extraTap","time":169.5},{"angle":157.5,"type":"extraTap","time":170.5},{"angle":90,"type":"block","time":171.5},{"angle":157.5,"type":"block","time":172.5},{"angle":180,"type":"block","time":173.5},{"angle":225,"type":"block","time":174.5},{"angle2":-202.5,"duration":3.5,"type":"hold","angle":0,"time":175.5},{"angle":157.5,"type":"block","time":179.5},{"angle":135,"type":"block","time":180.5},{"angle2":22.5,"duration":2,"type":"hold","angle":67.5,"time":181.5},{"angle":360,"type":"block","time":184.5},{"angle":135,"type":"block","time":185.5},{"angle":202.5,"type":"block","time":186.5},{"tap":true,"type":"block","angle":360,"time":187.5},{"tap":true,"type":"block","angle":0,"time":190.5},{"angle":337.5,"type":"block","time":191.5},{"tap":true,"type":"block","angle":180,"time":194.5},{"angle":180,"type":"block","time":201},{"angle":180,"type":"block","time":202},{"angle":135,"type":"block","time":202.5},{"angle":112.5,"type":"block","time":203},{"angle":180,"type":"extraTap","time":195.5},{"angle":157.5,"type":"extraTap","time":196.5},{"angle":157.5,"type":"extraTap","time":197.5},{"angle":157.5,"type":"extraTap","time":198.5},{"angle":157.5,"type":"extraTap","time":199.5},{"angle":135,"type":"extraTap","time":200.5},{"angle":157.5,"type":"extraTap","time":201.5},{"angle":157.5,"type":"extraTap","time":202.5},{"angle":157.5,"type":"block","time":204},{"angle":135,"type":"block","time":204.5},{"tap":true,"type":"block","angle":157.5,"time":205.5},{"angle":337.5,"type":"mine","speedMult":1.5,"time":206},{"tap":true,"type":"block","angle":180,"time":206},{"angle2":90,"duration":1.5,"type":"hold","angle":180,"time":207.5},{"angle":67.5,"type":"block","time":209.5},{"angle":112.5,"type":"block","time":210.5},{"angle":90,"type":"block","time":210},{"tap":true,"type":"block","angle":157.5,"time":211},{"angle":157.5,"type":"block","time":214.5},{"angle":202.5,"type":"block","time":215.5},{"angle":157.5,"type":"block","time":216.5},{"angle":202.5,"type":"block","time":217.5},{"angle":157.5,"type":"block","time":218.5},{"angle2":0,"duration":1.5,"angle":90,"type":"hold","time":219.5},{"angle":0,"type":"block","time":221.5},{"angle":292.5,"type":"block","time":223},{"angle2":135,"duration":1.5,"type":"hold","angle":247.5,"time":223.5},{"angle":135,"type":"block","time":226.5},{"angle":112.5,"type":"block","time":227.5},{"angle":135,"type":"block","time":228.5},{"angle":180,"type":"block","time":229.5},{"angle":247.5,"type":"block","time":230.5},{"angle2":45,"duration":1.5,"type":"hold","angle":45,"time":231.5},{"angle2":-67.5,"duration":1,"type":"hold","angle":45,"time":233.5},{"angle":180,"type":"extraTap","time":213.5},{"angle":180,"type":"extraTap","time":218.5},{"angle":22.5,"type":"extraTap","time":221.5},{"angle":135,"type":"extraTap","time":225.5},{"angle":202.5,"type":"extraTap","time":229.5},{"angle":45,"type":"extraTap","time":231},{"angle":247.5,"type":"extraTap","time":234.5},{"tap":true,"type":"block","angle":247.5,"time":235.5},{"tap":true,"type":"block","angle":202.5,"time":236.5},{"tap":true,"type":"block","angle":247.5,"time":237.5},{"angle":225,"type":"extraTap","time":237.5},{"angle":247.5,"type":"block","time":238.5},{"angle2":270,"duration":1.5,"type":"hold","angle":292.5,"time":239.5},{"angle":292.5,"type":"block","time":239},{"angle":270,"type":"block","time":241.5},{"angle":247.5,"type":"block","time":242},{"angle":202.5,"type":"block","time":242.5},{"angle":157.5,"type":"block","time":243},{"angle":157.5,"type":"extraTap","time":245.5},{"angle":180,"type":"extraTap","time":247},{"angle":180,"type":"block","time":246.5},{"angle":202.5,"type":"side","time":247.5},{"angle":157.5,"type":"side","time":248.5},{"angle":157.5,"type":"side","time":250.5},{"angle":202.5,"type":"side","time":249.5},{"angle2":270,"duration":1.5,"type":"hold","angle":180,"time":251.5},{"angle":292.5,"type":"block","time":253.5},{"angle":0,"type":"block","time":254.5},{"angle":360,"type":"block","time":255},{"angle2":292.5,"duration":1.5,"type":"hold","angle":360,"time":255.5},{"angle":292.5,"type":"block","time":257.5},{"angle":315,"type":"block","time":258.5},{"angle":292.5,"type":"block","time":259.5},{"angle":315,"type":"block","time":260.5},{"tap":true,"type":"block","angle":292.5,"time":261.5},{"angle":315,"type":"block","time":262.5},{"angle":315,"type":"extraTap","time":263},{"angle":292.5,"type":"extraTap","time":262.5},{"angle":270,"type":"block","time":263.5},{"angle":180,"type":"block","time":264},{"angle":180,"type":"extraTap","time":265},{"angle2":337.5,"duration":1,"type":"hold","angle":157.5,"time":265.5},{"angle":135,"type":"extraTap","time":267.5},{"startTap":true,"time":267.5,"duration":8,"type":"hold","angle":0,"angle2":0},{"startTap":true,"time":275.5,"duration":8,"type":"hold","angle":360,"angle2":135},{"startTap":true,"time":283.5,"duration":8,"type":"hold","angle":135,"angle2":270},{"angle2":270,"duration":7,"type":"hold","angle":270,"time":291.5},{"angle2":360,"duration":8,"type":"hold","angle":360,"time":299.5},{"angle2":337.5,"duration":2,"type":"hold","angle":360,"time":307.5},{"angle2":382.5,"duration":2,"type":"hold","angle":337.5,"time":309.5},{"angle2":-22.5,"duration":2,"type":"hold","angle":22.5,"time":311.5},{"angle2":247.5,"duration":2,"type":"hold","angle":337.5,"time":313.5},{"angle2":450,"duration":8,"type":"hold","angle":247.5,"time":315.5},{"angle2":45,"duration":2.5,"type":"hold","angle":90,"time":323.5},{"angle2":67.5,"duration":2.5,"type":"hold","angle":45,"time":326},{"angle2":22.5,"duration":2,"type":"hold","angle":67.5,"time":328.5},{"angle":202.5,"type":"extraTap","time":331.5},{"startTap":true,"time":331.5,"duration":6,"type":"hold","angle":180,"angle2":180},{"angle2":112.5,"duration":2,"type":"hold","angle":180,"time":337.5},{"startTap":true,"time":339.5,"duration":1.5,"type":"hold","angle":112.5,"angle2":202.5},{"angle2":180,"duration":1.5,"type":"hold","angle":202.5,"time":341},{"angle2":202.5,"duration":1.5,"type":"hold","angle":180,"time":342.5},{"angle2":157.5,"duration":1.5,"type":"hold","angle":202.5,"time":344},{"angle2":157.5,"duration":2,"type":"hold","angle":157.5,"time":345.5},{"angle2":67.5,"duration":3,"type":"hold","angle":157.5,"time":347.5},{"angle2":-22.5,"duration":5,"type":"hold","angle":67.5,"time":350.5},{"angle2":247.5,"duration":1.5,"type":"hold","angle":337.5,"time":355.5},{"angle2":292.5,"duration":1.5,"type":"hold","angle":247.5,"time":357},{"angle2":202.5,"duration":3,"type":"hold","angle":292.5,"time":358.5},{"angle2":225,"duration":1,"type":"hold","angle":202.5,"time":361.5},{"angle2":180,"duration":1,"type":"hold","angle":225,"time":362.5},{"angle2":0,"duration":6,"type":"hold","angle":180,"time":363.5},{"angle2":405,"duration":2,"type":"hold","angle":360,"time":369.5},{"angle2":22.5,"duration":1.5,"type":"hold","angle":45,"time":371.5},{"angle2":45,"duration":1.5,"type":"hold","angle":22.5,"time":373},{"angle2":90,"duration":1.5,"type":"hold","angle":45,"time":374.5},{"angle2":45,"duration":1.5,"type":"hold","angle":90,"time":376},{"angle2":22.5,"duration":1,"type":"hold","angle":45,"time":377.5},{"angle2":45,"duration":1,"type":"hold","angle":22.5,"time":378.5},{"angle2":-67.5,"duration":3,"type":"hold","angle":45,"time":379.5},{"angle2":180,"duration":5,"type":"hold","angle":292.5,"time":382.5},{"angle2":112.5,"duration":3,"type":"hold","angle":180,"time":387.5},{"endTap":true,"time":390.5,"duration":4,"angle":112.5,"type":"hold","angle2":0},{"angle":337.5,"type":"extraTap","time":394.5},{"angle":315,"type":"extraTap","time":397.5},{"angle":315,"type":"extraTap","time":395.5},{"angle":315,"type":"extraTap","time":399.5},{"angle":315,"type":"extraTap","time":401.5},{"angle":315,"type":"extraTap","time":403.5},{"angle":315,"type":"extraTap","time":405.5},{"angle":315,"type":"extraTap","time":407.5},{"angle":315,"type":"extraTap","time":409.5},{"angle":315,"type":"extraTap","time":411.5},{"angle":315,"type":"extraTap","time":413.5},{"angle":315,"type":"extraTap","time":415.5},{"angle":315,"type":"extraTap","time":417.5},{"angle":315,"type":"extraTap","time":419.5},{"angle":315,"type":"extraTap","time":421.5},{"angle":315,"type":"extraTap","time":423.5},{"angle":315,"type":"extraTap","time":425.5},{"angle":315,"type":"extraTap","time":427.5},{"angle":315,"type":"extraTap","time":429.5},{"angle":315,"type":"extraTap","time":431.5},{"angle":315,"type":"extraTap","time":433.5},{"angle":315,"type":"extraTap","time":435.5},{"angle":315,"type":"extraTap","time":437.5},{"angle":315,"type":"extraTap","time":439.5},{"angle":315,"type":"extraTap","time":441.5},{"angle":315,"type":"extraTap","time":443.5},{"angle":315,"type":"extraTap","time":445.5},{"angle":315,"type":"extraTap","time":447.5},{"angle":315,"type":"extraTap","time":449.5},{"angle":270,"type":"block","time":193},{"angle":292.5,"type":"extraTap","time":241.5},{"angle":315,"type":"extraTap","time":253.5},{"angle":292.5,"type":"extraTap","time":257.5},{"angle":202.5,"type":"extraTap","time":250.5},{"angle":270,"type":"extraTap","time":259.5},{"tap":true,"type":"block","angle":0,"time":455.5},{"tap":true,"type":"block","angle":270,"time":457.5},{"angle2":292.5,"duration":3,"type":"hold","angle":360,"time":459.5},{"tap":true,"type":"block","angle":247.5,"time":463.5},{"tap":true,"type":"block","angle":292.5,"time":465},{"angle":270,"type":"block","time":463},{"angle":270,"type":"block","time":464.5},{"tap":true,"type":"block","angle":360,"time":468.5},{"tap":true,"type":"block","angle":337.5,"time":470.5},{"tap":true,"type":"block","angle":0,"time":471.5},{"tap":true,"type":"block","angle":45,"time":473},{"angle":0,"type":"block","time":471},{"angle":45,"type":"block","time":472.5},{"tap":true,"type":"block","angle":0,"time":474.5},{"endAngle":0,"startTap":true,"angle":0,"angle2":0,"duration":2,"type":"hold","endTap":true,"time":475.5},{"angle":360,"type":"block","time":474},{"tap":true,"type":"block","angle":315,"time":478.5},{"angle":292.5,"type":"block","time":479.5},{"endTap":true,"time":480,"duration":1,"angle":292.5,"type":"hold","angle2":225},{"angle":315,"type":"block","time":479},{"angle":247.5,"type":"block","time":482},{"angle":315,"type":"block","time":482.5},{"startTap":true,"time":483.5,"duration":2,"type":"hold","angle":360,"angle2":360},{"startTap":true,"time":466.5,"duration":1,"type":"hold","angle":315,"angle2":315},{"angle2":360,"duration":1,"type":"hold","angle":315,"time":467.5},{"angle":315,"type":"block","time":486.5},{"angle":315,"type":"block","time":487.5},{"angle":360,"type":"block","time":488.5},{"angle":90,"type":"block","time":489.5},{"angle":90,"type":"block","time":490.5},{"angle":67.5,"type":"side","time":489},{"angle2":22.5,"duration":3,"type":"hold","angle":90,"time":491.5},{"angle":360,"type":"block","time":495},{"angle":22.5,"type":"block","time":495.5},{"angle":360,"type":"block","time":496.5},{"angle":315,"type":"side","time":497},{"angle":292.5,"type":"block","time":497.5},{"angle":270,"type":"block","time":498.5},{"angle2":225,"duration":1,"type":"hold","angle":225,"time":499.5},{"angle2":247.5,"duration":1,"type":"hold","angle":225,"time":500.5},{"angle":337.5,"type":"block","time":502.5},{"angle":22.5,"type":"block","time":504.5},{"angle":45,"type":"block","time":505},{"angle":337.5,"type":"block","time":503},{"angle2":22.5,"duration":1,"type":"hold","angle":0,"time":503.5},{"angle":112.5,"type":"block","time":506.5},{"startTap":true,"time":507.5,"duration":2,"type":"hold","angle":180,"angle2":180},{"angle2":-157.5,"duration":1.5,"type":"mineHold","angle":0,"time":507.5},{"angle2":157.5,"duration":1.5,"type":"mineHold","angle":0,"time":507.5},{"angle2":180,"duration":1.5,"type":"hold","angle":135,"time":513},{"angle":180,"type":"block","time":510.5},{"angle":135,"type":"block","time":512.5},{"angle":157.5,"type":"block","time":511.5},{"angle":135,"type":"block","time":511},{"tap":true,"type":"block","angle":157.5,"time":515.5},{"tap":true,"type":"block","angle":135,"time":516.5},{"angle":90,"type":"block","time":519},{"angle":90,"type":"block","time":518.5},{"startTap":true,"time":519.5,"duration":1,"type":"hold","angle":45,"angle2":45},{"angle2":22.5,"duration":0.5,"type":"hold","angle":45,"time":520.5},{"angle2":22.5,"duration":1.5,"type":"hold","angle":22.5,"time":521},{"type":"hold","angle2":0,"duration":1,"angle":22.5,"time":522.5},{"startTap":true,"time":523.5,"duration":7.5,"type":"hold","angle":0,"angle2":0},{"angle":0,"type":"block","time":524.5},{"angle":360,"type":"block","time":525.5},{"angle":360,"type":"block","time":527.5},{"angle":360,"type":"block","time":529},{"angle":360,"type":"block","time":529.5},{"angle":0,"type":"block","time":530},{"angle":0,"type":"block","time":530.5},{"angle":270,"type":"block","time":534.5},{"angle":292.5,"type":"side","time":535.5},{"angle":247.5,"type":"side","time":536.5},{"angle":292.5,"type":"side","time":537.5},{"angle":247.5,"type":"side","time":538.5},{"angle2":180,"duration":1.5,"type":"hold","angle":225,"time":539.5},{"angle":180,"type":"block","time":543},{"angle2":112.5,"duration":1.5,"type":"hold","angle":180,"time":543.5},{"angle":180,"type":"block","time":546.5},{"angle":202.5,"type":"block","time":547.5},{"angle":225,"type":"block","time":548.5},{"angle":180,"type":"block","time":549.5},{"angle":135,"type":"block","time":550.5},{"angle":45,"type":"block","time":551.5},{"angle2":292.5,"duration":1,"type":"hold","angle":337.5,"time":553.5},{"angle":337.5,"type":"block","time":553},{"angle":360,"type":"block","time":524},{"type":"extraTap","angle":315,"speedMult":0.5,"time":523.5},{"angle":225,"type":"block","time":555.5},{"angle":202.5,"type":"block","time":556.5},{"angle":180,"type":"block","time":557.5},{"angle2":247.5,"duration":1.5,"type":"hold","angle":157.5,"time":559.5},{"angle":180,"type":"block","time":558.5},{"angle":270,"type":"block","time":561.5},{"angle":225,"type":"block","time":562},{"tap":true,"type":"block","angle":270,"time":563},{"angle":292.5,"type":"block","time":562.5},{"angle":270,"type":"block","time":566.5},{"angle":270,"type":"extraTap","time":567.5},{"angle":270,"type":"extraTap","time":568.5},{"angle":270,"type":"extraTap","time":569.5},{"angle":270,"type":"extraTap","time":570.5},{"angle":225,"type":"block","time":567.5},{"angle":315,"type":"block","time":568.5},{"angle":67.5,"type":"block","time":569.5},{"angle":202.5,"type":"block","time":570.5},{"angle2":315,"duration":1.5,"type":"hold","angle":292.5,"time":571.5},{"angle":67.5,"type":"block","time":505.5},{"angle":360,"type":"block","time":575},{"angle2":0,"duration":1.5,"type":"hold","angle":22.5,"time":575.5},{"angle":270,"type":"block","time":578.5},{"angle":247.5,"type":"block","time":579.5},{"angle":225,"type":"block","time":580.5},{"angle":202.5,"type":"block","time":581.5},{"angle":157.5,"type":"block","time":582.5},{"angle2":180,"duration":2,"type":"hold","angle":180,"time":583.5},{"angle":180,"type":"block","time":585},{"startTap":true,"time":585.5,"duration":1,"type":"hold","angle":180,"angle2":157.5},{"startTap":true,"time":586.5,"duration":1,"type":"hold","angle":157.5,"angle2":202.5},{"angle":157.5,"type":"extraTap","time":587.5},{"angle":180,"type":"block","time":588.5},{"angle":225,"type":"block","time":589.5},{"angle":180,"type":"block","time":590.5},{"angle":157.5,"type":"block","time":591.5},{"angle":135,"type":"side","time":591},{"angle":0,"type":"mine","time":588.5},{"angle":45,"type":"mine","time":589.5},{"angle":360,"type":"mine","time":590.5},{"angle":315,"type":"mine","time":591},{"angle":292.5,"type":"mine","time":591.5},{"angle":337.5,"type":"block","time":593},{"angle":360,"type":"block","time":593.5},{"angle":22.5,"type":"block","time":594},{"angle":45,"type":"block","time":594.5},{"angle":67.5,"type":"block","time":595},{"angle":157.5,"type":"mine","time":593},{"angle":180,"type":"mine","time":593.5},{"angle":202.5,"type":"mine","time":594},{"angle":225,"type":"mine","time":594.5},{"angle":247.5,"type":"mine","time":595},{"type":"inverse","angle":180,"order":1,"time":599.5},{"type":"inverse","angle":202.5,"order":1,"time":600.5},{"type":"inverse","angle":157.5,"order":1,"time":601.5},{"type":"inverse","angle":202.5,"order":1,"time":602.5},{"type":"block","angle":180,"order":0,"time":598.5},{"angle2":180,"duration":1.5,"type":"hold","angle":180,"time":603.5},{"angle2":0,"duration":1.5,"type":"mineHold","angle":0,"time":603.5},{"angle":180,"type":"block","time":607},{"angle":360,"type":"mine","time":606},{"angle2":157.5,"duration":1.5,"type":"hold","angle":157.5,"time":607.5},{"angle2":337.5,"duration":1.5,"type":"mineHold","angle":337.5,"time":607},{"angle":180,"type":"side","time":610.5},{"angle":202.5,"type":"block","time":611.5},{"angle":225,"type":"side","time":612.5},{"angle":247.5,"type":"block","time":613.5},{"angle2":292.5,"duration":2,"type":"hold","angle":270,"time":615.5},{"angle2":112.5,"duration":2,"type":"mineHold","angle":90,"time":615.5},{"angle":270,"type":"block","time":614.5},{"angle":90,"type":"mine","time":614.5},{"angle":67.5,"type":"mine","time":613.5},{"angle":22.5,"type":"mine","time":611.5},{"angle":45,"type":"mine","time":612.5},{"angle":292.5,"type":"block","time":618.5},{"angle":292.5,"type":"block","time":617},{"angle":360,"type":"mine","time":599.5},{"angle":22.5,"type":"mine","time":600.5},{"angle":337.5,"type":"mine","time":601.5},{"angle":22.5,"type":"mine","time":602.5},{"angle":112.5,"type":"mine","time":617},{"angle":292.5,"type":"block","time":619.5},{"angle":315,"type":"block","time":620.5},{"angle":292.5,"type":"block","time":621.5},{"angle2":247.5,"duration":2,"type":"hold","angle":247.5,"time":623.5},{"angle":247.5,"type":"block","time":622.5},{"speedMult":1.5,"tap":true,"angle":247.5,"type":"block","time":625},{"angle":247.5,"type":"block","time":626},{"angle":225,"type":"block","time":626.5},{"angle":202.5,"type":"block","time":627},{"angle2":180,"duration":1,"type":"hold","angle":180,"time":630.5},{"angle2":157.5,"duration":1,"type":"hold","angle":180,"time":631.5},{"angle2":180,"duration":1,"type":"hold","angle":157.5,"time":632.5},{"angle2":202.5,"duration":1,"type":"hold","angle":180,"time":633.5},{"angle2":157.5,"duration":1,"type":"hold","angle":202.5,"time":634.5},{"angle":202.5,"type":"block","time":637},{"angle":157.5,"type":"block","time":639},{"angle":202.5,"type":"block","time":639.5},{"angle":180,"type":"block","time":641},{"angle":180,"type":"block","time":642.5},{"angle":157.5,"type":"block","time":643.5},{"angle":135,"type":"block","time":644.5},{"angle":45,"type":"block","time":645.5},{"angle":337.5,"type":"block","time":646.5},{"angle":315,"type":"block","time":647.5},{"angle2":360,"duration":1,"type":"hold","angle":360,"time":649.5},{"angle":0,"type":"block","time":649},{"angle":360,"type":"extraTap","speedMult":0.25,"time":651.5},{"type":"extraTap","angle":22.5,"time":269.5},{"type":"extraTap","angle":22.5,"time":273.5},{"type":"extraTap","angle":360,"time":277.5},{"type":"extraTap","angle":0,"time":281.5},{"type":"extraTap","angle":0,"time":285.5},{"type":"extraTap","angle":0,"time":289.5},{"type":"extraTap","angle":0,"time":293.5},{"type":"extraTap","angle":292.5,"time":297.5},{"type":"extraTap","angle":292.5,"time":301.5},{"type":"extraTap","angle":292.5,"time":305.5},{"type":"extraTap","angle":45,"time":309.5},{"type":"extraTap","angle":45,"time":313.5},{"type":"extraTap","angle":45,"time":317.5},{"type":"extraTap","angle":0,"time":321.5},{"type":"extraTap","angle":0,"time":325.5},{"type":"extraTap","angle":0,"time":329.5},{"type":"extraTap","angle":202.5,"time":332.5},{"type":"extraTap","angle":202.5,"time":334.5},{"type":"extraTap","angle":202.5,"time":336.5},{"type":"extraTap","angle":202.5,"time":338.5},{"type":"extraTap","angle":225,"time":340.5},{"type":"extraTap","angle":225,"time":342.5},{"type":"extraTap","angle":225,"time":344.5},{"type":"extraTap","angle":225,"time":346.5},{"type":"extraTap","angle":225,"time":348.5},{"type":"extraTap","angle":225,"time":350.5},{"type":"extraTap","angle":225,"time":352.5},{"type":"extraTap","angle":225,"time":354.5},{"type":"extraTap","angle":225,"time":356.5},{"type":"extraTap","angle":225,"time":358.5},{"type":"extraTap","angle":180,"time":360.5},{"type":"extraTap","angle":180,"time":362.5},{"type":"extraTap","angle":180,"time":364.5},{"type":"extraTap","angle":180,"time":366.5},{"type":"extraTap","angle":180,"time":368.5},{"type":"extraTap","angle":180,"time":370.5},{"type":"extraTap","angle":180,"time":372.5},{"type":"extraTap","angle":180,"time":374.5},{"type":"extraTap","angle":180,"time":376.5},{"type":"extraTap","angle":180,"time":378.5},{"type":"extraTap","angle":180,"time":380.5},{"type":"extraTap","angle":180,"time":382.5},{"type":"extraTap","angle":180,"time":384.5},{"type":"extraTap","angle":180,"time":386.5},{"type":"extraTap","angle":180,"time":388.5},{"type":"extraTap","angle":180,"time":390.5},{"type":"extraTap","angle":180,"time":392.5}]