[{"time":1.1102230246252e-16,"type":"mine","angle":225},{"time":0.3333333730698,"type":"mine","angle":180},{"time":0.6666666269302,"type":"mine","angle":135},{"time":1,"type":"mine","angle":112.5},{"time":1.3333332538605,"type":"mine","angle":90},{"time":1.6666667461395,"type":"mine","angle":67.5},{"time":2,"type":"mine","angle":45},{"time":2.3333332538605,"type":"mine","angle":22.5},{"time":2.6666667461395,"type":"mine","angle":0},{"time":3,"type":"mine","angle":337.5},{"time":3.3333334922791,"type":"mine","angle":315},{"time":3.3333334922791,"type":"mine","angle":135},{"time":3.6666665077209,"type":"mine","angle":337.5},{"time":3.6666665077209,"type":"mine","angle":157.5},{"time":4,"type":"mine","angle":270},{"time":4.3333334922791,"type":"mine","angle":270},{"time":4.6666665077209,"type":"mine","angle":270},{"time":4,"type":"mine","angle":90},{"time":4.3333334922791,"type":"mine","angle":90},{"time":4.6666665077209,"type":"mine","angle":90},{"time":5,"type":"mine","angle":315},{"time":5.3333334922791,"type":"mine","angle":315},{"time":5.6666665077209,"type":"mine","angle":315},{"time":5,"type":"mine","angle":135},{"time":5.3333334922791,"type":"mine","angle":135},{"time":5.6666665077209,"type":"mine","angle":135},{"time":7.0000009536743,"type":"mine","angle":0},{"time":7.3333349227905,"type":"mine","angle":337.5},{"time":7.3333349227905,"type":"mine","angle":22.5},{"time":7.0000009536743,"angle":247.5,"type":"mineHold","duration":0.3333332836628,"angle2":225},{"time":7.3333339691162,"angle":225,"type":"mineHold","duration":0.3333332836628,"angle2":247.5},{"time":7.0000009536743,"angle":112.5,"type":"mineHold","duration":0.3333332836628,"angle2":135},{"time":7.3333339691162,"angle":135,"type":"mineHold","duration":0.3333332836628,"angle2":112.5},{"time":7.0000009536743,"type":"mine","angle":180},{"time":7.6666679382324,"type":"mine","angle":180},{"time":7.0000009536743,"type":"extraTap","angle":270},{"time":7.3333349227905,"type":"extraTap","angle":270},{"time":6,"angle":247.5,"type":"mineHold","duration":0,"angle2":112.5},{"time":6.3333334922791,"type":"extraTap","angle":360},{"time":7.6666669845581,"type":"extraTap","angle":270},{"time":7.3333330154419,"type":"mine","angle":180},{"time":7.6666669845581,"angle":360,"type":"mineHold","duration":0.33333334326744,"angle2":360},{"time":8,"angle":180,"type":"mineHold","duration":4,"angle2":180},{"time":8,"angle":270,"type":"mineHold","duration":1,"angle2":270},{"time":8,"angle":90,"type":"mineHold","duration":1,"angle2":90},{"time":8,"angle":135,"type":"mineHold","duration":4,"angle2":135},{"time":9,"angle":90,"type":"mineHold","duration":1,"angle2":22.5},{"time":10,"angle":270,"type":"mineHold","duration":1,"angle2":315},{"time":11.333333015442,"type":"mine","angle":67.5},{"time":11.666666984558,"type":"mine","angle":22.5},{"time":12,"angle":337.5,"type":"mineHold","duration":0.66666662693024,"angle2":337.5},{"time":12,"angle":202.5,"type":"mineHold","duration":0.66666662693024,"angle2":202.5},{"time":12,"angle":202.5,"type":"mineHold","duration":0,"angle2":-22.5},{"time":12.666666984558,"angle":315,"type":"mineHold","duration":0.66666662693024,"angle2":315},{"time":12.666666984558,"angle":180,"type":"mineHold","duration":0.66666662693024,"angle2":180},{"time":13.333333015442,"angle":292.5,"type":"mineHold","duration":0.66666662693024,"angle2":292.5},{"time":13.333333015442,"angle":157.5,"type":"mineHold","duration":0.66666662693024,"angle2":157.5},{"time":14,"angle":270,"type":"mineHold","duration":0.66666662693024,"angle2":270},{"time":14,"angle":135,"type":"mineHold","duration":0.66666662693024,"angle2":135},{"time":14.666666984558,"angle":135,"type":"mineHold","duration":1,"angle2":225},{"time":12.666666984558,"angle":337.5,"type":"mineHold","duration":0,"angle2":315},{"time":13.333333015442,"angle":315,"type":"mineHold","duration":0,"angle2":292.5},{"time":14,"angle":292.5,"type":"mineHold","duration":0,"angle2":270},{"time":12.666666984558,"angle":202.5,"type":"mineHold","duration":0,"angle2":180},{"time":13.333333015442,"angle":180,"type":"mineHold","duration":0,"angle2":157.5},{"time":14,"angle":157.5,"type":"mineHold","duration":0,"angle2":135},{"time":14.666666984558,"angle":270,"type":"mineHold","duration":1,"angle2":360},{"time":22,"type":"extraTap","angle":202.5},{"time":24,"type":"extraTap","angle":157.5},{"time":16,"angle":247.5,"type":"mineHold","duration":1,"angle2":270},{"time":16,"angle":112.5,"type":"mineHold","duration":1,"angle2":90},{"time":17,"angle":270,"type":"mineHold","duration":1,"angle2":292.5},{"time":17,"angle":90,"type":"mineHold","duration":1,"angle2":67.5},{"time":16,"type":"mine","angle":180},{"time":17,"type":"mine","angle":180},{"time":18,"type":"mine","angle":180},{"time":18,"angle":292.5,"type":"mineHold","duration":1,"angle2":315},{"time":19,"angle":315,"type":"mineHold","duration":1,"angle2":450},{"time":20,"angle":202.5,"type":"mineHold","duration":1,"angle2":180},{"time":20,"angle":45,"type":"mineHold","duration":1,"angle2":67.5},{"time":21,"angle":67.5,"type":"mineHold","duration":1,"angle2":67.5},{"time":21,"angle":180,"type":"mineHold","duration":1,"angle2":180},{"time":22.333333969116,"type":"block","angle":135},{"time":23,"startTap":true,"angle":135,"type":"hold","duration":0.3333332836628,"angle2":157.5},{"time":23.333333969116,"angle":157.5,"type":"hold","duration":0.3333332836628,"angle2":180},{"time":24,"angle":157.5,"type":"mineHold","duration":1,"angle2":202.5},{"time":25,"angle":202.5,"type":"mineHold","duration":1,"angle2":247.5},{"time":26,"angle":247.5,"type":"mineHold","duration":1,"angle2":292.5},{"time":27,"angle":292.5,"type":"mineHold","duration":1,"angle2":337.5},{"time":28.333333969116,"type":"mine","angle":337.5},{"time":28.333333969116,"type":"mine","angle":90},{"time":28.666666030884,"type":"mine","angle":315},{"time":29,"type":"mine","angle":315},{"time":28.666666030884,"type":"mine","angle":67.5},{"time":29,"type":"mine","angle":67.5},{"time":29.333333969116,"type":"mine","angle":292.5},{"time":29.666666030884,"type":"mine","angle":292.5},{"time":29.333333969116,"type":"mine","angle":45},{"time":29.333333969116,"type":"mine","angle":45},{"time":29.666666030884,"type":"mine","angle":45},{"time":30,"type":"mine","angle":270},{"time":30,"type":"mine","angle":270},{"time":30.333333969116,"type":"mine","angle":270},{"time":30,"type":"mine","angle":22.5},{"time":30.333333969116,"type":"mine","angle":22.5},{"time":30.666666030884,"angle":0,"type":"mineHold","duration":1.3333333730698,"angle2":-112.5},{"time":32,"tap":true,"type":"block","angle":90},{"time":32.333332061768,"type":"block","angle":90},{"time":32.666667938232,"type":"block","angle":90},{"time":33,"type":"block","angle":90},{"time":33.333332061768,"type":"block","angle":90},{"time":33.666667938232,"type":"block","angle":90},{"time":34,"type":"block","angle":90},{"time":34.333332061768,"type":"block","angle":90},{"time":34.666667938232,"type":"block","angle":90},{"time":35,"type":"block","angle":60},{"time":35.333332061768,"type":"block","angle":120},{"time":35.666667938232,"type":"block","angle":75},{"time":24,"angle":45,"type":"mineHold","duration":4,"angle2":90},{"time":36,"type":"block","angle":45},{"time":36.333332061768,"type":"block","angle":22.5},{"time":36.666667938232,"type":"block","angle":0},{"time":37,"type":"block","angle":345},{"time":37.333332061768,"type":"block","angle":330},{"time":37.666667938232,"type":"block","angle":315},{"time":38.333332061768,"type":"block","angle":255},{"time":38.333332061768,"type":"block","angle":240},{"time":39,"type":"block","angle":210},{"time":39,"type":"block","angle":195},{"time":39.333332061768,"type":"block","angle":225},{"time":39.333332061768,"type":"block","angle":210},{"time":39.666667938232,"type":"block","angle":210},{"time":39.666667938232,"type":"block","angle":195},{"time":40,"type":"block","angle":285},{"time":40.333332061768,"type":"block","angle":300},{"time":40.666667938232,"type":"block","angle":315},{"time":41,"type":"block","angle":285},{"time":41.333332061768,"type":"block","angle":270},{"time":41.666667938232,"type":"block","angle":255},{"time":42,"type":"block","angle":225},{"time":42.333332061768,"type":"block","angle":210},{"time":42.666667938232,"type":"block","angle":195},{"time":43,"type":"block","angle":150},{"time":43.333332061768,"type":"block","angle":210},{"time":43.666667938232,"type":"block","angle":150},{"time":44,"type":"block","angle":225},{"time":44.333332061768,"type":"block","angle":225},{"time":44.666667938232,"type":"block","angle":255},{"time":45,"type":"block","angle":255},{"time":45.333332061768,"type":"block","angle":180},{"time":45.666667938232,"type":"block","angle":180},{"time":46,"type":"block","angle":60},{"time":46.333332061768,"type":"block","angle":60},{"time":46.666667938232,"angle":15,"type":"hold","duration":0.3333332836628,"angle2":0},{"time":47,"angle":360,"type":"hold","duration":0.3333332836628,"angle2":330},{"time":47.333332061768,"angle":330,"type":"hold","duration":0.3333332836628,"angle2":375},{"time":54.333332061768,"tap":true,"type":"block","angle":285},{"time":55,"type":"block","angle":315},{"time":55,"type":"block","angle":330},{"time":55.333332061768,"type":"block","angle":345},{"time":55.333332061768,"type":"block","angle":360},{"time":55.666667938232,"type":"block","angle":300},{"time":55.666667938232,"type":"block","angle":315},{"time":56,"type":"block","angle":345},{"time":56.333332061768,"type":"block","angle":0},{"time":56.666667938232,"type":"block","angle":15},{"time":57,"type":"block","angle":30},{"time":57.333332061768,"type":"block","angle":45},{"time":57.666667938232,"type":"block","angle":60},{"time":58,"type":"block","angle":75},{"time":58.333332061768,"type":"block","angle":90},{"time":58.666667938232,"type":"block","angle":105},{"time":59,"angle":135,"type":"hold","duration":0.3333332836628,"angle2":90},{"time":59.333332061768,"angle":90,"type":"hold","duration":0.3333332836628,"angle2":135},{"time":60,"type":"block","angle":150},{"time":60.333332061768,"type":"block","angle":165},{"time":60.666667938232,"type":"block","angle":195},{"time":61,"type":"block","angle":210},{"time":61.333332061768,"type":"block","angle":240},{"time":61.666667938232,"type":"block","angle":255},{"time":62,"type":"block","angle":285},{"time":62.333332061768,"type":"block","angle":300},{"time":62.666667938232,"angle":315,"type":"hold","duration":1,"angle2":540},{"time":64,"angle":0,"type":"mineHold","duration":2.9999997615814,"angle2":15},{"time":64,"angle":45,"type":"mineHold","duration":2.9999997615814,"angle2":60},{"time":64,"angle":90,"type":"mineHold","duration":3,"angle2":105},{"time":64,"type":"block","angle":225},{"time":64.666664123535,"type":"block","angle":270},{"time":65,"type":"block","angle":285},{"time":65.333335876465,"type":"block","angle":255},{"time":66,"type":"block","angle":210},{"time":66.333335876465,"type":"block","angle":225},{"time":67,"tap":true,"type":"block","angle":165},{"time":67.666664123535,"tap":true,"type":"block","angle":97.5},{"time":67.333335876465,"tap":true,"type":"block","angle":142.5},{"time":68,"angle":270,"type":"mineHold","duration":3,"angle2":285},{"time":68,"angle":225,"type":"mineHold","duration":3,"angle2":240},{"time":68,"angle":180,"type":"mineHold","duration":3,"angle2":195},{"time":68,"type":"block","angle":52.5},{"time":68.666664123535,"type":"block","angle":345},{"time":69,"type":"block","angle":15},{"time":69.333335876465,"type":"block","angle":30},{"time":70.333335876465,"type":"block","angle":135},{"time":70,"type":"block","angle":120},{"time":71,"tap":true,"type":"block","angle":82.5},{"time":71.666664123535,"tap":true,"type":"block","angle":0},{"time":71.333335876465,"tap":true,"type":"block","angle":30},{"time":72,"angle":180,"type":"mineHold","duration":3,"angle2":165},{"time":72,"angle":120,"type":"mineHold","duration":3,"angle2":105},{"time":72,"angle":60,"type":"mineHold","duration":3,"angle2":45},{"time":72,"type":"block","angle":285},{"time":72.666664123535,"type":"block","angle":247.5},{"time":73,"type":"block","angle":285},{"time":73.33332824707,"type":"block","angle":255},{"time":74,"type":"block","angle":345},{"time":74.333335876465,"type":"block","angle":300},{"time":75,"tap":true,"type":"block","angle":217.5},{"time":75.333335876465,"tap":true,"type":"block","angle":217.5},{"time":75.666664123535,"tap":true,"type":"block","angle":195},{"time":76,"angle":45,"type":"mineHold","duration":3,"angle2":90},{"time":76,"type":"block","angle":255},{"time":76.666664123535,"type":"block","angle":180},{"time":77,"type":"block","angle":165},{"time":77.333335876465,"type":"block","angle":150},{"time":78,"type":"block","angle":225},{"time":78.333335876465,"type":"block","angle":210},{"time":76,"angle":360,"type":"mineHold","duration":3,"angle2":360},{"time":76,"angle":315,"type":"mineHold","duration":3,"angle2":270},{"time":80,"angle":300,"type":"mineHold","duration":3,"angle2":285},{"time":80,"angle":60,"type":"mineHold","duration":3,"angle2":45},{"time":80,"angle":180,"type":"mineHold","duration":3,"angle2":165},{"time":80,"type":"block","angle":0},{"time":80.666664123535,"type":"block","angle":360},{"time":81,"type":"block","angle":345},{"time":81.333335876465,"type":"block","angle":345},{"time":82,"type":"block","angle":345},{"time":82.333335876465,"type":"block","angle":345},{"time":83,"type":"extraTap","angle":345},{"time":83.333335876465,"type":"extraTap","angle":345},{"time":83.666664123535,"type":"extraTap","angle":345},{"time":84,"angle":315,"type":"mineHold","duration":3,"angle2":330},{"time":84,"angle":75,"type":"mineHold","duration":3,"angle2":90},{"time":84,"angle":195,"type":"mineHold","duration":3,"angle2":210},{"time":84,"angle":315,"type":"mineHold","duration":0,"angle2":435},{"time":84,"angle":75,"type":"mineHold","duration":0,"angle2":195},{"time":87,"type":"extraTap","angle":270},{"time":87.333335876465,"type":"extraTap","angle":270},{"time":87.666664123535,"type":"extraTap","angle":270},{"time":88,"angle":210,"type":"mineHold","duration":3,"angle2":225},{"time":88,"angle":90,"type":"mineHold","duration":3,"angle2":105},{"time":88,"angle":330,"type":"mineHold","duration":3,"angle2":345},{"time":88,"angle":330,"type":"mineHold","duration":0,"angle2":450},{"time":88,"angle":210,"type":"mineHold","duration":0,"angle2":330},{"time":91,"type":"extraTap","angle":165},{"time":91.333335876465,"type":"extraTap","angle":165},{"time":91.666664123535,"type":"extraTap","angle":165},{"time":84,"type":"block","angle":255},{"time":84.666664123535,"type":"block","angle":255},{"time":85,"type":"block","angle":270},{"time":85.333335876465,"type":"block","angle":270},{"time":86,"type":"block","angle":270},{"time":86.333335876465,"type":"block","angle":270},{"time":88,"type":"block","angle":150},{"time":88.666664123535,"type":"block","angle":150},{"time":89,"type":"block","angle":150},{"time":89.333335876465,"type":"block","angle":165},{"time":90,"type":"block","angle":165},{"time":90.333335876465,"type":"block","angle":165},{"time":92,"angle":240,"type":"mineHold","duration":3,"angle2":240},{"time":92,"angle":120,"type":"mineHold","duration":3,"angle2":120},{"time":92,"angle":360,"type":"mineHold","duration":3,"angle2":360},{"time":93,"angle":300,"type":"mineHold","duration":2,"angle2":300},{"time":93,"angle":60,"type":"mineHold","duration":2,"angle2":60},{"time":94,"angle":285,"type":"mineHold","duration":1,"angle2":285},{"time":94,"angle":270,"type":"mineHold","duration":1,"angle2":270},{"time":94,"angle":255,"type":"mineHold","duration":1,"angle2":255},{"time":94,"angle":315,"type":"mineHold","duration":1,"angle2":315},{"time":94,"angle":330,"type":"mineHold","duration":1,"angle2":330},{"time":94,"angle":345,"type":"mineHold","duration":1,"angle2":345},{"time":94,"angle":15,"type":"mineHold","duration":1,"angle2":15},{"time":94,"angle":15,"type":"mineHold","duration":1,"angle2":15},{"time":94,"angle":30,"type":"mineHold","duration":1,"angle2":30},{"time":94,"angle":45,"type":"mineHold","duration":1,"angle2":45},{"time":94,"angle":75,"type":"mineHold","duration":1,"angle2":75},{"time":94,"angle":90,"type":"mineHold","duration":1,"angle2":90},{"time":94,"angle":105,"type":"mineHold","duration":1,"angle2":105},{"time":92,"type":"block","angle":180},{"time":92.666664123535,"type":"block","angle":180},{"time":93,"type":"block","angle":180},{"time":93.333335876465,"type":"block","angle":180},{"time":94,"type":"block","angle":180},{"time":94.333335876465,"type":"block","angle":180},{"time":95,"tap":true,"type":"block","angle":195},{"time":95,"tap":true,"type":"block","angle":180},{"time":95.333335876465,"tap":true,"type":"block","angle":165},{"time":95.333335876465,"tap":true,"type":"block","angle":150},{"time":95.666664123535,"tap":true,"type":"block","angle":225},{"time":95.666664123535,"tap":true,"type":"block","angle":195},{"time":95.666664123535,"type":"block","angle":210},{"time":96,"type":"mine","angle":90},{"time":97.666664123535,"type":"block","angle":315},{"time":98.666664123535,"type":"block","angle":360},{"time":99.33333587646,"type":"block","angle":67.5},{"time":99.66666412354,"type":"block","angle":45},{"time":96.333335876465,"type":"mine","angle":112.5},{"time":96.666664123535,"type":"mine","angle":135},{"time":97,"type":"mine","angle":157.5},{"time":97.333335876465,"type":"mine","angle":180},{"time":97.666664123535,"type":"mine","angle":202.5},{"time":98,"type":"mine","angle":225},{"time":98.333335876465,"type":"mine","angle":247.5},{"time":98.666664123535,"type":"mine","angle":270},{"time":99,"type":"mine","angle":292.5},{"time":99.33333587646,"type":"mine","angle":315},{"time":99.66666412354,"type":"mine","angle":337.5},{"time":100,"type":"mine","angle":0},{"time":100.33333587646,"type":"mine","angle":22.5},{"time":100.66666412354,"type":"mine","angle":45},{"time":101,"type":"mine","angle":67.5},{"time":101.33333587646,"type":"mine","angle":90},{"time":101,"angle":225,"type":"hold","duration":0.3333332836628,"angle2":247.5},{"time":101.33333587646,"angle":247.5,"type":"hold","duration":0.3333332836628,"angle2":225},{"time":101.66666412354,"angle":225,"type":"hold","duration":0.3333332836628,"angle2":247.5},{"time":102,"angle":247.5,"type":"hold","duration":0.3333332836628,"angle2":225},{"time":102.33333587646,"angle":225,"type":"hold","duration":0.3333332836628,"angle2":292.5},{"time":102.66666412354,"angle":292.5,"type":"hold","duration":0.3333332836628,"angle2":270},{"time":103,"angle":270,"type":"hold","duration":0.3333332836628,"angle2":337.5},{"time":103.33333587646,"angle":337.5,"type":"hold","duration":0.3333332836628,"angle2":315},{"time":101.66666412354,"type":"mine","angle":112.5},{"time":102,"type":"mine","angle":135},{"time":102.33333587646,"type":"mine","angle":157.5},{"time":102.66666412354,"type":"mine","angle":180},{"time":103,"type":"mine","angle":202.5},{"time":103.33333587646,"type":"mine","angle":225},{"time":103.66666412354,"type":"mine","angle":247.5},{"time":104,"type":"mine","angle":270},{"time":104.33333587646,"type":"mine","angle":247.5},{"time":104.66666412354,"type":"mine","angle":225},{"time":105,"type":"mine","angle":202.5},{"time":105.33333587646,"type":"mine","angle":180},{"time":105.66666412354,"type":"mine","angle":157.5},{"time":106,"type":"mine","angle":135},{"time":106.33333587646,"type":"mine","angle":112.5},{"time":106.66666412354,"type":"mine","angle":90},{"time":107,"type":"mine","angle":67.5},{"time":107.33333587646,"type":"mine","angle":45},{"time":107.66667175293,"type":"mine","angle":22.5},{"time":108,"type":"mine","angle":0},{"time":105.66666412354,"type":"block","angle":22.5},{"time":106.66666412354,"type":"block","angle":225},{"time":107.33333587646,"type":"block","angle":180},{"time":107.66666412354,"type":"block","angle":135},{"time":108.33333587646,"type":"mine","angle":337.5},{"time":108.66666412354,"type":"mine","angle":315},{"time":109,"type":"mine","angle":292.5},{"time":109.33333587646,"type":"mine","angle":270},{"time":109.66666412354,"type":"mine","angle":247.5},{"time":110,"type":"mine","angle":225},{"time":110.33333587646,"type":"mine","angle":202.5},{"time":110.66666412354,"type":"mine","angle":180},{"time":111,"type":"mine","angle":157.5},{"time":111.33333587646,"type":"mine","angle":135},{"time":111.66666412354,"type":"mine","angle":112.5},{"time":112,"type":"mine","angle":90},{"time":109.33333587646,"angle":22.5,"type":"hold","duration":0.3333332836628,"angle2":45},{"time":109.66666412354,"angle":45,"type":"hold","duration":0.3333332836628,"angle2":22.5},{"time":110,"angle":22.5,"type":"hold","duration":0.3333332836628,"angle2":67.5},{"time":110.33333587646,"angle":67.5,"type":"hold","duration":0.33333334326744,"angle2":45},{"time":110.66666412354,"angle":45,"type":"hold","duration":0.3333332836628,"angle2":67.5},{"time":111,"angle":67.5,"type":"hold","duration":0.3333332836628,"angle2":0},{"time":111.33333587646,"angle":0,"type":"hold","duration":0.3333332836628,"angle2":-22.5},{"time":112,"angle":315,"type":"hold","duration":0.66666662693024,"angle2":292.5},{"time":112,"angle":292.5,"type":"hold","duration":0.66666662693024,"angle2":315},{"time":113,"angle":247.5,"type":"hold","duration":0.66666662693024,"angle2":225},{"time":113,"angle":225,"type":"hold","duration":0.66666662693024,"angle2":247.5},{"time":114,"angle":292.5,"type":"hold","duration":0.66666662693024,"angle2":270},{"time":114,"angle":270,"type":"hold","duration":0.66666662693024,"angle2":292.5},{"time":115,"type":"block","angle":315},{"time":115.33333587646,"type":"block","angle":337.5},{"time":115.66666412354,"type":"block","angle":0},{"time":116,"angle":45,"type":"hold","duration":0.66666662693024,"angle2":67.5},{"time":116,"angle":67.5,"type":"hold","duration":0.66666662693024,"angle2":45},{"time":117,"angle":157.5,"type":"hold","duration":0.66666662693024,"angle2":135},{"time":117,"angle":135,"type":"hold","duration":0.66666662693024,"angle2":157.5},{"time":118,"angle":202.5,"type":"hold","duration":0.66666662693024,"angle2":225},{"time":118,"angle":225,"type":"hold","duration":0.66666662693024,"angle2":202.5},{"time":119,"type":"block","angle":292.5},{"time":119.33333587646,"type":"block","angle":315},{"time":119.66666412354,"type":"block","angle":247.5},{"time":120,"angle":180,"type":"hold","duration":0.66666662693024,"angle2":157.5},{"time":120,"angle":157.5,"type":"hold","duration":0.66666662693024,"angle2":180},{"time":121.00000762939,"angle":315,"type":"hold","duration":0.66666662693024,"angle2":292.5},{"time":121.00000762939,"angle":292.5,"type":"hold","duration":0.66666662693024,"angle2":315},{"time":122.00000762939,"angle":45,"type":"hold","duration":0.66666662693024,"angle2":22.5},{"time":122,"angle":22.5,"type":"hold","duration":0.66666662693024,"angle2":45},{"time":123.33333587646,"type":"block","angle":67.5},{"time":123,"type":"block","angle":90},{"time":123.66666412354,"type":"block","angle":157.5},{"time":124,"angle":135,"type":"hold","duration":0.66666662693024,"angle2":112.5},{"time":124,"angle":112.5,"type":"hold","duration":0.66666662693024,"angle2":135},{"time":125,"angle":225,"type":"hold","duration":0.66666662693024,"angle2":202.5},{"time":125,"angle":202.5,"type":"hold","duration":0.66666662693024,"angle2":225},{"time":126,"angle":22.5,"type":"hold","duration":0.66666662693024,"angle2":0},{"time":126,"angle":0,"type":"hold","duration":0.66666662693024,"angle2":22.5},{"time":127,"type":"block","angle":292.5},{"time":127.33332824707,"type":"block","angle":292.5},{"time":127.66667175293,"type":"block","angle":337.5},{"time":128,"angle":270,"type":"mineHold","duration":0,"angle2":45},{"time":129,"angle":247.5,"type":"mineHold","duration":0,"angle2":22.5},{"time":130,"angle":225,"type":"mineHold","duration":0,"angle2":0},{"time":132,"angle":270,"type":"mineHold","duration":0,"angle2":495},{"time":133,"angle":292.5,"type":"mineHold","duration":0,"angle2":517.5},{"time":134,"angle":315,"type":"mineHold","duration":0,"angle2":540},{"time":136,"angle":247.5,"type":"mineHold","duration":0,"angle2":472.5},{"time":137,"angle":225,"type":"mineHold","duration":0,"angle2":450},{"time":138,"angle":202.5,"type":"mineHold","duration":0,"angle2":427.5},{"time":138.66667175293,"type":"block","angle":135},{"time":139,"type":"block","angle":180},{"time":139.33332824707,"type":"block","angle":180},{"time":139.66667175293,"type":"block","angle":112.5},{"time":140,"angle":270,"type":"mineHold","duration":0,"angle2":450},{"time":141,"angle":247.5,"type":"mineHold","duration":0,"angle2":472.5},{"time":142,"angle":225,"type":"mineHold","duration":0,"angle2":495},{"time":142.66667175293,"type":"block","angle":180},{"time":143,"type":"block","angle":225},{"time":143.33332824707,"type":"block","angle":270},{"time":143.66667175293,"type":"block","angle":315},{"time":144,"angle":270,"type":"mineHold","duration":1,"angle2":247.5},{"time":144,"angle":292.5,"type":"mineHold","duration":1,"angle2":270},{"time":144,"angle":247.5,"type":"mineHold","duration":1,"angle2":225},{"time":144,"angle":225,"type":"mineHold","duration":1,"angle2":202.5},{"time":144,"angle":270,"type":"mineHold","duration":1,"angle2":247.5},{"time":144,"angle":292.5,"type":"mineHold","duration":1,"angle2":270},{"time":144,"angle":247.5,"type":"mineHold","duration":1,"angle2":225},{"time":144,"angle":225,"type":"mineHold","duration":1,"angle2":202.5},{"time":144,"angle":90,"type":"mineHold","duration":1,"angle2":67.5},{"time":144,"angle":112.5,"type":"mineHold","duration":1,"angle2":90},{"time":144,"angle":67.5,"type":"mineHold","duration":1,"angle2":45},{"time":144,"angle":45,"type":"mineHold","duration":1,"angle2":22.5},{"time":145,"angle":270,"type":"mineHold","duration":1,"angle2":315},{"time":145,"angle":247.5,"type":"mineHold","duration":1,"angle2":292.5},{"time":145,"angle":225,"type":"mineHold","duration":1,"angle2":270},{"time":145,"angle":202.5,"type":"mineHold","duration":1,"angle2":247.5},{"time":146,"angle":315,"type":"mineHold","duration":1,"angle2":247.5},{"time":146,"angle":292.5,"type":"mineHold","duration":1,"angle2":225},{"time":146,"angle":270,"type":"mineHold","duration":1,"angle2":202.5},{"time":146,"angle":247.5,"type":"mineHold","duration":1,"angle2":180},{"time":145,"angle":270,"type":"mineHold","duration":1,"angle2":315},{"time":145,"angle":247.5,"type":"mineHold","duration":1,"angle2":292.5},{"time":145,"angle":225,"type":"mineHold","duration":1,"angle2":270},{"time":145,"angle":202.5,"type":"mineHold","duration":1,"angle2":247.5},{"time":146,"angle":315,"type":"mineHold","duration":1,"angle2":247.5},{"time":146,"angle":292.5,"type":"mineHold","duration":1,"angle2":225},{"time":146,"angle":270,"type":"mineHold","duration":1,"angle2":202.5},{"time":146,"angle":247.5,"type":"mineHold","duration":1,"angle2":180},{"time":145,"angle":90,"type":"mineHold","duration":1,"angle2":135},{"time":145,"angle":67.5,"type":"mineHold","duration":1,"angle2":112.5},{"time":145,"angle":45,"type":"mineHold","duration":1,"angle2":90},{"time":145,"angle":22.5,"type":"mineHold","duration":1,"angle2":67.5},{"time":146,"angle":135,"type":"mineHold","duration":1,"angle2":67.5},{"time":146,"angle":112.5,"type":"mineHold","duration":1,"angle2":45},{"time":146,"angle":90,"type":"mineHold","duration":1,"angle2":22.5},{"time":146,"angle":67.5,"type":"mineHold","duration":1,"angle2":0},{"time":147.33334350586,"type":"block","angle":247.5},{"time":147.66667175293,"type":"block","angle":202.5},{"time":147.00001525879,"type":"block","angle":292.5},{"time":146.66667175293,"type":"block","angle":337.5},{"time":148,"angle":-270,"type":"mineHold","duration":1,"angle2":-247.5},{"time":148,"angle":-292.5,"type":"mineHold","duration":1,"angle2":-270},{"time":148,"angle":-247.5,"type":"mineHold","duration":1,"angle2":-225},{"time":148,"angle":-225,"type":"mineHold","duration":1,"angle2":-202.5},{"time":148,"angle":-270,"type":"mineHold","duration":1,"angle2":-247.5},{"time":148,"angle":-292.5,"type":"mineHold","duration":1,"angle2":-270},{"time":148,"angle":-247.5,"type":"mineHold","duration":1,"angle2":-225},{"time":148,"angle":-225,"type":"mineHold","duration":1,"angle2":-202.5},{"time":148,"angle":-90,"type":"mineHold","duration":1,"angle2":-67.5},{"time":148,"angle":-112.5,"type":"mineHold","duration":1,"angle2":-90},{"time":148,"angle":-67.5,"type":"mineHold","duration":1,"angle2":-45},{"time":148,"angle":-45,"type":"mineHold","duration":1,"angle2":-22.5},{"time":149,"angle":-270,"type":"mineHold","duration":1,"angle2":-315},{"time":149,"angle":-247.5,"type":"mineHold","duration":1,"angle2":-292.5},{"time":149,"angle":-225,"type":"mineHold","duration":1,"angle2":-270},{"time":149,"angle":-202.5,"type":"mineHold","duration":1,"angle2":-247.5},{"time":150,"angle":-315,"type":"mineHold","duration":1,"angle2":-247.5},{"time":150,"angle":-292.5,"type":"mineHold","duration":1,"angle2":-225},{"time":150,"angle":-270,"type":"mineHold","duration":1,"angle2":-202.5},{"time":150,"angle":-247.5,"type":"mineHold","duration":1,"angle2":-180},{"time":149,"angle":-270,"type":"mineHold","duration":1,"angle2":-315},{"time":149,"angle":-247.5,"type":"mineHold","duration":1,"angle2":-292.5},{"time":149,"angle":-225,"type":"mineHold","duration":1,"angle2":-270},{"time":149,"angle":-202.5,"type":"mineHold","duration":1,"angle2":-247.5},{"time":150,"angle":-315,"type":"mineHold","duration":1,"angle2":-247.5},{"time":150,"angle":-292.5,"type":"mineHold","duration":1,"angle2":-225},{"time":150,"angle":-270,"type":"mineHold","duration":1,"angle2":-202.5},{"time":150,"angle":-247.5,"type":"mineHold","duration":1,"angle2":-180},{"time":149,"angle":-90,"type":"mineHold","duration":1,"angle2":-135},{"time":149,"angle":-67.5,"type":"mineHold","duration":1,"angle2":-112.5},{"time":149,"angle":-45,"type":"mineHold","duration":1,"angle2":-90},{"time":149,"angle":-22.5,"type":"mineHold","duration":1,"angle2":-67.5},{"time":150,"angle":-135,"type":"mineHold","duration":1,"angle2":-67.5},{"time":150,"angle":-112.5,"type":"mineHold","duration":1,"angle2":-45},{"time":150,"angle":-90,"type":"mineHold","duration":1,"angle2":-22.5},{"time":150,"angle":-67.5,"type":"mineHold","duration":1,"angle2":0},{"time":150.66667175293,"type":"block","angle":225},{"time":151,"type":"block","angle":247.5},{"time":151.33332824707,"type":"block","angle":202.5},{"time":151.66667175293,"type":"block","angle":157.5},{"time":152,"angle":225,"type":"mineHold","duration":1,"angle2":202.5},{"time":152,"angle":247.5,"type":"mineHold","duration":1,"angle2":225},{"time":152,"angle":202.5,"type":"mineHold","duration":1,"angle2":180},{"time":152,"angle":180,"type":"mineHold","duration":1,"angle2":157.5},{"time":152,"angle":225,"type":"mineHold","duration":1,"angle2":202.5},{"time":152,"angle":247.5,"type":"mineHold","duration":1,"angle2":225},{"time":152,"angle":202.5,"type":"mineHold","duration":1,"angle2":180},{"time":152,"angle":180,"type":"mineHold","duration":1,"angle2":157.5},{"time":152,"angle":45,"type":"mineHold","duration":1,"angle2":22.5},{"time":152,"angle":67.5,"type":"mineHold","duration":1,"angle2":45},{"time":152,"angle":22.5,"type":"mineHold","duration":1,"angle2":0},{"time":152,"angle":0,"type":"mineHold","duration":1,"angle2":-22.5},{"time":153,"angle":225,"type":"mineHold","duration":1,"angle2":270},{"time":153,"angle":202.5,"type":"mineHold","duration":1,"angle2":247.5},{"time":153,"angle":180,"type":"mineHold","duration":1,"angle2":225},{"time":153,"angle":157.5,"type":"mineHold","duration":1,"angle2":202.5},{"time":154,"angle":270,"type":"mineHold","duration":1,"angle2":202.5},{"time":154,"angle":247.5,"type":"mineHold","duration":1,"angle2":180},{"time":154,"angle":225,"type":"mineHold","duration":1,"angle2":157.5},{"time":154,"angle":202.5,"type":"mineHold","duration":1,"angle2":135},{"time":153,"angle":225,"type":"mineHold","duration":1,"angle2":270},{"time":153,"angle":202.5,"type":"mineHold","duration":1,"angle2":247.5},{"time":153,"angle":180,"type":"mineHold","duration":1,"angle2":225},{"time":153,"angle":157.5,"type":"mineHold","duration":1,"angle2":202.5},{"time":154,"angle":270,"type":"mineHold","duration":1,"angle2":202.5},{"time":154,"angle":247.5,"type":"mineHold","duration":1,"angle2":180},{"time":154,"angle":225,"type":"mineHold","duration":1,"angle2":157.5},{"time":154,"angle":202.5,"type":"mineHold","duration":1,"angle2":135},{"time":153,"angle":45,"type":"mineHold","duration":1,"angle2":90},{"time":153,"angle":22.5,"type":"mineHold","duration":1,"angle2":67.5},{"time":153,"angle":0,"type":"mineHold","duration":1,"angle2":45},{"time":153,"angle":-22.5,"type":"mineHold","duration":1,"angle2":22.5},{"time":154,"angle":90,"type":"mineHold","duration":1,"angle2":22.5},{"time":154,"angle":67.5,"type":"mineHold","duration":1,"angle2":0},{"time":154,"angle":45,"type":"mineHold","duration":1,"angle2":-22.5},{"time":154,"angle":22.5,"type":"mineHold","duration":1,"angle2":-45},{"time":154.66667175293,"type":"block","angle":90},{"time":155,"type":"block","angle":67.5},{"time":155.33332824707,"type":"block","angle":67.5},{"time":155.66667175293,"type":"block","angle":157.5},{"time":156,"type":"mine","angle":270},{"time":157,"type":"mine","angle":270},{"time":158,"type":"mine","angle":270},{"time":156,"type":"mine","angle":360},{"time":157,"type":"mine","angle":0},{"time":158,"type":"mine","angle":0},{"time":156,"type":"mine","angle":90},{"time":157,"type":"mine","angle":90},{"time":158,"type":"mine","angle":90},{"time":158.66667175293,"type":"block","angle":180},{"time":159,"type":"block","angle":180},{"time":159.33332824707,"type":"block","angle":180},{"time":159.66667175293,"type":"block","angle":180},{"time":160,"tap":true,"type":"block","angle":180},{"time":160,"tap":true,"type":"block","angle":202.5},{"time":160,"tap":true,"type":"block","angle":157.5},{"time":160.33332824707,"type":"block","angle":202.5},{"time":160.66667175293,"type":"block","angle":225},{"time":161,"type":"block","angle":247.5},{"time":161.33332824707,"type":"block","angle":270},{"time":161.66667175293,"type":"block","angle":292.5},{"time":162,"type":"block","angle":315},{"time":162.33332824707,"type":"block","angle":337.5},{"time":162.66667175293,"type":"block","angle":360},{"time":163,"type":"block","angle":22.5},{"time":163.33332824707,"type":"block","angle":0},{"time":163.66667175293,"type":"block","angle":22.5},{"time":164,"type":"block","angle":0},{"time":164.33332824707,"type":"block","angle":22.5},{"time":164.66667175293,"type":"block","angle":45},{"time":165,"type":"block","angle":67.5},{"time":165.33332824707,"type":"block","angle":90},{"time":165.66667175293,"type":"block","angle":112.5},{"time":166,"type":"block","angle":135},{"time":166.33332824707,"tap":true,"type":"block","angle":157.5},{"time":167,"tap":true,"type":"block","angle":90},{"time":167.33332824707,"tap":true,"type":"block","angle":135},{"time":167.66667175293,"tap":true,"type":"block","angle":67.5},{"time":168,"type":"block","angle":112.5},{"time":168,"type":"block","angle":135},{"time":168.33332824707,"type":"block","angle":157.5},{"time":168.66667175293,"type":"block","angle":180},{"time":169,"type":"block","angle":202.5},{"time":169.33332824707,"type":"block","angle":225},{"time":169.66667175293,"type":"block","angle":247.5},{"time":170,"type":"block","angle":270},{"time":170.33332824707,"type":"block","angle":292.5},{"time":170.66667175293,"type":"block","angle":315},{"time":171,"type":"block","angle":337.5},{"time":171.33332824707,"type":"block","angle":315},{"time":171.66667175293,"type":"block","angle":0},{"time":172,"type":"block","angle":22.5},{"time":172.33332824707,"type":"block","angle":22.5},{"time":172.66667175293,"type":"block","angle":337.5},{"time":173,"type":"block","angle":337.5},{"time":173.33332824707,"type":"block","angle":45},{"time":174,"type":"block","angle":90},{"time":173.66667175293,"type":"block","angle":45},{"time":174.33332824707,"type":"block","angle":67.5},{"time":174.66667175293,"angle":22.5,"endTap":true,"type":"hold","duration":1.3333333730698,"angle2":270},{"time":176,"angle":0,"type":"mineHold","duration":2.9999997615814,"angle2":22.5},{"time":176,"angle":45,"type":"mineHold","duration":3,"angle2":67.5},{"time":176,"angle":90,"type":"mineHold","duration":3,"angle2":112.5},{"time":176,"angle":360,"type":"mineHold","duration":0,"angle2":450},{"time":177,"type":"mine","angle":22.5},{"time":177,"type":"mine","angle":67.5},{"time":178,"type":"mine","angle":22.5},{"time":178,"type":"mine","angle":45},{"time":178,"type":"mine","angle":67.5},{"time":178,"type":"mine","angle":90},{"time":179,"angle":22.5,"type":"mineHold","duration":0,"angle2":112.5},{"time":180,"angle":-90,"type":"mineHold","duration":2.9999997615814,"angle2":-67.5},{"time":180,"angle":-45,"type":"mineHold","duration":3,"angle2":-22.5},{"time":180,"angle":0,"type":"mineHold","duration":3,"angle2":22.5},{"time":180,"angle":270,"type":"mineHold","duration":0,"angle2":360},{"time":181,"type":"mine","angle":-67.5},{"time":181,"type":"mine","angle":-22.5},{"time":182,"type":"mine","angle":-67.5},{"time":182,"type":"mine","angle":-45},{"time":182,"type":"mine","angle":-22.5},{"time":182,"type":"mine","angle":0},{"time":183,"angle":-67.5,"type":"mineHold","duration":0,"angle2":22.5},{"time":184,"angle":90,"type":"mineHold","duration":2.9999997615814,"angle2":112.5},{"time":184,"angle":135,"type":"mineHold","duration":3,"angle2":157.5},{"time":184,"angle":180,"type":"mineHold","duration":3,"angle2":202.5},{"time":184,"angle":450,"type":"mineHold","duration":0,"angle2":540},{"time":185,"type":"mine","angle":112.5},{"time":185,"type":"mine","angle":157.5},{"time":186,"type":"mine","angle":112.5},{"time":186,"type":"mine","angle":135},{"time":186,"type":"mine","angle":157.5},{"time":186,"type":"mine","angle":180},{"time":187,"angle":112.5,"type":"mineHold","duration":0,"angle2":202.5},{"time":188,"angle":-45,"type":"mineHold","duration":2.9999997615814,"angle2":-22.5},{"time":188,"angle":0,"type":"mineHold","duration":3,"angle2":22.5},{"time":188,"angle":45,"type":"mineHold","duration":3,"angle2":67.5},{"time":188,"angle":315,"type":"mineHold","duration":0,"angle2":405},{"time":189,"type":"mine","angle":-22.5},{"time":189,"type":"mine","angle":22.5},{"time":190,"type":"mine","angle":-22.5},{"time":190,"type":"mine","angle":0},{"time":190,"type":"mine","angle":22.5},{"time":190,"type":"mine","angle":45},{"time":191,"angle":-22.5,"type":"mineHold","duration":0,"angle2":67.5},{"time":176.66667175293,"angle":270,"type":"hold","duration":0.3333332836628,"angle2":247.5},{"time":177,"angle":247.5,"type":"hold","duration":0.3333332836628,"angle2":270},{"time":178,"angle":202.5,"type":"hold","duration":0.3333332836628,"angle2":180},{"time":179,"angle":180,"type":"hold","duration":0.3333332836628,"angle2":135},{"time":179.33332824707,"angle":135,"type":"hold","duration":0.3333332836628,"angle2":67.5},{"time":180,"tap":true,"type":"block","angle":112.5},{"time":180.66667175293,"angle":157.5,"type":"hold","duration":0.3333332836628,"angle2":112.5},{"time":181,"angle":112.5,"type":"hold","duration":0.3333332836628,"angle2":135},{"time":182,"angle":157.5,"type":"hold","duration":0.3333332836628,"angle2":202.5},{"time":183,"angle":247.5,"type":"hold","duration":0.3333332836628,"angle2":225},{"time":183.33332824707,"angle":225,"type":"hold","duration":0.3333332836628,"angle2":247.5},{"time":184,"tap":true,"type":"block","angle":315},{"time":184.66667175293,"angle":22.5,"type":"hold","duration":0.3333332836628,"angle2":45},{"time":185,"angle":45,"type":"hold","duration":0.3333332836628,"angle2":-22.5},{"time":186,"angle":315,"type":"hold","duration":0.3333332836628,"angle2":315},{"time":187,"angle":247.5,"type":"hold","duration":0.3333332836628,"angle2":315},{"time":187.33332824707,"angle":315,"type":"hold","duration":0.3333332836628,"angle2":270},{"time":188,"tap":true,"type":"block","angle":202.5},{"time":188.66667175293,"angle":157.5,"type":"hold","duration":0.3333332836628,"angle2":157.5},{"time":189,"angle":157.5,"type":"hold","duration":0.3333332836628,"angle2":112.5},{"time":190,"angle":112.5,"type":"hold","duration":0.3333332836628,"angle2":112.5},{"time":191,"angle":157.5,"type":"hold","duration":0.3333332836628,"angle2":202.5},{"time":191.33332824707,"angle":202.5,"type":"hold","duration":0.3333332836628,"angle2":112.5},{"time":192,"angle":435,"type":"mineHold","duration":3,"angle2":420},{"time":192,"angle":195,"type":"mineHold","duration":3,"angle2":180},{"time":192,"angle":315,"type":"mineHold","duration":3,"angle2":300},{"time":192,"tap":true,"type":"block","angle":135},{"time":192.66666412353,"type":"block","angle":495},{"time":193,"type":"block","angle":480},{"time":193.33333587647,"type":"block","angle":480},{"time":194,"type":"block","angle":480},{"time":194.33333587647,"type":"block","angle":480},{"time":195,"type":"extraTap","angle":480},{"time":195.66666412353,"type":"extraTap","angle":480},{"time":196,"angle":450,"type":"mineHold","duration":3,"angle2":465},{"time":196,"angle":210,"type":"mineHold","duration":3,"angle2":225},{"time":196,"angle":330,"type":"mineHold","duration":3,"angle2":345},{"time":196,"angle":450,"type":"mineHold","duration":0,"angle2":570},{"time":196,"angle":210,"type":"mineHold","duration":0,"angle2":330},{"time":199,"type":"extraTap","angle":405},{"time":199.66666412353,"type":"extraTap","angle":405},{"time":200,"angle":345,"type":"mineHold","duration":3,"angle2":360},{"time":200,"angle":225,"type":"mineHold","duration":3,"angle2":240},{"time":200,"angle":465,"type":"mineHold","duration":3,"angle2":480},{"time":200,"angle":465,"type":"mineHold","duration":0,"angle2":585},{"time":200,"angle":345,"type":"mineHold","duration":0,"angle2":465},{"time":203,"type":"extraTap","angle":300},{"time":203.66666412353,"type":"extraTap","angle":300},{"time":196,"tap":true,"type":"block","angle":390},{"time":196.66666412353,"type":"block","angle":390},{"time":197,"type":"block","angle":405},{"time":197.33333587647,"type":"block","angle":405},{"time":198,"type":"block","angle":405},{"time":198.33333587647,"type":"block","angle":405},{"time":200,"tap":true,"type":"block","angle":285},{"time":200.66666412353,"type":"block","angle":285},{"time":201,"type":"block","angle":285},{"time":201.33333587647,"type":"block","angle":300},{"time":202,"type":"block","angle":300},{"time":202.33333587647,"type":"block","angle":300},{"time":204,"angle":420,"type":"mineHold","duration":3,"angle2":420},{"time":204,"angle":300,"type":"mineHold","duration":3,"angle2":300},{"time":204,"angle":540,"type":"mineHold","duration":3,"angle2":540},{"time":205,"angle":480,"type":"mineHold","duration":2,"angle2":480},{"time":205,"angle":240,"type":"mineHold","duration":2,"angle2":240},{"time":206,"angle":465,"type":"mineHold","duration":1,"angle2":465},{"time":206,"angle":450,"type":"mineHold","duration":1,"angle2":450},{"time":206,"angle":435,"type":"mineHold","duration":1,"angle2":435},{"time":206,"angle":495,"type":"mineHold","duration":1,"angle2":495},{"time":206,"angle":510,"type":"mineHold","duration":1,"angle2":510},{"time":206,"angle":525,"type":"mineHold","duration":1,"angle2":525},{"time":206,"angle":195,"type":"mineHold","duration":1,"angle2":195},{"time":206,"angle":195,"type":"mineHold","duration":1,"angle2":195},{"time":206,"angle":210,"type":"mineHold","duration":1,"angle2":210},{"time":206,"angle":225,"type":"mineHold","duration":1,"angle2":225},{"time":206,"angle":255,"type":"mineHold","duration":1,"angle2":255},{"time":206,"angle":270,"type":"mineHold","duration":1,"angle2":270},{"time":206,"angle":285,"type":"mineHold","duration":1,"angle2":285},{"time":204,"tap":true,"type":"block","angle":360},{"time":204.66666412353,"type":"block","angle":360},{"time":205,"type":"block","angle":360},{"time":205.33333587647,"type":"block","angle":360},{"time":206,"type":"block","angle":360},{"time":206.33333587647,"type":"block","angle":360},{"time":207,"type":"block","angle":360},{"time":207.33334350586,"type":"block","angle":345},{"time":207.33334350586,"type":"block","angle":15},{"time":207.66665649414,"type":"block","angle":337.5},{"time":208,"type":"extraTap","angle":337.5},{"time":208,"angle":300,"type":"mineHold","duration":8,"angle2":270},{"time":208,"angle":60,"type":"mineHold","duration":8,"angle2":0},{"time":216,"angle":270,"type":"mineHold","duration":8,"angle2":315},{"time":216,"angle":0,"type":"mineHold","duration":8,"angle2":45},{"time":224,"type":"extraTap","angle":0},{"time":208,"type":"mine","angle":225},{"time":208.33332824707,"type":"mine","angle":225},{"time":208.66667175293,"type":"mine","angle":225},{"time":209,"type":"mine","angle":225},{"time":209.33332824707,"type":"mine","angle":225},{"time":209.66667175293,"type":"mine","angle":225},{"time":210.33332824707,"type":"mine","angle":157.5},{"time":210,"type":"mine","angle":157.5},{"time":210.66667175293,"type":"mine","angle":157.5},{"time":211,"type":"mine","angle":180},{"time":211.33332824707,"type":"mine","angle":180},{"time":211.66667175293,"type":"mine","angle":180},{"time":212,"type":"mine","angle":202.5},{"time":212.33332824707,"type":"mine","angle":202.5},{"time":212.66667175293,"type":"mine","angle":202.5},{"time":213,"type":"mine","angle":202.5},{"time":213.33332824707,"type":"mine","angle":202.5},{"time":213.66667175293,"type":"mine","angle":202.5},{"time":214,"type":"mine","angle":135},{"time":214.33332824707,"type":"mine","angle":135},{"time":214.66667175293,"type":"mine","angle":135},{"time":215,"type":"mine","angle":157.5},{"time":215.33332824707,"type":"mine","angle":157.5},{"time":215.66667175293,"type":"mine","angle":157.5},{"time":216,"type":"mine","angle":67.5},{"time":216.33332824707,"type":"mine","angle":67.5},{"time":216.66667175293,"type":"mine","angle":67.5},{"time":217,"type":"mine","angle":67.5},{"time":217.33332824707,"type":"mine","angle":67.5},{"time":217.66667175293,"type":"mine","angle":67.5},{"time":218,"type":"mine","angle":135},{"time":218.33332824707,"type":"mine","angle":135},{"time":218.66667175293,"type":"mine","angle":135},{"time":219,"type":"mine","angle":157.5},{"time":219.33332824707,"type":"mine","angle":157.5},{"time":219.66667175293,"type":"mine","angle":157.5},{"time":220.33332824707,"type":"mine","angle":225},{"time":220,"type":"mine","angle":225},{"time":220.33332824707,"type":"mine","angle":225},{"time":220.66667175293,"type":"mine","angle":225},{"time":221,"type":"mine","angle":225},{"time":221.33332824707,"type":"mine","angle":225},{"time":221.33332824707,"type":"mine","angle":225},{"time":221.66667175293,"type":"mine","angle":225},{"time":222,"type":"mine","angle":202.5},{"time":222.33332824707,"type":"mine","angle":202.5},{"time":222.66667175293,"type":"mine","angle":202.5},{"time":223,"type":"mine","angle":180},{"time":223.33332824707,"type":"mine","angle":180},{"time":223.66667175293,"type":"mine","angle":180},{"time":128,"type":"extraTap","angle":292.5},{"time":129,"type":"extraTap","angle":270},{"time":130,"type":"extraTap","angle":247.5},{"time":132,"type":"extraTap","angle":247.5},{"time":133,"type":"extraTap","angle":270},{"time":134,"type":"extraTap","angle":292.5},{"time":136,"type":"extraTap","angle":225},{"time":137,"type":"extraTap","angle":202.5},{"time":138,"type":"extraTap","angle":180},{"time":140,"type":"extraTap","angle":247.5},{"time":141,"type":"extraTap","angle":225},{"time":142,"type":"extraTap","angle":202.5},{"time":144,"type":"extraTap","angle":0},{"time":145,"type":"extraTap","angle":360},{"time":146,"type":"extraTap","angle":360},{"time":148,"type":"extraTap","angle":360},{"time":149,"type":"extraTap","angle":0},{"time":150,"type":"extraTap","angle":360},{"time":152,"type":"extraTap","angle":270},{"time":153,"type":"extraTap","angle":270},{"time":154,"type":"extraTap","angle":292.5},{"time":17,"type":"mine","angle":315},{"time":18,"type":"mine","angle":45},{"time":19,"angle":225,"type":"mineHold","duration":0,"angle2":247.5},{"time":19.333333969116,"angle":225,"type":"mineHold","duration":0,"angle2":270},{"time":19.666666030884,"angle":225,"type":"mineHold","duration":0,"angle2":292.5},{"time":27,"type":"mine","angle":45},{"time":28,"type":"mine","angle":67.5},{"time":224,"angle":180,"type":"mineHold","duration":4,"angle2":180},{"time":207.66667175293,"type":"block","angle":360},{"time":207.66667175293,"type":"block","angle":22.5},{"time":19,"type":"extraTap","angle":135},{"time":19.333333969116,"type":"extraTap","angle":135},{"time":19.666666030884,"type":"extraTap","angle":135},{"time":27,"type":"extraTap","angle":360},{"time":27.333333969116,"type":"extraTap","angle":0},{"time":27.666666030884,"type":"extraTap","angle":0},{"time":24,"type":"mine","angle":112.5},{"time":48,"type":"block","angle":337.5},{"time":48.333332061768,"type":"block","angle":315},{"time":48.666667938232,"type":"block","angle":292.5},{"time":49,"type":"block","angle":247.5},{"time":49.333332061768,"type":"block","angle":225},{"time":49.666667938232,"type":"block","angle":202.5},{"time":50,"type":"block","angle":157.5},{"time":50.333332061768,"type":"block","angle":180},{"time":50.666667938232,"type":"block","angle":180},{"time":51,"type":"block","angle":225},{"time":51,"type":"block","angle":202.5},{"time":51.333332061768,"type":"block","angle":247.5},{"time":51.333332061768,"type":"block","angle":225},{"time":51.666667938232,"type":"block","angle":225},{"time":51.666667938232,"type":"block","angle":202.5},{"time":52,"type":"block","angle":180},{"time":52.333332061768,"type":"block","angle":157.5},{"time":52.666667938232,"type":"block","angle":135},{"time":53,"type":"block","angle":157.5},{"time":53.333332061768,"type":"block","angle":180},{"time":53.666667938232,"type":"block","angle":202.5},{"time":54,"type":"block","angle":247.5},{"time":79,"type":"extraTap","angle":247.5},{"time":79.333335876465,"type":"extraTap","angle":247.5},{"time":79.666664123535,"type":"extraTap","angle":247.5},{"time":130.66667175293,"type":"block","angle":292.5},{"time":131,"type":"block","angle":270},{"time":131.33332824707,"type":"block","angle":247.5},{"time":131.66667175293,"type":"block","angle":225},{"time":134.66667175293,"type":"block","angle":270},{"time":135.33332824707,"type":"block","angle":247.5},{"time":135,"type":"block","angle":225},{"time":135.66667175293,"type":"block","angle":202.5},{"time":160.33334350586,"type":"block","angle":382.5},{"time":160.66667175293,"type":"block","angle":405},{"time":161,"type":"block","angle":427.5},{"time":161.33334350586,"type":"block","angle":450},{"time":161.66667175293,"type":"block","angle":472.5},{"time":162,"type":"block","angle":495},{"time":162.33334350586,"type":"block","angle":517.5},{"time":162.66667175293,"type":"block","angle":180},{"time":163,"type":"block","angle":202.5},{"time":163.33334350586,"type":"block","angle":180},{"time":163.66667175293,"type":"block","angle":202.5},{"time":164,"type":"block","angle":180},{"time":164.33334350586,"type":"block","angle":202.5},{"time":164.66667175293,"type":"block","angle":225},{"time":165,"type":"block","angle":247.5},{"time":165.33334350586,"type":"block","angle":270},{"time":165.66667175293,"type":"block","angle":292.5},{"time":168,"type":"block","angle":292.5},{"time":168,"type":"block","angle":315},{"time":168.33332824707,"type":"block","angle":337.5},{"time":168.66667175293,"type":"block","angle":360},{"time":169,"type":"block","angle":22.5},{"time":169.33332824707,"type":"block","angle":45},{"time":169.66667175293,"type":"block","angle":67.5},{"time":170,"type":"block","angle":90},{"time":170.33332824707,"type":"block","angle":112.5},{"time":170.66667175293,"type":"block","angle":135},{"time":171,"type":"block","angle":157.5},{"time":171.33332824707,"type":"block","angle":135},{"time":171.66667175293,"type":"block","angle":180},{"time":172,"type":"block","angle":202.5},{"time":172.33332824707,"type":"block","angle":202.5},{"time":172.66667175293,"type":"block","angle":157.5},{"time":173,"type":"block","angle":157.5},{"time":173.33332824707,"type":"block","angle":225},{"time":174,"type":"block","angle":270},{"time":173.66667175293,"type":"block","angle":225},{"time":174.33332824707,"type":"block","angle":247.5},{"time":166,"type":"block","angle":315},{"time":166.33334350586,"type":"block","angle":337.5},{"time":167,"type":"block","angle":270},{"time":167.33332824707,"type":"block","angle":315},{"time":167.66667175293,"type":"block","angle":247.5}]