[{"angle":292.5,"time":9,"type":"block","tap":true},{"duration":0.5,"angle":0,"angle2":-22.5,"time":9.5,"type":"hold","segments":1},{"duration":0.5,"angle":0,"angle2":22.5,"time":9.5,"type":"hold","segments":1},{"angle":360,"time":10,"type":"block","tap":true},{"time":8,"type":"block","angle":285},{"duration":0.5,"angle":292.5,"angle2":270,"time":8.5,"type":"hold","segments":1},{"duration":0.5,"angle":292.5,"angle2":315,"time":8.5,"type":"hold","segments":1},{"duration":0.5,"angle":67.5,"angle2":45,"time":10.5,"type":"hold","segments":1},{"duration":0.5,"angle":67.5,"angle2":90,"time":10.5,"type":"hold","segments":1},{"angle":67.5,"time":11,"type":"block","tap":true},{"duration":0.5,"angle":135,"angle2":112.5,"time":11.5,"type":"hold","segments":1},{"duration":0.5,"angle":135,"angle2":157.5,"time":11.5,"type":"hold","segments":1},{"angle":135,"time":12,"type":"block","tap":true},{"duration":0.5,"endTap":true,"angle":180,"time":12.5,"angle2":225,"type":"hold","segments":1},{"duration":0.5,"endTap":true,"angle":225,"time":13.5,"angle2":157.5,"type":"hold","segments":1},{"duration":0,"angle":247.5,"angle2":270,"type":"hold","time":16},{"duration":0,"angle":247.5,"angle2":270,"type":"hold","time":15},{"angle":258.75,"time":15.5,"type":"block","tap":true},{"duration":0.5,"angle":202.5,"angle2":247.5,"time":14.5,"type":"hold","segments":1},{"time":16.5,"type":"block","angle":292.5},{"time":16.5,"type":"block","angle":315},{"time":17,"type":"block","angle":292.5},{"angle":315,"time":17,"type":"block","tap":true},{"time":17.5,"type":"block","angle":0},{"time":17.5,"type":"block","angle":22.5},{"angle":360,"time":18,"type":"block","tap":true},{"time":18,"type":"block","angle":22.5},{"duration":0.5,"angle":67.5,"angle2":90,"type":"hold","time":18.5},{"duration":0.5,"endTap":true,"angle":90,"time":18.5,"type":"hold","angle2":112.5},{"time":19.5,"type":"block","angle":135},{"time":19.5,"type":"block","angle":157.5},{"angle":157.5,"time":20,"type":"inverse","tap":true},{"angle":135,"time":20,"type":"inverse","tap":true},{"time":21,"type":"block","angle":180},{"time":21.25,"type":"block","angle":202.5},{"time":21.5,"type":"block","angle":225},{"duration":0,"angle":292.5,"angle2":315,"type":"hold","time":22.5},{"duration":0,"angle":337.5,"angle2":360,"type":"hold","time":23.25},{"duration":0.75,"angle":45,"angle2":67.5,"time":24.5,"type":"hold","segments":1},{"duration":0.5,"endTap":true,"angle":90,"time":24.75,"angle2":67.5,"type":"hold","segments":1},{"time":25.75,"type":"block","angle":90},{"time":26,"type":"block","angle":112.5},{"time":29,"type":"block","angle":225},{"duration":0.5,"angle":247.5,"angle2":270,"type":"hold","time":29.5},{"time":27,"type":"block","angle":180},{"time":28,"type":"block","angle":112.5},{"duration":0.5,"angle":292.5,"holdEase":"inExpo","time":30.5,"type":"hold","angle2":337.5},{"duration":0.5,"startTap":true,"endTap":true,"angle":337.5,"holdEase":"inBack","angle2":382.5,"type":"hold","time":31},{"duration":0.5,"endTap":true,"angle":22.5,"holdEase":"inBack","time":31.5,"type":"hold","angle2":67.5},{"time":32.5,"type":"block","angle":90},{"angle":135,"time":32.75,"type":"block","tap":true},{"time":33.5,"type":"block","angle":157.5},{"time":34,"type":"block","angle":135},{"time":34.25,"type":"block","angle":180},{"duration":2,"endTap":true,"angle":202.5,"time":35,"type":"hold","angle2":382.5},{"time":37.5,"type":"block","angle":45},{"time":38,"type":"block","angle":67.5},{"duration":1.5,"angle":112.5,"holdEase":"inQuad","time":38.5,"type":"hold","angle2":180},{"duration":1,"angle":135,"holdEase":"inQuad","time":39,"type":"hold","angle2":180},{"duration":0.5,"endTap":true,"angle":157.5,"spinEase":"outQuad","time":39.5,"type":"hold","angle2":180},{"time":29,"type":"extraTap","angle":225},{"time":40.5,"type":"extraTap","angle":270},{"duration":0,"angle":382.5,"angle2":337.5,"type":"hold","time":40.75},{"time":41.5,"type":"block","angle":0},{"time":42,"type":"block","angle":22.5},{"time":42.25,"type":"block","angle":45},{"angle":45,"time":42.25,"type":"block","tap":true},{"duration":1,"angle":90,"angle2":45,"type":"hold","time":42.25},{"duration":1,"angle":45,"angle2":-67.5,"type":"hold","time":43.25},{"time":44.5,"type":"extraTap","angle":292.5},{"time":45,"type":"block","angle":292.5},{"time":45.5,"type":"block","angle":270},{"time":46,"type":"block","angle":247.5},{"time":46.5,"type":"inverse","angle":225},{"time":47,"type":"inverse","angle":202.5},{"time":47.5,"type":"inverse","angle":180},{"angle":157.5,"time":48,"type":"block","tap":true},{"angle":135,"time":48.5,"type":"block","speedMult":2},{"angle":112.5,"time":48.75,"type":"block","speedMult":2},{"angle":67.5,"time":49.5,"type":"block","speedMult":2},{"angle":45,"time":50,"type":"block","speedMult":2},{"angle":22.5,"type":"block","time":50.25,"tap":true,"speedMult":2},{"duration":1.25,"angle":337.5,"angle2":225,"time":50.75,"type":"hold","speedMult":2},{"time":52.5,"type":"mine","angle":202.5},{"time":52.75,"type":"mine","angle":180},{"time":53,"type":"mine","angle":157.5},{"time":53.25,"type":"mine","angle":135},{"time":53.5,"type":"mine","angle":112.5},{"angle":45,"time":53.5,"type":"block","tap":true},{"duration":0.5,"angle":112.5,"angle2":67.5,"time":52.5,"type":"hold","segments":1},{"angle":0,"time":54,"type":"inverse","speedMult":3},{"angle":337.5,"time":54.5,"type":"inverse","speedMult":3},{"angle":315,"time":55,"type":"inverse","speedMult":3},{"time":54,"type":"block","angle":360},{"time":54.5,"type":"block","angle":337.5},{"time":55,"type":"block","angle":315},{"duration":0.5,"endTap":true,"angle":292.5,"time":55.5,"type":"hold","angle2":337.5},{"time":56.5,"type":"block","angle":22.5},{"time":56.75,"type":"block","angle":67.5},{"time":57.5,"type":"block","angle":22.5},{"time":58,"type":"block","angle":67.5},{"angle":22.5,"time":58.25,"type":"block","tap":true},{"duration":1,"angle":90,"angle2":180,"type":"hold","time":59},{"time":59.5,"type":"inverse","angle":135},{"time":59.75,"type":"inverse","angle":157.5},{"duration":1,"angle":202.5,"angle2":202.5,"type":"mineHold","time":60},{"duration":1,"angle":225,"angle2":225,"type":"mineHold","time":60},{"duration":1,"angle":247.5,"angle2":247.5,"type":"mineHold","time":60},{"duration":1,"angle":270,"angle2":270,"type":"mineHold","time":60},{"time":60.5,"type":"block","angle":135},{"angle":90,"time":61,"type":"block","tap":true},{"duration":2,"angle":517.5,"angle2":405,"type":"hold","time":61.5},{"duration":0.5,"angle":90,"angle2":67.5,"type":"hold","time":62},{"duration":0.5,"endTap":false,"angle":67.5,"time":62.5,"type":"hold","angle2":45},{"angle":22.5,"time":64,"type":"block","tap":true},{"time":64.5,"type":"extraTap","angle":360},{"time":64.75,"type":"extraTap","angle":45},{"time":65.5,"type":"mine","angle":67.5},{"time":65.75,"type":"mine","angle":90},{"time":66,"type":"mine","angle":112.5},{"duration":2,"angle":180,"angle2":180,"type":"hold","time":66},{"angle":180,"time":66.75,"type":"block","tap":true},{"time":65.5,"type":"block","angle":135},{"time":66.25,"type":"block","angle":157.5},{"time":69,"type":"block","angle":270},{"time":69.5,"type":"block","angle":315},{"time":70,"type":"block","angle":360},{"time":70.5,"type":"block","angle":45},{"time":71,"type":"block","angle":90},{"time":69.5,"type":"inverse","angle":315},{"time":70.5,"type":"inverse","angle":45},{"time":71.5,"type":"inverse","angle":135},{"duration":5,"angle":0,"angle2":0,"type":"mineHold","time":73},{"duration":5,"angle":22.5,"angle2":22.5,"type":"mineHold","time":74},{"duration":5,"angle":45,"angle2":45,"type":"mineHold","time":75},{"duration":5,"angle":67.5,"angle2":67.5,"type":"mineHold","time":76},{"duration":5,"angle":90,"angle2":90,"type":"mineHold","time":77},{"duration":5,"angle":112.5,"angle2":112.5,"type":"mineHold","time":78},{"duration":5,"angle":135,"angle2":135,"type":"mineHold","time":79},{"duration":5,"angle":157.5,"angle2":157.5,"type":"mineHold","time":80},{"duration":5,"angle":180,"angle2":180,"type":"mineHold","time":81},{"duration":5,"angle":202.5,"angle2":202.5,"type":"mineHold","time":82},{"duration":5,"angle":225,"angle2":225,"type":"mineHold","time":83},{"duration":5,"angle":247.5,"angle2":247.5,"type":"mineHold","time":84},{"duration":5,"angle":270,"angle2":270,"type":"mineHold","time":85},{"angle":202.5,"time":73.5,"type":"block","speedMult":0.5},{"angle":236.25,"time":75,"type":"block","speedMult":0.5},{"angle":247.5,"time":75.5,"type":"block","speedMult":0.5},{"angle":258.75,"type":"block","time":76,"tap":true,"speedMult":0.5},{"angle":281.25,"time":77,"type":"block","speedMult":0.5},{"angle":292.5,"time":77.5,"type":"block","speedMult":0.5},{"angle":303.75,"time":78,"type":"block","speedMult":0.5},{"angle":315,"time":78.5,"type":"block","speedMult":0.5},{"angle":326.25,"time":79,"type":"block","speedMult":0.5},{"angle":337.5,"time":79.5,"type":"block","speedMult":0.5},{"angle":348.75,"time":80,"type":"block","speedMult":0.5},{"angle":0,"time":80.5,"type":"block","speedMult":0.5},{"angle":22.5,"time":81.5,"type":"block","speedMult":0.5},{"angle":56.25,"time":83,"type":"block","speedMult":0.5},{"angle":67.5,"time":83.5,"type":"block","speedMult":0.5},{"angle":78.75,"time":84,"type":"block","speedMult":0.5},{"duration":0,"angle":157.5,"angle2":180,"type":"hold","time":72},{"duration":0.5,"endTap":true,"angle":45,"time":83.5,"type":"hold","angle2":67.5},{"angle":168.75,"time":72.5,"type":"block","speedMult":0.5},{"angle":174.375,"time":72.75,"type":"block","speedMult":0.5},{"angle":213.75,"time":74,"type":"block","speedMult":0.5},{"angle":219.375,"time":74.25,"type":"block","speedMult":0.5},{"angle":5.625,"time":80.75,"type":"block","speedMult":0.5},{"angle":39.375,"time":82.25,"type":"block","speedMult":0.5},{"angle":33.75,"time":82,"type":"block","speedMult":0.5},{"time":85,"type":"block","angle":67.5},{"angle":28.125,"time":85.5,"type":"block","tap":true},{"time":86,"type":"extraTap","angle":0},{"duration":0.5,"angle":331.875,"angle2":376.875,"type":"hold","time":86.5},{"time":87.5,"type":"block","angle":33.75},{"time":88,"type":"block","angle":50.625},{"time":78,"type":"extraTap","angle":292.5},{"time":79.5,"type":"extraTap","angle":326.25},{"duration":0.5,"endTap":true,"angle":45,"time":88.5,"type":"hold","angle2":0},{"duration":0.5,"endTap":true,"angle":337.5,"time":89.5,"type":"hold","angle2":382.5},{"time":90.5,"type":"block","angle":45},{"time":91,"type":"extraTap","angle":67.5},{"duration":0.5,"endTap":true,"angle":90,"time":91.5,"type":"hold","angle2":90},{"duration":0.5,"endTap":true,"angle":112.5,"time":92.5,"type":"hold","angle2":157.5},{"time":93.5,"type":"block","angle":225},{"time":93.5,"type":"block","angle":247.5},{"angle":202.5,"time":94,"type":"inverse","tap":true},{"angle":225,"time":94,"type":"inverse","tap":true},{"duration":0,"startTap":false,"endTap":false,"angle":67.5,"angle2":90,"type":"hold","time":95},{"duration":0,"angle":67.5,"angle2":45,"type":"hold","time":95.75},{"duration":0.5,"endTap":true,"angle":157.5,"time":94.5,"type":"hold","angle2":112.5},{"time":96.5,"type":"block","angle":22.5},{"time":97,"type":"extraTap","angle":22.5},{"time":97.5,"type":"block","angle":337.5},{"time":98,"type":"extraTap","angle":315},{"time":98.5,"type":"block","angle":270},{"time":99,"type":"extraTap","angle":247.5},{"time":100,"type":"extraTap","angle":247.5},{"time":99.5,"type":"block","angle":202.5},{"time":101.25,"type":"block","angle":180},{"time":101.5,"type":"block","angle":157.5},{"duration":0.75,"endTap":true,"angle":135,"time":101.75,"type":"hold","angle2":135},{"duration":0.75,"endTap":true,"angle":112.5,"time":101.75,"type":"hold","angle2":112.5},{"time":101,"type":"block","angle":202.5},{"duration":0.5,"angle":135,"angle2":180,"time":103.25,"type":"hold","segments":1},{"angle":202.5,"time":104,"type":"block","tap":true},{"time":104.5,"type":"block","angle":225},{"time":105,"type":"extraTap","angle":247.5},{"time":106,"type":"extraTap","angle":247.5},{"time":107,"type":"extraTap","angle":247.5},{"time":108,"type":"extraTap","angle":247.5},{"time":105.5,"type":"block","angle":270},{"time":106.5,"type":"block","angle":0},{"time":107.5,"type":"block","angle":67.5},{"duration":0.5,"endTap":true,"angle":90,"time":108,"type":"hold","angle2":112.5},{"duration":0.5,"endTap":true,"angle":112.5,"time":108,"type":"hold","angle2":135},{"duration":0.25,"angle":180,"angle2":180,"type":"hold","time":109},{"duration":0.5,"endTap":false,"angle":202.5,"time":109,"type":"hold","angle2":202.5},{"time":109.5,"type":"block","angle":225},{"time":110,"type":"inverse","angle":270},{"time":110.5,"type":"block","angle":292.5},{"duration":0,"angle":337.5,"angle2":360,"type":"hold","time":111},{"duration":0,"angle":0,"angle2":22.5,"type":"hold","time":111.75},{"duration":0.5,"angle":67.5,"angle2":45,"time":112.5,"type":"hold","segments":1},{"duration":0.5,"angle":67.5,"angle2":90,"time":112.5,"type":"hold","segments":1},{"angle":67.5,"time":113,"type":"block","tap":true},{"duration":0.5,"angle":112.5,"angle2":90,"time":113.5,"type":"hold","segments":1},{"duration":0.5,"angle":112.5,"angle2":135,"time":113.5,"type":"hold","segments":1},{"angle":112.5,"time":114,"type":"block","tap":true},{"duration":0.5,"angle":202.5,"angle2":180,"time":114.5,"type":"hold","segments":1},{"duration":0.5,"angle":202.5,"angle2":225,"time":114.5,"type":"hold","segments":1},{"duration":0.5,"angle":292.5,"angle2":315,"time":115.5,"type":"hold","segments":1},{"duration":0.5,"angle":292.5,"angle2":270,"time":115.5,"type":"hold","segments":1},{"angle":202.5,"time":115,"type":"block","tap":true},{"angle":292.5,"time":116,"type":"block","tap":true},{"duration":0.75,"angle":360,"angle2":427.5,"type":"hold","time":116.25},{"time":117,"type":"block","angle":90},{"time":117.25,"type":"block","angle":112.5},{"angle":135,"time":117.5,"type":"block","tap":true},{"duration":0.5,"endTap":true,"angle":202.5,"time":118,"type":"hold","angle2":225},{"duration":0.5,"angle":247.5,"angle2":292.5,"type":"hold","time":119},{"duration":0.75,"angle":315,"angle2":337.5,"type":"hold","time":120},{"duration":0.75,"angle":180,"angle2":22.5,"type":"hold","time":40}]