{"metadata":{"artistLink":"","description":"Sacrificing My First Born for Toyotathon\nFirst chart","artist":"Home / Randy Goffe","charter":"Loganboi2","difficulty":0,"bg":true,"songName":"Toyotathon","bgData":{"blueChannel":{"g":0,"b":255,"r":255},"image":"background2.png","redChannel":{"g":255,"b":0,"r":255}}},"events":[{"volume":1,"angle":90,"file":"Toyotathon Edit.ogg","time":0,"type":"play","bpm":103},{"time":120,"type":"showResults","angle":180},{"duration":2,"angle":225,"time":0,"b":255,"ease":"linear","g":0,"r":255,"type":"setColor","color":0},{"angle":180,"time":0,"type":"setBgColor","color":0},{"duration":150,"angle":247.5,"b":0,"r":255,"order":0,"ease":"linear","g":255,"color":0,"type":"setColor","time":1}],"properties":{"offset":8,"startBeat":0,"formatversion":12,"speed":70}}