{"events":[{"file":"audio.ogg","volume":1.5000001192093,"time":2,"offset":0.34999999403954,"angle":0,"bpm":152.42500305176,"type":"play"},{"paddle":0,"time":113,"newWidth":360,"ease":"outSine","duration":2.75,"angle":123.75,"type":"paddles"},{"paddle":0,"time":115.75,"newWidth":70,"ease":"inSine","duration":2.75,"angle":33.75,"type":"paddles"},{"paddle":0,"time":129,"newWidth":360,"ease":"outSine","duration":2.75,"angle":0,"type":"paddles"},{"paddle":0,"time":131.75,"newWidth":70,"ease":"inSine","duration":2.75,"angle":258.75,"type":"paddles"},{"paddle":0,"time":141.75,"newWidth":15,"ease":"inOutQuad","duration":1.5,"angle":78.75,"type":"paddles"},{"time":153,"repeats":11,"repeatDelay":8,"var":"scrollSpeed","type":"ease","value":2.5,"ease":"outSine","duration":2,"angle":270},{"time":168.25,"order":0,"value":0.5,"angle":105,"var":"scrollSpeed","type":"ease"},{"time":168.25,"order":1,"var":"scrollSpeed","type":"ease","value":1,"ease":"outSine","angle":120,"duration":0.75},{"time":168,"order":0,"value":4,"angle":105,"var":"scrollSpeed","type":"ease"},{"time":168,"order":1,"var":"scrollSpeed","type":"ease","value":3,"ease":"outSine","angle":120,"duration":0.25},{"time":176,"repeats":2,"order":1,"var":"scrollSpeed","type":"ease","angle":360,"value":1,"ease":"outSine","repeatDelay":8,"duration":1},{"time":176,"repeats":2,"order":0,"var":"scrollSpeed","type":"ease","value":0.5,"angle":382.5,"repeatDelay":8},{"time":183,"repeats":4,"order":1,"var":"scrollSpeed","type":"ease","angle":-315,"value":1,"ease":"outSine","repeatDelay":8,"duration":1},{"time":183,"repeats":4,"order":0,"var":"scrollSpeed","type":"ease","value":0.5,"angle":-337.5,"repeatDelay":8},{"time":184,"repeats":1,"order":1,"var":"scrollSpeed","type":"ease","angle":-315,"value":1,"ease":"outSine","repeatDelay":8,"duration":1},{"time":184,"repeats":1,"order":0,"var":"scrollSpeed","type":"ease","value":0.5,"angle":-337.5,"repeatDelay":8},{"time":185,"repeats":4,"repeatDelay":8,"var":"scrollSpeed","type":"ease","value":2.5,"ease":"outSine","duration":2,"angle":-315},{"time":200.25,"order":1,"var":"scrollSpeed","type":"ease","start":0.5,"value":1,"angle":-165,"duration":0.75,"ease":"outSine"},{"time":200,"order":1,"var":"scrollSpeed","type":"ease","start":4,"value":3,"angle":-165,"duration":0.25,"ease":"outSine"},{"time":208,"repeats":2,"order":1,"var":"scrollSpeed","type":"ease","angle":-405,"value":1,"ease":"outSine","repeatDelay":8,"duration":1},{"time":208,"repeats":2,"order":0,"var":"scrollSpeed","type":"ease","value":0.5,"angle":-427.5,"repeatDelay":8},{"color":1,"angle":22.5,"time":11,"type":"setBgColor"},{"r":0,"color":1,"time":11,"b":0,"angle":360,"g":0,"type":"setColor"},{"color":0,"chance":0.9990000128746,"angle":45,"time":11,"type":"noise"},{"r":50,"color":0,"time":13,"b":50,"angle":0,"g":50,"type":"setColor"},{"r":50,"color":1,"time":13.333333015442,"b":50,"angle":0,"g":50,"type":"setColor"},{"r":50,"color":2,"time":14,"b":50,"angle":0,"g":50,"type":"setColor"},{"time":14,"color":3,"angle":22.5,"enable":true,"type":"outline"},{"time":14,"angle":45,"enable":true,"type":"hom"},{"time":15,"angle":15,"enable":false,"type":"hom"},{"time":14,"value":1,"angle":67.5,"var":"scrollSpeed","type":"ease"},{"time":0,"value":5,"angle":0,"var":"scrollSpeed","type":"ease"},{"g":0,"time":17,"order":0,"type":"setColor","color":0,"b":0,"angle":270,"r":0},{"g":0,"time":17,"order":0,"type":"setColor","color":1,"b":0,"angle":292.5,"r":0},{"g":0,"time":17,"order":0,"type":"setColor","color":3,"b":0,"angle":315,"r":0},{"r":255,"time":17,"order":1,"type":"setColor","color":0,"g":255,"b":255,"ease":"inOutQuad","angle":0,"duration":8},{"time":81,"angle":337.5,"enable":true,"type":"hom"},{"color":3,"chance":0.69999998807907,"angle":315,"time":81,"type":"noise"},{"color":0,"chance":0.5,"angle":90,"time":137,"type":"noise"},{"r":44,"time":137,"type":"setColor","color":3,"ease":"inOutSine","b":44,"angle":112.5,"duration":8,"g":44},{"g":170,"time":151,"order":0,"type":"setColor","color":3,"b":0,"angle":135,"r":252},{"r":255,"time":151,"order":1,"type":"setColor","color":3,"g":255,"b":255,"ease":"outCubic","angle":120,"duration":1},{"g":0,"time":152,"order":0,"type":"setColor","color":3,"b":252,"angle":135,"r":255},{"r":255,"time":152,"order":1,"type":"setColor","color":3,"g":255,"b":255,"ease":"outQuad","angle":120,"duration":1},{"r":75,"time":153,"type":"setColor","color":3,"ease":"outSine","b":255,"angle":135,"duration":1,"g":202},{"time":151,"repeats":11,"repeatDelay":8,"var":"vfx.extraTapWidth","type":"ease","start":8,"value":2,"ease":"outSine","angle":247.5,"duration":0},{"spriteName":"none","time":13.333333015442,"angle":345,"type":"forcePlayerSprite"},{"r":255,"color":3,"time":81,"b":255,"angle":292.5,"g":255,"type":"setColor"},{"r":0,"time":81,"type":"setColor","color":0,"ease":"inOutSine","b":0,"angle":270,"duration":1,"g":0},{"time":11,"value":10,"angle":67.5,"var":"vfx.hglitch.strength","type":"ease"},{"time":11,"value":1,"angle":90,"var":"vfx.hglitch.resolution","type":"ease"},{"time":12.5,"value":0,"angle":67.5,"var":"vfx.hglitch.strength","type":"ease"},{"g":211,"time":159,"order":0,"type":"setColor","color":3,"b":147,"angle":15,"r":213},{"r":255,"time":159,"order":1,"type":"setColor","color":3,"g":255,"b":255,"ease":"outCubic","angle":0,"duration":1},{"g":78,"time":160,"order":0,"type":"setColor","color":3,"b":111,"angle":15,"r":255},{"r":255,"time":160,"order":1,"type":"setColor","color":3,"g":255,"b":255,"ease":"outQuad","angle":0,"duration":1},{"r":255,"time":161,"type":"setColor","color":3,"ease":"outSine","b":217,"angle":360,"duration":1,"g":135},{"g":204,"time":167,"order":0,"type":"setColor","color":3,"b":185,"angle":180,"r":203},{"r":255,"time":167,"order":1,"type":"setColor","color":3,"g":255,"b":255,"ease":"outCubic","angle":165,"duration":1},{"g":255,"time":168,"order":0,"type":"setColor","color":3,"b":60,"angle":180,"r":0},{"r":255,"time":168,"order":1,"type":"setColor","color":3,"g":255,"b":255,"ease":"outQuad","angle":165,"duration":1},{"r":1,"time":169,"type":"setColor","color":3,"ease":"outSine","b":222,"angle":525,"duration":1,"g":255},{"g":65,"time":175,"order":0,"type":"setColor","color":3,"b":34,"angle":15,"r":255},{"r":255,"time":175,"order":1,"type":"setColor","color":3,"g":255,"b":255,"ease":"outCubic","angle":0,"duration":1},{"g":254,"time":176,"order":0,"type":"setColor","color":3,"b":255,"angle":15,"r":156},{"r":255,"time":176,"order":1,"type":"setColor","color":3,"g":255,"b":255,"ease":"outQuad","angle":0,"duration":1},{"r":255,"time":177,"type":"setColor","color":3,"ease":"outSine","b":38,"angle":360,"duration":1,"g":89},{"g":244,"time":183,"order":0,"type":"setColor","color":3,"b":255,"angle":120,"r":126},{"r":255,"time":183,"order":1,"type":"setColor","color":3,"g":255,"b":255,"ease":"outCubic","angle":105,"duration":1},{"g":223,"time":184,"order":0,"type":"setColor","color":3,"b":185,"angle":120,"r":255},{"r":255,"time":184,"order":1,"type":"setColor","color":3,"g":255,"b":255,"ease":"outQuad","angle":105,"duration":1},{"r":89,"time":185,"type":"setColor","color":3,"ease":"outSine","b":255,"angle":465,"duration":1,"g":214},{"g":255,"time":191,"order":0,"type":"setColor","color":3,"b":207,"angle":300,"r":131},{"r":255,"time":191,"order":1,"type":"setColor","color":3,"g":255,"b":255,"ease":"outCubic","angle":285,"duration":1},{"g":161,"time":192,"order":0,"type":"setColor","color":3,"b":255,"angle":300,"r":50},{"r":255,"time":192,"order":1,"type":"setColor","color":3,"g":255,"b":255,"ease":"outQuad","angle":285,"duration":1},{"r":255,"time":193,"type":"setColor","color":3,"ease":"outSine","b":1,"angle":656.25,"duration":1,"g":216},{"g":255,"time":199,"order":0,"type":"setColor","color":3,"b":253,"angle":135,"r":240},{"r":255,"time":199,"order":1,"type":"setColor","color":3,"g":255,"b":255,"ease":"outCubic","angle":120,"duration":1},{"g":54,"time":200,"order":0,"type":"setColor","color":3,"b":44,"angle":135,"r":255},{"r":255,"time":200,"order":1,"type":"setColor","color":3,"g":255,"b":255,"ease":"outQuad","angle":120,"duration":1},{"r":120,"time":201,"type":"setColor","color":3,"ease":"outSine","b":255,"angle":480,"duration":1,"g":172},{"g":247,"time":207,"order":0,"type":"setColor","color":3,"b":184,"angle":135,"r":255},{"r":255,"time":207,"order":1,"type":"setColor","color":3,"g":255,"b":255,"ease":"outCubic","angle":120,"duration":1},{"g":132,"time":208,"order":0,"type":"setColor","color":3,"b":41,"angle":135,"r":255},{"r":255,"time":208,"order":1,"type":"setColor","color":3,"g":255,"b":255,"ease":"outQuad","angle":120,"duration":1},{"r":255,"time":209,"type":"setColor","color":3,"ease":"outSine","b":255,"angle":480,"duration":1,"g":144},{"color":1,"chance":0.5,"angle":90,"time":151,"type":"noise"},{"angle":135,"time":137,"ease":"inOutSine","value":0.5,"duration":5,"var":"scrollSpeed","type":"ease"},{"time":81,"value":180,"angle":360,"var":"vfx.homCanvPos.r","type":"ease"},{"time":151,"value":0,"angle":45,"var":"vfx.homCanvPos.r","type":"ease"},{"color":3,"chance":0.30000001192093,"angle":67.5,"time":143.5,"type":"noise"},{"time":161,"repeats":3,"repeatDelay":16,"var":"vfx.homCanvPos.r","type":"ease","value":-2,"ease":"outSine","duration":3,"angle":90},{"time":164,"repeats":3,"repeatDelay":16,"var":"vfx.homCanvPos.r","type":"ease","value":0,"ease":"inSine","duration":3,"angle":90},{"color":1,"chance":0.94999998807907,"angle":90,"time":14,"type":"noise"},{"color":0,"chance":0,"angle":90,"time":15,"type":"noise"},{"r":0,"time":15,"type":"setColor","color":1,"ease":"inCubic","b":0,"angle":45,"duration":2,"g":0},{"r":0,"time":15,"type":"setColor","color":2,"ease":"inCubic","b":0,"angle":60,"duration":2,"g":0},{"r":0,"time":15,"type":"setColor","color":0,"ease":"inCubic","b":0,"angle":75,"duration":2,"g":0},{"r":191.25,"time":149,"description":"","type":"bookmark","b":113.43750178814,"angle":180,"name":"2","g":113.43750178814},{"time":14,"value":5,"angle":112.5,"var":"vfx.hglitch.strength","type":"ease"},{"time":15,"value":0,"angle":112.5,"var":"vfx.hglitch.strength","type":"ease"},{"enable":false,"time":11,"angle":337.5,"var":"vfx.drawUI","type":"setBoolean"},{"enable":true,"time":151,"angle":67.5,"var":"vfx.drawUI","type":"setBoolean"},{"enable":false,"time":151,"angle":22.5,"var":"vfx.drawDifficulty","type":"setBoolean"},{"enable":false,"time":151,"angle":0,"var":"vfx.drawSongTitle","type":"setBoolean"},{"enable":false,"time":151,"angle":337.5,"var":"vfx.drawAccuracy","type":"setBoolean"},{"time":153,"repeats":3,"repeatDelay":16,"var":"vfx.homCanvPos.r","type":"ease","value":2,"angle":112.5,"duration":3,"ease":"outSine"},{"time":156,"repeats":3,"repeatDelay":16,"var":"vfx.homCanvPos.r","type":"ease","value":0,"angle":90,"duration":3,"ease":"inSine"},{"paddle":1,"time":158,"newWidth":35,"ease":"inOutQuad","angle":90,"duration":1,"type":"paddles"},{"angleOffset":false,"time":150,"angle":0,"tag":"paddleSize35-70","type":"tag"},{"angleOffset":false,"time":158,"angle":180,"tag":"paddleSize35-70","type":"tag"},{"angleOffset":false,"time":166,"angle":146.25,"tag":"paddleSize35-70","type":"tag"},{"angleOffset":false,"time":174,"angle":180,"tag":"paddleSize35-70","type":"tag"},{"angleOffset":false,"time":182,"angle":191.25,"tag":"paddleSize35-70","type":"tag"},{"angleOffset":false,"time":190,"angle":270,"tag":"paddleSize35-70","type":"tag"},{"angleOffset":false,"time":198,"angle":270,"tag":"paddleSize35-70","type":"tag"},{"angleOffset":false,"time":206,"angle":90,"tag":"paddleSize35-70","type":"tag"},{"time":159,"repeats":1,"repeatDelay":1,"var":"scrollSpeed","type":"ease","start":0.5,"value":1,"ease":"outSine","angle":112.5,"duration":1},{"time":151,"repeats":1,"repeatDelay":1,"var":"scrollSpeed","type":"ease","start":0.5,"value":1,"ease":"outSine","angle":270,"duration":1},{"time":167,"var":"scrollSpeed","type":"ease","start":0.5,"value":1,"ease":"outSine","duration":1,"angle":112.5},{"time":175,"repeats":1,"repeatDelay":1,"var":"scrollSpeed","type":"ease","start":0.5,"value":1,"ease":"outSine","angle":292.5,"duration":1},{"time":183,"repeats":1,"repeatDelay":1,"var":"scrollSpeed","type":"ease","start":0.5,"value":1,"ease":"outSine","angle":0,"duration":1},{"time":191,"repeats":1,"repeatDelay":1,"var":"scrollSpeed","type":"ease","start":0.5,"value":1,"ease":"outSine","angle":562.5,"duration":1},{"time":199,"var":"scrollSpeed","type":"ease","start":0.5,"value":1,"ease":"outSine","duration":1,"angle":247.5},{"time":207,"repeats":1,"repeatDelay":1,"var":"scrollSpeed","type":"ease","start":0.5,"value":1,"ease":"outSine","angle":75,"duration":1},{"ease":"inCubic","time":15,"angle":135,"value":3,"duration":2.5,"var":"vfx.canvPos.sx","type":"ease"},{"angle":157.5,"time":15,"ease":"inCubic","value":3,"duration":2.5,"var":"vfx.canvPos.sy","type":"ease"},{"time":17,"var":"vfx.canvPos.sx","type":"ease","start":0.69999998807907,"value":1,"angle":135,"duration":67.5,"ease":"inOutSine"},{"time":17,"var":"vfx.canvPos.sy","type":"ease","start":0.69999998807907,"value":1,"angle":157.5,"duration":67.5,"ease":"inOutSine"},{"time":17,"var":"vfx.canvPos.r","type":"ease","start":3,"value":0,"angle":180,"duration":67.5,"ease":"outSine"},{"time":17,"newAngle":3,"order":0,"type":"paddles","paddle":1,"ease":"linear","angle":202.5,"duration":0},{"time":17,"newAngle":0,"order":1,"type":"paddles","paddle":1,"angle":225,"ease":"outSine","duration":64},{"time":214,"var":"vfx.hglitch.strength","type":"ease","start":0,"value":30,"angle":150,"duration":0.5,"ease":"inSine"},{"time":214,"value":10,"angle":135,"var":"vfx.hglitch.resolution","type":"ease"},{"ease":"outSine","time":214.5,"angle":150,"value":0,"duration":0.5,"var":"vfx.hglitch.strength","type":"ease"},{"time":215,"repeats":1,"repeatDelay":1,"var":"scrollSpeed","type":"ease","start":0.5,"value":1,"ease":"outSine","angle":75,"duration":1},{"angleOffset":false,"time":214,"angle":90,"tag":"paddleSize35-70","type":"tag"},{"angleOffset":false,"time":222,"angle":270,"tag":"paddleSize35-70","type":"tag"},{"time":217,"repeats":3,"repeatDelay":16,"var":"vfx.homCanvPos.sx","type":"ease","value":0.89999997615814,"angle":45,"duration":3,"ease":"outSine"},{"time":220,"repeats":3,"repeatDelay":16,"var":"vfx.homCanvPos.sx","type":"ease","value":1,"ease":"inSine","duration":4,"angle":90},{"angleOffset":false,"time":230,"angle":270,"tag":"paddleSize35-70","type":"tag"},{"time":223,"repeats":1,"repeatDelay":1,"var":"vfx.homCanvPos.sy","type":"ease","start":0.5,"value":1,"ease":"outSine","angle":75,"duration":1},{"time":231,"var":"scrollSpeed","type":"ease","start":0.5,"value":1,"angle":67.5,"duration":1,"ease":"outSine"},{"time":232.25,"order":1,"var":"scrollSpeed","type":"ease","start":0.5,"value":1,"ease":"outSine","duration":0.75,"angle":202.5},{"time":232,"order":1,"var":"scrollSpeed","type":"ease","start":4,"value":3,"ease":"outSine","duration":0.25,"angle":202.5},{"time":239,"repeats":1,"repeatDelay":1,"var":"scrollSpeed","type":"ease","start":0.5,"value":1,"ease":"outSine","angle":67.5,"duration":1},{"angleOffset":false,"time":238,"angle":90,"tag":"paddleSize35-70","type":"tag"},{"paddle":1,"time":246,"newWidth":35,"ease":"inOutQuad","duration":1,"angle":90,"type":"paddles"},{"time":247,"var":"scrollSpeed","type":"ease","start":0.5,"value":1,"angle":270,"duration":1,"ease":"outSine"},{"time":248,"var":"scrollSpeed","type":"ease","start":0.5,"value":2,"angle":270,"duration":1,"ease":"outSine"},{"angle":0,"time":311,"type":"showResults"},{"time":255,"var":"scrollSpeed","type":"ease","start":0.5,"value":1,"angle":270,"duration":1,"ease":"outSine"},{"time":256,"var":"scrollSpeed","type":"ease","start":0.5,"value":2,"angle":270,"duration":1,"ease":"outSine"},{"time":263,"var":"scrollSpeed","type":"ease","start":0.5,"value":1,"angle":270,"duration":1,"ease":"outSine"},{"time":264,"var":"scrollSpeed","type":"ease","start":0.5,"value":2,"angle":270,"duration":1,"ease":"outSine"},{"time":0,"x":594,"y":358,"type":"deco","id":"diff","oy":14,"angle":45,"ox":70,"sprite":"deco/difficulty.png"},{"enable":false,"time":0,"angle":90,"var":"vfx.drawDifficulty","type":"setBoolean"},{"time":11,"hide":true,"angle":112.5,"id":"diff","type":"deco"},{"id":"diff","hide":false,"time":81,"angle":202.5,"outline":true,"type":"deco"},{"time":151,"hide":true,"angle":315,"id":"diff","type":"deco"},{"g":127,"time":215,"order":0,"type":"setColor","color":0,"b":127,"angle":112.5,"r":127},{"r":0,"time":215,"order":1,"type":"setColor","color":0,"g":0,"b":0,"angle":135,"ease":"outSine","duration":1},{"g":255,"time":216,"order":0,"type":"setColor","color":0,"b":255,"angle":112.5,"r":255},{"r":0,"time":216,"order":1,"type":"setColor","color":0,"g":0,"b":0,"angle":135,"ease":"outSine","duration":1},{"r":255,"time":217,"type":"setColor","color":0,"angle":135,"b":255,"ease":"outQuad","duration":1,"g":255},{"enable":false,"time":0,"angle":67.5,"var":"vfx.drawSongTitle","type":"setBoolean"},{"time":0,"x":5,"y":358,"type":"deco","id":"title","angle":22.5,"sprite":"deco/songtitle.png","oy":14},{"time":11,"hide":true,"angle":135,"id":"title","type":"deco"},{"time":91.333335876465,"hide":true,"angle":112.5,"id":"0.1","type":"deco"},{"time":91.333335876465,"x":5,"y":356,"type":"deco","id":"0.2","sprite":"deco/0/2.png","angle":135,"outline":true,"oy":14},{"time":99.333335876465,"hide":true,"angle":45,"id":"0.2","type":"deco"},{"time":99.333335876465,"x":5,"y":356,"type":"deco","id":"0.3","oy":14,"angle":22.5,"outline":true,"sprite":"deco/0/3.png"},{"time":107.5,"hide":true,"angle":360,"id":"0.3","type":"deco"},{"time":107.5,"x":5,"y":356,"type":"deco","id":"0.4","oy":14,"angle":22.5,"outline":true,"sprite":"deco/0/4.png"},{"time":115.5,"x":5,"y":356,"type":"deco","id":"0.5","oy":14,"angle":112.5,"outline":true,"sprite":"deco/0/5.png"},{"id":"0.4","hide":true,"angle":90,"time":115.5,"type":"deco"},{"time":123.5,"hide":true,"angle":135,"id":"0.5","type":"deco"},{"time":123.5,"x":5,"y":356,"type":"deco","id":"0.6","oy":14,"angle":112.5,"outline":true,"sprite":"deco/0/6.png"},{"id":"0.6","hide":true,"angle":135,"time":134.5,"type":"deco"},{"time":134.5,"x":5,"y":356,"type":"deco","id":"0.7","oy":14,"angle":157.5,"outline":true,"sprite":"deco/0/7.png"},{"id":"0.7","hide":true,"angle":157.5,"time":137,"type":"deco"},{"repeats":14,"time":153,"repeatDelay":8,"value":1,"angle":90,"var":"vfx.glitchUIElements","type":"ease"},{"time":158.5,"value":0,"angle":0,"var":"vfx.glitchUIElements","type":"ease"},{"time":166.5,"value":0,"angle":202.5,"var":"vfx.glitchUIElements","type":"ease"},{"time":174.25,"value":0,"angle":225,"var":"vfx.glitchUIElements","type":"ease"},{"time":181.75,"value":0,"angle":225,"var":"vfx.glitchUIElements","type":"ease"},{"time":190.5,"value":0,"angle":45,"var":"vfx.glitchUIElements","type":"ease"},{"time":198.5,"value":0,"angle":67.5,"var":"vfx.glitchUIElements","type":"ease"},{"time":206.25,"value":0,"angle":0,"var":"vfx.glitchUIElements","type":"ease"},{"time":213.75,"value":0,"angle":157.5,"var":"vfx.glitchUIElements","type":"ease"},{"repeats":6,"time":222.5,"repeatDelay":8,"value":0,"angle":337.5,"var":"vfx.glitchUIElements","type":"ease"},{"angle":112.5,"time":270,"ease":"inOutSine","value":1,"duration":4,"var":"scrollSpeed","type":"ease"},{"angle":112.5,"time":273,"ease":"inCubic","value":260,"duration":6,"var":"vfx.canvPos.x","type":"ease"},{"duration":6,"time":273,"angle":135,"value":140,"ease":"inCubic","var":"vfx.canvPos.y","type":"ease"},{"ease":"inCubic","time":273,"duration":6,"value":10,"angle":157.5,"var":"vfx.canvPos.r","type":"ease"},{"ease":"inCubic","time":273,"duration":6,"value":2,"angle":180,"var":"vfx.canvPos.sx","type":"ease"},{"angle":202.5,"time":273,"ease":"inCubic","value":2,"duration":6,"var":"vfx.canvPos.sy","type":"ease"},{"paddle":1,"time":273,"newAngle":10,"ease":"inCubic","duration":6,"angle":225,"type":"paddles"},{"r":0,"color":0,"time":279,"b":0,"angle":135,"g":0,"type":"setColor"},{"r":0,"color":1,"time":279,"b":0,"angle":157.5,"g":0,"type":"setColor"},{"r":0,"color":2,"time":279,"b":0,"angle":180,"g":0,"type":"setColor"},{"r":0,"color":3,"time":279,"b":0,"angle":202.5,"g":0,"type":"setColor"},{"enable":false,"time":279,"angle":225,"var":"vfx.drawUI","type":"setBoolean"},{"g":113,"time":215,"order":0,"type":"setColor","color":3,"b":63,"angle":202.5,"r":255},{"r":255,"time":215,"order":1,"type":"setColor","color":3,"g":255,"b":255,"ease":"outCubic","angle":180,"duration":1},{"g":227,"time":216,"order":0,"type":"setColor","color":3,"b":255,"angle":202.5,"r":74},{"r":255,"time":216,"order":1,"type":"setColor","color":3,"g":255,"b":255,"ease":"outQuad","angle":180,"duration":1},{"r":255,"time":217,"type":"setColor","color":3,"ease":"outSine","b":79,"angle":202.5,"duration":1,"g":178},{"g":178,"time":223,"order":0,"type":"setColor","color":3,"b":79,"angle":225,"r":255},{"r":0,"time":223,"order":1,"type":"setColor","color":3,"g":0,"b":0,"ease":"outCubic","angle":202.5,"duration":1},{"g":255,"time":224,"order":0,"type":"setColor","color":3,"b":249,"angle":225,"r":251},{"r":0,"time":224,"order":1,"type":"setColor","color":3,"g":0,"b":0,"ease":"outQuad","angle":202.5,"duration":1},{"r":255,"time":225,"type":"setColor","color":3,"ease":"outSine","b":34,"angle":225,"duration":1,"g":65},{"g":236,"time":231,"order":0,"type":"setColor","color":3,"b":96,"angle":45,"r":255},{"r":0,"time":231,"order":1,"type":"setColor","color":3,"g":0,"b":0,"ease":"outCubic","angle":22.5,"duration":1},{"g":175,"time":232,"order":0,"type":"setColor","color":3,"b":255,"angle":45,"r":117},{"r":0,"time":232,"order":1,"type":"setColor","color":3,"g":0,"b":0,"ease":"outQuad","angle":22.5,"duration":1},{"r":0,"time":233,"type":"setColor","color":3,"ease":"outSine","b":120,"angle":45,"duration":1,"g":255},{"g":231,"time":239,"order":0,"type":"setColor","color":3,"b":255,"angle":157.5,"r":118},{"r":0,"time":239,"order":1,"type":"setColor","color":3,"g":0,"b":0,"ease":"outCubic","angle":135,"duration":1},{"g":193,"time":240,"order":0,"type":"setColor","color":3,"b":7,"angle":157.5,"r":81},{"r":0,"time":240,"order":1,"type":"setColor","color":3,"g":0,"b":0,"ease":"outQuad","angle":135,"duration":1},{"r":0,"time":241,"type":"setColor","color":3,"ease":"outSine","b":193,"angle":157.5,"duration":1,"g":145},{"g":233,"time":247,"order":0,"type":"setColor","color":3,"b":80,"angle":202.5,"r":149},{"r":0,"time":247,"order":1,"type":"setColor","color":3,"g":0,"b":0,"ease":"outCubic","angle":180,"duration":1},{"g":222,"time":248,"order":0,"type":"setColor","color":3,"b":38,"angle":202.5,"r":255},{"r":0,"time":248,"order":1,"type":"setColor","color":3,"g":0,"b":0,"ease":"outQuad","angle":180,"duration":1},{"r":184,"time":249,"type":"setColor","color":3,"ease":"outSine","b":0,"angle":202.5,"duration":1,"g":165},{"time":225,"repeats":3,"repeatDelay":16,"var":"vfx.homCanvPos.sy","type":"ease","value":0.89999997615814,"ease":"outSine","duration":3,"angle":22.5},{"time":228,"repeats":3,"repeatDelay":16,"var":"vfx.homCanvPos.sy","type":"ease","value":1,"angle":90,"duration":4,"ease":"inSine"},{"r":255,"color":0,"time":281,"b":255,"angle":135,"g":255,"type":"setColor"},{"r":255,"color":3,"time":281,"b":255,"angle":112.5,"g":255,"type":"setColor"},{"time":281,"value":0,"angle":67.5,"var":"vfx.canvPos.r","type":"ease"},{"time":281,"value":1,"angle":45,"var":"vfx.canvPos.sx","type":"ease"},{"time":281,"value":1,"angle":22.5,"var":"vfx.canvPos.sy","type":"ease"},{"time":281,"value":300,"angle":360,"var":"vfx.canvPos.x","type":"ease"},{"time":281,"value":180,"angle":337.5,"var":"vfx.canvPos.y","type":"ease"},{"paddle":1,"time":281,"newAngle":0,"ease":"linear","duration":0,"angle":315,"type":"paddles"},{"time":280,"angle":135,"enable":false,"type":"hom"},{"time":84.75,"x":5,"y":356,"type":"deco","id":"0.1","oy":14,"angle":90,"outline":true,"sprite":"deco/0/1.png"},{"time":84.75,"hide":true,"angle":67.5,"id":"0.0","type":"deco"},{"time":151,"drawLayer":"fg","y":356,"type":"deco","id":"1.0","oy":14,"outline":true,"angle":202.5,"ox":103,"sprite":"deco/1/0.png"},{"time":81,"x":5,"y":356,"type":"deco","id":"0.0","oy":14,"angle":225,"outline":true,"sprite":"deco/0/0.png"},{"time":154.83332824707,"x":300,"y":356,"type":"deco","id":"1.1","oy":14,"ox":115,"angle":202.5,"outline":true,"sprite":"deco/1/1.png"},{"time":154.83332824707,"hide":true,"angle":225,"id":"1.0","type":"deco"},{"time":159,"x":300,"y":356,"type":"deco","id":"1.2","sprite":"deco/1/2.png","ox":111,"angle":180,"outline":true,"oy":14},{"id":"1.1","hide":true,"angle":202.5,"time":159,"type":"deco"},{"time":163.25,"y":356,"type":"deco","id":"1.3","sprite":"deco/1/3.png","ox":120,"angle":45,"outline":true,"oy":14},{"time":163.25,"hide":true,"angle":67.5,"id":"1.2","type":"deco"},{"time":167,"y":356,"type":"deco","id":"1.4","oy":14,"outline":true,"angle":360,"ox":102,"sprite":"deco/1/4.png"},{"time":167,"hide":true,"angle":337.5,"id":"1.3","type":"deco"},{"time":171.25,"hide":true,"angle":180,"id":"1.4","type":"deco"},{"time":171.25,"y":356,"type":"deco","id":"1.5","oy":14,"outline":true,"angle":157.5,"ox":90,"sprite":"deco/1/5.png"},{"time":175,"hide":true,"angle":180,"id":"1.5","type":"deco"},{"time":175,"y":356,"type":"deco","id":"1.6","oy":14,"ox":75,"angle":157.5,"outline":true,"sprite":"deco/1/6.png"},{"id":"1.6","hide":true,"angle":202.5,"time":178.75,"type":"deco"},{"time":178.75,"y":356,"type":"deco","id":"1.7","sprite":"deco/1/7.png","outline":true,"angle":180,"ox":123,"oy":14},{"id":"1.7","hide":true,"angle":247.5,"time":183,"type":"deco"},{"time":183,"y":356,"type":"deco","id":"1.8","oy":14,"outline":true,"angle":225,"ox":65,"sprite":"deco/1/8.png"},{"id":"1.8","hide":true,"angle":180,"time":185.83332824707,"type":"deco"},{"time":185.83332824707,"y":356,"type":"deco","id":"1.9","sprite":"deco/1/9.png","outline":true,"angle":157.5,"ox":81,"oy":14},{"id":"1.9","hide":true,"angle":247.5,"time":189.5,"type":"deco"},{"time":189.5,"y":356,"type":"deco","id":"1.10","sprite":"deco/1/10.png","outline":true,"angle":225,"ox":74,"oy":14},{"id":"1.10","hide":true,"angle":337.5,"time":193.33332824707,"type":"deco"},{"time":193.33332824707,"y":356,"type":"deco","id":"1.11","sprite":"deco/1/11.png","outline":true,"angle":315,"ox":69,"oy":14},{"id":"1.11","hide":true,"angle":247.5,"time":197.5,"type":"deco"},{"time":197.5,"y":356,"type":"deco","id":"1.12","sprite":"deco/1/12.png","ox":102,"angle":225,"outline":true,"oy":14},{"time":202,"y":356,"type":"deco","id":"1.13","sprite":"deco/1/13.png","outline":true,"angle":180,"ox":88,"oy":14},{"id":"1.12","hide":true,"angle":202.5,"time":202,"type":"deco"},{"time":205.33332824707,"y":356,"type":"deco","id":"1.14","sprite":"deco/1/14.png","outline":true,"angle":90,"ox":76,"oy":14},{"id":"1.13","hide":true,"angle":67.5,"time":205.33332824707,"type":"deco"},{"time":209.33332824707,"hide":true,"angle":337.5,"id":"1.14","type":"deco"},{"time":209.33332824707,"y":356,"type":"deco","id":"1.15","sprite":"deco/1/15.png","ox":110,"angle":315,"outline":true,"oy":14},{"time":215,"hide":true,"angle":247.5,"id":"1.15","type":"deco"},{"time":213.5,"sx":1,"sy":1,"type":"deco","id":"2.0","oy":7,"recolor":3,"angle":180,"ox":81,"sprite":"deco/2/0.png"},{"time":217,"sx":1,"order":0,"type":"deco","sprite":"deco/2/1.png","id":"2.1","outline":true,"y":356,"angle":225,"ox":77,"oy":14},{"id":"2.0","hide":true,"angle":247.5,"time":217,"type":"deco"},{"time":215,"sx":1.5,"sy":1.5,"type":"deco","id":"2.0","angle":225,"recolor":-1,"ease":"outQuart","outline":true,"duration":1},{"time":216,"sx":2,"sy":2,"type":"deco","id":"2.0","duration":1,"recolor":3,"angle":225,"outline":false,"ease":"outQuart"},{"time":219.5,"hide":true,"angle":0,"id":"2.1","type":"deco"},{"time":219.5,"y":356,"order":0,"type":"deco","id":"2.2","sprite":"deco/2/2.png","ox":95,"angle":337.5,"outline":true,"oy":14},{"id":"2.2","hide":true,"angle":360,"time":223,"type":"deco"},{"time":223,"x":300,"y":180,"sy":1,"oy":7,"type":"deco","outline":true,"order":0,"id":"2.3","sx":1,"recolor":0,"angle":337.5,"ox":34,"sprite":"deco/2/3.png"},{"time":223,"sx":1.5,"order":1,"type":"deco","id":"2.3","ease":"outQuart","duration":1,"sy":1.5,"angle":315},{"time":224,"sx":2,"sy":2,"type":"deco","id":"2.3","angle":337.5,"ease":"outQuart","duration":1},{"id":"2.3","hide":true,"angle":67.5,"time":225,"type":"deco"},{"time":225,"y":356,"type":"deco","id":"2.4","oy":14,"outline":true,"angle":45,"ox":67,"sprite":"deco/2/4.png"},{"time":227.5,"hide":true,"angle":315,"id":"2.4","type":"deco"},{"time":227.5,"y":356,"type":"deco","id":"2.5","sprite":"deco/2/5.png","outline":true,"angle":337.5,"ox":88,"oy":14},{"time":231,"hide":true,"angle":360,"id":"2.5","type":"deco"},{"time":231,"sx":1,"sy":1,"type":"deco","sprite":"deco/2/6.png","ox":39,"id":"2.6","order":0,"recolor":0,"angle":337.5,"outline":true,"oy":7},{"time":231,"sx":1.5,"sy":1.5,"type":"deco","id":"2.6","angle":315,"ease":"outQuart","order":1,"duration":1},{"time":232,"sx":2,"sy":2,"type":"deco","id":"2.6","ease":"outQuart","duration":1,"angle":315},{"id":"2.6","hide":true,"angle":270,"time":233,"type":"deco"},{"time":232,"y":356,"type":"deco","sprite":"deco/2/7.png","id":"2.7","ox":79,"recolor":0,"angle":292.5,"outline":true,"oy":14},{"time":233,"id":"2.7","duration":1,"recolor":-1,"angle":292.5,"ease":"outSine","type":"deco"},{"id":"2.7","hide":true,"angle":90,"time":235.5,"type":"deco"},{"time":235.5,"y":356,"type":"deco","id":"2.8","oy":14,"outline":true,"angle":112.5,"ox":91,"sprite":"deco/2/8.png"},{"time":239,"hide":true,"angle":360,"id":"2.8","type":"deco"},{"time":239,"sx":1,"sy":1,"type":"deco","oy":7,"ox":17,"id":"2.9","order":0,"recolor":0,"angle":22.5,"outline":true,"sprite":"deco/2/9.png"},{"time":239,"sx":1.5,"order":1,"type":"deco","id":"2.9","angle":45,"duration":1,"sy":1.5,"ease":"outQuart"},{"time":240,"sx":2,"sy":2,"type":"deco","id":"2.9","duration":1,"angle":45,"ease":"outQuart"},{"time":241,"hide":true,"angle":292.5,"id":"2.9","type":"deco"},{"time":241,"y":356,"type":"deco","id":"2.10","sprite":"deco/2/10.png","ox":100,"angle":315,"outline":true,"oy":14},{"id":"2.10","hide":true,"angle":112.5,"time":244.5,"type":"deco"},{"time":281,"drawLayer":"bg","y":140,"type":"deco","id":"s1","sprite":"deco/sorry1.png","recolor":7,"angle":90,"ox":135,"oy":0},{"id":"s1","hide":true,"angle":90,"time":286.5,"type":"deco"},{"time":289,"drawLayer":"bg","y":140,"type":"deco","id":"s2","recolor":7,"angle":90,"ox":91,"sprite":"deco/sorry2.png"},{"time":297,"drawLayer":"bg","y":140,"type":"deco","id":"s3","recolor":7,"angle":90,"ox":103,"sprite":"deco/sorry3.png"},{"id":"s2","hide":true,"angle":90,"time":294.5,"type":"deco"},{"type":"deco","id":"s4","time":305,"recolor":7,"angle":90,"ox":88,"sprite":"deco/sorry4.png"},{"id":"s3","hide":true,"angle":90,"time":302.5,"type":"deco"},{"id":"s4","hide":true,"angle":90,"time":309.5,"type":"deco"},{"g":0,"color":0,"r":0,"b":0,"angle":112.5,"time":305,"type":"setColor"},{"g":255,"color":7,"r":255,"b":255,"angle":157.5,"time":281,"type":"setColor"},{"g":0,"color":3,"r":0,"b":0,"angle":135,"time":305,"type":"setColor"},{"time":244.5,"y":356,"type":"deco","id":"2.11","sprite":"deco/2/11.png","outline":true,"angle":135,"ox":59,"oy":14},{"id":"2.11","hide":true,"angle":360,"time":247,"type":"deco"},{"time":247,"sx":1,"sy":1,"type":"deco","oy":7,"ox":28,"id":"2.12","order":0,"recolor":0,"angle":22.5,"outline":true,"sprite":"deco/2/12.png"},{"time":247,"sx":1.5,"sy":1.5,"type":"deco","id":"2.12","angle":45,"ease":"outQuart","order":1,"duration":1},{"time":248,"sx":2,"sy":2,"type":"deco","id":"2.12","duration":1,"angle":22.5,"ease":"outQuart"},{"id":"2.12","hide":true,"angle":157.5,"time":249,"type":"deco"},{"time":249,"y":48,"type":"deco","id":"2.13","oy":0,"outline":true,"angle":146.25,"ox":77,"sprite":"deco/2/13.png"},{"time":252.5,"hide":true,"angle":180,"id":"2.13","type":"deco"},{"time":252.5,"y":48,"type":"deco","id":"2.14","outline":true,"angle":135,"ox":85,"sprite":"deco/2/14.png"},{"time":256.5,"x":584,"type":"deco","id":"2.15","sprite":"deco/2/15.png","ox":205,"angle":270,"outline":true,"oy":7},{"id":"2.14","hide":true,"angle":292.5,"time":256.5,"type":"deco"},{"time":260.5,"hide":true,"angle":270,"id":"2.15","type":"deco"},{"time":260.5,"x":584,"type":"deco","id":"2.16","oy":7,"outline":true,"angle":225,"ox":224,"sprite":"deco/2/16.png"},{"id":"2.16","hide":true,"angle":337.5,"time":264.5,"type":"deco"},{"time":264.5,"y":356,"type":"deco","id":"2.17","sprite":"deco/2/17.png","ox":76,"angle":22.5,"outline":true,"oy":14},{"time":268,"hide":true,"angle":337.5,"id":"2.17","type":"deco"},{"time":268,"y":356,"type":"deco","id":"2.18","oy":14,"outline":true,"angle":22.5,"ox":118,"sprite":"deco/2/18.png"},{"time":272,"hide":true,"angle":90,"id":"2.18","type":"deco"},{"time":271.5,"y":220,"order":0,"type":"deco","id":"2.19","oy":7,"ox":89,"angle":101.25,"outline":true,"sprite":"deco/2/19.png"},{"id":"2.19","hide":true,"angle":112.5,"time":275.5,"type":"deco"},{"time":279,"hide":true,"angle":247.5,"id":"2.20","type":"deco"},{"time":275.5,"y":220,"type":"deco","sprite":"deco/2/20.png","id":"2.20","outline":true,"recolor":6,"angle":123.75,"ox":115,"oy":7},{"r":17,"time":255,"order":0,"type":"setColor","color":3,"b":220,"angle":247.5,"g":49},{"r":0,"time":255,"order":1,"type":"setColor","color":3,"g":0,"b":0,"ease":"outCubic","angle":225,"duration":1},{"r":255,"time":256,"order":0,"type":"setColor","color":3,"b":164,"angle":247.5,"g":0},{"r":0,"time":256,"order":1,"type":"setColor","color":3,"g":0,"b":0,"ease":"outQuad","angle":225,"duration":1},{"r":0,"time":257,"type":"setColor","color":3,"angle":247.5,"b":251,"ease":"outSine","duration":1,"g":255},{"r":139,"time":263,"order":0,"type":"setColor","color":3,"b":151,"angle":382.5,"g":47},{"r":0,"time":263,"order":1,"type":"setColor","color":3,"g":0,"b":0,"ease":"outCubic","angle":360,"duration":1},{"r":245,"time":264,"order":0,"type":"setColor","color":3,"b":22,"angle":382.5,"g":89},{"r":0,"time":264,"order":1,"type":"setColor","color":3,"g":0,"b":0,"ease":"outQuad","angle":360,"duration":1},{"r":255,"time":265,"type":"setColor","color":3,"angle":382.5,"b":255,"ease":"outSine","duration":1,"g":255},{"r":255,"color":6,"g":0,"b":143,"angle":123.75,"time":275.25,"type":"setColor"},{"spriteName":"deco/cranky...png","time":281,"angle":168.75,"type":"forcePlayerSprite"},{"g":83,"color":6,"r":0,"b":255,"angle":191.25,"time":281,"type":"setColor"},{"r":0,"color":6,"g":0,"b":0,"angle":157.5,"time":305,"type":"setColor"}],"metadata":{"artistLink":"","charter":"Jack932","songName":"what was the last thing you said?","description":"\n\n                 so...\n\n\n\n    what was it?","difficulty":0,"artist":"aldn, glaive","bg":true,"bgData":{"magentaChannel":{"b":116,"g":140,"r":78},"cyanChannel":{"b":156,"g":188,"r":99},"image":"bgbb.png","redChannel":{"b":205,"g":241,"r":210},"blueChannel":{"b":100,"g":160,"r":195},"greenChannel":{"b":76,"g":111,"r":144},"yellowChannel":{"b":47,"g":51,"r":43}}},"properties":{"loadBeat":1,"formatversion":12,"offset":8,"startBeat":0,"speed":50}}