[{"tap":true,"type":"block","angle":348.75,"time":0},{"tap":true,"type":"block","angle":11.25,"time":0},{"time":2.5,"type":"block","angle":22.5},{"time":3,"type":"block","angle":337.5},{"time":4,"type":"block","angle":22.5},{"time":4.5,"type":"block","angle":0},{"time":5,"type":"block","angle":337.5},{"time":5.5,"type":"block","angle":11.25},{"time":6,"type":"block","angle":348.75},{"time":3.5,"type":"block","angle":360},{"tap":true,"type":"block","angle":348.75,"time":7},{"tap":true,"type":"block","angle":11.25,"time":7},{"time":11,"type":"block","angle":281.25},{"time":10,"type":"block","angle":337.5},{"time":11.5,"type":"block","angle":258.75},{"time":12,"type":"block","angle":247.5},{"time":12.5,"type":"block","angle":236.25},{"time":13,"type":"block","angle":247.5},{"time":13,"type":"block","angle":236.25},{"time":13.5,"type":"block","angle":236.25},{"time":14,"type":"block","angle":247.5},{"time":15,"type":"block","angle":258.75},{"time":12.75,"type":"block","angle":236.25},{"time":12.75,"type":"block","angle":247.5},{"time":12,"type":"block","angle":236.25},{"time":13.5,"type":"block","angle":247.5},{"time":13.75,"type":"block","angle":236.25},{"time":12.5,"type":"block","angle":258.75},{"time":13,"type":"block","angle":258.75},{"time":13.5,"type":"block","angle":258.75},{"time":15.5,"type":"block","angle":270},{"time":16,"type":"block","angle":258.75},{"time":16.25,"type":"block","angle":270},{"time":16.5,"type":"block","angle":258.75},{"time":17,"type":"block","angle":270},{"time":17.5,"type":"block","angle":258.75},{"time":18,"type":"block","angle":258.75},{"time":19.5,"type":"block","angle":258.75},{"time":20,"type":"block","angle":270},{"time":24.5,"type":"block","angle":315},{"time":18.5,"type":"block","angle":258.75},{"time":18.75,"type":"block","angle":258.75},{"time":19,"type":"block","angle":270},{"time":18.5,"type":"block","angle":270},{"time":19.5,"type":"block","angle":270},{"time":20.25,"type":"block","angle":258.75},{"time":19.166666030884,"type":"block","angle":270},{"time":19.666666030884,"type":"block","angle":258.75},{"time":19.166666030884,"type":"block","angle":258.75},{"time":19.833333969116,"type":"block","angle":258.75},{"time":21.666666030884,"type":"block","angle":270},{"time":23,"type":"block","angle":303.75},{"time":27.5,"type":"block","angle":315},{"time":29.333333969116,"type":"block","angle":326.25},{"angle2":348.75,"type":"hold","angle":326.25,"time":30.166666030884,"duration":0.83333331346512},{"angle2":326.25,"type":"hold","angle":348.75,"time":31,"duration":0.83333325386047},{"angle2":337.5,"type":"hold","angle":326.25,"time":31.833333969116,"duration":0.83333325386047},{"angle2":326.25,"type":"hold","angle":337.5,"time":32.666667938232,"duration":0.83333331346512},{"angle2":337.5,"type":"hold","angle":326.25,"time":33.5,"duration":0.83333331346512},{"angle2":315,"type":"hold","angle":337.5,"time":34.333332061768,"duration":0.99999994039536},{"angle2":337.5,"type":"hold","angle":315,"time":35.333332061768,"duration":1.4999998807907},{"angle2":326.25,"type":"hold","angle":337.5,"time":36.833332061768,"duration":1.4999998807907},{"angle2":326.25,"type":"hold","angle":326.25,"time":38.333332061768,"duration":2.3333330154419},{"time":43.333332061768,"type":"block","angle":326.25},{"time":46,"type":"block","angle":326.25},{"time":46.666667938232,"type":"block","angle":360},{"time":44,"type":"block","angle":11.25},{"time":44.833332061768,"type":"block","angle":337.5},{"time":47.666667938232,"type":"block","angle":348.75},{"angle2":978.75,"type":"hold","angle":360,"time":56,"duration":5.3333325386047},{"time":61.5,"type":"block","angle":270},{"time":62.333332061768,"type":"block","angle":292.5},{"angle2":506.25,"type":"hold","angle":303.75,"time":63,"duration":3.1666669845581},{"angle2":146.25,"type":"hold","angle":146.25,"time":66.166664123535,"duration":2.3333332538605},{"time":70.333335876465,"type":"block","angle":123.75},{"time":71.333335876465,"type":"block","angle":157.5},{"time":72.166664123535,"type":"block","angle":123.75},{"time":78.5,"type":"block","angle":135},{"angle2":168.75,"type":"hold","angle":191.25,"time":81.333335876465,"duration":0.99999994039536},{"angle2":180,"type":"hold","angle":168.75,"time":82.333335876465,"duration":0.83333331346512},{"angle2":180,"type":"hold","angle":180,"time":83.166664123535,"duration":0.66666662693024},{"angle2":180,"type":"hold","angle":180,"time":85,"duration":12.000003814697},{"time":86.333335876465,"type":"block","angle":168.75},{"time":89.166664123535,"type":"block","angle":202.5},{"time":88.166664123535,"type":"block","angle":157.5},{"time":87.333335876465,"type":"block","angle":202.5},{"time":91.833335876465,"type":"block","angle":168.75},{"time":90.833335876465,"type":"block","angle":191.25},{"time":89.833335876465,"type":"block","angle":168.75},{"angle2":180,"type":"hold","angle":180,"time":99.166664123535,"duration":1.3333332538605},{"angle2":180,"type":"hold","angle":180,"time":100.5,"duration":0.83333331346512},{"angle2":180,"type":"hold","angle":180,"time":101.33333587646,"duration":0.83333331346512},{"angle2":180,"type":"hold","angle":180,"time":102.16666412354,"duration":0.83333331346512},{"angle2":180,"type":"hold","angle":180,"time":103,"duration":0.83333331346512},{"angle2":180,"type":"hold","angle":180,"time":103.83333587646,"duration":0.83333331346512},{"angle2":180,"type":"hold","angle":180,"time":104.66666412354,"duration":1.1666666269302},{"angle2":180,"type":"hold","angle":180,"time":105.83333587646,"duration":0.83333331346512},{"angle2":180,"type":"hold","angle":180,"time":106.66666412354,"duration":0.83333331346512},{"angle2":180,"type":"hold","angle":180,"time":107.5,"duration":0.83333331346512},{"angle2":180,"type":"hold","angle":180,"time":108.33333587646,"duration":0.83333331346512},{"angle2":180,"type":"hold","angle":180,"time":109.16666412354,"duration":0.83333331346512},{"angle2":180,"type":"hold","angle":180,"time":110,"duration":0.83333331346512},{"angle2":180,"type":"hold","angle":180,"time":110.83333587646,"duration":0.83333331346512},{"angle2":180,"type":"hold","angle":180,"time":111.66666412354,"duration":0.83333331346512},{"angle2":315,"type":"hold","angle":180,"time":112.5,"duration":5.3333325386047},{"angle2":315,"type":"hold","angle":315,"time":117.83333587646,"duration":1},{"angle2":315,"type":"hold","angle":315,"time":118.83333587646,"duration":1},{"angle2":247.5,"type":"hold","angle":315,"time":119.83333587646,"duration":5.9999985694885},{"angle2":247.5,"type":"hold","angle":247.5,"time":125.83333587646,"duration":0.99999994039536},{"angle2":371.25,"type":"hold","angle":247.5,"time":126.83333587646,"duration":5.3000001907349},{"angle2":11.25,"type":"hold","angle":11.25,"time":132.16667175293,"duration":1},{"angle2":11.25,"type":"hold","angle":11.25,"time":133.16667175293,"duration":1},{"angle2":90,"type":"hold","angle":11.25,"time":134.16667175293,"duration":4.9999995231628},{"tap":true,"type":"block","angle":45,"time":135.16667175293},{"tap":true,"type":"block","angle":45,"time":137},{"tap":true,"type":"block","angle":101.25,"time":138.33332824707},{"time":141.83332824707,"type":"block","angle":90},{"time":143.16667175293,"type":"block","angle":112.5},{"time":144.16667175293,"type":"block","angle":78.75},{"time":145.83332824707,"type":"block","angle":101.25},{"time":146.5,"type":"block","angle":90},{"tap":true,"type":"block","angle":78.75,"time":148.5},{"time":150.33332824707,"type":"block","angle":101.25},{"time":152.16667175293,"type":"block","angle":45},{"time":153.83332824707,"type":"block","angle":22.5},{"time":155.16667175293,"type":"block","angle":0},{"tap":true,"type":"block","angle":326.25,"time":156.66667175293},{"tap":true,"type":"block","angle":303.75,"time":158.33332824707},{"time":160,"type":"block","angle":292.5},{"time":160.5,"type":"block","angle":292.5},{"time":159.5,"type":"block","angle":292.5},{"tap":true,"type":"block","angle":281.25,"time":162.16667175293},{"tap":true,"type":"block","angle":247.5,"time":164},{"tap":true,"type":"block","angle":303.75,"time":166},{"time":172.83332824707,"type":"block","angle":270},{"time":176.33332824707,"type":"block","angle":270},{"tap":true,"type":"block","angle":292.5,"time":178.33332824707},{"time":181.5,"type":"block","angle":270},{"time":183,"type":"block","angle":258.75},{"tap":false,"type":"block","angle":292.5,"time":187.5},{"angle2":270,"type":"hold","angle":270,"startTap":true,"time":190,"duration":1.3333332538605},{"angle2":270,"type":"hold","angle":270,"startTap":true,"time":191.33332824707,"duration":2.1666665077209},{"angle2":270,"type":"hold","angle":270,"startTap":true,"time":193.5,"endTap":true,"duration":1.4999998807907},{"angle2":427.5,"type":"hold","angle":270,"time":197.33332824707,"duration":3.5000002384186},{"angle2":67.5,"type":"hold","angle":67.5,"time":200.83332824707,"duration":1.9999997615814},{"angle2":315,"type":"hold","angle":67.5,"time":202.83332824707,"duration":2.1666662693024},{"angle2":315,"type":"hold","angle":315,"time":205,"duration":3.1666669845581},{"angle2":337.5,"type":"hold","angle":315,"time":208.16667175293,"duration":1.6666665077209},{"angle2":337.5,"type":"hold","angle":337.5,"time":209.83332824707,"duration":1.9999997615814},{"angle2":371.25,"type":"hold","angle":337.5,"time":211.83332824707,"duration":3.3333337306976},{"angle2":11.25,"type":"hold","angle":11.25,"time":215.16667175293,"duration":3.5000004768372},{"angle2":112.5,"type":"hold","angle":11.25,"time":218.66667175293,"duration":4.9999995231628},{"angle2":112.5,"type":"hold","angle":112.5,"time":223.66667175293,"duration":2.2333333492279},{"angle2":281.25,"type":"hold","angle":112.5,"time":225.83332824707,"duration":3.5000004768372},{"angle2":281.25,"type":"hold","angle":281.25,"time":229.33332824707,"duration":1.9999997615814},{"angle2":191.25,"type":"hold","angle":281.25,"time":231.33332824707,"duration":1.8999999761581},{"angle2":45,"type":"hold","angle":191.25,"time":233.16667175293,"duration":3.5000004768372},{"angle2":45,"type":"hold","angle":45,"time":236.66667175293,"duration":1.8333331346512},{"angle2":45,"type":"hold","angle":45,"time":238.5,"duration":1},{"angle2":-78.75,"type":"hold","angle":45,"time":239.5,"duration":3.6666672229767},{"angle2":281.25,"type":"hold","angle":281.25,"time":243.16667175293,"duration":1.9999997615814},{"angle2":281.25,"type":"hold","angle":281.25,"time":245.16667175293,"duration":1.4999998807907},{"angle2":461.25,"type":"hold","angle":281.25,"time":246.66667175293,"duration":3.8333339691162},{"angle2":0,"type":"hold","angle":101.25,"time":253.83332824707,"duration":5.4999990463257},{"angle2":0,"type":"hold","angle":0,"time":259.33334350586,"duration":1.4999998807907},{"angle2":0,"type":"hold","angle":0,"time":260.83334350586,"duration":3.6666672229767},{"angle2":11.25,"type":"hold","angle":0,"time":264.5,"duration":3.0000002384186},{"tap":true,"type":"block","angle":348.75,"time":8.25},{"tap":true,"type":"block","angle":11.25,"time":8.25},{"time":22.25,"type":"block","angle":292.5},{"time":92.666664123535,"type":"block","angle":191.25},{"time":93.666664123535,"type":"block","angle":168.75},{"time":146.33332824707,"type":"block","angle":101.25},{"time":151.5,"type":"block","angle":67.5},{"time":160.16667175293,"type":"block","angle":303.75},{"time":160.16667175293,"type":"block","angle":281.25},{"time":169.5,"type":"block","angle":258.75},{"time":179.33332824707,"type":"block","angle":270},{"time":183.5,"type":"block","angle":236.25},{"time":186.83332824707,"type":"block","angle":270},{"time":94.5,"type":"block","angle":191.25},{"time":95.5,"type":"block","angle":168.75},{"time":9.1666669845581,"type":"block","angle":360},{"time":0.5,"type":"mine","angle":202.5},{"time":0.5,"type":"mine","angle":157.5},{"angle2":270,"type":"mineHold","angle":281.25,"time":12.333333015442,"duration":1.6666665077209},{"angle2":213.75,"type":"mineHold","angle":202.5,"time":12,"duration":1.6666665077209},{"angle2":337.5,"type":"mineHold","angle":202.5,"time":21,"duration":5.5},{"angle2":0,"type":"mineHold","angle":45,"time":27.5,"duration":3},{"time":70.333335876465,"type":"mine","angle":101.25},{"time":71.333335876465,"type":"mine","angle":191.25},{"time":72.166664123535,"type":"mine","angle":90},{"time":73.333335876465,"type":"mine","angle":191.25},{"time":74.166664123535,"type":"mine","angle":90},{"time":75.333335876465,"type":"mine","angle":202.5},{"time":76.833335876465,"type":"mine","angle":90},{"time":77.5,"type":"mine","angle":202.5},{"time":78.5,"type":"mine","angle":101.25},{"time":79.333335876465,"type":"mine","angle":191.25},{"time":81.166664123535,"type":"mine","angle":180},{"time":81.5,"type":"mine","angle":168.75},{"time":81.833335876465,"type":"mine","angle":157.5},{"time":81.666664123535,"type":"mine","angle":202.5},{"time":82.166664123535,"type":"mine","angle":191.25},{"time":82.5,"type":"mine","angle":191.25},{"time":145,"type":"block","angle":101.25},{"time":146,"type":"block","angle":90},{"time":153.16667175293,"type":"block","angle":33.75},{"time":153.33332824707,"type":"block","angle":45},{"time":153.66667175293,"type":"block","angle":33.75},{"time":171,"type":"block","angle":281.25},{"time":181.5,"type":"block","angle":281.25},{"time":181.83332824707,"type":"block","angle":270},{"time":31.333333969116,"type":"mine","angle":303.75},{"time":31.333333969116,"type":"mine","angle":11.25},{"time":32.5,"type":"mine","angle":11.25},{"time":32.666667938232,"type":"mine","angle":303.75},{"time":33,"type":"mine","angle":360},{"time":33,"type":"mine","angle":303.75},{"time":33.5,"type":"mine","angle":0},{"time":33.5,"type":"mine","angle":292.5},{"time":34.5,"type":"mine","angle":11.25},{"time":34.5,"type":"mine","angle":303.75},{"time":35.333332061768,"type":"mine","angle":360},{"time":35.333332061768,"type":"mine","angle":281.25},{"time":36.166667938232,"type":"mine","angle":0},{"time":36.333332061768,"type":"mine","angle":292.5},{"time":37.166667938232,"type":"mine","angle":11.25},{"time":37.166667938232,"type":"mine","angle":303.75},{"time":38.333332061768,"type":"mine","angle":292.5},{"time":38.333332061768,"type":"mine","angle":11.25},{"time":39.666667938232,"type":"mine","angle":11.25},{"time":39.666667938232,"type":"mine","angle":281.25},{"angle2":281.25,"type":"mineHold","angle":303.75,"time":15.166666984558,"duration":2.6666667461395},{"angle2":236.25,"type":"mineHold","angle":213.75,"time":15,"duration":2.6666667461395},{"time":86.166664123535,"type":"mine","angle":213.75},{"time":87.333335876465,"type":"mine","angle":157.5},{"time":88.333335876465,"type":"mine","angle":202.5},{"time":89.166664123535,"type":"mine","angle":157.5},{"time":90,"type":"mine","angle":202.5},{"time":90.666664123535,"type":"mine","angle":157.5},{"time":91.666664123535,"type":"mine","angle":213.75},{"time":92.833335876465,"type":"mine","angle":135},{"time":94,"type":"mine","angle":225},{"time":94.666664123535,"type":"mine","angle":146.25},{"time":97.5,"type":"mine","angle":202.5},{"time":96.833335876465,"type":"mine","angle":123.75},{"time":100.66666412354,"type":"mine","angle":146.25},{"time":101.16666412354,"type":"mine","angle":213.75},{"time":102.5,"type":"mine","angle":135},{"time":103.33333587646,"type":"mine","angle":213.75},{"time":104.83333587646,"type":"mine","angle":146.25},{"time":105.66666412354,"type":"mine","angle":202.5},{"time":106.66666412354,"type":"mine","angle":146.25},{"time":107.83333587646,"type":"mine","angle":202.5},{"time":109,"type":"mine","angle":146.25},{"time":110.16666412354,"type":"mine","angle":202.5},{"time":111.5,"type":"mine","angle":146.25},{"time":197.83332824707,"type":"mine","angle":0},{"time":199.66667175293,"type":"mine","angle":292.5},{"time":201.33332824707,"type":"mine","angle":22.5},{"time":202.33332824707,"type":"mine","angle":101.25},{"time":203.16667175293,"type":"mine","angle":247.5},{"time":206.33332824707,"type":"mine","angle":348.75},{"time":208.83332824707,"type":"mine","angle":360},{"time":207.66667175293,"type":"mine","angle":270},{"time":210.83332824707,"type":"mine","angle":11.25},{"time":212.66667175293,"type":"mine","angle":303.75},{"time":214.5,"type":"mine","angle":45},{"time":216.33332824707,"type":"mine","angle":337.5},{"time":217.66667175293,"type":"mine","angle":56.25},{"time":219.16667175293,"type":"mine","angle":348.75},{"time":221,"type":"mine","angle":101.25},{"time":190.16667175293,"type":"mine","angle":303.75},{"time":191.5,"type":"mine","angle":213.75},{"time":193.33332824707,"type":"mine","angle":303.75},{"time":195.16667175293,"type":"mine","angle":225},{"time":224,"type":"mine","angle":67.5},{"time":225.16667175293,"type":"mine","angle":157.5},{"time":226.5,"type":"mine","angle":90},{"time":227.66667175293,"type":"mine","angle":225},{"time":230.16667175293,"type":"mine","angle":315},{"time":231,"type":"mine","angle":247.5},{"tap":true,"type":"block","angle":101.25,"time":250.83332824707},{"tap":true,"type":"block","angle":360,"time":267.83334350586},{"tap":true,"type":"block","angle":22.5,"time":267.83334350586},{"tap":true,"type":"block","angle":337.5,"time":267.83334350586},{"time":49.666667938232,"type":"block","angle":326.25},{"time":173.66667175293,"type":"block","angle":270},{"time":182,"type":"block","angle":281.25},{"angle2":-65.5,"type":"mineHold","angle":33.75,"time":241,"duration":2.4999997615814},{"angle2":270,"type":"mineHold","angle":337.5,"time":239.83332824707,"duration":2.8333334922791},{"angle2":303.75,"type":"mineHold","angle":326.25,"time":244.33332824707,"duration":1.6666665077209},{"angle2":258.75,"type":"mineHold","angle":247.5,"time":244.33332824707,"duration":1.8333331346512},{"angle2":78.75,"type":"mineHold","angle":67.5,"time":251.16667175293,"duration":1.6666665077209},{"angle2":123.75,"type":"mineHold","angle":135,"time":251,"duration":1.4999998807907},{"angle2":33.75,"type":"mineHold","angle":33.75,"time":259.66665649414,"duration":4.0000004768372},{"angle2":326.25,"type":"mineHold","angle":326.25,"time":259.66665649414,"duration":4.0000004768372},{"tap":true,"type":"block","angle":326.25,"time":166},{"tap":true,"type":"block","angle":270,"time":164},{"tap":true,"type":"block","angle":270,"time":167.25},{"tap":true,"type":"block","angle":247.5,"time":167.25},{"time":51.5,"type":"block","angle":315},{"time":53,"type":"block","angle":11.25},{"time":54.833332061768,"type":"block","angle":22.5},{"time":79.5,"type":"block","angle":168.75},{"time":80.333335876465,"type":"block","angle":191.25},{"time":154.16667175293,"type":"block","angle":22.5},{"time":154.16667175293,"type":"block","angle":11.25},{"time":180.5,"type":"block","angle":281.25},{"time":182.16667175293,"type":"block","angle":270},{"time":182.5,"type":"block","angle":281.25},{"time":185,"type":"block","angle":225},{"time":186,"type":"block","angle":247.5},{"tap":true,"type":"block","angle":236.25,"time":190},{"tap":true,"type":"block","angle":270,"time":196.75},{"tap":true,"type":"block","angle":247.5,"time":193.5},{"time":10.625,"type":"block","angle":303.75},{"time":0.375,"type":"mine","angle":303.75},{"time":0.375,"type":"mine","angle":56.25},{"time":7.75,"type":"mine","angle":315},{"time":7.625,"type":"mine","angle":45},{"angle2":45,"type":"mineHold","angle":78.75,"time":21,"duration":6.5},{"time":26.4375,"type":"block","angle":33.75},{"angle2":315,"type":"mineHold","angle":292.5,"time":27.1875,"duration":3.25},{"time":73.1875,"type":"block","angle":157.5},{"time":96.3125,"type":"block","angle":191.25},{"time":74.333335876465,"type":"block","angle":123.75},{"time":75,"type":"block","angle":180},{"tap":true,"type":"block","angle":180,"time":98},{"type":"block","angle":0,"time":117.83333587646},{"type":"block","angle":270,"time":119},{"tap":false,"type":"block","angle":11.25,"time":119.83333587646},{"angle2":101.25,"type":"hold","angle":101.25,"time":250.5,"duration":3.3333337306976},{"time":75.833335876465,"type":"block","angle":135},{"time":9.5,"type":"block","angle":348.75},{"time":77.5,"type":"block","angle":146.25},{"time":98.666664123535,"type":"block","angle":180},{"time":140,"type":"block","angle":78.75},{"time":140.16667175293,"type":"block","angle":90},{"time":140.5,"type":"block","angle":90},{"time":140.33332824707,"type":"block","angle":78.75},{"time":154.5,"type":"block","angle":11.25},{"time":154.5,"type":"block","angle":22.5},{"time":154.83332824707,"type":"block","angle":11.25},{"time":188.16667175293,"type":"block","angle":270},{"time":188.16667175293,"type":"block","angle":281.25},{"time":188.5,"type":"block","angle":281.25},{"time":188.66667175293,"type":"block","angle":270},{"time":174.5,"type":"block","angle":258.75},{"time":174.83332824707,"type":"block","angle":270},{"time":174.66667175293,"type":"block","angle":281.25},{"time":175,"type":"block","angle":281.25},{"time":175.16667175293,"type":"block","angle":270},{"time":6.6666665077209,"type":"block","angle":22.5},{"time":48.5,"type":"block","angle":22.5},{"time":25.333333969116,"type":"block","angle":0},{"time":76.666664123535,"type":"block","angle":168.75},{"time":140.66667175293,"type":"block","angle":78.75},{"time":141.16667175293,"type":"block","angle":90}]