{"events":[{"file":"trial_by_fury.ogg","volume":1,"type":"play","angle":360,"time":0,"bpm":150},{"color":0,"type":"setColor","angle":45,"g":34,"time":-0.5,"b":34,"r":200},{"color":3,"type":"setColor","angle":90,"g":27,"time":-0.5,"b":27,"r":28},{"color":3,"type":"setBgColor","angle":67.5,"time":-0.5},{"ease":"linear","type":"paddles","angle":315,"newWidth":35,"time":10.5,"paddle":1,"duration":0.375},{"ease":"linear","type":"paddles","angle":135,"newWidth":20,"time":69.5,"paddle":1,"duration":0},{"ease":"linear","type":"paddles","angle":180,"newWidth":70,"time":84.5,"paddle":1,"duration":0.83333337306976},{"ease":"linear","type":"paddles","angle":270,"newWidth":80,"time":188.5,"paddle":1,"duration":0},{"ease":"linear","type":"paddles","angle":45,"newWidth":20,"time":237,"paddle":1,"duration":0.41666665673256},{"paddle":1,"newWidth":70,"ease":"linear","type":"paddles","angle":0,"newAngle":0,"time":265,"duration":0.25},{"type":"showResults","angle":0,"time":267.83334350586,"order":0},{"drawOrder":1,"time":-0.5,"recolor":0,"r":0,"outline":true,"sprite":"Thing.png","drawLayer":"bg","ease":"outBack","sx":1,"type":"deco","angle":180,"y":180,"x":0,"sy":1,"id":""},{"drawOrder":1,"time":-0.5,"sprite":"Justice.png","drawLayer":"fg","recolor":2,"type":"deco","angle":157.5,"y":143,"x":249,"order":-999,"id":"4"},{"color":2,"type":"setColor","angle":112.5,"g":255,"time":-0.5,"b":0,"r":255}],"properties":{"formatversion":12,"startBeat":0,"speed":70,"offset":8},"metadata":{"difficulty":0,"bgData":{"redChannel":{"b":56,"r":255,"g":56},"blueChannel":{"b":255,"r":0,"g":0},"image":"Bez tytułu.png"},"artist":"hollow","charter":"hollow","description":"this is my first level there can be some bad made block","bgdata":false,"bg":true,"artistLink":"","songName":"trial by fury"}}