[{"time":57,"angle":225,"type":"block"},{"time":59,"angle":360,"type":"block"},{"time":61.5,"angle":0,"type":"block"},{"time":88.5,"angle":0,"type":"block"},{"time":108.5,"angle":0,"type":"block"},{"time":133.5,"angle":0,"type":"block"},{"time":134.5,"angle":0,"type":"block"},{"time":142,"angle":0,"type":"block"},{"time":143,"angle":0,"type":"block"},{"time":166.5,"angle":0,"type":"block"},{"time":167.5,"angle":360,"type":"block"},{"time":168.5,"angle":360,"type":"block"},{"time":170,"angle":225,"type":"block"},{"time":177,"angle":0,"type":"block"},{"time":182.5,"angle":360,"type":"block"},{"time":190,"angle":0,"type":"block"},{"time":192,"angle":360,"type":"block"},{"time":193.5,"angle":0,"type":"block"},{"time":212.5,"angle":0,"type":"block"},{"time":213,"angle":22.5,"type":"block"},{"time":213.5,"angle":45,"type":"block"},{"time":214.5,"angle":90,"type":"block"},{"time":216,"angle":0,"type":"block"},{"time":217,"angle":0,"type":"block"},{"time":219,"angle":0,"type":"block"},{"time":225.5,"angle":0,"type":"block"},{"time":226,"angle":337.5,"type":"block"},{"time":226.5,"angle":315,"type":"block"},{"time":227,"angle":360,"type":"block"},{"time":228,"angle":180,"type":"block"},{"time":244,"angle":45,"type":"block"},{"tap":true,"type":"block","time":243.5,"angle":22.5},{"time":244.5,"angle":67.5,"type":"block"},{"tap":true,"type":"block","time":245,"angle":22.5},{"time":248,"angle":90,"type":"block"},{"tap":true,"type":"block","time":248.5,"angle":360},{"time":250,"angle":0,"type":"block"},{"tap":true,"type":"block","time":256,"angle":0},{"time":258,"angle":360,"type":"block"},{"time":262.5,"angle":0,"type":"block"},{"tap":true,"type":"block","time":264,"angle":0},{"time":268,"angle":0,"type":"block"},{"tap":true,"type":"block","time":269.5,"angle":202.5},{"time":270,"angle":157.5,"type":"block"},{"time":280,"angle":0,"type":"block"},{"time":285,"angle":0,"type":"block"},{"tap":true,"type":"block","time":285.5,"angle":270},{"time":284.5,"angle":315,"type":"block"},{"time":286.5,"angle":360,"type":"block"},{"tap":true,"type":"block","time":287,"angle":270},{"time":287.5,"angle":315,"type":"block"},{"time":288,"angle":360,"type":"block"},{"time":290.5,"angle":0,"type":"block"},{"time":297.5,"angle":360,"type":"block"},{"time":299,"angle":315,"type":"block"},{"time":300,"angle":0,"type":"block"},{"time":300.5,"angle":22.5,"type":"block"},{"time":301,"angle":45,"type":"block"},{"time":301.5,"angle":0,"type":"block"},{"time":302,"angle":270,"type":"block"},{"time":302.5,"angle":247.5,"type":"block"},{"time":303,"angle":225,"type":"block"},{"time":304,"angle":0,"type":"block"},{"time":4,"angle":270,"type":"block"},{"time":6,"angle":270,"type":"block"},{"time":13,"angle":270,"type":"block"},{"time":25,"angle":90,"type":"block"},{"time":36.5,"angle":90,"type":"block"},{"time":38.5,"angle":90,"type":"block"},{"time":41,"angle":90,"type":"block"},{"time":82.5,"angle":90,"type":"block"},{"time":84.5,"angle":90,"type":"block"},{"time":86,"angle":90,"type":"block"},{"time":87.5,"angle":90,"type":"block"},{"time":165.5,"angle":90,"type":"block"},{"time":178.5,"angle":90,"type":"block"},{"time":180.5,"angle":90,"type":"block"},{"time":182,"angle":90,"type":"block"},{"time":182.5,"angle":45,"type":"block"},{"time":348,"angle":90,"type":"block"},{"time":350,"angle":90,"type":"block"},{"time":351.5,"angle":90,"type":"block"},{"time":360.5,"angle":90,"type":"block"},{"time":362,"angle":90,"type":"block"},{"time":5,"angle":90,"type":"block"},{"time":6.5,"angle":225,"type":"block"},{"time":7,"angle":202.5,"type":"block"},{"time":9,"angle":180,"type":"block"},{"time":7.5,"angle":270,"type":"block"},{"time":8.5,"angle":225,"type":"block"},{"time":10,"angle":90,"type":"block"},{"time":11,"angle":270,"type":"block"},{"time":12,"angle":90,"type":"block"},{"time":14,"angle":292.5,"type":"block"},{"time":14.5,"angle":315,"type":"block"},{"time":15.5,"angle":360,"type":"block"},{"time":16.5,"angle":0,"type":"block"},{"time":17.5,"angle":360,"type":"block"},{"time":18.5,"angle":0,"type":"block"},{"time":19.5,"angle":0,"type":"block"},{"time":20.5,"angle":360,"type":"block"},{"time":21.5,"angle":0,"type":"block"},{"angle2":315,"type":"hold","time":22,"angle":360,"duration":0.5},{"angle2":371.25,"type":"hold","time":22.5,"angle":315,"duration":0.5},{"angle2":348.75,"type":"hold","time":22.5,"angle":315,"duration":0.5},{"angle2":0,"type":"hold","time":23,"angle":0,"duration":1},{"angle2":348.75,"type":"hold","time":23,"angle":348.75,"duration":1},{"angle2":11.25,"type":"hold","time":23,"angle":11.25,"duration":1},{"time":22.5,"angle":0,"type":"mine"},{"time":22.5,"angle":45,"type":"mine"},{"time":26,"angle":270,"type":"block"},{"time":27.5,"angle":270,"type":"block"},{"time":28.5,"angle":180,"type":"block"},{"time":29,"angle":225,"type":"block"},{"time":29.5,"angle":270,"type":"block"},{"time":30,"angle":360,"type":"block"},{"time":30.5,"angle":45,"type":"block"},{"time":31,"angle":90,"type":"block"},{"time":37,"angle":112.5,"type":"block"},{"time":37.5,"angle":135,"type":"block"},{"time":38,"angle":112.5,"type":"block"},{"time":27,"angle":315,"type":"block"},{"time":26.5,"angle":292.5,"type":"block"},{"time":34,"angle":270,"type":"block"},{"time":34.5,"angle":247.5,"type":"block"},{"time":35,"angle":225,"type":"block"},{"time":35.5,"angle":270,"type":"block"},{"time":32,"angle":270,"type":"block"},{"time":33,"angle":90,"type":"block"},{"time":40,"angle":270,"type":"block"},{"time":16.5,"angle":337.5,"type":"block"},{"time":15.5,"angle":22.5,"type":"block"},{"time":17.5,"angle":22.5,"type":"block"},{"time":42,"angle":270,"type":"block"},{"time":42.5,"angle":292.5,"type":"block"},{"time":43,"angle":315,"type":"block"},{"time":43.5,"angle":270,"type":"block"},{"time":46,"angle":112.5,"type":"block"},{"time":48,"angle":360,"type":"block"},{"time":49,"angle":180,"type":"block"},{"time":50,"angle":0,"type":"block"},{"time":50.5,"angle":337.5,"type":"block"},{"time":51,"angle":315,"type":"block"},{"time":51.5,"angle":0,"type":"block"},{"time":44.5,"angle":112.5,"type":"block"},{"time":45,"angle":90,"type":"block"},{"time":45.5,"angle":67.5,"type":"block"},{"time":46.5,"angle":180,"type":"block"},{"time":47,"angle":225,"type":"block"},{"time":52.5,"angle":67.5,"type":"side"},{"time":53.25,"angle":180,"type":"side"},{"time":54,"angle":292.5,"type":"side"},{"time":66.5,"angle":90,"type":"side"},{"time":67.5,"angle":270,"type":"side"},{"time":66.5,"angle":67.5,"type":"side"},{"time":67.5,"angle":247.5,"type":"side"},{"time":162.5,"angle":292.5,"type":"side"},{"time":162.5,"angle":270,"type":"side"},{"time":163.5,"angle":112.5,"type":"side"},{"time":163.5,"angle":90,"type":"side"},{"time":58,"angle":45,"type":"block"},{"time":58.5,"angle":22.5,"type":"block"},{"time":59.5,"angle":45,"type":"block"},{"time":60,"angle":67.5,"type":"block"},{"time":60.5,"angle":90,"type":"block"},{"time":61,"angle":45,"type":"block"},{"time":62,"angle":315,"type":"block"},{"time":63,"angle":45,"type":"block"},{"time":62.5,"angle":0,"type":"block"},{"time":63.5,"angle":315,"type":"block"},{"time":64,"angle":270,"type":"block"},{"time":64.5,"angle":225,"type":"block"},{"time":65,"angle":180,"type":"block"},{"time":68.5,"angle":180,"type":"block"},{"time":69,"angle":157.5,"type":"block"},{"time":69.5,"angle":135,"type":"block"},{"time":70,"angle":180,"type":"block"},{"time":71,"angle":360,"type":"block"},{"tap":true,"type":"block","time":72,"angle":180},{"time":72.5,"angle":202.5,"type":"block"},{"time":73,"angle":225,"type":"block"},{"time":73.5,"angle":180,"type":"block"},{"time":74,"angle":180,"type":"block"},{"time":74.5,"angle":157.5,"type":"block"},{"time":75,"angle":135,"type":"block"},{"time":75.5,"angle":180,"type":"block"},{"time":76,"angle":225,"type":"block"},{"time":76.5,"angle":270,"type":"block"},{"time":77.5,"angle":90,"type":"block"},{"time":78,"angle":45,"type":"block"},{"time":79,"angle":225,"type":"block"},{"time":79.5,"angle":247.5,"type":"block"},{"time":80,"angle":270,"type":"block"},{"time":80.5,"angle":225,"type":"block"},{"time":81,"angle":180,"type":"block"},{"time":83.5,"angle":270,"type":"block"},{"time":85,"angle":67.5,"type":"block"},{"time":85.5,"angle":45,"type":"block"},{"time":86.5,"angle":112.5,"type":"block"},{"time":87,"angle":135,"type":"block"},{"time":88,"angle":45,"type":"block"},{"time":90,"angle":123.75,"type":"block"},{"time":89,"angle":22.5,"type":"block"},{"time":89.5,"angle":45,"type":"block"},{"time":90.5,"angle":90,"type":"block"},{"time":91,"angle":67.5,"type":"block"},{"time":91.5,"angle":112.5,"type":"block"},{"time":92,"angle":135,"type":"block"},{"time":92.5,"angle":157.5,"type":"block"},{"time":93.5,"angle":337.5,"type":"block"},{"tap":true,"type":"block","time":94,"angle":22.5},{"time":95,"angle":202.5,"type":"block"},{"time":95.5,"angle":225,"type":"block"},{"time":96,"angle":247.5,"type":"block"},{"time":96.5,"angle":180,"type":"block"},{"time":97,"angle":157.5,"type":"block"},{"time":97.5,"angle":135,"type":"block"},{"time":98,"angle":213.75,"type":"block"},{"time":98.5,"angle":225,"type":"block"},{"time":99,"angle":236.25,"type":"block"},{"time":100,"angle":360,"type":"block"},{"time":100.5,"angle":337.5,"type":"block"},{"time":101.5,"angle":0,"type":"block"},{"time":101,"angle":315,"type":"block"},{"time":102,"angle":33.75,"type":"block"},{"time":102.5,"angle":56.25,"type":"block"},{"time":102.75,"angle":90,"type":"block"},{"time":103,"angle":123.75,"type":"block"},{"time":103.5,"angle":180,"type":"block"},{"tap":true,"type":"block","time":104,"angle":270},{"time":104.5,"angle":292.5,"type":"block"},{"time":105,"angle":315,"type":"block"},{"time":105.5,"angle":292.5,"type":"block"},{"time":106,"angle":270,"type":"block"},{"time":106.5,"angle":247.5,"type":"block"},{"time":107.5,"angle":56.25,"type":"block"},{"time":108,"angle":22.5,"type":"block"},{"time":109,"angle":56.25,"type":"block"},{"time":110.5,"angle":180,"type":"block"},{"time":110,"angle":157.5,"type":"block"},{"time":111,"angle":135,"type":"block"},{"angle2":67.5,"type":"hold","time":112,"angle":90,"duration":1},{"angle2":101.25,"type":"hold","time":113,"angle":67.5,"duration":1},{"angle2":123.75,"type":"hold","time":113,"angle":67.5,"duration":1},{"angle2":90,"type":"hold","time":114,"angle":112.5,"duration":1},{"angle2":123.75,"type":"hold","time":115,"angle":90,"duration":1},{"angle2":146.25,"type":"hold","time":115,"angle":90,"duration":1},{"angle2":112.5,"type":"hold","time":116,"angle":135,"duration":1},{"angle2":146.25,"type":"hold","time":117,"angle":112.5,"duration":1},{"angle2":168.75,"type":"hold","time":117,"angle":112.5,"duration":1},{"angle2":135,"type":"hold","time":118,"angle":157.5,"duration":1},{"angle2":0,"type":"hold","time":119,"angle":135,"duration":1},{"angle2":-11.25,"type":"hold","time":119,"angle":123.75,"duration":1},{"angle2":11.25,"type":"hold","time":119,"angle":146.25,"duration":1},{"time":113,"angle":101.25,"type":"mine"},{"time":113,"angle":112.5,"type":"mine"},{"time":115,"angle":123.75,"type":"mine"},{"time":115,"angle":135,"type":"mine"},{"time":117,"angle":146.25,"type":"mine"},{"time":117,"angle":157.5,"type":"mine"},{"time":118,"angle":101.25,"type":"mine"},{"time":116,"angle":78.75,"type":"mine"},{"time":114,"angle":56.25,"type":"mine"},{"time":116,"angle":90,"type":"mine"},{"time":114,"angle":67.5,"type":"mine"},{"time":118,"angle":112.5,"type":"mine"},{"time":121,"angle":270,"type":"block"},{"time":121.5,"angle":292.5,"type":"block"},{"time":122,"angle":315,"type":"block"},{"time":122.5,"angle":270,"type":"block"},{"time":123.5,"angle":90,"type":"block"},{"time":124,"angle":112.5,"type":"block"},{"time":124.5,"angle":135,"type":"block"},{"time":125,"angle":180,"type":"block"},{"time":125.5,"angle":157.5,"type":"block"},{"time":126,"angle":135,"type":"block"},{"time":126.5,"angle":180,"type":"block"},{"time":127,"angle":202.5,"type":"block"},{"time":127.5,"angle":225,"type":"block"},{"time":129,"angle":270,"type":"block"},{"time":129.5,"angle":247.5,"type":"block"},{"time":130.5,"angle":157.5,"type":"block"},{"time":128,"angle":315,"type":"block"},{"time":128.5,"angle":292.5,"type":"block"},{"time":130,"angle":180,"type":"block"},{"time":131,"angle":202.5,"type":"block"},{"time":131.5,"angle":247.5,"type":"block"},{"time":134,"angle":45,"type":"block"},{"time":135,"angle":315,"type":"block"},{"time":136,"angle":270,"type":"block"},{"time":136.5,"angle":247.5,"type":"block"},{"time":137,"angle":225,"type":"block"},{"time":137.5,"angle":270,"type":"block"},{"time":138.5,"angle":90,"type":"block"},{"time":139,"angle":67.5,"type":"block"},{"time":139.5,"angle":45,"type":"block"},{"time":140,"angle":326.25,"type":"block"},{"time":140.5,"angle":292.5,"type":"block"},{"time":141,"angle":270,"type":"block"},{"time":141.5,"angle":326.25,"type":"block"},{"time":142.5,"angle":22.5,"type":"block"},{"time":143.5,"angle":337.5,"type":"block"},{"time":144,"angle":270,"type":"block"},{"time":144.5,"angle":247.5,"type":"block"},{"time":145,"angle":180,"type":"block"},{"time":145.5,"angle":157.5,"type":"block"},{"time":146,"angle":90,"type":"block"},{"time":146.5,"angle":112.5,"type":"block"},{"time":147,"angle":180,"type":"block"},{"time":147.5,"angle":202.5,"type":"block"},{"time":148,"angle":180,"type":"block"},{"angle2":202.5,"type":"hold","time":148.5,"angle":180,"duration":1},{"angle2":180,"type":"hold","time":149.5,"angle":202.5,"duration":0.5},{"angle2":213.75,"type":"hold","time":150,"angle":180,"duration":1},{"angle2":236.25,"type":"hold","time":150,"angle":180,"duration":1},{"angle2":90,"type":"hold","time":151,"angle":225,"duration":1},{"angle2":101.25,"type":"hold","time":151,"angle":236.25,"duration":1},{"angle2":78.75,"type":"hold","time":151,"angle":213.75,"duration":1},{"time":151.5,"angle":112.5,"type":"block"},{"time":152,"angle":90,"type":"block"},{"time":152.5,"angle":67.5,"type":"block"},{"time":153,"angle":45,"type":"block"},{"time":153.5,"angle":90,"type":"block"},{"time":154,"angle":180,"type":"block"},{"time":155.5,"angle":180,"type":"block"},{"time":154.5,"angle":157.5,"type":"block"},{"time":155,"angle":135,"type":"block"},{"time":156,"angle":270,"type":"block"},{"time":156.5,"angle":292.5,"type":"block"},{"time":157,"angle":315,"type":"block"},{"time":157.5,"angle":270,"type":"block"},{"time":158,"angle":360,"type":"block"},{"time":160,"angle":315,"type":"block"},{"time":161,"angle":135,"type":"block"},{"time":159.5,"angle":0,"type":"block"},{"time":158.5,"angle":337.5,"type":"block"},{"time":159,"angle":315,"type":"block"},{"time":164.5,"angle":45,"type":"block"},{"time":165,"angle":67.5,"type":"block"},{"time":166,"angle":45,"type":"block"},{"time":168,"angle":22.5,"type":"block"},{"time":167,"angle":337.5,"type":"block"},{"time":167,"angle":315,"type":"block"},{"time":168,"angle":45,"type":"block"},{"time":169,"angle":337.5,"type":"block"},{"time":169.5,"angle":315,"type":"block"},{"time":170.5,"angle":247.5,"type":"block"},{"time":171,"angle":270,"type":"block"},{"time":171.5,"angle":225,"type":"block"},{"time":172,"angle":135,"type":"block"},{"time":172.5,"angle":112.5,"type":"block"},{"time":173,"angle":90,"type":"block"},{"time":173.5,"angle":135,"type":"block"},{"time":174,"angle":225,"type":"block"},{"time":174.5,"angle":202.5,"type":"block"},{"time":175,"angle":180,"type":"block"},{"time":175.5,"angle":225,"type":"block"},{"time":176,"angle":270,"type":"block"},{"time":176.5,"angle":315,"type":"block"},{"time":179.5,"angle":270,"type":"block"},{"time":181,"angle":112.5,"type":"block"},{"time":181.5,"angle":135,"type":"block"},{"time":183,"angle":337.5,"type":"block"},{"time":183.5,"angle":22.5,"type":"block"},{"time":183,"angle":315,"type":"block"},{"time":183.5,"angle":45,"type":"block"},{"tap":true,"type":"block","time":184.5,"angle":180},{"time":185,"angle":202.5,"type":"block"},{"time":185.5,"angle":225,"type":"block"},{"time":186,"angle":180,"type":"block"},{"time":186.5,"angle":157.5,"type":"block"},{"time":187,"angle":135,"type":"block"},{"time":188.75,"angle":180,"type":"block"},{"tap":true,"type":"block","time":188,"angle":303.75},{"time":191.5,"angle":123.75,"type":"block"},{"time":189.5,"angle":56.25,"type":"block"},{"time":190.75,"angle":236.25,"type":"block"},{"time":192.5,"angle":337.5,"type":"block"},{"time":193,"angle":315,"type":"block"},{"time":194,"angle":90,"type":"block"},{"time":194.5,"angle":112.5,"type":"block"},{"time":195,"angle":135,"type":"block"},{"time":195.5,"angle":157.5,"type":"block"},{"time":196,"angle":112.5,"type":"block"},{"time":149.5,"angle":168.75,"type":"mine"},{"time":150,"angle":225,"type":"mine"},{"time":149.5,"angle":157.5,"type":"mine"},{"time":150,"angle":213.75,"type":"mine"},{"time":196.5,"angle":360,"type":"block"},{"time":197,"angle":22.5,"type":"block"},{"time":197.5,"angle":45,"type":"block"},{"time":198,"angle":0,"type":"block"},{"time":198.5,"angle":315,"type":"block"},{"time":198.75,"angle":270,"type":"block"},{"time":199,"angle":225,"type":"block"},{"time":199.5,"angle":180,"type":"block"},{"time":199.5,"angle":157.5,"type":"block"},{"time":200,"angle":180,"type":"block"},{"time":200.5,"angle":202.5,"type":"block"},{"time":201,"angle":157.5,"type":"block"},{"time":202,"angle":247.5,"type":"block"},{"time":202.5,"angle":270,"type":"block"},{"time":203,"angle":225,"type":"block"},{"time":201.5,"angle":225,"type":"block"},{"time":203.5,"angle":292.5,"type":"block"},{"time":204,"angle":315,"type":"block"},{"time":204.5,"angle":337.5,"type":"block"},{"time":205,"angle":292.5,"type":"block"},{"time":206,"angle":112.5,"type":"block"},{"time":206.5,"angle":90,"type":"block"},{"time":207,"angle":135,"type":"block"},{"angle2":112.5,"type":"hold","time":208,"angle":180,"duration":1},{"angle2":236.25,"type":"hold","time":209,"angle":112.5,"duration":1},{"angle2":213.75,"type":"hold","time":209,"angle":112.5,"duration":1},{"angle2":157.5,"type":"hold","time":210,"angle":225,"duration":1},{"angle2":326.25,"type":"hold","time":211,"angle":146.25,"duration":1},{"angle2":337.5,"type":"hold","time":211,"angle":157.5,"duration":1},{"angle2":348.75,"type":"hold","time":211,"angle":168.75,"duration":1},{"time":209,"angle":157.5,"type":"mine"},{"time":209,"type":"mine","angle":168.75},{"time":210,"angle":157.5,"type":"mine"},{"time":210,"angle":168.75,"type":"mine"},{"time":211,"angle":213.75,"type":"mine"},{"time":215,"angle":45,"type":"block"},{"time":215.5,"angle":22.5,"type":"block"},{"time":216.5,"angle":22.5,"type":"block"},{"time":217.5,"angle":337.5,"type":"block"},{"time":218,"angle":315,"type":"block"},{"time":218.5,"angle":337.5,"type":"block"},{"time":219.5,"angle":90,"type":"block"},{"time":220,"angle":67.5,"type":"block"},{"time":220.5,"angle":45,"type":"block"},{"time":221,"angle":315,"type":"block"},{"time":221.5,"angle":337.5,"type":"block"},{"time":222,"angle":0,"type":"block"},{"time":222.5,"angle":90,"type":"block"},{"time":223,"angle":112.5,"type":"block"},{"time":223.5,"angle":180,"type":"block"},{"time":228.5,"angle":202.5,"type":"block"},{"time":229,"angle":135,"type":"block"},{"time":229.5,"angle":112.5,"type":"block"},{"time":230,"angle":180,"type":"block"},{"time":230.5,"angle":202.5,"type":"block"},{"time":231,"angle":247.5,"type":"block"},{"time":231.5,"angle":270,"type":"block"},{"time":232,"angle":202.5,"type":"block"},{"time":232.5,"angle":180,"type":"block"},{"time":233,"angle":157.5,"type":"block"},{"time":233.5,"angle":202.5,"type":"block"},{"time":235,"angle":315,"type":"block"},{"time":235.5,"angle":337.5,"type":"block"},{"time":236,"angle":0,"type":"block"},{"time":236.5,"angle":337.5,"type":"block"},{"time":237,"angle":315,"type":"block"},{"time":234,"angle":270,"type":"block"},{"time":234.5,"angle":292.5,"type":"block"},{"time":237.5,"angle":270,"type":"block"},{"time":238,"angle":225,"type":"block"},{"time":238.5,"angle":180,"type":"block"},{"time":239,"angle":225,"type":"block"},{"time":239.5,"angle":315,"type":"block"},{"angle2":135,"type":"hold","time":240,"angle":45,"duration":1},{"time":240,"angle":0,"type":"extraTap"},{"time":241,"angle":0,"type":"extraTap"},{"time":242,"angle":0,"type":"extraTap"},{"time":243,"angle":0,"type":"extraTap"},{"angle2":225,"type":"hold","time":241,"angle":135,"duration":1},{"angle2":315,"type":"hold","time":242,"angle":225,"duration":1},{"angle2":382.5,"type":"hold","time":243,"angle":315,"duration":1},{"time":246,"angle":337.5,"type":"block"},{"time":245.5,"angle":315,"type":"block"},{"tap":true,"type":"block","time":246.5,"angle":0},{"time":247,"angle":315,"type":"block"},{"time":247.5,"angle":135,"type":"block"},{"time":249,"angle":22.5,"type":"block"},{"time":249.5,"angle":45,"type":"block"},{"time":250.5,"angle":337.5,"type":"block"},{"tap":true,"type":"block","time":251.5,"angle":0},{"time":251,"angle":315,"type":"block"},{"time":252,"angle":45,"type":"block"},{"time":252.5,"angle":67.5,"type":"block"},{"time":253,"angle":90,"type":"block"},{"tap":true,"type":"block","time":253.5,"angle":45},{"time":254,"angle":315,"type":"block"},{"time":254.5,"angle":292.5,"type":"block"},{"time":255,"angle":270,"type":"block"},{"time":255.5,"angle":315,"type":"block"},{"time":256.5,"angle":315,"type":"block"},{"time":257,"angle":45,"type":"block"},{"tap":true,"type":"block","time":259.5,"angle":180},{"time":260,"angle":202.5,"type":"block"},{"time":260.5,"angle":225,"type":"block"},{"tap":true,"type":"block","time":261,"angle":315},{"time":261.5,"angle":292.5,"type":"block"},{"tap":true,"type":"block","time":262,"angle":270},{"time":263,"angle":22.5,"type":"block"},{"time":263.5,"angle":45,"type":"block"},{"time":264.5,"angle":270,"type":"block"},{"time":265,"angle":247.5,"type":"block"},{"time":265.5,"angle":225,"type":"block"},{"time":266,"angle":270,"type":"block"},{"time":266.5,"angle":0,"type":"block"},{"time":267,"angle":22.5,"type":"block"},{"tap":true,"type":"block","time":267.5,"angle":45},{"time":269,"angle":180,"type":"block"},{"time":270.5,"angle":202.5,"type":"block"},{"time":271,"angle":225,"type":"block"},{"time":271.5,"angle":247.5,"type":"block"},{"time":273,"angle":112.5,"type":"block"},{"time":273.5,"angle":90,"type":"block"},{"tap":true,"type":"block","time":272,"angle":180},{"time":272.5,"angle":157.5,"type":"block"},{"time":274,"angle":45,"type":"block"},{"tap":true,"type":"block","time":275.5,"angle":236.25},{"time":276,"angle":202.5,"type":"block"},{"time":276.5,"angle":180,"type":"block"},{"time":277,"angle":236.25,"type":"block"},{"time":277.5,"angle":315,"type":"block"},{"tap":true,"type":"block","time":278,"angle":292.5},{"time":278.5,"angle":270,"type":"block"},{"time":279,"angle":315,"type":"block"},{"tap":true,"type":"block","time":279.5,"angle":33.75},{"time":281,"angle":135,"type":"block"},{"tap":true,"type":"block","time":281.5,"angle":112.5},{"time":282,"angle":90,"type":"block"},{"time":282.5,"angle":135,"type":"block"},{"time":283,"angle":225,"type":"block"},{"time":283.5,"angle":247.5,"type":"block"},{"tap":true,"type":"block","time":284,"angle":270},{"time":289,"angle":315,"type":"block"},{"time":286,"angle":315,"type":"block"},{"time":288.5,"angle":270,"type":"block"},{"time":289.5,"angle":45,"type":"block"},{"time":290,"angle":22.5,"type":"block"},{"time":291,"angle":315,"type":"block"},{"time":291.5,"angle":281.25,"type":"block"},{"tap":true,"type":"block","time":292,"angle":180},{"time":292.5,"angle":157.5,"type":"block"},{"time":293,"angle":135,"type":"block"},{"time":293.5,"angle":180,"type":"block"},{"tap":true,"type":"block","time":294,"angle":270},{"time":294.5,"angle":247.5,"type":"block"},{"time":295,"angle":225,"type":"block"},{"time":295.5,"angle":270,"type":"block"},{"tap":true,"type":"block","time":296,"angle":0},{"time":296.5,"angle":22.5,"type":"block"},{"time":297,"angle":45,"type":"block"},{"time":298,"angle":45,"type":"block"},{"time":298.5,"angle":67.5,"type":"block"},{"time":299.5,"angle":292.5,"type":"block"},{"time":303.5,"angle":270,"type":"block"},{"time":304.5,"angle":22.5,"type":"block"},{"time":305,"angle":45,"type":"block"},{"time":306,"angle":270,"type":"block"},{"time":306.5,"angle":292.5,"type":"block"},{"time":308,"angle":315,"type":"block"},{"time":305.5,"angle":0,"type":"block"},{"time":309,"angle":135,"type":"block"},{"time":320.5,"angle":135,"type":"block"},{"time":322.5,"angle":135,"type":"block"},{"time":325,"angle":135,"type":"block"},{"time":310,"angle":315,"type":"block"},{"time":311.5,"angle":315,"type":"block"},{"time":312.5,"angle":225,"type":"block"},{"time":313,"angle":270,"type":"block"},{"time":313.5,"angle":315,"type":"block"},{"time":314,"angle":405,"type":"block"},{"time":314.5,"angle":90,"type":"block"},{"time":315,"angle":135,"type":"block"},{"time":321,"angle":157.5,"type":"block"},{"time":321.5,"angle":180,"type":"block"},{"time":322,"angle":157.5,"type":"block"},{"time":323,"angle":112.5,"type":"block"},{"time":311,"angle":360,"type":"block"},{"time":310.5,"angle":337.5,"type":"block"},{"time":318,"angle":315,"type":"block"},{"time":318.5,"angle":292.5,"type":"block"},{"time":319,"angle":270,"type":"block"},{"time":319.5,"angle":315,"type":"block"},{"time":316,"angle":315,"type":"block"},{"time":317,"angle":135,"type":"block"},{"time":326,"angle":315,"type":"block"},{"time":326.5,"angle":337.5,"type":"block"},{"time":327,"angle":360,"type":"block"},{"time":327.5,"angle":315,"type":"block"},{"time":330,"angle":157.5,"type":"block"},{"time":332,"angle":405,"type":"block"},{"time":333,"angle":225,"type":"block"},{"time":334,"angle":45,"type":"block"},{"time":334.5,"angle":382.5,"type":"block"},{"time":335,"angle":360,"type":"block"},{"time":335.5,"angle":45,"type":"block"},{"time":328.5,"angle":157.5,"type":"block"},{"time":329,"angle":135,"type":"block"},{"time":329.5,"angle":112.5,"type":"block"},{"time":330.5,"angle":225,"type":"block"},{"time":331,"angle":270,"type":"block"},{"time":336.5,"angle":123.75,"type":"side"},{"time":337.25,"angle":236.25,"type":"side"},{"time":338,"angle":0,"type":"side"},{"time":339,"angle":180,"type":"block"},{"time":340,"angle":0,"type":"block"},{"time":341,"angle":180,"type":"block"},{"time":342,"angle":360,"type":"block"},{"time":342.5,"angle":22.5,"type":"block"},{"time":343,"angle":45,"type":"block"},{"time":343.5,"angle":0,"type":"block"},{"time":344.5,"angle":180,"type":"block"},{"time":345,"angle":157.5,"type":"block"},{"time":345.5,"angle":135,"type":"block"},{"time":346,"angle":180,"type":"block"},{"time":346.5,"angle":90,"type":"block"},{"time":347,"angle":112.5,"type":"block"},{"time":347.5,"angle":135,"type":"block"},{"time":349,"angle":270,"type":"block"},{"time":350.5,"angle":67.5,"type":"block"},{"time":351,"angle":45,"type":"block"},{"time":352.5,"angle":180,"type":"block"},{"time":353,"angle":202.5,"type":"block"},{"time":353.5,"angle":225,"type":"block"},{"time":354,"angle":0,"type":"block"},{"time":354.5,"angle":337.5,"type":"block"},{"time":355,"angle":315,"type":"block"},{"time":356,"angle":135,"type":"block"},{"time":357,"angle":315,"type":"block"},{"time":358,"angle":135,"type":"block"},{"time":358.5,"angle":157.5,"type":"block"},{"time":359,"angle":180,"type":"block"},{"time":359.5,"angle":135,"type":"block"},{"time":361,"angle":67.5,"type":"block"},{"time":361.5,"angle":45,"type":"block"},{"time":362.5,"angle":180,"type":"block"},{"time":363,"angle":135,"type":"block"},{"time":364,"angle":315,"type":"block"},{"time":365,"angle":135,"type":"block"},{"time":366,"angle":315,"type":"block"},{"time":366.5,"angle":337.5,"type":"block"},{"time":367,"angle":0,"type":"block"},{"time":367.5,"angle":315,"type":"block"},{"time":368.5,"angle":123.75,"type":"block"},{"time":369.25,"angle":0,"type":"block"},{"time":370,"angle":236.25,"type":"block"},{"angle2":45,"type":"hold","time":371,"angle":45,"duration":22},{"angle2":56.25,"type":"hold","time":371,"angle":56.25,"duration":22},{"angle2":33.75,"type":"hold","time":371,"angle":33.75,"duration":22},{"time":18.5,"angle":22.5,"type":"block"},{"time":19.5,"angle":22.5,"type":"block"},{"time":20.5,"angle":22.5,"type":"block"},{"time":21.5,"angle":22.5,"type":"block"},{"time":39,"angle":67.5,"type":"block"},{"time":307,"angle":315,"type":"block"},{"time":307.5,"angle":45,"type":"block"},{"time":324,"angle":315,"type":"block"},{"tap":true,"type":"block","time":56,"angle":45},{"time":151,"type":"mine","angle":180},{"time":151,"type":"mine","angle":168.75},{"time":211,"type":"mine","angle":225}]