{"metadata":{"difficulty":7,"bg":true,"description":"!!! FLASHING LIGHTS WARNING !!!\n\nIn a world like this where you can't even say ******\nIt would be better to drink a glass of ******.\n\nMy first full stage!\nI hope it's fun!\n","artist":"Frog96","charter":"Mawbit","songName":"Letter to the Black World","bgData":{"blueChannel":{"r":238,"b":238,"g":238},"image":"cover.png","redChannel":{"r":204,"b":204,"g":204}},"artistLink":"https://www.youtube.com/channel/UC2395o6B5FIej43GpqSc1eg"},"properties":{"speed":70,"loadBeat":-2,"formatversion":12,"startBeat":0,"offset":32},"events":[{"angle":0,"file":"LetterToTheBlackWorld.ogg","time":-1.3999999761581,"type":"play","volume":1,"bpm":185},{"time":390,"angle":0,"type":"showResults"},{"duration":1,"type":"paddles","angle":0,"time":373,"ease":"outElastic","newWidth":360,"paddle":1},{"g":119,"color":1,"type":"setColor","duration":5,"ease":"linear","order":1,"time":-2,"b":119,"r":119,"angle":11.25},{"angle":337.5,"type":"setColor","g":0,"time":24,"r":0,"b":0,"color":1},{"g":204,"color":0,"type":"setColor","order":1,"time":-2,"b":204,"r":204,"angle":348.75},{"angle":22.5,"type":"setColor","g":255,"time":24,"r":255,"b":255,"color":0},{"var":"vfx.canvPos.sy","start":1.5,"value":1,"ease":"inExpo","time":-2,"angle":78.75,"duration":23,"type":"ease"},{"var":"vfx.canvPos.sx","start":1.5,"value":1,"ease":"inExpo","time":-2,"angle":101.25,"duration":23,"type":"ease"},{"value":2,"angle":78.75,"ease":"outElastic","time":22,"type":"ease","duration":1,"var":"vfx.canvPos.sx"},{"value":2,"angle":101.25,"ease":"outElastic","time":22,"type":"ease","duration":1,"var":"vfx.canvPos.sy"},{"value":0.89999997615814,"angle":326.25,"ease":"outBack","time":23,"type":"ease","duration":0.5,"var":"vfx.canvPos.sx"},{"value":0.89999997615814,"angle":33.75,"ease":"outBack","time":23,"type":"ease","duration":0.5,"var":"vfx.canvPos.sy"},{"value":1,"angle":326.25,"ease":"outExpo","time":23.5,"type":"ease","duration":0.5,"var":"vfx.canvPos.sx"},{"value":1,"angle":33.75,"ease":"outExpo","time":23.5,"type":"ease","duration":0.5,"var":"vfx.canvPos.sy"},{"value":2,"angle":78.75,"ease":"outElastic","time":38,"type":"ease","duration":1,"var":"vfx.canvPos.sx"},{"value":2,"angle":101.25,"ease":"outElastic","time":38,"type":"ease","duration":1,"var":"vfx.canvPos.sy"},{"value":0.89999997615814,"angle":326.25,"ease":"outBack","time":39,"type":"ease","duration":0.5,"var":"vfx.canvPos.sx"},{"value":0.89999997615814,"angle":33.75,"ease":"outBack","time":39,"type":"ease","duration":0.5,"var":"vfx.canvPos.sy"},{"value":1,"angle":326.25,"ease":"outExpo","time":39.5,"type":"ease","duration":0.5,"var":"vfx.canvPos.sx"},{"value":1,"angle":33.75,"ease":"outExpo","time":39.5,"type":"ease","duration":0.5,"var":"vfx.canvPos.sy"},{"value":1.2000000476837,"angle":78.75,"ease":"outElastic","time":36.5,"type":"ease","duration":1,"var":"vfx.canvPos.sx"},{"value":1.2000000476837,"angle":101.25,"ease":"outElastic","time":37,"type":"ease","duration":1,"var":"vfx.canvPos.sy"},{"value":1,"angle":78.75,"ease":"outElastic","time":37,"type":"ease","duration":1,"var":"vfx.canvPos.sx"},{"value":1,"angle":101.25,"ease":"outElastic","time":37.5,"type":"ease","duration":1,"var":"vfx.canvPos.sy"},{"value":2,"angle":168.75,"ease":"outElastic","time":86,"type":"ease","duration":1,"var":"vfx.canvPos.sx"},{"value":2,"angle":191.25,"ease":"outElastic","time":86,"type":"ease","duration":1,"var":"vfx.canvPos.sy"},{"value":1.2000000476837,"angle":168.75,"ease":"outElastic","time":84.5,"type":"ease","duration":1,"var":"vfx.canvPos.sx"},{"value":1.2000000476837,"angle":191.25,"ease":"outElastic","time":85,"type":"ease","duration":1,"var":"vfx.canvPos.sy"},{"value":1,"angle":168.75,"ease":"outElastic","time":85,"type":"ease","duration":1,"var":"vfx.canvPos.sx"},{"value":1,"angle":191.25,"ease":"outElastic","time":85.5,"type":"ease","duration":1,"var":"vfx.canvPos.sy"},{"value":0.89999997615814,"angle":146.25,"ease":"outBack","time":87,"type":"ease","duration":0.5,"var":"vfx.canvPos.sx"},{"value":0.89999997615814,"angle":-146.25,"ease":"outBack","time":87,"type":"ease","duration":0.5,"var":"vfx.canvPos.sy"},{"value":1,"angle":146.25,"ease":"outExpo","time":87.5,"type":"ease","duration":0.5,"var":"vfx.canvPos.sx"},{"value":1,"angle":-146.25,"ease":"outExpo","time":87.5,"type":"ease","duration":0.5,"var":"vfx.canvPos.sy"},{"value":1.1000000238419,"angle":67.5,"ease":"outElastic","time":112,"type":"ease","duration":1,"var":"vfx.canvPos.sx"},{"value":1.1000000238419,"angle":78.75,"ease":"outElastic","time":112,"type":"ease","duration":1,"var":"vfx.canvPos.sy"},{"value":1.2000000476837,"angle":45,"ease":"outElastic","time":113,"type":"ease","duration":1,"var":"vfx.canvPos.sx"},{"value":1.2000000476837,"angle":56.25,"ease":"outElastic","time":113,"type":"ease","duration":1,"var":"vfx.canvPos.sy"},{"value":1.2999999523163,"type":"ease","angle":33.75,"time":114,"duration":1,"ease":"outElastic","var":"vfx.canvPos.sx"},{"var":"vfx.canvPos.sy","type":"ease","value":1.2999999523163,"time":114,"ease":"outElastic","angle":45,"duration":1},{"value":1.3999999761581,"angle":67.5,"ease":"outElastic","time":115,"type":"ease","duration":1,"var":"vfx.canvPos.sx"},{"value":1.3999999761581,"angle":78.75,"ease":"outElastic","time":115,"type":"ease","duration":1,"var":"vfx.canvPos.sy"},{"var":"vfx.canvPos.sx","type":"ease","duration":1,"time":116,"value":1.5,"angle":56.25,"ease":"outElastic"},{"var":"vfx.canvPos.sy","ease":"outElastic","type":"ease","time":116,"value":1.5,"duration":1,"angle":67.5},{"value":1.6000000238419,"angle":90,"ease":"outElastic","time":117,"type":"ease","duration":1,"var":"vfx.canvPos.sx"},{"value":1.6000000238419,"angle":101.25,"ease":"outElastic","time":117,"type":"ease","duration":1,"var":"vfx.canvPos.sy"},{"var":"vfx.canvPos.sx","type":"ease","value":1.7000000476837,"time":118,"ease":"outElastic","angle":78.75,"duration":1},{"var":"vfx.canvPos.sy","angle":90,"value":1.7000000476837,"time":118,"type":"ease","duration":1,"ease":"outElastic"},{"value":0.89999997615814,"angle":157.5,"ease":"outBack","time":119,"type":"ease","duration":1,"var":"vfx.canvPos.sx"},{"value":0.89999997615814,"angle":168.75,"ease":"outBack","time":119,"type":"ease","duration":1,"var":"vfx.canvPos.sy"},{"value":1,"angle":326.25,"ease":"outElastic","time":120,"type":"ease","duration":0.5,"var":"vfx.canvPos.sx"},{"value":1,"angle":-22.5,"ease":"outElastic","time":120,"type":"ease","duration":0.5,"var":"vfx.canvPos.sy"},{"value":1.2000000476837,"angle":157.5,"ease":"outElastic","time":148.5,"type":"ease","duration":1,"var":"vfx.canvPos.sx"},{"value":1,"angle":213.75,"ease":"outElastic","time":149.5,"type":"ease","duration":0.5,"var":"vfx.canvPos.sx"},{"value":1.2000000476837,"angle":225,"ease":"outElastic","time":149.5,"type":"ease","duration":0.5,"var":"vfx.canvPos.sy"},{"value":1.5,"angle":168.75,"ease":"outElastic","time":150,"type":"ease","duration":1,"var":"vfx.canvPos.sx"},{"value":1.5,"angle":157.5,"ease":"outElastic","time":150,"type":"ease","duration":1,"var":"vfx.canvPos.sy"},{"value":0.89999997615814,"angle":258.75,"ease":"outBack","time":151,"type":"ease","duration":1,"var":"vfx.canvPos.sx"},{"value":0.89999997615814,"angle":247.5,"ease":"outBack","time":151,"type":"ease","duration":1,"var":"vfx.canvPos.sy"},{"value":1,"angle":67.5,"ease":"outElastic","time":152,"type":"ease","duration":0.5,"var":"vfx.canvPos.sx"},{"value":1,"angle":56.25,"ease":"outElastic","time":152,"type":"ease","duration":0.5,"var":"vfx.canvPos.sy"},{"value":2,"angle":168.75,"ease":"outElastic","time":182,"type":"ease","duration":1,"var":"vfx.canvPos.sx"},{"value":2,"angle":191.25,"ease":"outElastic","time":182,"type":"ease","duration":1,"var":"vfx.canvPos.sy"},{"value":0.89999997615814,"angle":416.25,"ease":"outBack","time":183,"type":"ease","duration":0.5,"var":"vfx.canvPos.sx"},{"value":0.89999997615814,"angle":123.75,"ease":"outBack","time":183,"type":"ease","duration":0.5,"var":"vfx.canvPos.sy"},{"value":1,"angle":416.25,"ease":"outExpo","time":183.5,"type":"ease","duration":0.5,"var":"vfx.canvPos.sx"},{"value":1,"angle":123.75,"ease":"outExpo","time":183.5,"type":"ease","duration":0.5,"var":"vfx.canvPos.sy"},{"value":1.2000000476837,"angle":168.75,"ease":"outElastic","time":180.5,"type":"ease","duration":1,"var":"vfx.canvPos.sx"},{"value":1.2000000476837,"angle":191.25,"ease":"outElastic","time":181,"type":"ease","duration":1,"var":"vfx.canvPos.sy"},{"value":1,"angle":168.75,"ease":"outElastic","time":181,"type":"ease","duration":1,"var":"vfx.canvPos.sx"},{"value":1,"angle":191.25,"ease":"outElastic","time":181.5,"type":"ease","duration":1,"var":"vfx.canvPos.sy"},{"value":1.2999999523163,"angle":22.5,"ease":"outElastic","time":208,"type":"ease","duration":1,"var":"vfx.canvPos.sx"},{"value":1.2999999523163,"angle":33.75,"ease":"outElastic","time":208,"type":"ease","duration":1,"var":"vfx.canvPos.sy"},{"value":1.6000000238419,"angle":22.5,"ease":"outElastic","time":209,"type":"ease","duration":1,"var":"vfx.canvPos.sx"},{"value":1.6000000238419,"angle":33.75,"ease":"outElastic","time":209,"type":"ease","duration":1,"var":"vfx.canvPos.sy"},{"value":0.89999997615814,"angle":78.75,"ease":"outBack","time":211,"type":"ease","duration":1,"var":"vfx.canvPos.sx"},{"value":0.89999997615814,"angle":90,"ease":"outBack","time":211,"type":"ease","duration":1,"var":"vfx.canvPos.sy"},{"value":1,"angle":11.25,"ease":"outElastic","time":212,"type":"ease","duration":0.5,"var":"vfx.canvPos.sx"},{"value":1,"angle":22.5,"ease":"outElastic","time":212,"type":"ease","duration":0.5,"var":"vfx.canvPos.sy"},{"value":1.8999999761581,"angle":78.75,"ease":"outElastic","time":210,"type":"ease","duration":1,"var":"vfx.canvPos.sx"},{"value":1.8999999761581,"angle":67.5,"ease":"outElastic","time":210,"type":"ease","duration":1,"var":"vfx.canvPos.sy"},{"value":5,"angle":0,"ease":"inSine","time":366,"type":"ease","duration":5,"var":"vfx.hglitch.strength"},{"g":0,"color":0,"duration":1,"type":"setColor","angle":360,"time":371,"b":0,"r":0,"ease":"outElastic"},{"var":"vfx.hglitch.strength","start":5,"value":3,"ease":"inExpo","time":-2,"angle":123.75,"duration":26,"type":"ease"},{"var":"vfx.hglitch.strength","angle":45,"time":24,"value":0,"type":"ease"},{"value":2,"angle":90,"ease":"outElastic","time":322,"type":"ease","duration":1,"var":"vfx.canvPos.sx"},{"value":2,"angle":112.5,"ease":"outElastic","time":322,"type":"ease","duration":1,"var":"vfx.canvPos.sy"},{"value":1.2000000476837,"angle":90,"ease":"outElastic","time":320.5,"type":"ease","duration":1,"var":"vfx.canvPos.sx"},{"value":1.2000000476837,"angle":112.5,"ease":"outElastic","time":321,"type":"ease","duration":1,"var":"vfx.canvPos.sy"},{"value":1,"angle":90,"ease":"outElastic","time":321,"type":"ease","duration":1,"var":"vfx.canvPos.sx"},{"value":1,"angle":112.5,"ease":"outElastic","time":321.5,"type":"ease","duration":1,"var":"vfx.canvPos.sy"},{"value":0.89999997615814,"angle":45,"ease":"outBack","time":323,"type":"ease","duration":0.5,"var":"vfx.canvPos.sx"},{"value":0.89999997615814,"angle":67.5,"ease":"outBack","time":323,"type":"ease","duration":0.5,"var":"vfx.canvPos.sy"},{"value":1,"angle":67.5,"ease":"outExpo","time":323.5,"type":"ease","duration":0.5,"var":"vfx.canvPos.sx"},{"value":1,"angle":45,"ease":"outExpo","time":323.5,"type":"ease","duration":0.5,"var":"vfx.canvPos.sy"},{"value":2,"angle":67.5,"ease":"outElastic","time":354,"type":"ease","duration":1,"var":"vfx.canvPos.sx"},{"value":2,"angle":90,"ease":"outElastic","time":354,"type":"ease","duration":1,"var":"vfx.canvPos.sy"},{"value":1.2000000476837,"angle":67.5,"ease":"outElastic","time":352.5,"type":"ease","duration":1,"var":"vfx.canvPos.sx"},{"value":1.2000000476837,"angle":90,"ease":"outElastic","time":353,"type":"ease","duration":1,"var":"vfx.canvPos.sy"},{"value":1,"angle":67.5,"ease":"outElastic","time":353,"type":"ease","duration":1,"var":"vfx.canvPos.sx"},{"value":1,"angle":90,"ease":"outElastic","time":353.5,"type":"ease","duration":1,"var":"vfx.canvPos.sy"},{"value":0.89999997615814,"angle":22.5,"ease":"outBack","time":355,"type":"ease","duration":0.5,"var":"vfx.canvPos.sx"},{"value":0.89999997615814,"angle":45,"ease":"outBack","time":355,"type":"ease","duration":0.5,"var":"vfx.canvPos.sy"},{"value":1,"angle":45,"ease":"outExpo","time":355.5,"type":"ease","duration":0.5,"var":"vfx.canvPos.sx"},{"value":1,"angle":22.5,"ease":"outExpo","time":355.5,"type":"ease","duration":0.5,"var":"vfx.canvPos.sy"},{"g":204,"color":1,"type":"setColor","order":0,"time":-2,"b":204,"r":204,"angle":33.75},{"angle":360,"type":"setColor","g":204,"time":-1,"r":204,"b":204,"color":2},{"id":"1","sx":2,"sy":2,"ox":160,"drawLayer":"bg","angle":-11.25,"type":"deco","sprite":"bgEnter!enter","time":24,"oy":96,"x":300,"y":180},{"id":"2","sx":2,"sy":2,"ox":160,"drawLayer":"bg","angle":0,"type":"deco","sprite":"bgEnter!enter","time":27.75,"oy":96,"x":300,"y":244},{"id":"1","angle":-11.25,"time":27.75,"sprite":"bgEnter!pulsedown","type":"deco"},{"id":"3","sx":2,"sy":2,"ox":160,"drawLayer":"bg","angle":11.25,"type":"deco","sprite":"bgEnter!enter","time":31.5,"oy":96,"x":300,"y":308},{"id":"1","angle":348.75,"time":31.5,"sprite":"bgEnter!pulsedown","type":"deco"},{"id":"2","angle":0,"time":31.5,"sprite":"bgEnter!pulsedown","type":"deco"},{"id":"4","sx":2,"sy":2,"ox":160,"drawLayer":"bg","angle":22.5,"type":"deco","sprite":"bgEnter!enter","time":35.25,"oy":96,"x":300,"y":372},{"id":"2","angle":0,"time":35.25,"sprite":"bgEnter!pulsedown","type":"deco"},{"id":"3","angle":11.25,"time":35.25,"sprite":"bgEnter!pulsedown","type":"deco"},{"id":"1","angle":348.75,"time":35.25,"sprite":"bgEnter!pulsedown","type":"deco"},{"id":"5","sx":2,"sy":2,"ox":160,"drawLayer":"bg","angle":33.75,"type":"deco","sprite":"bgEnter!enter","time":39,"oy":96,"x":300,"y":436},{"id":"3","angle":11.25,"time":39,"sprite":"bgEnter!pulsedown","type":"deco"},{"id":"4","angle":22.5,"time":39,"sprite":"bgEnter!pulsedown","type":"deco"},{"id":"1","angle":348.75,"time":39,"sprite":"bgEnter!pulsedown","type":"deco"},{"id":"2","angle":0,"time":39,"sprite":"bgEnter!pulsedown","type":"deco"},{"id":"6","sx":2,"sy":2,"ox":160,"drawLayer":"bg","angle":45,"type":"deco","sprite":"bgEnter!enter","time":42.75,"oy":96,"x":300,"y":500},{"id":"4","angle":22.5,"time":42.75,"sprite":"bgEnter!pulsedown","type":"deco"},{"id":"5","angle":33.75,"time":42.75,"sprite":"bgEnter!pulsedown","type":"deco"},{"id":"1","angle":-11.25,"time":42.75,"sprite":"bgEnter!pulsedown","type":"deco"},{"id":"3","angle":11.25,"time":42.75,"sprite":"bgEnter!pulsedown","type":"deco"},{"id":"2","angle":0,"time":42.75,"sprite":"bgEnter!pulsedown","type":"deco"},{"id":"0","sx":2,"sy":2,"ox":160,"drawLayer":"bg","drawOrder":10,"type":"deco","time":47.5,"angle":360,"sprite":"bg.png","oy":96},{"id":"10","sx":2,"sy":2,"ox":160,"drawLayer":"fg","drawOrder":11,"type":"deco","time":56,"angle":11.25,"sprite":"censor!enter","oy":96},{"id":"10","sx":-2,"type":"deco","time":59,"sprite":"censor!exit","angle":360},{"id":"10","sx":2,"sy":2,"ox":160,"drawLayer":"fg","drawOrder":11,"angle":11.25,"sprite":"censor!enter","time":72,"oy":96,"r":180,"type":"deco"},{"id":"10","sx":-2,"type":"deco","time":73,"sprite":"censor!exit","angle":0},{"id":"10","sx":2,"sy":2,"ox":160,"drawLayer":"fg","drawOrder":11,"angle":11.25,"sprite":"censor!enter","time":94,"oy":96,"r":2.5,"type":"deco"},{"id":"10","sx":-2,"type":"deco","time":95.5,"sprite":"censor!exit","angle":0},{"id":"10","sx":2,"sy":2,"ox":160,"drawLayer":"fg","drawOrder":11,"angle":11.25,"sprite":"censor!enter","time":104,"oy":96,"r":0,"type":"deco"},{"id":"10","sx":-2,"type":"deco","time":105,"sprite":"censor!exit","angle":360},{"id":"10","sx":2,"sy":2,"ox":160,"drawLayer":"fg","drawOrder":11,"type":"deco","angle":11.25,"time":184.5,"sprite":"censor!enter","r":175,"oy":96},{"id":"10","sx":-2,"type":"deco","time":185,"sprite":"censor!exit","angle":0},{"id":"10","sx":2,"sy":2,"ox":160,"drawLayer":"fg","drawOrder":11,"angle":11.25,"sprite":"censor!enter","time":188,"oy":96,"r":2.5,"type":"deco"},{"id":"10","sx":-2,"type":"deco","time":189.5,"sprite":"censor!exit","angle":360},{"id":"10","sx":2,"sy":2,"ox":160,"drawLayer":"fg","drawOrder":11,"type":"deco","time":243.5,"angle":11.25,"sprite":"censor!enter","oy":96},{"id":"10","sx":-2,"type":"deco","time":244,"sprite":"censor!exit","angle":0},{"id":"10","sx":2,"sy":2,"ox":160,"drawLayer":"fg","drawOrder":11,"angle":11.25,"sprite":"censor!enter","time":245,"oy":96,"r":-170,"type":"deco"},{"id":"10","sx":-2,"type":"deco","time":245.5,"sprite":"censor!exit","angle":0},{"id":"10","sx":2,"sy":2,"ox":160,"drawLayer":"fg","drawOrder":11,"angle":11.25,"sprite":"censor!enter","time":246.5,"oy":96,"r":-5,"type":"deco"},{"id":"10","sx":-2,"type":"deco","time":247.5,"sprite":"censor!exit","angle":0},{"id":"10","sx":2,"sy":2,"ox":160,"drawLayer":"fg","drawOrder":11,"angle":11.25,"sprite":"censor!enter","time":248.5,"oy":96,"r":0,"type":"deco"},{"id":"10","sx":-2,"type":"deco","time":249,"sprite":"censor!exit","angle":0},{"id":"10","sx":2,"sy":2,"ox":160,"drawLayer":"fg","drawOrder":11,"angle":11.25,"sprite":"censor!enter","time":251.5,"oy":96,"r":-165,"type":"deco"},{"id":"10","sx":-2,"type":"deco","time":252,"sprite":"censor!exit","angle":0},{"id":"10","sx":2,"sy":2,"ox":160,"drawLayer":"fg","drawOrder":11,"angle":11.25,"sprite":"censor!enter","time":253.5,"oy":96,"r":5,"type":"deco"},{"id":"10","sx":-2,"type":"deco","time":254,"sprite":"censor!exit","angle":0},{"id":"10","sx":2,"sy":2,"ox":160,"drawLayer":"fg","drawOrder":11,"angle":11.25,"sprite":"censor!enter","time":256,"oy":96,"r":-10,"type":"deco"},{"id":"10","sx":-2,"type":"deco","time":257,"sprite":"censor!exit","angle":0},{"id":"10","sx":2,"sy":2,"ox":160,"drawLayer":"fg","drawOrder":11,"angle":11.25,"sprite":"censor!enter","time":259.5,"oy":96,"r":7.5,"type":"deco"},{"id":"10","sx":-2,"type":"deco","time":260.5,"sprite":"censor!exit","angle":348.75},{"id":"10","sx":2,"sy":2,"ox":160,"drawLayer":"fg","drawOrder":11,"type":"deco","angle":11.25,"time":261,"sprite":"censor!enter","r":177.5,"oy":96},{"id":"10","sx":-2,"type":"deco","time":261.5,"sprite":"censor!exit","angle":360},{"id":"10","sx":2,"sy":2,"ox":160,"drawLayer":"fg","drawOrder":11,"angle":348.75,"sprite":"censor!enter","time":262,"oy":96,"r":5,"type":"deco"},{"id":"10","sx":-2,"type":"deco","time":262.5,"sprite":"censor!exit","angle":337.5},{"id":"10","sx":2,"sy":2,"ox":160,"oy":96,"drawOrder":11,"angle":11.25,"drawLayer":"fg","time":264,"sprite":"censor!enter","r":-10,"type":"deco"},{"id":"10","sx":-2,"type":"deco","time":265,"sprite":"censor!exit","angle":0},{"id":"10","sx":2,"sy":2,"ox":160,"drawLayer":"fg","drawOrder":11,"angle":11.25,"sprite":"censor!enter","time":267.5,"oy":96,"r":-7.5,"type":"deco"},{"id":"10","sx":-2,"type":"deco","time":268.5,"sprite":"censor!exit","angle":360},{"id":"10","sx":2,"sy":2,"ox":160,"drawLayer":"fg","drawOrder":11,"angle":11.25,"sprite":"censor!enter","time":269.5,"oy":96,"r":10,"type":"deco"},{"id":"10","sx":-2,"type":"deco","time":270,"sprite":"censor!exit","angle":0},{"id":"10","sx":2,"sy":2,"ox":160,"oy":96,"drawOrder":11,"angle":11.25,"drawLayer":"fg","time":272,"sprite":"censor!enter","r":175,"type":"deco"},{"id":"10","sx":-2,"type":"deco","time":272.5,"sprite":"censor!exit","angle":0},{"id":"10","sx":2,"sy":2,"ox":160,"drawLayer":"fg","drawOrder":11,"angle":11.25,"sprite":"censor!enter","time":275.5,"oy":96,"r":-5,"type":"deco"},{"id":"10","sx":-2,"type":"deco","time":276.5,"sprite":"censor!exit","angle":360},{"id":"10","sx":2,"sy":2,"ox":160,"drawLayer":"fg","drawOrder":11,"angle":0,"sprite":"censor!enter","time":278,"oy":96,"r":2.5,"type":"deco"},{"id":"10","sx":-2,"type":"deco","time":278.5,"sprite":"censor!exit","angle":0},{"id":"10","sx":-2,"sy":2,"ox":160,"drawLayer":"fg","drawOrder":11,"type":"deco","angle":11.25,"time":279.5,"sprite":"censor!enter","r":10,"oy":96},{"id":"10","sx":2,"type":"deco","time":280.5,"sprite":"censor!exit","angle":22.5},{"id":"10","sx":2,"sy":2,"ox":160,"drawLayer":"fg","drawOrder":11,"angle":11.25,"sprite":"censor!enter","time":281.5,"oy":96,"r":-2.5,"type":"deco"},{"id":"10","sx":-2,"type":"deco","time":282.5,"sprite":"censor!exit","angle":0},{"id":"10","sx":2,"sy":2,"ox":160,"drawLayer":"fg","drawOrder":11,"angle":11.25,"sprite":"censor!enter","time":284,"oy":96,"r":15,"type":"deco"},{"id":"10","sx":-2,"type":"deco","time":285,"sprite":"censor!exit","angle":0},{"id":"10","sx":2,"sy":2,"ox":160,"drawLayer":"fg","drawOrder":11,"angle":11.25,"sprite":"censor!enter","time":285.5,"oy":96,"r":-15,"type":"deco"},{"id":"10","sx":-2,"type":"deco","time":286.5,"sprite":"censor!exit","angle":360},{"id":"10","sx":2,"sy":2,"ox":160,"drawLayer":"fg","drawOrder":11,"angle":11.25,"sprite":"censor!enter","time":287,"oy":96,"r":90,"type":"deco"},{"id":"10","sx":-2,"type":"deco","time":288,"sprite":"censor!exit","angle":360},{"id":"10","sx":2,"sy":2,"ox":160,"drawLayer":"fg","drawOrder":11,"angle":11.25,"sprite":"censor!enter","time":292,"oy":96,"r":10,"type":"deco"},{"id":"10","sx":-2,"type":"deco","time":292.5,"sprite":"censor!exit","angle":0},{"id":"10","sx":-2,"sy":2,"ox":160,"drawLayer":"fg","drawOrder":11,"angle":11.25,"sprite":"censor!enter","time":294,"oy":96,"r":7.5,"type":"deco"},{"id":"10","sx":2,"type":"deco","time":294.5,"sprite":"censor!exit","angle":0},{"id":"10","sx":2,"sy":2,"ox":160,"drawLayer":"fg","drawOrder":11,"angle":11.25,"sprite":"censor!enter","time":296,"oy":96,"r":-5,"type":"deco"},{"id":"10","sx":-2,"type":"deco","time":297,"sprite":"censor!exit","angle":360},{"angle":348.75,"type":"setColor","g":255,"time":47.5,"r":255,"b":255,"color":3},{"angle":11.25,"type":"setColor","g":204,"time":47.5,"r":204,"b":204,"color":2},{"id":"0","sx":2,"type":"deco","time":59,"sprite":"bg!xstart","angle":90},{"id":"0","sx":-2,"type":"deco","time":60,"sprite":"bg!xend","angle":90},{"id":"0","sx":2,"type":"deco","time":61,"sprite":"bg!xstart","angle":90},{"id":"0","sx":-2,"type":"deco","time":62,"sprite":"bg!xend","angle":90},{"angle":78.75,"type":"setColor","g":255,"time":59,"r":255,"b":255,"color":3},{"angle":101.25,"type":"setColor","g":204,"time":59,"r":204,"b":204,"color":2},{"angle":78.75,"type":"setColor","g":255,"time":61,"r":255,"b":255,"color":2},{"angle":101.25,"type":"setColor","g":204,"time":61,"r":204,"b":204,"color":3},{"id":"0","sx":2,"type":"deco","time":63,"sprite":"bg!xstart","angle":90},{"id":"0","sx":-2,"type":"deco","time":64,"sprite":"bg!xend","angle":90},{"id":"0","sx":2,"type":"deco","time":65,"sprite":"bg!xstart","angle":90},{"id":"0","sx":-2,"type":"deco","time":66,"sprite":"bg!xend","angle":90},{"angle":78.75,"type":"setColor","g":255,"time":63,"r":255,"b":255,"color":3},{"angle":101.25,"type":"setColor","g":204,"time":63,"r":204,"b":204,"color":2},{"angle":78.75,"type":"setColor","g":255,"time":65,"r":255,"b":255,"color":2},{"angle":101.25,"type":"setColor","g":204,"time":65,"r":204,"b":204,"color":3},{"id":"0","sx":2,"type":"deco","time":67,"sprite":"bg!xstart","angle":90},{"id":"0","sx":-2,"type":"deco","time":68,"sprite":"bg!xend","angle":90},{"id":"0","sx":2,"type":"deco","time":69,"sprite":"bg!xstart","angle":90},{"id":"0","sx":-2,"type":"deco","time":70,"sprite":"bg!xend","angle":90},{"angle":78.75,"type":"setColor","g":255,"time":67,"r":255,"b":255,"color":3},{"angle":101.25,"type":"setColor","g":204,"time":67,"r":204,"b":204,"color":2},{"angle":78.75,"type":"setColor","g":255,"time":69,"r":255,"b":255,"color":2},{"angle":101.25,"type":"setColor","g":204,"time":69,"r":204,"b":204,"color":3},{"id":"0","sx":-2,"type":"deco","time":73,"sprite":"bg!xstart","angle":-90},{"id":"0","sx":2,"type":"deco","time":74,"sprite":"bg!xend","angle":-90},{"id":"0","sx":-2,"type":"deco","time":75,"sprite":"bg!xstart","angle":-90},{"id":"0","sx":2,"type":"deco","time":76,"sprite":"bg!xend","angle":-90},{"angle":-101.25,"type":"setColor","g":255,"time":73,"r":255,"b":255,"color":3},{"angle":-78.75,"type":"setColor","g":204,"time":73,"r":204,"b":204,"color":2},{"angle":-101.25,"type":"setColor","g":255,"time":75,"r":255,"b":255,"color":2},{"angle":-78.75,"type":"setColor","g":204,"time":75,"r":204,"b":204,"color":3},{"id":"0","sx":-2,"type":"deco","time":77,"sprite":"bg!xstart","angle":-90},{"id":"0","sx":2,"type":"deco","time":78,"sprite":"bg!xend","angle":-90},{"id":"0","sx":-2,"type":"deco","time":79,"sprite":"bg!xstart","angle":-90},{"id":"0","sx":2,"type":"deco","time":80,"sprite":"bg!xend","angle":-90},{"angle":-101.25,"type":"setColor","g":255,"time":77,"r":255,"b":255,"color":3},{"angle":-78.75,"type":"setColor","g":204,"time":77,"r":204,"b":204,"color":2},{"angle":-101.25,"type":"setColor","g":255,"time":79,"r":255,"b":255,"color":2},{"angle":-78.75,"type":"setColor","g":204,"time":79,"r":204,"b":204,"color":3},{"id":"0","sx":-2,"type":"deco","time":81,"sprite":"bg!xstart","angle":-90},{"id":"0","sx":2,"type":"deco","time":82,"sprite":"bg!xend","angle":-90},{"id":"0","sx":-2,"type":"deco","time":83,"sprite":"bg!xstart","angle":-90},{"id":"0","sx":2,"type":"deco","time":84,"sprite":"bg!xend","angle":-90},{"angle":-101.25,"type":"setColor","g":255,"time":81,"r":255,"b":255,"color":3},{"angle":-78.75,"type":"setColor","g":204,"time":81,"r":204,"b":204,"color":2},{"angle":-101.25,"type":"setColor","g":255,"time":83,"r":255,"b":255,"color":2},{"angle":-78.75,"type":"setColor","g":204,"time":83,"r":204,"b":204,"color":3},{"id":"0","sx":-2,"type":"deco","time":85,"sprite":"bg!xstart","angle":-90},{"id":"0","sx":2,"type":"deco","time":86,"sprite":"bg!xend","angle":-90},{"id":"0","sx":-2,"type":"deco","time":87,"sprite":"bg!xstart","angle":-90},{"id":"0","sx":2,"type":"deco","time":88,"sprite":"bg!xend","angle":-90},{"angle":-101.25,"type":"setColor","g":255,"time":85,"r":255,"b":255,"color":3},{"angle":-78.75,"type":"setColor","g":204,"time":85,"r":204,"b":204,"color":2},{"angle":-101.25,"type":"setColor","g":255,"time":87,"r":255,"b":255,"color":2},{"angle":-78.75,"type":"setColor","g":204,"time":87,"r":204,"b":204,"color":3},{"id":"0","type":"deco","time":89,"angle":-180,"sprite":"bg!ystart","sy":2},{"id":"0","type":"deco","time":90,"angle":-180,"sprite":"bg!yend","sy":-2},{"id":"0","type":"deco","time":91,"angle":-180,"sprite":"bg!ystart","sy":2},{"id":"0","type":"deco","time":92,"angle":-180,"sprite":"bg!yend","sy":-2},{"angle":-191.25,"type":"setColor","g":255,"time":89,"r":255,"b":255,"color":2},{"angle":-168.75,"type":"setColor","g":204,"time":89,"r":204,"b":204,"color":3},{"angle":-191.25,"type":"setColor","g":255,"time":91,"r":255,"b":255,"color":3},{"angle":-168.75,"type":"setColor","g":204,"time":91,"r":204,"b":204,"color":2},{"id":"0","type":"deco","time":96,"angle":-180,"sprite":"bg!yend","sy":-2},{"id":"0","type":"deco","time":97,"angle":-180,"sprite":"bg!ystart","sy":2},{"id":"0","type":"deco","time":98,"angle":-180,"sprite":"bg!yend","sy":-2},{"angle":-191.25,"type":"setColor","g":255,"time":97,"r":255,"b":255,"color":3},{"angle":-168.75,"type":"setColor","g":204,"time":97,"r":204,"b":204,"color":2},{"id":"0","type":"deco","time":99,"angle":-180,"sprite":"bg!ystart","sy":2},{"id":"0","type":"deco","time":100,"angle":-180,"sprite":"bg!yend","sy":-2},{"id":"0","type":"deco","time":101,"angle":180,"sprite":"bg!ystart","sy":2},{"angle":-191.25,"type":"setColor","g":255,"time":99,"r":255,"b":255,"color":2},{"angle":-168.75,"type":"setColor","g":204,"time":99,"r":204,"b":204,"color":3},{"angle":168.75,"type":"setColor","g":255,"time":101,"r":255,"b":255,"color":3},{"angle":191.25,"type":"setColor","g":204,"time":101,"r":204,"b":204,"color":2},{"id":"0","type":"deco","time":93,"angle":-180,"sprite":"bg!ystart","sy":2},{"angle":-191.25,"type":"setColor","g":255,"time":93,"r":255,"b":255,"color":2},{"angle":-168.75,"type":"setColor","g":204,"time":93,"r":204,"b":204,"color":3},{"id":"0","type":"deco","time":102,"angle":-180,"sprite":"bg!yend","sy":-2},{"id":"0","type":"deco","time":105,"angle":-45,"sprite":"bg!ystart","sy":-2},{"id":"0","type":"deco","time":106,"angle":-45,"sprite":"bg!yend","sy":2},{"id":"0","type":"deco","time":107,"angle":-45,"sprite":"bg!ystart","sy":-2},{"id":"0","type":"deco","time":108,"angle":-45,"sprite":"bg!yend","sy":2},{"angle":-56.25,"type":"setColor","g":255,"time":105,"r":255,"b":255,"color":3},{"angle":-33.75,"type":"setColor","g":204,"time":105,"r":204,"b":204,"color":2},{"angle":-56.25,"type":"setColor","g":255,"time":107,"r":255,"b":255,"color":2},{"angle":-33.75,"type":"setColor","g":204,"time":107,"r":204,"b":204,"color":3},{"id":"0","type":"deco","time":109,"angle":-45,"sprite":"bg!ystart","sy":-2},{"id":"0","type":"deco","time":110,"angle":-45,"sprite":"bg!yend","sy":2},{"angle":-56.25,"type":"setColor","g":255,"time":109,"r":255,"b":255,"color":3},{"angle":-33.75,"type":"setColor","g":204,"time":109,"r":204,"b":204,"color":2},{"id":"0","sx":2,"type":"deco","time":120,"sprite":"bg!xstart","angle":90},{"id":"0","sx":-2,"type":"deco","time":121,"sprite":"bg!xend","angle":90},{"angle":78.75,"type":"setColor","g":255,"time":120,"r":255,"b":255,"color":3},{"angle":101.25,"type":"setColor","g":204,"time":120,"r":204,"b":204,"color":2},{"id":"0","type":"deco","time":122,"angle":-180,"sprite":"bg!ystart","sy":2},{"id":"0","type":"deco","time":123,"angle":-180,"sprite":"bg!yend","sy":-2},{"angle":-191.25,"type":"setColor","g":255,"time":122,"r":255,"b":255,"color":3},{"angle":-168.75,"type":"setColor","g":204,"time":122,"r":204,"b":204,"color":2},{"id":"0","sx":-2,"type":"deco","time":124,"sprite":"bg!xstart","angle":-90},{"id":"0","sx":2,"type":"deco","time":125,"sprite":"bg!xend","angle":-90},{"angle":-101.25,"type":"setColor","g":255,"time":124,"r":255,"b":255,"color":3},{"angle":-78.75,"type":"setColor","g":204,"time":124,"r":204,"b":204,"color":2},{"id":"0","type":"deco","time":126,"angle":-45,"sprite":"bg!ystart","sy":-2},{"id":"0","type":"deco","time":127,"angle":-45,"sprite":"bg!yend","sy":2},{"angle":-56.25,"type":"setColor","g":255,"time":126,"r":255,"b":255,"color":3},{"angle":-33.75,"type":"setColor","g":204,"time":126,"r":204,"b":204,"color":2},{"id":"0","sx":2,"type":"deco","time":128,"sprite":"bg!xstart","angle":90},{"id":"0","sx":-2,"type":"deco","time":129,"sprite":"bg!xend","angle":90},{"angle":78.75,"type":"setColor","g":255,"time":128,"r":255,"b":255,"color":3},{"angle":101.25,"type":"setColor","g":204,"time":128,"r":204,"b":204,"color":2},{"id":"0","type":"deco","time":130,"angle":-180,"sprite":"bg!ystart","sy":2},{"id":"0","type":"deco","time":131,"angle":-180,"sprite":"bg!yend","sy":-2},{"angle":-191.25,"type":"setColor","g":255,"time":130,"r":255,"b":255,"color":3},{"angle":-168.75,"type":"setColor","g":204,"time":130,"r":204,"b":204,"color":2},{"id":"0","sx":-2,"type":"deco","time":132,"sprite":"bg!xstart","angle":-90},{"id":"0","sx":2,"type":"deco","time":133,"sprite":"bg!xend","angle":-90},{"angle":-101.25,"type":"setColor","g":255,"time":132,"r":255,"b":255,"color":3},{"angle":-78.75,"type":"setColor","g":204,"time":132,"r":204,"b":204,"color":2},{"id":"0","type":"deco","time":134,"angle":-45,"sprite":"bg!ystart","sy":-2},{"id":"0","type":"deco","time":135,"angle":-45,"sprite":"bg!yend","sy":2},{"angle":-56.25,"type":"setColor","g":255,"time":134,"r":255,"b":255,"color":3},{"angle":-33.75,"type":"setColor","g":204,"time":134,"r":204,"b":204,"color":2},{"id":"0","sx":-2,"type":"deco","time":136,"sprite":"bg!xstart","angle":-90},{"id":"0","sx":2,"type":"deco","time":137,"sprite":"bg!xend","angle":-90},{"angle":-101.25,"type":"setColor","g":255,"time":136,"r":255,"b":255,"color":2},{"angle":-78.75,"type":"setColor","g":204,"time":136,"r":204,"b":204,"color":3},{"id":"0","type":"deco","time":138,"angle":-180,"sprite":"bg!ystart","sy":2},{"id":"0","type":"deco","time":139,"angle":-180,"sprite":"bg!yend","sy":-2},{"angle":-191.25,"type":"setColor","g":255,"time":138,"r":255,"b":255,"color":2},{"angle":-168.75,"type":"setColor","g":204,"time":138,"r":204,"b":204,"color":3},{"id":"0","sx":2,"type":"deco","time":140,"sprite":"bg!xstart","angle":90},{"id":"0","sx":-2,"type":"deco","time":141,"sprite":"bg!xend","angle":90},{"angle":78.75,"type":"setColor","g":255,"time":140,"r":255,"b":255,"color":2},{"angle":101.25,"type":"setColor","g":204,"time":140,"r":204,"b":204,"color":3},{"id":"0","type":"deco","time":142,"angle":-45,"sprite":"bg!ystart","sy":-2},{"id":"0","type":"deco","time":143,"angle":-45,"sprite":"bg!yend","sy":2},{"angle":-56.25,"type":"setColor","g":255,"time":142,"r":255,"b":255,"color":2},{"angle":-33.75,"type":"setColor","g":204,"time":142,"r":204,"b":204,"color":3},{"id":"0","sx":-2,"type":"deco","time":144,"sprite":"bg!xstart","angle":-90},{"id":"0","sx":2,"type":"deco","time":145,"sprite":"bg!xend","angle":-90},{"angle":-101.25,"type":"setColor","g":255,"time":144,"r":255,"b":255,"color":2},{"angle":-78.75,"type":"setColor","g":204,"time":144,"r":204,"b":204,"color":3},{"id":"0","type":"deco","time":146,"angle":-180,"sprite":"bg!ystart","sy":2},{"id":"0","type":"deco","time":147,"angle":-180,"sprite":"bg!yend","sy":-2},{"angle":-191.25,"type":"setColor","g":255,"time":146,"r":255,"b":255,"color":2},{"angle":-168.75,"type":"setColor","g":204,"time":146,"r":204,"b":204,"color":3},{"id":"0","sx":2,"type":"deco","time":152,"sprite":"bg!xstart","angle":90},{"id":"0","sx":-2,"type":"deco","time":153,"sprite":"bg!xend","angle":90},{"angle":78.75,"type":"setColor","g":255,"time":152,"r":255,"b":255,"color":2},{"angle":101.25,"type":"setColor","g":204,"time":152,"r":204,"b":204,"color":3},{"id":"0","type":"deco","time":154,"angle":-180,"sprite":"bg!ystart","sy":2},{"id":"0","type":"deco","time":155,"angle":-180,"sprite":"bg!yend","sy":-2},{"angle":-191.25,"type":"setColor","g":255,"time":154,"r":255,"b":255,"color":3},{"angle":-168.75,"type":"setColor","g":204,"time":154,"r":204,"b":204,"color":2},{"id":"0","sx":2,"type":"deco","time":156,"sprite":"bg!xstart","angle":90},{"id":"0","sx":-2,"type":"deco","time":157,"sprite":"bg!xend","angle":90},{"angle":78.75,"type":"setColor","g":255,"time":156,"r":255,"b":255,"color":2},{"angle":101.25,"type":"setColor","g":204,"time":156,"r":204,"b":204,"color":3},{"id":"0","type":"deco","time":158,"angle":-180,"sprite":"bg!ystart","sy":2},{"id":"0","type":"deco","time":159,"angle":-180,"sprite":"bg!yend","sy":-2},{"angle":-191.25,"type":"setColor","g":255,"time":158,"r":255,"b":255,"color":3},{"angle":-168.75,"type":"setColor","g":204,"time":158,"r":204,"b":204,"color":2},{"id":"0","sx":2,"type":"deco","time":160,"sprite":"bg!xstart","angle":90},{"id":"0","sx":-2,"type":"deco","time":161,"sprite":"bg!xend","angle":90},{"angle":78.75,"type":"setColor","g":255,"time":160,"r":255,"b":255,"color":2},{"angle":101.25,"type":"setColor","g":204,"time":160,"r":204,"b":204,"color":3},{"id":"0","type":"deco","time":162,"angle":-180,"sprite":"bg!ystart","sy":2},{"id":"0","type":"deco","time":163,"angle":-180,"sprite":"bg!yend","sy":-2},{"angle":-191.25,"type":"setColor","g":255,"time":162,"r":255,"b":255,"color":3},{"angle":-168.75,"type":"setColor","g":204,"time":162,"r":204,"b":204,"color":2},{"id":"0","sx":2,"type":"deco","time":164,"sprite":"bg!xstart","angle":90},{"id":"0","sx":-2,"type":"deco","time":165,"sprite":"bg!xend","angle":90},{"angle":78.75,"type":"setColor","g":255,"time":164,"r":255,"b":255,"color":2},{"angle":101.25,"type":"setColor","g":204,"time":164,"r":204,"b":204,"color":3},{"id":"0","type":"deco","time":166,"angle":-180,"sprite":"bg!ystart","sy":2},{"id":"0","type":"deco","time":167,"angle":-180,"sprite":"bg!yend","sy":-2},{"angle":-191.25,"type":"setColor","g":255,"time":166,"r":255,"b":255,"color":3},{"angle":-168.75,"type":"setColor","g":204,"time":166,"r":204,"b":204,"color":2},{"id":"0","sx":-2,"type":"deco","time":168,"sprite":"bg!xstart","angle":-90},{"id":"0","sx":2,"type":"deco","time":169,"sprite":"bg!xend","angle":-90},{"angle":-101.25,"type":"setColor","g":255,"time":168,"r":255,"b":255,"color":3},{"angle":-78.75,"type":"setColor","g":204,"time":168,"r":204,"b":204,"color":2},{"id":"0","type":"deco","time":170,"angle":-45,"sprite":"bg!ystart","sy":-2},{"id":"0","type":"deco","time":171,"angle":-45,"sprite":"bg!yend","sy":2},{"angle":-56.25,"type":"setColor","g":255,"time":170,"r":255,"b":255,"color":3},{"angle":-33.75,"type":"setColor","g":204,"time":170,"r":204,"b":204,"color":2},{"id":"0","sx":-2,"type":"deco","time":172,"sprite":"bg!xstart","angle":-90},{"id":"0","sx":2,"type":"deco","time":173,"sprite":"bg!xend","angle":-90},{"angle":-101.25,"type":"setColor","g":255,"time":172,"r":255,"b":255,"color":2},{"angle":-78.75,"type":"setColor","g":204,"time":172,"r":204,"b":204,"color":3},{"id":"0","type":"deco","time":174,"angle":-45,"sprite":"bg!ystart","sy":-2},{"id":"0","type":"deco","time":175,"angle":-45,"sprite":"bg!yend","sy":2},{"angle":-56.25,"type":"setColor","g":255,"time":174,"r":255,"b":255,"color":3},{"angle":-33.75,"type":"setColor","g":204,"time":174,"r":204,"b":204,"color":2},{"id":"0","sx":-2,"type":"deco","time":176,"sprite":"bg!xstart","angle":-90},{"id":"0","sx":2,"type":"deco","time":177,"sprite":"bg!xend","angle":-90},{"angle":-101.25,"type":"setColor","g":255,"time":176,"r":255,"b":255,"color":2},{"angle":-78.75,"type":"setColor","g":204,"time":176,"r":204,"b":204,"color":3},{"id":"0","type":"deco","time":178,"angle":-45,"sprite":"bg!ystart","sy":-2},{"id":"0","type":"deco","time":179,"angle":-45,"sprite":"bg!yend","sy":2},{"angle":-56.25,"type":"setColor","g":255,"time":178,"r":255,"b":255,"color":3},{"angle":-33.75,"type":"setColor","g":204,"time":178,"r":204,"b":204,"color":2},{"id":"0","sx":-2,"type":"deco","time":180,"sprite":"bg!xstart","angle":-90},{"id":"0","sx":2,"type":"deco","time":181,"sprite":"bg!xend","angle":-90},{"angle":-101.25,"type":"setColor","g":255,"time":180,"r":255,"b":255,"color":2},{"angle":-78.75,"type":"setColor","g":204,"time":180,"r":204,"b":204,"color":3},{"id":"0","type":"deco","time":182,"angle":-45,"sprite":"bg!ystart","sy":-2},{"id":"0","type":"deco","time":183,"angle":-45,"sprite":"bg!yend","sy":2},{"angle":-56.25,"type":"setColor","g":255,"time":182,"r":255,"b":255,"color":3},{"angle":-33.75,"type":"setColor","g":204,"time":182,"r":204,"b":204,"color":2},{"id":"0","sx":2,"type":"deco","time":192,"sprite":"bg!xstart","angle":90},{"id":"0","sx":-2,"type":"deco","time":193,"sprite":"bg!xend","angle":90},{"angle":78.75,"type":"setColor","g":255,"time":192,"r":255,"b":255,"color":3},{"angle":101.25,"type":"setColor","g":204,"time":192,"r":204,"b":204,"color":2},{"id":"0","type":"deco","time":194,"angle":-45,"sprite":"bg!ystart","sy":-2},{"id":"0","type":"deco","time":195,"angle":-45,"sprite":"bg!yend","sy":2},{"angle":-56.25,"type":"setColor","g":255,"time":194,"r":255,"b":255,"color":2},{"angle":-33.75,"type":"setColor","g":204,"time":194,"r":204,"b":204,"color":3},{"id":"0","sx":2,"type":"deco","time":196,"sprite":"bg!xstart","angle":90},{"id":"0","sx":-2,"type":"deco","time":197,"sprite":"bg!xend","angle":90},{"angle":78.75,"type":"setColor","g":255,"time":196,"r":255,"b":255,"color":3},{"angle":101.25,"type":"setColor","g":204,"time":196,"r":204,"b":204,"color":2},{"id":"0","type":"deco","time":198,"angle":-45,"sprite":"bg!ystart","sy":-2},{"id":"0","type":"deco","time":199,"angle":-45,"sprite":"bg!yend","sy":2},{"angle":-56.25,"type":"setColor","g":255,"time":198,"r":255,"b":255,"color":2},{"angle":-33.75,"type":"setColor","g":204,"time":198,"r":204,"b":204,"color":3},{"id":"0","sx":-2,"type":"deco","time":200,"sprite":"bg!xstart","angle":-90},{"id":"0","sx":2,"type":"deco","time":201,"sprite":"bg!xend","angle":-90},{"angle":-101.25,"type":"setColor","g":255,"time":200,"r":255,"b":255,"color":2},{"angle":-78.75,"type":"setColor","g":204,"time":200,"r":204,"b":204,"color":3},{"id":"0","type":"deco","time":202,"angle":-180,"sprite":"bg!ystart","sy":2},{"id":"0","type":"deco","time":203,"angle":-180,"sprite":"bg!yend","sy":-2},{"angle":-191.25,"type":"setColor","g":255,"time":202,"r":255,"b":255,"color":2},{"angle":-168.75,"type":"setColor","g":204,"time":202,"r":204,"b":204,"color":3},{"id":"0","sx":-2,"type":"deco","time":204,"sprite":"bg!xstart","angle":-90},{"id":"0","sx":2,"type":"deco","time":205,"sprite":"bg!xend","angle":-90},{"angle":-101.25,"type":"setColor","g":255,"time":204,"r":255,"b":255,"color":3},{"angle":-78.75,"type":"setColor","g":204,"time":204,"r":204,"b":204,"color":2},{"id":"0","type":"deco","time":206,"angle":-180,"sprite":"bg!ystart","sy":2},{"id":"0","type":"deco","time":207,"angle":-180,"sprite":"bg!yend","sy":-2},{"angle":-191.25,"type":"setColor","g":255,"time":206,"r":255,"b":255,"color":2},{"angle":-168.75,"type":"setColor","g":204,"time":206,"r":204,"b":204,"color":3},{"id":"0","sx":2,"type":"deco","time":214,"sprite":"bg!xstart","angle":90},{"id":"0","sx":-2,"type":"deco","time":215,"sprite":"bg!xend","angle":90},{"id":"0","sx":2,"type":"deco","time":212,"sprite":"bg!xstart","angle":90},{"id":"0","sx":-2,"type":"deco","time":213,"sprite":"bg!xend","angle":90},{"angle":78.75,"type":"setColor","g":255,"time":214,"r":255,"b":255,"color":3},{"angle":101.25,"type":"setColor","g":204,"time":214,"r":204,"b":204,"color":2},{"angle":78.75,"type":"setColor","g":255,"time":212,"r":255,"b":255,"color":2},{"angle":101.25,"type":"setColor","g":204,"time":212,"r":204,"b":204,"color":3},{"id":"0","type":"deco","time":216,"angle":-45,"sprite":"bg!ystart","sy":-2},{"id":"0","type":"deco","time":217,"angle":-45,"sprite":"bg!yend","sy":2},{"angle":-56.25,"type":"setColor","g":255,"time":216,"r":255,"b":255,"color":3},{"angle":-33.75,"type":"setColor","g":204,"time":216,"r":204,"b":204,"color":2},{"id":"0","type":"deco","time":218,"angle":-45,"sprite":"bg!ystart","sy":-2},{"id":"0","type":"deco","time":219,"angle":-45,"sprite":"bg!yend","sy":2},{"angle":-56.25,"type":"setColor","g":255,"time":218,"r":255,"b":255,"color":2},{"angle":-33.75,"type":"setColor","g":204,"time":218,"r":204,"b":204,"color":3},{"id":"0","sx":-2,"type":"deco","time":220,"sprite":"bg!xstart","angle":-90},{"id":"0","sx":2,"type":"deco","time":221,"sprite":"bg!xend","angle":-90},{"angle":-101.25,"type":"setColor","g":255,"time":220,"r":255,"b":255,"color":2},{"angle":-78.75,"type":"setColor","g":204,"time":220,"r":204,"b":204,"color":3},{"id":"0","sx":-2,"type":"deco","time":222,"sprite":"bg!xstart","angle":-90},{"id":"0","sx":2,"type":"deco","time":223,"sprite":"bg!xend","angle":-90},{"angle":-101.25,"type":"setColor","g":255,"time":222,"r":255,"b":255,"color":3},{"angle":-78.75,"type":"setColor","g":204,"time":222,"r":204,"b":204,"color":2},{"id":"0","type":"deco","time":224,"angle":-180,"sprite":"bg!ystart","sy":2},{"id":"0","type":"deco","time":225,"angle":-180,"sprite":"bg!yend","sy":-2},{"id":"0","type":"deco","time":226,"angle":-180,"sprite":"bg!ystart","sy":2},{"id":"0","type":"deco","time":227,"angle":-180,"sprite":"bg!yend","sy":-2},{"angle":-191.25,"type":"setColor","g":255,"time":224,"r":255,"b":255,"color":3},{"angle":-168.75,"type":"setColor","g":204,"time":224,"r":204,"b":204,"color":2},{"angle":-191.25,"type":"setColor","g":255,"time":226,"r":255,"b":255,"color":2},{"angle":-168.75,"type":"setColor","g":204,"time":226,"r":204,"b":204,"color":3},{"id":"0","sx":2,"type":"deco","time":230,"sprite":"bg!xstart","angle":90},{"id":"0","sx":-2,"type":"deco","time":231,"sprite":"bg!xend","angle":90},{"id":"0","sx":2,"type":"deco","time":228,"sprite":"bg!xstart","angle":90},{"id":"0","sx":-2,"type":"deco","time":229,"sprite":"bg!xend","angle":90},{"angle":78.75,"type":"setColor","g":255,"time":230,"r":255,"b":255,"color":3},{"angle":101.25,"type":"setColor","g":204,"time":230,"r":204,"b":204,"color":2},{"angle":78.75,"type":"setColor","g":255,"time":228,"r":255,"b":255,"color":2},{"angle":101.25,"type":"setColor","g":204,"time":228,"r":204,"b":204,"color":3},{"id":"0","type":"deco","time":232,"angle":-45,"sprite":"bg!ystart","sy":-2},{"id":"0","type":"deco","time":233,"angle":-45,"sprite":"bg!yend","sy":2},{"angle":-56.25,"type":"setColor","g":255,"time":232,"r":255,"b":255,"color":3},{"angle":-33.75,"type":"setColor","g":204,"time":232,"r":204,"b":204,"color":2},{"id":"0","type":"deco","time":234,"angle":-45,"sprite":"bg!ystart","sy":-2},{"id":"0","type":"deco","time":235,"angle":-45,"sprite":"bg!yend","sy":2},{"angle":-56.25,"type":"setColor","g":255,"time":234,"r":255,"b":255,"color":2},{"angle":-33.75,"type":"setColor","g":204,"time":234,"r":204,"b":204,"color":3},{"id":"0","sx":-2,"type":"deco","time":236,"sprite":"bg!xstart","angle":-90},{"id":"0","sx":2,"type":"deco","time":237,"sprite":"bg!xend","angle":-90},{"angle":-101.25,"type":"setColor","g":255,"time":236,"r":255,"b":255,"color":2},{"angle":-78.75,"type":"setColor","g":204,"time":236,"r":204,"b":204,"color":3},{"id":"0","sx":-2,"type":"deco","time":238,"sprite":"bg!xstart","angle":-90},{"id":"0","sx":2,"type":"deco","time":239,"sprite":"bg!xend","angle":-90},{"angle":-101.25,"type":"setColor","g":255,"time":238,"r":255,"b":255,"color":3},{"angle":-78.75,"type":"setColor","g":204,"time":238,"r":204,"b":204,"color":2},{"id":"0","type":"deco","time":240,"angle":-180,"sprite":"bg!ystart","sy":2},{"id":"0","type":"deco","time":241,"angle":-180,"sprite":"bg!yend","sy":-2},{"id":"0","type":"deco","time":242,"angle":-180,"sprite":"bg!ystart","sy":2},{"id":"0","type":"deco","time":243,"angle":-180,"sprite":"bg!yend","sy":-2},{"angle":-191.25,"type":"setColor","g":255,"time":240,"r":255,"b":255,"color":3},{"angle":-168.75,"type":"setColor","g":204,"time":240,"r":204,"b":204,"color":2},{"angle":-191.25,"type":"setColor","g":255,"time":242,"r":255,"b":255,"color":2},{"angle":-168.75,"type":"setColor","g":204,"time":242,"r":204,"b":204,"color":3},{"id":"0","sx":-2,"type":"deco","time":244,"sprite":"bg!sstart","angle":45},{"id":"0","sx":2,"angle":45,"time":245,"type":"deco","sprite":"bg!send","sy":-2},{"angle":33.75,"type":"setColor","g":204,"time":244,"r":204,"b":204,"color":3},{"angle":56.25,"type":"setColor","g":238,"time":244,"r":238,"b":238,"color":2},{"id":"0","sx":2,"type":"deco","time":246,"sprite":"bg!zstart","angle":45},{"id":"0","sx":2,"angle":45,"time":247,"type":"deco","sprite":"bg!zend","sy":2},{"angle":33.75,"type":"setColor","g":204,"time":246,"r":204,"b":204,"color":3},{"angle":56.25,"type":"setColor","g":238,"time":246,"r":238,"b":238,"color":2},{"id":"0","sx":2,"angle":45,"time":248,"type":"deco","sprite":"bg!sstart","sy":2},{"id":"0","sx":-2,"angle":45,"time":249,"type":"deco","sprite":"bg!send","sy":2},{"angle":33.75,"type":"setColor","g":204,"time":248,"r":204,"b":204,"color":3},{"angle":56.25,"type":"setColor","g":238,"time":248,"r":238,"b":238,"color":2},{"id":"0","sx":-2,"type":"deco","time":250,"sprite":"bg!zstart","angle":45},{"id":"0","sx":-2,"angle":45,"time":251,"type":"deco","sprite":"bg!zend","sy":-2},{"angle":33.75,"type":"setColor","g":204,"time":250,"r":204,"b":204,"color":3},{"angle":56.25,"type":"setColor","g":238,"time":250,"r":238,"b":238,"color":2},{"id":"0","sx":-2,"type":"deco","time":252,"sprite":"bg!sstart","angle":90},{"id":"0","sx":2,"angle":90,"time":253,"type":"deco","sprite":"bg!send","sy":-2},{"angle":78.75,"type":"setColor","g":204,"time":252,"r":204,"b":204,"color":3},{"angle":101.25,"type":"setColor","g":238,"time":252,"r":238,"b":238,"color":2},{"id":"0","sx":2,"type":"deco","time":254,"sprite":"bg!zstart","angle":90},{"id":"0","sx":2,"angle":90,"time":255,"type":"deco","sprite":"bg!zend","sy":2},{"angle":78.75,"type":"setColor","g":204,"time":254,"r":204,"b":204,"color":3},{"angle":101.25,"type":"setColor","g":238,"time":254,"r":238,"b":238,"color":2},{"id":"0","sx":2,"angle":90,"time":256,"type":"deco","sprite":"bg!sstart","sy":2},{"id":"0","sx":-2,"angle":90,"time":257,"type":"deco","sprite":"bg!send","sy":2},{"angle":78.75,"type":"setColor","g":204,"time":256,"r":204,"b":204,"color":3},{"angle":101.25,"type":"setColor","g":238,"time":256,"r":238,"b":238,"color":2},{"id":"0","sx":-2,"type":"deco","time":260,"sprite":"bg!sstart","angle":90},{"id":"0","sx":2,"angle":90,"time":261,"type":"deco","sprite":"bg!send","sy":-2},{"angle":78.75,"type":"setColor","g":204,"time":260,"r":204,"b":204,"color":3},{"angle":101.25,"type":"setColor","g":238,"time":260,"r":238,"b":238,"color":2},{"id":"0","sx":2,"type":"deco","time":262,"sprite":"bg!sstart","angle":90},{"id":"0","sx":2,"angle":90,"time":263,"type":"deco","sprite":"bg!send","sy":2},{"angle":78.75,"type":"setColor","g":204,"time":262,"r":204,"b":204,"color":3},{"angle":101.25,"type":"setColor","g":238,"time":262,"r":238,"b":238,"color":2},{"id":"0","sx":2,"angle":90,"time":264,"sy":2,"sprite":"bg!zstart","type":"deco"},{"id":"0","sx":-2,"angle":90,"time":265,"type":"deco","sprite":"bg!zend","sy":2},{"angle":78.75,"type":"setColor","g":204,"time":264,"r":204,"b":204,"color":3},{"angle":101.25,"type":"setColor","g":238,"time":264,"r":238,"b":238,"color":2},{"id":"0","sx":-2,"type":"deco","time":266,"sprite":"bg!sstart","angle":90},{"id":"0","sx":-2,"angle":90,"time":267,"sy":-2,"sprite":"bg!send","type":"deco"},{"angle":78.75,"type":"setColor","g":204,"time":266,"r":204,"b":204,"color":3},{"angle":101.25,"type":"setColor","g":238,"time":266,"r":238,"b":238,"color":2},{"id":"0","sx":-2,"type":"deco","time":268,"sprite":"bg!zstart","angle":90},{"id":"0","sx":2,"angle":90,"time":269,"type":"deco","sprite":"bg!zend","sy":-2},{"angle":78.75,"type":"setColor","g":204,"time":268,"r":204,"b":204,"color":3},{"angle":101.25,"type":"setColor","g":238,"time":268,"r":238,"b":238,"color":2},{"id":"0","sx":2,"type":"deco","time":270,"sprite":"bg!sstart","angle":90},{"id":"0","sx":2,"angle":90,"time":271,"type":"deco","sprite":"bg!send","sy":2},{"angle":78.75,"type":"setColor","g":204,"time":270,"r":204,"b":204,"color":3},{"angle":101.25,"type":"setColor","g":238,"time":270,"r":238,"b":238,"color":2},{"id":"0","sx":2,"angle":90,"time":272,"type":"deco","sprite":"bg!zstart","sy":2},{"id":"0","sx":-2,"angle":90,"time":273,"type":"deco","sprite":"bg!zend","sy":2},{"angle":78.75,"type":"setColor","g":204,"time":272,"r":204,"b":204,"color":3},{"angle":101.25,"type":"setColor","g":238,"time":272,"r":238,"b":238,"color":2},{"id":"0","sx":-2,"type":"deco","time":276,"sprite":"bg!sstart","angle":90},{"id":"0","sx":2,"angle":90,"time":277,"type":"deco","sprite":"bg!send","sy":-2},{"angle":78.75,"type":"setColor","g":204,"time":276,"r":204,"b":204,"color":3},{"angle":101.25,"type":"setColor","g":238,"time":276,"r":238,"b":238,"color":2},{"id":"0","sx":2,"type":"deco","time":278,"sprite":"bg!sstart","angle":90},{"id":"0","sx":2,"angle":90,"time":279,"type":"deco","sprite":"bg!send","sy":2},{"angle":78.75,"type":"setColor","g":204,"time":278,"r":204,"b":204,"color":3},{"angle":101.25,"type":"setColor","g":238,"time":278,"r":238,"b":238,"color":2},{"id":"0","sx":2,"angle":90,"time":280,"type":"deco","sprite":"bg!sstart","sy":2},{"id":"0","sx":-2,"angle":90,"time":281,"type":"deco","sprite":"bg!send","sy":2},{"angle":78.75,"type":"setColor","g":204,"time":280,"r":204,"b":204,"color":3},{"angle":101.25,"type":"setColor","g":238,"time":280,"r":238,"b":238,"color":2},{"id":"0","sx":-2,"type":"deco","time":282,"sprite":"bg!sstart","angle":90},{"id":"0","sx":-2,"angle":90,"time":283,"type":"deco","sprite":"bg!send","sy":-2},{"angle":78.75,"type":"setColor","g":204,"time":282,"r":204,"b":204,"color":3},{"angle":101.25,"type":"setColor","g":238,"time":282,"r":238,"b":238,"color":2},{"id":"0","sx":2,"type":"deco","time":286,"sprite":"bg!xstart","angle":90},{"id":"0","sx":-2,"type":"deco","time":287,"sprite":"bg!xend","angle":90},{"id":"0","sx":2,"type":"deco","time":284,"sprite":"bg!xstart","angle":90},{"id":"0","sx":-2,"type":"deco","time":285,"sprite":"bg!xend","angle":90},{"angle":78.75,"type":"setColor","g":255,"time":286,"r":255,"b":255,"color":3},{"angle":101.25,"type":"setColor","g":204,"time":286,"r":204,"b":204,"color":2},{"angle":78.75,"type":"setColor","g":255,"time":284,"r":255,"b":255,"color":2},{"angle":101.25,"type":"setColor","g":204,"time":284,"r":204,"b":204,"color":3},{"id":"0","type":"deco","time":292,"angle":-45,"sprite":"bg!ystart","sy":-2},{"id":"0","type":"deco","time":293,"angle":-45,"sprite":"bg!yend","sy":2},{"angle":-56.25,"type":"setColor","g":255,"time":292,"r":255,"b":255,"color":2},{"angle":-33.75,"type":"setColor","g":204,"time":292,"r":204,"b":204,"color":3},{"id":"0","type":"deco","time":296,"angle":-45,"sprite":"bg!ystart","sy":-2},{"id":"0","type":"deco","time":297,"angle":-45,"sprite":"bg!yend","sy":2},{"angle":-56.25,"type":"setColor","g":255,"time":296,"r":255,"b":255,"color":2},{"angle":-33.75,"type":"setColor","g":204,"time":296,"r":204,"b":204,"color":3},{"id":"0","type":"deco","time":294,"angle":-45,"sprite":"bg!ystart","sy":-2},{"id":"0","type":"deco","time":295,"angle":-45,"sprite":"bg!yend","sy":2},{"angle":-56.25,"type":"setColor","g":255,"time":294,"r":255,"b":255,"color":3},{"angle":-33.75,"type":"setColor","g":204,"time":294,"r":204,"b":204,"color":2},{"id":"0","sx":2,"type":"deco","time":304,"sprite":"bg!sstart","angle":45},{"id":"0","sx":2,"angle":45,"time":305,"type":"deco","sprite":"bg!send","sy":-2},{"angle":33.75,"type":"setColor","g":204,"time":304,"r":204,"b":204,"color":3},{"angle":56.25,"type":"setColor","g":238,"time":304,"r":238,"b":238,"color":2},{"id":"0","sx":2,"angle":45,"time":306,"type":"deco","sprite":"bg!zstart","sy":-2},{"id":"0","sx":2,"angle":45,"time":307,"type":"deco","sprite":"bg!zend","sy":2},{"angle":33.75,"type":"setColor","g":204,"time":306,"r":204,"b":204,"color":3},{"angle":56.25,"type":"setColor","g":238,"time":306,"r":238,"b":238,"color":2},{"id":"0","sx":2,"type":"deco","time":288,"sprite":"bg!xstart","angle":90},{"id":"0","sx":-2,"type":"deco","time":289,"sprite":"bg!xend","angle":90},{"angle":78.75,"type":"setColor","g":255,"time":288,"r":255,"b":255,"color":2},{"angle":101.25,"type":"setColor","g":204,"time":288,"r":204,"b":204,"color":3},{"id":"0","type":"deco","angle":337.5,"time":340,"hide":true},{"angle":315,"type":"setColor","g":204,"time":340,"r":204,"b":204,"color":2},{"id":"6","angle":45,"time":47,"sprite":"bgEnter#25","type":"deco"},{"id":"4","angle":22.5,"time":47,"sprite":"bgEnter#25","type":"deco"},{"id":"5","angle":33.75,"time":47,"sprite":"bgEnter#25","type":"deco"},{"id":"1","angle":-11.25,"time":47,"sprite":"bgEnter#25","type":"deco"},{"id":"3","angle":11.25,"time":47,"sprite":"bgEnter#25","type":"deco"},{"id":"2","angle":0,"time":47,"sprite":"bgEnter#25","type":"deco"},{"id":"1","sx":-2,"sy":-2,"angle":180,"time":340,"type":"deco","sprite":"bgEnter!exit","y":-140},{"id":"5","angle":225,"time":340,"sprite":"bgEnter!pulsedown","type":"deco"},{"id":"6","angle":236.25,"time":340,"sprite":"bgEnter!pulsedown","type":"deco"},{"id":"2","angle":191.25,"time":340,"sprite":"bgEnter!pulsedown","type":"deco"},{"id":"4","angle":213.75,"time":340,"sprite":"bgEnter!pulsedown","type":"deco"},{"id":"3","angle":202.5,"time":340,"sprite":"bgEnter!pulsedown","type":"deco"},{"id":"2","sx":-2,"sy":-2,"angle":191.25,"time":343.75,"type":"deco","sprite":"bgEnter!exit","y":-76},{"id":"5","angle":225,"time":343.75,"sprite":"bgEnter!pulsedown","type":"deco"},{"id":"6","angle":236.25,"time":343.75,"sprite":"bgEnter!pulsedown","type":"deco"},{"id":"4","angle":213.75,"time":343.75,"sprite":"bgEnter!pulsedown","type":"deco"},{"id":"3","angle":202.5,"time":343.75,"sprite":"bgEnter!pulsedown","type":"deco"},{"id":"3","sx":-2,"sy":-2,"angle":202.5,"time":347.5,"type":"deco","sprite":"bgEnter!exit","y":-12},{"id":"5","angle":225,"time":347.5,"sprite":"bgEnter!pulsedown","type":"deco"},{"id":"6","angle":236.25,"time":347.5,"sprite":"bgEnter!pulsedown","type":"deco"},{"id":"4","angle":213.75,"time":347.5,"sprite":"bgEnter!pulsedown","type":"deco"},{"id":"4","sx":-2,"sy":-2,"angle":213.75,"time":351.25,"type":"deco","sprite":"bgEnter!exit","y":52},{"id":"5","angle":225,"time":351.25,"sprite":"bgEnter!pulsedown","type":"deco"},{"id":"6","angle":236.25,"time":351.25,"sprite":"bgEnter!pulsedown","type":"deco"},{"id":"5","sx":-2,"sy":-2,"angle":225,"time":355,"type":"deco","sprite":"bgEnter!exit","y":116},{"id":"6","angle":236.25,"time":355,"sprite":"bgEnter!pulsedown","type":"deco"},{"id":"6","sx":-2,"sy":-2,"angle":236.25,"time":358.75,"type":"deco","sprite":"bgEnter!exit","y":180},{"id":"0","sx":2,"type":"deco","time":309,"sprite":"bg!xstart","angle":90},{"id":"0","sx":-2,"type":"deco","time":310,"sprite":"bg!xend","angle":90},{"id":"0","sx":2,"type":"deco","time":311,"sprite":"bg!xstart","angle":90},{"id":"0","sx":-2,"type":"deco","time":312,"sprite":"bg!xend","angle":90},{"angle":78.75,"type":"setColor","g":255,"time":309,"r":255,"b":255,"color":3},{"angle":101.25,"type":"setColor","g":204,"time":309,"r":204,"b":204,"color":2},{"angle":78.75,"type":"setColor","g":255,"time":311,"r":255,"b":255,"color":2},{"angle":101.25,"type":"setColor","g":204,"time":311,"r":204,"b":204,"color":3},{"id":"0","sx":2,"type":"deco","time":313,"sprite":"bg!xstart","angle":90},{"id":"0","sx":-2,"type":"deco","time":314,"sprite":"bg!xend","angle":90},{"id":"0","sx":2,"type":"deco","time":315,"sprite":"bg!xstart","angle":90},{"id":"0","sx":-2,"type":"deco","time":316,"sprite":"bg!xend","angle":90},{"angle":78.75,"type":"setColor","g":255,"time":313,"r":255,"b":255,"color":3},{"angle":101.25,"type":"setColor","g":204,"time":313,"r":204,"b":204,"color":2},{"angle":78.75,"type":"setColor","g":255,"time":315,"r":255,"b":255,"color":2},{"angle":101.25,"type":"setColor","g":204,"time":315,"r":204,"b":204,"color":3},{"id":"0","sx":2,"type":"deco","time":317,"sprite":"bg!xstart","angle":90},{"id":"0","sx":-2,"type":"deco","time":318,"sprite":"bg!xend","angle":90},{"id":"0","sx":2,"type":"deco","time":319,"sprite":"bg!xstart","angle":90},{"id":"0","sx":-2,"type":"deco","time":320,"sprite":"bg!xend","angle":90},{"angle":78.75,"type":"setColor","g":255,"time":317,"r":255,"b":255,"color":3},{"angle":101.25,"type":"setColor","g":204,"time":317,"r":204,"b":204,"color":2},{"angle":78.75,"type":"setColor","g":255,"time":319,"r":255,"b":255,"color":2},{"angle":101.25,"type":"setColor","g":204,"time":319,"r":204,"b":204,"color":3},{"id":"0","sx":-2,"type":"deco","time":325,"sprite":"bg!xstart","angle":-45},{"id":"0","sx":2,"type":"deco","time":326,"sprite":"bg!xend","angle":-45},{"id":"0","sx":-2,"type":"deco","time":327,"sprite":"bg!xstart","angle":-45},{"id":"0","sx":2,"type":"deco","time":328,"sprite":"bg!xend","angle":-45},{"angle":-56.25,"type":"setColor","g":255,"time":325,"r":255,"b":255,"color":3},{"angle":-33.75,"type":"setColor","g":204,"time":325,"r":204,"b":204,"color":2},{"angle":-56.25,"type":"setColor","g":255,"time":327,"r":255,"b":255,"color":2},{"angle":-33.75,"type":"setColor","g":204,"time":327,"r":204,"b":204,"color":3},{"id":"0","sx":-2,"type":"deco","time":329,"sprite":"bg!xstart","angle":-45},{"id":"0","sx":2,"type":"deco","time":330,"sprite":"bg!xend","angle":-45},{"id":"0","sx":-2,"type":"deco","time":331,"sprite":"bg!xstart","angle":-45},{"id":"0","sx":2,"type":"deco","time":332,"sprite":"bg!xend","angle":-45},{"angle":-56.25,"type":"setColor","g":255,"time":329,"r":255,"b":255,"color":3},{"angle":-33.75,"type":"setColor","g":204,"time":329,"r":204,"b":204,"color":2},{"angle":-56.25,"type":"setColor","g":255,"time":331,"r":255,"b":255,"color":2},{"angle":-33.75,"type":"setColor","g":204,"time":331,"r":204,"b":204,"color":3},{"id":"0","sx":-2,"type":"deco","time":333,"sprite":"bg!xstart","angle":-45},{"id":"0","sx":2,"type":"deco","time":334,"sprite":"bg!xend","angle":-45},{"id":"0","sx":-2,"type":"deco","time":335,"sprite":"bg!xstart","angle":-45},{"id":"0","sx":2,"type":"deco","time":336,"sprite":"bg!xend","angle":-45},{"angle":-56.25,"type":"setColor","g":255,"time":333,"r":255,"b":255,"color":3},{"angle":-33.75,"type":"setColor","g":204,"time":333,"r":204,"b":204,"color":2},{"angle":-56.25,"type":"setColor","g":255,"time":335,"r":255,"b":255,"color":2},{"angle":-33.75,"type":"setColor","g":204,"time":335,"r":204,"b":204,"color":3},{"id":"0","sx":-2,"type":"deco","time":337,"sprite":"bg!xstart","angle":-45},{"id":"0","sx":2,"type":"deco","time":338,"sprite":"bg!xend","angle":-45},{"angle":-56.25,"type":"setColor","g":255,"time":337,"r":255,"b":255,"color":3},{"angle":-33.75,"type":"setColor","g":204,"time":337,"r":204,"b":204,"color":2},{"id":"0","sx":-2,"type":"deco","time":323,"sprite":"bg!xstart","angle":-45},{"id":"0","sx":2,"type":"deco","time":324,"sprite":"bg!xend","angle":-45},{"angle":-56.25,"type":"setColor","g":255,"time":323,"r":255,"b":255,"color":2},{"angle":-33.75,"type":"setColor","g":204,"time":323,"r":204,"b":204,"color":3},{"g":204,"color":0,"type":"setColor","order":1,"time":-8,"b":204,"r":204,"angle":348.75},{"var":"vfx.canvPos.sy","angle":78.75,"time":-8,"value":1.5,"type":"ease"},{"var":"vfx.canvPos.sx","angle":101.25,"time":-8,"value":1.5,"type":"ease"},{"var":"vfx.hglitch.strength","angle":123.75,"time":-8,"value":5,"type":"ease"},{"g":204,"color":1,"type":"setColor","order":0,"time":-8,"b":204,"r":204,"angle":11.25},{"type":"forcePlayerSprite","spriteName":"none","time":261.25,"angle":337.5},{"type":"forcePlayerSprite","spriteName":"idle","time":262.25,"angle":337.5},{"type":"forcePlayerSprite","spriteName":"angry","time":284.25,"angle":337.5},{"type":"forcePlayerSprite","spriteName":":3","time":285.75,"angle":337.5},{"type":"forcePlayerSprite","spriteName":"idle","time":287.25,"angle":337.5},{"var":"p.lookRadius","angle":348.75,"time":278.25,"value":0,"type":"ease"},{"var":"p.lookRadius","angle":22.5,"time":279.75,"value":6,"type":"ease"}]}