[{"type":"block","time":4,"angle":270},{"type":"block","time":4,"angle":258.75},{"type":"block","time":4,"angle":281.25},{"type":"block","time":5,"angle":90},{"type":"block","time":5,"angle":78.75},{"type":"block","time":5.5,"angle":180},{"type":"block","time":6,"angle":281.25},{"type":"block","time":6,"angle":270},{"type":"block","time":6,"angle":258.75},{"type":"block","time":5,"angle":101.25},{"type":"block","time":4.5,"angle":180},{"type":"block","time":6.5,"angle":180},{"type":"block","time":7,"angle":101.25},{"type":"block","time":7,"angle":90},{"type":"block","time":7,"angle":78.75},{"type":"block","time":4.5,"angle":191.25},{"type":"block","time":4.5,"angle":168.75},{"type":"block","time":5.5,"angle":191.25},{"type":"block","time":5.5,"angle":168.75},{"type":"block","time":6.5,"angle":191.25},{"type":"block","time":6.5,"angle":168.75},{"type":"block","time":7.5,"angle":191.25},{"type":"block","time":7.5,"angle":180},{"type":"block","time":7.5,"angle":168.75},{"duration":0.5,"time":8,"angle2":247.5,"angle":281.25,"type":"hold"},{"duration":0.5,"time":8,"angle2":236.25,"angle":270,"type":"hold"},{"duration":0.5,"time":8,"angle2":225,"angle":258.75,"type":"hold"},{"type":"block","time":9,"angle":180},{"type":"block","time":8.75,"angle":213.75},{"duration":0.5,"time":9.5,"angle2":-270,"angle":-281.25,"type":"hold"},{"duration":0.5,"time":9.5,"angle2":-270,"angle":-270,"type":"hold"},{"duration":0.5,"time":9.5,"angle2":90,"angle":101.25,"type":"hold"},{"duration":1,"time":10,"angle2":180,"angle":90,"type":"hold"},{"duration":0.375,"time":11,"angle2":191.25,"angle":180,"type":"hold"},{"duration":0.375,"time":11,"angle2":180,"angle":180,"type":"hold"},{"duration":0.375,"time":11,"angle2":168.75,"angle":180,"type":"hold"},{"type":"block","time":12,"angle":202.5},{"type":"block","time":12,"angle":180},{"type":"block","time":12,"angle":157.5},{"type":"block","time":12.5,"angle":90},{"type":"block","time":13,"angle":303.75},{"type":"block","time":13,"angle":292.5},{"type":"block","time":13,"angle":281.25},{"type":"block","time":13.5,"angle":146.25},{"type":"block","time":14,"angle":78.75},{"type":"block","time":14,"angle":67.5},{"type":"block","time":14,"angle":56.25},{"type":"block","time":14,"angle":67.5},{"type":"block","time":14.5,"angle":213.75},{"type":"block","time":15,"angle":11.25},{"type":"block","time":15,"angle":22.5},{"type":"block","time":15,"angle":33.75},{"type":"block","time":15.5,"angle":168.75},{"type":"block","time":16,"angle":292.5},{"type":"block","time":16,"angle":303.75},{"type":"block","time":16,"angle":315},{"type":"block","time":16.5,"angle":45},{"type":"block","time":17,"angle":180},{"type":"block","time":17,"angle":168.75},{"type":"block","time":17,"angle":157.5},{"type":"block","time":17.5,"angle":303.75},{"type":"block","time":18,"angle":225},{"type":"block","time":18,"angle":213.75},{"type":"block","time":18,"angle":202.5},{"type":"block","time":18.5,"angle":416.25},{"type":"block","time":19,"angle":281.25},{"type":"block","time":19,"angle":270},{"type":"block","time":19,"angle":258.75},{"type":"block","time":19.5,"angle":191.25},{"type":"block","time":19.5,"angle":191.25},{"type":"block","time":20,"angle":348.75},{"type":"block","time":20,"angle":337.5},{"type":"block","time":20,"angle":326.25},{"type":"block","time":20.5,"angle":146.25},{"type":"block","time":21,"angle":303.75},{"type":"block","time":21,"angle":292.5},{"type":"block","time":21,"angle":281.25},{"type":"block","time":21.5,"angle":427.5},{"type":"block","time":22,"angle":157.5},{"type":"block","time":22,"angle":180},{"type":"block","time":22,"angle":168.75},{"type":"block","time":22.5,"angle":292.5},{"type":"block","time":23,"angle":405},{"type":"block","time":23,"angle":393.75},{"type":"block","time":23,"angle":22.5},{"type":"block","time":23.5,"angle":303.75},{"type":"block","time":24,"angle":517.5},{"type":"block","time":24,"angle":506.25},{"type":"block","time":24,"angle":495},{"type":"block","time":24.5,"angle":360},{"type":"block","time":25,"angle":292.5},{"type":"block","time":25,"angle":281.25},{"type":"block","time":25,"angle":270},{"type":"block","time":25,"angle":281.25},{"type":"block","time":25.5,"angle":427.5},{"type":"block","time":26,"angle":225},{"type":"block","time":26,"angle":236.25},{"type":"block","time":26,"angle":247.5},{"type":"block","time":26.5,"angle":382.5},{"type":"block","time":27,"angle":506.25},{"type":"block","time":27,"angle":517.5},{"type":"block","time":27,"angle":528.75},{"type":"block","time":27.5,"angle":258.75},{"type":"block","time":28,"angle":393.75},{"type":"block","time":28,"angle":382.5},{"type":"block","time":28,"angle":371.25},{"type":"block","time":28.5,"angle":517.5},{"type":"block","time":29,"angle":438.75},{"type":"block","time":29,"angle":427.5},{"type":"block","time":29,"angle":416.25},{"type":"block","time":29.5,"angle":630},{"type":"block","time":30,"angle":495},{"type":"block","time":30,"angle":483.75},{"type":"block","time":30,"angle":472.5},{"type":"block","time":30.5,"angle":405},{"type":"block","time":30.5,"angle":405},{"type":"block","time":31,"angle":562.5},{"type":"block","time":31,"angle":551.25},{"type":"block","time":31,"angle":540},{"type":"block","time":31.5,"angle":360},{"type":"block","time":32,"angle":517.5},{"type":"block","time":32,"angle":506.25},{"type":"block","time":32,"angle":495},{"type":"block","time":32.5,"angle":641.25},{"type":"block","time":33,"angle":371.25},{"type":"block","time":33,"angle":393.75},{"type":"block","time":33,"angle":382.5},{"type":"block","time":33.5,"angle":506.25},{"type":"block","time":27.75,"angle":56.25},{"type":"block","time":27.75,"angle":67.5},{"type":"block","time":27.75,"angle":78.75},{"type":"block","time":34,"angle":573.75},{"type":"block","time":34,"angle":562.5},{"type":"block","time":34,"angle":551.25},{"type":"block","time":34.5,"angle":697.5},{"type":"block","time":35,"angle":618.75},{"type":"block","time":35,"angle":607.5},{"type":"block","time":35,"angle":596.25},{"type":"block","time":35.5,"angle":810},{"type":"block","time":36,"angle":675},{"type":"block","time":36,"angle":663.75},{"type":"block","time":36,"angle":652.5},{"type":"block","time":36.5,"angle":585},{"type":"block","time":36.5,"angle":585},{"type":"block","time":37,"angle":742.5},{"type":"block","time":37,"angle":731.25},{"type":"block","time":37,"angle":720},{"type":"block","time":37.5,"angle":540},{"type":"block","time":38,"angle":697.5},{"type":"block","time":38,"angle":686.25},{"type":"block","time":38,"angle":675},{"type":"block","time":38.5,"angle":821.25},{"type":"block","time":39,"angle":551.25},{"type":"block","time":39,"angle":573.75},{"type":"block","time":39,"angle":562.5},{"type":"block","time":39.5,"angle":686.25},{"type":"block","time":40,"angle":450},{"type":"block","time":40,"angle":438.75},{"type":"block","time":40,"angle":427.5},{"type":"block","time":40.5,"angle":573.75},{"type":"block","time":41,"angle":495},{"type":"block","time":41,"angle":483.75},{"type":"block","time":41,"angle":472.5},{"type":"block","time":41.5,"angle":686.25},{"type":"block","time":42,"angle":551.25},{"type":"block","time":42,"angle":540},{"type":"block","time":42,"angle":528.75},{"type":"block","time":42.5,"angle":461.25},{"type":"block","time":42.5,"angle":461.25},{"duration":1,"time":43,"angle2":292.5,"angle":281.25,"type":"hold"},{"duration":1,"time":43,"angle2":270,"angle":270,"type":"hold"},{"duration":1,"time":43,"angle2":247.5,"angle":258.75,"type":"hold"},{"type":"block","time":44.25,"angle":225},{"type":"block","time":44.25,"angle":213.75},{"type":"block","time":44.25,"angle":202.5},{"type":"block","time":44.75,"angle":315},{"type":"block","time":44.75,"angle":326.25},{"type":"block","time":44.75,"angle":337.5},{"type":"block","time":45.25,"angle":225},{"type":"block","time":45.25,"angle":213.75},{"type":"block","time":45.75,"angle":315},{"type":"block","time":45.75,"angle":326.25},{"type":"block","time":45.75,"angle":337.5},{"type":"block","time":45.25,"angle":202.5},{"duration":0.5,"time":46.5,"angle2":225,"angle":270,"type":"hold"},{"duration":1,"time":47,"angle2":90,"angle":225,"type":"hold"},{"duration":1,"time":47,"angle2":78.75,"angle":225,"type":"hold"},{"duration":1,"time":47,"angle2":101.25,"angle":225,"type":"hold"},{"type":"block","time":48.25,"angle":146.25},{"type":"block","time":48.25,"angle":123.75},{"type":"block","time":48.25,"angle":135},{"type":"block","time":48.75,"angle":33.75},{"type":"block","time":48.75,"angle":45},{"type":"block","time":48.75,"angle":56.25},{"type":"block","time":49.25,"angle":123.75},{"type":"block","time":49.25,"angle":135},{"type":"block","time":49.25,"angle":146.25},{"type":"block","time":49.75,"angle":33.75},{"type":"block","time":49.75,"angle":45},{"type":"block","time":49.75,"angle":56.25},{"duration":0.5,"time":50.5,"angle2":45,"angle":180,"type":"hold"},{"duration":1,"time":51,"angle2":22.5,"angle":45,"type":"hold"},{"duration":1,"time":51,"angle2":-22.5,"angle":45,"type":"hold"},{"duration":1,"time":51,"angle2":0,"angle":45,"type":"hold"},{"type":"block","time":52.25,"angle":348.75},{"type":"block","time":52.25,"angle":0},{"type":"block","time":52.25,"angle":11.25},{"type":"block","time":52.75,"angle":191.25},{"type":"block","time":52.75,"angle":180},{"type":"block","time":52.75,"angle":168.75},{"type":"block","time":53.25,"angle":348.75},{"type":"block","time":53.25,"angle":360},{"type":"block","time":53.25,"angle":11.25},{"type":"block","time":53.75,"angle":180},{"type":"block","time":53.75,"angle":168.75},{"type":"block","time":53.75,"angle":191.25},{"duration":0.5,"time":54.5,"angle2":180,"angle":180,"type":"hold"},{"duration":1,"time":55,"angle2":0,"angle":180,"type":"hold"},{"duration":0.75,"time":56.5,"angle2":225,"angle":360,"type":"hold"},{"duration":0.75,"time":57.25,"angle2":360,"angle":225,"type":"hold"},{"duration":0.75,"time":58,"angle2":135,"angle":0,"type":"hold"},{"duration":0.75,"time":58.75,"angle2":0,"angle":135,"type":"hold"},{"type":"block","time":57.25,"angle":213.75},{"type":"block","time":57.25,"angle":225},{"type":"block","time":57.25,"angle":236.25},{"type":"block","time":58.75,"angle":123.75},{"type":"block","time":58.75,"angle":146.25},{"type":"block","time":58.75,"angle":135},{"type":"block","time":60.25,"angle":326.25},{"type":"block","time":60.25,"angle":337.5},{"type":"block","time":60.25,"angle":315},{"type":"block","time":60.75,"angle":157.5},{"type":"block","time":60.75,"angle":146.25},{"type":"block","time":60.75,"angle":135},{"type":"block","time":61.25,"angle":22.5},{"type":"block","time":61.25,"angle":33.75},{"type":"block","time":61.25,"angle":45},{"type":"block","time":61.75,"angle":225},{"type":"block","time":61.75,"angle":213.75},{"type":"block","time":61.75,"angle":202.5},{"duration":0.5,"time":62.5,"angle2":202.5,"angle":191.25,"type":"hold"},{"duration":0.5,"time":62.5,"angle2":180,"angle":180,"type":"hold"},{"duration":0.5,"time":62.5,"angle2":157.5,"angle":168.75,"type":"hold"},{"duration":1,"time":63,"angle2":180,"angle":202.5,"type":"hold"},{"duration":1,"time":63,"angle2":180,"angle":180,"type":"hold"},{"duration":1,"time":63,"angle2":180,"angle":157.5,"type":"hold"},{"type":"block","time":64.25,"angle":281.25},{"type":"block","time":64.25,"angle":270},{"type":"block","time":64.25,"angle":258.75},{"type":"block","time":64.75,"angle":78.75},{"type":"block","time":64.75,"angle":90},{"type":"block","time":64.75,"angle":101.25},{"type":"block","time":65.25,"angle":191.25},{"type":"block","time":65.25,"angle":180},{"type":"block","time":65.25,"angle":168.75},{"type":"block","time":65.75,"angle":348.75},{"type":"block","time":65.75,"angle":360},{"type":"block","time":65.75,"angle":11.25},{"duration":0.5,"time":66.5,"angle2":-90,"angle":0,"type":"hold"},{"duration":1,"time":67,"angle2":90,"angle":270,"type":"hold"},{"type":"block","time":68.25,"angle":112.5},{"type":"block","time":68.25,"angle":123.75},{"type":"block","time":68.25,"angle":135},{"type":"block","time":68.75,"angle":315},{"type":"block","time":68.75,"angle":326.25},{"type":"block","time":68.75,"angle":337.5},{"type":"block","time":69.25,"angle":191.25},{"type":"block","time":69.25,"angle":180},{"type":"block","time":69.25,"angle":168.75},{"type":"block","time":69.75,"angle":348.75},{"type":"block","time":69.75,"angle":0},{"type":"block","time":69.75,"angle":11.25},{"type":"block","time":70.5,"angle":78.75},{"type":"block","time":70.5,"angle":90},{"type":"block","time":70.5,"angle":101.25},{"type":"block","time":71,"angle":348.75},{"type":"block","time":71,"angle":360},{"type":"block","time":71,"angle":11.25},{"type":"block","time":72,"angle":281.25},{"type":"block","time":72,"angle":270},{"type":"block","time":72,"angle":258.75},{"type":"block","time":73,"angle":191.25},{"type":"block","time":73,"angle":180},{"type":"block","time":73,"angle":180},{"type":"block","time":73,"angle":168.75},{"type":"block","time":74,"angle":101.25},{"type":"block","time":74,"angle":90},{"type":"block","time":74,"angle":78.75},{"duration":0.5,"time":75,"angle2":360,"angle":337.5,"type":"hold"},{"duration":0.5,"time":75,"angle2":0,"angle":0,"type":"hold"},{"duration":0.5,"time":75,"angle2":0,"angle":22.5,"type":"hold"},{"type":"block","time":76,"angle":348.75},{"type":"block","time":76,"angle":360},{"type":"block","time":76,"angle":11.25},{"type":"block","time":76.375,"angle":236.25},{"type":"block","time":76.375,"angle":225},{"type":"block","time":76.375,"angle":213.75},{"type":"block","time":76.75,"angle":112.5},{"type":"block","time":76.75,"angle":101.25},{"type":"block","time":76.75,"angle":90},{"type":"block","time":77.125,"angle":337.5},{"type":"block","time":77.125,"angle":348.75},{"type":"block","time":77.125,"angle":360},{"type":"block","time":77.5,"angle":56.25},{"type":"block","time":77.5,"angle":67.5},{"type":"block","time":77.5,"angle":78.75},{"type":"block","time":77.875,"angle":213.75},{"type":"block","time":77.875,"angle":202.5},{"type":"block","time":77.875,"angle":225},{"type":"block","time":78.25,"angle":11.25},{"type":"block","time":78.25,"angle":22.5},{"type":"block","time":78.25,"angle":33.75},{"type":"block","time":78.625,"angle":135},{"type":"block","time":78.625,"angle":146.25},{"type":"block","time":78.625,"angle":157.5},{"type":"block","time":79,"angle":258.75},{"type":"block","time":79,"angle":247.5},{"type":"block","time":79,"angle":236.25},{"type":"block","time":79.375,"angle":371.25},{"type":"block","time":79.375,"angle":382.5},{"type":"block","time":79.375,"angle":33.75},{"type":"block","time":79.75,"angle":258.75},{"type":"block","time":79.75,"angle":247.5},{"type":"block","time":79.75,"angle":236.25},{"type":"block","time":80.125,"angle":135},{"type":"block","time":80.125,"angle":123.75},{"type":"block","time":80.125,"angle":112.5},{"type":"block","time":80.5,"angle":360},{"type":"block","time":80.5,"angle":371.25},{"type":"block","time":80.5,"angle":382.5},{"type":"block","time":80.875,"angle":78.75},{"type":"block","time":80.875,"angle":90},{"type":"block","time":80.875,"angle":101.25},{"type":"block","time":81.25,"angle":236.25},{"type":"block","time":81.25,"angle":225},{"type":"block","time":81.25,"angle":247.5},{"type":"block","time":81.625,"angle":33.75},{"type":"block","time":81.625,"angle":45},{"type":"block","time":81.625,"angle":56.25},{"type":"block","time":82,"angle":157.5},{"type":"block","time":82,"angle":168.75},{"type":"block","time":82,"angle":180},{"type":"block","time":82.375,"angle":281.25},{"type":"block","time":82.375,"angle":270},{"type":"block","time":82.375,"angle":258.75},{"type":"block","time":82.75,"angle":315},{"type":"block","time":82.75,"angle":326.25},{"type":"block","time":82.75,"angle":-22.5},{"type":"block","time":83.125,"angle":202.5},{"type":"block","time":83.125,"angle":191.25},{"type":"block","time":83.125,"angle":180},{"type":"block","time":83.5,"angle":78.75},{"type":"block","time":83.5,"angle":67.5},{"type":"block","time":83.5,"angle":56.25},{"type":"block","time":83.875,"angle":303.75},{"type":"block","time":83.875,"angle":315},{"type":"block","time":83.875,"angle":326.25},{"type":"block","time":84.25,"angle":22.5},{"type":"block","time":84.25,"angle":33.75},{"type":"block","time":84.25,"angle":45},{"type":"block","time":84.625,"angle":180},{"type":"block","time":84.625,"angle":168.75},{"type":"block","time":84.625,"angle":191.25},{"type":"block","time":85,"angle":-22.5},{"type":"block","time":85,"angle":-11.25},{"type":"block","time":85,"angle":0},{"type":"block","time":85.375,"angle":101.25},{"type":"block","time":85.375,"angle":112.5},{"type":"block","time":85.375,"angle":123.75},{"type":"block","time":85.75,"angle":225},{"type":"block","time":85.75,"angle":213.75},{"type":"block","time":85.75,"angle":202.5},{"type":"block","time":86.125,"angle":337.5},{"type":"block","time":86.125,"angle":348.75},{"type":"block","time":86.125,"angle":0},{"type":"block","time":86.5,"angle":225},{"type":"block","time":86.5,"angle":213.75},{"type":"block","time":86.5,"angle":202.5},{"type":"block","time":86.875,"angle":101.25},{"type":"block","time":86.875,"angle":90},{"type":"block","time":86.875,"angle":78.75},{"type":"block","time":87.25,"angle":326.25},{"type":"block","time":87.25,"angle":337.5},{"type":"block","time":87.25,"angle":348.75},{"type":"block","time":87.625,"angle":45},{"type":"block","time":87.625,"angle":56.25},{"type":"block","time":87.625,"angle":67.5},{"type":"block","time":88,"angle":202.5},{"type":"block","time":88,"angle":191.25},{"type":"block","time":88,"angle":213.75},{"type":"block","time":88.375,"angle":0},{"type":"block","time":88.375,"angle":11.25},{"type":"block","time":88.375,"angle":22.5},{"type":"block","time":88.75,"angle":123.75},{"type":"block","time":88.75,"angle":135},{"type":"block","time":88.75,"angle":146.25},{"type":"block","time":89.125,"angle":247.5},{"type":"block","time":89.125,"angle":236.25},{"type":"block","time":89.125,"angle":225},{"type":"block","time":89.5,"angle":168.75},{"type":"block","time":89.5,"angle":157.5},{"type":"block","time":89.5,"angle":146.25},{"type":"block","time":89.875,"angle":337.5},{"type":"block","time":89.875,"angle":326.25},{"type":"block","time":89.875,"angle":315},{"type":"block","time":90.25,"angle":33.75},{"type":"block","time":90.25,"angle":45},{"type":"block","time":90.25,"angle":56.25},{"type":"block","time":90.625,"angle":146.25},{"type":"block","time":90.625,"angle":157.5},{"type":"block","time":90.625,"angle":168.75},{"type":"block","time":91,"angle":348.75},{"type":"block","time":91,"angle":360},{"type":"block","time":91,"angle":11.25},{"type":"block","time":91.375,"angle":236.25},{"type":"block","time":91.375,"angle":225},{"type":"block","time":91.375,"angle":213.75},{"type":"block","time":91.75,"angle":112.5},{"type":"block","time":91.75,"angle":101.25},{"type":"block","time":91.75,"angle":90},{"type":"block","time":92.125,"angle":337.5},{"type":"block","time":92.125,"angle":348.75},{"type":"block","time":92.125,"angle":360},{"type":"block","time":92.5,"angle":56.25},{"type":"block","time":92.5,"angle":67.5},{"type":"block","time":92.5,"angle":78.75},{"type":"block","time":92.875,"angle":213.75},{"type":"block","time":92.875,"angle":202.5},{"type":"block","time":92.875,"angle":225},{"type":"block","time":93.25,"angle":11.25},{"type":"block","time":93.25,"angle":22.5},{"type":"block","time":93.25,"angle":33.75},{"type":"block","time":93.625,"angle":135},{"type":"block","time":93.625,"angle":146.25},{"type":"block","time":93.625,"angle":157.5},{"type":"block","time":94,"angle":258.75},{"type":"block","time":94,"angle":247.5},{"type":"block","time":94,"angle":236.25},{"type":"block","time":94.375,"angle":371.25},{"type":"block","time":94.375,"angle":382.5},{"type":"block","time":94.375,"angle":33.75},{"type":"block","time":94.75,"angle":258.75},{"type":"block","time":94.75,"angle":247.5},{"type":"block","time":94.75,"angle":236.25},{"type":"block","time":95.125,"angle":135},{"type":"block","time":95.125,"angle":123.75},{"type":"block","time":95.125,"angle":112.5},{"type":"block","time":95.5,"angle":360},{"type":"block","time":95.5,"angle":371.25},{"type":"block","time":95.5,"angle":382.5},{"type":"block","time":95.875,"angle":78.75},{"type":"block","time":95.875,"angle":90},{"type":"block","time":95.875,"angle":101.25},{"type":"block","time":96.25,"angle":236.25},{"type":"block","time":96.25,"angle":225},{"type":"block","time":96.25,"angle":247.5},{"type":"block","time":96.625,"angle":33.75},{"type":"block","time":96.625,"angle":45},{"type":"block","time":96.625,"angle":56.25},{"type":"block","time":97,"angle":157.5},{"type":"block","time":97,"angle":168.75},{"type":"block","time":97,"angle":180},{"type":"block","time":97.375,"angle":281.25},{"type":"block","time":97.375,"angle":270},{"type":"block","time":97.375,"angle":258.75},{"type":"block","time":97.75,"angle":315},{"type":"block","time":97.75,"angle":326.25},{"type":"block","time":97.75,"angle":-22.5},{"type":"block","time":98.125,"angle":202.5},{"type":"block","time":98.125,"angle":191.25},{"type":"block","time":98.125,"angle":180},{"type":"block","time":98.5,"angle":78.75},{"type":"block","time":98.5,"angle":67.5},{"type":"block","time":98.5,"angle":56.25},{"type":"block","time":98.875,"angle":303.75},{"type":"block","time":98.875,"angle":315},{"type":"block","time":98.875,"angle":326.25},{"type":"block","time":99.25,"angle":22.5},{"type":"block","time":99.25,"angle":33.75},{"type":"block","time":99.25,"angle":45},{"type":"block","time":99.625,"angle":180},{"type":"block","time":99.625,"angle":168.75},{"type":"block","time":99.625,"angle":191.25},{"type":"block","time":100,"angle":-22.5},{"type":"block","time":100,"angle":-11.25},{"type":"block","time":100,"angle":0},{"type":"block","time":100.375,"angle":101.25},{"type":"block","time":100.375,"angle":112.5},{"type":"block","time":100.375,"angle":123.75},{"type":"block","time":100.75,"angle":225},{"type":"block","time":100.75,"angle":213.75},{"type":"block","time":100.75,"angle":202.5},{"type":"block","time":101.125,"angle":337.5},{"type":"block","time":101.125,"angle":348.75},{"type":"block","time":101.125,"angle":0},{"type":"block","time":101.5,"angle":225},{"type":"block","time":101.5,"angle":213.75},{"type":"block","time":101.5,"angle":202.5},{"type":"block","time":101.875,"angle":101.25},{"type":"block","time":101.875,"angle":90},{"type":"block","time":101.875,"angle":78.75},{"type":"block","time":102.25,"angle":326.25},{"type":"block","time":102.25,"angle":337.5},{"type":"block","time":102.25,"angle":348.75},{"type":"block","time":102.625,"angle":45},{"type":"block","time":102.625,"angle":56.25},{"type":"block","time":102.625,"angle":67.5},{"type":"block","time":103,"angle":202.5},{"type":"block","time":103,"angle":191.25},{"type":"block","time":103,"angle":213.75},{"type":"block","time":103.375,"angle":0},{"type":"block","time":103.375,"angle":11.25},{"type":"block","time":103.375,"angle":22.5},{"type":"block","time":103.75,"angle":123.75},{"type":"block","time":103.75,"angle":135},{"type":"block","time":103.75,"angle":146.25},{"type":"block","time":104.125,"angle":247.5},{"type":"block","time":104.125,"angle":236.25},{"type":"block","time":104.125,"angle":225},{"type":"block","time":104.5,"angle":168.75},{"type":"block","time":104.5,"angle":157.5},{"type":"block","time":104.5,"angle":146.25},{"type":"block","time":104.875,"angle":337.5},{"type":"block","time":104.875,"angle":326.25},{"type":"block","time":104.875,"angle":315},{"type":"block","time":105.25,"angle":33.75},{"type":"block","time":105.25,"angle":45},{"type":"block","time":105.25,"angle":56.25},{"type":"block","time":105.625,"angle":146.25},{"type":"block","time":105.625,"angle":157.5},{"type":"block","time":105.625,"angle":168.75},{"type":"block","time":106,"angle":326.25},{"type":"block","time":106,"angle":337.5},{"type":"block","time":106,"angle":-11.25},{"type":"block","time":106.375,"angle":213.75},{"type":"block","time":106.375,"angle":202.5},{"type":"block","time":106.375,"angle":191.25},{"type":"block","time":106.75,"angle":90},{"type":"block","time":106.75,"angle":78.75},{"type":"block","time":106.75,"angle":67.5},{"type":"block","time":107.125,"angle":348.75},{"type":"block","time":107.125,"angle":360},{"type":"block","time":107.125,"angle":371.25},{"type":"block","time":107.5,"angle":67.5},{"type":"block","time":107.5,"angle":78.75},{"type":"block","time":107.5,"angle":90},{"type":"block","time":107.875,"angle":225},{"type":"block","time":107.875,"angle":213.75},{"type":"block","time":107.875,"angle":236.25},{"type":"block","time":108.25,"angle":22.5},{"type":"block","time":108.25,"angle":33.75},{"type":"block","time":108.25,"angle":45},{"type":"block","time":108.625,"angle":146.25},{"type":"block","time":108.625,"angle":157.5},{"type":"block","time":108.625,"angle":168.75},{"type":"block","time":109,"angle":270},{"type":"block","time":109,"angle":258.75},{"type":"block","time":109,"angle":247.5},{"type":"block","time":109.375,"angle":382.5},{"type":"block","time":109.375,"angle":393.75},{"type":"block","time":109.375,"angle":45},{"type":"block","time":109.75,"angle":270},{"type":"block","time":109.75,"angle":258.75},{"type":"block","time":109.75,"angle":247.5},{"type":"block","time":110.125,"angle":146.25},{"type":"block","time":110.125,"angle":135},{"type":"block","time":110.125,"angle":123.75},{"type":"block","time":110.5,"angle":371.25},{"type":"block","time":110.5,"angle":382.5},{"type":"block","time":110.5,"angle":393.75},{"type":"block","time":110.875,"angle":90},{"type":"block","time":110.875,"angle":101.25},{"type":"block","time":110.875,"angle":112.5},{"type":"block","time":111.25,"angle":247.5},{"type":"block","time":111.25,"angle":236.25},{"type":"block","time":111.25,"angle":258.75},{"type":"block","time":111.625,"angle":45},{"type":"block","time":111.625,"angle":56.25},{"type":"block","time":111.625,"angle":67.5},{"type":"block","time":112,"angle":168.75},{"type":"block","time":112,"angle":180},{"type":"block","time":112,"angle":191.25},{"type":"block","time":112.375,"angle":292.5},{"type":"block","time":112.375,"angle":281.25},{"type":"block","time":112.375,"angle":270},{"type":"block","time":112.75,"angle":326.25},{"type":"block","time":112.75,"angle":337.5},{"type":"block","time":112.75,"angle":-11.25},{"type":"block","time":113.125,"angle":213.75},{"type":"block","time":113.125,"angle":202.5},{"type":"block","time":113.125,"angle":191.25},{"type":"block","time":113.5,"angle":90},{"type":"block","time":113.5,"angle":78.75},{"type":"block","time":113.5,"angle":67.5},{"type":"block","time":113.875,"angle":315},{"type":"block","time":113.875,"angle":326.25},{"type":"block","time":113.875,"angle":337.5},{"type":"block","time":114.25,"angle":33.75},{"type":"block","time":114.25,"angle":45},{"type":"block","time":114.25,"angle":56.25},{"type":"block","time":114.625,"angle":191.25},{"type":"block","time":114.625,"angle":180},{"type":"block","time":114.625,"angle":202.5},{"type":"block","time":115,"angle":-11.25},{"type":"block","time":115,"angle":0},{"type":"block","time":115,"angle":11.25},{"type":"block","time":115.375,"angle":112.5},{"type":"block","time":115.375,"angle":123.75},{"type":"block","time":115.375,"angle":135},{"type":"block","time":115.75,"angle":236.25},{"type":"block","time":115.75,"angle":225},{"type":"block","time":115.75,"angle":213.75},{"type":"block","time":116.125,"angle":348.75},{"type":"block","time":116.125,"angle":360},{"type":"block","time":116.125,"angle":11.25},{"type":"block","time":116.5,"angle":236.25},{"type":"block","time":116.5,"angle":225},{"type":"block","time":116.5,"angle":213.75},{"type":"block","time":116.875,"angle":112.5},{"type":"block","time":116.875,"angle":101.25},{"type":"block","time":116.875,"angle":90},{"type":"block","time":117.25,"angle":337.5},{"type":"block","time":117.25,"angle":348.75},{"type":"block","time":117.25,"angle":360},{"type":"block","time":117.625,"angle":56.25},{"type":"block","time":117.625,"angle":67.5},{"type":"block","time":117.625,"angle":78.75},{"type":"block","time":118,"angle":213.75},{"type":"block","time":118,"angle":202.5},{"type":"block","time":118,"angle":225},{"type":"block","time":118.375,"angle":11.25},{"type":"block","time":118.375,"angle":22.5},{"type":"block","time":118.375,"angle":33.75},{"type":"block","time":118.75,"angle":135},{"type":"block","time":118.75,"angle":146.25},{"type":"block","time":118.75,"angle":157.5},{"type":"block","time":119.125,"angle":258.75},{"type":"block","time":119.125,"angle":247.5},{"type":"block","time":119.125,"angle":236.25},{"type":"block","time":119.5,"angle":180},{"type":"block","time":119.5,"angle":168.75},{"type":"block","time":119.5,"angle":191.25},{"segments":1,"angle2":180,"duration":2,"type":"hold","time":120.5,"angle":202.5},{"segments":1,"angle2":180,"duration":1.5,"type":"hold","time":121,"angle":157.5},{"duration":1,"time":121.5,"angle2":180,"angle":180,"type":"hold"},{"type":"block","time":123,"angle":180},{"type":"block","time":123.33333587646,"angle":150},{"type":"block","time":123.66666412354,"angle":120},{"type":"block","time":124,"angle":90},{"type":"block","time":124,"angle":75},{"type":"block","time":124,"angle":105},{"type":"block","time":139.75,"angle":315},{"type":"block","time":139.75,"angle":326.25},{"type":"block","time":139.75,"angle":337.5},{"duration":1,"time":151.5,"angle2":348.75,"angle":348.75,"type":"hold"},{"duration":1,"time":151.5,"angle2":360,"angle":360,"type":"hold"},{"duration":1,"time":151.5,"angle2":11.25,"angle":11.25,"type":"hold"},{"type":"block","time":152.5,"angle":337.5},{"type":"block","time":152.5,"angle":326.25},{"type":"block","time":152.5,"angle":315},{"type":"block","time":152.75,"angle":33.75},{"type":"block","time":152.75,"angle":45},{"type":"block","time":152.75,"angle":56.25},{"type":"block","time":153,"angle":360},{"type":"block","time":153,"angle":348.75},{"type":"block","time":153,"angle":11.25},{"duration":1,"time":154,"angle2":270,"angle":360,"type":"hold"},{"duration":1,"time":155,"angle2":90,"angle":270,"type":"hold"},{"type":"block","time":156,"angle":90},{"type":"block","time":156,"angle":75},{"type":"block","time":156,"angle":105},{"type":"block","time":183.5,"angle":337.5},{"type":"block","time":184,"angle":157.5},{"type":"block","time":184,"angle":168.75},{"type":"block","time":184,"angle":180},{"type":"block","time":184.5,"angle":281.25},{"type":"block","time":185,"angle":135},{"type":"block","time":185,"angle":123.75},{"type":"block","time":185,"angle":112.5},{"type":"block","time":185.5,"angle":225},{"type":"block","time":186,"angle":360},{"type":"block","time":186,"angle":11.25},{"type":"block","time":186,"angle":22.5},{"type":"block","time":186.5,"angle":135},{"type":"block","time":188.25,"angle":213.75},{"type":"block","time":188.25,"angle":202.5},{"type":"block","time":188.25,"angle":225},{"type":"block","time":188.75,"angle":157.5},{"type":"block","time":188.75,"angle":146.25},{"type":"block","time":189.25,"angle":225},{"type":"block","time":189.25,"angle":213.75},{"type":"block","time":189.25,"angle":202.5},{"type":"block","time":188.75,"angle":135},{"type":"block","time":189.75,"angle":157.5},{"type":"block","time":189.75,"angle":146.25},{"type":"block","time":189.75,"angle":135},{"duration":1,"time":187,"angle2":202.5,"angle":191.25,"type":"hold"},{"duration":1,"time":187,"angle2":180,"angle":180,"type":"hold"},{"duration":1,"time":187,"angle2":157.5,"angle":168.75,"type":"hold"},{"duration":0.5,"time":190.5,"angle2":270,"angle":180,"type":"hold"},{"duration":1,"time":191,"angle2":90,"angle":270,"type":"hold"},{"type":"block","time":192.25,"angle":146.25},{"type":"block","time":192.25,"angle":123.75},{"type":"block","time":192.25,"angle":135},{"type":"block","time":192.75,"angle":56.25},{"type":"block","time":192.75,"angle":67.5},{"type":"block","time":192.75,"angle":45},{"type":"block","time":193.25,"angle":123.75},{"type":"block","time":193.25,"angle":135},{"type":"block","time":193.25,"angle":146.25},{"type":"block","time":193.75,"angle":67.5},{"type":"block","time":193.75,"angle":56.25},{"type":"block","time":193.75,"angle":45},{"duration":0.5,"time":194.5,"angle2":112.5,"angle":90,"type":"hold"},{"duration":1,"time":195,"angle2":0,"angle":112.5,"type":"hold"},{"type":"block","time":196.25,"angle":348.75},{"type":"block","time":196.25,"angle":360},{"type":"block","time":196.25,"angle":11.25},{"type":"block","time":196.75,"angle":281.25},{"type":"block","time":196.75,"angle":270},{"type":"block","time":196.75,"angle":258.75},{"type":"block","time":197.25,"angle":78.75},{"type":"block","time":197.25,"angle":90},{"type":"block","time":197.25,"angle":101.25},{"type":"block","time":197.75,"angle":191.25},{"type":"block","time":197.75,"angle":180},{"type":"block","time":197.75,"angle":168.75},{"duration":0.5,"time":199.5,"angle2":191.25,"angle":270,"type":"hold"},{"duration":0.5,"time":200,"angle2":270,"angle":191.25,"type":"hold"},{"duration":0.5,"time":200.5,"angle2":191.25,"angle":270,"type":"hold"},{"duration":0.5,"time":201,"angle2":270,"angle":191.25,"type":"hold"},{"duration":0.5,"time":201.5,"angle2":90,"angle":270,"type":"hold"},{"duration":0.5,"time":198.5,"angle2":157.5,"angle":180,"type":"hold"},{"duration":0.5,"time":202,"angle2":-191.25,"angle":-270,"type":"hold"},{"duration":0.5,"time":202.5,"angle2":-270,"angle":-191.25,"type":"hold"},{"duration":1,"time":203,"angle2":0,"angle":90,"type":"hold"},{"type":"block","time":204.25,"angle":348.75},{"type":"block","time":204.25,"angle":0},{"type":"block","time":204.25,"angle":11.25},{"type":"block","time":204.75,"angle":191.25},{"type":"block","time":204.75,"angle":180},{"type":"block","time":204.75,"angle":168.75},{"type":"block","time":205.25,"angle":348.75},{"type":"block","time":205.25,"angle":360},{"type":"block","time":205.25,"angle":11.25},{"type":"block","time":205.75,"angle":191.25},{"type":"block","time":205.75,"angle":180},{"type":"block","time":205.75,"angle":168.75},{"duration":0.5,"time":199,"angle2":270,"angle":157.5,"type":"hold"},{"duration":0.5,"time":206.5,"angle2":292.5,"angle":270,"type":"hold"},{"duration":1,"time":207,"angle2":112.5,"angle":292.5,"type":"hold"},{"type":"block","time":208.25,"angle":101.25},{"type":"block","time":208.25,"angle":112.5},{"type":"block","time":208.25,"angle":123.75},{"type":"block","time":208.75,"angle":326.25},{"type":"block","time":208.75,"angle":337.5},{"type":"block","time":208.75,"angle":348.75},{"type":"block","time":209.25,"angle":191.25},{"type":"block","time":209.25,"angle":180},{"type":"block","time":209.25,"angle":168.75},{"type":"block","time":209.75,"angle":22.5},{"type":"block","time":209.75,"angle":33.75},{"type":"block","time":209.75,"angle":45},{"duration":0.5,"time":210.5,"angle2":371.25,"angle":360,"type":"hold"},{"duration":1,"time":211,"angle2":-180,"angle":11.25,"type":"hold"},{"type":"block","time":212.25,"angle":213.75},{"type":"block","time":212.25,"angle":202.5},{"type":"block","time":212.25,"angle":191.25},{"type":"block","time":212.75,"angle":112.5},{"type":"block","time":212.75,"angle":123.75},{"type":"block","time":212.75,"angle":135},{"type":"block","time":213.25,"angle":326.25},{"type":"block","time":213.25,"angle":337.5},{"type":"block","time":213.25,"angle":315},{"type":"block","time":213.75,"angle":45},{"type":"block","time":213.75,"angle":22.5},{"type":"block","time":213.75,"angle":33.75},{"duration":0.5,"time":214.5,"angle2":326.25,"angle":360,"type":"hold"},{"duration":1,"time":215,"angle2":495,"angle":326.25,"type":"hold"},{"type":"block","time":216.25,"angle":146.25},{"type":"block","time":216.25,"angle":135},{"type":"block","time":216.25,"angle":123.75},{"type":"block","time":216.75,"angle":33.75},{"type":"block","time":216.75,"angle":45},{"type":"block","time":216.75,"angle":56.25},{"type":"block","time":217.25,"angle":236.25},{"type":"block","time":217.25,"angle":225},{"type":"block","time":217.25,"angle":213.75},{"type":"block","time":217.75,"angle":303.75},{"type":"block","time":217.75,"angle":315},{"type":"block","time":217.75,"angle":326.25},{"type":"block","time":218.25,"angle":146.25},{"type":"block","time":218.25,"angle":135},{"type":"block","time":218.25,"angle":123.75},{"type":"extraTap","time":219,"angle":45},{"type":"block","time":220,"angle":348.75},{"type":"block","time":220,"angle":0},{"type":"block","time":220,"angle":11.25},{"type":"block","time":221,"angle":348.75},{"type":"block","time":221,"angle":0},{"type":"block","time":221,"angle":11.25},{"type":"block","time":222,"angle":348.75},{"type":"block","time":222,"angle":0},{"type":"block","time":222,"angle":11.25},{"type":"block","time":223,"angle":348.75},{"type":"block","time":223,"angle":360},{"type":"block","time":223,"angle":11.25},{"type":"block","time":224,"angle":348.75},{"type":"block","time":224,"angle":0},{"type":"block","time":224,"angle":11.25},{"type":"block","time":225,"angle":348.75},{"type":"block","time":225,"angle":0},{"type":"block","time":225,"angle":11.25},{"type":"block","time":226,"angle":348.75},{"type":"block","time":226,"angle":0},{"type":"block","time":226,"angle":11.25},{"type":"block","time":227,"angle":348.75},{"type":"block","time":227,"angle":360},{"type":"block","time":227,"angle":11.25},{"type":"block","time":228,"angle":22.5},{"type":"block","time":228,"angle":33.75},{"type":"block","time":228,"angle":45},{"type":"block","time":229,"angle":67.5},{"type":"block","time":229,"angle":78.75},{"type":"block","time":229,"angle":90},{"type":"block","time":230,"angle":101.25},{"type":"block","time":230,"angle":112.5},{"type":"block","time":230,"angle":123.75},{"type":"block","time":231,"angle":135},{"type":"block","time":231,"angle":146.25},{"type":"block","time":231,"angle":157.5},{"type":"block","time":232,"angle":168.75},{"type":"block","time":232,"angle":180},{"type":"block","time":232,"angle":191.25},{"type":"block","time":233,"angle":202.5},{"type":"block","time":233,"angle":213.75},{"type":"block","time":233,"angle":225},{"type":"block","time":234,"angle":236.25},{"type":"block","time":234,"angle":247.5},{"type":"block","time":234,"angle":258.75},{"type":"block","time":235,"angle":270},{"type":"block","time":235,"angle":281.25},{"type":"block","time":235,"angle":292.5},{"type":"block","time":236,"angle":303.75},{"type":"block","time":236,"angle":315},{"type":"block","time":236,"angle":326.25},{"type":"block","time":237,"angle":337.5},{"type":"block","time":237,"angle":348.75},{"type":"block","time":237,"angle":0},{"type":"block","time":238,"angle":11.25},{"type":"block","time":238,"angle":22.5},{"type":"block","time":238,"angle":33.75},{"type":"block","time":239,"angle":45},{"type":"block","time":239,"angle":56.25},{"type":"block","time":239,"angle":67.5},{"type":"block","time":240,"angle":78.75},{"type":"block","time":240,"angle":90},{"type":"block","time":240,"angle":101.25},{"type":"block","time":241,"angle":472.5},{"type":"block","time":241,"angle":483.75},{"type":"block","time":241,"angle":135},{"type":"block","time":242,"angle":146.25},{"type":"block","time":242,"angle":157.5},{"type":"block","time":242,"angle":168.75},{"type":"block","time":243,"angle":180},{"type":"block","time":243,"angle":191.25},{"type":"block","time":243,"angle":202.5},{"type":"block","time":244,"angle":213.75},{"type":"block","time":244,"angle":225},{"type":"block","time":244,"angle":236.25},{"type":"block","time":244.5,"angle":247.5},{"type":"block","time":244.5,"angle":258.75},{"type":"block","time":244.5,"angle":270},{"type":"block","time":245,"angle":281.25},{"type":"block","time":245,"angle":292.5},{"type":"block","time":245,"angle":303.75},{"type":"block","time":245.5,"angle":315},{"type":"block","time":245.5,"angle":326.25},{"type":"block","time":245.5,"angle":337.5},{"type":"block","time":246,"angle":348.75},{"type":"block","time":246,"angle":360},{"type":"block","time":246,"angle":11.25},{"type":"block","time":246.25,"angle":22.5},{"type":"block","time":246.25,"angle":33.75},{"type":"block","time":246.25,"angle":45},{"type":"block","time":246.5,"angle":56.25},{"type":"block","time":246.5,"angle":67.5},{"type":"block","time":246.5,"angle":78.75},{"type":"block","time":246.75,"angle":90},{"type":"block","time":246.75,"angle":101.25},{"type":"block","time":246.75,"angle":112.5},{"type":"block","time":247,"angle":123.75},{"type":"block","time":247,"angle":135},{"type":"block","time":247,"angle":146.25},{"type":"block","time":247.25,"angle":157.5},{"type":"block","time":247.25,"angle":168.75},{"type":"block","time":247.25,"angle":180},{"type":"block","time":247.5,"angle":191.25},{"type":"block","time":247.5,"angle":202.5},{"type":"block","time":247.5,"angle":213.75},{"type":"block","time":249,"angle":247.5},{"type":"block","time":249,"angle":236.25},{"type":"block","time":249,"angle":225},{"type":"block","time":250,"angle":135},{"type":"block","time":250,"angle":123.75},{"type":"block","time":250,"angle":112.5},{"type":"block","time":254.5,"angle":191.25},{"type":"block","time":254.5,"angle":180},{"type":"block","time":254.5,"angle":168.75},{"type":"block","time":255,"angle":191.25},{"type":"block","time":255,"angle":180},{"type":"block","time":255,"angle":168.75},{"type":"block","time":256,"angle":213.75},{"type":"block","time":256,"angle":202.5},{"type":"block","time":256,"angle":191.25},{"type":"block","time":257,"angle":168.75},{"type":"block","time":257,"angle":157.5},{"type":"block","time":257,"angle":146.25},{"type":"block","time":258,"angle":247.5},{"type":"block","time":258,"angle":236.25},{"type":"block","time":258,"angle":225},{"type":"block","time":259,"angle":123.75},{"type":"block","time":259,"angle":112.5},{"type":"block","time":259,"angle":101.25},{"type":"block","time":260,"angle":281.25},{"type":"block","time":260,"angle":270},{"type":"block","time":260,"angle":258.75},{"type":"block","time":261,"angle":78.75},{"type":"block","time":261,"angle":90},{"type":"block","time":261,"angle":101.25},{"type":"block","time":261.5,"angle":67.5},{"type":"block","time":261.5,"angle":56.25},{"type":"block","time":261.5,"angle":45},{"type":"block","time":261.75,"angle":33.75},{"type":"block","time":261.75,"angle":22.5},{"type":"block","time":261.75,"angle":11.25},{"type":"block","time":262,"angle":0},{"type":"block","time":262,"angle":348.75},{"type":"block","time":262,"angle":337.5},{"type":"block","time":262.25,"angle":326.25},{"type":"block","time":262.25,"angle":315},{"type":"block","time":262.25,"angle":303.75},{"type":"block","time":262.5,"angle":292.5},{"type":"block","time":262.5,"angle":281.25},{"type":"block","time":262.5,"angle":270},{"type":"block","time":260.5,"angle":191.25},{"type":"block","time":260.5,"angle":180},{"type":"block","time":260.5,"angle":168.75},{"type":"block","time":264,"angle":281.25},{"type":"block","time":264,"angle":270},{"type":"block","time":264,"angle":258.75},{"type":"block","time":264.33334350586,"angle":326.25},{"type":"block","time":264.33334350586,"angle":337.5},{"type":"block","time":264.33334350586,"angle":348.75},{"type":"block","time":265,"angle":67.5},{"type":"block","time":265,"angle":78.75},{"type":"block","time":265,"angle":56.25},{"type":"block","time":264.75001017253,"angle":168.75},{"type":"block","time":264.66665649414,"angle":157.5},{"type":"block","time":264.6669921875,"angle":180},{"type":"block","time":265.4166768392,"angle":213.75},{"type":"block","time":265.33401489258,"angle":202.5},{"type":"block","time":265.33364868164,"angle":225},{"type":"block","time":265.66665649414,"angle":281.25},{"type":"block","time":265.66665649414,"angle":292.5},{"type":"block","time":265.66665649414,"angle":303.75},{"type":"block","time":265.33334350586,"angle":202.5},{"type":"block","time":266.08334350586,"angle":416.25},{"type":"block","time":266,"angle":405},{"type":"block","time":266.00030517578,"angle":427.5},{"type":"block","time":266.00001017253,"angle":405},{"type":"block","time":266.33333333333,"angle":337.5},{"type":"block","time":266.33333333333,"angle":326.25},{"type":"block","time":266.33333333333,"angle":315},{"type":"block","time":266.66667683919,"angle":382.5},{"type":"block","time":266.72918701172,"angle":393.75},{"type":"block","time":266.66667683919,"angle":405},{"type":"block","time":267.33333333333,"angle":123.75},{"type":"block","time":267.33333333333,"angle":135},{"type":"block","time":267.33333333333,"angle":112.5},{"type":"block","time":267.08334350586,"angle":225},{"type":"block","time":266.99998982747,"angle":213.75},{"type":"block","time":267.00032552083,"angle":236.25},{"type":"block","time":267.75001017253,"angle":270},{"type":"block","time":267.66734822591,"angle":258.75},{"type":"block","time":267.66698201497,"angle":281.25},{"type":"block","time":267.99998982747,"angle":371.25},{"type":"block","time":267.99998982747,"angle":382.5},{"type":"block","time":267.99998982747,"angle":393.75},{"type":"block","time":267.66667683919,"angle":258.75},{"type":"block","time":268.41667683919,"angle":472.5},{"type":"block","time":268.33333333333,"angle":461.25},{"type":"block","time":268.33363850911,"angle":483.75},{"type":"block","time":268.33334350586,"angle":461.25},{"type":"block","time":268.66666666667,"angle":236.25},{"type":"block","time":268.66666666667,"angle":225},{"type":"block","time":268.66666666667,"angle":213.75},{"type":"block","time":269.00001017253,"angle":281.25},{"type":"block","time":269.0625,"angle":292.5},{"type":"block","time":269.00001017253,"angle":303.75},{"type":"block","time":269.66666666667,"angle":22.5},{"type":"block","time":269.66666666667,"angle":33.75},{"type":"block","time":269.66666666667,"angle":11.25},{"type":"block","time":269.4166768392,"angle":123.75},{"type":"block","time":269.33332316081,"angle":112.5},{"type":"block","time":269.33365885417,"angle":135},{"type":"block","time":270.08334350587,"angle":168.75},{"type":"block","time":270.00068155925,"angle":157.5},{"type":"block","time":270.00031534831,"angle":180},{"type":"block","time":270.33332316081,"angle":270},{"type":"block","time":270.33332316081,"angle":281.25},{"type":"block","time":270.33332316081,"angle":292.5},{"type":"block","time":270.00001017253,"angle":157.5},{"type":"block","time":270.75001017253,"angle":371.25},{"type":"block","time":270.66666666667,"angle":360},{"type":"block","time":270.66697184245,"angle":382.5},{"type":"block","time":270.6666768392,"angle":360},{"type":"block","time":271,"angle":247.5},{"type":"block","time":271,"angle":236.25},{"type":"block","time":271,"angle":225},{"type":"block","time":271.33334350586,"angle":337.5},{"type":"block","time":271.39585367839,"angle":348.75},{"type":"block","time":271.33334350586,"angle":360},{"type":"block","time":272,"angle":78.75},{"type":"block","time":272,"angle":90},{"type":"block","time":272,"angle":67.5},{"type":"block","time":271.75001017253,"angle":180},{"type":"block","time":271.66665649414,"angle":168.75},{"type":"block","time":271.6669921875,"angle":191.25},{"type":"block","time":272.4166768392,"angle":225},{"type":"block","time":272.33401489258,"angle":213.75},{"type":"block","time":272.33364868164,"angle":236.25},{"type":"block","time":272.66665649414,"angle":326.25},{"type":"block","time":272.66665649414,"angle":337.5},{"type":"block","time":272.66665649414,"angle":348.75},{"type":"block","time":272.33334350586,"angle":213.75},{"type":"block","time":273.08334350586,"angle":427.5},{"type":"block","time":273,"angle":416.25},{"type":"block","time":273.00030517578,"angle":438.75},{"type":"block","time":273.00001017253,"angle":416.25},{"type":"block","time":273.33333333333,"angle":236.25},{"type":"block","time":273.33333333333,"angle":225},{"type":"block","time":273.33333333333,"angle":213.75},{"type":"block","time":273.66667683919,"angle":281.25},{"type":"block","time":273.72918701172,"angle":292.5},{"type":"block","time":273.66667683919,"angle":303.75},{"type":"block","time":274.33333333333,"angle":22.5},{"type":"block","time":274.33333333333,"angle":33.75},{"type":"block","time":274.33333333333,"angle":11.25},{"type":"block","time":274.08334350586,"angle":123.75},{"type":"block","time":273.99998982747,"angle":112.5},{"type":"block","time":274.00032552083,"angle":135},{"type":"block","time":274.75001017253,"angle":168.75},{"type":"block","time":274.66734822591,"angle":157.5},{"type":"block","time":274.66698201497,"angle":180},{"type":"block","time":274.99998982747,"angle":236.25},{"type":"block","time":274.99998982747,"angle":247.5},{"type":"block","time":274.99998982747,"angle":258.75},{"type":"block","time":274.66667683919,"angle":157.5},{"type":"block","time":275.41667683919,"angle":371.25},{"type":"block","time":275.33333333333,"angle":360},{"type":"block","time":275.33363850911,"angle":382.5},{"type":"block","time":275.33334350586,"angle":360},{"type":"block","time":275.66666666666,"angle":292.5},{"type":"block","time":275.66666666666,"angle":281.25},{"type":"block","time":275.66666666666,"angle":270},{"type":"block","time":276.00001017252,"angle":337.5},{"type":"block","time":276.06252034505,"angle":348.75},{"type":"block","time":276.00001017252,"angle":360},{"type":"block","time":276.66666666666,"angle":78.75},{"type":"block","time":276.66666666666,"angle":90},{"type":"block","time":276.66666666666,"angle":67.5},{"type":"block","time":276.41667683919,"angle":180},{"type":"block","time":276.3333231608,"angle":168.75},{"type":"block","time":276.33365885416,"angle":191.25},{"type":"block","time":277.08334350586,"angle":225},{"type":"block","time":277.00068155924,"angle":213.75},{"type":"block","time":277.0003153483,"angle":236.25},{"type":"block","time":277.3333231608,"angle":326.25},{"type":"block","time":277.3333231608,"angle":337.5},{"type":"block","time":277.3333231608,"angle":348.75},{"type":"block","time":277.00001017252,"angle":213.75},{"type":"block","time":277.75001017252,"angle":427.5},{"type":"block","time":277.66666666666,"angle":416.25},{"type":"block","time":277.66697184244,"angle":438.75},{"type":"block","time":277.66667683919,"angle":416.25},{"type":"block","time":278,"angle":191.25},{"type":"block","time":278,"angle":180},{"type":"block","time":278,"angle":168.75},{"type":"block","time":278.33334350586,"angle":236.25},{"type":"block","time":278.39583333333,"angle":247.5},{"type":"block","time":278.33334350586,"angle":258.75},{"type":"block","time":279,"angle":-22.5},{"type":"block","time":279,"angle":-11.25},{"type":"block","time":279,"angle":-33.75},{"type":"block","time":278.75001017253,"angle":78.75},{"type":"block","time":278.66665649414,"angle":67.5},{"type":"block","time":278.6669921875,"angle":90},{"type":"block","time":279.4166768392,"angle":123.75},{"type":"block","time":279.33401489258,"angle":112.5},{"type":"block","time":279.33364868164,"angle":135},{"type":"block","time":279.66665649414,"angle":225},{"type":"block","time":279.66665649414,"angle":236.25},{"type":"block","time":279.66665649414,"angle":247.5},{"type":"block","time":279.33334350586,"angle":112.5},{"type":"block","time":280.08334350586,"angle":326.25},{"type":"block","time":280,"angle":315},{"type":"block","time":280.00030517578,"angle":337.5},{"type":"block","time":280.00001017253,"angle":315},{"type":"block","time":280.33333333333,"angle":202.5},{"type":"block","time":280.33333333333,"angle":191.25},{"type":"block","time":280.33333333333,"angle":180},{"type":"block","time":280.66667683919,"angle":292.5},{"type":"block","time":280.72918701172,"angle":303.75},{"type":"block","time":280.66667683919,"angle":315},{"type":"block","time":281.33333333333,"angle":33.75},{"type":"block","time":281.33333333333,"angle":45},{"type":"block","time":281.33333333333,"angle":22.5},{"type":"block","time":281.08334350586,"angle":135},{"type":"block","time":280.99998982747,"angle":123.75},{"type":"block","time":281.00032552083,"angle":146.25},{"type":"block","time":281.75001017253,"angle":180},{"type":"block","time":281.66734822591,"angle":168.75},{"type":"block","time":281.66698201497,"angle":191.25},{"type":"block","time":281.99998982747,"angle":281.25},{"type":"block","time":281.99998982747,"angle":292.5},{"type":"block","time":281.99998982747,"angle":303.75},{"type":"block","time":281.66667683919,"angle":168.75},{"type":"block","time":282.41667683919,"angle":382.5},{"type":"block","time":282.33333333333,"angle":371.25},{"type":"block","time":282.33363850911,"angle":393.75},{"type":"block","time":282.33334350586,"angle":371.25},{"type":"block","time":282.66666666667,"angle":135},{"type":"block","time":282.66666666667,"angle":146.25},{"type":"block","time":282.66666666667,"angle":123.75},{"type":"block","time":283.08334350587,"angle":281.25},{"type":"block","time":283.00068155925,"angle":270},{"type":"block","time":283.00031534831,"angle":292.5},{"type":"block","time":283.33332316081,"angle":382.5},{"type":"block","time":283.33332316081,"angle":393.75},{"type":"block","time":283.33332316081,"angle":405},{"type":"block","time":283.00001017253,"angle":270},{"type":"block","time":283.75001017253,"angle":483.75},{"type":"block","time":283.66666666667,"angle":472.5},{"type":"block","time":283.66697184245,"angle":495},{"type":"block","time":283.6666768392,"angle":472.5},{"type":"block","time":284,"angle":292.5},{"type":"block","time":284,"angle":281.25},{"type":"block","time":284,"angle":270},{"type":"block","time":284.33334350586,"angle":337.5},{"type":"block","time":284.39585367839,"angle":348.75},{"type":"block","time":284.33334350586,"angle":360},{"type":"block","time":285,"angle":78.75},{"type":"block","time":285,"angle":90},{"type":"block","time":285,"angle":67.5},{"type":"block","time":284.75001017253,"angle":180},{"type":"block","time":284.66665649414,"angle":168.75},{"type":"block","time":284.6669921875,"angle":191.25},{"type":"block","time":285.4166768392,"angle":225},{"type":"block","time":285.33401489258,"angle":213.75},{"type":"block","time":285.33364868164,"angle":236.25},{"type":"block","time":285.66665649414,"angle":292.5},{"type":"block","time":285.66665649414,"angle":303.75},{"type":"block","time":285.66665649414,"angle":315},{"type":"block","time":285.33334350586,"angle":213.75},{"type":"block","time":286.08334350586,"angle":427.5},{"type":"block","time":286,"angle":416.25},{"type":"block","time":286.00030517578,"angle":438.75},{"type":"block","time":286.00001017253,"angle":416.25},{"type":"block","time":286.33333333333,"angle":348.75},{"type":"block","time":286.33333333333,"angle":337.5},{"type":"block","time":286.33333333333,"angle":326.25},{"type":"block","time":286.66667683919,"angle":393.75},{"type":"block","time":286.72918701172,"angle":405},{"type":"block","time":286.66667683919,"angle":416.25},{"type":"block","time":287.33333333333,"angle":135},{"type":"block","time":287.33333333333,"angle":146.25},{"type":"block","time":287.33333333333,"angle":123.75},{"type":"block","time":287.08334350586,"angle":236.25},{"type":"block","time":286.99998982747,"angle":225},{"type":"block","time":287.00032552083,"angle":247.5},{"type":"block","time":287.75001017253,"angle":281.25},{"type":"block","time":287.66734822591,"angle":270},{"type":"block","time":287.66698201497,"angle":292.5},{"type":"block","time":287.99998982747,"angle":382.5},{"type":"block","time":287.99998982747,"angle":393.75},{"type":"block","time":287.99998982747,"angle":405},{"type":"block","time":287.66667683919,"angle":270},{"type":"block","time":288.41667683919,"angle":483.75},{"type":"block","time":288.33333333333,"angle":472.5},{"type":"block","time":288.33363850911,"angle":495},{"type":"block","time":288.33334350586,"angle":472.5},{"type":"block","time":288.66666666667,"angle":247.5},{"type":"block","time":288.66666666667,"angle":236.25},{"type":"block","time":288.66666666667,"angle":225},{"type":"block","time":289.00001017253,"angle":292.5},{"type":"block","time":289.0625,"angle":303.75},{"type":"block","time":289.00001017253,"angle":315},{"type":"block","time":289.66666666667,"angle":33.75},{"type":"block","time":289.66666666667,"angle":45},{"type":"block","time":289.66666666667,"angle":22.5},{"type":"block","time":289.4166768392,"angle":135},{"type":"block","time":289.33332316081,"angle":123.75},{"type":"block","time":289.33365885417,"angle":146.25},{"type":"block","time":290.08334350587,"angle":180},{"type":"block","time":290.00068155925,"angle":168.75},{"type":"block","time":290.00031534831,"angle":191.25},{"type":"block","time":290.33332316081,"angle":281.25},{"type":"block","time":290.33332316081,"angle":292.5},{"type":"block","time":290.33332316081,"angle":303.75},{"type":"block","time":290.00001017253,"angle":168.75},{"type":"block","time":290.75001017253,"angle":382.5},{"type":"block","time":290.66666666667,"angle":371.25},{"type":"block","time":290.66697184245,"angle":393.75},{"type":"block","time":290.6666768392,"angle":371.25},{"type":"block","time":291,"angle":258.75},{"type":"block","time":291,"angle":247.5},{"type":"block","time":291,"angle":236.25},{"type":"block","time":291.33334350586,"angle":348.75},{"type":"block","time":291.39585367839,"angle":360},{"type":"block","time":291.33334350586,"angle":371.25},{"type":"block","time":292,"angle":90},{"type":"block","time":292,"angle":101.25},{"type":"block","time":292,"angle":78.75},{"type":"block","time":291.75001017253,"angle":191.25},{"type":"block","time":291.66665649414,"angle":180},{"type":"block","time":291.6669921875,"angle":202.5},{"type":"block","time":292.4166768392,"angle":236.25},{"type":"block","time":292.33401489258,"angle":225},{"type":"block","time":292.33364868164,"angle":247.5},{"type":"block","time":292.66665649414,"angle":337.5},{"type":"block","time":292.66665649414,"angle":348.75},{"type":"block","time":292.66665649414,"angle":360},{"type":"block","time":292.33334350586,"angle":225},{"type":"block","time":293.08334350586,"angle":438.75},{"type":"block","time":293,"angle":427.5},{"type":"block","time":293.00030517578,"angle":450},{"type":"block","time":293.00001017253,"angle":427.5},{"type":"block","time":293.33333333333,"angle":-11.25},{"type":"block","time":293.33333333333,"angle":0},{"type":"block","time":293.33333333333,"angle":-22.5},{"type":"block","time":293.75001017253,"angle":135},{"type":"block","time":293.66734822591,"angle":123.75},{"type":"block","time":293.66698201497,"angle":146.25},{"type":"block","time":293.99998982747,"angle":236.25},{"type":"block","time":293.99998982747,"angle":247.5},{"type":"block","time":293.99998982747,"angle":258.75},{"type":"block","time":293.66667683919,"angle":123.75},{"type":"block","time":294.41667683919,"angle":337.5},{"type":"block","time":294.33333333333,"angle":326.25},{"type":"block","time":294.33363850911,"angle":348.75},{"type":"block","time":294.33334350586,"angle":326.25},{"type":"block","time":294.66666666667,"angle":146.25},{"type":"block","time":294.66666666667,"angle":135},{"type":"block","time":294.66666666667,"angle":123.75},{"type":"block","time":295.00001017253,"angle":191.25},{"type":"block","time":295.06252034505,"angle":202.5},{"type":"block","time":295.00001017253,"angle":213.75},{"type":"block","time":295.66666666667,"angle":-67.5},{"type":"block","time":295.66666666667,"angle":-56.25},{"type":"block","time":295.66666666667,"angle":-78.75},{"type":"block","time":295.4166768392,"angle":33.75},{"type":"block","time":295.33332316081,"angle":22.5},{"type":"block","time":295.33365885417,"angle":45},{"type":"block","time":296.08334350587,"angle":78.75},{"type":"block","time":296.00068155925,"angle":67.5},{"type":"block","time":296.00031534831,"angle":90},{"type":"block","time":296.33332316081,"angle":146.25},{"type":"block","time":296.33332316081,"angle":157.5},{"type":"block","time":296.33332316081,"angle":168.75},{"type":"block","time":296.00001017253,"angle":67.5},{"type":"block","time":296.75001017253,"angle":281.25},{"type":"block","time":296.66666666667,"angle":270},{"type":"block","time":296.66697184245,"angle":292.5},{"type":"block","time":296.6666768392,"angle":270},{"type":"block","time":297,"angle":202.5},{"type":"block","time":297,"angle":191.25},{"type":"block","time":297,"angle":180},{"type":"block","time":297.33334350586,"angle":247.5},{"type":"block","time":297.39585367839,"angle":258.75},{"type":"block","time":297.33334350586,"angle":270},{"type":"block","time":298,"angle":-11.25},{"type":"block","time":298,"angle":0},{"type":"block","time":298,"angle":-22.5},{"type":"block","time":297.75001017253,"angle":90},{"type":"block","time":297.66665649414,"angle":78.75},{"type":"block","time":297.6669921875,"angle":101.25},{"type":"block","time":298.4166768392,"angle":135},{"type":"block","time":298.33401489258,"angle":123.75},{"type":"block","time":298.33364868164,"angle":146.25},{"type":"block","time":298.66665649414,"angle":236.25},{"type":"block","time":298.66665649414,"angle":247.5},{"type":"block","time":298.66665649414,"angle":258.75},{"type":"block","time":298.33334350586,"angle":123.75},{"type":"block","time":299.08334350586,"angle":337.5},{"type":"block","time":299,"angle":326.25},{"type":"block","time":299.00030517578,"angle":348.75},{"type":"block","time":299.00001017253,"angle":326.25},{"type":"block","time":299.33333333334,"angle":101.25},{"type":"block","time":299.33333333334,"angle":90},{"type":"block","time":299.33333333334,"angle":78.75},{"type":"block","time":299.6666768392,"angle":146.25},{"type":"block","time":299.72916666667,"angle":157.5},{"type":"block","time":299.6666768392,"angle":168.75},{"duration":0.66666662693024,"time":300,"angle2":348.75,"angle":348.75,"type":"hold"},{"duration":0.66666662693024,"time":300,"angle2":360,"angle":360,"type":"hold"},{"duration":0.66666662693024,"time":300,"angle2":11.25,"angle":11.25,"type":"hold"},{"duration":0.66666662693024,"time":301,"angle2":78.75,"angle":78.75,"type":"hold"},{"duration":0.66666662693024,"time":301,"angle2":90,"angle":90,"type":"hold"},{"duration":0.66666662693024,"time":301,"angle2":101.25,"angle":101.25,"type":"hold"},{"duration":0.66666662693024,"time":302,"angle2":191.25,"angle":191.25,"type":"hold"},{"duration":0.66699999570847,"time":302,"angle2":180,"angle":180,"type":"hold"},{"duration":0.66666662693024,"time":302,"angle2":168.75,"angle":168.75,"type":"hold"},{"duration":0.66699999570847,"time":303.00003051758,"angle2":281.25,"angle":281.25,"type":"hold"},{"duration":0.66666662693024,"time":303.00003051758,"angle2":270,"angle":270,"type":"hold"},{"duration":0.66699999570847,"time":303.00003051758,"angle2":258.75,"angle":258.75,"type":"hold"},{"type":"block","time":304,"angle":348.75},{"type":"block","time":304,"angle":0},{"type":"block","time":304,"angle":11.25},{"type":"block","time":304.5,"angle":225},{"type":"block","time":304.5,"angle":213.75},{"type":"block","time":304.5,"angle":202.5},{"type":"block","time":305,"angle":33.75},{"type":"block","time":305,"angle":45},{"type":"block","time":305,"angle":56.25},{"type":"block","time":305.5,"angle":180},{"type":"block","time":305.5,"angle":168.75},{"type":"block","time":305.5,"angle":191.25},{"type":"block","time":306,"angle":281.25},{"type":"block","time":306,"angle":292.5},{"type":"block","time":306,"angle":303.75},{"type":"block","time":306.5,"angle":123.75},{"type":"block","time":306.5,"angle":112.5},{"type":"block","time":306.5,"angle":101.25},{"type":"block","time":307,"angle":337.5},{"type":"block","time":307,"angle":348.75},{"type":"block","time":307,"angle":326.25},{"type":"block","time":307.16665649414,"angle":11.25},{"type":"block","time":307.16665649414,"angle":22.5},{"type":"block","time":307.16665649414,"angle":33.75},{"type":"block","time":307.33334350586,"angle":56.25},{"type":"block","time":307.33334350586,"angle":67.5},{"type":"block","time":307.33334350586,"angle":78.75},{"type":"block","time":308.50003051758,"angle":326.25},{"type":"block","time":308.50003051758,"angle":337.5},{"type":"block","time":308.50003051758,"angle":348.75},{"type":"block","time":309,"angle":78.75},{"type":"block","time":309,"angle":90},{"type":"block","time":309,"angle":101.25},{"type":"block","time":310,"angle":348.75},{"type":"block","time":310,"angle":0},{"type":"block","time":310,"angle":11.25},{"type":"block","time":311,"angle":348.75},{"type":"block","time":311,"angle":0},{"type":"block","time":311,"angle":11.25},{"duration":0.49999994039536,"holdEase":"inExpo","time":3.5,"type":"mineHold","angle2":0,"angle":22.5},{"duration":0.49999994039536,"holdEase":"outExpo","time":4,"type":"mineHold","angle2":-22.5,"angle":0},{"duration":0.49999994039536,"holdEase":"inExpo","time":4.5,"type":"mineHold","angle2":360,"angle":337.5},{"duration":0.49999994039536,"holdEase":"outExpo","time":5,"type":"mineHold","angle2":22.5,"angle":0},{"duration":0.49999994039536,"holdEase":"inExpo","time":5.5,"type":"mineHold","angle2":0,"angle":22.5},{"duration":0.49999994039536,"holdEase":"outExpo","time":6,"type":"mineHold","angle2":-22.5,"angle":0},{"duration":0.49999994039536,"holdEase":"inExpo","time":6.5,"type":"mineHold","angle2":360,"angle":337.5},{"duration":0.49999994039536,"holdEase":"outExpo","time":7,"type":"mineHold","angle2":22.5,"angle":0},{"duration":0.49999994039536,"holdEase":"inExpo","time":7.5,"type":"mineHold","angle2":0,"angle":22.5},{"duration":0.49999994039536,"holdEase":"inExpo","time":3.5,"type":"mineHold","angle2":0,"angle":-22.5},{"duration":0.49999994039536,"holdEase":"outExpo","time":4,"type":"mineHold","angle2":22.5,"angle":0},{"duration":0.49999994039536,"holdEase":"inExpo","time":4.5,"type":"mineHold","angle2":-360,"angle":-337.5},{"duration":0.49999994039536,"holdEase":"outExpo","time":5,"type":"mineHold","angle2":-22.5,"angle":0},{"duration":0.49999994039536,"holdEase":"inExpo","time":5.5,"type":"mineHold","angle2":0,"angle":-22.5},{"duration":0.49999994039536,"holdEase":"outExpo","time":6,"type":"mineHold","angle2":22.5,"angle":0},{"duration":0.49999994039536,"holdEase":"inExpo","time":6.5,"type":"mineHold","angle2":-360,"angle":-337.5},{"duration":0.49999994039536,"holdEase":"outExpo","time":7,"type":"mineHold","angle2":-22.5,"angle":0},{"duration":0.49999994039536,"holdEase":"inExpo","time":7.5,"type":"mineHold","angle2":0,"angle":-22.5},{"duration":0.49999994039536,"holdEase":"outExpo","time":8,"type":"mineHold","angle2":-22.5,"angle":0},{"duration":0.49999994039536,"holdEase":"inExpo","time":8.5,"type":"mineHold","angle2":360,"angle":337.5},{"duration":0.49999994039536,"holdEase":"outExpo","time":9,"type":"mineHold","angle2":22.5,"angle":0},{"duration":0.49999994039536,"holdEase":"inExpo","time":9.5,"type":"mineHold","angle2":0,"angle":22.5},{"duration":0.49999994039536,"holdEase":"outExpo","time":10,"type":"mineHold","angle2":-22.5,"angle":0},{"duration":0.49999994039536,"holdEase":"inExpo","time":10.5,"type":"mineHold","angle2":315,"angle":337.5},{"duration":0.49999994039536,"holdEase":"outExpo","time":8,"type":"mineHold","angle2":22.5,"angle":0},{"duration":0.49999994039536,"holdEase":"inExpo","time":8.5,"type":"mineHold","angle2":-360,"angle":-337.5},{"duration":0.49999994039536,"holdEase":"outExpo","time":9,"type":"mineHold","angle2":-22.5,"angle":0},{"duration":0.49999994039536,"holdEase":"inExpo","time":9.5,"type":"mineHold","angle2":0,"angle":-22.5},{"duration":0.49999994039536,"holdEase":"outExpo","time":10,"type":"mineHold","angle2":22.5,"angle":0},{"duration":0.49999994039536,"holdEase":"inExpo","time":10.5,"type":"mineHold","angle2":-315,"angle":-337.5},{"duration":1,"time":43,"angle2":67.5,"angle":78.75,"type":"mineHold"},{"duration":1,"time":43,"angle2":90,"angle":90,"type":"mineHold"},{"duration":1,"time":43,"angle2":112.5,"angle":101.25,"type":"mineHold"},{"duration":0.5,"time":43,"angle2":213.75,"angle":112.5,"type":"mineHold"},{"duration":0.5,"time":43,"angle2":-33.75,"angle":67.5,"type":"mineHold"},{"duration":0.5,"time":43.5,"angle2":427.5,"angle":326.25,"type":"mineHold"},{"duration":0.5,"time":43.5,"angle2":112.5,"angle":213.75,"type":"mineHold"},{"duration":0.5,"time":43.25,"angle2":123.75,"angle":123.75,"type":"mineHold"},{"duration":0.5,"time":43.25,"angle2":67.5,"angle":67.5,"type":"mineHold"},{"duration":2.25,"time":44.25,"angle2":33.75,"angle":33.75,"type":"mineHold"},{"duration":1.75,"time":44.75,"angle2":146.25,"angle":146.25,"type":"mineHold"},{"duration":1.25,"time":45.25,"angle2":22.5,"angle":22.5,"type":"mineHold"},{"duration":1.25,"time":45.25,"angle2":45,"angle":45,"type":"mineHold"},{"duration":0.75,"time":45.75,"angle2":135,"angle":135,"type":"mineHold"},{"duration":0.75,"time":45.75,"angle2":157.5,"angle":157.5,"type":"mineHold"},{"type":"mine","time":4,"angle":315},{"type":"mine","time":4,"angle":326.25},{"type":"mine","time":4.5,"angle":0},{"type":"mine","time":5,"angle":33.75},{"type":"mine","time":5,"angle":45},{"type":"mine","time":5.5,"angle":0},{"type":"mine","time":6,"angle":326.25},{"type":"mine","time":6,"angle":315},{"type":"mine","time":6.5,"angle":0},{"type":"mine","time":7,"angle":33.75},{"type":"mine","time":7,"angle":45},{"type":"mine","time":7.5,"angle":0},{"type":"mine","time":8,"angle":326.25},{"type":"mine","time":8,"angle":315},{"type":"mine","time":8.5,"angle":360},{"type":"mine","time":9,"angle":33.75},{"type":"mine","time":9,"angle":45},{"type":"mine","time":9.5,"angle":360},{"type":"mine","time":10,"angle":326.25},{"type":"mine","time":10,"angle":315},{"type":"mine","time":10,"angle":33.75},{"type":"mine","time":10,"angle":45},{"type":"mine","time":10.5,"angle":360},{"type":"mine","time":11,"angle":348.75},{"type":"mine","time":11,"angle":360},{"type":"mine","time":11,"angle":11.25},{"duration":2.25,"time":48.25,"angle2":-45,"angle":-45,"type":"mineHold"},{"duration":1.75,"time":48.75,"angle2":-135,"angle":-135,"type":"mineHold"},{"duration":1.25,"time":49.25,"angle2":-33.75,"angle":-33.75,"type":"mineHold"},{"duration":1.25,"time":49.25,"angle2":-56.25,"angle":-56.25,"type":"mineHold"},{"duration":0.75,"time":49.75,"angle2":-123.75,"angle":-123.75,"type":"mineHold"},{"duration":0.75,"time":49.75,"angle2":-146.25,"angle":-146.25,"type":"mineHold"},{"duration":0.5,"time":54.5,"angle2":360,"angle":360,"type":"mineHold"},{"duration":1,"time":55,"angle2":-180,"angle":0,"type":"mineHold"},{"duration":1,"time":57,"angle2":180,"angle":180,"type":"mineHold"},{"duration":1,"time":57.25,"angle2":191.25,"angle":191.25,"type":"mineHold"},{"duration":1,"time":57.5,"angle2":168.75,"angle":168.75,"type":"mineHold"},{"duration":1,"time":57.75,"angle2":180,"angle":180,"type":"mineHold"},{"duration":1,"time":58.25,"angle2":168.75,"angle":168.75,"type":"mineHold"},{"duration":1,"time":58.5,"angle2":180,"angle":180,"type":"mineHold"},{"duration":1,"time":58.75,"angle2":191.25,"angle":191.25,"type":"mineHold"},{"duration":0.5,"time":46.5,"angle2":45,"angle":90,"type":"mineHold"},{"duration":1,"time":47,"angle2":-101.25,"angle":45,"type":"mineHold"},{"duration":1,"time":47,"angle2":-90,"angle":45,"type":"mineHold"},{"duration":1,"time":47,"angle2":-78.75,"angle":45,"type":"mineHold"},{"duration":0.5,"time":50.5,"angle2":225,"angle":360,"type":"mineHold"},{"duration":1,"time":51,"angle2":202.5,"angle":225,"type":"mineHold"},{"duration":1,"time":51,"angle2":180,"angle":225,"type":"mineHold"},{"duration":1,"time":51,"angle2":157.5,"angle":225,"type":"mineHold"},{"type":"mine","time":60.25,"angle":157.5},{"type":"mine","time":60.25,"angle":146.25},{"type":"mine","time":60.25,"angle":135},{"type":"mine","time":60.75,"angle":337.5},{"type":"mine","time":60.75,"angle":326.25},{"type":"mine","time":60.75,"angle":315},{"type":"mine","time":61.25,"angle":225},{"type":"mine","time":61.25,"angle":213.75},{"type":"mine","time":61.25,"angle":202.5},{"type":"mine","time":61.75,"angle":22.5},{"type":"mine","time":61.75,"angle":33.75},{"type":"mine","time":64.25,"angle":78.75},{"type":"mine","time":64.25,"angle":90},{"type":"mine","time":64.25,"angle":101.25},{"type":"mine","time":64.75,"angle":281.25},{"type":"mine","time":64.75,"angle":270},{"type":"mine","time":64.75,"angle":258.75},{"type":"mine","time":65.25,"angle":348.75},{"type":"mine","time":65.25,"angle":0},{"type":"mine","time":65.25,"angle":11.25},{"type":"mine","time":65.75,"angle":191.25},{"type":"mine","time":65.75,"angle":180},{"type":"mine","time":65.75,"angle":168.75},{"duration":0.5,"time":66.5,"angle2":90,"angle":180,"type":"mineHold"},{"duration":1,"time":67,"angle2":-90,"angle":90,"type":"mineHold"},{"type":"mine","time":68.25,"angle":315},{"type":"mine","time":68.25,"angle":326.25},{"type":"mine","time":68.25,"angle":303.75},{"type":"mine","time":68.75,"angle":157.5},{"type":"mine","time":68.75,"angle":146.25},{"type":"mine","time":68.75,"angle":135},{"type":"mine","time":69.25,"angle":348.75},{"type":"mine","time":69.25,"angle":360},{"type":"mine","time":69.25,"angle":11.25},{"type":"mine","time":69.75,"angle":191.25},{"type":"mine","time":69.75,"angle":180},{"type":"mine","time":69.75,"angle":168.75},{"type":"mine","time":52.25,"angle":191.25},{"type":"mine","time":52.25,"angle":180},{"type":"mine","time":52.75,"angle":348.75},{"type":"mine","time":52.75,"angle":360},{"type":"mine","time":52.75,"angle":11.25},{"type":"mine","time":53.25,"angle":191.25},{"type":"mine","time":53.25,"angle":180},{"type":"mine","time":53.25,"angle":168.75},{"type":"mine","time":53.75,"angle":348.75},{"type":"mine","time":53.75,"angle":360},{"type":"mine","time":53.75,"angle":11.25},{"duration":1.25,"time":310,"angle2":-326.25,"angle":315,"type":"mineHold"},{"type":"block","time":124.5,"angle":191.25},{"type":"block","time":125,"angle":22.5},{"type":"block","time":125,"angle":33.75},{"type":"block","time":125,"angle":45},{"type":"block","time":125.5,"angle":247.5},{"type":"block","time":126,"angle":191.25},{"type":"block","time":126,"angle":180},{"type":"block","time":126,"angle":168.75},{"type":"block","time":127,"angle":135},{"type":"block","time":127,"angle":123.75},{"type":"block","time":127,"angle":112.5},{"type":"block","time":126.5,"angle":315},{"type":"block","time":127.5,"angle":270},{"type":"block","time":128,"angle":33.75},{"type":"block","time":128,"angle":45},{"type":"block","time":128,"angle":56.25},{"type":"block","time":128.5,"angle":146.25},{"type":"block","time":129,"angle":258.75},{"type":"block","time":129,"angle":270},{"type":"block","time":129,"angle":281.25},{"type":"block","time":129.5,"angle":45},{"type":"block","time":130,"angle":326.25},{"type":"block","time":130,"angle":303.75},{"type":"block","time":130,"angle":315},{"type":"block","time":130.5,"angle":168.75},{"type":"block","time":131,"angle":0},{"type":"block","time":131,"angle":11.25},{"type":"block","time":131,"angle":22.5},{"type":"block","time":131.5,"angle":292.5},{"type":"block","time":132,"angle":67.5},{"type":"block","time":132,"angle":78.75},{"type":"block","time":132,"angle":90},{"type":"block","time":132.5,"angle":247.5},{"type":"block","time":133,"angle":22.5},{"type":"block","time":133,"angle":33.75},{"type":"block","time":133,"angle":45},{"type":"block","time":133.5,"angle":101.25},{"type":"block","time":134,"angle":292.5},{"type":"block","time":134,"angle":303.75},{"type":"block","time":134,"angle":315},{"type":"block","time":134.5,"angle":157.5},{"type":"block","time":135,"angle":67.5},{"type":"block","time":135,"angle":78.75},{"type":"block","time":135,"angle":90},{"type":"block","time":135.5,"angle":236.25},{"type":"block","time":136,"angle":22.5},{"type":"block","time":136,"angle":33.75},{"type":"block","time":136,"angle":45},{"type":"block","time":136.5,"angle":180},{"type":"block","time":137,"angle":303.75},{"type":"block","time":137,"angle":315},{"type":"block","time":137,"angle":326.25},{"type":"block","time":137.5,"angle":67.5},{"type":"block","time":138,"angle":191.25},{"type":"block","time":138,"angle":180},{"type":"block","time":138,"angle":168.75},{"type":"block","time":139,"angle":213.75},{"type":"block","time":139,"angle":225},{"type":"block","time":139,"angle":236.25},{"type":"block","time":138.5,"angle":315},{"type":"block","time":139.5,"angle":67.5},{"type":"block","time":140,"angle":292.5},{"type":"block","time":140,"angle":281.25},{"type":"block","time":140,"angle":270},{"type":"block","time":140.5,"angle":202.5},{"type":"block","time":141.5,"angle":157.5},{"type":"block","time":141,"angle":348.75},{"type":"block","time":141,"angle":0},{"type":"block","time":141,"angle":11.25},{"type":"block","time":142,"angle":315},{"type":"block","time":142,"angle":303.75},{"type":"block","time":142,"angle":292.5},{"type":"block","time":142.5,"angle":33.75},{"type":"block","time":143,"angle":247.5},{"type":"block","time":143,"angle":236.25},{"type":"block","time":143,"angle":225},{"type":"block","time":143.5,"angle":90},{"type":"block","time":144,"angle":0},{"type":"block","time":144,"angle":11.25},{"type":"block","time":144,"angle":22.5},{"type":"block","time":144.5,"angle":157.5},{"type":"block","time":145,"angle":315},{"type":"block","time":145,"angle":326.25},{"type":"block","time":145,"angle":337.5},{"type":"block","time":146,"angle":247.5},{"type":"block","time":146,"angle":236.25},{"type":"block","time":146,"angle":258.75},{"type":"block","time":145.5,"angle":123.75},{"type":"block","time":146.5,"angle":348.75},{"type":"block","time":147.5,"angle":247.5},{"type":"block","time":147,"angle":135},{"type":"block","time":147,"angle":123.75},{"type":"block","time":147,"angle":112.5},{"type":"block","time":148,"angle":180},{"type":"block","time":148,"angle":168.75},{"type":"block","time":148,"angle":157.5},{"type":"block","time":149,"angle":225},{"type":"block","time":149,"angle":213.75},{"type":"block","time":149,"angle":202.5},{"type":"block","time":148.5,"angle":0},{"type":"block","time":150,"angle":270},{"type":"block","time":150,"angle":281.25},{"type":"block","time":150,"angle":292.5},{"type":"block","time":149.5,"angle":135},{"type":"block","time":150.5,"angle":90},{"type":"block","time":151,"angle":225},{"type":"block","time":151,"angle":236.25},{"type":"block","time":151,"angle":247.5},{"type":"block","time":156.5,"angle":11.25},{"type":"block","time":157,"angle":-157.5},{"type":"block","time":157,"angle":-146.25},{"type":"block","time":157,"angle":-135},{"type":"block","time":157.5,"angle":67.5},{"type":"block","time":158,"angle":11.25},{"type":"block","time":158,"angle":0},{"type":"block","time":158,"angle":-11.25},{"type":"block","time":159,"angle":-45},{"type":"block","time":159,"angle":-56.25},{"type":"block","time":159,"angle":-67.5},{"type":"block","time":158.5,"angle":135},{"type":"block","time":159.5,"angle":-22.5},{"type":"block","time":160,"angle":-258.75},{"type":"block","time":160,"angle":-247.5},{"type":"block","time":160,"angle":-236.25},{"type":"block","time":160.5,"angle":-33.75},{"type":"block","time":161,"angle":78.75},{"type":"block","time":161,"angle":90},{"type":"block","time":161,"angle":101.25},{"type":"block","time":161.5,"angle":-135},{"type":"block","time":162,"angle":146.25},{"type":"block","time":162,"angle":123.75},{"type":"block","time":162,"angle":135},{"type":"block","time":162.5,"angle":-11.25},{"type":"block","time":163,"angle":-180},{"type":"block","time":163,"angle":-168.75},{"type":"block","time":163,"angle":-157.5},{"type":"block","time":163.5,"angle":112.5},{"type":"block","time":164,"angle":-112.5},{"type":"block","time":164,"angle":-101.25},{"type":"block","time":164,"angle":-90},{"type":"block","time":164.5,"angle":67.5},{"type":"block","time":165,"angle":-157.5},{"type":"block","time":165,"angle":-146.25},{"type":"block","time":165,"angle":-135},{"type":"block","time":165.5,"angle":-78.75},{"type":"block","time":166,"angle":112.5},{"type":"block","time":166,"angle":123.75},{"type":"block","time":166,"angle":135},{"type":"block","time":166.5,"angle":-22.5},{"type":"block","time":167,"angle":-112.5},{"type":"block","time":167,"angle":-101.25},{"type":"block","time":167,"angle":-90},{"type":"block","time":167.5,"angle":56.25},{"type":"block","time":168,"angle":-157.5},{"type":"block","time":168,"angle":-146.25},{"type":"block","time":168,"angle":-135},{"type":"block","time":168.5,"angle":0},{"type":"block","time":169,"angle":123.75},{"type":"block","time":169,"angle":135},{"type":"block","time":169,"angle":146.25},{"type":"block","time":169.5,"angle":-112.5},{"type":"block","time":170,"angle":11.25},{"type":"block","time":170,"angle":0},{"type":"block","time":170,"angle":-11.25},{"type":"block","time":171,"angle":33.75},{"type":"block","time":171,"angle":45},{"type":"block","time":171,"angle":56.25},{"type":"block","time":170.5,"angle":135},{"type":"block","time":171.5,"angle":-112.5},{"type":"block","time":172,"angle":112.5},{"type":"block","time":172,"angle":101.25},{"type":"block","time":172,"angle":90},{"type":"block","time":172.5,"angle":22.5},{"type":"block","time":173.5,"angle":-22.5},{"type":"block","time":173,"angle":168.75},{"type":"block","time":173,"angle":-180},{"type":"block","time":173,"angle":-168.75},{"type":"block","time":174,"angle":135},{"type":"block","time":174,"angle":123.75},{"type":"block","time":174,"angle":112.5},{"type":"block","time":174.5,"angle":-146.25},{"type":"block","time":175,"angle":67.5},{"type":"block","time":175,"angle":56.25},{"type":"block","time":175,"angle":45},{"type":"block","time":175.5,"angle":-90},{"type":"block","time":176,"angle":-180},{"type":"block","time":176,"angle":-168.75},{"type":"block","time":176,"angle":-157.5},{"type":"block","time":176.5,"angle":-22.5},{"type":"block","time":177,"angle":135},{"type":"block","time":177,"angle":146.25},{"type":"block","time":177,"angle":157.5},{"type":"block","time":178,"angle":67.5},{"type":"block","time":178,"angle":56.25},{"type":"block","time":178,"angle":78.75},{"type":"block","time":177.5,"angle":-56.25},{"type":"block","time":178.5,"angle":168.75},{"type":"block","time":179.5,"angle":67.5},{"type":"block","time":179,"angle":-45},{"type":"block","time":179,"angle":-56.25},{"type":"block","time":179,"angle":-67.5},{"type":"block","time":180,"angle":0},{"type":"block","time":180,"angle":-11.25},{"type":"block","time":180,"angle":-22.5},{"type":"block","time":181,"angle":45},{"type":"block","time":181,"angle":33.75},{"type":"block","time":181,"angle":22.5},{"type":"block","time":180.5,"angle":-180},{"type":"block","time":182,"angle":90},{"type":"block","time":182,"angle":101.25},{"type":"block","time":182,"angle":112.5},{"type":"block","time":181.5,"angle":-45},{"type":"block","time":182.5,"angle":-90},{"type":"block","time":183,"angle":45},{"type":"block","time":183,"angle":56.25},{"type":"block","time":183,"angle":67.5},{"type":"mine","time":52.25,"angle":168.75},{"duration":1,"time":187,"angle2":337.5,"angle":348.75,"type":"mineHold"},{"duration":1,"time":187,"angle2":0,"angle":0,"type":"mineHold"},{"duration":1,"time":187,"angle2":22.5,"angle":11.25,"type":"mineHold"},{"type":"mine","time":188.25,"angle":157.5},{"type":"mine","time":188.25,"angle":146.25},{"type":"mine","time":188.75,"angle":225},{"type":"mine","time":188.75,"angle":213.75},{"type":"mine","time":188.75,"angle":202.5},{"type":"mine","time":189.25,"angle":157.5},{"type":"mine","time":189.25,"angle":146.25},{"type":"mine","time":189.25,"angle":135},{"type":"mine","time":189.75,"angle":225},{"type":"mine","time":189.75,"angle":213.75},{"type":"mine","time":189.75,"angle":202.5},{"type":"mine","time":192.25,"angle":67.5},{"type":"mine","time":192.25,"angle":56.25},{"type":"mine","time":192.25,"angle":45},{"type":"mine","time":192.75,"angle":123.75},{"type":"mine","time":192.75,"angle":135},{"type":"mine","time":192.75,"angle":146.25},{"type":"mine","time":193.25,"angle":67.5},{"type":"mine","time":193.25,"angle":56.25},{"type":"mine","time":193.25,"angle":45},{"type":"mine","time":193.75,"angle":123.75},{"type":"mine","time":193.75,"angle":135},{"type":"mine","time":193.75,"angle":146.25},{"duration":0.5,"time":190.5,"angle2":450,"angle":360,"type":"mineHold"},{"duration":1,"time":191,"angle2":-90,"angle":90,"type":"mineHold"},{"duration":0.5,"time":194.5,"angle2":292.5,"angle":270,"type":"mineHold"},{"duration":1,"time":195,"angle2":180,"angle":292.5,"type":"mineHold"},{"type":"mine","time":196.25,"angle":191.25},{"type":"mine","time":196.25,"angle":180},{"type":"mine","time":196.25,"angle":168.75},{"type":"mine","time":196.75,"angle":78.75},{"type":"mine","time":196.75,"angle":90},{"type":"mine","time":196.75,"angle":101.25},{"type":"mine","time":197.25,"angle":281.25},{"type":"mine","time":197.25,"angle":270},{"type":"mine","time":197.25,"angle":258.75},{"type":"mine","time":197.75,"angle":348.75},{"type":"mine","time":197.75,"angle":0},{"type":"mine","time":197.75,"angle":11.25},{"duration":0.5,"time":198.5,"angle2":-22.5,"angle":0,"type":"mineHold"},{"duration":0.5,"time":199,"angle2":450,"angle":337.5,"type":"mineHold"},{"duration":0.5,"time":199.5,"angle2":11.25,"angle":90,"type":"mineHold"},{"duration":0.5,"time":200,"angle2":450,"angle":371.25,"type":"mineHold"},{"duration":0.5,"time":200.5,"angle2":11.25,"angle":90,"type":"mineHold"},{"duration":0.5,"time":201,"angle2":90,"angle":11.25,"type":"mineHold"},{"duration":0.5,"time":201.5,"angle2":-90,"angle":90,"type":"mineHold"},{"duration":0.5,"time":202,"angle2":348.75,"angle":270,"type":"mineHold"},{"duration":0.5,"time":202.5,"angle2":270,"angle":348.75,"type":"mineHold"},{"duration":1,"time":203,"angle2":180,"angle":270,"type":"mineHold"},{"type":"mine","time":204.25,"angle":191.25},{"type":"mine","time":204.25,"angle":168.75},{"type":"mine","time":204.25,"angle":180},{"type":"mine","time":204.75,"angle":348.75},{"type":"mine","time":204.75,"angle":360},{"type":"mine","time":204.75,"angle":11.25},{"type":"mine","time":205.25,"angle":191.25},{"type":"mine","time":205.25,"angle":180},{"type":"mine","time":205.25,"angle":168.75},{"type":"mine","time":205.75,"angle":348.75},{"type":"mine","time":205.75,"angle":360},{"type":"mine","time":205.75,"angle":11.25},{"duration":0.5,"time":206.5,"angle2":112.5,"angle":90,"type":"mineHold"},{"duration":1,"time":207,"angle2":-67.5,"angle":112.5,"type":"mineHold"},{"type":"mine","time":208.25,"angle":281.25},{"type":"mine","time":208.25,"angle":292.5},{"type":"mine","time":208.25,"angle":303.75},{"type":"mine","time":208.75,"angle":168.75},{"type":"mine","time":208.75,"angle":157.5},{"type":"mine","time":208.75,"angle":146.25},{"type":"mine","time":209.25,"angle":348.75},{"type":"mine","time":209.25,"angle":0},{"type":"mine","time":209.25,"angle":11.25},{"type":"mine","time":209.75,"angle":225},{"type":"mine","time":209.75,"angle":213.75},{"type":"mine","time":209.75,"angle":202.5},{"duration":0.5,"time":210.5,"angle2":191.25,"angle":180,"type":"mineHold"},{"duration":1,"time":211,"angle2":0,"angle":191.25,"type":"mineHold"},{"type":"mine","time":212.25,"angle":11.25},{"type":"mine","time":212.25,"angle":22.5},{"type":"mine","time":212.25,"angle":33.75},{"type":"mine","time":212.75,"angle":292.5},{"type":"mine","time":212.75,"angle":303.75},{"type":"mine","time":212.75,"angle":315},{"type":"mine","time":213.25,"angle":157.5},{"type":"mine","time":213.25,"angle":146.25},{"type":"mine","time":213.25,"angle":135},{"type":"mine","time":213.75,"angle":202.5},{"type":"mine","time":213.75,"angle":213.75},{"type":"mine","time":213.75,"angle":225},{"duration":0.5,"time":214.5,"angle2":146.25,"angle":180,"type":"mineHold"},{"duration":1,"time":215,"angle2":315,"angle":146.25,"type":"mineHold"},{"type":"mine","time":216.25,"angle":303.75},{"type":"mine","time":216.25,"angle":315},{"type":"mine","time":216.25,"angle":326.25},{"type":"mine","time":216.75,"angle":225},{"type":"mine","time":216.75,"angle":236.25},{"type":"mine","time":216.75,"angle":213.75},{"type":"mine","time":217.25,"angle":33.75},{"type":"mine","time":217.25,"angle":45},{"type":"mine","time":217.25,"angle":56.25},{"type":"mine","time":217.75,"angle":146.25},{"type":"mine","time":217.75,"angle":135},{"type":"mine","time":217.75,"angle":123.75},{"type":"mine","time":218.25,"angle":303.75},{"type":"mine","time":218.25,"angle":315},{"type":"mine","time":218.25,"angle":326.25},{"type":"block","time":219,"angle":348.75},{"type":"block","time":219,"angle":0},{"type":"block","time":219,"angle":11.25},{"duration":0.5,"time":263.25,"angle2":326.25,"angle":326.25,"type":"mineHold"},{"duration":0.5,"time":263.25,"angle2":348.75,"angle":348.75,"type":"mineHold"},{"duration":0.5,"time":263.25,"angle2":371.25,"angle":371.25,"type":"mineHold"},{"duration":0.5,"time":263.25,"angle2":393.75,"angle":393.75,"type":"mineHold"},{"duration":0.5,"time":263.25,"angle2":416.25,"angle":416.25,"type":"mineHold"},{"duration":0.5,"time":263.25,"angle2":438.75,"angle":438.75,"type":"mineHold"},{"duration":0.5,"time":263.25,"angle2":461.25,"angle":461.25,"type":"mineHold"},{"duration":0.5,"time":263.25,"angle2":483.75,"angle":483.75,"type":"mineHold"},{"duration":0.5,"time":263.25,"angle2":506.25,"angle":506.25,"type":"mineHold"},{"duration":0.5,"time":263.25,"angle2":528.75,"angle":528.75,"type":"mineHold"},{"duration":0.5,"time":263.25,"angle2":551.25,"angle":551.25,"type":"mineHold"},{"duration":0.5,"time":263.25,"angle2":573.75,"angle":573.75,"type":"mineHold"},{"duration":0.75,"time":300,"angle2":191.25,"angle":191.25,"type":"mineHold"},{"duration":0.75,"time":300,"angle2":180,"angle":180,"type":"mineHold"},{"duration":0.75,"time":300,"angle2":168.75,"angle":168.75,"type":"mineHold"},{"duration":0.75,"time":301,"angle2":281.25,"angle":281.25,"type":"mineHold"},{"duration":0.75,"time":301,"angle2":270,"angle":270,"type":"mineHold"},{"duration":0.75,"time":301,"angle2":258.75,"angle":258.75,"type":"mineHold"},{"duration":0.75,"time":302,"angle2":371.25,"angle":371.25,"type":"mineHold"},{"duration":0.75,"time":302,"angle2":360,"angle":360,"type":"mineHold"},{"duration":0.75,"time":302,"angle2":348.75,"angle":348.75,"type":"mineHold"},{"duration":0.75,"time":303,"angle2":461.25,"angle":461.25,"type":"mineHold"},{"duration":0.75,"time":303,"angle2":450,"angle":450,"type":"mineHold"},{"duration":0.75,"time":303,"angle2":438.75,"angle":438.75,"type":"mineHold"},{"duration":1,"time":311.25,"angle2":258.75,"angle":-326.25,"type":"mineHold"}]