{"events":[{"bpm":220,"time":0,"file":"cat.ogg","volume":2,"type":"play","angle":270},{"var":"scrollSpeed","type":"ease","time":-8.2499997615814,"value":0.75,"angle":292.5},{"var":"scrollSpeed","time":11,"value":1,"angle":202.5,"duration":0.33300000429153,"type":"ease"},{"var":"scrollSpeed","time":75,"value":1.25,"angle":326.25,"duration":0.5,"type":"ease"},{"var":"scrollSpeed","type":"ease","time":123,"value":1.1870000362396,"angle":168.75},{"var":"scrollSpeed","type":"ease","time":123.33333587646,"value":1.125,"angle":123.75},{"var":"scrollSpeed","type":"ease","time":123.66666412354,"value":1.0620000362396,"angle":112.5},{"var":"scrollSpeed","type":"ease","time":124,"value":1,"angle":67.5},{"duration":1,"ease":"inOutSine","time":155,"value":1.25,"type":"ease","var":"scrollSpeed","angle":281.25},{"duration":0,"newWidth":360,"ease":"linear","angle":337.5,"paddle":1,"time":219,"type":"paddles","order":0},{"duration":10,"newWidth":70,"ease":"outSine","angle":326.25,"paddle":1,"time":219,"type":"paddles","order":1},{"var":"scrollSpeed","time":261,"value":1.5,"angle":67.5,"duration":1,"type":"ease"},{"duration":0.5,"ease":"outExpo","time":263,"value":1,"type":"ease","var":"scrollSpeed","angle":270},{"var":"scrollSpeed","time":263.5,"value":1.5,"angle":270,"duration":0.5,"type":"ease"},{"type":"showResults","time":319.5,"angle":180},{"g":0,"type":"setColor","time":-8.25,"r":0,"b":0,"color":0,"angle":270},{"order":0,"g":0,"color":1,"angle":247.5,"b":0,"r":0,"type":"setColor","time":-8.25},{"order":1,"b":255,"color":1,"type":"setColor","g":255,"angle":225,"r":255,"time":-2,"duration":3},{"g":0,"type":"setColor","time":4,"r":195,"b":65,"color":1,"angle":225},{"g":255,"type":"setColor","time":4.5,"r":255,"b":255,"color":1,"angle":202.5},{"g":0,"type":"setColor","time":5,"r":195,"b":65,"color":1,"angle":225},{"g":255,"type":"setColor","time":5.5,"r":255,"b":255,"color":1,"angle":202.5},{"g":0,"type":"setColor","time":6,"r":195,"b":65,"color":1,"angle":225},{"g":255,"type":"setColor","time":6.5,"r":255,"b":255,"color":1,"angle":202.5},{"g":0,"type":"setColor","time":7,"r":195,"b":65,"color":1,"angle":225},{"g":255,"type":"setColor","time":7.5,"r":255,"b":255,"color":1,"angle":202.5},{"order":0,"g":0,"color":0,"angle":225,"b":65,"r":195,"type":"setColor","time":8},{"duration":1.5,"b":0,"color":0,"angle":213.75,"g":0,"type":"setColor","r":0,"order":1,"time":8},{"order":0,"b":0,"color":1,"angle":202.5,"g":0,"time":8,"type":"setColor","r":0},{"duration":1.5,"b":255,"color":1,"angle":191.25,"g":255,"type":"setColor","r":255,"order":1,"time":8},{"order":0,"b":65,"color":0,"angle":225,"g":0,"time":9.5,"type":"setColor","r":195},{"duration":1.5,"b":0,"color":0,"angle":213.75,"g":0,"type":"setColor","r":0,"order":1,"time":9.5},{"order":0,"g":0,"color":1,"type":"setColor","b":0,"r":0,"angle":202.5,"time":9.5},{"duration":1.5,"b":255,"color":1,"angle":191.25,"g":255,"type":"setColor","r":255,"order":1,"time":9.5},{"duration":0.75,"b":65,"color":1,"angle":247.5,"g":0,"type":"setColor","r":195,"order":0,"time":11},{"order":0,"g":151,"color":1,"angle":247.5,"b":188,"r":255,"type":"setColor","time":12},{"duration":0.75,"b":65,"color":1,"angle":236.25,"g":0,"type":"setColor","r":195,"order":1,"time":12},{"order":0,"g":151,"color":1,"angle":247.5,"b":188,"r":255,"type":"setColor","time":13},{"order":1,"b":65,"color":1,"angle":236.25,"g":0,"type":"setColor","r":195,"time":13,"duration":0.75},{"order":0,"g":151,"color":1,"angle":247.5,"b":188,"r":255,"type":"setColor","time":15},{"order":1,"b":65,"color":1,"angle":236.25,"g":0,"type":"setColor","r":195,"time":15,"duration":0.75},{"order":0,"g":151,"color":1,"angle":247.5,"b":188,"r":255,"type":"setColor","time":16},{"order":1,"b":65,"color":1,"angle":236.25,"g":0,"type":"setColor","r":195,"time":16,"duration":0.75},{"order":0,"g":151,"color":1,"angle":247.5,"b":188,"r":255,"type":"setColor","time":17},{"order":1,"b":65,"color":1,"angle":236.25,"g":0,"type":"setColor","r":195,"time":17,"duration":0.75},{"order":0,"g":151,"color":1,"angle":247.5,"b":188,"r":255,"type":"setColor","time":18},{"order":1,"b":65,"color":1,"angle":236.25,"g":0,"type":"setColor","r":195,"time":18,"duration":0.75},{"order":0,"g":151,"color":1,"angle":247.5,"b":188,"r":255,"type":"setColor","time":19},{"order":1,"b":65,"color":1,"angle":236.25,"g":0,"type":"setColor","r":195,"time":19,"duration":0.75},{"order":0,"g":151,"color":1,"angle":247.5,"b":188,"r":255,"type":"setColor","time":20},{"order":1,"b":65,"color":1,"angle":236.25,"g":0,"type":"setColor","r":195,"time":20,"duration":0.75},{"order":0,"g":151,"color":1,"angle":247.5,"b":188,"r":255,"type":"setColor","time":21},{"order":1,"b":65,"color":1,"angle":236.25,"g":0,"type":"setColor","r":195,"time":21,"duration":0.75},{"order":0,"g":151,"color":1,"angle":281.25,"b":188,"r":255,"type":"setColor","time":14},{"order":1,"b":65,"color":1,"angle":270,"g":0,"type":"setColor","r":195,"time":14,"duration":0.75},{"order":0,"g":151,"color":1,"angle":247.5,"b":188,"r":255,"type":"setColor","time":22},{"order":1,"b":65,"color":1,"angle":236.25,"g":0,"type":"setColor","r":195,"time":22,"duration":0.75},{"order":0,"g":151,"color":1,"angle":247.5,"b":188,"r":255,"type":"setColor","time":23},{"order":1,"b":65,"color":1,"angle":236.25,"g":0,"type":"setColor","r":195,"time":23,"duration":0.75},{"order":0,"g":151,"color":1,"angle":247.5,"b":188,"r":255,"type":"setColor","time":24},{"order":1,"b":65,"color":1,"angle":236.25,"g":0,"type":"setColor","r":195,"time":24,"duration":0.75},{"order":0,"g":151,"color":1,"angle":247.5,"b":188,"r":255,"type":"setColor","time":25},{"order":1,"b":65,"color":1,"angle":236.25,"g":0,"type":"setColor","r":195,"time":25,"duration":0.75},{"order":0,"g":151,"color":1,"angle":281.25,"b":188,"r":255,"type":"setColor","time":26},{"order":1,"b":65,"color":1,"angle":270,"g":0,"type":"setColor","r":195,"time":26,"duration":0.75},{"order":0,"g":151,"color":1,"angle":247.5,"b":188,"r":255,"type":"setColor","time":27},{"order":1,"b":65,"color":1,"angle":236.25,"g":0,"type":"setColor","r":195,"time":27,"duration":0.75},{"order":0,"g":179,"color":1,"angle":292.5,"b":207,"r":255,"type":"setColor","time":27.75},{"order":1,"g":0,"color":1,"angle":281.25,"b":65,"r":195,"type":"setColor","time":27.833332061768},{"order":0,"g":151,"color":1,"angle":292.5,"b":188,"r":255,"type":"setColor","time":28},{"duration":0.75,"b":65,"color":1,"angle":281.25,"g":0,"type":"setColor","r":195,"order":1,"time":28},{"order":0,"g":151,"color":1,"angle":225,"b":188,"r":255,"type":"setColor","time":29},{"duration":0.75,"b":65,"color":1,"angle":213.75,"g":0,"type":"setColor","r":195,"order":1,"time":29},{"order":0,"g":151,"color":1,"angle":247.5,"b":188,"r":255,"type":"setColor","time":30},{"duration":0.75,"b":65,"color":1,"angle":236.25,"g":0,"type":"setColor","r":195,"order":1,"time":30},{"order":0,"g":151,"color":1,"angle":247.5,"b":188,"r":255,"type":"setColor","time":31},{"duration":0.75,"b":65,"color":1,"angle":236.25,"g":0,"type":"setColor","r":195,"order":1,"time":31},{"order":0,"g":151,"color":1,"angle":247.5,"b":188,"r":255,"type":"setColor","time":32},{"duration":0.75,"b":65,"color":1,"angle":236.25,"g":0,"type":"setColor","r":195,"order":1,"time":32},{"order":0,"g":151,"color":1,"angle":247.5,"b":188,"r":255,"type":"setColor","time":33},{"duration":0.75,"b":65,"color":1,"angle":236.25,"g":0,"type":"setColor","r":195,"order":1,"time":33},{"order":0,"g":151,"color":1,"angle":247.5,"b":188,"r":255,"type":"setColor","time":34},{"duration":0.75,"b":65,"color":1,"angle":236.25,"g":0,"type":"setColor","r":195,"order":1,"time":34},{"order":0,"g":151,"color":1,"angle":292.5,"b":188,"r":255,"type":"setColor","time":35},{"duration":0.75,"b":65,"color":1,"angle":281.25,"g":0,"type":"setColor","r":195,"order":1,"time":35},{"order":0,"g":151,"color":1,"angle":247.5,"b":188,"r":255,"type":"setColor","time":36},{"duration":0.75,"b":65,"color":1,"angle":236.25,"g":0,"type":"setColor","r":195,"order":1,"time":36},{"order":0,"g":151,"color":1,"angle":247.5,"b":188,"r":255,"type":"setColor","time":37},{"duration":0.75,"b":65,"color":1,"angle":236.25,"g":0,"type":"setColor","r":195,"order":1,"time":37},{"order":0,"g":151,"color":1,"angle":247.5,"b":188,"r":255,"type":"setColor","time":38},{"duration":0.75,"b":65,"color":1,"angle":236.25,"g":0,"type":"setColor","r":195,"order":1,"time":38},{"order":0,"g":151,"color":1,"angle":247.5,"b":188,"r":255,"type":"setColor","time":39},{"duration":0.75,"b":65,"color":1,"angle":236.25,"g":0,"type":"setColor","r":195,"order":1,"time":39},{"order":0,"g":151,"color":1,"angle":236.25,"b":188,"r":255,"type":"setColor","time":40},{"duration":0.75,"b":65,"color":1,"angle":225,"g":0,"type":"setColor","r":195,"order":1,"time":40},{"order":0,"g":151,"color":1,"angle":247.5,"b":188,"r":255,"type":"setColor","time":41},{"duration":0.75,"b":65,"color":1,"angle":236.25,"g":0,"type":"setColor","r":195,"order":1,"time":41},{"order":0,"g":151,"color":1,"angle":247.5,"b":188,"r":255,"type":"setColor","time":42},{"duration":0.75,"b":65,"color":1,"angle":236.25,"g":0,"type":"setColor","r":195,"order":1,"time":42},{"duration":1,"b":0,"color":1,"angle":247.5,"g":0,"type":"setColor","r":0,"order":0,"time":43},{"duration":1,"b":65,"color":0,"angle":236.25,"g":0,"type":"setColor","r":195,"order":1,"time":43},{"order":0,"b":0,"color":0,"angle":247.5,"g":0,"time":44.25,"type":"setColor","r":0},{"order":1,"g":0,"color":1,"angle":236.25,"b":65,"r":195,"type":"setColor","time":44.25},{"order":0,"g":0,"color":1,"angle":247.5,"b":0,"r":0,"type":"setColor","time":44.75},{"order":1,"g":0,"color":0,"angle":236.25,"b":65,"r":195,"type":"setColor","time":44.75},{"order":0,"g":0,"color":0,"angle":247.5,"b":0,"r":0,"type":"setColor","time":45.25},{"order":1,"b":65,"color":1,"type":"setColor","g":0,"time":45.25,"angle":236.25,"r":195},{"order":0,"g":0,"color":1,"angle":247.5,"b":0,"r":0,"type":"setColor","time":45.75},{"order":1,"b":65,"color":0,"angle":236.25,"g":0,"time":45.75,"type":"setColor","r":195},{"order":0,"b":0,"color":0,"type":"setColor","g":0,"angle":303.75,"r":0,"time":46.5,"duration":1.5},{"duration":1.5,"b":65,"color":1,"type":"setColor","g":0,"angle":292.5,"r":195,"order":1,"time":46.5},{"order":0,"b":0,"color":1,"angle":-258.75,"g":0,"time":48.25,"type":"setColor","r":0},{"order":1,"b":65,"color":0,"angle":-247.5,"g":0,"time":48.25,"type":"setColor","r":195},{"order":0,"g":0,"color":0,"angle":-258.75,"b":0,"r":0,"type":"setColor","time":48.75},{"order":1,"g":0,"color":1,"type":"setColor","b":65,"r":195,"angle":-247.5,"time":48.75},{"order":0,"g":0,"color":1,"angle":-258.75,"b":0,"r":0,"type":"setColor","time":49.25},{"order":1,"b":65,"color":0,"angle":-247.5,"g":0,"time":49.25,"type":"setColor","r":195},{"order":0,"g":0,"color":0,"angle":-258.75,"b":0,"r":0,"type":"setColor","time":49.75},{"order":1,"g":0,"color":1,"type":"setColor","b":65,"r":195,"angle":-247.5,"time":49.75},{"order":0,"b":0,"color":1,"type":"setColor","g":0,"angle":281.25,"r":0,"time":50.5,"duration":1.5},{"duration":1.5,"b":65,"color":0,"type":"setColor","g":0,"angle":270,"r":195,"order":1,"time":50.5},{"order":0,"g":0,"color":0,"angle":247.5,"b":0,"r":0,"type":"setColor","time":52.25},{"order":1,"b":65,"color":1,"type":"setColor","g":0,"time":52.25,"angle":236.25,"r":195},{"order":0,"g":0,"color":1,"angle":247.5,"b":0,"r":0,"type":"setColor","time":52.75},{"order":1,"b":65,"color":0,"angle":236.25,"g":0,"time":52.75,"type":"setColor","r":195},{"order":0,"g":0,"color":0,"angle":247.5,"b":0,"r":0,"type":"setColor","time":53.25},{"order":1,"g":0,"color":1,"type":"setColor","b":65,"r":195,"angle":236.25,"time":53.25},{"order":0,"b":0,"color":1,"type":"setColor","g":0,"time":53.75,"angle":247.5,"r":0},{"order":1,"g":0,"color":0,"type":"setColor","b":65,"r":195,"angle":236.25,"time":53.75},{"order":0,"b":0,"color":0,"type":"setColor","g":0,"angle":303.75,"r":0,"time":54.5,"duration":1.5},{"order":1,"b":65,"color":1,"angle":292.5,"g":0,"type":"setColor","r":195,"time":54.5,"duration":1.5},{"duration":0.75,"b":22,"color":1,"type":"setColor","g":0,"angle":382.5,"r":66,"order":1,"time":56.5},{"order":1,"b":65,"color":1,"type":"setColor","g":0,"angle":22.5,"r":195,"time":57.25,"duration":0.75},{"order":1,"b":215,"color":1,"type":"setColor","g":194,"angle":303.75,"r":255,"time":58,"duration":0.75},{"order":1,"b":65,"color":1,"angle":-56.25,"g":0,"type":"setColor","r":195,"time":58.75,"duration":0.75},{"order":0,"g":0,"color":1,"angle":-258.75,"b":0,"r":0,"type":"setColor","time":60.25},{"order":1,"g":0,"color":0,"type":"setColor","b":65,"r":195,"angle":-247.5,"time":60.25},{"order":0,"b":0,"color":0,"type":"setColor","g":0,"time":60.75,"angle":-258.75,"r":0},{"order":1,"g":0,"color":1,"angle":-247.5,"b":65,"r":195,"type":"setColor","time":60.75},{"order":0,"g":0,"color":1,"angle":-258.75,"b":0,"r":0,"type":"setColor","time":61.25},{"order":1,"g":0,"color":0,"type":"setColor","b":65,"r":195,"angle":-247.5,"time":61.25},{"order":0,"b":0,"color":0,"type":"setColor","g":0,"time":61.75,"angle":-258.75,"r":0},{"order":1,"g":0,"color":1,"angle":-247.5,"b":65,"r":195,"type":"setColor","time":61.75},{"order":0,"b":0,"color":1,"type":"setColor","g":0,"angle":281.25,"r":0,"time":62.5,"duration":1.5},{"order":1,"b":65,"color":0,"angle":270,"g":0,"type":"setColor","r":195,"time":62.5,"duration":1.5},{"order":0,"g":0,"color":0,"angle":247.5,"b":0,"r":0,"type":"setColor","time":64.25},{"order":1,"b":65,"color":1,"type":"setColor","g":0,"time":64.25,"angle":236.25,"r":195},{"order":0,"g":0,"color":1,"angle":247.5,"b":0,"r":0,"type":"setColor","time":64.75},{"order":1,"b":65,"color":0,"angle":236.25,"g":0,"time":64.75,"type":"setColor","r":195},{"order":0,"g":0,"color":0,"angle":247.5,"b":0,"r":0,"type":"setColor","time":65.25},{"order":1,"g":0,"color":1,"type":"setColor","b":65,"r":195,"angle":236.25,"time":65.25},{"order":0,"b":0,"color":1,"type":"setColor","g":0,"time":65.75,"angle":247.5,"r":0},{"order":1,"g":0,"color":0,"type":"setColor","b":65,"r":195,"angle":236.25,"time":65.75},{"order":0,"b":0,"color":0,"type":"setColor","g":0,"angle":281.25,"r":0,"time":66.5,"duration":1.5},{"order":1,"b":65,"color":1,"type":"setColor","g":0,"angle":270,"r":195,"time":66.5,"duration":1.5},{"order":0,"b":0,"color":1,"angle":-258.75,"g":0,"time":68.25,"type":"setColor","r":0},{"order":1,"b":65,"color":0,"type":"setColor","g":0,"time":68.25,"angle":-247.5,"r":195},{"order":0,"g":0,"color":0,"type":"setColor","b":0,"r":0,"angle":-258.75,"time":68.75},{"order":1,"b":65,"color":1,"type":"setColor","g":0,"time":68.75,"angle":-247.5,"r":195},{"order":0,"b":0,"color":1,"type":"setColor","g":0,"time":69.25,"angle":-258.75,"r":0},{"order":1,"b":65,"color":0,"type":"setColor","g":0,"time":69.25,"angle":-247.5,"r":195},{"order":0,"g":0,"color":0,"type":"setColor","b":0,"r":0,"angle":-258.75,"time":69.75},{"order":1,"b":65,"color":1,"type":"setColor","g":0,"time":69.75,"angle":-247.5,"r":195},{"order":0,"g":151,"color":1,"angle":236.25,"b":188,"r":255,"type":"setColor","time":70.5},{"duration":0.75,"b":65,"color":1,"angle":225,"g":0,"type":"setColor","r":195,"order":1,"time":70.5},{"order":0,"g":151,"color":1,"angle":236.25,"b":188,"r":255,"type":"setColor","time":71},{"order":1,"b":65,"color":1,"angle":225,"g":0,"type":"setColor","r":195,"time":71,"duration":0.75},{"order":0,"g":151,"color":1,"angle":236.25,"b":188,"r":255,"type":"setColor","time":72},{"order":1,"b":65,"color":1,"angle":225,"g":0,"type":"setColor","r":195,"time":72,"duration":0.75},{"order":0,"g":151,"color":1,"angle":236.25,"b":188,"r":255,"type":"setColor","time":73},{"order":1,"b":65,"color":1,"angle":225,"g":0,"type":"setColor","r":195,"time":73,"duration":0.75},{"order":0,"g":151,"color":1,"angle":236.25,"b":188,"r":255,"type":"setColor","time":74},{"order":1,"b":65,"color":1,"angle":225,"g":0,"type":"setColor","r":195,"time":74,"duration":0.75},{"duration":1,"b":34,"color":1,"type":"setColor","g":0,"angle":236.25,"r":96,"order":0,"time":75},{"order":0,"g":151,"color":1,"angle":236.25,"b":188,"r":255,"type":"setColor","time":76},{"order":1,"b":65,"color":1,"angle":225,"g":0,"type":"setColor","r":195,"time":76,"duration":0.75},{"order":0,"g":151,"color":1,"angle":236.25,"b":188,"r":255,"type":"setColor","time":77},{"order":1,"b":65,"color":1,"angle":225,"g":0,"type":"setColor","r":195,"time":77,"duration":0.75},{"order":0,"g":151,"color":1,"angle":236.25,"b":188,"r":255,"type":"setColor","time":78},{"order":1,"b":65,"color":1,"angle":225,"g":0,"type":"setColor","r":195,"time":78,"duration":0.75},{"order":0,"g":151,"color":1,"angle":225,"b":188,"r":255,"type":"setColor","time":79},{"order":1,"b":65,"color":1,"angle":213.75,"g":0,"type":"setColor","r":195,"time":79,"duration":0.75},{"order":0,"g":151,"color":1,"angle":236.25,"b":188,"r":255,"type":"setColor","time":80},{"order":1,"b":65,"color":1,"angle":225,"g":0,"type":"setColor","r":195,"time":80,"duration":0.75},{"order":0,"g":151,"color":1,"angle":236.25,"b":188,"r":255,"type":"setColor","time":81},{"order":1,"b":65,"color":1,"angle":225,"g":0,"type":"setColor","r":195,"time":81,"duration":0.75},{"order":0,"g":151,"color":1,"angle":236.25,"b":188,"r":255,"type":"setColor","time":82},{"order":1,"b":65,"color":1,"angle":225,"g":0,"type":"setColor","r":195,"time":82,"duration":0.75},{"order":0,"g":151,"color":1,"angle":236.25,"b":188,"r":255,"type":"setColor","time":83},{"order":1,"b":65,"color":1,"angle":225,"g":0,"type":"setColor","r":195,"time":83,"duration":0.75},{"order":0,"g":151,"color":1,"angle":236.25,"b":188,"r":255,"type":"setColor","time":85},{"order":1,"b":65,"color":1,"angle":225,"g":0,"type":"setColor","r":195,"time":85,"duration":0.75},{"order":0,"g":151,"color":1,"angle":236.25,"b":188,"r":255,"type":"setColor","time":86},{"order":1,"b":65,"color":1,"angle":225,"g":0,"type":"setColor","r":195,"time":86,"duration":0.75},{"order":0,"g":151,"color":1,"angle":236.25,"b":188,"r":255,"type":"setColor","time":87},{"order":1,"b":65,"color":1,"angle":225,"g":0,"type":"setColor","r":195,"time":87,"duration":0.75},{"order":0,"g":151,"color":1,"angle":236.25,"b":188,"r":255,"type":"setColor","time":88},{"order":1,"b":65,"color":1,"angle":225,"g":0,"type":"setColor","r":195,"time":88,"duration":0.75},{"order":0,"g":151,"color":1,"angle":270,"b":188,"r":255,"type":"setColor","time":89},{"order":1,"b":65,"color":1,"angle":258.75,"g":0,"type":"setColor","r":195,"time":89,"duration":0.75},{"order":0,"g":151,"color":1,"angle":236.25,"b":188,"r":255,"type":"setColor","time":90},{"order":1,"b":65,"color":1,"angle":225,"g":0,"type":"setColor","r":195,"time":90,"duration":0.75},{"order":0,"g":151,"color":1,"angle":236.25,"b":188,"r":255,"type":"setColor","time":91},{"order":1,"b":65,"color":1,"angle":225,"g":0,"type":"setColor","r":195,"time":91,"duration":0.75},{"order":0,"g":151,"color":1,"angle":236.25,"b":188,"r":255,"type":"setColor","time":93},{"order":1,"b":65,"color":1,"angle":225,"g":0,"type":"setColor","r":195,"time":93,"duration":0.75},{"order":0,"g":151,"color":1,"angle":225,"b":188,"r":255,"type":"setColor","time":94},{"order":1,"b":65,"color":1,"angle":213.75,"g":0,"type":"setColor","r":195,"time":94,"duration":0.75},{"order":0,"g":151,"color":1,"angle":236.25,"b":188,"r":255,"type":"setColor","time":95},{"order":1,"b":65,"color":1,"angle":225,"g":0,"type":"setColor","r":195,"time":95,"duration":0.75},{"order":0,"g":151,"color":1,"angle":236.25,"b":188,"r":255,"type":"setColor","time":96},{"order":1,"b":65,"color":1,"angle":225,"g":0,"type":"setColor","r":195,"time":96,"duration":0.75},{"order":0,"g":151,"color":1,"angle":236.25,"b":188,"r":255,"type":"setColor","time":97},{"order":1,"b":65,"color":1,"angle":225,"g":0,"type":"setColor","r":195,"time":97,"duration":0.75},{"order":0,"g":151,"color":1,"angle":236.25,"b":188,"r":255,"type":"setColor","time":98},{"order":1,"b":65,"color":1,"angle":225,"g":0,"type":"setColor","r":195,"time":98,"duration":0.75},{"order":0,"g":151,"color":1,"angle":236.25,"b":188,"r":255,"type":"setColor","time":99},{"order":1,"b":65,"color":1,"angle":225,"g":0,"type":"setColor","r":195,"time":99,"duration":0.75},{"order":0,"g":151,"color":1,"angle":236.25,"b":188,"r":255,"type":"setColor","time":101},{"order":1,"b":65,"color":1,"angle":225,"g":0,"type":"setColor","r":195,"time":101,"duration":0.75},{"order":0,"g":151,"color":1,"angle":236.25,"b":188,"r":255,"type":"setColor","time":102},{"order":1,"b":65,"color":1,"angle":225,"g":0,"type":"setColor","r":195,"time":102,"duration":0.75},{"order":0,"g":151,"color":1,"angle":236.25,"b":188,"r":255,"type":"setColor","time":103},{"order":1,"b":65,"color":1,"angle":225,"g":0,"type":"setColor","r":195,"time":103,"duration":0.75},{"order":0,"g":151,"color":1,"angle":236.25,"b":188,"r":255,"type":"setColor","time":104},{"order":1,"b":65,"color":1,"angle":225,"g":0,"type":"setColor","r":195,"time":104,"duration":0.75},{"order":0,"g":151,"color":1,"angle":236.25,"b":188,"r":255,"type":"setColor","time":105},{"order":1,"b":65,"color":1,"angle":225,"g":0,"type":"setColor","r":195,"time":105,"duration":0.75},{"order":0,"g":151,"color":1,"angle":236.25,"b":188,"r":255,"type":"setColor","time":106},{"order":1,"b":65,"color":1,"angle":225,"g":0,"type":"setColor","r":195,"time":106,"duration":0.75},{"order":0,"g":151,"color":1,"angle":236.25,"b":188,"r":255,"type":"setColor","time":107},{"order":1,"b":65,"color":1,"angle":225,"g":0,"type":"setColor","r":195,"time":107,"duration":0.75},{"order":0,"g":151,"color":1,"angle":236.25,"b":188,"r":255,"type":"setColor","time":109},{"order":1,"b":65,"color":1,"angle":225,"g":0,"type":"setColor","r":195,"time":109,"duration":0.75},{"order":0,"g":151,"color":1,"angle":236.25,"b":188,"r":255,"type":"setColor","time":110},{"order":1,"b":65,"color":1,"angle":225,"g":0,"type":"setColor","r":195,"time":110,"duration":0.75},{"order":0,"g":151,"color":1,"angle":236.25,"b":188,"r":255,"type":"setColor","time":111},{"order":1,"b":65,"color":1,"angle":225,"g":0,"type":"setColor","r":195,"time":111,"duration":0.75},{"order":0,"g":151,"color":1,"angle":236.25,"b":188,"r":255,"type":"setColor","time":112},{"order":1,"b":65,"color":1,"angle":225,"g":0,"type":"setColor","r":195,"time":112,"duration":0.75},{"order":0,"g":151,"color":1,"angle":236.25,"b":188,"r":255,"type":"setColor","time":113},{"order":1,"b":65,"color":1,"angle":225,"g":0,"type":"setColor","r":195,"time":113,"duration":0.75},{"order":0,"g":151,"color":1,"angle":236.25,"b":188,"r":255,"type":"setColor","time":114},{"order":1,"b":65,"color":1,"angle":225,"g":0,"type":"setColor","r":195,"time":114,"duration":0.75},{"order":0,"g":151,"color":1,"angle":236.25,"b":188,"r":255,"type":"setColor","time":115},{"order":1,"b":65,"color":1,"angle":225,"g":0,"type":"setColor","r":195,"time":115,"duration":0.75},{"order":0,"g":151,"color":1,"angle":236.25,"b":188,"r":255,"type":"setColor","time":117},{"order":1,"b":65,"color":1,"angle":225,"g":0,"type":"setColor","r":195,"time":117,"duration":0.75},{"order":0,"g":151,"color":1,"angle":258.75,"b":188,"r":255,"type":"setColor","time":118},{"order":1,"b":65,"color":1,"angle":247.5,"g":0,"type":"setColor","r":195,"time":118,"duration":0.75},{"order":0,"g":151,"color":1,"angle":225,"b":188,"r":255,"type":"setColor","time":119},{"order":1,"b":65,"color":1,"angle":213.75,"g":0,"type":"setColor","r":195,"time":119,"duration":0.75},{"duration":0.5,"b":18,"color":1,"angle":225,"g":0,"type":"setColor","r":55,"order":1,"time":119.5},{"order":0,"g":0,"color":1,"angle":236.25,"b":49,"r":147,"type":"setColor","time":120.5},{"order":0,"g":0,"color":1,"angle":236.25,"b":65,"r":195,"type":"setColor","time":121},{"order":0,"g":0,"color":1,"angle":236.25,"b":85,"r":255,"type":"setColor","time":121.5},{"order":0,"g":89,"color":1,"angle":236.25,"b":144,"r":255,"type":"setColor","time":123},{"order":0,"g":121,"color":1,"angle":236.25,"b":166,"r":255,"type":"setColor","time":123.33333333333},{"order":0,"g":191,"color":1,"angle":236.25,"b":214,"r":255,"type":"setColor","time":123.66666666667},{"order":0,"g":179,"color":1,"angle":292.5,"b":207,"r":255,"type":"setColor","time":83.75},{"order":1,"b":65,"color":1,"type":"setColor","g":0,"time":83.833332061768,"angle":281.25,"r":195},{"order":0,"b":188,"color":1,"type":"setColor","g":151,"time":84,"angle":292.5,"r":255},{"order":1,"b":65,"color":1,"angle":281.25,"g":0,"type":"setColor","r":195,"time":84,"duration":0.75},{"order":0,"g":179,"color":1,"angle":292.5,"b":207,"r":255,"type":"setColor","time":91.75},{"order":1,"b":65,"color":1,"type":"setColor","g":0,"time":91.833332061768,"angle":281.25,"r":195},{"order":0,"b":188,"color":1,"type":"setColor","g":151,"time":92,"angle":292.5,"r":255},{"order":1,"b":65,"color":1,"angle":281.25,"g":0,"type":"setColor","r":195,"time":92,"duration":0.75},{"order":0,"b":207,"color":1,"type":"setColor","g":179,"time":91.583333333333,"angle":292.5,"r":255},{"order":1,"b":65,"color":1,"type":"setColor","g":0,"time":91.666665395101,"angle":281.25,"r":195},{"order":0,"g":179,"color":1,"angle":292.5,"b":207,"r":255,"type":"setColor","time":99.75},{"order":1,"b":65,"color":1,"type":"setColor","g":0,"time":99.833332061768,"angle":281.25,"r":195},{"order":0,"b":188,"color":1,"type":"setColor","g":151,"time":100,"angle":292.5,"r":255},{"duration":0.75,"b":65,"color":1,"angle":281.25,"g":0,"type":"setColor","r":195,"order":1,"time":100},{"order":0,"g":179,"color":1,"angle":292.5,"b":207,"r":255,"type":"setColor","time":115.75},{"order":1,"b":65,"color":1,"type":"setColor","g":0,"time":115.83333206177,"angle":281.25,"r":195},{"order":0,"b":188,"color":1,"type":"setColor","g":151,"time":116,"angle":292.5,"r":255},{"duration":0.75,"b":65,"color":1,"angle":281.25,"g":0,"type":"setColor","r":195,"order":1,"time":116},{"order":0,"g":179,"color":1,"angle":292.5,"b":207,"r":255,"type":"setColor","time":107.75},{"order":1,"b":65,"color":1,"type":"setColor","g":0,"time":107.83333206177,"angle":281.25,"r":195},{"order":0,"b":188,"color":1,"type":"setColor","g":151,"time":108,"angle":292.5,"r":255},{"duration":0.75,"b":65,"color":1,"angle":281.25,"g":0,"type":"setColor","r":195,"order":1,"time":108},{"order":0,"b":207,"color":1,"type":"setColor","g":179,"time":107.58333333333,"angle":292.5,"r":255},{"order":1,"b":65,"color":1,"type":"setColor","g":0,"time":107.6666653951,"angle":281.25,"r":195},{"time":311.00015258789,"type":"deco","x":300,"y":180,"id":"1","angle":315},{"order":0,"g":113,"color":1,"angle":236.25,"b":113,"r":113,"type":"setColor","time":124},{"duration":0.75,"b":255,"color":1,"angle":225,"g":255,"type":"setColor","r":255,"order":1,"time":124},{"order":0,"g":113,"color":1,"angle":236.25,"b":113,"r":113,"type":"setColor","time":125},{"order":1,"b":255,"color":1,"angle":225,"g":255,"type":"setColor","r":255,"time":125,"duration":0.75},{"order":0,"g":113,"color":1,"angle":236.25,"b":113,"r":113,"type":"setColor","time":126},{"order":1,"b":255,"color":1,"angle":225,"g":255,"type":"setColor","r":255,"time":126,"duration":0.75},{"order":0,"g":113,"color":1,"angle":236.25,"b":113,"r":113,"type":"setColor","time":127},{"order":1,"b":255,"color":1,"angle":225,"g":255,"type":"setColor","r":255,"time":127,"duration":0.75},{"order":0,"g":113,"color":1,"angle":236.25,"b":113,"r":113,"type":"setColor","time":128},{"order":1,"b":255,"color":1,"angle":225,"g":255,"type":"setColor","r":255,"time":128,"duration":0.75},{"order":0,"g":113,"color":1,"angle":236.25,"b":113,"r":113,"type":"setColor","time":129},{"order":1,"b":255,"color":1,"angle":225,"g":255,"type":"setColor","r":255,"time":129,"duration":0.75},{"order":0,"g":113,"color":1,"angle":236.25,"b":113,"r":113,"type":"setColor","time":130},{"duration":0.75,"b":255,"color":1,"angle":225,"g":255,"type":"setColor","r":255,"order":1,"time":130},{"order":0,"b":113,"color":1,"angle":236.25,"g":113,"time":131,"type":"setColor","r":113},{"duration":0.75,"b":255,"color":1,"angle":225,"g":255,"type":"setColor","r":255,"order":1,"time":131},{"order":0,"b":113,"color":1,"angle":236.25,"g":113,"time":132,"type":"setColor","r":113},{"duration":0.75,"b":255,"color":1,"angle":225,"g":255,"type":"setColor","r":255,"order":1,"time":132},{"order":0,"b":113,"color":1,"angle":236.25,"g":113,"time":133,"type":"setColor","r":113},{"duration":0.75,"b":255,"color":1,"angle":225,"g":255,"type":"setColor","r":255,"order":1,"time":133},{"order":0,"b":113,"color":1,"angle":236.25,"g":113,"time":134,"type":"setColor","r":113},{"duration":0.75,"b":255,"color":1,"angle":225,"g":255,"type":"setColor","r":255,"order":1,"time":134},{"order":0,"g":113,"color":1,"angle":236.25,"b":113,"r":113,"type":"setColor","time":135},{"duration":0.75,"b":255,"color":1,"angle":225,"g":255,"type":"setColor","r":255,"order":1,"time":135},{"order":0,"b":113,"color":1,"angle":236.25,"g":113,"time":136,"type":"setColor","r":113},{"duration":0.75,"b":255,"color":1,"angle":225,"g":255,"type":"setColor","r":255,"order":1,"time":136},{"order":0,"b":113,"color":1,"angle":236.25,"g":113,"time":137,"type":"setColor","r":113},{"duration":0.75,"b":255,"color":1,"angle":225,"g":255,"type":"setColor","r":255,"order":1,"time":137},{"order":0,"b":113,"color":1,"angle":236.25,"g":113,"time":138,"type":"setColor","r":113},{"duration":0.75,"b":255,"color":1,"angle":225,"g":255,"type":"setColor","r":255,"order":1,"time":138},{"order":0,"b":113,"color":1,"angle":236.25,"g":113,"time":139,"type":"setColor","r":113},{"duration":0.75,"b":255,"color":1,"angle":225,"g":255,"type":"setColor","r":255,"order":1,"time":139},{"order":0,"g":113,"color":1,"angle":236.25,"b":113,"r":113,"type":"setColor","time":140},{"duration":0.75,"b":255,"color":1,"angle":225,"g":255,"type":"setColor","r":255,"order":1,"time":140},{"order":0,"b":113,"color":1,"angle":236.25,"g":113,"time":141,"type":"setColor","r":113},{"duration":0.75,"b":255,"color":1,"angle":225,"g":255,"type":"setColor","r":255,"order":1,"time":141},{"order":0,"b":113,"color":1,"angle":236.25,"g":113,"time":142,"type":"setColor","r":113},{"duration":0.75,"b":255,"color":1,"angle":225,"g":255,"type":"setColor","r":255,"order":1,"time":142},{"order":0,"b":113,"color":1,"angle":236.25,"g":113,"time":143,"type":"setColor","r":113},{"duration":0.75,"b":255,"color":1,"angle":225,"g":255,"type":"setColor","r":255,"order":1,"time":143},{"order":0,"b":113,"color":1,"angle":236.25,"g":113,"time":144,"type":"setColor","r":113},{"duration":0.75,"b":255,"color":1,"angle":225,"g":255,"type":"setColor","r":255,"order":1,"time":144},{"order":0,"g":113,"color":1,"angle":225,"b":113,"r":113,"type":"setColor","time":145},{"duration":0.75,"b":255,"color":1,"angle":213.75,"g":255,"type":"setColor","r":255,"order":1,"time":145},{"order":0,"b":113,"color":1,"angle":225,"g":113,"time":146,"type":"setColor","r":113},{"duration":0.75,"b":255,"color":1,"angle":213.75,"g":255,"type":"setColor","r":255,"order":1,"time":146},{"order":0,"b":113,"color":1,"angle":225,"g":113,"time":147,"type":"setColor","r":113},{"duration":0.75,"b":255,"color":1,"angle":213.75,"g":255,"type":"setColor","r":255,"order":1,"time":147},{"order":0,"b":113,"color":1,"angle":225,"g":113,"time":148,"type":"setColor","r":113},{"duration":0.75,"b":255,"color":1,"angle":213.75,"g":255,"type":"setColor","r":255,"order":1,"time":148},{"order":0,"b":113,"color":1,"angle":225,"g":113,"time":149,"type":"setColor","r":113},{"duration":0.75,"b":255,"color":1,"angle":213.75,"g":255,"type":"setColor","r":255,"order":1,"time":149},{"order":0,"g":113,"color":1,"angle":213.75,"b":113,"r":113,"type":"setColor","time":150},{"duration":0.75,"b":255,"color":1,"angle":202.5,"g":255,"type":"setColor","r":255,"order":1,"time":150},{"order":0,"b":113,"color":1,"angle":213.75,"g":113,"time":151,"type":"setColor","r":113},{"duration":0.75,"b":255,"color":1,"angle":202.5,"g":255,"type":"setColor","r":255,"order":1,"time":151},{"order":0,"g":70,"color":1,"angle":236.25,"b":70,"r":70,"type":"setColor","time":139.75},{"order":1,"b":255,"color":1,"angle":225,"g":255,"time":139.83332824707,"type":"setColor","r":255},{"order":0,"g":255,"color":0,"angle":236.25,"b":255,"r":255,"type":"setColor","time":151.5},{"order":1,"g":0,"color":1,"angle":225,"b":0,"r":0,"type":"setColor","time":151.5},{"order":1,"b":185,"color":0,"angle":225,"g":144,"time":152.5,"type":"setColor","r":255},{"order":1,"g":60,"color":0,"angle":225,"b":128,"r":255,"type":"setColor","time":152.75},{"order":1,"g":0,"color":0,"angle":225,"b":65,"r":181,"type":"setColor","time":153},{"duration":2,"b":0,"color":1,"angle":225,"g":0,"type":"setColor","r":0,"order":1,"time":154},{"order":1,"g":96,"color":1,"angle":236.25,"b":96,"r":96,"type":"setColor","time":152.5},{"order":1,"g":189,"color":1,"angle":236.25,"b":189,"r":189,"type":"setColor","time":152.75},{"order":1,"g":255,"color":1,"angle":236.25,"b":255,"r":255,"type":"setColor","time":153},{"order":0,"g":151,"color":0,"angle":225,"b":188,"r":255,"type":"setColor","time":156},{"duration":0.75,"b":65,"color":0,"angle":213.75,"g":0,"type":"setColor","r":195,"order":1,"time":156},{"order":0,"g":151,"color":0,"angle":270,"b":188,"r":255,"type":"setColor","time":157},{"order":1,"b":65,"color":0,"angle":258.75,"g":0,"type":"setColor","r":195,"time":157,"duration":0.75},{"order":0,"g":151,"color":0,"angle":225,"b":188,"r":255,"type":"setColor","time":158},{"order":1,"b":65,"color":0,"angle":213.75,"g":0,"type":"setColor","r":195,"time":158,"duration":0.75},{"order":0,"b":188,"color":0,"angle":270,"g":151,"time":159,"type":"setColor","r":255},{"duration":0.75,"b":65,"color":0,"angle":258.75,"g":0,"type":"setColor","r":195,"order":1,"time":159},{"order":0,"g":151,"color":0,"angle":225,"b":188,"r":255,"type":"setColor","time":160},{"order":1,"b":65,"color":0,"angle":213.75,"g":0,"type":"setColor","r":195,"time":160,"duration":0.75},{"order":0,"b":188,"color":0,"angle":270,"g":151,"time":161,"type":"setColor","r":255},{"duration":0.75,"b":65,"color":0,"angle":258.75,"g":0,"type":"setColor","r":195,"order":1,"time":161},{"order":0,"g":151,"color":0,"angle":225,"b":188,"r":255,"type":"setColor","time":162},{"order":1,"b":65,"color":0,"angle":213.75,"g":0,"type":"setColor","r":195,"time":162,"duration":0.75},{"order":0,"b":188,"color":0,"angle":270,"g":151,"time":163,"type":"setColor","r":255},{"duration":0.75,"b":65,"color":0,"angle":258.75,"g":0,"type":"setColor","r":195,"order":1,"time":163},{"order":0,"g":151,"color":0,"angle":225,"b":188,"r":255,"type":"setColor","time":164},{"order":1,"b":65,"color":0,"angle":213.75,"g":0,"type":"setColor","r":195,"time":164,"duration":0.75},{"order":0,"b":188,"color":0,"angle":270,"g":151,"time":165,"type":"setColor","r":255},{"duration":0.75,"b":65,"color":0,"angle":258.75,"g":0,"type":"setColor","r":195,"order":1,"time":165},{"order":0,"g":151,"color":0,"angle":225,"b":188,"r":255,"type":"setColor","time":166},{"order":1,"b":65,"color":0,"angle":213.75,"g":0,"type":"setColor","r":195,"time":166,"duration":0.75},{"order":0,"b":188,"color":0,"angle":270,"g":151,"time":167,"type":"setColor","r":255},{"duration":0.75,"b":65,"color":0,"angle":258.75,"g":0,"type":"setColor","r":195,"order":1,"time":167},{"order":0,"g":151,"color":0,"angle":247.5,"b":188,"r":255,"type":"setColor","time":168},{"duration":0.75,"b":65,"color":0,"angle":236.25,"g":0,"type":"setColor","r":195,"order":1,"time":168},{"order":0,"b":188,"color":0,"angle":292.5,"g":151,"time":169,"type":"setColor","r":255},{"order":1,"b":65,"color":0,"angle":281.25,"g":0,"type":"setColor","r":195,"time":169,"duration":0.75},{"order":0,"b":188,"color":0,"angle":247.5,"g":151,"time":170,"type":"setColor","r":255},{"duration":0.75,"b":65,"color":0,"angle":236.25,"g":0,"type":"setColor","r":195,"order":1,"time":170},{"order":0,"b":188,"color":0,"angle":292.5,"g":151,"time":171,"type":"setColor","r":255},{"order":1,"b":65,"color":0,"angle":281.25,"g":0,"type":"setColor","r":195,"time":171,"duration":0.75},{"order":0,"b":188,"color":0,"angle":247.5,"g":151,"time":172,"type":"setColor","r":255},{"duration":0.75,"b":65,"color":0,"angle":236.25,"g":0,"type":"setColor","r":195,"order":1,"time":172},{"order":0,"b":188,"color":0,"angle":292.5,"g":151,"time":173,"type":"setColor","r":255},{"order":1,"b":65,"color":0,"angle":281.25,"g":0,"type":"setColor","r":195,"time":173,"duration":0.75},{"order":0,"g":151,"color":0,"angle":225,"b":188,"r":255,"type":"setColor","time":174},{"duration":0.75,"b":65,"color":0,"angle":213.75,"g":0,"type":"setColor","r":195,"order":1,"time":174},{"order":0,"b":188,"color":0,"angle":270,"g":151,"time":175,"type":"setColor","r":255},{"order":1,"b":65,"color":0,"angle":258.75,"g":0,"type":"setColor","r":195,"time":175,"duration":0.75},{"order":0,"b":188,"color":0,"angle":225,"g":151,"time":176,"type":"setColor","r":255},{"duration":0.75,"b":65,"color":0,"angle":213.75,"g":0,"type":"setColor","r":195,"order":1,"time":176},{"order":0,"b":188,"color":0,"angle":270,"g":151,"time":177,"type":"setColor","r":255},{"order":1,"b":65,"color":0,"angle":258.75,"g":0,"type":"setColor","r":195,"time":177,"duration":0.75},{"order":0,"b":188,"color":0,"angle":225,"g":151,"time":178,"type":"setColor","r":255},{"duration":0.75,"b":65,"color":0,"angle":213.75,"g":0,"type":"setColor","r":195,"order":1,"time":178},{"order":0,"b":188,"color":0,"angle":270,"g":151,"time":179,"type":"setColor","r":255},{"order":1,"b":65,"color":0,"angle":258.75,"g":0,"type":"setColor","r":195,"time":179,"duration":0.75},{"order":0,"g":151,"color":0,"angle":225,"b":188,"r":255,"type":"setColor","time":180},{"duration":0.75,"b":65,"color":0,"angle":213.75,"g":0,"type":"setColor","r":195,"order":1,"time":180},{"order":0,"b":188,"color":0,"angle":270,"g":151,"time":181,"type":"setColor","r":255},{"order":1,"b":65,"color":0,"angle":258.75,"g":0,"type":"setColor","r":195,"time":181,"duration":0.75},{"order":0,"b":188,"color":0,"angle":225,"g":151,"time":182,"type":"setColor","r":255},{"duration":0.75,"b":65,"color":0,"angle":213.75,"g":0,"type":"setColor","r":195,"order":1,"time":182},{"order":0,"b":188,"color":0,"angle":270,"g":151,"time":183,"type":"setColor","r":255},{"order":1,"b":65,"color":0,"angle":258.75,"g":0,"type":"setColor","r":195,"time":183,"duration":0.75},{"order":0,"b":188,"color":0,"angle":225,"g":151,"time":184,"type":"setColor","r":255},{"duration":0.75,"b":65,"color":0,"angle":213.75,"g":0,"type":"setColor","r":195,"order":1,"time":184},{"order":0,"b":188,"color":0,"angle":270,"g":151,"time":185,"type":"setColor","r":255},{"order":1,"b":65,"color":0,"angle":258.75,"g":0,"type":"setColor","r":195,"time":185,"duration":0.75},{"order":0,"g":151,"color":0,"angle":225,"b":188,"r":255,"type":"setColor","time":186},{"duration":0.75,"b":65,"color":0,"angle":213.75,"g":0,"type":"setColor","r":195,"order":1,"time":186},{"duration":1,"b":0,"color":0,"angle":247.5,"g":0,"type":"setColor","r":0,"order":0,"time":187},{"duration":1,"b":65,"color":1,"angle":236.25,"g":0,"type":"setColor","r":195,"order":1,"time":187},{"order":0,"g":0,"color":1,"angle":-258.75,"b":0,"r":0,"type":"setColor","time":188.25},{"order":1,"g":0,"color":0,"type":"setColor","b":65,"r":195,"angle":-247.5,"time":188.25},{"order":0,"b":0,"color":0,"type":"setColor","g":0,"time":188.75,"angle":-258.75,"r":0},{"order":1,"g":0,"color":1,"angle":-247.5,"b":65,"r":195,"type":"setColor","time":188.75},{"order":0,"g":0,"color":1,"angle":-258.75,"b":0,"r":0,"type":"setColor","time":189.25},{"order":1,"g":0,"color":0,"type":"setColor","b":65,"r":195,"angle":-247.5,"time":189.25},{"order":0,"b":0,"color":0,"type":"setColor","g":0,"time":189.75,"angle":-258.75,"r":0},{"order":1,"g":0,"color":1,"angle":-247.5,"b":65,"r":195,"type":"setColor","time":189.75},{"order":0,"b":0,"color":1,"angle":281.25,"g":0,"type":"setColor","r":0,"time":190.5,"duration":1.5},{"order":1,"b":65,"color":0,"angle":270,"g":0,"type":"setColor","r":195,"time":190.5,"duration":1.5},{"order":0,"g":0,"color":0,"angle":247.5,"b":0,"r":0,"type":"setColor","time":192.25},{"order":1,"g":0,"color":1,"type":"setColor","b":65,"r":195,"angle":236.25,"time":192.25},{"order":0,"b":0,"color":1,"type":"setColor","g":0,"time":192.75,"angle":247.5,"r":0},{"order":1,"g":0,"color":0,"type":"setColor","b":65,"r":195,"angle":236.25,"time":192.75},{"order":0,"b":0,"color":0,"type":"setColor","g":0,"time":193.25,"angle":247.5,"r":0},{"order":1,"g":0,"color":1,"angle":236.25,"b":65,"r":195,"type":"setColor","time":193.25},{"order":0,"g":0,"color":1,"type":"setColor","b":0,"r":0,"angle":247.5,"time":193.75},{"order":1,"b":65,"color":0,"type":"setColor","g":0,"time":193.75,"angle":236.25,"r":195},{"order":0,"b":0,"color":0,"angle":303.75,"g":0,"type":"setColor","r":0,"time":194.5,"duration":1.5},{"duration":1.5,"b":65,"color":1,"angle":292.5,"g":0,"type":"setColor","r":195,"order":1,"time":194.5},{"order":0,"g":0,"color":1,"angle":-258.75,"b":0,"r":0,"type":"setColor","time":196.25},{"order":1,"g":0,"color":0,"type":"setColor","b":65,"r":195,"angle":-247.5,"time":196.25},{"order":0,"b":0,"color":0,"type":"setColor","g":0,"time":196.75,"angle":-258.75,"r":0},{"order":1,"g":0,"color":1,"angle":-247.5,"b":65,"r":195,"type":"setColor","time":196.75},{"order":0,"g":0,"color":1,"angle":-258.75,"b":0,"r":0,"type":"setColor","time":197.25},{"order":1,"g":0,"color":0,"type":"setColor","b":65,"r":195,"angle":-247.5,"time":197.25},{"order":0,"b":0,"color":0,"type":"setColor","g":0,"time":197.75,"angle":-258.75,"r":0},{"order":1,"g":0,"color":1,"angle":-247.5,"b":65,"r":195,"type":"setColor","time":197.75},{"order":0,"b":0,"color":1,"type":"setColor","g":0,"angle":281.25,"r":0,"time":198.5,"duration":1.5},{"duration":1,"b":65,"color":0,"type":"setColor","g":0,"angle":270,"r":195,"order":1,"time":198.5},{"order":1,"b":65,"color":1,"type":"setColor","g":0,"angle":281.25,"r":195,"time":201,"duration":1},{"duration":1,"b":0,"color":0,"type":"setColor","g":0,"angle":292.5,"r":0,"order":1,"time":201},{"order":0,"g":0,"color":1,"angle":-258.75,"b":0,"r":0,"type":"setColor","time":204.25},{"order":1,"g":0,"color":0,"type":"setColor","b":65,"r":195,"angle":-247.5,"time":204.25},{"order":0,"b":0,"color":0,"type":"setColor","g":0,"time":204.75,"angle":-258.75,"r":0},{"order":1,"g":0,"color":1,"angle":-247.5,"b":65,"r":195,"type":"setColor","time":204.75},{"order":0,"g":0,"color":1,"angle":-258.75,"b":0,"r":0,"type":"setColor","time":205.25},{"order":1,"g":0,"color":0,"type":"setColor","b":65,"r":195,"angle":-247.5,"time":205.25},{"order":0,"b":0,"color":0,"type":"setColor","g":0,"time":205.75,"angle":-258.75,"r":0},{"order":1,"g":0,"color":1,"angle":-247.5,"b":65,"r":195,"type":"setColor","time":205.75},{"order":0,"b":0,"color":1,"angle":281.25,"g":0,"type":"setColor","r":0,"time":206.5,"duration":1.5},{"order":1,"b":65,"color":0,"angle":270,"g":0,"type":"setColor","r":195,"time":206.5,"duration":1.5},{"order":0,"g":0,"color":0,"angle":247.5,"b":0,"r":0,"type":"setColor","time":208.25},{"order":1,"g":0,"color":1,"type":"setColor","b":65,"r":195,"angle":236.25,"time":208.25},{"order":0,"b":0,"color":1,"type":"setColor","g":0,"time":208.75,"angle":247.5,"r":0},{"order":1,"g":0,"color":0,"type":"setColor","b":65,"r":195,"angle":236.25,"time":208.75},{"order":0,"b":0,"color":0,"type":"setColor","g":0,"time":209.25,"angle":247.5,"r":0},{"order":1,"g":0,"color":1,"angle":236.25,"b":65,"r":195,"type":"setColor","time":209.25},{"order":0,"g":0,"color":1,"type":"setColor","b":0,"r":0,"angle":247.5,"time":209.75},{"order":1,"b":65,"color":0,"type":"setColor","g":0,"time":209.75,"angle":236.25,"r":195},{"order":0,"b":0,"color":0,"angle":303.75,"g":0,"type":"setColor","r":0,"time":210.5,"duration":1.5},{"duration":1.5,"b":65,"color":1,"angle":292.5,"g":0,"type":"setColor","r":195,"order":1,"time":210.5},{"order":0,"g":0,"color":1,"angle":-258.75,"b":0,"r":0,"type":"setColor","time":212.25},{"order":1,"g":0,"color":0,"type":"setColor","b":65,"r":195,"angle":-247.5,"time":212.25},{"order":0,"b":0,"color":0,"type":"setColor","g":0,"time":212.75,"angle":-258.75,"r":0},{"order":1,"g":0,"color":1,"angle":-247.5,"b":65,"r":195,"type":"setColor","time":212.75},{"order":0,"g":0,"color":1,"angle":-258.75,"b":0,"r":0,"type":"setColor","time":213.25},{"order":1,"g":0,"color":0,"type":"setColor","b":65,"r":195,"angle":-247.5,"time":213.25},{"order":0,"b":0,"color":0,"type":"setColor","g":0,"time":213.75,"angle":-258.75,"r":0},{"order":1,"g":0,"color":1,"angle":-247.5,"b":65,"r":195,"type":"setColor","time":213.75},{"order":0,"b":0,"color":1,"angle":281.25,"g":0,"type":"setColor","r":0,"time":214.5,"duration":1.5},{"order":1,"b":65,"color":0,"angle":270,"g":0,"type":"setColor","r":195,"time":214.5,"duration":1.5},{"order":0,"g":0,"color":0,"angle":247.5,"b":0,"r":0,"type":"setColor","time":216.25},{"order":1,"g":0,"color":1,"type":"setColor","b":65,"r":195,"angle":236.25,"time":216.25},{"order":0,"b":0,"color":1,"type":"setColor","g":0,"time":216.75,"angle":247.5,"r":0},{"order":1,"g":0,"color":0,"type":"setColor","b":65,"r":195,"angle":236.25,"time":216.75},{"order":0,"b":0,"color":0,"type":"setColor","g":0,"time":217.25,"angle":247.5,"r":0},{"order":1,"g":0,"color":1,"angle":236.25,"b":65,"r":195,"type":"setColor","time":217.25},{"order":0,"g":0,"color":1,"angle":247.5,"b":0,"r":0,"type":"setColor","time":217.75},{"order":1,"b":65,"color":0,"angle":236.25,"g":0,"time":217.75,"type":"setColor","r":195},{"order":0,"g":255,"color":0,"angle":315,"b":255,"r":255,"type":"setColor","time":219},{"duration":20,"b":0,"color":0,"angle":303.75,"g":0,"type":"setColor","r":0,"order":1,"time":219},{"g":255,"type":"setColor","time":219,"r":255,"b":255,"color":1,"angle":292.5},{"duration":7.5,"g":0,"color":1,"type":"setColor","b":65,"r":195,"angle":168.75,"time":236},{"g":0,"angle":168.75,"time":249,"r":84,"b":28,"color":1,"type":"setColor"},{"g":0,"angle":168.75,"time":250,"r":0,"b":0,"color":1,"type":"setColor"},{"duration":2,"g":255,"color":1,"type":"setColor","b":255,"r":255,"angle":202.5,"time":252},{"duration":4,"g":0,"color":1,"type":"setColor","b":65,"r":195,"angle":191.25,"time":259},{"duration":0.5,"g":0,"color":1,"type":"setColor","b":35,"r":104,"angle":258.75,"time":263},{"order":0,"b":207,"color":1,"type":"setColor","g":179,"time":264,"angle":236.25,"r":255},{"duration":0.75,"b":65,"color":1,"angle":225,"g":0,"type":"setColor","r":195,"time":264,"order":1},{"order":0,"g":179,"color":1,"angle":236.25,"b":207,"r":255,"type":"setColor","time":265},{"duration":0.75,"b":65,"color":1,"angle":225,"g":0,"type":"setColor","r":195,"time":265,"order":1},{"order":0,"g":179,"color":1,"angle":236.25,"b":207,"r":255,"type":"setColor","time":266},{"duration":0.75,"b":65,"color":1,"angle":225,"g":0,"type":"setColor","r":195,"time":266,"order":1},{"order":0,"g":179,"color":1,"angle":236.25,"b":207,"r":255,"type":"setColor","time":267},{"duration":0.75,"b":65,"color":1,"angle":225,"g":0,"type":"setColor","r":195,"time":267,"order":1},{"order":0,"g":179,"color":1,"angle":236.25,"b":207,"r":255,"type":"setColor","time":268},{"duration":0.75,"b":65,"color":1,"angle":225,"g":0,"type":"setColor","r":195,"time":268,"order":1},{"order":0,"g":179,"color":1,"angle":236.25,"b":207,"r":255,"type":"setColor","time":269},{"duration":0.75,"b":65,"color":1,"angle":225,"g":0,"type":"setColor","r":195,"time":269,"order":1},{"order":0,"g":179,"color":1,"angle":236.25,"b":207,"r":255,"type":"setColor","time":270},{"duration":0.75,"b":65,"color":1,"angle":225,"g":0,"type":"setColor","r":195,"time":270,"order":1},{"order":0,"g":179,"color":1,"angle":236.25,"b":207,"r":255,"type":"setColor","time":271},{"duration":0.75,"b":65,"color":1,"angle":225,"g":0,"type":"setColor","r":195,"time":271,"order":1},{"order":0,"g":179,"color":1,"angle":236.25,"b":207,"r":255,"type":"setColor","time":272},{"duration":0.75,"b":65,"color":1,"angle":225,"g":0,"type":"setColor","r":195,"time":272,"order":1},{"order":0,"g":179,"color":1,"angle":236.25,"b":207,"r":255,"type":"setColor","time":273},{"duration":0.75,"b":65,"color":1,"angle":225,"g":0,"type":"setColor","r":195,"time":273,"order":1},{"duration":1,"start":1.25,"time":264,"value":1,"angle":213.75,"var":"vfx.canvPos.sx","type":"ease"},{"duration":1,"start":1.25,"time":264,"value":1,"angle":202.5,"var":"vfx.canvPos.sy","type":"ease"},{"var":"vfx.canvPos.sx","start":1.25,"time":265,"value":1,"type":"ease","duration":1,"angle":213.75},{"var":"vfx.canvPos.sy","start":1.25,"time":265,"value":1,"type":"ease","duration":1,"angle":202.5},{"var":"vfx.canvPos.sx","start":1.25,"time":266,"value":1,"type":"ease","duration":1,"angle":213.75},{"var":"vfx.canvPos.sy","start":1.25,"time":266,"value":1,"type":"ease","duration":1,"angle":202.5},{"duration":1,"start":1.25,"time":267,"value":1,"type":"ease","var":"vfx.canvPos.sx","angle":213.75},{"var":"vfx.canvPos.sy","start":1.25,"time":267,"value":1,"type":"ease","duration":1,"angle":202.5},{"duration":1,"start":1.25,"time":268,"value":1,"type":"ease","var":"vfx.canvPos.sx","angle":213.75},{"var":"vfx.canvPos.sy","start":1.25,"time":268,"value":1,"type":"ease","duration":1,"angle":202.5},{"duration":1,"start":1.25,"time":269,"value":1,"angle":213.75,"var":"vfx.canvPos.sx","type":"ease"},{"var":"vfx.canvPos.sy","start":1.25,"time":269,"value":1,"type":"ease","duration":1,"angle":202.5},{"duration":1,"start":1.25,"time":270,"value":1,"angle":213.75,"var":"vfx.canvPos.sx","type":"ease"},{"var":"vfx.canvPos.sy","start":1.25,"time":270,"value":1,"type":"ease","duration":1,"angle":202.5},{"var":"vfx.canvPos.sx","start":1.25,"time":271,"value":1,"angle":213.75,"duration":1,"type":"ease"},{"var":"vfx.canvPos.sy","start":1.25,"time":271,"value":1,"type":"ease","duration":1,"angle":202.5},{"var":"vfx.canvPos.sx","start":1.25,"time":272,"value":1,"angle":213.75,"duration":1,"type":"ease"},{"var":"vfx.canvPos.sy","start":1.25,"time":272,"value":1,"type":"ease","duration":1,"angle":202.5},{"var":"vfx.canvPos.sx","start":1.25,"time":273,"value":1,"type":"ease","duration":1,"angle":213.75},{"var":"vfx.canvPos.sy","start":1.25,"time":273,"value":1,"type":"ease","duration":1,"angle":202.5},{"order":0,"g":179,"color":1,"angle":236.25,"b":207,"r":255,"type":"setColor","time":274},{"duration":0.75,"b":65,"color":1,"angle":225,"g":0,"type":"setColor","r":195,"time":274,"order":1},{"order":0,"b":207,"color":1,"type":"setColor","g":179,"time":275,"angle":236.25,"r":255},{"duration":0.75,"b":65,"color":1,"angle":225,"g":0,"type":"setColor","r":195,"time":275,"order":1},{"order":0,"b":207,"color":1,"type":"setColor","g":179,"time":276,"angle":236.25,"r":255},{"duration":0.75,"b":65,"color":1,"angle":225,"g":0,"type":"setColor","r":195,"time":276,"order":1},{"order":0,"b":207,"color":1,"type":"setColor","g":179,"time":277,"angle":236.25,"r":255},{"duration":0.75,"b":65,"color":1,"angle":225,"g":0,"type":"setColor","r":195,"time":277,"order":1},{"order":0,"b":207,"color":1,"type":"setColor","g":179,"time":278,"angle":236.25,"r":255},{"duration":0.75,"b":65,"color":1,"angle":225,"g":0,"type":"setColor","r":195,"time":278,"order":1},{"order":0,"b":207,"color":1,"type":"setColor","g":179,"time":279,"angle":236.25,"r":255},{"duration":0.75,"b":65,"color":1,"angle":225,"g":0,"type":"setColor","r":195,"time":279,"order":1},{"order":0,"b":207,"color":1,"type":"setColor","g":179,"time":280,"angle":236.25,"r":255},{"duration":0.75,"b":65,"color":1,"angle":225,"g":0,"type":"setColor","r":195,"time":280,"order":1},{"order":0,"b":207,"color":1,"type":"setColor","g":179,"time":281,"angle":236.25,"r":255},{"duration":0.75,"b":65,"color":1,"angle":225,"g":0,"type":"setColor","r":195,"time":281,"order":1},{"order":0,"b":207,"color":1,"type":"setColor","g":179,"time":282,"angle":236.25,"r":255},{"duration":0.75,"b":65,"color":1,"angle":225,"g":0,"type":"setColor","r":195,"time":282,"order":1},{"order":0,"b":207,"color":1,"type":"setColor","g":179,"time":283,"angle":236.25,"r":255},{"duration":0.75,"b":65,"color":1,"angle":225,"g":0,"type":"setColor","r":195,"time":283,"order":1},{"var":"vfx.canvPos.sx","start":1.25,"time":274,"value":1,"type":"ease","duration":1,"angle":213.75},{"var":"vfx.canvPos.sy","start":1.25,"time":274,"value":1,"type":"ease","duration":1,"angle":202.5},{"duration":1,"start":1.25,"time":275,"value":1,"angle":213.75,"var":"vfx.canvPos.sx","type":"ease"},{"duration":1,"start":1.25,"time":275,"value":1,"angle":202.5,"var":"vfx.canvPos.sy","type":"ease"},{"duration":1,"start":1.25,"time":276,"value":1,"angle":213.75,"var":"vfx.canvPos.sx","type":"ease"},{"duration":1,"start":1.25,"time":276,"value":1,"angle":202.5,"var":"vfx.canvPos.sy","type":"ease"},{"var":"vfx.canvPos.sx","start":1.25,"time":277,"value":1,"angle":213.75,"duration":1,"type":"ease"},{"duration":1,"start":1.25,"time":277,"value":1,"angle":202.5,"var":"vfx.canvPos.sy","type":"ease"},{"var":"vfx.canvPos.sx","start":1.25,"time":278,"value":1,"angle":213.75,"duration":1,"type":"ease"},{"duration":1,"start":1.25,"time":278,"value":1,"angle":202.5,"var":"vfx.canvPos.sy","type":"ease"},{"var":"vfx.canvPos.sx","start":1.25,"time":279,"value":1,"type":"ease","duration":1,"angle":213.75},{"duration":1,"start":1.25,"time":279,"value":1,"angle":202.5,"var":"vfx.canvPos.sy","type":"ease"},{"var":"vfx.canvPos.sx","start":1.25,"time":280,"value":1,"type":"ease","duration":1,"angle":213.75},{"duration":1,"start":1.25,"time":280,"value":1,"angle":202.5,"var":"vfx.canvPos.sy","type":"ease"},{"duration":1,"start":1.25,"time":281,"value":1,"type":"ease","var":"vfx.canvPos.sx","angle":213.75},{"duration":1,"start":1.25,"time":281,"value":1,"angle":202.5,"var":"vfx.canvPos.sy","type":"ease"},{"duration":1,"start":1.25,"time":282,"value":1,"type":"ease","var":"vfx.canvPos.sx","angle":213.75},{"duration":1,"start":1.25,"time":282,"value":1,"angle":202.5,"var":"vfx.canvPos.sy","type":"ease"},{"duration":1,"start":1.25,"time":283,"value":1,"angle":213.75,"var":"vfx.canvPos.sx","type":"ease"},{"duration":1,"start":1.25,"time":283,"value":1,"angle":202.5,"var":"vfx.canvPos.sy","type":"ease"},{"order":0,"g":179,"color":1,"angle":236.25,"b":207,"r":255,"type":"setColor","time":284},{"duration":0.75,"b":65,"color":1,"angle":225,"g":0,"type":"setColor","r":195,"time":284,"order":1},{"order":0,"b":207,"color":1,"type":"setColor","g":179,"time":285,"angle":236.25,"r":255},{"duration":0.75,"b":65,"color":1,"angle":225,"g":0,"type":"setColor","r":195,"time":285,"order":1},{"order":0,"b":207,"color":1,"type":"setColor","g":179,"time":286,"angle":236.25,"r":255},{"duration":0.75,"b":65,"color":1,"angle":225,"g":0,"type":"setColor","r":195,"time":286,"order":1},{"order":0,"b":207,"color":1,"type":"setColor","g":179,"time":287,"angle":236.25,"r":255},{"duration":0.75,"b":65,"color":1,"angle":225,"g":0,"type":"setColor","r":195,"time":287,"order":1},{"order":0,"b":207,"color":1,"type":"setColor","g":179,"time":288,"angle":236.25,"r":255},{"duration":0.75,"b":65,"color":1,"angle":225,"g":0,"type":"setColor","r":195,"time":288,"order":1},{"order":0,"b":207,"color":1,"type":"setColor","g":179,"time":289,"angle":236.25,"r":255},{"duration":0.75,"b":65,"color":1,"angle":225,"g":0,"type":"setColor","r":195,"time":289,"order":1},{"order":0,"b":207,"color":1,"type":"setColor","g":179,"time":290,"angle":236.25,"r":255},{"duration":0.75,"b":65,"color":1,"angle":225,"g":0,"type":"setColor","r":195,"time":290,"order":1},{"order":0,"b":207,"color":1,"type":"setColor","g":179,"time":291,"angle":236.25,"r":255},{"duration":0.75,"b":65,"color":1,"angle":225,"g":0,"type":"setColor","r":195,"time":291,"order":1},{"order":0,"b":207,"color":1,"type":"setColor","g":179,"time":292,"angle":236.25,"r":255},{"duration":0.75,"b":65,"color":1,"angle":225,"g":0,"type":"setColor","r":195,"time":292,"order":1},{"order":0,"b":207,"color":1,"type":"setColor","g":179,"time":293,"angle":236.25,"r":255},{"duration":0.75,"b":65,"color":1,"angle":225,"g":0,"type":"setColor","r":195,"time":293,"order":1},{"var":"vfx.canvPos.sx","start":1.25,"time":284,"value":1,"type":"ease","duration":1,"angle":213.75},{"var":"vfx.canvPos.sy","start":1.25,"time":284,"value":1,"type":"ease","duration":1,"angle":202.5},{"duration":1,"start":1.25,"time":285,"value":1,"angle":213.75,"var":"vfx.canvPos.sx","type":"ease"},{"duration":1,"start":1.25,"time":285,"value":1,"angle":202.5,"var":"vfx.canvPos.sy","type":"ease"},{"duration":1,"start":1.25,"time":286,"value":1,"angle":213.75,"var":"vfx.canvPos.sx","type":"ease"},{"duration":1,"start":1.25,"time":286,"value":1,"angle":202.5,"var":"vfx.canvPos.sy","type":"ease"},{"var":"vfx.canvPos.sx","start":1.25,"time":287,"value":1,"angle":213.75,"duration":1,"type":"ease"},{"duration":1,"start":1.25,"time":287,"value":1,"angle":202.5,"var":"vfx.canvPos.sy","type":"ease"},{"var":"vfx.canvPos.sx","start":1.25,"time":288,"value":1,"angle":213.75,"duration":1,"type":"ease"},{"duration":1,"start":1.25,"time":288,"value":1,"angle":202.5,"var":"vfx.canvPos.sy","type":"ease"},{"var":"vfx.canvPos.sx","start":1.25,"time":289,"value":1,"type":"ease","duration":1,"angle":213.75},{"duration":1,"start":1.25,"time":289,"value":1,"angle":202.5,"var":"vfx.canvPos.sy","type":"ease"},{"var":"vfx.canvPos.sx","start":1.25,"time":290,"value":1,"type":"ease","duration":1,"angle":213.75},{"duration":1,"start":1.25,"time":290,"value":1,"angle":202.5,"var":"vfx.canvPos.sy","type":"ease"},{"duration":1,"start":1.25,"time":291,"value":1,"type":"ease","var":"vfx.canvPos.sx","angle":213.75},{"duration":1,"start":1.25,"time":291,"value":1,"angle":202.5,"var":"vfx.canvPos.sy","type":"ease"},{"duration":1,"start":1.25,"time":292,"value":1,"type":"ease","var":"vfx.canvPos.sx","angle":213.75},{"duration":1,"start":1.25,"time":292,"value":1,"angle":202.5,"var":"vfx.canvPos.sy","type":"ease"},{"duration":1,"start":1.25,"time":293,"value":1,"angle":213.75,"var":"vfx.canvPos.sx","type":"ease"},{"duration":1,"start":1.25,"time":293,"value":1,"angle":202.5,"var":"vfx.canvPos.sy","type":"ease"},{"order":0,"g":179,"color":1,"angle":236.25,"b":207,"r":255,"type":"setColor","time":294},{"duration":0.75,"b":65,"color":1,"angle":225,"g":0,"type":"setColor","r":195,"time":294,"order":1},{"order":0,"b":207,"color":1,"type":"setColor","g":179,"time":295,"angle":236.25,"r":255},{"duration":0.75,"b":65,"color":1,"angle":225,"g":0,"type":"setColor","r":195,"time":295,"order":1},{"order":0,"b":207,"color":1,"type":"setColor","g":179,"time":296,"angle":236.25,"r":255},{"duration":0.75,"b":65,"color":1,"angle":225,"g":0,"type":"setColor","r":195,"time":296,"order":1},{"order":0,"b":207,"color":1,"type":"setColor","g":179,"time":297,"angle":236.25,"r":255},{"duration":0.75,"b":65,"color":1,"angle":225,"g":0,"type":"setColor","r":195,"time":297,"order":1},{"order":0,"b":207,"color":1,"type":"setColor","g":179,"time":298,"angle":236.25,"r":255},{"duration":0.75,"b":65,"color":1,"angle":225,"g":0,"type":"setColor","r":195,"time":298,"order":1},{"order":0,"b":207,"color":1,"type":"setColor","g":179,"time":299,"angle":236.25,"r":255},{"duration":0.75,"b":65,"color":1,"angle":225,"g":0,"type":"setColor","r":195,"time":299,"order":1},{"var":"vfx.canvPos.sx","start":1.25,"time":294,"value":1,"type":"ease","duration":1,"angle":213.75},{"var":"vfx.canvPos.sy","start":1.25,"time":294,"value":1,"type":"ease","duration":1,"angle":202.5},{"duration":1,"start":1.25,"time":295,"value":1,"angle":213.75,"var":"vfx.canvPos.sx","type":"ease"},{"duration":1,"start":1.25,"time":295,"value":1,"angle":202.5,"var":"vfx.canvPos.sy","type":"ease"},{"duration":1,"start":1.25,"time":296,"value":1,"angle":213.75,"var":"vfx.canvPos.sx","type":"ease"},{"duration":1,"start":1.25,"time":296,"value":1,"angle":202.5,"var":"vfx.canvPos.sy","type":"ease"},{"var":"vfx.canvPos.sx","start":1.25,"time":297,"value":1,"angle":213.75,"duration":1,"type":"ease"},{"duration":1,"start":1.25,"time":297,"value":1,"angle":202.5,"var":"vfx.canvPos.sy","type":"ease"},{"var":"vfx.canvPos.sx","start":1.25,"time":298,"value":1,"angle":213.75,"duration":1,"type":"ease"},{"duration":1,"start":1.25,"time":298,"value":1,"angle":202.5,"var":"vfx.canvPos.sy","type":"ease"},{"var":"vfx.canvPos.sx","start":1.25,"time":299,"value":1,"type":"ease","duration":1,"angle":213.75},{"duration":1,"start":1.25,"time":299,"value":1,"angle":202.5,"var":"vfx.canvPos.sy","type":"ease"},{"duration":4,"g":255,"color":1,"type":"setColor","b":255,"r":255,"angle":326.25,"time":300},{"g":0,"type":"setColor","time":310,"r":195,"b":65,"color":0,"angle":326.25},{"g":0,"type":"setColor","time":310,"r":0,"b":0,"color":1,"angle":337.5},{"g":255,"angle":337.5,"time":311,"r":255,"b":255,"color":1,"type":"setColor"}],"metadata":{"description":"NOT RECOMMENDED TO NEWBIES!!!\n\nidk what i can say, so...\nC.A.T.\n\n(Mechanics used: Jumpbeats\nand Mines)","difficulty":15,"bg":true,"songName":"Cat Loving","artist":"Kashii Moimi feat. KAFU (Remix by kageminori)","charter":"Ratøri","artistLink":"","bgData":{"redChannel":{"g":31,"r":161,"b":70},"image":"Cat.png","greenChannel":{"g":121,"r":136,"b":133},"yellowChannel":{"g":219,"r":219,"b":219},"magentaChannel":{"g":255,"r":255,"b":255},"cyanChannel":{"g":143,"r":173,"b":160},"blueChannel":{"g":29,"r":33,"b":49}}},"properties":{"formatversion":13,"offset":8,"startBeat":0,"speed":70}}