[{"time":7,"type":"block","angle":337.5},{"time":18,"type":"block","angle":11.25},{"holdEase":"inQuad","angle":0,"angle2":-180,"duration":6,"time":7,"type":"hold","speedMult":0.5},{"angle":0,"time":71.5,"tap":true,"type":"block"},{"angle":0,"time":72,"tap":true,"type":"block"},{"angle":360,"time":74,"tap":true,"type":"block"},{"angle":22.5,"time":76.5,"tap":true,"type":"block"},{"angle":360,"time":71,"tap":true,"type":"block"},{"time":8,"type":"block","angle":337.5},{"time":7.5,"type":"block","angle":22.5},{"holdEase":"inQuad","angle":180,"angle2":0,"duration":2,"time":13,"type":"hold","speedMult":0.5},{"speedMult":0.5,"angle2":405,"type":"hold","time":15,"angle":360,"duration":6},{"time":15,"type":"block","angle":337.5},{"time":16.5,"type":"block","angle":22.5},{"time":17.5,"type":"block","angle":45},{"time":18.5,"type":"block","angle":56.25},{"time":16,"type":"block","angle":337.5},{"time":17,"type":"block","angle":348.75},{"time":15.5,"type":"block","angle":33.75},{"holdEase":"inBack","angle":45,"angle2":180,"duration":2,"time":21,"type":"hold","speedMult":0.5},{"holdEase":"outQuad","angle":180,"angle2":540,"duration":8,"time":23,"type":"hold","speedMult":0.5},{"time":23.5,"type":"block","angle":202.5},{"time":24,"type":"block","angle":292.5},{"time":24.5,"type":"block","angle":292.5},{"time":25,"type":"block","angle":0},{"time":25.5,"type":"block","angle":337.5},{"time":23,"type":"block","angle":191.25},{"time":23,"type":"block","angle":191.25},{"time":26,"type":"block","angle":56.25},{"time":26.5,"type":"block","angle":45},{"holdEase":"inQuad","angle":180,"angle2":0,"duration":7,"time":31,"type":"hold","speedMult":0.5},{"time":31,"type":"block","angle":191.25},{"time":31.5,"type":"block","angle":168.75},{"time":32,"type":"block","angle":191.25},{"time":32.5,"type":"block","angle":157.5},{"time":33,"type":"block","angle":191.25},{"time":33.5,"type":"block","angle":157.5},{"time":34,"type":"block","angle":168.75},{"time":34.5,"type":"block","angle":135},{"holdEase":"inOutQuart","angle":0,"angle2":-11.25,"duration":1,"time":38,"type":"hold","speedMult":0.5},{"speedMult":1.5,"time":39,"angle":315,"type":"extraTap"},{"time":39,"type":"block","angle":337.5},{"time":39.5,"type":"block","angle":326.25},{"time":40,"type":"block","angle":315},{"time":40,"type":"block","angle":315},{"time":40.5,"type":"block","angle":303.75},{"time":41,"type":"block","angle":292.5},{"time":41.5,"type":"block","angle":270},{"time":42,"type":"block","angle":292.5},{"time":42.5,"type":"block","angle":270},{"time":41,"type":"side","angle":247.5},{"time":42,"type":"inverse","angle":281.25},{"time":45,"type":"side","angle":45},{"time":46,"type":"side","angle":326.25},{"time":47,"type":"extraTap","angle":45},{"time":49,"type":"block","angle":360},{"time":49.5,"type":"block","angle":33.75},{"time":50,"type":"block","angle":11.25},{"angle":225,"angle2":90,"duration":6,"type":"mineHold","time":39},{"angle":90,"angle2":303.75,"duration":2,"type":"mineHold","time":45},{"angle":303.75,"angle2":90,"duration":6,"type":"mineHold","time":47},{"time":48.5,"type":"inverse","angle":11.25},{"holdEase":"inQuad","angle2":-90,"type":"mineHold","duration":2,"time":53,"angle":90},{"time":53,"type":"side","angle":225},{"time":54,"type":"side","angle":303.75},{"time":55,"type":"extraTap","angle":202.5},{"angle":270,"angle2":1710,"duration":16,"type":"mineHold","time":55},{"time":56.5,"type":"inverse","angle":225},{"time":57,"type":"block","angle":247.5},{"time":57.5,"type":"block","angle":292.5},{"time":58,"type":"block","angle":270},{"time":58.5,"type":"block","angle":326.25},{"angle":90,"angle2":810,"duration":8,"type":"mineHold","time":63},{"angle":0,"time":72.5,"tap":true,"type":"block"},{"angle":0,"time":74.5,"tap":true,"type":"block"},{"angle":11.25,"time":75.5,"tap":true,"type":"block"},{"angle":22.5,"time":77.25,"tap":true,"type":"block"},{"angle":45,"time":78.5,"tap":true,"type":"block"},{"angle":33.75,"time":78,"tap":true,"type":"block"},{"time":79.5,"type":"block","angle":56.25},{"time":81,"type":"block","angle":90},{"time":81.25,"type":"block","angle":101.25},{"time":81.5,"type":"block","angle":112.5},{"time":78,"type":"block","angle":33.75},{"time":79.5,"type":"block","angle":56.25},{"time":80,"type":"block","angle":67.5},{"time":82,"type":"block","angle":146.25},{"time":82.5,"type":"block","angle":168.75},{"time":84.5,"type":"block","angle":247.5},{"time":84.75,"type":"block","angle":258.75},{"time":83.5,"type":"block","angle":202.5},{"time":84,"type":"block","angle":236.25},{"time":85,"type":"block","angle":270},{"time":85.333335876465,"type":"block","angle":292.5},{"time":85.666664123535,"type":"block","angle":315},{"time":86,"type":"block","angle":337.5},{"time":86.333335876465,"type":"block","angle":348.75},{"time":86.666664123535,"type":"block","angle":0},{"angle":0,"time":87,"tap":true,"type":"block"},{"angle":0,"time":89,"tap":true,"type":"block"},{"angle":360,"time":91,"tap":true,"type":"block"},{"time":93,"type":"block","angle":0},{"angle":0,"time":93,"tap":true,"type":"block"},{"angle":360,"time":95,"tap":true,"type":"block"},{"angle":360,"time":96,"tap":true,"type":"block"},{"time":96.25,"type":"block","angle":348.75},{"angle":360,"time":97,"tap":true,"type":"block"},{"time":97.25,"type":"block","angle":11.25},{"angle":0,"time":98,"tap":true,"type":"block"},{"time":98.25,"type":"block","angle":348.75},{"time":99,"type":"extraTap","angle":360},{"time":81.5,"type":"inverse","angle":135},{"time":82,"type":"inverse","angle":157.5},{"time":83,"type":"inverse","angle":191.25},{"time":84.25,"type":"inverse","angle":247.5},{"time":84.5,"type":"inverse","angle":270},{"time":84.5,"type":"inverse","angle":270},{"time":85,"type":"inverse","angle":258.75},{"time":85.25,"type":"inverse","angle":281.25},{"time":85.5,"type":"inverse","angle":303.75},{"time":85.75,"type":"inverse","angle":326.25},{"time":86,"type":"inverse","angle":348.75},{"time":86.25,"type":"inverse","angle":11.25},{"time":86.5,"type":"inverse","angle":348.75},{"time":86.75,"type":"inverse","angle":11.25},{"time":87.25,"type":"inverse","angle":360},{"time":87.5,"type":"inverse","angle":11.25},{"time":87.75,"type":"inverse","angle":0},{"time":88,"type":"inverse","angle":348.75},{"time":88.25,"type":"inverse","angle":0},{"time":88.5,"type":"inverse","angle":11.25},{"time":88.75,"type":"inverse","angle":0},{"time":89.25,"type":"inverse","angle":348.75},{"time":89.5,"type":"inverse","angle":360},{"time":89.75,"type":"inverse","angle":11.25},{"time":90,"type":"inverse","angle":11.25},{"time":90.25,"type":"inverse","angle":360},{"time":90.5,"type":"inverse","angle":348.75},{"time":90.75,"type":"inverse","angle":360},{"time":91.25,"type":"inverse","angle":11.25},{"time":91.5,"type":"inverse","angle":360},{"time":91.75,"type":"inverse","angle":348.75},{"time":92,"type":"inverse","angle":360},{"time":92.25,"type":"inverse","angle":11.25},{"time":92.5,"type":"inverse","angle":0},{"time":92.75,"type":"inverse","angle":348.75},{"time":93.25,"type":"inverse","angle":0},{"time":93.5,"type":"inverse","angle":348.75},{"time":93.75,"type":"inverse","angle":11.25},{"time":94,"type":"inverse","angle":360},{"time":94.25,"type":"inverse","angle":348.75},{"time":94.5,"type":"inverse","angle":11.25},{"time":94.75,"type":"inverse","angle":0},{"time":95.25,"type":"block","angle":11.25},{"time":95.5,"type":"block","angle":33.75},{"time":95.75,"type":"block","angle":56.25},{"time":96.5,"type":"block","angle":326.25},{"time":97,"type":"block","angle":303.75},{"time":97.5,"type":"block","angle":33.75},{"time":97.75,"type":"block","angle":56.25},{"time":98.5,"type":"block","angle":326.25},{"time":98.75,"type":"block","angle":292.5},{"speedMult":5,"angle2":315,"type":"mineHold","time":99,"angle":191.25,"duration":4},{"speedMult":5,"angle2":45,"type":"mineHold","time":99,"angle":168.75,"duration":4},{"angle":360,"time":103,"tap":true,"type":"block"},{"time":136,"type":"block","angle":303.75},{"time":136.0625,"type":"block","angle":315},{"time":136.125,"type":"block","angle":330},{"time":136.1875,"type":"block","angle":345},{"time":136.25,"type":"block","angle":360},{"time":137,"type":"block","angle":258.75},{"time":137.0625,"type":"block","angle":267.1875},{"time":137.125,"type":"block","angle":279.375},{"time":137.1875,"type":"block","angle":291.5625},{"time":137.25,"type":"block","angle":303.75},{"time":138,"type":"block","angle":198.75},{"time":138.0625,"type":"block","angle":210},{"time":138.125,"type":"block","angle":219.375},{"time":138.1875,"type":"block","angle":231.5625},{"time":138.25,"type":"block","angle":243.75},{"time":137.3125,"type":"block","angle":315.9375},{"time":138.3125,"type":"block","angle":255.9375},{"time":138.375,"type":"block","angle":265.3125},{"time":139,"type":"block","angle":161.25},{"time":139.0625,"type":"block","angle":169.6875},{"time":139.125,"type":"block","angle":176.25},{"time":139.1875,"type":"block","angle":185.625},{"time":139.25,"type":"block","angle":195},{"time":139.3125,"type":"block","angle":204.375},{"time":139.375,"type":"block","angle":213.75},{"time":139.4375,"type":"block","angle":223.125},{"time":139.5,"type":"block","angle":232.5},{"time":140,"type":"block","angle":77.8125},{"time":140.0625,"type":"block","angle":86.25},{"time":140.125,"type":"block","angle":95.625},{"time":140.1875,"type":"block","angle":105},{"time":140.25,"type":"block","angle":117.1875},{"time":140.3125,"type":"block","angle":129.375},{"time":140.375,"type":"block","angle":144.375},{"time":140.4375,"type":"block","angle":156.5625},{"time":140.5,"type":"block","angle":171.5625},{"time":141,"type":"block","angle":41.25},{"time":141.0625,"type":"block","angle":52.5},{"time":141.125,"type":"block","angle":64.6875},{"time":141.1875,"type":"block","angle":79.6875},{"time":141.25,"type":"block","angle":94.6875},{"time":141.3125,"type":"block","angle":109.6875},{"time":141.3125,"type":"block","angle":109.6875},{"time":141.375,"type":"block","angle":124.6875},{"time":141.4375,"type":"block","angle":139.6875},{"time":141.5,"type":"block","angle":154.6875},{"time":142,"type":"block","angle":25.3125},{"time":142.0625,"type":"block","angle":36.5625},{"time":142.125,"type":"block","angle":51.5625},{"time":142.1875,"type":"block","angle":66.5625},{"time":142.25,"type":"block","angle":81.5625},{"time":142.3125,"type":"block","angle":96.5625},{"time":142.3125,"type":"block","angle":96.5625},{"time":142.375,"type":"block","angle":111.5625},{"time":142.4375,"type":"block","angle":126.5625},{"time":142.5,"type":"block","angle":141.5625},{"time":83.5,"type":"inverse","angle":210},{"time":84,"type":"inverse","angle":225},{"time":111,"type":"extraTap","angle":11.25},{"time":112,"type":"block","angle":303.75},{"time":112.0625,"type":"block","angle":315},{"time":112.125,"type":"block","angle":330},{"time":112.1875,"type":"block","angle":345},{"time":112.25,"type":"block","angle":360},{"time":113,"type":"block","angle":-292.5},{"time":113.0625,"type":"block","angle":-300.9375},{"time":113.125,"type":"block","angle":-313.125},{"time":113.1875,"type":"block","angle":-325.3125},{"time":113.25,"type":"block","angle":-337.5},{"time":114,"type":"block","angle":294.375},{"time":114.0625,"type":"block","angle":305.625},{"time":114.125,"type":"block","angle":315},{"time":114.1875,"type":"block","angle":327.1875},{"time":114.25,"type":"block","angle":339.375},{"time":113.3125,"type":"block","angle":-349.6875},{"time":114.3125,"type":"block","angle":351.5625},{"time":114.375,"type":"block","angle":360.9375},{"time":115,"type":"block","angle":-282.1875},{"time":115.0625,"type":"block","angle":-290.625},{"time":115.125,"type":"block","angle":-297.1875},{"time":115.1875,"type":"block","angle":-306.5625},{"time":115.25,"type":"block","angle":-315.9375},{"time":115.3125,"type":"block","angle":-325.3125},{"time":115.375,"type":"block","angle":-334.6875},{"time":115.4375,"type":"block","angle":-344.0625},{"time":115.5,"type":"block","angle":-353.4375},{"time":116,"type":"block","angle":280.3125},{"time":116.0625,"type":"block","angle":288.75},{"time":116.125,"type":"block","angle":298.125},{"time":116.1875,"type":"block","angle":307.5},{"time":116.25,"type":"block","angle":319.6875},{"time":116.3125,"type":"block","angle":331.875},{"time":116.375,"type":"block","angle":346.875},{"time":116.4375,"type":"block","angle":359.0625},{"time":116.5,"type":"block","angle":374.0625},{"time":117,"type":"block","angle":105},{"time":117.0625,"type":"block","angle":93.75},{"time":117.125,"type":"block","angle":81.5625},{"time":117.1875,"type":"block","angle":66.5625},{"time":117.25,"type":"block","angle":51.5625},{"time":117.3125,"type":"block","angle":36.5625},{"time":117.3125,"type":"block","angle":36.5625},{"time":117.375,"type":"block","angle":21.5625},{"time":117.4375,"type":"block","angle":6.5625},{"time":117.5,"type":"block","angle":-8.4375},{"time":118,"type":"block","angle":-109.6875},{"time":118.0625,"type":"block","angle":-98.4375},{"time":118.125,"type":"block","angle":-83.4375},{"time":118.1875,"type":"block","angle":-68.4375},{"time":118.25,"type":"block","angle":-53.4375},{"time":118.3125,"type":"block","angle":-38.4375},{"time":118.3125,"type":"block","angle":-38.4375},{"time":118.375,"type":"block","angle":-23.4375},{"time":118.4375,"type":"block","angle":-8.4375},{"time":118.5,"type":"block","angle":6.5625},{"time":120,"type":"side","angle":292.5},{"time":120.5,"type":"side","angle":22.5},{"time":121,"type":"side","angle":337.5},{"time":122,"type":"block","angle":0},{"time":122.25,"type":"block","angle":0},{"time":122.5,"type":"block","angle":0},{"time":122.75,"type":"block","angle":0},{"time":124,"type":"block","angle":315},{"time":125,"type":"block","angle":45},{"time":126,"type":"block","angle":303.75},{"time":124.25,"type":"inverse","angle":360},{"time":124.5,"type":"inverse","angle":0},{"time":124.75,"type":"inverse","angle":0},{"time":125.25,"type":"inverse","angle":56.25},{"time":125.5,"type":"inverse","angle":56.25},{"time":125.75,"type":"inverse","angle":56.25},{"time":126.25,"type":"inverse","angle":326.25},{"time":126.5,"type":"inverse","angle":326.25},{"time":126.75,"type":"inverse","angle":326.25},{"time":127,"type":"block","angle":360},{"time":128.5,"type":"block","angle":315},{"time":132,"type":"block","angle":360},{"time":128,"type":"block","angle":56.25},{"time":129,"type":"block","angle":393.75},{"time":130,"type":"block","angle":-45},{"time":131,"type":"block","angle":326.25},{"time":132.25,"type":"block","angle":0},{"time":132.5,"type":"block","angle":0},{"time":132.75,"type":"block","angle":360},{"time":127.5,"type":"inverse","angle":371.25},{"time":129.5,"type":"inverse","angle":0},{"time":130.5,"type":"inverse","angle":348.75},{"time":131.5,"type":"inverse","angle":360},{"angle":281.25,"angle2":101.25,"duration":2,"type":"mineHold","time":128},{"angle":101.25,"angle2":270,"duration":2,"type":"mineHold","time":130},{"angle":270,"angle2":56.25,"duration":1,"type":"mineHold","time":132},{"time":136,"type":"extraTap","angle":360},{"time":134,"type":"block","angle":0},{"time":104,"type":"block","angle":360},{"time":104.0625,"type":"block","angle":371.25},{"time":104.125,"type":"block","angle":386.25},{"time":104.1875,"type":"block","angle":401.25},{"time":104.25,"type":"block","angle":416.25},{"time":105,"type":"block","angle":416.25},{"time":105.0625,"type":"block","angle":424.6875},{"time":105.125,"type":"block","angle":436.875},{"time":105.1875,"type":"block","angle":449.0625},{"time":105.25,"type":"block","angle":461.25},{"time":106,"type":"block","angle":108.75},{"time":106.0625,"type":"block","angle":120},{"time":106.125,"type":"block","angle":129.375},{"time":106.1875,"type":"block","angle":141.5625},{"time":106.25,"type":"block","angle":153.75},{"time":105.3125,"type":"block","angle":473.4375},{"time":106.3125,"type":"block","angle":165.9375},{"time":106.375,"type":"block","angle":175.3125},{"time":107,"type":"block","angle":183.75},{"time":107.0625,"type":"block","angle":192.1875},{"time":107.125,"type":"block","angle":198.75},{"time":107.1875,"type":"block","angle":208.125},{"time":107.25,"type":"block","angle":217.5},{"time":107.3125,"type":"block","angle":226.875},{"time":107.375,"type":"block","angle":236.25},{"time":107.4375,"type":"block","angle":245.625},{"time":107.5,"type":"block","angle":255},{"time":108,"type":"block","angle":-102.1875},{"time":108.0625,"type":"block","angle":-93.75},{"time":108.125,"type":"block","angle":-84.375},{"time":108.1875,"type":"block","angle":-75},{"time":108.25,"type":"block","angle":-62.8125},{"time":108.3125,"type":"block","angle":-50.625},{"time":108.375,"type":"block","angle":-35.625},{"time":108.4375,"type":"block","angle":-23.4375},{"time":108.5,"type":"block","angle":-8.4375},{"time":109,"type":"block","angle":-3.75},{"time":109.0625,"type":"block","angle":7.5},{"time":109.125,"type":"block","angle":19.6875},{"time":109.1875,"type":"block","angle":34.6875},{"time":109.25,"type":"block","angle":49.6875},{"time":109.3125,"type":"block","angle":64.6875},{"time":109.3125,"type":"block","angle":64.6875},{"time":109.375,"type":"block","angle":79.6875},{"time":109.4375,"type":"block","angle":94.6875},{"time":109.5,"type":"block","angle":109.6875},{"time":110,"type":"block","angle":115.3125},{"time":110.0625,"type":"block","angle":126.5625},{"time":110.125,"type":"block","angle":141.5625},{"time":110.1875,"type":"block","angle":156.5625},{"time":110.25,"type":"block","angle":171.5625},{"time":110.3125,"type":"block","angle":186.5625},{"time":110.3125,"type":"block","angle":186.5625},{"time":110.375,"type":"block","angle":201.5625},{"time":110.4375,"type":"block","angle":216.5625},{"time":110.5,"type":"block","angle":231.5625},{"time":103,"type":"extraTap","angle":337.5},{"time":144,"type":"extraTap","angle":360},{"time":145,"type":"block","angle":-180},{"time":145.0625,"type":"block","angle":-191.25},{"time":145.125,"type":"block","angle":-206.25},{"time":145.1875,"type":"block","angle":-221.25},{"time":145.25,"type":"block","angle":-236.25},{"time":146,"type":"block","angle":-135},{"time":146.0625,"type":"block","angle":-143.4375},{"time":146.125,"type":"block","angle":-155.625},{"time":146.1875,"type":"block","angle":-167.8125},{"time":146.25,"type":"block","angle":-180},{"time":147,"type":"block","angle":-75},{"time":147.0625,"type":"block","angle":-86.25},{"time":147.125,"type":"block","angle":-95.625},{"time":147.1875,"type":"block","angle":-107.8125},{"time":147.25,"type":"block","angle":-120},{"time":146.3125,"type":"block","angle":-192.1875},{"time":147.3125,"type":"block","angle":-132.1875},{"time":147.375,"type":"block","angle":-141.5625},{"time":148,"type":"block","angle":-37.5},{"time":148.0625,"type":"block","angle":-45.9375},{"time":148.125,"type":"block","angle":-52.5},{"time":148.1875,"type":"block","angle":-61.875},{"time":148.25,"type":"block","angle":-71.25},{"time":148.3125,"type":"block","angle":-80.625},{"time":148.375,"type":"block","angle":-90},{"time":148.4375,"type":"block","angle":-99.375},{"time":148.5,"type":"block","angle":-108.75},{"time":149,"type":"block","angle":45.9375},{"time":149.0625,"type":"block","angle":37.5},{"time":149.125,"type":"block","angle":28.125},{"time":149.1875,"type":"block","angle":18.75},{"time":149.25,"type":"block","angle":6.5625},{"time":149.3125,"type":"block","angle":-5.625},{"time":149.375,"type":"block","angle":-20.625},{"time":149.4375,"type":"block","angle":-32.8125},{"time":149.5,"type":"block","angle":-47.8125},{"time":150,"type":"block","angle":82.5},{"time":150.0625,"type":"block","angle":71.25},{"time":150.125,"type":"block","angle":59.0625},{"time":150.1875,"type":"block","angle":44.0625},{"time":150.25,"type":"block","angle":29.0625},{"time":150.3125,"type":"block","angle":14.0625},{"time":150.3125,"type":"block","angle":14.0625},{"time":150.375,"type":"block","angle":-0.9375},{"time":150.4375,"type":"block","angle":-15.9375},{"time":150.5,"type":"block","angle":-30.9375},{"time":151,"type":"block","angle":98.4375},{"time":151.0625,"type":"block","angle":87.1875},{"time":151.125,"type":"block","angle":72.1875},{"time":151.1875,"type":"block","angle":57.1875},{"time":151.25,"type":"block","angle":42.1875},{"time":151.3125,"type":"block","angle":27.1875},{"time":151.3125,"type":"block","angle":27.1875},{"time":151.375,"type":"block","angle":12.1875},{"time":151.4375,"type":"block","angle":-2.8125},{"time":151.5,"type":"block","angle":-17.8125},{"holdEase":"inQuart","angle":0,"angle2":33.75,"duration":5,"time":152,"type":"hold","speedMult":5},{"holdEase":"inCubic","angle":33.75,"angle2":0,"duration":2,"time":157,"type":"hold","speedMult":5},{"holdEase":"inQuart","angle":0,"angle2":-33.75,"duration":5,"time":152,"type":"hold","speedMult":5},{"holdEase":"inCubic","angle":-33.75,"angle2":0,"duration":2,"time":157,"type":"hold","speedMult":5},{"speedMult":5,"angle2":450,"type":"hold","time":159,"angle":360,"duration":2},{"speedMult":5,"angle2":-90,"type":"hold","time":159,"angle":0,"duration":2},{"time":165,"type":"inverse","angle":-180},{"time":165.25,"type":"inverse","angle":-168.75},{"time":165.5,"type":"inverse","angle":-157.5},{"time":165.75,"type":"inverse","angle":-146.25},{"time":166,"type":"inverse","angle":-135},{"time":166.25,"type":"inverse","angle":-123.75},{"time":166.5,"type":"inverse","angle":-112.5},{"time":166.75,"type":"inverse","angle":-101.25},{"time":163,"type":"block","angle":0},{"time":165,"type":"inverse","angle":0},{"time":165.25,"type":"inverse","angle":11.25},{"time":165.5,"type":"inverse","angle":22.5},{"time":165.75,"type":"inverse","angle":33.75},{"time":166,"type":"inverse","angle":45},{"time":166.25,"type":"inverse","angle":56.25},{"time":166.5,"type":"inverse","angle":67.5},{"time":166.75,"type":"inverse","angle":78.75},{"time":167,"type":"block","angle":90},{"time":168,"type":"block","angle":90},{"time":169,"type":"block","angle":90},{"angle":270,"time":167,"tap":true,"type":"block"},{"time":172.5,"type":"inverse","angle":-135},{"time":172.75,"type":"inverse","angle":-112.5},{"time":173,"type":"inverse","angle":-90},{"time":172.5,"type":"inverse","angle":-315},{"time":172.75,"type":"inverse","angle":-292.5},{"time":173,"type":"inverse","angle":-270},{"time":175,"type":"block","angle":90},{"time":176,"type":"block","angle":90},{"time":178,"type":"block","angle":90},{"speedMult":0.5,"angle2":360,"type":"hold","time":3,"angle":0,"duration":4},{"time":8.5,"type":"block","angle":360},{"time":9,"type":"block","angle":315},{"time":10,"type":"block","angle":292.5},{"time":10.5,"type":"block","angle":315},{"time":9.5,"type":"block","angle":360},{"time":46.5,"type":"inverse","angle":360},{"time":50,"type":"side","angle":315},{"time":50.5,"type":"block","angle":292.5},{"time":58,"type":"side","angle":337.5},{"time":163.25,"type":"block","angle":0},{"time":163.5,"type":"block","angle":0},{"time":163.75,"type":"block","angle":-360},{"time":164,"type":"block","angle":0},{"time":164.25,"type":"block","angle":0},{"time":164.5,"type":"block","angle":0},{"time":164.75,"type":"block","angle":0},{"time":163.125,"type":"block","angle":180},{"time":163.375,"type":"block","angle":180},{"time":163.625,"type":"block","angle":180},{"time":163.875,"type":"block","angle":540},{"time":164.125,"type":"block","angle":180},{"time":164.375,"type":"block","angle":180},{"time":164.625,"type":"block","angle":180},{"time":164.875,"type":"block","angle":180},{"time":167.5,"type":"block","angle":67.5},{"time":168.5,"type":"block","angle":112.5},{"time":170.5,"type":"block","angle":112.5},{"time":171.5,"type":"block","angle":33.75},{"time":174.5,"type":"block","angle":123.75},{"time":175.5,"type":"block","angle":67.5},{"time":177,"type":"block","angle":135},{"time":178.5,"type":"block","angle":67.5},{"time":179,"type":"block","angle":45},{"angle":135,"time":183,"tap":true,"type":"block"},{"angle":315,"time":183,"tap":true,"type":"block"},{"angle":33.75,"time":184,"tap":true,"type":"block"},{"time":184,"type":"block","angle":213.75},{"angle":213.75,"time":184,"tap":true,"type":"block"},{"angle":326.25,"time":185,"tap":true,"type":"block"},{"angle":135,"time":185,"tap":true,"type":"block"},{"time":186,"type":"block","angle":225},{"time":186,"type":"block","angle":45},{"time":184,"type":"mine","angle":337.5},{"time":184,"type":"mine","angle":326.25},{"time":184,"type":"mine","angle":315},{"time":184,"type":"mine","angle":303.75},{"time":184,"type":"mine","angle":292.5},{"time":184,"type":"mine","angle":281.25},{"time":184,"type":"mine","angle":270},{"time":183,"type":"mine","angle":213.75},{"time":183,"type":"mine","angle":225},{"time":183,"type":"mine","angle":236.25},{"time":183,"type":"mine","angle":247.5},{"time":183,"type":"mine","angle":202.5},{"time":183,"type":"mine","angle":191.25},{"time":183,"type":"mine","angle":180},{"time":183,"type":"mine","angle":33.75},{"time":183,"type":"mine","angle":22.5},{"time":183,"type":"mine","angle":11.25},{"time":183,"type":"mine","angle":360},{"time":183,"type":"mine","angle":45},{"time":183,"type":"mine","angle":56.25},{"time":183,"type":"mine","angle":67.5},{"time":184,"type":"mine","angle":135},{"time":184,"type":"mine","angle":146.25},{"time":184,"type":"mine","angle":157.5},{"time":184,"type":"mine","angle":168.75},{"time":184,"type":"mine","angle":123.75},{"time":184,"type":"mine","angle":112.5},{"time":184,"type":"mine","angle":101.25},{"time":185,"type":"mine","angle":236.25},{"time":185,"type":"mine","angle":225},{"time":185,"type":"mine","angle":213.75},{"time":185,"type":"mine","angle":247.5},{"time":185,"type":"mine","angle":202.5},{"time":185,"type":"mine","angle":191.25},{"time":185,"type":"mine","angle":180},{"time":185,"type":"mine","angle":33.75},{"time":185,"type":"mine","angle":22.5},{"time":185,"type":"mine","angle":11.25},{"time":185,"type":"mine","angle":0},{"time":185,"type":"mine","angle":45},{"time":185,"type":"mine","angle":56.25},{"time":185,"type":"mine","angle":67.5},{"time":186.5,"type":"block","angle":236.25},{"time":186.5,"type":"block","angle":56.25},{"angle":258.75,"time":187,"tap":true,"type":"block"},{"angle":78.75,"time":187,"tap":true,"type":"block"},{"time":189,"type":"block","angle":90},{"time":189.5,"type":"block","angle":67.5},{"time":190,"type":"block","angle":33.75},{"time":190.5,"type":"block","angle":56.25},{"time":191,"type":"block","angle":90},{"speedMult":5,"time":190.16667175293,"angle":225,"type":"block"},{"speedMult":5,"time":190.33332824707,"angle":236.25,"type":"block"},{"time":195.25,"type":"inverse","angle":326.25},{"time":195.5,"type":"inverse","angle":326.25},{"time":195.75,"type":"inverse","angle":326.25},{"time":191.5,"type":"inverse","angle":247.5},{"time":192,"type":"block","angle":67.5},{"time":193,"type":"block","angle":303.75},{"time":194,"type":"block","angle":236.25},{"time":195,"type":"block","angle":123.75},{"time":192.25,"type":"inverse","angle":22.5},{"time":192.5,"type":"inverse","angle":22.5},{"time":192.75,"type":"inverse","angle":22.5},{"time":193.25,"type":"inverse","angle":247.5},{"time":193.5,"type":"inverse","angle":247.5},{"time":193.75,"type":"inverse","angle":247.5},{"time":194.25,"type":"inverse","angle":101.25},{"time":194.5,"type":"inverse","angle":101.25},{"time":194.75,"type":"inverse","angle":101.25},{"angle":292.5,"time":168,"tap":true,"type":"block"},{"time":169,"type":"block","angle":247.5},{"angle":315,"time":170,"tap":true,"type":"block"},{"angle":247.5,"time":169,"tap":true,"type":"block"},{"angle":281.25,"time":171,"tap":true,"type":"block"},{"angle":236.25,"time":172,"tap":true,"type":"block"},{"angle":281.25,"time":173,"tap":true,"type":"block"},{"angle":315,"time":174,"tap":true,"type":"block"},{"angle":247.5,"time":175,"tap":true,"type":"block"},{"angle":281.25,"time":176,"tap":true,"type":"block"},{"angle":303.75,"time":177,"tap":true,"type":"block"},{"angle":258.75,"time":178,"tap":true,"type":"block"},{"angle":213.75,"time":179,"tap":true,"type":"block"},{"angle":281.25,"time":180,"tap":true,"type":"block"},{"angle":78.75,"time":181,"tap":true,"type":"block"},{"angle":292.5,"time":182,"tap":true,"type":"block"},{"angle":315,"angle2":348.75,"duration":1,"type":"hold","time":196},{"angle":360,"angle2":382.5,"duration":1,"type":"hold","time":196.5},{"angle":22.5,"angle2":-22.5,"duration":1,"type":"hold","time":197},{"angle":348.75,"angle2":371.25,"duration":1,"type":"hold","time":197.5},{"angle":11.25,"angle2":-22.5,"duration":1,"type":"hold","time":198},{"speedMult":1.5,"time":200,"angle":360,"type":"extraTap"},{"speedMult":1.5,"time":201,"angle":360,"type":"extraTap"},{"speedMult":1.5,"time":202,"angle":0,"type":"extraTap"},{"speedMult":1.5,"time":201.5,"angle":0,"type":"extraTap"},{"speedMult":1.5,"time":200.5,"angle":360,"type":"extraTap"},{"speedMult":1.5,"time":202.5,"angle":0,"type":"extraTap"},{"speedMult":1.5,"time":203,"angle":0,"type":"extraTap"},{"speedMult":1.5,"time":203.5,"angle":0,"type":"extraTap"},{"speedMult":1.5,"time":204,"angle":0,"type":"extraTap"},{"speedMult":1.5,"time":204.5,"angle":0,"type":"extraTap"},{"speedMult":1.5,"time":205,"angle":0,"type":"extraTap"},{"speedMult":1.5,"time":205.5,"angle":0,"type":"extraTap"},{"speedMult":1.5,"time":206,"angle":0,"type":"extraTap"},{"speedMult":1.5,"time":206.5,"angle":0,"type":"extraTap"},{"speedMult":1.5,"time":207,"angle":0,"type":"extraTap"},{"time":199.5,"type":"block","angle":0},{"angle":90,"time":200,"tap":true,"type":"block"},{"angle":22.5,"time":201,"tap":true,"type":"block"},{"angle":112.5,"time":202,"tap":true,"type":"block"},{"speedMult":3,"time":205.5,"angle":-315,"type":"inverse"},{"speedMult":3,"time":205.75,"angle":56.25,"type":"inverse"},{"speedMult":3,"time":206,"angle":67.5,"type":"inverse"},{"time":208,"type":"block","angle":90},{"angle":45,"time":200.5,"tap":true,"type":"block"},{"angle":67.5,"time":201.5,"tap":true,"type":"block"},{"angle":112.5,"time":203.5,"tap":true,"type":"block"},{"angle":45,"time":204.5,"tap":true,"type":"block"},{"time":207.5,"type":"block","angle":123.75},{"time":208.5,"type":"block","angle":56.25},{"angle":157.5,"time":202.5,"tap":true,"type":"block"},{"angle":45,"time":205.5,"tap":true,"type":"block"},{"holdEase":"inQuad","angle2":258.75,"type":"hold","duration":0.75,"time":210,"angle":202.5},{"holdEase":"inQuad","angle2":157.5,"type":"hold","duration":0.75,"time":209,"angle":90},{"holdEase":"inQuad","angle2":123.75,"type":"hold","duration":2,"time":211,"angle":281.25},{"time":212,"type":"block","angle":258.75},{"time":212.25,"type":"block","angle":213.75},{"time":212.5,"type":"block","angle":180},{"time":212.75,"type":"block","angle":146.25},{"time":213,"type":"block","angle":112.5},{"time":213.25,"type":"block","angle":90},{"time":213.5,"type":"block","angle":67.5},{"time":213.75,"type":"block","angle":45},{"speedMult":2,"time":214.5,"angle":33.75,"type":"inverse"},{"speedMult":2,"time":214.75,"angle":11.25,"type":"inverse"},{"time":215,"type":"side","angle":337.5},{"angle":33.75,"time":216,"tap":true,"type":"side"},{"angle":326.25,"time":217,"tap":true,"type":"side"},{"angle":33.75,"time":218,"tap":true,"type":"side"},{"time":218.5,"type":"side","angle":337.5},{"angle":33.75,"time":219,"tap":true,"type":"block"},{"angle":146.25,"time":220,"tap":true,"type":"block"},{"angle":270,"time":221,"tap":true,"type":"block"},{"angle":33.75,"time":222,"tap":true,"type":"block"},{"time":222.5,"type":"block","angle":360},{"angle":315,"time":223,"tap":true,"type":"block"},{"angle":101.25,"time":224,"tap":true,"type":"block"},{"angle":213.75,"time":225,"tap":true,"type":"block"},{"angle":33.75,"angle2":-135,"duration":1,"type":"mineHold","time":223},{"angle":56.25,"angle2":168.75,"duration":1,"type":"mineHold","time":224},{"time":223,"type":"mine","angle":90},{"time":223.25,"type":"mine","angle":45},{"time":223.5,"type":"mine","angle":0},{"time":223.75,"type":"mine","angle":315},{"time":224,"type":"mine","angle":22.5},{"time":224.25,"type":"mine","angle":56.25},{"time":224.5,"type":"mine","angle":78.75},{"time":224.75,"type":"mine","angle":112.5},{"angle":258.75,"angle2":146.25,"duration":1,"type":"mineHold","time":225},{"time":225,"type":"mine","angle":281.25},{"time":225.25,"type":"mine","angle":258.75},{"time":225.5,"type":"mine","angle":236.25},{"time":225.75,"type":"mine","angle":213.75},{"angle":67.5,"time":226,"tap":true,"type":"block"},{"angle":326.25,"angle2":472.5,"duration":1,"type":"mineHold","time":226},{"time":226,"type":"mine","angle":292.5},{"time":226.25,"type":"mine","angle":326.25},{"time":226.5,"type":"mine","angle":360},{"time":226.75,"type":"mine","angle":33.75},{"angle":360,"angle2":1080,"duration":4,"type":"mineHold","time":227},{"time":227,"type":"block","angle":292.5},{"time":227.25,"type":"block","angle":337.5},{"time":227.5,"type":"block","angle":11.25},{"time":227.75,"type":"block","angle":45},{"time":228,"type":"block","angle":78.75},{"time":228.25,"type":"block","angle":112.5},{"time":228.5,"type":"block","angle":146.25},{"time":228.75,"type":"block","angle":168.75},{"time":229,"type":"block","angle":202.5},{"time":229.25,"type":"block","angle":236.25},{"time":229.5,"type":"block","angle":270},{"time":229.75,"type":"block","angle":303.75},{"time":230,"type":"block","angle":337.5},{"time":230.25,"type":"block","angle":11.25},{"time":230.5,"type":"block","angle":33.75},{"time":230.75,"type":"block","angle":56.25},{"speedMult":0.40000000596046,"time":231,"angle":33.75,"type":"extraTap"},{"holdEase":"inOutSine","angle2":33.75,"type":"hold","duration":1,"time":238,"angle":0},{"holdEase":"inQuad","angle2":191.25,"type":"hold","duration":6,"time":239,"angle":33.75},{"holdEase":"outQuad","angle2":101.25,"type":"hold","duration":2,"time":245,"angle":191.25},{"holdEase":"inOutQuad","angle2":-517.5,"type":"hold","duration":14,"time":247,"angle":101.25},{"holdEase":"inQuad","angle2":258.75,"type":"hold","duration":2,"time":261,"angle":202.5},{"holdEase":"inOutSine","angle2":393.75,"type":"hold","duration":6,"time":263,"angle":258.75},{"holdEase":"inCubic","angle2":123.75,"type":"hold","duration":2,"time":269,"angle":33.75},{"holdEase":"outBack","angle2":-135,"type":"hold","duration":6,"time":271,"angle":123.75},{"holdEase":"inOutCirc","angle2":292.5,"type":"hold","duration":2,"time":277,"angle":225},{"holdEase":"inSine","angle2":607.5,"type":"hold","duration":4,"time":279,"angle":292.5},{"holdEase":"outQuad","angle2":112.5,"type":"hold","duration":2,"time":283,"angle":247.5},{"angle":112.5,"angle2":202.5,"duration":2,"type":"hold","time":285},{"holdEase":"inCubic","angle2":641.25,"type":"hold","duration":4,"time":287,"angle":202.5},{"holdEase":"inOutQuad","angle2":247.5,"type":"hold","duration":2,"time":291,"angle":281.25},{"holdEase":"outBack","angle2":303.75,"type":"hold","duration":2,"time":293,"angle":247.5},{"holdEase":"inQuad","angle2":101.25,"type":"hold","duration":6,"time":295,"angle":-56.25},{"holdEase":"outQuad","angle2":11.25,"type":"hold","duration":2,"time":301,"angle":101.25},{"holdEase":"inOutQuad","angle2":-337.5,"type":"hold","duration":6,"time":303,"angle":11.25},{"holdEase":"inCubic","angle2":33.75,"type":"hold","duration":2,"time":325,"angle":-56.25},{"holdEase":"outBack","angle2":-225,"type":"hold","duration":6,"time":327,"angle":33.75},{"holdEase":"inOutCirc","angle2":202.5,"type":"hold","duration":2,"time":333,"angle":135},{"angle":202.5,"angle2":742.5,"duration":6,"type":"hold","time":335},{"angle":22.5,"angle2":112.5,"duration":2,"type":"hold","time":341},{"holdEase":"inCubic","angle2":573.75,"type":"hold","duration":8,"time":343,"angle":112.5},{"holdEase":"outQuad","angle2":-495,"type":"hold","duration":8,"time":351,"angle":213.75},{"holdEase":"outBack","angle2":-123.75,"type":"hold","duration":2,"time":309,"angle":22.5},{"holdEase":"inCubic","angle2":-416.25,"type":"hold","duration":14,"time":311,"angle":236.25},{"time":239,"type":"mine","angle":315},{"time":240.5,"type":"mine","angle":180},{"time":242,"type":"mine","angle":258.75},{"time":243,"type":"mine","angle":0},{"time":247,"type":"mine","angle":0},{"time":248,"type":"mine","angle":315},{"time":249,"type":"mine","angle":270},{"time":249.5,"type":"mine","angle":247.5},{"time":248.5,"type":"mine","angle":292.5},{"time":247.5,"type":"mine","angle":337.5},{"time":256,"type":"mine","angle":292.5},{"time":256.5,"type":"mine","angle":258.75},{"time":257,"type":"mine","angle":225},{"time":257.5,"type":"mine","angle":202.5},{"time":258,"type":"mine","angle":157.5},{"time":258.5,"type":"mine","angle":123.75},{"time":263,"type":"mine","angle":315},{"time":264.5,"type":"mine","angle":56.25},{"time":266,"type":"mine","angle":146.25},{"time":271,"type":"mine","angle":303.75},{"time":272.5,"type":"mine","angle":56.25},{"time":274,"type":"mine","angle":180},{"time":279,"type":"mine","angle":337.5},{"time":280.5,"type":"mine","angle":67.5},{"time":282,"type":"mine","angle":33.75},{"time":287,"type":"mine","angle":101.25},{"time":287.5,"type":"mine","angle":135},{"time":288,"type":"mine","angle":168.75},{"time":288,"type":"mine","angle":168.75},{"time":288.5,"type":"mine","angle":180},{"time":289,"type":"mine","angle":202.5},{"time":290.5,"type":"mine","angle":11.25},{"time":291,"type":"mine","angle":123.75},{"time":290,"type":"mine","angle":303.75},{"time":289.5,"type":"mine","angle":247.5},{"time":291.5,"type":"mine","angle":33.75},{"time":292,"type":"mine","angle":112.5},{"time":292.5,"type":"mine","angle":33.75},{"time":293,"type":"mine","angle":123.75},{"time":293.5,"type":"mine","angle":67.5},{"time":295,"type":"extraTap","angle":337.5},{"time":302,"type":"side","angle":0},{"time":301,"type":"side","angle":135},{"time":295,"type":"block","angle":270},{"time":296,"type":"block","angle":337.5},{"time":297,"type":"block","angle":315},{"time":297.5,"type":"block","angle":360},{"time":298,"type":"block","angle":22.5},{"time":298.5,"type":"block","angle":45},{"time":303,"type":"block","angle":360},{"time":304,"type":"block","angle":22.5},{"time":305,"type":"block","angle":270},{"time":305.5,"type":"block","angle":225},{"time":306,"type":"block","angle":180},{"time":306.5,"type":"block","angle":112.5},{"time":311,"type":"block","angle":202.5},{"time":311.5,"type":"block","angle":270},{"time":312.5,"type":"block","angle":225},{"time":313,"type":"block","angle":247.5},{"time":313.5,"type":"block","angle":202.5},{"time":314,"type":"block","angle":270},{"time":314.5,"type":"block","angle":180},{"time":319,"type":"mine","angle":45},{"time":319.5,"type":"mine","angle":292.5},{"time":320,"type":"mine","angle":202.5},{"time":320.5,"type":"mine","angle":135},{"time":321,"type":"mine","angle":247.5},{"time":321.5,"type":"mine","angle":157.5},{"time":322,"type":"mine","angle":67.5},{"time":322.5,"type":"mine","angle":22.5},{"time":327,"type":"mine","angle":135},{"time":327.5,"type":"mine","angle":90},{"time":328,"type":"mine","angle":45},{"time":328.5,"type":"mine","angle":0},{"time":329,"type":"mine","angle":315},{"time":329.5,"type":"mine","angle":270},{"time":330,"type":"mine","angle":225},{"time":330.5,"type":"mine","angle":180},{"time":336,"type":"mine","angle":112.5},{"time":336.5,"type":"mine","angle":146.25},{"time":337,"type":"mine","angle":168.75},{"time":337.5,"type":"mine","angle":213.75},{"time":338,"type":"mine","angle":270},{"time":338.5,"type":"mine","angle":315},{"time":339,"type":"mine","angle":22.5},{"time":339.5,"type":"mine","angle":101.25},{"time":349,"type":"block","angle":303.75},{"time":349.25,"type":"block","angle":326.25},{"time":349.5,"type":"block","angle":348.75},{"time":349.75,"type":"block","angle":11.25},{"time":350,"type":"block","angle":33.75},{"time":350.25,"type":"block","angle":67.5},{"time":350.5,"type":"block","angle":112.5},{"time":350.75,"type":"block","angle":135},{"time":351,"type":"block","angle":202.5},{"time":351.25,"type":"block","angle":135},{"time":351.5,"type":"block","angle":78.75},{"time":351.75,"type":"block","angle":45},{"time":352,"type":"block","angle":22.5},{"time":352.25,"type":"block","angle":348.75},{"time":352.5,"type":"block","angle":315},{"time":352.75,"type":"block","angle":292.5},{"time":353,"type":"block","angle":225},{"time":353.5,"type":"block","angle":225},{"time":353.5,"type":"block","angle":168.75},{"time":353.75,"type":"block","angle":123.75},{"time":354.25,"type":"block","angle":146.25},{"time":354,"type":"block","angle":101.25},{"time":354.5,"type":"block","angle":123.75},{"time":354.75,"type":"block","angle":90},{"time":355,"type":"block","angle":56.25},{"time":355.25,"type":"block","angle":348.75},{"time":355.5,"type":"block","angle":22.5},{"time":355.75,"type":"block","angle":326.25},{"time":356,"type":"block","angle":270},{"time":356.25,"type":"block","angle":292.5},{"time":356.5,"type":"block","angle":315},{"time":356.75,"type":"block","angle":292.5},{"time":357,"type":"block","angle":247.5},{"time":357.25,"type":"block","angle":281.25},{"time":357.5,"type":"block","angle":225},{"time":357.75,"type":"block","angle":258.75},{"time":343,"type":"mine","angle":33.75},{"time":343.5,"type":"mine","angle":337.5},{"time":344,"type":"mine","angle":281.25},{"time":344.5,"type":"mine","angle":337.5},{"time":345,"type":"mine","angle":281.25},{"time":345.5,"type":"mine","angle":247.5},{"time":346,"type":"mine","angle":281.25},{"time":346.5,"type":"mine","angle":303.75},{"time":359,"type":"extraTap","angle":11.25},{"time":359.5,"type":"extraTap","angle":11.25},{"time":360,"type":"extraTap","angle":11.25},{"time":360.5,"type":"extraTap","angle":11.25},{"time":362,"type":"extraTap","angle":11.25},{"time":362.5,"type":"extraTap","angle":11.25},{"time":363.5,"type":"extraTap","angle":11.25},{"time":365,"type":"extraTap","angle":11.25},{"time":364.5,"type":"extraTap","angle":11.25},{"time":365.75,"type":"extraTap","angle":11.25},{"time":366.5,"type":"extraTap","angle":11.25},{"time":367.5,"type":"extraTap","angle":11.25},{"time":368,"type":"extraTap","angle":11.25},{"time":309,"type":"side","angle":315},{"time":310,"type":"side","angle":202.5},{"time":333,"type":"side","angle":90},{"time":334,"type":"side","angle":180},{"time":362,"type":"mine","angle":652.5},{"time":362,"type":"mine","angle":630},{"time":362,"type":"mine","angle":607.5},{"time":362,"type":"mine","angle":585},{"time":362,"type":"mine","angle":562.5},{"time":362,"type":"mine","angle":540},{"time":362,"type":"mine","angle":517.5},{"time":362,"type":"mine","angle":495},{"time":362,"type":"mine","angle":472.5},{"time":362,"type":"mine","angle":450},{"time":362.5,"type":"mine","angle":292.5},{"time":362.5,"type":"mine","angle":270},{"time":362.5,"type":"mine","angle":247.5},{"time":362.5,"type":"mine","angle":225},{"time":362.5,"type":"mine","angle":202.5},{"time":362.5,"type":"mine","angle":180},{"time":362.5,"type":"mine","angle":157.5},{"time":362.5,"type":"mine","angle":135},{"time":362.5,"type":"mine","angle":112.5},{"time":362.5,"type":"mine","angle":90},{"time":363.5,"type":"mine","angle":337.5},{"time":363.5,"type":"mine","angle":315},{"time":363.5,"type":"mine","angle":292.5},{"time":363.5,"type":"mine","angle":270},{"time":363.5,"type":"mine","angle":247.5},{"time":363.5,"type":"mine","angle":225},{"time":363.5,"type":"mine","angle":202.5},{"time":363.5,"type":"mine","angle":180},{"time":363.5,"type":"mine","angle":157.5},{"time":363.5,"type":"mine","angle":135},{"time":364.5,"type":"mine","angle":630},{"time":364.5,"type":"mine","angle":607.5},{"time":364.5,"type":"mine","angle":585},{"time":364.5,"type":"mine","angle":562.5},{"time":364.5,"type":"mine","angle":540},{"time":364.5,"type":"mine","angle":517.5},{"time":364.5,"type":"mine","angle":495},{"time":364.5,"type":"mine","angle":472.5},{"time":364.5,"type":"mine","angle":450},{"time":364.5,"type":"mine","angle":427.5},{"time":365,"type":"mine","angle":292.5},{"time":365,"type":"mine","angle":270},{"time":365,"type":"mine","angle":247.5},{"time":365,"type":"mine","angle":225},{"time":365,"type":"mine","angle":202.5},{"time":365,"type":"mine","angle":180},{"time":365,"type":"mine","angle":157.5},{"time":365,"type":"mine","angle":135},{"time":365,"type":"mine","angle":112.5},{"time":365,"type":"mine","angle":90},{"time":365.75,"type":"mine","angle":607.5},{"time":365.75,"type":"mine","angle":585},{"time":365.75,"type":"mine","angle":562.5},{"time":365.75,"type":"mine","angle":540},{"time":365.75,"type":"mine","angle":517.5},{"time":365.75,"type":"mine","angle":495},{"time":365.75,"type":"mine","angle":472.5},{"time":365.75,"type":"mine","angle":450},{"time":365.75,"type":"mine","angle":427.5},{"time":365.75,"type":"mine","angle":405},{"time":366.5,"type":"mine","angle":652.5},{"time":366.5,"type":"mine","angle":630},{"time":366.5,"type":"mine","angle":607.5},{"time":366.5,"type":"mine","angle":585},{"time":366.5,"type":"mine","angle":562.5},{"time":366.5,"type":"mine","angle":540},{"time":366.5,"type":"mine","angle":517.5},{"time":366.5,"type":"mine","angle":495},{"time":366.5,"type":"mine","angle":472.5},{"time":366.5,"type":"mine","angle":450},{"time":367.5,"type":"mine","angle":697.5},{"time":367.5,"type":"mine","angle":675},{"time":367.5,"type":"mine","angle":652.5},{"time":367.5,"type":"mine","angle":630},{"time":367.5,"type":"mine","angle":607.5},{"time":367.5,"type":"mine","angle":585},{"time":367.5,"type":"mine","angle":562.5},{"time":367.5,"type":"mine","angle":540},{"time":367.5,"type":"mine","angle":517.5},{"time":367.5,"type":"mine","angle":495},{"time":368,"type":"mine","angle":708.75},{"time":368,"type":"mine","angle":686.25},{"time":368,"type":"mine","angle":663.75},{"time":368,"type":"mine","angle":641.25},{"time":368,"type":"mine","angle":618.75},{"time":368,"type":"mine","angle":596.25},{"time":368,"type":"mine","angle":573.75},{"time":368,"type":"mine","angle":551.25},{"time":368,"type":"mine","angle":528.75},{"time":368,"type":"mine","angle":506.25},{"time":369,"type":"block","angle":33.75},{"time":369.25,"type":"block","angle":56.25},{"time":369.5,"type":"block","angle":78.75},{"time":370,"type":"block","angle":135},{"time":370.5,"type":"block","angle":90},{"time":372,"type":"block","angle":348.75},{"time":371.5,"type":"block","angle":33.75},{"time":372.5,"type":"block","angle":292.5},{"time":373,"type":"block","angle":337.5},{"time":372.75,"type":"block","angle":315},{"time":373.33334350586,"type":"block","angle":22.5},{"time":373.66665649414,"type":"block","angle":67.5},{"time":374,"type":"block","angle":101.25},{"time":374.33334350586,"type":"block","angle":45},{"time":374.66665649414,"type":"block","angle":22.5},{"time":375,"type":"block","angle":-11.25},{"time":375.5,"type":"block","angle":0},{"angle":45,"time":377,"tap":true,"type":"block"},{"angle":213.75,"time":379,"tap":true,"type":"block"},{"time":377,"type":"block","angle":22.5},{"time":377,"type":"block","angle":67.5},{"time":379,"type":"block","angle":202.5},{"time":379,"type":"block","angle":225},{"angle":326.25,"time":381,"tap":true,"type":"block"},{"time":381,"type":"block","angle":315},{"time":381,"type":"block","angle":337.5},{"time":383,"type":"extraTap","angle":56.25},{"time":384,"type":"extraTap","angle":22.5},{"time":385,"type":"extraTap","angle":-168.75},{"time":386,"type":"extraTap","angle":-135},{"angle":371.25,"time":383,"tap":true,"type":"block"},{"angle":337.5,"time":384,"tap":true,"type":"block"},{"time":384.25,"type":"block","angle":326.25},{"angle":-483.75,"time":385,"tap":true,"type":"block"},{"time":385.25,"type":"block","angle":-135},{"angle":-90,"time":386,"tap":true,"type":"block"},{"time":386.25,"type":"block","angle":-438.75},{"time":387,"type":"extraTap","angle":360},{"time":383.25,"type":"block","angle":22.5},{"time":383.5,"type":"block","angle":45},{"time":383.75,"type":"block","angle":67.5},{"time":384.5,"type":"block","angle":303.75},{"time":385.5,"type":"block","angle":-157.5},{"time":385.75,"type":"block","angle":-180},{"time":386.5,"type":"block","angle":-416.25},{"time":386.75,"type":"block","angle":-382.5},{"speedMult":5,"angle2":315,"type":"mineHold","time":387,"angle":191.25,"duration":4},{"speedMult":5,"angle2":45,"type":"mineHold","time":387,"angle":168.75,"duration":4},{"time":384.75,"type":"block","angle":281.25},{"angle":180,"angle2":180,"duration":1.5,"type":"mineHold","time":390.25},{"holdEase":"outCubic","angle2":191.25,"type":"mineHold","duration":0.25,"time":389,"angle":180},{"holdEase":"outCubic","angle2":168.75,"type":"mineHold","duration":0.25,"time":389,"angle":180},{"angle":168.75,"angle2":191.25,"duration":0.5,"type":"mineHold","time":389.25},{"angle":191.25,"angle2":168.75,"duration":0,"type":"mineHold","time":389.75},{"holdEase":"outCubic","angle2":191.25,"type":"mineHold","duration":0.25,"time":387.75,"angle":180},{"holdEase":"outCubic","angle2":168.75,"type":"mineHold","duration":0.25,"time":387.75,"angle":180},{"holdEase":"inCubic","angle2":180,"type":"mineHold","duration":0.25,"time":388,"angle":168.75},{"holdEase":"outCubic","angle2":168.75,"type":"mineHold","duration":0.25,"time":388.25,"angle":180},{"holdEase":"inCubic","angle2":180,"type":"mineHold","duration":0.25,"time":388.5,"angle":191.25},{"holdEase":"inCubic","angle2":180,"type":"mineHold","duration":0.25,"time":388.5,"angle":168.75},{"time":388,"type":"block","angle":360},{"time":389,"type":"block","angle":360},{"time":390,"type":"block","angle":0},{"time":391,"type":"block","angle":22.5},{"time":391.25,"type":"block","angle":337.5},{"time":391.5,"type":"block","angle":11.25},{"time":391.75,"type":"block","angle":348.75},{"time":392,"type":"block","angle":326.25},{"time":392.5,"type":"block","angle":22.5},{"time":392.25,"type":"block","angle":348.75},{"time":392.5,"type":"block","angle":326.25},{"time":392.75,"type":"block","angle":270},{"time":393,"type":"block","angle":67.5},{"time":393.25,"type":"block","angle":337.5},{"time":393.5,"type":"block","angle":247.5},{"time":393.75,"type":"block","angle":281.25},{"time":394,"type":"block","angle":213.75},{"time":394.25,"type":"block","angle":236.25},{"time":394.5,"type":"block","angle":202.5},{"time":394.75,"type":"block","angle":168.75},{"time":395,"type":"block","angle":247.5},{"time":395.25,"type":"block","angle":202.5},{"time":395.5,"type":"block","angle":123.75},{"time":395.75,"type":"block","angle":157.5},{"time":396,"type":"block","angle":112.5},{"time":396.25,"type":"block","angle":157.5},{"time":396.5,"type":"block","angle":67.5},{"time":396.75,"type":"block","angle":112.5},{"time":397,"type":"block","angle":78.75},{"time":397.25,"type":"block","angle":33.75},{"time":397.5,"type":"block","angle":348.75},{"time":397.75,"type":"block","angle":303.75},{"time":398,"type":"block","angle":360},{"time":398.25,"type":"block","angle":33.75},{"time":398.5,"type":"block","angle":67.5},{"time":398.75,"type":"block","angle":112.5},{"time":399,"type":"block","angle":67.5},{"time":399.25,"type":"block","angle":33.75},{"time":399.5,"type":"block","angle":101.25},{"time":399.75,"type":"block","angle":146.25},{"time":400,"type":"block","angle":78.75},{"time":400.25,"type":"block","angle":123.75},{"time":400.5,"type":"block","angle":168.75},{"time":400.75,"type":"block","angle":135},{"time":401,"type":"block","angle":191.25},{"time":401.25,"type":"block","angle":225},{"time":401.5,"type":"block","angle":202.5},{"time":401.75,"type":"block","angle":258.75},{"time":402,"type":"block","angle":281.25},{"time":402.25,"type":"block","angle":270},{"time":402.5,"type":"block","angle":315},{"time":402.75,"type":"block","angle":348.75},{"time":395,"type":"block","angle":427.5},{"time":395.25,"type":"block","angle":382.5},{"time":395.5,"type":"block","angle":303.75},{"time":395.75,"type":"block","angle":337.5},{"time":396,"type":"block","angle":292.5},{"time":396.25,"type":"block","angle":337.5},{"time":396.5,"type":"block","angle":247.5},{"time":396.75,"type":"block","angle":292.5},{"time":397,"type":"block","angle":258.75},{"time":397.25,"type":"block","angle":213.75},{"time":397.5,"type":"block","angle":528.75},{"time":397.75,"type":"block","angle":483.75},{"time":398,"type":"block","angle":540},{"time":398.25,"type":"block","angle":213.75},{"time":398.5,"type":"block","angle":247.5},{"time":398.75,"type":"block","angle":292.5},{"time":399,"type":"block","angle":247.5},{"time":399.25,"type":"block","angle":213.75},{"time":399.5,"type":"block","angle":281.25},{"time":399.75,"type":"block","angle":326.25},{"time":400,"type":"block","angle":258.75},{"time":400.25,"type":"block","angle":303.75},{"time":400.5,"type":"block","angle":348.75},{"time":400.75,"type":"block","angle":315},{"time":401,"type":"block","angle":371.25},{"time":401.25,"type":"block","angle":405},{"time":401.5,"type":"block","angle":382.5},{"time":401.75,"type":"block","angle":438.75},{"time":402,"type":"block","angle":461.25},{"time":402.25,"type":"block","angle":450},{"time":402.5,"type":"block","angle":495},{"time":402.75,"type":"block","angle":168.75},{"time":403,"type":"extraTap","angle":0},{"angle":326.25,"angle2":360,"duration":3,"type":"hold","time":404},{"angle":33.75,"angle2":0,"duration":2,"type":"hold","time":405},{"angle":360,"angle2":360,"duration":1,"type":"hold","time":406},{"time":407,"type":"block","angle":22.5},{"time":408,"type":"block","angle":22.5},{"time":409,"type":"block","angle":22.5},{"angle":202.5,"time":407,"tap":true,"type":"block"},{"time":412.5,"type":"inverse","angle":-202.5},{"time":412.75,"type":"inverse","angle":-180},{"time":413,"type":"inverse","angle":-157.5},{"time":412.5,"type":"inverse","angle":-382.5},{"time":412.75,"type":"inverse","angle":-360},{"time":413,"type":"inverse","angle":-337.5},{"time":415,"type":"block","angle":22.5},{"time":416,"type":"block","angle":22.5},{"time":418,"type":"block","angle":22.5},{"time":407.5,"type":"block","angle":0},{"time":408.5,"type":"block","angle":45},{"time":410.5,"type":"block","angle":45},{"time":411.5,"type":"block","angle":-33.75},{"time":414.5,"type":"block","angle":56.25},{"time":415.5,"type":"block","angle":0},{"time":417,"type":"block","angle":67.5},{"time":418.5,"type":"block","angle":0},{"time":419,"type":"block","angle":-22.5},{"angle":67.5,"time":423,"tap":true,"type":"block"},{"angle":247.5,"time":423,"tap":true,"type":"block"},{"angle":-33.75,"time":424,"tap":true,"type":"block"},{"time":424,"type":"block","angle":146.25},{"angle":146.25,"time":424,"tap":true,"type":"block"},{"angle":258.75,"time":425,"tap":true,"type":"block"},{"angle":67.5,"time":425,"tap":true,"type":"block"},{"time":426,"type":"block","angle":157.5},{"time":426,"type":"block","angle":-22.5},{"time":426.5,"type":"block","angle":168.75},{"time":426.5,"type":"block","angle":-11.25},{"angle":191.25,"time":427,"tap":true,"type":"block"},{"angle":11.25,"time":427,"tap":true,"type":"block"},{"angle":225,"time":408,"tap":true,"type":"block"},{"time":409,"type":"block","angle":180},{"angle":247.5,"time":410,"tap":true,"type":"block"},{"angle":180,"time":409,"tap":true,"type":"block"},{"angle":213.75,"time":411,"tap":true,"type":"block"},{"angle":168.75,"time":412,"tap":true,"type":"block"},{"angle":213.75,"time":413,"tap":true,"type":"block"},{"angle":247.5,"time":414,"tap":true,"type":"block"},{"angle":180,"time":415,"tap":true,"type":"block"},{"angle":213.75,"time":416,"tap":true,"type":"block"},{"angle":236.25,"time":417,"tap":true,"type":"block"},{"angle":191.25,"time":418,"tap":true,"type":"block"},{"angle":146.25,"time":419,"tap":true,"type":"block"},{"angle":213.75,"time":420,"tap":true,"type":"block"},{"angle":11.25,"time":421,"tap":true,"type":"block"},{"angle":225,"time":422,"tap":true,"type":"block"},{"angle":315,"angle2":281.25,"duration":1,"type":"mineHold","time":407},{"angle":123.75,"angle2":90,"duration":1,"type":"mineHold","time":408},{"angle":-438.75,"angle2":-405,"duration":1,"type":"mineHold","time":409},{"angle":315,"angle2":281.25,"duration":1,"type":"mineHold","time":410},{"angle":483.75,"angle2":450,"duration":1,"type":"mineHold","time":412},{"angle":292.5,"angle2":258.75,"duration":1,"type":"mineHold","time":420},{"angle":461.25,"angle2":427.5,"duration":1,"type":"mineHold","time":421},{"angle":146.25,"angle2":112.5,"duration":1,"type":"mineHold","time":423},{"angle":315,"angle2":281.25,"duration":1,"type":"mineHold","time":422},{"time":424.5,"type":"block","angle":281.25},{"time":424.75,"type":"block","angle":270},{"time":424.5,"type":"block","angle":90},{"time":424.75,"type":"block","angle":78.75},{"time":428,"type":"block","angle":326.25},{"time":428.5,"type":"block","angle":0},{"time":429,"type":"block","angle":22.5},{"time":430.5,"type":"side","angle":45},{"time":431,"type":"side","angle":303.75},{"time":431.25,"type":"block","angle":315},{"time":431.5,"type":"block","angle":348.75},{"time":431.75,"type":"block","angle":337.5},{"time":432,"type":"block","angle":0},{"time":432.25,"type":"block","angle":33.75},{"time":432.5,"type":"block","angle":11.25},{"time":432.75,"type":"block","angle":45},{"time":433,"type":"block","angle":33.75},{"time":436.5,"type":"extraTap","angle":348.75},{"time":437,"type":"extraTap","angle":348.75},{"time":434,"type":"extraTap","angle":337.5},{"time":435,"type":"extraTap","angle":0},{"time":435.75,"type":"extraTap","angle":360},{"angle":270,"angle2":202.5,"duration":1.75,"type":"mineHold","time":434.25},{"angle":90,"angle2":157.5,"duration":2,"type":"mineHold","time":435.5},{"angle":270,"angle2":326.25,"duration":1,"type":"mineHold","time":436.25},{"time":438.5,"type":"block","angle":45},{"time":438.75,"type":"block","angle":67.5},{"angle":78.75,"time":439,"tap":true,"type":"block"},{"time":440,"type":"block","angle":78.75},{"time":440.5,"type":"block","angle":78.75},{"time":441.5,"type":"block","angle":33.75},{"time":441.75,"type":"block","angle":11.25},{"angle":360,"time":442,"tap":true,"type":"block"},{"time":443,"type":"block","angle":315},{"time":443.5,"type":"block","angle":337.5},{"time":444.5,"type":"block","angle":213.75},{"time":444.75,"type":"block","angle":191.25},{"angle":180,"time":445,"tap":true,"type":"block"},{"time":446,"type":"block","angle":146.25},{"time":446.25,"type":"block","angle":112.5},{"time":446.5,"type":"block","angle":123.75},{"time":446.75,"type":"block","angle":90},{"time":447,"type":"block","angle":56.25},{"time":447.25,"type":"block","angle":22.5},{"time":447.5,"type":"block","angle":33.75},{"time":447.75,"type":"block","angle":0},{"time":448,"type":"block","angle":315},{"time":448.25,"type":"block","angle":281.25},{"time":448.5,"type":"block","angle":292.5},{"time":448.75,"type":"block","angle":258.75},{"angle":348.75,"time":451,"tap":true,"type":"block"},{"time":451,"type":"block","angle":11.25},{"angle":78.75,"time":452,"tap":true,"type":"block"},{"time":452.5,"type":"block","angle":112.5},{"time":450.5,"type":"block","angle":303.75},{"angle":360,"angle2":360,"duration":2,"type":"mineHold","time":438.5},{"angle":315,"angle2":315,"duration":2,"type":"mineHold","time":438.5},{"angle":270,"angle2":270,"duration":2,"type":"mineHold","time":438.5},{"angle":225,"angle2":225,"duration":2,"type":"mineHold","time":438.5},{"angle":180,"angle2":180,"duration":2,"type":"mineHold","time":438.5},{"angle":135,"angle2":135,"duration":2,"type":"mineHold","time":438.5},{"angle":292.5,"angle2":292.5,"duration":2,"type":"mineHold","time":441.5},{"angle":247.5,"angle2":247.5,"duration":2,"type":"mineHold","time":441.5},{"angle":202.5,"angle2":202.5,"duration":2,"type":"mineHold","time":441.5},{"angle":157.5,"angle2":157.5,"duration":2,"type":"mineHold","time":441.5},{"angle":112.5,"angle2":112.5,"duration":2,"type":"mineHold","time":441.5},{"angle":67.5,"angle2":67.5,"duration":2,"type":"mineHold","time":441.5},{"angle":495,"angle2":495,"duration":0.75,"type":"mineHold","time":444.5},{"angle":450,"angle2":450,"duration":0.75,"type":"mineHold","time":444.5},{"angle":405,"angle2":405,"duration":0.75,"type":"mineHold","time":444.5},{"angle":360,"angle2":360,"duration":0.75,"type":"mineHold","time":444.5},{"angle":315,"angle2":315,"duration":0.75,"type":"mineHold","time":444.5},{"angle":270,"angle2":270,"duration":0.75,"type":"mineHold","time":444.5},{"time":454,"type":"block","angle":348.75},{"time":455,"type":"block","angle":0},{"time":455.5,"type":"block","angle":0},{"time":457,"type":"block","angle":0},{"time":457.5,"type":"block","angle":337.5},{"time":458.5,"type":"block","angle":0},{"time":459,"type":"block","angle":-337.5},{"time":459.5,"type":"block","angle":0},{"time":456,"type":"block","angle":360},{"time":460,"type":"block","angle":0},{"time":461,"type":"block","angle":0},{"time":461.5,"type":"block","angle":337.5},{"time":463,"type":"block","angle":0},{"angle":-33.75,"time":463.5,"endAngle":0,"type":"block"},{"angle":0,"time":465,"endAngle":0,"type":"block"},{"angle":337.5,"time":465.5,"endAngle":0,"type":"block"},{"angle":0,"time":466.5,"endAngle":0,"type":"block"},{"angle":-337.5,"time":467,"endAngle":0,"type":"block"},{"angle":56.25,"time":467.5,"endAngle":0,"type":"block"},{"angle":360,"time":464,"endAngle":0,"type":"block"},{"angle":0,"time":468,"endAngle":0,"type":"block"},{"angle":0,"time":469,"endAngle":0,"type":"block"},{"angle":337.5,"time":469.5,"endAngle":0,"type":"block"},{"time":463,"type":"inverse","angle":337.5},{"time":463.5,"type":"inverse","angle":11.25},{"time":464,"type":"inverse","angle":348.75},{"time":464.5,"type":"inverse","angle":45},{"time":465.5,"type":"inverse","angle":337.5},{"time":466,"type":"inverse","angle":33.75},{"time":466.5,"type":"inverse","angle":337.5},{"time":467,"type":"inverse","angle":11.25},{"time":467.5,"type":"inverse","angle":337.5},{"time":468,"type":"inverse","angle":11.25},{"time":468.5,"type":"inverse","angle":348.75},{"time":469,"type":"inverse","angle":22.5},{"time":469.5,"type":"inverse","angle":0},{"angle":315,"angle2":382.5,"duration":1,"type":"hold","time":471},{"angle":11.25,"angle2":-22.5,"duration":1,"type":"hold","time":472},{"angle":0,"angle2":22.5,"duration":1,"type":"hold","time":473},{"angle":348.75,"angle2":315,"duration":1,"type":"hold","time":474},{"time":475,"type":"block","angle":303.75},{"time":475.25,"type":"block","angle":281.25},{"time":475.5,"type":"block","angle":258.75},{"time":475.75,"type":"block","angle":236.25},{"time":476.25,"type":"block","angle":270},{"time":476.5,"type":"block","angle":292.5},{"time":477,"type":"block","angle":247.5},{"time":477.25,"type":"block","angle":225},{"time":477.5,"type":"block","angle":202.5},{"holdEase":"outQuad","type":"hold","angle2":315,"duration":1,"time":480,"startTap":true,"angle":348.75},{"holdEase":"inSine","angle2":236.25,"type":"hold","duration":1,"time":481,"angle":292.5},{"holdEase":"inOutQuad","angle2":270,"type":"hold","duration":1,"time":482,"angle":225},{"holdEase":"inCubic","angle2":202.5,"type":"hold","duration":1,"time":483,"angle":247.5},{"holdEase":"inQuad","type":"hold","angle2":393.75,"duration":1,"time":484,"startTap":true,"angle":225},{"angle":90,"angle2":-11.25,"duration":1,"type":"hold","time":485},{"holdEase":"inOutQuad","angle":45,"angle2":90,"type":"hold","duration":1,"time":486,"endTap":true},{"holdEase":"inCubic","angle2":-258.75,"type":"mineHold","duration":1.75,"time":477.5,"angle":56.25},{"angle":360,"angle2":652.5,"duration":2,"type":"mineHold","time":452.5},{"angle":348.75,"angle2":371.25,"duration":0,"type":"mineHold","time":456.5},{"angle":348.75,"angle2":371.25,"duration":0,"type":"mineHold","time":458},{"angle":348.75,"angle2":326.25,"duration":0,"type":"mineHold","time":459},{"angle":348.75,"angle2":371.25,"duration":0,"type":"mineHold","time":460.5},{"angle":225,"angle2":315,"duration":0,"type":"mineHold","time":487},{"time":487,"type":"block","angle":78.75},{"time":487,"type":"block","angle":101.25},{"time":488,"type":"block","angle":236.25},{"time":488.5,"type":"block","angle":270},{"time":489,"type":"block","angle":303.75},{"angle":0,"angle2":180,"duration":0,"type":"mineHold","time":490.5},{"angle":0,"angle2":-180,"duration":0,"type":"mineHold","time":491},{"time":492,"type":"block","angle":67.5},{"time":492.5,"type":"block","angle":45},{"angle":22.5,"time":493,"tap":true,"type":"block"},{"angle":315,"time":494.5,"tap":true,"type":"block"},{"angle":236.25,"time":495,"tap":true,"type":"block"},{"time":494.5,"type":"block","angle":303.75},{"time":494.5,"type":"block","angle":326.25},{"time":495,"type":"block","angle":247.5},{"time":495,"type":"block","angle":225},{"time":496,"type":"block","angle":236.25},{"time":496.25,"type":"block","angle":213.75},{"time":496.5,"type":"block","angle":180},{"time":496.75,"type":"block","angle":135},{"time":497,"type":"block","angle":168.75},{"time":497.25,"type":"block","angle":123.75},{"time":497.5,"type":"block","angle":101.25},{"time":497.75,"type":"block","angle":67.5},{"time":498,"type":"block","angle":90},{"time":498.25,"type":"block","angle":67.5},{"time":498.5,"type":"block","angle":45},{"time":498.75,"type":"block","angle":22.5},{"time":499,"type":"mine","angle":303.75},{"time":499,"type":"mine","angle":270},{"time":499,"type":"mine","angle":225},{"time":499,"type":"mine","angle":180},{"time":499,"type":"mine","angle":135},{"time":499,"type":"mine","angle":90},{"time":499,"type":"mine","angle":56.25},{"angle":326.25,"time":499,"tap":true,"type":"block"},{"angle":33.75,"time":499,"tap":true,"type":"block"},{"angle":360,"time":499,"tap":true,"type":"block"},{"angle":292.5,"time":500,"tap":true,"type":"block"},{"angle":315,"time":500,"tap":true,"type":"block"},{"angle":67.5,"time":500,"tap":true,"type":"block"},{"time":500,"type":"mine","angle":180},{"time":500,"type":"mine","angle":225},{"angle":45,"time":500,"tap":true,"type":"block"},{"time":500,"type":"mine","angle":270},{"time":500,"type":"mine","angle":247.5},{"time":500,"type":"mine","angle":202.5},{"time":500,"type":"mine","angle":157.5},{"time":500,"type":"mine","angle":135},{"time":500,"type":"mine","angle":112.5},{"time":500,"type":"mine","angle":90},{"time":500,"type":"mine","angle":0},{"time":500.75,"type":"block","angle":45},{"time":500.75,"type":"block","angle":67.5},{"time":501,"type":"block","angle":56.25},{"time":501,"type":"block","angle":78.75},{"time":501,"type":"block","angle":315},{"time":500.75,"type":"block","angle":303.75},{"time":501,"type":"block","angle":292.5},{"time":500.75,"type":"block","angle":281.25},{"time":500.75,"type":"mine","angle":270},{"time":501,"type":"mine","angle":270},{"time":501,"type":"mine","angle":247.5},{"time":500.75,"type":"mine","angle":247.5},{"time":500.75,"type":"mine","angle":225},{"time":501,"type":"mine","angle":225},{"time":500.75,"type":"mine","angle":202.5},{"time":501,"type":"mine","angle":202.5},{"time":500.75,"type":"mine","angle":180},{"time":501,"type":"mine","angle":180},{"time":500.75,"type":"mine","angle":157.5},{"time":501,"type":"mine","angle":157.5},{"time":500.75,"type":"mine","angle":135},{"time":501,"type":"mine","angle":135},{"time":500.75,"type":"mine","angle":112.5},{"time":501,"type":"mine","angle":112.5},{"time":500.75,"type":"mine","angle":90},{"time":501,"type":"mine","angle":90},{"time":501,"type":"mine","angle":360},{"time":500.75,"type":"mine","angle":348.75},{"angle":258.75,"angle2":101.25,"duration":0,"type":"mineHold","time":503},{"angle":258.75,"angle2":101.25,"duration":0,"type":"mineHold","time":505},{"angle":258.75,"angle2":101.25,"duration":0,"type":"mineHold","time":507},{"angle":258.75,"angle2":101.25,"duration":0,"type":"mineHold","time":509},{"angle":258.75,"angle2":101.25,"duration":0,"type":"mineHold","time":511},{"angle":258.75,"angle2":101.25,"duration":0,"type":"mineHold","time":513},{"angle":258.75,"angle2":101.25,"duration":0,"type":"mineHold","time":515},{"angle":258.75,"angle2":101.25,"duration":0,"type":"mineHold","time":517},{"angle":258.75,"angle2":101.25,"duration":0,"type":"mineHold","time":519},{"angle":258.75,"angle2":101.25,"duration":0,"type":"mineHold","time":521},{"angle":258.75,"angle2":101.25,"duration":0,"type":"mineHold","time":523},{"angle":258.75,"angle2":101.25,"duration":0,"type":"mineHold","time":525},{"angle":258.75,"angle2":101.25,"duration":0,"type":"mineHold","time":527},{"angle":258.75,"angle2":101.25,"duration":0,"type":"mineHold","time":529},{"angle":258.75,"angle2":101.25,"duration":0,"type":"mineHold","time":531},{"angle":258.75,"angle2":101.25,"duration":0,"type":"mineHold","time":533},{"angle":258.75,"angle2":101.25,"duration":0,"type":"mineHold","time":535},{"angle":0,"angle2":22.5,"duration":0,"type":"mineHold","time":462},{"time":502,"type":"block","angle":33.75},{"time":502.5,"type":"block","angle":45},{"time":503,"type":"block","angle":56.25},{"time":502,"type":"mine","angle":360},{"time":503,"type":"mine","angle":360},{"time":504,"type":"mine","angle":360},{"time":505,"type":"mine","angle":0},{"time":506,"type":"mine","angle":360},{"time":507,"type":"mine","angle":360},{"time":508,"type":"mine","angle":0},{"time":509,"type":"mine","angle":360},{"time":510,"type":"mine","angle":0},{"time":511,"type":"mine","angle":360},{"time":512,"type":"mine","angle":360},{"time":513,"type":"mine","angle":360},{"time":514,"type":"mine","angle":0},{"time":515,"type":"mine","angle":360},{"time":516,"type":"mine","angle":360},{"time":517,"type":"mine","angle":0},{"time":518,"type":"mine","angle":360},{"time":519,"type":"mine","angle":0},{"time":520,"type":"mine","angle":360},{"time":521,"type":"mine","angle":360},{"time":522,"type":"mine","angle":360},{"time":523,"type":"mine","angle":0},{"time":524,"type":"mine","angle":360},{"time":525,"type":"mine","angle":360},{"time":526,"type":"mine","angle":0},{"time":527,"type":"mine","angle":360},{"time":528,"type":"mine","angle":0},{"time":500,"type":"mine","angle":348.75},{"time":500,"type":"mine","angle":11.25},{"time":504,"type":"block","angle":315},{"time":504.5,"angle":337.5,"type":"block"},{"time":506,"type":"block","angle":56.25},{"time":506.5,"angle":45,"type":"block"},{"time":505.5,"type":"block","angle":33.75},{"time":507,"angle":281.25,"type":"block"},{"time":508,"type":"block","angle":326.25},{"time":508.5,"type":"block","angle":337.5},{"time":509.5,"type":"block","angle":67.5},{"time":510,"angle":56.25,"type":"block"},{"time":510.5,"angle":45,"type":"block"},{"time":511,"angle":67.5,"type":"block"},{"time":512,"angle":22.5,"type":"block"},{"time":512.5,"type":"block","angle":45},{"time":514,"angle":315,"type":"block"},{"time":514.5,"angle":292.5,"type":"block"},{"time":512.25,"angle":33.75,"type":"block"},{"time":515,"angle":56.25,"type":"block"},{"time":516,"type":"block","angle":326.25},{"time":516.5,"type":"block","angle":303.75},{"time":517,"type":"block","angle":33.75},{"time":517.5,"angle":22.5,"type":"block"},{"time":519,"angle":315,"type":"block"},{"time":519.5,"type":"block","angle":292.5},{"time":520.5,"type":"block","angle":33.75},{"time":521,"type":"block","angle":56.25},{"time":521.5,"type":"block","angle":45},{"time":518,"angle":382.5,"type":"block"},{"time":522,"type":"block","angle":67.5},{"time":523,"angle":326.25,"type":"block"},{"time":523.5,"type":"block","angle":78.75},{"time":525,"angle":67.5,"type":"block"},{"time":525.5,"angle":303.75,"type":"block"},{"time":527,"angle":303.75,"type":"block"},{"time":527.5,"angle":337.5,"type":"block"},{"time":528.5,"angle":22.5,"type":"block"},{"time":529,"angle":-315,"type":"block"},{"time":529.5,"angle":315,"type":"block"},{"time":526,"angle":45,"type":"block"},{"time":530,"angle":78.75,"type":"block"},{"time":531,"angle":45,"type":"block"},{"time":531.5,"angle":292.5,"type":"block"},{"time":528,"angle":56.25,"type":"block"},{"time":530.5,"angle":281.25,"type":"block"},{"angle":303.75,"speedMult":0.60000002384186,"time":503,"tap":true,"type":"side"},{"type":"side","speedMult":0.60000002384186,"time":505,"tap":true,"angle":303.75},{"angle":22.5,"speedMult":0.60000002384186,"time":507,"tap":true,"type":"side"},{"type":"side","speedMult":0.60000002384186,"time":509,"tap":true,"angle":90},{"type":"side","speedMult":0.60000002384186,"time":511,"tap":true,"angle":315},{"angle":78.75,"speedMult":0.60000002384186,"time":513,"tap":true,"type":"side"},{"angle":303.75,"speedMult":0.60000002384186,"time":515,"tap":true,"type":"side"},{"speedMult":0.60000002384186,"type":"side","time":517,"tap":true,"angle":270},{"time":532,"angle":292.5,"type":"block"},{"time":532.25,"type":"block","angle":303.75},{"time":532.5,"angle":315,"type":"block"},{"time":532.75,"angle":326.25,"type":"block"},{"time":533,"type":"block","angle":315},{"time":533.25,"angle":303.75,"type":"block"},{"time":533.5,"type":"block","angle":292.5},{"time":533.75,"angle":303.75,"type":"block"},{"time":534,"type":"block","angle":315},{"time":534.25,"type":"block","angle":303.75},{"time":534.5,"angle":292.5,"type":"block"},{"time":534.75,"type":"block","angle":281.25},{"time":535,"angle":292.5,"type":"block"},{"time":535.25,"type":"block","angle":303.75},{"time":535.5,"type":"block","angle":292.5},{"time":535.75,"type":"block","angle":281.25},{"angle":258.75,"angle2":101.25,"duration":0,"type":"mineHold","time":533},{"angle":258.75,"angle2":101.25,"duration":0,"type":"mineHold","time":535},{"time":532,"angle":397.5,"type":"block"},{"time":532.25,"angle":408.75,"type":"block"},{"time":532.5,"type":"block","angle":420},{"time":532.75,"type":"block","angle":431.25},{"time":533,"angle":420,"type":"block"},{"time":533.25,"type":"block","angle":408.75},{"time":533.5,"angle":397.5,"type":"block"},{"time":533.75,"type":"block","angle":408.75},{"time":534,"angle":420,"type":"block"},{"time":534.25,"angle":408.75,"type":"block"},{"time":534.5,"type":"block","angle":397.5},{"time":534.75,"angle":386.25,"type":"block"},{"time":535,"type":"block","angle":397.5},{"time":535.25,"angle":408.75,"type":"block"},{"time":535.5,"angle":397.5,"type":"block"},{"time":535.75,"angle":386.25,"type":"block"},{"time":502.5,"type":"mine","angle":0},{"time":503.25,"type":"mine","angle":0},{"time":504.5,"type":"mine","angle":0},{"time":504.75,"type":"mine","angle":0},{"time":505.5,"type":"mine","angle":360},{"time":506.25,"type":"mine","angle":0},{"time":506.75,"type":"mine","angle":360},{"time":507.75,"type":"mine","angle":0},{"time":508.75,"type":"mine","angle":360},{"time":509.25,"type":"mine","angle":0},{"time":509.5,"type":"mine","angle":360},{"time":509.75,"type":"mine","angle":360},{"time":510.75,"type":"mine","angle":360},{"time":511.5,"type":"mine","angle":360},{"time":512.25,"type":"mine","angle":360},{"time":513.25,"type":"mine","angle":0},{"time":513.75,"type":"mine","angle":360},{"time":514.25,"type":"mine","angle":360},{"time":515.25,"type":"mine","angle":0},{"time":515.75,"type":"mine","angle":360},{"time":516.75,"type":"mine","angle":0},{"time":517.25,"type":"mine","angle":360},{"time":517.5,"type":"mine","angle":0},{"time":536,"angle":0,"type":"block"},{"time":536.5,"angle":0,"type":"block"},{"time":537,"type":"block","angle":0},{"time":537.5,"type":"block","angle":33.75},{"time":538,"angle":337.5,"type":"block"},{"time":538.5,"angle":360,"type":"block"},{"time":539,"angle":0,"type":"block"},{"time":539.25,"angle":292.5,"type":"block"},{"time":539.5,"type":"block","angle":247.5},{"time":539.75,"type":"block","angle":303.75},{"time":540,"angle":-78.75,"type":"block"},{"time":540.25,"type":"block","angle":213.75},{"time":540.5,"angle":168.75,"type":"block"},{"time":540.75,"angle":225,"type":"block"},{"time":541,"angle":-270,"type":"block"},{"time":541.25,"type":"block","angle":-562.5},{"time":541.5,"angle":-517.5,"type":"block"},{"time":541.75,"angle":-573.75,"type":"block"},{"time":542,"type":"block","angle":-191.25},{"time":542.25,"type":"block","angle":101.25},{"time":542.5,"angle":56.25,"type":"block"},{"time":542.75,"angle":112.5,"type":"block"},{"time":543,"type":"extraTap","angle":360},{"time":550.90002441406,"angle":348.79998779297,"type":"block"},{"time":551,"type":"block","angle":0},{"time":551.09997558594,"type":"block","angle":11.25},{"time":557,"angle":90,"type":"block"},{"time":557.5,"angle":90,"type":"block"},{"time":558,"angle":90,"type":"block"},{"time":558.5,"angle":90,"type":"block"},{"time":559,"angle":78.75,"type":"block"},{"time":559.5,"angle":90,"type":"block"},{"time":560,"type":"block","angle":101.25},{"time":560.5,"angle":90,"type":"block"},{"time":561,"angle":78.75,"type":"block"},{"time":561.5,"type":"block","angle":67.5},{"time":562,"angle":56.25,"type":"block"},{"time":562.5,"angle":45,"type":"block"},{"time":563,"angle":33.75,"type":"block"},{"time":563.5,"type":"block","angle":11.25},{"time":564,"type":"block","angle":0},{"time":564.5,"type":"block","angle":348.75},{"time":565,"angle":0,"type":"extraTap"},{"time":557.25,"type":"block","angle":-90},{"time":557.75,"type":"block","angle":-90},{"time":558.25,"type":"block","angle":-90},{"time":558.75,"type":"block","angle":-90},{"time":559.25,"type":"block","angle":-101.25},{"time":559.75,"type":"block","angle":-90},{"time":560.25,"angle":-78.75,"type":"block"},{"time":560.75,"type":"block","angle":-90},{"time":561.25,"type":"block","angle":-101.25},{"time":561.75,"angle":-112.5,"type":"block"},{"time":562.25,"type":"block","angle":-123.75},{"time":562.75,"type":"block","angle":-135},{"time":563.25,"type":"block","angle":-146.25},{"time":563.75,"angle":-168.75,"type":"block"},{"time":564.25,"angle":-180,"type":"block"},{"time":564.75,"angle":168.75,"type":"block"},{"holdEase":"inSine","angle":-157.5,"angle2":180,"time":551,"duration":5,"type":"mineHold"}]