{"properties":{"startBeat":0,"formatversion":13,"offset":10,"speed":70},"events":[{"file":"song.ogg","angle":360,"offset":0.059999998658895,"time":3,"bpm":240,"type":"play","volume":1},{"angle":326.25,"value":1.5,"time":39,"var":"scrollSpeed","duration":0.5,"type":"ease"},{"order":0,"ease":"linear","newAngle":90,"paddle":2,"type":"paddles","enabled":true,"angle":33.75,"duration":2,"time":159},{"order":-99,"ease":"linear","newAngle":-90,"paddle":1,"type":"paddles","enabled":true,"angle":22.5,"duration":2,"time":159},{"order":0,"ease":"linear","newAngle":180,"paddle":2,"type":"paddles","enabled":true,"angle":33.75,"duration":2,"time":161},{"order":-99,"ease":"linear","newAngle":0,"paddle":1,"type":"paddles","enabled":true,"angle":22.5,"duration":2,"time":161},{"newAngle":0,"ease":"linear","type":"paddles","paddle":2,"enabled":true,"duration":0.5,"time":198,"angle":45},{"time":198.5,"type":"paddles","duration":0,"ease":"linear","enabled":true,"paddle":1,"angle":33.75},{"ease":"inQuad","angle":67.5,"type":"ease","var":"scrollSpeed","duration":2,"start":0,"time":198,"value":2},{"angle":337.5,"value":4,"time":214,"var":"scrollSpeed","duration":16,"type":"ease"},{"value":1,"time":231,"var":"scrollSpeed","type":"ease","angle":11.25},{"angle":0,"value":1,"time":295,"var":"scrollSpeed","duration":2,"type":"ease"},{"type":"ease","value":2,"duration":12,"time":349,"var":"vfx.noteXScale","start":0.10000000149012,"angle":270},{"type":"ease","value":2,"duration":12,"time":349,"var":"vfx.noteYScale","start":0.10000000149012,"angle":247.5},{"angle":22.5,"value":0.10000000149012,"time":295,"var":"vfx.noteXScale","duration":54,"type":"ease"},{"angle":45,"value":0.10000000149012,"time":295,"var":"vfx.noteYScale","duration":54,"type":"ease"},{"value":1,"time":359,"var":"vfx.noteXScale","type":"ease","angle":90},{"value":1,"time":359,"var":"vfx.noteYScale","type":"ease","angle":123.75},{"angle":225,"value":2,"time":349,"var":"scrollSpeed","duration":12,"type":"ease"},{"type":"ease","duration":7,"time":380,"var":"scrollSpeed","value":3,"angle":0},{"angle":112.5,"value":7,"time":388,"var":"scrollSpeed","duration":3,"type":"ease"},{"type":"ease","value":0.75,"ease":"inOutQuad","time":391,"var":"scrollSpeed","duration":2,"angle":90},{"newAngle":180,"ease":"linear","type":"paddles","paddle":2,"enabled":true,"duration":1,"time":394,"angle":112.5},{"angle":101.25,"enable":true,"time":395,"type":"hom"},{"angle":45,"enable":false,"time":404,"type":"hom"},{"type":"ease","value":2,"ease":"inOutElastic","time":403,"var":"scrollSpeed","duration":1,"angle":45},{"type":"paddles","newAngle":0,"newWidth":70,"paddle":0,"time":427,"enabled":true,"angle":78.75,"ease":"linear","duration":1},{"type":"paddles","newAngle":-60,"newWidth":30,"angle":33.75,"paddle":1,"enabled":true,"ease":"linear","time":499.5,"duration":0},{"newAngle":60,"order":-2,"ease":"linear","newWidth":30,"angle":11.25,"enabled":true,"duration":0,"time":499.5,"paddle":0,"type":"paddles"},{"ease":"linear","type":"paddles","paddle":1,"duration":0.5,"enabled":false,"time":536,"angle":33.75},{"newAngle":0,"order":3,"ease":"linear","newWidth":150,"angle":56.25,"enabled":true,"duration":0,"time":536,"paddle":2,"type":"paddles"},{"time":536,"paddle":0,"duration":0,"ease":"linear","enabled":false,"type":"paddles","angle":45},{"type":"ease","value":0.30000001192093,"angle":33.75,"time":551.25,"var":"scrollSpeed","ease":"outQuart","duration":2},{"type":"ease","value":7,"angle":90,"time":555,"var":"scrollSpeed","ease":"inCubic","duration":2},{"time":565.5,"type":"showResults","angle":67.5},{"type":"setBgColor","time":1,"color":3,"angle":90},{"g":255,"type":"setColor","time":1.5,"angle":67.5,"b":0,"color":6,"r":0}],"metadata":{"songName":"Train Zero","description":"1. the name it just translated,\n it is not the real name(cuz chinese is not suopported in beatblock)\n\n2. this map is not designed for full combo, i haven't check for its playiability, don't worry (or just i can't?)\n\n3. enjoy OuO","difficulty":15,"artist":"seatrus","charter":"rubbishhahaha","bg":false,"artistLink":"https://www.youtube.com/@seatrusfrontier/featured"}}