{"metadata":{"bgData":{"redChannel":{"g":3,"r":9,"b":34},"blueChannel":{"g":32,"r":34,"b":164},"greenChannel":{"g":35,"r":192,"b":92},"yellowChannel":{"g":158,"r":240,"b":165},"magentaChannel":{"g":114,"r":251,"b":71},"cyanChannel":{"g":211,"r":241,"b":114},"image":"cover.png"},"songName":"Kaleidoskull","artistLink":"https://open.spotify.com/artist/4llAOeA6kEF4ytaB2fsmcW?si=EGE6mwreQdaEAL_2FWjJWw","artist":"Lemon Demon","charter":"razzoxyde","bg":true,"description":"she \"lemon\" on my \"demon\" till i \"kaleido\" her \"skull\"\n\nMechanics used: Mines, Inverses","difficulty":5},"events":[{"time":-0.10000000149012,"volume":1,"angle":180,"file":"Kaleidoskull.ogg","type":"play","bpm":163},{"g":16,"time":-9.875,"angle":270,"type":"setColor","color":1,"r":186,"b":57},{"g":0,"time":-9.875,"angle":67.5,"type":"setColor","color":2,"r":0,"b":34},{"time":-10,"angle":315,"color":2,"type":"setBgColor"},{"time":-10,"color":3,"angle":45,"enable":true,"type":"outline"},{"time":24,"r":0,"b":0,"g":0,"angle":360,"description":"","type":"bookmark","name":"swishee"},{"time":1,"r":0,"b":0,"g":0,"angle":90,"description":"","type":"bookmark","name":"starthold"},{"time":70,"r":0,"b":0,"g":0,"angle":90,"description":"","type":"bookmark","name":"waaaa"},{"time":42,"r":0,"b":0,"g":0,"angle":90,"description":"","type":"bookmark","name":"windup1"},{"g":20,"time":-9.875,"angle":135,"type":"setColor","color":0,"r":24,"b":65},{"type":"ease","time":57,"value":2,"duration":15,"angle":180,"var":"vfx.hwaves.strength","ease":"linear"},{"type":"ease","time":57,"value":2,"duration":15,"angle":157.5,"var":"vfx.hwaves.period","ease":"linear"},{"type":"ease","time":72,"value":0,"duration":0.20000000298023,"angle":101.25,"var":"vfx.hwaves.period","ease":"linear"},{"type":"ease","time":57,"value":1.25,"duration":15,"angle":202.5,"var":"vfx.canvPos.sy","ease":"linear"},{"type":"ease","time":57,"value":1.25,"duration":15,"angle":225,"var":"vfx.canvPos.sx","ease":"linear"},{"type":"ease","time":72,"value":1,"duration":0.20000000298023,"angle":213.75,"var":"vfx.canvPos.sy","ease":"linear"},{"type":"ease","time":72,"value":1,"duration":0.20000000298023,"angle":236.25,"var":"vfx.canvPos.sx","ease":"linear"},{"time":-10,"value":0.75000005960464,"angle":225,"var":"vfx.canvPos.sx","type":"ease"},{"g":7,"time":-9.875,"angle":360,"type":"setColor","color":3,"r":78,"b":7},{"time":72,"color":0,"angle":281.25,"enable":false,"type":"outline"},{"time":-9.125,"color":4,"angle":337.5,"chance":0.69999998807907,"type":"noise"},{"time":72,"color":0,"angle":168.75,"chance":0,"type":"noise"},{"g":0,"time":-9.25,"angle":315,"type":"setColor","color":4,"r":0,"b":56},{"time":-9.125,"value":1,"angle":270,"var":"vfx.hglitch.strength","type":"ease"},{"time":57,"color":2,"r":4,"b":19,"g":0,"duration":15,"angle":135,"type":"setColor"},{"time":72,"color":0,"r":30,"b":59,"g":7,"duration":0.20000000298023,"angle":123.75,"type":"setColor"},{"time":57,"r":0,"b":0,"g":0,"angle":112.5,"description":"","type":"bookmark","name":"end intro"},{"type":"ease","time":71,"value":0,"duration":1.2000000476837,"angle":135,"var":"vfx.bgNoise","ease":"linear"},{"type":"ease","time":72,"value":0,"duration":0.20000000298023,"angle":78.75,"var":"vfx.hwaves.strength","ease":"linear"},{"time":-10,"value":0.97500002384186,"angle":180,"var":"vfx.canvPos.sy","type":"ease"},{"time":131,"r":0,"b":0,"g":0,"angle":45,"description":"","type":"bookmark","name":"fade put"},{"time":-9,"drawLayer":"bg","sprite":"spiral3.png","x":300,"y":180,"hide":true,"id":"1","sx":0.5,"sy":0.5,"angle":180,"ox":1000,"oy":1000,"type":"deco"},{"time":132,"r":-180,"type":"deco","hide":false,"id":"1","duration":11,"angle":67.5,"ease":"inOutSine"},{"time":71.75,"r":-360,"type":"deco","hide":false,"id":"1","duration":60.25,"angle":90,"ease":"linear"},{"time":71.75,"color":6,"r":19,"type":"setColor","g":15,"duration":0.40000000596046,"angle":146.25,"ease":"inSine","b":83},{"time":71.75,"color":5,"r":0,"type":"setColor","g":0,"duration":0,"angle":123.75,"ease":"inSine","b":34},{"g":39,"time":72,"angle":146.25,"type":"setColor","color":1,"r":241,"b":39},{"time":180,"color":6,"r":255,"type":"setColor","g":234,"duration":5,"angle":45,"ease":"linear","b":113},{"time":180,"color":5,"r":240,"type":"setColor","g":56,"duration":5,"angle":315,"ease":"linear","b":110},{"time":-9,"drawLayer":"fg","sprite":"border.png","x":300,"y":180,"hide":false,"id":"border1","sx":0.5,"sy":0.18999999761581,"angle":202.5,"ox":1000,"oy":1000,"type":"deco"},{"g":68,"time":-9.25,"angle":225,"type":"setColor","color":5,"r":177,"b":68},{"time":-9,"drawLayer":"fg","sprite":"border2.png","x":300,"y":180,"hide":true,"id":"border2","sx":0.5,"sy":0.18999999761581,"angle":157.5,"ox":1000,"oy":1000,"type":"deco"},{"hide":true,"time":72,"id":"border1","angle":191.25,"type":"deco"},{"time":185,"color":6,"r":208,"type":"setColor","g":241,"duration":5,"angle":45,"ease":"linear","b":147},{"time":185,"color":5,"r":224,"type":"setColor","g":23,"duration":5,"angle":315,"ease":"linear","b":23},{"time":190,"color":6,"r":172,"type":"setColor","g":241,"duration":5,"angle":45,"ease":"linear","b":167},{"time":190,"color":5,"r":237,"type":"setColor","g":185,"duration":5,"angle":315,"ease":"linear","b":37},{"time":195,"color":6,"r":151,"type":"setColor","g":243,"duration":5,"angle":45,"ease":"linear","b":249},{"time":195,"color":5,"r":42,"type":"setColor","g":182,"duration":5,"angle":315,"ease":"linear","b":58},{"time":179,"r":0,"b":0,"g":0,"angle":0,"description":"","type":"bookmark","name":"chimes"},{"time":200,"color":6,"r":212,"type":"setColor","g":175,"duration":5,"angle":45,"ease":"linear","b":253},{"time":200,"color":5,"r":31,"type":"setColor","g":118,"duration":5,"angle":315,"ease":"linear","b":160},{"time":205,"color":6,"r":244,"type":"setColor","g":160,"duration":5,"angle":45,"ease":"linear","b":175},{"time":205,"color":5,"r":31,"type":"setColor","g":42,"duration":5,"angle":315,"ease":"linear","b":200},{"time":111,"r":0,"b":0,"g":0,"angle":270,"description":"","type":"bookmark","name":"spinny MORE"},{"time":165,"r":0,"b":0,"g":0,"angle":112.5,"description":"","type":"bookmark","name":"viewmonster promo reference !!!"},{"time":167.5,"color":2,"r":202,"b":235,"g":218,"duration":10,"angle":247.5,"type":"setColor"},{"time":167.5,"color":0,"r":0,"type":"setColor","g":0,"duration":10,"angle":270,"ease":"linear","b":0},{"time":167.5,"color":1,"r":0,"type":"setColor","g":0,"duration":10,"angle":292.5,"ease":"linear","b":0},{"time":167.5,"color":2,"angle":315,"enable":true,"type":"outline"},{"type":"ease","time":167.5,"value":1.1000000238419,"duration":0.25,"angle":67.5,"var":"vfx.canvPos.sy","ease":"inOutSine"},{"type":"ease","time":167.5,"value":1.1000000238419,"duration":0.25,"angle":90,"var":"vfx.canvPos.sx","ease":"inOutSine"},{"type":"ease","time":170.5,"value":1.2000000476837,"duration":0.375,"angle":-22.5,"var":"vfx.canvPos.sy","ease":"inOutSine"},{"type":"ease","time":170.5,"value":1.1999999284744,"duration":0.375,"angle":0,"var":"vfx.canvPos.sx","ease":"inOutSine"},{"type":"ease","time":173.5,"value":1.1000000238419,"duration":0.5,"angle":67.5,"var":"vfx.canvPos.sy","ease":"inOutSine"},{"type":"ease","time":173.5,"value":1.1000000238419,"duration":0.5,"angle":90,"var":"vfx.canvPos.sx","ease":"inOutSine"},{"type":"ease","time":176.5,"value":1.2000000476837,"duration":0.25,"angle":202.5,"var":"vfx.canvPos.sy","ease":"inOutSine"},{"type":"ease","time":176.5,"value":1.2000000476837,"duration":0.25,"angle":225,"var":"vfx.canvPos.sx","ease":"inOutSine"},{"type":"ease","time":179,"value":1,"duration":0.5,"angle":90,"var":"vfx.canvPos.sy","ease":"inOutSine"},{"type":"ease","time":179,"value":1,"duration":0.5,"angle":67.5,"var":"vfx.canvPos.sx","ease":"inOutSine"},{"type":"ease","time":173.5,"value":6,"duration":3,"angle":112.5,"var":"vfx.canvPos.r","ease":"outSine"},{"type":"ease","time":176.5,"value":4,"duration":3,"angle":180,"var":"vfx.canvPos.r","ease":"outSine"},{"type":"ease","time":179,"value":0,"duration":0.5,"angle":112.5,"var":"vfx.canvPos.r","ease":"outSine"},{"type":"ease","time":170.5,"value":-6,"duration":3,"angle":22.5,"var":"vfx.canvPos.r","ease":"outSine"},{"type":"ease","time":167.5,"value":5,"duration":3,"angle":112.5,"var":"vfx.canvPos.r","ease":"outSine"},{"time":143.91666666667,"r":-360,"type":"deco","hide":false,"id":"1","duration":11,"angle":180,"ease":"inOutSine"},{"time":155.5,"r":-250,"type":"deco","hide":false,"id":"1","duration":6.25,"angle":180,"ease":"inOutSine"},{"time":161.75,"r":-340,"type":"deco","hide":false,"id":"1","duration":5.5,"angle":90,"ease":"inOutSine"},{"time":167.25,"r":-420,"type":"deco","hide":false,"id":"1","duration":12,"angle":135,"ease":"outSine"},{"time":179.5,"color":6,"r":244,"b":175,"g":160,"duration":0.10000000149012,"angle":315,"type":"setColor"},{"g":7,"time":179.5,"angle":270,"type":"setColor","color":0,"r":30,"b":59},{"g":39,"time":179.5,"angle":247.5,"type":"setColor","color":1,"r":241,"b":39},{"time":179.5,"color":5,"r":31,"b":200,"g":42,"duration":0.10000000149012,"angle":45,"type":"setColor"},{"type":"deco","time":179,"id":"1","duration":59,"angle":157.5,"r":-800,"ease":"linear"},{"time":179.5,"color":6,"angle":292.5,"enable":true,"type":"outline"},{"type":"ease","time":182.5,"value":1.0499999523163,"duration":0.10000000149012,"angle":90,"var":"vfx.canvPos.sy","ease":"inSine"},{"type":"ease","time":182.5,"value":1.0499999523163,"duration":0.10000000149012,"angle":112.5,"var":"vfx.canvPos.sx","ease":"inSine"},{"type":"ease","time":182.75,"value":1,"duration":1.5,"angle":90,"var":"vfx.canvPos.sy","ease":"outSine"},{"type":"ease","time":182.75,"value":1,"duration":1.5,"angle":112.5,"var":"vfx.canvPos.sx","ease":"outSine"},{"type":"ease","time":185.5,"value":1.0499999523163,"duration":0.10000000149012,"angle":90,"var":"vfx.canvPos.sy","ease":"inSine"},{"type":"ease","time":185.5,"value":1.0499999523163,"duration":0.10000000149012,"angle":112.5,"var":"vfx.canvPos.sx","ease":"inSine"},{"type":"ease","time":185.75,"value":1,"duration":1.5,"angle":90,"var":"vfx.canvPos.sy","ease":"outSine"},{"type":"ease","time":185.75,"value":1,"duration":1.5,"angle":112.5,"var":"vfx.canvPos.sx","ease":"outSine"},{"type":"ease","time":188.5,"value":1.0499999523163,"duration":0.10000000149012,"angle":90,"var":"vfx.canvPos.sy","ease":"inSine"},{"type":"ease","time":188.5,"value":1.0499999523163,"duration":0.10000000149012,"angle":112.5,"var":"vfx.canvPos.sx","ease":"inSine"},{"type":"ease","time":188.75,"value":1,"duration":1.5,"angle":90,"var":"vfx.canvPos.sy","ease":"outSine"},{"type":"ease","time":188.75,"value":1,"duration":1.5,"angle":112.5,"var":"vfx.canvPos.sx","ease":"outSine"},{"type":"ease","time":191.5,"value":1.0499999523163,"duration":0.10000000149012,"angle":90,"var":"vfx.canvPos.sy","ease":"inSine"},{"type":"ease","time":191.5,"value":1.0499999523163,"duration":0.10000000149012,"angle":112.5,"var":"vfx.canvPos.sx","ease":"inSine"},{"type":"ease","time":191.75,"value":1,"duration":1.5,"angle":90,"var":"vfx.canvPos.sy","ease":"outSine"},{"type":"ease","time":191.75,"value":1,"duration":1.5,"angle":112.5,"var":"vfx.canvPos.sx","ease":"outSine"},{"type":"ease","time":194.5,"value":1.0499999523163,"duration":0.10000000149012,"angle":90,"var":"vfx.canvPos.sy","ease":"inSine"},{"type":"ease","time":194.5,"value":1.0499999523163,"duration":0.10000000149012,"angle":112.5,"var":"vfx.canvPos.sx","ease":"inSine"},{"type":"ease","time":194.75,"value":1,"duration":1.5,"angle":90,"var":"vfx.canvPos.sy","ease":"outSine"},{"type":"ease","time":194.75,"value":1,"duration":1.5,"angle":112.5,"var":"vfx.canvPos.sx","ease":"outSine"},{"type":"paddles","newWidth":40,"paddle":1,"duration":3,"angle":33.75,"time":129,"ease":"linear"},{"type":"paddles","newWidth":70,"paddle":1,"duration":1.25,"angle":337.5,"time":166.25,"ease":"linear"},{"time":167.75,"color":6,"r":93,"type":"setColor","g":125,"duration":9.25,"angle":247.5,"ease":"inSine","b":166},{"time":167.75,"color":5,"r":3,"type":"setColor","g":8,"duration":9.25,"angle":225,"ease":"inSine","b":26},{"time":89,"r":0,"b":0,"g":0,"angle":225,"description":"","type":"bookmark","name":"Section"},{"time":71,"value":0,"angle":157.5,"var":"vfx.hglitch.strength","type":"ease"},{"time":392,"r":0,"b":0,"g":0,"angle":180,"description":"","type":"bookmark","name":"Section"},{"time":203,"r":0,"b":0,"g":0,"angle":292.5,"description":"get real","type":"bookmark","name":"bwa bwa"},{"time":278,"r":0,"b":0,"g":0,"angle":247.5,"description":"spin the sequel","type":"bookmark","name":"glitch 3 the biggun"},{"time":249,"r":0,"b":0,"g":0,"angle":292.5,"description":"","type":"bookmark","name":"glitch"},{"time":251,"enabled":true,"newWidth":50,"paddle":1,"duration":0,"angle":33.75,"type":"paddles","ease":"linear"},{"time":251,"enabled":true,"newAngle":180,"newWidth":50,"paddle":2,"duration":0,"angle":45,"type":"paddles","ease":"linear"},{"time":210,"color":6,"r":255,"type":"setColor","g":234,"duration":5,"angle":45,"ease":"linear","b":113},{"time":210,"color":5,"r":240,"type":"setColor","g":56,"duration":5,"angle":315,"ease":"linear","b":110},{"time":215,"color":6,"r":208,"type":"setColor","g":241,"duration":5,"angle":45,"ease":"linear","b":147},{"time":215,"color":5,"r":224,"type":"setColor","g":23,"duration":5,"angle":315,"ease":"linear","b":23},{"time":220,"color":6,"r":172,"type":"setColor","g":241,"duration":5,"angle":45,"ease":"linear","b":167},{"time":220,"color":5,"r":237,"type":"setColor","g":185,"duration":5,"angle":315,"ease":"linear","b":37},{"time":225,"color":6,"r":151,"type":"setColor","g":243,"duration":5,"angle":45,"ease":"linear","b":249},{"time":225,"color":5,"r":42,"type":"setColor","g":182,"duration":5,"angle":315,"ease":"linear","b":58},{"time":230,"color":6,"r":212,"type":"setColor","g":175,"duration":5,"angle":45,"ease":"linear","b":253},{"time":230,"color":5,"r":31,"type":"setColor","g":118,"duration":5,"angle":315,"ease":"linear","b":160},{"time":235,"color":6,"r":244,"type":"setColor","g":160,"duration":5,"angle":45,"ease":"linear","b":175},{"time":235,"color":5,"r":31,"type":"setColor","g":42,"duration":5,"angle":315,"ease":"linear","b":200},{"time":237,"r":0,"b":0,"g":0,"angle":247.5,"description":"","type":"bookmark","name":"deploy motion sickness"},{"type":"ease","time":250.5,"value":1,"duration":0.33300000429153,"angle":90,"var":"vfx.canvPos.sy","ease":"inSine"},{"type":"ease","time":250.5,"value":1,"duration":0.33300000429153,"angle":112.5,"var":"vfx.canvPos.sx","ease":"inSine"},{"type":"ease","time":237,"value":2,"duration":15,"angle":22.5,"var":"vfx.vwaves.strength","ease":"linear"},{"type":"ease","time":237,"value":2,"duration":15,"angle":45,"var":"vfx.vwaves.period","ease":"linear"},{"type":"ease","time":237,"value":1.25,"duration":15,"angle":337.5,"var":"vfx.canvPos.sy","ease":"linear"},{"type":"ease","time":237,"value":1.25,"duration":15,"angle":360,"var":"vfx.canvPos.sx","ease":"linear"},{"time":251,"value":0,"angle":56.25,"var":"vfx.vwaves.strength","type":"ease"},{"time":251,"value":0,"angle":67.5,"var":"vfx.vwaves.period","type":"ease"},{"type":"deco","time":237,"id":"1","duration":15,"angle":180,"r":-1500,"ease":"inSine"},{"type":"deco","time":251,"id":"1","duration":59,"angle":303.75,"r":-2190,"ease":"linear"},{"time":268,"r":0,"b":0,"g":0,"angle":213.75,"description":"","type":"bookmark","name":"aughaha"},{"time":275.4375,"value":10,"angle":348.75,"var":"vfx.hglitch.resolution","type":"ease"},{"time":275.4375,"value":10,"angle":371.25,"var":"vfx.hglitch.strength","type":"ease"},{"time":276.27084350586,"value":10,"angle":371.25,"var":"vfx.hglitch.strength","type":"ease"},{"time":276.27084350586,"value":10,"angle":348.75,"var":"vfx.hglitch.resolution","type":"ease"},{"type":"ease","time":275.60415649414,"value":4,"duration":0.66600000858307,"angle":371.25,"var":"vfx.hglitch.strength","ease":"linear"},{"type":"ease","time":275.60415649414,"value":2,"duration":0.66600000858307,"angle":348.75,"var":"vfx.hglitch.resolution","ease":"linear"},{"time":276.4375,"value":4,"angle":371.25,"var":"vfx.hglitch.strength","type":"ease"},{"time":276.4375,"value":4,"angle":348.75,"var":"vfx.hglitch.resolution","type":"ease"},{"time":276.60415649414,"value":10,"angle":371.25,"var":"vfx.hglitch.strength","type":"ease"},{"time":276.60415649414,"value":12,"angle":348.75,"var":"vfx.hglitch.resolution","type":"ease"},{"time":277.27084350586,"value":4,"angle":371.25,"var":"vfx.hglitch.strength","type":"ease"},{"time":277.27084350586,"value":20,"angle":348.75,"var":"vfx.hglitch.resolution","type":"ease"},{"time":276.9375,"value":2,"angle":371.25,"var":"vfx.hglitch.strength","type":"ease"},{"time":276.9375,"value":5,"angle":348.75,"var":"vfx.hglitch.resolution","type":"ease"},{"time":277.60415649414,"value":0,"angle":11.25,"var":"vfx.hglitch.strength","type":"ease"},{"time":277.60415649414,"value":0,"angle":348.75,"var":"vfx.hglitch.resolution","type":"ease"},{"type":"ease","time":275.4375,"value":1.1499999761581,"duration":0.5,"angle":326.25,"var":"vfx.canvPos.sx","ease":"linear"},{"type":"ease","time":275.4375,"value":1.1499999761581,"duration":0.5,"angle":303.75,"var":"vfx.canvPos.sy","ease":"linear"},{"value":1.2000000476837,"time":276.27081298828,"duration":0,"angle":326.25,"var":"vfx.canvPos.sx","type":"ease"},{"type":"ease","time":276.27081298828,"value":1.2000000476837,"duration":0,"angle":168.75,"var":"vfx.canvPos.sy","ease":"linear"},{"type":"ease","time":276.60415649414,"value":1.1000000238419,"duration":0,"angle":326.25,"var":"vfx.canvPos.sx","ease":"linear"},{"type":"ease","time":276.60415649414,"value":1.1000000238419,"duration":0,"angle":303.75,"var":"vfx.canvPos.sy","ease":"linear"},{"value":1,"time":277.60415649414,"duration":0.10000000149012,"angle":326.25,"var":"vfx.canvPos.sx","type":"ease"},{"type":"ease","time":277.60415649414,"value":1,"duration":0.10000000149012,"angle":303.75,"var":"vfx.canvPos.sy","ease":"linear"},{"type":"ease","time":277.27081298828,"value":1.0499999523163,"duration":0.20000000298023,"angle":326.25,"var":"vfx.canvPos.sx","ease":"outSine"},{"type":"ease","time":277.27081298828,"value":1.0499999523163,"duration":0.20000000298023,"angle":303.75,"var":"vfx.canvPos.sy","ease":"outSine"},{"type":"ease","time":276.9375,"value":1.1000000238419,"duration":0.10000000149012,"angle":326.25,"var":"vfx.canvPos.sx","ease":"linear"},{"type":"ease","time":276.9375,"value":1.1000000238419,"duration":0.10000000149012,"angle":303.75,"var":"vfx.canvPos.sy","ease":"linear"},{"time":260,"r":0,"b":0,"g":0,"angle":270,"description":"","type":"bookmark","name":"glitch 2"},{"time":260.5,"value":10,"angle":247.5,"var":"vfx.hglitch.strength","type":"ease"},{"time":260.5,"value":10,"angle":225,"var":"vfx.hglitch.resolution","type":"ease"},{"time":262.75,"value":0,"angle":247.5,"var":"vfx.hglitch.strength","type":"ease"},{"time":262.75,"value":0,"angle":225,"var":"vfx.hglitch.resolution","type":"ease"},{"time":267.5,"enabled":true,"newWidth":15,"paddle":1,"duration":0.5,"angle":225,"type":"paddles","ease":"linear"},{"time":227,"r":0,"b":0,"g":0,"angle":348.75,"description":"","type":"bookmark","name":"its happening !"},{"time":240,"color":6,"r":255,"type":"setColor","g":234,"duration":5,"angle":45,"ease":"linear","b":113},{"time":240,"color":5,"r":240,"type":"setColor","g":56,"duration":5,"angle":315,"ease":"linear","b":110},{"time":245,"color":6,"r":208,"type":"setColor","g":241,"duration":5,"angle":45,"ease":"linear","b":147},{"time":245,"color":5,"r":224,"type":"setColor","g":23,"duration":5,"angle":315,"ease":"linear","b":23},{"time":250,"color":6,"r":172,"type":"setColor","g":241,"duration":5,"angle":45,"ease":"linear","b":167},{"time":250,"color":5,"r":237,"type":"setColor","g":185,"duration":5,"angle":315,"ease":"linear","b":37},{"time":255,"color":6,"r":151,"type":"setColor","g":243,"duration":5,"angle":45,"ease":"linear","b":249},{"time":255,"color":5,"r":42,"type":"setColor","g":182,"duration":5,"angle":315,"ease":"linear","b":58},{"time":260,"color":6,"r":212,"type":"setColor","g":175,"duration":5,"angle":45,"ease":"linear","b":253},{"time":260,"color":5,"r":31,"type":"setColor","g":118,"duration":5,"angle":315,"ease":"linear","b":160},{"time":265,"color":6,"r":244,"type":"setColor","g":160,"duration":5,"angle":45,"ease":"linear","b":175},{"time":265,"color":5,"r":31,"type":"setColor","g":42,"duration":5,"angle":315,"ease":"linear","b":200},{"time":270,"color":6,"r":255,"type":"setColor","g":234,"duration":5,"angle":45,"ease":"linear","b":113},{"time":270,"color":5,"r":240,"type":"setColor","g":56,"duration":5,"angle":315,"ease":"linear","b":110},{"time":275,"color":6,"r":208,"type":"setColor","g":241,"duration":5,"angle":45,"ease":"linear","b":147},{"time":275,"color":5,"r":224,"type":"setColor","g":23,"duration":5,"angle":337.5,"ease":"linear","b":23},{"time":280,"color":6,"r":172,"type":"setColor","g":241,"duration":5,"angle":45,"ease":"linear","b":167},{"time":280,"color":5,"r":237,"type":"setColor","g":185,"duration":5,"angle":315,"ease":"linear","b":37},{"time":285,"color":6,"r":151,"type":"setColor","g":243,"duration":5,"angle":45,"ease":"linear","b":249},{"time":285,"color":5,"r":42,"type":"setColor","g":182,"duration":5,"angle":315,"ease":"linear","b":58},{"time":290,"color":6,"r":212,"type":"setColor","g":175,"duration":5,"angle":337.5,"ease":"linear","b":253},{"time":290,"color":5,"r":31,"type":"setColor","g":118,"duration":5,"angle":315,"ease":"linear","b":160},{"time":295,"color":6,"r":244,"type":"setColor","g":160,"duration":5,"angle":45,"ease":"linear","b":175},{"time":295,"color":5,"r":31,"type":"setColor","g":42,"duration":5,"angle":315,"ease":"linear","b":200},{"time":179.5,"color":1,"r":49,"b":187,"g":28,"duration":2,"angle":225,"type":"setColor"},{"time":190,"color":1,"r":241,"b":39,"g":39,"duration":6,"angle":270,"type":"setColor"},{"time":210,"color":1,"r":49,"b":187,"g":28,"duration":6,"angle":270,"type":"setColor"},{"time":220,"color":1,"r":241,"b":39,"g":39,"duration":6,"angle":270,"type":"setColor"},{"time":240,"color":1,"r":49,"b":187,"g":28,"duration":6,"angle":270,"type":"setColor"},{"time":270,"color":1,"r":49,"b":187,"g":28,"duration":6,"angle":270,"type":"setColor"},{"time":250,"color":1,"r":241,"b":39,"g":39,"duration":6,"angle":247.5,"type":"setColor"},{"time":260.5,"value":1.1000000238419,"angle":180,"var":"vfx.canvPos.sx","type":"ease"},{"time":260.5,"value":1.1000000238419,"angle":157.5,"var":"vfx.canvPos.sy","type":"ease"},{"time":260.75,"value":1.1699999570847,"angle":157.5,"var":"vfx.canvPos.sy","type":"ease"},{"time":260.75,"value":1.1699999570847,"angle":180,"var":"vfx.canvPos.sx","type":"ease"},{"time":261,"value":1.2000000476837,"angle":157.5,"var":"vfx.canvPos.sy","type":"ease"},{"time":261,"value":1.2000000476837,"angle":180,"var":"vfx.canvPos.sx","type":"ease"},{"time":261.25,"value":1.25,"angle":157.5,"var":"vfx.canvPos.sy","type":"ease"},{"time":261.25,"value":1.25,"angle":180,"var":"vfx.canvPos.sx","type":"ease"},{"type":"ease","time":262.75,"value":1,"duration":0.10000000149012,"angle":157.5,"var":"vfx.canvPos.sy","ease":"inSine"},{"type":"ease","time":262.75,"value":1,"duration":0.10000000149012,"angle":180,"var":"vfx.canvPos.sx","ease":"inSine"},{"type":"ease","time":262.25,"value":1.2000000476837,"duration":0.20000000298023,"angle":157.5,"var":"vfx.canvPos.sy","ease":"outSine"},{"type":"ease","time":262.25,"value":1.2000000476837,"duration":0.20000000298023,"angle":180,"var":"vfx.canvPos.sx","ease":"outSine"},{"time":260.75,"value":10,"angle":247.5,"var":"vfx.hglitch.strength","type":"ease"},{"time":260.75,"value":2,"angle":225,"var":"vfx.hglitch.resolution","type":"ease"},{"time":261,"value":4,"angle":247.5,"var":"vfx.hglitch.strength","type":"ease"},{"time":261,"value":4,"angle":225,"var":"vfx.hglitch.resolution","type":"ease"},{"time":262.25,"value":10,"angle":247.5,"var":"vfx.hglitch.strength","type":"ease"},{"time":262.25,"value":10,"angle":225,"var":"vfx.hglitch.resolution","type":"ease"},{"hide":false,"time":179.5,"id":"border2","angle":90,"type":"deco"},{"time":254,"value":10,"angle":360,"var":"vfx.vglitch.strength","type":"ease"},{"time":254,"value":2,"angle":22.5,"var":"vfx.vglitch.resolution","type":"ease"},{"value":0,"time":254.125,"duration":0.5,"angle":22.5,"var":"vfx.vglitch.strength","type":"ease"},{"value":0,"time":254.125,"duration":0.5,"angle":360,"var":"vfx.vglitch.resolution","type":"ease"},{"time":265.25,"value":10,"angle":360,"var":"vfx.vglitch.strength","type":"ease"},{"time":265.25,"value":2,"angle":22.5,"var":"vfx.vglitch.resolution","type":"ease"},{"value":0,"time":265.375,"duration":0.5,"angle":45,"var":"vfx.vglitch.strength","type":"ease"},{"value":0,"time":265.375,"duration":0.5,"angle":337.5,"var":"vfx.vglitch.resolution","type":"ease"},{"time":272.25,"value":10,"angle":360,"var":"vfx.vglitch.strength","type":"ease"},{"time":272.25,"value":2,"angle":22.5,"var":"vfx.vglitch.resolution","type":"ease"},{"value":0,"time":272.375,"duration":0.5,"angle":22.5,"var":"vfx.vglitch.strength","type":"ease"},{"value":0,"time":272.375,"duration":0.5,"angle":360,"var":"vfx.vglitch.resolution","type":"ease"},{"value":15,"time":250,"duration":0.30000001192093,"angle":258.75,"var":"vfx.hglitch.strength","type":"ease"},{"time":250,"value":5,"angle":236.25,"var":"vfx.hglitch.resolution","type":"ease"},{"value":0,"time":250.75,"duration":0.5,"angle":258.75,"var":"vfx.hglitch.strength","type":"ease"},{"value":0,"time":250.75,"duration":0.5,"angle":236.25,"var":"vfx.hglitch.resolution","type":"ease"},{"time":259.125,"value":7,"angle":472.5,"var":"vfx.hglitch.strength","type":"ease"},{"time":259.125,"value":5,"angle":135,"var":"vfx.hglitch.resolution","type":"ease"},{"value":0,"time":259.25,"duration":0.5,"angle":112.5,"var":"vfx.hglitch.strength","type":"ease"},{"value":0,"time":259.25,"duration":0.5,"angle":135,"var":"vfx.hglitch.resolution","type":"ease"},{"time":250.375,"value":10,"angle":258.75,"var":"vfx.hglitch.strength","type":"ease"},{"time":250.375,"value":20,"angle":236.25,"var":"vfx.hglitch.resolution","type":"ease"},{"type":"ease","time":197.5,"value":1.0499999523163,"duration":0.10000000149012,"angle":90,"var":"vfx.canvPos.sy","ease":"inSine"},{"type":"ease","time":197.5,"value":1.0499999523163,"duration":0.10000000149012,"angle":112.5,"var":"vfx.canvPos.sx","ease":"inSine"},{"type":"ease","time":197.75,"value":1,"duration":1.5,"angle":90,"var":"vfx.canvPos.sy","ease":"outSine"},{"type":"ease","time":197.75,"value":1,"duration":1.5,"angle":112.5,"var":"vfx.canvPos.sx","ease":"outSine"},{"type":"ease","time":200.5,"value":1.0499999523163,"duration":0.10000000149012,"angle":90,"var":"vfx.canvPos.sy","ease":"inSine"},{"type":"ease","time":200.5,"value":1.0499999523163,"duration":0.10000000149012,"angle":112.5,"var":"vfx.canvPos.sx","ease":"inSine"},{"type":"ease","time":200.75,"value":1,"duration":1.5,"angle":90,"var":"vfx.canvPos.sy","ease":"outSine"},{"type":"ease","time":200.75,"value":1,"duration":1.5,"angle":112.5,"var":"vfx.canvPos.sx","ease":"outSine"},{"type":"ease","time":202,"value":1.0499999523163,"duration":0.10000000149012,"angle":112.5,"var":"vfx.canvPos.sy","ease":"inSine"},{"type":"ease","time":202,"value":1.0499999523163,"duration":0.10000000149012,"angle":135,"var":"vfx.canvPos.sx","ease":"inSine"},{"type":"ease","time":202.25,"value":1,"duration":1.5,"angle":112.5,"var":"vfx.canvPos.sy","ease":"outSine"},{"type":"ease","time":202.25,"value":1,"duration":1.5,"angle":135,"var":"vfx.canvPos.sx","ease":"outSine"},{"type":"ease","time":203.5,"value":1.0499999523163,"duration":0.10000000149012,"angle":90,"var":"vfx.canvPos.sy","ease":"inSine"},{"type":"ease","time":203.5,"value":1.0499999523163,"duration":0.10000000149012,"angle":112.5,"var":"vfx.canvPos.sx","ease":"inSine"},{"type":"ease","time":203.75,"value":1,"duration":1.5,"angle":90,"var":"vfx.canvPos.sy","ease":"outSine"},{"type":"ease","time":203.75,"value":1,"duration":1.5,"angle":112.5,"var":"vfx.canvPos.sx","ease":"outSine"},{"type":"ease","time":206.5,"value":1.0499999523163,"duration":0.10000000149012,"angle":90,"var":"vfx.canvPos.sy","ease":"inSine"},{"type":"ease","time":206.5,"value":1.0499999523163,"duration":0.10000000149012,"angle":112.5,"var":"vfx.canvPos.sx","ease":"inSine"},{"type":"ease","time":206.75,"value":1,"duration":1.5,"angle":90,"var":"vfx.canvPos.sy","ease":"outSine"},{"type":"ease","time":206.75,"value":1,"duration":1.5,"angle":112.5,"var":"vfx.canvPos.sx","ease":"outSine"},{"type":"ease","time":209.5,"value":1.0499999523163,"duration":0.10000000149012,"angle":90,"var":"vfx.canvPos.sy","ease":"inSine"},{"type":"ease","time":209.5,"value":1.0499999523163,"duration":0.10000000149012,"angle":112.5,"var":"vfx.canvPos.sx","ease":"inSine"},{"type":"ease","time":209.75,"value":1,"duration":1.5,"angle":90,"var":"vfx.canvPos.sy","ease":"outSine"},{"type":"ease","time":209.75,"value":1,"duration":1.5,"angle":112.5,"var":"vfx.canvPos.sx","ease":"outSine"},{"type":"ease","time":212.5,"value":1.0499999523163,"duration":0.10000000149012,"angle":123.75,"var":"vfx.canvPos.sy","ease":"inSine"},{"type":"ease","time":212.5,"value":1.0499999523163,"duration":0.10000000149012,"angle":146.25,"var":"vfx.canvPos.sx","ease":"inSine"},{"type":"ease","time":212.75,"value":1,"duration":1.5,"angle":123.75,"var":"vfx.canvPos.sy","ease":"outSine"},{"type":"ease","time":212.75,"value":1,"duration":1.5,"angle":146.25,"var":"vfx.canvPos.sx","ease":"outSine"},{"type":"ease","time":215.5,"value":1.0499999523163,"duration":0.10000000149012,"angle":45,"var":"vfx.canvPos.sy","ease":"inSine"},{"type":"ease","time":215.5,"value":1.0499999523163,"duration":0.10000000149012,"angle":67.5,"var":"vfx.canvPos.sx","ease":"inSine"},{"type":"ease","time":215.75,"value":1,"duration":1.5,"angle":45,"var":"vfx.canvPos.sy","ease":"outSine"},{"type":"ease","time":215.75,"value":1,"duration":1.5,"angle":67.5,"var":"vfx.canvPos.sx","ease":"outSine"},{"type":"ease","time":218.5,"value":1.0499999523163,"duration":0.10000000149012,"angle":123.75,"var":"vfx.canvPos.sy","ease":"inSine"},{"type":"ease","time":218.5,"value":1.0499999523163,"duration":0.10000000149012,"angle":146.25,"var":"vfx.canvPos.sx","ease":"inSine"},{"type":"ease","time":218.75,"value":1,"duration":1.5,"angle":123.75,"var":"vfx.canvPos.sy","ease":"outSine"},{"type":"ease","time":218.75,"value":1,"duration":1.5,"angle":146.25,"var":"vfx.canvPos.sx","ease":"outSine"},{"type":"ease","time":221.5,"value":1.0499999523163,"duration":0.10000000149012,"angle":123.75,"var":"vfx.canvPos.sy","ease":"inSine"},{"type":"ease","time":221.5,"value":1.0499999523163,"duration":0.10000000149012,"angle":146.25,"var":"vfx.canvPos.sx","ease":"inSine"},{"type":"ease","time":221.75,"value":1,"duration":1.5,"angle":123.75,"var":"vfx.canvPos.sy","ease":"outSine"},{"type":"ease","time":221.75,"value":1,"duration":1.5,"angle":146.25,"var":"vfx.canvPos.sx","ease":"outSine"},{"type":"ease","time":224.5,"value":1.0499999523163,"duration":0.10000000149012,"angle":90,"var":"vfx.canvPos.sy","ease":"inSine"},{"type":"ease","time":224.5,"value":1.0499999523163,"duration":0.10000000149012,"angle":112.5,"var":"vfx.canvPos.sx","ease":"inSine"},{"type":"ease","time":224.75,"value":1,"duration":1.5,"angle":90,"var":"vfx.canvPos.sy","ease":"outSine"},{"type":"ease","time":224.75,"value":1,"duration":1.5,"angle":112.5,"var":"vfx.canvPos.sx","ease":"outSine"},{"type":"ease","time":233.375,"value":1.0499999523163,"duration":0.10000000149012,"angle":123.75,"var":"vfx.canvPos.sy","ease":"inSine"},{"type":"ease","time":233.375,"value":1.0499999523163,"duration":0.10000000149012,"angle":146.25,"var":"vfx.canvPos.sx","ease":"inSine"},{"type":"ease","time":233.625,"value":1.0099999904633,"duration":1.5,"angle":123.75,"var":"vfx.canvPos.sy","ease":"outSine"},{"type":"ease","time":233.625,"value":1.0099999904633,"duration":1.5,"angle":146.25,"var":"vfx.canvPos.sx","ease":"outSine"},{"type":"ease","time":234.375,"value":1.0700000524521,"duration":0.10000000149012,"angle":123.75,"var":"vfx.canvPos.sy","ease":"inSine"},{"type":"ease","time":234.375,"value":1.0700000524521,"duration":0.10000000149012,"angle":146.25,"var":"vfx.canvPos.sx","ease":"inSine"},{"type":"ease","time":234.625,"value":1,"duration":1.5,"angle":123.75,"var":"vfx.canvPos.sy","ease":"outSine"},{"type":"ease","time":234.625,"value":1,"duration":1.5,"angle":146.25,"var":"vfx.canvPos.sx","ease":"outSine"},{"type":"ease","time":259.125,"value":1.0499999523163,"duration":0.10000000149012,"angle":-11.25,"var":"vfx.canvPos.sy","ease":"inSine"},{"type":"ease","time":259.125,"value":1.0499999523163,"duration":0.10000000149012,"angle":11.25,"var":"vfx.canvPos.sx","ease":"inSine"},{"type":"ease","time":259.375,"value":1,"duration":1.5,"angle":-11.25,"var":"vfx.canvPos.sy","ease":"outSine"},{"type":"ease","time":259.375,"value":1,"duration":1.5,"angle":11.25,"var":"vfx.canvPos.sx","ease":"outSine"},{"type":"ease","time":257.25,"value":1.0499999523163,"duration":0.10000000149012,"angle":22.5,"var":"vfx.canvPos.sy","ease":"inSine"},{"type":"ease","time":257.25,"value":1.0499999523163,"duration":0.10000000149012,"angle":45,"var":"vfx.canvPos.sx","ease":"inSine"},{"type":"ease","time":257.5,"value":1.1000000238419,"duration":0.10000000149012,"angle":22.5,"var":"vfx.canvPos.sy","ease":"outSine"},{"type":"ease","time":257.5,"value":1.1000000238419,"duration":0.10000000149012,"angle":45,"var":"vfx.canvPos.sx","ease":"outSine"},{"type":"ease","time":257.625,"value":1.0499999523163,"duration":0.10000000149012,"angle":22.5,"var":"vfx.canvPos.sy","ease":"inSine"},{"type":"ease","time":257.625,"value":1.0499999523163,"duration":0.10000000149012,"angle":45,"var":"vfx.canvPos.sx","ease":"inSine"},{"type":"ease","time":257.875,"value":1,"duration":1.5,"angle":22.5,"var":"vfx.canvPos.sy","ease":"outSine"},{"type":"ease","time":257.875,"value":1,"duration":1.5,"angle":45,"var":"vfx.canvPos.sx","ease":"outSine"},{"type":"ease","time":230.375,"value":1.0499999523163,"duration":0.10000000149012,"angle":213.75,"var":"vfx.canvPos.sy","ease":"inSine"},{"type":"ease","time":230.375,"value":1.0499999523163,"duration":0.10000000149012,"angle":236.25,"var":"vfx.canvPos.sx","ease":"inSine"},{"type":"ease","time":230.625,"value":1.0099999904633,"duration":1.5,"angle":213.75,"var":"vfx.canvPos.sy","ease":"outSine"},{"type":"ease","time":230.625,"value":1.0099999904633,"duration":1.5,"angle":236.25,"var":"vfx.canvPos.sx","ease":"outSine"},{"type":"ease","time":231.375,"value":1.0700000524521,"duration":0.10000000149012,"angle":213.75,"var":"vfx.canvPos.sy","ease":"inSine"},{"type":"ease","time":231.375,"value":1.0700000524521,"duration":0.10000000149012,"angle":236.25,"var":"vfx.canvPos.sx","ease":"inSine"},{"type":"ease","time":231.625,"value":1,"duration":1.5,"angle":213.75,"var":"vfx.canvPos.sy","ease":"outSine"},{"type":"ease","time":231.625,"value":1,"duration":1.5,"angle":236.25,"var":"vfx.canvPos.sx","ease":"outSine"},{"type":"ease","time":227.5,"value":1.0499999523163,"duration":0.10000000149012,"angle":292.5,"var":"vfx.canvPos.sy","ease":"inSine"},{"type":"ease","time":227.5,"value":1.0499999523163,"duration":0.10000000149012,"angle":315,"var":"vfx.canvPos.sx","ease":"inSine"},{"type":"ease","time":227.75,"value":1.0099999904633,"duration":1.5,"angle":292.5,"var":"vfx.canvPos.sy","ease":"outSine"},{"type":"ease","time":227.75,"value":1.0099999904633,"duration":1.5,"angle":315,"var":"vfx.canvPos.sx","ease":"outSine"},{"type":"ease","time":228.5,"value":1.0700000524521,"duration":0.10000000149012,"angle":292.5,"var":"vfx.canvPos.sy","ease":"inSine"},{"type":"ease","time":228.5,"value":1.0700000524521,"duration":0.10000000149012,"angle":315,"var":"vfx.canvPos.sx","ease":"inSine"},{"type":"ease","time":228.75,"value":1,"duration":1.5,"angle":292.5,"var":"vfx.canvPos.sy","ease":"outSine"},{"type":"ease","time":228.75,"value":1,"duration":1.5,"angle":315,"var":"vfx.canvPos.sx","ease":"outSine"},{"type":"ease","time":236.5,"value":1.0499999523163,"duration":0.10000000149012,"angle":123.75,"var":"vfx.canvPos.sy","ease":"inSine"},{"type":"ease","time":236.5,"value":1.0499999523163,"duration":0.10000000149012,"angle":146.25,"var":"vfx.canvPos.sx","ease":"inSine"},{"type":"ease","time":236.75,"value":1.0099999904633,"duration":1.5,"angle":123.75,"var":"vfx.canvPos.sy","ease":"outSine"},{"type":"ease","time":236.75,"value":1.0099999904633,"duration":1.5,"angle":146.25,"var":"vfx.canvPos.sx","ease":"outSine"},{"type":"ease","time":237.5,"value":1.0700000524521,"duration":0.10000000149012,"angle":123.75,"var":"vfx.canvPos.sy","ease":"inSine"},{"type":"ease","time":237.5,"value":1.0700000524521,"duration":0.10000000149012,"angle":146.25,"var":"vfx.canvPos.sx","ease":"inSine"},{"type":"ease","time":237.75,"value":1,"duration":1.5,"angle":123.75,"var":"vfx.canvPos.sy","ease":"outSine"},{"type":"ease","time":237.75,"value":1,"duration":1.5,"angle":146.25,"var":"vfx.canvPos.sx","ease":"outSine"},{"type":"ease","time":239.5,"value":1.0499999523163,"duration":0.10000000149012,"angle":123.75,"var":"vfx.canvPos.sy","ease":"inSine"},{"type":"ease","time":239.5,"value":1.0499999523163,"duration":0.10000000149012,"angle":146.25,"var":"vfx.canvPos.sx","ease":"inSine"},{"type":"ease","time":239.75,"value":1.0099999904633,"duration":1.5,"angle":123.75,"var":"vfx.canvPos.sy","ease":"outSine"},{"type":"ease","time":239.75,"value":1.0099999904633,"duration":1.5,"angle":146.25,"var":"vfx.canvPos.sx","ease":"outSine"},{"type":"ease","time":240.5,"value":1.0700000524521,"duration":0.10000000149012,"angle":123.75,"var":"vfx.canvPos.sy","ease":"inSine"},{"type":"ease","time":240.5,"value":1.0700000524521,"duration":0.10000000149012,"angle":146.25,"var":"vfx.canvPos.sx","ease":"inSine"},{"type":"ease","time":240.75,"value":1,"duration":1.5,"angle":123.75,"var":"vfx.canvPos.sy","ease":"outSine"},{"type":"ease","time":240.75,"value":1,"duration":1.5,"angle":146.25,"var":"vfx.canvPos.sx","ease":"outSine"},{"type":"ease","time":249,"value":1.0499999523163,"duration":0.10000000149012,"angle":123.75,"var":"vfx.canvPos.sy","ease":"inSine"},{"type":"ease","time":249,"value":1.0499999523163,"duration":0.10000000149012,"angle":146.25,"var":"vfx.canvPos.sx","ease":"inSine"},{"type":"ease","time":249.25,"value":1.0099999904633,"duration":0.25,"angle":123.75,"var":"vfx.canvPos.sy","ease":"outSine"},{"type":"ease","time":249.25,"value":1.0099999904633,"duration":0.25,"angle":146.25,"var":"vfx.canvPos.sx","ease":"outSine"},{"type":"ease","time":249.5,"value":1.0700000524521,"duration":0.10000000149012,"angle":123.75,"var":"vfx.canvPos.sy","ease":"inSine"},{"type":"ease","time":249.5,"value":1.0700000524521,"duration":0.10000000149012,"angle":146.25,"var":"vfx.canvPos.sx","ease":"inSine"},{"type":"ease","time":249.75,"value":1,"duration":1.5,"angle":123.75,"var":"vfx.canvPos.sy","ease":"outSine"},{"type":"ease","time":249.75,"value":1,"duration":1.5,"angle":146.25,"var":"vfx.canvPos.sx","ease":"outSine"},{"type":"ease","time":245.375,"value":1.0499999523163,"duration":0.10000000149012,"angle":22.5,"var":"vfx.canvPos.sy","ease":"inSine"},{"type":"ease","time":245.375,"value":1.0499999523163,"duration":0.10000000149012,"angle":45,"var":"vfx.canvPos.sx","ease":"inSine"},{"type":"ease","time":245.625,"value":1.0099999904633,"duration":1.5,"angle":22.5,"var":"vfx.canvPos.sy","ease":"outSine"},{"type":"ease","time":245.625,"value":1.0099999904633,"duration":1.5,"angle":45,"var":"vfx.canvPos.sx","ease":"outSine"},{"type":"ease","time":246.375,"value":1.0700000524521,"duration":0.10000000149012,"angle":22.5,"var":"vfx.canvPos.sy","ease":"inSine"},{"type":"ease","time":246.375,"value":1.0700000524521,"duration":0.10000000149012,"angle":45,"var":"vfx.canvPos.sx","ease":"inSine"},{"type":"ease","time":246.625,"value":1.0199999809265,"duration":1.5,"angle":22.5,"var":"vfx.canvPos.sy","ease":"outSine"},{"type":"ease","time":246.625,"value":1.0199999809265,"duration":1.5,"angle":45,"var":"vfx.canvPos.sx","ease":"outSine"},{"type":"ease","time":247.375,"value":1.1000000238419,"duration":0.10000000149012,"angle":22.5,"var":"vfx.canvPos.sy","ease":"inSine"},{"type":"ease","time":247.375,"value":1.1000000238419,"duration":0.10000000149012,"angle":45,"var":"vfx.canvPos.sx","ease":"inSine"},{"type":"ease","time":247.625,"value":1,"duration":1.5,"angle":22.5,"var":"vfx.canvPos.sy","ease":"outSine"},{"type":"ease","time":247.625,"value":1,"duration":1.5,"angle":45,"var":"vfx.canvPos.sx","ease":"outSine"},{"type":"ease","time":242.375,"value":1.0499999523163,"duration":0.10000000149012,"angle":0,"var":"vfx.canvPos.sy","ease":"inSine"},{"type":"ease","time":242.375,"value":1.0499999523163,"duration":0.10000000149012,"angle":22.5,"var":"vfx.canvPos.sx","ease":"inSine"},{"type":"ease","time":242.625,"value":1,"duration":1.5,"angle":0,"var":"vfx.canvPos.sy","ease":"outSine"},{"type":"ease","time":242.625,"value":1,"duration":1.5,"angle":22.5,"var":"vfx.canvPos.sx","ease":"outSine"},{"type":"paddles","newWidth":40,"paddle":1,"duration":1.5,"angle":213.75,"time":280,"ease":"linear"},{"type":"paddles","newWidth":40,"paddle":2,"duration":1.5,"angle":202.5,"time":280,"ease":"linear"},{"time":309,"r":0,"b":0,"g":0,"angle":45,"description":"","type":"bookmark","name":"end spin"},{"time":300,"color":6,"r":255,"type":"setColor","g":234,"duration":5,"angle":45,"ease":"linear","b":113},{"time":300,"color":5,"r":240,"type":"setColor","g":56,"duration":5,"angle":315,"ease":"linear","b":110},{"time":305,"color":6,"r":208,"type":"setColor","g":241,"duration":5,"angle":45,"ease":"linear","b":147},{"time":305,"color":5,"r":224,"type":"setColor","g":23,"duration":5,"angle":315,"ease":"linear","b":23},{"time":310,"color":6,"r":172,"type":"setColor","g":241,"duration":5,"angle":45,"ease":"linear","b":167},{"time":310,"color":5,"r":237,"type":"setColor","g":185,"duration":5,"angle":315,"ease":"linear","b":37},{"time":315,"color":6,"r":151,"type":"setColor","g":243,"duration":5,"angle":45,"ease":"linear","b":249},{"time":315,"color":5,"r":42,"type":"setColor","g":182,"duration":5,"angle":315,"ease":"linear","b":58},{"time":320,"color":6,"r":212,"type":"setColor","g":175,"duration":5,"angle":45,"ease":"linear","b":253},{"time":320,"color":5,"r":31,"type":"setColor","g":118,"duration":5,"angle":315,"ease":"linear","b":160},{"time":325,"color":6,"r":244,"type":"setColor","g":160,"duration":5,"angle":45,"ease":"linear","b":175},{"time":325,"color":5,"r":31,"type":"setColor","g":42,"duration":5,"angle":315,"ease":"linear","b":200},{"time":310,"color":1,"r":241,"b":39,"g":39,"duration":6,"angle":270,"type":"setColor"},{"time":330,"color":6,"r":255,"type":"setColor","g":234,"duration":5,"angle":45,"ease":"linear","b":113},{"time":330,"color":5,"r":240,"type":"setColor","g":56,"duration":5,"angle":315,"ease":"linear","b":110},{"time":335,"color":6,"r":208,"type":"setColor","g":241,"duration":5,"angle":45,"ease":"linear","b":147},{"time":335,"color":5,"r":224,"type":"setColor","g":23,"duration":5,"angle":315,"ease":"linear","b":23},{"time":340,"color":6,"r":172,"type":"setColor","g":241,"duration":5,"angle":45,"ease":"linear","b":167},{"time":340,"color":5,"r":237,"type":"setColor","g":185,"duration":5,"angle":315,"ease":"linear","b":37},{"time":345,"color":6,"r":174,"type":"setColor","g":242,"duration":5,"angle":45,"ease":"linear","b":246},{"time":345,"color":5,"r":42,"type":"setColor","g":182,"duration":5,"angle":315,"ease":"linear","b":58},{"time":350,"color":6,"r":221,"type":"setColor","g":193,"duration":5,"angle":22.5,"ease":"linear","b":251},{"time":350,"color":5,"r":23,"type":"setColor","g":94,"duration":5,"angle":270,"ease":"linear","b":127},{"time":355,"color":6,"r":207,"type":"setColor","g":207,"duration":5,"angle":45,"ease":"linear","b":207},{"time":355,"color":5,"r":7,"type":"setColor","g":11,"duration":5,"angle":315,"ease":"linear","b":78},{"time":340,"color":1,"r":241,"b":39,"g":39,"duration":6,"angle":270,"type":"setColor"},{"time":280,"color":1,"r":241,"b":39,"g":39,"duration":6,"angle":281.25,"type":"setColor"},{"time":300,"color":1,"r":49,"b":187,"g":28,"duration":6,"angle":270,"type":"setColor"},{"time":361,"enabled":true,"newAngle":0,"newWidth":0,"paddle":2,"duration":2,"angle":202.5,"type":"paddles","ease":"linear"},{"time":361,"enabled":true,"newWidth":70,"paddle":1,"duration":5,"angle":180,"type":"paddles","ease":"linear"},{"type":"deco","time":311,"id":"1","duration":6.5,"angle":337.5,"r":-2000,"ease":"inSine"},{"type":"deco","time":323.125,"id":"1","duration":6.5,"angle":315,"r":-2100,"ease":"inSine"},{"type":"deco","time":317.125,"id":"1","duration":6,"angle":326.25,"r":-1900,"ease":"outSine"},{"type":"deco","time":329.25,"id":"1","duration":6,"angle":270,"r":-2200,"ease":"outSine"},{"type":"deco","time":310,"id":"1","duration":1,"angle":292.5,"r":-2200,"ease":"outSine"},{"ease":"linear","time":366,"paddle":2,"duration":0,"angle":270,"type":"paddles","enabled":false},{"time":345,"r":0,"b":0,"g":0,"angle":360,"description":"","type":"bookmark","name":"lemon demon"},{"type":"deco","time":335,"id":"1","duration":4.5,"angle":337.5,"r":-2050,"ease":"inSine"},{"type":"deco","time":339.5,"id":"1","duration":1.5,"angle":360,"r":-2000,"ease":"outSine"},{"type":"deco","time":341,"id":"1","duration":4.5,"angle":337.5,"r":-2150,"ease":"inSine"},{"type":"deco","time":345.5,"id":"1","duration":1.5,"angle":360,"r":-2200,"ease":"outSine"},{"type":"deco","time":347,"id":"1","duration":12,"angle":22.5,"r":-2300,"ease":"outSine"},{"time":281.375,"value":10,"angle":360,"var":"vfx.vglitch.strength","type":"ease"},{"time":281.375,"value":2,"angle":22.5,"var":"vfx.vglitch.resolution","type":"ease"},{"value":0,"time":281.5,"duration":0.20000000298023,"angle":22.5,"var":"vfx.vglitch.strength","type":"ease"},{"value":0,"time":281.5,"duration":0.20000000298023,"angle":360,"var":"vfx.vglitch.resolution","type":"ease"},{"time":281.875,"value":10,"angle":360,"var":"vfx.vglitch.strength","type":"ease"},{"time":281.875,"value":2,"angle":22.5,"var":"vfx.vglitch.resolution","type":"ease"},{"value":0,"time":282,"duration":0.5,"angle":22.5,"var":"vfx.vglitch.strength","type":"ease"},{"value":0,"time":282,"duration":0.5,"angle":360,"var":"vfx.vglitch.resolution","type":"ease"},{"time":284.25,"value":10,"angle":360,"var":"vfx.vglitch.strength","type":"ease"},{"time":284.25,"value":2,"angle":22.5,"var":"vfx.vglitch.resolution","type":"ease"},{"value":0,"time":284.375,"duration":0.5,"angle":0,"var":"vfx.vglitch.strength","type":"ease"},{"value":0,"time":284.375,"duration":0.5,"angle":22.5,"var":"vfx.vglitch.resolution","type":"ease"},{"time":285,"value":10,"angle":360,"var":"vfx.vglitch.strength","type":"ease"},{"time":285,"value":2,"angle":22.5,"var":"vfx.vglitch.resolution","type":"ease"},{"value":0,"time":285.125,"duration":0.5,"angle":0,"var":"vfx.vglitch.strength","type":"ease"},{"value":0,"time":285.125,"duration":0.5,"angle":22.5,"var":"vfx.vglitch.resolution","type":"ease"},{"time":287,"value":10,"angle":360,"var":"vfx.vglitch.strength","type":"ease"},{"time":287,"value":2,"angle":22.5,"var":"vfx.vglitch.resolution","type":"ease"},{"value":0,"time":287.125,"duration":0.5,"angle":0,"var":"vfx.vglitch.strength","type":"ease"},{"value":0,"time":287.125,"duration":0.5,"angle":22.5,"var":"vfx.vglitch.resolution","type":"ease"},{"type":"ease","time":271,"value":1.0499999523163,"duration":0.10000000149012,"angle":90,"var":"vfx.canvPos.sy","ease":"inSine"},{"type":"ease","time":271,"value":1.0499999523163,"duration":0.10000000149012,"angle":112.5,"var":"vfx.canvPos.sx","ease":"inSine"},{"type":"ease","time":271.25,"value":1,"duration":1.5,"angle":90,"var":"vfx.canvPos.sy","ease":"outSine"},{"type":"ease","time":271.25,"value":1,"duration":1.5,"angle":112.5,"var":"vfx.canvPos.sx","ease":"outSine"},{"type":"ease","time":269.125,"value":1.0499999523163,"duration":0.10000000149012,"angle":90,"var":"vfx.canvPos.sy","ease":"inSine"},{"type":"ease","time":269.125,"value":1.0499999523163,"duration":0.10000000149012,"angle":112.5,"var":"vfx.canvPos.sx","ease":"inSine"},{"type":"ease","time":269.375,"value":1,"duration":1.5,"angle":90,"var":"vfx.canvPos.sy","ease":"outSine"},{"type":"ease","time":269.375,"value":1,"duration":1.5,"angle":112.5,"var":"vfx.canvPos.sx","ease":"outSine"},{"type":"ease","time":253.125,"value":1.0499999523163,"duration":0.10000000149012,"angle":90,"var":"vfx.canvPos.sy","ease":"inSine"},{"type":"ease","time":253.125,"value":1.0499999523163,"duration":0.10000000149012,"angle":112.5,"var":"vfx.canvPos.sx","ease":"inSine"},{"type":"ease","time":253.375,"value":1,"duration":1.5,"angle":90,"var":"vfx.canvPos.sy","ease":"outSine"},{"type":"ease","time":253.375,"value":1,"duration":1.5,"angle":112.5,"var":"vfx.canvPos.sx","ease":"outSine"},{"type":"ease","time":278.5,"value":1.0499999523163,"duration":0.10000000149012,"angle":90,"var":"vfx.canvPos.sy","ease":"inSine"},{"type":"ease","time":278.5,"value":1.0499999523163,"duration":0.10000000149012,"angle":112.5,"var":"vfx.canvPos.sx","ease":"inSine"},{"type":"ease","time":278.75,"value":1.1000000238419,"duration":0,"angle":90,"var":"vfx.canvPos.sy","ease":"outSine"},{"type":"ease","time":278.75,"value":1.1000000238419,"duration":0,"angle":112.5,"var":"vfx.canvPos.sx","ease":"outSine"},{"type":"ease","time":263.5,"value":1.0499999523163,"duration":0.10000000149012,"angle":-135,"var":"vfx.canvPos.sy","ease":"inSine"},{"type":"ease","time":263.5,"value":1.0499999523163,"duration":0.10000000149012,"angle":-112.5,"var":"vfx.canvPos.sx","ease":"inSine"},{"type":"ease","time":263.75,"value":1.0099999904633,"duration":1.5,"angle":-135,"var":"vfx.canvPos.sy","ease":"outSine"},{"type":"ease","time":263.75,"value":1.0099999904633,"duration":1.5,"angle":-112.5,"var":"vfx.canvPos.sx","ease":"outSine"},{"type":"ease","time":264,"value":1.0700000524521,"duration":0.10000000149012,"angle":225,"var":"vfx.canvPos.sy","ease":"inSine"},{"type":"ease","time":264,"value":1.0700000524521,"duration":0.10000000149012,"angle":247.5,"var":"vfx.canvPos.sx","ease":"inSine"},{"type":"ease","time":264.25,"value":1,"duration":1.5,"angle":225,"var":"vfx.canvPos.sy","ease":"outSine"},{"type":"ease","time":264.25,"value":1,"duration":1.5,"angle":247.5,"var":"vfx.canvPos.sx","ease":"outSine"},{"type":"ease","time":288.875,"value":1.0499999523163,"duration":0.10000000149012,"angle":90,"var":"vfx.canvPos.sy","ease":"inSine"},{"type":"ease","time":288.875,"value":1.0499999523163,"duration":0.10000000149012,"angle":112.5,"var":"vfx.canvPos.sx","ease":"inSine"},{"type":"ease","time":289.125,"value":1,"duration":1.5,"angle":90,"var":"vfx.canvPos.sy","ease":"outSine"},{"type":"ease","time":289.125,"value":1,"duration":1.5,"angle":112.5,"var":"vfx.canvPos.sx","ease":"outSine"},{"type":"ease","time":280.25,"value":1.0499999523163,"duration":0.10000000149012,"angle":-45,"var":"vfx.canvPos.sy","ease":"inSine"},{"type":"ease","time":280.25,"value":1.0499999523163,"duration":0.10000000149012,"angle":-22.5,"var":"vfx.canvPos.sx","ease":"inSine"},{"type":"ease","time":280.5,"value":1,"duration":1.5,"angle":-45,"var":"vfx.canvPos.sy","ease":"outSine"},{"type":"ease","time":280.5,"value":1,"duration":1.5,"angle":-22.5,"var":"vfx.canvPos.sx","ease":"outSine"},{"type":"ease","time":280.75,"value":1.0499999523163,"duration":0.10000000149012,"angle":337.5,"var":"vfx.canvPos.sy","ease":"inSine"},{"type":"ease","time":280.75,"value":1.0499999523163,"duration":0.10000000149012,"angle":360,"var":"vfx.canvPos.sx","ease":"inSine"},{"type":"ease","time":281,"value":1,"duration":1.5,"angle":337.5,"var":"vfx.canvPos.sy","ease":"outSine"},{"type":"ease","time":281,"value":1,"duration":1.5,"angle":360,"var":"vfx.canvPos.sx","ease":"outSine"},{"type":"ease","time":286.125,"value":1.0499999523163,"duration":0.10000000149012,"angle":90,"var":"vfx.canvPos.sy","ease":"inSine"},{"type":"ease","time":286.125,"value":1.0499999523163,"duration":0.10000000149012,"angle":112.5,"var":"vfx.canvPos.sx","ease":"inSine"},{"type":"ease","time":286.375,"value":1.0099999904633,"duration":1.5,"angle":90,"var":"vfx.canvPos.sy","ease":"outSine"},{"type":"ease","time":286.375,"value":1.0099999904633,"duration":1.5,"angle":112.5,"var":"vfx.canvPos.sx","ease":"outSine"},{"type":"ease","time":286.625,"value":1.0800000429153,"duration":0.10000000149012,"angle":90,"var":"vfx.canvPos.sy","ease":"inSine"},{"type":"ease","time":286.625,"value":1.0800000429153,"duration":0.10000000149012,"angle":112.5,"var":"vfx.canvPos.sx","ease":"inSine"},{"type":"ease","time":286.875,"value":1,"duration":1.5,"angle":90,"var":"vfx.canvPos.sy","ease":"outSine"},{"type":"ease","time":286.875,"value":1,"duration":1.5,"angle":112.5,"var":"vfx.canvPos.sx","ease":"outSine"},{"type":"ease","time":266.75,"value":1.0499999523163,"duration":0.10000000149012,"angle":90,"var":"vfx.canvPos.sy","ease":"inSine"},{"type":"ease","time":266.75,"value":1.0499999523163,"duration":0.10000000149012,"angle":112.5,"var":"vfx.canvPos.sx","ease":"inSine"},{"type":"ease","time":267,"value":1.1000000238419,"duration":0,"angle":90,"var":"vfx.canvPos.sy","ease":"outSine"},{"type":"ease","time":267,"value":1.1000000238419,"duration":0,"angle":112.5,"var":"vfx.canvPos.sx","ease":"outSine"},{"type":"ease","time":267.25,"value":1.0700000524521,"duration":0,"angle":90,"var":"vfx.canvPos.sy","ease":"inSine"},{"type":"ease","time":267.25,"value":1.0700000524521,"duration":0,"angle":112.5,"var":"vfx.canvPos.sx","ease":"inSine"},{"type":"ease","time":267.5,"value":1,"duration":1.5,"angle":90,"var":"vfx.canvPos.sy","ease":"outSine"},{"type":"ease","time":267.5,"value":1,"duration":1.5,"angle":112.5,"var":"vfx.canvPos.sx","ease":"outSine"},{"type":"ease","time":279,"value":1.0499999523163,"duration":0.10000000149012,"angle":90,"var":"vfx.canvPos.sy","ease":"inSine"},{"type":"ease","time":279,"value":1.0499999523163,"duration":0.10000000149012,"angle":112.5,"var":"vfx.canvPos.sx","ease":"inSine"},{"type":"ease","time":279.25,"value":1,"duration":1.5,"angle":90,"var":"vfx.canvPos.sy","ease":"outSine"},{"type":"ease","time":279.25,"value":1,"duration":1.5,"angle":112.5,"var":"vfx.canvPos.sx","ease":"outSine"},{"value":10,"time":290,"duration":1,"angle":90,"var":"vfx.vglitch.strength","type":"ease"},{"value":2,"time":290,"duration":1,"angle":112.5,"var":"vfx.vglitch.resolution","type":"ease"},{"value":0,"time":291.75,"duration":0.5,"angle":90,"var":"vfx.vglitch.strength","type":"ease"},{"value":0,"time":291.75,"duration":0.5,"angle":112.5,"var":"vfx.vglitch.resolution","type":"ease"},{"time":269.125,"value":8,"angle":67.5,"var":"vfx.hglitch.strength","type":"ease"},{"value":0,"time":269.375,"duration":0.5,"angle":67.5,"var":"vfx.hglitch.strength","type":"ease"},{"time":269.125,"value":13,"angle":45,"var":"vfx.hglitch.resolution","type":"ease"},{"value":0,"time":269.375,"duration":0.5,"angle":45,"var":"vfx.hglitch.resolution","type":"ease"},{"time":279,"value":5,"angle":45,"var":"vfx.hglitch.strength","type":"ease"},{"time":278.5,"value":10,"angle":45,"var":"vfx.hglitch.strength","type":"ease"},{"time":278.5,"value":10,"angle":67.5,"var":"vfx.hglitch.resolution","type":"ease"},{"time":279,"value":3,"angle":67.5,"var":"vfx.hglitch.resolution","type":"ease"},{"value":0,"time":279.25,"duration":0.5,"angle":67.5,"var":"vfx.hglitch.resolution","type":"ease"},{"value":0,"time":279.25,"duration":0.5,"angle":45,"var":"vfx.hglitch.strength","type":"ease"},{"type":"ease","time":282.75,"value":1.0499999523163,"duration":0.10000000149012,"angle":90,"var":"vfx.canvPos.sy","ease":"inSine"},{"type":"ease","time":282.75,"value":1.0499999523163,"duration":0.10000000149012,"angle":112.5,"var":"vfx.canvPos.sx","ease":"inSine"},{"type":"ease","time":283,"value":1.0099999904633,"duration":1.5,"angle":90,"var":"vfx.canvPos.sy","ease":"outSine"},{"type":"ease","time":283,"value":1.0099999904633,"duration":1.5,"angle":112.5,"var":"vfx.canvPos.sx","ease":"outSine"},{"type":"ease","time":288.75,"value":5,"duration":0.10000000149012,"angle":135,"var":"vfx.hglitch.resolution","ease":"inSine"},{"type":"ease","time":288.75,"value":5,"duration":0.10000000149012,"angle":157.5,"var":"vfx.hglitch.strength","ease":"inSine"},{"value":0,"time":289,"duration":0.5,"angle":135,"var":"vfx.hglitch.resolution","type":"ease"},{"value":0,"time":289,"duration":0.5,"angle":157.5,"var":"vfx.hglitch.strength","type":"ease"},{"time":298,"r":0,"b":0,"g":0,"angle":22.5,"description":"","type":"bookmark","name":"spin the 2st"},{"value":10,"time":299,"duration":1,"angle":67.5,"var":"vfx.vglitch.strength","type":"ease"},{"value":2,"time":299,"duration":1,"angle":112.5,"var":"vfx.vglitch.resolution","type":"ease"},{"value":0,"time":300.5,"duration":0.5,"angle":90,"var":"vfx.vglitch.strength","type":"ease"},{"value":0,"time":300.5,"duration":0.5,"angle":112.5,"var":"vfx.vglitch.resolution","type":"ease"},{"value":10,"time":300.75,"duration":1,"angle":45,"var":"vfx.hglitch.strength","type":"ease"},{"value":4,"time":300.75,"duration":1,"angle":67.5,"var":"vfx.hglitch.resolution","type":"ease"},{"value":0,"time":302.375,"duration":0.5,"angle":45,"var":"vfx.hglitch.strength","type":"ease"},{"value":0,"time":302.375,"duration":0.5,"angle":67.5,"var":"vfx.hglitch.resolution","type":"ease"},{"time":302.625,"value":10,"angle":67.5,"var":"vfx.vglitch.strength","type":"ease"},{"time":302.625,"value":10,"angle":112.5,"var":"vfx.vglitch.resolution","type":"ease"},{"value":0,"time":303,"order":0,"duration":0.5,"angle":67.5,"var":"vfx.vglitch.strength","type":"ease"},{"value":0,"time":303,"duration":0.5,"angle":112.5,"var":"vfx.vglitch.resolution","type":"ease"},{"time":303.625,"value":10,"angle":135,"var":"vfx.vglitch.strength","type":"ease"},{"time":303.625,"value":2,"angle":180,"var":"vfx.vglitch.resolution","type":"ease"},{"value":0,"time":304,"order":0,"duration":0,"angle":135,"var":"vfx.vglitch.strength","type":"ease"},{"value":0,"time":304,"duration":0,"angle":180,"var":"vfx.vglitch.resolution","type":"ease"},{"value":15,"time":304.375,"duration":1,"angle":135,"var":"vfx.vglitch.strength","type":"ease"},{"value":2,"time":304.375,"duration":1,"angle":180,"var":"vfx.vglitch.resolution","type":"ease"},{"time":305.5,"value":0,"angle":135,"var":"vfx.vglitch.strength","type":"ease"},{"time":305.5,"value":0,"angle":180,"var":"vfx.vglitch.resolution","type":"ease"},{"time":306.625,"value":8,"angle":360,"var":"vfx.vglitch.strength","type":"ease"},{"time":306.625,"value":10,"angle":22.5,"var":"vfx.vglitch.resolution","type":"ease"},{"value":0,"time":306.75,"duration":0.10000000149012,"angle":0,"var":"vfx.vglitch.strength","type":"ease"},{"value":0,"time":306.75,"duration":0.10000000149012,"angle":22.5,"var":"vfx.vglitch.resolution","type":"ease"},{"time":307,"value":10,"angle":360,"var":"vfx.vglitch.strength","type":"ease"},{"time":307,"value":2,"angle":22.5,"var":"vfx.vglitch.resolution","type":"ease"},{"value":0,"time":307.125,"duration":0.5,"angle":0,"var":"vfx.vglitch.strength","type":"ease"},{"value":0,"time":307.125,"duration":0.5,"angle":22.5,"var":"vfx.vglitch.resolution","type":"ease"},{"type":"ease","time":299.125,"value":1.0499999523163,"duration":0.10000000149012,"angle":607.5,"var":"vfx.canvPos.sy","ease":"inSine"},{"type":"ease","time":299.125,"value":1.0499999523163,"duration":0.10000000149012,"angle":630,"var":"vfx.canvPos.sx","ease":"inSine"},{"type":"ease","time":300.5,"value":1,"duration":1.5,"angle":247.5,"var":"vfx.canvPos.sy","ease":"outSine"},{"type":"ease","time":300.5,"value":1,"duration":1.5,"angle":270,"var":"vfx.canvPos.sx","ease":"outSine"},{"type":"ease","time":303,"value":1.0499999523163,"duration":0.10000000149012,"angle":292.5,"var":"vfx.canvPos.sy","ease":"inSine"},{"type":"ease","time":303,"value":1.0499999523163,"duration":0.10000000149012,"angle":315,"var":"vfx.canvPos.sx","ease":"inSine"},{"type":"ease","time":303.25,"value":1,"duration":1.5,"angle":292.5,"var":"vfx.canvPos.sy","ease":"outSine"},{"type":"ease","time":303.25,"value":1,"duration":1.5,"angle":315,"var":"vfx.canvPos.sx","ease":"outSine"},{"type":"ease","time":303.625,"value":1.0499999523163,"duration":0.10000000149012,"angle":225,"var":"vfx.canvPos.sy","ease":"inSine"},{"type":"ease","time":303.625,"value":1.0499999523163,"duration":0.10000000149012,"angle":247.5,"var":"vfx.canvPos.sx","ease":"inSine"},{"type":"ease","time":303.875,"value":1,"duration":1.5,"angle":225,"var":"vfx.canvPos.sy","ease":"outSine"},{"type":"ease","time":303.875,"value":1,"duration":1.5,"angle":247.5,"var":"vfx.canvPos.sx","ease":"outSine"},{"time":359.25,"color":5,"r":0,"b":34,"g":0,"duration":2,"angle":22.5,"type":"setColor"},{"time":359.25,"color":6,"r":19,"b":83,"g":15,"duration":2,"angle":45,"type":"setColor"},{"time":359.25,"color":1,"r":241,"b":39,"g":39,"duration":2,"angle":67.5,"type":"setColor"},{"time":359,"color":0,"angle":315,"enable":false,"type":"outline"},{"hide":true,"time":359,"id":"border2","angle":292.5,"type":"deco"},{"g":145,"time":359,"angle":22.5,"type":"setColor","color":6,"r":144,"b":255},{"g":0,"time":359,"angle":45,"type":"setColor","color":5,"r":1,"b":255},{"g":171,"time":359,"angle":67.5,"type":"setColor","color":1,"r":255,"b":171},{"g":0,"time":359,"angle":56.25,"type":"setColor","color":0,"r":0,"b":0},{"time":359.25,"color":0,"r":30,"b":59,"g":7,"duration":2,"angle":56.25,"type":"setColor"},{"time":347,"color":0,"r":0,"b":0,"g":0,"duration":12,"angle":67.5,"type":"setColor"},{"time":347,"color":1,"r":0,"b":0,"g":0,"duration":12,"angle":78.75,"type":"setColor"},{"time":376,"color":3,"angle":45,"enable":true,"type":"outline"},{"time":376,"color":4,"angle":337.5,"chance":0.69999998807907,"type":"noise"},{"type":"ease","time":376,"value":1,"duration":15,"angle":281.25,"var":"vfx.hglitch.strength","ease":"inSine"},{"type":"ease","time":376,"value":3,"duration":15,"angle":292.5,"var":"vfx.hglitch.resolution","ease":"inSine"},{"hide":true,"time":390.625,"id":"1","angle":337.5,"type":"deco"},{"g":51,"time":390.625,"angle":56.25,"type":"setColor","color":6,"r":41,"b":202},{"g":51,"time":390.625,"color":4,"type":"setColor","angle":67.5,"r":41,"b":202},{"g":51,"time":390.625,"color":1,"type":"setColor","angle":90,"r":41,"b":202},{"g":51,"time":390.625,"angle":78.75,"type":"setColor","color":0,"r":41,"b":202},{"g":51,"time":390.625,"angle":101.25,"type":"setColor","color":2,"r":41,"b":202},{"time":391,"color":1,"r":186,"type":"setColor","g":16,"duration":2,"angle":90,"ease":"linear","b":57},{"time":391,"color":2,"r":0,"type":"setColor","g":0,"duration":2,"angle":101.25,"ease":"linear","b":34},{"time":391,"color":0,"r":24,"type":"setColor","g":20,"duration":2,"angle":78.75,"ease":"linear","b":65},{"time":391,"color":3,"r":78,"type":"setColor","g":7,"duration":2,"angle":112.5,"ease":"linear","b":7},{"time":391,"color":4,"r":0,"type":"setColor","g":0,"duration":2,"angle":67.5,"ease":"linear","b":56},{"time":391,"color":5,"r":177,"type":"setColor","g":68,"duration":2,"angle":45,"ease":"linear","b":68},{"g":51,"time":390.625,"angle":258.75,"type":"setColor","color":3,"r":41,"b":202},{"type":"ease","time":359,"value":1.1000000238419,"duration":0.5,"angle":123.75,"var":"vfx.canvPos.sy","ease":"inSine"},{"type":"ease","time":359,"value":1.1000000238419,"duration":0.5,"angle":135,"var":"vfx.canvPos.sx","ease":"inSine"},{"type":"ease","time":359.5,"value":1,"duration":2,"angle":123.75,"var":"vfx.canvPos.sy","ease":"outSine"},{"type":"ease","time":359.5,"value":1,"duration":2,"angle":135,"var":"vfx.canvPos.sx","ease":"outSine"},{"hide":false,"time":390.625,"id":"border1","angle":315,"type":"deco"},{"time":391,"color":6,"r":0,"type":"setColor","g":0,"duration":2,"angle":56.25,"ease":"linear","b":0},{"id":"1","time":359,"type":"deco","duration":5,"angle":270,"r":-2350,"ease":"linear"},{"id":"1","time":364,"type":"deco","duration":12,"angle":281.25,"r":-2450,"ease":"outSine"},{"id":"1","time":376,"type":"deco","duration":15,"angle":315,"r":-1500,"ease":"inSine"},{"ease":"linear","time":362.75,"paddle":2,"duration":0,"angle":213.75,"type":"paddles","enabled":false},{"time":418.625,"angle":270,"type":"forcePlayerSprite","spriteName":""},{"time":390.625,"value":0.97500002384186,"angle":157.5,"var":"vfx.canvPos.sy","type":"ease"},{"time":390.625,"value":0.75,"angle":135,"var":"vfx.canvPos.sx","type":"ease"},{"value":1.1000000238419,"time":347,"duration":0.25,"angle":90,"var":"vfx.canvPos.sy","type":"ease"},{"value":1.1000000238419,"time":347,"duration":0.25,"angle":101.25,"var":"vfx.canvPos.sx","type":"ease"},{"value":-5,"time":347,"duration":3,"angle":112.5,"var":"vfx.canvPos.r","type":"ease"},{"value":1.2000000476837,"time":350,"duration":0.25,"angle":90,"var":"vfx.canvPos.sy","type":"ease"},{"value":1.2000000476837,"time":350,"duration":0.25,"angle":101.25,"var":"vfx.canvPos.sx","type":"ease"},{"value":7,"time":350,"duration":3,"angle":112.5,"var":"vfx.canvPos.r","type":"ease"},{"ease":"inSine","time":353,"value":1.1000000238419,"duration":0.5,"angle":90,"var":"vfx.canvPos.sy","type":"ease"},{"ease":"inSine","time":353,"value":1.1000000238419,"duration":0.5,"angle":101.25,"var":"vfx.canvPos.sx","type":"ease"},{"value":0,"time":353,"duration":3,"angle":112.5,"var":"vfx.canvPos.r","type":"ease"},{"value":1.3999999761581,"time":356,"duration":3,"angle":90,"var":"vfx.canvPos.sy","type":"ease"},{"value":1.3999999761581,"time":356,"duration":3,"angle":101.25,"var":"vfx.canvPos.sx","type":"ease"},{"value":5,"time":356,"duration":3,"angle":112.5,"var":"vfx.canvPos.r","type":"ease"},{"value":0,"time":359,"duration":3,"angle":112.5,"var":"vfx.canvPos.r","type":"ease"},{"angle":0,"time":399.5,"type":"showResults"},{"value":15,"time":376,"duration":15,"angle":247.5,"var":"vfx.hwaves.period","type":"ease"},{"value":2,"time":376,"duration":15,"angle":236.25,"var":"vfx.hwaves.strength","type":"ease"},{"value":15,"time":376,"duration":15,"angle":225,"var":"vfx.hwaves.offset","type":"ease"},{"time":390.625,"value":0,"angle":180,"var":"vfx.hwaves.strength","type":"ease"},{"time":390.625,"value":0,"angle":202.5,"var":"vfx.hwaves.period","type":"ease"}],"properties":{"formatversion":13,"speed":70,"startBeat":0,"offset":6}}