[{"type":"side","angle":315,"time":2},{"type":"side","angle":0,"time":3},{"type":"block","angle":0,"time":3.75},{"type":"block","angle":0,"time":4.5},{"type":"block","angle":348.75,"time":4.25},{"type":"block","angle":11.25,"time":4},{"type":"block","angle":11.25,"time":4.75},{"type":"block","angle":348.75,"time":5},{"type":"block","angle":0,"time":6},{"type":"block","angle":315,"time":6.5},{"type":"block","angle":45,"time":7},{"type":"block","angle":45,"time":7.75},{"type":"block","angle":33.75,"time":8},{"type":"block","angle":22.5,"time":8.25},{"type":"block","angle":11.25,"time":8.5},{"type":"block","angle":0,"time":8.75},{"type":"block","angle":0,"time":9.25},{"speedMult":2,"type":"mine","angle":292.5,"time":8.75},{"speedMult":2,"type":"mine","angle":292.5,"time":9.75},{"speedMult":2,"type":"mine","angle":67.5,"time":9.25},{"type":"block","angle":360,"time":10},{"type":"block","angle":45,"time":10.5},{"type":"block","angle":90,"time":11},{"type":"block","angle":360,"time":5.25},{"type":"block","angle":90,"time":12},{"type":"block","angle":90,"time":12.75},{"type":"block","angle":78.75,"time":12.25},{"type":"block","angle":101.25,"time":12.5},{"type":"block","angle":78.75,"time":13},{"type":"block","angle":101.25,"time":13.25},{"duration":0.5,"angle2":45,"type":"hold","angle":90,"time":14.5},{"duration":0.5,"angle2":135,"type":"hold","angle":90,"time":15.5},{"duration":0.5,"angle2":45,"type":"hold","angle":90,"time":16.5},{"duration":0.5,"angle2":135,"type":"hold","angle":45,"time":17},{"type":"side","angle":-495,"time":18},{"type":"side","angle":-180,"time":19},{"type":"block","angle":-180,"time":19.75},{"type":"block","angle":-180,"time":20.5},{"type":"block","angle":-528.75,"time":20.25},{"type":"block","angle":-191.25,"time":20},{"type":"block","angle":-191.25,"time":20.75},{"type":"block","angle":-528.75,"time":21},{"type":"block","angle":-180,"time":22},{"type":"block","angle":-495,"time":22.5},{"type":"block","angle":-225,"time":23},{"type":"block","angle":-225,"time":23.75},{"type":"block","angle":-213.75,"time":24},{"type":"block","angle":-202.5,"time":24.25},{"type":"block","angle":-191.25,"time":24.5},{"type":"block","angle":-180,"time":24.75},{"type":"block","angle":-180,"time":25.25},{"speedMult":2,"type":"mine","angle":-472.5,"time":24.75},{"speedMult":2,"type":"mine","angle":-472.5,"time":25.75},{"speedMult":2,"type":"mine","angle":-247.5,"time":25.25},{"type":"block","angle":-540,"time":26},{"type":"block","angle":-225,"time":26.5},{"type":"block","angle":-270,"time":27},{"type":"block","angle":-540,"time":21.25},{"type":"block","angle":-270,"time":28},{"type":"block","angle":-270,"time":28.75},{"type":"block","angle":-258.75,"time":28.25},{"type":"block","angle":-281.25,"time":28.5},{"type":"block","angle":-258.75,"time":29},{"type":"block","angle":-281.25,"time":29.25},{"duration":0.5,"angle2":-225,"type":"hold","angle":-270,"time":30.5},{"duration":0.5,"angle2":-315,"type":"hold","angle":-270,"time":31.5},{"type":"block","angle":45,"time":32},{"type":"block","angle":45,"time":32.5},{"type":"block","angle":45,"time":32.125},{"type":"block","angle":45,"time":32.25},{"type":"block","angle":45,"time":32.375},{"type":"block","angle":45,"time":33},{"type":"block","angle":45,"time":31.875},{"type":"block","angle":56.25,"time":31.75},{"type":"block","angle":67.5,"time":31.625},{"tap":true,"type":"side","angle":360,"time":34},{"tap":true,"type":"side","angle":45,"time":35},{"type":"block","angle":45,"time":35.75},{"type":"block","angle":45,"time":36.5},{"type":"block","angle":393.75,"time":36.25},{"tap":true,"type":"block","angle":56.25,"time":36},{"type":"block","angle":56.25,"time":36.75},{"tap":true,"type":"block","angle":393.75,"time":37},{"tap":true,"type":"block","angle":45,"time":38},{"type":"block","angle":360,"time":38.5},{"tap":true,"type":"block","angle":90,"time":39},{"type":"block","angle":90,"time":39.75},{"tap":true,"type":"block","angle":78.75,"time":40},{"type":"block","angle":67.5,"time":40.25},{"type":"block","angle":56.25,"time":40.5},{"type":"block","angle":45,"time":40.75},{"type":"block","angle":45,"time":41.25},{"speedMult":2,"type":"mine","angle":337.5,"time":40.75},{"speedMult":2,"type":"mine","angle":337.5,"time":41.75},{"speedMult":2,"type":"mine","angle":112.5,"time":41.25},{"type":"block","angle":90,"time":42.5},{"type":"block","angle":405,"time":37.25},{"tap":true,"type":"block","angle":135,"time":44},{"type":"block","angle":135,"time":44.75},{"type":"block","angle":123.75,"time":44.25},{"type":"block","angle":146.25,"time":44.5},{"tap":true,"type":"block","angle":123.75,"time":45},{"type":"block","angle":146.25,"time":45.25},{"duration":0.5,"angle2":90,"type":"hold","angle":135,"time":46.5},{"duration":0.5,"angle2":180,"type":"hold","angle":135,"time":47.5},{"duration":0.5,"angle2":90,"type":"hold","angle":135,"time":48.5},{"duration":0.5,"angle2":180,"type":"hold","angle":90,"startTap":true,"time":49},{"duration":1.25,"angle2":90,"time":13.25,"type":"hold","angle":101.25,"speedMult":2,"segments":1},{"duration":1.25,"angle2":90,"time":29.25,"type":"hold","angle":78.75,"speedMult":2,"segments":1},{"duration":1.25,"angle2":135,"time":45.25,"type":"hold","angle":146.25,"speedMult":2,"segments":1},{"tap":true,"type":"block","angle":45,"time":41},{"tap":true,"type":"block","angle":45,"time":42},{"tap":true,"type":"block","angle":135,"time":43},{"tap":true,"type":"block","angle":135,"time":46},{"tap":true,"type":"block","angle":90,"time":47},{"tap":true,"type":"block","angle":180,"time":48},{"tap":true,"type":"block","angle":180,"time":50},{"type":"extraTap","angle":180,"time":51},{"tap":true,"type":"block","angle":135,"time":52},{"tap":true,"type":"block","angle":90,"time":54},{"tap":true,"type":"block","angle":45,"time":56},{"type":"extraTap","angle":101.25,"time":53},{"type":"extraTap","angle":78.75,"time":55},{"type":"extraTap","angle":33.75,"time":57},{"type":"block","angle":0,"time":57.5},{"type":"block","angle":0,"time":57.75},{"type":"block","angle":0,"time":58},{"type":"block","angle":45,"time":58.5},{"type":"block","angle":90,"time":59},{"type":"block","angle":135,"time":59.5},{"type":"block","angle":135,"time":59.75},{"type":"block","angle":135,"time":60},{"type":"block","angle":180,"time":60.5},{"type":"block","angle":225,"time":61},{"type":"mine","angle":337.5,"time":50},{"type":"mine","angle":0,"time":50},{"type":"mine","angle":22.5,"time":50},{"type":"mine","angle":315,"time":52},{"type":"mine","angle":337.5,"time":52},{"type":"mine","angle":292.5,"time":52},{"type":"mine","angle":270,"time":54},{"type":"mine","angle":247.5,"time":54},{"type":"mine","angle":292.5,"time":54},{"type":"mine","angle":225,"time":56},{"type":"mine","angle":202.5,"time":56},{"type":"mine","angle":247.5,"time":56},{"type":"mine","angle":315,"time":50},{"type":"mine","angle":292.5,"time":50},{"type":"mine","angle":270,"time":50},{"type":"mine","angle":90,"time":50},{"type":"mine","angle":67.5,"time":50},{"type":"mine","angle":45,"time":50},{"type":"mine","angle":247.5,"time":50},{"type":"mine","angle":112.5,"time":50},{"type":"mine","angle":270,"time":52},{"type":"mine","angle":247.5,"time":52},{"type":"mine","angle":225,"time":52},{"type":"mine","angle":360,"time":52},{"type":"mine","angle":22.5,"time":52},{"type":"mine","angle":45,"time":52},{"type":"mine","angle":202.5,"time":52},{"type":"mine","angle":67.5,"time":52},{"type":"mine","angle":315,"time":54},{"type":"mine","angle":337.5,"time":54},{"type":"mine","angle":360,"time":54},{"type":"mine","angle":22.5,"time":54},{"type":"mine","angle":225,"time":54},{"type":"mine","angle":202.5,"time":54},{"type":"mine","angle":180,"time":54},{"type":"mine","angle":157.5,"time":54},{"type":"mine","angle":180,"time":56},{"type":"mine","angle":157.5,"time":56},{"type":"mine","angle":135,"time":56},{"type":"mine","angle":315,"time":56},{"type":"mine","angle":292.5,"time":56},{"type":"mine","angle":270,"time":56},{"type":"mine","angle":337.5,"time":56},{"type":"mine","angle":112.5,"time":56},{"type":"mine","angle":180,"time":57.5},{"type":"mine","angle":180,"time":57.75},{"type":"mine","angle":180,"time":58},{"type":"mine","angle":225,"time":58.5},{"type":"mine","angle":270,"time":59},{"type":"mine","angle":315,"time":59.5},{"type":"mine","angle":315,"time":59.75},{"type":"mine","angle":315,"time":60},{"type":"mine","angle":360,"time":60.5},{"type":"mine","angle":45,"time":61},{"type":"mine","angle":90,"time":62},{"type":"block","angle":270,"time":61.5},{"type":"block","angle":281.25,"time":61.75},{"type":"block","angle":292.5,"time":62},{"type":"block","angle":303.75,"time":62.25},{"type":"block","angle":315,"time":62.5},{"type":"block","angle":326.25,"time":62.75},{"type":"block","angle":337.5,"time":63},{"type":"block","angle":348.75,"time":63.25},{"type":"block","angle":0,"time":63.5},{"type":"block","angle":11.25,"time":63.75},{"type":"block","angle":22.5,"time":64},{"type":"block","angle":45,"time":65.25},{"type":"block","angle":45,"time":64.625},{"type":"block","angle":33.75,"time":64.125},{"type":"block","angle":45,"time":64.25},{"type":"block","angle":45,"time":64.875},{"type":"block","angle":281.25,"time":61.875},{"type":"block","angle":315,"time":62.625},{"duration":18.5,"angle2":360,"type":"hold","angle":45,"time":66},{"type":"block","angle":45,"time":65.5},{"type":"block","angle":45,"time":65.75},{"type":"mine","angle":236.25,"time":66},{"type":"mine","angle":247.5,"time":66.25},{"type":"mine","angle":258.75,"time":66.5},{"type":"mine","angle":270,"time":66.75},{"type":"mine","angle":281.25,"time":67},{"type":"mine","angle":270,"time":67.25},{"type":"mine","angle":258.75,"time":67.5},{"type":"mine","angle":247.5,"time":67.75},{"type":"mine","angle":236.25,"time":68},{"type":"mine","angle":247.5,"time":68.25},{"type":"mine","angle":258.75,"time":68.5},{"type":"mine","angle":270,"time":68.75},{"type":"mine","angle":281.25,"time":69},{"type":"mine","angle":270,"time":69.25},{"type":"mine","angle":258.75,"time":69.5},{"type":"mine","angle":247.5,"time":69.75},{"type":"mine","angle":236.25,"time":70},{"type":"mine","angle":247.5,"time":70.25},{"type":"mine","angle":258.75,"time":70.5},{"type":"mine","angle":270,"time":70.75},{"type":"mine","angle":281.25,"time":71},{"type":"mine","angle":292.5,"time":71.25},{"type":"mine","angle":303.75,"time":71.5},{"type":"mine","angle":315,"time":71.75},{"type":"mine","angle":326.25,"time":72},{"type":"mine","angle":315,"time":72.25},{"type":"mine","angle":303.75,"time":72.5},{"type":"mine","angle":292.5,"time":72.75},{"type":"mine","angle":281.25,"time":73},{"type":"mine","angle":292.5,"time":73.25},{"type":"mine","angle":303.75,"time":73.5},{"type":"mine","angle":315,"time":73.75},{"type":"mine","angle":326.25,"time":74},{"type":"mine","angle":337.5,"time":74.25},{"type":"mine","angle":348.75,"time":74.5},{"type":"mine","angle":360,"time":74.75},{"type":"mine","angle":11.25,"time":75},{"type":"mine","angle":0,"time":75.25},{"type":"mine","angle":348.75,"time":75.5},{"type":"mine","angle":337.5,"time":75.75},{"type":"mine","angle":326.25,"time":76},{"type":"mine","angle":337.5,"time":76.25},{"type":"mine","angle":348.75,"time":76.5},{"type":"mine","angle":360,"time":76.75},{"type":"mine","angle":11.25,"time":77},{"type":"mine","angle":22.5,"time":77.25},{"type":"mine","angle":33.75,"time":77.5},{"type":"mine","angle":45,"time":77.75},{"type":"mine","angle":56.25,"time":78},{"type":"mine","angle":45,"time":78.25},{"type":"mine","angle":33.75,"time":78.5},{"type":"mine","angle":22.5,"time":78.75},{"type":"mine","angle":11.25,"time":79},{"type":"mine","angle":22.5,"time":79.25},{"type":"mine","angle":33.75,"time":79.5},{"type":"mine","angle":45,"time":79.75},{"type":"mine","angle":56.25,"time":80},{"type":"mine","angle":67.5,"time":80.25},{"type":"mine","angle":78.75,"time":80.5},{"type":"mine","angle":90,"time":80.75},{"type":"mine","angle":101.25,"time":81},{"type":"mine","angle":112.5,"time":81.25},{"type":"mine","angle":123.75,"time":81.5},{"type":"mine","angle":135,"time":81.75},{"type":"mine","angle":146.25,"time":82},{"type":"mine","angle":135,"time":82.25},{"type":"mine","angle":123.75,"time":82.5},{"type":"mine","angle":112.5,"time":82.75},{"type":"mine","angle":101.25,"time":83},{"type":"mine","angle":112.5,"time":83.25},{"type":"mine","angle":123.75,"time":83.5},{"type":"mine","angle":135,"time":83.75},{"type":"mine","angle":146.25,"time":84},{"type":"mine","angle":135,"time":84.25},{"type":"mine","angle":123.75,"time":84.5},{"type":"block","angle":360,"time":85},{"type":"block","angle":0,"time":90},{"type":"block","angle":360,"time":88},{"type":"block","angle":0,"time":86.25},{"type":"block","angle":360,"time":87.5},{"type":"block","angle":0,"time":92},{"type":"block","angle":0,"time":94},{"type":"block","angle":315,"time":86.75},{"type":"block","angle":303.75,"time":87},{"type":"block","angle":45,"time":85.5},{"type":"block","angle":56.25,"time":85.75},{"type":"block","angle":315,"time":88.5},{"type":"block","angle":303.75,"time":88.75},{"type":"block","angle":45,"time":89.25},{"type":"block","angle":56.25,"time":89.5},{"type":"block","angle":315,"time":90.5},{"type":"block","angle":303.75,"time":90.75},{"type":"block","angle":45,"time":91.25},{"type":"block","angle":56.25,"time":91.5},{"type":"block","angle":315,"time":92.5},{"type":"block","angle":303.75,"time":92.75},{"type":"block","angle":45,"time":93.25},{"type":"block","angle":56.25,"time":93.5},{"type":"block","angle":315,"time":94.5},{"type":"block","angle":303.75,"time":94.75},{"type":"block","angle":45,"time":95.25},{"type":"block","angle":56.25,"time":95.5},{"type":"block","angle":360,"time":96},{"type":"block","angle":315,"time":96.5},{"type":"block","angle":303.75,"time":96.75},{"duration":0.5,"angle2":360,"type":"hold","angle":315,"time":97},{"type":"block","angle":360,"time":98},{"type":"block","angle":0,"time":99.25},{"type":"block","angle":45,"time":98.5},{"type":"block","angle":56.25,"time":98.75},{"type":"block","angle":348.75,"time":99.5},{"type":"block","angle":33.75,"time":100},{"type":"block","angle":90,"time":100.5},{"type":"block","angle":101.25,"time":100.75},{"type":"block","angle":56.25,"time":101.25},{"type":"block","angle":45,"time":101.5},{"type":"block","angle":135,"time":102},{"type":"block","angle":180,"time":102.5},{"type":"block","angle":191.25,"time":102.75},{"type":"block","angle":202.5,"time":103.25},{"type":"block","angle":213.75,"time":103.5},{"type":"block","angle":270,"time":104},{"type":"block","angle":281.25,"time":104.5},{"type":"block","angle":292.5,"time":104.75},{"type":"block","angle":258.75,"time":105.25},{"type":"block","angle":247.5,"time":105.5},{"type":"block","angle":270,"time":106},{"type":"block","angle":-90,"time":107.25},{"type":"block","angle":-45,"time":106.5},{"type":"block","angle":-33.75,"time":106.75},{"type":"block","angle":258.75,"time":107.5},{"type":"block","angle":-56.25,"time":108},{"type":"block","angle":0,"time":108.5},{"type":"block","angle":11.25,"time":108.75},{"type":"block","angle":-33.75,"time":109.25},{"type":"block","angle":-45,"time":109.5},{"type":"block","angle":45,"time":110},{"type":"block","angle":90,"time":110.5},{"type":"block","angle":101.25,"time":110.75},{"type":"block","angle":112.5,"time":111.25},{"type":"block","angle":123.75,"time":111.5},{"type":"block","angle":180,"time":112},{"type":"block","angle":191.25,"time":112.5},{"type":"block","angle":202.5,"time":112.75},{"type":"block","angle":168.75,"time":113.25},{"type":"block","angle":157.5,"time":113.5},{"type":"mine","angle":236.25,"time":110},{"type":"mine","angle":213.75,"time":109.875},{"type":"mine","angle":247.5,"time":109.875},{"type":"mine","angle":225,"time":110.125},{"type":"mine","angle":292.5,"time":111.25},{"type":"mine","angle":292.5,"time":111.5},{"type":"mine","angle":292.5,"time":111.75},{"type":"mine","angle":292.5,"time":112},{"type":"mine","angle":303.75,"time":111.25},{"type":"mine","angle":303.75,"time":111.5},{"type":"mine","angle":303.75,"time":111.75},{"type":"mine","angle":303.75,"time":112},{"type":"mine","angle":360,"time":112.5},{"type":"mine","angle":11.25,"time":112.5},{"type":"mine","angle":348.75,"time":112.5},{"type":"mine","angle":348.75,"time":112.75},{"type":"mine","angle":360,"time":112.75},{"type":"mine","angle":11.25,"time":112.75},{"type":"mine","angle":11.25,"time":113},{"type":"mine","angle":360,"time":113},{"type":"mine","angle":348.75,"time":113},{"type":"block","angle":540,"time":114},{"type":"block","angle":180,"time":115.25},{"type":"block","angle":225,"time":114.5},{"type":"block","angle":236.25,"time":114.75},{"type":"block","angle":528.75,"time":115.5},{"type":"block","angle":213.75,"time":116},{"type":"block","angle":270,"time":116.5},{"type":"block","angle":281.25,"time":116.75},{"type":"block","angle":236.25,"time":117.25},{"type":"block","angle":225,"time":117.5},{"type":"block","angle":315,"time":118},{"type":"block","angle":360,"time":118.5},{"type":"block","angle":371.25,"time":118.75},{"type":"block","angle":382.5,"time":119.25},{"type":"block","angle":393.75,"time":119.5},{"type":"block","angle":450,"time":120},{"type":"block","angle":461.25,"time":120.5},{"type":"block","angle":472.5,"time":120.75},{"type":"block","angle":438.75,"time":121.25},{"type":"block","angle":427.5,"time":121.5},{"type":"mine","angle":337.5,"time":114},{"type":"mine","angle":348.75,"time":114},{"type":"mine","angle":0,"time":114},{"type":"mine","angle":11.25,"time":114},{"type":"mine","angle":22.5,"time":114},{"type":"mine","angle":45,"time":115.25},{"type":"mine","angle":56.25,"time":115.25},{"type":"mine","angle":22.5,"time":116},{"type":"mine","angle":33.75,"time":116},{"type":"mine","angle":45,"time":116},{"type":"mine","angle":33.75,"time":115.25},{"type":"mine","angle":22.5,"time":115.25},{"type":"mine","angle":56.25,"time":115.5},{"type":"mine","angle":45,"time":115.5},{"type":"mine","angle":22.5,"time":115.5},{"type":"mine","angle":33.75,"time":115.5},{"type":"mine","angle":56.25,"time":116},{"type":"mine","angle":11.25,"time":116},{"type":"mine","angle":67.5,"time":116},{"type":"mine","angle":225,"time":109.875},{"duration":0.25,"angle2":112.5,"type":"mineHold","angle":123.75,"time":116.5},{"duration":0.25,"angle2":123.75,"type":"mineHold","angle":112.5,"time":116.75},{"duration":0.25,"angle2":112.5,"type":"mineHold","angle":123.75,"time":117},{"duration":0.25,"angle2":123.75,"type":"mineHold","angle":112.5,"time":117.25},{"duration":0.25,"angle2":112.5,"type":"mineHold","angle":123.75,"time":117.5},{"duration":0.25,"angle2":123.75,"type":"mineHold","angle":112.5,"time":117.75},{"duration":0.25,"angle2":112.5,"type":"mineHold","angle":123.75,"time":118},{"duration":0.25,"angle2":123.75,"type":"mineHold","angle":112.5,"time":118.25},{"duration":0.25,"angle2":112.5,"type":"mineHold","angle":123.75,"time":118.5},{"duration":2.5,"angle2":270,"type":"mineHold","angle":213.75,"time":119.5},{"type":"block","angle":450,"time":122},{"type":"block","angle":90,"time":123.25},{"type":"block","angle":135,"time":122.5},{"type":"block","angle":146.25,"time":122.75},{"type":"block","angle":438.75,"time":123.5},{"type":"block","angle":123.75,"time":124},{"type":"block","angle":180,"time":124.5},{"type":"block","angle":191.25,"time":124.75},{"type":"block","angle":146.25,"time":125.25},{"type":"block","angle":135,"time":125.5},{"type":"block","angle":225,"time":126},{"type":"block","angle":270,"time":126.5},{"type":"block","angle":281.25,"time":126.75},{"type":"block","angle":292.5,"time":127.25},{"type":"block","angle":303.75,"time":127.5},{"type":"block","angle":360,"time":128},{"type":"block","angle":371.25,"time":128.5},{"type":"block","angle":382.5,"time":128.75},{"type":"block","angle":348.75,"time":129.25},{"type":"block","angle":337.5,"time":129.5},{"duration":1,"angle2":258.75,"type":"mineHold","angle":270,"time":123},{"duration":1,"angle2":281.25,"type":"mineHold","angle":270,"time":123},{"duration":1,"angle2":270,"type":"mineHold","angle":270,"time":123},{"duration":0.5,"angle2":450,"type":"hold","angle":360,"time":130},{"type":"block","angle":90,"time":131},{"type":"block","angle":90,"time":131.25},{"duration":0.75,"angle2":0,"type":"hold","angle":90,"time":132.5},{"duration":0.25,"angle2":112.5,"type":"hold","angle":90,"time":131.75,"segments":1},{"duration":0.5,"angle2":-450,"type":"hold","angle":-360,"time":134},{"type":"block","angle":-90,"time":135},{"type":"block","angle":-90,"time":135.25},{"duration":0.25,"angle2":-112.5,"type":"hold","angle":-90,"time":135.75,"segments":1},{"duration":0.5,"angle2":225,"type":"hold","angle":270,"time":136.5},{"duration":0.5,"angle2":180,"type":"hold","angle":225,"time":137},{"duration":0.5,"angle2":-630,"type":"hold","angle":-540,"time":138},{"type":"block","angle":-270,"time":139},{"type":"block","angle":-270,"time":139.25},{"duration":0.75,"angle2":-360,"type":"hold","angle":-270,"time":140.5},{"duration":0.25,"angle2":-292.5,"type":"hold","angle":-270,"time":139.75,"segments":1},{"type":"block","angle":0,"time":142.25},{"type":"block","angle":0,"time":142.5},{"duration":0.25,"angle2":-22.5,"type":"hold","angle":0,"time":143,"segments":1},{"duration":0.5,"angle2":315,"type":"hold","angle":360,"time":143.75},{"duration":0.5,"angle2":270,"type":"hold","angle":315,"time":144.25},{"duration":0.5,"angle2":-540,"type":"hold","angle":-450,"time":145.25},{"type":"block","angle":180,"time":146.25},{"type":"block","angle":157.5,"time":147.25},{"type":"block","angle":135,"time":148.25},{"type":"block","angle":112.5,"time":149.25},{"type":"block","angle":90,"time":150.25},{"type":"block","angle":67.5,"time":151.25},{"type":"block","angle":45,"time":152.25},{"type":"block","angle":22.5,"time":153.25},{"type":"block","angle":360,"time":154.25},{"type":"block","angle":337.5,"time":154.75},{"type":"block","angle":315,"time":155.25},{"type":"block","angle":292.5,"time":155.75},{"type":"block","angle":270,"time":156.25},{"type":"block","angle":247.5,"time":156.75},{"type":"block","angle":225,"time":157.25},{"type":"block","angle":202.5,"time":157.75},{"type":"block","angle":180,"time":158.25},{"type":"block","angle":157.5,"time":158.5},{"type":"block","angle":135,"time":158.75},{"type":"block","angle":112.5,"time":159},{"type":"block","angle":90,"time":159.25},{"type":"block","angle":67.5,"time":159.5},{"type":"block","angle":45,"time":159.75},{"type":"mine","angle":0,"time":146},{"type":"mine","angle":337.5,"time":147.25},{"type":"mine","angle":315,"time":148.25},{"type":"mine","angle":292.5,"time":149.25},{"type":"mine","angle":270,"time":150.25},{"type":"mine","angle":247.5,"time":151.25},{"type":"mine","angle":225,"time":152.25},{"type":"mine","angle":202.5,"time":153.25},{"type":"mine","angle":180,"time":154.25},{"type":"mine","angle":157.5,"time":154.75},{"type":"mine","angle":135,"time":155.25},{"type":"mine","angle":112.5,"time":155.75},{"type":"mine","angle":90,"time":156.25},{"type":"mine","angle":67.5,"time":156.75},{"type":"mine","angle":45,"time":157.25},{"type":"mine","angle":22.5,"time":157.75},{"type":"mine","angle":0,"time":158.25},{"type":"mine","angle":337.5,"time":158.5},{"type":"mine","angle":315,"time":158.75},{"type":"mine","angle":292.5,"time":159},{"type":"mine","angle":270,"time":159.25},{"type":"mine","angle":247.5,"time":159.5},{"type":"mine","angle":225,"time":159.75},{"duration":1,"angle2":0,"type":"hold","angle":45,"time":160.25},{"duration":0.25,"angle2":0,"type":"hold","angle":0,"time":161.25},{"tap":true,"type":"block","angle":360,"time":162},{"duration":0.75,"angle2":-90,"type":"hold","angle":0,"time":163},{"type":"block","angle":270,"time":164},{"type":"block","angle":270,"time":165},{"type":"block","angle":315,"time":164.5},{"type":"block","angle":247.5,"time":166},{"type":"block","angle":225,"time":166.25},{"type":"block","angle":202.5,"time":166.5},{"type":"block","angle":180,"time":166.75},{"type":"block","angle":157.5,"time":167},{"duration":0.5,"angle2":90,"type":"hold","angle":135,"time":167},{"type":"block","angle":90,"time":167.75},{"type":"block","angle":90,"time":168},{"type":"extraTap","angle":112.5,"time":146.25},{"type":"extraTap","angle":112.5,"time":147.25},{"type":"extraTap","angle":112.5,"time":148.25},{"type":"extraTap","angle":90,"time":149.25},{"type":"extraTap","angle":67.5,"time":150.25},{"type":"extraTap","angle":45,"time":151.25},{"type":"extraTap","angle":22.5,"time":152.25},{"type":"extraTap","angle":360,"time":153.25},{"type":"extraTap","angle":337.5,"time":154.25},{"type":"extraTap","angle":315,"time":154.75},{"type":"extraTap","angle":292.5,"time":155.25},{"type":"extraTap","angle":270,"time":155.75},{"type":"extraTap","angle":247.5,"time":156.25},{"type":"extraTap","angle":225,"time":156.75},{"type":"extraTap","angle":202.5,"time":157.25},{"type":"extraTap","angle":180,"time":157.75},{"tap":true,"type":"block","angle":45,"time":168.5},{"tap":true,"type":"block","angle":22.5,"time":169},{"tap":true,"type":"block","angle":0,"time":169.5},{"duration":0.75,"angle2":270,"type":"hold","angle":360,"time":170.25},{"type":"block","angle":270,"time":171.5},{"type":"block","angle":270,"time":172},{"type":"block","angle":270,"time":171},{"type":"block","angle":292.5,"time":172.25},{"type":"block","angle":315,"time":172.5},{"type":"block","angle":337.5,"time":172.75},{"type":"block","angle":360,"time":173},{"type":"side","angle":90,"time":174.25},{"type":"side","angle":270,"time":175.25},{"type":"side","angle":90,"time":176.25},{"type":"side","angle":270,"time":177},{"type":"side","angle":90,"time":177.75},{"duration":3.5,"angle2":180,"type":"mineHold","angle":180,"time":174.25},{"type":"block","angle":337.5,"time":164.5},{"type":"block","angle":292.5,"time":171.5},{"type":"block","angle":247.5,"time":171.5},{"duration":0.75,"angle2":90,"type":"mineHold","angle":180,"time":163},{"duration":0.5,"angle2":270,"type":"mineHold","angle":315,"time":167},{"type":"mine","angle":270,"time":174.25},{"type":"mine","angle":90,"time":175.25},{"type":"mine","angle":270,"time":176.25},{"type":"mine","angle":90,"time":177},{"type":"mine","angle":270,"time":177.75},{"tap":true,"type":"block","angle":405,"time":178.25},{"duration":0.75,"angle2":-45,"type":"hold","angle":45,"time":179.25},{"type":"block","angle":315,"time":180.25},{"type":"block","angle":315,"time":181.25},{"type":"block","angle":360,"time":180.75},{"type":"block","angle":292.5,"time":182.25},{"type":"block","angle":270,"time":182.5},{"type":"block","angle":247.5,"time":182.75},{"type":"block","angle":225,"time":183},{"type":"block","angle":202.5,"time":183.25},{"duration":0.5,"angle2":135,"type":"hold","angle":180,"time":183.25},{"type":"block","angle":135,"time":184},{"type":"block","angle":135,"time":184.25},{"duration":0.75,"angle2":315,"type":"hold","angle":405,"time":186.5},{"type":"block","angle":315,"time":187.75},{"type":"block","angle":315,"time":188.25},{"type":"block","angle":315,"time":187.25},{"type":"block","angle":337.5,"time":188.5},{"type":"block","angle":360,"time":188.75},{"type":"block","angle":382.5,"time":189},{"type":"block","angle":405,"time":189.25},{"type":"block","angle":382.5,"time":180.75},{"type":"block","angle":337.5,"time":187.75},{"type":"block","angle":292.5,"time":187.75},{"duration":0.75,"angle2":135,"type":"mineHold","angle":225,"time":179.25},{"duration":0.5,"angle2":315,"type":"mineHold","angle":360,"time":183.25},{"type":"block","angle":67.5,"time":185},{"type":"block","angle":112.5,"time":184.5},{"type":"block","angle":90,"time":184.625},{"type":"block","angle":67.5,"time":184.875},{"duration":1,"angle2":45,"type":"hold","angle":45,"time":185.25},{"type":"block","angle":45,"time":190},{"type":"block","angle":45,"time":192},{"type":"block","angle":0,"time":190.5},{"type":"block","angle":337.5,"time":190.75},{"type":"block","angle":90,"time":191.25},{"type":"block","angle":112.5,"time":191.5},{"type":"block","angle":315,"time":192.5},{"type":"block","angle":292.5,"time":192.75},{"type":"block","angle":45,"time":193.25},{"type":"block","angle":67.5,"time":193.5},{"tap":true,"type":"block","angle":360,"time":194.25},{"duration":0.75,"angle2":-90,"type":"hold","angle":0,"time":195.25},{"type":"block","angle":270,"time":196.25},{"type":"block","angle":270,"time":197.25},{"type":"block","angle":315,"time":196.75},{"type":"block","angle":247.5,"time":198.25},{"type":"block","angle":225,"time":198.5},{"type":"block","angle":202.5,"time":198.75},{"type":"block","angle":180,"time":199},{"type":"block","angle":157.5,"time":199.25},{"duration":0.5,"angle2":90,"type":"hold","angle":135,"time":199.25},{"type":"block","angle":90,"time":200},{"type":"block","angle":90,"time":200.25},{"tap":true,"type":"block","angle":45,"time":200.75},{"tap":true,"type":"block","angle":22.5,"time":201.25},{"tap":true,"type":"block","angle":0,"time":201.75},{"duration":0.75,"angle2":270,"type":"hold","angle":360,"time":202.25},{"type":"block","angle":270,"time":203.75},{"type":"block","angle":270,"time":204.25},{"type":"block","angle":270,"time":203.25},{"type":"block","angle":292.5,"time":204.5},{"type":"block","angle":315,"time":204.75},{"type":"block","angle":337.5,"time":205},{"type":"block","angle":360,"time":205.25},{"type":"side","angle":90,"time":206.25},{"type":"side","angle":270,"time":207.25},{"type":"side","angle":90,"time":208.25},{"type":"side","angle":270,"time":209},{"type":"side","angle":90,"time":209.75},{"duration":3.5,"angle2":180,"type":"mineHold","angle":180,"time":206.25},{"type":"block","angle":337.5,"time":196.75},{"type":"block","angle":292.5,"time":203.75},{"type":"block","angle":247.5,"time":203.75},{"duration":0.75,"angle2":90,"type":"mineHold","angle":180,"time":195.25},{"duration":0.5,"angle2":270,"type":"mineHold","angle":315,"time":199.25},{"type":"mine","angle":270,"time":206.25},{"type":"mine","angle":90,"time":207.25},{"type":"mine","angle":270,"time":208.25},{"type":"mine","angle":90,"time":209},{"type":"mine","angle":270,"time":209.75},{"duration":0.75,"angle2":-45,"type":"hold","angle":45,"time":211.5},{"type":"block","angle":315,"time":212.5},{"type":"block","angle":315,"time":213.5},{"type":"block","angle":360,"time":213},{"type":"block","angle":292.5,"time":214.5},{"type":"block","angle":270,"time":214.75},{"type":"block","angle":247.5,"time":215},{"type":"block","angle":225,"time":215.25},{"type":"block","angle":202.5,"time":215.5},{"duration":0.5,"angle2":135,"type":"hold","angle":180,"time":215.5},{"type":"block","angle":135,"time":216.25},{"type":"block","angle":135,"time":216.5},{"type":"block","angle":315,"time":220},{"type":"block","angle":315,"time":220.5},{"type":"block","angle":337.5,"time":220.75},{"type":"block","angle":360,"time":221},{"type":"block","angle":382.5,"time":221.25},{"type":"block","angle":405,"time":221.5},{"type":"block","angle":382.5,"time":213},{"duration":0.75,"angle2":135,"type":"mineHold","angle":225,"time":211.5},{"duration":0.5,"angle2":315,"type":"mineHold","angle":360,"time":215.5},{"type":"block","angle":67.5,"time":217.25},{"type":"block","angle":112.5,"time":216.75},{"type":"block","angle":90,"time":216.875},{"type":"block","angle":67.5,"time":217.125},{"duration":1,"angle2":45,"type":"hold","angle":45,"time":217.5},{"duration":1,"angle2":45,"type":"hold","angle":45,"time":210.25},{"duration":0.75,"angle2":-45,"startTap":true,"type":"hold","angle":45,"endTap":true,"time":218.5},{"duration":1,"angle2":0,"type":"hold","angle":45,"time":222.25},{"type":"block","angle":90,"time":226},{"type":"block","angle":360,"time":225},{"type":"block","angle":22.5,"time":223},{"duration":0.5,"angle2":360,"type":"hold","angle":360,"time":224},{"duration":1,"angle2":90,"type":"hold","angle":0,"time":225},{"duration":3,"angle2":450,"type":"hold","angle":90,"time":226},{"duration":1,"angle2":45,"type":"hold","angle":90,"time":229},{"duration":1,"angle2":0,"type":"hold","angle":45,"time":230},{"duration":2.5,"angle2":180,"type":"hold","angle":0,"time":231},{"duration":1,"angle2":90,"type":"hold","angle":180,"time":233.5},{"duration":0.5,"angle2":157.5,"type":"hold","angle":90,"time":234.5},{"duration":3,"angle2":270,"type":"hold","angle":157.5,"time":235},{"type":"block","angle":22.5,"time":230.5},{"type":"mine","angle":180,"time":237.5},{"type":"mine","angle":191.25,"time":237.625},{"type":"mine","angle":202.5,"time":237.75},{"type":"mine","angle":213.75,"time":237.875},{"type":"mine","angle":225,"time":238},{"type":"mine","angle":236.25,"time":238.125},{"type":"mine","angle":247.5,"time":238.25},{"type":"mine","angle":258.75,"time":238.375},{"type":"mine","angle":270,"time":238.5},{"type":"mine","angle":281.25,"time":238.625},{"type":"mine","angle":292.5,"time":238.75},{"type":"mine","angle":303.75,"time":238.875},{"type":"mine","angle":315,"time":239},{"type":"mine","angle":326.25,"time":239.125},{"type":"mine","angle":337.5,"time":239.25},{"type":"mine","angle":348.75,"time":239.375},{"type":"mine","angle":0,"time":239.5},{"type":"mine","angle":11.25,"time":239.625},{"type":"mine","angle":22.5,"time":239.75},{"type":"mine","angle":33.75,"time":239.875},{"type":"mine","angle":45,"time":240},{"type":"mine","angle":56.25,"time":240.125},{"type":"mine","angle":67.5,"time":240.25},{"type":"mine","angle":78.75,"time":240.375},{"type":"mine","angle":90,"time":240.5},{"type":"mine","angle":101.25,"time":240.625},{"type":"mine","angle":112.5,"time":240.75},{"type":"mine","angle":123.75,"time":240.875},{"type":"mine","angle":135,"time":241},{"type":"mine","angle":146.25,"time":241.125},{"type":"mine","angle":157.5,"time":241.25},{"type":"mine","angle":168.75,"time":241.375},{"type":"block","angle":-67.5,"time":242},{"type":"block","angle":202.5,"time":241},{"duration":1,"angle2":-67.5,"type":"hold","angle":-157.5,"time":241},{"duration":3,"angle2":292.5,"type":"hold","angle":-67.5,"time":242},{"duration":1,"angle2":-112.5,"type":"hold","angle":-67.5,"time":245},{"duration":1,"angle2":-157.5,"type":"hold","angle":-112.5,"time":246},{"duration":1.75,"angle2":-22.5,"type":"hold","angle":-157.5,"time":247},{"type":"block","angle":-135,"time":246.5},{"type":"block","angle":22.5,"time":225.25},{"type":"block","angle":45,"time":225.5},{"type":"block","angle":67.5,"time":225.75},{"type":"block","angle":112.5,"time":226.25},{"type":"block","angle":225,"time":241.25},{"type":"block","angle":247.5,"time":241.5},{"type":"block","angle":270,"time":241.75},{"type":"block","angle":315,"time":242.25},{"duration":0.5,"angle2":360,"type":"hold","angle":337.5,"time":248.75},{"duration":0.5,"angle2":0,"type":"hold","angle":0,"time":249.25},{"duration":0.5,"angle2":45,"type":"hold","angle":0,"time":249.75},{"duration":1.5,"angle2":135,"type":"hold","angle":45,"time":250.25},{"duration":1.5,"angle2":22.5,"type":"hold","angle":135,"time":251.75},{"duration":1,"angle2":-90,"type":"hold","angle":22.5,"time":253.25},{"duration":2,"angle2":360,"type":"hold","angle":270,"time":254.25},{"type":"mine","angle":247.5,"time":256.5},{"type":"mine","angle":270,"time":256.5},{"type":"mine","angle":292.5,"time":256.5},{"type":"mine","angle":112.5,"time":256.5},{"type":"mine","angle":67.5,"spinEase":"inOutBack","time":256.5},{"type":"mine","angle":90,"time":256.5},{"type":"mine","angle":247.5,"time":257},{"type":"mine","angle":270,"time":257},{"type":"mine","angle":292.5,"time":257},{"type":"mine","angle":225,"time":257},{"type":"mine","angle":67.5,"time":257},{"type":"mine","angle":90,"time":257},{"type":"mine","angle":112.5,"time":257},{"type":"mine","angle":135,"time":257},{"type":"mine","angle":157.5,"time":257},{"type":"mine","angle":180,"time":257},{"type":"mine","angle":202.5,"time":257},{"type":"mine","angle":202.5,"time":256.5},{"type":"mine","angle":157.5,"time":256.5},{"type":"mine","angle":135,"time":256.5},{"type":"mine","angle":225,"time":256.5},{"type":"mine","angle":180,"time":256.5},{"type":"mine","angle":292.5,"time":257.5},{"type":"mine","angle":270,"time":257.5},{"type":"mine","angle":247.5,"time":257.5},{"type":"mine","angle":225,"time":257.5},{"type":"mine","angle":202.5,"time":257.5},{"type":"mine","angle":180,"time":257.5},{"type":"mine","angle":157.5,"time":257.5},{"type":"mine","angle":135,"time":257.5},{"type":"mine","angle":112.5,"time":257.5},{"type":"mine","angle":90,"time":257.5},{"type":"mine","angle":67.5,"time":257.5},{"type":"extraTap","angle":11.25,"time":258.25},{"type":"block","angle":270,"time":259.25},{"type":"block","angle":270,"time":259.75},{"duration":0.5,"angle2":360,"type":"hold","angle":270,"time":260.25},{"duration":0.25,"angle2":45,"type":"hold","angle":0,"time":260.75},{"duration":1,"angle2":45,"type":"hold","angle":45,"time":261},{"type":"block","angle":45,"time":262},{"type":"block","angle":56.25,"time":262.25},{"type":"block","angle":67.5,"time":262.5},{"type":"block","angle":78.75,"time":262.75},{"type":"block","angle":90,"time":263},{"type":"block","angle":101.25,"time":263.25},{"type":"block","angle":112.5,"time":263.5},{"speedMult":4,"type":"mine","angle":360,"time":262},{"speedMult":4,"type":"mine","angle":360,"time":262.25},{"speedMult":4,"type":"mine","angle":360,"time":262.5},{"speedMult":4,"type":"mine","angle":360,"time":262.75},{"speedMult":4,"type":"mine","angle":360,"time":263},{"speedMult":4,"type":"mine","angle":360,"time":263.25},{"speedMult":4,"type":"mine","angle":360,"time":263.5},{"speedMult":4,"type":"mine","angle":360,"time":263.75},{"duration":0.25,"angle2":180,"type":"hold","angle":123.75,"time":263.75},{"type":"extraTap","angle":202.5,"time":264.25},{"type":"block","angle":225,"time":264.25},{"type":"block","angle":270,"time":265.5},{"type":"block","angle":247.5,"time":265},{"duration":1,"angle2":270,"type":"hold","angle":270,"speedMult":4,"time":266.25},{"speedMult":1,"type":"block","angle":270,"time":267.25},{"duration":0.5,"angle2":337.5,"type":"hold","angle":292.5,"time":267.75},{"duration":0.5,"angle2":315,"type":"hold","angle":315,"time":267.75},{"duration":1,"angle2":540,"type":"hold","angle":360,"time":269},{"type":"mine","angle":202.5,"time":269},{"type":"mine","angle":180,"time":269.125},{"type":"mine","angle":157.5,"time":269.25},{"type":"block","angle":202.5,"time":270.5},{"type":"block","angle":180,"time":270.5},{"type":"block","angle":157.5,"time":270.5},{"type":"block","angle":360,"time":268.875},{"type":"block","angle":360,"time":268.75},{"duration":0.5,"angle2":180,"type":"hold","angle":180,"time":271.25},{"type":"block","angle":135,"time":272.25},{"type":"block","angle":135,"time":272.5},{"type":"block","angle":135,"time":272.75},{"type":"block","angle":135,"time":273},{"type":"block","angle":135,"time":273.25},{"type":"block","angle":135,"time":273.5},{"type":"block","angle":135,"time":273.75},{"type":"block","angle":135,"time":274},{"type":"block","angle":225,"time":272.25},{"type":"block","angle":225,"time":272.5},{"type":"block","angle":225,"time":272.75},{"type":"block","angle":225,"time":273},{"type":"block","angle":225,"time":273.25},{"type":"block","angle":225,"time":273.5},{"type":"block","angle":225,"time":273.75},{"type":"block","angle":225,"time":274},{"type":"block","angle":180,"time":272.25},{"type":"block","angle":180,"time":272.5},{"type":"block","angle":180,"time":272.75},{"type":"block","angle":180,"time":273},{"type":"block","angle":180,"time":273.25},{"type":"block","angle":180,"time":273.5},{"type":"block","angle":180,"time":273.75},{"type":"block","angle":180,"time":274},{"speedMult":4,"type":"mine","angle":270,"time":272.25},{"speedMult":4,"type":"mine","angle":270,"time":272.5},{"speedMult":4,"type":"mine","angle":270,"time":272.75},{"speedMult":4,"type":"mine","angle":270,"time":273},{"speedMult":4,"type":"mine","angle":270,"time":273.25},{"speedMult":4,"type":"mine","angle":270,"time":273.5},{"speedMult":4,"type":"mine","angle":270,"time":273.75},{"speedMult":4,"type":"mine","angle":270,"time":274},{"speedMult":4,"type":"mine","angle":90,"time":272.25},{"speedMult":4,"type":"mine","angle":90,"time":272.5},{"speedMult":4,"type":"mine","angle":90,"time":272.75},{"speedMult":4,"type":"mine","angle":90,"time":273},{"speedMult":4,"type":"mine","angle":90,"time":273.25},{"speedMult":4,"type":"mine","angle":90,"time":273.5},{"speedMult":4,"type":"mine","angle":90,"time":273.75},{"speedMult":4,"type":"mine","angle":90,"time":274},{"type":"extraTap","angle":180,"time":274.25},{"type":"block","angle":225,"time":274.25},{"type":"block","angle":202.5,"time":274.25},{"type":"block","angle":180,"time":274.25},{"type":"block","angle":157.5,"time":274.25},{"type":"block","angle":135,"time":274.25},{"type":"block","angle":180,"time":275.25},{"type":"block","angle":180,"time":275.75},{"duration":0.5,"angle2":270,"type":"hold","angle":180,"time":276.25},{"duration":0.25,"angle2":-45,"type":"hold","angle":-90,"time":276.75},{"duration":1,"angle2":-45,"type":"hold","angle":-45,"time":277},{"type":"block","angle":-45,"time":278},{"type":"block","angle":-33.75,"time":278.25},{"type":"block","angle":-22.5,"time":278.5},{"type":"block","angle":-11.25,"time":278.75},{"type":"block","angle":0,"time":279},{"type":"block","angle":11.25,"time":279.25},{"type":"block","angle":22.5,"time":279.5},{"duration":0.25,"angle2":90,"type":"hold","angle":33.75,"time":279.75},{"type":"extraTap","angle":112.5,"time":280.25},{"type":"block","angle":135,"time":280.25},{"type":"block","angle":180,"time":281.5},{"type":"block","angle":157.5,"time":281},{"duration":1,"angle2":180,"type":"hold","angle":180,"speedMult":4,"time":282.25},{"speedMult":1,"type":"block","angle":180,"time":283.25},{"duration":0.5,"angle2":247.5,"type":"hold","angle":202.5,"time":283.75},{"duration":0.5,"angle2":225,"type":"hold","angle":225,"time":283.75},{"duration":0.5,"angle2":270,"type":"hold","angle":270,"time":285.25},{"type":"block","angle":270,"time":284.75},{"type":"block","angle":247.5,"time":284.75},{"type":"block","angle":292.5,"time":284.75},{"type":"side","angle":315,"time":286.25},{"type":"side","angle":270,"time":287.25},{"type":"extraTap","angle":11.25,"time":290},{"type":"block","angle":270,"time":291},{"type":"block","angle":270,"time":291.5},{"duration":0.5,"angle2":360,"type":"hold","angle":270,"time":292},{"duration":0.25,"angle2":45,"type":"hold","angle":0,"time":292.5},{"duration":1,"angle2":45,"type":"hold","angle":45,"time":292.75},{"type":"block","angle":45,"time":293.75},{"type":"block","angle":56.25,"time":294},{"type":"block","angle":67.5,"time":294.25},{"type":"block","angle":78.75,"time":294.5},{"type":"block","angle":90,"time":294.75},{"type":"block","angle":101.25,"time":295},{"type":"block","angle":112.5,"time":295.25},{"speedMult":4,"type":"mine","angle":360,"time":293.75},{"speedMult":4,"type":"mine","angle":360,"time":294},{"speedMult":4,"type":"mine","angle":360,"time":294.25},{"speedMult":4,"type":"mine","angle":360,"time":294.5},{"speedMult":4,"type":"mine","angle":360,"time":294.75},{"speedMult":4,"type":"mine","angle":360,"time":295},{"speedMult":4,"type":"mine","angle":360,"time":295.25},{"speedMult":4,"type":"mine","angle":360,"time":295.5},{"duration":0.25,"angle2":180,"type":"hold","angle":123.75,"time":295.5},{"type":"extraTap","angle":202.5,"time":296},{"type":"block","angle":225,"time":296},{"type":"block","angle":270,"time":297.25},{"type":"block","angle":247.5,"time":296.75},{"duration":7.75,"angle2":405,"time":298,"type":"hold","angle":270,"speedMult":3,"segments":4},{"duration":1,"angle2":292.5,"type":"hold","angle":292.5,"speedMult":3,"time":299},{"duration":0.5,"angle2":315,"type":"hold","angle":315,"speedMult":3,"time":300.25},{"duration":0.5,"angle2":337.5,"type":"hold","angle":337.5,"speedMult":3,"time":300.75},{"duration":0.5,"angle2":360,"type":"hold","angle":360,"speedMult":3,"time":301.25},{"duration":0.5,"angle2":22.5,"type":"hold","angle":22.5,"speedMult":3,"time":302.25},{"speedMult":3,"type":"block","angle":315,"time":300.5},{"duration":1.75,"angle2":45,"type":"hold","angle":45,"speedMult":3,"time":303.25},{"duration":0.5,"angle2":67.5,"type":"hold","angle":67.5,"speedMult":3,"time":304},{"duration":0.5,"angle2":45,"type":"hold","angle":45,"speedMult":3,"time":305.25},{"type":"extraTap","angle":11.25,"time":306.25},{"type":"block","angle":270,"time":307.25},{"type":"block","angle":270,"time":307.75},{"duration":0.5,"angle2":360,"type":"hold","angle":270,"time":308.25},{"duration":0.25,"angle2":45,"type":"hold","angle":0,"time":308.75},{"duration":1,"angle2":45,"type":"hold","angle":45,"time":309},{"type":"block","angle":45,"time":310},{"type":"block","angle":56.25,"time":310.25},{"type":"block","angle":67.5,"time":310.5},{"type":"block","angle":78.75,"time":310.75},{"type":"block","angle":90,"time":311},{"type":"block","angle":101.25,"time":311.25},{"type":"block","angle":112.5,"time":311.5},{"speedMult":4,"type":"mine","angle":360,"time":310},{"speedMult":4,"type":"mine","angle":360,"time":310.25},{"speedMult":4,"type":"mine","angle":360,"time":310.5},{"speedMult":4,"type":"mine","angle":360,"time":310.75},{"speedMult":4,"type":"mine","angle":360,"time":311},{"speedMult":4,"type":"mine","angle":360,"time":311.25},{"speedMult":4,"type":"mine","angle":360,"time":311.5},{"speedMult":4,"type":"mine","angle":360,"time":311.75},{"duration":0.25,"angle2":180,"type":"hold","angle":123.75,"time":311.75},{"type":"extraTap","angle":202.5,"time":312.25},{"type":"block","angle":225,"time":312.25},{"type":"block","angle":270,"time":313.5},{"type":"block","angle":247.5,"time":313},{"duration":7.75,"angle2":405,"time":314.25,"type":"hold","angle":270,"speedMult":3,"segments":4},{"duration":1,"angle2":292.5,"type":"hold","angle":292.5,"speedMult":3,"time":315.25},{"duration":0.5,"angle2":315,"type":"hold","angle":315,"speedMult":3,"time":316.5},{"duration":0.5,"angle2":337.5,"type":"hold","angle":337.5,"speedMult":3,"time":317},{"duration":0.5,"angle2":360,"type":"hold","angle":360,"speedMult":3,"time":317.5},{"duration":0.5,"angle2":22.5,"type":"hold","angle":22.5,"speedMult":2,"time":318.5},{"speedMult":3,"type":"block","angle":315,"time":316.75},{"duration":1.75,"angle2":45,"type":"hold","angle":45,"speedMult":1.5,"time":319.5},{"duration":0.5,"angle2":67.5,"type":"hold","angle":67.5,"speedMult":1.5,"time":320.25},{"duration":0.5,"angle2":45,"type":"hold","angle":45,"speedMult":1,"time":321.5},{"duration":1.25,"angle2":0,"type":"hold","angle":45,"time":322.25},{"duration":0.5,"angle2":45,"type":"hold","angle":0,"time":323.5},{"duration":1,"angle2":0,"type":"hold","angle":45,"time":324},{"duration":0.75,"angle2":315,"type":"hold","angle":360,"time":325},{"duration":0.5,"angle2":270,"type":"hold","angle":315,"time":325.75},{"duration":1.75,"angle2":382.5,"type":"hold","angle":270,"time":326.25},{"type":"mine","angle":225,"time":322.75},{"type":"mine","angle":202.5,"time":322.75},{"type":"mine","angle":247.5,"time":322.75},{"type":"mine","angle":225,"time":323.5},{"type":"mine","angle":202.5,"time":323.5},{"type":"mine","angle":247.5,"time":323.5},{"type":"mine","angle":225,"time":324},{"type":"mine","angle":247.5,"time":324},{"type":"mine","angle":202.5,"time":324},{"type":"mine","angle":225,"time":325},{"type":"mine","angle":247.5,"time":325},{"type":"mine","angle":202.5,"time":325},{"type":"mine","angle":135,"time":326.75},{"type":"mine","angle":157.5,"time":326.75},{"type":"mine","angle":112.5,"time":326.75},{"type":"mine","angle":112.5,"time":327.25},{"type":"mine","angle":135,"time":327.25},{"type":"mine","angle":157.5,"time":327.25},{"type":"mine","angle":112.5,"time":328},{"type":"mine","angle":135,"time":328},{"type":"mine","angle":157.5,"time":328},{"type":"mine","angle":112.5,"time":328.75},{"type":"mine","angle":135,"time":328.75},{"type":"mine","angle":157.5,"time":328.75},{"duration":1.5,"angle2":90,"type":"hold","angle":22.5,"time":328.75},{"type":"mine","angle":270,"time":330.5},{"type":"mine","angle":247.5,"time":330.5},{"type":"mine","angle":292.5,"time":330.5},{"type":"mine","angle":292.5,"time":331.25},{"type":"mine","angle":270,"time":331.25},{"type":"mine","angle":247.5,"time":331.25},{"type":"mine","angle":247.5,"time":332},{"type":"mine","angle":270,"time":332},{"type":"mine","angle":292.5,"time":332},{"type":"mine","angle":247.5,"time":332.75},{"type":"mine","angle":270,"time":332.75},{"type":"mine","angle":292.5,"time":332.75},{"duration":0.75,"angle2":22.5,"type":"hold","angle":45,"time":331.75},{"duration":0.5,"angle2":22.5,"type":"hold","angle":22.5,"time":332.5},{"duration":0.5,"angle2":0,"type":"hold","angle":22.5,"time":333.75},{"duration":0.5,"angle2":315,"type":"hold","angle":360,"time":334.25},{"duration":0.25,"angle2":270,"type":"hold","angle":292.5,"time":335.75},{"duration":1,"angle2":360,"type":"hold","angle":270,"time":336},{"duration":0.25,"angle2":360,"type":"hold","angle":360,"time":337},{"type":"mine","angle":135,"time":334.75},{"type":"mine","angle":112.5,"time":334.75},{"type":"mine","angle":157.5,"time":334.75},{"type":"mine","angle":157.5,"time":335.5},{"type":"mine","angle":135,"time":335.5},{"type":"mine","angle":112.5,"time":335.5},{"type":"mine","angle":112.5,"time":336.25},{"type":"mine","angle":135,"time":336.25},{"type":"mine","angle":157.5,"time":336.25},{"type":"mine","angle":112.5,"time":337},{"type":"mine","angle":135,"time":337},{"type":"mine","angle":157.5,"time":337},{"duration":1.25,"angle2":0,"type":"hold","angle":-45,"time":338.25},{"duration":0.5,"angle2":-45,"type":"hold","angle":0,"time":339.5},{"duration":1,"angle2":0,"type":"hold","angle":-45,"time":340},{"duration":0.75,"angle2":-315,"type":"hold","angle":-360,"time":341},{"duration":0.5,"angle2":-270,"type":"hold","angle":-315,"time":341.75},{"duration":1.75,"angle2":-382.5,"type":"hold","angle":-270,"time":342.25},{"type":"mine","angle":-225,"time":338.75},{"type":"mine","angle":-202.5,"time":338.75},{"type":"mine","angle":-247.5,"time":338.75},{"type":"mine","angle":-225,"time":339.5},{"type":"mine","angle":-202.5,"time":339.5},{"type":"mine","angle":-247.5,"time":339.5},{"type":"mine","angle":-225,"time":340},{"type":"mine","angle":-247.5,"time":340},{"type":"mine","angle":-202.5,"time":340},{"type":"mine","angle":-225,"time":341},{"type":"mine","angle":-247.5,"time":341},{"type":"mine","angle":-202.5,"time":341},{"type":"mine","angle":-135,"time":342.75},{"type":"mine","angle":-157.5,"time":342.75},{"type":"mine","angle":-112.5,"time":342.75},{"type":"mine","angle":-112.5,"time":343.25},{"type":"mine","angle":-135,"time":343.25},{"type":"mine","angle":-157.5,"time":343.25},{"type":"mine","angle":-112.5,"time":344},{"type":"mine","angle":-135,"time":344},{"type":"mine","angle":-157.5,"time":344},{"type":"mine","angle":-112.5,"time":344.75},{"type":"mine","angle":-135,"time":344.75},{"type":"mine","angle":-157.5,"time":344.75},{"duration":1.5,"angle2":-90,"type":"hold","angle":-22.5,"time":344.75},{"type":"mine","angle":-270,"time":346.5},{"type":"mine","angle":-247.5,"time":346.5},{"type":"mine","angle":-292.5,"time":346.5},{"type":"mine","angle":-292.5,"time":347.25},{"type":"mine","angle":-270,"time":347.25},{"type":"mine","angle":-247.5,"time":347.25},{"type":"mine","angle":-247.5,"time":348},{"type":"mine","angle":-270,"time":348},{"type":"mine","angle":-292.5,"time":348},{"type":"mine","angle":-247.5,"time":348.75},{"type":"mine","angle":-270,"time":348.75},{"type":"mine","angle":-292.5,"time":348.75},{"duration":0.75,"angle2":-22.5,"type":"hold","angle":-45,"time":347.75},{"duration":0.5,"angle2":-22.5,"type":"hold","angle":-22.5,"time":348.5},{"duration":0.5,"angle2":0,"type":"hold","angle":-22.5,"time":349.75},{"duration":0.5,"angle2":-315,"type":"hold","angle":-360,"time":350.25},{"duration":0.25,"angle2":-270,"type":"hold","angle":-292.5,"time":351.75},{"type":"mine","angle":-135,"time":350.75},{"type":"mine","angle":-112.5,"time":350.75},{"type":"mine","angle":-157.5,"time":350.75},{"type":"mine","angle":-157.5,"time":351.5},{"type":"mine","angle":-135,"time":351.5},{"type":"mine","angle":-112.5,"time":351.5},{"type":"mine","angle":-112.5,"time":352.25},{"type":"mine","angle":-135,"time":352.25},{"type":"mine","angle":-157.5,"time":352.25},{"type":"mine","angle":-112.5,"time":353},{"type":"mine","angle":-135,"time":353},{"type":"mine","angle":-157.5,"time":353},{"duration":0.5,"angle2":67.5,"type":"hold","angle":90,"time":352},{"duration":0.25,"angle2":67.5,"type":"hold","angle":45,"time":352.75},{"duration":0.25,"angle2":45,"type":"hold","angle":67.5,"time":353},{"duration":0.25,"angle2":67.5,"type":"hold","angle":45,"time":353.25},{"duration":0.5,"angle2":45,"type":"hold","angle":67.5,"time":353.5},{"duration":1,"angle2":0,"type":"hold","angle":45,"time":354},{"type":"block","angle":67.5,"time":353},{"type":"block","angle":67.5,"time":353.25},{"type":"block","angle":67.5,"time":353.5},{"type":"block","angle":67.5,"time":353.75},{"type":"block","angle":67.5,"time":354},{"type":"block","angle":45,"time":353},{"type":"block","angle":45,"time":353.5},{"type":"block","angle":45,"time":353.75},{"type":"block","angle":360,"time":354.75},{"type":"block","angle":22.5,"time":355.25},{"type":"block","angle":45,"time":355.5},{"type":"block","angle":360,"time":356},{"type":"block","angle":0,"time":357.25},{"type":"block","angle":45,"time":356.5},{"type":"block","angle":56.25,"time":356.75},{"type":"block","angle":348.75,"time":357.5},{"type":"block","angle":33.75,"time":358},{"type":"block","angle":90,"time":358.5},{"type":"block","angle":101.25,"time":358.75},{"type":"block","angle":56.25,"time":359.25},{"type":"block","angle":45,"time":359.5},{"type":"block","angle":135,"time":360},{"type":"block","angle":180,"time":360.5},{"type":"block","angle":191.25,"time":360.75},{"type":"block","angle":202.5,"time":361.25},{"type":"block","angle":213.75,"time":361.5},{"type":"block","angle":270,"time":362},{"type":"block","angle":281.25,"time":362.5},{"type":"block","angle":292.5,"time":362.75},{"type":"block","angle":258.75,"time":363.25},{"type":"block","angle":247.5,"time":363.5},{"type":"block","angle":270,"time":364},{"type":"block","angle":-90,"time":365.25},{"type":"block","angle":-45,"time":364.5},{"type":"block","angle":-33.75,"time":364.75},{"type":"block","angle":258.75,"time":365.5},{"type":"block","angle":-56.25,"time":366},{"type":"block","angle":0,"time":366.5},{"type":"block","angle":11.25,"time":366.75},{"type":"block","angle":-33.75,"time":367.25},{"type":"block","angle":-45,"time":367.5},{"type":"block","angle":45,"time":368},{"type":"block","angle":90,"time":368.5},{"type":"block","angle":101.25,"time":368.75},{"type":"block","angle":112.5,"time":369.25},{"type":"block","angle":123.75,"time":369.5},{"type":"block","angle":180,"time":370},{"type":"block","angle":191.25,"time":370.5},{"type":"block","angle":202.5,"time":370.75},{"type":"block","angle":168.75,"time":371.25},{"type":"block","angle":157.5,"time":371.5},{"type":"block","angle":540,"time":372},{"type":"block","angle":180,"time":373.25},{"type":"block","angle":225,"time":372.5},{"type":"block","angle":236.25,"time":372.75},{"type":"block","angle":528.75,"time":373.5},{"type":"block","angle":213.75,"time":374},{"type":"block","angle":270,"time":374.5},{"type":"block","angle":281.25,"time":374.75},{"type":"block","angle":236.25,"time":375.25},{"type":"block","angle":225,"time":375.5},{"type":"block","angle":315,"time":376},{"type":"block","angle":360,"time":376.5},{"type":"block","angle":371.25,"time":376.75},{"type":"block","angle":382.5,"time":377.25},{"type":"block","angle":393.75,"time":377.5},{"type":"block","angle":450,"time":378},{"type":"block","angle":461.25,"time":378.5},{"type":"block","angle":472.5,"time":378.75},{"type":"block","angle":438.75,"time":379.25},{"type":"block","angle":427.5,"time":379.5},{"type":"block","angle":450,"time":380},{"type":"block","angle":90,"time":381.25},{"type":"block","angle":135,"time":380.5},{"type":"block","angle":146.25,"time":380.75},{"type":"block","angle":438.75,"time":381.5},{"type":"block","angle":123.75,"time":382},{"type":"block","angle":180,"time":382.5},{"type":"block","angle":191.25,"time":382.75},{"type":"block","angle":146.25,"time":383.25},{"type":"block","angle":135,"time":383.5},{"type":"block","angle":225,"time":384},{"type":"block","angle":270,"time":384.5},{"type":"block","angle":281.25,"time":384.75},{"type":"block","angle":292.5,"time":385.25},{"type":"block","angle":303.75,"time":385.5},{"duration":0.5,"angle2":450,"type":"hold","angle":360,"time":386},{"type":"block","angle":90,"time":387},{"type":"block","angle":90,"time":387.25},{"duration":0.75,"angle2":0,"type":"hold","angle":90,"time":388.5},{"duration":0.25,"angle2":112.5,"type":"hold","angle":90,"time":387.75,"segments":1},{"duration":0.5,"angle2":-450,"type":"hold","angle":-360,"time":390},{"type":"block","angle":-90,"time":391},{"type":"block","angle":-90,"time":391.25},{"duration":0.25,"angle2":-112.5,"type":"hold","angle":-90,"time":391.75,"segments":1},{"duration":0.5,"angle2":225,"type":"hold","angle":270,"time":392.5},{"duration":0.5,"angle2":180,"type":"hold","angle":225,"time":393},{"duration":0.5,"angle2":-630,"type":"hold","angle":-540,"time":394},{"type":"block","angle":-270,"time":395},{"type":"block","angle":-270,"time":395.25},{"duration":0.75,"angle2":-360,"type":"hold","angle":-270,"time":396.5},{"duration":0.25,"angle2":-292.5,"type":"hold","angle":-270,"time":395.75,"segments":1},{"type":"block","angle":0,"time":398.25},{"type":"block","angle":0,"time":398.5},{"duration":0.25,"angle2":-22.5,"type":"hold","angle":0,"time":399,"segments":1},{"duration":0.5,"angle2":315,"type":"hold","angle":360,"time":399.75},{"duration":0.5,"angle2":270,"type":"hold","angle":315,"time":400.25},{"duration":0.5,"angle2":-540,"type":"hold","angle":-450,"time":401.25},{"type":"block","angle":180,"time":402.25},{"type":"block","angle":157.5,"time":403.25},{"type":"block","angle":135,"time":404.25},{"type":"block","angle":112.5,"time":405.25},{"type":"block","angle":90,"time":406.25},{"type":"block","angle":67.5,"time":407.25},{"type":"block","angle":45,"time":408.25},{"type":"block","angle":22.5,"time":409.25},{"type":"block","angle":360,"time":410.25},{"type":"block","angle":337.5,"time":410.75},{"type":"block","angle":315,"time":411.25},{"type":"block","angle":292.5,"time":411.75},{"type":"block","angle":270,"time":412.25},{"type":"block","angle":247.5,"time":412.75},{"type":"block","angle":225,"time":413.25},{"type":"block","angle":202.5,"time":413.75},{"duration":1,"angle2":0,"type":"hold","angle":45,"time":416.25},{"duration":0.25,"angle2":0,"type":"hold","angle":0,"time":417.25},{"type":"extraTap","angle":112.5,"time":402.25},{"type":"extraTap","angle":112.5,"time":403.25},{"type":"extraTap","angle":112.5,"time":404.25},{"type":"extraTap","angle":90,"time":405.25},{"type":"extraTap","angle":67.5,"time":406.25},{"type":"extraTap","angle":45,"time":407.25},{"type":"extraTap","angle":22.5,"time":408.25},{"type":"extraTap","angle":360,"time":409.25},{"type":"extraTap","angle":337.5,"time":410.25},{"type":"extraTap","angle":315,"time":410.75},{"type":"extraTap","angle":292.5,"time":411.25},{"type":"extraTap","angle":270,"time":411.75},{"type":"extraTap","angle":247.5,"time":412.25},{"type":"extraTap","angle":225,"time":412.75},{"type":"extraTap","angle":202.5,"time":413.25},{"type":"block","angle":213.75,"time":413.5},{"duration":1,"angle2":45,"type":"hold","angle":180,"time":414.25},{"duration":0.5,"angle2":90,"type":"hold","angle":45,"time":419.25},{"duration":0.5,"angle2":90,"type":"hold","angle":135,"startTap":true,"time":420.25},{"duration":0.5,"angle2":315,"type":"hold","angle":360,"startTap":true,"time":418.25},{"duration":0.5,"angle2":225,"type":"hold","angle":157.5,"time":421.25},{"type":"extraTap","angle":22.5,"time":419.25},{"type":"extraTap","angle":135,"time":421.25},{"duration":0.5,"angle2":315,"type":"hold","angle":270,"startTap":true,"time":422.25},{"duration":0.5,"angle2":360,"type":"hold","angle":337.5,"time":423.25},{"type":"extraTap","angle":315,"time":423.25},{"duration":0.5,"angle2":292.5,"type":"hold","angle":360,"time":424,"segments":2},{"duration":0.25,"angle2":337.5,"type":"hold","angle":292.5,"time":424.5,"segments":2},{"duration":0.25,"angle2":0,"time":425.25,"type":"hold","angle":45,"startTap":true,"segments":2},{"type":"extraTap","angle":22.5,"time":424.25},{"duration":0.5,"angle2":90,"type":"hold","angle":45,"time":427.25},{"duration":0.5,"angle2":90,"type":"hold","angle":135,"startTap":true,"time":428.25},{"duration":0.5,"angle2":315,"type":"hold","angle":360,"startTap":true,"time":426.25},{"duration":0.5,"angle2":225,"type":"hold","angle":157.5,"time":429.25},{"type":"extraTap","angle":22.5,"time":427.25},{"type":"extraTap","angle":135,"time":429.25},{"duration":0.5,"angle2":315,"type":"hold","angle":270,"startTap":true,"time":430.25},{"duration":0.5,"angle2":360,"type":"hold","angle":337.5,"time":431.25},{"type":"extraTap","angle":315,"time":431.25},{"duration":0.5,"angle2":292.5,"type":"hold","angle":360,"time":432,"segments":2},{"duration":0.25,"angle2":337.5,"type":"hold","angle":292.5,"time":432.5,"segments":2},{"duration":0.25,"angle2":0,"time":433.25,"type":"hold","angle":45,"startTap":true,"segments":2},{"type":"extraTap","angle":22.5,"time":432.25},{"type":"block","angle":360,"time":433.75},{"duration":0.5,"angle2":90,"type":"hold","angle":45,"time":435.25},{"duration":0.5,"angle2":90,"type":"hold","angle":135,"startTap":true,"time":436.25},{"duration":0.5,"angle2":315,"type":"hold","angle":360,"startTap":true,"time":434.25},{"duration":0.5,"angle2":225,"type":"hold","angle":157.5,"time":437.25},{"type":"extraTap","angle":22.5,"time":435.25},{"type":"extraTap","angle":135,"time":437.25},{"duration":0.5,"angle2":315,"type":"hold","angle":270,"startTap":true,"time":438.25},{"duration":0.5,"angle2":360,"type":"hold","angle":337.5,"time":439.25},{"type":"extraTap","angle":315,"time":439.25},{"duration":0.5,"angle2":292.5,"type":"hold","angle":360,"time":440,"segments":2},{"duration":0.25,"angle2":337.5,"type":"hold","angle":292.5,"time":440.5,"segments":2},{"duration":0.25,"angle2":0,"time":441.25,"type":"hold","angle":45,"startTap":true,"segments":2},{"type":"extraTap","angle":22.5,"time":440.25},{"type":"block","angle":360,"time":441.75},{"duration":0.5,"angle2":90,"type":"hold","angle":45,"time":443.25},{"duration":0.5,"angle2":90,"type":"hold","angle":135,"startTap":true,"time":444.25},{"duration":0.5,"angle2":315,"type":"hold","angle":360,"startTap":true,"time":442.25},{"type":"extraTap","angle":22.5,"time":443.25},{"type":"block","angle":157.5,"time":445.25},{"type":"block","angle":180,"time":445.5},{"type":"block","angle":202.5,"time":445.75},{"duration":0.5,"angle2":270,"type":"hold","angle":247.5,"time":446},{"duration":1,"angle2":360,"type":"hold","angle":281.25,"time":446.75},{"type":"block","angle":326.25,"time":447.25},{"type":"block","angle":90,"time":450.25},{"type":"block","angle":360,"time":449.25},{"duration":1,"angle2":90,"type":"hold","angle":0,"time":449.25},{"duration":3,"angle2":450,"type":"hold","angle":90,"time":450.25},{"duration":1,"angle2":45,"type":"hold","angle":90,"time":453.25},{"duration":1,"angle2":0,"type":"hold","angle":45,"time":454.25},{"duration":2,"angle2":180,"type":"hold","angle":0,"time":455.25},{"duration":1,"angle2":90,"type":"hold","angle":180,"time":457.25},{"type":"block","angle":22.5,"time":454.75},{"type":"mine","angle":180,"time":461.75},{"type":"mine","angle":191.25,"time":461.875},{"type":"mine","angle":202.5,"time":462},{"type":"mine","angle":213.75,"time":462.125},{"type":"mine","angle":225,"time":462.25},{"type":"mine","angle":236.25,"time":462.375},{"type":"mine","angle":247.5,"time":462.5},{"type":"mine","angle":258.75,"time":462.625},{"type":"mine","angle":270,"time":462.75},{"type":"mine","angle":281.25,"time":462.875},{"type":"mine","angle":292.5,"time":463},{"type":"mine","angle":303.75,"time":463.125},{"type":"mine","angle":315,"time":463.25},{"type":"mine","angle":326.25,"time":463.375},{"type":"mine","angle":337.5,"time":463.5},{"type":"mine","angle":348.75,"time":463.625},{"type":"mine","angle":0,"time":463.75},{"type":"mine","angle":11.25,"time":463.875},{"type":"mine","angle":22.5,"time":464},{"type":"mine","angle":33.75,"time":464.125},{"type":"mine","angle":45,"time":464.25},{"type":"mine","angle":56.25,"time":464.375},{"type":"mine","angle":67.5,"time":464.5},{"type":"mine","angle":78.75,"time":464.625},{"type":"mine","angle":90,"time":464.75},{"type":"mine","angle":101.25,"time":464.875},{"type":"mine","angle":112.5,"time":465},{"type":"mine","angle":123.75,"time":465.125},{"type":"mine","angle":135,"time":465.25},{"type":"mine","angle":146.25,"time":465.375},{"type":"mine","angle":157.5,"time":465.5},{"type":"mine","angle":168.75,"time":465.625},{"type":"block","angle":-67.5,"time":466.25},{"type":"block","angle":202.5,"time":465.25},{"duration":1,"angle2":-67.5,"type":"hold","angle":-157.5,"time":465.25},{"duration":3,"angle2":292.5,"type":"hold","angle":-67.5,"time":466.25},{"duration":1,"angle2":-112.5,"type":"hold","angle":-67.5,"time":469.25},{"duration":1,"angle2":-157.5,"type":"hold","angle":-112.5,"time":470.25},{"duration":1.75,"angle2":-22.5,"type":"hold","angle":-157.5,"time":471.25},{"type":"block","angle":-135,"time":470.75},{"type":"block","angle":22.5,"time":449.5},{"type":"block","angle":45,"time":449.75},{"type":"block","angle":67.5,"time":450},{"type":"block","angle":225,"time":465.5},{"type":"block","angle":247.5,"time":465.75},{"type":"block","angle":270,"time":466},{"type":"block","angle":315,"time":466.5},{"duration":0.5,"angle2":360,"type":"hold","angle":337.5,"time":473},{"duration":0.5,"angle2":0,"type":"hold","angle":0,"time":473.5},{"duration":0.5,"angle2":45,"type":"hold","angle":0,"time":474},{"duration":1.5,"angle2":135,"type":"hold","angle":45,"time":474.5},{"duration":1.5,"angle2":22.5,"type":"hold","angle":135,"time":476},{"duration":1,"angle2":-90,"type":"hold","angle":22.5,"time":477.5},{"duration":2,"angle2":360,"type":"hold","angle":270,"time":478.5},{"duration":1.25,"angle2":157.5,"type":"hold","angle":90,"time":458.25},{"duration":2,"angle2":213.75,"type":"hold","angle":157.5,"time":459.5},{"type":"mine","angle":360,"time":450.25},{"type":"mine","angle":360,"time":450.75},{"type":"mine","angle":360,"time":450.5},{"type":"mine","angle":22.5,"time":451.25},{"type":"mine","angle":22.5,"time":451.5},{"type":"mine","angle":22.5,"time":451.75},{"type":"mine","angle":112.5,"time":452.25},{"type":"mine","angle":112.5,"time":452.5},{"type":"mine","angle":112.5,"time":452.75},{"type":"mine","angle":270,"time":453.25},{"type":"mine","angle":270,"time":453.5},{"type":"mine","angle":270,"time":453.75},{"type":"mine","angle":247.5,"time":454.25},{"type":"mine","angle":247.5,"time":454.5},{"type":"mine","angle":247.5,"time":454.75},{"type":"mine","angle":180,"time":455.25},{"type":"mine","angle":180,"time":455.5},{"type":"mine","angle":180,"time":455.75},{"type":"mine","angle":315,"time":456.25},{"type":"mine","angle":315,"time":456.5},{"type":"mine","angle":315,"time":456.75},{"type":"mine","angle":360,"time":457.25},{"type":"mine","angle":0,"time":457.5},{"type":"mine","angle":0,"time":457.75},{"type":"mine","angle":270,"time":458.5},{"type":"mine","angle":270,"time":458.25},{"type":"mine","angle":270,"time":458.75},{"type":"mine","angle":337.5,"time":459.25},{"type":"mine","angle":337.5,"time":459.5},{"type":"mine","angle":337.5,"time":459.75},{"type":"mine","angle":0,"time":460.25},{"type":"mine","angle":360,"time":460.5},{"type":"mine","angle":360,"time":460.75},{"type":"mine","angle":22.5,"time":465.25},{"type":"mine","angle":22.5,"time":465.5},{"type":"mine","angle":22.5,"time":465.75},{"type":"mine","angle":90,"time":466.25},{"type":"mine","angle":90,"time":466.5},{"type":"mine","angle":90,"time":466.75},{"type":"mine","angle":225,"time":467.25},{"type":"mine","angle":225,"time":467.5},{"type":"mine","angle":225,"time":467.75},{"type":"mine","angle":360,"time":468.25},{"type":"mine","angle":360,"time":468.5},{"type":"mine","angle":360,"time":468.75},{"type":"mine","angle":67.5,"time":469.25},{"type":"mine","angle":67.5,"time":469.5},{"type":"mine","angle":67.5,"time":469.75},{"type":"mine","angle":45,"time":470.25},{"type":"mine","angle":45,"time":470.5},{"type":"mine","angle":45,"time":470.75},{"type":"mine","angle":45,"time":471.25},{"type":"mine","angle":45,"time":471.5},{"type":"mine","angle":45,"time":471.75},{"type":"mine","angle":90,"time":472.25},{"type":"mine","angle":90,"time":472.5},{"type":"mine","angle":90,"time":472.75},{"type":"mine","angle":157.5,"time":473.25},{"type":"mine","angle":157.5,"time":473.5},{"type":"mine","angle":157.5,"time":473.75},{"type":"mine","angle":180,"time":474.25},{"type":"mine","angle":180,"time":474.5},{"type":"mine","angle":180,"time":474.75},{"type":"mine","angle":270,"time":475.25},{"type":"mine","angle":270,"time":475.5},{"type":"mine","angle":270,"time":475.75},{"type":"mine","angle":292.5,"time":476.25},{"type":"mine","angle":292.5,"time":476.75},{"type":"mine","angle":292.5,"time":476.5},{"type":"mine","angle":202.5,"time":477.25},{"type":"mine","angle":202.5,"time":477.5},{"type":"mine","angle":202.5,"time":477.75},{"type":"mine","angle":135,"time":478.25},{"type":"mine","angle":135,"time":478.75},{"type":"mine","angle":135,"time":479.5},{"type":"mine","angle":135,"time":479.25},{"type":"mine","angle":135,"time":479.75},{"type":"mine","angle":180,"time":480.25},{"type":"mine","angle":180,"time":480.5},{"type":"mine","angle":180,"time":480.75},{"type":"mine","angle":135,"time":479},{"type":"mine","angle":135,"time":478.5},{"type":"mine","angle":180,"time":478.25},{"type":"mine","angle":180,"time":478.5},{"type":"mine","angle":180,"time":478.75},{"type":"mine","angle":180,"time":479},{"type":"mine","angle":180,"time":479.25},{"type":"mine","angle":180,"time":479.5},{"type":"mine","angle":180,"time":479.75},{"type":"mine","angle":180,"time":480},{"type":"mine","angle":135,"time":480},{"type":"mine","angle":180,"time":481},{"type":"mine","angle":90,"time":478},{"type":"mine","angle":90,"time":478.25},{"type":"mine","angle":90,"time":478.5},{"type":"mine","angle":90,"time":478.75},{"type":"mine","angle":90,"time":479},{"type":"mine","angle":90,"time":479.25},{"type":"mine","angle":90,"time":479.5},{"type":"mine","angle":90,"time":479.75},{"type":"mine","angle":90,"time":480},{"type":"mine","angle":90,"time":480.25},{"type":"mine","angle":90,"time":480.5},{"type":"mine","angle":90,"time":480.75},{"type":"mine","angle":90,"time":481},{"type":"mine","angle":225,"time":478.25},{"type":"mine","angle":225,"time":478.5},{"type":"mine","angle":225,"time":479},{"type":"mine","angle":225,"time":478.75},{"type":"mine","angle":225,"time":479.25},{"type":"mine","angle":225,"time":479.5},{"type":"mine","angle":225,"time":479.75},{"type":"mine","angle":225,"time":480},{"duration":0.5,"angle2":360,"type":"hold","angle":360,"time":481},{"tap":true,"type":"block","angle":360,"time":482},{"duration":0.75,"angle2":-90,"type":"hold","angle":0,"time":483},{"type":"block","angle":270,"time":484},{"type":"block","angle":270,"time":485},{"type":"block","angle":315,"time":484.5},{"type":"block","angle":247.5,"time":486},{"type":"block","angle":225,"time":486.25},{"type":"block","angle":202.5,"time":486.5},{"type":"block","angle":180,"time":486.75},{"type":"block","angle":157.5,"time":487},{"duration":0.5,"angle2":90,"type":"hold","angle":135,"time":487},{"type":"block","angle":90,"time":487.75},{"type":"block","angle":90,"time":488},{"tap":true,"type":"block","angle":45,"time":488.5},{"tap":true,"type":"block","angle":22.5,"time":489},{"tap":true,"type":"block","angle":0,"time":489.5},{"duration":0.75,"angle2":270,"type":"hold","angle":360,"time":490.25},{"type":"block","angle":270,"time":491.5},{"type":"block","angle":270,"time":492},{"type":"block","angle":270,"time":491},{"type":"block","angle":292.5,"time":492.25},{"type":"block","angle":315,"time":492.5},{"type":"block","angle":337.5,"time":492.75},{"type":"block","angle":360,"time":493},{"type":"side","angle":90,"time":494.25},{"type":"side","angle":270,"time":495.25},{"type":"side","angle":90,"time":496.25},{"type":"side","angle":270,"time":497},{"type":"side","angle":90,"time":497.75},{"duration":3.5,"angle2":180,"type":"mineHold","angle":180,"time":494.25},{"type":"block","angle":337.5,"time":484.5},{"type":"block","angle":292.5,"time":491.5},{"type":"block","angle":247.5,"time":491.5},{"duration":0.75,"angle2":90,"type":"mineHold","angle":180,"time":483},{"duration":0.5,"angle2":270,"type":"mineHold","angle":315,"time":487},{"type":"mine","angle":270,"time":494.25},{"type":"mine","angle":90,"time":495.25},{"type":"mine","angle":270,"time":496.25},{"type":"mine","angle":90,"time":497},{"type":"mine","angle":270,"time":497.75},{"tap":true,"type":"block","angle":405,"time":498.25},{"duration":0.75,"angle2":-45,"type":"hold","angle":45,"time":499.25},{"type":"block","angle":315,"time":500.25},{"type":"block","angle":315,"time":501.25},{"type":"block","angle":360,"time":500.75},{"type":"block","angle":292.5,"time":502.25},{"type":"block","angle":270,"time":502.5},{"type":"block","angle":247.5,"time":502.75},{"type":"block","angle":225,"time":503},{"type":"block","angle":202.5,"time":503.25},{"duration":0.5,"angle2":135,"type":"hold","angle":180,"time":503.25},{"type":"block","angle":135,"time":504},{"type":"block","angle":135,"time":504.25},{"duration":0.75,"angle2":315,"type":"hold","angle":405,"time":506.5},{"type":"block","angle":315,"time":507.75},{"type":"block","angle":315,"time":508.25},{"type":"block","angle":315,"time":507.25},{"type":"block","angle":337.5,"time":508.5},{"type":"block","angle":360,"time":508.75},{"type":"block","angle":382.5,"time":509},{"type":"block","angle":405,"time":509.25},{"type":"block","angle":382.5,"time":500.75},{"type":"block","angle":337.5,"time":507.75},{"type":"block","angle":292.5,"time":507.75},{"duration":0.75,"angle2":135,"type":"mineHold","angle":225,"time":499.25},{"duration":0.5,"angle2":315,"type":"mineHold","angle":360,"time":503.25},{"type":"block","angle":67.5,"time":505},{"type":"block","angle":112.5,"time":504.5},{"type":"block","angle":90,"time":504.625},{"type":"block","angle":67.5,"time":504.875},{"duration":1,"angle2":45,"type":"hold","angle":45,"time":505.25},{"type":"block","angle":45,"time":510},{"type":"block","angle":45,"time":512},{"type":"block","angle":0,"time":510.5},{"type":"block","angle":337.5,"time":510.75},{"type":"block","angle":90,"time":511.25},{"type":"block","angle":112.5,"time":511.5},{"type":"block","angle":315,"time":512.5},{"type":"block","angle":292.5,"time":512.75},{"type":"block","angle":45,"time":513.25},{"type":"block","angle":67.5,"time":513.5},{"tap":true,"type":"block","angle":360,"time":514.25},{"duration":0.75,"angle2":-90,"type":"hold","angle":0,"time":515.25},{"type":"block","angle":270,"time":516.25},{"type":"block","angle":270,"time":517.25},{"type":"block","angle":315,"time":516.75},{"type":"block","angle":247.5,"time":518.25},{"type":"block","angle":225,"time":518.5},{"type":"block","angle":202.5,"time":518.75},{"type":"block","angle":180,"time":519},{"type":"block","angle":157.5,"time":519.25},{"duration":0.5,"angle2":90,"type":"hold","angle":135,"time":519.25},{"type":"block","angle":90,"time":520},{"type":"block","angle":90,"time":520.25},{"tap":true,"type":"block","angle":45,"time":520.75},{"tap":true,"type":"block","angle":22.5,"time":521.25},{"tap":true,"type":"block","angle":0,"time":521.75},{"duration":0.75,"angle2":270,"type":"hold","angle":360,"time":522.25},{"type":"block","angle":270,"time":523.75},{"type":"block","angle":270,"time":524.25},{"type":"block","angle":270,"time":523.25},{"type":"block","angle":292.5,"time":524.5},{"type":"block","angle":315,"time":524.75},{"type":"block","angle":337.5,"time":525},{"type":"block","angle":360,"time":525.25},{"type":"side","angle":90,"time":526.25},{"type":"side","angle":270,"time":527.25},{"type":"side","angle":90,"time":528.25},{"type":"side","angle":270,"time":529},{"type":"side","angle":90,"time":529.75},{"duration":3.5,"angle2":180,"type":"mineHold","angle":180,"time":526.25},{"type":"block","angle":337.5,"time":516.75},{"type":"block","angle":292.5,"time":523.75},{"type":"block","angle":247.5,"time":523.75},{"duration":0.75,"angle2":90,"type":"mineHold","angle":180,"time":515.25},{"duration":0.5,"angle2":270,"type":"mineHold","angle":315,"time":519.25},{"type":"mine","angle":270,"time":526.25},{"type":"mine","angle":90,"time":527.25},{"type":"mine","angle":270,"time":528.25},{"type":"mine","angle":90,"time":529},{"type":"mine","angle":270,"time":529.75},{"duration":0.75,"angle2":-45,"type":"hold","angle":45,"time":531.5},{"type":"block","angle":315,"time":532.5},{"type":"block","angle":315,"time":533.5},{"type":"block","angle":360,"time":533},{"type":"block","angle":292.5,"time":534.5},{"type":"block","angle":270,"time":534.75},{"type":"block","angle":247.5,"time":535},{"type":"block","angle":225,"time":535.25},{"type":"block","angle":202.5,"time":535.5},{"duration":0.5,"angle2":135,"type":"hold","angle":180,"time":535.5},{"type":"block","angle":135,"time":536.25},{"type":"block","angle":135,"time":536.5},{"type":"block","angle":315,"time":540},{"type":"block","angle":315,"time":540.5},{"type":"block","angle":337.5,"time":540.75},{"type":"block","angle":360,"time":541},{"type":"block","angle":382.5,"time":541.25},{"type":"block","angle":405,"time":541.5},{"type":"block","angle":382.5,"time":533},{"duration":0.75,"angle2":135,"type":"mineHold","angle":225,"time":531.5},{"duration":0.5,"angle2":315,"type":"mineHold","angle":360,"time":535.5},{"type":"block","angle":67.5,"time":537.25},{"type":"block","angle":112.5,"time":536.75},{"type":"block","angle":90,"time":536.875},{"type":"block","angle":67.5,"time":537.125},{"duration":1,"angle2":45,"type":"hold","angle":45,"time":537.5},{"duration":1,"angle2":45,"type":"hold","angle":45,"time":530.25},{"duration":0.75,"angle2":-45,"startTap":true,"type":"hold","angle":45,"endTap":true,"time":538.5},{"duration":1,"angle2":0,"type":"hold","angle":45,"time":542.25},{"type":"block","angle":22.5,"time":543},{"duration":1,"angle2":337.5,"type":"hold","angle":360,"time":544},{"duration":1,"angle2":225,"type":"mineHold","angle":225,"speedMult":4,"time":509.25},{"duration":1,"angle2":247.5,"type":"mineHold","angle":247.5,"speedMult":4,"time":509.25},{"duration":1,"angle2":202.5,"type":"mineHold","angle":202.5,"speedMult":4,"time":509.25},{"duration":1,"angle2":180,"type":"mineHold","angle":180,"speedMult":4,"time":509.25},{"duration":0.5,"angle2":135,"type":"mineHold","angle":180,"time":496.25},{"duration":0.5,"angle2":225,"type":"mineHold","angle":180,"time":497},{"duration":0.5,"angle2":135,"type":"mineHold","angle":180,"time":497.75},{"duration":0.75,"angle2":0,"type":"mineHold","angle":180,"time":522.25},{"duration":0.5,"angle2":22.5,"type":"hold","angle":0,"time":545},{"type":"side","angle":315,"time":546},{"type":"side","angle":0,"time":547},{"type":"block","angle":0,"time":547.75},{"type":"block","angle":0,"time":548.5},{"type":"block","angle":348.75,"time":548.25},{"type":"block","angle":11.25,"time":548},{"type":"block","angle":11.25,"time":548.75},{"type":"block","angle":348.75,"time":549},{"type":"block","angle":0,"time":550},{"type":"block","angle":315,"time":550.5},{"type":"block","angle":45,"time":551},{"type":"block","angle":45,"time":551.75},{"type":"block","angle":33.75,"time":552},{"type":"block","angle":22.5,"time":552.25},{"type":"block","angle":11.25,"time":552.5},{"type":"block","angle":0,"time":552.75},{"type":"block","angle":0,"time":553.25},{"speedMult":2,"type":"mine","angle":292.5,"time":552.75},{"speedMult":2,"type":"mine","angle":292.5,"time":553.75},{"speedMult":2,"type":"mine","angle":67.5,"time":553.25},{"type":"block","angle":360,"time":554},{"type":"block","angle":45,"time":554.5},{"type":"block","angle":90,"time":555},{"type":"block","angle":360,"time":549.25},{"type":"block","angle":90,"time":556},{"type":"block","angle":90,"time":556.75},{"type":"block","angle":78.75,"time":556.25},{"type":"block","angle":101.25,"time":556.5},{"type":"block","angle":78.75,"time":557},{"type":"block","angle":101.25,"time":557.25},{"duration":0.5,"angle2":45,"type":"hold","angle":90,"time":558.5},{"duration":0.5,"angle2":135,"type":"hold","angle":90,"time":559.5},{"duration":0.5,"angle2":45,"type":"hold","angle":90,"time":560.5},{"duration":0.5,"angle2":135,"type":"hold","angle":45,"time":561},{"type":"side","angle":-495,"time":562},{"type":"side","angle":-180,"time":563},{"type":"block","angle":-180,"time":563.75},{"type":"block","angle":-180,"time":564.5},{"type":"block","angle":-528.75,"time":564.25},{"type":"block","angle":-191.25,"time":564},{"type":"block","angle":-191.25,"time":564.75},{"type":"block","angle":-528.75,"time":565},{"type":"block","angle":-180,"time":566},{"type":"block","angle":-495,"time":566.5},{"type":"block","angle":-225,"time":567},{"type":"block","angle":-225,"time":567.75},{"type":"block","angle":-213.75,"time":568},{"type":"block","angle":-202.5,"time":568.25},{"type":"block","angle":-191.25,"time":568.5},{"type":"block","angle":-180,"time":568.75},{"type":"block","angle":-180,"time":569.25},{"speedMult":2,"type":"mine","angle":-472.5,"time":568.75},{"speedMult":2,"type":"mine","angle":-472.5,"time":569.75},{"speedMult":2,"type":"mine","angle":-247.5,"time":569.25},{"type":"block","angle":-540,"time":570},{"type":"block","angle":-225,"time":570.5},{"type":"block","angle":-270,"time":571},{"type":"block","angle":-540,"time":565.25},{"type":"block","angle":-270,"time":572},{"type":"block","angle":-270,"time":572.75},{"type":"block","angle":-258.75,"time":572.25},{"type":"block","angle":-281.25,"time":572.5},{"type":"block","angle":-258.75,"time":573},{"type":"block","angle":-281.25,"time":573.25},{"duration":0.5,"angle2":-225,"type":"hold","angle":-270,"time":574.5},{"duration":0.5,"angle2":-315,"type":"hold","angle":-270,"time":575.5},{"type":"block","angle":45,"time":576},{"type":"block","angle":45,"time":576.5},{"type":"block","angle":45,"time":576.125},{"type":"block","angle":45,"time":576.25},{"type":"block","angle":45,"time":576.375},{"type":"block","angle":45,"time":577},{"type":"block","angle":45,"time":575.875},{"type":"block","angle":56.25,"time":575.75},{"type":"block","angle":67.5,"time":575.625},{"type":"block","angle":45,"time":579.75},{"type":"block","angle":45,"time":580.5},{"type":"block","angle":393.75,"time":580.25},{"type":"block","angle":56.25,"time":580.75},{"type":"block","angle":360,"time":582.5},{"type":"block","angle":90,"time":583.75},{"type":"block","angle":67.5,"time":584.25},{"type":"block","angle":56.25,"time":584.5},{"type":"block","angle":45,"time":584.75},{"type":"block","angle":45,"time":585.25},{"speedMult":2,"type":"mine","angle":337.5,"time":584.75},{"speedMult":2,"type":"mine","angle":337.5,"time":585.75},{"speedMult":2,"type":"mine","angle":112.5,"time":585.25},{"type":"block","angle":90,"time":586.5},{"type":"block","angle":405,"time":581.25},{"type":"block","angle":135,"time":588.75},{"type":"block","angle":123.75,"time":588.25},{"type":"block","angle":146.25,"time":588.5},{"type":"block","angle":146.25,"time":589.25},{"duration":0.5,"angle2":90,"type":"hold","angle":135,"time":590.5},{"duration":0.5,"angle2":180,"type":"hold","angle":135,"time":591.5},{"duration":0.5,"angle2":90,"type":"hold","angle":135,"time":592.5},{"duration":1.25,"angle2":90,"time":557.25,"type":"hold","angle":101.25,"speedMult":2,"segments":1},{"duration":1.25,"angle2":90,"time":573.25,"type":"hold","angle":78.75,"speedMult":2,"segments":1},{"duration":1.25,"angle2":135,"time":589.25,"type":"hold","angle":146.25,"speedMult":2,"segments":1},{"type":"extraTap","angle":180,"time":595},{"tap":true,"type":"block","angle":135,"time":596},{"tap":true,"type":"block","angle":90,"time":598},{"tap":true,"type":"block","angle":45,"time":600},{"type":"extraTap","angle":101.25,"time":597},{"type":"extraTap","angle":78.75,"time":599},{"type":"extraTap","angle":33.75,"time":601},{"type":"block","angle":0,"time":601.5},{"type":"block","angle":0,"time":601.75},{"type":"block","angle":0,"time":602},{"type":"block","angle":45,"time":602.5},{"type":"block","angle":90,"time":603},{"type":"block","angle":135,"time":603.5},{"type":"block","angle":135,"time":603.75},{"type":"block","angle":135,"time":604},{"type":"block","angle":180,"time":604.5},{"type":"block","angle":225,"time":605},{"type":"mine","angle":337.5,"time":594},{"type":"mine","angle":0,"time":594},{"type":"mine","angle":22.5,"time":594},{"type":"mine","angle":315,"time":596},{"type":"mine","angle":337.5,"time":596},{"type":"mine","angle":292.5,"time":596},{"type":"mine","angle":270,"time":598},{"type":"mine","angle":247.5,"time":598},{"type":"mine","angle":292.5,"time":598},{"type":"mine","angle":225,"time":600},{"type":"mine","angle":202.5,"time":600},{"type":"mine","angle":247.5,"time":600},{"type":"mine","angle":315,"time":594},{"type":"mine","angle":292.5,"time":594},{"type":"mine","angle":270,"time":594},{"type":"mine","angle":90,"time":594},{"type":"mine","angle":67.5,"time":594},{"type":"mine","angle":45,"time":594},{"type":"mine","angle":247.5,"time":594},{"type":"mine","angle":112.5,"time":594},{"type":"mine","angle":270,"time":596},{"type":"mine","angle":247.5,"time":596},{"type":"mine","angle":225,"time":596},{"type":"mine","angle":360,"time":596},{"type":"mine","angle":22.5,"time":596},{"type":"mine","angle":45,"time":596},{"type":"mine","angle":202.5,"time":596},{"type":"mine","angle":67.5,"time":596},{"type":"mine","angle":315,"time":598},{"type":"mine","angle":337.5,"time":598},{"type":"mine","angle":360,"time":598},{"type":"mine","angle":22.5,"time":598},{"type":"mine","angle":225,"time":598},{"type":"mine","angle":202.5,"time":598},{"type":"mine","angle":180,"time":598},{"type":"mine","angle":157.5,"time":598},{"type":"mine","angle":180,"time":600},{"type":"mine","angle":157.5,"time":600},{"type":"mine","angle":135,"time":600},{"type":"mine","angle":315,"time":600},{"type":"mine","angle":292.5,"time":600},{"type":"mine","angle":270,"time":600},{"type":"mine","angle":337.5,"time":600},{"type":"mine","angle":112.5,"time":600},{"type":"mine","angle":180,"time":601.5},{"type":"mine","angle":180,"time":601.75},{"type":"mine","angle":180,"time":602},{"type":"mine","angle":225,"time":602.5},{"type":"mine","angle":270,"time":603},{"type":"mine","angle":315,"time":603.5},{"type":"mine","angle":315,"time":603.75},{"type":"mine","angle":315,"time":604},{"type":"mine","angle":360,"time":604.5},{"type":"mine","angle":45,"time":605},{"type":"mine","angle":90,"time":606},{"type":"block","angle":270,"time":605.5},{"type":"block","angle":281.25,"time":605.75},{"type":"block","angle":292.5,"time":606},{"type":"block","angle":303.75,"time":606.25},{"type":"block","angle":315,"time":606.5},{"type":"block","angle":326.25,"time":606.75},{"type":"block","angle":337.5,"time":607},{"type":"block","angle":348.75,"time":607.25},{"type":"block","angle":0,"time":607.5},{"type":"block","angle":11.25,"time":607.75},{"type":"block","angle":22.5,"time":608},{"type":"block","angle":45,"time":609.25},{"type":"block","angle":45,"time":608.625},{"type":"block","angle":33.75,"time":608.125},{"type":"block","angle":45,"time":608.25},{"type":"block","angle":45,"time":608.875},{"type":"block","angle":281.25,"time":605.875},{"type":"block","angle":315,"time":606.625},{"duration":16,"angle2":360,"type":"hold","angle":45,"time":610},{"type":"block","angle":45,"time":609.5},{"type":"block","angle":45,"time":609.75},{"type":"side","angle":360,"time":578},{"type":"side","angle":45,"time":579},{"type":"block","angle":56.25,"time":580},{"type":"block","angle":45,"time":582},{"type":"block","angle":90,"time":583},{"type":"block","angle":78.75,"time":584},{"type":"block","angle":45,"time":585},{"type":"block","angle":45,"time":586},{"type":"block","angle":135,"time":587},{"type":"block","angle":135,"time":588},{"type":"block","angle":123.75,"time":589},{"duration":0.5,"angle2":146.25,"type":"hold","angle":90,"time":593},{"tap":true,"type":"block","angle":180,"time":594}]