{"metadata":{"difficulty":0,"bg":true,"charter":"riversideee","artist":"Aiobahn feat. KOTOKO","bgData":{"cyanChannel":{"b":167,"g":131,"r":114},"greenChannel":{"b":219,"g":218,"r":232},"redChannel":{"b":77,"g":37,"r":59},"blueChannel":{"b":181,"g":44,"r":85},"image":"cover.png","yellowChannel":{"b":98,"g":163,"r":183},"magentaChannel":{"b":189,"g":64,"r":205}},"songName":"INTERNET YAMERO","description":"first level i'm actually publishing lol\n\n(flashing lights warning!)","artistLink":""},"properties":{"speed":70,"offset":8,"formatversion":13},"events":[{"angle":180,"bpm":185,"file":"internetyamero.ogg","volume":1,"time":2,"type":"play"},{"order":0,"angle":210,"color":1,"time":250,"type":"setBgColor"},{"spriteName":"miss","type":"forcePlayerSprite","angle":330,"time":250},{"spriteName":"","type":"forcePlayerSprite","angle":303.75,"time":282.25},{"type":"ease","repeats":3,"value":1.5,"var":"vfx.canvPos.sy","angle":105,"repeatDelay":8,"time":10,"duration":0.25},{"type":"ease","repeats":3,"value":1.5,"var":"vfx.canvPos.sx","angle":135,"repeatDelay":8,"time":10,"duration":0.25},{"type":"ease","ease":"inSine","repeats":3,"repeatDelay":8,"time":10.5,"angle":135,"var":"vfx.canvPos.sx","value":1,"duration":0.25},{"type":"ease","ease":"inSine","repeats":3,"repeatDelay":8,"time":10.5,"angle":105,"var":"vfx.canvPos.sy","value":1,"duration":0.25},{"type":"ease","time":38,"duration":0.25,"value":1.5,"var":"vfx.canvPos.sy","angle":105},{"type":"ease","time":38,"duration":0.25,"value":1.5,"var":"vfx.canvPos.sx","angle":135},{"type":"ease","ease":"inSine","var":"vfx.canvPos.sx","duration":0.5,"value":1,"time":38.5,"angle":135},{"type":"ease","ease":"inSine","var":"vfx.canvPos.sy","duration":0.5,"value":1,"time":38.5,"angle":105},{"type":"ease","ease":"linear","var":"vfx.canvPos.sx","duration":24,"value":1.5,"time":42,"angle":45},{"type":"ease","ease":"linear","var":"vfx.canvPos.sy","duration":24,"value":1.5,"time":42,"angle":67.5},{"time":66,"type":"ease","ease":"linear","value":1,"var":"vfx.canvPos.sx","angle":157.5},{"angle":135,"time":66,"value":1,"var":"vfx.canvPos.sy","type":"ease"},{"spriteName":":3","type":"forcePlayerSprite","angle":225,"time":66},{"spriteName":"","type":"forcePlayerSprite","angle":45,"time":72},{"spriteName":"","type":"forcePlayerSprite","angle":180,"time":106},{"type":"ease","repeats":31,"value":1.0499999523163,"var":"vfx.canvPos.sy","angle":345,"repeatDelay":1,"time":73,"duration":0.125},{"type":"ease","repeats":31,"value":1.0499999523163,"var":"vfx.canvPos.sx","angle":315,"repeatDelay":1,"time":73,"duration":0.125},{"type":"ease","ease":"linear","repeats":31,"repeatDelay":1,"time":73.5,"angle":315,"var":"vfx.canvPos.sx","value":1,"duration":0.5},{"type":"ease","ease":"linear","repeats":31,"repeatDelay":1,"time":73.375,"angle":345,"var":"vfx.canvPos.sy","value":1,"duration":0.5},{"type":"setBgColor","angle":330,"color":2,"time":42},{"type":"setColor","ease":"linear","duration":16,"g":49,"r":49,"b":49,"angle":315,"time":42,"color":2},{"type":"setColor","ease":"linear","duration":16,"g":255,"r":255,"b":255,"angle":120,"time":42,"color":0},{"type":"setBgColor","angle":90,"color":0,"time":66},{"type":"setColor","duration":0,"g":0,"r":0,"b":0,"angle":105,"color":1,"time":66},{"enable":true,"type":"outline","color":0,"time":66,"angle":75},{"chance":0.94999998807907,"angle":30,"color":1,"time":42,"type":"noise"},{"chance":0,"angle":120,"color":0,"time":66,"type":"noise"},{"enable":false,"type":"outline","color":1,"time":343,"angle":135},{"type":"setBgColor","angle":337.5,"color":1,"time":410},{"type":"paddles","ease":"linear","time":410,"duration":0,"paddle":1,"newWidth":50,"angle":22.5},{"enable":true,"type":"outline","color":2,"time":410,"angle":348.75},{"spriteName":"miss","type":"forcePlayerSprite","angle":11.25,"time":410},{"type":"setBgColor","angle":337.5,"color":0,"time":442},{"enable":false,"type":"outline","color":1,"time":442,"angle":22.5},{"spriteName":"","type":"forcePlayerSprite","angle":33.75,"time":442},{"type":"paddles","ease":"linear","time":442,"duration":0,"paddle":1,"newWidth":70,"angle":348.75},{"type":"ease","repeats":3,"value":1.5,"var":"vfx.canvPos.sy","angle":285,"repeatDelay":8,"time":486,"duration":0.25},{"type":"ease","repeats":3,"value":1.5,"var":"vfx.canvPos.sx","angle":315,"repeatDelay":8,"time":486,"duration":0.25},{"type":"ease","ease":"inSine","repeats":3,"repeatDelay":8,"time":486.5,"angle":315,"var":"vfx.canvPos.sx","value":1,"duration":0.25},{"type":"ease","ease":"inSine","repeats":3,"repeatDelay":8,"time":486.5,"angle":285,"var":"vfx.canvPos.sy","value":1,"duration":0.25},{"type":"ease","time":514,"duration":0.25,"value":1.5,"var":"vfx.canvPos.sy","angle":285},{"type":"ease","time":514,"duration":0.25,"value":1.5,"var":"vfx.canvPos.sx","angle":315},{"type":"ease","ease":"inSine","var":"vfx.canvPos.sx","duration":0.5,"value":1,"time":514.5,"angle":315},{"type":"ease","ease":"inSine","var":"vfx.canvPos.sy","duration":0.5,"value":1,"time":514.5,"angle":285},{"type":"showResults","time":718.5,"angle":0},{"type":"paddles","ease":"linear","duration":0,"paddle":0,"newWidth":0,"angle":345,"enabled":false,"time":694.375},{"enable":true,"type":"hom","angle":360,"time":705.75},{"voidColor":1,"time":678,"angle":30,"color":1,"type":"setBgColor"},{"enable":true,"type":"outline","color":0,"time":678,"angle":45},{"type":"setColor","angle":15,"color":4,"time":694.375},{"type":"ease","ease":"linear","var":"vfx.canvPos.sy","duration":17,"value":1.8999999761581,"time":678,"angle":60},{"type":"ease","ease":"linear","var":"vfx.canvPos.sx","duration":17,"value":1.8999999761581,"time":678,"angle":75},{"angle":315,"time":694.375,"value":1,"var":"p.fillColor","type":"ease"},{"b":0,"type":"setColor","r":255,"color":2,"g":0,"time":250,"angle":75},{"enable":true,"type":"outline","color":2,"time":250,"angle":90},{"order":0,"type":"deco","y":90,"drawOrder":1,"drawLayer":"bg","time":106,"sprite":"sun.png","x":210,"angle":120,"outline":true,"sx":0.5,"id":"sunbg","sy":0.5},{"b":105,"type":"setColor","r":105,"color":4,"g":16,"time":106,"angle":210},{"type":"setBgColor","angle":90,"color":4,"time":106},{"type":"setBgColor","angle":240,"color":2,"time":485.875},{"type":"setBgColor","angle":240,"color":0,"time":486.25},{"type":"setBgColor","angle":240,"color":2,"time":493.875},{"type":"setBgColor","angle":240,"color":0,"time":494.25},{"type":"setBgColor","angle":240,"color":2,"time":501.875},{"type":"setBgColor","angle":240,"color":0,"time":502.25},{"type":"setBgColor","angle":240,"color":2,"time":509.875},{"type":"setBgColor","angle":240,"color":0,"time":510.25},{"type":"setBgColor","angle":240,"color":2,"time":513.875},{"type":"setBgColor","angle":240,"color":0,"time":514.25},{"type":"ease","ease":"linear","var":"vfx.canvPos.sx","duration":24,"value":1.5,"time":518,"angle":-225},{"type":"ease","ease":"linear","var":"vfx.canvPos.sy","duration":24,"value":1.5,"time":518,"angle":-247.5},{"time":542,"type":"ease","ease":"linear","value":1,"var":"vfx.canvPos.sx","angle":-337.5},{"angle":-315,"time":542,"value":1,"var":"vfx.canvPos.sy","type":"ease"},{"spriteName":"","type":"forcePlayerSprite","angle":-405,"time":542},{"type":"setBgColor","angle":-510,"time":518,"color":2},{"type":"setColor","ease":"linear","duration":16,"g":255,"r":255,"b":255,"angle":-300,"time":518,"color":0},{"type":"setBgColor","angle":-270,"time":542,"color":0},{"type":"setColor","duration":0,"g":0,"r":0,"b":0,"angle":-285,"color":1,"time":542},{"enable":true,"type":"outline","color":0,"time":542,"angle":-255},{"chance":0.94999998807907,"angle":-210,"color":1,"time":518,"type":"noise"},{"chance":0,"angle":-300,"color":0,"time":542,"type":"noise"},{"spriteName":"angry","type":"forcePlayerSprite","angle":90,"time":518},{"angle":67.5,"time":548.125,"value":1.5,"var":"scrollSpeed","type":"ease"},{"b":219,"type":"setColor","r":90,"color":1,"g":202,"time":442,"angle":330},{"b":235,"type":"setColor","r":102,"color":0,"g":73,"time":106,"angle":225},{"b":88,"type":"setColor","r":250,"color":1,"g":199,"time":106,"angle":240},{"b":143,"type":"setColor","r":227,"color":2,"g":56,"time":106,"angle":255},{"b":92,"type":"setColor","r":186,"color":3,"g":43,"time":106,"angle":270},{"drawOrder":0,"type":"deco","ox":0,"sx":1.0499999523163,"time":106,"sprite":"synthbg!synthbganim","x":-25,"angle":75,"y":270,"id":"synthbg","drawLayer":"bg"},{"b":229,"type":"setColor","r":134,"color":5,"g":74,"time":106,"angle":285},{"b":0,"type":"setColor","r":0,"color":4,"g":255,"time":250,"angle":120},{"b":255,"type":"setColor","r":255,"color":0,"g":255,"time":250,"angle":45},{"type":"deco","hide":true,"id":"sunbg","time":250,"angle":345},{"type":"deco","hide":true,"id":"synthbg","time":250,"angle":315},{"enable":false,"type":"outline","color":1,"time":486,"angle":45},{"b":0,"type":"setColor","r":0,"color":1,"g":0,"time":486,"angle":60},{"b":255,"type":"setColor","r":255,"color":0,"g":255,"time":72.75,"angle":75},{"b":218,"type":"setColor","r":70,"color":3,"g":146,"time":72.75,"angle":120},{"drawOrder":0,"type":"deco","drawLayer":"bg","time":72,"sprite":"chorusbackground.png","x":0,"angle":60,"id":"chorusbackground","y":0},{"type":"deco","hide":true,"id":"chorusbackground","time":106,"angle":45},{"angle":360,"time":706,"value":5,"var":"vfx.hglitch.strength","type":"ease"},{"angle":345,"time":706,"value":5,"var":"vfx.hglitch.resolution","type":"ease"},{"b":226,"type":"setColor","r":80,"color":2,"g":212,"time":72.75,"angle":105},{"enable":true,"type":"hom","angle":135,"time":72},{"chance":0.10999998450279,"angle":165,"color":4,"time":72,"type":"noise"},{"b":179,"type":"setColor","r":78,"color":1,"g":23,"time":72.75,"angle":90},{"b":235,"type":"setColor","r":213,"color":4,"g":47,"time":72.75,"angle":180},{"b":92,"type":"setColor","r":242,"color":5,"g":216,"time":72.75,"angle":195},{"b":135,"type":"setColor","r":242,"color":6,"g":110,"time":72.75,"angle":210},{"b":227,"type":"setColor","r":155,"color":7,"g":17,"time":72.75,"angle":225},{"b":215,"type":"setColor","r":92,"color":1,"g":222,"time":2,"angle":60},{"b":157,"type":"setColor","r":225,"color":1,"g":82,"time":3,"angle":45},{"b":220,"type":"setColor","r":86,"color":1,"g":153,"time":4,"angle":45},{"b":82,"type":"setColor","r":231,"color":1,"g":190,"time":4.5,"angle":45},{"b":133,"type":"setColor","r":232,"color":1,"g":67,"time":5,"angle":45},{"b":215,"type":"setColor","r":92,"color":1,"g":222,"time":5.375,"angle":45},{"b":220,"type":"setColor","r":185,"color":1,"g":72,"time":6,"angle":45},{"b":215,"type":"setColor","r":92,"color":1,"g":222,"time":6.5,"angle":45},{"b":90,"type":"setColor","r":227,"color":1,"g":90,"time":7.5,"angle":45},{"type":"setColor","angle":45,"color":1,"time":8},{"b":214,"type":"setColor","r":71,"color":1,"g":132,"time":9,"angle":45},{"b":0,"type":"setColor","r":0,"color":1,"g":0,"time":10,"angle":45},{"b":220,"type":"setColor","r":98,"color":0,"g":82,"time":106,"angle":195},{"b":255,"type":"setColor","r":0,"color":3,"g":0,"time":250,"angle":105},{"b":0,"type":"setColor","r":0,"color":1,"g":0,"time":250,"angle":60},{"b":0,"type":"setColor","r":255,"color":5,"g":255,"time":250,"angle":150},{"b":255,"type":"setColor","r":255,"color":6,"g":0,"time":250,"angle":165},{"b":255,"type":"setColor","r":0,"color":7,"g":255,"time":250,"angle":180},{"b":255,"type":"setColor","r":255,"color":0,"g":255,"time":343,"angle":315},{"chance":0,"angle":60,"color":0,"time":106,"type":"noise"},{"enable":false,"type":"hom","angle":30,"time":106},{"type":"deco","drawLayer":"bg","time":66,"sprite":"internet#0","x":0,"angle":270,"id":"int","y":0},{"b":148,"type":"setColor","r":224,"color":2,"g":93,"time":66,"angle":60},{"b":221,"type":"setColor","r":84,"color":3,"g":119,"time":66,"angle":45},{"b":103,"type":"setColor","r":106,"color":4,"g":222,"time":66,"angle":30},{"b":90,"type":"setColor","r":227,"color":5,"g":224,"time":66,"angle":15},{"b":219,"type":"setColor","r":154,"color":6,"g":94,"time":66,"angle":0},{"b":208,"type":"setColor","r":101,"color":7,"g":212,"time":66,"angle":345},{"angle":270,"type":"deco","id":"int","time":67,"sprite":"internet#1"},{"angle":270,"type":"deco","id":"int","time":68,"sprite":"internet#2"},{"type":"deco","drawLayer":"bg","time":70,"sprite":"yamero#3","x":0,"angle":255,"id":"yam","y":180},{"angle":270,"type":"deco","id":"int","time":69,"sprite":"internet#2"},{"angle":270,"type":"deco","id":"int","time":70,"sprite":"internet#2"},{"angle":270,"type":"deco","id":"int","time":71,"sprite":"internet#2"},{"drawOrder":1,"type":"deco","id":"int","angle":270,"drawLayer":"bg","time":72,"sprite":"internet#2"},{"angle":255,"type":"deco","id":"yam","time":71,"sprite":"yamero#4"},{"drawOrder":1,"type":"deco","id":"yam","angle":255,"drawLayer":"bg","time":72,"sprite":"yamero#5"},{"type":"deco","ease":"outQuad","duration":0.25,"time":72.625,"x":0,"angle":270,"id":"int","y":-180},{"type":"deco","ease":"linear","duration":0.25,"time":72.625,"x":0,"angle":255,"id":"yam","y":360},{"type":"deco","drawLayer":"bg","time":343,"sprite":"tiktokbg.png","x":0,"angle":180,"id":"ttbg","y":0},{"b":45,"type":"setColor","r":11,"color":1,"g":14,"time":343,"angle":300},{"b":87,"type":"setColor","r":236,"color":2,"g":43,"time":343,"angle":285},{"b":255,"type":"setColor","r":253,"color":5,"g":173,"time":343,"angle":240},{"b":75,"type":"setColor","r":188,"color":6,"g":75,"time":343,"angle":225},{"b":255,"type":"setColor","r":241,"color":7,"g":119,"time":343,"angle":210},{"b":208,"type":"setColor","r":211,"color":3,"g":99,"time":343,"angle":270},{"sy":0,"type":"deco","time":410,"sx":0,"id":"ttbg","angle":45},{"b":255,"type":"setColor","r":0,"color":3,"g":0,"time":410,"angle":330},{"b":0,"type":"setColor","r":255,"color":2,"g":0,"time":410,"angle":315},{"b":255,"type":"setColor","r":255,"color":0,"g":255,"time":410,"angle":285},{"b":0,"type":"setColor","r":0,"color":1,"g":0,"time":410,"angle":300},{"angle":30,"time":410,"g":255,"color":4,"type":"setColor"},{"b":0,"type":"setColor","r":255,"color":5,"g":255,"time":410,"angle":60},{"b":255,"type":"setColor","r":255,"color":6,"g":0,"time":410,"angle":75},{"b":255,"type":"setColor","r":0,"color":7,"g":255,"time":410,"angle":90},{"drawOrder":1,"type":"deco","drawLayer":"bg","time":343,"sprite":"tiktokbars.png","x":0,"angle":195,"id":"ttbar","y":0},{"b":115,"type":"setColor","r":84,"color":4,"g":31,"time":343,"angle":255},{"b":68,"type":"setColor","r":235,"color":2,"g":222,"time":344,"angle":285},{"b":87,"type":"setColor","r":236,"color":2,"g":43,"time":345,"angle":285},{"b":68,"type":"setColor","r":235,"color":2,"g":222,"time":346,"angle":285},{"b":87,"type":"setColor","r":236,"color":2,"g":43,"time":347,"angle":285},{"b":68,"type":"setColor","r":235,"color":2,"g":222,"time":348,"angle":285},{"b":87,"type":"setColor","r":236,"color":2,"g":43,"time":349,"angle":285},{"b":68,"type":"setColor","r":235,"color":2,"g":222,"time":350,"angle":285},{"b":87,"type":"setColor","r":236,"color":2,"g":43,"time":351,"angle":285},{"b":68,"type":"setColor","r":235,"color":2,"g":222,"time":352,"angle":285},{"b":87,"type":"setColor","r":236,"color":2,"g":43,"time":353,"angle":285},{"b":68,"type":"setColor","r":235,"color":2,"g":222,"time":354,"angle":285},{"b":87,"type":"setColor","r":236,"color":2,"g":43,"time":355,"angle":285},{"b":68,"type":"setColor","r":235,"color":2,"g":222,"time":356,"angle":285},{"b":87,"type":"setColor","r":236,"color":2,"g":43,"time":357,"angle":285},{"b":68,"type":"setColor","r":235,"color":2,"g":222,"time":358,"angle":285},{"b":87,"type":"setColor","r":236,"color":2,"g":43,"time":359,"angle":285},{"b":68,"type":"setColor","r":235,"color":2,"g":222,"time":360,"angle":285},{"b":87,"type":"setColor","r":236,"color":2,"g":43,"time":361,"angle":285},{"b":68,"type":"setColor","r":235,"color":2,"g":222,"time":362,"angle":300},{"b":87,"type":"setColor","r":236,"color":2,"g":43,"time":363,"angle":300},{"b":68,"type":"setColor","r":235,"color":2,"g":222,"time":364,"angle":285},{"b":87,"type":"setColor","r":236,"color":2,"g":43,"time":365,"angle":285},{"b":68,"type":"setColor","r":235,"color":2,"g":222,"time":366,"angle":285},{"b":87,"type":"setColor","r":236,"color":2,"g":43,"time":367,"angle":285},{"b":68,"type":"setColor","r":235,"color":2,"g":222,"time":368,"angle":285},{"b":87,"type":"setColor","r":236,"color":2,"g":43,"time":369,"angle":285},{"b":68,"type":"setColor","r":235,"color":2,"g":222,"time":370,"angle":285},{"b":87,"type":"setColor","r":236,"color":2,"g":43,"time":371,"angle":285},{"b":68,"type":"setColor","r":235,"color":2,"g":222,"time":372,"angle":285},{"b":87,"type":"setColor","r":236,"color":2,"g":43,"time":373,"angle":285},{"b":68,"type":"setColor","r":235,"color":2,"g":222,"time":374,"angle":285},{"b":87,"type":"setColor","r":236,"color":2,"g":43,"time":375,"angle":285},{"b":68,"type":"setColor","r":235,"color":2,"g":222,"time":376,"angle":285},{"b":87,"type":"setColor","r":236,"color":2,"g":43,"time":377,"angle":285},{"b":68,"type":"setColor","r":235,"color":2,"g":222,"time":378,"angle":285},{"b":87,"type":"setColor","r":236,"color":2,"g":43,"time":379,"angle":285},{"b":68,"type":"setColor","r":235,"color":2,"g":222,"time":380,"angle":285},{"b":87,"type":"setColor","r":236,"color":2,"g":43,"time":381,"angle":285},{"b":68,"type":"setColor","r":235,"color":2,"g":222,"time":382,"angle":285},{"b":87,"type":"setColor","r":236,"color":2,"g":43,"time":383,"angle":285},{"b":68,"type":"setColor","r":235,"color":2,"g":222,"time":384,"angle":285},{"b":87,"type":"setColor","r":236,"color":2,"g":43,"time":385,"angle":285},{"b":68,"type":"setColor","r":235,"color":2,"g":222,"time":386,"angle":285},{"b":87,"type":"setColor","r":236,"color":2,"g":43,"time":387,"angle":285},{"b":68,"type":"setColor","r":235,"color":2,"g":222,"time":388,"angle":285},{"b":87,"type":"setColor","r":236,"color":2,"g":43,"time":389,"angle":285},{"b":68,"type":"setColor","r":235,"color":2,"g":222,"time":390,"angle":285},{"b":87,"type":"setColor","r":236,"color":2,"g":43,"time":391,"angle":285},{"b":68,"type":"setColor","r":235,"color":2,"g":222,"time":392,"angle":285},{"b":87,"type":"setColor","r":236,"color":2,"g":43,"time":393,"angle":285},{"b":68,"type":"setColor","r":235,"color":2,"g":222,"time":394,"angle":285},{"b":87,"type":"setColor","r":236,"color":2,"g":43,"time":395,"angle":285},{"b":68,"type":"setColor","r":235,"color":2,"g":222,"time":396,"angle":285},{"b":87,"type":"setColor","r":236,"color":2,"g":43,"time":397,"angle":285},{"b":68,"type":"setColor","r":235,"color":2,"g":222,"time":398,"angle":285},{"b":87,"type":"setColor","r":236,"color":2,"g":43,"time":399,"angle":285},{"b":68,"type":"setColor","r":235,"color":2,"g":222,"time":400,"angle":285},{"b":87,"type":"setColor","r":236,"color":2,"g":43,"time":401,"angle":285},{"b":68,"type":"setColor","r":235,"color":2,"g":222,"time":402,"angle":285},{"b":87,"type":"setColor","r":236,"color":2,"g":43,"time":403,"angle":285},{"b":68,"type":"setColor","r":235,"color":2,"g":222,"time":404,"angle":285},{"b":87,"type":"setColor","r":236,"color":2,"g":43,"time":405,"angle":285},{"b":68,"type":"setColor","r":235,"color":2,"g":222,"time":406,"angle":285},{"b":87,"type":"setColor","r":236,"color":2,"g":43,"time":407,"angle":285},{"b":68,"type":"setColor","r":235,"color":2,"g":222,"time":408,"angle":285},{"b":87,"type":"setColor","r":236,"color":2,"g":43,"time":409,"angle":285},{"id":"ttbar","angle":270,"type":"deco","sy":0,"sx":0,"time":410,"recolor":-1},{"b":0,"type":"setColor","r":0,"color":1,"g":0,"time":678,"angle":360},{"enable":false,"type":"outline","color":1,"time":550,"angle":135},{"b":255,"type":"setColor","r":255,"color":0,"g":255,"time":550,"angle":315},{"type":"deco","drawLayer":"bg","time":550,"sprite":"tiktokbg.png","x":0,"angle":180,"recolor":-1,"id":"ttbg2","y":0},{"b":4,"type":"setColor","r":3,"color":1,"g":3,"time":550,"angle":300},{"b":87,"type":"setColor","r":236,"color":2,"g":43,"time":550,"angle":285},{"b":255,"type":"setColor","r":253,"color":5,"g":173,"time":550,"angle":240},{"b":75,"type":"setColor","r":188,"color":6,"g":75,"time":550,"angle":225},{"b":255,"type":"setColor","r":241,"color":7,"g":119,"time":550,"angle":210},{"b":208,"type":"setColor","r":211,"color":3,"g":99,"time":550,"angle":270},{"drawOrder":1,"type":"deco","drawLayer":"bg","time":550,"sprite":"tiktokbarl.png","x":0,"y":0,"angle":195,"id":"ttbarl","recolor":-1},{"b":115,"type":"setColor","r":84,"color":4,"g":31,"time":550,"angle":255},{"time":442,"type":"deco","hide":true,"angle":315,"id":"ttbg","recolor":0},{"time":442,"type":"deco","hide":true,"angle":45,"id":"ttbar","recolor":0},{"b":255,"type":"setColor","r":255,"color":0,"g":255,"time":442,"angle":67.5},{"type":"setBgColor","angle":157.5,"color":0,"time":550},{"type":"deco","ease":"linear","duration":1,"time":581,"x":-169,"angle":202.5,"id":"ttbarl","y":0},{"drawOrder":1,"type":"deco","drawLayer":"bg","time":550,"sprite":"tiktokbarr.png","x":431,"angle":112.5,"id":"ttbarr","y":0},{"type":"deco","ease":"linear","duration":1,"time":581,"x":600,"angle":180,"id":"ttbarr","y":0},{"b":107,"type":"setColor","r":232,"color":2,"g":222,"time":551,"angle":285},{"b":225,"type":"setColor","r":67,"color":2,"g":186,"time":552,"angle":285},{"b":217,"type":"setColor","r":124,"color":2,"g":65,"time":553,"angle":285},{"b":87,"type":"setColor","r":236,"color":2,"g":43,"time":554,"angle":285},{"b":57,"type":"setColor","r":185,"color":5,"g":78,"time":554,"angle":240},{"b":75,"type":"setColor","r":188,"color":6,"g":75,"time":554,"angle":225},{"b":119,"type":"setColor","r":255,"color":7,"g":168,"time":554,"angle":210},{"b":83,"type":"setColor","r":215,"color":3,"g":118,"time":554,"angle":270},{"b":107,"type":"setColor","r":232,"color":2,"g":222,"time":555,"angle":285},{"b":225,"type":"setColor","r":67,"color":2,"g":186,"time":556,"angle":285},{"b":217,"type":"setColor","r":124,"color":2,"g":65,"time":557,"angle":285},{"b":87,"type":"setColor","r":236,"color":2,"g":43,"time":558,"angle":285},{"b":201,"type":"setColor","r":99,"color":5,"g":211,"time":558,"angle":240},{"b":188,"type":"setColor","r":75,"color":6,"g":135,"time":558,"angle":225},{"b":168,"type":"setColor","r":119,"color":7,"g":255,"time":558,"angle":210},{"b":168,"type":"setColor","r":119,"color":3,"g":255,"time":558,"angle":270},{"b":107,"type":"setColor","r":232,"color":2,"g":222,"time":559,"angle":285},{"b":225,"type":"setColor","r":67,"color":2,"g":186,"time":560,"angle":285},{"b":217,"type":"setColor","r":124,"color":2,"g":65,"time":561,"angle":285},{"b":87,"type":"setColor","r":236,"color":2,"g":43,"time":562,"angle":285},{"b":211,"type":"setColor","r":99,"color":5,"g":105,"time":562,"angle":240},{"b":188,"type":"setColor","r":132,"color":6,"g":75,"time":562,"angle":225},{"b":255,"type":"setColor","r":119,"color":7,"g":201,"time":562,"angle":210},{"b":211,"type":"setColor","r":99,"color":3,"g":105,"time":562,"angle":270},{"b":225,"type":"setColor","r":67,"color":2,"g":186,"time":612,"angle":285},{"b":107,"type":"setColor","r":232,"color":2,"g":222,"time":563,"angle":285},{"b":225,"type":"setColor","r":67,"color":2,"g":186,"time":564,"angle":285},{"b":217,"type":"setColor","r":124,"color":2,"g":65,"time":565,"angle":285},{"b":87,"type":"setColor","r":236,"color":2,"g":43,"time":566,"angle":285},{"b":255,"type":"setColor","r":253,"color":5,"g":173,"time":566,"angle":240},{"b":75,"type":"setColor","r":188,"color":6,"g":75,"time":566,"angle":225},{"b":255,"type":"setColor","r":241,"color":7,"g":119,"time":566,"angle":210},{"b":208,"type":"setColor","r":211,"color":3,"g":99,"time":566,"angle":270},{"b":115,"type":"setColor","r":84,"color":4,"g":31,"time":566,"angle":255},{"b":107,"type":"setColor","r":232,"color":2,"g":222,"time":567,"angle":285},{"b":225,"type":"setColor","r":67,"color":2,"g":186,"time":568,"angle":285},{"b":217,"type":"setColor","r":124,"color":2,"g":65,"time":569,"angle":285},{"b":87,"type":"setColor","r":236,"color":2,"g":43,"time":570,"angle":285},{"b":57,"type":"setColor","r":185,"color":5,"g":78,"time":570,"angle":240},{"b":75,"type":"setColor","r":188,"color":6,"g":75,"time":570,"angle":225},{"b":119,"type":"setColor","r":255,"color":7,"g":168,"time":570,"angle":210},{"b":83,"type":"setColor","r":215,"color":3,"g":118,"time":570,"angle":270},{"b":107,"type":"setColor","r":232,"color":2,"g":222,"time":571,"angle":285},{"b":225,"type":"setColor","r":67,"color":2,"g":186,"time":572,"angle":285},{"b":217,"type":"setColor","r":124,"color":2,"g":65,"time":573,"angle":285},{"b":87,"type":"setColor","r":236,"color":2,"g":43,"time":574,"angle":285},{"b":201,"type":"setColor","r":99,"color":5,"g":211,"time":574,"angle":240},{"b":188,"type":"setColor","r":75,"color":6,"g":135,"time":574,"angle":225},{"b":168,"type":"setColor","r":119,"color":7,"g":255,"time":574,"angle":210},{"b":168,"type":"setColor","r":119,"color":3,"g":255,"time":574,"angle":270},{"b":107,"type":"setColor","r":232,"color":2,"g":222,"time":575,"angle":285},{"b":225,"type":"setColor","r":67,"color":2,"g":186,"time":576,"angle":285},{"b":217,"type":"setColor","r":124,"color":2,"g":65,"time":577,"angle":285},{"b":87,"type":"setColor","r":236,"color":2,"g":43,"time":578,"angle":285},{"b":211,"type":"setColor","r":99,"color":5,"g":105,"time":578,"angle":240},{"b":188,"type":"setColor","r":132,"color":6,"g":75,"time":578,"angle":225},{"b":255,"type":"setColor","r":119,"color":7,"g":201,"time":578,"angle":210},{"b":211,"type":"setColor","r":99,"color":3,"g":105,"time":578,"angle":270},{"b":107,"type":"setColor","r":232,"color":2,"g":222,"time":579,"angle":285},{"b":225,"type":"setColor","r":67,"color":2,"g":186,"time":580,"angle":285},{"b":217,"type":"setColor","r":124,"color":2,"g":65,"time":581,"angle":285},{"b":87,"type":"setColor","r":236,"color":2,"g":43,"time":582,"angle":285},{"b":255,"type":"setColor","r":253,"color":5,"g":173,"time":582,"angle":240},{"b":75,"type":"setColor","r":188,"color":6,"g":75,"time":582,"angle":225},{"b":255,"type":"setColor","r":241,"color":7,"g":119,"time":582,"angle":210},{"b":208,"type":"setColor","r":211,"color":3,"g":99,"time":582,"angle":270},{"b":115,"type":"setColor","r":84,"color":4,"g":31,"time":582,"angle":255},{"b":107,"type":"setColor","r":232,"color":2,"g":222,"time":583,"angle":285},{"b":225,"type":"setColor","r":67,"color":2,"g":186,"time":584,"angle":285},{"b":217,"type":"setColor","r":124,"color":2,"g":65,"time":585,"angle":285},{"b":87,"type":"setColor","r":236,"color":2,"g":43,"time":586,"angle":285},{"b":57,"type":"setColor","r":185,"color":5,"g":78,"time":586,"angle":240},{"b":75,"type":"setColor","r":188,"color":6,"g":75,"time":586,"angle":225},{"b":119,"type":"setColor","r":255,"color":7,"g":168,"time":586,"angle":210},{"b":83,"type":"setColor","r":215,"color":3,"g":118,"time":586,"angle":270},{"b":107,"type":"setColor","r":232,"color":2,"g":222,"time":587,"angle":285},{"b":225,"type":"setColor","r":67,"color":2,"g":186,"time":588,"angle":285},{"b":217,"type":"setColor","r":124,"color":2,"g":65,"time":589,"angle":285},{"b":87,"type":"setColor","r":236,"color":2,"g":43,"time":590,"angle":285},{"b":201,"type":"setColor","r":99,"color":5,"g":211,"time":590,"angle":240},{"b":188,"type":"setColor","r":75,"color":6,"g":135,"time":590,"angle":225},{"b":168,"type":"setColor","r":119,"color":7,"g":255,"time":590,"angle":210},{"b":168,"type":"setColor","r":119,"color":3,"g":255,"time":590,"angle":270},{"b":107,"type":"setColor","r":232,"color":2,"g":222,"time":591,"angle":285},{"b":225,"type":"setColor","r":67,"color":2,"g":186,"time":592,"angle":285},{"b":217,"type":"setColor","r":124,"color":2,"g":65,"time":593,"angle":285},{"b":87,"type":"setColor","r":236,"color":2,"g":43,"time":594,"angle":285},{"b":211,"type":"setColor","r":99,"color":5,"g":105,"time":594,"angle":240},{"b":188,"type":"setColor","r":132,"color":6,"g":75,"time":594,"angle":225},{"b":255,"type":"setColor","r":119,"color":7,"g":201,"time":594,"angle":210},{"b":211,"type":"setColor","r":99,"color":3,"g":105,"time":594,"angle":270},{"b":107,"type":"setColor","r":232,"color":2,"g":222,"time":595,"angle":285},{"b":225,"type":"setColor","r":67,"color":2,"g":186,"time":596,"angle":285},{"b":217,"type":"setColor","r":124,"color":2,"g":65,"time":597,"angle":285},{"b":87,"type":"setColor","r":236,"color":2,"g":43,"time":598,"angle":285},{"b":255,"type":"setColor","r":253,"color":5,"g":173,"time":598,"angle":240},{"b":75,"type":"setColor","r":188,"color":6,"g":75,"time":598,"angle":225},{"b":255,"type":"setColor","r":241,"color":7,"g":119,"time":598,"angle":210},{"b":208,"type":"setColor","r":211,"color":3,"g":99,"time":598,"angle":270},{"b":115,"type":"setColor","r":84,"color":4,"g":31,"time":598,"angle":255},{"b":107,"type":"setColor","r":232,"color":2,"g":222,"time":599,"angle":285},{"b":225,"type":"setColor","r":67,"color":2,"g":186,"time":600,"angle":285},{"b":217,"type":"setColor","r":124,"color":2,"g":65,"time":601,"angle":285},{"b":87,"type":"setColor","r":236,"color":2,"g":43,"time":602,"angle":285},{"b":57,"type":"setColor","r":185,"color":5,"g":78,"time":602,"angle":240},{"b":75,"type":"setColor","r":188,"color":6,"g":75,"time":602,"angle":225},{"b":119,"type":"setColor","r":255,"color":7,"g":168,"time":602,"angle":210},{"b":83,"type":"setColor","r":215,"color":3,"g":118,"time":602,"angle":270},{"b":107,"type":"setColor","r":232,"color":2,"g":222,"time":603,"angle":285},{"b":225,"type":"setColor","r":67,"color":2,"g":186,"time":604,"angle":285},{"b":217,"type":"setColor","r":124,"color":2,"g":65,"time":605,"angle":285},{"b":87,"type":"setColor","r":236,"color":2,"g":43,"time":606,"angle":285},{"b":201,"type":"setColor","r":99,"color":5,"g":211,"time":606,"angle":240},{"b":188,"type":"setColor","r":75,"color":6,"g":135,"time":606,"angle":225},{"b":168,"type":"setColor","r":119,"color":7,"g":255,"time":606,"angle":210},{"b":168,"type":"setColor","r":119,"color":3,"g":255,"time":606,"angle":270},{"b":107,"type":"setColor","r":232,"color":2,"g":222,"time":607,"angle":285},{"b":225,"type":"setColor","r":67,"color":2,"g":186,"time":608,"angle":285},{"b":217,"type":"setColor","r":124,"color":2,"g":65,"time":609,"angle":285},{"b":87,"type":"setColor","r":236,"color":2,"g":43,"time":610,"angle":285},{"b":211,"type":"setColor","r":99,"color":5,"g":105,"time":610,"angle":240},{"b":188,"type":"setColor","r":132,"color":6,"g":75,"time":610,"angle":225},{"b":255,"type":"setColor","r":119,"color":7,"g":201,"time":610,"angle":210},{"b":211,"type":"setColor","r":99,"color":3,"g":105,"time":610,"angle":270},{"b":107,"type":"setColor","r":232,"color":2,"g":222,"time":611,"angle":285},{"b":225,"type":"setColor","r":67,"color":2,"g":186,"time":612,"angle":285},{"type":"deco","hide":true,"id":"bridge","time":678,"angle":315},{"type":"deco","drawLayer":"bg","time":614,"sprite":"bridgebg.png","x":0,"angle":180,"id":"bridge","y":0},{"angle":202.5,"hide":true,"time":614,"id":"ttbg2","type":"deco"},{"b":102,"type":"setColor","time":614,"r":226,"g":148,"color":1,"angle":225},{"b":149,"type":"setColor","r":104,"color":2,"g":31,"time":614,"angle":240},{"b":255,"type":"setColor","time":614,"color":3,"g":122,"r":122,"angle":255},{"b":255,"type":"setColor","time":614,"r":178,"g":182,"color":4,"angle":270},{"b":73,"type":"setColor","r":237,"color":5,"g":211,"time":614,"angle":285},{"b":152,"type":"setColor","time":614,"color":6,"g":73,"r":255,"angle":300},{"type":"setBgColor","time":614,"angle":330,"color":2},{"b":255,"type":"setColor","r":94,"color":7,"g":201,"time":614,"angle":315},{"b":84,"type":"setColor","time":616,"color":1,"g":237,"r":166,"angle":225},{"b":248,"type":"setColor","color":1,"r":110,"g":160,"time":618,"angle":225},{"b":248,"type":"setColor","color":1,"time":623,"g":160,"r":206,"angle":195},{"b":125,"type":"setColor","time":626,"r":85,"g":229,"color":1,"angle":225},{"b":150,"type":"setColor","time":627,"r":244,"g":64,"color":1,"angle":225},{"b":242,"type":"setColor","r":129,"time":628,"g":241,"color":1,"angle":225},{"b":108,"type":"setColor","time":630,"r":233,"g":169,"color":1,"angle":225},{"b":254,"type":"setColor","r":175,"time":632,"g":137,"color":1,"angle":225},{"b":81,"type":"setColor","time":634,"color":1,"g":212,"r":179,"angle":225},{"b":90,"type":"setColor","color":1,"r":251,"g":128,"time":640,"angle":225},{"b":132,"type":"setColor","time":642,"r":243,"g":246,"color":1,"angle":225},{"b":245,"type":"setColor","time":643,"r":231,"g":151,"color":1,"angle":225},{"b":178,"type":"setColor","time":644,"color":1,"g":250,"r":76,"angle":225},{"b":193,"type":"setColor","time":646,"r":237,"g":154,"color":1,"angle":225},{"b":142,"type":"setColor","color":1,"time":648,"g":237,"r":177,"angle":225},{"b":237,"type":"setColor","color":1,"time":650,"g":208,"r":144,"angle":225},{"b":147,"type":"setColor","time":654,"r":233,"g":108,"color":1,"angle":225},{"b":114,"type":"setColor","time":655,"color":1,"g":236,"r":215,"angle":225},{"b":232,"type":"setColor","r":177,"time":656,"g":110,"color":1,"angle":225},{"b":125,"type":"setColor","r":242,"time":658,"g":126,"color":1,"angle":225},{"b":185,"type":"setColor","color":1,"r":104,"g":230,"time":659,"angle":225},{"b":85,"type":"setColor","r":161,"color":1,"g":227,"time":660,"angle":225},{"b":93,"type":"setColor","r":235,"color":1,"g":128,"time":662,"angle":225},{"b":119,"type":"setColor","r":81,"color":1,"g":236,"time":664,"angle":225},{"b":85,"type":"setColor","color":1,"time":666,"g":225,"r":211,"angle":225},{"b":241,"type":"setColor","r":140,"color":1,"g":109,"time":668,"angle":225},{"b":245,"type":"setColor","color":1,"time":670,"g":204,"r":116,"angle":225},{"b":96,"type":"setColor","r":254,"color":1,"g":205,"time":671,"angle":225},{"b":245,"type":"setColor","time":674,"r":79,"g":223,"color":1,"angle":270},{"b":245,"type":"setColor","color":1,"time":675,"g":152,"r":238,"angle":270},{"b":248,"type":"setColor","time":676,"color":1,"g":87,"r":59,"angle":270},{"b":29,"type":"setColor","r":166,"time":518,"g":29,"color":2,"angle":195},{"b":145,"type":"setColor","color":0,"time":542,"g":145,"r":232,"angle":120},{"b":142,"type":"setColor","time":543,"color":0,"g":198,"r":235,"angle":120},{"type":"setColor","time":544,"angle":120,"color":0},{"type":"setColor","time":545,"angle":120,"color":0},{"type":"setColor","time":546,"angle":120,"color":0},{"type":"setColor","angle":120,"time":547,"color":0},{"type":"setColor","angle":120,"color":0,"time":548}]}