[{"time":3,"type":"block","angle":292.5},{"type":"hold","duration":1,"time":4,"angle":315,"angle2":360},{"type":"hold","duration":1,"time":8,"angle":337.5,"angle2":427.5},{"type":"hold","duration":1,"time":7,"angle":405,"angle2":315},{"type":"hold","speedMult":1.2000000476837,"duration":0.20000000298023,"time":11,"angle":45,"angle2":135},{"type":"hold","duration":0.5,"time":12,"angle":157.5,"angle2":45},{"type":"hold","duration":0.25,"time":12.5,"angle":45,"angle2":112.5},{"type":"hold","duration":0.25,"time":12.75,"angle":112.5,"angle2":45},{"type":"hold","duration":0.25,"time":14.5,"angle":67.5,"angle2":135},{"type":"hold","duration":0.25,"time":14.75,"angle":135,"angle2":67.5},{"type":"hold","duration":0.25,"time":15,"angle":67.5,"angle2":135},{"type":"hold","duration":0.25,"time":15.25,"angle":135,"angle2":67.5},{"type":"hold","duration":0.25,"time":15.5,"angle":67.5,"angle2":135},{"type":"hold","duration":0.25,"time":15.75,"angle":135,"angle2":67.5},{"type":"hold","duration":0.25,"time":16,"angle":67.5,"angle2":112.5},{"type":"hold","duration":0.25,"time":16.25,"angle":112.5,"angle2":45},{"type":"hold","duration":0.25,"time":16.5,"angle":45,"angle2":135},{"time":17,"type":"side","angle":225},{"type":"hold","duration":1,"time":19,"angle":330,"angle2":345},{"type":"hold","duration":1,"time":19,"angle":360,"angle2":345},{"type":"hold","duration":1,"time":19,"angle":0,"angle2":15},{"type":"hold","duration":1,"time":19,"angle":30,"angle2":15},{"time":20.5,"type":"block","angle":292.5},{"time":21,"type":"block","angle":0},{"time":21.5,"type":"block","angle":45},{"type":"extraTap","speedMult":2,"time":23,"angle":67.5},{"type":"extraTap","speedMult":2,"time":24,"angle":45},{"time":23,"type":"side","angle":112.5},{"time":24,"type":"side","angle":247.5},{"time":21.75,"type":"block","angle":67.5},{"type":"mineHold","duration":2,"time":22.5,"angle":180,"angle2":180},{"time":27,"type":"extraTap","angle":67.5},{"time":28,"type":"side","angle":315},{"time":28.5,"type":"side","angle":45},{"type":"hold","duration":1,"time":26,"angle":270,"angle2":450},{"time":38,"type":"block","angle":292.5},{"type":"hold","duration":0.5,"time":36.5,"angle":247.5,"angle2":292.5},{"time":38.5,"type":"block","angle":225},{"type":"hold","duration":0.5,"time":39,"angle":292.5,"angle2":225},{"time":40,"type":"block","angle":292.5},{"time":40.25,"type":"block","angle":270},{"time":40.5,"type":"block","angle":315},{"time":41,"type":"block","angle":247.5},{"time":42.25,"type":"block","angle":270},{"time":42,"type":"block","angle":292.5},{"type":"hold","duration":0.5,"time":42.5,"angle":292.5,"angle2":337.5},{"time":43.5,"type":"block","angle":247.5},{"time":43.75,"type":"block","angle":292.5},{"time":44,"type":"block","angle":330},{"type":"hold","duration":0.5,"time":44.5,"angle":292.5,"angle2":247.5},{"time":49.5,"type":"block","angle":292.5},{"time":49,"type":"block","angle":315},{"time":50,"type":"block","angle":225},{"time":50.25,"type":"block","angle":292.5},{"time":50.5,"type":"block","angle":315},{"type":"hold","duration":0.5,"time":51,"angle":292.5,"angle2":247.5},{"time":45.5,"type":"block","angle":240},{"time":46.5,"type":"side","angle":315},{"time":47.5,"type":"block","angle":270},{"time":47.75,"type":"block","angle":292.5},{"type":"hold","duration":0.5,"time":48,"angle":315,"angle2":225},{"time":52.5,"type":"block","angle":292.5},{"time":52.75,"type":"block","angle":247.5},{"type":"hold","duration":1,"time":53,"angle":270,"angle2":292.5},{"time":54.5,"type":"side","angle":240},{"time":55.5,"type":"block","angle":247.5},{"time":55.75,"type":"block","angle":270},{"type":"hold","duration":0.5,"time":56,"angle":202.5,"angle2":292.5},{"time":57,"type":"block","angle":311.68542480469},{"time":58,"type":"block","angle":270},{"time":58.25,"type":"block","angle":240},{"type":"hold","duration":0.5,"time":58.5,"angle":225,"angle2":255},{"type":"block","time":59.5,"endAngle":225,"angle":270},{"type":"block","time":59.75,"endAngle":255,"angle":300},{"type":"hold","duration":1,"time":59.5,"angle":210,"angle2":315},{"type":"block","time":60,"endAngle":270,"angle":315},{"type":"hold","duration":1,"time":60.5,"angle":315,"angle2":285},{"type":"hold","duration":0,"time":62,"angle":258.75,"angle2":255},{"time":62.5,"type":"side","angle":300},{"type":"hold","duration":0.5,"time":63,"angle":247.5,"angle2":292.5},{"type":"hold","duration":0.5,"time":63.5,"angle":292.5,"angle2":247.5},{"type":"hold","duration":1,"time":64,"angle":247.5,"angle2":292.5},{"time":67,"type":"block","angle":292.5},{"time":67.5,"type":"block","angle":258.75},{"time":67.75,"type":"block","angle":292.5},{"type":"hold","duration":0.5,"time":68.5,"angle":270,"angle2":326.25},{"time":70.5,"type":"side","angle":135},{"time":70,"type":"side","angle":45},{"time":71,"type":"block","angle":67.5},{"type":"hold","duration":1.5,"time":71.5,"angle":112.5,"angle2":135},{"type":"hold","duration":1,"time":73,"angle":135,"angle2":90},{"time":74.5,"type":"block","angle":67.5},{"time":75,"type":"side","angle":315},{"time":75.5,"type":"block","angle":270},{"time":75.75,"type":"block","angle":240},{"time":76,"type":"block","angle":292.5},{"time":76.5,"type":"block","angle":315},{"time":76.25,"type":"block","angle":300},{"type":"hold","duration":0.5,"time":77,"angle":0,"angle2":90},{"time":78,"type":"side","angle":60},{"time":78.5,"type":"side","angle":135},{"type":"hold","duration":0.5,"time":79,"angle":180,"angle2":315},{"type":"hold","duration":0.5,"time":79.5,"angle":315,"angle2":255},{"type":"hold","duration":0.5,"time":80,"angle":255,"angle2":300},{"type":"hold","duration":0.5,"time":80.5,"angle":300,"angle2":255},{"type":"hold","duration":0.5,"time":81,"angle":255,"angle2":300},{"type":"hold","duration":0.5,"time":81.5,"angle":300,"angle2":255},{"type":"hold","duration":1,"time":82,"angle":255,"angle2":375},{"time":83.5,"type":"block","angle":60},{"time":83.75,"type":"block","angle":105},{"time":84,"type":"block","angle":75},{"type":"hold","duration":0.5,"time":84.5,"angle":105,"angle2":165},{"time":86,"type":"side","angle":315},{"time":86.5,"type":"side","angle":255},{"type":"hold","duration":1,"time":87,"angle":270,"angle2":330},{"type":"hold","duration":1.5,"time":88,"angle":330,"angle2":315},{"time":90,"type":"block","angle":300},{"type":"hold","duration":0.5,"time":90.25,"angle":285,"angle2":210},{"time":91,"type":"block","angle":180},{"time":91.5,"type":"side","angle":75},{"time":92,"type":"block","angle":30},{"time":91,"type":"extraTap","angle":135},{"time":75,"type":"extraTap","angle":345},{"time":77,"type":"extraTap","angle":345},{"time":93,"type":"extraTap","angle":0},{"time":93.5,"type":"side","angle":120},{"type":"block","angle":30,"time":93,"tap":true},{"type":"hold","duration":0.5,"time":94,"angle":150,"angle2":105},{"type":"hold","duration":0.5,"time":98,"angle":105,"angle2":-45},{"time":94.75,"type":"block","angle":60},{"type":"hold","duration":0.5,"time":95,"angle":45,"angle2":135},{"time":96,"type":"side","angle":60},{"time":97,"type":"side","angle":135},{"time":99,"type":"block","angle":315},{"time":102,"type":"block","angle":337.5},{"time":101,"type":"block","angle":360},{"type":"block","angle":22.5,"time":103,"tap":true},{"type":"block","angle":360,"time":102,"tap":true},{"type":"block","angle":22.5,"time":101,"tap":true},{"type":"block","angle":0,"time":103,"tap":true},{"type":"block","angle":360,"time":101,"tap":true},{"type":"block","angle":337.5,"time":102,"tap":true},{"type":"block","angle":337.5,"time":105,"tap":true},{"type":"block","angle":360,"time":105,"tap":true},{"type":"block","angle":360,"time":104,"tap":true},{"type":"block","angle":22.5,"time":104,"tap":true},{"type":"block","angle":337.5,"time":106,"tap":true},{"type":"block","angle":360,"time":106,"tap":true},{"time":108,"type":"block","angle":202.5},{"type":"block","angle":202.5,"time":108.5,"tap":true},{"time":109,"type":"block","angle":157.5},{"type":"block","angle":157.5,"time":109.5,"tap":true},{"time":110,"type":"block","angle":202.5},{"type":"block","angle":202.5,"time":110.5,"tap":true},{"time":111,"type":"block","angle":157.5},{"type":"block","angle":157.5,"time":111.5,"tap":true},{"time":112,"type":"block","angle":202.5},{"type":"block","angle":202.5,"time":112.5,"tap":true},{"time":113,"type":"block","angle":157.5},{"type":"block","angle":157.5,"time":113.5,"tap":true},{"time":114,"type":"block","angle":202.5},{"type":"block","angle":202.5,"time":114.5,"tap":true},{"type":"block","angle":360,"time":117,"tap":true},{"type":"side","angle":337.5,"time":118,"tap":true},{"type":"side","angle":22.5,"time":119,"tap":true},{"type":"side","angle":337.5,"time":120,"tap":true},{"type":"side","angle":22.5,"time":121,"tap":true},{"type":"side","angle":337.5,"time":122,"tap":true},{"type":"side","angle":22.5,"time":123,"tap":true},{"type":"side","angle":337.5,"time":123.5,"tap":true},{"type":"side","angle":22.5,"time":124,"tap":true},{"type":"side","angle":337.5,"time":124.5,"tap":true},{"time":125,"type":"block","angle":0},{"time":125.25,"type":"block","angle":348.75},{"time":125.66666412354,"type":"block","angle":-11.25},{"time":126,"type":"block","angle":11.25},{"time":126.33333587646,"type":"block","angle":0},{"time":125.5,"type":"block","angle":11.25},{"time":25.5,"type":"block","angle":315},{"time":133,"type":"block","angle":360},{"type":"hold","duration":0.5,"time":133.5,"angle":315,"angle2":382.5},{"type":"side","speedMult":1,"time":135,"angle":67.5,"tap":true},{"type":"side","speedMult":1,"time":136.5,"angle":292.5,"tap":true},{"time":139,"type":"extraTap","angle":292.5},{"time":140,"type":"extraTap","angle":180},{"time":140.5,"type":"extraTap","angle":135},{"time":143,"type":"extraTap","angle":292.5},{"time":144,"type":"extraTap","angle":292.5},{"time":145,"type":"extraTap","angle":292.5},{"time":146,"type":"extraTap","angle":292.5},{"time":147,"type":"extraTap","angle":292.5},{"time":137.5,"type":"block","angle":292.5},{"type":"hold","duration":0.5,"time":138,"angle":315,"angle2":405},{"time":150,"type":"side","angle":180},{"time":148.5,"type":"side","angle":180},{"time":149.5,"type":"side","angle":180},{"time":151,"type":"extraTap","angle":180},{"time":152,"type":"extraTap","angle":225},{"time":141,"type":"block","angle":285},{"time":141.25,"type":"block","angle":315},{"time":141.5,"type":"block","angle":345},{"time":141.75,"type":"block","angle":15},{"time":142,"type":"block","angle":45},{"time":142.25,"type":"block","angle":0},{"time":153,"type":"block","angle":285},{"time":153.25,"type":"block","angle":330},{"time":153.5,"type":"block","angle":375},{"time":153.75,"type":"block","angle":60},{"time":154,"type":"block","angle":105},{"time":154.25,"type":"block","angle":150},{"time":155,"type":"extraTap","angle":225},{"time":156,"type":"side","angle":330},{"time":156.5,"type":"side","angle":225},{"type":"side","angle":165,"time":159,"tap":true},{"type":"side","angle":30,"time":160,"tap":true},{"type":"side","angle":165,"time":161,"tap":true},{"type":"extraTap","speedMult":0.80000001192093,"time":159,"angle":165},{"type":"mineHold","duration":3,"time":158,"angle":105,"angle2":105},{"type":"extraTap","speedMult":0.80000001192093,"time":160,"angle":225},{"type":"extraTap","speedMult":0.80000001192093,"time":161,"angle":225},{"time":163,"type":"block","angle":0},{"time":163.5,"type":"block","angle":360},{"time":164.5,"type":"block","angle":180},{"time":165.5,"type":"block","angle":180},{"time":165,"type":"block","angle":180},{"time":166,"type":"block","angle":90},{"time":167.75,"type":"block","angle":180},{"time":167.5,"type":"block","angle":180},{"time":168.5,"type":"side","angle":270},{"time":169,"type":"block","angle":360},{"time":169.25,"type":"block","angle":0},{"time":169.5,"type":"block","angle":90},{"time":175,"type":"block","angle":150},{"time":171.5,"type":"block","angle":150},{"time":171.75,"type":"block","angle":150},{"time":172.5,"type":"block","angle":60},{"time":173,"type":"block","angle":360},{"time":173.5,"type":"block","angle":315},{"time":176,"type":"block","angle":150},{"type":"hold","duration":0,"time":174,"angle":360,"angle2":360},{"time":177.5,"type":"block","angle":45},{"time":177.75,"type":"block","angle":45},{"time":175.5,"type":"side","angle":255},{"time":178,"type":"block","angle":90},{"time":179,"type":"block","angle":0},{"time":179.75,"type":"block","angle":0},{"time":179.5,"type":"block","angle":0},{"time":181,"type":"block","angle":236.25},{"time":182,"type":"block","angle":123.75},{"time":181.5,"type":"block","angle":236.25},{"time":182.5,"type":"block","angle":123.75},{"time":183.5,"type":"block","angle":247.5},{"time":184,"type":"side","angle":0},{"time":185,"type":"block","angle":123.75},{"type":"hold","duration":0.5,"time":188.5,"angle":270,"angle2":202.5},{"time":190.5,"type":"side","angle":315},{"type":"hold","duration":0.5,"time":191,"holdEase":"outElastic","angle":337.5,"angle2":360},{"type":"hold","duration":1,"time":191.5,"angle":0,"angle2":180},{"type":"hold","duration":1,"time":195,"angle":67.5,"angle2":-67.5},{"type":"hold","duration":0,"time":185.75,"angle":0,"angle2":0},{"type":"hold","duration":0,"time":185.5,"angle":0,"angle2":0},{"type":"hold","duration":0,"time":187,"angle":292.5,"angle2":292.5},{"type":"hold","duration":0,"time":187.75,"angle":315,"angle2":315},{"type":"hold","duration":0,"time":187.5,"angle":337.5,"angle2":337.5},{"type":"hold","duration":0,"time":190,"angle":67.5,"angle2":67.5},{"time":163.75,"type":"block","angle":0},{"type":"hold","duration":1,"time":196,"angle":270,"angle2":360},{"time":197.5,"type":"block","angle":22.5},{"type":"hold","duration":0.5,"time":199,"angle":45,"angle2":180},{"time":201.5,"type":"side","angle":270},{"time":200.5,"type":"side","angle":90},{"time":202.5,"type":"block","angle":315},{"time":202.25,"type":"block","angle":337.5},{"type":"hold","duration":0.5,"time":203,"angle":270,"angle2":405},{"type":"hold","duration":1,"time":204,"angle":67.5,"angle2":-202.5},{"time":206,"type":"extraTap","angle":202.5},{"time":206.5,"type":"extraTap","angle":202.5},{"type":"hold","duration":0.5,"time":207,"angle":225,"angle2":270},{"time":208,"type":"side","angle":22.5},{"type":"hold","duration":0.5,"time":211,"angle":202.5,"angle2":270},{"time":212,"type":"block","angle":292.5},{"type":"hold","duration":0.5,"time":214.5,"angle":-45,"angle2":67.5},{"type":"hold","duration":0.5,"time":213.5,"angle":315,"angle2":405},{"type":"hold","duration":0.5,"time":214,"angle":45,"angle2":-45},{"time":212.5,"type":"block","angle":315},{"type":"hold","duration":1,"time":216,"angle":90,"angle2":-270},{"time":217.5,"type":"block","angle":67.5},{"time":218,"type":"block","angle":157.5},{"time":219,"type":"extraTap","angle":202.5},{"type":"hold","duration":1,"time":219.5,"holdEase":"linear","angle":270,"angle2":450},{"time":221,"type":"extraTap","angle":270},{"type":"hold","duration":0.5,"time":223,"angle":202.5,"angle2":135},{"type":"hold","duration":0.5,"time":222.5,"angle":135,"angle2":202.5},{"time":224.5,"type":"block","angle":315},{"time":224.75,"type":"block","angle":360},{"time":225,"type":"block","angle":45},{"time":225.25,"type":"block","angle":90},{"time":197.75,"type":"block","angle":30},{"time":225.5,"type":"block","angle":120},{"time":229,"type":"block","angle":202.5},{"time":229.5,"type":"block","angle":157.5},{"type":"hold","duration":0.5,"time":231,"angle":225,"angle2":135},{"time":232,"type":"block","angle":157.5},{"time":232.25,"type":"block","angle":180},{"time":232.5,"type":"block","angle":157.5},{"time":233.75,"type":"block","angle":247.5},{"time":233.25,"type":"block","angle":247.5},{"time":233.5,"type":"block","angle":225},{"type":"hold","duration":0.5,"time":234,"angle":225,"angle2":135},{"time":235,"type":"extraTap","angle":270},{"time":235.5,"type":"block","angle":135},{"time":235.75,"type":"block","angle":112.5},{"time":237,"type":"extraTap","angle":225},{"type":"hold","duration":0.5,"time":236,"angle":135,"angle2":180},{"type":"hold","duration":0.5,"time":237.5,"angle":247.5,"angle2":180},{"type":"hold","duration":0.5,"time":238,"angle":202.5,"angle2":157.5},{"type":"hold","duration":0.5,"time":239,"angle":202.5,"angle2":157.5},{"type":"hold","duration":0.5,"time":239.5,"angle":157.5,"angle2":202.5},{"type":"hold","duration":0.5,"time":240,"angle":202.5,"angle2":157.5},{"type":"hold","duration":0.5,"time":240.5,"angle":157.5,"angle2":202.5},{"type":"hold","duration":0.5,"time":241,"angle":202.5,"angle2":157.5},{"time":244.5,"type":"block","angle":360},{"time":245,"type":"block","angle":337.5},{"time":245.25,"type":"block","angle":360},{"time":246,"type":"side","angle":337.5},{"time":246.5,"type":"side","angle":22.5},{"type":"hold","duration":0.5,"time":247,"angle":22.5,"angle2":-45},{"time":248,"type":"block","angle":22.5},{"time":248.25,"type":"block","angle":45},{"time":248.5,"type":"block","angle":22.5},{"type":"hold","duration":1,"time":249,"angle":315,"angle2":382.5},{"type":"block","speedMult":2,"time":249.5,"angle":345},{"type":"block","speedMult":2,"time":249.75,"angle":6.9874753952026},{"type":"block","speedMult":2,"time":250,"angle":22.5},{"time":251,"type":"extraTap","angle":330},{"time":250.5,"type":"block","angle":330},{"time":253,"type":"extraTap","angle":330},{"type":"hold","duration":0.25,"time":251.5,"angle":330,"angle2":360},{"type":"hold","duration":0.25,"time":252,"angle":345,"angle2":375},{"type":"hold","duration":0.25,"time":254,"angle":315,"angle2":345},{"type":"hold","duration":0.5,"time":254.25,"angle":345,"angle2":315},{"type":"hold","duration":0.25,"time":255,"angle":30,"angle2":0},{"type":"hold","duration":0.5,"time":255.25,"angle":0,"angle2":30},{"time":256,"type":"extraTap","angle":345},{"time":257,"type":"extraTap","angle":330},{"time":230,"type":"block","angle":210},{"time":230.5,"type":"block","angle":165},{"time":166.5,"type":"block","angle":90},{"type":"block","tap":true,"time":261,"angle":330},{"time":261.25,"type":"block","angle":345},{"time":261.5,"type":"block","angle":15},{"type":"block","tap":true,"time":260,"angle":45},{"time":260.25,"type":"block","angle":30},{"time":260.5,"type":"block","angle":15},{"type":"block","tap":true,"time":262,"angle":-390},{"time":262.25,"type":"block","angle":-405},{"time":262.5,"type":"block","angle":-420},{"type":"block","tap":true,"time":263,"angle":30},{"time":263.25,"type":"block","angle":15},{"time":263.5,"type":"block","angle":0},{"type":"block","tap":true,"time":264,"angle":300},{"time":264.25,"type":"block","angle":315},{"time":264.5,"type":"block","angle":330},{"type":"block","tap":true,"time":265,"angle":45},{"time":265.25,"type":"block","angle":60},{"time":265.5,"type":"block","angle":75},{"type":"block","tap":true,"time":266,"angle":15},{"time":266.25,"type":"block","angle":0},{"time":266.5,"type":"block","angle":345},{"type":"hold","startTap":true,"time":269,"duration":0.25,"angle":225,"angle2":270},{"type":"hold","startTap":true,"time":270,"duration":0.25,"angle":270,"angle2":315},{"type":"hold","duration":0.25,"time":271,"startTap":true,"angle":247.5,"angle2":292.5},{"type":"hold","duration":0.25,"time":270.25,"angle":315,"angle2":270},{"type":"hold","duration":0.25,"time":271.25,"angle":292.5,"angle2":247.5},{"type":"hold","startTap":true,"time":272,"duration":0.25,"angle":292.5,"angle2":337.5},{"type":"hold","duration":0.25,"time":272.25,"angle":337.5,"angle2":292.5},{"type":"hold","startTap":true,"time":273,"duration":0.25,"angle":-472.5,"angle2":-517.5},{"type":"hold","duration":0.25,"time":273.25,"angle":-517.5,"angle2":-472.5},{"type":"hold","duration":0.25,"time":274,"startTap":true,"angle":292.5,"angle2":337.5},{"type":"hold","duration":0.25,"time":274.25,"angle":337.5,"angle2":292.5},{"type":"hold","duration":0.25,"time":269.25,"angle":270,"angle2":225},{"type":"block","tap":true,"time":277,"angle":180},{"type":"side","tap":true,"time":278,"angle":90},{"type":"side","tap":true,"time":279,"angle":225},{"type":"side","tap":true,"time":280,"angle":112.5},{"type":"side","tap":true,"time":281,"angle":225},{"type":"side","tap":true,"time":282,"angle":112.5},{"type":"side","time":283,"angle":225},{"type":"side","time":283.5,"angle":135},{"type":"side","time":284,"angle":225},{"type":"side","time":284.5,"angle":135},{"type":"side","time":285,"angle":225},{"type":"block","time":285.5,"angle":135},{"type":"block","time":285.75,"angle":180},{"type":"block","time":286,"angle":225}]