{"events":[{"file":"Kid Broke A Vase When He Fell Down The Stairs.ogg","type":"play","bpm":180,"offset":0.10000000149012,"volume":0.80000001192093,"time":0,"angle":315},{"duration":4.5,"value":1.5,"type":"ease","angle":292.5,"var":"scrollSpeed","time":20.333333969116,"ease":"outSine"},{"duration":9,"value":6,"type":"ease","ease":"inSine","var":"scrollSpeed","time":9,"angle":292.5},{"angle":90,"time":38.333332061768,"type":"showResults"}],"properties":{"speed":70,"formatversion":13,"offset":8},"metadata":{"description":"eeEEeEeeEEeeeeEEEE\n\n\nAAAAAAAAAAAAAAAAAA","bgData":{"image":"Kid who broke the vase.png","redChannel":{"b":16,"g":16,"r":16},"blueChannel":{"b":33,"g":25,"r":33},"greenChannel":{"b":58,"g":58,"r":49},"yellowChannel":{"b":115,"g":140,"r":140},"magentaChannel":{"b":99,"g":74,"r":99},"cyanChannel":{"b":58,"g":66,"r":90}},"artist":"Kid who broke a vase","bg":true,"artistLink":"https://www.youtube.com/watch?v=8XkBHYU6QpE","difficulty":2,"songName":"Me falling down the Stairs","charter":"Random22"}}