[{"angle":360,"type":"block","time":-1.6666666269302},{"angle":22.5,"type":"block","time":-1},{"angle":45,"type":"block","time":-0.33333334326744},{"angle":67.5,"type":"block","time":0.33333334326744},{"angle":180,"type":"block","time":3.6666667461395},{"angle":202.5,"type":"block","time":4.3333334922791},{"angle":225,"type":"block","time":5},{"angle":247.5,"type":"block","time":5.6666665077209},{"angle":270,"type":"block","time":7.6666665077209},{"angle":270,"type":"block","time":7},{"angle":292.5,"type":"block","time":9},{"angle":315,"type":"block","time":9.6666669845581},{"angle":337.5,"type":"block","time":10.333333015442},{"duration":1.3333333730698,"type":"hold","angle2":382.5,"angle":360,"time":11},{"duration":1.3333333730698,"type":"hold","angle2":45,"angle":22.5,"time":11.666666984558},{"duration":1.3333333730698,"type":"hold","angle2":67.5,"angle":45,"time":12.333333015442},{"duration":1.3333333730698,"type":"hold","angle2":90,"angle":67.5,"time":13},{"duration":1.3333333730698,"type":"hold","angle2":112.5,"angle":90,"time":13.666666984558},{"duration":1.3333333730698,"type":"hold","angle2":135,"angle":112.5,"time":14.333333015442},{"duration":1.3333333730698,"type":"hold","angle2":157.5,"angle":135,"time":15},{"duration":1.3333333730698,"type":"hold","angle2":180,"angle":157.5,"time":15.666666984558},{"duration":1.3333333730698,"type":"hold","angle2":202.5,"angle":180,"time":16.333333969116},{"duration":1.3333333730698,"type":"hold","angle2":225,"angle":202.5,"time":17},{"angle":270,"type":"block","time":19.5},{"angle":315,"type":"block","time":20.833333969116},{"angle":292.5,"type":"block","time":20.166666030884},{"duration":3.3333330154419,"type":"hold","angle2":450,"angle":337.5,"time":21.5},{"duration":0.66666662693024,"type":"hold","angle2":112.5,"angle":90,"time":24.833333969116},{"duration":0.66666662693024,"type":"hold","angle2":135,"angle":112.5,"time":25.5},{"duration":0.66666662693024,"type":"hold","angle2":157.5,"angle":135,"time":26.166666030884},{"duration":1.1666667461395,"type":"hold","angle2":112.5,"angle":157.5,"time":26.833333969116},{"duration":0.66666662693024,"type":"hold","angle2":135,"angle":112.5,"time":28},{"duration":1.3333333730698,"type":"hold","angle2":90,"angle":135,"time":28.666666030884},{"duration":0.66666662693024,"type":"hold","angle2":67.5,"angle":90,"time":30},{"duration":0.66666662693024,"type":"hold","angle2":45,"angle":67.5,"time":30.666666030884},{"duration":0.66666662693024,"type":"hold","angle2":22.5,"angle":45,"time":31.333333969116},{"angle":348.75,"type":"block","time":32.833332061768},{"duration":0.83333331346512,"type":"hold","angle2":0,"angle":22.5,"time":32},{"duration":1.3333332538605,"type":"hold","angle2":45,"angle":0,"time":32.833332061768},{"angle":56.25,"type":"block","time":34.166667938232},{"duration":0.66666656732559,"type":"hold","angle2":22.5,"angle":45,"time":34.166667938232},{"angle":11.25,"type":"block","time":34.833332061768},{"duration":1.3333332538605,"type":"hold","angle2":67.5,"angle":22.5,"time":34.833332061768},{"angle":78.75,"type":"block","time":36.166667938232},{"angle":112.5,"type":"block","time":37.5},{"angle":101.25,"type":"block","time":37.5},{"angle":123.75,"type":"block","time":37.5},{"angle":123.75,"type":"block","time":38.833332061768},{"angle":135,"type":"block","time":38.833332061768},{"angle":146.25,"type":"block","time":38.833332061768},{"angle":146.25,"type":"block","time":39.5},{"angle":157.5,"type":"block","time":39.5},{"angle":168.75,"type":"block","time":39.5},{"angle":180,"type":"block","time":40.666667938232},{"angle":180,"type":"block","time":41.333332061768},{"angle":180,"type":"block","time":42},{"duration":3.3333334922791,"type":"hold","angle2":270,"angle":180,"time":42.666667938232},{"angle":264.375,"type":"block","time":46},{"angle":275.625,"type":"block","time":46},{"angle":286.875,"type":"block","time":46.666667938232},{"angle":275.625,"type":"block","time":46.666667938232},{"angle":298.125,"type":"block","time":47.333332061768},{"angle":286.875,"type":"block","time":47.333332061768},{"angle":309.375,"type":"block","time":48},{"angle":298.125,"type":"block","time":48},{"angle":84.375,"type":"block","time":46},{"angle":95.625,"type":"block","time":46},{"angle":95.625,"type":"block","time":46.666667938232},{"angle":106.875,"type":"block","time":46.666667938232},{"angle":106.875,"type":"block","time":47.333332061768},{"angle":118.125,"type":"block","time":47.333332061768},{"angle":118.125,"type":"block","time":48},{"angle":129.375,"type":"block","time":48},{"duration":0.66666662693024,"type":"hold","angle2":360,"angle":315,"time":49.333332061768},{"duration":0.66666662693024,"type":"hold","angle2":180,"angle":135,"time":49.333332061768},{"duration":0.66666662693024,"type":"hold","angle2":22.5,"angle":0,"time":51.5},{"duration":0.66666662693024,"type":"hold","angle2":202.5,"angle":180,"time":51.5},{"duration":0.66666662693024,"type":"hold","angle2":-22.5,"angle":22.5,"time":52.166667938232},{"duration":0.66666662693024,"type":"hold","angle2":157.5,"angle":202.5,"time":52.166667938232},{"duration":0.66666662693024,"type":"hold","angle2":315,"angle":337.5,"time":52.833332061768},{"duration":0.66666662693024,"type":"hold","angle2":135,"angle":157.5,"time":52.833332061768},{"duration":7.1666641235352,"type":"hold","angle2":720,"angle":315,"time":53.5,"endTap":true},{"duration":7.1666641235352,"type":"hold","angle2":540,"angle":135,"time":53.5,"endTap":true},{"angle":0,"type":"extraTap","time":54},{"angle":0,"type":"extraTap","time":54.666667938232},{"angle":0,"type":"extraTap","time":55.333332061768},{"angle":0,"type":"extraTap","time":56},{"angle":360,"type":"extraTap","time":56.666667938232},{"angle":0,"type":"extraTap","time":57.333332061768},{"angle":0,"type":"extraTap","time":58},{"angle":0,"type":"extraTap","time":58.666667938232},{"angle":0,"type":"extraTap","time":59.333332061768},{"angle":0,"type":"extraTap","time":60},{"angle":11.25,"type":"extraTap","time":60.666667938232},{"duration":0.66666662693024,"type":"hold","angle2":371.25,"angle":360,"time":62},{"duration":0.66666662693024,"type":"hold","angle2":-11.25,"angle":0,"time":62},{"duration":0,"type":"hold","angle2":371.25,"angle":348.75,"time":62.666667938232},{"duration":0.66666662693024,"type":"hold","angle2":16.875,"angle":5.625,"time":63.333332061768},{"duration":0.66666662693024,"type":"hold","angle2":-5.625,"angle":5.625,"time":63.333332061768},{"duration":0,"type":"hold","angle2":376.875,"angle":354.375,"time":64},{"duration":5.3333325386047,"type":"hold","angle2":22.5,"angle":0,"time":62},{"duration":0.66666662693024,"type":"hold","angle2":33.75,"angle":22.5,"time":67.333335876465},{"duration":0.66666662693024,"type":"hold","angle2":11.25,"angle":22.5,"time":67.333335876465},{"duration":0,"type":"hold","angle2":393.75,"angle":371.25,"time":68},{"duration":0.66666662693024,"type":"hold","angle2":39.375,"angle":28.125,"time":68.666664123535},{"duration":0.66666662693024,"type":"hold","angle2":16.875,"angle":28.125,"time":68.666664123535},{"duration":0,"type":"hold","angle2":16.875,"angle":39.375,"time":69.333335876465},{"angle":22.5,"type":"block","time":70.5},{"angle":33.75,"type":"block","time":70.5},{"angle":33.75,"type":"block","time":71.166664123535},{"angle":45,"type":"block","time":71.166664123535},{"angle":45,"type":"block","time":72.5},{"angle":56.25,"type":"block","time":72.5},{"angle":56.25,"type":"block","time":73.166664123535},{"angle":67.5,"type":"block","time":73.166664123535},{"angle":56.25,"type":"block","time":73.833335876465},{"angle":45,"type":"block","time":73.833335876465},{"duration":0.66666656732559,"type":"hold","angle2":22.5,"angle":45,"time":74.5},{"duration":0.66666662693024,"type":"hold","angle2":22.5,"angle":33.75,"time":74.5},{"duration":0,"type":"hold","angle2":45,"angle":33.75,"time":74.5},{"angle":22.5,"type":"block","time":75.166664123535},{"angle":360,"type":"block","time":76.5},{"angle":348.75,"type":"block","time":76.5},{"angle":11.25,"type":"block","time":76.5},{"angle":348.75,"type":"block","time":77.166664123535},{"angle":360,"type":"block","time":77.166664123535},{"angle":11.25,"type":"block","time":77.166664123535},{"angle":337.5,"type":"block","time":78.5},{"angle":348.75,"type":"block","time":78.5},{"angle":360,"type":"block","time":78.5},{"angle":0,"type":"block","time":79.833335876465},{"angle":11.25,"type":"block","time":79.833335876465},{"angle":22.5,"type":"block","time":79.833335876465},{"angle":11.25,"type":"block","time":81.166664123535},{"angle":360,"type":"block","time":81.333335876465},{"angle":348.75,"type":"block","time":81.5},{"type":"block","speedMult":0.95000004768372,"time":81.833335876465,"angle":348.75},{"type":"block","speedMult":0.90000009536743,"time":82,"angle":360},{"type":"block","speedMult":0.85000014305115,"time":82.166664123535,"angle":11.25},{"type":"block","speedMult":0.76000022888184,"time":82.916664123535,"angle":33.75},{"type":"block","speedMult":0.75000023841858,"time":83.166664123535,"angle":337.5},{"type":"block","speedMult":0.77000021934509,"time":82.666664123535,"angle":0},{"duration":1.7500003576279,"type":"hold","angle2":11.25,"angle":0,"time":83.416664123535},{"angle":0,"type":"block","time":85.25},{"angle":348.75,"type":"block","time":85.395835876465},{"angle":337.5,"type":"block","time":85.9375},{"angle":326.25,"type":"block","time":86.166664123535},{"angle":303.75,"type":"block","time":86.625},{"angle":315,"type":"block","time":86.6875},{"angle":326.25,"type":"block","time":86.75},{"angle":337.5,"type":"block","time":86.8125},{"angle":348.75,"type":"block","time":86.875},{"angle":0,"type":"block","time":87.5625},{"angle":348.75,"type":"block","time":87.625},{"angle":11.25,"type":"block","time":87.625},{"angle":360,"type":"block","time":87.6875},{"angle":11.25,"type":"block","time":87.75},{"angle":348.75,"type":"block","time":87.75},{"angle":22.5,"type":"block","time":88.125},{"angle":11.25,"type":"block","time":88.1875},{"angle":337.5,"type":"block","time":88.375},{"angle":348.75,"type":"block","time":88.4375},{"angle":0,"type":"block","time":88.875},{"angle":11.25,"type":"block","time":88.875},{"angle":348.75,"type":"block","time":88.875},{"duration":1.4375,"type":"hold","angle2":0,"angle":0,"time":89.125},{"duration":1.4375,"type":"hold","angle2":0,"angle":11.25,"time":89.125},{"duration":1.4375,"type":"hold","angle2":360,"angle":348.75,"time":89.125},{"angle":11.25,"type":"block","time":90.8125},{"angle":22.5,"type":"block","time":90.875},{"angle":45,"type":"block","time":91.0625},{"angle":56.25,"type":"block","time":91.125},{"duration":1.1875,"type":"hold","angle2":360,"angle":90,"time":91.375},{"duration":1.25,"type":"hold","angle2":360,"angle":78.75,"time":91.3125},{"angle":11.25,"type":"block","time":92.625},{"angle":348.75,"type":"block","time":92.625},{"angle":348.75,"type":"block","time":92.875},{"angle":0,"type":"block","time":92.875},{"angle":11.25,"type":"block","time":92.875},{"angle":360,"type":"block","time":93.0625},{"angle":11.25,"type":"block","time":93.3125},{"angle":22.5,"type":"block","time":93.8125},{"angle":33.75,"type":"block","time":94.0625},{"angle":11.25,"type":"block","time":93.0625},{"angle":22.5,"type":"block","time":93.3125},{"angle":33.75,"type":"block","time":93.8125},{"angle":45,"type":"block","time":94.0625},{"angle":45,"type":"block","time":94.625},{"angle":56.25,"type":"block","time":94.625},{"angle":56.25,"type":"block","time":94.875},{"angle":67.5,"type":"block","time":94.875},{"duration":3.25,"type":"hold","angle2":450,"angle":90,"time":95.3125},{"angle":78.75,"type":"block","time":98.5625},{"angle":101.25,"type":"block","time":98.5625},{"angle":90,"type":"block","time":98.8125},{"angle":67.5,"type":"block","time":98.8125},{"angle":78.75,"type":"block","time":99.0625},{"angle":56.25,"type":"block","time":99.0625},{"angle":67.5,"type":"block","time":99.3125},{"duration":1.75,"type":"hold","angle2":-22.5,"angle":45,"time":99.3125},{"angle":348.75,"type":"block","time":101.1875},{"angle":360,"type":"block","time":101.3125},{"angle":45,"type":"block","time":101.75},{"angle":33.75,"type":"block","time":101.8125},{"angle":326.25,"type":"block","time":102},{"angle":337.5,"type":"block","time":102.0625},{"angle":360,"type":"block","time":102.6875},{"angle":348.75,"type":"block","time":102.5625},{"angle":11.25,"type":"block","time":102.5625},{"angle":348.75,"type":"block","time":102.8125},{"angle":11.25,"type":"block","time":102.8125},{"duration":0.625,"type":"hold","angle2":11.25,"angle":0,"time":103.4375},{"duration":0.625,"type":"hold","angle2":-11.25,"angle":0,"time":103.4375},{"duration":0,"type":"hold","angle2":371.25,"angle":348.75,"time":104.0625},{"duration":0.5,"type":"hold","angle2":360,"angle":348.75,"time":104.3125},{"duration":0.5,"type":"hold","angle2":0,"angle":11.25,"time":104.3125},{"duration":0,"type":"hold","angle2":371.25,"angle":348.75,"time":104.3125},{"duration":0,"type":"hold","angle2":-348.75,"angle":-11.25,"time":105.0625},{"angle":0,"type":"block","time":106.5625},{"angle":11.25,"type":"block","time":106.8125},{"angle":22.5,"type":"block","time":107.0625},{"duration":0,"type":"hold","angle2":-315,"angle":22.5,"time":107.3125},{"duration":1.1875,"type":"hold","angle2":11.25,"angle":22.5,"time":107.3125},{"duration":1.1875,"type":"hold","angle2":11.25,"angle":45,"time":107.3125},{"angle":0,"type":"block","time":108.75},{"angle":348.75,"type":"block","time":109},{"duration":0,"type":"hold","angle2":-11.25,"angle":326.25,"time":109.25},{"duration":0,"type":"hold","angle2":0,"angle":337.5,"time":109.8125},{"duration":0,"type":"hold","angle2":11.25,"angle":348.75,"time":110},{"angle":0,"type":"block","time":110.5},{"angle":11.25,"type":"block","time":110.75},{"angle":22.5,"type":"block","time":110.75},{"duration":1,"type":"hold","angle2":360,"angle":348.75,"time":111.1875},{"angle":5.625,"type":"block","time":112.125},{"angle":354.375,"type":"block","time":112.125},{"duration":2,"type":"mineHold","angle2":146.25,"angle":67.5,"time":-1.6666666269302},{"duration":2,"type":"mineHold","angle2":360,"angle":292.5,"time":-1.6666666269302},{"duration":1.3333333730698,"type":"mineHold","angle2":67.5,"angle":180,"time":-3},{"duration":1.3333333730698,"type":"mineHold","angle2":292.5,"angle":180,"time":-3},{"angle":180,"type":"mine","time":-2.6666667461395},{"angle":191.25,"type":"mine","time":-2.3333332538605},{"angle":168.75,"type":"mine","time":-2.3333332538605},{"angle":180,"type":"mine","time":-2},{"angle":202.5,"type":"mine","time":-2},{"angle":157.5,"type":"mine","time":-2},{"angle":135,"type":"mine","time":-2},{"angle":225,"type":"mine","time":-2},{"angle":146.25,"type":"mine","time":-2.3333332538605},{"angle":213.75,"type":"mine","time":-2.3333332538605},{"angle":146.25,"type":"mine","time":-1.6666666269302},{"angle":123.75,"type":"mine","time":-1.6666666269302},{"angle":101.25,"type":"mine","time":-1.6666666269302},{"angle":168.75,"type":"mine","time":-1.6666666269302},{"angle":191.25,"type":"mine","time":-1.6666666269302},{"angle":213.75,"type":"mine","time":-1.6666666269302},{"angle":236.25,"type":"mine","time":-1.6666666269302},{"angle":258.75,"type":"mine","time":-1.6666666269302},{"angle":112.5,"type":"mine","time":-1.3333333730698},{"angle":135,"type":"mine","time":-1.3333333730698},{"angle":157.5,"type":"mine","time":-1.3333333730698},{"angle":180,"type":"mine","time":-1.3333333730698},{"angle":202.5,"type":"mine","time":-1.3333333730698},{"angle":225,"type":"mine","time":-1.3333333730698},{"angle":247.5,"type":"mine","time":-1.3333333730698},{"angle":270,"type":"mine","time":-1.3333333730698},{"angle":123.75,"type":"mine","time":-1},{"angle":146.25,"type":"mine","time":-1},{"angle":168.75,"type":"mine","time":-1},{"angle":191.25,"type":"mine","time":-1},{"angle":213.75,"type":"mine","time":-1},{"angle":236.25,"type":"mine","time":-1},{"angle":258.75,"type":"mine","time":-1},{"angle":281.25,"type":"mine","time":-1},{"angle":135,"type":"mine","time":-0.66666668653488},{"angle":157.5,"type":"mine","time":-0.66666668653488},{"angle":180,"type":"mine","time":-0.66666668653488},{"angle":202.5,"type":"mine","time":-0.66666668653488},{"angle":225,"type":"mine","time":-0.66666668653488},{"angle":247.5,"type":"mine","time":-0.66666668653488},{"angle":270,"type":"mine","time":-0.66666668653488},{"angle":292.5,"type":"mine","time":-0.66666668653488},{"angle":146.25,"type":"mine","time":-0.33333334326744},{"angle":168.75,"type":"mine","time":-0.33333334326744},{"angle":191.25,"type":"mine","time":-0.33333334326744},{"angle":213.75,"type":"mine","time":-0.33333334326744},{"angle":236.25,"type":"mine","time":-0.33333334326744},{"angle":258.75,"type":"mine","time":-0.33333334326744},{"angle":281.25,"type":"mine","time":-0.33333334326744},{"angle":303.75,"type":"mine","time":-0.33333334326744},{"angle":157.5,"type":"mine","time":0},{"angle":180,"type":"mine","time":-0},{"angle":202.5,"type":"mine","time":-0},{"angle":225,"type":"mine","time":-0},{"angle":247.5,"type":"mine","time":-0},{"angle":270,"type":"mine","time":-0},{"angle":292.5,"type":"mine","time":-0},{"angle":315,"type":"mine","time":-0},{"angle":326.25,"type":"mine","time":0.33333334326744},{"angle":303.75,"type":"mine","time":0.33333334326744},{"angle":281.25,"type":"mine","time":0.33333334326744},{"angle":258.75,"type":"mine","time":0.33333334326744},{"angle":236.25,"type":"mine","time":0.33333334326744},{"angle":213.75,"type":"mine","time":0.33333334326744},{"angle":191.25,"type":"mine","time":0.33333334326744},{"angle":168.75,"type":"mine","time":0.33333334326744},{"duration":3.3333330154419,"type":"mineHold","angle2":112.5,"angle":0,"time":0.33333334326744},{"angle":157.5,"type":"mine","time":0.66666668653488},{"angle":180,"type":"mine","time":1},{"angle":202.5,"type":"mine","time":1.3333333730698},{"angle":225,"type":"mine","time":1.6666666269302},{"angle":247.5,"type":"mine","time":2},{"angle":270,"type":"mine","time":2.3333332538605},{"angle":292.5,"type":"mine","time":2.6666667461395},{"angle":315,"type":"mine","time":3},{"angle":337.5,"type":"mine","time":3.3333332538605},{"angle":281.25,"type":"mine","time":3.3333332538605},{"angle":270,"type":"mine","time":4},{"angle":303.75,"type":"mine","time":3.6666667461395},{"angle":326.25,"type":"mine","time":4},{"angle":315,"type":"mine","time":4.6666665077209},{"duration":0.66666662693024,"type":"mineHold","angle2":146.25,"angle":135,"time":4.3333334922791},{"angle":123.75,"type":"mine","time":4},{"duration":0,"type":"mineHold","angle2":146.25,"angle":112.5,"time":5},{"duration":0.66666662693024,"type":"mineHold","angle2":112.5,"angle":135,"time":4.3333334922791},{"duration":0.66666662693024,"type":"mineHold","angle2":303.75,"angle":270,"time":4.3333334922791},{"angle":292.5,"type":"mine","time":4.3333334922791},{"angle":315,"type":"mine","time":5.3333334922791},{"angle":326.25,"type":"mine","time":5.6666665077209},{"angle":157.5,"type":"mine","time":5.3333334922791},{"angle":168.75,"type":"mine","time":5.6666665077209},{"duration":1,"type":"mineHold","angle2":202.5,"angle":180,"time":6},{"duration":1,"type":"mineHold","angle2":337.5,"angle":337.5,"time":6},{"angle":337.5,"type":"mine","time":7.3333334922791},{"angle":202.5,"type":"mine","time":7.3333334922791},{"angle":337.5,"type":"mine","time":7.6666665077209},{"angle":202.5,"type":"mine","time":7.6666665077209},{"duration":1,"type":"mineHold","angle2":360,"angle":337.5,"time":8},{"duration":1,"type":"mineHold","angle2":213.75,"angle":202.5,"time":8},{"angle":22.5,"type":"mine","time":9.3333330154419},{"angle":236.25,"type":"mine","time":9.3333330154419},{"angle":22.5,"type":"mine","time":9.6666669845581},{"angle":236.25,"type":"mine","time":9.6666669845581},{"angle":45,"type":"mine","time":10},{"angle":45,"type":"mine","time":10.333333015442},{"angle":258.75,"type":"mine","time":10},{"angle":258.75,"type":"mine","time":10.333333015442},{"duration":1.3333333730698,"type":"mineHold","angle2":112.5,"angle":90,"time":11},{"duration":1.3333333730698,"type":"mineHold","angle2":292.5,"angle":270,"time":11},{"duration":1.3333333730698,"type":"mineHold","angle2":202.5,"angle":180,"time":11},{"duration":1.3333333730698,"type":"mineHold","angle2":135,"angle":112.5,"time":11.666666984558},{"duration":1.3333333730698,"type":"mineHold","angle2":225,"angle":202.5,"time":11.666666984558},{"duration":1.3333333730698,"type":"mineHold","angle2":315,"angle":292.5,"time":11.666666984558},{"duration":1.3333333730698,"type":"mineHold","angle2":157.5,"angle":135,"time":12.333333015442},{"duration":1.3333333730698,"type":"mineHold","angle2":247.5,"angle":225,"time":12.333333015442},{"duration":1.3333333730698,"type":"mineHold","angle2":337.5,"angle":315,"time":12.333333015442},{"duration":1.3333333730698,"type":"mineHold","angle2":180,"angle":157.5,"time":13},{"duration":1.3333333730698,"type":"mineHold","angle2":270,"angle":247.5,"time":13},{"duration":1.3333333730698,"type":"mineHold","angle2":360,"angle":337.5,"time":13},{"duration":1.3333333730698,"type":"mineHold","angle2":202.5,"angle":180,"time":13.666666984558},{"duration":1.3333333730698,"type":"mineHold","angle2":292.5,"angle":270,"time":13.666666984558},{"duration":1.3333333730698,"type":"mineHold","angle2":382.5,"angle":360,"time":13.666666984558},{"duration":1.3333333730698,"type":"mineHold","angle2":225,"angle":202.5,"time":14.333333015442},{"duration":1.3333333730698,"type":"mineHold","angle2":315,"angle":292.5,"time":14.333333015442},{"duration":1.3333333730698,"type":"mineHold","angle2":45,"angle":22.5,"time":14.333333015442},{"duration":1.3333333730698,"type":"mineHold","angle2":247.5,"angle":225,"time":15},{"duration":1.3333333730698,"type":"mineHold","angle2":337.5,"angle":315,"time":15},{"duration":1.3333333730698,"type":"mineHold","angle2":67.5,"angle":45,"time":15},{"duration":1.3333333730698,"type":"mineHold","angle2":270,"angle":247.5,"time":15.666666984558},{"duration":1.3333333730698,"type":"mineHold","angle2":360,"angle":337.5,"time":15.666666984558},{"duration":1.3333333730698,"type":"mineHold","angle2":90,"angle":67.5,"time":15.666666984558},{"duration":1.3333333730698,"type":"mineHold","angle2":292.5,"angle":270,"time":16.333333969116},{"duration":1.3333333730698,"type":"mineHold","angle2":22.5,"angle":0,"time":16.333333969116},{"duration":1.3333333730698,"type":"mineHold","angle2":112.5,"angle":90,"time":16.333333969116},{"duration":1.3333333730698,"type":"mineHold","angle2":315,"angle":292.5,"time":17},{"duration":1.3333333730698,"type":"mineHold","angle2":45,"angle":22.5,"time":17},{"duration":1.3333333730698,"type":"mineHold","angle2":135,"angle":112.5,"time":17},{"angle":135,"type":"mine","time":11},{"angle":225,"type":"mine","time":11},{"angle":123.75,"type":"mine","time":11},{"angle":146.25,"type":"mine","time":11},{"angle":213.75,"type":"mine","time":11},{"angle":236.25,"type":"mine","time":11},{"angle":135,"type":"mine","time":11.333333015442},{"angle":146.25,"type":"mine","time":11.333333015442},{"angle":157.5,"type":"mine","time":11.333333015442},{"angle":225,"type":"mine","time":11.333333015442},{"angle":236.25,"type":"mine","time":11.333333015442},{"angle":247.5,"type":"mine","time":11.333333015442},{"angle":146.25,"type":"mine","time":11.666666984558},{"angle":157.5,"type":"mine","time":11.666666984558},{"angle":168.75,"type":"mine","time":11.666666984558},{"angle":236.25,"type":"mine","time":11.666666984558},{"angle":247.5,"type":"mine","time":11.666666984558},{"angle":258.75,"type":"mine","time":11.666666984558},{"angle":157.5,"type":"mine","time":12},{"angle":168.75,"type":"mine","time":12},{"angle":180,"type":"mine","time":12},{"angle":247.5,"type":"mine","time":12},{"angle":258.75,"type":"mine","time":12},{"angle":270,"type":"mine","time":12},{"angle":168.75,"type":"mine","time":12.333333015442},{"angle":180,"type":"mine","time":12.333333015442},{"angle":191.25,"type":"mine","time":12.333333015442},{"angle":258.75,"type":"mine","time":12.333333015442},{"angle":270,"type":"mine","time":12.333333015442},{"angle":281.25,"type":"mine","time":12.333333015442},{"angle":180,"type":"mine","time":12.666666984558},{"angle":191.25,"type":"mine","time":12.666666984558},{"angle":202.5,"type":"mine","time":12.666666984558},{"angle":270,"type":"mine","time":12.666666984558},{"angle":281.25,"type":"mine","time":12.666666984558},{"angle":292.5,"type":"mine","time":12.666666984558},{"angle":191.25,"type":"mine","time":13},{"angle":202.5,"type":"mine","time":13},{"angle":213.75,"type":"mine","time":13},{"angle":281.25,"type":"mine","time":13},{"angle":292.5,"type":"mine","time":13},{"angle":303.75,"type":"mine","time":13},{"angle":202.5,"type":"mine","time":13.333333015442},{"angle":213.75,"type":"mine","time":13.333333015442},{"angle":225,"type":"mine","time":13.333333015442},{"angle":292.5,"type":"mine","time":13.333333015442},{"angle":303.75,"type":"mine","time":13.333333015442},{"angle":315,"type":"mine","time":13.333333015442},{"angle":213.75,"type":"mine","time":13.666666984558},{"angle":225,"type":"mine","time":13.666666984558},{"angle":236.25,"type":"mine","time":13.666666984558},{"angle":303.75,"type":"mine","time":13.666666984558},{"angle":315,"type":"mine","time":13.666666984558},{"angle":326.25,"type":"mine","time":13.666666984558},{"angle":225,"type":"mine","time":14},{"angle":236.25,"type":"mine","time":14},{"angle":247.5,"type":"mine","time":14},{"angle":326.25,"type":"mine","time":14},{"angle":337.5,"type":"mine","time":14},{"angle":315,"type":"mine","time":14},{"angle":236.25,"type":"mine","time":14.333333015442},{"angle":247.5,"type":"mine","time":14.333333015442},{"angle":258.75,"type":"mine","time":14.333333015442},{"angle":326.25,"type":"mine","time":14.333333015442},{"angle":337.5,"type":"mine","time":14.333333015442},{"angle":348.75,"type":"mine","time":14.333333015442},{"angle":247.5,"type":"mine","time":14.666666984558},{"angle":258.75,"type":"mine","time":14.666666984558},{"angle":270,"type":"mine","time":14.666666984558},{"angle":337.5,"type":"mine","time":14.666666984558},{"angle":348.75,"type":"mine","time":14.666666984558},{"angle":360,"type":"mine","time":14.666666984558},{"angle":258.75,"type":"mine","time":15},{"angle":270,"type":"mine","time":15},{"angle":281.25,"type":"mine","time":15},{"angle":348.75,"type":"mine","time":15},{"angle":0,"type":"mine","time":15},{"angle":11.25,"type":"mine","time":15},{"angle":270,"type":"mine","time":15.333333015442},{"angle":281.25,"type":"mine","time":15.333333015442},{"angle":292.5,"type":"mine","time":15.333333015442},{"angle":0,"type":"mine","time":15.333333015442},{"angle":11.25,"type":"mine","time":15.333333015442},{"angle":22.5,"type":"mine","time":15.333333015442},{"angle":281.25,"type":"mine","time":15.666666984558},{"angle":292.5,"type":"mine","time":15.666666984558},{"angle":303.75,"type":"mine","time":15.666666984558},{"angle":11.25,"type":"mine","time":15.666666984558},{"angle":22.5,"type":"mine","time":15.666666984558},{"angle":33.75,"type":"mine","time":15.666666984558},{"angle":292.5,"type":"mine","time":16},{"angle":303.75,"type":"mine","time":16},{"angle":315,"type":"mine","time":16},{"angle":22.5,"type":"mine","time":16},{"angle":33.75,"type":"mine","time":16},{"angle":45,"type":"mine","time":16},{"angle":303.75,"type":"mine","time":16.333333969116},{"angle":315,"type":"mine","time":16.333333969116},{"angle":326.25,"type":"mine","time":16.333333969116},{"angle":33.75,"type":"mine","time":16.333333969116},{"angle":45,"type":"mine","time":16.333333969116},{"angle":56.25,"type":"mine","time":16.333333969116},{"angle":315,"type":"mine","time":16.666666030884},{"angle":326.25,"type":"mine","time":16.666666030884},{"angle":337.5,"type":"mine","time":16.666666030884},{"angle":45,"type":"mine","time":16.666666030884},{"angle":56.25,"type":"mine","time":16.666666030884},{"angle":67.5,"type":"mine","time":16.666666030884},{"angle":326.25,"type":"mine","time":17},{"angle":337.5,"type":"mine","time":17},{"angle":348.75,"type":"mine","time":17},{"angle":56.25,"type":"mine","time":17},{"angle":67.5,"type":"mine","time":17},{"angle":78.75,"type":"mine","time":17},{"angle":337.5,"type":"mine","time":17.333333969116},{"angle":348.75,"type":"mine","time":17.333333969116},{"angle":360,"type":"mine","time":17.333333969116},{"angle":67.5,"type":"mine","time":17.333333969116},{"angle":78.75,"type":"mine","time":17.333333969116},{"angle":90,"type":"mine","time":17.333333969116},{"angle":348.75,"type":"mine","time":17.666666030884},{"angle":360,"type":"mine","time":17.666666030884},{"angle":11.25,"type":"mine","time":17.666666030884},{"angle":78.75,"type":"mine","time":17.666666030884},{"angle":90,"type":"mine","time":17.666666030884},{"angle":101.25,"type":"mine","time":17.666666030884},{"angle":360,"type":"mine","time":18},{"angle":11.25,"type":"mine","time":18},{"angle":22.5,"type":"mine","time":18},{"angle":90,"type":"mine","time":18},{"angle":101.25,"type":"mine","time":18},{"angle":112.5,"type":"mine","time":18},{"angle":11.25,"type":"mine","time":18.333333969116},{"angle":22.5,"type":"mine","time":18.333333969116},{"angle":33.75,"type":"mine","time":18.333333969116},{"angle":101.25,"type":"mine","time":18.333333969116},{"angle":112.5,"type":"mine","time":18.333333969116},{"angle":123.75,"type":"mine","time":18.333333969116},{"angle":0,"type":"mine","time":19.5},{"angle":180,"type":"mine","time":19.5},{"angle":22.5,"type":"mine","time":20.166666030884},{"angle":202.5,"type":"mine","time":20.166666030884},{"angle":45,"type":"mine","time":20.833333969116},{"angle":225,"type":"mine","time":20.833333969116},{"angle":90,"type":"mine","time":19.5},{"angle":112.5,"type":"mine","time":20.166666030884},{"angle":135,"type":"mine","time":20.833333969116},{"duration":0.49999994039536,"type":"mineHold","angle2":67.5,"angle":67.5,"time":21.5},{"duration":1,"type":"mineHold","angle2":247.5,"angle":247.5,"time":21.5},{"duration":1,"type":"mineHold","angle2":157.5,"angle":157.5,"time":21.5},{"duration":1,"type":"mineHold","angle2":112.5,"angle":112.5,"time":21.5},{"duration":1,"type":"mineHold","angle2":202.5,"angle":202.5,"time":21.5},{"duration":0.49999994039536,"type":"mineHold","angle2":90,"angle":90,"time":22},{"duration":1,"type":"mineHold","angle2":135,"angle":135,"time":22.5},{"duration":1,"type":"mineHold","angle2":180,"angle":180,"time":22.5},{"duration":1,"type":"mineHold","angle2":225,"angle":225,"time":22.5},{"duration":1,"type":"mineHold","angle2":270,"angle":270,"time":22.5},{"duration":0.49999994039536,"type":"mineHold","angle2":101.25,"angle":101.25,"time":22.5},{"duration":1,"type":"mineHold","angle2":315,"angle":315,"time":22.5},{"duration":1,"type":"mineHold","angle2":292.5,"angle":292.5,"time":23.5},{"duration":1,"type":"mineHold","angle2":247.5,"angle":247.5,"time":23.5},{"duration":1,"type":"mineHold","angle2":202.5,"angle":202.5,"time":23.5},{"duration":1,"type":"mineHold","angle2":157.5,"angle":157.5,"time":23.5},{"duration":0.49999994039536,"type":"mineHold","angle2":112.5,"angle":112.5,"time":23},{"duration":0.49999994039536,"type":"mineHold","angle2":123.75,"angle":123.75,"time":23.5},{"duration":0.49999994039536,"type":"mineHold","angle2":292.5,"angle":292.5,"time":22},{"duration":1,"type":"mineHold","angle2":337.5,"angle":337.5,"time":23.5},{"duration":0.49999994039536,"type":"mineHold","angle2":180,"angle":180,"time":24.5},{"duration":0.49999994039536,"type":"mineHold","angle2":225,"angle":225,"time":24.5},{"duration":0.49999994039536,"type":"mineHold","angle2":270,"angle":270,"time":24.5},{"duration":0.49999994039536,"type":"mineHold","angle2":315,"angle":315,"time":24.5},{"duration":0.49999994039536,"type":"mineHold","angle2":0,"angle":0,"time":24.5},{"endAngle":67.5,"type":"mineHold","time":26.833333969116,"angle2":22.5,"angle":135,"duration":1.1666666269302},{"endAngle":247.5,"type":"mineHold","time":26.833333969116,"angle2":202.5,"angle":180,"duration":1.1666666269302},{"endAngle":45,"type":"mineHold","time":28.666666030884,"angle2":0,"angle":112.5,"duration":1.3333332538605},{"endAngle":225,"type":"mineHold","time":28.666666030884,"angle2":180,"angle":157.5,"duration":1.3333332538605},{"endAngle":112.5,"type":"mineHold","time":32,"angle2":90,"angle":45,"duration":0.83333331346512},{"endAngle":-67.5,"type":"mineHold","time":32,"angle2":-90,"angle":0,"duration":0.83333331346512},{"duration":0,"type":"mineHold","angle2":-168.75,"angle":33.75,"time":37.5},{"duration":0,"type":"mineHold","angle2":56.25,"angle":-146.25,"time":38.833332061768},{"duration":0,"type":"mineHold","angle2":-123.75,"angle":78.75,"time":39.5},{"duration":1.3333332538605,"type":"mineHold","angle2":112.5,"angle":123.75,"time":40.666667938232},{"duration":1.3333332538605,"type":"mineHold","angle2":247.5,"angle":236.25,"time":40.666667938232},{"duration":0,"type":"mineHold","angle2":371.25,"angle":348.75,"time":46},{"duration":0,"type":"mineHold","angle2":191.25,"angle":168.75,"time":46},{"angle":0,"type":"mine","time":46.666667938232},{"angle":202.5,"type":"mine","time":46.666667938232},{"angle":22.5,"type":"mine","time":46.666667938232},{"angle":180,"type":"mine","time":46.666667938232},{"angle":11.25,"type":"mine","time":47.333332061768},{"angle":33.75,"type":"mine","time":47.333332061768},{"angle":213.75,"type":"mine","time":47.333332061768},{"angle":191.25,"type":"mine","time":47.333332061768},{"angle":22.5,"type":"mine","time":48},{"angle":45,"type":"mine","time":48},{"angle":202.5,"type":"mine","time":48},{"angle":225,"type":"mine","time":48},{"duration":1.4999998807907,"type":"mineHold","angle2":45,"angle":33.75,"time":48},{"duration":1.4999998807907,"type":"mineHold","angle2":225,"angle":213.75,"time":48},{"duration":1.6666665077209,"type":"mineHold","angle2":90,"angle":90,"time":50},{"duration":1.6666665077209,"type":"mineHold","angle2":270,"angle":270,"time":50},{"angle":112.5,"type":"mine","time":52.166667938232},{"angle":292.5,"type":"mine","time":52.166667938232},{"angle":67.5,"type":"mine","time":52.833332061768},{"angle":247.5,"type":"mine","time":52.833332061768},{"duration":7.1666641235352,"type":"mineHold","angle2":450,"angle":45,"time":53.5},{"duration":7.1666641235352,"type":"mineHold","angle2":630,"angle":225,"time":53.5},{"duration":0,"type":"mineHold","angle2":101.25,"angle":78.75,"time":62},{"duration":0.66666662693024,"type":"mineHold","angle2":90,"angle":78.75,"time":62},{"duration":0.66666662693024,"type":"mineHold","angle2":90,"angle":101.25,"time":62},{"duration":0,"type":"mineHold","angle2":281.25,"angle":258.75,"time":62},{"duration":0.66666674613953,"type":"mineHold","angle2":270,"angle":258.75,"time":62},{"duration":0.66666662693024,"type":"mineHold","angle2":270,"angle":281.25,"time":62},{"duration":0,"type":"mineHold","angle2":191.25,"angle":168.75,"time":62},{"duration":0.66666662693024,"type":"mineHold","angle2":180,"angle":168.75,"time":62},{"duration":0.66666662693024,"type":"mineHold","angle2":180,"angle":191.25,"time":62},{"duration":0,"type":"mineHold","angle2":106.875,"angle":84.375,"time":63.333332061768},{"duration":0,"type":"mineHold","angle2":196.875,"angle":174.375,"time":63.333332061768},{"duration":0,"type":"mineHold","angle2":286.875,"angle":264.375,"time":63.333332061768},{"duration":0.66666662693024,"type":"mineHold","angle2":95.625,"angle":84.375,"time":63.333332061768},{"duration":0.66666662693024,"type":"mineHold","angle2":95.625,"angle":106.875,"time":63.333332061768},{"duration":0.66666662693024,"type":"mineHold","angle2":185.625,"angle":174.375,"time":63.333332061768},{"duration":0.66666662693024,"type":"mineHold","angle2":185.625,"angle":196.875,"time":63.333332061768},{"duration":0.66666662693024,"type":"mineHold","angle2":275.625,"angle":264.375,"time":63.333335876465},{"duration":0.66666662693024,"type":"mineHold","angle2":275.625,"angle":286.875,"time":63.333332061768},{"angle":106.875,"type":"mine","time":66.666664123535},{"angle":286.875,"type":"mine","time":66.666664123535},{"angle":101.25,"type":"mine","time":66},{"angle":286.875,"type":"mine","time":66},{"angle":281.25,"type":"mine","time":65.333335876465},{"angle":281.25,"type":"mine","time":65},{"angle":275.625,"type":"mine","time":64.666664123535},{"angle":275.625,"type":"mine","time":64.333335876465},{"angle":95.625,"type":"mine","time":64.333335876465},{"angle":95.625,"type":"mine","time":64.666664123535},{"angle":101.25,"type":"mine","time":65},{"angle":101.25,"type":"mine","time":65.333335876465},{"duration":1.3333332538605,"type":"mineHold","angle2":129.375,"angle":112.5,"time":67.333335876465},{"duration":1.3333332538605,"type":"mineHold","angle2":275.625,"angle":292.5,"time":67.333335876465},{"duration":1.3333332538605,"type":"mineHold","angle2":140.625,"angle":129.375,"time":68},{"duration":1.3333332538605,"type":"mineHold","angle2":264.375,"angle":275.625,"time":68},{"duration":1.3333332538605,"type":"mineHold","angle2":135,"angle":123.75,"time":70.5},{"duration":1.3333332538605,"type":"mineHold","angle2":303.75,"angle":292.5,"time":70.5},{"duration":1.3333332538605,"type":"mineHold","angle2":151.875,"angle":135,"time":71.166664123535},{"duration":1.3333332538605,"type":"mineHold","angle2":320.625,"angle":303.75,"time":71.166664123535},{"duration":1.3333332538605,"type":"mineHold","angle2":140.625,"angle":151.875,"time":71.833335876465},{"duration":1.3333332538605,"type":"mineHold","angle2":309.375,"angle":320.625,"time":71.833335876465},{"duration":1.9999997615814,"type":"mineHold","angle2":112.5,"angle":129.375,"time":73.166664123535},{"duration":1.9999997615814,"type":"mineHold","angle2":303.75,"angle":320.625,"time":73.166664123535},{"duration":1.3333332538605,"type":"mineHold","angle2":101.25,"angle":112.5,"time":75.166664123535},{"duration":1.3333332538605,"type":"mineHold","angle2":258.75,"angle":303.75,"time":75.166664123535},{"angle":90,"type":"mine","time":76.5},{"angle":270,"type":"mine","time":76.5},{"angle":90,"type":"mine","time":77.166664123535},{"angle":270,"type":"mine","time":77.166664123535},{"angle":180,"type":"mine","time":76.5},{"angle":180,"type":"mine","time":77.166664123535},{"angle":78.75,"type":"mine","time":78.5},{"angle":168.75,"type":"mine","time":78.5},{"angle":258.75,"type":"mine","time":78.5},{"angle":101.25,"type":"mine","time":79.833335876465},{"angle":191.25,"type":"mine","time":79.833335876465},{"angle":281.25,"type":"mine","time":79.833335876465},{"duration":1,"type":"mineHold","angle2":78.75,"angle":78.75,"time":81.166664123535},{"duration":1,"type":"mineHold","angle2":281.25,"angle":281.25,"time":81.166664123535},{"angle":270,"type":"mine","time":82.166664123535},{"angle":258.75,"type":"mine","time":82.166664123535},{"angle":247.5,"type":"mine","time":82.166664123535},{"angle":236.25,"type":"mine","time":82.166664123535},{"angle":225,"type":"mine","time":82.166664123535},{"angle":213.75,"type":"mine","time":82.166664123535},{"angle":202.5,"type":"mine","time":82.166664123535},{"angle":191.25,"type":"mine","time":82.166664123535},{"angle":180,"type":"mine","time":82.166664123535},{"angle":168.75,"type":"mine","time":82.166664123535},{"angle":157.5,"type":"mine","time":82.166664123535},{"angle":146.25,"type":"mine","time":82.166664123535},{"angle":135,"type":"mine","time":82.166664123535},{"angle":123.75,"type":"mine","time":82.166664123535},{"angle":112.5,"type":"mine","time":82.166664123535},{"angle":101.25,"type":"mine","time":82.166664123535},{"angle":90,"type":"mine","time":82.166664123535},{"angle":101.25,"type":"mine","time":82.833335876465},{"angle":112.5,"type":"mine","time":82.833335876465},{"angle":123.75,"type":"mine","time":82.833335876465},{"angle":270,"type":"mine","time":82.833335876465},{"angle":258.75,"type":"mine","time":82.833335876465},{"angle":247.5,"type":"mine","time":82.833335876465},{"angle":236.25,"type":"mine","time":82.833335876465},{"angle":225,"type":"mine","time":82.833335876465},{"angle":213.75,"type":"mine","time":82.833335876465},{"angle":202.5,"type":"mine","time":82.833335876465},{"angle":191.25,"type":"mine","time":82.833335876465},{"angle":180,"type":"mine","time":82.833335876465},{"angle":168.75,"type":"mine","time":82.833335876465},{"angle":157.5,"type":"mine","time":82.833335876465},{"angle":146.25,"type":"mine","time":82.833335876465},{"angle":135,"type":"mine","time":82.833335876465},{"duration":2.3333332538605,"type":"mineHold","angle2":101.25,"angle":90,"time":82.833335876465},{"duration":2.3333332538605,"type":"mineHold","angle2":292.5,"angle":281.25,"time":82.833335876465},{"duration":0.83333331346512,"type":"mineHold","angle2":45,"angle":101.25,"time":85.166664123535},{"duration":1,"type":"mineHold","angle2":236.25,"angle":292.5,"time":85.166664123535},{"duration":0.66666662693024,"type":"mineHold","angle2":270,"angle":236.25,"time":86.166664123535},{"duration":0.49999994039536,"type":"mineHold","angle2":45,"angle":45,"time":86},{"duration":0.66666656732559,"type":"mineHold","angle2":292.5,"angle":270,"time":86.833335876465},{"duration":0.99999994039536,"type":"mineHold","angle2":67.5,"angle":45,"time":86.5},{"angle":112.5,"type":"mine","time":88.1875},{"angle":247.5,"type":"mine","time":88.375},{"duration":1.6875,"type":"mineHold","angle2":90,"angle":90,"time":88.875},{"duration":1.6875,"type":"mineHold","angle2":270,"angle":270,"time":88.875},{"duration":1.25,"type":"mineHold","angle2":540,"angle":258.75,"time":91.3125},{"angle":90,"type":"mine","time":92.625},{"angle":270,"type":"mine","time":92.625},{"angle":180,"type":"mine","time":92.625},{"angle":78.75,"type":"mine","time":92.75},{"angle":101.25,"type":"mine","time":92.75},{"angle":168.75,"type":"mine","time":92.75},{"angle":191.25,"type":"mine","time":92.75},{"angle":281.25,"type":"mine","time":92.75},{"angle":258.75,"type":"mine","time":92.75},{"duration":3.25,"type":"mineHold","angle2":630,"angle":270,"time":95.3125},{"duration":1.5,"type":"mineHold","angle2":78.75,"angle":191.25,"time":98.5625},{"duration":0.5,"type":"mineHold","angle2":281.25,"angle":247.5,"time":100.8125},{"duration":0.5,"type":"mineHold","angle2":101.25,"angle":135,"time":101.5},{"duration":0.5,"type":"mineHold","angle2":270,"angle":236.25,"time":101.75},{"duration":0,"type":"mineHold","angle2":67.5,"angle":292.5,"time":105.3125},{"duration":0,"type":"mineHold","angle2":-258.75,"angle":-33.75,"time":107.5625},{"duration":0,"type":"mineHold","angle2":45,"angle":258.75,"time":109.5},{"duration":0,"type":"mineHold","angle2":78.75,"angle":281.25,"time":110.25},{"duration":0.25,"type":"mineHold","angle2":315,"angle":281.25,"time":110.5},{"duration":0.25,"type":"mineHold","angle2":101.25,"angle":90,"time":110.625},{"duration":1,"type":"mineHold","angle2":90,"angle":78.75,"time":111.1875},{"duration":1,"type":"mineHold","angle2":270,"angle":258.75,"time":111.1875},{"duration":1,"type":"mineHold","angle2":180,"angle":168.75,"time":111.1875}]