[{"time":2,"angle":360,"type":"block"},{"time":3,"angle":11.25,"type":"block"},{"time":4,"angle":22.5,"type":"block"},{"time":5,"angle":33.75,"type":"block"},{"time":6,"angle":45,"type":"block"},{"time":7,"angle":56.25,"type":"block"},{"time":8,"angle":67.5,"type":"block"},{"time":9,"angle":78.75,"type":"block"},{"time":10,"angle":90,"type":"block"},{"time":11,"angle":101.25,"type":"block"},{"time":12,"angle":112.5,"type":"block"},{"time":13,"angle":123.75,"type":"block"},{"time":14,"angle":135,"type":"block"},{"time":15,"angle":146.25,"type":"block"},{"tap":true,"time":16,"angle":157.5,"type":"block"},{"time":15.5,"angle":135,"type":"inverse"},{"time":15.75,"angle":146.25,"type":"inverse"},{"time":16,"angle":157.5,"type":"inverse"},{"angle":180,"angle2":202.5,"duration":1.375,"time":17,"type":"hold"},{"time":17.75,"angle":191.25,"type":"block"},{"time":21.75,"angle":247.5,"type":"block"},{"angle":236.25,"angle2":258.75,"duration":1.375,"time":21,"type":"hold"},{"time":20,"angle":270,"type":"side"},{"time":24,"angle":326.25,"type":"side"},{"angle":0,"angle2":22.5,"duration":1.375,"time":25,"type":"hold"},{"time":25.625,"angle":11.25,"type":"block"},{"time":28,"angle":90,"type":"side"},{"angle":123.75,"angle2":146.25,"duration":1.375,"time":29,"type":"hold"},{"time":29.75,"angle":135,"type":"block"},{"tap":true,"time":32,"angle":146.25,"type":"block"},{"time":31.75,"angle":135,"type":"inverse"},{"time":31.5,"angle":123.75,"type":"inverse"},{"time":32,"angle":146.25,"type":"inverse"},{"endTap":true,"angle":146.25,"angle2":360,"duration":4,"time":33,"type":"hold"},{"endTap":true,"angle":0,"angle2":-45,"duration":1.5,"time":37,"type":"hold"},{"time":34,"angle":180,"type":"block"},{"time":35,"angle":292.5,"type":"block"},{"time":36,"angle":270,"type":"block"},{"time":33,"angle":326.25,"type":"mine"},{"time":33.75,"angle":337.5,"type":"mine"},{"time":34.5,"angle":0,"type":"mine"},{"time":35.5,"angle":33.75,"type":"mine"},{"time":36,"angle":78.75,"type":"mine"},{"time":36.5,"angle":45,"type":"mine"},{"time":37,"angle":22.5,"type":"block"},{"tap":true,"time":40,"angle":315,"type":"block"},{"time":40.208332061768,"angle":315,"type":"block"},{"angle":292.5,"angle2":90,"duration":4,"time":41,"type":"hold"},{"time":37,"angle":270,"type":"mine"},{"time":37.75,"angle":247.5,"type":"mine"},{"time":38.5,"angle":270,"type":"mine"},{"time":39.375,"angle":225,"type":"mine"},{"time":40,"angle":258.75,"type":"mine"},{"time":40.5,"angle":236.25,"type":"mine"},{"time":38,"angle":315,"type":"block"},{"time":41,"angle":270,"type":"block"},{"time":42,"angle":270,"type":"block"},{"time":43,"angle":168.75,"type":"block"},{"time":44,"angle":168.75,"type":"block"},{"time":45.25,"angle":101.25,"type":"block"},{"time":46.625,"angle":56.25,"type":"block"},{"tap":true,"time":48,"angle":45,"type":"block"},{"time":41,"angle":337.5,"type":"mine"},{"time":41.75,"angle":326.25,"type":"mine"},{"time":42.5,"angle":348.75,"type":"mine"},{"time":43.375,"angle":360,"type":"mine"},{"time":44,"angle":337.5,"type":"mine"},{"time":44.5,"angle":348.75,"type":"mine"},{"time":44,"angle":337.5,"type":"mine"},{"angle":33.75,"angle2":-213.75,"duration":0,"time":45,"type":"mineHold"},{"angle":0,"angle2":-247.5,"duration":0,"time":46.625,"type":"mineHold"},{"angle":33.75,"angle2":-303.75,"duration":0,"time":48,"type":"mineHold"},{"time":48.25,"angle":45,"type":"block"},{"endTap":true,"angle":270,"angle2":-33.75,"duration":2,"time":49,"type":"hold"},{"angle":326.25,"angle2":562.5,"duration":0,"time":49,"type":"mineHold"},{"angle":270,"angle2":472.5,"duration":0,"time":49.5,"type":"mineHold"},{"angle":191.25,"angle2":393.75,"duration":0,"time":50,"type":"mineHold"},{"angle":101.25,"angle2":337.5,"duration":0,"time":50.5,"type":"mineHold"},{"angle":281.25,"angle2":33.75,"duration":0,"time":51,"type":"mineHold"},{"time":52,"angle":11.25,"type":"block"},{"time":53,"holdEase":"inOutCirc","angle2":540,"duration":3,"angle":303.75,"type":"hold"},{"time":55.5,"angle":168.75,"type":"block"},{"time":56.375,"angle":202.5,"type":"block"},{"time":57,"holdEase":"inOutQuad","angle2":90,"duration":2,"angle":146.25,"type":"hold"},{"endTap":true,"angle":236.25,"holdEase":"inOutExpo","angle2":157.5,"duration":1,"time":60,"type":"hold"},{"time":54,"angle":45,"type":"block"},{"time":55,"angle":56.25,"type":"block"},{"time":58,"angle":157.5,"type":"block"},{"time":53,"angle":247.5,"type":"mine"},{"time":54.5,"angle":0,"type":"mine"},{"time":56,"angle":90,"type":"mine"},{"time":56.25,"angle":101.25,"type":"mine"},{"time":59,"holdEase":"inQuad","angle2":236.25,"duration":1,"angle":90,"type":"hold"},{"tap":true,"time":62.5,"angle":146.25,"type":"block"},{"time":64.25,"angle":180,"type":"block"},{"tap":true,"time":64,"angle":202.5,"type":"block"},{"time":61,"angle":202.5,"type":"mine"},{"time":62,"angle":180,"type":"mine"},{"time":61.5,"angle":191.25,"type":"mine"},{"time":63,"angle":247.5,"type":"mine"},{"time":63.5,"angle":135,"type":"mine"},{"time":64,"angle":270,"type":"mine"},{"time":64.5,"angle":45,"type":"mine"},{"time":66,"holdEase":"outSine","angle2":371.25,"duration":1,"angle":135,"type":"mineHold"},{"time":68,"holdEase":"outSine","angle2":112.5,"duration":1,"angle":326.25,"type":"mineHold"},{"endTap":true,"angle":90,"holdEase":"inSine","angle2":0,"duration":4,"time":65,"type":"hold"},{"time":66,"angle":67.5,"type":"block"},{"time":67,"angle":101.25,"type":"block"},{"time":68,"angle":0,"type":"block"},{"tap":true,"time":70.5,"angle":33.75,"type":"block"},{"tap":true,"time":72,"angle":303.75,"type":"block"},{"time":72.25,"angle":281.25,"type":"block"},{"time":69,"holdEase":"inSine","angle2":225,"duration":2,"angle":112.5,"type":"mineHold"},{"angle":225,"angle2":258.75,"duration":2,"time":71,"type":"mineHold"},{"time":74,"angle":258.75,"type":"mine"},{"time":75,"angle":213.75,"type":"mine"},{"time":76,"angle":146.25,"type":"mine"},{"angle":337.5,"angle2":348.75,"duration":1,"time":57,"type":"mineHold"},{"time":59,"angle":270,"type":"mine"},{"time":60,"angle":292.5,"type":"mine"},{"endTap":true,"angle":337.5,"angle2":450,"duration":4,"time":73,"type":"hold"},{"tap":true,"time":78.5,"angle":180,"type":"block"},{"tap":true,"time":80,"angle":270,"type":"block"},{"time":80.25,"angle":292.5,"type":"block"},{"time":74,"angle":326.25,"type":"block"},{"time":75,"angle":56.25,"type":"block"},{"time":76,"angle":90,"type":"block"},{"time":78,"angle":33.75,"type":"mine"},{"time":77.5,"angle":292.5,"type":"mine"},{"time":77,"angle":157.5,"type":"mine"},{"time":79,"angle":112.5,"type":"mine"},{"time":79.5,"angle":348.75,"type":"mine"},{"time":80,"angle":45,"type":"mine"},{"time":80.5,"angle":135,"type":"mine"},{"time":81,"holdEase":"inOutQuad","angle2":360,"duration":2,"angle":281.25,"type":"hold"},{"time":83,"holdEase":"inSine","angle2":-33.75,"duration":1,"angle":0,"type":"hold"},{"time":85,"holdEase":"inQuad","angle2":180,"duration":3,"angle":56.25,"type":"hold"},{"angle":157.5,"angle2":180,"duration":0.625,"time":87.375,"type":"hold"},{"time":89,"holdEase":"inOutSine","angle2":157.5,"duration":4,"angle":360,"type":"hold"},{"time":82,"angle":292.5,"type":"block"},{"time":86,"angle":101.25,"type":"block"},{"time":87,"angle":78.75,"type":"block"},{"endTap":true,"angle":236.25,"angle2":157.5,"duration":1.5,"time":91.5,"type":"hold"},{"time":90,"angle":281.25,"type":"block"},{"time":85,"angle":11.25,"type":"mine"},{"time":86.5,"angle":135,"type":"mine"},{"time":88.25,"angle":112.5,"type":"mine"},{"time":88,"angle":101.25,"type":"mine"},{"tap":true,"angle":90,"time":94.5,"type":"block"},{"tap":true,"time":96,"angle":180,"type":"block"},{"time":96.25,"angle":157.5,"type":"block"},{"time":92,"angle":202.5,"type":"block"},{"time":91,"angle":213.75,"type":"block"},{"angle":123.75,"time":93.5,"type":"inverse"},{"angle":112.5,"time":93.75,"type":"inverse"},{"angle":123.75,"time":94.125,"type":"inverse"},{"angle":135,"time":95.125,"type":"inverse"},{"angle":123.75,"time":94.875,"type":"inverse"},{"angle":157.5,"time":95.625,"type":"inverse"},{"angle":168.75,"time":96.125,"type":"inverse"},{"angle":180,"time":96.5,"type":"inverse"},{"angle":168.75,"time":96.75,"type":"inverse"},{"angle":202.5,"time":93,"type":"mine"},{"angle":225,"time":93.5,"type":"mine"},{"angle":236.25,"time":94,"type":"mine"},{"angle":292.5,"time":95,"type":"mine"},{"angle":270,"time":95.5,"type":"mine"},{"angle":258.75,"time":96,"type":"mine"},{"angle":292.5,"time":96.5,"type":"mine"},{"angle":180,"angle2":236.25,"duration":2,"time":97,"type":"hold"},{"angle":191.25,"time":98,"type":"block"},{"endTap":true,"angle":270,"angle2":213.75,"duration":1,"time":100,"type":"hold"},{"tap":true,"time":102.5,"angle":146.25,"type":"block"},{"tap":true,"time":104,"angle":202.5,"type":"block"},{"angle":191.25,"time":104.25,"type":"block"},{"endTap":true,"angle":337.5,"angle2":405,"duration":4,"time":105,"type":"hold"},{"time":101,"angle2":225,"duration":1.5,"angle":303.75,"type":"mineHold"},{"angle":270,"time":103,"type":"mine"},{"angle":101.25,"time":104,"type":"mine"},{"angle":281.25,"time":103.5,"type":"mine"},{"angle":45,"time":104.625,"type":"mine"},{"time":105,"angle2":33.75,"duration":1,"angle":22.5,"type":"mineHold"},{"angle":337.5,"time":106,"type":"block"},{"tap":true,"time":110.5,"angle":337.5,"type":"block"},{"tap":true,"time":112,"angle":78.75,"type":"block"},{"angle":135,"time":109.5,"type":"mine"},{"angle":281.25,"time":110,"type":"mine"},{"angle":303.75,"time":109,"type":"mine"},{"angle":202.5,"time":108,"type":"mine"},{"angle":213.75,"time":111,"type":"mine"},{"angle":247.5,"time":111.5,"type":"mine"},{"angle":135,"time":112,"type":"mine"},{"angle":225,"time":112.5,"type":"mine"},{"angle":191.25,"time":113,"type":"mine"},{"angle":90,"time":112.25,"type":"block"},{"angle":33.75,"time":107,"type":"block"},{"angle":0,"time":108,"type":"block"},{"tap":true,"time":113,"angle":292.5,"type":"block"},{"time":114,"angle":180,"type":"block"},{"time":115,"angle":-168.75,"type":"block"},{"time":116,"angle":-157.5,"type":"block"},{"angle":-146.25,"time":117,"type":"block"},{"time":118,"angle":-135,"type":"block"},{"time":119,"angle":-123.75,"type":"block"},{"time":120,"angle":-112.5,"type":"block"},{"time":121,"angle":-101.25,"type":"block"},{"time":122,"angle":-90,"type":"block"},{"time":123,"angle":-78.75,"type":"block"},{"time":124,"angle":-67.5,"type":"block"},{"time":125,"angle":-56.25,"type":"block"},{"time":126,"angle":-45,"type":"block"},{"time":127,"angle":-33.75,"type":"block"},{"tap":true,"time":128,"angle":-22.5,"type":"block"},{"time":127.5,"angle":-45,"type":"inverse"},{"time":127.75,"angle":-33.75,"type":"inverse"},{"time":128,"angle":-22.5,"type":"inverse"},{"angle":0,"angle2":22.5,"duration":1.375,"time":129,"type":"hold"},{"time":129.75,"angle":11.25,"type":"block"},{"time":133.75,"angle":67.5,"type":"block"},{"angle":56.25,"angle2":78.75,"duration":1.375,"time":133,"type":"hold"},{"time":132,"angle":90,"type":"side"},{"time":136,"angle":146.25,"type":"side"},{"angle":-180,"angle2":-157.5,"duration":1.375,"time":137,"type":"hold"},{"time":137.625,"angle":-168.75,"type":"block"},{"time":140,"angle":-90,"type":"side"},{"angle":-56.25,"angle2":-33.75,"duration":1.375,"time":141,"type":"hold"},{"time":141.75,"angle":-45,"type":"block"},{"tap":true,"time":144,"angle":-33.75,"type":"block"},{"time":143.75,"angle":-45,"type":"inverse"},{"time":143.5,"angle":-56.25,"type":"inverse"},{"time":144,"angle":-33.75,"type":"inverse"},{"endTap":true,"angle":-33.75,"angle2":180,"duration":4,"time":145,"type":"hold"},{"endTap":true,"time":149,"angle2":-225,"duration":1.5,"angle":-180,"type":"hold"},{"time":146,"angle":0,"type":"block"},{"time":147,"angle":112.5,"type":"block"},{"time":148,"angle":90,"type":"block"},{"time":145,"angle":146.25,"type":"mine"},{"time":145.75,"angle":157.5,"type":"mine"},{"time":146.5,"angle":-180,"type":"mine"},{"time":147.5,"angle":-146.25,"type":"mine"},{"time":148,"angle":-101.25,"type":"mine"},{"time":148.5,"angle":-135,"type":"mine"},{"time":149,"angle":-157.5,"type":"block"},{"tap":true,"time":152,"angle":135,"type":"block"},{"time":152.20833206177,"angle":135,"type":"block"},{"angle":112.5,"angle2":-90,"duration":4,"time":153,"type":"hold"},{"time":149,"angle":90,"type":"mine"},{"time":149.75,"angle":67.5,"type":"mine"},{"time":150.5,"angle":90,"type":"mine"},{"time":151.375,"angle":45,"type":"mine"},{"time":152,"angle":78.75,"type":"mine"},{"time":152.5,"angle":56.25,"type":"mine"},{"time":150,"angle":135,"type":"block"},{"time":153,"angle":90,"type":"block"},{"time":154,"angle":90,"type":"block"},{"time":155,"angle":-11.25,"type":"block"},{"time":156,"angle":-11.25,"type":"block"},{"time":157.25,"angle":-78.75,"type":"block"},{"time":158.625,"angle":-123.75,"type":"block"},{"tap":true,"time":160,"angle":-135,"type":"block"},{"time":153,"angle":157.5,"type":"mine"},{"time":153.75,"angle":146.25,"type":"mine"},{"time":154.5,"angle":168.75,"type":"mine"},{"time":155.375,"angle":180,"type":"mine"},{"time":156,"angle":157.5,"type":"mine"},{"time":156.5,"angle":168.75,"type":"mine"},{"time":156,"angle":157.5,"type":"mine"},{"angle":-146.25,"angle2":-393.75,"duration":0,"time":157,"type":"mineHold"},{"angle":-180,"angle2":-427.5,"duration":0,"time":158.625,"type":"mineHold"},{"angle":-146.25,"angle2":-483.75,"duration":0,"time":160,"type":"mineHold"},{"time":160.25,"angle":-135,"type":"block"},{"endTap":true,"angle":90,"angle2":-213.75,"duration":2,"time":161,"type":"hold"},{"angle":146.25,"angle2":382.5,"duration":0,"time":161,"type":"mineHold"},{"angle":90,"angle2":292.5,"duration":0,"time":161.5,"type":"mineHold"},{"angle":11.25,"angle2":213.75,"duration":0,"time":162,"type":"mineHold"},{"angle":-78.75,"angle2":157.5,"duration":0,"time":162.5,"type":"mineHold"},{"angle":101.25,"angle2":-146.25,"duration":0,"time":163,"type":"mineHold"},{"time":164,"angle":-168.75,"type":"block"},{"time":165,"holdEase":"inOutCirc","angle2":360,"duration":3,"angle":123.75,"type":"hold"},{"time":167.5,"angle":-11.25,"type":"block"},{"time":168.375,"angle":22.5,"type":"block"},{"time":169,"holdEase":"inOutQuad","angle2":-90,"duration":2,"angle":-33.75,"type":"hold"},{"endTap":true,"angle":56.25,"holdEase":"inOutExpo","angle2":-22.5,"duration":1,"time":172,"type":"hold"},{"time":166,"angle":-135,"type":"block"},{"time":167,"angle":-123.75,"type":"block"},{"time":170,"angle":-22.5,"type":"block"},{"time":165,"angle":67.5,"type":"mine"},{"time":166.5,"angle":-180,"type":"mine"},{"time":168,"angle":-90,"type":"mine"},{"time":168.25,"angle":-78.75,"type":"mine"},{"time":171,"holdEase":"inQuad","angle2":56.25,"duration":1,"angle":-90,"type":"hold"},{"tap":true,"time":174.5,"angle":-33.75,"type":"block"},{"time":176.25,"angle":0,"type":"block"},{"tap":true,"time":176,"angle":22.5,"type":"block"},{"time":173,"angle":22.5,"type":"mine"},{"time":174,"angle":0,"type":"mine"},{"time":173.5,"angle":11.25,"type":"mine"},{"time":175,"angle":67.5,"type":"mine"},{"time":175.5,"angle":-45,"type":"mine"},{"time":176,"angle":90,"type":"mine"},{"time":176.5,"angle":-135,"type":"mine"},{"time":178,"holdEase":"outSine","angle2":191.25,"duration":1,"angle":-45,"type":"mineHold"},{"time":180,"holdEase":"outSine","angle2":-67.5,"duration":1,"angle":146.25,"type":"mineHold"},{"endTap":true,"angle":-90,"holdEase":"inSine","angle2":-180,"duration":4,"time":177,"type":"hold"},{"time":178,"angle":-112.5,"type":"block"},{"time":179,"angle":-78.75,"type":"block"},{"time":180,"angle":-180,"type":"block"},{"tap":true,"time":182.5,"angle":-146.25,"type":"block"},{"tap":true,"time":184,"angle":123.75,"type":"block"},{"time":184.25,"angle":101.25,"type":"block"},{"time":181,"holdEase":"inSine","angle2":45,"duration":2,"angle":-67.5,"type":"mineHold"},{"angle":45,"angle2":78.75,"duration":2,"time":183,"type":"mineHold"},{"time":186,"angle":78.75,"type":"mine"},{"time":187,"angle":33.75,"type":"mine"},{"time":188,"angle":-33.75,"type":"mine"},{"angle":157.5,"angle2":168.75,"duration":1,"time":169,"type":"mineHold"},{"time":171,"angle":90,"type":"mine"},{"time":172,"angle":112.5,"type":"mine"},{"endTap":true,"angle":157.5,"angle2":270,"duration":4,"time":185,"type":"hold"},{"tap":true,"time":190.5,"angle":0,"type":"block"},{"tap":true,"time":192,"angle":90,"type":"block"},{"time":192.25,"angle":112.5,"type":"block"},{"time":186,"angle":146.25,"type":"block"},{"time":187,"angle":-123.75,"type":"block"},{"time":188,"angle":-90,"type":"block"},{"time":190,"angle":-146.25,"type":"mine"},{"time":189.5,"angle":112.5,"type":"mine"},{"time":189,"angle":-22.5,"type":"mine"},{"time":191,"angle":-67.5,"type":"mine"},{"time":191.5,"angle":168.75,"type":"mine"},{"time":192,"angle":-135,"type":"mine"},{"time":192.5,"angle":-45,"type":"mine"},{"time":193,"holdEase":"inOutQuad","angle2":180,"duration":2,"angle":101.25,"type":"hold"},{"time":195,"holdEase":"inSine","angle2":-213.75,"duration":1,"angle":-180,"type":"hold"},{"time":197,"holdEase":"inQuad","angle2":0,"duration":3,"angle":-123.75,"type":"hold"},{"angle":-22.5,"angle2":0,"duration":0.625,"time":199.375,"type":"hold"},{"time":201,"holdEase":"inOutSine","angle2":-22.5,"duration":4,"angle":180,"type":"hold"},{"time":194,"angle":112.5,"type":"block"},{"time":198,"angle":-78.75,"type":"block"},{"time":199,"angle":-101.25,"type":"block"},{"endTap":true,"angle":56.25,"angle2":-22.5,"duration":1.5,"time":203.5,"type":"hold"},{"time":202,"angle":101.25,"type":"block"},{"time":197,"angle":-168.75,"type":"mine"},{"time":198.5,"angle":-45,"type":"mine"},{"time":200.25,"angle":-67.5,"type":"mine"},{"time":200,"angle":-78.75,"type":"mine"},{"tap":true,"angle":-90,"time":206.5,"type":"block"},{"tap":true,"time":208,"angle":0,"type":"block"},{"time":208.25,"angle":-22.5,"type":"block"},{"time":204,"angle":22.5,"type":"block"},{"time":203,"angle":33.75,"type":"block"},{"angle":-56.25,"time":205.5,"type":"inverse"},{"angle":-67.5,"time":205.75,"type":"inverse"},{"angle":-56.25,"time":206.125,"type":"inverse"},{"angle":-45,"time":207.125,"type":"inverse"},{"angle":-56.25,"time":206.875,"type":"inverse"},{"angle":-22.5,"time":207.625,"type":"inverse"},{"angle":-11.25,"time":208.125,"type":"inverse"},{"angle":0,"time":208.5,"type":"inverse"},{"angle":-11.25,"time":208.75,"type":"inverse"},{"time":205,"angle":22.5,"type":"mine"},{"time":205.5,"angle":45,"type":"mine"},{"time":206,"angle":56.25,"type":"mine"},{"time":207,"angle":112.5,"type":"mine"},{"time":207.5,"angle":90,"type":"mine"},{"time":208,"angle":78.75,"type":"mine"},{"time":208.5,"angle":112.5,"type":"mine"},{"angle":0,"angle2":56.25,"duration":2,"time":209,"type":"hold"},{"angle":11.25,"time":210,"type":"block"},{"endTap":true,"time":212,"angle2":33.75,"duration":1,"angle":90,"type":"hold"},{"tap":true,"time":214.5,"angle":-33.75,"type":"block"},{"tap":true,"time":216,"angle":22.5,"type":"block"},{"angle":11.25,"time":216.25,"type":"block"},{"endTap":true,"time":217,"angle2":225,"duration":4,"angle":157.5,"type":"hold"},{"time":213,"angle2":45,"duration":1.5,"angle":123.75,"type":"mineHold"},{"time":215,"angle":90,"type":"mine"},{"time":216,"angle":-78.75,"type":"mine"},{"time":215.5,"angle":101.25,"type":"mine"},{"time":216.625,"angle":-135,"type":"mine"},{"angle":-157.5,"angle2":-146.25,"duration":1,"time":217,"type":"mineHold"},{"angle":157.5,"time":218,"type":"block"},{"tap":true,"time":222.5,"angle":157.5,"type":"block"},{"tap":true,"time":224,"angle":-101.25,"type":"block"},{"time":221.5,"angle":-45,"type":"mine"},{"time":222,"angle":101.25,"type":"mine"},{"time":221,"angle":123.75,"type":"mine"},{"time":220,"angle":22.5,"type":"mine"},{"time":223,"angle":33.75,"type":"mine"},{"time":223.5,"angle":67.5,"type":"mine"},{"time":224,"angle":-45,"type":"mine"},{"time":224.5,"angle":45,"type":"mine"},{"time":225,"angle":11.25,"type":"mine"},{"angle":-90,"time":224.25,"type":"block"},{"angle":-146.25,"time":219,"type":"block"},{"angle":-180,"time":220,"type":"block"},{"tap":true,"time":225,"angle":112.5,"type":"block"},{"time":226,"angle":360,"type":"block"},{"time":227,"angle":11.25,"type":"block"},{"time":228,"angle":22.5,"type":"block"},{"time":229,"angle":33.75,"type":"block"},{"time":230,"angle":45,"type":"block"},{"time":231,"angle":56.25,"type":"block"},{"time":232,"angle":67.5,"type":"block"},{"time":233,"angle":78.75,"type":"block"},{"time":234,"angle":90,"type":"block"},{"time":235,"angle":101.25,"type":"block"},{"time":236,"angle":112.5,"type":"block"},{"time":237,"angle":123.75,"type":"block"},{"time":238,"angle":135,"type":"block"},{"time":239,"angle":146.25,"type":"block"},{"tap":true,"time":240,"angle":157.5,"type":"block"},{"time":239.5,"angle":135,"type":"inverse"},{"time":239.75,"angle":146.25,"type":"inverse"},{"time":240,"angle":157.5,"type":"inverse"},{"angle":180,"angle2":202.5,"duration":1.375,"time":241,"type":"hold"},{"time":241.75,"angle":191.25,"type":"block"},{"time":245.75,"angle":247.5,"type":"block"},{"angle":236.25,"angle2":258.75,"duration":1.375,"time":245,"type":"hold"},{"time":244,"angle":270,"type":"side"},{"time":248,"angle":326.25,"type":"side"},{"angle":0,"angle2":22.5,"duration":1.375,"time":249,"type":"hold"},{"time":249.625,"angle":11.25,"type":"block"},{"time":252,"angle":90,"type":"side"},{"angle":123.75,"angle2":146.25,"duration":1.375,"time":253,"type":"hold"},{"time":253.75,"angle":135,"type":"block"},{"tap":true,"time":256,"angle":146.25,"type":"block"},{"time":255.75,"angle":135,"type":"inverse"},{"time":255.5,"angle":123.75,"type":"inverse"},{"time":256,"angle":146.25,"type":"inverse"},{"endTap":true,"angle":146.25,"angle2":360,"duration":4,"time":257,"type":"hold"},{"angle":0,"angle2":-45,"duration":1.5,"time":261,"type":"hold"},{"time":258,"angle":180,"type":"block"},{"time":259,"angle":292.5,"type":"block"},{"time":260,"angle":270,"type":"block"},{"time":261,"angle":22.5,"type":"block"},{"tap":true,"time":264,"angle":315,"type":"block"},{"time":264.20833206177,"angle":315,"type":"block"},{"angle":292.5,"angle2":90,"duration":4,"time":265,"type":"hold"},{"time":262,"angle":315,"type":"block"},{"time":265,"angle":270,"type":"block"},{"time":266,"angle":270,"type":"block"},{"time":267,"angle":168.75,"type":"block"},{"time":268,"angle":168.75,"type":"block"},{"time":269.25,"angle":101.25,"type":"block"},{"time":270.625,"angle":56.25,"type":"block"},{"tap":true,"time":272,"angle":45,"type":"block"}]