{"events":[{"volume":1,"file":"Deep-Sea-Bass.ogg","bpm":126,"angle":0,"time":1,"type":"play"},{"time":270,"angle":360,"type":"showResults"},{"newWidth":10,"time":47,"paddle":1,"ease":"inSine","duration":0.875,"angle":45,"type":"paddles"},{"value":2,"angle":45,"ease":"inSine","var":"vfx.canvPos.sy","duration":1.375,"time":46.625,"type":"ease"},{"value":2,"angle":45,"ease":"inSine","var":"vfx.canvPos.sx","duration":1.375,"time":46.625,"type":"ease"},{"newWidth":70,"time":48.375,"paddle":1,"ease":"outSine","duration":0.25,"angle":45,"type":"paddles"},{"value":0.99999934434891,"angle":56.25,"ease":"inOutSine","var":"vfx.canvPos.sx","duration":0.5,"time":48.375,"type":"ease"},{"value":0.99999934434891,"angle":67.5,"ease":"inOutSine","var":"vfx.canvPos.sy","duration":0.5,"time":48.375,"type":"ease"},{"r":0,"ease":"inSine","angle":0,"color":0,"time":0,"b":83,"g":0,"type":"setColor"},{"sprite":"bg.png","time":0,"x":0,"y":0,"id":"","drawLayer":"bg","angle":0,"type":"deco"},{"color":1,"time":0,"r":0,"angle":360,"b":187,"g":0,"type":"setColor"},{"color":3,"time":0,"r":1,"angle":360,"b":15,"g":0,"type":"setColor"},{"newWidth":10,"time":159,"paddle":1,"ease":"inSine","duration":0.875,"angle":-135,"type":"paddles"},{"value":2,"angle":-135,"ease":"inSine","var":"vfx.canvPos.sy","duration":1.375,"time":158.625,"type":"ease"},{"value":2,"angle":-135,"ease":"inSine","var":"vfx.canvPos.sx","duration":1.375,"time":158.625,"type":"ease"},{"newWidth":70,"time":160.375,"paddle":1,"ease":"outSine","duration":0.25,"angle":-135,"type":"paddles"},{"value":0.99999934434891,"angle":-123.75,"ease":"inOutSine","var":"vfx.canvPos.sx","duration":0.5,"time":160.375,"type":"ease"},{"value":0.99999934434891,"angle":-112.5,"ease":"inOutSine","var":"vfx.canvPos.sy","duration":0.5,"time":160.375,"type":"ease"}],"properties":{"formatversion":12,"offset":8,"speed":70,"startBeat":0,"loadBeat":0},"metadata":{"songName":"Deep Sea Bass","description":"2:10\n\nI've never made a level before, and I'm not very good, so it's a little easy, but I tried my best.\n\nMechanics used: Inverse Block, Mine, Side","difficulty":0,"artistLink":"https://www.youtube.com/@dannybstyle","artist":"Danny Baranowsky","charter":"Hazy Skyscraper","bgData":{"image":"bg.png","redChannel":{"b":0,"g":0,"r":255},"blueChannel":{"b":255,"g":0,"r":0}},"bg":true}}