[{"angle":180,"type":"block","time":0.5},{"angle":157.5,"type":"side","time":1},{"angle":202.5,"type":"mine","time":1},{"angle":157.5,"type":"inverse","time":1},{"angle":180,"type":"extraTap","time":1},{"angle":180,"type":"block","time":0.33333334326744},{"angle":180,"type":"block","time":0.66666668653488},{"angle":225,"type":"block","time":2},{"angle":202.5,"type":"block","time":2},{"type":"block","tap":true,"angle":210,"time":2},{"type":"block","tap":true,"angle":240,"time":2},{"angle":247.5,"type":"side","time":3},{"angle":213.75,"type":"side","time":3.25},{"angle":236.25,"type":"side","time":3.75},{"angle":258.75,"type":"side","time":4.25},{"angle":202.5,"type":"block","time":5},{"angle":178.32189941406,"type":"block","time":5.4671244621277},{"angle":180,"type":"block","time":6},{"angle":202.5,"type":"block","time":7},{"type":"block","tap":true,"angle":180,"time":6.5},{"angle":168.75,"type":"block","time":6.75},{"angle":180,"type":"block","time":7.3333334922791},{"angle":168.75,"type":"block","time":7},{"angle":191.25,"type":"block","time":7},{"angle":191.25,"type":"block","time":7.5},{"angle":180,"type":"block","time":7},{"angle":180,"type":"extraTap","time":8},{"type":"mineHold","angle2":22.5,"angle":157.5,"duration":1,"time":8},{"type":"mineHold","angle2":22.5,"angle":360,"duration":1,"time":8},{"angle":180,"type":"block","time":9.5},{"angle":202.5,"type":"extraTap","time":9.5},{"angle":202.5,"type":"extraTap","time":10},{"angle":202.5,"type":"block","time":11},{"angle":202.5,"type":"block","time":11.5},{"angle":180,"type":"block","time":11.75},{"type":"hold","angle2":180,"angle":180,"duration":0.25,"time":11.75},{"angle":191.25,"type":"block","time":12.75},{"angle":157.5,"type":"side","time":13},{"type":"hold","angle2":135,"angle":180,"duration":0.5,"time":13.5},{"type":"hold","angle2":123.75,"angle":135,"duration":1,"time":14},{"type":"hold","angle2":112.5,"angle":135,"duration":1,"time":14},{"angle":179.45468139648,"type":"block","time":16},{"angle":175.03884887695,"type":"block","time":16.625},{"angle":188.14451599121,"type":"block","time":17.25},{"angle":191.23100280762,"type":"block","time":19.417156219482},{"angle":188.45036315918,"type":"block","time":19.780937194824},{"angle":174.93876647949,"type":"block","time":20.09370803833},{"angle":182.79681396484,"type":"block","time":20.440286636353},{"angle":169.20266723633,"type":"block","time":20.782838821411},{"angle":145.81927490234,"type":"side","time":21.005084991455},{"angle":185.81848144531,"type":"extraTap","time":21.646186828613},{"angle":194.19134521484,"type":"inverse","time":21.684148788452},{"angle":193.1146697998,"type":"inverse","time":21.903751373291},{"angle":189.1781463623,"type":"inverse","time":21.851373672485},{"angle":191.15270996094,"type":"inverse","time":21.613910675049},{"angle":198.21208190918,"type":"inverse","time":21.815528869629},{"angle":199.759765625,"type":"inverse","time":21.609975814819},{"type":"side","tap":true,"angle":162.81640625,"time":22.189035415649},{"angle":211.66529846191,"type":"block","time":23.009056091309},{"angle":159.44395446777,"type":"side","time":23.455503463745},{"type":"hold","angle2":140.97213745117,"angle":142.42210388184,"duration":1,"time":23.86724281311},{"angle":147.4910736084,"type":"inverse","time":25.168355941772},{"angle":134.84159851074,"type":"inverse","time":25.837997436523},{"angle":158.60687255859,"type":"inverse","time":26.280555725098},{"angle":125.95088195801,"type":"inverse","time":26.523546218872},{"angle":154.03955078125,"type":"inverse","time":26.836158752441},{"angle":146.49058532715,"type":"inverse","time":27.57785987854},{"angle":151.9132232666,"type":"inverse","time":29.203149795532},{"angle":132.64501953125,"type":"inverse","time":28.826654434204},{"angle":221.47984313965,"type":"mine","time":8.5185537338257},{"angle":203.33840942383,"type":"mine","time":8.7127847671509},{"angle":233.16137695313,"type":"mine","time":10.356436729431},{"angle":210.73199462891,"type":"mine","time":10.422834396362},{"angle":131.16027832031,"type":"mine","time":15.667585372925},{"angle":131.52992248535,"type":"mine","time":16.05365562439},{"type":"hold","angle2":175.22932434082,"angle":158.52320861816,"duration":1,"time":17.575042724609},{"angle":171.48167419434,"type":"block","time":32.184070587158},{"angle":173.3161315918,"type":"block","time":32.444297790527},{"angle":176.2328338623,"type":"block","time":32.797225952148},{"angle":177.70463562012,"type":"side","time":33.376705169678},{"angle":193.64259338379,"type":"block","time":33.849811553955},{"angle":177.13758850098,"type":"mine","time":32.988857269287},{"angle":230.49598693848,"type":"block","time":35.306751251221},{"angle":229.95617675781,"type":"block","time":34.751533508301},{"angle":210.09187316895,"type":"block","time":35.682415008545},{"angle":219.19967651367,"type":"block","time":36.29076385498},{"angle":181.26864624023,"type":"block","time":36.584300994873},{"angle":194.79319763184,"type":"block","time":36.262775421143},{"angle":184.53890991211,"type":"block","time":37.492210388184},{"angle":194.20074462891,"type":"block","time":38.218311309814},{"angle":167.11528015137,"type":"block","time":38.749996185303},{"type":"hold","angle2":179.29481506348,"angle":181.43731689453,"duration":1,"time":39.051029205322},{"angle":180.19047546387,"type":"inverse","time":40.27893447876},{"angle":170.04066467285,"type":"inverse","time":40.459022521973},{"angle":179.85676574707,"type":"inverse","time":40.721790313721},{"angle":181.38592529297,"type":"inverse","time":41.15100479126},{"angle":190.798828125,"type":"inverse","time":41.461750030518},{"angle":166.36848449707,"type":"inverse","time":42.061256408691},{"angle":184.93518066406,"type":"inverse","time":42.687488555908},{"angle":177.67027282715,"type":"inverse","time":43.341300964355},{"angle":166.50668334961,"type":"extraTap","time":43.172122955322},{"angle":209.20057678223,"type":"block","time":46.531311035156},{"angle":203.78486633301,"type":"block","time":46.986480712891},{"angle":230.06625366211,"type":"side","time":47.30248260498},{"type":"hold","angle2":241.30914306641,"angle":259.87149047852,"duration":0.89999997615814,"time":47.791053771973},{"angle":236.16566467285,"type":"block","time":49.509521484375},{"angle":236.14996337891,"type":"mine","time":49.945114135742},{"angle":203.1247253418,"type":"mine","time":49.981002807617},{"angle":257.95742797852,"type":"mine","time":50.16930770874},{"angle":239.84736633301,"type":"block","time":51.282905578613},{"angle":265.54800415039,"type":"block","time":52.023590087891},{"angle":241.01332092285,"type":"block","time":52.158309936523},{"type":"hold","angle2":238.03999328613,"angle":238.03999328613,"duration":0.99000000953674,"time":52.693138122559},{"angle":241.00860595703,"type":"block","time":54.761817932129},{"type":"mineHold","angle2":260.57897949219,"angle":212.0601348877,"duration":0,"time":55.296253204346},{"type":"side","tap":true,"angle":232.84564208984,"time":55.738903045654},{"angle":278.49035644531,"type":"block","time":56.245307922363},{"type":"hold","angle2":315.94635009766,"angle":291.70303344727,"duration":0.40000000596046,"time":57.046825408936},{"angle":284.6005859375,"type":"block","time":56.662704467773},{"angle":330.01837158203,"type":"block","time":57.715438842773},{"type":"mineHold","angle2":317.00424194336,"angle":11.589422225952,"duration":1,"time":57.698661804199},{"angle":322.45367431641,"type":"extraTap","time":58.71849822998},{"angle":202.21235656738,"type":"block","time":62.143482208252},{"angle":228.7604675293,"type":"side","time":62.500751495361},{"type":"mineHold","angle2":275.75415039063,"angle":2.4079520702362,"duration":1,"time":62.840702056885},{"type":"mineHold","angle2":264.99862670898,"angle":84.248832702637,"duration":0,"time":63.516857147217},{"type":"hold","angle2":289.80319213867,"angle":297.24584960938,"duration":0.69999998807907,"time":64.183975219727},{"angle":287.85144042969,"type":"block","time":65.304550170898},{"angle":281.06726074219,"type":"extraTap","time":64.974769592285},{"angle":261.12786865234,"type":"side","time":65.921928405762},{"angle":295.63571166992,"type":"side","time":66.206512451172},{"angle":260.85510253906,"type":"side","time":67.09008026123},{"type":"hold","angle2":283.29553222656,"angle":312.263671875,"duration":1,"time":67.360847473145},{"angle":279.80456542969,"type":"block","time":70.483757019043},{"angle":294.64288330078,"type":"block","time":71.077522277832},{"angle":268.07202148438,"type":"block","time":71.937477111816},{"angle":300.17337036133,"type":"side","time":72.022407531738},{"angle":273.13635253906,"type":"extraTap","time":70.978332519531},{"angle":280.673828125,"type":"extraTap","time":72.012390136719},{"angle":324.49914550781,"type":"mine","time":71.556259155273},{"angle":243.53689575195,"type":"mine","time":71.47142791748},{"type":"mineHold","angle2":233.21124267578,"angle":328.07086181641,"duration":1,"time":72.44605255127},{"angle":142.79724121094,"type":"mine","time":27.915550231934},{"angle":145.42001342773,"type":"mine","time":26.600931167603},{"angle":185.38642883301,"type":"mine","time":42.12748336792},{"angle":192.77391052246,"type":"block","time":77.616096496582},{"angle":219.19177246094,"type":"block","time":78.896591186523},{"angle":162.20532226563,"type":"block","time":79.70108795166},{"angle":189.41619873047,"type":"side","time":78.206092834473},{"angle":199.85809326172,"type":"side","time":79.081848144531},{"angle":188.00473022461,"type":"side","time":80.058517456055},{"angle":208.23277282715,"type":"block","time":80.224647521973},{"angle":210.99526977539,"type":"block","time":80.851852416992},{"angle":212.79295349121,"type":"extraTap","time":81.008888244629},{"type":"hold","angle2":224.85523986816,"angle":229.18965148926,"duration":2,"time":81.023620605469},{"angle":226.40113830566,"type":"inverse","time":83.347351074219},{"type":"hold","angle2":226.02243041992,"angle":226.02243041992,"duration":1,"time":83.712287902832},{"type":"hold","angle2":225.70550537109,"angle":225.70550537109,"duration":1,"time":84.197860717773},{"type":"mineHold","angle2":265.568359375,"angle":138.74618530273,"duration":1,"time":84.926940917969},{"angle":186.19876098633,"type":"block","time":100.58574676514},{"angle":184.61065673828,"type":"block","time":101.1330871582},{"angle":182.89392089844,"type":"block","time":101.7455368042},{"angle":180.27404785156,"type":"block","time":103.00032806396},{"angle":153.89595031738,"type":"side","time":103.58889007568},{"angle":128.80738830566,"type":"mine","time":104.23250579834},{"type":"hold","angle2":119.99356842041,"angle":123.19045257568,"duration":1,"time":104.58487701416},{"angle":129.38510131836,"type":"block","time":106.37673187256},{"type":"mineHold","angle2":317.45706176758,"angle":13.090337753296,"duration":1,"time":107.85286712646},{"angle":185.63594055176,"type":"block","time":106.64265441895},{"angle":205.88151550293,"type":"block","time":107.78803253174},{"angle":156.56300354004,"type":"side","time":107.20497894287},{"angle":177.98652648926,"type":"inverse","time":110.4487991333},{"angle":177.11241149902,"type":"inverse","time":111.11279296875},{"angle":177.33102416992,"type":"inverse","time":108.9771194458},{"angle":178.3656463623,"type":"inverse","time":109.2099609375},{"angle":176.09950256348,"type":"inverse","time":109.9518661499},{"angle":178.75102233887,"type":"inverse","time":111.97445678711},{"angle":180,"type":"inverse","time":112.56915283203},{"angle":180.36375427246,"type":"inverse","time":112.83110046387},{"angle":177.49676513672,"type":"inverse","time":113.52271270752},{"angle":178.49304199219,"type":"inverse","time":114.12160491943},{"angle":178.38575744629,"type":"inverse","time":114.6314239502},{"type":"mineHold","angle2":287.44833374023,"angle":3.4933722019196,"duration":1,"time":111.15145874023},{"angle":184.87138366699,"type":"block","time":115.86633300781},{"angle":183.59037780762,"type":"block","time":116.25106811523},{"type":"hold","angle2":182.45246887207,"angle":182.45246887207,"duration":0.89999997615814,"time":116.58310699463},{"angle":183.14331054688,"type":"block","time":118.32117462158},{"angle":174.46061706543,"type":"block","time":118.56879425049},{"angle":175.28503417969,"type":"block","time":119.04399871826},{"angle":180.42294311523,"type":"block","time":119.22901153564},{"angle":170.70004272461,"type":"block","time":120.30486297607},{"type":"hold","angle2":178.66571044922,"angle":171.0361328125,"duration":0.89999997615814,"time":120.71841430664},{"angle":182.55615234375,"type":"block","time":121.96969604492},{"angle":177.45393371582,"type":"block","time":122.37484741211},{"angle":175.65310668945,"type":"block","time":122.83325958252},{"type":"hold","angle2":180.22663879395,"angle":175.40574645996,"duration":1,"time":123.07272338867},{"type":"mineHold","angle2":294.72875976563,"angle":48.81343460083,"duration":1,"time":124.37227630615},{"angle":180.50672912598,"type":"inverse","time":124.4342880249},{"angle":173.95791625977,"type":"inverse","time":124.72495269775},{"angle":188.81494140625,"type":"inverse","time":125.11609649658},{"angle":184.6808013916,"type":"inverse","time":125.87921142578},{"angle":183.39569091797,"type":"inverse","time":126.99176025391},{"angle":174.89782714844,"type":"inverse","time":127.1801071167},{"angle":182.71458435059,"type":"inverse","time":127.74789428711},{"angle":179.12901306152,"type":"inverse","time":128.15425109863},{"angle":180.80166625977,"type":"inverse","time":128.86859130859},{"angle":179.31866455078,"type":"inverse","time":129.52574157715},{"angle":176.50338745117,"type":"inverse","time":129.83511352539},{"angle":264.21545410156,"type":"extraTap","time":131.93127441406},{"angle":267.37634277344,"type":"extraTap","time":133.0005645752},{"angle":266.06634521484,"type":"extraTap","time":133.97406005859},{"angle":266.83480834961,"type":"extraTap","time":135.00898742676},{"angle":246.46420288086,"type":"block","time":132.29672241211},{"angle":289.3264465332,"type":"block","time":133.55973815918},{"angle":251.76750183105,"type":"block","time":134.32424926758},{"angle":260.7878112793,"type":"block","time":130.89215087891},{"angle":260.14468383789,"type":"block","time":131.50984191895},{"angle":270.86376953125,"type":"extraTap","time":135.95483398438},{"angle":270,"type":"extraTap","time":136.97239685059},{"type":"hold","angle2":0,"angle":358.99041748047,"duration":0,"time":138.85591125488},{"angle":359.2326965332,"type":"side","time":138.19212341309},{"angle":2.5410447120667,"type":"extraTap","time":137.99758911133},{"type":"mineHold","angle2":0,"angle":307.32815551758,"duration":0,"time":138.31108093262},{"angle":359.77523803711,"type":"block","time":139.13238525391},{"angle":17.144659042358,"type":"block","time":139.49145507813},{"angle":0.33466780185699,"type":"side","time":139.85395812988},{"type":"hold","angle2":100,"angle":252.14788818359,"duration":1,"time":140.86122131348},{"type":"mineHold","angle2":339.41641235352,"angle":326.78173828125,"duration":1,"time":140.62821960449},{"type":"mineHold","angle2":25.297546386719,"angle":51.182636260986,"duration":1,"time":140.84771728516},{"angle":60.574878692627,"type":"side","time":142.88148498535},{"type":"side","tap":true,"angle":61.102119445801,"time":143.36090087891},{"angle":62.163581848145,"type":"side","time":143.9421081543},{"angle":62.039321899414,"type":"block","time":146.10757446289},{"angle":57.666328430176,"type":"block","time":146.49305725098},{"angle":52.845645904541,"type":"block","time":146.98295593262},{"angle":65.268913269043,"type":"block","time":145.54277038574},{"angle":69.022666931152,"type":"block","time":145.71522521973},{"type":"hold","angle2":50.207904815674,"angle":52.197208404541,"duration":1,"time":147.31857299805},{"type":"side","tap":true,"angle":35.972385406494,"time":148.99949645996},{"angle":36.216835021973,"type":"extraTap","time":148.99301147461},{"angle":259.11215209961,"type":"block","time":150.69599914551},{"angle":265.92068481445,"type":"block","time":151.40368652344},{"type":"hold","angle2":255.18368530273,"angle":268.48330688477,"duration":1,"time":151.62615966797},{"angle":269.60186767578,"type":"block","time":155.93026733398},{"angle":274.01419067383,"type":"block","time":156.94053649902},{"angle":263.41159057617,"type":"block","time":154.60067749023},{"angle":266.47332763672,"type":"block","time":154.9015045166},{"angle":266.7099609375,"type":"block","time":155.388671875},{"angle":255.74996948242,"type":"block","time":153.53593444824},{"angle":256.73260498047,"type":"block","time":153.73031616211},{"angle":265.25982666016,"type":"block","time":154.12657165527},{"angle":272.79696655273,"type":"block","time":157.4754486084},{"angle":271.32116699219,"type":"block","time":157.95663452148},{"type":"hold","angle2":277.0598449707,"angle":272.28112792969,"duration":2,"time":158.45790100098},{"angle":276.37783813477,"type":"extraTap","time":163.94462585449},{"angle":277.28109741211,"type":"extraTap","time":164.92408752441},{"angle":294.41632080078,"type":"extraTap","time":165.96934509277},{"angle":286.71737670898,"type":"extraTap","time":166.90994262695},{"angle":298.25546264648,"type":"extraTap","time":167.94779968262},{"angle":282.67147827148,"type":"extraTap","time":172.02723693848},{"angle":284.07287597656,"type":"extraTap","time":173.01300048828},{"angle":294.46850585938,"type":"extraTap","time":173.96798706055},{"angle":304.58215332031,"type":"extraTap","time":174.91111755371},{"angle":300.43634033203,"type":"extraTap","time":175.9947052002},{"angle":258.31448364258,"type":"extraTap","time":179.53974914551},{"angle":277.42611694336,"type":"block","time":192.96043395996},{"angle":279.89419555664,"type":"block","time":193.31672668457},{"angle":282.2119140625,"type":"block","time":193.7495880127},{"angle":285.2912902832,"type":"block","time":195.29949951172},{"angle":281.62768554688,"type":"block","time":195.17520141602},{"angle":235.76628112793,"type":"block","time":195.67375183105},{"angle":235.99803161621,"type":"block","time":195.83641052246},{"type":"block","tap":true,"angle":267.15975952148,"time":196.20779418945},{"type":"side","tap":true,"angle":283.28601074219,"time":195.89630126953},{"angle":267.83764648438,"type":"block","time":196.61770629883},{"startTap":true,"type":"hold","angle2":270.75680541992,"angle":268.25991821289,"duration":0.99000000953674,"time":196.91632080078},{"angle":271.03137207031,"type":"mine","time":198.91101074219},{"angle":261.45910644531,"type":"extraTap","time":196.98687744141},{"type":"side","tap":true,"angle":271.92004394531,"time":199.57740783691},{"angle":270.94177246094,"type":"block","time":200.05812072754},{"type":"hold","angle2":99.999000549316,"angle":274.53860473633,"duration":0.9990000128746,"time":200.44770812988},{"angle":45.895942687988,"type":"block","time":208.3452911377},{"angle":42.518981933594,"type":"block","time":208.72817993164},{"angle":42.339286804199,"type":"block","time":209.09117126465},{"angle":29.200572967529,"type":"block","time":210.87989807129},{"angle":16.561374664307,"type":"block","time":210.95294189453},{"angle":46.896011352539,"type":"block","time":211.55049133301},{"angle":45.9270362854,"type":"block","time":211.60610961914},{"type":"hold","angle2":5.6186571121216,"angle":28.66309928894,"duration":0,"time":211.74389648438},{"angle":243.20783996582,"type":"block","time":214.01141357422},{"type":"side","tap":true,"angle":241.01075744629,"time":214.51554870605},{"type":"hold","angle2":239.54301452637,"angle":241.15733337402,"duration":0.99000000953674,"time":214.9467010498},{"angle":271.25344848633,"type":"inverse","time":218.00614929199},{"angle":2.6477222442627,"type":"inverse","time":218.19845581055},{"angle":104.97450256348,"type":"inverse","time":218.6650390625},{"angle":172.82833862305,"type":"inverse","time":219.67431640625},{"endTap":true,"type":"hold","angle2":0,"angle":264.9958190918,"duration":7,"time":222.9789276123},{"angle":230.7547454834,"type":"block","time":223.87794494629},{"angle":193.05366516113,"type":"block","time":224.8709564209},{"type":"block","tap":true,"angle":226.50268554688,"time":224.02003479004},{"angle":125.48300170898,"type":"block","time":224.42333984375},{"angle":354.88269042969,"type":"block","time":230.5378112793},{"angle":355.53283691406,"type":"block","time":230.71301269531},{"angle":356.35232543945,"type":"block","time":231.12907409668},{"type":"hold","angle2":0.32852724194527,"angle":0.32852724194527,"duration":1,"time":231.49334716797},{"type":"side","tap":true,"angle":305.75704956055,"time":233.05024719238},{"angle":282.93374633789,"type":"block","time":233.41340637207},{"angle":279.18054199219,"type":"extraTap","time":232.99034118652},{"angle":279.1025390625,"type":"extraTap","time":233.99380493164},{"angle":282.44799804688,"type":"extraTap","time":234.95556640625},{"angle":282.13317871094,"type":"block","time":233.59172058105},{"angle":279.6032409668,"type":"block","time":233.72665405273},{"angle":277.79446411133,"type":"block","time":234.2745513916},{"angle":276.81912231445,"type":"block","time":234.41886901855},{"angle":276.27157592773,"type":"block","time":234.63673400879},{"angle":274.54965209961,"type":"block","time":234.93495178223},{"angle":268.15979003906,"type":"block","time":238.24450683594},{"angle":269.42163085938,"type":"block","time":238.5542755127},{"angle":269.0810546875,"type":"block","time":238.92050170898},{"angle":271.81893920898,"type":"block","time":239.40371704102},{"type":"hold","angle2":0,"angle":274.18850708008,"duration":0.89999997615814,"time":239.86613464355},{"angle":338.92568969727,"type":"block","time":240.98413085938},{"angle":338.70159912109,"type":"block","time":241.18472290039},{"type":"mineHold","angle2":0,"angle":0.23507435619831,"duration":999999,"time":242.32850646973},{"type":"mineHold","angle2":0,"angle":321.74359130859,"duration":9999999,"time":249.29765319824},{"type":"mineHold","angle2":0,"angle":30.054244995117,"duration":10000000000,"time":249.14149475098},{"type":"side","tap":true,"angle":270.9401550293,"time":249.04139709473},{"angle":257.77487182617,"type":"extraTap","time":248.98785400391},{"angle":263.53601074219,"type":"extraTap","time":249.98136901855},{"angle":260.35760498047,"type":"extraTap","time":251.99652099609},{"angle":259.0133972168,"type":"extraTap","time":250.95091247559},{"angle":257.56109619141,"type":"extraTap","time":253.04661560059},{"angle":257.78121948242,"type":"extraTap","time":254.02163696289},{"angle":260.52587890625,"type":"mine","time":249.43939208984},{"angle":259.75213623047,"type":"mine","time":250.51054382324},{"type":"block","tap":true,"angle":270.81619262695,"time":249.97296142578},{"angle":257.48889160156,"type":"block","time":253.1229095459},{"angle":256.27416992188,"type":"block","time":253.45539855957},{"angle":253.19917297363,"type":"block","time":253.87983703613},{"type":"hold","angle2":245.25477600098,"angle":255.82192993164,"duration":1,"time":254.58547973633},{"angle":244.36335754395,"type":"block","time":256.00326538086},{"angle":245.27339172363,"type":"block","time":256.96527099609},{"type":"block","tap":true,"angle":244.65232849121,"time":256.45590209961},{"angle":302.75778198242,"type":"mine","time":256.50354003906},{"angle":185.89953613281,"type":"mine","time":256.43170166016},{"angle":246.84567260742,"type":"mine","time":257.25085449219},{"angle":248.20671081543,"type":"block","time":258.01348876953},{"angle":247.93841552734,"type":"block","time":257.76556396484},{"angle":249.26861572266,"type":"block","time":258.25756835938},{"angle":238.19467163086,"type":"extraTap","time":257.98120117188},{"angle":250.75636291504,"type":"extraTap","time":259.0007019043},{"angle":253.84669494629,"type":"extraTap","time":259.9602355957},{"angle":250.57374572754,"type":"block","time":259.37677001953},{"angle":252.23153686523,"type":"block","time":260.10552978516},{"angle":254.76399230957,"type":"block","time":261.14996337891},{"angle":252.91094970703,"type":"block","time":260.40463256836},{"angle":266.80252075195,"type":"block","time":261.56069946289},{"angle":266.95172119141,"type":"block","time":261.78384399414},{"angle":267.23986816406,"type":"block","time":261.9931640625},{"angle":267.935546875,"type":"block","time":262.59408569336},{"angle":267.8515625,"type":"block","time":263.3537902832},{"angle":267.95989990234,"type":"block","time":264.09365844727},{"angle":269.83255004883,"type":"block","time":264.94482421875},{"angle":269.82760620117,"type":"block","time":264.85107421875},{"angle":269.45272827148,"type":"block","time":264.67709350586},{"angle":270,"type":"block","time":265.31982421875},{"angle":269.86141967773,"type":"block","time":265.62341308594},{"type":"hold","angle2":267.89352416992,"angle":267.89352416992,"duration":5.9000000953674,"time":266.15591430664},{"angle":265.88980102539,"type":"block","time":274.6745300293},{"angle":263.98880004883,"type":"block","time":275.00399780273},{"angle":264.2864074707,"type":"block","time":275.37057495117},{"type":"hold","angle2":265.3600769043,"angle":265.06396484375,"duration":6.9000000953674,"time":275.70309448242}]