{"metadata":{"difficulty":3,"bg":true,"artist":"Dan Salvato","charter":"Charter","description":"Bye sayori.. Bye Literature Club.. Bye MC..","artistLink":"https://teamsalvato.com/","songName":"Your Reality","bgData":{"redChannel":{"r":0,"b":0,"g":0},"blueChannel":{"r":94,"b":30,"g":30},"image":"bg.png"}},"properties":{"offset":4,"startBeat":0,"formatversion":12,"speed":70},"events":[{"offset":0,"file":"1-13. Your Reality.ogg","type":"play","bpm":106,"volume":2.9999992847443,"angle":180,"time":0},{"type":"setBPM","bpm":100,"angle":157.5,"time":1.2339999675751},{"g":54,"type":"setColor","angle":225,"r":63,"color":0,"b":54,"time":0},{"g":103,"type":"setColor","angle":247.5,"r":121,"color":1,"b":99,"time":0},{"g":0,"type":"setColor","angle":231.94239807129,"r":0,"color":0,"b":0,"time":50.678009033203},{"r":255,"type":"setColor","color":1,"g":255,"angle":248.2488861084,"b":255,"time":50.798007965088},{"r":255,"type":"setColor","color":0,"g":255,"angle":250.15536499023,"b":255,"time":50.522468566895},{"r":255,"type":"setColor","color":1,"g":255,"angle":233.77125549316,"b":255,"time":50.355785369873},{"r":0,"type":"setColor","color":1,"g":0,"angle":248.71224975586,"b":0,"time":50.677906036377},{"g":0,"type":"setColor","angle":231.21452331543,"r":0,"color":0,"b":0,"time":50.523738861084},{"g":192,"type":"setColor","color":0,"r":236,"angle":328.94937133789,"b":223,"time":58.572605133057},{"g":150,"type":"setColor","color":1,"r":198,"angle":345.20678710938,"b":212,"time":58.409942626953},{"g":255,"type":"setColor","color":1,"r":255,"angle":353.73651123047,"b":255,"time":229.99565124512},{"r":255,"type":"setColor","color":0,"g":255,"angle":5.9468631744385,"b":255,"time":230.00465393066},{"g":0,"type":"setColor","angle":350.80749511719,"r":0,"color":0,"b":0,"time":230.48558044434},{"r":255,"type":"setColor","color":1,"g":255,"angle":358.09365844727,"b":255,"time":230.47518920898},{"angle":267.01058959961,"type":"showResults","time":289.41265869141}]}