[{"type":"block","time":4,"angle":90},{"type":"block","time":4.5,"angle":67.5},{"type":"block","time":5,"angle":78.75},{"type":"block","time":5.25,"angle":123.75},{"type":"block","time":5.75,"angle":78.75},{"type":"block","time":4.75,"angle":67.5},{"type":"block","time":5.5,"angle":101.25},{"type":"block","time":6.25,"angle":-281.25},{"type":"block","time":6.5,"angle":67.5},{"type":"block","time":6.75,"angle":56.25},{"type":"block","tap":true,"time":7,"angle":45},{"type":"block","tap":true,"time":7.5,"angle":236.25},{"type":"block","time":8,"angle":191.25},{"type":"block","time":8.5,"angle":180},{"type":"block","time":8.75,"angle":168.75},{"type":"block","time":9,"angle":157.5},{"type":"block","time":9.25,"angle":146.25},{"type":"block","time":9.5,"angle":135},{"type":"block","time":9.75,"angle":146.25},{"type":"block","time":10.25,"angle":157.5},{"type":"block","time":10.75,"angle":195},{"type":"block","time":10.75,"angle":210},{"type":"block","time":11,"angle":210},{"type":"block","time":11.5,"angle":270},{"type":"block","time":10.5,"angle":180},{"type":"hold","duration":0.5,"angle2":285,"time":11,"startTap":true,"angle":225},{"type":"hold","duration":0.5,"angle2":255,"time":11,"startTap":true,"angle":180},{"type":"hold","duration":0.5,"angle2":157.5,"startTap":true,"time":11.5,"endTap":true,"angle":255},{"type":"hold","duration":0.5,"angle2":180,"startTap":true,"time":11.5,"endTap":true,"angle":281.25},{"type":"block","time":12.5,"angle":157.5},{"type":"block","time":12.75,"angle":168.75},{"type":"block","time":13,"angle":157.5},{"type":"block","time":13.25,"angle":168.75},{"type":"block","time":13.5,"angle":157.5},{"type":"block","time":13.75,"angle":146.25},{"type":"block","time":14.25,"angle":101.25},{"type":"block","time":14.5,"angle":112.5},{"type":"block","tap":true,"time":15,"angle":101.25},{"type":"block","tap":true,"time":15,"angle":135},{"type":"block","tap":true,"time":15.5,"angle":90},{"type":"block","tap":true,"time":15.5,"angle":56.25},{"type":"block","time":12.25,"angle":157.5},{"type":"block","time":14.75,"angle":112.5},{"type":"hold","angle2":-67.5,"time":16,"duration":0.75,"angle":45},{"type":"hold","angle2":-33.75,"time":16,"duration":0.75,"angle":67.5},{"type":"hold","angle2":382.5,"time":16.75,"duration":1,"angle":292.5},{"type":"hold","angle2":405,"time":16.75,"duration":1,"angle":326.25},{"type":"hold","angle2":-168.75,"time":17.75,"duration":1.25,"angle":22.5},{"type":"hold","angle2":-146.25,"time":17.75,"duration":1.25,"angle":45},{"type":"block","time":19,"angle":213.75},{"type":"block","time":19,"angle":191.25},{"type":"block","time":19.5,"angle":213.75},{"type":"block","time":19.5,"angle":191.25},{"type":"block","time":20,"angle":191.25},{"type":"block","time":20.5,"angle":191.25},{"type":"block","time":21,"angle":191.25},{"type":"block","time":21.25,"angle":202.5},{"type":"block","time":21.5,"angle":191.25},{"type":"block","time":21.75,"angle":180},{"type":"block","time":22.25,"angle":157.5},{"type":"block","time":22.5,"angle":146.25},{"type":"block","time":22.75,"angle":168.75},{"type":"block","tap":true,"time":23,"angle":180},{"type":"block","time":20.75,"angle":191.25},{"type":"block","tap":true,"time":23,"angle":157.5},{"type":"block","tap":true,"time":23.5,"angle":135},{"type":"block","tap":true,"time":23.5,"angle":112.5},{"type":"block","time":24,"angle":112.5},{"type":"block","time":24.25,"angle":101.25},{"type":"block","time":24.5,"angle":90},{"type":"block","time":24.75,"angle":101.25},{"type":"block","time":25,"angle":112.5},{"type":"block","time":25.25,"angle":123.75},{"type":"block","time":25.5,"angle":135},{"type":"block","time":25.75,"angle":168.75},{"type":"block","time":26.25,"angle":191.25},{"type":"block","time":26.25,"angle":247.5},{"type":"block","time":26.5,"angle":258.75},{"type":"block","time":26.75,"angle":281.25},{"type":"block","tap":true,"time":27,"angle":292.5},{"type":"block","tap":true,"time":27,"angle":303.75},{"type":"block","tap":true,"time":27.5,"angle":326.25},{"type":"block","tap":true,"time":27.75,"angle":337.5},{"type":"block","tap":true,"time":28,"angle":0},{"type":"block","tap":true,"time":28,"angle":348.75},{"type":"block","time":28.5,"angle":22.5},{"type":"block","time":28.75,"angle":56.25},{"type":"block","time":29,"angle":33.75},{"type":"block","time":29.75,"angle":56.25},{"type":"block","time":29.5,"angle":22.5},{"type":"block","time":30.25,"angle":56.25},{"type":"block","time":30.25,"angle":90},{"type":"block","time":31,"angle":56.25},{"type":"block","time":31,"angle":90},{"type":"block","time":30.75,"angle":56.25},{"type":"block","time":30.75,"angle":90},{"type":"block","time":31.5,"angle":45},{"type":"block","time":31.75,"angle":33.75},{"type":"hold","angle2":67.5,"time":4,"duration":0.5,"angle":90},{"type":"hold","angle2":67.5,"time":5.75,"duration":0.75,"angle":78.75},{"type":"hold","angle2":-123.75,"time":7,"duration":0.5,"angle":45},{"type":"hold","angle2":168.75,"time":8,"duration":0.75,"angle":191.25},{"type":"hold","angle2":90,"time":15,"duration":0.5,"angle":135},{"type":"hold","angle2":56.25,"time":15,"duration":0.5,"angle":101.25},{"type":"hold","angle2":236.25,"time":32,"duration":0.75,"angle":45},{"type":"hold","angle2":247.5,"time":32,"duration":0.75,"angle":22.5},{"type":"hold","angle2":180,"time":32.75,"duration":1,"angle":236.25},{"type":"hold","angle2":168.75,"time":32.75,"duration":1,"angle":247.5},{"type":"hold","angle2":281.25,"time":33.75,"duration":0.5,"angle":180},{"type":"hold","angle2":292.5,"time":33.75,"duration":0.5,"angle":168.75},{"type":"block","time":35.5,"angle":67.5},{"type":"block","time":35.5,"angle":78.75},{"type":"block","time":36,"angle":78.75},{"type":"block","time":36,"angle":101.25},{"type":"block","time":36.5,"angle":78.75},{"type":"block","time":36.75,"angle":90},{"type":"block","time":37,"angle":101.25},{"type":"block","time":37.25,"angle":123.75},{"type":"block","time":37.5,"angle":135},{"type":"block","time":37.75,"angle":146.25},{"type":"block","tap":true,"time":38.25,"angle":112.5},{"type":"block","tap":true,"time":38.25,"angle":90},{"type":"block","tap":true,"time":38.75,"angle":78.75},{"type":"block","tap":true,"time":38.75,"angle":56.25},{"type":"hold","angle2":11.25,"time":39.25,"duration":0.75,"angle":67.5},{"type":"hold","angle2":90,"time":40,"duration":0.75,"angle":11.25},{"type":"block","time":41.25,"angle":45},{"type":"block","time":41.75,"angle":337.5},{"type":"block","time":41.75,"angle":326.25},{"type":"block","time":42,"angle":326.25},{"type":"block","time":42.5,"angle":247.5},{"type":"block","time":42.5,"angle":236.25},{"type":"block","time":42.75,"angle":236.25},{"type":"block","time":44.5,"angle":202.5},{"type":"block","time":44.75,"angle":191.25},{"type":"block","time":45,"angle":180},{"type":"block","time":45.25,"angle":157.5},{"type":"block","time":45.5,"angle":135},{"type":"block","time":45.75,"angle":112.5},{"type":"block","time":41.75,"angle":326.25},{"type":"block","time":46.25,"angle":360},{"type":"block","time":46.25,"angle":22.5},{"type":"block","time":46.75,"angle":315},{"type":"block","time":46.75,"angle":292.5},{"type":"hold","angle2":112.5,"time":44.5,"duration":1.25,"angle":202.5},{"type":"block","time":47.25,"angle":225},{"type":"block","time":47.25,"angle":202.5},{"type":"hold","angle2":450,"time":48,"duration":0.75,"angle":337.5},{"type":"hold","angle2":438.75,"time":48,"duration":0.75,"angle":326.25},{"type":"hold","angle2":33.75,"time":48.75,"duration":0.5,"angle":78.75},{"type":"hold","angle2":45,"time":48.75,"duration":0.5,"angle":90},{"type":"hold","angle2":112.5,"time":49.25,"duration":0.5,"angle":45},{"type":"hold","angle2":101.25,"time":49.25,"duration":0.5,"angle":33.75},{"type":"hold","angle2":-56.25,"time":49.75,"duration":1.25,"angle":101.25},{"type":"hold","angle2":-45,"time":49.75,"duration":1.25,"angle":112.5},{"type":"block","time":51,"angle":315},{"type":"block","time":51,"angle":303.75},{"type":"block","time":51.5,"angle":303.75},{"type":"block","time":51.5,"angle":315},{"type":"block","time":52.5,"angle":292.5},{"type":"block","time":52.75,"angle":270},{"type":"block","time":53,"angle":247.5},{"type":"block","time":53.25,"angle":225},{"type":"block","time":53.5,"angle":202.5},{"type":"block","time":53.75,"angle":180},{"type":"block","tap":true,"time":54.25,"angle":146.25},{"type":"block","tap":true,"time":54.25,"angle":135},{"type":"block","tap":true,"time":54.75,"angle":101.25},{"type":"block","tap":true,"time":54.75,"angle":78.75},{"type":"hold","angle2":0,"time":55.25,"duration":0.75,"angle":78.75},{"type":"hold","angle2":11.25,"time":55.25,"duration":0.75,"angle":101.25},{"type":"hold","angle2":67.5,"time":56,"duration":0.75,"angle":0},{"type":"hold","angle2":78.75,"time":56,"duration":0.75,"angle":11.25},{"type":"block","time":57.25,"angle":67.5},{"type":"block","time":57.25,"angle":78.75},{"type":"block","time":57.75,"angle":33.75},{"type":"block","time":58,"angle":348.75},{"type":"block","time":58.5,"angle":326.25},{"type":"block","time":58.75,"angle":360},{"type":"block","time":60.5,"angle":67.5},{"type":"block","time":60.75,"angle":101.25},{"type":"block","time":61,"angle":146.25},{"type":"block","time":61.25,"angle":180},{"type":"block","time":61.5,"angle":225},{"type":"block","time":61.75,"angle":281.25},{"type":"block","time":62.25,"angle":45},{"type":"block","time":62.25,"angle":67.5},{"type":"block","time":62.75,"angle":326.25},{"type":"block","time":62.75,"angle":348.75},{"type":"hold","angle2":78.75,"time":64,"duration":0.75,"angle":202.5},{"type":"hold","angle2":90,"time":64,"duration":0.75,"angle":225},{"type":"hold","angle2":157.5,"time":64.75,"duration":0.5,"angle":90},{"type":"hold","angle2":146.25,"time":64.75,"duration":0.5,"angle":78.75},{"type":"hold","angle2":67.5,"time":65.25,"duration":0.5,"angle":146.25},{"type":"hold","angle2":78.75,"time":65.25,"duration":0.5,"angle":157.5},{"type":"hold","angle2":225,"time":65.75,"duration":1.25,"angle":67.5},{"type":"hold","angle2":236.25,"time":65.75,"duration":1.25,"angle":78.75},{"type":"block","time":67.5,"angle":236.25},{"type":"block","time":67.5,"angle":225},{"type":"block","time":63.25,"angle":236.25},{"type":"block","time":63.25,"angle":213.75},{"type":"hold","angle2":168.75,"time":68,"duration":0.5,"angle":225},{"type":"block","time":68.75,"angle":157.5},{"type":"block","time":69,"angle":123.75},{"type":"block","time":69.25,"angle":90},{"type":"block","time":69.5,"angle":56.25},{"type":"block","time":69.75,"angle":22.5},{"type":"block","tap":true,"time":70,"angle":56.25},{"type":"block","tap":true,"time":70.75,"angle":45},{"type":"block","time":70.75,"angle":56.25},{"type":"block","tap":true,"time":70,"angle":45},{"type":"block","tap":true,"time":70.75,"angle":56.25},{"type":"block","tap":true,"time":71.5,"angle":45},{"type":"block","tap":true,"time":71.5,"angle":56.25},{"type":"block","time":72,"angle":90},{"type":"block","time":72,"angle":101.25},{"type":"block","time":72.75,"angle":112.5},{"type":"block","time":73,"angle":157.5},{"type":"block","time":73.25,"angle":202.5},{"type":"block","time":73.5,"angle":258.75},{"type":"block","time":73.75,"angle":303.75},{"type":"block","tap":true,"time":74,"angle":0},{"type":"hold","duration":0.75,"angle2":56.25,"startTap":true,"time":74.75,"endTap":true,"angle":11.25},{"type":"hold","duration":0.75,"angle2":67.5,"startTap":true,"time":74.75,"endTap":true,"angle":22.5},{"type":"block","time":76,"angle":56.25},{"type":"block","time":76,"angle":67.5},{"type":"block","time":76.5,"angle":56.25},{"type":"block","time":76.5,"angle":67.5},{"type":"block","time":76.75,"angle":67.5},{"type":"block","time":77,"angle":112.5},{"type":"block","time":77.25,"angle":146.25},{"type":"block","time":77.5,"angle":191.25},{"type":"block","time":77.75,"angle":247.5},{"type":"block","tap":true,"time":78,"angle":315},{"type":"hold","duration":0.75,"angle2":247.5,"startTap":true,"time":78.75,"endTap":true,"angle":315},{"type":"hold","duration":0.75,"angle2":258.75,"startTap":true,"time":78.75,"endTap":true,"angle":326.25},{"type":"block","time":80,"angle":236.25},{"type":"block","time":80,"angle":225},{"type":"block","time":80.5,"angle":191.25},{"type":"block","time":80.5,"angle":180},{"type":"block","time":80.75,"angle":191.25},{"type":"block","time":80.75,"angle":180},{"type":"block","time":81.25,"angle":281.25},{"type":"block","time":81.5,"angle":236.25},{"type":"block","time":81.75,"angle":191.25},{"type":"block","tap":true,"time":83,"angle":0},{"type":"block","tap":true,"time":82.5,"angle":90},{"type":"block","tap":true,"time":82,"angle":191.25},{"type":"block","tap":true,"time":82,"angle":180},{"type":"block","tap":true,"time":82.5,"angle":78.75},{"type":"block","tap":true,"time":83,"angle":11.25},{"type":"block","tap":true,"time":83.5,"angle":270},{"type":"block","tap":true,"time":83.5,"angle":281.25},{"type":"hold","duration":0.5,"angle2":393.75,"time":83.5,"endTap":true,"angle":281.25},{"type":"hold","duration":0.5,"angle2":382.5,"time":83.5,"endTap":true,"angle":270},{"type":"block","tap":true,"time":74,"angle":11.25},{"type":"block","time":78,"angle":326.25},{"type":"block","tap":true,"time":78,"angle":326.25},{"type":"block","time":79.25,"angle":281.25},{"type":"block","time":79,"angle":281.25},{"type":"block","tap":true,"time":84.75,"angle":360},{"type":"block","time":85,"angle":326.25},{"type":"block","tap":true,"time":85.5,"angle":270},{"type":"block","tap":true,"time":85.25,"angle":292.5},{"type":"block","time":85.75,"angle":236.25},{"type":"block","tap":true,"time":86,"angle":191.25},{"type":"hold","angle2":191.25,"time":84.75,"duration":1.25,"angle":360},{"type":"block","tap":true,"time":84.5,"angle":0},{"type":"block","tap":true,"time":86.5,"angle":191.25},{"type":"hold","duration":0.5,"angle2":281.25,"startTap":true,"time":86.75,"endTap":true,"angle":202.5},{"type":"hold","duration":0.5,"angle2":292.5,"startTap":true,"time":86.75,"endTap":true,"angle":180},{"type":"hold","duration":0.5,"angle2":236.25,"startTap":true,"time":87.5,"endTap":true,"angle":281.25},{"type":"hold","duration":0.5,"angle2":247.5,"startTap":true,"time":87.5,"endTap":true,"angle":292.5},{"type":"block","tap":true,"time":88.5,"angle":247.5},{"type":"block","tap":true,"time":88.5,"angle":236.25},{"type":"block","tap":true,"time":88.75,"angle":247.5},{"type":"block","tap":true,"time":88.75,"angle":236.25},{"type":"block","tap":true,"time":89.25,"angle":348.75},{"type":"block","tap":true,"time":89.25,"angle":360},{"type":"block","tap":true,"time":89.5,"angle":348.75},{"type":"block","tap":true,"time":89.5,"angle":0},{"type":"hold","duration":0.5,"angle2":315,"startTap":true,"time":90,"endTap":true,"angle":326.25},{"type":"hold","duration":0.5,"angle2":326.25,"startTap":true,"time":90,"endTap":true,"angle":337.5},{"type":"block","tap":true,"time":90.75,"angle":315},{"type":"block","tap":true,"time":90.75,"angle":326.25},{"type":"block","tap":true,"time":91.25,"angle":22.5},{"type":"block","tap":true,"time":91.25,"angle":33.75},{"type":"block","tap":true,"time":91.5,"angle":22.5},{"type":"block","tap":true,"time":91.5,"angle":33.75},{"type":"hold","duration":0.5,"angle2":-22.5,"startTap":true,"time":92,"endTap":true,"angle":22.5},{"type":"hold","duration":0.5,"angle2":-11.25,"startTap":true,"time":92,"endTap":true,"angle":33.75},{"type":"block","tap":true,"time":92.75,"angle":303.75},{"type":"block","tap":true,"time":92.75,"angle":292.5},{"type":"block","tap":true,"time":93.25,"angle":33.75},{"type":"block","tap":true,"time":93.25,"angle":56.25},{"type":"block","tap":true,"time":93.5,"angle":112.5},{"type":"block","tap":true,"time":93.5,"angle":135},{"type":"hold","duration":0.75,"angle2":33.75,"startTap":true,"time":94,"endTap":true,"angle":123.75},{"type":"hold","duration":0.75,"angle2":22.5,"startTap":true,"time":94,"endTap":true,"angle":135},{"type":"block","time":96,"angle":90},{"type":"block","time":96,"angle":101.25},{"type":"block","time":95.5,"angle":56.25},{"type":"block","time":95.5,"angle":67.5},{"type":"block","time":96.25,"angle":56.25},{"type":"block","time":96.5,"angle":90},{"type":"block","time":96.75,"angle":146.25},{"type":"block","time":96.75,"angle":157.5},{"type":"block","time":97.25,"angle":157.5},{"type":"block","time":97.25,"angle":146.25},{"type":"block","time":97.75,"angle":191.25},{"type":"block","time":97.75,"angle":180},{"type":"block","tap":true,"time":99,"angle":90},{"type":"block","tap":true,"time":99,"angle":78.75},{"type":"block","tap":true,"time":99.5,"angle":281.25},{"type":"block","tap":true,"time":99.5,"angle":270},{"type":"hold","angle2":-67.5,"time":100,"duration":11,"angle":78.75},{"type":"hold","angle2":-33.75,"time":100,"duration":9.75,"angle":90},{"type":"mineHold","angle2":112.5,"time":100,"duration":11,"angle":270},{"type":"mineHold","angle2":157.5,"time":100,"duration":9.75,"angle":281.25},{"type":"side","time":100.5,"angle":45},{"type":"side","time":101.25,"angle":33.75},{"type":"side","time":101,"angle":112.5},{"type":"side","time":101.75,"angle":11.25},{"type":"side","time":102.25,"angle":112.5},{"type":"side","time":102.5,"angle":360},{"type":"side","time":103,"angle":101.25},{"type":"side","time":103.5,"angle":348.75},{"type":"side","time":104,"angle":67.5},{"type":"side","time":104.5,"angle":348.75},{"type":"side","time":105,"angle":67.5},{"type":"side","time":105.25,"angle":326.25},{"type":"side","time":105.75,"angle":315},{"type":"side","time":106.25,"angle":56.25},{"type":"side","time":106.5,"angle":303.75},{"type":"block","tap":true,"time":107,"angle":326.25},{"type":"block","tap":true,"time":107,"angle":22.5},{"type":"block","tap":true,"time":107.5,"angle":326.25},{"type":"block","tap":true,"time":107.5,"angle":11.25},{"type":"side","time":108,"angle":281.25},{"type":"side","time":108.5,"angle":22.5},{"type":"side","time":109,"angle":281.25},{"type":"side","time":109.25,"angle":11.25},{"type":"block","tap":true,"time":112,"angle":11.25},{"type":"block","tap":true,"time":112.75,"angle":11.25},{"type":"block","tap":true,"time":113.75,"angle":348.75},{"type":"block","tap":true,"time":113.75,"angle":11.25},{"type":"block","tap":true,"time":112,"angle":348.75},{"type":"block","tap":true,"time":112.75,"angle":348.75},{"type":"block","time":115.5,"angle":78.75},{"type":"block","time":115.75,"angle":146.25},{"type":"hold","angle2":67.5,"time":116,"duration":0.58333331346512,"angle":180},{"type":"block","time":117.5,"angle":270},{"type":"block","time":117.75,"angle":202.5},{"type":"hold","angle2":281.25,"time":118,"duration":1,"angle":168.75},{"type":"hold","angle2":292.5,"time":118,"duration":1,"angle":180},{"type":"block","time":120,"angle":337.5},{"type":"block","time":119.75,"angle":22.5},{"type":"block","time":119.5,"angle":78.75},{"type":"block","time":120.5,"angle":281.25},{"type":"block","time":121,"angle":360},{"type":"block","time":121.125,"angle":56.25},{"type":"block","time":121.25,"angle":123.75},{"type":"block","time":120.75,"angle":315},{"type":"block","tap":true,"time":121.75,"angle":281.25},{"type":"block","tap":true,"time":121.75,"angle":292.5},{"type":"block","tap":true,"time":122.25,"angle":33.75},{"type":"block","tap":true,"time":122.25,"angle":45},{"type":"block","tap":true,"time":122.75,"angle":135},{"type":"block","tap":true,"time":122.75,"angle":123.75},{"type":"block","tap":true,"time":123.25,"angle":247.5},{"type":"block","tap":true,"time":123.25,"angle":236.25},{"type":"block","tap":true,"time":123.75,"angle":22.5},{"type":"block","tap":true,"time":123.75,"angle":33.75},{"type":"block","time":123.5,"angle":337.5},{"type":"hold","angle2":67.5,"time":125,"duration":0.5,"angle":0},{"type":"hold","angle2":-33.75,"time":125.5,"duration":0.5,"angle":67.5},{"type":"block","time":126.25,"angle":337.5},{"type":"block","time":126.375,"angle":33.75},{"type":"block","time":126.5,"angle":90},{"type":"block","time":127,"angle":258.75},{"type":"block","time":127,"angle":281.25},{"type":"block","tap":true,"time":127.5,"angle":258.75},{"type":"block","tap":true,"time":127.5,"angle":281.25},{"type":"block","tap":true,"time":127.75,"angle":258.75},{"type":"block","tap":true,"time":127.75,"angle":281.25},{"type":"block","time":129.75,"angle":292.5},{"type":"block","time":129.75,"angle":315},{"type":"block","time":130.25,"angle":292.5},{"type":"block","time":130.25,"angle":315},{"type":"block","time":130.75,"angle":292.5},{"type":"block","time":131.25,"angle":22.5},{"type":"block","time":131.25,"angle":45},{"type":"block","time":131.5,"angle":292.5},{"type":"block","time":131.5,"angle":315},{"type":"block","time":130.75,"angle":315},{"type":"block","time":132.25,"angle":0},{"type":"block","time":132.5,"angle":315},{"type":"block","time":132,"angle":67.5},{"type":"block","time":142.25,"angle":78.75},{"type":"block","time":142.25,"angle":90},{"type":"block","time":142.5,"angle":78.75},{"type":"block","time":142.5,"angle":90},{"type":"block","time":143,"angle":78.75},{"type":"block","time":143,"angle":90},{"type":"block","time":132.75,"angle":67.5},{"type":"block","time":133,"angle":45},{"type":"block","time":133.25,"angle":22.5},{"type":"block","time":133.5,"angle":360},{"type":"block","time":133.75,"angle":22.5},{"type":"block","time":134,"angle":90},{"type":"block","time":134.5,"angle":22.5},{"type":"block","time":135,"angle":270},{"type":"block","time":135.25,"angle":225},{"type":"block","time":135.5,"angle":258.75},{"type":"block","time":135.75,"angle":326.25},{"type":"block","time":136,"angle":360},{"type":"block","time":136.5,"angle":67.5},{"type":"block","time":134.75,"angle":326.25},{"type":"block","time":134.25,"angle":56.25},{"type":"block","time":136.25,"angle":45},{"type":"block","time":137,"angle":67.5},{"type":"block","time":136.75,"angle":101.25},{"type":"block","time":137.25,"angle":45},{"type":"block","time":137.5,"angle":33.75},{"type":"block","time":138,"angle":168.75},{"type":"block","time":138.25,"angle":112.5},{"type":"block","time":138.5,"angle":90},{"type":"block","time":138.75,"angle":67.5},{"type":"block","time":139,"angle":45},{"type":"block","time":139.25,"angle":0},{"type":"block","time":139.5,"angle":337.5},{"type":"block","time":139.75,"angle":22.5},{"type":"block","time":140,"angle":337.5},{"type":"block","time":135.5,"angle":292.5},{"type":"block","time":137.75,"angle":90},{"type":"block","time":140.25,"angle":22.5},{"type":"block","time":140.5,"angle":0},{"type":"block","time":140.75,"angle":326.25},{"type":"block","time":141,"angle":292.5},{"type":"block","time":141.25,"angle":303.75},{"type":"block","time":141.5,"angle":326.25},{"type":"block","time":141.75,"angle":348.75},{"type":"block","tap":true,"time":144,"angle":90},{"type":"block","tap":true,"time":144,"angle":78.75},{"type":"block","time":144.75,"angle":90},{"type":"block","time":144.75,"angle":101.25},{"type":"block","time":145,"angle":123.75},{"type":"block","time":145,"angle":135},{"holdEase":"inSine","duration":2.25,"angle":101.25,"angle2":0,"time":145.75,"type":"hold","segments":61},{"holdEase":"inSine","duration":2.25,"angle":112.5,"angle2":45,"time":145.75,"type":"hold","segments":50},{"type":"block","time":149,"angle":0},{"type":"block","time":149.5,"angle":45},{"type":"block","time":150,"angle":45},{"type":"block","time":150.125,"angle":33.75},{"type":"block","time":150.25,"angle":45},{"type":"block","time":150.5,"angle":11.25},{"type":"block","time":150.75,"angle":337.5},{"type":"block","time":151.5,"angle":11.25},{"type":"block","time":151.75,"angle":45},{"type":"block","time":152.5,"angle":348.75},{"type":"block","time":153,"angle":22.5},{"type":"block","time":153.5,"angle":292.5},{"type":"block","time":153.5,"angle":315},{"type":"block","time":154.5,"angle":292.5},{"type":"block","time":154.75,"angle":292.5},{"type":"block","time":154.75,"angle":315},{"type":"block","time":155.25,"angle":303.75},{"type":"block","time":155.25,"angle":326.25},{"type":"block","time":156,"angle":303.75},{"type":"block","time":156.25,"angle":326.25},{"type":"block","time":156.5,"angle":0},{"type":"block","time":156.75,"angle":326.25},{"type":"block","time":157,"angle":326.25},{"type":"block","time":157.25,"angle":348.75},{"type":"block","time":157.5,"angle":11.25},{"type":"block","time":157.75,"angle":22.5},{"type":"block","time":158,"angle":33.75},{"type":"block","time":158.25,"angle":11.25},{"type":"block","time":158.5,"angle":348.75},{"type":"block","time":158.75,"angle":11.25},{"type":"block","time":159,"angle":348.75},{"type":"block","time":159.25,"angle":326.25},{"type":"block","time":159.5,"angle":348.75},{"type":"hold","angle2":360,"time":154,"duration":0.25,"angle":292.5},{"type":"hold","angle2":213.75,"time":160,"duration":0.75,"angle":348.75},{"type":"block","time":159.75,"angle":11.25},{"type":"hold","angle2":337.5,"time":160.75,"duration":0.75,"angle":213.75},{"type":"hold","angle2":168.75,"time":161.5,"duration":2,"angle":337.5},{"type":"extraTap","time":160,"angle":360},{"type":"extraTap","time":160.75,"angle":236.25},{"type":"extraTap","time":161.5,"angle":326.25},{"type":"block","time":164.75,"angle":33.75},{"type":"block","time":165,"angle":0},{"type":"block","time":165.25,"angle":337.5},{"type":"block","time":165.5,"angle":303.75},{"type":"block","time":165.75,"angle":33.75},{"type":"block","time":166,"angle":56.25},{"type":"block","time":166.125,"angle":45},{"type":"block","time":166.25,"angle":56.25},{"type":"block","time":167,"angle":11.25},{"type":"block","tap":true,"time":167.5,"angle":33.75},{"type":"block","tap":true,"time":167.5,"angle":56.25},{"type":"block","time":168,"angle":67.5},{"type":"block","time":168.25,"angle":33.75},{"type":"block","time":168.5,"angle":360},{"type":"block","time":168.75,"angle":56.25},{"type":"block","time":169.25,"angle":22.5},{"type":"block","time":169.25,"angle":45},{"type":"block","time":169.75,"angle":360},{"type":"block","time":169.875,"angle":11.25},{"type":"block","time":170,"angle":0},{"type":"block","time":171.5,"angle":22.5},{"type":"block","time":171.75,"angle":45},{"type":"block","time":172,"angle":90},{"type":"block","time":172.25,"angle":112.5},{"type":"block","time":172.5,"angle":123.75},{"type":"block","time":172.75,"angle":90},{"type":"block","time":173,"angle":123.75},{"type":"block","time":173.5,"angle":123.75},{"type":"block","time":173.75,"angle":101.25},{"type":"block","time":173.25,"angle":146.25},{"type":"block","time":174,"angle":45},{"type":"block","time":174.25,"angle":78.75},{"type":"block","time":174.5,"angle":101.25},{"type":"block","time":174.75,"angle":33.75},{"type":"block","time":175,"angle":67.5},{"type":"block","time":175.25,"angle":112.5},{"type":"block","time":175.5,"angle":78.75},{"type":"block","time":175.75,"angle":45},{"type":"block","time":176,"angle":315},{"type":"block","time":176,"angle":337.5},{"type":"block","time":176.5,"angle":315},{"type":"block","time":176.5,"angle":337.5},{"type":"block","time":176.75,"angle":45},{"type":"block","time":176.75,"angle":67.5},{"type":"block","time":177.25,"angle":315},{"type":"block","time":177.25,"angle":337.5},{"type":"block","time":177.75,"angle":315},{"type":"block","time":177.75,"angle":337.5}]