{"metadata":{"description":"rube busder","artistLink":"https://twitter.com/tobyfox","songName":"Rude Buster","artist":"Toby Fox","difficulty":7,"bgData":{"greenChannel":{"g":255,"b":255,"r":255},"yellowChannel":{"g":255,"b":255,"r":255},"magentaChannel":{"g":255,"b":255,"r":255},"cyanChannel":{"g":255,"b":255,"r":255},"redChannel":{"g":1,"b":43,"r":36},"image":"BG.png","blueChannel":{"g":0,"b":172,"r":172}},"charter":"shoeless","bg":true},"events":[{"bpm":140,"type":"play","volume":0.80000001192093,"file":"Rude Buster.ogg","time":4,"angle":112.5},{"type":"ease","value":3,"time":0,"var":"scrollSpeed","angle":90},{"type":"showResults","time":193,"angle":45},{"sprite":"BG.png","type":"deco","id":"BG","y":0,"drawLayer":"bg","recolor":-1,"time":0,"x":0,"angle":67.5},{"type":"setColor","time":-1,"color":1,"angle":315},{"type":"setColor","time":-1,"color":0,"angle":337.5},{"type":"setColor","r":135,"g":0,"time":0,"b":135,"color":3,"angle":315},{"type":"setColor","r":36,"time":0,"color":2,"b":43,"g":1,"angle":337.5},{"type":"outline","time":0,"color":0,"enable":true,"angle":360},{"type":"setColor","r":255,"color":0,"g":255,"b":255,"time":0,"angle":22.5}],"properties":{"speed":70,"startBeat":0,"offset":4,"formatversion":13}}