{"metadata":{"difficulty":4,"bgData":{"image":"Demon_Days.PNG","redChannel":{"g":0,"r":255,"b":0},"blueChannel":{"g":14,"r":0,"b":32},"greenChannel":{"g":75,"r":132,"b":74},"yellowChannel":{"g":149,"r":127,"b":98},"magentaChannel":{"g":83,"r":115,"b":100},"cyanChannel":{"g":84,"r":55,"b":82}},"bg":true,"description":"A first for me :]\nTried to make an easier chart\nhope it plays well!\n\nMechanics used : Sides, Taps, Mines","artistLink":"https://www.youtube.com/@Gorillaz","songName":"Feel Good Inc","artist":"Gorillaz","charter":"Skooberdoodle"},"events":[{"time":0,"file":"FeelGood.ogg","type":"play","angle":0,"volume":1,"bpm":138.5299987793},{"id":"3","drawLayer":"bg","type":"deco","angle":22.5,"x":162,"drawOrder":8,"y":-2900,"time":-1,"outline":true,"sx":4.9999976158142,"sy":4.9999976158142,"sprite":"Tower.png"},{"type":"paddles","angle":45,"enabled":true,"time":48,"duration":1,"paddle":2,"ease":"outBack","newAngle":180},{"ox":0.10000000149012,"angle":67.5,"type":"deco","id":"1","time":152,"x":727,"y":122,"duration":71},{"drawLayer":"bg","type":"deco","id":"2","angle":337.5,"sx":0.89999997615814,"drawOrder":9,"time":10.5,"y":-125,"x":-12,"sy":0.89999997615814,"sprite":"Clouds 1.png"},{"drawLayer":"bg","type":"deco","id":"4","angle":22.5,"sx":0.89999997615814,"time":10.5,"drawOrder":7,"y":-125,"x":-44,"sy":0.89999997615814,"sprite":"Clouds 2.png"},{"drawLayer":"bg","type":"deco","angle":45,"id":"5","x":-56,"time":10.5,"drawOrder":6,"y":-125,"sx":0.89999997615814,"sy":0.89999997615814,"sprite":"Clouds 3.png"},{"type":"deco","id":"3","y":32,"sx":0.59999990463257,"time":13.5,"angle":360,"x":493,"duration":3.5,"ease":"inOutQuint","sy":0.59999990463257},{"time":-0,"angle":22.5,"type":"deco","duration":28,"id":"3","ease":"outSine","y":-676},{"time":1,"angle":337.5,"type":"deco","duration":3,"id":"8","ease":"inQuad","y":1000},{"angle":112.5,"time":-1,"x":300,"type":"deco","id":"8","y":-1000,"sprite":"Cloud past.png"},{"id":"9","time":-1,"type":"deco","x":-65,"angle":90,"y":-1000,"sprite":"Cloud past.png"},{"time":2,"angle":360,"type":"deco","duration":3,"id":"9","ease":"inQuart","y":1000},{"type":"deco","id":"10","angle":135,"recolor":2,"time":-1,"x":-400,"y":-1000,"sprite":"Cloud past.png"},{"time":2,"angle":22.5,"type":"deco","duration":2.5,"id":"10","ease":"outSine","y":1000},{"type":"deco","id":"11","angle":337.5,"x":-241,"sprite":"Cloud past.png","time":2,"y":-2000,"sx":1.5000001192093,"sy":2.4999997615814,"recolor":2},{"type":"deco","angle":0,"sy":2.599999666214,"time":9,"y":2000,"duration":2.5,"ease":"inSine","id":"11"},{"time":10.625,"id":"4","type":"deco","y":-150,"angle":22.5,"ease":"outCirc","duration":2},{"time":10.625,"angle":337.5,"type":"deco","duration":1,"id":"2","ease":"outQuad","y":-167},{"time":10.625,"angle":45,"type":"deco","duration":3.5,"id":"5","ease":"outCirc","y":-146},{"newAngle":0,"time":63,"type":"paddles","duration":1.5,"angle":90,"ease":"inOutQuad","paddle":2},{"enabled":false,"time":66,"type":"paddles","duration":0,"angle":90,"ease":"linear","paddle":2},{"type":"setColor","angle":225,"color":1,"b":0,"time":144,"g":0,"duration":1.5,"ease":"outSine","r":0},{"type":"setColor","angle":225,"color":2,"b":0,"time":144.5,"g":0,"duration":1.5,"ease":"outSine","r":0},{"type":"setColor","angle":225,"color":3,"b":0,"time":145.5,"g":0,"duration":1.5,"ease":"outSine","r":0},{"time":152,"type":"outline","angle":202.5,"order":0,"color":3,"enable":true},{"time":147.5,"type":"deco","id":"3","angle":247.5},{"type":"setColor","angle":270,"color":2,"b":172,"time":152,"g":182,"duration":2.5,"ease":"inQuad","r":106},{"type":"setColor","angle":247.5,"color":1,"b":27,"time":152,"g":38,"duration":2.5,"ease":"inQuad","r":15},{"type":"setColor","angle":292.5,"color":3,"b":136,"time":152,"g":129,"duration":2.5,"ease":"inQuad","r":44},{"time":113.5,"type":"setColor","angle":292.5,"color":0},{"type":"setColor","angle":202.5,"color":0,"b":223,"time":147.5,"g":231,"duration":4.5,"ease":"outQuad","r":172},{"drawLayer":"bg","type":"deco","id":"1","angle":135,"time":148,"drawOrder":10,"outline":true,"x":-190,"y":162,"sprite":"island!go"},{"order":0,"drawLayer":"bg","type":"deco","angle":225,"id":"7","drawOrder":8,"y":0,"time":222,"sx":2.9999992847443,"x":0,"sy":2.9999992847443,"sprite":"Inside.png"},{"type":"setColor","g":242,"color":0,"b":242,"time":216,"r":153,"duration":5,"angle":157.5},{"time":222,"type":"deco","hide":true,"angle":337.5,"id":"2"},{"time":222,"id":"4","hide":true,"angle":0,"type":"deco"},{"time":222,"type":"deco","hide":true,"angle":33.75,"id":"5"},{"type":"setColor","angle":112.5,"color":1,"b":5,"time":222,"g":5,"duration":1.5,"ease":"outSine","r":23},{"time":222,"type":"noise","angle":67.5,"color":1,"chance":0.82999950647354},{"type":"setColor","angle":90,"color":3,"b":45,"time":222,"g":45,"duration":1.5,"ease":"outSine","r":49},{"type":"setColor","angle":135,"color":2,"b":8,"time":222,"g":8,"duration":1.5,"ease":"outSine","r":54},{"type":"paddles","angle":90,"enabled":true,"time":154,"duration":1,"paddle":2,"ease":"inOutQuad","newAngle":180},{"time":224,"id":"15","type":"deco","angle":225,"sprite":"Murdoc!Bar1"},{"time":232,"id":"15","type":"deco","angle":225,"sprite":"Murdoc!Bar2"},{"time":240,"id":"15","type":"deco","angle":225,"sprite":"Murdoc!Bar1"},{"time":248,"id":"15","type":"deco","angle":225,"sprite":"Murdoc!Bar2"},{"time":256,"id":"15","type":"deco","angle":225,"sprite":"Murdoc!Bar1"},{"time":264,"id":"15","type":"deco","angle":180,"sprite":"Murdoc!Bar2"},{"newAngle":0,"time":198,"type":"paddles","duration":4,"angle":101.25,"ease":"inOutElastic","paddle":2},{"type":"setColor","angle":90,"color":1,"b":0,"time":212,"g":0,"duration":4,"ease":"linear","r":0},{"type":"setColor","angle":67.5,"color":2,"b":0,"time":212,"g":0,"duration":4,"ease":"linear","r":0},{"type":"setColor","angle":112.5,"color":0,"b":255,"r":255,"g":255,"duration":4,"ease":"linear","time":212},{"type":"setColor","angle":45,"color":3,"b":0,"time":212,"g":0,"duration":4,"ease":"linear","r":0},{"time":212,"type":"outline","angle":135,"color":0,"enable":false},{"type":"deco","angle":202.5,"id":"7","time":222,"order":2,"sx":1,"sy":1,"ease":"outQuart","duration":2},{"time":212,"angle":225,"type":"deco","duration":4,"id":"2","ease":"inCubic","y":400},{"drawLayer":"bg","type":"deco","angle":225,"id":"15","drawOrder":10,"time":222.75,"outline":true,"x":20,"y":370,"ease":"outElastic","sprite":"Murdoc#0"},{"time":223.33332824707,"angle":225,"type":"deco","duration":1,"id":"15","ease":"outElastic","y":271},{"drawLayer":"bg","type":"deco","angle":247.5,"id":"16","drawOrder":10,"time":222.66667175293,"outline":true,"x":277,"y":370,"sprite":"2D#0"},{"time":223.33332824707,"angle":247.5,"type":"deco","duration":1,"id":"16","ease":"outElastic","y":281},{"time":224,"id":"16","type":"deco","angle":247.5,"sprite":"2D!Idle"},{"type":"deco","angle":292.5,"y":-533,"id":"0","time":-1,"x":0,"sx":1.5000001192093,"sy":1.700000166893,"sprite":"IntGrad.png"},{"time":1,"angle":315,"type":"deco","duration":2,"id":"0","ease":"outSine","y":516},{"type":"setColor","angle":247.5,"color":0,"b":190,"time":10,"g":200,"duration":0.5,"ease":"linear","r":255},{"type":"setColor","angle":292.5,"color":1,"b":14,"time":10,"g":14,"duration":0.5,"ease":"linear","r":51},{"type":"setColor","angle":157.5,"color":3,"b":119,"time":10,"g":126,"duration":0.5,"ease":"linear","r":211},{"type":"setColor","angle":180,"color":2,"b":83,"time":10,"g":73,"duration":0.5,"ease":"linear","r":149},{"time":272,"id":"15","type":"deco","angle":225,"sprite":"Murdoc!Bar1"},{"time":279,"id":"15","type":"deco","angle":225,"sprite":"Murdoc!Bar2"},{"time":288,"id":"15","type":"deco","angle":225,"sprite":"Murdoc!Bar1"},{"time":296,"angle":225,"type":"deco","id":"15","sprite":"Murdoc!Bar2"},{"time":304,"id":"15","type":"deco","angle":225,"sprite":"Murdoc!Bar1"},{"time":312,"id":"15","type":"deco","angle":225,"sprite":"Murdoc!Bar2"},{"angle":180,"time":324,"type":"showResults"},{"id":"33","drawLayer":"bg","type":"deco","angle":157.5,"x":-200,"time":148,"sy":0.79999995231628,"drawOrder":10,"outline":true,"sx":0.79999995231628,"y":149,"sprite":"Heli!go"},{"id":"34","drawLayer":"bg","type":"deco","angle":180,"sx":0.79999995231628,"time":148,"y":100,"drawOrder":10,"outline":true,"x":-200,"sy":0.79999995231628,"sprite":"Heli!go"},{"type":"deco","id":"33","angle":292.5,"time":184,"duration":55.5,"x":612,"y":150,"ease":"outSine","r":1},{"type":"deco","id":"34","angle":247.5,"time":184,"y":155,"x":662,"duration":45.5,"ease":"outSine","r":5},{"r":83,"time":10,"type":"setColor","angle":112.5,"g":24,"color":5,"b":32},{"r":184,"time":10,"type":"setColor","g":97,"angle":90,"color":7,"b":90},{"time":10,"type":"setBgColor","angle":315,"color":5},{"time":11,"type":"deco","x":42,"duration":202.5,"angle":337.5,"ease":"linear","id":"2"},{"time":-1,"type":"outline","angle":247.5,"color":0,"enable":true},{"type":"setColor","angle":247.5,"color":4,"b":0,"r":0,"g":0,"duration":1.5,"ease":"outSine","time":144},{"type":"setColor","g":0,"color":5,"b":0,"r":0,"angle":247.5,"duration":1.5,"ease":"outSine","time":144.5},{"type":"setColor","angle":247.5,"color":7,"b":0,"r":0,"g":0,"duration":1.5,"ease":"outSine","time":145.5},{"type":"setColor","angle":270,"color":0,"b":255,"r":255,"time":144,"duration":1.5,"ease":"linear","g":255},{"type":"setColor","angle":337.5,"color":5,"b":65,"time":152,"g":55,"duration":2.5,"ease":"inSine","r":0},{"time":144,"type":"outline","angle":292.5,"color":0,"enable":false},{"type":"setColor","angle":360,"color":5,"b":0,"r":0,"g":0,"duration":4,"time":212},{"type":"setColor","g":111,"color":5,"b":111,"r":111,"time":222,"duration":1.5,"angle":292.5},{"r":47,"time":222.66667175293,"type":"setColor","angle":270,"g":50,"color":7,"b":51},{"time":222.66667175293,"r":113,"type":"setColor","g":188,"angle":292.5,"color":6,"b":210},{"time":222,"type":"setColor","angle":270,"color":0},{"time":222,"r":28,"type":"setColor","angle":315,"g":59,"color":4,"b":48},{"type":"setColor","g":0,"color":0,"b":0,"r":0,"time":320,"duration":2.9999997615814,"angle":247.5},{"type":"setColor","g":0,"color":1,"b":0,"time":320,"angle":225,"duration":2.9999997615814,"r":0},{"type":"setColor","g":0,"color":4,"b":0,"time":320,"angle":157.5,"duration":2.9999997615814,"r":0},{"type":"setColor","g":0,"color":2,"b":0,"r":0,"angle":202.5,"duration":2.9999997615814,"time":320},{"type":"setColor","angle":180,"color":3,"b":0,"r":0,"time":320,"duration":2.9999997615814,"g":0},{"type":"setColor","angle":135,"color":5,"b":0,"r":0,"time":320,"duration":3,"g":0},{"time":320,"type":"setColor","angle":112.5,"color":6,"duration":3},{"r":130,"time":152,"type":"setColor","g":99,"angle":22.5,"color":6,"b":124},{"type":"setColor","angle":315,"color":4,"b":70,"r":60,"g":80,"duration":0,"time":152},{"time":216,"id":"34","hide":true,"angle":225,"type":"deco"},{"time":216,"type":"deco","hide":true,"angle":202.5,"id":"33"},{"time":222,"type":"outline","angle":247.5,"color":0,"enable":true},{"type":"setColor","angle":315,"color":7,"b":0,"r":0,"g":0,"duration":4,"ease":"linear","time":212},{"type":"setColor","g":0,"color":6,"b":0,"time":212,"r":0,"duration":4,"ease":"linear","angle":337.5},{"type":"setColor","g":0,"color":4,"b":0,"time":212,"r":0,"duration":4,"ease":"linear","angle":22.5},{"type":"deco","time":11,"duration":218,"x":-10,"angle":22.5,"id":"4"},{"type":"deco","time":11,"angle":45,"x":-6,"id":"5","duration":304.5},{"time":216,"angle":247.5,"hide":true,"id":"3","type":"deco"}],"properties":{"formatversion":12,"startBeat":0,"speed":80,"loadBeat":-1,"offset":8}}