[{"sprite":"rain.png","type":"deco","id":"raina","angle":90,"time":0,"y":250,"x":0},{"ease":"inSine","type":"deco","id":"raina","angle":90,"time":0.25,"x":700,"duration":1},{"sprite":"rain.png","id":"rainb","type":"deco","angle":90,"x":0,"y":138,"time":0.0625},{"ease":"inSine","id":"rainb","type":"deco","angle":90,"time":0.3125,"x":700,"duration":1},{"sprite":"rain.png","type":"deco","id":"rainc","angle":90,"time":0.125,"y":370,"x":0},{"ease":"inSine","type":"deco","id":"rainc","angle":90,"time":0.375,"x":700,"duration":1},{"sprite":"rain.png","type":"deco","id":"raind","angle":90,"time":0.1875,"y":58,"x":0},{"ease":"inSine","type":"deco","id":"raind","angle":90,"time":0.4375,"x":700,"duration":1},{"sprite":"rain.png","type":"deco","id":"raine","angle":90,"time":0.25,"y":30,"x":0},{"ease":"inSine","type":"deco","id":"raine","angle":90,"time":0.5,"x":700,"duration":1},{"sprite":"rain.png","type":"deco","id":"rainf","angle":90,"time":0.3125,"y":173,"x":0},{"ease":"inSine","type":"deco","id":"rainf","angle":90,"time":0.5625,"x":700,"duration":1},{"sprite":"rain.png","type":"deco","id":"raing","angle":90,"time":0.375,"y":48,"x":0},{"ease":"inSine","type":"deco","id":"raing","angle":90,"time":0.625,"x":700,"duration":1},{"sprite":"rain.png","type":"deco","id":"rainh","angle":90,"time":0.4375,"y":291,"x":0},{"ease":"inSine","type":"deco","id":"rainh","angle":90,"time":0.6875,"x":700,"duration":1},{"sprite":"rain.png","type":"deco","id":"raini","angle":90,"time":0.5,"y":60,"x":0},{"ease":"inSine","type":"deco","id":"raini","angle":90,"time":0.75,"x":700,"duration":1},{"sprite":"rain.png","type":"deco","id":"rainj","angle":90,"time":0.5625,"y":179,"x":0},{"ease":"inSine","type":"deco","id":"rainj","angle":90,"time":0.8125,"x":700,"duration":1}]