[{"time":0,"angle":315,"type":"extraTap"},{"time":8,"angle":315,"type":"extraTap"},{"time":16,"angle":315,"type":"extraTap"},{"time":24,"angle":315,"type":"extraTap"},{"time":32,"angle":315,"type":"extraTap"},{"time":40,"angle":315,"type":"extraTap"},{"time":48,"angle":315,"type":"extraTap"},{"time":56,"angle":315,"type":"extraTap"},{"time":64,"angle":315,"type":"extraTap"},{"time":72,"angle":315,"type":"extraTap"},{"time":80,"angle":315,"type":"extraTap"},{"time":88,"angle":315,"type":"extraTap"},{"time":99,"angle":315,"type":"extraTap"},{"duration":4,"time":-0,"angle":67.5,"type":"hold","segments":12,"holdEase":"outSine","angle2":247.5},{"duration":1.5,"time":4,"angle":247.5,"type":"hold","holdEase":"outCubic","angle2":315},{"duration":1,"time":5.5,"angle":315,"type":"hold","holdEase":"outCubic","angle2":270},{"duration":5.5,"time":6.5,"angle":270,"type":"hold","holdEase":"outCubic","angle2":135},{"duration":1.5,"time":12,"angle":135,"type":"hold","holdEase":"outCubic","angle2":236.25},{"duration":1.5,"time":13.5,"angle":236.25,"type":"hold","angle2":135},{"duration":1,"time":15,"angle":135,"type":"hold","holdEase":"outCubic","angle2":0},{"time":19,"angle":11.25,"type":"block"},{"time":18.5,"angle":427.5,"type":"block"},{"time":19,"angle":348.75,"type":"block"},{"time":19,"angle":33.75,"type":"block"},{"time":18.5,"angle":450,"type":"block"},{"time":18.5,"angle":405,"type":"block"},{"time":23,"angle":236.25,"type":"block"},{"time":23,"angle":213.75,"type":"block"},{"time":23,"angle":191.25,"type":"block"},{"duration":1.5,"time":20,"angle":90,"type":"hold","angle2":180},{"time":25.5,"angle":270,"type":"block"},{"time":26.5,"angle":326.25,"type":"side"},{"time":26.5,"angle":315,"type":"side"},{"time":27,"angle":225,"type":"side"},{"time":27,"angle":236.25,"type":"side"},{"duration":1.5,"time":28,"angle":270,"type":"hold","angle2":270},{"time":30.5,"angle":315,"type":"side"},{"time":30.5,"angle":326.25,"type":"side"},{"time":31,"angle":236.25,"type":"side"},{"time":31,"angle":225,"type":"side"},{"duration":1.5,"time":32,"angle":157.5,"type":"hold","holdEase":"outCubic","angle2":112.5},{"time":34.5,"angle":112.5,"type":"block"},{"time":34.5,"angle":90,"type":"block"},{"time":38.5,"angle":78.75,"type":"block"},{"time":39,"angle":22.5,"type":"block"},{"time":34.5,"angle":135,"type":"block"},{"time":35,"angle":78.75,"type":"block"},{"time":35,"angle":33.75,"type":"block"},{"time":35,"angle":56.25,"type":"block"},{"time":36,"angle":315,"type":"side"},{"time":37.5,"angle":191.25,"type":"side"},{"time":38.5,"angle":101.25,"type":"block"},{"time":38.5,"angle":56.25,"type":"block"},{"time":39,"angle":360,"type":"block"},{"time":39,"angle":45,"type":"block"},{"duration":3,"time":40,"angle":33.75,"type":"hold","angle2":33.75},{"time":42.5,"angle":78.75,"type":"side"},{"time":43,"angle":337.5,"type":"side"},{"time":44,"angle":191.25,"type":"side"},{"time":45.5,"angle":247.5,"type":"side"},{"duration":0.5,"time":46.5,"angle":202.5,"type":"hold","holdEase":"outSine","angle2":67.5},{"duration":1,"time":47,"angle":67.5,"type":"hold","holdEase":"outSine","angle2":-168.75},{"duration":0.5,"time":48,"angle":191.25,"type":"hold","angle2":281.25},{"duration":0.5,"time":48.5,"angle":281.25,"type":"hold","angle2":191.25},{"duration":0.5,"time":49,"angle":191.25,"type":"hold","angle2":281.25},{"duration":0.5,"time":49.5,"angle":281.25,"type":"hold","angle2":191.25},{"duration":0.5,"time":50,"angle":191.25,"type":"hold","angle2":281.25},{"duration":0.5,"time":50.5,"angle":281.25,"type":"hold","angle2":191.25},{"duration":0.5,"time":51,"angle":191.25,"type":"hold","angle2":281.25},{"duration":0.5,"time":51.5,"angle":281.25,"type":"hold","angle2":191.25},{"duration":2,"time":52,"angle":191.25,"type":"hold","angle2":360},{"duration":1,"time":54,"angle":360,"type":"hold","angle2":720},{"duration":1,"time":55,"angle":0,"type":"hold","angle2":-78.75},{"duration":0.25,"time":56,"angle":281.25,"type":"hold","angle2":360},{"duration":0.25,"time":56.25,"angle":0,"type":"hold","angle2":-101.25},{"duration":0.5,"time":56.5,"angle":258.75,"type":"hold","angle2":371.25},{"duration":0.5,"time":57,"angle":11.25,"type":"hold","angle2":-101.25},{"duration":2.5,"time":57.5,"angle":258.75,"type":"hold","angle2":337.5},{"time":62,"angle":11.25,"type":"block"},{"time":63,"angle":90,"type":"block"},{"duration":2,"time":64,"angle":146.25,"type":"hold","holdEase":"inCubic","angle2":180},{"duration":2,"time":66,"angle":180,"type":"hold","holdEase":"inCubic","angle2":247.5},{"time":70,"angle":281.25,"type":"block"},{"duration":3,"time":88,"angle":22.5,"type":"mineHold","tickRate":1,"angle2":146.25},{"duration":3,"time":88,"angle":112.5,"type":"mineHold","tickRate":1,"angle2":236.25},{"duration":1,"time":91,"angle":225,"type":"mineHold","angle2":202.5},{"duration":1,"time":91,"angle":157.5,"type":"mineHold","angle2":135},{"duration":1,"time":92,"angle":202.5,"type":"mineHold","angle2":236.25},{"duration":1,"time":92,"angle":135,"type":"mineHold","angle2":168.75},{"duration":1,"time":93,"angle":236.25,"type":"mineHold","angle2":191.25},{"duration":1,"time":93,"angle":168.75,"type":"mineHold","angle2":123.75},{"duration":1,"time":94,"angle":191.25,"type":"mineHold","angle2":247.5},{"duration":1,"time":94,"angle":123.75,"type":"mineHold","angle2":180},{"duration":1,"time":95,"angle":247.5,"type":"mineHold","angle2":180},{"duration":1,"time":95,"angle":180,"type":"mineHold","angle2":112.5},{"duration":0.25,"speedMult":6,"angle":56.25,"time":0.5,"type":"mineHold","holdEase":"outSine","angle2":67.5},{"duration":0.25,"speedMult":6,"angle":56.25,"time":0.5,"type":"mineHold","holdEase":"outSine","angle2":45},{"duration":0.25,"speedMult":6,"angle":45,"time":0.75,"type":"mineHold","holdEase":"inSine","angle2":56.25},{"duration":0.25,"speedMult":6,"angle":67.5,"time":0.75,"type":"mineHold","holdEase":"inSine","angle2":56.25},{"duration":0.25,"speedMult":6,"angle":56.25,"time":1,"type":"mineHold","holdEase":"outSine","angle2":67.5},{"duration":0.25,"speedMult":6,"angle":56.25,"time":1,"type":"mineHold","holdEase":"outSine","angle2":45},{"duration":0.25,"speedMult":6,"angle":45,"time":1.25,"type":"mineHold","holdEase":"inSine","angle2":56.25},{"duration":0.25,"speedMult":6,"angle":67.5,"time":1.25,"type":"mineHold","holdEase":"inSine","angle2":56.25},{"duration":0.25,"speedMult":6,"angle":56.25,"time":1.5,"type":"mineHold","holdEase":"outSine","angle2":67.5},{"duration":0.25,"speedMult":6,"angle":56.25,"time":1.5,"type":"mineHold","holdEase":"outSine","angle2":45},{"duration":0.25,"speedMult":6,"angle":45,"time":1.75,"type":"mineHold","holdEase":"inSine","angle2":56.25},{"duration":0.25,"speedMult":6,"angle":67.5,"time":1.75,"type":"mineHold","holdEase":"inSine","angle2":56.25},{"duration":0.25,"speedMult":6,"angle":56.25,"time":2,"type":"mineHold","holdEase":"outSine","angle2":67.5},{"duration":0.25,"speedMult":6,"angle":56.25,"time":2,"type":"mineHold","holdEase":"outSine","angle2":45},{"duration":0.25,"speedMult":6,"angle":45,"time":2.25,"type":"mineHold","holdEase":"inSine","angle2":56.25},{"duration":0.25,"speedMult":6,"angle":67.5,"time":2.25,"type":"mineHold","holdEase":"inSine","angle2":56.25},{"duration":0.25,"speedMult":6,"angle":56.25,"time":2.5,"type":"mineHold","holdEase":"outSine","angle2":67.5},{"duration":0.25,"speedMult":6,"angle":56.25,"time":2.5,"type":"mineHold","holdEase":"outSine","angle2":45},{"duration":0.25,"speedMult":6,"angle":45,"time":2.75,"type":"mineHold","holdEase":"inSine","angle2":56.25},{"duration":0.25,"speedMult":6,"angle":67.5,"time":2.75,"type":"mineHold","holdEase":"inSine","angle2":56.25},{"duration":0.25,"speedMult":6,"angle":-22.5,"time":8.5,"type":"mineHold","holdEase":"outSine","angle2":-11.25},{"duration":0.25,"speedMult":6,"angle":-22.5,"time":8.5,"type":"mineHold","holdEase":"outSine","angle2":-33.75},{"duration":0.25,"speedMult":6,"angle":-33.75,"time":8.75,"type":"mineHold","holdEase":"inSine","angle2":-22.5},{"duration":0.25,"speedMult":6,"angle":-11.25,"time":8.75,"type":"mineHold","holdEase":"inSine","angle2":-22.5},{"duration":0.25,"speedMult":6,"angle":-22.5,"time":9,"type":"mineHold","holdEase":"outSine","angle2":-11.25},{"duration":0.25,"speedMult":6,"angle":-22.5,"time":9,"type":"mineHold","holdEase":"outSine","angle2":-33.75},{"duration":0.25,"speedMult":6,"angle":-33.75,"time":9.25,"type":"mineHold","holdEase":"inSine","angle2":-22.5},{"duration":0.25,"speedMult":6,"angle":-11.25,"time":9.25,"type":"mineHold","holdEase":"inSine","angle2":-22.5},{"duration":0.25,"speedMult":6,"angle":-22.5,"time":9.5,"type":"mineHold","holdEase":"outSine","angle2":-11.25},{"duration":0.25,"speedMult":6,"angle":-22.5,"time":9.5,"type":"mineHold","holdEase":"outSine","angle2":-33.75},{"duration":0.25,"speedMult":6,"angle":-33.75,"time":9.75,"type":"mineHold","holdEase":"inSine","angle2":-22.5},{"duration":0.25,"speedMult":6,"angle":-11.25,"time":9.75,"type":"mineHold","holdEase":"inSine","angle2":-22.5},{"duration":0.25,"speedMult":6,"angle":-22.5,"time":10,"type":"mineHold","holdEase":"outSine","angle2":-11.25},{"duration":0.25,"speedMult":6,"angle":-22.5,"time":10,"type":"mineHold","holdEase":"outSine","angle2":-33.75},{"duration":0.25,"speedMult":6,"angle":-33.75,"time":10.25,"type":"mineHold","holdEase":"inSine","angle2":-22.5},{"duration":0.25,"speedMult":6,"angle":-11.25,"time":10.25,"type":"mineHold","holdEase":"inSine","angle2":-22.5},{"duration":0.25,"speedMult":6,"angle":-22.5,"time":10.5,"type":"mineHold","holdEase":"outSine","angle2":-11.25},{"duration":0.25,"speedMult":6,"angle":-22.5,"time":10.5,"type":"mineHold","holdEase":"outSine","angle2":-33.75},{"duration":0.25,"speedMult":6,"angle":-33.75,"time":10.75,"type":"mineHold","holdEase":"inSine","angle2":-22.5},{"duration":0.25,"speedMult":6,"angle":-11.25,"time":10.75,"type":"mineHold","holdEase":"inSine","angle2":-22.5},{"duration":0.25,"speedMult":6,"angle":168.75,"time":16.5,"type":"mineHold","holdEase":"outSine","angle2":180},{"duration":0.25,"speedMult":6,"angle":168.75,"time":16.5,"type":"mineHold","holdEase":"outSine","angle2":157.5},{"duration":0.25,"speedMult":6,"angle":157.5,"time":16.75,"type":"mineHold","holdEase":"inSine","angle2":168.75},{"duration":0.25,"speedMult":6,"angle":180,"time":16.75,"type":"mineHold","holdEase":"inSine","angle2":168.75},{"duration":0.25,"speedMult":6,"angle":168.75,"time":17,"type":"mineHold","holdEase":"outSine","angle2":180},{"duration":0.25,"speedMult":6,"angle":168.75,"time":17,"type":"mineHold","holdEase":"outSine","angle2":157.5},{"duration":0.25,"speedMult":6,"angle":157.5,"time":17.25,"type":"mineHold","holdEase":"inSine","angle2":168.75},{"duration":0.25,"speedMult":6,"angle":180,"time":17.25,"type":"mineHold","holdEase":"inSine","angle2":168.75},{"duration":0.25,"speedMult":6,"angle":168.75,"time":17.5,"type":"mineHold","holdEase":"outSine","angle2":180},{"duration":0.25,"speedMult":6,"angle":168.75,"time":17.5,"type":"mineHold","holdEase":"outSine","angle2":157.5},{"duration":0.25,"speedMult":6,"angle":157.5,"time":17.75,"type":"mineHold","holdEase":"inSine","angle2":168.75},{"duration":0.25,"speedMult":6,"angle":180,"time":17.75,"type":"mineHold","holdEase":"inSine","angle2":168.75},{"duration":0.25,"speedMult":6,"angle":168.75,"time":18,"type":"mineHold","holdEase":"outSine","angle2":180},{"duration":0.25,"speedMult":6,"angle":168.75,"time":18,"type":"mineHold","holdEase":"outSine","angle2":157.5},{"duration":0.25,"speedMult":6,"angle":157.5,"time":18.25,"type":"mineHold","holdEase":"inSine","angle2":168.75},{"duration":0.25,"speedMult":6,"angle":180,"time":18.25,"type":"mineHold","holdEase":"inSine","angle2":168.75},{"duration":0.25,"speedMult":6,"angle":168.75,"time":18.5,"type":"mineHold","holdEase":"outSine","angle2":180},{"duration":0.25,"speedMult":6,"angle":168.75,"time":18.5,"type":"mineHold","holdEase":"outSine","angle2":157.5},{"duration":0.25,"speedMult":6,"angle":157.5,"time":18.75,"type":"mineHold","holdEase":"inSine","angle2":168.75},{"duration":0.25,"speedMult":6,"angle":180,"time":18.75,"type":"mineHold","holdEase":"inSine","angle2":168.75},{"duration":0.25,"speedMult":6,"angle":78.75,"time":24.5,"type":"mineHold","holdEase":"outSine","angle2":90},{"duration":0.25,"speedMult":6,"angle":78.75,"time":24.5,"type":"mineHold","holdEase":"outSine","angle2":67.5},{"duration":0.25,"speedMult":6,"angle":67.5,"time":24.75,"type":"mineHold","holdEase":"inSine","angle2":78.75},{"duration":0.25,"speedMult":6,"angle":90,"time":24.75,"type":"mineHold","holdEase":"inSine","angle2":78.75},{"duration":0.25,"speedMult":6,"angle":78.75,"time":25,"type":"mineHold","holdEase":"outSine","angle2":90},{"duration":0.25,"speedMult":6,"angle":78.75,"time":25,"type":"mineHold","holdEase":"outSine","angle2":67.5},{"duration":0.25,"speedMult":6,"angle":67.5,"time":25.25,"type":"mineHold","holdEase":"inSine","angle2":78.75},{"duration":0.25,"speedMult":6,"angle":90,"time":25.25,"type":"mineHold","holdEase":"inSine","angle2":78.75},{"duration":0.25,"speedMult":6,"angle":78.75,"time":25.5,"type":"mineHold","holdEase":"outSine","angle2":90},{"duration":0.25,"speedMult":6,"angle":78.75,"time":25.5,"type":"mineHold","holdEase":"outSine","angle2":67.5},{"duration":0.25,"speedMult":6,"angle":67.5,"time":25.75,"type":"mineHold","holdEase":"inSine","angle2":78.75},{"duration":0.25,"speedMult":6,"angle":90,"time":25.75,"type":"mineHold","holdEase":"inSine","angle2":78.75},{"duration":0.25,"speedMult":6,"angle":78.75,"time":26,"type":"mineHold","holdEase":"outSine","angle2":90},{"duration":0.25,"speedMult":6,"angle":78.75,"time":26,"type":"mineHold","holdEase":"outSine","angle2":67.5},{"duration":0.25,"speedMult":6,"angle":67.5,"time":26.25,"type":"mineHold","holdEase":"inSine","angle2":78.75},{"duration":0.25,"speedMult":6,"angle":90,"time":26.25,"type":"mineHold","holdEase":"inSine","angle2":78.75},{"duration":0.25,"speedMult":6,"angle":78.75,"time":26.5,"type":"mineHold","holdEase":"outSine","angle2":90},{"duration":0.25,"speedMult":6,"angle":78.75,"time":26.5,"type":"mineHold","holdEase":"outSine","angle2":67.5},{"duration":0.25,"speedMult":6,"angle":67.5,"time":26.75,"type":"mineHold","holdEase":"inSine","angle2":78.75},{"duration":0.25,"speedMult":6,"angle":90,"time":26.75,"type":"mineHold","holdEase":"inSine","angle2":78.75},{"duration":0.25,"speedMult":6,"angle":-67.5,"time":32.5,"type":"mineHold","holdEase":"outSine","angle2":-56.25},{"duration":0.25,"speedMult":6,"angle":-67.5,"time":32.5,"type":"mineHold","holdEase":"outSine","angle2":-78.75},{"duration":0.25,"speedMult":6,"angle":-78.75,"time":32.75,"type":"mineHold","holdEase":"inSine","angle2":-67.5},{"duration":0.25,"speedMult":6,"angle":-56.25,"time":32.75,"type":"mineHold","holdEase":"inSine","angle2":-67.5},{"duration":0.25,"speedMult":6,"angle":-67.5,"time":33,"type":"mineHold","holdEase":"outSine","angle2":-56.25},{"duration":0.25,"speedMult":6,"angle":-67.5,"time":33,"type":"mineHold","holdEase":"outSine","angle2":-78.75},{"duration":0.25,"speedMult":6,"angle":-78.75,"time":33.25,"type":"mineHold","holdEase":"inSine","angle2":-67.5},{"duration":0.25,"speedMult":6,"angle":-56.25,"time":33.25,"type":"mineHold","holdEase":"inSine","angle2":-67.5},{"duration":0.25,"speedMult":6,"angle":-67.5,"time":33.5,"type":"mineHold","holdEase":"outSine","angle2":-56.25},{"duration":0.25,"speedMult":6,"angle":-67.5,"time":33.5,"type":"mineHold","holdEase":"outSine","angle2":-78.75},{"duration":0.25,"speedMult":6,"angle":-78.75,"time":33.75,"type":"mineHold","holdEase":"inSine","angle2":-67.5},{"duration":0.25,"speedMult":6,"angle":-56.25,"time":33.75,"type":"mineHold","holdEase":"inSine","angle2":-67.5},{"duration":0.25,"speedMult":6,"angle":-67.5,"time":34,"type":"mineHold","holdEase":"outSine","angle2":-56.25},{"duration":0.25,"speedMult":6,"angle":-67.5,"time":34,"type":"mineHold","holdEase":"outSine","angle2":-78.75},{"duration":0.25,"speedMult":6,"angle":-78.75,"time":34.25,"type":"mineHold","holdEase":"inSine","angle2":-67.5},{"duration":0.25,"speedMult":6,"angle":-56.25,"time":34.25,"type":"mineHold","holdEase":"inSine","angle2":-67.5},{"duration":0.25,"speedMult":6,"angle":-67.5,"time":34.5,"type":"mineHold","holdEase":"outSine","angle2":-56.25},{"duration":0.25,"speedMult":6,"angle":-67.5,"time":34.5,"type":"mineHold","holdEase":"outSine","angle2":-78.75},{"duration":0.25,"speedMult":6,"angle":-78.75,"time":34.75,"type":"mineHold","holdEase":"inSine","angle2":-67.5},{"duration":0.25,"speedMult":6,"angle":-56.25,"time":34.75,"type":"mineHold","holdEase":"inSine","angle2":-67.5},{"duration":0.25,"speedMult":6,"angle":-146.25,"time":40.25,"type":"mineHold","holdEase":"outSine","angle2":-135},{"duration":0.25,"speedMult":6,"angle":-146.25,"time":40.25,"type":"mineHold","holdEase":"outSine","angle2":-157.5},{"duration":0.25,"speedMult":6,"angle":-157.5,"time":40.5,"type":"mineHold","holdEase":"inSine","angle2":-146.25},{"duration":0.25,"speedMult":6,"angle":-135,"time":40.5,"type":"mineHold","holdEase":"inSine","angle2":-146.25},{"duration":0.25,"speedMult":6,"angle":-146.25,"time":40.75,"type":"mineHold","holdEase":"outSine","angle2":-135},{"duration":0.25,"speedMult":6,"angle":-146.25,"time":40.75,"type":"mineHold","holdEase":"outSine","angle2":-157.5},{"duration":0.25,"speedMult":6,"angle":-157.5,"time":41,"type":"mineHold","holdEase":"inSine","angle2":-146.25},{"duration":0.25,"speedMult":6,"angle":-135,"time":41,"type":"mineHold","holdEase":"inSine","angle2":-146.25},{"duration":0.25,"speedMult":6,"angle":-146.25,"time":41.25,"type":"mineHold","holdEase":"outSine","angle2":-135},{"duration":0.25,"speedMult":6,"angle":-146.25,"time":41.25,"type":"mineHold","holdEase":"outSine","angle2":-157.5},{"duration":0.25,"speedMult":6,"angle":-157.5,"time":41.5,"type":"mineHold","holdEase":"inSine","angle2":-146.25},{"duration":0.25,"speedMult":6,"angle":-135,"time":41.5,"type":"mineHold","holdEase":"inSine","angle2":-146.25},{"duration":0.25,"speedMult":6,"angle":-146.25,"time":41.75,"type":"mineHold","holdEase":"outSine","angle2":-135},{"duration":0.25,"speedMult":6,"angle":-146.25,"time":41.75,"type":"mineHold","holdEase":"outSine","angle2":-157.5},{"duration":0.25,"speedMult":6,"angle":-157.5,"time":42,"type":"mineHold","holdEase":"inSine","angle2":-146.25},{"duration":0.25,"speedMult":6,"angle":-135,"time":42,"type":"mineHold","holdEase":"inSine","angle2":-146.25},{"duration":0.25,"speedMult":6,"angle":-146.25,"time":42.25,"type":"mineHold","holdEase":"outSine","angle2":-135},{"duration":0.25,"speedMult":6,"angle":-146.25,"time":42.25,"type":"mineHold","holdEase":"outSine","angle2":-157.5},{"duration":0.25,"speedMult":6,"angle":-157.5,"time":42.5,"type":"mineHold","holdEase":"inSine","angle2":-146.25},{"duration":0.25,"speedMult":6,"angle":-135,"time":42.5,"type":"mineHold","holdEase":"inSine","angle2":-146.25},{"duration":0.25,"speedMult":6,"angle":56.25,"time":48.5,"type":"mineHold","holdEase":"outSine","angle2":67.5},{"duration":0.25,"speedMult":6,"angle":56.25,"time":48.5,"type":"mineHold","holdEase":"outSine","angle2":45},{"duration":0.25,"speedMult":6,"angle":45,"time":48.75,"type":"mineHold","holdEase":"inSine","angle2":56.25},{"duration":0.25,"speedMult":6,"angle":67.5,"time":48.75,"type":"mineHold","holdEase":"inSine","angle2":56.25},{"duration":0.25,"speedMult":6,"angle":56.25,"time":49,"type":"mineHold","holdEase":"outSine","angle2":67.5},{"duration":0.25,"speedMult":6,"angle":56.25,"time":49,"type":"mineHold","holdEase":"outSine","angle2":45},{"duration":0.25,"speedMult":6,"angle":45,"time":49.25,"type":"mineHold","holdEase":"inSine","angle2":56.25},{"duration":0.25,"speedMult":6,"angle":67.5,"time":49.25,"type":"mineHold","holdEase":"inSine","angle2":56.25},{"duration":0.25,"speedMult":6,"angle":56.25,"time":49.5,"type":"mineHold","holdEase":"outSine","angle2":67.5},{"duration":0.25,"speedMult":6,"angle":56.25,"time":49.5,"type":"mineHold","holdEase":"outSine","angle2":45},{"duration":0.25,"speedMult":6,"angle":45,"time":49.75,"type":"mineHold","holdEase":"inSine","angle2":56.25},{"duration":0.25,"speedMult":6,"angle":67.5,"time":49.75,"type":"mineHold","holdEase":"inSine","angle2":56.25},{"duration":0.25,"speedMult":6,"angle":56.25,"time":50,"type":"mineHold","holdEase":"outSine","angle2":67.5},{"duration":0.25,"speedMult":6,"angle":56.25,"time":50,"type":"mineHold","holdEase":"outSine","angle2":45},{"duration":0.25,"speedMult":6,"angle":45,"time":50.25,"type":"mineHold","holdEase":"inSine","angle2":56.25},{"duration":0.25,"speedMult":6,"angle":67.5,"time":50.25,"type":"mineHold","holdEase":"inSine","angle2":56.25},{"duration":0.25,"speedMult":6,"angle":56.25,"time":50.5,"type":"mineHold","holdEase":"outSine","angle2":67.5},{"duration":0.25,"speedMult":6,"angle":56.25,"time":50.5,"type":"mineHold","holdEase":"outSine","angle2":45},{"duration":0.25,"speedMult":6,"angle":45,"time":50.75,"type":"mineHold","holdEase":"inSine","angle2":56.25},{"duration":0.25,"speedMult":6,"angle":67.5,"time":50.75,"type":"mineHold","holdEase":"inSine","angle2":56.25},{"duration":0.25,"speedMult":6,"angle":123.75,"time":56.5,"type":"mineHold","holdEase":"outSine","angle2":135},{"duration":0.25,"speedMult":6,"angle":123.75,"time":56.5,"type":"mineHold","holdEase":"outSine","angle2":112.5},{"duration":0.25,"speedMult":6,"angle":112.5,"time":56.75,"type":"mineHold","holdEase":"inSine","angle2":123.75},{"duration":0.25,"speedMult":6,"angle":135,"time":56.75,"type":"mineHold","holdEase":"inSine","angle2":123.75},{"duration":0.25,"speedMult":6,"angle":123.75,"time":57,"type":"mineHold","holdEase":"outSine","angle2":135},{"duration":0.25,"speedMult":6,"angle":123.75,"time":57,"type":"mineHold","holdEase":"outSine","angle2":112.5},{"duration":0.25,"speedMult":6,"angle":112.5,"time":57.25,"type":"mineHold","holdEase":"inSine","angle2":123.75},{"duration":0.25,"speedMult":6,"angle":135,"time":57.25,"type":"mineHold","holdEase":"inSine","angle2":123.75},{"duration":0.25,"speedMult":6,"angle":123.75,"time":57.5,"type":"mineHold","holdEase":"outSine","angle2":135},{"duration":0.25,"speedMult":6,"angle":123.75,"time":57.5,"type":"mineHold","holdEase":"outSine","angle2":112.5},{"duration":0.25,"speedMult":6,"angle":112.5,"time":57.75,"type":"mineHold","holdEase":"inSine","angle2":123.75},{"duration":0.25,"speedMult":6,"angle":135,"time":57.75,"type":"mineHold","holdEase":"inSine","angle2":123.75},{"duration":0.25,"speedMult":6,"angle":123.75,"time":58,"type":"mineHold","holdEase":"outSine","angle2":135},{"duration":0.25,"speedMult":6,"angle":123.75,"time":58,"type":"mineHold","holdEase":"outSine","angle2":112.5},{"duration":0.25,"speedMult":6,"angle":112.5,"time":58.25,"type":"mineHold","holdEase":"inSine","angle2":123.75},{"duration":0.25,"speedMult":6,"angle":135,"time":58.25,"type":"mineHold","holdEase":"inSine","angle2":123.75},{"duration":0.25,"speedMult":6,"angle":123.75,"time":58.5,"type":"mineHold","holdEase":"outSine","angle2":135},{"duration":0.25,"speedMult":6,"angle":123.75,"time":58.5,"type":"mineHold","holdEase":"outSine","angle2":112.5},{"duration":0.25,"speedMult":6,"angle":112.5,"time":58.75,"type":"mineHold","holdEase":"inSine","angle2":123.75},{"duration":0.25,"speedMult":6,"angle":135,"time":58.75,"type":"mineHold","holdEase":"inSine","angle2":123.75},{"duration":0.25,"speedMult":6,"angle":-11.25,"time":64.5,"type":"mineHold","holdEase":"outSine","angle2":56.25},{"duration":0.25,"speedMult":6,"angle":-11.25,"time":64.5,"type":"mineHold","holdEase":"outSine","angle2":-78.75},{"duration":0.25,"speedMult":6,"angle":281.25,"time":64.75,"type":"mineHold","holdEase":"inSine","angle2":348.75},{"duration":0.25,"speedMult":6,"angle":56.25,"time":64.75,"type":"mineHold","holdEase":"inSine","angle2":-11.25},{"duration":0.25,"speedMult":6,"angle":-11.25,"time":65,"type":"mineHold","holdEase":"outSine","angle2":56.25},{"duration":0.25,"speedMult":6,"angle":-11.25,"time":65,"type":"mineHold","holdEase":"outSine","angle2":-78.75},{"duration":0.25,"speedMult":6,"angle":281.25,"time":65.25,"type":"mineHold","holdEase":"inSine","angle2":348.75},{"duration":0.25,"speedMult":6,"angle":56.25,"time":65.25,"type":"mineHold","holdEase":"inSine","angle2":-11.25},{"duration":0.25,"speedMult":6,"angle":-11.25,"time":65.5,"type":"mineHold","holdEase":"outSine","angle2":56.25},{"duration":0.25,"speedMult":6,"angle":-11.25,"time":65.5,"type":"mineHold","holdEase":"outSine","angle2":-78.75},{"duration":0.25,"speedMult":6,"angle":281.25,"time":65.75,"type":"mineHold","holdEase":"inSine","angle2":348.75},{"duration":0.25,"speedMult":6,"angle":56.25,"time":65.75,"type":"mineHold","holdEase":"inSine","angle2":-11.25},{"duration":0.25,"speedMult":6,"angle":-11.25,"time":66,"type":"mineHold","holdEase":"outSine","angle2":56.25},{"duration":0.25,"speedMult":6,"angle":-11.25,"time":66,"type":"mineHold","holdEase":"outSine","angle2":-78.75},{"duration":0.25,"speedMult":6,"angle":281.25,"time":66.25,"type":"mineHold","holdEase":"inSine","angle2":348.75},{"duration":0.25,"speedMult":6,"angle":56.25,"time":66.25,"type":"mineHold","holdEase":"inSine","angle2":-11.25},{"duration":0.25,"speedMult":6,"angle":-11.25,"time":66.5,"type":"mineHold","holdEase":"outSine","angle2":56.25},{"duration":0.25,"speedMult":6,"angle":-11.25,"time":66.5,"type":"mineHold","holdEase":"outSine","angle2":-78.75},{"duration":0.25,"speedMult":6,"angle":281.25,"time":66.75,"type":"mineHold","holdEase":"inSine","angle2":348.75},{"duration":0.25,"speedMult":6,"angle":56.25,"time":66.75,"type":"mineHold","holdEase":"inSine","angle2":-11.25},{"duration":0.25,"speedMult":6,"angle":112.5,"time":72.5,"type":"mineHold","holdEase":"inSine","angle2":180},{"duration":0.25,"speedMult":6,"angle":-112.5,"time":72.5,"type":"mineHold","holdEase":"inSine","angle2":-180},{"duration":0.25,"speedMult":6,"angle":-180,"time":72.75,"type":"mineHold","holdEase":"outSine","angle2":-112.5},{"duration":0.25,"speedMult":6,"angle":-180,"time":72.75,"type":"mineHold","holdEase":"outSine","angle2":-247.5},{"duration":0.25,"speedMult":6,"angle":112.5,"time":73,"type":"mineHold","holdEase":"inSine","angle2":180},{"duration":0.25,"speedMult":6,"angle":-112.5,"time":73,"type":"mineHold","holdEase":"inSine","angle2":-180},{"duration":0.25,"speedMult":6,"angle":-180,"time":73.25,"type":"mineHold","holdEase":"outSine","angle2":-112.5},{"duration":0.25,"speedMult":6,"angle":-180,"time":73.25,"type":"mineHold","holdEase":"outSine","angle2":-247.5},{"duration":0.25,"speedMult":6,"angle":112.5,"time":73.5,"type":"mineHold","holdEase":"inSine","angle2":180},{"duration":0.25,"speedMult":6,"angle":-112.5,"time":73.5,"type":"mineHold","holdEase":"inSine","angle2":-180},{"duration":0.25,"speedMult":6,"angle":-180,"time":73.75,"type":"mineHold","holdEase":"outSine","angle2":-112.5},{"duration":0.25,"speedMult":6,"angle":-180,"time":73.75,"type":"mineHold","holdEase":"outSine","angle2":-247.5},{"duration":0.25,"speedMult":6,"angle":112.5,"time":74,"type":"mineHold","holdEase":"inSine","angle2":180},{"duration":0.25,"speedMult":6,"angle":-112.5,"time":74,"type":"mineHold","holdEase":"inSine","angle2":-180},{"duration":0.25,"speedMult":6,"angle":-180,"time":74.25,"type":"mineHold","holdEase":"outSine","angle2":-112.5},{"duration":0.25,"speedMult":6,"angle":-180,"time":74.25,"type":"mineHold","holdEase":"outSine","angle2":-247.5},{"duration":0.25,"speedMult":6,"angle":112.5,"time":74.5,"type":"mineHold","holdEase":"inSine","angle2":180},{"duration":0.25,"speedMult":6,"angle":-112.5,"time":74.5,"type":"mineHold","holdEase":"inSine","angle2":-180},{"duration":0.25,"speedMult":6,"angle":202.5,"time":80.5,"type":"mineHold","holdEase":"inSine","angle2":270},{"duration":0.25,"speedMult":6,"angle":-22.5,"time":80.5,"type":"mineHold","holdEase":"inSine","angle2":-90},{"duration":0.25,"speedMult":6,"angle":-90,"time":80.75,"type":"mineHold","holdEase":"outSine","angle2":-22.5},{"duration":0.25,"speedMult":6,"angle":-90,"time":80.75,"type":"mineHold","holdEase":"outSine","angle2":-157.5},{"duration":0.25,"speedMult":6,"angle":202.5,"time":81,"type":"mineHold","holdEase":"inSine","angle2":270},{"duration":0.25,"speedMult":6,"angle":-22.5,"time":81,"type":"mineHold","holdEase":"inSine","angle2":-90},{"duration":0.25,"speedMult":6,"angle":-90,"time":81.25,"type":"mineHold","holdEase":"outSine","angle2":-22.5},{"duration":0.25,"speedMult":6,"angle":-90,"time":81.25,"type":"mineHold","holdEase":"outSine","angle2":-157.5},{"duration":0.25,"speedMult":6,"angle":202.5,"time":81.5,"type":"mineHold","holdEase":"inSine","angle2":270},{"duration":0.25,"speedMult":6,"angle":-22.5,"time":81.5,"type":"mineHold","holdEase":"inSine","angle2":-90},{"duration":0.25,"speedMult":6,"angle":-90,"time":81.75,"type":"mineHold","holdEase":"outSine","angle2":-22.5},{"duration":0.25,"speedMult":6,"angle":-90,"time":81.75,"type":"mineHold","holdEase":"outSine","angle2":-157.5},{"duration":0.25,"speedMult":6,"angle":202.5,"time":82,"type":"mineHold","holdEase":"inSine","angle2":270},{"duration":0.25,"speedMult":6,"angle":-22.5,"time":82,"type":"mineHold","holdEase":"inSine","angle2":-90},{"duration":0.25,"speedMult":6,"angle":-90,"time":82.25,"type":"mineHold","holdEase":"outSine","angle2":-22.5},{"duration":0.25,"speedMult":6,"angle":-90,"time":82.25,"type":"mineHold","holdEase":"outSine","angle2":-157.5},{"duration":0.25,"speedMult":6,"angle":202.5,"time":82.5,"type":"mineHold","holdEase":"inSine","angle2":270},{"duration":0.25,"speedMult":6,"angle":-22.5,"time":82.5,"type":"mineHold","holdEase":"inSine","angle2":-90},{"duration":0.30000001192093,"speedMult":7,"angle":123.75,"type":"mineHold","time":88,"angle2":382.5},{"duration":0.30000001192093,"speedMult":7,"angle":135,"type":"mineHold","time":88.25,"angle2":393.75},{"duration":0.30000001192093,"speedMult":7,"angle":146.25,"type":"mineHold","time":88.5,"angle2":405},{"duration":0.30000001192093,"speedMult":7,"angle":151.875,"type":"mineHold","time":88.75,"angle2":416.25},{"duration":0.30000001192093,"speedMult":7,"angle":163.125,"type":"mineHold","time":89,"angle2":427.5},{"duration":0.30000001192093,"speedMult":7,"angle":174.375,"type":"mineHold","time":89.25,"angle2":438.75},{"duration":0.30000001192093,"speedMult":7,"angle":185.625,"type":"mineHold","time":89.5,"angle2":444.375},{"duration":0.30000001192093,"speedMult":7,"angle":196.875,"type":"mineHold","time":89.75,"angle2":455.625},{"duration":0.30000001192093,"speedMult":7,"angle":208.125,"type":"mineHold","time":90,"angle2":466.875},{"duration":0.30000001192093,"speedMult":7,"angle":219.375,"type":"mineHold","time":90.25,"angle2":478.125},{"duration":0.30000001192093,"speedMult":7,"angle":225,"type":"mineHold","time":90.5,"angle2":489.375},{"duration":0.30000001192093,"speedMult":7,"angle":236.25,"type":"mineHold","time":90.75,"angle2":495},{"duration":0.30000001192093,"speedMult":7,"angle":241.875,"type":"mineHold","time":91,"angle2":506.25},{"duration":0.30000001192093,"speedMult":7,"angle":225,"type":"mineHold","time":91.25,"angle2":500.625},{"duration":0.30000001192093,"speedMult":7,"angle":219.5,"type":"mineHold","time":91.5,"angle2":494.875},{"duration":0.30000001192093,"speedMult":7,"angle":213.75,"type":"mineHold","time":91.75,"angle2":489.125},{"duration":0.30000001192093,"speedMult":7,"angle":208.25,"type":"mineHold","time":92,"angle2":494.875},{"duration":0.30000001192093,"speedMult":7,"angle":219.375,"type":"mineHold","time":92.25,"angle2":506.25},{"duration":0.30000001192093,"speedMult":7,"angle":230.625,"type":"mineHold","time":92.5,"angle2":511.875},{"duration":0.30000001192093,"speedMult":7,"angle":236.25,"type":"mineHold","time":92.75,"angle2":517.5},{"duration":0.30000001192093,"speedMult":7,"angle":241.875,"type":"mineHold","time":93,"angle2":506.25},{"duration":0.30000001192093,"speedMult":7,"angle":236.25,"type":"mineHold","time":93.25,"angle2":495},{"duration":0.30000001192093,"speedMult":7,"angle":225,"type":"mineHold","time":93.5,"angle2":483.75},{"duration":0.30000001192093,"speedMult":7,"angle":213.75,"type":"mineHold","time":93.75,"angle2":478.125},{"duration":0.30000001192093,"speedMult":7,"angle":202.5,"type":"mineHold","time":94,"angle2":489.375},{"duration":0.30000001192093,"speedMult":7,"angle":219.375,"type":"mineHold","time":94.25,"angle2":506.25},{"duration":0.30000001192093,"speedMult":7,"angle":230.625,"type":"mineHold","time":94.5,"angle2":517.5},{"duration":0.30000001192093,"speedMult":7,"angle":247.5,"type":"mineHold","time":94.75,"angle2":523.125},{"duration":0.30000001192093,"speedMult":7,"angle":253.125,"type":"mineHold","time":95,"angle2":506.25},{"duration":0.30000001192093,"speedMult":7,"angle":241.875,"type":"mineHold","time":95.25,"angle2":489.375},{"duration":0.30000001192093,"speedMult":7,"angle":225,"type":"mineHold","time":95.5,"angle2":472.5},{"duration":0.30000001192093,"speedMult":7,"angle":202.5,"type":"mineHold","time":95.75,"angle2":466.875},{"duration":0.30000001192093,"speedMult":7,"angle":185.625,"type":"mineHold","time":96,"angle2":461.25},{"duration":0.5,"time":71,"angle":-45,"type":"hold","holdEase":"inSine","angle2":22.5},{"duration":0.5,"time":72,"angle":45,"type":"hold","holdEase":"inSine","angle2":-22.5},{"duration":0.5,"time":73,"angle":-45,"type":"hold","holdEase":"inSine","angle2":22.5},{"duration":0.5,"time":74,"angle":45,"type":"hold","holdEase":"inSine","angle2":-22.5},{"duration":0.5,"time":75,"angle":-45,"type":"hold","holdEase":"inSine","angle2":22.5},{"duration":0.5,"time":76,"angle":45,"type":"hold","holdEase":"inSine","angle2":-22.5},{"duration":0.5,"time":77,"angle":-45,"type":"hold","holdEase":"inSine","angle2":22.5},{"duration":0.5,"time":78,"angle":45,"type":"hold","holdEase":"inSine","angle2":-22.5},{"time":80,"angle":427.5,"type":"block"},{"time":80.5,"angle":112.5,"type":"block"},{"time":81,"angle":427.5,"type":"block"},{"time":81.5,"angle":112.5,"type":"block"},{"time":82,"angle":427.5,"type":"block"},{"time":82.5,"angle":112.5,"type":"block"},{"time":83,"angle":427.5,"type":"block"},{"time":83.5,"angle":112.5,"type":"block"},{"time":84,"angle":427.5,"type":"block"},{"time":84.5,"angle":112.5,"type":"block"},{"time":85,"angle":427.5,"type":"block"},{"time":85.5,"angle":112.5,"type":"block"},{"time":86,"angle":427.5,"type":"block"},{"time":86.5,"angle":112.5,"type":"block"},{"time":87,"angle":427.5,"type":"block"},{"duration":0.5,"time":79,"angle":-45,"type":"hold","holdEase":"inSine","angle2":22.5},{"time":41.5,"angle":348.75,"type":"side"},{"time":22.5,"angle":270,"type":"block"},{"time":22.5,"angle":292.5,"type":"block"},{"time":22.5,"angle":315,"type":"block"},{"duration":1.5,"time":16,"angle":0,"type":"hold","angle2":78.75}]