{"properties":{"offset":8,"loadBeat":-8,"formatversion":12,"speed":70,"startBeat":0},"events":[{"time":0,"file":"ENRAGED.ogg","angle":0,"type":"play","volume":1,"bpm":130},{"value":8,"var":"scrollSpeed","angle":270,"ease":"outQuint","type":"ease","duration":1,"time":0},{"value":1,"var":"scrollSpeed","angle":270,"ease":"inOutQuad","type":"ease","duration":3,"time":1},{"time":102,"angle":0,"type":"showResults"},{"time":-8,"angle":0,"r":0,"b":0,"type":"setColor","color":0,"g":0},{"time":-8,"angle":22.5,"type":"setColor","r":255,"color":1},{"value":4,"var":"scrollSpeed","angle":270,"ease":"outQuint","type":"ease","duration":1,"time":8},{"value":1,"var":"scrollSpeed","angle":270,"ease":"inOutQuad","type":"ease","duration":3,"time":9},{"value":4,"var":"scrollSpeed","angle":270,"ease":"outQuint","type":"ease","duration":1,"time":16},{"value":1,"var":"scrollSpeed","angle":270,"ease":"inOutQuad","type":"ease","duration":3,"time":17},{"value":4,"var":"scrollSpeed","angle":270,"ease":"outQuint","type":"ease","duration":1,"time":24},{"value":1,"var":"scrollSpeed","angle":270,"ease":"inOutQuad","type":"ease","duration":3,"time":25},{"value":4,"var":"scrollSpeed","angle":270,"ease":"outQuint","type":"ease","duration":1,"time":32},{"value":1,"var":"scrollSpeed","angle":270,"ease":"inOutQuad","type":"ease","duration":3,"time":33},{"value":4,"var":"scrollSpeed","angle":270,"ease":"outQuint","type":"ease","duration":1,"time":40},{"value":1,"var":"scrollSpeed","angle":270,"ease":"inOutQuad","type":"ease","duration":3,"time":41},{"value":4,"var":"scrollSpeed","angle":270,"ease":"outQuint","type":"ease","duration":1,"time":48},{"value":1,"var":"scrollSpeed","angle":270,"ease":"inOutQuad","type":"ease","duration":3,"time":49},{"value":4,"var":"scrollSpeed","angle":270,"ease":"outQuint","type":"ease","duration":1,"time":56},{"value":1,"var":"scrollSpeed","angle":270,"ease":"inOutQuad","type":"ease","duration":3,"time":57},{"value":4,"var":"scrollSpeed","angle":270,"ease":"outQuint","type":"ease","duration":1,"time":64},{"value":1,"var":"scrollSpeed","angle":270,"ease":"inOutQuad","type":"ease","duration":3,"time":65},{"value":4,"var":"scrollSpeed","angle":270,"ease":"outQuint","type":"ease","duration":1,"time":72},{"value":1,"var":"scrollSpeed","angle":270,"ease":"inOutQuad","type":"ease","duration":3,"time":73},{"value":4,"var":"scrollSpeed","angle":270,"ease":"outQuint","type":"ease","duration":1,"time":80},{"value":1,"var":"scrollSpeed","angle":270,"ease":"inOutQuad","type":"ease","duration":3,"time":81},{"value":4,"var":"scrollSpeed","angle":270,"ease":"outQuint","type":"ease","duration":1,"time":88},{"y":180,"drawOrder":5,"angle":270,"ox":100,"oy":100,"drawLayer":"fg","sprite":"transparent circle.png","order":1,"time":-8,"type":"deco","sy":11,"id":"trans circle1","r":0,"sx":11,"x":300},{"value":1,"var":"scrollSpeed","angle":270,"ease":"inOutQuad","type":"ease","duration":3,"time":95},{"time":-8,"angle":45,"r":128,"b":0,"type":"setColor","color":2,"g":0},{"duration":2,"sx":3.5,"angle":112.5,"ease":"outQuart","id":"trans circle1","order":3,"time":7,"sy":3.5,"type":"deco"},{"y":900,"drawOrder":10,"angle":112.5,"ox":150,"drawLayer":"bg","sprite":"shark.png","oy":90,"time":-8,"id":"shark","type":"deco","x":300},{"time":-8,"angle":67.5,"type":"setColor","b":0,"r":64,"color":3,"g":0},{"angle":180,"b":0,"name":"8th beat","g":0,"r":255,"time":-0,"description":"start","type":"bookmark"},{"angle":180,"b":0,"name":"8th beat","g":0,"r":255,"time":8,"description":"","type":"bookmark"},{"angle":180,"b":0,"name":"16th beat","g":0,"r":255,"time":16,"description":"","type":"bookmark"},{"angle":180,"b":0,"name":"24th beat","g":0,"r":255,"time":24,"description":"","type":"bookmark"},{"angle":180,"b":0,"name":"32th beat","g":0,"r":255,"time":32,"description":"","type":"bookmark"},{"angle":180,"b":0,"name":"40th beat","g":0,"r":255,"time":40,"description":"","type":"bookmark"},{"angle":180,"b":0,"name":"48th beat","g":0,"r":255,"time":48,"description":"","type":"bookmark"},{"angle":180,"b":0,"name":"56th beat","g":0,"r":255,"time":56,"description":"","type":"bookmark"},{"angle":180,"b":0,"name":"64th beat","g":0,"r":255,"time":64,"description":"","type":"bookmark"},{"angle":180,"b":0,"name":"72th beat","g":0,"r":255,"time":72,"description":"","type":"bookmark"},{"angle":180,"b":0,"name":"80th beat","g":0,"r":255,"time":80,"description":"","type":"bookmark"},{"angle":180,"b":0,"name":"88th beat","g":0,"r":255,"time":88,"description":"","type":"bookmark"},{"angle":180,"b":0,"name":"Finish","g":0,"r":255,"time":99,"description":"","type":"bookmark"},{"y":40,"sx":0,"id":"shark","drawOrder":9,"sy":0,"time":7,"order":1,"angle":202.5,"type":"deco","x":-30},{"duration":2,"angle":225,"ease":"outCubic","id":"shark","time":7,"order":2,"type":"deco","x":170},{"duration":1.5,"sx":1,"angle":247.5,"ease":"outQuart","id":"shark","order":3,"time":7,"sy":1,"type":"deco"},{"duration":2,"angle":225,"ease":"inCubic","id":"shark","time":10,"order":2,"type":"deco","x":370},{"duration":2,"sx":0,"angle":247.5,"ease":"inQuint","id":"shark","order":3,"time":10,"sy":0,"type":"deco"},{"duration":3,"sx":11,"angle":180,"ease":"inCubic","id":"trans circle1","order":3,"time":10,"sy":11,"type":"deco"},{"duration":6,"angle":135,"ease":"linear","id":"trans circle1","r":360,"time":7,"order":2,"type":"deco"},{"time":7,"order":1,"type":"deco","r":0,"angle":157.5,"id":"trans circle1"},{"duration":2,"sx":3.5,"angle":112.5,"ease":"outQuart","id":"trans circle1","order":3,"time":15,"sy":3.5,"type":"deco"},{"y":280,"sx":0,"id":"shark","drawOrder":25,"sy":0,"time":15,"order":1,"angle":202.5,"type":"deco","x":20},{"duration":2,"angle":225,"ease":"outCubic","id":"shark","time":15,"order":2,"type":"deco","x":220},{"duration":1.5,"sx":1,"angle":247.5,"ease":"outQuart","id":"shark","order":3,"time":15,"sy":1,"type":"deco"},{"duration":2,"angle":225,"ease":"inCubic","id":"shark","time":18,"order":2,"type":"deco","x":420},{"duration":2,"sx":0,"angle":247.5,"ease":"inQuint","id":"shark","order":3,"time":18,"sy":0,"type":"deco"},{"duration":3,"sx":11,"angle":180,"ease":"inCubic","id":"trans circle1","order":3,"time":18,"sy":11,"type":"deco"},{"duration":6,"angle":135,"ease":"linear","id":"trans circle1","r":360,"time":15,"order":2,"type":"deco"},{"time":15,"order":1,"type":"deco","r":0,"angle":157.5,"id":"trans circle1"},{"duration":2,"sx":3.5,"angle":112.5,"ease":"outQuart","id":"trans circle1","order":3,"time":23,"sy":3.5,"type":"deco"},{"y":160,"sx":0,"angle":202.5,"id":"shark","time":23,"sy":0,"order":1,"type":"deco","x":250},{"duration":2,"angle":225,"ease":"outCubic","id":"shark","time":23,"order":2,"type":"deco","x":450},{"duration":1.5,"sx":1,"angle":247.5,"ease":"outQuart","id":"shark","order":3,"time":23,"sy":1,"type":"deco"},{"duration":2,"angle":225,"ease":"inCubic","id":"shark","time":26,"order":2,"type":"deco","x":650},{"duration":2,"sx":0,"angle":247.5,"ease":"inQuint","id":"shark","order":3,"time":26,"sy":0,"type":"deco"},{"duration":3,"sx":11,"angle":180,"ease":"inCubic","id":"trans circle1","order":3,"time":26,"sy":11,"type":"deco"},{"duration":6,"angle":135,"ease":"linear","id":"trans circle1","r":360,"time":23,"order":2,"type":"deco"},{"time":23,"order":1,"type":"deco","r":0,"angle":157.5,"id":"trans circle1"},{"duration":2,"sx":3.5,"angle":112.5,"ease":"outQuart","id":"trans circle1","order":3,"time":31,"sy":3.5,"type":"deco"},{"y":140,"sx":0,"angle":202.5,"id":"shark","time":31,"sy":0,"order":1,"type":"deco","x":-75},{"duration":2,"angle":225,"ease":"outCubic","id":"shark","time":31,"order":2,"type":"deco","x":125},{"duration":1.5,"sx":1,"angle":247.5,"ease":"outQuart","id":"shark","order":3,"time":31,"sy":1,"type":"deco"},{"duration":2,"angle":225,"ease":"inCubic","id":"shark","time":34,"order":2,"type":"deco","x":325},{"duration":2,"sx":0,"angle":247.5,"ease":"inQuint","id":"shark","order":3,"time":34,"sy":0,"type":"deco"},{"duration":3,"sx":11,"angle":180,"ease":"inCubic","id":"trans circle1","order":3,"time":34,"sy":11,"type":"deco"},{"duration":6,"angle":135,"ease":"linear","id":"trans circle1","r":360,"time":31,"order":2,"type":"deco"},{"time":31,"order":1,"type":"deco","r":0,"angle":157.5,"id":"trans circle1"},{"duration":2,"sx":3.5,"angle":112.5,"ease":"outQuart","id":"trans circle1","order":3,"time":39,"sy":3.5,"type":"deco"},{"y":280,"sx":0,"angle":202.5,"id":"shark","time":39,"sy":0,"order":1,"type":"deco","x":-60},{"duration":2,"angle":225,"ease":"outCubic","id":"shark","time":39,"order":2,"type":"deco","x":140},{"duration":1.5,"sx":1,"angle":247.5,"ease":"outQuart","id":"shark","order":3,"time":39,"sy":1,"type":"deco"},{"duration":2,"angle":225,"ease":"inCubic","id":"shark","time":42,"order":2,"type":"deco","x":340},{"duration":2,"sx":0,"angle":247.5,"ease":"inQuint","id":"shark","order":3,"time":42,"sy":0,"type":"deco"},{"duration":3,"sx":11,"angle":180,"ease":"inCubic","id":"trans circle1","order":3,"time":42,"sy":11,"type":"deco"},{"duration":6,"angle":135,"ease":"linear","id":"trans circle1","r":360,"time":39,"order":2,"type":"deco"},{"time":39,"order":1,"type":"deco","r":0,"angle":157.5,"id":"trans circle1"},{"duration":2,"sx":3.5,"angle":112.5,"ease":"outQuart","id":"trans circle1","order":3,"time":47,"sy":3.5,"type":"deco"},{"y":60,"sx":0,"id":"shark","drawOrder":5,"sy":0,"time":47,"order":1,"angle":202.5,"type":"deco","x":210},{"duration":2,"angle":225,"ease":"outCubic","id":"shark","time":47,"order":2,"type":"deco","x":410},{"duration":1.5,"sx":1,"angle":247.5,"ease":"outQuart","id":"shark","order":3,"time":47,"sy":1,"type":"deco"},{"duration":2,"angle":225,"ease":"inCubic","id":"shark","time":50,"order":2,"type":"deco","x":610},{"duration":2,"sx":0,"angle":247.5,"ease":"inQuint","id":"shark","order":3,"time":50,"sy":0,"type":"deco"},{"duration":3,"sx":11,"angle":180,"ease":"inCubic","id":"trans circle1","order":3,"time":50,"sy":11,"type":"deco"},{"duration":6,"angle":135,"ease":"linear","id":"trans circle1","r":360,"time":47,"order":2,"type":"deco"},{"time":47,"order":1,"type":"deco","r":0,"angle":157.5,"id":"trans circle1"},{"duration":2,"sx":3.5,"angle":112.5,"ease":"outQuart","id":"trans circle1","order":3,"time":55,"sy":3.5,"type":"deco"},{"y":275,"sx":0,"angle":202.5,"id":"shark","time":55,"sy":0,"order":1,"type":"deco","x":150},{"duration":2,"angle":225,"ease":"outCubic","id":"shark","time":55,"order":2,"type":"deco","x":350},{"duration":1.5,"sx":1,"angle":247.5,"ease":"outQuart","id":"shark","order":3,"time":55,"sy":1,"type":"deco"},{"duration":2,"angle":225,"ease":"inCubic","id":"shark","time":58,"order":2,"type":"deco","x":550},{"duration":2,"sx":0,"angle":247.5,"ease":"inQuint","id":"shark","order":3,"time":58,"sy":0,"type":"deco"},{"duration":3,"sx":11,"angle":180,"ease":"inCubic","id":"trans circle1","order":3,"time":58,"sy":11,"type":"deco"},{"duration":6,"angle":135,"ease":"linear","id":"trans circle1","r":360,"time":55,"order":2,"type":"deco"},{"time":55,"order":1,"type":"deco","r":0,"angle":157.5,"id":"trans circle1"},{"duration":2,"sx":3.5,"angle":112.5,"ease":"outQuart","id":"trans circle1","order":3,"time":63,"sy":3.5,"type":"deco"},{"y":130,"sx":0,"angle":202.5,"id":"shark","time":63,"sy":0,"order":1,"type":"deco","x":10},{"duration":2,"angle":225,"ease":"outCubic","id":"shark","time":63,"order":2,"type":"deco","x":210},{"duration":1.5,"sx":1,"angle":247.5,"ease":"outQuart","id":"shark","order":3,"time":63,"sy":1,"type":"deco"},{"duration":2,"angle":225,"ease":"inCubic","id":"shark","time":66,"order":2,"type":"deco","x":410},{"duration":2,"sx":0,"angle":247.5,"ease":"inQuint","id":"shark","order":3,"time":66,"sy":0,"type":"deco"},{"duration":3,"sx":11,"angle":180,"ease":"inCubic","id":"trans circle1","order":3,"time":66,"sy":11,"type":"deco"},{"duration":6,"angle":135,"ease":"linear","id":"trans circle1","r":360,"time":63,"order":2,"type":"deco"},{"time":63,"order":1,"type":"deco","r":0,"angle":157.5,"id":"trans circle1"},{"duration":2,"sx":3.5,"angle":112.5,"ease":"outQuart","id":"trans circle1","order":3,"time":71,"sy":3.5,"type":"deco"},{"y":220,"sx":0,"angle":202.5,"id":"shark","time":71,"sy":0,"order":1,"type":"deco","x":20},{"duration":2,"angle":225,"ease":"outCubic","id":"shark","time":71,"order":2,"type":"deco","x":220},{"duration":1.5,"sx":1,"angle":247.5,"ease":"outQuart","id":"shark","order":3,"time":71,"sy":1,"type":"deco"},{"duration":2,"angle":225,"ease":"inCubic","id":"shark","time":74,"order":2,"type":"deco","x":420},{"duration":2,"sx":0,"angle":247.5,"ease":"inQuint","id":"shark","order":3,"time":74,"sy":0,"type":"deco"},{"duration":3,"sx":11,"angle":180,"ease":"inCubic","id":"trans circle1","order":3,"time":74,"sy":11,"type":"deco"},{"duration":6,"angle":135,"ease":"linear","id":"trans circle1","r":360,"time":71,"order":2,"type":"deco"},{"time":71,"order":1,"type":"deco","r":0,"angle":157.5,"id":"trans circle1"},{"duration":2,"sx":3.5,"angle":112.5,"ease":"outQuart","id":"trans circle1","order":3,"time":79,"sy":3.5,"type":"deco"},{"y":180,"sx":0,"id":"shark","drawOrder":13,"sy":0,"time":79,"order":1,"angle":202.5,"type":"deco","x":-60},{"duration":2,"angle":225,"ease":"outCubic","id":"shark","time":79,"order":2,"type":"deco","x":140},{"duration":1.5,"sx":1,"angle":247.5,"ease":"outQuart","id":"shark","order":3,"time":79,"sy":1,"type":"deco"},{"duration":2,"angle":225,"ease":"inCubic","id":"shark","time":82,"order":2,"type":"deco","x":340},{"duration":2,"sx":0,"angle":247.5,"ease":"inQuint","id":"shark","order":3,"time":82,"sy":0,"type":"deco"},{"duration":3,"sx":11,"angle":180,"ease":"inCubic","id":"trans circle1","order":3,"time":82,"sy":11,"type":"deco"},{"duration":6,"angle":135,"ease":"linear","id":"trans circle1","r":360,"time":79,"order":2,"type":"deco"},{"time":79,"order":1,"type":"deco","r":0,"angle":157.5,"id":"trans circle1"},{"duration":2,"sx":3.5,"angle":112.5,"ease":"outQuart","id":"trans circle1","order":3,"time":87,"sy":3.5,"type":"deco"},{"y":40,"sx":0,"id":"shark","drawOrder":5,"sy":0,"time":87,"order":1,"angle":202.5,"type":"deco","x":0},{"duration":2,"angle":225,"ease":"outCubic","id":"shark","time":87,"order":2,"type":"deco","x":300},{"duration":1.5,"sx":1,"angle":247.5,"ease":"outQuart","id":"shark","order":3,"time":87,"sy":1,"type":"deco"},{"duration":14,"angle":135,"ease":"linear","id":"trans circle1","r":360,"time":87,"order":2,"type":"deco"},{"time":87,"order":1,"type":"deco","r":0,"angle":157.5,"id":"trans circle1"},{"duration":4,"angle":225,"ease":"inCubic","id":"shark","time":97,"order":0,"type":"deco","x":600},{"duration":3,"sx":0,"angle":247.5,"ease":"inQuint","id":"shark","order":3,"time":98,"sy":0,"type":"deco"},{"duration":3,"sx":11,"angle":180,"ease":"inCubic","id":"trans circle1","order":3,"time":98,"sy":11,"type":"deco"},{"duration":2,"sx":3.5,"angle":112.5,"ease":"outQuart","id":"trans circle1","order":3,"time":-1,"sy":3.5,"type":"deco"},{"y":60,"sx":0,"id":"shark","drawOrder":7,"sy":0,"time":-1,"order":1,"angle":202.5,"type":"deco","x":250},{"duration":2,"angle":225,"ease":"outCubic","id":"shark","time":-1,"order":2,"type":"deco","x":450},{"duration":1.5,"sx":1,"angle":247.5,"ease":"outQuart","id":"shark","order":3,"time":-1,"sy":1,"type":"deco"},{"duration":2,"angle":225,"ease":"inCubic","id":"shark","time":2,"order":2,"type":"deco","x":650},{"duration":2,"sx":0,"angle":247.5,"ease":"inQuint","id":"shark","order":3,"time":2,"sy":0,"type":"deco"},{"duration":3,"sx":11,"angle":180,"ease":"inCubic","id":"trans circle1","order":3,"time":2,"sy":11,"type":"deco"},{"duration":6,"angle":135,"ease":"linear","id":"trans circle1","r":360,"time":-1,"order":2,"type":"deco"},{"time":-1,"order":1,"type":"deco","r":0,"angle":157.5,"id":"trans circle1"},{"duration":1,"time":60,"angle":270,"paddle":1,"ease":"inOutSine","type":"paddles","newWidth":25},{"y":180,"sx":1,"angle":180,"ox":25,"oy":25,"sprite":"swim_goggles.png","drawLayer":"fg","time":-8,"r":0,"id":"goggles","sy":1,"type":"deco","drawOrder":0,"x":300},{"time":-8,"angle":202.5,"spriteName":"none","type":"forcePlayerSprite"},{"y":180,"sx":1,"angle":157.5,"ox":25,"oy":25,"sprite":"straw.png","drawLayer":"fg","time":-8,"r":0,"id":"straw","sy":1,"type":"deco","drawOrder":0,"x":300},{"duration":3,"time":99,"angle":202.5,"ease":"inBack","type":"deco","id":"goggles","y":400},{"duration":3,"time":99,"id":"goggles","ease":"linear","type":"deco","angle":225,"x":250},{"duration":3,"time":99,"angle":247.5,"ease":"linear","type":"deco","id":"goggles","r":120},{"duration":3,"time":99,"angle":157.5,"ease":"inBack","type":"deco","id":"straw","y":400},{"duration":3,"time":99,"id":"straw","ease":"linear","type":"deco","angle":135,"x":400},{"duration":3,"time":99,"angle":112.5,"ease":"linear","type":"deco","id":"straw","r":80},{"time":99,"angle":90,"spriteName":"","type":"forcePlayerSprite"},{"y":680,"drawOrder":24,"angle":0,"ox":32,"drawLayer":"bg","sprite":"navalmine!idle","time":-6.5,"order":1,"oy":32,"type":"deco","id":"mine01","x":30},{"duration":7,"angle":360,"ease":"outBack","y":280,"id":"mine01","time":-6.25,"order":2,"type":"deco"},{"y":660,"drawOrder":20,"angle":11.25,"ox":32,"drawLayer":"bg","sprite":"navalmine!idle","time":-2.75,"order":1,"oy":32,"type":"deco","id":"mine02","x":140},{"duration":7,"angle":11.25,"ease":"outBack","y":260,"id":"mine02","time":-2.5,"order":2,"type":"deco"},{"y":720,"drawOrder":28,"angle":22.5,"ox":32,"drawLayer":"bg","sprite":"navalmine!idle","time":-6.25,"order":1,"oy":32,"type":"deco","id":"mine03","x":220},{"y":675,"drawOrder":22,"angle":33.75,"ox":32,"drawLayer":"bg","sprite":"navalmine!idle","time":-7,"order":1,"oy":32,"type":"deco","id":"mine04","x":320},{"duration":7,"angle":22.5,"ease":"outBack","y":320,"id":"mine03","time":-6,"order":2,"type":"deco"},{"duration":7,"angle":33.75,"ease":"outBack","y":275,"id":"mine04","time":-6.75,"order":2,"type":"deco"},{"y":710,"drawOrder":26,"angle":45,"ox":32,"drawLayer":"bg","sprite":"navalmine!idle","time":-3.25,"order":1,"oy":32,"type":"deco","id":"mine05","x":490},{"duration":7,"angle":45,"ease":"outBack","y":310,"id":"mine05","time":-3,"order":2,"type":"deco"},{"y":580,"drawOrder":14,"angle":56.25,"ox":32,"drawLayer":"bg","sprite":"navalmine!idle","time":-5.5,"order":1,"oy":32,"type":"deco","id":"mine06","x":80},{"duration":7,"angle":56.25,"ease":"outBack","y":180,"id":"mine06","time":-5.25,"order":2,"type":"deco"},{"y":550,"drawOrder":12,"angle":67.5,"ox":32,"drawLayer":"bg","sprite":"navalmine!idle","time":-6.75,"order":1,"oy":32,"type":"deco","id":"mine07","x":190},{"y":600,"drawOrder":16,"angle":78.75,"ox":32,"drawLayer":"bg","sprite":"navalmine!idle","time":-3.75,"order":1,"oy":32,"type":"deco","id":"mine08","x":390},{"duration":7,"angle":67.5,"ease":"outBack","y":150,"id":"mine07","time":-6.5,"order":2,"type":"deco"},{"duration":7,"angle":78.75,"ease":"outBack","y":200,"id":"mine08","time":-3.5,"order":2,"type":"deco"},{"y":620,"drawOrder":18,"angle":90,"ox":32,"drawLayer":"bg","sprite":"navalmine!idle","time":-7.25,"order":1,"oy":32,"type":"deco","id":"mine09","x":535},{"duration":7,"angle":90,"ease":"outBack","y":220,"id":"mine09","time":-7,"order":2,"type":"deco"},{"y":450,"drawOrder":4,"angle":101.25,"ox":32,"drawLayer":"bg","sprite":"navalmine!idle","time":-5.25,"order":1,"oy":32,"type":"deco","id":"mine10","x":50},{"duration":7,"angle":101.25,"ease":"outBack","y":50,"id":"mine10","time":-5,"order":2,"type":"deco"},{"y":470,"drawOrder":8,"angle":112.5,"ox":32,"drawLayer":"bg","sprite":"navalmine!idle","time":-4.25,"order":1,"oy":32,"type":"deco","id":"mine11","x":235},{"y":425,"drawOrder":2,"angle":123.75,"ox":32,"drawLayer":"bg","sprite":"navalmine!idle","time":-6,"order":1,"oy":32,"type":"deco","id":"mine12","x":345},{"duration":7,"angle":112.5,"ease":"outBack","y":70,"id":"mine11","time":-4,"order":2,"type":"deco"},{"duration":7,"angle":123.75,"ease":"outBack","y":25,"id":"mine12","time":-5.75,"order":2,"type":"deco"},{"y":515,"drawOrder":10,"angle":135,"ox":32,"drawLayer":"bg","sprite":"navalmine!idle","time":-5.75,"order":1,"oy":32,"type":"deco","id":"mine13","x":450},{"duration":7,"angle":135,"ease":"outBack","y":115,"id":"mine13","time":-5.5,"order":2,"type":"deco"},{"y":465,"drawOrder":6,"angle":146.25,"ox":32,"drawLayer":"bg","sprite":"navalmine!idle","time":-4.75,"order":1,"oy":32,"type":"deco","id":"mine14","x":540},{"duration":7,"angle":146.25,"ease":"outBack","y":65,"id":"mine14","time":-4.5,"order":2,"type":"deco"},{"time":-1.25,"id":"mine13","type":"deco","angle":33.75,"sprite":"navalmine!explode"},{"time":-1.25,"id":"mine14","type":"deco","angle":45,"sprite":"navalmine!explode"},{"time":-1.25,"id":"mine11","type":"deco","angle":11.25,"sprite":"navalmine!explode"},{"time":-1.25,"id":"mine12","type":"deco","angle":22.5,"sprite":"navalmine!explode"},{"time":6.75,"id":"mine12","type":"deco","angle":33.75,"sprite":"navalmine!explode"},{"time":6.75,"id":"mine10","type":"deco","angle":11.25,"sprite":"navalmine!explode"},{"time":6.75,"id":"mine11","type":"deco","angle":22.5,"sprite":"navalmine!explode"},{"time":14.75,"id":"mine03","type":"deco","angle":33.75,"sprite":"navalmine!explode"},{"time":14.75,"id":"mine04","type":"deco","angle":45,"sprite":"navalmine!explode"},{"time":14.75,"id":"mine01","type":"deco","angle":11.25,"sprite":"navalmine!explode"},{"time":14.75,"id":"mine02","type":"deco","angle":22.5,"sprite":"navalmine!explode"},{"time":22.75,"angle":33.75,"type":"deco","id":"mine09","sprite":"navalmine!explode"},{"time":22.75,"id":"mine08","type":"deco","angle":11.25,"sprite":"navalmine!explode"},{"time":22.75,"id":"mine13","type":"deco","angle":22.5,"sprite":"navalmine!explode"},{"time":30.75,"id":"mine06","type":"deco","angle":11.25,"sprite":"navalmine!explode"},{"time":30.75,"id":"mine07","type":"deco","angle":22.5,"sprite":"navalmine!explode"},{"time":38.75,"id":"mine03","type":"deco","angle":33.75,"sprite":"navalmine!explode"},{"time":38.75,"id":"mine04","type":"deco","angle":45,"sprite":"navalmine!explode"},{"time":38.75,"id":"mine01","type":"deco","angle":11.25,"sprite":"navalmine!explode"},{"time":38.75,"id":"mine02","type":"deco","angle":22.5,"sprite":"navalmine!explode"},{"time":46.75,"id":"mine13","type":"deco","angle":33.75,"sprite":"navalmine!explode"},{"time":46.75,"id":"mine14","type":"deco","angle":45,"sprite":"navalmine!explode"},{"time":46.75,"id":"mine11","type":"deco","angle":11.25,"sprite":"navalmine!explode"},{"time":46.75,"angle":22.5,"type":"deco","id":"mine12","sprite":"navalmine!explode"},{"time":54.75,"id":"mine04","type":"deco","angle":33.75,"sprite":"navalmine!explode"},{"time":54.75,"id":"mine05","type":"deco","angle":45,"sprite":"navalmine!explode"},{"time":54.75,"id":"mine02","type":"deco","angle":11.25,"sprite":"navalmine!explode"},{"time":54.75,"id":"mine03","type":"deco","angle":22.5,"sprite":"navalmine!explode"},{"time":62.75,"id":"mine11","type":"deco","angle":33.75,"sprite":"navalmine!explode"},{"time":62.75,"id":"mine06","type":"deco","angle":11.25,"sprite":"navalmine!explode"},{"time":62.75,"id":"mine07","type":"deco","angle":22.5,"sprite":"navalmine!explode"},{"time":70.75,"id":"mine06","type":"deco","angle":11.25,"sprite":"navalmine!explode"},{"time":70.75,"id":"mine07","type":"deco","angle":33.75,"sprite":"navalmine!explode"},{"time":70.75,"id":"mine02","type":"deco","angle":22.5,"sprite":"navalmine!explode"},{"time":70.75,"id":"mine04","type":"deco","angle":45,"sprite":"navalmine!explode"},{"time":70.75,"id":"mine08","type":"deco","angle":56.25,"sprite":"navalmine!explode"},{"time":78.75,"id":"mine06","type":"deco","angle":11.25,"sprite":"navalmine!explode"},{"time":78.75,"id":"mine07","type":"deco","angle":382.5,"sprite":"navalmine!explode"},{"time":86.75,"id":"mine12","type":"deco","angle":33.75,"sprite":"navalmine!explode"},{"time":86.75,"angle":45,"id":"mine14","drawOrder":15,"type":"deco","sprite":"navalmine!explode"},{"time":86.75,"id":"mine10","type":"deco","angle":11.25,"sprite":"navalmine!explode"},{"time":86.75,"id":"mine11","type":"deco","angle":22.5,"sprite":"navalmine!explode"},{"time":2.5,"id":"mine13","type":"deco","angle":33.75,"sprite":"navalmine!idle"},{"time":3.25,"id":"mine14","type":"deco","angle":45,"sprite":"navalmine!idle"},{"time":1,"angle":11.25,"type":"deco","id":"mine11","sprite":"navalmine!idle"},{"time":2,"id":"mine12","type":"deco","angle":22.5,"sprite":"navalmine!idle"},{"time":11.75,"id":"mine12","type":"deco","angle":33.75,"sprite":"navalmine!idle"},{"time":10,"id":"mine10","type":"deco","angle":11.25,"sprite":"navalmine!idle"},{"time":11,"id":"mine11","type":"deco","angle":22.5,"sprite":"navalmine!idle"},{"time":19.5,"id":"mine03","type":"deco","angle":33.75,"sprite":"navalmine!idle"},{"time":20,"id":"mine04","type":"deco","angle":45,"sprite":"navalmine!idle"},{"time":18,"angle":11.25,"id":"mine01","drawOrder":15,"type":"deco","sprite":"navalmine!idle"},{"time":19,"id":"mine02","type":"deco","angle":22.5,"sprite":"navalmine!idle"},{"time":28,"angle":33.75,"id":"mine09","drawOrder":15,"type":"deco","sprite":"navalmine!idle"},{"time":26.75,"angle":11.25,"id":"mine08","drawOrder":15,"type":"deco","sprite":"navalmine!idle"},{"time":27,"angle":22.5,"id":"mine13","drawOrder":15,"type":"deco","sprite":"navalmine!idle"},{"time":35.25,"id":"mine06","type":"deco","angle":11.25,"sprite":"navalmine!idle"},{"time":36,"id":"mine07","type":"deco","angle":22.5,"sprite":"navalmine!idle"},{"time":43.75,"id":"mine03","type":"deco","angle":33.75,"sprite":"navalmine!idle"},{"time":44,"id":"mine04","type":"deco","angle":45,"sprite":"navalmine!idle"},{"time":42.5,"id":"mine01","type":"deco","angle":11.25,"sprite":"navalmine!idle"},{"time":43.25,"id":"mine02","type":"deco","angle":22.5,"sprite":"navalmine!idle"},{"time":51.75,"id":"mine13","type":"deco","angle":33.75,"sprite":"navalmine!idle"},{"time":52.25,"id":"mine14","type":"deco","angle":45,"sprite":"navalmine!idle"},{"time":50,"id":"mine11","type":"deco","angle":11.25,"sprite":"navalmine!idle"},{"time":51.5,"id":"mine12","type":"deco","angle":22.5,"sprite":"navalmine!idle"},{"time":59.25,"id":"mine04","type":"deco","angle":33.75,"sprite":"navalmine!idle"},{"time":60,"id":"mine05","type":"deco","angle":45,"sprite":"navalmine!idle"},{"time":56.75,"id":"mine02","type":"deco","angle":11.25,"sprite":"navalmine!idle"},{"time":59,"id":"mine03","type":"deco","angle":22.5,"sprite":"navalmine!idle"},{"time":68,"id":"mine11","type":"deco","angle":33.75,"sprite":"navalmine!idle"},{"time":66,"id":"mine06","type":"deco","angle":11.25,"sprite":"navalmine!idle"},{"time":67.5,"id":"mine07","type":"deco","angle":22.5,"sprite":"navalmine!idle"},{"time":74,"id":"mine06","type":"deco","angle":11.25,"sprite":"navalmine!idle"},{"time":75,"id":"mine07","type":"deco","angle":33.75,"sprite":"navalmine!idle"},{"time":74.5,"id":"mine02","type":"deco","angle":22.5,"sprite":"navalmine!idle"},{"time":75.5,"id":"mine04","type":"deco","angle":45,"sprite":"navalmine!idle"},{"time":75.75,"id":"mine08","type":"deco","angle":56.25,"sprite":"navalmine!idle"},{"time":83,"id":"mine06","type":"deco","angle":11.25,"sprite":"navalmine!idle"},{"time":83.5,"id":"mine07","type":"deco","angle":22.5,"sprite":"navalmine!idle"},{"time":100.5,"id":"mine12","type":"deco","angle":33.75,"sprite":"navalmine!idle"},{"time":101,"id":"mine14","type":"deco","angle":45,"sprite":"navalmine!idle"},{"time":88,"id":"mine10","type":"deco","angle":11.25,"sprite":"navalmine!idle"},{"time":100,"id":"mine11","type":"deco","angle":22.5,"sprite":"navalmine!idle"},{"duration":3,"angle":326.25,"ease":"inSine","y":-8,"id":"bubble1","time":-6,"order":1,"type":"deco"},{"y":164,"drawOrder":12,"angle":337.5,"ox":4,"oy":4,"sprite":"bubble#2","drawLayer":"fg","time":-4,"order":0,"id":"bubble2","sx":1,"type":"deco","sy":1,"x":321},{"duration":3,"angle":326.25,"ease":"inSine","y":-8,"id":"bubble2","time":-4,"order":1,"type":"deco"},{"y":164,"drawOrder":12,"angle":337.5,"ox":4,"oy":4,"sprite":"bubble#1","drawLayer":"fg","time":-2,"order":0,"id":"bubble3","sx":1,"type":"deco","sy":1,"x":321},{"duration":3,"angle":326.25,"ease":"inSine","y":-8,"id":"bubble3","time":-2,"order":1,"type":"deco"},{"y":164,"drawOrder":12,"angle":337.5,"ox":4,"oy":4,"sprite":"bubble#3","drawLayer":"fg","time":0,"order":0,"id":"bubble4","sx":1,"type":"deco","sy":1,"x":321},{"duration":3,"angle":326.25,"ease":"inSine","y":-8,"id":"bubble4","time":0,"order":1,"type":"deco"},{"y":164,"drawOrder":12,"angle":337.5,"ox":4,"oy":4,"sprite":"bubble#2","drawLayer":"fg","time":-6,"order":0,"id":"bubble1","sx":1,"type":"deco","sy":1,"x":321},{"y":164,"drawOrder":12,"order":0,"drawLayer":"fg","angle":337.5,"time":2,"id":"bubble1","type":"deco","x":321},{"duration":3,"angle":326.25,"ease":"inSine","y":-8,"id":"bubble1","time":2,"order":1,"type":"deco"},{"y":164,"drawOrder":12,"order":0,"drawLayer":"fg","angle":337.5,"time":4,"id":"bubble2","type":"deco","x":321},{"duration":3,"angle":326.25,"ease":"inSine","y":-8,"id":"bubble2","time":4,"order":1,"type":"deco"},{"y":164,"drawOrder":12,"order":0,"drawLayer":"fg","angle":337.5,"time":6,"id":"bubble3","type":"deco","x":321},{"duration":3,"angle":326.25,"ease":"inSine","y":-8,"id":"bubble3","time":6,"order":1,"type":"deco"},{"y":164,"drawOrder":12,"order":0,"drawLayer":"fg","angle":337.5,"time":8,"id":"bubble4","type":"deco","x":321},{"duration":3,"angle":326.25,"ease":"inSine","y":-8,"id":"bubble4","time":8,"order":1,"type":"deco"},{"y":164,"drawOrder":12,"order":0,"drawLayer":"fg","angle":337.5,"time":10,"id":"bubble1","type":"deco","x":321},{"duration":3,"angle":326.25,"ease":"inSine","y":-8,"id":"bubble1","time":10,"order":1,"type":"deco"},{"y":164,"drawOrder":12,"order":0,"drawLayer":"fg","angle":337.5,"time":12,"id":"bubble2","type":"deco","x":321},{"duration":3,"angle":326.25,"ease":"inSine","y":-8,"id":"bubble2","time":12,"order":1,"type":"deco"},{"y":164,"drawOrder":12,"order":0,"drawLayer":"fg","angle":337.5,"time":14,"id":"bubble3","type":"deco","x":321},{"duration":3,"angle":326.25,"ease":"inSine","y":-8,"id":"bubble3","time":14,"order":1,"type":"deco"},{"y":164,"drawOrder":12,"order":0,"drawLayer":"fg","angle":337.5,"time":16,"id":"bubble4","type":"deco","x":321},{"duration":3,"angle":326.25,"ease":"inSine","y":-8,"id":"bubble4","time":16,"order":1,"type":"deco"},{"y":164,"drawOrder":12,"order":0,"drawLayer":"fg","angle":337.5,"time":18,"id":"bubble1","type":"deco","x":321},{"duration":3,"angle":326.25,"ease":"inSine","y":-8,"id":"bubble1","time":18,"order":1,"type":"deco"},{"y":164,"drawOrder":12,"order":0,"drawLayer":"fg","angle":337.5,"time":20,"id":"bubble2","type":"deco","x":321},{"duration":3,"angle":326.25,"ease":"inSine","y":-8,"id":"bubble2","time":20,"order":1,"type":"deco"},{"y":164,"drawOrder":12,"order":0,"drawLayer":"fg","angle":337.5,"time":22,"id":"bubble3","type":"deco","x":321},{"duration":3,"angle":326.25,"ease":"inSine","y":-8,"id":"bubble3","time":22,"order":1,"type":"deco"},{"y":164,"drawOrder":12,"order":0,"drawLayer":"fg","angle":337.5,"time":24,"id":"bubble4","type":"deco","x":321},{"duration":3,"angle":326.25,"ease":"inSine","y":-8,"id":"bubble4","time":24,"order":1,"type":"deco"},{"y":164,"drawOrder":12,"order":0,"drawLayer":"fg","angle":337.5,"time":26,"id":"bubble1","type":"deco","x":321},{"duration":3,"angle":326.25,"ease":"inSine","y":-8,"id":"bubble1","time":26,"order":1,"type":"deco"},{"y":164,"drawOrder":12,"order":0,"drawLayer":"fg","angle":337.5,"time":28,"id":"bubble2","type":"deco","x":321},{"duration":3,"angle":326.25,"ease":"inSine","y":-8,"id":"bubble2","time":28,"order":1,"type":"deco"},{"y":164,"drawOrder":12,"order":0,"drawLayer":"fg","angle":337.5,"time":30,"id":"bubble3","type":"deco","x":321},{"duration":3,"angle":326.25,"ease":"inSine","y":-8,"id":"bubble3","time":30,"order":1,"type":"deco"},{"y":164,"drawOrder":12,"order":0,"drawLayer":"fg","angle":337.5,"time":32,"id":"bubble4","type":"deco","x":321},{"duration":3,"angle":326.25,"ease":"inSine","y":-8,"id":"bubble4","time":32,"order":1,"type":"deco"},{"y":164,"drawOrder":12,"order":0,"drawLayer":"fg","angle":337.5,"time":34,"id":"bubble1","type":"deco","x":321},{"duration":3,"angle":326.25,"ease":"inSine","y":-8,"id":"bubble1","time":34,"order":1,"type":"deco"},{"y":164,"drawOrder":12,"order":0,"drawLayer":"fg","angle":337.5,"time":36,"id":"bubble2","type":"deco","x":321},{"duration":3,"angle":326.25,"ease":"inSine","y":-8,"id":"bubble2","time":36,"order":1,"type":"deco"},{"y":164,"drawOrder":12,"order":0,"drawLayer":"fg","angle":337.5,"time":38,"id":"bubble3","type":"deco","x":321},{"duration":3,"angle":326.25,"ease":"inSine","y":-8,"id":"bubble3","time":38,"order":1,"type":"deco"},{"y":164,"drawOrder":12,"order":0,"drawLayer":"fg","angle":337.5,"time":40,"id":"bubble4","type":"deco","x":321},{"duration":3,"angle":326.25,"ease":"inSine","y":-8,"id":"bubble4","time":40,"order":1,"type":"deco"},{"y":164,"drawOrder":12,"order":0,"drawLayer":"fg","angle":337.5,"time":42,"id":"bubble1","type":"deco","x":321},{"duration":3,"angle":326.25,"ease":"inSine","y":-8,"id":"bubble1","time":42,"order":1,"type":"deco"},{"y":164,"drawOrder":12,"order":0,"drawLayer":"fg","angle":337.5,"time":44,"id":"bubble2","type":"deco","x":321},{"duration":3,"angle":326.25,"ease":"inSine","y":-8,"id":"bubble2","time":44,"order":1,"type":"deco"},{"y":164,"drawOrder":12,"order":0,"drawLayer":"fg","angle":337.5,"time":46,"id":"bubble3","type":"deco","x":321},{"duration":3,"angle":326.25,"ease":"inSine","y":-8,"id":"bubble3","time":46,"order":1,"type":"deco"},{"y":164,"drawOrder":12,"order":0,"drawLayer":"fg","angle":337.5,"time":48,"id":"bubble4","type":"deco","x":321},{"duration":3,"angle":326.25,"ease":"inSine","y":-8,"id":"bubble4","time":48,"order":1,"type":"deco"},{"y":164,"drawOrder":12,"order":0,"drawLayer":"fg","angle":337.5,"time":50,"id":"bubble1","type":"deco","x":321},{"duration":3,"angle":326.25,"ease":"inSine","y":-8,"id":"bubble1","time":50,"order":1,"type":"deco"},{"y":164,"drawOrder":12,"order":0,"drawLayer":"fg","angle":337.5,"time":52,"id":"bubble2","type":"deco","x":321},{"duration":3,"angle":326.25,"ease":"inSine","y":-8,"id":"bubble2","time":52,"order":1,"type":"deco"},{"y":164,"drawOrder":12,"order":0,"drawLayer":"fg","angle":337.5,"time":54,"id":"bubble3","type":"deco","x":321},{"duration":3,"angle":326.25,"ease":"inSine","y":-8,"id":"bubble3","time":54,"order":1,"type":"deco"},{"y":164,"drawOrder":12,"order":0,"drawLayer":"fg","angle":337.5,"time":56,"id":"bubble4","type":"deco","x":321},{"duration":3,"angle":326.25,"ease":"inSine","y":-8,"id":"bubble4","time":56,"order":1,"type":"deco"},{"y":164,"drawOrder":12,"order":0,"drawLayer":"fg","angle":337.5,"time":58,"id":"bubble1","type":"deco","x":321},{"duration":3,"angle":326.25,"ease":"inSine","y":-8,"id":"bubble1","time":58,"order":1,"type":"deco"},{"y":164,"drawOrder":12,"order":0,"drawLayer":"fg","angle":337.5,"time":60,"id":"bubble2","type":"deco","x":321},{"duration":3,"angle":326.25,"ease":"inSine","y":-8,"id":"bubble2","time":60,"order":1,"type":"deco"},{"y":164,"drawOrder":12,"order":0,"drawLayer":"fg","angle":337.5,"time":62,"id":"bubble3","type":"deco","x":321},{"duration":3,"angle":326.25,"ease":"inSine","y":-8,"id":"bubble3","time":62,"order":1,"type":"deco"},{"y":164,"drawOrder":12,"order":0,"drawLayer":"fg","angle":337.5,"time":64,"id":"bubble4","type":"deco","x":321},{"duration":3,"angle":326.25,"ease":"inSine","y":-8,"id":"bubble4","time":64,"order":1,"type":"deco"},{"y":164,"drawOrder":12,"order":0,"drawLayer":"fg","angle":337.5,"time":66,"id":"bubble1","type":"deco","x":321},{"duration":3,"angle":326.25,"ease":"inSine","y":-8,"id":"bubble1","time":66,"order":1,"type":"deco"},{"y":164,"drawOrder":12,"order":0,"drawLayer":"fg","angle":337.5,"time":68,"id":"bubble2","type":"deco","x":321},{"duration":3,"angle":326.25,"ease":"inSine","y":-8,"id":"bubble2","time":68,"order":1,"type":"deco"},{"y":164,"drawOrder":12,"order":0,"drawLayer":"fg","angle":337.5,"time":70,"id":"bubble3","type":"deco","x":321},{"duration":3,"angle":326.25,"ease":"inSine","y":-8,"id":"bubble3","time":70,"order":1,"type":"deco"},{"y":164,"drawOrder":12,"order":0,"drawLayer":"fg","angle":337.5,"time":72,"id":"bubble4","type":"deco","x":321},{"duration":3,"angle":326.25,"ease":"inSine","y":-8,"id":"bubble4","time":72,"order":1,"type":"deco"},{"y":164,"drawOrder":12,"order":0,"drawLayer":"fg","angle":337.5,"time":74,"id":"bubble1","type":"deco","x":321},{"duration":3,"angle":326.25,"ease":"inSine","y":-8,"id":"bubble1","time":74,"order":1,"type":"deco"},{"y":164,"drawOrder":12,"order":0,"drawLayer":"fg","angle":337.5,"time":76,"id":"bubble2","type":"deco","x":321},{"duration":3,"angle":326.25,"ease":"inSine","y":-8,"id":"bubble2","time":76,"order":1,"type":"deco"},{"y":164,"drawOrder":12,"order":0,"drawLayer":"fg","angle":337.5,"time":78,"id":"bubble3","type":"deco","x":321},{"duration":3,"angle":326.25,"ease":"inSine","y":-8,"id":"bubble3","time":78,"order":1,"type":"deco"},{"y":164,"drawOrder":12,"order":0,"drawLayer":"fg","angle":337.5,"time":80,"id":"bubble4","type":"deco","x":321},{"duration":3,"angle":326.25,"ease":"inSine","y":-8,"id":"bubble4","time":80,"order":1,"type":"deco"},{"y":164,"drawOrder":12,"order":0,"drawLayer":"fg","angle":337.5,"time":82,"id":"bubble1","type":"deco","x":321},{"duration":3,"angle":326.25,"ease":"inSine","y":-8,"id":"bubble1","time":82,"order":1,"type":"deco"},{"y":164,"drawOrder":12,"order":0,"drawLayer":"fg","angle":337.5,"time":84,"id":"bubble2","type":"deco","x":321},{"duration":3,"angle":326.25,"ease":"inSine","y":-8,"id":"bubble2","time":84,"order":1,"type":"deco"},{"y":164,"drawOrder":12,"order":0,"drawLayer":"fg","angle":337.5,"time":86,"id":"bubble3","type":"deco","x":321},{"duration":3,"angle":326.25,"ease":"inSine","y":-8,"id":"bubble3","time":86,"order":1,"type":"deco"},{"y":164,"drawOrder":12,"order":0,"drawLayer":"fg","angle":337.5,"time":88,"id":"bubble4","type":"deco","x":321},{"duration":3,"angle":326.25,"ease":"inSine","y":-8,"id":"bubble4","time":88,"order":1,"type":"deco"},{"y":164,"drawOrder":12,"order":0,"drawLayer":"fg","angle":337.5,"time":90,"id":"bubble1","type":"deco","x":321},{"duration":3,"angle":326.25,"ease":"inSine","y":-8,"id":"bubble1","time":90,"order":1,"type":"deco"},{"y":164,"drawOrder":12,"order":0,"drawLayer":"fg","angle":337.5,"time":92,"id":"bubble2","type":"deco","x":321},{"duration":3,"angle":326.25,"ease":"inSine","y":-8,"id":"bubble2","time":92,"order":1,"type":"deco"},{"y":164,"drawOrder":12,"order":0,"drawLayer":"fg","angle":337.5,"time":94,"id":"bubble3","type":"deco","x":321},{"duration":3,"angle":326.25,"ease":"inSine","y":-8,"id":"bubble3","time":94,"order":1,"type":"deco"},{"y":164,"drawOrder":12,"order":0,"drawLayer":"fg","angle":337.5,"time":96,"id":"bubble4","type":"deco","x":321},{"duration":3,"angle":326.25,"ease":"inSine","y":-8,"id":"bubble4","time":96,"order":1,"type":"deco"}],"metadata":{"artist":"NoLongerNull","charter":"Krysiuba","difficulty":7,"description":"WARNING TO ALL OPERATIVES SWIMMING IN THE LET-VANDING ZONE: Z-317's CONTAINMENT CELL HAS BEEN OPENED, LETTING IT SWIM OUTSIDE\nDO. NOT. LOOK.\n\nMechanics: taps, sides, mines.\n\nOriginally made for PRESSURE\n\neverything in game made by me\nThumbnail art by @SearingCircuits","songName":"ENRAGED","artistLink":"https://open.spotify.com/artist/12xc327EsVjOW5LepkAus5","bg":true,"bgData":{"redChannel":{"b":0,"r":255,"g":0},"blueChannel":{"b":0,"r":128,"g":0},"image":"thumbnail.png"}}}