[{"type":"block","angle":90,"time":0},{"type":"block","angle":90,"time":0.5},{"type":"block","angle":45,"time":1},{"type":"side","angle":180,"time":1.5},{"type":"block","angle":-90,"time":4},{"type":"block","angle":-90,"time":4.5},{"type":"side","angle":180,"time":5.5},{"type":"block","angle":315,"time":5},{"type":"mine","angle":-22.5,"time":1},{"type":"mine","angle":382.5,"time":5},{"type":"block","angle":90,"time":9.5},{"type":"side","angle":168.75,"time":10.75},{"type":"side","angle":180,"time":10.75},{"type":"side","angle":191.25,"time":10.75},{"type":"side","angle":348.75,"time":11.5},{"type":"side","angle":0,"time":11.5},{"type":"side","angle":11.25,"time":11.5},{"type":"inverse","angle":90,"time":12.5},{"type":"block","angle":90,"time":16},{"type":"block","angle":90,"time":16.5},{"type":"side","angle":180,"time":17.5},{"type":"block","angle":45,"time":17},{"type":"mine","angle":337.5,"time":17},{"type":"block","angle":270,"time":18},{"type":"block","angle":270,"time":2},{"type":"block","angle":90,"time":6},{"type":"block","angle":225,"time":3.5},{"type":"block","angle":135,"time":7.5},{"type":"block","angle":90,"time":8},{"type":"block","angle":90,"time":8},{"type":"block","angle":90,"time":8.5},{"type":"block","angle":45,"time":9},{"type":"block","angle":135,"time":15.5},{"type":"block","angle":45,"time":10},{"type":"block","angle":-90,"time":20},{"type":"block","angle":-90,"time":20.5},{"type":"side","angle":-180,"time":21.5},{"type":"block","angle":-45,"time":21},{"type":"mine","angle":-337.5,"time":21},{"type":"block","angle":-270,"time":22},{"type":"block","angle":-135,"time":19.5},{"type":"block","angle":135,"time":23.5},{"type":"block","angle":90,"time":24},{"type":"block","angle":90,"time":24.5},{"type":"block","angle":45,"time":25},{"type":"block","angle":90,"time":25.5},{"type":"block","angle":135,"time":26},{"type":"side","angle":-11.25,"time":26.75},{"type":"side","angle":0,"time":26.75},{"type":"side","angle":11.25,"time":26.75},{"type":"side","angle":-191.25,"time":27.25},{"type":"side","angle":-180,"time":27.25},{"type":"side","angle":-168.75,"time":27.25},{"type":"block","angle":90,"time":28},{"type":"inverse","angle":90,"time":30},{"type":"block","angle":90,"time":32},{"type":"block","angle":45,"time":32.5},{"type":"block","angle":0,"time":33},{"type":"block","angle":315,"time":33.5},{"type":"block","angle":292.5,"time":34},{"type":"block","angle":270,"time":34.5},{"type":"block","angle":247.5,"time":35},{"type":"block","angle":225,"time":35.5},{"type":"block","angle":-90,"time":36},{"type":"block","angle":-45,"time":36.5},{"type":"block","angle":0,"time":37},{"type":"block","angle":-315,"time":37.5},{"type":"block","angle":-292.5,"time":38},{"type":"block","angle":-270,"time":38.5},{"type":"block","angle":-247.5,"time":39},{"type":"block","angle":-225,"time":39.5},{"type":"block","angle":90,"time":40},{"type":"block","angle":45,"time":40.5},{"type":"block","angle":0,"time":41},{"type":"block","angle":315,"time":41.5},{"type":"block","angle":292.5,"time":42},{"type":"block","angle":270,"time":42.5},{"type":"block","angle":247.5,"time":43},{"type":"block","angle":225,"time":43.5},{"duration":0.75,"angle2":270,"type":"hold","angle":292.5,"time":42.75},{"duration":0.5,"angle2":225,"type":"hold","angle":270,"time":43.5},{"duration":4,"holdEase":"linear","angle2":-135,"type":"hold","angle":225,"time":44},{"speedMult":2,"type":"block","angle":225,"time":44},{"type":"block","angle":-135,"time":48.5},{"type":"block","angle":-180,"time":49},{"type":"block","angle":135,"time":49.5},{"type":"block","angle":112.5,"time":50},{"type":"block","angle":90,"time":50.5},{"type":"block","angle":67.5,"time":51},{"type":"block","angle":45,"time":51.5},{"type":"block","angle":-270,"time":52},{"type":"block","angle":-225,"time":52.5},{"type":"block","angle":-180,"time":53},{"type":"block","angle":-495,"time":53.5},{"type":"block","angle":-472.5,"time":54},{"type":"block","angle":-450,"time":54.5},{"type":"block","angle":-427.5,"time":55},{"type":"block","angle":-405,"time":55.5},{"type":"block","angle":-90,"time":56},{"type":"block","angle":-135,"time":56.5},{"type":"block","angle":-180,"time":57},{"type":"block","angle":135,"time":57.5},{"type":"block","angle":112.5,"time":58},{"type":"block","angle":90,"time":58.5},{"type":"block","angle":67.5,"time":59},{"type":"block","angle":45,"time":59.5},{"duration":0.75,"angle2":90,"type":"hold","angle":112.5,"time":58.75},{"duration":0.5,"angle2":45,"type":"hold","angle":90,"time":59.5},{"type":"inverse","angle":90,"time":63},{"type":"side","angle":90,"time":61.5},{"type":"side","angle":90,"time":62},{"type":"block","angle":247.5,"time":47.5},{"speedMult":2,"type":"block","angle":135,"time":45},{"speedMult":2,"type":"block","angle":45,"time":46},{"speedMult":2,"type":"block","angle":315,"time":47},{"type":"block","angle":247.5,"time":48},{"type":"block","angle":90,"time":64},{"type":"block","angle":90,"time":64.5},{"type":"block","angle":45,"time":65},{"type":"side","angle":180,"time":65.5},{"type":"block","angle":-90,"time":68},{"type":"block","angle":-90,"time":68.5},{"type":"side","angle":180,"time":69.5},{"type":"block","angle":315,"time":69},{"type":"mine","angle":-22.5,"time":65},{"type":"mine","angle":382.5,"time":69},{"type":"block","angle":90,"time":73.5},{"type":"side","angle":168.75,"time":74.75},{"type":"side","angle":180,"time":74.75},{"type":"side","angle":191.25,"time":74.75},{"type":"side","angle":348.75,"time":75.5},{"type":"side","angle":0,"time":75.5},{"type":"side","angle":11.25,"time":75.5},{"type":"inverse","angle":90,"time":76.5},{"type":"block","angle":90,"time":80},{"type":"block","angle":90,"time":80.5},{"type":"side","angle":180,"time":81.5},{"type":"block","angle":45,"time":81},{"type":"mine","angle":337.5,"time":81},{"type":"block","angle":270,"time":82},{"type":"block","angle":270,"time":66},{"type":"block","angle":90,"time":70},{"type":"block","angle":225,"time":67.5},{"type":"block","angle":135,"time":71.5},{"type":"block","angle":90,"time":72},{"type":"block","angle":90,"time":72},{"type":"block","angle":90,"time":72.5},{"type":"block","angle":45,"time":73},{"type":"block","angle":135,"time":79.5},{"type":"block","angle":45,"time":74},{"type":"block","angle":-90,"time":84},{"type":"block","angle":-90,"time":84.5},{"type":"side","angle":-180,"time":85.5},{"type":"block","angle":-45,"time":85},{"type":"mine","angle":-337.5,"time":85},{"type":"block","angle":-270,"time":86},{"type":"block","angle":-135,"time":83.5},{"type":"block","angle":135,"time":87.5},{"type":"block","angle":90,"time":88},{"type":"block","angle":90,"time":88.5},{"type":"block","angle":45,"time":89},{"type":"block","angle":90,"time":89.5},{"type":"block","angle":135,"time":90},{"type":"side","angle":-11.25,"time":90.75},{"type":"side","angle":0,"time":90.75},{"type":"side","angle":11.25,"time":90.75},{"type":"side","angle":-191.25,"time":91.25},{"type":"side","angle":-180,"time":91.25},{"type":"side","angle":-168.75,"time":91.25},{"type":"block","angle":90,"time":92},{"type":"inverse","angle":90,"time":94},{"type":"block","angle":90,"time":96},{"type":"block","angle":45,"time":96.5},{"type":"block","angle":0,"time":97},{"type":"block","angle":315,"time":97.5},{"type":"block","angle":292.5,"time":98},{"type":"block","angle":270,"time":98.5},{"type":"block","angle":247.5,"time":99},{"type":"block","angle":225,"time":99.5},{"type":"block","angle":-90,"time":100},{"type":"block","angle":-45,"time":100.5},{"type":"block","angle":0,"time":101},{"type":"block","angle":-315,"time":101.5},{"type":"block","angle":-292.5,"time":102},{"type":"block","angle":-270,"time":102.5},{"type":"block","angle":-247.5,"time":103},{"type":"block","angle":-225,"time":103.5},{"type":"block","angle":90,"time":104},{"type":"block","angle":45,"time":104.5},{"type":"block","angle":0,"time":105},{"type":"block","angle":315,"time":105.5},{"type":"block","angle":292.5,"time":106},{"type":"block","angle":270,"time":106.5},{"type":"block","angle":247.5,"time":107},{"type":"block","angle":225,"time":107.5},{"duration":0.75,"angle2":270,"type":"hold","angle":292.5,"time":106.75},{"duration":0.5,"angle2":225,"type":"hold","angle":270,"time":107.5},{"type":"block","angle":-135,"time":112.5},{"type":"block","angle":-180,"time":113},{"type":"block","angle":135,"time":113.5},{"type":"block","angle":112.5,"time":114},{"type":"block","angle":90,"time":114.5},{"type":"block","angle":67.5,"time":115},{"type":"block","angle":45,"time":115.5},{"type":"block","angle":-270,"time":116},{"type":"block","angle":-225,"time":116.5},{"type":"block","angle":-180,"time":117},{"type":"block","angle":-495,"time":117.5},{"type":"block","angle":-472.5,"time":118},{"type":"block","angle":-450,"time":118.5},{"type":"block","angle":-427.5,"time":119},{"type":"block","angle":-405,"time":119.5},{"type":"block","angle":-90,"time":120},{"type":"block","angle":-135,"time":120.5},{"type":"block","angle":-180,"time":121},{"type":"block","angle":135,"time":121.5},{"type":"block","angle":112.5,"time":122},{"type":"block","angle":90,"time":122.5},{"type":"block","angle":67.5,"time":123},{"type":"block","angle":45,"time":123.5},{"duration":0.75,"angle2":90,"type":"hold","angle":112.5,"time":122.75},{"duration":0.5,"angle2":45,"type":"hold","angle":90,"time":123.5},{"type":"inverse","angle":90,"time":127},{"type":"side","angle":90,"time":125.5},{"type":"side","angle":90,"time":126},{"type":"block","angle":247.5,"time":111.5},{"type":"block","angle":135,"time":109},{"type":"block","angle":45,"time":110},{"type":"block","angle":315,"time":111},{"type":"block","angle":247.5,"time":112},{"type":"block","angle":90,"time":76},{"duration":0.5,"angle2":90,"type":"hold","angle":90,"time":128},{"duration":2.5,"holdEase":"inSine","angle2":0,"type":"hold","angle":90,"time":128.5},{"duration":0.5,"angle2":-45,"type":"hold","angle":0,"time":131},{"duration":0.5,"holdEase":"outSine","angle2":270,"type":"hold","angle":315,"time":131.5},{"duration":3,"holdEase":"inSine","angle2":540,"type":"hold","angle":270,"time":132},{"type":"side","angle":90,"time":136},{"duration":3.5,"holdEase":"inOutSine","angle2":540,"type":"hold","angle":180,"time":136.5},{"duration":4,"holdEase":"inSine","angle2":-90,"type":"hold","angle":180,"time":140},{"type":"side","angle":225,"time":144},{"duration":2.5,"holdEase":"inOutSine","angle2":-90,"type":"hold","angle":135,"time":144.5},{"duration":0.5,"angle2":292.5,"type":"hold","angle":270,"time":147},{"duration":0.5,"angle2":247.5,"type":"hold","angle":292.5,"time":147.5},{"duration":3,"angle2":540,"type":"hold","angle":247.5,"time":148},{"duration":0.5,"angle2":270,"type":"mineHold","angle":270,"time":128},{"duration":2.5,"holdEase":"inSine","angle2":180,"type":"mineHold","angle":270,"time":128.5},{"duration":0.5,"angle2":135,"type":"mineHold","angle":180,"time":131},{"duration":0.5,"holdEase":"outSine","angle2":90,"type":"mineHold","angle":135,"time":131.5},{"duration":3,"holdEase":"inSine","angle2":360,"type":"mineHold","angle":90,"time":132},{"duration":3.5,"holdEase":"inOutSine","angle2":360,"type":"mineHold","angle":0,"time":136.5},{"duration":4,"holdEase":"inSine","angle2":-270,"type":"mineHold","angle":0,"time":140},{"duration":2.5,"holdEase":"inOutSine","angle2":90,"type":"mineHold","angle":315,"time":144.5},{"duration":0.5,"angle2":112.5,"type":"mineHold","angle":90,"time":147},{"duration":0.5,"angle2":67.5,"type":"mineHold","angle":112.5,"time":147.5},{"duration":3,"angle2":360,"type":"mineHold","angle":67.5,"time":148},{"duration":1,"holdEase":"inSine","angle2":270,"type":"hold","angle":180,"time":151},{"duration":1,"holdEase":"inSine","angle2":90,"type":"mineHold","angle":0,"time":151},{"duration":7,"holdEase":"linear","angle2":-450,"type":"hold","angle":270,"time":152},{"duration":7,"angle2":-630,"type":"mineHold","angle":90,"time":152},{"type":"block","angle":270,"time":160},{"type":"block","angle":225,"time":160.5},{"type":"side","angle":315,"time":161},{"duration":0.5,"angle2":90,"type":"hold","angle":45,"time":161.5},{"duration":0.5,"angle2":45,"type":"hold","angle":90,"time":162},{"type":"block","angle":0,"time":163},{"type":"side","angle":45,"time":163.5},{"type":"block","angle":450,"time":164},{"type":"block","angle":405,"time":164.5},{"type":"side","angle":495,"time":165},{"duration":0.5,"angle2":270,"type":"hold","angle":225,"time":165.5},{"duration":0.5,"angle2":225,"type":"hold","angle":270,"time":166},{"type":"block","angle":180,"time":167},{"type":"side","angle":225,"time":167.5},{"type":"block","angle":270,"time":168},{"type":"block","angle":315,"time":168.5},{"duration":0.5,"angle2":405,"type":"hold","angle":360,"time":169},{"duration":0.5,"angle2":-45,"type":"hold","angle":45,"time":169.5},{"type":"side","angle":180,"time":170.5},{"type":"block","angle":135,"time":171},{"type":"block","angle":90,"time":172},{"type":"block","angle":135,"time":172.5},{"duration":0.5,"angle2":225,"type":"hold","angle":180,"time":173},{"duration":0.5,"angle2":-225,"type":"hold","angle":-135,"time":173.5},{"type":"side","angle":0,"time":174.5},{"type":"block","angle":-45,"time":175},{"type":"block","angle":112.5,"time":171.5},{"type":"block","angle":-427.5,"time":175.5},{"type":"block","angle":270,"time":176},{"type":"block","angle":0,"time":176.5},{"type":"block","angle":90,"time":177},{"duration":0.5,"angle2":270,"type":"hold","angle":180,"time":177.5},{"duration":0.5,"angle2":360,"type":"hold","angle":270,"time":178},{"type":"side","angle":180,"time":179},{"type":"side","angle":180,"time":179.5},{"type":"mine","angle":270,"time":179},{"type":"mine","angle":270,"time":179},{"type":"mine","angle":270,"time":179},{"type":"mine","angle":270,"time":179},{"type":"mine","angle":270,"time":179},{"type":"mine","angle":270,"time":179},{"type":"mine","angle":270,"time":179},{"type":"block","angle":-270,"time":180},{"type":"block","angle":0,"time":180.5},{"type":"block","angle":-90,"time":181},{"duration":0.5,"angle2":-270,"type":"hold","angle":-180,"time":181.5},{"duration":0.5,"angle2":-360,"type":"hold","angle":-270,"time":182},{"type":"side","angle":-180,"time":183},{"type":"side","angle":-180,"time":183.5},{"type":"mine","angle":-270,"time":183},{"type":"mine","angle":-270,"time":183},{"type":"mine","angle":-270,"time":183},{"type":"mine","angle":-270,"time":183},{"type":"mine","angle":-270,"time":183},{"type":"mine","angle":-270,"time":183},{"type":"mine","angle":-270,"time":183},{"duration":0.5,"angle2":450,"type":"mineHold","angle":360,"time":177},{"duration":0.5,"angle2":180,"type":"mineHold","angle":90,"time":177.5},{"duration":0.5,"angle2":-450,"type":"mineHold","angle":-360,"time":181.5},{"duration":0.5,"angle2":-180,"type":"mineHold","angle":-90,"time":182},{"duration":4,"holdEase":"inBack","angle2":90,"type":"hold","angle":270,"time":184},{"type":"side","angle":180,"time":188.5},{"type":"side","angle":191.25,"time":188.5},{"type":"side","angle":168.75,"time":188.5},{"duration":1,"angle2":45,"type":"hold","angle":90,"time":189.5},{"duration":0.5,"angle2":0,"type":"hold","angle":45,"time":190.5},{"duration":0.5,"angle2":-45,"type":"hold","angle":0,"time":191},{"duration":0.5,"angle2":270,"type":"hold","angle":315,"time":191.5},{"type":"block","angle":-90,"time":192.5},{"type":"block","angle":-45,"time":193},{"type":"side","angle":-180,"time":193.5},{"type":"block","angle":90,"time":196},{"type":"block","angle":90,"time":196.5},{"type":"side","angle":-180,"time":197.5},{"type":"block","angle":-315,"time":197},{"type":"mine","angle":22.5,"time":193},{"type":"mine","angle":-382.5,"time":197},{"type":"side","angle":-168.75,"time":202.75},{"type":"side","angle":-180,"time":202.75},{"type":"side","angle":-191.25,"time":202.75},{"type":"side","angle":-348.75,"time":203.5},{"type":"side","angle":0,"time":203.5},{"type":"side","angle":-11.25,"time":203.5},{"type":"inverse","angle":-90,"time":204.5},{"type":"block","angle":-90,"time":208},{"type":"block","angle":-90,"time":208.5},{"type":"side","angle":-180,"time":209.5},{"type":"block","angle":-45,"time":209},{"type":"mine","angle":-337.5,"time":209},{"type":"block","angle":-270,"time":210},{"type":"block","angle":-270,"time":194},{"type":"block","angle":-90,"time":198},{"type":"block","angle":-225,"time":195.5},{"type":"block","angle":-135,"time":199.5},{"type":"block","angle":-135,"time":207.5},{"type":"block","angle":90,"time":212},{"type":"block","angle":90,"time":212.5},{"type":"side","angle":180,"time":213.5},{"type":"block","angle":45,"time":213},{"type":"mine","angle":337.5,"time":213},{"type":"block","angle":270,"time":214},{"type":"block","angle":135,"time":211.5},{"type":"block","angle":-135,"time":215.5},{"type":"side","angle":11.25,"time":218.75},{"type":"side","angle":0,"time":218.75},{"type":"side","angle":-11.25,"time":218.75},{"type":"side","angle":191.25,"time":219.25},{"type":"side","angle":180,"time":219.25},{"type":"side","angle":168.75,"time":219.25},{"type":"block","angle":-90,"time":220},{"type":"inverse","angle":-90,"time":222},{"type":"block","angle":-90,"time":204},{"duration":0.5,"angle2":315,"type":"hold","angle":270,"time":200},{"duration":0.5,"angle2":360,"type":"hold","angle":315,"time":200.5},{"duration":0.5,"angle2":405,"type":"hold","angle":360,"time":201},{"duration":0.5,"angle2":0,"type":"hold","angle":45,"time":201.5},{"duration":0.5,"angle2":-495,"type":"hold","angle":-450,"time":216},{"duration":0.5,"angle2":-540,"type":"hold","angle":-495,"time":216.5},{"duration":0.5,"angle2":-585,"type":"hold","angle":-540,"time":217},{"duration":0.5,"angle2":-180,"type":"hold","angle":-225,"time":217.5},{"type":"block","angle":270,"time":224},{"type":"block","angle":315,"time":224.5},{"type":"block","angle":225,"time":225.5},{"type":"block","angle":270,"time":225},{"duration":0.5,"angle2":135,"type":"hold","angle":180,"time":226},{"duration":0.5,"angle2":90,"type":"hold","angle":135,"time":226.5},{"duration":0.5,"angle2":45,"type":"hold","angle":90,"time":227},{"type":"block","angle":22.5,"time":227.5},{"type":"block","angle":360,"time":228},{"type":"block","angle":405,"time":228.5},{"type":"block","angle":315,"time":229.5},{"type":"block","angle":360,"time":229},{"duration":0.5,"angle2":225,"type":"hold","angle":270,"time":230},{"duration":0.5,"angle2":180,"type":"hold","angle":225,"time":230.5},{"duration":0.5,"angle2":135,"type":"hold","angle":180,"time":231},{"type":"block","angle":112.5,"time":231.5},{"type":"block","angle":450,"time":232},{"type":"block","angle":495,"time":232.5},{"type":"block","angle":405,"time":233.5},{"type":"block","angle":450,"time":233},{"duration":0.5,"angle2":315,"type":"hold","angle":360,"time":234},{"duration":0.5,"angle2":270,"type":"hold","angle":315,"time":234.5},{"duration":0.5,"angle2":225,"type":"hold","angle":270,"time":235},{"type":"block","angle":202.5,"time":235.5},{"duration":4,"angle2":-180,"type":"hold","angle":180,"time":236},{"speedMult":2,"type":"block","angle":180,"time":236},{"speedMult":2,"type":"block","angle":90,"time":237},{"speedMult":2,"type":"block","angle":360,"time":238},{"speedMult":2,"type":"block","angle":270,"time":239},{"speedMult":2,"type":"block","angle":225,"time":239.5},{"type":"block","angle":180,"time":240},{"type":"block","angle":225,"time":240.5},{"type":"block","angle":135,"time":241.5},{"type":"block","angle":180,"time":241},{"duration":0.5,"angle2":45,"type":"hold","angle":90,"time":242},{"duration":0.5,"angle2":0,"type":"hold","angle":45,"time":242.5},{"duration":0.5,"angle2":-45,"type":"hold","angle":0,"time":243},{"type":"block","angle":-67.5,"time":243.5},{"type":"block","angle":270,"time":244},{"type":"block","angle":315,"time":244.5},{"type":"block","angle":225,"time":245.5},{"type":"block","angle":270,"time":245},{"duration":0.5,"angle2":135,"type":"hold","angle":180,"time":246},{"duration":0.5,"angle2":90,"type":"hold","angle":135,"time":246.5},{"duration":0.5,"angle2":45,"type":"hold","angle":90,"time":247},{"type":"block","angle":22.5,"time":247.5},{"type":"block","angle":360,"time":248},{"type":"block","angle":405,"time":248.5},{"type":"block","angle":315,"time":249.5},{"type":"block","angle":360,"time":249},{"duration":0.5,"angle2":225,"type":"hold","angle":270,"time":250},{"duration":0.5,"angle2":180,"type":"hold","angle":225,"time":250.5},{"duration":0.5,"angle2":135,"type":"hold","angle":180,"time":251},{"type":"block","angle":112.5,"time":251.5},{"type":"block","angle":292.5,"time":234.75},{"type":"block","angle":202.5,"time":250.75},{"type":"block","angle":90,"time":252},{"type":"block","angle":0,"time":253.5},{"type":"block","angle":270,"time":254},{"type":"inverse","angle":360,"time":255}]