{"events":[{"file":"MeatballParade.ogg","type":"play","bpm":150,"angle":0,"volume":1,"time":0},{"duration":0,"type":"width","angle":90,"newWidth":70,"time":-1.5},{"type":"showResults","angle":0,"time":255.25},{"recolor":-1,"drawLayer":"bg","time":-1.5,"angle":270,"id":"plate","type":"deco","y":184,"x":254,"sprite":"plate.png"},{"r":232,"b":105,"type":"setColor","g":105,"angle":180,"color":0,"time":-1.5},{"type":"setBgColor","angle":45,"time":-1.5,"color":2},{"r":255,"b":255,"type":"setColor","g":255,"angle":225,"time":-1.5,"color":2}],"properties":{"speed":60,"loadBeat":-1,"startBeat":0,"formatversion":10,"offset":8},"metadata":{"difficulty":4,"charter":"RaffyTaffy14","description":"The Meatball Parade is coming in town.\n\n\nWho's the Meatball Parade?\n\n...\n\nI dunno, I'm just telling you as much as I know.","bg":true,"artistLink":"https://www.youtube.com/@incompetech_kmac","songName":"Meatball Parade","artist":"Kevin Macleod","bgData":{"image":"menu.png","blueChannel":{"r":0,"g":0,"b":255},"redChannel":{"r":232,"g":105,"b":105}}}}