[{"time":0,"type":"block","angle":90},{"time":0.375,"type":"block","angle":90},{"time":0.25,"type":"block","angle":67.5},{"time":0.75,"type":"block","angle":67.5},{"time":1.125,"type":"block","angle":67.5},{"time":1.375,"type":"block","angle":45},{"time":1.5,"type":"block","angle":67.5},{"time":1.875,"type":"block","angle":67.5},{"time":2.25,"type":"block","angle":67.5},{"time":2.375,"type":"block","angle":45},{"time":2.625,"type":"block","angle":67.5},{"time":3,"duration":0.5,"angle2":67.5,"type":"hold","angle":67.5},{"time":3.5,"duration":1,"angle2":247.5,"type":"hold","angle":67.5},{"time":5.5,"type":"inverse","angle":247.5},{"time":5.25,"type":"inverse","angle":247.5},{"time":6,"duration":1,"angle2":427.5,"type":"hold","angle":247.5},{"time":6.5,"type":"block","angle":337.5},{"time":6.75,"type":"block","angle":22.5},{"time":7.5,"duration":1,"angle2":270,"type":"hold","angle":90},{"time":9.25,"type":"inverse","angle":270},{"time":9.5,"type":"inverse","angle":270},{"time":10,"duration":0.5,"angle2":315,"type":"hold","angle":270},{"time":10.5,"duration":0.25,"angle2":270,"type":"hold","angle":315},{"time":10.75,"duration":0.66666668653488,"angle2":270,"type":"hold","angle":270},{"time":12.333333969116,"type":"block","angle":270},{"time":13.5,"type":"inverse","angle":270},{"time":13.25,"type":"inverse","angle":270},{"time":14,"duration":0.5,"angle2":292.5,"type":"hold","angle":270},{"time":14.5,"duration":0.5,"angle2":270,"type":"hold","angle":292.5},{"time":15,"duration":0.5,"angle2":90,"type":"hold","angle":270},{"time":16.25,"type":"block","angle":90},{"time":17.5,"type":"block","angle":90},{"time":18,"type":"block","angle":90},{"time":18.5,"type":"block","angle":90},{"time":19,"duration":2.5,"angle2":-270,"type":"hold","angle":90}]