{"events":[{"time":0,"bpm":65,"file":"nokia-ringtone-better-call-saul.ogg","volume":10,"angle":0,"type":"play"},{"time":-2,"type":"deco","ox":220.5,"oy":226.5,"sprite":"saul.png","id":"saul","angle":315,"drawLayer":"bg"},{"time":-2,"color":2,"type":"setColor","r":165,"angle":270,"g":112,"b":72},{"time":-2,"color":3,"angle":225,"r":20,"type":"setColor","g":15,"b":12},{"time":-2,"color":3,"type":"setBgColor","angle":180},{"time":3,"bpm":85,"type":"setBPM","angle":180},{"time":21.5,"type":"showResults","angle":67.5}],"metadata":{"difficulty":0,"bg":true,"artist":"DANKMEMEZ","songName":"Better Call Saul","artistLink":"","description":"","charter":"Charter","bgData":{"redChannel":{"r":165,"b":72,"g":112},"blueChannel":{"r":20,"b":12,"g":15},"image":"saul.png"}},"properties":{"startBeat":0,"speed":70,"formatversion":12,"offset":2}}