[{"angle":0,"time":0.875,"type":"block"},{"angle":22.5,"time":1,"type":"block"},{"angle":45,"time":1.125,"type":"block"},{"angle":67.5,"time":1.25,"type":"block"},{"angle":90,"time":1.375,"type":"block"},{"angle":112.5,"time":1.5,"type":"block"},{"angle":90,"time":1.625,"type":"block"},{"angle":67.5,"time":1.75,"type":"block"},{"angle":45,"time":1.875,"type":"block"},{"angle":22.5,"time":2,"type":"block"},{"angle":0,"time":2.125,"type":"block"},{"angle":337.5,"time":2.25,"type":"block"},{"angle":315,"time":2.375,"type":"block"},{"angle":292.5,"time":2.5,"type":"block"},{"angle":270,"time":2.625,"type":"block"},{"angle":247.5,"time":2.75,"type":"block"},{"angle":225,"time":2.875,"type":"block"},{"angle":247.5,"time":3,"type":"block"},{"angle":270,"time":3.125,"type":"block"},{"angle":292.5,"time":3.25,"type":"block"},{"angle":315,"time":3.375,"type":"block"},{"angle":337.5,"time":3.5,"type":"block"},{"angle":360,"time":3.625,"type":"block"},{"angle":22.5,"time":3.75,"type":"block"},{"angle":45,"time":3.875,"type":"block"},{"angle":67.5,"time":4,"type":"block"},{"angle":90,"time":4.125,"type":"block"},{"angle":112.5,"time":4.25,"type":"block"},{"angle":135,"time":4.375,"type":"block"},{"angle":157.5,"time":4.5,"type":"block"},{"angle":180,"time":4.625,"type":"block"},{"angle":202.5,"time":4.75,"type":"block"},{"angle":225,"time":4.875,"type":"block"},{"angle":202.5,"time":5,"type":"block"},{"angle":180,"time":5.125,"type":"block"},{"angle":157.5,"time":5.25,"type":"block"},{"angle":135,"time":5.375,"type":"block"},{"angle":112.5,"time":5.5,"type":"block"},{"angle":90,"time":5.625,"type":"block"},{"angle":67.5,"time":5.75,"type":"block"},{"angle":45,"time":5.875,"type":"block"},{"angle":0,"time":6,"type":"block"},{"angle":22.5,"time":6.125,"type":"block"},{"angle":337.5,"time":6.25,"type":"block"},{"angle":360,"time":6.375,"type":"block"},{"angle":315,"time":6.5,"type":"block"},{"angle":337.5,"time":6.625,"type":"block"},{"angle":292.5,"time":6.75,"type":"block"},{"angle":315,"time":6.875,"type":"block"},{"angle":337.5,"angle2":517.5,"time":7,"duration":2,"startTap":true,"type":"hold"},{"angle":157.5,"angle2":-45,"time":9,"duration":2,"startTap":true,"type":"hold"},{"angle":315,"angle2":67.5,"time":11,"duration":2,"startTap":true,"type":"hold"},{"angle":45,"time":8,"type":"extraTap"},{"angle":45,"time":10,"type":"extraTap"},{"angle":270,"time":12,"type":"extraTap"},{"angle":67.5,"time":14,"type":"extraTap"},{"angle":67.5,"angle2":292.5,"time":13,"duration":2,"startTap":true,"endTap":true,"type":"hold"},{"angle":270,"time":15.125,"type":"block"},{"angle":247.5,"time":15.25,"type":"block"},{"angle":225,"time":15.375,"type":"block"},{"angle":202.5,"time":15.5,"type":"block"},{"angle":180,"time":15.625,"type":"block"},{"angle":157.5,"time":15.75,"type":"block"},{"angle":135,"time":15.875,"type":"block"},{"angle":112.5,"time":16,"type":"block"},{"angle":90,"time":17,"type":"inverse"},{"angle":67.5,"time":17.125,"type":"inverse"},{"angle":45,"time":17.25,"type":"inverse"},{"angle":22.5,"time":17.375,"type":"inverse"},{"angle":0,"time":17.5,"type":"inverse"},{"angle":337.5,"time":17.625,"type":"inverse"},{"angle":315,"time":17.75,"type":"inverse"},{"angle":292.5,"time":17.875,"type":"inverse"},{"angle":270,"time":18,"type":"inverse"},{"angle":247.5,"time":19.125,"type":"block"},{"angle":225,"time":19.25,"type":"block"},{"angle":202.5,"time":19.375,"type":"block"},{"angle":180,"time":19.5,"type":"block"},{"angle":157.5,"time":19.625,"type":"block"},{"angle":135,"time":19.75,"type":"block"},{"angle":112.5,"time":19.875,"type":"block"},{"angle":90,"time":20.875,"type":"inverse"},{"angle":67.5,"time":21,"type":"inverse"},{"angle":45,"time":21.125,"type":"inverse"},{"angle":22.5,"time":21.25,"type":"inverse"},{"angle":0,"time":21.375,"type":"inverse"},{"angle":337.5,"time":21.5,"type":"inverse"},{"angle":315,"time":21.625,"type":"inverse"},{"angle":292.5,"time":21.75,"type":"inverse"},{"angle":270,"time":21.875,"type":"inverse"},{"angle":225,"time":22,"tap":true,"type":"inverse"},{"holdEase":"inSine","angle2":90,"time":22,"duration":0.5,"angle":225,"type":"hold"},{"angle":135,"time":23,"type":"extraTap"},{"angle":180,"angle2":180,"time":23,"duration":1,"type":"mineHold"},{"angle":90,"angle2":90,"time":23,"duration":9,"type":"mineHold"},{"angle":22.5,"angle2":22.5,"time":23,"duration":7,"type":"mineHold"},{"angle":315,"angle2":315,"time":23,"duration":5,"type":"mineHold"},{"angle":247.5,"angle2":247.5,"time":23,"duration":3,"type":"mineHold"},{"angle":135,"time":24,"type":"extraTap"},{"angle":202.5,"time":25,"type":"extraTap"},{"angle":157.5,"angle2":157.5,"time":25,"duration":9,"type":"mineHold"},{"angle":202.5,"time":26,"type":"extraTap"},{"angle":270,"time":27,"type":"extraTap"},{"angle":225,"angle2":225,"time":27,"duration":7,"type":"mineHold"},{"angle":90,"time":16.125,"type":"block"},{"angle":67.5,"time":16.25,"type":"block"},{"angle":45,"time":16.375,"type":"block"},{"angle":22.5,"time":16.5,"type":"block"},{"angle":45,"time":16.625,"type":"block"},{"angle":67.5,"time":16.75,"type":"block"},{"angle":90,"time":16.875,"type":"block"},{"angle":270,"time":18.75,"type":"inverse"},{"angle":247.5,"time":18.125,"type":"inverse"},{"angle":225,"time":18.25,"type":"inverse"},{"angle":247.5,"time":18.625,"type":"inverse"},{"angle":225,"time":18.5,"type":"inverse"},{"angle":202.5,"time":18.375,"type":"inverse"},{"angle":90,"time":20,"type":"block"},{"angle":67.5,"time":20.125,"type":"block"},{"angle":90,"time":20.75,"type":"block"},{"angle":67.5,"time":20.625,"type":"block"},{"angle":45,"time":20.5,"type":"block"},{"angle":45,"time":20.25,"type":"block"},{"angle":22.5,"time":20.375,"type":"block"},{"angle":270,"time":28,"type":"extraTap"},{"angle":292.5,"angle2":292.5,"time":29,"duration":5,"type":"mineHold"},{"angle":337.5,"time":29,"type":"extraTap"},{"angle":337.5,"time":30,"type":"extraTap"},{"angle":45,"time":31,"type":"extraTap"},{"angle":45,"time":32,"type":"extraTap"},{"angle":360,"angle2":360,"time":31,"duration":3,"type":"mineHold"},{"angle":112.5,"time":33,"type":"extraTap"},{"angle":112.5,"time":34,"type":"extraTap"},{"angle":67.5,"angle2":67.5,"time":33,"duration":1,"type":"mineHold"},{"holdEase":"inSine","angle2":157.5,"time":34.5,"duration":0.5,"angle":112.5,"type":"hold"},{"angle":157.5,"angle2":-225,"time":35,"duration":4,"type":"hold"},{"angle":112.5,"time":39.125,"type":"block"},{"angle":90,"time":39.25,"type":"block"},{"angle":67.5,"time":39.375,"type":"block"},{"angle":22.5,"time":39.5,"type":"block"},{"angle":45,"time":39.625,"type":"block"},{"angle":67.5,"time":39.75,"type":"block"},{"angle":90,"time":39.875,"type":"block"},{"angle":135,"time":40,"type":"block"},{"angle":112.5,"time":40.125,"type":"block"},{"angle":157.5,"time":40.25,"type":"block"},{"angle":135,"time":40.375,"type":"block"},{"angle":180,"time":40.5,"type":"block"},{"angle":157.5,"time":40.625,"type":"block"},{"angle":202.5,"time":40.75,"type":"block"},{"angle":180,"time":40.875,"type":"block"},{"angle":135,"time":41,"type":"block"},{"angle":112.5,"time":41.125,"type":"block"},{"angle":90,"time":41.25,"type":"block"},{"angle":67.5,"time":41.375,"type":"block"},{"angle":45,"time":41.5,"type":"block"},{"angle":22.5,"time":41.625,"type":"block"},{"angle":0,"time":41.75,"type":"block"},{"angle":337.5,"time":41.875,"type":"block"},{"angle":292.5,"time":42,"type":"block"},{"angle":247.5,"time":42.125,"type":"block"},{"angle":202.5,"time":42.25,"type":"block"},{"angle":157.5,"time":42.375,"type":"block"},{"angle":202.5,"time":42.5,"type":"block"},{"angle":247.5,"time":42.625,"type":"block"},{"angle":270,"angle2":270,"time":18.875,"duration":0.125,"type":"hold"},{"angle":292.5,"angle2":292.5,"time":42.75,"duration":0.125,"endTap":true,"type":"hold"},{"angle":315,"time":43,"type":"block"},{"angle":292.5,"time":43.125,"type":"block"},{"angle":270,"time":43.25,"type":"block"},{"angle":247.5,"time":43.375,"type":"block"},{"angle":270,"time":43.875,"type":"block"},{"angle":247.5,"time":43.75,"type":"block"},{"angle":225,"time":43.625,"type":"block"},{"angle":202.5,"time":43.5,"type":"block"},{"angle":315,"time":44,"type":"block"},{"angle":337.5,"time":44.125,"type":"block"},{"angle":0,"time":44.25,"type":"block"},{"angle":22.5,"time":44.375,"type":"block"},{"angle":67.5,"time":44.5,"type":"block"},{"angle":45,"time":44.625,"type":"block"},{"angle":22.5,"time":44.75,"type":"block"},{"angle":0,"time":44.875,"type":"block"},{"angle":315,"angle2":292.5,"time":45,"duration":0.125,"type":"hold"},{"angle":270,"angle2":247.5,"time":45.25,"duration":0.125,"type":"hold"},{"angle":202.5,"time":45.5,"type":"block"},{"angle":180,"time":45.625,"type":"block"},{"angle":157.5,"time":45.75,"type":"block"},{"angle":135,"time":45.875,"type":"block"},{"angle":90,"time":46,"tap":true,"type":"block"},{"angle":112.5,"time":46.125,"type":"block"},{"angle":135,"time":46.25,"type":"block"},{"angle":157.5,"time":46.375,"type":"block"},{"angle":180,"angle2":112.5,"time":46.5,"duration":0.5,"type":"hold"},{"angle":112.5,"angle2":292.5,"time":47,"duration":2,"type":"hold"},{"angle":270,"time":49.125,"type":"block"},{"angle":247.5,"time":49.25,"type":"block"},{"angle":270,"time":49.375,"type":"block"},{"angle":292.5,"time":49.5,"type":"block"},{"angle":315,"angle2":360,"time":49.625,"duration":0.125,"type":"hold"},{"angle":0,"angle2":22.5,"time":49.75,"duration":0.125,"type":"hold"},{"angle":22.5,"angle2":0,"time":49.875,"duration":0.125,"endTap":true,"type":"hold"},{"angle":337.5,"time":50.125,"type":"block"},{"angle":315,"time":50.25,"type":"block"},{"angle":292.5,"time":50.375,"type":"block"},{"angle":247.5,"time":50.5,"type":"block"},{"angle":225,"time":50.625,"type":"block"},{"angle":202.5,"time":50.75,"type":"block"},{"angle":180,"time":50.875,"type":"block"},{"angle":135,"time":51,"type":"block"},{"angle":157.5,"time":51.125,"type":"block"},{"angle":180,"time":51.25,"type":"block"},{"angle":202.5,"time":51.375,"type":"block"},{"angle":135,"time":52,"type":"inverse"},{"angle":157.5,"time":52.125,"type":"inverse"},{"angle":180,"time":52.25,"type":"inverse"},{"angle":202.5,"time":52.375,"type":"inverse"},{"angle":225,"angle2":180,"time":51.5,"duration":0.25,"type":"hold"},{"angle":225,"time":52.5,"type":"inverse"},{"angle":180,"time":52.75,"type":"inverse"},{"angle":247.5,"time":53,"type":"side"},{"angle":315,"time":53.5,"type":"side"},{"angle":225,"time":53.25,"type":"block"},{"angle":292.5,"time":53.75,"type":"block"},{"angle":315,"angle2":315,"time":52.875,"duration":0.125,"type":"mineHold"},{"angle":405,"angle2":405,"time":53.375,"duration":0.125,"type":"mineHold"},{"angle":45,"time":54,"type":"side"},{"angle":450,"time":54.5,"type":"side"},{"angle":360,"time":54.25,"type":"block"},{"angle":90,"time":54.625,"type":"block"},{"angle":450,"angle2":450,"time":53.875,"duration":0.125,"type":"mineHold"},{"angle":517.5,"angle2":517.5,"time":54.25,"duration":0.125,"type":"mineHold"},{"angle":157.5,"angle2":202.5,"time":55,"duration":0.25,"type":"hold"},{"angle":202.5,"angle2":180,"time":55.25,"duration":0.25,"type":"hold"},{"angle":180,"angle2":202.5,"time":55.5,"duration":0.25,"type":"hold"},{"angle":202.5,"angle2":45,"time":55.75,"duration":1,"type":"hold"},{"angle":45,"angle2":67.5,"time":56.75,"duration":0.25,"type":"hold"},{"angle":67.5,"angle2":22.5,"time":57,"duration":0.25,"type":"hold"},{"angle":22.5,"angle2":157.5,"time":57.25,"duration":1,"endTap":true,"type":"hold"},{"angle":225,"angle2":270,"time":58.25,"duration":0.75,"type":"mineHold"},{"angle":247.5,"angle2":292.5,"time":58.25,"duration":0.75,"type":"mineHold"},{"angle":270,"angle2":315,"time":58.25,"duration":0.75,"type":"mineHold"},{"angle":292.5,"angle2":337.5,"time":58.25,"duration":0.75,"type":"mineHold"},{"angle":90,"angle2":135,"time":58.25,"duration":0.75,"type":"mineHold"},{"angle":67.5,"angle2":112.5,"time":58.25,"duration":0.75,"type":"mineHold"},{"angle":45,"angle2":90,"time":58.25,"duration":0.75,"type":"mineHold"},{"angle":22.5,"angle2":67.5,"time":58.25,"duration":0.75,"type":"mineHold"},{"angle":0,"angle2":45,"time":58.25,"duration":0.75,"type":"mineHold"},{"angle":337.5,"angle2":382.5,"time":58.25,"duration":0.75,"type":"mineHold"},{"angle":315,"angle2":360,"time":58.25,"duration":0.75,"type":"mineHold"},{"angle":180,"angle2":202.5,"time":58.5,"duration":0.5,"startTap":true,"type":"hold"},{"angle":225,"time":59.25,"type":"block"},{"angle":180,"time":59.5,"type":"block"},{"angle":135,"angle2":-135,"time":59.75,"duration":1,"type":"hold"},{"angle":270,"time":61,"type":"block"},{"angle":315,"angle2":450,"time":61.25,"duration":0.75,"endTap":true,"type":"hold"},{"angle":22.5,"angle2":45,"time":62,"duration":0.5,"type":"mineHold"},{"angle":157.5,"angle2":135,"time":62,"duration":0.5,"type":"mineHold"},{"angle":180,"angle2":135,"time":62,"duration":0.5,"type":"mineHold"},{"angle":202.5,"angle2":135,"time":62,"duration":0.5,"type":"mineHold"},{"angle":225,"angle2":135,"time":62,"duration":0.5,"type":"mineHold"},{"angle":247.5,"angle2":135,"time":62,"duration":0.5,"type":"mineHold"},{"angle":270,"angle2":225,"time":62,"duration":0.5,"type":"mineHold"},{"angle":270,"angle2":315,"time":62,"duration":0.5,"type":"mineHold"},{"angle":292.5,"angle2":405,"time":62,"duration":0.5,"type":"mineHold"},{"angle":315,"angle2":405,"time":62,"duration":0.5,"type":"mineHold"},{"angle":337.5,"angle2":405,"time":62,"duration":0.5,"type":"mineHold"},{"angle":0,"angle2":45,"time":62,"duration":0.5,"type":"mineHold"},{"angle":90,"time":62.5,"type":"extraTap"},{"angle":90,"angle2":-990,"time":63,"duration":3,"type":"hold"},{"angle":0,"time":63.25,"type":"block"},{"angle":270,"time":63.5,"type":"block"},{"angle":180,"time":63.75,"type":"block"},{"angle":90,"time":64,"type":"block"},{"angle":0,"time":64.25,"type":"block"},{"angle":270,"time":64.5,"type":"block"},{"angle":180,"time":64.75,"type":"block"},{"angle":90,"time":65,"type":"block"},{"angle":0,"time":65.25,"type":"block"},{"angle":270,"time":65.5,"type":"block"},{"angle":180,"time":65.75,"type":"block"},{"angle":112.5,"time":66.125,"type":"block"},{"angle":90,"time":66.375,"type":"block"},{"angle":45,"time":66.5,"type":"block"},{"angle":67.5,"time":66.625,"type":"block"},{"angle":22.5,"time":66.75,"type":"block"},{"angle":45,"time":66.875,"type":"block"},{"angle":0,"time":67,"type":"block"},{"angle":67.5,"angle2":22.5,"time":66.25,"duration":0.75,"endTap":true,"type":"hold"},{"angle":22.5,"angle2":427.5,"time":67,"duration":4,"type":"hold"},{"angle":202.5,"time":23,"type":"mine"},{"angle":225,"time":23.5,"type":"mine"},{"angle":202.5,"time":24,"type":"mine"},{"angle":45,"time":23,"type":"mine"},{"angle":337.5,"time":23,"type":"mine"},{"angle":270,"time":23,"type":"mine"},{"angle":67.5,"time":23.5,"type":"mine"},{"angle":0,"time":23.5,"type":"mine"},{"angle":292.5,"time":23.5,"type":"mine"},{"angle":270,"time":24,"type":"mine"},{"angle":337.5,"time":24,"type":"mine"},{"angle":292.5,"time":24.5,"type":"mine"},{"angle":270,"time":25,"type":"mine"},{"angle":292.5,"time":25.5,"type":"mine"},{"angle":270,"time":26,"type":"mine"},{"angle":45,"time":24,"type":"mine"},{"angle":67.5,"time":24.5,"type":"mine"},{"angle":45,"time":25,"type":"mine"},{"angle":360,"time":24.5,"type":"mine"},{"angle":337.5,"time":25,"type":"mine"},{"angle":0,"time":25.5,"type":"mine"},{"angle":337.5,"time":26,"type":"mine"},{"angle":67.5,"time":25.5,"type":"mine"},{"angle":45,"time":26,"type":"mine"},{"angle":67.5,"time":26.5,"type":"mine"},{"angle":45,"time":27,"type":"mine"},{"angle":0,"time":26.5,"type":"mine"},{"angle":337.5,"time":27,"type":"mine"},{"angle":360,"time":27.5,"type":"mine"},{"angle":337.5,"time":28,"type":"mine"},{"angle":67.5,"time":27.5,"type":"mine"},{"angle":45,"time":28,"type":"mine"},{"angle":67.5,"time":28.5,"type":"mine"},{"angle":45,"time":29,"type":"mine"},{"angle":67.5,"time":29.5,"type":"mine"},{"angle":45,"time":30,"type":"mine"},{"angle":112.5,"time":25,"type":"mine"},{"angle":135,"time":25.5,"type":"mine"},{"angle":112.5,"time":26,"type":"mine"},{"angle":135,"time":26.5,"type":"mine"},{"angle":112.5,"time":27,"type":"mine"},{"angle":135,"time":27.5,"type":"mine"},{"angle":112.5,"time":28,"type":"mine"},{"angle":135,"time":28.5,"type":"mine"},{"angle":112.5,"time":29,"type":"mine"},{"angle":135,"time":29.5,"type":"mine"},{"angle":112.5,"time":30,"type":"mine"},{"angle":135,"time":30.5,"type":"mine"},{"angle":112.5,"time":31,"type":"mine"},{"angle":135,"time":31.5,"type":"mine"},{"angle":112.5,"time":32,"type":"mine"},{"angle":180,"time":27,"type":"mine"},{"angle":202.5,"time":27.5,"type":"mine"},{"angle":180,"time":28,"type":"mine"},{"angle":202.5,"time":28.5,"type":"mine"},{"angle":180,"time":29,"type":"mine"},{"angle":202.5,"time":29.5,"type":"mine"},{"angle":180,"time":30,"type":"mine"},{"angle":202.5,"time":30.5,"type":"mine"},{"angle":180,"time":31,"type":"mine"},{"angle":202.5,"time":31.5,"type":"mine"},{"angle":180,"time":32,"type":"mine"},{"angle":202.5,"time":32.5,"type":"mine"},{"angle":180,"time":33,"type":"mine"},{"angle":202.5,"time":33.5,"type":"mine"},{"angle":180,"time":34,"type":"mine"},{"angle":247.5,"time":34,"type":"mine"},{"angle":270,"time":33.5,"type":"mine"},{"angle":247.5,"time":33,"type":"mine"},{"angle":270,"time":32.5,"type":"mine"},{"angle":247.5,"time":32,"type":"mine"},{"angle":270,"time":31.5,"type":"mine"},{"angle":247.5,"time":31,"type":"mine"},{"angle":270,"time":30.5,"type":"mine"},{"angle":247.5,"time":30,"type":"mine"},{"angle":270,"time":29.5,"type":"mine"},{"angle":247.5,"time":29,"type":"mine"},{"angle":315,"time":31,"type":"mine"},{"angle":337.5,"time":31.5,"type":"mine"},{"angle":315,"time":32,"type":"mine"},{"angle":337.5,"time":32.5,"type":"mine"},{"angle":315,"time":33,"type":"mine"},{"angle":337.5,"time":33.5,"type":"mine"},{"angle":315,"time":34,"type":"mine"},{"angle":22.5,"time":33,"type":"mine"},{"angle":45,"time":33.5,"type":"mine"},{"angle":22.5,"time":34,"type":"mine"},{"holdEase":"inBack","angle2":22.5,"time":71,"duration":0.5,"angle":67.5,"type":"hold"},{"angle":67.5,"time":71.25,"type":"block"},{"angle":337.5,"angle2":247.5,"time":71.75,"duration":1,"type":"hold"},{"angle":270,"time":72.5,"type":"block"},{"holdEase":"inBack","angle2":225,"time":73,"duration":0.25,"angle":202.5,"type":"hold"},{"angle":225,"angle2":135,"time":73.25,"duration":0.75,"type":"hold"},{"angle":90,"time":74.25,"type":"block"},{"angle":45,"time":74.5,"type":"block"},{"angle":0,"time":74.75,"type":"block"},{"angle":22.5,"time":74.625,"type":"block"},{"angle":337.5,"time":74.875,"type":"block"},{"holdEase":"linear","angle2":405,"time":75,"duration":0.5,"angle":315,"type":"hold"},{"angle":0,"time":75.25,"tap":true,"type":"block"},{"angle":22.5,"angle2":146.25,"time":75.75,"duration":0.75,"type":"hold"},{"angle":180,"time":76.75,"type":"block"},{"angle":213.75,"time":77,"type":"block"},{"angle":247.5,"time":77.25,"tap":true,"type":"block"},{"angle":249.85719299316,"time":77.259368896484,"type":"block"},{"angle":251.56504821777,"time":77.287216186523,"type":"block"},{"angle":253.14739990234,"time":77.311477661133,"type":"block"},{"angle":292.5,"time":78,"type":"block"},{"angle":255.71890258789,"time":77.332183837891,"type":"block"},{"angle":291.04754638672,"time":77.95987701416,"type":"block"},{"angle":289.66351318359,"time":77.904449462891,"type":"block"},{"angle":287.78387451172,"time":77.861427307129,"type":"block"},{"angle":286.56881713867,"time":77.80696105957,"type":"block"},{"angle":284.71203613281,"time":77.764015197754,"type":"block"},{"angle":282.75457763672,"time":77.702484130859,"type":"block"},{"angle":281.02136230469,"time":77.665657043457,"type":"block"},{"angle":279.40734863281,"time":77.626373291016,"type":"block"},{"angle":257.82083129883,"time":77.335342407227,"type":"block"},{"angle":260.99630737305,"time":77.351051330566,"type":"block"},{"angle":277.52700805664,"time":77.592803955078,"type":"block"},{"angle":263.70318603516,"time":77.372138977051,"type":"block"},{"angle":275.29006958008,"time":77.540267944336,"type":"block"},{"angle":265.34887695313,"time":77.393211364746,"type":"block"},{"angle":273.26016235352,"time":77.495895385742,"type":"block"},{"angle":268.4775390625,"time":77.418869018555,"type":"block"},{"angle":270.55804443359,"time":77.453407287598,"type":"block"},{"angle":236.25,"time":78.5,"type":"block"},{"angle":180,"angle2":180,"time":79,"duration":1,"type":"hold"},{"angle":135,"angle2":135,"time":79,"duration":1,"type":"mineHold"},{"angle":225,"angle2":225,"time":79,"duration":1,"type":"mineHold"},{"angle":101.25,"angle2":101.25,"time":79,"duration":1,"type":"mineHold"},{"angle":67.5,"angle2":67.5,"time":79,"duration":1,"type":"mineHold"},{"angle":33.75,"angle2":33.75,"time":79,"duration":1,"type":"mineHold"},{"angle":0,"angle2":0,"time":79,"duration":1,"type":"mineHold"},{"angle":326.25,"angle2":326.25,"time":79,"duration":1,"type":"mineHold"},{"angle":292.5,"angle2":292.5,"time":79,"duration":1,"type":"mineHold"},{"angle":258.75,"angle2":258.75,"time":79,"duration":1,"type":"mineHold"},{"angle":168.75,"time":79.25,"type":"block"},{"angle":180,"time":79.5,"tap":true,"type":"block"},{"angle":191.25,"time":79.75,"type":"block"},{"angle":168.75,"time":80.25,"type":"block"},{"angle":101.25,"time":80.75,"type":"block"},{"angle":135,"time":80.5,"type":"block"},{"angle":67.5,"angle2":101.25,"time":81,"duration":0.25,"type":"hold"},{"angle":67.5,"time":81.5,"type":"block"},{"angle":22.5,"time":81.75,"type":"block"},{"angle":337.5,"time":82,"type":"block"},{"angle":22.5,"time":82.25,"type":"block"},{"angle":67.5,"angle2":112.5,"time":82.5,"duration":0.25,"type":"hold"},{"holdEase":"inSine","angle2":112.5,"time":82.5,"duration":0.5,"angle":67.5,"type":"hold"},{"holdEase":"inBack","angle2":90,"time":83,"duration":0.25,"angle":112.5,"type":"hold"},{"holdEase":"inSine","angle2":90,"time":83,"duration":1,"angle":112.5,"type":"hold"},{"holdEase":"inSine","angle2":112.5,"time":84,"duration":1,"angle":90,"endTap":true,"type":"hold"},{"angle":112.5,"time":86,"type":"extraTap"},{"angle":112.5,"time":85.5,"type":"extraTap"},{"holdEase":"inSine","angle2":-427.5,"time":87,"duration":2.5,"angle":112.5,"startTap":true,"type":"hold"},{"holdEase":"inBack","angle2":337.5,"time":89.5,"duration":0.5,"angle":292.5,"endTap":true,"type":"hold"},{"angle":11.25,"time":88,"tap":true,"type":"block"},{"angle":101.25,"time":89,"tap":true,"type":"block"},{"angle":22.5,"time":90.5,"type":"block"},{"angle":56.25,"angle2":78.75,"time":91,"duration":2,"type":"hold"},{"angle":33.75,"time":92,"type":"block"},{"holdEase":"inExpo","angle2":78.75,"time":93,"duration":1,"angle":123.75,"type":"hold"},{"holdEase":"inSine","angle2":67.5,"time":93.75,"duration":1,"angle":157.5,"type":"mineHold"},{"angle":33.75,"angle2":202.5,"time":95,"duration":2,"startTap":true,"type":"hold"},{"angle":202.5,"angle2":22.5,"time":97,"duration":2,"type":"hold"},{"angle":45,"angle2":22.5,"time":98.5,"duration":0.5,"type":"hold"},{"angle":90,"angle2":22.5,"time":98.5,"duration":0.5,"type":"hold"},{"holdEase":"inOutSine","angle2":270,"time":99,"duration":3,"angle":22.5,"type":"hold"},{"angle":360,"time":103,"type":"block"},{"angle":45,"time":103.5,"type":"block"},{"angle":90,"time":104,"type":"block"},{"angle":135,"angle2":45,"time":104.5,"duration":1,"type":"hold"},{"angle":33.75,"angle2":56.25,"time":105.5,"duration":0.5,"type":"hold"},{"angle":45,"angle2":67.5,"time":106,"duration":0.5,"type":"hold"},{"angle":56.25,"angle2":78.75,"time":106.5,"duration":0.5,"type":"hold"},{"angle":78.75,"angle2":438.75,"time":107,"duration":2,"type":"hold"},{"angle":78.75,"angle2":67.5,"time":109,"duration":1,"type":"hold"},{"angle":90,"angle2":78.75,"time":110,"duration":1,"type":"hold"},{"angle":101.25,"angle2":247.5,"time":111,"duration":3,"type":"hold"},{"holdEase":"inSine","angle2":247.5,"time":114.5,"duration":0.5,"angle":270,"type":"hold"},{"angle":292.5,"angle2":247.5,"time":115,"duration":1,"type":"mineHold"},{"angle":180,"angle2":135,"time":115,"duration":1,"type":"mineHold"},{"angle":213.75,"time":115,"type":"extraTap"},{"angle":213.75,"time":116,"type":"extraTap"},{"angle":213.75,"time":115.5,"type":"block"},{"angle":168.75,"time":116.5,"type":"block"},{"angle":112.5,"angle2":67.5,"time":117,"duration":0.5,"type":"hold"},{"angle":67.5,"angle2":90,"time":117.5,"duration":0.5,"type":"hold"},{"angle":90,"angle2":157.5,"time":118,"duration":0.5,"type":"hold"},{"holdEase":"inSine","angle2":123.75,"time":118.5,"duration":0.5,"angle":157.5,"type":"hold"},{"angle":112.5,"time":119.125,"type":"block"},{"angle":101.25,"time":119.25,"type":"block"},{"angle":90,"time":119.375,"type":"block"},{"angle":56.25,"time":119.5,"type":"block"},{"angle":67.5,"time":119.625,"type":"block"},{"angle":78.75,"time":119.75,"type":"block"},{"angle":90,"time":119.875,"type":"block"},{"angle":112.5,"time":120,"type":"block"},{"angle":135,"time":120.125,"type":"block"},{"angle":157.5,"time":120.25,"type":"block"},{"angle":180,"time":120.375,"type":"block"},{"angle":213.75,"time":120.5,"type":"block"},{"angle":191.25,"time":120.625,"type":"block"},{"angle":168.75,"time":120.75,"type":"block"},{"angle":146.25,"time":120.875,"type":"block"},{"angle":112.5,"time":121,"type":"block"},{"angle":123.75,"time":121.125,"type":"block"},{"angle":112.5,"time":121.25,"type":"block"},{"angle":101.25,"time":121.375,"type":"block"},{"angle":78.75,"time":121.5,"type":"block"},{"angle":90,"time":121.625,"type":"block"},{"angle":101.25,"time":121.75,"type":"block"},{"angle":112.5,"time":121.875,"type":"block"},{"angle":146.25,"time":122,"type":"block"},{"angle":123.75,"time":122.125,"type":"block"},{"angle":101.25,"time":122.25,"type":"block"},{"angle":78.75,"time":122.375,"type":"block"},{"angle":33.75,"time":122.5,"type":"block"},{"angle":67.5,"time":122.625,"type":"block"},{"angle":56.25,"time":122.75,"type":"block"},{"angle":90,"time":122.875,"type":"block"},{"angle":112.5,"angle2":112.5,"time":123,"duration":1,"startTap":true,"type":"hold"},{"angle":101.25,"time":123.125,"type":"block"},{"angle":90,"time":123.25,"type":"block"},{"angle":78.75,"time":123.375,"type":"block"},{"angle":90,"time":123.5,"tap":true,"type":"block"},{"angle":123.75,"time":123.625,"type":"block"},{"angle":135,"time":123.75,"type":"block"},{"angle":146.25,"time":123.875,"type":"block"},{"angle":135,"time":124,"type":"block"},{"angle":123.75,"time":124.125,"type":"block"},{"angle":146.25,"time":124.25,"type":"block"},{"angle":168.75,"time":124.375,"type":"block"},{"angle":202.5,"time":124.5,"type":"block"},{"angle":180,"time":124.625,"type":"block"},{"angle":157.5,"time":124.75,"type":"block"},{"angle":135,"time":124.875,"type":"block"},{"angle":101.25,"time":125,"type":"block"},{"angle":123.75,"time":125.125,"type":"block"},{"angle":146.25,"time":125.25,"type":"block"},{"angle":168.75,"time":125.375,"type":"block"},{"angle":191.25,"time":125.5,"type":"block"},{"angle":213.75,"time":125.625,"type":"block"},{"angle":236.25,"time":125.75,"type":"block"},{"angle":258.75,"time":125.875,"type":"block"},{"angle":303.75,"time":126,"type":"block"},{"angle":270,"time":126.125,"type":"block"},{"angle":315,"time":126.25,"type":"block"},{"angle":281.25,"time":126.375,"type":"block"},{"angle":247.5,"time":126.5,"type":"block"},{"angle":213.75,"time":126.625,"type":"block"},{"angle":236.25,"time":126.75,"type":"block"},{"angle":258.75,"time":126.875,"type":"block"},{"holdEase":"inOutSine","angle2":0,"time":127,"duration":2,"angle":236.25,"type":"hold"},{"angle":225,"time":127.125,"type":"block"},{"angle":236.25,"time":127.25,"type":"block"},{"angle":213.75,"time":127.375,"type":"block"},{"angle":213.75,"time":127.5,"type":"block"},{"angle":180,"time":127.625,"type":"block"},{"angle":168.75,"time":127.75,"type":"block"},{"angle":135,"time":127.875,"type":"block"},{"angle":123.75,"time":128,"type":"block"},{"angle":78.75,"time":128.125,"type":"block"},{"angle":78.75,"time":128.25,"type":"block"},{"angle":45,"time":128.375,"type":"block"},{"angle":45,"time":128.5,"type":"block"},{"angle":11.25,"time":128.625,"type":"block"},{"angle":11.25,"time":128.75,"type":"block"},{"angle":360,"time":128.875,"type":"block"},{"angle":337.5,"time":129.125,"type":"block"},{"angle":315,"time":129.25,"type":"block"},{"angle":292.5,"time":129.375,"type":"block"},{"angle":258.75,"time":129.5,"type":"block"},{"angle":281.25,"time":129.625,"type":"block"},{"angle":303.75,"time":129.75,"type":"block"},{"angle":326.25,"time":129.875,"type":"block"},{"angle":0,"time":130,"type":"block"},{"angle":33.75,"time":130.125,"type":"block"},{"angle":67.5,"time":130.25,"type":"block"},{"angle":101.25,"time":130.375,"type":"block"},{"angle":135,"time":130.5,"type":"block"},{"angle":146.25,"time":130.625,"type":"block"},{"angle":135,"time":130.75,"type":"block"},{"angle":123.75,"time":130.875,"type":"block"},{"angle":146.25,"angle2":56.25,"time":131,"duration":1.5,"type":"hold"},{"angle":45,"time":132.625,"type":"block"},{"angle":33.75,"time":132.75,"type":"block"},{"angle":22.5,"time":132.875,"type":"block"},{"angle":146.25,"time":131,"type":"inverse"},{"angle":56.25,"time":132.5,"type":"inverse"},{"angle":45,"time":132.625,"type":"inverse"},{"angle":33.75,"time":132.75,"type":"inverse"},{"angle":22.5,"time":132.875,"type":"inverse"},{"angle":0,"time":133,"type":"block"},{"angle":33.75,"time":133.25,"type":"block"},{"angle":56.25,"time":133.5,"type":"inverse"},{"angle":45,"time":133.625,"type":"inverse"},{"angle":33.75,"time":133.75,"type":"inverse"},{"angle":22.5,"time":133.875,"type":"inverse"},{"angle":11.25,"time":134,"speedMult":3,"type":"extraTap"},{"angle":0,"time":134.5,"type":"block"},{"angle":0,"time":134.625,"type":"block"},{"angle":0,"time":134.75,"type":"block"},{"angle":337.5,"angle2":303.75,"time":135,"duration":0.25,"type":"hold"},{"angle":303.75,"angle2":360,"time":135.25,"duration":0.25,"type":"hold"},{"angle":360,"angle2":337.5,"time":135.5,"duration":0.25,"type":"hold"},{"angle":337.5,"angle2":540,"time":135.75,"duration":0.75,"type":"hold"},{"holdEase":"inBack","angle2":146.25,"time":136.5,"duration":0.25,"angle":180,"type":"hold"},{"holdEase":"inBack","angle2":123.75,"time":137,"duration":0.25,"angle":78.75,"type":"hold"},{"angle":123.75,"angle2":-56.25,"time":137.25,"duration":0.75,"type":"hold"},{"angle":360,"time":138.25,"type":"block"},{"angle":33.75,"angle2":78.75,"time":139,"duration":0.25,"type":"hold"},{"angle":78.75,"angle2":22.5,"time":139.25,"duration":0.25,"type":"hold"},{"angle":45,"angle2":-168.75,"time":139.75,"duration":0.75,"type":"hold"},{"angle":22.5,"angle2":45,"time":139.5,"duration":0.25,"type":"hold"},{"angle":45,"angle2":33.75,"time":138.5,"duration":0.5,"type":"hold"},{"angle":157.5,"angle2":191.25,"time":140.75,"duration":0.25,"type":"hold"},{"holdEase":"inBack","angle2":146.25,"time":141,"duration":0.25,"angle":191.25,"type":"hold"},{"angle":146.25,"angle2":303.75,"time":141.25,"duration":0.75,"type":"hold"},{"angle":22.5,"time":142.5,"tap":true,"type":"block"},{"angle":33.75,"time":142.5,"type":"block"},{"angle":45,"time":142.5,"tap":true,"type":"block"},{"angle":67.5,"time":143,"tap":true,"type":"block"},{"angle":90,"time":143,"tap":true,"type":"block"},{"angle":78.75,"angle2":202.5,"time":143,"duration":2,"type":"hold"},{"angle":135,"angle2":360,"time":147,"duration":3,"endTap":true,"type":"hold"},{"holdEase":"inBack","angle2":135,"time":146.5,"duration":0.5,"angle":146.25,"type":"hold"},{"angle":287.35403442383,"time":77.823974609375,"type":"block"}]