{"properties":{"speed":85,"startBeat":0,"offset":8,"formatversion":12},"events":[{"angle":270,"time":-1.125,"bpm":65,"volume":1,"file":"am.ogg","type":"play"},{"angle":0,"angleOffset":false,"tag":"canvpuls","time":39,"type":"tag"},{"angle":90,"start":1,"time":39,"duration":0.5,"type":"ease","var":"scrollSpeed","value":1.5,"ease":"inOutSine"},{"angle":0,"angleOffset":false,"tag":"canvpuls","time":39.5,"type":"tag"},{"angle":0,"angleOffset":false,"tag":"canvpuls","time":40,"type":"tag"},{"angle":0,"angleOffset":false,"tag":"canvpuls","time":40.5,"type":"tag"},{"angle":360,"angleOffset":false,"tag":"canvpuls","time":41,"type":"tag"},{"angle":0,"angleOffset":false,"tag":"canvpuls","time":41.5,"type":"tag"},{"angle":0,"angleOffset":false,"tag":"canvpuls","time":42,"type":"tag"},{"angle":0,"angleOffset":false,"tag":"canvpuls","time":42.5,"type":"tag"},{"angle":0,"angleOffset":false,"tag":"canvpuls","time":42.625,"type":"tag"},{"angle":0,"angleOffset":false,"tag":"canvpuls","time":42.75,"type":"tag"},{"angle":0,"angleOffset":false,"tag":"canvpuls","time":42.875,"type":"tag"},{"angle":0,"angleOffset":false,"tag":"canvpuls","time":43,"type":"tag"},{"angle":0,"angleOffset":false,"tag":"canvpuls","time":43.5,"type":"tag"},{"angle":0,"angleOffset":false,"tag":"canvpuls","time":44,"type":"tag"},{"angle":0,"angleOffset":false,"tag":"canvpuls","time":44.5,"type":"tag"},{"angle":0,"angleOffset":false,"tag":"canvpuls","time":45,"type":"tag"},{"angle":360,"angleOffset":false,"tag":"canvpuls","time":45.5,"type":"tag"},{"angle":0,"angleOffset":false,"tag":"canvpuls","time":46,"type":"tag"},{"angle":0,"angleOffset":false,"tag":"canvpuls","time":46.5,"type":"tag"},{"angle":0,"angleOffset":false,"tag":"canvpuls","time":47,"type":"tag"},{"angle":0,"start":1,"time":47.5,"duration":1.5,"type":"ease","var":"vfx.canvPos.sx","value":1.5,"ease":"inOutSine"},{"angle":22.5,"start":1,"time":47.5,"duration":1.5,"type":"ease","var":"vfx.canvPos.sy","value":1.5,"ease":"inOutSine"},{"angle":337.5,"start":1.5,"time":47.5,"duration":1.5,"type":"ease","var":"scrollSpeed","value":1,"ease":"inOutSine"},{"angle":0,"start":1.5,"time":49,"duration":1.5,"type":"ease","var":"vfx.canvPos.sx","value":1,"ease":"inOutSine"},{"angle":22.5,"start":1.5,"time":49,"duration":1.5,"type":"ease","var":"vfx.canvPos.sy","value":1,"ease":"inOutSine"},{"angle":337.5,"start":1,"time":49,"duration":1,"type":"ease","var":"scrollSpeed","value":1.2000000476837,"ease":"inOutSine"},{"angle":67.5,"time":22.5,"duration":0.5,"newWidth":50,"ease":"outSine","paddle":1,"type":"paddles"},{"angle":90,"time":34,"duration":0.5,"newWidth":70,"ease":"outSine","paddle":1,"type":"paddles"},{"angle":0,"angleOffset":false,"tag":"canvpuls","time":70,"type":"tag"},{"angle":0,"angleOffset":false,"tag":"canvpuls","time":70.5,"type":"tag"},{"angle":0,"angleOffset":false,"tag":"canvpuls","time":71,"type":"tag"},{"angle":112.5,"name":"Impacts","time":23,"type":"bookmark","b":0,"description":"","r":0,"g":0},{"angle":135,"ease":"outSine","var":"vfx.canvPos.sx","duration":0.5,"time":83,"value":1.2000000476837,"type":"ease"},{"angle":157.5,"ease":"outSine","var":"vfx.canvPos.sy","duration":0.5,"time":83,"value":1.2000000476837,"type":"ease"},{"angle":157.5,"ease":"outSine","var":"vfx.canvPos.sy","duration":0.5,"time":84,"value":1.3999999761581,"type":"ease"},{"angle":135,"ease":"outSine","var":"vfx.canvPos.sx","duration":0.5,"time":84,"value":1.3999999761581,"type":"ease"},{"angle":135,"ease":"outSine","var":"vfx.canvPos.sx","duration":0.5,"time":85,"value":1.6000000238419,"type":"ease"},{"angle":157.5,"ease":"outSine","var":"vfx.canvPos.sy","duration":0.5,"time":85,"value":1.6000000238419,"type":"ease"},{"angle":135,"ease":"outSine","var":"vfx.canvPos.sx","duration":0.5,"time":85.5,"value":5,"type":"ease"},{"angle":157.5,"ease":"outSine","var":"vfx.canvPos.sy","duration":0.5,"time":85.5,"value":5,"type":"ease"},{"angle":135,"ease":"inSine","var":"vfx.canvPos.sx","duration":0.5,"time":86,"value":1,"type":"ease"},{"angle":157.5,"ease":"inSine","var":"vfx.canvPos.sy","duration":0.5,"time":86,"value":1,"type":"ease"},{"angle":90,"ease":"outSine","var":"scrollSpeed","duration":0.5,"time":86,"value":0.5,"type":"ease"},{"angle":180,"ease":"outSine","var":"scrollSpeed","duration":0.5,"time":119,"value":2,"type":"ease"},{"angle":67.5,"name":"speed up","time":119,"type":"bookmark","b":0,"description":"","r":0,"g":0},{"angle":360,"angleOffset":false,"tag":"canvpuls","time":119,"type":"tag"},{"angle":0,"angleOffset":false,"tag":"canvpuls","time":119.5,"type":"tag"},{"angle":0,"angleOffset":false,"tag":"canvpuls","time":120,"type":"tag"},{"angle":0,"angleOffset":false,"tag":"canvpuls","time":120.5,"type":"tag"},{"angle":0,"angleOffset":false,"tag":"canvpuls","time":121,"type":"tag"},{"angle":0,"angleOffset":false,"tag":"canvpuls","time":121.5,"type":"tag"},{"angle":0,"angleOffset":false,"tag":"canvpuls","time":122,"type":"tag"},{"angle":0,"angleOffset":false,"tag":"canvpuls","time":122.75,"type":"tag"},{"angle":0,"angleOffset":false,"tag":"canvpuls","time":122.5,"type":"tag"},{"angle":360,"angleOffset":false,"tag":"canvpuls","time":122.875,"type":"tag"},{"angle":0,"angleOffset":false,"tag":"canvpuls","time":122.625,"type":"tag"},{"angle":0,"angleOffset":false,"tag":"canvpuls","time":123,"type":"tag"},{"angle":0,"angleOffset":false,"tag":"canvpuls","time":123.5,"type":"tag"},{"angle":0,"angleOffset":false,"tag":"canvpuls","time":124,"type":"tag"},{"angle":0,"angleOffset":false,"tag":"canvpuls","time":124.5,"type":"tag"},{"angle":0,"angleOffset":false,"tag":"canvpuls","time":125,"type":"tag"},{"angle":0,"angleOffset":false,"tag":"canvpuls","time":125.5,"type":"tag"},{"angle":0,"angleOffset":false,"tag":"canvpuls","time":126,"type":"tag"},{"angle":0,"angleOffset":false,"tag":"canvpuls","time":126.5,"type":"tag"},{"angle":0,"angleOffset":false,"tag":"canvpuls","time":127,"type":"tag"},{"angle":0,"angleOffset":false,"tag":"canvpuls","time":127.5,"type":"tag"},{"angle":0,"angleOffset":false,"tag":"canvpuls","time":128,"type":"tag"},{"angle":0,"angleOffset":false,"tag":"canvpuls","time":128.5,"type":"tag"},{"angle":11.25,"angleOffset":false,"tag":"canvpuls","time":129,"type":"tag"},{"angle":0,"angleOffset":false,"tag":"canvpuls","time":129.5,"type":"tag"},{"angle":348.75,"angleOffset":false,"tag":"canvpuls","time":130,"type":"tag"},{"angle":0,"angleOffset":false,"tag":"canvpuls","time":130.5,"type":"tag"},{"angle":0,"angleOffset":false,"tag":"canvpuls","time":131,"type":"tag"},{"angle":0,"angleOffset":false,"tag":"canvpuls","time":131.5,"type":"tag"},{"angle":0,"angleOffset":false,"tag":"canvpuls","time":132,"type":"tag"},{"angle":0,"angleOffset":false,"tag":"canvpuls","time":132.5,"type":"tag"},{"angle":348.75,"angleOffset":false,"tag":"canvpuls","time":133,"type":"tag"},{"angle":0,"angleOffset":false,"tag":"canvpuls","time":133.5,"type":"tag"},{"angle":0,"angleOffset":false,"tag":"canvpuls","time":134,"type":"tag"},{"angle":0,"angleOffset":false,"tag":"canvpuls","time":130.875,"type":"tag"},{"angle":0,"angleOffset":false,"tag":"canvpuls","time":130.75,"type":"tag"},{"angle":0,"angleOffset":false,"tag":"canvpuls","time":130.625,"type":"tag"},{"angle":112.5,"ease":"outSine","var":"vfx.canvPos.sx","duration":0.5,"time":142,"value":1.2999999523163,"type":"ease"},{"angle":135,"ease":"outSine","var":"vfx.canvPos.sy","duration":0.5,"time":142,"value":1.2999999523163,"type":"ease"},{"angle":112.5,"ease":"outSine","var":"vfx.canvPos.sx","duration":0.5,"time":142.5,"value":1.6000000238419,"type":"ease"},{"angle":135,"ease":"outSine","var":"vfx.canvPos.sy","duration":0.5,"time":142.5,"value":1.6000000238419,"type":"ease"},{"angle":112.5,"ease":"outSine","var":"vfx.canvPos.sx","duration":0.5,"time":143,"value":1.9999998807907,"type":"ease"},{"angle":135,"ease":"outSine","var":"vfx.canvPos.sy","duration":0.5,"time":143,"value":2,"type":"ease"},{"angle":146.25,"ease":"inBack","var":"vfx.canvPos.sx","duration":1,"time":145,"value":1,"type":"ease"},{"angle":168.75,"ease":"inBack","var":"vfx.canvPos.sy","duration":1,"time":145,"value":1,"type":"ease"},{"angle":22.5,"time":150.125,"type":"showResults"},{"b":21,"r":181,"time":-8,"type":"setColor","color":0,"angle":326.25,"g":85},{"b":11,"r":106,"time":-8,"g":9,"color":2,"angle":303.75,"type":"setColor"},{"angle":281.25,"time":-8,"color":2,"type":"setBgColor"},{"angle":348.75,"time":-8,"enable":true,"color":3,"type":"outline"},{"angle":258.75,"r":255,"time":-8,"g":242,"color":3,"b":0,"type":"setColor"},{"angle":236.25,"sy":2,"time":-8,"type":"deco","sprite":"bg@1.5","ox":290,"drawLayer":"bg","id":"bg","sx":2,"oy":267},{"angle":157.5,"time":20,"duration":0.5,"var":"p.x","value":340,"type":"ease"},{"angle":157.5,"value":160,"time":20.75,"duration":0.25,"var":"p.y","ease":"outSine","type":"ease"},{"angle":168.75,"time":20.75,"duration":0.5,"var":"p.x","value":500,"type":"ease"},{"angle":157.5,"ease":"inSine","time":21,"duration":0.25,"var":"p.y","value":180,"type":"ease"},{"angle":135,"time":33,"duration":0.5,"var":"p.x","value":460,"type":"ease"},{"angle":135,"value":160,"time":33.75,"duration":0.25,"var":"p.y","ease":"outSine","type":"ease"},{"angle":146.25,"time":33.75,"duration":0.5,"var":"p.x","value":300,"type":"ease"},{"angle":135,"ease":"inSine","time":34,"duration":0.25,"var":"p.y","value":180,"type":"ease"},{"angle":135,"time":54,"duration":0.5,"var":"p.x","value":260,"type":"ease"},{"angle":135,"ease":"outSine","time":54.75,"duration":0.25,"var":"p.y","value":160,"type":"ease"},{"angle":146.25,"time":54.75,"duration":0.5,"var":"p.x","value":100,"type":"ease"},{"angle":135,"value":180,"time":55,"duration":0.25,"var":"p.y","ease":"inSine","type":"ease"},{"angle":157.5,"time":59,"duration":0.5,"var":"p.x","value":140,"type":"ease"},{"angle":157.5,"ease":"outSine","time":59.75,"duration":0.25,"var":"p.y","value":160,"type":"ease"},{"angle":168.75,"time":59.75,"duration":0.5,"var":"p.x","value":300,"type":"ease"},{"angle":157.5,"value":180,"time":60,"duration":0.25,"var":"p.y","ease":"inSine","type":"ease"},{"angle":101.25,"value":1.2000000476837,"time":62,"duration":0.5,"var":"vfx.canvPos.sx","ease":"outSine","type":"ease"},{"angle":112.5,"ease":"outSine","time":62,"duration":0.5,"var":"vfx.canvPos.sy","value":1.2000000476837,"type":"ease"},{"angle":112.5,"value":1.3999999761581,"time":62.5,"duration":0.5,"var":"vfx.canvPos.sy","ease":"outSine","type":"ease"},{"angle":101.25,"value":1.4000000953674,"var":"vfx.canvPos.sx","duration":0.5,"time":62.5,"ease":"outSine","type":"ease"},{"angle":101.25,"value":1,"time":63,"duration":3,"var":"vfx.canvPos.sx","ease":"inBack","type":"ease"},{"angle":112.5,"ease":"inBack","time":63,"duration":3,"var":"vfx.canvPos.sy","value":1,"type":"ease"},{"angle":0,"angleOffset":false,"tag":"canvpuls","time":71.5,"type":"tag"},{"angle":360,"angleOffset":false,"tag":"canvpuls","time":72,"type":"tag"},{"angle":0,"angleOffset":false,"tag":"canvpuls","time":72.5,"type":"tag"},{"angle":0,"angleOffset":false,"tag":"canvpuls","time":73,"type":"tag"},{"angle":0,"angleOffset":false,"tag":"canvpuls","time":73.5,"type":"tag"},{"angle":0,"angleOffset":false,"tag":"canvpuls","time":74,"type":"tag"},{"angle":360,"angleOffset":false,"tag":"canvpuls","time":74.5,"type":"tag"},{"angle":0,"angleOffset":false,"tag":"canvpuls","time":74.625,"type":"tag"},{"angle":11.25,"angleOffset":false,"tag":"canvpuls","time":74.75,"type":"tag"},{"angle":0,"angleOffset":false,"tag":"canvpuls","time":74.875,"type":"tag"},{"angle":360,"angleOffset":false,"tag":"canvpuls","time":75,"type":"tag"},{"angle":360,"angleOffset":false,"tag":"canvpuls","time":75.5,"type":"tag"},{"angle":0,"angleOffset":false,"tag":"canvpuls","time":76,"type":"tag"},{"angle":360,"angleOffset":false,"tag":"canvpuls","time":76.5,"type":"tag"},{"angle":0,"angleOffset":false,"tag":"canvpuls","time":77,"type":"tag"},{"angle":0,"angleOffset":false,"tag":"canvpuls","time":77.5,"type":"tag"},{"angle":0,"angleOffset":false,"tag":"canvpuls","time":78,"type":"tag"},{"angle":0,"angleOffset":false,"tag":"canvpuls","time":78.5,"type":"tag"},{"angle":348.75,"angleOffset":false,"tag":"canvpuls","time":79,"type":"tag"}],"metadata":{"songName":"Another Medium","artistLink":"","bgData":{"blueChannel":{"r":255,"b":55,"g":219},"redChannel":{"r":149,"b":149,"g":149},"image":"title.png"},"bg":true,"description":"ALPHYS updated status.\nALPHYS updated status.\nALPHYS updated status.\nALPHYS updated status.","difficulty":7,"artist":"Toby Fox","charter":"Something"}}