[{"time":6,"angle":360,"type":"hold","angle2":450,"duration":1.5},{"time":7.5,"angle":90,"type":"hold","angle2":45,"duration":0.5},{"time":8,"angle":45,"type":"hold","angle2":67.5,"duration":1},{"time":9,"angle":67.5,"type":"hold","angle2":45,"duration":0.5},{"time":10,"angle":0,"type":"hold","angle2":-157.5,"duration":1},{"time":12,"angle":360,"type":"hold","angle2":517.5,"duration":1},{"time":14,"angle":360,"type":"hold","angle2":450,"duration":1.5},{"time":15.5,"angle":90,"type":"hold","angle2":-22.5,"duration":0.5},{"time":16,"angle":337.5,"type":"hold","angle2":382.5,"duration":1},{"time":17,"angle":22.5,"type":"hold","angle2":-67.5,"duration":0.5},{"time":18,"angle":360,"type":"hold","angle2":315,"duration":0.5},{"time":19,"angle":0,"type":"hold","angle2":-67.5,"duration":0.5},{"time":20,"angle":0,"type":"hold","angle2":-360,"duration":1},{"time":22,"angle":360,"type":"hold","angle2":427.5,"duration":1.5},{"time":23.5,"angle":67.5,"type":"hold","angle2":-45,"duration":0.5},{"time":24,"angle":315,"type":"hold","angle2":337.5,"duration":1},{"time":25,"angle":337.5,"type":"hold","angle2":247.5,"duration":0.5},{"time":25.5,"angle":247.5,"type":"hold","angle2":315,"duration":0.5},{"time":26,"angle":315,"type":"hold","angle2":247.5,"duration":0.5},{"time":26.5,"angle":247.5,"type":"hold","angle2":382.5,"duration":0.5},{"time":28,"angle":180,"type":"hold","angle2":292.5,"duration":0.5},{"time":28.5,"angle":292.5,"type":"hold","angle2":157.5,"duration":0.5},{"time":30,"angle":360,"type":"hold","angle2":270,"duration":1.5},{"time":31.5,"angle":270,"type":"hold","angle2":427.5,"duration":0.5},{"time":32,"angle":67.5,"type":"hold","angle2":22.5,"duration":1},{"time":33,"angle":22.5,"type":"hold","angle2":112.5,"duration":0.5},{"time":33.5,"angle":112.5,"type":"hold","angle2":0,"duration":0.5},{"time":34,"angle":0,"type":"hold","angle2":360,"duration":1},{"time":35,"angle":360,"type":"hold","angle2":180,"duration":1},{"time":36,"angle":180,"type":"hold","angle2":450,"duration":1},{"time":37,"type":"side","tap":true,"angle":90},{"speedMult":0.69999980926514,"time":22,"type":"extraTap","angle":337.5},{"speedMult":0.69999980926514,"time":23,"type":"extraTap","angle":337.5},{"speedMult":0.69999980926514,"time":24,"type":"extraTap","angle":292.5},{"speedMult":0.69999980926514,"time":25,"type":"extraTap","angle":0},{"speedMult":0.69999980926514,"time":26,"type":"extraTap","angle":45},{"speedMult":0.69999980926514,"time":27,"type":"extraTap","angle":45},{"speedMult":0.69999980926514,"time":28,"type":"extraTap","angle":45},{"speedMult":0.69999980926514,"time":29,"type":"extraTap","angle":22.5},{"speedMult":0.69999980926514,"time":30,"type":"extraTap","angle":22.5},{"speedMult":0.69999980926514,"time":31,"type":"extraTap","angle":22.5},{"speedMult":0.69999980926514,"time":32,"type":"extraTap","angle":360},{"speedMult":0.69999980926514,"time":33,"type":"extraTap","angle":360},{"speedMult":0.69999980926514,"time":34,"type":"extraTap","angle":337.5},{"speedMult":0.69999980926514,"time":35,"type":"extraTap","angle":22.5},{"speedMult":0.69999980926514,"time":36,"type":"extraTap","angle":22.5},{"time":38,"angle":112.5,"type":"block"},{"time":38.5,"angle":157.5,"type":"block"},{"time":39,"angle":202.5,"type":"block"},{"time":38.25,"angle":135,"type":"block"},{"time":38.75,"angle":180,"type":"block"},{"time":39.25,"angle":225,"type":"block"},{"time":39.5,"angle":255,"type":"block"},{"time":40,"angle":315,"type":"hold","angle2":247.5,"duration":0.5},{"time":39.75,"angle":292.5,"type":"block"},{"time":41,"angle":281.25,"type":"block"},{"time":41.25,"angle":315,"type":"block"},{"time":41.5,"angle":0,"type":"block"},{"time":41.75,"angle":45,"type":"block"},{"time":42,"angle":11.25,"type":"block"},{"time":42.25,"angle":56.25,"type":"block"},{"time":42.5,"angle":101.25,"type":"block"},{"time":42.75,"angle":146.25,"type":"block"},{"time":43,"angle":180,"type":"block"},{"time":43.25,"angle":213.75,"type":"block"},{"time":43.5,"angle":247.5,"type":"block"},{"time":43.75,"angle":281.25,"type":"block"},{"time":44,"angle":315,"type":"block"},{"time":44.25,"angle":281.25,"type":"block"},{"time":44.5,"angle":247.5,"type":"block"},{"time":44.75,"angle":213.75,"type":"block"},{"time":45,"angle":180,"type":"hold","angle2":213.75,"duration":0.25},{"time":45.5,"angle":247.5,"type":"hold","angle2":202.5,"duration":0.25},{"time":46,"angle":180,"type":"block"},{"time":46.25,"angle":135,"type":"block"},{"time":46.75,"angle":123.75,"type":"block"},{"time":47,"angle":157.5,"type":"block"},{"time":47.25,"angle":112.5,"type":"block"},{"time":47.5,"angle":146.25,"type":"block"},{"time":46.5,"angle":168.75,"type":"block"},{"time":47.75,"angle":180,"type":"block"},{"time":48,"angle":213.75,"type":"block"},{"time":48.25,"angle":247.5,"type":"hold","angle2":157.5,"duration":0.25},{"time":48.75,"angle":135,"type":"block"},{"time":49,"angle":101.25,"type":"block"},{"time":49.25,"angle":67.5,"type":"block"},{"time":49.5,"angle":33.75,"type":"block"},{"time":49.75,"angle":360,"type":"block"},{"time":50,"angle":326.25,"type":"hold","angle2":393.75,"duration":1},{"time":51,"angle":33.75,"type":"hold","angle2":-180,"duration":1},{"time":52,"angle":180,"type":"hold","angle2":450,"duration":1},{"time":54,"angle":90,"type":"block"},{"time":54.25,"angle":78.75,"type":"block"},{"time":54.5,"angle":56.25,"type":"block"},{"time":54.75,"angle":22.5,"type":"block"},{"time":55,"angle":337.5,"type":"block"},{"time":55.25,"angle":281.25,"type":"block"},{"time":55.5,"angle":213.75,"type":"block"},{"time":55.75,"angle":146.25,"type":"block"},{"time":56,"angle":90,"type":"hold","angle2":168.75,"duration":0.5},{"time":57,"angle":225,"type":"block"},{"time":57.25,"angle":270,"type":"block"},{"time":57.5,"angle":315,"type":"block"},{"time":57.75,"angle":360,"type":"block"},{"time":58,"angle":326.25,"type":"block"},{"time":58.25,"angle":292.5,"type":"block"},{"time":58.5,"angle":258.75,"type":"block"},{"time":58.75,"angle":225,"type":"block"},{"time":59,"angle":191.25,"type":"block"},{"time":59.25,"angle":157.5,"type":"block"},{"time":59.5,"angle":123.75,"type":"block"},{"time":59.75,"angle":90,"type":"block"},{"time":60,"angle":56.25,"type":"hold","angle2":78.75,"duration":0.25},{"time":60.5,"angle":56.25,"type":"hold","angle2":33.75,"duration":0.25},{"time":61,"angle":360,"type":"hold","angle2":326.25,"duration":0.25},{"time":61.5,"angle":303.75,"type":"hold","angle2":348.75,"duration":0.25},{"time":62,"angle":326.25,"type":"block"},{"time":62.25,"angle":360,"type":"block"},{"time":62.5,"angle":33.75,"type":"block"},{"time":62.75,"angle":67.5,"type":"block"},{"time":63,"angle":101.25,"type":"block"},{"time":63.25,"angle":135,"type":"block"},{"time":63.5,"angle":168.75,"type":"block"},{"time":63.75,"angle":202.5,"type":"block"},{"time":64,"angle":236.25,"type":"block"},{"time":64.25,"angle":202.5,"type":"block"},{"time":64.5,"angle":168.75,"type":"block"},{"time":64.75,"angle":135,"type":"block"},{"time":65,"angle":90,"type":"block"},{"time":65.25,"angle":45,"type":"block"},{"time":65.5,"angle":0,"type":"block"},{"time":65.75,"angle":315,"type":"block"},{"time":66,"angle":348.75,"type":"block"},{"time":66.25,"angle":33.75,"type":"block"},{"time":66.5,"angle":101.25,"type":"block"},{"time":66.75,"angle":146.25,"type":"block"},{"time":67,"angle":191.25,"type":"block"},{"time":67.25,"angle":236.25,"type":"block"},{"time":67.5,"angle":281.25,"type":"block"},{"time":67.75,"angle":326.25,"type":"block"},{"time":68,"angle":11.25,"type":"block"},{"time":68.25,"angle":56.25,"type":"block"},{"time":68.5,"angle":11.25,"type":"block"},{"time":68.75,"angle":326.25,"type":"block"},{"time":69,"angle":270,"type":"block"},{"time":22,"angle":180,"type":"mineHold","angle2":247.5,"duration":1.5},{"time":23.5,"angle":-112.5,"type":"mineHold","angle2":-225,"duration":0.5},{"time":24,"angle":135,"type":"mineHold","angle2":157.5,"duration":1},{"time":25,"angle":157.5,"type":"mineHold","angle2":67.5,"duration":0.5},{"time":25.5,"angle":67.5,"type":"mineHold","angle2":135,"duration":0.5},{"time":26,"angle":135,"type":"mineHold","angle2":67.5,"duration":0.5},{"time":26.5,"angle":67.5,"type":"mineHold","angle2":202.5,"duration":0.5},{"time":28,"angle":0,"type":"mineHold","angle2":112.5,"duration":0.5},{"time":28.5,"angle":112.5,"type":"mineHold","angle2":-22.5,"duration":0.5},{"time":30,"angle":-180,"type":"mineHold","angle2":-270,"duration":1.5},{"time":31.5,"angle":90,"type":"mineHold","angle2":247.5,"duration":0.5},{"time":32,"angle":-112.5,"type":"mineHold","angle2":-157.5,"duration":1},{"time":33,"angle":-157.5,"type":"mineHold","angle2":-67.5,"duration":0.5},{"time":33.5,"angle":-67.5,"type":"mineHold","angle2":-180,"duration":0.5},{"time":34,"angle":-180,"type":"mineHold","angle2":180,"duration":1},{"time":35,"angle":-180,"type":"mineHold","angle2":-360,"duration":1},{"time":36,"angle":0,"type":"mineHold","angle2":270,"duration":1},{"time":70,"angle":270,"type":"hold","angle2":360,"duration":1},{"time":71,"angle":360,"type":"hold","angle2":337.5,"duration":0.5},{"time":71.5,"angle":337.5,"type":"hold","angle2":382.5,"duration":0.5},{"time":72,"angle":22.5,"type":"hold","angle2":-112.5,"duration":1},{"time":73.5,"angle":225,"type":"block"},{"time":74,"angle":180,"type":"block"},{"time":74.5,"angle":135,"type":"block"},{"time":75,"angle":90,"type":"block"},{"time":75.5,"angle":45,"type":"block"},{"time":76,"angle":225,"type":"block"},{"time":102,"angle":360,"type":"block"},{"time":86,"angle":225,"type":"block"},{"time":87,"angle":270,"type":"block"},{"time":92,"angle":45,"type":"block"},{"time":98,"angle":225,"type":"block"},{"time":99,"angle":225,"type":"block"},{"time":100,"angle":225,"type":"block"},{"time":101,"angle":315,"type":"block"},{"time":77,"angle":225,"type":"hold","angle2":270,"duration":0.5},{"time":78,"angle":225,"type":"hold","angle2":157.5,"duration":0.5},{"time":79,"angle":90,"type":"hold","angle2":45,"duration":0.5},{"time":80,"angle":225,"type":"hold","angle2":202.5,"duration":0.5},{"time":82,"angle":180,"type":"hold","angle2":225,"duration":0.5},{"time":80.5,"angle":202.5,"type":"hold","angle2":270,"duration":0.5},{"time":82.5,"angle":225,"type":"hold","angle2":157.5,"duration":0.5},{"time":83,"angle":157.5,"type":"hold","angle2":315,"duration":0.5},{"time":84,"angle":135,"type":"block"},{"time":85,"angle":225,"type":"hold","angle2":157.5,"duration":0.5},{"time":88,"angle":315,"type":"block"},{"time":88.5,"angle":0,"type":"block"},{"time":89,"angle":270,"type":"block"},{"time":90,"angle":202.5,"type":"hold","angle2":270,"duration":0.5},{"time":90.5,"angle":270,"type":"hold","angle2":157.5,"duration":0.5},{"time":91,"angle":157.5,"type":"hold","angle2":225,"duration":0.5},{"time":93,"angle":225,"type":"hold","angle2":180,"duration":0.5},{"time":93.5,"angle":180,"type":"hold","angle2":292.5,"duration":0.5},{"time":94,"angle":292.5,"type":"hold","angle2":0,"duration":1.5},{"time":95.5,"angle":0,"type":"hold","angle2":67.5,"duration":0.5},{"time":96,"angle":67.5,"type":"hold","angle2":-67.5,"duration":1},{"time":98.5,"angle":45,"type":"block"},{"time":99.5,"angle":45,"type":"block"},{"time":102.5,"angle":90,"type":"block"},{"time":103.5,"angle":0,"type":"block"},{"time":104.5,"angle":0,"type":"block"},{"time":102.25,"angle":45,"type":"block"},{"time":103.75,"angle":315,"type":"block"},{"time":104,"angle":45,"type":"block"},{"time":103,"angle":0,"type":"block"},{"time":104.75,"angle":315,"type":"block"},{"time":105,"angle":270,"type":"hold","angle2":360,"duration":0.5},{"time":105.5,"angle":360,"type":"hold","angle2":270,"duration":0.5},{"time":102.75,"angle":45,"type":"block"},{"time":106.5,"angle":0,"type":"block"},{"time":106.75,"angle":45,"type":"block"},{"time":107.5,"angle":0,"type":"block"},{"time":107.75,"angle":315,"type":"block"},{"time":108,"holdEase":"inSine","angle2":360,"duration":0.5,"angle":270,"type":"hold"},{"time":108.5,"holdEase":"inSine","angle2":450,"duration":0.5,"angle":360,"type":"hold"},{"time":110,"angle":90,"type":"block"},{"time":110.25,"angle":135,"type":"block"},{"time":110.5,"angle":180,"type":"block"},{"time":110.75,"angle":225,"type":"block"},{"time":111.75,"angle":180,"type":"block"},{"time":111,"angle":270,"type":"hold","angle2":225,"duration":0.5},{"time":112,"angle":135,"type":"hold","angle2":225,"duration":0.5},{"time":112.75,"angle":270,"type":"block"},{"time":113,"angle":315,"type":"hold","angle2":180,"duration":0.5},{"time":113.5,"angle":180,"type":"hold","angle2":270,"duration":0.5},{"time":114.5,"angle":315,"type":"block"},{"time":114.75,"angle":360,"type":"block"},{"time":115,"angle":45,"type":"hold","angle2":90,"duration":0.5},{"time":115.75,"angle":135,"type":"block"},{"time":116,"angle":180,"type":"hold","angle2":45,"duration":0.5},{"time":116.5,"angle":45,"type":"hold","angle2":135,"duration":0.5},{"time":118,"angle":180,"type":"hold","angle2":90,"duration":1},{"time":119,"angle":90,"type":"hold","angle2":135,"duration":1},{"time":120.5,"angle":180,"type":"block"},{"time":121,"angle":90,"type":"hold","angle2":0,"duration":1},{"time":122.5,"angle":315,"type":"block"},{"time":123,"angle":45,"type":"block"},{"time":123.5,"angle":315,"type":"block"},{"time":124,"angle":135,"type":"block"},{"time":125,"angle":90,"type":"block"},{"time":125.5,"angle":0,"type":"block"},{"time":126,"angle":270,"type":"hold","angle2":405,"duration":1.5},{"time":127.5,"angle":45,"type":"hold","angle2":0,"duration":0.5},{"time":128,"angle":360,"type":"hold","angle2":450,"duration":1},{"time":129,"angle":90,"type":"hold","angle2":-45,"duration":0.5},{"time":129.5,"angle":315,"type":"hold","angle2":360,"duration":0.5},{"time":130,"angle":0,"type":"hold","angle2":-45,"duration":0.5},{"time":130.5,"angle":315,"type":"hold","angle2":405,"duration":0.5},{"time":131.5,"angle":90,"type":"hold","angle2":0,"duration":0.5},{"time":133,"angle":315,"type":"hold","angle2":360,"duration":1},{"time":134,"angle":360,"type":"hold","angle2":0,"duration":1.5},{"time":135.5,"angle":0,"type":"hold","angle2":90,"duration":0.5},{"time":136,"angle":90,"type":"hold","angle2":0,"duration":1},{"time":137,"angle":0,"type":"hold","angle2":45,"duration":0.5},{"time":138,"angle":360,"type":"hold","angle2":540,"duration":0.5},{"time":138.5,"angle":180,"type":"hold","angle2":90,"duration":0.5},{"time":139,"angle":90,"type":"hold","angle2":315,"duration":1},{"time":140,"angle":315,"type":"hold","angle2":225,"duration":0.5},{"time":140.5,"angle":225,"type":"hold","angle2":360,"duration":0.5},{"time":141,"angle":0,"type":"hold","angle2":-225,"duration":1},{"time":142,"angle":135,"type":"hold","angle2":450,"duration":1.5},{"time":143.5,"angle":90,"type":"hold","angle2":0,"duration":0.5},{"time":144,"angle":0,"type":"hold","angle2":45,"duration":1},{"time":145,"angle":45,"type":"hold","angle2":0,"duration":0.5},{"time":145.5,"angle":360,"type":"hold","angle2":450,"duration":0.5},{"time":146,"angle":90,"type":"hold","angle2":-45,"duration":0.5},{"time":147,"angle":90,"type":"hold","angle2":-45,"duration":0.5},{"time":148,"endTap":true,"angle2":-315,"type":"hold","angle":90,"duration":1},{"time":97.5,"angle":270,"type":"block"},{"time":150,"angle":270,"type":"hold","angle2":450,"duration":1},{"time":151,"angle":90,"type":"hold","angle2":0,"duration":1},{"time":152,"angle":360,"type":"hold","angle2":427.5,"duration":0.5},{"time":152.5,"angle":67.5,"type":"hold","angle2":45,"duration":0.5},{"time":153,"angle":45,"type":"hold","angle2":90,"duration":0.5},{"time":153.5,"angle":90,"type":"hold","angle2":45,"duration":0.5},{"time":154,"angle":45,"type":"hold","angle2":67.5,"duration":0.5},{"time":154.5,"angle":67.5,"type":"hold","angle2":22.5,"duration":0.5},{"time":155,"angle":22.5,"type":"hold","angle2":-67.5,"duration":0.5},{"time":155.5,"angle":292.5,"type":"hold","angle2":450,"duration":0.5},{"time":157,"angle":157.5,"type":"block"},{"time":158,"angle":225,"type":"hold","angle2":180,"duration":1},{"time":159,"angle":180,"type":"hold","angle2":202.5,"duration":1},{"time":160,"angle":202.5,"type":"hold","angle2":157.5,"duration":0.5},{"time":160.5,"angle":157.5,"type":"hold","angle2":180,"duration":0.5},{"time":161,"angle":180,"type":"hold","angle2":135,"duration":0.5},{"time":161.5,"angle":135,"type":"hold","angle2":157.5,"duration":0.5},{"time":162,"angle":157.5,"type":"hold","angle2":67.5,"duration":0.5},{"time":162.5,"angle":67.5,"type":"hold","angle2":90,"duration":0.5},{"time":163,"angle":90,"type":"hold","angle2":0,"duration":0.5},{"time":163.5,"angle":0,"type":"hold","angle2":-270,"duration":0.5},{"time":165,"angle":0,"type":"hold","angle2":-22.5,"duration":0.5},{"time":166,"angle":315,"type":"block"},{"time":167,"angle":135,"type":"block"},{"time":168,"angle":315,"type":"block"},{"time":169,"angle":45,"type":"block"},{"time":168.5,"angle":135,"type":"block"},{"time":169.5,"angle":225,"type":"block"},{"time":170,"angle":315,"type":"hold","angle2":180,"duration":0.5},{"time":171,"angle":157.5,"type":"block"},{"time":171.5,"angle":135,"type":"block"},{"time":172,"angle":112.5,"type":"block"},{"time":173,"angle":315,"type":"hold","angle2":337.5,"duration":0.5},{"time":174,"angle":315,"type":"hold","angle2":22.5,"duration":1.5},{"time":176,"angle":135,"type":"block"},{"time":177,"angle":90,"type":"block"},{"time":177.5,"angle":67.5,"type":"block"},{"time":178,"angle":45,"type":"block"},{"time":178.5,"angle":22.5,"type":"block"},{"time":179,"angle":202.5,"type":"block"},{"time":179.5,"angle":22.5,"type":"block"},{"time":180,"angle":315,"type":"block"},{"time":181,"angle":270,"type":"block"},{"time":182,"angle":90,"type":"block"},{"time":182.25,"angle":22.5,"type":"block"},{"time":182.5,"angle":90,"type":"block"},{"time":182.75,"angle":135,"type":"block"},{"time":183,"angle":90,"type":"hold","angle2":45,"duration":0.5},{"time":183.75,"angle":90,"type":"block"},{"time":184,"angle":90,"type":"hold","angle2":135,"duration":0.5},{"time":184.75,"angle":90,"type":"block"},{"time":185,"angle":112.5,"type":"block"},{"time":185.5,"angle":292.5,"type":"block"},{"time":186,"angle":112.5,"type":"block"},{"time":186.5,"angle":67.5,"type":"block"},{"time":186.75,"angle":45,"type":"block"},{"time":187,"angle":112.5,"type":"block"},{"time":187.75,"angle":270,"type":"block"},{"time":187.5,"angle":247.5,"type":"block"},{"time":188,"angle":292.5,"type":"hold","angle2":427.5,"duration":0.5},{"time":188.5,"angle":67.5,"type":"hold","angle2":-90,"duration":0.5},{"time":190,"angle":225,"type":"block"},{"time":190.25,"angle":202.5,"type":"block"},{"time":190.5,"angle":180,"type":"block"},{"time":190.75,"angle":157.5,"type":"block"},{"time":191,"angle":112.5,"type":"block"},{"time":191.5,"angle":315,"type":"block"},{"time":191.75,"angle":292.5,"type":"block"},{"time":192,"angle":270,"type":"hold","angle2":180,"duration":0.5},{"time":193,"angle":157.5,"type":"hold","angle2":315,"duration":0.5},{"time":193.5,"angle":315,"type":"hold","angle2":180,"duration":0.5},{"time":194.25,"angle":195,"type":"block"},{"time":194.5,"angle":165,"type":"block"},{"time":195,"angle":255,"type":"block"},{"time":194,"angle":180,"type":"block"},{"time":195.25,"angle":285,"type":"block"},{"time":195.5,"angle":255,"type":"block"},{"time":196,"angle":165,"type":"block"},{"time":196.25,"angle":195,"type":"block"},{"time":196.5,"angle":165,"type":"block"},{"time":197,"angle":105,"type":"block"},{"time":197.25,"angle":75,"type":"block"},{"time":197.5,"angle":105,"type":"block"},{"time":197.75,"angle":75,"type":"block"},{"time":199,"angle":270,"type":"block"},{"time":200,"angle":45,"type":"block"},{"time":200.5,"angle":67.5,"type":"block"},{"time":201,"angle":90,"type":"block"},{"time":202,"angle":0,"type":"hold","angle2":-45,"duration":1},{"time":203.5,"angle":135,"type":"block"},{"time":204,"angle":315,"type":"block"},{"time":205,"angle":180,"type":"block"},{"time":205.5,"angle":202.5,"type":"block"},{"time":206,"angle":225,"type":"hold","angle2":427.5,"duration":1.5},{"time":208,"angle":247.5,"type":"block"},{"time":209.5,"angle":135,"type":"block"},{"time":210,"angle":247.5,"type":"block"},{"time":209,"angle":180,"type":"block"},{"time":210.5,"angle":270,"type":"block"},{"time":211,"angle":292.5,"type":"block"},{"time":211.5,"angle":315,"type":"block"},{"time":212,"holdEase":"outSine","angle2":697.5,"duration":3.5,"angle":360,"type":"hold"},{"time":214,"angle":265.15548706055,"type":"block"},{"time":214.66667175293,"angle":315,"type":"block"},{"time":214.5,"angle":303.75,"type":"block"},{"time":214.83334350586,"angle":322.5,"type":"block"},{"time":215,"angle":332.36819458008,"type":"block"},{"time":215.5,"angle":337.5,"type":"block"},{"time":216,"angle":45,"type":"block"},{"time":216.125,"angle":90,"type":"block"},{"time":216.25,"angle":135,"type":"block"},{"time":216.375,"angle":180,"type":"block"},{"time":217,"angle":225,"type":"block"},{"time":217.5,"angle":270,"type":"block"},{"time":217.625,"angle":292.5,"type":"block"},{"time":217.75,"angle":315,"type":"block"},{"time":217.875,"angle":337.5,"type":"block"},{"time":218,"angle":0,"type":"block"},{"time":218.5,"angle":22.5,"type":"block"},{"time":218.875,"angle":67.5,"type":"block"},{"time":219,"angle":90,"type":"block"},{"time":219.125,"angle":112.5,"type":"block"},{"time":219.25,"angle":135,"type":"block"},{"time":220,"angle":180,"type":"block"},{"time":220.5,"angle":202.5,"type":"block"},{"time":220.625,"angle":225,"type":"block"},{"time":220.75,"angle":247.5,"type":"block"},{"time":220.875,"angle":270,"type":"block"},{"time":221,"angle":292.5,"type":"block"},{"time":221.5,"angle":270,"type":"block"},{"time":222,"angle":247.5,"type":"block"},{"time":222.5,"angle":225,"type":"block"},{"time":223,"angle":202.5,"type":"block"},{"time":223.5,"angle":180,"type":"block"},{"time":224,"angle":135,"type":"block"},{"time":224.5,"angle":90,"type":"block"},{"time":225,"angle":45,"type":"block"},{"time":225.5,"angle":315,"type":"block"},{"time":226,"type":"side","tap":true,"angle":22.5},{"time":227,"type":"side","tap":true,"angle":337.5},{"time":228,"type":"side","tap":true,"angle":22.5},{"time":229.5,"angle":360,"type":"hold","angle2":405,"duration":0.5},{"time":231.5,"angle":67.5,"type":"hold","angle2":45,"duration":0.5},{"time":233.5,"angle":360,"type":"hold","angle2":315,"duration":0.5},{"time":234,"angle":315,"type":"hold","angle2":390,"duration":1},{"time":235,"angle":30,"type":"hold","angle2":-60,"duration":1},{"time":237.5,"angle":255,"type":"hold","angle2":225,"duration":0.5},{"time":239.5,"angle":165,"type":"hold","angle2":195,"duration":0.5},{"time":241.5,"angle":210,"type":"hold","angle2":165,"duration":0.5},{"time":242,"angle":165,"type":"hold","angle2":225,"duration":1},{"time":243,"angle":225,"type":"hold","angle2":165,"duration":1},{"time":244,"angle":165,"type":"hold","angle2":525,"duration":1},{"time":245.5,"angle":195,"type":"block"},{"time":246,"angle":210,"type":"block"},{"time":246.25,"angle":225,"type":"block"},{"time":246.5,"angle":240,"type":"block"},{"time":246.75,"angle":255,"type":"block"},{"time":247,"angle":270,"type":"block"},{"time":247.25,"angle":285,"type":"block"},{"time":247.5,"angle":300,"type":"block"},{"time":247.75,"angle":315,"type":"block"},{"time":248,"angle":270,"type":"block"},{"time":248.25,"angle":285,"type":"block"},{"time":248.5,"angle":300,"type":"block"},{"time":248.75,"angle":315,"type":"block"},{"time":249,"angle":330,"type":"block"},{"time":249.25,"angle":345,"type":"block"},{"time":249.5,"angle":360,"type":"block"},{"time":249.75,"angle":15,"type":"block"},{"time":250,"angle":345,"type":"block"},{"time":250.25,"angle":0,"type":"block"},{"time":250.5,"angle":15,"type":"block"},{"time":250.75,"angle":30,"type":"block"},{"time":251,"angle":45,"type":"block"},{"time":251.25,"angle":60,"type":"block"},{"time":251,"angle":45,"type":"block"},{"time":251.5,"angle":75,"type":"block"},{"time":251.75,"angle":90,"type":"block"},{"time":252,"angle":105,"type":"block"},{"time":252.25,"angle":75,"type":"block"},{"time":252.5,"angle":90,"type":"block"},{"time":252.75,"angle":105,"type":"block"},{"time":253,"angle":120,"type":"block"},{"time":253.25,"angle":135,"type":"block"},{"time":253.5,"angle":150,"type":"block"},{"time":253.75,"angle":165,"type":"block"},{"time":254.5,"angle":157.5,"type":"block"},{"time":254,"angle":112.5,"type":"block"},{"time":254.25,"angle":135,"type":"block"},{"time":254.75,"angle":180,"type":"block"},{"time":255,"angle":202.5,"type":"block"},{"time":255.25,"angle":225,"type":"block"},{"time":255.5,"angle":247.5,"type":"block"},{"time":255.75,"angle":270,"type":"block"},{"time":256,"angle":247.5,"type":"block"},{"time":256.25,"angle":270,"type":"block"},{"time":256.5,"angle":292.5,"type":"block"},{"time":256.75,"angle":315,"type":"block"},{"time":257,"angle":337.5,"type":"block"},{"time":257.25,"angle":0,"type":"block"},{"time":257.5,"angle":22.5,"type":"block"},{"time":257.75,"angle":90,"type":"block"},{"time":258,"angle":135,"type":"block"},{"time":258.25,"angle":157.5,"type":"block"},{"time":258.5,"angle":180,"type":"block"},{"time":258.75,"angle":225,"type":"block"},{"time":259,"angle":270,"type":"block"},{"time":259.25,"angle":315,"type":"block"},{"time":259.5,"angle":0,"type":"block"},{"time":259.75,"angle":45,"type":"block"},{"time":260,"angle":0,"type":"block"},{"time":260.25,"angle":315,"type":"block"},{"time":260.5,"angle":270,"type":"block"},{"time":260.75,"angle":225,"type":"block"},{"time":261,"angle":180,"type":"block"},{"time":261.25,"angle":135,"type":"block"},{"time":261.5,"angle":90,"type":"block"},{"time":261.75,"angle":45,"type":"block"},{"time":262,"angle":360,"type":"block"},{"time":262.5,"angle":0,"type":"hold","angle2":-90,"duration":0.5},{"time":263,"angle":270,"type":"hold","angle2":315,"duration":0.5},{"time":263.5,"angle":315,"type":"hold","angle2":202.5,"duration":0.5},{"time":264.5,"angle":135,"type":"hold","angle2":202.5,"duration":0.5},{"time":265,"angle":202.5,"type":"hold","angle2":90,"duration":0.5},{"time":266.5,"angle":22.5,"type":"hold","angle2":-270,"duration":1},{"time":267.5,"angle":90,"type":"hold","angle2":157.5,"duration":0.5},{"time":268,"angle":157.5,"type":"hold","angle2":67.5,"duration":1},{"time":269,"angle":67.5,"type":"hold","angle2":270,"duration":1},{"time":270,"angle":270,"type":"hold","angle2":225,"duration":1.5},{"time":230.375,"angle":15,"type":"mineHold","angle2":390,"duration":1},{"time":238.25,"angle":120,"type":"mineHold","angle2":495,"duration":1},{"time":240.5,"angle":225,"type":"mineHold","angle2":-135,"duration":1},{"time":271.5,"angle":225,"type":"hold","angle2":315,"duration":0.5},{"time":273,"angle":135,"type":"hold","angle2":67.5,"duration":0.5},{"time":274,"angle":45,"type":"hold","angle2":112.5,"duration":0.5},{"time":274.5,"angle":112.5,"type":"hold","angle2":22.5,"duration":0.5},{"time":275,"angle":22.5,"type":"hold","angle2":67.5,"duration":1},{"time":276,"angle":67.5,"type":"hold","angle2":-45,"duration":0.5},{"time":276.5,"angle":315,"type":"hold","angle2":360,"duration":0.5},{"time":278,"angle":360,"type":"hold","angle2":0,"duration":1.5},{"time":279.5,"angle":0,"type":"hold","angle2":45,"duration":0.5},{"time":280,"angle":45,"type":"hold","angle2":-45,"duration":1},{"time":232.5,"angle":67.5,"type":"mineHold","angle2":-292.5,"duration":1},{"time":281,"angle":315,"type":"hold","angle2":472.5,"duration":0.5},{"time":282,"angle":112.5,"type":"hold","angle2":22.5,"duration":0.5},{"time":283,"angle":135,"type":"hold","angle2":22.5,"duration":0.5},{"time":284,"angle":157.5,"type":"hold","angle2":-180,"duration":1},{"time":286,"angle":180,"type":"hold","angle2":247.5,"duration":1.5},{"time":287.5,"angle":247.5,"type":"hold","angle2":90,"duration":0.5},{"time":288,"angle":90,"type":"hold","angle2":112.5,"duration":1},{"time":289,"angle":112.5,"type":"hold","angle2":45,"duration":0.5},{"time":289.5,"angle":45,"type":"hold","angle2":90,"duration":0.5},{"time":290,"angle":90,"type":"hold","angle2":-45,"duration":0.5},{"time":290.5,"angle":315,"type":"hold","angle2":405,"duration":0.5},{"time":291,"angle":45,"type":"hold","angle2":-315,"duration":1},{"time":292,"angle":45,"type":"hold","angle2":157.5,"duration":0.5},{"time":292.5,"angle":157.5,"type":"hold","angle2":90,"duration":0.5},{"time":293,"angle":90,"type":"hold","angle2":360,"duration":1},{"time":294,"angle":360,"type":"hold","angle2":-22.5,"duration":1.5},{"time":295.5,"angle":337.5,"type":"hold","angle2":495,"duration":0.5},{"time":296,"angle":135,"type":"hold","angle2":-45,"duration":1},{"time":297,"angle":315,"type":"hold","angle2":450,"duration":0.5},{"time":298,"angle":315,"type":"hold","angle2":472.5,"duration":0.5},{"time":299,"angle":315,"type":"hold","angle2":495,"duration":0.5},{"time":300,"startTap":true,"angle":315,"type":"hold","angle2":720,"duration":1.5},{"speedMult":2,"time":300.5,"type":"extraTap","angle":292.5},{"speedMult":2,"time":301,"type":"extraTap","angle":315},{"speedMult":2,"time":301.5,"type":"extraTap","angle":292.5},{"time":262.5,"angle":180,"type":"mineHold","angle2":90,"duration":0.5},{"time":263,"angle":90,"type":"mineHold","angle2":135,"duration":0.5},{"time":263.5,"angle":135,"type":"mineHold","angle2":22.5,"duration":0.5},{"time":264.5,"angle":-45,"type":"mineHold","angle2":22.5,"duration":0.5},{"time":265,"angle":22.5,"type":"mineHold","angle2":-90,"duration":0.5},{"time":266.5,"angle":-157.5,"type":"mineHold","angle2":-450,"duration":1},{"time":267.5,"angle":-90,"type":"mineHold","angle2":-22.5,"duration":0.5},{"time":268,"angle":-22.5,"type":"mineHold","angle2":-112.5,"duration":1},{"time":269,"angle":-112.5,"type":"mineHold","angle2":90,"duration":1},{"time":270,"angle":90,"type":"mineHold","angle2":45,"duration":1.5},{"time":271.5,"angle":45,"type":"mineHold","angle2":135,"duration":0.5},{"time":273,"angle":-45,"type":"mineHold","angle2":-112.5,"duration":0.5},{"time":274,"angle":-135,"type":"mineHold","angle2":-67.5,"duration":0.5},{"time":274.5,"angle":-67.5,"type":"mineHold","angle2":-157.5,"duration":0.5},{"time":275,"angle":-157.5,"type":"mineHold","angle2":-112.5,"duration":1},{"time":276,"angle":-112.5,"type":"mineHold","angle2":-225,"duration":0.5},{"time":276.5,"angle":135,"type":"mineHold","angle2":180,"duration":0.5},{"time":278,"angle":-180,"type":"mineHold","angle2":-540,"duration":1.5},{"time":279.5,"angle":-180,"type":"mineHold","angle2":-135,"duration":0.5},{"time":280,"angle":-135,"type":"mineHold","angle2":-225,"duration":1},{"time":281,"angle":135,"type":"mineHold","angle2":292.5,"duration":0.5},{"time":282,"angle":-67.5,"type":"mineHold","angle2":-157.5,"duration":0.5},{"time":283,"angle":-45,"type":"mineHold","angle2":-157.5,"duration":0.5},{"time":284,"angle":-22.5,"type":"mineHold","angle2":-360,"duration":1},{"time":286,"angle":0,"type":"mineHold","angle2":67.5,"duration":1.5},{"time":287.5,"angle":67.5,"type":"mineHold","angle2":-90,"duration":0.5},{"time":288,"angle":-90,"type":"mineHold","angle2":-67.5,"duration":1},{"time":289,"angle":-67.5,"type":"mineHold","angle2":-135,"duration":0.5},{"time":289.5,"angle":-135,"type":"mineHold","angle2":-90,"duration":0.5},{"time":290,"angle":-90,"type":"mineHold","angle2":-225,"duration":0.5},{"time":290.5,"angle":135,"type":"mineHold","angle2":225,"duration":0.5},{"time":291,"angle":-135,"type":"mineHold","angle2":-495,"duration":1},{"time":292,"angle":-135,"type":"mineHold","angle2":-22.5,"duration":0.5},{"time":292.5,"angle":-22.5,"type":"mineHold","angle2":-90,"duration":0.5},{"time":293,"angle":-90,"type":"mineHold","angle2":180,"duration":1},{"time":294,"angle":-180,"type":"mineHold","angle2":-562.5,"duration":1.5},{"time":295.5,"angle":157.5,"type":"mineHold","angle2":315,"duration":0.5},{"time":296,"angle":-45,"type":"mineHold","angle2":-225,"duration":1},{"time":297,"angle":135,"type":"mineHold","angle2":270,"duration":0.5},{"time":298,"angle":135,"type":"mineHold","angle2":292.5,"duration":0.5},{"time":299,"angle":135,"type":"mineHold","angle2":315,"duration":0.5},{"time":300,"angle":135,"type":"mineHold","angle2":540,"duration":1.5},{"time":302,"angle":360,"type":"hold","angle2":472.5,"duration":1.5},{"time":303.5,"angle":112.5,"type":"hold","angle2":0,"duration":0.5},{"time":304,"angle":0,"type":"hold","angle2":90,"duration":1},{"time":305,"angle":90,"type":"hold","angle2":22.5,"duration":0.5},{"time":305.5,"angle":22.5,"type":"hold","angle2":67.5,"duration":0.5},{"time":306,"angle":67.5,"type":"hold","angle2":0,"duration":0.5},{"time":306.5,"angle":0,"type":"hold","angle2":180,"duration":0.5},{"time":308,"angle":360,"type":"hold","angle2":292.5,"duration":0.5},{"time":308.5,"angle":292.5,"type":"hold","angle2":337.5,"duration":0.5},{"time":309,"angle":22.5,"type":"mineHold","angle2":-180,"duration":1.5},{"time":310,"angle":180,"type":"hold","angle2":90,"duration":1.5},{"time":311.5,"angle":90,"type":"hold","angle2":157.5,"duration":0.5},{"time":312,"angle":157.5,"type":"hold","angle2":67.5,"duration":1},{"time":313,"angle":67.5,"type":"hold","angle2":157.5,"duration":0.5},{"time":314,"type":"side","tap":true,"angle":270},{"time":315,"type":"side","tap":true,"angle":90},{"time":316,"type":"side","tap":true,"angle":270},{"time":314,"angle":135,"type":"mineHold","angle2":607.5,"duration":2.5},{"speedMult":1.7000000476837,"time":302,"type":"extraTap","angle":337.5},{"speedMult":1.7000000476837,"time":303,"type":"extraTap","angle":45},{"speedMult":1.7000000476837,"time":304,"type":"extraTap","angle":337.5},{"speedMult":1.7000000476837,"time":305,"type":"extraTap","angle":337.5},{"speedMult":1.7000000476837,"time":306,"type":"extraTap","angle":337.5},{"speedMult":1.7000000476837,"time":307,"type":"extraTap","angle":337.5},{"speedMult":1.7000000476837,"time":308,"type":"extraTap","angle":22.5},{"speedMult":1.7000000476837,"time":309,"type":"extraTap","angle":45},{"speedMult":1.7000000476837,"time":310,"type":"extraTap","angle":67.5},{"speedMult":1.7000000476837,"time":311,"type":"extraTap","angle":67.5},{"speedMult":1.7000000476837,"time":312,"type":"extraTap","angle":67.5},{"speedMult":1.7000000476837,"time":313,"type":"extraTap","angle":45}]