{"properties":{"offset":8,"startBeat":0,"formatversion":12,"speed":100},"metadata":{"songName":"BINOMI","artist":"MARETU","charter":"Microsand","bg":true,"description":"I love flesh","difficulty":8,"bgData":{"blueChannel":{"b":255,"g":255,"r":255},"image":"b.png","redChannel":{"b":0,"g":0,"r":0}},"artistLink":""},"events":[{"file":"binomi.ogg","bpm":162,"volume":0.49999991059303,"type":"play","angle":0,"time":-0.125},{"time":-9,"color":2,"type":"setBgColor","angle":360},{"time":-9,"color":0,"r":0,"b":0,"type":"setColor","angle":45,"g":0},{"time":-9,"color":1,"r":255,"b":255,"type":"setColor","angle":315,"g":255},{"time":330,"angle":360,"type":"showResults"},{"time":-9,"g":0,"r":0,"color":2,"b":0,"angle":270,"type":"setColor"},{"time":6,"sprite":"e.png","type":"deco","x":255,"angle":337.5,"id":"1"},{"time":38,"g":111,"r":111,"color":2,"b":111,"angle":90,"type":"setColor"},{"time":7.5,"hide":true,"type":"deco","angle":112.5,"id":"1"},{"time":14,"hide":false,"type":"deco","angle":22.5,"id":"1"},{"time":15.5,"hide":true,"type":"deco","angle":112.5,"id":"1"},{"time":7.5,"sprite":"^.png","x":256,"y":203,"type":"deco","angle":135,"id":"2"},{"time":8,"hide":true,"type":"deco","angle":90,"id":"2"},{"time":8,"sprite":"o.png","type":"deco","x":280,"angle":112.5,"id":"3"},{"time":10,"sprite":"@.png","x":268,"y":215,"type":"deco","angle":270,"id":"4"},{"time":12.5,"hide":true,"type":"deco","angle":112.5,"id":"4"},{"time":12,"hide":false,"type":"deco","angle":90,"id":"4"},{"time":10.5,"hide":true,"type":"deco","angle":270,"id":"4"},{"time":18,"sprite":"_.png","x":280,"type":"deco","angle":22.5,"id":"5"},{"time":19,"hide":true,"type":"deco","angle":292.5,"id":"5"},{"time":9,"hide":true,"type":"deco","angle":90,"id":"3"},{"time":9,"hide":false,"type":"deco","angle":112.5,"id":"2"},{"time":9.5,"hide":false,"type":"deco","angle":67.5,"id":"3"},{"time":9.5,"hide":true,"type":"deco","angle":90,"id":"2"},{"time":10,"hide":true,"type":"deco","angle":247.5,"id":"3"},{"time":10.5,"hide":false,"type":"deco","angle":247.5,"id":"2"},{"time":11,"hide":true,"type":"deco","angle":202.5,"id":"2"},{"time":11,"hide":false,"type":"deco","angle":180,"id":"3"},{"time":12,"hide":true,"type":"deco","angle":112.5,"id":"3"},{"time":12.5,"hide":false,"type":"deco","angle":135,"id":"2"},{"time":13,"hide":true,"type":"deco","angle":180,"id":"2"},{"time":13,"hide":false,"type":"deco","angle":202.5,"id":"3"},{"time":14,"hide":true,"type":"deco","angle":337.5,"id":"3"},{"time":16,"hide":true,"type":"deco","angle":315,"id":"2"},{"time":15.5,"hide":false,"type":"deco","angle":135,"id":"2"},{"time":16,"hide":false,"type":"deco","angle":292.5,"id":"3"},{"time":17,"hide":true,"type":"deco","angle":45,"id":"3"},{"time":17,"hide":false,"type":"deco","angle":292.5,"id":"2"},{"time":18,"hide":true,"type":"deco","angle":315,"id":"3"},{"time":19,"hide":false,"type":"deco","angle":270,"id":"2"},{"time":20,"hide":true,"type":"deco","angle":22.5,"id":"2"},{"time":20,"hide":false,"type":"deco","angle":45,"id":"3"},{"time":22,"hide":true,"type":"deco","angle":22.5,"id":"3"},{"time":30,"hide":false,"type":"deco","angle":315,"id":"1"},{"time":22,"hide":false,"type":"deco","angle":45,"id":"1"},{"time":23.5,"hide":false,"type":"deco","angle":90,"id":"2"},{"time":23.5,"hide":true,"type":"deco","angle":112.5,"id":"1"},{"time":24,"hide":false,"type":"deco","angle":360,"id":"3"},{"time":24,"hide":true,"type":"deco","angle":22.5,"id":"2"},{"time":25,"hide":true,"type":"deco","angle":22.5,"id":"3"},{"time":25,"hide":false,"type":"deco","angle":45,"id":"2"},{"time":25.5,"hide":false,"type":"deco","angle":337.5,"id":"3"},{"time":25.5,"hide":true,"type":"deco","angle":360,"id":"2"},{"time":26,"hide":false,"type":"deco","angle":225,"id":"4"},{"time":26,"hide":true,"type":"deco","angle":202.5,"id":"3"},{"time":26.5,"hide":true,"type":"deco","angle":225,"id":"4"},{"time":26.5,"hide":false,"type":"deco","angle":202.5,"id":"2"},{"time":27,"hide":true,"type":"deco","angle":67.5,"id":"2"},{"time":27,"hide":false,"type":"deco","angle":90,"id":"3"},{"time":28,"hide":true,"type":"deco","angle":157.5,"id":"3"},{"time":28,"hide":false,"type":"deco","angle":135,"id":"4"},{"time":28.5,"hide":true,"type":"deco","angle":315,"id":"4"},{"time":28.5,"hide":false,"type":"deco","angle":337.5,"id":"2"},{"time":29,"hide":true,"type":"deco","angle":135,"id":"2"},{"time":29,"hide":false,"type":"deco","angle":112.5,"id":"3"},{"time":30,"hide":true,"type":"deco","angle":337.5,"id":"3"},{"time":31.5,"hide":false,"type":"deco","angle":247.5,"id":"2"},{"time":31.5,"hide":true,"type":"deco","angle":225,"id":"1"},{"time":32,"hide":false,"type":"deco","angle":90,"id":"3"},{"time":32,"hide":true,"type":"deco","angle":112.5,"id":"2"},{"time":33,"hide":false,"type":"deco","angle":90,"id":"2"},{"time":33,"hide":true,"type":"deco","angle":112.5,"id":"3"},{"time":33.5,"hide":false,"type":"deco","angle":135,"id":"3"},{"time":33.5,"hide":true,"type":"deco","angle":157.5,"id":"2"},{"time":34,"hide":false,"type":"deco","angle":315,"id":"5"},{"time":34,"hide":true,"type":"deco","angle":292.5,"id":"3"},{"time":35,"hide":false,"type":"deco","angle":45,"id":"2"},{"time":35,"hide":true,"type":"deco","angle":67.5,"id":"5"},{"time":36,"hide":false,"type":"deco","angle":157.5,"id":"3"},{"time":36,"hide":true,"type":"deco","angle":135,"id":"2"},{"time":37,"hide":true,"type":"deco","angle":112.5,"id":"3"},{"time":37,"sprite":"bell.png","x":247,"y":221,"type":"deco","angle":157.5,"id":"6"},{"time":37.900001525879,"hide":true,"type":"deco","angle":67.5,"id":"6"},{"time":17.5,"type":"deco","hide":true,"angle":247.5,"id":"2"},{"time":17.5,"type":"deco","hide":false,"angle":270,"id":"3"}]}