{"events":[{"time":0,"file":"Render Finished.ogg","volume":2.0000002384186,"bpm":143,"type":"play","angle":0},{"time":2,"color":3,"r":123,"b":205,"type":"setColor","angle":270,"g":122},{"time":2,"color":3,"angle":247.5,"type":"outline","enable":true},{"time":11.5,"type":"showResults","angle":247.5}],"properties":{"offset":8,"startBeat":0,"speed":70,"formatversion":12},"metadata":{"artistLink":"","bgData":{"redChannel":{"g":0,"r":255,"b":0},"image":"Screenshot 2024-08-20 150552.png","greenChannel":{"g":255,"r":0,"b":0},"yellowChannel":{"g":255,"r":255,"b":0},"magentaChannel":{"g":0,"r":255,"b":255},"cyanChannel":{"g":255,"r":0,"b":255},"blueChannel":{"g":0,"r":0,"b":255}},"artist":"Likely David K. Buck","bg":true,"difficulty":1,"charter":"Charter","description":"Pretty niche render software sound go brrr","songName":"Render finished"}}