[{"angle2":345,"type":"hold","time":0,"duration":1,"angle":315},{"angle2":345,"type":"hold","time":1,"duration":1,"angle":345},{"time":2.5,"type":"block","angle":330},{"time":3,"type":"block","angle":360},{"time":3.5,"type":"block","angle":330},{"time":4,"type":"block","angle":360},{"time":4.5,"type":"block","angle":330},{"time":4.75,"type":"block","angle":360},{"time":5.25,"type":"block","angle":330},{"time":5.75,"type":"block","angle":360},{"time":6.25,"type":"block","angle":330},{"time":6.5,"type":"block","angle":30},{"time":7,"type":"block","angle":60},{"time":7.5,"type":"block","angle":30},{"time":8,"type":"block","angle":30},{"time":8.5,"type":"block","angle":60},{"time":9,"type":"block","angle":30},{"time":9.5,"type":"block","angle":345},{"time":10,"type":"block","angle":15},{"time":10.5,"type":"block","angle":345},{"time":11,"type":"block","angle":15},{"time":11.5,"type":"block","angle":345},{"time":12,"type":"block","angle":15},{"time":12.5,"type":"block","angle":45},{"time":13,"type":"block","angle":15},{"time":13.5,"type":"block","angle":45},{"time":14,"type":"block","angle":15},{"time":14.5,"type":"block","angle":45},{"time":15,"type":"block","angle":15},{"angle2":345,"type":"hold","time":15.5,"duration":0.5,"angle":315},{"angle2":345,"type":"hold","time":16,"duration":1,"angle":345},{"time":17.25,"type":"block","angle":330},{"time":17.5,"type":"block","angle":360},{"time":18,"type":"block","angle":330},{"time":18.5,"type":"block","angle":360},{"time":19,"type":"block","angle":330},{"time":19.5,"type":"block","angle":360},{"time":20,"type":"block","angle":330},{"time":20.5,"type":"block","angle":30},{"time":21,"type":"block","angle":60},{"time":21.5,"type":"block","angle":30},{"time":22,"type":"block","angle":60},{"time":22.5,"type":"block","angle":30},{"time":23,"type":"block","angle":60},{"time":23.5,"type":"block","angle":30},{"time":24,"type":"block","angle":60},{"time":24.5,"type":"block","angle":30},{"time":25,"type":"block","angle":60},{"time":25.5,"type":"block","angle":345},{"time":26,"type":"block","angle":15},{"time":26.5,"type":"block","angle":345},{"time":27,"type":"block","angle":15},{"time":27.25,"type":"block","angle":345},{"time":27.75,"type":"block","angle":15},{"time":28,"type":"block","angle":345},{"time":28.5,"type":"block","angle":15},{"time":29,"type":"block","angle":345},{"time":29.5,"type":"block","angle":15},{"time":30,"type":"block","angle":345},{"time":30.5,"type":"block","angle":15},{"time":31,"type":"block","angle":345},{"time":31.5,"type":"block","angle":15},{"time":32,"type":"block","angle":345},{"time":32.5,"type":"block","angle":15},{"time":33,"type":"block","angle":345},{"time":33.5,"type":"block","angle":15},{"time":34,"type":"block","angle":0},{"time":34.5,"type":"block","angle":15},{"angle2":-15,"type":"hold","time":34.75,"duration":1.5,"angle":0},{"time":36.5,"type":"block","angle":0},{"time":37,"type":"block","angle":345},{"time":37.25,"type":"block","angle":15},{"time":37.5,"type":"block","angle":0},{"time":38,"type":"block","angle":15},{"time":38.25,"type":"block","angle":0},{"time":38.75,"type":"block","angle":15},{"angle2":15,"type":"hold","time":39,"duration":1,"angle":0},{"time":40.5,"type":"block","angle":45},{"time":41,"type":"block","angle":15},{"time":41.5,"type":"block","angle":45},{"time":42,"type":"block","angle":15},{"time":42.5,"type":"block","angle":45},{"time":42.75,"type":"block","angle":15},{"time":43.5,"type":"block","angle":345},{"time":44,"type":"block","angle":0},{"time":44.5,"type":"block","angle":345},{"time":45,"type":"block","angle":360},{"time":45.25,"type":"block","angle":345},{"time":45.5,"type":"block","angle":0},{"time":46,"type":"block","angle":345},{"time":46.5,"type":"block","angle":360},{"angle2":353,"type":"hold","time":47,"duration":0.80000001192093,"angle":345},{"time":48.5,"type":"block","angle":300},{"time":49,"type":"block","angle":330},{"time":49.5,"type":"block","angle":315},{"time":50,"type":"block","angle":330},{"time":50.25,"type":"block","angle":315},{"time":50.5,"type":"block","angle":330},{"time":50.75,"type":"block","angle":15},{"time":51.25,"type":"block","angle":30},{"time":51.75,"type":"block","angle":45},{"time":52,"type":"block","angle":345},{"time":52.5,"type":"block","angle":15},{"time":53,"type":"block","angle":345},{"time":52.75,"type":"block","angle":360},{"time":53.5,"type":"block","angle":345},{"time":54,"type":"block","angle":15},{"time":54.5,"type":"block","angle":345},{"time":54.75,"type":"block","angle":0},{"time":55,"type":"block","angle":300},{"time":55.25,"type":"block","angle":330},{"time":55.75,"type":"block","angle":300},{"time":56,"type":"block","angle":330},{"time":56.25,"type":"block","angle":345},{"time":56.5,"type":"block","angle":15},{"time":56.75,"type":"block","angle":345},{"time":57,"type":"block","angle":15},{"time":57.5,"type":"block","angle":345},{"time":57.75,"type":"block","angle":15},{"angle2":345,"type":"hold","time":58.25,"duration":1,"angle":345},{"time":59.75,"type":"block","angle":0},{"time":60,"type":"block","angle":30},{"time":60.25,"type":"block","angle":0},{"time":60.5,"type":"block","angle":30},{"time":60.75,"type":"block","angle":0},{"time":61.25,"type":"block","angle":30},{"angle2":15,"type":"hold","time":61.25,"duration":1,"angle":30},{"angle2":15,"type":"hold","time":62.5,"duration":0.75,"angle":15},{"time":64.5,"type":"block","angle":15},{"time":65,"type":"block","angle":345},{"time":65.5,"type":"block","angle":15},{"time":66,"type":"block","angle":345},{"time":66.5,"type":"block","angle":15},{"time":66.75,"type":"block","angle":345},{"time":67,"type":"block","angle":15},{"time":67.75,"type":"block","angle":345},{"time":68.25,"type":"block","angle":15},{"time":68,"type":"block","angle":0},{"time":68.75,"type":"block","angle":345},{"time":69,"type":"block","angle":0},{"time":69.25,"type":"block","angle":15},{"time":70.25,"type":"block","angle":345},{"time":70.5,"type":"block","angle":0},{"time":70.75,"type":"block","angle":15},{"time":69.75,"type":"block","angle":345},{"time":70,"type":"block","angle":15},{"time":71,"type":"block","angle":30},{"time":72.25,"type":"block","angle":345},{"time":72.5,"type":"block","angle":15},{"time":73,"type":"block","angle":330},{"time":73.5,"type":"block","angle":315},{"time":74,"type":"block","angle":330},{"time":74.5,"type":"block","angle":315},{"time":75,"type":"block","angle":330},{"time":75.5,"type":"block","angle":345},{"time":76,"type":"block","angle":330},{"time":76.5,"type":"block","angle":345},{"time":77,"type":"block","angle":330},{"time":77.5,"type":"block","angle":345},{"time":78,"type":"block","angle":330},{"time":78.5,"type":"block","angle":345},{"time":79,"type":"block","angle":330},{"angle2":435,"type":"hold","time":79.5,"duration":3,"angle":345},{"angle2":0,"type":"hold","time":82.5,"duration":2.25,"angle":75},{"time":85.5,"type":"block","angle":315},{"time":86,"type":"block","angle":360},{"time":86.5,"type":"block","angle":30},{"time":87,"type":"block","angle":345},{"time":87.5,"type":"block","angle":315},{"time":88,"type":"block","angle":285},{"time":88.5,"type":"block","angle":330},{"time":89,"type":"block","angle":360},{"time":89.5,"type":"block","angle":30},{"time":92.5,"type":"block","angle":330},{"time":93,"type":"block","angle":360},{"time":93.5,"type":"block","angle":330},{"time":94,"type":"block","angle":0},{"time":94.5,"type":"block","angle":330},{"angle2":330,"type":"hold","time":95,"duration":0.25,"angle":360},{"angle2":360,"type":"hold","time":95.25,"duration":0.25,"angle":330},{"angle2":-15,"type":"hold","time":95.5,"duration":0.25,"angle":0},{"time":96,"type":"inverse","angle":345},{"time":96.5,"type":"inverse","angle":300},{"time":97,"type":"inverse","angle":255},{"time":97.5,"type":"inverse","angle":300},{"time":98,"type":"inverse","angle":345},{"time":98.5,"type":"inverse","angle":30},{"time":99,"type":"inverse","angle":345},{"time":99.5,"type":"inverse","angle":300},{"time":102.5,"type":"inverse","angle":15},{"time":103,"type":"inverse","angle":345},{"time":103.5,"type":"inverse","angle":15},{"time":104,"type":"inverse","angle":345},{"time":104.5,"type":"inverse","angle":15},{"time":105,"type":"inverse","angle":345},{"time":105.5,"type":"inverse","angle":15},{"time":106,"type":"inverse","angle":345},{"time":106.5,"type":"inverse","angle":165},{"time":107,"type":"inverse","angle":195},{"time":107.5,"type":"inverse","angle":165},{"time":108,"type":"inverse","angle":195},{"time":108.5,"type":"inverse","angle":165},{"time":109,"type":"inverse","angle":195},{"time":109.5,"type":"inverse","angle":165},{"time":110,"type":"inverse","angle":195},{"time":110.5,"type":"inverse","angle":165},{"angle2":165,"type":"hold","time":111,"duration":0.25,"angle":195},{"angle2":195,"type":"hold","time":111.25,"duration":0.25,"angle":165},{"angle2":180,"type":"hold","time":111.5,"duration":0.25,"angle":195},{"angle2":315,"type":"hold","time":111.75,"duration":1.1000000238419,"angle":180},{"angle2":240,"type":"hold","time":112.84999847412,"duration":1.1000000238419,"angle":315},{"angle2":90,"type":"hold","time":113.95999908447,"duration":1.039999961853,"angle":240},{"angle2":135,"type":"hold","time":115,"duration":1.0499999523163,"angle":90},{"angle2":105,"type":"hold","time":116.05999755859,"duration":1.0099999904633,"angle":135},{"angle2":150,"type":"hold","time":117.06999969482,"duration":1.0599999427795,"angle":105},{"angle2":195,"type":"hold","time":118.12300109863,"duration":1.039999961853,"angle":150},{"angle2":45,"type":"hold","time":119.16799926758,"duration":1.1000000238419,"angle":195},{"angle2":0,"type":"hold","time":120.25,"duration":1,"angle":45},{"angle2":15,"type":"hold","time":121.25,"duration":0.93000000715256,"angle":0},{"angle2":-30,"type":"hold","time":122.15000152588,"duration":0.93000000715256,"angle":15},{"angle2":315,"type":"hold","time":123.08000183105,"duration":1,"angle":330},{"angle2":360,"type":"hold","time":124.08000183105,"duration":1,"angle":315},{"angle2":0,"type":"hold","time":125.05000305176,"duration":1,"angle":0},{"angle2":435,"type":"hold","time":126.05999755859,"duration":1,"angle":360},{"angle2":120,"type":"hold","time":127.05000305176,"duration":1,"angle":75},{"angle2":195,"type":"hold","time":128.05000305176,"duration":1,"angle":120},{"angle2":165,"type":"hold","time":129.05000305176,"duration":1,"angle":195},{"angle2":180,"type":"hold","time":130.05000305176,"duration":1,"angle":165},{"angle2":135,"type":"hold","time":131.05000305176,"duration":1,"angle":180},{"angle2":240,"type":"hold","time":132.05000305176,"duration":1,"angle":135},{"angle2":300,"type":"hold","time":133.05000305176,"duration":1,"angle":240},{"angle2":285,"type":"hold","time":134.05000305176,"duration":1,"angle":300},{"angle2":390,"type":"hold","time":135.05000305176,"duration":1,"angle":285},{"angle2":15,"type":"hold","time":136.05000305176,"duration":1,"angle":30},{"angle2":-30,"type":"hold","time":137.05000305176,"duration":1,"angle":15},{"angle2":360,"type":"hold","time":138.05000305176,"duration":1,"angle":330},{"angle2":427.5,"type":"hold","time":139,"duration":1,"angle":360},{"angle2":56.25,"type":"hold","time":140,"duration":1,"angle":67.5},{"angle2":123.75,"type":"hold","time":141,"duration":1,"angle":56.25},{"angle2":157.5,"type":"hold","time":142,"duration":1,"angle":123.75},{"angle2":123.75,"type":"hold","time":143,"duration":1,"angle":157.5},{"angle2":225,"type":"hold","time":144,"duration":1,"angle":123.75},{"angle2":270,"type":"hold","time":145,"duration":1,"angle":225},{"angle2":236.25,"type":"hold","time":146,"duration":1,"angle":270},{"angle2":258.75,"type":"hold","time":147,"duration":1,"angle":236.25},{"angle2":191.25,"type":"hold","time":148,"duration":1,"angle":258.75},{"angle2":202.5,"type":"hold","time":149,"duration":1,"angle":191.25},{"angle2":123.75,"type":"hold","time":150,"duration":1,"angle":202.5},{"angle2":213.75,"type":"hold","time":151,"duration":1,"angle":123.75},{"angle2":78.75,"type":"hold","time":152,"duration":1,"angle":213.75},{"angle2":-11.25,"type":"hold","time":153,"duration":1,"angle":78.75},{"angle2":405,"type":"hold","time":154,"duration":1,"angle":348.75},{"angle2":-22.5,"type":"hold","time":155,"duration":1,"angle":45},{"angle2":405,"type":"hold","time":156,"duration":1,"angle":337.5},{"angle2":-22.5,"type":"hold","time":157,"duration":1,"angle":45},{"angle2":258.75,"type":"hold","time":158,"duration":1,"angle":337.5},{"angle2":348.75,"type":"hold","time":159,"duration":1,"angle":258.75},{"angle2":236.25,"type":"hold","time":160,"duration":1,"angle":348.75},{"angle2":247.5,"type":"hold","time":161,"duration":1,"angle":236.25},{"angle2":225,"type":"hold","time":162,"duration":1,"angle":247.5},{"angle2":168.75,"type":"hold","time":163,"duration":1,"angle":225},{"angle2":168.75,"type":"hold","time":164,"duration":1,"angle":168.75},{"angle2":202.5,"type":"hold","time":165,"duration":1,"angle":168.75},{"angle2":180,"type":"hold","time":166,"duration":1,"angle":202.5},{"angle2":0,"type":"hold","time":167,"duration":1,"angle":180},{"angle2":0,"type":"hold","time":168,"duration":1,"angle":0},{"angle2":427.5,"type":"hold","time":169,"duration":1,"angle":360},{"angle2":67.5,"type":"hold","time":170,"duration":1,"angle":67.5},{"angle2":45,"type":"hold","time":171,"duration":1,"angle":67.5},{"angle2":56.25,"type":"hold","time":172,"duration":1,"angle":45},{"angle2":67.5,"type":"hold","time":173,"duration":1,"angle":56.25},{"angle2":0,"type":"hold","time":174,"duration":1.3500000238419,"angle":67.5},{"angle2":90,"type":"hold","time":180.75,"duration":3,"angle":360},{"angle2":360,"type":"hold","time":175.35000610352,"duration":1.25,"angle":360},{"angle2":-180,"type":"hold","time":183.75,"duration":3,"angle":90},{"angle2":-90,"type":"hold","time":186.75,"duration":3,"angle":180},{"angle2":0,"type":"hold","time":189.75,"duration":3.25,"angle":270},{"angle2":315,"type":"hold","time":90,"duration":0.5,"angle":337.5},{"angle2":360,"type":"hold","time":90.5,"duration":0.5,"angle":315},{"angle2":315,"type":"hold","time":91,"duration":0.5,"angle":360},{"angle2":360,"type":"hold","time":91.5,"duration":0.5,"angle":315},{"angle2":360,"type":"hold","time":100,"duration":0.5,"angle":330},{"angle2":300,"type":"hold","time":100.5,"duration":0.5,"angle":360},{"angle2":360,"type":"hold","time":101,"duration":0.5,"angle":300},{"angle2":300,"type":"hold","time":101.5,"duration":0.5,"angle":360}]