{"properties":{"offset":8,"startBeat":0,"speed":70,"loadBeat":-1,"formatversion":12},"events":[{"time":0,"type":"play","file":"Numbers.ogg","volume":1,"bpm":94,"angle":315},{"color":0,"r":186,"type":"setColor","b":230,"g":19,"time":0,"angle":315},{"color":0,"r":30,"type":"setColor","b":11,"g":159,"time":8,"angle":30},{"color":0,"r":10,"type":"setColor","b":212,"g":7,"time":12,"angle":15},{"color":0,"r":186,"type":"setColor","b":230,"g":19,"time":15.5,"angle":315},{"color":0,"r":30,"type":"setColor","b":11,"g":159,"time":24,"angle":60},{"color":0,"r":10,"type":"setColor","b":212,"g":7,"time":28,"angle":345},{"time":193,"type":"showResults","angle":360},{"color":0,"r":186,"type":"setColor","b":230,"g":19,"time":47.799999237061,"angle":353},{"name":"green","type":"bookmark","b":0,"angle":45,"r":0,"description":"","time":8,"g":0},{"name":"blue","type":"bookmark","b":0,"angle":30,"r":0,"description":"","time":12,"g":0},{"name":"Section","type":"bookmark","b":0,"angle":45,"r":0,"description":"","time":8,"g":0},{"ease":"inSine","duration":1,"type":"paddles","newWidth":35,"time":0,"paddle":1,"angle":255},{"ease":"inSine","duration":1,"type":"paddles","newWidth":70,"time":79.5,"paddle":1,"angle":345},{"color":0,"type":"setColor","b":236,"duration":1.5,"ease":"inSine","r":255,"angle":345,"g":0,"time":79.5},{"color":0,"type":"setColor","b":255,"duration":1.5,"ease":"inSine","r":165,"angle":75,"g":0,"time":82.5},{"color":4,"type":"setBgColor","time":175.35000610352,"angle":360},{"color":0,"type":"setColor","b":0,"duration":0.5,"ease":"inSine","r":0,"angle":0,"g":0,"time":175.35000610352},{"color":1,"type":"setColor","b":212,"duration":0.75,"ease":"inSine","r":241,"angle":360,"g":0,"time":180},{"color":0,"type":"setColor","b":252,"duration":1,"ease":"inSine","r":255,"angle":0,"g":137,"time":95},{"color":0,"type":"setColor","b":38,"duration":1,"ease":"inSine","r":219,"angle":225,"g":0,"time":111},{"color":0,"type":"setColor","b":230,"duration":1,"ease":"inSine","r":186,"angle":157.5,"g":19,"time":116},{"color":0,"type":"setColor","b":11,"duration":1,"ease":"inSine","r":30,"angle":30,"g":159,"time":120.25},{"color":0,"type":"setColor","b":212,"duration":1,"ease":"inSine","r":10,"angle":345,"g":7,"time":126},{"color":0,"type":"setColor","b":230,"duration":1,"ease":"inSine","r":186,"angle":120,"g":19,"time":132},{"color":0,"type":"setColor","b":11,"duration":1,"ease":"inSine","r":30,"angle":315,"g":159,"time":138},{"color":0,"type":"setColor","b":212,"duration":1,"ease":"inSine","r":10,"angle":105,"g":7,"time":144},{"color":0,"type":"setColor","b":230,"duration":1,"ease":"inSine","r":186,"angle":225,"g":19,"time":150},{"color":0,"type":"setColor","b":11,"duration":1,"ease":"inSine","r":30,"angle":315,"g":159,"time":156},{"color":0,"type":"setColor","b":212,"duration":1,"ease":"inSine","r":10,"angle":270,"g":7,"time":162},{"color":0,"type":"setColor","b":230,"duration":1,"ease":"inSine","r":186,"angle":345,"g":19,"time":169},{"color":7,"type":"setBgColor","time":-1,"angle":0},{"color":1,"r":111,"type":"setColor","b":177,"g":0,"time":-1,"angle":315}],"metadata":{"bgData":{"cyanChannel":{"b":255,"g":255,"r":255},"image":"BG.png","redChannel":{"b":0,"g":0,"r":255},"blueChannel":{"b":255,"g":0,"r":0},"greenChannel":{"b":255,"g":255,"r":255},"yellowChannel":{"b":255,"g":255,"r":255},"magentaChannel":{"b":255,"g":255,"r":255}},"description":"But I finally got a girlfriend and she's the bomb!","artistLink":"","artist":"TEMPOREX","songName":"Numbers","charter":"Charter","difficulty":4,"bg":true}}