[{"angle":0,"time":-4,"type":"block"},{"type":"hold","angle":270,"time":-2,"angle2":292.5,"duration":0.5},{"type":"block","tap":true,"angle":315,"time":-1},{"angle":315,"time":-3.25,"type":"block"},{"angle":247.5,"time":-2.25,"type":"block"},{"angle":292.5,"time":-3,"type":"block"},{"type":"hold","angle":112.5,"time":0,"angle2":90,"duration":0.5},{"type":"hold","angle":45,"time":1.5,"angle2":67.5,"duration":0.5},{"angle":67.5,"time":2.5,"type":"extraTap"},{"angle":67.5,"time":3,"type":"extraTap"},{"type":"hold","angle":337.5,"time":4,"angle2":337.5,"duration":1},{"angle":360,"time":4.75,"type":"block"},{"angle":337.5,"time":5.5,"type":"block"},{"type":"hold","angle":292.5,"time":6,"angle2":225,"duration":1},{"angle":202.5,"time":7.5,"type":"block"},{"angle":135,"time":8,"type":"block"},{"angle":202.5,"time":8.5,"type":"block"},{"angle":135,"time":9,"type":"block"},{"angle":202.5,"time":9.5,"type":"block"},{"type":"side","tap":true,"angle":135,"time":10},{"type":"hold","angle":337.5,"time":11,"angle2":315,"duration":1},{"type":"hold","angle":225,"time":13,"angle2":247.5,"duration":0.5},{"angle":315,"time":14,"type":"block"},{"angle":247.5,"time":14.5,"type":"block"},{"angle":315,"time":15,"type":"block"},{"type":"hold","angle":45,"time":16,"angle2":67.5,"duration":0.5},{"type":"hold","angle":90,"time":17,"angle2":112.5,"duration":0.5},{"angle":180,"time":18,"type":"block"},{"angle":180,"time":18.5,"type":"extraTap"},{"angle":180,"time":19,"type":"extraTap"},{"type":"hold","angle":202.5,"time":20,"angle2":202.5,"duration":1},{"angle":225,"time":20.75,"type":"block"},{"type":"hold","angle":247.5,"time":21,"angle2":247.5,"duration":1},{"angle":270,"time":21.75,"type":"block"},{"type":"hold","angle":292.5,"time":22,"angle2":292.5,"duration":1},{"angle":315,"time":22.5,"type":"block"},{"type":"hold","angle":292.5,"time":23.5,"angle2":337.5,"duration":0.5},{"type":"hold","angle":22.5,"time":25,"angle2":67.5,"duration":0.5},{"angle":360,"time":24.75,"type":"block"},{"angle":90,"time":26.5,"type":"extraTap"},{"angle":90,"time":27,"type":"extraTap"},{"angle":135,"time":26,"type":"side"},{"type":"block","tap":true,"angle":180,"time":28},{"angle":135,"time":29.5,"type":"block"},{"angle":157.5,"time":30,"type":"block"},{"type":"hold","angle":135,"time":30.5,"angle2":112.5,"duration":0.5},{"angle":180,"time":32,"type":"block"},{"type":"hold","angle":202.5,"time":32.5,"angle2":225,"duration":0.5},{"angle":270,"time":34,"type":"block"},{"type":"hold","angle":270,"time":34.5,"angle2":247.5,"duration":0.5},{"type":"hold","angle":247.5,"time":35,"angle2":292.5,"duration":0.5},{"type":"block","tap":true,"angle":315,"time":36},{"angle":0,"time":37.5,"type":"block"},{"angle":337.5,"time":38,"type":"block"},{"type":"hold","angle":0,"time":38.5,"angle2":22.5,"duration":0.5},{"angle":67.5,"time":39,"type":"side"},{"angle":90,"time":40,"type":"block"},{"angle":67.5,"time":40.5,"type":"block"},{"angle":45,"time":41,"type":"block"},{"angle":315,"time":42,"type":"block"},{"angle":337.5,"time":42.5,"type":"block"},{"type":"hold","angle":360,"time":43,"angle2":382.5,"duration":0.5},{"type":"mineHold","angle":270,"time":42,"angle2":315,"duration":1},{"type":"mineHold","angle":135,"time":40,"angle2":90,"duration":1},{"type":"side","tap":true,"angle":337.5,"time":44},{"angle":315,"time":45.5,"type":"block"},{"angle":270,"time":46,"type":"block"},{"type":"hold","angle":247.5,"time":46.5,"angle2":225,"duration":0.5},{"type":"hold","angle":202.5,"time":48,"angle2":180,"duration":0.5},{"type":"hold","angle":157.5,"time":49,"angle2":112.5,"duration":1},{"type":"hold","angle":67.5,"time":50.5,"angle2":45,"duration":0.5},{"type":"hold","endTap":true,"angle":0,"time":51.5,"angle2":-22.5,"duration":0.5},{"angle":292.5,"time":53.5,"type":"inverse"},{"angle":247.5,"time":54,"type":"inverse"},{"angle":225,"time":54.5,"type":"inverse"},{"angle":202.5,"time":55,"type":"inverse"},{"type":"hold","angle":180,"time":56,"angle2":180,"duration":1},{"angle":180,"time":56.5,"type":"inverse"},{"angle":180,"time":57.5,"type":"extraTap"},{"angle":180,"time":58,"type":"extraTap"},{"type":"hold","angle":90,"time":60,"angle2":90,"duration":1},{"type":"hold","angle":270,"time":62,"angle2":270,"duration":1},{"type":"hold","angle":90,"time":64,"angle2":90,"duration":1},{"angle":67.5,"time":64.5,"type":"block"},{"angle":67.5,"time":65.5,"type":"block"},{"angle":22.5,"time":66,"type":"side"},{"angle":360,"time":70,"type":"block"},{"type":"hold","angle":360,"time":71.5,"angle2":337.5,"duration":0.5},{"angle":292.5,"time":72.5,"type":"block"},{"type":"hold","angle":270,"time":73,"angle2":247.5,"duration":0.5},{"type":"hold","angle":247.5,"time":73.5,"angle2":292.5,"duration":0.5},{"angle":90,"time":76,"type":"block"},{"angle":292.5,"time":77,"type":"block"},{"angle":270,"time":77.5,"type":"block"},{"angle":225,"time":78,"type":"side"},{"type":"hold","angle":180,"time":80,"angle2":180,"duration":0.5},{"angle":157.5,"time":81,"type":"inverse"},{"angle":135,"time":81.5,"type":"inverse"},{"angle":112.5,"time":82,"type":"inverse"},{"angle":270,"time":87,"type":"block"},{"type":"hold","angle":292.5,"time":88,"angle2":337.5,"duration":1},{"angle":315,"time":88.5,"type":"block"},{"angle":360,"time":89.5,"type":"block"},{"angle":22.5,"time":90,"type":"block"},{"angle":270,"time":92,"type":"side"},{"angle":315,"time":93.5,"type":"side"},{"angle":315,"time":94,"type":"block"},{"angle":45,"time":95.5,"type":"side"},{"angle":45,"time":96,"type":"block"},{"angle":22.5,"time":96.5,"type":"block"},{"type":"hold","angle":360,"time":97,"angle2":382.5,"duration":0.5},{"type":"hold","angle":22.5,"time":97.5,"angle2":-22.5,"duration":0.5},{"angle":202.5,"time":102,"type":"block"},{"angle":157.5,"time":103.5,"type":"side"},{"type":"hold","angle":157.5,"time":104,"angle2":157.5,"duration":0.5},{"angle":180,"time":105,"type":"block"},{"angle":225,"time":105.5,"type":"block"},{"angle":270,"time":106,"type":"block"},{"angle":90,"time":108,"type":"block"},{"angle":270,"time":109,"type":"block"},{"angle":292.5,"time":109.5,"type":"block"},{"angle":315,"time":110,"type":"block"},{"type":"hold","angle":337.5,"time":111.5,"angle2":360,"duration":0.5},{"angle":22.5,"time":112.5,"type":"block"},{"type":"hold","angle":360,"time":113,"angle2":337.5,"duration":0.5},{"type":"hold","angle":360,"time":113.5,"angle2":337.5,"duration":0.5},{"type":"hold","angle":292.5,"time":116,"angle2":292.5,"duration":0.5},{"type":"hold","angle":337.5,"time":117,"angle2":337.5,"duration":0.5},{"type":"hold","angle":22.5,"time":118,"angle2":22.5,"duration":0.5},{"type":"hold","angle":67.5,"time":119,"angle2":67.5,"duration":0.5},{"type":"hold","angle":135,"time":120,"angle2":-90,"duration":2},{"angle":22.5,"time":121,"type":"block"},{"type":"block","tap":true,"angle":90,"time":123},{"speedMult":2,"type":"block","angle":292.5,"time":124},{"speedMult":2,"type":"hold","angle":270,"time":124.75,"angle2":281.25,"duration":0.25},{"speedMult":2,"type":"hold","angle":247.5,"time":125.75,"angle2":236.25,"duration":0.25},{"speedMult":2,"type":"hold","angle":236.25,"time":126,"angle2":270,"duration":0.5},{"speedMult":2,"type":"hold","angle":270,"time":126.5,"angle2":247.5,"duration":0.5},{"speedMult":2,"type":"hold","angle":67.5,"time":128,"angle2":90,"duration":0.5},{"speedMult":2,"type":"block","angle":90,"time":129},{"speedMult":2,"type":"hold","angle":67.5,"time":129.5,"angle2":112.5,"duration":0.5},{"speedMult":2,"type":"extraTap","angle":90,"time":130.5},{"speedMult":2,"type":"extraTap","angle":90,"time":131},{"speedMult":2,"type":"hold","angle":270,"time":132,"angle2":270,"duration":1},{"speedMult":2,"type":"block","angle":292.5,"time":132.75},{"speedMult":2,"type":"hold","angle":247.5,"time":133.5,"angle2":292.5,"duration":0.5},{"speedMult":2,"type":"hold","angle":45,"time":136,"angle2":67.5,"duration":0.5},{"speedMult":2,"type":"block","angle":292.5,"time":135},{"speedMult":2,"type":"hold","angle":67.5,"time":136.5,"angle2":112.5,"duration":0.5},{"speedMult":2,"type":"block","angle":90,"time":137.5},{"speedMult":2,"type":"block","angle":67.5,"time":138},{"speedMult":2,"type":"block","angle":90,"time":139},{"speedMult":2,"type":"block","angle":270,"time":140},{"speedMult":2,"type":"hold","angle":270,"time":141,"angle2":292.5,"duration":0.5},{"speedMult":2,"type":"hold","angle":292.5,"time":141.5,"angle2":247.5,"duration":0.5},{"speedMult":2,"type":"block","angle":270,"time":142.5},{"speedMult":2,"type":"side","angle":315,"time":143},{"speedMult":2,"type":"hold","angle":90,"time":144,"angle2":112.5,"duration":0.5},{"speedMult":2,"type":"hold","angle":112.5,"time":144.5,"angle2":67.5,"duration":0.5},{"speedMult":2,"type":"hold","angle":67.5,"time":145,"angle2":90,"duration":0.5},{"speedMult":2,"type":"block","angle":112.5,"time":146},{"speedMult":2,"type":"extraTap","angle":112.5,"time":146.5},{"speedMult":2,"type":"extraTap","angle":112.5,"time":147},{"angle":270,"time":148,"type":"block"},{"angle":90,"time":149,"type":"block"},{"type":"hold","angle":0,"time":150,"angle2":-22.5,"duration":0.5},{"type":"hold","angle":180,"time":151,"angle2":157.5,"duration":0.5},{"angle":90,"time":152,"type":"block"},{"angle":270,"time":154,"type":"block"},{"angle":0,"time":153,"type":"block"},{"angle":45,"time":156,"type":"extraTap"},{"angle":67.5,"time":160,"type":"extraTap"},{"angle":225,"time":158,"type":"block"},{"angle":180,"time":157.5,"type":"block"},{"angle":157.5,"time":158.5,"type":"block"},{"angle":157.5,"time":159,"type":"block"},{"type":"hold","angle":0,"time":161.5,"angle2":22.5,"duration":0.5},{"angle":22.5,"time":162.5,"type":"block"},{"angle":315,"time":163,"type":"side"},{"angle":315,"time":164,"type":"extraTap"},{"angle":315,"time":165,"type":"extraTap"},{"angle":315,"time":166,"type":"extraTap"},{"angle":315,"time":167,"type":"extraTap"},{"angle":315,"time":168,"type":"extraTap"},{"angle":315,"time":169,"type":"extraTap"},{"angle":315,"time":170,"type":"extraTap"},{"angle":337.5,"time":171,"type":"extraTap"},{"angle":22.5,"time":164,"type":"block"},{"angle":337.5,"time":165,"type":"block"},{"angle":22.5,"time":166,"type":"block"},{"angle":337.5,"time":167,"type":"block"},{"angle":157.5,"time":168,"type":"block"},{"angle":202.5,"time":169,"type":"block"},{"angle":270,"time":170,"type":"block"},{"angle":315,"time":171,"type":"block"},{"type":"hold","duration":1,"angle":90,"time":172,"angle2":45,"startTap":true},{"angle":22.5,"time":173.5,"type":"block"},{"type":"hold","angle":337.5,"time":174,"angle2":315,"duration":0.5},{"type":"hold","angle":315,"time":174.5,"angle2":360,"duration":0.5},{"type":"hold","angle":360,"time":175,"angle2":292.5,"duration":1},{"angle":247.5,"time":176.5,"type":"block"},{"angle":202.5,"time":177,"type":"block"},{"type":"hold","angle":135,"time":178,"angle2":135,"duration":0.5},{"angle":112.5,"time":179,"type":"block"},{"angle":90,"time":179.5,"type":"block"},{"type":"side","tap":true,"angle":45,"time":180},{"angle":315,"time":181.5,"type":"inverse"},{"angle":292.5,"time":182,"type":"inverse"},{"angle":270,"time":182.5,"type":"inverse"},{"angle":247.5,"time":183,"type":"inverse"},{"type":"hold","angle":180,"time":184,"angle2":157.5,"duration":0.5},{"type":"hold","angle":112.5,"time":185,"angle2":157.5,"duration":0.5},{"type":"hold","angle":180,"time":186,"angle2":157.5,"duration":0.75},{"type":"hold","endTap":true,"angle":157.5,"time":186.75,"angle2":225,"duration":1.25},{"angle":292.5,"time":188.75,"type":"block"},{"type":"hold","angle":315,"time":189,"angle2":360,"duration":0.5},{"angle":-45,"time":190,"type":"inverse"},{"angle":270,"time":190.5,"type":"inverse"},{"angle":225,"time":191,"type":"inverse"},{"type":"hold","angle":180,"time":192,"angle2":157.5,"duration":0.5},{"type":"hold","angle":112.5,"time":193.5,"angle2":67.5,"duration":0.5},{"angle":135,"time":193,"type":"block"},{"angle":22.5,"time":194.5,"type":"extraTap"},{"angle":22.5,"time":195,"type":"extraTap"},{"type":"side","tap":true,"angle":315,"time":196},{"type":"hold","angle":270,"time":196.75,"angle2":247.5,"duration":0.25},{"type":"hold","angle":247.5,"time":197,"angle2":315,"duration":0.5},{"angle":360,"time":198,"type":"block"},{"type":"hold","angle":90,"time":199,"angle2":157.5,"duration":0.5},{"angle":180,"time":200,"type":"inverse"},{"angle":225,"time":200.5,"type":"inverse"},{"angle":180,"time":201,"type":"inverse"},{"angle":225,"time":201.5,"type":"inverse"},{"angle":157.5,"time":202,"type":"side"},{"type":"hold","endTap":true,"angle":135,"time":203,"angle2":-22.5,"duration":1},{"type":"hold","angle":337.5,"time":205,"angle2":337.5,"duration":0.5},{"type":"hold","angle":292.5,"time":206,"angle2":247.5,"duration":0.5},{"type":"hold","angle":247.5,"time":206.5,"angle2":315,"duration":0.5},{"type":"hold","angle":315,"time":207,"angle2":112.5,"duration":1},{"angle":45,"time":208.5,"type":"block"},{"angle":0,"time":209,"type":"block"},{"angle":292.5,"time":209.5,"type":"block"},{"angle":45,"time":210,"type":"side"},{"angle":45,"time":210.5,"type":"extraTap"},{"angle":45,"time":211,"type":"extraTap"},{"type":"hold","angle":315,"time":212,"angle2":270,"duration":0.75},{"type":"hold","angle":225,"time":213,"angle2":180,"duration":0.75},{"type":"hold","angle":135,"time":214,"angle2":180,"duration":0.5},{"angle":202.5,"time":215,"type":"block"},{"angle":180,"time":215.5,"type":"inverse"},{"type":"hold","angle":157.5,"time":216,"angle2":67.5,"duration":0.75},{"type":"hold","angle":67.5,"time":217,"angle2":135,"duration":0.75},{"angle":247.5,"time":218,"type":"side"},{"angle":360,"time":219,"type":"block"},{"type":"side","tap":true,"angle":292.5,"time":220},{"type":"block","tap":true,"angle":202.5,"time":221},{"type":"hold","angle":180,"time":222,"angle2":157.5,"duration":0.5},{"angle":157.5,"time":221.75,"type":"block"},{"type":"hold","angle":157.5,"time":222.5,"angle2":225,"duration":0.5},{"angle":315,"time":224,"type":"inverse"},{"angle":337.5,"time":224.5,"type":"inverse"},{"angle":67.5,"time":225.5,"type":"inverse"},{"angle":90,"time":226,"type":"inverse"},{"angle":90,"time":226.5,"type":"extraTap"},{"angle":90,"time":227,"type":"extraTap"},{"type":"block","tap":true,"angle":90,"time":228},{"angle":78.75,"time":227.9375,"type":"block"},{"angle":67.5,"time":227.875,"type":"block"},{"angle":56.25,"time":227.8125,"type":"block"},{"angle":112.5,"time":228.75,"type":"block"},{"type":"hold","angle":135,"time":229,"angle2":225,"duration":1},{"angle":180,"time":229.5,"type":"block"},{"angle":270,"time":231,"type":"block"},{"angle":315,"time":231.5,"type":"block"},{"angle":360,"time":232,"type":"block"},{"angle":180,"time":232.5,"type":"block"},{"angle":0,"time":233,"type":"block"},{"type":"hold","angle":180,"time":233.5,"angle2":180,"duration":0.5},{"type":"hold","endTap":true,"angle":90,"time":235,"angle2":180,"duration":1},{"angle":225,"time":237,"type":"inverse"},{"angle":270,"time":237.5,"type":"inverse"},{"angle":292.5,"time":238,"type":"block"},{"angle":247.5,"time":238.5,"type":"block"},{"angle":292.5,"time":239,"type":"block"},{"type":"hold","angle":315,"time":240,"angle2":315,"duration":0.5},{"type":"hold","angle":337.5,"time":241,"angle2":337.5,"duration":0.5},{"angle":360,"time":242.5,"type":"extraTap"},{"angle":0,"time":243,"type":"extraTap"},{"type":"hold","duration":0.75,"angle":90,"time":244,"angle2":90,"startTap":true},{"angle":360,"time":242,"type":"block"},{"type":"hold","angle":22.5,"time":245,"angle2":22.5,"duration":0.75},{"type":"hold","angle":315,"time":246,"angle2":315,"duration":0.5},{"angle":292.5,"time":247,"type":"block"},{"angle":270,"time":247.25,"type":"inverse"},{"angle":247.5,"time":247.5,"type":"block"},{"angle":225,"time":247.75,"type":"block"},{"type":"hold","angle":202.5,"time":248,"angle2":90,"duration":1},{"angle":315,"time":250,"type":"side"},{"angle":270,"time":250.5,"type":"extraTap"},{"angle":270,"time":251,"type":"extraTap"},{"type":"hold","angle":180,"time":252,"angle2":180,"duration":1},{"angle":157.5,"time":252.75,"type":"block"},{"type":"hold","angle":135,"time":253,"angle2":135,"duration":1},{"angle":112.5,"time":253.75,"type":"block"},{"type":"hold","angle":90,"time":254,"angle2":90,"duration":0.5},{"angle":45,"time":255,"type":"block"},{"angle":112.5,"time":255.5,"type":"block"},{"angle":180,"time":256,"type":"block"},{"angle":247.5,"time":256.75,"type":"block"},{"speedMult":2,"type":"block","angle":180,"time":259},{"type":"hold","angle":270,"time":257,"angle2":180,"duration":1},{"speedMult":2,"type":"side","tap":true,"angle":247.5,"time":260},{"speedMult":2,"type":"block","angle":67.5,"time":261.5,"order":0},{"speedMult":2,"type":"block","angle":112.5,"time":262},{"speedMult":2,"type":"hold","angle":135,"time":262.5,"angle2":90,"duration":0.5},{"speedMult":2,"type":"block","angle":45,"time":264},{"speedMult":2,"type":"hold","angle":67.5,"time":264.5,"angle2":112.5,"duration":0.5},{"speedMult":2,"type":"block","angle":112.5,"time":266},{"speedMult":2,"type":"block","angle":90,"time":266.5},{"speedMult":2,"type":"block","angle":67.5,"time":267},{"speedMult":2,"type":"side","angle":112.5,"time":267.5},{"speedMult":2,"type":"block","tap":true,"angle":112.5,"time":268},{"speedMult":2,"type":"block","angle":247.5,"time":269.5},{"speedMult":2,"type":"block","angle":270,"time":270},{"speedMult":2,"type":"hold","angle":292.5,"time":270.5,"angle2":270,"duration":0.5},{"speedMult":2,"type":"block","angle":225,"time":272},{"speedMult":2,"type":"block","angle":247.5,"time":272.5},{"speedMult":2,"type":"hold","angle":270,"time":273,"angle2":315,"duration":1},{"speedMult":2,"type":"block","angle":315,"time":274.5},{"speedMult":2,"type":"hold","angle":315,"time":275,"angle2":270,"duration":0.5},{"speedMult":2,"type":"block","tap":true,"angle":270,"time":276},{"speedMult":2,"type":"block","angle":90,"time":277.5},{"speedMult":2,"type":"block","angle":90,"time":278},{"speedMult":2,"type":"block","angle":90,"time":278.5},{"speedMult":2,"type":"hold","angle":90,"time":279,"angle2":135,"duration":1},{"speedMult":2,"type":"block","angle":135,"time":280.5},{"speedMult":2,"type":"hold","angle":135,"time":281,"angle2":90,"duration":1},{"speedMult":2,"type":"block","angle":90,"time":282.5},{"speedMult":2,"type":"block","angle":90,"time":283},{"speedMult":2,"type":"side","angle":45,"time":283.5},{"speedMult":2,"type":"block","tap":true,"angle":45,"time":284},{"speedMult":2,"type":"block","angle":270,"time":285.5},{"speedMult":2,"type":"inverse","angle":247.5,"time":286},{"speedMult":2,"type":"hold","angle":225,"time":286.5,"angle2":270,"duration":0.5},{"angle":337.5,"time":288,"type":"block"},{"angle":0,"time":288.5,"type":"block"},{"type":"hold","angle":22.5,"time":289,"angle2":-22.5,"duration":0.5},{"type":"hold","angle":337.5,"time":289.5,"angle2":382.5,"duration":0.5},{"angle":360,"time":291,"type":"extraTap"}]