{"metadata":{"charter":"Zasharan2","songName":"Powerful Wind, Slicked-back Hair","bg":true,"difficulty":1,"artist":"Yukopi","artistLink":"","description":"Vocaloid song by Yukopi.","bgData":{"redChannel":{"g":217,"b":82,"r":255},"blueChannel":{"g":189,"b":138,"r":238},"greenChannel":{"g":44,"b":32,"r":69},"yellowChannel":{"g":61,"b":33,"r":192},"magentaChannel":{"g":233,"b":223,"r":247},"cyanChannel":{"g":121,"b":68,"r":153},"image":"preview.png"}},"events":[{"file":"song.ogg","type":"play","volume":1,"angle":90,"bpm":135,"time":-5,"offset":0.10000000149012},{"g":217,"b":82,"type":"setColor","angle":67.5,"color":0,"time":-8,"r":255},{"g":0,"b":0,"type":"setColor","angle":45,"color":1,"time":-8,"r":0},{"type":"tag","angleOffset":false,"angle":0,"time":36,"tag":"bounce"},{"type":"tag","angleOffset":false,"angle":360,"time":28,"tag":"bounce"},{"type":"tag","angleOffset":false,"angle":360,"time":44,"tag":"bounce"},{"type":"tag","angleOffset":false,"angle":360,"time":52,"tag":"bounce"},{"type":"tag","angleOffset":false,"angle":0,"time":123,"tag":"bounce"},{"start":300,"type":"ease","value":450,"angle":292.5,"var":"p.x","ease":"outSine","time":123,"duration":1},{"g":193,"b":249,"type":"setColor","angle":225,"color":0,"time":36,"r":100},{"g":217,"b":82,"type":"setColor","angle":270,"color":0,"time":44,"r":255},{"g":193,"b":249,"type":"setColor","angle":22.5,"color":0,"time":52,"r":100},{"g":217,"b":82,"type":"setColor","angle":67.5,"color":0,"time":60,"r":255},{"start":450,"type":"ease","value":150,"angle":292.5,"var":"p.x","ease":"outSine","time":127,"duration":1},{"start":150,"type":"ease","value":450,"angle":292.5,"var":"p.x","ease":"outSine","time":131,"duration":1},{"start":450,"type":"ease","value":150,"angle":270,"var":"p.x","ease":"outSine","time":135,"duration":1},{"g":193,"b":249,"type":"setColor","angle":315,"color":0,"time":124,"r":100},{"g":217,"b":82,"type":"setColor","angle":45,"color":0,"time":128,"r":255},{"g":193,"b":249,"type":"setColor","angle":292.5,"color":0,"time":132,"r":100},{"g":217,"b":82,"type":"setColor","angle":67.5,"color":0,"time":136,"r":255},{"type":"tag","angleOffset":false,"angle":0,"time":124,"tag":"bounce"},{"type":"tag","angleOffset":false,"angle":0,"time":128,"tag":"bounce"},{"type":"tag","angleOffset":false,"angle":0,"time":132,"tag":"bounce"},{"type":"tag","angleOffset":false,"angle":0,"time":136,"tag":"bounce"},{"start":150,"type":"ease","value":450,"angle":270,"var":"p.x","ease":"outSine","time":139,"duration":1},{"g":193,"b":249,"type":"setColor","angle":292.5,"color":0,"time":140,"r":100},{"type":"tag","angleOffset":false,"angle":0,"time":140,"tag":"bounce"},{"start":450,"type":"ease","value":150,"angle":270,"var":"p.x","ease":"outSine","time":143,"duration":1},{"g":217,"b":82,"type":"setColor","angle":67.5,"color":0,"time":144,"r":255},{"type":"tag","angleOffset":false,"angle":0,"time":144,"tag":"bounce"},{"start":150,"type":"ease","value":300,"angle":90,"var":"p.x","ease":"outSine","time":147,"duration":1},{"type":"tag","angleOffset":false,"angle":0,"time":156,"tag":"bounce"},{"g":193,"b":249,"type":"setColor","angle":22.5,"color":0,"time":156,"r":100},{"g":217,"b":82,"type":"setColor","angle":180,"color":0,"time":160,"r":255},{"type":"tag","angleOffset":false,"angle":202.5,"time":160,"tag":"bounce"},{"paddle":1,"type":"paddles","time":123,"angle":45,"newWidth":50,"duration":1,"ease":"outSine"},{"paddle":1,"type":"paddles","time":147,"angle":45,"newWidth":70,"duration":1,"ease":"outSine"},{"start":180,"type":"ease","value":80,"angle":337.5,"var":"p.y","ease":"outSine","time":156,"duration":1},{"start":80,"type":"ease","value":280,"angle":157.5,"var":"p.y","ease":"outSine","time":160,"duration":1},{"start":280,"type":"ease","value":180,"angle":360,"var":"p.y","ease":"outSine","time":163,"duration":1},{"type":"tag","angleOffset":false,"angle":0,"time":172,"tag":"bounce"},{"g":193,"b":249,"type":"setColor","angle":22.5,"color":0,"time":172,"r":100},{"g":217,"b":82,"type":"setColor","angle":180,"color":0,"time":180,"r":255},{"type":"tag","angleOffset":false,"angle":202.5,"time":180,"tag":"bounce"},{"type":"tag","angleOffset":false,"angle":0,"time":188,"tag":"bounce"},{"g":193,"b":249,"type":"setColor","angle":22.5,"color":0,"time":188,"r":100},{"g":217,"b":82,"type":"setColor","angle":180,"color":0,"time":196,"r":255},{"type":"tag","angleOffset":false,"angle":202.5,"time":196,"tag":"bounce"},{"type":"tag","angleOffset":false,"angle":0,"time":204,"tag":"bounce"},{"g":193,"b":249,"type":"setColor","angle":22.5,"color":0,"time":204,"r":100},{"g":217,"b":82,"type":"setColor","angle":180,"color":0,"time":220,"r":255},{"type":"tag","angleOffset":false,"angle":202.5,"time":220,"tag":"bounce"},{"g":255,"b":255,"type":"setColor","angle":202.5,"color":1,"time":36,"r":255},{"g":0,"b":0,"type":"setColor","angle":292.5,"color":1,"time":44,"r":0},{"g":255,"b":255,"type":"setColor","angle":45,"color":1,"time":52,"r":255},{"g":0,"b":0,"type":"setColor","angle":45,"color":1,"time":60,"r":0},{"g":255,"b":255,"type":"setColor","angle":337.5,"color":1,"time":124,"r":255},{"g":0,"b":0,"type":"setColor","angle":22.5,"color":1,"time":128,"r":0},{"g":255,"b":255,"type":"setColor","angle":315,"color":1,"time":132,"r":255},{"g":0,"b":0,"type":"setColor","angle":90,"color":1,"time":136,"r":0},{"g":255,"b":255,"type":"setColor","angle":315,"color":1,"time":140,"r":255},{"g":0,"b":0,"type":"setColor","angle":45,"color":1,"time":144,"r":0},{"g":255,"b":255,"type":"setColor","angle":67.5,"color":1,"time":156,"r":255},{"g":0,"b":0,"type":"setColor","angle":135,"color":1,"time":160,"r":0},{"g":255,"b":255,"type":"setColor","angle":45,"color":1,"time":172,"r":255},{"g":0,"b":0,"type":"setColor","angle":157.5,"color":1,"time":180,"r":0},{"g":255,"b":255,"type":"setColor","angle":45,"color":1,"time":188,"r":255},{"g":0,"b":0,"type":"setColor","angle":157.5,"color":1,"time":196,"r":0},{"g":255,"b":255,"type":"setColor","angle":45,"color":1,"time":204,"r":255},{"g":0,"b":0,"type":"setColor","angle":157.5,"color":1,"time":220,"r":0},{"g":193,"b":249,"type":"setColor","angle":157.5,"color":0,"time":221,"r":100},{"type":"tag","angleOffset":false,"angle":180,"time":221,"tag":"bounce"},{"g":255,"b":255,"type":"setColor","angle":135,"color":1,"time":221,"r":255},{"g":217,"b":82,"type":"setColor","angle":180,"color":0,"time":228,"r":255},{"type":"tag","angleOffset":false,"angle":202.5,"time":228,"tag":"bounce"},{"g":0,"b":0,"type":"setColor","angle":157.5,"color":1,"time":228,"r":0},{"g":193,"b":249,"type":"setColor","angle":225,"color":0,"time":236,"r":100},{"type":"tag","angleOffset":false,"angle":247.5,"time":236,"tag":"bounce"},{"g":255,"b":255,"type":"setColor","angle":202.5,"color":1,"time":236,"r":255},{"g":217,"b":82,"type":"setColor","angle":180,"color":0,"time":244,"r":255},{"type":"tag","angleOffset":false,"angle":202.5,"time":244,"tag":"bounce"},{"g":0,"b":0,"type":"setColor","angle":157.5,"color":1,"time":244,"r":0},{"paddle":1,"type":"paddles","time":242.5,"angle":22.5,"newWidth":40,"duration":0.5,"ease":"outSine"},{"paddle":1,"type":"paddles","time":246,"angle":337.5,"newWidth":70,"duration":0.5,"ease":"linear"},{"start":1,"type":"ease","value":1.5,"angle":157.5,"var":"vfx.canvPos.sx","ease":"outCirc","time":256,"duration":0.5},{"start":1,"type":"ease","value":1.5,"angle":135,"var":"vfx.canvPos.sy","ease":"outCirc","time":256,"duration":0.5},{"type":"forcePlayerSprite","angle":112.5,"time":256,"spriteName":"eyeClose.png"},{"g":0,"b":0,"type":"setColor","angle":90,"color":0,"time":256,"r":0},{"g":255,"b":255,"type":"setColor","angle":67.5,"color":1,"time":256,"r":255},{"start":1.5,"type":"ease","value":1,"angle":157.5,"var":"vfx.canvPos.sx","ease":"outCirc","time":259,"duration":0.5},{"start":1.5,"type":"ease","value":1,"angle":135,"var":"vfx.canvPos.sy","ease":"outCirc","time":259,"duration":0.5},{"g":217,"b":82,"type":"setColor","angle":90,"color":0,"time":259,"r":255},{"g":0,"b":0,"type":"setColor","angle":67.5,"color":1,"time":259,"r":0},{"type":"forcePlayerSprite","angle":45,"time":259,"spriteName":""},{"g":193,"b":249,"type":"setColor","angle":202.5,"color":0,"time":260,"r":100},{"type":"tag","angleOffset":false,"angle":225,"time":260,"tag":"bounce"},{"g":255,"b":255,"type":"setColor","angle":180,"color":1,"time":260,"r":255},{"start":300,"type":"ease","value":150,"angle":22.5,"var":"p.x","ease":"outSine","time":260,"duration":1},{"paddle":1,"type":"paddles","time":260,"angle":45,"newWidth":50,"duration":1,"ease":"outSine"},{"g":217,"b":82,"type":"setColor","angle":202.5,"color":0,"time":268,"r":255},{"type":"tag","angleOffset":false,"angle":225,"time":268,"tag":"bounce"},{"g":0,"b":0,"type":"setColor","angle":180,"color":1,"time":268,"r":0},{"start":150,"type":"ease","value":450,"angle":22.5,"var":"p.x","ease":"outSine","time":268,"duration":1},{"g":193,"b":249,"type":"setColor","angle":202.5,"color":0,"time":276,"r":100},{"type":"tag","angleOffset":false,"angle":225,"time":276,"tag":"bounce"},{"g":255,"b":255,"type":"setColor","angle":180,"color":1,"time":276,"r":255},{"start":450,"type":"ease","value":150,"angle":22.5,"var":"p.x","ease":"outSine","time":276,"duration":1},{"paddle":1,"type":"paddles","time":276,"angle":45,"newWidth":50,"duration":1,"ease":"outSine"},{"g":217,"b":82,"type":"setColor","angle":202.5,"color":0,"time":284,"r":255},{"type":"tag","angleOffset":false,"angle":225,"time":284,"tag":"bounce"},{"g":0,"b":0,"type":"setColor","angle":180,"color":1,"time":284,"r":0},{"start":150,"type":"ease","value":450,"angle":22.5,"var":"p.x","ease":"outSine","time":284,"duration":1},{"start":450,"type":"ease","value":300,"angle":22.5,"var":"p.x","ease":"outSine","time":287,"duration":1},{"paddle":1,"type":"paddles","time":287,"angle":45,"newWidth":70,"duration":1,"ease":"outSine"},{"start":1,"type":"ease","value":1.5,"angle":157.5,"var":"vfx.canvPos.sx","ease":"outCirc","time":291,"duration":0.5},{"start":1,"type":"ease","value":1.5,"angle":135,"var":"vfx.canvPos.sy","ease":"outCirc","time":291,"duration":0.5},{"type":"forcePlayerSprite","angle":112.5,"time":291,"spriteName":"eyeClose.png"},{"g":0,"b":0,"type":"setColor","angle":90,"color":0,"time":291,"r":0},{"g":255,"b":255,"type":"setColor","angle":67.5,"color":1,"time":291,"r":255},{"angle":0,"time":295,"type":"showResults"},{"type":"tag","angleOffset":false,"angle":0,"time":39,"tag":"wobble"},{"type":"tag","angleOffset":false,"angle":157.5,"time":186,"tag":"wobble"},{"type":"tag","angleOffset":false,"angle":135,"time":186.75,"tag":"wobble"},{"type":"tag","angleOffset":false,"angle":292.5,"time":271,"tag":"wobble"},{"start":1,"duration":0.5,"value":1.0999999046326,"angle":315,"var":"vfx.canvPos.sx","ease":"outSine","time":116,"type":"ease"},{"start":1,"type":"ease","value":1.0999999046326,"angle":337.5,"var":"vfx.canvPos.sy","ease":"outSine","time":116,"duration":0.5},{"start":1.1000000238419,"type":"ease","value":1.2000000476837,"angle":315,"var":"vfx.canvPos.sx","ease":"outSine","time":117,"duration":0.5},{"start":1.1000000238419,"duration":0.5,"value":1.2000000476837,"angle":292.5,"var":"vfx.canvPos.sy","ease":"outSine","time":117,"type":"ease"},{"start":1.2000000476837,"type":"ease","value":1.2999999523163,"angle":315,"var":"vfx.canvPos.sx","ease":"outSine","time":118,"duration":0.5},{"start":1.2000000476837,"duration":0.5,"value":1.2999999523163,"angle":337.5,"var":"vfx.canvPos.sy","ease":"outSine","time":118,"type":"ease"},{"start":1.2999999523163,"type":"ease","value":1.3999999761581,"angle":315,"var":"vfx.canvPos.sx","ease":"outSine","time":119,"duration":0.5},{"start":1.2999999523163,"duration":0.5,"value":1.3999999761581,"angle":337.5,"var":"vfx.canvPos.sy","ease":"outSine","time":119,"type":"ease"},{"start":1.3999999761581,"type":"ease","value":1.2999999523163,"angle":315,"var":"vfx.canvPos.sx","ease":"outSine","time":120,"duration":0.5},{"start":1.3999999761581,"type":"ease","value":1.2999999523163,"angle":337.5,"var":"vfx.canvPos.sy","ease":"outSine","time":120,"duration":0.5},{"start":1.2999999523163,"type":"ease","value":1.2000000476837,"angle":315,"var":"vfx.canvPos.sx","ease":"outSine","time":120.5,"duration":0.5},{"start":1.2999999523163,"type":"ease","value":1.2000000476837,"angle":337.5,"var":"vfx.canvPos.sy","ease":"outSine","time":120.5,"duration":0.5},{"start":1.2000000476837,"type":"ease","value":1.1000000238419,"angle":315,"var":"vfx.canvPos.sx","ease":"outSine","time":121,"duration":0.5},{"start":1.2000000476837,"type":"ease","value":1.1000000238419,"angle":337.5,"var":"vfx.canvPos.sy","ease":"outSine","time":121,"duration":0.5},{"start":1.1000000238419,"type":"ease","value":1,"angle":315,"var":"vfx.canvPos.sx","ease":"outSine","time":121.5,"duration":0.5},{"start":1.1000000238419,"type":"ease","value":1,"angle":337.5,"var":"vfx.canvPos.sy","ease":"outSine","time":121.5,"duration":0.5}],"properties":{"speed":70,"startBeat":0,"formatversion":12,"offset":8}}