[{"type":"block","angle":0,"time":2},{"angle":90,"tap":true,"type":"block","time":3},{"type":"block","angle":0,"time":4},{"angle":90,"tap":true,"type":"block","time":5},{"type":"block","angle":0,"time":6},{"angle":90,"tap":true,"type":"block","time":7},{"type":"block","angle":360,"time":8},{"angle2":337.5,"duration":1,"angle":371.25,"type":"hold","time":8},{"angle2":0,"duration":1,"angle":-22.5,"type":"hold","time":9},{"type":"block","angle":22.5,"time":11},{"angle":33.75,"tap":true,"type":"block","time":11.5},{"type":"block","angle":56.25,"time":13},{"angle":78.75,"tap":true,"type":"block","time":13.5},{"type":"inverse","angle":33.75,"time":15},{"type":"inverse","angle":45,"time":15.5},{"type":"block","angle":78.75,"time":16},{"type":"inverse","angle":101.25,"time":16.5},{"type":"inverse","angle":123.75,"time":17},{"type":"inverse","angle":146.25,"time":17.5},{"type":"inverse","angle":112.5,"time":18},{"type":"inverse","angle":90,"time":18.5},{"angle":90,"duration":1.5,"type":"hold","angle2":90,"endTap":true,"time":19.5},{"angle2":180,"duration":1,"angle":90,"type":"hold","time":22},{"type":"block","angle":135,"time":24},{"type":"block","angle":225,"time":24.5},{"type":"block","angle":135,"time":25},{"type":"block","angle":225,"time":25.5},{"type":"block","angle":135,"time":26},{"angle2":180,"duration":2,"angle":180,"type":"hold","time":24},{"angle2":135,"duration":0.5,"angle":225,"type":"hold","time":27},{"angle":90,"segments":5,"type":"hold","angle2":810,"duration":0,"time":29},{"angle":135,"segments":5,"type":"hold","angle2":855,"duration":0,"time":29.5},{"angle":135,"segments":2,"duration":0.5,"type":"hold","angle2":202.5,"endTap":true,"time":31},{"type":"block","angle":157.5,"time":32.25},{"type":"block","angle":202.5,"time":32.75},{"type":"block","angle":157.5,"time":33.75},{"type":"block","angle":180,"time":33.25},{"type":"block","angle":180,"time":34.25},{"type":"block","angle":202.5,"time":34.75},{"angle":213.75,"tap":true,"type":"block","time":35.25},{"angle2":270,"duration":1.5,"angle":202.5,"type":"hold","time":35.25},{"angle2":236.25,"duration":1,"angle":258.75,"type":"hold","time":38},{"angle2":360,"duration":1,"angle":270,"type":"hold","time":40},{"angle":-90,"type":"hold","duration":2,"angle2":90,"order":-1,"time":40},{"type":"block","angle":101.25,"time":42.75},{"type":"block","angle":123.75,"time":43.25},{"type":"block","angle":146.25,"time":44.75},{"type":"block","angle":168.75,"time":45.25},{"type":"block","angle":191.25,"time":46.75},{"type":"block","angle":213.75,"time":47.25},{"type":"block","angle":180,"time":47.5},{"type":"block","angle":135,"time":48},{"type":"block","angle":157.5,"time":48.5},{"type":"block","angle":202.5,"time":49},{"type":"block","angle":135,"time":49.5},{"type":"block","angle":157.5,"time":51.25},{"type":"block","angle":180,"time":50.75},{"type":"block","angle":247.5,"time":54},{"type":"block","angle":303.75,"time":55},{"type":"block","angle":180,"time":56},{"angle2":191.25,"duration":2,"angle":168.75,"type":"hold","time":56},{"angle2":168.75,"duration":2,"angle":191.25,"type":"hold","time":56},{"type":"block","angle":213.75,"time":58.75},{"type":"block","angle":180,"time":58},{"angle2":135,"duration":1.5,"angle":191.25,"type":"hold","time":59.25},{"angle2":146.25,"duration":0.5,"angle":135,"type":"hold","time":60.75},{"angle2":22.5,"duration":1.5,"angle":146.25,"type":"hold","time":61.25},{"angle2":56.25,"duration":0.5,"angle":22.5,"type":"hold","time":62.75},{"type":"block","angle":78.75,"time":63.75},{"type":"block","angle":78.75,"time":64.25},{"type":"block","angle":67.5,"time":64.75},{"type":"block","angle":67.5,"time":65.25},{"type":"block","angle":45,"time":65.75},{"type":"extraTap","angle":45,"time":65.75},{"type":"inverse","angle":45,"time":65.75},{"angle2":0,"duration":0.25,"angle":90,"type":"hold","time":67},{"type":"block","angle":360,"time":68.75},{"angle":0,"tap":true,"type":"block","time":69.75},{"type":"block","angle":90,"time":70.75},{"type":"block","angle":180,"time":71.75},{"type":"block","angle":202.5,"time":72.25},{"type":"block","angle":225,"time":72.75},{"type":"block","angle":247.5,"time":73.25},{"type":"extraTap","angle":281.25,"time":73.75},{"type":"block","angle":270,"time":73.75},{"type":"block","angle":270,"time":74.75},{"angle":247.5,"tap":true,"type":"block","time":75.25},{"type":"block","angle":225,"time":76.75},{"angle":213.75,"tap":true,"type":"block","time":77.25},{"type":"block","angle":202.5,"time":78.75},{"type":"block","angle":191.25,"time":79},{"type":"block","angle":168.75,"time":79.5},{"type":"block","angle":146.25,"time":80},{"type":"block","angle":123.75,"time":80.5},{"type":"block","angle":135,"time":81},{"type":"block","angle":157.5,"time":81.5},{"type":"block","angle":168.75,"time":82},{"type":"block","angle":168.75,"time":82.5},{"angle2":191.25,"duration":1.5,"angle":168.75,"type":"hold","time":83},{"angle2":168.75,"duration":1.5,"angle":191.25,"type":"hold","time":83},{"angle2":213.75,"duration":1,"angle":168.75,"type":"hold","time":84.5},{"angle2":225,"duration":1,"angle":191.25,"type":"hold","time":84.5},{"angle2":157.5,"duration":1,"angle":213.75,"type":"hold","time":85.5},{"angle2":168.75,"duration":1,"angle":225,"type":"hold","time":85.5},{"angle2":213.75,"duration":1,"angle":168.75,"type":"hold","time":86.5},{"angle2":225,"duration":1,"angle":157.5,"type":"hold","time":86.5},{"type":"block","angle":225,"time":88},{"type":"block","angle":236.25,"time":88.5},{"type":"block","angle":247.5,"time":89},{"angle":225,"tap":true,"type":"block","time":89.5},{"type":"block","angle":213.75,"time":90.5},{"angle":202.5,"tap":true,"type":"block","time":91},{"type":"block","angle":191.25,"time":92.5},{"angle":180,"tap":true,"type":"block","time":93},{"type":"block","angle":146.25,"time":94.5},{"angle":123.75,"tap":true,"type":"block","time":95},{"type":"block","angle":90,"time":96},{"type":"block","angle":67.5,"time":96.5},{"type":"block","angle":45,"time":97},{"type":"block","angle":33.75,"time":97.5},{"type":"block","angle":22.5,"time":98},{"type":"block","angle":0,"time":98.5},{"angle":33.75,"tap":true,"type":"block","time":100.5},{"angle2":45,"duration":2,"angle":11.25,"type":"hold","time":98.5},{"angle2":11.25,"duration":1,"angle":33.75,"type":"hold","time":101.5},{"angle2":45,"duration":1,"angle":11.25,"type":"hold","time":102.5},{"angle2":0,"duration":1,"angle":45,"type":"hold","time":103.5},{"type":"block","angle":22.5,"time":104},{"type":"block","angle":348.75,"time":106.5},{"angle":11.25,"tap":true,"type":"block","time":107},{"type":"block","angle":348.75,"time":108.5},{"angle":33.75,"tap":true,"type":"block","time":109},{"type":"block","angle":348.75,"time":110.5},{"type":"block","angle":11.25,"time":111},{"type":"block","angle":90,"time":112},{"type":"block","angle":101.25,"time":112.5},{"type":"block","angle":78.75,"time":113},{"type":"block","angle":56.25,"time":111.5},{"angle":56.25,"tap":true,"type":"block","time":113.5},{"type":"inverse","angle":33.75,"time":113.5},{"angle":33.75,"tap":true,"type":"block","time":115},{"type":"block","angle":56.25,"time":114.5},{"angle":180,"tap":true,"type":"block","time":1},{"angle2":45,"duration":1.5,"angle":22.5,"type":"hold","time":115},{"angle":45,"angle2":0,"type":"hold","startTap":true,"duration":1,"time":116.5},{"angle2":45,"duration":1,"angle":0,"type":"hold","time":117.5},{"angle2":-22.5,"duration":1,"angle":45,"type":"hold","time":118.5},{"angle2":22.5,"duration":1,"angle":337.5,"type":"hold","time":119.5},{"type":"block","angle":180,"time":120},{"type":"block","angle":33.75,"time":120.5},{"angle2":78.75,"duration":1,"angle":22.5,"type":"hold","time":120.5},{"angle2":11.25,"duration":1,"angle":78.75,"type":"hold","time":121.5},{"angle2":45,"duration":0.5,"angle":11.25,"type":"hold","time":122.5},{"type":"extraTap","angle":0,"time":123},{"angle2":236.25,"duration":1.5,"angle":45,"type":"hold","time":123},{"angle2":213.75,"duration":0.5,"angle":236.25,"type":"hold","time":124.5},{"angle2":236.25,"duration":1.5,"angle":213.75,"type":"hold","time":125},{"type":"inverse","angle":247.5,"time":124.5},{"type":"inverse","angle":225,"time":124.5},{"type":"inverse","angle":225,"time":125},{"type":"inverse","angle":202.5,"time":125},{"type":"inverse","angle":56.25,"time":123},{"type":"inverse","angle":33.75,"time":123},{"type":"block","angle":236.25,"time":126.5},{"type":"block","angle":213.75,"time":127},{"type":"block","angle":180,"time":128.5},{"type":"block","angle":202.5,"time":129},{"type":"block","angle":168.75,"time":128},{"type":"block","angle":180,"time":127.5},{"type":"block","angle":180,"time":129.5},{"type":"block","angle":157.5,"time":130},{"type":"block","angle":180,"time":130.5},{"angle2":180,"duration":1.5,"angle":180,"type":"hold","time":131},{"type":"block","angle":213.75,"time":133.5},{"type":"block","angle":180,"time":134.5},{"type":"block","angle":123.75,"time":135.5},{"type":"block","angle":135,"time":136},{"type":"block","angle":146.25,"time":136.5},{"type":"block","angle":157.5,"time":137},{"type":"block","angle":168.75,"time":137.5},{"angle2":168.75,"duration":2,"angle":123.75,"type":"hold","time":135.5},{"angle2":213.75,"duration":0.5,"angle":180,"type":"hold","time":138.5},{"type":"block","angle":202.5,"time":140.5},{"type":"block","angle":180,"time":141},{"type":"block","angle":168.75,"time":143},{"type":"block","angle":146.25,"time":142.5},{"type":"block","angle":191.25,"time":144},{"type":"block","angle":202.5,"time":144.5},{"type":"block","angle":213.75,"time":145},{"type":"block","angle":225,"time":145.5},{"type":"block","angle":247.5,"time":146},{"type":"block","angle":258.75,"time":146.5},{"type":"block","angle":258.75,"time":147},{"angle2":270,"duration":1.5,"angle":247.5,"type":"hold","time":147},{"angle2":247.5,"duration":1.5,"angle":270,"type":"hold","time":147},{"type":"block","angle":281.25,"time":149.5},{"type":"block","angle":303.75,"time":150.5},{"type":"block","angle":326.25,"time":151.5},{"type":"mine","angle":326.25,"time":8},{"type":"mine","angle":45,"time":8},{"angle2":56.25,"duration":1.5,"angle":0,"type":"hold","time":99},{"angle2":33.75,"duration":1.5,"angle":33.75,"type":"hold","time":99},{"angle2":315,"duration":2,"angle":337.5,"type":"hold","time":151.5},{"angle2":337.5,"duration":2,"angle":315,"type":"hold","time":151.5},{"angle":326.25,"tap":true,"type":"block","time":152.25},{"type":"inverse","angle":326.25,"time":154.5},{"angle":360,"tap":true,"type":"block","time":155},{"angle":0,"tap":true,"type":"block","time":157},{"type":"block","angle":326.25,"time":156.5},{"type":"block","angle":33.75,"time":158.25},{"angle":11.25,"tap":true,"type":"block","time":158.75},{"type":"block","angle":56.25,"time":159.25},{"type":"block","angle":78.75,"time":159.75},{"type":"block","angle":56.25,"time":160.25},{"type":"block","angle":22.5,"time":160.75},{"type":"block","angle":0,"time":161.25},{"type":"block","angle":337.5,"time":161.75},{"type":"block","angle":11.25,"time":162.25},{"type":"block","angle":11.25,"time":162.75},{"angle2":22.5,"duration":1.5,"angle":0,"type":"hold","time":162.75},{"angle2":0,"duration":1.5,"angle":22.5,"type":"hold","time":162.75},{"type":"block","angle":11.25,"time":164.25},{"type":"block","angle":360,"time":165.5},{"type":"block","angle":33.75,"time":166.5},{"type":"block","angle":337.5,"time":167.25},{"type":"block","angle":0,"time":167.75},{"type":"block","angle":22.5,"time":168.25},{"type":"block","angle":360,"time":168.75},{"type":"block","angle":337.5,"time":169.25},{"type":"block","angle":0,"time":170.25},{"angle":22.5,"tap":true,"type":"block","time":170.75},{"type":"block","angle":45,"time":172.25},{"angle":67.5,"tap":true,"type":"block","time":172.75},{"type":"block","angle":101.25,"time":174.25},{"angle":123.75,"tap":true,"type":"block","time":174.75},{"type":"block","angle":157.5,"time":175.25},{"type":"block","angle":180,"time":175.75},{"type":"block","angle":191.25,"time":176.25},{"type":"block","angle":213.75,"time":176.75},{"type":"block","angle":236.25,"time":177.25},{"angle2":258.75,"duration":0.5,"angle":236.25,"type":"hold","time":178.25},{"angle2":270,"duration":0.5,"angle":225,"type":"hold","time":178.25},{"angle2":270,"duration":1.5,"angle":258.75,"type":"hold","time":178.75},{"angle2":258.75,"duration":1.5,"angle":270,"type":"hold","time":178.75},{"type":"block","angle":247.5,"time":181.25},{"type":"block","angle":225,"time":182.25},{"type":"block","angle":202.5,"time":183.25},{"angle2":191.25,"duration":2,"angle":213.75,"type":"hold","time":183.25},{"angle2":213.75,"duration":2,"angle":191.25,"type":"hold","time":183.25},{"angle2":258.75,"duration":1,"angle":191.25,"type":"hold","time":185.25},{"angle2":247.5,"duration":1,"angle":213.75,"type":"hold","time":185.25},{"angle":270,"tap":true,"type":"block","time":186.75},{"type":"block","angle":315,"time":188.25},{"angle":292.5,"tap":true,"type":"block","time":188.75},{"type":"block","angle":326.25,"time":190.25},{"angle":292.5,"tap":true,"type":"block","time":190.75},{"type":"block","angle":315,"time":191.25},{"type":"block","angle":326.25,"time":191.75},{"type":"block","angle":337.5,"time":192.25},{"type":"block","angle":348.75,"time":192.75},{"type":"block","angle":0,"time":193.25},{"angle2":11.25,"duration":1,"angle":-11.25,"type":"hold","time":193.25},{"angle2":348.75,"duration":1,"angle":371.25,"type":"hold","time":193.25},{"angle2":348.75,"duration":1.5,"angle":371.25,"type":"hold","time":194.75},{"angle2":11.25,"duration":1.5,"angle":-11.25,"type":"hold","time":194.75},{"type":"block","angle":360,"time":197.25},{"type":"inverse","angle":33.75,"time":198.25},{"type":"block","angle":56.25,"time":199.25},{"angle2":45,"duration":2,"angle":67.5,"type":"hold","time":199.25},{"angle2":67.5,"duration":2,"angle":45,"type":"hold","time":199.25},{"type":"block","angle":67.5,"time":202.25},{"type":"block","angle":123.75,"time":202.75},{"type":"block","angle":112.5,"time":204.25},{"type":"block","angle":191.25,"time":204.75},{"type":"block","angle":202.5,"time":206.25},{"type":"block","angle":315,"time":206.75},{"type":"block","angle":348.75,"time":207.5},{"type":"block","angle":33.75,"time":208},{"type":"block","angle":22.5,"time":208.5},{"type":"block","angle":11.25,"time":209},{"angle2":0,"duration":1.5,"angle":22.5,"type":"hold","time":209},{"angle2":22.5,"duration":1.5,"angle":0,"type":"hold","time":209},{"type":"block","angle":11.25,"time":209.75},{"angle":11.25,"tap":true,"type":"block","time":210.5},{"type":"block","angle":11.25,"time":212.25},{"type":"block","angle":33.75,"time":213.25},{"type":"block","angle":101.25,"time":214.25},{"angle":135,"duration":1,"type":"hold","angle2":0,"endTap":true,"time":215.25},{"type":"block","angle":33.75,"time":217.25},{"type":"block","angle":101.25,"time":218.25},{"type":"block","angle":0,"time":218.75},{"angle2":348.75,"duration":1.5,"angle":371.25,"type":"hold","time":218.75},{"angle2":11.25,"duration":1.5,"angle":-11.25,"type":"hold","time":218.75},{"angle":33.75,"tap":true,"type":"block","time":220.75},{"type":"block","angle":360,"time":220.25},{"type":"block","angle":67.5,"time":222},{"angle":56.25,"tap":true,"type":"block","time":222.5},{"type":"block","angle":33.75,"time":223},{"type":"block","angle":56.25,"time":223.5},{"type":"block","angle":67.5,"time":224},{"type":"block","angle":78.75,"time":224.5},{"angle2":56.25,"duration":1.5,"angle":56.25,"type":"hold","time":225},{"angle2":22.5,"duration":1.5,"angle":56.25,"type":"hold","time":226.5},{"type":"block","angle":45,"time":229.25},{"type":"block","angle":56.25,"time":230.25},{"type":"block","angle":67.5,"time":231.5},{"type":"block","angle":78.75,"time":232},{"type":"block","angle":56.25,"time":232.5},{"angle2":45,"duration":1,"angle":45,"type":"hold","time":233},{"type":"block","angle":33.75,"time":234},{"type":"block","angle":56.25,"time":234},{"angle":78.75,"tap":true,"type":"block","time":234.5},{"type":"block","angle":45,"time":231},{"type":"block","angle":56.25,"time":236},{"angle":45,"tap":true,"type":"block","time":236.5},{"type":"block","angle":56.25,"time":238},{"angle":78.75,"tap":true,"type":"block","time":238.5},{"type":"block","angle":56.25,"time":239},{"type":"block","angle":78.75,"time":239.5},{"type":"block","angle":112.5,"time":240},{"type":"block","angle":135,"time":240.5},{"type":"block","angle":157.5,"time":241},{"type":"inverse","angle":180,"time":242},{"type":"inverse","angle":202.5,"time":242.5},{"angle2":213.75,"duration":1.5,"angle":191.25,"type":"hold","time":242.5},{"angle2":191.25,"duration":1.5,"angle":213.75,"type":"hold","time":242.5},{"type":"block","angle":202.5,"time":245},{"type":"block","angle":168.75,"time":246},{"type":"block","angle":270,"time":247},{"type":"block","angle":247.5,"time":247.5},{"type":"block","angle":292.5,"time":248},{"type":"block","angle":315,"time":248.5},{"type":"block","angle":0,"time":249},{"type":"block","angle":22.5,"time":250},{"angle":45,"tap":true,"type":"block","time":250.5},{"type":"block","angle":348.75,"time":252},{"angle":11.25,"tap":true,"type":"block","time":252.5},{"type":"block","angle":303.75,"time":254},{"angle":326.25,"tap":true,"type":"block","time":254.5},{"type":"block","angle":11.25,"time":255},{"type":"block","angle":45,"time":255.5},{"type":"block","angle":22.5,"time":256},{"angle":360,"tap":true,"type":"block","time":256.5},{"type":"block","angle":33.75,"time":257},{"type":"block","angle":45,"time":258},{"angle":67.5,"tap":true,"type":"block","time":258.5},{"angle2":67.5,"duration":1.5,"angle":56.25,"type":"hold","time":258.5},{"angle2":67.5,"duration":1.5,"angle":78.75,"type":"hold","time":258.5},{"type":"block","angle":56.25,"time":261},{"type":"block","angle":33.75,"time":263},{"type":"block","angle":101.25,"time":263.5},{"type":"block","angle":11.25,"time":264},{"type":"block","angle":67.5,"time":264.5},{"type":"block","angle":348.75,"time":265},{"type":"block","angle":11.25,"time":265.75},{"angle":33.75,"tap":true,"type":"block","time":266.25},{"type":"block","angle":45,"time":267.75},{"angle":22.5,"tap":true,"type":"block","time":268.25},{"type":"block","angle":45,"time":269.75},{"angle":56.25,"tap":true,"type":"block","time":270.25},{"type":"block","angle":45,"time":270.75},{"type":"block","angle":67.5,"time":271.25},{"type":"block","angle":112.5,"time":271.75},{"type":"block","angle":33.75,"time":272.25},{"type":"block","angle":337.5,"time":272.75},{"type":"block","angle":22.5,"time":273.75},{"angle":56.25,"tap":true,"type":"block","time":274.25},{"angle2":45,"duration":1.5,"angle":56.25,"type":"hold","time":274.25},{"angle2":67.5,"duration":1.5,"angle":56.25,"type":"hold","time":274.25},{"type":"block","angle":67.5,"time":276.75},{"type":"block","angle":11.25,"time":277.75},{"type":"block","angle":101.25,"time":278.75},{"type":"block","angle":123.75,"time":279.25},{"type":"block","angle":146.25,"time":279.75},{"type":"block","angle":168.75,"time":280.75},{"type":"block","angle":146.25,"time":282},{"angle":168.75,"tap":true,"type":"block","time":282.5},{"type":"block","angle":270,"time":283.75},{"angle":180,"tap":true,"type":"block","time":284.25},{"type":"block","angle":90,"time":285.75},{"angle":180,"tap":true,"type":"block","time":286.25},{"type":"block","angle":202.5,"time":286.75},{"type":"block","angle":225,"time":287.25},{"type":"block","angle":247.5,"time":287.75},{"type":"block","angle":258.75,"time":288.25},{"type":"block","angle":281.25,"time":288.75},{"type":"block","angle":281.25,"time":289.75},{"angle":258.75,"tap":true,"type":"block","time":290.25},{"angle2":146.25,"duration":1.5,"angle":247.5,"type":"hold","time":290.25},{"angle2":157.5,"duration":1.5,"angle":270,"type":"hold","time":290.25},{"type":"block","angle":112.5,"time":292.75},{"type":"block","angle":78.75,"time":293.75},{"type":"block","angle":180,"time":294.75},{"type":"block","angle":180,"time":295.25},{"type":"block","angle":202.5,"time":295.75},{"type":"block","angle":236.25,"time":296.25},{"type":"side","angle":270,"time":296.75},{"angle2":11.25,"duration":3,"angle":348.75,"type":"hold","time":298.5},{"angle2":22.5,"duration":3,"angle":337.5,"type":"hold","time":298.5},{"angle2":22.5,"duration":3,"angle":326.25,"type":"hold","time":298.5},{"type":"block","angle":360,"time":301.75},{"type":"block","angle":337.5,"time":302.25},{"angle2":11.25,"duration":3,"angle":686.25,"type":"hold","time":302.75},{"type":"side","angle":157.5,"time":280.25},{"type":"side","angle":101.25,"time":262}]