{"properties":{"formatversion":13,"loadBeat":-1,"speed":70,"offset":8},"metadata":{"artist":"Lucideds","charter":"astrob4t","description":"cruelity squad\n-------------------------------\n\nAstro: This is my testing thing idk why I\ngave it a name\n\nPurpz: i did the vfx :3 and also uh. watch GRAVITY FALLS.","difficulty":5,"artistLink":"","bg":true,"songName":"pyrocynical outro","bgData":{"redChannel":{"r":115,"b":122,"g":31},"blueChannel":{"r":158,"b":131,"g":32},"greenChannel":{"r":182,"b":131,"g":63},"image":"","magentaChannel":{"r":255,"b":255,"g":255},"cyanChannel":{"r":255,"b":255,"g":255},"yellowChannel":{"r":107,"b":207,"g":155}}},"events":[{"angle":0,"offset":0.20000000298023,"volume":1,"type":"play","bpm":93,"file":"pyrocynical outro.ogg","time":1},{"b":54,"g":2,"angle":303.75,"type":"setColor","color":0,"r":20,"time":-1},{"id":"crankyout.png","x":0,"y":0,"sprite":"customBodyout.png","angle":135,"parentid":"@player","rotationinfluence":-0.25,"oy":42,"ox":42,"type":"deco","time":-1},{"parentid":"@player","x":0,"y":0,"sprite":"customBody.png","angle":45,"type":"deco","rotationinfluence":1,"oy":42,"time":-1,"id":"Crank that cranky boy","ox":42},{"ease":"linear","angle":360,"type":"paddles","duration":0.5,"paddle":1,"newWidth":50,"time":7.5},{"ease":"linear","angle":0,"type":"paddles","duration":0.75,"paddle":1,"newWidth":70,"time":8.25},{"value":15,"var":"scrollSpeed","duration":5,"ease":"linear","angle":337.5,"start":1,"type":"ease","time":302.75},{"type":"showResults","angle":0,"time":306},{"id":"Crank that cranky boy","angle":348.75,"type":"deco","hide":true,"time":302.75},{"parentid":"tv","x":-164,"y":59,"sprite":"Location.png","sx":0.60000002384186,"sy":0.60000002384186,"angle":191.25,"time":0,"id":"Locate","recolor":6,"drawOrder":101,"type":"deco","ox":25},{"b":255,"g":0,"angle":281.25,"type":"setColor","color":1,"r":140,"time":-1},{"id":"Locate","x":140,"ease":"linear","type":"deco","duration":305.5,"angle":168.75,"time":0.5},{"id":"3","x":64,"y":0.75,"type":"deco","sx":0.125,"sy":0.17499999701977,"angle":315,"sprite":"3.png","time":296.75},{"id":"2","x":64,"y":0.75,"type":"deco","sx":0.125,"sy":0.15000000596046,"angle":135,"sprite":"2.png","time":280.25},{"id":"1","x":64,"y":0.75,"type":"deco","sx":0.125,"sy":0.15000000596046,"angle":78.75,"sprite":"1.png","time":262},{"id":"0","angle":56.25,"type":"deco","hide":true,"time":262},{"b":122,"g":31,"angle":292.5,"type":"setColor","color":2,"r":115,"time":-1},{"b":131,"g":32,"angle":315,"type":"setColor","color":3,"r":158,"time":-1},{"b":131,"g":63,"angle":337.5,"type":"setColor","color":4,"r":182,"time":-1},{"b":207,"g":155,"angle":247.5,"type":"setColor","color":5,"r":107,"time":-1},{"b":255,"g":255,"angle":225,"type":"setColor","color":6,"r":255,"time":-1},{"id":"tv","x":300,"y":180,"sprite":"pyrotv.png","angle":22.5,"oy":159.5,"ox":264.5,"drawOrder":100,"type":"deco","time":-1},{"angle":157.5,"enable":true,"type":"hom","time":0.5},{"angle":135,"type":"noise","color":0,"chance":0.70999962091446,"time":0.5},{"value":5,"angle":112.5,"var":"vfx.pixelate","type":"ease","time":-1},{"ease":"outSine","angle":90,"var":"vfx.pixelate","duration":1.99899995327,"value":1,"type":"ease","time":-0.9990000128746},{"id":"x","sprite":"border.png","angle":67.5,"time":-1,"type":"deco","drawOrder":99,"oy":180,"ox":300},{"value":55,"angle":157.5,"var":"vfx.comboY","type":"ease","time":-1},{"value":-155,"angle":180,"var":"vfx.comboX","type":"ease","time":-1},{"value":0.80000001192093,"var":"vfx.hwaves.strength","duration":1.5,"ease":"outSine","angle":202.5,"start":0,"type":"ease","time":-1},{"value":-100,"angle":337.5,"var":"vfx.accuracyX","type":"ease","time":-0.66666668653488},{"value":60,"angle":0,"var":"vfx.accuracyY","type":"ease","time":-0.66666668653488},{"ease":"outSine","angle":270,"var":"p.y","duration":1.3333333730698,"value":150,"type":"ease","time":18.333333969116},{"ease":"outSine","angle":180,"var":"p.y","duration":2.3333332538605,"value":170,"type":"ease","time":60.666667938232},{"value":190,"angle":292.5,"var":"p.y","duration":3.3333332538605,"type":"ease","time":147},{"ease":"inOutQuad","angle":135,"var":"p.y","duration":3,"value":170,"type":"ease","time":172.66667175293}]}