{"events":[{"angle":90,"type":"play","file":"pandora_palace.ogg","bpm":100,"time":0,"volume":2.0000002384186},{"angle":270,"type":"showResults","time":160.5},{"angle":0,"type":"setColor","r":206,"b":255,"time":-2,"g":231,"color":0},{"type":"bookmark","r":255,"b":0,"g":0,"name":"intro","description":"","time":-0,"angle":0},{"type":"bookmark","r":255,"b":0,"g":0,"name":"theme 1","description":"","time":2,"angle":360},{"type":"bookmark","r":255,"b":0,"g":0,"name":"kalm","description":"","time":34,"angle":360},{"time":2,"type":"paddles","newWidth":80,"duration":0.25,"angle":270,"paddle":1,"ease":"linear"},{"type":"bookmark","r":255,"b":0,"g":0,"name":"WEEEEE","description":"","time":66,"angle":0},{"type":"bookmark","r":255,"b":0,"g":0,"name":"boring","description":"","time":98,"angle":0},{"time":14,"type":"paddles","newWidth":70,"duration":1,"angle":281.25,"paddle":1,"ease":"linear"},{"time":18,"type":"paddles","newWidth":80,"duration":0.25,"angle":281.25,"paddle":1,"ease":"linear"},{"time":14,"type":"ease","duration":1,"value":0,"angle":270,"var":"vfx.angleTwist.offset"},{"time":1,"type":"paddles","newWidth":70,"duration":0.25,"angle":270,"paddle":1,"ease":"linear"},{"duration":1,"type":"ease","time":1,"value":1.5,"angle":247.5,"var":"scrollSpeed","ease":"outSine"},{"time":1,"type":"ease","duration":1,"value":-90,"angle":258.75,"var":"vfx.angleTwist.offset"},{"angle":270,"type":"ease","duration":1,"value":90,"time":18,"var":"vfx.angleTwist.offset"},{"time":30,"type":"paddles","newWidth":70,"duration":1,"angle":292.5,"paddle":1,"ease":"linear"},{"time":30,"type":"ease","duration":1,"value":0,"angle":281.25,"var":"vfx.angleTwist.offset"},{"time":32,"type":"ease","duration":2,"value":1.2000000476837,"angle":90,"var":"scrollSpeed"},{"angle":180,"type":"ease","time":34,"value":-90,"duration":1.75,"var":"vfx.angleTwist.offset"},{"type":"ease","duration":1,"ease":"outExpo","start":2.5,"value":2,"angle":180,"var":"scrollSpeed","time":66},{"duration":1,"type":"ease","angle":191.25,"value":180,"time":66,"var":"vfx.angleTwist.offset"},{"duration":0.5,"type":"ease","time":80.5,"value":1.5,"angle":180,"var":"scrollSpeed","ease":"outSine"},{"type":"ease","duration":1,"ease":"outExpo","start":2.5,"value":2,"angle":-157.5,"var":"scrollSpeed","time":82},{"duration":1,"type":"ease","angle":-168.75,"value":-180,"time":82,"var":"vfx.angleTwist.offset"},{"duration":2.5,"type":"ease","angle":168.75,"value":0,"time":80.5,"var":"vfx.angleTwist.offset"},{"duration":0.5,"type":"ease","time":96.5,"value":1.5,"angle":-22.5,"var":"scrollSpeed","ease":"outSine"},{"time":96.5,"type":"ease","angle":-11.25,"value":20,"duration":2.5,"var":"vfx.angleTwist.offset","ease":"outSine"},{"time":66,"type":"paddles","newWidth":90,"duration":0.5,"angle":258.75,"paddle":1,"ease":"outBack"},{"time":82,"type":"paddles","newWidth":90,"duration":0.5,"angle":258.75,"paddle":1,"ease":"outBack"},{"time":78,"type":"paddles","newWidth":70,"duration":0.5,"angle":247.5,"paddle":1,"ease":"outBack"},{"time":94,"type":"paddles","newWidth":70,"duration":0.5,"angle":247.5,"paddle":1,"ease":"outBack"},{"time":114,"type":"paddles","newWidth":60,"duration":1,"angle":22.5,"paddle":1,"ease":"linear"},{"sprite":"mansion.png","type":"deco","time":1,"ox":195,"oy":122,"sx":1.6000000238419,"sy":1.6000000238419,"drawLayer":"bg","id":"0","angle":225},{"angle":11.25,"type":"setColor","r":0,"b":0,"time":-2,"g":0,"color":1},{"g":74,"type":"setColor","r":206,"b":132,"angle":22.5,"time":-2,"color":2},{"angle":33.75,"type":"setColor","r":53,"b":68,"g":55,"time":-2,"color":3},{"angle":45,"type":"setColor","r":230,"b":124,"g":240,"time":-2,"color":5},{"angle":67.5,"type":"setColor","r":108,"b":207,"time":-2,"g":198,"color":7},{"angle":56.25,"type":"setColor","r":41,"b":147,"g":115,"time":-2,"color":6},{"enable":true,"angle":0,"time":-2.5,"type":"outline","color":0},{"type":"ease","duration":0.5,"ease":"inBack","start":1.1000000238419,"value":1.0499999523163,"angle":180,"var":"vfx.canvPos.sx","time":-0},{"type":"ease","duration":0.5,"ease":"inBack","start":1.1000000238419,"value":1.0499999523163,"angle":168.75,"var":"vfx.canvPos.sy","time":0},{"type":"ease","duration":0.5,"ease":"inBack","start":1.1499999761581,"value":1.0999999046326,"angle":180,"var":"vfx.canvPos.sx","time":0.5},{"type":"ease","duration":0.5,"ease":"inBack","start":1.1499999761581,"value":1.0999999046326,"angle":168.75,"var":"vfx.canvPos.sy","time":0.5},{"type":"ease","duration":0.25,"angle":180,"ease":"outSine","start":0.94999998807907,"value":1,"repeats":2,"time":1,"var":"vfx.canvPos.sx","repeatDelay":0.125},{"type":"ease","duration":0.25,"angle":168.75,"ease":"outSine","start":0.94999998807907,"value":1,"repeats":2,"time":1,"var":"vfx.canvPos.sy","repeatDelay":0.125},{"type":"ease","duration":0.25,"angle":180,"ease":"outSine","start":0.94999998807907,"value":1,"repeats":2,"time":1.5,"var":"vfx.canvPos.sx","repeatDelay":0.25},{"type":"ease","duration":0.25,"angle":168.75,"ease":"outSine","start":0.94999998807907,"value":1,"repeats":2,"time":1.5,"var":"vfx.canvPos.sy","repeatDelay":0.25},{"type":"ease","time":1,"value":1,"duration":1,"var":"vfx.pixelate","angle":146.25,"start":2},{"type":"ease","duration":0.5,"angle":0,"ease":"outCirc","start":5,"value":0,"repeats":11,"time":2.5,"var":"vfx.hwaves.strength","repeatDelay":1},{"angle":337.5,"type":"ease","value":4,"time":-2.5,"var":"vfx.hwaves.period"},{"type":"ease","duration":0.5,"angle":0,"ease":"outCirc","start":5,"value":0,"repeats":11,"time":18.5,"var":"vfx.hwaves.strength","repeatDelay":1},{"tag":"bg pulse","time":2.5,"angle":180,"type":"tag","angleOffset":false},{"tag":"bg pulse","time":3.5,"angle":0,"type":"tag","angleOffset":false},{"tag":"bg pulse","time":4.5,"angle":0,"type":"tag","angleOffset":false},{"tag":"bg pulse","time":5.5,"angle":0,"type":"tag","angleOffset":false},{"tag":"bg pulse","time":6.5,"angle":0,"type":"tag","angleOffset":false},{"tag":"bg pulse","time":7.5,"angle":0,"type":"tag","angleOffset":false},{"tag":"bg pulse","time":8.5,"angle":0,"type":"tag","angleOffset":false},{"tag":"bg pulse","time":9.5,"angle":0,"type":"tag","angleOffset":false},{"tag":"bg pulse","time":10.5,"angle":0,"type":"tag","angleOffset":false},{"tag":"bg pulse","time":11.5,"angle":360,"type":"tag","angleOffset":false},{"tag":"bg pulse","time":12.5,"angle":0,"type":"tag","angleOffset":false},{"tag":"bg pulse","time":13.5,"angle":0,"type":"tag","angleOffset":false},{"tag":"bg pulse","time":18.5,"angle":11.25,"type":"tag","angleOffset":false},{"tag":"bg pulse","time":19.5,"angle":0,"type":"tag","angleOffset":false},{"tag":"bg pulse","time":20.5,"angle":0,"type":"tag","angleOffset":false},{"tag":"bg pulse","time":21.5,"angle":0,"type":"tag","angleOffset":false},{"tag":"bg pulse","time":22.5,"angle":0,"type":"tag","angleOffset":false},{"tag":"bg pulse","time":23.5,"angle":0,"type":"tag","angleOffset":false},{"tag":"bg pulse","time":24.5,"angle":0,"type":"tag","angleOffset":false},{"tag":"bg pulse","time":25.5,"angle":0,"type":"tag","angleOffset":false},{"tag":"bg pulse","time":26.5,"angle":0,"type":"tag","angleOffset":false},{"tag":"bg pulse","time":27.5,"angle":0,"type":"tag","angleOffset":false},{"tag":"bg pulse","time":28.5,"angle":0,"type":"tag","angleOffset":false},{"tag":"bg pulse","time":29.5,"angle":0,"type":"tag","angleOffset":false},{"type":"ease","duration":0.5,"angle":0,"ease":"outCirc","start":2,"value":0,"repeats":3,"time":14.5,"var":"vfx.hwaves.strength","repeatDelay":1},{"type":"tag","time":14,"angle":360,"tag":"bg pulse","angleOffset":false},{"tag":"bg pulse","time":14.75,"angle":360,"type":"tag","angleOffset":false},{"sx":1.8000001907349,"type":"deco","duration":2,"sy":1.8000001907349,"angle":90,"time":16,"id":"0"},{"type":"ease","duration":0.5,"angle":0,"ease":"outCirc","start":2,"value":0,"repeats":1,"repeatDelay":1,"var":"vfx.hwaves.strength","time":30.5},{"type":"tag","time":30.75,"angle":0,"tag":"bg pulse","angleOffset":false},{"type":"ease","duration":0.5,"angle":0,"ease":"outCirc","start":2,"value":0,"repeats":29,"time":34.5,"var":"vfx.hwaves.strength","repeatDelay":1},{"type":"deco","duration":2,"ease":"outCirc","sx":1.6000001430511,"sy":1.6000001430511,"time":18,"id":"0","angle":247.5},{"sprite":"laugh.png","type":"deco","id":"0","time":32,"angle":180},{"sprite":"mansion.png","type":"deco","id":"0","time":32.25,"angle":180},{"sprite":"laugh.png","type":"deco","angle":180,"time":32.5,"id":"0"},{"sprite":"mansion.png","type":"deco","id":"0","angle":180,"time":32.75},{"sprite":"laugh.png","type":"deco","angle":180,"time":33,"id":"0"},{"sprite":"mansion.png","type":"deco","id":"0","angle":180,"time":33.25},{"sprite":"laugh.png","type":"deco","angle":180,"time":33.5,"id":"0"},{"sprite":"mansion.png","type":"deco","id":"0","angle":180,"time":33.75},{"angle":135,"type":"ease","duration":2,"value":1.0499999523163,"time":34,"var":"vfx.canvPos.sx","ease":"outSine"},{"duration":2,"type":"ease","time":34,"value":1.0499999523163,"angle":112.5,"var":"vfx.canvPos.sy","ease":"outSine"},{"time":36,"type":"ease","angle":202.5,"value":0.94999998807907,"duration":0.5,"var":"vfx.canvPos.sx","ease":"outExpo"},{"time":36,"type":"ease","angle":180,"value":0.94999998807907,"duration":0.5,"var":"vfx.canvPos.sy","ease":"outExpo"},{"duration":2,"type":"ease","time":38,"value":1.0499999523163,"angle":67.5,"var":"vfx.canvPos.sx","ease":"outSine"},{"time":38,"type":"ease","angle":90,"value":1.0499999523163,"duration":2,"var":"vfx.canvPos.sy","ease":"outSine"},{"duration":0.5,"type":"ease","time":40,"value":1.0999999046326,"angle":292.5,"var":"vfx.canvPos.sx","ease":"outSine"},{"time":40,"type":"ease","angle":270,"value":1.1000000238419,"duration":0.5,"var":"vfx.canvPos.sy","ease":"outSine"},{"duration":4,"type":"ease","time":42,"value":1,"angle":202.5,"var":"vfx.canvPos.sx","ease":"outSine"},{"duration":4,"type":"ease","time":42,"value":1,"angle":180,"var":"vfx.canvPos.sy","ease":"outSine"},{"angle":360,"type":"ease","duration":2,"value":1.0499999523163,"time":50,"var":"vfx.canvPos.sx","ease":"outSine"},{"time":50,"type":"ease","angle":-337.5,"value":1.0499999523163,"duration":2,"var":"vfx.canvPos.sy","ease":"outSine"},{"duration":0.5,"type":"ease","time":52,"value":0.94999998807907,"angle":202.5,"var":"vfx.canvPos.sx","ease":"outExpo"},{"duration":0.5,"type":"ease","time":52,"value":0.94999998807907,"angle":180,"var":"vfx.canvPos.sy","ease":"outExpo"},{"angle":67.5,"type":"ease","duration":2,"value":1.0499999523163,"time":54,"var":"vfx.canvPos.sx","ease":"outSine"},{"duration":2,"type":"ease","time":54,"value":1.0499999523163,"angle":90,"var":"vfx.canvPos.sy","ease":"outSine"},{"angle":292.5,"type":"ease","duration":0.5,"value":1.0999999046326,"time":56,"var":"vfx.canvPos.sx","ease":"outSine"},{"duration":0.5,"type":"ease","time":56,"value":1.1000000238419,"angle":270,"var":"vfx.canvPos.sy","ease":"outSine"},{"angle":202.5,"type":"ease","duration":4,"value":1,"time":58,"var":"vfx.canvPos.sx","ease":"outSine"},{"angle":180,"type":"ease","duration":4,"value":1,"time":58,"var":"vfx.canvPos.sy","ease":"outSine"},{"duration":4,"type":"ease","angle":90,"value":0.75,"time":62,"var":"scrollSpeed","ease":"inSine"},{"angle":135,"type":"ease","duration":4,"value":1.2999999523163,"time":62,"var":"vfx.canvPos.sx","ease":"inSine"},{"angle":146.25,"type":"ease","duration":4,"value":1.2999999523163,"time":62,"var":"vfx.canvPos.sy","ease":"inSine"},{"type":"ease","duration":2,"ease":"outSine","start":1.5,"value":1,"time":66,"var":"vfx.canvPos.sx","angle":225},{"type":"ease","duration":1,"ease":"outSine","start":0.89999997615814,"value":1,"angle":213.75,"var":"vfx.canvPos.sy","time":66},{"type":"deco","r":-10,"duration":4,"ease":"inSine","sx":1.8999999761581,"sy":1.8999999761581,"time":62,"angle":112.5,"id":"0"},{"type":"deco","r":20,"duration":16,"ease":"outSine","sx":2.0999999046326,"sy":2.0999999046326,"id":"0","time":66,"angle":-67.5},{"type":"deco","r":180,"time":82,"sx":1.8999999761581,"order":-1,"sy":1.8999999761581,"angle":146.25,"id":"0"},{"type":"deco","r":159,"duration":1.5,"sx":2.9999995231628,"sy":2.9999995231628,"time":80.5,"id":"0","angle":146.25},{"type":"ease","duration":2,"ease":"outSine","start":1.5,"value":1,"time":82,"var":"vfx.canvPos.sx","angle":236.25},{"type":"ease","duration":1,"ease":"outSine","start":0.89999997615814,"value":1,"angle":225,"var":"vfx.canvPos.sy","time":82},{"type":"deco","r":150,"duration":16,"ease":"outSine","sx":2.1999998092651,"sy":2.1999998092651,"id":"0","time":82,"angle":157.5},{"type":"deco","r":-30,"duration":1.5,"sx":3,"sy":3,"id":"0","time":96.5,"angle":326.25},{"sprite":"mansion2.png","type":"deco","r":0,"duration":1.5,"ease":"outCirc","sx":1.6000000238419,"sy":1.6000000238419,"id":"0","angle":382.5,"time":98},{"type":"ease","duration":0.5,"angle":22.5,"ease":"outCirc","start":5,"value":0,"repeats":95,"repeatDelay":1,"var":"vfx.hwaves.strength","time":67.5},{"tag":"stremtch","time":67.5,"angle":45,"type":"tag","angleOffset":false},{"tag":"stremtch","time":68,"angle":-56.25,"type":"tag","angleOffset":false},{"tag":"stremtch","time":69.5,"angle":-112.5,"type":"tag","angleOffset":false},{"tag":"stremtch","time":70,"angle":90,"type":"tag","angleOffset":false},{"tag":"stremtch","time":71,"angle":-11.25,"type":"tag","angleOffset":false},{"tag":"stremtch","time":71.5,"angle":225,"type":"tag","angleOffset":false},{"tag":"stremtch","time":72,"angle":337.5,"type":"tag","angleOffset":false},{"tag":"stremtch","time":74,"angle":270,"type":"tag","angleOffset":false},{"tag":"stremtch","time":75,"angle":326.25,"type":"tag","angleOffset":false},{"tag":"stremtch","time":75.5,"angle":202.5,"type":"tag","angleOffset":false},{"tag":"stremtch","time":76,"angle":337.5,"type":"tag","angleOffset":false},{"tag":"stremtch","time":77,"angle":112.5,"type":"tag","angleOffset":false},{"tag":"stremtch","time":78,"angle":326.25,"type":"tag","angleOffset":false},{"tag":"stremtch","time":83.5,"angle":33.75,"type":"tag","angleOffset":false},{"tag":"stremtch","time":84,"angle":135,"type":"tag","angleOffset":false},{"tag":"stremtch","time":85.5,"angle":191.25,"type":"tag","angleOffset":false},{"tag":"stremtch","time":86,"angle":337.5,"type":"tag","angleOffset":false},{"tag":"stremtch","time":87,"angle":78.75,"type":"tag","angleOffset":false},{"tag":"stremtch","time":87.5,"angle":191.25,"type":"tag","angleOffset":false},{"tag":"stremtch","time":88,"angle":-258.75,"type":"tag","angleOffset":false},{"tag":"stremtch","time":90,"angle":146.25,"type":"tag","angleOffset":false},{"tag":"stremtch","time":91,"angle":101.25,"type":"tag","angleOffset":false},{"tag":"stremtch","time":91.5,"angle":-123.75,"type":"tag","angleOffset":false},{"tag":"stremtch","time":92,"angle":90,"type":"tag","angleOffset":false},{"tag":"stremtch","time":93,"angle":315,"type":"tag","angleOffset":false},{"tag":"stremtch","time":94,"angle":-247.5,"type":"tag","angleOffset":false},{"type":"ease","duration":0.5,"ease":"outSine","start":1.2000000476837,"value":1.0499999523163,"time":94,"var":"vfx.canvPos.sx","angle":-67.5},{"type":"ease","duration":0.5,"ease":"outSine","start":1.2000000476837,"value":1.0499999523163,"angle":-78.75,"var":"vfx.canvPos.sy","time":94},{"type":"ease","duration":0.5,"ease":"outSine","start":1.25,"value":1.1000000238419,"time":94.5,"var":"vfx.canvPos.sx","angle":-67.5},{"type":"ease","duration":0.5,"ease":"outSine","start":1.25,"value":1.0999999046326,"angle":-78.75,"var":"vfx.canvPos.sy","time":94.5},{"type":"ease","duration":0.5,"ease":"outSine","start":1.2999999523163,"value":1.1499999761581,"time":95,"var":"vfx.canvPos.sx","angle":-67.5},{"type":"ease","duration":0.5,"ease":"outSine","start":1.2999999523163,"value":1.1499998569489,"angle":-78.75,"var":"vfx.canvPos.sy","time":95},{"type":"ease","duration":0.5,"ease":"outSine","start":1.3499999046326,"value":1.1999999284744,"time":95.5,"var":"vfx.canvPos.sx","angle":-67.5},{"type":"ease","duration":0.5,"ease":"outSine","start":1.2999999523163,"value":1.1999998092651,"angle":-78.75,"var":"vfx.canvPos.sy","time":95.5},{"duration":0.5,"type":"ease","angle":-67.5,"value":1,"time":95.75,"var":"vfx.canvPos.sx","ease":"outSine"},{"duration":0.5,"type":"ease","time":95.75,"value":1,"angle":-78.75,"var":"vfx.canvPos.sy","ease":"outSine"},{"type":"ease","duration":0.5,"ease":"outSine","start":1.2000000476837,"value":1.0499999523163,"time":78,"var":"vfx.canvPos.sx","angle":157.5},{"type":"ease","duration":0.5,"ease":"outSine","start":1.2000000476837,"value":1.0499999523163,"angle":168.75,"var":"vfx.canvPos.sy","time":78},{"type":"ease","duration":0.5,"ease":"outSine","start":1.25,"value":1.1000000238419,"time":78.5,"var":"vfx.canvPos.sx","angle":157.5},{"type":"ease","duration":0.5,"ease":"outSine","start":1.25,"value":1.0999999046326,"angle":168.75,"var":"vfx.canvPos.sy","time":78.5},{"type":"ease","duration":0.5,"ease":"outSine","start":1.2999999523163,"value":1.1499999761581,"time":79,"var":"vfx.canvPos.sx","angle":157.5},{"type":"ease","duration":0.5,"ease":"outSine","start":1.2999999523163,"value":1.1499998569489,"angle":168.75,"var":"vfx.canvPos.sy","time":79},{"type":"ease","duration":0.5,"ease":"outSine","start":1.3499999046326,"value":1.1999999284744,"time":79.5,"var":"vfx.canvPos.sx","angle":157.5},{"type":"ease","duration":0.5,"ease":"outSine","start":1.2999999523163,"value":1.1999998092651,"angle":168.75,"var":"vfx.canvPos.sy","time":79.5},{"time":79.75,"type":"ease","duration":0.5,"value":1,"angle":157.5,"var":"vfx.canvPos.sx","ease":"outSine"},{"angle":168.75,"type":"ease","duration":0.5,"value":1,"time":79.75,"var":"vfx.canvPos.sy","ease":"outSine"},{"duration":1.5,"type":"ease","time":80.5,"value":0.89999997615814,"angle":112.5,"var":"vfx.canvPos.sx"},{"time":80.5,"type":"ease","angle":123.75,"value":0.89999997615814,"duration":1.5,"var":"vfx.canvPos.sy"},{"duration":1.5,"type":"ease","angle":-67.5,"value":0.89999997615814,"time":96.5,"var":"vfx.canvPos.sx"},{"angle":-56.25,"type":"ease","time":96.5,"value":0.89999997615814,"duration":1.5,"var":"vfx.canvPos.sy"},{"time":98,"type":"ease","duration":1.5,"value":1,"angle":45,"var":"vfx.canvPos.sx","ease":"outCirc"},{"duration":1.5,"type":"ease","angle":56.25,"value":1,"time":98,"var":"vfx.canvPos.sy","ease":"outCirc"},{"type":"deco","duration":32,"ease":"outSine","sx":2,"sy":2,"time":114,"angle":337.5,"id":"0"},{"type":"deco","duration":16,"ease":"outSine","sx":1.6000000238419,"sy":1.6000000238419,"id":"0","angle":360,"time":146},{"time":146,"type":"ease","duration":16,"value":0.90000009536743,"angle":326.25,"var":"vfx.canvPos.sx","ease":"outSine"},{"duration":16,"type":"ease","angle":337.5,"value":0.89999997615814,"time":146,"var":"vfx.canvPos.sy","ease":"outSine"},{"type":"tag","time":114,"angle":45,"tag":"flash","angleOffset":false},{"type":"tag","time":116.5,"angle":0,"tag":"flash","angleOffset":false},{"type":"tag","time":117,"angle":0,"tag":"flash","angleOffset":false},{"type":"tag","time":117.5,"angle":0,"tag":"flash","angleOffset":false},{"type":"tag","time":118,"angle":0,"tag":"flash","angleOffset":false},{"type":"tag","time":118.75,"angle":0,"tag":"flash","angleOffset":false},{"type":"tag","time":119.5,"angle":0,"tag":"flash","angleOffset":false},{"type":"tag","time":121,"angle":0,"tag":"flash","angleOffset":false},{"type":"tag","time":122,"angle":-180,"tag":"flash","angleOffset":false},{"type":"tag","time":124.5,"angle":0,"tag":"flash","angleOffset":false},{"type":"tag","time":125,"angle":0,"tag":"flash","angleOffset":false},{"type":"tag","time":125.5,"angle":-90,"tag":"flash","angleOffset":false},{"type":"tag","time":126,"angle":-90,"tag":"flash","angleOffset":false},{"type":"tag","time":128,"angle":-90,"tag":"flash","angleOffset":false},{"type":"tag","time":130,"angle":90,"tag":"flash","angleOffset":false},{"type":"tag","time":132.5,"angle":90,"tag":"flash","angleOffset":false},{"type":"tag","time":133,"angle":90,"tag":"flash","angleOffset":false},{"type":"tag","time":133.5,"angle":90,"tag":"flash","angleOffset":false},{"type":"tag","time":134,"angle":90,"tag":"flash","angleOffset":false},{"type":"tag","time":134.75,"angle":180,"tag":"flash","angleOffset":false},{"type":"tag","time":135.5,"angle":180,"tag":"flash","angleOffset":false},{"type":"tag","time":137,"angle":-270,"tag":"flash","angleOffset":false},{"type":"tag","time":138,"angle":-270,"tag":"flash","angleOffset":false},{"type":"tag","time":140.5,"angle":-270,"tag":"flash","angleOffset":false},{"type":"tag","time":141,"angle":-270,"tag":"flash","angleOffset":false},{"type":"tag","time":141.5,"angle":-270,"tag":"flash","angleOffset":false},{"type":"tag","time":142,"angle":-180,"tag":"flash","angleOffset":false},{"tag":"flash","time":142.75,"angle":-90,"type":"tag","angleOffset":false},{"tag":"flash","angle":-270,"time":143.5,"type":"tag","angleOffset":false},{"tag":"flash","angle":-180,"time":144.5,"type":"tag","angleOffset":false},{"tag":"flash","angle":-225,"time":145,"type":"tag","angleOffset":false},{"tag":"flash","angle":-270,"time":145.5,"type":"tag","angleOffset":false},{"tag":"flash","angle":-270,"time":146,"type":"tag","angleOffset":false},{"tag":"flash","angle":-270,"time":148.5,"type":"tag","angleOffset":false},{"tag":"flash","angle":-270,"time":149,"type":"tag","angleOffset":false},{"tag":"flash","angle":-270,"time":150,"type":"tag","angleOffset":false},{"tag":"flash","angle":-270,"time":150.75,"type":"tag","angleOffset":false},{"tag":"flash","angle":-270,"time":151.5,"type":"tag","angleOffset":false},{"tag":"flash","angle":-270,"time":153,"type":"tag","angleOffset":false},{"tag":"flash","angle":-360,"time":154,"type":"tag","angleOffset":false},{"tag":"flash","angle":-270,"time":156.5,"type":"tag","angleOffset":false},{"tag":"flash","angle":-270,"time":157,"type":"tag","angleOffset":false},{"tag":"flash","angle":-270,"time":158,"type":"tag","angleOffset":false},{"tag":"flash","angle":-270,"time":160,"type":"tag","angleOffset":false}],"properties":{"formatversion":12,"speed":90,"loadBeat":-2,"startBeat":0,"offset":6},"metadata":{"songName":"Pandora Palace","description":"respect the pottery","difficulty":7,"artist":"Toby Fox","charter":"pois","bg":false,"artistLink":""}}