[{"type":"mine","time":4,"angle":315},{"type":"mine","time":5,"angle":225},{"type":"mine","time":6,"angle":135},{"angle":45,"time":7,"type":"mine"},{"angle":315,"time":8,"type":"block"},{"angle":225,"time":9,"type":"block"},{"type":"block","time":10,"angle":135},{"angle":45,"time":11,"type":"block"},{"angle":180,"time":12,"type":"mine"},{"type":"mine","time":13,"angle":270},{"type":"mine","time":14,"angle":0},{"angle":90,"time":15,"type":"mine"},{"angle":180,"time":16,"type":"block"},{"angle":270,"time":17,"type":"block"},{"angle":360,"time":18,"type":"block"},{"type":"block","time":19,"angle":90},{"angle":315,"time":13.5,"type":"mine"},{"type":"block","time":17.5,"angle":315},{"angle":270,"time":20,"type":"mine"},{"angle":180,"time":21,"type":"mine"},{"angle":360,"time":22,"type":"mine"},{"angle":90,"time":23,"type":"mine"},{"angle":270,"time":24,"type":"block"},{"angle":180,"time":25,"type":"block"},{"angle":360,"time":26,"type":"block"},{"type":"block","time":27,"angle":450},{"angle":225,"time":20.5,"type":"mine"},{"type":"mine","time":22.5,"angle":45},{"type":"block","time":24.5,"angle":225},{"angle":405,"time":26.5,"type":"block"},{"angle":315,"time":28,"type":"mine"},{"angle":292.5,"time":28.25,"type":"mine"},{"angle":202.5,"time":29,"type":"mine"},{"angle":180,"time":28.75,"type":"mine"},{"type":"mine","time":29.5,"angle":112.5},{"type":"mine","time":37.333332061768,"angle":202.5},{"angle":247.5,"time":37.666667938232,"type":"mine"},{"angle":360,"time":36.5,"type":"mine"},{"angle":270,"time":37,"type":"mine"},{"type":"mine","time":39,"angle":22.5},{"type":"mine","time":39.333332061768,"angle":135},{"angle":45,"time":39.666667938232,"type":"mine"},{"type":"mine","time":38.5,"angle":292.5},{"angle":337.5,"time":38.75,"type":"mine"},{"angle":270,"time":41,"type":"block"},{"type":"block","time":41.333332061768,"angle":202.5},{"type":"block","time":41.666667938232,"angle":247.5},{"type":"block","time":43.333332061768,"angle":135},{"type":"block","time":43.666667938232,"angle":45},{"type":"block","time":43,"angle":22.5},{"angle":337.5,"time":42.75,"type":"block"},{"angle":292.5,"time":42.5,"type":"block"},{"angle":225,"time":44.5,"type":"mine"},{"type":"mine","time":45.5,"angle":405},{"angle":450,"time":45.75,"type":"mine"},{"type":"mine","time":46,"angle":495},{"type":"block","time":48.5,"angle":225},{"angle":405,"time":49.5,"type":"block"},{"angle":450,"time":49.75,"type":"block"},{"angle":495,"time":50,"type":"block"},{"type":"mine","time":46.400001525879,"angle":247.5},{"angle":180,"time":46.799999237061,"type":"mine"},{"angle":270,"time":47.200000762939,"type":"mine"},{"angle":202.5,"time":47.599998474121,"type":"mine"},{"type":"block","time":50.400001525879,"angle":247.5},{"type":"block","time":50.799999237061,"angle":180},{"angle":270,"time":51.200000762939,"type":"block"},{"angle":202.5,"time":51.599998474121,"type":"block"},{"angle":247.5,"time":52,"type":"mine"},{"type":"mine","time":52.444442749023,"angle":405},{"type":"mine","time":52.888889312744,"angle":315},{"type":"mine","time":53.333332061768,"angle":427.5},{"angle":495,"time":53.777770996094,"type":"mine"},{"angle":225,"time":54.222221374512,"type":"mine"},{"type":"mine","time":54.666664123535,"angle":315},{"angle":157.5,"time":55.111110687256,"type":"mine"},{"type":"mine","time":55.555553436279,"angle":427.5},{"angle":247.5,"time":56,"type":"block"},{"angle":405,"time":56.444438934326,"type":"block"},{"angle":315,"time":56.88888168335,"type":"block"},{"type":"block","time":57.33332824707,"angle":67.5},{"type":"block","time":57.777698516846,"angle":135},{"angle":225,"time":58.222221374512,"type":"block"},{"angle":315,"time":58.666660308838,"type":"block"},{"angle":157.5,"time":59.111110687256,"type":"block"},{"type":"block","time":59.555549621582,"angle":67.5},{"angle":157.5,"time":62.333332061768,"type":"mine"},{"angle":292.5,"time":63,"type":"mine"},{"type":"mine","time":63.666667938232,"angle":90},{"type":"mine","time":60.400001525879,"angle":135},{"angle":360,"time":61.200000762939,"type":"mine"},{"type":"block","time":64.400001525879,"angle":135},{"angle":360,"time":65.199996948242,"type":"block"},{"angle":157.5,"time":66.333335876465,"type":"block"},{"type":"block","time":67,"angle":292.5},{"type":"block","time":67.666664123535,"angle":450},{"angle":270,"time":68,"type":"mine"},{"angle":180,"time":68.25,"type":"mine"},{"angle":225,"time":68.5,"type":"mine"},{"type":"mine","time":68.75,"angle":135},{"angle":157.5,"time":69,"type":"mine"},{"type":"mine","time":69.25,"angle":112.5},{"type":"mine","time":69.5,"angle":135},{"angle":90,"time":69.75,"type":"mine"},{"type":"mine","time":69.875,"angle":67.5},{"type":"mine","time":70,"angle":45},{"angle":90,"time":70.25,"type":"mine"},{"angle":67.5,"time":70.5,"type":"mine"},{"angle":112.5,"time":70.75,"type":"mine"},{"angle":90,"time":71,"type":"mine"},{"angle":135,"time":71.25,"type":"mine"},{"angle":112.5,"time":71.5,"type":"mine"},{"angle":90,"time":71.625,"type":"mine"},{"angle":67.5,"time":71.75,"type":"mine"},{"type":"mine","time":71.875,"angle":45},{"type":"mine","time":79.875,"angle":472.5},{"tap":true,"angle":472.5,"time":83.875,"type":"block"},{"angle":22.5,"time":30,"type":"mine"},{"angle":45,"time":30.25,"type":"mine"},{"angle":112.5,"time":31,"type":"mine"},{"angle":135,"time":30.75,"type":"mine"},{"angle":0,"time":31.5,"type":"mine"},{"angle":315,"time":32,"type":"block"},{"type":"block","time":32.25,"angle":292.5},{"angle":202.5,"time":33,"type":"block"},{"type":"block","time":32.75,"angle":180},{"angle":112.5,"time":33.5,"type":"block"},{"angle":22.5,"time":34,"type":"block"},{"type":"block","time":34.25,"angle":45},{"angle":135,"time":34.75,"type":"block"},{"angle":112.5,"time":35,"type":"block"},{"angle":0,"time":35.5,"type":"block"},{"angle":360,"time":40.5,"type":"block"},{"type":"mine","time":72,"angle":270},{"type":"mine","time":72.25,"angle":180},{"angle":225,"time":72.5,"type":"mine"},{"angle":135,"time":72.75,"type":"mine"},{"type":"mine","time":73,"angle":157.5},{"type":"mine","time":73.25,"angle":112.5},{"type":"mine","time":73.5,"angle":135},{"angle":90,"time":73.75,"type":"mine"},{"type":"mine","time":73.875,"angle":67.5},{"type":"mine","time":74,"angle":45},{"angle":90,"time":74.25,"type":"mine"},{"angle":67.5,"time":74.5,"type":"mine"},{"angle":112.5,"time":74.75,"type":"mine"},{"angle":90,"time":75,"type":"mine"},{"angle":135,"time":75.25,"type":"mine"},{"angle":112.5,"time":75.5,"type":"mine"},{"angle":90,"time":75.625,"type":"mine"},{"angle":67.5,"time":75.75,"type":"mine"},{"type":"mine","time":75.875,"angle":45},{"angle":270,"time":72,"type":"block"},{"angle":225,"time":72.5,"type":"block"},{"type":"block","time":72.25,"angle":180},{"type":"block","time":73,"angle":157.5}]