[{"angle":225,"time":1.5,"type":"block"},{"angle":247.5,"time":1.5,"type":"block"},{"angle":270,"time":2,"type":"block"},{"angle":258.75,"time":2,"type":"block"},{"angle":247.5,"time":2,"type":"block"},{"angle":236.25,"time":2,"type":"block"},{"angle":281.25,"time":2.5,"type":"block"},{"angle":258.75,"time":2.5,"type":"block"},{"angle":270,"time":2.5,"type":"block"},{"angle":247.5,"time":2.5,"type":"block"},{"angle":247.5,"time":1.3333333730698,"type":"inverse"},{"angle":225,"time":1.3333333730698,"type":"inverse"},{"angle":270,"time":1.6666666269302,"type":"inverse"},{"angle":258.75,"time":1.6666666269302,"type":"inverse"},{"angle":247.5,"time":1.6666666269302,"type":"inverse"},{"angle":236.25,"time":1.6666666269302,"type":"inverse"},{"angle":281.25,"time":2.3333332538605,"type":"inverse"},{"angle":270,"time":2.3333332538605,"type":"inverse"},{"angle":258.75,"time":2.3333332538605,"type":"inverse"},{"angle":247.5,"time":2.3333332538605,"type":"inverse"},{"type":"hold","angle":281.25,"angle2":247.5,"time":2.3333332538605,"duration":1},{"type":"hold","angle":247.5,"angle2":247.5,"time":3.3333332538605,"duration":1},{"angle":213.75,"time":2,"type":"extraTap"},{"angle":213.75,"time":3.3333332538605,"type":"extraTap"},{"angle":225,"time":4.6666665077209,"type":"extraTap"},{"angle":180,"time":6,"type":"extraTap"},{"angle":180,"time":6.3333334922791,"type":"extraTap"},{"angle":180,"time":6.6666665077209,"type":"extraTap"},{"angle":180,"time":7,"type":"extraTap"},{"angle":180,"time":7.3333334922791,"type":"extraTap"},{"angle":180,"time":7.6666665077209,"type":"extraTap"},{"angle":180,"time":8,"type":"extraTap"},{"angle":180,"time":8.3333330154419,"type":"extraTap"},{"angle":180,"time":8.6666669845581,"type":"extraTap"},{"angle":180,"time":9,"type":"extraTap"},{"angle":180,"time":9.3333330154419,"type":"extraTap"},{"angle":180,"time":9.6666669845581,"type":"extraTap"},{"angle":180,"time":10,"type":"extraTap"},{"angle":180,"time":16,"type":"extraTap"},{"angle":180,"time":15.333333015442,"type":"extraTap"},{"angle":180,"time":14.666666984558,"type":"extraTap"},{"angle":180,"time":14,"type":"extraTap"},{"angle":180,"time":13.333333015442,"type":"extraTap"},{"angle":180,"time":12.666666984558,"type":"extraTap"},{"angle":180,"time":12,"type":"extraTap"},{"angle":180,"time":11.333333015442,"type":"extraTap"},{"angle":180,"time":10.666666984558,"type":"extraTap"},{"type":"hold","angle":247.5,"angle2":180,"time":17,"duration":1},{"type":"hold","angle":168.75,"angle2":180,"time":19.333333969116,"duration":1},{"angle":191.25,"time":18.666666030884,"type":"extraTap"},{"angle":191.25,"time":21.333333969116,"type":"mine"},{"angle":180,"time":21.333333969116,"type":"mine"},{"angle":168.75,"time":21.333333969116,"type":"mine"},{"angle":157.5,"time":21.333333969116,"type":"mine"},{"angle":146.25,"time":21.333333969116,"type":"mine"},{"angle":135,"time":21.333333969116,"type":"mine"},{"angle":123.75,"time":21.333333969116,"type":"mine"},{"angle":112.5,"time":21.333333969116,"type":"mine"},{"angle":101.25,"time":21.333333969116,"type":"mine"},{"angle":202.5,"time":21.333333969116,"type":"mine"},{"angle":213.75,"time":21.333333969116,"type":"mine"},{"angle":225,"time":21.333333969116,"type":"mine"},{"angle":236.25,"time":21.333333969116,"type":"mine"},{"angle":247.5,"time":21.333333969116,"type":"mine"},{"angle":258.75,"time":21.333333969116,"type":"mine"},{"angle":90,"time":21.333333969116,"type":"mine"},{"angle":78.75,"time":21.333333969116,"type":"mine"},{"angle":67.5,"time":21.333333969116,"type":"mine"},{"angle":56.25,"time":21.333333969116,"type":"mine"},{"angle":45,"time":21.333333969116,"type":"mine"},{"angle":33.75,"time":21.333333969116,"type":"mine"},{"angle":22.5,"time":21.333333969116,"type":"mine"},{"angle":157.5,"time":20.666666030884,"type":"mine"},{"angle":135,"time":20.666666030884,"type":"mine"},{"angle":146.25,"time":20.666666030884,"type":"mine"},{"angle":123.75,"time":20.666666030884,"type":"mine"},{"angle":112.5,"time":20.666666030884,"type":"mine"},{"angle":101.25,"time":20.666666030884,"type":"mine"},{"angle":90,"time":20.666666030884,"type":"mine"},{"angle":78.75,"time":20.666666030884,"type":"mine"},{"angle":67.5,"time":20.666666030884,"type":"mine"},{"angle":45,"time":20.666666030884,"type":"mine"},{"angle":56.25,"time":20.666666030884,"type":"mine"},{"angle":33.75,"time":20.666666030884,"type":"mine"},{"angle":22.5,"time":20.666666030884,"type":"mine"},{"angle":11.25,"time":20.666666030884,"type":"mine"},{"angle":0,"time":20.666666030884,"type":"mine"},{"angle":348.75,"time":20.666666030884,"type":"mine"},{"angle":337.5,"time":20.666666030884,"type":"mine"},{"angle":326.25,"time":20.666666030884,"type":"mine"},{"angle":303.75,"time":20.666666030884,"type":"mine"},{"angle":315,"time":20.666666030884,"type":"mine"},{"angle":292.5,"time":20.666666030884,"type":"mine"},{"angle":281.25,"time":20.666666030884,"type":"mine"},{"angle":247.5,"time":20.666666030884,"type":"inverse"},{"angle":236.25,"time":20.666666030884,"type":"inverse"},{"angle":225,"time":20.666666030884,"type":"inverse"},{"angle":213.75,"time":20.666666030884,"type":"inverse"},{"angle":202.5,"time":20.666666030884,"type":"inverse"},{"angle":191.25,"time":20.666666030884,"type":"inverse"},{"angle":292.5,"time":21.333333969116,"type":"inverse"},{"angle":303.75,"time":21.333333969116,"type":"inverse"},{"angle":315,"time":21.333333969116,"type":"inverse"},{"angle":326.25,"time":21.333333969116,"type":"inverse"},{"angle":337.5,"time":21.333333969116,"type":"inverse"},{"angle":348.75,"time":21.333333969116,"type":"inverse"},{"angle":278.18182373047,"time":20.666666030884,"type":"extraTap"},{"angle":289.09091186523,"time":21.333333969116,"type":"extraTap"},{"angle":292.5,"time":22,"type":"block"},{"angle":303.75,"time":22,"type":"block"},{"angle":45,"time":22.333333969116,"type":"block"},{"angle":56.25,"time":22.333333969116,"type":"block"},{"angle":123.75,"time":22.666666030884,"type":"block"},{"angle":135,"time":22.666666030884,"type":"block"},{"angle":168.75,"time":23,"type":"block"},{"angle":180,"time":23,"type":"block"},{"angle":213.75,"time":23.666666030884,"type":"block"},{"angle":225,"time":23.666666030884,"type":"block"},{"angle":258.75,"time":24.333333969116,"type":"block"},{"angle":270,"time":24.333333969116,"type":"block"},{"angle":292.5,"time":25.333333969116,"type":"block"},{"angle":303.75,"time":25.333333969116,"type":"block"},{"angle":292.5,"time":25,"type":"inverse"},{"angle":303.75,"time":25,"type":"inverse"},{"angle":292.5,"time":27.333333969116,"type":"inverse"},{"angle":281.25,"time":27.333333969116,"type":"inverse"},{"angle":292.5,"time":27.666666030884,"type":"inverse"},{"angle":281.25,"time":27.666666030884,"type":"inverse"},{"angle":292.5,"time":28,"type":"inverse"},{"angle":281.25,"time":28.666666030884,"type":"inverse"},{"angle":292.5,"time":28.666666030884,"type":"inverse"},{"angle":281.25,"time":31,"type":"inverse"},{"angle":292.5,"time":31,"type":"inverse"},{"angle":281.25,"time":31.333333969116,"type":"inverse"},{"angle":292.5,"time":31.333333969116,"type":"inverse"},{"angle":281.25,"time":31.666666030884,"type":"inverse"},{"angle":292.5,"time":31.666666030884,"type":"inverse"},{"angle":270,"time":32.333332061768,"type":"extraTap"},{"angle":270,"time":33.333332061768,"type":"extraTap"},{"angle":258.75,"time":32.333332061768,"type":"block"},{"angle":281.25,"time":32.333332061768,"type":"block"},{"angle":258.75,"time":33.333332061768,"type":"block"},{"angle":281.25,"time":33.333332061768,"type":"block"},{"angle":202.5,"time":33.666667938232,"type":"block"},{"angle":180,"time":33.666667938232,"type":"block"},{"angle":191.25,"time":33.666667938232,"type":"block"},{"angle":123.75,"time":34,"type":"block"},{"angle":112.5,"time":34,"type":"block"},{"angle":101.25,"time":34,"type":"block"},{"angle":112.5,"time":35.333332061768,"type":"block"},{"angle":90,"time":35.333332061768,"type":"block"},{"angle":101.25,"time":35.333332061768,"type":"block"},{"angle":326.25,"time":36,"type":"mine"},{"angle":360,"time":36,"type":"mine"},{"angle":33.75,"time":36,"type":"mine"},{"angle2":652.5,"speedMult":2,"duration":1,"angle":191.25,"time":38.666667938232,"type":"hold"},{"startTap":true,"endTap":true,"time":40,"duration":1,"type":"hold","speedMult":2,"angle2":33.75,"angle":303.75},{"speedMult":2,"angle2":596.25,"duration":1,"angle":33.75,"time":41.333332061768,"type":"hold"},{"angle":22.5,"time":26.333333969116,"type":"block"},{"angle":33.75,"time":26.333333969116,"type":"block"},{"angle":90,"time":26.666666030884,"type":"block"},{"angle":78.75,"time":26.666666030884,"type":"block"},{"angle":281.25,"time":27,"type":"block"},{"angle":292.5,"time":27,"type":"block"},{"angle":281.25,"time":30.333333969116,"type":"block"},{"angle":292.5,"time":30.333333969116,"type":"block"},{"angle":292.5,"time":30,"type":"block"},{"angle":281.25,"time":30,"type":"block"},{"angle":180,"speedMult":2,"time":38.666667938232,"type":"extraTap"},{"angle":303.75,"speedMult":2,"time":39.666667938232,"type":"extraTap"},{"angle":315,"speedMult":2,"time":40,"type":"extraTap"},{"angle":22.5,"speedMult":2,"time":41,"type":"extraTap"},{"angle":22.5,"speedMult":2,"time":41.333332061768,"type":"extraTap"},{"angle":247.5,"speedMult":2,"time":42.333332061768,"type":"extraTap"},{"speedMult":2,"angle2":573.75,"duration":1,"angle":236.25,"time":42.666667938232,"type":"hold"},{"angle":225,"speedMult":2,"time":43.666667938232,"type":"extraTap"},{"startTap":true,"endTap":true,"time":44,"duration":1,"type":"hold","speedMult":2,"angle2":-247.5,"angle":213.75},{"angle":247.5,"time":4.6666665077209,"type":"block"},{"angle":270,"time":6,"type":"block"},{"angle":146.25,"time":6.6666665077209,"type":"block"},{"angle":213.75,"time":7,"type":"block"},{"angle":157.5,"time":7.3333334922791,"type":"block"},{"angle":213.75,"time":7.6666665077209,"type":"block"},{"angle":213.75,"time":8.3333330154419,"type":"block"},{"angle":213.75,"time":9,"type":"block"},{"angle":213.75,"time":9.6666669845581,"type":"block"},{"angle":213.75,"time":10.666666984558,"type":"block"},{"angle":213.75,"time":12,"type":"block"},{"angle":213.75,"time":13.333333015442,"type":"block"},{"angle":213.75,"time":14.666666984558,"type":"block"},{"angle":146.25,"time":12.666666984558,"type":"block"},{"angle":146.25,"time":11.333333015442,"type":"block"},{"angle":146.25,"time":10,"type":"block"},{"angle":146.25,"time":9.3333330154419,"type":"block"},{"angle":146.25,"time":8.6666669845581,"type":"block"},{"speedMult":2,"angle2":472.5,"duration":1,"angle":112.5,"time":45.666667938232,"type":"hold"},{"speedMult":2,"angle2":-281.25,"duration":1,"angle":112.5,"time":47,"type":"hold"},{"speedMult":2,"angle2":135,"duration":1,"angle":78.75,"time":48.333332061768,"type":"hold"},{"speedMult":2,"angle2":135,"duration":0.3333332836628,"angle":135,"time":49.666667938232,"type":"hold"},{"angle2":540,"speedMult":2,"duration":1,"angle":135,"time":50.333332061768,"type":"hold"},{"angle2":-168.75,"speedMult":2,"duration":0.66666668653488,"angle":180,"time":52,"type":"hold"},{"duration":1,"angle2":506.25,"angle":180,"spinEase":"linear","speedMult":2,"time":53.333332061768,"type":"hold"},{"startTap":true,"endTap":true,"time":54.666667938232,"duration":1,"type":"hold","speedMult":2,"angle2":180,"angle":180},{"startTap":true,"endTap":true,"time":54.666667938232,"duration":1,"type":"hold","speedMult":2,"angle2":168.75,"angle":168.75},{"angle":180,"speedMult":4,"time":56.333332061768,"type":"block"},{"angle":168.75,"speedMult":4,"time":56.666667938232,"type":"block"},{"angle":157.5,"speedMult":4,"time":57,"type":"block"},{"angle":146.25,"speedMult":4,"time":57.333332061768,"type":"block"},{"angle":135,"speedMult":4,"time":57.666667938232,"type":"block"},{"angle":123.75,"speedMult":4,"time":58,"type":"block"},{"angle":247.5,"speedMult":6,"time":56,"type":"mine"},{"angle":270,"speedMult":6,"time":56,"type":"mine"},{"angle":292.5,"speedMult":6,"time":56,"type":"mine"},{"angle":315,"speedMult":6,"time":56,"type":"mine"},{"angle":337.5,"speedMult":6,"time":56,"type":"mine"},{"angle":360,"speedMult":6,"time":56,"type":"mine"},{"angle":22.5,"speedMult":6,"time":56,"type":"mine"},{"angle":123.75,"speedMult":4,"time":58.666667938232,"type":"block"},{"angle":135,"speedMult":4,"time":58.666667938232,"type":"block"},{"angle":112.5,"speedMult":4,"time":58.666667938232,"type":"block"},{"angle":146.25,"speedMult":4,"time":58.666667938232,"type":"block"},{"angle":67.5,"speedMult":4,"time":59,"type":"block"},{"angle":56.25,"speedMult":4,"time":59,"type":"block"},{"angle":45,"speedMult":4,"time":59,"type":"block"},{"angle":33.75,"speedMult":4,"time":59,"type":"block"},{"angle":281.25,"speedMult":4,"time":59.333332061768,"type":"block"},{"angle":270,"speedMult":4,"time":59.333332061768,"type":"block"},{"angle":258.75,"speedMult":4,"time":59.333332061768,"type":"block"},{"angle":247.5,"speedMult":4,"time":59.333332061768,"type":"block"},{"angle":168.75,"speedMult":4,"time":59.666667938232,"type":"block"},{"angle":157.5,"speedMult":4,"time":59.666667938232,"type":"block"},{"angle":146.25,"speedMult":4,"time":59.666667938232,"type":"block"},{"angle":135,"speedMult":4,"time":59.666667938232,"type":"block"},{"angle":292.5,"speedMult":4,"time":60,"type":"block"},{"angle":303.75,"speedMult":4,"time":60,"type":"block"},{"angle":315,"speedMult":4,"time":60,"type":"block"},{"angle":326.25,"speedMult":4,"time":60,"type":"block"},{"angle":11.25,"speedMult":4,"time":60.333332061768,"type":"block"},{"angle":22.5,"speedMult":4,"time":60.333332061768,"type":"block"},{"angle":33.75,"speedMult":4,"time":60.333332061768,"type":"block"},{"angle":45,"speedMult":4,"time":60.333332061768,"type":"block"},{"angle":236.25,"speedMult":4,"time":60.666667938232,"type":"block"},{"angle":247.5,"speedMult":4,"time":60.666667938232,"type":"block"},{"angle":270,"speedMult":4,"time":60.666667938232,"type":"block"},{"angle":180,"speedMult":4,"time":61,"type":"block"},{"angle":168.75,"speedMult":4,"time":61,"type":"block"},{"angle":157.5,"speedMult":4,"time":61,"type":"block"},{"angle":146.25,"speedMult":4,"time":61,"type":"block"},{"angle":258.75,"speedMult":4,"time":60.666667938232,"type":"block"},{"angle":405,"speedMult":4,"time":61.333334604899,"type":"block"},{"angle":416.25,"speedMult":4,"time":61.333334604899,"type":"block"},{"angle":438.75,"speedMult":4,"time":61.333334604899,"type":"block"},{"angle":348.75,"speedMult":4,"time":61.666666666667,"type":"block"},{"angle":337.5,"speedMult":4,"time":61.666666666667,"type":"block"},{"angle":326.25,"speedMult":4,"time":61.666666666667,"type":"block"},{"angle":315,"speedMult":4,"time":61.666666666667,"type":"block"},{"angle":427.5,"speedMult":4,"time":61.333334604899,"type":"block"},{"angle":225,"speedMult":4,"time":62.000001271566,"type":"block"},{"angle":236.25,"speedMult":4,"time":62.000001271566,"type":"block"},{"angle":258.75,"speedMult":4,"time":62.000001271566,"type":"block"},{"angle":168.75,"speedMult":4,"time":62.333333333333,"type":"block"},{"angle":157.5,"speedMult":4,"time":62.333333333333,"type":"block"},{"angle":146.25,"speedMult":4,"time":62.333333333333,"type":"block"},{"angle":135,"speedMult":4,"time":62.333333333333,"type":"block"},{"angle":247.5,"speedMult":4,"time":62.000001271566,"type":"block"},{"type":"block","tap":true,"angle":157.5,"time":77,"speedMult":3},{"type":"block","tap":true,"angle":157.5,"time":77.25,"speedMult":3},{"type":"block","tap":true,"angle":157.5,"time":77.5,"speedMult":3},{"type":"block","tap":true,"angle":157.5,"time":77.75,"speedMult":3},{"type":"block","tap":true,"angle":157.5,"time":78,"speedMult":3},{"type":"block","tap":true,"angle":157.5,"time":78.25,"speedMult":3},{"angle":281.25,"speedMult":4,"time":62.833334604899,"type":"block"},{"angle":292.5,"speedMult":4,"time":62.833334604899,"type":"block"},{"angle":315,"speedMult":4,"time":62.833334604899,"type":"block"},{"angle":225,"speedMult":4,"time":63.166666666667,"type":"block"},{"angle":213.75,"speedMult":4,"time":63.166666666667,"type":"block"},{"angle":202.5,"speedMult":4,"time":63.166666666667,"type":"block"},{"angle":191.25,"speedMult":4,"time":63.166666666667,"type":"block"},{"angle":303.75,"speedMult":4,"time":62.833334604899,"type":"block"},{"angle":101.25,"speedMult":4,"time":63.833334604899,"type":"block"},{"angle":112.5,"speedMult":4,"time":63.833334604899,"type":"block"},{"angle":135,"speedMult":4,"time":63.833334604899,"type":"block"},{"angle":45,"speedMult":4,"time":64.166666666667,"type":"block"},{"angle":33.75,"speedMult":4,"time":64.166666666667,"type":"block"},{"angle":22.5,"speedMult":4,"time":64.166666666667,"type":"block"},{"angle":11.25,"speedMult":4,"time":64.166666666667,"type":"block"},{"angle":123.75,"speedMult":4,"time":63.833334604899,"type":"block"},{"angle":303.75,"speedMult":4,"time":64.666667938232,"type":"block"},{"angle":315,"speedMult":4,"time":64.666667938232,"type":"block"},{"angle":337.5,"speedMult":4,"time":64.666667938232,"type":"block"},{"angle":247.5,"speedMult":4,"time":65,"type":"block"},{"angle":236.25,"speedMult":4,"time":65,"type":"block"},{"angle":225,"speedMult":4,"time":65,"type":"block"},{"angle":213.75,"speedMult":4,"time":65,"type":"block"},{"angle":326.25,"speedMult":4,"time":64.666667938232,"type":"block"},{"angle":135,"speedMult":4,"time":65.666667938232,"type":"block"},{"angle":146.25,"speedMult":4,"time":65.666667938232,"type":"block"},{"angle":168.75,"speedMult":4,"time":65.666667938232,"type":"block"},{"angle":78.75,"speedMult":4,"time":66,"type":"block"},{"angle":67.5,"speedMult":4,"time":66,"type":"block"},{"angle":56.25,"speedMult":4,"time":66,"type":"block"},{"angle":45,"speedMult":4,"time":66,"type":"block"},{"angle":157.5,"speedMult":4,"time":65.666667938232,"type":"block"},{"angle":292.5,"speedMult":4,"time":66.666667938232,"type":"block"},{"angle":303.75,"speedMult":4,"time":66.666667938232,"type":"block"},{"angle":326.25,"speedMult":4,"time":66.666667938232,"type":"block"},{"angle":236.25,"speedMult":4,"time":67,"type":"block"},{"angle":225,"speedMult":4,"time":67,"type":"block"},{"angle":213.75,"speedMult":4,"time":67,"type":"block"},{"angle":202.5,"speedMult":4,"time":67,"type":"block"},{"angle":315,"speedMult":4,"time":66.666667938232,"type":"block"},{"angle":101.25,"speedMult":4,"time":67.666667938232,"type":"block"},{"angle":112.5,"speedMult":4,"time":67.666667938232,"type":"block"},{"angle":135,"speedMult":4,"time":67.666667938232,"type":"block"},{"angle":45,"speedMult":4,"time":68,"type":"block"},{"angle":33.75,"speedMult":4,"time":68,"type":"block"},{"angle":22.5,"speedMult":4,"time":68,"type":"block"},{"angle":11.25,"speedMult":4,"time":68,"type":"block"},{"angle":123.75,"speedMult":4,"time":67.666667938232,"type":"block"},{"angle":-438.75,"speedMult":4,"time":68.666667938232,"type":"block"},{"angle":-450,"speedMult":4,"time":68.666667938232,"type":"block"},{"angle":-472.5,"speedMult":4,"time":68.666667938232,"type":"block"},{"angle":-382.5,"speedMult":4,"time":69,"type":"block"},{"angle":-371.25,"speedMult":4,"time":69,"type":"block"},{"angle":-360,"speedMult":4,"time":69,"type":"block"},{"angle":-348.75,"speedMult":4,"time":69,"type":"block"},{"angle":-461.25,"speedMult":4,"time":68.666667938232,"type":"block"},{"angle":236.25,"speedMult":4,"time":69.666667938232,"type":"block"},{"angle":247.5,"speedMult":4,"time":69.666667938232,"type":"block"},{"angle":270,"speedMult":4,"time":69.666667938232,"type":"block"},{"angle":180,"speedMult":4,"time":70,"type":"block"},{"angle":168.75,"speedMult":4,"time":70,"type":"block"},{"angle":157.5,"speedMult":4,"time":70,"type":"block"},{"angle":146.25,"speedMult":4,"time":70,"type":"block"},{"angle":258.75,"speedMult":4,"time":69.666667938232,"type":"block"},{"angle":-303.75,"speedMult":4,"time":70.666667938232,"type":"block"},{"angle":-315,"speedMult":4,"time":70.666667938232,"type":"block"},{"angle":-337.5,"speedMult":4,"time":70.666667938232,"type":"block"},{"angle":-247.5,"speedMult":4,"time":71,"type":"block"},{"angle":-236.25,"speedMult":4,"time":71,"type":"block"},{"angle":-225,"speedMult":4,"time":71,"type":"block"},{"angle":-213.75,"speedMult":4,"time":71,"type":"block"},{"angle":-326.25,"speedMult":4,"time":70.666667938232,"type":"block"},{"angle":236.25,"speedMult":4,"time":71.666667938232,"type":"block"},{"angle":247.5,"speedMult":4,"time":71.666667938232,"type":"block"},{"angle":270,"speedMult":4,"time":71.666667938232,"type":"block"},{"angle":180,"speedMult":4,"time":72,"type":"block"},{"angle":168.75,"speedMult":4,"time":72,"type":"block"},{"angle":157.5,"speedMult":4,"time":72,"type":"block"},{"angle":146.25,"speedMult":4,"time":72,"type":"block"},{"angle":258.75,"speedMult":4,"time":71.666667938232,"type":"block"},{"angle":-416.25,"speedMult":4,"time":72.666667938232,"type":"block"},{"angle":-427.5,"speedMult":4,"time":72.666667938232,"type":"block"},{"angle":-450,"speedMult":4,"time":72.666667938232,"type":"block"},{"angle":-360,"speedMult":4,"time":73,"type":"block"},{"angle":-348.75,"speedMult":4,"time":73,"type":"block"},{"angle":-337.5,"speedMult":4,"time":73,"type":"block"},{"angle":-326.25,"speedMult":4,"time":73,"type":"block"},{"angle":-438.75,"speedMult":4,"time":72.666667938232,"type":"block"},{"angle":236.25,"speedMult":4,"time":73.666667938232,"type":"block"},{"angle":247.5,"speedMult":4,"time":73.666667938232,"type":"block"},{"angle":270,"speedMult":4,"time":73.666667938232,"type":"block"},{"angle":180,"speedMult":4,"time":74,"type":"block"},{"angle":168.75,"speedMult":4,"time":74,"type":"block"},{"angle":157.5,"speedMult":4,"time":74,"type":"block"},{"angle":146.25,"speedMult":4,"time":74,"type":"block"},{"angle":258.75,"speedMult":4,"time":73.666667938232,"type":"block"},{"angle":-236.25,"speedMult":4,"time":74.666667938232,"type":"block"},{"angle":-247.5,"speedMult":4,"time":74.666667938232,"type":"block"},{"angle":-270,"speedMult":4,"time":74.666667938232,"type":"block"},{"angle":-180,"speedMult":4,"time":75,"type":"block"},{"angle":-168.75,"speedMult":4,"time":75,"type":"block"},{"angle":-157.5,"speedMult":4,"time":75,"type":"block"},{"angle":-146.25,"speedMult":4,"time":75,"type":"block"},{"angle":-258.75,"speedMult":4,"time":74.666667938232,"type":"block"},{"angle":236.25,"speedMult":4,"time":75.666667938232,"type":"block"},{"angle":247.5,"speedMult":4,"time":75.666667938232,"type":"block"},{"angle":270,"speedMult":4,"time":75.666667938232,"type":"block"},{"angle":180,"speedMult":4,"time":76,"type":"block"},{"angle":168.75,"speedMult":4,"time":76,"type":"block"},{"angle":157.5,"speedMult":4,"time":76,"type":"block"},{"angle":146.25,"speedMult":4,"time":76,"type":"block"},{"angle":258.75,"speedMult":4,"time":75.666667938232,"type":"block"},{"angle2":-202.5,"speedMult":4,"duration":1,"angle":157.5,"time":79,"type":"hold"},{"angle2":517.5,"speedMult":4,"duration":1,"angle":157.5,"time":80.666664123535,"type":"hold"},{"angle":168.75,"speedMult":4,"time":79,"type":"extraTap"},{"angle":146.25,"speedMult":4,"time":80,"type":"extraTap"},{"angle":146.25,"speedMult":4,"time":80.666664123535,"type":"extraTap"},{"angle":168.75,"speedMult":4,"time":81.666664123535,"type":"extraTap"},{"angle":146.25,"speedMult":4,"time":88.333335876465,"type":"block"},{"angle":135,"speedMult":4,"time":88.666664123535,"type":"block"},{"angle":123.75,"speedMult":4,"time":89,"type":"block"},{"angle":112.5,"speedMult":4,"time":89.333335876465,"type":"block"},{"angle":101.25,"speedMult":4,"time":89.666664123535,"type":"block"},{"angle":90,"speedMult":4,"time":90,"type":"block"},{"angle":78.75,"speedMult":4,"time":90.333335876465,"type":"block"},{"angle":67.5,"speedMult":4,"time":90.666664123535,"type":"block"},{"angle":56.25,"speedMult":4,"time":91,"type":"block"},{"angle":45,"speedMult":4,"time":91.333335876465,"type":"block"},{"speedMult":4,"angle2":-348.75,"duration":1,"angle":157.5,"time":82.333335876465,"type":"hold"},{"angle":348.75,"speedMult":4,"time":84,"type":"inverse"},{"angle":360,"speedMult":4,"time":84,"type":"inverse"},{"angle":348.75,"speedMult":4,"time":84.666664123535,"type":"inverse"},{"angle":360,"speedMult":4,"time":84.666664123535,"type":"inverse"},{"angle":360,"speedMult":4,"time":85.333335876465,"type":"inverse"},{"angle":11.25,"speedMult":4,"time":85.333335876465,"type":"inverse"},{"speedMult":6,"duration":1.6666667461395,"angle":11.25,"spinEase":"linear","angle2":-213.75,"time":86,"type":"hold"},{"type":"block","tap":true,"angle":95.625,"time":89.833335876465,"speedMult":4},{"type":"block","tap":true,"angle":101.25,"time":89.833335876465,"speedMult":4},{"angle":11.25,"time":92,"type":"block"},{"angle":11.25,"time":92.333335876465,"type":"block"},{"angle":11.25,"time":92.666664123535,"type":"block"},{"angle":11.25,"time":93,"type":"block"},{"angle":11.25,"time":93.333335876465,"type":"block"},{"angle":11.25,"time":93.666664123535,"type":"block"},{"angle":348.75,"time":100.66666412354,"type":"block"},{"angle":337.5,"time":101.33333587646,"type":"block"},{"angle":348.75,"time":101.33333587646,"type":"block"},{"angle":337.5,"time":102,"type":"block"},{"angle":348.75,"time":102,"type":"block"},{"angle":168.75,"time":109.66666412354,"type":"block"},{"angle":157.5,"time":109.66666412354,"type":"block"},{"angle":303.75,"time":117,"type":"block"},{"angle":326.25,"time":117,"type":"block"},{"angle":191.25,"time":121.66666412354,"type":"block"},{"angle":180,"time":121.66666412354,"type":"block"},{"angle":168.75,"time":121.66666412354,"type":"block"},{"angle":157.5,"time":121.66666412354,"type":"block"},{"angle":326.25,"time":125,"type":"block"},{"angle":22.5,"time":125,"type":"block"},{"angle":168.75,"time":129.33332824707,"type":"block"},{"angle":157.5,"time":129.33332824707,"type":"block"},{"angle":146.25,"time":129.33332824707,"type":"block"},{"angle":213.75,"time":134,"type":"block"},{"angle":202.5,"time":134,"type":"block"},{"angle":191.25,"time":134,"type":"block"},{"angle":33.75,"time":137.66667175293,"type":"block"},{"angle":45,"time":137.66667175293,"type":"block"},{"angle":56.25,"time":137.66667175293,"type":"block"},{"angle":270,"time":142.66667175293,"type":"block"},{"angle":258.75,"time":142.66667175293,"type":"block"},{"angle":247.5,"time":142.66667175293,"type":"block"},{"angle":90,"time":147.33332824707,"type":"extraTap"},{"angle":90,"time":149.33332824707,"type":"extraTap"},{"angle":90,"time":151.33332824707,"type":"extraTap"},{"angle":90,"time":153.66667175293,"type":"extraTap"},{"angle":180,"speedMult":6,"time":162,"type":"block"},{"angle":168.75,"speedMult":6,"time":162,"type":"block"},{"angle":157.5,"speedMult":6,"time":162,"type":"block"},{"angle":168.75,"speedMult":6,"time":171,"type":"block"},{"angle":157.5,"speedMult":6,"time":171,"type":"block"},{"angle":146.25,"speedMult":6,"time":171,"type":"block"},{"angle":168.75,"speedMult":6,"time":173.33332824707,"type":"block"},{"angle":157.5,"speedMult":6,"time":173.33332824707,"type":"block"},{"angle":146.25,"speedMult":6,"time":173.33332824707,"type":"block"},{"angle":168.75,"speedMult":6,"time":175,"type":"block"},{"angle":157.5,"speedMult":6,"time":175,"type":"block"},{"angle":146.25,"speedMult":6,"time":175,"type":"block"},{"angle":168.75,"speedMult":6,"time":177,"type":"block"},{"angle":157.5,"speedMult":6,"time":177,"type":"block"},{"angle":146.25,"speedMult":6,"time":177,"type":"block"},{"angle":168.75,"speedMult":6,"time":179,"type":"block"},{"angle":157.5,"speedMult":6,"time":179,"type":"block"},{"angle":146.25,"speedMult":6,"time":179,"type":"block"},{"angle":157.5,"speedMult":6,"time":180,"type":"block"},{"angle":157.5,"speedMult":6,"time":180.33332824707,"type":"block"},{"angle":157.5,"speedMult":6,"time":180.66667175293,"type":"block"},{"angle":157.5,"speedMult":6,"time":181,"type":"block"},{"angle":157.5,"speedMult":6,"time":181.33332824707,"type":"block"},{"angle":168.75,"speedMult":6,"time":183.33332824707,"type":"block"},{"angle":157.5,"speedMult":6,"time":183.66667175293,"type":"block"},{"angle":146.25,"speedMult":6,"time":184,"type":"block"},{"angle":135,"speedMult":6,"time":184.33332824707,"type":"block"},{"angle":123.75,"speedMult":6,"time":184.66667175293,"type":"block"},{"angle":157.5,"speedMult":6,"time":170.66667175293,"type":"block"},{"angle":168.75,"speedMult":6,"time":186.33332824707,"type":"block"},{"angle":157.5,"speedMult":6,"time":186.33332824707,"type":"block"},{"angle":146.25,"speedMult":6,"time":186.33332824707,"type":"block"},{"angle":22.5,"speedMult":6,"time":187,"type":"block"},{"angle":33.75,"speedMult":6,"time":187,"type":"block"},{"angle":45,"speedMult":6,"time":187,"type":"block"},{"angle":56.25,"speedMult":6,"time":187,"type":"block"},{"angle":168.75,"speedMult":6,"time":187.6666615804,"type":"block"},{"angle":157.5,"speedMult":6,"time":187.6666615804,"type":"block"},{"angle":135,"speedMult":6,"time":187.6666615804,"type":"block"},{"angle":146.25,"speedMult":6,"time":187.6666615804,"type":"block"},{"angle":22.5,"speedMult":6,"time":188.33333333333,"type":"block"},{"angle":33.75,"speedMult":6,"time":188.33333333333,"type":"block"},{"angle":45,"speedMult":6,"time":188.33333333333,"type":"block"},{"angle":56.25,"speedMult":6,"time":188.33333333333,"type":"block"},{"angle":-168.75,"speedMult":6,"time":188.99999491374,"type":"block"},{"angle":-157.5,"speedMult":6,"time":188.99999491374,"type":"block"},{"angle":-135,"speedMult":6,"time":188.99999491374,"type":"block"},{"angle":-146.25,"speedMult":6,"time":188.99999491374,"type":"block"},{"angle":-22.5,"speedMult":6,"time":189.66666666667,"type":"block"},{"angle":-33.75,"speedMult":6,"time":189.66666666667,"type":"block"},{"angle":-45,"speedMult":6,"time":189.66666666667,"type":"block"},{"angle":-56.25,"speedMult":6,"time":189.66666666667,"type":"block"},{"angle":168.75,"speedMult":6,"time":190.33332824707,"type":"block"},{"angle":157.5,"speedMult":6,"time":190.33332824707,"type":"block"},{"angle":135,"speedMult":6,"time":190.33332824707,"type":"block"},{"angle":146.25,"speedMult":6,"time":190.33332824707,"type":"block"},{"angle":22.5,"speedMult":6,"time":191,"type":"block"},{"angle":33.75,"speedMult":6,"time":191,"type":"block"},{"angle":45,"speedMult":6,"time":191,"type":"block"},{"angle":56.25,"speedMult":6,"time":191,"type":"block"},{"angle":168.75,"speedMult":6,"time":190,"type":"block"},{"angle":157.5,"speedMult":6,"time":190,"type":"block"},{"angle":146.25,"speedMult":6,"time":190,"type":"block"},{"angle":135,"speedMult":6,"time":190,"type":"block"},{"angle":146.25,"speedMult":6,"time":202,"type":"block"},{"angle":-168.75,"speedMult":6,"time":191.6666615804,"type":"block"},{"angle":-157.5,"speedMult":6,"time":191.6666615804,"type":"block"},{"angle":-135,"speedMult":6,"time":191.6666615804,"type":"block"},{"angle":-146.25,"speedMult":6,"time":191.6666615804,"type":"block"},{"angle":-22.5,"speedMult":6,"time":192.33333333333,"type":"block"},{"angle":-33.75,"speedMult":6,"time":192.33333333333,"type":"block"},{"angle":-45,"speedMult":6,"time":192.33333333333,"type":"block"},{"angle":-56.25,"speedMult":6,"time":192.33333333333,"type":"block"},{"angle":168.75,"speedMult":6,"time":192.99999491374,"type":"block"},{"angle":157.5,"speedMult":6,"time":192.99999491374,"type":"block"},{"angle":135,"speedMult":6,"time":192.99999491374,"type":"block"},{"angle":146.25,"speedMult":6,"time":192.99999491374,"type":"block"},{"angle":22.5,"speedMult":6,"time":193.66666666667,"type":"block"},{"angle":33.75,"speedMult":6,"time":193.66666666667,"type":"block"},{"angle":45,"speedMult":6,"time":193.66666666667,"type":"block"},{"angle":56.25,"speedMult":6,"time":193.66666666667,"type":"block"},{"angle":-168.75,"speedMult":6,"time":194.33332824707,"type":"block"},{"angle":-157.5,"speedMult":6,"time":194.33332824707,"type":"block"},{"angle":-135,"speedMult":6,"time":194.33332824707,"type":"block"},{"angle":-146.25,"speedMult":6,"time":194.33332824707,"type":"block"},{"angle":-22.5,"speedMult":6,"time":195,"type":"block"},{"angle":-33.75,"speedMult":6,"time":195,"type":"block"},{"angle":-45,"speedMult":6,"time":195,"type":"block"},{"angle":-56.25,"speedMult":6,"time":195,"type":"block"},{"angle":168.75,"speedMult":6,"time":195.6666615804,"type":"block"},{"angle":157.5,"speedMult":6,"time":195.6666615804,"type":"block"},{"angle":135,"speedMult":6,"time":195.6666615804,"type":"block"},{"angle":146.25,"speedMult":6,"time":195.6666615804,"type":"block"},{"angle":22.5,"speedMult":6,"time":196.33333333333,"type":"block"},{"angle":33.75,"speedMult":6,"time":196.33333333333,"type":"block"},{"angle":45,"speedMult":6,"time":196.33333333333,"type":"block"},{"angle":56.25,"speedMult":6,"time":196.33333333333,"type":"block"},{"angle":-168.75,"speedMult":6,"time":196.99999491374,"type":"block"},{"angle":-157.5,"speedMult":6,"time":196.99999491374,"type":"block"},{"angle":-135,"speedMult":6,"time":196.99999491374,"type":"block"},{"angle":-146.25,"speedMult":6,"time":196.99999491374,"type":"block"},{"angle":-22.5,"speedMult":6,"time":197.66666666667,"type":"block"},{"angle":-33.75,"speedMult":6,"time":197.66666666667,"type":"block"},{"angle":-45,"speedMult":6,"time":197.66666666667,"type":"block"},{"angle":-56.25,"speedMult":6,"time":197.66666666667,"type":"block"},{"angle":168.75,"speedMult":6,"time":198.33332824707,"type":"block"},{"angle":157.5,"speedMult":6,"time":198.33332824707,"type":"block"},{"angle":135,"speedMult":6,"time":198.33332824707,"type":"block"},{"angle":146.25,"speedMult":6,"time":198.33332824707,"type":"block"},{"angle":22.5,"speedMult":6,"time":199,"type":"block"},{"angle":33.75,"speedMult":6,"time":199,"type":"block"},{"angle":45,"speedMult":6,"time":199,"type":"block"},{"angle":56.25,"speedMult":6,"time":199,"type":"block"},{"angle":168.75,"speedMult":6,"time":198,"type":"block"},{"angle":157.5,"speedMult":6,"time":198,"type":"block"},{"angle":146.25,"speedMult":6,"time":198,"type":"block"},{"angle":135,"speedMult":6,"time":198,"type":"block"},{"angle":-168.75,"speedMult":6,"time":199.6666615804,"type":"block"},{"angle":-157.5,"speedMult":6,"time":199.6666615804,"type":"block"},{"angle":-135,"speedMult":6,"time":199.6666615804,"type":"block"},{"angle":-146.25,"speedMult":6,"time":199.6666615804,"type":"block"},{"angle":-22.5,"speedMult":6,"time":200.33333333333,"type":"block"},{"angle":-33.75,"speedMult":6,"time":200.33333333333,"type":"block"},{"angle":-45,"speedMult":6,"time":200.33333333333,"type":"block"},{"angle":-56.25,"speedMult":6,"time":200.33333333333,"type":"block"},{"angle":168.75,"speedMult":6,"time":200.99999491374,"type":"block"},{"angle":157.5,"speedMult":6,"time":200.99999491374,"type":"block"},{"angle":135,"speedMult":6,"time":201,"type":"block"},{"angle":146.25,"speedMult":6,"time":201,"type":"block"},{"angle":22.5,"speedMult":6,"time":201.66666666667,"type":"block"},{"angle":33.75,"speedMult":6,"time":201.66666666667,"type":"block"},{"angle":45,"speedMult":6,"time":201.66666666667,"type":"block"},{"angle":56.25,"speedMult":6,"time":201.66667175293,"type":"block"},{"angle":123.75,"speedMult":6,"time":198,"type":"extraTap"},{"angle":123.75,"speedMult":6,"time":198.33332824707,"type":"extraTap"},{"angle":123.75,"speedMult":6,"time":190,"type":"extraTap"},{"angle":123.75,"speedMult":6,"time":190.33332824707,"type":"extraTap"},{"speedMult":6,"angle2":877.5,"duration":3.3333330154419,"angle":146.25,"time":202.33332824707,"type":"hold"},{"angle2":517.5,"speedMult":6,"duration":1,"angle":157.5,"time":206,"type":"hold"},{"angle2":-191.25,"speedMult":6,"duration":1,"angle":168.75,"time":208.33332824707,"type":"hold"},{"angle2":-191.25,"speedMult":6,"duration":1,"angle":168.75,"time":210.33332824707,"type":"hold"},{"angle":135,"speedMult":6,"time":202.33332824707,"type":"extraTap"},{"angle":146.25,"speedMult":6,"time":206,"type":"extraTap"},{"angle":180,"speedMult":6,"time":208.33332824707,"type":"extraTap"},{"angle":180,"speedMult":6,"time":210.33332824707,"type":"extraTap"},{"speedMult":6,"angle2":360,"duration":0.66666662693024,"angle":168.75,"time":212.33332824707,"type":"hold"},{"speedMult":6,"angle2":303.75,"duration":1,"angle":348.75,"time":213,"type":"hold"},{"angle2":337.5,"speedMult":6,"duration":1,"angle":303.75,"time":214,"type":"hold"},{"type":"block","tap":true,"angle":337.5,"time":215.33332824707,"speedMult":6},{"type":"block","tap":true,"angle":348.75,"time":215.33332824707,"speedMult":6},{"speedMult":6,"angle2":-11.25,"duration":1,"angle":348.75,"time":216.33332824707,"type":"hold"},{"angle2":360,"speedMult":6,"duration":1,"angle":0,"time":218.66667175293,"type":"hold"},{"angle2":-78.75,"speedMult":6,"duration":0.66666662693024,"angle":0,"time":221,"type":"hold"},{"angle2":360,"speedMult":6,"duration":1,"angle":281.25,"time":221.66667175293,"type":"hold"},{"type":"block","tap":true,"angle":0,"time":223,"speedMult":6},{"type":"block","tap":true,"angle":11.25,"time":223,"speedMult":6},{"type":"block","tap":true,"angle":348.75,"time":222.66667175293,"speedMult":6},{"type":"block","tap":true,"angle":360,"time":222.66667175293,"speedMult":6},{"type":"block","tap":true,"angle":0,"time":224.33332824707,"speedMult":6},{"type":"block","tap":true,"angle":11.25,"time":224.33332824707,"speedMult":6},{"type":"block","tap":true,"angle":360,"time":225.33332824707,"speedMult":6},{"type":"block","tap":true,"angle":11.25,"time":225.33332824707,"speedMult":6},{"type":"block","tap":true,"angle":0,"time":225,"speedMult":6},{"type":"block","tap":true,"angle":11.25,"time":225,"speedMult":6},{"angle":247.5,"speedMult":6,"time":226,"type":"mine"},{"angle":236.25,"speedMult":6,"time":226,"type":"mine"},{"angle":225,"speedMult":6,"time":226,"type":"mine"},{"angle":213.75,"speedMult":6,"time":226,"type":"mine"},{"angle":202.5,"speedMult":6,"time":226,"type":"mine"},{"angle":191.25,"speedMult":6,"time":226,"type":"mine"},{"angle":180,"speedMult":6,"time":226,"type":"mine"},{"angle":168.75,"speedMult":6,"time":226,"type":"mine"},{"angle":157.5,"speedMult":6,"time":226,"type":"mine"},{"angle":146.25,"speedMult":6,"time":226,"type":"mine"},{"angle":135,"speedMult":6,"time":226,"type":"mine"},{"angle":123.75,"speedMult":6,"time":226,"type":"mine"},{"angle":112.5,"speedMult":6,"time":226,"type":"mine"},{"angle":101.25,"speedMult":6,"time":226,"type":"mine"},{"angle":78.75,"speedMult":6,"time":226,"type":"mine"},{"angle":67.5,"speedMult":6,"time":226,"type":"mine"},{"angle":90,"speedMult":6,"time":226,"type":"mine"},{"angle":56.25,"speedMult":6,"time":226,"type":"mine"},{"angle":45,"speedMult":6,"time":226,"type":"mine"},{"angle":33.75,"speedMult":6,"time":226,"type":"mine"},{"angle":22.5,"speedMult":6,"time":226,"type":"mine"},{"angle":11.25,"speedMult":6,"time":226,"type":"mine"},{"angle":-247.5,"speedMult":6,"time":227,"type":"mine"},{"angle":-236.25,"speedMult":6,"time":227,"type":"mine"},{"angle":-225,"speedMult":6,"time":227,"type":"mine"},{"angle":-213.75,"speedMult":6,"time":227,"type":"mine"},{"angle":-202.5,"speedMult":6,"time":227,"type":"mine"},{"angle":-191.25,"speedMult":6,"time":227,"type":"mine"},{"angle":-180,"speedMult":6,"time":227,"type":"mine"},{"angle":-168.75,"speedMult":6,"time":227,"type":"mine"},{"angle":-157.5,"speedMult":6,"time":227,"type":"mine"},{"angle":-146.25,"speedMult":6,"time":227,"type":"mine"},{"angle":-135,"speedMult":6,"time":227,"type":"mine"},{"angle":-123.75,"speedMult":6,"time":227,"type":"mine"},{"angle":-112.5,"speedMult":6,"time":227,"type":"mine"},{"angle":-101.25,"speedMult":6,"time":227,"type":"mine"},{"angle":-78.75,"speedMult":6,"time":227,"type":"mine"},{"angle":-67.5,"speedMult":6,"time":227,"type":"mine"},{"angle":-90,"speedMult":6,"time":227,"type":"mine"},{"angle":-56.25,"speedMult":6,"time":227,"type":"mine"},{"angle":-45,"speedMult":6,"time":227,"type":"mine"},{"angle":-33.75,"speedMult":6,"time":227,"type":"mine"},{"angle":-22.5,"speedMult":6,"time":227,"type":"mine"},{"angle":-11.25,"speedMult":6,"time":227,"type":"mine"},{"angle":-427.5,"speedMult":6,"time":228.66666666667,"type":"mine"},{"angle":-416.25,"speedMult":6,"time":228.66666666667,"type":"mine"},{"angle":-405,"speedMult":6,"time":228.66666666667,"type":"mine"},{"angle":-393.75,"speedMult":6,"time":228.66666666667,"type":"mine"},{"angle":-382.5,"speedMult":6,"time":228.66666666667,"type":"mine"},{"angle":-371.25,"speedMult":6,"time":228.66666666667,"type":"mine"},{"angle":-360,"speedMult":6,"time":228.66666666667,"type":"mine"},{"angle":-348.75,"speedMult":6,"time":228.66666666667,"type":"mine"},{"angle":-337.5,"speedMult":6,"time":228.66666666667,"type":"mine"},{"angle":-326.25,"speedMult":6,"time":228.66666666667,"type":"mine"},{"angle":-315,"speedMult":6,"time":228.66666666667,"type":"mine"},{"angle":-303.75,"speedMult":6,"time":228.66666666667,"type":"mine"},{"angle":-292.5,"speedMult":6,"time":228.66666666667,"type":"mine"},{"angle":-281.25,"speedMult":6,"time":228.66666666667,"type":"mine"},{"angle":-258.75,"speedMult":6,"time":228.66666666667,"type":"mine"},{"angle":-247.5,"speedMult":6,"time":228.66666666667,"type":"mine"},{"angle":-270,"speedMult":6,"time":228.66666666667,"type":"mine"},{"angle":-236.25,"speedMult":6,"time":228.66666666667,"type":"mine"},{"angle":-225,"speedMult":6,"time":228.66666666667,"type":"mine"},{"angle":-213.75,"speedMult":6,"time":228.66666666667,"type":"mine"},{"angle":-202.5,"speedMult":6,"time":228.66666666667,"type":"mine"},{"angle":-191.25,"speedMult":6,"time":228.66666666667,"type":"mine"},{"angle":427.5,"speedMult":6,"time":230,"type":"mine"},{"angle":416.25,"speedMult":6,"time":230,"type":"mine"},{"angle":405,"speedMult":6,"time":230,"type":"mine"},{"angle":393.75,"speedMult":6,"time":230,"type":"mine"},{"angle":382.5,"speedMult":6,"time":230,"type":"mine"},{"angle":371.25,"speedMult":6,"time":230,"type":"mine"},{"angle":360,"speedMult":6,"time":230,"type":"mine"},{"angle":348.75,"speedMult":6,"time":230,"type":"mine"},{"angle":337.5,"speedMult":6,"time":230,"type":"mine"},{"angle":326.25,"speedMult":6,"time":230,"type":"mine"},{"angle":315,"speedMult":6,"time":230,"type":"mine"},{"angle":303.75,"speedMult":6,"time":230,"type":"mine"},{"angle":292.5,"speedMult":6,"time":230,"type":"mine"},{"angle":281.25,"speedMult":6,"time":230,"type":"mine"},{"angle":258.75,"speedMult":6,"time":230,"type":"mine"},{"angle":247.5,"speedMult":6,"time":230,"type":"mine"},{"angle":270,"speedMult":6,"time":230,"type":"mine"},{"angle":236.25,"speedMult":6,"time":230,"type":"mine"},{"angle":225,"speedMult":6,"time":230,"type":"mine"},{"angle":213.75,"speedMult":6,"time":230,"type":"mine"},{"angle":202.5,"speedMult":6,"time":230,"type":"mine"},{"angle":191.25,"speedMult":6,"time":230,"type":"mine"},{"angle2":1035,"speedMult":20,"duration":7.3333339691162,"angle":180,"time":258.33334350586,"type":"hold"},{"angle":337.5,"speedMult":7,"time":268,"type":"block"},{"angle":348.75,"speedMult":7,"time":268,"type":"block"},{"angle":360,"speedMult":7,"time":268,"type":"block"},{"angle":337.5,"speedMult":7,"time":268.33334350586,"type":"block"},{"angle":348.75,"speedMult":7,"time":268.33334350586,"type":"block"},{"angle":360,"speedMult":7,"time":268.33334350586,"type":"block"},{"angle":337.5,"speedMult":7,"time":268.66665649414,"type":"block"},{"angle":348.75,"speedMult":7,"time":268.66665649414,"type":"block"},{"angle":0,"speedMult":7,"time":268.66665649414,"type":"block"},{"angle":247.5,"speedMult":6,"time":232.33333333333,"type":"mine"},{"angle":236.25,"speedMult":6,"time":232.33333333333,"type":"mine"},{"angle":225,"speedMult":6,"time":232.33333333333,"type":"mine"},{"angle":213.75,"speedMult":6,"time":232.33333333333,"type":"mine"},{"angle":202.5,"speedMult":6,"time":232.33333333333,"type":"mine"},{"angle":191.25,"speedMult":6,"time":232.33333333333,"type":"mine"},{"angle":180,"speedMult":6,"time":232.33333333333,"type":"mine"},{"angle":168.75,"speedMult":6,"time":232.33333333333,"type":"mine"},{"angle":157.5,"speedMult":6,"time":232.33333333333,"type":"mine"},{"angle":146.25,"speedMult":6,"time":232.33333333333,"type":"mine"},{"angle":135,"speedMult":6,"time":232.33333333333,"type":"mine"},{"angle":123.75,"speedMult":6,"time":232.33333333333,"type":"mine"},{"angle":112.5,"speedMult":6,"time":232.33333333333,"type":"mine"},{"angle":101.25,"speedMult":6,"time":232.33333333333,"type":"mine"},{"angle":78.75,"speedMult":6,"time":232.33333333333,"type":"mine"},{"angle":67.5,"speedMult":6,"time":232.33333333333,"type":"mine"},{"angle":90,"speedMult":6,"time":232.33333333333,"type":"mine"},{"angle":56.25,"speedMult":6,"time":232.33333333333,"type":"mine"},{"angle":45,"speedMult":6,"time":232.33333333333,"type":"mine"},{"angle":33.75,"speedMult":6,"time":232.33333333333,"type":"mine"},{"angle":22.5,"speedMult":6,"time":232.33333333333,"type":"mine"},{"angle":11.25,"speedMult":6,"time":232.33333333333,"type":"mine"},{"angle":33.75,"speedMult":6,"time":233.66666666667,"type":"mine"},{"angle":22.5,"speedMult":6,"time":233.66666666667,"type":"mine"},{"angle":11.25,"speedMult":6,"time":233.66666666667,"type":"mine"},{"angle":0,"speedMult":6,"time":233.66666666667,"type":"mine"},{"angle":-11.25,"speedMult":6,"time":233.66666666667,"type":"mine"},{"angle":-22.5,"speedMult":6,"time":233.66666666667,"type":"mine"},{"angle":-33.75,"speedMult":6,"time":233.66666666667,"type":"mine"},{"angle":-45,"speedMult":6,"time":233.66666666667,"type":"mine"},{"angle":-56.25,"speedMult":6,"time":233.66666666667,"type":"mine"},{"angle":-67.5,"speedMult":6,"time":233.66666666667,"type":"mine"},{"angle":-78.75,"speedMult":6,"time":233.66666666667,"type":"mine"},{"angle":-90,"speedMult":6,"time":233.66666666667,"type":"mine"},{"angle":-101.25,"speedMult":6,"time":233.66666666667,"type":"mine"},{"angle":-112.5,"speedMult":6,"time":233.66666666667,"type":"mine"},{"angle":-135,"speedMult":6,"time":233.66666666667,"type":"mine"},{"angle":-146.25,"speedMult":6,"time":233.66666666667,"type":"mine"},{"angle":-123.75,"speedMult":6,"time":233.66666666667,"type":"mine"},{"angle":-157.5,"speedMult":6,"time":233.66666666667,"type":"mine"},{"angle":-168.75,"speedMult":6,"time":233.66666666667,"type":"mine"},{"angle":-180,"speedMult":6,"time":233.66666666667,"type":"mine"},{"angle":-191.25,"speedMult":6,"time":233.66666666667,"type":"mine"},{"angle":-202.5,"speedMult":6,"time":233.66666666667,"type":"mine"},{"angle":303.75,"speedMult":6,"time":235.33333333333,"type":"mine"},{"angle":292.5,"speedMult":6,"time":235.33333333333,"type":"mine"},{"angle":281.25,"speedMult":6,"time":235.33333333333,"type":"mine"},{"angle":270,"speedMult":6,"time":235.33333333333,"type":"mine"},{"angle":258.75,"speedMult":6,"time":235.33333333333,"type":"mine"},{"angle":247.5,"speedMult":6,"time":235.33333333333,"type":"mine"},{"angle":236.25,"speedMult":6,"time":235.33333333333,"type":"mine"},{"angle":225,"speedMult":6,"time":235.33333333333,"type":"mine"},{"angle":213.75,"speedMult":6,"time":235.33333333333,"type":"mine"},{"angle":202.5,"speedMult":6,"time":235.33333333333,"type":"mine"},{"angle":191.25,"speedMult":6,"time":235.33333333333,"type":"mine"},{"angle":180,"speedMult":6,"time":235.33333333333,"type":"mine"},{"angle":168.75,"speedMult":6,"time":235.33333333333,"type":"mine"},{"angle":157.5,"speedMult":6,"time":235.33333333333,"type":"mine"},{"angle":135,"speedMult":6,"time":235.33333333333,"type":"mine"},{"angle":123.75,"speedMult":6,"time":235.33333333333,"type":"mine"},{"angle":146.25,"speedMult":6,"time":235.33333333333,"type":"mine"},{"angle":112.5,"speedMult":6,"time":235.33333333333,"type":"mine"},{"angle":101.25,"speedMult":6,"time":235.33333333333,"type":"mine"},{"angle":90,"speedMult":6,"time":235.33333333333,"type":"mine"},{"angle":78.75,"speedMult":6,"time":235.33333333333,"type":"mine"},{"angle":67.5,"speedMult":6,"time":235.33333333333,"type":"mine"},{"angle":360,"speedMult":6,"time":236.33333333333,"type":"mine"},{"angle":348.75,"speedMult":6,"time":236.33333333333,"type":"mine"},{"angle":337.5,"speedMult":6,"time":236.33333333333,"type":"mine"},{"angle":326.25,"speedMult":6,"time":236.33333333333,"type":"mine"},{"angle":315,"speedMult":6,"time":236.33333333333,"type":"mine"},{"angle":303.75,"speedMult":6,"time":236.33333333333,"type":"mine"},{"angle":292.5,"speedMult":6,"time":236.33333333333,"type":"mine"},{"angle":281.25,"speedMult":6,"time":236.33333333333,"type":"mine"},{"angle":270,"speedMult":6,"time":236.33333333333,"type":"mine"},{"angle":258.75,"speedMult":6,"time":236.33333333333,"type":"mine"},{"angle":247.5,"speedMult":6,"time":236.33333333333,"type":"mine"},{"angle":236.25,"speedMult":6,"time":236.33333333333,"type":"mine"},{"angle":225,"speedMult":6,"time":236.33333333333,"type":"mine"},{"angle":213.75,"speedMult":6,"time":236.33333333333,"type":"mine"},{"angle":191.25,"speedMult":6,"time":236.33333333333,"type":"mine"},{"angle":180,"speedMult":6,"time":236.33333333333,"type":"mine"},{"angle":202.5,"speedMult":6,"time":236.33333333333,"type":"mine"},{"angle":168.75,"speedMult":6,"time":236.33333333333,"type":"mine"},{"angle":157.5,"speedMult":6,"time":236.33333333333,"type":"mine"},{"angle":146.25,"speedMult":6,"time":236.33333333333,"type":"mine"},{"angle":135,"speedMult":6,"time":236.33333333333,"type":"mine"},{"angle":123.75,"speedMult":6,"time":236.33333333333,"type":"mine"},{"angle":472.5,"speedMult":6,"time":237.33333333333,"type":"mine"},{"angle":461.25,"speedMult":6,"time":237.33333333333,"type":"mine"},{"angle":450,"speedMult":6,"time":237.33333333333,"type":"mine"},{"angle":438.75,"speedMult":6,"time":237.33333333333,"type":"mine"},{"angle":427.5,"speedMult":6,"time":237.33333333333,"type":"mine"},{"angle":416.25,"speedMult":6,"time":237.33333333333,"type":"mine"},{"angle":405,"speedMult":6,"time":237.33333333333,"type":"mine"},{"angle":393.75,"speedMult":6,"time":237.33333333333,"type":"mine"},{"angle":382.5,"speedMult":6,"time":237.33333333333,"type":"mine"},{"angle":371.25,"speedMult":6,"time":237.33333333333,"type":"mine"},{"angle":360,"speedMult":6,"time":237.33333333333,"type":"mine"},{"angle":348.75,"speedMult":6,"time":237.33333333333,"type":"mine"},{"angle":337.5,"speedMult":6,"time":237.33333333333,"type":"mine"},{"angle":326.25,"speedMult":6,"time":237.33332824707,"type":"mine"},{"angle":303.75,"speedMult":6,"time":237.33333333333,"type":"mine"},{"angle":292.5,"speedMult":6,"time":237.33333333333,"type":"mine"},{"angle":315,"speedMult":6,"time":237.33333333333,"type":"mine"},{"angle":281.25,"speedMult":6,"time":237.33333333333,"type":"mine"},{"angle":270,"speedMult":6,"time":237.33333333333,"type":"mine"},{"angle":258.75,"speedMult":6,"time":237.33333333333,"type":"mine"},{"angle":247.5,"speedMult":6,"time":237.33333333333,"type":"mine"},{"angle":236.25,"speedMult":6,"time":237.33333333333,"type":"mine"},{"angle":191.25,"speedMult":6,"time":239,"type":"block"},{"angle":90,"speedMult":6,"time":241.33332824707,"type":"block"},{"angle":90,"speedMult":6,"time":241.66667175293,"type":"block"},{"angle":90,"speedMult":6,"time":242,"type":"block"},{"angle":112.5,"speedMult":6,"time":243.5,"type":"block"},{"angle":112.5,"speedMult":6,"time":243.83332824707,"type":"block"},{"angle":112.5,"speedMult":6,"time":244.16667175293,"type":"block"},{"angle":135,"speedMult":6,"time":245.5,"type":"block"},{"angle":146.25,"speedMult":6,"time":245.83332824707,"type":"block"},{"angle":157.5,"speedMult":6,"time":246.16667175293,"type":"block"},{"angle":168.75,"speedMult":6,"time":248.83332824707,"type":"block"},{"angle":168.75,"speedMult":6,"time":248.66667175293,"type":"block"},{"angle":168.75,"speedMult":6,"time":248.5,"type":"block"},{"angle":202.5,"speedMult":6,"time":251.5,"type":"block"},{"angle":191.25,"speedMult":6,"time":251.5,"type":"block"},{"angle":180,"speedMult":6,"time":251.5,"type":"block"},{"angle":168.75,"speedMult":6,"time":251.5,"type":"block"},{"angle":236.25,"speedMult":6,"time":252,"type":"block"},{"angle":247.5,"speedMult":6,"time":252,"type":"block"},{"angle":258.75,"speedMult":6,"time":252,"type":"block"},{"angle":258.75,"speedMult":6,"time":252,"type":"block"},{"angle":270,"speedMult":6,"time":252,"type":"block"},{"angle":202.5,"speedMult":6,"time":250.5,"type":"block"},{"angle":191.25,"speedMult":6,"time":250.5,"type":"block"},{"angle":180,"speedMult":6,"time":250.5,"type":"block"},{"angle":168.75,"speedMult":6,"time":250.5,"type":"block"},{"angle":202.5,"speedMult":6,"time":250.66667175293,"type":"block"},{"angle":191.25,"speedMult":6,"time":250.66667175293,"type":"block"},{"angle":180,"speedMult":6,"time":250.66667175293,"type":"block"},{"angle":168.75,"speedMult":6,"time":250.66667175293,"type":"block"},{"angle":292.5,"speedMult":6,"time":253.16667175293,"type":"block"},{"angle":292.5,"speedMult":6,"time":253.5,"type":"block"},{"angle":292.5,"speedMult":6,"time":253.83332824707,"type":"block"},{"angle":326.25,"speedMult":6,"time":255,"type":"block"},{"angle":337.5,"speedMult":6,"time":255,"type":"block"},{"angle":348.75,"speedMult":6,"time":255,"type":"block"},{"angle":326.25,"speedMult":6,"time":254.83332824707,"type":"block"},{"angle":337.5,"speedMult":6,"time":254.83332824707,"type":"block"},{"angle":348.75,"speedMult":6,"time":254.83332824707,"type":"block"},{"angle":101.25,"speedMult":6,"time":256.33334350586,"type":"block"},{"angle":112.5,"speedMult":6,"time":256.33334350586,"type":"block"},{"angle":123.75,"speedMult":6,"time":256.33334350586,"type":"block"},{"angle":191.25,"speedMult":6,"time":257.5,"type":"block"},{"angle":180,"speedMult":6,"time":257.5,"type":"block"},{"angle":168.75,"speedMult":6,"time":257.5,"type":"block"},{"angle":168.75,"speedMult":6,"time":257.66665649414,"type":"block"},{"angle":180,"speedMult":6,"time":257.66665649414,"type":"block"},{"angle":191.25,"speedMult":6,"time":257.66665649414,"type":"block"},{"angle":157.5,"time":14,"type":"block"},{"angle":157.5,"time":15.333333015442,"type":"block"},{"angle":213.75,"time":16,"type":"block"},{"angle2":146.25,"speedMult":6,"duration":1,"angle":202.5,"time":165.16667175293,"type":"hold"},{"speedMult":6,"angle2":180,"duration":1,"angle":146.25,"time":166.16667175293,"type":"hold"},{"speedMult":6,"angle2":146.25,"duration":1,"angle":180,"time":167.16667175293,"type":"hold"},{"speedMult":6,"angle2":168.75,"duration":1,"angle":146.25,"time":168.16667175293,"type":"hold"},{"speedMult":6,"angle2":157.5,"duration":1,"angle":168.75,"time":169.16667175293,"type":"hold"},{"angle2":157.5,"speedMult":6,"duration":1.4999998807907,"angle":157.5,"time":171.33332824707,"type":"hold"},{"angle2":157.5,"speedMult":6,"duration":1,"angle":157.5,"time":173.66667175293,"type":"hold"},{"speedMult":6,"angle2":157.5,"duration":1.4999998807907,"angle":157.5,"time":175.16667175293,"type":"hold"},{"angle":146.25,"speedMult":6,"time":181.33332824707,"type":"extraTap"},{"angle":146.25,"speedMult":6,"time":181,"type":"extraTap"},{"angle":146.25,"speedMult":6,"time":180.66667175293,"type":"extraTap"},{"angle":146.25,"speedMult":6,"time":180.33332824707,"type":"extraTap"},{"angle":146.25,"speedMult":6,"time":180,"type":"extraTap"},{"angle":157.5,"speedMult":6,"time":250.5,"type":"extraTap"},{"angle":157.5,"speedMult":6,"time":250.66667175293,"type":"extraTap"},{"angle":0,"speedMult":6,"time":254.83332824707,"type":"extraTap"},{"angle":0,"speedMult":6,"time":255,"type":"extraTap"},{"angle":157.5,"speedMult":6,"time":257.5,"type":"extraTap"},{"angle":157.5,"speedMult":6,"time":257.66665649414,"type":"extraTap"},{"angle":135,"speedMult":6,"time":186.33332824707,"type":"block"}]