{"properties":{"formatversion":13,"speed":70,"offset":8},"events":[{"bpm":94,"volume":1,"angle":270,"file":"dziwka3.ogg","time":1.5,"type":"play"},{"id":"","r":0,"time":1.5,"drawLayer":"bg","y":0,"recolor":-1,"x":0,"type":"deco","sprite":"niebie.png","angle":292.5},{"angle":337.5,"time":269,"type":"showResults"}],"metadata":{"artist":"Japko","difficulty":1,"description":"Gucio was beating his horse to his pet named chinchil when hole from underground open wide and hades came from it and took erenos life.\n","charter":"Charter","bg":true,"bgData":{"greenChannel":{"g":90,"r":241,"b":90},"yellowChannel":{"g":191,"r":172,"b":26},"magentaChannel":{"g":34,"r":24,"b":232},"cyanChannel":{"g":230,"r":21,"b":45},"image":"niga1.png","redChannel":{"g":0,"r":255,"b":0},"blueChannel":{"g":45,"r":177,"b":45}},"artistLink":"","songName":"Gucio in Hades"}}