{"properties":{"startBeat":0,"formatversion":13,"offset":8,"speed":162},"events":[{"type":"play","bpm":119,"file":"Levan Polka.ogg","time":-0,"volume":1.6000001430511,"offset":0.10000002384186,"angle":180},{"type":"deco","recolor":-1,"id":"","drawLayer":"bg","time":-7,"x":272,"y":12,"angle":180,"sprite":"Hatsune.png"},{"type":"setColor","g":255,"time":-7,"b":255,"angle":135,"color":3,"r":0},{"type":"setColor","g":134,"time":-7,"b":134,"angle":112.5,"color":2,"r":240},{"type":"setColor","time":-7,"angle":90,"color":4,"g":255},{"type":"setColor","g":230,"time":-7,"b":0,"angle":67.5,"color":5,"r":255},{"ease":"linear","time":-7,"paddle":1,"type":"paddles","duration":0,"angle":270},{"type":"ease","time":-7,"value":0,"var":"p.paddleDistance","angle":22.5},{"type":"deco","recolor":-1,"angle":180,"drawLayer":"bg","time":-15.5,"x":270,"id":"","y":1,"sprite":"Hatsune.png"},{"type":"setColor","g":255,"time":-15.5,"b":255,"angle":135,"color":3,"r":0},{"type":"setColor","g":134,"time":-15.5,"b":134,"angle":112.5,"color":2,"r":240},{"type":"setColor","time":-15.5,"angle":90,"color":4,"g":255},{"type":"setColor","g":230,"time":-15.5,"b":0,"angle":67.5,"color":5,"r":255},{"type":"ease","time":-15.5,"value":-0.049999997019768,"var":"p.drawScale","angle":0},{"type":"ease","time":-15.5,"value":0,"var":"p.paddleDistance","angle":22.5},{"type":"showResults","angle":0,"time":290},{"type":"deco","r":-683,"angle":202.5,"id":"Leek","parentid":"@player","x":3,"y":-125,"time":-7,"sprite":"Leek.png"},{"type":"forcePlayerSprite","time":-15.5,"spriteName":"","angle":315}],"metadata":{"songName":"Levan Polka","charter":"Jayce","difficulty":4,"description":"Leek Spin!!!!!!!","artistLink":"","bg":true,"bgData":{"blueChannel":{"b":229,"g":245,"r":17},"greenChannel":{"b":57,"g":226,"r":83},"yellowChannel":{"b":46,"g":230,"r":230},"magentaChannel":{"b":255,"g":255,"r":255},"cyanChannel":{"b":255,"g":255,"r":255},"image":"HatsuneLeeku.png","redChannel":{"b":18,"g":18,"r":231}},"artist":"Eino Kettunen"}}