{"events":[{"volume":1,"offset":0.10000000149012,"type":"play","angle":270,"time":0,"file":"The Cuss Word Song.ogg","bpm":250},{"type":"setBgColor","color":2,"time":14,"angle":315},{"b":255,"type":"setColor","r":0,"g":23,"time":14,"color":2,"angle":337.5},{"enable":false,"color":0,"time":78,"type":"outline","angle":315},{"type":"setBgColor","color":0,"time":78,"angle":337.5},{"enable":true,"color":0,"time":14,"type":"outline","angle":292.5},{"b":52,"type":"setColor","r":226,"g":226,"time":24,"color":2,"angle":22.5},{"b":1,"type":"setColor","r":6,"g":189,"time":32,"color":2,"angle":337.5},{"b":255,"type":"setColor","r":70,"g":30,"time":40,"color":2,"angle":337.5},{"b":0,"type":"setColor","r":255,"g":135,"time":48,"color":2,"angle":337.5},{"b":0,"type":"setColor","r":0,"g":0,"time":56,"color":2,"angle":337.5},{"b":255,"type":"setColor","r":0,"g":23,"time":64,"color":2,"angle":337.5},{"r":234,"type":"setColor","color":2,"b":0,"time":72,"g":0,"angle":22.5},{"time":78,"type":"showResults","angle":292.5},{"id":"CUSS","angle":0,"drawLayer":"bg","y":0,"sprite":"1.png","type":"deco","x":0,"time":16,"sy":1.8999999761581},{"b":108,"type":"setColor","r":111,"g":255,"time":16,"color":3,"angle":22.5},{"type":"setColor","color":0,"time":15.5,"angle":67.5},{"b":234,"type":"setColor","r":255,"g":0,"time":17,"color":3,"angle":22.5},{"time":17,"id":"CUSS","type":"deco","angle":360,"drawLayer":"bg","sy":1.8999999761581,"sprite":"2.png"},{"drawLayer":"bg","id":"CUSS","sy":2.2000000476837,"sprite":"3.png","time":18,"type":"deco","angle":360},{"r":255,"type":"setColor","color":3,"g":233,"time":18,"b":0,"angle":22.5},{"drawLayer":"bg","id":"CUSS","type":"deco","angle":360,"time":19,"sy":1.6000000238419,"sprite":"4.png"},{"r":255,"type":"setColor","color":3,"g":0,"time":19,"b":53,"angle":22.5},{"time":20,"id":"CUSS","type":"deco","angle":360,"drawLayer":"bg","sy":1,"sprite":"5.png"},{"time":21,"id":"CUSS","type":"deco","angle":360,"drawLayer":"bg","sy":2.1500000953674,"sprite":"6.png"},{"b":255,"type":"setColor","r":80,"g":217,"time":20,"color":3,"angle":22.5},{"b":234,"type":"setColor","r":255,"g":0,"time":21,"color":3,"angle":22.5},{"id":"CUSS","time":24,"y":-5,"sprite":"7.png","type":"deco","angle":405,"drawLayer":"bg","sy":2.5},{"b":252,"type":"setColor","r":87,"g":106,"time":24,"color":3,"angle":0},{"time":26,"id":"CUSS","type":"deco","angle":0,"drawLayer":"bg","sy":3.2000000476837,"sprite":"8.png"},{"b":255,"type":"setColor","r":223,"g":74,"time":26,"color":3,"angle":22.5},{"time":28,"id":"CUSS","type":"deco","angle":0,"drawLayer":"bg","sy":1.5,"sprite":"9.png"},{"b":153,"type":"setColor","r":118,"g":244,"time":28,"color":3,"angle":22.5},{"id":"CUSS","hide":true,"time":78,"type":"deco","angle":0},{"sprite":"11.png","id":"CUSS","type":"deco","time":34,"drawLayer":"bg","angle":360},{"b":248,"type":"setColor","r":252,"g":118,"time":34,"color":3,"angle":22.5},{"sy":2.4000000953674,"id":"CUSS","type":"deco","angle":0,"time":32,"drawLayer":"bg","sprite":"10.png"},{"b":115,"type":"setColor","r":255,"g":197,"time":32,"color":3,"angle":22.5},{"time":36,"id":"CUSS","type":"deco","angle":360,"drawLayer":"bg","sy":2,"sprite":"12.png"},{"b":38,"type":"setColor","r":166,"g":251,"time":36,"color":3,"angle":22.5},{"time":38,"id":"CUSS","type":"deco","angle":405,"drawLayer":"bg","sy":1.6000000238419,"sprite":"13.png"},{"b":251,"type":"setColor","r":38,"g":245,"time":38,"color":3,"angle":22.5},{"time":40,"id":"CUSS","sy":1.1000000238419,"sprite":"14.png","drawLayer":"bg","type":"deco","angle":22.5},{"b":176,"type":"setColor","r":38,"g":251,"time":40,"color":3,"angle":0},{"time":41,"id":"CUSS","sy":1,"sprite":"15.png","drawLayer":"bg","type":"deco","angle":22.5},{"b":53,"type":"setColor","r":255,"g":0,"time":41,"color":3,"angle":360},{"drawLayer":"bg","id":"CUSS","sy":1,"sprite":"16.png","time":43,"type":"deco","angle":22.5},{"b":255,"type":"setColor","r":251,"g":109,"time":43,"color":3,"angle":360},{"b":90,"type":"setColor","r":111,"g":189,"time":44,"color":3,"angle":360},{"angle":22.5,"id":"CUSS","type":"deco","time":44,"drawLayer":"bg","sprite":"17.png"},{"b":90,"type":"setColor","r":255,"g":255,"time":48,"color":3,"angle":360},{"angle":22.5,"id":"CUSS","type":"deco","drawLayer":"bg","time":48,"sprite":"18.png"},{"time":49,"id":"CUSS","sy":1.5,"sprite":"9.png","drawLayer":"bg","type":"deco","angle":0},{"b":153,"type":"setColor","r":118,"g":244,"time":49,"color":3,"angle":22.5},{"id":"CUSS","time":50,"y":40,"sprite":"4.png","type":"deco","angle":0,"drawLayer":"bg","sy":1.2000000476837},{"r":255,"type":"setColor","color":3,"g":0,"time":50,"b":53,"angle":-22.5},{"id":"CUSS","time":51,"y":50,"sprite":"3.png","sy":1.5,"angle":360,"drawLayer":"bg","type":"deco"},{"color":3,"type":"setColor","r":255,"g":233,"time":51,"b":0,"angle":22.5},{"id":"CUSS","time":52,"y":40,"sprite":"19.png","type":"deco","angle":360,"drawLayer":"bg","sy":1.5},{"r":248,"type":"setColor","color":3,"g":132,"time":52,"b":255,"angle":22.5},{"id":"CUSS","time":53,"y":30,"angle":22.5,"sy":0.80000001192093,"sprite":"16.png","drawLayer":"bg","type":"deco"},{"r":233,"type":"setColor","color":3,"b":255,"time":53,"g":185,"angle":360},{"id":"CUSS","time":54,"y":0,"angle":22.5,"type":"deco","sprite":"20.png","drawLayer":"bg","sy":1},{"r":109,"type":"setColor","color":3,"b":191,"time":54,"g":255,"angle":360},{"sprite":"21.png","id":"CUSS","type":"deco","time":56,"drawLayer":"bg","angle":22.5},{"color":3,"type":"setColor","r":255,"b":88,"time":56,"g":250,"angle":360},{"sprite":"22.png","id":"CUSS","type":"deco","drawLayer":"bg","time":58,"angle":22.5},{"color":3,"type":"setColor","r":239,"b":255,"time":58,"g":68,"angle":45},{"sprite":"23.png","id":"CUSS","type":"deco","time":60,"drawLayer":"bg","angle":22.5},{"color":3,"type":"setColor","r":255,"b":255,"time":60,"g":255,"angle":45},{"r":255,"type":"setColor","color":3,"b":234,"time":64,"g":0,"angle":315},{"time":64,"id":"CUSS","sy":1.8999999761581,"angle":292.5,"drawLayer":"bg","type":"deco","sprite":"2.png"},{"time":65,"id":"CUSS","sy":2.2000000476837,"angle":360,"drawLayer":"bg","type":"deco","sprite":"3.png"},{"color":3,"type":"setColor","r":255,"b":0,"time":65,"g":233,"angle":22.5},{"drawLayer":"bg","id":"CUSS","type":"deco","sprite":"5.png","time":66,"sy":1,"angle":360},{"time":67,"id":"CUSS","sy":2.1500000953674,"angle":360,"drawLayer":"bg","type":"deco","sprite":"6.png"},{"r":80,"type":"setColor","color":3,"b":255,"time":66,"g":217,"angle":22.5},{"r":255,"type":"setColor","color":3,"g":0,"time":67,"b":234,"angle":22.5},{"time":68,"id":"CUSS","type":"deco","sprite":"24.png","drawLayer":"bg","sy":1.6000000238419,"angle":360},{"r":29,"type":"setColor","color":3,"g":227,"time":68,"b":255,"angle":22.5},{"drawLayer":"bg","id":"CUSS","type":"deco","angle":360,"time":69,"sy":1.6000000238419,"sprite":"4.png"},{"color":3,"type":"setColor","r":255,"g":0,"time":69,"b":53,"angle":22.5},{"angle":0,"id":"CUSS","type":"deco","time":71,"drawLayer":"bg","sprite":"25.png"},{"r":252,"type":"setColor","color":3,"g":118,"time":71,"b":248,"angle":22.5},{"time":70,"id":"CUSS","sy":2.4000000953674,"angle":0,"drawLayer":"bg","type":"deco","sprite":"10.png"},{"r":255,"type":"setColor","color":3,"b":115,"time":70,"g":197,"angle":22.5},{"id":"CUSS","time":72,"y":-5,"sprite":"7.png","sy":2.5,"angle":405,"drawLayer":"bg","type":"deco"},{"r":87,"type":"setColor","color":3,"b":252,"time":72,"g":106,"angle":0},{"type":"deco","id":"CUSS","sy":3.2000000476837,"sprite":"8.png","time":74,"drawLayer":"bg","angle":0},{"b":255,"type":"setColor","r":223,"g":74,"time":74,"color":3,"angle":22.5},{"type":"deco","id":"CUSS","sy":1.5,"sprite":"9.png","time":76,"drawLayer":"bg","angle":0},{"b":153,"type":"setColor","r":118,"g":244,"time":76,"color":3,"angle":22.5}],"properties":{"speed":70,"formatversion":13,"offset":8},"metadata":{"description":"If you care about monetization of your video please do not play this\n","artistLink":"https://www.youtube.com/@rustycage","difficulty":1,"artist":"Rusty Cage","bg":true,"songName":"The Cuss Word Song","bgData":{"redChannel":{"b":48,"g":255,"r":251},"image":"THUMB.png","blueChannel":{"b":77,"g":12,"r":11},"greenChannel":{"b":255,"g":255,"r":255},"yellowChannel":{"b":255,"g":255,"r":255},"magentaChannel":{"b":255,"g":255,"r":255},"cyanChannel":{"b":255,"g":255,"r":255}},"charter":"Random22"}}