[{"angle":360,"type":"block","time":3},{"angle":45,"type":"block","time":3.5},{"angle":90,"type":"block","time":4},{"angle":135,"type":"block","time":4.5},{"angle":180,"type":"block","time":5},{"angle":270,"type":"block","time":5.75},{"angle":0,"type":"block","time":6.5},{"angle":180,"type":"block","time":7.5},{"angle":225,"type":"block","time":8},{"angle":270,"type":"block","time":8.5},{"angle":315,"type":"block","time":9},{"angle":45,"type":"block","time":9.75},{"angle":135,"type":"block","time":10.5},{"angle":90,"type":"block","time":11},{"angle":45,"type":"block","time":11.5},{"angle":0,"type":"block","time":12},{"angle":315,"type":"block","time":12.5},{"angle":270,"type":"block","time":13},{"angle":180,"type":"block","time":13.75},{"angle":90,"type":"block","time":14.5},{"angle":270,"type":"block","time":15.5},{"angle":225,"type":"block","time":16},{"angle":180,"type":"block","time":16.5},{"angle":90,"type":"block","time":17},{"angle":0,"type":"block","time":17.75},{"angle":270,"type":"block","time":18.5},{"angle":225,"type":"block","time":19},{"angle":270,"type":"block","time":19.5},{"angle":315,"type":"block","time":20},{"angle":0,"type":"block","time":20.5},{"angle":45,"type":"block","time":21},{"angle":135,"type":"block","time":21.75},{"angle":225,"type":"block","time":22.5},{"angle":45,"type":"block","time":23.5},{"angle":90,"type":"block","time":24},{"angle":135,"type":"block","time":24.5},{"angle":180,"type":"block","time":25},{"angle":225,"type":"block","time":25.75},{"angle":315,"type":"block","time":26.5},{"angle":0,"type":"block","time":27},{"angle":315,"type":"block","time":27.5},{"angle":270,"type":"block","time":28},{"angle":225,"type":"block","time":28.5},{"angle":180,"type":"block","time":29},{"angle":90,"type":"block","time":29.75},{"angle":0,"type":"block","time":30.5},{"angle":180,"type":"block","time":31.5},{"angle":135,"type":"block","time":32},{"angle":90,"type":"block","time":32.5},{"angle":45,"type":"block","time":33},{"angle":315,"type":"block","time":33.75},{"angle":225,"type":"block","time":34.5},{"angle":180,"type":"block","time":35,"tap":true},{"angle":225,"type":"block","time":35.5},{"angle":270,"type":"block","time":36,"tap":true},{"angle":315,"type":"block","time":36.5},{"angle":0,"type":"block","time":37,"tap":true},{"angle":90,"type":"block","time":37.75},{"angle":180,"type":"block","time":38.5},{"angle":0,"type":"block","time":39.5},{"angle":45,"type":"block","time":40,"tap":true},{"angle":90,"type":"block","time":40.5},{"angle":135,"type":"block","time":41,"tap":true},{"angle":225,"type":"block","time":41.75},{"angle":315,"type":"block","time":42.5},{"angle":0,"type":"block","time":43,"tap":true},{"angle":315,"type":"block","time":43.5},{"angle":270,"type":"block","time":44,"tap":true},{"angle":225,"type":"block","time":44.5},{"angle":180,"type":"block","time":45,"tap":true},{"angle":90,"type":"block","time":45.75},{"angle":0,"type":"block","time":46.5},{"angle":180,"type":"block","time":47.5},{"angle":135,"type":"block","time":48,"tap":true},{"angle":90,"type":"block","time":48.5},{"angle":45,"type":"block","time":49,"tap":true},{"angle":315,"type":"block","time":49.75},{"angle":225,"type":"block","time":50.5},{"angle":22.5,"type":"extraTap","time":38,"speedMult":0.5},{"angle":22.5,"type":"extraTap","time":39,"speedMult":0.5},{"angle":22.5,"type":"extraTap","time":42,"speedMult":0.5},{"angle":22.5,"type":"extraTap","time":46,"speedMult":0.5},{"angle":22.5,"type":"extraTap","time":47,"speedMult":0.5},{"angle":22.5,"type":"extraTap","time":50,"speedMult":0.5},{"angle":22.5,"type":"extraTap","time":54,"speedMult":0.5},{"angle":22.5,"type":"extraTap","time":55,"speedMult":0.5},{"angle":22.5,"type":"extraTap","time":58,"speedMult":0.5},{"angle":22.5,"type":"extraTap","time":62,"speedMult":0.5},{"angle":22.5,"type":"extraTap","time":63,"speedMult":0.5},{"angle":22.5,"type":"extraTap","time":66,"speedMult":0.5},{"angle":22.5,"type":"extraTap","time":70,"speedMult":0.5},{"angle":22.5,"type":"extraTap","time":74,"speedMult":0.5},{"angle":22.5,"type":"extraTap","time":78,"speedMult":0.5},{"angle":22.5,"type":"extraTap","time":82,"speedMult":0.5},{"angle":22.5,"type":"extraTap","time":86,"speedMult":0.5},{"angle":22.5,"type":"extraTap","time":94,"speedMult":0.5},{"angle":22.5,"type":"extraTap","time":98,"speedMult":0.5},{"angle":22.5,"type":"extraTap","time":102,"speedMult":0.5},{"angle":22.5,"type":"extraTap","time":106,"speedMult":0.5},{"angle":22.5,"type":"extraTap","time":110,"speedMult":0.5},{"angle":22.5,"type":"extraTap","time":114,"speedMult":0.5},{"angle":22.5,"type":"extraTap","time":126,"speedMult":0.5},{"angle":22.5,"type":"extraTap","time":130,"speedMult":0.5},{"angle":22.5,"type":"extraTap","time":134,"speedMult":0.5},{"angle":22.5,"type":"extraTap","time":138,"speedMult":0.5},{"angle":22.5,"type":"extraTap","time":142,"speedMult":0.5},{"angle":22.5,"type":"extraTap","time":146,"speedMult":0.5},{"angle":22.5,"type":"extraTap","time":150,"speedMult":0.5},{"angle":22.5,"type":"extraTap","time":158,"speedMult":0.5},{"angle":22.5,"type":"extraTap","time":159,"speedMult":0.5},{"angle":180,"type":"block","time":51,"tap":true},{"angle":225,"type":"block","time":51.5},{"angle":270,"type":"block","time":52,"tap":true},{"angle":315,"type":"block","time":52.5},{"angle":360,"type":"block","time":53,"tap":true},{"angle":90,"type":"block","time":53.75},{"angle":180,"type":"block","time":54.5},{"angle":0,"type":"block","time":55.5},{"angle":45,"type":"block","time":56,"tap":true},{"angle":90,"type":"block","time":56.5},{"angle":135,"type":"block","time":57,"tap":true},{"angle":225,"type":"block","time":57.75},{"angle":315,"type":"block","time":58.5},{"angle":360,"type":"block","time":59,"tap":true},{"angle":315,"type":"block","time":59.5},{"angle":270,"type":"block","time":60,"tap":true},{"angle":225,"type":"block","time":60.5},{"angle":180,"type":"block","time":61,"tap":true},{"angle":90,"type":"block","time":61.75},{"angle":0,"type":"block","time":62.5},{"angle":180,"type":"block","time":63.5},{"angle":135,"type":"block","time":64,"tap":true},{"angle":90,"type":"block","time":64.5},{"angle":45,"type":"block","time":65,"tap":true},{"angle":315,"type":"block","time":65.75},{"angle":225,"type":"block","time":66.5},{"angle":360,"type":"block","time":67,"tap":true},{"angle":360,"type":"block","time":67.5},{"angle":360,"type":"block","time":68,"tap":true},{"angle":360,"type":"block","time":68.5},{"angle":360,"type":"block","time":69,"tap":true},{"angle":33.75,"type":"block","time":69.75},{"angle":67.5,"type":"block","time":70.5},{"angle":123.75,"type":"block","time":71.5},{"angle":157.5,"type":"block","time":72,"tap":true},{"angle":191.25,"type":"block","time":72.5},{"angle":225,"type":"block","time":73,"tap":true},{"angle":270,"type":"block","time":73.75},{"angle":326.25,"type":"block","time":74.5},{"angle":360,"type":"block","time":75,"tap":true},{"angle":326.25,"type":"block","time":75.5},{"angle":303.75,"type":"block","time":76,"tap":true},{"angle":270,"type":"block","time":76.5},{"angle":247.5,"type":"block","time":77,"tap":true},{"angle":303.75,"type":"block","time":77.75},{"angle":348.75,"type":"block","time":78.5},{"angle":0,"type":"block","time":79.5},{"angle":326.25,"type":"block","time":80,"tap":true},{"angle":303.75,"type":"block","time":80.5},{"angle":281.25,"type":"block","time":81,"tap":true},{"angle":236.25,"type":"block","time":81.75},{"angle":213.75,"type":"block","time":82.5},{"angle":180,"type":"block","time":83,"tap":true},{"angle":213.75,"type":"block","time":83.5},{"angle":247.5,"type":"block","time":84,"tap":true},{"angle":270,"type":"block","time":84.5},{"angle":303.75,"type":"block","time":85,"tap":true},{"angle":326.25,"type":"block","time":85.75},{"angle":348.75,"type":"block","time":86.5},{"angle":22.5,"type":"block","time":87.5},{"angle":33.75,"type":"block","time":88,"tap":true},{"angle":56.25,"type":"block","time":88.5},{"angle":67.5,"type":"block","time":89,"tap":true},{"angle":101.25,"type":"block","time":89.75},{"angle":135,"type":"block","time":90.5},{"angle":123.75,"type":"block","time":91.5},{"angle":101.25,"type":"block","time":92,"tap":true},{"angle":67.5,"type":"block","time":92.5},{"angle":45,"type":"block","time":93,"tap":true},{"angle":101.25,"type":"block","time":93.75},{"angle":146.25,"type":"block","time":94.5},{"angle":157.5,"type":"block","time":95.5},{"angle":135,"type":"block","time":96,"tap":true},{"angle":112.5,"type":"block","time":96.5},{"angle":90,"type":"block","time":97,"tap":true},{"angle":56.25,"type":"block","time":97.75},{"angle":22.5,"type":"block","time":98.5},{"angle":0,"type":"block","time":99,"tap":true},{"angle":33.75,"type":"block","time":99.5},{"angle":67.5,"type":"block","time":100,"tap":true},{"angle":101.25,"type":"block","time":100.5},{"angle":123.75,"type":"block","time":101,"tap":true},{"angle":67.5,"type":"block","time":101.75},{"angle":348.75,"type":"block","time":102.5},{"angle":0,"type":"block","time":103.5},{"angle":45,"type":"block","time":104,"tap":true},{"angle":90,"type":"block","time":104.5},{"angle":135,"type":"block","time":105,"tap":true},{"angle":202.5,"type":"block","time":105.75},{"angle":270,"type":"block","time":106.5},{"angle":315,"type":"block","time":107,"tap":true},{"angle":281.25,"type":"block","time":107.5},{"angle":236.25,"type":"block","time":108,"tap":true},{"angle":213.75,"type":"block","time":108.5},{"angle":180,"type":"block","time":109,"tap":true},{"angle":157.5,"type":"block","time":109.75},{"angle":146.25,"type":"block","time":110.5},{"angle":101.25,"type":"block","time":111.5},{"angle":67.5,"type":"block","time":112,"tap":true},{"angle":45,"type":"block","time":112.5},{"angle":22.5,"type":"block","time":113,"tap":true},{"angle":326.25,"type":"block","time":113.75},{"angle":281.25,"type":"block","time":114.5},{"angle":247.5,"type":"block","time":115,"tap":true},{"angle":270,"type":"block","time":115.5},{"angle":303.75,"type":"block","time":116,"tap":true},{"angle":337.5,"type":"block","time":116.5},{"angle":360,"type":"block","time":117,"tap":true},{"angle":45,"type":"block","time":117.75},{"angle":101.25,"type":"block","time":118.5},{"angle":0,"type":"block","time":162,"speedMult":5},{"angle":0,"type":"block","time":159.5,"speedMult":5},{"angle":0,"type":"block","time":160,"speedMult":5},{"angle":360,"type":"block","time":160.5,"speedMult":5},{"angle":0,"type":"block","time":161,"speedMult":5},{"angle":0,"type":"block","time":161.5,"speedMult":5},{"angle":360,"type":"block","time":162.5,"speedMult":5},{"angle":157.5,"type":"block","time":163.5},{"angle":180,"type":"block","time":163,"tap":true,"speedMult":5},{"angle":90,"type":"block","time":119.5},{"angle":56.25,"type":"block","time":120,"tap":true},{"angle":22.5,"type":"block","time":120.5},{"angle":348.75,"type":"block","time":121,"tap":true},{"angle":292.5,"type":"block","time":121.75},{"angle":292.5,"type":"block","time":122.5},{"angle":315,"type":"block","time":123,"tap":true},{"angle":337.5,"type":"block","time":123.5},{"angle":337.5,"type":"block","time":124,"tap":true},{"angle":348.75,"type":"block","time":124.5},{"angle":360,"type":"block","time":125,"tap":true},{"angle":33.75,"type":"block","time":125.75},{"angle":67.5,"type":"block","time":126.5},{"angle":78.75,"type":"block","time":127.5},{"angle":67.5,"type":"block","time":128,"tap":true},{"angle":56.25,"type":"block","time":128.5},{"angle":45,"type":"block","time":129,"tap":true},{"angle":22.5,"type":"block","time":129.75},{"angle":11.25,"type":"block","time":130.5},{"angle":360,"type":"block","time":131,"tap":true},{"angle":22.5,"type":"block","time":131.5},{"angle":45,"type":"block","time":132,"tap":true},{"angle":67.5,"type":"block","time":132.5},{"angle":78.75,"type":"block","time":133,"tap":true},{"angle":67.5,"type":"block","time":133.75},{"angle":56.25,"type":"block","time":134.5},{"angle":33.75,"type":"block","time":135.5},{"angle":33.75,"type":"block","time":136,"tap":true},{"angle":11.25,"type":"block","time":136.5},{"angle":360,"type":"block","time":137,"tap":true},{"angle":337.5,"type":"block","time":137.75},{"angle":315,"type":"block","time":138.5},{"angle":303.75,"type":"block","time":139,"tap":true},{"angle":281.25,"type":"block","time":139.5},{"angle":247.5,"type":"block","time":140,"tap":true},{"angle":225,"type":"block","time":140.5},{"angle":202.5,"type":"block","time":141,"tap":true},{"angle":236.25,"type":"block","time":141.75},{"angle":258.75,"type":"block","time":142.5},{"angle":247.5,"type":"block","time":143.5},{"angle":225,"type":"block","time":144,"tap":true},{"angle":191.25,"type":"block","time":144.5},{"angle":168.75,"type":"block","time":145,"tap":true},{"angle":123.75,"type":"block","time":145.75},{"angle":78.75,"type":"block","time":146.5},{"angle":56.25,"type":"block","time":147,"tap":true},{"angle":67.5,"type":"block","time":147.5},{"angle":78.75,"type":"block","time":148,"tap":true},{"angle":90,"type":"block","time":148.5},{"angle":90,"type":"block","time":149,"tap":true},{"angle":33.75,"type":"block","time":149.75},{"angle":337.5,"type":"block","time":150.5},{"angle":303.75,"type":"block","time":151.5},{"angle":292.5,"type":"block","time":152,"tap":true},{"angle":281.25,"type":"block","time":152.5},{"angle":270,"type":"block","time":153,"tap":true},{"angle":258.75,"type":"block","time":153.75},{"angle":303.75,"type":"block","time":154.5},{"angle":326.25,"type":"block","time":155,"tap":true},{"angle":337.5,"type":"block","time":155.5},{"angle":348.75,"type":"block","time":156,"tap":true},{"angle":135,"type":"block","time":158.5},{"angle":0,"type":"block","time":156.5},{"angle":0,"type":"block","time":157,"tap":true},{"angle":67.5,"type":"block","time":157.75},{"angle":146.25,"type":"block","time":164,"tap":true},{"angle":135,"type":"block","time":164.5},{"angle":123.75,"type":"block","time":165,"tap":true},{"angle":90,"type":"block","time":165.75},{"angle":90,"type":"block","time":166.5},{"angle":56.25,"type":"block","time":167.5},{"angle":22.5,"type":"block","time":168,"tap":true},{"angle":348.75,"type":"block","time":168.5},{"angle":326.25,"type":"block","time":169,"tap":true},{"angle":270,"type":"block","time":169.75},{"angle":225,"type":"block","time":170.5},{"angle":191.25,"type":"block","time":171,"tap":true},{"angle":213.75,"type":"block","time":171.5},{"angle":225,"type":"block","time":172,"tap":true},{"angle":247.5,"type":"block","time":172.5},{"angle":258.75,"type":"block","time":173,"tap":true},{"angle":225,"type":"block","time":173.75},{"angle":191.25,"type":"block","time":174.5},{"angle":135,"type":"block","time":175.5},{"angle":101.25,"type":"block","time":176,"tap":true},{"angle":67.5,"type":"block","time":176.5},{"angle":33.75,"type":"block","time":177,"tap":true},{"angle":348.75,"type":"block","time":177.75},{"angle":303.75,"type":"block","time":178.5},{"angle":270,"type":"block","time":179,"tap":true},{"angle":281.25,"type":"block","time":179.5},{"angle":292.5,"type":"block","time":180,"tap":true},{"angle":326.25,"type":"block","time":180.5},{"angle":315,"type":"block","time":181,"tap":true},{"angle":281.25,"type":"block","time":181.75},{"angle":258.75,"type":"block","time":182.5},{"angle":281.25,"type":"block","time":183.5},{"angle":303.75,"type":"block","time":184,"tap":true},{"angle":326.25,"type":"block","time":184.5},{"angle":360,"type":"block","time":185,"tap":true},{"angle":56.25,"type":"block","time":185.75},{"angle":56.25,"type":"block","time":186.5},{"angle":45,"type":"block","time":187,"tap":true},{"angle":11.25,"type":"block","time":187.5},{"angle":337.5,"type":"block","time":188,"tap":true},{"angle":292.5,"type":"block","time":188.5},{"angle":270,"type":"block","time":189,"tap":true},{"angle":292.5,"type":"block","time":189.75},{"angle":315,"type":"block","time":190.5},{"angle":303.75,"type":"block","time":191.5},{"angle":281.25,"type":"block","time":192,"tap":true},{"angle":258.75,"type":"block","time":192.5},{"angle":236.25,"type":"block","time":193,"tap":true},{"angle":191.25,"type":"block","time":193.75},{"angle":146.25,"type":"block","time":194.5},{"angle":22.5,"type":"extraTap","time":163,"speedMult":0.75},{"angle":157.5,"type":"block","time":195.5},{"angle":191.25,"type":"block","time":196,"tap":true},{"angle":236.25,"type":"block","time":196.5},{"angle":236.25,"type":"block","time":197,"tap":true},{"angle":225,"type":"block","time":197.75},{"angle":202.5,"type":"block","time":198.5},{"angle":213.75,"type":"block","time":199.5},{"angle":225,"type":"block","time":200,"tap":true},{"angle":236.25,"type":"block","time":200.5},{"angle":247.5,"type":"block","time":201,"tap":true},{"angle":258.75,"type":"block","time":201.75},{"angle":281.25,"type":"block","time":202.5},{"angle":270,"type":"block","time":203.5},{"angle":258.75,"type":"block","time":204,"tap":true},{"angle":236.25,"type":"block","time":204.5},{"angle":213.75,"type":"block","time":205,"tap":true},{"angle":191.25,"type":"block","time":208,"tap":true},{"angle":168.75,"type":"block","time":208.5},{"angle":146.25,"type":"block","time":209,"tap":true},{"angle":112.5,"type":"block","time":209.75},{"angle":67.5,"type":"block","time":210.5},{"angle":67.5,"type":"block","time":211.5},{"angle":90,"type":"block","time":212,"tap":true},{"angle":112.5,"type":"block","time":212.5},{"angle":135,"type":"block","time":213,"tap":true},{"angle":112.5,"type":"block","time":213.75},{"angle":101.25,"type":"block","time":214.5},{"angle":281.25,"type":"block","time":203,"tap":true},{"angle":236.25,"type":"block","time":205.75},{"angle":247.5,"type":"block","time":206.5},{"angle":225,"type":"block","time":207.5},{"angle":45,"type":"block","time":211,"tap":true},{"angle":22.5,"type":"extraTap","time":166,"speedMult":0.5},{"angle":22.5,"type":"extraTap","time":170,"speedMult":0.5},{"angle":22.5,"type":"extraTap","time":174,"speedMult":0.5},{"angle":22.5,"type":"extraTap","time":178,"speedMult":0.5},{"angle":22.5,"type":"extraTap","time":182,"speedMult":0.5},{"angle":22.5,"type":"extraTap","time":190,"speedMult":0.5},{"angle":22.5,"type":"extraTap","time":194,"speedMult":0.5},{"angle":22.5,"type":"extraTap","time":198,"speedMult":0.5},{"angle":22.5,"type":"extraTap","time":202,"speedMult":0.5},{"angle":22.5,"type":"extraTap","time":206,"speedMult":0.5},{"angle":22.5,"type":"extraTap","time":210,"speedMult":0.5},{"angle":22.5,"type":"extraTap","time":214,"speedMult":0.5},{"angle":135,"type":"block","time":195,"tap":true},{"angle":180,"type":"hold","time":67,"angle2":180,"duration":2},{"angle":180,"type":"hold","time":69,"angle2":270,"duration":2},{"angle":270,"startTap":true,"time":71,"duration":4,"angle2":540,"type":"hold"},{"angle":180,"type":"hold","time":75,"angle2":67.5,"duration":2},{"angle":67.5,"type":"hold","time":77,"angle2":202.5,"duration":2},{"angle":202.5,"startTap":true,"time":79,"duration":4,"angle2":0,"type":"hold"},{"angle":0,"type":"hold","time":83,"angle2":123.75,"duration":2},{"angle":123.75,"type":"hold","time":85,"angle2":180,"duration":2},{"angle":180,"startTap":true,"time":87,"duration":3,"angle2":281.25,"type":"hold"},{"angle":281.25,"startTap":true,"time":90,"duration":1,"angle2":337.5,"type":"hold"},{"angle":337.5,"startTap":true,"time":91,"duration":2,"angle2":225,"type":"hold"},{"angle":225,"type":"hold","time":93,"angle2":360,"duration":2},{"angle":360,"startTap":true,"time":95,"duration":4,"angle2":180,"type":"hold"},{"angle":180,"type":"hold","time":99,"angle2":303.75,"duration":2},{"angle":303.75,"type":"hold","time":101,"angle2":135,"duration":2},{"angle":135,"startTap":true,"time":103,"duration":4,"angle2":495,"type":"hold"},{"angle":135,"type":"hold","time":107,"angle2":0,"duration":2},{"angle":0,"type":"hold","time":109,"angle2":-45,"duration":2},{"angle":315,"startTap":true,"time":111,"duration":4,"angle2":67.5,"type":"hold"},{"angle":67.5,"type":"hold","time":115,"angle2":180,"duration":2},{"angle":180,"type":"hold","time":117,"angle2":315,"duration":2},{"angle":315,"startTap":true,"time":119,"duration":3,"angle2":90,"type":"hold"},{"angle":90,"startTap":true,"time":122,"duration":1,"angle2":135,"type":"hold"},{"angle":135,"type":"hold","time":123,"angle2":180,"duration":2},{"angle":180,"type":"hold","time":125,"angle2":270,"duration":2},{"angle":270,"startTap":true,"time":127,"duration":4,"angle2":180,"type":"hold"},{"angle":180,"type":"hold","time":131,"angle2":258.75,"duration":2},{"angle":258.75,"type":"hold","time":133,"angle2":236.25,"duration":2},{"angle":236.25,"startTap":true,"time":135,"duration":4,"angle2":123.75,"type":"hold"},{"angle":123.75,"type":"hold","time":139,"angle2":22.5,"duration":2},{"angle":22.5,"type":"hold","time":141,"angle2":101.25,"duration":2},{"angle":101.25,"startTap":true,"time":143,"duration":4,"angle2":-123.75,"type":"hold"},{"angle":236.25,"type":"hold","time":147,"angle2":270,"duration":2},{"angle":270,"type":"hold","time":149,"angle2":123.75,"duration":2},{"angle":123.75,"startTap":true,"time":151,"duration":3,"angle2":78.75,"type":"hold"},{"angle":78.75,"startTap":true,"time":154,"duration":1,"angle2":146.25,"type":"hold"},{"angle":146.25,"type":"hold","time":155,"angle2":180,"duration":2},{"angle":180,"type":"hold","time":157,"endTap":true,"angle2":360,"duration":2},{"angle":0,"type":"hold","time":163,"angle2":-56.25,"duration":2},{"angle":303.75,"type":"hold","time":165,"holdEase":"outCirc","angle2":270,"duration":2},{"angle":270,"startTap":true,"time":167,"duration":4,"angle2":11.25,"type":"hold"},{"angle":11.25,"type":"hold","time":171,"angle2":78.75,"duration":2},{"angle":78.75,"type":"hold","time":173,"angle2":-11.25,"duration":2},{"angle":348.75,"startTap":true,"time":175,"duration":4,"angle2":90,"type":"hold"},{"angle":90,"type":"hold","time":179,"angle2":135,"duration":2},{"angle":135,"type":"hold","time":181,"angle2":56.25,"duration":2},{"angle":56.25,"startTap":true,"time":183,"duration":3,"angle2":236.25,"type":"hold"},{"angle":236.25,"startTap":true,"time":186,"duration":1,"angle2":225,"type":"hold"},{"angle":225,"type":"hold","time":187,"angle2":78.75,"duration":2},{"angle":78.75,"type":"hold","time":189,"angle2":146.25,"duration":2},{"angle":146.25,"startTap":true,"time":191,"duration":4,"angle2":-45,"type":"hold"},{"angle":315,"type":"hold","time":195,"angle2":416.25,"duration":2},{"angle":56.25,"type":"hold","time":197,"angle2":22.5,"duration":2},{"angle":22.5,"startTap":true,"time":199,"duration":4,"angle2":101.25,"type":"hold"},{"angle":101.25,"type":"hold","time":203,"angle2":45,"duration":2},{"angle":45,"type":"hold","time":205,"angle2":67.5,"duration":2},{"angle":67.5,"startTap":true,"time":207,"duration":4,"angle2":-135,"type":"hold"},{"angle":56.25,"type":"block","time":215.5},{"angle":33.75,"type":"block","time":216,"tap":true},{"angle":11.25,"type":"block","time":216.5},{"angle":348.75,"type":"block","time":217,"tap":true},{"angle":303.75,"type":"block","time":217.75},{"angle":281.25,"type":"block","time":218.5},{"angle":281.25,"type":"block","time":219.5},{"angle":292.5,"type":"block","time":220,"tap":true},{"angle":303.75,"type":"block","time":220.5},{"angle":315,"type":"block","time":221,"tap":true},{"angle":348.75,"type":"block","time":221.75},{"angle":22.5,"type":"block","time":222.5},{"angle":22.5,"type":"block","time":223.5},{"angle":0,"type":"block","time":224,"tap":true},{"angle":348.75,"type":"block","time":224.5},{"angle":326.25,"type":"block","time":225,"tap":true},{"angle":303.75,"type":"block","time":225.75},{"angle":281.25,"type":"block","time":226.5},{"angle":22.5,"type":"extraTap","time":222,"speedMult":0.5},{"angle":22.5,"type":"extraTap","time":226,"speedMult":0.5},{"angle":270,"type":"block","time":219,"tap":true},{"angle":135,"type":"mineHold","time":66.75,"angle2":135,"duration":0.5},{"angle":315,"type":"mineHold","time":66.75,"angle2":315,"duration":0.5},{"angle":225,"type":"hold","time":211,"angle2":315,"duration":2},{"angle":315,"type":"hold","time":213,"angle2":270,"duration":2},{"angle":270,"startTap":true,"time":215,"duration":3,"angle2":112.5,"type":"hold"},{"angle":112.5,"startTap":true,"time":218,"duration":1,"angle2":90,"type":"hold"},{"angle":90,"type":"hold","time":219,"angle2":135,"duration":2},{"angle":135,"type":"hold","time":221,"angle2":225,"duration":2},{"angle":225,"startTap":true,"time":223,"duration":4,"angle2":78.75,"type":"hold"},{"angle":247.5,"type":"block","time":227.5},{"angle":247.5,"type":"block","time":228,"tap":true},{"angle":236.25,"type":"block","time":228.5},{"angle":236.25,"type":"block","time":229,"tap":true},{"angle":247.5,"type":"block","time":229.75},{"angle":258.75,"type":"block","time":230.5},{"angle":258.75,"type":"block","time":227,"tap":true},{"angle":22.5,"type":"extraTap","time":230,"speedMult":0.5},{"angle":258.75,"type":"block","time":231.5},{"angle":236.25,"type":"block","time":232,"tap":true},{"angle":213.75,"type":"block","time":232.5},{"angle":191.25,"type":"block","time":233,"tap":true},{"angle":180,"type":"block","time":233.75},{"angle":123.75,"type":"block","time":234.5},{"angle":146.25,"type":"block","time":235.5},{"angle":157.5,"type":"block","time":236,"tap":true},{"angle":168.75,"type":"block","time":236.5},{"angle":180,"type":"block","time":237,"tap":true},{"angle":202.5,"type":"block","time":237.75},{"angle":213.75,"type":"block","time":238.5},{"angle":292.5,"type":"block","time":239.5},{"angle":315,"type":"block","time":240,"tap":true},{"angle":348.75,"type":"block","time":240.5},{"angle":22.5,"type":"block","time":241,"tap":true},{"angle":56.25,"type":"block","time":241.75},{"angle":101.25,"type":"block","time":242.5},{"angle":22.5,"type":"extraTap","time":238,"speedMult":0.5},{"angle":22.5,"type":"extraTap","time":242,"speedMult":0.5},{"angle":135,"type":"block","time":235,"tap":true},{"angle":78.75,"type":"hold","time":227,"angle2":56.25,"duration":2},{"angle":56.25,"type":"hold","time":229,"angle2":90,"duration":2},{"angle":90,"startTap":true,"time":231,"duration":4,"angle2":-45,"type":"hold"},{"angle":315,"type":"hold","time":235,"angle2":360,"duration":2},{"angle":360,"type":"hold","time":237,"angle2":438.75,"duration":2},{"angle":78.75,"startTap":true,"time":239,"duration":4,"angle2":315,"type":"hold"},{"angle":112.5,"type":"block","time":243.5},{"angle":90,"type":"block","time":244,"tap":true},{"angle":67.5,"type":"block","time":244.5},{"angle":45,"type":"block","time":245,"tap":true},{"angle":56.25,"type":"block","time":245.75},{"angle":78.75,"type":"block","time":246.5},{"angle":135,"type":"block","time":243,"tap":true},{"angle":22.5,"type":"extraTap","time":246,"speedMult":0.5},{"angle":56.25,"type":"block","time":247.5},{"angle":33.75,"type":"block","time":248,"tap":true},{"angle":360,"type":"block","time":248.5},{"angle":337.5,"type":"block","time":249,"tap":true},{"angle":303.75,"type":"block","time":249.75},{"angle":315,"type":"block","time":250.5},{"angle":315,"type":"block","time":251.5},{"angle":292.5,"type":"block","time":252,"tap":true},{"angle":281.25,"type":"block","time":252.5},{"angle":270,"type":"block","time":253,"tap":true},{"angle":258.75,"type":"block","time":253.75},{"angle":247.5,"type":"block","time":254.5},{"angle":236.25,"type":"block","time":255.5},{"angle":236.25,"type":"block","time":256,"tap":true},{"angle":225,"type":"block","time":256.5},{"angle":213.75,"type":"block","time":257,"tap":true},{"angle":202.5,"type":"block","time":257.75},{"angle":191.25,"type":"block","time":258.5},{"angle":22.5,"type":"extraTap","time":254,"speedMult":0.5},{"angle":22.5,"type":"extraTap","time":258,"speedMult":0.5},{"angle":326.25,"type":"block","time":251,"tap":true},{"angle":315,"type":"hold","time":243,"angle2":225,"duration":2},{"angle":225,"type":"hold","time":245,"angle2":258.75,"duration":2},{"angle":258.75,"startTap":true,"time":247,"duration":3,"angle2":112.5,"type":"hold"},{"angle":112.5,"startTap":true,"time":250,"duration":1,"angle2":146.25,"type":"hold"},{"angle":146.25,"type":"hold","time":251,"angle2":90,"duration":2},{"angle":90,"type":"hold","time":253,"angle2":67.5,"duration":2},{"angle":67.5,"startTap":true,"time":255,"duration":4,"angle2":11.25,"type":"hold"},{"angle":213.75,"type":"block","time":259.5},{"angle":236.25,"type":"block","time":260,"tap":true},{"angle":258.75,"type":"block","time":260.5},{"angle":281.25,"type":"block","time":261,"tap":true},{"angle":258.75,"type":"block","time":261.75},{"angle":225,"type":"block","time":262.5},{"angle":191.25,"type":"block","time":259,"tap":true},{"angle":22.5,"type":"extraTap","time":262,"speedMult":0.5},{"angle":225,"type":"block","time":263.5},{"angle":225,"type":"block","time":264,"tap":true},{"angle":225,"type":"block","time":264.5},{"angle":236.25,"type":"block","time":265,"tap":true},{"angle":236.25,"type":"block","time":265.75},{"angle":225,"type":"block","time":266.5},{"angle":213.75,"type":"block","time":267.5},{"angle":236.25,"type":"block","time":268,"tap":true},{"angle":247.5,"type":"block","time":268.5},{"angle":258.75,"type":"block","time":269,"tap":true},{"angle":225,"type":"block","time":269.75},{"angle":180,"type":"block","time":270.5},{"angle":180,"type":"block","time":271.5},{"angle":191.25,"type":"block","time":272,"tap":true},{"angle":213.75,"type":"block","time":272.5},{"angle":225,"type":"block","time":273,"tap":true},{"angle":247.5,"type":"block","time":273.75},{"angle":281.25,"type":"block","time":274.5},{"angle":22.5,"type":"extraTap","time":266,"speedMult":0.5},{"angle":22.5,"type":"extraTap","time":270,"speedMult":0.5},{"angle":22.5,"type":"extraTap","time":274,"speedMult":0.5},{"angle":202.5,"type":"block","time":267,"tap":true},{"angle":11.25,"type":"hold","time":259,"angle2":101.25,"duration":2},{"angle":101.25,"type":"hold","time":261,"angle2":33.75,"duration":2},{"angle":33.75,"startTap":true,"time":263,"duration":3,"angle2":56.25,"type":"hold"},{"angle":56.25,"type":"hold","time":266,"angle2":22.5,"duration":1},{"angle":22.5,"type":"hold","time":267,"angle2":78.75,"duration":2},{"angle":78.75,"type":"hold","time":269,"angle2":-22.5,"duration":2},{"angle":337.5,"startTap":true,"time":271,"duration":4,"angle2":472.5,"type":"hold"},{"angle":270,"type":"block","time":275.5},{"angle":247.5,"type":"block","time":276,"tap":true},{"angle":236.25,"type":"block","time":276.5},{"angle":213.75,"type":"block","time":277,"tap":true},{"angle":247.5,"type":"block","time":277.75},{"angle":270,"type":"block","time":278.5},{"angle":292.5,"type":"block","time":275,"tap":true},{"angle":22.5,"type":"extraTap","time":278,"speedMult":0.5},{"angle":303.75,"type":"block","time":279.5},{"angle":303.75,"type":"block","time":280,"tap":true},{"angle":303.75,"type":"block","time":280.5},{"angle":315,"type":"block","time":281,"tap":true},{"angle":315,"type":"block","time":281.75},{"angle":281.25,"type":"block","time":282.5},{"angle":270,"type":"block","time":283.5},{"angle":281.25,"type":"block","time":284,"tap":true},{"angle":281.25,"type":"block","time":284.5},{"angle":292.5,"type":"block","time":285,"tap":true},{"angle":315,"type":"block","time":285.75},{"angle":348.75,"type":"block","time":286.5},{"angle":22.5,"type":"extraTap","time":286,"speedMult":0.5},{"angle":258.75,"type":"block","time":283,"tap":true},{"angle":112.5,"type":"hold","time":275,"angle2":33.75,"duration":2},{"angle":33.75,"type":"hold","time":277,"angle2":112.5,"duration":2},{"angle":112.5,"startTap":true,"time":279,"duration":3,"angle2":135,"type":"hold"},{"angle":135,"startTap":true,"time":282,"duration":1,"angle2":78.75,"type":"hold"},{"angle":78.75,"type":"hold","time":283,"angle2":112.5,"duration":2},{"angle":112.5,"type":"hold","time":285,"endTap":true,"angle2":180,"duration":2},{"angle":22.5,"type":"extraTap","time":118,"speedMult":0.5},{"angle":180,"type":"block","time":287.5,"speedMult":3},{"angle":135,"type":"block","time":288,"speedMult":3},{"angle":90,"type":"block","time":288.5,"speedMult":3},{"angle":135,"type":"block","time":289,"speedMult":3},{"angle":180,"type":"block","time":289.5,"speedMult":3},{"angle":225,"type":"block","time":290,"speedMult":3},{"angle":270,"type":"block","time":290.5,"speedMult":3},{"angle":225,"type":"hold","time":291,"angle2":180,"duration":2},{"angle":22.5,"type":"extraTap","time":234,"speedMult":0.5},{"angle":225,"type":"inverse","time":201},{"angle":281.25,"type":"inverse","time":201.5},{"angle":247.5,"type":"inverse","time":202},{"angle":303.75,"type":"inverse","time":202.5},{"angle":168.75,"type":"inverse","time":209},{"angle":101.25,"type":"inverse","time":209.5},{"angle":112.5,"type":"inverse","time":210},{"angle":45,"type":"inverse","time":210.5},{"angle":11.25,"type":"inverse","time":217},{"angle":292.5,"type":"inverse","time":217.5},{"angle":315,"type":"inverse","time":218},{"angle":258.75,"type":"inverse","time":218.5},{"angle":292.5,"type":"inverse","time":219},{"angle":337.5,"type":"inverse","time":221},{"angle":45,"type":"inverse","time":223},{"angle":213.75,"type":"inverse","time":265},{"angle":258.75,"type":"inverse","time":265.5},{"angle":236.25,"type":"inverse","time":266},{"angle":202.5,"type":"inverse","time":266.5},{"angle":247.5,"type":"inverse","time":273},{"angle":247.5,"type":"inverse","time":273.5},{"angle":258.75,"type":"inverse","time":274},{"angle":303.75,"type":"inverse","time":274.5},{"angle":337.5,"type":"inverse","time":281},{"angle":315,"type":"inverse","time":281.5},{"angle":315,"type":"inverse","time":282},{"angle":303.75,"type":"inverse","time":282.5},{"angle":180,"type":"hold","time":293,"angle2":281.25,"duration":1},{"angle":281.25,"type":"hold","time":294,"angle2":123.75,"duration":1},{"angle":123.75,"type":"hold","time":295,"angle2":-45,"duration":1},{"angle":315,"type":"hold","time":296,"angle2":393.75,"duration":1},{"angle":33.75,"type":"hold","time":297,"angle2":-101.25,"duration":1},{"angle":258.75,"type":"hold","time":298,"angle2":315,"duration":1},{"angle":315,"type":"hold","time":299,"angle2":101.25,"duration":2},{"angle":101.25,"type":"hold","time":301,"angle2":360,"duration":1.5},{"angle":247.5,"type":"hold","time":303,"angle2":-360,"duration":4},{"angle":292.5,"type":"block","time":302.75},{"angle":360,"type":"hold","time":307,"angle2":427.5,"duration":2},{"angle":67.5,"type":"hold","time":309,"angle2":123.75,"duration":1},{"angle":123.75,"type":"hold","time":310,"angle2":56.25,"duration":1},{"angle":56.25,"type":"hold","time":311,"angle2":78.75,"duration":1},{"angle":78.75,"type":"hold","time":312,"angle2":-11.25,"duration":1},{"angle":348.75,"type":"hold","time":313,"angle2":495,"duration":1},{"angle":135,"type":"hold","time":314,"angle2":67.5,"duration":1},{"angle":67.5,"type":"hold","time":315,"angle2":-315,"duration":2},{"angle":45,"type":"hold","time":317,"angle2":303.75,"duration":2},{"angle":303.75,"type":"hold","time":319,"angle2":157.5,"duration":1},{"angle":157.5,"type":"hold","time":320,"angle2":326.25,"duration":1},{"angle":326.25,"type":"hold","time":321,"angle2":180,"duration":1},{"angle":180,"type":"hold","time":322,"angle2":258.75,"duration":1},{"angle":258.75,"type":"hold","time":323,"angle2":213.75,"duration":2},{"angle":236.25,"type":"hold","time":323,"holdEase":"outExpo","angle2":270,"duration":1},{"angle":236.25,"type":"hold","time":325,"holdEase":"inOutCubic","angle2":337.5,"duration":1},{"angle":326.25,"type":"hold","time":331,"angle2":90,"duration":2},{"angle":90,"type":"hold","time":333,"angle2":236.25,"duration":1.5},{"angle":180,"type":"block","time":334.75},{"angle":281.25,"type":"hold","time":327,"angle2":382.5,"duration":1},{"angle":22.5,"type":"hold","time":328,"angle2":-67.5,"duration":1},{"angle":213.75,"type":"hold","time":325,"angle2":360,"duration":1},{"angle":0,"type":"hold","time":326,"angle2":-78.75,"duration":1},{"angle":292.5,"type":"hold","time":329,"angle2":247.5,"duration":1},{"angle":247.5,"type":"hold","time":330,"angle2":326.25,"duration":1},{"angle":135,"type":"hold","time":335,"angle2":416.25,"duration":4},{"angle":258.75,"type":"hold","time":327,"holdEase":"inOutQuad","angle2":416.25,"duration":1},{"angle":315,"type":"hold","time":329,"holdEase":"inOutSine","angle2":225,"duration":1},{"angle":348.75,"type":"hold","time":331,"holdEase":"linear","angle2":168.75,"duration":1},{"angle":123.75,"type":"hold","time":333,"holdEase":"inOutCubic","angle2":168.75,"duration":1},{"angle":168.75,"type":"hold","time":335,"holdEase":"inSine","angle2":180,"duration":1},{"angle":292.5,"type":"hold","time":337,"holdEase":"inSine","angle2":326.25,"duration":1},{"angle":22.5,"type":"hold","time":339,"holdEase":"outSine","angle2":-11.25,"duration":1},{"angle":56.25,"type":"hold","time":339,"angle2":-135,"duration":2},{"angle":225,"type":"hold","time":341,"angle2":303.75,"duration":1},{"angle":303.75,"type":"hold","time":342,"angle2":146.25,"duration":1},{"angle":146.25,"type":"hold","time":343,"angle2":213.75,"duration":1},{"angle":213.75,"type":"hold","time":344,"angle2":123.75,"duration":1},{"angle":123.75,"type":"hold","time":345,"angle2":225,"duration":1},{"angle":225,"type":"hold","time":346,"angle2":382.5,"duration":1},{"angle":22.5,"type":"hold","time":347,"angle2":-67.5,"duration":2},{"angle":292.5,"type":"hold","time":349,"angle2":270,"duration":2},{"angle":270,"type":"hold","time":351,"angle2":371.25,"duration":1},{"angle":11.25,"type":"hold","time":352,"angle2":-67.5,"duration":1},{"angle":292.5,"type":"hold","time":353,"angle2":326.25,"duration":1},{"angle":326.25,"type":"hold","time":354,"angle2":270,"duration":1},{"angle":247.5,"type":"hold","time":341,"holdEase":"inOutCubic","angle2":281.25,"duration":1},{"angle":168.75,"type":"hold","time":343,"angle2":191.25,"duration":1},{"angle":146.25,"type":"hold","time":345,"holdEase":"outSine","angle2":202.5,"duration":1},{"angle":348.75,"type":"hold","time":347,"angle2":360,"duration":1},{"angle":326.25,"type":"hold","time":349,"holdEase":"inBack","angle2":258.75,"duration":1},{"angle":247.5,"type":"hold","time":351,"holdEase":"inOutQuad","angle2":393.75,"duration":1},{"angle":315,"type":"hold","time":353,"angle2":303.75,"duration":1},{"angle":270,"type":"hold","time":355,"angle2":348.75,"duration":2},{"angle":348.75,"type":"hold","time":357,"angle2":225,"duration":2},{"angle":225,"type":"hold","time":359,"angle2":416.25,"duration":4},{"angle":56.25,"type":"hold","time":363,"angle2":-22.5,"duration":2},{"angle":337.5,"type":"hold","time":365,"angle2":427.5,"duration":2},{"angle":67.5,"type":"hold","time":367,"angle2":-247.5,"duration":4},{"angle":112.5,"type":"hold","time":371,"angle2":225,"duration":2},{"angle":225,"type":"hold","time":373,"angle2":146.25,"duration":2},{"angle":146.25,"type":"hold","time":375,"angle2":360,"duration":3},{"angle":360,"type":"hold","time":378,"angle2":562.5,"duration":1},{"angle":202.5,"type":"hold","time":379,"angle2":337.5,"duration":2},{"angle":337.5,"type":"hold","time":381,"angle2":202.5,"duration":2},{"angle":202.5,"type":"hold","time":383,"angle2":540,"duration":4},{"angle":180,"type":"hold","time":387,"angle2":56.25,"duration":2},{"angle":56.25,"type":"hold","time":389,"angle2":213.75,"duration":2},{"angle":213.75,"type":"hold","time":391,"angle2":-258.75,"duration":4},{"angle":101.25,"type":"hold","time":395,"angle2":315,"duration":2},{"angle":315,"type":"hold","time":397,"angle2":191.25,"duration":2},{"angle":191.25,"type":"hold","time":399,"angle2":630,"duration":4},{"angle":270,"type":"hold","time":403,"angle2":135,"duration":2},{"angle":135,"type":"hold","time":405,"angle2":360,"duration":2},{"angle":360,"type":"hold","time":407,"angle2":11.25,"duration":3},{"angle":11.25,"type":"hold","time":410,"angle2":101.25,"duration":1},{"angle":101.25,"type":"hold","time":411,"angle2":-33.75,"duration":2},{"angle":326.25,"type":"hold","time":413,"angle2":495,"duration":2},{"angle":135,"type":"hold","time":415,"angle2":-382.5,"duration":4},{"angle":337.5,"type":"hold","time":419,"angle2":495,"duration":2},{"angle":135,"type":"hold","time":421,"angle2":56.25,"duration":2},{"angle":56.25,"type":"hold","time":423,"angle2":731.25,"duration":4},{"angle":11.25,"type":"hold","time":427,"angle2":-67.5,"duration":2},{"angle":292.5,"type":"hold","time":429,"angle2":450,"duration":2},{"angle":90,"type":"hold","time":431,"angle2":-337.5,"duration":4},{"angle":22.5,"type":"hold","time":435,"angle2":202.5,"duration":2},{"angle":202.5,"type":"hold","time":437,"angle2":45,"duration":2},{"angle":45,"type":"hold","time":439,"angle2":315,"duration":3},{"angle":315,"type":"hold","time":442,"angle2":225,"duration":1},{"angle":225,"type":"hold","time":443,"angle2":371.25,"duration":2},{"angle":11.25,"type":"hold","time":445,"angle2":-123.75,"duration":2},{"angle":236.25,"type":"hold","time":447,"angle2":607.5,"duration":4},{"angle":247.5,"type":"hold","time":451,"angle2":67.5,"duration":2},{"angle":67.5,"type":"hold","time":453,"angle2":213.75,"duration":2},{"angle":213.75,"type":"hold","time":455,"angle2":641.25,"duration":4},{"angle":281.25,"type":"hold","time":459,"angle2":213.75,"duration":2},{"angle":213.75,"type":"hold","time":461,"angle2":326.25,"duration":2},{"angle":326.25,"type":"hold","time":463,"angle2":-67.5,"duration":4},{"angle":292.5,"type":"hold","time":467,"angle2":427.5,"duration":2},{"angle":67.5,"type":"hold","time":469,"angle2":-67.5,"duration":2},{"angle":292.5,"type":"hold","time":471,"angle2":450,"duration":3},{"angle":90,"type":"hold","time":474,"angle2":270,"duration":1},{"angle":270,"type":"hold","time":475,"angle2":168.75,"duration":2},{"angle":168.75,"type":"hold","time":477,"angle2":326.25,"duration":2},{"angle":326.25,"type":"hold","time":479,"angle2":-382.5,"duration":4},{"angle":303.75,"type":"block","time":393},{"angle":247.5,"type":"block","time":394},{"angle":90,"type":"block","time":401},{"angle":67.5,"type":"block","time":401.5},{"angle":202.5,"type":"block","time":402},{"angle":180,"type":"block","time":402.5},{"angle":33.75,"type":"block","time":415.5},{"angle":33.75,"type":"block","time":416},{"angle":270,"type":"block","time":416.5},{"angle":270,"type":"block","time":417},{"angle":123.75,"type":"block","time":417.5},{"angle":135,"type":"block","time":418},{"angle":360,"type":"block","time":418.5},{"angle":33.75,"type":"block","time":420},{"angle":168.75,"type":"block","time":421},{"angle":56.25,"type":"block","time":422},{"angle":45,"type":"block","time":423},{"angle":202.5,"type":"block","time":424},{"angle":78.75,"type":"block","time":423},{"angle":247.5,"type":"block","time":424},{"angle":56.25,"type":"block","time":425},{"angle":11.25,"type":"block","time":425},{"angle":180,"type":"block","time":426},{"angle":225,"type":"block","time":426},{"angle":45,"type":"block","time":427},{"angle":292.5,"type":"block","time":428},{"angle":123.75,"type":"block","time":431},{"angle":45,"type":"block","time":430},{"angle":326.25,"type":"block","time":429},{"angle":303.75,"type":"block","time":447.5},{"angle":303.75,"type":"block","time":448},{"angle":33.75,"type":"block","time":448.5},{"angle":33.75,"type":"block","time":449},{"angle":135,"type":"block","time":449.5},{"angle":135,"type":"block","time":450},{"angle":236.25,"type":"block","time":450.5},{"angle":101.25,"type":"block","time":452},{"angle":101.25,"type":"block","time":453},{"angle":112.5,"type":"block","time":454},{"angle":236.25,"type":"block","time":455},{"angle":191.25,"type":"block","time":455},{"angle":337.5,"type":"block","time":456},{"angle":303.75,"type":"block","time":456},{"angle":45,"type":"block","time":457},{"angle":90,"type":"block","time":457},{"angle":191.25,"type":"block","time":458},{"angle":157.5,"type":"block","time":458},{"angle":236.25,"type":"block","time":459},{"angle":281.25,"type":"block","time":460},{"angle":180,"type":"block","time":461},{"angle":292.5,"type":"block","time":462},{"angle":292.5,"type":"block","time":463},{"angle":315,"type":"block","time":463.5},{"angle":202.5,"type":"block","time":464},{"angle":213.75,"type":"block","time":464.5},{"angle":90,"type":"block","time":465},{"angle":112.5,"type":"block","time":465.5},{"angle":360,"type":"block","time":466},{"angle":11.25,"type":"block","time":466.5},{"angle":0,"type":"block","time":473},{"angle":247.5,"type":"block","time":476},{"angle":281.25,"type":"block","time":478},{"angle":202.5,"type":"block","time":479.5},{"angle":180,"type":"block","time":480},{"angle":22.5,"type":"block","time":480.5},{"angle":360,"type":"block","time":481},{"angle":191.25,"type":"block","time":481.5},{"angle":180,"type":"block","time":482},{"angle":22.5,"type":"block","time":482.5},{"angle":56.25,"type":"block","time":431.5},{"angle":315,"type":"block","time":432},{"angle":303.75,"type":"block","time":432.5},{"angle":202.5,"type":"block","time":433},{"angle":213.75,"type":"block","time":433.5},{"angle":90,"type":"block","time":434},{"angle":101.25,"type":"block","time":434.5},{"angle":168.75,"type":"block","time":485},{"angle":101.25,"type":"block","time":485.75},{"angle":213.75,"type":"block","time":486.5},{"angle":281.25,"type":"block","time":487.5},{"angle":348.75,"type":"block","time":488},{"angle":292.5,"type":"block","time":488.5},{"angle":33.75,"type":"block","time":489},{"angle":135,"type":"block","time":489.75},{"angle":213.75,"type":"block","time":490.5},{"angle":90,"type":"block","time":491},{"angle":303.75,"type":"block","time":491.5},{"angle":33.75,"type":"block","time":492},{"angle":112.5,"type":"block","time":492.5},{"angle":202.5,"type":"block","time":493},{"angle":78.75,"type":"block","time":493.75},{"angle":67.5,"type":"block","time":494.5},{"angle":191.25,"type":"block","time":495.5},{"angle":292.5,"type":"block","time":496},{"angle":45,"type":"block","time":496.5},{"angle":337.5,"type":"block","time":497},{"angle":202.5,"type":"block","time":497.75},{"angle":135,"type":"block","time":498.5},{"angle":281.25,"type":"block","time":483.5},{"angle":315,"type":"block","time":484},{"angle":258.75,"type":"block","time":484.5},{"angle":56.25,"type":"block","time":499},{"angle":168.75,"type":"block","time":499.5},{"angle":236.25,"type":"block","time":500},{"angle":146.25,"type":"block","time":500.5},{"angle":270,"type":"block","time":501},{"angle":326.25,"type":"block","time":501.75},{"angle":303.75,"type":"block","time":502.5},{"angle":157.5,"type":"block","time":503.5},{"angle":225,"type":"block","time":504},{"angle":168.75,"type":"block","time":504.5},{"angle":123.75,"type":"block","time":505},{"angle":202.5,"type":"block","time":505.75},{"angle":168.75,"type":"block","time":506.5},{"angle":112.5,"type":"block","time":507},{"angle":22.5,"type":"block","time":507.5},{"angle":67.5,"type":"block","time":508},{"angle":168.75,"type":"block","time":508.5},{"angle":67.5,"type":"block","time":509},{"angle":0,"type":"block","time":509.75},{"angle":247.5,"type":"block","time":510.5},{"angle":281.25,"type":"block","time":511.5},{"angle":326.25,"type":"block","time":512},{"angle":33.75,"type":"block","time":512.5},{"angle":337.5,"type":"block","time":513},{"angle":236.25,"type":"block","time":513.75},{"angle":123.75,"type":"block","time":514.5},{"angle":270,"type":"block","time":516.5},{"angle":225,"type":"block","time":517},{"angle":270,"type":"block","time":517.75},{"angle":56.25,"type":"block","time":515},{"angle":123.75,"type":"block","time":515.5},{"angle":202.5,"type":"block","time":516},{"angle":90,"type":"block","time":519.5},{"angle":33.75,"type":"block","time":520},{"angle":101.25,"type":"block","time":520.5},{"angle":225,"type":"block","time":523},{"angle":123.75,"type":"block","time":523.5},{"angle":191.25,"type":"block","time":524},{"angle":292.5,"type":"block","time":524.5},{"angle":326.25,"type":"block","time":525},{"angle":202.5,"type":"block","time":525.75},{"angle":303.75,"type":"block","time":526.5},{"angle":281.25,"type":"block","time":527.5},{"angle":180,"type":"block","time":528},{"angle":247.5,"type":"block","time":528.5},{"angle":22.5,"type":"block","time":529},{"angle":247.5,"type":"block","time":529.75},{"angle":168.75,"type":"block","time":518.5},{"angle":56.25,"type":"block","time":521},{"angle":337.5,"type":"block","time":521.75},{"angle":292.5,"type":"block","time":522.5},{"angle":101.25,"type":"block","time":530.5},{"angle":180,"type":"block","time":531},{"angle":292.5,"type":"block","time":531.5},{"angle":360,"type":"block","time":532},{"angle":326.25,"type":"block","time":532.5},{"angle":258.75,"type":"block","time":533},{"angle":348.75,"type":"block","time":533.75},{"angle":225,"type":"block","time":534.5},{"angle":292.5,"type":"block","time":535.5},{"angle":191.25,"type":"block","time":536},{"angle":146.25,"type":"block","time":536.5},{"angle":247.5,"type":"block","time":537},{"angle":303.75,"type":"block","time":537.75},{"angle":45,"type":"block","time":538.5},{"angle":33.75,"type":"block","time":539},{"angle":292.5,"type":"block","time":539.5},{"angle":337.5,"type":"block","time":540},{"angle":90,"type":"block","time":540.5},{"angle":33.75,"type":"block","time":541},{"angle":236.25,"type":"block","time":541.75},{"angle":78.75,"type":"block","time":542.5},{"angle":315,"type":"block","time":543.5},{"angle":225,"type":"block","time":544},{"angle":146.25,"type":"block","time":544.5},{"angle":258.75,"type":"block","time":545},{"angle":191.25,"type":"block","time":545.75},{"angle":112.5,"type":"block","time":546.5},{"angle":0,"startTap":true,"endTap":true,"time":543,"angle2":0,"duration":0,"type":"hold"},{"angle":191.25,"type":"hold","time":542,"angle2":191.25,"duration":0},{"angle":0,"type":"hold","time":541,"angle2":0,"duration":0},{"angle":0,"type":"hold","time":540,"angle2":0,"duration":0},{"angle":0,"startTap":true,"endTap":true,"time":539,"angle2":0,"duration":0,"type":"hold"},{"angle":337.5,"type":"hold","time":538,"angle2":337.5,"duration":0},{"angle":270,"type":"hold","time":537,"angle2":270,"duration":0},{"angle":348.75,"startTap":true,"endTap":true,"time":535,"angle2":348.75,"duration":0,"type":"hold"},{"angle":258.75,"type":"hold","time":534,"angle2":258.75,"duration":0},{"angle":292.5,"type":"hold","time":533,"angle2":292.5,"duration":0},{"angle":202.5,"startTap":true,"endTap":true,"time":531,"angle2":202.5,"duration":0,"type":"hold"},{"angle":337.5,"type":"hold","time":529,"angle2":337.5,"duration":0},{"angle":168.75,"type":"hold","time":530,"angle2":168.75,"duration":0},{"angle":236.25,"startTap":true,"endTap":true,"time":527,"angle2":236.25,"duration":0,"type":"hold"},{"angle":168.75,"type":"hold","time":526,"angle2":168.75,"duration":0},{"angle":292.5,"type":"hold","time":525,"angle2":292.5,"duration":0},{"angle":0,"type":"hold","time":522,"angle2":0,"duration":0},{"angle":191.25,"startTap":true,"endTap":true,"time":523,"angle2":191.25,"duration":0,"type":"hold"},{"angle":33.75,"type":"hold","time":521,"angle2":33.75,"duration":0},{"angle":135,"startTap":true,"endTap":true,"time":519,"angle2":135,"duration":0,"type":"hold"},{"angle":191.25,"type":"hold","time":517,"angle2":191.25,"duration":0},{"angle":78.75,"startTap":true,"endTap":true,"time":515,"angle2":78.75,"duration":0,"type":"hold"},{"angle":191.25,"type":"hold","time":485,"angle2":191.25,"duration":0},{"angle":236.25,"startTap":true,"endTap":true,"time":487,"angle2":236.25,"duration":0,"type":"hold"},{"angle":0,"type":"hold","time":489,"angle2":0,"duration":0},{"angle":157.5,"type":"hold","time":490,"angle2":157.5,"duration":0},{"angle":56.25,"startTap":true,"endTap":true,"time":491,"angle2":56.25,"duration":0,"type":"hold"},{"angle":157.5,"type":"hold","time":493,"angle2":157.5,"duration":0},{"angle":11.25,"type":"hold","time":494,"angle2":11.25,"duration":0},{"angle":135,"type":"hold","time":495,"endTap":true,"angle2":135,"duration":0},{"angle":0,"type":"hold","time":497,"angle2":0,"duration":0},{"angle":168.75,"type":"hold","time":498,"angle2":168.75,"duration":0},{"angle":22.5,"startTap":true,"endTap":true,"time":499,"angle2":22.5,"duration":0,"type":"hold"},{"angle":236.25,"type":"hold","time":501,"angle2":236.25,"duration":0},{"angle":0,"type":"hold","time":502,"angle2":0,"duration":0},{"angle":45,"startTap":true,"endTap":true,"time":503,"angle2":45,"duration":0,"type":"hold"},{"angle":101.25,"type":"hold","time":505,"angle2":101.25,"duration":0},{"angle":258.75,"type":"hold","time":506,"angle2":258.75,"duration":0},{"angle":67.5,"startTap":true,"endTap":true,"time":507,"angle2":67.5,"duration":0,"type":"hold"},{"angle":90,"type":"hold","time":508,"angle2":90,"duration":0},{"angle":90,"type":"hold","time":509,"angle2":90,"duration":0},{"angle":315,"type":"hold","time":510,"angle2":315,"duration":0},{"angle":258.75,"startTap":true,"endTap":true,"time":511,"angle2":258.75,"duration":0,"type":"hold"},{"angle":67.5,"type":"hold","time":547,"angle2":101.25,"duration":2},{"angle":90,"type":"hold","time":547,"angle2":78.75,"duration":1},{"angle":67.5,"startTap":true,"endTap":true,"time":499,"angle2":67.5,"duration":0,"type":"hold"},{"angle":258.75,"type":"hold","time":501,"angle2":258.75,"duration":0},{"angle":33.75,"type":"hold","time":502,"angle2":33.75,"duration":0},{"angle":22.5,"startTap":true,"endTap":true,"time":503,"angle2":22.5,"duration":0,"type":"hold"},{"angle":146.25,"type":"hold","time":505,"angle2":146.25,"duration":0},{"angle":292.5,"type":"hold","time":506,"angle2":292.5,"duration":0},{"angle":90,"startTap":true,"endTap":true,"time":507,"angle2":90,"duration":0,"type":"hold"},{"angle":56.25,"type":"hold","time":508,"angle2":56.25,"duration":0},{"angle":45,"type":"hold","time":509,"angle2":45,"duration":0},{"angle":292.5,"type":"hold","time":510,"angle2":292.5,"duration":0},{"angle":281.25,"startTap":true,"endTap":true,"time":511,"angle2":281.25,"duration":0,"type":"hold"},{"angle":225,"startTap":true,"endTap":true,"time":531,"angle2":225,"duration":0,"type":"hold"},{"angle":247.5,"type":"hold","time":533,"angle2":247.5,"duration":0},{"angle":281.25,"type":"hold","time":534,"angle2":281.25,"duration":0},{"angle":11.25,"startTap":true,"endTap":true,"time":535,"angle2":11.25,"duration":0,"type":"hold"},{"angle":236.25,"type":"hold","time":537,"angle2":236.25,"duration":0},{"angle":326.25,"type":"hold","time":538,"angle2":326.25,"duration":0},{"angle":22.5,"startTap":true,"endTap":true,"time":543,"angle2":-22.5,"duration":0,"type":"hold"},{"angle":101.25,"type":"hold","time":549,"angle2":191.25,"duration":2},{"angle":191.25,"type":"hold","time":551,"angle2":-236.25,"duration":4},{"angle":123.75,"type":"hold","time":555,"angle2":180,"duration":2},{"angle":180,"type":"hold","time":557,"angle2":315,"duration":2},{"angle":315,"type":"hold","time":559,"angle2":-78.75,"duration":4},{"angle":281.25,"type":"hold","time":563,"angle2":405,"duration":2},{"angle":45,"type":"hold","time":565,"angle2":-123.75,"duration":2},{"angle":236.25,"type":"hold","time":567,"angle2":562.5,"duration":3},{"angle":202.5,"type":"hold","time":570,"angle2":157.5,"duration":1},{"angle":157.5,"type":"hold","time":571,"angle2":292.5,"duration":2},{"angle":292.5,"type":"hold","time":573,"angle2":67.5,"duration":2},{"angle":67.5,"type":"hold","time":575,"angle2":731.25,"duration":4},{"angle":11.25,"type":"hold","time":579,"angle2":-112.5,"duration":2},{"angle":247.5,"type":"hold","time":581,"angle2":371.25,"duration":2},{"angle":11.25,"type":"hold","time":583,"angle2":-562.5,"duration":4},{"angle":157.5,"type":"hold","time":587,"angle2":123.75,"duration":2},{"angle":123.75,"type":"hold","time":589,"angle2":247.5,"duration":2},{"angle":247.5,"type":"hold","time":591,"angle2":-123.75,"duration":4},{"angle":236.25,"type":"hold","time":595,"angle2":360,"duration":2},{"angle":0,"type":"hold","time":597,"angle2":180,"duration":2},{"angle":180,"type":"hold","time":599,"angle2":-67.5,"duration":3},{"angle":292.5,"type":"hold","time":602,"angle2":427.5,"duration":1},{"angle":67.5,"type":"hold","time":603,"angle2":-90,"duration":2},{"angle":270,"type":"hold","time":605,"angle2":483.75,"duration":2},{"angle":123.75,"type":"hold","time":607,"angle2":-225,"duration":4},{"angle":67.5,"type":"block","time":549},{"angle":180,"type":"block","time":550},{"angle":135,"type":"block","time":551},{"angle":112.5,"type":"block","time":552},{"angle":303.75,"type":"block","time":553},{"angle":258.75,"type":"block","time":554},{"angle":157.5,"type":"block","time":555},{"angle":112.5,"type":"block","time":556},{"angle":213.75,"type":"block","time":557},{"angle":225,"type":"block","time":558},{"angle":348.75,"type":"block","time":559},{"angle":326.25,"type":"block","time":579},{"angle":337.5,"type":"block","time":580},{"angle":213.75,"type":"block","time":581},{"angle":348.75,"type":"block","time":582},{"angle":33.75,"type":"block","time":583},{"angle":191.25,"type":"block","time":584},{"angle":112.5,"type":"block","time":585},{"angle":270,"type":"block","time":586},{"angle":191.25,"type":"block","time":587},{"angle":101.25,"type":"block","time":588},{"angle":135,"type":"block","time":589},{"angle":157.5,"type":"block","time":590},{"angle":270,"type":"block","time":591},{"angle":78.75,"type":"extraTap","time":549,"speedMult":0.5},{"angle":78.75,"type":"extraTap","time":551,"speedMult":0.5},{"angle":78.75,"type":"extraTap","time":553,"speedMult":0.5},{"angle":78.75,"type":"extraTap","time":555,"speedMult":0.5},{"angle":78.75,"type":"extraTap","time":557,"speedMult":0.5},{"angle":78.75,"type":"extraTap","time":559,"speedMult":0.5},{"angle":78.75,"type":"extraTap","time":561,"speedMult":0.5},{"angle":78.75,"type":"extraTap","time":563,"speedMult":0.5},{"angle":78.75,"type":"extraTap","time":565,"speedMult":0.5},{"angle":78.75,"type":"extraTap","time":567,"speedMult":0.5},{"angle":78.75,"type":"extraTap","time":569,"speedMult":0.5},{"angle":78.75,"type":"extraTap","time":571,"speedMult":0.5},{"angle":78.75,"type":"extraTap","time":573,"speedMult":0.5},{"angle":78.75,"type":"extraTap","time":575,"speedMult":0.5},{"angle":78.75,"type":"extraTap","time":577,"speedMult":0.5},{"angle":78.75,"type":"extraTap","time":579,"speedMult":0.5},{"angle":78.75,"type":"extraTap","time":581,"speedMult":0.5},{"angle":78.75,"type":"extraTap","time":583,"speedMult":0.5},{"angle":78.75,"type":"extraTap","time":585,"speedMult":0.5},{"angle":78.75,"type":"extraTap","time":587,"speedMult":0.5},{"angle":78.75,"type":"extraTap","time":589,"speedMult":0.5},{"angle":78.75,"type":"extraTap","time":591,"speedMult":0.5},{"angle":78.75,"type":"extraTap","time":593,"speedMult":0.5},{"angle":78.75,"type":"extraTap","time":595,"speedMult":0.5},{"angle":78.75,"type":"extraTap","time":597,"speedMult":0.5},{"angle":78.75,"type":"extraTap","time":599,"speedMult":0.5},{"angle":78.75,"type":"extraTap","time":601,"speedMult":0.5},{"angle":78.75,"type":"extraTap","time":603,"speedMult":0.5},{"angle":78.75,"type":"extraTap","time":605,"speedMult":0.5},{"angle":78.75,"type":"extraTap","time":607,"speedMult":0.5},{"angle":78.75,"type":"extraTap","time":609,"speedMult":0.5},{"angle":236.25,"type":"hold","time":559.5,"angle2":236.25,"duration":0},{"angle":135,"type":"hold","time":560.5,"angle2":135,"duration":0},{"angle":247.5,"type":"hold","time":560,"angle2":247.5,"duration":0},{"angle":146.25,"type":"hold","time":561,"angle2":146.25,"duration":0},{"angle":33.75,"type":"hold","time":561.5,"angle2":33.75,"duration":0},{"angle":56.25,"type":"hold","time":562,"angle2":56.25,"duration":0},{"angle":281.25,"type":"hold","time":562.5,"angle2":281.25,"duration":0},{"angle":112.5,"type":"hold","time":575.5,"angle2":112.5,"duration":0},{"angle":281.25,"type":"hold","time":576,"angle2":281.25,"duration":0},{"angle":292.5,"type":"hold","time":576.5,"angle2":292.5,"duration":0},{"angle":11.25,"type":"hold","time":577,"angle2":11.25,"duration":0},{"angle":157.5,"type":"hold","time":577.5,"angle2":157.5,"duration":0},{"angle":180,"type":"hold","time":578,"angle2":180,"duration":0},{"angle":326.25,"type":"hold","time":578.5,"angle2":326.25,"duration":0},{"angle":225,"type":"hold","time":591.5,"angle2":180,"duration":0},{"angle":135,"type":"hold","time":592,"angle2":168.75,"duration":0},{"angle":90,"type":"hold","time":592.5,"angle2":123.75,"duration":0},{"angle":67.5,"type":"hold","time":593,"angle2":45,"duration":0},{"angle":45,"type":"hold","time":593.5,"angle2":11.25,"duration":0},{"angle":348.75,"type":"hold","time":594,"angle2":315,"duration":0},{"angle":247.5,"type":"hold","time":594.5,"angle2":247.5,"duration":0},{"angle":56.25,"type":"hold","time":607.5,"angle2":56.25,"duration":0},{"angle":56.25,"type":"hold","time":608,"angle2":56.25,"duration":0},{"angle":326.25,"type":"hold","time":608.5,"angle2":326.25,"duration":0},{"angle":337.5,"type":"hold","time":609,"angle2":337.5,"duration":0},{"angle":236.25,"type":"hold","time":609.5,"angle2":236.25,"duration":0},{"angle":247.5,"type":"hold","time":610,"angle2":247.5,"duration":0},{"angle":146.25,"type":"hold","time":610.5,"angle2":146.25,"duration":0},{"angle":135,"type":"block","time":611},{"angle":101.25,"type":"block","time":611.5},{"angle":45,"type":"block","time":612},{"angle":67.5,"type":"block","time":612.5},{"angle":11.25,"type":"block","time":613},{"angle":315,"type":"block","time":613.75},{"angle":56.25,"type":"block","time":614.5},{"angle":157.5,"type":"block","time":615.5},{"angle":135,"type":"block","time":616},{"angle":101.25,"type":"block","time":616.5},{"angle":146.25,"type":"block","time":617},{"angle":67.5,"type":"block","time":617.75},{"angle":11.25,"type":"block","time":618.5},{"angle":45,"type":"block","time":619},{"angle":90,"type":"block","time":619.5},{"angle":45,"type":"block","time":620},{"angle":11.25,"type":"block","time":620.5},{"angle":326.25,"type":"block","time":621},{"angle":22.5,"type":"block","time":621.75},{"angle":281.25,"type":"block","time":622.5},{"angle":33.75,"type":"block","time":623.5},{"angle":78.75,"type":"block","time":624},{"angle":33.75,"type":"block","time":624.5},{"angle":11.25,"type":"block","time":625},{"angle":303.75,"type":"block","time":625.75},{"angle":258.75,"type":"block","time":626.5},{"angle":292.5,"type":"block","time":627},{"angle":360,"type":"block","time":627.5},{"angle":45,"type":"block","time":628},{"angle":0,"type":"block","time":628.5},{"angle":56.25,"type":"block","time":629},{"angle":22.5,"type":"block","time":629.75},{"angle":67.5,"type":"block","time":630.5},{"angle":348.75,"type":"block","time":631.5},{"angle":315,"type":"block","time":632},{"angle":337.5,"type":"block","time":632.5},{"angle":22.5,"type":"block","time":633},{"angle":315,"type":"block","time":633.75},{"angle":247.5,"type":"block","time":634.5},{"angle":225,"type":"block","time":635},{"angle":270,"type":"block","time":635.5},{"angle":292.5,"type":"block","time":636},{"angle":326.25,"type":"block","time":636.5},{"angle":258.75,"type":"block","time":637},{"angle":213.75,"type":"block","time":637.75},{"angle":281.25,"type":"block","time":638.5},{"angle":22.5,"type":"block","time":639.5},{"angle":348.75,"type":"block","time":640},{"angle":326.25,"type":"block","time":640.5},{"angle":348.75,"type":"block","time":641},{"angle":22.5,"type":"block","time":641.75},{"angle":360,"type":"block","time":642.5}]