{"properties":{"startBeat":0,"loadBeat":0.80000001192093,"formatversion":12,"offset":10,"speed":75},"events":[{"angle":180,"type":"play","time":3,"bpm":101.90000152588,"offset":0.075000002980232,"file":"Undertale.ogg","volume":3},{"b":0,"type":"setColor","g":0,"color":1,"angle":180,"r":0,"time":0},{"b":0,"type":"setColor","g":0,"color":3,"angle":202.5,"r":0,"time":0},{"angle":157.5,"type":"bookmark","time":3,"r":0,"b":0,"g":255,"description":"","name":"Starter"},{"angle":360,"type":"setColor","time":1,"r":255,"b":0,"ease":"inOutSine","duration":2,"color":2,"g":0},{"angle":135,"type":"outline","time":0,"color":2,"enable":true},{"angle":337.5,"type":"bookmark","time":35,"r":0,"b":0,"g":0,"description":"","name":"beat"},{"b":0,"type":"setColor","g":0,"color":0,"angle":225,"r":0,"time":0},{"angle":337.5,"type":"setColor","time":66,"r":168,"b":0,"ease":"outExpo","duration":1,"color":1,"g":0},{"angle":315,"type":"setColor","time":66,"r":93,"b":165,"ease":"outExpo","duration":1,"color":2,"g":114},{"angle":247.5,"type":"outline","time":66,"color":2,"enable":false},{"angle":337.5,"type":"outline","time":159,"color":2,"enable":true},{"b":14,"type":"setColor","g":201,"color":2,"angle":315,"r":255,"time":159.5},{"b":224,"type":"setColor","g":164,"color":2,"angle":315,"r":103,"time":160},{"b":248,"type":"setColor","g":7,"color":2,"angle":315,"r":230,"time":160.5},{"b":14,"type":"setColor","g":18,"color":2,"angle":315,"r":61,"time":159},{"b":14,"type":"setColor","g":201,"color":2,"angle":315,"r":255,"time":161.5},{"b":224,"type":"setColor","g":164,"color":2,"angle":315,"r":103,"time":162},{"b":248,"type":"setColor","g":7,"color":2,"angle":315,"r":230,"time":162.5},{"b":14,"type":"setColor","g":18,"color":2,"angle":315,"r":61,"time":161},{"angle":315,"type":"setColor","time":163,"r":125,"b":231,"ease":"inOutExpo","duration":0.5,"color":2,"g":197},{"angle":45,"type":"bookmark","time":66,"r":0,"b":0,"g":0,"description":"","name":"Piano!"},{"angle":45,"type":"bookmark","time":159,"r":0,"b":0,"g":0,"description":"","name":"Small drop"},{"angle":247.5,"type":"outline","time":163,"color":2,"enable":false},{"angle":292.5,"type":"deco","time":159.5,"id":"1","order":1,"sprite":"Frisk skin.png","duration":0.5},{"angle":292.5,"type":"deco","time":160,"id":"1","order":1,"sprite":"Frisk shirt_b.png","duration":0.5},{"angle":292.5,"type":"deco","time":160.5,"id":"1","order":1,"sprite":"Frisk shirt_p.png","duration":0.5},{"angle":292.5,"type":"deco","time":161,"id":"1","order":1,"sprite":"Frisk outline.png","duration":0.5},{"angle":292.5,"type":"deco","time":161.5,"id":"1","order":1,"sprite":"Frisk skin.png","duration":0.5},{"angle":292.5,"type":"deco","time":162,"id":"1","order":1,"sprite":"Frisk shirt_b.png","duration":0.5},{"angle":292.5,"type":"deco","time":162.5,"id":"1","order":1,"sprite":"Frisk shirt_p.png","duration":0.5},{"angle":292.5,"type":"deco","time":159,"sprite":"Frisk outline.png","order":1,"recolor":2,"sx":10,"sy":10,"ox":9.5,"duration":0.5,"drawLayer":"bg","id":"1","oy":16,"drawOrder":8,"outline":true},{"outline":false,"type":"deco","time":162.5,"id":"1","angle":22.5,"hide":true},{"angle":270,"type":"setColor","time":158.5,"r":0,"b":0,"ease":"inOutSine","duration":0.5,"color":1,"g":0},{"angle":270,"type":"forcePlayerSprite","time":0,"spriteName":"none"},{"angle":90,"type":"ease","time":158,"duration":1,"value":3,"var":"scrollSpeed"},{"angle":292.5,"type":"paddles","time":65,"newWidth":60,"ease":"inOutExpo","duration":2,"paddle":2,"newAngle":180,"enabled":true},{"angle":292.5,"type":"paddles","time":64.5,"newWidth":0,"newAngle":180,"duration":0,"paddle":2,"ease":"linear"},{"angle":11.25,"type":"bookmark","time":287,"r":0,"b":0,"g":255,"description":"","name":"Calmness"},{"angle":202.5,"type":"paddles","time":158,"newWidth":0,"ease":"inOutExpo","duration":1,"paddle":2,"enabled":true},{"angle":337.5,"type":"paddles","time":162.5,"newWidth":60,"ease":"inOutExpo","duration":0.5,"paddle":2,"enabled":true},{"angle":202.5,"type":"paddles","duration":0,"paddle":2,"time":159,"ease":"linear","enabled":false},{"b":0,"type":"setColor","g":0,"color":2,"angle":157.5,"r":0,"time":0},{"angle":270,"type":"paddles","time":65.5,"paddle":1,"duration":0.5,"ease":"outSine","newWidth":30},{"angle":90,"type":"ease","time":163,"ease":"inOutSine","value":1.5,"var":"scrollSpeed","duration":0.25},{"angle":270,"type":"setColor","time":162.75,"r":255,"b":0,"ease":"inOutExpo","duration":0.25,"color":1,"g":0},{"angle":337.5,"type":"setColor","time":286,"r":255,"b":0,"ease":"inOutCirc","duration":1,"color":2,"g":0},{"angle":326.25,"type":"setColor","time":286.5,"r":0,"b":0,"ease":"inOutExpo","duration":0.5,"color":1,"g":0},{"angle":315,"type":"outline","time":286,"color":2,"enable":true},{"angle":292.5,"type":"paddles","time":286,"paddle":2,"duration":1,"ease":"inOutExpo","newWidth":0},{"angle":292.5,"type":"paddles","duration":0,"paddle":2,"time":287.125,"ease":"linear","enabled":false},{"angle":270,"type":"paddles","time":286,"paddle":1,"duration":1,"ease":"inOutCirc","newWidth":70},{"angle":348.75,"type":"ease","time":2.5,"ease":"outBack","value":-340,"var":"vfx.songNameY","duration":1},{"angle":315,"type":"ease","time":0,"value":355,"var":"vfx.accuracyY"},{"angle":337.5,"type":"ease","time":0,"value":0,"var":"vfx.accuracyX"},{"angle":0,"type":"ease","time":0,"value":353,"var":"vfx.comboY"},{"angle":22.5,"type":"ease","time":0,"value":-260,"var":"vfx.comboX"},{"angle":180,"type":"ease","time":18.5,"ease":"outBack","value":310,"var":"vfx.comboY","duration":1},{"angle":45,"type":"setBoolean","time":0,"enable":false,"var":"vfx.drawDifficulty"},{"angle":135,"type":"ease","time":35,"value":330,"var":"vfx.accuracyY"},{"angle":202.5,"type":"ease","time":290.5,"ease":"outSine","value":1,"var":"scrollSpeed","duration":0.5},{"angle":315,"type":"setColor","time":288,"r":255,"b":0,"ease":"inOutExpo","duration":0.5,"color":2,"g":255},{"angle":315,"type":"setColor","time":288.5,"r":0,"b":0,"ease":"inOutExpo","duration":0.5,"color":2,"g":255},{"angle":315,"type":"setColor","time":289,"r":0,"b":255,"ease":"inOutExpo","duration":0.5,"color":2,"g":255},{"angle":315,"type":"setColor","time":287.5,"r":255,"b":0,"ease":"inOutExpo","duration":0.5,"color":2,"g":142},{"angle":315,"type":"setColor","time":290,"r":112,"b":255,"ease":"inOutExpo","duration":0.5,"color":2,"g":0},{"angle":315,"type":"setColor","time":290.5,"r":255,"b":0,"ease":"inOutExpo","duration":0.5,"color":2,"g":0},{"angle":315,"type":"setColor","time":289.5,"r":0,"b":255,"ease":"inOutExpo","duration":0.5,"color":2,"g":0},{"angle":292.5,"type":"deco","time":287.5,"id":"4","sx":10,"sy":10,"ox":8,"oy":8,"sprite":"Undertale heart.png","outline":true,"drawLayer":"bg","hide":false},{"outline":false,"type":"deco","time":291,"id":"4","angle":292.5,"hide":true},{"angle":247.5,"type":"deco","time":0,"sprite":"Undertale heart.png","x":300,"recolor":0,"sx":1,"sy":1,"ox":8,"oy":8,"id":"2","y":181,"outline":true,"drawLayer":"fg","hide":false},{"angle":247.5,"type":"setColor","time":162.75,"r":0,"b":0,"ease":"inExpo","duration":0.75,"color":3,"g":0},{"angle":247.5,"type":"setColor","time":158,"color":3,"duration":1,"r":255,"ease":"outExpo"},{"angle":225,"type":"deco","time":158,"id":"2","recolor":3,"ease":"inOutSine","duration":1,"outline":true,"hide":false},{"outline":false,"type":"deco","time":163,"id":"2","angle":292.5,"hide":true},{"outline":false,"type":"deco","time":67,"id":"2","angle":157.5,"hide":true},{"angle":270,"type":"setColor","time":286.5,"color":3,"duration":0.5,"r":255,"ease":"inCirc"},{"angle":281.25,"type":"setColor","time":291.5,"r":0,"b":0,"ease":"outSine","duration":1,"color":3,"g":0},{"angle":101.25,"type":"hom","enable":true,"time":227},{"angle":112.5,"type":"noise","time":227,"color":0,"chance":0.89999997615814},{"angle":191.25,"type":"hom","enable":false,"time":286.5},{"angle":202.5,"type":"noise","time":286.5,"color":0,"chance":0},{"angle":67.5,"type":"ease","time":0,"value":1,"var":"vfx.extraTapWidth"},{"angle":180,"type":"ease","time":65,"ease":"inOutSine","value":2,"var":"vfx.extraTapWidth","duration":2},{"angle":90,"type":"ease","time":0,"value":4,"var":"vfx.extraTapWidthPulse"},{"angle":360,"type":"ease","time":66,"ease":"inOutSine","value":2.5,"var":"vfx.extraTapWidthPulse","duration":1},{"angle":112.5,"type":"ease","time":0,"value":1.5,"var":"vfx.tapWidthPulse"},{"angle":0,"type":"ease","time":0.5,"value":1.25,"var":"vfx.tapPulseStrength"},{"angle":135,"type":"bookmark","time":227,"r":255,"b":0,"g":0,"description":"","name":"FIRE!"},{"angle":146.25,"type":"ease","time":226.75,"ease":"inCirc","value":1.1000000238419,"var":"vfx.homCanvPos.sx","duration":0.5},{"angle":157.5,"type":"ease","time":226.75,"ease":"inCirc","value":1.1000000238419,"var":"vfx.homCanvPos.sy","duration":0.5},{"angle":146.25,"type":"ease","time":227.25,"ease":"outCirc","value":1,"var":"vfx.homCanvPos.sx","duration":0.25},{"angle":157.5,"type":"ease","time":227.25,"ease":"outCirc","value":1,"var":"vfx.homCanvPos.sy","duration":0.25},{"angle":146.25,"type":"ease","time":230.75,"ease":"inCirc","value":1.2000000476837,"var":"vfx.homCanvPos.sx","duration":1},{"angle":157.5,"type":"ease","time":230.75,"ease":"inCirc","value":1.2000000476837,"var":"vfx.homCanvPos.sy","duration":1},{"angle":146.25,"type":"ease","time":231.75,"ease":"outCirc","value":1,"var":"vfx.homCanvPos.sx","duration":0.25},{"angle":157.5,"type":"ease","time":231.75,"ease":"outCirc","value":1,"var":"vfx.homCanvPos.sy","duration":0.25},{"angle":146.25,"type":"ease","time":234.75,"ease":"inCirc","value":1.1000000238419,"var":"vfx.homCanvPos.sx","duration":0.5},{"angle":157.5,"type":"ease","time":234.75,"ease":"inCirc","value":1.1000000238419,"var":"vfx.homCanvPos.sy","duration":0.5},{"angle":146.25,"type":"ease","time":235.25,"ease":"outCirc","value":1,"var":"vfx.homCanvPos.sx","duration":0.25},{"angle":157.5,"type":"ease","time":235.25,"ease":"outCirc","value":1,"var":"vfx.homCanvPos.sy","duration":0.25},{"angle":146.25,"type":"ease","time":238.75,"ease":"inCirc","value":1.2000000476837,"var":"vfx.homCanvPos.sx","duration":1},{"angle":157.5,"type":"ease","time":238.75,"ease":"inCirc","value":1.2000000476837,"var":"vfx.homCanvPos.sy","duration":1},{"angle":146.25,"type":"ease","time":239.75,"ease":"outCirc","value":1,"var":"vfx.homCanvPos.sx","duration":0.25},{"angle":157.5,"type":"ease","time":239.75,"ease":"outCirc","value":1,"var":"vfx.homCanvPos.sy","duration":0.25},{"angle":146.25,"type":"ease","time":242.75,"ease":"inCirc","value":1.1000000238419,"var":"vfx.homCanvPos.sx","duration":0.5},{"angle":157.5,"type":"ease","time":242.75,"ease":"inCirc","value":1.1000000238419,"var":"vfx.homCanvPos.sy","duration":0.5},{"angle":146.25,"type":"ease","time":243.25,"ease":"outCirc","value":1,"var":"vfx.homCanvPos.sx","duration":0.25},{"angle":157.5,"type":"ease","time":243.25,"ease":"outCirc","value":1,"var":"vfx.homCanvPos.sy","duration":0.25},{"angle":146.25,"type":"ease","time":246.75,"ease":"inCirc","value":1.2000000476837,"var":"vfx.homCanvPos.sx","duration":1},{"angle":157.5,"type":"ease","time":246.75,"ease":"inCirc","value":1.2000000476837,"var":"vfx.homCanvPos.sy","duration":1},{"angle":146.25,"type":"ease","time":247.75,"ease":"outCirc","value":1,"var":"vfx.homCanvPos.sx","duration":0.25},{"angle":157.5,"type":"ease","time":247.75,"ease":"outCirc","value":1,"var":"vfx.homCanvPos.sy","duration":0.25},{"angle":146.25,"type":"ease","time":250.75,"ease":"inCirc","value":1.1000000238419,"var":"vfx.homCanvPos.sx","duration":0.5},{"angle":157.5,"type":"ease","time":250.75,"ease":"inCirc","value":1.1000000238419,"var":"vfx.homCanvPos.sy","duration":0.5},{"angle":146.25,"type":"ease","time":251.25,"ease":"outCirc","value":1,"var":"vfx.homCanvPos.sx","duration":0.25},{"angle":157.5,"type":"ease","time":251.25,"ease":"outCirc","value":1,"var":"vfx.homCanvPos.sy","duration":0.25},{"angle":146.25,"type":"ease","time":254.75,"ease":"inCirc","value":1.2000000476837,"var":"vfx.homCanvPos.sx","duration":1},{"angle":157.5,"type":"ease","time":254.75,"ease":"inCirc","value":1.2000000476837,"var":"vfx.homCanvPos.sy","duration":1},{"angle":146.25,"type":"ease","time":255.75,"ease":"outCirc","value":1,"var":"vfx.homCanvPos.sx","duration":0.25},{"angle":157.5,"type":"ease","time":255.75,"ease":"outCirc","value":1,"var":"vfx.homCanvPos.sy","duration":0.25},{"angle":146.25,"type":"ease","time":258.75,"ease":"inCirc","value":1.1000000238419,"var":"vfx.homCanvPos.sx","duration":0.5},{"angle":157.5,"type":"ease","time":258.75,"ease":"inCirc","value":1.1000000238419,"var":"vfx.homCanvPos.sy","duration":0.5},{"angle":146.25,"type":"ease","time":259.25,"ease":"outCirc","value":1,"var":"vfx.homCanvPos.sx","duration":0.25},{"angle":157.5,"type":"ease","time":259.25,"ease":"outCirc","value":1,"var":"vfx.homCanvPos.sy","duration":0.25},{"angle":146.25,"type":"ease","time":262.75,"ease":"inCirc","value":1.2000000476837,"var":"vfx.homCanvPos.sx","duration":1},{"angle":157.5,"type":"ease","time":262.75,"ease":"inCirc","value":1.2000000476837,"var":"vfx.homCanvPos.sy","duration":1},{"angle":146.25,"type":"ease","time":263.75,"ease":"outCirc","value":1,"var":"vfx.homCanvPos.sx","duration":0.25},{"angle":157.5,"type":"ease","time":263.75,"ease":"outCirc","value":1,"var":"vfx.homCanvPos.sy","duration":0.25},{"angle":146.25,"type":"ease","time":274.75,"ease":"inCirc","value":1.1000000238419,"var":"vfx.homCanvPos.sx","duration":0.5},{"angle":157.5,"type":"ease","time":274.75,"ease":"inCirc","value":1.1000000238419,"var":"vfx.homCanvPos.sy","duration":0.5},{"angle":146.25,"type":"ease","time":275.25,"ease":"outCirc","value":1,"var":"vfx.homCanvPos.sx","duration":0.25},{"angle":157.5,"type":"ease","time":275.25,"ease":"outCirc","value":1,"var":"vfx.homCanvPos.sy","duration":0.25},{"angle":146.25,"type":"ease","time":278.75,"ease":"inCirc","value":1.2000000476837,"var":"vfx.homCanvPos.sx","duration":1},{"angle":157.5,"type":"ease","time":278.75,"ease":"inCirc","value":1.2000000476837,"var":"vfx.homCanvPos.sy","duration":1},{"angle":146.25,"type":"ease","time":279.75,"ease":"outCirc","value":1,"var":"vfx.homCanvPos.sx","duration":0.25},{"angle":157.5,"type":"ease","time":279.75,"ease":"outCirc","value":1,"var":"vfx.homCanvPos.sy","duration":0.25},{"angle":146.25,"type":"ease","time":266.75,"ease":"inCirc","value":1.1000000238419,"var":"vfx.homCanvPos.sx","duration":0.5},{"angle":157.5,"type":"ease","time":266.75,"ease":"inCirc","value":1.1000000238419,"var":"vfx.homCanvPos.sy","duration":0.5},{"angle":146.25,"type":"ease","time":267.25,"ease":"outCirc","value":1,"var":"vfx.homCanvPos.sx","duration":0.25},{"angle":157.5,"type":"ease","time":267.25,"ease":"outCirc","value":1,"var":"vfx.homCanvPos.sy","duration":0.25},{"angle":146.25,"type":"ease","time":270.75,"ease":"inCirc","value":1.2000000476837,"var":"vfx.homCanvPos.sx","duration":1},{"angle":157.5,"type":"ease","time":270.75,"ease":"inCirc","value":1.2000000476837,"var":"vfx.homCanvPos.sy","duration":1},{"angle":146.25,"type":"ease","time":271.75,"ease":"outCirc","value":1,"var":"vfx.homCanvPos.sx","duration":0.25},{"angle":157.5,"type":"ease","time":271.75,"ease":"outCirc","value":1,"var":"vfx.homCanvPos.sy","duration":0.25},{"angle":146.25,"type":"ease","time":282.75,"ease":"inCirc","value":1.1000000238419,"var":"vfx.homCanvPos.sx","duration":0.5},{"angle":157.5,"type":"ease","time":282.75,"ease":"inCirc","value":1.1000000238419,"var":"vfx.homCanvPos.sy","duration":0.5},{"angle":146.25,"type":"ease","time":283.25,"ease":"outCirc","value":1,"var":"vfx.homCanvPos.sx","duration":0.25},{"angle":157.5,"type":"ease","time":283.25,"ease":"outCirc","value":1,"var":"vfx.homCanvPos.sy","duration":0.25},{"angle":225,"type":"noise","time":351,"color":0,"chance":0.89999997615814},{"angle":180,"type":"ease","time":351,"ease":"inSine","value":1.2000000476837,"var":"vfx.homCanvPos.sx","duration":3},{"angle":202.5,"type":"ease","time":351,"ease":"inSine","value":1.2000000476837,"var":"vfx.homCanvPos.sy","duration":3},{"angle":157.5,"type":"hom","enable":true,"time":351},{"angle":315,"type":"ease","time":355,"ease":"outSine","value":1,"var":"vfx.homCanvPos.sy","duration":0.25},{"angle":303.75,"type":"ease","time":355,"ease":"outSine","value":1,"var":"vfx.homCanvPos.sx","duration":0.25},{"angle":292.5,"type":"noise","time":355,"color":0,"chance":0.5},{"angle":0,"type":"showResults","time":646.5},{"angle":22.5,"type":"setColor","time":642.5,"r":0,"b":0,"ease":"inOutSine","duration":0.25,"color":2,"g":0},{"angle":337.5,"type":"setColor","time":642.5,"r":0,"ease":"inOutSine","duration":0.25,"color":1,"g":0},{"angle":22.5,"type":"setColor","time":643,"r":0,"b":0,"ease":"outExpo","duration":3,"color":3,"g":0},{"angle":315,"type":"setColor","time":642.5,"r":0,"b":0,"ease":"inOutSine","duration":0.25,"color":0,"g":0},{"angle":337.5,"type":"deco","time":0.5,"id":"3","x":0,"y":0,"sprite":"stars.png","drawLayer":"bg","hide":true},{"angle":292.5,"type":"setColor","time":66,"r":116,"b":199,"ease":"outExpo","duration":1,"color":3,"g":199},{"outline":false,"type":"deco","time":66,"id":"3","duration":1,"recolor":-1,"angle":270},{"angle":157.5,"type":"setColor","time":157,"r":0,"b":0,"ease":"outExpo","duration":1,"color":2,"g":0},{"angle":135,"type":"setColor","time":157,"r":0,"b":0,"ease":"outExpo","duration":1,"color":3,"g":0},{"angle":180,"type":"deco","time":158,"id":"3","hide":true},{"angle":270,"type":"deco","time":163,"id":"3","hide":false},{"b":240,"type":"setColor","g":240,"color":3,"angle":225,"r":179,"time":163},{"angle":225,"type":"deco","time":286,"id":"3","hide":true},{"angle":225,"type":"setColor","time":285.5,"r":0,"b":0,"ease":"inOutExpo","duration":0.5,"color":3,"g":0},{"angle":247.5,"type":"setColor","time":285.5,"r":0,"b":0,"ease":"inOutExpo","duration":0.5,"color":2,"g":0},{"outline":true,"type":"deco","time":291,"id":"1","angle":270,"recolor":0,"hide":true},{"outline":true,"type":"deco","time":35,"id":"3","angle":112.5,"recolor":0,"hide":false},{"angle":90,"type":"setColor","time":34.75,"color":2,"duration":0.25,"r":0,"ease":"outExpo"},{"angle":90,"type":"setColor","time":35,"color":2,"duration":0.25,"r":255,"ease":"inExpo"},{"angle":247.5,"type":"bookmark","time":355,"r":0,"b":255,"g":208.63835334778,"description":"","name":"The same thing for the 100th time"},{"angle":270,"type":"setColor","time":354.5,"color":1,"duration":0.5,"r":168,"ease":"inOutExpo"},{"angle":247.5,"type":"setColor","time":354.5,"color":2,"duration":0.5,"r":0,"ease":"inOutExpo"},{"angle":258.75,"type":"outline","time":355,"color":2,"enable":false},{"angle":225,"type":"setColor","time":355,"r":116,"b":199,"ease":"inOutExpo","duration":0.25,"color":3,"g":199},{"angle":202.5,"type":"setColor","time":355,"r":93,"b":165,"ease":"inOutExpo","duration":0.25,"color":2,"g":114},{"outline":false,"type":"deco","time":354.5,"id":"3","angle":225,"recolor":-1,"hide":false},{"outline":false,"type":"deco","time":355,"id":"2","angle":281.25,"hide":true},{"angle":292.5,"type":"bookmark","time":642.5,"r":0,"b":0,"g":0,"description":"","name":"Section"},{"angle":326.25,"type":"ease","time":355,"ease":"outExpo","value":1.5,"var":"scrollSpeed","duration":0.5},{"angle":303.75,"type":"bookmark","time":483,"r":94.393379688263,"b":94.393379688263,"g":243.75000447035,"description":"","name":"Goat flowey"},{"angle":146.25,"type":"ease","time":355,"ease":"inCirc","value":1.1000000238419,"var":"vfx.homCanvPos.sx","duration":0.5},{"angle":157.5,"type":"ease","time":355,"ease":"inCirc","value":1.1000000238419,"var":"vfx.homCanvPos.sy","duration":0.5},{"angle":146.25,"type":"ease","time":355.5,"ease":"outCirc","value":1,"var":"vfx.homCanvPos.sx","duration":0.25},{"angle":157.5,"type":"ease","time":355.5,"ease":"outCirc","value":1,"var":"vfx.homCanvPos.sy","duration":0.25},{"angle":146.25,"type":"ease","time":358.75,"ease":"inCirc","value":1.1000000238419,"var":"vfx.homCanvPos.sx","duration":0.5},{"angle":157.5,"type":"ease","time":358.75,"ease":"inCirc","value":1.1000000238419,"var":"vfx.homCanvPos.sy","duration":0.5},{"angle":146.25,"type":"ease","time":359.25,"ease":"outCirc","value":1,"var":"vfx.homCanvPos.sx","duration":0.25},{"angle":157.5,"type":"ease","time":359.25,"ease":"outCirc","value":1,"var":"vfx.homCanvPos.sy","duration":0.25},{"angle":146.25,"type":"ease","time":362.75,"ease":"inCirc","value":1.1000000238419,"var":"vfx.homCanvPos.sx","duration":0.5},{"angle":157.5,"type":"ease","time":362.75,"ease":"inCirc","value":1.1000000238419,"var":"vfx.homCanvPos.sy","duration":0.5},{"angle":146.25,"type":"ease","time":363.25,"ease":"outCirc","value":1,"var":"vfx.homCanvPos.sx","duration":0.25},{"angle":157.5,"type":"ease","time":363.25,"ease":"outCirc","value":1,"var":"vfx.homCanvPos.sy","duration":0.25},{"angle":146.25,"type":"ease","time":366.75,"ease":"inCirc","value":1.1000000238419,"var":"vfx.homCanvPos.sx","duration":0.5},{"angle":157.5,"type":"ease","time":366.75,"ease":"inCirc","value":1.1000000238419,"var":"vfx.homCanvPos.sy","duration":0.5},{"angle":146.25,"type":"ease","time":367.25,"ease":"outCirc","value":1,"var":"vfx.homCanvPos.sx","duration":0.25},{"angle":157.5,"type":"ease","time":367.25,"ease":"outCirc","value":1,"var":"vfx.homCanvPos.sy","duration":0.25},{"angle":146.25,"type":"ease","time":370.75,"ease":"inCirc","value":1.1000000238419,"var":"vfx.homCanvPos.sx","duration":0.5},{"angle":157.5,"type":"ease","time":370.75,"ease":"inCirc","value":1.1000000238419,"var":"vfx.homCanvPos.sy","duration":0.5},{"angle":146.25,"type":"ease","time":371.25,"ease":"outCirc","value":1,"var":"vfx.homCanvPos.sx","duration":0.25},{"angle":157.5,"type":"ease","time":371.25,"ease":"outCirc","value":1,"var":"vfx.homCanvPos.sy","duration":0.25},{"angle":146.25,"type":"ease","time":378.75,"ease":"inCirc","value":1.1000000238419,"var":"vfx.homCanvPos.sx","duration":0.5},{"angle":157.5,"type":"ease","time":378.75,"ease":"inCirc","value":1.1000000238419,"var":"vfx.homCanvPos.sy","duration":0.5},{"angle":146.25,"type":"ease","time":379.25,"ease":"outCirc","value":1,"var":"vfx.homCanvPos.sx","duration":0.25},{"angle":157.5,"type":"ease","time":379.25,"ease":"outCirc","value":1,"var":"vfx.homCanvPos.sy","duration":0.25},{"angle":146.25,"type":"ease","time":374.75,"ease":"inCirc","value":1.1000000238419,"var":"vfx.homCanvPos.sx","duration":0.5},{"angle":157.5,"type":"ease","time":374.75,"ease":"inCirc","value":1.1000000238419,"var":"vfx.homCanvPos.sy","duration":0.5},{"angle":146.25,"type":"ease","time":375.25,"ease":"outCirc","value":1,"var":"vfx.homCanvPos.sx","duration":0.25},{"angle":157.5,"type":"ease","time":375.25,"ease":"outCirc","value":1,"var":"vfx.homCanvPos.sy","duration":0.25},{"angle":146.25,"type":"ease","time":382.75,"ease":"inCirc","value":1.1000000238419,"var":"vfx.homCanvPos.sx","duration":0.5},{"angle":157.5,"type":"ease","time":382.75,"ease":"inCirc","value":1.1000000238419,"var":"vfx.homCanvPos.sy","duration":0.5},{"angle":146.25,"type":"ease","time":383.25,"ease":"outCirc","value":1,"var":"vfx.homCanvPos.sx","duration":0.25},{"angle":157.5,"type":"ease","time":383.25,"ease":"outCirc","value":1,"var":"vfx.homCanvPos.sy","duration":0.25},{"angle":146.25,"type":"ease","time":386.75,"ease":"inCirc","value":1.1000000238419,"var":"vfx.homCanvPos.sx","duration":0.5},{"angle":157.5,"type":"ease","time":386.75,"ease":"inCirc","value":1.1000000238419,"var":"vfx.homCanvPos.sy","duration":0.5},{"angle":146.25,"type":"ease","time":387.25,"ease":"outCirc","value":1,"var":"vfx.homCanvPos.sx","duration":0.25},{"angle":157.5,"type":"ease","time":387.25,"ease":"outCirc","value":1,"var":"vfx.homCanvPos.sy","duration":0.25},{"angle":146.25,"type":"ease","time":390.75,"ease":"inCirc","value":1.1000000238419,"var":"vfx.homCanvPos.sx","duration":0.5},{"angle":157.5,"type":"ease","time":390.75,"ease":"inCirc","value":1.1000000238419,"var":"vfx.homCanvPos.sy","duration":0.5},{"angle":146.25,"type":"ease","time":391.25,"ease":"outCirc","value":1,"var":"vfx.homCanvPos.sx","duration":0.25},{"angle":157.5,"type":"ease","time":391.25,"ease":"outCirc","value":1,"var":"vfx.homCanvPos.sy","duration":0.25},{"angle":146.25,"type":"ease","time":394.75,"ease":"inCirc","value":1.1000000238419,"var":"vfx.homCanvPos.sx","duration":0.5},{"angle":157.5,"type":"ease","time":394.75,"ease":"inCirc","value":1.1000000238419,"var":"vfx.homCanvPos.sy","duration":0.5},{"angle":146.25,"type":"ease","time":395.25,"ease":"outCirc","value":1,"var":"vfx.homCanvPos.sx","duration":0.25},{"angle":157.5,"type":"ease","time":395.25,"ease":"outCirc","value":1,"var":"vfx.homCanvPos.sy","duration":0.25},{"angle":146.25,"type":"ease","time":398.75,"ease":"inCirc","value":1.1000000238419,"var":"vfx.homCanvPos.sx","duration":0.5},{"angle":157.5,"type":"ease","time":398.75,"ease":"inCirc","value":1.1000000238419,"var":"vfx.homCanvPos.sy","duration":0.5},{"angle":146.25,"type":"ease","time":399.25,"ease":"outCirc","value":1,"var":"vfx.homCanvPos.sx","duration":0.25},{"angle":157.5,"type":"ease","time":399.25,"ease":"outCirc","value":1,"var":"vfx.homCanvPos.sy","duration":0.25},{"angle":146.25,"type":"ease","time":402.75,"ease":"inCirc","value":1.1000000238419,"var":"vfx.homCanvPos.sx","duration":0.5},{"angle":157.5,"type":"ease","time":402.75,"ease":"inCirc","value":1.1000000238419,"var":"vfx.homCanvPos.sy","duration":0.5},{"angle":146.25,"type":"ease","time":403.25,"ease":"outCirc","value":1,"var":"vfx.homCanvPos.sx","duration":0.25},{"angle":157.5,"type":"ease","time":403.25,"ease":"outCirc","value":1,"var":"vfx.homCanvPos.sy","duration":0.25},{"angle":146.25,"type":"ease","time":406.75,"ease":"inCirc","value":1.1000000238419,"var":"vfx.homCanvPos.sx","duration":0.5},{"angle":157.5,"type":"ease","time":406.75,"ease":"inCirc","value":1.1000000238419,"var":"vfx.homCanvPos.sy","duration":0.5},{"angle":146.25,"type":"ease","time":407.25,"ease":"outCirc","value":1,"var":"vfx.homCanvPos.sx","duration":0.25},{"angle":157.5,"type":"ease","time":407.25,"ease":"outCirc","value":1,"var":"vfx.homCanvPos.sy","duration":0.25},{"angle":146.25,"type":"ease","time":410.75,"ease":"inCirc","value":1.1000000238419,"var":"vfx.homCanvPos.sx","duration":0.5},{"angle":157.5,"type":"ease","time":410.75,"ease":"inCirc","value":1.1000000238419,"var":"vfx.homCanvPos.sy","duration":0.5},{"angle":146.25,"type":"ease","time":411.25,"ease":"outCirc","value":1,"var":"vfx.homCanvPos.sx","duration":0.25},{"angle":157.5,"type":"ease","time":411.25,"ease":"outCirc","value":1,"var":"vfx.homCanvPos.sy","duration":0.25},{"angle":146.25,"type":"ease","time":414.75,"ease":"inCirc","value":1.1000000238419,"var":"vfx.homCanvPos.sx","duration":0.5},{"angle":157.5,"type":"ease","time":414.75,"ease":"inCirc","value":1.1000000238419,"var":"vfx.homCanvPos.sy","duration":0.5},{"angle":146.25,"type":"ease","time":415.25,"ease":"outCirc","value":1,"var":"vfx.homCanvPos.sx","duration":0.25},{"angle":157.5,"type":"ease","time":415.25,"ease":"outCirc","value":1,"var":"vfx.homCanvPos.sy","duration":0.25},{"angle":146.25,"type":"ease","time":418.75,"ease":"inCirc","value":1.1000000238419,"var":"vfx.homCanvPos.sx","duration":0.5},{"angle":157.5,"type":"ease","time":418.75,"ease":"inCirc","value":1.1000000238419,"var":"vfx.homCanvPos.sy","duration":0.5},{"angle":146.25,"type":"ease","time":419.25,"ease":"outCirc","value":1,"var":"vfx.homCanvPos.sx","duration":0.25},{"angle":157.5,"type":"ease","time":419.25,"ease":"outCirc","value":1,"var":"vfx.homCanvPos.sy","duration":0.25},{"angle":146.25,"type":"ease","time":422.75,"ease":"inCirc","value":1.1000000238419,"var":"vfx.homCanvPos.sx","duration":0.5},{"angle":157.5,"type":"ease","time":422.75,"ease":"inCirc","value":1.1000000238419,"var":"vfx.homCanvPos.sy","duration":0.5},{"angle":146.25,"type":"ease","time":423.25,"ease":"outCirc","value":1,"var":"vfx.homCanvPos.sx","duration":0.25},{"angle":157.5,"type":"ease","time":423.25,"ease":"outCirc","value":1,"var":"vfx.homCanvPos.sy","duration":0.25},{"angle":146.25,"type":"ease","time":426.75,"ease":"inCirc","value":1.1000000238419,"var":"vfx.homCanvPos.sx","duration":0.5},{"angle":157.5,"type":"ease","time":426.75,"ease":"inCirc","value":1.1000000238419,"var":"vfx.homCanvPos.sy","duration":0.5},{"angle":146.25,"type":"ease","time":427.25,"ease":"outCirc","value":1,"var":"vfx.homCanvPos.sx","duration":0.25},{"angle":157.5,"type":"ease","time":427.25,"ease":"outCirc","value":1,"var":"vfx.homCanvPos.sy","duration":0.25},{"angle":146.25,"type":"ease","time":430.75,"ease":"inCirc","value":1.1000000238419,"var":"vfx.homCanvPos.sx","duration":0.5},{"angle":157.5,"type":"ease","time":430.75,"ease":"inCirc","value":1.1000000238419,"var":"vfx.homCanvPos.sy","duration":0.5},{"angle":146.25,"type":"ease","time":431.25,"ease":"outCirc","value":1,"var":"vfx.homCanvPos.sx","duration":0.25},{"angle":157.5,"type":"ease","time":431.25,"ease":"outCirc","value":1,"var":"vfx.homCanvPos.sy","duration":0.25},{"angle":146.25,"type":"ease","time":434.75,"ease":"inCirc","value":1.1000000238419,"var":"vfx.homCanvPos.sx","duration":0.5},{"angle":157.5,"type":"ease","time":434.75,"ease":"inCirc","value":1.1000000238419,"var":"vfx.homCanvPos.sy","duration":0.5},{"angle":146.25,"type":"ease","time":435.25,"ease":"outCirc","value":1,"var":"vfx.homCanvPos.sx","duration":0.25},{"angle":157.5,"type":"ease","time":435.25,"ease":"outCirc","value":1,"var":"vfx.homCanvPos.sy","duration":0.25},{"angle":146.25,"type":"ease","time":438.75,"ease":"inCirc","value":1.1000000238419,"var":"vfx.homCanvPos.sx","duration":0.5},{"angle":157.5,"type":"ease","time":438.75,"ease":"inCirc","value":1.1000000238419,"var":"vfx.homCanvPos.sy","duration":0.5},{"angle":146.25,"type":"ease","time":439.25,"ease":"outCirc","value":1,"var":"vfx.homCanvPos.sx","duration":0.25},{"angle":157.5,"type":"ease","time":439.25,"ease":"outCirc","value":1,"var":"vfx.homCanvPos.sy","duration":0.25},{"angle":146.25,"type":"ease","time":442.75,"ease":"inCirc","value":1.1000000238419,"var":"vfx.homCanvPos.sx","duration":0.5},{"angle":157.5,"type":"ease","time":442.75,"ease":"inCirc","value":1.1000000238419,"var":"vfx.homCanvPos.sy","duration":0.5},{"angle":146.25,"type":"ease","time":443.25,"ease":"outCirc","value":1,"var":"vfx.homCanvPos.sx","duration":0.25},{"angle":157.5,"type":"ease","time":443.25,"ease":"outCirc","value":1,"var":"vfx.homCanvPos.sy","duration":0.25},{"angle":146.25,"type":"ease","time":446.5,"ease":"inCirc","value":1.1000000238419,"var":"vfx.homCanvPos.sx","duration":0.5},{"angle":157.5,"type":"ease","time":446.5,"ease":"inCirc","value":1.1000000238419,"var":"vfx.homCanvPos.sy","duration":0.5},{"angle":146.25,"type":"ease","time":447,"ease":"outCirc","value":1,"var":"vfx.homCanvPos.sx","duration":0.25},{"angle":157.5,"type":"ease","time":447,"ease":"outCirc","value":1,"var":"vfx.homCanvPos.sy","duration":0.25},{"angle":146.25,"type":"ease","time":450.75,"ease":"inCirc","value":1.1000000238419,"var":"vfx.homCanvPos.sx","duration":0.5},{"angle":157.5,"type":"ease","time":450.75,"ease":"inCirc","value":1.1000000238419,"var":"vfx.homCanvPos.sy","duration":0.5},{"angle":146.25,"type":"ease","time":451.25,"ease":"outCirc","value":1,"var":"vfx.homCanvPos.sx","duration":0.25},{"angle":157.5,"type":"ease","time":451.25,"ease":"outCirc","value":1,"var":"vfx.homCanvPos.sy","duration":0.25},{"angle":146.25,"type":"ease","time":454.75,"ease":"inCirc","value":1.1000000238419,"var":"vfx.homCanvPos.sx","duration":0.5},{"angle":157.5,"type":"ease","time":454.75,"ease":"inCirc","value":1.1000000238419,"var":"vfx.homCanvPos.sy","duration":0.5},{"angle":146.25,"type":"ease","time":455.25,"ease":"outCirc","value":1,"var":"vfx.homCanvPos.sx","duration":0.25},{"angle":157.5,"type":"ease","time":455.25,"ease":"outCirc","value":1,"var":"vfx.homCanvPos.sy","duration":0.25},{"angle":146.25,"type":"ease","time":458.75,"ease":"inCirc","value":1.1000000238419,"var":"vfx.homCanvPos.sx","duration":0.5},{"angle":157.5,"type":"ease","time":458.75,"ease":"inCirc","value":1.1000000238419,"var":"vfx.homCanvPos.sy","duration":0.5},{"angle":146.25,"type":"ease","time":459.25,"ease":"outCirc","value":1,"var":"vfx.homCanvPos.sx","duration":0.25},{"angle":157.5,"type":"ease","time":459.25,"ease":"outCirc","value":1,"var":"vfx.homCanvPos.sy","duration":0.25},{"angle":146.25,"type":"ease","time":462.75,"ease":"inCirc","value":1.1000000238419,"var":"vfx.homCanvPos.sx","duration":0.5},{"angle":157.5,"type":"ease","time":462.75,"ease":"inCirc","value":1.1000000238419,"var":"vfx.homCanvPos.sy","duration":0.5},{"angle":146.25,"type":"ease","time":463.25,"ease":"outCirc","value":1,"var":"vfx.homCanvPos.sx","duration":0.25},{"angle":157.5,"type":"ease","time":463.25,"ease":"outCirc","value":1,"var":"vfx.homCanvPos.sy","duration":0.25},{"angle":146.25,"type":"ease","time":466.75,"ease":"inCirc","value":1.1000000238419,"var":"vfx.homCanvPos.sx","duration":0.5},{"angle":157.5,"type":"ease","time":466.75,"ease":"inCirc","value":1.1000000238419,"var":"vfx.homCanvPos.sy","duration":0.5},{"angle":146.25,"type":"ease","time":467.25,"ease":"outCirc","value":1,"var":"vfx.homCanvPos.sx","duration":0.25},{"angle":157.5,"type":"ease","time":467.25,"ease":"outCirc","value":1,"var":"vfx.homCanvPos.sy","duration":0.25},{"angle":146.25,"type":"ease","time":470.75,"ease":"inCirc","value":1.1000000238419,"var":"vfx.homCanvPos.sx","duration":0.5},{"angle":157.5,"type":"ease","time":470.75,"ease":"inCirc","value":1.1000000238419,"var":"vfx.homCanvPos.sy","duration":0.5},{"angle":146.25,"type":"ease","time":471.25,"ease":"outCirc","value":1,"var":"vfx.homCanvPos.sx","duration":0.25},{"angle":157.5,"type":"ease","time":471.25,"ease":"outCirc","value":1,"var":"vfx.homCanvPos.sy","duration":0.25},{"angle":146.25,"type":"ease","time":474.75,"ease":"inCirc","value":1.1000000238419,"var":"vfx.homCanvPos.sx","duration":0.5},{"angle":157.5,"type":"ease","time":474.75,"ease":"inCirc","value":1.1000000238419,"var":"vfx.homCanvPos.sy","duration":0.5},{"angle":146.25,"type":"ease","time":475.25,"ease":"outCirc","value":1,"var":"vfx.homCanvPos.sx","duration":0.25},{"angle":157.5,"type":"ease","time":475.25,"ease":"outCirc","value":1,"var":"vfx.homCanvPos.sy","duration":0.25},{"angle":146.25,"type":"ease","time":478.75,"ease":"inCirc","value":1.1000000238419,"var":"vfx.homCanvPos.sx","duration":0.5},{"angle":157.5,"type":"ease","time":478.75,"ease":"inCirc","value":1.1000000238419,"var":"vfx.homCanvPos.sy","duration":0.5},{"angle":146.25,"type":"ease","time":479.25,"ease":"outCirc","value":1,"var":"vfx.homCanvPos.sx","duration":0.25},{"angle":157.5,"type":"ease","time":479.25,"ease":"outCirc","value":1,"var":"vfx.homCanvPos.sy","duration":0.25},{"angle":146.25,"type":"ease","time":356.75,"ease":"inCirc","value":1.2000000476837,"var":"vfx.homCanvPos.sx","duration":1},{"angle":157.5,"type":"ease","time":356.75,"ease":"inCirc","value":1.2000000476837,"var":"vfx.homCanvPos.sy","duration":1},{"angle":146.25,"type":"ease","time":357.75,"ease":"outCirc","value":1,"var":"vfx.homCanvPos.sx","duration":0.25},{"angle":157.5,"type":"ease","time":357.75,"ease":"outCirc","value":1,"var":"vfx.homCanvPos.sy","duration":0.25},{"angle":146.25,"type":"ease","time":360.75,"ease":"inCirc","value":1.2000000476837,"var":"vfx.homCanvPos.sx","duration":1},{"angle":157.5,"type":"ease","time":360.75,"ease":"inCirc","value":1.2000000476837,"var":"vfx.homCanvPos.sy","duration":1},{"angle":146.25,"type":"ease","time":361.75,"ease":"outCirc","value":1,"var":"vfx.homCanvPos.sx","duration":0.25},{"angle":157.5,"type":"ease","time":361.75,"ease":"outCirc","value":1,"var":"vfx.homCanvPos.sy","duration":0.25},{"angle":146.25,"type":"ease","time":364.75,"ease":"inCirc","value":1.2000000476837,"var":"vfx.homCanvPos.sx","duration":1},{"angle":157.5,"type":"ease","time":364.75,"ease":"inCirc","value":1.2000000476837,"var":"vfx.homCanvPos.sy","duration":1},{"angle":146.25,"type":"ease","time":365.75,"ease":"outCirc","value":1,"var":"vfx.homCanvPos.sx","duration":0.25},{"angle":157.5,"type":"ease","time":365.75,"ease":"outCirc","value":1,"var":"vfx.homCanvPos.sy","duration":0.25},{"angle":146.25,"type":"ease","time":368.75,"ease":"inCirc","value":1.2000000476837,"var":"vfx.homCanvPos.sx","duration":1},{"angle":157.5,"type":"ease","time":368.75,"ease":"inCirc","value":1.2000000476837,"var":"vfx.homCanvPos.sy","duration":1},{"angle":146.25,"type":"ease","time":369.75,"ease":"outCirc","value":1,"var":"vfx.homCanvPos.sx","duration":0.25},{"angle":157.5,"type":"ease","time":369.75,"ease":"outCirc","value":1,"var":"vfx.homCanvPos.sy","duration":0.25},{"angle":146.25,"type":"ease","time":372.75,"ease":"inCirc","value":1.2000000476837,"var":"vfx.homCanvPos.sx","duration":1},{"angle":157.5,"type":"ease","time":372.75,"ease":"inCirc","value":1.2000000476837,"var":"vfx.homCanvPos.sy","duration":1},{"angle":146.25,"type":"ease","time":373.75,"ease":"outCirc","value":1,"var":"vfx.homCanvPos.sx","duration":0.25},{"angle":157.5,"type":"ease","time":373.75,"ease":"outCirc","value":1,"var":"vfx.homCanvPos.sy","duration":0.25},{"angle":146.25,"type":"ease","time":376.75,"ease":"inCirc","value":1.2000000476837,"var":"vfx.homCanvPos.sx","duration":1},{"angle":157.5,"type":"ease","time":376.75,"ease":"inCirc","value":1.2000000476837,"var":"vfx.homCanvPos.sy","duration":1},{"angle":146.25,"type":"ease","time":377.75,"ease":"outCirc","value":1,"var":"vfx.homCanvPos.sx","duration":0.25},{"angle":157.5,"type":"ease","time":377.75,"ease":"outCirc","value":1,"var":"vfx.homCanvPos.sy","duration":0.25},{"angle":146.25,"type":"ease","time":380.75,"ease":"inCirc","value":1.2000000476837,"var":"vfx.homCanvPos.sx","duration":1},{"angle":157.5,"type":"ease","time":380.75,"ease":"inCirc","value":1.2000000476837,"var":"vfx.homCanvPos.sy","duration":1},{"angle":146.25,"type":"ease","time":381.75,"ease":"outCirc","value":1,"var":"vfx.homCanvPos.sx","duration":0.25},{"angle":157.5,"type":"ease","time":381.75,"ease":"outCirc","value":1,"var":"vfx.homCanvPos.sy","duration":0.25},{"angle":146.25,"type":"ease","time":384.75,"ease":"inCirc","value":1.2000000476837,"var":"vfx.homCanvPos.sx","duration":1},{"angle":157.5,"type":"ease","time":384.75,"ease":"inCirc","value":1.2000000476837,"var":"vfx.homCanvPos.sy","duration":1},{"angle":146.25,"type":"ease","time":385.75,"ease":"outCirc","value":1,"var":"vfx.homCanvPos.sx","duration":0.25},{"angle":157.5,"type":"ease","time":385.75,"ease":"outCirc","value":1,"var":"vfx.homCanvPos.sy","duration":0.25},{"angle":146.25,"type":"ease","time":388.75,"ease":"inCirc","value":1.2000000476837,"var":"vfx.homCanvPos.sx","duration":1},{"angle":157.5,"type":"ease","time":388.75,"ease":"inCirc","value":1.2000000476837,"var":"vfx.homCanvPos.sy","duration":1},{"angle":146.25,"type":"ease","time":389.75,"ease":"outCirc","value":1,"var":"vfx.homCanvPos.sx","duration":0.25},{"angle":157.5,"type":"ease","time":389.75,"ease":"outCirc","value":1,"var":"vfx.homCanvPos.sy","duration":0.25},{"angle":146.25,"type":"ease","time":392.75,"ease":"inCirc","value":1.2000000476837,"var":"vfx.homCanvPos.sx","duration":1},{"angle":157.5,"type":"ease","time":392.75,"ease":"inCirc","value":1.2000000476837,"var":"vfx.homCanvPos.sy","duration":1},{"angle":146.25,"type":"ease","time":393.75,"ease":"outCirc","value":1,"var":"vfx.homCanvPos.sx","duration":0.25},{"angle":157.5,"type":"ease","time":393.75,"ease":"outCirc","value":1,"var":"vfx.homCanvPos.sy","duration":0.25},{"angle":146.25,"type":"ease","time":396.75,"ease":"inCirc","value":1.2000000476837,"var":"vfx.homCanvPos.sx","duration":1},{"angle":157.5,"type":"ease","time":396.75,"ease":"inCirc","value":1.2000000476837,"var":"vfx.homCanvPos.sy","duration":1},{"angle":146.25,"type":"ease","time":397.75,"ease":"outCirc","value":1,"var":"vfx.homCanvPos.sx","duration":0.25},{"angle":157.5,"type":"ease","time":397.75,"ease":"outCirc","value":1,"var":"vfx.homCanvPos.sy","duration":0.25},{"angle":146.25,"type":"ease","time":400.75,"ease":"inCirc","value":1.2000000476837,"var":"vfx.homCanvPos.sx","duration":1},{"angle":157.5,"type":"ease","time":400.75,"ease":"inCirc","value":1.2000000476837,"var":"vfx.homCanvPos.sy","duration":1},{"angle":146.25,"type":"ease","time":401.75,"ease":"outCirc","value":1,"var":"vfx.homCanvPos.sx","duration":0.25},{"angle":157.5,"type":"ease","time":401.75,"ease":"outCirc","value":1,"var":"vfx.homCanvPos.sy","duration":0.25},{"angle":146.25,"type":"ease","time":404.75,"ease":"inCirc","value":1.2000000476837,"var":"vfx.homCanvPos.sx","duration":1},{"angle":157.5,"type":"ease","time":404.75,"ease":"inCirc","value":1.2000000476837,"var":"vfx.homCanvPos.sy","duration":1},{"angle":146.25,"type":"ease","time":405.75,"ease":"outCirc","value":1,"var":"vfx.homCanvPos.sx","duration":0.25},{"angle":157.5,"type":"ease","time":405.75,"ease":"outCirc","value":1,"var":"vfx.homCanvPos.sy","duration":0.25},{"angle":146.25,"type":"ease","time":408.75,"ease":"inCirc","value":1.2000000476837,"var":"vfx.homCanvPos.sx","duration":1},{"angle":157.5,"type":"ease","time":408.75,"ease":"inCirc","value":1.2000000476837,"var":"vfx.homCanvPos.sy","duration":1},{"angle":146.25,"type":"ease","time":409.75,"ease":"outCirc","value":1,"var":"vfx.homCanvPos.sx","duration":0.25},{"angle":157.5,"type":"ease","time":409.75,"ease":"outCirc","value":1,"var":"vfx.homCanvPos.sy","duration":0.25},{"angle":146.25,"type":"ease","time":416.75,"ease":"inCirc","value":1.2000000476837,"var":"vfx.homCanvPos.sx","duration":1},{"angle":157.5,"type":"ease","time":416.75,"ease":"inCirc","value":1.2000000476837,"var":"vfx.homCanvPos.sy","duration":1},{"angle":146.25,"type":"ease","time":417.75,"ease":"outCirc","value":1,"var":"vfx.homCanvPos.sx","duration":0.25},{"angle":157.5,"type":"ease","time":417.75,"ease":"outCirc","value":1,"var":"vfx.homCanvPos.sy","duration":0.25},{"angle":146.25,"type":"ease","time":420.75,"ease":"inCirc","value":1.2000000476837,"var":"vfx.homCanvPos.sx","duration":1},{"angle":157.5,"type":"ease","time":420.75,"ease":"inCirc","value":1.2000000476837,"var":"vfx.homCanvPos.sy","duration":1},{"angle":146.25,"type":"ease","time":421.75,"ease":"outCirc","value":1,"var":"vfx.homCanvPos.sx","duration":0.25},{"angle":157.5,"type":"ease","time":421.75,"ease":"outCirc","value":1,"var":"vfx.homCanvPos.sy","duration":0.25},{"angle":146.25,"type":"ease","time":424.75,"ease":"inCirc","value":1.2000000476837,"var":"vfx.homCanvPos.sx","duration":1},{"angle":157.5,"type":"ease","time":424.75,"ease":"inCirc","value":1.2000000476837,"var":"vfx.homCanvPos.sy","duration":1},{"angle":146.25,"type":"ease","time":425.75,"ease":"outCirc","value":1,"var":"vfx.homCanvPos.sx","duration":0.25},{"angle":157.5,"type":"ease","time":425.75,"ease":"outCirc","value":1,"var":"vfx.homCanvPos.sy","duration":0.25},{"angle":146.25,"type":"ease","time":428.75,"ease":"inCirc","value":1.2000000476837,"var":"vfx.homCanvPos.sx","duration":1},{"angle":157.5,"type":"ease","time":428.75,"ease":"inCirc","value":1.2000000476837,"var":"vfx.homCanvPos.sy","duration":1},{"angle":146.25,"type":"ease","time":429.75,"ease":"outCirc","value":1,"var":"vfx.homCanvPos.sx","duration":0.25},{"angle":157.5,"type":"ease","time":429.75,"ease":"outCirc","value":1,"var":"vfx.homCanvPos.sy","duration":0.25},{"angle":146.25,"type":"ease","time":432.5,"ease":"inCirc","value":1.2000000476837,"var":"vfx.homCanvPos.sx","duration":1},{"angle":157.5,"type":"ease","time":432.5,"ease":"inCirc","value":1.2000000476837,"var":"vfx.homCanvPos.sy","duration":1},{"angle":146.25,"type":"ease","time":433.5,"ease":"outCirc","value":1,"var":"vfx.homCanvPos.sx","duration":0.25},{"angle":157.5,"type":"ease","time":433.5,"ease":"outCirc","value":1,"var":"vfx.homCanvPos.sy","duration":0.25},{"angle":146.25,"type":"ease","time":436.75,"ease":"inCirc","value":1.2000000476837,"var":"vfx.homCanvPos.sx","duration":1},{"angle":157.5,"type":"ease","time":436.75,"ease":"inCirc","value":1.2000000476837,"var":"vfx.homCanvPos.sy","duration":1},{"angle":146.25,"type":"ease","time":437.75,"ease":"outCirc","value":1,"var":"vfx.homCanvPos.sx","duration":0.25},{"angle":157.5,"type":"ease","time":437.75,"ease":"outCirc","value":1,"var":"vfx.homCanvPos.sy","duration":0.25},{"angle":146.25,"type":"ease","time":440.75,"ease":"inCirc","value":1.2000000476837,"var":"vfx.homCanvPos.sx","duration":1},{"angle":157.5,"type":"ease","time":440.75,"ease":"inCirc","value":1.2000000476837,"var":"vfx.homCanvPos.sy","duration":1},{"angle":146.25,"type":"ease","time":441.75,"ease":"outCirc","value":1,"var":"vfx.homCanvPos.sx","duration":0.25},{"angle":157.5,"type":"ease","time":441.75,"ease":"outCirc","value":1,"var":"vfx.homCanvPos.sy","duration":0.25},{"angle":146.25,"type":"ease","time":444.75,"ease":"inCirc","value":1.2000000476837,"var":"vfx.homCanvPos.sx","duration":1},{"angle":157.5,"type":"ease","time":444.75,"ease":"inCirc","value":1.2000000476837,"var":"vfx.homCanvPos.sy","duration":1},{"angle":146.25,"type":"ease","time":445.75,"ease":"outCirc","value":1,"var":"vfx.homCanvPos.sx","duration":0.25},{"angle":157.5,"type":"ease","time":445.75,"ease":"outCirc","value":1,"var":"vfx.homCanvPos.sy","duration":0.25},{"angle":146.25,"type":"ease","time":448.75,"ease":"inCirc","value":1.2000000476837,"var":"vfx.homCanvPos.sx","duration":1},{"angle":157.5,"type":"ease","time":448.75,"ease":"inCirc","value":1.2000000476837,"var":"vfx.homCanvPos.sy","duration":1},{"angle":146.25,"type":"ease","time":449.75,"ease":"outCirc","value":1,"var":"vfx.homCanvPos.sx","duration":0.25},{"angle":157.5,"type":"ease","time":449.75,"ease":"outCirc","value":1,"var":"vfx.homCanvPos.sy","duration":0.25},{"angle":146.25,"type":"ease","time":452.75,"ease":"inCirc","value":1.2000000476837,"var":"vfx.homCanvPos.sx","duration":1},{"angle":157.5,"type":"ease","time":452.75,"ease":"inCirc","value":1.2000000476837,"var":"vfx.homCanvPos.sy","duration":1},{"angle":146.25,"type":"ease","time":453.75,"ease":"outCirc","value":1,"var":"vfx.homCanvPos.sx","duration":0.25},{"angle":157.5,"type":"ease","time":453.75,"ease":"outCirc","value":1,"var":"vfx.homCanvPos.sy","duration":0.25},{"angle":146.25,"type":"ease","time":456.75,"ease":"inCirc","value":1.2000000476837,"var":"vfx.homCanvPos.sx","duration":1},{"angle":157.5,"type":"ease","time":456.75,"ease":"inCirc","value":1.2000000476837,"var":"vfx.homCanvPos.sy","duration":1},{"angle":146.25,"type":"ease","time":457.75,"ease":"outCirc","value":1,"var":"vfx.homCanvPos.sx","duration":0.25},{"angle":157.5,"type":"ease","time":457.75,"ease":"outCirc","value":1,"var":"vfx.homCanvPos.sy","duration":0.25},{"angle":146.25,"type":"ease","time":460.75,"ease":"inCirc","value":1.2000000476837,"var":"vfx.homCanvPos.sx","duration":1},{"angle":157.5,"type":"ease","time":460.75,"ease":"inCirc","value":1.2000000476837,"var":"vfx.homCanvPos.sy","duration":1},{"angle":146.25,"type":"ease","time":461.75,"ease":"outCirc","value":1,"var":"vfx.homCanvPos.sx","duration":0.25},{"angle":157.5,"type":"ease","time":461.75,"ease":"outCirc","value":1,"var":"vfx.homCanvPos.sy","duration":0.25},{"angle":146.25,"type":"ease","time":464.75,"ease":"inCirc","value":1.2000000476837,"var":"vfx.homCanvPos.sx","duration":1},{"angle":157.5,"type":"ease","time":464.75,"ease":"inCirc","value":1.2000000476837,"var":"vfx.homCanvPos.sy","duration":1},{"angle":146.25,"type":"ease","time":465.75,"ease":"outCirc","value":1,"var":"vfx.homCanvPos.sx","duration":0.25},{"angle":157.5,"type":"ease","time":465.75,"ease":"outCirc","value":1,"var":"vfx.homCanvPos.sy","duration":0.25},{"angle":146.25,"type":"ease","time":468.75,"ease":"inCirc","value":1.2000000476837,"var":"vfx.homCanvPos.sx","duration":1},{"angle":157.5,"type":"ease","time":468.75,"ease":"inCirc","value":1.2000000476837,"var":"vfx.homCanvPos.sy","duration":1},{"angle":146.25,"type":"ease","time":469.75,"ease":"outCirc","value":1,"var":"vfx.homCanvPos.sx","duration":0.25},{"angle":157.5,"type":"ease","time":469.75,"ease":"outCirc","value":1,"var":"vfx.homCanvPos.sy","duration":0.25},{"angle":146.25,"type":"ease","time":472.75,"ease":"inCirc","value":1.2000000476837,"var":"vfx.homCanvPos.sx","duration":1},{"angle":157.5,"type":"ease","time":472.75,"ease":"inCirc","value":1.2000000476837,"var":"vfx.homCanvPos.sy","duration":1},{"angle":146.25,"type":"ease","time":473.75,"ease":"outCirc","value":1,"var":"vfx.homCanvPos.sx","duration":0.25},{"angle":157.5,"type":"ease","time":473.75,"ease":"outCirc","value":1,"var":"vfx.homCanvPos.sy","duration":0.25},{"angle":146.25,"type":"ease","time":476.75,"ease":"inCirc","value":1.2000000476837,"var":"vfx.homCanvPos.sx","duration":1},{"angle":157.5,"type":"ease","time":476.75,"ease":"inCirc","value":1.2000000476837,"var":"vfx.homCanvPos.sy","duration":1},{"angle":146.25,"type":"ease","time":477.75,"ease":"outCirc","value":1,"var":"vfx.homCanvPos.sx","duration":0.25},{"angle":157.5,"type":"ease","time":477.75,"ease":"outCirc","value":1,"var":"vfx.homCanvPos.sy","duration":0.25},{"angle":146.25,"type":"ease","time":480.75,"ease":"inCirc","value":1.2000000476837,"var":"vfx.homCanvPos.sx","duration":1},{"angle":157.5,"type":"ease","time":480.75,"ease":"inCirc","value":1.2000000476837,"var":"vfx.homCanvPos.sy","duration":1},{"angle":146.25,"type":"ease","time":481.75,"ease":"outCirc","value":1,"var":"vfx.homCanvPos.sx","duration":0.25},{"angle":157.5,"type":"ease","time":481.75,"ease":"outCirc","value":1,"var":"vfx.homCanvPos.sy","duration":0.25},{"angle":146.25,"type":"ease","time":412.75,"ease":"inCirc","value":1.2000000476837,"var":"vfx.homCanvPos.sx","duration":1},{"angle":157.5,"type":"ease","time":412.75,"ease":"inCirc","value":1.2000000476837,"var":"vfx.homCanvPos.sy","duration":1},{"angle":146.25,"type":"ease","time":413.75,"ease":"outCirc","value":1,"var":"vfx.homCanvPos.sx","duration":0.25},{"angle":157.5,"type":"ease","time":413.75,"ease":"outCirc","value":1,"var":"vfx.homCanvPos.sy","duration":0.25},{"angle":236.25,"type":"setColor","time":482.5,"r":85,"b":123,"ease":"inExpo","duration":0.5,"color":2,"g":214},{"angle":258.75,"type":"outline","time":482.75,"color":2,"enable":true},{"outline":true,"type":"deco","time":286.5,"id":"2","angle":281.25,"recolor":3,"hide":false},{"angle":225,"type":"deco","time":483,"id":"2","recolor":0,"ease":"linear","duration":0.5,"outline":true,"hide":false},{"outline":true,"type":"deco","time":483,"id":"3","recolor":0,"ease":"linear","duration":0.5,"angle":213.75},{"angle":281.25,"type":"setColor","time":482.75,"r":0,"b":0,"ease":"inOutExpo","duration":0.5,"color":1,"g":0},{"angle":146.25,"type":"ease","time":482.25,"ease":"inExpo","value":3,"var":"vfx.homCanvPos.sx","duration":1},{"angle":157.5,"type":"ease","time":482.25,"ease":"inExpo","value":3,"var":"vfx.homCanvPos.sy","duration":1},{"angle":270,"type":"setBoolean","time":483,"enable":false,"var":"vfx.drawCombo"},{"angle":0,"type":"setBoolean","time":483,"enable":false,"var":"vfx.drawAccuracy"},{"angle":22.5,"type":"setBoolean","time":483,"enable":false,"var":"vfx.drawSongTitle"},{"angle":360,"type":"bookmark","time":547,"r":0,"b":0,"g":0,"description":"","name":"i dont even know how to call this anymore"},{"angle":360,"type":"bookmark","time":611,"r":255,"b":0,"g":0,"description":"","name":"Ending"},{"angle":180,"type":"noise","time":483,"color":0,"chance":0.80000001192093},{"angle":281.25,"type":"ease","time":541.5,"duration":4,"value":15,"var":"vfx.hglitch.strength","ease":"inSine"},{"angle":101.25,"type":"ease","time":547,"duration":0.5,"value":0,"var":"vfx.hglitch.strength","ease":"outExpo"},{"angle":112.5,"type":"ease","time":547,"duration":0.5,"value":0,"var":"vfx.vglitch.strength","ease":"outExpo"},{"angle":270,"type":"ease","time":541.5,"duration":4,"value":5,"var":"vfx.vglitch.strength","ease":"inSine"},{"outline":false,"type":"deco","time":547,"id":"3","recolor":-1,"angle":56.25},{"angle":45,"type":"setColor","time":546.75,"r":179,"b":240,"ease":"outExpo","duration":0.25,"color":3,"g":240},{"angle":56.25,"type":"setColor","time":546.75,"r":125,"b":231,"ease":"outExpo","duration":0.25,"color":2,"g":197},{"angle":33.75,"type":"outline","time":546.75,"color":2,"enable":false},{"angle":67.5,"type":"setColor","time":546.75,"r":255,"b":0,"ease":"outExpo","duration":0.25,"color":1,"g":0},{"outline":false,"type":"deco","time":547,"id":"2","angle":45,"hide":true},{"angle":22.5,"type":"noise","time":547,"color":0,"chance":0.75},{"angle":348.75,"type":"setBoolean","time":547,"enable":true,"var":"vfx.drawSongTitle"},{"angle":337.5,"type":"setBoolean","time":547,"enable":true,"var":"vfx.drawAccuracy"},{"angle":326.25,"type":"setBoolean","time":547,"enable":true,"var":"vfx.drawCombo"},{"angle":146.25,"type":"ease","time":486.75,"ease":"inCirc","value":3,"var":"vfx.vglitch.strength","duration":0.5},{"angle":157.5,"type":"ease","time":486.75,"ease":"inCirc","value":3,"var":"vfx.hglitch.strength","duration":0.5},{"angle":146.25,"type":"ease","time":487.25,"ease":"outCirc","value":1,"var":"vfx.vglitch.strength","duration":0.25},{"angle":157.5,"type":"ease","time":487.25,"ease":"outCirc","value":1,"var":"vfx.hglitch.strength","duration":0.25},{"angle":146.25,"type":"ease","time":488.75,"ease":"inCirc","value":6,"var":"vfx.vglitch.strength","duration":1},{"angle":157.5,"type":"ease","time":488.75,"ease":"inCirc","value":6,"var":"vfx.hglitch.strength","duration":1},{"angle":146.25,"type":"ease","time":489.75,"ease":"outCirc","value":1,"var":"vfx.vglitch.strength","duration":0.25},{"angle":157.5,"type":"ease","time":489.75,"ease":"outCirc","value":1,"var":"vfx.hglitch.strength","duration":0.25},{"angle":146.25,"type":"ease","time":490.75,"ease":"inCirc","value":3,"var":"vfx.vglitch.strength","duration":0.5},{"angle":157.5,"type":"ease","time":490.75,"ease":"inCirc","value":3,"var":"vfx.hglitch.strength","duration":0.5},{"angle":146.25,"type":"ease","time":491.25,"ease":"outCirc","value":1,"var":"vfx.vglitch.strength","duration":0.25},{"angle":157.5,"type":"ease","time":491.25,"ease":"outCirc","value":1,"var":"vfx.hglitch.strength","duration":0.25},{"angle":146.25,"type":"ease","time":492.75,"ease":"inCirc","value":6,"var":"vfx.vglitch.strength","duration":1},{"angle":157.5,"type":"ease","time":492.75,"ease":"inCirc","value":6,"var":"vfx.hglitch.strength","duration":1},{"angle":146.25,"type":"ease","time":493.75,"ease":"outCirc","value":1,"var":"vfx.vglitch.strength","duration":0.25},{"angle":157.5,"type":"ease","time":493.75,"ease":"outCirc","value":1,"var":"vfx.hglitch.strength","duration":0.25},{"angle":146.25,"type":"ease","time":494.75,"ease":"inCirc","value":3,"var":"vfx.vglitch.strength","duration":0.5},{"angle":157.5,"type":"ease","time":494.75,"ease":"inCirc","value":3,"var":"vfx.hglitch.strength","duration":0.5},{"angle":146.25,"type":"ease","time":495.25,"ease":"outCirc","value":1,"var":"vfx.vglitch.strength","duration":0.25},{"angle":157.5,"type":"ease","time":495.25,"ease":"outCirc","value":1,"var":"vfx.hglitch.strength","duration":0.25},{"angle":146.25,"type":"ease","time":496.75,"ease":"inCirc","value":6,"var":"vfx.vglitch.strength","duration":1},{"angle":157.5,"type":"ease","time":496.75,"ease":"inCirc","value":6,"var":"vfx.hglitch.strength","duration":1},{"angle":146.25,"type":"ease","time":497.75,"ease":"outCirc","value":1,"var":"vfx.vglitch.strength","duration":0.25},{"angle":157.5,"type":"ease","time":497.75,"ease":"outCirc","value":1,"var":"vfx.hglitch.strength","duration":0.25},{"angle":112.5,"type":"ease","time":482.75,"ease":"inCirc","value":3,"var":"vfx.vglitch.strength","duration":0.5},{"angle":123.75,"type":"ease","time":482.75,"ease":"inCirc","value":3,"var":"vfx.hglitch.strength","duration":0.5},{"angle":112.5,"type":"ease","time":483.25,"ease":"outCirc","value":1,"var":"vfx.vglitch.strength","duration":0.25},{"angle":123.75,"type":"ease","time":483.25,"ease":"outCirc","value":1,"var":"vfx.hglitch.strength","duration":0.25},{"angle":112.5,"type":"ease","time":484.75,"ease":"inCirc","value":6,"var":"vfx.vglitch.strength","duration":1},{"angle":123.75,"type":"ease","time":484.75,"ease":"inCirc","value":6,"var":"vfx.hglitch.strength","duration":1},{"angle":112.5,"type":"ease","time":485.75,"ease":"outCirc","value":1,"var":"vfx.vglitch.strength","duration":0.25},{"angle":123.75,"type":"ease","time":485.75,"ease":"outCirc","value":1,"var":"vfx.hglitch.strength","duration":0.25},{"angle":146.25,"type":"ease","time":498.75,"ease":"inCirc","value":3,"var":"vfx.vglitch.strength","duration":0.5},{"angle":157.5,"type":"ease","time":498.75,"ease":"inCirc","value":3,"var":"vfx.hglitch.strength","duration":0.5},{"angle":146.25,"type":"ease","time":499.25,"ease":"outCirc","value":1,"var":"vfx.vglitch.strength","duration":0.25},{"angle":157.5,"type":"ease","time":499.25,"ease":"outCirc","value":1,"var":"vfx.hglitch.strength","duration":0.25},{"angle":146.25,"type":"ease","time":500.75,"ease":"inCirc","value":6,"var":"vfx.vglitch.strength","duration":1},{"angle":157.5,"type":"ease","time":500.75,"ease":"inCirc","value":6,"var":"vfx.hglitch.strength","duration":1},{"angle":146.25,"type":"ease","time":501.75,"ease":"outCirc","value":1,"var":"vfx.vglitch.strength","duration":0.25},{"angle":157.5,"type":"ease","time":501.75,"ease":"outCirc","value":1,"var":"vfx.hglitch.strength","duration":0.25},{"angle":146.25,"type":"ease","time":502.75,"ease":"inCirc","value":3,"var":"vfx.vglitch.strength","duration":0.5},{"angle":157.5,"type":"ease","time":502.75,"ease":"inCirc","value":3,"var":"vfx.hglitch.strength","duration":0.5},{"angle":146.25,"type":"ease","time":503.25,"ease":"outCirc","value":1,"var":"vfx.vglitch.strength","duration":0.25},{"angle":157.5,"type":"ease","time":503.25,"ease":"outCirc","value":1,"var":"vfx.hglitch.strength","duration":0.25},{"angle":146.25,"type":"ease","time":504.75,"ease":"inCirc","value":6,"var":"vfx.vglitch.strength","duration":1},{"angle":157.5,"type":"ease","time":504.75,"ease":"inCirc","value":6,"var":"vfx.hglitch.strength","duration":1},{"angle":146.25,"type":"ease","time":505.75,"ease":"outCirc","value":1,"var":"vfx.vglitch.strength","duration":0.25},{"angle":157.5,"type":"ease","time":505.75,"ease":"outCirc","value":1,"var":"vfx.hglitch.strength","duration":0.25},{"angle":146.25,"type":"ease","time":506.75,"ease":"inCirc","value":3,"var":"vfx.vglitch.strength","duration":0.5},{"angle":157.5,"type":"ease","time":506.75,"ease":"inCirc","value":3,"var":"vfx.hglitch.strength","duration":0.5},{"angle":146.25,"type":"ease","time":507.25,"ease":"outCirc","value":1,"var":"vfx.vglitch.strength","duration":0.25},{"angle":157.5,"type":"ease","time":507.25,"ease":"outCirc","value":1,"var":"vfx.hglitch.strength","duration":0.25},{"angle":146.25,"type":"ease","time":508.75,"ease":"inCirc","value":6,"var":"vfx.vglitch.strength","duration":1},{"angle":157.5,"type":"ease","time":508.75,"ease":"inCirc","value":6,"var":"vfx.hglitch.strength","duration":1},{"angle":146.25,"type":"ease","time":509.75,"ease":"outCirc","value":1,"var":"vfx.vglitch.strength","duration":0.25},{"angle":157.5,"type":"ease","time":509.75,"ease":"outCirc","value":1,"var":"vfx.hglitch.strength","duration":0.25},{"angle":146.25,"type":"ease","time":510.75,"ease":"inCirc","value":3,"var":"vfx.vglitch.strength","duration":0.5},{"angle":157.5,"type":"ease","time":510.75,"ease":"inCirc","value":3,"var":"vfx.hglitch.strength","duration":0.5},{"angle":146.25,"type":"ease","time":511.25,"ease":"outCirc","value":1,"var":"vfx.vglitch.strength","duration":0.25},{"angle":157.5,"type":"ease","time":511.25,"ease":"outCirc","value":1,"var":"vfx.hglitch.strength","duration":0.25},{"angle":146.25,"type":"ease","time":512.75,"ease":"inCirc","value":6,"var":"vfx.vglitch.strength","duration":1},{"angle":157.5,"type":"ease","time":512.75,"ease":"inCirc","value":6,"var":"vfx.hglitch.strength","duration":1},{"angle":146.25,"type":"ease","time":513.75,"ease":"outCirc","value":1,"var":"vfx.vglitch.strength","duration":0.25},{"angle":157.5,"type":"ease","time":513.75,"ease":"outCirc","value":1,"var":"vfx.hglitch.strength","duration":0.25},{"angle":146.25,"type":"ease","time":514.75,"ease":"inCirc","value":3,"var":"vfx.vglitch.strength","duration":0.5},{"angle":157.5,"type":"ease","time":514.75,"ease":"inCirc","value":3,"var":"vfx.hglitch.strength","duration":0.5},{"angle":146.25,"type":"ease","time":515.25,"ease":"outCirc","value":1,"var":"vfx.vglitch.strength","duration":0.25},{"angle":157.5,"type":"ease","time":515.25,"ease":"outCirc","value":1,"var":"vfx.hglitch.strength","duration":0.25},{"angle":146.25,"type":"ease","time":516.75,"ease":"inCirc","value":6,"var":"vfx.vglitch.strength","duration":1},{"angle":157.5,"type":"ease","time":516.75,"ease":"inCirc","value":6,"var":"vfx.hglitch.strength","duration":1},{"angle":146.25,"type":"ease","time":517.75,"ease":"outCirc","value":1,"var":"vfx.vglitch.strength","duration":0.25},{"angle":157.5,"type":"ease","time":517.75,"ease":"outCirc","value":1,"var":"vfx.hglitch.strength","duration":0.25},{"angle":146.25,"type":"ease","time":518.75,"ease":"inCirc","value":3,"var":"vfx.vglitch.strength","duration":0.5},{"angle":157.5,"type":"ease","time":518.75,"ease":"inCirc","value":3,"var":"vfx.hglitch.strength","duration":0.5},{"angle":146.25,"type":"ease","time":519.25,"ease":"outCirc","value":1,"var":"vfx.vglitch.strength","duration":0.25},{"angle":157.5,"type":"ease","time":519.25,"ease":"outCirc","value":1,"var":"vfx.hglitch.strength","duration":0.25},{"angle":146.25,"type":"ease","time":520.75,"ease":"inCirc","value":6,"var":"vfx.vglitch.strength","duration":1},{"angle":157.5,"type":"ease","time":520.75,"ease":"inCirc","value":6,"var":"vfx.hglitch.strength","duration":1},{"angle":146.25,"type":"ease","time":521.75,"ease":"outCirc","value":1,"var":"vfx.vglitch.strength","duration":0.25},{"angle":157.5,"type":"ease","time":521.75,"ease":"outCirc","value":1,"var":"vfx.hglitch.strength","duration":0.25},{"angle":146.25,"type":"ease","time":522.75,"ease":"inCirc","value":3,"var":"vfx.vglitch.strength","duration":0.5},{"angle":157.5,"type":"ease","time":522.75,"ease":"inCirc","value":3,"var":"vfx.hglitch.strength","duration":0.5},{"angle":146.25,"type":"ease","time":523.25,"ease":"outCirc","value":1,"var":"vfx.vglitch.strength","duration":0.25},{"angle":157.5,"type":"ease","time":523.25,"ease":"outCirc","value":1,"var":"vfx.hglitch.strength","duration":0.25},{"angle":146.25,"type":"ease","time":524.75,"ease":"inCirc","value":6,"var":"vfx.vglitch.strength","duration":1},{"angle":157.5,"type":"ease","time":524.75,"ease":"inCirc","value":6,"var":"vfx.hglitch.strength","duration":1},{"angle":146.25,"type":"ease","time":525.75,"ease":"outCirc","value":1,"var":"vfx.vglitch.strength","duration":0.25},{"angle":157.5,"type":"ease","time":525.75,"ease":"outCirc","value":1,"var":"vfx.hglitch.strength","duration":0.25},{"angle":146.25,"type":"ease","time":526.75,"ease":"inCirc","value":3,"var":"vfx.vglitch.strength","duration":0.5},{"angle":157.5,"type":"ease","time":526.75,"ease":"inCirc","value":3,"var":"vfx.hglitch.strength","duration":0.5},{"angle":146.25,"type":"ease","time":527.25,"ease":"outCirc","value":1,"var":"vfx.vglitch.strength","duration":0.25},{"angle":157.5,"type":"ease","time":527.25,"ease":"outCirc","value":1,"var":"vfx.hglitch.strength","duration":0.25},{"angle":146.25,"type":"ease","time":528.75,"ease":"inCirc","value":6,"var":"vfx.vglitch.strength","duration":1},{"angle":157.5,"type":"ease","time":528.75,"ease":"inCirc","value":6,"var":"vfx.hglitch.strength","duration":1},{"angle":146.25,"type":"ease","time":529.75,"ease":"outCirc","value":1,"var":"vfx.vglitch.strength","duration":0.25},{"angle":157.5,"type":"ease","time":529.75,"ease":"outCirc","value":1,"var":"vfx.hglitch.strength","duration":0.25},{"angle":146.25,"type":"ease","time":530.75,"ease":"inCirc","value":3,"var":"vfx.vglitch.strength","duration":0.5},{"angle":157.5,"type":"ease","time":530.75,"ease":"inCirc","value":3,"var":"vfx.hglitch.strength","duration":0.5},{"angle":146.25,"type":"ease","time":531.25,"ease":"outCirc","value":1,"var":"vfx.vglitch.strength","duration":0.25},{"angle":157.5,"type":"ease","time":531.25,"ease":"outCirc","value":1,"var":"vfx.hglitch.strength","duration":0.25},{"angle":146.25,"type":"ease","time":532.75,"ease":"inCirc","value":6,"var":"vfx.vglitch.strength","duration":1},{"angle":157.5,"type":"ease","time":532.75,"ease":"inCirc","value":6,"var":"vfx.hglitch.strength","duration":1},{"angle":146.25,"type":"ease","time":533.75,"ease":"outCirc","value":1,"var":"vfx.vglitch.strength","duration":0.25},{"angle":157.5,"type":"ease","time":533.75,"ease":"outCirc","value":1,"var":"vfx.hglitch.strength","duration":0.25},{"angle":146.25,"type":"ease","time":534.75,"ease":"inCirc","value":3,"var":"vfx.vglitch.strength","duration":0.5},{"angle":157.5,"type":"ease","time":534.75,"ease":"inCirc","value":3,"var":"vfx.hglitch.strength","duration":0.5},{"angle":146.25,"type":"ease","time":535.25,"ease":"outCirc","value":1,"var":"vfx.vglitch.strength","duration":0.25},{"angle":157.5,"type":"ease","time":535.25,"ease":"outCirc","value":1,"var":"vfx.hglitch.strength","duration":0.25},{"angle":146.25,"type":"ease","time":536.75,"ease":"inCirc","value":6,"var":"vfx.vglitch.strength","duration":1},{"angle":157.5,"type":"ease","time":536.75,"ease":"inCirc","value":6,"var":"vfx.hglitch.strength","duration":1},{"angle":146.25,"type":"ease","time":537.75,"ease":"outCirc","value":1,"var":"vfx.vglitch.strength","duration":0.25},{"angle":157.5,"type":"ease","time":537.75,"ease":"outCirc","value":1,"var":"vfx.hglitch.strength","duration":0.25},{"angle":146.25,"type":"ease","time":538.75,"ease":"inCirc","value":3,"var":"vfx.vglitch.strength","duration":0.5},{"angle":157.5,"type":"ease","time":538.75,"ease":"inCirc","value":3,"var":"vfx.hglitch.strength","duration":0.5},{"angle":146.25,"type":"ease","time":539.25,"ease":"outCirc","value":1,"var":"vfx.vglitch.strength","duration":0.25},{"angle":157.5,"type":"ease","time":539.25,"ease":"outCirc","value":1,"var":"vfx.hglitch.strength","duration":0.25},{"angle":22.5,"type":"ease","time":0.5,"value":30,"var":"vfx.hglitch.strength"},{"angle":11.25,"type":"ease","time":1,"duration":2.5,"value":0,"var":"vfx.hglitch.strength","ease":"inOutSine"},{"angle":247.5,"type":"setColor","time":482.75,"r":255,"b":255,"ease":"inQuint","duration":58.75,"color":3,"g":255},{"angle":236.25,"type":"deco","time":482.75,"id":"5","sy":8,"sx":8,"x":300,"y":180,"oy":14,"ox":8,"sprite":"asriel.png","outline":true,"drawLayer":"bg","hide":false},{"b":0,"type":"setColor","time":482.5,"color":3,"g":0,"r":0,"angle":247.5},{"angle":236.25,"type":"deco","time":483,"id":"5","sx":10,"sy":10,"ease":"inOutQuint","duration":58.5},{"angle":258.75,"type":"setColor","time":543,"r":0,"b":0,"ease":"outQuint","duration":4,"color":3,"g":0},{"outline":false,"type":"deco","time":546.5,"id":"5","angle":11.25,"hide":true},{"angle":281.25,"type":"deco","time":543,"id":"5","sx":2,"sy":2,"ease":"inOutQuart","duration":4},{"angle":11.25,"type":"ease","time":547,"value":1,"var":"scrollSpeed"},{"angle":56.25,"type":"outline","time":611,"color":2,"enable":true},{"angle":78.75,"type":"deco","time":611,"id":"3","hide":true},{"angle":135,"type":"hom","enable":false,"time":610.5},{"angle":123.75,"type":"noise","time":610.5,"color":0,"chance":0},{"angle":33.75,"type":"paddles","time":610.75,"newWidth":30,"ease":"inOutExpo","duration":0.25,"paddle":1},{"angle":90,"type":"setColor","time":610.5,"r":0,"b":0,"ease":"outExpo","duration":0.5,"color":1,"g":0},{"angle":67.5,"type":"setColor","time":610.5,"r":0,"b":0,"ease":"outExpo","duration":0.5,"color":2,"g":0},{"angle":45,"type":"setColor","time":610.5,"r":0,"b":0,"ease":"outExpo","duration":0.5,"color":3,"g":0},{"angle":90,"type":"setColor","time":611,"r":66,"b":114,"ease":"outExpo","duration":0.25,"color":2,"g":194},{"angle":101.25,"type":"setColor","time":611,"r":255,"b":0,"ease":"outSine","duration":2,"color":3,"g":0},{"outline":true,"type":"deco","time":611,"id":"2","recolor":3,"sx":3,"sy":3,"ease":"inOutQuad","duration":35,"angle":112.5,"hide":false},{"angle":168.75,"type":"ease","time":611,"value":355,"var":"vfx.accuracyY"},{"angle":112.5,"type":"ease","time":627,"duration":0.5,"value":353,"var":"vfx.comboY","ease":"inBack"},{"angle":157.5,"type":"ease","time":641,"ease":"inExpo","value":-356,"var":"vfx.songNameY","duration":1.5},{"angle":292.5,"type":"ease","time":0,"value":-356,"var":"vfx.songNameY"},{"angle":33.75,"type":"paddles","time":611,"newWidth":0,"ease":"inOutSine","duration":46,"paddle":1},{"angle":180,"type":"ease","time":611,"value":0.80000001192093,"var":"scrollSpeed"},{"angle":0,"type":"setBPM","time":646.3125,"bpm":101},{"angle":360,"type":"setBPM","time":646.375,"bpm":102},{"angle":146.25,"type":"ease","time":550.75,"ease":"inCirc","value":2,"var":"vfx.hwaves.strength","duration":0.5},{"angle":157.5,"type":"ease","time":550.75,"ease":"inCirc","value":2,"var":"vfx.vwaves.strength","duration":0.5},{"angle":146.25,"type":"ease","time":551.25,"ease":"outCirc","value":0,"var":"vfx.hwaves.strength","duration":0.25},{"angle":157.5,"type":"ease","time":551.25,"ease":"outCirc","value":0,"var":"vfx.vwaves.strength","duration":0.25},{"angle":146.25,"type":"ease","time":552.5,"ease":"inCirc","value":5,"var":"vfx.hwaves.strength","duration":1},{"angle":157.5,"type":"ease","time":552.5,"ease":"inCirc","value":5,"var":"vfx.vwaves.strength","duration":1},{"angle":146.25,"type":"ease","time":553.5,"ease":"outCirc","value":0,"var":"vfx.hwaves.strength","duration":0.25},{"angle":157.5,"type":"ease","time":553.5,"ease":"outCirc","value":0,"var":"vfx.vwaves.strength","duration":0.25},{"angle":315,"type":"ease","time":547,"value":5,"var":"vfx.hwaves.period"},{"angle":146.25,"type":"ease","time":554.75,"ease":"inCirc","value":2,"var":"vfx.hwaves.strength","duration":0.5},{"angle":157.5,"type":"ease","time":554.75,"ease":"inCirc","value":2,"var":"vfx.vwaves.strength","duration":0.5},{"angle":146.25,"type":"ease","time":555.25,"ease":"outCirc","value":0,"var":"vfx.hwaves.strength","duration":0.25},{"angle":157.5,"type":"ease","time":555.25,"ease":"outCirc","value":0,"var":"vfx.vwaves.strength","duration":0.25},{"angle":146.25,"type":"ease","time":556.5,"ease":"inCirc","value":5,"var":"vfx.hwaves.strength","duration":1},{"angle":157.5,"type":"ease","time":556.5,"ease":"inCirc","value":5,"var":"vfx.vwaves.strength","duration":1},{"angle":146.25,"type":"ease","time":557.5,"ease":"outCirc","value":0,"var":"vfx.hwaves.strength","duration":0.25},{"angle":157.5,"type":"ease","time":557.5,"ease":"outCirc","value":0,"var":"vfx.vwaves.strength","duration":0.25},{"angle":146.25,"type":"ease","time":558.75,"ease":"inCirc","value":2,"var":"vfx.hwaves.strength","duration":0.5},{"angle":157.5,"type":"ease","time":558.75,"ease":"inCirc","value":2,"var":"vfx.vwaves.strength","duration":0.5},{"angle":146.25,"type":"ease","time":559.25,"ease":"outCirc","value":0,"var":"vfx.hwaves.strength","duration":0.25},{"angle":157.5,"type":"ease","time":559.25,"ease":"outCirc","value":0,"var":"vfx.vwaves.strength","duration":0.25},{"angle":146.25,"type":"ease","time":560.5,"ease":"inCirc","value":5,"var":"vfx.hwaves.strength","duration":1},{"angle":157.5,"type":"ease","time":560.5,"ease":"inCirc","value":5,"var":"vfx.vwaves.strength","duration":1},{"angle":146.25,"type":"ease","time":561.5,"ease":"outCirc","value":0,"var":"vfx.hwaves.strength","duration":0.25},{"angle":157.5,"type":"ease","time":561.5,"ease":"outCirc","value":0,"var":"vfx.vwaves.strength","duration":0.25},{"angle":146.25,"type":"ease","time":562.75,"ease":"inCirc","value":2,"var":"vfx.hwaves.strength","duration":0.5},{"angle":157.5,"type":"ease","time":562.75,"ease":"inCirc","value":2,"var":"vfx.vwaves.strength","duration":0.5},{"angle":146.25,"type":"ease","time":563.25,"ease":"outCirc","value":0,"var":"vfx.hwaves.strength","duration":0.25},{"angle":157.5,"type":"ease","time":563.25,"ease":"outCirc","value":0,"var":"vfx.vwaves.strength","duration":0.25},{"angle":146.25,"type":"ease","time":564.5,"ease":"inCirc","value":5,"var":"vfx.hwaves.strength","duration":1},{"angle":157.5,"type":"ease","time":564.5,"ease":"inCirc","value":5,"var":"vfx.vwaves.strength","duration":1},{"angle":146.25,"type":"ease","time":565.5,"ease":"outCirc","value":0,"var":"vfx.hwaves.strength","duration":0.25},{"angle":157.5,"type":"ease","time":565.5,"ease":"outCirc","value":0,"var":"vfx.vwaves.strength","duration":0.25},{"angle":146.25,"type":"ease","time":566.75,"ease":"inCirc","value":2,"var":"vfx.hwaves.strength","duration":0.5},{"angle":157.5,"type":"ease","time":566.75,"ease":"inCirc","value":2,"var":"vfx.vwaves.strength","duration":0.5},{"angle":146.25,"type":"ease","time":567.25,"ease":"outCirc","value":0,"var":"vfx.hwaves.strength","duration":0.25},{"angle":157.5,"type":"ease","time":567.25,"ease":"outCirc","value":0,"var":"vfx.vwaves.strength","duration":0.25},{"angle":146.25,"type":"ease","time":568.5,"ease":"inCirc","value":5,"var":"vfx.hwaves.strength","duration":1},{"angle":157.5,"type":"ease","time":568.5,"ease":"inCirc","value":5,"var":"vfx.vwaves.strength","duration":1},{"angle":146.25,"type":"ease","time":569.5,"ease":"outCirc","value":0,"var":"vfx.hwaves.strength","duration":0.25},{"angle":157.5,"type":"ease","time":569.5,"ease":"outCirc","value":0,"var":"vfx.vwaves.strength","duration":0.25},{"angle":146.25,"type":"ease","time":570.75,"ease":"inCirc","value":2,"var":"vfx.hwaves.strength","duration":0.5},{"angle":157.5,"type":"ease","time":570.75,"ease":"inCirc","value":2,"var":"vfx.vwaves.strength","duration":0.5},{"angle":146.25,"type":"ease","time":571.25,"ease":"outCirc","value":0,"var":"vfx.hwaves.strength","duration":0.25},{"angle":157.5,"type":"ease","time":571.25,"ease":"outCirc","value":0,"var":"vfx.vwaves.strength","duration":0.25},{"angle":146.25,"type":"ease","time":572.5,"ease":"inCirc","value":5,"var":"vfx.hwaves.strength","duration":1},{"angle":157.5,"type":"ease","time":572.5,"ease":"inCirc","value":5,"var":"vfx.vwaves.strength","duration":1},{"angle":146.25,"type":"ease","time":573.5,"ease":"outCirc","value":0,"var":"vfx.hwaves.strength","duration":0.25},{"angle":157.5,"type":"ease","time":573.5,"ease":"outCirc","value":0,"var":"vfx.vwaves.strength","duration":0.25},{"angle":146.25,"type":"ease","time":574.75,"ease":"inCirc","value":2,"var":"vfx.hwaves.strength","duration":0.5},{"angle":157.5,"type":"ease","time":574.75,"ease":"inCirc","value":2,"var":"vfx.vwaves.strength","duration":0.5},{"angle":146.25,"type":"ease","time":575.25,"ease":"outCirc","value":0,"var":"vfx.hwaves.strength","duration":0.25},{"angle":157.5,"type":"ease","time":575.25,"ease":"outCirc","value":0,"var":"vfx.vwaves.strength","duration":0.25},{"angle":146.25,"type":"ease","time":576.5,"ease":"inCirc","value":5,"var":"vfx.hwaves.strength","duration":1},{"angle":157.5,"type":"ease","time":576.5,"ease":"inCirc","value":5,"var":"vfx.vwaves.strength","duration":1},{"angle":146.25,"type":"ease","time":577.5,"ease":"outCirc","value":0,"var":"vfx.hwaves.strength","duration":0.25},{"angle":157.5,"type":"ease","time":577.5,"ease":"outCirc","value":0,"var":"vfx.vwaves.strength","duration":0.25},{"angle":146.25,"type":"ease","time":578.75,"ease":"inCirc","value":2,"var":"vfx.hwaves.strength","duration":0.5},{"angle":157.5,"type":"ease","time":578.75,"ease":"inCirc","value":2,"var":"vfx.vwaves.strength","duration":0.5},{"angle":146.25,"type":"ease","time":579.25,"ease":"outCirc","value":0,"var":"vfx.hwaves.strength","duration":0.25},{"angle":157.5,"type":"ease","time":579.25,"ease":"outCirc","value":0,"var":"vfx.vwaves.strength","duration":0.25},{"angle":146.25,"type":"ease","time":580.5,"ease":"inCirc","value":5,"var":"vfx.hwaves.strength","duration":1},{"angle":157.5,"type":"ease","time":580.5,"ease":"inCirc","value":5,"var":"vfx.vwaves.strength","duration":1},{"angle":146.25,"type":"ease","time":581.5,"ease":"outCirc","value":0,"var":"vfx.hwaves.strength","duration":0.25},{"angle":157.5,"type":"ease","time":581.5,"ease":"outCirc","value":0,"var":"vfx.vwaves.strength","duration":0.25},{"angle":146.25,"type":"ease","time":582.75,"ease":"inCirc","value":2,"var":"vfx.hwaves.strength","duration":0.5},{"angle":157.5,"type":"ease","time":582.75,"ease":"inCirc","value":2,"var":"vfx.vwaves.strength","duration":0.5},{"angle":146.25,"type":"ease","time":583.25,"ease":"outCirc","value":0,"var":"vfx.hwaves.strength","duration":0.25},{"angle":157.5,"type":"ease","time":583.25,"ease":"outCirc","value":0,"var":"vfx.vwaves.strength","duration":0.25},{"angle":146.25,"type":"ease","time":584.5,"ease":"inCirc","value":5,"var":"vfx.hwaves.strength","duration":1},{"angle":157.5,"type":"ease","time":584.5,"ease":"inCirc","value":5,"var":"vfx.vwaves.strength","duration":1},{"angle":146.25,"type":"ease","time":585.5,"ease":"outCirc","value":0,"var":"vfx.hwaves.strength","duration":0.25},{"angle":157.5,"type":"ease","time":585.5,"ease":"outCirc","value":0,"var":"vfx.vwaves.strength","duration":0.25},{"angle":146.25,"type":"ease","time":586.75,"ease":"inCirc","value":2,"var":"vfx.hwaves.strength","duration":0.5},{"angle":157.5,"type":"ease","time":586.75,"ease":"inCirc","value":2,"var":"vfx.vwaves.strength","duration":0.5},{"angle":146.25,"type":"ease","time":587.25,"ease":"outCirc","value":0,"var":"vfx.hwaves.strength","duration":0.25},{"angle":157.5,"type":"ease","time":587.25,"ease":"outCirc","value":0,"var":"vfx.vwaves.strength","duration":0.25},{"angle":146.25,"type":"ease","time":588.5,"ease":"inCirc","value":5,"var":"vfx.hwaves.strength","duration":1},{"angle":157.5,"type":"ease","time":588.5,"ease":"inCirc","value":5,"var":"vfx.vwaves.strength","duration":1},{"angle":146.25,"type":"ease","time":589.5,"ease":"outCirc","value":0,"var":"vfx.hwaves.strength","duration":0.25},{"angle":157.5,"type":"ease","time":589.5,"ease":"outCirc","value":0,"var":"vfx.vwaves.strength","duration":0.25},{"angle":146.25,"type":"ease","time":590.75,"ease":"inCirc","value":2,"var":"vfx.hwaves.strength","duration":0.5},{"angle":157.5,"type":"ease","time":590.75,"ease":"inCirc","value":2,"var":"vfx.vwaves.strength","duration":0.5},{"angle":146.25,"type":"ease","time":591.25,"ease":"outCirc","value":0,"var":"vfx.hwaves.strength","duration":0.25},{"angle":157.5,"type":"ease","time":591.25,"ease":"outCirc","value":0,"var":"vfx.vwaves.strength","duration":0.25},{"angle":146.25,"type":"ease","time":592.5,"ease":"inCirc","value":5,"var":"vfx.hwaves.strength","duration":1},{"angle":157.5,"type":"ease","time":592.5,"ease":"inCirc","value":5,"var":"vfx.vwaves.strength","duration":1},{"angle":146.25,"type":"ease","time":593.5,"ease":"outCirc","value":0,"var":"vfx.hwaves.strength","duration":0.25},{"angle":157.5,"type":"ease","time":593.5,"ease":"outCirc","value":0,"var":"vfx.vwaves.strength","duration":0.25},{"angle":146.25,"type":"ease","time":594.75,"ease":"inCirc","value":2,"var":"vfx.hwaves.strength","duration":0.5},{"angle":157.5,"type":"ease","time":594.75,"ease":"inCirc","value":2,"var":"vfx.vwaves.strength","duration":0.5},{"angle":146.25,"type":"ease","time":595.25,"ease":"outCirc","value":0,"var":"vfx.hwaves.strength","duration":0.25},{"angle":157.5,"type":"ease","time":595.25,"ease":"outCirc","value":0,"var":"vfx.vwaves.strength","duration":0.25},{"angle":146.25,"type":"ease","time":596.5,"ease":"inCirc","value":5,"var":"vfx.hwaves.strength","duration":1},{"angle":157.5,"type":"ease","time":596.5,"ease":"inCirc","value":5,"var":"vfx.vwaves.strength","duration":1},{"angle":146.25,"type":"ease","time":597.5,"ease":"outCirc","value":0,"var":"vfx.hwaves.strength","duration":0.25},{"angle":157.5,"type":"ease","time":597.5,"ease":"outCirc","value":0,"var":"vfx.vwaves.strength","duration":0.25},{"angle":146.25,"type":"ease","time":598.75,"ease":"inCirc","value":2,"var":"vfx.hwaves.strength","duration":0.5},{"angle":157.5,"type":"ease","time":598.75,"ease":"inCirc","value":2,"var":"vfx.vwaves.strength","duration":0.5},{"angle":146.25,"type":"ease","time":599.25,"ease":"outCirc","value":0,"var":"vfx.hwaves.strength","duration":0.25},{"angle":157.5,"type":"ease","time":599.25,"ease":"outCirc","value":0,"var":"vfx.vwaves.strength","duration":0.25},{"angle":146.25,"type":"ease","time":600.5,"ease":"inCirc","value":5,"var":"vfx.hwaves.strength","duration":1},{"angle":157.5,"type":"ease","time":600.5,"ease":"inCirc","value":5,"var":"vfx.vwaves.strength","duration":1},{"angle":146.25,"type":"ease","time":601.5,"ease":"outCirc","value":0,"var":"vfx.hwaves.strength","duration":0.25},{"angle":157.5,"type":"ease","time":601.5,"ease":"outCirc","value":0,"var":"vfx.vwaves.strength","duration":0.25},{"angle":146.25,"type":"ease","time":548.5,"ease":"inCirc","value":5,"var":"vfx.hwaves.strength","duration":1},{"angle":157.5,"type":"ease","time":548.5,"ease":"inCirc","value":5,"var":"vfx.vwaves.strength","duration":1},{"angle":146.25,"type":"ease","time":549.5,"ease":"outCirc","value":0,"var":"vfx.hwaves.strength","duration":0.25},{"angle":157.5,"type":"ease","time":549.5,"ease":"outCirc","value":0,"var":"vfx.vwaves.strength","duration":0.25},{"angle":146.25,"type":"ease","time":602.75,"ease":"inCirc","value":2,"var":"vfx.hwaves.strength","duration":0.5},{"angle":157.5,"type":"ease","time":602.75,"ease":"inCirc","value":2,"var":"vfx.vwaves.strength","duration":0.5},{"angle":146.25,"type":"ease","time":603.25,"ease":"outCirc","value":0,"var":"vfx.hwaves.strength","duration":0.25},{"angle":157.5,"type":"ease","time":603.25,"ease":"outCirc","value":0,"var":"vfx.vwaves.strength","duration":0.25},{"angle":146.25,"type":"ease","time":604.5,"ease":"inCirc","value":5,"var":"vfx.hwaves.strength","duration":1},{"angle":157.5,"type":"ease","time":604.5,"ease":"inCirc","value":5,"var":"vfx.vwaves.strength","duration":1},{"angle":146.25,"type":"ease","time":605.5,"ease":"outCirc","value":0,"var":"vfx.hwaves.strength","duration":0.25},{"angle":157.5,"type":"ease","time":605.5,"ease":"outCirc","value":0,"var":"vfx.vwaves.strength","duration":0.25},{"angle":146.25,"type":"ease","time":606.75,"ease":"inCirc","value":2,"var":"vfx.hwaves.strength","duration":0.5},{"angle":157.5,"type":"ease","time":606.75,"ease":"inCirc","value":2,"var":"vfx.vwaves.strength","duration":0.5},{"angle":146.25,"type":"ease","time":607.25,"ease":"outCirc","value":0,"var":"vfx.hwaves.strength","duration":0.25},{"angle":157.5,"type":"ease","time":607.25,"ease":"outCirc","value":0,"var":"vfx.vwaves.strength","duration":0.25},{"angle":146.25,"type":"ease","time":608.5,"ease":"inCirc","value":5,"var":"vfx.hwaves.strength","duration":1},{"angle":157.5,"type":"ease","time":608.5,"ease":"inCirc","value":5,"var":"vfx.vwaves.strength","duration":1},{"angle":146.25,"type":"ease","time":609.5,"ease":"outCirc","value":0,"var":"vfx.hwaves.strength","duration":0.25},{"angle":157.5,"type":"ease","time":609.5,"ease":"outCirc","value":0,"var":"vfx.vwaves.strength","duration":0.25},{"angle":202.5,"type":"ease","time":287,"value":1.2400000095367,"var":"vfx.pixelate"},{"angle":135,"type":"ease","time":351,"duration":3,"value":1,"var":"vfx.pixelate","ease":"inExpo"},{"angle":157.5,"type":"ease","time":483,"duration":0.5,"value":1.0199999809265,"var":"vfx.homCanvPos.sy","ease":"inOutSine"},{"angle":135,"type":"ease","time":483,"ease":"inOutSine","value":1.0099999904633,"var":"vfx.homCanvPos.sx","duration":0.5},{"angle":292.5,"type":"ease","time":546,"ease":"outCirc","value":1,"var":"vfx.homCanvPos.sy","duration":1},{"angle":270,"type":"ease","time":546,"duration":1,"value":1,"var":"vfx.homCanvPos.sx","ease":"outExpo"}],"metadata":{"artist":"Toby Fox","charter":"By: bananharcos","bgData":{"blueChannel":{"b":14,"g":18,"r":61},"image":"BG.png","redChannel":{"b":0,"g":0,"r":255}},"description":"Welcome! This took me many hours to create so i hope y'all will enjoy the level.\nUndertale - Undertale (OST 71)","difficulty":3,"bg":true,"artistLink":"","songName":"Undertale"}}