[{"tap":true,"type":"block","time":0.5,"angle":292.5},{"type":"block","time":0.66666668653488,"angle":337.5},{"type":"block","time":0.83333331346512,"angle":22.5},{"tap":true,"type":"block","time":5.3333334922791,"angle":90},{"type":"block","time":5.5,"angle":135},{"type":"block","time":5.6666665077209,"angle":180},{"angle2":427.5,"type":"mineHold","time":0.66666668653488,"duration":0.83333325386047,"angle":90},{"angle2":585,"type":"mineHold","time":5.1666665077209,"duration":1.3333332538605,"angle":247.5},{"type":"side","time":1,"angle":67.5},{"type":"side","time":5.6666665077209,"angle":225},{"angle2":360,"type":"hold","time":9.5,"duration":2.3333332538605,"angle":0},{"angle2":540,"type":"mineHold","time":9.5,"duration":2.3333332538605,"angle":180},{"tap":true,"type":"block","time":9.5,"angle":0},{"tap":true,"type":"block","time":11.833333015442,"angle":0},{"tap":true,"type":"block","time":10.833333015442,"angle":202.5},{"angle2":-360,"type":"hold","time":11.833333015442,"duration":2.3333332538605,"angle":0},{"angle2":-180,"type":"mineHold","time":11.833333015442,"duration":2.3333332538605,"angle":180},{"tap":true,"type":"block","time":13.333333015442,"angle":135},{"tap":true,"type":"block","time":14.166666984558,"angle":360},{"type":"side","time":15.166666984558,"angle":22.5},{"type":"side","time":14.666666984558,"angle":315},{"type":"side","time":15.5,"angle":337.5},{"type":"extraTap","time":16.333333969116,"angle":360},{"tap":true,"type":"block","time":19,"angle":360},{"type":"side","time":19.666666030884,"angle":45},{"tap":true,"type":"block","time":20.166666030884,"angle":360},{"tap":true,"type":"side","time":21.166666030884,"angle":270},{"type":"side","time":20.833333969116,"angle":315},{"type":"side","time":21,"angle":292.5},{"angle2":315,"type":"mineHold","time":19.666666030884,"duration":0.49999988079071,"angle":67.5},{"angle2":45,"type":"mineHold","time":21.166666030884,"duration":1.6666665077209,"angle":360},{"tap":true,"type":"block","time":23.5,"angle":360},{"type":"side","time":24.166666030884,"angle":45},{"tap":true,"type":"block","time":24.666666030884,"angle":360},{"tap":true,"type":"side","time":25.666666030884,"angle":270},{"type":"side","time":25.333333969116,"angle":315},{"type":"side","time":25.5,"angle":292.5},{"angle2":315,"type":"mineHold","time":24.166666030884,"duration":0.49999988079071,"angle":67.5},{"angle2":45,"type":"mineHold","time":25.666666030884,"duration":1.6666665077209,"angle":360},{"tap":true,"type":"block","time":27.5,"angle":-360},{"type":"side","time":28.166666030884,"angle":-45},{"tap":true,"type":"block","time":28.666666030884,"angle":-360},{"tap":true,"type":"side","time":29.666666030884,"angle":-270},{"type":"side","time":29.333333969116,"angle":-315},{"type":"side","time":29.5,"angle":-292.5},{"angle2":-315,"type":"mineHold","time":28.166666030884,"duration":0.49999988079071,"angle":-67.5},{"angle2":-45,"type":"mineHold","time":29.666666030884,"duration":1.6666665077209,"angle":-360},{"tap":true,"type":"block","time":31.333333333333,"angle":-360},{"type":"side","time":31.999999364217,"angle":-45},{"tap":true,"type":"block","time":32.499999364217,"angle":-360},{"tap":true,"type":"side","time":33.499999364217,"angle":-270},{"type":"side","time":33.16666730245,"angle":-315},{"type":"side","time":33.333333333333,"angle":-292.5},{"angle2":-315,"type":"mineHold","time":32,"duration":0.49999988079071,"angle":-67.5},{"angle2":135,"type":"mineHold","time":33.5,"duration":2.1666665077209,"angle":-360},{"type":"side","time":36.999999364217,"angle":-135},{"tap":true,"type":"side","time":38.499999364217,"angle":90},{"type":"side","time":38.16666730245,"angle":135},{"type":"side","time":38.333333333333,"angle":112.5},{"angle2":-135,"type":"mineHold","time":38.499999364217,"duration":1.6666665077209,"angle":180},{"tap":true,"type":"inverse","time":36.5,"angle":180},{"tap":true,"type":"inverse","time":37.625,"angle":180},{"type":"side","time":41.749999364217,"angle":-135},{"tap":true,"type":"side","time":43.249999364217,"angle":90},{"type":"side","time":42.91666730245,"angle":135},{"type":"side","time":43.083333333333,"angle":112.5},{"angle2":-135,"type":"mineHold","time":43.25,"duration":1.6666665077209,"angle":180},{"tap":true,"type":"inverse","time":41.25,"angle":180},{"tap":true,"type":"inverse","time":42.375,"angle":180},{"type":"side","time":46.749999364217,"angle":135},{"tap":true,"type":"side","time":48.249999364217,"angle":-90},{"type":"side","time":47.91666730245,"angle":-135},{"type":"side","time":48.083333333333,"angle":-112.5},{"angle2":135,"type":"mineHold","time":48.25,"duration":1.6666665077209,"angle":-180},{"tap":true,"type":"inverse","time":46.25,"angle":-180},{"tap":true,"type":"inverse","time":47.375,"angle":-180},{"type":"side","time":51.749999364217,"angle":135},{"tap":true,"type":"side","time":53.249999364217,"angle":-90},{"type":"side","time":52.91666730245,"angle":-135},{"type":"side","time":53.083333333333,"angle":-112.5},{"angle2":292.5,"type":"mineHold","time":53.25,"duration":2.1666665077209,"angle":-180},{"tap":true,"type":"inverse","time":51.25,"angle":-180},{"tap":true,"type":"inverse","time":52.375,"angle":-180},{"angle2":360,"type":"hold","time":54.75,"duration":1,"angle":292.5},{"type":"extraTap","time":55.75,"angle":360},{"type":"block","time":56.666667938232,"angle":360},{"type":"block","time":57.166667938232,"angle":337.5},{"tap":true,"type":"block","time":57.666667938232,"angle":292.5},{"type":"block","time":58,"angle":270},{"tap":true,"type":"block","time":58.333332061768,"angle":247.5},{"type":"block","time":58.5,"angle":225},{"type":"side","time":57,"angle":45},{"type":"side","time":59,"angle":157.5},{"type":"extraTap","time":60.166667938232,"angle":0},{"angle2":-135,"type":"mineHold","time":57,"duration":2.5,"angle":90},{"type":"side","time":59.666667938232,"angle":360},{"type":"side","time":60.333332061768,"angle":90},{"type":"extraTap","time":60.333332061768,"angle":0},{"type":"extraTap","time":60.5,"angle":360},{"type":"block","time":61.333332061768,"angle":135},{"type":"block","time":61.666667938232,"angle":180},{"tap":true,"type":"block","time":62.166667938232,"angle":225},{"type":"side","time":62.833332061768,"angle":112.5},{"type":"mine","time":62.5,"angle":247.5},{"angle2":-90,"type":"mineHold","time":61.333332061768,"duration":0.99999994039536,"angle":67.5},{"type":"extraTap","time":55.666667938232,"angle":0},{"type":"extraTap","time":55.875,"angle":0},{"type":"side","time":63,"angle":67.5},{"tap":true,"type":"side","time":63.666667938232,"angle":315},{"type":"extraTap","time":64.5,"angle":360},{"type":"extraTap","time":64.75,"angle":0},{"type":"extraTap","time":64.666664123535,"angle":360},{"type":"block","time":64.333335876465,"angle":0},{"angle2":292.5,"type":"mineHold","time":62.333332061768,"duration":2,"angle":270},{"type":"block","time":66,"angle":247.5},{"type":"block","time":66.333335876465,"angle":202.5},{"type":"block","time":66.666664123535,"angle":157.5},{"type":"side","time":67.5,"angle":247.5},{"tap":true,"type":"side","time":67.833335876465,"angle":135},{"type":"side","time":68.5,"angle":247.5},{"type":"extraTap","time":69.375,"angle":180},{"type":"extraTap","time":69.25,"angle":180},{"type":"extraTap","time":69.5,"angle":180},{"angle2":-90,"type":"mineHold","time":65.5,"duration":1,"angle":135},{"angle2":315,"type":"mineHold","time":69,"duration":0.83333343267441,"angle":90},{"type":"block","time":70.5,"angle":0},{"type":"block","time":70.666664123535,"angle":360},{"angle2":427.5,"type":"hold","time":70.916664123535,"duration":1,"angle":360},{"angle2":-405,"type":"hold","time":71.916664123535,"duration":1,"angle":67.5},{"angle2":90,"type":"mineHold","time":71,"duration":0.66666674613953,"angle":45},{"angle2":0,"type":"mineHold","time":73.250045776367,"duration":0.75000005960464,"angle":90},{"type":"extraTap","time":74.125,"angle":292.5},{"type":"extraTap","time":73.875,"angle":292.5},{"type":"extraTap","time":74,"angle":292.5},{"angle2":90,"type":"mineHold","time":71,"duration":1,"angle":315},{"type":"block","time":75.125,"angle":292.5},{"tap":true,"type":"block","time":75.625,"angle":270},{"type":"block","time":76.125,"angle":247.5},{"type":"side","time":76.75,"angle":292.5},{"tap":true,"type":"side","time":77.125,"angle":337.5},{"type":"block","time":77.75,"angle":22.5},{"type":"block","time":78.25,"angle":90},{"angle2":22.5,"type":"mineHold","time":74.625,"duration":1,"angle":225},{"angle2":427.5,"type":"mineHold","time":75.75,"duration":1.5,"angle":315},{"type":"extraTap","time":78.75,"angle":112.5},{"type":"extraTap","time":78.625,"angle":112.5},{"type":"extraTap","time":78.875,"angle":90},{"type":"side","time":68.75,"angle":112.5},{"angle2":337.5,"type":"hold","time":78.333335876465,"duration":1,"angle":112.5},{"type":"block","time":79.833334604899,"angle":-360},{"type":"block","time":80.333334604899,"angle":-337.5},{"tap":true,"type":"block","time":80.833334604899,"angle":-292.5},{"type":"block","time":81.166666666667,"angle":-270},{"tap":true,"type":"block","time":81.499998728435,"angle":-247.5},{"type":"block","time":81.666666666667,"angle":-225},{"type":"side","time":80.166666666667,"angle":-45},{"type":"side","time":82.166666666667,"angle":-157.5},{"type":"extraTap","time":83.333334604899,"angle":0},{"angle2":135,"type":"mineHold","time":80.166666666667,"duration":2.5,"angle":-90},{"type":"side","time":82.833334604899,"angle":-360},{"type":"side","time":83.499998728435,"angle":-90},{"type":"extraTap","time":83.499998728435,"angle":0},{"type":"extraTap","time":83.666666666667,"angle":-360},{"type":"block","time":84.499998728435,"angle":-135},{"type":"block","time":84.833334604899,"angle":-180},{"tap":true,"type":"block","time":85.333334604899,"angle":-225},{"type":"side","time":85.999998728435,"angle":-112.5},{"type":"mine","time":85.666666666667,"angle":-247.5},{"angle2":90,"type":"mineHold","time":84.499998728435,"duration":0.99999994039536,"angle":-67.5},{"type":"side","time":86.166666666667,"angle":-67.5},{"tap":true,"type":"side","time":86.833334604899,"angle":-315},{"type":"extraTap","time":87.666666666667,"angle":-360},{"type":"extraTap","time":87.916666666667,"angle":0},{"type":"extraTap","time":87.833330790202,"angle":-360},{"type":"block","time":87.500002543132,"angle":0},{"angle2":-292.5,"type":"mineHold","time":85.499998728435,"duration":2,"angle":-270},{"type":"block","time":89.166666666667,"angle":-247.5},{"type":"block","time":89.500002543132,"angle":-202.5},{"type":"block","time":89.833330790202,"angle":-157.5},{"type":"side","time":90.666666666667,"angle":-247.5},{"tap":true,"type":"side","time":91.000002543132,"angle":-135},{"type":"side","time":91.666666666667,"angle":-247.5},{"type":"extraTap","time":92.541666666667,"angle":-180},{"type":"extraTap","time":92.416666666667,"angle":-180},{"type":"extraTap","time":92.666666666667,"angle":-180},{"angle2":90,"type":"mineHold","time":88.666666666667,"duration":1,"angle":-135},{"angle2":-315,"type":"mineHold","time":92.166666666667,"duration":0.83333343267441,"angle":-90},{"type":"block","time":93.666666666667,"angle":0},{"type":"block","time":93.833330790202,"angle":-360},{"angle2":-427.5,"type":"hold","time":94.083330790202,"duration":1,"angle":-360},{"angle2":405,"type":"hold","time":95.083330790202,"duration":1,"angle":-67.5},{"angle2":-90,"type":"mineHold","time":94.166666666667,"duration":0.66666674613953,"angle":-45},{"angle2":0,"type":"mineHold","time":96.416712443034,"duration":0.75000005960464,"angle":-90},{"type":"extraTap","time":97.291666666667,"angle":-292.5},{"type":"extraTap","time":97.041666666667,"angle":-292.5},{"type":"extraTap","time":97.166666666667,"angle":-292.5},{"angle2":-90,"type":"mineHold","time":94.166666666667,"duration":1,"angle":-315},{"type":"block","time":98.291666666667,"angle":-292.5},{"tap":true,"type":"block","time":98.791666666667,"angle":-270},{"type":"block","time":99.291666666667,"angle":-247.5},{"type":"side","time":99.916666666667,"angle":-292.5},{"tap":true,"type":"side","time":100.29166666667,"angle":-337.5},{"type":"block","time":100.91666666667,"angle":-22.5},{"type":"block","time":101.41666666667,"angle":-90},{"angle2":-22.5,"type":"mineHold","time":97.791666666667,"duration":1,"angle":-225},{"angle2":-427.5,"type":"mineHold","time":98.916666666667,"duration":1.5,"angle":-315},{"type":"extraTap","time":101.91666666667,"angle":-112.5},{"type":"extraTap","time":101.79166666667,"angle":-112.5},{"type":"extraTap","time":102.04166666667,"angle":-90},{"type":"side","time":91.916666666667,"angle":-112.5},{"angle2":-337.5,"type":"hold","time":101.50000254313,"duration":1,"angle":-112.5},{"type":"block","time":103.00000127157,"angle":-540},{"type":"block","time":103.50000127157,"angle":-517.5},{"tap":true,"type":"block","time":104.00000127157,"angle":-472.5},{"type":"block","time":104.33333333333,"angle":-450},{"tap":true,"type":"block","time":104.6666653951,"angle":-427.5},{"type":"block","time":104.83333333333,"angle":-405},{"type":"side","time":103.33333333333,"angle":-225},{"type":"side","time":105.33333333333,"angle":-337.5},{"type":"extraTap","time":106.50000127157,"angle":-180},{"angle2":-45,"type":"mineHold","time":103.33333333333,"duration":2.5,"angle":-270},{"type":"side","time":106.00000127157,"angle":-540},{"type":"side","time":106.6666653951,"angle":-270},{"type":"extraTap","time":106.6666653951,"angle":-180},{"type":"extraTap","time":106.83333333333,"angle":-540},{"type":"block","time":107.6666653951,"angle":-315},{"type":"block","time":108.00000127157,"angle":-360},{"tap":true,"type":"block","time":108.50000127157,"angle":-405},{"type":"side","time":109.1666653951,"angle":-292.5},{"type":"mine","time":108.83333333333,"angle":-427.5},{"angle2":-90,"type":"mineHold","time":107.6666653951,"duration":0.99999994039536,"angle":-247.5},{"type":"side","time":109.33333333333,"angle":-247.5},{"tap":true,"type":"side","time":110.00000127157,"angle":-495},{"type":"extraTap","time":110.83333333333,"angle":-540},{"type":"extraTap","time":111.08333333333,"angle":-180},{"type":"extraTap","time":110.99999745687,"angle":-540},{"type":"block","time":110.6666692098,"angle":-180},{"angle2":-472.5,"type":"mineHold","time":108.6666653951,"duration":2,"angle":-450},{"type":"block","time":112.33333333333,"angle":-427.5},{"type":"block","time":112.6666692098,"angle":-382.5},{"type":"block","time":112.99999745687,"angle":-337.5},{"type":"side","time":113.83333333333,"angle":-427.5},{"tap":true,"type":"side","time":114.1666692098,"angle":-315},{"type":"side","time":114.83333333333,"angle":-427.5},{"type":"extraTap","time":115.70833333333,"angle":-360},{"type":"extraTap","time":115.58333333333,"angle":-360},{"type":"extraTap","time":115.83333333333,"angle":-360},{"angle2":-90,"type":"mineHold","time":111.83333333333,"duration":1,"angle":-315},{"angle2":-495,"type":"mineHold","time":115.33333333333,"duration":0.83333343267441,"angle":-270},{"type":"block","time":116.83333333333,"angle":-180},{"type":"block","time":116.99999745687,"angle":-540},{"angle2":-607.5,"type":"hold","time":117.24999745687,"duration":1,"angle":-540},{"angle2":225,"type":"hold","time":118.24999745687,"duration":1,"angle":-247.5},{"angle2":-270,"type":"mineHold","time":117.33333333333,"duration":0.66666674613953,"angle":-225},{"angle2":-180,"type":"mineHold","time":119.5833791097,"duration":0.75000005960464,"angle":-270},{"type":"extraTap","time":120.45833333333,"angle":-472.5},{"type":"extraTap","time":120.20833333333,"angle":-472.5},{"type":"extraTap","time":120.33333333333,"angle":-472.5},{"angle2":-270,"type":"mineHold","time":117.33333333333,"duration":1,"angle":-495},{"type":"block","time":121.45833333333,"angle":-472.5},{"tap":true,"type":"block","time":121.95833333333,"angle":-450},{"type":"block","time":122.45833333333,"angle":-427.5},{"type":"side","time":123.08333333333,"angle":-472.5},{"tap":true,"type":"side","time":123.45833333333,"angle":-517.5},{"type":"block","time":124.08333333333,"angle":-202.5},{"angle2":-202.5,"type":"mineHold","time":120.95833333333,"duration":1,"angle":-405},{"angle2":-607.5,"type":"mineHold","time":122.08333333333,"duration":1.5,"angle":-495},{"type":"extraTap","time":125.08333333333,"angle":-292.5},{"type":"extraTap","time":124.95833333333,"angle":-292.5},{"type":"extraTap","time":125.20833333333,"angle":-270},{"type":"side","time":115.08333333333,"angle":-292.5},{"angle2":360,"type":"hold","time":124.66667175293,"duration":4.6666665077209,"angle":-292.5},{"tap":true,"type":"block","time":126,"angle":247.5},{"tap":true,"type":"block","time":126.75,"angle":360},{"tap":true,"type":"block","time":127.75,"angle":135},{"tap":true,"type":"block","time":128.66667175293,"angle":270},{"tap":true,"type":"block","time":129.83332824707,"angle":0},{"tap":true,"type":"block","time":131.33332824707,"angle":90},{"tap":true,"type":"block","time":133,"angle":270},{"tap":true,"type":"block","time":134,"angle":180},{"tap":true,"type":"block","time":135.33332824707,"angle":0},{"tap":true,"type":"block","time":136.5,"angle":90},{"tap":true,"type":"block","time":137.5,"angle":180},{"tap":true,"type":"block","time":138.66667175293,"angle":0},{"angle2":360,"type":"hold","duration":2.6666667461395,"endTap":true,"time":138.66667175293,"angle":360},{"tap":true,"type":"block","time":143.33332824707,"angle":90},{"angle2":270,"duration":1.1666666269302,"type":"hold","startTap":true,"endTap":true,"time":148,"angle":90},{"angle2":450,"duration":1.3333332538605,"type":"hold","startTap":true,"endTap":true,"time":145.5,"angle":270},{"angle2":270,"duration":1.1666666269302,"type":"hold","startTap":true,"endTap":true,"time":152.5,"angle":90},{"angle2":450,"duration":1.3333332538605,"type":"hold","startTap":true,"endTap":true,"time":150.33332824707,"angle":270},{"angle2":585,"type":"mineHold","time":144,"duration":1.8333331346512,"angle":337.5},{"angle2":-90,"duration":0.99999994039536,"type":"hold","startTap":true,"endTap":true,"time":155.16667175293,"angle":0},{"angle2":-90,"duration":1,"type":"hold","startTap":true,"endTap":true,"time":157.16667175293,"angle":90},{"angle2":450,"type":"hold","duration":1,"endTap":true,"time":158.16667175293,"angle":270},{"angle2":450,"type":"hold","time":156.16667175293,"duration":1,"angle":270},{"type":"block","time":166.66667175293,"angle":22.5},{"type":"block","time":166.5,"angle":360},{"type":"block","time":167,"angle":45},{"type":"block","time":167.16667175293,"angle":0},{"type":"block","time":167.33332824707,"angle":337.5},{"type":"block","time":167.5,"angle":315},{"type":"side","time":167.75,"angle":292.5},{"type":"side","time":167.16667175293,"angle":67.5},{"type":"block","time":167.83332824707,"angle":270},{"type":"block","time":168,"angle":247.5},{"type":"block","time":168.16667175293,"angle":225},{"type":"side","time":168.41667175293,"angle":202.5},{"type":"block","time":168.66667175293,"angle":225},{"type":"block","time":168.83332824707,"angle":247.5},{"type":"block","time":169,"angle":270},{"angle2":247.5,"type":"mineHold","time":166.33332824707,"duration":0.83333331346512,"angle":67.5},{"type":"side","time":169.25,"angle":292.5},{"type":"block","time":169.33332824707,"angle":315},{"type":"block","time":169.5,"angle":337.5},{"type":"block","time":169.5,"angle":0},{"type":"side","time":169.66667175293,"angle":22.5},{"angle2":-967.5,"type":"mineHold","time":169.66667175293,"duration":2.9999995231628,"angle":67.5},{"angle2":-360,"duration":2.0000004768372,"type":"hold","startTap":true,"endTap":true,"time":172.33332824707,"angle":112.5},{"type":"block","time":174.5,"angle":22.5},{"type":"block","time":174.66667175293,"angle":45},{"type":"block","time":174.75,"angle":67.5},{"type":"block","time":175,"angle":90},{"type":"block","time":175.08332824707,"angle":112.5},{"type":"block","time":175.16667175293,"angle":135},{"type":"block","time":175.25,"angle":157.5},{"type":"block","time":175.33332824707,"angle":180},{"type":"block","time":175.5,"angle":202.5},{"type":"block","time":175.58332824707,"angle":225},{"type":"block","time":175.66667175293,"angle":247.5},{"type":"block","time":175.75,"angle":270},{"type":"block","time":175.83332824707,"angle":292.5},{"type":"block","time":175.91667175293,"angle":315},{"type":"block","time":176,"angle":337.5},{"type":"extraTap","time":161.33332824707,"angle":360},{"type":"extraTap","time":162.66667175293,"angle":22.5},{"type":"extraTap","time":164.08332824707,"angle":337.5},{"type":"block","time":180.66667175293,"angle":-202.5},{"type":"block","time":180.5,"angle":-540},{"type":"block","time":181,"angle":-225},{"type":"block","time":181.16667175293,"angle":-180},{"type":"block","time":181.33332824707,"angle":-517.5},{"type":"block","time":181.5,"angle":-495},{"type":"side","time":181.75,"angle":-472.5},{"type":"side","time":181.16667175293,"angle":-247.5},{"type":"block","time":181.83332824707,"angle":-450},{"type":"block","time":182,"angle":-427.5},{"type":"block","time":182.16667175293,"angle":-405},{"type":"side","time":182.41667175293,"angle":-382.5},{"type":"block","time":182.66667175293,"angle":-405},{"type":"block","time":182.83332824707,"angle":-427.5},{"type":"block","time":183,"angle":-450},{"angle2":-427.5,"type":"mineHold","time":180.33332824707,"duration":0.83333331346512,"angle":-247.5},{"type":"side","time":183.25,"angle":-472.5},{"type":"block","time":183.33332824707,"angle":-495},{"type":"block","time":183.5,"angle":-517.5},{"type":"block","time":183.5,"angle":-180},{"type":"side","time":183.66667175293,"angle":-202.5},{"angle2":787.5,"type":"mineHold","time":183.66667175293,"duration":2.9999995231628,"angle":-247.5},{"type":"block","time":186.5,"angle":112.5},{"type":"side","time":187,"angle":157.5},{"type":"side","time":187.5,"angle":90},{"type":"side","time":188,"angle":180},{"tap":true,"type":"block","time":188.5,"angle":112.5},{"angle2":360,"type":"hold","time":189,"duration":1.9999997615814,"angle":112.5},{"angle2":-360,"type":"hold","time":191,"duration":1.9999997615814,"angle":0},{"angle2":562.5,"type":"mineHold","time":187,"duration":3.6666672229767,"angle":225},{"angle2":0,"type":"mineHold","time":190.66667175293,"duration":1.6666665077209,"angle":202.5},{"angle2":675,"type":"hold","time":193,"duration":2,"angle":360},{"angle2":45,"type":"hold","time":195,"duration":2,"angle":315},{"angle2":202.5,"type":"mineHold","time":192.33332824707,"duration":0.83333331346512,"angle":360},{"angle2":90,"type":"mineHold","time":193.66667175293,"duration":0.83333331346512,"angle":0},{"type":"extraTap","time":200.33332824707,"angle":0},{"type":"extraTap","time":199,"angle":360},{"type":"side","time":203.16667175293,"angle":270},{"type":"side","time":203.66667175293,"angle":360},{"type":"side","time":203.66667175293,"angle":270},{"type":"side","time":204.16667175293,"angle":360},{"type":"side","time":204.16667175293,"angle":270},{"type":"side","time":204.66667175293,"angle":360},{"type":"side","time":204.66667175293,"angle":270},{"type":"side","time":205.16667175293,"angle":360},{"type":"side","time":205.16667175293,"angle":270},{"type":"side","time":205.66667175293,"angle":0},{"type":"side","time":205.66667175293,"angle":270},{"type":"side","time":206.16667175293,"angle":270},{"type":"side","time":206.66667175293,"angle":270},{"type":"side","time":207.16667175293,"angle":270},{"type":"side","time":207.66667175293,"angle":270},{"type":"side","time":208.16667175293,"angle":270},{"type":"side","time":206.16667175293,"angle":360},{"type":"side","time":206.66667175293,"angle":0},{"type":"side","time":207.16667175293,"angle":0},{"type":"side","time":207.66667175293,"angle":0},{"type":"side","time":208.16667175293,"angle":360},{"type":"side","time":208.66667175293,"angle":270},{"type":"side","time":209.16667175293,"angle":270},{"type":"side","time":209.66667175293,"angle":270},{"type":"side","time":208.66667175293,"angle":360},{"type":"side","time":209.16667175293,"angle":360},{"type":"side","time":209.66667175293,"angle":360},{"type":"side","time":210.16667175293,"angle":270},{"type":"side","time":210.66667175293,"angle":270},{"type":"side","time":210.16667175293,"angle":360},{"type":"extraTap","time":203,"angle":326.25},{"angle2":247.5,"type":"mineHold","time":203,"duration":7.8333301544189,"angle":236.25},{"angle2":22.5,"type":"mineHold","time":203,"duration":7.8333325386047,"angle":33.75},{"type":"extraTap","time":208.16667175293,"angle":315},{"type":"extraTap","time":205,"angle":315},{"type":"extraTap","time":206.5,"angle":315},{"type":"extraTap","time":209.83332824707,"angle":315},{"type":"side","time":212.8333384196,"angle":450},{"type":"side","time":213.3333384196,"angle":540},{"type":"side","time":213.3333384196,"angle":450},{"type":"side","time":213.8333384196,"angle":540},{"type":"side","time":213.8333384196,"angle":450},{"type":"side","time":214.3333384196,"angle":540},{"type":"side","time":214.3333384196,"angle":450},{"type":"side","time":214.8333384196,"angle":540},{"type":"side","time":214.8333384196,"angle":450},{"type":"side","time":215.3333384196,"angle":180},{"type":"side","time":215.3333384196,"angle":450},{"type":"side","time":215.8333384196,"angle":450},{"type":"side","time":216.3333384196,"angle":450},{"type":"side","time":216.8333384196,"angle":450},{"type":"side","time":217.3333384196,"angle":450},{"type":"side","time":217.8333384196,"angle":450},{"type":"side","time":215.8333384196,"angle":540},{"type":"side","time":216.3333384196,"angle":180},{"type":"side","time":216.8333384196,"angle":180},{"type":"side","time":217.3333384196,"angle":180},{"type":"side","time":217.8333384196,"angle":540},{"type":"side","time":218.3333384196,"angle":450},{"type":"side","time":218.8333384196,"angle":450},{"type":"side","time":219.3333384196,"angle":450},{"type":"side","time":218.3333384196,"angle":540},{"type":"side","time":218.8333384196,"angle":540},{"type":"side","time":219.3333384196,"angle":540},{"type":"side","time":219.8333384196,"angle":450},{"type":"side","time":220.3333384196,"angle":450},{"type":"side","time":219.8333384196,"angle":540},{"type":"extraTap","time":212.66666666667,"angle":506.25},{"angle2":427.5,"type":"mineHold","time":212.66666666667,"duration":7.8333301544189,"angle":416.25},{"angle2":202.5,"type":"mineHold","time":212.66666666667,"duration":7.8333325386047,"angle":213.75},{"type":"extraTap","time":217.8333384196,"angle":495},{"type":"extraTap","time":214.66666666667,"angle":495},{"type":"extraTap","time":216.16666666667,"angle":495},{"type":"extraTap","time":219.49999491374,"angle":495},{"type":"side","time":222,"angle":281.25},{"type":"side","time":222,"angle":292.5},{"type":"side","time":222,"angle":303.75},{"type":"side","time":222,"angle":315},{"type":"side","time":222,"angle":326.25},{"type":"side","time":222,"angle":337.5},{"type":"side","time":222,"angle":348.75},{"type":"side","time":222,"angle":0},{"type":"side","time":222,"angle":11.25},{"type":"side","time":222,"angle":22.5},{"type":"side","time":222,"angle":33.75},{"type":"side","time":222,"angle":45},{"type":"side","time":222,"angle":67.5},{"type":"side","time":222,"angle":78.75},{"type":"side","time":222,"angle":56.25},{"type":"side","time":222,"angle":90},{"type":"side","time":222,"angle":101.25},{"type":"side","time":222,"angle":112.5},{"type":"side","time":222,"angle":123.75},{"type":"side","time":222,"angle":146.25},{"type":"side","time":222,"angle":135},{"type":"side","time":222,"angle":168.75},{"type":"side","time":222,"angle":157.5},{"type":"side","time":222,"angle":191.25},{"type":"side","time":222,"angle":180},{"type":"side","time":222,"angle":202.5},{"type":"side","time":222,"angle":225},{"type":"side","time":222,"angle":213.75},{"type":"side","time":222,"angle":236.25},{"type":"side","time":222,"angle":247.5},{"type":"side","time":222,"angle":258.75},{"type":"side","time":222,"angle":270},{"type":"side","time":222.75,"angle":281.25},{"type":"side","time":222.75,"angle":292.5},{"type":"side","time":222.75,"angle":303.75},{"type":"side","time":222.75,"angle":315},{"type":"side","time":222.75,"angle":326.25},{"type":"side","time":222.75,"angle":337.5},{"type":"side","time":222.75,"angle":348.75},{"type":"side","time":222.75,"angle":0},{"type":"side","time":222.75,"angle":11.25},{"type":"side","time":222.75,"angle":22.5},{"type":"side","time":222.75,"angle":33.75},{"type":"side","time":222.75,"angle":45},{"type":"side","time":222.75,"angle":67.5},{"type":"side","time":222.75,"angle":78.75},{"type":"side","time":222.75,"angle":56.25},{"type":"side","time":222.75,"angle":90},{"type":"side","time":222.75,"angle":101.25},{"type":"side","time":222.75,"angle":112.5},{"type":"side","time":222.75,"angle":123.75},{"type":"side","time":222.75,"angle":146.25},{"type":"side","time":222.75,"angle":135},{"type":"side","time":222.75,"angle":168.75},{"type":"side","time":222.75,"angle":157.5},{"type":"side","time":222.75,"angle":191.25},{"type":"side","time":222.75,"angle":180},{"type":"side","time":222.75,"angle":202.5},{"type":"side","time":222.75,"angle":225},{"type":"side","time":222.75,"angle":213.75},{"type":"side","time":222.75,"angle":236.25},{"type":"side","time":222.75,"angle":247.5},{"type":"side","time":222.75,"angle":258.75},{"type":"side","time":222.75,"angle":270},{"type":"side","time":223.5,"angle":281.25},{"type":"side","time":223.5,"angle":292.5},{"type":"side","time":223.5,"angle":303.75},{"type":"side","time":223.5,"angle":315},{"type":"side","time":223.5,"angle":326.25},{"type":"side","time":223.5,"angle":337.5},{"type":"side","time":223.5,"angle":348.75},{"type":"side","time":223.5,"angle":0},{"type":"side","time":223.5,"angle":11.25},{"type":"side","time":223.5,"angle":22.5},{"type":"side","time":223.5,"angle":33.75},{"type":"side","time":223.5,"angle":45},{"type":"side","time":223.5,"angle":67.5},{"type":"side","time":223.5,"angle":78.75},{"type":"side","time":223.5,"angle":56.25},{"type":"side","time":223.5,"angle":90},{"type":"side","time":223.5,"angle":101.25},{"type":"side","time":223.5,"angle":112.5},{"type":"side","time":223.5,"angle":123.75},{"type":"side","time":223.5,"angle":146.25},{"type":"side","time":223.5,"angle":135},{"type":"side","time":223.5,"angle":168.75},{"type":"side","time":223.5,"angle":157.5},{"type":"side","time":223.5,"angle":191.25},{"type":"side","time":223.5,"angle":180},{"type":"side","time":223.5,"angle":202.5},{"type":"side","time":223.5,"angle":225},{"type":"side","time":223.5,"angle":213.75},{"type":"side","time":223.5,"angle":236.25},{"type":"side","time":223.5,"angle":247.5},{"type":"side","time":223.5,"angle":258.75},{"type":"side","time":223.5,"angle":270},{"type":"side","time":224.25,"angle":281.25},{"type":"side","time":224.25,"angle":292.5},{"type":"side","time":224.25,"angle":303.75},{"type":"side","time":224.25,"angle":315},{"type":"side","time":224.25,"angle":326.25},{"type":"side","time":224.25,"angle":337.5},{"type":"side","time":224.25,"angle":348.75},{"type":"side","time":224.25,"angle":0},{"type":"side","time":224.25,"angle":11.25},{"type":"side","time":224.25,"angle":22.5},{"type":"side","time":224.25,"angle":33.75},{"type":"side","time":224.25,"angle":45},{"type":"side","time":224.25,"angle":67.5},{"type":"side","time":224.25,"angle":78.75},{"type":"side","time":224.25,"angle":56.25},{"type":"side","time":224.25,"angle":90},{"type":"side","time":224.25,"angle":101.25},{"type":"side","time":224.25,"angle":112.5},{"type":"side","time":224.25,"angle":123.75},{"type":"side","time":224.25,"angle":146.25},{"type":"side","time":224.25,"angle":135},{"type":"side","time":224.25,"angle":168.75},{"type":"side","time":224.25,"angle":157.5},{"type":"side","time":224.25,"angle":191.25},{"type":"side","time":224.25,"angle":180},{"type":"side","time":224.25,"angle":202.5},{"type":"side","time":224.25,"angle":225},{"type":"side","time":224.25,"angle":213.75},{"type":"side","time":224.25,"angle":236.25},{"type":"side","time":224.25,"angle":247.5},{"type":"side","time":224.25,"angle":258.75},{"type":"side","time":224.25,"angle":270},{"type":"side","time":225,"angle":281.25},{"type":"side","time":225,"angle":292.5},{"type":"side","time":225,"angle":303.75},{"type":"side","time":225,"angle":315},{"type":"side","time":225,"angle":326.25},{"type":"side","time":225,"angle":337.5},{"type":"side","time":225,"angle":348.75},{"type":"side","time":225,"angle":0},{"type":"side","time":225,"angle":11.25},{"type":"side","time":225,"angle":22.5},{"type":"side","time":225,"angle":33.75},{"type":"side","time":225,"angle":45},{"type":"side","time":225,"angle":67.5},{"type":"side","time":225,"angle":78.75},{"type":"side","time":225,"angle":56.25},{"type":"side","time":225,"angle":90},{"type":"side","time":225,"angle":101.25},{"type":"side","time":225,"angle":112.5},{"type":"side","time":225,"angle":123.75},{"type":"side","time":225,"angle":146.25},{"type":"side","time":225,"angle":135},{"type":"side","time":225,"angle":168.75},{"type":"side","time":225,"angle":157.5},{"type":"side","time":225,"angle":191.25},{"type":"side","time":225,"angle":180},{"type":"side","time":225,"angle":202.5},{"type":"side","time":225,"angle":225},{"type":"side","time":225,"angle":213.75},{"type":"side","time":225,"angle":236.25},{"type":"side","time":225,"angle":247.5},{"type":"side","time":225,"angle":258.75},{"type":"side","time":225,"angle":270},{"type":"side","time":225.75,"angle":281.25},{"type":"side","time":225.75,"angle":292.5},{"type":"side","time":225.75,"angle":303.75},{"type":"side","time":225.75,"angle":315},{"type":"side","time":225.75,"angle":326.25},{"type":"side","time":225.75,"angle":337.5},{"type":"side","time":225.75,"angle":348.75},{"type":"side","time":225.75,"angle":0},{"type":"side","time":225.75,"angle":11.25},{"type":"side","time":225.75,"angle":22.5},{"type":"side","time":225.75,"angle":33.75},{"type":"side","time":225.75,"angle":45},{"type":"side","time":225.75,"angle":67.5},{"type":"side","time":225.75,"angle":78.75},{"type":"side","time":225.75,"angle":56.25},{"type":"side","time":225.75,"angle":90},{"type":"side","time":225.75,"angle":101.25},{"type":"side","time":225.75,"angle":112.5},{"type":"side","time":225.75,"angle":123.75},{"type":"side","time":225.75,"angle":146.25},{"type":"side","time":225.75,"angle":135},{"type":"side","time":225.75,"angle":168.75},{"type":"side","time":225.75,"angle":157.5},{"type":"side","time":225.75,"angle":191.25},{"type":"side","time":225.75,"angle":180},{"type":"side","time":225.75,"angle":202.5},{"type":"side","time":225.75,"angle":225},{"type":"side","time":225.75,"angle":213.75},{"type":"side","time":225.75,"angle":236.25},{"type":"side","time":225.75,"angle":247.5},{"type":"side","time":225.75,"angle":258.75},{"type":"side","time":225.75,"angle":270},{"type":"side","time":226.5,"angle":281.25},{"type":"side","time":226.5,"angle":292.5},{"type":"side","time":226.5,"angle":303.75},{"type":"side","time":226.5,"angle":315},{"type":"side","time":226.5,"angle":326.25},{"type":"side","time":226.5,"angle":337.5},{"type":"side","time":226.5,"angle":348.75},{"type":"side","time":226.5,"angle":0},{"type":"side","time":226.5,"angle":11.25},{"type":"side","time":226.5,"angle":22.5},{"type":"side","time":226.5,"angle":33.75},{"type":"side","time":226.5,"angle":45},{"type":"side","time":226.5,"angle":67.5},{"type":"side","time":226.5,"angle":78.75},{"type":"side","time":226.5,"angle":56.25},{"type":"side","time":226.5,"angle":90},{"type":"side","time":226.5,"angle":101.25},{"type":"side","time":226.5,"angle":112.5},{"type":"side","time":226.5,"angle":123.75},{"type":"side","time":226.5,"angle":146.25},{"type":"side","time":226.5,"angle":135},{"type":"side","time":226.5,"angle":168.75},{"type":"side","time":226.5,"angle":157.5},{"type":"side","time":226.5,"angle":191.25},{"type":"side","time":226.5,"angle":180},{"type":"side","time":226.5,"angle":202.5},{"type":"side","time":226.5,"angle":225},{"type":"side","time":226.5,"angle":213.75},{"type":"side","time":226.5,"angle":236.25},{"type":"side","time":226.5,"angle":247.5},{"type":"side","time":226.5,"angle":258.75},{"type":"side","time":226.5,"angle":270},{"type":"side","time":227.25,"angle":281.25},{"type":"side","time":227.25,"angle":292.5},{"type":"side","time":227.25,"angle":303.75},{"type":"side","time":227.25,"angle":315},{"type":"side","time":227.25,"angle":326.25},{"type":"side","time":227.25,"angle":337.5},{"type":"side","time":227.25,"angle":348.75},{"type":"side","time":227.25,"angle":0},{"type":"side","time":227.25,"angle":11.25},{"type":"side","time":227.25,"angle":22.5},{"type":"side","time":227.25,"angle":33.75},{"type":"side","time":227.25,"angle":45},{"type":"side","time":227.25,"angle":67.5},{"type":"side","time":227.25,"angle":78.75},{"type":"side","time":227.25,"angle":56.25},{"type":"side","time":227.25,"angle":90},{"type":"side","time":227.25,"angle":101.25},{"type":"side","time":227.25,"angle":112.5},{"type":"side","time":227.25,"angle":123.75},{"type":"side","time":227.25,"angle":146.25},{"type":"side","time":227.25,"angle":135},{"type":"side","time":227.25,"angle":168.75},{"type":"side","time":227.25,"angle":157.5},{"type":"side","time":227.25,"angle":191.25},{"type":"side","time":227.25,"angle":180},{"type":"side","time":227.25,"angle":202.5},{"type":"side","time":227.25,"angle":225},{"type":"side","time":227.25,"angle":213.75},{"type":"side","time":227.25,"angle":236.25},{"type":"side","time":227.25,"angle":247.5},{"type":"side","time":227.25,"angle":258.75},{"type":"side","time":227.25,"angle":270},{"type":"extraTap","time":221,"angle":123.75},{"type":"extraTap","time":223.375,"angle":112.5},{"type":"extraTap","time":225.125,"angle":146.25},{"type":"extraTap","time":226.25,"angle":146.25},{"angle2":0,"type":"hold","time":229.5,"duration":1,"angle":0},{"angle2":67.5,"type":"hold","time":230.83332824707,"duration":2.1666665077209,"angle":22.5},{"type":"side","time":233.5,"angle":157.5},{"type":"block","time":234,"angle":225},{"type":"block","time":234.66667175293,"angle":247.5},{"tap":true,"type":"block","time":235.33332824707,"angle":270},{"tap":true,"type":"block","time":235.83332824707,"angle":292.5},{"type":"side","time":236.16667175293,"angle":337.5},{"type":"block","time":236.66667175293,"angle":22.5},{"type":"block","time":237,"angle":45},{"type":"block","time":237.33332824707,"angle":90},{"type":"block","time":237.16667175293,"angle":67.5},{"type":"block","time":237.83332824707,"angle":112.5},{"type":"block","time":238,"angle":112.5},{"angle2":135,"type":"hold","time":239.83332824707,"duration":3.0000002384186,"angle":135},{"angle2":450,"type":"mineHold","time":232.5,"duration":3.8333339691162,"angle":225},{"angle2":427.5,"type":"mineHold","time":233.66667175293,"duration":4.3333334922791,"angle":67.5},{"angle2":67.5,"type":"hold","time":244.83332824707,"duration":2.1666665077209,"angle":135},{"angle2":157.5,"type":"hold","time":247,"duration":2.8333334922791,"angle":67.5},{"angle2":78.75,"type":"mineHold","time":239.66667175293,"duration":1.9999997615814,"angle":78.75},{"angle2":191.25,"type":"mineHold","time":239.66667175293,"duration":1.9999997615814,"angle":191.25},{"angle2":-168.75,"type":"mineHold","time":241.66667175293,"duration":1,"angle":78.75},{"angle2":450,"type":"mineHold","time":241.66667175293,"duration":1,"angle":191.25},{"angle2":101.25,"type":"mineHold","time":244.5,"duration":2.6666667461395,"angle":225},{"angle2":157.5,"type":"mineHold","time":247.16667175293,"duration":1.6666665077209,"angle":101.25},{"angle2":-247.5,"type":"hold","time":252.83332824707,"duration":2.1666665077209,"angle":-315},{"angle2":-337.5,"type":"hold","time":255,"duration":2.8333334922791,"angle":-247.5},{"angle2":-281.25,"type":"mineHold","time":252.5,"duration":2.6666667461395,"angle":-405},{"angle2":-337.5,"type":"mineHold","time":255.16667175293,"duration":1.6666665077209,"angle":-281.25},{"angle2":-67.5,"type":"hold","time":263.99999491374,"duration":2.1666665077209,"angle":-135},{"angle2":-157.5,"type":"hold","time":266.16666666667,"duration":2.8333334922791,"angle":-67.5},{"angle2":-101.25,"type":"mineHold","time":263.66666666667,"duration":2.6666667461395,"angle":-225},{"angle2":-157.5,"type":"mineHold","time":266.3333384196,"duration":1.6666665077209,"angle":-101.25},{"type":"block","time":270.41665649414,"angle":213.75},{"type":"block","time":272,"angle":0},{"type":"block","time":275.41665649414,"angle":112.5},{"type":"block","time":272.16665649414,"angle":22.5},{"angle2":427.5,"type":"mineHold","time":270,"duration":5.0833339691162,"angle":123.75},{"type":"side","time":276.8333384196,"angle":-270},{"type":"side","time":277.3333384196,"angle":-360},{"type":"side","time":277.3333384196,"angle":-270},{"type":"side","time":277.8333384196,"angle":-360},{"type":"side","time":277.8333384196,"angle":-270},{"type":"side","time":278.3333384196,"angle":-360},{"type":"side","time":278.3333384196,"angle":-270},{"type":"side","time":278.8333384196,"angle":-360},{"type":"side","time":278.8333384196,"angle":-270},{"type":"side","time":279.3333384196,"angle":0},{"type":"side","time":279.3333384196,"angle":-270},{"type":"side","time":279.8333384196,"angle":-270},{"type":"side","time":280.3333384196,"angle":-270},{"type":"side","time":280.8333384196,"angle":-270},{"type":"side","time":281.3333384196,"angle":-270},{"type":"side","time":281.8333384196,"angle":-270},{"type":"side","time":279.8333384196,"angle":-360},{"type":"side","time":280.3333384196,"angle":0},{"type":"side","time":280.8333384196,"angle":0},{"type":"side","time":281.3333384196,"angle":0},{"type":"side","time":281.8333384196,"angle":-360},{"type":"side","time":282.3333384196,"angle":-270},{"type":"side","time":282.8333384196,"angle":-270},{"type":"side","time":283.3333384196,"angle":-270},{"type":"side","time":282.3333384196,"angle":-360},{"type":"side","time":282.8333384196,"angle":-360},{"type":"side","time":283.3333384196,"angle":-360},{"type":"side","time":283.8333384196,"angle":-270},{"type":"side","time":284.3333384196,"angle":-270},{"type":"side","time":283.8333384196,"angle":-360},{"type":"extraTap","time":276.66666666667,"angle":-326.25},{"angle2":-247.5,"type":"mineHold","time":276.66666666667,"duration":7.8333301544189,"angle":-236.25},{"angle2":-22.5,"type":"mineHold","time":276.66666666667,"duration":7.8333325386047,"angle":-33.75},{"type":"extraTap","time":281.8333384196,"angle":-315},{"type":"extraTap","time":278.66666666667,"angle":-315},{"type":"extraTap","time":280.16666666667,"angle":-315},{"type":"extraTap","time":283.49999491374,"angle":-315},{"type":"side","time":285.75000508626,"angle":-450},{"type":"side","time":286.25000508626,"angle":-540},{"type":"side","time":286.25000508626,"angle":-450},{"type":"side","time":286.75000508626,"angle":-540},{"type":"side","time":286.75000508626,"angle":-450},{"type":"side","time":287.25000508626,"angle":-540},{"type":"side","time":287.25000508626,"angle":-450},{"type":"side","time":287.75000508626,"angle":-540},{"type":"side","time":287.75000508626,"angle":-450},{"type":"side","time":288.25000508626,"angle":-180},{"type":"side","time":288.25000508626,"angle":-450},{"type":"side","time":288.75000508626,"angle":-450},{"type":"side","time":289.25000508626,"angle":-450},{"type":"side","time":289.75000508626,"angle":-450},{"type":"side","time":290.25000508626,"angle":-450},{"type":"side","time":290.75000508626,"angle":-450},{"type":"side","time":288.75000508626,"angle":-540},{"type":"side","time":289.25000508626,"angle":-180},{"type":"side","time":289.75000508626,"angle":-180},{"type":"side","time":290.25000508626,"angle":-180},{"type":"side","time":290.75000508626,"angle":-540},{"type":"side","time":291.25000508626,"angle":-450},{"type":"side","time":291.75000508626,"angle":-450},{"type":"side","time":292.25000508626,"angle":-450},{"type":"side","time":291.25000508626,"angle":-540},{"type":"side","time":291.75000508626,"angle":-540},{"type":"side","time":292.25000508626,"angle":-540},{"type":"side","time":292.75000508626,"angle":-450},{"type":"side","time":293.25000508626,"angle":-450},{"type":"side","time":292.75000508626,"angle":-540},{"type":"extraTap","time":285.58333333333,"angle":-506.25},{"angle2":-427.5,"type":"mineHold","time":285.58333333333,"duration":7.8333301544189,"angle":-416.25},{"angle2":-202.5,"type":"mineHold","time":285.58333333333,"duration":7.8333325386047,"angle":-213.75},{"type":"extraTap","time":290.75000508626,"angle":-495},{"type":"extraTap","time":287.58333333333,"angle":-495},{"type":"extraTap","time":289.08333333333,"angle":-495},{"type":"extraTap","time":292.4166615804,"angle":-495},{"type":"side","time":295.91666666667,"angle":281.25},{"type":"side","time":295.91666666667,"angle":292.5},{"type":"side","time":295.91666666667,"angle":303.75},{"type":"side","time":295.91666666667,"angle":315},{"type":"side","time":295.91666666667,"angle":326.25},{"type":"side","time":295.91666666667,"angle":337.5},{"type":"side","time":295.91666666667,"angle":348.75},{"type":"side","time":295.91666666667,"angle":0},{"type":"side","time":295.91666666667,"angle":11.25},{"type":"side","time":295.91666666667,"angle":22.5},{"type":"side","time":295.91666666667,"angle":33.75},{"type":"side","time":295.91666666667,"angle":45},{"type":"side","time":295.91666666667,"angle":67.5},{"type":"side","time":295.91666666667,"angle":78.75},{"type":"side","time":295.91666666667,"angle":56.25},{"type":"side","time":295.91666666667,"angle":90},{"type":"side","time":295.91666666667,"angle":101.25},{"type":"side","time":295.91666666667,"angle":112.5},{"type":"side","time":295.91666666667,"angle":123.75},{"type":"side","time":295.91666666667,"angle":146.25},{"type":"side","time":295.91666666667,"angle":135},{"type":"side","time":295.91666666667,"angle":168.75},{"type":"side","time":295.91666666667,"angle":157.5},{"type":"side","time":295.91666666667,"angle":191.25},{"type":"side","time":295.91666666667,"angle":180},{"type":"side","time":295.91666666667,"angle":202.5},{"type":"side","time":295.91666666667,"angle":225},{"type":"side","time":295.91666666667,"angle":213.75},{"type":"side","time":295.91666666667,"angle":236.25},{"type":"side","time":295.91666666667,"angle":247.5},{"type":"side","time":295.91666666667,"angle":258.75},{"type":"side","time":295.91666666667,"angle":270},{"type":"side","time":296.66666666667,"angle":281.25},{"type":"side","time":296.66666666667,"angle":292.5},{"type":"side","time":296.66666666667,"angle":303.75},{"type":"side","time":296.66666666667,"angle":315},{"type":"side","time":296.66666666667,"angle":326.25},{"type":"side","time":296.66666666667,"angle":337.5},{"type":"side","time":296.66666666667,"angle":348.75},{"type":"side","time":296.66666666667,"angle":0},{"type":"side","time":296.66666666667,"angle":11.25},{"type":"side","time":296.66666666667,"angle":22.5},{"type":"side","time":296.66666666667,"angle":33.75},{"type":"side","time":296.66666666667,"angle":45},{"type":"side","time":296.66666666667,"angle":67.5},{"type":"side","time":296.66666666667,"angle":78.75},{"type":"side","time":296.66666666667,"angle":56.25},{"type":"side","time":296.66666666667,"angle":90},{"type":"side","time":296.66666666667,"angle":101.25},{"type":"side","time":296.66666666667,"angle":112.5},{"type":"side","time":296.66666666667,"angle":123.75},{"type":"side","time":296.66666666667,"angle":146.25},{"type":"side","time":296.66666666667,"angle":135},{"type":"side","time":296.66666666667,"angle":168.75},{"type":"side","time":296.66666666667,"angle":157.5},{"type":"side","time":296.66666666667,"angle":191.25},{"type":"side","time":296.66666666667,"angle":180},{"type":"side","time":296.66666666667,"angle":202.5},{"type":"side","time":296.66666666667,"angle":225},{"type":"side","time":296.66666666667,"angle":213.75},{"type":"side","time":296.66666666667,"angle":236.25},{"type":"side","time":296.66666666667,"angle":247.5},{"type":"side","time":296.66666666667,"angle":258.75},{"type":"side","time":296.66666666667,"angle":270},{"type":"side","time":297.41666666667,"angle":281.25},{"type":"side","time":297.41666666667,"angle":292.5},{"type":"side","time":297.41666666667,"angle":303.75},{"type":"side","time":297.41666666667,"angle":315},{"type":"side","time":297.41666666667,"angle":326.25},{"type":"side","time":297.41666666667,"angle":337.5},{"type":"side","time":297.41666666667,"angle":348.75},{"type":"side","time":297.41666666667,"angle":0},{"type":"side","time":297.41666666667,"angle":11.25},{"type":"side","time":297.41666666667,"angle":22.5},{"type":"side","time":297.41666666667,"angle":33.75},{"type":"side","time":297.41666666667,"angle":45},{"type":"side","time":297.41666666667,"angle":67.5},{"type":"side","time":297.41666666667,"angle":78.75},{"type":"side","time":297.41666666667,"angle":56.25},{"type":"side","time":297.41666666667,"angle":90},{"type":"side","time":297.41666666667,"angle":101.25},{"type":"side","time":297.41666666667,"angle":112.5},{"type":"side","time":297.41666666667,"angle":123.75},{"type":"side","time":297.41666666667,"angle":146.25},{"type":"side","time":297.41666666667,"angle":135},{"type":"side","time":297.41666666667,"angle":168.75},{"type":"side","time":297.41666666667,"angle":157.5},{"type":"side","time":297.41666666667,"angle":191.25},{"type":"side","time":297.41666666667,"angle":180},{"type":"side","time":297.41666666667,"angle":202.5},{"type":"side","time":297.41666666667,"angle":225},{"type":"side","time":297.41666666667,"angle":213.75},{"type":"side","time":297.41666666667,"angle":236.25},{"type":"side","time":297.41666666667,"angle":247.5},{"type":"side","time":297.41666666667,"angle":258.75},{"type":"side","time":297.41666666667,"angle":270},{"type":"side","time":298.16666666667,"angle":281.25},{"type":"side","time":298.16666666667,"angle":292.5},{"type":"side","time":298.16666666667,"angle":303.75},{"type":"side","time":298.16666666667,"angle":315},{"type":"side","time":298.16666666667,"angle":326.25},{"type":"side","time":298.16666666667,"angle":337.5},{"type":"side","time":298.16666666667,"angle":348.75},{"type":"side","time":298.16666666667,"angle":0},{"type":"side","time":298.16666666667,"angle":11.25},{"type":"side","time":298.16666666667,"angle":22.5},{"type":"side","time":298.16666666667,"angle":33.75},{"type":"side","time":298.16666666667,"angle":45},{"type":"side","time":298.16666666667,"angle":67.5},{"type":"side","time":298.16666666667,"angle":78.75},{"type":"side","time":298.16666666667,"angle":56.25},{"type":"side","time":298.16666666667,"angle":90},{"type":"side","time":298.16666666667,"angle":101.25},{"type":"side","time":298.16666666667,"angle":112.5},{"type":"side","time":298.16666666667,"angle":123.75},{"type":"side","time":298.16666666667,"angle":146.25},{"type":"side","time":298.16666666667,"angle":135},{"type":"side","time":298.16666666667,"angle":168.75},{"type":"side","time":298.16666666667,"angle":157.5},{"type":"side","time":298.16666666667,"angle":191.25},{"type":"side","time":298.16666666667,"angle":180},{"type":"side","time":298.16666666667,"angle":202.5},{"type":"side","time":298.16666666667,"angle":225},{"type":"side","time":298.16666666667,"angle":213.75},{"type":"side","time":298.16666666667,"angle":236.25},{"type":"side","time":298.16666666667,"angle":247.5},{"type":"side","time":298.16666666667,"angle":258.75},{"type":"side","time":298.16666666667,"angle":270},{"type":"side","time":298.91666666667,"angle":281.25},{"type":"side","time":298.91666666667,"angle":292.5},{"type":"side","time":298.91666666667,"angle":303.75},{"type":"side","time":298.91666666667,"angle":315},{"type":"side","time":298.91666666667,"angle":326.25},{"type":"side","time":298.91666666667,"angle":337.5},{"type":"side","time":298.91666666667,"angle":348.75},{"type":"side","time":298.91666666667,"angle":0},{"type":"side","time":298.91666666667,"angle":11.25},{"type":"side","time":298.91666666667,"angle":22.5},{"type":"side","time":298.91666666667,"angle":33.75},{"type":"side","time":298.91666666667,"angle":45},{"type":"side","time":298.91666666667,"angle":67.5},{"type":"side","time":298.91666666667,"angle":78.75},{"type":"side","time":298.91666666667,"angle":56.25},{"type":"side","time":298.91666666667,"angle":90},{"type":"side","time":298.91666666667,"angle":101.25},{"type":"side","time":298.91666666667,"angle":112.5},{"type":"side","time":298.91666666667,"angle":123.75},{"type":"side","time":298.91666666667,"angle":146.25},{"type":"side","time":298.91666666667,"angle":135},{"type":"side","time":298.91666666667,"angle":168.75},{"type":"side","time":298.91666666667,"angle":157.5},{"type":"side","time":298.91666666667,"angle":191.25},{"type":"side","time":298.91666666667,"angle":180},{"type":"side","time":298.91666666667,"angle":202.5},{"type":"side","time":298.91666666667,"angle":225},{"type":"side","time":298.91666666667,"angle":213.75},{"type":"side","time":298.91666666667,"angle":236.25},{"type":"side","time":298.91666666667,"angle":247.5},{"type":"side","time":298.91666666667,"angle":258.75},{"type":"side","time":298.91666666667,"angle":270},{"type":"side","time":299.66666666667,"angle":281.25},{"type":"side","time":299.66666666667,"angle":292.5},{"type":"side","time":299.66666666667,"angle":303.75},{"type":"side","time":299.66666666667,"angle":315},{"type":"side","time":299.66666666667,"angle":326.25},{"type":"side","time":299.66666666667,"angle":337.5},{"type":"side","time":299.66666666667,"angle":348.75},{"type":"side","time":299.66666666667,"angle":0},{"type":"side","time":299.66666666667,"angle":11.25},{"type":"side","time":299.66666666667,"angle":22.5},{"type":"side","time":299.66666666667,"angle":33.75},{"type":"side","time":299.66666666667,"angle":45},{"type":"side","time":299.66666666667,"angle":67.5},{"type":"side","time":299.66666666667,"angle":78.75},{"type":"side","time":299.66666666667,"angle":56.25},{"type":"side","time":299.66666666667,"angle":90},{"type":"side","time":299.66666666667,"angle":101.25},{"type":"side","time":299.66666666667,"angle":112.5},{"type":"side","time":299.66666666667,"angle":123.75},{"type":"side","time":299.66666666667,"angle":146.25},{"type":"side","time":299.66666666667,"angle":135},{"type":"side","time":299.66666666667,"angle":168.75},{"type":"side","time":299.66666666667,"angle":157.5},{"type":"side","time":299.66666666667,"angle":191.25},{"type":"side","time":299.66666666667,"angle":180},{"type":"side","time":299.66666666667,"angle":202.5},{"type":"side","time":299.66666666667,"angle":225},{"type":"side","time":299.66666666667,"angle":213.75},{"type":"side","time":299.66666666667,"angle":236.25},{"type":"side","time":299.66666666667,"angle":247.5},{"type":"side","time":299.66666666667,"angle":258.75},{"type":"side","time":299.66666666667,"angle":270},{"type":"side","time":300.41666666667,"angle":281.25},{"type":"side","time":300.41666666667,"angle":292.5},{"type":"side","time":300.41666666667,"angle":303.75},{"type":"side","time":300.41666666667,"angle":315},{"type":"side","time":300.41666666667,"angle":326.25},{"type":"side","time":300.41666666667,"angle":337.5},{"type":"side","time":300.41666666667,"angle":348.75},{"type":"side","time":300.41666666667,"angle":0},{"type":"side","time":300.41666666667,"angle":11.25},{"type":"side","time":300.41666666667,"angle":22.5},{"type":"side","time":300.41666666667,"angle":33.75},{"type":"side","time":300.41666666667,"angle":45},{"type":"side","time":300.41666666667,"angle":67.5},{"type":"side","time":300.41666666667,"angle":78.75},{"type":"side","time":300.41666666667,"angle":56.25},{"type":"side","time":300.41666666667,"angle":90},{"type":"side","time":300.41666666667,"angle":101.25},{"type":"side","time":300.41666666667,"angle":112.5},{"type":"side","time":300.41666666667,"angle":123.75},{"type":"side","time":300.41666666667,"angle":146.25},{"type":"side","time":300.41666666667,"angle":135},{"type":"side","time":300.41666666667,"angle":168.75},{"type":"side","time":300.41666666667,"angle":157.5},{"type":"side","time":300.41666666667,"angle":191.25},{"type":"side","time":300.41666666667,"angle":180},{"type":"side","time":300.41666666667,"angle":202.5},{"type":"side","time":300.41666666667,"angle":225},{"type":"side","time":300.41666666667,"angle":213.75},{"type":"side","time":300.41666666667,"angle":236.25},{"type":"side","time":300.41666666667,"angle":247.5},{"type":"side","time":300.41666666667,"angle":258.75},{"type":"side","time":300.41666666667,"angle":270},{"type":"side","time":301.16666666667,"angle":281.25},{"type":"side","time":301.16666666667,"angle":292.5},{"type":"side","time":301.16666666667,"angle":303.75},{"type":"side","time":301.16666666667,"angle":315},{"type":"side","time":301.16666666667,"angle":326.25},{"type":"side","time":301.16666666667,"angle":337.5},{"type":"side","time":301.16666666667,"angle":348.75},{"type":"side","time":301.16666666667,"angle":0},{"type":"side","time":301.16666666667,"angle":11.25},{"type":"side","time":301.16666666667,"angle":22.5},{"type":"side","time":301.16666666667,"angle":33.75},{"type":"side","time":301.16666666667,"angle":45},{"type":"side","time":301.16666666667,"angle":67.5},{"type":"side","time":301.16666666667,"angle":78.75},{"type":"side","time":301.16666666667,"angle":56.25},{"type":"side","time":301.16666666667,"angle":90},{"type":"side","time":301.16666666667,"angle":101.25},{"type":"side","time":301.16666666667,"angle":112.5},{"type":"side","time":301.16666666667,"angle":123.75},{"type":"side","time":301.16666666667,"angle":146.25},{"type":"side","time":301.16666666667,"angle":135},{"type":"side","time":301.16666666667,"angle":168.75},{"type":"side","time":301.16666666667,"angle":157.5},{"type":"side","time":301.16666666667,"angle":191.25},{"type":"side","time":301.16666666667,"angle":180},{"type":"side","time":301.16666666667,"angle":202.5},{"type":"side","time":301.16666666667,"angle":225},{"type":"side","time":301.16666666667,"angle":213.75},{"type":"side","time":301.16666666667,"angle":236.25},{"type":"side","time":301.16666666667,"angle":247.5},{"type":"side","time":301.16666666667,"angle":258.75},{"type":"side","time":301.16666666667,"angle":270},{"type":"extraTap","time":294.91666666667,"angle":123.75},{"type":"extraTap","time":297.29166666667,"angle":112.5},{"type":"extraTap","time":299.04166666667,"angle":146.25},{"type":"extraTap","time":300.16666666667,"angle":146.25},{"angle2":90,"type":"hold","time":303.08334350586,"duration":3.5,"angle":22.5},{"angle2":-112.5,"type":"hold","time":306.58334350586,"duration":1.3333334922791,"angle":90},{"type":"block","time":311.66665649414,"angle":180},{"type":"block","time":312.66665649414,"angle":135},{"angle2":-202.5,"type":"hold","time":314.5,"duration":2.3333334922791,"angle":157.5},{"angle2":382.5,"type":"mineHold","time":303.33334350586,"duration":3.0000002384186,"angle":315},{"angle2":-202.5,"type":"mineHold","time":315.16665649414,"duration":2.3333332538605,"angle":157.5},{"tap":true,"type":"side","time":319,"angle":225},{"tap":true,"type":"side","time":321,"angle":135},{"tap":true,"type":"side","time":323,"angle":225},{"tap":true,"type":"side","time":325,"angle":135},{"tap":true,"type":"side","time":327.5,"angle":225},{"tap":true,"type":"side","time":329,"angle":135},{"tap":true,"type":"side","time":332.5,"angle":225},{"tap":true,"type":"side","time":334.5,"angle":135},{"type":"side","time":337.5,"angle":225},{"type":"side","time":338,"angle":135},{"tap":true,"type":"side","time":338.5,"angle":225},{"tap":true,"type":"side","time":339,"angle":135},{"tap":true,"type":"side","time":338,"angle":135},{"tap":true,"type":"side","time":337.5,"angle":225},{"tap":true,"type":"side","time":336.5,"angle":135},{"tap":true,"type":"side","time":336,"angle":225},{"angle2":202.5,"type":"hold","time":339,"duration":3,"angle":202.5},{"angle2":180,"type":"hold","time":339,"duration":3,"angle":180},{"angle2":157.5,"type":"hold","time":339,"duration":3,"angle":157.5}]