{"events":[{"type":"play","file":"Ahhh.ogg","bpm":150,"volume":1,"time":0,"angle":360},{"bpm":150,"type":"setBPM","time":0,"angle":45},{"duration":2,"type":"paddles","newWidth":30,"paddle":0,"time":13.666666984558,"angle":22.5},{"duration":0,"type":"paddles","newWidth":70,"paddle":0,"time":15.833333015442,"angle":22.5},{"x":-50,"y":-1,"order":-999,"time":0,"angle":-112.5,"type":"deco","sprite":"sasa.png","id":"","drawLayer":"bg","recolor":-1},{"g":218,"order":-999,"color":3,"time":0,"angle":225,"b":253,"type":"setColor","r":0},{"x":0,"y":0,"order":-999,"time":161.5,"angle":360,"type":"deco","id":"","sprite":"sasa.png","drawLayer":"bg","recolor":2},{"g":0,"order":-999,"color":2,"time":161.5,"angle":22.5,"b":0,"type":"setColor","r":0},{"x":0,"y":0,"order":-999,"time":162.33332824707,"angle":360,"type":"deco","sprite":"sasa.png","drawLayer":"bg","id":"","recolor":-1},{"x":0,"y":0,"order":-999,"time":163,"angle":360,"type":"deco","sprite":"niga.jpg","drawLayer":"bg","id":"","recolor":2},{"g":0,"order":-999,"color":2,"time":163,"angle":22.5,"b":0,"type":"setColor","r":0},{"x":0,"y":0,"order":-999,"time":163.83332824707,"angle":360,"type":"deco","id":"","sprite":"sasa.png","drawLayer":"bg","recolor":-1},{"bpm":300,"type":"setBPM","time":166.5,"angle":292.5},{"bpm":300,"type":"setBPM","time":180.5,"angle":-472.5},{"time":221.125,"order":-999,"enabled":false,"type":"paddles","paddle":0,"duration":0,"angle":337.5},{"duration":0,"type":"paddles","newWidth":30,"paddle":0,"time":221.125,"angle":0},{"duration":0,"type":"paddles","newWidth":70,"paddle":0,"time":227.66667175293,"angle":360},{"time":227.66667175293,"order":-999,"enabled":false,"type":"paddles","paddle":0,"duration":0,"angle":22.5},{"time":295.04166666667,"order":-999,"enabled":false,"type":"paddles","paddle":0,"duration":0,"angle":337.5},{"duration":0,"type":"paddles","newWidth":30,"paddle":0,"time":295.04166666667,"angle":0},{"duration":0,"type":"paddles","newWidth":70,"paddle":0,"time":301.5833384196,"angle":360},{"time":301.5833384196,"order":-999,"enabled":false,"type":"paddles","paddle":0,"duration":0,"angle":22.5},{"drawLayer":"ontop","order":-999,"id":"","type":"deco","sprite":"niga.jpg","time":314.16665649414,"angle":157.5},{"x":0,"y":0,"time":339.83331298828,"angle":360,"drawLayer":"fg","type":"deco","id":"","sprite":"sasa.png","order":-999,"recolor":2},{"x":0,"y":0,"time":340.70831298828,"angle":360,"drawLayer":"ontop","type":"deco","id":"","sprite":"sasa.png","order":-999,"recolor":2},{"x":0,"y":0,"time":341.58331298828,"angle":360,"drawLayer":"fg","type":"deco","id":"","sprite":"niga.jpg","order":-999,"recolor":2},{"x":0,"y":0,"time":342.45831298828,"angle":360,"type":"deco","id":"","drawLayer":"fg","order":-999},{"x":0,"y":0,"time":343.5,"angle":360,"type":"deco","id":"","drawLayer":"fg","order":-999},{"order":0,"enabled":true,"angle":337.5,"newAngle":0,"type":"paddles","paddle":1,"duration":0,"time":221.125},{"order":0,"enabled":true,"angle":337.5,"newAngle":120,"type":"paddles","paddle":2,"duration":0,"time":221.125},{"order":0,"enabled":true,"angle":337.5,"newAngle":240,"type":"paddles","paddle":3,"duration":0,"time":221.125},{"order":0,"enabled":true,"angle":22.5,"newAngle":0,"type":"paddles","paddle":1,"duration":0,"time":227.66667175293},{"order":0,"enabled":true,"angle":337.5,"newAngle":0,"type":"paddles","paddle":1,"duration":0,"time":295.04166666667},{"order":0,"enabled":true,"angle":337.5,"newAngle":120,"type":"paddles","paddle":2,"duration":0,"time":295.04166666667},{"order":0,"enabled":true,"angle":337.5,"newAngle":240,"type":"paddles","paddle":3,"duration":0,"time":295.04166666667},{"order":0,"enabled":true,"angle":22.5,"newAngle":0,"type":"paddles","paddle":1,"duration":0,"time":301.5833384196},{"type":"showResults","time":345,"angle":0}],"metadata":{"description":"I love el tito franqui.","difficulty":33,"artist":"Siinamota","artistLink":"https://www.youtube.com/watch?v=AqI97zHMoQw","bgData":{"blueChannel":{"g":0,"b":255,"r":0},"image":"sasa.png","redChannel":{"g":0,"b":0,"r":255}},"bg":true,"charter":"BY Isma - Alon","songName":"Young Girl A"},"properties":{"startBeat":0,"formatversion":12,"offset":8,"speed":70}}