{"events":[{"file":"dziwka3.ogg","time":1.5,"angle":270,"bpm":94,"volume":1,"type":"play"},{"recolor":-1,"time":1.5,"sprite":"niebie.png","type":"deco","drawLayer":"bg","angle":292.5,"r":0,"id":"","x":0,"y":0},{"angle":337.5,"time":269,"type":"showResults"},{"time":178,"angle":247.5,"spriteName":"","type":"forcePlayerSprite"}],"metadata":{"bg":true,"bgData":{"blueChannel":{"r":177,"g":45,"b":45},"redChannel":{"r":255,"g":0,"b":0},"image":"niga1.png","greenChannel":{"r":241,"g":90,"b":90},"yellowChannel":{"r":172,"g":191,"b":26},"magentaChannel":{"r":24,"g":34,"b":232},"cyanChannel":{"r":21,"g":230,"b":45}},"artistLink":"","difficulty":1,"artist":"Japko","charter":"Charter","description":"Gucio was beating his horse to his pet named chinchil when hole from underground open wide and hades came from it and took erenos life.\n","songName":"Gucio in Hades"},"properties":{"offset":8,"formatversion":13,"speed":70}}