[{"angle":225,"time":1.5,"type":"block"},{"angle":247.5,"time":1.5,"type":"block"},{"angle":270,"time":2,"type":"block"},{"angle":258.75,"time":2,"type":"block"},{"angle":247.5,"time":2,"type":"block"},{"angle":236.25,"time":2,"type":"block"},{"angle":281.25,"time":2.5,"type":"block"},{"angle":258.75,"time":2.5,"type":"block"},{"angle":270,"time":2.5,"type":"block"},{"angle":247.5,"time":2.5,"type":"block"},{"angle":247.5,"time":1.3333333730698,"type":"inverse"},{"angle":225,"time":1.3333333730698,"type":"inverse"},{"angle":270,"time":1.6666666269302,"type":"inverse"},{"angle":258.75,"time":1.6666666269302,"type":"inverse"},{"angle":247.5,"time":1.6666666269302,"type":"inverse"},{"angle":236.25,"time":1.6666666269302,"type":"inverse"},{"angle":281.25,"time":2.3333332538605,"type":"inverse"},{"angle":270,"time":2.3333332538605,"type":"inverse"},{"angle":258.75,"time":2.3333332538605,"type":"inverse"},{"angle":247.5,"time":2.3333332538605,"type":"inverse"},{"duration":1,"angle":281.25,"angle2":247.5,"time":2.3333332538605,"type":"hold"},{"time":3.3333332538605,"angle":247.5,"angle2":247.5,"duration":1,"type":"hold"},{"angle":213.75,"time":2,"type":"extraTap"},{"angle":213.75,"time":3.3333332538605,"type":"extraTap"},{"angle":225,"time":4.6666665077209,"type":"extraTap"},{"angle":180,"time":6,"type":"extraTap"},{"angle":180,"time":6.3333334922791,"type":"extraTap"},{"angle":180,"time":6.6666665077209,"type":"extraTap"},{"angle":180,"time":7,"type":"extraTap"},{"angle":180,"time":7.3333334922791,"type":"extraTap"},{"angle":180,"time":7.6666665077209,"type":"extraTap"},{"angle":180,"time":8,"type":"extraTap"},{"angle":180,"time":8.3333330154419,"type":"extraTap"},{"angle":180,"time":8.6666669845581,"type":"extraTap"},{"angle":180,"time":9,"type":"extraTap"},{"angle":180,"time":9.3333330154419,"type":"extraTap"},{"angle":180,"time":9.6666669845581,"type":"extraTap"},{"angle":180,"time":10,"type":"extraTap"},{"angle":180,"time":16,"type":"extraTap"},{"angle":180,"time":15.333333015442,"type":"extraTap"},{"angle":180,"time":14.666666984558,"type":"extraTap"},{"angle":180,"time":14,"type":"extraTap"},{"angle":180,"time":13.333333015442,"type":"extraTap"},{"angle":180,"time":12.666666984558,"type":"extraTap"},{"angle":180,"time":12,"type":"extraTap"},{"angle":180,"time":11.333333015442,"type":"extraTap"},{"angle":180,"time":10.666666984558,"type":"extraTap"},{"duration":1,"angle":247.5,"angle2":180,"time":17,"type":"hold"},{"duration":1,"angle":168.75,"angle2":180,"time":19.333333969116,"type":"hold"},{"angle":191.25,"time":18.666666030884,"type":"extraTap"},{"angle":191.25,"time":21.333333969116,"type":"mine"},{"angle":180,"time":21.333333969116,"type":"mine"},{"angle":168.75,"time":21.333333969116,"type":"mine"},{"angle":157.5,"time":21.333333969116,"type":"mine"},{"angle":146.25,"time":21.333333969116,"type":"mine"},{"angle":135,"time":21.333333969116,"type":"mine"},{"angle":123.75,"time":21.333333969116,"type":"mine"},{"angle":112.5,"time":21.333333969116,"type":"mine"},{"angle":101.25,"time":21.333333969116,"type":"mine"},{"angle":202.5,"time":21.333333969116,"type":"mine"},{"angle":213.75,"time":21.333333969116,"type":"mine"},{"angle":225,"time":21.333333969116,"type":"mine"},{"angle":236.25,"time":21.333333969116,"type":"mine"},{"angle":247.5,"time":21.333333969116,"type":"mine"},{"angle":258.75,"time":21.333333969116,"type":"mine"},{"angle":90,"time":21.333333969116,"type":"mine"},{"angle":78.75,"time":21.333333969116,"type":"mine"},{"angle":67.5,"time":21.333333969116,"type":"mine"},{"angle":56.25,"time":21.333333969116,"type":"mine"},{"angle":45,"time":21.333333969116,"type":"mine"},{"angle":33.75,"time":21.333333969116,"type":"mine"},{"angle":22.5,"time":21.333333969116,"type":"mine"},{"angle":157.5,"time":20.666666030884,"type":"mine"},{"angle":135,"time":20.666666030884,"type":"mine"},{"angle":146.25,"time":20.666666030884,"type":"mine"},{"angle":123.75,"time":20.666666030884,"type":"mine"},{"angle":112.5,"time":20.666666030884,"type":"mine"},{"angle":101.25,"time":20.666666030884,"type":"mine"},{"angle":90,"time":20.666666030884,"type":"mine"},{"angle":78.75,"time":20.666666030884,"type":"mine"},{"angle":67.5,"time":20.666666030884,"type":"mine"},{"angle":45,"time":20.666666030884,"type":"mine"},{"angle":56.25,"time":20.666666030884,"type":"mine"},{"angle":33.75,"time":20.666666030884,"type":"mine"},{"angle":22.5,"time":20.666666030884,"type":"mine"},{"angle":11.25,"time":20.666666030884,"type":"mine"},{"angle":0,"time":20.666666030884,"type":"mine"},{"angle":348.75,"time":20.666666030884,"type":"mine"},{"angle":337.5,"time":20.666666030884,"type":"mine"},{"angle":326.25,"time":20.666666030884,"type":"mine"},{"angle":303.75,"time":20.666666030884,"type":"mine"},{"angle":315,"time":20.666666030884,"type":"mine"},{"angle":292.5,"time":20.666666030884,"type":"mine"},{"angle":281.25,"time":20.666666030884,"type":"mine"},{"angle":247.5,"time":20.666666030884,"type":"inverse"},{"angle":236.25,"time":20.666666030884,"type":"inverse"},{"angle":225,"time":20.666666030884,"type":"inverse"},{"angle":213.75,"time":20.666666030884,"type":"inverse"},{"angle":202.5,"time":20.666666030884,"type":"inverse"},{"angle":191.25,"time":20.666666030884,"type":"inverse"},{"angle":292.5,"time":21.333333969116,"type":"inverse"},{"angle":303.75,"time":21.333333969116,"type":"inverse"},{"angle":315,"time":21.333333969116,"type":"inverse"},{"angle":326.25,"time":21.333333969116,"type":"inverse"},{"angle":337.5,"time":21.333333969116,"type":"inverse"},{"angle":348.75,"time":21.333333969116,"type":"inverse"},{"angle":278.18182373047,"time":20.666666030884,"type":"extraTap"},{"angle":289.09091186523,"time":21.333333969116,"type":"extraTap"},{"angle":292.5,"time":22,"type":"block"},{"angle":303.75,"time":22,"type":"block"},{"angle":45,"time":22.333333969116,"type":"block"},{"angle":56.25,"time":22.333333969116,"type":"block"},{"angle":123.75,"time":22.666666030884,"type":"block"},{"angle":135,"time":22.666666030884,"type":"block"},{"angle":168.75,"time":23,"type":"block"},{"angle":180,"time":23,"type":"block"},{"angle":213.75,"time":23.666666030884,"type":"block"},{"angle":225,"time":23.666666030884,"type":"block"},{"angle":258.75,"time":24.333333969116,"type":"block"},{"angle":270,"time":24.333333969116,"type":"block"},{"angle":292.5,"time":25.333333969116,"type":"block"},{"angle":303.75,"time":25.333333969116,"type":"block"},{"angle":292.5,"time":25,"type":"inverse"},{"angle":303.75,"time":25,"type":"inverse"},{"angle":292.5,"time":27.333333969116,"type":"inverse"},{"angle":281.25,"time":27.333333969116,"type":"inverse"},{"angle":292.5,"time":27.666666030884,"type":"inverse"},{"angle":281.25,"time":27.666666030884,"type":"inverse"},{"angle":292.5,"time":28,"type":"inverse"},{"angle":281.25,"time":28.666666030884,"type":"inverse"},{"angle":292.5,"time":28.666666030884,"type":"inverse"},{"angle":281.25,"time":31,"type":"inverse"},{"angle":292.5,"time":31,"type":"inverse"},{"angle":281.25,"time":31.333333969116,"type":"inverse"},{"angle":292.5,"time":31.333333969116,"type":"inverse"},{"angle":281.25,"time":31.666666030884,"type":"inverse"},{"angle":292.5,"time":31.666666030884,"type":"inverse"},{"angle":270,"time":32.333332061768,"type":"extraTap"},{"angle":270,"time":33.333332061768,"type":"extraTap"},{"angle":258.75,"time":32.333332061768,"type":"block"},{"angle":281.25,"time":32.333332061768,"type":"block"},{"angle":258.75,"time":33.333332061768,"type":"block"},{"angle":281.25,"time":33.333332061768,"type":"block"},{"angle":202.5,"time":33.666667938232,"type":"block"},{"angle":180,"time":33.666667938232,"type":"block"},{"angle":191.25,"time":33.666667938232,"type":"block"},{"angle":123.75,"time":34,"type":"block"},{"angle":112.5,"time":34,"type":"block"},{"angle":101.25,"time":34,"type":"block"},{"angle":112.5,"time":35.333332061768,"type":"block"},{"angle":90,"time":35.333332061768,"type":"block"},{"angle":101.25,"time":35.333332061768,"type":"block"},{"angle":326.25,"time":36,"type":"mine"},{"angle":360,"time":36,"type":"mine"},{"angle":33.75,"time":36,"type":"mine"},{"duration":1,"angle":191.25,"speedMult":2,"angle2":652.5,"time":38.666667938232,"type":"hold"},{"duration":1,"speedMult":2,"type":"hold","startTap":true,"endTap":true,"angle":303.75,"angle2":33.75,"time":40},{"duration":1,"angle":33.75,"angle2":596.25,"speedMult":2,"time":41.333332061768,"type":"hold"},{"angle":22.5,"time":26.333333969116,"type":"block"},{"angle":33.75,"time":26.333333969116,"type":"block"},{"angle":90,"time":26.666666030884,"type":"block"},{"angle":78.75,"time":26.666666030884,"type":"block"},{"angle":281.25,"time":27,"type":"block"},{"angle":292.5,"time":27,"type":"block"},{"angle":281.25,"time":30.333333969116,"type":"block"},{"angle":292.5,"time":30.333333969116,"type":"block"},{"angle":292.5,"time":30,"type":"block"},{"angle":281.25,"time":30,"type":"block"},{"time":38.666667938232,"angle":180,"speedMult":2,"type":"extraTap"},{"time":39.666667938232,"angle":303.75,"speedMult":2,"type":"extraTap"},{"time":40,"angle":315,"speedMult":2,"type":"extraTap"},{"time":41,"angle":22.5,"speedMult":2,"type":"extraTap"},{"time":41.333332061768,"angle":22.5,"speedMult":2,"type":"extraTap"},{"time":42.333332061768,"angle":247.5,"speedMult":2,"type":"extraTap"},{"time":42.666667938232,"angle":236.25,"duration":1,"speedMult":2,"angle2":573.75,"type":"hold"},{"time":43.666667938232,"angle":225,"speedMult":2,"type":"extraTap"},{"duration":1,"speedMult":2,"type":"hold","startTap":true,"endTap":true,"angle":213.75,"angle2":-247.5,"time":44},{"angle":247.5,"time":4.6666665077209,"type":"block"},{"angle":270,"time":6,"type":"block"},{"angle":146.25,"time":6.6666665077209,"type":"block"},{"angle":213.75,"time":7,"type":"block"},{"angle":157.5,"time":7.3333334922791,"type":"block"},{"angle":213.75,"time":7.6666665077209,"type":"block"},{"angle":213.75,"time":8.3333330154419,"type":"block"},{"angle":213.75,"time":9,"type":"block"},{"angle":213.75,"time":9.6666669845581,"type":"block"},{"angle":213.75,"time":10.666666984558,"type":"block"},{"angle":213.75,"time":12,"type":"block"},{"angle":213.75,"time":13.333333015442,"type":"block"},{"angle":213.75,"time":14.666666984558,"type":"block"},{"angle":146.25,"time":12.666666984558,"type":"block"},{"angle":146.25,"time":11.333333015442,"type":"block"},{"angle":146.25,"time":10,"type":"block"},{"angle":146.25,"time":9.3333330154419,"type":"block"},{"angle":146.25,"time":8.6666669845581,"type":"block"},{"duration":1,"angle":112.5,"angle2":472.5,"speedMult":2,"time":45.666667938232,"type":"hold"},{"time":47,"angle":112.5,"duration":1,"speedMult":2,"angle2":-281.25,"type":"hold"},{"duration":1,"angle":78.75,"angle2":135,"speedMult":2,"time":48.333332061768,"type":"hold"},{"time":49.666667938232,"angle":135,"duration":0.3333332836628,"speedMult":2,"angle2":135,"type":"hold"},{"duration":1,"angle":135,"speedMult":2,"angle2":540,"time":50.333332061768,"type":"hold"},{"duration":0.66666668653488,"angle":180,"speedMult":2,"angle2":-168.75,"time":52,"type":"hold"},{"spinEase":"linear","duration":1,"angle":180,"time":53.333332061768,"speedMult":2,"angle2":506.25,"type":"hold"},{"duration":1,"speedMult":2,"type":"hold","startTap":true,"endTap":true,"angle":180,"angle2":180,"time":54.666667938232},{"duration":1,"speedMult":2,"type":"hold","startTap":true,"endTap":true,"angle":168.75,"angle2":168.75,"time":54.666667938232},{"time":56.333332061768,"angle":180,"speedMult":4,"type":"block"},{"time":56.666667938232,"angle":168.75,"speedMult":4,"type":"block"},{"time":57,"angle":157.5,"speedMult":4,"type":"block"},{"time":57.333332061768,"angle":146.25,"speedMult":4,"type":"block"},{"time":57.666667938232,"angle":135,"speedMult":4,"type":"block"},{"time":58,"angle":123.75,"speedMult":4,"type":"block"},{"time":56,"angle":247.5,"speedMult":6,"type":"mine"},{"time":56,"angle":270,"speedMult":6,"type":"mine"},{"time":56,"angle":292.5,"speedMult":6,"type":"mine"},{"time":56,"angle":315,"speedMult":6,"type":"mine"},{"time":56,"angle":337.5,"speedMult":6,"type":"mine"},{"time":56,"angle":360,"speedMult":6,"type":"mine"},{"time":56,"angle":22.5,"speedMult":6,"type":"mine"},{"time":58.666667938232,"angle":123.75,"speedMult":4,"type":"block"},{"time":58.666667938232,"angle":135,"speedMult":4,"type":"block"},{"time":58.666667938232,"angle":112.5,"speedMult":4,"type":"block"},{"time":58.666667938232,"angle":146.25,"speedMult":4,"type":"block"},{"time":59,"angle":67.5,"speedMult":4,"type":"block"},{"time":59,"angle":56.25,"speedMult":4,"type":"block"},{"time":59,"angle":45,"speedMult":4,"type":"block"},{"time":59,"angle":33.75,"speedMult":4,"type":"block"},{"time":59.333332061768,"angle":281.25,"speedMult":4,"type":"block"},{"time":59.333332061768,"angle":270,"speedMult":4,"type":"block"},{"time":59.333332061768,"angle":258.75,"speedMult":4,"type":"block"},{"time":59.333332061768,"angle":247.5,"speedMult":4,"type":"block"},{"time":59.666667938232,"angle":168.75,"speedMult":4,"type":"block"},{"time":59.666667938232,"angle":157.5,"speedMult":4,"type":"block"},{"time":59.666667938232,"angle":146.25,"speedMult":4,"type":"block"},{"time":59.666667938232,"angle":135,"speedMult":4,"type":"block"},{"time":60,"angle":292.5,"speedMult":4,"type":"block"},{"time":60,"angle":303.75,"speedMult":4,"type":"block"},{"time":60,"angle":315,"speedMult":4,"type":"block"},{"time":60,"angle":326.25,"speedMult":4,"type":"block"},{"time":60.333332061768,"angle":11.25,"speedMult":4,"type":"block"},{"time":60.333332061768,"angle":22.5,"speedMult":4,"type":"block"},{"time":60.333332061768,"angle":33.75,"speedMult":4,"type":"block"},{"time":60.333332061768,"angle":45,"speedMult":4,"type":"block"},{"time":60.666667938232,"angle":236.25,"speedMult":4,"type":"block"},{"time":60.666667938232,"angle":247.5,"speedMult":4,"type":"block"},{"time":60.666667938232,"angle":270,"speedMult":4,"type":"block"},{"time":61,"angle":180,"speedMult":4,"type":"block"},{"time":61,"angle":168.75,"speedMult":4,"type":"block"},{"time":61,"angle":157.5,"speedMult":4,"type":"block"},{"time":61,"angle":146.25,"speedMult":4,"type":"block"},{"time":60.666667938232,"angle":258.75,"speedMult":4,"type":"block"},{"time":61.333334604899,"angle":405,"speedMult":4,"type":"block"},{"time":61.333334604899,"angle":416.25,"speedMult":4,"type":"block"},{"time":61.333334604899,"angle":438.75,"speedMult":4,"type":"block"},{"time":61.666666666667,"angle":348.75,"speedMult":4,"type":"block"},{"time":61.666666666667,"angle":337.5,"speedMult":4,"type":"block"},{"time":61.666666666667,"angle":326.25,"speedMult":4,"type":"block"},{"time":61.666666666667,"angle":315,"speedMult":4,"type":"block"},{"time":61.333334604899,"angle":427.5,"speedMult":4,"type":"block"},{"time":62.000001271566,"angle":225,"speedMult":4,"type":"block"},{"time":62.000001271566,"angle":236.25,"speedMult":4,"type":"block"},{"time":62.000001271566,"angle":258.75,"speedMult":4,"type":"block"},{"time":62.333333333333,"angle":168.75,"speedMult":4,"type":"block"},{"time":62.333333333333,"angle":157.5,"speedMult":4,"type":"block"},{"time":62.333333333333,"angle":146.25,"speedMult":4,"type":"block"},{"time":62.333333333333,"angle":135,"speedMult":4,"type":"block"},{"time":62.000001271566,"angle":247.5,"speedMult":4,"type":"block"},{"tap":true,"time":77,"angle":157.5,"speedMult":3,"type":"block"},{"tap":true,"time":77.25,"angle":157.5,"speedMult":3,"type":"block"},{"tap":true,"time":77.5,"angle":157.5,"speedMult":3,"type":"block"},{"tap":true,"time":77.75,"angle":157.5,"speedMult":3,"type":"block"},{"tap":true,"time":78,"angle":157.5,"speedMult":3,"type":"block"},{"tap":true,"time":78.25,"angle":157.5,"speedMult":3,"type":"block"},{"time":62.833334604899,"angle":281.25,"speedMult":4,"type":"block"},{"time":62.833334604899,"angle":292.5,"speedMult":4,"type":"block"},{"time":62.833334604899,"angle":315,"speedMult":4,"type":"block"},{"time":63.166666666667,"angle":225,"speedMult":4,"type":"block"},{"time":63.166666666667,"angle":213.75,"speedMult":4,"type":"block"},{"time":63.166666666667,"angle":202.5,"speedMult":4,"type":"block"},{"time":63.166666666667,"angle":191.25,"speedMult":4,"type":"block"},{"time":62.833334604899,"angle":303.75,"speedMult":4,"type":"block"},{"time":63.833334604899,"angle":101.25,"speedMult":4,"type":"block"},{"time":63.833334604899,"angle":112.5,"speedMult":4,"type":"block"},{"time":63.833334604899,"angle":135,"speedMult":4,"type":"block"},{"time":64.166666666667,"angle":45,"speedMult":4,"type":"block"},{"time":64.166666666667,"angle":33.75,"speedMult":4,"type":"block"},{"time":64.166666666667,"angle":22.5,"speedMult":4,"type":"block"},{"time":64.166666666667,"angle":11.25,"speedMult":4,"type":"block"},{"time":63.833334604899,"angle":123.75,"speedMult":4,"type":"block"},{"time":64.666667938232,"angle":303.75,"speedMult":4,"type":"block"},{"time":64.666667938232,"angle":315,"speedMult":4,"type":"block"},{"time":64.666667938232,"angle":337.5,"speedMult":4,"type":"block"},{"time":65,"angle":247.5,"speedMult":4,"type":"block"},{"time":65,"angle":236.25,"speedMult":4,"type":"block"},{"time":65,"angle":225,"speedMult":4,"type":"block"},{"time":65,"angle":213.75,"speedMult":4,"type":"block"},{"time":64.666667938232,"angle":326.25,"speedMult":4,"type":"block"},{"time":65.666667938232,"angle":135,"speedMult":4,"type":"block"},{"time":65.666667938232,"angle":146.25,"speedMult":4,"type":"block"},{"time":65.666667938232,"angle":168.75,"speedMult":4,"type":"block"},{"time":66,"angle":78.75,"speedMult":4,"type":"block"},{"time":66,"angle":67.5,"speedMult":4,"type":"block"},{"time":66,"angle":56.25,"speedMult":4,"type":"block"},{"time":66,"angle":45,"speedMult":4,"type":"block"},{"time":65.666667938232,"angle":157.5,"speedMult":4,"type":"block"},{"time":66.666667938232,"angle":292.5,"speedMult":4,"type":"block"},{"time":66.666667938232,"angle":303.75,"speedMult":4,"type":"block"},{"time":66.666667938232,"angle":326.25,"speedMult":4,"type":"block"},{"time":67,"angle":236.25,"speedMult":4,"type":"block"},{"time":67,"angle":225,"speedMult":4,"type":"block"},{"time":67,"angle":213.75,"speedMult":4,"type":"block"},{"time":67,"angle":202.5,"speedMult":4,"type":"block"},{"time":66.666667938232,"angle":315,"speedMult":4,"type":"block"},{"time":67.666667938232,"angle":101.25,"speedMult":4,"type":"block"},{"time":67.666667938232,"angle":112.5,"speedMult":4,"type":"block"},{"time":67.666667938232,"angle":135,"speedMult":4,"type":"block"},{"time":68,"angle":45,"speedMult":4,"type":"block"},{"time":68,"angle":33.75,"speedMult":4,"type":"block"},{"time":68,"angle":22.5,"speedMult":4,"type":"block"},{"time":68,"angle":11.25,"speedMult":4,"type":"block"},{"time":67.666667938232,"angle":123.75,"speedMult":4,"type":"block"},{"time":68.666667938232,"angle":-438.75,"speedMult":4,"type":"block"},{"time":68.666667938232,"angle":-450,"speedMult":4,"type":"block"},{"time":68.666667938232,"angle":-472.5,"speedMult":4,"type":"block"},{"time":69,"angle":-382.5,"speedMult":4,"type":"block"},{"time":69,"angle":-371.25,"speedMult":4,"type":"block"},{"time":69,"angle":-360,"speedMult":4,"type":"block"},{"time":69,"angle":-348.75,"speedMult":4,"type":"block"},{"time":68.666667938232,"angle":-461.25,"speedMult":4,"type":"block"},{"time":69.666667938232,"angle":236.25,"speedMult":4,"type":"block"},{"time":69.666667938232,"angle":247.5,"speedMult":4,"type":"block"},{"time":69.666667938232,"angle":270,"speedMult":4,"type":"block"},{"time":70,"angle":180,"speedMult":4,"type":"block"},{"time":70,"angle":168.75,"speedMult":4,"type":"block"},{"time":70,"angle":157.5,"speedMult":4,"type":"block"},{"time":70,"angle":146.25,"speedMult":4,"type":"block"},{"time":69.666667938232,"angle":258.75,"speedMult":4,"type":"block"},{"time":70.666667938232,"angle":-303.75,"speedMult":4,"type":"block"},{"time":70.666667938232,"angle":-315,"speedMult":4,"type":"block"},{"time":70.666667938232,"angle":-337.5,"speedMult":4,"type":"block"},{"time":71,"angle":-247.5,"speedMult":4,"type":"block"},{"time":71,"angle":-236.25,"speedMult":4,"type":"block"},{"time":71,"angle":-225,"speedMult":4,"type":"block"},{"time":71,"angle":-213.75,"speedMult":4,"type":"block"},{"time":70.666667938232,"angle":-326.25,"speedMult":4,"type":"block"},{"time":71.666667938232,"angle":236.25,"speedMult":4,"type":"block"},{"time":71.666667938232,"angle":247.5,"speedMult":4,"type":"block"},{"time":71.666667938232,"angle":270,"speedMult":4,"type":"block"},{"time":72,"angle":180,"speedMult":4,"type":"block"},{"time":72,"angle":168.75,"speedMult":4,"type":"block"},{"time":72,"angle":157.5,"speedMult":4,"type":"block"},{"time":72,"angle":146.25,"speedMult":4,"type":"block"},{"time":71.666667938232,"angle":258.75,"speedMult":4,"type":"block"},{"time":72.666667938232,"angle":-416.25,"speedMult":4,"type":"block"},{"time":72.666667938232,"angle":-427.5,"speedMult":4,"type":"block"},{"time":72.666667938232,"angle":-450,"speedMult":4,"type":"block"},{"time":73,"angle":-360,"speedMult":4,"type":"block"},{"time":73,"angle":-348.75,"speedMult":4,"type":"block"},{"time":73,"angle":-337.5,"speedMult":4,"type":"block"},{"time":73,"angle":-326.25,"speedMult":4,"type":"block"},{"time":72.666667938232,"angle":-438.75,"speedMult":4,"type":"block"},{"time":73.666667938232,"angle":236.25,"speedMult":4,"type":"block"},{"time":73.666667938232,"angle":247.5,"speedMult":4,"type":"block"},{"time":73.666667938232,"angle":270,"speedMult":4,"type":"block"},{"time":74,"angle":180,"speedMult":4,"type":"block"},{"time":74,"angle":168.75,"speedMult":4,"type":"block"},{"time":74,"angle":157.5,"speedMult":4,"type":"block"},{"time":74,"angle":146.25,"speedMult":4,"type":"block"},{"time":73.666667938232,"angle":258.75,"speedMult":4,"type":"block"},{"time":74.666667938232,"angle":-236.25,"speedMult":4,"type":"block"},{"time":74.666667938232,"angle":-247.5,"speedMult":4,"type":"block"},{"time":74.666667938232,"angle":-270,"speedMult":4,"type":"block"},{"time":75,"angle":-180,"speedMult":4,"type":"block"},{"time":75,"angle":-168.75,"speedMult":4,"type":"block"},{"time":75,"angle":-157.5,"speedMult":4,"type":"block"},{"time":75,"angle":-146.25,"speedMult":4,"type":"block"},{"time":74.666667938232,"angle":-258.75,"speedMult":4,"type":"block"},{"time":75.666667938232,"angle":236.25,"speedMult":4,"type":"block"},{"time":75.666667938232,"angle":247.5,"speedMult":4,"type":"block"},{"time":75.666667938232,"angle":270,"speedMult":4,"type":"block"},{"time":76,"angle":180,"speedMult":4,"type":"block"},{"time":76,"angle":168.75,"speedMult":4,"type":"block"},{"time":76,"angle":157.5,"speedMult":4,"type":"block"},{"time":76,"angle":146.25,"speedMult":4,"type":"block"},{"time":75.666667938232,"angle":258.75,"speedMult":4,"type":"block"},{"duration":1,"angle":157.5,"speedMult":4,"angle2":-202.5,"time":79,"type":"hold"},{"duration":1,"angle":157.5,"speedMult":4,"angle2":517.5,"time":80.666664123535,"type":"hold"},{"time":79,"angle":168.75,"speedMult":4,"type":"extraTap"},{"time":80,"angle":146.25,"speedMult":4,"type":"extraTap"},{"time":80.666664123535,"angle":146.25,"speedMult":4,"type":"extraTap"},{"time":81.666664123535,"angle":168.75,"speedMult":4,"type":"extraTap"},{"time":88.333335876465,"angle":146.25,"speedMult":4,"type":"block"},{"time":88.666664123535,"angle":135,"speedMult":4,"type":"block"},{"time":89,"angle":123.75,"speedMult":4,"type":"block"},{"time":89.333335876465,"angle":112.5,"speedMult":4,"type":"block"},{"time":89.666664123535,"angle":101.25,"speedMult":4,"type":"block"},{"time":90,"angle":90,"speedMult":4,"type":"block"},{"time":90.333335876465,"angle":78.75,"speedMult":4,"type":"block"},{"time":90.666664123535,"angle":67.5,"speedMult":4,"type":"block"},{"time":91,"angle":56.25,"speedMult":4,"type":"block"},{"time":91.333335876465,"angle":45,"speedMult":4,"type":"block"},{"time":82.333335876465,"angle":157.5,"duration":1,"speedMult":4,"angle2":-348.75,"type":"hold"},{"time":84,"angle":348.75,"speedMult":4,"type":"inverse"},{"time":84,"angle":360,"speedMult":4,"type":"inverse"},{"time":84.666664123535,"angle":348.75,"speedMult":4,"type":"inverse"},{"time":84.666664123535,"angle":360,"speedMult":4,"type":"inverse"},{"time":85.333335876465,"angle":360,"speedMult":4,"type":"inverse"},{"time":85.333335876465,"angle":11.25,"speedMult":4,"type":"inverse"},{"spinEase":"linear","time":86,"angle":11.25,"angle2":-213.75,"speedMult":6,"duration":1.6666667461395,"type":"hold"},{"tap":true,"time":89.833335876465,"angle":95.625,"speedMult":4,"type":"block"},{"tap":true,"time":89.833335876465,"angle":101.25,"speedMult":4,"type":"block"},{"angle":11.25,"time":92,"type":"block"},{"angle":11.25,"time":92.333335876465,"type":"block"},{"angle":11.25,"time":92.666664123535,"type":"block"},{"angle":11.25,"time":93,"type":"block"},{"angle":11.25,"time":93.333335876465,"type":"block"},{"angle":11.25,"time":93.666664123535,"type":"block"},{"angle":348.75,"time":100.66666412354,"type":"block"},{"angle":337.5,"time":101.33333587646,"type":"block"},{"angle":348.75,"time":101.33333587646,"type":"block"},{"angle":337.5,"time":102,"type":"block"},{"angle":348.75,"time":102,"type":"block"},{"angle":168.75,"time":109.66666412354,"type":"block"},{"angle":157.5,"time":109.66666412354,"type":"block"},{"angle":303.75,"time":117,"type":"block"},{"angle":326.25,"time":117,"type":"block"},{"angle":191.25,"time":121.66666412354,"type":"block"},{"angle":180,"time":121.66666412354,"type":"block"},{"angle":168.75,"time":121.66666412354,"type":"block"},{"angle":157.5,"time":121.66666412354,"type":"block"},{"angle":326.25,"time":125,"type":"block"},{"angle":22.5,"time":125,"type":"block"},{"angle":168.75,"time":129.33332824707,"type":"block"},{"angle":157.5,"time":129.33332824707,"type":"block"},{"angle":146.25,"time":129.33332824707,"type":"block"},{"angle":213.75,"time":134,"type":"block"},{"angle":202.5,"time":134,"type":"block"},{"angle":191.25,"time":134,"type":"block"},{"angle":33.75,"time":137.66667175293,"type":"block"},{"angle":45,"time":137.66667175293,"type":"block"},{"angle":56.25,"time":137.66667175293,"type":"block"},{"angle":270,"time":142.66667175293,"type":"block"},{"angle":258.75,"time":142.66667175293,"type":"block"},{"angle":247.5,"time":142.66667175293,"type":"block"},{"angle":90,"time":147.33332824707,"type":"extraTap"},{"angle":90,"time":149.33332824707,"type":"extraTap"},{"angle":90,"time":151.33332824707,"type":"extraTap"},{"angle":90,"time":153.66667175293,"type":"extraTap"},{"time":162,"angle":180,"speedMult":6,"type":"block"},{"time":162,"angle":168.75,"speedMult":6,"type":"block"},{"time":162,"angle":157.5,"speedMult":6,"type":"block"},{"time":171,"angle":168.75,"speedMult":6,"type":"block"},{"time":171,"angle":157.5,"speedMult":6,"type":"block"},{"time":171,"angle":146.25,"speedMult":6,"type":"block"},{"time":173.33332824707,"angle":168.75,"speedMult":6,"type":"block"},{"time":173.33332824707,"angle":157.5,"speedMult":6,"type":"block"},{"time":173.33332824707,"angle":146.25,"speedMult":6,"type":"block"},{"time":175,"angle":168.75,"speedMult":6,"type":"block"},{"time":175,"angle":157.5,"speedMult":6,"type":"block"},{"time":175,"angle":146.25,"speedMult":6,"type":"block"},{"time":177,"angle":168.75,"speedMult":6,"type":"block"},{"time":177,"angle":157.5,"speedMult":6,"type":"block"},{"time":177,"angle":146.25,"speedMult":6,"type":"block"},{"time":179,"angle":168.75,"speedMult":6,"type":"block"},{"time":179,"angle":157.5,"speedMult":6,"type":"block"},{"time":179,"angle":146.25,"speedMult":6,"type":"block"},{"time":180,"angle":157.5,"speedMult":6,"type":"block"},{"time":180.33332824707,"angle":157.5,"speedMult":6,"type":"block"},{"time":180.66667175293,"angle":157.5,"speedMult":6,"type":"block"},{"time":181,"angle":157.5,"speedMult":6,"type":"block"},{"time":181.33332824707,"angle":157.5,"speedMult":6,"type":"block"},{"time":183.33332824707,"angle":168.75,"speedMult":6,"type":"block"},{"time":183.66667175293,"angle":157.5,"speedMult":6,"type":"block"},{"time":184,"angle":146.25,"speedMult":6,"type":"block"},{"time":184.33332824707,"angle":135,"speedMult":6,"type":"block"},{"time":184.66667175293,"angle":123.75,"speedMult":6,"type":"block"},{"time":170.66667175293,"angle":157.5,"speedMult":6,"type":"block"},{"time":186.33332824707,"angle":168.75,"speedMult":6,"type":"block"},{"time":186.33332824707,"angle":157.5,"speedMult":6,"type":"block"},{"time":186.33332824707,"angle":146.25,"speedMult":6,"type":"block"},{"time":187,"angle":22.5,"speedMult":6,"type":"block"},{"time":187,"angle":33.75,"speedMult":6,"type":"block"},{"time":187,"angle":45,"speedMult":6,"type":"block"},{"time":187,"angle":56.25,"speedMult":6,"type":"block"},{"time":187.6666615804,"angle":168.75,"speedMult":6,"type":"block"},{"time":187.6666615804,"angle":157.5,"speedMult":6,"type":"block"},{"time":187.6666615804,"angle":135,"speedMult":6,"type":"block"},{"time":187.6666615804,"angle":146.25,"speedMult":6,"type":"block"},{"time":188.33333333333,"angle":22.5,"speedMult":6,"type":"block"},{"time":188.33333333333,"angle":33.75,"speedMult":6,"type":"block"},{"time":188.33333333333,"angle":45,"speedMult":6,"type":"block"},{"time":188.33333333333,"angle":56.25,"speedMult":6,"type":"block"},{"time":188.99999491374,"angle":-168.75,"speedMult":6,"type":"block"},{"time":188.99999491374,"angle":-157.5,"speedMult":6,"type":"block"},{"time":188.99999491374,"angle":-135,"speedMult":6,"type":"block"},{"time":188.99999491374,"angle":-146.25,"speedMult":6,"type":"block"},{"time":189.66666666667,"angle":-22.5,"speedMult":6,"type":"block"},{"time":189.66666666667,"angle":-33.75,"speedMult":6,"type":"block"},{"time":189.66666666667,"angle":-45,"speedMult":6,"type":"block"},{"time":189.66666666667,"angle":-56.25,"speedMult":6,"type":"block"},{"time":190.33332824707,"angle":168.75,"speedMult":6,"type":"block"},{"time":190.33332824707,"angle":157.5,"speedMult":6,"type":"block"},{"time":190.33332824707,"angle":135,"speedMult":6,"type":"block"},{"time":190.33332824707,"angle":146.25,"speedMult":6,"type":"block"},{"time":191,"angle":22.5,"speedMult":6,"type":"block"},{"time":191,"angle":33.75,"speedMult":6,"type":"block"},{"time":191,"angle":45,"speedMult":6,"type":"block"},{"time":191,"angle":56.25,"speedMult":6,"type":"block"},{"time":190,"angle":168.75,"speedMult":6,"type":"block"},{"time":190,"angle":157.5,"speedMult":6,"type":"block"},{"time":190,"angle":146.25,"speedMult":6,"type":"block"},{"time":190,"angle":135,"speedMult":6,"type":"block"},{"time":202,"angle":146.25,"speedMult":6,"type":"block"},{"time":191.6666615804,"angle":-168.75,"speedMult":6,"type":"block"},{"time":191.6666615804,"angle":-157.5,"speedMult":6,"type":"block"},{"time":191.6666615804,"angle":-135,"speedMult":6,"type":"block"},{"time":191.6666615804,"angle":-146.25,"speedMult":6,"type":"block"},{"time":192.33333333333,"angle":-22.5,"speedMult":6,"type":"block"},{"time":192.33333333333,"angle":-33.75,"speedMult":6,"type":"block"},{"time":192.33333333333,"angle":-45,"speedMult":6,"type":"block"},{"time":192.33333333333,"angle":-56.25,"speedMult":6,"type":"block"},{"time":192.99999491374,"angle":168.75,"speedMult":6,"type":"block"},{"time":192.99999491374,"angle":157.5,"speedMult":6,"type":"block"},{"time":192.99999491374,"angle":135,"speedMult":6,"type":"block"},{"time":192.99999491374,"angle":146.25,"speedMult":6,"type":"block"},{"time":193.66666666667,"angle":22.5,"speedMult":6,"type":"block"},{"time":193.66666666667,"angle":33.75,"speedMult":6,"type":"block"},{"time":193.66666666667,"angle":45,"speedMult":6,"type":"block"},{"time":193.66666666667,"angle":56.25,"speedMult":6,"type":"block"},{"time":194.33332824707,"angle":-168.75,"speedMult":6,"type":"block"},{"time":194.33332824707,"angle":-157.5,"speedMult":6,"type":"block"},{"time":194.33332824707,"angle":-135,"speedMult":6,"type":"block"},{"time":194.33332824707,"angle":-146.25,"speedMult":6,"type":"block"},{"time":195,"angle":-22.5,"speedMult":6,"type":"block"},{"time":195,"angle":-33.75,"speedMult":6,"type":"block"},{"time":195,"angle":-45,"speedMult":6,"type":"block"},{"time":195,"angle":-56.25,"speedMult":6,"type":"block"},{"time":195.6666615804,"angle":168.75,"speedMult":6,"type":"block"},{"time":195.6666615804,"angle":157.5,"speedMult":6,"type":"block"},{"time":195.6666615804,"angle":135,"speedMult":6,"type":"block"},{"time":195.6666615804,"angle":146.25,"speedMult":6,"type":"block"},{"time":196.33333333333,"angle":22.5,"speedMult":6,"type":"block"},{"time":196.33333333333,"angle":33.75,"speedMult":6,"type":"block"},{"time":196.33333333333,"angle":45,"speedMult":6,"type":"block"},{"time":196.33333333333,"angle":56.25,"speedMult":6,"type":"block"},{"time":196.99999491374,"angle":-168.75,"speedMult":6,"type":"block"},{"time":196.99999491374,"angle":-157.5,"speedMult":6,"type":"block"},{"time":196.99999491374,"angle":-135,"speedMult":6,"type":"block"},{"time":196.99999491374,"angle":-146.25,"speedMult":6,"type":"block"},{"time":197.66666666667,"angle":-22.5,"speedMult":6,"type":"block"},{"time":197.66666666667,"angle":-33.75,"speedMult":6,"type":"block"},{"time":197.66666666667,"angle":-45,"speedMult":6,"type":"block"},{"time":197.66666666667,"angle":-56.25,"speedMult":6,"type":"block"},{"time":198.33332824707,"angle":168.75,"speedMult":6,"type":"block"},{"time":198.33332824707,"angle":157.5,"speedMult":6,"type":"block"},{"time":198.33332824707,"angle":135,"speedMult":6,"type":"block"},{"time":198.33332824707,"angle":146.25,"speedMult":6,"type":"block"},{"time":199,"angle":22.5,"speedMult":6,"type":"block"},{"time":199,"angle":33.75,"speedMult":6,"type":"block"},{"time":199,"angle":45,"speedMult":6,"type":"block"},{"time":199,"angle":56.25,"speedMult":6,"type":"block"},{"time":198,"angle":168.75,"speedMult":6,"type":"block"},{"time":198,"angle":157.5,"speedMult":6,"type":"block"},{"time":198,"angle":146.25,"speedMult":6,"type":"block"},{"time":198,"angle":135,"speedMult":6,"type":"block"},{"time":199.6666615804,"angle":-168.75,"speedMult":6,"type":"block"},{"time":199.6666615804,"angle":-157.5,"speedMult":6,"type":"block"},{"time":199.6666615804,"angle":-135,"speedMult":6,"type":"block"},{"time":199.6666615804,"angle":-146.25,"speedMult":6,"type":"block"},{"time":200.33333333333,"angle":-22.5,"speedMult":6,"type":"block"},{"time":200.33333333333,"angle":-33.75,"speedMult":6,"type":"block"},{"time":200.33333333333,"angle":-45,"speedMult":6,"type":"block"},{"time":200.33333333333,"angle":-56.25,"speedMult":6,"type":"block"},{"time":200.99999491374,"angle":168.75,"speedMult":6,"type":"block"},{"time":200.99999491374,"angle":157.5,"speedMult":6,"type":"block"},{"time":201,"angle":135,"speedMult":6,"type":"block"},{"time":201,"angle":146.25,"speedMult":6,"type":"block"},{"time":201.66666666667,"angle":22.5,"speedMult":6,"type":"block"},{"time":201.66666666667,"angle":33.75,"speedMult":6,"type":"block"},{"time":201.66666666667,"angle":45,"speedMult":6,"type":"block"},{"time":201.66667175293,"angle":56.25,"speedMult":6,"type":"block"},{"time":198,"angle":123.75,"speedMult":6,"type":"extraTap"},{"time":198.33332824707,"angle":123.75,"speedMult":6,"type":"extraTap"},{"time":190,"angle":123.75,"speedMult":6,"type":"extraTap"},{"time":190.33332824707,"angle":123.75,"speedMult":6,"type":"extraTap"},{"duration":3.3333330154419,"angle":146.25,"angle2":877.5,"speedMult":6,"time":202.33332824707,"type":"hold"},{"duration":1,"angle":157.5,"speedMult":6,"angle2":517.5,"time":206,"type":"hold"},{"time":208.33332824707,"angle":168.75,"duration":1,"angle2":-191.25,"speedMult":6,"type":"hold"},{"time":210.33332824707,"angle":168.75,"duration":1,"angle2":-191.25,"speedMult":6,"type":"hold"},{"time":202.33332824707,"angle":135,"speedMult":6,"type":"extraTap"},{"time":206,"angle":146.25,"speedMult":6,"type":"extraTap"},{"time":208.33332824707,"angle":180,"speedMult":6,"type":"extraTap"},{"time":210.33332824707,"angle":180,"speedMult":6,"type":"extraTap"},{"duration":0.66666662693024,"angle":168.75,"angle2":360,"speedMult":6,"time":212.33332824707,"type":"hold"},{"duration":1,"angle":348.75,"angle2":303.75,"speedMult":6,"time":213,"type":"hold"},{"duration":1,"angle":303.75,"speedMult":6,"angle2":337.5,"time":214,"type":"hold"},{"tap":true,"time":215.33332824707,"angle":337.5,"speedMult":6,"type":"block"},{"tap":true,"time":215.33332824707,"angle":348.75,"speedMult":6,"type":"block"},{"time":216.33332824707,"angle":348.75,"duration":1,"speedMult":6,"angle2":-11.25,"type":"hold"},{"time":218.66667175293,"angle":0,"duration":1,"angle2":360,"speedMult":6,"type":"hold"},{"time":221,"angle":0,"duration":0.66666662693024,"angle2":-78.75,"speedMult":6,"type":"hold"},{"duration":1,"angle":281.25,"speedMult":6,"angle2":360,"time":221.66667175293,"type":"hold"},{"tap":true,"time":223,"angle":0,"speedMult":6,"type":"block"},{"tap":true,"time":223,"angle":11.25,"speedMult":6,"type":"block"},{"tap":true,"time":222.66667175293,"angle":348.75,"speedMult":6,"type":"block"},{"tap":true,"time":222.66667175293,"angle":360,"speedMult":6,"type":"block"},{"tap":true,"time":224.33332824707,"angle":0,"speedMult":6,"type":"block"},{"tap":true,"time":224.33332824707,"angle":11.25,"speedMult":6,"type":"block"},{"tap":true,"time":225.33332824707,"angle":360,"speedMult":6,"type":"block"},{"tap":true,"time":225.33332824707,"angle":11.25,"speedMult":6,"type":"block"},{"tap":true,"time":225,"angle":0,"speedMult":6,"type":"block"},{"tap":true,"time":225,"angle":11.25,"speedMult":6,"type":"block"},{"time":226,"angle":247.5,"speedMult":6,"type":"mine"},{"time":226,"angle":236.25,"speedMult":6,"type":"mine"},{"time":226,"angle":225,"speedMult":6,"type":"mine"},{"time":226,"angle":213.75,"speedMult":6,"type":"mine"},{"time":226,"angle":202.5,"speedMult":6,"type":"mine"},{"time":226,"angle":191.25,"speedMult":6,"type":"mine"},{"time":226,"angle":180,"speedMult":6,"type":"mine"},{"time":226,"angle":168.75,"speedMult":6,"type":"mine"},{"time":226,"angle":157.5,"speedMult":6,"type":"mine"},{"time":226,"angle":146.25,"speedMult":6,"type":"mine"},{"time":226,"angle":135,"speedMult":6,"type":"mine"},{"time":226,"angle":123.75,"speedMult":6,"type":"mine"},{"time":226,"angle":112.5,"speedMult":6,"type":"mine"},{"time":226,"angle":101.25,"speedMult":6,"type":"mine"},{"time":226,"angle":78.75,"speedMult":6,"type":"mine"},{"time":226,"angle":67.5,"speedMult":6,"type":"mine"},{"time":226,"angle":90,"speedMult":6,"type":"mine"},{"time":226,"angle":56.25,"speedMult":6,"type":"mine"},{"time":226,"angle":45,"speedMult":6,"type":"mine"},{"time":226,"angle":33.75,"speedMult":6,"type":"mine"},{"time":226,"angle":22.5,"speedMult":6,"type":"mine"},{"time":226,"angle":11.25,"speedMult":6,"type":"mine"},{"time":227,"angle":-247.5,"speedMult":6,"type":"mine"},{"time":227,"angle":-236.25,"speedMult":6,"type":"mine"},{"time":227,"angle":-225,"speedMult":6,"type":"mine"},{"time":227,"angle":-213.75,"speedMult":6,"type":"mine"},{"time":227,"angle":-202.5,"speedMult":6,"type":"mine"},{"time":227,"angle":-191.25,"speedMult":6,"type":"mine"},{"time":227,"angle":-180,"speedMult":6,"type":"mine"},{"time":227,"angle":-168.75,"speedMult":6,"type":"mine"},{"time":227,"angle":-157.5,"speedMult":6,"type":"mine"},{"time":227,"angle":-146.25,"speedMult":6,"type":"mine"},{"time":227,"angle":-135,"speedMult":6,"type":"mine"},{"time":227,"angle":-123.75,"speedMult":6,"type":"mine"},{"time":227,"angle":-112.5,"speedMult":6,"type":"mine"},{"time":227,"angle":-101.25,"speedMult":6,"type":"mine"},{"time":227,"angle":-78.75,"speedMult":6,"type":"mine"},{"time":227,"angle":-67.5,"speedMult":6,"type":"mine"},{"time":227,"angle":-90,"speedMult":6,"type":"mine"},{"time":227,"angle":-56.25,"speedMult":6,"type":"mine"},{"time":227,"angle":-45,"speedMult":6,"type":"mine"},{"time":227,"angle":-33.75,"speedMult":6,"type":"mine"},{"time":227,"angle":-22.5,"speedMult":6,"type":"mine"},{"time":227,"angle":-11.25,"speedMult":6,"type":"mine"},{"time":228.66666666667,"angle":-427.5,"speedMult":6,"type":"mine"},{"time":228.66666666667,"angle":-416.25,"speedMult":6,"type":"mine"},{"time":228.66666666667,"angle":-405,"speedMult":6,"type":"mine"},{"time":228.66666666667,"angle":-393.75,"speedMult":6,"type":"mine"},{"time":228.66666666667,"angle":-382.5,"speedMult":6,"type":"mine"},{"time":228.66666666667,"angle":-371.25,"speedMult":6,"type":"mine"},{"time":228.66666666667,"angle":-360,"speedMult":6,"type":"mine"},{"time":228.66666666667,"angle":-348.75,"speedMult":6,"type":"mine"},{"time":228.66666666667,"angle":-337.5,"speedMult":6,"type":"mine"},{"time":228.66666666667,"angle":-326.25,"speedMult":6,"type":"mine"},{"time":228.66666666667,"angle":-315,"speedMult":6,"type":"mine"},{"time":228.66666666667,"angle":-303.75,"speedMult":6,"type":"mine"},{"time":228.66666666667,"angle":-292.5,"speedMult":6,"type":"mine"},{"time":228.66666666667,"angle":-281.25,"speedMult":6,"type":"mine"},{"time":228.66666666667,"angle":-258.75,"speedMult":6,"type":"mine"},{"time":228.66666666667,"angle":-247.5,"speedMult":6,"type":"mine"},{"time":228.66666666667,"angle":-270,"speedMult":6,"type":"mine"},{"time":228.66666666667,"angle":-236.25,"speedMult":6,"type":"mine"},{"time":228.66666666667,"angle":-225,"speedMult":6,"type":"mine"},{"time":228.66666666667,"angle":-213.75,"speedMult":6,"type":"mine"},{"time":228.66666666667,"angle":-202.5,"speedMult":6,"type":"mine"},{"time":228.66666666667,"angle":-191.25,"speedMult":6,"type":"mine"},{"time":230,"angle":427.5,"speedMult":6,"type":"mine"},{"time":230,"angle":416.25,"speedMult":6,"type":"mine"},{"time":230,"angle":405,"speedMult":6,"type":"mine"},{"time":230,"angle":393.75,"speedMult":6,"type":"mine"},{"time":230,"angle":382.5,"speedMult":6,"type":"mine"},{"time":230,"angle":371.25,"speedMult":6,"type":"mine"},{"time":230,"angle":360,"speedMult":6,"type":"mine"},{"time":230,"angle":348.75,"speedMult":6,"type":"mine"},{"time":230,"angle":337.5,"speedMult":6,"type":"mine"},{"time":230,"angle":326.25,"speedMult":6,"type":"mine"},{"time":230,"angle":315,"speedMult":6,"type":"mine"},{"time":230,"angle":303.75,"speedMult":6,"type":"mine"},{"time":230,"angle":292.5,"speedMult":6,"type":"mine"},{"time":230,"angle":281.25,"speedMult":6,"type":"mine"},{"time":230,"angle":258.75,"speedMult":6,"type":"mine"},{"time":230,"angle":247.5,"speedMult":6,"type":"mine"},{"time":230,"angle":270,"speedMult":6,"type":"mine"},{"time":230,"angle":236.25,"speedMult":6,"type":"mine"},{"time":230,"angle":225,"speedMult":6,"type":"mine"},{"time":230,"angle":213.75,"speedMult":6,"type":"mine"},{"time":230,"angle":202.5,"speedMult":6,"type":"mine"},{"time":230,"angle":191.25,"speedMult":6,"type":"mine"},{"time":258.33334350586,"angle":180,"duration":7.3333339691162,"angle2":1035,"speedMult":20,"type":"hold"},{"time":268,"angle":337.5,"speedMult":7,"type":"block"},{"time":268,"angle":348.75,"speedMult":7,"type":"block"},{"time":268,"angle":360,"speedMult":7,"type":"block"},{"time":268.33334350586,"angle":337.5,"speedMult":7,"type":"block"},{"time":268.33334350586,"angle":348.75,"speedMult":7,"type":"block"},{"time":268.33334350586,"angle":360,"speedMult":7,"type":"block"},{"time":268.66665649414,"angle":337.5,"speedMult":7,"type":"block"},{"time":268.66665649414,"angle":348.75,"speedMult":7,"type":"block"},{"time":268.66665649414,"angle":0,"speedMult":7,"type":"block"},{"time":232.33333333333,"angle":247.5,"speedMult":6,"type":"mine"},{"time":232.33333333333,"angle":236.25,"speedMult":6,"type":"mine"},{"time":232.33333333333,"angle":225,"speedMult":6,"type":"mine"},{"time":232.33333333333,"angle":213.75,"speedMult":6,"type":"mine"},{"time":232.33333333333,"angle":202.5,"speedMult":6,"type":"mine"},{"time":232.33333333333,"angle":191.25,"speedMult":6,"type":"mine"},{"time":232.33333333333,"angle":180,"speedMult":6,"type":"mine"},{"time":232.33333333333,"angle":168.75,"speedMult":6,"type":"mine"},{"time":232.33333333333,"angle":157.5,"speedMult":6,"type":"mine"},{"time":232.33333333333,"angle":146.25,"speedMult":6,"type":"mine"},{"time":232.33333333333,"angle":135,"speedMult":6,"type":"mine"},{"time":232.33333333333,"angle":123.75,"speedMult":6,"type":"mine"},{"time":232.33333333333,"angle":112.5,"speedMult":6,"type":"mine"},{"time":232.33333333333,"angle":101.25,"speedMult":6,"type":"mine"},{"time":232.33333333333,"angle":78.75,"speedMult":6,"type":"mine"},{"time":232.33333333333,"angle":67.5,"speedMult":6,"type":"mine"},{"time":232.33333333333,"angle":90,"speedMult":6,"type":"mine"},{"time":232.33333333333,"angle":56.25,"speedMult":6,"type":"mine"},{"time":232.33333333333,"angle":45,"speedMult":6,"type":"mine"},{"time":232.33333333333,"angle":33.75,"speedMult":6,"type":"mine"},{"time":232.33333333333,"angle":22.5,"speedMult":6,"type":"mine"},{"time":232.33333333333,"angle":11.25,"speedMult":6,"type":"mine"},{"time":233.66666666667,"angle":33.75,"speedMult":6,"type":"mine"},{"time":233.66666666667,"angle":22.5,"speedMult":6,"type":"mine"},{"time":233.66666666667,"angle":11.25,"speedMult":6,"type":"mine"},{"time":233.66666666667,"angle":0,"speedMult":6,"type":"mine"},{"time":233.66666666667,"angle":-11.25,"speedMult":6,"type":"mine"},{"time":233.66666666667,"angle":-22.5,"speedMult":6,"type":"mine"},{"time":233.66666666667,"angle":-33.75,"speedMult":6,"type":"mine"},{"time":233.66666666667,"angle":-45,"speedMult":6,"type":"mine"},{"time":233.66666666667,"angle":-56.25,"speedMult":6,"type":"mine"},{"time":233.66666666667,"angle":-67.5,"speedMult":6,"type":"mine"},{"time":233.66666666667,"angle":-78.75,"speedMult":6,"type":"mine"},{"time":233.66666666667,"angle":-90,"speedMult":6,"type":"mine"},{"time":233.66666666667,"angle":-101.25,"speedMult":6,"type":"mine"},{"time":233.66666666667,"angle":-112.5,"speedMult":6,"type":"mine"},{"time":233.66666666667,"angle":-135,"speedMult":6,"type":"mine"},{"time":233.66666666667,"angle":-146.25,"speedMult":6,"type":"mine"},{"time":233.66666666667,"angle":-123.75,"speedMult":6,"type":"mine"},{"time":233.66666666667,"angle":-157.5,"speedMult":6,"type":"mine"},{"time":233.66666666667,"angle":-168.75,"speedMult":6,"type":"mine"},{"time":233.66666666667,"angle":-180,"speedMult":6,"type":"mine"},{"time":233.66666666667,"angle":-191.25,"speedMult":6,"type":"mine"},{"time":233.66666666667,"angle":-202.5,"speedMult":6,"type":"mine"},{"time":235.33333333333,"angle":303.75,"speedMult":6,"type":"mine"},{"time":235.33333333333,"angle":292.5,"speedMult":6,"type":"mine"},{"time":235.33333333333,"angle":281.25,"speedMult":6,"type":"mine"},{"time":235.33333333333,"angle":270,"speedMult":6,"type":"mine"},{"time":235.33333333333,"angle":258.75,"speedMult":6,"type":"mine"},{"time":235.33333333333,"angle":247.5,"speedMult":6,"type":"mine"},{"time":235.33333333333,"angle":236.25,"speedMult":6,"type":"mine"},{"time":235.33333333333,"angle":225,"speedMult":6,"type":"mine"},{"time":235.33333333333,"angle":213.75,"speedMult":6,"type":"mine"},{"time":235.33333333333,"angle":202.5,"speedMult":6,"type":"mine"},{"time":235.33333333333,"angle":191.25,"speedMult":6,"type":"mine"},{"time":235.33333333333,"angle":180,"speedMult":6,"type":"mine"},{"time":235.33333333333,"angle":168.75,"speedMult":6,"type":"mine"},{"time":235.33333333333,"angle":157.5,"speedMult":6,"type":"mine"},{"time":235.33333333333,"angle":135,"speedMult":6,"type":"mine"},{"time":235.33333333333,"angle":123.75,"speedMult":6,"type":"mine"},{"time":235.33333333333,"angle":146.25,"speedMult":6,"type":"mine"},{"time":235.33333333333,"angle":112.5,"speedMult":6,"type":"mine"},{"time":235.33333333333,"angle":101.25,"speedMult":6,"type":"mine"},{"time":235.33333333333,"angle":90,"speedMult":6,"type":"mine"},{"time":235.33333333333,"angle":78.75,"speedMult":6,"type":"mine"},{"time":235.33333333333,"angle":67.5,"speedMult":6,"type":"mine"},{"time":236.33333333333,"angle":360,"speedMult":6,"type":"mine"},{"time":236.33333333333,"angle":348.75,"speedMult":6,"type":"mine"},{"time":236.33333333333,"angle":337.5,"speedMult":6,"type":"mine"},{"time":236.33333333333,"angle":326.25,"speedMult":6,"type":"mine"},{"time":236.33333333333,"angle":315,"speedMult":6,"type":"mine"},{"time":236.33333333333,"angle":303.75,"speedMult":6,"type":"mine"},{"time":236.33333333333,"angle":292.5,"speedMult":6,"type":"mine"},{"time":236.33333333333,"angle":281.25,"speedMult":6,"type":"mine"},{"time":236.33333333333,"angle":270,"speedMult":6,"type":"mine"},{"time":236.33333333333,"angle":258.75,"speedMult":6,"type":"mine"},{"time":236.33333333333,"angle":247.5,"speedMult":6,"type":"mine"},{"time":236.33333333333,"angle":236.25,"speedMult":6,"type":"mine"},{"time":236.33333333333,"angle":225,"speedMult":6,"type":"mine"},{"time":236.33333333333,"angle":213.75,"speedMult":6,"type":"mine"},{"time":236.33333333333,"angle":191.25,"speedMult":6,"type":"mine"},{"time":236.33333333333,"angle":180,"speedMult":6,"type":"mine"},{"time":236.33333333333,"angle":202.5,"speedMult":6,"type":"mine"},{"time":236.33333333333,"angle":168.75,"speedMult":6,"type":"mine"},{"time":236.33333333333,"angle":157.5,"speedMult":6,"type":"mine"},{"time":236.33333333333,"angle":146.25,"speedMult":6,"type":"mine"},{"time":236.33333333333,"angle":135,"speedMult":6,"type":"mine"},{"time":236.33333333333,"angle":123.75,"speedMult":6,"type":"mine"},{"time":237.33333333333,"angle":472.5,"speedMult":6,"type":"mine"},{"time":237.33333333333,"angle":461.25,"speedMult":6,"type":"mine"},{"time":237.33333333333,"angle":450,"speedMult":6,"type":"mine"},{"time":237.33333333333,"angle":438.75,"speedMult":6,"type":"mine"},{"time":237.33333333333,"angle":427.5,"speedMult":6,"type":"mine"},{"time":237.33333333333,"angle":416.25,"speedMult":6,"type":"mine"},{"time":237.33333333333,"angle":405,"speedMult":6,"type":"mine"},{"time":237.33333333333,"angle":393.75,"speedMult":6,"type":"mine"},{"time":237.33333333333,"angle":382.5,"speedMult":6,"type":"mine"},{"time":237.33333333333,"angle":371.25,"speedMult":6,"type":"mine"},{"time":237.33333333333,"angle":360,"speedMult":6,"type":"mine"},{"time":237.33333333333,"angle":348.75,"speedMult":6,"type":"mine"},{"time":237.33333333333,"angle":337.5,"speedMult":6,"type":"mine"},{"time":237.33332824707,"angle":326.25,"speedMult":6,"type":"mine"},{"time":237.33333333333,"angle":303.75,"speedMult":6,"type":"mine"},{"time":237.33333333333,"angle":292.5,"speedMult":6,"type":"mine"},{"time":237.33333333333,"angle":315,"speedMult":6,"type":"mine"},{"time":237.33333333333,"angle":281.25,"speedMult":6,"type":"mine"},{"time":237.33333333333,"angle":270,"speedMult":6,"type":"mine"},{"time":237.33333333333,"angle":258.75,"speedMult":6,"type":"mine"},{"time":237.33333333333,"angle":247.5,"speedMult":6,"type":"mine"},{"time":237.33333333333,"angle":236.25,"speedMult":6,"type":"mine"},{"time":239,"angle":191.25,"speedMult":6,"type":"block"},{"time":241.33332824707,"angle":90,"speedMult":6,"type":"block"},{"time":241.66667175293,"angle":90,"speedMult":6,"type":"block"},{"time":242,"angle":90,"speedMult":6,"type":"block"},{"time":243.5,"angle":112.5,"speedMult":6,"type":"block"},{"time":243.83332824707,"angle":112.5,"speedMult":6,"type":"block"},{"time":244.16667175293,"angle":112.5,"speedMult":6,"type":"block"},{"time":245.5,"angle":135,"speedMult":6,"type":"block"},{"time":245.83332824707,"angle":146.25,"speedMult":6,"type":"block"},{"time":246.16667175293,"angle":157.5,"speedMult":6,"type":"block"},{"time":248.83332824707,"angle":168.75,"speedMult":6,"type":"block"},{"time":248.66667175293,"angle":168.75,"speedMult":6,"type":"block"},{"time":248.5,"angle":168.75,"speedMult":6,"type":"block"},{"time":251.5,"angle":202.5,"speedMult":6,"type":"block"},{"time":251.5,"angle":191.25,"speedMult":6,"type":"block"},{"time":251.5,"angle":180,"speedMult":6,"type":"block"},{"time":251.5,"angle":168.75,"speedMult":6,"type":"block"},{"time":252,"angle":236.25,"speedMult":6,"type":"block"},{"time":252,"angle":247.5,"speedMult":6,"type":"block"},{"time":252,"angle":258.75,"speedMult":6,"type":"block"},{"time":252,"angle":258.75,"speedMult":6,"type":"block"},{"time":252,"angle":270,"speedMult":6,"type":"block"},{"time":250.5,"angle":202.5,"speedMult":6,"type":"block"},{"time":250.5,"angle":191.25,"speedMult":6,"type":"block"},{"time":250.5,"angle":180,"speedMult":6,"type":"block"},{"time":250.5,"angle":168.75,"speedMult":6,"type":"block"},{"time":250.66667175293,"angle":202.5,"speedMult":6,"type":"block"},{"time":250.66667175293,"angle":191.25,"speedMult":6,"type":"block"},{"time":250.66667175293,"angle":180,"speedMult":6,"type":"block"},{"time":250.66667175293,"angle":168.75,"speedMult":6,"type":"block"},{"time":253.16667175293,"angle":292.5,"speedMult":6,"type":"block"},{"time":253.5,"angle":292.5,"speedMult":6,"type":"block"},{"time":253.83332824707,"angle":292.5,"speedMult":6,"type":"block"},{"time":255,"angle":326.25,"speedMult":6,"type":"block"},{"time":255,"angle":337.5,"speedMult":6,"type":"block"},{"time":255,"angle":348.75,"speedMult":6,"type":"block"},{"time":254.83332824707,"angle":326.25,"speedMult":6,"type":"block"},{"time":254.83332824707,"angle":337.5,"speedMult":6,"type":"block"},{"time":254.83332824707,"angle":348.75,"speedMult":6,"type":"block"},{"time":256.33334350586,"angle":101.25,"speedMult":6,"type":"block"},{"time":256.33334350586,"angle":112.5,"speedMult":6,"type":"block"},{"time":256.33334350586,"angle":123.75,"speedMult":6,"type":"block"},{"time":257.5,"angle":191.25,"speedMult":6,"type":"block"},{"time":257.5,"angle":180,"speedMult":6,"type":"block"},{"time":257.5,"angle":168.75,"speedMult":6,"type":"block"},{"time":257.66665649414,"angle":168.75,"speedMult":6,"type":"block"},{"time":257.66665649414,"angle":180,"speedMult":6,"type":"block"},{"time":257.66665649414,"angle":191.25,"speedMult":6,"type":"block"},{"angle":157.5,"time":14,"type":"block"},{"angle":157.5,"time":15.333333015442,"type":"block"},{"angle":213.75,"time":16,"type":"block"},{"duration":1,"angle":202.5,"speedMult":6,"angle2":146.25,"time":165.16667175293,"type":"hold"},{"time":166.16667175293,"angle":146.25,"duration":1,"speedMult":6,"angle2":180,"type":"hold"},{"time":167.16667175293,"angle":180,"duration":1,"speedMult":6,"angle2":146.25,"type":"hold"},{"time":168.16667175293,"angle":146.25,"duration":1,"speedMult":6,"angle2":168.75,"type":"hold"},{"time":169.16667175293,"angle":168.75,"duration":1,"speedMult":6,"angle2":157.5,"type":"hold"},{"duration":1.4999998807907,"angle":157.5,"speedMult":6,"angle2":157.5,"time":171.33332824707,"type":"hold"},{"duration":1,"angle":157.5,"speedMult":6,"angle2":157.5,"time":173.66667175293,"type":"hold"},{"duration":1.4999998807907,"angle":157.5,"angle2":157.5,"speedMult":6,"time":175.16667175293,"type":"hold"},{"time":181.33332824707,"angle":146.25,"speedMult":6,"type":"extraTap"},{"time":181,"angle":146.25,"speedMult":6,"type":"extraTap"},{"time":180.66667175293,"angle":146.25,"speedMult":6,"type":"extraTap"},{"time":180.33332824707,"angle":146.25,"speedMult":6,"type":"extraTap"},{"time":180,"angle":146.25,"speedMult":6,"type":"extraTap"},{"time":250.5,"angle":157.5,"speedMult":6,"type":"extraTap"},{"time":250.66667175293,"angle":157.5,"speedMult":6,"type":"extraTap"},{"time":254.83332824707,"angle":0,"speedMult":6,"type":"extraTap"},{"time":255,"angle":0,"speedMult":6,"type":"extraTap"},{"time":257.5,"angle":157.5,"speedMult":6,"type":"extraTap"},{"time":257.66665649414,"angle":157.5,"speedMult":6,"type":"extraTap"},{"time":186.33332824707,"angle":135,"speedMult":6,"type":"block"}]