[{"type":"block","angle":0,"time":-2},{"type":"block","angle":360,"time":-3},{"type":"block","angle":0,"time":1},{"type":"block","angle":348.75,"time":2},{"type":"block","angle":303.75,"time":-1},{"type":"block","angle":45,"time":-0},{"type":"block","angle":337.5,"time":-1.375},{"type":"block","angle":22.5,"time":-0.375},{"type":"block","angle":0,"time":0.625},{"type":"block","angle":360,"time":1.625},{"type":"block","angle":180,"time":7},{"type":"block","angle":270,"time":9},{"type":"block","angle":315,"time":10},{"type":"block","angle":360,"time":11},{"angle2":90,"type":"hold","time":2.625,"angle":0,"duration":2.375},{"type":"block","angle":135,"time":6},{"type":"block","angle":157.5,"time":6.625},{"type":"block","angle":236.25,"time":8},{"type":"block","angle":213.75,"time":7.625},{"type":"block","angle":258.75,"time":8.625},{"type":"block","angle":303.75,"time":9.625},{"type":"block","angle":0,"time":12.625},{"type":"block","angle":0,"time":13},{"type":"side","angle":45,"time":14},{"type":"side","angle":315,"time":14.625},{"type":"side","angle":45,"time":15},{"speedMult":2,"angle":0,"type":"extraTap","time":5},{"speedMult":2,"angle":360,"type":"extraTap","time":9},{"speedMult":2,"angle":0,"type":"extraTap","time":10},{"speedMult":2,"angle":56.25,"type":"extraTap","time":11},{"type":"side","angle":315,"time":15.625},{"type":"block","angle":270,"time":16},{"angle2":360,"type":"mineHold","time":2.625,"angle":180,"duration":4.375},{"speedMult":2,"angle":90,"type":"extraTap","time":7},{"angle2":540,"type":"mineHold","time":7,"angle":360,"duration":4},{"type":"mine","angle":225,"time":5},{"type":"mine","angle":326.25,"time":5},{"type":"mine","angle":45,"time":7},{"type":"mine","angle":315,"time":7},{"type":"mine","angle":45,"time":9},{"type":"mine","angle":135,"time":9.125},{"type":"mine","angle":90,"time":10},{"type":"mine","angle":180,"time":10},{"type":"mine","angle":225,"time":11},{"type":"mine","angle":135,"time":11},{"type":"mine","angle":270,"time":11},{"type":"mine","angle":90,"time":11},{"type":"block","angle":213.75,"time":17},{"type":"side","angle":135,"time":17.625},{"angle2":191.25,"type":"hold","time":18,"angle":180,"duration":0.625},{"angle2":168.75,"type":"hold","time":18,"angle":180,"duration":0.625},{"angle2":180,"type":"hold","time":19.625,"angle":168.75,"duration":0.375},{"angle2":180,"type":"hold","time":19.625,"angle":191.25,"duration":0.375},{"type":"block","angle":191.25,"time":20.625},{"type":"block","angle":180,"time":21},{"type":"side","angle":123.75,"time":22},{"type":"block","angle":180,"time":22.625},{"type":"block","angle":270,"time":23.625},{"type":"side","angle":225,"time":23},{"angle2":360,"angle":348.75,"time":24.625,"startTap":true,"type":"hold","duration":0.375},{"angle2":0,"angle":11.25,"time":25.625,"startTap":true,"type":"hold","duration":0.375},{"angle2":90,"angle":78.75,"time":26.625,"startTap":true,"type":"hold","duration":0.375},{"angle2":270,"angle":281.25,"time":27.625,"startTap":true,"type":"hold","duration":0.375},{"type":"block","angle":11.25,"time":28.625},{"type":"block","angle":348.75,"time":28.625},{"type":"block","angle":348.75,"time":29},{"type":"block","angle":360,"tap":true,"time":29},{"type":"block","angle":11.25,"time":29},{"type":"extraTap","angle":180,"time":29},{"type":"block","angle":315,"time":24},{"type":"block","angle":180,"time":16.625},{"angle2":11.25,"type":"hold","time":29.625,"angle":0,"duration":0.375},{"angle2":348.75,"type":"hold","time":29.625,"angle":360,"duration":0.375},{"angle2":33.75,"type":"hold","time":30,"angle":11.25,"duration":0.625},{"angle2":326.25,"type":"hold","time":30,"angle":348.75,"duration":0.625},{"angle2":56.25,"type":"hold","time":30.625,"angle":33.75,"duration":0.375},{"angle2":303.75,"type":"hold","time":30.625,"angle":326.25,"duration":0.375},{"angle2":90,"type":"hold","time":31,"angle":56.25,"duration":0.625},{"angle2":270,"type":"hold","time":31,"angle":303.75,"duration":0.625},{"angle2":101.25,"type":"hold","time":31.625,"angle":90,"duration":0.375},{"angle2":281.25,"type":"hold","time":31.625,"angle":270,"duration":0.375},{"speedMult":2,"angle":270,"type":"mine","time":30},{"speedMult":2,"angle":180,"type":"mine","time":30.333333969116},{"speedMult":2,"angle":90,"type":"mine","time":30.666666030884},{"speedMult":2,"angle":225,"type":"mine","time":31},{"speedMult":2,"angle":135,"type":"mine","time":31.333333969116},{"speedMult":2,"angle":0,"type":"mine","time":31.666666030884},{"angle2":135,"type":"hold","time":32,"angle":101.25,"duration":0.625},{"angle2":180,"type":"hold","time":32.625,"angle":135,"duration":0.375},{"angle2":315,"type":"hold","time":32,"angle":281.25,"duration":0.625},{"angle2":360,"type":"hold","time":32.625,"angle":315,"duration":0.375},{"angle2":-45,"angle":0,"time":33,"startTap":true,"type":"hold","duration":0.625},{"angle2":135,"angle":180,"time":33,"startTap":true,"type":"hold","duration":0.625},{"angle2":270,"type":"hold","time":33.625,"angle":315,"duration":0.375},{"angle2":90,"type":"hold","time":33.625,"angle":135,"duration":0.375},{"angle2":22.5,"type":"hold","time":34,"angle":90,"duration":0.625},{"angle2":202.5,"type":"hold","time":34,"angle":270,"duration":0.625},{"angle2":-45,"type":"hold","time":34.625,"angle":22.5,"duration":0.375},{"angle2":135,"type":"hold","time":34.625,"angle":202.5,"duration":0.375},{"angle2":247.5,"type":"hold","time":35,"angle":315,"duration":0.625},{"angle2":67.5,"type":"hold","time":35,"angle":135,"duration":0.625},{"angle2":33.75,"type":"hold","time":35.625,"angle":67.5,"duration":0.375},{"angle2":11.25,"type":"hold","time":36,"angle":33.75,"segments":1,"duration":0.625},{"angle2":213.75,"type":"hold","time":35.625,"angle":247.5,"duration":0.375},{"angle2":191.25,"type":"hold","time":36,"angle":213.75,"segments":1,"duration":0.625},{"angle2":0,"type":"hold","time":36.625,"angle":11.25,"duration":0.375},{"angle2":180,"type":"hold","time":36.625,"angle":191.25,"duration":0.375},{"angle2":270,"angle":180,"time":37,"startTap":true,"type":"hold","duration":0.625},{"angle2":90,"angle":0,"time":37,"startTap":true,"type":"hold","duration":0.625},{"speedMult":2,"angle":225,"type":"mine","time":32},{"speedMult":2,"angle":180,"type":"mine","time":32.333332061768},{"speedMult":2,"angle":45,"type":"mine","time":32.666667938232},{"speedMult":2,"angle":270,"type":"mine","time":33},{"speedMult":2,"angle":90,"type":"mine","time":33.333332061768},{"speedMult":2,"angle":225,"type":"mine","time":33.666667938232},{"speedMult":2,"angle":0,"type":"mine","time":34},{"speedMult":2,"angle":135,"type":"mine","time":34.333332061768},{"speedMult":2,"angle":270,"type":"mine","time":34.666667938232},{"speedMult":2,"angle":45,"type":"mine","time":35},{"angle2":315,"type":"hold","time":37.625,"angle":270,"duration":0.375},{"angle2":123.75,"type":"hold","time":37.625,"angle":90,"duration":0.375},{"angle2":180,"type":"hold","time":38,"angle":123.75,"duration":0.625},{"angle2":360,"type":"hold","time":38,"angle":315,"duration":0.625},{"angle2":45,"type":"hold","time":38.625,"angle":0,"duration":0.375},{"angle2":225,"type":"hold","time":38.625,"angle":180,"duration":0.375},{"angle2":90,"type":"hold","time":39,"angle":45,"duration":0.625},{"angle2":270,"type":"hold","time":39,"angle":225,"duration":0.625},{"angle2":315,"type":"hold","time":39.625,"angle":270,"duration":0.375},{"angle2":135,"type":"hold","time":39.625,"angle":90,"duration":0.375},{"angle2":405,"type":"hold","time":40,"angle":315,"duration":0.625},{"angle2":225,"type":"hold","time":40,"angle":135,"duration":0.625},{"angle2":270,"type":"hold","time":40.625,"angle":225,"duration":0.375},{"angle2":90,"type":"hold","time":40.625,"angle":45,"duration":0.375},{"angle2":135,"angle":90,"time":41,"startTap":true,"type":"hold","duration":0.75},{"angle2":225,"angle":270,"time":41,"startTap":true,"type":"hold","duration":0.75},{"angle2":146.25,"type":"hold","time":41.75,"angle":135,"duration":0.25},{"angle2":213.75,"type":"hold","time":41.75,"angle":225,"duration":0.25},{"angle2":174.375,"type":"hold","time":42,"angle":146.25,"duration":0.75},{"angle2":185.625,"type":"hold","time":42,"angle":213.75,"duration":0.75},{"angle2":180,"type":"hold","time":42.75,"angle":174.375,"duration":0.25},{"angle2":180,"type":"hold","time":42.75,"angle":185.625,"duration":0.25},{"angle2":90,"angle":180,"time":43,"startTap":true,"type":"hold","duration":0.625},{"angle2":270,"type":"hold","time":43,"angle":180,"duration":0.625},{"angle2":360,"type":"hold","time":43.625,"angle":270,"duration":0.375},{"angle2":0,"type":"hold","time":43.625,"angle":90,"duration":0.375},{"type":"block","angle":0,"time":44.625},{"type":"block","angle":0,"tap":true,"time":45},{"type":"block","angle":22.5,"time":45.625},{"type":"block","angle":45,"time":46},{"type":"block","angle":67.5,"time":46.625},{"type":"block","angle":90,"time":47},{"type":"block","angle":112.5,"time":47.625},{"type":"block","angle":135,"time":48},{"type":"block","angle":157.5,"time":48.625},{"type":"block","angle":180,"tap":true,"time":49},{"type":"block","angle":135,"time":49.625},{"type":"block","angle":90,"time":50},{"type":"block","angle":45,"time":50.625},{"type":"block","angle":0,"time":51},{"type":"block","angle":315,"time":51.625},{"type":"block","angle":270,"time":52},{"type":"block","angle":315,"time":52.625},{"type":"side","angle":45,"tap":true,"time":53},{"type":"side","angle":315,"time":54},{"type":"side","angle":45,"time":55},{"type":"side","angle":315,"time":56},{"type":"block","angle":0,"tap":true,"time":57},{"type":"block","angle":22.5,"time":57.625},{"type":"block","angle":45,"time":58},{"type":"block","angle":0,"time":56.625},{"type":"block","angle":33.75,"time":58.625},{"type":"block","angle":0,"time":59},{"type":"block","angle":90,"time":59.625},{"angle2":45,"type":"hold","time":60,"angle":135,"duration":0.625},{"angle2":0,"type":"hold","time":60.625,"angle":45,"duration":0.375},{"type":"extraTap","angle":56.25,"time":62},{"type":"extraTap","angle":90,"time":64},{"type":"extraTap","angle":90,"time":66},{"type":"extraTap","angle":90,"time":68},{"type":"extraTap","angle":270,"time":70},{"type":"block","angle":90,"time":62},{"type":"block","angle":90,"time":62.625},{"type":"block","angle":67.5,"time":63},{"type":"block","angle":67.5,"time":63.625},{"type":"block","angle":45,"time":64},{"type":"block","angle":45,"time":64.625},{"type":"block","angle":90,"time":65},{"type":"block","angle":146.25,"time":65.625},{"type":"block","angle":123.75,"time":66},{"type":"block","angle":101.25,"time":66.625},{"type":"block","angle":78.75,"time":67},{"type":"block","angle":56.25,"time":67.625},{"type":"block","angle":45,"time":68},{"type":"block","angle":45,"time":68.625},{"type":"block","angle":135,"time":69},{"type":"block","angle":135,"time":69.625},{"type":"extraTap","angle":270,"time":72},{"type":"block","angle":90,"time":70},{"type":"block","angle":90,"time":70.625},{"type":"block","angle":45,"time":71},{"type":"block","angle":45,"time":71.625},{"type":"block","angle":67.5,"time":72.625},{"type":"block","angle":90,"time":73},{"type":"block","angle":101.25,"time":73.625},{"type":"block","angle":90,"time":76},{"type":"block","angle":90,"time":72},{"type":"extraTap","angle":270,"time":74},{"type":"extraTap","angle":270,"time":76},{"type":"block","angle":90,"time":74},{"type":"block","angle":90,"time":74.625},{"type":"block","angle":78.75,"time":75},{"type":"block","angle":67.5,"time":75.625},{"type":"block","angle":315,"time":76.625},{"type":"block","angle":337.5,"time":77},{"type":"block","angle":337.5,"time":77.625},{"type":"block","angle":315,"time":78},{"type":"block","angle":315,"time":78.625},{"type":"block","angle":292.5,"time":79},{"type":"block","angle":292.5,"time":79.625},{"type":"block","angle":270,"time":80},{"angle2":292.5,"angle":270,"time":62,"type":"mineHold","speedMult":2,"duration":1},{"angle2":337.5,"angle":315,"time":62,"type":"mineHold","speedMult":2,"duration":1},{"angle2":247.5,"angle":225,"time":62,"type":"mineHold","speedMult":2,"duration":1},{"angle2":292.5,"angle":337.5,"time":63,"type":"mineHold","speedMult":2,"duration":1},{"angle2":247.5,"angle":292.5,"time":63,"type":"mineHold","speedMult":2,"duration":1},{"angle2":202.5,"angle":247.5,"time":63,"type":"mineHold","speedMult":2,"duration":1},{"angle2":337.5,"angle":292.5,"time":64,"type":"mineHold","speedMult":2,"duration":1},{"angle2":292.5,"angle":247.5,"time":64,"type":"mineHold","speedMult":2,"duration":1},{"angle2":247.5,"angle":202.5,"time":64,"type":"mineHold","speedMult":2,"duration":1},{"speedMult":2,"angle":180,"type":"mine","time":35.333332061768},{"speedMult":2,"angle":315,"type":"mine","time":35.666667938232},{"speedMult":2,"angle":135,"type":"mine","time":36},{"speedMult":2,"angle":315,"type":"mine","time":36.333332061768},{"speedMult":2,"angle":135,"type":"mine","time":36.666667938232},{"speedMult":2,"angle":270,"type":"mine","time":37},{"speedMult":2,"angle":135,"type":"mine","time":37.333332061768},{"speedMult":2,"angle":0,"type":"mine","time":37.666667938232},{"speedMult":2,"angle":225,"type":"mine","time":38},{"speedMult":2,"angle":45,"type":"mine","time":38.333332061768},{"speedMult":2,"angle":270,"type":"mine","time":38.666667938232},{"speedMult":2,"angle":135,"type":"mine","time":39},{"speedMult":2,"angle":0,"type":"mine","time":39.333332061768},{"speedMult":2,"angle":180,"type":"mine","time":39.666667938232},{"speedMult":2,"angle":45,"type":"mine","time":40},{"speedMult":2,"angle":270,"type":"mine","time":40.333332061768},{"angle2":315,"type":"mineHold","time":41.25,"angle":315,"duration":2},{"angle2":360,"type":"mineHold","time":41.25,"angle":360,"duration":2.125},{"angle2":45,"type":"mineHold","time":41.25,"angle":45,"duration":2},{"angle2":292.5,"angle":337.5,"time":65,"type":"mineHold","speedMult":2,"duration":1},{"angle2":247.5,"angle":292.5,"time":65,"type":"mineHold","speedMult":2,"duration":1},{"angle2":202.5,"angle":247.5,"time":65,"type":"mineHold","speedMult":2,"duration":1},{"angle2":337.5,"angle":292.5,"time":66,"type":"mineHold","speedMult":2,"duration":1},{"angle2":292.5,"angle":247.5,"time":66,"type":"mineHold","speedMult":2,"duration":1},{"angle2":247.5,"angle":202.5,"time":66,"type":"mineHold","speedMult":2,"duration":1},{"angle2":292.5,"angle":337.5,"time":67,"type":"mineHold","speedMult":2,"duration":1},{"angle2":247.5,"angle":292.5,"time":67,"type":"mineHold","speedMult":2,"duration":1},{"angle2":202.5,"angle":247.5,"time":67,"type":"mineHold","speedMult":2,"duration":1},{"angle2":337.5,"angle":292.5,"time":68,"type":"mineHold","speedMult":2,"duration":1},{"angle2":292.5,"angle":247.5,"time":68,"type":"mineHold","speedMult":2,"duration":1},{"angle2":247.5,"angle":202.5,"time":68,"type":"mineHold","speedMult":2,"duration":1},{"angle2":292.5,"angle":337.5,"time":69,"type":"mineHold","speedMult":2,"duration":1},{"angle2":247.5,"angle":292.5,"time":69,"type":"mineHold","speedMult":2,"duration":1},{"angle2":202.5,"angle":247.5,"time":69,"type":"mineHold","speedMult":2,"duration":1},{"angle2":337.5,"angle":292.5,"time":70,"type":"mineHold","speedMult":2,"duration":1},{"angle2":292.5,"angle":247.5,"time":70,"type":"mineHold","speedMult":2,"duration":1},{"angle2":247.5,"angle":202.5,"time":70,"type":"mineHold","speedMult":2,"duration":1},{"angle2":292.5,"angle":337.5,"time":71,"type":"mineHold","speedMult":2,"duration":1},{"angle2":247.5,"angle":292.5,"time":71,"type":"mineHold","speedMult":2,"duration":1},{"angle2":202.5,"angle":247.5,"time":71,"type":"mineHold","speedMult":2,"duration":1},{"angle2":337.5,"angle":292.5,"time":72,"type":"mineHold","speedMult":2,"duration":1},{"angle2":292.5,"angle":247.5,"time":72,"type":"mineHold","speedMult":2,"duration":1},{"angle2":247.5,"angle":202.5,"time":72,"type":"mineHold","speedMult":2,"duration":1},{"angle2":292.5,"angle":337.5,"time":73,"type":"mineHold","speedMult":2,"duration":1},{"angle2":247.5,"angle":292.5,"time":73,"type":"mineHold","speedMult":2,"duration":1},{"angle2":202.5,"angle":247.5,"time":73,"type":"mineHold","speedMult":2,"duration":1},{"angle2":247.5,"angle":202.5,"time":74,"type":"mineHold","speedMult":2,"duration":1},{"angle2":292.5,"angle":247.5,"time":74,"type":"mineHold","speedMult":2,"duration":1},{"angle2":337.5,"angle":292.5,"time":74,"type":"mineHold","speedMult":2,"duration":1},{"type":"extraTap","angle":270,"time":78},{"type":"extraTap","angle":180,"time":80},{"type":"extraTap","angle":180,"time":82},{"type":"extraTap","angle":180,"time":84},{"type":"extraTap","angle":180,"time":86},{"type":"extraTap","angle":180,"time":88},{"type":"extraTap","angle":180,"time":90},{"angle2":67.5,"angle":90,"time":77,"type":"mineHold","speedMult":2,"duration":1},{"angle2":112.5,"angle":135,"time":77,"type":"mineHold","speedMult":2,"duration":1},{"angle2":22.5,"angle":45,"time":77,"type":"mineHold","speedMult":2,"duration":1},{"angle2":67.5,"angle":22.5,"time":78,"type":"mineHold","speedMult":2,"duration":1},{"angle2":112.5,"angle":67.5,"time":78,"type":"mineHold","speedMult":2,"duration":1},{"angle2":157.5,"angle":112.5,"time":78,"type":"mineHold","speedMult":2,"duration":1},{"angle2":22.5,"angle":67.5,"time":79,"type":"mineHold","speedMult":2,"duration":1},{"angle2":67.5,"angle":112.5,"time":79,"type":"mineHold","speedMult":2,"duration":1},{"angle2":112.5,"angle":157.5,"time":79,"type":"mineHold","speedMult":2,"duration":1},{"angle2":67.5,"angle":22.5,"time":80,"type":"mineHold","speedMult":2,"duration":1},{"angle2":112.5,"angle":67.5,"time":80,"type":"mineHold","speedMult":2,"duration":1},{"angle2":157.5,"angle":112.5,"time":80,"type":"mineHold","speedMult":2,"duration":1},{"angle2":67.5,"angle":22.5,"time":82,"type":"mineHold","speedMult":2,"duration":1},{"angle2":112.5,"angle":67.5,"time":82,"type":"mineHold","speedMult":2,"duration":1},{"angle2":157.5,"angle":112.5,"time":82,"type":"mineHold","speedMult":2,"duration":1},{"angle2":67.5,"angle":22.5,"time":84,"type":"mineHold","speedMult":2,"duration":1},{"angle2":112.5,"angle":67.5,"time":84,"type":"mineHold","speedMult":2,"duration":1},{"angle2":157.5,"angle":112.5,"time":84,"type":"mineHold","speedMult":2,"duration":1},{"angle2":67.5,"angle":22.5,"time":86,"type":"mineHold","speedMult":2,"duration":1},{"angle2":112.5,"angle":67.5,"time":86,"type":"mineHold","speedMult":2,"duration":1},{"angle2":157.5,"angle":112.5,"time":86,"type":"mineHold","speedMult":2,"duration":1},{"angle2":67.5,"angle":22.5,"time":88,"type":"mineHold","speedMult":2,"duration":1},{"angle2":112.5,"angle":67.5,"time":88,"type":"mineHold","speedMult":2,"duration":1},{"angle2":157.5,"angle":112.5,"time":88,"type":"mineHold","speedMult":2,"duration":1},{"angle2":67.5,"angle":22.5,"time":90,"type":"mineHold","speedMult":2,"duration":1},{"angle2":112.5,"angle":67.5,"time":90,"type":"mineHold","speedMult":2,"duration":1},{"angle2":157.5,"angle":112.5,"time":90,"type":"mineHold","speedMult":2,"duration":1},{"angle2":67.5,"angle":22.5,"time":92,"type":"mineHold","speedMult":2,"duration":1},{"angle2":112.5,"angle":67.5,"time":92,"type":"mineHold","speedMult":2,"duration":1},{"angle2":157.5,"angle":112.5,"time":92,"type":"mineHold","speedMult":2,"duration":1},{"angle2":22.5,"angle":67.5,"time":81,"type":"mineHold","speedMult":2,"duration":1},{"angle2":67.5,"angle":112.5,"time":81,"type":"mineHold","speedMult":2,"duration":1},{"angle2":112.5,"angle":157.5,"time":81,"type":"mineHold","speedMult":2,"duration":1},{"angle2":22.5,"angle":67.5,"time":83,"type":"mineHold","speedMult":2,"duration":1},{"angle2":67.5,"angle":112.5,"time":83,"type":"mineHold","speedMult":2,"duration":1},{"angle2":112.5,"angle":157.5,"time":83,"type":"mineHold","speedMult":2,"duration":1},{"angle2":22.5,"angle":67.5,"time":85,"type":"mineHold","speedMult":2,"duration":1},{"angle2":67.5,"angle":112.5,"time":85,"type":"mineHold","speedMult":2,"duration":1},{"angle2":112.5,"angle":157.5,"time":85,"type":"mineHold","speedMult":2,"duration":1},{"angle2":22.5,"angle":67.5,"time":87,"type":"mineHold","speedMult":2,"duration":1},{"angle2":67.5,"angle":112.5,"time":87,"type":"mineHold","speedMult":2,"duration":1},{"angle2":112.5,"angle":157.5,"time":87,"type":"mineHold","speedMult":2,"duration":1},{"angle2":22.5,"angle":67.5,"time":89,"type":"mineHold","speedMult":2,"duration":1},{"angle2":67.5,"angle":112.5,"time":89,"type":"mineHold","speedMult":2,"duration":1},{"angle2":112.5,"angle":157.5,"time":89,"type":"mineHold","speedMult":2,"duration":1},{"angle2":22.5,"angle":67.5,"time":91,"type":"mineHold","speedMult":2,"duration":1},{"angle2":67.5,"angle":112.5,"time":91,"type":"mineHold","speedMult":2,"duration":1},{"angle2":112.5,"angle":157.5,"time":91,"type":"mineHold","speedMult":2,"duration":1},{"type":"block","angle":270,"time":80.625},{"type":"block","angle":258.75,"time":81},{"type":"block","angle":236.25,"time":81.625},{"type":"block","angle":258.75,"time":82},{"type":"block","angle":236.25,"time":82.625},{"type":"block","angle":258.75,"time":83},{"type":"block","angle":247.5,"time":83.625},{"type":"block","angle":236.25,"time":84},{"type":"block","angle":191.25,"time":84.625},{"type":"block","angle":247.5,"time":85},{"type":"block","angle":258.75,"time":85.625},{"type":"block","angle":281.25,"time":86},{"type":"block","angle":281.25,"time":86.625},{"type":"block","angle":292.5,"time":87},{"type":"block","angle":281.25,"time":87.625},{"type":"block","angle":315,"time":88.625},{"type":"block","angle":281.25,"time":89},{"type":"block","angle":247.5,"time":89.625},{"type":"block","angle":270,"time":90},{"type":"side","angle":315,"time":90.625},{"type":"side","angle":225,"time":91},{"type":"side","angle":315,"time":91.625},{"type":"side","angle":225,"time":92},{"type":"block","angle":270,"time":93},{"type":"block","angle":292.5,"time":93.625},{"type":"block","angle":303.75,"time":94},{"type":"block","angle":281.25,"time":94.625},{"type":"block","angle":303.75,"time":95},{"type":"block","angle":315,"time":95.625},{"type":"block","angle":45,"time":96.625},{"type":"block","angle":0,"time":97},{"type":"block","angle":315,"time":97.625},{"type":"block","angle":292.5,"time":98},{"type":"block","angle":292.5,"time":99},{"type":"block","angle":281.25,"time":99.625},{"type":"block","angle":270,"time":100},{"type":"block","angle":270,"time":100.625},{"type":"block","angle":225,"time":101},{"type":"extraTap","angle":180,"time":92},{"type":"extraTap","angle":180,"time":94},{"type":"extraTap","angle":180,"time":98},{"type":"extraTap","angle":180,"time":102},{"type":"extraTap","angle":180,"time":106},{"type":"extraTap","angle":180,"time":110},{"type":"extraTap","angle":180,"time":114},{"type":"extraTap","angle":146.25,"time":96},{"type":"extraTap","angle":146.25,"time":100},{"type":"extraTap","angle":146.25,"time":104},{"type":"extraTap","angle":146.25,"time":112},{"type":"extraTap","angle":146.25,"time":116},{"type":"extraTap","angle":180,"time":118},{"type":"extraTap","angle":180,"time":122},{"type":"extraTap","angle":146.25,"time":120},{"type":"extraTap","angle":146.25,"time":124},{"type":"block","angle":281.25,"time":101.625},{"type":"block","angle":292.5,"time":102},{"type":"block","angle":292.5,"time":102.625},{"type":"block","angle":303.75,"time":103},{"type":"block","angle":281.25,"time":103.625},{"type":"block","angle":292.5,"time":104},{"type":"block","angle":360,"time":104.625},{"type":"block","angle":326.25,"time":105},{"type":"block","angle":303.75,"time":105.625},{"type":"block","angle":292.5,"time":106},{"angle2":225,"type":"hold","time":106.625,"angle":281.25,"duration":0.375},{"angle2":135,"type":"hold","time":107,"angle":225,"duration":0.625},{"angle2":146.25,"type":"hold","time":107.625,"angle":135,"duration":0.375},{"type":"extraTap","angle":180,"time":108},{"angle2":45,"type":"hold","time":108,"angle":146.25,"duration":0.625},{"angle2":90,"type":"hold","time":108.625,"angle":45,"duration":0.375},{"type":"inverse","angle":90,"time":109.625},{"type":"inverse","angle":67.5,"time":110},{"type":"inverse","angle":90,"time":110.625},{"type":"inverse","angle":67.5,"time":111},{"type":"inverse","angle":45,"time":111.625},{"type":"block","angle":22.5,"time":112.625},{"type":"block","angle":45,"time":113},{"type":"block","angle":78.75,"time":113.625},{"type":"block","angle":90,"time":114},{"type":"inverse","angle":78.75,"time":115},{"type":"inverse","angle":112.5,"time":115.625},{"type":"inverse","angle":135,"time":116},{"type":"inverse","angle":112.5,"time":116.625},{"type":"block","angle":135,"time":117},{"type":"block","angle":112.5,"time":117.625},{"type":"block","angle":90,"time":118},{"type":"block","angle":112.5,"time":118.625},{"type":"block","angle":90,"time":119},{"type":"block","angle":67.5,"time":119.625},{"type":"block","angle":22.5,"time":120.625},{"type":"block","angle":56.25,"time":121},{"type":"block","angle":78.75,"time":121.625},{"type":"block","angle":101.25,"time":122},{"type":"block","angle":90,"time":122.625},{"type":"block","angle":112.5,"time":123},{"type":"block","angle":123.75,"time":123.625},{"type":"block","angle":123.75,"time":124},{"type":"block","angle":112.5,"time":124.625},{"angle2":180,"type":"hold","time":125,"angle":90,"duration":0.75},{"angle2":135,"type":"hold","time":125.75,"angle":180,"duration":0.25},{"angle2":146.25,"type":"hold","time":126,"angle":135,"duration":0.625},{"angle2":90,"type":"hold","time":126.625,"angle":146.25,"duration":0.375},{"angle2":90,"type":"hold","time":127,"angle":90,"duration":0.625},{"angle2":0,"type":"hold","time":128.625,"angle":45,"duration":0.375},{"angle2":-56.25,"type":"hold","time":129,"angle":0,"duration":0.625},{"angle2":270,"type":"hold","time":129.625,"angle":303.75,"duration":0.375},{"angle2":270,"type":"hold","time":131,"angle":292.5,"duration":0.625},{"angle2":247.5,"type":"hold","time":131.625,"angle":270,"duration":0.375},{"angle2":281.25,"type":"hold","time":132,"angle":247.5,"duration":0.625},{"angle2":236.25,"type":"hold","time":132.625,"angle":281.25,"duration":0.375},{"angle2":270,"type":"hold","time":133,"angle":236.25,"duration":0.625},{"angle2":315,"type":"hold","time":133.625,"angle":270,"duration":0.375},{"angle2":303.75,"type":"hold","time":134,"angle":315,"duration":0.625},{"angle2":326.25,"type":"hold","time":134.625,"angle":303.75,"duration":0.375},{"angle2":360,"type":"hold","time":135,"angle":326.25,"duration":0.625},{"type":"inverse","angle":90,"time":125},{"type":"inverse","angle":135,"time":126},{"type":"inverse","angle":90,"time":127.625},{"type":"inverse","angle":360,"time":129},{"type":"inverse","angle":270,"time":130},{"type":"inverse","angle":281.25,"time":132.625},{"type":"inverse","angle":236.25,"time":133},{"type":"inverse","angle":315,"time":134},{"type":"block","angle":33.75,"time":3.625},{"type":"block","angle":56.25,"time":4},{"type":"block","angle":78.75,"time":4.625},{"type":"inverse","angle":270,"time":131.625},{"type":"inverse","angle":45,"time":128.625},{"angle2":45,"type":"hold","time":136.625,"angle":0,"duration":0.375},{"angle2":45,"type":"hold","time":137,"angle":45,"duration":0.625},{"angle2":90,"type":"hold","time":137.625,"angle":45,"duration":0.375},{"angle2":90,"type":"hold","time":138,"angle":90,"duration":0.625},{"angle2":45,"type":"hold","time":138.625,"angle":90,"duration":0.375},{"angle2":45,"type":"hold","time":139,"angle":45,"duration":0.625},{"angle2":90,"type":"hold","time":139.625,"angle":45,"duration":0.375},{"angle2":45,"type":"hold","time":140,"angle":90,"duration":0.625},{"angle2":180,"type":"hold","time":140.625,"angle":45,"duration":0.375},{"angle2":180,"type":"hold","time":141,"angle":180,"duration":0.625},{"angle2":202.5,"type":"hold","time":141.625,"angle":180,"duration":0.375},{"angle2":180,"type":"hold","time":142,"angle":202.5,"duration":0.625},{"angle2":225,"type":"hold","time":142.625,"angle":180,"duration":0.375},{"angle2":292.5,"type":"hold","time":143,"angle":225,"duration":0.625},{"angle2":337.5,"type":"hold","time":144.625,"angle":360,"duration":0.375},{"angle2":281.25,"type":"hold","time":145,"angle":337.5,"duration":0.625},{"angle2":101.25,"type":"hold","time":147,"angle":78.75,"duration":0.625},{"angle2":123.75,"type":"hold","time":147.625,"angle":101.25,"duration":0.375},{"angle2":90,"type":"hold","time":148,"angle":123.75,"duration":0.625},{"angle2":123.75,"type":"hold","time":148.625,"angle":90,"duration":0.375},{"angle2":225,"type":"hold","time":149,"angle":123.75,"duration":0.625},{"angle2":270,"type":"hold","time":149.625,"angle":225,"duration":0.375},{"angle2":247.5,"type":"hold","time":150,"angle":270,"duration":0.625},{"angle2":270,"type":"hold","time":150.625,"angle":247.5,"duration":0.375},{"angle2":303.75,"type":"hold","time":151,"angle":270,"duration":0.625},{"type":"inverse","angle":360,"time":135.625},{"type":"inverse","angle":360,"time":136.625},{"type":"inverse","angle":45,"time":137},{"type":"inverse","angle":90,"time":138},{"type":"inverse","angle":45,"time":139.625},{"type":"inverse","angle":45,"time":140.625},{"type":"inverse","angle":180,"time":141},{"type":"inverse","angle":202.5,"time":142},{"type":"inverse","angle":292.5,"time":143.625},{"type":"inverse","angle":0,"time":144.625},{"type":"inverse","angle":337.5,"time":145},{"type":"inverse","angle":292.5,"time":146},{"type":"inverse","angle":101.25,"time":147.625},{"type":"inverse","angle":90,"time":148.625},{"type":"inverse","angle":123.75,"time":149},{"type":"inverse","angle":270,"time":150},{"type":"inverse","angle":303.75,"time":151.625},{"angle2":-45,"angle":45,"time":152.625,"startTap":true,"type":"hold","duration":0.375},{"angle2":405,"angle":315,"time":153.625,"startTap":true,"type":"hold","duration":0.375},{"angle2":135,"angle":225,"time":154.625,"startTap":true,"type":"hold","duration":0.375},{"angle2":225,"angle":135,"time":155.625,"startTap":true,"type":"hold","duration":0.375},{"angle2":360,"time":156.625,"duration":0.375,"startTap":true,"type":"hold","angle":315,"holdEase":"outExpo"},{"type":"inverse","angle":45,"time":152.625},{"type":"inverse","angle":315,"time":153},{"type":"inverse","angle":45,"time":154},{"type":"inverse","angle":135,"time":155.625},{"type":"inverse","angle":315,"time":156.625},{"type":"inverse","angle":0,"time":157},{"type":"block","angle":0,"tap":true,"time":158},{"type":"block","angle":0,"time":158.625},{"type":"block","angle":0,"time":159},{"type":"block","angle":0,"tap":true,"time":159.625},{"type":"block","angle":56.25,"time":160.625},{"type":"block","angle":56.25,"tap":true,"time":161},{"type":"block","angle":56.25,"time":162},{"type":"block","angle":56.25,"tap":true,"time":162.625},{"type":"block","angle":56.25,"time":163},{"type":"block","angle":56.25,"tap":true,"time":163.625},{"type":"block","angle":90,"time":164.625},{"type":"block","angle":90,"tap":true,"time":165},{"type":"block","angle":90,"time":166},{"type":"block","angle":90,"tap":true,"time":166.625},{"type":"block","angle":90,"tap":true,"time":167.625},{"type":"block","angle":135,"time":168.625},{"type":"block","angle":101.25,"tap":true,"time":169},{"type":"block","angle":90,"time":170},{"type":"block","angle":0,"time":172.625},{"type":"block","angle":0,"tap":true,"time":173},{"type":"side","angle":45,"time":174},{"type":"side","angle":315,"tap":true,"time":174.625},{"type":"side","angle":45,"time":175},{"type":"side","angle":315,"tap":true,"time":175.625},{"type":"block","angle":270,"time":176.625},{"type":"side","angle":315,"tap":true,"time":177},{"type":"side","angle":225,"time":178},{"type":"side","angle":135,"tap":true,"time":178.625},{"type":"side","angle":90,"time":179},{"type":"side","angle":45,"tap":true,"time":179.625},{"angle2":180,"type":"hold","time":180.625,"angle":191.25,"duration":0.375},{"angle2":180,"type":"hold","duration":0.375,"angle":168.75,"endTap":true,"time":180.625},{"type":"block","angle":157.5,"time":182},{"type":"block","angle":146.25,"time":182},{"type":"block","angle":135,"time":182},{"type":"block","angle":90,"time":168},{"type":"block","angle":247.5,"tap":true,"time":182.625},{"type":"block","angle":225,"tap":true,"time":182.625},{"angle2":236.25,"type":"hold","time":183.625,"angle":225,"startTap":true,"duration":0.375},{"angle2":213.75,"angle":202.5,"time":183.625,"type":"hold","startTap":true,"duration":0.375},{"type":"side","angle":45,"tap":true,"time":185},{"type":"side","angle":315,"time":186},{"type":"side","angle":45,"tap":true,"time":186.625},{"type":"block","angle":67.5,"tap":true,"time":170.625},{"type":"block","angle":67.5,"time":171},{"type":"block","angle":90,"tap":true,"time":171.625},{"type":"extraTap","angle":180,"time":126},{"type":"extraTap","angle":180,"time":130},{"type":"extraTap","angle":180,"time":134},{"type":"extraTap","angle":180,"time":138},{"type":"extraTap","angle":180,"time":142},{"type":"extraTap","angle":180,"time":146},{"type":"extraTap","angle":180,"time":150},{"type":"extraTap","angle":180,"time":128},{"type":"extraTap","angle":180,"time":132},{"type":"extraTap","angle":180,"time":136},{"type":"extraTap","angle":180,"time":140},{"type":"extraTap","angle":180,"time":144},{"type":"extraTap","angle":180,"time":148},{"type":"side","angle":315,"tap":true,"time":187.625},{"angle2":247.5,"type":"hold","duration":0.625,"angle":236.25,"holdEase":"outSine","time":184},{"angle2":225,"type":"hold","duration":0.625,"angle":213.75,"holdEase":"outSine","time":184},{"type":"block","angle":360,"time":189},{"type":"block","angle":270,"time":190.625},{"type":"block","angle":303.75,"time":191.625},{"type":"block","angle":270,"time":192.625},{"type":"block","angle":326.25,"time":193},{"type":"block","angle":0,"time":194},{"type":"block","angle":22.5,"time":195},{"type":"block","angle":90,"time":195.625},{"type":"block","angle":67.5,"time":196},{"type":"block","angle":0,"time":197},{"angle2":315,"type":"hold","duration":1,"angle":270,"time":198.625},{"angle2":360,"type":"hold","time":200.625,"angle":315,"duration":0.375},{"angle2":56.25,"angle":22.5,"time":202,"type":"hold","duration":1},{"angle2":56.25,"type":"hold","time":203,"angle":56.25,"duration":0.625},{"angle2":-45,"angle":56.25,"time":203.625,"type":"hold","duration":0.375,"holdEase":"outSine"},{"type":"block","angle":337.5,"time":205},{"type":"block","angle":22.5,"time":205},{"type":"block","angle":225,"time":206.625},{"type":"block","angle":202.5,"time":207.625},{"type":"block","angle":191.25,"time":208.625},{"type":"block","angle":180,"time":209},{"type":"block","angle":78.75,"time":210},{"type":"block","angle":101.25,"time":211},{"type":"block","angle":157.5,"time":211.625},{"type":"block","angle":135,"time":212},{"type":"block","angle":180,"time":213},{"type":"block","angle":247.5,"time":214.625},{"type":"block","angle":213.75,"time":215.625},{"type":"block","angle":202.5,"time":216.625},{"type":"block","angle":180,"time":217},{"type":"extraTap","angle":360,"time":193},{"type":"extraTap","angle":315,"time":189},{"type":"extraTap","angle":22.5,"time":197},{"type":"extraTap","angle":0,"time":205},{"type":"extraTap","angle":157.5,"time":209},{"type":"extraTap","angle":157.5,"time":213},{"angle2":112.5,"angle":67.5,"time":218,"type":"hold","duration":1},{"angle2":225,"angle":112.5,"time":219,"type":"hold","duration":0.625},{"angle2":180,"angle":225,"time":219.625,"type":"hold","duration":0.375},{"type":"block","angle":191.25,"time":221},{"type":"block","angle":168.75,"time":221},{"type":"block","angle":180,"tap":true,"time":221},{"type":"extraTap","angle":146.25,"time":217},{"type":"extraTap","angle":315,"time":201},{"type":"extraTap","angle":157.5,"time":220},{"angle2":270,"angle":225,"time":222,"type":"hold","duration":1},{"angle2":315,"angle":270,"time":223,"type":"hold","startTap":true,"duration":1},{"angle2":360,"angle":315,"time":224,"type":"hold","duration":1},{"angle2":45,"angle":0,"duration":1,"type":"hold","startTap":true,"time":225},{"angle2":90,"type":"hold","time":226,"angle":45,"duration":1},{"angle2":135,"angle":90,"time":227,"type":"hold","startTap":true,"duration":1},{"angle2":180,"type":"hold","time":228,"angle":135,"duration":1},{"angle2":225,"type":"hold","duration":1,"angle":180,"startTap":true,"time":229},{"angle2":270,"type":"hold","time":230,"angle":225,"duration":1},{"angle2":315,"type":"hold","duration":1,"angle":270,"startTap":true,"time":231},{"angle2":360,"angle":315,"duration":1,"type":"hold","time":232},{"angle2":-90,"angle":0,"time":233,"type":"hold","startTap":true,"duration":1},{"angle2":450,"type":"hold","duration":1,"angle":270,"startTap":true,"time":234},{"angle2":270,"angle":90,"duration":1,"type":"hold","startTap":true,"time":235},{"angle2":180,"startTap":true,"duration":1,"angle":270,"type":"hold","endTap":true,"time":236},{"type":"block","angle":180,"tap":true,"time":249},{"angle":180,"type":"block","tap":true,"time":249.33332824707},{"angle":180,"type":"block","tap":true,"time":249.66667175293},{"type":"block","angle":180,"tap":true,"time":250},{"angle":180,"type":"block","tap":true,"time":250.33332824707},{"angle":180,"type":"block","tap":true,"time":250.66667175293},{"type":"block","angle":180,"tap":true,"time":251},{"angle":180,"type":"block","tap":true,"time":251.33332824707},{"angle":180,"type":"block","tap":true,"time":251.66667175293},{"angle2":0,"time":252,"duration":1,"startTap":true,"angle":180,"type":"hold","holdEase":"outSine"},{"type":"block","angle":337.5,"time":253},{"type":"block","angle":348.75,"time":253},{"type":"block","angle":11.25,"time":253},{"type":"block","angle":22.5,"time":253},{"type":"extraTap","angle":315,"time":253},{"angle2":90,"angle":180,"time":237,"type":"hold","duration":1},{"angle2":0,"startTap":true,"duration":1,"angle":90,"type":"hold","time":238},{"angle2":-90,"type":"hold","duration":1,"angle":0,"startTap":true,"time":239},{"angle2":180,"startTap":true,"time":240,"angle":270,"type":"hold","duration":1},{"angle2":45,"type":"mineHold","time":237,"angle":135,"duration":1},{"angle2":135,"type":"mineHold","time":237,"angle":225,"duration":1},{"angle2":-45,"type":"mineHold","time":238,"angle":45,"duration":1},{"angle2":225,"type":"mineHold","time":239,"angle":315,"duration":1},{"angle2":45,"type":"mineHold","time":238,"angle":135,"duration":1},{"angle2":135,"type":"mineHold","time":240,"angle":225,"duration":1},{"angle2":-45,"angle":45,"time":239,"type":"mineHold","duration":1},{"angle2":225,"angle":360,"time":236,"type":"mineHold","duration":1},{"angle2":225,"type":"mineHold","time":240,"angle":315,"duration":1},{"angle2":270,"angle":180,"duration":1,"type":"hold","startTap":true,"time":241},{"angle2":360,"startTap":true,"time":242,"type":"hold","angle":270,"duration":1},{"angle2":90,"angle":0,"duration":1,"type":"hold","startTap":true,"time":243},{"angle2":180,"startTap":true,"time":244,"type":"hold","angle":90,"duration":1},{"angle2":270,"type":"hold","duration":1,"angle":180,"startTap":true,"time":245},{"angle2":315,"startTap":true,"duration":1,"angle":270,"type":"hold","time":246},{"angle2":180,"angle":315,"duration":1,"type":"hold","startTap":true,"endTap":true,"time":247},{"angle2":315,"angle":225,"time":241,"type":"mineHold","duration":1},{"angle2":405,"angle":315,"time":242,"type":"mineHold","duration":1},{"angle2":135,"angle":45,"time":243,"type":"mineHold","duration":1},{"angle2":225,"angle":135,"time":244,"type":"mineHold","duration":1},{"angle2":315,"type":"mineHold","time":245,"angle":225,"duration":1},{"angle2":360,"angle":315,"time":246,"type":"mineHold","duration":1},{"angle2":225,"angle":135,"time":241,"type":"mineHold","duration":1},{"angle2":315,"type":"mineHold","time":242,"angle":225,"duration":1},{"angle2":405,"angle":315,"time":243,"type":"mineHold","duration":1},{"angle2":135,"angle":45,"time":244,"type":"mineHold","duration":1},{"angle2":225,"angle":135,"time":245,"type":"mineHold","duration":1}]