{"events":[{"volume":1,"type":"play","angle":202.5,"file":"Jumper.ogg","bpm":178,"time":-3},{"color":1,"b":255,"type":"setColor","g":255,"angle":360,"r":255,"time":-30},{"color":2,"b":174,"type":"setColor","g":0,"angle":22.5,"r":135,"time":-30},{"angle":67.5,"type":"setBgColor","color":0,"time":-30},{"type":"outline","enable":false,"angle":90,"color":2,"time":-30},{"sy":0.75,"hide":true,"angle":270,"id":"levelbg","sprite":"bgv2.png","drawLayer":"bg","time":-30,"type":"deco","x":112,"y":-7,"sx":0.75},{"color":3,"b":0,"type":"setColor","g":150,"angle":45,"r":6,"time":-30},{"color":0,"b":16,"type":"setColor","g":16,"angle":337.5,"r":16,"time":-30},{"enabled":true,"newAngle":-90,"angle":348.75,"paddle":1,"time":29.625,"ease":"inSine","type":"paddles","duration":2},{"enabled":true,"angle":303.75,"ease":"linear","time":-30,"type":"paddles","paddle":1,"duration":0},{"enabled":true,"newAngle":90,"angle":11.25,"paddle":2,"time":29.625,"ease":"inSine","type":"paddles","duration":2},{"type":"paddles","ease":"linear","time":-30,"angle":236.25,"paddle":2,"duration":0},{"b":0,"angle":11.25,"r":6,"time":24.625,"g":150,"ease":"linear","type":"setColor","color":0,"duration":3},{"b":0,"angle":33.75,"order":1,"time":29,"g":221,"r":6,"type":"setColor","color":0},{"b":0,"angle":45,"order":2,"time":29,"color":0,"ease":"outSine","r":6,"type":"setColor","g":150,"duration":1},{"b":16,"angle":360,"r":16,"time":-13,"g":16,"ease":"outSine","type":"setColor","color":0,"duration":5},{"color":0,"b":192,"type":"setColor","g":192,"angle":0,"r":192,"time":-29.5},{"newAngle":0,"angle":303.75,"paddle":1,"time":41,"ease":"outQuad","newWidth":35,"type":"paddles","duration":2},{"newAngle":0,"angle":56.25,"paddle":2,"time":41,"ease":"outQuad","newWidth":35,"type":"paddles","duration":2},{"enabled":true,"newAngle":-180,"angle":213.75,"paddle":1,"time":43,"ease":"linear","newWidth":70,"type":"paddles","duration":1},{"enabled":true,"newAngle":180,"angle":146.25,"paddle":2,"time":43,"ease":"linear","newWidth":70,"type":"paddles","duration":1},{"angle":360,"order":1,"var":"vfx.canvPos.r","time":60,"value":20,"ease":"outSine","type":"ease","duration":1},{"angle":337.5,"order":1,"var":"vfx.canvPos.sx","time":60,"value":1.2000000476837,"ease":"outSine","type":"ease","duration":1},{"angle":315,"order":1,"var":"vfx.canvPos.sy","time":60,"value":1.2000000476837,"ease":"outSine","type":"ease","duration":1},{"angle":348.75,"order":1,"var":"vfx.canvPos.r","time":61,"value":0,"ease":"outSine","type":"ease","duration":0.5},{"angle":337.5,"order":1,"var":"vfx.canvPos.sx","time":61,"value":1,"ease":"outSine","type":"ease","duration":0.5},{"angle":315,"order":1,"var":"vfx.canvPos.sy","time":61,"value":1,"ease":"outSine","type":"ease","duration":0.5},{"b":174,"angle":22.5,"r":135,"time":60,"g":0,"ease":"linear","type":"setColor","color":0,"duration":2},{"newAngle":0,"angle":337.5,"paddle":1,"time":61.125,"ease":"outSine","newWidth":70,"type":"paddles","duration":0.5},{"newAngle":0,"angle":315,"newWidth":70,"time":61.125,"ease":"outSine","paddle":2,"type":"paddles","duration":0.5},{"b":255,"angle":360,"order":1,"time":62,"g":0,"r":200,"type":"setColor","color":0},{"b":174,"angle":22.5,"order":2,"time":62,"color":0,"ease":"linear","r":135,"type":"setColor","g":0,"duration":1},{"b":255,"angle":360,"order":1,"time":64,"g":0,"r":200,"type":"setColor","color":0},{"b":174,"angle":22.5,"order":2,"time":64,"color":0,"ease":"linear","r":135,"type":"setColor","g":0,"duration":1},{"b":255,"angle":360,"order":1,"time":66,"g":0,"r":200,"type":"setColor","color":0},{"b":174,"angle":22.5,"order":2,"time":66,"color":0,"ease":"linear","r":135,"type":"setColor","g":0,"duration":1},{"b":255,"angle":360,"order":1,"time":68,"g":0,"r":200,"type":"setColor","color":0},{"b":174,"angle":22.5,"order":2,"time":68,"color":0,"ease":"linear","r":135,"type":"setColor","g":0,"duration":1},{"b":255,"angle":360,"order":1,"time":70,"g":0,"r":200,"type":"setColor","color":0},{"b":174,"angle":22.5,"order":2,"time":70,"color":0,"ease":"linear","r":135,"type":"setColor","g":0,"duration":1},{"duration":3,"ease":"inOutBack","value":150,"type":"ease","angle":270,"var":"p.x","time":60},{"b":255,"angle":360,"order":1,"time":72,"g":0,"r":200,"type":"setColor","color":0},{"b":174,"angle":22.5,"order":2,"time":72,"color":0,"ease":"linear","r":135,"type":"setColor","g":0,"duration":1},{"b":255,"angle":360,"order":1,"time":74,"g":0,"r":200,"type":"setColor","color":0},{"b":174,"angle":22.5,"order":2,"time":74,"color":0,"ease":"linear","r":135,"type":"setColor","g":0,"duration":1},{"b":0,"angle":247.5,"r":6,"time":76,"order":1,"g":221,"type":"setColor","color":0},{"b":0,"angle":213.75,"order":2,"time":76,"color":0,"ease":"linear","r":6,"type":"setColor","g":150,"duration":1},{"sy":2,"ox":-57.5,"oy":45,"angle":0,"id":"arrowleft","sprite":"arrowleft@4","recolor":-1,"drawLayer":"fg","type":"deco","hide":false,"time":71,"sx":-2},{"color":2,"b":255,"type":"setColor","g":255,"angle":360,"r":255,"time":70.785713195801},{"type":"deco","hide":true,"angle":0,"id":"arrowleft","time":75.75},{"time":76,"ease":"outCirc","value":450,"angle":281.25,"type":"ease","var":"p.x","duration":3},{"b":0,"angle":236.25,"r":6,"time":78,"order":1,"g":221,"type":"setColor","color":0},{"b":0,"angle":213.75,"order":2,"time":78,"color":0,"ease":"linear","r":6,"type":"setColor","g":150,"duration":1},{"b":0,"angle":168.75,"r":6,"time":80,"order":1,"g":221,"type":"setColor","color":0},{"b":0,"angle":157.5,"order":2,"time":80,"color":0,"ease":"linear","r":6,"type":"setColor","g":150,"duration":1},{"b":0,"angle":168.75,"r":6,"time":82,"order":1,"g":221,"type":"setColor","color":0},{"b":0,"angle":157.5,"order":2,"time":82,"color":0,"ease":"linear","r":6,"type":"setColor","g":150,"duration":1},{"b":0,"angle":168.75,"r":6,"time":84,"order":1,"g":221,"type":"setColor","color":0},{"b":0,"angle":157.5,"order":2,"time":84,"color":0,"ease":"linear","r":6,"type":"setColor","g":150,"duration":1},{"b":0,"angle":168.75,"order":1,"time":86,"g":221,"r":6,"type":"setColor","color":0},{"b":0,"angle":157.5,"order":2,"time":86,"color":0,"ease":"linear","r":6,"type":"setColor","g":150,"duration":1},{"b":0,"angle":168.75,"r":6,"time":88,"order":1,"g":221,"type":"setColor","color":0},{"b":0,"angle":157.5,"order":2,"time":88,"color":0,"ease":"linear","r":6,"type":"setColor","g":150,"duration":1},{"b":0,"angle":168.75,"order":1,"time":90,"g":221,"r":6,"type":"setColor","color":0},{"b":0,"angle":157.5,"order":2,"time":90,"color":0,"ease":"linear","r":6,"type":"setColor","g":150,"duration":1},{"angle":258.75,"order":1,"var":"vfx.canvPos.sx","time":93,"ease":"outSine","value":1.2000000476837,"type":"ease","duration":1},{"angle":236.25,"order":1,"var":"vfx.canvPos.sy","time":93,"ease":"outSine","value":1.2000000476837,"type":"ease","duration":1},{"duration":3,"ease":"outSine","value":300,"type":"ease","angle":213.75,"var":"p.x","time":93},{"angle":258.75,"order":1,"var":"vfx.canvPos.sx","time":94,"ease":"outSine","value":1,"type":"ease","duration":1},{"angle":236.25,"order":1,"var":"vfx.canvPos.sy","time":94,"ease":"outSine","value":1,"type":"ease","duration":1},{"b":0,"angle":168.75,"r":6,"time":92,"order":1,"g":221,"type":"setColor","color":0},{"b":0,"angle":157.5,"order":2,"time":92,"color":0,"ease":"linear","r":6,"type":"setColor","g":150,"duration":1},{"color":0,"b":255,"angle":180,"g":93,"type":"setColor","r":237,"time":93},{"b":0,"angle":168.75,"r":6,"time":94,"order":1,"g":221,"type":"setColor","color":0},{"b":0,"angle":157.5,"order":2,"time":94,"color":0,"ease":"linear","r":6,"type":"setColor","g":150,"duration":1},{"b":0,"angle":168.75,"r":6,"time":98,"order":1,"g":221,"type":"setColor","color":0},{"b":0,"angle":157.5,"order":2,"time":98,"color":0,"ease":"linear","r":6,"type":"setColor","g":150,"duration":1},{"b":0,"angle":168.75,"order":1,"time":102,"g":221,"r":6,"type":"setColor","color":0},{"b":0,"angle":157.5,"order":2,"time":102,"color":0,"ease":"linear","r":6,"type":"setColor","g":150,"duration":1},{"b":0,"angle":168.75,"order":1,"time":106,"g":221,"r":6,"type":"setColor","color":0},{"b":0,"angle":157.5,"order":2,"time":106,"color":0,"ease":"linear","r":6,"type":"setColor","g":150,"duration":1},{"b":0,"angle":168.75,"order":1,"time":110,"g":221,"r":6,"type":"setColor","color":0},{"b":0,"angle":157.5,"order":2,"time":110,"color":0,"ease":"linear","r":6,"type":"setColor","g":150,"duration":1},{"b":0,"angle":168.75,"order":1,"time":114,"g":221,"r":6,"type":"setColor","color":0},{"b":0,"angle":157.5,"order":2,"time":114,"color":0,"ease":"linear","r":6,"type":"setColor","g":150,"duration":1},{"b":255,"angle":157.5,"r":200,"time":96,"order":1,"g":0,"type":"setColor","color":0},{"b":255,"angle":168.75,"order":2,"time":96,"color":0,"ease":"linear","r":237,"type":"setColor","g":93,"duration":1},{"b":255,"angle":157.5,"r":237,"time":100,"order":1,"g":93,"type":"setColor","color":0},{"b":255,"angle":168.75,"order":2,"time":100,"color":0,"ease":"linear","r":200,"type":"setColor","g":0,"duration":1},{"b":255,"angle":157.5,"r":200,"time":104,"order":1,"g":0,"type":"setColor","color":0},{"b":255,"angle":168.75,"order":2,"time":104,"color":0,"ease":"linear","r":237,"type":"setColor","g":93,"duration":1},{"b":255,"angle":157.5,"r":237,"time":108,"order":1,"g":93,"type":"setColor","color":0},{"b":255,"angle":168.75,"order":2,"time":108,"color":0,"ease":"linear","r":200,"type":"setColor","g":0,"duration":1},{"b":255,"angle":157.5,"r":200,"time":112,"order":1,"g":0,"type":"setColor","color":0},{"b":255,"angle":168.75,"order":2,"time":112,"color":0,"ease":"linear","r":237,"type":"setColor","g":93,"duration":1},{"b":255,"angle":157.5,"r":237,"time":116,"order":1,"g":93,"type":"setColor","color":0},{"b":255,"angle":168.75,"order":2,"time":116,"color":0,"ease":"linear","r":200,"type":"setColor","g":0,"duration":1},{"b":0,"angle":168.75,"order":1,"time":118,"g":221,"r":6,"type":"setColor","color":0},{"b":0,"angle":157.5,"order":2,"time":118,"color":0,"ease":"linear","r":6,"type":"setColor","g":150,"duration":1},{"b":0,"angle":168.75,"order":1,"time":122,"g":221,"r":6,"type":"setColor","color":0},{"b":0,"angle":157.5,"order":2,"time":122,"color":0,"ease":"linear","r":6,"type":"setColor","g":150,"duration":1},{"b":255,"angle":157.5,"r":200,"time":120,"order":1,"g":0,"type":"setColor","color":0},{"b":255,"angle":168.75,"order":2,"time":120,"color":0,"ease":"linear","r":237,"type":"setColor","g":93,"duration":1},{"b":255,"angle":157.5,"r":237,"time":124,"order":1,"g":93,"type":"setColor","color":0},{"b":255,"angle":168.75,"order":2,"time":124,"color":0,"ease":"linear","r":200,"type":"setColor","g":0,"duration":1},{"sy":2,"ox":87.5,"oy":45,"angle":202.5,"id":"arrowright","sprite":"arrowright@4","recolor":-1,"drawLayer":"fg","time":86,"type":"deco","sx":-2},{"type":"deco","hide":true,"angle":360,"id":"arrowright","time":92.5},{"type":"deco","hide":true,"angle":337.5,"id":"arrowleft","time":92.5},{"angle":180,"chance":0.64999997615814,"type":"noise","color":0,"time":-30},{"time":125,"ease":"outCirc","value":1,"angle":0,"type":"ease","var":"vfx.canvPos.sx","duration":1},{"time":125,"ease":"outCirc","value":1,"angle":22.5,"type":"ease","var":"vfx.canvPos.sy","duration":1},{"time":123,"ease":"inExpo","value":1.5,"angle":0,"type":"ease","var":"vfx.canvPos.sx","duration":2},{"time":123,"ease":"inExpo","value":1.5,"angle":33.75,"type":"ease","var":"vfx.canvPos.sy","duration":2},{"sy":6,"ox":150,"oy":30,"angle":270,"id":"blockleft","sprite":"block.png","recolor":3,"drawLayer":"bg","type":"deco","hide":true,"time":-29.75,"sx":2},{"sy":6,"ox":-86,"oy":30,"angle":270,"id":"blockright","sprite":"block.png","recolor":3,"drawLayer":"bg","type":"deco","hide":true,"time":-29.5,"sx":2},{"type":"deco","hide":false,"angle":225,"id":"blockright","time":126},{"angle":236.25,"hide":false,"type":"deco","id":"blockleft","time":126},{"b":99,"angle":157.5,"order":2,"time":125,"color":0,"ease":"linear","r":93,"type":"setColor","g":187,"duration":1},{"b":74,"angle":202.5,"order":2,"time":125,"color":3,"ease":"linear","r":3,"type":"setColor","g":192,"duration":1},{"color":0,"b":74,"type":"setColor","g":192,"angle":22.5,"r":3,"time":157},{"enable":true,"type":"hom","angle":45,"time":157},{"color":1,"b":255,"type":"setColor","g":255,"angle":67.5,"r":255,"time":157},{"hide":false,"angle":90,"id":"blockleft","time":157,"recolor":7,"ease":"outSine","type":"deco","duration":1},{"hide":false,"angle":112.5,"id":"blockright","time":157,"recolor":7,"ease":"outSine","type":"deco","duration":1},{"b":99,"angle":191.25,"r":0,"time":126,"order":1,"g":255,"type":"setColor","color":3},{"b":74,"angle":202.5,"order":2,"time":126,"color":3,"ease":"linear","r":3,"type":"setColor","g":192,"duration":1},{"b":155,"angle":168.75,"r":152,"time":126,"order":1,"g":255,"type":"setColor","color":0},{"b":99,"angle":157.5,"order":2,"time":126,"color":0,"ease":"linear","r":93,"type":"setColor","g":187,"duration":1},{"b":99,"angle":191.25,"order":1,"time":130,"g":255,"r":0,"type":"setColor","color":3},{"b":74,"angle":202.5,"order":2,"time":130,"color":3,"ease":"linear","r":3,"type":"setColor","g":192,"duration":1},{"b":155,"angle":168.75,"order":1,"time":130,"g":255,"r":152,"type":"setColor","color":0},{"b":99,"angle":157.5,"order":2,"time":130,"color":0,"ease":"linear","r":93,"type":"setColor","g":187,"duration":1},{"b":99,"angle":191.25,"order":1,"time":134,"g":255,"r":0,"type":"setColor","color":3},{"b":74,"angle":202.5,"order":2,"time":134,"color":3,"ease":"linear","r":3,"type":"setColor","g":192,"duration":1},{"b":155,"angle":168.75,"order":1,"time":134,"g":255,"r":152,"type":"setColor","color":0},{"b":99,"angle":157.5,"order":2,"time":134,"color":0,"ease":"linear","r":93,"type":"setColor","g":187,"duration":1},{"b":99,"angle":191.25,"order":1,"time":138,"g":255,"r":0,"type":"setColor","color":3},{"b":74,"angle":202.5,"order":2,"time":138,"color":3,"ease":"linear","r":3,"type":"setColor","g":192,"duration":1},{"b":155,"angle":168.75,"order":1,"time":138,"g":255,"r":152,"type":"setColor","color":0},{"b":99,"angle":157.5,"order":2,"time":138,"color":0,"ease":"linear","r":93,"type":"setColor","g":187,"duration":1},{"b":99,"angle":191.25,"order":1,"time":142,"g":255,"r":0,"type":"setColor","color":3},{"b":74,"angle":225,"order":2,"time":142,"color":3,"ease":"linear","r":3,"type":"setColor","g":192,"duration":1},{"b":155,"angle":168.75,"order":1,"time":142,"g":255,"r":152,"type":"setColor","color":0},{"b":99,"angle":157.5,"order":2,"time":142,"color":0,"ease":"linear","r":93,"type":"setColor","g":187,"duration":1},{"b":99,"angle":191.25,"order":1,"time":146,"g":255,"r":0,"type":"setColor","color":3},{"b":74,"angle":202.5,"order":2,"time":146,"color":3,"ease":"linear","r":3,"type":"setColor","g":192,"duration":1},{"b":155,"angle":168.75,"order":1,"time":146,"g":255,"r":152,"type":"setColor","color":0},{"b":99,"angle":157.5,"order":2,"time":146,"color":0,"ease":"linear","r":93,"type":"setColor","g":187,"duration":1},{"b":99,"angle":191.25,"order":1,"time":150,"g":255,"r":0,"type":"setColor","color":3},{"b":74,"angle":202.5,"order":2,"time":150,"color":3,"ease":"linear","r":3,"type":"setColor","g":192,"duration":1},{"b":155,"angle":168.75,"order":1,"time":150,"g":255,"r":152,"type":"setColor","color":0},{"b":99,"angle":157.5,"order":2,"time":150,"color":0,"ease":"linear","r":93,"type":"setColor","g":187,"duration":1},{"b":99,"angle":191.25,"order":1,"time":128,"g":255,"r":0,"type":"setColor","color":0},{"b":74,"angle":202.5,"order":2,"time":128,"color":0,"ease":"linear","r":3,"type":"setColor","g":192,"duration":1},{"b":155,"angle":168.75,"order":1,"time":128,"g":255,"r":152,"type":"setColor","color":3},{"b":99,"angle":157.5,"order":2,"time":128,"color":3,"ease":"linear","r":93,"type":"setColor","g":187,"duration":1},{"b":99,"angle":191.25,"order":1,"time":132,"g":255,"r":0,"type":"setColor","color":0},{"b":74,"angle":202.5,"order":2,"time":132,"color":0,"ease":"linear","r":3,"type":"setColor","g":192,"duration":1},{"b":155,"angle":168.75,"order":1,"time":132,"g":255,"r":152,"type":"setColor","color":3},{"b":99,"angle":157.5,"order":2,"time":132,"color":3,"ease":"linear","r":93,"type":"setColor","g":187,"duration":1},{"b":99,"angle":191.25,"order":1,"time":136,"g":255,"r":0,"type":"setColor","color":0},{"b":74,"angle":202.5,"order":2,"time":136,"color":0,"ease":"linear","r":3,"type":"setColor","g":192,"duration":1},{"b":155,"angle":168.75,"order":1,"time":136,"g":255,"r":152,"type":"setColor","color":3},{"b":99,"angle":157.5,"order":2,"time":136,"color":3,"ease":"linear","r":93,"type":"setColor","g":187,"duration":1},{"b":99,"angle":191.25,"order":1,"time":140,"g":255,"r":0,"type":"setColor","color":0},{"b":74,"angle":202.5,"order":2,"time":140,"color":0,"ease":"linear","r":3,"type":"setColor","g":192,"duration":1},{"b":155,"angle":168.75,"order":1,"time":140,"g":255,"r":152,"type":"setColor","color":3},{"b":99,"angle":157.5,"order":2,"time":140,"color":3,"ease":"linear","r":93,"type":"setColor","g":187,"duration":1},{"b":99,"angle":191.25,"order":1,"time":144,"g":255,"r":0,"type":"setColor","color":0},{"b":74,"angle":202.5,"order":2,"time":144,"color":0,"ease":"linear","r":3,"type":"setColor","g":192,"duration":1},{"b":155,"angle":168.75,"order":1,"time":144,"g":255,"r":152,"type":"setColor","color":3},{"b":99,"angle":157.5,"order":2,"time":144,"color":3,"ease":"linear","r":93,"type":"setColor","g":187,"duration":1},{"b":99,"angle":191.25,"order":1,"time":148,"g":255,"r":0,"type":"setColor","color":0},{"b":74,"angle":202.5,"order":2,"time":148,"color":0,"ease":"linear","r":3,"type":"setColor","g":192,"duration":1},{"b":155,"angle":168.75,"order":1,"time":148,"g":255,"r":152,"type":"setColor","color":3},{"b":99,"angle":157.5,"order":2,"time":148,"color":3,"ease":"linear","r":93,"type":"setColor","g":187,"duration":1},{"b":139,"angle":135,"order":1,"time":157,"g":255,"r":131,"type":"setColor","color":7},{"b":74,"angle":157.5,"order":2,"time":157,"color":7,"ease":"linear","r":3,"type":"setColor","g":192,"duration":5},{"recolor":5,"angle":0,"hide":true,"sprite":"block.png","type":"deco","id":"blocktest","time":-29},{"color":5,"type":"setColor","angle":45,"r":255,"time":-29},{"time":189,"value":280,"ease":"outCirc","type":"ease","angle":292.5,"var":"p.y","duration":3},{"enable":false,"angle":180,"type":"hom","time":186},{"angle":90,"var":"p.lookRadius","time":43,"value":-6,"ease":"linear","type":"ease","start":6,"duration":1},{"angle":22.5,"value":6,"type":"ease","var":"p.lookRadius","time":61.125},{"angle":90,"value":4,"type":"ease","var":"vfx.extraTapWidth","time":-4},{"angle":78.75,"value":6,"type":"ease","var":"vfx.extraTapWidthPulse","time":-4},{"angle":101.25,"value":1,"type":"ease","var":"vfx.tapPulsePeriod","time":-4},{"type":"ease","value":2.5,"angle":90,"var":"vfx.tapPulseStrength","time":22},{"type":"ease","value":5,"angle":101.25,"var":"vfx.tapWidthPulse","time":22},{"angle":90,"var":"vfx.pixelate","time":-13,"value":1,"ease":"linear","start":5,"type":"ease","duration":5},{"enabled":false,"type":"paddles","ease":"linear","time":61.875,"angle":90,"paddle":2,"duration":0},{"sy":21,"ox":16,"oy":10,"angle":146.25,"id":"bg2c","sprite":"bg2c.png","drawLayer":"bg","time":189,"type":"deco","sx":21},{"angle":213.75,"hide":true,"type":"deco","id":"blockright","time":189},{"angle":225,"hide":true,"type":"deco","id":"blockleft","time":189},{"angle":11.25,"type":"setBgColor","color":0,"time":189},{"angleOffset":false,"angle":78.75,"tag":"colorscont","type":"tag","time":189},{"r":6,"b":0,"angle":67.5,"color":5,"type":"setColor","g":150,"time":189},{"g":192,"b":74,"angle":90,"r":3,"type":"setColor","color":6,"time":189},{"g":255,"b":139,"type":"setColor","r":131,"angle":112.5,"color":7,"time":189},{"r":5,"b":0,"type":"setColor","color":3,"angle":45,"g":104,"time":189},{"g":195,"b":112,"angle":22.5,"color":0,"type":"setColor","r":101,"time":189},{"angleOffset":false,"angle":78.75,"tag":"colorscont","type":"tag","time":193},{"angleOffset":false,"angle":78.75,"tag":"colorscont","type":"tag","time":197},{"angleOffset":false,"angle":78.75,"tag":"colorscont","type":"tag","time":201},{"angleOffset":false,"angle":78.75,"tag":"colorscont","type":"tag","time":205},{"angleOffset":false,"angle":78.75,"tag":"colorscont","type":"tag","time":209},{"type":"showResults","angle":0,"time":252},{"angleOffset":false,"angle":78.75,"tag":"colorscont","type":"tag","time":213},{"angleOffset":false,"angle":78.75,"tag":"colorscont","type":"tag","time":217},{"angleOffset":false,"angle":78.75,"tag":"colorscont","type":"tag","time":221},{"angleOffset":false,"angle":78.75,"tag":"colorscont","type":"tag","time":225},{"angleOffset":false,"angle":78.75,"tag":"colorscont","type":"tag","time":229},{"angleOffset":false,"angle":78.75,"tag":"colorscont","type":"tag","time":233},{"angleOffset":false,"angle":78.75,"tag":"colorscont","type":"tag","time":237},{"angleOffset":false,"angle":78.75,"tag":"colorscont","type":"tag","time":241},{"angleOffset":false,"angle":78.75,"tag":"colorscont","type":"tag","time":245},{"angleOffset":false,"angle":78.75,"tag":"colorscont","type":"tag","time":249},{"angle":337.5,"time":189,"type":"noise","color":0,"chance":0},{"angle":56.25,"hide":true,"time":205,"type":"deco","id":"arrowleft","sprite":""},{"b":127,"angle":45,"r":127,"name":"start","time":-13,"description":"","type":"bookmark","g":127},{"b":18,"angle":67.5,"r":0,"name":"green swirly","time":29,"description":"","type":"bookmark","g":214},{"b":180,"angle":112.5,"r":152,"name":"left side","time":62,"description":"","type":"bookmark","g":0},{"b":4,"angle":292.5,"r":0,"name":"right side","time":77,"description":"","type":"bookmark","g":181},{"b":157,"angle":315,"r":160,"name":"middle alternating","time":93,"description":"","type":"bookmark","g":0},{"b":115,"angle":90,"r":106,"name":"shamrock blocks","time":126,"description":"","type":"bookmark","g":255},{"b":105,"angle":326.25,"r":56,"name":"emily noise","time":157,"description":"","type":"bookmark","g":255},{"b":9,"angle":270,"r":0,"name":"creeper ahh border (bottom)","time":189,"description":"","type":"bookmark","g":95},{"angle":281.25,"value":1.5,"type":"ease","var":"scrollSpeed","time":93},{"angle":292.5,"value":1,"type":"ease","var":"scrollSpeed","time":157},{"sy":2,"ox":1,"oy":17,"angle":22.5,"id":"arrowleft","time":200.75,"drawLayer":"bg","sprite":"arrowleft@4","type":"deco","hide":false,"r":90,"sx":2},{"time":205,"value":80,"ease":"outCirc","angle":101.25,"type":"ease","var":"p.y","duration":3},{"angle":191.25,"value":1.5,"type":"ease","var":"scrollSpeed","time":189},{"b":6,"angle":123.75,"r":0,"name":"creeper ahh border (top)","time":205,"description":"","type":"bookmark","g":116},{"b":31,"angle":135,"r":0,"name":"finale!","time":221,"description":"Jumper!","type":"bookmark","g":255},{"time":221,"value":180,"ease":"outCirc","type":"ease","angle":236.25,"var":"p.y","duration":3},{"sy":2,"ox":1,"oy":17,"angle":33.75,"id":"arrowleft","time":216,"drawLayer":"bg","sprite":"arrowleft@4","type":"deco","hide":false,"r":-90,"sx":2},{"type":"deco","hide":true,"angle":45,"id":"arrowleft","time":221},{"sy":2,"ox":45,"oy":17,"angle":0,"id":"arrowleft","time":184,"recolor":-1,"drawLayer":"fg","sprite":"arrowleft@4","r":-90,"type":"deco","hide":false,"sx":2},{"angle":247.5,"hide":true,"sprite":"","type":"deco","id":"arrowleft","time":189},{"angleOffset":false,"angle":168.75,"tag":"canvpuls","type":"tag","time":189},{"angleOffset":false,"angle":168.75,"tag":"canvpuls","type":"tag","time":191},{"angleOffset":false,"angle":168.75,"tag":"canvpuls","type":"tag","time":193},{"angleOffset":false,"angle":168.75,"tag":"canvpuls","type":"tag","time":195},{"angleOffset":false,"angle":168.75,"tag":"canvpuls","type":"tag","time":197},{"angleOffset":false,"angle":168.75,"tag":"canvpuls","type":"tag","time":199},{"angleOffset":false,"angle":168.75,"tag":"canvpuls","type":"tag","time":201},{"angleOffset":false,"angle":168.75,"tag":"canvpuls","type":"tag","time":203},{"angleOffset":false,"angle":168.75,"tag":"canvpuls","type":"tag","time":205},{"angleOffset":false,"angle":168.75,"tag":"canvpuls","type":"tag","time":207},{"angleOffset":false,"angle":168.75,"tag":"canvpuls","type":"tag","time":209},{"angleOffset":false,"angle":168.75,"tag":"canvpuls","type":"tag","time":211},{"angleOffset":false,"angle":168.75,"tag":"canvpuls","type":"tag","time":213},{"angleOffset":false,"angle":168.75,"tag":"canvpuls","type":"tag","time":215},{"angleOffset":false,"angle":168.75,"tag":"canvpuls","type":"tag","time":217},{"angleOffset":false,"angle":168.75,"tag":"canvpuls","type":"tag","time":219},{"angleOffset":false,"angle":168.75,"tag":"canvpuls","type":"tag","time":221},{"type":"noise","chance":0.5,"angle":348.75,"color":0,"time":221},{"enable":true,"type":"hom","angle":11.25,"time":221},{"angleOffset":false,"angle":168.75,"tag":"canvpuls","type":"tag","time":223},{"angleOffset":false,"angle":168.75,"tag":"canvpuls","type":"tag","time":225},{"angleOffset":false,"angle":168.75,"tag":"canvpuls","type":"tag","time":227},{"angleOffset":false,"angle":168.75,"tag":"canvpuls","type":"tag","time":229},{"angleOffset":false,"angle":168.75,"tag":"canvpuls","type":"tag","time":231},{"angleOffset":false,"angle":168.75,"tag":"canvpuls","type":"tag","time":233},{"angleOffset":false,"angle":168.75,"tag":"canvpuls","type":"tag","time":235},{"angleOffset":false,"angle":168.75,"tag":"canvpuls","type":"tag","time":237},{"angleOffset":false,"angle":168.75,"tag":"canvpuls","type":"tag","time":239},{"angleOffset":false,"angle":168.75,"tag":"canvpuls","type":"tag","time":241},{"angleOffset":false,"angle":168.75,"tag":"canvpuls","type":"tag","time":243},{"angleOffset":false,"angle":168.75,"tag":"canvpuls","type":"tag","time":245},{"angleOffset":false,"angle":168.75,"tag":"canvpuls","type":"tag","time":247},{"angleOffset":false,"angle":168.75,"tag":"canvpuls","type":"tag","time":249},{"angleOffset":false,"angle":168.75,"tag":"canvpuls","type":"tag","time":251},{"type":"paddles","duration":1,"ease":"outSine","paddle":1,"angle":191.25,"newWidth":20,"time":236},{"type":"paddles","time":246,"ease":"outSine","newWidth":70,"angle":191.25,"paddle":1,"duration":1},{"b":0,"angle":270,"r":0,"time":249,"color":1,"ease":"linear","type":"setColor","g":0,"duration":4},{"b":255,"angle":247.5,"r":255,"time":249,"g":255,"ease":"linear","type":"setColor","color":0,"duration":4},{"sy":30,"angle":292.5,"id":"bg2c","time":249,"ease":"inSine","duration":4,"type":"deco","sx":30},{"enable":false,"type":"hom","angle":45,"time":237},{"type":"noise","chance":0,"angle":67.5,"color":0,"time":237},{"sy":2,"ox":17,"oy":-10,"angle":303.75,"id":"arrowleft","time":57,"recolor":1,"drawLayer":"fg","sprite":"arrowleft@4","type":"deco","sx":2},{"angle":45,"hide":true,"type":"deco","id":"arrowleft","time":61}],"properties":{"startBeat":0,"formatversion":13,"speed":70,"offset":13},"metadata":{"bgData":{"redChannel":{"b":174,"r":135,"g":0},"blueChannel":{"b":0,"r":6,"g":150},"greenChannel":{"b":255,"r":255,"g":255},"image":"ssbg.png","magentaChannel":{"b":255,"r":255,"g":255},"cyanChannel":{"b":255,"r":255,"g":255},"yellowChannel":{"b":255,"r":255,"g":255}},"songName":"Jumper","artistLink":"https://www.waterflame.com/","difficulty":7,"artist":"Waterflame","description":"Jumper!","bg":true,"charter":"Mystyx"}}