{"properties":{"formatversion":12,"startBeat":-0.5,"loadBeat":0,"speed":240,"offset":1.5},"metadata":{"bg":true,"songName":"Bricks in the Desert","artistLink":"","difficulty":5,"artist":"bananharcos","charter":"bananharcos","bgData":{"redChannel":{"b":150,"r":224,"g":224},"image":"Deco.png","blueChannel":{"b":114,"r":202,"g":202}},"description":"The song and charting was made by me.\n[Song made in jummbox btw]\nI hope you enjoy!\n\n\n\n\n\n\n\n\nMechanics: Mines, Sides, Inverts."},"events":[{"b":27,"duration":0.75,"angle":360,"order":2,"g":144,"r":137,"type":"setColor","color":3,"time":0.25,"ease":"outSine"},{"b":89,"duration":0.75,"angle":337.5,"order":2,"g":167,"r":167,"type":"setColor","color":2,"time":0.25,"ease":"outSine"},{"b":177,"duration":0.75,"angle":315,"order":2,"g":81,"r":60,"type":"setColor","color":1,"time":0.25,"ease":"outSine"},{"b":100,"duration":0.75,"angle":292.5,"order":2,"g":189,"r":190,"type":"setColor","color":0,"time":0.25,"ease":"outSine"},{"time":0,"type":"setBgColor","color":0,"angle":270},{"time":0.25,"type":"outline","color":3,"angle":33.75,"enable":true},{"angle":157.5,"type":"play","volume":1,"bpm":60,"file":"Bacons-in-the-field.ogg","time":1},{"b":0,"angle":0,"g":0,"description":"Things get harder.","name":"part 2","type":"bookmark","time":17,"r":255},{"b":0,"angle":22.5,"g":255,"description":"","name":"Start","type":"bookmark","time":1,"r":0},{"b":0,"angle":360,"g":255,"description":"an easyer section like the first one.","name":"Part 3","type":"bookmark","time":33,"r":255},{"b":0,"angle":0,"g":255,"description":"An easy section.","name":"Part 4","type":"bookmark","time":41,"r":0},{"b":0,"angle":0,"g":255,"description":"a small easy part.","name":"Part 5","type":"bookmark","time":65,"r":0},{"time":161,"angle":180,"type":"showResults"},{"b":0,"angle":360,"g":255,"description":"The start rythm again.","name":"Part 6","type":"bookmark","time":73,"r":189.00000393391},{"newWidth":90,"duration":0.5,"type":"paddles","paddle":1,"time":83,"angle":45,"ease":"inSine"},{"newWidth":110,"duration":0.5,"type":"paddles","paddle":1,"time":85,"angle":337.5,"ease":"inSine"},{"newWidth":70,"duration":1,"type":"paddles","paddle":1,"time":87,"angle":22.5,"ease":"inOutSine"},{"b":0,"angle":22.5,"g":164.99999016523,"description":"spinny section with extras!","name":"Part 7","type":"bookmark","time":81,"r":255},{"b":0,"angle":0,"g":255,"description":"A medium section (hopefully)","name":"Part 8","type":"bookmark","time":105,"r":255},{"enable":false,"time":0,"type":"setBoolean","var":"vfx.drawSongTitle","angle":45},{"enable":false,"time":0,"type":"setBoolean","var":"vfx.drawDifficulty","angle":67.5},{"b":0,"angle":360,"g":255,"description":"an easy section","name":"Part 9","type":"bookmark","time":113,"r":0},{"angle":112.5,"type":"noise","color":0,"time":0,"chance":0.40000051259995,"order":3},{"time":0,"enable":true,"type":"hom","angle":135},{"b":0,"angle":0,"g":0,"description":"Drop?","name":"Part 10 (drop)","type":"bookmark","time":128,"r":255},{"b":165.00000536442,"angle":168.75,"g":146.00000649691,"description":"","name":"Part 11","type":"bookmark","time":133,"r":174.00000482798},{"b":0,"angle":360,"g":151.00000619888,"description":"A harder part thats fast.","name":"Part 12","type":"bookmark","time":145,"r":255},{"outline":true,"x":0,"duration":0.5,"y":0,"sprite":"Deco.png","time":0,"type":"deco","drawLayer":"bg","id":"","angle":157.5,"ease":"linear"},{"b":114,"angle":247.5,"order":1,"g":202,"type":"setColor","color":3,"time":0,"r":202},{"b":150,"angle":225,"order":1,"g":224,"type":"setColor","color":2,"time":0,"r":224},{"b":255,"angle":202.5,"order":1,"g":255,"type":"setColor","color":1,"time":0,"r":255},{"b":255,"angle":180,"order":0,"g":255,"type":"setColor","color":0,"time":0,"r":255},{"duration":0,"paddle":1,"enabled":false,"newWidth":20,"time":0,"type":"paddles","angle":22.5,"ease":"linear"},{"time":0.25,"paddle":1,"enabled":true,"newWidth":70,"duration":0.75,"type":"paddles","angle":22.5,"ease":"outSine"}]}