[{"angle":0,"time":4,"type":"block"},{"angle":292.5,"time":4.5,"type":"block"},{"angle":315,"time":5,"type":"block"},{"angle":337.5,"time":5.5,"type":"block"},{"angle":22.5,"time":6,"type":"block"},{"angle":315,"time":6.5,"type":"block"},{"angle":337.5,"time":7,"type":"block"},{"angle":360,"time":7.5,"type":"block"},{"angle":45,"time":8,"type":"block"},{"angle":292.5,"time":8.5,"type":"block"},{"angle":315,"time":9,"type":"block"},{"angle":337.5,"time":9.5,"type":"block"},{"angle":22.5,"time":10,"type":"block"},{"angle":315,"time":10.5,"type":"block"},{"angle":337.5,"time":11,"type":"block"},{"angle":360,"time":11.5,"type":"block"},{"angle":45,"time":12,"type":"block"},{"angle":292.5,"time":12.5,"type":"block"},{"angle":315,"time":13,"type":"block"},{"angle":337.5,"time":13.5,"type":"block"},{"angle":22.5,"time":14,"type":"block"},{"angle":315,"time":14.5,"type":"block"},{"angle":337.5,"time":15,"type":"block"},{"angle":360,"time":15.5,"type":"block"},{"angle":45,"time":16,"type":"block"},{"angle":292.5,"time":16.5,"type":"block"},{"angle":315,"time":17,"type":"block"},{"angle":337.5,"time":17.5,"type":"block"},{"angle":22.5,"time":18,"type":"block"},{"angle":315,"time":18.5,"type":"block"},{"angle":337.5,"time":19,"type":"block"},{"angle":360,"time":19.5,"type":"block"},{"angle":45,"time":20,"type":"block"},{"angle":292.5,"time":20.5,"type":"block"},{"angle":315,"time":21,"type":"block"},{"angle":337.5,"time":21.5,"type":"block"},{"angle":22.5,"time":22,"type":"block"},{"angle":315,"time":22.5,"type":"block"},{"angle":337.5,"time":23,"type":"block"},{"angle":360,"time":23.5,"type":"block"},{"angle":45,"time":24,"type":"block"},{"angle":292.5,"time":24.5,"type":"block"},{"angle":315,"time":25,"type":"block"},{"angle":337.5,"time":25.5,"type":"block"},{"angle":22.5,"time":26,"type":"block"},{"angle":315,"time":26.5,"type":"block"},{"angle":337.5,"time":27,"type":"block"},{"angle":360,"time":27.5,"type":"block"},{"angle":45,"time":28,"type":"block"},{"angle":292.5,"time":28.5,"type":"block"},{"angle":315,"time":29,"type":"block"},{"angle":337.5,"time":29.5,"type":"block"},{"angle":22.5,"time":30,"type":"block"},{"angle":315,"time":30.5,"type":"block"},{"angle":337.5,"time":31,"type":"block"},{"angle":360,"time":31.5,"type":"block"},{"time":32.5,"tap":true,"angle":45,"speedMult":1,"type":"block"},{"time":32,"tap":true,"angle":45,"speedMult":1,"type":"block"},{"time":32,"duration":4,"angle2":67.5,"angle":0,"speedMult":1,"type":"mineHold"},{"time":33.5,"tap":true,"angle":67.5,"speedMult":1,"type":"block"},{"time":33,"tap":true,"angle":67.5,"speedMult":1,"type":"block"},{"time":34.5,"tap":true,"angle":90,"speedMult":1,"type":"block"},{"time":34,"tap":true,"angle":90,"speedMult":1,"type":"block"},{"time":35.5,"tap":true,"angle":112.5,"speedMult":1,"type":"block"},{"time":35,"tap":true,"angle":112.5,"speedMult":1,"type":"block"},{"time":32,"duration":4,"angle2":157.5,"angle":90,"speedMult":1,"type":"mineHold"},{"startTap":true,"time":36,"duration":1.5,"angle2":157.5,"angle":113.5,"type":"hold"},{"startTap":true,"time":37.5,"duration":1.5,"angle2":180,"angle":157.5,"type":"hold"},{"startTap":true,"time":39,"duration":1,"angle2":180,"angle":180,"type":"hold"},{"startTap":true,"time":40,"holdEase":"outExpo","angle2":90,"angle":180,"type":"hold","duration":2},{"angle":67.5,"time":40.5,"type":"inverse"},{"angle":112.5,"time":41,"type":"inverse"},{"angle":90,"time":41.5,"type":"inverse"},{"angle":67.5,"time":42,"type":"inverse"},{"angle":90,"time":42.5,"type":"inverse"},{"angle":112.5,"time":43,"type":"inverse"},{"angle":90,"time":43.5,"type":"inverse"},{"angle":90,"time":43.5,"type":"block"},{"startTap":true,"time":44,"duration":1.5,"angle2":22.5,"angle":90,"type":"hold"},{"startTap":true,"time":45.5,"duration":1.5,"angle2":-90,"angle":22.5,"type":"hold"},{"endAngle":270,"duration":1,"startTap":true,"time":47,"holdEase":"outElastic","angle2":270,"angle":360,"type":"hold"},{"startTap":true,"time":48,"holdEase":"inElastic","angle2":247.5,"angle":270,"type":"hold","duration":2},{"angle":292.5,"time":48.5,"type":"inverse"},{"angle":247.5,"time":49,"type":"inverse"},{"angle":270,"time":49.5,"type":"inverse"},{"angle":292.5,"time":50,"type":"inverse"},{"angle":270,"time":50.5,"type":"inverse"},{"angle":247.5,"time":51,"type":"inverse"},{"angle":270,"time":51.5,"type":"inverse"},{"startTap":true,"time":52,"duration":2,"angle2":360,"angle":270,"type":"hold"},{"startTap":true,"time":54,"duration":2,"angle2":90,"angle":0,"type":"hold"},{"startTap":true,"time":56,"holdEase":"outCubic","angle2":90,"angle":90,"type":"hold","duration":3},{"startTap":true,"time":59,"holdEase":"outCubic","angle2":67.5,"angle":90,"type":"hold","duration":1},{"duration":2,"startTap":true,"time":60,"segments":7,"holdEase":"outElastic","angle2":112.5,"angle":67.5,"type":"hold"},{"angle":90,"time":60.5,"type":"inverse"},{"angle":135,"time":61,"type":"inverse"},{"angle":112.5,"time":61.5,"type":"inverse"},{"angle":90,"time":62,"type":"inverse"},{"angle":112.5,"time":62.5,"type":"inverse"},{"angle":135,"time":63,"type":"inverse"},{"angle":112.5,"time":63.5,"type":"inverse"},{"startTap":true,"time":64,"duration":1,"angle2":135,"angle":105,"type":"hold"},{"startTap":true,"time":64,"duration":1,"angle2":105,"angle":90,"type":"hold"},{"startTap":true,"time":65,"duration":1,"angle2":90,"angle":105,"type":"hold"},{"startTap":true,"time":65,"duration":1,"angle2":105,"angle":135,"type":"hold"},{"startTap":true,"time":66,"duration":1,"angle2":45,"angle":90,"type":"hold"},{"startTap":true,"time":66,"duration":1,"angle2":75,"angle":105,"type":"hold"},{"time":67,"tap":true,"angle":60,"type":"block"},{"angle":225,"time":51,"type":"side"},{"startTap":true,"time":68,"duration":2,"angle2":120,"angle":60,"type":"hold","endTap":true},{"startTap":true,"time":72,"duration":2,"angle2":150,"angle":180,"type":"hold"},{"startTap":true,"time":74,"duration":2,"angle2":270,"angle":150,"type":"hold"},{"startTap":true,"time":76,"duration":2,"angle2":255,"angle":270,"type":"hold"},{"startTap":true,"time":78,"duration":2,"angle2":180,"angle":255,"type":"hold"},{"startTap":true,"time":80,"duration":2,"angle2":90,"angle":180,"type":"hold"},{"time":70,"duration":2,"angle2":135,"angle":75,"type":"mineHold"},{"angle":180,"time":70,"type":"mine"},{"angle":150,"time":70.5,"type":"side"},{"angle":90,"time":83,"type":"block"},{"angle":105,"time":83.5,"type":"block"},{"time":84,"tap":true,"angle":75,"type":"side"},{"angle":270,"time":85,"type":"block"},{"angle":285,"time":85.5,"type":"block"},{"time":86,"tap":true,"angle":255,"type":"side"},{"time":83,"duration":2,"angle2":135,"angle":150,"type":"mineHold"},{"time":83,"duration":2,"angle2":225,"angle":210,"type":"mineHold"},{"time":85,"duration":2,"angle2":330,"angle":315,"type":"mineHold"},{"time":85,"duration":2,"angle2":30,"angle":45,"type":"mineHold"},{"angle":90,"time":87,"type":"block"},{"angle":75,"time":87.5,"type":"block"},{"time":88,"tap":true,"angle":105,"type":"side"},{"angle":180,"time":89.5,"type":"inverse"},{"duration":2,"startTap":true,"time":90,"segments":4,"angle2":210,"angle":165,"type":"hold","endTap":true},{"angle":180,"time":90.5,"type":"inverse"},{"angle":187.5,"time":91,"type":"inverse"},{"angle":202.5,"time":91.5,"type":"inverse"},{"time":89,"tap":true,"angle":180,"type":"block"},{"time":87,"holdEase":"inQuad","angle2":120,"angle":30,"type":"mineHold","duration":4.5},{"time":87,"holdEase":"inQuad","angle2":240,"angle":330,"type":"mineHold","duration":4},{"angle":360,"time":88.5,"type":"mine"},{"angle":0,"time":88,"type":"mine"},{"angle":0,"time":87.5,"type":"mine"},{"angle":360,"time":87,"type":"mine"},{"angle":337.5,"time":89,"type":"mine"},{"angle":22.5,"time":89,"type":"mine"},{"angle":322.5,"time":89.5,"type":"mine"},{"angle":360,"time":89.5,"type":"mine"},{"angle":37.5,"time":89.5,"type":"mine"},{"time":91.5,"duration":2,"angle2":195,"angle":120,"type":"mineHold"},{"time":91,"holdEase":"inCubic","angle2":266.25,"angle":240,"type":"mineHold","duration":2},{"time":93,"tap":true,"angle":225,"type":"block"},{"angle":270,"time":93.5,"type":"side"},{"angle":258.75,"time":94,"type":"block"},{"angle":281.25,"time":94,"type":"block"},{"angle":255,"time":95,"type":"block"},{"angle":285,"time":95.5,"type":"inverse"},{"time":96,"holdEase":"inQuad","angle2":210,"angle":270,"type":"hold","duration":1},{"time":97,"duration":1,"angle2":225,"angle":210,"type":"hold"},{"time":98,"duration":1,"angle2":180,"angle":225,"type":"hold"},{"time":99,"tap":true,"angle":180,"type":"block"},{"angle":180,"time":99.5,"type":"block"},{"angle":180,"time":96,"type":"extraTap"},{"angle":180,"time":97,"type":"extraTap"},{"angle":180,"time":98,"type":"extraTap"},{"angle":180,"time":98.5,"type":"extraTap"},{"angle":180,"time":97.5,"type":"extraTap"},{"angle":180,"time":96.5,"type":"extraTap"},{"time":100,"tap":true,"angle":135,"type":"side"},{"time":101.5,"tap":true,"angle":225,"type":"side"},{"angle":180,"time":103,"type":"inverse"},{"startTap":true,"time":104,"holdEase":"inElastic","angle2":165,"angle":180,"type":"hold","duration":3},{"angle":165,"time":105,"type":"inverse"},{"angle":195,"time":105.5,"type":"inverse"},{"angle":180,"time":106,"type":"inverse"},{"angle":165,"time":106.5,"type":"inverse"},{"angle":180,"time":107,"type":"inverse"},{"angle":195,"time":107.5,"type":"inverse"},{"angle":180,"time":108,"type":"inverse"},{"time":108,"tap":true,"angle":240,"type":"side"},{"time":109.5,"tap":true,"angle":105,"type":"side"},{"time":111,"tap":true,"angle":165,"type":"side"},{"time":112,"tap":true,"angle":120,"type":"block"},{"time":112,"holdEase":"inBack","angle2":135,"angle":120,"type":"hold","duration":3},{"angle":105,"time":113,"type":"inverse"},{"angle":135,"time":113.5,"type":"inverse"},{"angle":120,"time":114,"type":"inverse"},{"angle":105,"time":114.5,"type":"inverse"},{"angle":120,"time":115,"type":"inverse"},{"angle":135,"time":115.5,"type":"inverse"},{"angle":120,"time":116,"type":"inverse"},{"time":115,"tap":true,"angle":135,"type":"block"},{"startTap":true,"time":116,"duration":2,"angle2":225,"angle":135,"type":"hold"},{"startTap":true,"time":118,"holdEase":"inOutSine","angle2":180,"angle":225,"type":"hold","duration":2},{"startTap":true,"time":120,"duration":3,"angle2":195,"angle":180,"type":"hold"},{"startTap":true,"time":123,"duration":1,"angle2":165,"angle":195,"type":"hold"},{"endAngle":165,"duration":4,"time":124,"holdEase":"inElastic","angle2":180,"angle":195,"type":"hold","spinEase":"linear"},{"angle":270,"time":105,"type":"extraTap"},{"angle":270,"time":105.5,"type":"extraTap"},{"angle":270,"time":107,"type":"extraTap"},{"angle":270,"time":113,"type":"extraTap"},{"angle":270,"time":113.5,"type":"extraTap"},{"angle":270,"time":115,"type":"extraTap"},{"angle":165,"time":117,"type":"mine"},{"angle":180,"time":117.5,"type":"mine"},{"angle":225,"time":119,"type":"mine"},{"angle":165,"time":121,"type":"mine"},{"time":121.5,"endAngle":225,"angle":135,"type":"mine"},{"angle":180,"time":123,"type":"mine"},{"time":125,"tap":true,"angle":165,"type":"inverse"},{"time":125.5,"tap":true,"angle":165,"type":"inverse"},{"angle":165,"time":127,"type":"extraTap"},{"time":128,"duration":1,"angle2":225,"angle":165,"type":"hold"},{"time":128,"holdEase":"inBack","angle2":255,"angle":195,"type":"hold","duration":1},{"time":129,"duration":1,"angle2":315,"angle":255,"type":"hold"},{"time":129,"endAngle":225,"holdEase":"outBack","angle2":285,"angle":285,"type":"hold","duration":1},{"time":130,"duration":1,"angle2":300,"angle":285,"type":"hold"},{"time":130,"duration":1,"angle2":330,"angle":330,"type":"hold"},{"time":131,"duration":1,"angle2":345,"angle":300,"type":"hold"},{"time":131,"duration":1,"angle2":360,"angle":330,"type":"hold"},{"time":131,"tap":true,"angle":315,"type":"block"},{"startTap":true,"time":132,"duration":2,"angle2":-15,"angle":15,"type":"hold"},{"startTap":true,"time":134,"duration":2,"angle2":375,"angle":345,"type":"hold"},{"startTap":true,"time":136,"holdEase":"inOutQuint","angle2":0,"angle":15,"type":"hold","duration":2},{"startTap":true,"time":138,"holdEase":"outQuad","angle2":375,"angle":360,"type":"hold","duration":0.5},{"time":138.5,"holdEase":"inQuad","angle2":0,"angle":15,"type":"hold","duration":0.5},{"time":139,"holdEase":"outQuad","angle2":-15,"angle":0,"type":"hold","duration":0.5},{"time":139.5,"holdEase":"inQuad","angle2":360,"angle":345,"type":"hold","duration":0.5},{"startTap":true,"time":140,"duration":2,"angle2":15,"angle":15,"type":"hold"},{"time":142,"duration":1,"angle2":45,"angle":45,"type":"hold"},{"time":144,"duration":4,"angle2":150,"angle":120,"type":"hold","endTap":true},{"angle":135,"time":147,"type":"inverse"},{"angle":150,"time":147.5,"type":"inverse"},{"angle":120,"time":148,"type":"mine"},{"angle":180,"time":148,"type":"mine"},{"angle":180,"time":148.5,"type":"mine"},{"angle":105,"time":149.5,"type":"inverse"},{"time":150,"tap":true,"angle":75,"type":"block"},{"angle":120,"time":149,"type":"block"},{"time":151,"holdEase":"inSine","angle2":210,"angle":150,"type":"hold","duration":0.5},{"time":152,"tap":true,"angle":240,"type":"block"},{"time":152,"duration":2,"angle2":285,"angle":285,"type":"mineHold"},{"angle":195,"time":153,"type":"block"},{"angle":165,"time":153.5,"type":"block"},{"time":154,"duration":0.5,"angle2":105,"angle":105,"type":"hold"},{"angle":105,"time":155,"type":"block"},{"angle":105,"time":155.5,"type":"block"},{"time":156,"duration":1,"angle2":105,"angle":105,"type":"hold"},{"angle":135,"time":148,"type":"extraTap"},{"angle":90,"time":150,"type":"extraTap"},{"angle":225,"time":152,"type":"extraTap"},{"angle":120,"time":154,"type":"extraTap"},{"angle":120,"time":156,"type":"extraTap"},{"angle":360,"time":158,"type":"extraTap"},{"angle":0,"time":160,"type":"extraTap"},{"angle":345,"time":162,"type":"extraTap"},{"angle":0,"time":164,"type":"extraTap"},{"angle":0,"time":166,"type":"extraTap"},{"angle":0,"time":168,"type":"extraTap"},{"angle":0,"time":170,"type":"extraTap"},{"angle":90,"time":157,"type":"inverse"},{"angle":120,"time":157.5,"type":"inverse"},{"time":158,"duration":0,"angle2":-120,"angle":120,"type":"mineHold"},{"angle":135,"time":159.5,"type":"side"},{"time":160,"duration":0,"angle2":420,"angle":180,"type":"mineHold"},{"angle":135,"time":161.5,"type":"block"},{"angle":75,"time":161,"type":"block"},{"angle":90,"time":162,"type":"mine"},{"time":162,"endAngle":165,"holdEase":"outExpo","angle2":-90,"angle":-90,"type":"mineHold","duration":0},{"angle":135,"time":162,"type":"mine"},{"angle":45,"time":162,"type":"mine"},{"angle":0,"time":162,"type":"mine"},{"angle":315,"time":162,"type":"mine"},{"time":162,"duration":0.5,"angle2":210,"angle":225,"type":"hold"},{"angle":180,"time":163,"type":"block"},{"angle":180,"time":163.5,"type":"block"},{"time":164,"duration":0,"angle2":-150,"angle":150,"type":"mineHold"},{"angle":225,"time":159,"type":"block"},{"time":165,"duration":0,"angle2":225,"angle":135,"type":"mineHold"},{"time":165.5,"duration":0,"angle2":405,"angle":225,"type":"mineHold"},{"angle":105,"time":165,"type":"block"},{"angle":120,"time":165.5,"type":"block"},{"angle":150,"time":167,"type":"inverse"},{"angle":195,"time":167.5,"type":"inverse"},{"angle":180,"time":168.5,"type":"block"},{"angle":210,"time":169,"type":"block"},{"angle":195,"time":169.5,"type":"block"},{"angle":150,"time":170,"type":"block"},{"angle":165,"time":170.5,"type":"block"},{"angle":150,"time":171,"type":"block"},{"angle":180,"time":171.5,"type":"block"},{"angle":0,"time":172,"type":"extraTap"},{"startTap":true,"time":172,"duration":1,"angle2":150,"angle":150,"type":"hold"},{"startTap":true,"time":173,"duration":1,"angle2":180,"angle":180,"type":"hold"},{"startTap":true,"time":174,"duration":1,"angle2":210,"angle":210,"type":"hold"},{"startTap":true,"time":175,"holdEase":"outBack","angle2":180,"angle":210,"type":"hold","duration":1},{"angle":180,"time":175.5,"type":"inverse"},{"time":176,"duration":4,"angle2":180,"angle":180,"type":"hold"},{"time":176,"duration":4,"angle2":195,"angle":165,"type":"hold"},{"time":176,"duration":4,"angle2":165,"angle":195,"type":"hold"},{"angle":180,"time":176.5,"type":"inverse"},{"angle":180,"time":177,"type":"inverse"},{"angle":180,"time":177.5,"type":"inverse"},{"angle":180,"time":178,"type":"inverse"},{"angle":180,"time":178.5,"type":"inverse"},{"angle":180,"time":179,"type":"inverse"},{"angle":180,"time":179.5,"type":"inverse"},{"angle":180,"time":180,"type":"inverse"},{"angle":180,"time":176.25,"type":"inverse"},{"angle":180,"time":176.75,"type":"inverse"},{"angle":180,"time":177.25,"type":"inverse"},{"angle":180,"time":177.75,"type":"inverse"},{"angle":180,"time":178.25,"type":"inverse"},{"angle":180,"time":178.75,"type":"inverse"},{"angle":180,"time":179.25,"type":"inverse"},{"angle":180,"time":179.75,"type":"inverse"},{"time":176,"duration":1,"angle2":-90,"angle":90,"type":"mineHold"},{"time":176.5,"duration":1,"angle2":450,"angle":270,"type":"mineHold"},{"time":177,"duration":1,"angle2":-90,"angle":90,"type":"mineHold"},{"time":177.5,"duration":1,"angle2":450,"angle":270,"type":"mineHold"},{"time":178,"duration":1,"angle2":-90,"angle":90,"type":"mineHold"},{"time":178.5,"duration":0.5,"angle2":450,"angle":270,"type":"mineHold"},{"time":176,"duration":4,"angle2":270,"angle":270,"type":"mineHold"},{"time":176,"duration":4,"angle2":90,"angle":90,"type":"mineHold"},{"time":176,"holdEase":"outElastic","angle2":90,"angle":105,"type":"mineHold","duration":4},{"time":176,"holdEase":"outElastic","angle2":270,"angle":255,"type":"mineHold","duration":4},{"angle":180,"time":180.5,"type":"side"},{"time":181,"tap":true,"angle":210,"type":"block"},{"angle":180,"time":181.5,"type":"side"},{"time":182,"tap":true,"angle":150,"type":"block"},{"angle":180,"time":182.5,"type":"side"},{"time":183,"tap":true,"angle":210,"type":"block"},{"angle":180,"time":183.5,"type":"side"},{"startTap":true,"time":184,"duration":1,"angle2":165,"angle":180,"type":"hold"},{"startTap":true,"time":185,"duration":1,"angle2":195,"angle":165,"type":"hold"},{"duration":2,"startTap":true,"time":186,"holdEase":"outBack","angle2":180,"angle":195,"type":"hold","endTap":true},{"angle":180,"time":187.5,"type":"inverse"},{"startTap":true,"time":192,"duration":1,"angle2":-90,"angle":0,"type":"hold"},{"startTap":true,"time":193,"duration":1,"angle2":165,"angle":270,"type":"hold"},{"startTap":true,"time":194,"holdEase":"outElastic","angle2":180,"angle":165,"type":"hold","duration":1},{"time":188,"duration":2,"angle2":30,"angle":345,"type":"mineHold"},{"angle":165,"time":188,"type":"block"},{"angle":345,"time":191,"type":"inverse"},{"angle":15,"time":191.5,"type":"inverse"},{"startTap":true,"time":190,"duration":1,"angle2":360,"angle":345,"type":"hold"},{"time":195,"duration":1,"angle2":300,"angle":60,"type":"mineHold"},{"angle":-360,"time":196.5,"type":"side"},{"time":197,"tap":true,"angle":-390,"type":"block"},{"angle":-360,"time":197.5,"type":"side"},{"time":198,"tap":true,"angle":-330,"type":"block"},{"angle":-360,"time":198.5,"type":"side"},{"time":199,"tap":true,"angle":-390,"type":"block"},{"angle":-360,"time":199.5,"type":"side"},{"startTap":true,"time":200,"duration":1,"angle2":-345,"angle":-360,"type":"hold"},{"startTap":true,"time":201,"duration":1,"angle2":-375,"angle":-345,"type":"hold"},{"duration":2,"startTap":true,"time":202,"holdEase":"outBack","angle2":-360,"angle":-375,"type":"hold","endTap":true},{"angle":-360,"time":203.5,"type":"inverse"},{"angle":-270,"time":205,"type":"block"},{"time":204,"duration":2,"angle2":-210,"angle":-525,"type":"mineHold"},{"angle":-345,"time":204,"type":"block"},{"startTap":true,"time":206,"duration":1,"angle2":-540,"angle":-525,"type":"hold"},{"time":207,"duration":1,"angle2":225,"angle":180,"type":"hold"},{"angle":210,"time":207.5,"type":"inverse"},{"time":208,"tap":true,"angle":225,"type":"block"},{"angle":165,"time":208,"type":"extraTap"},{"angle":180,"time":209.5,"type":"side"},{"angle":135,"time":210,"type":"block"},{"angle":180,"time":210.5,"type":"block"},{"angle":135,"time":211,"type":"block"},{"angle":180,"time":211.5,"type":"block"},{"time":206,"holdEase":"inCubic","angle2":180,"angle":127.5,"type":"mineHold","duration":1.5},{"time":207.5,"duration":1,"angle2":180,"angle":180,"type":"mineHold"},{"angle":90,"time":189,"type":"block"},{"angle":180,"time":212.5,"type":"side"},{"time":213,"tap":true,"angle":210,"type":"block"},{"angle":180,"time":213.5,"type":"side"},{"time":214,"tap":true,"angle":150,"type":"block"},{"angle":180,"time":214.5,"type":"side"},{"time":215,"tap":true,"angle":210,"type":"block"},{"angle":180,"time":215.5,"type":"side"},{"startTap":true,"time":216,"duration":1,"angle2":165,"angle":180,"type":"hold"},{"startTap":true,"time":217,"duration":1,"angle2":195,"angle":165,"type":"hold"},{"duration":2,"startTap":true,"time":218,"holdEase":"outBack","angle2":180,"angle":195,"type":"hold","endTap":true},{"angle":180,"time":219.5,"type":"inverse"},{"startTap":true,"time":224,"duration":1,"angle2":-90,"angle":0,"type":"hold"},{"startTap":true,"time":225,"duration":1,"angle2":165,"angle":270,"type":"hold"},{"startTap":true,"time":226,"holdEase":"outElastic","angle2":180,"angle":165,"type":"hold","duration":1},{"time":220,"duration":2,"angle2":30,"angle":345,"type":"mineHold"},{"angle":165,"time":220,"type":"block"},{"angle":345,"time":223,"type":"inverse"},{"angle":15,"time":223.5,"type":"inverse"},{"startTap":true,"time":222,"duration":1,"angle2":360,"angle":345,"type":"hold"},{"time":227,"duration":1,"angle2":300,"angle":60,"type":"mineHold"},{"angle":-360,"time":228.5,"type":"side"},{"time":229,"tap":true,"angle":-390,"type":"block"},{"angle":-360,"time":229.5,"type":"side"},{"time":230,"tap":true,"angle":-330,"type":"block"},{"angle":-360,"time":230.5,"type":"side"},{"time":231,"tap":true,"angle":-390,"type":"block"},{"angle":-360,"time":231.5,"type":"side"},{"startTap":true,"time":232,"duration":1,"angle2":-345,"angle":-360,"type":"hold"},{"startTap":true,"time":233,"duration":1,"angle2":-375,"angle":-345,"type":"hold"},{"duration":2,"startTap":true,"time":234,"holdEase":"outBack","angle2":-360,"angle":-375,"type":"hold","endTap":true},{"angle":-360,"time":235.5,"type":"inverse"},{"angle":-270,"time":237,"type":"block"},{"time":236,"duration":2,"angle2":-210,"angle":-525,"type":"mineHold"},{"angle":-345,"time":236,"type":"block"},{"startTap":true,"time":238,"duration":1,"angle2":-540,"angle":-525,"type":"hold"},{"startTap":true,"time":239,"duration":1,"angle2":225,"angle":180,"type":"hold","endTap":true},{"angle":210,"time":239.5,"type":"inverse"},{"angle":165,"time":240,"type":"extraTap"},{"time":238,"holdEase":"inCubic","angle2":180,"angle":127.5,"type":"mineHold","duration":1.5},{"time":239.5,"duration":1,"angle2":180,"angle":180,"type":"mineHold"},{"angle":90,"time":221,"type":"block"},{"time":212,"tap":true,"angle":135,"type":"block"},{"time":240,"duration":1,"angle2":225,"angle":225,"type":"hold"},{"angle":225,"time":241.5,"type":"extraTap"},{"angle":225,"time":242,"type":"extraTap"},{"angle":225,"time":242.5,"type":"extraTap"},{"angle":225,"time":243,"type":"extraTap"},{"angle":225,"time":243.5,"type":"extraTap"},{"time":240,"duration":4,"angle2":217.5,"angle":360,"type":"mineHold"},{"time":240,"duration":4,"angle2":142.5,"angle":0,"type":"mineHold"},{"angle":195,"time":244,"type":"inverse"},{"angle":165,"time":244,"type":"inverse"},{"startTap":true,"time":244,"holdEase":"inElastic","angle2":165,"angle":180,"type":"hold","duration":5.5},{"angle":0,"time":244,"type":"extraTap"},{"angle":360,"time":245.5,"type":"extraTap"},{"angle":0,"time":247,"type":"extraTap"},{"angle":0,"time":248,"type":"extraTap"},{"angle":0,"time":249.5,"type":"extraTap"},{"angle":0,"time":251,"type":"extraTap"},{"angle":0,"time":252,"type":"extraTap"},{"angle":0,"time":253.5,"type":"extraTap"},{"angle":0,"time":255,"type":"extraTap"},{"angle":0,"time":256,"type":"extraTap"},{"angle":360,"time":257.5,"type":"extraTap"},{"angle":360,"time":259,"type":"extraTap"},{"angle":330,"time":260,"type":"extraTap"},{"time":249.5,"duration":1,"angle2":180,"angle":165,"type":"hold"},{"time":250.5,"duration":0.5,"angle2":150,"angle":180,"type":"hold"},{"time":251,"duration":0.5,"angle2":165,"angle":150,"type":"hold"},{"time":251.5,"duration":0.5,"angle2":165,"angle":165,"type":"hold"},{"time":252,"duration":0.5,"angle2":75,"angle":165,"type":"hold"},{"time":252.5,"duration":1,"angle2":90,"angle":75,"type":"hold"},{"time":253.5,"holdEase":"outElastic","angle2":75,"angle":90,"type":"hold","duration":1.5},{"time":255,"duration":0.5,"angle2":90,"angle":75,"type":"hold"},{"time":255.5,"duration":2,"angle2":90,"angle":90,"type":"hold"},{"time":228,"tap":true,"angle":22.5,"type":"block"},{"time":196,"tap":true,"angle":22.5,"type":"block"},{"time":257.5,"duration":1,"angle2":67.5,"angle":90,"type":"hold"},{"time":258.5,"duration":0.5,"angle2":90,"angle":67.5,"type":"hold"},{"time":259,"duration":0.5,"angle2":22.5,"angle":90,"type":"hold"},{"time":259.5,"holdEase":"outElastic","angle2":0,"angle":22.5,"type":"hold","duration":0.5},{"time":260,"duration":5.5,"angle2":0,"angle":0,"type":"hold"},{"time":265.5,"duration":1,"angle2":0,"angle":0,"type":"hold"},{"time":266.5,"duration":0.5,"angle2":-15,"angle":0,"type":"hold"},{"time":267,"duration":0.5,"angle2":-60,"angle":-15,"type":"hold"},{"time":267.5,"duration":0.5,"angle2":270,"angle":300,"type":"hold"},{"time":268,"holdEase":"linear","angle2":630,"angle":270,"type":"hold","duration":2},{"time":270,"holdEase":"linear","duration":2,"angle2":630,"angle":270,"type":"hold","endTap":true},{"angle":0,"time":270.5,"type":"inverse"},{"angle":90,"time":271,"type":"inverse"},{"angle":180,"time":271.5,"type":"inverse"},{"angle":270,"time":272,"type":"inverse"},{"angle":285,"time":272,"type":"side"},{"time":268,"duration":4,"angle2":810,"angle":90,"type":"mineHold"},{"time":261.5,"angle":315,"type":"extraTap"},{"angle":315,"time":263,"type":"extraTap"},{"angle":315,"time":264,"type":"extraTap"},{"time":265.5,"angle":315,"type":"extraTap"},{"angle":315,"time":267,"type":"extraTap"},{"angle":360,"time":269,"type":"extraTap"},{"time":276,"duration":1.5,"angle2":150,"angle":180,"type":"hold"},{"time":277.5,"duration":1.5,"angle2":180,"angle":150,"type":"hold"},{"time":279,"duration":1,"angle2":180,"angle":180,"type":"hold"},{"time":280,"holdEase":"outBack","angle2":120,"angle":180,"type":"hold","duration":3},{"angle":120,"time":283.5,"type":"block"},{"time":284,"duration":1.5,"angle2":75,"angle":105,"type":"hold"},{"time":285.5,"duration":1.5,"angle2":90,"angle":75,"type":"hold"},{"time":287,"duration":1,"angle2":60,"angle":90,"type":"hold"},{"time":288,"duration":4,"angle2":60,"angle":60,"type":"hold"},{"angle":45,"time":288.5,"type":"inverse"},{"angle":75,"time":289,"type":"inverse"},{"angle":60,"time":289.5,"type":"inverse"},{"angle":45,"time":290,"type":"inverse"},{"angle":60,"time":290.5,"type":"inverse"},{"angle":75,"time":291,"type":"inverse"},{"time":291.5,"angle":45,"type":"inverse"},{"time":280.5,"angle":105,"type":"inverse"},{"time":281,"angle":135,"type":"inverse"},{"time":281.5,"angle":120,"type":"inverse"},{"time":282,"angle":105,"type":"inverse"},{"time":282.5,"angle":120,"type":"inverse"},{"time":283,"angle":135,"type":"inverse"},{"time":283.5,"angle":120,"type":"inverse"},{"time":292,"angle":90,"type":"mine"},{"time":292,"duration":1.5,"angle2":30,"angle":30,"type":"hold"},{"time":293.5,"duration":0.5,"angle2":45,"angle":30,"type":"hold"},{"time":295,"angle":45,"type":"block"},{"time":296,"duration":2,"angle2":360,"angle":360,"type":"hold"},{"time":298,"duration":1,"angle2":-30,"angle":0,"type":"hold"},{"time":299,"duration":1,"angle2":270,"angle":330,"type":"hold"},{"time":300,"duration":0.5,"angle2":255,"angle":270,"type":"hold","holdEase":"outQuad"},{"time":300.5,"holdEase":"inQuad","angle2":270,"angle":255,"type":"hold","duration":0.5},{"time":301,"duration":3,"angle2":270,"angle":255,"type":"hold","holdEase":"outElastic"},{"time":300.5,"angle":285,"type":"inverse"},{"time":301.5,"angle":270,"type":"inverse"},{"time":302,"angle":285,"type":"inverse"},{"time":302.5,"angle":270,"type":"inverse"},{"time":303,"angle":255,"type":"inverse"},{"time":303.5,"angle":270,"type":"inverse"},{"time":304,"duration":1,"angle2":255,"angle":255,"type":"hold"},{"time":304,"duration":1,"angle2":285,"angle":285,"type":"hold"},{"time":305,"duration":1,"angle2":300,"angle":285,"type":"hold"},{"time":305,"duration":1,"angle2":285,"angle":255,"type":"hold"},{"time":306,"duration":1,"angle2":315,"angle":300,"type":"hold"},{"time":306,"duration":1,"angle2":285,"angle":285,"type":"hold"},{"time":307,"duration":1,"angle2":315,"angle":285,"type":"hold"},{"time":307,"duration":1,"angle2":345,"angle":315,"type":"hold"},{"time":307,"angle":300,"type":"block"},{"time":308,"duration":2,"angle2":270,"angle":330,"type":"hold"},{"time":310,"duration":2,"angle2":270,"angle":270,"type":"hold"},{"time":312,"holdEase":"inQuad","angle2":345,"angle":270,"type":"hold","duration":1},{"time":313,"duration":1,"angle2":360,"angle":345,"type":"hold","holdEase":"outElastic"},{"time":314,"duration":2,"angle2":0,"angle":0,"type":"hold"},{"time":316,"duration":2,"angle2":375,"angle":360,"type":"hold"},{"time":318,"duration":2,"angle2":45,"angle":15,"type":"hold"},{"time":320,"duration":2,"angle2":90,"angle":45,"type":"hold"},{"time":340,"duration":1,"angle2":90,"angle":90,"type":"hold"},{"angle":180,"time":340.5,"type":"block"},{"time":341,"angle":90,"type":"block"},{"time":342,"duration":1,"angle2":300,"angle":270,"type":"hold"},{"time":343.5,"angle":360,"type":"block"},{"time":344,"duration":0.5,"angle2":90,"angle":90,"type":"hold"},{"time":345,"angle":90,"type":"block"},{"time":345.5,"angle":90,"type":"block"},{"time":346,"duration":0.5,"angle2":120,"angle":60,"type":"hold"},{"time":347,"angle":150,"type":"block"},{"time":347.5,"angle":120,"type":"block"},{"startTap":true,"time":348,"duration":1,"angle2":180,"angle":180,"type":"hold"},{"time":349.5,"duration":0.5,"angle2":150,"angle":180,"type":"hold"},{"time":350,"duration":1,"angle2":150,"angle":150,"type":"hold"},{"time":351,"duration":0.5,"angle2":210,"angle":150,"type":"hold"},{"time":351.5,"duration":0.5,"angle2":180,"angle":210,"type":"hold"},{"time":352,"duration":1,"angle2":180,"angle":180,"type":"hold"},{"angle":150,"time":352,"type":"extraTap"},{"time":353,"angle":150,"type":"extraTap"},{"angle":150,"time":354,"type":"extraTap"},{"time":355,"angle":300,"type":"extraTap"},{"time":353,"duration":1,"angle2":165,"angle":180,"type":"hold"},{"time":354,"duration":1,"angle2":195,"angle":165,"type":"hold"},{"time":355,"holdEase":"outElastic","angle2":180,"angle":195,"type":"hold","duration":1},{"time":356,"angle":165,"type":"block"},{"time":356,"angle":195,"type":"block"},{"time":357.5,"duration":1.5,"angle2":180,"angle":180,"type":"hold"},{"time":360,"duration":1,"angle2":135,"angle":180,"type":"hold"},{"angle":105,"time":360.5,"type":"extraTap"},{"angle":105,"time":361,"type":"extraTap"},{"time":361.5,"angle":105,"type":"extraTap"},{"angle":105,"time":362,"type":"extraTap"},{"time":362.5,"angle":105,"type":"extraTap"},{"time":363,"angle":105,"type":"extraTap"},{"angle":105,"time":363.5,"type":"extraTap"},{"angle":105,"time":360.75,"type":"extraTap"},{"time":361.25,"angle":105,"type":"extraTap"},{"time":364,"duration":1.5,"angle2":150,"angle":150,"type":"hold"},{"time":365.5,"duration":1.5,"angle2":135,"angle":150,"type":"hold"},{"time":367,"duration":1,"angle2":90,"angle":135,"type":"hold"},{"time":368,"holdEase":"outQuad","angle2":180,"angle":90,"type":"hold","duration":2},{"angle":105,"time":368.5,"type":"extraTap"},{"angle":105,"time":368.75,"type":"extraTap"},{"time":369,"angle":105,"type":"extraTap"},{"angle":105,"time":369.25,"type":"extraTap"},{"time":369.5,"angle":105,"type":"extraTap"},{"time":370,"angle":105,"type":"extraTap"},{"angle":105,"time":370.5,"type":"extraTap"},{"angle":105,"time":371,"type":"extraTap"},{"angle":105,"time":371.5,"type":"extraTap"},{"time":374,"duration":2,"angle2":270,"angle":330,"type":"hold"},{"time":372,"angle":330,"type":"side"},{"time":371,"angle":180,"type":"block"},{"time":376,"endAngle":270,"duration":2,"angle2":270,"angle":240,"type":"hold","holdEase":"outElastic"},{"angle":270,"time":377.5,"type":"inverse"},{"time":377.75,"angle":270,"type":"inverse"},{"time":378,"holdEase":"inSine","angle2":210,"angle":270,"type":"hold","duration":2},{"angle":165,"time":380.5,"type":"extraTap"},{"time":380.75,"angle":165,"type":"extraTap"},{"time":381,"angle":165,"type":"extraTap"},{"angle":165,"time":381.25,"type":"extraTap"},{"time":381.5,"angle":165,"type":"extraTap"},{"time":382,"angle":165,"type":"extraTap"},{"angle":165,"time":382.5,"type":"extraTap"},{"time":383,"angle":165,"type":"extraTap"},{"time":383.5,"angle":165,"type":"extraTap"},{"time":384,"duration":1,"angle2":195,"angle":195,"type":"hold"},{"time":384,"duration":1,"angle2":165,"angle":165,"type":"hold"},{"time":385,"duration":1,"angle2":150,"angle":195,"type":"hold"},{"time":385,"duration":1,"angle2":180,"angle":165,"type":"hold"},{"time":386,"duration":1,"angle2":90,"angle":150,"type":"hold"},{"time":386,"duration":1,"angle2":120,"angle":180,"type":"hold"},{"time":387,"duration":1,"angle2":90,"angle":90,"type":"hold"},{"time":387,"duration":1,"angle2":120,"angle":120,"type":"hold"},{"time":387,"tap":true,"angle":105,"type":"block"},{"startTap":true,"time":388,"duration":2,"angle2":45,"angle":105,"type":"hold"},{"time":390,"duration":2,"angle2":45,"angle":45,"type":"hold"},{"startTap":true,"time":396,"duration":1,"angle2":-15,"angle":0,"type":"hold"},{"time":398,"duration":1,"angle2":255,"angle":270,"type":"hold"},{"time":400,"duration":1,"angle2":165,"angle":180,"type":"hold"},{"angle":0,"time":394,"type":"inverse"},{"time":394,"angle":15,"type":"inverse"},{"time":394,"angle":345,"type":"inverse"},{"angle":135,"time":403,"type":"block"},{"time":403.5,"angle":210,"type":"block"},{"time":404,"angle":135,"type":"block"},{"time":405,"angle":45,"type":"block"},{"angle":315,"time":405.5,"type":"block"},{"time":406,"angle":30,"type":"block"},{"time":407,"angle":210,"type":"block"},{"time":407.5,"angle":150,"type":"block"},{"angle":210,"time":408,"type":"block"},{"time":409,"angle":315,"type":"block"},{"time":409.5,"angle":45,"type":"block"},{"startTap":true,"time":410,"duration":0.5,"angle2":315,"angle":315,"type":"hold"},{"time":410.5,"duration":0.5,"angle2":390,"angle":315,"type":"hold"},{"startTap":true,"time":411,"duration":0.5,"angle2":90,"angle":30,"type":"hold"},{"time":410.5,"angle":270,"type":"mine"},{"time":410.5,"duration":0,"angle2":150,"angle":30,"type":"mineHold"},{"time":410.5,"duration":1.5,"angle2":150,"angle":150,"type":"mineHold"},{"time":412,"duration":0.5,"angle2":75,"angle":75,"type":"hold"},{"time":412,"duration":0.5,"angle2":105,"angle":105,"type":"hold"},{"time":412,"duration":0,"angle2":105,"angle":75,"type":"hold"},{"time":412,"duration":0.5,"angle2":90,"angle":90,"type":"hold"},{"time":412,"angle":60,"type":"extraTap"},{"time":413,"tap":true,"angle":90,"type":"block"},{"time":413.5,"angle":75,"type":"block"},{"time":414,"tap":true,"angle":105,"type":"block"},{"time":414.5,"angle":90,"type":"block"},{"time":415,"tap":true,"angle":75,"type":"block"},{"time":415.5,"angle":60,"type":"block"},{"time":416,"duration":0,"angle2":90,"angle":30,"type":"mineHold"},{"angle":360,"time":416,"type":"extraTap"},{"angle":0,"time":416.5,"type":"extraTap"},{"time":417,"angle":0,"type":"extraTap"},{"angle":0,"time":417.5,"type":"extraTap"},{"time":418,"angle":0,"type":"extraTap"},{"time":418.5,"angle":0,"type":"extraTap"},{"angle":0,"time":419,"type":"extraTap"},{"time":419.5,"angle":0,"type":"extraTap"},{"time":417,"duration":2,"angle2":-270,"angle":30,"type":"mineHold"},{"time":419,"duration":1,"angle2":-195,"angle":75,"type":"mineHold"},{"time":516,"duration":1,"angle2":165,"angle":180,"type":"hold"},{"time":517,"duration":1,"angle2":195,"angle":165,"type":"hold"},{"time":518,"duration":1.5,"angle2":180,"angle":195,"type":"hold"},{"time":520,"segments":6,"duration":1,"angle2":120,"angle":180,"type":"hold","holdEase":"outElastic"},{"angle":120,"time":520.5,"type":"block"},{"time":521.5,"duration":0.5,"angle2":135,"angle":135,"type":"hold"},{"time":523,"duration":0.5,"angle2":90,"angle":135,"type":"hold"},{"angle":135,"time":522.5,"type":"inverse"},{"time":524,"duration":1,"angle2":60,"angle":90,"type":"hold"},{"time":525,"duration":0.5,"angle2":60,"angle":60,"type":"hold"},{"time":526,"duration":1,"angle2":105,"angle":105,"type":"hold"},{"time":527.5,"angle":45,"type":"block"},{"time":528,"duration":1,"angle2":360,"angle":360,"type":"hold"},{"time":529.5,"angle":360,"type":"inverse"},{"angle":360,"time":530,"type":"inverse"},{"time":530.5,"duration":0.5,"angle2":-15,"angle":0,"type":"hold"},{"time":531.5,"duration":0.5,"angle2":345,"angle":345,"type":"hold"},{"time":532,"angle":0,"type":"block"},{"angle":330,"time":532,"type":"block"},{"time":533,"duration":0.5,"angle2":300,"angle":345,"type":"hold"},{"time":534,"duration":1.5,"angle2":360,"angle":360,"type":"hold"},{"time":536,"duration":1,"angle2":270,"angle":345,"type":"hold"},{"time":537,"duration":1.5,"angle2":285,"angle":270,"type":"hold","holdEase":"outElastic"},{"time":539,"tap":true,"angle":285,"type":"block"},{"endTap":true,"duration":1,"angle2":270,"angle":270,"type":"hold","time":540},{"endTap":true,"duration":1,"angle2":90,"angle":90,"type":"hold","time":542},{"endAngle":105,"spinEase":"inBack","endTap":true,"time":544,"segments":11,"holdEase":"outElastic","angle2":90,"angle":105,"type":"hold","duration":4},{"angle":90,"time":545.5,"type":"inverse"},{"angle":75,"time":546,"type":"inverse"},{"angle":90,"time":546.5,"type":"inverse"},{"angle":105,"time":547,"type":"inverse"},{"time":547.5,"angle":90,"type":"inverse"},{"angle":210,"time":517,"type":"extraTap"},{"angle":210,"time":517.5,"type":"extraTap"},{"angle":210,"time":519,"type":"extraTap"},{"angle":210,"time":521.5,"type":"extraTap"},{"angle":210,"time":521,"type":"extraTap"},{"time":523,"angle":210,"type":"extraTap"},{"angle":210,"time":525,"type":"extraTap"},{"time":525.5,"angle":210,"type":"extraTap"},{"time":527,"angle":210,"type":"extraTap"},{"time":529,"angle":210,"type":"extraTap"},{"angle":210,"time":529.5,"type":"extraTap"},{"time":531,"angle":210,"type":"extraTap"},{"angle":210,"time":533,"type":"extraTap"},{"angle":210,"time":533.5,"type":"extraTap"},{"angle":210,"time":535,"type":"extraTap"},{"time":537,"angle":210,"type":"extraTap"},{"angle":210,"time":537.5,"type":"extraTap"},{"angle":210,"time":539,"type":"extraTap"},{"time":541,"angle":210,"type":"extraTap"},{"angle":210,"time":541.5,"type":"extraTap"},{"angle":210,"time":543,"type":"extraTap"},{"time":548,"angle":75,"type":"inverse"},{"angle":105,"time":548,"type":"inverse"},{"time":549,"tap":true,"angle":90,"type":"block"},{"time":550,"tap":true,"angle":270,"type":"block"},{"startTap":true,"time":551,"duration":0.5,"angle2":270,"angle":270,"type":"hold"},{"time":552.5,"tap":true,"angle":270,"type":"block"},{"time":550,"endAngle":45,"duration":0,"angle2":135,"angle":135,"type":"mineHold"},{"time":553,"endAngle":225,"duration":0,"angle2":315,"angle":315,"type":"mineHold"}]