{"properties":{"loadBeat":0,"startBeat":0,"offset":4,"speed":96,"formatversion":12},"metadata":{"artistLink":"","charter":"Blamkay","songName":"The Song with Five Names","description":"a.k.a. Soapbox Tao \na.k.a. Checkmate Athiest! \na.k.a. Neospace Government \n(a.k.a. You can Never know)","difficulty":5,"bg":false,"artist":"Will Wood and the Tapeworms"},"events":[{"bpm":165,"time":-4,"file":"The Song with Five Names a.k.a. Soapbox Tao a.k.a. Checkmate Atheists! a.k.a. Neospace Government a.k.a. You Can Never Know.ogg","angle":337.5,"type":"play","volume":1},{"color":1,"angle":202.5,"type":"setBgColor","time":0},{"color":0,"time":0,"angle":180,"enable":true,"type":"outline"},{"start":0.5,"duration":32,"ease":"outCubic","var":"vfx.bgNoise","time":0,"value":0.99800002574921,"angle":45,"type":"ease"},{"time":0,"chance":0.5,"angle":135,"type":"noise","color":0},{"duration":16,"ease":"inCubic","time":16,"newWidth":45,"paddle":1,"angle":52.5,"type":"paddles","newAngle":2},{"b":0,"angle":315,"time":36,"description":"The intro has finished","name":"Past Intro","r":0,"type":"bookmark","g":0},{"color":0,"chance":0.5,"angle":180,"type":"noise","time":32},{"start":0,"duration":1,"ease":"outCubic","var":"vfx.bgNoise","time":36,"value":1,"angle":45,"type":"ease"},{"time":32,"start":1,"duration":4,"value":2,"angle":90,"type":"ease","var":"vfx.pixelate"},{"time":36,"value":1,"angle":135,"type":"ease","var":"vfx.pixelate"},{"time":32,"angle":67.5,"enable":true,"type":"hom"},{"time":36,"angle":22.5,"enable":false,"type":"hom"},{"start":1,"duration":4,"ease":"inCubic","var":"vfx.canvPos.sx","time":32,"value":1.2000000476837,"angle":202.5,"type":"ease"},{"start":1,"duration":4,"ease":"inCubic","var":"vfx.canvPos.sy","time":32,"value":1.2000000476837,"angle":247.5,"type":"ease"},{"color":1,"chance":0.5,"angle":180,"type":"noise","time":32.5},{"color":1,"chance":0.5,"angle":180,"type":"noise","time":33.5},{"color":0,"chance":0.5,"angle":180,"type":"noise","time":34},{"color":1,"chance":0.5,"angle":180,"type":"noise","time":34.5},{"color":0,"chance":0.5,"angle":180,"type":"noise","time":35},{"color":1,"chance":0.5,"angle":180,"type":"noise","time":35.5},{"color":0,"chance":0.5,"angle":180,"type":"noise","time":33},{"time":36,"value":1,"angle":360,"type":"ease","var":"vfx.canvPos.sy"},{"time":36,"value":1,"angle":337.5,"type":"ease","var":"vfx.canvPos.sx"},{"time":4,"enable":false,"angle":22.5,"type":"setBoolean","var":"vfx.drawSongTitle"},{"y":600,"id":"TheMoon","drawLayer":"bg","ox":128,"oy":3000,"order":-1,"sprite":"TheMoon.png","time":0,"r":-45,"sx":0.20000000298023,"sy":0.20000000298023,"angle":22.5,"type":"deco","x":300},{"b":0,"angle":0,"time":-0,"description":"","name":"Intro","r":0,"type":"bookmark","g":0},{"b":0,"angle":0,"time":720,"description":"","name":"Song End","r":0,"type":"bookmark","g":0},{"angle":45,"time":724,"type":"showResults"},{"time":-0,"id":"TheMoon","duration":8,"ease":"outElastic","angle":255,"type":"deco","r":-30},{"start":170,"duration":0.25,"repeats":12,"repeatDelay":2,"var":"p.y","time":148,"value":180,"angle":105,"type":"ease","ease":"inCubic"},{"start":0,"duration":4,"ease":"inCubic","var":"vfx.canvPos.r","time":176,"value":720,"angle":150,"type":"ease"},{"start":1.1000000238419,"duration":1,"ease":"inBack","var":"vfx.canvPos.sx","time":175,"value":1.3999999761581,"angle":135,"type":"ease"},{"start":1.1000000238419,"duration":1,"ease":"inBack","var":"vfx.canvPos.sy","time":175,"value":1.3999999761581,"angle":120,"type":"ease"},{"time":176,"value":6,"duration":4,"ease":"inCubic","angle":135,"type":"ease","var":"vfx.canvPos.sx"},{"time":176,"value":6,"duration":4,"ease":"inCubic","angle":112.5,"type":"ease","var":"vfx.canvPos.sy"},{"time":180,"value":1,"angle":135,"type":"ease","var":"vfx.canvPos.sx"},{"time":180,"value":1,"angle":112.5,"type":"ease","var":"vfx.canvPos.sy"},{"time":180,"value":0,"angle":225,"type":"ease","var":"vfx.canvPos.r"},{"b":0,"angle":0,"time":180,"description":"","name":"Verse 1","r":255,"type":"bookmark","g":0},{"time":176,"angle":225,"enable":true,"type":"hom"},{"time":180,"angle":247.5,"enable":false,"type":"hom"},{"time":267,"newWidth":90,"duration":1,"ease":"inOutQuad","angle":300,"type":"paddles","paddle":1},{"time":268,"newWidth":45,"duration":4,"ease":"linear","angle":255,"type":"paddles","paddle":1},{"b":255,"r":0,"time":276,"g":8.3172369003296,"name":"Verse 1 End","angle":195,"type":"bookmark","description":""},{"time":4,"duration":712,"angle":247.5,"r":30,"type":"deco","id":"TheMoon"},{"time":276,"var":"vfx.canvPos.sx","duration":64,"value":1.5,"angle":0,"type":"ease","ease":"outCubic"},{"time":276,"var":"vfx.canvPos.sy","duration":64,"ease":"outCubic","angle":15,"type":"ease","value":1.5},{"start":0,"duration":4,"ease":"outCubic","var":"vfx.bgNoise","time":276,"value":1,"angle":345,"type":"ease"},{"time":276,"chance":0,"angle":330,"type":"noise","color":0},{"time":324,"color":0,"b":0,"angle":75,"r":0,"type":"setColor","g":0},{"color":1,"time":324,"b":255,"r":255,"angle":105,"type":"setColor","g":255},{"color":0,"time":324,"angle":120,"type":"setBgColor"},{"time":324,"type":"ease","duration":8,"ease":"inBack","angle":60,"var":"vfx.canvPos.sx","value":0.5},{"time":324,"var":"vfx.canvPos.sy","duration":8,"ease":"inBack","angle":45,"type":"ease","value":0.5},{"time":324,"type":"ease","duration":8,"value":-45,"angle":30,"var":"vfx.canvPos.r","ease":"inBack"},{"time":332,"type":"ease","duration":4,"ease":"outQuart","angle":30,"var":"vfx.canvPos.r","value":-360},{"time":332,"type":"ease","duration":4,"ease":"outQuart","angle":45,"var":"vfx.canvPos.sx","value":0},{"time":332,"type":"ease","duration":4,"ease":"outQuart","angle":60,"var":"vfx.canvPos.sy","value":0},{"time":339,"var":"vfx.canvPos.sx","duration":1,"value":1,"angle":45,"type":"ease","ease":"inOutExpo"},{"time":339,"var":"vfx.canvPos.sy","duration":1,"ease":"inOutExpo","angle":30,"type":"ease","value":1},{"color":0,"time":340,"b":255,"r":255,"angle":60,"type":"setColor","g":255},{"color":1,"time":340,"b":0,"r":0,"angle":75,"type":"setColor","g":0},{"color":1,"time":340,"angle":360,"type":"setBgColor"},{"start":0,"duration":4,"ease":"outExpo","var":"vfx.bgNoise","time":340,"value":1,"angle":45,"type":"ease"},{"time":340,"color":2,"b":85,"angle":105,"r":85,"type":"setColor","g":85},{"color":3,"time":340,"b":170,"angle":120,"r":170,"type":"setColor","g":170},{"time":324,"color":2,"b":170,"r":170,"angle":150,"type":"setColor","g":170},{"time":324,"color":3,"g":85,"angle":135,"r":85,"type":"setColor","b":85},{"time":340,"newWidth":360,"duration":0,"paddle":1,"angle":135,"type":"paddles","ease":"linear"},{"duration":4,"ease":"linear","order":1,"time":340,"newWidth":45,"paddle":1,"angle":150,"type":"paddles"},{"color":1,"duration":4,"time":412,"r":91,"type":"setColor","angle":30},{"duration":4,"time":416,"color":0,"g":0,"angle":15,"r":255,"type":"setColor","b":0},{"b":255,"color":1,"time":416,"g":255,"r":255,"angle":345,"type":"setColor"},{"color":0,"time":420,"g":255,"r":255,"angle":360,"type":"setColor","b":255},{"color":0,"time":416,"angle":315,"type":"setBgColor"},{"b":0,"order":-1,"time":416,"g":0,"r":91,"angle":330,"type":"setColor","color":0},{"time":420,"color":1,"b":0,"angle":345,"r":0,"type":"setColor","g":0},{"color":1,"time":420,"angle":345,"type":"setBgColor"},{"b":0,"r":255,"time":420,"description":"","name":"Verse 2","angle":150,"type":"bookmark","g":0},{"b":0,"r":0,"time":516,"description":"","name":"Verse 2 End","angle":210,"type":"bookmark","g":0}]}