[{"angle":11.25,"time":0,"type":"block"},{"angle":360,"time":0.5,"type":"block"},{"angle":11.25,"time":1,"type":"block"},{"angle":348.75,"time":2,"type":"block"},{"angle":337.5,"time":2.5,"type":"block"},{"angle":326.25,"time":3,"type":"block"},{"angle":45,"time":6,"type":"block"},{"angle":33.75,"time":6.5,"type":"block"},{"angle":56.25,"time":5.5,"type":"block"},{"angle":22.5,"time":7,"type":"block"},{"angle":11.25,"time":8,"type":"block"},{"angle":0,"time":8.5,"type":"block"},{"angle":348.75,"time":9,"type":"block"},{"angle":0,"time":10,"type":"block"},{"angle":11.25,"time":10.5,"type":"block"},{"angle":360,"time":10.833333015442,"type":"block"},{"angle":11.25,"time":11,"type":"block"},{"angle":0,"time":11.166666984558,"type":"block"},{"angle":348.75,"time":11.333333015442,"type":"block"},{"angle":11.25,"time":12,"type":"block"},{"angle":348.75,"time":13.5,"type":"block"},{"angle":33.75,"time":14.5,"type":"block"},{"angle":22.5,"time":15,"type":"block"},{"angle":11.25,"time":16,"type":"block"},{"angle":22.5,"time":16.5,"type":"block"},{"angle":11.25,"time":17,"type":"block"},{"angle":360,"time":17.5,"type":"block"},{"angle":11.25,"time":18,"type":"block"},{"angle":33.75,"time":19.5,"type":"block"},{"angle":360,"time":20.5,"type":"block"},{"angle":11.25,"time":20.666666030884,"type":"block"},{"angle":0,"time":21,"type":"block"},{"angle":11.25,"time":22,"type":"block"},{"angle":0,"time":22.5,"type":"block"},{"angle":11.25,"time":23,"type":"block"},{"angle":0,"time":23.5,"type":"block"},{"angle":348.75,"time":24,"type":"block"},{"angle":348.75,"time":25.5,"type":"block"},{"angle":326.25,"time":26.5,"type":"block"},{"angle":292.5,"time":27,"type":"block"},{"angle":270,"time":28,"type":"block"},{"angle":247.5,"time":29,"type":"block"},{"angle":236.25,"time":30,"type":"block"},{"angle":247.5,"time":30.5,"type":"block"},{"angle":236.25,"time":31,"type":"block"},{"angle":225,"time":31.5,"type":"block"},{"angle":236.25,"time":32.5,"type":"block"},{"angle":247.5,"time":33,"type":"block"},{"angle":247.5,"angle2":247.5,"type":"hold","time":34.5,"duration":0.49999994039536},{"angle":247.5,"angle2":270,"type":"hold","time":35,"duration":0.49999994039536},{"angle":270,"angle2":270,"type":"hold","time":35.5,"duration":0.49999994039536},{"angle":270,"time":40,"type":"block"},{"angle":281.25,"time":40.5,"type":"block"},{"angle":292.5,"time":41,"type":"block"},{"angle":303.75,"time":41.5,"type":"block"},{"angle":315,"time":42,"type":"block"},{"angle":292.5,"angle2":292.5,"type":"hold","time":43.5,"duration":1.4999998807907},{"angle":315,"angle2":292.5,"type":"hold","time":42,"duration":1.4999998807907},{"angle":303.75,"time":47,"type":"block"},{"angle":11.25,"time":47.5,"type":"block"},{"angle":303.75,"time":48,"type":"block"},{"angle":11.25,"time":46.5,"type":"block"},{"angle":326.25,"angle2":326.25,"type":"hold","time":52.5,"duration":0.49999994039536},{"angle":337.5,"angle2":337.5,"type":"hold","time":53,"duration":0.49999994039536},{"angle":348.75,"angle2":348.75,"type":"hold","time":53.5,"duration":0.49999994039536},{"angle":360,"angle2":360,"type":"hold","time":60,"duration":1.6666665077209},{"angle":360,"angle2":382.5,"type":"hold","time":61.666667938232,"duration":0.99999994039536},{"angle":22.5,"angle2":22.5,"type":"hold","time":62.666667938232,"duration":0.49999994039536},{"angle":22.5,"time":64.166664123535,"type":"block"},{"angle":11.25,"time":64.666664123535,"type":"block"},{"angle":22.5,"time":65.166664123535,"type":"block"},{"angle":33.75,"time":65.666664123535,"type":"block"},{"angle":22.5,"angle2":22.5,"type":"hold","time":66.166664123535,"duration":1.4999998807907},{"angle":22.5,"angle2":0,"type":"hold","time":67.666664123535,"duration":0.99999994039536},{"angle":360,"angle2":360,"type":"hold","time":68.666664123535,"duration":0.49999994039536},{"angle":0,"angle2":0,"type":"hold","time":70,"duration":0.49999994039536},{"angle":11.25,"angle2":11.25,"type":"hold","time":70.5,"duration":0.49999994039536},{"angle":22.5,"angle2":22.5,"type":"hold","time":71,"duration":0.49999988079071},{"angle":33.75,"angle2":33.75,"type":"hold","time":71.5,"duration":0.49999988079071},{"angle":45,"angle2":45,"type":"hold","time":72,"duration":1.4999998807907},{"angle":45,"angle2":-11.25,"type":"hold","time":73.5,"duration":1.1666666269302},{"angle":348.75,"angle2":348.75,"type":"hold","time":74.666664123535,"duration":0.49999994039536},{"angle":348.75,"angle2":371.25,"type":"hold","time":75.166664123535,"duration":0.99999994039536},{"angle":11.25,"angle2":11.25,"type":"hold","time":76.166664123535,"duration":1},{"angle":22.5,"time":78.5,"type":"block"},{"angle":348.75,"time":79,"type":"block"},{"angle":11.25,"angle2":11.25,"type":"hold","time":80,"duration":0.49999994039536},{"angle":22.5,"angle2":22.5,"type":"hold","time":80.5,"duration":0.49999994039536},{"angle":22.5,"angle2":22.5,"type":"hold","time":82.5,"duration":0.49999994039536},{"angle":33.75,"angle2":33.75,"type":"hold","time":83,"duration":0.49999994039536},{"angle":45,"angle2":45,"type":"hold","time":83.5,"duration":0.49999994039536},{"angle":33.75,"time":88.5,"type":"inverse"},{"angle":45,"time":89,"type":"inverse"},{"angle":33.75,"time":89.5,"type":"inverse"},{"angle":22.5,"time":90,"type":"inverse"},{"angle":11.25,"time":91.5,"type":"inverse"},{"angle":0,"time":94,"type":"block"},{"angle":348.75,"time":94.5,"type":"block"},{"angle":360,"time":95,"type":"block"},{"angle":11.25,"time":95.5,"type":"block"},{"angle":0,"time":96,"type":"block"},{"angle":360,"angle2":360,"type":"hold","time":101,"duration":0.49999994039536},{"angle":11.25,"angle2":11.25,"type":"hold","time":101.5,"duration":0.49999994039536},{"angle":22.5,"angle2":22.5,"type":"hold","time":102,"duration":0.49999994039536},{"angle":33.75,"angle2":33.75,"type":"hold","time":102.5,"duration":0.49999994039536},{"angle":45,"angle2":45,"type":"hold","time":103,"duration":0.49999994039536},{"angle":56.25,"angle2":56.25,"type":"hold","time":103.5,"duration":0.49999994039536},{"angle":67.5,"angle2":67.5,"type":"hold","time":104,"duration":0.49999994039536},{"angle":78.75,"angle2":78.75,"type":"hold","time":104.5,"duration":0.49999994039536},{"angle":78.75,"angle2":78.75,"type":"hold","time":108,"duration":1.4999998807907},{"angle":78.75,"angle2":56.25,"type":"hold","time":109.5,"duration":0.99999994039536},{"angle":56.25,"angle2":56.25,"type":"hold","time":110.5,"duration":0.49999994039536},{"angle":11.25,"time":78,"type":"block"},{"angle":45,"time":88,"type":"inverse"},{"angle":360,"time":93,"type":"inverse"},{"angle":348.75,"angle2":348.75,"type":"hold","time":100.5,"duration":0.49999994039536},{"angle":22.5,"time":79.5,"type":"block"},{"angle":45,"time":112,"type":"block"},{"angle":56.25,"time":112.5,"type":"block"},{"angle":45,"time":113,"type":"block"},{"angle":33.75,"time":113.5,"type":"block"},{"angle":45,"angle2":45,"type":"hold","time":114,"duration":1.4999998807907},{"angle":45,"angle2":45,"type":"hold","time":115.5,"duration":1},{"angle":45,"angle2":45,"type":"hold","time":116.5,"duration":0.49999994039536},{"angle":67.5,"time":118,"type":"block"},{"angle":0,"time":118.5,"type":"block"},{"angle":67.5,"time":119,"type":"block"},{"angle":0,"time":119.5,"type":"block"},{"angle":67.5,"angle2":67.5,"type":"hold","time":120,"duration":1.4999998807907},{"angle":67.5,"angle2":67.5,"type":"hold","time":121.5,"duration":1},{"angle":67.5,"angle2":67.5,"type":"hold","time":122.5,"duration":0.49999994039536},{"angle":67.5,"angle2":56.25,"type":"hold","time":123,"duration":0.99999994039536},{"angle":56.25,"angle2":56.25,"type":"hold","time":124,"duration":0.99999994039536},{"angle":22.5,"time":126,"type":"block"},{"angle":90,"time":126.5,"type":"block"},{"angle":22.5,"time":127,"type":"block"},{"angle":90,"time":127.5,"type":"block"},{"angle":45,"angle2":56.25,"type":"hold","time":128.5,"duration":0.49999994039536},{"angle":45,"angle2":45,"type":"hold","time":131,"duration":0.49999994039536},{"angle":56.25,"angle2":56.25,"type":"hold","time":131.5,"duration":0.49999994039536},{"angle":67.5,"angle2":67.5,"type":"hold","time":132,"duration":1.9999998807907},{"angle":33.75,"angle2":33.75,"type":"hold","time":130.5,"duration":0.49999994039536},{"angle":56.25,"time":136.5,"type":"block"},{"angle":67.5,"time":137,"type":"block"},{"angle":56.25,"time":137.5,"type":"block"},{"angle":67.5,"time":138,"type":"block"},{"angle":67.5,"time":136,"type":"block"},{"angle":56.25,"angle2":33.75,"type":"hold","time":139.5,"duration":1.4999998807907},{"angle":45,"time":142.5,"type":"block"},{"angle":33.75,"time":143,"type":"block"},{"angle":45,"angle2":-157.5,"type":"hold","time":144,"duration":4.5},{"angle":202.5,"angle2":202.5,"type":"hold","time":148.5,"duration":0.49999994039536},{"angle":202.5,"angle2":225,"type":"hold","time":149,"duration":0.49999994039536},{"angle":225,"angle2":225,"type":"hold","time":149.5,"duration":0.50000005960464},{"angle":225,"angle2":922.5,"type":"hold","time":152.66667175293,"duration":7.4999971389771},{"angle":225,"angle2":225,"type":"hold","time":150,"duration":2.6666667461395},{"angle":202.5,"angle2":202.5,"type":"hold","time":160.16667175293,"duration":1},{"angle":202.5,"angle2":202.5,"type":"hold","time":161.16667175293,"duration":1},{"angle":191.25,"time":163.33332824707,"type":"block"},{"angle":213.75,"time":163.83332824707,"type":"block"},{"angle":191.25,"time":164.33332824707,"type":"block"},{"angle":213.75,"angle2":213.75,"type":"hold","time":165,"duration":1.4999998807907},{"angle":213.75,"angle2":213.75,"type":"hold","time":166.5,"duration":1.5},{"angle":213.75,"angle2":528.75,"type":"hold","time":168,"duration":4.9999995231628},{"angle":157.5,"time":173.33332824707,"type":"block"},{"angle":168.75,"time":173.5,"type":"block"},{"angle":168.75,"time":173.16667175293,"type":"block"},{"angle":168.75,"angle2":168.75,"type":"hold","time":174,"duration":1.4999998807907},{"angle":168.75,"angle2":168.75,"type":"hold","time":175.5,"duration":1},{"angle":168.75,"angle2":168.75,"type":"hold","time":176.5,"duration":0.50000005960464},{"angle":168.75,"angle2":168.75,"type":"hold","time":177,"duration":1},{"angle":168.75,"angle2":168.75,"type":"hold","time":178,"duration":0.99999994039536},{"angle":168.75,"angle2":596.25,"type":"hold","time":179,"duration":5.9999985694885},{"angle":236.25,"angle2":236.25,"type":"hold","time":185,"duration":0.99999994039536},{"angle":247.5,"time":197.5,"type":"block"},{"angle":247.5,"time":199.5,"type":"block"},{"angle":236.25,"time":198.5,"type":"block"},{"angle":247.5,"time":200.5,"type":"block"},{"angle":247.5,"time":201.5,"type":"block"},{"angle":247.5,"time":202.5,"type":"block"},{"angle":247.5,"time":203.5,"type":"block"},{"angle":247.5,"time":204.5,"type":"block"},{"angle":247.5,"time":205.5,"type":"block"},{"angle":236.25,"time":207,"type":"block"},{"angle":236.25,"angle2":236.25,"type":"hold","time":208,"duration":0.99999994039536},{"angle":281.25,"angle2":562.5,"type":"mineHold","time":38,"duration":2.9802322387695e-08},{"angle":348.75,"angle2":112.5,"type":"mineHold","time":49,"duration":0},{"angle":326.25,"angle2":45,"type":"mineHold","time":50,"duration":0},{"angle":0,"angle2":-270,"type":"mineHold","time":56,"duration":0},{"angle":348.75,"angle2":67.5,"type":"mineHold","time":57,"duration":0},{"angle":337.5,"angle2":56.25,"type":"mineHold","time":58,"duration":0},{"angle":0,"angle2":-270,"type":"mineHold","time":55,"duration":0},{"angle":45,"time":55,"type":"extraTap"},{"angle":33.75,"time":56,"type":"extraTap"},{"angle":33.75,"time":57,"type":"extraTap"},{"angle":22.5,"time":58,"type":"extraTap"},{"angle":45,"time":49,"type":"extraTap"},{"angle":11.25,"time":50,"type":"extraTap"},{"angle":236.25,"time":38,"type":"extraTap"},{"angle":315,"angle2":562.5,"type":"mineHold","time":98,"duration":0},{"angle":270,"time":98,"type":"extraTap"},{"angle":0,"angle2":258.75,"type":"mineHold","time":86,"duration":0},{"angle":303.75,"time":86,"type":"extraTap"},{"angle":202.5,"time":187,"type":"side"},{"angle":281.25,"time":188,"type":"side"},{"angle":202.5,"time":189,"type":"side"},{"angle":281.25,"time":190,"type":"side"},{"angle":202.5,"time":191,"type":"side"},{"angle":281.25,"time":192,"type":"side"},{"angle":202.5,"time":193,"type":"side"},{"angle":281.25,"time":194,"type":"side"},{"angle":202.5,"time":195,"type":"side"},{"angle":281.25,"time":196,"type":"side"},{"angle":202.5,"time":197,"type":"side"},{"angle":202.5,"time":205,"type":"side"},{"angle":281.25,"time":206,"type":"side"},{"angle":281.25,"time":204,"type":"side"},{"angle":202.5,"time":203,"type":"side"},{"angle":202.5,"time":201,"type":"side"},{"angle":281.25,"time":202,"type":"side"},{"angle":281.25,"time":200,"type":"side"},{"angle":202.5,"time":199,"type":"side"},{"angle":281.25,"time":198,"type":"side"},{"angle":33.75,"time":142,"type":"block"},{"angle":45,"time":143.5,"type":"block"}]