[{"angle":90,"time":146,"type":"extraTap"},{"angle":90,"time":150,"type":"extraTap"},{"angle":0,"time":154,"type":"extraTap"},{"angle":360,"time":158,"type":"extraTap"},{"angle":90,"time":162,"type":"extraTap"},{"angle":90,"time":166,"type":"extraTap"},{"angle":90,"time":170,"type":"extraTap"},{"angle":90,"time":174,"type":"extraTap"},{"angle":90,"time":178,"type":"extraTap"},{"angle":90,"time":182,"type":"extraTap"},{"angle":90,"time":186,"type":"extraTap"},{"angle":90,"time":194,"type":"extraTap"},{"angle":90,"time":198,"type":"extraTap"},{"angle":360,"time":202,"type":"extraTap"},{"angle":0,"time":206,"type":"extraTap"},{"angle":225,"time":17.5,"type":"block"},{"tap":true,"angle":180,"time":18,"type":"block"},{"tap":true,"angle":0,"time":65,"type":"block"},{"angle":315,"time":65.5,"type":"block"},{"tap":true,"angle":0,"time":112,"type":"block"},{"tap":true,"angle":90,"time":113,"type":"block"},{"angle":45,"time":113.5,"type":"block"},{"angle":90,"time":115,"type":"block"},{"angle":45,"time":114.5,"type":"block"},{"angle":180,"time":116,"type":"block"},{"angle":270,"time":117,"type":"block"},{"angle":0,"time":118,"type":"block"},{"angle":45,"time":118.5,"type":"block"},{"tap":true,"angle":180,"time":120,"type":"block"},{"tap":true,"angle":90,"time":121,"type":"block"},{"angle":0,"time":123,"type":"block"},{"angle":180,"time":125,"type":"block"},{"tap":true,"angle":180,"time":126,"type":"block"},{"tap":true,"angle":90,"time":127,"type":"block"},{"tap":true,"angle":180,"time":128,"type":"block"},{"angle":315,"time":117.5,"type":"block"},{"angle":90,"time":119,"type":"block"},{"tap":true,"angle":135,"time":121.5,"type":"block"},{"angle":45,"time":122.5,"type":"block"},{"angle":270,"time":124,"type":"block"},{"tap":true,"angle":135,"time":125.5,"type":"block"},{"angle":135,"time":126.5,"type":"block"},{"tap":true,"angle":90,"time":129,"type":"block"},{"tap":true,"angle":180,"time":130,"type":"block"},{"angle":90,"time":131,"type":"block"},{"angle":0,"time":132,"type":"block"},{"angle":270,"time":133,"type":"block"},{"angle":180,"time":134,"type":"block"},{"angle":90,"time":135,"type":"block"},{"tap":true,"angle":360,"time":136,"type":"block"},{"tap":true,"angle":90,"time":137,"type":"block"},{"angle":90,"time":138,"type":"block"},{"angle":90,"time":139,"type":"block"},{"angle":45,"time":136.5,"type":"block"},{"tap":true,"angle":45,"time":137.5,"type":"block"},{"tap":true,"angle":135,"time":138.5,"type":"block"},{"angle":45,"time":139.5,"type":"block"},{"tap":true,"angle":270,"time":108,"type":"block"},{"angle":315,"time":108.5,"type":"block"},{"tap":true,"angle":45,"time":109.5,"type":"block"},{"tap":true,"angle":315,"time":105.5,"type":"block"},{"tap":true,"angle":270,"time":104,"type":"block"},{"angle":315,"time":104.5,"type":"block"},{"angle":135,"time":101.5,"type":"block"},{"angle":225,"time":100.5,"type":"block"},{"angle":270,"time":100,"type":"block"},{"angle":45,"time":97.5,"type":"block"},{"angle":45,"time":96.5,"type":"block"},{"tap":true,"angle":90,"time":96,"type":"block"},{"tap":true,"angle":45,"time":93.5,"type":"block"},{"angle":135,"time":92.5,"type":"block"},{"angle":180,"time":92,"type":"block"},{"angle":315,"time":89.5,"type":"block"},{"angle":315,"time":88.5,"type":"block"},{"tap":true,"angle":0,"time":88,"type":"block"},{"angle":135,"time":85.5,"type":"block"},{"angle":45,"time":84.5,"type":"block"},{"angle":0,"time":84,"type":"block"},{"angle":225,"time":81.5,"type":"block"},{"angle":225,"time":80.5,"type":"block"},{"tap":true,"angle":180,"time":80,"type":"block"},{"tap":true,"angle":360,"time":75,"type":"block"},{"angle":90,"time":76,"type":"block"},{"angle":135,"time":76.5,"type":"block"},{"angle":180,"time":77,"type":"block"},{"tap":true,"angle":225,"time":77.5,"type":"block"},{"tap":true,"angle":180,"time":78,"type":"block"},{"tap":true,"angle":270,"time":79,"type":"block"},{"angle":315,"time":70.5,"type":"block"},{"angle":225,"time":69.5,"type":"block"},{"angle":270,"time":70,"type":"block"},{"angle":0,"time":71,"type":"block"},{"angle":90,"time":68,"type":"block"},{"angle":0,"time":67,"type":"block"},{"angle":90,"time":48,"type":"extraTap"},{"tap":true,"angle":270,"time":66,"type":"block"},{"tap":true,"angle":270,"time":64,"type":"block"},{"angle":180,"time":69,"type":"block"},{"angle":135,"time":68.5,"type":"block"},{"angle":225,"time":78.5,"type":"block"},{"angle":180,"time":60,"type":"block"},{"angle":270,"time":61,"type":"block"},{"tap":true,"angle":315,"time":61.5,"type":"block"},{"tap":true,"angle":270,"time":62,"type":"block"},{"angle":225,"time":60.5,"type":"block"},{"tap":true,"angle":0,"time":63,"type":"block"},{"angle":315,"time":62.5,"type":"block"},{"tap":true,"angle":0,"time":56,"type":"block"},{"angle":45,"time":56.5,"type":"block"},{"tap":true,"angle":90,"time":57,"type":"block"},{"angle":45,"time":57.5,"type":"block"},{"tap":true,"angle":0,"time":58,"type":"block"},{"angle":90,"time":59,"type":"block"},{"angle":45,"time":58.5,"type":"block"},{"angle":45,"time":74.5,"type":"block"},{"angle":0,"time":52,"type":"block"},{"angle":315,"time":52.5,"type":"block"},{"angle":270,"time":53,"type":"block"},{"angle":225,"time":53.5,"type":"block"},{"angle":180,"time":54,"type":"block"},{"angle":135,"time":54.5,"type":"block"},{"angle":90,"time":55,"type":"block"},{"tap":true,"angle":180,"time":48,"type":"block"},{"angle":135,"time":48.5,"type":"block"},{"tap":true,"angle":90,"time":49,"type":"block"},{"angle":135,"time":49.5,"type":"block"},{"tap":true,"angle":180,"time":50,"type":"block"},{"angle":90,"time":51,"type":"block"},{"tap":true,"angle":180,"time":16,"type":"block"},{"tap":true,"angle":270,"time":17,"type":"block"},{"angle":270,"time":19,"type":"block"},{"angle":0,"time":20,"type":"block"},{"angle":90,"time":21,"type":"block"},{"angle":180,"time":22,"type":"block"},{"angle":45,"time":20.5,"type":"block"},{"angle":135,"time":21.5,"type":"block"},{"angle":270,"time":23,"type":"block"},{"tap":true,"angle":0,"time":24,"type":"block"},{"tap":true,"angle":270,"time":25,"type":"block"},{"angle":315,"time":25.5,"type":"block"},{"tap":true,"angle":0,"time":26,"type":"block"},{"angle":270,"time":27,"type":"block"},{"angle":180,"time":28,"type":"block"},{"angle":90,"time":29,"type":"block"},{"tap":true,"angle":45,"time":29.5,"type":"block"},{"tap":true,"angle":90,"time":30,"type":"block"},{"tap":true,"angle":0,"time":31,"type":"block"},{"tap":true,"angle":90,"time":32,"type":"block"},{"tap":true,"angle":0,"time":33,"type":"block"},{"angle":45,"time":33.5,"type":"block"},{"tap":true,"angle":90,"time":34,"type":"block"},{"angle":0,"time":35,"type":"block"},{"angle":270,"time":36,"type":"block"},{"angle":180,"time":37,"type":"block"},{"angle":135,"time":37.5,"type":"block"},{"angle":90,"time":38,"type":"block"},{"angle":0,"time":39,"type":"block"},{"tap":true,"angle":90,"time":47,"type":"block"},{"angle":315,"time":24.5,"type":"block"},{"angle":315,"time":26.5,"type":"block"},{"angle":135,"time":28.5,"type":"block"},{"angle":225,"time":36.5,"type":"block"},{"angle":90,"time":307,"type":"block"},{"angle":45,"time":306.5,"type":"block"},{"angle":90,"time":308,"type":"block"},{"tap":true,"angle":90,"time":309,"type":"block"},{"tap":true,"angle":90,"time":310,"type":"block"},{"angle":135,"time":310.5,"type":"block"},{"tap":true,"angle":135,"time":309.5,"type":"block"},{"angle":180,"time":311,"type":"block"},{"angle":180,"time":312,"type":"block"},{"tap":true,"angle":180,"time":313,"type":"block"},{"tap":true,"angle":135,"time":313.5,"type":"block"},{"angle":90,"time":315,"type":"block"},{"angle":135,"time":314.5,"type":"block"},{"angle":90,"time":316,"type":"block"},{"tap":true,"angle":90,"time":317,"type":"block"},{"tap":true,"angle":90,"time":318,"type":"block"},{"angle":135,"time":318.5,"type":"block"},{"tap":true,"angle":135,"time":317.5,"type":"block"},{"angle":180,"time":319,"type":"block"},{"angle":180,"time":320,"type":"block"},{"tap":true,"angle":180,"time":321,"type":"block"},{"tap":true,"angle":180,"time":322,"type":"block"},{"angle":90,"time":323,"type":"block"},{"angle":90,"time":324,"type":"block"},{"tap":true,"angle":90,"time":325,"type":"block"},{"tap":true,"angle":90,"time":326,"type":"block"},{"angle":180,"time":327,"type":"block"},{"angle":180,"time":328,"type":"block"},{"angle":90,"time":328.5,"type":"block"},{"angle":360,"time":329,"type":"block"},{"angle":270,"time":329.5,"type":"block"},{"angle":180,"time":330,"type":"block"},{"angle":90,"time":330.5,"type":"block"},{"angle":0,"time":331,"type":"block"},{"angle":270,"time":331.5,"type":"block"},{"angle":90,"time":338,"type":"extraTap"},{"angle":0,"time":342,"type":"extraTap"},{"angle":90,"time":346,"type":"extraTap"},{"angle":90,"time":350,"type":"extraTap"},{"angle":90,"duration":6,"type":"hold","time":0,"holdEase":"inQuad","angle2":990},{"angle":270,"time":159,"type":"block"},{"tap":true,"angle":270,"time":171,"type":"block"},{"tap":true,"angle":270,"time":174,"type":"block"},{"tap":true,"angle":270,"time":175,"type":"block"},{"tap":true,"angle":90,"time":202,"type":"block"},{"tap":true,"angle":90,"time":203,"type":"block"},{"tap":true,"angle":90,"time":206,"type":"block"},{"tap":true,"angle":90,"time":207,"type":"block"},{"angle":270,"duration":0.5,"type":"hold","time":40,"startTap":true,"angle2":315},{"angle":315,"duration":0.5,"time":40.5,"type":"hold","angle2":360},{"angle":0,"duration":0.5,"type":"hold","time":41,"startTap":true,"angle2":-45},{"angle":315,"duration":0.5,"endTap":true,"time":41.5,"type":"hold","angle2":270},{"angle":315,"time":42.5,"type":"block"},{"tap":true,"angle":360,"time":43,"type":"block"},{"angle":270,"time":44,"type":"block"},{"angle":225,"time":44.5,"type":"block"},{"angle":180,"time":45,"type":"block"},{"tap":true,"angle":135,"time":45.5,"type":"block"},{"tap":true,"angle":180,"time":46,"type":"block"},{"angle":90,"duration":0.5,"type":"hold","time":72,"startTap":true,"angle2":45},{"angle":45,"duration":0.5,"time":72.5,"type":"hold","angle2":0},{"angle":360,"duration":0.5,"type":"hold","time":73,"startTap":true,"angle2":405},{"angle":45,"duration":0.5,"endTap":true,"time":73.5,"type":"hold","angle2":90},{"angle":135,"time":80,"type":"extraTap"},{"angle":135,"time":81,"type":"extraTap"},{"angle":135,"time":81.5,"type":"extraTap"},{"angle":135,"time":88,"type":"extraTap"},{"angle":135,"time":89,"type":"extraTap"},{"angle":135,"time":89.5,"type":"extraTap"},{"angle":90,"time":94,"type":"extraTap"},{"angle":90,"time":95,"type":"extraTap"},{"angle":135,"time":96,"type":"extraTap"},{"angle":135,"time":97,"type":"extraTap"},{"angle":135,"time":97.5,"type":"extraTap"},{"angle":135,"time":104,"type":"extraTap"},{"angle":135,"time":105,"type":"extraTap"},{"angle":135,"time":105.5,"type":"extraTap"},{"angle":90,"time":106.5,"type":"extraTap"},{"angle":90,"time":110,"type":"extraTap"},{"angle":90,"time":111,"type":"extraTap"},{"angle":90,"time":114,"type":"extraTap"},{"angle":0,"duration":2,"time":140,"type":"hold","angle2":-180},{"angle":0,"duration":1,"time":144,"type":"hold","angle2":180},{"angle":180,"duration":1,"endTap":true,"time":145,"type":"hold","angle2":0},{"angle":180,"duration":1,"time":149,"type":"hold","angle2":0},{"angle":180,"duration":1,"time":150.5,"type":"hold","angle2":0},{"startTap":true,"endTap":true,"type":"hold","angle":0,"spinEase":"outQuad","duration":1,"time":152,"angle2":180},{"angle":0,"duration":1,"time":153.5,"type":"hold","angle2":180},{"tap":true,"angle":90,"time":154,"type":"block"},{"angle":270,"time":157,"type":"block"},{"angle":180,"duration":0.5,"time":157.5,"type":"hold","angle2":90},{"angle":90,"duration":0.5,"time":156,"type":"hold","angle2":0},{"angle":180,"duration":1,"time":160,"type":"hold","angle2":360},{"angle":360,"duration":1,"endTap":true,"time":161,"type":"hold","angle2":180},{"angle":360,"duration":1,"time":165,"type":"hold","angle2":180},{"angle":0,"duration":1,"time":166.5,"type":"hold","angle2":-180},{"angle":180,"angle2":360,"duration":1,"endTap":true,"time":168,"startTap":true,"type":"hold"},{"angle":180,"duration":1,"time":169.5,"type":"hold","angle2":360},{"tap":true,"angle":270,"time":170,"type":"block"},{"angle":360,"duration":1,"time":172,"type":"hold","angle2":180},{"angle":180,"duration":1,"type":"hold","time":173.5,"startTap":true,"angle2":360},{"angle":0,"duration":1,"time":176,"type":"hold","angle2":-180},{"angle":180,"duration":1,"endTap":true,"time":177,"type":"hold","angle2":360},{"angle":180,"duration":1,"time":181,"type":"hold","angle2":360},{"angle":180,"duration":1,"time":182.5,"type":"hold","angle2":360},{"angle":0,"angle2":-180,"duration":1,"endTap":true,"time":184,"startTap":true,"type":"hold"},{"angle":0,"duration":1,"time":185.5,"type":"hold","angle2":-180},{"tap":true,"angle":270,"time":186,"type":"block"},{"angle":-360,"time":190,"type":"extraTap"},{"angle":-270,"time":191,"type":"block"},{"angle":-270,"time":189,"type":"block"},{"angle":-180,"duration":0.5,"time":189.5,"type":"hold","angle2":-90},{"angle":-90,"duration":0.5,"time":188,"type":"hold","angle2":0},{"angle":180,"duration":1,"time":192,"type":"hold","angle2":0},{"angle":360,"duration":1,"endTap":true,"time":193,"type":"hold","angle2":540},{"angle":0,"duration":1,"time":197,"type":"hold","angle2":180},{"angle":360,"duration":1,"time":198.5,"type":"hold","angle2":540},{"angle":180,"angle2":0,"duration":1,"endTap":true,"time":200,"startTap":true,"type":"hold"},{"angle":180,"duration":1,"time":201.5,"type":"hold","angle2":0},{"angle":0,"duration":1,"time":204,"type":"hold","angle2":180},{"angle":0,"duration":1,"type":"hold","time":205.5,"startTap":true,"angle2":180},{"angle":90,"time":212,"type":"extraTap"},{"angle":90,"time":213,"type":"extraTap"},{"angle":90,"time":213.5,"type":"extraTap"},{"angle":90,"time":216,"type":"extraTap"},{"angle":90,"time":217,"type":"extraTap"},{"angle":90,"time":217.5,"type":"extraTap"},{"angle":90,"time":220,"type":"extraTap"},{"angle":90,"time":221.5,"type":"extraTap"},{"angle":0,"time":221,"type":"extraTap"},{"angle":90,"time":224,"type":"extraTap"},{"angle":90,"time":225,"type":"extraTap"},{"angle":90,"time":225.5,"type":"extraTap"},{"angle":90,"time":228,"type":"extraTap"},{"angle":0,"time":229,"type":"extraTap"},{"angle":90,"time":229.5,"type":"extraTap"},{"angle":90,"time":232,"type":"extraTap"},{"angle":90,"time":233,"type":"extraTap"},{"angle":90,"time":233.5,"type":"extraTap"},{"angle":90,"time":236,"type":"extraTap"},{"angle":0,"time":237,"type":"extraTap"},{"angle":90,"time":237.5,"type":"extraTap"},{"angle":0,"duration":0.5,"time":216.5,"type":"hold","angle2":-45},{"angle":315,"duration":0.5,"time":217,"type":"hold","angle2":360},{"angle":360,"duration":0.5,"time":217.5,"type":"hold","angle2":315},{"angle":315,"duration":1.5,"time":218,"type":"hold","angle2":495},{"angle":135,"duration":1,"time":219.5,"type":"hold","angle2":45},{"angle":45,"duration":0.5,"time":220.5,"type":"hold","angle2":90},{"angle":90,"duration":0.5,"time":221,"type":"hold","angle2":45},{"angle":45,"duration":0.5,"time":221.5,"type":"hold","angle2":90},{"angle":90,"duration":1.5,"time":222,"type":"hold","angle2":-90},{"angle":270,"duration":1,"time":223.5,"type":"hold","angle2":360},{"angle":0,"duration":0.5,"time":224.5,"type":"hold","angle2":-45},{"angle":315,"duration":0.5,"time":225,"type":"hold","angle2":360},{"angle":360,"duration":0.5,"time":225.5,"type":"hold","angle2":315},{"angle":315,"duration":1.5,"time":226,"type":"hold","angle2":495},{"angle":135,"duration":1,"time":227.5,"type":"hold","angle2":45},{"angle":45,"duration":0.5,"time":228.5,"type":"hold","angle2":90},{"angle":90,"duration":0.5,"time":229,"type":"hold","angle2":45},{"angle":45,"duration":0.5,"time":229.5,"type":"hold","angle2":90},{"angle":90,"duration":1.5,"time":230,"type":"hold","angle2":-90},{"angle":270,"duration":1,"time":231.5,"type":"hold","angle2":360},{"angle":0,"duration":0.5,"time":232.5,"type":"hold","angle2":-45},{"angle":315,"duration":0.5,"time":233,"type":"hold","angle2":360},{"angle":360,"duration":0.5,"time":233.5,"type":"hold","angle2":315},{"angle":315,"duration":1.5,"time":234,"type":"hold","angle2":495},{"angle":135,"duration":1,"time":235.5,"type":"hold","angle2":45},{"angle":45,"duration":0.5,"time":236.5,"type":"hold","angle2":90},{"angle":90,"duration":0.5,"time":237,"type":"hold","angle2":45},{"angle":45,"duration":0.5,"time":237.5,"type":"hold","angle2":90},{"angle":90,"duration":1.5,"time":238,"type":"hold","angle2":-90},{"angle":90,"time":240,"type":"extraTap"},{"angle":270,"time":240.5,"type":"side"},{"angle":337.5,"time":241,"type":"side"},{"angle":270,"time":241.5,"type":"side"},{"angle":270,"duration":0.5,"time":239.5,"type":"hold","angle2":315},{"angle":22.5,"time":242.5,"type":"block"},{"angle":67.5,"time":243,"type":"block"},{"angle":-202.5,"time":243.5,"type":"side"},{"angle":-157.5,"time":244,"type":"block"},{"angle":292.5,"time":244.5,"type":"side"},{"angle":225,"time":245,"type":"side"},{"angle":292.5,"time":245.5,"type":"side"},{"angle":225,"time":246,"type":"side"},{"angle":180,"time":246.5,"type":"block"},{"angle":135,"time":247,"type":"block"},{"angle":-315,"time":247.5,"type":"side"},{"angle":-360,"time":248,"type":"block"},{"angle":337.5,"time":242,"type":"side"},{"angle":90,"time":272,"type":"extraTap"},{"angle":90,"time":273,"type":"extraTap"},{"angle":0,"time":273.5,"type":"extraTap"},{"angle":90,"time":280,"type":"extraTap"},{"angle":90,"time":281,"type":"extraTap"},{"angle":90,"time":281.5,"type":"extraTap"},{"angle":90,"time":288,"type":"extraTap"},{"angle":90,"time":289,"type":"extraTap"},{"angle":90,"time":289.5,"type":"extraTap"},{"angle":90,"time":296,"type":"extraTap"},{"angle":90,"time":297,"type":"extraTap"},{"angle":90,"time":297.5,"type":"extraTap"},{"angle":0,"time":304,"type":"block"},{"tap":true,"angle":45,"time":305.5,"type":"block"},{"angle":90,"time":304.5,"type":"extraTap"},{"tap":true,"angle":0,"time":305,"type":"block"},{"tap":true,"angle":0,"time":306,"type":"block"},{"angle":90,"time":307.5,"type":"extraTap"},{"angle":90,"time":308.5,"type":"extraTap"},{"angle":90,"time":311.5,"type":"extraTap"},{"angle":90,"time":312.5,"type":"extraTap"},{"angle":90,"time":314,"type":"extraTap"},{"angle":90,"time":315.5,"type":"extraTap"},{"angle":90,"time":316.5,"type":"extraTap"},{"angle":90,"time":319.5,"type":"extraTap"},{"angle":90,"time":320.5,"type":"extraTap"},{"angle":90,"time":321.5,"type":"extraTap"},{"angle":90,"time":323.5,"type":"extraTap"},{"angle":90,"time":324.5,"type":"extraTap"},{"angle":90,"time":325.5,"type":"extraTap"},{"angle":90,"time":327.5,"type":"extraTap"},{"angle":360,"time":354,"type":"extraTap"},{"angle":90,"time":358,"type":"extraTap"},{"angle":0,"time":362,"type":"extraTap"},{"angle":0,"time":366,"type":"extraTap"},{"angle":90,"time":370,"type":"extraTap"},{"angle":0,"time":374,"type":"extraTap"},{"angle":90,"time":378,"type":"extraTap"},{"angle":90,"time":382,"type":"extraTap"},{"angle":90,"time":386,"type":"extraTap"},{"angle":90,"time":390,"type":"extraTap"},{"angle":90,"time":394,"type":"extraTap"},{"angle":90,"time":398,"type":"extraTap"},{"tap":true,"angle":0,"time":346,"type":"block"},{"tap":true,"angle":0,"time":350,"type":"block"},{"angle":360,"time":348.5,"type":"block"},{"tap":true,"angle":0,"time":351,"type":"block"},{"tap":true,"angle":90,"time":362,"type":"block"},{"tap":true,"angle":90,"time":363,"type":"block"},{"tap":true,"angle":90,"time":366,"type":"block"},{"tap":true,"angle":90,"time":367,"type":"block"},{"tap":true,"angle":180,"time":378,"type":"block"},{"angle":180,"time":380.5,"type":"block"},{"tap":true,"angle":180,"time":382,"type":"block"},{"tap":true,"angle":180,"time":383,"type":"block"},{"tap":true,"angle":270,"time":394,"type":"block"},{"tap":true,"angle":270,"time":395,"type":"block"},{"tap":true,"angle":270,"time":398,"type":"block"},{"tap":true,"angle":270,"time":399,"type":"block"},{"angle":90,"duration":0.5,"time":336,"type":"hold","angle2":0},{"angle":0,"duration":0.5,"time":336.5,"type":"hold","angle2":90},{"angle":90,"duration":1,"endTap":true,"time":337,"type":"hold","angle2":-90},{"angle":90,"duration":0.5,"time":341,"type":"hold","angle2":0},{"angle":360,"duration":0.5,"time":341.5,"type":"hold","angle2":450},{"angle":90,"angle2":-90,"duration":1,"endTap":true,"time":344,"startTap":true,"type":"hold"},{"angle":90,"duration":1,"time":342.5,"type":"hold","angle2":-90},{"angle":90,"duration":1,"time":345.5,"type":"hold","angle2":-90},{"angle":90,"duration":1,"type":"hold","time":348,"startTap":true,"angle2":-90},{"angle":270,"duration":1,"type":"hold","time":349.5,"startTap":true,"angle2":450},{"angle":90,"type":"hold","duration":2,"endTap":true,"time":352,"holdEase":"outQuad","angle2":450},{"angle":360,"duration":1,"time":355,"type":"hold","angle2":540},{"angle":180,"duration":1,"time":356,"type":"hold","angle2":0},{"angle":0,"duration":0.5,"time":357,"type":"hold","angle2":90},{"angle":0,"duration":1,"time":358.5,"type":"hold","angle2":180},{"angle":180,"angle2":0,"duration":1,"endTap":true,"time":360,"startTap":true,"type":"hold"},{"angle":180,"duration":1,"time":361.5,"type":"hold","angle2":0},{"angle":0,"duration":1,"time":364,"type":"hold","angle2":180},{"angle":360,"duration":1,"type":"hold","time":365.5,"startTap":true,"angle2":540},{"angle":180,"type":"hold","duration":2,"endTap":true,"time":368,"holdEase":"outQuad","angle2":-180},{"angle":90,"duration":1,"time":371,"type":"hold","angle2":270},{"angle":270,"duration":1,"time":372,"type":"hold","angle2":90},{"angle":90,"duration":0.5,"time":373,"type":"hold","angle2":180},{"angle":90,"duration":1,"time":374.5,"type":"hold","angle2":270},{"angle":270,"angle2":90,"duration":1,"endTap":true,"time":376,"startTap":true,"type":"hold"},{"angle":270,"duration":1,"time":377.5,"type":"hold","angle2":90},{"angle":270,"duration":1,"type":"hold","time":380,"startTap":true,"angle2":90},{"angle":90,"duration":1,"type":"hold","time":381.5,"startTap":true,"angle2":270},{"angle":270,"type":"hold","duration":2,"endTap":true,"time":384,"holdEase":"outQuad","angle2":630},{"angle":180,"duration":1,"time":387,"type":"hold","angle2":360},{"angle":360,"duration":1,"time":388,"type":"hold","angle2":180},{"angle":180,"duration":0.5,"time":389,"type":"hold","angle2":270},{"angle":180,"duration":1,"time":390.5,"type":"hold","angle2":360},{"angle":0,"angle2":-180,"duration":1,"endTap":true,"time":392,"startTap":true,"type":"hold"},{"angle":0,"duration":1,"time":393.5,"type":"hold","angle2":-180},{"angle":180,"duration":1,"time":396,"type":"hold","angle2":360},{"angle":180,"duration":1,"type":"hold","time":397.5,"startTap":true,"angle2":360},{"angle":90,"duration":4,"type":"hold","time":400,"holdEase":"inQuad","angle2":-270},{"angle":90,"duration":2,"type":"hold","time":404,"holdEase":"inQuad","angle2":270},{"angle":270,"duration":3,"type":"hold","time":406,"holdEase":"inQuad","angle2":0},{"angle":360,"duration":1,"type":"hold","time":409,"holdEase":"inQuad","angle2":450},{"angle":180,"duration":0.5,"time":373.5,"type":"hold","angle2":90},{"angle":270,"duration":0.5,"time":389.5,"type":"hold","angle2":180},{"angle":90,"duration":0.5,"time":357.5,"type":"hold","angle2":0},{"angle":270,"time":248.5,"type":"side"},{"angle":337.5,"time":249,"type":"side"},{"angle":270,"time":249.5,"type":"side"},{"angle":22.5,"time":250.5,"type":"block"},{"angle":67.5,"time":251,"type":"block"},{"angle":-202.5,"time":251.5,"type":"side"},{"angle":-157.5,"time":252,"type":"block"},{"angle":292.5,"time":252.5,"type":"side"},{"angle":225,"time":253,"type":"side"},{"angle":292.5,"time":253.5,"type":"side"},{"angle":225,"time":254,"type":"side"},{"angle":180,"time":254.5,"type":"block"},{"angle":135,"time":255,"type":"block"},{"angle":-315,"time":255.5,"type":"side"},{"angle":-360,"time":256,"type":"block"},{"angle":337.5,"time":250,"type":"side"},{"angle":270,"time":256.5,"type":"side"},{"angle":337.5,"time":257,"type":"side"},{"angle":270,"time":257.5,"type":"side"},{"angle":22.5,"time":258.5,"type":"block"},{"angle":67.5,"time":259,"type":"block"},{"angle":-202.5,"time":259.5,"type":"side"},{"angle":-157.5,"time":260,"type":"block"},{"angle":292.5,"time":260.5,"type":"side"},{"angle":225,"time":261,"type":"side"},{"angle":292.5,"time":261.5,"type":"side"},{"angle":225,"time":262,"type":"side"},{"angle":180,"time":262.5,"type":"block"},{"angle":135,"time":263,"type":"block"},{"angle":-315,"time":263.5,"type":"side"},{"angle":-360,"time":264,"type":"block"},{"angle":337.5,"time":258,"type":"side"},{"angle":270,"time":264.5,"type":"side"},{"angle":337.5,"time":265,"type":"side"},{"angle":270,"time":265.5,"type":"side"},{"angle":22.5,"time":266.5,"type":"block"},{"angle":67.5,"time":267,"type":"block"},{"angle":-202.5,"time":267.5,"type":"side"},{"angle":-157.5,"time":268,"type":"block"},{"angle":292.5,"time":268.5,"type":"side"},{"angle":225,"time":269,"type":"side"},{"angle":292.5,"time":269.5,"type":"side"},{"angle":225,"time":270,"type":"side"},{"angle":180,"time":270.5,"type":"block"},{"angle":135,"time":271,"type":"block"},{"angle":-315,"time":271.5,"type":"side"},{"angle":337.5,"time":266,"type":"side"},{"angle":-202.5,"time":275.5,"type":"side"},{"angle":292.5,"time":276.5,"type":"side"},{"angle":225,"time":277,"type":"side"},{"angle":292.5,"time":277.5,"type":"side"},{"angle":225,"time":278,"type":"side"},{"angle":-315,"time":279.5,"type":"side"},{"angle":-202.5,"time":283.5,"type":"side"},{"angle":292.5,"time":284.5,"type":"side"},{"angle":225,"time":285,"type":"side"},{"angle":292.5,"time":285.5,"type":"side"},{"angle":225,"time":286,"type":"side"},{"angle":-315,"time":287.5,"type":"side"},{"angle":-202.5,"time":291.5,"type":"side"},{"angle":292.5,"time":292.5,"type":"side"},{"angle":225,"time":293,"type":"side"},{"angle":292.5,"time":293.5,"type":"side"},{"angle":225,"time":294,"type":"side"},{"angle":-315,"time":295.5,"type":"side"},{"angle":-202.5,"time":299.5,"type":"side"},{"angle":292.5,"time":300.5,"type":"side"},{"angle":225,"time":301,"type":"side"},{"angle":292.5,"time":301.5,"type":"side"},{"angle":225,"time":302,"type":"side"},{"angle":-315,"time":303.5,"type":"side"},{"tap":true,"angle":112.5,"time":408,"type":"block"},{"tap":true,"angle":45,"time":408.5,"type":"block"},{"tap":true,"angle":67.5,"time":409.5,"type":"block"},{"angle":90,"time":409.75,"type":"block"},{"angle":270,"time":272.5,"type":"block"},{"angle":270,"time":273.5,"type":"block"},{"angle":337.5,"time":273,"type":"block"},{"angle":337.5,"time":274,"type":"block"},{"angle":270,"time":280.5,"type":"block"},{"angle":337.5,"time":281,"type":"block"},{"angle":270,"time":281.5,"type":"block"},{"angle":337.5,"time":282,"type":"block"},{"angle":270,"time":288.5,"type":"block"},{"angle":270,"time":289.5,"type":"block"},{"angle":337.5,"time":289,"type":"block"},{"angle":337.5,"time":290,"type":"block"},{"angle":337.5,"time":297,"type":"block"},{"angle":270,"time":296.5,"type":"block"},{"angle":270,"time":297.5,"type":"block"},{"angle":337.5,"time":298,"type":"block"}]