[{"type":"block","angle":0,"time":1.5},{"type":"block","angle":360,"time":3},{"type":"block","angle":22.5,"time":5},{"type":"block","angle":22.5,"time":7},{"type":"block","angle":225,"time":9.5},{"type":"block","angle":225,"time":11},{"type":"block","angle":202.5,"time":13.5},{"type":"block","angle":202.5,"time":15},{"type":"block","angle":225,"time":9.5},{"type":"block","angle":90,"time":17.5},{"type":"inverse","angle":112.5,"time":17.5},{"type":"block","angle":90,"tap":true,"time":19},{"type":"block","angle":270,"time":21},{"type":"inverse","angle":292.5,"time":21},{"type":"block","angle":270,"tap":true,"time":23.10000038147},{"type":"block","angle":247.5,"time":25.5},{"type":"inverse","angle":270,"time":25.5},{"type":"block","angle":270,"tap":true,"time":27},{"type":"block","angle":67.5,"time":29.5},{"type":"block","angle":90,"tap":true,"time":31},{"type":"inverse","angle":90,"tap":true,"time":29.5},{"type":"inverse","angle":67.5,"time":31},{"type":"extraTap","angle":0,"time":33.5},{"type":"block","angle":270,"time":33.5},{"type":"inverse","angle":292.5,"time":33.5},{"type":"inverse","angle":315,"time":34},{"type":"inverse","angle":337.5,"time":34.5},{"type":"block","angle":360,"time":35},{"type":"extraTap","angle":180,"time":35},{"type":"block","angle":180,"time":37},{"type":"extraTap","angle":0,"time":37},{"type":"inverse","angle":337.5,"time":35},{"type":"block","angle":90,"time":39},{"type":"extraTap","angle":270,"time":39},{"type":"mine","angle":270,"time":34},{"type":"mine","angle":292.5,"time":34.5},{"type":"mine","angle":315,"time":35},{"type":"mine","angle":247.5,"time":33.5},{"type":"mine","angle":247.5,"time":33.5},{"type":"mine","angle":247.5,"time":34},{"type":"mine","angle":270,"time":34.5},{"type":"mine","angle":292.5,"time":35},{"duration":1,"type":"mineHold","angle":157.5,"angle2":157.5,"time":38},{"duration":1,"type":"mineHold","angle":67.5,"angle2":67.5,"time":36},{"type":"mine","angle":45,"time":36.5},{"type":"mine","angle":22.5,"time":36.5},{"type":"mine","angle":0,"time":36.5},{"type":"mine","angle":45,"time":36},{"duration":1,"type":"mineHold","angle":180,"angle2":180,"time":38},{"duration":1,"type":"mineHold","angle":202.5,"angle2":202.5,"time":38},{"duration":1,"type":"mineHold","angle":225,"angle2":225,"time":38},{"duration":1,"type":"mineHold","angle":247.5,"angle2":247.5,"time":38},{"duration":1,"type":"mineHold","angle":270,"angle2":270,"time":38},{"duration":1,"type":"mineHold","angle":292.5,"angle2":292.5,"time":38},{"duration":1,"type":"mineHold","angle":315,"angle2":315,"time":38},{"type":"mine","angle":337.5,"time":39},{"type":"mine","angle":360,"time":39},{"type":"mine","angle":22.5,"time":39},{"duration":1,"type":"mineHold","angle":157.5,"angle2":157.5,"time":35},{"duration":4,"type":"mineHold","angle":135,"angle2":135,"time":35},{"duration":3,"type":"mineHold","angle":112.5,"angle2":112.5,"time":35},{"duration":3,"type":"mineHold","angle":90,"angle2":90,"time":35},{"type":"mine","angle":67.5,"time":35.5},{"type":"mine","angle":157.5,"time":37.5},{"type":"block","angle":225,"time":41.5},{"type":"extraTap","angle":45,"time":41.5},{"type":"block","angle":135,"time":43},{"type":"inverse","angle":202.5,"time":41.5},{"type":"inverse","angle":180,"time":42},{"type":"inverse","angle":157.5,"time":42.5},{"type":"inverse","angle":157.5,"time":43},{"type":"mine","angle":202.5,"time":42.5},{"type":"mine","angle":180,"time":43},{"type":"extraTap","angle":315,"time":43},{"duration":3.5,"type":"mineHold","angle":270,"angle2":270,"time":41.5},{"duration":3.5,"type":"mineHold","angle":292.5,"angle2":292.5,"time":41.5},{"duration":3.5,"type":"mineHold","angle":315,"angle2":315,"time":41.5},{"type":"block","angle":90,"time":45.5},{"type":"block","angle":270,"time":47},{"type":"extraTap","angle":270,"time":45.5},{"type":"extraTap","angle":90,"time":47},{"endAngle":450,"duration":0.5,"type":"hold","angle":427.5,"angle2":315,"time":48},{"duration":1,"type":"hold","angle":-45,"angle2":225,"time":48.5},{"duration":2.5,"type":"mineHold","angle":202.5,"angle2":202.5,"time":45},{"duration":2.5,"type":"mineHold","angle":180,"angle2":180,"time":45},{"duration":2.5,"type":"mineHold","angle":157.5,"angle2":157.5,"time":45},{"duration":2.5,"type":"mineHold","angle":135,"angle2":135,"time":45},{"duration":3.5,"type":"mineHold","angle":337.5,"angle2":337.5,"time":41.5},{"duration":3.5,"type":"mineHold","angle":0,"angle2":0,"time":41.5},{"duration":3.5,"type":"mineHold","angle":22.5,"angle2":22.5,"time":41.5},{"duration":3,"type":"mineHold","angle":45,"angle2":45,"time":41.5},{"duration":4.5,"type":"mineHold","angle":247.5,"angle2":247.5,"time":41.5},{"type":"mine","angle":90,"time":46},{"type":"mine","angle":202.5,"time":43},{"type":"mine","angle":225,"time":42.5},{"type":"mine","angle":225,"time":42},{"duration":2.5,"type":"mineHold","angle":225,"angle2":225,"time":45},{"duration":2,"type":"mineHold","angle":135,"angle2":472.5,"time":48},{"type":"extraTap","angle":135,"time":49.5},{"type":"mine","angle":90,"time":46.5},{"duration":1.5,"type":"mineHold","angle":112.5,"angle2":112.5,"time":46},{"type":"mine","angle":247.5,"time":47.5},{"type":"mine","angle":270,"time":47.5},{"type":"inverse","angle":247.5,"time":49.5},{"type":"inverse","angle":225,"time":50},{"type":"inverse","angle":202.5,"time":50.5},{"type":"block","angle":180,"time":51},{"type":"extraTap","angle":0,"time":51},{"type":"inverse","angle":202.5,"time":51},{"type":"mine","angle":247.5,"time":51},{"type":"mine","angle":247.5,"time":50.5},{"type":"mine","angle":270,"time":50.5},{"type":"mine","angle":270,"time":50},{"type":"mine","angle":292.5,"time":50},{"type":"mine","angle":315,"time":50},{"type":"mine","angle":337.5,"time":50},{"type":"mine","angle":0,"time":50},{"type":"mine","angle":22.5,"time":50},{"type":"mine","angle":45,"time":50},{"type":"mine","angle":67.5,"time":50},{"type":"mine","angle":90,"time":50},{"type":"mine","angle":292.5,"time":50.5},{"type":"mine","angle":315,"time":50.5},{"type":"mine","angle":337.5,"time":50.5},{"type":"mine","angle":360,"time":50.5},{"type":"mine","angle":22.5,"time":50.5},{"type":"mine","angle":45,"time":50.5},{"type":"mine","angle":67.5,"time":50.5},{"type":"mine","angle":90,"time":50.5},{"type":"mine","angle":292.5,"time":51},{"type":"mine","angle":315,"time":51},{"type":"mine","angle":337.5,"time":51},{"type":"mine","angle":22.5,"time":51},{"type":"mine","angle":45,"time":51},{"type":"mine","angle":0,"time":51},{"type":"mine","angle":67.5,"time":51},{"type":"block","angle":0,"time":53},{"duration":2.5,"type":"mineHold","angle":270,"angle2":0,"time":51},{"duration":2,"type":"mineHold","angle":112.5,"angle2":-90,"time":51},{"type":"extraTap","angle":180,"time":53},{"type":"mine","angle":22.5,"time":51.5},{"type":"mine","angle":0,"time":51.5},{"type":"mine","angle":337.5,"time":51.5},{"type":"mine","angle":315,"time":51.5},{"type":"mine","angle":292.5,"time":51.5},{"type":"mine","angle":270,"time":51.5},{"type":"mine","angle":337.5,"time":52},{"type":"mine","angle":315,"time":52},{"type":"mine","angle":292.5,"time":52},{"type":"mine","angle":270,"time":52},{"type":"mine","angle":247.5,"time":52},{"type":"mine","angle":225,"time":52},{"type":"mine","angle":270,"time":52.5},{"type":"mine","angle":247.5,"time":52.5},{"type":"mine","angle":225,"time":52.5},{"type":"mine","angle":202.5,"time":52.5},{"type":"mine","angle":180,"time":52.5},{"type":"mine","angle":157.5,"time":52.5},{"type":"mine","angle":247.5,"time":53},{"type":"mine","angle":225,"time":53},{"type":"mine","angle":202.5,"time":53},{"type":"mine","angle":180,"time":53},{"type":"mine","angle":135,"time":53},{"type":"mine","angle":112.5,"time":53},{"type":"mine","angle":157.5,"time":53},{"type":"block","angle":180,"time":55},{"type":"extraTap","angle":360,"time":55},{"duration":0.5,"type":"hold","angle":225,"angle2":157.5,"time":56},{"duration":1,"type":"hold","angle":157.5,"angle2":427.5,"time":56.5},{"type":"extraTap","angle":270,"time":57.5},{"duration":1.5,"type":"mineHold","angle":337.5,"angle2":607.5,"time":56},{"duration":0.5,"type":"mineHold","angle":45,"angle2":-22.5,"time":55.5},{"type":"inverse","angle":90,"time":57.5},{"type":"inverse","angle":67.5,"time":58},{"type":"inverse","angle":45,"time":58.5},{"type":"inverse","angle":45,"time":59},{"type":"block","angle":22.5,"time":59},{"type":"extraTap","angle":202.5,"time":59},{"type":"mine","angle":112.5,"time":58},{"type":"mine","angle":90,"time":58.5},{"type":"mine","angle":112.5,"time":58.5},{"type":"mine","angle":90,"time":59},{"duration":0,"type":"mineHold","angle":135,"angle2":337.5,"time":58},{"duration":0,"type":"mineHold","angle":135,"angle2":315,"time":58.5},{"duration":0,"type":"mineHold","angle":112.5,"angle2":315,"time":59},{"type":"block","angle":202.5,"time":61.5},{"duration":2.5,"type":"mineHold","angle":112.5,"angle2":292.5,"time":59},{"duration":3,"type":"mineHold","angle":315,"angle2":562.5,"time":59},{"type":"extraTap","angle":22.5,"time":61.5},{"type":"block","angle":22.5,"time":63},{"type":"extraTap","angle":202.5,"time":63},{"duration":1.5,"type":"hold","angle":22.5,"angle2":-517.5,"time":64},{"type":"extraTap","angle":315,"time":65.5},{"type":"inverse","angle":180,"time":65.5},{"type":"inverse","angle":157.5,"time":66},{"type":"inverse","angle":135,"time":66.5},{"type":"inverse","angle":135,"time":67},{"type":"block","angle":112.5,"time":67},{"type":"extraTap","angle":337.5,"time":67},{"type":"mine","angle":180,"time":59.5},{"type":"mine","angle":202.5,"time":59.5},{"type":"mine","angle":225,"time":59.5},{"type":"mine","angle":247.5,"time":59.5},{"type":"mine","angle":270,"time":59.5},{"type":"mine","angle":292.5,"time":59.5},{"type":"mine","angle":315,"time":59.5},{"type":"mine","angle":225,"time":60},{"type":"mine","angle":247.5,"time":60},{"type":"mine","angle":270,"time":60},{"type":"mine","angle":292.5,"time":60},{"type":"mine","angle":315,"time":60},{"type":"mine","angle":337.5,"time":60},{"type":"mine","angle":247.5,"time":60.5},{"type":"mine","angle":270,"time":60.5},{"type":"mine","angle":292.5,"time":60.5},{"type":"mine","angle":315,"time":60.5},{"type":"mine","angle":337.5,"time":60.5},{"type":"mine","angle":360,"time":60.5},{"type":"mine","angle":22.5,"time":60.5},{"type":"mine","angle":292.5,"time":61},{"type":"mine","angle":315,"time":61},{"type":"mine","angle":337.5,"time":61},{"type":"mine","angle":0,"time":61},{"type":"mine","angle":22.5,"time":61},{"type":"mine","angle":45,"time":61},{"type":"mine","angle":67.5,"time":61},{"type":"mine","angle":90,"time":61},{"type":"mine","angle":315,"time":61.5},{"type":"mine","angle":337.5,"time":61.5},{"type":"mine","angle":0,"time":61.5},{"type":"mine","angle":22.5,"time":61.5},{"type":"mine","angle":67.5,"time":61.5},{"type":"mine","angle":112.5,"time":61.5},{"type":"mine","angle":90,"time":61.5},{"type":"mine","angle":45,"time":61.5},{"duration":1.5,"type":"hold","angle":22.5,"angle2":-67.5,"time":65.5},{"duration":0,"type":"hold","angle":292.5,"angle2":270,"time":67},{"duration":5,"type":"hold","angle":270,"angle2":270,"time":67},{"duration":0,"type":"mineHold","angle":90,"angle2":22.5,"time":66.5},{"duration":0,"type":"mineHold","angle":270,"angle2":202.5,"time":66.5},{"duration":0,"type":"mineHold","angle":67.5,"angle2":0,"time":67},{"duration":0,"type":"mineHold","angle":247.5,"angle2":180,"time":67},{"type":"block","angle":45,"tap":true,"time":69},{"type":"block","angle":135,"tap":true,"time":71},{"type":"inverse","angle":247.5,"time":69},{"type":"inverse","angle":292.5,"time":71},{"duration":0,"type":"mineHold","angle":517.5,"angle2":315,"time":73},{"type":"mine","angle":292.5,"time":69},{"type":"mine","angle":247.5,"time":70.5},{"type":"mine","angle":247.5,"time":71},{"type":"mine","angle":292.5,"time":68.5},{"type":"mine","angle":180,"time":73.5},{"type":"mine","angle":202.5,"time":74},{"type":"mine","angle":180,"time":74},{"type":"inverse","angle":225,"time":73.5},{"type":"inverse","angle":247.5,"time":74},{"type":"inverse","angle":270,"time":74.5},{"type":"inverse","angle":270,"time":75},{"type":"block","angle":292.5,"time":75},{"type":"mine","angle":202.5,"time":74.5},{"type":"mine","angle":225,"time":74.5},{"type":"mine","angle":247.5,"time":75},{"type":"mine","angle":225,"time":75},{"duration":0.5,"type":"hold","angle":112.5,"angle2":90,"time":75},{"duration":5,"type":"hold","angle":90,"angle2":90,"time":75.5},{"type":"block","angle":90,"time":80},{"duration":1,"type":"hold","angle":90,"angle2":-90,"time":80.5},{"type":"extraTap","angle":67.5,"time":81.5},{"type":"block","angle":202.5,"time":73.5},{"type":"extraTap","angle":22.5,"time":73.5},{"type":"extraTap","angle":135,"time":75},{"type":"inverse","angle":225,"tap":true,"time":77.5},{"type":"inverse","angle":315,"tap":true,"time":79},{"type":"block","angle":112.5,"time":79},{"type":"block","angle":67.5,"time":77},{"type":"mine","angle":112.5,"time":77},{"type":"mine","angle":67.5,"time":79},{"duration":1,"type":"hold","angle":270,"angle2":90,"time":80.5},{"type":"extraTap","angle":360,"time":81.5},{"duration":0,"type":"mineHold","angle":-45,"angle2":22.5,"time":72},{"duration":0,"type":"mineHold","angle":315,"angle2":382.5,"time":71.5},{"duration":0,"type":"mineHold","angle":-45,"angle2":45,"time":80},{"duration":0,"type":"mineHold","angle":225,"angle2":135,"time":80},{"duration":0.5,"type":"hold","angle":270,"angle2":270,"time":80},{"type":"block","angle":270,"time":80},{"type":"mine","angle":112.5,"time":76.5},{"type":"mine","angle":67.5,"time":78.5},{"duration":0,"type":"mineHold","angle":45,"angle2":-22.5,"time":81.5},{"duration":0,"type":"mineHold","angle":225,"angle2":157.5,"time":81.5},{"type":"mine","angle":157.5,"time":73.5},{"duration":0,"type":"mineHold","angle":45,"angle2":-45,"time":72.5},{"type":"mine","angle":45,"time":66},{"type":"mine","angle":67.5,"time":66},{"type":"mine","angle":247.5,"time":66},{"type":"mine","angle":225,"time":66},{"type":"block","angle":180,"time":83},{"type":"inverse","angle":112.5,"time":81.5},{"type":"inverse","angle":135,"time":82},{"type":"inverse","angle":157.5,"time":82.5},{"type":"inverse","angle":157.5,"time":83},{"type":"extraTap","angle":22.5,"time":83},{"type":"block","angle":292.5,"tap":true,"time":85},{"duration":3,"type":"mineHold","angle":405,"angle2":540,"time":81.5},{"duration":3,"type":"mineHold","angle":225,"angle2":360,"time":81.5},{"duration":5.5,"type":"hold","angle":360,"angle2":652.5,"time":83},{"type":"mine","angle":67.5,"time":85.5},{"type":"mine","angle":45,"time":85},{"type":"mine","angle":22.5,"time":84.5},{"type":"mine","angle":202.5,"time":84.5},{"type":"mine","angle":225,"time":85},{"type":"mine","angle":247.5,"time":85.5},{"type":"inverse","angle":270,"time":85},{"type":"inverse","angle":270,"time":84.5},{"type":"inverse","angle":247.5,"time":84},{"type":"inverse","angle":360,"time":86},{"type":"inverse","angle":22.5,"time":86.5},{"type":"inverse","angle":22.5,"time":87},{"type":"block","angle":45,"tap":true,"time":87},{"type":"mine","angle":270,"time":86},{"type":"mine","angle":292.5,"time":86.5},{"type":"mine","angle":315,"time":86.5},{"type":"mine","angle":337.5,"time":87},{"type":"mine","angle":360,"time":87.5},{"type":"mine","angle":22.5,"time":88},{"type":"mine","angle":90,"time":86},{"type":"mine","angle":112.5,"time":86.5},{"type":"mine","angle":135,"time":86.5},{"type":"mine","angle":157.5,"time":87},{"type":"mine","angle":180,"time":87.5},{"type":"mine","angle":202.5,"time":88},{"duration":0,"type":"mineHold","angle":337.5,"angle2":405,"time":88.5},{"duration":0,"type":"mineHold","angle":157.5,"angle2":225,"time":88.5},{"type":"extraTap","angle":112.5,"time":88.5},{"type":"block","angle":45,"tap":true,"time":89.5},{"type":"block","angle":315,"tap":true,"time":91},{"duration":2,"type":"mineHold","angle":157.5,"angle2":90,"time":88.5},{"duration":2,"type":"mineHold","angle":337.5,"angle2":270,"time":88.5},{"duration":5,"type":"mineHold","angle":90,"angle2":90,"time":90.5},{"duration":5,"type":"mineHold","angle":270,"angle2":270,"time":90.5},{"duration":2.5,"type":"hold","angle":157.5,"angle2":225,"time":91},{"type":"inverse","angle":225,"tap":true,"time":93.5},{"duration":1.5,"type":"hold","angle":45,"angle2":-45,"time":93.5},{"type":"block","angle":315,"time":95},{"duration":1.5,"type":"hold","angle":315,"angle2":495,"time":96},{"duration":1.5,"type":"hold","angle":135,"angle2":315,"time":96},{"type":"mine","angle":22.5,"time":89},{"type":"mine","angle":0,"time":89.5},{"type":"mine","angle":202.5,"time":89},{"type":"mine","angle":180,"time":89.5},{"type":"mine","angle":180,"time":90},{"type":"mine","angle":360,"time":90},{"duration":0,"type":"mineHold","angle":22.5,"angle2":90,"time":91},{"duration":0,"type":"mineHold","angle":270,"angle2":202.5,"time":91},{"type":"mine","angle":22.5,"time":91.5},{"type":"mine","angle":45,"time":91.5},{"type":"mine","angle":67.5,"time":91.5},{"type":"mine","angle":247.5,"time":91.5},{"type":"mine","angle":225,"time":91.5},{"type":"mine","angle":202.5,"time":91.5},{"type":"inverse","angle":135,"tap":true,"time":95},{"type":"extraTap","angle":22.5,"time":97.5},{"duration":0,"type":"mineHold","angle":270,"angle2":360,"time":93},{"duration":0,"type":"mineHold","angle":180,"angle2":90,"time":93},{"duration":0,"type":"mineHold","angle":90,"angle2":22.5,"time":95.5},{"duration":0,"type":"mineHold","angle":202.5,"angle2":270,"time":95.5},{"duration":1.5,"type":"mineHold","angle":382.5,"angle2":495,"time":95.5},{"duration":1.5,"type":"mineHold","angle":202.5,"angle2":315,"time":95.5},{"type":"mine","angle":157.5,"time":97},{"type":"mine","angle":337.5,"time":97},{"duration":1,"type":"mineHold","angle":360,"angle2":472.5,"time":97},{"duration":1,"type":"mineHold","angle":180,"angle2":292.5,"time":97},{"type":"extraTap","angle":270,"time":99},{"type":"mine","angle":337.5,"time":98.5},{"type":"inverse","angle":337.5,"time":97.5},{"type":"inverse","angle":22.5,"time":98},{"type":"inverse","angle":45,"time":98.5},{"type":"inverse","angle":45,"time":99},{"duration":1.5,"type":"hold","angle":135,"angle2":247.5,"time":97.5},{"type":"inverse","angle":0,"time":98},{"type":"block","angle":135,"time":101},{"type":"inverse","angle":157.5,"time":101},{"type":"inverse","angle":157.5,"time":100.5},{"type":"inverse","angle":180,"time":100},{"type":"extraTap","angle":247.5,"time":101},{"duration":4,"type":"hold","angle":67.5,"angle2":-157.5,"time":99},{"duration":2,"type":"mineHold","angle":292.5,"angle2":270,"time":98},{"duration":3,"type":"mineHold","angle":270,"angle2":90,"time":100},{"duration":2,"type":"mineHold","angle":112.5,"angle2":90,"time":98},{"duration":3,"type":"mineHold","angle":90,"angle2":-90,"time":100},{"type":"block","angle":22.5,"time":103},{"type":"inverse","angle":45,"time":103},{"type":"inverse","angle":45,"time":102.5},{"type":"inverse","angle":67.5,"time":102},{"type":"mine","angle":135,"time":99},{"type":"mine","angle":315,"time":99},{"type":"mine","angle":337.5,"time":99},{"type":"mine","angle":157.5,"time":99},{"type":"extraTap","angle":225,"time":103},{"type":"mine","angle":247.5,"time":100},{"type":"mine","angle":225,"time":100.5},{"type":"mine","angle":202.5,"time":101},{"type":"mine","angle":112.5,"time":102},{"type":"mine","angle":90,"time":102.5},{"type":"mine","angle":67.5,"time":100},{"type":"mine","angle":45,"time":100.5},{"type":"mine","angle":22.5,"time":101},{"type":"mine","angle":292.5,"time":102},{"type":"mine","angle":270,"time":102.5},{"duration":0,"type":"mineHold","angle":337.5,"angle2":270,"time":103},{"duration":0,"type":"mineHold","angle":157.5,"angle2":90,"time":103},{"duration":0.5,"type":"mineHold","angle":-22.5,"angle2":-22.5,"time":103},{"duration":0.5,"type":"mineHold","angle":157.5,"angle2":157.5,"time":103},{"duration":1,"type":"mineHold","angle":427.5,"angle2":495,"time":105},{"duration":2.5,"type":"mineHold","angle":157.5,"angle2":315,"time":103.5},{"type":"block","angle":202.5,"time":105.5},{"duration":1.5,"type":"hold","angle":202.5,"angle2":292.5,"time":103},{"type":"extraTap","angle":135,"time":105.5},{"type":"block","angle":315,"time":107},{"type":"extraTap","angle":337.5,"time":107},{"duration":3.5,"type":"hold","angle":315,"angle2":157.5,"time":107.5},{"type":"inverse","angle":22.5,"tap":true,"time":109.5},{"type":"inverse","angle":337.5,"tap":true,"time":111},{"duration":0.5,"type":"hold","angle":157.5,"angle2":157.5,"time":112},{"duration":0.5,"type":"hold","angle":337.5,"angle2":337.5,"time":112},{"duration":1,"type":"hold","angle":157.5,"angle2":292.5,"time":112.5},{"duration":1,"type":"hold","angle":337.5,"angle2":472.5,"time":112.5},{"type":"block","angle":67.5,"time":99},{"duration":0,"type":"mineHold","angle":427.5,"angle2":292.5,"time":105},{"type":"mine","angle":315,"time":105.5},{"type":"mine","angle":337.5,"time":105.5},{"type":"mine","angle":0,"time":105.5},{"type":"mine","angle":45,"time":105.5},{"type":"mine","angle":67.5,"time":105.5},{"duration":0,"type":"mineHold","angle":315,"angle2":495,"time":106},{"duration":0,"type":"mineHold","angle":360,"angle2":540,"time":106.5},{"duration":0,"type":"mineHold","angle":22.5,"angle2":67.5,"time":107},{"type":"mine","angle":22.5,"time":105.5},{"duration":0,"type":"mineHold","angle":67.5,"angle2":247.5,"time":107.5},{"duration":3.5,"type":"mineHold","angle":247.5,"angle2":90,"time":107.5},{"duration":0.5,"type":"mineHold","angle":-22.5,"angle2":0,"time":103.5},{"duration":3.5,"type":"mineHold","angle":67.5,"angle2":-90,"time":107.5},{"duration":0,"type":"mineHold","angle":90,"angle2":45,"time":111},{"duration":0,"type":"mineHold","angle":225,"angle2":270,"time":111},{"type":"mine","angle":225,"time":111.5},{"duration":2,"type":"mineHold","angle":225,"angle2":405,"time":112},{"duration":2,"type":"mineHold","angle":45,"angle2":225,"time":112},{"type":"mine","angle":45,"time":111.5},{"type":"mine","angle":67.5,"time":111.5},{"type":"mine","angle":90,"time":111.5},{"type":"mine","angle":247.5,"time":111.5},{"type":"mine","angle":270,"time":111.5},{"type":"extraTap","angle":45,"time":113.5},{"type":"mine","angle":270,"time":110.5},{"type":"mine","angle":247.5,"time":110.5},{"type":"mine","angle":270,"time":110},{"type":"mine","angle":67.5,"time":110.5},{"type":"mine","angle":90,"time":110.5},{"type":"mine","angle":90,"time":110},{"type":"mine","angle":292.5,"time":111.5},{"type":"mine","angle":90,"time":112},{"type":"mine","angle":270,"time":112},{"type":"mine","angle":292.5,"time":110},{"type":"mine","angle":112.5,"time":110},{"type":"inverse","angle":135,"time":113.5},{"type":"inverse","angle":157.5,"time":114},{"type":"inverse","angle":180,"time":114.5},{"type":"inverse","angle":202.5,"time":115},{"type":"block","angle":180,"time":115},{"type":"extraTap","angle":360,"time":115},{"type":"block","angle":67.5,"time":117},{"type":"inverse","angle":90,"time":117},{"type":"inverse","angle":90,"time":116.5},{"type":"inverse","angle":112.5,"time":116},{"type":"mine","angle":180,"time":116},{"type":"mine","angle":202.5,"time":116},{"type":"extraTap","angle":180,"time":117},{"type":"mine","angle":0,"time":116},{"type":"mine","angle":22.5,"time":116},{"duration":2,"type":"mineHold","angle":225,"angle2":225,"time":114},{"duration":2,"type":"mineHold","angle":45,"angle2":45,"time":114},{"type":"inverse","angle":360,"time":118},{"type":"inverse","angle":337.5,"time":118.5},{"type":"inverse","angle":337.5,"time":119},{"type":"block","angle":315,"time":119},{"type":"mine","angle":157.5,"time":116},{"type":"mine","angle":112.5,"time":117},{"type":"mine","angle":22.5,"time":118.5},{"type":"mine","angle":360,"time":119},{"type":"extraTap","angle":112.5,"time":119},{"duration":0.5,"type":"mineHold","angle":225,"angle2":135,"time":116},{"duration":0.5,"type":"mineHold","angle":45,"angle2":-45,"time":116},{"type":"mine","angle":337.5,"time":116},{"duration":0,"type":"mineHold","angle":135,"angle2":45,"time":118},{"type":"mine","angle":112.5,"time":117.5},{"type":"mine","angle":135,"time":117},{"type":"mine","angle":135,"time":117.5},{"duration":0,"type":"mineHold","angle":315,"angle2":225,"time":118},{"type":"mine","angle":315,"time":117.5},{"type":"mine","angle":315,"time":117},{"type":"mine","angle":292.5,"time":117.5},{"type":"mine","angle":292.5,"time":117},{"duration":1,"type":"mineHold","angle":292.5,"angle2":247.5,"time":118},{"duration":1,"type":"mineHold","angle":112.5,"angle2":67.5,"time":118},{"type":"mine","angle":247.5,"time":118.5},{"type":"mine","angle":67.5,"time":118.5},{"type":"mine","angle":45,"time":118.5},{"type":"mine","angle":45,"time":119},{"type":"mine","angle":225,"time":119},{"type":"mine","angle":225,"time":118.5},{"type":"mine","angle":202.5,"time":118.5},{"type":"mine","angle":180,"time":119},{"duration":0,"type":"mineHold","angle":225,"angle2":270,"time":115},{"duration":0,"type":"mineHold","angle":45,"angle2":90,"time":115},{"type":"mine","angle":247.5,"time":114.5},{"type":"mine","angle":67.5,"time":114.5},{"duration":0.5,"type":"hold","angle":337.5,"angle2":360,"time":114},{"duration":6,"type":"hold","angle":0,"angle2":-292.5,"time":114.5},{"duration":0,"type":"mineHold","angle":202.5,"angle2":157.5,"time":107},{"type":"mine","angle":135,"time":107},{"type":"mine","angle":112.5,"time":107},{"type":"mine","angle":90,"time":107},{"type":"block","angle":45,"time":121.5},{"type":"block","angle":157.5,"time":123},{"type":"inverse","angle":135,"time":123},{"type":"inverse","angle":135,"time":122.5},{"type":"inverse","angle":112.5,"time":122},{"type":"extraTap","angle":225,"time":121.5},{"type":"extraTap","angle":0,"time":123},{"duration":1,"type":"mineHold","angle":22.5,"angle2":22.5,"time":119},{"duration":1,"type":"mineHold","angle":202.5,"angle2":202.5,"time":119},{"duration":2.5,"type":"hold","angle":337.5,"angle2":405,"time":123},{"type":"inverse","angle":45,"tap":true,"time":125.5},{"duration":1.5,"type":"hold","angle":225,"angle2":315,"time":125.5},{"type":"inverse","angle":135,"tap":true,"time":127},{"type":"block","angle":315,"time":127},{"duration":1.5,"type":"hold","angle":315,"angle2":45,"time":128},{"duration":1.5,"type":"hold","angle":135,"angle2":-135,"time":128},{"duration":0,"type":"mineHold","angle":315,"angle2":135,"time":130},{"type":"mine","angle":0,"time":119.5},{"duration":0,"type":"mineHold","angle":337.5,"angle2":382.5,"time":120},{"duration":0,"type":"mineHold","angle":157.5,"angle2":202.5,"time":120},{"type":"mine","angle":180,"time":119.5},{"duration":1.5,"type":"mineHold","angle":22.5,"angle2":0,"time":120},{"duration":1,"type":"mineHold","angle":360,"angle2":405,"time":121.5},{"type":"mine","angle":90,"time":122.5},{"type":"mine","angle":45,"time":122},{"type":"mine","angle":67.5,"time":122.5},{"duration":1.5,"type":"mineHold","angle":202.5,"angle2":180,"time":120},{"duration":0.5,"type":"mineHold","angle":45,"angle2":112.5,"time":122.5},{"duration":1,"type":"mineHold","angle":180,"angle2":225,"time":121.5},{"duration":0.5,"type":"mineHold","angle":225,"angle2":292.5,"time":122.5},{"type":"mine","angle":225,"time":122},{"type":"mine","angle":247.5,"time":122.5},{"type":"mine","angle":270,"time":122.5},{"type":"mine","angle":180,"time":120.5},{"type":"mine","angle":360,"time":120.5},{"type":"mine","angle":202.5,"time":121.5},{"type":"mine","angle":22.5,"time":121.5},{"duration":0,"type":"mineHold","angle":45,"angle2":112.5,"time":123},{"duration":2.5,"type":"mineHold","angle":45,"angle2":112.5,"time":123},{"duration":0,"type":"mineHold","angle":225,"angle2":292.5,"time":123},{"duration":2.5,"type":"mineHold","angle":225,"angle2":292.5,"time":123},{"duration":1,"type":"mineHold","angle":360,"angle2":360,"time":127},{"duration":1,"type":"mineHold","angle":90,"angle2":0,"time":127},{"duration":1,"type":"mineHold","angle":180,"angle2":180,"time":127},{"duration":1,"type":"mineHold","angle":270,"angle2":180,"time":127},{"type":"mine","angle":22.5,"time":127.5},{"type":"mine","angle":202.5,"time":127.5},{"type":"mine","angle":22.5,"time":127},{"type":"mine","angle":22.5,"time":127},{"type":"mine","angle":45,"time":127},{"type":"mine","angle":67.5,"time":127},{"type":"mine","angle":247.5,"time":127},{"type":"mine","angle":225,"time":127},{"type":"mine","angle":202.5,"time":127},{"type":"mine","angle":270,"time":123.5},{"type":"mine","angle":270,"time":124},{"type":"mine","angle":292.5,"time":123.5},{"type":"mine","angle":292.5,"time":124},{"type":"mine","angle":292.5,"time":124.5},{"type":"mine","angle":292.5,"time":125},{"type":"mine","angle":90,"time":123.5},{"type":"mine","angle":90,"time":124},{"type":"mine","angle":112.5,"time":123.5},{"type":"mine","angle":112.5,"time":124},{"type":"mine","angle":112.5,"time":124.5},{"type":"mine","angle":112.5,"time":125},{"type":"mine","angle":67.5,"time":123.5},{"type":"mine","angle":270,"time":123.5},{"type":"block","angle":15,"time":130.5},{"type":"block","angle":45,"time":131.5},{"type":"block","angle":30,"time":132.5},{"type":"block","angle":60,"time":133.5},{"type":"block","angle":45,"time":134.5},{"type":"block","angle":75,"time":135.5},{"type":"block","angle":60,"time":136.5},{"type":"block","angle":90,"tap":true,"time":137.5},{"type":"block","angle":75,"time":138.5},{"type":"block","angle":105,"time":139.5},{"type":"block","angle":90,"time":140.5},{"type":"block","angle":120,"time":141.5},{"type":"block","angle":135,"time":142.5},{"type":"block","angle":180,"time":145.5},{"type":"extraTap","angle":195,"time":145.5},{"type":"block","angle":90,"time":143.5},{"type":"extraTap","angle":75,"time":143.5},{"type":"block","angle":270,"time":144.25},{"type":"extraTap","angle":255,"time":144.25},{"type":"block","angle":0,"time":145},{"type":"extraTap","angle":15,"time":145},{"duration":0,"type":"mineHold","angle":112.5,"angle2":67.5,"time":144},{"duration":0,"type":"mineHold","angle":292.5,"angle2":247.5,"time":144.75},{"duration":0,"type":"mineHold","angle":22.5,"angle2":-22.5,"time":145.5},{"type":"block","angle":195,"time":146.5},{"type":"mine","angle":360,"time":130.5},{"type":"mine","angle":60,"time":131.5},{"type":"mine","angle":15,"time":132.5},{"type":"mine","angle":75,"time":133.5},{"type":"mine","angle":30,"time":134.5},{"type":"mine","angle":90,"time":135.5},{"type":"mine","angle":45,"time":136.5},{"type":"mine","angle":105,"time":137.5},{"type":"mine","angle":60,"time":138.5},{"type":"mine","angle":120,"time":139.5},{"type":"mine","angle":75,"time":140.5},{"type":"mine","angle":105,"time":141.5},{"type":"mine","angle":165,"time":142.5},{"duration":3.5,"type":"hold","angle":15,"angle2":60,"time":146},{"type":"block","angle":225,"time":147.5},{"type":"block","angle":210,"time":148.5},{"type":"block","angle":240,"time":149.5},{"type":"block","angle":225,"time":150.5},{"type":"block","angle":255,"time":151.5},{"duration":4,"type":"hold","angle":45,"angle2":90,"time":149.5},{"type":"extraTap","angle":195,"time":146},{"type":"extraTap","angle":225,"time":149.5},{"type":"block","angle":240,"time":152.5},{"type":"block","angle":270,"tap":true,"time":153.5},{"type":"block","angle":255,"time":154.5},{"duration":4,"type":"hold","angle":75,"angle2":120,"time":153.5},{"type":"block","angle":285,"time":155.5},{"type":"block","angle":270,"time":156.5},{"type":"block","angle":300,"time":157.5},{"type":"block","angle":255,"time":158.5},{"type":"block","angle":225,"time":159.5},{"type":"block","angle":180,"time":160.5},{"type":"block","angle":150,"time":161.5},{"type":"mine","angle":180,"time":146.5},{"type":"mine","angle":240,"time":147.5},{"type":"mine","angle":195,"time":148.5},{"type":"mine","angle":255,"time":149.5},{"type":"mine","angle":210,"time":150.5},{"type":"mine","angle":270,"time":151.5},{"type":"mine","angle":225,"time":152.5},{"type":"mine","angle":285,"time":153.5},{"type":"mine","angle":240,"time":154.5},{"type":"mine","angle":300,"time":155.5},{"type":"mine","angle":255,"time":156.5},{"type":"mine","angle":315,"time":157.5},{"type":"mine","angle":270,"time":158.5},{"duration":4,"type":"hold","angle":120,"angle2":-30,"time":157.5},{"type":"extraTap","angle":360,"time":153.5},{"type":"mine","angle":240,"time":159.5},{"type":"mine","angle":195,"time":160.5},{"type":"mine","angle":165,"time":161.5},{"type":"extraTap","angle":180,"time":161.5},{"duration":4,"type":"mineHold","angle":150,"angle2":0,"time":157.5},{"type":"block","angle":120,"time":162.5},{"type":"block","angle":135,"time":163.5},{"type":"block","angle":105,"time":164.5},{"type":"block","angle":120,"time":165.5},{"type":"block","angle":90,"time":166.5},{"type":"block","angle":105,"time":167.5},{"type":"mine","angle":105,"time":162.5},{"type":"mine","angle":150,"time":163.5},{"type":"mine","angle":90,"time":164.5},{"type":"mine","angle":135,"time":165.5},{"type":"mine","angle":75,"time":166.5},{"type":"mine","angle":120,"time":167.5},{"type":"extraTap","angle":150,"time":162.5},{"type":"block","angle":75,"time":168.5},{"type":"block","angle":90,"tap":true,"time":169.5},{"type":"block","angle":60,"time":170.5},{"type":"block","angle":75,"time":171.5},{"type":"block","angle":45,"time":172.5},{"type":"block","angle":60,"time":173.5},{"type":"block","angle":30,"time":174.5},{"type":"mine","angle":60,"time":168.5},{"type":"mine","angle":105,"time":169.5},{"type":"mine","angle":45,"time":170.5},{"type":"mine","angle":90,"time":171.5},{"type":"mine","angle":30,"time":172.5},{"type":"mine","angle":75,"time":173.5},{"type":"extraTap","angle":120,"time":169.5},{"type":"extraTap","angle":90,"time":170.5},{"type":"block","angle":270,"time":175.5},{"type":"block","angle":90,"time":176.25},{"type":"block","angle":180,"time":177},{"type":"block","angle":360,"time":177.5},{"duration":0,"type":"mineHold","angle":292.5,"angle2":247.5,"time":176},{"type":"extraTap","angle":255,"time":175.5},{"duration":0,"type":"mineHold","angle":112.5,"angle2":67.5,"time":176.75},{"type":"extraTap","angle":75,"time":176.25},{"duration":0,"type":"mineHold","angle":202.5,"angle2":157.5,"time":177.5},{"type":"extraTap","angle":165,"time":177},{"type":"extraTap","angle":345,"time":177.5},{"type":"mine","angle":45,"time":174.5},{"type":"block","angle":345,"time":178.5},{"type":"extraTap","angle":345,"time":178},{"duration":3.5,"type":"hold","angle":165,"angle2":120,"time":178},{"type":"inverse","angle":300,"time":163},{"type":"inverse","angle":315,"time":163.5},{"type":"inverse","angle":285,"time":164},{"type":"inverse","angle":300,"time":164.5},{"type":"inverse","angle":270,"time":165},{"type":"inverse","angle":285,"time":165.5},{"type":"block","angle":285,"time":165.75},{"type":"block","angle":285,"time":166.25},{"type":"block","angle":270,"time":166},{"type":"block","angle":270,"time":166.5},{"type":"block","angle":285,"time":166.75},{"type":"block","angle":270,"time":167},{"type":"inverse","angle":255,"time":171},{"type":"inverse","angle":225,"time":171.5},{"type":"inverse","angle":240,"time":172},{"type":"inverse","angle":210,"time":172.5},{"type":"inverse","angle":225,"time":173},{"type":"inverse","angle":195,"time":173.5},{"type":"block","angle":195,"time":173.75},{"type":"block","angle":210,"time":174},{"type":"block","angle":195,"time":174.25},{"type":"block","angle":210,"time":174.5},{"type":"block","angle":195,"time":174.75},{"type":"block","angle":210,"time":175},{"type":"block","angle":315,"time":179.5},{"type":"block","angle":330,"time":180.5},{"type":"block","angle":300,"time":181.5},{"type":"block","angle":315,"time":182.5},{"type":"block","angle":285,"time":183.5},{"type":"block","angle":300,"time":184.5},{"type":"block","angle":270,"tap":true,"time":185.5},{"type":"block","angle":285,"time":186.5},{"type":"block","angle":255,"time":187.5},{"type":"block","angle":270,"time":188.5},{"type":"block","angle":240,"tap":true,"time":189.5},{"type":"block","angle":255,"time":190.5},{"type":"block","angle":225,"time":191.5},{"type":"block","angle":240,"time":192.5},{"type":"block","angle":210,"tap":true,"time":193.5},{"duration":4,"type":"hold","angle":150,"angle2":90,"time":181.5},{"type":"extraTap","angle":330,"time":181.5},{"duration":4,"type":"hold","angle":105,"angle2":60,"time":185.5},{"type":"extraTap","angle":285,"time":185.5},{"duration":4,"type":"hold","angle":75,"angle2":30,"time":189.5},{"type":"extraTap","angle":255,"time":189.5},{"type":"mine","angle":360,"time":178.5},{"type":"mine","angle":300,"time":179.5},{"type":"mine","angle":345,"time":180.5},{"type":"mine","angle":285,"time":181.5},{"type":"mine","angle":330,"time":182.5},{"type":"mine","angle":270,"time":183.5},{"type":"mine","angle":315,"time":184.5},{"type":"mine","angle":255,"time":185.5},{"type":"mine","angle":300,"time":186.5},{"type":"mine","angle":240,"time":187.5},{"type":"mine","angle":285,"time":188.5},{"type":"mine","angle":225,"time":189.5},{"type":"mine","angle":270,"time":190.5},{"type":"mine","angle":210,"time":191.5},{"type":"mine","angle":255,"time":192.5},{"type":"mine","angle":195,"time":193.5},{"duration":3,"type":"mineHold","angle":135,"angle2":517.5,"time":194},{"type":"mine","angle":180,"time":193.5},{"type":"mine","angle":157.5,"time":193.5},{"type":"mine","angle":135,"time":193.5},{"duration":3,"type":"mineHold","angle":202.5,"angle2":-157.5,"time":198},{"duration":3,"type":"mineHold","angle":315,"angle2":697.5,"time":194},{"type":"mine","angle":135,"time":194.5},{"type":"mine","angle":157.5,"time":195},{"type":"mine","angle":180,"time":195},{"type":"mine","angle":202.5,"time":195.5},{"type":"mine","angle":225,"time":195.5},{"type":"mine","angle":247.5,"time":195.5},{"type":"mine","angle":270,"time":196},{"type":"mine","angle":292.5,"time":196},{"type":"mine","angle":315,"time":196},{"type":"mine","angle":337.5,"time":196.5},{"type":"mine","angle":0,"time":197},{"type":"mine","angle":22.5,"time":197},{"type":"mine","angle":45,"time":197},{"type":"mine","angle":67.5,"time":197},{"type":"mine","angle":90,"time":197},{"type":"mine","angle":135,"time":197},{"type":"mine","angle":112.5,"time":197},{"duration":3,"type":"mineHold","angle":22.5,"angle2":-337.5,"time":198},{"duration":0,"type":"mineHold","angle":202.5,"angle2":382.5,"time":198},{"duration":0,"type":"mineHold","angle":-45,"angle2":135,"time":194},{"type":"mine","angle":112.5,"time":194.5},{"type":"mine","angle":90,"time":194.5},{"type":"mine","angle":67.5,"time":194.5},{"type":"mine","angle":270,"time":198.5},{"type":"mine","angle":247.5,"time":198.5},{"type":"mine","angle":225,"time":198.5},{"type":"mine","angle":202.5,"time":199},{"type":"mine","angle":180,"time":199},{"type":"mine","angle":157.5,"time":199},{"type":"mine","angle":135,"time":199.5},{"type":"mine","angle":112.5,"time":199.5},{"type":"mine","angle":90,"time":199.5},{"type":"mine","angle":67.5,"time":200},{"type":"mine","angle":45,"time":200},{"type":"mine","angle":22.5,"time":200.5},{"type":"mine","angle":360,"time":200.5},{"type":"mine","angle":337.5,"time":200.5},{"type":"mine","angle":0,"time":201},{"type":"mine","angle":337.5,"time":201},{"type":"mine","angle":315,"time":201},{"type":"mine","angle":315,"time":201},{"type":"mine","angle":292.5,"time":201},{"type":"mine","angle":270,"time":201},{"type":"mine","angle":247.5,"time":201},{"type":"mine","angle":315,"time":200.5},{"type":"mine","angle":360,"time":196.5},{"type":"mine","angle":22.5,"time":196.5},{"type":"mine","angle":45,"time":196.5},{"duration":3,"type":"mineHold","angle":157.5,"angle2":517.5,"time":202},{"type":"side","angle":180,"tap":true,"time":197.5},{"type":"extraTap","angle":315,"time":193.5},{"type":"side","angle":67.5,"time":195.5},{"duration":3,"type":"mineHold","angle":337.5,"angle2":697.5,"time":202},{"duration":0,"type":"mineHold","angle":-22.5,"angle2":157.5,"time":202},{"type":"mine","angle":90,"time":202.5},{"type":"mine","angle":112.5,"time":202.5},{"type":"mine","angle":135,"time":202.5},{"type":"mine","angle":157.5,"time":203},{"type":"mine","angle":180,"time":203},{"type":"mine","angle":202.5,"time":203},{"type":"mine","angle":225,"time":203.5},{"type":"mine","angle":247.5,"time":203.5},{"type":"mine","angle":270,"time":203.5},{"type":"mine","angle":292.5,"time":204},{"type":"mine","angle":315,"time":204},{"type":"mine","angle":337.5,"time":204.5},{"type":"mine","angle":0,"time":204.5},{"type":"mine","angle":22.5,"time":204.5},{"type":"mine","angle":45,"time":204.5},{"type":"mine","angle":360,"time":205},{"type":"mine","angle":22.5,"time":205},{"type":"mine","angle":45,"time":205},{"type":"mine","angle":67.5,"time":205},{"type":"mine","angle":90,"time":205},{"type":"mine","angle":112.5,"time":205},{"type":"mine","angle":225,"time":201},{"type":"side","angle":292.5,"time":199.5},{"type":"side","angle":180,"tap":true,"time":201.5},{"type":"mine","angle":135,"time":205},{"type":"side","angle":67.5,"time":203.5},{"type":"side","angle":180,"tap":true,"time":205.5},{"duration":3,"type":"mineHold","angle":202.5,"angle2":-157.5,"time":206},{"duration":3,"type":"mineHold","angle":22.5,"angle2":-337.5,"time":206},{"duration":0,"type":"mineHold","angle":202.5,"angle2":382.5,"time":206},{"type":"mine","angle":270,"time":206.5},{"type":"mine","angle":247.5,"time":206.5},{"type":"mine","angle":225,"time":206.5},{"type":"mine","angle":202.5,"time":207},{"type":"mine","angle":180,"time":207},{"type":"mine","angle":157.5,"time":207},{"type":"mine","angle":135,"time":207.5},{"type":"mine","angle":112.5,"time":207.5},{"type":"mine","angle":90,"time":207.5},{"type":"mine","angle":67.5,"time":208},{"type":"mine","angle":45,"time":208},{"type":"mine","angle":22.5,"time":208.5},{"type":"mine","angle":360,"time":208.5},{"type":"mine","angle":337.5,"time":208.5},{"type":"mine","angle":315,"time":208.5},{"type":"mine","angle":0,"time":209},{"type":"mine","angle":337.5,"time":209},{"type":"mine","angle":315,"time":209},{"type":"mine","angle":292.5,"time":209},{"type":"mine","angle":270,"time":209},{"type":"mine","angle":247.5,"time":209},{"type":"mine","angle":225,"time":209},{"type":"side","angle":292.5,"time":207.5},{"type":"side","angle":180,"tap":true,"time":209.5},{"duration":0.5,"type":"mineHold","angle":157.5,"angle2":180,"time":210},{"duration":0.5,"type":"mineHold","angle":337.5,"angle2":360,"time":210},{"duration":2.5,"type":"mineHold","angle":180,"angle2":-157.5,"time":210.5},{"duration":0,"type":"mineHold","angle":157.5,"angle2":-22.5,"time":210},{"type":"mine","angle":135,"time":210.5},{"type":"mine","angle":112.5,"time":210.5},{"type":"mine","angle":90,"time":210.5},{"type":"mine","angle":67.5,"time":210.5},{"type":"mine","angle":67.5,"time":210.5},{"type":"mine","angle":67.5,"time":211},{"type":"mine","angle":45,"time":211},{"type":"mine","angle":45,"time":210.5},{"type":"mine","angle":22.5,"time":210.5},{"type":"mine","angle":22.5,"time":211},{"type":"mine","angle":360,"time":211.5},{"type":"mine","angle":360,"time":211},{"type":"mine","angle":337.5,"time":211.5},{"type":"mine","angle":315,"time":211.5},{"type":"mine","angle":292.5,"time":211.5},{"type":"mine","angle":292.5,"time":212},{"type":"mine","angle":270,"time":212},{"type":"mine","angle":247.5,"time":212},{"type":"mine","angle":315,"time":210},{"type":"mine","angle":90,"time":213},{"type":"mine","angle":112.5,"time":213},{"type":"mine","angle":135,"time":213},{"type":"mine","angle":157.5,"time":213},{"type":"mine","angle":180,"time":213},{"type":"mine","angle":247.5,"time":212.5},{"type":"mine","angle":225,"time":212.5},{"type":"mine","angle":202.5,"time":212.5},{"type":"mine","angle":180,"time":212.5},{"type":"side","angle":112.5,"time":211.5},{"duration":2.5,"type":"mineHold","angle":0,"angle2":-337.5,"time":210.5},{"type":"mine","angle":67.5,"time":213},{"type":"mine","angle":45,"time":213},{"type":"side","angle":0,"tap":true,"time":213.5},{"duration":3,"type":"mineHold","angle":337.5,"angle2":697.5,"time":214},{"duration":3,"type":"mineHold","angle":157.5,"angle2":517.5,"time":214},{"duration":0,"type":"mineHold","angle":337.5,"angle2":157.5,"time":214},{"type":"mine","angle":270,"time":214.5},{"type":"mine","angle":292.5,"time":214.5},{"type":"mine","angle":315,"time":214.5},{"type":"mine","angle":337.5,"time":215},{"type":"mine","angle":360,"time":215},{"type":"mine","angle":22.5,"time":215},{"type":"mine","angle":45,"time":215.5},{"type":"mine","angle":67.5,"time":215.5},{"type":"mine","angle":90,"time":215.5},{"type":"mine","angle":112.5,"time":216},{"type":"mine","angle":135,"time":216},{"type":"mine","angle":157.5,"time":216.5},{"type":"mine","angle":180,"time":216.5},{"type":"mine","angle":202.5,"time":216.5},{"type":"mine","angle":225,"time":216.5},{"type":"mine","angle":180,"time":217},{"type":"mine","angle":202.5,"time":217},{"type":"mine","angle":225,"time":217},{"type":"mine","angle":247.5,"time":217},{"type":"mine","angle":270,"time":217},{"type":"mine","angle":292.5,"time":217},{"type":"mine","angle":315,"time":217},{"type":"side","angle":247.5,"time":215.5},{"duration":3,"type":"mineHold","angle":22.5,"angle2":-337.5,"time":218},{"duration":3,"type":"mineHold","angle":202.5,"angle2":-157.5,"time":218},{"duration":0,"type":"mineHold","angle":562.5,"angle2":382.5,"time":218},{"type":"mine","angle":90,"time":218.5},{"type":"mine","angle":67.5,"time":218.5},{"type":"mine","angle":45,"time":218.5},{"type":"mine","angle":22.5,"time":219},{"type":"mine","angle":0,"time":219},{"type":"mine","angle":337.5,"time":219},{"type":"mine","angle":315,"time":219.5},{"type":"mine","angle":292.5,"time":219.5},{"type":"mine","angle":270,"time":219.5},{"type":"mine","angle":247.5,"time":220},{"type":"mine","angle":225,"time":220},{"type":"mine","angle":202.5,"time":220.5},{"type":"mine","angle":180,"time":220.5},{"type":"mine","angle":157.5,"time":220.5},{"type":"mine","angle":135,"time":220.5},{"type":"mine","angle":180,"time":221},{"type":"mine","angle":157.5,"time":221},{"type":"mine","angle":135,"time":221},{"type":"mine","angle":112.5,"time":221},{"type":"mine","angle":90,"time":221},{"type":"mine","angle":67.5,"time":221},{"type":"mine","angle":45,"time":221},{"type":"side","angle":112.5,"time":219.5},{"type":"side","angle":0,"tap":true,"time":221.5},{"type":"side","angle":360,"tap":true,"time":217.5},{"type":"inverse","angle":247.5,"time":210},{"type":"inverse","angle":202.5,"time":211},{"type":"inverse","angle":90,"time":212},{"type":"inverse","angle":315,"time":213},{"type":"inverse","angle":67.5,"time":214},{"type":"inverse","angle":157.5,"time":215},{"type":"inverse","angle":270,"time":216},{"type":"inverse","angle":45,"time":217},{"type":"inverse","angle":292.5,"time":218},{"type":"inverse","angle":202.5,"time":219},{"type":"inverse","angle":90,"time":220},{"type":"inverse","angle":315,"time":221},{"duration":3,"type":"mineHold","angle":337.5,"angle2":697.5,"time":222},{"duration":3,"type":"mineHold","angle":157.5,"angle2":517.5,"time":222},{"duration":0,"type":"mineHold","angle":157.5,"angle2":337.5,"time":222},{"type":"mine","angle":270,"time":222.5},{"type":"mine","angle":292.5,"time":222.5},{"type":"mine","angle":315,"time":222.5},{"type":"mine","angle":337.5,"time":223},{"type":"mine","angle":360,"time":223},{"type":"mine","angle":22.5,"time":223},{"type":"mine","angle":45,"time":223.5},{"type":"mine","angle":67.5,"time":223.5},{"type":"mine","angle":90,"time":223.5},{"type":"mine","angle":112.5,"time":224},{"type":"mine","angle":135,"time":224},{"type":"mine","angle":157.5,"time":224.5},{"type":"mine","angle":180,"time":224.5},{"type":"mine","angle":202.5,"time":224.5},{"type":"mine","angle":225,"time":224.5},{"type":"mine","angle":180,"time":225},{"type":"mine","angle":202.5,"time":225},{"type":"mine","angle":225,"time":225},{"type":"mine","angle":247.5,"time":225},{"type":"mine","angle":270,"time":225},{"type":"mine","angle":292.5,"time":225},{"type":"mine","angle":315,"time":225},{"type":"side","angle":247.5,"time":223.5},{"type":"inverse","angle":67.5,"time":222},{"type":"inverse","angle":157.5,"time":223},{"type":"inverse","angle":270,"time":224},{"type":"inverse","angle":45,"time":225},{"type":"block","angle":90,"tap":true,"time":225.5},{"type":"block","angle":270,"tap":true,"time":226.5},{"type":"block","angle":0,"tap":true,"time":227.5},{"type":"block","angle":180,"tap":true,"time":228.5},{"type":"block","angle":90,"tap":true,"time":229.5},{"type":"block","angle":270,"tap":true,"time":230.5},{"type":"block","angle":0,"tap":true,"time":231.5},{"type":"block","angle":180,"tap":true,"time":232.5},{"duration":0,"type":"mineHold","angle":112.5,"angle2":67.5,"time":226},{"duration":0,"type":"mineHold","angle":292.5,"angle2":247.5,"time":227},{"duration":0,"type":"mineHold","angle":22.5,"angle2":-22.5,"time":228},{"duration":0,"type":"mineHold","angle":202.5,"angle2":157.5,"time":229},{"duration":0,"type":"mineHold","angle":112.5,"angle2":67.5,"time":230},{"duration":0,"type":"mineHold","angle":292.5,"angle2":247.5,"time":231},{"duration":0,"type":"mineHold","angle":22.5,"angle2":-22.5,"time":232},{"duration":0,"type":"mineHold","angle":202.5,"angle2":157.5,"time":233},{"type":"block","angle":45,"time":233.5},{"type":"block","angle":135,"time":234},{"type":"block","angle":225,"time":234.5},{"type":"block","angle":315,"time":235},{"type":"block","angle":45,"time":235.5},{"type":"block","angle":135,"time":236},{"type":"block","angle":225,"time":236.5},{"type":"block","angle":315,"time":237},{"type":"block","angle":360,"time":237.5},{"type":"block","angle":90,"time":238},{"type":"block","angle":180,"time":238.5},{"type":"block","angle":270,"time":239},{"type":"block","angle":360,"time":239.5},{"duration":0,"type":"mineHold","angle":22.5,"angle2":337.5,"time":239.5},{"type":"mine","angle":315,"time":233.5},{"type":"mine","angle":225,"time":233.5},{"type":"mine","angle":45,"time":234},{"type":"mine","angle":315,"time":234},{"type":"mine","angle":135,"time":234.5},{"type":"mine","angle":45,"time":234.5},{"type":"mine","angle":225,"time":235},{"type":"mine","angle":225,"time":235.5},{"type":"mine","angle":135,"time":235},{"type":"mine","angle":315,"time":235.5},{"type":"mine","angle":315,"time":236},{"type":"mine","angle":45,"time":236},{"type":"mine","angle":45,"time":236.5},{"type":"mine","angle":135,"time":236.5},{"type":"mine","angle":135,"time":237},{"type":"mine","angle":225,"time":237},{"type":"mine","angle":225,"time":237.5},{"type":"mine","angle":315,"time":237.5},{"type":"mine","angle":315,"time":238},{"type":"mine","angle":360,"time":238},{"type":"mine","angle":0,"time":238.5},{"type":"mine","angle":90,"time":238.5},{"type":"mine","angle":90,"time":239},{"type":"mine","angle":180,"time":239}]