{"properties":{"formatversion":12,"loadBeat":0,"offset":8,"speed":70,"startBeat":0},"metadata":{"songName":"Amalgam","artist":"Toby Fox","artistLink":"","difficulty":0,"bgData":{"redChannel":{"r":255,"g":0,"b":0},"blueChannel":{"r":0,"g":0,"b":255},"image":"blackscreen.png"},"charter":"Ch1llz/Ded0ne3","description":"* But nobody came.\n","bg":true},"events":[{"bpm":180,"file":"Undertale OST 084 - Amalgam.ogg","type":"play","volume":1,"angle":360,"time":1.25},{"type":"setBgColor","angle":270,"color":1,"time":-1},{"angle":315,"enable":true,"type":"outline","color":0,"time":-1},{"type":"forcePlayerSprite","angle":90,"spriteName":"none","time":-1},{"paddle":2,"type":"paddles","enabled":true,"ease":"linear","duration":0,"angle":22.5,"newAngle":180,"time":65.25},{"paddle":2,"type":"paddles","enabled":true,"ease":"outQuart","duration":1,"angle":67.5,"newAngle":180,"time":73.25},{"paddle":2,"type":"paddles","enabled":true,"ease":"inQuart","duration":0.5,"angle":270,"newAngle":0,"time":72.050003051758},{"paddle":2,"type":"paddles","enabled":true,"ease":"outQuint","duration":0.5,"angle":303,"newAngle":0,"time":104.59999847412},{"paddle":2,"type":"paddles","enabled":true,"ease":"inQuint","duration":0,"angle":360,"newAngle":180,"time":108},{"paddle":2,"type":"paddles","enabled":true,"ease":"outExpo","duration":0.20000000298023,"angle":225,"newAngle":0,"time":129.75},{"paddle":0,"duration":0.5,"newWidth":30,"type":"paddles","angle":45,"ease":"inOutQuad","time":130},{"paddle":2,"newWidth":70,"type":"paddles","enabled":true,"ease":"inQuad","duration":0.25,"angle":165,"newAngle":180,"time":145.75},{"paddle":2,"newWidth":30,"type":"paddles","enabled":true,"ease":"outQuart","duration":0.25,"angle":360,"newAngle":0,"time":175.25},{"paddle":2,"newWidth":70,"type":"paddles","enabled":true,"ease":"inQuad","duration":0.25,"angle":15,"newAngle":180,"time":177.75},{"paddle":2,"type":"paddles","enabled":true,"ease":"outQuart","duration":0.25,"angle":45,"newAngle":0,"time":193.75},{"paddle":0,"duration":0.20000000298023,"newWidth":30,"type":"paddles","angle":67.5,"ease":"inOutQuad","time":225.25},{"type":"showResults","angle":360,"time":240}]}