[{"type":"block","angle":-67.5,"time":0},{"type":"block","angle":-67.5,"time":0.25},{"type":"block","angle":337.5,"time":0.5},{"type":"block","angle":382.5,"time":1},{"type":"block","angle":-90,"time":1.75},{"type":"block","angle":360,"time":2.25},{"type":"block","angle":67.5,"time":2.75},{"type":"block","angle":382.5,"time":3.25},{"type":"block","angle":360,"time":3.5},{"type":"block","angle":22.5,"time":3.75},{"type":"block","angle":45,"time":4},{"type":"block","angle":22.5,"time":4.25},{"type":"block","angle":0,"time":4.5},{"type":"block","angle":0,"time":5},{"type":"block","angle":0,"time":5.75},{"type":"block","angle":0,"time":6.25},{"type":"block","angle":360,"time":6.75},{"type":"block","angle":360,"time":7},{"type":"block","angle":0,"time":7.25},{"type":"block","angle":0,"time":7.5},{"type":"block","angle":360,"time":7.75},{"type":"block","angle":45,"time":8},{"type":"block","angle":67.5,"time":8.25},{"type":"block","angle":90,"time":8.5},{"type":"block","angle":22.5,"time":9},{"type":"block","angle":-45,"time":9.75},{"type":"block","angle":-22.5,"time":10.25},{"type":"block","angle":382.5,"time":10.75},{"type":"block","angle":0,"time":11},{"type":"block","angle":0,"time":11.25},{"type":"block","angle":360,"time":11.5},{"type":"block","angle":0,"time":11.75},{"type":"block","angle":337.5,"time":12},{"type":"block","angle":315,"time":12.25},{"type":"block","angle":292.5,"time":12.5},{"type":"block","angle":247.5,"time":13},{"type":"block","angle":225,"time":13.75},{"type":"block","angle":202.5,"time":14.25},{"type":"block","angle":247.5,"time":14.75},{"type":"block","angle":225,"time":15},{"type":"block","angle":202.5,"time":15.25},{"type":"block","angle":157.5,"time":15.5},{"type":"block","angle":135,"time":15.75},{"type":"extraTap","angle":180,"time":16},{"type":"extraTap","angle":180,"time":18},{"type":"extraTap","angle":180,"time":20},{"type":"extraTap","angle":180,"time":22},{"type":"extraTap","angle":180,"time":24},{"type":"extraTap","angle":180,"time":26},{"type":"extraTap","angle":180,"time":28},{"type":"extraTap","angle":180,"time":29.75},{"type":"extraTap","angle":180,"time":30.25},{"type":"extraTap","angle":180,"time":30.75},{"type":"extraTap","angle":180,"time":31},{"type":"extraTap","angle":180,"time":31.25},{"type":"extraTap","angle":180,"time":31.5},{"type":"extraTap","angle":180,"time":31.75},{"type":"block","angle":90,"time":16},{"type":"block","angle":67.5,"time":16.25},{"type":"block","angle":135,"time":16.5},{"type":"block","angle":45,"time":17},{"type":"block","angle":90,"time":17.75},{"type":"block","angle":22.5,"time":18.25},{"type":"block","angle":0,"time":18.75},{"type":"block","angle":45,"time":19.25},{"type":"block","angle":45,"time":19.5},{"type":"block","angle":45,"time":19.75},{"type":"block","angle":67.5,"time":19},{"type":"block","angle":90,"time":20},{"type":"block","angle":225,"time":21.75},{"type":"block","angle":247.5,"time":22.25},{"type":"block","angle":225,"time":22.75},{"type":"block","angle":225,"time":23},{"type":"block","angle":202.5,"time":23.25},{"type":"block","angle":180,"time":23.5},{"type":"block","angle":157.5,"time":23.75},{"type":"block","angle":135,"time":24},{"type":"block","angle":90,"time":24.25},{"type":"block","angle":135,"time":24.5},{"type":"block","angle":67.5,"time":25},{"type":"block","angle":45,"time":25.75},{"type":"block","angle":67.5,"time":26.25},{"type":"block","angle":22.5,"time":26.75},{"type":"block","angle":45,"time":27},{"type":"block","angle":67.5,"time":27.25},{"type":"block","angle":67.5,"time":27.5},{"type":"block","angle":67.5,"time":27.75},{"type":"block","angle":360,"time":28},{"type":"block","angle":360,"time":28.25},{"type":"block","angle":337.5,"time":28.5},{"type":"block","angle":360,"time":29},{"type":"block","angle":315,"time":29.75},{"type":"block","angle":292.5,"time":30.25},{"type":"block","angle":270,"time":30.75},{"type":"block","angle":247.5,"time":31},{"type":"block","angle":247.5,"time":31.25},{"type":"block","angle":247.5,"time":31.5},{"type":"block","angle":247.5,"time":31.75},{"type":"extraTap","angle":180,"time":32},{"type":"extraTap","angle":180,"time":33},{"type":"extraTap","angle":180,"time":34},{"type":"extraTap","angle":180,"time":35},{"type":"block","angle":112.5,"time":20.25},{"type":"block","angle":157.5,"time":20.5},{"type":"block","angle":202.5,"time":21},{"type":"block","angle":-135,"time":32},{"type":"block","angle":-135,"time":32.25},{"type":"block","angle":270,"time":32.5},{"type":"block","angle":315,"time":33},{"type":"block","angle":-157.5,"time":33.75},{"type":"block","angle":292.5,"time":34.25},{"type":"block","angle":0,"time":34.75},{"type":"block","angle":270,"time":35},{"type":"block","angle":315,"time":35.25},{"type":"block","angle":270,"time":35.5},{"type":"block","angle":-45,"time":35.75},{"type":"extraTap","angle":180,"time":36},{"type":"extraTap","angle":180,"time":37},{"type":"extraTap","angle":180,"time":38},{"type":"extraTap","angle":180,"time":39},{"type":"block","angle":-22.5,"time":36},{"type":"block","angle":-22.5,"time":36.25},{"type":"block","angle":382.5,"time":36.5},{"type":"block","angle":427.5,"time":37},{"type":"block","angle":0,"time":37.75},{"type":"block","angle":405,"time":38.25},{"type":"block","angle":112.5,"time":38.75},{"type":"block","angle":382.5,"time":39},{"type":"block","angle":427.5,"time":39.25},{"type":"block","angle":382.5,"time":39.5},{"type":"block","angle":67.5,"time":39.75},{"type":"extraTap","angle":180,"time":40},{"type":"extraTap","angle":180,"time":41},{"type":"extraTap","angle":180,"time":42},{"type":"extraTap","angle":180,"time":43},{"type":"block","angle":90,"time":40},{"type":"block","angle":90,"time":40.25},{"type":"block","angle":495,"time":40.5},{"type":"block","angle":540,"time":41},{"type":"block","angle":112.5,"time":41.75},{"type":"block","angle":517.5,"time":42.25},{"type":"block","angle":202.5,"time":42.75},{"type":"block","angle":517.5,"time":43},{"type":"block","angle":540,"time":43.25},{"type":"block","angle":495,"time":43.5},{"type":"block","angle":180,"time":43.75},{"type":"extraTap","angle":180,"time":44},{"type":"extraTap","angle":180,"time":45},{"type":"extraTap","angle":180,"time":46},{"type":"extraTap","angle":180,"time":47},{"type":"block","angle":-157.5,"time":44},{"type":"block","angle":-157.5,"time":44.25},{"type":"block","angle":247.5,"time":44.5},{"type":"block","angle":292.5,"time":45},{"type":"block","angle":-135,"time":45.75},{"type":"block","angle":270,"time":46.25},{"type":"block","angle":-135,"time":46.75},{"type":"block","angle":247.5,"time":47},{"type":"block","angle":292.5,"time":47.25},{"type":"block","angle":247.5,"time":47.5},{"type":"block","angle":-67.5,"time":47.75},{"type":"extraTap","angle":180,"time":48},{"type":"extraTap","angle":180,"time":49},{"type":"extraTap","angle":180,"time":50},{"type":"extraTap","angle":180,"time":51},{"type":"block","angle":-45,"time":48},{"type":"block","angle":-45,"time":48.25},{"type":"block","angle":360,"time":48.5},{"type":"block","angle":405,"time":49},{"type":"block","angle":-22.5,"time":49.75},{"type":"block","angle":382.5,"time":50.25},{"type":"block","angle":-22.5,"time":50.75},{"type":"block","angle":360,"time":51},{"type":"block","angle":405,"time":51.25},{"type":"block","angle":360,"time":51.5},{"type":"block","angle":45,"time":51.75},{"type":"extraTap","angle":180,"time":52},{"type":"extraTap","angle":180,"time":53},{"type":"extraTap","angle":180,"time":54},{"type":"extraTap","angle":180,"time":55},{"type":"block","angle":67.5,"time":52.25},{"type":"block","angle":472.5,"time":52.5},{"type":"block","angle":517.5,"time":53},{"type":"block","angle":90,"time":53.75},{"type":"block","angle":495,"time":54.25},{"type":"block","angle":90,"time":54.75},{"type":"block","angle":472.5,"time":55},{"type":"block","angle":517.5,"time":55.25},{"type":"block","angle":472.5,"time":55.5},{"type":"block","angle":157.5,"time":55.75},{"type":"block","angle":67.5,"time":52},{"type":"extraTap","angle":180,"time":56},{"type":"extraTap","angle":180,"time":57},{"type":"extraTap","angle":180,"time":58},{"type":"extraTap","angle":180,"time":59},{"type":"block","angle":-180,"time":56},{"type":"block","angle":-180,"time":56.25},{"type":"block","angle":225,"time":56.5},{"type":"block","angle":270,"time":57},{"type":"block","angle":-157.5,"time":57.75},{"type":"block","angle":247.5,"time":58.25},{"type":"block","angle":-157.5,"time":58.75},{"type":"block","angle":225,"time":59},{"type":"block","angle":270,"time":59.25},{"type":"block","angle":225,"time":59.5},{"type":"block","angle":-90,"time":59.75},{"type":"extraTap","angle":180,"time":60},{"type":"extraTap","angle":180,"time":61},{"type":"extraTap","angle":180,"time":62},{"type":"extraTap","angle":180,"time":63},{"type":"block","angle":-67.5,"time":60},{"type":"block","angle":-67.5,"time":60.25},{"type":"block","angle":337.5,"time":60.5},{"type":"block","angle":382.5,"time":61},{"type":"block","angle":-45,"time":61.75},{"type":"block","angle":360,"time":62.25},{"type":"block","angle":-45,"time":62.75},{"type":"block","angle":337.5,"time":63},{"type":"block","angle":382.5,"time":63.25},{"type":"block","angle":337.5,"time":63.5},{"type":"block","angle":22.5,"time":63.75},{"type":"block","angle":0,"time":64},{"type":"block","angle":22.5,"time":64.5},{"type":"block","angle":22.5,"time":64.75},{"type":"hold","duration":1.25,"time":66.75,"angle":112.5,"angle2":270},{"type":"block","angle":45,"time":65.25},{"type":"block","angle":90,"time":65.75},{"type":"block","angle":270,"time":68},{"type":"block","angle":270,"time":68.5},{"type":"block","angle":292.5,"time":68.75},{"type":"block","angle":315,"time":69.5},{"type":"block","angle":270,"time":69.75},{"type":"block","angle":247.5,"time":70},{"type":"block","angle":292.5,"time":70.25},{"type":"block","angle":247.5,"time":70.75},{"type":"block","angle":225,"time":71},{"type":"block","angle":202.5,"time":71.25},{"type":"inverse","angle":270,"time":68},{"type":"inverse","angle":270,"time":68.5},{"type":"inverse","angle":292.5,"time":68.75},{"type":"inverse","angle":315,"time":69.5},{"type":"inverse","angle":270,"time":69.75},{"type":"inverse","angle":247.5,"time":70},{"type":"inverse","angle":247.5,"time":70.75},{"type":"inverse","angle":292.5,"time":70.25},{"type":"inverse","angle":225,"time":71},{"type":"inverse","angle":202.5,"time":71.25},{"type":"block","angle":112.5,"time":66.25},{"type":"block","angle":157.5,"time":72},{"type":"block","angle":157.5,"time":72.75},{"type":"block","angle":135,"time":73.25},{"type":"block","angle":112.5,"time":73.75},{"type":"block","angle":90,"time":74.25},{"type":"block","angle":67.5,"time":74.75},{"type":"block","angle":67.5,"time":75.25},{"type":"block","angle":45,"time":76},{"type":"block","angle":45,"time":76.5},{"type":"block","angle":90,"time":77},{"type":"block","angle":67.5,"time":77.25},{"type":"block","angle":90,"time":77.5},{"type":"hold","duration":2,"time":78,"angle":90,"angle2":-67.5},{"type":"mineHold","duration":1,"time":78,"angle":135,"angle2":225},{"type":"mineHold","duration":1,"time":78,"angle":157.5,"angle2":247.5},{"type":"mineHold","duration":0.75,"time":78,"angle":180,"angle2":247.5},{"type":"block","angle":-67.5,"time":80.5},{"type":"block","angle":-67.5,"time":80.75},{"type":"hold","duration":1.25,"time":82.75,"angle":22.5,"angle2":180},{"type":"block","angle":-45,"time":81.25},{"type":"block","angle":0,"time":81.75},{"type":"block","angle":22.5,"time":82.25},{"type":"block","angle":180,"time":84.5},{"type":"block","angle":180,"time":84.75},{"type":"block","angle":202.5,"time":85.25},{"type":"block","angle":247.5,"time":85.75},{"type":"block","angle":270,"time":86.25},{"type":"block","angle":292.5,"time":86.75},{"type":"block","angle":315,"time":87.25},{"type":"block","angle":337.5,"time":88},{"type":"block","angle":315,"time":87.5},{"type":"block","angle":315,"time":87},{"type":"block","angle":337.5,"time":88.5},{"type":"block","angle":337.5,"time":89},{"type":"block","angle":337.5,"time":89.5},{"type":"block","angle":337.5,"time":90},{"type":"block","angle":337.5,"time":90.5},{"type":"block","angle":337.5,"time":91},{"type":"block","angle":337.5,"time":91.5},{"type":"block","angle":337.5,"time":92},{"type":"block","angle":337.5,"time":92.5},{"type":"block","angle":337.5,"time":92.75},{"type":"block","angle":337.5,"time":93.25},{"type":"hold","duration":2,"time":93.75,"angle":337.5,"angle2":472.5},{"type":"extraTap","angle":180,"time":80},{"type":"extraTap","angle":180,"time":83},{"type":"extraTap","angle":180,"time":84},{"type":"extraTap","angle":180,"time":85},{"type":"extraTap","angle":180,"time":87},{"type":"extraTap","angle":180,"time":88},{"type":"extraTap","angle":180,"time":89},{"type":"extraTap","angle":180,"time":90},{"type":"extraTap","angle":180,"time":91},{"type":"extraTap","angle":180,"time":92},{"type":"extraTap","angle":180,"time":93},{"type":"extraTap","angle":180,"time":94},{"type":"extraTap","angle":180,"time":95},{"type":"extraTap","angle":180,"time":96},{"type":"extraTap","angle":180,"time":97},{"type":"extraTap","angle":180,"time":98},{"type":"extraTap","angle":180,"time":99},{"type":"block","angle":112.5,"time":98},{"type":"block","angle":67.5,"time":98.25},{"type":"block","angle":112.5,"time":98.5},{"type":"block","angle":90,"time":98.75},{"type":"block","angle":112.5,"time":99},{"type":"block","angle":135,"time":99.25},{"type":"block","angle":157.5,"time":99.5},{"type":"block","angle":180,"time":99.75},{"type":"block","angle":135,"time":100},{"type":"block","angle":135,"time":100.125},{"type":"block","angle":135,"time":100.125},{"type":"hold","duration":0.75,"time":100.25,"angle":135,"angle2":90},{"type":"hold","duration":2,"time":101,"angle":90,"angle2":450},{"type":"block","angle":112.5,"time":103.25},{"type":"block","angle":135,"time":103.75},{"type":"block","angle":112.5,"time":104},{"type":"block","angle":45,"time":104.5},{"type":"block","angle":112.5,"time":104.75},{"type":"block","angle":157.5,"time":105},{"type":"block","angle":180,"time":105.25},{"type":"block","angle":202.5,"time":105.5},{"type":"inverse","angle":202.5,"time":109},{"type":"inverse","angle":202.5,"time":109.25},{"type":"inverse","angle":202.5,"time":109.5},{"type":"inverse","angle":202.5,"time":110},{"type":"hold","duration":1.75,"time":110,"angle":202.5,"angle2":270},{"type":"block","angle":90,"time":108},{"type":"block","angle":135,"time":108.5},{"type":"side","angle":292.5,"time":112},{"type":"block","angle":270,"time":112.5},{"type":"block","angle":292.5,"time":113},{"type":"side","angle":225,"time":113.5},{"type":"hold","duration":1,"time":114,"angle2":247.5,"angle":202.5},{"type":"hold","duration":1,"time":115,"angle2":112.5,"angle":247.5},{"type":"hold","duration":1,"time":116,"angle":112.5,"angle2":270},{"type":"hold","duration":1,"time":117,"angle":270,"angle2":247.5},{"type":"hold","duration":1,"time":118,"angle":247.5,"angle2":135},{"type":"hold","duration":1,"time":119,"holdEase":"inBack","angle2":112.5,"angle":135},{"type":"hold","duration":1.75,"time":120,"angle2":-90,"angle":112.5},{"type":"side","time":122,"angle":225,"speedMult":2},{"type":"side","time":122.25,"angle":202.5,"speedMult":2},{"type":"side","time":122.5,"angle":180,"speedMult":2},{"type":"side","time":122.75,"angle":157.5,"speedMult":2},{"type":"side","time":123,"angle":135,"speedMult":2},{"type":"side","time":123.25,"angle":112.5,"speedMult":2},{"type":"side","time":123.5,"angle":90,"speedMult":2},{"type":"side","time":123.75,"angle":67.5,"speedMult":2},{"type":"hold","duration":2,"time":124,"holdEase":"inSine","angle":45,"angle2":0},{"type":"hold","duration":2,"time":126,"holdEase":"inSine","angle":0,"angle2":90},{"type":"extraTap","angle":180,"time":100},{"type":"extraTap","angle":180,"time":104},{"type":"extraTap","angle":180,"time":108},{"type":"extraTap","angle":180,"time":112},{"type":"extraTap","angle":180,"time":116},{"type":"extraTap","angle":180,"time":120},{"type":"extraTap","angle":180,"time":124},{"type":"block","angle":-67.5,"time":130.25},{"type":"block","angle":-22.5,"time":130.5},{"type":"block","angle":-45,"time":130.75},{"type":"block","angle":-22.5,"time":131},{"type":"block","angle":0,"time":131.25},{"type":"block","angle":45,"time":131.75},{"type":"block","angle":0,"time":132},{"type":"block","angle":0,"time":132.125},{"type":"block","angle":0,"time":132.125},{"type":"hold","duration":0.75,"time":132.25,"angle":0,"angle2":-45},{"type":"hold","duration":1,"time":133,"angle":-45,"angle2":180},{"type":"side","angle":337.5,"time":130},{"type":"side","angle":22.5,"time":131.5},{"type":"block","angle":225,"time":135.75},{"type":"block","angle":225,"time":136.75},{"type":"block","angle":247.5,"time":137.5},{"type":"block","angle":202.5,"time":138},{"type":"block","angle":180,"time":138.5},{"type":"block","angle":247.5,"time":139},{"type":"block","angle":225,"time":139.5},{"type":"block","angle":225,"time":140.5},{"type":"block","angle":225,"time":141},{"type":"block","angle":225,"time":141.25},{"type":"block","angle":225,"time":141.5},{"type":"hold","duration":2,"time":142,"angle":202.5,"angle2":292.5},{"type":"inverse","angle":225,"time":135.25},{"type":"side","angle":315,"time":136},{"type":"inverse","angle":202.5,"time":137},{"type":"inverse","angle":270,"time":137.25},{"type":"side","angle":135,"time":140},{"type":"hold","duration":0.5,"time":144,"angle":292.5,"angle2":247.5},{"type":"hold","duration":0.5,"time":144.5,"angle":247.5,"angle2":247.5},{"type":"hold","duration":0.5,"time":145,"angle":247.5,"angle2":292.5},{"type":"hold","duration":0.5,"time":145.5,"angle":292.5,"angle2":157.5},{"type":"hold","duration":1,"time":146,"angle":157.5,"angle2":157.5},{"type":"hold","duration":1,"time":147,"holdEase":"inBack","angle":157.5,"angle2":112.5},{"type":"hold","duration":1,"time":148,"angle":112.5,"angle2":45},{"type":"hold","duration":1,"time":149,"angle":45,"angle2":90},{"type":"hold","duration":1,"time":150,"angle":90,"angle2":45},{"type":"hold","duration":1,"time":151,"angle":45,"angle2":90},{"type":"hold","duration":2,"time":152,"angle":90,"angle2":90},{"type":"inverse","angle":202.5,"time":142},{"type":"inverse","angle":292.5,"time":144},{"type":"inverse","angle":247.5,"time":144.5},{"type":"inverse","angle":247.5,"time":145},{"type":"inverse","angle":292.5,"time":145.5},{"type":"inverse","angle":157.5,"time":146},{"type":"inverse","angle":157.5,"time":147},{"type":"inverse","angle":112.5,"time":148},{"type":"inverse","angle":45,"time":149},{"type":"inverse","angle":90,"time":150},{"type":"inverse","angle":45,"time":151},{"type":"inverse","angle":90,"time":152},{"type":"inverse","angle":45,"time":154.25},{"type":"inverse","angle":112.5,"time":154.75},{"type":"inverse","angle":90,"time":155},{"type":"inverse","angle":90,"time":155.25},{"type":"inverse","angle":90,"time":155.5},{"type":"inverse","angle":90,"time":155.75},{"type":"mine","angle":180,"time":155},{"type":"mine","angle":0,"time":155},{"type":"mineHold","duration":0,"time":155,"angle":202.5,"angle2":337.5},{"type":"side","angle":135,"time":154.25},{"type":"inverse","angle":67.5,"time":154.5},{"type":"hold","duration":2,"time":156,"angle":90,"angle2":67.5},{"type":"hold","duration":2,"time":158,"angle":67.5,"angle2":0},{"type":"mineHold","duration":2.75,"time":160.25,"angle":337.5,"angle2":337.5},{"type":"mineHold","duration":2.75,"time":160.25,"angle":22.5,"angle2":22.5},{"type":"mineHold","duration":4.75,"time":160.25,"angle":315,"angle2":315},{"type":"mineHold","duration":5,"time":160,"angle":292.5,"angle2":292.5},{"type":"mineHold","duration":5,"time":160,"angle":270,"angle2":270},{"type":"mineHold","duration":5,"time":160,"angle":247.5,"angle2":247.5},{"type":"mineHold","duration":5,"time":160,"angle":225,"angle2":225},{"type":"mineHold","duration":5,"time":160,"angle":180,"angle2":180},{"type":"mineHold","duration":5,"time":160,"angle":157.5,"angle2":157.5},{"type":"mineHold","duration":5,"time":160,"angle":135,"angle2":135},{"type":"mineHold","duration":5,"time":160,"angle":112.5,"angle2":112.5},{"type":"mineHold","duration":4.6666669845581,"time":160,"angle":90,"angle2":90},{"type":"mineHold","duration":4.3333330154419,"time":160,"angle2":67.5,"angle":67.5,"order":1},{"type":"mineHold","duration":3.7499992847443,"time":160.25,"angle":45,"angle2":45},{"type":"mineHold","duration":1,"time":163,"angle":337.5,"angle2":360},{"type":"mineHold","duration":1,"time":163,"angle":22.5,"angle2":45},{"type":"mineHold","duration":5,"time":160,"angle":202.5,"angle2":202.5},{"type":"mineHold","duration":1,"time":164,"angle":45,"angle2":112.5},{"type":"mineHold","duration":3,"time":164,"angle":0,"angle2":90},{"type":"mineHold","duration":0,"time":165,"angle":112.5,"angle2":390},{"type":"mineHold","duration":0,"time":167,"angle":90,"angle2":360},{"type":"block","angle":390,"time":164},{"type":"block","angle":0,"time":163},{"type":"block","angle":195,"time":166},{"type":"hold","duration":8,"time":168,"angle2":90,"angle":45},{"type":"hold","duration":3,"time":176,"angle2":135,"angle":90},{"type":"hold","duration":1,"time":179,"angle2":157.5,"angle":135},{"type":"hold","duration":2,"time":180,"angle2":90,"angle":157.5},{"type":"hold","duration":2,"time":182,"angle":90,"angle2":135},{"type":"hold","duration":4,"time":184,"angle2":105,"angle":135},{"type":"block","angle":45,"time":192},{"type":"block","angle":22.5,"time":192.25},{"type":"block","angle":0,"time":193.75},{"type":"block","angle":0,"time":194.25},{"type":"side","angle":270,"time":192.5},{"type":"hold","duration":0.25,"time":194.75,"angle":15,"angle2":-15},{"type":"hold","duration":0.25,"time":195,"angle":345,"angle2":375},{"type":"hold","duration":0.25,"time":195.25,"angle":15,"angle2":-30},{"type":"hold","duration":0.25,"time":195.5,"angle":330,"angle2":390},{"type":"block","angle":60,"time":196},{"type":"block","angle":37.5,"time":196.25},{"type":"block","angle":15,"time":197.75},{"type":"block","angle":15,"time":198.25},{"type":"hold","duration":0.25,"time":198.75,"angle":30,"angle2":0},{"type":"hold","duration":0.25,"time":199,"angle":360,"angle2":390},{"type":"hold","duration":0.25,"time":199.25,"angle":30,"angle2":-15},{"type":"hold","duration":0.25,"time":199.5,"angle":345,"angle2":405},{"type":"block","angle":90,"time":200},{"type":"block","angle":67.5,"time":200.25},{"type":"block","angle":45,"time":201.75},{"type":"block","angle":45,"time":202.25},{"type":"hold","duration":0.25,"time":202.75,"angle":60,"angle2":30},{"type":"hold","duration":0.25,"time":203,"angle":390,"angle2":420},{"type":"hold","duration":0.25,"time":203.25,"angle":60,"angle2":15},{"type":"hold","duration":0.25,"time":203.5,"angle":375,"angle2":435},{"type":"block","angle":90,"time":204},{"type":"block","angle":67.5,"time":204.25},{"type":"block","angle":45,"time":205.75},{"type":"block","angle":45,"time":206.25},{"type":"side","angle":375,"time":204.5},{"type":"hold","duration":0.25,"time":206.75,"angle":60,"angle2":30},{"type":"hold","duration":0.25,"time":207,"angle":390,"angle2":420},{"type":"hold","duration":0.25,"time":207.25,"angle2":15,"angle":60},{"type":"hold","duration":0.25,"time":207.5,"angle2":435,"angle":375},{"type":"block","angle":90,"time":208},{"type":"block","angle":67.5,"time":208.25},{"type":"block","angle":45,"time":209.75},{"type":"block","angle":45,"time":210.25},{"type":"side","angle":-45,"time":208.5},{"type":"hold","duration":0.25,"time":210.75,"angle":60,"angle2":30},{"type":"hold","duration":0.25,"time":211,"angle":390,"angle2":420},{"type":"hold","duration":0.25,"time":211.25,"angle":60,"angle2":15},{"type":"hold","duration":0.25,"time":211.5,"angle":375,"angle2":435},{"type":"block","angle":90,"time":212},{"type":"block","angle":67.5,"time":212.25},{"type":"block","angle":45,"time":213.75},{"type":"block","angle":45,"time":214.25},{"type":"block","angle":90,"time":216},{"type":"hold","duration":0.25,"time":214.75,"angle":60,"angle2":30},{"type":"hold","duration":0.25,"time":215,"angle":390,"angle2":420},{"type":"hold","duration":0.25,"time":215.25,"angle":60,"angle2":15},{"type":"hold","duration":0.25,"time":215.5,"angle":375,"angle2":435},{"type":"block","time":216.5,"angle":90,"speedMult":2},{"type":"block","time":217,"angle":90,"speedMult":2},{"type":"inverse","time":219,"angle":90,"speedMult":2},{"type":"block","time":219.25,"angle":90,"speedMult":2},{"type":"inverse","time":219.5,"angle":90,"speedMult":2},{"type":"inverse","time":219.75,"angle":90,"speedMult":2},{"type":"block","time":220.5,"angle":270,"speedMult":2},{"type":"block","time":221,"angle":270,"speedMult":2},{"type":"inverse","time":223,"angle":270,"speedMult":2},{"type":"block","time":223.25,"angle":270,"speedMult":2},{"type":"inverse","time":223.5,"angle":270,"speedMult":2},{"type":"inverse","time":223.75,"angle":270,"speedMult":2},{"type":"side","angle":180,"time":224},{"type":"block","angle":270,"time":224.5},{"type":"inverse","angle":270,"time":225},{"type":"block","angle":255,"time":226},{"type":"block","angle":270,"time":226.25},{"type":"block","angle":270,"time":226.5},{"type":"block","angle":270,"time":226.75},{"type":"block","angle":90,"time":228.75},{"type":"inverse","angle":90,"time":229.25},{"type":"block","angle":60,"time":229.5},{"type":"block","angle":75,"time":230.25},{"type":"block","angle":90,"time":230.5},{"type":"block","angle":90,"time":230.75},{"type":"block","angle":90,"time":231},{"type":"side","angle":15,"time":231.25},{"type":"block","angle":0,"time":232.75},{"type":"inverse","angle":0,"time":233.25},{"type":"block","angle":-30,"time":233.5},{"type":"block","angle":-15,"time":234.25},{"type":"block","angle":0,"time":234.5},{"type":"block","angle":0,"time":234.75},{"type":"block","angle":-15,"time":235},{"type":"block","angle":180,"time":236.75},{"type":"inverse","angle":180,"time":237.25},{"type":"block","angle":150,"time":237.5},{"type":"block","angle":165,"time":238.25},{"type":"block","angle":180,"time":238.5},{"type":"block","angle":180,"time":238.75},{"type":"block","angle":165,"time":239},{"type":"block","angle":270,"time":240.75},{"type":"inverse","angle":270,"time":241.25},{"type":"block","angle":240,"time":241.5},{"type":"block","angle":255,"time":242.25},{"type":"block","angle":270,"time":242.5},{"type":"block","angle":270,"time":242.75},{"type":"block","angle":255,"time":243},{"type":"block","angle":90,"time":244.75},{"type":"inverse","angle":90,"time":245.25},{"type":"block","angle":60,"time":245.5},{"type":"block","angle":75,"time":246.25},{"type":"block","angle":90,"time":246.5},{"type":"block","angle":90,"time":246.75},{"type":"block","angle":75,"time":247},{"type":"side","angle":270,"time":248},{"type":"block","angle":360,"time":248.5},{"type":"inverse","angle":360,"time":249},{"type":"block","angle":330,"time":249.25},{"type":"block","angle":345,"time":250},{"type":"block","angle":360,"time":250.25},{"type":"block","angle":360,"time":250.5},{"type":"block","angle":360,"time":250.75},{"type":"block","angle":360,"time":251},{"type":"block","angle":45,"time":228},{"type":"block","angle":315,"time":232},{"type":"block","angle":135,"time":236},{"type":"block","angle":225,"time":240},{"type":"side","angle":435,"time":252},{"type":"block","angle":450,"time":252.5},{"type":"inverse","angle":450,"time":253},{"type":"block","angle":420,"time":253.25},{"type":"block","angle":435,"time":254},{"type":"block","angle":450,"time":254.25},{"type":"block","angle":405,"time":254.5},{"type":"block","angle":382.5,"time":254.75},{"type":"block","angle":337.5,"time":255},{"type":"inverse","angle":510,"time":256.5},{"type":"block","angle":480,"time":256.75},{"type":"block","angle":495,"time":257.5},{"type":"block","angle":532.5,"time":257.75},{"type":"block","angle":555,"time":258},{"type":"block","angle":510,"time":258.25},{"type":"block","angle":442.5,"time":258.5},{"type":"side","angle":607.5,"time":259.5},{"type":"block","angle":585,"time":260},{"type":"inverse","angle":585,"time":260.5},{"type":"block","angle":555,"time":260.75},{"type":"block","angle":570,"time":261.5},{"type":"block","angle":607.5,"time":261.75},{"type":"block","angle":585,"time":262},{"type":"block","angle":585,"time":262.25},{"type":"block","angle":585,"time":262.5},{"type":"block","angle":270,"time":264.25},{"type":"inverse","angle":270,"time":264.75},{"type":"block","angle":240,"time":265},{"type":"block","angle":255,"time":265.75},{"type":"block","angle":247.5,"time":266},{"type":"block","angle":315,"time":266.25},{"type":"block","angle":270,"time":266.5},{"type":"block","angle":270,"time":266.75},{"type":"side","angle":300,"time":267.75},{"type":"block","angle":360,"time":268.25},{"type":"inverse","angle":360,"time":268.75},{"type":"block","angle":330,"time":269},{"type":"block","angle":345,"time":269.75},{"type":"block","angle":360,"time":270},{"type":"block","angle":360,"time":270.25},{"type":"block","angle":315,"time":270.5},{"type":"block","angle":292.5,"time":270.75},{"type":"side","angle":390,"time":271.75},{"type":"block","angle":420,"time":272.25},{"type":"inverse","angle":420,"time":272.75},{"type":"block","angle":390,"time":273},{"type":"side","angle":435,"time":273.5},{"type":"block","angle":405,"time":273.75},{"type":"block","angle":420,"time":274},{"type":"block","angle":442.5,"time":274.25},{"type":"block","angle":487.5,"time":274.5},{"type":"block","angle":510,"time":274.75},{"type":"side","angle":382.5,"time":275.75},{"type":"block","angle":405,"time":276.25},{"type":"inverse","angle":405,"time":276.75},{"type":"block","angle":375,"time":277},{"type":"side","angle":420,"time":277.5},{"type":"block","angle":390,"time":277.75},{"type":"block","angle":405,"time":278},{"type":"block","angle":405,"time":278.25},{"type":"block","angle":405,"time":278.5},{"type":"block","angle":405,"time":278.75},{"type":"side","angle":367.5,"time":279.75},{"type":"block","angle":360,"time":280},{"type":"block","angle":315,"time":280.25},{"type":"block","angle":360,"time":280.5},{"type":"block","angle":0,"time":281},{"type":"block","angle":360,"time":281.75},{"type":"block","angle":0,"time":282.25},{"type":"block","angle":0,"time":282.75},{"type":"block","angle":0,"time":283},{"type":"block","angle":0,"time":283.25},{"type":"block","angle":0,"time":283.5},{"type":"block","angle":0,"time":283.75},{"type":"block","angle":375,"time":284},{"type":"block","angle":330,"time":284.25},{"type":"block","angle":375,"time":284.5},{"type":"block","angle":15,"time":285},{"type":"block","angle":375,"time":285.75},{"type":"block","angle":15,"time":286.25},{"type":"block","angle":15,"time":286.75},{"type":"block","angle":15,"time":287},{"type":"block","angle":15,"time":287.25},{"type":"block","angle":15,"time":287.5},{"type":"block","angle":15,"time":287.75},{"type":"block","angle":390,"time":288},{"type":"block","angle":345,"time":288.25},{"type":"block","angle":390,"time":288.5},{"type":"block","angle":30,"time":289},{"type":"block","angle":390,"time":289.75},{"type":"block","angle":30,"time":290.25},{"type":"block","angle":30,"time":290.75},{"type":"block","angle":30,"time":291},{"type":"block","angle":30,"time":291.25},{"type":"block","angle":30,"time":291.5},{"type":"block","angle":30,"time":291.75},{"type":"block","angle":405,"time":292},{"type":"block","angle":360,"time":292.25},{"type":"block","angle":405,"time":292.5},{"type":"block","angle":45,"time":293},{"type":"block","angle":405,"time":293.75},{"type":"block","angle":45,"time":294.25},{"type":"block","angle":45,"time":294.75},{"type":"block","angle":45,"time":295},{"type":"block","angle":45,"time":295.25},{"type":"block","angle":45,"time":295.5},{"type":"block","angle":45,"time":295.75},{"type":"block","angle":420,"time":296},{"type":"block","angle":465,"time":296.25},{"type":"block","angle":420,"time":296.5},{"type":"block","angle":60,"time":297},{"type":"block","angle":420,"time":297.75},{"type":"block","angle":60,"time":298.25},{"type":"block","angle":60,"time":298.75},{"type":"block","angle":60,"time":299},{"type":"block","angle":60,"time":299.25},{"type":"block","angle":60,"time":299.5},{"type":"block","angle":60,"time":299.75},{"type":"block","angle":435,"time":300},{"type":"block","angle":390,"time":300.25},{"type":"block","angle":435,"time":300.5},{"type":"block","angle":75,"time":301},{"type":"block","angle":435,"time":301.75},{"type":"block","angle":75,"time":302.25},{"type":"block","angle":75,"time":302.75},{"type":"block","angle":75,"time":303},{"type":"block","angle":75,"time":303.25},{"type":"block","angle":75,"time":303.5},{"type":"block","angle":75,"time":303.75},{"type":"block","angle":450,"time":304},{"type":"block","angle":495,"time":304.25},{"type":"block","angle":450,"time":304.5},{"type":"block","angle":90,"time":305},{"type":"block","angle":450,"time":305.75},{"type":"block","angle":90,"time":306.25},{"type":"block","angle":90,"time":306.75},{"type":"block","angle":90,"time":307},{"type":"block","angle":90,"time":307.25},{"type":"block","angle":90,"time":307.5},{"type":"block","angle":90,"time":307.75},{"type":"block","angle":450,"time":308},{"type":"block","angle":405,"time":308.25},{"type":"block","angle":450,"time":308.5},{"type":"block","angle":90,"time":309},{"type":"block","angle":450,"time":309.75},{"type":"block","angle":90,"time":310.25},{"type":"block","angle":90,"time":310.75},{"type":"block","angle":90,"time":311},{"type":"block","angle":90,"time":311.25},{"type":"block","angle":90,"time":311.5},{"type":"block","angle":90,"time":311.75},{"type":"block","time":312,"tap":true,"angle":90},{"type":"extraTap","angle":180,"time":81},{"type":"extraTap","angle":180,"time":82},{"type":"extraTap","angle":180,"time":86},{"type":"side","angle":337.5,"time":212.5},{"type":"side","angle":315,"time":196.5},{"type":"side","angle":360,"time":200.5},{"type":"block","angle":0,"time":3},{"type":"block","angle":157.5,"time":136.5},{"type":"block","angle":22.5,"time":193},{"type":"block","angle":67.5,"time":197},{"type":"block","angle":90,"time":201},{"type":"block","angle":90,"time":209},{"type":"block","angle":90,"time":205},{"type":"block","time":218,"angle":45,"speedMult":2},{"type":"block","time":218.5,"angle":112.5,"speedMult":2},{"type":"block","time":222,"angle":225,"speedMult":2},{"type":"block","time":222.5,"angle":292.5,"speedMult":2},{"type":"block","angle":315,"time":225.75},{"type":"block","angle":225,"time":225.25},{"type":"block","angle":292.5,"time":227},{"type":"side","angle":360,"time":227.25},{"type":"block","angle":90,"time":230},{"type":"block","angle":90,"time":213},{"type":"block","angle":382.5,"time":232.25},{"type":"block","angle":45,"time":234},{"type":"block","angle":45,"time":235.25},{"type":"block","angle":112.5,"time":236.25},{"type":"block","angle":202.5,"time":238},{"type":"block","angle":225,"time":239.25},{"type":"block","angle":292.5,"time":242},{"type":"block","angle":292.5,"time":243.25},{"type":"side","angle":382.5,"time":244},{"type":"block","angle":45,"time":244.25},{"type":"block","angle":157.5,"time":256},{"type":"block","angle":202.5,"time":257.25},{"type":"block","angle":247.5,"time":240.25},{"type":"block","angle":135,"time":246},{"type":"block","angle":157.5,"time":247.25},{"type":"block","angle":45,"time":249.75},{"type":"block","angle":292.5,"time":251.5},{"type":"block","angle":157.5,"time":253.75},{"type":"side","angle":90,"time":255.5},{"type":"block","angle":67.5,"time":259},{"type":"block","angle":270,"time":261.25},{"type":"side","angle":337.5,"time":263},{"type":"block","angle":315,"time":263.5},{"type":"block","angle":315,"time":265.25},{"type":"block","angle":225,"time":267.25},{"type":"block","angle":112.5,"time":275.25},{"type":"block","angle":45,"time":269.5},{"type":"block","angle":292.5,"time":271.25},{"type":"block","angle":135,"time":279.25},{"type":"block","angle":180,"time":106},{"type":"block","angle":90,"time":106.5},{"type":"inverse","angle":180,"time":107},{"type":"inverse","angle":90,"time":107.5},{"type":"mineHold","duration":1,"time":105,"angle":270,"angle2":225},{"type":"mineHold","duration":1,"time":105,"angle2":292.5,"angle":292.5},{"type":"mineHold","duration":1,"time":105,"angle":315,"angle2":315},{"type":"mineHold","duration":1,"time":105,"angle":337.5,"angle2":382.5},{"type":"mineHold","duration":1,"time":114,"angle2":67.5,"angle":22.5},{"type":"mineHold","duration":1,"time":115,"angle2":-67.5,"angle":67.5},{"type":"mineHold","duration":1,"time":116,"angle":292.5,"angle2":450},{"type":"mineHold","duration":1,"time":117,"angle":90,"angle2":67.5},{"type":"mineHold","duration":1,"time":118,"angle":67.5,"angle2":-45},{"type":"mineHold","duration":1,"time":119,"holdEase":"inBack","angle2":292.5,"angle":315},{"type":"mineHold","duration":1,"time":120,"angle":292.5,"angle2":90},{"type":"mineHold","duration":3,"time":176,"angle2":157.5,"angle":112.5},{"type":"mineHold","duration":3,"time":176,"angle":67.5,"angle2":112.5},{"type":"mineHold","duration":8,"time":168,"angle":67.5,"angle2":112.5},{"type":"mineHold","duration":8,"time":168,"angle":22.5,"angle2":67.5},{"type":"mineHold","duration":2,"time":180,"angle2":112.5,"angle":180},{"type":"mineHold","duration":2,"time":180,"angle2":67.5,"angle":135},{"type":"mineHold","duration":1,"time":179,"angle2":180,"angle":157.5},{"type":"mineHold","duration":1,"time":179,"angle2":135,"angle":112.5},{"type":"mineHold","duration":2,"time":182,"angle2":112.5,"angle":67.5},{"type":"mineHold","duration":2,"time":182,"angle2":157.5,"angle":112.5},{"type":"mineHold","duration":1,"time":184,"angle2":157.5,"angle":157.5},{"type":"mineHold","duration":1,"time":184,"angle":112.5,"angle2":67.5}]