{"events":[{"file":"megalovaniacharting.ogg","volume":1,"bpm":120,"angle":180,"type":"play","time":0},{"b":255,"color":1,"time":31,"ease":"linear","type":"setColor","duration":1,"g":255,"r":255,"angle":90},{"b":0,"color":0,"time":31,"ease":"linear","type":"setColor","duration":1,"g":0,"r":0,"angle":112.5},{"type":"outline","enable":true,"time":32,"angle":135,"color":1},{"type":"showResults","angle":180,"time":316},{"recolor":1,"time":0,"id":"bones","angle":90,"oy":280,"type":"deco","ox":300,"sprite":"bones.png","sy":2.0000002384186,"x":300,"y":180},{"time":16,"id":"bones","angle":202.5,"type":"deco","duration":2,"ease":"outElastic","sy":1,"x":300,"y":180},{"type":"paddles","duration":0,"time":160,"newWidth":20,"angle":360,"paddle":1,"ease":"linear"},{"type":"paddles","duration":0,"time":188,"newWidth":60,"angle":105,"paddle":1,"ease":"linear"},{"type":"setColor","duration":0.25,"time":312,"r":255,"angle":112.5,"color":0},{"type":"setColor","duration":0.25,"time":312,"r":255,"angle":67.5,"color":1,"ease":"linear"},{"type":"deco","duration":0.25,"time":312,"id":"bones","ease":"inOutElastic","x":1200,"angle":270},{"b":255,"color":0,"time":313.25,"ease":"linear","type":"setColor","duration":1,"g":255,"r":255,"angle":67.5},{"b":0,"color":1,"time":313.25,"ease":"linear","type":"setColor","duration":1,"g":0,"r":0,"angle":112.5},{"type":"ease","value":24,"time":16,"angle":225,"ease":"linear","var":"vfx.comboY","duration":1},{"type":"forcePlayerSprite","time":312,"angle":135,"spriteName":"none"},{"time":312,"id":"face","ox":16,"oy":16,"type":"deco","angle":180,"sprite":"face.png","x":300,"y":180},{"time":313,"id":"face","ease":"linear","type":"deco","duration":2,"sx":0,"sy":0,"angle":90},{"b":242,"color":1,"time":192,"angle":0,"type":"setColor","duration":0.5,"g":255,"r":132,"ease":"inSine"},{"b":64,"color":1,"time":196,"angle":0,"type":"setColor","duration":0.5,"g":255,"r":255,"ease":"linear"},{"b":242,"color":1,"time":200,"angle":0,"type":"setColor","duration":0.5,"g":255,"r":132,"ease":"inSine"},{"b":242,"color":1,"time":208,"angle":0,"type":"setColor","duration":0.5,"g":255,"r":132,"ease":"inSine"},{"b":255,"color":1,"time":216,"angle":0,"type":"setColor","duration":0.5,"g":255,"r":255,"ease":"inSine"},{"b":64,"color":1,"time":212,"angle":0,"type":"setColor","duration":0.5,"g":255,"r":255,"ease":"inSine"},{"b":64,"color":1,"time":204,"angle":0,"type":"setColor","duration":0.5,"g":255,"r":255,"ease":"linear"},{"type":"ease","value":275,"time":287.75,"duration":0.5,"angle":450,"var":"p.x","ease":"linear"},{"type":"ease","value":250,"time":291.75,"duration":0.5,"angle":450,"var":"p.x","ease":"linear"},{"type":"ease","value":225,"time":295.75,"duration":0.5,"angle":450,"var":"p.x","ease":"linear"},{"type":"ease","value":200,"time":299.75,"duration":0.5,"angle":450,"var":"p.x","ease":"linear"},{"type":"ease","value":175,"time":303.75,"duration":0.5,"angle":450,"var":"p.x","ease":"linear"},{"type":"ease","value":300,"time":311.5,"duration":0.5,"angle":360,"var":"p.x","ease":"inSine"}],"properties":{"speed":75,"offset":8,"startBeat":0,"formatversion":12},"metadata":{"songName":"MEGALOVANIA","description":"It was bound to happen eventually...","artist":"Toby Fox","charter":"Frogballoon","bgData":{"blueChannel":{"b":242,"g":255,"r":132},"redChannel":{"b":64,"g":255,"r":255},"image":"sansbg.png"},"bg":true,"difficulty":8,"artistLink":""}}