[{"time":2.25,"type":"block","angle":270},{"time":2.75,"type":"block","angle":292.5},{"time":1.25,"type":"block","angle":315},{"time":3.25,"type":"block","angle":326.25},{"time":4.25,"type":"block","angle":303.75},{"time":5.25,"type":"block","angle":348.75},{"time":5.75,"type":"block","angle":315},{"time":6.25,"type":"block","angle":292.5},{"time":6.75,"type":"block","angle":270},{"time":7.25,"type":"block","angle":247.5},{"time":8.25,"type":"block","angle":157.5},{"time":9.25,"type":"block","angle":360},{"time":10.25,"type":"block","angle":292.5},{"time":11.25,"type":"block","angle":225},{"time":11,"type":"block","angle":247.5},{"time":13.25,"type":"block","angle":180},{"time":14.25,"type":"block","angle":180},{"time":15,"type":"block","angle":360},{"time":15.25,"type":"block","angle":360},{"time":16.5,"type":"extraTap","angle":360},{"time":17.25,"type":"extraTap","angle":0},{"time":17.75,"duration":1,"angle2":22.5,"type":"hold","angle":45},{"time":18.25,"tap":true,"type":"block","angle":22.5},{"time":19.25,"duration":1,"angle2":348.75,"type":"hold","angle":326.25},{"time":20.75,"tap":true,"type":"block","angle":348.75},{"time":21.25,"type":"block","angle":348.75},{"time":21.75,"tap":true,"type":"block","angle":348.75},{"time":22.25,"type":"block","angle":348.75},{"time":22.75,"tap":true,"type":"block","angle":33.75},{"time":23.25,"duration":1,"angle2":236.25,"type":"hold","startTap":true,"endTap":true,"angle":22.5},{"time":25.25,"type":"block","angle":247.5},{"time":25.75,"tap":true,"type":"block","angle":225},{"time":26.25,"duration":1,"angle2":213.75,"type":"hold","angle":247.5},{"time":27.75,"type":"block","angle":213.75},{"time":28.25,"type":"block","angle":202.5},{"time":28.75,"duration":1,"angle2":180,"type":"hold","angle":180},{"time":30.25,"type":"mine","angle":225},{"time":30.25,"type":"mine","angle":236.25},{"time":30.25,"type":"mine","angle":247.5},{"time":30.25,"type":"mine","angle":258.75},{"time":30.25,"type":"mine","angle":270},{"time":30.25,"type":"mine","angle":303.75},{"time":30.25,"type":"mine","angle":292.5},{"time":30.25,"type":"mine","angle":281.25},{"time":30.25,"type":"mine","angle":326.25},{"time":30.25,"type":"mine","angle":337.5},{"time":30.25,"type":"mine","angle":0},{"time":30.25,"type":"mine","angle":348.75},{"time":30.25,"type":"mine","angle":11.25},{"time":30.25,"type":"mine","angle":22.5},{"time":30.25,"type":"mine","angle":33.75},{"time":30.25,"type":"mine","angle":45},{"time":30.25,"type":"mine","angle":56.25},{"time":30.25,"type":"mine","angle":67.5},{"time":30.25,"type":"mine","angle":78.75},{"time":30.25,"type":"mine","angle":90},{"time":30.25,"type":"mine","angle":112.5},{"time":30.25,"type":"mine","angle":123.75},{"time":30.25,"type":"mine","angle":135},{"time":30.25,"type":"mine","angle":315},{"time":30.25,"type":"mine","angle":101.25},{"time":30.75,"duration":1,"angle2":146.25,"type":"hold","angle":180},{"time":31.25,"tap":true,"type":"block","angle":157.5},{"time":31.75,"duration":1,"angle2":225,"type":"hold","angle":146.25},{"time":32.25,"tap":true,"type":"block","angle":191.25},{"time":33.25,"type":"extraTap","angle":180},{"time":33.75,"type":"block","angle":360},{"time":34.75,"type":"block","angle":360},{"time":35.25,"type":"side","angle":303.75},{"time":34.25,"type":"side","angle":67.5},{"time":35.75,"tap":true,"type":"block","angle":270},{"time":36.25,"type":"block","angle":270},{"time":36.75,"duration":1,"angle2":90,"type":"hold","angle":270},{"time":38.25,"tap":true,"type":"block","angle":67.5},{"time":38.75,"type":"block","angle":45},{"time":39.5,"duration":1,"angle2":326.25,"type":"hold","startTap":true,"endTap":true,"angle":33.75},{"time":40.75,"type":"block","angle":326.25},{"time":41,"type":"block","angle":337.5},{"time":41.25,"type":"block","angle":348.75},{"time":41.75,"type":"block","angle":0},{"time":42.25,"duration":1,"angle2":315,"type":"hold","angle":360},{"time":42.75,"tap":true,"type":"block","angle":326.25},{"time":43.75,"type":"extraTap","angle":315},{"time":44.25,"type":"extraTap","angle":315},{"time":44.75,"type":"block","angle":180},{"time":45.25,"type":"block","angle":270},{"time":45.75,"tap":true,"type":"block","angle":270},{"time":46.25,"type":"block","angle":180},{"time":46.75,"tap":true,"type":"block","angle":180},{"time":47.25,"angle2":123.75,"duration":1,"type":"hold","endTap":true,"angle":180},{"time":48.25,"duration":1,"angle2":202.5,"type":"hold","angle":123.75},{"time":49.25,"type":"extraTap","angle":213.75},{"time":49.75,"angle2":303.75,"duration":1,"type":"hold","endTap":true,"angle":360},{"time":50,"tap":true,"type":"block","angle":337.5},{"time":50.25,"type":"block","angle":326.25},{"time":50.5,"tap":true,"type":"block","angle":315},{"time":50.25,"tap":true,"type":"block","angle":326.25},{"time":51.25,"angle2":123.75,"duration":1,"type":"hold","endTap":true,"angle":180},{"time":51,"type":"side","angle":236.25},{"time":51.75,"tap":true,"type":"block","angle":146.25},{"time":52.5,"tap":true,"type":"block","angle":112.5},{"time":52.75,"tap":true,"type":"block","angle":101.25},{"time":53.25,"type":"side","angle":33.75},{"time":53.5,"type":"side","angle":146.25},{"time":53.75,"type":"block","angle":146.25},{"time":54.75,"type":"block","angle":146.25},{"time":54.5,"tap":true,"type":"block","angle":146.25},{"time":55,"tap":true,"type":"block","angle":146.25},{"time":55.5,"duration":1,"angle2":348.75,"type":"hold","angle":146.25},{"time":55.75,"tap":true,"type":"block","angle":202.5},{"time":56,"tap":true,"type":"block","angle":247.5},{"time":56.75,"type":"extraTap","angle":348.75},{"time":57.25,"type":"extraTap","angle":348.75},{"time":57.75,"type":"block","angle":337.5},{"time":58,"type":"block","angle":337.5},{"time":58.25,"type":"block","angle":315},{"time":58.5,"type":"block","angle":337.5},{"time":58.75,"type":"block","angle":326.25},{"time":59,"type":"block","angle":303.75},{"time":59.5,"type":"block","angle":135},{"time":59.75,"type":"block","angle":135},{"time":60,"type":"block","angle":146.25},{"time":60.25,"type":"block","angle":123.75},{"time":60.5,"type":"block","angle":135},{"time":60.75,"type":"block","angle":157.5},{"time":61,"type":"block","angle":146.25},{"time":61.75,"type":"block","angle":360},{"time":61.5,"type":"block","angle":360},{"time":62.25,"type":"block","angle":0},{"time":62.75,"type":"block","angle":360},{"time":62,"type":"block","angle":337.5},{"time":62.5,"type":"block","angle":22.5},{"time":63,"type":"block","angle":22.5},{"time":63.25,"type":"block","angle":360},{"time":63.75,"type":"block","angle":360},{"time":64.25,"duration":1,"angle2":180,"type":"hold","angle":0},{"time":65.75,"type":"block","angle":180},{"time":66,"type":"block","angle":180},{"time":66.25,"type":"block","angle":191.25},{"time":66.5,"type":"block","angle":168.75},{"time":66.75,"type":"block","angle":191.25},{"time":66,"type":"mine","angle":225},{"time":66,"type":"mine","angle":135},{"time":65.75,"type":"mine","angle":135},{"time":65.75,"type":"mine","angle":225},{"time":67,"type":"mine","angle":225},{"time":66.25,"type":"mine","angle":225},{"time":66.5,"type":"mine","angle":225},{"time":66.75,"type":"mine","angle":225},{"time":66.25,"type":"mine","angle":135},{"time":66.75,"type":"mine","angle":135},{"time":66.5,"type":"mine","angle":135},{"time":67,"type":"mine","angle":135},{"time":67,"type":"block","angle":157.5},{"time":67.25,"type":"block","angle":191.25},{"time":67.25,"type":"mine","angle":225},{"time":67.5,"type":"mine","angle":225},{"time":67.25,"type":"mine","angle":135},{"time":67.5,"type":"mine","angle":135},{"time":67.75,"type":"block","angle":0},{"time":68,"type":"block","angle":0},{"time":68.25,"type":"block","angle":348.75},{"time":68.5,"type":"block","angle":11.25},{"time":68.75,"type":"block","angle":0},{"time":69,"type":"block","angle":337.5},{"time":69.25,"type":"block","angle":22.5},{"time":67.75,"type":"mine","angle":315},{"time":67.75,"type":"mine","angle":45},{"time":68,"type":"mine","angle":45},{"time":68.25,"type":"mine","angle":45},{"time":68.5,"type":"mine","angle":45},{"time":68.75,"type":"mine","angle":45},{"time":69,"type":"mine","angle":45},{"time":69.25,"type":"mine","angle":45},{"time":68,"type":"mine","angle":315},{"time":68.25,"type":"mine","angle":315},{"time":68.5,"type":"mine","angle":315},{"time":68.75,"type":"mine","angle":315},{"time":69,"type":"mine","angle":315},{"time":69.25,"type":"mine","angle":315},{"time":67.75,"type":"mine","angle":225},{"time":67.75,"type":"mine","angle":236.25},{"time":67.75,"type":"mine","angle":247.5},{"time":67.75,"type":"mine","angle":258.75},{"time":67.75,"type":"mine","angle":270},{"time":67.75,"type":"mine","angle":281.25},{"time":67.75,"type":"mine","angle":281.25},{"time":67.75,"type":"mine","angle":292.5},{"time":67.75,"type":"mine","angle":303.75},{"time":67.75,"type":"mine","angle":67.5},{"time":67.75,"type":"mine","angle":56.25},{"time":67.75,"type":"mine","angle":78.75},{"time":67.75,"type":"mine","angle":90},{"time":67.75,"type":"mine","angle":101.25},{"time":67.75,"type":"mine","angle":112.5},{"time":67.75,"type":"mine","angle":123.75},{"time":67.75,"type":"mine","angle":135},{"time":69.75,"duration":1,"angle2":180,"type":"hold","angle":360},{"time":70.75,"duration":1,"angle2":281.25,"type":"hold","angle":180},{"time":70,"type":"block","angle":292.5},{"time":70.25,"type":"block","angle":270},{"time":70.5,"type":"block","angle":225},{"time":70.75,"type":"block","angle":202.5},{"time":71.75,"duration":1,"angle2":146.25,"type":"hold","angle":281.25},{"time":71.5,"tap":true,"type":"block","angle":258.75},{"time":72.25,"tap":true,"type":"block","angle":202.5},{"time":73.75,"type":"block","angle":168.75},{"time":74.25,"type":"block","angle":168.75},{"time":74.75,"type":"block","angle":168.75},{"time":75,"type":"block","angle":168.75},{"time":74.5,"type":"block","angle":168.75},{"time":73,"duration":1,"angle2":112.5,"type":"mineHold","angle":78.75},{"time":73,"duration":1,"angle2":225,"type":"mineHold","angle":202.5},{"time":74,"duration":1,"angle2":225,"type":"mineHold","angle":225},{"time":74,"duration":1,"angle2":112.5,"type":"mineHold","angle":112.5},{"time":75.5,"type":"block","angle":135},{"time":76.75,"type":"block","angle":135},{"time":76.25,"type":"block","angle":135},{"time":75.75,"type":"block","angle":157.5},{"time":76,"type":"block","angle":112.5},{"time":76.5,"type":"block","angle":157.5},{"time":77,"type":"block","angle":135},{"time":76,"duration":1,"angle2":78.75,"type":"mineHold","angle":0},{"time":76,"duration":1,"angle2":191.25,"type":"mineHold","angle":292.5},{"time":76,"duration":1,"angle2":326.25,"type":"mineHold","angle":292.5},{"time":76,"duration":1,"angle2":326.25,"type":"mineHold","angle":360},{"time":77.5,"type":"block","angle":101.25},{"time":78,"type":"block","angle":360},{"time":77.75,"type":"block","angle":360},{"time":78.25,"type":"block","angle":360},{"time":78.75,"type":"block","angle":0},{"time":78.5,"type":"block","angle":0},{"time":79,"type":"block","angle":360},{"time":79.25,"type":"block","angle":0},{"time":79.75,"type":"block","angle":0},{"time":80.25,"type":"block","angle":0},{"time":80.75,"type":"block","angle":0},{"time":81.25,"duration":1,"angle2":180,"startTap":true,"type":"hold","angle":0},{"time":82.25,"duration":1,"angle2":360,"type":"hold","angle":180},{"time":83.25,"duration":1,"angle2":180,"type":"hold","angle":0},{"time":81,"duration":1,"angle2":225,"type":"mineHold","angle":45},{"time":81.75,"duration":1,"angle2":146.25,"type":"mineHold","angle":0},{"time":85.25,"type":"block","angle":180},{"time":85.75,"type":"block","angle":180},{"time":86.25,"type":"block","angle":180},{"time":86,"type":"block","angle":180},{"time":85,"type":"block","angle":180},{"time":86.5,"type":"block","angle":180},{"time":87,"duration":1,"angle2":213.75,"type":"hold","angle":180},{"time":88.25,"type":"block","angle":213.75},{"time":88.75,"type":"block","angle":225},{"time":89,"type":"block","angle":236.25},{"time":89.25,"duration":1,"angle2":326.25,"type":"hold","angle":236.25},{"time":87.75,"tap":true,"type":"block","angle":213.75},{"time":90.25,"duration":1,"angle2":292.5,"type":"hold","angle":326.25},{"time":91.25,"duration":1,"angle2":315,"type":"hold","angle":292.5},{"time":93.75,"type":"block","angle":360},{"time":93.25,"type":"block","angle":360},{"time":94.5,"type":"block","angle":0},{"time":95,"type":"block","angle":0},{"time":94,"type":"side","angle":303.75},{"time":94.25,"type":"side","angle":56.25},{"time":95.5,"type":"block","angle":67.5},{"time":96,"type":"block","angle":112.5},{"time":96.5,"type":"block","angle":135},{"time":97,"duration":1,"angle2":247.5,"type":"hold","angle":168.75},{"time":98,"duration":1,"angle2":360,"type":"hold","angle":247.5},{"time":99,"duration":1,"angle2":157.5,"type":"hold","angle":0},{"time":101,"type":"block","angle":180},{"time":101.25,"type":"block","angle":191.25},{"time":101.75,"type":"block","angle":202.5},{"time":102,"type":"block","angle":225},{"time":102.25,"type":"block","angle":247.5},{"time":102.5,"type":"block","angle":258.75},{"time":103,"tap":true,"type":"block","angle":270},{"time":103.75,"type":"block","angle":360},{"time":104,"type":"block","angle":360},{"time":104.5,"type":"block","angle":0},{"time":105.25,"duration":1,"angle2":78.75,"type":"hold","angle":360},{"time":106.25,"duration":1,"angle2":0,"startTap":true,"type":"hold","angle":78.75},{"time":107.25,"duration":1,"angle2":303.75,"startTap":true,"type":"hold","angle":360},{"time":109.25,"type":"block","angle":270},{"time":109.75,"type":"block","angle":270},{"time":110.5,"type":"block","angle":270},{"time":111,"type":"block","angle":270},{"time":110,"type":"block","angle":247.5},{"time":110.25,"type":"block","angle":292.5},{"time":111.5,"duration":1,"angle2":123.75,"type":"hold","angle":270},{"time":112.25,"type":"block","angle":157.5},{"time":112,"tap":true,"type":"block","angle":202.5},{"time":113.25,"duration":1,"angle2":11.25,"type":"hold","angle":112.5},{"time":114.25,"duration":1,"angle2":281.25,"type":"hold","angle":11.25},{"time":115.25,"duration":1,"angle2":0,"type":"hold","angle":281.25},{"time":116.25,"duration":1,"angle2":168.75,"type":"hold","angle":360},{"time":117.25,"duration":1,"angle2":0,"type":"hold","angle":168.75},{"time":118.25,"duration":1,"angle2":157.5,"type":"hold","angle":360},{"time":119.25,"duration":1,"angle2":0,"type":"hold","angle":157.5},{"time":120.25,"duration":1,"angle2":303.75,"type":"hold","angle":360},{"time":120.75,"tap":true,"type":"block","angle":326.25},{"time":121.25,"duration":1,"angle2":337.5,"type":"mineHold","angle":360},{"time":122.25,"duration":1,"angle2":315,"type":"mineHold","angle":337.5},{"time":121.25,"duration":1,"angle2":213.75,"type":"mineHold","angle":247.5},{"time":122.25,"duration":1,"angle2":191.25,"type":"mineHold","angle":213.75},{"time":123.25,"duration":1,"angle2":225,"type":"mineHold","angle":191.25},{"time":123.25,"duration":1,"angle2":337.5,"type":"mineHold","angle":315},{"time":124.25,"duration":1,"angle2":315,"type":"mineHold","angle":337.5},{"time":124.25,"duration":1,"angle2":202.5,"type":"mineHold","angle":225},{"time":125.25,"duration":1,"angle2":337.5,"type":"mineHold","angle":315},{"time":125.25,"duration":1,"angle2":225,"type":"mineHold","angle":202.5},{"time":126.25,"duration":1,"angle2":360,"type":"mineHold","angle":337.5},{"time":126.25,"duration":1,"angle2":247.5,"type":"mineHold","angle":225},{"time":127.25,"type":"extraTap","angle":180},{"time":127.5,"type":"extraTap","angle":180},{"time":127.25,"duration":1,"angle2":360,"type":"mineHold","angle":360},{"time":127.25,"duration":1,"angle2":247.5,"type":"mineHold","angle":247.5},{"time":128.25,"duration":1,"angle2":337.5,"type":"mineHold","angle":360},{"time":128.25,"duration":1,"angle2":225,"type":"mineHold","angle":247.5},{"time":129.25,"duration":1,"angle2":360,"type":"mineHold","angle":337.5},{"time":129.25,"duration":1,"angle2":247.5,"type":"mineHold","angle":225},{"time":130.25,"duration":1,"angle2":22.5,"type":"mineHold","angle":0},{"time":130.25,"duration":1,"angle2":270,"type":"mineHold","angle":247.5},{"time":131.25,"duration":1,"angle2":45,"type":"mineHold","angle":22.5},{"time":131.25,"duration":1,"angle2":292.5,"type":"mineHold","angle":270},{"time":132.25,"duration":1,"angle2":78.75,"type":"mineHold","angle":45},{"time":132.25,"duration":1,"angle2":326.25,"type":"mineHold","angle":292.5},{"time":133.25,"duration":1,"angle2":112.5,"type":"mineHold","angle":78.75},{"time":133.25,"duration":1,"angle2":360,"type":"mineHold","angle":326.25},{"time":134.25,"duration":1,"angle2":90,"type":"mineHold","angle":112.5},{"time":134.25,"duration":1,"angle2":337.5,"type":"mineHold","angle":360},{"time":135.25,"duration":1,"angle2":360,"type":"mineHold","angle":337.5},{"time":135.25,"duration":1,"angle2":112.5,"type":"mineHold","angle":90},{"time":136.25,"duration":1,"angle2":22.5,"type":"mineHold","angle":0},{"time":136.25,"duration":1,"angle2":135,"type":"mineHold","angle":112.5},{"time":137.25,"duration":1,"angle2":112.5,"type":"mineHold","angle":135},{"time":137.25,"duration":1,"angle2":0,"type":"mineHold","angle":22.5},{"time":138.25,"duration":1,"angle2":22.5,"type":"mineHold","angle":0},{"time":138.25,"duration":1,"angle2":135,"type":"mineHold","angle":112.5},{"time":139.25,"duration":1,"angle2":157.5,"type":"mineHold","angle":135},{"time":139.25,"duration":1,"angle2":45,"type":"mineHold","angle":22.5},{"time":140.25,"duration":1,"angle2":78.75,"type":"mineHold","angle":45},{"time":140.25,"duration":1,"angle2":191.25,"type":"mineHold","angle":157.5},{"time":141.25,"duration":1,"angle2":191.25,"type":"mineHold","angle":191.25},{"time":141.25,"duration":1,"angle2":78.75,"type":"mineHold","angle":78.75},{"time":142.25,"duration":1,"angle2":78.75,"type":"mineHold","angle":78.75},{"time":142.25,"duration":1,"angle2":191.25,"type":"mineHold","angle":191.25},{"time":143.25,"type":"extraTap","angle":90},{"time":143.5,"type":"extraTap","angle":90},{"time":144.25,"duration":1,"angle2":180,"type":"hold","angle":123.75},{"time":121.25,"type":"mine","angle":11.25},{"time":121.25,"type":"mine","angle":22.5},{"time":121.25,"type":"mine","angle":33.75},{"time":121.25,"type":"mine","angle":45},{"time":121.25,"type":"mine","angle":56.25},{"time":121.25,"type":"mine","angle":67.5},{"time":121.25,"type":"mine","angle":78.75},{"time":121.25,"type":"mine","angle":90},{"time":121.25,"type":"mine","angle":101.25},{"time":121.25,"type":"mine","angle":101.25},{"time":121.25,"type":"mine","angle":112.5},{"time":121.25,"type":"mine","angle":123.75},{"time":121.25,"type":"mine","angle":135},{"time":121.25,"type":"mine","angle":146.25},{"time":121.25,"type":"mine","angle":157.5},{"time":121.25,"type":"mine","angle":168.75},{"time":121.25,"type":"mine","angle":180},{"time":121.25,"type":"mine","angle":191.25},{"time":121.25,"type":"mine","angle":202.5},{"time":121.25,"type":"mine","angle":213.75},{"time":121.25,"type":"mine","angle":225},{"time":121.25,"type":"mine","angle":236.25},{"time":122.25,"type":"mine","angle":33.75},{"time":122.25,"type":"mine","angle":348.75},{"time":122.25,"type":"mine","angle":11.25},{"time":122.25,"type":"mine","angle":56.25},{"time":122.25,"type":"mine","angle":78.75},{"time":122.25,"type":"mine","angle":101.25},{"time":122.25,"type":"mine","angle":123.75},{"time":122.25,"type":"mine","angle":146.25},{"time":122.25,"type":"mine","angle":168.75},{"time":122.25,"type":"mine","angle":191.25},{"time":123.25,"type":"mine","angle":326.25},{"time":123.25,"type":"mine","angle":348.75},{"time":123.25,"type":"mine","angle":11.25},{"time":123.25,"type":"mine","angle":33.75},{"time":123.25,"type":"mine","angle":56.25},{"time":123.25,"type":"mine","angle":78.75},{"time":123.25,"type":"mine","angle":101.25},{"time":123.25,"type":"mine","angle":123.75},{"time":123.25,"type":"mine","angle":146.25},{"time":123.25,"type":"mine","angle":168.75},{"time":122,"type":"mine","angle":22.5},{"time":121.75,"type":"mine","angle":0},{"time":121.75,"type":"mine","angle":45},{"time":122,"type":"mine","angle":67.5},{"time":121.75,"type":"mine","angle":90},{"time":122,"type":"mine","angle":112.5},{"time":121.75,"type":"mine","angle":135},{"time":122,"type":"mine","angle":157.5},{"time":121.75,"type":"mine","angle":180},{"time":122,"type":"mine","angle":202.5},{"time":122,"type":"mine","angle":0},{"time":121.75,"type":"mine","angle":22.5},{"time":122,"type":"mine","angle":45},{"time":121.75,"type":"mine","angle":67.5},{"time":122,"type":"mine","angle":90},{"time":121.75,"type":"mine","angle":112.5},{"time":122,"type":"mine","angle":135},{"time":121.75,"type":"mine","angle":157.5},{"time":122,"type":"mine","angle":180},{"time":121.75,"type":"mine","angle":202.5},{"time":123,"type":"mine","angle":180},{"time":122.75,"type":"mine","angle":180},{"time":123,"type":"mine","angle":157.5},{"time":122.75,"type":"mine","angle":157.5},{"time":123,"type":"mine","angle":135},{"time":122.75,"type":"mine","angle":135},{"time":123,"type":"mine","angle":112.5},{"time":122.75,"type":"mine","angle":112.5},{"time":123,"type":"mine","angle":90},{"time":122.75,"type":"mine","angle":90},{"time":123,"type":"mine","angle":67.5},{"time":122.75,"type":"mine","angle":67.5},{"time":123,"type":"mine","angle":45},{"time":122.75,"type":"mine","angle":45},{"time":123,"type":"mine","angle":22.5},{"time":122.75,"type":"mine","angle":22.5},{"time":123,"type":"mine","angle":0},{"time":122.75,"type":"mine","angle":360},{"time":123,"type":"mine","angle":337.5},{"time":122.75,"type":"mine","angle":337.5},{"time":124.25,"type":"mine","angle":348.75},{"time":124.25,"type":"mine","angle":11.25},{"time":124.25,"type":"mine","angle":33.75},{"time":124.25,"type":"mine","angle":56.25},{"time":124.25,"type":"mine","angle":78.75},{"time":124.25,"type":"mine","angle":101.25},{"time":124.25,"type":"mine","angle":123.75},{"time":124.25,"type":"mine","angle":146.25},{"time":124.25,"type":"mine","angle":168.75},{"time":124.25,"type":"mine","angle":191.25},{"time":124.25,"type":"mine","angle":213.75},{"time":124,"type":"mine","angle":0},{"time":123.75,"type":"mine","angle":360},{"time":124,"type":"mine","angle":22.5},{"time":123.75,"type":"mine","angle":22.5},{"time":124,"type":"mine","angle":45},{"time":123.75,"type":"mine","angle":45},{"time":123.75,"type":"mine","angle":67.5},{"time":124,"type":"mine","angle":67.5},{"time":124,"type":"mine","angle":90},{"time":123.75,"type":"mine","angle":90},{"time":124,"type":"mine","angle":112.5},{"time":123.75,"type":"mine","angle":112.5},{"time":124,"type":"mine","angle":135},{"time":123.75,"type":"mine","angle":135},{"time":124,"type":"mine","angle":157.5},{"time":123.75,"type":"mine","angle":157.5},{"time":124,"type":"mine","angle":180},{"time":123.75,"type":"mine","angle":180},{"time":124,"type":"mine","angle":202.5},{"time":123.75,"type":"mine","angle":202.5},{"time":125.25,"type":"mine","angle":326.25},{"time":125.25,"type":"mine","angle":348.75},{"time":125.25,"type":"mine","angle":11.25},{"time":125.25,"type":"mine","angle":33.75},{"time":125.25,"type":"mine","angle":56.25},{"time":125.25,"type":"mine","angle":78.75},{"time":125.25,"type":"mine","angle":101.25},{"time":125.25,"type":"mine","angle":123.75},{"time":125.25,"type":"mine","angle":146.25},{"time":125.25,"type":"mine","angle":168.75},{"time":125.25,"type":"mine","angle":191.25},{"time":125,"type":"mine","angle":180},{"time":124.75,"type":"mine","angle":180},{"time":125,"type":"mine","angle":157.5},{"time":124.75,"type":"mine","angle":157.5},{"time":125,"type":"mine","angle":135},{"time":124.75,"type":"mine","angle":135},{"time":124.75,"type":"mine","angle":112.5},{"time":125,"type":"mine","angle":112.5},{"time":125,"type":"mine","angle":90},{"time":124.75,"type":"mine","angle":90},{"time":125,"type":"mine","angle":67.5},{"time":124.75,"type":"mine","angle":67.5},{"time":125,"type":"mine","angle":45},{"time":124.75,"type":"mine","angle":45},{"time":125,"type":"mine","angle":22.5},{"time":124.75,"type":"mine","angle":22.5},{"time":125,"type":"mine","angle":360},{"time":124.75,"type":"mine","angle":360},{"time":125,"type":"mine","angle":337.5},{"time":124.75,"type":"mine","angle":337.5},{"time":126.25,"type":"mine","angle":348.75},{"time":126.25,"type":"mine","angle":11.25},{"time":126.25,"type":"mine","angle":33.75},{"time":126.25,"type":"mine","angle":56.25},{"time":126.25,"type":"mine","angle":78.75},{"time":126.25,"type":"mine","angle":101.25},{"time":126.25,"type":"mine","angle":123.75},{"time":126.25,"type":"mine","angle":146.25},{"time":126.25,"type":"mine","angle":168.75},{"time":126.25,"type":"mine","angle":191.25},{"time":126.25,"type":"mine","angle":213.75},{"time":126,"type":"mine","angle":202.5},{"time":125.75,"type":"mine","angle":202.5},{"time":126,"type":"mine","angle":180},{"time":125.75,"type":"mine","angle":180},{"time":126,"type":"mine","angle":157.5},{"time":125.75,"type":"mine","angle":157.5},{"time":126,"type":"mine","angle":135},{"time":125.75,"type":"mine","angle":135},{"time":126,"type":"mine","angle":112.5},{"time":125.75,"type":"mine","angle":112.5},{"time":126,"type":"mine","angle":90},{"time":125.75,"type":"mine","angle":90},{"time":126,"type":"mine","angle":67.5},{"time":125.75,"type":"mine","angle":67.5},{"time":126,"type":"mine","angle":45},{"time":125.75,"type":"mine","angle":45},{"time":126,"type":"mine","angle":22.5},{"time":125.75,"type":"mine","angle":22.5},{"time":126,"type":"mine","angle":360},{"time":125.75,"type":"mine","angle":360},{"time":128.25,"type":"mine","angle":11.25},{"time":128.25,"type":"mine","angle":33.75},{"time":128.25,"type":"mine","angle":56.25},{"time":128.25,"type":"mine","angle":78.75},{"time":128.25,"type":"mine","angle":101.25},{"time":128.25,"type":"mine","angle":123.75},{"time":128.25,"type":"mine","angle":146.25},{"time":128.25,"type":"mine","angle":168.75},{"time":128.25,"type":"mine","angle":191.25},{"time":128.25,"type":"mine","angle":213.75},{"time":128.25,"type":"mine","angle":236.25},{"time":128.75,"type":"mine","angle":11.25},{"time":128.75,"type":"mine","angle":0},{"time":128.75,"type":"mine","angle":22.5},{"time":128.75,"type":"mine","angle":33.75},{"time":128.75,"type":"mine","angle":45},{"time":128.75,"type":"mine","angle":56.25},{"time":128.75,"type":"mine","angle":67.5},{"time":128.75,"type":"mine","angle":78.75},{"time":128.75,"type":"mine","angle":90},{"time":128.75,"type":"mine","angle":101.25},{"time":128.75,"type":"mine","angle":112.5},{"time":128.75,"type":"mine","angle":135},{"time":128.75,"type":"mine","angle":146.25},{"time":128.75,"type":"mine","angle":123.75},{"time":128.75,"type":"mine","angle":157.5},{"time":128.75,"type":"mine","angle":168.75},{"time":128.75,"type":"mine","angle":180},{"time":128.75,"type":"mine","angle":191.25},{"time":128.75,"type":"mine","angle":202.5},{"time":128.75,"type":"mine","angle":213.75},{"time":128.75,"type":"mine","angle":225},{"time":128.25,"type":"mine","angle":225},{"time":128.25,"type":"mine","angle":202.5},{"time":128.25,"type":"mine","angle":180},{"time":128.25,"type":"mine","angle":157.5},{"time":128.25,"type":"mine","angle":135},{"time":128.25,"type":"mine","angle":112.5},{"time":128.25,"type":"mine","angle":67.5},{"time":128.25,"type":"mine","angle":45},{"time":128.25,"type":"mine","angle":22.5},{"time":129.25,"type":"extraTap","angle":0},{"time":130.25,"type":"mine","angle":11.25},{"time":130.25,"type":"mine","angle":33.75},{"time":130.25,"type":"mine","angle":56.25},{"time":130.25,"type":"mine","angle":78.75},{"time":130.25,"type":"mine","angle":101.25},{"time":130.25,"type":"mine","angle":123.75},{"time":130.25,"type":"mine","angle":146.25},{"time":130.25,"type":"mine","angle":168.75},{"time":130.25,"type":"mine","angle":191.25},{"time":130.25,"type":"mine","angle":213.75},{"time":130.25,"type":"mine","angle":236.25},{"time":130,"type":"mine","angle":22.5},{"time":129.75,"type":"mine","angle":22.5},{"time":130,"type":"mine","angle":45},{"time":129.75,"type":"mine","angle":45},{"time":130,"type":"mine","angle":67.5},{"time":129.75,"type":"mine","angle":67.5},{"time":130,"type":"mine","angle":90},{"time":129.75,"type":"mine","angle":90},{"time":130,"type":"mine","angle":112.5},{"time":129.75,"type":"mine","angle":112.5},{"time":130,"type":"mine","angle":135},{"time":129.75,"type":"mine","angle":135},{"time":130,"type":"mine","angle":157.5},{"time":129.75,"type":"mine","angle":157.5},{"time":130,"type":"mine","angle":180},{"time":129.75,"type":"mine","angle":180},{"time":130,"type":"mine","angle":202.5},{"time":129.75,"type":"mine","angle":202.5},{"time":130,"type":"mine","angle":225},{"time":129.75,"type":"mine","angle":225},{"time":131.25,"type":"mine","angle":33.75},{"time":131.25,"type":"mine","angle":56.25},{"time":131.25,"type":"mine","angle":78.75},{"time":131.25,"type":"mine","angle":101.25},{"time":131.25,"type":"mine","angle":123.75},{"time":131.25,"type":"mine","angle":146.25},{"time":131.25,"type":"mine","angle":168.75},{"time":131,"type":"mine","angle":157.5},{"time":130.75,"type":"mine","angle":157.5},{"time":131,"type":"mine","angle":180},{"time":130.75,"type":"mine","angle":180},{"time":131.25,"type":"mine","angle":191.25},{"time":131.25,"type":"mine","angle":213.75},{"time":131.25,"type":"mine","angle":236.25},{"time":131.25,"type":"mine","angle":258.75},{"time":131,"type":"mine","angle":247.5},{"time":130.75,"type":"mine","angle":247.5},{"time":131,"type":"mine","angle":225},{"time":130.75,"type":"mine","angle":225},{"time":131,"type":"mine","angle":202.5},{"time":130.75,"type":"mine","angle":202.5},{"time":131,"type":"mine","angle":135},{"time":130.75,"type":"mine","angle":135},{"time":131,"type":"mine","angle":112.5},{"time":130.75,"type":"mine","angle":112.5},{"time":131,"type":"mine","angle":90},{"time":130.75,"type":"mine","angle":90},{"time":131,"type":"mine","angle":67.5},{"time":130.75,"type":"mine","angle":67.5},{"time":131,"type":"mine","angle":45},{"time":130.75,"type":"mine","angle":45},{"time":132.25,"type":"mine","angle":56.25},{"time":132.25,"type":"mine","angle":78.75},{"time":132.25,"type":"mine","angle":101.25},{"time":132.25,"type":"mine","angle":123.75},{"time":132.25,"type":"mine","angle":146.25},{"time":132.25,"type":"mine","angle":168.75},{"time":132.25,"type":"mine","angle":191.25},{"time":132.25,"type":"mine","angle":213.75},{"time":132.25,"type":"mine","angle":236.25},{"time":132.25,"type":"mine","angle":258.75},{"time":132.25,"type":"mine","angle":281.25},{"time":132,"type":"mine","angle":270},{"time":131.75,"type":"mine","angle":270},{"time":132,"type":"mine","angle":247.5},{"time":131.75,"type":"mine","angle":247.5},{"time":132,"type":"mine","angle":225},{"time":131.75,"type":"mine","angle":225},{"time":132,"type":"mine","angle":202.5},{"time":131.75,"type":"mine","angle":202.5},{"time":132,"type":"mine","angle":180},{"time":131.75,"type":"mine","angle":180},{"time":132,"type":"mine","angle":157.5},{"time":131.75,"type":"mine","angle":157.5},{"time":132,"type":"mine","angle":135},{"time":131.75,"type":"mine","angle":135},{"time":132,"type":"mine","angle":112.5},{"time":131.75,"type":"mine","angle":112.5},{"time":132,"type":"mine","angle":90},{"time":131.75,"type":"mine","angle":90},{"time":132,"type":"mine","angle":67.5},{"time":131.75,"type":"mine","angle":67.5},{"time":133.25,"type":"mine","angle":315},{"time":133.25,"type":"mine","angle":292.5},{"time":133.25,"type":"mine","angle":270},{"time":133.25,"type":"mine","angle":247.5},{"time":133.25,"type":"mine","angle":225},{"time":133.25,"type":"mine","angle":202.5},{"time":133.25,"type":"mine","angle":180},{"time":133.25,"type":"mine","angle":157.5},{"time":133.25,"type":"mine","angle":135},{"time":133.25,"type":"mine","angle":112.5},{"time":133.25,"type":"mine","angle":90},{"time":133,"type":"mine","angle":101.25},{"time":132.75,"type":"mine","angle":101.25},{"time":133,"type":"mine","angle":123.75},{"time":132.75,"type":"mine","angle":123.75},{"time":133,"type":"mine","angle":146.25},{"time":132.75,"type":"mine","angle":146.25},{"time":133,"type":"mine","angle":168.75},{"time":132.75,"type":"mine","angle":168.75},{"time":133,"type":"mine","angle":191.25},{"time":132.75,"type":"mine","angle":191.25},{"time":133,"type":"mine","angle":213.75},{"time":132.75,"type":"mine","angle":213.75},{"time":133,"type":"mine","angle":236.25},{"time":132.75,"type":"mine","angle":236.25},{"time":133,"type":"mine","angle":258.75},{"time":132.75,"type":"mine","angle":258.75},{"time":133,"type":"mine","angle":281.25},{"time":132.75,"type":"mine","angle":281.25},{"time":133,"type":"mine","angle":303.75},{"time":132.75,"type":"mine","angle":303.75},{"time":134.25,"type":"mine","angle":348.75},{"time":134.25,"type":"mine","angle":326.25},{"time":134.25,"type":"mine","angle":303.75},{"time":134.25,"type":"mine","angle":281.25},{"time":134.25,"type":"mine","angle":258.75},{"time":134.25,"type":"mine","angle":236.25},{"time":134.25,"type":"mine","angle":213.75},{"time":134.25,"type":"mine","angle":191.25},{"time":134.25,"type":"mine","angle":168.75},{"time":134.25,"type":"mine","angle":146.25},{"time":134.25,"type":"mine","angle":123.75},{"time":134,"type":"mine","angle":135},{"time":133.75,"type":"mine","angle":135},{"time":133.75,"type":"mine","angle":157.5},{"time":134,"type":"mine","angle":157.5},{"time":134,"type":"mine","angle":180},{"time":133.75,"type":"mine","angle":180},{"time":134,"type":"mine","angle":202.5},{"time":133.75,"type":"mine","angle":202.5},{"time":134,"type":"mine","angle":225},{"time":133.75,"type":"mine","angle":225},{"time":134,"type":"mine","angle":247.5},{"time":133.75,"type":"mine","angle":247.5},{"time":134,"type":"mine","angle":270},{"time":133.75,"type":"mine","angle":270},{"time":134,"type":"mine","angle":292.5},{"time":133.75,"type":"mine","angle":292.5},{"time":134,"type":"mine","angle":315},{"time":133.75,"type":"mine","angle":315},{"time":134,"type":"mine","angle":337.5},{"time":133.75,"type":"mine","angle":337.5},{"time":135.25,"type":"mine","angle":326.25},{"time":135.25,"type":"mine","angle":303.75},{"time":135.25,"type":"mine","angle":281.25},{"time":135.25,"type":"mine","angle":258.75},{"time":135.25,"type":"mine","angle":236.25},{"time":135.25,"type":"mine","angle":213.75},{"time":135.25,"type":"mine","angle":191.25},{"time":135.25,"type":"mine","angle":168.75},{"time":135.25,"type":"mine","angle":146.25},{"time":135.25,"type":"mine","angle":123.75},{"time":135.25,"type":"mine","angle":101.25},{"time":135,"type":"mine","angle":112.5},{"time":134.75,"type":"mine","angle":112.5},{"time":135,"type":"mine","angle":135},{"time":134.75,"type":"mine","angle":135},{"time":135,"type":"mine","angle":157.5},{"time":134.75,"type":"mine","angle":157.5},{"time":135,"type":"mine","angle":180},{"time":134.75,"type":"mine","angle":180},{"time":135,"type":"mine","angle":202.5},{"time":134.75,"type":"mine","angle":202.5},{"time":135,"type":"mine","angle":225},{"time":134.75,"type":"mine","angle":225},{"time":135,"type":"mine","angle":247.5},{"time":134.75,"type":"mine","angle":247.5},{"time":135,"type":"mine","angle":270},{"time":134.75,"type":"mine","angle":270},{"time":135,"type":"mine","angle":292.5},{"time":134.75,"type":"mine","angle":292.5},{"time":135,"type":"mine","angle":315},{"time":134.75,"type":"mine","angle":315},{"time":135,"type":"mine","angle":337.5},{"time":134.75,"type":"mine","angle":337.5},{"time":136.25,"type":"mine","angle":348.75},{"time":136.25,"type":"mine","angle":326.25},{"time":136.25,"type":"mine","angle":303.75},{"time":136.25,"type":"mine","angle":281.25},{"time":136.25,"type":"mine","angle":258.75},{"time":136.25,"type":"mine","angle":236.25},{"time":136.25,"type":"mine","angle":213.75},{"time":136.25,"type":"mine","angle":191.25},{"time":136.25,"type":"mine","angle":168.75},{"time":136.25,"type":"mine","angle":146.25},{"time":136.25,"type":"mine","angle":123.75},{"time":136,"type":"mine","angle":135},{"time":135.75,"type":"mine","angle":135},{"time":135.75,"type":"mine","angle":157.5},{"time":136,"type":"mine","angle":157.5},{"time":136,"type":"mine","angle":180},{"time":135.75,"type":"mine","angle":180},{"time":136,"type":"mine","angle":202.5},{"time":135.75,"type":"mine","angle":202.5},{"time":136,"type":"mine","angle":225},{"time":135.75,"type":"mine","angle":225},{"time":136,"type":"mine","angle":247.5},{"time":135.75,"type":"mine","angle":247.5},{"time":136,"type":"mine","angle":270},{"time":135.75,"type":"mine","angle":270},{"time":136,"type":"mine","angle":292.5},{"time":135.75,"type":"mine","angle":292.5},{"time":136,"type":"mine","angle":315},{"time":135.75,"type":"mine","angle":315},{"time":136,"type":"mine","angle":337.5},{"time":135.75,"type":"mine","angle":337.5},{"time":137.25,"type":"mine","angle":11.25},{"time":137.25,"type":"mine","angle":348.75},{"time":137.25,"type":"mine","angle":326.25},{"time":137.25,"type":"mine","angle":303.75},{"time":137.25,"type":"mine","angle":281.25},{"time":137.25,"type":"mine","angle":258.75},{"time":137.25,"type":"mine","angle":236.25},{"time":137.25,"type":"mine","angle":213.75},{"time":137.25,"type":"mine","angle":191.25},{"time":137.25,"type":"mine","angle":168.75},{"time":137.25,"type":"mine","angle":146.25},{"time":137,"type":"mine","angle":157.5},{"time":136.75,"type":"mine","angle":157.5},{"time":137,"type":"mine","angle":180},{"time":136.75,"type":"mine","angle":180},{"time":137,"type":"mine","angle":202.5},{"time":136.75,"type":"mine","angle":202.5},{"time":137,"type":"mine","angle":225},{"time":136.75,"type":"mine","angle":225},{"time":137,"type":"mine","angle":247.5},{"time":136.75,"type":"mine","angle":247.5},{"time":137,"type":"mine","angle":270},{"time":136.75,"type":"mine","angle":270},{"time":137,"type":"mine","angle":292.5},{"time":136.75,"type":"mine","angle":292.5},{"time":137,"type":"mine","angle":315},{"time":136.75,"type":"mine","angle":315},{"time":137,"type":"mine","angle":337.5},{"time":136.75,"type":"mine","angle":337.5},{"time":137,"type":"mine","angle":360},{"time":136.75,"type":"mine","angle":360},{"time":138.25,"type":"mine","angle":348.75},{"time":138.25,"type":"mine","angle":326.25},{"time":138.25,"type":"mine","angle":303.75},{"time":138.25,"type":"mine","angle":281.25},{"time":138.25,"type":"mine","angle":258.75},{"time":138.25,"type":"mine","angle":236.25},{"time":138.25,"type":"mine","angle":213.75},{"time":138.25,"type":"mine","angle":191.25},{"time":138.25,"type":"mine","angle":168.75},{"time":138.25,"type":"mine","angle":146.25},{"time":138.25,"type":"mine","angle":123.75},{"time":138,"type":"mine","angle":135},{"time":137.75,"type":"mine","angle":135},{"time":138,"type":"mine","angle":157.5},{"time":137.75,"type":"mine","angle":157.5},{"time":138,"type":"mine","angle":180},{"time":137.75,"type":"mine","angle":180},{"time":138,"type":"mine","angle":202.5},{"time":137.75,"type":"mine","angle":202.5},{"time":138,"type":"mine","angle":225},{"time":138,"type":"mine","angle":247.5},{"time":137.75,"type":"mine","angle":247.5},{"time":137.75,"type":"mine","angle":225},{"time":137.75,"type":"mine","angle":270},{"time":138,"type":"mine","angle":270},{"time":137.75,"type":"mine","angle":292.5},{"time":138,"type":"mine","angle":292.5},{"time":137.75,"type":"mine","angle":315},{"time":138,"type":"mine","angle":315},{"time":137.75,"type":"mine","angle":337.5},{"time":138,"type":"mine","angle":337.5},{"time":137.75,"type":"mine","angle":360},{"time":138,"type":"mine","angle":0},{"time":139.25,"type":"mine","angle":11.25},{"time":139.25,"type":"mine","angle":348.75},{"time":139.25,"type":"mine","angle":326.25},{"time":139.25,"type":"mine","angle":303.75},{"time":139.25,"type":"mine","angle":281.25},{"time":139.25,"type":"mine","angle":258.75},{"time":139.25,"type":"mine","angle":236.25},{"time":139.25,"type":"mine","angle":213.75},{"time":139.25,"type":"mine","angle":191.25},{"time":139.25,"type":"mine","angle":168.75},{"time":139.25,"type":"mine","angle":146.25},{"time":139,"type":"mine","angle":157.5},{"time":138.75,"type":"mine","angle":157.5},{"time":139,"type":"mine","angle":180},{"time":138.75,"type":"mine","angle":180},{"time":139,"type":"mine","angle":202.5},{"time":138.75,"type":"mine","angle":202.5},{"time":139,"type":"mine","angle":225},{"time":138.75,"type":"mine","angle":225},{"time":139,"type":"mine","angle":247.5},{"time":138.75,"type":"mine","angle":247.5},{"time":139,"type":"mine","angle":270},{"time":138.75,"type":"mine","angle":270},{"time":139,"type":"mine","angle":292.5},{"time":138.75,"type":"mine","angle":292.5},{"time":139,"type":"mine","angle":315},{"time":138.75,"type":"mine","angle":315},{"time":139,"type":"mine","angle":337.5},{"time":138.75,"type":"mine","angle":337.5},{"time":139,"type":"mine","angle":0},{"time":138.75,"type":"mine","angle":0},{"time":140.25,"type":"mine","angle":33.75},{"time":140.25,"type":"mine","angle":11.25},{"time":140.25,"type":"mine","angle":348.75},{"time":140.25,"type":"mine","angle":326.25},{"time":140.25,"type":"mine","angle":303.75},{"time":140.25,"type":"mine","angle":281.25},{"time":140.25,"type":"mine","angle":258.75},{"time":140.25,"type":"mine","angle":236.25},{"time":140.25,"type":"mine","angle":213.75},{"time":140.25,"type":"mine","angle":191.25},{"time":140.25,"type":"mine","angle":168.75},{"time":140,"type":"mine","angle":180},{"time":139.75,"type":"mine","angle":180},{"time":140,"type":"mine","angle":202.5},{"time":139.75,"type":"mine","angle":202.5},{"time":140,"type":"mine","angle":225},{"time":139.75,"type":"mine","angle":225},{"time":140,"type":"mine","angle":247.5},{"time":139.75,"type":"mine","angle":247.5},{"time":140,"type":"mine","angle":270},{"time":139.75,"type":"mine","angle":270},{"time":140,"type":"mine","angle":292.5},{"time":139.75,"type":"mine","angle":292.5},{"time":140,"type":"mine","angle":315},{"time":139.75,"type":"mine","angle":315},{"time":140,"type":"mine","angle":337.5},{"time":139.75,"type":"mine","angle":337.5},{"time":140,"type":"mine","angle":360},{"time":139.75,"type":"mine","angle":360},{"time":140,"type":"mine","angle":22.5},{"time":141.25,"type":"mine","angle":67.5},{"time":141.25,"type":"mine","angle":45},{"time":141.25,"type":"mine","angle":22.5},{"time":141.25,"type":"mine","angle":0},{"time":141.25,"type":"mine","angle":337.5},{"time":141.25,"type":"mine","angle":315},{"time":141.25,"type":"mine","angle":292.5},{"time":141.25,"type":"mine","angle":270},{"time":141.25,"type":"mine","angle":247.5},{"time":141.25,"type":"mine","angle":225},{"time":141.25,"type":"mine","angle":202.5},{"time":141,"type":"mine","angle":213.75},{"time":140.75,"type":"mine","angle":213.75},{"time":141,"type":"mine","angle":236.25},{"time":140.75,"type":"mine","angle":236.25},{"time":141,"type":"mine","angle":258.75},{"time":140.75,"type":"mine","angle":258.75},{"time":141,"type":"mine","angle":281.25},{"time":140.75,"type":"mine","angle":281.25},{"time":141,"type":"mine","angle":303.75},{"time":140.75,"type":"mine","angle":303.75},{"time":141,"type":"mine","angle":326.25},{"time":140.75,"type":"mine","angle":326.25},{"time":141,"type":"mine","angle":348.75},{"time":140.75,"type":"mine","angle":348.75},{"time":141,"type":"mine","angle":11.25},{"time":140.75,"type":"mine","angle":11.25},{"time":141,"type":"mine","angle":33.75},{"time":140.75,"type":"mine","angle":33.75},{"time":141,"type":"mine","angle":56.25},{"time":140.75,"type":"mine","angle":56.25},{"time":142.25,"type":"mine","angle":67.5},{"time":142.25,"type":"mine","angle":45},{"time":142.25,"type":"mine","angle":22.5},{"time":142.25,"type":"mine","angle":0},{"time":142.25,"type":"mine","angle":337.5},{"time":142.25,"type":"mine","angle":315},{"time":142.25,"type":"mine","angle":292.5},{"time":142.25,"type":"mine","angle":270},{"time":142.25,"type":"mine","angle":247.5},{"time":142.25,"type":"mine","angle":225},{"time":142.25,"type":"mine","angle":202.5},{"time":141.75,"type":"mine","angle":213.75},{"time":142,"type":"mine","angle":213.75},{"time":142,"type":"mine","angle":236.25},{"time":141.75,"type":"mine","angle":236.25},{"time":142,"type":"mine","angle":258.75},{"time":141.75,"type":"mine","angle":258.75},{"time":142,"type":"mine","angle":281.25},{"time":141.75,"type":"mine","angle":281.25},{"time":142,"type":"mine","angle":303.75},{"time":141.75,"type":"mine","angle":303.75},{"time":142,"type":"mine","angle":326.25},{"time":141.75,"type":"mine","angle":326.25},{"time":142,"type":"mine","angle":348.75},{"time":141.75,"type":"mine","angle":348.75},{"time":142,"type":"mine","angle":11.25},{"time":141.75,"type":"mine","angle":11.25},{"time":142,"type":"mine","angle":33.75},{"time":141.75,"type":"mine","angle":33.75},{"time":142,"type":"mine","angle":56.25},{"time":141.75,"type":"mine","angle":56.25},{"time":145.75,"type":"block","angle":191.25},{"time":146.25,"tap":true,"type":"block","angle":180},{"time":146.75,"type":"block","angle":168.75},{"time":147.25,"type":"block","angle":157.5},{"time":147.75,"type":"block","angle":146.25},{"time":148.25,"type":"block","angle":135},{"time":148.75,"type":"block","angle":112.5},{"time":149,"type":"block","angle":112.5},{"time":149.25,"type":"block","angle":101.25},{"time":149.75,"type":"block","angle":90},{"time":150.25,"type":"block","angle":101.25},{"time":150.75,"type":"block","angle":112.5},{"time":151.25,"type":"block","angle":123.75},{"time":151,"type":"block","angle":123.75},{"time":151.75,"tap":true,"type":"block","angle":123.75},{"time":152.25,"duration":0.34999999403954,"angle2":135,"type":"hold","angle":146.25},{"time":152.75,"type":"block","angle":168.75},{"time":153.25,"type":"block","angle":180},{"time":153.75,"type":"block","angle":168.75},{"time":154.25,"type":"block","angle":180},{"time":154.75,"type":"block","angle":168.75},{"time":155.25,"type":"block","angle":180},{"time":155,"type":"block","angle":180},{"time":155.75,"type":"block","angle":191.25},{"time":156.25,"tap":true,"type":"block","angle":202.5},{"time":156.75,"type":"block","angle":213.75},{"time":157,"type":"block","angle":236.25},{"time":157.25,"type":"block","angle":247.5},{"time":157.75,"type":"block","angle":258.75},{"time":158.25,"type":"block","angle":281.25},{"time":158.5,"type":"block","angle":303.75},{"time":158.75,"type":"block","angle":326.25},{"time":159.25,"type":"block","angle":303.75},{"time":159.75,"type":"block","angle":281.25},{"time":160.25,"angle2":247.5,"duration":0.5,"type":"hold","endTap":true,"angle":292.5},{"time":160.75,"angle2":303.75,"duration":0.5,"type":"hold","endTap":true,"angle":247.5},{"time":161.75,"type":"block","angle":303.75},{"time":162.25,"type":"block","angle":326.25},{"time":162.75,"type":"block","angle":292.5},{"time":163.25,"type":"block","angle":270},{"time":163.75,"type":"block","angle":270},{"time":164.25,"type":"block","angle":258.75},{"time":164.75,"type":"block","angle":236.25},{"time":165,"type":"block","angle":236.25},{"time":165.25,"tap":true,"type":"block","angle":225},{"time":165.75,"type":"block","angle":191.25},{"time":166.25,"type":"block","angle":168.75},{"time":166.75,"type":"block","angle":180},{"time":167,"type":"block","angle":180},{"time":167.25,"type":"block","angle":168.75},{"time":167.75,"type":"block","angle":180},{"time":168.25,"type":"block","angle":180},{"time":168.75,"type":"block","angle":168.75},{"time":169.25,"type":"block","angle":146.25},{"time":169.75,"type":"block","angle":123.75},{"time":170.25,"type":"block","angle":101.25},{"time":170.75,"type":"block","angle":78.75},{"time":170.5,"type":"block","angle":101.25},{"time":171.25,"tap":true,"type":"block","angle":56.25},{"time":171.75,"type":"block","angle":78.75},{"time":172.25,"type":"block","angle":101.25},{"time":172.75,"type":"block","angle":123.75},{"time":173.25,"type":"block","angle":146.25},{"time":173.75,"type":"block","angle":157.5},{"time":174.25,"type":"block","angle":168.75},{"time":174.75,"type":"block","angle":180},{"time":175.25,"type":"block","angle":180},{"time":175.75,"type":"block","angle":180},{"time":176.25,"tap":true,"type":"block","angle":180},{"time":176.25,"duration":1,"angle2":202.5,"type":"mineHold","angle":247.5},{"time":176.25,"duration":1,"angle2":157.5,"type":"mineHold","angle":112.5},{"time":177.25,"tap":true,"type":"block","angle":180},{"time":176.25,"type":"mine","angle":258.75},{"time":176.25,"type":"mine","angle":270},{"time":176.25,"type":"mine","angle":281.25},{"time":176.25,"type":"mine","angle":292.5},{"time":176.25,"type":"mine","angle":303.75},{"time":176.25,"type":"mine","angle":315},{"time":176.25,"type":"mine","angle":326.25},{"time":176.25,"type":"mine","angle":337.5},{"time":176.25,"type":"mine","angle":348.75},{"time":176.25,"type":"mine","angle":360},{"time":176.25,"type":"mine","angle":11.25},{"time":176.25,"type":"mine","angle":22.5},{"time":176.25,"type":"mine","angle":33.75},{"time":176.25,"type":"mine","angle":45},{"time":176.25,"type":"mine","angle":56.25},{"time":176.25,"type":"mine","angle":67.5},{"time":176.25,"type":"mine","angle":78.75},{"time":176.25,"type":"mine","angle":90},{"time":176.25,"type":"mine","angle":101.25},{"time":177.75,"type":"block","angle":157.5},{"time":178.25,"type":"block","angle":180},{"time":178.75,"type":"block","angle":191.25},{"time":178.5,"type":"block","angle":180},{"time":179,"type":"block","angle":168.75},{"time":179.25,"type":"block","angle":180},{"time":179.75,"type":"block","angle":90},{"time":180.25,"type":"block","angle":78.75},{"time":180.5,"type":"block","angle":67.5},{"time":180.75,"type":"block","angle":56.25},{"time":181,"type":"block","angle":45},{"time":181.25,"type":"block","angle":33.75},{"time":182.5,"type":"block","angle":292.5},{"time":181.75,"type":"block","angle":292.5},{"time":182.25,"type":"block","angle":292.5},{"time":182.75,"type":"block","angle":281.25},{"time":183,"type":"block","angle":281.25},{"time":183.25,"duration":1.5,"angle2":213.75,"type":"hold","angle":270},{"time":183.5,"tap":true,"type":"block","angle":258.75},{"time":183.75,"tap":true,"type":"block","angle":247.5},{"time":184,"tap":true,"type":"block","angle":236.25},{"time":185.75,"type":"block","angle":180},{"time":186,"type":"block","angle":180},{"time":186.25,"type":"block","angle":146.25},{"time":186.5,"type":"block","angle":180},{"time":186.75,"type":"block","angle":213.75},{"time":187,"type":"block","angle":180},{"time":187.5,"type":"block","angle":180},{"time":187.75,"type":"block","angle":180},{"time":188,"type":"block","angle":191.25},{"time":188.25,"type":"block","angle":168.75},{"time":188.5,"type":"block","angle":191.25},{"time":188.75,"type":"block","angle":168.75},{"time":189,"type":"block","angle":180},{"time":189.75,"type":"block","angle":135},{"time":190,"type":"block","angle":123.75},{"time":190.25,"type":"block","angle":135},{"time":190.5,"type":"block","angle":146.25},{"time":190.75,"type":"block","angle":135},{"time":191,"type":"block","angle":135},{"time":191.25,"type":"block","angle":146.25},{"time":191.75,"type":"block","angle":168.75},{"time":192.25,"duration":0.25,"angle2":180,"type":"hold","angle":180},{"time":193.75,"type":"block","angle":292.5},{"time":194,"type":"block","angle":292.5},{"time":194.25,"type":"block","angle":303.75},{"time":195,"type":"block","angle":292.5},{"time":195.25,"type":"block","angle":292.5},{"time":195.75,"type":"block","angle":56.25},{"time":194.5,"type":"block","angle":303.75},{"time":194.75,"type":"block","angle":292.5},{"time":196,"type":"block","angle":45},{"time":196.25,"type":"block","angle":45},{"time":196.5,"type":"block","angle":56.25},{"time":196.75,"type":"block","angle":56.25},{"time":197,"type":"block","angle":56.25},{"time":197.25,"type":"block","angle":45},{"time":197.75,"duration":0.25,"angle2":360,"type":"hold","angle":360},{"time":198.25,"duration":1,"angle2":-22.5,"type":"hold","angle":22.5},{"time":198.5,"type":"block","angle":11.25},{"time":198.75,"type":"block","angle":360},{"time":199,"type":"block","angle":348.75},{"time":199.25,"duration":1,"angle2":146.25,"type":"hold","angle":337.5},{"time":199.75,"type":"block","angle":225},{"time":200,"type":"block","angle":180},{"time":200.25,"type":"extraTap","angle":168.75},{"time":200.75,"type":"extraTap","angle":168.75},{"time":201,"type":"extraTap","angle":168.75},{"time":201.25,"type":"extraTap","angle":168.75},{"time":201.75,"type":"block","angle":180},{"time":202.25,"type":"block","angle":180},{"time":202.5,"type":"block","angle":168.75},{"time":202.75,"type":"block","angle":157.5},{"time":203,"type":"block","angle":146.25},{"time":203.5,"type":"block","angle":123.75},{"time":204,"type":"block","angle":112.5},{"time":203.75,"type":"block","angle":123.75},{"time":204.25,"type":"block","angle":101.25},{"time":204.5,"type":"block","angle":90},{"time":204.75,"type":"block","angle":78.75},{"time":205,"type":"block","angle":78.75},{"time":205.75,"type":"block","angle":78.75},{"time":206,"type":"block","angle":78.75},{"time":206.25,"type":"block","angle":67.5},{"time":206.5,"type":"block","angle":56.25},{"time":206.75,"type":"block","angle":45},{"time":207,"type":"block","angle":33.75},{"time":207.25,"type":"block","angle":22.5},{"time":207.75,"tap":true,"type":"block","angle":360},{"time":208.25,"tap":true,"type":"block","angle":0},{"time":208.75,"tap":true,"type":"block","angle":0},{"time":209.25,"duration":3.25,"angle2":303.75,"type":"hold","angle":0},{"time":213.25,"type":"block","angle":360},{"time":213,"type":"block","angle":0},{"time":213.75,"type":"block","angle":360},{"time":214,"type":"block","angle":0},{"time":214.25,"type":"block","angle":360},{"time":214.5,"type":"block","angle":0},{"time":215,"tap":true,"type":"block","angle":0},{"time":215.75,"type":"block","angle":33.75},{"time":216.25,"type":"block","angle":56.25},{"time":216.75,"type":"block","angle":78.75},{"time":217.25,"duration":1,"angle2":123.75,"startTap":true,"type":"hold","angle":90},{"time":218.25,"duration":2.25,"angle2":213.75,"type":"hold","angle":123.75},{"time":221.25,"type":"block","angle":213.75},{"time":221.75,"type":"block","angle":213.75},{"time":222,"type":"block","angle":213.75},{"time":222.25,"type":"block","angle":202.5},{"time":222.5,"type":"block","angle":191.25},{"time":223,"type":"block","angle":180},{"time":223.5,"tap":true,"type":"block","angle":180},{"time":224,"tap":true,"type":"block","angle":180},{"time":224.5,"tap":true,"type":"block","angle":180},{"time":225.25,"duration":1,"angle2":270,"type":"hold","angle":180},{"time":226.25,"duration":2.25,"angle2":438.75,"type":"hold","angle":270},{"time":229.25,"type":"block","angle":101.25},{"time":229,"type":"block","angle":101.25},{"time":229.75,"type":"block","angle":101.25},{"time":230,"type":"block","angle":112.5},{"time":230.25,"type":"block","angle":123.75},{"time":230.5,"type":"block","angle":135},{"time":231,"tap":true,"type":"block","angle":168.75},{"time":231.5,"type":"block","angle":180},{"time":232,"type":"block","angle":180},{"time":232.5,"type":"block","angle":180},{"time":233,"duration":1.25,"angle2":213.75,"type":"hold","angle":180},{"time":234.25,"duration":2,"angle2":168.75,"type":"hold","angle":213.75},{"time":237.25,"type":"block","angle":135},{"time":237.75,"type":"block","angle":123.75},{"time":238,"type":"block","angle":123.75},{"time":238.25,"type":"block","angle":112.5},{"time":238.5,"type":"block","angle":101.25},{"time":239,"tap":true,"type":"block","angle":90},{"time":239.5,"tap":true,"type":"block","angle":0},{"time":240,"tap":true,"type":"block","angle":0},{"time":240.5,"tap":true,"type":"block","angle":0},{"time":241.25,"duration":1,"angle2":225,"type":"hold","angle":360},{"time":242.25,"duration":2,"angle2":-22.5,"type":"hold","angle":225},{"time":244.25,"duration":2,"angle2":135,"type":"hold","angle":337.5},{"time":246.25,"duration":1,"angle2":33.75,"type":"hold","angle":135},{"time":247.25,"duration":1,"angle2":90,"type":"hold","angle":33.75},{"time":248.25,"angle2":112.5,"duration":0.5,"type":"hold","endTap":true,"angle":90},{"time":249.25,"duration":1,"angle2":135,"type":"hold","angle":123.75},{"time":250.25,"duration":1,"angle2":146.25,"type":"hold","angle":135},{"time":251.25,"duration":1,"angle2":157.5,"type":"hold","angle":146.25},{"time":252.25,"duration":1,"angle2":168.75,"type":"hold","angle":157.5},{"time":253.25,"duration":1,"angle2":180,"type":"hold","angle":168.75},{"time":253.5,"tap":true,"type":"block","angle":180},{"time":254.25,"angle2":168.75,"duration":1,"type":"hold","endTap":true,"angle":180},{"time":255.25,"duration":1,"angle2":157.5,"type":"hold","angle":168.75},{"time":255.5,"tap":true,"type":"block","angle":168.75},{"time":256.25,"duration":1,"angle2":168.75,"type":"hold","angle":157.5},{"time":257.25,"duration":1,"angle2":180,"type":"hold","angle":168.75},{"time":258.25,"duration":1,"angle2":191.25,"type":"hold","angle":180},{"time":259.25,"duration":1,"angle2":202.5,"type":"hold","angle":191.25},{"time":260.25,"duration":1,"angle2":191.25,"type":"hold","angle":202.5},{"time":261.25,"duration":1,"angle2":180,"type":"hold","angle":191.25},{"time":262.25,"duration":1,"angle2":168.75,"type":"hold","angle":180},{"time":263.25,"duration":1,"angle2":180,"type":"hold","angle":168.75},{"time":264.25,"duration":1,"angle2":191.25,"type":"hold","angle":180},{"time":265.25,"duration":1,"angle2":180,"type":"hold","angle":191.25},{"time":266.25,"duration":1,"angle2":168.75,"type":"hold","angle":180},{"time":267.25,"duration":1,"angle2":157.5,"type":"hold","angle":168.75},{"time":268.25,"duration":1,"angle2":168.75,"type":"hold","angle":157.5},{"time":269.25,"duration":1,"angle2":180,"type":"hold","angle":168.75},{"time":270.25,"duration":3,"angle2":180,"type":"hold","angle":180},{"time":256.25,"duration":1,"angle2":202.5,"type":"mineHold","angle":191.25},{"time":257.25,"duration":1,"angle2":213.75,"type":"mineHold","angle":202.5},{"time":258.25,"duration":1,"angle2":225,"type":"mineHold","angle":213.75},{"time":259.25,"duration":1,"angle2":236.25,"type":"mineHold","angle":225},{"time":260.25,"duration":1,"angle2":225,"type":"mineHold","angle":236.25},{"time":261.25,"duration":1,"angle2":213.75,"type":"mineHold","angle":225},{"time":262.25,"duration":1,"angle2":202.5,"type":"mineHold","angle":213.75},{"time":263.25,"duration":1,"angle2":213.75,"type":"mineHold","angle":202.5},{"time":264.25,"duration":1,"angle2":225,"type":"mineHold","angle":213.75},{"time":265.25,"duration":1,"angle2":213.75,"type":"mineHold","angle":225},{"time":266.25,"duration":1,"angle2":202.5,"type":"mineHold","angle":213.75},{"time":267.25,"duration":1,"angle2":191.25,"type":"mineHold","angle":202.5},{"time":268.25,"duration":1,"angle2":202.5,"type":"mineHold","angle":191.25},{"time":269.25,"duration":1,"angle2":213.75,"type":"mineHold","angle":202.5},{"time":270.25,"duration":1,"angle2":213.75,"type":"mineHold","angle":213.75},{"time":256.25,"duration":1,"angle2":135,"type":"mineHold","angle":123.75},{"time":257.25,"duration":1,"angle2":146.25,"type":"mineHold","angle":135},{"time":258.25,"duration":1,"angle2":157.5,"type":"mineHold","angle":146.25},{"time":259.25,"duration":1,"angle2":168.75,"type":"mineHold","angle":157.5},{"time":260.25,"duration":1,"angle2":157.5,"type":"mineHold","angle":168.75},{"time":261.25,"duration":1,"angle2":146.25,"type":"mineHold","angle":157.5},{"time":262.25,"duration":1,"angle2":135,"type":"mineHold","angle":146.25},{"time":263.25,"duration":1,"angle2":146.25,"type":"mineHold","angle":135},{"time":264.25,"duration":1,"angle2":157.5,"type":"mineHold","angle":146.25},{"time":265.25,"duration":1,"angle2":146.25,"type":"mineHold","angle":157.5},{"time":266.25,"duration":1,"angle2":135,"type":"mineHold","angle":146.25},{"time":267.25,"duration":1,"angle2":123.75,"type":"mineHold","angle":135},{"time":268.25,"duration":1,"angle2":135,"type":"mineHold","angle":123.75},{"time":269.25,"duration":1,"angle2":146.25,"type":"mineHold","angle":135},{"time":270.25,"duration":1,"angle2":146.25,"type":"mineHold","angle":146.25},{"time":54.25,"type":"block","angle":146.25},{"time":55.25,"type":"block","angle":146.25}]