{"metadata":{"artist":"The Living Tombstone","charter":"kingianscott","bg":true,"bgData":{"redChannel":{"g":235,"b":31,"r":35},"blueChannel":{"g":163,"b":103,"r":239},"image":"bg.png"},"description":"WAS THAT THE BITE OF '87!?!","songName":"Five Nights At Freddy's","artistLink":"","difficulty":3},"properties":{"formatversion":12,"speed":70,"offset":8,"startBeat":0},"events":[{"volume":1,"time":1,"file":"fnaf.ogg","bpm":103,"type":"play","angle":360},{"time":65.5,"duration":0.15000000596046,"newWidth":30,"ease":"linear","paddle":1,"type":"paddles","angle":180},{"time":69.5,"duration":0.10000000149012,"newWidth":70,"ease":"linear","paddle":1,"type":"paddles","angle":360},{"time":176,"duration":1,"newWidth":15,"ease":"linear","paddle":1,"type":"paddles","angle":180},{"time":177.25,"duration":0.25,"newWidth":70,"ease":"linear","paddle":1,"type":"paddles","angle":180},{"time":255.5,"duration":0.5,"newWidth":35,"ease":"linear","paddle":1,"type":"paddles","angle":191.25},{"time":271.25,"duration":0.25,"newWidth":70,"ease":"linear","paddle":1,"type":"paddles","angle":168.75},{"time":284,"type":"showResults","angle":348.75},{"color":1,"time":0,"type":"setBgColor","angle":247.5},{"color":0,"time":0,"enable":true,"type":"outline","angle":292.5},{"x":-25,"y":0,"sx":0.5,"id":"fed","drawLayer":"fg","angle":191.25,"time":273.25,"sprite":"fed.png","type":"deco","sy":0.5},{"color":3,"g":94,"b":38,"angle":225,"time":273.25,"type":"setColor","r":163},{"color":2,"g":159,"type":"setColor","r":215,"time":273.25,"b":87,"angle":202.5},{"time":282,"duration":1,"ease":"outBack","id":"fed","hide":true,"type":"deco","angle":180},{"color":2,"g":90,"type":"setColor","angle":202.5,"time":282,"b":90,"r":90},{"color":3,"g":152,"type":"setColor","angle":213.75,"time":282,"b":152,"r":152},{"time":257.25,"value":1.1000000238419,"var":"vfx.canvPos.sx","type":"ease","angle":180},{"time":257.25,"value":1.1000000238419,"var":"vfx.canvPos.sy","type":"ease","angle":157.5},{"time":259.25,"value":1.2000000476837,"var":"vfx.canvPos.sx","type":"ease","angle":202.5},{"time":259.25,"value":1.2000000476837,"var":"vfx.canvPos.sy","type":"ease","angle":180},{"time":261.25,"value":1.2999999523163,"var":"vfx.canvPos.sx","type":"ease","angle":202.5},{"time":261.25,"value":1.2999999523163,"var":"vfx.canvPos.sy","type":"ease","angle":180},{"time":263.25,"value":1.3999999761581,"var":"vfx.canvPos.sx","type":"ease","angle":180},{"time":263.25,"value":1.3999999761581,"var":"vfx.canvPos.sy","type":"ease","angle":157.5},{"time":265.25,"value":1.5,"var":"vfx.canvPos.sx","type":"ease","angle":202.5},{"time":265.25,"value":1.5,"var":"vfx.canvPos.sy","type":"ease","angle":180},{"time":267.25,"value":1.6000000238419,"var":"vfx.canvPos.sx","type":"ease","angle":180},{"time":267.25,"value":1.6000000238419,"var":"vfx.canvPos.sy","type":"ease","angle":157.5},{"time":269.25,"value":1.7000000476837,"var":"vfx.canvPos.sx","type":"ease","angle":180},{"time":269.25,"value":1.7000000476837,"var":"vfx.canvPos.sy","type":"ease","angle":157.5},{"time":271.25,"duration":1,"var":"vfx.canvPos.sy","value":1,"ease":"linear","type":"ease","angle":157.5},{"time":271.25,"duration":1,"value":1,"var":"vfx.canvPos.sx","ease":"linear","type":"ease","angle":191.25},{"x":-90,"y":0,"sx":1,"id":"back","drawLayer":"bg","angle":180,"time":0,"sprite":"back.png","type":"deco","sy":1},{"color":2,"g":81,"b":72,"r":174,"time":0,"type":"setColor","angle":135},{"color":3,"g":108,"type":"setColor","r":77,"time":0,"b":164,"angle":101.25},{"time":282,"sprite":"","id":"back","hide":false,"type":"deco","angle":135},{"x":0,"y":0,"id":"","drawLayer":"bg","angle":360,"time":282.25,"sprite":"frame2.png","type":"deco"},{"time":282.5,"drawLayer":"bg","id":"","sprite":"frame3.png","type":"deco","angle":0},{"x":0,"y":0,"id":"","drawLayer":"bg","angle":0,"time":282,"sprite":"frame1.png","type":"deco"},{"x":0,"y":0,"id":"","drawLayer":"bg","angle":0,"time":282.75,"sprite":"frame1.png","type":"deco"},{"x":0,"y":0,"id":"","drawLayer":"bg","angle":0,"time":283,"sprite":"frame2.png","type":"deco"},{"x":0,"y":0,"id":"","drawLayer":"bg","angle":0,"time":283.25,"sprite":"frame3.png","type":"deco"},{"x":0,"y":0,"id":"","drawLayer":"bg","angle":0,"time":283.5,"sprite":"frame1.png","type":"deco"},{"x":0,"y":0,"id":"","drawLayer":"bg","angle":0,"time":283.75,"sprite":"frame2.png","type":"deco"},{"x":0,"y":0,"id":"","drawLayer":"bg","angle":0,"time":284,"sprite":"frame3.png","type":"deco"},{"x":0,"y":0,"id":"","drawLayer":"bg","angle":0,"time":284.25,"sprite":"frame1.png","type":"deco"},{"x":0,"y":0,"id":"","drawLayer":"bg","angle":0,"time":284.5,"sprite":"frame2.png","type":"deco"},{"x":0,"y":0,"id":"","drawLayer":"bg","angle":360,"time":284.75,"sprite":"frame3.png","type":"deco"},{"x":0,"y":0,"id":"","drawLayer":"bg","angle":360,"time":285,"sprite":"frame1.png","type":"deco"},{"x":0,"y":0,"id":"","drawLayer":"bg","angle":360,"time":285.25,"sprite":"frame2.png","type":"deco"},{"x":0,"y":0,"id":"","drawLayer":"bg","angle":360,"time":285.5,"sprite":"frame3.png","type":"deco"},{"time":121.25,"var":"vfx.canvPos.sy","value":1.0099999904633,"type":"ease","angle":292.5},{"time":123.5,"var":"vfx.canvPos.sy","value":1.0199999809265,"type":"ease","angle":270},{"time":125.25,"var":"vfx.canvPos.sy","value":1.0299999713898,"type":"ease","angle":270},{"time":127.25,"var":"vfx.canvPos.sx","value":1.039999961853,"type":"ease","angle":315},{"time":129.25,"var":"vfx.canvPos.sy","value":1.0499999523163,"type":"ease","angle":292.5},{"time":131.25,"var":"vfx.canvPos.sx","value":1.0599999427795,"type":"ease","angle":315},{"time":133.25,"var":"vfx.canvPos.sy","value":1.0700000524521,"type":"ease","angle":22.5},{"time":135.25,"var":"vfx.canvPos.sx","value":1.0800000429153,"type":"ease","angle":45},{"time":137.25,"var":"vfx.canvPos.sy","value":1.0900000333786,"type":"ease","angle":67.5},{"time":139.25,"var":"vfx.canvPos.sx","value":1.1000000238419,"type":"ease","angle":67.5},{"time":141.25,"var":"vfx.canvPos.sy","value":1.1100000143051,"type":"ease","angle":112.5},{"time":142.75,"duration":0.25,"value":1,"var":"vfx.canvPos.sx","ease":"linear","type":"ease","angle":135},{"time":121.25,"var":"vfx.canvPos.sx","value":1.0099999904633,"type":"ease","angle":281.25},{"time":123.5,"var":"vfx.canvPos.sx","value":1.0199999809265,"type":"ease","angle":281.25},{"time":125.25,"var":"vfx.canvPos.sx","value":1.0299999713898,"type":"ease","angle":281.25},{"time":127.25,"var":"vfx.canvPos.sy","value":1.039999961853,"type":"ease","angle":303.75},{"time":129.25,"var":"vfx.canvPos.sx","value":1.0499999523163,"type":"ease","angle":303.75},{"time":131.25,"var":"vfx.canvPos.sy","value":1.0599999427795,"type":"ease","angle":303.75},{"time":133.25,"var":"vfx.canvPos.sx","value":1.0700000524521,"type":"ease","angle":33.75},{"time":135.25,"var":"vfx.canvPos.sy","value":1.0800000429153,"type":"ease","angle":33.75},{"time":137.25,"var":"vfx.canvPos.sx","value":1.0900000333786,"type":"ease","angle":78.75},{"time":139.25,"var":"vfx.canvPos.sy","value":1.1000000238419,"type":"ease","angle":56.25},{"time":141.25,"var":"vfx.canvPos.sx","value":1.1100000143051,"type":"ease","angle":135},{"time":142.75,"duration":0.25,"value":1,"var":"vfx.canvPos.sy","ease":"linear","type":"ease","angle":123.75}]}