[{"time":-1.6666666269302,"angle":360,"type":"block"},{"time":-1,"angle":22.5,"type":"block"},{"time":-0.33333334326744,"angle":45,"type":"block"},{"time":0.33333334326744,"angle":67.5,"type":"block"},{"time":3.6666667461395,"angle":180,"type":"block"},{"time":4.3333334922791,"angle":202.5,"type":"block"},{"time":5,"angle":225,"type":"block"},{"time":5.6666665077209,"angle":247.5,"type":"block"},{"time":7.6666665077209,"angle":270,"type":"block"},{"time":7,"angle":270,"type":"block"},{"time":9,"angle":292.5,"type":"block"},{"time":9.6666669845581,"angle":315,"type":"block"},{"time":10.333333015442,"angle":337.5,"type":"block"},{"time":11,"angle":360,"type":"hold","angle2":382.5,"duration":1.3333333730698},{"time":11.666666984558,"angle":22.5,"type":"hold","angle2":45,"duration":1.3333333730698},{"time":12.333333015442,"angle":45,"type":"hold","angle2":67.5,"duration":1.3333333730698},{"time":13,"angle":67.5,"type":"hold","angle2":90,"duration":1.3333333730698},{"time":13.666666984558,"type":"hold","angle":90,"angle2":112.5,"duration":1.3333333730698},{"time":14.333333015442,"type":"hold","angle":112.5,"angle2":135,"duration":1.3333333730698},{"time":15,"type":"hold","angle":135,"angle2":157.5,"duration":1.3333333730698},{"time":15.666666984558,"type":"hold","angle":157.5,"angle2":180,"duration":1.3333333730698},{"time":16.333333969116,"type":"hold","angle":180,"angle2":202.5,"duration":1.3333333730698},{"time":17,"type":"hold","angle":202.5,"angle2":225,"duration":1.3333333730698},{"time":19.5,"type":"block","angle":270},{"time":20.833333969116,"type":"block","angle":315},{"time":20.166666030884,"type":"block","angle":292.5},{"time":21.5,"type":"hold","angle":337.5,"angle2":450,"duration":3.3333330154419},{"time":24.833333969116,"type":"hold","angle":90,"angle2":112.5,"duration":0.66666662693024},{"time":25.5,"type":"hold","angle":112.5,"angle2":135,"duration":0.66666662693024},{"time":26.166666030884,"type":"hold","angle":135,"angle2":157.5,"duration":0.66666662693024},{"time":26.833333969116,"type":"hold","angle":157.5,"angle2":112.5,"duration":1.1666667461395},{"time":28,"angle":112.5,"type":"hold","angle2":135,"duration":0.66666662693024},{"time":28.666666030884,"angle":135,"type":"hold","angle2":90,"duration":1.3333333730698},{"time":30,"angle":90,"type":"hold","angle2":67.5,"duration":0.66666662693024},{"time":30.666666030884,"angle":67.5,"type":"hold","angle2":45,"duration":0.66666662693024},{"time":31.333333969116,"angle":45,"type":"hold","angle2":22.5,"duration":0.66666662693024},{"time":32.833332061768,"type":"block","angle":348.75},{"time":32,"angle":22.5,"type":"hold","angle2":0,"duration":0.83333331346512},{"time":32.833332061768,"angle":0,"type":"hold","angle2":45,"duration":1.3333332538605},{"time":34.166667938232,"type":"block","angle":56.25},{"time":34.166667938232,"type":"hold","angle":45,"angle2":22.5,"duration":0.66666656732559},{"time":34.833332061768,"type":"block","angle":11.25},{"time":34.833332061768,"type":"hold","angle":22.5,"angle2":67.5,"duration":1.3333332538605},{"time":36.166667938232,"type":"block","angle":78.75},{"time":37.5,"type":"block","angle":112.5},{"time":37.5,"type":"block","angle":101.25},{"time":37.5,"type":"block","angle":123.75},{"time":38.833332061768,"type":"block","angle":123.75},{"time":38.833332061768,"type":"block","angle":135},{"time":38.833332061768,"type":"block","angle":146.25},{"time":39.5,"type":"block","angle":146.25},{"time":39.5,"type":"block","angle":157.5},{"time":39.5,"type":"block","angle":168.75},{"time":40.666667938232,"type":"block","angle":180},{"time":41.333332061768,"type":"block","angle":180},{"time":42,"type":"block","angle":180},{"time":42.666667938232,"type":"hold","angle":180,"angle2":270,"duration":3.3333334922791},{"time":46,"type":"block","angle":264.375},{"time":46,"type":"block","angle":275.625},{"time":46.666667938232,"type":"block","angle":286.875},{"time":46.666667938232,"type":"block","angle":275.625},{"time":47.333332061768,"type":"block","angle":298.125},{"time":47.333332061768,"type":"block","angle":286.875},{"time":48,"type":"block","angle":309.375},{"time":48,"type":"block","angle":298.125},{"time":46,"type":"block","angle":84.375},{"time":46,"type":"block","angle":95.625},{"time":46.666667938232,"type":"block","angle":95.625},{"time":46.666667938232,"type":"block","angle":106.875},{"time":47.333332061768,"type":"block","angle":106.875},{"time":47.333332061768,"type":"block","angle":118.125},{"time":48,"type":"block","angle":118.125},{"time":48,"type":"block","angle":129.375},{"time":49.333332061768,"type":"hold","angle":315,"angle2":360,"duration":0.66666662693024},{"time":49.333332061768,"type":"hold","angle":135,"angle2":180,"duration":0.66666662693024},{"time":51.5,"type":"hold","angle":0,"angle2":22.5,"duration":0.66666662693024},{"time":51.5,"type":"hold","angle":180,"angle2":202.5,"duration":0.66666662693024},{"time":52.166667938232,"type":"hold","angle":22.5,"angle2":-22.5,"duration":0.66666662693024},{"time":52.166667938232,"type":"hold","angle":202.5,"angle2":157.5,"duration":0.66666662693024},{"time":52.833332061768,"type":"hold","angle":337.5,"angle2":315,"duration":0.66666662693024},{"time":52.833332061768,"type":"hold","angle":157.5,"angle2":135,"duration":0.66666662693024},{"time":53.5,"endTap":true,"type":"hold","angle2":720,"angle":315,"duration":7.1666641235352},{"time":53.5,"endTap":true,"angle":135,"angle2":540,"type":"hold","duration":7.1666641235352},{"time":54,"type":"extraTap","angle":0},{"time":54.666667938232,"type":"extraTap","angle":0},{"time":55.333332061768,"type":"extraTap","angle":0},{"time":56,"type":"extraTap","angle":0},{"time":56.666667938232,"type":"extraTap","angle":360},{"time":57.333332061768,"type":"extraTap","angle":0},{"time":58,"type":"extraTap","angle":0},{"time":58.666667938232,"type":"extraTap","angle":0},{"time":59.333332061768,"type":"extraTap","angle":0},{"time":60,"type":"extraTap","angle":0},{"time":60.666667938232,"type":"extraTap","angle":11.25},{"time":62,"angle":360,"type":"hold","angle2":371.25,"duration":0.66666662693024},{"time":62,"angle":0,"type":"hold","angle2":-11.25,"duration":0.66666662693024},{"time":62.666667938232,"angle":348.75,"type":"hold","angle2":371.25,"duration":0},{"time":63.333332061768,"type":"hold","angle":5.625,"angle2":16.875,"duration":0.66666662693024},{"time":63.333332061768,"angle2":-5.625,"type":"hold","angle":5.625,"duration":0.66666662693024},{"time":64,"type":"hold","angle":354.375,"angle2":376.875,"duration":0},{"time":62,"type":"hold","angle":0,"angle2":22.5,"duration":5.3333325386047},{"time":67.333335876465,"angle":22.5,"type":"hold","angle2":33.75,"duration":0.66666662693024},{"time":67.333335876465,"angle":22.5,"type":"hold","angle2":11.25,"duration":0.66666662693024},{"time":68,"angle":371.25,"type":"hold","angle2":393.75,"duration":0},{"time":68.666664123535,"angle":28.125,"type":"hold","angle2":39.375,"duration":0.66666662693024},{"time":68.666664123535,"angle":28.125,"type":"hold","angle2":16.875,"duration":0.66666662693024},{"time":69.333335876465,"angle":39.375,"type":"hold","angle2":16.875,"duration":0},{"time":70.5,"type":"block","angle":22.5},{"time":70.5,"type":"block","angle":33.75},{"time":71.166664123535,"type":"block","angle":33.75},{"time":71.166664123535,"type":"block","angle":45},{"time":72.5,"type":"block","angle":45},{"time":72.5,"type":"block","angle":56.25},{"time":73.166664123535,"type":"block","angle":56.25},{"time":73.166664123535,"type":"block","angle":67.5},{"time":73.833335876465,"type":"block","angle":56.25},{"time":73.833335876465,"type":"block","angle":45},{"time":74.5,"type":"hold","angle":45,"angle2":22.5,"duration":0.66666656732559},{"time":74.5,"type":"hold","angle":33.75,"angle2":22.5,"duration":0.66666662693024},{"time":74.5,"angle":33.75,"type":"hold","angle2":45,"duration":0},{"time":75.166664123535,"type":"block","angle":22.5},{"time":76.5,"type":"block","angle":360},{"time":76.5,"type":"block","angle":348.75},{"time":76.5,"type":"block","angle":11.25},{"time":77.166664123535,"type":"block","angle":348.75},{"time":77.166664123535,"type":"block","angle":360},{"time":77.166664123535,"type":"block","angle":11.25},{"time":78.5,"type":"block","angle":337.5},{"time":78.5,"type":"block","angle":348.75},{"time":78.5,"type":"block","angle":360},{"time":79.833335876465,"type":"block","angle":0},{"time":79.833335876465,"type":"block","angle":11.25},{"time":79.833335876465,"type":"block","angle":22.5},{"time":81.166664123535,"type":"block","angle":11.25},{"time":81.333335876465,"type":"block","angle":360},{"time":81.5,"type":"block","angle":348.75},{"time":81.833335876465,"type":"block","speedMult":0.95000004768372,"angle":348.75},{"time":82,"angle":360,"speedMult":0.90000009536743,"type":"block"},{"time":82.166664123535,"angle":11.25,"speedMult":0.85000014305115,"type":"block"},{"time":82.916664123535,"type":"block","speedMult":0.76000022888184,"angle":33.75},{"time":83.166664123535,"angle":337.5,"speedMult":0.75000023841858,"type":"block"},{"time":82.666664123535,"angle":0,"speedMult":0.77000021934509,"type":"block"},{"time":83.416664123535,"angle":0,"type":"hold","angle2":11.25,"duration":1.7500003576279},{"time":85.25,"type":"block","angle":0},{"time":85.395835876465,"type":"block","angle":348.75},{"time":85.9375,"type":"block","angle":337.5},{"time":86.166664123535,"type":"block","angle":326.25},{"time":86.625,"type":"block","angle":303.75},{"time":86.6875,"type":"block","angle":315},{"time":86.75,"type":"block","angle":326.25},{"time":86.8125,"type":"block","angle":337.5},{"time":86.875,"type":"block","angle":348.75},{"time":87.5625,"type":"block","angle":0},{"time":87.625,"type":"block","angle":348.75},{"time":87.625,"type":"block","angle":11.25},{"time":87.6875,"type":"block","angle":360},{"time":87.75,"type":"block","angle":11.25},{"time":87.75,"type":"block","angle":348.75},{"time":88.125,"type":"block","angle":22.5},{"time":88.1875,"type":"block","angle":11.25},{"time":88.375,"type":"block","angle":337.5},{"time":88.4375,"type":"block","angle":348.75},{"time":88.875,"type":"block","angle":0},{"time":88.875,"type":"block","angle":11.25},{"time":88.875,"type":"block","angle":348.75},{"time":89.125,"angle":0,"type":"hold","angle2":0,"duration":1.4375},{"time":89.125,"angle":11.25,"type":"hold","angle2":0,"duration":1.4375},{"time":89.125,"angle":348.75,"type":"hold","angle2":360,"duration":1.4375},{"time":90.8125,"type":"block","angle":11.25},{"time":90.875,"type":"block","angle":22.5},{"time":91.0625,"type":"block","angle":45},{"time":91.125,"type":"block","angle":56.25},{"time":91.375,"type":"hold","angle":90,"angle2":360,"duration":1.1875},{"time":91.3125,"type":"hold","angle":78.75,"angle2":360,"duration":1.25},{"time":92.625,"type":"block","angle":11.25},{"time":92.625,"type":"block","angle":348.75},{"time":92.875,"type":"block","angle":348.75},{"time":92.875,"type":"block","angle":0},{"time":92.875,"type":"block","angle":11.25},{"time":93.0625,"type":"block","angle":360},{"time":93.3125,"type":"block","angle":11.25},{"time":93.8125,"type":"block","angle":22.5},{"time":94.0625,"type":"block","angle":33.75},{"time":93.0625,"type":"block","angle":11.25},{"time":93.3125,"type":"block","angle":22.5},{"time":93.8125,"type":"block","angle":33.75},{"time":94.0625,"type":"block","angle":45},{"time":94.625,"type":"block","angle":45},{"time":94.625,"type":"block","angle":56.25},{"time":94.875,"type":"block","angle":56.25},{"time":94.875,"type":"block","angle":67.5},{"time":95.3125,"angle":90,"type":"hold","angle2":450,"duration":3.25},{"time":98.5625,"type":"block","angle":78.75},{"time":98.5625,"type":"block","angle":101.25},{"time":98.8125,"type":"block","angle":90},{"time":98.8125,"type":"block","angle":67.5},{"time":99.0625,"type":"block","angle":78.75},{"time":99.0625,"type":"block","angle":56.25},{"time":99.3125,"type":"block","angle":67.5},{"time":99.3125,"type":"hold","angle":45,"angle2":-22.5,"duration":1.75},{"time":101.1875,"type":"block","angle":348.75},{"time":101.3125,"type":"block","angle":360},{"time":101.75,"type":"block","angle":45},{"time":101.8125,"type":"block","angle":33.75},{"time":102,"type":"block","angle":326.25},{"time":102.0625,"type":"block","angle":337.5},{"time":102.6875,"type":"block","angle":360},{"time":102.5625,"type":"block","angle":348.75},{"time":102.5625,"type":"block","angle":11.25},{"time":102.8125,"type":"block","angle":348.75},{"time":102.8125,"type":"block","angle":11.25},{"time":103.4375,"angle":0,"type":"hold","angle2":11.25,"duration":0.625},{"time":103.4375,"angle":0,"type":"hold","angle2":-11.25,"duration":0.625},{"time":104.0625,"angle":348.75,"type":"hold","angle2":371.25,"duration":0},{"time":104.3125,"angle":348.75,"type":"hold","angle2":360,"duration":0.5},{"time":104.3125,"angle":11.25,"type":"hold","angle2":0,"duration":0.5},{"time":104.3125,"angle":348.75,"type":"hold","angle2":371.25,"duration":0},{"time":105.0625,"angle":-11.25,"type":"hold","angle2":-348.75,"duration":0},{"time":106.5625,"type":"block","angle":0},{"time":106.8125,"type":"block","angle":11.25},{"time":107.0625,"type":"block","angle":22.5},{"time":107.3125,"type":"hold","angle":22.5,"angle2":-315,"duration":0},{"time":107.3125,"type":"hold","angle":22.5,"angle2":11.25,"duration":1.1875},{"time":107.3125,"type":"hold","angle":45,"angle2":11.25,"duration":1.1875},{"time":108.75,"type":"block","angle":0},{"time":109,"type":"block","angle":348.75},{"time":109.25,"type":"hold","angle":326.25,"angle2":-11.25,"duration":0},{"time":109.8125,"type":"hold","angle":337.5,"angle2":0,"duration":0},{"time":110,"angle":348.75,"type":"hold","angle2":11.25,"duration":0},{"time":110.5,"type":"block","angle":0},{"time":110.75,"type":"block","angle":11.25},{"time":110.75,"type":"block","angle":22.5},{"time":111.1875,"angle":348.75,"type":"hold","angle2":360,"duration":1},{"time":112.125,"type":"block","angle":5.625},{"time":112.125,"type":"block","angle":354.375},{"time":-1.6666666269302,"angle":67.5,"type":"mineHold","angle2":146.25,"duration":2},{"time":-1.6666666269302,"angle2":360,"angle":292.5,"type":"mineHold","duration":2},{"time":-3,"type":"mineHold","angle":180,"angle2":67.5,"duration":1.3333333730698},{"time":-3,"type":"mineHold","angle2":292.5,"angle":180,"duration":1.3333333730698},{"time":-2.6666667461395,"angle":180,"type":"mine"},{"time":-2.3333332538605,"angle":191.25,"type":"mine"},{"time":-2.3333332538605,"angle":168.75,"type":"mine"},{"time":-2,"angle":180,"type":"mine"},{"time":-2,"angle":202.5,"type":"mine"},{"time":-2,"angle":157.5,"type":"mine"},{"time":-2,"angle":135,"type":"mine"},{"time":-2,"angle":225,"type":"mine"},{"time":-2.3333332538605,"angle":146.25,"type":"mine"},{"time":-2.3333332538605,"angle":213.75,"type":"mine"},{"time":-1.6666666269302,"angle":146.25,"type":"mine"},{"time":-1.6666666269302,"angle":123.75,"type":"mine"},{"time":-1.6666666269302,"angle":101.25,"type":"mine"},{"time":-1.6666666269302,"angle":168.75,"type":"mine"},{"time":-1.6666666269302,"angle":191.25,"type":"mine"},{"time":-1.6666666269302,"angle":213.75,"type":"mine"},{"time":-1.6666666269302,"angle":236.25,"type":"mine"},{"time":-1.6666666269302,"angle":258.75,"type":"mine"},{"time":-1.3333333730698,"angle":112.5,"type":"mine"},{"time":-1.3333333730698,"angle":135,"type":"mine"},{"time":-1.3333333730698,"angle":157.5,"type":"mine"},{"time":-1.3333333730698,"angle":180,"type":"mine"},{"time":-1.3333333730698,"angle":202.5,"type":"mine"},{"time":-1.3333333730698,"angle":225,"type":"mine"},{"time":-1.3333333730698,"angle":247.5,"type":"mine"},{"time":-1.3333333730698,"angle":270,"type":"mine"},{"time":-1,"angle":123.75,"type":"mine"},{"time":-1,"angle":146.25,"type":"mine"},{"time":-1,"angle":168.75,"type":"mine"},{"time":-1,"angle":191.25,"type":"mine"},{"time":-1,"angle":213.75,"type":"mine"},{"time":-1,"angle":236.25,"type":"mine"},{"time":-1,"angle":258.75,"type":"mine"},{"time":-1,"angle":281.25,"type":"mine"},{"time":-0.66666668653488,"angle":135,"type":"mine"},{"time":-0.66666668653488,"angle":157.5,"type":"mine"},{"time":-0.66666668653488,"angle":180,"type":"mine"},{"time":-0.66666668653488,"angle":202.5,"type":"mine"},{"time":-0.66666668653488,"angle":225,"type":"mine"},{"time":-0.66666668653488,"angle":247.5,"type":"mine"},{"time":-0.66666668653488,"angle":270,"type":"mine"},{"time":-0.66666668653488,"angle":292.5,"type":"mine"},{"time":-0.33333334326744,"angle":146.25,"type":"mine"},{"time":-0.33333334326744,"angle":168.75,"type":"mine"},{"time":-0.33333334326744,"angle":191.25,"type":"mine"},{"time":-0.33333334326744,"angle":213.75,"type":"mine"},{"time":-0.33333334326744,"angle":236.25,"type":"mine"},{"time":-0.33333334326744,"angle":258.75,"type":"mine"},{"time":-0.33333334326744,"angle":281.25,"type":"mine"},{"time":-0.33333334326744,"angle":303.75,"type":"mine"},{"time":0,"angle":157.5,"type":"mine"},{"time":-0,"angle":180,"type":"mine"},{"time":-0,"angle":202.5,"type":"mine"},{"time":-0,"angle":225,"type":"mine"},{"time":-0,"angle":247.5,"type":"mine"},{"time":-0,"angle":270,"type":"mine"},{"time":-0,"angle":292.5,"type":"mine"},{"time":-0,"angle":315,"type":"mine"},{"time":0.33333334326744,"angle":326.25,"type":"mine"},{"time":0.33333334326744,"angle":303.75,"type":"mine"},{"time":0.33333334326744,"angle":281.25,"type":"mine"},{"time":0.33333334326744,"angle":258.75,"type":"mine"},{"time":0.33333334326744,"angle":236.25,"type":"mine"},{"time":0.33333334326744,"angle":213.75,"type":"mine"},{"time":0.33333334326744,"angle":191.25,"type":"mine"},{"time":0.33333334326744,"angle":168.75,"type":"mine"},{"time":0.33333334326744,"type":"mineHold","angle2":112.5,"angle":0,"duration":3.3333330154419},{"time":0.66666668653488,"angle":157.5,"type":"mine"},{"time":1,"angle":180,"type":"mine"},{"time":1.3333333730698,"angle":202.5,"type":"mine"},{"time":1.6666666269302,"angle":225,"type":"mine"},{"time":2,"angle":247.5,"type":"mine"},{"time":2.3333332538605,"angle":270,"type":"mine"},{"time":2.6666667461395,"angle":292.5,"type":"mine"},{"time":3,"angle":315,"type":"mine"},{"time":3.3333332538605,"angle":337.5,"type":"mine"},{"time":3.3333332538605,"type":"mine","angle":281.25},{"time":4,"type":"mine","angle":270},{"time":3.6666667461395,"type":"mine","angle":303.75},{"time":4,"type":"mine","angle":326.25},{"time":4.6666665077209,"type":"mine","angle":315},{"time":4.3333334922791,"type":"mineHold","angle2":146.25,"angle":135,"duration":0.66666662693024},{"time":4,"type":"mine","angle":123.75},{"time":5,"type":"mineHold","angle2":146.25,"angle":112.5,"duration":0},{"time":4.3333334922791,"angle":135,"type":"mineHold","angle2":112.5,"duration":0.66666662693024},{"time":4.3333334922791,"angle":270,"type":"mineHold","angle2":303.75,"duration":0.66666662693024},{"time":4.3333334922791,"angle":292.5,"type":"mine"},{"time":5.3333334922791,"angle":315,"type":"mine"},{"time":5.6666665077209,"angle":326.25,"type":"mine"},{"time":5.3333334922791,"type":"mine","angle":157.5},{"time":5.6666665077209,"type":"mine","angle":168.75},{"time":6,"angle":180,"angle2":202.5,"type":"mineHold","duration":1},{"time":6,"angle":337.5,"angle2":337.5,"type":"mineHold","duration":1},{"time":7.3333334922791,"type":"mine","angle":337.5},{"time":7.3333334922791,"type":"mine","angle":202.5},{"time":7.6666665077209,"type":"mine","angle":337.5},{"time":7.6666665077209,"type":"mine","angle":202.5},{"time":8,"angle":337.5,"angle2":360,"type":"mineHold","duration":1},{"time":8,"angle2":213.75,"angle":202.5,"type":"mineHold","duration":1},{"time":9.3333330154419,"type":"mine","angle":22.5},{"time":9.3333330154419,"type":"mine","angle":236.25},{"time":9.6666669845581,"type":"mine","angle":22.5},{"time":9.6666669845581,"type":"mine","angle":236.25},{"time":10,"type":"mine","angle":45},{"time":10.333333015442,"type":"mine","angle":45},{"time":10,"type":"mine","angle":258.75},{"time":10.333333015442,"type":"mine","angle":258.75},{"time":11,"angle2":112.5,"angle":90,"type":"mineHold","duration":1.3333333730698},{"time":11,"angle":270,"angle2":292.5,"type":"mineHold","duration":1.3333333730698},{"time":11,"angle2":202.5,"angle":180,"type":"mineHold","duration":1.3333333730698},{"time":11.666666984558,"angle2":135,"angle":112.5,"type":"mineHold","duration":1.3333333730698},{"time":11.666666984558,"angle2":225,"angle":202.5,"type":"mineHold","duration":1.3333333730698},{"time":11.666666984558,"angle2":315,"angle":292.5,"type":"mineHold","duration":1.3333333730698},{"time":12.333333015442,"angle":135,"angle2":157.5,"type":"mineHold","duration":1.3333333730698},{"time":12.333333015442,"angle2":247.5,"angle":225,"type":"mineHold","duration":1.3333333730698},{"time":12.333333015442,"angle":315,"angle2":337.5,"type":"mineHold","duration":1.3333333730698},{"time":13,"angle2":180,"angle":157.5,"type":"mineHold","duration":1.3333333730698},{"time":13,"angle2":270,"angle":247.5,"type":"mineHold","duration":1.3333333730698},{"time":13,"angle":337.5,"angle2":360,"type":"mineHold","duration":1.3333333730698},{"time":13.666666984558,"angle2":202.5,"angle":180,"type":"mineHold","duration":1.3333333730698},{"time":13.666666984558,"angle":270,"angle2":292.5,"type":"mineHold","duration":1.3333333730698},{"time":13.666666984558,"angle":360,"angle2":382.5,"type":"mineHold","duration":1.3333333730698},{"time":14.333333015442,"angle2":225,"angle":202.5,"type":"mineHold","duration":1.3333333730698},{"time":14.333333015442,"angle2":315,"angle":292.5,"type":"mineHold","duration":1.3333333730698},{"time":14.333333015442,"angle2":45,"angle":22.5,"type":"mineHold","duration":1.3333333730698},{"time":15,"angle":225,"angle2":247.5,"type":"mineHold","duration":1.3333333730698},{"time":15,"angle":315,"angle2":337.5,"type":"mineHold","duration":1.3333333730698},{"time":15,"angle":45,"angle2":67.5,"type":"mineHold","duration":1.3333333730698},{"time":15.666666984558,"angle":247.5,"angle2":270,"type":"mineHold","duration":1.3333333730698},{"time":15.666666984558,"angle2":360,"angle":337.5,"type":"mineHold","duration":1.3333333730698},{"time":15.666666984558,"angle2":90,"angle":67.5,"type":"mineHold","duration":1.3333333730698},{"time":16.333333969116,"angle":270,"angle2":292.5,"type":"mineHold","duration":1.3333333730698},{"time":16.333333969116,"angle2":22.5,"angle":0,"type":"mineHold","duration":1.3333333730698},{"time":16.333333969116,"angle2":112.5,"angle":90,"type":"mineHold","duration":1.3333333730698},{"time":17,"angle2":315,"angle":292.5,"type":"mineHold","duration":1.3333333730698},{"time":17,"angle2":45,"angle":22.5,"type":"mineHold","duration":1.3333333730698},{"time":17,"angle":112.5,"angle2":135,"type":"mineHold","duration":1.3333333730698},{"time":11,"angle":135,"type":"mine"},{"time":11,"angle":225,"type":"mine"},{"time":11,"angle":123.75,"type":"mine"},{"time":11,"angle":146.25,"type":"mine"},{"time":11,"angle":213.75,"type":"mine"},{"time":11,"angle":236.25,"type":"mine"},{"time":11.333333015442,"angle":135,"type":"mine"},{"time":11.333333015442,"angle":146.25,"type":"mine"},{"time":11.333333015442,"angle":157.5,"type":"mine"},{"time":11.333333015442,"angle":225,"type":"mine"},{"time":11.333333015442,"angle":236.25,"type":"mine"},{"time":11.333333015442,"angle":247.5,"type":"mine"},{"time":11.666666984558,"angle":146.25,"type":"mine"},{"time":11.666666984558,"angle":157.5,"type":"mine"},{"time":11.666666984558,"angle":168.75,"type":"mine"},{"time":11.666666984558,"angle":236.25,"type":"mine"},{"time":11.666666984558,"angle":247.5,"type":"mine"},{"time":11.666666984558,"angle":258.75,"type":"mine"},{"time":12,"angle":157.5,"type":"mine"},{"time":12,"angle":168.75,"type":"mine"},{"time":12,"angle":180,"type":"mine"},{"time":12,"angle":247.5,"type":"mine"},{"time":12,"angle":258.75,"type":"mine"},{"time":12,"angle":270,"type":"mine"},{"time":12.333333015442,"angle":168.75,"type":"mine"},{"time":12.333333015442,"angle":180,"type":"mine"},{"time":12.333333015442,"angle":191.25,"type":"mine"},{"time":12.333333015442,"angle":258.75,"type":"mine"},{"time":12.333333015442,"angle":270,"type":"mine"},{"time":12.333333015442,"angle":281.25,"type":"mine"},{"time":12.666666984558,"angle":180,"type":"mine"},{"time":12.666666984558,"angle":191.25,"type":"mine"},{"time":12.666666984558,"angle":202.5,"type":"mine"},{"time":12.666666984558,"angle":270,"type":"mine"},{"time":12.666666984558,"angle":281.25,"type":"mine"},{"time":12.666666984558,"angle":292.5,"type":"mine"},{"time":13,"angle":191.25,"type":"mine"},{"time":13,"angle":202.5,"type":"mine"},{"time":13,"angle":213.75,"type":"mine"},{"time":13,"angle":281.25,"type":"mine"},{"time":13,"angle":292.5,"type":"mine"},{"time":13,"angle":303.75,"type":"mine"},{"time":13.333333015442,"angle":202.5,"type":"mine"},{"time":13.333333015442,"angle":213.75,"type":"mine"},{"time":13.333333015442,"angle":225,"type":"mine"},{"time":13.333333015442,"angle":292.5,"type":"mine"},{"time":13.333333015442,"angle":303.75,"type":"mine"},{"time":13.333333015442,"angle":315,"type":"mine"},{"time":13.666666984558,"angle":213.75,"type":"mine"},{"time":13.666666984558,"angle":225,"type":"mine"},{"time":13.666666984558,"angle":236.25,"type":"mine"},{"time":13.666666984558,"angle":303.75,"type":"mine"},{"time":13.666666984558,"angle":315,"type":"mine"},{"time":13.666666984558,"angle":326.25,"type":"mine"},{"time":14,"angle":225,"type":"mine"},{"time":14,"angle":236.25,"type":"mine"},{"time":14,"angle":247.5,"type":"mine"},{"time":14,"angle":326.25,"type":"mine"},{"time":14,"angle":337.5,"type":"mine"},{"time":14,"angle":315,"type":"mine"},{"time":14.333333015442,"angle":236.25,"type":"mine"},{"time":14.333333015442,"type":"mine","angle":247.5},{"time":14.333333015442,"type":"mine","angle":258.75},{"time":14.333333015442,"type":"mine","angle":326.25},{"time":14.333333015442,"type":"mine","angle":337.5},{"time":14.333333015442,"type":"mine","angle":348.75},{"time":14.666666984558,"type":"mine","angle":247.5},{"time":14.666666984558,"type":"mine","angle":258.75},{"time":14.666666984558,"type":"mine","angle":270},{"time":14.666666984558,"type":"mine","angle":337.5},{"time":14.666666984558,"type":"mine","angle":348.75},{"time":14.666666984558,"type":"mine","angle":360},{"time":15,"type":"mine","angle":258.75},{"time":15,"type":"mine","angle":270},{"time":15,"type":"mine","angle":281.25},{"time":15,"type":"mine","angle":348.75},{"time":15,"type":"mine","angle":0},{"time":15,"type":"mine","angle":11.25},{"time":15.333333015442,"type":"mine","angle":270},{"time":15.333333015442,"type":"mine","angle":281.25},{"time":15.333333015442,"type":"mine","angle":292.5},{"time":15.333333015442,"type":"mine","angle":0},{"time":15.333333015442,"type":"mine","angle":11.25},{"time":15.333333015442,"type":"mine","angle":22.5},{"time":15.666666984558,"type":"mine","angle":281.25},{"time":15.666666984558,"type":"mine","angle":292.5},{"time":15.666666984558,"type":"mine","angle":303.75},{"time":15.666666984558,"type":"mine","angle":11.25},{"time":15.666666984558,"type":"mine","angle":22.5},{"time":15.666666984558,"type":"mine","angle":33.75},{"time":16,"type":"mine","angle":292.5},{"time":16,"type":"mine","angle":303.75},{"time":16,"type":"mine","angle":315},{"time":16,"type":"mine","angle":22.5},{"time":16,"type":"mine","angle":33.75},{"time":16,"type":"mine","angle":45},{"time":16.333333969116,"type":"mine","angle":303.75},{"time":16.333333969116,"type":"mine","angle":315},{"time":16.333333969116,"type":"mine","angle":326.25},{"time":16.333333969116,"type":"mine","angle":33.75},{"time":16.333333969116,"type":"mine","angle":45},{"time":16.333333969116,"type":"mine","angle":56.25},{"time":16.666666030884,"type":"mine","angle":315},{"time":16.666666030884,"type":"mine","angle":326.25},{"time":16.666666030884,"type":"mine","angle":337.5},{"time":16.666666030884,"type":"mine","angle":45},{"time":16.666666030884,"type":"mine","angle":56.25},{"time":16.666666030884,"type":"mine","angle":67.5},{"time":17,"type":"mine","angle":326.25},{"time":17,"type":"mine","angle":337.5},{"time":17,"type":"mine","angle":348.75},{"time":17,"type":"mine","angle":56.25},{"time":17,"type":"mine","angle":67.5},{"time":17,"type":"mine","angle":78.75},{"time":17.333333969116,"type":"mine","angle":337.5},{"time":17.333333969116,"type":"mine","angle":348.75},{"time":17.333333969116,"type":"mine","angle":360},{"time":17.333333969116,"type":"mine","angle":67.5},{"time":17.333333969116,"type":"mine","angle":78.75},{"time":17.333333969116,"type":"mine","angle":90},{"time":17.666666030884,"type":"mine","angle":348.75},{"time":17.666666030884,"type":"mine","angle":360},{"time":17.666666030884,"type":"mine","angle":11.25},{"time":17.666666030884,"type":"mine","angle":78.75},{"time":17.666666030884,"type":"mine","angle":90},{"time":17.666666030884,"type":"mine","angle":101.25},{"time":18,"type":"mine","angle":360},{"time":18,"type":"mine","angle":11.25},{"time":18,"type":"mine","angle":22.5},{"time":18,"type":"mine","angle":90},{"time":18,"type":"mine","angle":101.25},{"time":18,"type":"mine","angle":112.5},{"time":18.333333969116,"type":"mine","angle":11.25},{"time":18.333333969116,"type":"mine","angle":22.5},{"time":18.333333969116,"type":"mine","angle":33.75},{"time":18.333333969116,"type":"mine","angle":101.25},{"time":18.333333969116,"type":"mine","angle":112.5},{"time":18.333333969116,"type":"mine","angle":123.75},{"time":19.5,"type":"mine","angle":0},{"time":19.5,"type":"mine","angle":180},{"time":20.166666030884,"type":"mine","angle":22.5},{"time":20.166666030884,"type":"mine","angle":202.5},{"time":20.833333969116,"type":"mine","angle":45},{"time":20.833333969116,"type":"mine","angle":225},{"time":19.5,"type":"mine","angle":90},{"time":20.166666030884,"type":"mine","angle":112.5},{"time":20.833333969116,"type":"mine","angle":135},{"time":21.5,"angle2":67.5,"angle":67.5,"type":"mineHold","duration":0.49999994039536},{"time":21.5,"angle2":247.5,"type":"mineHold","angle":247.5,"duration":1},{"time":21.5,"angle2":157.5,"type":"mineHold","angle":157.5,"duration":1},{"time":21.5,"angle":112.5,"type":"mineHold","angle2":112.5,"duration":1},{"time":21.5,"angle2":202.5,"type":"mineHold","angle":202.5,"duration":1},{"time":22,"angle":90,"angle2":90,"type":"mineHold","duration":0.49999994039536},{"time":22.5,"angle2":135,"type":"mineHold","angle":135,"duration":1},{"time":22.5,"angle":180,"type":"mineHold","angle2":180,"duration":1},{"time":22.5,"angle2":225,"type":"mineHold","angle":225,"duration":1},{"time":22.5,"angle":270,"type":"mineHold","angle2":270,"duration":1},{"time":22.5,"type":"mineHold","angle":101.25,"angle2":101.25,"duration":0.49999994039536},{"time":22.5,"type":"mineHold","angle2":315,"angle":315,"duration":1},{"time":23.5,"type":"mineHold","angle2":292.5,"angle":292.5,"duration":1},{"time":23.5,"type":"mineHold","angle":247.5,"angle2":247.5,"duration":1},{"time":23.5,"type":"mineHold","angle2":202.5,"angle":202.5,"duration":1},{"time":23.5,"type":"mineHold","angle2":157.5,"angle":157.5,"duration":1},{"time":23,"type":"mineHold","angle":112.5,"angle2":112.5,"duration":0.49999994039536},{"time":23.5,"type":"mineHold","angle2":123.75,"angle":123.75,"duration":0.49999994039536},{"time":22,"type":"mineHold","angle2":292.5,"angle":292.5,"duration":0.49999994039536},{"time":23.5,"type":"mineHold","angle2":337.5,"angle":337.5,"duration":1},{"time":24.5,"type":"mineHold","angle":180,"angle2":180,"duration":0.49999994039536},{"time":24.5,"type":"mineHold","angle":225,"angle2":225,"duration":0.49999994039536},{"time":24.5,"type":"mineHold","angle2":270,"angle":270,"duration":0.49999994039536},{"time":24.5,"type":"mineHold","angle2":315,"angle":315,"duration":0.49999994039536},{"time":24.5,"type":"mineHold","angle":0,"angle2":0,"duration":0.49999994039536},{"time":26.833333969116,"endAngle":67.5,"angle":135,"angle2":22.5,"type":"mineHold","duration":1.1666666269302},{"time":26.833333969116,"endAngle":247.5,"type":"mineHold","angle2":202.5,"angle":180,"duration":1.1666666269302},{"time":28.666666030884,"endAngle":45,"angle2":0,"angle":112.5,"type":"mineHold","duration":1.3333332538605},{"time":28.666666030884,"endAngle":225,"angle":157.5,"angle2":180,"type":"mineHold","duration":1.3333332538605},{"time":32,"endAngle":112.5,"angle2":90,"type":"mineHold","angle":45,"duration":0.83333331346512},{"time":32,"endAngle":-67.5,"angle2":-90,"type":"mineHold","angle":0,"duration":0.83333331346512},{"time":37.5,"angle2":-168.75,"type":"mineHold","angle":33.75,"duration":0},{"time":38.833332061768,"angle2":56.25,"type":"mineHold","angle":-146.25,"duration":0},{"time":39.5,"type":"mineHold","angle":78.75,"angle2":-123.75,"duration":0},{"time":40.666667938232,"angle2":112.5,"angle":123.75,"type":"mineHold","duration":1.3333332538605},{"time":40.666667938232,"angle":236.25,"angle2":247.5,"type":"mineHold","duration":1.3333332538605},{"time":46,"angle":348.75,"angle2":371.25,"type":"mineHold","duration":0},{"time":46,"angle2":191.25,"type":"mineHold","angle":168.75,"duration":0},{"time":46.666667938232,"type":"mine","angle":0},{"time":46.666667938232,"type":"mine","angle":202.5},{"time":46.666667938232,"type":"mine","angle":22.5},{"time":46.666667938232,"type":"mine","angle":180},{"time":47.333332061768,"type":"mine","angle":11.25},{"time":47.333332061768,"type":"mine","angle":33.75},{"time":47.333332061768,"type":"mine","angle":213.75},{"time":47.333332061768,"type":"mine","angle":191.25},{"time":48,"type":"mine","angle":22.5},{"time":48,"type":"mine","angle":45},{"time":48,"type":"mine","angle":202.5},{"time":48,"type":"mine","angle":225},{"time":48,"angle":33.75,"angle2":45,"type":"mineHold","duration":1.4999998807907},{"time":48,"angle":213.75,"angle2":225,"type":"mineHold","duration":1.4999998807907},{"time":50,"angle":90,"angle2":90,"type":"mineHold","duration":1.6666665077209},{"time":50,"angle2":270,"angle":270,"type":"mineHold","duration":1.6666665077209},{"time":52.166667938232,"angle":112.5,"type":"mine"},{"time":52.166667938232,"angle":292.5,"type":"mine"},{"time":52.833332061768,"angle":67.5,"type":"mine"},{"time":52.833332061768,"angle":247.5,"type":"mine"},{"time":53.5,"angle":45,"angle2":450,"type":"mineHold","duration":7.1666641235352},{"time":53.5,"angle2":630,"angle":225,"type":"mineHold","duration":7.1666641235352},{"time":62,"angle":78.75,"angle2":101.25,"type":"mineHold","duration":0},{"time":62,"angle":78.75,"angle2":90,"type":"mineHold","duration":0.66666662693024},{"time":62,"angle":101.25,"angle2":90,"type":"mineHold","duration":0.66666662693024},{"time":62,"angle2":281.25,"type":"mineHold","angle":258.75,"duration":0},{"time":62,"angle2":270,"type":"mineHold","angle":258.75,"duration":0.66666674613953},{"time":62,"angle":281.25,"type":"mineHold","angle2":270,"duration":0.66666662693024},{"time":62,"angle2":191.25,"type":"mineHold","angle":168.75,"duration":0},{"time":62,"angle2":180,"type":"mineHold","angle":168.75,"duration":0.66666662693024},{"time":62,"angle":191.25,"type":"mineHold","angle2":180,"duration":0.66666662693024},{"time":63.333332061768,"angle":84.375,"type":"mineHold","angle2":106.875,"duration":0},{"time":63.333332061768,"angle2":196.875,"angle":174.375,"type":"mineHold","duration":0},{"time":63.333332061768,"type":"mineHold","angle2":286.875,"angle":264.375,"duration":0},{"time":63.333332061768,"type":"mineHold","angle":84.375,"angle2":95.625,"duration":0.66666662693024},{"time":63.333332061768,"angle":106.875,"type":"mineHold","angle2":95.625,"duration":0.66666662693024},{"time":63.333332061768,"angle":174.375,"angle2":185.625,"type":"mineHold","duration":0.66666662693024},{"time":63.333332061768,"angle":196.875,"angle2":185.625,"type":"mineHold","duration":0.66666662693024},{"time":63.333335876465,"type":"mineHold","angle2":275.625,"angle":264.375,"duration":0.66666662693024},{"time":63.333332061768,"type":"mineHold","angle":286.875,"angle2":275.625,"duration":0.66666662693024},{"time":66.666664123535,"angle":106.875,"type":"mine"},{"time":66.666664123535,"angle":286.875,"type":"mine"},{"time":66,"angle":101.25,"type":"mine"},{"time":66,"angle":286.875,"type":"mine"},{"time":65.333335876465,"angle":281.25,"type":"mine"},{"time":65,"angle":281.25,"type":"mine"},{"time":64.666664123535,"angle":275.625,"type":"mine"},{"time":64.333335876465,"angle":275.625,"type":"mine"},{"time":64.333335876465,"angle":95.625,"type":"mine"},{"time":64.666664123535,"angle":95.625,"type":"mine"},{"time":65,"angle":101.25,"type":"mine"},{"time":65.333335876465,"angle":101.25,"type":"mine"},{"time":67.333335876465,"type":"mineHold","angle":112.5,"angle2":129.375,"duration":1.3333332538605},{"time":67.333335876465,"type":"mineHold","angle":292.5,"angle2":275.625,"duration":1.3333332538605},{"time":68,"type":"mineHold","angle2":140.625,"angle":129.375,"duration":1.3333332538605},{"time":68,"type":"mineHold","angle2":264.375,"angle":275.625,"duration":1.3333332538605},{"time":70.5,"type":"mineHold","angle":123.75,"angle2":135,"duration":1.3333332538605},{"time":70.5,"type":"mineHold","angle2":303.75,"angle":292.5,"duration":1.3333332538605},{"time":71.166664123535,"angle2":151.875,"angle":135,"type":"mineHold","duration":1.3333332538605},{"time":71.166664123535,"angle":303.75,"type":"mineHold","angle2":320.625,"duration":1.3333332538605},{"time":71.833335876465,"angle":151.875,"type":"mineHold","angle2":140.625,"duration":1.3333332538605},{"time":71.833335876465,"angle":320.625,"type":"mineHold","angle2":309.375,"duration":1.3333332538605},{"time":73.166664123535,"angle":129.375,"type":"mineHold","angle2":112.5,"duration":1.9999997615814},{"time":73.166664123535,"angle":320.625,"type":"mineHold","angle2":303.75,"duration":1.9999997615814},{"time":75.166664123535,"angle":112.5,"type":"mineHold","angle2":101.25,"duration":1.3333332538605},{"time":75.166664123535,"type":"mineHold","angle2":258.75,"angle":303.75,"duration":1.3333332538605},{"time":76.5,"type":"mine","angle":90},{"time":76.5,"type":"mine","angle":270},{"time":77.166664123535,"type":"mine","angle":90},{"time":77.166664123535,"type":"mine","angle":270},{"time":76.5,"type":"mine","angle":180},{"time":77.166664123535,"type":"mine","angle":180},{"time":78.5,"type":"mine","angle":78.75},{"time":78.5,"type":"mine","angle":168.75},{"time":78.5,"type":"mine","angle":258.75},{"time":79.833335876465,"type":"mine","angle":101.25},{"time":79.833335876465,"type":"mine","angle":191.25},{"time":79.833335876465,"type":"mine","angle":281.25},{"time":81.166664123535,"angle2":78.75,"angle":78.75,"type":"mineHold","duration":1},{"time":81.166664123535,"angle2":281.25,"angle":281.25,"type":"mineHold","duration":1},{"time":82.166664123535,"type":"mine","angle":270},{"time":82.166664123535,"type":"mine","angle":258.75},{"time":82.166664123535,"type":"mine","angle":247.5},{"time":82.166664123535,"type":"mine","angle":236.25},{"time":82.166664123535,"type":"mine","angle":225},{"time":82.166664123535,"type":"mine","angle":213.75},{"time":82.166664123535,"type":"mine","angle":202.5},{"time":82.166664123535,"type":"mine","angle":191.25},{"time":82.166664123535,"type":"mine","angle":180},{"time":82.166664123535,"type":"mine","angle":168.75},{"time":82.166664123535,"type":"mine","angle":157.5},{"time":82.166664123535,"type":"mine","angle":146.25},{"time":82.166664123535,"type":"mine","angle":135},{"time":82.166664123535,"type":"mine","angle":123.75},{"time":82.166664123535,"type":"mine","angle":112.5},{"time":82.166664123535,"type":"mine","angle":101.25},{"time":82.166664123535,"type":"mine","angle":90},{"time":82.833335876465,"type":"mine","angle":101.25},{"time":82.833335876465,"type":"mine","angle":112.5},{"time":82.833335876465,"type":"mine","angle":123.75},{"time":82.833335876465,"type":"mine","angle":270},{"time":82.833335876465,"type":"mine","angle":258.75},{"time":82.833335876465,"type":"mine","angle":247.5},{"time":82.833335876465,"type":"mine","angle":236.25},{"time":82.833335876465,"type":"mine","angle":225},{"time":82.833335876465,"type":"mine","angle":213.75},{"time":82.833335876465,"type":"mine","angle":202.5},{"time":82.833335876465,"type":"mine","angle":191.25},{"time":82.833335876465,"type":"mine","angle":180},{"time":82.833335876465,"type":"mine","angle":168.75},{"time":82.833335876465,"type":"mine","angle":157.5},{"time":82.833335876465,"type":"mine","angle":146.25},{"time":82.833335876465,"type":"mine","angle":135},{"time":82.833335876465,"angle":90,"angle2":101.25,"type":"mineHold","duration":2.3333332538605},{"time":82.833335876465,"angle2":292.5,"angle":281.25,"type":"mineHold","duration":2.3333332538605},{"time":85.166664123535,"angle2":45,"angle":101.25,"type":"mineHold","duration":0.83333331346512},{"time":85.166664123535,"angle2":236.25,"angle":292.5,"type":"mineHold","duration":1},{"time":86.166664123535,"angle2":270,"angle":236.25,"type":"mineHold","duration":0.66666662693024},{"time":86,"angle":45,"angle2":45,"type":"mineHold","duration":0.49999994039536},{"time":86.833335876465,"type":"mineHold","angle2":292.5,"angle":270,"duration":0.66666656732559},{"time":86.5,"angle2":67.5,"angle":45,"type":"mineHold","duration":0.99999994039536},{"time":88.1875,"type":"mine","angle":112.5},{"time":88.375,"type":"mine","angle":247.5},{"time":88.875,"angle2":90,"type":"mineHold","angle":90,"duration":1.6875},{"time":88.875,"angle":270,"type":"mineHold","angle2":270,"duration":1.6875},{"time":91.3125,"angle":258.75,"type":"mineHold","angle2":540,"duration":1.25},{"time":92.625,"type":"mine","angle":90},{"time":92.625,"type":"mine","angle":270},{"time":92.625,"type":"mine","angle":180},{"time":92.75,"angle":78.75,"type":"mine"},{"time":92.75,"angle":101.25,"type":"mine"},{"time":92.75,"angle":168.75,"type":"mine"},{"time":92.75,"angle":191.25,"type":"mine"},{"time":92.75,"angle":281.25,"type":"mine"},{"time":92.75,"angle":258.75,"type":"mine"},{"time":95.3125,"type":"mineHold","angle":270,"angle2":630,"duration":3.25},{"time":98.5625,"type":"mineHold","angle2":78.75,"angle":191.25,"duration":1.5},{"time":100.8125,"angle2":281.25,"type":"mineHold","angle":247.5,"duration":0.5},{"time":101.5,"type":"mineHold","angle2":101.25,"angle":135,"duration":0.5},{"time":101.75,"type":"mineHold","angle2":270,"angle":236.25,"duration":0.5},{"time":105.3125,"type":"mineHold","angle":292.5,"angle2":67.5,"duration":0},{"time":107.5625,"type":"mineHold","angle":-33.75,"angle2":-258.75,"duration":0},{"time":109.5,"type":"mineHold","angle2":45,"angle":258.75,"duration":0},{"time":110.25,"type":"mineHold","angle2":78.75,"angle":281.25,"duration":0},{"time":110.5,"angle2":315,"type":"mineHold","angle":281.25,"duration":0.25},{"time":110.625,"angle2":101.25,"type":"mineHold","angle":90,"duration":0.25},{"time":111.1875,"angle":78.75,"type":"mineHold","angle2":90,"duration":1},{"time":111.1875,"angle2":270,"type":"mineHold","angle":258.75,"duration":1},{"time":111.1875,"angle":168.75,"type":"mineHold","angle2":180,"duration":1}]