[{"angle":22.5,"time":1.5,"type":"block"},{"angle":22.5,"time":2,"type":"block"},{"angle":45,"time":2.5,"type":"block"},{"angle":90,"time":4,"type":"block"},{"angle":112.5,"time":4.5,"type":"block"},{"angle":360,"time":0,"type":"block"},{"angle":180,"time":5,"type":"block"},{"angle":225,"time":5.5,"type":"block"},{"angle":270,"time":6,"type":"block"},{"angle":0,"angle2":0,"type":"hold","time":0.5,"duration":0.5},{"angle":45,"angle2":67.5,"type":"hold","time":3,"duration":0.5},{"angle":292.5,"angle2":67.5,"type":"mineHold","duration":0,"speedMult":3,"time":-1,"segments":5},{"angle":22.5,"angle2":-202.5,"type":"mineHold","duration":0,"speedMult":3,"time":4,"segments":5},{"angle":157.5,"angle2":-67.5,"type":"mineHold","duration":0,"speedMult":3,"time":5.5,"segments":5},{"angle":382.5,"angle2":607.5,"type":"mineHold","duration":0,"speedMult":3,"time":7,"segments":5},{"angle":337.5,"time":8,"type":"block"},{"angle":292.5,"time":8.5,"type":"block"},{"angle":360,"time":9,"type":"block"},{"angle":270,"angle2":292.5,"type":"hold","time":9.5,"duration":0.5},{"angle":270,"time":10.5,"type":"block"},{"angle":247.5,"time":11,"type":"block"},{"angle":292.5,"time":11.5,"type":"block"},{"angle":247.5,"angle2":270,"type":"hold","time":12,"duration":0.5},{"angle":247.5,"time":13,"type":"block"},{"angle":225,"time":13.5,"type":"block"},{"angle":202.5,"angle2":112.5,"type":"hold","time":14,"duration":0.5},{"angle":90,"angle2":157.5,"type":"hold","time":17,"duration":0.5},{"angle":180,"angle2":112.5,"type":"hold","time":18,"duration":0.5},{"angle":112.5,"angle2":67.5,"type":"hold","time":16,"duration":0.5},{"angle":90,"time":15,"type":"block"},{"angle":0,"time":19.5,"type":"block"},{"angle":202.5,"time":20.5,"type":"block"},{"angle":180,"angle2":337.5,"type":"hold","time":21,"duration":1},{"angle":90,"time":24,"type":"block"},{"angle":315,"angle2":540,"type":"mineHold","duration":0,"speedMult":3,"time":12,"segments":5},{"angle":292.5,"angle2":517.5,"type":"mineHold","duration":0,"speedMult":3,"time":13.5,"segments":7},{"angle":22.5,"angle2":-202.5,"type":"mineHold","duration":0,"speedMult":3,"time":15,"segments":5},{"angle":90,"angle2":90,"type":"mineHold","duration":1,"speedMult":3,"time":21.5,"endAngle":45},{"angle":180,"angle2":180,"type":"mineHold","duration":1,"speedMult":3,"time":23,"endAngle":135},{"angle":0,"angle2":0,"type":"mineHold","duration":1,"speedMult":3,"time":20,"endAngle":45},{"angle":112.5,"angle2":67.5,"type":"hold","time":25,"duration":0.5},{"angle":45,"time":26,"type":"block"},{"angle":315,"time":26.5,"type":"block"},{"angle":360,"angle2":337.5,"type":"hold","time":27,"duration":0.5},{"angle":270,"angle2":292.5,"type":"hold","time":28,"duration":0.5},{"angle":270,"time":29,"type":"block"},{"angle":202.5,"time":29.5,"type":"block"},{"angle":225,"time":30,"type":"block"},{"angle":360,"angle2":0,"type":"hold","time":39,"duration":4},{"angle":0,"angle2":360,"type":"hold","time":43,"duration":4},{"angle":270,"time":46,"type":"block"},{"angle":303.75,"time":46.5,"type":"block"},{"angle":337.5,"time":31,"type":"block"},{"angle":337.5,"time":32,"type":"block"},{"angle":22.5,"time":33,"type":"block"},{"angle":22.5,"time":35.5,"type":"block"},{"angle":292.5,"time":32,"type":"block"},{"angle":67.5,"time":33,"type":"block"},{"angle":67.5,"time":35.5,"type":"block"},{"angle":292.5,"angle2":292.5,"type":"hold","time":36.5,"duration":0.5},{"angle":337.5,"angle2":337.5,"type":"hold","time":36.5,"duration":0.5},{"angle":-67.5,"angle2":-67.5,"type":"hold","time":34,"duration":0.5},{"angle":337.5,"angle2":337.5,"type":"hold","time":34,"duration":0.5},{"angle":292.5,"time":31,"type":"block"},{"angle":315,"type":"block","time":31,"tap":true},{"angle":315,"type":"block","time":32,"tap":true},{"angle":45,"type":"block","time":33,"tap":true},{"angle":315,"angle2":315,"type":"hold","time":34,"duration":0.5},{"angle":45,"type":"block","time":35.5,"tap":true},{"angle":315,"angle2":315,"type":"hold","time":36.5,"duration":0.5},{"angle":22.5,"angle2":247.5,"type":"mineHold","duration":0,"speedMult":2,"time":31,"segments":5},{"angle":22.5,"angle2":247.5,"type":"mineHold","duration":0,"speedMult":2,"time":32,"segments":5},{"angle":337.5,"angle2":112.5,"type":"mineHold","duration":0,"speedMult":2,"time":33,"segments":5},{"angle":22.5,"angle2":247.5,"type":"mineHold","duration":0,"speedMult":2,"time":34,"segments":5},{"angle":22.5,"angle2":247.5,"type":"mineHold","duration":0,"speedMult":2,"time":34.5,"segments":5},{"angle":337.5,"angle2":112.5,"type":"mineHold","duration":0,"speedMult":2,"time":35.5,"segments":5},{"angle":22.5,"angle2":247.5,"type":"mineHold","duration":0,"speedMult":2,"time":36.5,"segments":5},{"angle":22.5,"angle2":247.5,"type":"mineHold","duration":0,"speedMult":2,"time":37,"segments":5},{"angle":315,"angle2":45,"type":"mineHold","duration":0,"speedMult":2,"time":38,"segments":7},{"angle":360,"type":"inverse","time":38,"tap":true},{"angle":11.25,"time":47,"type":"block"},{"angle":11.25,"time":47.5,"type":"block"},{"angle":56.25,"time":48,"type":"block"},{"angle":56.25,"time":48.5,"type":"block"},{"angle":90,"time":49,"type":"block"},{"angle":123.75,"angle2":202.5,"type":"hold","time":51,"duration":0.5},{"angle":123.75,"time":50.5,"type":"block"},{"angle":236.25,"angle2":247.5,"type":"hold","time":52,"duration":0.5},{"angle":247.5,"angle2":348.75,"type":"hold","time":52.5,"duration":0.5},{"angle":90,"time":54,"type":"block"},{"angle":67.5,"time":53.5,"type":"block"},{"angle":112.5,"time":54.5,"type":"block"},{"angle":180,"angle2":202.5,"type":"hold","time":55,"duration":0.5},{"angle":202.5,"angle2":247.5,"type":"hold","time":55.5,"duration":0.5},{"angle":247.5,"angle2":180,"type":"hold","time":56,"duration":0.5},{"angle":135,"angle2":112.5,"type":"hold","time":57,"duration":0.5},{"angle":112.5,"angle2":202.5,"type":"hold","time":57.5,"duration":0.5},{"angle":225,"time":58.5,"type":"block"},{"angle":180,"angle2":157.5,"type":"hold","time":59,"duration":0.5},{"angle":157.5,"angle2":202.5,"type":"hold","time":59.5,"duration":0.5},{"angle":202.5,"angle2":135,"type":"hold","time":60,"duration":0.5},{"angle":135,"angle2":225,"type":"hold","time":60.5,"duration":0.5},{"angle":315,"time":62,"type":"block"},{"angle":45,"angle2":0,"type":"hold","time":63,"duration":0.5},{"angle":0,"time":62.5,"type":"block"},{"angle":360,"time":64,"type":"block"},{"angle":315,"angle2":360,"type":"hold","time":64.5,"duration":0.5},{"angle":225,"angle2":495,"type":"mineHold","duration":0,"speedMult":3,"time":66,"segments":5},{"angle":135,"angle2":180,"type":"hold","time":67,"duration":0.5},{"angle":225,"angle2":180,"type":"hold","time":68,"duration":0.5},{"angle":135,"time":69,"type":"block"},{"angle":315,"angle2":45,"type":"mineHold","duration":0,"speedMult":3,"time":70,"segments":5},{"tap":true,"type":"inverse","speedMult":1.2000000476837,"time":70,"angle":0},{"tap":true,"type":"inverse","speedMult":1.2000000476837,"time":66,"angle":180},{"angle":135,"time":69,"type":"block"},{"angle":360,"angle2":270,"type":"hold","time":71,"duration":1.5},{"angle":337.5,"time":71.5,"type":"block"},{"angle":-67.5,"time":72,"type":"block"},{"angle":225,"angle2":0,"type":"hold","time":73,"duration":1.5},{"angle":157.5,"time":73.5,"type":"block"},{"angle":67.5,"time":74,"type":"block"},{"angle":360,"angle2":0,"type":"hold","time":75,"duration":2},{"angle":270,"time":75.5,"type":"block"},{"angle":180,"time":76,"type":"block"},{"angle":90,"time":76.5,"type":"block"},{"angle":360,"time":78,"type":"block"},{"angle":180,"time":79,"type":"block"},{"angle":180,"time":80.5,"type":"block"},{"angle":360,"time":79.75,"type":"block"},{"angle":135,"time":81.5,"type":"block"},{"angle":112.5,"time":82,"type":"block"},{"angle":90,"time":82.5,"type":"block"},{"angle":270,"time":83,"type":"block"},{"angle":90,"time":83.75,"type":"block"},{"angle":270,"time":84.5,"type":"block"},{"angle":315,"time":85.5,"type":"block"},{"angle":337.5,"time":86,"type":"block"},{"angle":0,"time":86.5,"type":"block"},{"angle":360,"angle2":540,"type":"hold","time":87,"duration":1},{"angle":180,"angle2":360,"type":"hold","time":89,"duration":1},{"angle":180,"time":88.5,"type":"block"},{"angle":360,"time":91,"type":"block"},{"angle":45,"time":91.5,"type":"block"},{"angle":315,"time":92,"type":"block"},{"angle":45,"time":92.5,"type":"block"},{"angle":315,"time":93,"type":"block"},{"angle":0,"angle2":0,"type":"hold","time":93.5,"duration":1.5},{"angle":90,"time":95.75,"type":"block"},{"angle":270,"time":96.5,"type":"block"},{"angle":225,"time":97.5,"type":"block"},{"angle":180,"time":98,"type":"block"},{"angle":135,"time":98.5,"type":"block"},{"angle":90,"angle2":22.5,"type":"hold","time":99,"duration":0.75},{"angle":22.5,"angle2":157.5,"type":"hold","time":99.75,"duration":0.75},{"angle":180,"angle2":450,"type":"mineHold","time":101,"duration":2},{"angle":270,"angle2":540,"type":"hold","time":101,"duration":1.5},{"angle":180,"angle2":67.5,"type":"hold","duration":1,"time":104.5,"endAngle":202.5},{"angle":225,"time":104,"type":"block"},{"angle":247.5,"time":103,"type":"block"},{"angle":292.5,"time":103.5,"type":"block"},{"angle":45,"time":106,"type":"block"},{"angle":0,"angle2":0,"type":"hold","time":106.5,"duration":1},{"angle":67.5,"time":108,"type":"block"},{"angle":292.5,"time":108.5,"type":"block"},{"angle":0,"angle2":135,"type":"hold","time":111,"duration":2},{"angle":135,"angle2":-22.5,"type":"hold","time":113,"duration":2},{"angle":337.5,"angle2":382.5,"type":"hold","time":115,"duration":1},{"angle":22.5,"angle2":-67.5,"type":"hold","time":116,"duration":1},{"angle":292.5,"angle2":360,"type":"hold","time":117,"duration":1},{"angle":0,"angle2":-112.5,"type":"hold","time":118,"duration":1},{"angle":247.5,"angle2":427.5,"type":"hold","time":119,"duration":2},{"angle":67.5,"angle2":-157.5,"type":"hold","time":121,"duration":2},{"angle":202.5,"angle2":315,"type":"hold","time":123,"duration":1},{"angle":315,"angle2":180,"type":"hold","time":124,"duration":1},{"angle":180,"angle2":360,"type":"hold","time":125,"duration":1},{"angle":270,"angle2":90,"type":"mineHold","duration":0,"speedMult":2,"time":-1,"segments":4},{"angle":247.5,"angle2":112.5,"type":"mineHold","duration":0,"speedMult":1,"time":-1,"segments":3},{"angle":360,"angle2":360,"type":"hold","time":109,"duration":1},{"angle":360,"type":"block","time":127,"tap":true},{"angle":236.25,"type":"block","time":128,"tap":true},{"angle":22.5,"type":"block","time":129,"tap":true},{"angle":213.75,"type":"block","time":130,"tap":true},{"angle":56.25,"type":"block","time":131,"tap":true},{"angle":202.5,"type":"block","time":132,"tap":true},{"angle":337.5,"type":"block","time":133,"tap":true},{"angle":123.75,"type":"block","time":134,"tap":true},{"angle":0,"time":128,"type":"mine"},{"angle":236.25,"time":129,"type":"mine"},{"angle":22.5,"time":130,"type":"mine"},{"angle":213.75,"time":131,"type":"mine"},{"angle":56.25,"time":132,"type":"mine"},{"angle":202.5,"time":133,"type":"mine"},{"angle":337.5,"time":134,"type":"mine"},{"angle":123.75,"time":135,"type":"mine"},{"angle":22.5,"time":128,"type":"mine"},{"angle":337.5,"time":128,"type":"mine"},{"angle":213.75,"time":129,"type":"mine"},{"angle":258.75,"time":129,"type":"mine"},{"angle":45,"time":130,"type":"mine"},{"angle":360,"time":130,"type":"mine"},{"angle":33.75,"time":132,"type":"mine"},{"angle":78.75,"time":132,"type":"mine"},{"angle":225,"time":133,"type":"mine"},{"angle":180,"time":133,"type":"mine"},{"angle":315,"time":134,"type":"mine"},{"angle":360,"time":134,"type":"mine"},{"angle":146.25,"time":135,"type":"mine"},{"angle":101.25,"time":135,"type":"mine"},{"angle":247.5,"angle2":360,"type":"hold","startTap":true,"time":135,"duration":2},{"angle":360,"angle2":517.5,"type":"hold","startTap":true,"time":137,"duration":2},{"angle":157.5,"angle2":337.5,"type":"hold","startTap":true,"time":139,"duration":2},{"angle":337.5,"angle2":483.75,"type":"hold","startTap":true,"time":141,"duration":1},{"angle":123.75,"angle2":0,"type":"hold","duration":1,"startTap":true,"time":142,"endTap":true},{"angle":337.5,"angle2":562.5,"type":"mineHold","duration":0,"speedMult":3,"time":28,"segments":5},{"angle":135,"angle2":-90,"type":"mineHold","duration":0,"speedMult":3,"time":29.5,"segments":5},{"angle":292.5,"angle2":427.5,"type":"hold","time":152,"duration":1},{"angle":67.5,"angle2":-67.5,"type":"hold","time":151,"duration":1},{"angle":67.5,"angle2":-67.5,"type":"hold","time":153,"duration":1},{"angle":292.5,"angle2":427.5,"type":"hold","time":154,"duration":1},{"angle":247.5,"time":156,"type":"block"},{"angle":67.5,"angle2":-67.5,"type":"hold","time":157,"duration":1},{"angle":202.5,"time":156.5,"type":"block"},{"angle":0,"angle2":-90,"type":"hold","time":144,"duration":0.5},{"angle":270,"angle2":360,"type":"hold","time":144.5,"duration":0.5},{"angle":0,"angle2":22.5,"type":"hold","time":147,"duration":0.25},{"angle":22.5,"angle2":-22.5,"type":"hold","time":147.25,"duration":0.25},{"angle":337.5,"angle2":376.875,"type":"hold","time":147.5,"duration":0.25},{"angle":16.875,"angle2":-16.875,"type":"hold","time":147.75,"duration":0.25},{"angle":343.125,"angle2":371.25,"type":"hold","time":148,"duration":0.25},{"angle":11.25,"angle2":-11.25,"type":"hold","time":148.25,"duration":0.25},{"angle":0,"angle2":0,"type":"hold","time":148.75,"duration":0.25},{"angle":348.75,"angle2":360,"type":"hold","time":148.5,"duration":0.25},{"angle":292.5,"angle2":315,"type":"mineHold","time":147,"duration":2},{"angle":67.5,"angle2":45,"type":"mineHold","time":147,"duration":2},{"angle":292.5,"angle2":45,"type":"mineHold","time":147,"duration":2},{"angle":67.5,"angle2":315,"type":"mineHold","time":147,"duration":2},{"angle":67.5,"angle2":0,"type":"hold","time":159,"duration":1},{"angle":0,"angle2":45,"type":"hold","time":160,"duration":0.5},{"angle":45,"angle2":-45,"type":"hold","time":160.5,"duration":0.5},{"angle":315,"angle2":405,"type":"hold","time":161,"duration":0.5},{"angle":45,"angle2":-45,"type":"hold","time":161.5,"duration":0.5},{"angle":315,"angle2":405,"type":"hold","time":162,"duration":0.5},{"angle":-90,"angle2":-360,"speedMult":2,"type":"hold","time":165,"duration":1},{"angle":292.5,"time":163,"type":"block"},{"angle":67.5,"time":163.5,"type":"block"},{"angle":292.5,"time":164,"type":"block"},{"angle":67.5,"time":164.5,"type":"block"},{"angle":315,"angle2":225,"type":"mineHold","time":156,"duration":1},{"angle":45,"time":167,"type":"block"},{"angle":270,"time":168,"type":"block"},{"angle":135,"time":169,"type":"block"},{"angle":360,"time":170,"type":"block"},{"angle":315,"time":170.5,"type":"block"},{"angle":135,"time":171.5,"type":"block"},{"angle":45,"time":172,"type":"block"},{"angle":292.5,"time":172.5,"type":"block"},{"angle":247.5,"time":173,"type":"block"},{"angle":135,"angle2":-112.5,"type":"mineHold","time":172.5,"duration":1.5},{"angle":45,"angle2":-90,"type":"mineHold","time":168,"duration":1},{"angle":135,"angle2":-45,"type":"mineHold","time":170,"duration":1.5},{"angle":180,"angle2":112.5,"type":"hold","time":174,"duration":0.5},{"angle":112.5,"angle2":247.5,"type":"hold","time":174.5,"duration":0.5},{"angle":270,"angle2":225,"type":"hold","time":176,"duration":0.5},{"angle":112.5,"angle2":67.5,"type":"hold","time":177,"duration":0.5},{"angle":315,"time":178,"type":"block"},{"angle":270,"time":178.5,"type":"block"},{"angle":180,"time":179.5,"type":"block"},{"angle":90,"time":180.5,"type":"block"},{"angle":360,"time":181,"type":"block"},{"angle":360,"angle2":450,"type":"hold","time":182,"duration":1},{"angle":90,"angle2":-45,"type":"hold","time":183,"duration":0.5},{"angle":360,"time":184.5,"type":"block"},{"angle":22.5,"time":185,"type":"block"},{"angle":45,"time":185.5,"type":"block"},{"angle":90,"time":186,"type":"block"},{"angle":135,"time":186.5,"type":"block"},{"angle":180,"angle2":202.5,"type":"hold","time":187,"duration":1},{"angle":247.5,"time":188.5,"type":"block"},{"angle":225,"time":189,"type":"block"},{"angle":180,"time":189.5,"type":"block"},{"angle":-247.5,"time":190,"type":"block"},{"angle":22.5,"time":190.5,"type":"block"},{"tap":true,"type":"block","time":191,"angle":-90},{"tap":true,"type":"block","time":192,"angle":90},{"angle":270,"angle2":315,"type":"hold","time":193,"duration":0.5},{"angle":90,"angle2":45,"type":"hold","time":194,"duration":0.5},{"tap":true,"type":"block","time":195,"angle":225},{"angle":202.5,"time":195.16667175293,"type":"block"},{"angle":180,"time":195.33332824707,"type":"block"},{"angle":157.5,"time":195.5,"type":"block"},{"tap":true,"type":"block","time":196,"angle":67.5},{"angle":45,"time":196.16667175293,"type":"block"},{"angle":22.5,"time":196.33332824707,"type":"block"},{"angle":0,"time":196.5,"type":"block"},{"angle":180,"angle2":180,"type":"mineHold","time":193,"duration":1},{"angle":270,"angle2":315,"type":"hold","time":197,"duration":0.5},{"angle":315,"angle2":247.5,"type":"hold","time":197.5,"duration":0.5},{"angle":247.5,"angle2":337.5,"type":"hold","time":198,"duration":0.5},{"tap":true,"type":"block","time":199,"angle":112.5},{"angle":360,"time":200.5,"type":"block"},{"angle":315,"time":201,"type":"block"},{"angle":270,"time":201.5,"type":"block"},{"angle":270,"time":203,"type":"block"},{"angle":168.75,"angle2":213.75,"type":"hold","time":202.25,"duration":0.25},{"angle":213.75,"angle2":168.75,"type":"hold","time":202,"duration":0.25},{"angle":315,"time":205.5,"type":"block"},{"angle":45,"time":205,"type":"block"},{"angle":45,"time":206,"type":"block"},{"angle":315,"time":206.5,"type":"block"},{"angle":360,"angle2":450,"type":"hold","time":207,"duration":0.5},{"angle":45,"angle2":-45,"type":"hold","time":208,"duration":0.5},{"angle":270,"angle2":382.5,"type":"hold","time":209,"duration":0.5},{"angle":360,"time":210,"type":"block"},{"angle":270,"angle2":270,"type":"hold","time":210.5,"duration":0.25},{"angle":45,"angle2":45,"type":"hold","time":211.5,"duration":0.25},{"angle":90,"time":212.5,"type":"block"},{"angle":360,"time":213,"type":"block"},{"angle":180,"type":"inverse","time":215,"tap":true},{"angle":135,"angle2":-135,"type":"mineHold","duration":0,"speedMult":3,"time":215,"segments":5},{"angle":472.5,"angle2":247.5,"type":"mineHold","duration":0,"speedMult":2,"time":215,"segments":4},{"angle":450,"angle2":270,"type":"mineHold","duration":0,"speedMult":1,"time":215,"segments":3},{"angle":180,"angle2":450,"type":"mineHold","duration":0,"time":216,"segments":5},{"angle":135,"type":"inverse","time":216,"tap":true},{"angle":225,"type":"inverse","time":217,"tap":true},{"angle":270,"time":218,"type":"block"},{"angle":292.5,"time":218.5,"type":"block"},{"angle":315,"time":219,"type":"block"},{"angle":337.5,"time":219.5,"type":"block"},{"angle":0,"time":220,"type":"block"},{"angle":22.5,"time":220.5,"type":"block"},{"angle":45,"time":221,"type":"block"},{"angle":22.5,"time":221.5,"type":"block"},{"angle":0,"time":222,"type":"block"},{"angle":45,"time":222,"type":"mine"},{"angle":180,"angle2":-90,"type":"mineHold","duration":0,"time":217,"segments":5},{"angle":90,"angle2":45,"type":"mineHold","time":221,"duration":1},{"angle":0,"angle2":-45,"type":"mineHold","time":221,"duration":1},{"angle":315,"angle2":450,"type":"mineHold","time":218,"duration":3},{"angle":225,"angle2":360,"type":"mineHold","time":218,"duration":3},{"angle":180,"type":"inverse","time":223,"tap":true},{"angle":225,"angle2":495,"type":"mineHold","duration":0,"time":223,"segments":5},{"angle":180,"time":224,"type":"block"},{"angle":202.5,"time":224.5,"type":"block"},{"angle":180,"time":225,"type":"block"},{"angle":157.5,"time":225.5,"type":"block"},{"angle":180,"time":226,"type":"block"},{"angle":202.5,"time":226.5,"type":"block"},{"angle":225,"time":227,"type":"block"},{"angle":247.5,"time":227.5,"type":"block"},{"angle":270,"time":228,"type":"block"},{"angle":292.5,"time":228.5,"type":"block"},{"angle":270,"time":229,"type":"block"},{"angle":247.5,"time":229.5,"type":"block"},{"angle":270,"time":230,"type":"block"},{"angle":135,"angle2":157.5,"type":"mineHold","time":224,"duration":0.5},{"angle":157.5,"angle2":112.5,"type":"mineHold","time":224.5,"duration":1},{"angle":112.5,"angle2":247.5,"type":"mineHold","time":225.5,"duration":3},{"angle":247.5,"angle2":202.5,"type":"mineHold","time":228.5,"duration":1},{"angle":202.5,"angle2":225,"type":"mineHold","time":229.5,"duration":0.5},{"angle":225,"angle2":247.5,"type":"mineHold","time":224,"duration":0.5},{"angle":247.5,"angle2":202.5,"type":"mineHold","time":224.5,"duration":1},{"angle":202.5,"angle2":337.5,"type":"mineHold","time":225.5,"duration":3},{"angle":337.5,"angle2":292.5,"type":"mineHold","time":228.5,"duration":1},{"angle":292.5,"angle2":315,"type":"mineHold","time":229.5,"duration":0.5},{"angle":90,"type":"inverse","time":231,"tap":true},{"angle":90,"time":232,"type":"block"},{"angle":270,"type":"inverse","time":233,"tap":true},{"angle":45,"angle2":-225,"type":"mineHold","duration":0,"time":231,"segments":5},{"angle":315,"angle2":585,"type":"mineHold","duration":0,"time":233,"segments":5},{"angle":337.5,"time":236,"type":"block"},{"angle":337.5,"time":236.5,"type":"block"},{"angle":0,"time":237,"type":"block"},{"angle":0,"time":237.5,"type":"block"},{"angle":180,"type":"inverse","time":239,"tap":true},{"angle":225,"angle2":495,"type":"mineHold","duration":0,"time":239,"segments":5},{"angle":22.5,"time":238,"type":"block"},{"angle":180,"time":240,"type":"block"},{"angle":202.5,"time":240.5,"type":"block"},{"angle":225,"time":241,"type":"block"},{"angle":247.5,"time":241.5,"type":"block"},{"angle":225,"time":242,"type":"block"},{"angle":202.5,"time":242.5,"type":"block"},{"angle":180,"time":243,"type":"block"},{"angle":157.5,"time":243.5,"type":"block"},{"angle":135,"time":244,"type":"block"},{"angle":225,"time":245.5,"type":"block"},{"angle":225,"time":245.25,"type":"block"},{"angle":315,"time":246.25,"type":"block"},{"angle":270,"angle2":540,"type":"mineHold","duration":0,"time":245,"segments":5},{"angle":270,"angle2":0,"type":"mineHold","duration":0,"time":246,"segments":5},{"angle":225,"angle2":292.5,"type":"mineHold","time":240,"duration":1.5},{"angle":135,"angle2":202.5,"type":"mineHold","time":240,"duration":1.5},{"angle":202.5,"angle2":90,"type":"mineHold","time":241.5,"duration":2.5},{"angle":292.5,"angle2":180,"type":"mineHold","time":241.5,"duration":2.5},{"angle":315,"type":"block","time":246,"tap":true},{"angle":225,"type":"block","time":245,"tap":true},{"angle":191.25,"time":131,"type":"mine"},{"angle":236.25,"time":131,"type":"mine"},{"angle":0,"angle2":22.5,"type":"hold","startTap":true,"time":247,"duration":1},{"angle":393.75,"time":248.25,"type":"block"},{"angle":33.75,"time":248.5,"type":"block"},{"angle":45,"angle2":67.5,"type":"hold","time":249,"duration":1},{"angle":78.75,"time":250.25,"type":"block"},{"angle":78.75,"time":250.5,"type":"block"},{"angle":90,"angle2":101.25,"type":"hold","time":251,"duration":0.5},{"angle":112.5,"time":252,"type":"block"},{"angle":123.75,"time":252.33332824707,"type":"block"},{"angle":123.75,"time":252.66667175293,"type":"block"},{"angle":112.5,"time":251.66667175293,"type":"block"},{"angle":135,"angle2":157.5,"type":"hold","time":253,"duration":1},{"angle":168.75,"time":254.5,"type":"block"},{"angle":168.75,"time":254.75,"type":"block"},{"angle":180,"angle2":202.5,"type":"hold","time":255,"duration":1},{"angle":-146.25,"time":256.5,"type":"block"},{"angle":-135,"time":257,"type":"block"},{"angle":213.75,"time":256.25,"type":"block"},{"angle":225,"time":257.33334350586,"type":"block"},{"angle":-123.75,"time":257.66665649414,"type":"block"},{"angle":-112.5,"angle2":-101.25,"type":"hold","time":258,"duration":0.66666662693024},{"angle":-90,"time":259,"type":"block"},{"angle":-78.75,"time":259.33334350586,"type":"block"},{"angle":-67.5,"time":259.66665649414,"type":"block"},{"angle":-56.25,"time":260,"type":"block"},{"angle":-45,"time":260.33334350586,"type":"block"},{"angle":-33.75,"time":260.66665649414,"type":"block"},{"angle":337.5,"angle2":371.25,"type":"hold","time":261,"duration":1},{"angle":11.25,"angle2":56.25,"type":"hold","time":262,"duration":1},{"angle":78.75,"time":263.25,"type":"block"},{"angle":427.5,"time":263.125,"type":"block"},{"angle":438.75,"time":263.375,"type":"block"},{"angle":90,"time":263.375,"type":"block"},{"angle":84.375,"time":264,"type":"block"},{"angle":95.625,"time":264,"type":"block"},{"angle":90,"time":264.25,"type":"block"},{"angle":101.25,"time":264.25,"type":"block"},{"angle":90,"angle2":112.5,"type":"hold","time":264,"duration":1},{"angle":123.75,"time":265.33334350586,"type":"block"},{"angle":135,"time":265.66665649414,"type":"block"},{"angle":146.25,"time":266,"type":"block"},{"angle":157.5,"time":266.33334350586,"type":"block"},{"angle":168.75,"time":266.66665649414,"type":"block"},{"angle":180,"time":267,"type":"block"},{"angle":213.75,"angle2":247.5,"type":"hold","time":268,"duration":0.66666662693024},{"angle":202.5,"time":267.66665649414,"type":"block"},{"angle":270,"time":269,"type":"block"},{"angle":303.75,"time":269.33334350586,"type":"block"},{"angle":337.5,"time":269.66665649414,"type":"block"},{"angle":382.5,"time":271,"type":"block"},{"angle":45,"time":271,"type":"block"},{"angle":61.875,"time":271.66665649414,"type":"block"},{"angle":73.125,"time":271.66665649414,"type":"block"},{"angle":84.375,"time":271.66665649414,"type":"block"},{"angle":78.75,"time":272,"type":"block"},{"angle":90,"time":272,"type":"block"},{"angle":101.25,"time":272,"type":"block"},{"angle":112.5,"time":272.33334350586,"type":"block"},{"angle":495,"time":272.66665649414,"type":"block"},{"angle":506.25,"time":273,"type":"block"},{"angle":168.75,"time":273,"type":"block"},{"angle":157.5,"angle2":213.75,"type":"hold","time":273,"duration":1},{"angle":236.25,"time":274.33334350586,"type":"block"},{"angle":281.25,"time":274.66665649414,"type":"block"},{"angle":303.75,"angle2":360,"type":"hold","time":275,"duration":1},{"angle":315,"time":275.33334350586,"type":"block"},{"angle":-22.5,"time":275.33334350586,"type":"block"},{"angle":326.25,"time":275.66665649414,"type":"block"},{"angle":-11.25,"time":275.66665649414,"type":"block"},{"angle":348.75,"time":276,"type":"block"},{"angle":11.25,"time":276,"type":"block"},{"angle":348.75,"time":276.33334350586,"type":"block"},{"angle":0,"time":276.33334350586,"type":"block"},{"angle":11.25,"time":276.33334350586,"type":"block"},{"angle":337.5,"time":276.33334350586,"type":"block"},{"angle":22.5,"time":276.33334350586,"type":"block"},{"angle":337.5,"time":276.66665649414,"type":"block"},{"angle":348.75,"time":276.66665649414,"type":"block"},{"angle":360,"time":276.66665649414,"type":"block"},{"angle":11.25,"time":276.66665649414,"type":"block"},{"angle":22.5,"time":276.66665649414,"type":"block"},{"angle":337.5,"time":277,"type":"block"},{"angle":348.75,"time":277,"type":"block"},{"angle":360,"time":277,"type":"block"},{"angle":11.25,"time":277,"type":"block"},{"angle":22.5,"time":277,"type":"block"},{"angle":405,"time":271.5,"type":"block"},{"angle":56.25,"time":271.5,"type":"block"},{"angle":67.5,"time":271.5,"type":"block"},{"angle":258.75,"time":274.5,"type":"block"},{"angle":-33.75,"time":275.125,"type":"block"},{"angle":348.75,"time":275.875,"type":"block"},{"angle":11.25,"time":275.875,"type":"block"},{"angle":0,"time":275.75,"type":"block"},{"angle":337.5,"time":275.75,"type":"block"},{"angle":326.25,"time":276.33334350586,"type":"block"},{"angle":315,"time":276.33334350586,"type":"block"},{"angle":33.75,"time":276.33334350586,"type":"block"},{"angle":45,"time":276.33334350586,"type":"block"},{"angle":326.25,"time":276.66665649414,"type":"block"},{"angle":315,"time":276.66665649414,"type":"block"},{"angle":33.75,"time":276.66665649414,"type":"block"},{"angle":45,"time":276.66665649414,"type":"block"},{"angle":315,"time":277,"type":"block"},{"angle":326.25,"time":277,"type":"block"},{"angle":33.75,"time":277,"type":"block"},{"angle":45,"time":277,"type":"block"},{"angle":315,"time":276.75,"type":"block"},{"angle":326.25,"time":276.75,"type":"block"},{"angle":337.5,"time":276.83334350586,"type":"block"},{"angle":337.5,"time":276.75,"type":"block"},{"angle":348.75,"time":276.83334350586,"type":"block"},{"angle":348.75,"time":276.75,"type":"block"},{"angle":326.25,"time":276.83334350586,"type":"block"},{"angle":315,"time":276.83334350586,"type":"block"},{"angle":315,"time":276.91665649414,"type":"block"},{"angle":326.25,"time":276.91665649414,"type":"block"},{"angle":337.5,"time":276.91665649414,"type":"block"},{"angle":348.75,"time":276.91665649414,"type":"block"},{"angle":360,"time":276.91665649414,"type":"block"},{"angle":360,"time":276.83334350586,"type":"block"},{"angle":0,"time":276.75,"type":"block"},{"angle":11.25,"time":276.75,"type":"block"},{"angle":11.25,"time":276.83334350586,"type":"block"},{"angle":11.25,"time":276.91665649414,"type":"block"},{"angle":22.5,"time":276.83334350586,"type":"block"},{"angle":22.5,"time":276.75,"type":"block"},{"angle":22.5,"time":276.91665649414,"type":"block"},{"angle":33.75,"time":276.91665649414,"type":"block"},{"angle":33.75,"time":276.83334350586,"type":"block"},{"angle":33.75,"time":276.75,"type":"block"},{"angle":45,"time":276.83334350586,"type":"block"},{"angle":45,"time":276.75,"type":"block"},{"angle":45,"time":276.91665649414,"type":"block"},{"angle":303.75,"time":276.66665649414,"type":"block"},{"angle":292.5,"time":276.66665649414,"type":"block"},{"angle":281.25,"time":276.66665649414,"type":"block"},{"angle":270,"time":276.66665649414,"type":"block"},{"angle":258.75,"time":276.66665649414,"type":"block"},{"angle":247.5,"time":276.66665649414,"type":"block"},{"angle":236.25,"time":276.66665649414,"type":"block"},{"angle":123.75,"time":276.66665649414,"type":"block"},{"angle":112.5,"time":276.66665649414,"type":"block"},{"angle":101.25,"time":276.66665649414,"type":"block"},{"angle":90,"time":276.66665649414,"type":"block"},{"angle":78.75,"time":276.66665649414,"type":"block"},{"angle":67.5,"time":276.66665649414,"type":"block"},{"angle":56.25,"time":276.66665649414,"type":"block"},{"angle":213.75,"time":277,"type":"block"},{"angle":225,"time":277,"type":"block"},{"angle":236.25,"time":277,"type":"block"},{"angle":247.5,"time":277,"type":"block"},{"angle":258.75,"time":277,"type":"block"},{"angle":270,"time":277,"type":"block"},{"angle":281.25,"time":277,"type":"block"},{"angle":292.5,"time":277,"type":"block"},{"angle":303.75,"time":277,"type":"block"},{"angle":146.25,"time":277,"type":"block"},{"angle":135,"time":277,"type":"block"},{"angle":123.75,"time":277,"type":"block"},{"angle":112.5,"time":277,"type":"block"},{"angle":101.25,"time":277,"type":"block"},{"angle":90,"time":277,"type":"block"},{"angle":78.75,"time":277,"type":"block"},{"angle":67.5,"time":277,"type":"block"},{"angle":56.25,"time":277,"type":"block"},{"angle":225,"time":276.83334350586,"type":"block"},{"angle":135,"time":276.83334350586,"type":"block"},{"angle":45,"angle2":348.75,"speedMult":3,"type":"mineHold","time":247,"duration":13.5},{"angle":315,"angle2":618.75,"speedMult":3,"type":"mineHold","time":247,"duration":13.5},{"angle":135,"angle2":438.75,"speedMult":3,"type":"mineHold","time":247,"duration":13.5},{"angle":225,"angle2":528.75,"speedMult":3,"type":"mineHold","time":247,"duration":13.5},{"angle":0,"time":263.5,"type":"mine"},{"angle":180,"time":263.5,"type":"mine"},{"angle":270,"time":263.5,"type":"mine"},{"angle":303.75,"time":265,"type":"mine"},{"angle":348.75,"time":265,"type":"mine"},{"angle":33.75,"time":265,"type":"mine"},{"angle":213.75,"time":265,"type":"mine"},{"angle":258.75,"time":265,"type":"mine"},{"angle":45,"time":265.5,"type":"mine"},{"angle":360,"time":265.5,"type":"mine"},{"angle":315,"time":265.5,"type":"mine"},{"angle":270,"time":265.5,"type":"mine"},{"angle":225,"time":265.5,"type":"mine"},{"angle":281.25,"time":266,"type":"mine"},{"angle":326.25,"time":266,"type":"mine"},{"angle":11.25,"time":266,"type":"mine"},{"angle":56.25,"time":266,"type":"mine"},{"angle":236.25,"time":266,"type":"mine"},{"angle":258.75,"time":267,"type":"mine"},{"angle":247.5,"time":266.5,"type":"mine"},{"angle":303.75,"time":267,"type":"mine"},{"angle":292.5,"time":266.5,"type":"mine"},{"angle":348.75,"time":267,"type":"mine"},{"angle":-22.5,"time":266.5,"type":"mine"},{"angle":33.75,"time":267,"type":"mine"},{"angle":22.5,"time":266.5,"type":"mine"},{"angle":67.5,"time":266.5,"type":"mine"},{"angle":78.75,"time":267,"type":"mine"},{"angle":112.5,"angle2":157.5,"type":"mineHold","time":268,"duration":0.66666662693024},{"angle":67.5,"angle2":112.5,"type":"mineHold","time":268,"duration":0.66666662693024},{"angle":22.5,"angle2":67.5,"type":"mineHold","time":268,"duration":0.66666662693024},{"angle":337.5,"angle2":382.5,"type":"mineHold","time":268,"duration":0.66666662693024},{"angle":292.5,"angle2":337.5,"type":"mineHold","time":268,"duration":0.66666662693024},{"angle":360,"angle2":393.75,"type":"hold","time":270,"duration":1},{"angle":281.25,"angle2":315,"type":"mineHold","time":270,"duration":1},{"angle":270,"angle2":303.75,"type":"mineHold","time":270,"duration":1},{"angle":258.75,"angle2":292.5,"type":"mineHold","time":270,"duration":1},{"angle":247.5,"angle2":281.25,"type":"mineHold","time":270,"duration":1},{"angle":236.25,"angle2":270,"type":"mineHold","time":270,"duration":1},{"angle":225,"angle2":258.75,"type":"mineHold","time":270,"duration":1},{"angle":213.75,"angle2":247.5,"type":"mineHold","time":270,"duration":1},{"angle":202.5,"angle2":236.25,"type":"mineHold","time":270,"duration":1},{"angle":191.25,"angle2":225,"type":"mineHold","time":270,"duration":1},{"angle":180,"angle2":213.75,"type":"mineHold","time":270,"duration":1},{"angle":168.75,"angle2":202.5,"type":"mineHold","time":270,"duration":1},{"angle":157.5,"angle2":191.25,"type":"mineHold","time":270,"duration":1},{"angle":146.25,"angle2":180,"type":"mineHold","time":270,"duration":1},{"angle":123.75,"angle2":157.5,"type":"mineHold","time":270,"duration":1},{"angle":101.25,"angle2":135,"type":"mineHold","time":270,"duration":1},{"angle":90,"angle2":123.75,"type":"mineHold","time":270,"duration":1},{"angle":78.75,"angle2":112.5,"type":"mineHold","time":270,"duration":1},{"angle":67.5,"angle2":101.25,"type":"mineHold","time":270,"duration":1},{"angle":0,"angle2":-236.25,"type":"mineHold","duration":0,"time":271.5,"segments":5},{"angle":11.25,"angle2":-202.5,"type":"mineHold","duration":0,"time":272,"segments":5},{"angle":56.25,"angle2":-157.5,"type":"mineHold","duration":0,"time":272.5,"segments":5},{"angle":90,"angle2":-123.75,"type":"mineHold","duration":0,"time":273,"segments":5},{"angle":112.5,"angle2":-90,"type":"mineHold","duration":0,"time":273.5,"segments":5},{"angle":270,"time":233.5,"type":"block"},{"angle":292.5,"time":234,"type":"block"},{"angle":337.5,"time":235.5,"type":"block"},{"angle":315,"time":235,"type":"block"},{"angle":315,"time":247,"type":"mine"},{"angle":45,"time":247,"type":"mine"},{"angle":135,"time":247,"type":"mine"},{"angle":225,"time":247,"type":"mine"},{"angle":315,"time":246.5,"type":"block"},{"angle":0,"angle2":22.5,"type":"hold","duration":1,"time":280,"holdEase":"inSine"},{"angle":337.5,"angle2":405,"type":"hold","duration":1,"time":282,"holdEase":"inSine"},{"angle":45,"angle2":-45,"type":"hold","duration":0.5,"time":283,"holdEase":"inSine"},{"angle":315,"angle2":405,"type":"hold","duration":0.5,"time":283.5,"holdEase":"inSine"},{"angle":45,"angle2":-45,"type":"hold","duration":0.5,"time":284,"holdEase":"inSine"},{"angle":360,"time":286.5,"type":"block"},{"angle":360,"time":285.5,"type":"block"},{"angle":337.5,"time":286,"type":"block"},{"angle":22.5,"time":285,"type":"block"},{"angle":360,"angle2":360,"type":"hold","time":287,"duration":1},{"angle":0,"angle2":45,"type":"hold","duration":1,"time":288,"holdEase":"inSine"},{"angle":45,"angle2":-90,"type":"hold","duration":1,"time":289,"holdEase":"inSine"},{"angle":270,"angle2":337.5,"type":"hold","duration":0.5,"time":290,"holdEase":"inSine"},{"angle":315,"type":"block","time":293,"tap":true},{"angle":315,"time":293.25,"type":"block"},{"angle":315,"time":293.5,"type":"block"},{"angle":45,"type":"block","time":294,"tap":true},{"angle":45,"time":294.5,"type":"block"},{"angle":45,"time":294.25,"type":"block"},{"angle":315,"angle2":270,"type":"hold","duration":0.5,"time":295,"holdEase":"inSine"},{"angle":247.5,"angle2":382.5,"type":"hold","duration":1,"time":296,"holdEase":"inSine"},{"angle":45,"time":297.5,"type":"block"},{"angle":45,"time":298.5,"type":"block"},{"angle":90,"time":298,"type":"block"},{"angle":45,"angle2":0,"type":"hold","duration":0.5,"time":299,"holdEase":"inSine"},{"angle":0,"angle2":157.5,"type":"hold","duration":1,"time":300,"holdEase":"inSine"},{"angle":180,"time":301.25,"type":"block"},{"angle":225,"time":301.5,"type":"block"},{"angle":270,"time":301.75,"type":"block"},{"angle":315,"time":302,"type":"block"},{"angle":360,"time":302.5,"type":"block"},{"angle":22.5,"time":303,"type":"block"},{"angle":90,"angle2":0,"type":"hold","time":304,"duration":0.5},{"angle":270,"angle2":202.5,"type":"hold","time":305,"duration":0.5},{"angle":202.5,"angle2":270,"type":"hold","time":305.5,"duration":0.5},{"angle":270,"type":"block","time":308.5,"tap":true},{"angle":90,"type":"block","time":309,"tap":true},{"angle":315,"time":306.5,"type":"block"},{"angle":45,"time":307.5,"type":"block"},{"angle":90,"angle2":180,"type":"hold","time":291.5,"duration":0.5},{"angle":337.5,"angle2":292.5,"type":"hold","duration":0.5,"time":311,"holdEase":"inSine"},{"angle":-22.5,"angle2":22.5,"type":"hold","duration":0.5,"time":312,"holdEase":"inSine"},{"angle":45,"angle2":-45,"type":"hold","duration":0.5,"time":313,"holdEase":"inSine"},{"angle":337.5,"angle2":427.5,"type":"hold","duration":0.5,"time":314,"holdEase":"inSine"},{"angle":112.5,"time":315,"type":"block"},{"angle":0,"type":"inverse","time":317,"tap":true},{"angle":180,"type":"inverse","time":318,"tap":true},{"angle":292.5,"angle2":67.5,"type":"mineHold","duration":0,"speedMult":3,"time":317,"segments":5},{"angle":112.5,"angle2":-112.5,"type":"mineHold","duration":0,"speedMult":3,"time":318,"segments":5},{"angle":337.5,"time":317,"type":"inverse"},{"angle":22.5,"time":317,"type":"inverse"},{"angle":202.5,"time":318,"type":"inverse"},{"angle":157.5,"time":318,"type":"inverse"},{"angle":180,"angle2":315,"type":"hold","duration":1,"time":319,"holdEase":"inSine"},{"angle":0,"angle2":45,"type":"hold","time":320.5,"duration":0.5},{"angle":45,"angle2":-45,"type":"hold","time":321,"duration":0.75},{"angle":315,"angle2":360,"type":"hold","time":321.75,"duration":0.75},{"angle":135,"time":325.5,"type":"block"},{"angle":45,"time":326,"type":"block"},{"angle":315,"time":326.5,"type":"block"},{"angle":315,"angle2":225,"type":"hold","time":324.5,"duration":0.5},{"angle":360,"angle2":360,"type":"hold","time":327,"duration":1},{"angle":0,"angle2":45,"type":"hold","time":328,"duration":0.5},{"angle":45,"angle2":-45,"type":"hold","time":328.5,"duration":0.5},{"angle":315,"angle2":405,"type":"hold","time":330,"duration":0.5},{"angle":45,"angle2":-45,"type":"hold","time":330.5,"duration":0.5},{"angle":270,"time":329.5,"type":"block"},{"angle":292.5,"time":333,"type":"inverse"},{"angle":247.5,"time":333,"type":"inverse"},{"angle":270,"type":"inverse","time":333,"tap":true},{"angle":67.5,"time":334,"type":"inverse"},{"angle":90,"type":"inverse","time":334,"tap":true},{"angle":112.5,"time":334,"type":"inverse"},{"angle":337.5,"angle2":562.5,"type":"mineHold","duration":0,"speedMult":3,"time":333,"segments":5},{"angle":22.5,"angle2":-202.5,"type":"mineHold","duration":0,"speedMult":3,"time":334,"segments":5},{"angle":360,"time":335,"type":"block"},{"angle":270,"time":336,"type":"block"},{"angle":180,"time":337,"type":"block"},{"angle":90,"angle2":-45,"type":"hold","time":337.75,"duration":0.75},{"angle":180,"angle2":0,"type":"mineHold","time":337.75,"duration":1.25},{"angle":0,"angle2":-360,"type":"mineHold","time":339,"duration":1.5},{"angle":0,"angle2":-270,"type":"mineHold","time":340.5,"duration":1.5},{"angle":45,"angle2":0,"type":"hold","time":341.5,"duration":0.5},{"angle":67.5,"time":341.25,"type":"block"},{"angle":360,"type":"inverse","time":343,"tap":true},{"angle":303.75,"angle2":56.25,"type":"mineHold","duration":0,"speedMult":3,"time":343,"segments":5},{"angle":-90,"type":"inverse","time":350,"tap":true},{"angle":450,"type":"inverse","time":351,"tap":true},{"angle":180,"type":"inverse","time":352,"tap":true},{"angle":-146.25,"angle2":-393.75,"type":"mineHold","duration":0,"speedMult":3,"time":350,"segments":5},{"angle":506.25,"angle2":753.75,"type":"mineHold","duration":0,"speedMult":3,"time":351,"segments":5},{"angle":236.25,"angle2":483.75,"type":"mineHold","duration":0,"speedMult":3,"time":352,"segments":5},{"angle":360,"angle2":405,"type":"hold","time":344.33334350586,"duration":0.66666662693024},{"angle":360,"time":345.33334350586,"type":"block"},{"angle":292.5,"time":346,"type":"block"},{"angle":247.5,"angle2":292.5,"type":"hold","time":346.5,"duration":0.5},{"angle":337.5,"time":347.5,"type":"block"},{"angle":22.5,"time":348,"type":"block"},{"angle":22.5,"time":348.25,"type":"block"},{"angle":45,"angle2":-22.5,"type":"hold","time":348.5,"duration":0.5},{"angle":292.5,"time":349.5,"type":"block"},{"angle":225,"angle2":180,"type":"hold","time":353,"duration":0.66666668653488},{"angle":90,"angle2":0,"type":"hold","time":354.25,"duration":0.5},{"angle":270,"angle2":180,"type":"hold","time":355.33334350586,"duration":0.66666662693024},{"angle":90,"angle2":0,"type":"hold","time":356.33334350586,"duration":0.66666662693024},{"angle":360,"angle2":405,"type":"hold","time":357,"duration":0.66666662693024},{"angle":337.5,"angle2":360,"type":"hold","time":358.33334350586,"duration":0.3333332836628},{"angle":360,"angle2":315,"type":"hold","time":358.66665649414,"duration":0.3333332836628},{"angle":315,"angle2":405,"type":"hold","time":359,"duration":0.5},{"angle":45,"angle2":-90,"type":"hold","time":359.5,"duration":0.5},{"angle":45,"angle2":-22.5,"type":"hold","time":357.66665649414,"duration":0.3333332836628},{"angle":247.5,"time":360.33334350586,"type":"block"},{"angle":157.5,"angle2":90,"type":"hold","time":360.99996948242,"duration":2},{"angle":202.5,"time":360.66665649414,"type":"block"},{"angle":112.5,"time":362,"type":"block"},{"angle":90,"time":362.5,"type":"block"},{"angle":90,"angle2":0,"type":"hold","duration":1,"time":364,"holdEase":"outSine"},{"angle":337.5,"time":365.5,"type":"block"},{"angle":315,"time":366.5,"type":"block"},{"angle":22.5,"time":366,"type":"block"},{"angle":315,"time":366.75,"type":"block"},{"angle":315,"time":367,"type":"block"},{"angle":112.5,"angle2":112.5,"speedMult":3,"type":"mineHold","time":358.5,"duration":2},{"angle":90,"angle2":90,"speedMult":3,"type":"mineHold","time":359.5,"duration":1},{"angle":135,"angle2":135,"speedMult":3,"type":"mineHold","time":359.5,"duration":1},{"angle":303.75,"angle2":56.25,"type":"mineHold","duration":0,"speedMult":3,"time":367.5,"segments":5},{"angle":393.75,"angle2":146.25,"type":"mineHold","duration":0,"speedMult":3,"time":368.5,"segments":5},{"angle":213.75,"angle2":-33.75,"type":"mineHold","duration":0,"speedMult":3,"time":369.5,"segments":5},{"tap":true,"type":"inverse","time":369.5,"angle":270},{"angle":303.75,"angle2":56.25,"type":"mineHold","duration":0,"speedMult":3,"time":376.5,"segments":5},{"angle":393.75,"angle2":146.25,"type":"mineHold","duration":0,"speedMult":3,"time":377.5,"segments":7},{"angle":483.75,"angle2":236.25,"type":"mineHold","duration":0,"speedMult":3,"time":378.5,"segments":9},{"angle":315,"angle2":225,"type":"hold","time":371,"duration":0.5},{"angle":180,"angle2":225,"type":"hold","time":372,"duration":0.5},{"angle":292.5,"time":370.75,"type":"block"},{"angle":270,"time":370.5,"type":"block"},{"angle":202.5,"angle2":225,"type":"hold","time":372.75,"duration":0.25},{"angle":225,"angle2":180,"type":"hold","time":373,"duration":0.5},{"angle":135,"time":374,"type":"block"},{"angle":180,"time":374.25,"type":"block"},{"angle":202.5,"time":374.75,"type":"block"},{"angle":225,"time":375,"type":"block"},{"angle":247.5,"time":375.25,"type":"block"},{"angle":270,"angle2":315,"type":"hold","time":375.5,"duration":0.5},{"tap":true,"type":"inverse","time":378.5,"angle":180},{"tap":true,"type":"inverse","time":377.5,"angle":90},{"tap":true,"type":"inverse","time":376.5,"angle":0},{"angle":180,"angle2":270,"speedMult":3,"type":"hold","time":378.5,"duration":4.5},{"angle":360,"angle2":0,"speedMult":3,"type":"hold","time":387.5,"duration":9},{"angle":337.5,"time":396.5,"type":"block"},{"angle":225,"time":405,"type":"block"},{"angle":0,"angle2":90,"speedMult":3,"type":"hold","time":396.5,"duration":4.5},{"angle":112.5,"time":401,"type":"block"},{"angle":90,"angle2":-112.5,"speedMult":3,"type":"hold","time":401,"duration":4},{"angle":270,"angle2":0,"speedMult":3,"type":"hold","time":383,"duration":4.5},{"angle":247.5,"angle2":-90,"speedMult":3,"type":"hold","time":405,"duration":2.5},{"angle":258.75,"time":382,"type":"block"},{"angle":247.5,"time":383,"type":"block"},{"angle":236.25,"time":379.66665649414,"type":"block"},{"angle":180,"time":381.66665649414,"type":"block"},{"angle":191.25,"time":381.33334350586,"type":"block"},{"angle":202.5,"time":381,"type":"block"},{"angle":157.5,"time":385.33334350586,"type":"block"},{"angle":135,"time":385.66665649414,"type":"block"},{"angle":112.5,"time":386,"type":"block"},{"angle":270,"time":383.33334350586,"type":"block"},{"angle":258.75,"time":383.75,"type":"block"},{"angle":236.25,"time":384,"type":"block"},{"angle":45,"time":386.66665649414,"type":"block"},{"angle":45,"time":386.33334350586,"type":"block"},{"angle":45,"time":386.5,"type":"block"},{"angle":303.75,"time":388.66665649414,"type":"block"},{"angle":281.25,"time":389.33334350586,"type":"block"},{"angle":270,"time":389.66665649414,"type":"block"},{"angle":281.25,"time":390,"type":"block"},{"angle":292.5,"time":390.33334350586,"type":"block"},{"angle":191.25,"time":390.66665649414,"type":"block"},{"angle":180,"time":392.33334350586,"type":"block"},{"angle":168.75,"time":393,"type":"block"},{"angle":146.25,"time":393.66665649414,"type":"block"},{"angle":112.5,"time":394.33334350586,"type":"block"},{"angle":78.75,"time":395,"type":"block"},{"angle":33.75,"time":394.66665649414,"type":"block"},{"angle":56.25,"time":394,"type":"block"},{"angle":90,"time":393.33334350586,"type":"block"},{"angle":112.5,"time":392.66665649414,"type":"block"},{"angle":123.75,"time":392,"type":"block"},{"angle":22.5,"time":396.5,"type":"block"},{"angle":337.5,"time":395.5,"type":"block"},{"angle":22.5,"time":395.5,"type":"block"},{"angle":270,"angle2":-180,"speedMult":3,"type":"hold","time":407.5,"duration":2},{"angle":157.5,"angle2":157.5,"type":"hold","time":409.5,"duration":1.3333333730698},{"angle":202.5,"angle2":202.5,"type":"hold","time":410.83334350586,"duration":1},{"angle":180,"angle2":180,"type":"hold","time":411.83334350586,"duration":1},{"angle":67.5,"type":"block","time":414,"speedMult":3},{"angle":112.5,"type":"block","time":414.20834350586,"speedMult":3},{"angle":90,"type":"block","time":414.41665649414,"speedMult":3},{"angle":292.5,"type":"block","time":415,"speedMult":3},{"angle":247.5,"type":"block","time":415.20834350586,"speedMult":3},{"angle":270,"type":"block","time":415.41665649414,"speedMult":3},{"angle":90,"angle2":90,"type":"hold","time":414,"duration":0.41666662693024},{"angle":270,"angle2":270,"type":"hold","time":415,"duration":0.41666662693024},{"angle":0,"angle2":0,"speedMult":3,"type":"hold","time":416,"duration":1.25},{"angle":0,"time":416,"type":"block"},{"angle":45,"angle2":0,"type":"hold","time":397,"duration":1},{"angle":0,"time":398.33334350586,"type":"block"},{"angle":22.5,"time":398.66665649414,"type":"block"},{"angle":22.5,"angle2":112.5,"type":"hold","time":399,"duration":1},{"angle":67.5,"time":401.5,"type":"block"},{"angle":22.5,"time":402,"type":"block"},{"angle":337.5,"time":402.5,"type":"block"},{"angle":292.5,"time":403,"type":"block"},{"angle":270,"time":404,"type":"block"},{"angle":337.5,"time":403.5,"type":"block"},{"angle":360,"time":332,"type":"block"},{"angle":348.75,"time":421.5,"type":"block"},{"angle":292.5,"time":422,"type":"block"},{"angle":225,"time":423,"type":"block"},{"angle":202.5,"time":423.5,"type":"block"},{"angle":180,"time":424,"type":"block"},{"angle":168.75,"time":424,"type":"block"},{"angle":236.25,"time":424.5,"type":"block"},{"angle":247.5,"time":424.5,"type":"block"},{"angle":213.75,"time":427.25,"type":"block"},{"angle":258.75,"time":427.75,"type":"block"},{"angle":326.25,"time":428.25,"type":"block"},{"angle":337.5,"time":428.25,"type":"block"},{"angle":0,"time":419.75,"type":"block"},{"angle":348.75,"time":420.25,"type":"block"},{"angle":315,"time":420.75,"type":"block"},{"angle":45,"time":430,"type":"block"},{"angle":11.25,"time":430.5,"type":"block"},{"angle":348.75,"time":430.5,"type":"block"},{"angle":337.5,"time":431.5,"type":"block"},{"angle":337.5,"time":432.5,"type":"block"},{"angle":11.25,"angle2":33.75,"type":"hold","time":425.5,"duration":0},{"angle":303.75,"angle2":326.25,"type":"hold","time":431,"duration":0},{"angle":56.25,"angle2":33.75,"type":"hold","time":432,"duration":0},{"angle":168.75,"angle2":191.25,"type":"hold","time":426.75,"duration":0},{"angle":22.5,"angle2":45,"type":"hold","time":428.75,"duration":0},{"angle":393.75,"angle2":371.25,"type":"hold","time":433,"duration":0},{"angle":348.75,"time":435,"type":"block"},{"angle":326.25,"time":435.5,"type":"block"},{"angle":78.75,"time":436.75,"type":"block"},{"angle":56.25,"time":437.25,"type":"block"},{"angle":281.25,"time":439.75,"type":"block"},{"angle":315,"time":440.25,"type":"block"},{"angle":0,"time":448.25,"type":"block"},{"angle":315,"time":451.5,"type":"block"},{"angle":348.75,"time":452.5,"type":"block"},{"angle":360,"time":453,"type":"block"},{"angle":33.75,"time":434,"type":"block"},{"angle":11.25,"time":434.5,"type":"block"},{"angle":393.75,"angle2":371.25,"type":"hold","time":437.75,"duration":0.5},{"angle":371.25,"angle2":393.75,"type":"hold","time":438.25,"duration":0.5},{"angle":348.75,"angle2":393.75,"type":"hold","time":440.75,"duration":0.75},{"angle":0,"angle2":-56.25,"type":"mineHold","time":436,"duration":1.5},{"angle":326.25,"angle2":360,"type":"mineHold","time":441.5,"duration":1},{"angle":0,"angle2":0,"type":"mineHold","time":442.5,"duration":2},{"angle":78.75,"angle2":45,"type":"hold","time":444,"duration":0.5},{"angle":45,"angle2":67.5,"type":"hold","time":444.5,"duration":0.5},{"angle":281.25,"angle2":315,"type":"hold","time":442.5,"duration":0.5},{"angle":315,"angle2":281.25,"type":"hold","time":443,"duration":0.5},{"angle":326.25,"angle2":416.25,"type":"mineHold","time":450.25,"duration":1},{"angle":146.25,"angle2":236.25,"type":"mineHold","time":450.25,"duration":1},{"angle":135,"time":451.5,"type":"block"},{"angle":168.75,"time":452.5,"type":"block"},{"angle":180,"time":453,"type":"block"},{"angle":67.5,"angle2":45,"type":"hold","time":445,"duration":0.5},{"angle":0,"angle2":0,"type":"hold","time":446.75,"duration":0.5},{"angle":360,"angle2":360,"type":"hold","time":449.25,"duration":0.5},{"angle":315,"time":457,"type":"block"},{"angle":45,"time":458,"type":"block"},{"tap":true,"type":"block","time":459,"angle":315},{"tap":true,"type":"block","time":460,"angle":45},{"tap":true,"type":"block","time":461,"angle":315},{"tap":true,"type":"block","time":462,"angle":45},{"tap":true,"type":"block","time":463,"angle":315},{"tap":true,"type":"block","time":464,"angle":45},{"tap":true,"type":"block","time":465,"angle":315},{"tap":true,"type":"block","time":466,"angle":45},{"tap":true,"type":"block","time":467,"angle":315},{"angle":45,"angle2":135,"type":"hold","time":323,"duration":0.5},{"angle":135,"angle2":45,"type":"hold","time":323.5,"duration":0.5},{"angle":247.5,"angle2":405,"type":"mineHold","duration":0,"speedMult":4,"time":385.5,"segments":5},{"angle":326.25,"angle2":168.75,"type":"mineHold","duration":0,"speedMult":4,"time":386.5,"segments":5},{"angle":258.75,"angle2":101.25,"type":"mineHold","duration":0,"speedMult":4,"time":387.5,"segments":5},{"angle":348.75,"angle2":191.25,"type":"mineHold","duration":0,"speedMult":5,"time":394,"segments":5},{"angle":303.75,"angle2":146.25,"type":"mineHold","duration":0,"speedMult":5,"time":395,"segments":5},{"angle":258.75,"angle2":101.25,"type":"mineHold","duration":0,"speedMult":5,"time":396,"segments":5},{"angle":56.25,"angle2":213.75,"type":"mineHold","duration":0,"speedMult":5,"time":403,"segments":5},{"angle":11.25,"angle2":168.75,"type":"mineHold","duration":0,"speedMult":5,"time":404,"segments":5},{"angle":326.25,"angle2":483.75,"type":"mineHold","duration":0,"speedMult":5,"time":405,"segments":5},{"angle":11.25,"angle2":45,"type":"hold","time":453.5,"duration":0.5},{"angle":191.25,"angle2":225,"type":"hold","time":453.5,"duration":0.5},{"angle":45,"angle2":337.5,"speedMult":2,"type":"hold","time":467.5,"duration":2},{"angle":112.5,"angle2":146.25,"type":"mineHold","time":270,"duration":1},{"angle":135,"angle2":168.75,"type":"mineHold","time":270,"duration":1},{"angle":56.25,"time":276.91665649414,"type":"block"},{"angle":56.25,"time":276.83334350586,"type":"block"},{"angle":56.25,"time":276.75,"type":"block"},{"angle":67.5,"time":276.91665649414,"type":"block"},{"angle":67.5,"time":276.83334350586,"type":"block"},{"angle":67.5,"time":276.75,"type":"block"},{"angle":78.75,"time":276.91665649414,"type":"block"},{"angle":78.75,"time":276.83334350586,"type":"block"},{"angle":78.75,"time":276.75,"type":"block"},{"angle":90,"time":276.91665649414,"type":"block"},{"angle":90,"time":276.83334350586,"type":"block"},{"angle":90,"time":276.75,"type":"block"},{"angle":101.25,"time":276.75,"type":"block"},{"angle":101.25,"time":276.83334350586,"type":"block"},{"angle":101.25,"time":276.91665649414,"type":"block"},{"angle":112.5,"time":276.83334350586,"type":"block"},{"angle":112.5,"time":276.75,"type":"block"},{"angle":112.5,"time":276.91665649414,"type":"block"},{"angle":123.75,"time":276.75,"type":"block"},{"angle":123.75,"time":276.83334350586,"type":"block"},{"angle":123.75,"time":276.91665649414,"type":"block"},{"angle":135,"time":276.91665649414,"type":"block"},{"angle":225,"time":276.91665649414,"type":"block"},{"angle":236.25,"time":276.91665649414,"type":"block"},{"angle":247.5,"time":276.91665649414,"type":"block"},{"angle":258.75,"time":276.91665649414,"type":"block"},{"angle":270,"time":276.91665649414,"type":"block"},{"angle":281.25,"time":276.91665649414,"type":"block"},{"angle":292.5,"time":276.91665649414,"type":"block"},{"angle":303.75,"time":276.91665649414,"type":"block"},{"angle":303.75,"time":276.83334350586,"type":"block"},{"angle":292.5,"time":276.83334350586,"type":"block"},{"angle":281.25,"time":276.83334350586,"type":"block"},{"angle":270,"time":276.83334350586,"type":"block"},{"angle":258.75,"time":276.83334350586,"type":"block"},{"angle":247.5,"time":276.83334350586,"type":"block"},{"angle":236.25,"time":276.83334350586,"type":"block"},{"angle":236.25,"time":276.75,"type":"block"},{"angle":247.5,"time":276.75,"type":"block"},{"angle":258.75,"time":276.75,"type":"block"},{"angle":270,"time":276.75,"type":"block"},{"angle":281.25,"time":276.75,"type":"block"},{"angle":292.5,"time":276.75,"type":"block"},{"angle":303.75,"time":276.75,"type":"block"},{"angle":202.5,"time":277,"type":"block"},{"angle":191.25,"time":277,"type":"block"},{"angle":180,"time":277,"type":"block"},{"angle":157.5,"time":277,"type":"block"},{"angle":168.75,"time":277,"type":"block"},{"angle":225,"angle2":517.5,"speedMult":3,"type":"mineHold","time":467.5,"duration":2},{"angle":270,"angle2":562.5,"speedMult":3,"type":"mineHold","time":467.5,"duration":2},{"angle":180,"angle2":472.5,"speedMult":3,"type":"mineHold","time":467.5,"duration":2},{"angle":135,"angle2":427.5,"speedMult":3,"type":"mineHold","time":467.5,"duration":2},{"angle":315,"angle2":607.5,"speedMult":3,"type":"mineHold","time":467.5,"duration":2},{"angle":45,"angle2":56.25,"type":"hold","startTap":true,"time":467.5,"duration":0.125},{"angle":360,"angle2":382.5,"type":"hold","duration":1,"time":470,"holdEase":"outQuint"},{"angle":382.5,"angle2":0,"speedMult":2,"type":"hold","time":471,"duration":1},{"angle":67.5,"angle2":0,"type":"hold","time":488.5,"duration":1},{"angle":0,"angle2":45,"type":"hold","time":489.5,"duration":0.5},{"angle":45,"angle2":-67.5,"type":"hold","time":490,"duration":0.5},{"angle":292.5,"angle2":450,"type":"hold","time":490.5,"duration":0.5},{"angle":90,"angle2":-112.5,"type":"hold","time":491,"duration":0.5},{"angle":292.5,"angle2":427.5,"type":"hold","time":473.5,"duration":0.5},{"angle":315,"time":472.75,"type":"block"},{"angle":292.5,"time":473,"type":"block"},{"angle":337.5,"time":472.5,"type":"block"},{"angle":101.25,"angle2":78.75,"type":"hold","time":474.5,"duration":0},{"angle":78.75,"angle2":101.25,"type":"hold","time":475.5,"duration":0},{"angle":67.5,"angle2":-90,"type":"hold","duration":1,"time":476,"holdEase":"inSine"},{"angle":188.25,"angle2":171.75,"type":"hold","time":477.5,"duration":0},{"angle":315,"time":479.5,"type":"block"},{"angle":360,"angle2":427.5,"type":"hold","duration":1,"time":480,"holdEase":"inSine"},{"angle":67.5,"angle2":-90,"type":"hold","time":481,"duration":0.5},{"angle":-180,"angle2":-247.5,"type":"hold","duration":1,"time":482,"holdEase":"inSine"},{"angle":-247.5,"angle2":-90,"type":"hold","time":483,"duration":0.5},{"angle":270,"time":484.5,"type":"block"},{"tap":true,"type":"block","time":485.5,"angle":90},{"tap":true,"type":"block","time":486,"angle":270},{"angle":0,"angle2":-67.5,"type":"hold","duration":0.5,"time":487,"holdEase":"inSine"},{"angle":78.75,"time":488,"type":"block"},{"angle":146.25,"time":492,"type":"block"},{"angle":135,"angle2":67.5,"type":"hold","time":492.5,"duration":1},{"angle":67.5,"angle2":112.5,"type":"hold","time":493.5,"duration":0.5},{"angle":112.5,"angle2":0,"type":"hold","time":494,"duration":0.5},{"angle":360,"angle2":472.5,"type":"hold","time":494.5,"duration":0.5},{"angle":112.5,"angle2":-45,"type":"hold","time":495,"duration":0.5},{"angle":247.5,"time":496,"type":"block"},{"angle":315,"angle2":405,"type":"hold","time":497,"duration":1},{"angle":315,"time":498.5,"type":"block"},{"angle":45,"time":499,"type":"block"},{"angle":315,"time":499.5,"type":"block"},{"angle":0,"angle2":180,"type":"hold","time":500,"duration":1},{"angle":180,"angle2":0,"type":"hold","time":502,"duration":1},{"angle":225,"time":501.5,"type":"block"},{"angle":360,"angle2":90,"type":"hold","time":503,"duration":1},{"angle":45,"time":535,"type":"block"},{"angle":0,"time":534.5,"type":"block"},{"angle":22.5,"time":534.75,"type":"block"},{"angle":67.5,"time":535.25,"type":"block"},{"angle":90,"time":535.5,"type":"block"},{"angle":112.5,"time":535.75,"type":"block"},{"angle":135,"angle2":292.5,"type":"hold","startTap":true,"time":536,"duration":0.5},{"angle":0,"time":568,"type":"block"},{"angle":-180,"time":581.5,"type":"block"},{"angle":270,"time":479,"type":"block"},{"angle":360,"angle2":405,"type":"hold","duration":1,"time":508,"holdEase":"inSine"},{"angle":45,"angle2":-112.5,"type":"hold","time":509,"duration":0.5},{"angle":247.5,"time":509.75,"type":"block"},{"angle":292.5,"time":510.5,"type":"block"},{"angle":348.75,"angle2":371.25,"type":"hold","time":505.5,"duration":0},{"angle":45,"time":506,"type":"block"},{"angle":348.75,"angle2":371.25,"type":"hold","time":507.5,"duration":0},{"angle":326.25,"time":507,"type":"block"},{"angle":236.25,"time":510,"type":"block"},{"angle":45,"angle2":0,"type":"hold","time":511,"duration":0.5},{"angle":112.5,"time":504.75,"type":"block"},{"angle":45,"angle2":-33.75,"type":"hold","time":506.25,"duration":0.5},{"angle":225,"time":512,"type":"block"},{"angle":45,"time":512.5,"type":"block"},{"angle":225,"time":513,"type":"block"},{"angle":45,"time":513.5,"type":"block"},{"angle":225,"time":514,"type":"block"},{"angle":225,"time":515,"type":"block"},{"angle":45,"time":514.5,"type":"block"},{"angle":0,"angle2":180,"type":"hold","time":515.5,"duration":1.25},{"angle":180,"angle2":360,"type":"hold","time":516.75,"duration":1.25},{"angle":0,"angle2":180,"type":"hold","time":518,"duration":0.5},{"angle":180,"angle2":360,"type":"hold","time":518.5,"duration":0.5},{"angle":0,"angle2":180,"type":"hold","time":519,"duration":0.25},{"angle":180,"angle2":360,"type":"hold","time":519.25,"duration":0.25},{"angle":0,"angle2":180,"type":"hold","time":519.5,"duration":0.16666658222675},{"angle":180,"angle2":360,"type":"hold","time":519.66668701172,"duration":0.16666658222675},{"angle":0,"angle2":180,"type":"hold","time":519.83331298828,"duration":0.083333410322666},{"angle":180,"angle2":360,"type":"hold","time":519.91668701172,"duration":0.083333410322666},{"angle":360,"time":522,"type":"block"},{"angle":225,"time":524,"type":"block"},{"angle":135,"time":526,"type":"block"},{"angle":90,"time":528,"type":"block"},{"angle":360,"time":529,"type":"block"},{"angle":45,"time":530,"type":"block"},{"angle":0,"angle2":0,"type":"hold","time":531,"duration":1},{"angle":11.25,"angle2":168.75,"type":"hold","startTap":true,"time":540,"duration":0.5},{"angle":180,"time":541,"type":"block"},{"angle":202.5,"time":542,"type":"block"},{"angle":225,"time":543,"type":"block"},{"angle":-45,"time":537.5,"type":"block"},{"angle":-22.5,"time":538.5,"type":"block"},{"angle":0,"time":539.5,"type":"block"},{"angle":191.25,"time":541.5,"type":"block"},{"angle":213.75,"time":542.5,"type":"block"},{"angle":236.25,"time":543.5,"type":"block"},{"angle":-56.25,"time":537,"type":"block"},{"angle":-33.75,"time":538,"type":"block"},{"angle":-11.25,"time":539,"type":"block"},{"angle":247.5,"angle2":393.75,"type":"hold","startTap":true,"time":544,"duration":0.5},{"angle":45,"time":545,"type":"block"},{"angle":56.25,"time":545.5,"type":"block"},{"angle":67.5,"angle2":225,"type":"hold","startTap":true,"time":546,"duration":0.5},{"angle":236.25,"time":547,"type":"block"},{"angle":247.5,"time":547.5,"type":"block"},{"angle":258.75,"angle2":416.25,"type":"hold","startTap":true,"time":548,"duration":0.5},{"angle":67.5,"angle2":236.25,"type":"hold","startTap":true,"time":549,"duration":0.5},{"angle":247.5,"angle2":405,"type":"hold","startTap":true,"time":550,"duration":0.5},{"angle":45,"time":551,"type":"block"},{"angle":360,"time":580,"type":"block"},{"angle":33.75,"time":580.25,"type":"block"},{"angle":33.75,"time":580.75,"type":"block"},{"angle":67.5,"time":580.5,"type":"block"},{"angle":326.25,"time":581.25,"type":"block"},{"angle":0,"time":581,"type":"block"},{"angle":315,"time":552,"type":"block"},{"angle":315,"time":552.5,"type":"block"},{"angle":45,"time":553,"type":"block"},{"angle":45,"time":553.5,"type":"block"},{"angle":225,"time":554,"type":"block"},{"angle":225,"time":554.5,"type":"block"},{"angle":135,"time":555,"type":"block"},{"angle":135,"time":555.5,"type":"block"},{"tap":true,"type":"block","time":556,"angle":45},{"angle":0,"time":556.5,"type":"block"},{"angle":315,"time":557,"type":"block"},{"angle":270,"time":557.5,"type":"block"},{"tap":true,"type":"block","time":558,"angle":225},{"angle":270,"time":558.5,"type":"block"},{"angle":315,"time":559,"type":"block"},{"angle":360,"time":559.5,"type":"block"},{"angle":360,"angle2":405,"type":"hold","time":560,"duration":1},{"angle":45,"angle2":-90,"type":"hold","time":561,"duration":1},{"angle":270,"angle2":495,"type":"hold","time":562,"duration":1},{"angle":157.5,"time":563.25,"type":"block"},{"angle":202.5,"time":563.75,"type":"block"},{"angle":225,"time":564,"type":"block"},{"angle":247.5,"time":564.25,"type":"block"},{"angle":270,"time":564.5,"type":"block"},{"angle":292.5,"time":564.75,"type":"block"},{"angle":315,"time":565,"type":"block"},{"angle":337.5,"time":565.25,"type":"block"},{"angle":360,"time":565.5,"type":"block"},{"angle":22.5,"time":565.75,"type":"block"},{"angle":33.75,"time":566,"type":"block"},{"angle":22.5,"time":566.125,"type":"block"},{"angle":0,"time":566.25,"type":"block"},{"angle":337.5,"time":566.375,"type":"block"},{"angle":326.25,"time":566.5,"type":"block"},{"angle":337.5,"time":566.625,"type":"block"},{"angle":360,"time":566.75,"type":"block"},{"angle":11.25,"time":566.875,"type":"block"},{"angle":22.5,"time":567,"type":"block"},{"angle":22.5,"time":567.125,"type":"block"},{"angle":0,"time":567.25,"type":"block"},{"angle":337.5,"time":567.375,"type":"block"},{"angle":0,"time":567.5,"type":"block"},{"angle":22.5,"time":567.625,"type":"block"},{"angle":0,"time":567.75,"type":"block"},{"angle":337.5,"time":567.875,"type":"block"},{"angle":33.75,"time":567.0625,"type":"block"},{"angle":11.25,"time":567.1875,"type":"block"},{"angle":348.75,"time":567.3125,"type":"block"},{"angle":348.75,"time":567.4375,"type":"block"},{"angle":11.25,"time":567.5625,"type":"block"},{"angle":11.25,"time":567.6875,"type":"block"},{"angle":348.75,"time":567.8125,"type":"block"},{"angle":348.75,"time":567.9375,"type":"block"},{"angle":270,"angle2":337.5,"type":"mineHold","duration":1,"time":568,"holdEase":"outSine"},{"angle":-22.5,"angle2":-112.5,"type":"mineHold","duration":1,"time":569,"holdEase":"inSine"},{"angle":247.5,"angle2":292.5,"type":"mineHold","duration":1,"time":570,"holdEase":"inSine"},{"angle":292.5,"angle2":472.5,"type":"mineHold","duration":1,"time":571,"holdEase":"linear"},{"angle":112.5,"angle2":157.5,"type":"mineHold","duration":1,"time":572,"holdEase":"outSine"},{"angle":157.5,"angle2":67.5,"type":"mineHold","duration":1,"time":573,"holdEase":"inSine"},{"angle":67.5,"angle2":112.5,"type":"mineHold","duration":1,"time":574,"holdEase":"inSine"},{"angle":112.5,"angle2":292.5,"type":"mineHold","time":575,"duration":1},{"angle":292.5,"angle2":337.5,"type":"mineHold","duration":1,"time":576,"holdEase":"outSine"},{"angle":-22.5,"angle2":-112.5,"type":"mineHold","duration":1,"time":577,"holdEase":"inSine"},{"angle":247.5,"angle2":292.5,"type":"mineHold","duration":1,"time":578,"holdEase":"inSine"},{"angle":90,"angle2":112.5,"type":"mineHold","duration":1,"time":568,"holdEase":"outSine"},{"angle":112.5,"angle2":22.5,"type":"mineHold","duration":1,"time":569,"holdEase":"inSine"},{"angle":382.5,"angle2":427.5,"type":"mineHold","duration":0.5,"time":570,"holdEase":"linear"},{"angle":67.5,"angle2":247.5,"type":"mineHold","time":570.5,"duration":1.5},{"angle":247.5,"angle2":292.5,"type":"mineHold","duration":1,"time":572,"holdEase":"inSine"},{"angle":292.5,"angle2":202.5,"type":"mineHold","duration":1,"time":573,"holdEase":"outSine"},{"angle":202.5,"angle2":247.5,"type":"mineHold","duration":0.5,"time":574,"holdEase":"outSine"},{"angle":247.5,"angle2":427.5,"type":"mineHold","time":574.5,"duration":1.5},{"angle":67.5,"angle2":112.5,"type":"mineHold","duration":1,"time":576,"holdEase":"inSine"},{"angle":112.5,"angle2":22.5,"type":"mineHold","duration":1,"time":577,"holdEase":"outSine"},{"angle":22.5,"angle2":67.5,"type":"mineHold","duration":1,"time":578,"holdEase":"outSine"},{"angle":0,"angle2":0,"type":"hold","time":204.5,"duration":0.25},{"angle":180,"angle2":315,"type":"mineHold","time":111,"duration":2},{"angle":315,"angle2":157.5,"type":"mineHold","time":113,"duration":2},{"angle":157.5,"angle2":202.5,"type":"mineHold","time":115,"duration":1},{"angle":202.5,"angle2":112.5,"type":"mineHold","time":116,"duration":1},{"angle":112.5,"angle2":180,"type":"mineHold","time":117,"duration":1},{"angle":180,"angle2":67.5,"type":"mineHold","time":118,"duration":1},{"angle":67.5,"angle2":247.5,"type":"mineHold","time":119,"duration":2},{"angle":247.5,"angle2":22.5,"type":"mineHold","time":121,"duration":2},{"angle":22.5,"angle2":135,"type":"mineHold","time":123,"duration":1},{"angle":135,"angle2":0,"type":"mineHold","time":124,"duration":1},{"angle":360,"angle2":540,"type":"mineHold","time":125,"duration":1},{"angle":247.5,"type":"mine","time":414,"speedMult":3},{"angle":292.5,"type":"mine","time":414.25,"speedMult":3},{"angle":270,"type":"mine","time":414.5,"speedMult":3},{"angle":112.5,"type":"mine","time":415,"speedMult":3},{"angle":67.5,"type":"mine","time":415.25,"speedMult":3},{"angle":90,"type":"mine","time":415.5,"speedMult":3},{"angle":180,"angle2":180,"speedMult":3,"type":"mineHold","time":416,"duration":1},{"angle":180,"time":416,"type":"mine"},{"angle":303.75,"angle2":281.25,"type":"hold","time":436,"duration":0.75},{"angle":270,"time":475,"type":"block"},{"angle":360,"time":478,"type":"block"},{"angle":101.25,"angle2":78.75,"type":"hold","time":478.5,"duration":0},{"angle":56.25,"time":263.125,"type":"block"},{"angle":67.5,"time":263.25,"type":"block"},{"angle":180,"time":269,"type":"mine"},{"angle":135,"time":269,"type":"mine"},{"angle":90,"time":269,"type":"mine"},{"angle":45,"time":269,"type":"mine"},{"angle":213.75,"time":269.33334350586,"type":"mine"},{"angle":168.75,"time":269.33334350586,"type":"mine"},{"angle":123.75,"time":269.33334350586,"type":"mine"},{"angle":78.75,"time":269.33334350586,"type":"mine"},{"angle":33.75,"time":269.33334350586,"type":"mine"},{"angle":202.5,"time":269.66665649414,"type":"mine"},{"angle":157.5,"time":269.66665649414,"type":"mine"},{"angle":112.5,"time":269.66665649414,"type":"mine"},{"angle":67.5,"time":269.66665649414,"type":"mine"},{"angle":22.5,"time":269.66665649414,"type":"mine"},{"angle":11.25,"angle2":33.75,"type":"mineHold","time":264,"duration":1},{"angle":281.25,"angle2":303.75,"type":"mineHold","time":264,"duration":1},{"angle":191.25,"angle2":213.75,"type":"mineHold","time":264,"duration":1},{"angle":292.5,"time":261,"type":"mine"},{"angle":22.5,"time":261,"type":"mine"},{"angle":45,"time":261.5,"type":"mine"},{"angle":112.5,"time":261,"type":"mine"},{"angle":135,"time":261.5,"type":"mine"},{"angle":202.5,"time":261,"type":"mine"},{"angle":225,"time":261.5,"type":"mine"},{"angle":315,"time":261.5,"type":"mine"},{"angle":67.5,"angle2":101.25,"type":"mineHold","time":262,"duration":1},{"angle":157.5,"angle2":191.25,"type":"mineHold","time":262,"duration":1},{"angle":247.5,"angle2":281.25,"type":"mineHold","time":262,"duration":1},{"angle":326.25,"angle2":371.25,"type":"mineHold","time":262,"duration":1},{"angle":180,"angle2":236.25,"type":"mineHold","time":274.5,"duration":1},{"angle":157.5,"angle2":213.75,"type":"mineHold","time":274.5,"duration":1},{"angle":135,"angle2":191.25,"type":"mineHold","time":274.5,"duration":1},{"angle":112.5,"angle2":168.75,"type":"mineHold","time":274.5,"duration":1},{"angle":90,"angle2":146.25,"type":"mineHold","time":274.5,"duration":1},{"angle":67.5,"angle2":123.75,"type":"mineHold","time":274.5,"duration":1},{"angle":146.25,"angle2":135,"type":"mineHold","time":275.5,"duration":0.25},{"angle":168.75,"angle2":157.5,"type":"mineHold","time":275.5,"duration":0.5},{"angle":191.25,"angle2":168.75,"type":"mineHold","time":275.5,"duration":0.75},{"angle":213.75,"angle2":180,"type":"mineHold","time":275.5,"duration":1},{"angle":236.25,"angle2":180,"type":"mineHold","time":275.5,"duration":1},{"angle":123.75,"angle2":180,"type":"mineHold","time":275.5,"duration":1},{"angle":180,"time":563.5,"type":"block"},{"angle":101.25,"time":114,"type":"extraTap"},{"angle":22.5,"time":118,"type":"extraTap"},{"angle":22.5,"time":122,"type":"extraTap"},{"angle":22.5,"time":126,"type":"extraTap"},{"angle":157.5,"angle2":202.5,"type":"hold","time":315.5,"duration":0.5},{"angle":202.5,"angle2":247.5,"type":"hold","time":316,"duration":0.5},{"angle":360,"type":"inverse","time":367.5,"tap":true},{"angle":90,"type":"inverse","time":368.5,"tap":true},{"angle":22.5,"type":"extraTap","time":38,"speedMult":2},{"angle":180,"angle2":270,"type":"hold","time":292,"duration":0.5}]