{"properties":{"startBeat":-4,"speed":70,"loadBeat":-14,"formatversion":12,"offset":14},"events":[{"angle":90,"type":"play","bpm":166,"file":"Yoasobi-Idol.ogg","volume":1,"time":-2},{"r":58,"b":58,"type":"setColor","duration":2,"angle":180,"g":58,"color":2,"order":-999,"time":-5.5},{"r":0,"b":0,"type":"setColor","angle":225,"g":0,"color":1,"time":-14,"order":-999},{"r":252,"b":83,"type":"setColor","duration":2,"angle":157.5,"g":198,"color":3,"order":-999,"time":-5.5},{"r":0,"b":0,"type":"setColor","angle":247.5,"g":0,"color":0,"time":-14,"order":-999},{"angle":202.5,"type":"setBgColor","color":1,"time":-14},{"angle":135,"type":"setBgColor","color":2,"time":-1},{"r":242,"b":195,"type":"setColor","angle":202.5,"g":151,"color":1,"time":-1,"order":-999},{"angle":405,"newWidth":30,"paddle":0,"type":"paddles","ease":"inOutSine","time":39,"duration":4},{"angle":22.5,"newWidth":70,"paddle":0,"type":"paddles","ease":"inOutSine","time":43,"duration":4},{"angle":67.5,"type":"setBgColor","color":0,"time":39},{"angle":123.75,"type":"setBgColor","color":2,"time":47},{"r":255,"b":255,"type":"setColor","angle":213.75,"g":255,"color":0,"time":-1,"order":-999},{"r":255,"b":255,"type":"setColor","angle":78.75,"g":255,"color":0,"time":39,"order":-999},{"r":242,"b":195,"type":"setColor","duration":1,"color":2,"g":151,"ease":"outCirc","time":46.75,"angle":101.25},{"r":52,"b":118,"type":"setColor","duration":1,"color":1,"g":53,"ease":"outCirc","time":46.75,"angle":90},{"r":252,"b":83,"type":"setColor","duration":1,"color":0,"g":198,"ease":"outCirc","time":46.75,"angle":78.75},{"angle":135,"type":"hom","time":39,"enable":true},{"angle":135,"type":"hom","time":47,"enable":false},{"r":0,"b":0,"type":"setColor","angle":90,"g":0,"color":1,"time":39,"order":-999},{"angle":22.5,"type":"setBgColor","color":2,"time":79},{"r":0,"b":0,"type":"setColor","angle":135,"g":0,"color":3,"time":78,"order":-999},{"r":0,"b":0,"type":"setColor","angle":67.5,"g":0,"color":0,"time":78,"order":-999},{"r":252,"b":83,"type":"setColor","angle":90,"g":198,"color":1,"time":78,"order":-999},{"r":252,"b":83,"type":"setColor","duration":14.5,"g":198,"color":3,"time":79,"angle":135},{"r":252,"b":83,"type":"setColor","duration":14.5,"g":198,"color":0,"time":79,"angle":67.5},{"r":0,"b":0,"type":"setColor","duration":14.5,"color":1,"g":0,"ease":"inOutExpo","time":79,"angle":90},{"angle":22.5,"type":"setBgColor","color":3,"time":93.5},{"r":0,"b":0,"type":"setColor","angle":45,"g":0,"color":3,"time":93.5,"order":-999},{"r":0,"b":0,"type":"setColor","angle":67.5,"g":0,"color":0,"time":93.5,"order":-999},{"r":252,"b":83,"type":"setColor","angle":90,"g":198,"color":1,"time":93.5,"order":-999},{"r":252,"b":83,"type":"setColor","duration":14.5,"g":198,"color":3,"time":95,"angle":45},{"r":252,"b":83,"type":"setColor","duration":14.5,"g":198,"color":0,"time":95,"angle":67.5},{"r":0,"b":0,"type":"setColor","duration":14.5,"color":1,"g":0,"ease":"inOutExpo","time":95,"angle":90},{"r":196,"b":216,"type":"setColor","duration":3,"g":202,"color":3,"time":111,"angle":67.5},{"r":230,"b":62,"type":"setColor","duration":1,"g":50,"color":0,"time":111,"angle":90},{"angle":0,"type":"forcePlayerSprite","spriteName":"happy","time":151},{"angle":360,"type":"forcePlayerSprite","spriteName":"","time":158},{"r":0,"b":0,"type":"bookmark","description":"1st Drop","name":"Chorus1","g":0,"time":149,"angle":22.5},{"r":0,"b":0,"type":"setColor","duration":3,"g":0,"color":0,"time":146,"angle":90},{"angle":157.5,"type":"setBgColor","color":3,"time":146},{"r":45,"b":45,"type":"setColor","duration":3,"g":45,"color":3,"time":146,"angle":135},{"r":248,"b":216,"type":"setColor","duration":0.25,"g":227,"color":0,"time":151,"angle":90},{"r":230,"b":62,"type":"setColor","duration":0.25,"g":50,"color":1,"time":151,"angle":112.5},{"r":52,"b":118,"type":"setColor","duration":0.25,"g":53,"color":3,"time":151,"angle":135},{"r":248,"b":7,"type":"setColor","duration":2,"color":1,"g":130,"ease":"inOutExpo","time":182,"angle":270},{"r":255,"b":255,"type":"setColor","duration":2,"color":0,"g":255,"ease":"inOutExpo","time":182,"angle":292.5},{"r":252,"b":83,"type":"setColor","duration":2,"color":3,"g":198,"ease":"inOutExpo","time":182,"angle":247.5},{"r":59,"b":59,"type":"setColor","angle":45,"g":59,"color":3,"time":215,"order":-999},{"r":0,"b":0,"type":"setColor","angle":315,"g":0,"color":0,"time":215,"order":-999},{"r":0,"b":0,"type":"setColor","angle":337.5,"g":0,"color":1,"time":215,"order":-999},{"angle":360,"type":"outline","enable":true,"time":215,"color":2},{"r":248,"b":216,"type":"setColor","angle":22.5,"g":227,"color":2,"time":215,"order":-999},{"angle":67.5,"type":"noise","chance":0.89999997615814,"color":3,"time":215},{"angle":303.75,"type":"setBgColor","color":0,"time":215},{"duration":2,"angle":191.25,"type":"ease","var":"scrollSpeed","time":214.5,"value":2},{"angle":157.5,"newWidth":30,"paddle":0,"type":"paddles","ease":"linear","time":215,"duration":0},{"angle":191.25,"order":-999,"type":"ease","var":"vfx.angleTwist.offset","time":215,"value":45},{"duration":0.5,"angle":22.5,"type":"ease","var":"vfx.pixelate","time":246.5,"value":1.1999998092651},{"duration":0.5,"angle":45,"type":"ease","var":"vfx.angleTwist.offset","time":246.5,"value":90},{"r":230,"b":62,"type":"setColor","angle":90,"g":50,"color":2,"time":247,"order":-999},{"r":76,"b":30,"type":"setColor","angle":112.5,"g":30,"color":3,"time":247,"order":-999},{"angle":213.75,"newWidth":45,"paddle":0,"type":"paddles","ease":"linear","time":247,"duration":25},{"angle":180,"start":1,"type":"ease","duration":0.25,"order":-999,"var":"vfx.canvPos.sx","ease":"outExpo","time":247,"value":0.80000001192093},{"angle":191.25,"start":1,"type":"ease","duration":0.25,"order":-999,"var":"vfx.canvPos.sy","ease":"outExpo","time":247,"value":0.80000001192093},{"angle":33.75,"newWidth":360,"paddle":0,"type":"paddles","ease":"linear","time":275,"duration":2},{"angle":202.5,"start":0,"type":"ease","var":"vfx.canvPos.r","duration":28,"time":247,"value":10},{"angle":78.75,"type":"noise","chance":0.70000016689301,"color":3,"time":271},{"angle":33.75,"type":"noise","chance":0.80000001192093,"color":3,"time":269},{"angle":33.75,"type":"noise","chance":0.75,"color":3,"time":270},{"angle":33.75,"type":"noise","chance":0.85000002384186,"color":3,"time":268},{"angle":123.75,"type":"noise","chance":0.64999997615814,"color":3,"time":272},{"angle":101.25,"type":"noise","chance":0.60000002384186,"color":3,"time":273},{"angle":101.25,"type":"noise","chance":0.5,"color":3,"time":274},{"angle":22.5,"type":"noise","chance":0.30000001192093,"color":3,"time":275},{"angle":101.25,"type":"noise","chance":0.050000011920929,"color":3,"time":276},{"angle":45,"duration":2,"type":"ease","var":"vfx.canvPos.r","ease":"inOutSine","time":275,"value":0},{"angle":67.5,"duration":3,"type":"ease","var":"vfx.canvPos.sx","ease":"inCirc","time":274,"value":2},{"angle":78.75,"duration":3,"type":"ease","var":"vfx.canvPos.sy","ease":"inCirc","time":274,"value":2},{"r":255,"b":255,"type":"setColor","duration":2,"g":255,"color":1,"time":275,"angle":56.25},{"r":255,"b":255,"type":"setColor","duration":2,"g":255,"color":2,"time":275,"angle":67.5},{"r":68,"b":67,"type":"setColor","duration":2,"g":67,"color":3,"time":275,"angle":78.75},{"r":0,"b":0,"type":"setColor","duration":0.20000000298023,"g":0,"color":2,"time":277.25,"angle":71.5},{"r":0,"b":0,"type":"setColor","duration":0.20000000298023,"g":0,"color":3,"time":277.25,"angle":82.75},{"r":0,"b":0,"type":"setColor","duration":0.20000000298023,"g":0,"color":1,"time":277.25,"angle":60.25},{"angle":90,"type":"forcePlayerSprite","spriteName":"angry","time":276},{"duration":24.5,"angle":191.25,"type":"ease","var":"vfx.canvPos.sx","time":247.25,"order":10,"value":0.89999997615814},{"duration":24.5,"angle":180,"type":"ease","var":"vfx.canvPos.sy","time":247.25,"order":10,"value":0.89999997615814},{"angle":90,"type":"forcePlayerSprite","spriteName":"idle","time":278},{"angle":101.25,"type":"noise","chance":0,"color":3,"time":278},{"angle":67.5,"start":1.2000000476837,"type":"ease","duration":4,"var":"vfx.canvPos.sx","ease":"outCirc","time":279,"value":1},{"angle":78.75,"start":1.2000000476837,"type":"ease","duration":4,"var":"vfx.canvPos.sy","ease":"outCirc","time":279,"value":1},{"angle":135,"newWidth":70,"paddle":0,"type":"paddles","time":279,"duration":2},{"r":248,"b":216,"type":"setColor","duration":0.25,"g":227,"color":0,"time":279,"angle":22.5},{"r":230,"b":62,"type":"setColor","duration":0.25,"g":50,"color":1,"time":279,"angle":33.75},{"r":242,"b":195,"type":"setColor","duration":0.25,"g":151,"color":3,"time":279,"angle":45},{"angle":90,"type":"forcePlayerSprite","spriteName":"happy","time":279},{"angle":135,"time":278,"type":"ease","var":"vfx.pixelate","order":-999,"value":0.99999940395355},{"angle":157.5,"type":"outline","enable":false,"time":278,"color":0},{"angle":56.25,"type":"setBgColor","color":3,"time":279},{"angle":292.5,"type":"outline","enable":true,"time":-14,"color":2},{"angle":225,"type":"outline","enable":false,"time":-1,"color":0},{"r":52,"b":118,"type":"setColor","angle":180,"g":53,"color":2,"time":-1,"order":-999},{"r":0,"b":0,"type":"bookmark","description":"Level start","name":"Start","g":0,"time":-14,"angle":112.5},{"r":0,"b":0,"type":"bookmark","description":"","name":"MySaviour1","g":0,"time":39,"angle":22.5},{"r":0,"b":0,"type":"bookmark","description":"","name":"Verse1","g":0,"time":47,"angle":67.5},{"r":0,"b":0,"type":"bookmark","description":"","name":"PreChorus1","g":0,"time":111,"angle":45},{"r":0,"b":0,"type":"bookmark","description":"","name":"Verse2","g":0,"time":78,"angle":112.5},{"r":0,"b":0,"type":"bookmark","description":"","name":"Verse3","g":0,"time":214,"angle":22.5},{"r":0,"b":0,"type":"bookmark","description":"","name":"Verse3-Intense","g":0,"time":247,"angle":247.5},{"r":0,"b":0,"type":"bookmark","description":"","name":"Chorus2","g":0,"time":279,"angle":112.5},{"angle":45,"start":0,"type":"ease","var":"vfx.angleTwist.offset","order":-999,"time":278,"value":0},{"angle":22.5,"start":1,"type":"ease","var":"scrollSpeed","order":-999,"time":278,"value":1},{"r":0,"b":0,"type":"bookmark","description":"","name":"Chorus2-2","g":0,"time":310,"angle":360},{"r":79,"b":127,"type":"setColor","duration":2,"color":3,"g":103,"ease":"inOutExpo","time":310,"angle":90},{"r":16,"b":40,"type":"setColor","duration":2,"color":0,"g":21,"ease":"inOutExpo","time":310,"angle":22.5},{"r":242,"b":195,"type":"setColor","duration":2,"color":1,"g":151,"ease":"inOutExpo","time":310,"angle":45},{"angle":45,"start":1,"type":"ease","duration":0.5,"var":"vfx.pixelate","ease":"inSine","time":317,"value":1},{"angle":45,"start":1,"type":"ease","duration":0.5,"var":"vfx.pixelate","ease":"inSine","time":318,"value":1},{"angle":67.5,"start":300,"type":"ease","var":"vfx.canvPos.x","duration":0.5,"time":317,"value":300},{"angle":67.5,"start":300,"type":"ease","var":"vfx.canvPos.x","duration":0.5,"time":318,"value":300},{"angle":90,"start":185,"type":"ease","var":"vfx.canvPos.y","duration":0.5,"time":317,"value":180},{"angle":90,"start":175,"type":"ease","var":"vfx.canvPos.y","duration":0.5,"time":318,"value":180},{"duration":0.5,"angle":90,"type":"ease","var":"vfx.hglitch.strength","time":320.5,"value":0.49999982118607},{"angle":0,"type":"forcePlayerSprite","spriteName":"none","time":311},{"angle":90,"type":"forcePlayerSprite","spriteName":"","time":284.5},{"r":0,"b":0,"type":"bookmark","description":"","name":"Bridge1","g":0,"time":343,"angle":67.5},{"r":7,"b":17,"type":"setColor","duration":0.25,"g":10,"color":3,"time":342.5,"angle":180},{"r":242,"b":195,"type":"setColor","duration":0.5,"g":151,"color":0,"time":342.5,"angle":90},{"r":230,"b":62,"type":"setColor","duration":0.5,"g":50,"color":1,"time":342.5,"angle":112.5},{"r":31,"b":59,"type":"setColor","angle":135,"g":43,"color":2,"time":342.5,"order":-999},{"angle":157.5,"type":"noise","chance":0.99000000953674,"color":2,"time":342.5},{"angle":270,"type":"forcePlayerSprite","spriteName":"","time":343},{"r":0,"b":0,"type":"bookmark","description":"","name":"Bridge1-Intense","g":0,"time":378.5,"angle":135},{"angle":247.5,"newWidth":120,"paddle":0,"type":"paddles","ease":"linear","time":378.5,"duration":0.25},{"angle":360,"start":1,"type":"ease","duration":0.5,"var":"vfx.pixelate","ease":"inSine","time":333,"value":1},{"angle":22.5,"start":295,"type":"ease","var":"vfx.canvPos.x","duration":0.5,"time":333,"value":300},{"angle":45,"start":180,"type":"ease","var":"vfx.canvPos.y","duration":0.5,"time":333,"value":180},{"angle":315,"start":1,"type":"ease","duration":0.5,"var":"vfx.pixelate","ease":"inSine","time":334,"value":1},{"angle":337.5,"start":305,"type":"ease","var":"vfx.canvPos.x","duration":0.5,"time":334,"value":300},{"angle":360,"start":180,"type":"ease","var":"vfx.canvPos.y","duration":0.5,"time":334,"value":180},{"r":0,"b":0,"type":"bookmark","description":"","name":"PreChorus2","g":0,"time":417,"angle":22.5},{"angle":45,"newWidth":70,"paddle":0,"type":"paddles","ease":"linear","time":417,"duration":1},{"r":0,"b":0,"type":"setColor","duration":0.25,"g":0,"color":0,"time":416.5,"angle":45},{"r":0,"b":0,"type":"setColor","duration":0.25,"g":0,"color":1,"time":416.5,"angle":67.5},{"r":0,"b":0,"type":"setColor","duration":0.25,"g":0,"color":2,"time":416.5,"angle":90},{"r":0,"b":0,"type":"setColor","duration":0.25,"g":0,"color":3,"time":416.5,"angle":112.5},{"r":119,"b":143,"type":"setColor","duration":0.25,"g":116,"color":0,"time":418,"angle":45},{"r":0,"b":0,"type":"setColor","duration":0.25,"g":0,"color":1,"time":418,"angle":67.5},{"r":180,"b":190,"type":"setColor","duration":0.25,"g":180,"color":2,"time":418,"angle":90},{"r":157,"b":176,"type":"setColor","duration":0.25,"g":158,"color":3,"time":418,"angle":135},{"angle":112.5,"type":"noise","chance":0.95900005102158,"color":3,"time":418},{"angle":157.5,"type":"outline","enable":true,"time":418,"color":2},{"r":0,"b":0,"type":"bookmark","description":"","name":"PreChorus2-KeyChange","g":0,"time":433,"angle":78.75},{"r":26,"b":52,"type":"setColor","duration":1,"color":0,"g":33,"ease":"inCirc","time":433.5,"angle":45},{"r":26,"b":52,"type":"setColor","duration":1,"color":1,"g":33,"ease":"inCirc","time":433.5,"angle":67.5},{"r":71,"b":101,"type":"setColor","duration":2,"color":2,"g":77,"ease":"inOutCirc","time":433.5,"angle":90},{"r":26,"b":52,"type":"setColor","duration":2,"color":3,"g":33,"ease":"inOutCirc","time":433.5,"angle":135},{"angle":112.5,"type":"noise","chance":0.95900005102158,"color":3,"time":433.5},{"angle":157.5,"type":"outline","enable":false,"time":434.5,"color":2},{"duration":0,"enabled":false,"type":"paddles","paddle":0,"time":434.5,"order":-999,"angle":180},{"r":119,"b":143,"type":"setColor","duration":1,"color":0,"g":116,"ease":"inCirc","time":434.5,"angle":45},{"r":26,"b":52,"type":"setColor","duration":1,"color":1,"g":33,"ease":"outCirc","time":434.5,"angle":67.5},{"r":0,"b":0,"type":"setColor","duration":3,"g":0,"color":0,"time":451,"angle":67.5},{"r":248,"b":151,"type":"setColor","duration":2,"color":3,"g":241,"ease":"inOutSine","time":455,"angle":135},{"r":0,"b":0,"type":"setColor","duration":3,"g":0,"color":1,"time":451,"angle":90},{"r":0,"b":0,"type":"setColor","duration":4,"color":3,"g":0,"ease":"outCirc","time":451,"angle":135},{"duration":0,"enabled":false,"type":"paddles","paddle":0,"time":454.5,"order":-999,"angle":90},{"r":0,"b":0,"type":"setColor","duration":3,"g":0,"color":2,"time":451,"angle":112.5},{"angle":112.5,"type":"noise","chance":0,"color":0,"time":453},{"r":0,"b":0,"type":"bookmark","description":"","name":"Chorus3-Windup","g":0,"time":454,"angle":157.5},{"angle":180,"start":4,"type":"ease","duration":11,"var":"vfx.pixelate","ease":"inOutSine","time":454,"value":3},{"angle":135,"start":3,"type":"ease","var":"vfx.pixelate","duration":1,"time":466.5,"value":1},{"angle":22.5,"start":0.5,"type":"ease","duration":11,"var":"vfx.canvPos.sx","ease":"inOutSine","time":454,"value":0.80000001192093},{"angle":360,"start":0.5,"type":"ease","duration":11,"var":"vfx.canvPos.sy","ease":"inOutSine","time":454,"value":0.80000001192093},{"angle":157.5,"start":0.80000001192093,"type":"ease","duration":1,"var":"vfx.canvPos.sx","ease":"inBack","time":466.5,"value":1},{"angle":180,"start":0.80000001192093,"type":"ease","duration":1,"var":"vfx.canvPos.sy","ease":"inBack","time":466.5,"value":1},{"angle":247.5,"type":"outline","enable":true,"time":457.5,"color":2},{"r":248,"b":151,"type":"setColor","duration":2,"g":241,"color":2,"time":457.5,"angle":270},{"angle":225,"start":0.10000000149012,"type":"ease","duration":1,"var":"vfx.canvPos.kx","ease":"inBack","time":466.5,"value":0},{"r":0,"b":0,"type":"bookmark","description":"","name":"Chorus3","g":0,"time":466.5,"angle":270},{"angle":337.5,"start":0.20000000298023,"type":"ease","duration":11,"var":"vfx.canvPos.kx","ease":"inOutSine","time":454,"value":0.10000000149012},{"angle":270,"start":300,"type":"ease","duration":13,"var":"p.y","ease":"inOutSine","time":454.5,"value":180},{"r":248,"b":151,"type":"setColor","angle":326.25,"g":241,"color":0,"time":467.5,"order":-999},{"r":248,"b":151,"type":"setColor","angle":348.75,"g":241,"color":1,"time":467.5,"order":-999},{"r":248,"b":151,"type":"setColor","angle":11.25,"g":241,"color":2,"time":467.5,"order":-999},{"r":248,"b":151,"type":"setColor","angle":33.75,"g":241,"color":3,"time":467.5,"order":-999},{"r":252,"b":83,"type":"setColor","duration":4,"color":2,"g":198,"ease":"outExpo","time":467.5,"angle":146.25},{"r":248,"b":151,"type":"setColor","duration":4,"color":3,"g":241,"ease":"inExpo","time":467.5,"angle":168.75},{"r":229,"b":226,"type":"setColor","duration":4,"color":0,"g":100,"ease":"outExpo","time":467.5,"angle":78.75},{"r":66,"b":171,"type":"setColor","duration":4,"color":1,"g":64,"ease":"outExpo","time":467.5,"angle":101.25},{"angle":123.75,"type":"outline","enable":true,"time":467.5,"color":0},{"angle":236.25,"type":"hom","time":467.5,"enable":true},{"angle":258.75,"type":"noise","chance":0.80000001192093,"color":2,"time":467.5},{"angle":247.5,"type":"noise","chance":0.85000002384186,"color":2,"time":472},{"r":248,"b":151,"type":"setColor","duration":1,"color":3,"g":241,"ease":"inCirc","time":466.5,"angle":22.5},{"r":252,"b":83,"type":"setColor","duration":8,"g":198,"color":3,"time":457,"angle":135},{"r":248,"b":151,"type":"setColor","duration":1,"color":2,"g":241,"ease":"inCirc","time":466.5,"angle":360},{"r":248,"b":151,"type":"setColor","duration":1,"color":1,"g":241,"ease":"inCirc","time":466.5,"angle":337.5},{"r":248,"b":151,"type":"setColor","duration":1,"color":0,"g":241,"ease":"inCirc","time":466.5,"angle":315},{"r":213,"b":255,"type":"setColor","duration":1,"color":0,"g":246,"ease":"inSine","time":471,"angle":45},{"r":213,"b":255,"type":"setColor","duration":1,"g":246,"color":1,"time":471,"angle":67.5},{"r":213,"b":255,"type":"setColor","duration":1,"g":246,"color":2,"time":471,"angle":90},{"r":213,"b":255,"type":"setColor","duration":0,"angle":112.5,"g":246,"color":3,"order":-999,"time":471},{"r":248,"b":216,"type":"setColor","duration":1,"color":0,"g":227,"ease":"outSine","time":472,"angle":45},{"r":229,"b":226,"type":"setColor","duration":1,"color":1,"g":100,"ease":"outSine","time":472,"angle":67.5},{"r":66,"b":171,"type":"setColor","duration":1,"color":2,"g":64,"ease":"outSine","time":472,"angle":90},{"r":18,"b":124,"type":"setColor","duration":0,"angle":112.5,"order":-999,"g":55,"ease":"outSine","color":3,"time":472},{"r":0,"b":0,"type":"bookmark","description":"","name":"Outro-Calm","g":0,"time":520,"angle":22.5},{"r":0,"b":0,"type":"bookmark","description":"","name":"Outro-Intense","g":0,"time":534,"angle":67.5},{"r":0,"b":0,"type":"bookmark","description":"","name":"MySaviour2","g":0,"time":568,"angle":135},{"angle":22.5,"time":581,"type":"showResults"},{"r":255,"b":0,"type":"setColor","duration":1,"g":0,"color":0,"time":487,"angle":90},{"r":36,"b":87,"type":"setColor","duration":2,"color":1,"g":50,"ease":"inOutCirc","time":487,"angle":112.5},{"r":36,"b":87,"type":"setColor","duration":2,"color":2,"g":50,"ease":"inOutCirc","time":487,"angle":135},{"r":240,"b":242,"type":"setColor","duration":2,"color":3,"g":238,"ease":"inOutCirc","time":487,"angle":157.5},{"angle":180,"type":"noise","chance":0.89999997615814,"color":2,"time":487},{"r":255,"b":0,"type":"setColor","duration":1,"g":128,"color":0,"time":488,"angle":90},{"r":255,"b":0,"type":"setColor","duration":1,"g":255,"color":0,"time":489,"angle":90},{"r":0,"b":0,"type":"setColor","duration":1,"g":255,"color":0,"time":490,"angle":90},{"r":0,"b":255,"type":"setColor","duration":1,"g":128,"color":0,"time":491,"angle":112.5},{"r":0,"b":255,"type":"setColor","duration":1,"g":0,"color":0,"time":492,"angle":90},{"r":128,"b":255,"type":"setColor","duration":1,"g":0,"color":0,"time":493,"angle":90},{"r":255,"b":255,"type":"setColor","duration":1,"g":0,"color":0,"time":494,"angle":90},{"r":255,"b":0,"type":"setColor","duration":1,"g":0,"color":0,"time":495,"angle":101.25},{"r":255,"b":0,"type":"setColor","duration":1,"g":128,"color":0,"time":496,"angle":101.25},{"r":255,"b":0,"type":"setColor","duration":1,"g":255,"color":0,"time":497,"angle":101.25},{"r":0,"b":0,"type":"setColor","duration":1,"g":255,"color":0,"time":498,"angle":101.25},{"r":0,"b":255,"type":"setColor","duration":1,"g":128,"color":0,"time":499,"angle":101.25},{"r":0,"b":255,"type":"setColor","duration":1,"g":0,"color":0,"time":500,"angle":101.25},{"r":128,"b":255,"type":"setColor","duration":1,"g":0,"color":0,"time":501,"angle":101.25},{"r":255,"b":255,"type":"setColor","duration":1,"g":0,"color":0,"time":502,"angle":101.25},{"r":255,"b":0,"type":"setColor","duration":1,"g":0,"color":0,"time":503,"angle":101.25},{"r":255,"b":0,"type":"setColor","duration":1,"g":128,"color":0,"time":504,"angle":101.25},{"r":255,"b":0,"type":"setColor","duration":1,"g":255,"color":0,"time":505,"angle":101.25},{"r":0,"b":0,"type":"setColor","duration":1,"g":255,"color":0,"time":506,"angle":101.25},{"r":0,"b":255,"type":"setColor","duration":1,"g":128,"color":0,"time":507,"angle":101.25},{"r":0,"b":255,"type":"setColor","duration":1,"g":0,"color":0,"time":508,"angle":101.25},{"r":128,"b":255,"type":"setColor","duration":1,"g":0,"color":0,"time":509,"angle":101.25},{"r":255,"b":255,"type":"setColor","duration":1,"g":0,"color":0,"time":510,"angle":101.25},{"r":255,"b":0,"type":"setColor","duration":1,"g":0,"color":0,"time":511,"angle":101.25},{"r":255,"b":0,"type":"setColor","duration":1,"g":128,"color":0,"time":512,"angle":101.25},{"r":255,"b":0,"type":"setColor","duration":1,"g":255,"color":0,"time":513,"angle":101.25},{"r":0,"b":0,"type":"setColor","duration":1,"g":255,"color":0,"time":514,"angle":101.25},{"r":0,"b":255,"type":"setColor","duration":1,"g":128,"color":0,"time":515,"angle":101.25},{"r":0,"b":255,"type":"setColor","duration":1,"g":0,"color":0,"time":516,"angle":101.25},{"r":128,"b":255,"type":"setColor","duration":1,"g":0,"color":0,"time":517,"angle":101.25},{"r":255,"b":255,"type":"setColor","duration":2,"color":0,"g":255,"ease":"inSine","time":518,"angle":90},{"angle":67.5,"type":"outline","enable":true,"time":487,"color":0},{"angle":22.5,"start":1,"type":"ease","duration":5,"var":"scrollSpeed","ease":"linear","time":515.5,"value":6},{"angle":45,"newWidth":380,"paddle":0,"type":"paddles","ease":"inSine","time":515.5,"duration":3.5},{"angle":67.5,"type":"noise","chance":0.94999998807907,"color":2,"time":515.5},{"angle":45,"type":"hom","time":520,"enable":false},{"angle":67.5,"type":"noise","chance":0,"color":0,"time":520},{"angle":112.5,"start":1,"type":"ease","duration":5,"var":"vfx.noteXScale","ease":"inOutSine","time":515.5,"value":2},{"angle":135,"start":1,"type":"ease","duration":5,"var":"vfx.noteYScale","ease":"inOutSine","time":515.5,"value":2},{"angle":22.5,"time":521,"type":"ease","var":"vfx.noteXScale","order":-999,"value":1},{"angle":360,"order":-999,"type":"ease","var":"vfx.noteYScale","time":521,"value":1},{"angle":326.25,"order":-999,"type":"ease","var":"scrollSpeed","time":520.5,"value":1},{"angle":337.5,"newWidth":70,"paddle":0,"type":"paddles","ease":"outSine","time":520,"duration":8},{"angle":202.5,"type":"outline","enable":false,"time":520,"color":0},{"r":196,"b":216,"type":"setColor","duration":6,"color":3,"g":202,"ease":"outSine","time":520,"angle":157.5},{"r":196,"b":216,"type":"setColor","duration":6,"color":0,"g":202,"ease":"outSine","time":520,"angle":90},{"r":18,"b":124,"type":"setColor","duration":6,"color":1,"g":55,"ease":"outSine","time":520,"angle":112.5},{"r":255,"b":255,"type":"setColor","duration":2,"color":1,"g":255,"ease":"inSine","time":518,"angle":112.5},{"r":255,"b":255,"type":"setColor","duration":2,"color":2,"g":255,"ease":"inSine","time":518,"angle":135},{"r":255,"b":255,"type":"setColor","duration":2,"color":3,"g":255,"ease":"inSine","time":518,"angle":157.5},{"angle":225,"start":1.3999999761581,"type":"ease","duration":12,"var":"vfx.canvPos.sx","ease":"outSine","time":520,"value":1},{"angle":247.5,"start":1.3999999761581,"type":"ease","duration":12,"var":"vfx.canvPos.sy","ease":"outSine","time":520,"value":1},{"angle":270,"start":3,"type":"ease","duration":5,"var":"vfx.pixelate","ease":"inOutExpo","time":520,"value":1},{"r":0,"b":0,"type":"setColor","duration":11,"g":0,"color":3,"time":568,"angle":236.25},{"r":255,"b":255,"type":"setColor","duration":0.5,"angle":180,"order":-999,"g":255,"ease":"outSine","color":1,"time":568},{"angle":202.5,"newWidth":70,"paddle":0,"type":"paddles","ease":"inOutSine","time":579,"duration":0.5},{"r":0,"b":0,"type":"setColor","duration":0.5,"g":0,"color":3,"time":579.5,"angle":292.5},{"r":229,"b":226,"type":"setColor","duration":0.5,"g":100,"color":1,"time":580,"angle":247.5},{"r":229,"b":226,"type":"setColor","duration":1,"g":100,"color":0,"time":581,"angle":225},{"angle":146.25,"newWidth":30,"paddle":0,"type":"paddles","ease":"linear","time":568,"duration":0},{"angle":315,"type":"hom","time":580,"enable":false},{"angle":247.5,"type":"setBoolean","var":"vfx.drawUI","time":568,"enable":false},{"r":255,"b":255,"type":"setColor","angle":157.5,"g":255,"color":0,"time":568,"order":-999},{"angle":292.5,"type":"forcePlayerSprite","spriteName":"happy","time":467},{"angle":22.5,"type":"forcePlayerSprite","spriteName":"","time":472},{"angle":157.5,"type":"forcePlayerSprite","spriteName":"happy","time":581.5},{"r":0,"b":0,"type":"setColor","duration":0.5,"angle":202.5,"order":-999,"g":0,"ease":"inOutSine","color":2,"time":568},{"angle":315,"type":"outline","enable":true,"time":568,"color":2},{"angle":33.75,"start":1,"type":"ease","duration":11,"var":"vfx.canvPos.sx","ease":"inOutSine","time":568,"value":0.5},{"angle":45,"start":1,"type":"ease","duration":11,"var":"vfx.canvPos.sy","ease":"inOutSine","time":568,"value":0.5},{"angle":56.25,"duration":11,"type":"ease","var":"vfx.canvPos.r","ease":"inOutSine","time":568,"value":0.20000000298023},{"angle":67.5,"duration":11,"type":"ease","var":"vfx.canvPos.kx","ease":"inOutSine","time":568,"value":-0.10000000149012},{"duration":1.5,"angle":67.5,"type":"ease","var":"vfx.canvPos.sx","ease":"inBack","time":580,"value":1.5},{"duration":1.5,"angle":90,"type":"ease","var":"vfx.canvPos.sy","ease":"inBack","time":580,"value":1.5},{"angle":112.5,"duration":1.5,"type":"ease","var":"vfx.canvPos.r","ease":"inBack","time":580,"value":0},{"duration":1.5,"angle":135,"type":"ease","var":"vfx.canvPos.kx","ease":"inBack","time":580,"value":0},{"angle":157.5,"duration":1.5,"type":"ease","var":"vfx.pixelate","ease":"inBack","time":580,"value":1},{"r":204,"b":204,"type":"setColor","duration":1.5,"g":68,"color":3,"time":534.5,"angle":90},{"r":235,"b":191,"type":"setColor","duration":1.5,"g":148,"color":1,"time":534.5,"angle":135},{"r":248,"b":216,"type":"setColor","duration":1.5,"g":227,"color":0,"time":534.5,"angle":157.5},{"r":255,"b":255,"type":"setColor","angle":225,"g":255,"color":3,"time":568,"order":-999},{"r":255,"b":255,"type":"setColor","duration":2,"color":3,"g":255,"ease":"inSine","time":566,"angle":135},{"r":255,"b":255,"type":"setColor","duration":2,"color":1,"g":255,"ease":"inSine","time":566,"angle":90},{"r":255,"b":255,"type":"setColor","duration":2,"color":0,"g":255,"ease":"inSine","time":566,"angle":67.5},{"angle":78.75,"start":1,"type":"ease","duration":11,"var":"vfx.pixelate","ease":"inOutSine","time":568,"value":3},{"r":235,"b":191,"type":"setColor","duration":0.5,"color":0,"g":148,"ease":"inOutCirc","time":539.75,"angle":247.5},{"r":248,"b":216,"type":"setColor","duration":0.5,"color":3,"g":227,"ease":"inOutCirc","time":539.75,"angle":315},{"r":204,"b":204,"type":"setColor","duration":0.5,"color":1,"g":68,"ease":"inOutCirc","time":539.75,"angle":270},{"r":18,"b":124,"type":"setColor","duration":0.5,"color":1,"g":55,"ease":"inOutCirc","time":543.75,"angle":202.5},{"r":229,"b":226,"type":"setColor","duration":0.5,"color":0,"g":100,"ease":"inOutCirc","time":543.75,"angle":225},{"r":66,"b":171,"type":"setColor","duration":0.5,"color":3,"g":64,"ease":"inOutCirc","time":543.75,"angle":157.5},{"r":66,"b":171,"type":"setColor","duration":0.5,"color":0,"g":64,"ease":"inOutCirc","time":545.75,"angle":292.5},{"r":229,"b":226,"type":"setColor","duration":0.5,"color":3,"g":100,"ease":"inOutCirc","time":545.75,"angle":360},{"r":18,"b":124,"type":"setColor","duration":0.5,"color":1,"g":55,"ease":"inOutCirc","time":545.75,"angle":315},{"r":62,"b":212,"type":"setColor","duration":0.5,"color":0,"g":200,"ease":"inOutCirc","time":547.75,"angle":292.5},{"r":52,"b":118,"type":"setColor","duration":0.5,"color":3,"g":53,"ease":"inOutCirc","time":547.75,"angle":360},{"r":52,"b":118,"type":"setColor","duration":0.5,"color":1,"g":53,"ease":"inOutCirc","time":547.75,"angle":315},{"r":235,"b":125,"type":"setColor","duration":0.5,"color":0,"g":62,"ease":"inOutCirc","time":548.75,"angle":292.5},{"r":52,"b":118,"type":"setColor","duration":0.5,"color":3,"g":53,"ease":"inOutCirc","time":548.75,"angle":360},{"r":52,"b":118,"type":"setColor","duration":0.5,"color":1,"g":53,"ease":"inOutCirc","time":548.75,"angle":315},{"r":52,"b":118,"type":"setColor","duration":0.5,"color":3,"g":53,"ease":"inOutCirc","time":549.75,"angle":225},{"r":52,"b":118,"type":"setColor","duration":0.5,"color":1,"g":53,"ease":"inOutCirc","time":549.75,"angle":180},{"r":248,"b":216,"type":"setColor","duration":0.5,"color":0,"g":227,"ease":"inOutCirc","time":549.75,"angle":157.5},{"angle":292.5,"type":"setBoolean","var":"vfx.drawUI","time":454,"enable":false},{"angle":202.5,"type":"setBoolean","var":"vfx.drawUI","time":467.5,"enable":true},{"angle":180,"x":0,"type":"deco","y":0,"sprite":"crowd@fps","drawLayer":"fg","id":"crowd1","order":-999,"time":151},{"angle":281.25,"type":"deco","id":"crowd1","hide":true,"time":215,"order":-999},{"angle":180,"id":"crowd1","type":"deco","time":278.5,"hide":false,"order":-999,"oy":-90},{"angle":180,"duration":2,"type":"deco","time":279,"id":"crowd1","oy":0,"ease":"outCirc"},{"angle":191.25,"type":"deco","id":"crowd1","hide":true,"time":342.5,"order":-999},{"angle":191.25,"duration":1,"type":"deco","time":341.5,"id":"crowd1","oy":-90,"ease":"inCirc"},{"angle":180,"type":"deco","recolor":2,"id":"crowd1","time":311,"order":-999},{"angle":191.25,"sprite":"crowd@0","type":"deco","order":-999,"hide":false,"time":467.5,"id":"crowd1"},{"angle":191.25,"id":"crowd1","type":"deco","time":467,"recolor":-1,"order":-999,"oy":0},{"angle":191.25,"sprite":"crowd@fps","type":"deco","id":"crowd1","time":472,"order":-999},{"angle":191.25,"type":"deco","recolor":0,"id":"crowd1","time":487,"order":-999},{"angle":191.25,"type":"deco","id":"crowd1","hide":true,"time":520,"order":-999},{"angle":146.25,"x":0,"y":0,"recolor":3,"sprite":"bunnybg@24","order":-999,"drawLayer":"bg","drawOrder":-10,"id":"bunnybg1","time":-1,"type":"deco"},{"angle":180,"sprite":"bunnybg@48","type":"deco","recolor":2,"drawLayer":"bg","id":"bunnybg1","hide":false,"order":-999,"time":534.5},{"angle":303.75,"type":"deco","time":568,"id":"bunnybg1","order":-999,"hide":true},{"r":196,"b":216,"type":"setColor","angle":112.5,"g":202,"color":2,"time":534,"order":-999},{"r":235,"b":191,"type":"setColor","duration":1.5,"g":148,"color":2,"time":534.5,"angle":112.5},{"angle":202.5,"type":"deco","id":"bunnybg1","hide":true,"time":38.9375,"order":-999},{"r":83,"b":136,"type":"setColor","angle":157.5,"g":69,"color":3,"time":-1,"order":-999},{"r":255,"b":255,"type":"setColor","angle":101.25,"g":255,"color":2,"time":39,"order":-999},{"r":255,"b":255,"type":"setColor","duration":1,"color":2,"g":255,"ease":"inCirc","time":38,"angle":101.25},{"r":255,"b":255,"type":"setColor","duration":1,"color":3,"g":255,"ease":"inCirc","time":38,"angle":112.5},{"r":255,"b":255,"type":"setColor","duration":0.5,"color":0,"g":255,"ease":"inCirc","time":46,"angle":78.75},{"r":255,"b":255,"type":"setColor","duration":0.5,"color":1,"g":255,"ease":"inCirc","time":46,"angle":90},{"r":255,"b":255,"type":"setColor","duration":0.5,"color":2,"g":255,"ease":"inCirc","time":46,"angle":101.25},{"angle":315,"x":200,"type":"deco","y":0,"drawLayer":"bg","sprite":"particles.png","time":46.75,"id":"particles1","order":-999,"hide":true},{"r":180,"type":"deco","duration":31,"hide":true,"id":"particles1","ease":"inOutSine","time":47,"angle":315},{"r":90,"drawLayer":"bg","x":200,"type":"deco","sprite":"particles.png","id":"particles2","angle":292.5,"time":46.75,"hide":true,"order":-999,"y":0},{"r":180,"drawLayer":"bg","x":200,"type":"deco","sprite":"particles.png","id":"particles3","angle":270,"time":46.75,"hide":true,"order":-999,"y":0},{"r":270,"drawLayer":"bg","x":200,"type":"deco","sprite":"particles.png","id":"particles4","angle":247.5,"time":46.75,"hide":true,"order":-999,"y":0},{"r":270,"type":"deco","duration":31,"hide":true,"id":"particles2","ease":"inOutSine","time":47,"angle":292.5},{"r":360,"type":"deco","duration":31,"hide":true,"id":"particles3","ease":"inOutSine","time":47,"angle":270},{"r":450,"type":"deco","duration":31,"hide":true,"id":"particles4","ease":"inOutSine","time":47,"angle":247.5},{"r":-180,"x":0,"type":"deco","sprite":"particles.png","order":-999,"id":"particles5","sx":2,"sy":2,"y":-100,"time":46.75,"hide":true,"drawLayer":"bg","angle":213.75},{"r":-90,"x":0,"type":"deco","sprite":"particles.png","order":-999,"id":"particles6","sx":2,"sy":2,"y":-100,"time":46.75,"hide":true,"drawLayer":"bg","angle":202.5},{"r":0,"x":0,"type":"deco","sprite":"particles.png","order":-999,"id":"particles7","sx":2,"sy":2,"y":-100,"time":46.75,"hide":true,"drawLayer":"bg","angle":191.25},{"r":90,"x":100,"type":"deco","sprite":"particles.png","order":-999,"id":"particles8","sx":2,"sy":2,"y":-100,"time":46.75,"hide":true,"drawLayer":"bg","angle":180},{"r":-360,"type":"deco","duration":31,"hide":true,"id":"particles5","ease":"inOutSine","time":47,"angle":213.75},{"r":-270,"type":"deco","duration":31,"hide":true,"id":"particles6","ease":"inOutSine","time":47,"angle":202.5},{"r":-180,"type":"deco","duration":31,"hide":true,"id":"particles7","ease":"inOutSine","time":47,"angle":191.25},{"r":-90,"type":"deco","duration":31,"hide":true,"id":"particles8","ease":"inOutSine","time":47,"angle":180},{"r":0,"b":0,"type":"setColor","angle":45,"g":0,"color":2,"time":79,"order":-999},{"r":252,"b":83,"type":"setColor","duration":13.5,"color":2,"g":198,"ease":"inOutExpo","time":80,"angle":45},{"angle":157.5,"x":-300,"type":"deco","recolor":0,"order":-999,"sprite":"particlesbg@16","sx":1.5,"sy":1.5,"id":"particlesbg1","time":151,"hide":true,"drawLayer":"bg","y":-180},{"angle":292.5,"type":"deco","id":"particlesbgfull","hide":true,"time":215,"order":-999},{"angle":202.5,"sprite":"particlesbgfull@16","type":"deco","recolor":0,"y":0,"sx":1.2000000476837,"sy":1.2000000476837,"order":-999,"x":-100,"id":"particlesbgfull","time":151,"drawLayer":"bg"},{"angle":202.5,"type":"deco","id":"particlesbgfull","hide":false,"time":279,"order":-999},{"angle":202.5,"type":"deco","id":"particlesbgfull","hide":true,"time":342.5,"order":-999},{"angle":202.5,"id":"particlesbgfull","type":"deco","time":472,"hide":false,"order":-999,"recolor":1},{"angle":202.5,"type":"deco","recolor":0,"id":"particlesbgfull","time":487,"order":-999},{"angle":168.75,"type":"deco","id":"particlesbgfull","hide":true,"time":520,"order":-999},{"angle":180,"x":0,"type":"deco","recolor":3,"sprite":"screenedge.png","drawLayer":"fg","time":39,"y":0,"id":"screenedge1","order":-999,"outline":true},{"angle":157.5,"type":"deco","id":"screenedge1","hide":true,"time":47,"order":-999},{"angle":270,"id":"screenedge1","type":"deco","time":247,"hide":false,"order":-999,"recolor":3},{"angle":258.75,"outline":false,"type":"deco","recolor":3,"hide":false,"id":"screenedge1","order":-999,"time":215},{"angle":225,"type":"deco","id":"screenedge1","hide":true,"time":279,"order":-999},{"angle":202.5,"id":"screenedge1","type":"deco","time":454.5,"hide":false,"order":-999,"recolor":-1},{"angle":157.5,"type":"deco","id":"screenedge1","hide":true,"time":467.5,"order":-999},{"angle":292.5,"id":"screenedge1","type":"deco","time":568,"recolor":0,"order":-999,"hide":false},{"angle":236.25,"x":0,"type":"deco","recolor":3,"order":-999,"drawLayer":"fg","sprite":"filmgrain@fps","id":"filmgrain1","time":215,"y":0},{"angle":247.5,"type":"deco","id":"filmgrain1","hide":true,"time":279,"order":-999},{"angle":225,"id":"filmgrain1","type":"deco","time":342.5,"hide":true,"order":-999,"recolor":2},{"angle":180,"type":"deco","id":"filmgrain1","hide":true,"time":417.5,"order":-999},{"angle":202.5,"x":0,"type":"deco","recolor":2,"sprite":"rain@fps","order":-999,"time":417.5,"id":"rain1","drawLayer":"fg","y":0},{"angle":180,"type":"deco","id":"rain1","hide":true,"time":454.5,"order":-999},{"angle":225,"x":0,"type":"deco","recolor":-1,"order":-999,"drawLayer":"bg","sprite":"spotlights@fps","id":"spotlights1","time":312,"y":0},{"angle":247.5,"type":"deco","time":342.5,"id":"spotlights1","order":-999,"hide":true},{"angle":180,"type":"deco","id":"spotlights1","hide":false,"time":472,"order":-999},{"angle":225,"type":"deco","recolor":0,"id":"spotlights1","time":487,"order":-999},{"angle":146.25,"type":"deco","id":"spotlights1","hide":true,"time":520,"order":-999},{"angle":225,"x":0,"y":0,"recolor":-1,"sprite":"stage.png","order":-999,"drawLayer":"bg","drawOrder":-10,"id":"stage1","time":151,"type":"deco"},{"angle":213.75,"type":"deco","id":"stage1","hide":true,"time":215,"order":-999},{"angle":157.5,"type":"deco","id":"stage1","hide":false,"time":279,"order":-999},{"angle":258.75,"type":"deco","id":"stage1","hide":true,"time":342.625,"order":-999},{"angle":213.75,"type":"deco","id":"stage1","hide":false,"time":467.5,"order":-999},{"angle":135,"type":"deco","id":"stage1","hide":true,"time":520,"order":-999},{"angle":247.5,"sprite":"stagelights@fps","type":"deco","x":0,"order":-999,"drawLayer":"bg","drawOrder":-5,"id":"stagelights1","time":151,"y":0},{"angle":202.5,"type":"deco","id":"stagelights1","hide":true,"time":215,"order":-999},{"angle":270,"id":"stagelights1","type":"deco","time":278.5,"hide":false,"order":-999,"oy":90},{"angle":270,"duration":2,"type":"deco","time":279,"id":"stagelights1","oy":0,"ease":"outCirc"},{"angle":270,"type":"deco","id":"stagelights1","hide":true,"time":342.5,"order":-999},{"angle":247.5,"sprite":"stagelights@0","type":"deco","order":-999,"hide":false,"time":467.5,"id":"stagelights1"},{"angle":213.75,"sprite":"stagelights@fps","type":"deco","id":"stagelights1","time":472,"order":-999},{"angle":213.75,"type":"deco","id":"stagelights1","hide":true,"time":520,"order":-999},{"angle":33.75,"x":300,"y":-60,"recolor":3,"type":"deco","duration":1,"sx":1,"sy":1,"hide":false,"id":"shinelarge1","ease":"inCirc","time":47,"sprite":"shinelarge@fps"},{"angle":33.75,"type":"deco","id":"shinelarge1","hide":true,"time":47.75,"order":-999},{"angle":22.5,"x":-90,"y":20,"recolor":3,"type":"deco","duration":1,"sx":2,"sy":2,"hide":false,"id":"shinelarge2","ease":"inCirc","time":46.75,"sprite":"shinelarge@fps"},{"angle":22.5,"type":"deco","id":"shinelarge2","hide":true,"time":47.5,"order":-999},{"angle":337.5,"x":0,"type":"deco","recolor":0,"order":-999,"drawLayer":"bg","sprite":"shinebg@fps","id":"shinebg1","time":47,"y":0},{"angle":225,"type":"deco","time":111,"id":"shinebg1","order":-999,"hide":true},{"angle":180,"paddle":1,"type":"paddles","newAngle":0,"duration":0,"enabled":true,"time":434.5,"order":0},{"angle":180,"paddle":2,"type":"paddles","newAngle":180,"duration":0,"enabled":true,"time":434.5,"order":0},{"angle":90,"paddle":1,"type":"paddles","newAngle":0,"duration":0,"enabled":true,"time":454.5,"order":0},{"angle":101.25,"x":300,"y":180,"id":"heartlarge1","recolor":0,"drawLayer":"bg","oy":180,"sx":3.5,"sy":3.5,"sprite":"heartlarge@fps","drawOrder":-5,"ox":300,"time":111,"type":"deco"},{"angle":45,"sprite":"heartlarge@22.128","type":"deco","id":"heartlarge1","time":127},{"angle":270,"type":"deco","id":"heartlarge1","time":151,"hide":true},{"r":252,"b":83,"type":"setColor","angle":146.25,"g":198,"color":2,"time":110,"order":-999},{"r":45,"b":45,"type":"setColor","duration":2,"g":45,"color":2,"time":146,"angle":168.75},{"angle":45,"x":0,"type":"deco","recolor":3,"sprite":"shineuncover@fps","drawLayer":"fg","drawOrder":5,"id":"shineuncover1","time":46.75,"y":0},{"angle":45,"type":"deco","id":"shineuncover1","time":47.375,"hide":true},{"angle":360,"b":123,"type":"setColor","g":71,"r":181,"color":2,"time":31},{"r":139,"b":92,"type":"setColor","duration":0.5,"color":2,"g":54,"ease":"outSine","time":31.5,"angle":360},{"angle":360,"b":123,"type":"setColor","g":71,"r":181,"color":2,"time":32},{"r":139,"b":92,"type":"setColor","duration":0.5,"color":2,"g":54,"ease":"outSine","time":32.5,"angle":360},{"r":139,"b":92,"type":"setColor","duration":0.5,"color":2,"g":54,"ease":"outSine","time":33.5,"angle":0},{"angle":360,"b":124,"type":"setColor","g":70,"r":237,"color":2,"time":33},{"angle":360,"b":123,"type":"setColor","g":71,"r":181,"color":2,"time":34},{"r":159,"b":113,"type":"setColor","duration":0.25,"color":2,"g":75,"ease":"outSine","time":34.25,"angle":360},{"angle":360,"b":124,"type":"setColor","g":70,"r":237,"color":2,"time":34.5},{"r":139,"b":92,"type":"setColor","duration":0.5,"color":2,"g":54,"ease":"outSine","time":35,"angle":360},{"angle":360,"b":124,"type":"setColor","g":70,"r":237,"color":2,"time":35.5},{"r":139,"b":92,"type":"setColor","duration":0.5,"color":2,"g":54,"ease":"outSine","time":36,"angle":360},{"angle":360,"b":123,"type":"setColor","g":71,"r":181,"color":2,"time":36.5},{"r":159,"b":113,"type":"setColor","duration":0.25,"color":2,"g":75,"ease":"outSine","time":36.75,"angle":360},{"angle":360,"b":124,"type":"setColor","g":70,"r":237,"color":2,"time":37},{"r":83,"b":136,"type":"setColor","duration":0.5,"color":2,"g":69,"ease":"outSine","time":37.5,"angle":360},{"angle":0,"x":0,"type":"deco","y":0,"sprite":"logofull!intro","drawOrder":5,"id":"logofull1","drawLayer":"bg","time":49},{"angle":360,"sprite":"logofull!bounce","type":"deco","id":"logofull1","time":57},{"angle":22.5,"sprite":"logofull!bounce","type":"deco","id":"logofull1","time":65},{"angle":360,"sprite":"logofull!bounce","type":"deco","id":"logofull1","time":73},{"angle":337.5,"sprite":"logofull!outro","type":"deco","id":"logofull1","time":74},{"angle":360,"sprite":"logofull!bounce","type":"deco","id":"logofull1","time":89},{"angle":337.5,"type":"deco","id":"logofull1","time":78,"hide":true},{"angle":326.25,"type":"deco","id":"shinebg1","time":78,"hide":true},{"angle":135,"sprite":"tape!swipe","type":"deco","recolor":3,"x":0,"drawLayer":"bg","drawOrder":2,"id":"tape1","time":77.5,"y":0},{"angle":112.5,"b":255,"type":"setColor","g":255,"r":255,"color":3,"time":46.75},{"r":-20,"x":0,"y":0,"drawLayer":"bg","recolor":-1,"oy":-20,"id":"tape1","time":79,"sx":1.2000000476837,"sy":1.2000000476837,"angle":202.5,"sprite":"tape!roll","ox":80,"order":0,"type":"deco"},{"r":20,"x":0,"y":0,"drawLayer":"fg","recolor":-1,"oy":80,"id":"tape2","time":83,"sx":1.2000000476837,"sy":1.2000000476837,"angle":191.25,"sprite":"tape!roll","ox":-20,"order":-10,"type":"deco"},{"angle":292.5,"sprite":"tape!unroll","type":"deco","id":"tape1","time":109},{"angle":270,"sprite":"tape!unroll","type":"deco","id":"tape2","time":109},{"r":20,"x":300,"y":-360,"sprite":"tape!roll","recolor":-1,"drawLayer":"fg","id":"tape3","oy":100,"sx":1.2000000476837,"sy":1.2000000476837,"angle":180,"order":-10,"ox":-30,"time":83,"type":"deco"},{"angle":247.5,"sprite":"tape!unroll","type":"deco","id":"tape3","time":109},{"angle":112.5,"b":0,"type":"setColor","g":0,"r":0,"color":3,"time":48.5},{"angle":292.5,"type":"deco","id":"tape1","time":111,"hide":true},{"angle":270,"type":"deco","id":"tape2","time":111,"hide":true},{"angle":247.5,"type":"deco","id":"tape3","time":111,"hide":true},{"angle":56.25,"sprite":"heartlarge@0","type":"deco","id":"heartlarge1","time":143},{"angle":45,"sprite":"spiral@fps","type":"deco","recolor":2,"sx":2,"sy":2,"x":0,"time":342.5,"id":"spiral1","drawLayer":"bg","y":-120},{"angle":157.5,"type":"deco","id":"spiral1","time":378.5,"hide":true},{"r":90,"sprite":"spiral@fps","type":"deco","recolor":2,"x":600,"sx":2,"sy":2,"time":342.5,"y":-120,"id":"spiral2","drawLayer":"bg","angle":33.75},{"angle":146.25,"type":"deco","id":"spiral2","time":378.5,"hide":true},{"r":31,"b":59,"type":"setColor","duration":1,"color":3,"g":43,"ease":"inCirc","time":377.5,"angle":168.75},{"r":7,"b":17,"type":"setColor","duration":6,"color":3,"g":10,"ease":"outSine","time":378.5,"angle":168.75},{"angle":168.75,"sprite":"heartbg.png","type":"deco","recolor":2,"x":0,"drawLayer":"bg","drawOrder":-6,"id":"heartbg1","time":111,"y":0},{"r":0,"b":0,"type":"setColor","duration":3,"g":0,"color":2,"time":111,"angle":146.25},{"angle":146.25,"type":"deco","recolor":1,"time":114,"id":"heartbg1"},{"r":45,"b":45,"type":"setColor","duration":3,"g":45,"color":1,"time":146,"angle":112.5},{"angle":281.25,"type":"deco","id":"heartbg1","time":151,"hide":true},{"r":31,"b":59,"type":"setColor","duration":0.25,"color":3,"g":43,"ease":"inCirc","time":385.25,"angle":180},{"r":7,"b":17,"type":"setColor","duration":0.75,"color":3,"g":10,"ease":"outSine","time":385.5,"angle":180},{"r":31,"b":59,"type":"setColor","duration":0.75,"color":2,"g":43,"ease":"outSine","time":385.5,"angle":202.5},{"r":7,"b":17,"type":"setColor","duration":0.25,"color":2,"g":10,"ease":"inCirc","time":385.25,"angle":202.5},{"r":31,"b":59,"type":"setColor","duration":0.25,"color":3,"g":43,"ease":"inCirc","time":386.25,"angle":180},{"r":7,"b":17,"type":"setColor","duration":0.25,"color":2,"g":10,"ease":"inCirc","time":386.25,"angle":202.5},{"r":7,"b":17,"type":"setColor","duration":0.75,"color":3,"g":10,"ease":"outSine","time":386.5,"angle":180},{"r":31,"b":59,"type":"setColor","duration":0.75,"color":2,"g":43,"ease":"outSine","time":386.5,"angle":202.5},{"r":7,"b":17,"type":"setColor","duration":4,"color":3,"g":10,"ease":"outSine","time":387.5,"angle":180},{"r":31,"b":59,"type":"setColor","duration":4,"color":2,"g":43,"ease":"outSine","time":387.5,"angle":202.5},{"r":31,"b":59,"type":"setColor","duration":0.25,"color":3,"g":43,"ease":"inCirc","time":387.25,"angle":180},{"r":7,"b":17,"type":"setColor","duration":0.25,"color":2,"g":10,"ease":"inCirc","time":387.25,"angle":202.5},{"r":31,"b":59,"type":"setColor","duration":0.25,"color":3,"g":43,"ease":"inCirc","time":393.75,"angle":180},{"r":7,"b":17,"type":"setColor","duration":0.25,"color":2,"g":10,"ease":"inCirc","time":393.75,"angle":202.5},{"r":31,"b":59,"type":"setColor","duration":0.25,"color":3,"g":43,"ease":"inCirc","time":394.75,"angle":180},{"r":7,"b":17,"type":"setColor","duration":0.25,"color":2,"g":10,"ease":"inCirc","time":394.75,"angle":202.5},{"r":31,"b":59,"type":"setColor","duration":0.25,"color":3,"g":43,"ease":"inCirc","time":395.75,"angle":180},{"r":7,"b":17,"type":"setColor","duration":0.25,"color":2,"g":10,"ease":"inCirc","time":395.75,"angle":202.5},{"r":31,"b":59,"type":"setColor","duration":0.25,"color":3,"g":43,"ease":"inCirc","time":402.75,"angle":180},{"r":7,"b":17,"type":"setColor","duration":0.25,"color":2,"g":10,"ease":"inCirc","time":402.75,"angle":202.5},{"r":31,"b":59,"type":"setColor","duration":0.25,"color":3,"g":43,"ease":"inCirc","time":403.75,"angle":180},{"r":7,"b":17,"type":"setColor","duration":0.25,"color":2,"g":10,"ease":"inCirc","time":403.75,"angle":202.5},{"r":31,"b":59,"type":"setColor","duration":0.25,"color":3,"g":43,"ease":"inCirc","time":404.75,"angle":180},{"r":7,"b":17,"type":"setColor","duration":0.25,"color":2,"g":10,"ease":"inCirc","time":404.75,"angle":202.5},{"r":7,"b":17,"type":"setColor","duration":0.75,"color":3,"g":10,"ease":"outSine","time":394,"angle":180},{"r":31,"b":59,"type":"setColor","duration":0.75,"color":2,"g":43,"ease":"outSine","time":394,"angle":202.5},{"r":7,"b":17,"type":"setColor","duration":0.75,"color":3,"g":10,"ease":"outSine","time":395,"angle":180},{"r":31,"b":59,"type":"setColor","duration":0.75,"color":2,"g":43,"ease":"outSine","time":395,"angle":202.5},{"r":7,"b":17,"type":"setColor","duration":4,"color":3,"g":10,"ease":"outSine","time":396,"angle":180},{"r":31,"b":59,"type":"setColor","duration":4,"color":2,"g":43,"ease":"outSine","time":396,"angle":202.5},{"r":7,"b":17,"type":"setColor","duration":0.75,"color":3,"g":10,"ease":"outSine","time":403,"angle":180},{"r":31,"b":59,"type":"setColor","duration":0.75,"color":2,"g":43,"ease":"outSine","time":403,"angle":202.5},{"r":7,"b":17,"type":"setColor","duration":0.75,"color":3,"g":10,"ease":"outSine","time":404,"angle":180},{"r":31,"b":59,"type":"setColor","duration":0.75,"color":2,"g":43,"ease":"outSine","time":404,"angle":202.5},{"r":7,"b":17,"type":"setColor","duration":4,"color":3,"g":10,"ease":"outSine","time":405,"angle":180},{"r":31,"b":59,"type":"setColor","duration":4,"color":2,"g":43,"ease":"outSine","time":405,"angle":202.5},{"angle":135,"type":"deco","id":"spiral1","time":414,"hide":true},{"r":7,"b":17,"type":"setColor","duration":0.25,"color":2,"g":10,"ease":"inCirc","time":413,"angle":135},{"angle":157.5,"type":"deco","id":"spiral2","time":414,"hide":true},{"r":235,"b":191,"type":"setColor","duration":0.5,"color":2,"g":148,"ease":"inOutCirc","time":539.75,"angle":292.5},{"r":18,"b":124,"type":"setColor","duration":0.5,"color":2,"g":55,"ease":"inOutCirc","time":545.75,"angle":337.5},{"r":0,"b":0,"type":"setColor","duration":0.5,"color":2,"g":0,"ease":"inOutCirc","time":543.75,"angle":180},{"r":235,"b":125,"type":"setColor","duration":0.5,"color":2,"g":62,"ease":"inOutCirc","time":547.75,"angle":337.5},{"r":252,"b":83,"type":"setColor","duration":0.5,"color":2,"g":198,"ease":"inOutCirc","time":548.75,"angle":337.5},{"r":62,"b":212,"type":"setColor","duration":0.5,"color":2,"g":200,"ease":"inOutCirc","time":549.75,"angle":202.5},{"r":255,"b":255,"type":"setColor","duration":2,"color":2,"g":255,"ease":"inSine","time":566,"angle":112.5},{"r":235,"b":125,"type":"setColor","duration":2,"g":62,"color":2,"time":552,"angle":202.5},{"r":252,"b":83,"type":"setColor","duration":2,"g":198,"color":2,"time":554,"angle":202.5},{"r":62,"b":212,"type":"setColor","duration":2,"g":200,"color":2,"time":556,"angle":202.5},{"r":235,"b":125,"type":"setColor","duration":2,"g":62,"color":2,"time":558,"angle":202.5},{"r":252,"b":83,"type":"setColor","duration":2,"g":198,"color":2,"time":560,"angle":202.5},{"r":62,"b":212,"type":"setColor","duration":2,"g":200,"color":2,"time":562,"angle":202.5},{"r":235,"b":125,"type":"setColor","duration":2,"g":62,"color":2,"time":564,"angle":202.5},{"angle":225,"sprite":"spiralStill.png","type":"deco","x":300,"recolor":2,"order":-1,"id":"spiralStill1","time":378.5,"sx":1.2999999523163,"sy":1.2999999523163,"drawLayer":"bg","drawOrder":-5,"ox":300,"oy":300,"y":180},{"angle":202.5,"r":540,"type":"deco","time":378.5,"id":"spiralStill1","order":0,"duration":35.5},{"angle":213.75,"sprite":"spiralStill.png","type":"deco","x":300,"recolor":2,"order":-1,"id":"spiralStill2","time":378.5,"sx":-1.2999999523163,"sy":1.2999999523163,"drawLayer":"bg","drawOrder":-5,"ox":300,"oy":300,"y":180},{"angle":191.25,"r":-540,"type":"deco","time":378.5,"id":"spiralStill2","order":0,"duration":35.5},{"angle":270,"type":"deco","id":"spiralStill1","time":417.5,"hide":true},{"angle":258.75,"type":"deco","id":"spiralStill2","time":417.5,"hide":true},{"angle":0,"start":1.5,"type":"ease","duration":4.5,"var":"vfx.canvPos.sx","ease":"inSine","time":-5.5,"value":1},{"angle":22.5,"start":1.5,"type":"ease","duration":4.5,"var":"vfx.canvPos.sy","ease":"inSine","time":-5.5,"value":1},{"r":0,"b":0,"type":"setColor","angle":180,"g":0,"color":2,"time":-14,"order":-999},{"r":0,"b":0,"type":"setColor","angle":157.5,"g":0,"color":3,"time":-14,"order":-999},{"angle":270,"x":5,"kx":-0.10000000149012,"ky":-0.10000000149012,"duration":32,"type":"deco","id":"tape1","order":10,"time":79},{"angle":247.5,"x":-10,"type":"deco","ky":0.10000000149012,"duration":28,"id":"tape2","time":83,"kx":0.20000000298023},{"angle":236.25,"x":310,"type":"deco","ky":0.10000000149012,"duration":28,"id":"tape3","time":83,"kx":0.20000000298023},{"angle":45,"type":"outline","enable":true,"time":547.75,"color":0},{"angle":303.75,"start":0,"type":"ease","var":"vfx.angleTwist.offset","time":520.5,"value":-30},{"angle":11.25,"start":0,"type":"ease","duration":3.5,"var":"vfx.angleTwist.offset","ease":"inOutSine","time":568,"value":20},{"duration":17,"angle":22.5,"type":"ease","var":"vfx.angleTwist.offset","ease":"linear","time":534,"value":30},{"duration":10,"start":30,"type":"ease","var":"vfx.angleTwist.offset","angle":56.25,"time":550,"value":0},{"duration":3.5,"angle":315,"type":"ease","var":"vfx.angleTwist.offset","ease":"inOutSine","time":571.5,"value":-20},{"duration":3.5,"angle":360,"type":"ease","var":"vfx.angleTwist.offset","ease":"inOutSine","time":575,"value":0},{"angle":112.5,"type":"deco","duration":4,"sx":1,"sy":1,"ease":"outCirc","id":"heartlarge1","order":10,"time":111},{"r":230,"b":62,"type":"setColor","angle":146.25,"g":50,"color":2,"time":114.5,"order":10},{"angle":146.25,"type":"deco","recolor":2,"id":"heartlarge1","time":115,"order":20},{"angle":258.75,"type":"setBoolean","var":"vfx.drawCombo","time":568,"enable":false},{"angle":303.75,"type":"setBoolean","var":"vfx.drawCombo","time":454,"enable":false},{"angle":208.125,"type":"setBoolean","var":"vfx.drawCombo","time":467.5,"enable":true},{"angle":326.25,"type":"setBoolean","var":"vfx.drawCombo","time":38.875,"enable":false},{"angle":337.5,"type":"setBoolean","var":"vfx.drawUI","time":38.875,"enable":false},{"angle":56.25,"type":"setBoolean","var":"vfx.drawCombo","time":47,"enable":true},{"angle":61.875,"type":"setBoolean","var":"vfx.drawUI","time":47,"enable":true}],"metadata":{"artistLink":"https://www.youtube.com/@Ayase_YOASOBI","songName":"Idol","artist":"YOASOBI","charter":"Nic","difficulty":6,"bg":true,"bgData":{"blueChannel":{"r":66,"b":171,"g":64},"redChannel":{"r":229,"b":226,"g":100},"image":"IdolThumbnailV2.png"},"description":"The viral hit from Oshi no Ko in Beatblock form!\n(Tap Note Ver.)\n\nMechanics used: Mines, Taps, Inverses"}}