{
  "width": 600,
  "height": 360,
  "fps": 8,
  "frames": 25,
  "states": [
    {
      "name": "intro",
      "frames": [   0,1,2,3,4,5,6,7
      ],
      "fps": 8,
      "loop": false
    },
    {
      "name": "static",
      "frames": [   8,9,10,11,12,13,14,15
      ],
      "fps": 8,
      "loop": true
    },
    {
      "name": "bounce",
      "frames": [   16,17,18,19,20,21,22,23
      ],
      "fps": 8,
      "loop": false
    },
    {
      "name": "outro",
      "frames": [   7,6,5,4,3,2,1,0,24
      ],
      "fps": 8,
      "loop": false
    },
  ]
}