{
  "width": 600,
  "height": 360,
  "fps": 12,
  "frames": 44,
  "states": [
    {
      "name": "swipe",
      "frames": [   0,1,2,3,4,5,6,7,8,9,10,11
      ],
      "fps": 24,
      "loop": false
    },
    {
      "name": "roll",
      "frames": [   12,13,14,15,16,17,18,19,20,21,22,23,24,25,26,27,28,29,30,31,32,33,34,35
      ],
      "fps": 34,
      "loop": false
    },
    {
      "name": "unroll",
      "frames": [   36,37,38,39,40,41,42,43
      ],
      "fps": 24,
      "loop": false
    },
  ]
}