[{"angle":270,"time":0,"type":"block"},{"angle":270,"time":0.5,"type":"block"},{"duration":1,"type":"hold","angle2":270,"time":1,"angle":225},{"angle":270,"time":2.5,"type":"block"},{"angle":247.5,"time":3,"type":"block"},{"angle":292.5,"time":3.5,"type":"block"},{"angle":315,"time":4,"type":"block"},{"angle":337.5,"time":4.5,"type":"block"},{"duration":1,"type":"hold","angle2":270,"time":5,"angle":360},{"angle":270,"time":6.5,"type":"block"},{"angle":270,"time":7,"type":"block"},{"duration":0.5,"type":"hold","angle2":270,"time":7.5,"angle":270},{"angle":292.5,"time":8,"type":"block"},{"angle":315,"time":8.5,"type":"block"},{"duration":1,"type":"hold","angle2":427.5,"time":9,"angle":337.5},{"angle":90,"time":10.5,"type":"block"},{"angle":112.5,"time":11,"type":"block"},{"angle":157.5,"time":11.5,"type":"block"},{"duration":1.5,"type":"hold","angle2":90,"time":12,"angle":45},{"angle":45,"time":12.5,"type":"block"},{"angle":67.5,"time":13,"type":"block"},{"angle":112.5,"time":13.5,"type":"block"},{"angle":112.5,"time":15,"type":"extraTap"},{"angle":90,"time":16.5,"type":"block"},{"duration":1,"type":"hold","time":16,"endTap":true,"angle":112.5,"angle2":67.5},{"angle":90,"time":18,"type":"block"},{"angle":135,"time":18.5,"type":"block"},{"angle":180,"time":19,"type":"block"},{"angle":180,"time":19.5,"type":"block"},{"angle":202.5,"time":20,"type":"block"},{"angle":225,"time":20.5,"type":"block"},{"duration":1,"type":"hold","angle2":270,"time":21,"angle":247.5},{"duration":1,"type":"hold","angle2":281.25,"time":21,"angle":258.75},{"angle":270,"time":21,"type":"extraTap"},{"duration":1.5,"type":"hold","angle2":382.5,"time":22.5,"angle":292.5},{"angle":315,"time":23,"type":"block"},{"angle":0,"time":23.5,"type":"block"},{"duration":1,"type":"hold","time":24,"endTap":true,"angle":45,"angle2":45},{"angle":45,"time":24.5,"type":"block"},{"angle":45,"time":26,"type":"block"},{"angle":67.5,"time":26.5,"type":"block"},{"angle":112.5,"time":27,"type":"block"},{"angle":45,"time":27.5,"type":"block"},{"duration":1,"type":"hold","angle2":-22.5,"time":28,"angle":45},{"angle":360,"time":28.5,"type":"block"},{"angle":315,"time":29,"type":"block"},{"angle":292.5,"time":29,"type":"extraTap"},{"duration":1.5,"type":"hold","angle2":315,"time":29.5,"angle":315},{"angle":337.5,"time":30.5,"type":"block"},{"angle":337.5,"time":32,"type":"block"},{"angle":0,"time":32.75,"type":"block"},{"duration":1.5,"type":"hold","angle2":22.5,"time":33.5,"angle":22.5},{"duration":0.75,"type":"hold","angle2":45,"time":34.25,"angle":45},{"angle":157.5,"time":32,"type":"block"},{"angle":180,"time":32.5,"type":"block"},{"duration":1,"type":"hold","time":33,"startTap":true,"angle":180,"angle2":202.5},{"angle":225,"time":34.5,"type":"block"},{"angle":247.5,"time":35,"type":"block"},{"angle":202.5,"time":35.5,"type":"block"},{"angle":225,"time":36,"type":"block"},{"angle":247.5,"time":36.5,"type":"block"},{"duration":1,"type":"hold","angle2":225,"time":37,"angle":225},{"duration":1,"type":"hold","angle2":213.75,"time":37,"angle":213.75},{"angle":247.5,"time":37,"type":"extraTap"},{"duration":0.75,"type":"hold","angle2":22.5,"time":38,"angle":22.5},{"duration":0.75,"type":"hold","angle2":45,"time":39,"angle":45},{"duration":1,"type":"hold","angle2":135,"time":40,"angle":67.5},{"angle":225,"time":38.5,"type":"block"},{"angle":202.5,"time":39,"type":"block"},{"angle":225,"time":39.5,"type":"block"},{"angle":247.5,"time":40,"type":"block"},{"duration":0.5,"type":"hold","angle2":270,"time":40.5,"angle":247.5},{"duration":0.5,"type":"hold","angle2":281.25,"time":40.5,"angle":258.75},{"angle":337.5,"time":42,"type":"block"},{"angle":337.5,"time":41,"type":"extraTap"},{"angle":157.5,"time":42.5,"type":"block"},{"angle":292.5,"time":43,"type":"block"},{"angle":90,"time":43.5,"type":"block"},{"duration":0.75,"type":"hold","angle2":67.5,"time":44,"angle":67.5},{"duration":0.75,"type":"hold","angle2":90,"time":44,"angle":90},{"duration":0.75,"type":"hold","angle2":67.5,"time":44.75,"angle":90},{"duration":0.75,"type":"hold","angle2":45,"time":44.75,"angle":67.5},{"angle":22.5,"time":45.5,"type":"block"},{"angle":270,"time":44,"type":"block"},{"angle":247.5,"time":44.5,"type":"block"},{"angle":225,"time":45,"type":"block"},{"duration":1,"type":"hold","angle2":202.5,"time":45.5,"angle":202.5},{"duration":1,"type":"hold","angle2":225,"time":45.5,"angle":225},{"angle":157.5,"time":45.5,"type":"extraTap"},{"duration":1,"type":"hold","time":46.5,"endTap":true,"angle":22.5,"angle2":22.5},{"angle":45,"time":48,"type":"block"},{"angle":67.5,"time":48.75,"type":"block"},{"duration":1.5,"type":"hold","angle2":135,"time":49.5,"angle":90},{"angle":247.5,"time":48,"type":"block"},{"duration":0.5,"type":"hold","angle2":281.25,"time":48.5,"angle":258.75},{"duration":1,"type":"hold","angle2":315,"time":49,"angle":281.25},{"angle":292.5,"time":50.5,"type":"block"},{"angle":315,"time":51,"type":"block"},{"angle":315,"time":51.5,"type":"block"},{"angle":157.5,"time":51.5,"type":"block"},{"angle":112.5,"time":52.5,"type":"block"},{"angle":157.5,"time":53.5,"type":"block"},{"angle":112.5,"time":54.5,"type":"block"},{"duration":1.25,"type":"hold","angle2":101.25,"time":54.75,"angle":135},{"duration":0.25,"type":"hold","angle2":135,"time":51.75,"angle":135},{"duration":0.25,"type":"hold","angle2":135,"time":52.75,"angle":135},{"duration":0.25,"type":"hold","angle2":135,"time":53.75,"angle":135},{"duration":1,"type":"hold","angle2":90,"angle":112.5,"time":55},{"duration":0.5,"type":"hold","angle2":315,"time":52,"angle":315},{"angle":326.25,"time":53,"type":"block"},{"angle":337.5,"time":53,"type":"block"},{"duration":0.5,"type":"hold","angle":326.25,"time":54,"angle2":315},{"duration":0.5,"type":"hold","angle2":326.25,"time":54.5,"angle":315},{"duration":0.5,"type":"hold","angle2":303.75,"time":55,"angle":326.25},{"duration":0.5,"type":"hold","time":55.5,"endTap":true,"angle":303.75,"angle2":303.75},{"angle":146.25,"time":52,"type":"extraTap"},{"angle":146.25,"time":53,"type":"extraTap"},{"angle":146.25,"time":54,"type":"extraTap"},{"angle":303.75,"time":56.5,"type":"block"},{"angle":292.5,"time":57,"type":"block"},{"duration":1,"type":"hold","angle2":303.75,"time":57,"angle":303.75},{"duration":1,"type":"hold","angle2":315,"time":57,"angle":315},{"angle":315,"time":58.5,"type":"block"},{"angle":303.75,"time":59,"type":"block"},{"angle":326.25,"time":59.5,"type":"block"},{"angle":315,"time":60,"type":"block"},{"duration":2,"type":"hold","angle2":135,"time":58,"angle":135},{"angle":326.25,"time":60,"type":"block"},{"angle":337.5,"time":60,"type":"block"},{"angle":315,"time":60.5,"type":"block"},{"angle":337.5,"time":61,"type":"block"},{"angle":326.25,"time":61.5,"type":"extraTap"},{"angle":315,"time":61.5,"type":"block"},{"angle":135,"time":60.5,"type":"block"},{"angle":157.5,"time":61,"type":"block"},{"angle":135,"time":61.5,"type":"block"},{"angle":90,"time":64,"type":"block"},{"angle":67.5,"time":64.5,"type":"block"},{"duration":1,"type":"hold","angle2":101.25,"time":65,"angle":67.5},{"angle":90,"time":66.5,"type":"block"},{"angle":67.5,"time":67,"type":"block"},{"angle":45,"time":67.5,"type":"block"},{"angle":22.5,"time":68,"type":"block"},{"angle":22.5,"time":68.5,"type":"block"},{"duration":1,"type":"hold","angle2":22.5,"time":69,"angle":11.25},{"duration":1,"type":"hold","angle2":22.5,"time":69,"angle":22.5},{"duration":1,"type":"hold","angle2":22.5,"time":69,"angle":33.75},{"duration":0.5,"type":"hold","angle2":56.25,"time":70,"angle":22.5},{"angle":78.75,"time":71,"type":"block"},{"angle":112.5,"time":71.5,"type":"block"},{"angle":135,"time":72,"type":"block"},{"angle":146.25,"time":72,"type":"block"},{"angle":157.5,"time":72.5,"type":"block"},{"duration":1,"type":"hold","angle2":180,"time":73,"angle":180},{"angle":191.25,"time":74.5,"type":"block"},{"angle":202.5,"time":75,"type":"block"},{"angle":258.75,"time":75.5,"type":"block"},{"angle":292.5,"time":76,"type":"block"},{"angle":315,"time":76,"type":"block"},{"angle":337.5,"time":76.5,"type":"block"},{"angle":0,"time":77,"type":"block"},{"duration":1.25,"type":"hold","angle2":348.75,"time":77.5,"angle":348.75},{"duration":1.5,"type":"hold","time":77.5,"startTap":true,"angle":360,"angle2":360},{"duration":1.25,"type":"hold","angle2":11.25,"time":77.5,"angle":11.25},{"angle":360,"time":80,"type":"block"},{"angle":11.25,"time":80.5,"type":"block"},{"angle":348.75,"time":81,"type":"block"},{"angle":11.25,"time":81,"type":"block"},{"angle":22.5,"time":82,"type":"block"},{"angle":11.25,"time":82.5,"type":"block"},{"angle":0,"time":83,"type":"block"},{"angle":348.75,"time":83.5,"type":"block"},{"duration":0.5,"type":"hold","angle2":270,"time":84,"angle":315},{"duration":1,"type":"hold","angle2":270,"time":85,"angle":270},{"angle":303.75,"time":85,"type":"extraTap"},{"angle":22.5,"time":81,"type":"extraTap"},{"duration":0.5,"type":"hold","angle2":258.75,"time":86.5,"angle":281.25},{"duration":0.5,"type":"hold","angle2":236.25,"time":87,"angle":236.25},{"angle":225,"time":88,"type":"block"},{"angle":202.5,"time":88.5,"type":"block"},{"angle":191.25,"time":89,"type":"block"},{"angle":168.75,"time":89,"type":"block"},{"tap":true,"type":"block","angle":180,"time":89},{"angle":180,"time":90,"type":"block"},{"angle":146.25,"time":90.5,"type":"block"},{"angle":90,"time":91,"type":"block"},{"angle":45,"time":91.5,"type":"block"},{"angle":360,"time":92,"type":"block"},{"angle":348.75,"time":92,"type":"block"},{"angle":11.25,"time":92,"type":"block"},{"angle":315,"time":92.5,"type":"block"},{"angle":270,"time":93,"type":"block"},{"duration":1.5,"type":"hold","angle2":225,"time":93.5,"angle":225},{"duration":1.25,"type":"hold","angle2":213.75,"time":93.5,"angle":213.75},{"duration":1.25,"type":"hold","angle2":236.25,"time":93.5,"angle":236.25},{"angle":303.75,"time":93,"type":"extraTap"},{"duration":0.75,"type":"hold","angle2":270,"time":96,"angle":270},{"duration":0.75,"type":"hold","angle2":258.75,"time":96.75,"angle":270},{"angle":270,"time":99,"type":"block"},{"angle":33.75,"time":95.5,"type":"block"},{"angle":270,"time":98.25,"type":"block"},{"angle":281.25,"time":96,"type":"extraTap"},{"angle":45,"time":96,"type":"block"},{"duration":1,"type":"hold","angle2":33.75,"time":97,"angle":33.75},{"duration":1,"type":"hold","angle2":123.75,"time":97,"angle":123.75},{"angle":33.75,"time":96.5,"type":"block"},{"angle":123.75,"time":96.5,"type":"block"},{"angle":33.75,"time":98.5,"type":"block"},{"angle":135,"time":99,"type":"block"},{"angle":315,"time":100,"type":"block"},{"angle":315,"time":100.5,"type":"block"},{"angle":45,"time":100.5,"type":"block"},{"time":100.5,"angle":180,"type":"block"},{"angle":0,"time":101,"type":"block"},{"angle":90,"time":101,"type":"block"},{"tap":true,"type":"block","angle":225,"time":101},{"angle":191.25,"time":102,"type":"extraTap"},{"duration":1,"type":"hold","angle2":382.5,"time":102,"angle":360},{"duration":1,"type":"hold","angle2":112.5,"time":102,"angle":90},{"duration":1,"type":"hold","angle2":0,"time":103,"angle":22.5},{"duration":1,"type":"hold","angle2":90,"time":103,"angle":112.5},{"angle":236.25,"time":102,"type":"block"},{"angle":258.75,"time":102.5,"type":"block"},{"angle":270,"time":103,"type":"block"},{"angle":225,"time":103.5,"type":"block"},{"angle":236.25,"time":104,"type":"block"},{"angle":213.75,"time":104,"type":"block"},{"angle":258.75,"time":104.5,"type":"block"},{"angle":258.75,"time":105,"type":"block"},{"angle":236.25,"time":105,"type":"block"},{"duration":0.5,"type":"hold","angle2":225,"time":106,"angle":236.25},{"duration":0.5,"type":"hold","angle2":236.25,"time":106.5,"angle":225},{"duration":0.5,"type":"hold","angle2":247.5,"time":107,"angle":236.25},{"duration":0.5,"type":"hold","angle2":258.75,"time":107.5,"angle":247.5},{"angle":225,"time":105,"type":"extraTap"},{"duration":1,"type":"hold","angle2":45,"time":108,"angle":45},{"duration":1,"type":"hold","angle2":135,"time":108,"angle":135},{"angle":45,"time":108.5,"type":"block"},{"angle":135,"time":108.5,"type":"block"},{"angle":270,"time":109,"type":"extraTap"},{"duration":0.75,"type":"hold","angle2":292.5,"time":112,"angle":270},{"duration":1,"type":"hold","angle2":45,"time":112,"angle":45},{"duration":0.5,"type":"hold","angle2":135,"time":112,"angle":135},{"duration":0.5,"type":"hold","angle2":146.25,"time":112.5,"angle":135},{"duration":0.75,"type":"hold","angle2":270,"time":112.75,"angle":292.5},{"duration":0.75,"type":"hold","angle2":247.5,"time":113.5,"angle":270},{"duration":0.75,"type":"hold","angle2":270,"time":114.25,"angle":247.5},{"angle":123.75,"time":114,"type":"block"},{"angle":135,"time":114.5,"type":"block"},{"angle":123.75,"time":115,"type":"block"},{"angle":135,"time":115.5,"type":"block"},{"angle":135,"time":113.75,"type":"block"},{"duration":0.25,"type":"hold","angle2":56.25,"time":115.5,"angle":45},{"tap":true,"type":"block","angle":67.5,"time":116},{"duration":4,"type":"hold","angle2":360,"time":115,"angle":270},{"duration":0.25,"type":"hold","angle2":90,"time":116.5,"angle":78.75},{"duration":0.25,"type":"hold","angle2":123.75,"time":117.5,"angle":112.5},{"tap":true,"type":"block","angle":101.25,"time":117},{"tap":true,"type":"block","angle":135,"time":118},{"duration":0.5,"type":"hold","angle2":146.25,"time":116,"angle":135},{"angle":180,"time":117,"type":"block"},{"angle":202.5,"time":118,"type":"block"},{"angle":225,"time":118.5,"type":"block"},{"angle":225,"time":119,"type":"block"},{"angle":236.25,"time":119.5,"type":"block"},{"angle":247.5,"time":120,"type":"block"},{"angle":225,"time":120,"type":"block"},{"duration":1,"type":"hold","angle2":11.25,"time":119,"angle":0},{"duration":1,"type":"hold","angle2":-112.5,"time":120,"angle":11.25},{"duration":1,"type":"hold","angle2":123.75,"time":120,"angle":236.25},{"duration":1,"type":"hold","angle2":22.5,"time":120,"angle":135},{"angle":0,"time":121,"type":"extraTap"},{"angle":270,"time":109.5,"type":"extraTap"},{"angle":33.75,"time":121.5,"type":"block"},{"angle":45,"time":122,"type":"block"},{"angle":67.5,"time":122.5,"type":"block"},{"duration":0.5,"type":"hold","angle2":45,"time":123.5,"angle":45},{"duration":1.5,"type":"hold","angle2":270,"time":122,"angle":270},{"duration":1.5,"type":"hold","angle2":135,"time":122,"angle":135},{"angle":45,"time":124.5,"type":"block"},{"angle":281.25,"time":124,"type":"block"},{"angle":270,"time":124.5,"type":"block"},{"angle":258.75,"time":125,"type":"block"},{"duration":1.25,"type":"hold","angle2":281.25,"time":125.5,"angle":281.25},{"duration":1.5,"type":"hold","angle2":270,"time":125.5,"angle":270},{"duration":1.25,"type":"hold","angle2":258.75,"time":125.5,"angle":258.75},{"angle":135,"time":124.5,"type":"block"},{"angle":270,"time":128,"type":"block"},{"angle":258.75,"time":128.5,"type":"block"},{"angle":247.5,"time":129,"type":"block"},{"angle":123.75,"time":130,"type":"block"},{"angle":101.25,"time":130.5,"type":"block"},{"angle":78.75,"time":131,"type":"block"},{"angle":56.25,"time":131.5,"type":"block"},{"angle":45,"time":132,"type":"block"},{"angle":33.75,"time":132.5,"type":"block"},{"angle":11.25,"time":133,"type":"block"},{"angle":22.5,"time":133,"type":"block"},{"angle":213.75,"time":134,"type":"block"},{"angle":225,"time":134.5,"type":"block"},{"angle":213.75,"time":135,"type":"block"},{"angle":225,"time":135.5,"type":"block"},{"angle":225,"time":136,"type":"block"},{"angle":213.75,"time":136.5,"type":"block"},{"time":137,"angle":236.25,"type":"extraTap"},{"duration":2,"type":"hold","angle2":225,"time":137,"angle":225},{"duration":2,"type":"hold","angle2":213.75,"time":137,"angle":213.75},{"angle":225,"time":99.5,"type":"block"},{"angle":180,"time":100,"type":"block"},{"angle":45,"time":100,"type":"block"}]