[{"angle":326.25,"type":"block","time":11},{"angle":348.75,"type":"block","time":10},{"angle":270,"type":"block","time":2},{"angle":236.25,"type":"block","time":3},{"angle":146.25,"type":"block","time":18},{"angle":123.75,"type":"block","time":19},{"angle":33.75,"type":"block","time":25},{"angle":337.5,"type":"block","time":24},{"angle":56.25,"type":"block","time":26},{"angle":78.75,"type":"block","time":27},{"duration":1,"type":"hold","angle2":112.5,"angle":90,"time":28},{"duration":2,"type":"hold","angle2":270,"angle":180,"time":30},{"angle":348.75,"type":"side","time":32.125},{"angle":360,"type":"side","time":32.125},{"angle":11.25,"type":"side","time":32.125},{"angle":90,"type":"block","time":33},{"angle":45,"type":"block","time":33.5},{"angle":180,"type":"block","time":34},{"angle":213.75,"type":"block","time":34.5},{"angle":270,"type":"block","time":35},{"angle":303.75,"type":"block","time":35.5},{"angle":236.25,"type":"block","time":36},{"angle":0,"type":"block","time":36.5},{"angle":78.75,"type":"block","time":37},{"angle":157.5,"type":"block","time":37.5},{"angle":213.75,"type":"block","time":38},{"angle":326.25,"type":"block","time":38.5},{"angle":45,"type":"block","time":39},{"angle":101.25,"type":"block","time":39.5},{"angle":180,"type":"block","time":40},{"angle":146.25,"type":"block","time":40.5},{"angle":45,"type":"block","time":41.5},{"angle":157.5,"type":"block","time":42},{"angle":213.75,"type":"block","time":42.5},{"angle":67.5,"type":"block","time":43},{"angle":270,"type":"block","time":41},{"angle":22.5,"type":"block","time":43.5},{"angle":315,"type":"block","time":44},{"angle":236.25,"type":"block","time":44.5},{"angle":180,"type":"block","time":45},{"angle":135,"type":"block","time":45.5},{"angle":78.75,"type":"block","time":46},{"angle":360,"type":"block","time":46.5},{"angle":303.75,"type":"block","time":47},{"angle":247.5,"type":"block","time":47.5},{"angle":225,"type":"block","time":48},{"angle":168.75,"type":"block","time":48.5},{"angle":101.25,"type":"block","time":49},{"angle":45,"type":"block","time":49.5},{"angle":348.75,"type":"block","time":50},{"angle":225,"type":"block","time":50.5},{"angle":78.75,"type":"block","time":51},{"angle":348.75,"type":"block","time":51.5},{"angle":101.25,"type":"block","time":52},{"angle":292.5,"type":"block","time":52.5},{"angle":191.25,"type":"block","time":53},{"angle":112.5,"type":"block","time":53.5},{"angle":315,"type":"block","time":54},{"angle":22.5,"type":"block","time":54.5},{"angle":202.5,"type":"block","time":55},{"angle":90,"type":"block","time":55.5},{"angle":180,"type":"block","time":56},{"angle":236.25,"type":"block","time":56.5},{"angle":326.25,"type":"block","time":57},{"angle":67.5,"type":"block","time":57.5},{"angle":135,"type":"block","time":58},{"angle":202.5,"type":"block","time":58.5},{"angle":326.25,"type":"block","time":59},{"angle":348.75,"type":"block","time":59.333332061768},{"angle":11.25,"type":"block","time":59.666667938232},{"angle":33.75,"type":"block","time":60},{"angle":78.75,"type":"block","time":60.5},{"angle":180,"type":"block","time":61},{"angle":360,"type":"block","time":62},{"angle":270,"type":"block","time":61.5},{"angle":90,"type":"block","time":62.5},{"angle":270,"type":"block","time":63},{"angle":360,"type":"block","time":63.5},{"angle":348.75,"type":"block","time":63.5},{"angle":11.25,"type":"block","time":63.5},{"angle":22.5,"type":"block","time":64},{"angle":33.75,"type":"block","time":64},{"angle":45,"type":"block","time":64},{"angle":78.75,"type":"block","time":64.5},{"angle":90,"type":"block","time":64.5},{"angle":101.25,"type":"block","time":64.5},{"angle":135,"type":"block","time":65},{"angle":225,"type":"block","time":65.5},{"angle":315,"type":"block","time":66},{"angle":337.5,"type":"block","time":66},{"angle":326.25,"type":"block","time":66},{"angle":213.75,"type":"block","time":66.5},{"angle":90,"type":"block","time":67},{"angle":303.75,"type":"block","time":67.5},{"angle":202.5,"type":"block","time":68},{"angle":213.75,"type":"block","time":68},{"angle":225,"type":"block","time":68},{"angle":258.75,"type":"block","time":68.5},{"angle":180,"type":"block","time":69},{"angle":33.75,"type":"block","time":69.5},{"angle":112.5,"type":"block","time":70},{"angle":135,"type":"block","time":70},{"angle":123.75,"type":"block","time":70},{"angle":270,"type":"block","time":70.5},{"angle":202.5,"type":"block","time":71},{"angle":348.75,"type":"block","time":71.5},{"angle":202.5,"type":"block","time":72},{"angle":213.75,"type":"block","time":72},{"angle":225,"type":"block","time":72},{"angle":326.25,"type":"block","time":72.5},{"angle":180,"type":"block","time":73},{"angle":67.5,"type":"block","time":73.5},{"angle":22.5,"type":"block","time":74},{"angle":33.75,"type":"block","time":74},{"angle":45,"type":"block","time":74},{"angle":-90,"type":"block","time":75},{"angle":0,"type":"block","time":75.5},{"angle":123.75,"type":"block","time":76},{"angle":146.25,"type":"block","time":76},{"angle":135,"type":"block","time":76},{"angle":-11.25,"type":"block","time":76.5},{"angle":-135,"type":"block","time":77},{"angle":78.75,"type":"block","time":77.5},{"angle":-33.75,"type":"block","time":78},{"angle":-22.5,"type":"block","time":78},{"angle":-11.25,"type":"block","time":78},{"angle":33.75,"type":"block","time":78.5},{"angle":-45,"type":"block","time":79},{"angle":-191.25,"type":"block","time":79.5},{"angle":-101.25,"type":"block","time":80},{"angle":45,"type":"block","time":80.5},{"angle":-22.5,"type":"block","time":81},{"angle":123.75,"type":"block","time":81.5},{"angle":-191.25,"type":"block","time":82},{"angle":-180,"type":"block","time":82},{"angle":-168.75,"type":"block","time":82},{"angle":101.25,"type":"block","time":82.5},{"angle":-45,"type":"block","time":83},{"angle":-157.5,"type":"block","time":83.5},{"angle":-247.5,"type":"block","time":84},{"angle":-236.25,"type":"block","time":84},{"angle":-225,"type":"block","time":84},{"angle":101.25,"type":"block","time":74.5},{"angle":56.25,"type":"block","time":84.5},{"angle":337.5,"type":"block","time":85},{"angle":427.5,"type":"block","time":85.5},{"angle":562.5,"type":"block","time":86},{"angle":585,"type":"block","time":86},{"angle":573.75,"type":"block","time":86},{"angle":416.25,"type":"block","time":86.5},{"angle":292.5,"type":"block","time":87},{"angle":506.25,"type":"block","time":87.5},{"angle":258.75,"type":"block","time":88},{"angle":247.5,"type":"block","time":88},{"angle":236.25,"type":"block","time":88},{"angle":382.5,"type":"block","time":89},{"angle":236.25,"type":"block","time":89.5},{"angle":315,"type":"block","time":90},{"angle":337.5,"type":"block","time":90},{"angle":326.25,"type":"block","time":90},{"angle":472.5,"type":"block","time":90.5},{"angle":405,"type":"block","time":91},{"angle":551.25,"type":"block","time":91.5},{"angle":236.25,"type":"block","time":92},{"angle":247.5,"type":"block","time":92},{"angle":258.75,"type":"block","time":92},{"angle":528.75,"type":"block","time":92.5},{"angle":382.5,"type":"block","time":93},{"angle":270,"type":"block","time":93.5},{"angle":326.25,"type":"block","time":94},{"angle":337.5,"type":"block","time":94},{"angle":348.75,"type":"block","time":94},{"angle":247.5,"type":"block","time":94.5},{"angle":56.25,"type":"block","time":95},{"angle":146.25,"type":"block","time":95.5},{"angle":247.5,"type":"block","time":96},{"angle":101.25,"type":"block","time":96.5},{"angle":11.25,"type":"block","time":97},{"angle":225,"type":"block","time":97.5},{"angle":292.5,"type":"block","time":98},{"angle":303.75,"type":"block","time":98},{"angle":315,"type":"block","time":98},{"angle":180,"type":"block","time":98.5},{"angle":101.25,"type":"block","time":99},{"angle":-45,"type":"block","time":99.5},{"angle":33.75,"type":"block","time":100},{"angle":56.25,"type":"block","time":100},{"angle":45,"type":"block","time":100},{"angle":191.25,"type":"block","time":100.5},{"angle":123.75,"type":"block","time":101},{"angle":270,"type":"block","time":101.5},{"angle":-45,"type":"block","time":102},{"angle":-33.75,"type":"block","time":102},{"angle":-22.5,"type":"block","time":102},{"angle":247.5,"type":"block","time":102.5},{"duration":0.125,"type":"hold","angle2":337.5,"angle":337.5,"time":103.5},{"duration":0.125,"type":"hold","angle2":348.75,"angle":348.75,"time":103.5},{"duration":0.125,"type":"hold","angle2":360,"angle":360,"time":103.5},{"duration":0.125,"type":"hold","angle2":236.25,"angle":236.25,"time":104},{"duration":0.125,"type":"hold","angle2":247.5,"angle":247.5,"time":104},{"duration":0.125,"type":"hold","angle2":258.75,"angle":258.75,"time":104},{"duration":0.125,"type":"hold","angle2":405,"angle":405,"time":104.5},{"duration":0.125,"type":"hold","angle2":416.25,"angle":416.25,"time":104.5},{"duration":0.125,"type":"hold","angle2":427.5,"angle":427.5,"time":104.5},{"duration":0.125,"type":"hold","angle2":168.75,"angle":168.75,"time":105},{"duration":0.125,"type":"hold","angle2":180,"angle":180,"time":105},{"duration":0.125,"type":"hold","angle2":191.25,"angle":191.25,"time":105},{"duration":0.125,"type":"hold","angle2":450,"angle":450,"time":103},{"duration":0.125,"type":"hold","angle2":461.25,"angle":461.25,"time":103},{"duration":0.125,"type":"hold","angle2":472.5,"angle":472.5,"time":103},{"angle":315,"type":"block","time":105.5},{"angle":450,"type":"block","time":106},{"angle":438.75,"type":"block","time":106},{"angle":427.5,"type":"block","time":106},{"angle":292.5,"type":"block","time":106.5},{"angle":382.5,"type":"block","time":107},{"angle":528.75,"type":"block","time":107.5},{"angle":686.25,"type":"block","time":108},{"angle":675,"type":"block","time":108},{"angle":663.75,"type":"block","time":108},{"angle":607.5,"type":"block","time":108.5},{"angle":303.75,"type":"block","time":109},{"angle":585,"type":"block","time":109.5},{"angle":450,"type":"block","time":110},{"angle":427.5,"type":"block","time":110},{"angle":438.75,"type":"block","time":110},{"angle":326.25,"type":"block","time":110.5},{"angle":292.5,"type":"block","time":111},{"angle":405,"type":"block","time":111.5},{"angle":101.25,"type":"block","time":112},{"angle":112.5,"type":"block","time":112},{"angle":123.75,"type":"block","time":112},{"angle":202.5,"type":"block","time":112.5},{"angle":303.75,"type":"block","time":113},{"angle":191.25,"type":"block","time":113.5},{"angle":56.25,"type":"block","time":114},{"angle":67.5,"type":"block","time":114},{"angle":78.75,"type":"block","time":114},{"angle":281.25,"type":"block","time":114.5},{"angle":315,"type":"block","time":115},{"angle":236.25,"type":"block","time":115.5},{"angle":168.75,"type":"block","time":116},{"angle":157.5,"type":"block","time":116},{"angle":146.25,"type":"block","time":116},{"angle":11.25,"type":"block","time":116.5},{"angle":101.25,"type":"block","time":117},{"angle":247.5,"type":"block","time":117.5},{"angle":191.25,"type":"block","time":118},{"angle":180,"type":"block","time":118},{"angle":168.75,"type":"block","time":118},{"angle":326.25,"type":"block","time":118.5},{"angle":22.5,"type":"block","time":119},{"angle":303.75,"type":"block","time":119.5},{"angle":540,"type":"block","time":120},{"angle":528.75,"type":"block","time":120},{"angle":517.5,"type":"block","time":120},{"angle":382.5,"type":"block","time":120.5},{"angle":472.5,"type":"block","time":121},{"angle":618.75,"type":"block","time":121.5},{"angle":562.5,"type":"block","time":122},{"angle":551.25,"type":"block","time":122},{"angle":540,"type":"block","time":122},{"angle":697.5,"type":"block","time":122.5},{"angle":393.75,"type":"block","time":123},{"angle":675,"type":"block","time":123.5},{"angle":540,"type":"block","time":124},{"angle":517.5,"type":"block","time":124},{"angle":528.75,"type":"block","time":124},{"angle":416.25,"type":"block","time":124.5},{"angle":382.5,"type":"block","time":125},{"angle":495,"type":"block","time":125.5},{"angle":191.25,"type":"block","time":126},{"angle":202.5,"type":"block","time":126},{"angle":213.75,"type":"block","time":126},{"angle":292.5,"type":"block","time":126.5},{"angle":393.75,"type":"block","time":127},{"angle":281.25,"type":"block","time":127.5},{"angle":146.25,"type":"block","time":128},{"angle":157.5,"type":"block","time":128},{"angle":168.75,"type":"block","time":128},{"angle":371.25,"type":"block","time":128.5},{"angle":405,"type":"block","time":129},{"angle":326.25,"type":"block","time":129.5},{"angle":258.75,"type":"block","time":130},{"angle":247.5,"type":"block","time":130},{"angle":236.25,"type":"block","time":130},{"angle":101.25,"type":"block","time":130.5},{"angle":191.25,"type":"block","time":131},{"angle":337.5,"type":"block","time":131.5},{"angle":281.25,"type":"block","time":132},{"angle":270,"type":"block","time":132},{"angle":258.75,"type":"block","time":132},{"angle":416.25,"type":"block","time":132.5},{"angle":112.5,"type":"block","time":133},{"angle":393.75,"type":"block","time":133.5},{"angle":326.25,"type":"block","time":134},{"angle":315,"type":"block","time":134},{"angle":303.75,"type":"block","time":134},{"angle":168.75,"type":"block","time":134.5},{"angle":258.75,"type":"block","time":135},{"angle":405,"type":"block","time":135.5},{"angle":348.75,"type":"block","time":136},{"angle":337.5,"type":"block","time":136},{"angle":326.25,"type":"block","time":136},{"angle":483.75,"type":"block","time":136.5},{"angle":180,"type":"block","time":137},{"angle":461.25,"type":"block","time":137.5},{"angle":326.25,"type":"block","time":138},{"angle":303.75,"type":"block","time":138},{"angle":315,"type":"block","time":138},{"angle":202.5,"type":"block","time":138.5},{"angle":168.75,"type":"block","time":139},{"angle":281.25,"type":"block","time":139.5},{"angle":-22.5,"type":"block","time":140},{"angle":-11.25,"type":"block","time":140},{"angle":0,"type":"block","time":140},{"angle":33.75,"type":"block","time":140.5},{"angle":180,"type":"block","time":141},{"angle":67.5,"type":"block","time":141.5},{"angle":-67.5,"type":"block","time":142},{"angle":-56.25,"type":"block","time":142},{"angle":-45,"type":"block","time":142},{"angle":157.5,"type":"block","time":142.5},{"angle":191.25,"type":"block","time":143},{"angle":112.5,"type":"block","time":143.5},{"angle":45,"type":"block","time":144},{"angle":33.75,"type":"block","time":144},{"angle":22.5,"type":"block","time":144},{"angle":-112.5,"type":"block","time":144.5},{"angle":-22.5,"type":"block","time":145},{"angle":123.75,"type":"block","time":145.5},{"angle":67.5,"type":"block","time":146},{"angle":56.25,"type":"block","time":146},{"angle":45,"type":"block","time":146},{"angle":202.5,"type":"block","time":146.5},{"angle":-101.25,"type":"block","time":147},{"angle":180,"type":"block","time":147.5},{"angle":427.5,"type":"block","time":148},{"angle":416.25,"type":"block","time":148},{"angle":405,"type":"block","time":148},{"angle":270,"type":"block","time":148.5},{"angle":360,"type":"block","time":149},{"angle":506.25,"type":"block","time":149.5},{"angle":450,"type":"block","time":150},{"angle":438.75,"type":"block","time":150},{"angle":427.5,"type":"block","time":150},{"angle":585,"type":"block","time":150.5},{"angle":281.25,"type":"block","time":151},{"angle":562.5,"type":"block","time":151.5},{"angle":427.5,"type":"block","time":152},{"angle":405,"type":"block","time":152},{"angle":416.25,"type":"block","time":152},{"angle":303.75,"type":"block","time":152.5},{"angle":270,"type":"block","time":153},{"angle":382.5,"type":"block","time":153.5},{"angle":78.75,"type":"block","time":154},{"angle":90,"type":"block","time":154},{"angle":101.25,"type":"block","time":154},{"angle":180,"type":"block","time":154.5},{"angle":281.25,"type":"block","time":155},{"angle":168.75,"type":"block","time":155.5},{"angle":33.75,"type":"block","time":156},{"angle":45,"type":"block","time":156},{"angle":56.25,"type":"block","time":156},{"angle":258.75,"type":"block","time":156.5},{"angle":292.5,"type":"block","time":157},{"angle":213.75,"type":"block","time":157.5},{"angle":146.25,"type":"block","time":158},{"angle":135,"type":"block","time":158},{"angle":123.75,"type":"block","time":158},{"angle":-11.25,"type":"block","time":158.5},{"angle":78.75,"type":"block","time":159},{"angle":225,"type":"block","time":159.5},{"angle":157.5,"type":"block","time":160},{"angle":146.25,"type":"block","time":160},{"angle":303.75,"type":"block","time":160.5},{"angle":0,"type":"block","time":161},{"angle":281.25,"type":"block","time":161.5},{"angle":495,"type":"block","time":162},{"angle":483.75,"type":"block","time":162},{"angle":472.5,"type":"block","time":162},{"angle":337.5,"type":"block","time":162.5},{"angle":427.5,"type":"block","time":163},{"angle":573.75,"type":"block","time":163.5},{"angle":517.5,"type":"block","time":164},{"angle":506.25,"type":"block","time":164},{"angle":495,"type":"block","time":164},{"angle":652.5,"type":"block","time":164.5},{"angle":348.75,"type":"block","time":165},{"angle":630,"type":"block","time":165.5},{"angle":495,"type":"block","time":166},{"angle":472.5,"type":"block","time":166},{"angle":483.75,"type":"block","time":166},{"angle":348.75,"type":"block","time":169},{"angle":236.25,"type":"block","time":169.5},{"angle":101.25,"type":"block","time":170},{"angle":112.5,"type":"block","time":170},{"angle":123.75,"type":"block","time":170},{"angle":326.25,"type":"block","time":170.5},{"angle":360,"type":"block","time":171},{"angle":281.25,"type":"block","time":171.5},{"angle":213.75,"type":"block","time":172},{"angle":202.5,"type":"block","time":172},{"angle":191.25,"type":"block","time":172},{"angle":56.25,"type":"block","time":172.5},{"angle":146.25,"type":"block","time":173},{"angle":292.5,"type":"block","time":173.5},{"angle":236.25,"type":"block","time":174},{"angle":225,"type":"block","time":174},{"angle":213.75,"type":"block","time":174},{"angle":371.25,"type":"block","time":174.5},{"angle":67.5,"type":"block","time":175},{"angle":292.5,"type":"block","time":175.5},{"duration":0.125,"type":"hold","angle2":281.25,"angle":281.25,"time":167},{"duration":0.125,"type":"hold","angle2":292.5,"angle":292.5,"time":167},{"duration":0.125,"type":"hold","angle2":303.75,"angle":303.75,"time":167},{"duration":0.125,"type":"hold","angle2":180,"angle":180,"time":167.5},{"duration":0.125,"type":"hold","angle2":191.25,"angle":191.25,"time":167.5},{"duration":0.125,"type":"hold","angle2":202.5,"angle":202.5,"time":167.5},{"duration":0.125,"type":"hold","angle2":348.75,"angle":348.75,"time":168},{"duration":0.125,"type":"hold","angle2":360,"angle":360,"time":168},{"duration":0.125,"type":"hold","angle2":371.25,"angle":371.25,"time":168},{"duration":0.125,"type":"hold","angle2":112.5,"angle":112.5,"time":168.5},{"duration":0.125,"type":"hold","angle2":123.75,"angle":123.75,"time":168.5},{"duration":0.125,"type":"hold","angle2":135,"angle":135,"time":168.5},{"duration":0.125,"type":"hold","angle2":393.75,"angle":393.75,"time":166.5},{"duration":0.125,"type":"hold","angle2":405,"angle":405,"time":166.5},{"duration":0.125,"type":"hold","angle2":416.25,"angle":416.25,"time":166.5},{"angle":202.5,"type":"block","time":176},{"angle":191.25,"type":"block","time":176},{"angle":180,"type":"block","time":176},{"angle":337.5,"type":"block","time":176.5},{"angle":33.75,"type":"block","time":177},{"angle":315,"type":"block","time":177.5},{"angle":180,"type":"block","time":178},{"angle":157.5,"type":"block","time":178},{"angle":168.75,"type":"block","time":178},{"angle":56.25,"type":"block","time":178.5},{"angle":22.5,"type":"block","time":179},{"angle":-112.5,"type":"block","time":180},{"angle":-101.25,"type":"block","time":180},{"angle":-90,"type":"block","time":180},{"angle":-11.25,"type":"block","time":180.5},{"angle":90,"type":"block","time":181},{"angle":-22.5,"type":"block","time":181.5},{"angle":-157.5,"type":"block","time":182},{"angle":-146.25,"type":"block","time":182},{"angle":-135,"type":"block","time":182},{"angle":67.5,"type":"block","time":182.5},{"angle":101.25,"type":"block","time":183},{"angle":22.5,"type":"block","time":183.5},{"angle":-45,"type":"block","time":184},{"angle":-56.25,"type":"block","time":184},{"angle":-67.5,"type":"block","time":184},{"angle":-202.5,"type":"block","time":184.5},{"angle":-112.5,"type":"block","time":185},{"angle":33.75,"type":"block","time":185.5},{"angle":-22.5,"type":"block","time":186},{"angle":-33.75,"type":"block","time":186},{"angle":-45,"type":"block","time":186},{"angle":112.5,"type":"block","time":186.5},{"angle":-191.25,"type":"block","time":187},{"angle":90,"type":"block","time":187.5},{"angle":-45,"type":"block","time":188},{"angle":-67.5,"type":"block","time":188},{"angle":-56.25,"type":"block","time":188},{"angle":-168.75,"type":"block","time":188.5},{"angle":-202.5,"type":"block","time":189},{"angle":90,"type":"block","time":179.5},{"angle":45,"type":"block","time":189.5},{"angle":315,"type":"block","time":190},{"angle":326.25,"type":"block","time":190},{"angle":337.5,"type":"block","time":190},{"angle":236.25,"type":"block","time":190.5},{"angle":22.5,"type":"block","time":191},{"angle":112.5,"type":"block","time":191.5},{"angle":191.25,"type":"block","time":192},{"angle":180,"type":"block","time":192},{"angle":168.75,"type":"block","time":192},{"angle":191.25,"type":"block","time":200},{"angle":180,"type":"block","time":200},{"angle":168.75,"type":"block","time":200},{"angle":191.25,"type":"block","time":200.5},{"angle":180,"type":"block","time":199.5},{"angle":202.5,"type":"block","time":201},{"angle":258.75,"type":"block","time":202},{"angle":270,"type":"block","time":202},{"angle":281.25,"type":"block","time":202},{"angle":326.25,"type":"block","time":203.5},{"angle":337.5,"type":"block","time":204},{"angle":348.75,"type":"block","time":204},{"angle":360,"type":"block","time":204},{"angle":45,"type":"block","time":205},{"angle":67.5,"type":"block","time":205.5},{"angle":78.75,"type":"block","time":206},{"angle":90,"type":"block","time":206},{"angle":101.25,"type":"block","time":206},{"angle":123.75,"type":"block","time":206.5},{"angle":213.75,"type":"block","time":207.25},{"angle":191.25,"type":"block","time":207.5},{"angle":180,"type":"block","time":207.5},{"angle":168.75,"type":"block","time":207.5},{"angle":146.25,"type":"block","time":208},{"angle":168.75,"type":"block","time":208.25},{"angle":180,"type":"block","time":208.25},{"angle":191.25,"type":"block","time":208.25},{"angle":202.5,"type":"block","time":208.5},{"angle":213.75,"type":"block","time":209},{"angle":258.75,"type":"block","time":210},{"angle":270,"type":"block","time":210},{"angle":281.25,"type":"block","time":210},{"angle":326.25,"type":"block","time":211.5},{"angle":337.5,"type":"block","time":212},{"angle":348.75,"type":"block","time":212},{"angle":360,"type":"block","time":212},{"angle":22.5,"type":"block","time":213},{"angle":56.25,"type":"block","time":214},{"angle":67.5,"type":"block","time":214},{"angle":78.75,"type":"block","time":214},{"angle":90,"type":"block","time":214.5},{"angle":123.75,"type":"block","time":215.5},{"angle":135,"type":"block","time":216},{"angle":146.25,"type":"block","time":216},{"angle":157.5,"type":"block","time":216},{"angle":180,"type":"block","time":216.5},{"angle":191.25,"type":"block","time":217},{"angle":225,"type":"block","time":218},{"angle":213.75,"type":"block","time":218},{"angle":236.25,"type":"block","time":218},{"angle":315,"type":"block","time":220},{"angle":326.25,"type":"block","time":220},{"angle":337.5,"type":"block","time":220},{"angle":270,"type":"block","time":219.5},{"angle":22.5,"type":"block","time":221},{"angle":67.5,"type":"block","time":222},{"angle":78.75,"type":"block","time":222},{"angle":90,"type":"block","time":222},{"angle":112.5,"type":"block","time":222.5},{"angle":191.25,"type":"block","time":223},{"angle":168.75,"type":"block","time":223.25},{"angle":157.5,"type":"block","time":223.25},{"angle":146.25,"type":"block","time":223.25},{"angle":146.25,"type":"block","time":223.75},{"angle":168.75,"type":"block","time":224},{"angle":180,"type":"block","time":224},{"angle":191.25,"type":"block","time":224},{"angle":258.75,"type":"block","time":96},{"angle":236.25,"type":"block","time":96},{"angle":123.75,"type":"block","time":95.25},{"angle":168.75,"type":"block","time":160},{"angle":270,"type":"block","time":80},{"angle":247.5,"type":"block","time":80},{"angle":146.25,"type":"block","time":79.25},{"angle":22.5,"type":"block","time":111.25},{"angle":315,"type":"block","time":127.25},{"angle":146.25,"type":"block","time":143.25},{"angle":191.25,"type":"block","time":159.25},{"angle":360,"type":"block","time":225},{"angle":303.75,"type":"block","time":225.5},{"angle":180,"type":"block","time":226},{"angle":191.25,"type":"block","time":226},{"angle":168.75,"type":"block","time":226},{"angle":78.75,"type":"block","time":226.5},{"angle":247.5,"type":"block","time":227},{"angle":11.25,"type":"block","time":227.5},{"angle":168.75,"type":"block","time":228},{"angle":157.5,"type":"block","time":228},{"angle":146.25,"type":"block","time":228},{"angle":45,"type":"block","time":228.5},{"angle":225,"type":"block","time":229},{"angle":360,"type":"block","time":229.5},{"angle":315,"type":"block","time":230},{"angle":303.75,"type":"block","time":230},{"angle":292.5,"type":"block","time":230},{"angle":180,"type":"block","time":230.5},{"angle":45,"type":"block","time":231},{"angle":281.25,"type":"block","time":231.5},{"angle":157.5,"type":"block","time":232},{"angle":146.25,"type":"block","time":232},{"angle":168.75,"type":"block","time":232},{"angle":247.5,"type":"block","time":232.5},{"angle":56.25,"type":"block","time":233},{"angle":360,"type":"block","time":233.5},{"angle":247.5,"type":"block","time":234},{"angle":236.25,"type":"block","time":234},{"angle":225,"type":"block","time":234},{"angle":168.75,"type":"block","time":234.5},{"angle":326.25,"type":"block","time":235},{"angle":45,"type":"block","time":235.5},{"angle":123.75,"type":"block","time":236},{"angle":135,"type":"block","time":236},{"angle":146.25,"type":"block","time":236},{"angle":258.75,"type":"block","time":236.5},{"angle":202.5,"type":"block","time":237},{"angle":78.75,"type":"block","time":237.5},{"angle":-22.5,"type":"block","time":238},{"angle":146.25,"type":"block","time":238.5},{"angle":258.75,"type":"block","time":241.5},{"angle":213.75,"type":"block","time":242},{"angle":202.5,"type":"block","time":242},{"angle":191.25,"type":"block","time":242},{"angle":78.75,"type":"block","time":242.5},{"angle":-56.25,"type":"block","time":243},{"angle":180,"type":"block","time":243.5},{"angle":56.25,"type":"block","time":244},{"angle":45,"type":"block","time":244},{"angle":67.5,"type":"block","time":244},{"angle":146.25,"type":"block","time":244.5},{"angle":-45,"type":"block","time":245},{"angle":258.75,"type":"block","time":245.5},{"angle":146.25,"type":"block","time":246},{"angle":135,"type":"block","time":246},{"angle":123.75,"type":"block","time":246},{"angle":67.5,"type":"block","time":246.5},{"angle":225,"type":"block","time":247},{"angle":-56.25,"type":"block","time":247.5},{"angle":22.5,"type":"block","time":248},{"angle":33.75,"type":"block","time":248},{"angle":45,"type":"block","time":248},{"angle":101.25,"type":"block","time":241},{"angle":146.25,"type":"block","time":65},{"angle":123.75,"type":"block","time":65},{"angle":101.25,"type":"block","time":67},{"angle":78.75,"type":"block","time":67},{"angle":191.25,"type":"block","time":69},{"angle":168.75,"type":"block","time":69},{"angle":213.75,"type":"block","time":71},{"angle":191.25,"type":"block","time":71},{"angle":191.25,"type":"block","time":73},{"angle":168.75,"type":"block","time":73},{"angle":258.75,"type":"block","time":75},{"angle":281.25,"type":"block","time":75},{"angle":213.75,"type":"block","time":77},{"angle":236.25,"type":"block","time":77},{"angle":303.75,"type":"block","time":79},{"angle":326.25,"type":"block","time":79},{"angle":326.25,"type":"block","time":81},{"angle":348.75,"type":"block","time":81},{"angle":303.75,"type":"block","time":83},{"angle":326.25,"type":"block","time":83},{"angle":326.25,"type":"block","time":85},{"angle":348.75,"type":"block","time":85},{"angle":281.25,"type":"block","time":87},{"angle":303.75,"type":"block","time":87},{"angle":11.25,"type":"block","time":89},{"angle":33.75,"type":"block","time":89},{"angle":33.75,"type":"block","time":91},{"angle":56.25,"type":"block","time":91},{"angle":11.25,"type":"block","time":93},{"angle":33.75,"type":"block","time":93},{"angle":45,"type":"block","time":95},{"angle":67.5,"type":"block","time":95},{"angle":0,"type":"block","time":97},{"angle":22.5,"type":"block","time":97},{"angle":90,"type":"block","time":99},{"angle":112.5,"type":"block","time":99},{"angle":112.5,"type":"block","time":101},{"angle":135,"type":"block","time":101},{"angle":11.25,"type":"block","time":107},{"angle":33.75,"type":"block","time":107},{"angle":292.5,"type":"block","time":109},{"angle":315,"type":"block","time":109},{"angle":303.75,"type":"block","time":111},{"angle":281.25,"type":"block","time":111},{"angle":292.5,"type":"block","time":113},{"angle":315,"type":"block","time":113},{"angle":303.75,"type":"block","time":115},{"angle":326.25,"type":"block","time":115},{"angle":90,"type":"block","time":117},{"angle":112.5,"type":"block","time":117},{"angle":11.25,"type":"block","time":119},{"angle":33.75,"type":"block","time":119},{"angle":101.25,"type":"block","time":121},{"angle":123.75,"type":"block","time":121},{"angle":22.5,"type":"block","time":123},{"angle":45,"type":"block","time":123},{"angle":11.25,"type":"block","time":125},{"angle":33.75,"type":"block","time":125},{"angle":22.5,"type":"block","time":127},{"angle":45,"type":"block","time":127},{"angle":33.75,"type":"block","time":129},{"angle":56.25,"type":"block","time":129},{"angle":202.5,"type":"block","time":131},{"angle":180,"type":"block","time":131},{"angle":101.25,"type":"block","time":133},{"angle":123.75,"type":"block","time":133},{"angle":247.5,"type":"block","time":135},{"angle":270,"type":"block","time":135},{"angle":191.25,"type":"block","time":137},{"angle":168.75,"type":"block","time":137},{"angle":180,"type":"block","time":139},{"angle":157.5,"type":"block","time":139},{"angle":191.25,"type":"block","time":141},{"angle":168.75,"type":"block","time":141},{"angle":202.5,"type":"block","time":143},{"angle":180,"type":"block","time":143},{"angle":326.25,"type":"block","time":145},{"angle":348.75,"type":"block","time":145},{"angle":247.5,"type":"block","time":147},{"angle":270,"type":"block","time":147},{"angle":348.75,"type":"block","time":149},{"angle":11.25,"type":"block","time":149},{"angle":292.5,"type":"block","time":151},{"angle":270,"type":"block","time":151},{"angle":258.75,"type":"block","time":153},{"angle":281.25,"type":"block","time":153},{"angle":270,"type":"block","time":155},{"angle":292.5,"type":"block","time":155},{"angle":281.25,"type":"block","time":157},{"angle":303.75,"type":"block","time":157},{"angle":67.5,"type":"block","time":159},{"angle":90,"type":"block","time":159},{"angle":348.75,"type":"block","time":161},{"angle":11.25,"type":"block","time":161},{"angle":78.75,"type":"block","time":163},{"angle":56.25,"type":"block","time":163},{"angle":337.5,"type":"block","time":165},{"angle":0,"type":"block","time":165},{"angle":337.5,"type":"block","time":169},{"angle":0,"type":"block","time":169},{"angle":348.75,"type":"block","time":171},{"angle":11.25,"type":"block","time":171},{"angle":157.5,"type":"block","time":173},{"angle":135,"type":"block","time":173},{"angle":56.25,"type":"block","time":175},{"angle":78.75,"type":"block","time":175},{"angle":22.5,"type":"block","time":177},{"angle":45,"type":"block","time":177},{"angle":11.25,"type":"block","time":179},{"angle":33.75,"type":"block","time":179},{"angle":78.75,"type":"block","time":181},{"angle":101.25,"type":"block","time":181},{"angle":90,"type":"block","time":183},{"angle":112.5,"type":"block","time":183},{"angle":236.25,"type":"block","time":185},{"angle":258.75,"type":"block","time":185},{"angle":180,"type":"block","time":187},{"angle":157.5,"type":"block","time":187},{"angle":168.75,"type":"block","time":189},{"angle":146.25,"type":"block","time":189},{"angle":11.25,"type":"block","time":191},{"angle":33.75,"type":"block","time":191},{"angle":11.25,"type":"block","time":225},{"angle":348.75,"type":"block","time":225},{"angle":236.25,"type":"block","time":227},{"angle":258.75,"type":"block","time":227},{"angle":236.25,"type":"block","time":229},{"angle":213.75,"type":"block","time":229},{"angle":33.75,"type":"block","time":231},{"angle":56.25,"type":"block","time":231},{"angle":45,"type":"block","time":233},{"angle":67.5,"type":"block","time":233},{"angle":315,"type":"block","time":235},{"angle":337.5,"type":"block","time":235},{"angle":213.75,"type":"block","time":237},{"angle":191.25,"type":"block","time":237},{"angle":326.25,"type":"block","time":238},{"angle":348.75,"type":"block","time":238},{"angle":45,"type":"block","time":239},{"angle":33.75,"type":"block","time":239},{"angle":22.5,"type":"block","time":239},{"angle":236.25,"type":"block","time":247},{"angle":213.75,"type":"block","time":247},{"angle":303.75,"type":"block","time":245},{"angle":326.25,"type":"block","time":245},{"angle":292.5,"type":"block","time":243},{"angle":315,"type":"block","time":243},{"angle":112.5,"type":"block","time":241},{"angle":90,"type":"block","time":241},{"angle":180,"type":"block","time":248.5},{"angle":315,"type":"block","time":249},{"angle":326.25,"type":"block","time":249},{"angle":337.5,"type":"block","time":249},{"angle":67.5,"type":"block","time":249.5},{"angle":168.75,"type":"block","time":250},{"angle":157.5,"type":"block","time":250},{"angle":146.25,"type":"block","time":250},{"angle":258.75,"type":"block","time":250.5},{"angle":33.75,"type":"block","time":251},{"angle":45,"type":"block","time":251},{"angle":56.25,"type":"block","time":251},{"angle":337.5,"type":"block","time":251.5},{"angle":202.5,"type":"block","time":252},{"angle":191.25,"type":"block","time":252},{"angle":180,"type":"block","time":252},{"duration":1,"type":"hold","angle2":45,"angle":45,"time":253},{"duration":1,"type":"hold","angle2":56.25,"angle":56.25,"time":253},{"duration":1,"type":"hold","angle2":67.5,"angle":67.5,"time":253},{"duration":1,"type":"hold","angle2":258.75,"angle":258.75,"time":255},{"duration":1,"type":"hold","angle2":247.5,"angle":247.5,"time":255},{"duration":1,"type":"hold","angle2":270,"angle":270,"time":255},{"angle":315,"type":"block","time":257},{"angle":360,"type":"block","time":257.5},{"angle":45,"type":"block","time":258},{"angle":90,"type":"block","time":258.5},{"angle":135,"type":"block","time":259},{"angle":180,"type":"block","time":259.25},{"angle":225,"type":"block","time":259.5},{"angle":270,"type":"block","time":259.75},{"angle":315,"type":"block","time":260},{"angle":360,"type":"block","time":260.25},{"angle":45,"type":"block","time":260.5},{"angle":90,"type":"block","time":260.75},{"angle":135,"type":"block","time":261},{"angle":146.25,"type":"block","time":261},{"angle":123.75,"type":"block","time":261},{"angle":247.5,"type":"block","time":261.5},{"angle":337.5,"type":"block","time":262},{"angle":360,"type":"block","time":262},{"angle":348.75,"type":"block","time":262},{"angle":90,"type":"block","time":262.5},{"angle":393.75,"type":"block","time":263},{"angle":382.5,"type":"block","time":263},{"angle":371.25,"type":"block","time":263},{"angle":191.25,"type":"block","time":263.5},{"angle":247.5,"type":"block","time":264},{"angle":236.25,"type":"block","time":264},{"angle":225,"type":"block","time":264},{"angle":11.25,"type":"block","time":265},{"angle":22.5,"type":"block","time":265},{"angle":33.75,"type":"block","time":265},{"angle":78.75,"type":"block","time":265.5},{"angle":247.5,"type":"block","time":266},{"angle":236.25,"type":"block","time":266},{"angle":225,"type":"block","time":266},{"angle":315,"type":"block","time":266.5},{"angle":168.75,"type":"block","time":267},{"angle":157.5,"type":"block","time":267},{"angle":146.25,"type":"block","time":267},{"angle":236.25,"type":"block","time":268},{"angle":225,"type":"block","time":268},{"angle":382.5,"type":"block","time":268.5},{"angle":78.75,"type":"block","time":269},{"angle":360,"type":"block","time":269.5},{"angle":573.75,"type":"block","time":270},{"angle":562.5,"type":"block","time":270},{"angle":551.25,"type":"block","time":270},{"angle":416.25,"type":"block","time":270.5},{"angle":506.25,"type":"block","time":271},{"angle":652.5,"type":"block","time":271.5},{"angle":596.25,"type":"block","time":272},{"angle":585,"type":"block","time":272},{"angle":573.75,"type":"block","time":272},{"angle":731.25,"type":"block","time":272.5},{"angle":427.5,"type":"block","time":273},{"angle":708.75,"type":"block","time":273.5},{"angle":573.75,"type":"block","time":274},{"angle":551.25,"type":"block","time":274},{"angle":562.5,"type":"block","time":274},{"angle":247.5,"type":"block","time":268},{"angle":427.5,"type":"block","time":269},{"angle":90,"type":"block","time":269},{"angle":157.5,"type":"block","time":271},{"angle":135,"type":"block","time":271},{"angle":416.25,"type":"block","time":273},{"angle":78.75,"type":"block","time":273},{"angle":45,"type":"block","time":267.5},{"angle":90,"type":"block","time":274.5},{"angle":326.25,"type":"block","time":275},{"angle":337.5,"type":"block","time":275},{"angle":348.75,"type":"block","time":275},{"angle":258.75,"type":"block","time":275.5},{"angle":67.5,"type":"block","time":289},{"angle":157.5,"type":"block","time":276},{"angle":146.25,"type":"block","time":276},{"angle":135,"type":"block","time":276},{"angle":22.5,"type":"block","time":276.5},{"angle":-112.5,"type":"block","time":277},{"angle":123.75,"type":"block","time":277.5},{"angle":0,"type":"block","time":278},{"angle":-11.25,"type":"block","time":278},{"angle":11.25,"type":"block","time":278},{"angle":90,"type":"block","time":278.5},{"angle":-101.25,"type":"block","time":279},{"angle":202.5,"type":"block","time":279.5},{"angle":90,"type":"block","time":280},{"angle":78.75,"type":"block","time":280},{"angle":67.5,"type":"block","time":280},{"angle":11.25,"type":"block","time":280.5},{"angle":168.75,"type":"block","time":281},{"angle":-112.5,"type":"block","time":281.5},{"angle":-33.75,"type":"block","time":282},{"angle":-22.5,"type":"block","time":282},{"angle":-11.25,"type":"block","time":282},{"angle":180,"type":"block","time":281},{"angle":157.5,"type":"block","time":281},{"angle":247.5,"type":"block","time":279},{"angle":270,"type":"block","time":279},{"angle":236.25,"type":"block","time":277},{"angle":258.75,"type":"block","time":277},{"angle":123.75,"type":"block","time":282.5},{"angle":258.75,"type":"block","time":283},{"angle":270,"type":"block","time":283},{"angle":281.25,"type":"block","time":283},{"angle":11.25,"type":"block","time":283.5},{"angle":112.5,"type":"block","time":284},{"angle":101.25,"type":"block","time":284},{"angle":90,"type":"block","time":284},{"angle":202.5,"type":"block","time":284.5},{"angle":-22.5,"type":"block","time":285},{"angle":-11.25,"type":"block","time":285},{"angle":0,"type":"block","time":285},{"angle":281.25,"type":"block","time":285.5},{"angle":146.25,"type":"block","time":286},{"angle":135,"type":"block","time":286},{"angle":123.75,"type":"block","time":286},{"angle":303.75,"type":"block","time":285.25},{"angle":101.25,"type":"block","time":286.25},{"angle":78.75,"type":"block","time":286.5},{"angle":292.5,"type":"block","time":287},{"angle":303.75,"type":"block","time":287},{"angle":315,"type":"block","time":287},{"angle":168.75,"type":"block","time":287.5},{"angle":0,"type":"block","time":288},{"angle":11.25,"type":"block","time":288},{"angle":22.5,"type":"block","time":288},{"angle":270,"type":"block","time":288.5},{"angle":213.75,"type":"block","time":289.5},{"angle":326.25,"type":"block","time":290},{"angle":22.5,"type":"block","time":290.5},{"angle":157.5,"type":"block","time":291},{"angle":236.25,"type":"block","time":291.5},{"angle":33.75,"type":"block","time":292},{"angle":326.25,"type":"block","time":292.5},{"angle":213.75,"type":"block","time":293},{"angle":22.5,"type":"block","time":293.5},{"angle":326.25,"type":"block","time":294},{"angle":101.25,"type":"block","time":294.5},{"angle":0,"type":"block","time":295},{"angle":348.75,"type":"block","time":297},{"angle":0,"type":"block","time":297},{"angle":11.25,"type":"block","time":297},{"angle":213.75,"type":"block","time":297.5},{"angle":123.75,"type":"block","time":298},{"angle":112.5,"type":"block","time":298},{"angle":101.25,"type":"block","time":298},{"angle":303.75,"type":"block","time":298.5},{"angle":337.5,"type":"block","time":299},{"angle":348.75,"type":"block","time":299},{"angle":0,"type":"block","time":299},{"angle":168.75,"type":"block","time":299.5},{"angle":78.75,"type":"block","time":300},{"angle":67.5,"type":"block","time":300},{"angle":56.25,"type":"block","time":300},{"angle":315,"type":"block","time":300.5},{"angle":270,"type":"block","time":301},{"angle":258.75,"type":"block","time":301},{"angle":247.5,"type":"block","time":301},{"angle":146.25,"type":"block","time":301.5},{"angle":213.75,"type":"block","time":302},{"angle":202.5,"type":"block","time":302},{"angle":191.25,"type":"block","time":302},{"angle":315,"type":"block","time":302.5},{"angle":0,"type":"block","time":303},{"angle":11.25,"type":"block","time":303},{"angle":22.5,"type":"block","time":303},{"angle":292.5,"type":"block","time":305},{"angle":303.75,"type":"block","time":305},{"angle":281.25,"type":"block","time":305},{"angle":495,"type":"block","time":306},{"angle":472.5,"type":"block","time":306},{"angle":483.75,"type":"block","time":306},{"angle":11.25,"type":"block","time":306.5},{"angle":247.5,"type":"block","time":307},{"angle":258.75,"type":"block","time":307},{"angle":270,"type":"block","time":307},{"angle":180,"type":"block","time":307.5},{"angle":78.75,"type":"block","time":308},{"angle":67.5,"type":"block","time":308},{"angle":56.25,"type":"block","time":308},{"angle":-56.25,"type":"block","time":308.5},{"angle":-191.25,"type":"block","time":309},{"angle":45,"type":"block","time":309.5},{"angle":-78.75,"type":"block","time":310},{"angle":-90,"type":"block","time":310},{"angle":-67.5,"type":"block","time":310},{"angle":11.25,"type":"block","time":310.5},{"angle":-180,"type":"block","time":311},{"angle":123.75,"type":"block","time":311.5},{"angle":11.25,"type":"block","time":312},{"angle":0,"type":"block","time":312},{"angle":-11.25,"type":"block","time":312},{"angle":-67.5,"type":"block","time":312.5},{"angle":90,"type":"block","time":313},{"angle":-191.25,"type":"block","time":313.5},{"angle":-112.5,"type":"block","time":314},{"angle":-101.25,"type":"block","time":314},{"angle":-90,"type":"block","time":314},{"angle":101.25,"type":"block","time":313},{"angle":78.75,"type":"block","time":313},{"angle":168.75,"type":"block","time":311},{"angle":191.25,"type":"block","time":311},{"angle":157.5,"type":"block","time":309},{"angle":180,"type":"block","time":309},{"angle":45,"type":"block","time":314.5},{"angle":180,"type":"block","time":315},{"angle":191.25,"type":"block","time":315},{"angle":202.5,"type":"block","time":315},{"angle":-67.5,"type":"block","time":315.5},{"angle":33.75,"type":"block","time":316},{"angle":22.5,"type":"block","time":316},{"angle":11.25,"type":"block","time":316},{"angle":123.75,"type":"block","time":316.5},{"angle":-101.25,"type":"block","time":317},{"angle":-90,"type":"block","time":317},{"angle":-78.75,"type":"block","time":317},{"angle":22.5,"type":"block","time":305.5},{"angle":168.75,"type":"block","time":317.5},{"angle":33.75,"type":"block","time":318},{"angle":45,"type":"block","time":318},{"angle":56.25,"type":"block","time":318},{"angle":292.5,"type":"block","time":318.5},{"angle":371.25,"type":"block","time":319},{"angle":360,"type":"block","time":319},{"angle":348.75,"type":"block","time":319},{"angle":270,"type":"block","time":271.25}]