[{"time":1.125,"angle":0,"type":"block"},{"time":1.625,"angle":45,"type":"block"},{"time":2.125,"angle":90,"type":"block"},{"type":"block","angle":135,"time":2.625,"tap":true},{"time":4,"angle":0,"type":"block"},{"type":"block","angle":11.25,"time":4,"tap":true},{"type":"block","angle":348.75,"time":4,"tap":true},{"time":4.5,"angle":180,"type":"block"},{"type":"block","angle":168.75,"time":4.5,"tap":true},{"type":"block","angle":191.25,"time":4.5,"tap":true},{"type":"block","angle":11.25,"time":5,"tap":true},{"type":"block","angle":348.75,"time":5,"tap":true},{"duration":1,"type":"hold","angle":0,"time":5,"angle2":45,"holdEase":"inExpo"},{"duration":1.5,"type":"mineHold","time":5.5,"angle2":101.25,"angle":101.25},{"time":7,"angle":157.5,"type":"block"},{"time":7.25,"angle":146.25,"type":"block"},{"time":7.5,"angle":135,"type":"block"},{"time":7.75,"angle":123.75,"type":"block"},{"time":8,"angle":112.5,"type":"block"},{"time":8.25,"angle":101.25,"type":"block"},{"duration":0.5,"type":"hold","endTap":true,"time":8.5,"angle2":202.5,"angle":90},{"type":"block","angle":90,"time":9.5,"tap":true},{"type":"block","angle":326.25,"time":10,"tap":true},{"time":10.5,"speedMult":2,"duration":0,"type":"hold","endTap":true,"segments":4,"holdEase":"inOutSine","angle2":-630,"angle":90},{"duration":0.5,"type":"hold","time":12,"angle2":405,"angle":270},{"duration":0.5,"type":"hold","endTap":true,"time":12.5,"angle2":123.75,"angle":45},{"time":14,"angle":326.25,"type":"extraTap"},{"duration":0.25,"type":"mineHold","time":14,"angle2":22.5,"angle":281.25},{"duration":0.25,"type":"mineHold","time":14,"angle2":281.25,"angle":22.5},{"duration":0.375,"type":"hold","angle":236.25,"time":15,"angle2":191.25,"holdEase":"inBack"},{"duration":0.25,"type":"hold","endTap":true,"angle":191.25,"time":15.375,"angle2":225,"holdEase":"inBack"},{"duration":0.25,"type":"hold","endTap":true,"time":16,"angle2":326.25,"angle":292.5},{"time":16.75,"angle":45,"type":"block"},{"time":17.25,"angle":180,"type":"block"},{"duration":0.5,"type":"hold","time":17.75,"angle2":180,"angle":292.5},{"time":19,"angle":0,"type":"block"},{"duration":0.5,"type":"hold","angle":180,"time":19.75,"angle2":123.75,"holdEase":"inExpo"},{"duration":0.25,"type":"mineHold","time":20.75,"angle2":270,"angle":22.5},{"duration":0.25,"type":"mineHold","time":20.75,"angle2":33.75,"angle":281.25},{"time":20.75,"angle":337.5,"type":"extraTap"},{"time":21.75,"angle":90,"type":"extraTap"},{"duration":0.25,"type":"mineHold","time":21.75,"angle2":393.75,"angle":135},{"duration":0.25,"type":"mineHold","time":21.75,"angle2":-225,"angle":33.75},{"duration":0.75,"type":"hold","time":22.75,"angle2":483.75,"angle":315},{"time":24.25,"angle":180,"type":"extraTap"},{"duration":0.5,"type":"mineHold","time":24.25,"angle2":146.25,"angle":146.25},{"duration":0.5,"type":"mineHold","time":24.25,"angle2":213.75,"angle":213.75},{"duration":0.5,"type":"mineHold","time":24.25,"angle2":236.25,"angle":236.25},{"duration":0.5,"type":"mineHold","time":24.25,"angle2":258.75,"angle":258.75},{"duration":0.5,"type":"mineHold","time":24.25,"angle2":281.25,"angle":281.25},{"duration":0.5,"type":"mineHold","time":24.25,"angle2":303.75,"angle":303.75},{"duration":0.5,"type":"mineHold","time":24.25,"angle2":326.25,"angle":326.25},{"duration":0.5,"type":"mineHold","time":24.25,"angle2":348.75,"angle":348.75},{"duration":0.5,"type":"mineHold","time":24.25,"angle2":11.25,"angle":11.25},{"duration":0.5,"type":"mineHold","time":24.25,"angle2":33.75,"angle":33.75},{"duration":0.5,"type":"mineHold","time":24.25,"angle2":56.25,"angle":56.25},{"duration":0.5,"type":"mineHold","time":24.25,"angle2":78.75,"angle":78.75},{"duration":0.5,"type":"mineHold","time":24.25,"angle2":101.25,"angle":101.25},{"duration":0.5,"type":"mineHold","time":24.25,"angle2":123.75,"angle":123.75},{"time":24.75,"angle":180,"type":"block"},{"duration":0.5,"type":"hold","endTap":true,"angle":146.25,"time":25,"angle2":236.25,"holdEase":"inExpo"},{"time":26.25,"angle":56.25,"type":"block"},{"duration":1.25,"type":"mineHold","time":26.25,"angle2":11.25,"angle":11.25},{"duration":0.5,"type":"hold","time":28.125,"angle2":236.25,"angle":168.75},{"duration":1,"type":"mineHold","time":27.25,"angle2":247.5,"angle":247.5},{"time":27.5,"angle":337.5,"type":"block"},{"duration":0.5,"type":"hold","time":30.625,"angle2":45,"angle":101.25},{"time":31.375,"angle":22.5,"type":"block"},{"time":31.875,"angle":303.75,"type":"block"},{"time":32.125,"angle":326.25,"type":"block"},{"duration":0.25,"type":"hold","time":32.625,"angle2":168.75,"angle":135},{"time":33.375,"angle":112.5,"type":"block"},{"type":"block","angle":303.75,"time":33.875,"tap":true},{"duration":5.5,"type":"mineHold","angle":0,"time":33.875,"angle2":-270,"holdEase":"inBack"},{"duration":5.5,"type":"mineHold","angle":247.5,"time":33.875,"angle2":-22.5,"holdEase":"inBack"},{"type":"block","angle":0,"time":29.625,"tap":true},{"time":39.5,"duration":0,"type":"hold","endTap":true,"segments":5,"holdEase":"outBack","angle2":393.75,"angle":33.75},{"time":40.5,"angle":236.25,"type":"block"},{"time":40.75,"angle":180,"type":"block"},{"type":"block","angle":67.5,"time":41.25,"tap":true},{"duration":0.75,"type":"hold","angle":180,"time":42,"angle2":45,"holdEase":"inSine"},{"duration":0.75,"type":"mineHold","time":43.25,"angle2":45,"angle":45},{"time":43.25,"angle":123.75,"type":"block"},{"duration":0.5,"type":"hold","angle":112.5,"time":43.5,"angle2":236.25,"holdEase":"outSine"},{"duration":0.25,"type":"mineHold","time":44.5,"angle2":236.25,"angle":236.25},{"duration":0.25,"type":"mineHold","time":44.5,"angle2":258.75,"angle":258.75},{"duration":0.5,"type":"mineHold","time":44.25,"angle2":281.25,"angle":281.25},{"type":"block","angle":281.25,"time":46.375,"tap":true},{"time":46.375,"angle":303.75,"type":"block"},{"type":"block","angle":326.25,"time":46.375,"tap":true},{"time":45.375,"angle":157.5,"type":"block"},{"type":"block","angle":180,"time":45.375,"tap":true},{"type":"block","angle":135,"time":45.375,"tap":true},{"duration":0.75,"type":"mineHold","time":43.25,"angle2":22.5,"angle":22.5},{"duration":1,"type":"mineHold","time":43,"angle2":360,"angle":360},{"time":44.375,"angle":90,"type":"block"},{"type":"block","angle":67.5,"time":44.375,"tap":true},{"type":"block","angle":112.5,"time":44.375,"tap":true},{"time":47.125,"angle":348.75,"type":"block"},{"type":"block","angle":11.25,"time":47.125,"tap":true},{"type":"block","angle":326.25,"time":47.125,"tap":true},{"time":47.875,"angle":78.75,"type":"block"},{"type":"block","angle":101.25,"time":47.875,"tap":true},{"type":"block","angle":56.25,"time":47.875,"tap":true},{"time":48.25,"angle":67.5,"type":"extraTap"},{"time":49.25,"angle":0,"type":"block"},{"time":50.125,"angle":303.75,"type":"block"},{"duration":0.5,"type":"hold","time":50.375,"angle2":337.5,"angle":292.5},{"duration":0.5,"type":"hold","angle":337.5,"time":50.875,"angle2":281.25,"holdEase":"inBack"},{"duration":0.75,"type":"hold","time":51.75,"angle2":33.75,"angle":90},{"time":52.75,"angle":56.25,"type":"block"},{"time":53,"angle":112.5,"type":"block"},{"time":53.25,"angle":45,"type":"block"},{"time":53.5,"angle":337.5,"type":"block"},{"duration":0.5,"type":"hold","time":53.75,"angle2":-22.5,"angle":33.75},{"duration":0.75,"startTap":true,"angle":157.5,"time":55,"angle2":281.25,"type":"hold"},{"time":56.25,"angle":78.75,"type":"extraTap"},{"duration":0.25,"type":"mineHold","time":56.25,"angle2":33.75,"angle":33.75},{"duration":0.25,"type":"mineHold","time":56.25,"angle2":135,"angle":135},{"duration":0.25,"type":"mineHold","time":56.25,"angle2":371.25,"angle":157.5},{"duration":0.25,"type":"mineHold","time":56.25,"angle2":-202.5,"angle":11.25},{"time":57.25,"angle":-56.25,"type":"extraTap"},{"duration":0.25,"type":"mineHold","time":57.25,"angle2":-101.25,"angle":-101.25},{"duration":0.25,"type":"mineHold","time":57.25,"angle2":0,"angle":0},{"duration":0.25,"type":"mineHold","time":57.25,"angle2":236.25,"angle":22.5},{"duration":0.25,"type":"mineHold","time":57.25,"angle2":-337.5,"angle":-123.75},{"duration":0.25,"type":"mineHold","time":58.25,"angle2":112.5,"angle":112.5},{"duration":0.25,"type":"mineHold","time":58.25,"angle2":213.75,"angle":213.75},{"duration":0.25,"type":"mineHold","time":58.25,"angle2":450,"angle":236.25},{"duration":0.25,"type":"mineHold","time":58.25,"angle2":-123.75,"angle":90},{"time":58,"angle":157.5,"type":"block"},{"time":58.25,"angle":180,"type":"extraTap"},{"duration":0.5,"type":"hold","angle":135,"time":58.625,"angle2":78.75,"holdEase":"inBack"},{"duration":0.5,"type":"hold","endTap":true,"angle":78.75,"time":59.125,"angle2":123.75,"holdEase":"inBack"},{"time":60.625,"angle":315,"type":"block"},{"time":60.875,"angle":360,"type":"block"},{"time":61.625,"angle":101.25,"type":"block"},{"time":61.875,"angle":56.25,"type":"block"},{"time":61.125,"angle":45,"type":"block"},{"duration":0.5,"type":"hold","angle":78.75,"time":62.125,"angle2":123.75,"holdEase":"inBack"},{"type":"block","angle":225,"time":63.125,"tap":true},{"type":"block","angle":303.75,"time":63.625,"tap":true},{"type":"block","angle":326.25,"time":63.625,"tap":true},{"time":63.125,"angle":213.75,"type":"block"},{"time":63.125,"angle":236.25,"type":"block"},{"duration":0.25,"type":"hold","time":63.625,"angle2":360,"angle":315},{"type":"block","angle":78.75,"time":64.125,"tap":true},{"time":64.125,"angle":90,"type":"block"},{"time":64.125,"angle":67.5,"type":"block"},{"type":"block","angle":202.5,"time":64.75,"tap":true},{"type":"block","angle":337.5,"time":65.5,"tap":true},{"duration":1.5,"type":"mineHold","time":65.5,"angle2":22.5,"angle":22.5},{"time":66.5,"angle":56.25,"type":"block"},{"time":66.25,"angle":112.5,"type":"block"},{"time":66.75,"angle":101.25,"type":"block"},{"time":67,"angle":146.25,"type":"block"},{"time":67.25,"angle":112.5,"type":"block"},{"time":67.5,"angle":67.5,"type":"block"},{"duration":0.5,"type":"hold","time":68,"angle2":33.75,"angle":-22.5},{"time":67.75,"angle":22.5,"type":"block"},{"type":"block","angle":337.5,"time":68.75,"tap":true},{"time":69.5,"angle":191.25,"type":"block"},{"duration":0.5,"type":"hold","angle":146.25,"time":70,"angle2":90,"holdEase":"inExpo"},{"duration":0.25,"type":"hold","time":70.5,"angle2":101.25,"angle":90},{"duration":0.75,"type":"hold","angle":101.25,"time":70.75,"angle2":11.25,"holdEase":"inExpo"},{"time":72,"angle":326.25,"type":"extraTap"},{"duration":4,"type":"hold","angle":281.25,"time":72,"angle2":461.25,"holdEase":"inSine"},{"time":76.25,"angle":56.25,"type":"block"},{"time":76.375,"angle":101.25,"type":"block"},{"time":76.625,"angle":157.5,"type":"block"},{"time":77.375,"angle":292.5,"type":"block"},{"time":77.625,"angle":236.25,"type":"block"},{"time":77.875,"angle":180,"type":"block"},{"time":78,"angle":146.25,"type":"block"},{"time":78.125,"angle":112.5,"type":"block"},{"time":78.25,"angle":78.75,"type":"block"},{"time":78.375,"angle":45,"type":"block"},{"time":78.5,"angle":11.25,"type":"block"},{"time":78.625,"angle":45,"type":"block"},{"time":78.75,"angle":78.75,"type":"block"},{"time":78.875,"angle":112.5,"type":"block"},{"time":79,"angle":146.25,"type":"block"},{"time":79.125,"angle":180,"type":"block"},{"time":79.375,"angle":247.5,"type":"block"},{"time":79.625,"angle":-45,"type":"block"},{"duration":1,"type":"hold","time":79.875,"angle2":360,"angle":0},{"duration":0.75,"type":"hold","angle":0,"time":80.875,"angle2":-90,"holdEase":"inBack"},{"time":81.75,"angle":225,"type":"block"},{"time":82,"angle":168.75,"type":"block"},{"time":82.25,"angle":225,"type":"block"},{"time":82.5,"angle":168.75,"type":"block"},{"time":82.75,"angle":90,"type":"block"},{"time":83,"angle":0,"type":"block"},{"time":83.25,"angle":270,"type":"block"},{"time":83.5,"angle":180,"type":"block"},{"time":83.75,"angle":90,"type":"block"},{"duration":0.5,"type":"hold","time":84,"angle2":-45,"angle":45},{"duration":0.25,"type":"hold","time":85,"angle2":281.25,"angle":258.75},{"type":"block","angle":90,"time":85.75,"tap":true},{"time":86.25,"angle":90,"type":"block"},{"time":86.5,"angle":45,"type":"block"},{"time":86.75,"angle":90,"type":"block"},{"time":87,"angle":135,"type":"block"},{"time":87.25,"angle":90,"type":"block"},{"duration":0.25,"type":"hold","time":87.75,"angle2":292.5,"angle":270},{"duration":0.25,"type":"hold","time":88.75,"angle2":45,"angle":22.5},{"duration":0.25,"startTap":true,"angle":135,"time":89.5,"angle2":123.75,"type":"hold"},{"time":90.5,"angle":56.25,"type":"block"},{"duration":0.25,"type":"hold","angle":90,"time":91,"angle2":123.75,"holdEase":"inBack"},{"time":91.75,"angle":168.75,"type":"block"},{"time":92.125,"angle":258.75,"type":"block"},{"time":92.375,"angle":303.75,"type":"block"},{"time":92.625,"angle":348.75,"type":"block"},{"time":92.875,"angle":33.75,"type":"block"},{"time":93.125,"angle":90,"type":"block"},{"time":93.375,"angle":33.75,"type":"block"},{"type":"block","angle":303.75,"time":93.625,"tap":true},{"type":"block","angle":225,"time":94.125,"tap":true},{"type":"block","angle":123.75,"time":94.625,"tap":true},{"time":94.875,"angle":90,"type":"block"},{"time":95.625,"angle":67.5,"type":"extraTap"},{"time":99.75,"angle":360,"type":"block"},{"time":100,"angle":45,"type":"block"},{"time":100.25,"angle":315,"type":"block"},{"duration":0.25,"type":"hold","time":100.5,"angle2":56.25,"angle":0},{"time":101,"angle":123.75,"type":"block"},{"time":101.25,"angle":78.75,"type":"block"},{"duration":0.5,"startTap":true,"angle":270,"time":101.5,"angle2":213.75,"type":"hold"},{"duration":0.5,"type":"hold","angle":168.75,"time":102.25,"angle2":67.5,"holdEase":"inSine"},{"time":102.5,"angle":146.25,"type":"block"},{"duration":0.5,"type":"hold","endTap":true,"time":103,"angle2":90,"angle":0},{"type":"block","angle":270,"time":104.375,"tap":true},{"duration":0.25,"type":"hold","endTap":true,"time":105.125,"angle2":56.25,"angle":90},{"time":105.875,"angle":281.25,"type":"block"},{"time":106.375,"angle":101.25,"type":"block"},{"time":106.875,"angle":213.75,"type":"block"},{"time":105.875,"angle":292.5,"type":"block"},{"time":105.875,"angle":270,"type":"block"},{"time":106.375,"angle":90,"type":"block"},{"time":106.375,"angle":112.5,"type":"block"},{"time":106.875,"angle":225,"type":"block"},{"time":106.875,"angle":202.5,"type":"block"},{"time":107.375,"angle":292.5,"type":"block"},{"time":107.375,"angle":281.25,"type":"block"},{"time":107.375,"angle":303.75,"type":"block"},{"time":107.875,"angle":56.25,"type":"block"},{"time":107.875,"angle":67.5,"type":"block"},{"time":107.875,"angle":45,"type":"block"},{"time":108.375,"angle":213.75,"type":"block"},{"time":108.375,"angle":225,"type":"block"},{"time":108.375,"angle":236.25,"type":"block"},{"time":108.875,"angle":90,"type":"block"},{"time":108.875,"angle":101.25,"type":"block"},{"time":108.875,"angle":78.75,"type":"block"},{"type":"block","angle":315,"time":109.375,"tap":true},{"type":"block","angle":326.25,"time":109.375,"tap":true},{"type":"block","angle":303.75,"time":109.375,"tap":true},{"time":109.875,"angle":135,"type":"block"},{"time":109.875,"angle":146.25,"type":"block"},{"time":109.875,"angle":157.5,"type":"block"},{"type":"block","angle":22.5,"time":110.375,"tap":true},{"type":"block","angle":33.75,"time":110.375,"tap":true},{"type":"block","angle":45,"time":110.375,"tap":true},{"time":110.875,"angle":225,"type":"block"},{"time":110.875,"angle":213.75,"type":"block"},{"time":110.875,"angle":236.25,"type":"block"},{"duration":0.5,"type":"hold","angle":90,"time":111.375,"angle2":22.5,"holdEase":"inSine"},{"duration":0.25,"type":"hold","angle":22.5,"time":111.875,"angle2":90,"holdEase":"outSine"},{"duration":0.375,"type":"mineHold","time":112.125,"angle2":180,"angle":180},{"duration":0.375,"type":"mineHold","time":112.125,"angle2":0,"angle":0},{"time":112.875,"angle":270,"type":"block"},{"duration":0.375,"type":"mineHold","time":112.875,"angle2":0,"angle":0},{"duration":0.375,"type":"mineHold","time":112.875,"angle2":180,"angle":180},{"duration":1.25,"type":"hold","time":113.75,"angle2":-270,"angle":90},{"type":"block","angle":0,"time":115.25,"tap":true},{"duration":0.25,"type":"hold","endTap":true,"time":115.75,"angle2":247.5,"angle":292.5},{"type":"block","angle":56.25,"time":116.75,"tap":true},{"time":117.75,"angle":247.5,"type":"block"},{"time":118,"angle":180,"type":"block"},{"time":118.25,"angle":123.75,"type":"block"},{"time":118.5,"angle":180,"type":"block"},{"time":118.75,"angle":247.5,"type":"block"},{"duration":0.5,"type":"hold","time":119.25,"angle2":236.25,"angle":292.5},{"duration":0.5,"type":"hold","time":120.25,"angle2":236.25,"angle":191.25},{"duration":0.5,"type":"hold","time":121.25,"angle2":326.25,"angle":281.25},{"duration":0.5,"type":"hold","time":122.25,"angle2":123.75,"angle":78.75},{"duration":0.5,"type":"hold","time":123.25,"angle2":123.75,"angle":180},{"time":124.25,"angle":258.75,"type":"block"},{"time":124.625,"angle":202.5,"type":"block"},{"time":124.875,"angle":168.75,"type":"block"},{"time":125.625,"angle":135,"type":"block"},{"time":125.75,"angle":146.25,"type":"block"},{"time":125.875,"angle":157.5,"type":"block"},{"time":126,"angle":168.75,"type":"block"},{"time":126.125,"angle":180,"type":"block"},{"time":126.25,"angle":191.25,"type":"block"},{"time":126.375,"angle":202.5,"type":"block"},{"time":126.5,"angle":213.75,"type":"block"},{"time":125.5,"angle":123.75,"type":"block"},{"type":"block","time":128,"angle":45,"tap":true},{"angle":236.25,"time":127,"type":"extraTap"},{"type":"block","time":128.75,"angle":225,"tap":true},{"duration":0.5,"type":"hold","angle":247.5,"angle2":157.5,"time":129},{"angle":101.25,"time":130,"type":"block"},{"type":"block","time":130.5,"angle":247.5,"tap":true},{"duration":0.25,"startTap":true,"angle":45,"time":131.25,"angle2":112.5,"type":"hold"},{"duration":0.25,"type":"hold","angle":112.5,"angle2":78.75,"time":131.5},{"duration":0.25,"type":"hold","angle":78.75,"angle2":157.5,"time":131.75},{"angle":315,"time":132.25,"type":"block"},{"angle":33.75,"time":132.5,"type":"block"},{"angle":123.75,"time":132.75,"type":"block"},{"duration":0.5,"startTap":true,"time":133,"angle":180,"angle2":270,"type":"hold"},{"duration":0.5,"startTap":true,"time":133.75,"angle":0,"angle2":90,"type":"hold"},{"duration":0.5,"type":"hold","endTap":true,"angle":180,"angle2":180,"time":134.5},{"angle":168.75,"time":135,"type":"extraTap"},{"angle":225,"time":135,"type":"mine"},{"angle":135,"time":135,"type":"mine"},{"angle":112.5,"time":135,"type":"mine"},{"angle":90,"time":135,"type":"mine"},{"angle":67.5,"time":135,"type":"mine"},{"angle":45,"time":135,"type":"mine"},{"angle":22.5,"time":135,"type":"mine"},{"angle":0,"time":135,"type":"mine"},{"angle":337.5,"time":135,"type":"mine"},{"angle":315,"time":135,"type":"mine"},{"angle":292.5,"time":135,"type":"mine"},{"angle":270,"time":135,"type":"mine"},{"angle":247.5,"time":135,"type":"mine"},{"angle":326.25,"time":136,"type":"mine"},{"angle":56.25,"time":136,"type":"mine"},{"angle":78.75,"time":136,"type":"mine"},{"angle":101.25,"time":136,"type":"mine"},{"angle":123.75,"time":136,"type":"mine"},{"angle":146.25,"time":136,"type":"mine"},{"angle":168.75,"time":136,"type":"mine"},{"angle":191.25,"time":136,"type":"mine"},{"angle":213.75,"time":136,"type":"mine"},{"angle":236.25,"time":136,"type":"mine"},{"angle":258.75,"time":136,"type":"mine"},{"angle":281.25,"time":136,"type":"mine"},{"angle":303.75,"time":136,"type":"mine"},{"angle":348.75,"time":136,"type":"extraTap"},{"angle":56.25,"time":136.875,"type":"extraTap"},{"angle":22.5,"time":136.875,"type":"mine"},{"angle":135,"time":136.875,"type":"mine"},{"angle":157.5,"time":136.875,"type":"mine"},{"angle":180,"time":136.875,"type":"mine"},{"angle":202.5,"time":136.875,"type":"mine"},{"angle":225,"time":136.875,"type":"mine"},{"angle":247.5,"time":136.875,"type":"mine"},{"angle":270,"time":136.875,"type":"mine"},{"angle":-67.5,"time":136.875,"type":"mine"},{"angle":-45,"time":136.875,"type":"mine"},{"angle":-22.5,"time":136.875,"type":"mine"},{"angle":0,"time":136.875,"type":"mine"},{"angle":56.25,"time":136.625,"type":"block"},{"angle":90,"time":137.125,"type":"block"},{"angle":135,"time":137.375,"type":"block"},{"angle":78.75,"time":137.625,"type":"block"},{"angle":33.75,"time":137.875,"type":"block"},{"angle":-22.5,"time":138.125,"type":"block"},{"angle":33.75,"time":138.375,"type":"block"},{"angle":78.75,"time":138.625,"type":"block"},{"angle":123.75,"time":138.875,"type":"block"},{"angle":78.75,"time":139.125,"type":"block"},{"angle":33.75,"time":139.375,"type":"block"},{"angle":78.75,"time":139.625,"type":"block"},{"angle":146.25,"time":139.875,"type":"block"},{"angle":202.5,"time":140.125,"type":"block"},{"duration":0.5,"startTap":true,"time":140.625,"angle":123.75,"angle2":-45,"type":"hold"},{"angle":11.25,"time":141.375,"type":"block"},{"angle":67.5,"time":141.625,"type":"block"},{"angle":0,"time":141.875,"type":"block"},{"angle":292.5,"time":142.125,"type":"block"},{"angle":258.75,"time":142.375,"type":"block"},{"angle":225,"time":142.625,"type":"block"},{"tap":true,"angle":101.25,"time":143.625,"type":"block"},{"tap":true,"angle":191.25,"time":142.875,"type":"block"},{"tap":true,"angle":45,"time":144.375,"type":"block"},{"duration":0.125,"startTap":true,"angle":337.5,"time":145,"angle2":360,"type":"hold"},{"time":145.875,"duration":0.5,"startTap":true,"holdEase":"inSine","angle":258.75,"angle2":225,"type":"hold"},{"duration":4,"type":"hold","angle":180,"time":146.875,"angle2":-540,"holdEase":"inSine"},{"duration":3.75,"type":"hold","angle":180,"time":150.875,"angle2":900,"holdEase":"outSine"},{"angle":202.5,"time":154.875,"type":"block"},{"angle":247.5,"time":155.125,"type":"block"},{"type":"block","time":155.375,"angle":281.25,"tap":true},{"angle":180,"time":156.125,"type":"block"},{"angle":135,"time":156.375,"type":"block"},{"angle":90,"time":156.625,"type":"block"},{"angle":315,"time":157.375,"type":"block"},{"angle":78.75,"time":156.75,"type":"block"},{"angle":67.5,"time":156.875,"type":"block"},{"angle":45,"time":157,"type":"block"},{"angle":22.5,"time":157.125,"type":"block"},{"angle":348.75,"time":157.25,"type":"block"},{"angle":270,"time":157.5,"type":"block"},{"angle":225,"time":157.625,"type":"block"},{"angle":168.75,"time":157.75,"type":"block"},{"angle":168.75,"time":158,"type":"block"},{"angle":213.75,"time":158.25,"type":"block"},{"duration":1,"type":"hold","time":158.5,"holdEase":"outSine","angle2":393.75,"angle":258.75},{"angle":236.25,"time":160.5,"type":"block"},{"angle":258.75,"time":160.75,"type":"block"},{"angle":281.25,"time":161,"type":"block"},{"angle":303.75,"time":161.25,"type":"block"},{"angle":281.25,"time":161.5,"type":"block"},{"angle":258.75,"time":161.75,"type":"block"},{"angle":236.25,"time":162,"type":"block"},{"angle":213.75,"time":162.25,"type":"block"},{"angle":191.25,"time":162.5,"type":"block"},{"duration":0.5,"type":"hold","endTap":true,"time":162.75,"angle":135,"angle2":146.25,"holdEase":"inBack"},{"angle":168.75,"time":163,"type":"mine"},{"angle":236.25,"time":163.75,"type":"block"},{"duration":0.5,"type":"hold","angle":281.25,"angle2":180,"time":164},{"duration":0.5,"type":"hold","endTap":true,"angle":315,"angle2":180,"time":164},{"angle":112.5,"time":165,"type":"block"},{"angle":78.75,"time":165.25,"type":"block"},{"angle":45,"time":165.5,"type":"block"},{"angle":11.25,"time":165.75,"type":"block"},{"angle":45,"time":166,"type":"block"},{"angle":11.25,"time":166.25,"type":"block"},{"tap":true,"angle":247.5,"time":166.5,"type":"block"},{"tap":true,"angle":225,"time":166.5,"type":"block"},{"angle":236.25,"time":166.5,"type":"block"},{"angle":101.25,"time":167.5,"type":"block"},{"tap":true,"angle":112.5,"time":167.5,"type":"block"},{"tap":true,"angle":90,"time":167.5,"type":"block"},{"angle":360,"time":168.5,"type":"block"},{"tap":true,"angle":11.25,"time":168.5,"type":"block"},{"tap":true,"angle":348.75,"time":168.5,"type":"block"},{"angle":326.25,"time":168.25,"type":"block"},{"duration":0.5,"type":"hold","holdEase":"inSine","angle":90,"angle2":123.75,"time":169.25},{"duration":0.5,"type":"hold","angle":90,"angle2":45,"time":170},{"angle":303.75,"time":171,"type":"block"},{"angle":315,"time":171,"type":"block"},{"angle":326.25,"time":171,"type":"block"},{"angle":45,"time":171.5,"type":"block"},{"angle":56.25,"time":171.75,"type":"block"},{"angle":67.5,"time":172,"type":"block"},{"angle":78.75,"time":172.25,"type":"block"},{"angle":67.5,"time":172.5,"type":"block"},{"angle":56.25,"time":172.75,"type":"block"},{"angle":45,"time":173,"type":"block"},{"angle":33.75,"time":173.25,"type":"block"},{"angle":22.5,"time":173.5,"type":"block"},{"angle":11.25,"time":173.75,"type":"block"},{"angle":360,"time":173.875,"type":"block"},{"angle":348.75,"time":174,"type":"block"},{"angle":360,"time":178.5,"type":"block"},{"angle":33.75,"time":178.75,"type":"block"},{"angle":67.5,"time":179,"type":"block"},{"angle":101.25,"time":179.25,"type":"block"},{"angle":135,"time":179.5,"type":"block"},{"angle":168.75,"time":179.75,"type":"block"},{"angle":202.5,"time":180,"type":"block"},{"duration":0.5,"type":"hold","angle":247.5,"angle2":101.25,"time":180.25},{"duration":0.5,"startTap":true,"angle":56.25,"time":181,"angle2":123.75,"type":"hold"},{"duration":0.5,"type":"hold","endTap":true,"time":181.75,"angle":157.5,"angle2":337.5,"startTap":true},{"tap":true,"angle":236.25,"time":183.25,"type":"block"},{"tap":true,"angle":45,"time":184.125,"type":"block"},{"tap":true,"angle":303.75,"time":185.125,"type":"block"},{"angle":67.5,"time":183.875,"type":"block"},{"angle":348.75,"time":184.625,"type":"block"},{"angle":258.75,"time":185.625,"type":"block"},{"angle":225,"time":186.125,"type":"block"},{"angle":168.75,"time":186.625,"type":"block"},{"angle":101.25,"time":187.125,"type":"block"},{"angle":180,"time":187.625,"type":"block"},{"duration":0.5,"type":"hold","angle":326.25,"angle2":303.75,"time":188.125},{"duration":0.5,"type":"hold","angle":303.75,"angle2":348.75,"time":188.625},{"duration":0.5,"type":"hold","endTap":true,"angle":348.75,"angle2":281.25,"time":189.125},{"angle":303.75,"time":190.125,"type":"block"},{"angle":0,"time":190.625,"type":"block"},{"angle":22.5,"time":190.875,"type":"block"},{"type":"block","time":191.625,"angle":78.75,"tap":true},{"angle":236.25,"time":192.75,"type":"block"},{"angle":270,"time":193,"type":"block"},{"angle":303.75,"time":193.25,"type":"block"},{"angle":236.25,"time":193.5,"type":"block"},{"angle":202.5,"time":193.75,"type":"block"},{"angle":168.75,"time":194,"type":"block"},{"duration":1.5,"type":"hold","endTap":true,"time":194.25,"angle":135,"angle2":247.5,"startTap":true},{"angle":135,"time":195,"type":"extraTap"},{"angle":303.75,"time":196.5,"type":"block"},{"angle":270,"time":196.75,"type":"block"},{"angle":236.25,"time":197,"type":"block"},{"angle":202.5,"time":197.25,"type":"block"},{"angle":270,"time":197.5,"type":"block"},{"angle":303.75,"time":197.75,"type":"block"},{"angle":0,"time":198,"type":"block"},{"angle":180,"time":198.5,"type":"block"},{"angle":0,"time":199,"type":"block"},{"angle":180,"time":199.5,"type":"block"},{"angle":0,"time":200,"type":"block"},{"angle":180,"time":200.5,"type":"block"},{"angle":0,"time":201,"type":"block"},{"angle":180,"time":201.5,"type":"block"},{"angle":270,"time":202,"type":"block"},{"angle":90,"time":202.5,"type":"block"},{"angle":90,"time":202.75,"type":"mine"},{"angle":90,"time":203,"type":"block"},{"angle":180,"time":203.5,"type":"block"},{"angle":213.75,"time":203.75,"type":"block"},{"angle":247.5,"time":204,"type":"block"},{"angle":202.5,"time":204.25,"type":"block"},{"angle":168.75,"time":204.5,"type":"block"},{"angle":146.25,"time":204.625,"type":"block"},{"angle":123.75,"time":204.75,"type":"block"},{"angle":112.5,"time":204.875,"type":"block"},{"angle":101.25,"time":205,"type":"block"},{"angle":180,"time":206,"type":"block"},{"type":"block","time":206,"angle":157.5,"tap":true},{"type":"block","time":206,"angle":202.5,"tap":true},{"angle":270,"time":206.5,"type":"block"},{"type":"block","time":206.5,"angle":292.5,"tap":true},{"type":"block","time":206.5,"angle":247.5,"tap":true},{"angle":360,"time":207,"type":"block"},{"type":"block","time":207,"angle":337.5,"tap":true},{"type":"block","time":207,"angle":22.5,"tap":true},{"angle":90,"time":207.5,"type":"block"},{"type":"block","time":207.5,"angle":67.5,"tap":true},{"type":"block","time":207.5,"angle":112.5,"tap":true},{"angle":90,"time":205.125,"type":"block"},{"angle":90,"time":205.25,"type":"block"},{"angle":90,"time":205.375,"type":"block"},{"angle":101.25,"time":205.5,"type":"block"}]