[{"angle":112.5,"type":"block","time":34.5},{"angle":90,"type":"block","time":34.5},{"angle":270,"type":"block","time":35.5},{"angle":247.5,"type":"block","tap":true,"time":35.5},{"angle":67.5,"type":"block","time":36.5},{"angle":90,"type":"block","time":36.5},{"angle":292.5,"type":"block","time":37.5},{"angle":270,"type":"block","tap":true,"time":37.5},{"angle":0,"type":"block","time":38.5},{"angle":22.5,"type":"block","tap":true,"time":38.5},{"angle":202.5,"type":"block","time":39.5},{"angle":180,"type":"block","time":39.5},{"angle":270,"type":"block","time":41},{"angle":337.5,"type":"block","tap":true,"time":40.5},{"angle":360,"type":"block","time":40.5},{"angle":112.5,"type":"block","time":42.5},{"angle":90,"type":"block","time":42.5},{"angle":270,"type":"block","time":43.5},{"angle":247.5,"type":"block","tap":true,"time":43.5},{"angle":67.5,"type":"block","time":44.5},{"angle":90,"type":"block","time":44.5},{"angle":292.5,"type":"block","time":45.5},{"angle":270,"type":"block","time":45.5},{"angle":180,"type":"block","time":41.5},{"angle":157.5,"type":"block","time":41.5},{"angle":112.5,"type":"block","time":42},{"angle":270,"type":"extraTap","time":50.5},{"angle":270,"type":"extraTap","time":51},{"angle":270,"type":"extraTap","time":51.5},{"angle":270,"type":"extraTap","time":52},{"angle":270,"type":"extraTap","time":53},{"angle":270,"type":"extraTap","time":53},{"angle":270,"type":"extraTap","time":53.5},{"angle":270,"type":"extraTap","time":54},{"angle":270,"type":"extraTap","time":54.5},{"angle":270,"type":"extraTap","time":55},{"angle":270,"type":"extraTap","time":55.5},{"angle":270,"type":"extraTap","time":56},{"angle":270,"type":"extraTap","time":56.5},{"angle":270,"type":"extraTap","time":57},{"angle":90,"type":"block","time":1},{"angle":0,"angle2":-67.5,"duration":1,"type":"hold","time":2,"startTap":true},{"angle":180,"type":"block","time":4},{"angle":135,"type":"block","time":5},{"angle":180,"duration":2,"holdEase":"inExpo","angle2":360,"endTap":true,"type":"hold","time":6},{"angle":45,"type":"block","time":9},{"angle":180,"type":"inverse","time":10},{"angle":270,"type":"block","time":11},{"angle":270,"type":"block","time":12},{"angle":225,"type":"side","time":13},{"angle":180,"type":"inverse","time":14},{"angle":90,"type":"block","time":16},{"angle":90,"duration":1,"angle2":22.5,"type":"hold","time":17},{"angle":337.5,"type":"inverse","time":19},{"angle":270,"type":"block","time":20},{"angle":270,"type":"block","time":21},{"angle":225,"type":"block","time":22},{"angle":202.5,"holdEase":"inQuad","angle2":90,"type":"hold","duration":1.8999999761581,"time":22.10000038147},{"angle":67.5,"type":"inverse","tap":true,"time":24},{"angle":360,"type":"block","time":25},{"angle":270,"type":"block","time":26},{"angle":0,"type":"inverse","tap":true,"time":27},{"angle":90,"type":"block","time":28},{"angle":202.5,"type":"block","time":29},{"angle":180,"type":"block","time":29},{"angle":157.5,"type":"block","time":29},{"angle":0,"duration":3.5,"angle2":360,"type":"hold","time":30.5},{"angle":180,"type":"side","time":35},{"angle":180,"type":"side","time":36},{"angle":360,"type":"side","time":37},{"angle":337.5,"type":"side","time":38},{"angle":90,"type":"side","time":39},{"angle":270,"type":"side","tap":true,"time":40},{"angle":180,"type":"side","time":43},{"angle":180,"type":"side","time":44},{"angle":360,"type":"side","tap":true,"time":45},{"angle":337.5,"type":"side","tap":true,"time":46},{"angle":0,"type":"block","time":46.5},{"angle":22.5,"type":"block","time":46.5},{"angle":90,"type":"side","time":47},{"angle":180,"type":"block","time":47.5},{"angle":202.5,"type":"block","tap":true,"time":47.5},{"angle":270,"type":"side","time":48},{"angle":0,"type":"block","time":48.5},{"angle":22.5,"type":"block","time":48.5},{"angle":45,"type":"block","time":49},{"angle":67.5,"type":"block","time":49},{"angle":112.5,"type":"block","time":49.5},{"angle":90,"type":"block","time":49.5},{"angle":90,"type":"side","time":51.5},{"angle":180,"type":"side","time":50.5},{"angle":180,"type":"side","time":52.5},{"angle":90,"type":"side","time":53.5},{"angle":360,"type":"side","time":54.5},{"angle":90,"type":"side","time":55.5},{"angle":360,"type":"side","time":56.5},{"angle":270,"type":"side","time":57.5},{"angle":78.75,"type":"block","time":50},{"angle":90,"type":"block","time":50},{"angle":270,"duration":0.5,"angle2":292.5,"type":"hold","time":58.5},{"angle":450,"duration":0.5,"angle2":427.5,"type":"hold","time":59.5},{"angle":360,"type":"block","time":61},{"angle":0,"type":"extraTap","time":60.5},{"angle":135,"type":"block","time":61.5},{"angle":247.5,"type":"block","tap":true,"time":62},{"angle":270,"type":"extraTap","time":63},{"angle":270,"type":"extraTap","time":63.5},{"angle":270,"type":"extraTap","time":64},{"angle":270,"type":"extraTap","time":62.5},{"angle":315,"type":"block","time":62.5},{"angle":67.5,"type":"block","time":63},{"angle":0,"type":"block","time":63.5},{"angle":90,"type":"block","time":64},{"angle":90,"duration":1.5,"angle2":180,"type":"hold","time":64.5},{"angle":112.5,"duration":1,"angle2":180,"type":"hold","time":65},{"angle":135,"duration":0.5,"angle2":180,"type":"hold","time":65.5},{"angle":180,"type":"block","time":66.5},{"angle":135,"type":"block","time":67.5},{"angle":157.5,"type":"block","time":67},{"angle":112.5,"type":"block","time":68},{"angle":67.5,"type":"block","time":69},{"angle":45,"type":"block","time":69.5},{"angle":360,"type":"block","time":70},{"angle":315,"type":"inverse","time":70.5},{"angle":225,"type":"inverse","time":71},{"angle":67.5,"type":"block","time":72.5},{"angle":90,"type":"block","time":72.5},{"angle":45,"type":"block","time":73},{"angle":67.5,"type":"block","time":73},{"angle":45,"type":"block","time":73.5},{"angle":22.5,"holdEase":"inQuint","angle2":157.5,"type":"hold","duration":1,"time":73.5},{"angle":135,"type":"block","tap":true,"time":74.5},{"angle":90,"type":"side","time":75},{"angle":-45,"type":"side","time":75.5},{"angle":337.5,"type":"block","time":76},{"angle":202.5,"type":"inverse","time":77},{"angle":157.5,"duration":0.5,"angle2":90,"type":"hold","time":77.5},{"angle":112.5,"type":"extraTap","time":80.5},{"angle":112.5,"type":"extraTap","time":81.5},{"angle":112.5,"type":"extraTap","time":82},{"angle":112.5,"type":"extraTap","time":81},{"angle":45,"type":"block","tap":true,"time":78.5},{"angle":67.5,"type":"block","time":78.5},{"angle":90,"type":"block","time":79},{"angle":112.5,"type":"block","time":79},{"angle":135,"type":"block","time":79.5},{"angle":157.5,"type":"block","time":79.5},{"angle":270,"type":"inverse","time":71.5},{"angle":270,"type":"block","time":82.5},{"angle":270,"type":"block","time":83},{"angle":292.5,"duration":0.5,"angle2":337.5,"type":"hold","time":83.5},{"angle":270,"type":"inverse","tap":true,"time":85},{"angle":202.5,"duration":1.5,"angle2":270,"type":"hold","time":85.5},{"angle":247.5,"type":"block","time":86},{"angle":270,"type":"block","time":86.5},{"angle":360,"type":"side","time":87.5},{"angle":90,"type":"side","time":88},{"angle":180,"type":"side","tap":true,"time":88.5},{"angle":225,"type":"block","time":89},{"angle":270,"type":"block","tap":true,"time":89.5},{"angle":247.5,"duration":1,"angle2":337.5,"type":"hold","time":89},{"angle":337.5,"duration":0.5,"angle2":360,"type":"hold","time":90},{"angle":337.5,"type":"inverse","time":91},{"angle":247.5,"type":"block","time":92},{"angle":225,"type":"block","tap":true,"time":92},{"angle":247.5,"type":"side","time":91.5},{"angle":315,"type":"side","time":93},{"angle":225,"type":"side","tap":true,"time":93.5},{"angle":315,"type":"side","time":94},{"angle":337.5,"type":"block","time":95},{"angle":315,"type":"block","time":95},{"angle":270,"type":"block","time":95.5},{"angle":247.5,"type":"block","time":95.5},{"angle":225,"type":"inverse","time":96.5},{"angle":202.5,"type":"inverse","time":96.5},{"angle":135,"type":"side","time":97},{"angle":135,"type":"extraTap","time":97.5},{"angle":135,"type":"extraTap","time":98},{"angle":315,"duration":1,"angle2":315,"type":"hold","time":98.5},{"angle":315,"holdEase":"linear","angle2":382.5,"type":"hold","duration":1,"time":99.5},{"angle":22.5,"duration":1,"angle2":-22.5,"type":"hold","time":100.5},{"angle":337.5,"duration":1,"angle2":292.5,"type":"hold","time":101.5},{"angle":270,"type":"block","time":103.5},{"angle":292.5,"type":"block","time":104.5},{"angle":247.5,"type":"inverse","time":105.5},{"angle":225,"duration":1,"angle2":157.5,"type":"hold","time":106.5},{"angle":157.5,"duration":1,"angle2":225,"type":"hold","time":107.5},{"angle":180,"type":"block","time":109.5},{"angle":135,"type":"block","time":110.5},{"angle":90,"type":"block","time":111.5},{"angle":90,"type":"block","time":112.5},{"angle":45,"type":"block","time":114.5},{"angle":45,"type":"block","time":115.5},{"angle":22.5,"type":"block","time":115.5},{"angle":0,"duration":2,"angle2":-45,"type":"hold","time":116.5},{"angle":292.5,"type":"block","time":119.5},{"angle":315,"duration":1,"angle2":270,"type":"hold","time":120.5},{"angle":270,"type":"inverse","time":122.5},{"angle":247.5,"type":"block","time":123.5},{"angle":270,"type":"block","time":124.5},{"angle":315,"type":"block","time":125.5},{"angle":0,"duration":1,"angle2":45,"type":"hold","time":126.5},{"angle":45,"duration":1,"angle2":0,"type":"hold","time":127.5},{"angle":337.5,"type":"block","tap":true,"time":117.5},{"angle":90,"type":"extraTap","time":133},{"angle":90,"type":"extraTap","time":133.5},{"angle":90,"type":"extraTap","time":134},{"angle":90,"type":"extraTap","time":134.5},{"angle":90,"type":"extraTap","time":135},{"angle":90,"type":"extraTap","time":135.5},{"angle":45,"type":"block","time":136.5},{"angle":22.5,"type":"block","time":137},{"angle":45,"type":"block","time":137.5},{"angle":67.5,"duration":1,"angle2":112.5,"type":"hold","time":137.5},{"angle":90,"type":"block","time":138},{"angle":90,"type":"extraTap","time":139.5},{"angle":90,"type":"extraTap","time":139},{"angle":90,"type":"extraTap","time":140},{"angle":90,"type":"extraTap","time":141},{"angle":90,"type":"extraTap","time":141.5},{"angle":90,"type":"extraTap","time":142},{"angle":270,"duration":0.5,"angle2":337.5,"type":"hold","time":142.5},{"angle":337.5,"duration":0.5,"angle2":225,"type":"hold","time":143},{"angle":270,"type":"inverse","tap":true,"time":144},{"angle":247.5,"type":"inverse","time":144},{"angle":292.5,"type":"block","time":144.5},{"angle":270,"type":"block","time":144.5},{"angle":247.5,"type":"block","time":144.5},{"angle":225,"type":"block","time":144.5},{"angle":202.5,"type":"block","time":144.5},{"angle":180,"type":"block","time":144.5},{"angle":157.5,"type":"block","time":144.5},{"angle":135,"type":"block","time":144.5},{"angle":112.5,"type":"block","time":144.5},{"angle":67.5,"type":"block","time":144.5},{"angle":90,"type":"block","time":144.5},{"angle":45,"type":"block","time":144.5},{"angle":22.5,"type":"block","time":144.5},{"angle":0,"type":"block","time":144.5},{"angle":337.5,"type":"block","time":144.5},{"angle":315,"type":"block","time":144.5},{"angle":270,"type":"block","time":145},{"angle":247.5,"type":"block","time":145},{"angle":225,"type":"block","time":145},{"angle":202.5,"type":"block","time":145},{"angle":180,"type":"block","time":145},{"angle":157.5,"type":"block","time":145},{"angle":135,"type":"block","time":145},{"angle":112.5,"type":"block","time":145},{"angle":90,"type":"block","time":145},{"angle":67.5,"type":"block","time":145},{"angle":45,"type":"block","time":145},{"angle":22.5,"type":"block","time":145},{"angle":360,"type":"block","time":145},{"angle":337.5,"type":"block","time":145},{"angle":315,"type":"block","time":145},{"angle":292.5,"type":"block","time":145},{"angle":247.5,"type":"block","time":145.5},{"angle":225,"type":"block","time":145.5},{"angle":202.5,"type":"block","time":145.5},{"angle":180,"type":"block","time":145.5},{"angle":157.5,"type":"block","time":145.5},{"angle":135,"type":"block","time":145.5},{"angle":112.5,"type":"block","time":145.5},{"angle":90,"type":"block","time":145.5},{"angle":67.5,"type":"block","time":145.5},{"angle":45,"type":"block","time":145.5},{"angle":22.5,"type":"block","time":145.5},{"angle":360,"type":"block","time":145.5},{"angle":337.5,"type":"block","time":145.5},{"angle":315,"type":"block","time":145.5},{"angle":292.5,"type":"block","time":145.5},{"angle":270,"type":"block","time":145.5},{"angle":315,"type":"block","time":146},{"angle":292.5,"type":"block","time":146},{"angle":270,"type":"block","time":146},{"angle":247.5,"type":"block","time":146},{"angle":225,"type":"block","time":146},{"angle":202.5,"type":"block","time":146},{"angle":180,"type":"block","time":146},{"angle":157.5,"type":"block","time":146},{"angle":135,"type":"block","time":146},{"angle":112.5,"type":"block","time":146},{"angle":90,"type":"block","time":146},{"angle":67.5,"type":"block","time":146},{"angle":45,"type":"block","time":146},{"angle":22.5,"type":"block","time":146},{"angle":0,"type":"block","time":146},{"angle":337.5,"type":"block","time":146},{"angle":90,"type":"block","time":132},{"angle":67.5,"type":"block","time":131.5},{"angle":90,"type":"block","time":131},{"angle":270,"type":"block","time":134.5},{"angle":315,"type":"block","time":135.5},{"angle":0,"duration":2,"angle2":45,"type":"hold","time":139.5},{"angle":225,"type":"inverse","time":134},{"angle":270,"type":"block","time":135},{"angle":90,"type":"block","speedMult":0.20000000298023,"time":147.5},{"angle":180,"type":"block","speedMult":0.20000000298023,"time":148.5},{"angle":270,"type":"block","speedMult":0.20000000298023,"time":149.5},{"angle":180,"type":"block","speedMult":0.20000000298023,"time":150.5},{"angle":270,"type":"block","speedMult":0.20000000298023,"time":151.5},{"angle":22.5,"type":"block","speedMult":0.20000000298023,"time":152.5},{"angle":90,"type":"block","speedMult":0.20000000298023,"time":153.5},{"angle":135,"duration":1,"angle2":225,"speedMult":0.20000000298023,"type":"hold","time":154.5},{"angle":180,"type":"block","speedMult":0.20000000298023,"time":156.5},{"angle":270,"type":"side","speedMult":0.20000000298023,"time":157.5},{"angle":315,"duration":1,"angle2":247.5,"speedMult":0.20000000298023,"type":"hold","time":158.5},{"angle":135,"type":"inverse","speedMult":0.20000000298023,"time":160.5},{"angle":90,"type":"block","speedMult":0.20000000298023,"time":161.5},{"angle":360,"type":"block","speedMult":0.20000000298023,"time":146.5},{"angle":292.5,"type":"block","speedMult":0.20000000298023,"time":163.5},{"angle":270,"type":"inverse","speedMult":0.20000000298023,"time":163.5},{"angle":0,"tap":true,"speedMult":0.20000000298023,"type":"block","time":164.5},{"angle":90,"speedMult":0.20000000298023,"angle2":157.5,"duration":1,"type":"hold","time":165.5},{"angle":112.5,"duration":1,"angle2":157.5,"speedMult":0.20000000298023,"type":"hold","time":165.5},{"angle":180,"type":"block","speedMult":0.20000000298023,"time":166.5},{"angle":247.5,"type":"block","speedMult":0.20000000298023,"time":167.5},{"angle":225,"type":"block","speedMult":0.20000000298023,"time":167.5},{"angle":0,"type":"inverse","speedMult":0.20000000298023,"time":168.5},{"angle":90,"type":"extraTap","time":175.5},{"angle":90,"type":"extraTap","time":176.5},{"angle":90,"type":"extraTap","time":177.5},{"angle":90,"type":"block","speedMult":0.20000000298023,"time":169.5},{"angle":157.5,"duration":1,"angle2":202.5,"speedMult":0.20000000298023,"type":"hold","time":170.5},{"angle":112.5,"type":"block","speedMult":0.20000000298023,"time":172.5},{"angle":270,"tap":true,"speedMult":0.20000000298023,"type":"inverse","time":173.5},{"angle":90,"type":"block","speedMult":0.20000000298023,"time":162.5},{"angle":90,"type":"block","speedMult":2,"time":178.5},{"angle":67.5,"type":"block","speedMult":2,"time":179},{"angle":90,"type":"block","speedMult":2,"time":179.5},{"angle":112.5,"type":"block","speedMult":2,"time":180},{"angle":135,"type":"block","speedMult":2,"time":180.5},{"angle":90,"type":"block","speedMult":2,"time":181},{"angle":67.5,"speedMult":3,"angle2":-22.5,"duration":0.5,"type":"hold","time":181.5},{"angle":67.5,"type":"inverse","speedMult":3,"time":182.5},{"angle":112.5,"type":"block","speedMult":2,"time":183},{"angle":180,"type":"block","speedMult":2,"time":183.5},{"angle":112.5,"duration":0.5,"angle2":157.5,"speedMult":2,"type":"hold","time":184},{"angle":202.5,"tap":true,"speedMult":2,"type":"block","time":185},{"angle":225,"tap":true,"speedMult":2,"type":"block","time":185.5},{"angle":247.5,"type":"block","tap":true,"speedMult":2,"time":186},{"angle":292.5,"type":"side","speedMult":2,"time":186.5},{"angle":247.5,"type":"hold","angle2":202.5,"speedMult":2,"duration":0.5,"time":187},{"angle":135,"speedMult":2,"type":"block","time":188},{"angle":67.5,"speedMult":2,"type":"block","time":188.5},{"angle":112.5,"speedMult":2,"type":"block","time":189},{"angle":67.5,"speedMult":2,"type":"block","time":189.5},{"angle":22.5,"duration":0.5,"angle2":90,"speedMult":2,"type":"hold","time":190},{"angle":112.5,"type":"block","speedMult":2,"time":190.5},{"angle":135,"type":"block","speedMult":2,"time":191},{"angle":135,"speedMult":2,"type":"block","time":192},{"angle":157.5,"type":"block","speedMult":2,"time":191.5},{"angle":202.5,"type":"block","speedMult":2,"time":193.5},{"angle":225,"type":"block","speedMult":2,"time":194},{"angle":225,"type":"block","speedMult":2,"time":193},{"angle":247.5,"type":"block","speedMult":2,"time":192.5},{"angle":-90,"type":"block","speedMult":2,"time":194.5},{"angle":-67.5,"type":"block","speedMult":2,"time":195},{"angle":-90,"type":"block","speedMult":2,"time":195.5},{"angle":-112.5,"type":"block","speedMult":2,"time":196},{"angle":-135,"type":"block","speedMult":2,"time":196.5},{"angle":-90,"type":"block","speedMult":2,"time":197},{"angle":-67.5,"type":"hold","angle2":22.5,"speedMult":2,"duration":0.5,"time":197.5},{"angle":-67.5,"type":"inverse","speedMult":2,"time":198.5},{"angle":-112.5,"type":"block","speedMult":2,"time":199},{"angle":-180,"type":"block","speedMult":2,"time":199.5},{"angle":-112.5,"type":"hold","angle2":-157.5,"duration":0.5,"speedMult":2,"time":200},{"angle":-202.5,"type":"block","speedMult":2,"tap":true,"time":201},{"angle":-225,"type":"block","speedMult":2,"tap":true,"time":201.5},{"angle":-247.5,"speedMult":2,"tap":true,"type":"block","time":202},{"angle":-292.5,"type":"side","speedMult":2,"time":202.5},{"angle":-247.5,"duration":0.5,"angle2":-202.5,"type":"hold","speedMult":2,"time":203},{"angle":-135,"speedMult":2,"type":"block","time":204},{"angle":-67.5,"speedMult":2,"type":"block","time":204.5},{"angle":-112.5,"speedMult":2,"type":"block","time":205},{"angle":-67.5,"speedMult":2,"type":"block","time":205.5},{"angle":-22.5,"type":"hold","angle2":-90,"duration":0.5,"speedMult":2,"time":206},{"angle":-112.5,"type":"block","speedMult":2,"time":206.5},{"angle":-135,"type":"block","speedMult":2,"time":207},{"angle":-135,"speedMult":2,"type":"block","time":208},{"angle":-157.5,"type":"block","speedMult":2,"time":207.5},{"angle":-202.5,"type":"block","speedMult":2,"time":209.5},{"angle":-225,"type":"block","speedMult":2,"time":210},{"angle":-225,"type":"block","speedMult":2,"time":209},{"angle":-247.5,"type":"block","speedMult":2,"time":208.5},{"angle":-270,"type":"extraTap","time":210.5},{"angle":-270,"type":"extraTap","time":211},{"angle":-270,"type":"extraTap","time":211.5},{"angle":-270,"type":"extraTap","time":212},{"angle":-270,"type":"extraTap","time":213},{"angle":-270,"type":"extraTap","time":213},{"angle":-270,"type":"extraTap","time":213.5},{"angle":-270,"type":"extraTap","time":214},{"angle":-270,"type":"extraTap","time":214.5},{"angle":-270,"type":"extraTap","time":215},{"angle":-270,"type":"extraTap","time":215.5},{"angle":-270,"type":"extraTap","time":216},{"angle":-270,"type":"extraTap","time":216.5},{"angle":-270,"type":"extraTap","time":217},{"angle":-90,"type":"side","time":211.5},{"angle":-180,"type":"side","time":210.5},{"angle":-180,"type":"side","time":212.5},{"angle":-247.5,"type":"side","time":213.5},{"angle":-382.5,"type":"side","time":214.5},{"angle":-135,"type":"side","time":215.5},{"angle":-360,"type":"side","time":216.5},{"angle":-270,"type":"side","time":217.5},{"angle":-270,"type":"hold","angle2":-202.5,"duration":0.5,"time":218.5},{"angle":-450,"duration":0.5,"angle2":-427.5,"type":"hold","time":219.5},{"angle":-360,"type":"block","time":221},{"angle":0,"type":"extraTap","time":220.5},{"angle":-135,"type":"block","time":221.5},{"angle":-247.5,"tap":true,"type":"block","time":222},{"angle":-270,"type":"extraTap","time":223},{"angle":-270,"type":"extraTap","time":223.5},{"angle":-270,"type":"extraTap","time":224},{"angle":-270,"type":"extraTap","time":222.5},{"angle":-67.5,"type":"block","time":223},{"angle":0,"type":"block","time":223.5},{"angle":-90,"type":"block","time":224},{"angle":67.5,"type":"block","time":220.5},{"angle":45,"tap":true,"type":"side","time":222.5},{"angle":112.5,"type":"extraTap","time":240.5},{"angle":112.5,"type":"extraTap","time":241.5},{"angle":112.5,"type":"extraTap","time":242},{"angle":112.5,"type":"extraTap","time":241},{"angle":135,"type":"extraTap","time":257.5},{"angle":135,"type":"extraTap","time":258},{"angle":0,"type":"block","time":226.5},{"angle":315,"type":"hold","angle2":247.5,"duration":0.5,"time":227},{"angle":135,"type":"block","time":228},{"angle":112.5,"type":"block","tap":true,"time":228},{"angle":-337.5,"type":"inverse","time":229},{"angle":450,"type":"block","time":230},{"angle":-270,"type":"block","time":229.5},{"angle":135,"duration":1,"angle2":45,"type":"hold","time":230.5},{"angle":90,"type":"block","time":231},{"angle":67.5,"type":"inverse","time":232.5},{"angle":90,"type":"inverse","tap":true,"time":233},{"angle":112.5,"type":"inverse","time":233.5},{"angle":135,"type":"block","time":234.5},{"angle":112.5,"duration":0.5,"angle2":45,"type":"hold","time":235},{"angle":45,"duration":0.5,"angle2":135,"type":"hold","time":235.5},{"angle":270,"type":"inverse","time":237},{"angle":202.5,"type":"block","time":237.5},{"angle":90,"type":"side","tap":true,"time":238},{"angle":405,"type":"block","time":238.5},{"angle":-45,"type":"block","time":239},{"angle":360,"type":"block","time":239.5},{"angle":270,"type":"block","time":242.5},{"angle":202.5,"holdEase":"inQuad","angle2":315,"type":"hold","duration":0.55000001192093,"time":243.5},{"angle":225,"type":"block","time":243},{"angle":310.5,"type":"block","time":243.94999694824},{"angle":360,"tap":true,"type":"inverse","time":245},{"angle":292.5,"type":"side","time":245.5},{"angle":0,"type":"side","time":246},{"angle":90,"duration":0.5,"angle2":180,"type":"hold","time":246.5},{"angle":202.5,"type":"block","time":247.5},{"angle":292.5,"type":"block","time":248.5},{"angle":225,"type":"side","time":249},{"angle":292.5,"type":"block","time":249.5},{"angle":180,"type":"extraTap","time":248},{"angle":360,"type":"block","time":250},{"angle":337.5,"type":"block","time":250.25},{"angle":360,"duration":0.5,"angle2":315,"type":"hold","time":250.5},{"angle":315,"type":"hold","angle2":247.5,"duration":0.5,"time":251},{"angle":157.5,"type":"block","time":252},{"angle":247.5,"type":"side","time":253},{"angle":292.5,"type":"block","tap":true,"time":253.5},{"angle":292.5,"tap":true,"type":"block","time":254},{"angle":225,"type":"inverse","time":254.5},{"angle":180,"type":"inverse","time":255},{"angle":135,"type":"inverse","time":255.5},{"angle":270,"duration":0.5,"angle2":315,"type":"hold","time":256.5},{"angle":315,"type":"hold","angle2":360,"duration":0.5,"time":257},{"angle":360,"duration":0.5,"angle2":315,"type":"hold","time":257.5},{"angle":-315,"duration":1,"angle2":-315,"type":"hold","time":258.5},{"angle":-315,"holdEase":"linear","angle2":-382.5,"type":"hold","duration":1,"time":259.5},{"angle":-22.5,"duration":1,"angle2":22.5,"type":"hold","time":260.5},{"angle":-337.5,"duration":1,"angle2":-292.5,"type":"hold","time":261.5},{"angle":-270,"type":"block","time":263.5},{"angle":-292.5,"type":"block","time":264.5},{"angle":-247.5,"type":"inverse","time":265.5},{"angle":-225,"duration":1,"angle2":-157.5,"type":"hold","time":266.5},{"angle":-157.5,"duration":1,"angle2":-225,"type":"hold","time":267.5},{"angle":-180,"type":"block","time":269.5},{"angle":-135,"type":"block","time":270.5},{"angle":-90,"type":"block","time":271.5},{"angle":-90,"type":"block","time":272.5},{"angle":-45,"type":"block","time":274.5},{"angle":-45,"type":"block","time":275.5},{"angle":-22.5,"type":"block","time":275.5},{"angle":0,"duration":2,"angle2":45,"type":"hold","time":276.5},{"angle":-292.5,"type":"block","time":279.5},{"angle":-315,"duration":1,"angle2":-270,"type":"hold","time":280.5},{"angle":-270,"type":"inverse","time":282.5},{"angle":-247.5,"type":"block","time":283.5},{"angle":-270,"type":"block","time":284.5},{"angle":-315,"type":"block","time":285.5},{"angle":0,"duration":1,"angle2":-45,"type":"hold","time":286.5},{"angle":-45,"duration":1,"angle2":0,"type":"hold","time":287.5},{"angle":-337.5,"tap":true,"type":"block","time":277.5},{"angle":-292.5,"type":"block","time":290.5},{"angle":-270,"type":"block","time":290.5},{"angle":-450,"type":"block","time":291.5},{"angle":-427.5,"type":"block","tap":true,"time":291.5},{"angle":-247.5,"type":"block","time":292.5},{"angle":-270,"type":"block","time":292.5},{"angle":-472.5,"type":"block","time":293.5},{"angle":-450,"type":"block","tap":true,"time":293.5},{"angle":-180,"type":"block","time":294.5},{"angle":-202.5,"type":"block","tap":true,"time":294.5},{"angle":-382.5,"type":"block","time":295.5},{"angle":-360,"type":"block","time":295.5},{"angle":-450,"type":"block","time":297},{"angle":-517.5,"type":"block","tap":true,"time":296.5},{"angle":-540,"type":"block","time":296.5},{"angle":-292.5,"type":"block","time":298.5},{"angle":-270,"type":"block","time":298.5},{"angle":-450,"type":"block","time":299.5},{"angle":-427.5,"type":"block","tap":true,"time":299.5},{"angle":-247.5,"type":"block","time":300.5},{"angle":-270,"type":"block","time":300.5},{"angle":-472.5,"type":"block","time":301.5},{"angle":-450,"type":"block","time":301.5},{"angle":-360,"type":"block","time":297.5},{"angle":-337.5,"type":"block","time":297.5},{"angle":-292.5,"type":"block","time":298},{"angle":-360,"type":"side","time":291},{"angle":-360,"type":"side","time":292},{"angle":-540,"type":"side","time":293},{"angle":-517.5,"type":"side","time":294},{"angle":-270,"type":"side","time":295},{"angle":-450,"type":"side","tap":true,"time":296},{"angle":-360,"type":"side","time":299},{"angle":-360,"type":"side","time":300},{"angle":-540,"type":"side","tap":true,"time":301},{"angle":-517.5,"type":"side","tap":true,"time":302},{"angle":-180,"type":"block","time":302.5},{"angle":-202.5,"type":"block","time":302.5},{"angle":-270,"type":"side","time":303},{"angle":-360,"type":"block","time":303.5},{"angle":-382.5,"type":"block","tap":true,"time":303.5},{"angle":-450,"type":"side","time":304},{"angle":-180,"type":"block","time":304.5},{"angle":-202.5,"type":"block","time":304.5},{"angle":-225,"type":"block","time":305},{"angle":-247.5,"type":"block","time":305},{"angle":-292.5,"type":"block","time":305.5},{"angle":-270,"type":"block","time":305.5},{"angle":-258.75,"type":"block","time":306},{"angle":112.5,"type":"block","time":306},{"angle":270,"type":"block","time":307},{"angle":247.5,"tap":true,"type":"block","time":307},{"angle":67.5,"type":"block","time":308},{"angle":90,"type":"block","time":308},{"angle":292.5,"type":"block","time":309},{"angle":270,"tap":true,"type":"block","time":309},{"angle":0,"type":"block","time":310},{"angle":22.5,"tap":true,"type":"block","time":310},{"angle":202.5,"type":"block","time":311},{"angle":180,"type":"block","time":311},{"angle":270,"type":"block","time":312.5},{"angle":337.5,"tap":true,"type":"block","time":312},{"angle":360,"type":"block","time":312},{"angle":112.5,"type":"block","time":314},{"angle":90,"type":"block","time":314},{"angle":270,"type":"block","time":315},{"angle":247.5,"tap":true,"type":"block","time":315},{"angle":67.5,"type":"block","time":316},{"angle":90,"type":"block","time":316},{"angle":292.5,"type":"block","time":317},{"angle":270,"type":"block","time":317},{"angle":180,"type":"block","time":313},{"angle":157.5,"type":"block","time":313},{"angle":112.5,"type":"block","time":313.5},{"angle":180,"type":"side","time":306.5},{"angle":180,"type":"side","time":307.5},{"angle":360,"type":"side","time":308.5},{"angle":337.5,"type":"side","time":309.5},{"angle":90,"type":"side","time":310.5},{"angle":270,"tap":true,"type":"side","time":311.5},{"angle":180,"type":"side","time":314.5},{"angle":180,"type":"side","time":315.5},{"angle":360,"tap":true,"type":"side","time":316.5},{"angle":337.5,"tap":true,"type":"side","time":317.5},{"angle":0,"type":"block","time":318},{"angle":22.5,"type":"block","time":318},{"angle":90,"type":"block","tap":true,"time":318.5}]