{"events":[{"bpm":117,"volume":1,"file":"fmn.ogg","angle":270,"offset":0.30000001192093,"time":0.5,"type":"play"},{"g":137,"b":115,"color":0,"angle":292.5,"type":"setColor","time":-2,"r":86},{"g":101,"b":86,"type":"setColor","angle":270,"color":1,"time":-2,"r":140},{"type":"forcePlayerSprite","angle":202.5,"spriteName":":3","time":-2},{"type":"hom","angle":225,"time":-2,"enable":true},{"time":509.5,"type":"showResults","angle":315},{"type":"noise","angle":180,"chance":0.69999998807907,"time":-2,"color":0},{"paddle":1,"ease":"linear","type":"paddles","angle":112.5,"duration":28,"time":473,"newWidth":15}],"metadata":{"bg":true,"artistLink":"","bgData":{"blueChannel":{"g":110,"b":95,"r":140},"greenChannel":{"g":187,"b":155,"r":171},"yellowChannel":{"g":109,"b":87,"r":59},"magentaChannel":{"g":137,"b":115,"r":86},"cyanChannel":{"g":158,"b":137,"r":107},"image":"cover.png","redChannel":{"g":169,"b":119,"r":184}},"songName":"Feed Me Now","description":"from Voyeur\n\nsecond level :3\nincludes","difficulty":0,"artist":"Saint Motel","charter":"klober"},"properties":{"loadBeat":-1,"startBeat":0,"formatversion":13,"speed":70,"offset":8}}