[{"color":2,"order":0,"type":"setColor","g":145,"time":0,"b":133,"angle":90,"r":115},{"color":2,"time":0,"ease":"outQuad","r":51,"type":"setColor","g":81,"duration":1,"b":69,"angle":112.5,"order":1},{"color":0,"r":194,"type":"setColor","g":204,"time":0,"b":145,"angle":0,"order":0},{"color":0,"time":0,"ease":"outQuad","r":130,"type":"setColor","g":140,"duration":1,"b":81,"angle":22.5,"order":1},{"color":1,"r":230,"type":"setColor","g":255,"time":0,"b":175,"angle":45,"order":0},{"color":1,"time":0,"ease":"outQuad","r":166,"type":"setColor","g":195,"duration":1,"b":111,"angle":67.5,"order":1},{"color":3,"r":254,"type":"setColor","g":255,"time":0,"b":222,"angle":135,"order":0},{"color":3,"time":0,"ease":"outQuad","r":190,"type":"setColor","g":239,"duration":1,"b":158,"angle":157.5,"order":1}]