[{"time":0,"r":206,"color":3,"b":174,"angle":67.5,"type":"setColor","g":255,"order":0},{"time":0,"r":67,"color":0,"b":85,"angle":360,"type":"setColor","g":97,"order":0},{"time":0,"r":67,"color":1,"b":85,"angle":22.5,"type":"setColor","g":97,"order":0},{"time":0,"r":146,"color":2,"b":97,"angle":45,"type":"setColor","g":156,"order":0},{"time":0,"g":239,"order":1,"r":190,"duration":1,"b":158,"angle":157.5,"type":"setColor","ease":"outQuad","color":3},{"time":0,"g":81,"order":1,"r":51,"duration":1,"b":69,"angle":450,"ease":"outQuad","type":"setColor","color":0},{"time":0,"g":81,"order":1,"r":51,"duration":1,"b":69,"angle":112.5,"ease":"outQuad","type":"setColor","color":1},{"time":0,"type":"setColor","order":1,"ease":"outQuad","g":140,"b":81,"angle":135,"r":130,"duration":1,"color":2}]