[{"x":300,"duration":1,"time":0,"angle":0,"ease":"inOutQuad","type":"deco","id":"0"},{"x":300,"duration":1,"time":0,"angle":0,"ease":"inOutQuad","type":"deco","id":"1"},{"x":300,"duration":1,"time":0,"angle":0,"ease":"inOutQuad","type":"deco","id":"2"},{"x":300,"duration":1,"time":0,"angle":0,"ease":"inOutQuad","type":"deco","id":"3"},{"x":300,"duration":1,"time":0,"angle":0,"ease":"inOutQuad","type":"deco","id":"4"},{"x":300,"duration":1,"time":0,"angle":0,"ease":"inOutQuad","type":"deco","id":"5"},{"x":300,"duration":1,"time":0,"angle":0,"ease":"inOutQuad","type":"deco","id":"6"},{"x":300,"duration":1,"time":0,"angle":0,"ease":"inOutQuad","type":"deco","id":"7"},{"x":300,"duration":1,"time":0,"angle":0,"ease":"inOutQuad","type":"deco","id":"8"},{"x":300,"duration":1,"time":0,"angle":0,"ease":"inOutQuad","type":"deco","id":"9"},{"x":300,"duration":1,"time":0,"angle":0,"ease":"inOutQuad","type":"deco","id":"10"},{"x":300,"duration":1,"time":0,"angle":0,"ease":"inOutQuad","type":"deco","id":"11"},{"x":300,"duration":1,"time":0,"angle":0,"ease":"inOutQuad","type":"deco","id":"12"},{"x":300,"duration":1,"time":0,"angle":0,"ease":"inOutQuad","type":"deco","id":"13"},{"x":300,"duration":1,"time":0,"angle":0,"ease":"inOutQuad","type":"deco","id":"14"},{"x":300,"duration":1,"time":0,"angle":0,"ease":"inOutQuad","type":"deco","id":"15"},{"x":300,"duration":1,"time":0,"angle":0,"ease":"inOutQuad","type":"deco","id":"16"},{"x":300,"duration":1,"time":0,"angle":0,"ease":"inOutQuad","type":"deco","id":"17"},{"x":300,"duration":1,"time":0,"angle":0,"ease":"inOutQuad","type":"deco","id":"18"},{"x":300,"duration":1,"time":0,"angle":0,"ease":"inOutQuad","type":"deco","id":"19"},{"x":300,"duration":1,"time":0,"angle":0,"ease":"inOutQuad","type":"deco","id":"20"},{"x":300,"duration":1,"time":0,"angle":0,"ease":"inOutQuad","type":"deco","id":"21"},{"x":300,"duration":1,"time":0,"angle":0,"ease":"inOutQuad","type":"deco","id":"22"},{"x":300,"duration":1,"time":0,"angle":0,"ease":"inOutQuad","type":"deco","id":"23"},{"x":300,"duration":1,"time":0,"angle":0,"ease":"inOutQuad","type":"deco","id":"24"},{"x":300,"duration":1,"time":0,"angle":0,"ease":"inOutQuad","type":"deco","id":"25"},{"x":300,"duration":1,"time":0,"angle":0,"ease":"inOutQuad","type":"deco","id":"26"},{"x":300,"duration":1,"time":0,"angle":0,"ease":"inOutQuad","type":"deco","id":"27"},{"x":300,"duration":1,"time":0,"angle":0,"ease":"inOutQuad","type":"deco","id":"28"},{"x":300,"duration":1,"time":0,"angle":0,"ease":"inOutQuad","type":"deco","id":"29"},{"x":300,"duration":1,"time":0,"angle":0,"ease":"inOutQuad","type":"deco","id":"30"},{"x":300,"duration":1,"time":0,"angle":0,"ease":"inOutQuad","type":"deco","id":"31"},{"x":300,"duration":1,"time":0,"angle":0,"ease":"inOutQuad","type":"deco","id":"32"},{"x":300,"duration":1,"time":0,"angle":0,"ease":"inOutQuad","type":"deco","id":"33"},{"x":300,"duration":1,"time":0,"angle":0,"ease":"inOutQuad","type":"deco","id":"34"},{"x":300,"duration":1,"time":0,"angle":0,"ease":"inOutQuad","type":"deco","id":"35"},{"x":300,"duration":1,"time":0,"angle":0,"ease":"inOutQuad","type":"deco","id":"36"},{"x":300,"duration":1,"time":0,"angle":0,"ease":"inOutQuad","type":"deco","id":"37"},{"x":300,"duration":1,"time":0,"angle":0,"ease":"inOutQuad","type":"deco","id":"38"},{"x":300,"duration":1,"time":0,"angle":0,"ease":"inOutQuad","type":"deco","id":"39"},{"x":300,"duration":1,"time":0,"angle":0,"ease":"inOutQuad","type":"deco","id":"40"},{"x":300,"duration":1,"time":0,"angle":0,"ease":"inOutQuad","type":"deco","id":"41"},{"x":300,"duration":1,"time":0,"angle":0,"ease":"inOutQuad","type":"deco","id":"42"},{"x":300,"duration":1,"time":0,"angle":0,"ease":"inOutQuad","type":"deco","id":"43"},{"x":300,"duration":1,"time":0,"angle":0,"ease":"inOutQuad","type":"deco","id":"44"},{"x":300,"duration":1,"time":0,"angle":0,"ease":"inOutQuad","type":"deco","id":"45"},{"x":300,"duration":1,"time":0,"angle":0,"ease":"inOutQuad","type":"deco","id":"46"},{"x":300,"duration":1,"time":0,"angle":0,"ease":"inOutQuad","type":"deco","id":"47"},{"x":300,"duration":1,"time":0,"angle":0,"ease":"inOutQuad","type":"deco","id":"48"},{"x":300,"duration":1,"time":0,"angle":0,"ease":"inOutQuad","type":"deco","id":"49"},{"x":300,"duration":1,"time":0,"angle":0,"ease":"inOutQuad","type":"deco","id":"50"},{"x":300,"duration":1,"time":0,"angle":0,"ease":"inOutQuad","type":"deco","id":"51"},{"x":300,"duration":1,"time":0,"angle":0,"ease":"inOutQuad","type":"deco","id":"52"},{"x":300,"duration":1,"time":0,"angle":0,"ease":"inOutQuad","type":"deco","id":"53"},{"x":300,"duration":1,"time":0,"angle":0,"ease":"inOutQuad","type":"deco","id":"54"},{"x":300,"duration":1,"time":0,"angle":0,"ease":"inOutQuad","type":"deco","id":"55"},{"x":300,"duration":1,"time":0,"angle":0,"ease":"inOutQuad","type":"deco","id":"56"},{"x":300,"duration":1,"time":0,"angle":0,"ease":"inOutQuad","type":"deco","id":"57"},{"x":300,"duration":1,"time":0,"angle":0,"ease":"inOutQuad","type":"deco","id":"58"},{"x":300,"duration":1,"time":0,"angle":0,"ease":"inOutQuad","type":"deco","id":"59"},{"x":300,"duration":1,"time":0,"angle":0,"ease":"inOutQuad","type":"deco","id":"60"},{"x":300,"duration":1,"time":0,"angle":0,"ease":"inOutQuad","type":"deco","id":"61"},{"x":300,"duration":1,"time":0,"angle":0,"ease":"inOutQuad","type":"deco","id":"62"},{"x":300,"duration":1,"time":0,"angle":0,"ease":"inOutQuad","type":"deco","id":"63"},{"x":300,"duration":1,"time":0,"angle":0,"ease":"inOutQuad","type":"deco","id":"64"},{"x":300,"duration":1,"time":0,"angle":0,"ease":"inOutQuad","type":"deco","id":"65"},{"x":300,"duration":1,"time":0,"angle":0,"ease":"inOutQuad","type":"deco","id":"66"},{"x":300,"duration":1,"time":0,"angle":0,"ease":"inOutQuad","type":"deco","id":"67"},{"x":300,"duration":1,"time":0,"angle":0,"ease":"inOutQuad","type":"deco","id":"68"},{"x":300,"duration":1,"time":0,"angle":0,"ease":"inOutQuad","type":"deco","id":"69"},{"x":300,"duration":1,"time":0,"angle":0,"ease":"inOutQuad","type":"deco","id":"70"},{"x":300,"duration":1,"time":0,"angle":0,"ease":"inOutQuad","type":"deco","id":"71"},{"x":300,"duration":1,"time":0,"angle":0,"ease":"inOutQuad","type":"deco","id":"72"},{"x":300,"duration":1,"time":0,"angle":0,"ease":"inOutQuad","type":"deco","id":"73"},{"x":300,"duration":1,"time":0,"angle":0,"ease":"inOutQuad","type":"deco","id":"74"},{"x":300,"duration":1,"time":0,"angle":0,"ease":"inOutQuad","type":"deco","id":"75"},{"x":300,"duration":1,"time":0,"angle":0,"ease":"inOutQuad","type":"deco","id":"76"},{"x":300,"duration":1,"time":0,"angle":0,"ease":"inOutQuad","type":"deco","id":"77"},{"x":300,"duration":1,"time":0,"angle":0,"ease":"inOutQuad","type":"deco","id":"78"},{"x":300,"duration":1,"time":0,"angle":0,"ease":"inOutQuad","type":"deco","id":"79"},{"x":300,"duration":1,"time":0,"angle":0,"ease":"inOutQuad","type":"deco","id":"80"},{"x":300,"duration":1,"time":0,"angle":0,"ease":"inOutQuad","type":"deco","id":"81"},{"x":300,"duration":1,"time":0,"angle":0,"ease":"inOutQuad","type":"deco","id":"82"},{"x":300,"duration":1,"time":0,"angle":0,"ease":"inOutQuad","type":"deco","id":"83"},{"x":300,"duration":1,"time":0,"angle":0,"ease":"inOutQuad","type":"deco","id":"84"},{"x":300,"duration":1,"time":0,"angle":0,"ease":"inOutQuad","type":"deco","id":"85"},{"x":300,"duration":1,"time":0,"angle":0,"ease":"inOutQuad","type":"deco","id":"86"},{"x":300,"duration":1,"time":0,"angle":0,"ease":"inOutQuad","type":"deco","id":"87"},{"x":300,"duration":1,"time":0,"angle":0,"ease":"inOutQuad","type":"deco","id":"88"},{"x":300,"duration":1,"time":0,"angle":0,"ease":"inOutQuad","type":"deco","id":"89"},{"x":300,"duration":1,"time":0,"angle":0,"ease":"inOutQuad","type":"deco","id":"90"},{"x":300,"duration":1,"time":0,"angle":0,"ease":"inOutQuad","type":"deco","id":"91"},{"x":300,"duration":1,"time":0,"angle":0,"ease":"inOutQuad","type":"deco","id":"92"},{"x":300,"duration":1,"time":0,"angle":0,"ease":"inOutQuad","type":"deco","id":"93"},{"x":300,"duration":1,"time":0,"angle":0,"ease":"inOutQuad","type":"deco","id":"94"},{"x":300,"duration":1,"time":0,"angle":0,"ease":"inOutQuad","type":"deco","id":"95"},{"x":300,"duration":1,"time":0,"angle":0,"ease":"inOutQuad","type":"deco","id":"96"},{"x":300,"duration":1,"time":0,"angle":0,"ease":"inOutQuad","type":"deco","id":"97"},{"x":300,"duration":1,"time":0,"angle":0,"ease":"inOutQuad","type":"deco","id":"98"},{"x":300,"duration":1,"time":0,"angle":0,"ease":"inOutQuad","type":"deco","id":"99"}]