[{"x":525,"duration":1,"time":0,"angle":0,"ease":"inOutQuad","type":"deco","id":"0"},{"x":525,"duration":1,"time":0,"angle":0,"ease":"inOutQuad","type":"deco","id":"1"},{"x":525,"duration":1,"time":0,"angle":0,"ease":"inOutQuad","type":"deco","id":"2"},{"x":525,"duration":1,"time":0,"angle":0,"ease":"inOutQuad","type":"deco","id":"3"},{"x":525,"duration":1,"time":0,"angle":0,"ease":"inOutQuad","type":"deco","id":"4"},{"x":525,"duration":1,"time":0,"angle":0,"ease":"inOutQuad","type":"deco","id":"5"},{"x":525,"duration":1,"time":0,"angle":0,"ease":"inOutQuad","type":"deco","id":"6"},{"x":525,"duration":1,"time":0,"angle":0,"ease":"inOutQuad","type":"deco","id":"7"},{"x":525,"duration":1,"time":0,"angle":0,"ease":"inOutQuad","type":"deco","id":"8"},{"x":525,"duration":1,"time":0,"angle":0,"ease":"inOutQuad","type":"deco","id":"9"},{"x":525,"duration":1,"time":0,"angle":0,"ease":"inOutQuad","type":"deco","id":"10"},{"x":525,"duration":1,"time":0,"angle":0,"ease":"inOutQuad","type":"deco","id":"11"},{"x":525,"duration":1,"time":0,"angle":0,"ease":"inOutQuad","type":"deco","id":"12"},{"x":525,"duration":1,"time":0,"angle":0,"ease":"inOutQuad","type":"deco","id":"13"},{"x":525,"duration":1,"time":0,"angle":0,"ease":"inOutQuad","type":"deco","id":"14"},{"x":525,"duration":1,"time":0,"angle":0,"ease":"inOutQuad","type":"deco","id":"15"},{"x":525,"duration":1,"time":0,"angle":0,"ease":"inOutQuad","type":"deco","id":"16"},{"x":525,"duration":1,"time":0,"angle":0,"ease":"inOutQuad","type":"deco","id":"17"},{"x":525,"duration":1,"time":0,"angle":0,"ease":"inOutQuad","type":"deco","id":"18"},{"x":525,"duration":1,"time":0,"angle":0,"ease":"inOutQuad","type":"deco","id":"19"},{"x":525,"duration":1,"time":0,"angle":0,"ease":"inOutQuad","type":"deco","id":"20"},{"x":525,"duration":1,"time":0,"angle":0,"ease":"inOutQuad","type":"deco","id":"21"},{"x":525,"duration":1,"time":0,"angle":0,"ease":"inOutQuad","type":"deco","id":"22"},{"x":525,"duration":1,"time":0,"angle":0,"ease":"inOutQuad","type":"deco","id":"23"},{"x":525,"duration":1,"time":0,"angle":0,"ease":"inOutQuad","type":"deco","id":"24"},{"x":525,"duration":1,"time":0,"angle":0,"ease":"inOutQuad","type":"deco","id":"25"},{"x":525,"duration":1,"time":0,"angle":0,"ease":"inOutQuad","type":"deco","id":"26"},{"x":525,"duration":1,"time":0,"angle":0,"ease":"inOutQuad","type":"deco","id":"27"},{"x":525,"duration":1,"time":0,"angle":0,"ease":"inOutQuad","type":"deco","id":"28"},{"x":525,"duration":1,"time":0,"angle":0,"ease":"inOutQuad","type":"deco","id":"29"},{"x":525,"duration":1,"time":0,"angle":0,"ease":"inOutQuad","type":"deco","id":"30"},{"x":525,"duration":1,"time":0,"angle":0,"ease":"inOutQuad","type":"deco","id":"31"},{"x":525,"duration":1,"time":0,"angle":0,"ease":"inOutQuad","type":"deco","id":"32"},{"x":525,"duration":1,"time":0,"angle":0,"ease":"inOutQuad","type":"deco","id":"33"},{"x":525,"duration":1,"time":0,"angle":0,"ease":"inOutQuad","type":"deco","id":"34"},{"x":525,"duration":1,"time":0,"angle":0,"ease":"inOutQuad","type":"deco","id":"35"},{"x":525,"duration":1,"time":0,"angle":0,"ease":"inOutQuad","type":"deco","id":"36"},{"x":525,"duration":1,"time":0,"angle":0,"ease":"inOutQuad","type":"deco","id":"37"},{"x":525,"duration":1,"time":0,"angle":0,"ease":"inOutQuad","type":"deco","id":"38"},{"x":525,"duration":1,"time":0,"angle":0,"ease":"inOutQuad","type":"deco","id":"39"},{"x":525,"duration":1,"time":0,"angle":0,"ease":"inOutQuad","type":"deco","id":"40"},{"x":525,"duration":1,"time":0,"angle":0,"ease":"inOutQuad","type":"deco","id":"41"},{"x":525,"duration":1,"time":0,"angle":0,"ease":"inOutQuad","type":"deco","id":"42"},{"x":525,"duration":1,"time":0,"angle":0,"ease":"inOutQuad","type":"deco","id":"43"},{"x":525,"duration":1,"time":0,"angle":0,"ease":"inOutQuad","type":"deco","id":"44"},{"x":525,"duration":1,"time":0,"angle":0,"ease":"inOutQuad","type":"deco","id":"45"},{"x":525,"duration":1,"time":0,"angle":0,"ease":"inOutQuad","type":"deco","id":"46"},{"x":525,"duration":1,"time":0,"angle":0,"ease":"inOutQuad","type":"deco","id":"47"},{"x":525,"duration":1,"time":0,"angle":0,"ease":"inOutQuad","type":"deco","id":"48"},{"x":525,"duration":1,"time":0,"angle":0,"ease":"inOutQuad","type":"deco","id":"49"}]