[{"x":75,"duration":1,"time":0,"angle":0,"ease":"inOutQuad","type":"deco","id":"0"},{"x":75,"duration":1,"time":0,"angle":0,"ease":"inOutQuad","type":"deco","id":"1"},{"x":75,"duration":1,"time":0,"angle":0,"ease":"inOutQuad","type":"deco","id":"2"},{"x":75,"duration":1,"time":0,"angle":0,"ease":"inOutQuad","type":"deco","id":"3"},{"x":75,"duration":1,"time":0,"angle":0,"ease":"inOutQuad","type":"deco","id":"4"},{"x":75,"duration":1,"time":0,"angle":0,"ease":"inOutQuad","type":"deco","id":"5"},{"x":75,"duration":1,"time":0,"angle":0,"ease":"inOutQuad","type":"deco","id":"6"},{"x":75,"duration":1,"time":0,"angle":0,"ease":"inOutQuad","type":"deco","id":"7"},{"x":75,"duration":1,"time":0,"angle":0,"ease":"inOutQuad","type":"deco","id":"8"},{"x":75,"duration":1,"time":0,"angle":0,"ease":"inOutQuad","type":"deco","id":"9"},{"x":75,"duration":1,"time":0,"angle":0,"ease":"inOutQuad","type":"deco","id":"10"},{"x":75,"duration":1,"time":0,"angle":0,"ease":"inOutQuad","type":"deco","id":"11"},{"x":75,"duration":1,"time":0,"angle":0,"ease":"inOutQuad","type":"deco","id":"12"},{"x":75,"duration":1,"time":0,"angle":0,"ease":"inOutQuad","type":"deco","id":"13"},{"x":75,"duration":1,"time":0,"angle":0,"ease":"inOutQuad","type":"deco","id":"14"},{"x":75,"duration":1,"time":0,"angle":0,"ease":"inOutQuad","type":"deco","id":"15"},{"x":75,"duration":1,"time":0,"angle":0,"ease":"inOutQuad","type":"deco","id":"16"},{"x":75,"duration":1,"time":0,"angle":0,"ease":"inOutQuad","type":"deco","id":"17"},{"x":75,"duration":1,"time":0,"angle":0,"ease":"inOutQuad","type":"deco","id":"18"},{"x":75,"duration":1,"time":0,"angle":0,"ease":"inOutQuad","type":"deco","id":"19"},{"x":75,"duration":1,"time":0,"angle":0,"ease":"inOutQuad","type":"deco","id":"20"},{"x":75,"duration":1,"time":0,"angle":0,"ease":"inOutQuad","type":"deco","id":"21"},{"x":75,"duration":1,"time":0,"angle":0,"ease":"inOutQuad","type":"deco","id":"22"},{"x":75,"duration":1,"time":0,"angle":0,"ease":"inOutQuad","type":"deco","id":"23"},{"x":75,"duration":1,"time":0,"angle":0,"ease":"inOutQuad","type":"deco","id":"24"},{"x":75,"duration":1,"time":0,"angle":0,"ease":"inOutQuad","type":"deco","id":"25"},{"x":75,"duration":1,"time":0,"angle":0,"ease":"inOutQuad","type":"deco","id":"26"},{"x":75,"duration":1,"time":0,"angle":0,"ease":"inOutQuad","type":"deco","id":"27"},{"x":75,"duration":1,"time":0,"angle":0,"ease":"inOutQuad","type":"deco","id":"28"},{"x":75,"duration":1,"time":0,"angle":0,"ease":"inOutQuad","type":"deco","id":"29"},{"x":75,"duration":1,"time":0,"angle":0,"ease":"inOutQuad","type":"deco","id":"30"},{"x":75,"duration":1,"time":0,"angle":0,"ease":"inOutQuad","type":"deco","id":"31"},{"x":75,"duration":1,"time":0,"angle":0,"ease":"inOutQuad","type":"deco","id":"32"},{"x":75,"duration":1,"time":0,"angle":0,"ease":"inOutQuad","type":"deco","id":"33"},{"x":75,"duration":1,"time":0,"angle":0,"ease":"inOutQuad","type":"deco","id":"34"},{"x":75,"duration":1,"time":0,"angle":0,"ease":"inOutQuad","type":"deco","id":"35"},{"x":75,"duration":1,"time":0,"angle":0,"ease":"inOutQuad","type":"deco","id":"36"},{"x":75,"duration":1,"time":0,"angle":0,"ease":"inOutQuad","type":"deco","id":"37"},{"x":75,"duration":1,"time":0,"angle":0,"ease":"inOutQuad","type":"deco","id":"38"},{"x":75,"duration":1,"time":0,"angle":0,"ease":"inOutQuad","type":"deco","id":"39"},{"x":75,"duration":1,"time":0,"angle":0,"ease":"inOutQuad","type":"deco","id":"40"},{"x":75,"duration":1,"time":0,"angle":0,"ease":"inOutQuad","type":"deco","id":"41"},{"x":75,"duration":1,"time":0,"angle":0,"ease":"inOutQuad","type":"deco","id":"42"},{"x":75,"duration":1,"time":0,"angle":0,"ease":"inOutQuad","type":"deco","id":"43"},{"x":75,"duration":1,"time":0,"angle":0,"ease":"inOutQuad","type":"deco","id":"44"},{"x":75,"duration":1,"time":0,"angle":0,"ease":"inOutQuad","type":"deco","id":"45"},{"x":75,"duration":1,"time":0,"angle":0,"ease":"inOutQuad","type":"deco","id":"46"},{"x":75,"duration":1,"time":0,"angle":0,"ease":"inOutQuad","type":"deco","id":"47"},{"x":75,"duration":1,"time":0,"angle":0,"ease":"inOutQuad","type":"deco","id":"48"},{"x":75,"duration":1,"time":0,"angle":0,"ease":"inOutQuad","type":"deco","id":"49"},{"x":75,"duration":1,"time":0,"angle":0,"ease":"inOutQuad","type":"deco","id":"50"},{"x":75,"duration":1,"time":0,"angle":0,"ease":"inOutQuad","type":"deco","id":"51"},{"x":75,"duration":1,"time":0,"angle":0,"ease":"inOutQuad","type":"deco","id":"52"},{"x":75,"duration":1,"time":0,"angle":0,"ease":"inOutQuad","type":"deco","id":"53"},{"x":75,"duration":1,"time":0,"angle":0,"ease":"inOutQuad","type":"deco","id":"54"},{"x":75,"duration":1,"time":0,"angle":0,"ease":"inOutQuad","type":"deco","id":"55"},{"x":75,"duration":1,"time":0,"angle":0,"ease":"inOutQuad","type":"deco","id":"56"},{"x":75,"duration":1,"time":0,"angle":0,"ease":"inOutQuad","type":"deco","id":"57"},{"x":75,"duration":1,"time":0,"angle":0,"ease":"inOutQuad","type":"deco","id":"58"},{"x":75,"duration":1,"time":0,"angle":0,"ease":"inOutQuad","type":"deco","id":"59"},{"x":75,"duration":1,"time":0,"angle":0,"ease":"inOutQuad","type":"deco","id":"60"},{"x":75,"duration":1,"time":0,"angle":0,"ease":"inOutQuad","type":"deco","id":"61"},{"x":75,"duration":1,"time":0,"angle":0,"ease":"inOutQuad","type":"deco","id":"62"},{"x":75,"duration":1,"time":0,"angle":0,"ease":"inOutQuad","type":"deco","id":"63"},{"x":75,"duration":1,"time":0,"angle":0,"ease":"inOutQuad","type":"deco","id":"64"},{"x":75,"duration":1,"time":0,"angle":0,"ease":"inOutQuad","type":"deco","id":"65"},{"x":75,"duration":1,"time":0,"angle":0,"ease":"inOutQuad","type":"deco","id":"66"},{"x":75,"duration":1,"time":0,"angle":0,"ease":"inOutQuad","type":"deco","id":"67"},{"x":75,"duration":1,"time":0,"angle":0,"ease":"inOutQuad","type":"deco","id":"68"},{"x":75,"duration":1,"time":0,"angle":0,"ease":"inOutQuad","type":"deco","id":"69"},{"x":75,"duration":1,"time":0,"angle":0,"ease":"inOutQuad","type":"deco","id":"70"},{"x":75,"duration":1,"time":0,"angle":0,"ease":"inOutQuad","type":"deco","id":"71"},{"x":75,"duration":1,"time":0,"angle":0,"ease":"inOutQuad","type":"deco","id":"72"},{"x":75,"duration":1,"time":0,"angle":0,"ease":"inOutQuad","type":"deco","id":"73"},{"x":75,"duration":1,"time":0,"angle":0,"ease":"inOutQuad","type":"deco","id":"74"},{"x":75,"duration":1,"time":0,"angle":0,"ease":"inOutQuad","type":"deco","id":"75"},{"x":75,"duration":1,"time":0,"angle":0,"ease":"inOutQuad","type":"deco","id":"76"},{"x":75,"duration":1,"time":0,"angle":0,"ease":"inOutQuad","type":"deco","id":"77"},{"x":75,"duration":1,"time":0,"angle":0,"ease":"inOutQuad","type":"deco","id":"78"},{"x":75,"duration":1,"time":0,"angle":0,"ease":"inOutQuad","type":"deco","id":"79"},{"x":75,"duration":1,"time":0,"angle":0,"ease":"inOutQuad","type":"deco","id":"80"},{"x":75,"duration":1,"time":0,"angle":0,"ease":"inOutQuad","type":"deco","id":"81"},{"x":75,"duration":1,"time":0,"angle":0,"ease":"inOutQuad","type":"deco","id":"82"},{"x":75,"duration":1,"time":0,"angle":0,"ease":"inOutQuad","type":"deco","id":"83"},{"x":75,"duration":1,"time":0,"angle":0,"ease":"inOutQuad","type":"deco","id":"84"},{"x":75,"duration":1,"time":0,"angle":0,"ease":"inOutQuad","type":"deco","id":"85"},{"x":75,"duration":1,"time":0,"angle":0,"ease":"inOutQuad","type":"deco","id":"86"},{"x":75,"duration":1,"time":0,"angle":0,"ease":"inOutQuad","type":"deco","id":"87"},{"x":75,"duration":1,"time":0,"angle":0,"ease":"inOutQuad","type":"deco","id":"88"},{"x":75,"duration":1,"time":0,"angle":0,"ease":"inOutQuad","type":"deco","id":"89"},{"x":75,"duration":1,"time":0,"angle":0,"ease":"inOutQuad","type":"deco","id":"90"},{"x":75,"duration":1,"time":0,"angle":0,"ease":"inOutQuad","type":"deco","id":"91"},{"x":75,"duration":1,"time":0,"angle":0,"ease":"inOutQuad","type":"deco","id":"92"},{"x":75,"duration":1,"time":0,"angle":0,"ease":"inOutQuad","type":"deco","id":"93"},{"x":75,"duration":1,"time":0,"angle":0,"ease":"inOutQuad","type":"deco","id":"94"},{"x":75,"duration":1,"time":0,"angle":0,"ease":"inOutQuad","type":"deco","id":"95"},{"x":75,"duration":1,"time":0,"angle":0,"ease":"inOutQuad","type":"deco","id":"96"},{"x":75,"duration":1,"time":0,"angle":0,"ease":"inOutQuad","type":"deco","id":"97"},{"x":75,"duration":1,"time":0,"angle":0,"ease":"inOutQuad","type":"deco","id":"98"},{"x":75,"duration":1,"time":0,"angle":0,"ease":"inOutQuad","type":"deco","id":"99"}]