[{"y":180,"duration":1,"time":0,"angle":0,"ease":"inOutQuad","type":"deco","id":"0"},{"y":180,"duration":1,"time":0,"angle":0,"ease":"inOutQuad","type":"deco","id":"1"},{"y":180,"duration":1,"time":0,"angle":0,"ease":"inOutQuad","type":"deco","id":"2"},{"y":180,"duration":1,"time":0,"angle":0,"ease":"inOutQuad","type":"deco","id":"3"},{"y":180,"duration":1,"time":0,"angle":0,"ease":"inOutQuad","type":"deco","id":"4"},{"y":180,"duration":1,"time":0,"angle":0,"ease":"inOutQuad","type":"deco","id":"5"},{"y":180,"duration":1,"time":0,"angle":0,"ease":"inOutQuad","type":"deco","id":"6"},{"y":180,"duration":1,"time":0,"angle":0,"ease":"inOutQuad","type":"deco","id":"7"},{"y":180,"duration":1,"time":0,"angle":0,"ease":"inOutQuad","type":"deco","id":"8"},{"y":180,"duration":1,"time":0,"angle":0,"ease":"inOutQuad","type":"deco","id":"9"},{"y":180,"duration":1,"time":0,"angle":0,"ease":"inOutQuad","type":"deco","id":"10"},{"y":180,"duration":1,"time":0,"angle":0,"ease":"inOutQuad","type":"deco","id":"11"},{"y":180,"duration":1,"time":0,"angle":0,"ease":"inOutQuad","type":"deco","id":"12"},{"y":180,"duration":1,"time":0,"angle":0,"ease":"inOutQuad","type":"deco","id":"13"},{"y":180,"duration":1,"time":0,"angle":0,"ease":"inOutQuad","type":"deco","id":"14"},{"y":180,"duration":1,"time":0,"angle":0,"ease":"inOutQuad","type":"deco","id":"15"},{"y":180,"duration":1,"time":0,"angle":0,"ease":"inOutQuad","type":"deco","id":"16"},{"y":180,"duration":1,"time":0,"angle":0,"ease":"inOutQuad","type":"deco","id":"17"},{"y":180,"duration":1,"time":0,"angle":0,"ease":"inOutQuad","type":"deco","id":"18"},{"y":180,"duration":1,"time":0,"angle":0,"ease":"inOutQuad","type":"deco","id":"19"},{"y":180,"duration":1,"time":0,"angle":0,"ease":"inOutQuad","type":"deco","id":"20"},{"y":180,"duration":1,"time":0,"angle":0,"ease":"inOutQuad","type":"deco","id":"21"},{"y":180,"duration":1,"time":0,"angle":0,"ease":"inOutQuad","type":"deco","id":"22"},{"y":180,"duration":1,"time":0,"angle":0,"ease":"inOutQuad","type":"deco","id":"23"},{"y":180,"duration":1,"time":0,"angle":0,"ease":"inOutQuad","type":"deco","id":"24"},{"y":180,"duration":1,"time":0,"angle":0,"ease":"inOutQuad","type":"deco","id":"25"},{"y":180,"duration":1,"time":0,"angle":0,"ease":"inOutQuad","type":"deco","id":"26"},{"y":180,"duration":1,"time":0,"angle":0,"ease":"inOutQuad","type":"deco","id":"27"},{"y":180,"duration":1,"time":0,"angle":0,"ease":"inOutQuad","type":"deco","id":"28"},{"y":180,"duration":1,"time":0,"angle":0,"ease":"inOutQuad","type":"deco","id":"29"},{"y":180,"duration":1,"time":0,"angle":0,"ease":"inOutQuad","type":"deco","id":"30"},{"y":180,"duration":1,"time":0,"angle":0,"ease":"inOutQuad","type":"deco","id":"31"},{"y":180,"duration":1,"time":0,"angle":0,"ease":"inOutQuad","type":"deco","id":"32"},{"y":180,"duration":1,"time":0,"angle":0,"ease":"inOutQuad","type":"deco","id":"33"},{"y":180,"duration":1,"time":0,"angle":0,"ease":"inOutQuad","type":"deco","id":"34"},{"y":180,"duration":1,"time":0,"angle":0,"ease":"inOutQuad","type":"deco","id":"35"},{"y":180,"duration":1,"time":0,"angle":0,"ease":"inOutQuad","type":"deco","id":"36"},{"y":180,"duration":1,"time":0,"angle":0,"ease":"inOutQuad","type":"deco","id":"37"},{"y":180,"duration":1,"time":0,"angle":0,"ease":"inOutQuad","type":"deco","id":"38"},{"y":180,"duration":1,"time":0,"angle":0,"ease":"inOutQuad","type":"deco","id":"39"},{"y":180,"duration":1,"time":0,"angle":0,"ease":"inOutQuad","type":"deco","id":"40"},{"y":180,"duration":1,"time":0,"angle":0,"ease":"inOutQuad","type":"deco","id":"41"},{"y":180,"duration":1,"time":0,"angle":0,"ease":"inOutQuad","type":"deco","id":"42"},{"y":180,"duration":1,"time":0,"angle":0,"ease":"inOutQuad","type":"deco","id":"43"},{"y":180,"duration":1,"time":0,"angle":0,"ease":"inOutQuad","type":"deco","id":"44"},{"y":180,"duration":1,"time":0,"angle":0,"ease":"inOutQuad","type":"deco","id":"45"},{"y":180,"duration":1,"time":0,"angle":0,"ease":"inOutQuad","type":"deco","id":"46"},{"y":180,"duration":1,"time":0,"angle":0,"ease":"inOutQuad","type":"deco","id":"47"},{"y":180,"duration":1,"time":0,"angle":0,"ease":"inOutQuad","type":"deco","id":"48"},{"y":180,"duration":1,"time":0,"angle":0,"ease":"inOutQuad","type":"deco","id":"49"},{"y":180,"duration":1,"time":0,"angle":0,"ease":"inOutQuad","type":"deco","id":"50"},{"y":180,"duration":1,"time":0,"angle":0,"ease":"inOutQuad","type":"deco","id":"51"},{"y":180,"duration":1,"time":0,"angle":0,"ease":"inOutQuad","type":"deco","id":"52"},{"y":180,"duration":1,"time":0,"angle":0,"ease":"inOutQuad","type":"deco","id":"53"},{"y":180,"duration":1,"time":0,"angle":0,"ease":"inOutQuad","type":"deco","id":"54"},{"y":180,"duration":1,"time":0,"angle":0,"ease":"inOutQuad","type":"deco","id":"55"},{"y":180,"duration":1,"time":0,"angle":0,"ease":"inOutQuad","type":"deco","id":"56"},{"y":180,"duration":1,"time":0,"angle":0,"ease":"inOutQuad","type":"deco","id":"57"},{"y":180,"duration":1,"time":0,"angle":0,"ease":"inOutQuad","type":"deco","id":"58"},{"y":180,"duration":1,"time":0,"angle":0,"ease":"inOutQuad","type":"deco","id":"59"},{"y":180,"duration":1,"time":0,"angle":0,"ease":"inOutQuad","type":"deco","id":"60"},{"y":180,"duration":1,"time":0,"angle":0,"ease":"inOutQuad","type":"deco","id":"61"},{"y":180,"duration":1,"time":0,"angle":0,"ease":"inOutQuad","type":"deco","id":"62"},{"y":180,"duration":1,"time":0,"angle":0,"ease":"inOutQuad","type":"deco","id":"63"},{"y":180,"duration":1,"time":0,"angle":0,"ease":"inOutQuad","type":"deco","id":"64"},{"y":180,"duration":1,"time":0,"angle":0,"ease":"inOutQuad","type":"deco","id":"65"},{"y":180,"duration":1,"time":0,"angle":0,"ease":"inOutQuad","type":"deco","id":"66"},{"y":180,"duration":1,"time":0,"angle":0,"ease":"inOutQuad","type":"deco","id":"67"},{"y":180,"duration":1,"time":0,"angle":0,"ease":"inOutQuad","type":"deco","id":"68"},{"y":180,"duration":1,"time":0,"angle":0,"ease":"inOutQuad","type":"deco","id":"69"},{"y":180,"duration":1,"time":0,"angle":0,"ease":"inOutQuad","type":"deco","id":"70"},{"y":180,"duration":1,"time":0,"angle":0,"ease":"inOutQuad","type":"deco","id":"71"},{"y":180,"duration":1,"time":0,"angle":0,"ease":"inOutQuad","type":"deco","id":"72"},{"y":180,"duration":1,"time":0,"angle":0,"ease":"inOutQuad","type":"deco","id":"73"},{"y":180,"duration":1,"time":0,"angle":0,"ease":"inOutQuad","type":"deco","id":"74"},{"y":180,"duration":1,"time":0,"angle":0,"ease":"inOutQuad","type":"deco","id":"75"},{"y":180,"duration":1,"time":0,"angle":0,"ease":"inOutQuad","type":"deco","id":"76"},{"y":180,"duration":1,"time":0,"angle":0,"ease":"inOutQuad","type":"deco","id":"77"},{"y":180,"duration":1,"time":0,"angle":0,"ease":"inOutQuad","type":"deco","id":"78"},{"y":180,"duration":1,"time":0,"angle":0,"ease":"inOutQuad","type":"deco","id":"79"},{"y":180,"duration":1,"time":0,"angle":0,"ease":"inOutQuad","type":"deco","id":"80"},{"y":180,"duration":1,"time":0,"angle":0,"ease":"inOutQuad","type":"deco","id":"81"},{"y":180,"duration":1,"time":0,"angle":0,"ease":"inOutQuad","type":"deco","id":"82"},{"y":180,"duration":1,"time":0,"angle":0,"ease":"inOutQuad","type":"deco","id":"83"},{"y":180,"duration":1,"time":0,"angle":0,"ease":"inOutQuad","type":"deco","id":"84"},{"y":180,"duration":1,"time":0,"angle":0,"ease":"inOutQuad","type":"deco","id":"85"},{"y":180,"duration":1,"time":0,"angle":0,"ease":"inOutQuad","type":"deco","id":"86"},{"y":180,"duration":1,"time":0,"angle":0,"ease":"inOutQuad","type":"deco","id":"87"},{"y":180,"duration":1,"time":0,"angle":0,"ease":"inOutQuad","type":"deco","id":"88"},{"y":180,"duration":1,"time":0,"angle":0,"ease":"inOutQuad","type":"deco","id":"89"},{"y":180,"duration":1,"time":0,"angle":0,"ease":"inOutQuad","type":"deco","id":"90"},{"y":180,"duration":1,"time":0,"angle":0,"ease":"inOutQuad","type":"deco","id":"91"},{"y":180,"duration":1,"time":0,"angle":0,"ease":"inOutQuad","type":"deco","id":"92"},{"y":180,"duration":1,"time":0,"angle":0,"ease":"inOutQuad","type":"deco","id":"93"},{"y":180,"duration":1,"time":0,"angle":0,"ease":"inOutQuad","type":"deco","id":"94"},{"y":180,"duration":1,"time":0,"angle":0,"ease":"inOutQuad","type":"deco","id":"95"},{"y":180,"duration":1,"time":0,"angle":0,"ease":"inOutQuad","type":"deco","id":"96"},{"y":180,"duration":1,"time":0,"angle":0,"ease":"inOutQuad","type":"deco","id":"97"},{"y":180,"duration":1,"time":0,"angle":0,"ease":"inOutQuad","type":"deco","id":"98"},{"y":180,"duration":1,"time":0,"angle":0,"ease":"inOutQuad","type":"deco","id":"99"}]