{"properties":{"formatversion":12,"offset":8,"speed":80,"startBeat":0},"metadata":{"description":"It's a song made by satsuki.\nThank you for playing and hope u enjoy the map!\n\n\nmap made by ryankii23\n(flash warning)\n\n","difficulty":8,"artistLink":"","songName":"mesmerizer","bgData":{"cyanChannel":{"g":255,"r":255,"b":255},"image":"Mes.png","blueChannel":{"g":0,"r":0,"b":255},"redChannel":{"g":7,"r":252,"b":7},"greenChannel":{"g":255,"r":0,"b":0},"yellowChannel":{"g":255,"r":255,"b":0},"magentaChannel":{"g":255,"r":255,"b":255}},"artist":"Satsuki","charter":"Charter","bg":true},"events":[{"volume":1,"bpm":185,"file":"mesmerizer satsuki.ogg","time":0.5,"angle":270,"type":"play"},{"type":"setColor","color":0,"r":0,"b":0,"time":-9,"angle":292.5,"g":0},{"type":"setColor","color":0,"r":255,"b":255,"g":255,"time":8,"angle":359.69653320313,"duration":3.0833332538605},{"type":"setBgColor","color":1,"time":-9,"angle":315},{"type":"setColor","color":1,"r":9,"b":9,"time":-9,"angle":22.5,"g":9},{"type":"setColor","color":0,"r":255,"b":255,"g":255,"time":4,"angle":7.4605660438538,"duration":1.875},{"type":"setColor","color":0,"r":7,"b":239,"g":239,"time":44,"angle":182.2906036377,"duration":0.33333322405815},{"type":"setColor","color":1,"r":4,"b":181,"g":181,"time":43.75,"angle":136.86172485352,"duration":0.49999997019768},{"type":"setColor","color":0,"r":254,"b":49,"g":49,"time":75,"angle":4.053554058075,"duration":0.74999994039536},{"type":"setColor","color":3,"time":75,"angle":13.467678070068},{"type":"outline","color":3,"time":-9,"angle":352.20791625977,"enable":true},{"type":"setColor","color":3,"r":255,"b":255,"time":-9,"angle":55.548065185547,"g":255},{"type":"setColor","color":3,"r":15,"b":14,"time":43.833332061768,"angle":114.84825134277,"g":14},{"type":"setColor","color":0,"r":7,"b":239,"g":239,"time":108.91666412354,"angle":127.71597290039,"duration":0.99999988079071},{"type":"setColor","color":0,"r":255,"b":255,"g":255,"time":108.41666412354,"angle":172.52426147461,"duration":0.41666668653488},{"type":"setColor","color":0,"r":255,"b":255,"g":255,"time":74.916664123535,"angle":24.655899047852,"duration":0.08333333581686},{"type":"setColor","color":1,"r":11,"b":11,"g":11,"time":108.58333587646,"angle":112.96683502197,"duration":0.3333332836628},{"type":"setColor","color":3,"r":255,"b":255,"time":108.91666412354,"angle":143.869140625,"g":255},{"type":"setColor","color":0,"r":7,"b":239,"g":239,"time":137.5,"angle":315,"duration":0.625},{"type":"setColor","color":0,"r":255,"b":255,"g":255,"time":137.125,"angle":326.73513793945,"duration":0.12499997019768},{"type":"setColor","color":0,"r":255,"b":255,"g":255,"time":124.75,"angle":331.38952636719,"duration":0.5},{"type":"setColor","color":0,"r":254,"b":49,"g":49,"time":125.08333587646,"angle":59.697319030762,"duration":0.74999994039536},{"type":"setColor","color":0,"r":254,"b":49,"g":49,"time":172.33332824707,"angle":72.774284362793,"duration":0.74999994039536},{"type":"setColor","color":0,"r":255,"b":255,"g":255,"time":172,"angle":96.960960388184,"duration":0.25},{"type":"setColor","color":0,"r":255,"b":255,"g":255,"time":204.625,"angle":139.71264648438,"duration":0.5},{"type":"setColor","color":1,"r":207,"b":205,"g":205,"time":212.4375,"angle":76.390266418457,"duration":0.5},{"type":"setColor","color":3,"r":2,"b":180,"time":212.5,"angle":131.87786865234,"g":74},{"type":"setColor","color":0,"r":57,"b":211,"g":211,"time":244.66667175293,"angle":93.839599609375,"duration":0.99999988079071},{"type":"setColor","color":0,"r":255,"b":255,"g":255,"time":244.41667175293,"angle":86.299453735352,"duration":0.16666662693024},{"type":"setColor","color":1,"r":0,"b":0,"g":0,"time":284.41665649414,"angle":11.25,"duration":5.5000009536743},{"type":"setColor","color":1,"r":4,"b":181,"g":181,"time":293.75,"angle":9.8335638046265,"duration":5.6250009536743},{"type":"setColor","color":0,"r":254,"b":49,"g":49,"time":276.41665649414,"angle":11.25,"duration":0.74999994039536},{"type":"setColor","color":0,"r":0,"b":0,"g":0,"time":255.33332824707,"angle":22.5,"duration":33.083438873291},{"type":"setColor","color":0,"r":255,"b":255,"g":255,"time":276,"angle":360,"duration":0.25},{"type":"setColor","color":3,"r":177,"b":3,"time":276.4375,"angle":29.569530487061,"g":3},{"type":"setColor","color":1,"r":29,"b":0,"time":300.5625,"angle":85.753158569336,"g":250},{"type":"setColor","color":1,"r":210,"b":210,"g":210,"time":308.5,"angle":69.336387634277,"duration":0.5},{"type":"setColor","color":0,"r":57,"b":211,"g":211,"time":308.8125,"angle":39.776950836182,"duration":0},{"type":"setColor","color":0,"r":255,"b":255,"g":255,"time":308.5625,"angle":16.833930969238,"duration":0.5},{"type":"setColor","color":3,"r":6,"b":189,"time":308.375,"angle":36.12671661377,"g":15},{"type":"paddles","paddle":1,"angle":60.389762878418,"newWidth":364,"time":301,"duration":3,"ease":"linear"},{"type":"paddles","paddle":1,"angle":229.25762939453,"newWidth":70,"time":308.375,"duration":0.25,"ease":"linear"},{"type":"setColor","color":1,"r":4,"b":181,"g":181,"time":137.4375,"angle":333.97674560547,"duration":0.5},{"type":"setColor","color":3,"r":0,"b":0,"time":137.3125,"angle":348.31063842773,"g":0},{"type":"setColor","color":1,"r":4,"b":181,"g":181,"time":244.625,"angle":109.92133331299,"duration":0.625},{"type":"setColor","color":3,"r":0,"b":205,"time":244.4375,"angle":99.46231842041,"g":19},{"type":"setColor","color":1,"r":4,"b":181,"g":181,"time":308.75,"angle":56.802433013916,"duration":0.5625},{"type":"forcePlayerSprite","spriteName":"happy","time":308.41665649414,"angle":256.42956542969},{"type":"forcePlayerSprite","spriteName":"miss","time":300.58334350586,"angle":100.88552856445},{"type":"forcePlayerSprite","spriteName":"happy","time":137.33332824707,"angle":7.3737664222717},{"type":"forcePlayerSprite","spriteName":"idle","time":204.58332824707,"angle":128.65980529785},{"type":"forcePlayerSprite","spriteName":"miss","time":244.41667175293,"angle":73.343849182129},{"type":"forcePlayerSprite","spriteName":"angry","time":275.58334350586,"angle":321.39141845703},{"type":"forcePlayerSprite","spriteName":"idle","time":276.33334350586,"angle":349.55581665039},{"type":"setColor","color":0,"r":254,"b":49,"g":49,"time":340.375,"angle":303.45950317383,"duration":0.625},{"type":"setColor","color":0,"r":255,"b":255,"g":255,"time":340.0625,"angle":286.912109375,"duration":0.25},{"type":"forcePlayerSprite","spriteName":"miss","time":340.375,"angle":321.19885253906},{"type":"setColor","color":3,"r":177,"b":3,"time":340.375,"angle":292.03622436523,"g":3},{"type":"setColor","color":0,"r":255,"b":255,"g":255,"time":372.3125,"angle":74.445426940918,"duration":0.25},{"type":"setColor","color":0,"r":7,"b":239,"g":239,"time":372.5625,"angle":56.500598907471,"duration":0.5},{"type":"forcePlayerSprite","spriteName":"happy","time":372.5625,"angle":68.299461364746},{"type":"setColor","color":3,"r":0,"b":194,"time":372.5,"angle":80.289428710938,"g":0},{"type":"setColor","color":1,"r":255,"b":255,"time":379,"angle":123.48850250244,"g":255},{"type":"setColor","color":1,"r":0,"b":0,"time":379.375,"angle":130.89979553223,"g":0},{"type":"setColor","color":1,"r":4,"b":181,"g":181,"time":379.8125,"angle":126.65386962891,"duration":0.125},{"type":"setColor","color":1,"r":0,"b":0,"time":378.75,"angle":139.89039611816,"g":0},{"type":"forcePlayerSprite","spriteName":"angry","time":379,"angle":147.86274719238},{"type":"paddles","paddle":1,"angle":182.13095092773,"newWidth":175,"time":379,"duration":0,"ease":"linear"},{"type":"paddles","paddle":1,"angle":176.79797363281,"newWidth":70,"time":380.1875,"duration":0.0625,"ease":"linear"},{"type":"forcePlayerSprite","spriteName":"miss","time":403.9375,"angle":238.58296203613},{"type":"setColor","color":0,"r":254,"b":49,"g":49,"time":404.1875,"angle":253.18737792969,"duration":0.375},{"type":"setColor","color":0,"r":255,"b":255,"g":255,"time":403.8125,"angle":261.32183837891,"duration":0.1875},{"type":"setColor","color":3,"r":186,"b":26,"time":404.0625,"angle":272.54479980469,"g":26},{"type":"setColor","color":1,"r":255,"b":255,"time":378.625,"angle":135.23196411133,"g":255},{"type":"setColor","color":1,"r":0,"b":0,"time":378.5625,"angle":145.05088806152,"g":0},{"type":"setColor","color":1,"r":227,"b":227,"time":4.1666665077209,"angle":20.253252029419,"g":227},{"type":"setColor","color":1,"r":0,"b":0,"time":4.3333334922791,"angle":10.150648117065,"g":0},{"type":"setColor","color":1,"r":222,"b":222,"time":4.5,"angle":29.941942214966,"g":222},{"type":"setColor","color":1,"r":0,"b":0,"time":4.6666665077209,"angle":9.6311693191528,"g":0},{"type":"setColor","color":1,"r":242,"b":241,"time":4.8333334922791,"angle":19.712032318115,"g":241},{"type":"setColor","color":1,"r":0,"b":0,"time":5.0833334922791,"angle":27.261320114136,"g":0},{"type":"setColor","color":0,"r":255,"b":255,"g":255,"time":443.8125,"angle":29.74488067627,"duration":0.75},{"type":"forcePlayerSprite","spriteName":"happy","time":443.75,"angle":15.736135482788},{"type":"setColor","color":3,"r":0,"b":0,"time":443.75,"angle":6.1279144287109,"g":0},{"type":"forcePlayerSprite","spriteName":"idle","time":472.6875,"angle":10.14079284668},{"type":"setColor","color":0,"r":0,"b":0,"g":0,"time":475.1875,"angle":110.93437194824,"duration":2},{"type":"setColor","color":1,"r":0,"b":0,"g":0,"time":476,"angle":131.23475646973,"duration":0.3125},{"type":"setColor","color":3,"r":255,"b":255,"time":475.8125,"angle":115.16261291504,"g":255},{"type":"setColor","color":3,"r":0,"b":0,"g":0,"time":478.875,"angle":89.286811828613,"duration":2.75},{"type":"showResults","time":483.25,"angle":93.012786865234},{"type":"setColor","color":1,"r":4,"b":181,"g":181,"time":12.4375,"angle":49.361572265625,"duration":0.875}]}