{"metadata":{"bgData":{"redChannel":{"b":82,"g":141,"r":200},"blueChannel":{"b":126,"g":155,"r":208},"image":"endtroud.png","yellowChannel":{"b":255,"g":255,"r":255},"magentaChannel":{"b":255,"g":255,"r":255},"cyanChannel":{"b":255,"g":255,"r":255},"greenChannel":{"b":255,"g":255,"r":255}},"artist":"DJ Shadow","charter":"scum Lord 150","bg":true,"songName":"Why Hip Hop Sucks In '96","difficulty":2,"description":"From \"Endtroducing.....\", 1996","artistLink":""},"properties":{"speed":70,"startBeat":0,"formatversion":12,"offset":8},"events":[{"file":"sucksin93.wav","bpm":158,"type":"play","volume":1,"time":0,"angle":0},{"angle":360,"type":"showResults","time":100},{"description":"","r":0,"b":0,"type":"bookmark","time":6,"g":0,"name":"Section","angle":360},{"g":100,"r":137,"type":"setColor","color":0,"b":69,"time":0,"angle":67.5},{"time":0,"r":208,"type":"setColor","color":1,"b":126,"g":155,"angle":90},{"time":0,"color":0,"type":"setBgColor","angle":157.5},{"time":0,"color":1,"enable":true,"type":"outline","angle":180},{"type":"hom","time":13,"angle":315,"enable":true},{"time":13,"color":0,"enable":true,"type":"outline","angle":247.5},{"time":13,"color":1,"type":"setBgColor","angle":270},{"paddle":1,"newWidth":50,"time":0,"duration":0,"angle":270,"type":"paddles","ease":"linear"},{"time":6,"color":3,"chance":0,"type":"noise","angle":67.5},{"time":0,"color":3,"chance":0.07999999076128,"type":"noise","angle":225}]}