{"properties":{"formatversion":12,"loadBeat":-1,"offset":8,"speed":70,"startBeat":0},"metadata":{"artistLink":"","bg":true,"artist":"Saint Motel","songName":"Midnight Movies","charter":"klober","difficulty":0,"bgData":{"blueChannel":{"g":137,"r":230,"b":111},"greenChannel":{"g":121,"r":143,"b":135},"yellowChannel":{"g":85,"r":248,"b":65},"magentaChannel":{"g":224,"r":169,"b":224},"cyanChannel":{"g":214,"r":33,"b":228},"image":"cover.png","redChannel":{"g":113,"r":8,"b":145}},"description":"from My Type EP\n\nmy first level :)"},"events":[{"volume":1,"offset":0.29999968409538,"bpm":111.33300018311,"time":1,"angle":270,"type":"play","file":"smmm.ogg"},{"type":"hom","time":-3,"angle":270,"enable":true},{"type":"noise","color":0,"angle":315,"chance":0.69999998807907,"time":-3},{"color":0,"r":32,"g":214,"b":228,"type":"setColor","time":-3,"order":-99,"angle":112.5},{"type":"forcePlayerSprite","time":-3,"angle":360,"spriteName":"none"},{"color":1,"r":32,"g":214,"b":228,"type":"setColor","time":-3,"order":-98,"angle":90},{"g":85,"b":64,"type":"setColor","color":2,"angle":67.5,"r":247,"time":-3},{"type":"outline","color":2,"angle":67.5,"time":-2.5,"enable":true},{"time":411,"angle":315,"type":"showResults"},{"newWidth":0,"ease":"linear","type":"paddles","duration":0.5,"time":410.75,"angle":337.5,"paddle":1},{"newWidth":30,"ease":"linear","type":"paddles","duration":0.5,"time":368,"angle":180,"paddle":1},{"newWidth":15,"ease":"linear","type":"paddles","duration":0,"time":376,"angle":270,"paddle":1},{"newWidth":290,"ease":"inSine","duration":2,"angle":202.5,"newAngle":180,"type":"paddles","time":382,"paddle":1},{"newWidth":180,"ease":"inSine","type":"paddles","duration":2.5,"time":396.5,"angle":315,"paddle":1},{"paddle":1,"ease":"linear","duration":0.5,"angle":337.5,"newAngle":0,"type":"paddles","time":392,"newWidth":50}]}