{"events":[{"x":0,"time":-12,"y":0,"type":"deco","sprite":"waking!w","id":"waking","angle":247.5},{"angle":247.5,"time":0,"file":"remembered.ogg","type":"play","bpm":160,"volume":1},{"x":-20000,"time":14,"type":"deco","angle":247.5,"id":"waking","y":-20000},{"x":0,"sprite":"window.png","time":14,"type":"deco","y":0,"id":"window","angle":258.75},{"x":0,"sprite":"alarm!a","time":14.125,"type":"deco","y":0,"id":"alarm","angle":258.75},{"x":-20000,"time":14.125,"type":"deco","y":-20000,"id":"window","angle":270},{"x":0,"sprite":"ignoring!i","time":21,"type":"deco","y":0,"id":"ignore","angle":270},{"x":-20000,"time":21,"type":"deco","y":-20000,"id":"alarm","angle":258.75},{"x":-20000,"time":30,"type":"deco","y":-20000,"id":"ignore","angle":270},{"angle":225,"time":-12,"var":"scrollSpeed","type":"ease","value":1.5},{"angle":337.5,"color":5,"type":"noise","chance":0.34999999403954,"time":128},{"angle":270,"time":-12,"var":"p.fillColor","type":"ease","value":2},{"b":0,"color":2,"g":0,"type":"setColor","r":0,"angle":292.5,"time":-12},{"angle":292.5,"time":30,"var":"vfx.hglitch.strength","type":"ease","value":1000},{"ease":"outCubic","time":30,"var":"vfx.hglitch.strength","type":"ease","order":1,"duration":2,"angle":315,"value":1.5},{"x":249,"y":157,"id":"room","sprite":"room.png","type":"deco","angle":247.5,"time":30,"sx":0.44999998807907,"sy":0.44999998807907},{"b":0,"color":5,"angle":315,"type":"setColor","r":0,"g":0,"time":128},{"angle":292.5,"color":4,"type":"setBgColor","time":128},{"b":255,"color":4,"time":127,"type":"setColor","r":255,"g":255,"angle":292.5},{"angle":337.5,"time":123.5,"var":"scrollSpeed","type":"ease","value":2.5},{"x":249,"time":126,"hide":true,"id":"reveal","sprite":"roomreveal.png","angle":337.5,"type":"deco","ease":"linear","y":157,"sx":0.44999998807907,"sy":0.44999998807907},{"b":255,"color":3,"g":255,"type":"setColor","r":255,"angle":225,"time":128},{"angle":337.5,"time":143,"type":"deco","hide":true,"id":"reveal"},{"x":0,"y":0,"sprite":"box.png","type":"deco","angle":225,"id":"box","time":30},{"angle":202.5,"time":-12,"var":"vfx.hglitch.resolution","type":"ease","value":0.5},{"angle":22.5,"time":124,"type":"paddles","enabled":false,"paddle":1,"ease":"linear","duration":0},{"angle":22.5,"time":128,"type":"paddles","enabled":true,"duration":0,"ease":"linear","paddle":1},{"angle":337.5,"time":124,"var":"p.x","type":"ease","duration":0.5,"ease":"outCubic","value":350},{"angle":22.5,"time":125,"var":"p.x","type":"ease","duration":0.5,"ease":"outCubic","value":200},{"angle":315,"time":126,"var":"p.x","type":"ease","duration":0.5,"ease":"outCubic","value":425},{"angle":0,"time":127,"var":"p.x","type":"ease","duration":0.5,"ease":"outSine","value":300},{"x":299,"time":124,"id":"room","angle":0,"type":"deco","ease":"outCubic","duration":0.5,"sx":0.5,"sy":0.5},{"x":140,"time":125,"id":"room","angle":337.5,"type":"deco","ease":"outCubic","duration":0.5,"sx":0.60000002384186,"sy":0.60000002384186},{"x":318,"time":126,"id":"room","angle":360,"type":"deco","ease":"outCubic","duration":0.5,"sx":0.75,"sy":0.75},{"angle":315,"time":127,"type":"deco","hide":true,"id":"room"},{"x":318,"time":126,"id":"reveal","type":"deco","order":1,"angle":22.5,"sx":0.75,"sy":0.75},{"x":249,"time":127.5,"hide":false,"id":"reveal","angle":22.5,"ease":"outCubic","y":157,"type":"deco","order":1,"duration":0.5,"sx":0.44999998807907,"sy":0.44999998807907},{"x":249,"y":157,"hide":false,"id":"room","type":"deco","time":143,"angle":22.5,"sx":0.44999998807907,"sy":0.44999998807907},{"angle":360,"time":144,"type":"deco","hide":false,"id":"reveal"},{"angle":337.5,"color":5,"type":"noise","chance":0.25,"time":144},{"angle":360,"color":5,"type":"noise","chance":0,"time":143},{"angle":45,"time":128,"var":"vfx.canvPos.sy","type":"ease","value":1.25},{"ease":"linear","time":128,"var":"vfx.canvPos.sx","type":"ease","duration":0,"angle":67.5,"value":1.25},{"angle":90,"time":128,"var":"vfx.canvPos.sy","type":"ease","order":1,"duration":1,"ease":"outCubic","value":1},{"angle":112.5,"time":128,"var":"vfx.canvPos.sx","type":"ease","order":1,"duration":1,"ease":"outCubic","value":1},{"angle":45,"time":129,"var":"vfx.canvPos.sy","type":"ease","value":1.25},{"angle":67.5,"time":129,"var":"vfx.canvPos.sx","type":"ease","duration":0,"ease":"linear","value":1.25},{"ease":"outCubic","time":129,"var":"vfx.canvPos.sy","type":"ease","order":1,"duration":1,"angle":90,"value":1},{"ease":"outCubic","time":129,"var":"vfx.canvPos.sx","type":"ease","order":1,"duration":1,"angle":112.5,"value":1},{"angle":45,"time":130,"var":"vfx.canvPos.sy","type":"ease","value":1.25},{"angle":67.5,"time":130,"var":"vfx.canvPos.sx","type":"ease","duration":0,"ease":"linear","value":1.25},{"ease":"outCubic","time":130,"var":"vfx.canvPos.sy","type":"ease","order":1,"duration":1,"angle":90,"value":1},{"ease":"outCubic","time":130,"var":"vfx.canvPos.sx","type":"ease","order":1,"duration":1,"angle":112.5,"value":1},{"angle":67.5,"time":131,"var":"vfx.canvPos.sy","type":"ease","value":1.25},{"angle":90,"time":131,"var":"vfx.canvPos.sx","type":"ease","duration":0,"ease":"linear","value":1.25},{"ease":"outCubic","time":131,"var":"vfx.canvPos.sy","type":"ease","order":1,"duration":1,"angle":112.5,"value":1},{"ease":"outCubic","time":131,"var":"vfx.canvPos.sx","type":"ease","order":1,"duration":1,"angle":135,"value":1},{"angle":45,"time":132,"var":"vfx.canvPos.sy","type":"ease","value":1.25},{"angle":67.5,"time":132,"var":"vfx.canvPos.sx","type":"ease","duration":0,"ease":"linear","value":1.25},{"ease":"outCubic","time":132,"var":"vfx.canvPos.sy","type":"ease","order":1,"duration":1,"angle":90,"value":1},{"ease":"outCubic","time":132,"var":"vfx.canvPos.sx","type":"ease","order":1,"duration":1,"angle":112.5,"value":1},{"angle":45,"time":133,"var":"vfx.canvPos.sy","type":"ease","value":1.25},{"angle":67.5,"time":133,"var":"vfx.canvPos.sx","type":"ease","duration":0,"ease":"linear","value":1.25},{"ease":"outCubic","time":133,"var":"vfx.canvPos.sy","type":"ease","order":1,"duration":1,"angle":90,"value":1},{"ease":"outCubic","time":133,"var":"vfx.canvPos.sx","type":"ease","order":1,"duration":1,"angle":112.5,"value":1},{"angle":45,"time":134,"var":"vfx.canvPos.sy","type":"ease","value":1.25},{"angle":67.5,"time":134,"var":"vfx.canvPos.sx","type":"ease","duration":0,"ease":"linear","value":1.25},{"ease":"outCubic","time":134,"var":"vfx.canvPos.sy","type":"ease","order":1,"duration":1,"angle":90,"value":1},{"ease":"outCubic","time":134,"var":"vfx.canvPos.sx","type":"ease","order":1,"duration":1,"angle":112.5,"value":1},{"angle":45,"time":135,"var":"vfx.canvPos.sy","type":"ease","value":1.25},{"angle":67.5,"time":135,"var":"vfx.canvPos.sx","type":"ease","duration":0,"ease":"linear","value":1.25},{"ease":"outCubic","time":135,"var":"vfx.canvPos.sy","type":"ease","order":1,"duration":1,"angle":90,"value":1},{"ease":"outCubic","time":135,"var":"vfx.canvPos.sx","type":"ease","order":1,"duration":1,"angle":112.5,"value":1},{"angle":45,"time":136,"var":"vfx.canvPos.sy","type":"ease","value":1.25},{"angle":67.5,"time":136,"var":"vfx.canvPos.sx","type":"ease","duration":0,"ease":"linear","value":1.25},{"ease":"outCubic","time":136,"var":"vfx.canvPos.sy","type":"ease","order":1,"duration":1,"angle":90,"value":1},{"ease":"outCubic","time":136,"var":"vfx.canvPos.sx","type":"ease","order":1,"duration":1,"angle":112.5,"value":1},{"angle":45,"time":137,"var":"vfx.canvPos.sy","type":"ease","value":1.25},{"angle":67.5,"time":137,"var":"vfx.canvPos.sx","type":"ease","duration":0,"ease":"linear","value":1.25},{"ease":"outCubic","time":137,"var":"vfx.canvPos.sy","type":"ease","order":1,"duration":1,"angle":90,"value":1},{"ease":"outCubic","time":137,"var":"vfx.canvPos.sx","type":"ease","order":1,"duration":1,"angle":112.5,"value":1},{"angle":45,"time":138,"var":"vfx.canvPos.sy","type":"ease","value":1.25},{"angle":67.5,"time":138,"var":"vfx.canvPos.sx","type":"ease","duration":0,"ease":"linear","value":1.25},{"ease":"outCubic","time":138,"var":"vfx.canvPos.sy","type":"ease","order":1,"duration":1,"angle":90,"value":1},{"ease":"outCubic","time":138,"var":"vfx.canvPos.sx","type":"ease","order":1,"duration":1,"angle":112.5,"value":1},{"angle":45,"time":139,"var":"vfx.canvPos.sy","type":"ease","value":1.25},{"angle":67.5,"time":139,"var":"vfx.canvPos.sx","type":"ease","duration":0,"ease":"linear","value":1.25},{"ease":"outCubic","time":139,"var":"vfx.canvPos.sy","type":"ease","order":1,"duration":1,"angle":90,"value":1},{"ease":"outCubic","time":139,"var":"vfx.canvPos.sx","type":"ease","order":1,"duration":1,"angle":112.5,"value":1},{"angle":45,"time":140,"var":"vfx.canvPos.sy","type":"ease","value":1.25},{"angle":67.5,"time":140,"var":"vfx.canvPos.sx","type":"ease","duration":0,"ease":"linear","value":1.25},{"ease":"outCubic","time":140,"var":"vfx.canvPos.sy","type":"ease","order":1,"duration":1,"angle":90,"value":1},{"ease":"outCubic","time":140,"var":"vfx.canvPos.sx","type":"ease","order":1,"duration":1,"angle":112.5,"value":1},{"angle":45,"time":141,"var":"vfx.canvPos.sy","type":"ease","value":1.25},{"angle":67.5,"time":141,"var":"vfx.canvPos.sx","type":"ease","duration":0,"ease":"linear","value":1.25},{"ease":"outCubic","time":141,"var":"vfx.canvPos.sy","type":"ease","order":1,"duration":1,"angle":90,"value":1},{"ease":"outCubic","time":141,"var":"vfx.canvPos.sx","type":"ease","order":1,"duration":1,"angle":112.5,"value":1},{"angle":45,"time":142,"var":"vfx.canvPos.sy","type":"ease","value":1.25},{"angle":67.5,"time":142,"var":"vfx.canvPos.sx","type":"ease","duration":0,"ease":"linear","value":1.25},{"ease":"outCubic","time":142,"var":"vfx.canvPos.sy","type":"ease","order":1,"duration":1,"angle":90,"value":1},{"ease":"outCubic","time":142,"var":"vfx.canvPos.sx","type":"ease","order":1,"duration":1,"angle":112.5,"value":1},{"angle":45,"time":144,"var":"vfx.canvPos.sy","type":"ease","value":1.25},{"angle":67.5,"time":144,"var":"vfx.canvPos.sx","type":"ease","duration":0,"ease":"linear","value":1.25},{"ease":"outCubic","time":144,"var":"vfx.canvPos.sy","type":"ease","order":1,"duration":1,"angle":90,"value":1},{"ease":"outCubic","time":144,"var":"vfx.canvPos.sx","type":"ease","order":1,"duration":1,"angle":112.5,"value":1},{"angle":45,"time":145,"var":"vfx.canvPos.sy","type":"ease","value":1.25},{"angle":67.5,"time":145,"var":"vfx.canvPos.sx","type":"ease","duration":0,"ease":"linear","value":1.25},{"ease":"outCubic","time":145,"var":"vfx.canvPos.sy","type":"ease","order":1,"duration":1,"angle":90,"value":1},{"ease":"outCubic","time":145,"var":"vfx.canvPos.sx","type":"ease","order":1,"duration":1,"angle":112.5,"value":1},{"angle":45,"time":146,"var":"vfx.canvPos.sy","type":"ease","value":1.25},{"angle":67.5,"time":146,"var":"vfx.canvPos.sx","type":"ease","duration":0,"ease":"linear","value":1.25},{"ease":"outCubic","time":146,"var":"vfx.canvPos.sy","type":"ease","order":1,"duration":1,"angle":90,"value":1},{"ease":"outCubic","time":146,"var":"vfx.canvPos.sx","type":"ease","order":1,"duration":1,"angle":112.5,"value":1},{"angle":45,"time":147,"var":"vfx.canvPos.sy","type":"ease","value":1.25},{"angle":67.5,"time":147,"var":"vfx.canvPos.sx","type":"ease","duration":0,"ease":"linear","value":1.25},{"ease":"outCubic","time":147,"var":"vfx.canvPos.sy","type":"ease","order":1,"duration":1,"angle":90,"value":1},{"ease":"outCubic","time":147,"var":"vfx.canvPos.sx","type":"ease","order":1,"duration":1,"angle":112.5,"value":1},{"angle":45,"time":148,"var":"vfx.canvPos.sy","type":"ease","value":1.25},{"angle":67.5,"time":148,"var":"vfx.canvPos.sx","type":"ease","duration":0,"ease":"linear","value":1.25},{"ease":"outCubic","time":148,"var":"vfx.canvPos.sy","type":"ease","order":1,"duration":1,"angle":90,"value":1},{"ease":"outCubic","time":148,"var":"vfx.canvPos.sx","type":"ease","order":1,"duration":1,"angle":112.5,"value":1},{"angle":45,"time":149,"var":"vfx.canvPos.sy","type":"ease","value":1.25},{"angle":67.5,"time":149,"var":"vfx.canvPos.sx","type":"ease","duration":0,"ease":"linear","value":1.25},{"ease":"outCubic","time":149,"var":"vfx.canvPos.sy","type":"ease","order":1,"duration":1,"angle":90,"value":1},{"ease":"outCubic","time":149,"var":"vfx.canvPos.sx","type":"ease","order":1,"duration":1,"angle":112.5,"value":1},{"angle":45,"time":150,"var":"vfx.canvPos.sy","type":"ease","value":1.25},{"angle":67.5,"time":150,"var":"vfx.canvPos.sx","type":"ease","duration":0,"ease":"linear","value":1.25},{"ease":"outCubic","time":150,"var":"vfx.canvPos.sy","type":"ease","order":1,"duration":1,"angle":90,"value":1},{"ease":"outCubic","time":150,"var":"vfx.canvPos.sx","type":"ease","order":1,"duration":1,"angle":112.5,"value":1},{"angle":45,"time":151,"var":"vfx.canvPos.sy","type":"ease","value":1.25},{"angle":67.5,"time":151,"var":"vfx.canvPos.sx","type":"ease","duration":0,"ease":"linear","value":1.25},{"ease":"outCubic","time":151,"var":"vfx.canvPos.sy","type":"ease","order":1,"duration":1,"angle":90,"value":1},{"ease":"outCubic","time":151,"var":"vfx.canvPos.sx","type":"ease","order":1,"duration":1,"angle":112.5,"value":1},{"angle":45,"time":152,"var":"vfx.canvPos.sy","type":"ease","value":1.25},{"ease":"linear","time":152,"var":"vfx.canvPos.sx","type":"ease","duration":0,"angle":67.5,"value":1.25},{"ease":"outCubic","time":152,"var":"vfx.canvPos.sy","type":"ease","order":1,"duration":1,"angle":90,"value":1},{"ease":"outCubic","time":152,"var":"vfx.canvPos.sx","type":"ease","order":1,"duration":1,"angle":112.5,"value":1},{"angle":45,"time":153,"var":"vfx.canvPos.sy","type":"ease","value":1.25},{"ease":"linear","time":153,"var":"vfx.canvPos.sx","type":"ease","duration":0,"angle":67.5,"value":1.25},{"ease":"outCubic","time":153,"var":"vfx.canvPos.sy","type":"ease","order":1,"duration":1,"angle":90,"value":1},{"ease":"outCubic","time":153,"var":"vfx.canvPos.sx","type":"ease","order":1,"duration":1,"angle":112.5,"value":1},{"angle":45,"time":154,"var":"vfx.canvPos.sy","type":"ease","value":1.25},{"ease":"linear","time":154,"var":"vfx.canvPos.sx","type":"ease","duration":0,"angle":67.5,"value":1.25},{"ease":"outCubic","time":154,"var":"vfx.canvPos.sy","type":"ease","order":1,"duration":1,"angle":90,"value":1},{"ease":"outCubic","time":154,"var":"vfx.canvPos.sx","type":"ease","order":1,"duration":1,"angle":112.5,"value":1},{"angle":45,"time":155,"var":"vfx.canvPos.sy","type":"ease","value":1.25},{"ease":"linear","time":155,"var":"vfx.canvPos.sx","type":"ease","duration":0,"angle":67.5,"value":1.25},{"ease":"outCubic","time":155,"var":"vfx.canvPos.sy","type":"ease","order":1,"duration":1,"angle":90,"value":1},{"ease":"outCubic","time":155,"var":"vfx.canvPos.sx","type":"ease","order":1,"duration":1,"angle":112.5,"value":1},{"angle":45,"time":156,"var":"vfx.canvPos.sy","type":"ease","value":1.25},{"ease":"linear","time":156,"var":"vfx.canvPos.sx","type":"ease","duration":0,"angle":67.5,"value":1.25},{"ease":"outCubic","time":156,"var":"vfx.canvPos.sy","type":"ease","order":1,"duration":1,"angle":90,"value":1},{"ease":"outCubic","time":156,"var":"vfx.canvPos.sx","type":"ease","order":1,"duration":1,"angle":112.5,"value":1},{"angle":45,"time":157,"var":"vfx.canvPos.sy","type":"ease","value":1.25},{"ease":"linear","time":157,"var":"vfx.canvPos.sx","type":"ease","duration":0,"angle":67.5,"value":1.25},{"ease":"outCubic","time":157,"var":"vfx.canvPos.sy","type":"ease","order":1,"duration":1,"angle":90,"value":1},{"ease":"outCubic","time":157,"var":"vfx.canvPos.sx","type":"ease","order":1,"duration":1,"angle":112.5,"value":1},{"angle":45,"time":158,"var":"vfx.canvPos.sy","type":"ease","value":1.25},{"ease":"linear","time":158,"var":"vfx.canvPos.sx","type":"ease","duration":0,"angle":67.5,"value":1.25},{"ease":"outCubic","time":158,"var":"vfx.canvPos.sy","type":"ease","order":1,"duration":1,"angle":90,"value":1},{"ease":"outCubic","time":158,"var":"vfx.canvPos.sx","type":"ease","order":1,"duration":1,"angle":112.5,"value":1},{"angle":22.5,"time":160,"type":"noise","chance":0,"color":0},{"angle":0,"time":160,"var":"vfx.hglitch.strength","type":"ease","duration":5,"ease":"outCubic","value":500},{"b":0,"color":0,"g":0,"time":160,"type":"setColor","ease":"outCubic","r":0,"duration":2,"angle":45},{"angle":67.5,"time":160,"type":"setBgColor","color":0},{"angle":337.5,"time":160,"type":"deco","hide":true,"id":"reveal"},{"angle":315,"time":160,"type":"deco","hide":false,"id":"room"},{"b":255,"color":0,"g":255,"time":164,"type":"setColor","ease":"outCubic","r":255,"duration":15,"angle":22.5},{"angle":360,"time":164,"var":"vfx.hglitch.strength","type":"ease","duration":10,"ease":"outCubic","value":1.5},{"angle":337.5,"time":164,"type":"paddles","enabled":false,"duration":0,"ease":"linear","paddle":1},{"angle":315,"time":164,"type":"deco","hide":false,"id":"reveal"},{"angle":292.5,"time":164,"type":"deco","hide":true,"id":"room"},{"angle":45,"time":195,"var":"vfx.canvPos.sy","type":"ease","value":1.25},{"angle":67.5,"time":195,"var":"vfx.canvPos.sx","type":"ease","duration":0,"ease":"linear","value":1.25},{"ease":"outCubic","time":195,"var":"vfx.canvPos.sy","type":"ease","order":1,"duration":1,"angle":90,"value":1},{"ease":"outCubic","time":195,"var":"vfx.canvPos.sx","type":"ease","order":1,"duration":1,"angle":112.5,"value":1},{"angle":22.5,"time":196.5,"var":"vfx.canvPos.sy","type":"ease","value":1.25},{"angle":45,"time":196.5,"var":"vfx.canvPos.sx","type":"ease","duration":0,"ease":"linear","value":1.25},{"ease":"outCubic","time":196.5,"var":"vfx.canvPos.sy","type":"ease","order":1,"duration":1,"angle":67.5,"value":1},{"ease":"outCubic","time":196.5,"var":"vfx.canvPos.sx","type":"ease","order":1,"duration":1,"angle":90,"value":1},{"angle":45,"time":203,"var":"vfx.canvPos.sy","type":"ease","value":1.25},{"angle":67.5,"time":203,"var":"vfx.canvPos.sx","type":"ease","duration":0,"ease":"linear","value":1.25},{"ease":"outCubic","time":203,"var":"vfx.canvPos.sy","type":"ease","order":1,"duration":1,"angle":90,"value":1},{"ease":"outCubic","time":203,"var":"vfx.canvPos.sx","type":"ease","order":1,"duration":1,"angle":112.5,"value":1},{"angle":45,"time":204.5,"var":"vfx.canvPos.sy","type":"ease","value":1.25},{"angle":67.5,"time":204.5,"var":"vfx.canvPos.sx","type":"ease","duration":0,"ease":"linear","value":1.25},{"ease":"outCubic","time":204.5,"var":"vfx.canvPos.sy","type":"ease","order":1,"duration":1,"angle":90,"value":1},{"ease":"outCubic","time":204.5,"var":"vfx.canvPos.sx","type":"ease","order":1,"duration":1,"angle":112.5,"value":1},{"angle":360,"time":203,"paddle":1,"type":"paddles","duration":0.5,"ease":"outCubic","newWidth":20},{"angle":337.5,"time":203,"type":"paddles","enabled":true,"paddle":1,"ease":"linear","duration":0},{"angle":22.5,"time":204.5,"ease":"outCubic","type":"paddles","duration":0.5,"paddle":1,"newWidth":70},{"angle":180,"time":227,"var":"vfx.hglitch.strength","type":"ease","duration":2,"ease":"outCubic","value":1000},{"angle":202.5,"time":227,"g":0,"ease":"outCubic","type":"setColor","color":0,"duration":2,"r":0,"b":0},{"angle":157.5,"time":227,"type":"deco","hide":true,"id":"reveal"},{"angle":180,"time":228,"type":"showResults"},{"angle":315,"time":202,"ease":"linear","type":"paddles","duration":0,"paddle":1,"newWidth":0},{"angle":45,"time":211,"var":"vfx.canvPos.sy","type":"ease","value":1.25},{"angle":67.5,"time":211,"var":"vfx.canvPos.sx","type":"ease","duration":0,"ease":"linear","value":1.25},{"ease":"outCubic","time":211,"var":"vfx.canvPos.sy","type":"ease","order":1,"duration":1,"angle":90,"value":1},{"ease":"outCubic","time":211,"var":"vfx.canvPos.sx","type":"ease","order":1,"duration":1,"angle":112.5,"value":1},{"angle":45,"time":212.5,"var":"vfx.canvPos.sy","type":"ease","value":1.25},{"angle":67.5,"time":212.5,"var":"vfx.canvPos.sx","type":"ease","duration":0,"ease":"linear","value":1.25},{"ease":"outCubic","time":212.5,"var":"vfx.canvPos.sy","type":"ease","order":1,"duration":1,"angle":90,"value":1},{"ease":"outCubic","time":212.5,"var":"vfx.canvPos.sx","type":"ease","order":1,"duration":1,"angle":112.5,"value":1},{"angle":45,"time":219,"var":"vfx.canvPos.sy","type":"ease","value":1.25},{"angle":67.5,"time":219,"var":"vfx.canvPos.sx","type":"ease","duration":0,"ease":"linear","value":1.25},{"ease":"outCubic","time":219,"var":"vfx.canvPos.sy","type":"ease","order":1,"duration":1,"angle":90,"value":1},{"ease":"outCubic","time":219,"var":"vfx.canvPos.sx","type":"ease","order":1,"duration":1,"angle":112.5,"value":1},{"angle":45,"time":220.5,"var":"vfx.canvPos.sy","type":"ease","value":1.25},{"angle":67.5,"time":220.5,"var":"vfx.canvPos.sx","type":"ease","duration":0,"ease":"linear","value":1.25},{"ease":"outCubic","time":220.5,"var":"vfx.canvPos.sy","type":"ease","order":1,"duration":1,"angle":90,"value":1},{"ease":"outCubic","time":220.5,"var":"vfx.canvPos.sx","type":"ease","order":1,"duration":1,"angle":112.5,"value":1},{"angle":45,"time":164,"type":"noise","chance":0.75,"color":5},{"x":220,"time":127,"hide":false,"id":"reveal","angle":22.5,"type":"deco","order":1,"duration":0.5,"y":157,"ease":"outCubic"},{"angle":67.5,"time":96,"var":"vfx.canvPos.sy","type":"ease","value":1.1499999761581},{"angle":90,"time":96,"var":"vfx.canvPos.sx","type":"ease","value":1.1499999761581},{"ease":"outCubic","time":96,"var":"vfx.canvPos.sy","type":"ease","order":1,"duration":1,"angle":112.5,"value":1},{"ease":"outCubic","time":96,"var":"vfx.canvPos.sx","type":"ease","order":1,"duration":1,"angle":135,"value":1},{"angle":67.5,"time":97.5,"var":"vfx.canvPos.sy","type":"ease","value":1.1499999761581},{"angle":90,"time":97.5,"var":"vfx.canvPos.sx","type":"ease","value":1.1499999761581},{"ease":"outCubic","time":97.5,"var":"vfx.canvPos.sy","type":"ease","order":1,"duration":1,"angle":112.5,"value":1},{"ease":"outCubic","time":97.5,"var":"vfx.canvPos.sx","type":"ease","order":1,"duration":1,"angle":135,"value":1},{"angle":67.5,"time":98.5,"var":"vfx.canvPos.sy","type":"ease","value":1.1499999761581},{"angle":90,"time":98.5,"var":"vfx.canvPos.sx","type":"ease","value":1.1499999761581},{"ease":"outCubic","time":98.5,"var":"vfx.canvPos.sy","type":"ease","order":1,"duration":1,"angle":112.5,"value":1},{"ease":"outCubic","time":98.5,"var":"vfx.canvPos.sx","type":"ease","order":1,"duration":1,"angle":135,"value":1},{"angle":67.5,"time":99,"var":"vfx.canvPos.sy","type":"ease","value":1.1499999761581},{"angle":90,"time":99,"var":"vfx.canvPos.sx","type":"ease","value":1.1499999761581},{"ease":"outCubic","time":99,"var":"vfx.canvPos.sy","type":"ease","order":1,"duration":1,"angle":112.5,"value":1},{"ease":"outCubic","time":99,"var":"vfx.canvPos.sx","type":"ease","order":1,"duration":1,"angle":135,"value":1},{"angle":67.5,"time":101.5,"var":"vfx.canvPos.sy","type":"ease","value":1.1499999761581},{"angle":90,"time":101.5,"var":"vfx.canvPos.sx","type":"ease","value":1.1499999761581},{"ease":"outCubic","time":101.5,"var":"vfx.canvPos.sy","type":"ease","order":1,"duration":1,"angle":112.5,"value":1},{"ease":"outCubic","time":101.5,"var":"vfx.canvPos.sx","type":"ease","order":1,"duration":1,"angle":135,"value":1},{"angle":67.5,"time":102,"var":"vfx.canvPos.sy","type":"ease","value":1.1499999761581},{"angle":90,"time":102,"var":"vfx.canvPos.sx","type":"ease","value":1.1499999761581},{"ease":"outCubic","time":102,"var":"vfx.canvPos.sy","type":"ease","order":1,"duration":1,"angle":112.5,"value":1},{"ease":"outCubic","time":102,"var":"vfx.canvPos.sx","type":"ease","order":1,"duration":1,"angle":135,"value":1},{"angle":67.5,"time":100.5,"var":"vfx.canvPos.sy","type":"ease","value":1.1499999761581},{"angle":90,"time":100.5,"var":"vfx.canvPos.sx","type":"ease","value":1.1499999761581},{"ease":"outCubic","time":100.5,"var":"vfx.canvPos.sy","type":"ease","order":1,"duration":1,"angle":112.5,"value":1},{"ease":"outCubic","time":100.5,"var":"vfx.canvPos.sx","type":"ease","order":1,"duration":1,"angle":135,"value":1},{"angle":67.5,"time":103,"var":"vfx.canvPos.sy","type":"ease","value":1.1499999761581},{"angle":90,"time":103,"var":"vfx.canvPos.sx","type":"ease","value":1.1499999761581},{"ease":"outCubic","time":103,"var":"vfx.canvPos.sy","type":"ease","order":1,"duration":1,"angle":112.5,"value":1},{"ease":"outCubic","time":103,"var":"vfx.canvPos.sx","type":"ease","order":1,"duration":1,"angle":135,"value":1},{"angle":67.5,"time":104,"var":"vfx.canvPos.sy","type":"ease","value":1.1499999761581},{"angle":90,"time":104,"var":"vfx.canvPos.sx","type":"ease","value":1.1499999761581},{"ease":"outCubic","time":104,"var":"vfx.canvPos.sy","type":"ease","order":1,"duration":1,"angle":112.5,"value":1},{"ease":"outCubic","time":104,"var":"vfx.canvPos.sx","type":"ease","order":1,"duration":1,"angle":135,"value":1},{"angle":67.5,"time":105.5,"var":"vfx.canvPos.sy","type":"ease","value":1.1499999761581},{"angle":90,"time":105.5,"var":"vfx.canvPos.sx","type":"ease","value":1.1499999761581},{"ease":"outCubic","time":105.5,"var":"vfx.canvPos.sy","type":"ease","order":1,"duration":1,"angle":112.5,"value":1},{"ease":"outCubic","time":105.5,"var":"vfx.canvPos.sx","type":"ease","order":1,"duration":1,"angle":135,"value":1},{"angle":67.5,"time":106.5,"var":"vfx.canvPos.sy","type":"ease","value":1.1499999761581},{"angle":90,"time":106.5,"var":"vfx.canvPos.sx","type":"ease","value":1.1499999761581},{"ease":"outCubic","time":106.5,"var":"vfx.canvPos.sy","type":"ease","order":1,"duration":1,"angle":112.5,"value":1},{"ease":"outCubic","time":106.5,"var":"vfx.canvPos.sx","type":"ease","order":1,"duration":1,"angle":135,"value":1},{"angle":67.5,"time":107,"var":"vfx.canvPos.sy","type":"ease","value":1.1499999761581},{"angle":90,"time":107,"var":"vfx.canvPos.sx","type":"ease","value":1.1499999761581},{"ease":"outCubic","time":107,"var":"vfx.canvPos.sy","type":"ease","order":1,"duration":1,"angle":112.5,"value":1},{"ease":"outCubic","time":107,"var":"vfx.canvPos.sx","type":"ease","order":1,"duration":1,"angle":135,"value":1},{"angle":67.5,"time":107.5,"var":"vfx.canvPos.sy","type":"ease","value":1.1499999761581},{"angle":90,"time":107.5,"var":"vfx.canvPos.sx","type":"ease","value":1.1499999761581},{"ease":"outCubic","time":107.5,"var":"vfx.canvPos.sy","type":"ease","order":1,"duration":1,"angle":112.5,"value":1},{"ease":"outCubic","time":107.5,"var":"vfx.canvPos.sx","type":"ease","order":1,"duration":1,"angle":135,"value":1},{"angle":67.5,"time":108,"var":"vfx.canvPos.sy","type":"ease","value":1.1499999761581},{"angle":90,"time":108,"var":"vfx.canvPos.sx","type":"ease","value":1.1499999761581},{"ease":"outCubic","time":108,"var":"vfx.canvPos.sy","type":"ease","order":1,"duration":1,"angle":112.5,"value":1},{"ease":"outCubic","time":108,"var":"vfx.canvPos.sx","type":"ease","order":1,"duration":1,"angle":135,"value":1},{"angle":67.5,"time":108.5,"var":"vfx.canvPos.sy","type":"ease","value":1.1499999761581},{"angle":90,"time":108.5,"var":"vfx.canvPos.sx","type":"ease","value":1.1499999761581},{"ease":"outCubic","time":108.5,"var":"vfx.canvPos.sy","type":"ease","order":1,"duration":1,"angle":112.5,"value":1},{"ease":"outCubic","time":108.5,"var":"vfx.canvPos.sx","type":"ease","order":1,"duration":1,"angle":135,"value":1},{"angle":67.5,"time":109.5,"var":"vfx.canvPos.sy","type":"ease","value":1.1499999761581},{"angle":90,"time":109.5,"var":"vfx.canvPos.sx","type":"ease","value":1.1499999761581},{"ease":"outCubic","time":109.5,"var":"vfx.canvPos.sy","type":"ease","order":1,"duration":1,"angle":112.5,"value":1},{"ease":"outCubic","time":109.5,"var":"vfx.canvPos.sx","type":"ease","order":1,"duration":1,"angle":135,"value":1},{"angle":67.5,"time":110,"var":"vfx.canvPos.sy","type":"ease","value":1.1499999761581},{"angle":90,"time":110,"var":"vfx.canvPos.sx","type":"ease","value":1.1499999761581},{"ease":"outCubic","time":110,"var":"vfx.canvPos.sy","type":"ease","order":1,"duration":1,"angle":112.5,"value":1},{"ease":"outCubic","time":110,"var":"vfx.canvPos.sx","type":"ease","order":1,"duration":1,"angle":135,"value":1},{"angle":67.5,"time":110.5,"var":"vfx.canvPos.sy","type":"ease","value":1.1499999761581},{"angle":90,"time":110.5,"var":"vfx.canvPos.sx","type":"ease","value":1.1499999761581},{"ease":"outCubic","time":110.5,"var":"vfx.canvPos.sy","type":"ease","order":1,"duration":1,"angle":112.5,"value":1},{"ease":"outCubic","time":110.5,"var":"vfx.canvPos.sx","type":"ease","order":1,"duration":1,"angle":135,"value":1},{"angle":67.5,"time":111.5,"var":"vfx.canvPos.sy","type":"ease","value":1.1499999761581},{"angle":90,"time":111.5,"var":"vfx.canvPos.sx","type":"ease","value":1.1499999761581},{"ease":"outCubic","time":111.5,"var":"vfx.canvPos.sy","type":"ease","order":1,"duration":1,"angle":112.5,"value":1},{"ease":"outCubic","time":111.5,"var":"vfx.canvPos.sx","type":"ease","order":1,"duration":1,"angle":135,"value":1},{"angle":67.5,"time":112,"var":"vfx.canvPos.sy","type":"ease","value":1.1499999761581},{"angle":90,"time":112,"var":"vfx.canvPos.sx","type":"ease","value":1.1499999761581},{"ease":"outCubic","time":112,"var":"vfx.canvPos.sy","type":"ease","order":1,"duration":1,"angle":112.5,"value":1},{"ease":"outCubic","time":112,"var":"vfx.canvPos.sx","type":"ease","order":1,"duration":1,"angle":135,"value":1},{"angle":67.5,"time":113.5,"var":"vfx.canvPos.sy","type":"ease","value":1.1499999761581},{"angle":90,"time":113.5,"var":"vfx.canvPos.sx","type":"ease","value":1.1499999761581},{"ease":"outCubic","time":113.5,"var":"vfx.canvPos.sy","type":"ease","order":1,"duration":1,"angle":112.5,"value":1},{"ease":"outCubic","time":113.5,"var":"vfx.canvPos.sx","type":"ease","order":1,"duration":1,"angle":135,"value":1},{"angle":67.5,"time":114.5,"var":"vfx.canvPos.sy","type":"ease","value":1.1499999761581},{"angle":90,"time":114.5,"var":"vfx.canvPos.sx","type":"ease","value":1.1499999761581},{"ease":"outCubic","time":114.5,"var":"vfx.canvPos.sy","type":"ease","order":1,"duration":1,"angle":112.5,"value":1},{"ease":"outCubic","time":114.5,"var":"vfx.canvPos.sx","type":"ease","order":1,"duration":1,"angle":135,"value":1},{"angle":67.5,"time":115,"var":"vfx.canvPos.sy","type":"ease","value":1.1499999761581},{"angle":90,"time":115,"var":"vfx.canvPos.sx","type":"ease","value":1.1499999761581},{"ease":"outCubic","time":115,"var":"vfx.canvPos.sy","type":"ease","order":1,"duration":1,"angle":112.5,"value":1},{"ease":"outCubic","time":115,"var":"vfx.canvPos.sx","type":"ease","order":1,"duration":1,"angle":135,"value":1},{"angle":67.5,"time":116.5,"var":"vfx.canvPos.sy","type":"ease","value":1.1499999761581},{"angle":90,"time":116.5,"var":"vfx.canvPos.sx","type":"ease","value":1.1499999761581},{"ease":"outCubic","time":116.5,"var":"vfx.canvPos.sy","type":"ease","order":1,"duration":1,"angle":112.5,"value":1},{"ease":"outCubic","time":116.5,"var":"vfx.canvPos.sx","type":"ease","order":1,"duration":1,"angle":135,"value":1},{"angle":67.5,"time":117.5,"var":"vfx.canvPos.sy","type":"ease","value":1.1499999761581},{"angle":90,"time":117.5,"var":"vfx.canvPos.sx","type":"ease","value":1.1499999761581},{"ease":"outCubic","time":117.5,"var":"vfx.canvPos.sy","type":"ease","order":1,"duration":1,"angle":112.5,"value":1},{"ease":"outCubic","time":117.5,"var":"vfx.canvPos.sx","type":"ease","order":1,"duration":1,"angle":135,"value":1},{"angle":67.5,"time":118,"var":"vfx.canvPos.sy","type":"ease","value":1.1499999761581},{"angle":90,"time":118,"var":"vfx.canvPos.sx","type":"ease","value":1.1499999761581},{"ease":"outCubic","time":118,"var":"vfx.canvPos.sy","type":"ease","order":1,"duration":1,"angle":112.5,"value":1},{"ease":"outCubic","time":118,"var":"vfx.canvPos.sx","type":"ease","order":1,"duration":1,"angle":135,"value":1},{"angle":67.5,"time":119,"var":"vfx.canvPos.sy","type":"ease","value":1.1499999761581},{"angle":90,"time":119,"var":"vfx.canvPos.sx","type":"ease","value":1.1499999761581},{"ease":"outCubic","time":119,"var":"vfx.canvPos.sy","type":"ease","order":1,"duration":1,"angle":112.5,"value":1},{"ease":"outCubic","time":119,"var":"vfx.canvPos.sx","type":"ease","order":1,"duration":1,"angle":135,"value":1},{"angle":67.5,"time":120,"var":"vfx.canvPos.sy","type":"ease","value":1.1499999761581},{"angle":90,"time":120,"var":"vfx.canvPos.sx","type":"ease","value":1.1499999761581},{"ease":"outCubic","time":120,"var":"vfx.canvPos.sy","type":"ease","order":1,"duration":1,"angle":112.5,"value":1},{"ease":"outCubic","time":120,"var":"vfx.canvPos.sx","type":"ease","order":1,"duration":1,"angle":135,"value":1},{"angle":67.5,"time":121.5,"var":"vfx.canvPos.sy","type":"ease","value":1.1499999761581},{"angle":90,"time":121.5,"var":"vfx.canvPos.sx","type":"ease","value":1.1499999761581},{"ease":"outCubic","time":121.5,"var":"vfx.canvPos.sy","type":"ease","order":1,"duration":1,"angle":112.5,"value":1},{"ease":"outCubic","time":121.5,"var":"vfx.canvPos.sx","type":"ease","order":1,"duration":1,"angle":135,"value":1},{"angle":67.5,"time":122.5,"var":"vfx.canvPos.sy","type":"ease","value":1.1499999761581},{"angle":90,"time":122.5,"var":"vfx.canvPos.sx","type":"ease","value":1.1499999761581},{"ease":"outCubic","time":122.5,"var":"vfx.canvPos.sy","type":"ease","order":1,"duration":1,"angle":112.5,"value":1},{"ease":"outCubic","time":122.5,"var":"vfx.canvPos.sx","type":"ease","order":1,"duration":1,"angle":135,"value":1},{"angle":67.5,"time":123,"var":"vfx.canvPos.sy","type":"ease","value":1.1499999761581},{"angle":90,"time":123,"var":"vfx.canvPos.sx","type":"ease","value":1.1499999761581},{"ease":"outCubic","time":123,"var":"vfx.canvPos.sy","type":"ease","order":1,"duration":1,"angle":112.5,"value":1},{"ease":"outCubic","time":123,"var":"vfx.canvPos.sx","type":"ease","order":1,"duration":1,"angle":135,"value":1},{"angle":67.5,"time":124,"var":"vfx.canvPos.sy","type":"ease","value":1.1499999761581},{"angle":90,"time":124,"var":"vfx.canvPos.sx","type":"ease","value":1.1499999761581},{"angle":67.5,"time":125,"var":"vfx.canvPos.sy","type":"ease","value":1.25},{"angle":90,"time":125,"var":"vfx.canvPos.sx","type":"ease","value":1.25},{"angle":67.5,"time":126,"var":"vfx.canvPos.sy","type":"ease","value":1.5},{"angle":90,"time":126,"var":"vfx.canvPos.sx","type":"ease","value":1.5},{"angle":67.5,"time":127,"var":"vfx.canvPos.sy","type":"ease","value":1.75},{"angle":90,"time":127,"var":"vfx.canvPos.sx","type":"ease","value":1.75},{"angle":112.5,"time":127.5,"var":"vfx.canvPos.sy","type":"ease","duration":0.5,"ease":"outCubic","value":1},{"angle":135,"time":127.5,"var":"vfx.canvPos.sx","type":"ease","duration":0.5,"ease":"outCubic","value":1},{"angle":67.5,"time":164,"id":"day","x":184,"y":255,"sprite":"","ease":"outCubic","type":"deco","order":1,"duration":1,"sx":0.75,"sy":0.75},{"angle":90,"time":164,"id":"day","sprite":"day.png","y":500,"type":"deco","order":0,"x":184,"sx":0.75,"sy":0.75},{"angle":45,"time":177,"type":"deco","hide":true,"id":"day"},{"angle":22.5,"time":177,"id":"outside","sprite":"outside.png","type":"deco","x":180,"y":255,"sx":0.75,"sy":0.75},{"angle":22.5,"time":191,"type":"deco","hide":true,"id":"outside"},{"angle":45,"time":191,"id":"friends","sprite":"friends.png","type":"deco","x":152,"y":255,"sx":0.75,"sy":0.75},{"angle":22.5,"time":205,"id":"family","sprite":"family.png","type":"deco","x":250,"y":255,"sx":0.75,"sy":0.75},{"angle":45,"time":205,"type":"deco","hide":true,"id":"friends"},{"angle":292.5,"time":210.625,"id":"family","type":"deco","ease":"inOutElastic","duration":2,"y":350,"x":250}],"properties":{"formatversion":12,"offset":8,"speed":70,"startBeat":0},"metadata":{"artist":"vladosikos17, Dead Air","bgData":{"image":"cover.png","redChannel":{"b":0,"g":0,"r":255},"blueChannel":{"b":255,"g":0,"r":0},"greenChannel":{"b":255,"g":255,"r":255},"yellowChannel":{"b":255,"g":255,"r":255},"magentaChannel":{"b":255,"g":255,"r":255},"cyanChannel":{"b":255,"g":255,"r":255}},"artistLink":"https://www.youtube.com/watch?v=XBaNxAxSayQ","charter":"grunt_plays","songName":"Remembered","description":"do you know what day it is?\nwhen did you last go outside?\nwhen did you last see your friends?\nyour family?\n\n***>>FEATURES EYE STRAIN<<***","difficulty":5,"bg":true}}