{"events":[{"angle":270,"offset":0.10000000149012,"type":"play","file":"I-can_t-sing-a-love-song.ogg","bpm":185,"time":-1,"volume":1},{"angle":202.5,"b":0,"type":"setColor","r":0,"color":0,"time":-3,"g":0},{"color":1,"b":78,"type":"setColor","r":210,"g":86,"time":-3,"angle":225},{"angle":270,"var":"vfx.canvPos.sx","type":"ease","time":-3,"value":1.5},{"angle":247.5,"var":"vfx.canvPos.sy","type":"ease","time":-3,"value":1.5},{"angle":292.5,"var":"vfx.canvPos.x","type":"ease","time":-3,"value":100},{"angle":315,"var":"vfx.canvPos.y","type":"ease","time":-3,"value":180},{"angle":135,"description":"","b":0,"time":16,"type":"bookmark","g":0,"r":255,"name":"Section"},{"duration":1,"var":"vfx.canvPos.y","ease":"inOutSine","type":"ease","angle":225,"time":15,"value":180},{"duration":1,"var":"vfx.canvPos.x","ease":"inOutSine","type":"ease","angle":135,"time":15,"value":300},{"angle":247.5,"ease":"inOutSine","paddle":2,"time":27,"duration":0.5,"type":"paddles","enabled":true,"newAngle":180},{"color":0,"b":0,"type":"setColor","r":0,"g":0,"time":30.5,"angle":247.5},{"color":1,"b":0,"type":"setColor","r":0,"g":0,"time":30.5,"angle":225},{"color":2,"b":78,"type":"setColor","r":199,"g":88,"time":31.5,"angle":180},{"enabled":false,"ease":"linear","type":"paddles","paddle":2,"duration":0,"time":31,"angle":180},{"angle":225,"ease":"inOutSine","paddle":2,"time":56.25,"duration":0.5,"newAngle":-180,"newWidth":160,"order":1,"type":"paddles"},{"angle":247.5,"ease":"linear","paddle":2,"time":56.25,"enabled":true,"type":"paddles","newAngle":0,"order":0,"duration":0},{"duration":0.5,"var":"vfx.canvPos.sx","ease":"inOutSine","type":"ease","angle":157.5,"time":31.5,"value":1},{"duration":0.5,"var":"vfx.canvPos.sy","ease":"inOutSine","type":"ease","angle":135,"time":31.5,"value":1},{"color":0,"b":197,"type":"setColor","r":238,"g":183,"time":64,"angle":247.5},{"color":1,"b":129,"type":"setColor","r":218,"g":98,"time":64,"angle":202.5},{"angle":180,"ease":"inOutSine","paddle":2,"time":63.5,"duration":0.5,"newAngle":0,"newWidth":70,"type":"paddles"},{"enabled":false,"ease":"linear","type":"paddles","paddle":2,"duration":0,"time":64,"angle":180},{"duration":0.25,"var":"vfx.canvPos.sy","ease":"inOutSine","type":"ease","angle":210,"time":57,"value":1.1000000238419},{"duration":0.25,"var":"vfx.canvPos.sx","ease":"inOutSine","type":"ease","angle":195,"time":57,"value":1.1000000238419},{"duration":0.25,"var":"vfx.canvPos.sy","ease":"inOutSine","type":"ease","angle":150,"time":58,"value":1.2000000476837},{"duration":0.25,"var":"vfx.canvPos.sx","ease":"inOutSine","type":"ease","angle":135,"time":58,"value":1.2000000476837},{"duration":0.25,"var":"vfx.canvPos.sy","ease":"inOutSine","type":"ease","angle":210,"time":59,"value":1.2999999523163},{"duration":0.25,"var":"vfx.canvPos.sx","ease":"inOutSine","type":"ease","angle":225,"time":59,"value":1.2999999523163},{"duration":0.5,"var":"vfx.canvPos.sy","ease":"inOutSine","type":"ease","angle":165,"time":64,"value":1},{"duration":0.5,"var":"vfx.canvPos.sx","ease":"inOutSine","type":"ease","angle":150,"time":64,"value":1},{"duration":0.5,"var":"vfx.canvPos.r","ease":"inOutQuad","type":"ease","angle":135,"time":1.5,"value":-5},{"duration":0.5,"var":"vfx.canvPos.sy","ease":"inOutQuad","type":"ease","angle":157.5,"time":1.5,"value":2},{"duration":0.5,"var":"vfx.canvPos.sx","ease":"inOutQuad","type":"ease","angle":180,"time":1.5,"value":2},{"duration":0.5,"var":"vfx.canvPos.r","ease":"inOutQuad","type":"ease","angle":135,"time":4,"value":0},{"duration":0.5,"var":"vfx.canvPos.sy","ease":"inOutQuad","type":"ease","angle":157.5,"time":4,"value":1.5},{"duration":0.5,"var":"vfx.canvPos.sx","ease":"inOutQuad","type":"ease","angle":180,"time":4,"value":1.5},{"duration":0.5,"var":"vfx.canvPos.r","ease":"inOutSine","type":"ease","angle":135,"time":5.5,"value":-5},{"duration":0.5,"var":"vfx.canvPos.sy","ease":"inOutQuad","type":"ease","angle":157.5,"time":5.5,"value":2},{"duration":0.5,"var":"vfx.canvPos.sx","ease":"inOutSine","type":"ease","angle":180,"time":5.5,"value":2},{"duration":0.5,"var":"vfx.canvPos.r","ease":"inOutSine","type":"ease","angle":247.5,"time":8,"value":0},{"duration":0.5,"var":"vfx.canvPos.sy","ease":"inOutQuad","type":"ease","angle":270,"time":8,"value":1.5},{"duration":0.5,"var":"vfx.canvPos.sx","ease":"inOutQuad","type":"ease","angle":292.5,"time":8,"value":1.5},{"duration":0.5,"var":"vfx.canvPos.sy","ease":"inOutQuad","type":"ease","angle":270,"time":9.5,"value":2},{"duration":0.5,"var":"vfx.canvPos.r","ease":"inOutQuad","type":"ease","angle":247.5,"time":9.5,"value":5},{"duration":0.5,"var":"vfx.canvPos.sx","ease":"inOutQuad","type":"ease","angle":292.5,"time":9.5,"value":2},{"duration":0.5,"var":"vfx.canvPos.r","ease":"inOutQuad","type":"ease","angle":247.5,"time":12,"value":0},{"duration":0.5,"var":"vfx.canvPos.sy","ease":"inOutQuad","type":"ease","angle":270,"time":12,"value":1.5},{"duration":0.5,"var":"vfx.canvPos.sx","ease":"inOutQuad","type":"ease","angle":292.5,"time":12,"value":1.5},{"duration":0.5,"var":"vfx.canvPos.sx","ease":"inOutQuad","type":"ease","angle":292.5,"time":13.5,"value":2},{"duration":0.5,"var":"vfx.canvPos.sy","ease":"inOutSine","type":"ease","angle":270,"time":13.5,"value":2},{"duration":0.5,"var":"vfx.canvPos.r","ease":"inOutQuad","type":"ease","angle":247.5,"time":13.5,"value":-5},{"duration":1,"var":"vfx.canvPos.sx","ease":"inOutQuad","type":"ease","angle":247.5,"time":15,"value":1},{"duration":1,"var":"vfx.canvPos.sy","ease":"inOutQuad","type":"ease","angle":270,"time":15,"value":1},{"duration":1,"var":"vfx.canvPos.r","ease":"inOutSine","type":"ease","angle":292.5,"time":15,"value":0},{"angle":225,"type":"hom","enable":true,"time":31.5},{"angle":247.5,"chance":0.20000000298023,"type":"noise","time":31.5,"color":0},{"angle":135,"type":"hom","enable":false,"time":64},{"angle":247.5,"x":0,"y":150,"time":27.5,"recolor":6,"sprite":"bar.png","type":"deco","id":"bar1"},{"angle":202.5,"ease":"outSine","y":-150,"time":27.5,"recolor":6,"duration":4,"sprite":"bar.png","type":"deco","id":"bar2","x":0},{"angle":112.5,"y":180,"type":"deco","id":"bar1","time":31.5},{"angle":90,"y":-180,"type":"deco","id":"bar2","time":31.5},{"angle":112.5,"type":"deco","hide":true,"id":"bar1","time":64},{"angle":90,"type":"deco","hide":true,"id":"bar2","time":64},{"angle":225,"description":"","b":0,"time":96,"type":"bookmark","g":0,"r":255,"name":"Section"},{"angle":135,"var":"vfx.drawUI","enable":false,"time":27.5,"type":"setBoolean"},{"angle":270,"var":"vfx.drawUI","enable":true,"time":31.5,"type":"setBoolean"},{"angle":202.5,"x":0,"y":25,"drawLayer":"bg","recolor":1,"sprite":"stripes!stripes","type":"deco","r":-5,"id":"stripes","time":1.5},{"angle":202.5,"type":"deco","hide":true,"id":"stripes","time":4},{"angle":202.5,"type":"deco","hide":false,"id":"stripes","time":5.5},{"angle":315,"y":-25,"type":"deco","r":5,"hide":false,"time":9.5,"id":"stripes"},{"angle":225,"type":"deco","hide":true,"id":"stripes","time":8},{"angle":315,"type":"deco","hide":true,"id":"stripes","time":12},{"angle":315,"type":"deco","hide":false,"id":"stripes","time":13.5},{"angle":315,"type":"deco","hide":true,"id":"stripes","time":15},{"color":1,"b":129,"type":"setColor","r":218,"g":98,"time":16,"angle":225},{"color":2,"b":197,"type":"setColor","r":238,"g":183,"time":16,"angle":270},{"angle":247.5,"x":0,"y":0,"drawLayer":"bg","sprite":"back.png","type":"deco","id":"back","order":0,"time":16},{"color":0,"b":197,"type":"setColor","r":238,"g":183,"time":16,"angle":292.5},{"angle":67.5,"type":"deco","hide":true,"id":"back","time":30.5},{"angle":292.5,"type":"deco","hide":false,"id":"back","time":64},{"color":2,"b":197,"type":"setColor","r":238,"g":183,"time":64,"angle":315},{"color":6,"b":0,"type":"setColor","r":0,"g":0,"time":27.5,"angle":225},{"duration":1,"var":"vfx.canvPos.sx","ease":"outQuad","type":"ease","angle":22.5,"time":104,"value":1.2000000476837},{"duration":1,"var":"vfx.canvPos.sy","ease":"outQuad","type":"ease","angle":45,"time":104,"value":1.2000000476837},{"duration":1,"var":"vfx.canvPos.sy","ease":"outQuad","type":"ease","angle":225,"time":105.5,"value":1.3999999761581},{"duration":1,"var":"vfx.canvPos.sx","ease":"outQuad","type":"ease","angle":247.5,"time":105.5,"value":1.3999999761581},{"duration":1,"var":"vfx.canvPos.sx","ease":"outQuad","type":"ease","angle":22.5,"time":107,"value":1.6000000238419},{"duration":1,"var":"vfx.canvPos.sy","ease":"outQuad","type":"ease","angle":45,"time":107,"value":1.6000000238419},{"duration":2.5,"var":"vfx.canvPos.sx","ease":"inOutQuad","type":"ease","angle":157.5,"time":108.75,"value":1},{"duration":2.5,"var":"vfx.canvPos.sy","ease":"inOutQuad","type":"ease","angle":135,"time":108.75,"value":1},{"angle":90,"x":0,"y":0,"drawLayer":"bg","sprite":"shuraba!shu","type":"deco","id":"shu","time":96},{"angle":135,"x":0,"y":0,"drawLayer":"bg","sprite":"shuraba!ra","type":"deco","id":"ra","time":97.5},{"angle":90,"x":0,"y":0,"drawLayer":"bg","sprite":"shuraba!ba","type":"deco","id":"ba","time":99},{"angle":157.5,"type":"deco","hide":true,"id":"ba","time":102},{"angle":112.5,"type":"deco","hide":true,"id":"shu","time":97.5},{"angle":112.5,"type":"deco","hide":true,"id":"ra","time":99},{"angle":315,"x":0,"y":0,"drawLayer":"bg","sprite":"okinai!o","type":"deco","id":"o","time":103.5},{"angle":135,"x":0,"y":0,"drawLayer":"bg","sprite":"okinai!ki","type":"deco","id":"ki","time":105.5},{"angle":90,"x":0,"y":0,"drawLayer":"bg","sprite":"okinai!nai","type":"deco","id":"nai","time":107},{"angle":112.5,"type":"deco","hide":true,"id":"o","time":105.5},{"angle":112.5,"type":"deco","hide":true,"id":"ki","time":107},{"angle":112.5,"type":"deco","hide":true,"id":"nai","time":109.25},{"duration":1,"var":"vfx.canvPos.sx","ease":"outQuad","type":"ease","angle":337.5,"time":111.75,"value":1.25},{"duration":1,"var":"vfx.canvPos.sy","ease":"outQuad","type":"ease","angle":315,"time":111.75,"value":1.25},{"angle":292.5,"x":0,"y":0,"drawLayer":"bg","sprite":"watashi!wa","type":"deco","id":"wa","time":111.75},{"duration":1,"var":"vfx.canvPos.sy","ease":"outQuad","type":"ease","angle":315,"time":113.25,"value":1.5},{"duration":1,"var":"vfx.canvPos.sx","ease":"outQuad","type":"ease","angle":292.5,"time":113.25,"value":1.5},{"angle":202.5,"type":"deco","hide":true,"id":"wa","time":113.25},{"angle":247.5,"x":0,"y":0,"drawLayer":"bg","sprite":"watashi!ta","type":"deco","id":"ta","time":113.25},{"duration":1,"var":"vfx.canvPos.sx","ease":"outQuad","type":"ease","angle":337.5,"time":114.75,"value":1.75},{"duration":1,"var":"vfx.canvPos.sy","ease":"outQuad","type":"ease","angle":315,"time":114.75,"value":1.75},{"angle":292.5,"type":"deco","hide":true,"id":"ta","time":114.75},{"angle":270,"x":0,"y":0,"drawLayer":"bg","sprite":"watashi!shi","type":"deco","id":"shi","time":114.75},{"color":1,"b":78,"type":"setColor","r":199,"g":88,"time":31.5,"angle":202.5},{"angle":337.5,"type":"deco","hide":true,"id":"shi","time":118.75},{"color":5,"b":183,"type":"setColor","r":234,"g":166,"time":16,"angle":315},{"angle":180,"description":"","b":0,"time":128,"type":"bookmark","g":0,"r":255,"name":"Section"},{"enabled":true,"ease":"linear","type":"paddles","paddle":2,"duration":0,"time":123,"angle":225},{"duration":0.5,"ease":"inOutQuad","type":"paddles","paddle":2,"newAngle":180,"time":123.5,"angle":225},{"color":0,"b":0,"type":"setColor","r":0,"g":0,"time":131.5,"angle":202.5},{"angle":270,"type":"deco","hide":true,"id":"back","time":131.5},{"angle":247.5,"description":"","b":0,"time":136,"type":"bookmark","g":0,"r":255,"name":"Section"},{"angle":236.25,"drawOrder":0,"hide":false,"id":"back","time":136,"type":"deco"},{"color":6,"b":255,"type":"setColor","r":254,"g":255,"time":131.5,"angle":292},{"enabled":false,"ease":"linear","type":"paddles","paddle":2,"duration":0,"time":131.625,"angle":247.5},{"color":1,"b":0,"type":"setColor","r":0,"g":0,"time":131.5,"angle":180},{"angle":292.5,"type":"outline","enable":false,"color":0,"time":30.5},{"angle":157.5,"type":"outline","enable":false,"color":0,"time":131.5},{"angle":225,"ease":"linear","time":132.5,"g":98,"duration":4,"type":"setColor","r":218,"b":129,"color":1},{"angle":281.25,"ease":"linear","paddle":2,"time":146,"duration":0,"type":"paddles","enabled":true,"newAngle":180},{"angle":225,"ease":"linear","paddle":2,"time":152,"duration":0,"type":"paddles","enabled":true,"newAngle":90},{"angle":210,"ease":"linear","paddle":3,"time":152,"duration":0,"type":"paddles","enabled":true,"newAngle":180},{"angle":195,"ease":"linear","paddle":4,"time":152,"duration":0,"type":"paddles","enabled":true,"newAngle":270},{"duration":1,"ease":"inOutSine","type":"paddles","paddle":2,"newAngle":0,"time":157.25,"angle":270},{"duration":1,"ease":"inOutSine","type":"paddles","paddle":3,"newAngle":0,"time":157.25,"angle":285},{"duration":1,"ease":"inOutSine","type":"paddles","paddle":4,"newAngle":0,"time":157.25,"angle":300},{"enabled":false,"ease":"linear","type":"paddles","paddle":2,"duration":0,"time":159,"angle":315},{"enabled":false,"ease":"linear","type":"paddles","paddle":3,"duration":0,"time":159,"angle":337.5},{"enabled":false,"ease":"linear","type":"paddles","paddle":4,"duration":0,"time":159,"angle":0},{"angle":337.5,"ease":"inOutSine","paddle":1,"time":163,"duration":0.5,"type":"paddles","newWidth":30,"enabled":true},{"duration":0.5,"ease":"inOutSine","type":"paddles","paddle":1,"newWidth":70,"time":164,"angle":337.5},{"duration":0.5,"ease":"inOutSine","type":"paddles","paddle":1,"newWidth":30,"time":143,"angle":247.5},{"duration":0.5,"ease":"inOutSine","type":"paddles","paddle":1,"newWidth":70,"time":144,"angle":247.5},{"duration":0.5,"ease":"inOutSine","type":"paddles","paddle":1,"newWidth":30,"time":158.75,"angle":150},{"duration":0.5,"ease":"inOutSine","type":"paddles","paddle":1,"newWidth":70,"time":159.75,"angle":165},{"angle":112.5,"ease":"linear","paddle":2,"time":184,"duration":0,"type":"paddles","enabled":true,"newAngle":180},{"duration":0.5,"ease":"linear","type":"paddles","paddle":1,"newWidth":180,"time":207.5,"angle":22.5},{"duration":0.5,"ease":"linear","type":"paddles","paddle":2,"newWidth":180,"time":207.5,"angle":45},{"enabled":false,"ease":"linear","type":"paddles","paddle":1,"duration":0,"time":212,"angle":112.5},{"enabled":false,"ease":"linear","type":"paddles","paddle":2,"duration":0,"time":212,"angle":135},{"color":0,"b":0,"type":"setColor","r":0,"g":0,"time":214,"angle":360},{"angle":202.5,"var":"vfx.drawUI","enable":false,"time":132.5,"type":"setBoolean"},{"angle":45,"var":"vfx.drawUI","enable":true,"time":136,"type":"setBoolean"},{"color":1,"b":0,"type":"setColor","r":0,"g":0,"time":214.5,"angle":22.5},{"angle":360,"ease":"linear","paddle":1,"time":214.5,"duration":0,"type":"paddles","newWidth":360,"enabled":true},{"color":1,"b":78,"type":"setColor","r":210,"g":86,"time":216,"angle":281.25},{"angle":303.75,"var":"vfx.canvPos.x","type":"ease","time":216,"value":100},{"angle":292.5,"var":"vfx.canvPos.sx","type":"ease","time":216,"value":1.5},{"angle":315,"var":"vfx.canvPos.sy","type":"ease","time":216,"value":1.5},{"angle":255,"var":"vfx.drawUI","enable":false,"time":216,"type":"setBoolean"},{"color":1,"b":78,"type":"setColor","r":210,"g":86,"time":217.5,"angle":255},{"angle":240,"var":"vfx.canvPos.x","type":"ease","time":217.5,"value":500},{"angle":15,"var":"scrollSpeed","type":"ease","time":214,"value":2},{"color":1,"b":0,"type":"setColor","r":0,"g":0,"time":216.25,"angle":270},{"color":1,"b":0,"type":"setColor","r":0,"g":0,"time":217.75,"angle":270},{"color":1,"b":78,"type":"setColor","r":210,"g":86,"time":219,"angle":255},{"angle":240,"var":"vfx.canvPos.x","type":"ease","time":219,"value":300},{"angle":210,"var":"vfx.canvPos.y","type":"ease","time":219,"value":180},{"color":1,"b":0,"type":"setColor","r":0,"g":0,"time":219.25,"angle":270},{"angle":210,"var":"scrollSpeed","type":"ease","time":220.5,"value":1},{"duration":1.5,"var":"vfx.canvPos.sx","ease":"outExpo","type":"ease","angle":22.5,"time":192,"value":1.3999999761581},{"duration":1.5,"var":"vfx.canvPos.sy","ease":"outExpo","type":"ease","angle":45,"time":192,"value":1.3999999761581},{"duration":1.5,"var":"vfx.canvPos.sx","ease":"outExpo","type":"ease","angle":22.5,"time":193.5,"value":1.2000000476837},{"duration":1.5,"var":"vfx.canvPos.sy","ease":"outExpo","type":"ease","angle":45,"time":193.5,"value":1.2000000476837},{"duration":1.5,"var":"vfx.canvPos.sx","ease":"outExpo","type":"ease","angle":22.5,"time":195,"value":1},{"duration":1.5,"var":"vfx.canvPos.sy","ease":"outExpo","type":"ease","angle":45,"time":195,"value":1},{"color":1,"b":78,"type":"setColor","r":210,"g":86,"time":220.5,"angle":285},{"color":1,"b":0,"type":"setColor","r":0,"g":0,"time":223,"angle":285},{"color":1,"b":78,"type":"setColor","r":210,"g":86,"time":224,"angle":255},{"angle":240,"var":"vfx.canvPos.y","type":"ease","time":224,"value":80},{"color":1,"b":0,"type":"setColor","r":0,"g":0,"time":224.25,"angle":270},{"color":1,"b":78,"type":"setColor","r":210,"g":86,"time":225.5,"angle":210},{"color":1,"b":0,"type":"setColor","r":0,"g":0,"time":225.75,"angle":270},{"angle":195,"var":"vfx.canvPos.y","type":"ease","time":225.5,"value":280},{"angle":240,"var":"vfx.canvPos.y","type":"ease","time":227,"value":180},{"color":1,"b":78,"type":"setColor","r":210,"g":86,"time":227,"angle":255},{"angle":255,"var":"scrollSpeed","type":"ease","time":223,"value":2.5},{"color":1,"b":0,"type":"setColor","r":0,"g":0,"time":227.25,"angle":270},{"color":1,"b":78,"type":"setColor","r":210,"g":86,"time":228.5,"angle":255},{"duration":2,"var":"vfx.canvPos.sx","ease":"outExpo","type":"ease","angle":270,"time":229.25,"value":1},{"duration":2,"var":"vfx.canvPos.sy","ease":"outExpo","type":"ease","angle":255,"time":229.25,"value":1},{"duration":2,"ease":"outExpo","type":"paddles","paddle":1,"newWidth":70,"time":229.25,"angle":240},{"angle":225,"var":"scrollSpeed","type":"ease","time":229.25,"value":1},{"angle":337.5,"var":"vfx.drawUI","enable":true,"time":232,"type":"setBoolean"},{"angle":180,"var":"vfx.drawUI","enable":false,"time":-3,"type":"setBoolean"},{"angle":22.5,"var":"vfx.drawUI","enable":true,"time":16,"type":"setBoolean"},{"angle":112.5,"x":248,"y":145,"id":"bocchi","drawLayer":"bg","sprite":"bocchi.png","type":"deco","time":16,"order":1,"sx":1.5,"sy":1.5},{"color":4,"b":83,"type":"setColor","r":241,"g":217,"time":15.5,"angle":157.5},{"color":3,"b":228,"type":"setColor","r":108,"g":198,"time":15.5,"angle":180},{"angle":202.5,"type":"deco","hide":true,"id":"bocchi","time":30.5},{"angle":112.5,"ease":"linear","time":27.5,"g":84,"duration":4,"type":"setColor","r":141,"b":99,"color":2},{"angle":67.5,"type":"deco","hide":false,"id":"bocchi","time":64},{"angle":135,"type":"deco","hide":true,"id":"bocchi","time":131.5},{"angle":67.5,"drawOrder":2,"hide":false,"drawLayer":"bg","type":"deco","outline":true,"id":"bocchi","time":136},{"angle":67.5,"type":"deco","hide":true,"id":"back","time":212},{"color":0,"b":0,"type":"setColor","r":0,"g":0,"time":214.5,"angle":337.5},{"angle":45,"type":"deco","hide":true,"id":"bocchi","time":214.5},{"angle":210,"chance":0.20000000298023,"type":"noise","time":228.5,"color":0},{"angle":240,"type":"hom","enable":true,"time":228.5},{"angle":90,"x":197,"drawOrder":1,"time":136,"y":80,"sprite":"heart!heart","type":"deco","outline":true,"id":"heart","drawLayer":"bg"},{"color":6,"b":129,"type":"setColor","r":218,"g":98,"time":136,"angle":105},{"angle":120,"type":"outline","enable":true,"color":7,"time":136},{"color":7,"b":255,"type":"setColor","r":255,"g":255,"time":136,"angle":135},{"angle":75,"type":"deco","hide":true,"id":"heart","time":214.5},{"color":0,"b":197,"type":"setColor","r":238,"g":183,"time":136,"angle":225},{"color":0,"b":197,"type":"setColor","r":238,"g":183,"time":248,"angle":337.5},{"angle":315,"b":129,"time":245,"duration":3,"type":"setColor","g":98,"r":218,"color":1},{"color":2,"b":197,"type":"setColor","r":238,"g":183,"time":248,"angle":292.5},{"color":3,"b":228,"type":"setColor","r":108,"g":198,"time":248,"angle":270},{"color":4,"b":83,"type":"setColor","r":241,"g":217,"time":248,"angle":247.5},{"color":5,"b":183,"type":"setColor","r":234,"g":166,"time":248,"angle":225},{"angle":22.5,"type":"deco","hide":false,"id":"back","time":248},{"angle":45,"type":"deco","hide":false,"id":"bocchi","time":248},{"angle":315,"ease":"linear","paddle":2,"time":263.5,"enabled":true,"newAngle":180,"type":"paddles","newWidth":70,"duration":0.5},{"angle":202.5,"type":"outline","enable":false,"color":0,"time":248},{"angle":292.5,"ease":"linear","paddle":2,"time":263,"enabled":false,"newAngle":0,"type":"paddles","newWidth":70,"duration":0},{"duration":0.5,"var":"vfx.canvPos.sx","ease":"outExpo","type":"ease","angle":45,"time":276.5,"value":0.94999998807907},{"duration":0.5,"var":"vfx.canvPos.sy","ease":"outExpo","type":"ease","angle":67.5,"time":276.5,"value":0.94999998807907},{"duration":0.5,"var":"vfx.canvPos.sy","ease":"outExpo","type":"ease","angle":22.5,"time":277,"value":0.89999997615814},{"duration":0.5,"var":"vfx.canvPos.sx","ease":"outExpo","type":"ease","angle":360,"time":277,"value":0.89999997615814},{"duration":0.5,"var":"vfx.canvPos.sy","ease":"outExpo","type":"ease","angle":360,"time":277.5,"value":0.85000002384186},{"duration":0.5,"var":"vfx.canvPos.sx","ease":"outExpo","type":"ease","angle":337.5,"time":277.5,"value":0.85000002384186},{"duration":0.5,"var":"vfx.canvPos.sy","ease":"outExpo","type":"ease","angle":0,"time":278,"value":0.80000001192093},{"duration":0.5,"var":"vfx.canvPos.sx","ease":"outExpo","type":"ease","angle":337.5,"time":278,"value":0.80000001192093},{"duration":0.5,"var":"vfx.canvPos.sy","ease":"outExpo","type":"ease","angle":337.5,"time":278.5,"value":0.75},{"duration":0.5,"var":"vfx.canvPos.sx","ease":"outExpo","type":"ease","angle":315,"time":278.5,"value":0.75},{"duration":0.5,"var":"vfx.canvPos.sx","ease":"outExpo","type":"ease","angle":337.5,"time":279,"value":0.69999998807907},{"duration":0.5,"var":"vfx.canvPos.sy","ease":"outExpo","type":"ease","angle":315,"time":279,"value":0.69999998807907},{"angle":202.5,"ease":"outExpo","time":280,"duration":1.5,"value":1.5,"type":"ease","order":0,"var":"vfx.canvPos.sy"},{"angle":225,"ease":"outExpo","time":280,"duration":1.5,"value":1.5,"type":"ease","order":0,"var":"vfx.canvPos.sx"},{"angle":337.5,"type":"deco","hide":true,"id":"back","time":280},{"angle":315,"type":"deco","hide":true,"id":"bocchi","time":280},{"color":0,"b":0,"type":"setColor","r":0,"g":0,"time":280,"angle":292.5},{"angle":270,"chance":0.89999997615814,"type":"noise","time":280,"color":1},{"angle":247.5,"type":"setBgColor","color":0,"time":280},{"color":7,"b":0,"type":"setColor","r":0,"g":0,"time":280,"angle":180},{"angle":337.5,"type":"hom","enable":false,"time":279.5},{"duration":1,"ease":"outExpo","type":"paddles","paddle":2,"newAngle":0,"time":280,"angle":157.5},{"enabled":false,"ease":"linear","type":"paddles","paddle":2,"duration":0,"time":280.5,"angle":22.5},{"angle":22.5,"var":"scrollSpeed","type":"ease","time":280,"value":0.60000002384186},{"angle":67.5,"var":"vfx.drawUI","enable":false,"time":280,"type":"setBoolean"},{"angle":360,"chance":0,"type":"noise","time":294,"color":0},{"angle":90,"var":"vfx.drawUI","enable":true,"time":296,"type":"setBoolean"},{"angle":45,"x":199,"y":85,"drawLayer":"bg","sprite":"heart3.png","type":"deco","id":"heart3","time":296},{"angle":67.5,"type":"outline","enable":true,"color":0,"time":296},{"angle":225,"ease":"inOutSine","paddle":2,"time":305.5,"duration":1,"type":"paddles","enabled":true,"newAngle":-90},{"duration":1,"ease":"outSine","type":"paddles","paddle":2,"newAngle":0,"time":310,"angle":135},{"duration":1,"var":"vfx.canvPos.sx","ease":"outExpo","type":"ease","angle":22.5,"time":294,"value":1},{"duration":1,"var":"vfx.canvPos.sy","ease":"outExpo","type":"ease","angle":45,"time":294,"value":1},{"duration":2,"var":"scrollSpeed","ease":"linear","type":"ease","angle":90,"time":310,"value":1},{"angle":315,"type":"deco","outline":false,"hide":false,"time":312,"id":"bocchi"},{"angle":292.5,"type":"deco","hide":false,"id":"back","time":312},{"angle":270,"type":"deco","hide":true,"id":"heart3","time":312},{"color":0,"b":197,"type":"setColor","r":238,"g":183,"time":312,"angle":247.5},{"angle":337.5,"type":"outline","enable":false,"color":0,"time":312},{"angle":22.5,"type":"tag","time":96,"angleOffset":false,"tag":"zoom words"},{"angle":225,"type":"tag","time":344,"angleOffset":false,"tag":"zoom words"},{"angle":-135,"type":"tag","time":97.5,"angleOffset":false,"tag":"zoom words 2"},{"angle":45,"type":"tag","time":99,"angleOffset":false,"tag":"zoom words 3"},{"angle":112.5,"type":"tag","time":345.5,"angleOffset":false,"tag":"zoom words 2"},{"angle":292.5,"type":"tag","time":347,"angleOffset":false,"tag":"zoom words 3"},{"angle":-157.5,"type":"tag","time":102,"angleOffset":false,"tag":"unzoom"},{"angle":67.5,"type":"tag","time":350,"angleOffset":false,"tag":"unzoom"},{"angleOffset":false,"type":"tag","time":352,"angle":247.5,"tag":"zoom words"},{"angleOffset":false,"type":"tag","time":353.5,"angle":67.5,"tag":"zoom words 2"},{"angleOffset":false,"type":"tag","time":355,"angle":292.5,"tag":"zoom words 3"},{"duration":2.5,"var":"vfx.canvPos.sx","ease":"outQuad","type":"ease","angle":67.5,"time":356.75,"value":1},{"duration":2.5,"var":"vfx.canvPos.sy","ease":"outQuad","type":"ease","angle":45,"time":356.75,"value":1},{"duration":0.25,"ease":"linear","type":"paddles","paddle":1,"newWidth":50,"time":263.5,"angle":337.5},{"duration":0.25,"ease":"linear","type":"paddles","paddle":1,"newWidth":70,"time":280,"angle":45},{"duration":1,"var":"vfx.canvPos.sx","ease":"outQuad","type":"ease","angle":247.5,"time":360,"value":1.25},{"duration":1,"var":"vfx.canvPos.sy","ease":"outQuad","type":"ease","angle":225,"time":360,"value":1.25},{"duration":1,"var":"vfx.canvPos.sx","ease":"outQuad","type":"ease","angle":202.5,"time":361.5,"value":1.5},{"duration":1,"var":"vfx.canvPos.sy","ease":"outQuad","type":"ease","angle":225,"time":361.5,"value":1.5},{"duration":1,"var":"vfx.canvPos.sy","ease":"outQuad","type":"ease","angle":337.5,"time":363,"value":1.75},{"duration":1,"var":"vfx.canvPos.sx","ease":"outQuad","type":"ease","angle":315,"time":363,"value":1.75},{"angle":0,"type":"tag","time":116.75,"angleOffset":false,"tag":"unzoom 2"},{"angle":202.5,"type":"tag","time":364.75,"angleOffset":false,"tag":"unzoom 2"},{"angle":135,"ease":"outSine","paddle":2,"time":371.5,"duration":0.5,"type":"paddles","enabled":true,"newAngle":180},{"angle":337.5,"type":"deco","hide":true,"id":"back","time":379.5},{"angle":360,"type":"deco","hide":true,"id":"bocchi","time":379.5},{"color":0,"b":0,"type":"setColor","r":0,"g":0,"time":379.5,"angle":22.5},{"color":1,"b":0,"type":"setColor","r":0,"g":0,"time":379.5,"angle":45},{"angle":315,"ease":"linear","time":381,"g":98,"duration":4,"type":"setColor","r":218,"b":129,"color":1},{"enabled":false,"ease":"linear","type":"paddles","paddle":2,"duration":0,"time":380,"angle":315},{"angle":157.5,"type":"deco","hide":false,"id":"back","time":384},{"angle":135,"type":"deco","outline":true,"hide":false,"time":384,"id":"bocchi"},{"angle":112.5,"type":"deco","hide":false,"id":"heart","time":384},{"angle":90,"type":"outline","enable":true,"color":0,"time":384},{"color":0,"b":197,"type":"setColor","r":238,"g":183,"time":384,"angle":67.5},{"color":1,"b":129,"type":"setColor","r":218,"g":98,"time":384,"angle":45},{"duration":0.5,"ease":"linear","type":"paddles","paddle":1,"newWidth":30,"time":390.75,"angle":112.5},{"duration":0.5,"ease":"linear","type":"paddles","paddle":1,"newWidth":70,"time":392,"angle":112.5},{"angle":247.5,"ease":"linear","paddle":2,"time":394,"duration":0,"type":"paddles","enabled":true,"newAngle":180},{"angle":180,"ease":"linear","paddle":3,"time":400,"duration":0,"type":"paddles","enabled":true,"newAngle":180},{"duration":0,"ease":"linear","type":"paddles","paddle":2,"newAngle":90,"time":400,"angle":202.5},{"angle":157.5,"ease":"linear","paddle":4,"time":400,"duration":0,"type":"paddles","enabled":true,"newAngle":270},{"duration":1,"ease":"linear","type":"paddles","paddle":2,"newAngle":0,"time":405.25,"angle":360},{"duration":1,"ease":"linear","type":"paddles","paddle":3,"newAngle":0,"time":405.25,"angle":22.5},{"duration":1,"ease":"linear","type":"paddles","paddle":4,"newAngle":0,"time":405.25,"angle":337.5},{"angle":247.5,"ease":"linear","paddle":2,"time":432,"duration":0,"type":"paddles","enabled":true,"newAngle":180},{"duration":0.5,"ease":"linear","type":"paddles","paddle":2,"newAngle":0,"time":446,"angle":247.5},{"enabled":false,"ease":"linear","type":"paddles","paddle":2,"duration":0,"time":446.75,"angle":247.5},{"duration":0.5,"ease":"linear","type":"paddles","paddle":1,"newWidth":35,"time":446.75,"angle":45},{"enabled":false,"ease":"linear","type":"paddles","paddle":3,"duration":0,"time":446.75,"angle":225},{"enabled":false,"ease":"linear","type":"paddles","paddle":4,"duration":0,"time":446.75,"angle":202.5},{"duration":0,"ease":"linear","type":"paddles","paddle":1,"newWidth":70,"time":454,"angle":157.5},{"duration":0.5,"ease":"linear","type":"paddles","paddle":1,"newWidth":30,"time":459,"angle":337.5},{"duration":0.5,"ease":"linear","type":"paddles","paddle":1,"newWidth":70,"time":463,"angle":247.5},{"angle":0,"ease":"linear","paddle":2,"time":472,"duration":0,"type":"paddles","enabled":true,"newAngle":180},{"duration":0,"ease":"linear","type":"paddles","paddle":1,"newWidth":35,"time":472,"angle":22.5},{"duration":0.5,"ease":"linear","type":"paddles","paddle":1,"newWidth":70,"time":476.75,"angle":337.5},{"enabled":false,"ease":"linear","type":"paddles","paddle":2,"duration":0,"time":476.75,"angle":315},{"duration":0.5,"ease":"linear","type":"paddles","paddle":1,"newWidth":35,"time":406.5,"angle":112.5},{"enabled":false,"ease":"linear","type":"paddles","paddle":2,"duration":0,"time":406,"angle":112.5},{"enabled":false,"ease":"linear","type":"paddles","paddle":3,"duration":0,"time":406,"angle":90},{"enabled":false,"ease":"linear","type":"paddles","paddle":4,"duration":0,"time":406,"angle":67.5},{"duration":0,"ease":"linear","type":"paddles","paddle":1,"newWidth":70,"time":408,"angle":112.5},{"duration":0.5,"ease":"linear","type":"paddles","paddle":1,"newWidth":35,"time":410.75,"angle":202.5},{"duration":0.5,"ease":"linear","type":"paddles","paddle":1,"newWidth":70,"time":412,"angle":202.5},{"angle":337.5,"ease":"linear","paddle":2,"time":512,"duration":0,"type":"paddles","enabled":true,"newAngle":180},{"angle":-22.5,"type":"tag","time":152,"angleOffset":false,"tag":"pohuy"},{"angle":0,"type":"tag","time":154,"angleOffset":false,"tag":"pohuy2"},{"angle":-22.5,"type":"tag","time":156,"angleOffset":false,"tag":"pohuy3"},{"angleOffset":false,"type":"tag","time":160,"angle":0,"tag":"12345"},{"angleOffset":false,"type":"tag","time":164,"angle":22.5,"tag":"111"},{"angleOffset":false,"type":"tag","time":184,"angle":0,"tag":"a1"},{"angle":22.5,"type":"tag","time":200,"angleOffset":false,"tag":"zxc"},{"angleOffset":false,"type":"tag","time":400,"angle":112.5,"tag":"pohuy"},{"angleOffset":false,"type":"tag","time":402,"angle":157.5,"tag":"pohuy2"},{"angleOffset":false,"type":"tag","time":404,"angle":112.5,"tag":"pohuy3"},{"angleOffset":false,"type":"tag","time":157,"angle":0,"tag":"huy"},{"angleOffset":false,"type":"tag","time":405,"angle":180,"tag":"huy"},{"angleOffset":false,"type":"tag","time":408,"angle":67.5,"tag":"12345"},{"angleOffset":false,"type":"tag","time":412,"angle":157.5,"tag":"111"},{"angle":202.5,"type":"tag","time":432,"angleOffset":false,"tag":"a1"},{"duration":1.5,"var":"vfx.canvPos.sx","ease":"outExpo","type":"ease","angle":247.5,"time":440,"value":1.3999999761581},{"duration":1.5,"var":"vfx.canvPos.sy","ease":"outExpo","type":"ease","angle":225,"time":440,"value":1.3999999761581},{"duration":1.5,"var":"vfx.canvPos.sx","ease":"outExpo","type":"ease","angle":225,"time":441.5,"value":1.2000000476837},{"duration":1.5,"var":"vfx.canvPos.sy","ease":"outExpo","type":"ease","angle":202.5,"time":441.5,"value":1.2000000476837},{"duration":1.5,"var":"vfx.canvPos.sx","ease":"outExpo","type":"ease","angle":112.5,"time":443,"value":1},{"duration":1.5,"var":"vfx.canvPos.sy","ease":"outExpo","type":"ease","angle":135,"time":443,"value":1},{"angle":337.5,"type":"deco","hide":true,"id":"bocchi","time":448},{"angle":0,"type":"deco","hide":true,"id":"back","time":448},{"color":0,"b":0,"type":"setColor","r":0,"g":0,"time":448,"angle":22.5},{"angle":292.5,"type":"deco","hide":true,"id":"heart","time":448},{"angle":270,"var":"vfx.drawUI","enable":false,"time":448,"type":"setBoolean"},{"angle":135,"var":"vfx.drawUI","enable":true,"time":454,"type":"setBoolean"},{"angle":112.5,"type":"deco","outline":true,"hide":false,"time":456,"id":"bocchi"},{"angle":90,"type":"deco","hide":false,"id":"back","time":456},{"angle":112.5,"type":"deco","hide":false,"id":"heart","time":454},{"color":0,"b":197,"type":"setColor","r":238,"g":183,"time":456,"angle":135},{"duration":0.5,"var":"vfx.canvPos.sx","type":"ease","value":1.25,"time":448,"angle":247.5},{"duration":0.5,"var":"vfx.canvPos.sy","type":"ease","value":1.25,"time":448,"angle":225},{"duration":1,"var":"vfx.canvPos.sx","ease":"outExpo","type":"ease","angle":90,"time":454,"value":1},{"duration":1,"var":"vfx.canvPos.sy","ease":"outExpo","type":"ease","angle":67.5,"time":454,"value":1},{"angle":45,"type":"tag","time":472,"angleOffset":false,"tag":"12345"},{"angle":45,"type":"tag","time":477,"angleOffset":false,"tag":"111"},{"angleOffset":false,"type":"tag","time":512,"angle":315,"tag":"zxc"},{"angleOffset":false,"type":"tag","time":212,"angle":0,"tag":"blya"},{"angleOffset":false,"type":"tag","time":214,"angle":45,"tag":"blya2"},{"angleOffset":false,"type":"tag","time":524,"angle":157.5,"tag":"blya"},{"angleOffset":false,"type":"tag","time":526,"angle":157.5,"tag":"blya2"},{"duration":1,"var":"vfx.canvPos.sx","ease":"outExpo","type":"ease","angle":157.5,"time":526.5,"value":1},{"duration":1,"var":"vfx.canvPos.sy","ease":"outExpo","type":"ease","angle":135,"time":526.5,"value":1},{"duration":1.5,"var":"vfx.canvPos.sy","ease":"outExpo","type":"ease","angle":45,"time":504,"value":1.2000000476837},{"duration":1.5,"var":"vfx.canvPos.sx","ease":"outExpo","type":"ease","angle":67.5,"time":504,"value":1.2000000476837},{"duration":1.5,"var":"vfx.canvPos.sy","ease":"outExpo","type":"ease","angle":135,"time":505.5,"value":1.3999999761581},{"duration":1.5,"var":"vfx.canvPos.sx","ease":"outExpo","type":"ease","angle":112.5,"time":505.5,"value":1.3999999761581},{"duration":5,"var":"vfx.canvPos.sx","ease":"outSine","type":"ease","angle":315,"time":507,"value":1},{"duration":5,"var":"vfx.canvPos.sy","ease":"outSine","type":"ease","angle":292.5,"time":507,"value":1},{"enabled":false,"ease":"linear","type":"paddles","paddle":2,"duration":0,"time":559.25,"angle":337.5},{"angleOffset":false,"type":"tag","time":264,"angle":0,"tag":"asda"},{"angleOffset":false,"type":"tag","time":272,"angle":0,"tag":"asda2"},{"angleOffset":false,"type":"tag","time":544,"angle":22.5,"tag":"asda"},{"angleOffset":false,"type":"tag","time":552,"angle":202.5,"tag":"asda2"},{"angle":247.5,"type":"deco","hide":true,"id":"heart","time":560},{"duration":0.5,"ease":"linear","type":"paddles","paddle":1,"newWidth":50,"time":544,"angle":45},{"duration":0.5,"var":"vfx.canvPos.sx","ease":"outExpo","type":"ease","angle":225,"time":556.5,"value":0.94999998807907},{"duration":0.5,"var":"vfx.canvPos.sy","ease":"outExpo","type":"ease","angle":247.5,"time":556.5,"value":0.94999998807907},{"duration":0.5,"var":"vfx.canvPos.sx","ease":"outExpo","type":"ease","angle":135,"time":557,"value":0.89999997615814},{"duration":0.5,"var":"vfx.canvPos.sy","ease":"outExpo","type":"ease","angle":112.5,"time":557,"value":0.89999997615814},{"duration":0.5,"var":"vfx.canvPos.sx","ease":"outExpo","type":"ease","angle":157.5,"time":557.5,"value":0.85000002384186},{"duration":0.5,"var":"vfx.canvPos.sy","ease":"outExpo","type":"ease","angle":135,"time":557.5,"value":0.85000002384186},{"duration":0.5,"var":"vfx.canvPos.sy","ease":"outExpo","type":"ease","angle":202.5,"time":558,"value":0.80000001192093},{"duration":0.5,"var":"vfx.canvPos.sx","ease":"outExpo","type":"ease","angle":225,"time":558,"value":0.80000001192093},{"duration":0.5,"var":"vfx.canvPos.sy","ease":"outExpo","type":"ease","angle":157.5,"time":558.5,"value":0.75},{"duration":0.5,"var":"vfx.canvPos.sx","ease":"outExpo","type":"ease","angle":135,"time":558.5,"value":0.75},{"duration":1,"var":"vfx.canvPos.sy","ease":"outExpo","type":"ease","angle":135,"time":559,"value":1},{"duration":1,"var":"vfx.canvPos.sx","ease":"outExpo","type":"ease","angle":112.5,"time":559,"value":1},{"angle":22.5,"b":78,"type":"setColor","r":210,"color":0,"time":560,"g":86},{"color":0,"b":124,"type":"setColor","r":231,"g":213,"time":562,"angle":337.5},{"angle":45,"b":255,"type":"setColor","r":255,"color":1,"time":560,"g":255},{"angle":292.5,"type":"deco","hide":true,"id":"back","time":560},{"angle":112.5,"type":"setBgColor","color":7,"time":560},{"color":7,"b":255,"type":"setColor","r":255,"g":255,"time":560,"angle":90},{"angle":135,"var":"vfx.drawUI","enable":false,"time":560,"type":"setBoolean"},{"angle":360,"b":255,"type":"setColor","r":255,"color":1,"time":562,"g":255},{"angle":337.5,"b":255,"type":"setColor","r":255,"color":1,"time":564,"g":255},{"color":0,"b":161,"type":"setColor","r":64,"g":97,"time":564,"angle":360},{"color":0,"b":197,"type":"setColor","r":238,"g":183,"time":567.5,"angle":337.5},{"color":1,"b":129,"type":"setColor","r":218,"g":98,"time":567.5,"angle":315},{"angle":292.5,"type":"deco","hide":false,"id":"bocchi","time":567.5},{"angle":157.5,"type":"deco","hide":true,"id":"bocchi","time":560},{"angle":315,"var":"vfx.drawUI","enable":true,"time":568.5,"type":"setBoolean"},{"angle":0,"time":569.5,"type":"showResults"},{"angle":157.5,"b":55,"time":27.5,"duration":4,"color":5,"type":"setColor","r":128,"g":30,"ease":"linear"},{"color":5,"b":183,"type":"setColor","r":234,"g":166,"time":64,"angle":225},{"angle":270,"x":0,"y":0,"drawLayer":"bg","sprite":"yaida!1","type":"deco","outline":true,"id":"yaida1","time":560},{"angle":292.5,"x":0,"y":0,"drawLayer":"bg","sprite":"yaida!2","type":"deco","outline":true,"id":"yaida2","time":562},{"angle":270,"type":"deco","hide":true,"id":"yaida1","time":562},{"angle":292.5,"x":0,"y":0,"drawLayer":"bg","sprite":"yaida!3","type":"deco","outline":true,"id":"yaida3","time":564},{"angle":270,"type":"deco","hide":true,"id":"yaida2","time":564},{"angle":360,"b":47,"type":"setColor","r":184,"color":2,"time":560,"g":55},{"color":2,"b":92,"type":"setColor","r":220,"g":199,"time":562,"angle":22.5},{"color":2,"b":129,"type":"setColor","r":51,"angle":22.5,"time":564,"g":78},{"angle":45,"type":"deco","hide":true,"id":"yaida3","time":566},{"angle":337.5,"enable":true,"color":6,"type":"outline","time":560},{"color":6,"b":0,"type":"setColor","r":0,"angle":67.5,"time":560,"g":0}],"properties":{"speed":125,"loadBeat":-3,"offset":8,"formatversion":13,"startBeat":-3},"metadata":{"songName":"I can't sing a love song","description":"Im constantly, constantly, constantly screaming\nIn a small, gigantic voice, struggling\nOh no, no, no\nThe formless passion doesnt stop, it hurts\nLove songs, no more","difficulty":9,"artist":"Kessoku Band","charter":"Aylary","bgData":{"greenChannel":{"r":224,"b":91,"g":96},"yellowChannel":{"r":65,"b":38,"g":40},"magentaChannel":{"r":255,"b":255,"g":255},"image":"bg.png","cyanChannel":{"r":255,"b":255,"g":255},"redChannel":{"r":235,"b":223,"g":223},"blueChannel":{"r":58,"b":44,"g":44}},"bg":true,"artistLink":""}}