[{"time":0,"angle":-315,"type":"block"},{"time":0.5,"angle":67.5,"type":"block"},{"time":0.75,"angle":-315,"type":"block"},{"time":1.25,"angle":-337.5,"type":"block"},{"time":1.75,"angle":22.5,"type":"block"},{"time":2.25,"angle":45,"type":"block"},{"time":3.5,"angle":22.5,"type":"block"},{"time":2.75,"angle":67.5,"type":"block"},{"time":3,"angle":45,"type":"block"},{"time":4,"angle":-427.5,"type":"block"},{"time":4.5,"angle":-45,"type":"block"},{"time":4.75,"angle":-427.5,"type":"block"},{"time":5.25,"angle":-450,"type":"block"},{"time":5.75,"angle":-90,"type":"block"},{"time":6.25,"angle":-67.5,"type":"block"},{"time":7.5,"angle":-90,"type":"block"},{"time":6.75,"angle":-45,"type":"block"},{"time":7,"angle":-67.5,"type":"block"},{"angle2":202.5,"duration":1,"time":8,"angle":225,"type":"hold"},{"time":7.9375,"angle":247.5,"type":"block"},{"angle2":180,"duration":0.75,"time":9,"angle":202.5,"type":"hold"},{"time":10.5,"angle":180,"type":"block"},{"time":10.75,"angle":157.5,"type":"block"},{"time":11,"angle":202.5,"type":"block"},{"time":11.25,"angle":180,"type":"block"},{"time":11.5,"angle":202.5,"type":"block"},{"time":11.75,"angle":180,"type":"block"},{"time":12,"angle":157.5,"type":"block"},{"angle2":157.5,"duration":0.75,"time":12.25,"angle":112.5,"type":"hold"},{"angle2":202.5,"duration":0.75,"time":13,"angle":157.5,"type":"hold"},{"time":14.25,"angle":-810,"type":"block"},{"time":14.5,"angle":-787.5,"type":"block"},{"time":14.75,"angle":-832.5,"type":"block"},{"time":15,"angle":-810,"type":"block"},{"time":15.25,"angle":-832.5,"type":"block"},{"time":15.5,"angle":-810,"type":"block"},{"time":15.75,"angle":-787.5,"type":"block"},{"angle2":-787.5,"duration":0.75,"time":16,"angle":-742.5,"type":"hold"},{"angle2":-832.5,"duration":0.75,"time":16.75,"angle":-787.5,"type":"hold"},{"time":18.5,"angle":787.5,"type":"block"},{"time":18.75,"angle":765,"type":"block"},{"time":19,"angle":810,"type":"block"},{"time":19.25,"angle":787.5,"type":"block"},{"time":19.5,"angle":810,"type":"block"},{"time":19.75,"angle":787.5,"type":"block"},{"time":20,"angle":765,"type":"block"},{"time":20.25,"angle":832.5,"type":"block"},{"time":20.5,"angle":810,"type":"block"},{"time":20.75,"angle":855,"type":"block"},{"time":21,"angle":832.5,"type":"block"},{"time":21.25,"angle":855,"type":"block"},{"time":21.5,"angle":832.5,"type":"block"},{"time":21.75,"angle":810,"type":"block"},{"time":21.75,"angle":877.5,"type":"block"},{"time":22,"angle":855,"type":"block"},{"time":22.25,"angle":900,"type":"block"},{"time":22.5,"angle":877.5,"type":"block"},{"time":22.75,"angle":900,"type":"block"},{"time":23,"angle":877.5,"type":"block"},{"time":23.25,"angle":855,"type":"block"},{"time":22.5,"angle":877.5,"type":"block"},{"time":22.75,"angle":855,"type":"block"},{"time":23,"angle":900,"type":"block"},{"time":23.25,"angle":877.5,"type":"block"},{"time":23.5,"angle":900,"type":"block"},{"time":23.75,"angle":877.5,"type":"block"},{"time":24,"angle":855,"type":"block"},{"time":24.25,"angle":157.5,"type":"block"},{"time":24.5,"angle":180,"type":"block"},{"time":24.75,"angle":202.5,"type":"block"},{"time":25,"angle":225,"type":"block"},{"time":25.25,"angle":247.5,"type":"block"},{"time":25.5,"angle":270,"type":"block"},{"time":25.75,"angle":292.5,"type":"block"},{"time":26,"angle":315,"type":"block"},{"time":26.25,"angle":337.5,"type":"block"},{"time":26.5,"angle":360,"type":"block"},{"time":26.75,"angle":382.5,"type":"block"},{"time":27,"angle":405,"type":"block"},{"time":27.25,"angle":67.5,"type":"block"},{"time":27.5,"angle":90,"type":"block"},{"time":27.75,"angle":112.5,"type":"block"},{"time":28,"angle":135,"type":"block"},{"time":28.25,"angle":157.5,"type":"block"},{"time":28.5,"angle":180,"type":"block"},{"time":28.75,"angle":202.5,"type":"block"},{"time":29,"angle":225,"type":"block"},{"time":29.25,"angle":247.5,"type":"block"},{"time":29.5,"angle":270,"type":"block"},{"time":29.75,"angle":292.5,"type":"block"},{"time":30,"angle":315,"type":"block"},{"time":30.25,"angle":-382.5,"type":"block"},{"time":30.5,"angle":-405,"type":"block"},{"time":30.75,"angle":-427.5,"type":"block"},{"time":31,"angle":-450,"type":"block"},{"time":31.25,"angle":-472.5,"type":"block"},{"time":31.5,"angle":-495,"type":"block"},{"time":31.75,"angle":-517.5,"type":"block"},{"time":32,"angle":-540,"type":"block"},{"time":32.25,"angle":-562.5,"type":"block"},{"time":32.5,"angle":-585,"type":"block"},{"time":32.75,"angle":-607.5,"type":"block"},{"time":33,"angle":-630,"type":"block"},{"time":33.25,"angle":-292.5,"type":"block"},{"time":33.5,"angle":-315,"type":"block"},{"time":33.75,"angle":-337.5,"type":"block"},{"time":34,"angle":-360,"type":"block"},{"time":34.25,"angle":-382.5,"type":"block"},{"time":34.5,"angle":-405,"type":"block"},{"time":34.75,"angle":-427.5,"type":"block"},{"time":35,"angle":-450,"type":"block"},{"time":35.25,"angle":-472.5,"type":"block"},{"time":35.5,"angle":-495,"type":"block"},{"time":35.75,"angle":-517.5,"type":"block"},{"time":36,"angle":-540,"type":"block"},{"time":36.25,"angle":157.5,"type":"block"},{"time":36.5,"angle":180,"type":"block"},{"time":36.75,"angle":202.5,"type":"block"},{"time":37,"angle":225,"type":"block"},{"time":37.25,"angle":247.5,"type":"block"},{"time":37.5,"angle":270,"type":"block"},{"time":37.75,"angle":292.5,"type":"block"},{"time":38,"angle":315,"type":"block"},{"time":38.25,"angle":337.5,"type":"block"},{"time":38.5,"angle":360,"type":"block"},{"time":38.75,"angle":382.5,"type":"block"},{"time":39,"angle":405,"type":"block"},{"time":39.25,"angle":67.5,"type":"block"},{"time":39.5,"angle":90,"type":"block"},{"time":39.75,"angle":112.5,"type":"block"},{"time":40,"angle":135,"type":"block"},{"time":40.25,"angle":157.5,"type":"block"},{"angle2":270,"duration":0.25,"time":40.75,"angle":270,"type":"hold"},{"angle2":292.5,"duration":0.5,"time":41,"angle":270,"type":"hold"},{"angle2":247.5,"duration":0.5,"time":41,"angle":270,"type":"hold"},{"angle2":315,"duration":0.75,"time":41.5,"angle":292.5,"type":"hold"},{"angle2":337.5,"duration":0.75,"time":41.5,"angle":247.5,"type":"hold"},{"angle2":315,"duration":0.5,"time":42.25,"angle":337.5,"type":"hold"},{"angle2":360,"duration":0.5,"time":42.25,"angle":315,"type":"hold"},{"time":43,"angle":315,"type":"block"},{"time":43.25,"angle":292.5,"type":"block"},{"time":43.5,"angle":270,"type":"block"},{"time":43.75,"angle":292.5,"type":"block"},{"time":44,"angle":270,"type":"block"},{"time":44.25,"angle":292.5,"type":"block"},{"angle2":315,"duration":0.5,"time":44.5,"angle":337.5,"type":"hold"},{"angle2":360,"duration":0.5,"time":44.5,"angle":337.5,"type":"hold"},{"angle2":-45,"duration":0.75,"time":45,"angle":0,"type":"hold"},{"angle2":337.5,"duration":0.75,"time":45,"angle":315,"type":"hold"},{"angle2":180,"duration":1,"time":45.75,"angle":337.5,"type":"hold"},{"angle2":180,"duration":1,"time":45.75,"angle":315,"type":"hold"},{"holdEase":"inElastic","angle2":270,"duration":2.25,"time":46.75,"angle":180,"type":"hold"},{"angle2":-90,"duration":0.25,"time":49,"angle":-90,"type":"hold"},{"angle2":-112.5,"duration":0.5,"time":49.25,"angle":-90,"type":"hold"},{"angle2":-67.5,"duration":0.5,"time":49.25,"angle":-90,"type":"hold"},{"angle2":-135,"duration":0.75,"time":49.75,"angle":-112.5,"type":"hold"},{"angle2":-157.5,"duration":0.75,"time":49.75,"angle":-67.5,"type":"hold"},{"angle2":-135,"duration":0.5,"time":50.5,"angle":-157.5,"type":"hold"},{"angle2":-180,"duration":0.5,"time":50.5,"angle":-135,"type":"hold"},{"time":51.25,"angle":-135,"type":"block"},{"time":51.5,"angle":-112.5,"type":"block"},{"time":51.75,"angle":-90,"type":"block"},{"time":52,"angle":-112.5,"type":"block"},{"time":52.25,"angle":-90,"type":"block"},{"angle2":112.5,"duration":2,"time":52.5,"angle":247.5,"type":"hold"},{"time":54.25,"angle":129.73416137695,"type":"block"},{"time":54,"angle":145.56100463867,"type":"block"},{"time":53.75,"angle":163.18530273438,"type":"block"},{"angle2":45.057243347168,"duration":1,"time":54.5,"angle":112.55724334717,"type":"hold"},{"angle2":-22.5,"duration":1,"time":55.5,"angle":45,"type":"hold"},{"time":55,"angle":78.190116882324,"type":"block"},{"angle2":247.5,"duration":1,"time":56.5,"angle":337.5,"type":"hold"},{"angle2":135,"duration":1,"time":57.5,"angle":247.5,"type":"hold"},{"angle2":22.5,"duration":1,"time":58.5,"angle":135,"type":"hold"},{"angle2":-90,"duration":1,"time":59.5,"angle":22.5,"type":"hold"},{"time":56.5,"angle":22.5,"type":"extraTap"},{"time":57.5,"angle":270,"type":"extraTap"},{"time":58.5,"angle":112.5,"type":"extraTap"},{"time":59.5,"angle":45,"type":"extraTap"},{"time":60.5,"angle":292.5,"type":"extraTap"},{"time":54.5,"angle":90,"type":"extraTap"},{"time":55.5,"angle":90,"type":"extraTap"},{"angle2":382.5,"duration":1,"time":60.5,"angle":270,"type":"hold"},{"angle2":135,"duration":1,"time":61.5,"angle":22.5,"type":"hold"},{"angle2":225,"duration":1,"time":62.5,"angle":135,"type":"hold"},{"angle2":315,"duration":1,"time":63.5,"angle":225,"type":"hold"},{"time":61.5,"angle":337.5,"type":"extraTap"},{"time":62.5,"angle":90,"type":"extraTap"},{"time":63.5,"angle":247.5,"type":"extraTap"},{"time":64.5,"angle":270,"type":"extraTap"},{"angle2":225,"duration":4,"time":64.5,"angle":315,"type":"hold"},{"type":"hold","duration":4,"time":68.5,"angle":225,"angle2":315},{"type":"hold","duration":4,"time":72.5,"angle":315,"angle2":225},{"time":80.5,"angle":90,"type":"inverse"},{"time":81,"angle":112.5,"type":"inverse"},{"time":81.5,"type":"inverse","angle":135},{"time":81.75,"type":"inverse","angle":112.5},{"time":82.25,"type":"inverse","angle":90},{"time":82.75,"type":"inverse","angle":67.5},{"time":83.25,"type":"inverse","angle":112.5},{"time":83.5,"type":"inverse","angle":135},{"time":83.75,"type":"inverse","angle":157.5},{"time":84,"type":"inverse","angle":180},{"time":84.25,"type":"inverse","angle":202.5},{"time":84.5,"type":"inverse","angle":225},{"time":84.75,"type":"inverse","angle":-90},{"time":85.25,"angle":-112.5,"type":"inverse"},{"time":85.75,"type":"inverse","angle":-135},{"time":86,"type":"inverse","angle":-112.5},{"time":86.5,"type":"inverse","angle":-90},{"time":87,"type":"inverse","angle":-67.5},{"time":87.5,"angle":247.5,"type":"inverse"},{"time":87.75,"angle":225,"type":"inverse"},{"time":88,"angle":247.5,"type":"inverse"},{"time":88.25,"angle":225,"type":"inverse"},{"time":88.75,"type":"inverse","angle":-270},{"time":89.25,"angle":-292.5,"type":"inverse"},{"time":89.75,"type":"inverse","angle":-315},{"time":90,"type":"inverse","angle":-292.5},{"time":90.5,"type":"inverse","angle":-270},{"time":91,"type":"inverse","angle":-247.5},{"time":91.5,"type":"inverse","angle":-292.5},{"time":91.75,"type":"inverse","angle":-315},{"time":92,"type":"inverse","angle":-337.5},{"time":92.25,"type":"inverse","angle":-360},{"time":92.5,"type":"inverse","angle":-382.5},{"time":92.75,"type":"inverse","angle":-405},{"time":93,"angle":-90,"type":"inverse"},{"time":93.5,"angle":-67.5,"type":"inverse"},{"time":94,"type":"inverse","angle":-45},{"time":94.25,"type":"inverse","angle":-67.5},{"time":94.75,"type":"inverse","angle":-90},{"time":95.25,"type":"inverse","angle":-112.5},{"time":95.75,"angle":-427.5,"type":"inverse"},{"time":96,"angle":-405,"type":"inverse"},{"time":96.25,"angle":-427.5,"type":"inverse"},{"time":96.5,"angle":-405,"type":"inverse"},{"type":"hold","duration":4.5,"time":96.25,"angle":315,"angle2":472.5},{"type":"hold","duration":4,"time":100.75,"angle":112.5,"angle2":-135},{"angle2":697.5,"duration":4,"time":104.75,"angle":225,"type":"hold"},{"time":108.75,"type":"block","angle":337.5},{"time":109.5,"type":"block","angle":315},{"time":110.25,"type":"block","angle":292.5},{"time":111,"type":"block","angle":270},{"time":111.75,"angle":225,"type":"block"},{"time":112.25,"angle":202.5,"type":"block"},{"type":"hold","duration":1,"time":112.5,"angle":45,"angle2":22.5},{"type":"hold","duration":0.75,"time":113.5,"angle":22.5,"angle2":0},{"time":115,"angle":0,"type":"block"},{"time":115.25,"angle":-22.5,"type":"block"},{"time":115.5,"angle":22.5,"type":"block"},{"time":115.75,"angle":0,"type":"block"},{"time":116,"angle":22.5,"type":"block"},{"time":116.25,"angle":0,"type":"block"},{"time":116.5,"angle":-22.5,"type":"block"},{"type":"hold","duration":0.75,"time":116.75,"angle":-67.5,"angle2":-22.5},{"type":"hold","duration":0.75,"time":117.5,"angle":-22.5,"angle2":22.5},{"time":118.75,"angle":-990,"type":"block"},{"time":119,"angle":-967.5,"type":"block"},{"time":119.25,"angle":-1012.5,"type":"block"},{"time":119.5,"angle":-990,"type":"block"},{"time":119.75,"angle":-1012.5,"type":"block"},{"time":120,"angle":-990,"type":"block"},{"time":120.25,"angle":-967.5,"type":"block"},{"type":"hold","duration":0.75,"time":120.5,"angle":-922.5,"angle2":-967.5},{"type":"hold","duration":0.75,"time":121.25,"angle":-967.5,"angle2":-1012.5},{"time":123,"angle":607.5,"type":"block"},{"time":123.25,"angle":585,"type":"block"},{"time":123.5,"angle":630,"type":"block"},{"time":123.75,"angle":607.5,"type":"block"},{"time":124,"angle":630,"type":"block"},{"time":124.25,"angle":607.5,"type":"block"},{"time":124.5,"angle":585,"type":"block"},{"time":124.75,"angle":652.5,"type":"block"},{"time":125,"angle":630,"type":"block"},{"time":125.25,"angle":675,"type":"block"},{"time":125.5,"angle":652.5,"type":"block"},{"time":125.75,"angle":675,"type":"block"},{"time":126,"angle":652.5,"type":"block"},{"time":126.25,"angle":630,"type":"block"},{"time":126.25,"angle":697.5,"type":"block"},{"time":126.5,"angle":675,"type":"block"},{"time":126.75,"angle":720,"type":"block"},{"time":127,"angle":697.5,"type":"block"},{"time":127.25,"angle":720,"type":"block"},{"time":127.5,"angle":697.5,"type":"block"},{"time":127.75,"angle":675,"type":"block"},{"time":127,"angle":697.5,"type":"block"},{"time":127.25,"angle":675,"type":"block"},{"time":127.5,"angle":720,"type":"block"},{"time":127.75,"angle":697.5,"type":"block"},{"time":128,"angle":720,"type":"block"},{"time":128.25,"angle":697.5,"type":"block"},{"time":128.5,"angle":675,"type":"block"},{"time":128.75,"angle":-22.5,"type":"block"},{"time":129,"angle":0,"type":"block"},{"time":129.25,"angle":22.5,"type":"block"},{"time":129.5,"angle":45,"type":"block"},{"time":129.75,"angle":67.5,"type":"block"},{"time":130,"angle":90,"type":"block"},{"time":130.25,"angle":112.5,"type":"block"},{"time":130.5,"angle":135,"type":"block"},{"time":130.75,"angle":157.5,"type":"block"},{"time":131,"angle":180,"type":"block"},{"time":131.25,"angle":202.5,"type":"block"},{"time":131.5,"angle":225,"type":"block"},{"time":131.75,"angle":-112.5,"type":"block"},{"time":132,"angle":-90,"type":"block"},{"time":132.25,"angle":-67.5,"type":"block"},{"time":132.5,"angle":-45,"type":"block"},{"time":132.75,"angle":-22.5,"type":"block"},{"time":133,"angle":0,"type":"block"},{"time":133.25,"angle":22.5,"type":"block"},{"time":133.5,"angle":45,"type":"block"},{"time":133.75,"angle":67.5,"type":"block"},{"time":134,"angle":90,"type":"block"},{"time":134.25,"angle":112.5,"type":"block"},{"time":134.5,"angle":135,"type":"block"},{"time":134.75,"angle":-562.5,"type":"block"},{"time":135,"angle":-585,"type":"block"},{"time":135.25,"angle":-607.5,"type":"block"},{"time":135.5,"angle":-630,"type":"block"},{"time":135.75,"angle":-652.5,"type":"block"},{"time":136,"angle":-675,"type":"block"},{"time":136.25,"angle":-697.5,"type":"block"},{"time":136.5,"angle":-720,"type":"block"},{"time":136.75,"angle":-742.5,"type":"block"},{"time":137,"angle":-765,"type":"block"},{"time":137.25,"angle":-787.5,"type":"block"},{"time":137.5,"angle":-810,"type":"block"},{"time":137.75,"angle":-472.5,"type":"block"},{"time":138,"angle":-495,"type":"block"},{"time":138.25,"angle":-517.5,"type":"block"},{"time":138.5,"angle":-540,"type":"block"},{"time":138.75,"angle":-562.5,"type":"block"},{"time":139,"angle":-585,"type":"block"},{"time":139.25,"angle":-607.5,"type":"block"},{"time":139.5,"angle":-630,"type":"block"},{"time":139.75,"angle":-652.5,"type":"block"},{"time":140,"angle":-675,"type":"block"},{"time":140.25,"angle":-697.5,"type":"block"},{"time":140.5,"angle":-720,"type":"block"},{"time":140.75,"angle":-22.5,"type":"block"},{"time":141,"angle":0,"type":"block"},{"time":141.25,"angle":22.5,"type":"block"},{"time":141.5,"angle":45,"type":"block"},{"time":141.75,"angle":67.5,"type":"block"},{"time":142,"angle":90,"type":"block"},{"time":142.25,"angle":112.5,"type":"block"},{"time":142.5,"angle":135,"type":"block"},{"time":142.75,"angle":157.5,"type":"block"},{"time":143,"angle":180,"type":"block"},{"time":143.25,"angle":202.5,"type":"block"},{"time":143.5,"angle":225,"type":"block"},{"time":143.75,"angle":-112.5,"type":"block"},{"time":144,"angle":-90,"type":"block"},{"time":144.25,"angle":-67.5,"type":"block"},{"time":144.5,"angle":-45,"type":"block"},{"time":144.75,"angle":-22.5,"type":"block"},{"type":"hold","duration":0.25,"time":145.25,"angle":90,"angle2":90},{"type":"hold","duration":0.5,"time":145.5,"angle":90,"angle2":112.5},{"type":"hold","duration":0.5,"time":145.5,"angle":90,"angle2":67.5},{"type":"hold","duration":0.75,"time":146,"angle":112.5,"angle2":135},{"type":"hold","duration":0.75,"time":146,"angle":67.5,"angle2":157.5},{"type":"hold","duration":0.5,"time":146.75,"angle":157.5,"angle2":135},{"type":"hold","duration":0.5,"time":146.75,"angle":135,"angle2":180},{"time":147.5,"angle":135,"type":"block"},{"time":147.75,"angle":112.5,"type":"block"},{"time":148,"angle":90,"type":"block"},{"time":148.25,"angle":112.5,"type":"block"},{"time":148.5,"angle":90,"type":"block"},{"time":148.75,"angle":112.5,"type":"block"},{"type":"hold","duration":0.5,"time":149,"angle":157.5,"angle2":135},{"type":"hold","duration":0.5,"time":149,"angle":157.5,"angle2":180},{"type":"hold","duration":0.75,"time":149.5,"angle":-180,"angle2":-225},{"type":"hold","duration":0.75,"time":149.5,"angle":135,"angle2":157.5},{"type":"hold","duration":1,"time":150.25,"angle":157.5,"angle2":0},{"type":"hold","duration":1,"time":150.25,"angle":135,"angle2":0},{"holdEase":"inElastic","angle2":90,"duration":2.25,"time":151.25,"angle":0,"type":"hold"},{"type":"hold","duration":0.25,"time":153.5,"angle":-270,"angle2":-270},{"type":"hold","duration":0.5,"time":153.75,"angle":-270,"angle2":-292.5},{"type":"hold","duration":0.5,"time":153.75,"angle":-270,"angle2":-247.5},{"type":"hold","duration":0.75,"time":154.25,"angle":-292.5,"angle2":-315},{"type":"hold","duration":0.75,"time":154.25,"angle":-247.5,"angle2":-337.5},{"type":"hold","duration":0.5,"time":155,"angle":-337.5,"angle2":-315},{"type":"hold","duration":0.5,"time":155,"angle":-315,"angle2":-360},{"time":155.75,"angle":-315,"type":"block"},{"time":156,"angle":-292.5,"type":"block"},{"time":156.25,"angle":-270,"type":"block"},{"time":156.5,"angle":-292.5,"type":"block"},{"time":156.75,"angle":-270,"type":"block"},{"type":"hold","duration":2,"time":157,"angle":67.5,"angle2":-67.5},{"time":158.75,"angle":-50.26583862305,"type":"block"},{"time":158.5,"angle":-34.43899536133,"type":"block"},{"time":158.25,"angle":-16.81469726562,"type":"block"},{"type":"hold","duration":1,"time":159,"angle":-67.44275665283,"angle2":-134.94275665283},{"type":"hold","duration":1,"time":160,"angle":-135,"angle2":-202.5},{"time":159.5,"angle":-101.80988311768,"type":"block"},{"type":"hold","duration":1,"time":161,"angle":157.5,"angle2":67.5},{"type":"hold","duration":1,"time":162,"angle":67.5,"angle2":-45},{"type":"hold","duration":1,"time":163,"angle":-45,"angle2":-157.5},{"type":"hold","duration":1,"time":164,"angle":-157.5,"angle2":-270},{"time":161,"angle":-157.5,"type":"extraTap"},{"time":162,"angle":90,"type":"extraTap"},{"time":163,"angle":-67.5,"type":"extraTap"},{"time":164,"angle":-135,"type":"extraTap"},{"time":165,"angle":112.5,"type":"extraTap"},{"time":159,"angle":-90,"type":"extraTap"},{"time":160,"angle":-90,"type":"extraTap"},{"type":"hold","duration":1,"time":165,"angle":90,"angle2":202.5},{"type":"hold","duration":1,"time":166,"angle":-157.5,"angle2":-45},{"type":"hold","duration":1,"time":167,"angle":-45,"angle2":45},{"type":"hold","duration":1,"time":168,"angle":45,"angle2":135},{"time":166,"angle":157.5,"type":"extraTap"},{"time":167,"angle":-90,"type":"extraTap"},{"time":168,"angle":67.5,"type":"extraTap"},{"time":169,"angle":90,"type":"extraTap"},{"type":"hold","duration":4,"time":169,"angle":135,"angle2":45},{"angle2":135,"duration":4,"time":173,"angle":45,"type":"hold"},{"angle2":45,"duration":4,"time":177,"angle":135,"type":"hold"},{"time":185,"angle":-90,"type":"inverse"},{"time":185.5,"angle":-67.5,"type":"inverse"},{"time":186,"type":"inverse","angle":-45},{"time":186.25,"type":"inverse","angle":-67.5},{"time":186.75,"type":"inverse","angle":-90},{"time":187.25,"type":"inverse","angle":-112.5},{"time":187.75,"type":"inverse","angle":-67.5},{"time":188,"type":"inverse","angle":-45},{"time":188.25,"type":"inverse","angle":-22.5},{"time":188.5,"type":"inverse","angle":0},{"time":188.75,"type":"inverse","angle":22.5},{"time":189,"type":"inverse","angle":45},{"time":189.25,"type":"inverse","angle":-270},{"time":189.75,"angle":-292.5,"type":"inverse"},{"time":190.25,"type":"inverse","angle":-315},{"time":190.5,"type":"inverse","angle":-292.5},{"time":191,"type":"inverse","angle":-270},{"time":191.5,"type":"inverse","angle":-247.5},{"time":192,"angle":67.5,"type":"inverse"},{"time":192.25,"angle":45,"type":"inverse"},{"time":192.5,"angle":67.5,"type":"inverse"},{"time":192.75,"angle":45,"type":"inverse"},{"time":193.25,"type":"inverse","angle":-450},{"time":193.75,"angle":-472.5,"type":"inverse"},{"time":194.25,"type":"inverse","angle":-495},{"time":194.5,"type":"inverse","angle":-472.5},{"time":195,"type":"inverse","angle":-450},{"time":195.5,"type":"inverse","angle":-427.5},{"time":196,"type":"inverse","angle":-472.5},{"time":196.25,"type":"inverse","angle":-495},{"time":196.5,"type":"inverse","angle":-517.5},{"time":196.75,"type":"inverse","angle":-540},{"time":197,"type":"inverse","angle":-562.5},{"time":197.25,"type":"inverse","angle":-585},{"time":197.5,"angle":-270,"type":"inverse"},{"time":198,"angle":-247.5,"type":"inverse"},{"time":198.5,"type":"inverse","angle":-225},{"time":198.75,"type":"inverse","angle":-247.5},{"time":199.25,"type":"inverse","angle":-270},{"time":199.75,"type":"inverse","angle":-292.5},{"time":200.25,"angle":-607.5,"type":"inverse"},{"time":200.5,"angle":-585,"type":"inverse"},{"time":200.75,"angle":-607.5,"type":"inverse"},{"time":201,"angle":-585,"type":"inverse"},{"type":"hold","duration":4.5,"time":200.75,"angle":135,"angle2":292.5},{"angle2":-315,"duration":4,"time":205.25,"angle":-67.5,"type":"hold"},{"angle2":517.5,"duration":4,"time":209.25,"angle":45,"type":"hold"},{"time":213.25,"type":"block","angle":157.5},{"time":214,"type":"block","angle":135},{"time":214.75,"type":"block","angle":112.5},{"time":215.5,"type":"block","angle":90},{"time":216.25,"angle":45,"type":"block"},{"time":216.75,"angle":22.5,"type":"block"},{"speedMult":0.10000000149012,"time":242.75,"angle":0,"type":"side"},{"type":"side","time":242.75,"angle":11.25,"speedMult":0.10000000149012},{"type":"side","time":242.75,"angle":348.75,"speedMult":0.10000000149012},{"type":"side","time":242.75,"angle":22.5,"speedMult":0.10000000149012},{"type":"side","time":242.75,"angle":33.75,"speedMult":0.10000000149012},{"type":"side","time":242.75,"angle":337.5,"speedMult":0.10000000149012},{"type":"side","time":242.75,"angle":326.25,"speedMult":0.10000000149012}]