{"events":[{"time":0,"type":"play","volume":1,"file":"15 Boss.ogg","angle":-337.5,"bpm":154},{"x":0,"y":-15,"duration":5,"drawLayer":"bg","sy":0.60000002384186,"id":"2324","type":"deco","sx":0.60000002384186,"time":-9.5,"angle":337.5,"sprite":"wormhole.png"},{"b":255,"type":"setColor","duration":4.75,"color":0,"g":50,"time":-9.25,"angle":315,"r":0},{"b":0,"type":"setColor","duration":4.75,"color":1,"g":0,"time":-9.25,"angle":292.5,"r":0},{"b":255,"type":"setColor","duration":4.75,"color":2,"g":150,"time":-9.25,"angle":270,"r":0},{"b":255,"type":"setColor","duration":4.75,"color":3,"g":0,"time":-9.25,"angle":247.5,"r":0},{"b":124,"type":"setColor","duration":4.75,"color":5,"g":0,"time":-9.25,"angle":225,"r":0},{"b":74,"type":"setColor","duration":4.75,"color":6,"g":0,"time":-9.25,"angle":202.5,"r":0},{"value":0,"type":"ease","time":-10,"angle":315,"var":"p.fillColor"},{"value":1.5,"type":"ease","time":-10,"angle":45,"var":"scrollSpeed"},{"sx":0,"sy":0,"x":300,"id":"2324","type":"deco","y":180,"time":-10,"angle":0,"sprite":"wormhole.png"},{"spriteName":"miss","time":64.5,"angle":0,"type":"forcePlayerSprite"},{"b":0,"type":"bookmark","r":255,"name":"Section","g":0,"time":64.5,"angle":45,"description":"Dark Mind's eyes appear, starts fucking with the paddle"},{"value":0.5,"type":"ease","duration":1,"time":-1,"angle":90,"var":"scrollSpeed"},{"var":"scrollSpeed","type":"ease","duration":2,"angle":337.5,"time":6,"ease":"inBack","value":1.5},{"value":0.5,"type":"ease","duration":0.75,"time":9.75,"angle":157.5,"var":"scrollSpeed"},{"value":1.5,"type":"ease","duration":1,"time":12.25,"angle":90,"var":"scrollSpeed"},{"value":0.5,"type":"ease","duration":0.5,"time":13.75,"angle":247.5,"var":"scrollSpeed"},{"value":1.5,"type":"ease","duration":1,"time":16,"angle":0,"var":"scrollSpeed"},{"value":0.5,"type":"ease","duration":1,"time":17.5,"angle":67.5,"var":"scrollSpeed"},{"value":1,"type":"ease","duration":3,"angle":112.5,"time":21.25,"ease":"inBack","var":"scrollSpeed"},{"value":0,"type":"ease","time":64.5,"angle":90,"var":"vfx.canvPos.sx"},{"value":1,"type":"ease","time":64.75,"angle":90,"var":"vfx.canvPos.sx"},{"b":255,"type":"setColor","color":0,"g":255,"time":64.5,"angle":112.5,"r":255},{"b":255,"type":"setColor","color":0,"g":50,"time":64.75,"angle":112.5,"r":0},{"sprite":"darkmindeyes.png","type":"deco","drawLayer":"bg","x":278,"id":"7865","sy":0.40000000596046,"sx":0.40000000596046,"time":64.625,"angle":22.5,"y":0},{"b":0,"type":"setColor","g":211,"color":4,"time":64.75,"angle":135,"r":229},{"sprite":"darkmindmirror.png","type":"deco","drawLayer":"bg","id":"1211","y":0,"orbit":true,"parentid":"1111","sy":0.30000001192093,"x":-50,"time":64.625,"angle":495,"sx":0.29999992251396},{"b":2,"type":"setColor","g":255,"color":7,"time":64.75,"angle":157.5,"r":255},{"sx":-0.30000001192093,"y":0,"drawLayer":"bg","id":"1212","type":"deco","angle":517.5,"parentid":"1111","x":99,"sprite":"darkmindmirror2.png","time":64.625,"orbit":true,"sy":0.30000001192093},{"x":-8,"sy":0.09999992698431,"drawLayer":"bg","id":"1231","sprite":"eye.png","orbit":true,"parentid":"7865","sx":0.09999992698431,"type":"deco","time":64.625,"angle":180,"y":35},{"sx":0,"type":"deco","duration":0.5,"x":20,"time":65,"angle":180,"id":"1231"},{"sx":0.09999992698431,"y":35,"duration":0.875,"id":"1231","x":-8,"orbit":true,"parentid":"7865","sy":0.09999992698431,"type":"deco","time":76.625,"angle":180,"sprite":"eye.png"},{"sx":0,"type":"deco","duration":0.5,"x":20,"time":80,"id":"1231","angle":180},{"b":0,"type":"setColor","duration":0.875,"g":0,"color":2,"time":76.625,"angle":112.5,"r":255},{"b":255,"type":"setColor","duration":0.5,"color":2,"g":150,"time":80,"angle":112.5,"r":0},{"var":"vfx.canvPos.sx","type":"ease","duration":0.75,"time":77.5,"angle":112.5,"value":-1},{"var":"vfx.canvPos.sx","type":"ease","duration":0.75,"time":78.25,"angle":112.5,"value":1},{"var":"vfx.canvPos.sx","type":"ease","duration":0.75,"time":79,"angle":112.5,"value":-1},{"b":0,"type":"setColor","color":2,"g":0,"time":64.625,"angle":202.5,"r":255},{"b":255,"type":"setColor","duration":0.5,"g":150,"color":2,"time":65,"angle":202.5,"r":0},{"x":300,"y":45,"drawLayer":"bg","id":"1111","drawOrder":-1,"time":64.625,"angle":67.5,"type":"deco"},{"angle":67.5,"type":"deco","duration":9999,"orbit":true,"time":64.75,"id":"1111","r":999999},{"type":"outline","color":5,"enable":true,"time":-10,"angle":135},{"sprite":"eye.png","y":35,"duration":0.875,"id":"1231","sy":0.09999992698431,"orbit":true,"parentid":"7865","sx":0.09999992698431,"x":-8,"time":110.25,"angle":180,"type":"deco"},{"sx":0,"type":"deco","duration":0.5,"x":20,"time":113.5,"angle":180,"id":"1231"},{"b":0,"type":"setColor","duration":0.875,"color":2,"g":0,"time":110.25,"angle":112.5,"r":255},{"b":255,"type":"setColor","duration":0.5,"g":150,"color":2,"time":113.5,"angle":112.5,"r":0},{"var":"vfx.canvPos.sy","type":"ease","duration":0.75,"time":111,"angle":112.5,"value":-1},{"var":"vfx.canvPos.sy","type":"ease","duration":0.75,"time":111.75,"angle":112.5,"value":1},{"var":"vfx.canvPos.sy","type":"ease","duration":0.75,"time":112.75,"angle":112.5,"value":-1},{"type":"forcePlayerSprite","time":169,"angle":-180,"spriteName":"angry"},{"value":0.5,"type":"ease","duration":0.75,"time":114.25,"angle":-22.5,"var":"scrollSpeed"},{"value":1.5,"type":"ease","duration":1,"time":116.75,"angle":-90,"var":"scrollSpeed"},{"value":0.5,"type":"ease","duration":0.5,"time":118.25,"angle":67.5,"var":"scrollSpeed"},{"value":1.5,"type":"ease","duration":1,"time":120.5,"angle":-180,"var":"scrollSpeed"},{"value":0.5,"type":"ease","duration":1,"time":122,"angle":-112.5,"var":"scrollSpeed"},{"value":1,"type":"ease","duration":3,"angle":-67.5,"time":125.75,"ease":"inBack","var":"scrollSpeed"},{"b":255,"type":"setColor","color":0,"g":255,"time":169,"angle":-67.5,"r":255},{"b":255,"type":"setColor","color":0,"g":50,"time":169.25,"angle":-67.5,"r":0},{"sx":0,"type":"deco","duration":0.5,"x":20,"time":169.5,"id":"1231","angle":0},{"x":-8,"sy":0.09999992698431,"duration":0.875,"id":"1231","sprite":"eye.png","orbit":true,"parentid":"7865","type":"deco","y":35,"time":181.125,"angle":0,"sx":0.09999992698431},{"sx":0,"type":"deco","duration":0.5,"x":20,"time":184.5,"angle":0,"id":"1231"},{"b":0,"type":"setColor","duration":0.875,"color":2,"g":0,"time":181.125,"angle":-67.5,"r":255},{"b":255,"type":"setColor","duration":0.5,"g":150,"color":2,"time":184.5,"angle":-67.5,"r":0},{"var":"vfx.canvPos.sx","type":"ease","duration":0.75,"time":182,"angle":-67.5,"value":1},{"var":"vfx.canvPos.sx","type":"ease","duration":0.75,"time":182.75,"angle":-67.5,"value":-1},{"var":"vfx.canvPos.sx","type":"ease","duration":0.75,"time":183.5,"angle":-67.5,"value":1},{"b":0,"type":"setColor","color":2,"g":0,"time":169.125,"angle":22.5,"r":255},{"b":255,"type":"setColor","duration":0.5,"color":2,"g":150,"time":169.5,"angle":22.5,"r":0},{"sx":0.09999992698431,"sy":0.09999992698431,"duration":0.875,"id":"1231","type":"deco","orbit":true,"parentid":"7865","x":-8,"sprite":"eye.png","time":214.75,"angle":0,"y":35},{"b":0,"type":"setColor","duration":0.875,"g":0,"color":2,"time":214.75,"angle":-67.5,"r":255},{"var":"vfx.canvPos.sy","type":"ease","duration":0.75,"time":215.5,"angle":-67.5,"value":1},{"var":"vfx.canvPos.sy","type":"ease","duration":0.75,"time":216.25,"angle":-67.5,"value":-1},{"var":"vfx.canvPos.sy","type":"ease","duration":0.75,"time":217.25,"angle":-67.5,"value":1},{"var":"p.paddleDistance","type":"ease","duration":5,"time":217.5,"angle":67.5,"value":110},{"time":242.75,"angle":360,"type":"showResults"},{"sx":0.30000001192093,"y":0,"x":0,"id":"","sprite":"text.png","type":"deco","time":217.5,"angle":45,"sy":0.29999992251396}],"metadata":{"songName":"Boss (Kirby and the Amazing Mirror)","difficulty":9,"artistLink":"","bgData":{"redChannel":{"b":0,"r":150,"g":0},"blueChannel":{"b":153,"r":118,"g":134},"greenChannel":{"b":131,"r":29,"g":55},"yellowChannel":{"b":0,"r":222,"g":171},"magentaChannel":{"b":89,"r":149,"g":91},"cyanChannel":{"b":201,"r":183,"g":189},"image":"gay_dark_mind.png"},"artist":"Hironobu Inagaki, Atsuyoshi Isemura","charter":"Tri The Kitten","bg":true,"description":"aw shit cranky got absorbed into a wormhole vortex thingy and now he's gotta fight dark manandind (see left)\n\ni dont think hes making it outta this one guysuysuysyusysuyus\n\nMechanics used: Inverses, Camera flipping bullshit"},"properties":{"offset":15,"formatversion":13,"speed":110,"startBeat":0}}