[{"time":0.40000000596046,"angle":270,"type":"block"},{"angle":270,"type":"hold","duration":1,"angle2":270,"time":0.80000001192093},{"time":2.5,"angle":270,"type":"block"},{"time":2.9000000953674,"angle":270,"type":"block"},{"angle2":270,"angle":270,"type":"hold","duration":0.5,"time":3.5599999427795},{"type":"hold","angle":270,"angle2":270,"duration":0.38999998569489,"time":4.0599999427795},{"time":6.4499998092651,"angle":270,"type":"block"},{"type":"hold","angle":270,"angle2":270,"duration":0.44999998807907,"time":7.039999961853},{"time":8.6000003814697,"angle":270,"type":"block"},{"time":8.8999996185303,"angle":270,"type":"block"},{"time":9.6999998092651,"angle":270,"type":"block"},{"type":"hold","angle":270,"angle2":270,"duration":0.37000000476837,"time":12.369999885559},{"time":13.529999732971,"angle":270,"type":"block"},{"time":15.449999809265,"angle":270,"type":"block"},{"time":15.800000190735,"angle":270,"type":"block"},{"time":16.200000762939,"angle":270,"type":"block"},{"angle":270,"type":"hold","duration":0.5799999833107,"angle2":270,"time":16.809999465942},{"time":18.239999771118,"angle":270,"type":"block"},{"angle":270,"angle2":270,"duration":0.40999999642372,"type":"hold","time":18.68071937561},{"time":19.799999237061,"angle":270,"type":"block"},{"time":20.180000305176,"angle":270,"type":"block"},{"time":20.610000610352,"angle":270,"type":"block"},{"angle":270,"angle2":270,"duration":0.44999998807907,"type":"hold","time":21.299999237061},{"time":22.329999923706,"angle":270,"type":"block"},{"time":22.959999084473,"angle":270,"type":"block"},{"time":24.139999389648,"angle":270,"type":"block"},{"angle":270,"type":"hold","duration":1.2000000476837,"angle2":270,"time":25.680000305176,"startTap":true}]