{"properties":{"formatversion":12,"offset":8,"speed":85,"startBeat":0},"events":[{"volume":1,"bpm":165,"file":"mus.wav","type":"play","angle":90,"time":-0},{"b":255,"color":1,"r":186,"angle":180,"type":"setColor","time":-5,"g":125},{"b":255,"color":0,"r":241,"angle":157.5,"type":"setColor","time":-5,"g":197},{"time":-5,"g":57,"duration":2,"angle":90,"color":4,"r":78,"b":106,"ease":"outSine","type":"setColor"},{"b":255,"color":5,"r":246,"angle":67.5,"type":"setColor","time":-5,"g":175},{"b":113,"color":6,"r":222,"angle":45,"type":"setColor","time":-5,"g":222},{"b":255,"color":7,"r":253,"angle":22.5,"type":"setColor","time":-5,"g":246},{"b":160,"color":3,"r":130,"angle":112.5,"type":"setColor","time":-5,"g":107},{"b":255,"color":2,"r":63,"angle":135,"type":"setColor","time":-5,"g":74},{"color":4,"time":-5,"type":"noise","chance":0.30000001192093,"angle":225},{"oy":400,"sx":3,"sy":3,"id":"star","recolor":-1,"time":-3.5,"sprite":"star.png","drawLayer":"bg","r":45,"order":-1,"type":"deco","angle":202.5,"ox":400},{"sx":0.90000003576279,"sy":0.90000003576279,"time":-3.5,"duration":16,"angle":225,"type":"deco","ease":"outExpo","id":"star"},{"color":1,"type":"setBgColor","time":-5,"angle":360},{"tag":"lyrics1","time":26.75,"type":"tag","angle":0,"angleOffset":false},{"tag":"pulse1","time":64,"type":"tag","angle":0,"angleOffset":false},{"angle":202.5,"type":"hom","time":-5,"enable":true},{"duration":3.5,"angle":270,"ease":"outSine","type":"ease","value":360,"var":"vfx.angleTwist.offset","time":27},{"start":360,"var":"vfx.angleTwist.offset","time":31,"duration":1,"ease":"inSine","order":0,"type":"ease","angle":270,"value":0},{"duration":5,"ease":"inQuad","r":360,"angle":292.5,"type":"deco","time":27,"id":"star"},{"duration":2,"angle":90,"r":90,"ease":"inBack","type":"deco","time":34,"id":"star"},{"time":34,"r":0,"order":-1,"type":"deco","angle":67.5,"id":"star"},{"duration":2,"angle":112.5,"r":180,"ease":"inBack","type":"deco","time":38,"id":"star"},{"time":38,"r":90,"order":-1,"type":"deco","angle":90,"id":"star"},{"duration":2,"angle":112.5,"r":270,"ease":"outQuad","type":"deco","time":40,"id":"star"},{"time":40,"r":180,"order":-1,"type":"deco","angle":90,"id":"star"},{"duration":6,"ease":"inOutQuad","r":90,"angle":90,"type":"deco","time":42,"id":"star"},{"time":42,"r":270,"order":-1,"type":"deco","angle":67.5,"id":"star"},{"tag":"pulse1","time":32,"type":"tag","angle":0,"angleOffset":false},{"duration":2,"ease":"inBack","r":90,"angle":0,"type":"deco","time":50,"id":"star"},{"time":50,"r":0,"order":-1,"type":"deco","angle":-22.5,"id":"star"},{"duration":2,"ease":"inBack","r":180,"angle":22.5,"type":"deco","time":54,"id":"star"},{"time":54,"r":90,"order":-1,"type":"deco","angle":0,"id":"star"},{"duration":2,"ease":"outQuad","r":270,"angle":22.5,"type":"deco","time":56,"id":"star"},{"time":56,"r":180,"order":-1,"type":"deco","angle":0,"id":"star"},{"duration":6,"angle":0,"r":90,"ease":"inOutQuad","type":"deco","time":58,"id":"star"},{"time":58,"r":270,"order":-1,"type":"deco","angle":-22.5,"id":"star"},{"tag":"pulse1","time":48,"type":"tag","angle":-90,"angleOffset":false},{"oy":16,"sx":0,"sy":0,"outline":true,"angle":180,"ox":350,"sprite":"txt1.png","type":"deco","time":-3.5,"id":"lyrics"},{"tag":"lyrics2","time":63.5,"type":"tag","angle":0,"angleOffset":false},{"sprite":"txt2.png","angle":337.5,"type":"deco","time":63.5,"id":"lyrics"},{"tag":"lyrics2","time":71.5,"type":"tag","angle":0,"angleOffset":false},{"sprite":"txt3.png","angle":337.5,"type":"deco","time":71.5,"id":"lyrics"},{"tag":"lyrics2","time":79.75,"type":"tag","angle":0,"angleOffset":false},{"sprite":"txt4.png","angle":337.5,"type":"deco","time":79.75,"id":"lyrics"},{"tag":"lyrics2","time":87.75,"type":"tag","angle":360,"angleOffset":false},{"sprite":"txt5.png","angle":337.5,"type":"deco","time":87.75,"id":"lyrics"},{"tag":"pulse1","time":80,"type":"tag","angle":0,"angleOffset":false},{"color":1,"time":95,"type":"noise","chance":0.95999991893768,"angle":360},{"angle":45,"type":"hom","time":96,"enable":true},{"var":"vfx.canvPos.sx","value":0.89999997615814,"duration":1,"time":95,"order":3,"type":"ease","angle":45,"ease":"inSine"},{"var":"vfx.canvPos.sy","value":0.89999997615814,"duration":1,"time":95,"order":3,"type":"ease","angle":67.5,"ease":"inSine"},{"var":"p.bodyRadius","value":500,"duration":1,"time":95,"order":3,"type":"ease","angle":90,"ease":"inQuint"},{"var":"scrollSpeed","value":0.10000000149012,"duration":1,"time":95,"order":3,"type":"ease","angle":135,"ease":"inSine"},{"duration":1,"angle":157.5,"newWidth":30,"paddle":1,"type":"paddles","time":95,"ease":"inSine"},{"duration":1,"ease":"outQuad","newWidth":70,"paddle":1,"type":"paddles","time":127,"angle":90},{"var":"p.bodyRadius","value":20,"duration":1,"time":127,"order":3,"type":"ease","angle":135,"ease":"inQuint"},{"var":"p.paddleDistance","value":31,"duration":1,"time":127,"order":3,"type":"ease","angle":123.75,"ease":"inQuint"},{"var":"scrollSpeed","value":1,"duration":1,"time":127,"order":3,"type":"ease","angle":146.25,"ease":"inQuint"},{"duration":16,"ease":"outCubic","angle":78.75,"type":"ease","value":150,"var":"p.bodyRadius","time":96},{"duration":16,"ease":"outCubic","angle":67.5,"type":"ease","value":151,"var":"p.paddleDistance","time":96},{"duration":1,"angle":112.5,"ease":"inSine","type":"ease","value":501,"var":"p.paddleDistance","time":95},{"duration":16,"angle":56.25,"ease":"outCubic","type":"ease","value":0.43999999761581,"var":"scrollSpeed","time":96},{"color":0,"time":96,"type":"noise","chance":0.5,"angle":101.25},{"start":1080,"var":"vfx.angleTwist.offset","type":"ease","duration":1,"time":127,"value":0,"angle":67.5,"ease":"inQuad"},{"color":4,"time":127,"type":"noise","chance":0.89999997615814,"angle":45},{"color":4,"time":128,"type":"noise","chance":0.20000000298023,"angle":45},{"tag":"pulse2","time":128,"type":"tag","angle":22.5,"angleOffset":false},{"tag":"pulse2","time":144,"type":"tag","angle":0,"angleOffset":false},{"tag":"pulse2","time":160,"type":"tag","angle":0,"angleOffset":false},{"tag":"pulse2","time":176,"type":"tag","angle":0,"angleOffset":false},{"tag":"flash1","time":192,"type":"tag","angle":45,"angleOffset":false},{"tag":"flash1","time":194,"type":"tag","angle":0,"angleOffset":false},{"tag":"flash1","time":196,"type":"tag","angle":0,"angleOffset":false},{"tag":"flash1","time":198,"type":"tag","angle":0,"angleOffset":false},{"tag":"flash1","time":200,"type":"tag","angle":360,"angleOffset":false},{"tag":"flash1","time":201.5,"type":"tag","angle":360,"angleOffset":false},{"tag":"flash1","time":203,"type":"tag","angle":-22.5,"angleOffset":false},{"tag":"flash1","time":204,"type":"tag","angle":337.5,"angleOffset":false},{"tag":"flash1","time":205.5,"type":"tag","angle":360,"angleOffset":false},{"tag":"flash1","time":207,"type":"tag","angle":0,"angleOffset":false},{"tag":"flash1","time":208,"type":"tag","angle":0,"angleOffset":false},{"tag":"flash1","time":210,"type":"tag","angle":0,"angleOffset":false},{"tag":"flash1","time":212,"type":"tag","angle":0,"angleOffset":false},{"tag":"flash1","time":214,"type":"tag","angle":0,"angleOffset":false},{"tag":"flash1","time":216,"type":"tag","angle":360,"angleOffset":false},{"tag":"flash1","time":217.5,"type":"tag","angle":360,"angleOffset":false},{"tag":"flash1","time":219,"type":"tag","angle":0,"angleOffset":false},{"tag":"flash1","time":220,"type":"tag","angle":360,"angleOffset":false},{"tag":"flash1","time":221.5,"type":"tag","angle":360,"angleOffset":false},{"tag":"flash1","time":222,"type":"tag","angle":360,"angleOffset":false},{"tag":"flash1","time":222.75,"type":"tag","angle":360,"angleOffset":false},{"tag":"flash1","time":223.5,"type":"tag","angle":360,"angleOffset":false},{"angle":11.25,"type":"hom","time":223.5,"enable":false},{"tag":"lyrics3","time":157.5,"type":"tag","angle":348.75,"angleOffset":false},{"sprite":"txt6.png","angle":0,"type":"deco","time":157.5,"id":"lyrics"},{"color":2,"time":-5,"type":"outline","angle":270,"enable":true},{"tag":"lyrics3","time":174,"type":"tag","angle":348.75,"angleOffset":false},{"sprite":"txt7.png","angle":0,"type":"deco","time":174,"id":"lyrics"},{"tag":"lyrics4","time":190.25,"type":"tag","angle":337.5,"angleOffset":false},{"sprite":"txt8.png","angle":-11.25,"type":"deco","time":190.25,"id":"lyrics"},{"tag":"lyrics4","time":198,"type":"tag","angle":337.5,"angleOffset":false},{"sprite":"txt9.png","angle":-11.25,"type":"deco","time":198,"id":"lyrics"},{"tag":"lyrics3","time":207,"type":"tag","angle":337.5,"angleOffset":false},{"sprite":"txt10.png","angle":348.75,"type":"deco","time":207,"id":"lyrics"},{"tag":"pulse1","time":64,"type":"tag","angle":-135,"angleOffset":false},{"tag":"pulse1","time":80,"type":"tag","angle":-135,"angleOffset":false},{"duration":2,"ease":"inBack","r":90,"angle":90,"type":"deco","time":66,"id":"star"},{"time":66,"r":0,"order":-1,"type":"deco","angle":67.5,"id":"star"},{"duration":2,"ease":"inBack","r":180,"angle":112.5,"type":"deco","time":70,"id":"star"},{"time":70,"r":90,"order":-1,"type":"deco","angle":90,"id":"star"},{"duration":2,"ease":"outQuad","r":270,"angle":112.5,"type":"deco","time":72,"id":"star"},{"time":72,"r":180,"order":-1,"type":"deco","angle":90,"id":"star"},{"duration":6,"angle":90,"r":90,"ease":"inOutQuad","type":"deco","time":74,"id":"star"},{"time":74,"r":270,"order":-1,"type":"deco","angle":67.5,"id":"star"},{"duration":2,"angle":0,"r":90,"ease":"inBack","type":"deco","time":82,"id":"star"},{"time":82,"r":0,"order":-1,"type":"deco","angle":-22.5,"id":"star"},{"duration":2,"angle":22.5,"r":180,"ease":"inBack","type":"deco","time":86,"id":"star"},{"time":86,"r":90,"order":-1,"type":"deco","angle":0,"id":"star"},{"duration":2,"angle":22.5,"r":270,"ease":"outQuad","type":"deco","time":88,"id":"star"},{"time":88,"r":180,"order":-1,"type":"deco","angle":0,"id":"star"},{"duration":6,"ease":"inOutQuad","r":90,"angle":0,"type":"deco","time":90,"id":"star"},{"time":90,"r":270,"order":-1,"type":"deco","angle":-22.5,"id":"star"},{"g":255,"time":-5,"color":4,"r":255,"order":-1,"type":"setColor","angle":315,"b":255},{"start":5,"var":"vfx.hwaves.strength","type":"ease","duration":4,"time":168,"value":0,"angle":90,"ease":"inOutSine"},{"start":64,"var":"vfx.hwaves.period","type":"ease","duration":4,"time":168,"value":16,"angle":112.5,"ease":"inOutQuad"},{"start":5,"var":"vfx.hwaves.strength","type":"ease","duration":4,"time":184,"value":0,"ease":"inOutSine","angle":90},{"start":64,"var":"vfx.hwaves.period","type":"ease","duration":4,"time":184,"value":16,"ease":"inOutQuad","angle":112.5},{"color":4,"time":192,"type":"noise","chance":0.80000001192093,"angle":67.5},{"color":4,"time":222,"type":"noise","chance":0.5,"angle":45},{"tag":"shake1","time":224,"type":"tag","angle":0,"angleOffset":false},{"tag":"shake1","time":240,"type":"tag","angle":0,"angleOffset":false},{"start":1,"var":"vfx.canvPos.sx","type":"ease","duration":1,"time":255,"value":0,"angle":360,"ease":"inExpo"},{"start":1,"var":"vfx.canvPos.sy","type":"ease","duration":1,"time":255,"value":0,"ease":"inExpo","angle":382.5},{"type":"ease","var":"vfx.canvPos.sx","value":1,"time":256,"angle":337.5},{"type":"ease","var":"vfx.canvPos.sy","value":1,"time":256,"angle":315},{"tag":"shake1","time":256,"type":"tag","angle":360,"angleOffset":false},{"tag":"shake1","time":272,"type":"tag","angle":0,"angleOffset":false},{"tag":"flash1","time":271,"type":"tag","angle":22.5,"angleOffset":false},{"tag":"flash1","time":271.5,"type":"tag","angle":22.5,"angleOffset":false},{"tag":"flash1","time":271.75,"type":"tag","angle":22.5,"angleOffset":false},{"start":1.1000000238419,"var":"vfx.canvPos.sx","type":"ease","duration":3,"time":272,"value":1,"angle":45,"ease":"outSine"},{"start":1.1000000238419,"var":"vfx.canvPos.sy","type":"ease","duration":3,"time":272,"value":1,"angle":67.5,"ease":"outSine"},{"tag":"shake1","time":288,"type":"tag","angle":360,"angleOffset":false},{"tag":"pulse1","time":288,"type":"tag","angle":22.5,"angleOffset":false},{"tag":"shake1","time":304,"type":"tag","angle":360,"angleOffset":false},{"tag":"pulse1","time":304,"type":"tag","angle":22.5,"angleOffset":false},{"tag":"shake1","time":320,"type":"tag","angle":360,"angleOffset":false},{"tag":"pulse1","time":320,"type":"tag","angle":22.5,"angleOffset":false},{"color":0,"time":318.5,"type":"noise","chance":0.60000002384186,"angle":0},{"color":5,"time":319,"type":"noise","chance":0.60000002384186,"angle":0},{"color":3,"time":319.5,"type":"noise","chance":0.60000002384186,"angle":0},{"color":4,"time":320,"type":"noise","chance":0.60000002384186,"angle":-22.5},{"duration":8,"ease":"inOutQuart","r":0,"angle":90,"type":"deco","time":224,"id":"star"},{"duration":8,"angle":90,"r":180,"ease":"inOutQuart","type":"deco","time":232,"id":"star"},{"duration":8,"angle":90,"r":0,"ease":"inOutQuart","type":"deco","time":240,"id":"star"},{"duration":8,"angle":90,"r":360,"ease":"inOutQuart","type":"deco","time":248,"id":"star"},{"tag":"zoom1","time":256,"type":"tag","angle":22.5,"angleOffset":false},{"tag":"zoom1","time":264,"type":"tag","angle":22.5,"angleOffset":false},{"tag":"zoom1","time":272,"type":"tag","angle":22.5,"angleOffset":false},{"tag":"zoom1","time":280,"type":"tag","angle":22.5,"angleOffset":false},{"tag":"zoom1","time":288,"type":"tag","angle":45,"angleOffset":false},{"tag":"zoom1","time":296,"type":"tag","angle":22.5,"angleOffset":false},{"tag":"zoom1","time":304,"type":"tag","angle":45,"angleOffset":false},{"tag":"zoom1","time":312,"type":"tag","angle":22.5,"angleOffset":false},{"tag":"zoom1","time":320,"type":"tag","angle":45,"angleOffset":false},{"tag":"zoom1","time":329,"type":"tag","angle":22.5,"angleOffset":false},{"tag":"shake1","time":336,"type":"tag","angle":360,"angleOffset":false},{"tag":"pulse1","time":336,"type":"tag","angle":22.5,"angleOffset":false},{"tag":"zoom1","time":336,"type":"tag","angle":45,"angleOffset":false},{"tag":"zoom1","time":344,"type":"tag","angle":45,"angleOffset":false},{"angle":22.5,"type":"hom","time":348,"enable":false},{"angle":22.5,"type":"hom","time":349,"enable":true},{"color":4,"time":349.5,"type":"noise","chance":0.89999997615814,"angle":22.5},{"duration":4,"ease":"inSine","r":720,"angle":45,"type":"deco","time":349,"id":"star"},{"duration":48,"ease":"inSine","r":-1080,"angle":360,"type":"deco","time":368,"id":"star"},{"color":1,"time":416,"type":"noise","chance":0.20000000298023,"angle":22.5},{"duration":64,"angle":0,"r":0,"ease":"outCubic","type":"deco","time":416,"id":"star"},{"start":1,"var":"vfx.canvPos.sx","type":"ease","duration":12,"time":403,"value":0.9899999499321,"angle":0,"ease":"inSine"},{"start":1,"var":"vfx.canvPos.sy","type":"ease","duration":12,"time":403,"value":0.9899999499321,"ease":"inSine","angle":22.5},{"color":1,"type":"setBgColor","time":416,"angle":337.5},{"duration":64,"angle":360,"r":1000,"ease":"outSine","type":"deco","time":423,"id":"star"},{"color":4,"time":443,"type":"noise","chance":0.98999989032745,"angle":337.5},{"angle":0,"time":443,"value":0.99999994039536,"type":"ease","var":"vfx.canvPos.sx","ease":"outSine"},{"ease":"outSine","time":443,"value":0.99999994039536,"type":"ease","var":"vfx.canvPos.sy","angle":22.5},{"color":4,"time":448,"type":"noise","chance":0.5,"angle":337.5},{"color":4,"time":444,"type":"noise","chance":0.95999991893768,"angle":337.5},{"color":4,"time":445,"type":"noise","chance":0.91999995708466,"angle":337.5},{"color":4,"time":446,"type":"noise","chance":0.87000000476837,"angle":337.5},{"tag":"lyrics1","time":368,"type":"tag","angle":337.5,"angleOffset":false},{"sprite":"txt11.png","angle":-11.25,"type":"deco","time":368,"id":"lyrics"},{"tag":"lyrics4","time":374,"type":"tag","angle":337.5,"angleOffset":false},{"sprite":"txt12.png","angle":-11.25,"type":"deco","time":374,"id":"lyrics"},{"tag":"lyrics1","time":384,"type":"tag","angle":337.5,"angleOffset":false},{"sprite":"txt13.png","angle":-11.25,"type":"deco","time":384,"id":"lyrics"},{"tag":"lyrics1","time":393,"type":"tag","angle":337.5,"angleOffset":false},{"sprite":"txt15.png","angle":348.75,"type":"deco","time":393,"id":"lyrics"},{"tag":"lyrics1","time":388.5,"type":"tag","angle":337.5,"angleOffset":false},{"sprite":"txt14.png","angle":348.75,"type":"deco","time":388.5,"id":"lyrics"},{"tag":"lyrics6","time":400,"type":"tag","angle":337.5,"angleOffset":false},{"sprite":"txt16.png","angle":-11.25,"type":"deco","time":400,"id":"lyrics"},{"tag":"lyrics5","time":411.5,"type":"tag","angle":337.5,"angleOffset":false},{"sprite":"txt17.png","angle":348.75,"type":"deco","time":411.5,"id":"lyrics"},{"tag":"lyrics5","time":427.25,"type":"tag","angle":337.5,"angleOffset":false},{"sprite":"txt18.png","angle":348.75,"type":"deco","time":427.25,"id":"lyrics"},{"tag":"lyrics5","time":443.01473431046,"type":"tag","angle":315,"angleOffset":false},{"sprite":"txt19.png","angle":326.25,"type":"deco","time":443,"id":"lyrics"},{"tag":"lyrics5","time":459.5,"type":"tag","angle":337.5,"angleOffset":false},{"sprite":"txt20.png","angle":348.75,"type":"deco","time":459.5,"id":"lyrics"},{"tag":"lyrics5","time":474.5,"type":"tag","angle":337.5,"angleOffset":false},{"sprite":"txt2.png","angle":348.75,"type":"deco","time":474.5,"id":"lyrics"},{"tag":"lyrics5","time":507,"type":"tag","angle":337.5,"angleOffset":false},{"sprite":"txt4.png","angle":348.75,"type":"deco","time":507,"id":"lyrics"},{"tag":"lyrics5","time":523.75,"type":"tag","angle":337.5,"angleOffset":false},{"sprite":"txt5.png","angle":348.75,"type":"deco","time":523.75,"id":"lyrics"},{"tag":"lyrics5","time":539,"type":"tag","angle":337.5,"angleOffset":false},{"sprite":"txt2.png","angle":348.75,"type":"deco","time":539,"id":"lyrics"},{"tag":"lyrics5","time":555.5,"type":"tag","angle":337.5,"angleOffset":false},{"sprite":"txt3.png","angle":348.75,"type":"deco","time":555.5,"id":"lyrics"},{"tag":"lyrics5","time":571,"type":"tag","angle":337.5,"angleOffset":false},{"sprite":"txt4.png","angle":348.75,"type":"deco","time":571,"id":"lyrics"},{"tag":"lyrics5","time":587,"type":"tag","angle":337.5,"angleOffset":false},{"sprite":"txt5.png","angle":348.75,"type":"deco","time":587,"id":"lyrics"},{"tag":"lyrics5","time":603,"type":"tag","angle":337.5,"angleOffset":false},{"sprite":"txt2.png","angle":348.75,"type":"deco","time":603,"id":"lyrics"},{"tag":"lyrics5","time":619.75,"type":"tag","angle":337.5,"angleOffset":false},{"sprite":"txt3.png","angle":348.75,"type":"deco","time":619.75,"id":"lyrics"},{"tag":"lyrics1","time":640,"type":"tag","angle":337.5,"angleOffset":false},{"sprite":"txt2.png","angle":348.75,"type":"deco","time":640,"id":"lyrics"},{"tag":"lyrics5","time":653.25,"type":"tag","angle":337.5,"angleOffset":false},{"sprite":"txt21.png","angle":348.75,"type":"deco","time":653.25,"id":"lyrics"},{"type":"showResults","angle":0,"time":653.25},{"y":400,"angle":326.25,"duration":3,"time":653.25,"order":2,"type":"deco","ease":"inBack","id":"lyrics"},{"tag":"pulse1","time":448,"type":"tag","angle":22.5,"angleOffset":false},{"tag":"pulse1","time":464,"type":"tag","angle":22.5,"angleOffset":false},{"tag":"pulse1","time":512,"type":"tag","angle":22.5,"angleOffset":false},{"tag":"pulse1","time":522,"type":"tag","angle":22.5,"angleOffset":false},{"duration":4,"angle":22.5,"ease":"outSine","type":"ease","value":0.99000000953674,"var":"vfx.canvPos.sx","time":539},{"duration":4,"angle":33.75,"ease":"outSine","type":"ease","value":0.99000000953674,"var":"vfx.canvPos.sy","time":539},{"tag":"flash2","time":544,"type":"tag","angle":0,"angleOffset":false},{"tag":"flash3","time":560,"type":"tag","angle":0,"angleOffset":false},{"tag":"flash3","time":564,"type":"tag","angle":0,"angleOffset":false},{"tag":"flash3","time":568,"type":"tag","angle":0,"angleOffset":false},{"tag":"flash1","time":572,"type":"tag","angle":0,"angleOffset":false},{"tag":"flash1","time":574,"type":"tag","angle":0,"angleOffset":false},{"tag":"flash1","time":573,"type":"tag","angle":0,"angleOffset":false},{"tag":"flash1","time":574.5,"type":"tag","angle":0,"angleOffset":false},{"tag":"flash1","time":575,"type":"tag","angle":0,"angleOffset":false},{"tag":"flash1","time":575.5,"type":"tag","angle":0,"angleOffset":false},{"start":0.049999997019768,"var":"vfx.canvPos.kx","type":"ease","duration":1,"time":576,"value":0,"angle":0,"ease":"outSine"},{"start":-0.049999997019768,"var":"vfx.canvPos.kx","type":"ease","duration":1,"time":577,"value":0,"ease":"outSine","angle":0},{"start":0.049999997019768,"var":"vfx.canvPos.kx","type":"ease","duration":1,"time":578,"value":0,"ease":"outSine","angle":0},{"start":-0.049999997019768,"var":"vfx.canvPos.kx","type":"ease","duration":1,"time":579,"value":0,"angle":0,"ease":"outSine"},{"start":0.049999997019768,"var":"vfx.canvPos.kx","type":"ease","duration":1,"time":580,"value":0,"ease":"outSine","angle":0},{"start":-0.049999997019768,"var":"vfx.canvPos.kx","type":"ease","duration":1,"time":581,"value":0,"angle":0,"ease":"outSine"},{"start":0.049999997019768,"var":"vfx.canvPos.ky","type":"ease","duration":1,"time":580.5,"value":0,"ease":"outSine","angle":22.5},{"start":-0.049999997019768,"var":"vfx.canvPos.ky","type":"ease","duration":1,"time":581.5,"value":0,"angle":22.5,"ease":"outSine"},{"start":0.049999997019768,"var":"vfx.canvPos.kx","type":"ease","duration":1,"time":582,"value":0,"angle":0,"ease":"outSine"},{"start":-0.049999997019768,"var":"vfx.canvPos.kx","type":"ease","duration":1,"time":583,"value":0,"ease":"outSine","angle":0},{"start":0.049999997019768,"var":"vfx.canvPos.ky","type":"ease","duration":1,"time":582.5,"value":0,"angle":22.5,"ease":"outSine"},{"start":-0.049999997019768,"var":"vfx.canvPos.ky","type":"ease","duration":1,"time":583.5,"value":0,"ease":"outSine","angle":22.5},{"start":0.049999997019768,"var":"vfx.canvPos.ky","type":"ease","duration":1,"time":584,"value":0,"angle":22.5,"ease":"outSine"},{"start":-0.050000000745058,"var":"vfx.canvPos.ky","type":"ease","duration":1,"time":585,"value":0,"ease":"outSine","angle":22.5},{"start":0.049999997019768,"var":"vfx.canvPos.ky","type":"ease","duration":1,"time":586,"value":0,"ease":"outSine","angle":22.5},{"start":-0.050000000745058,"var":"vfx.canvPos.ky","type":"ease","duration":1,"time":587,"value":0,"angle":22.5,"ease":"outSine"},{"start":0.049999997019768,"var":"vfx.canvPos.ky","type":"ease","duration":1,"time":588,"value":0,"ease":"outSine","angle":22.5},{"start":-0.050000000745058,"var":"vfx.canvPos.ky","type":"ease","duration":1,"time":589,"value":0,"angle":22.5,"ease":"outSine"},{"start":0.049999997019768,"var":"vfx.canvPos.ky","type":"ease","duration":1,"time":590,"value":0,"ease":"outSine","angle":22.5},{"start":-0.050000000745058,"var":"vfx.canvPos.ky","type":"ease","duration":1,"time":591,"value":0,"angle":22.5,"ease":"outSine"},{"start":0.049999997019768,"var":"vfx.canvPos.kx","type":"ease","duration":1,"time":592,"value":0,"ease":"outSine","angle":0},{"start":-0.049999997019768,"var":"vfx.canvPos.kx","type":"ease","duration":1,"time":593,"value":0,"angle":0,"ease":"outSine"},{"start":0.049999997019768,"var":"vfx.canvPos.kx","type":"ease","duration":1,"time":594,"value":0,"ease":"outSine","angle":360},{"start":-0.049999997019768,"var":"vfx.canvPos.kx","type":"ease","duration":1,"time":595,"value":0,"angle":0,"ease":"outSine"},{"start":0.049999997019768,"var":"vfx.canvPos.kx","type":"ease","duration":1,"time":596,"value":0,"ease":"outSine","angle":0},{"start":-0.049999997019768,"var":"vfx.canvPos.kx","type":"ease","duration":1,"time":597,"value":0,"angle":0,"ease":"outSine"},{"start":0.049999997019768,"var":"vfx.canvPos.kx","type":"ease","duration":1,"time":598,"value":0,"ease":"outSine","angle":0},{"start":-0.049999997019768,"var":"vfx.canvPos.kx","type":"ease","duration":1,"time":599,"value":0,"angle":0,"ease":"outSine"},{"start":0.049999997019768,"var":"vfx.canvPos.ky","type":"ease","duration":1,"time":596,"value":0,"angle":22.5,"ease":"outSine"},{"start":-0.050000000745058,"var":"vfx.canvPos.ky","type":"ease","duration":1,"time":599,"value":0,"ease":"outSine","angle":22.5},{"start":0.049999997019768,"var":"vfx.canvPos.ky","type":"ease","duration":1,"time":598,"value":0,"angle":22.5,"ease":"outSine"},{"start":-0.050000000745058,"var":"vfx.canvPos.ky","type":"ease","duration":1,"time":597,"value":0,"ease":"outSine","angle":22.5},{"start":0.049999997019768,"var":"vfx.canvPos.kx","type":"ease","duration":1,"time":600,"value":0,"angle":0,"ease":"outSine"},{"start":-0.049999997019768,"var":"vfx.canvPos.kx","type":"ease","duration":1,"time":601,"value":0,"ease":"outSine","angle":0},{"start":0.049999997019768,"var":"vfx.canvPos.ky","type":"ease","duration":1,"time":601,"value":0,"ease":"outSine","angle":22.5},{"start":-0.050000000745058,"var":"vfx.canvPos.ky","type":"ease","duration":1,"time":600,"value":0,"angle":22.5,"ease":"outSine"},{"start":0.049999997019768,"var":"vfx.canvPos.kx","type":"ease","duration":1,"time":602,"value":0,"ease":"outSine","angle":0},{"start":-0.049999997019768,"var":"vfx.canvPos.kx","type":"ease","duration":1,"time":603,"value":0,"angle":0,"ease":"outSine"},{"start":0.049999997019768,"var":"vfx.canvPos.ky","type":"ease","duration":1,"time":603,"value":0,"angle":22.5,"ease":"outSine"},{"start":-0.050000000745058,"var":"vfx.canvPos.ky","type":"ease","duration":1,"time":602,"value":0,"ease":"outSine","angle":22.5},{"start":0.049999997019768,"var":"vfx.canvPos.kx","type":"ease","duration":1,"time":604,"value":0,"ease":"outSine","angle":0},{"start":-0.049999997019768,"var":"vfx.canvPos.kx","type":"ease","duration":1,"time":605,"value":0,"angle":0,"ease":"outSine"},{"start":1.1000000238419,"var":"vfx.canvPos.sx","type":"ease","duration":1,"time":604,"value":1,"ease":"outSine","angle":348.75},{"start":1.1000000238419,"var":"vfx.canvPos.sy","type":"ease","duration":1,"time":604,"value":1,"angle":337.5,"ease":"outSine"},{"start":1.1000000238419,"var":"vfx.canvPos.sx","type":"ease","duration":1,"time":605,"value":1,"angle":348.75,"ease":"outSine"},{"start":1.1000000238419,"var":"vfx.canvPos.sy","type":"ease","duration":1,"time":605,"value":1,"ease":"outSine","angle":337.5},{"start":0.049999997019768,"var":"vfx.canvPos.ky","type":"ease","duration":1,"time":606,"value":0,"angle":0,"ease":"outSine"},{"start":-0.049999997019768,"var":"vfx.canvPos.ky","type":"ease","duration":1,"time":607,"value":0,"ease":"outSine","angle":0},{"start":1.1000000238419,"var":"vfx.canvPos.sx","type":"ease","duration":1,"time":606,"value":1,"angle":348.75,"ease":"outSine"},{"start":1.1000000238419,"var":"vfx.canvPos.sy","type":"ease","duration":1,"time":606,"value":1,"ease":"outSine","angle":337.5},{"start":1.1000000238419,"var":"vfx.canvPos.sx","type":"ease","duration":1,"time":607,"value":1,"ease":"outSine","angle":348.75},{"start":1.1000000238419,"var":"vfx.canvPos.sy","type":"ease","duration":1,"time":607,"value":1,"angle":337.5,"ease":"outSine"},{"start":0.049999997019768,"var":"vfx.canvPos.kx","type":"ease","duration":1,"time":608,"value":0,"ease":"outSine","angle":0},{"start":-0.049999997019768,"var":"vfx.canvPos.kx","type":"ease","duration":1,"time":609,"value":0,"angle":0,"ease":"outSine"},{"start":0.049999997019768,"var":"vfx.canvPos.kx","type":"ease","duration":1,"time":610,"value":0,"angle":0,"ease":"outSine"},{"start":-0.049999997019768,"var":"vfx.canvPos.kx","type":"ease","duration":1,"time":611,"value":0,"ease":"outSine","angle":0},{"start":0.049999997019768,"var":"vfx.canvPos.kx","type":"ease","duration":1,"time":612,"value":0,"angle":0,"ease":"outSine"},{"start":-0.049999997019768,"var":"vfx.canvPos.kx","type":"ease","duration":1,"time":613,"value":0,"ease":"outSine","angle":0},{"start":0.049999997019768,"var":"vfx.canvPos.ky","type":"ease","duration":1,"time":612.5,"value":0,"angle":22.5,"ease":"outSine"},{"start":-0.049999997019768,"var":"vfx.canvPos.ky","type":"ease","duration":1,"time":613.5,"value":0,"ease":"outSine","angle":22.5},{"start":0.049999997019768,"var":"vfx.canvPos.kx","type":"ease","duration":1,"time":614,"value":0,"ease":"outSine","angle":0},{"start":-0.049999997019768,"var":"vfx.canvPos.kx","type":"ease","duration":1,"time":615,"value":0,"angle":0,"ease":"outSine"},{"start":0.049999997019768,"var":"vfx.canvPos.ky","type":"ease","duration":1,"time":614.5,"value":0,"ease":"outSine","angle":22.5},{"start":-0.049999997019768,"var":"vfx.canvPos.ky","type":"ease","duration":1,"time":615.5,"value":0,"angle":22.5,"ease":"outSine"},{"start":0.049999997019768,"var":"vfx.canvPos.ky","type":"ease","duration":1,"time":616,"value":0,"ease":"outSine","angle":22.5},{"start":-0.050000000745058,"var":"vfx.canvPos.ky","type":"ease","duration":1,"time":617,"value":0,"angle":22.5,"ease":"outSine"},{"start":0.049999997019768,"var":"vfx.canvPos.ky","type":"ease","duration":1,"time":618,"value":0,"angle":22.5,"ease":"outSine"},{"start":-0.050000000745058,"var":"vfx.canvPos.ky","type":"ease","duration":1,"time":619,"value":0,"ease":"outSine","angle":22.5},{"start":0.049999997019768,"var":"vfx.canvPos.ky","type":"ease","duration":1,"time":620,"value":0,"angle":22.5,"ease":"outSine"},{"start":-0.050000000745058,"var":"vfx.canvPos.ky","type":"ease","duration":1,"time":621,"value":0,"ease":"outSine","angle":22.5},{"start":0.049999997019768,"var":"vfx.canvPos.ky","type":"ease","duration":1,"time":622,"value":0,"angle":22.5,"ease":"outSine"},{"start":-0.050000000745058,"var":"vfx.canvPos.ky","type":"ease","duration":1,"time":623,"value":0,"ease":"outSine","angle":22.5},{"start":0.049999997019768,"var":"vfx.canvPos.kx","type":"ease","duration":1,"time":624,"value":0,"angle":360,"ease":"outSine"},{"start":-0.049999997019768,"var":"vfx.canvPos.kx","type":"ease","duration":1,"time":625,"value":0,"ease":"outSine","angle":0},{"start":0.049999997019768,"var":"vfx.canvPos.kx","type":"ease","duration":1,"time":626,"value":0,"angle":360,"ease":"outSine"},{"start":-0.049999997019768,"var":"vfx.canvPos.kx","type":"ease","duration":1,"time":627,"value":0,"ease":"outSine","angle":0},{"start":0.049999997019768,"var":"vfx.canvPos.kx","type":"ease","duration":1,"time":628,"value":0,"angle":0,"ease":"outSine"},{"start":-0.049999997019768,"var":"vfx.canvPos.kx","type":"ease","duration":1,"time":629,"value":0,"ease":"outSine","angle":0},{"start":0.049999997019768,"var":"vfx.canvPos.kx","type":"ease","duration":1,"time":630,"value":0,"angle":0,"ease":"outSine"},{"start":-0.049999997019768,"var":"vfx.canvPos.kx","type":"ease","duration":1,"time":631,"value":0,"ease":"outSine","angle":0},{"start":0.049999997019768,"var":"vfx.canvPos.ky","type":"ease","duration":1,"time":628,"value":0,"ease":"outSine","angle":22.5},{"start":-0.050000000745058,"var":"vfx.canvPos.ky","type":"ease","duration":1,"time":631,"value":0,"angle":22.5,"ease":"outSine"},{"start":0.049999997019768,"var":"vfx.canvPos.ky","type":"ease","duration":1,"time":630,"value":0,"ease":"outSine","angle":22.5},{"start":-0.050000000745058,"var":"vfx.canvPos.ky","type":"ease","duration":1,"time":629,"value":0,"angle":22.5,"ease":"outSine"},{"start":0.049999997019768,"var":"vfx.canvPos.kx","type":"ease","duration":1,"time":632,"value":0,"ease":"outSine","angle":0},{"start":-0.049999997019768,"var":"vfx.canvPos.kx","type":"ease","duration":1,"time":633,"value":0,"angle":0,"ease":"outSine"},{"start":0.049999997019768,"var":"vfx.canvPos.ky","type":"ease","duration":1,"time":633,"value":0,"angle":22.5,"ease":"outSine"},{"start":-0.050000000745058,"var":"vfx.canvPos.ky","type":"ease","duration":1,"time":632,"value":0,"ease":"outSine","angle":22.5},{"start":0.049999997019768,"var":"vfx.canvPos.kx","type":"ease","duration":1,"time":634,"value":0,"angle":0,"ease":"outSine"},{"start":-0.049999997019768,"var":"vfx.canvPos.kx","type":"ease","duration":1,"time":635,"value":0,"ease":"outSine","angle":0},{"start":0.049999997019768,"var":"vfx.canvPos.ky","type":"ease","duration":1,"time":635,"value":0,"ease":"outSine","angle":22.5},{"start":-0.050000000745058,"var":"vfx.canvPos.ky","type":"ease","duration":1,"time":634,"value":0,"angle":22.5,"ease":"outSine"},{"start":0.049999997019768,"var":"vfx.canvPos.kx","type":"ease","duration":1,"time":636,"value":0,"angle":0,"ease":"outSine"},{"start":-0.049999997019768,"var":"vfx.canvPos.kx","type":"ease","duration":1,"time":637,"value":0,"ease":"outSine","angle":0},{"start":1.1000000238419,"var":"vfx.canvPos.sx","type":"ease","duration":1,"time":636,"value":1,"angle":348.75,"ease":"outSine"},{"start":1.1000000238419,"var":"vfx.canvPos.sy","type":"ease","duration":1,"time":636,"value":1,"ease":"outSine","angle":337.5},{"start":1.1000000238419,"var":"vfx.canvPos.sx","type":"ease","duration":1,"time":637,"value":1,"ease":"outSine","angle":348.75},{"start":1.1000000238419,"var":"vfx.canvPos.sy","type":"ease","duration":1,"time":637,"value":1,"angle":337.5,"ease":"outSine"},{"start":0.049999997019768,"var":"vfx.canvPos.ky","type":"ease","duration":1,"time":638,"value":0,"ease":"outSine","angle":0},{"start":-0.049999997019768,"var":"vfx.canvPos.ky","type":"ease","duration":1,"time":639,"value":0,"angle":0,"ease":"outSine"},{"start":1.1000000238419,"var":"vfx.canvPos.sx","type":"ease","duration":1,"time":638,"value":1,"ease":"outSine","angle":348.75},{"start":1.1000000238419,"var":"vfx.canvPos.sy","type":"ease","duration":1,"time":638,"value":1,"angle":337.5,"ease":"outSine"},{"start":1.1000000238419,"var":"vfx.canvPos.sx","type":"ease","duration":1,"time":639,"value":1,"angle":348.75,"ease":"outSine"},{"start":1.1000000238419,"var":"vfx.canvPos.sy","type":"ease","duration":1,"time":639,"value":1,"ease":"outSine","angle":337.5},{"tag":"pulse1","time":616,"type":"tag","angle":303.75,"angleOffset":false},{"start":1.1000000238419,"var":"vfx.canvPos.sx","type":"ease","duration":8,"time":640,"value":1,"ease":"outSine","angle":315},{"start":1.1000000238419,"var":"vfx.canvPos.sy","type":"ease","duration":8,"time":640,"value":1,"angle":326.25,"ease":"outSine"},{"start":1.0400000810623,"repeats":6,"repeatDelay":0.75,"var":"vfx.canvPos.sx","ease":"outSine","duration":1,"time":648,"value":1,"angle":348.75,"type":"ease"},{"start":1.0400000810623,"repeats":6,"repeatDelay":0.75,"var":"vfx.canvPos.sy","angle":337.5,"duration":1,"value":1,"type":"ease","ease":"outSine","time":648},{"start":1.039999961853,"var":"vfx.canvPos.sx","time":653,"duration":4,"ease":"inSine","order":1,"type":"ease","angle":22.5,"value":1.2000000476837},{"start":1.039999961853,"var":"vfx.canvPos.sy","time":653,"duration":4,"angle":11.25,"order":1,"type":"ease","ease":"inSine","value":1.2000000476837},{"start":0.050000000745058,"repeats":3,"repeatDelay":8,"var":"vfx.canvPos.kx","ease":"outSine","duration":1,"time":353,"value":0,"angle":0,"type":"ease"},{"start":-0.049999997019768,"repeats":3,"repeatDelay":8,"var":"vfx.canvPos.kx","ease":"outSine","duration":1,"time":353.5,"value":0,"angle":360,"type":"ease"},{"start":0.050000000745058,"repeats":3,"repeatDelay":8,"var":"vfx.canvPos.kx","ease":"outSine","duration":1,"time":354.5,"value":0,"angle":360,"type":"ease"},{"start":-0.049999997019768,"repeats":3,"repeatDelay":8,"var":"vfx.canvPos.kx","ease":"outSine","duration":1,"time":355,"value":0,"angle":360,"type":"ease"},{"start":-0.049999997019768,"repeats":3,"repeatDelay":8,"var":"vfx.canvPos.ky","ease":"outSine","duration":1,"time":356,"value":0,"angle":0,"type":"ease"},{"start":0.050000000745058,"repeats":3,"repeatDelay":8,"var":"vfx.canvPos.ky","ease":"outSine","duration":1,"time":357,"value":0,"angle":0,"type":"ease"},{"start":-0.049999997019768,"repeats":3,"repeatDelay":8,"var":"vfx.canvPos.ky","ease":"outSine","duration":1,"time":357.5,"value":0,"angle":360,"type":"ease"},{"start":0.050000000745058,"repeats":3,"repeatDelay":8,"var":"vfx.canvPos.ky","ease":"outSine","duration":1,"time":358.5,"value":0,"angle":360,"type":"ease"},{"start":-0.049999997019768,"repeats":3,"repeatDelay":8,"var":"vfx.canvPos.ky","ease":"outSine","duration":1,"time":359,"value":0,"angle":360,"type":"ease"},{"duration":16,"angle":371.25,"r":-360,"ease":"outSine","type":"deco","time":544,"id":"star"},{"duration":3.5,"ease":"outSine","r":0,"angle":371.25,"type":"deco","time":560,"id":"star"},{"duration":3.5,"angle":371.25,"r":360,"ease":"outSine","type":"deco","time":564,"id":"star"},{"duration":3.5,"angle":371.25,"r":0,"ease":"outSine","type":"deco","time":568,"id":"star"},{"duration":2,"angle":371.25,"r":180,"ease":"outSine","type":"deco","time":572,"id":"star"},{"duration":64,"angle":11.25,"r":-8640,"ease":"linear","type":"deco","time":576,"id":"star"},{"duration":2,"angle":11.25,"r":0,"ease":"inSine","type":"deco","time":574,"id":"star"},{"type":"ease","var":"vfx.angleTwist.offset","value":45,"time":128,"angle":135},{"type":"ease","var":"vfx.angleTwist.offset","value":45,"time":144,"angle":-135},{"type":"ease","var":"vfx.angleTwist.offset","value":45,"time":160,"angle":-135},{"type":"ease","var":"vfx.angleTwist.offset","value":45,"time":176,"angle":45},{"start":0.25000023841858,"var":"scrollSpeed","type":"ease","duration":2,"time":192,"value":2,"angle":0,"ease":"inSine"},{"start":0.25000023841858,"var":"scrollSpeed","type":"ease","duration":2,"time":194,"value":2,"ease":"inSine","angle":-90},{"start":0.25000023841858,"var":"scrollSpeed","type":"ease","duration":2,"time":196,"value":2,"ease":"inSine","angle":-180},{"start":0.25000023841858,"var":"scrollSpeed","type":"ease","duration":2,"time":198,"value":2,"ease":"inSine","angle":90},{"duration":1,"ease":"outSine","angle":315,"type":"ease","value":0,"var":"vfx.angleTwist.offset","time":191},{"start":0.25000023841858,"var":"scrollSpeed","type":"ease","duration":2,"time":200,"value":2,"ease":"inSine","angle":45},{"start":0.25000023841858,"var":"scrollSpeed","type":"ease","duration":2,"time":201.5,"value":2,"ease":"inSine","angle":90},{"start":0.25000023841858,"var":"scrollSpeed","type":"ease","duration":2,"time":203,"value":2,"ease":"inSine","angle":135},{"start":0.25000023841858,"var":"scrollSpeed","type":"ease","duration":2,"time":204,"value":2,"ease":"inSine","angle":-180},{"start":0.25000023841858,"var":"scrollSpeed","type":"ease","duration":2,"time":205.5,"value":2,"ease":"inSine","angle":-135},{"start":0.25000023841858,"var":"scrollSpeed","type":"ease","duration":2,"time":207,"value":2,"ease":"inSine","angle":-90},{"start":0.25000023841858,"var":"scrollSpeed","type":"ease","duration":2,"time":208,"value":2,"ease":"inSine","angle":0},{"start":0.25000023841858,"var":"scrollSpeed","type":"ease","duration":2,"time":210,"value":2,"angle":90,"ease":"inSine"},{"start":0.25000023841858,"var":"scrollSpeed","type":"ease","duration":2,"time":212,"value":2,"angle":180,"ease":"inSine"},{"start":0.25000023841858,"var":"scrollSpeed","type":"ease","duration":2,"time":214,"value":2,"angle":-90,"ease":"inSine"},{"start":0.25000023841858,"var":"scrollSpeed","type":"ease","duration":2,"time":216,"value":2,"angle":-45,"ease":"inSine"},{"start":0.25000023841858,"var":"scrollSpeed","type":"ease","duration":2,"time":217.5,"value":2,"angle":-90,"ease":"inSine"},{"start":0.25000023841858,"var":"scrollSpeed","type":"ease","duration":2,"time":219,"value":2,"angle":-135,"ease":"inSine"},{"start":0.25000023841858,"var":"scrollSpeed","type":"ease","duration":2,"time":220,"value":2,"angle":180,"ease":"inSine"},{"start":1,"var":"scrollSpeed","type":"ease","duration":2,"time":221.5,"value":2,"angle":135,"ease":"inSine"},{"duration":2,"ease":"inSine","angle":90,"type":"ease","value":1,"var":"scrollSpeed","time":222},{"color":4,"time":350,"type":"noise","chance":0.5,"angle":360},{"duration":16,"angle":45,"r":2160,"ease":"outSine","type":"deco","time":352,"id":"star"},{"time":560,"r":360,"order":-1,"type":"deco","angle":30,"id":"star"},{"start":1,"var":"vfx.canvPos.sx","type":"ease","duration":0.75,"time":590.25,"value":1.2000000476837,"angle":315,"ease":"inSine"},{"start":1,"var":"vfx.canvPos.sy","type":"ease","duration":0.75,"time":590.25,"value":1.2000000476837,"ease":"inSine","angle":330},{"start":1.2000000476837,"var":"vfx.canvPos.sx","type":"ease","duration":0.75,"time":591,"value":1,"ease":"outSine","angle":315},{"start":1.2000000476837,"var":"vfx.canvPos.sy","type":"ease","duration":0.75,"time":591,"value":1,"angle":330,"ease":"outSine"},{"start":1,"var":"vfx.canvPos.sx","type":"ease","duration":0.75,"time":606.25,"value":1.2000000476837,"ease":"inSine","angle":315},{"start":1,"var":"vfx.canvPos.sy","type":"ease","duration":0.75,"time":606.25,"value":1.2000000476837,"angle":330,"ease":"inSine"},{"start":1.2000000476837,"var":"vfx.canvPos.sx","type":"ease","duration":0.75,"time":607,"value":1,"angle":315,"ease":"outSine"},{"start":1.2000000476837,"var":"vfx.canvPos.sy","type":"ease","duration":0.75,"time":607,"value":1,"ease":"outSine","angle":330},{"start":1,"var":"vfx.canvPos.sx","type":"ease","duration":0.75,"time":622.25,"value":1.2000000476837,"ease":"inSine","angle":315},{"start":1,"var":"vfx.canvPos.sy","type":"ease","duration":0.75,"time":622.25,"value":1.2000000476837,"angle":330,"ease":"inSine"},{"start":1.2000000476837,"var":"vfx.canvPos.sx","type":"ease","duration":0.75,"time":623,"value":1,"angle":315,"ease":"outSine"},{"start":1.2000000476837,"var":"vfx.canvPos.sy","type":"ease","duration":0.75,"time":623,"value":1,"ease":"outSine","angle":330},{"duration":16,"ease":"linear","angle":315,"type":"ease","value":1.5,"var":"scrollSpeed","time":288},{"start":4,"var":"scrollSpeed","type":"ease","duration":8,"time":349.5,"value":1,"angle":180,"ease":"outSine"},{"duration":16,"ease":"inSine","newWidth":360,"paddle":1,"type":"paddles","time":400,"angle":202.5},{"duration":8,"ease":"inSine","angle":157.5,"type":"ease","value":4,"var":"scrollSpeed","time":400},{"duration":8,"ease":"inOutQuad","newWidth":70,"paddle":1,"type":"paddles","time":443,"angle":67.5},{"duration":4,"angle":45,"ease":"outSine","type":"ease","value":1,"var":"scrollSpeed","time":443},{"duration":4,"ease":"outSine","newWidth":15,"paddle":1,"type":"paddles","time":512,"angle":45},{"duration":24,"ease":"inSine","angle":0,"type":"ease","value":2.5,"var":"scrollSpeed","time":512},{"duration":2,"ease":"inSine","angle":0,"type":"ease","value":5,"var":"scrollSpeed","time":541},{"duration":1,"ease":"inSine","angle":22.5,"type":"ease","value":1,"var":"scrollSpeed","time":543.25},{"duration":0,"ease":"linear","newWidth":50,"paddle":1,"type":"paddles","time":564,"angle":337.5},{"duration":0,"ease":"linear","newWidth":70,"paddle":1,"type":"paddles","time":568,"angle":337.5},{"duration":0,"ease":"linear","newWidth":35,"paddle":1,"type":"paddles","time":560,"angle":337.5},{"duration":4,"angle":180,"ease":"inOutSine","type":"ease","value":2,"var":"scrollSpeed","time":592},{"start":1,"var":"scrollSpeed","type":"ease","duration":1,"time":624,"value":3,"angle":11.25,"ease":"inSine"},{"start":1,"var":"scrollSpeed","type":"ease","duration":1,"time":626,"value":3,"ease":"inSine","angle":-78.75},{"start":1,"var":"scrollSpeed","type":"ease","duration":1,"time":626,"value":3,"ease":"inSine","angle":101.25},{"start":1,"var":"scrollSpeed","type":"ease","duration":1,"time":628,"value":3,"ease":"inSine","angle":-33.75},{"start":1,"var":"scrollSpeed","type":"ease","duration":1,"time":627.75,"value":3,"ease":"inSine","angle":146.25},{"start":1,"var":"scrollSpeed","type":"ease","duration":1,"time":630,"value":3,"ease":"inSine","angle":-78.75},{"start":1,"var":"scrollSpeed","type":"ease","duration":1,"time":630,"value":3,"ease":"inSine","angle":101.25},{"duration":4,"angle":270,"ease":"outSine","type":"ease","value":1,"var":"scrollSpeed","time":640},{"tag":"lyrics5","time":491.25,"type":"tag","angle":337.5,"angleOffset":false},{"sprite":"txt3.png","angle":348.75,"type":"deco","time":491.25,"id":"lyrics"},{"oy":30,"drawOrder":1,"sx":0,"sy":0,"ox":142.5,"sprite":"bigtxt#1","drawLayer":"bg","outline":true,"time":-3.5,"type":"deco","angle":157.5,"id":"bigtext"},{"tag":"bigtext1","time":412,"type":"tag","angle":0,"angleOffset":false},{"tag":"bigtext2","time":427.25,"type":"tag","angle":0,"angleOffset":false},{"tag":"bigtext3","time":443,"type":"tag","angle":11.25,"angleOffset":false},{"tag":"bigtext4","time":459.5,"type":"tag","angle":0,"angleOffset":false},{"tag":"bigtext5","time":475,"type":"tag","angle":0,"angleOffset":false},{"tag":"bigtext2","time":491.25,"type":"tag","angle":0,"angleOffset":false},{"tag":"bigtext3","time":507,"type":"tag","angle":11.25,"angleOffset":false},{"tag":"bigtext4","time":523.5,"type":"tag","angle":0,"angleOffset":false},{"tag":"bigtext5","time":539,"type":"tag","angle":0,"angleOffset":false},{"sx":0,"sy":0,"time":531,"duration":8,"angle":0,"type":"deco","ease":"inSine","id":"bigtext"},{"oy":40,"drawOrder":0,"sx":3,"sy":3,"angle":180,"id":"heart","sprite":"heart.png","drawLayer":"bg","type":"deco","time":544,"ox":40},{"sx":0,"sy":0,"time":546,"duration":8,"ease":"inSine","type":"deco","angle":0,"id":"bigtext"},{"sx":15,"sy":15,"ease":"inBack","duration":2,"time":574,"r":0,"type":"deco","angle":22.5,"id":"heart"}],"metadata":{"artistLink":"https://turingsghost.bandcamp.com/track/sigilvitae","bgData":{"image":"bg.png","redChannel":{"b":83,"g":71,"r":179},"blueChannel":{"b":191,"g":47,"r":56},"greenChannel":{"b":100,"g":148,"r":95},"yellowChannel":{"b":97,"g":179,"r":229},"magentaChannel":{"b":215,"g":92,"r":180},"cyanChannel":{"b":220,"g":160,"r":100}},"artist":"turingsghost","charter":"Starcat_JP","songName":"Sigilvitae","description":"oh it's soundefence 2-\n(flashing light warning)","difficulty":0,"bg":true}}