{"properties":{"formatversion":13,"speed":160,"startBeat":0,"offset":8,"loadBeat":-1},"events":[{"type":"setColor","r":97,"time":-1,"g":170,"angle":22.5,"b":153,"color":0},{"type":"setColor","r":0,"time":-1,"angle":45,"g":0,"b":0,"color":1},{"type":"setColor","r":255,"time":-1,"angle":67.5,"g":255,"b":255,"color":2},{"type":"outline","time":-1,"angle":157.5,"enable":false,"color":2},{"type":"setColor","r":200,"time":8,"angle":292.5,"g":77,"b":123,"color":0},{"type":"paddles","newWidth":50,"time":-1,"angle":270,"paddle":1,"ease":"linear","duration":0},{"type":"paddles","newWidth":60,"time":18,"angle":0,"paddle":1,"ease":"inOutSine","duration":1},{"volume":1,"bpm":100,"time":0,"angle":90,"type":"play","offset":0.75,"file":"YofukashiNoUta.ogg"},{"type":"showResults","angle":292.5,"time":144},{"type":"setColor","r":97,"time":20,"g":170,"angle":315,"b":153,"color":0},{"type":"setColor","r":200,"time":22.25,"g":77,"angle":202.5,"b":123,"color":0},{"type":"setColor","r":200,"time":30,"g":77,"angle":292.5,"b":123,"color":0},{"type":"setColor","r":97,"time":28,"g":170,"angle":315,"b":153,"color":0},{"type":"setColor","r":97,"time":34.25,"g":170,"angle":225,"b":153,"color":0},{"type":"deco","x":180,"y":100,"sprite":"STANDING.png","sx":0.75,"time":5,"angle":315,"sy":0.75,"id":"F1","drawLayer":"bg"},{"type":"deco","hide":true,"time":9,"angle":247.5,"id":"F1"}],"metadata":{"songName":"Daten","description":"An opening for ","difficulty":0,"artistLink":"https://open.spotify.com/artist/0pWR7TsFhvSCnbmHDjWgrE?si=PO6rsvphRcSyRWooRTf0PA","artist":"Creepy Nuts","charter":"RedBread","bg":false}}