[{"angle2":-22.5,"type":"hold","angle":22.5,"startTap":true,"time":-4,"endTap":true,"duration":1.5},{"angle2":382.5,"type":"hold","angle":337.5,"startTap":true,"time":-2.5,"endTap":true,"duration":1.5},{"angle":67.5,"type":"block","time":0.5},{"angle":45,"type":"block","time":1.5},{"angle":22.5,"type":"block","time":2.5},{"angle":0,"type":"block","time":3},{"angle":337.5,"type":"block","time":3.5},{"angle2":270,"type":"hold","angle":315,"startTap":true,"time":4,"endTap":true,"duration":1.5},{"angle2":315,"type":"hold","angle":270,"startTap":true,"time":5.5,"endTap":true,"duration":1.5},{"angle":337.5,"type":"block","time":8.5},{"angle":360,"type":"block","time":9.5},{"angle":22.5,"type":"block","time":10.5},{"angle":45,"type":"block","time":11},{"angle":67.5,"type":"block","time":11.5},{"angle2":135,"type":"hold","angle":90,"startTap":true,"time":12,"endTap":true,"duration":1.5},{"angle2":90,"type":"hold","angle":135,"startTap":true,"time":13.5,"endTap":true,"duration":1.5},{"angle":67.5,"type":"block","time":16.5},{"angle":45,"type":"block","time":17.5},{"angle":22.5,"type":"block","time":18.5},{"angle":360,"type":"block","time":19},{"angle":337.5,"type":"block","time":19.5},{"angle2":360,"type":"hold","angle":315,"startTap":true,"time":20,"endTap":true,"duration":1.5},{"angle2":315,"type":"hold","angle":360,"startTap":true,"time":21.5,"endTap":true,"duration":1.5},{"angle":292.5,"type":"block","time":24.5},{"angle":270,"type":"block","time":25.5},{"angle":247.5,"type":"block","time":26.5},{"angle":225,"type":"block","time":27},{"angle":202.5,"type":"block","time":27.5},{"type":"block","time":28,"angle":180,"tap":true},{"angle":168.75,"type":"block","time":29},{"angle":180,"type":"block","time":29.5},{"angle":168.75,"type":"block","time":30},{"angle":180,"type":"block","time":30.5},{"angle":191.25,"type":"block","time":31},{"angle":202.5,"type":"block","time":31.5},{"angle":191.25,"type":"block","time":32.5},{"angle":180,"type":"block","time":33},{"angle":168.75,"type":"block","time":33.5},{"angle":213.75,"type":"block","time":32},{"angle":135,"type":"block","time":34},{"angle":123.75,"type":"block","time":34.5},{"angle2":-22.5,"type":"hold","angle":0,"startTap":true,"time":28,"endTap":true,"duration":1.5},{"angle2":360,"type":"hold","angle":337.5,"startTap":true,"time":29.5,"endTap":true,"duration":1.5},{"type":"block","time":36,"angle":90,"tap":true},{"angle":146.25,"type":"block","time":35},{"angle":112.5,"type":"block","time":35.5},{"angle2":292.5,"type":"hold","angle":270,"startTap":true,"time":36,"endTap":true,"duration":1.5},{"angle2":270,"type":"hold","angle":292.5,"startTap":true,"time":37.5,"endTap":true,"duration":1.5},{"angle":90,"type":"block","time":37},{"angle":101.25,"type":"block","time":37.5},{"angle":90,"type":"block","time":38},{"angle":78.75,"type":"block","time":38.5},{"angle":101.25,"type":"block","time":39},{"angle":90,"type":"block","time":39.5},{"angle":67.5,"type":"block","time":40},{"angle":45,"type":"block","time":40.5},{"angle":33.75,"type":"block","time":41},{"angle":22.5,"type":"block","time":41.5},{"angle":56.25,"type":"block","time":42},{"angle":90,"type":"block","time":42.5},{"angle":123.75,"type":"block","time":43},{"type":"block","time":44,"angle":146.25,"tap":true},{"angle":135,"type":"block","time":43.5},{"angle":168.75,"type":"block","time":45},{"angle":146.25,"type":"block","time":45.5},{"angle2":348.75,"type":"hold","angle":326.25,"startTap":true,"time":44,"endTap":true,"duration":1.5},{"angle2":326.25,"type":"hold","angle":348.75,"startTap":true,"time":45.5,"endTap":true,"duration":1.5},{"angle":168.75,"type":"block","time":46.5},{"angle":146.25,"type":"block","time":47},{"angle":123.75,"type":"block","time":47.5},{"angle":112.5,"type":"block","time":48},{"angle":90,"type":"block","time":48.5},{"angle":67.5,"type":"block","time":49},{"angle":45,"type":"block","time":49.5},{"angle":22.5,"type":"block","time":50},{"angle":360,"type":"block","time":50.5},{"angle":337.5,"type":"block","time":51},{"angle":315,"type":"block","time":51.5},{"type":"block","time":52,"angle":281.25,"tap":true},{"angle2":123.75,"type":"hold","angle":101.25,"startTap":true,"time":52,"endTap":true,"duration":1.5},{"angle":315,"type":"block","time":53},{"angle":326.25,"type":"block","time":53.5},{"angle2":101.25,"type":"hold","angle":123.75,"startTap":true,"time":53.5,"endTap":true,"duration":1.5},{"angle":315,"type":"block","time":54.5},{"angle":303.75,"type":"block","time":55},{"angle":292.5,"type":"block","time":55.5},{"angle":270,"type":"block","time":56},{"angle":258.75,"type":"block","time":56.5},{"angle":247.5,"type":"block","time":57},{"angle":236.25,"type":"block","time":57.5},{"angle":225,"type":"block","time":58},{"angle":213.75,"type":"block","time":58.5},{"angle":202.5,"type":"block","time":59},{"angle":191.25,"type":"block","time":59.5},{"angle":180,"type":"block","time":60},{"angle":270,"type":"extraTap","time":60},{"angle":270,"type":"extraTap","time":62},{"angle":270,"type":"extraTap","time":64},{"angle":270,"type":"extraTap","time":66},{"angle":168.75,"type":"block","time":60.5},{"angle":180,"type":"block","time":61},{"angle":191.25,"type":"block","time":61.5},{"angle":202.5,"type":"block","time":62.5},{"angle":191.25,"type":"block","time":63},{"angle":180,"type":"block","time":63.5},{"angle":168.75,"type":"block","time":64},{"angle":157.5,"type":"block","time":64.5},{"angle":146.25,"type":"block","time":65},{"angle":135,"type":"block","time":65.5},{"angle":315,"type":"block","time":67},{"angle":326.25,"type":"block","time":66.5},{"angle":292.5,"type":"block","time":67.5},{"angle":303.75,"type":"block","time":68},{"angle":292.5,"type":"block","time":68.5},{"angle":270,"type":"block","time":69},{"angle":281.25,"type":"block","time":69.5},{"angle":270,"type":"extraTap","time":68},{"angle":270,"type":"extraTap","time":70},{"angle":247.5,"type":"block","time":70.5},{"angle":236.25,"type":"block","time":71},{"angle":258.75,"type":"block","time":70},{"angle":225,"type":"block","time":71.5},{"angle":247.5,"type":"block","time":72},{"angle":258.75,"type":"block","time":72.5},{"angle":270,"type":"block","time":73},{"angle":247.5,"type":"block","time":73.5},{"angle":270,"type":"extraTap","time":72},{"angle":270,"type":"extraTap","time":74},{"angle":270,"type":"extraTap","time":76},{"angle":270,"type":"extraTap","time":78},{"angle":270,"type":"extraTap","time":80},{"angle":236.25,"type":"block","time":75},{"angle":247.5,"type":"block","time":74.5},{"angle":225,"type":"block","time":75.5},{"angle":213.75,"type":"block","time":76},{"angle":202.5,"type":"block","time":76.5},{"angle":180,"type":"block","time":77},{"angle":202.5,"type":"block","time":77.5},{"angle":225,"type":"block","time":78},{"angle":213.75,"type":"block","time":79},{"angle":202.5,"type":"block","time":79.5},{"angle":191.25,"type":"block","time":80},{"angle":168.75,"type":"block","time":80.5},{"angle":146.25,"type":"block","time":81},{"angle":202.5,"type":"block","time":78.5},{"angle":123.75,"type":"block","time":81.5},{"angle":270,"type":"extraTap","time":82},{"angle":270,"type":"extraTap","time":84},{"angle":270,"type":"extraTap","time":86},{"angle":315,"type":"block","time":83},{"angle":303.75,"type":"block","time":82.5},{"angle":326.25,"type":"block","time":83.5},{"angle":337.5,"type":"block","time":84},{"angle":326.25,"type":"block","time":84.5},{"angle":303.75,"type":"block","time":85},{"angle":292.5,"type":"block","time":85.5},{"angle":281.25,"type":"block","time":86},{"angle":303.75,"type":"block","time":86.5},{"angle":123.75,"type":"block","time":87},{"angle":112.5,"type":"block","time":87.5},{"angle":123.75,"type":"block","time":88},{"angle":135,"type":"block","time":88.5},{"angle":157.5,"type":"block","time":89},{"angle":180,"type":"block","time":89.5},{"angle":270,"type":"extraTap","time":88},{"angle":270,"type":"extraTap","time":90},{"angle2":360,"type":"hold","startTap":true,"time":93,"angle":180,"duration":2},{"angle2":180,"type":"hold","startTap":true,"time":93,"angle":0,"duration":2},{"angle":191.25,"type":"block","time":95.5},{"angle":202.5,"type":"block","time":96},{"angle":213.75,"type":"block","time":97},{"angle":213.75,"type":"block","time":98},{"angle":225,"type":"block","time":97.5},{"angle":225,"type":"block","time":98.75},{"angle2":135,"type":"mineHold","time":100,"angle":135,"duration":0.75},{"angle2":146.25,"type":"mineHold","time":100,"angle":146.25,"duration":0.75},{"angle2":123.75,"type":"mineHold","time":100,"angle":123.75,"duration":0.75},{"angle2":157.5,"type":"mineHold","time":100,"angle":157.5,"duration":0.75},{"angle2":112.5,"type":"mineHold","time":100,"angle":112.5,"duration":0.75},{"angle2":337.5,"type":"mineHold","time":100,"angle":337.5,"duration":0.75},{"angle2":326.25,"type":"mineHold","time":100,"angle":326.25,"duration":0.75},{"angle2":315,"type":"mineHold","time":100,"angle":315,"duration":0.75},{"angle2":303.75,"type":"mineHold","time":100,"angle":303.75,"duration":0.75},{"angle2":292.5,"type":"mineHold","time":100,"angle":292.5,"duration":0.75},{"angle2":281.25,"type":"mineHold","time":100,"angle":281.25,"duration":0.75},{"angle2":348.75,"type":"mineHold","time":100,"angle":348.75,"duration":0.75},{"angle2":101.25,"type":"mineHold","time":100,"angle":101.25,"duration":0.75},{"angle2":168.75,"type":"mineHold","time":100,"angle":168.75,"duration":0.75},{"angle":45,"type":"block","time":99.5},{"angle2":33.75,"type":"mineHold","time":65,"angle":33.75,"duration":3},{"angle2":225,"type":"mineHold","time":65,"angle":225,"duration":3},{"angle2":33.75,"type":"mineHold","time":81.5,"angle":33.75,"duration":6},{"angle2":213.75,"type":"mineHold","time":81.5,"angle":213.75,"duration":6},{"angle2":450,"type":"mineHold","time":93,"angle":270,"duration":2},{"angle2":270,"type":"mineHold","time":93,"angle":90,"duration":2},{"angle2":33.75,"type":"hold","startTap":true,"time":100,"angle":33.75,"duration":0.75},{"angle2":22.5,"type":"hold","startTap":true,"time":100,"angle":22.5,"duration":0.75},{"angle2":45,"type":"hold","startTap":true,"time":100,"angle":45,"duration":0.75},{"angle2":56.25,"type":"hold","startTap":true,"time":100,"angle":56.25,"duration":0.75},{"angle2":67.5,"type":"hold","startTap":true,"time":100,"angle":67.5,"duration":0.75},{"angle2":225,"type":"hold","startTap":true,"time":100,"angle":225,"duration":0.75},{"angle2":236.25,"type":"hold","startTap":true,"time":100,"angle":236.25,"duration":0.75},{"angle2":247.5,"type":"hold","startTap":true,"time":100,"angle":247.5,"duration":0.75},{"angle2":213.75,"type":"hold","startTap":true,"time":100,"angle":213.75,"duration":0.75},{"angle2":202.5,"type":"hold","startTap":true,"time":100,"angle":202.5,"duration":0.75},{"angle":45,"type":"extraTap","time":101.5},{"angle":45,"type":"extraTap","time":102},{"angle":45,"type":"extraTap","time":102.75},{"angle":45,"type":"extraTap","time":103.5},{"angle":45,"type":"extraTap","time":104},{"angle":45,"type":"extraTap","time":104.75},{"angle":0,"type":"block","time":106},{"angle":337.5,"type":"block","time":107},{"angle2":292.5,"type":"hold","startTap":true,"time":108,"angle":315,"duration":0.75},{"angle":270,"type":"block","time":109.5},{"angle":247.5,"type":"block","time":110.5},{"angle":225,"type":"block","time":111},{"angle2":292.5,"type":"hold","startTap":true,"time":111.5,"angle":247.5,"duration":1},{"angle":315,"type":"block","time":113},{"angle":337.5,"type":"block","time":113.5},{"angle":360,"type":"block","time":114},{"angle":22.5,"type":"block","time":114.5},{"angle":45,"type":"block","time":115},{"angle2":135,"type":"hold","time":116.25,"angle":90,"duration":0.75},{"angle2":90,"type":"hold","duration":0.75,"angle":67.5,"time":115.5,"holdEase":"inSine"},{"angle2":146.25,"type":"hold","time":119.5,"angle":146.25,"duration":2},{"angle2":123.75,"type":"hold","time":119.5,"angle":123.75,"duration":2},{"angle":315,"type":"block","time":121},{"angle":303.75,"type":"block","time":121.5},{"angle":315,"type":"block","time":122.5},{"angle":326.25,"type":"block","time":123.5},{"angle2":180,"type":"hold","startTap":true,"time":125,"angle":360,"duration":3},{"angle2":0,"type":"hold","startTap":true,"time":125,"angle":180,"duration":3},{"angle2":90,"type":"mineHold","time":125,"angle":270,"duration":3},{"angle2":-90,"type":"mineHold","time":125,"angle":90,"duration":3},{"angle2":0,"type":"mineHold","time":120,"angle":0,"duration":4},{"angle2":11.25,"type":"mineHold","time":120,"angle":11.25,"duration":4.25},{"angle2":22.5,"type":"mineHold","time":120,"angle":22.5,"duration":4.5},{"angle2":33.75,"type":"mineHold","time":120,"angle":33.75,"duration":4.75},{"angle2":45,"type":"mineHold","time":120,"angle":45,"duration":5},{"angle2":56.25,"type":"mineHold","time":120,"angle":56.25,"duration":5},{"angle2":67.5,"type":"mineHold","time":120,"angle":67.5,"duration":5},{"angle2":78.75,"type":"mineHold","time":120,"angle":78.75,"duration":5},{"angle2":191.25,"type":"mineHold","time":120,"angle":191.25,"duration":4.25},{"angle2":180,"type":"mineHold","time":120,"angle":180,"duration":4},{"angle2":202.5,"type":"mineHold","time":120,"angle":202.5,"duration":4.5},{"angle2":213.75,"type":"mineHold","time":120,"angle":213.75,"duration":4.75},{"angle2":225,"type":"mineHold","time":120,"angle":225,"duration":5},{"angle2":236.25,"type":"mineHold","time":120,"angle":236.25,"duration":5},{"angle2":247.5,"type":"mineHold","time":120,"angle":247.5,"duration":5},{"angle2":258.75,"type":"mineHold","time":120,"angle":258.75,"duration":5},{"angle":0,"type":"block","time":128.75},{"angle":337.5,"type":"block","time":129.75},{"angle":315,"type":"block","time":130.5},{"angle":270,"type":"block","time":131.5},{"angle":247.5,"type":"block","time":132},{"angle":225,"type":"block","time":132.75},{"angle2":180,"type":"hold","time":133.5,"angle":213.75,"duration":1},{"angle2":225,"type":"mineHold","time":135,"angle":225,"duration":2.5},{"angle2":135,"type":"mineHold","time":135,"angle":135,"duration":2.5},{"angle2":45,"type":"mineHold","time":135,"angle":45,"duration":2.5},{"angle2":315,"type":"mineHold","time":135,"angle":315,"duration":2.5},{"angle":180,"type":"block","time":135.5},{"angle":191.25,"type":"block","time":136},{"angle":168.75,"type":"block","time":136.5},{"angle":360,"type":"block","time":135.5},{"angle":11.25,"type":"block","time":136},{"angle":348.75,"type":"block","time":136.5},{"angle":360,"type":"block","time":137.5},{"angle":180,"type":"block","time":137.5},{"angle":315,"type":"block","time":138},{"angle":135,"type":"block","time":138},{"angle2":225,"type":"mineHold","time":138.5,"angle":225,"duration":2.5},{"angle2":135,"type":"mineHold","time":138.5,"angle":135,"duration":2.5},{"angle2":45,"type":"mineHold","time":138.5,"angle":45,"duration":2.5},{"angle2":315,"type":"mineHold","time":138.5,"angle":315,"duration":2.5},{"angle":90,"type":"block","time":138.5},{"angle":270,"type":"block","time":138.5},{"angle":258.75,"type":"block","time":139},{"angle":78.75,"type":"block","time":139},{"angle":281.25,"type":"block","time":139.5},{"angle":101.25,"type":"block","time":139.5},{"angle":0,"type":"mine","time":138.5},{"angle":337.5,"type":"mine","time":138.5},{"angle":22.5,"type":"mine","time":138.5},{"angle":202.5,"type":"mine","time":138.5},{"angle":180,"type":"mine","time":138.5},{"angle":157.5,"type":"mine","time":138.5},{"angle":67.5,"type":"mine","time":137.5},{"angle":90,"type":"mine","time":137.5},{"angle":112.5,"type":"mine","time":137.5},{"angle":247.5,"type":"mine","time":137.5},{"angle":270,"type":"mine","time":137.5},{"angle":292.5,"type":"mine","time":137.5},{"angle":292.5,"type":"mine","time":135},{"angle":270,"type":"mine","time":135},{"angle":247.5,"type":"mine","time":135},{"angle":67.5,"type":"mine","time":135},{"angle":90,"type":"mine","time":135},{"angle":112.5,"type":"mine","time":135},{"angle":337.5,"type":"mine","time":141},{"angle":360,"type":"mine","time":141},{"angle":22.5,"type":"mine","time":141},{"angle":157.5,"type":"mine","time":141},{"angle":180,"type":"mine","time":141},{"angle":202.5,"type":"mine","time":141},{"angle2":270,"type":"hold","angle":270,"startTap":true,"time":140,"endTap":true,"duration":0.5},{"angle2":90,"type":"hold","angle":90,"startTap":true,"time":140,"endTap":true,"duration":0.5},{"angle2":270,"type":"hold","angle":270,"startTap":true,"time":140.5,"endTap":true,"duration":1},{"angle2":90,"type":"hold","angle":90,"startTap":true,"time":140.5,"endTap":true,"duration":1},{"angle2":450,"type":"hold","startTap":true,"time":141.5,"angle":270,"duration":1.5},{"angle2":270,"type":"hold","startTap":true,"time":141.5,"angle":90,"duration":1.5},{"angle":281.25,"type":"block","time":144},{"angle":270,"type":"block","time":143.5},{"angle":270,"type":"block","time":144.5},{"angle2":292.5,"type":"hold","time":145.5,"angle":270,"duration":1},{"angle":303.75,"type":"block","time":147.5},{"angle":123.75,"type":"block","time":148},{"angle":112.5,"type":"block","time":148.5},{"angle":101.25,"type":"block","time":149},{"angle":90,"type":"block","time":149.5},{"angle":78.75,"type":"block","time":150.5},{"angle2":180,"type":"mineHold","time":143,"angle":180,"duration":10},{"angle2":360,"type":"mineHold","time":143,"angle":360,"duration":10},{"angle2":348.75,"type":"mineHold","time":143,"angle":348.75,"duration":10},{"angle2":11.25,"type":"mineHold","time":143,"angle":11.25,"duration":10},{"angle2":168.75,"type":"mineHold","time":143,"angle":168.75,"duration":10},{"angle2":191.25,"type":"mineHold","time":143,"angle":191.25,"duration":10},{"angle":67.5,"type":"block","time":151},{"angle":247.5,"type":"block","time":151.5},{"angle":258.75,"type":"block","time":151.75},{"angle":236.25,"type":"block","time":152.5},{"angle":270,"type":"block","time":153},{"angle":78.75,"type":"block","time":153.5},{"angle":67.5,"type":"block","time":154},{"angle":90,"type":"block","time":154.75},{"angle2":450,"type":"hold","time":155.5,"angle":270,"duration":3},{"angle2":270,"type":"hold","time":155.5,"angle":90,"duration":3},{"angle2":180,"type":"mineHold","time":155.5,"angle":0,"duration":3},{"angle2":360,"type":"mineHold","time":155.5,"angle":180,"duration":3},{"angle":270,"type":"extraTap","time":156},{"angle":270,"type":"extraTap","time":157.5},{"angle":270,"type":"extraTap","time":159},{"angle":90,"type":"block","time":160.5},{"angle":78.75,"type":"block","time":161},{"angle":101.25,"type":"block","time":161.5},{"angle":123.75,"type":"block","time":162},{"angle2":123.75,"type":"hold","angle":146.25,"startTap":true,"time":164,"endTap":true,"duration":1.5},{"angle2":146.25,"type":"hold","angle":123.75,"startTap":true,"time":165.5,"endTap":true,"duration":1.5},{"angle":315,"type":"block","time":168.5},{"angle":326.25,"type":"block","time":169},{"angle":303.75,"type":"block","time":169.5},{"angle":315,"type":"block","time":170},{"angle2":33.75,"type":"hold","angle":56.25,"startTap":true,"time":172,"endTap":true,"duration":1.5},{"angle2":11.25,"type":"hold","angle":33.75,"startTap":true,"time":173.5,"endTap":true,"duration":1.5},{"angle":0,"type":"block","time":176.5},{"angle":11.25,"type":"block","time":177},{"angle":348.75,"type":"block","time":177.5},{"angle":0,"type":"block","time":178},{"angle2":348.75,"type":"mineHold","time":187,"angle":348.75,"duration":4},{"angle2":337.5,"type":"mineHold","time":187,"angle":337.5,"duration":4},{"angle2":22.5,"type":"mineHold","time":187,"angle":22.5,"duration":4},{"angle2":11.25,"type":"mineHold","time":187,"angle":11.25,"duration":4},{"angle":0,"type":"extraTap","time":180},{"angle":0,"type":"extraTap","time":181.5},{"angle":360,"type":"extraTap","time":183},{"angle2":360,"type":"mineHold","time":187,"angle":360,"duration":4},{"angle2":180,"type":"mineHold","time":187,"angle":180,"duration":4},{"angle2":191.25,"type":"mineHold","time":187,"angle":191.25,"duration":4},{"angle2":202.5,"type":"mineHold","time":187,"angle":202.5,"duration":4},{"angle2":168.75,"type":"mineHold","time":187,"angle":168.75,"duration":4},{"angle2":157.5,"type":"mineHold","time":187,"angle":157.5,"duration":4},{"angle":78.75,"type":"block","time":189},{"angle":270,"type":"mine","time":189},{"angle":281.25,"type":"mine","time":189},{"angle":292.5,"type":"mine","time":189},{"angle":303.75,"type":"mine","time":189},{"angle":258.75,"type":"mine","time":189},{"angle":247.5,"type":"mine","time":189},{"angle":236.25,"type":"mine","time":189},{"angle":236.25,"type":"mine","time":188},{"angle":247.5,"type":"mine","time":188},{"angle":258.75,"type":"mine","time":188},{"angle":270,"type":"mine","time":188},{"angle":281.25,"type":"mine","time":188},{"angle":292.5,"type":"mine","time":188},{"angle":303.75,"type":"mine","time":188},{"angle":90,"type":"block","time":188},{"angle":101.25,"type":"block","time":189.5},{"angle":78.75,"type":"block","time":190},{"angle":101.25,"type":"block","time":190.5},{"angle":78.75,"type":"block","time":191},{"angle":303.75,"type":"mine","time":190},{"angle":292.5,"type":"mine","time":190},{"angle":281.25,"type":"mine","time":190},{"angle":270,"type":"mine","time":190},{"angle":258.75,"type":"mine","time":190},{"angle":247.5,"type":"mine","time":190},{"angle":236.25,"type":"mine","time":190},{"angle":236.25,"type":"mine","time":191},{"angle":247.5,"type":"mine","time":191},{"angle":258.75,"type":"mine","time":191},{"angle":270,"type":"mine","time":191},{"angle":281.25,"type":"mine","time":191},{"angle":292.5,"type":"mine","time":191},{"angle":303.75,"type":"mine","time":191},{"angle":101.25,"type":"block","time":191.5},{"angle":78.75,"type":"block","time":192},{"angle":90,"type":"block","time":192.5},{"angle":101.25,"type":"block","time":193},{"angle":90,"type":"block","time":193.5},{"angle":78.75,"type":"block","time":194},{"angle":101.25,"type":"block","time":195},{"angle":90,"type":"block","time":195.5},{"angle":270,"type":"block","time":192.5},{"angle":281.25,"type":"block","time":193.5},{"angle":258.75,"type":"block","time":194.5},{"angle":270,"type":"block","time":195},{"angle":303.75,"type":"mine","time":190.5},{"angle":292.5,"type":"mine","time":190.5},{"angle":281.25,"type":"mine","time":190.5},{"angle":270,"type":"mine","time":190.5},{"angle":258.75,"type":"mine","time":190.5},{"angle":247.5,"type":"mine","time":190.5},{"angle":236.25,"type":"mine","time":190.5},{"angle":270,"type":"mine","time":189.5},{"angle":281.25,"type":"mine","time":189.5},{"angle":292.5,"type":"mine","time":189.5},{"angle":303.75,"type":"mine","time":189.5},{"angle":258.75,"type":"mine","time":189.5},{"angle":247.5,"type":"mine","time":189.5},{"angle":236.25,"type":"mine","time":189.5},{"angle":236.25,"type":"mine","time":188.5},{"angle":247.5,"type":"mine","time":188.5},{"angle":258.75,"type":"mine","time":188.5},{"angle":270,"type":"mine","time":188.5},{"angle":281.25,"type":"mine","time":188.5},{"angle":292.5,"type":"mine","time":188.5},{"angle":303.75,"type":"mine","time":188.5},{"angle":281.25,"type":"block","time":195.5},{"angle":90,"type":"block","time":196},{"angle":101.25,"type":"block","time":197},{"angle":112.5,"type":"block","time":197.5},{"angle2":292.5,"type":"hold","angle":270,"startTap":true,"time":196,"endTap":true,"duration":1.5},{"angle2":270,"type":"hold","angle":292.5,"startTap":true,"time":197.5,"endTap":true,"duration":1.5},{"angle":123.75,"type":"block","time":198},{"angle":112.5,"type":"block","time":198.5},{"angle":101.25,"type":"block","time":199},{"angle":90,"type":"block","time":199.5},{"angle":101.25,"type":"block","time":200},{"angle":90,"type":"block","time":200.5},{"angle":67.5,"type":"block","time":201},{"angle":45,"type":"block","time":201.5},{"angle":33.75,"type":"block","time":202},{"angle":22.5,"type":"block","time":202.5},{"angle":11.25,"type":"block","time":203},{"angle":0,"type":"block","time":203.5},{"angle":270,"type":"block","time":200.5},{"angle":247.5,"type":"block","time":201.5},{"angle":225,"type":"block","time":202.5},{"angle":202.5,"type":"block","time":203},{"angle":191.25,"type":"block","time":203.5},{"angle":360,"type":"block","time":204},{"angle":348.75,"type":"block","time":204.33332824707},{"angle":0,"type":"block","time":205},{"angle":348.75,"type":"block","time":205.33332824707},{"angle":337.5,"type":"block","time":206},{"angle2":168.75,"type":"hold","angle":180,"startTap":true,"time":204,"endTap":true,"duration":1.5},{"angle2":157.5,"type":"hold","angle":168.75,"startTap":true,"time":205.5,"endTap":true,"duration":1.5},{"angle":326.25,"type":"block","time":206.5},{"angle":315,"type":"block","time":207},{"angle":303.75,"type":"block","time":207.5},{"angle":135,"type":"block","time":208.5},{"angle":123.75,"type":"block","time":209.5},{"angle":135,"type":"block","time":210.5},{"angle":123.75,"type":"block","time":211},{"angle":112.5,"type":"block","time":211.5},{"angle":303.75,"type":"block","time":208.5},{"angle":315,"type":"block","time":209},{"angle":303.75,"type":"block","time":209.5},{"angle":315,"type":"block","time":210},{"angle":303.75,"type":"block","time":211},{"angle2":90,"type":"hold","angle":101.25,"startTap":true,"time":212,"endTap":true,"duration":1.5},{"angle2":78.75,"type":"hold","angle":90,"startTap":true,"time":213.5,"endTap":true,"duration":1.5},{"angle":281.25,"type":"block","time":212},{"angle":270,"type":"block","time":212.25},{"angle":258.75,"type":"block","time":212.75},{"angle":270,"type":"block","time":213},{"angle":258.75,"type":"block","time":213.25},{"angle":258.75,"type":"block","time":214},{"angle":258.75,"type":"block","time":214.5},{"angle":247.5,"type":"block","time":215},{"angle":270,"type":"block","time":215.5},{"angle":292.5,"type":"block","time":216.5},{"angle":303.75,"type":"block","time":217},{"angle":315,"type":"block","time":217.5},{"angle":326.25,"type":"block","time":218},{"type":"block","time":219,"angle":337.5,"tap":true},{"type":"block","time":219.5,"angle":348.75,"tap":true},{"angle":348.75,"type":"block","time":221},{"angle":11.25,"type":"block","time":221.5},{"angle":0,"type":"block","time":221.75},{"angle":0,"type":"block","time":220.5},{"angle":0,"type":"block","time":222.5},{"angle":337.5,"type":"block","time":222.25},{"angle2":225,"type":"mineHold","time":164,"angle":225,"duration":6},{"angle2":33.75,"type":"mineHold","time":164,"angle":33.75,"duration":6},{"angle":180,"type":"block","time":223.25},{"angle":202.5,"type":"block","time":223.5},{"angle":22.5,"type":"block","time":224},{"angle":0,"type":"block","time":224.5},{"angle":45,"type":"block","time":225},{"angle":22.5,"type":"block","time":225.5},{"angle2":270,"type":"mineHold","time":222,"angle":292.5,"duration":6},{"angle2":90,"type":"mineHold","time":222,"angle":112.5,"duration":6},{"angle":202.5,"type":"block","time":226},{"angle":225,"type":"block","time":226.5},{"angle2":135,"type":"hold","time":226.75,"angle":202.5,"duration":0.75},{"angle":270,"type":"block","time":228.5},{"angle2":0,"type":"mineHold","time":228.5,"angle":0,"duration":13},{"angle2":180,"type":"mineHold","time":228.5,"angle":180,"duration":13},{"angle":281.25,"type":"block","time":228.75},{"angle":258.75,"type":"block","time":229},{"angle":281.25,"type":"block","time":229.5},{"angle":303.75,"type":"block","time":229.75},{"angle":247.5,"type":"block","time":230.25},{"angle":90,"type":"block","time":231},{"angle2":112.5,"type":"hold","time":231.25,"angle":78.75,"duration":0.75},{"angle2":90,"type":"hold","time":232,"angle":112.5,"duration":1},{"angle":292.5,"type":"block","time":232.25},{"angle":292.5,"type":"block","time":233.75},{"angle":270,"type":"block","time":234},{"angle":281.25,"type":"block","time":234.5},{"angle":270,"type":"block","time":235},{"angle":258.75,"type":"block","time":235.5},{"angle":67.5,"type":"block","time":236.5},{"angle":78.75,"type":"block","time":237},{"angle":90,"type":"block","time":237.5},{"angle":101.25,"type":"block","time":237.75},{"angle":90,"type":"block","time":238},{"angle":78.75,"type":"block","time":238.25},{"angle":67.5,"type":"block","time":238.5},{"angle":247.5,"type":"block","time":239.25},{"angle":258.75,"type":"block","time":239.5},{"angle":247.5,"type":"block","time":240},{"angle2":292.5,"type":"hold","time":240.75,"angle":258.75,"duration":0.75},{"angle":270,"type":"block","time":242.5},{"angle":281.25,"type":"block","time":243},{"angle":258.75,"type":"block","time":243.5},{"angle":360,"type":"block","time":244.5},{"angle2":247.5,"type":"mineHold","time":243.5,"angle":303.75,"duration":1.5},{"angle2":67.5,"type":"mineHold","time":243.5,"angle":123.75,"duration":1.5},{"angle":337.5,"type":"block","time":244.75},{"angle":326.25,"type":"block","time":245.25},{"angle":337.5,"type":"block","time":245.75},{"angle":0,"type":"block","time":246.5},{"angle":348.75,"type":"block","time":246},{"angle":348.75,"type":"block","time":247},{"angle":0,"type":"block","time":247.5},{"angle":11.25,"type":"block","time":247.75},{"angle":348.75,"type":"block","time":248},{"angle":360,"type":"block","time":248.25},{"angle":11.25,"type":"block","time":248.5},{"angle":360,"type":"block","time":248.75},{"angle":191.25,"type":"block","time":250},{"angle":180,"type":"block","time":250.5},{"angle2":270,"type":"mineHold","time":248,"angle":270,"duration":4},{"angle2":90,"type":"mineHold","time":248,"angle":90,"duration":4},{"angle":168.75,"type":"block","time":249.75},{"angle":360,"type":"block","time":251},{"angle":348.75,"type":"block","time":251.5},{"angle":360,"type":"extraTap","time":253},{"angle":0,"type":"extraTap","time":255},{"angle":360,"type":"extraTap","time":257},{"angle":360,"type":"extraTap","time":259},{"angle2":990,"type":"mineHold","time":253,"angle":270,"duration":16},{"angle2":810,"type":"mineHold","time":253,"angle":90,"duration":16},{"angle":0,"type":"extraTap","time":261},{"angle":360,"type":"extraTap","time":263},{"angle":0,"type":"extraTap","time":265},{"angle":0,"type":"extraTap","time":267},{"angle":360,"type":"extraTap","time":269},{"angle":360,"type":"block","time":269.5},{"angle":337.5,"type":"block","time":270},{"angle":11.25,"type":"block","time":270.5},{"angle":0,"type":"block","time":271},{"angle2":371.25,"type":"hold","time":271.5,"angle":337.5,"duration":0.5},{"angle2":-22.5,"type":"hold","time":272,"angle":11.25,"duration":0.25},{"angle2":371.25,"type":"hold","time":273,"angle":337.5,"duration":0.5},{"angle2":-22.5,"type":"hold","time":273.5,"angle":11.25,"duration":0.25},{"angle2":360,"type":"hold","time":273.75,"angle":337.5,"duration":0.25},{"angle":180,"type":"extraTap","time":271},{"angle":180,"type":"extraTap","time":273},{"angle":180,"type":"extraTap","time":275},{"angle":180,"type":"extraTap","time":277},{"angle2":371.25,"type":"hold","time":272.25,"angle":337.5,"duration":0.5},{"angle2":-22.5,"type":"hold","time":272.75,"angle":11.25,"duration":0.25},{"angle":0,"type":"block","time":277.5},{"angle":337.5,"type":"block","time":278},{"angle":315,"type":"block","time":278.5},{"angle":292.5,"type":"block","time":279},{"angle":281.25,"type":"block","time":279.25},{"angle":270,"type":"block","time":279.75},{"angle":258.75,"type":"block","time":280},{"angle":247.5,"type":"block","time":280.25},{"angle":337.5,"type":"side","time":280.75},{"angle":11.25,"type":"block","time":281.5},{"angle2":337.5,"type":"hold","time":281.75,"angle":360,"duration":0.25},{"angle2":371.25,"type":"hold","time":282,"angle":337.5,"duration":0.25},{"angle2":-11.25,"type":"hold","time":282.25,"angle":11.25,"duration":0.25},{"angle":315,"type":"side","time":283},{"angle":0,"type":"block","time":283.75},{"angle2":360,"type":"hold","startTap":true,"time":285,"angle":180,"duration":2},{"angle2":180,"type":"hold","startTap":true,"time":285,"angle":0,"duration":2},{"angle2":450,"type":"mineHold","time":285,"angle":270,"duration":2},{"angle2":270,"type":"mineHold","time":285,"angle":90,"duration":2},{"angle":337.5,"type":"side","time":283.25},{"angle":180,"type":"block","time":287.5},{"angle":157.5,"type":"block","time":288},{"angle":146.25,"type":"block","time":289},{"angle":123.75,"type":"block","time":289.5},{"angle":135,"type":"block","time":290},{"angle":112.5,"type":"block","time":290.75},{"angle":315,"type":"block","time":291.5},{"angle2":-315,"type":"mineHold","time":292,"angle":-315,"duration":0.75},{"angle2":-326.25,"type":"mineHold","time":292,"angle":-326.25,"duration":0.75},{"angle2":-303.75,"type":"mineHold","time":292,"angle":-303.75,"duration":0.75},{"angle2":-337.5,"type":"mineHold","time":292,"angle":-337.5,"duration":0.75},{"angle2":-292.5,"type":"mineHold","time":292,"angle":-292.5,"duration":0.75},{"angle2":-517.5,"type":"mineHold","time":292,"angle":-517.5,"duration":0.75},{"angle2":-506.25,"type":"mineHold","time":292,"angle":-506.25,"duration":0.75},{"angle2":-495,"type":"mineHold","time":292,"angle":-495,"duration":0.75},{"angle2":-483.75,"type":"mineHold","time":292,"angle":-483.75,"duration":0.75},{"angle2":-472.5,"type":"mineHold","time":292,"angle":-472.5,"duration":0.75},{"angle2":-461.25,"type":"mineHold","time":292,"angle":-461.25,"duration":0.75},{"angle2":-528.75,"type":"mineHold","time":292,"angle":-528.75,"duration":0.75},{"angle2":-281.25,"type":"mineHold","time":292,"angle":-281.25,"duration":0.75},{"angle2":-348.75,"type":"mineHold","time":292,"angle":-348.75,"duration":0.75},{"angle2":-213.75,"type":"hold","startTap":true,"time":292,"angle":-213.75,"duration":0.75},{"angle2":-202.5,"type":"hold","startTap":true,"time":292,"angle":-202.5,"duration":0.75},{"angle2":-225,"type":"hold","startTap":true,"time":292,"angle":-225,"duration":0.75},{"angle2":-236.25,"type":"hold","startTap":true,"time":292,"angle":-236.25,"duration":0.75},{"angle2":-247.5,"type":"hold","startTap":true,"time":292,"angle":-247.5,"duration":0.75},{"angle2":-405,"type":"hold","startTap":true,"time":292,"angle":-405,"duration":0.75},{"angle2":-416.25,"type":"hold","startTap":true,"time":292,"angle":-416.25,"duration":0.75},{"angle2":-427.5,"type":"hold","startTap":true,"time":292,"angle":-427.5,"duration":0.75},{"angle2":-393.75,"type":"hold","startTap":true,"time":292,"angle":-393.75,"duration":0.75},{"angle2":-382.5,"type":"hold","startTap":true,"time":292,"angle":-382.5,"duration":0.75},{"angle":315,"type":"extraTap","time":293.5},{"angle":315,"type":"extraTap","time":294},{"angle":315,"type":"extraTap","time":294.75},{"angle":315,"type":"extraTap","time":295.5},{"angle":315,"type":"extraTap","time":296},{"angle":315,"type":"extraTap","time":296.75},{"angle":360,"type":"block","time":298},{"angle":337.5,"type":"block","time":299},{"angle2":382.5,"type":"hold","time":300,"angle":360,"duration":1},{"angle":202.5,"type":"block","time":301.5},{"angle":22.5,"type":"block","time":302.5},{"angle":360,"type":"block","time":303},{"angle":337.5,"type":"block","time":303.5},{"angle":180,"type":"block","time":305},{"angle2":270,"type":"mineHold","time":303.5,"angle":270,"duration":2},{"angle2":90,"type":"mineHold","time":303.5,"angle":90,"duration":2},{"angle":202.5,"type":"block","time":305.5},{"angle":22.5,"type":"block","time":306},{"angle":0,"type":"block","time":306.5},{"angle":337.5,"type":"block","time":307},{"angle":315,"type":"block","time":307.5},{"angle2":247.5,"type":"hold","time":308.5,"angle":292.5,"duration":1},{"angle2":-146.25,"type":"hold","time":311.5,"angle":-146.25,"duration":2},{"angle2":-123.75,"type":"hold","time":311.5,"angle":-123.75,"duration":2},{"angle2":0,"type":"mineHold","time":312,"angle":0,"duration":4},{"angle2":-11.25,"type":"mineHold","time":312,"angle":-11.25,"duration":4.25},{"angle2":-22.5,"type":"mineHold","time":312,"angle":-22.5,"duration":4.5},{"angle2":-33.75,"type":"mineHold","time":312,"angle":-33.75,"duration":4.75},{"angle2":-45,"type":"mineHold","time":312,"angle":-45,"duration":5},{"angle2":-56.25,"type":"mineHold","time":312,"angle":-56.25,"duration":5},{"angle2":-67.5,"type":"mineHold","time":312,"angle":-67.5,"duration":5},{"angle2":-78.75,"type":"mineHold","time":312,"angle":-78.75,"duration":5},{"angle2":-191.25,"type":"mineHold","time":312,"angle":-191.25,"duration":4.25},{"angle2":-180,"type":"mineHold","time":312,"angle":-180,"duration":4},{"angle2":-202.5,"type":"mineHold","time":312,"angle":-202.5,"duration":4.5},{"angle2":-213.75,"type":"mineHold","time":312,"angle":-213.75,"duration":4.75},{"angle2":-225,"type":"mineHold","time":312,"angle":-225,"duration":5},{"angle2":-236.25,"type":"mineHold","time":312,"angle":-236.25,"duration":5},{"angle2":-247.5,"type":"mineHold","time":312,"angle":-247.5,"duration":5},{"angle2":-258.75,"type":"mineHold","time":312,"angle":-258.75,"duration":5},{"angle":-315,"type":"block","time":313},{"angle":56.25,"type":"block","time":313.5},{"angle":45,"type":"block","time":314.5},{"angle":-326.25,"type":"block","time":315.5},{"angle2":-180,"type":"hold","startTap":true,"time":317,"angle":-360,"duration":3},{"angle2":0,"type":"hold","startTap":true,"time":317,"angle":-180,"duration":3},{"angle2":-90,"type":"mineHold","time":317,"angle":-270,"duration":3},{"angle2":90,"type":"mineHold","time":317,"angle":-90,"duration":3},{"angle":0,"type":"block","time":320.75},{"angle":348.75,"type":"block","time":322},{"angle":11.25,"type":"block","time":322.5},{"angle":337.5,"type":"block","time":323.5},{"angle":315,"type":"block","time":324},{"angle":292.5,"type":"block","time":324.75},{"angle2":258.75,"type":"hold","time":325.5,"angle":281.25,"duration":1},{"angle":236.25,"type":"block","time":327.5},{"angle":225,"type":"block","time":328},{"angle":213.75,"type":"block","time":328.5},{"angle":202.5,"type":"block","time":329.5},{"angle":191.25,"type":"block","time":330},{"angle":168.75,"type":"block","time":330.5},{"angle":112.5,"type":"block","time":331.5},{"angle":146.25,"type":"block","time":331},{"angle2":90,"type":"hold","angle":90,"startTap":true,"time":332,"endTap":true,"duration":0.5},{"angle2":90,"type":"hold","angle":90,"startTap":true,"time":332.5,"endTap":true,"duration":1},{"angle2":-90,"type":"hold","startTap":true,"time":333.5,"angle":90,"duration":1},{"angle2":-90,"type":"hold","angle":-90,"startTap":true,"time":332,"endTap":true,"duration":0.5},{"angle2":-90,"type":"hold","angle":-90,"startTap":true,"time":332.5,"endTap":true,"duration":1},{"angle2":90,"type":"hold","startTap":true,"time":333.5,"angle":270,"duration":1},{"angle2":180,"type":"mineHold","time":335,"angle":180,"duration":10},{"angle2":360,"type":"mineHold","time":335,"angle":360,"duration":10},{"angle2":348.75,"type":"mineHold","time":335,"angle":348.75,"duration":10},{"angle2":11.25,"type":"mineHold","time":335,"angle":11.25,"duration":10},{"angle2":168.75,"type":"mineHold","time":335,"angle":168.75,"duration":10},{"angle2":191.25,"type":"mineHold","time":335,"angle":191.25,"duration":10},{"angle":67.5,"type":"block","time":336},{"angle":90,"type":"block","time":335.5},{"angle":112.5,"type":"block","time":336.75},{"angle2":67.5,"type":"hold","time":337.25,"angle":90,"duration":1},{"angle":247.5,"type":"block","time":339.5},{"angle":292.5,"type":"block","time":340},{"angle":236.25,"type":"block","time":340.5},{"angle":270,"type":"block","time":341},{"angle":247.5,"type":"block","time":341.5},{"angle":258.75,"type":"block","time":342.5},{"angle":270,"type":"block","time":343},{"angle2":67.5,"type":"hold","angle":90,"startTap":true,"time":343.5,"endTap":true,"duration":1},{"angle":112.5,"type":"block","time":345},{"angle":90,"type":"block","time":345.5},{"angle":67.5,"type":"block","time":346},{"angle":123.75,"type":"block","time":346.75},{"angle2":-450,"type":"hold","time":347.5,"angle":-270,"duration":3},{"angle2":-270,"type":"hold","time":347.5,"angle":-90,"duration":3},{"angle2":-180,"type":"mineHold","time":347.5,"angle":0,"duration":3},{"angle2":-360,"type":"mineHold","time":347.5,"angle":-180,"duration":3},{"angle":270,"type":"extraTap","time":348},{"angle":270,"type":"extraTap","time":349.5},{"angle":270,"type":"extraTap","time":351},{"angle":0,"type":"block","time":352.5},{"angle":337.5,"type":"block","time":353},{"angle":22.5,"type":"block","time":353.5},{"angle":360,"type":"block","time":354},{"angle2":45,"type":"hold","angle":22.5,"startTap":true,"time":356,"endTap":true,"duration":1.5},{"angle2":67.5,"type":"hold","angle":45,"startTap":true,"time":357.5,"endTap":true,"duration":1.5},{"angle":90,"type":"block","time":360.5},{"angle":67.5,"type":"block","time":361},{"angle":112.5,"type":"block","time":361.5},{"angle":90,"type":"block","time":362},{"angle2":247.5,"type":"hold","angle":270,"startTap":true,"time":364,"endTap":true,"duration":1.5},{"angle2":270,"type":"hold","angle":247.5,"startTap":true,"time":365.5,"endTap":true,"duration":1.5},{"angle":270,"type":"block","time":368.5},{"angle":315,"type":"block","time":369.5},{"angle":292.5,"type":"block","time":369},{"angle":337.5,"type":"block","time":370},{"angle":0,"type":"extraTap","time":372},{"angle":0,"type":"extraTap","time":373.5},{"angle":360,"type":"extraTap","time":375},{"angle2":348.75,"type":"hold","time":375.75,"angle":360,"duration":0.5},{"angle2":371.25,"type":"hold","time":376.25,"angle":348.75,"duration":0.25},{"angle":360,"type":"block","time":377.5},{"angle2":390,"type":"hold","startTap":true,"time":378.25,"angle":360,"duration":1},{"angle":72,"type":"block","time":380},{"angle":252,"type":"block","time":382},{"angle":360,"type":"extraTap","time":381},{"angle":36,"type":"block","time":383},{"angle":288,"type":"block","time":384},{"angle":72,"type":"block","time":385},{"angle":288,"type":"block","time":386},{"angle":36,"type":"block","time":387},{"angle":288,"type":"block","time":388},{"angle":72,"type":"block","time":389},{"angle":288,"type":"block","time":390},{"angle":144,"type":"block","time":391},{"angle":180,"type":"block","time":392},{"angle":324,"type":"block","time":393},{"angle":0,"type":"block","time":394},{"angle":144,"type":"block","time":395},{"angle":180,"type":"block","time":396},{"angle":72,"type":"block","time":397},{"angle":108,"type":"block","time":398},{"angle":180,"type":"block","time":399},{"angle":108,"type":"block","time":400},{"angle":216,"type":"block","time":401},{"angle":0,"type":"block","time":402},{"angle":72,"type":"block","time":403},{"angle":288,"type":"block","time":404},{"angle":252,"type":"block","time":405},{"angle":144,"type":"block","time":406},{"angle":252,"type":"block","time":407},{"angle":36,"type":"block","time":408},{"angle":108,"type":"block","time":409},{"angle":180,"type":"block","time":410},{"angle":72,"type":"block","time":411},{"angle":216,"type":"block","time":412},{"angle":216,"type":"block","time":413},{"angle":72,"type":"block","time":414},{"angle":144,"type":"block","time":415},{"angle":324,"type":"block","time":416},{"angle":252,"type":"block","time":417},{"angle":252,"type":"block","time":418},{"angle":180,"type":"block","time":419},{"angle":252,"type":"block","time":420},{"angle":72,"type":"block","time":421},{"angle":144,"type":"block","time":422},{"angle":252,"type":"block","time":423},{"angle":0,"type":"block","time":424},{"angle":324,"type":"block","time":425},{"angle":108,"type":"block","time":426},{"angle":216,"type":"block","time":427},{"angle":324,"type":"block","time":428},{"angle":324,"type":"block","time":429},{"angle":324,"type":"block","time":430},{"angle":180,"type":"block","time":431},{"angle":324,"type":"block","time":432},{"angle":180,"type":"block","time":433},{"angle":252,"type":"block","time":434},{"angle":144,"type":"block","time":435},{"angle":324,"type":"block","time":436},{"angle":216,"type":"block","time":437},{"angle":216,"type":"block","time":438},{"angle":324,"type":"block","time":439},{"angle":216,"type":"block","time":440},{"angle":252,"type":"block","time":441},{"angle":216,"type":"block","time":442},{"angle":72,"type":"block","time":443}]