{"properties":{"offset":8,"startBeat":0,"formatversion":12,"speed":70},"events":[{"type":"play","file":"childrenofthecity.ogg","volume":1,"angle":270,"time":-8,"bpm":119},{"type":"setBgColor","color":3,"time":-8,"angle":315},{"b":255,"type":"setColor","color":0,"angle":45,"order":-999,"r":255,"time":-8,"g":255},{"b":0,"type":"setColor","color":3,"angle":90,"order":-999,"r":0,"time":-8,"g":0},{"type":"outline","enable":true,"time":-8,"angle":225,"color":0},{"duration":0,"type":"paddles","enabled":false,"angle":360,"time":27,"order":-999,"paddle":0},{"b":200,"type":"setColor","color":1,"angle":360,"order":-999,"r":70,"time":-8,"g":90},{"b":0,"type":"setColor","color":1,"angle":236.25,"r":0,"duration":2,"ease":"inCubic","time":93,"g":0},{"b":200,"type":"setColor","color":3,"angle":225,"r":70,"duration":2,"ease":"inCubic","time":93,"g":90},{"b":0,"type":"bookmark","angle":135,"description":"","r":0,"name":"Start","time":-8,"g":0},{"b":0,"type":"bookmark","angle":360,"description":"","r":0,"name":"Vendetta I","time":90,"g":0},{"b":0,"type":"bookmark","angle":247.5,"description":"","r":0,"name":"Neon Stars","time":133.5,"g":0},{"type":"ease","angle":135,"order":0,"ease":"inSine","value":-1,"time":93,"duration":0.25,"var":"vfx.noteXSkew"},{"type":"ease","angle":135,"order":1,"ease":"inSine","value":1,"time":93,"duration":0.25,"var":"vfx.noteYSkew"},{"type":"ease","angle":135,"order":2,"ease":"inSine","value":-1,"time":93,"duration":0.25,"var":"vfx.noteXSkew"},{"type":"ease","angle":135,"order":3,"ease":"inSine","value":0.70999997854233,"time":93,"duration":0.25,"var":"vfx.noteXScale"},{"type":"ease","angle":135,"order":4,"ease":"inSine","value":0.70999997854233,"time":93,"duration":0.25,"var":"vfx.noteYScale"},{"type":"ease","ease":"inBack","duration":1,"angle":45,"time":92.5,"value":1.5,"var":"vfx.canvPos.sx"},{"type":"ease","angle":45,"value":1,"var":"vfx.canvPos.sx","duration":1,"time":94.5,"ease":"outBack","start":1.5},{"type":"ease","angle":315,"value":1,"var":"vfx.canvPos.sy","duration":1,"time":94.5,"ease":"outBack","start":1.5},{"type":"ease","ease":"inBack","duration":1,"angle":315,"time":92.5,"value":1.5,"var":"vfx.canvPos.sy"},{"duration":0,"type":"paddles","enabled":false,"angle":180,"time":180,"order":-999,"paddle":0},{"type":"ease","ease":"inCirc","duration":1,"angle":157.5,"time":183,"value":3,"var":"vfx.canvPos.sy"},{"type":"ease","ease":"inCirc","duration":1,"angle":202.5,"time":183,"value":3,"var":"vfx.canvPos.sx"},{"b":0,"type":"bookmark","angle":270,"description":"","r":0,"name":"400,000 Meters","time":180,"g":0},{"duration":0,"type":"paddles","enabled":false,"angle":270,"time":191.25,"order":-999,"paddle":0},{"type":"ease","ease":"outCirc","duration":1,"angle":348.75,"time":191.25,"value":1,"var":"vfx.canvPos.sx"},{"type":"ease","ease":"outCirc","duration":1,"angle":11.25,"time":191.25,"value":1,"var":"vfx.canvPos.sy"},{"b":0,"type":"setColor","color":3,"angle":236.25,"r":0,"duration":2,"ease":"inCubic","time":156.5,"g":0},{"b":200,"type":"setColor","color":1,"angle":225,"r":70,"duration":2,"ease":"inCubic","time":156.5,"g":90},{"type":"ease","angle":135,"value":0,"start":-1,"order":0,"duration":0.25,"time":156.5,"ease":"inSine","var":"vfx.noteXSkew"},{"type":"ease","angle":135,"value":0,"start":1,"order":1,"duration":0.25,"time":156.5,"ease":"inSine","var":"vfx.noteYSkew"},{"type":"ease","angle":135,"value":0,"start":-1,"order":2,"duration":0.25,"time":156.5,"ease":"inSine","var":"vfx.noteXSkew"},{"type":"ease","angle":135,"value":1,"start":0.70999997854233,"order":3,"duration":0.25,"time":156.5,"ease":"inSine","var":"vfx.noteXScale"},{"type":"ease","angle":135,"value":1,"start":0.70999997854233,"order":4,"duration":0.25,"time":156.5,"ease":"inSine","var":"vfx.noteYScale"},{"type":"ease","ease":"inBack","duration":1,"angle":225,"time":155.5,"value":1.5,"var":"vfx.canvPos.sx"},{"type":"ease","ease":"inBack","duration":1,"angle":135,"time":155.5,"value":1.5,"var":"vfx.canvPos.sy"},{"x":50,"y":115,"type":"deco","id":"1","angle":90,"order":-999,"drawLayer":"bg","sprite":"arrow.png","sy":1,"hide":true,"time":183.5,"sx":1},{"x":250,"y":115,"type":"deco","id":"1","angle":90,"time":184.5,"hide":false,"duration":0.5,"ease":"inSine"},{"x":50,"y":115,"type":"deco","id":"1","angle":90,"time":187,"duration":0.5,"ease":"inSine"},{"type":"deco","id":"1","hide":true,"time":187.5,"order":-999,"angle":90},{"type":"ease","ease":"inBack","duration":1,"angle":270,"time":232,"value":0.5,"var":"vfx.canvPos.sx"},{"ease":"inBack","type":"ease","duration":1,"angle":236.25,"time":232,"value":0.5,"var":"vfx.canvPos.sy"},{"type":"ease","angle":247.5,"value":1,"var":"vfx.canvPos.sx","duration":5,"time":248.5,"ease":"outBack","start":0.5},{"type":"ease","angle":258.75,"value":1,"var":"vfx.canvPos.sy","duration":5,"time":248.5,"ease":"outBack","start":0.5},{"duration":0,"type":"paddles","enabled":false,"angle":360,"time":252,"order":-999,"paddle":0},{"duration":0,"type":"paddles","enabled":false,"angle":326.25,"time":269,"order":-999,"paddle":0},{"b":0,"type":"bookmark","angle":180,"description":"","r":0,"name":"Worthless","time":252,"g":0},{"b":0,"type":"setColor","color":1,"angle":236.25,"r":0,"duration":2,"ease":"inCubic","time":285,"g":0},{"b":200,"type":"setColor","color":3,"angle":225,"r":70,"duration":2,"ease":"inCubic","time":285,"g":90},{"type":"ease","angle":135,"order":0,"ease":"inSine","value":-1,"time":285,"duration":0.25,"var":"vfx.noteXSkew"},{"type":"ease","angle":135,"order":1,"ease":"inSine","value":1,"time":285,"duration":0.25,"var":"vfx.noteYSkew"},{"type":"ease","angle":135,"order":2,"ease":"inSine","value":-1,"time":285,"duration":0.25,"var":"vfx.noteXSkew"},{"type":"ease","angle":135,"order":3,"ease":"inSine","value":0.70999997854233,"time":285,"duration":0.25,"var":"vfx.noteXScale"},{"type":"ease","angle":135,"order":4,"ease":"inSine","value":0.70999997854233,"time":285,"duration":0.25,"var":"vfx.noteYScale"},{"type":"ease","ease":"inBack","duration":1,"angle":45,"time":284.5,"value":1.5,"var":"vfx.canvPos.sx"},{"type":"ease","ease":"inBack","duration":1,"angle":315,"time":284.5,"value":1.5,"var":"vfx.canvPos.sy"},{"type":"ease","angle":45,"value":1,"var":"vfx.canvPos.sx","duration":1,"time":286.5,"ease":"outBack","start":1.5},{"type":"ease","angle":315,"value":1,"var":"vfx.canvPos.sy","duration":1,"time":286.5,"ease":"outBack","start":1.5},{"b":0,"type":"bookmark","angle":180,"description":"","r":0,"name":"Proxy","time":220,"g":0},{"b":0,"type":"bookmark","angle":0,"description":"","r":0,"name":"Vendetta II","time":284,"g":0},{"type":"hom","enable":true,"time":285,"angle":337.5},{"type":"hom","enable":false,"time":287,"angle":337.5},{"type":"hom","enable":true,"time":93,"angle":326.25},{"type":"hom","enable":false,"time":95,"angle":326.25},{"sy":0.5,"type":"deco","id":"0","angle":0,"order":-999,"drawLayer":"bg","recolor":2,"time":-7.5,"hide":false,"sprite":"addpaddle.png","sx":0.5},{"b":160,"type":"setColor","color":2,"angle":337.5,"r":160,"duration":0.5,"ease":"linear","time":25.5,"g":160},{"x":267.5,"y":110,"type":"deco","id":"0","angle":315,"order":-999,"hide":false,"time":25.5},{"b":0,"type":"setColor","color":2,"angle":22.5,"order":-999,"r":0,"time":-7.5,"g":0},{"b":0,"type":"setColor","color":2,"angle":337.5,"r":0,"duration":0.5,"ease":"linear","time":26.5,"g":0},{"type":"deco","id":"0","hide":true,"time":27,"order":-999,"angle":315},{"b":160,"type":"setColor","color":2,"angle":337.5,"r":160,"duration":0.5,"ease":"linear","time":267,"g":160},{"x":267.5,"y":110,"type":"deco","id":"0","angle":315,"order":-999,"hide":false,"time":267},{"b":0,"type":"setColor","color":2,"angle":337.5,"r":0,"duration":0.5,"ease":"linear","time":268,"g":0},{"type":"deco","id":"0","hide":true,"time":268.5,"order":-999,"angle":315},{"b":160,"type":"setColor","color":2,"angle":270,"r":160,"duration":0.5,"ease":"linear","time":282,"g":160},{"x":332.5,"y":250,"type":"deco","id":"0","angle":292.5,"order":-999,"r":180,"time":282,"hide":false},{"b":0,"type":"setColor","color":2,"angle":270,"r":0,"duration":0.5,"ease":"linear","time":283,"g":0},{"type":"deco","id":"0","hide":true,"time":283.5,"order":-999,"angle":292.5},{"b":0,"type":"bookmark","angle":11.25,"description":"","r":0,"name":"Children Of The City","time":313,"g":0},{"ease":"inBack","type":"ease","duration":1,"angle":-225,"time":347.5,"value":1.5,"var":"vfx.canvPos.sx"},{"ease":"inBack","type":"ease","duration":1,"angle":-135,"time":347.5,"value":1.5,"var":"vfx.canvPos.sy"},{"b":0,"type":"setColor","color":3,"angle":236.25,"r":0,"duration":2,"ease":"inCubic","time":348.5,"g":0},{"b":200,"type":"setColor","color":1,"angle":225,"r":70,"duration":2,"ease":"inCubic","time":348.5,"g":90},{"type":"ease","angle":135,"value":0,"start":-1,"order":0,"duration":0.25,"time":348.5,"ease":"inSine","var":"vfx.noteXSkew"},{"type":"ease","angle":135,"value":0,"start":1,"order":1,"duration":0.25,"time":348.5,"ease":"inSine","var":"vfx.noteYSkew"},{"type":"ease","angle":135,"value":0,"start":-1,"order":2,"duration":0.25,"time":348.5,"ease":"inSine","var":"vfx.noteXSkew"},{"type":"ease","angle":135,"value":1,"start":0.70999997854233,"order":3,"duration":0.25,"time":348.5,"ease":"inSine","var":"vfx.noteXScale"},{"type":"ease","angle":135,"value":1,"start":0.70999997854233,"order":4,"duration":0.25,"time":348.5,"ease":"inSine","var":"vfx.noteYScale"},{"b":0,"type":"bookmark","angle":180,"description":"","r":0,"name":"The Value Of E","time":375.75,"g":0},{"ease":"linear","type":"ease","duration":65,"angle":90,"time":380,"value":0.0099999997764826,"var":"vfx.canvPos.sx"},{"type":"ease","ease":"linear","duration":65,"angle":120,"time":380,"value":0.0099999997764826,"var":"vfx.canvPos.sy"},{"angle":30,"type":"showResults","time":443},{"ease":"linear","type":"ease","duration":0.5,"angle":90,"time":445.5,"value":1,"var":"vfx.canvPos.sy"},{"ease":"linear","type":"ease","duration":0.5,"angle":120,"time":445.5,"value":1,"var":"vfx.canvPos.sx"},{"type":"paddles","angle":360,"enabled":true,"paddle":1,"newAngle":0,"duration":0,"time":27,"order":0},{"type":"paddles","angle":360,"enabled":true,"paddle":2,"newAngle":180,"duration":0,"time":27,"order":0},{"type":"paddles","angle":180,"enabled":true,"paddle":1,"newAngle":0,"duration":0,"time":180,"order":0},{"type":"paddles","angle":270,"enabled":true,"paddle":1,"newAngle":0,"duration":0,"time":191.25,"order":0},{"type":"paddles","angle":270,"enabled":true,"paddle":2,"newAngle":180,"duration":0,"time":191.25,"order":0},{"type":"paddles","angle":326.25,"enabled":true,"paddle":1,"newAngle":0,"duration":0,"time":269,"order":0},{"type":"paddles","angle":270,"order":0,"paddle":2,"newAngle":180,"ease":"linear","enabled":true,"time":284,"duration":0},{"type":"paddles","angle":90,"order":0,"paddle":2,"newAngle":0,"ease":"linear","enabled":false,"time":351,"duration":0},{"spriteName":"none","type":"forcePlayerSprite","time":378.25,"angle":315},{"x":276.5,"y":156,"type":"deco","id":"2","angle":292.5,"drawLayer":"fg","recolor":1,"sy":0.75,"time":378.25,"sprite":"e.png","sx":0.75},{"x":267,"y":45,"type":"deco","id":"10","angle":-33.75,"drawLayer":"bg","recolor":2,"time":377,"sprite":"0.png"},{"x":333,"y":65,"type":"deco","id":"11","angle":315,"drawLayer":"bg","recolor":2,"time":377,"sprite":"1.png"},{"x":375,"y":115,"type":"deco","id":"12","angle":303.75,"drawLayer":"bg","recolor":2,"time":377,"sprite":"2.png"},{"x":375,"y":185,"type":"deco","id":"13","angle":292.5,"drawLayer":"bg","recolor":2,"time":377,"sprite":"3.png"},{"x":333,"y":235,"type":"deco","id":"14","angle":281.25,"drawLayer":"bg","recolor":2,"time":377,"sprite":"4.png"},{"x":267,"y":250,"type":"deco","id":"15","angle":270,"drawLayer":"bg","recolor":2,"time":377,"sprite":"5.png"},{"x":201,"y":235,"type":"deco","id":"16","angle":258.75,"drawLayer":"bg","recolor":2,"time":377,"sprite":"6.png"},{"x":162,"y":185,"type":"deco","id":"17","angle":247.5,"drawLayer":"bg","recolor":2,"time":377,"sprite":"7.png"},{"x":162,"y":115,"type":"deco","id":"18","angle":236.25,"drawLayer":"bg","recolor":2,"time":377,"sprite":"8.png"},{"x":201,"y":65,"type":"deco","id":"19","angle":225,"drawLayer":"bg","recolor":2,"time":377,"sprite":"9.png"},{"b":200,"type":"setColor","color":2,"angle":270,"r":70,"duration":1,"ease":"linear","time":378.25,"g":90},{"outline":true,"type":"deco","id":"10","time":378.25,"angle":168.75},{"outline":true,"type":"deco","id":"11","time":378.25,"angle":517.5},{"outline":true,"type":"deco","id":"12","time":378.25,"angle":506.25},{"outline":true,"type":"deco","id":"13","time":378.25,"angle":495},{"outline":true,"type":"deco","id":"14","time":378.25,"angle":483.75},{"outline":true,"type":"deco","id":"15","time":378.25,"angle":472.5},{"outline":true,"type":"deco","id":"16","time":378.25,"angle":461.25},{"outline":true,"type":"deco","id":"17","time":378.25,"angle":450},{"outline":true,"type":"deco","id":"18","time":378.25,"angle":438.75},{"outline":true,"type":"deco","id":"19","time":378.25,"angle":427.5}],"metadata":{"bg":true,"difficulty":5,"artistLink":"","description":"Includes:\nMines, Holds, Multiple Paddles, and exactly 3 Sides","songName":"Children Of The City","bgData":{"redChannel":{"b":0,"g":0,"r":255},"blueChannel":{"b":255,"g":150,"r":70},"image":"cover.png"},"artist":"Mili","charter":"MediocrePancake"}}