{"properties":{"speed":70,"offset":8,"startBeat":0,"formatversion":12},"metadata":{"artistLink":"https://open.spotify.com/intl-fr/artist/38dW24ZxoRfXGe1lJXXFNg?si=gBFeHqTnSlqmpUYHhYKWtw","artist":"Kubbi","charter":"Someone named Kevin","description":"S p a c e\n\nJoke aside have fun!\n\nMechanics: Taps, sides, inverses and mines.","songName":"Vitamin B12","difficulty":5,"bgData":{"blueChannel":{"g":13,"b":13,"r":9},"image":"song bg.png","redChannel":{"g":255,"b":255,"r":255}},"bg":true},"events":[{"file":"Vitamin B12.ogg","volume":1,"time":2,"bpm":109,"angle":360,"type":"play"},{"b":0,"g":0,"time":-5,"type":"setColor","color":0,"angle":337.5,"r":0},{"g":255,"r":255,"angle":22.5,"color":1,"time":2,"duration":48,"b":255,"type":"setColor"},{"color":0,"time":-5,"angle":360,"type":"setBgColor"},{"duration":0,"angle":45,"time":-5,"ease":"linear","paddle":1,"newWidth":360,"type":"paddles"},{"duration":3,"angle":180,"time":47.5,"ease":"linear","paddle":1,"newWidth":70,"type":"paddles"},{"g":255,"r":185,"angle":22.5,"color":1,"time":95.5,"duration":16,"b":251,"type":"setColor"},{"var":"vfx.hwaves.strength","time":129,"value":1.5,"angle":315,"type":"ease"},{"var":"vfx.hwaves.offsetDelta","time":129,"value":150,"angle":337.5,"type":"ease"},{"var":"vfx.hwaves.strength","time":129.5,"value":0,"duration":0.75,"angle":337.5,"type":"ease"},{"var":"vfx.hwaves.strength","time":130.5,"value":1.5,"angle":315,"type":"ease"},{"var":"vfx.hwaves.offsetDelta","time":130.5,"value":150,"angle":337.5,"type":"ease"},{"var":"vfx.hwaves.strength","time":131,"value":0,"duration":0.75,"angle":337.5,"type":"ease"},{"var":"vfx.hwaves.strength","time":127.5,"value":1.5,"angle":315,"type":"ease"},{"var":"vfx.hwaves.offsetDelta","time":127.5,"value":150,"angle":337.5,"type":"ease"},{"var":"vfx.hwaves.strength","time":128,"value":0,"duration":0.75,"angle":337.5,"type":"ease"},{"var":"vfx.hwaves.strength","time":135.5,"value":1.5,"angle":247.5,"type":"ease"},{"var":"vfx.hwaves.offsetDelta","time":135.5,"value":150,"angle":270,"type":"ease"},{"var":"vfx.hwaves.strength","time":136,"value":0,"duration":0.75,"angle":270,"type":"ease"},{"var":"vfx.hwaves.strength","time":137,"value":1.5,"angle":315,"type":"ease"},{"var":"vfx.hwaves.offsetDelta","time":137,"value":150,"angle":337.5,"type":"ease"},{"var":"vfx.hwaves.strength","time":137.5,"value":0,"duration":0.75,"angle":337.5,"type":"ease"},{"var":"vfx.hwaves.strength","time":138.5,"value":1.5,"angle":315,"type":"ease"},{"var":"vfx.hwaves.offsetDelta","time":138.5,"value":150,"angle":337.5,"type":"ease"},{"var":"vfx.hwaves.strength","time":139,"value":0,"duration":0.75,"angle":337.5,"type":"ease"},{"g":13,"ease":"outCirc","type":"setColor","angle":67.5,"color":3,"time":143.5,"duration":1,"b":13,"r":9},{"var":"vfx.accuracyX","time":-5,"value":100,"angle":22.5,"type":"ease"},{"var":"vfx.comboY","time":-5,"value":-100,"angle":67.5,"type":"ease"},{"var":"vfx.songNameX","time":-5,"value":-110,"angle":315,"type":"ease"},{"var":"vfx.difficultyX","time":-5,"value":100,"angle":90,"type":"ease"},{"var":"vfx.difficultyX","time":47,"ease":"outCirc","value":0,"angle":90,"duration":4,"type":"ease"},{"var":"vfx.accuracyX","time":47,"ease":"outCirc","value":0,"angle":45,"duration":4,"type":"ease"},{"var":"vfx.comboY","time":47,"ease":"outCirc","value":0,"angle":0,"duration":4,"type":"ease"},{"var":"vfx.songNameX","time":47,"ease":"outCirc","value":0,"angle":337.5,"duration":4,"type":"ease"},{"var":"vfx.hwaves.strength","time":207.5,"value":1.5,"angle":360,"type":"ease"},{"var":"vfx.hwaves.offsetDelta","time":207.5,"value":150,"angle":337.5,"type":"ease"},{"var":"vfx.hwaves.strength","time":208,"value":0,"duration":0.75,"angle":337.5,"type":"ease"},{"var":"vfx.hwaves.strength","time":209,"value":1.5,"angle":315,"type":"ease"},{"var":"vfx.hwaves.offsetDelta","time":209,"value":150,"angle":337.5,"type":"ease"},{"var":"vfx.hwaves.strength","time":209.5,"value":0,"duration":0.75,"angle":337.5,"type":"ease"},{"var":"vfx.hwaves.strength","time":210.5,"value":1.5,"angle":337.5,"type":"ease"},{"var":"vfx.hwaves.offsetDelta","time":210.5,"value":150,"angle":360,"type":"ease"},{"var":"vfx.hwaves.strength","time":211,"value":0,"duration":0.75,"angle":360,"type":"ease"},{"var":"vfx.hwaves.strength","time":215.5,"value":1.5,"angle":315,"type":"ease"},{"var":"vfx.hwaves.offsetDelta","time":215.5,"value":150,"angle":337.5,"type":"ease"},{"var":"vfx.hwaves.strength","time":216,"value":0,"duration":0.75,"angle":337.5,"type":"ease"},{"var":"vfx.hwaves.strength","time":217,"value":1.5,"angle":315,"type":"ease"},{"var":"vfx.hwaves.offsetDelta","time":217,"value":150,"angle":337.5,"type":"ease"},{"var":"vfx.hwaves.strength","time":217.5,"value":0,"duration":0.75,"angle":337.5,"type":"ease"},{"var":"vfx.hwaves.strength","time":218.5,"value":1.5,"angle":270,"type":"ease"},{"var":"vfx.hwaves.offsetDelta","time":218.5,"value":150,"angle":292.5,"type":"ease"},{"var":"vfx.hwaves.strength","time":219,"value":0,"duration":0.75,"angle":292.5,"type":"ease"},{"x":0,"y":0,"drawLayer":"bg","angle":90,"type":"deco","time":143.5,"id":"bg","duration":0.5,"sprite":"song bg.png"},{"b":255,"g":255,"time":143.5,"type":"setColor","color":2,"angle":45,"r":255},{"var":"vfx.hwaves.strength","time":143.5,"value":1.5,"angle":337.5,"type":"ease"},{"var":"vfx.hwaves.period","time":143.5,"value":150,"angle":315,"type":"ease"},{"var":"vfx.hwaves.offsetDelta","time":143.5,"value":100,"angle":292.5,"type":"ease"},{"var":"vfx.hwaves.period","time":207.5,"value":16,"angle":22.5,"type":"ease"},{"g":255,"r":255,"angle":157.5,"color":3,"time":220,"duration":5,"b":255,"type":"setColor"},{"g":13,"r":9,"angle":22.5,"color":3,"time":224,"duration":1,"b":13,"type":"setColor"},{"b":255,"g":255,"time":223.5,"type":"setColor","color":3,"angle":22.5,"r":255},{"var":"vfx.hwaves.strength","time":223.5,"value":2,"angle":315,"type":"ease"},{"var":"vfx.hwaves.period","time":223.5,"value":120,"angle":292.5,"type":"ease"},{"var":"vfx.hwaves.offsetDelta","time":223.5,"value":250,"angle":270,"type":"ease"},{"var":"scrollSpeed","time":222.5,"value":2,"duration":1,"angle":67.5,"type":"ease"},{"duration":2,"angle":45,"time":269.5,"ease":"linear","paddle":1,"newWidth":120,"type":"paddles"},{"var":"vfx.hwaves.strength","time":303.5,"value":5,"duration":0.5,"angle":360,"type":"ease"},{"time":303.5,"hide":true,"id":"bg","angle":22.5,"type":"deco"},{"var":"scrollSpeed","time":303.5,"value":1,"angle":45,"type":"ease"},{"b":255,"g":255,"time":303.5,"type":"setColor","color":3,"angle":90,"r":255},{"g":0,"r":0,"angle":60,"color":3,"time":304,"duration":3.5,"b":0,"type":"setColor"},{"var":"vfx.hwaves.strength","time":304,"value":0,"duration":2.5,"angle":360,"type":"ease"},{"var":"vfx.hwaves.period","time":303.5,"value":16,"angle":315,"type":"ease"},{"duration":0,"angle":292.5,"time":303.5,"ease":"linear","paddle":1,"newWidth":70,"type":"paddles"},{"g":255,"r":255,"angle":315,"color":3,"time":302,"duration":2.5,"b":255,"type":"setColor"},{"color":3,"time":302,"angle":337.5,"type":"setBgColor"},{"var":"scrollSpeed","time":318.5,"value":2,"duration":1,"angle":22.5,"type":"ease"},{"b":13,"g":13,"time":319,"type":"setColor","color":3,"angle":67.5,"r":9},{"g":0,"r":0,"angle":45,"color":3,"time":319.125,"duration":0.25,"b":0,"type":"setColor"},{"b":13,"g":13,"time":319.25,"type":"setColor","color":3,"angle":67.5,"r":9},{"g":0,"r":0,"angle":45,"color":3,"time":319.375,"duration":0.25,"b":0,"type":"setColor"},{"g":13,"r":9,"angle":360,"color":3,"time":319.5,"duration":2,"b":13,"type":"setColor"},{"g":0,"r":0,"angle":360,"color":3,"time":321.5,"duration":2,"b":0,"type":"setColor"},{"time":319.5,"hide":false,"id":"bg","angle":337.5,"type":"deco"},{"g":13,"r":9,"angle":22.5,"color":2,"time":319.5,"duration":2,"b":13,"type":"setColor"},{"g":0,"r":0,"angle":22.5,"color":2,"time":321.5,"duration":2,"b":0,"type":"setColor"},{"g":13,"r":9,"angle":360,"color":3,"time":323.5,"duration":2,"b":13,"type":"setColor"},{"g":0,"r":0,"angle":360,"color":3,"time":325.5,"duration":2,"b":0,"type":"setColor"},{"g":13,"r":9,"angle":22.5,"color":2,"time":323.5,"duration":2,"b":13,"type":"setColor"},{"g":0,"r":0,"angle":45,"color":2,"time":325.5,"duration":2,"b":0,"type":"setColor"},{"g":13,"r":9,"angle":337.5,"color":3,"time":327.5,"duration":2,"b":13,"type":"setColor"},{"g":0,"r":0,"angle":337.5,"color":3,"time":329.5,"duration":2,"b":0,"type":"setColor"},{"g":13,"r":9,"angle":0,"color":2,"time":327.5,"duration":2,"b":13,"type":"setColor"},{"g":0,"r":0,"angle":-45,"color":2,"time":329.5,"duration":2,"b":0,"type":"setColor"},{"g":13,"r":9,"angle":360,"color":3,"time":331.5,"duration":2,"b":13,"type":"setColor"},{"g":0,"r":0,"angle":360,"color":3,"time":333.5,"duration":2,"b":0,"type":"setColor"},{"g":13,"r":9,"angle":22.5,"color":2,"time":331.5,"duration":2,"b":13,"type":"setColor"},{"g":0,"r":0,"angle":22.5,"color":2,"time":333.5,"duration":2,"b":0,"type":"setColor"},{"b":13,"g":13,"time":319,"type":"setColor","color":2,"angle":112.5,"r":9},{"g":0,"r":0,"angle":90,"color":2,"time":319.125,"duration":0.25,"b":0,"type":"setColor"},{"b":13,"g":13,"time":319.25,"type":"setColor","color":2,"angle":112.5,"r":9},{"g":0,"r":0,"angle":90,"color":2,"time":319.375,"duration":0.25,"b":0,"type":"setColor"},{"g":0,"r":0,"angle":67.5,"color":2,"time":304,"duration":3.5,"b":0,"type":"setColor"},{"var":"vfx.hwaves.strength","time":351.5,"value":5,"angle":90,"type":"ease"},{"var":"vfx.hwaves.period","time":351.5,"value":150,"angle":67.5,"type":"ease"},{"b":255,"g":255,"time":351.5,"type":"setColor","color":2,"angle":45,"r":255},{"b":254,"g":254,"time":351.5,"type":"setColor","color":3,"angle":22.5,"r":255},{"g":13,"r":9,"angle":22.5,"color":3,"time":351.75,"duration":0.25,"b":13,"type":"setColor"},{"g":13,"r":9,"angle":45,"color":3,"time":353.25,"duration":0.25,"b":13,"type":"setColor"},{"b":98,"g":91,"time":353,"type":"setColor","color":3,"angle":45,"r":51},{"g":13,"r":9,"angle":45,"color":3,"time":354.25,"duration":0.25,"b":13,"type":"setColor"},{"b":98,"g":91,"time":354,"type":"setColor","color":3,"angle":45,"r":51},{"g":13,"r":9,"angle":45,"color":3,"time":355.25,"duration":0.25,"b":13,"type":"setColor"},{"b":98,"g":91,"time":355,"type":"setColor","color":3,"angle":45,"r":51},{"g":13,"r":9,"angle":45,"color":3,"time":356.25,"duration":0.25,"b":13,"type":"setColor"},{"b":98,"g":91,"time":356,"type":"setColor","color":3,"angle":45,"r":51},{"g":13,"r":9,"angle":45,"color":3,"time":357.25,"duration":0.25,"b":13,"type":"setColor"},{"b":98,"g":91,"time":357,"type":"setColor","color":3,"angle":45,"r":51},{"g":13,"r":9,"angle":45,"color":3,"time":358.25,"duration":0.25,"b":13,"type":"setColor"},{"b":98,"g":91,"time":358,"type":"setColor","color":3,"angle":45,"r":51},{"g":13,"r":9,"angle":45,"color":3,"time":359.25,"duration":0.25,"b":13,"type":"setColor"},{"b":98,"g":91,"time":359,"type":"setColor","color":3,"angle":45,"r":51},{"repeatDelay":1,"var":"vfx.canvPos.y","time":319.5,"value":183,"type":"ease","angle":180,"repeats":30},{"value":180,"angle":157.5,"repeats":30,"repeatDelay":1,"var":"vfx.canvPos.y","time":319.75,"duration":0.25,"type":"ease"},{"g":13,"r":9,"angle":45,"color":3,"time":360.25,"duration":0.25,"b":13,"type":"setColor"},{"b":98,"g":91,"time":360,"type":"setColor","color":3,"angle":45,"r":51},{"g":13,"r":9,"angle":45,"color":3,"time":361.25,"duration":0.25,"b":13,"type":"setColor"},{"b":98,"g":91,"time":361,"type":"setColor","color":3,"angle":45,"r":51},{"g":13,"r":9,"angle":45,"color":3,"time":362.25,"duration":0.25,"b":13,"type":"setColor"},{"b":98,"g":91,"time":362,"type":"setColor","color":3,"angle":45,"r":51},{"g":13,"r":9,"angle":45,"color":3,"time":363.25,"duration":0.25,"b":13,"type":"setColor"},{"b":98,"g":91,"time":363,"type":"setColor","color":3,"angle":45,"r":51},{"g":13,"r":9,"angle":45,"color":3,"time":364.25,"duration":0.25,"b":13,"type":"setColor"},{"b":98,"g":91,"time":364,"type":"setColor","color":3,"angle":45,"r":51},{"g":13,"r":9,"angle":45,"color":3,"time":365.25,"duration":0.25,"b":13,"type":"setColor"},{"b":98,"g":91,"time":365,"type":"setColor","color":3,"angle":45,"r":51},{"g":13,"r":9,"angle":45,"color":3,"time":366.25,"duration":0.25,"b":13,"type":"setColor"},{"b":98,"g":91,"time":366,"type":"setColor","color":3,"angle":45,"r":51},{"g":13,"r":9,"angle":45,"color":3,"time":367.25,"duration":0.25,"b":13,"type":"setColor"},{"b":98,"g":91,"time":367,"type":"setColor","color":3,"angle":45,"r":51},{"g":13,"r":9,"angle":45,"color":3,"time":368.25,"duration":0.25,"b":13,"type":"setColor"},{"b":98,"g":91,"time":368,"type":"setColor","color":3,"angle":45,"r":51},{"g":13,"r":9,"angle":45,"color":3,"time":369.25,"duration":0.25,"b":13,"type":"setColor"},{"b":98,"g":91,"time":369,"type":"setColor","color":3,"angle":45,"r":51},{"g":13,"r":9,"angle":45,"color":3,"time":370.25,"duration":0.25,"b":13,"type":"setColor"},{"b":98,"g":91,"time":370,"type":"setColor","color":3,"angle":45,"r":51},{"g":13,"r":9,"angle":45,"color":3,"time":371.25,"duration":0.25,"b":13,"type":"setColor"},{"b":98,"g":91,"time":371,"type":"setColor","color":3,"angle":45,"r":51},{"g":13,"r":9,"angle":45,"color":3,"time":372.25,"duration":0.25,"b":13,"type":"setColor"},{"b":98,"g":91,"time":372,"type":"setColor","color":3,"angle":45,"r":51},{"g":13,"r":9,"angle":45,"color":3,"time":373.25,"duration":0.25,"b":13,"type":"setColor"},{"b":98,"g":91,"time":373,"type":"setColor","color":3,"angle":45,"r":51},{"g":13,"r":9,"angle":45,"color":3,"time":374.25,"duration":0.25,"b":13,"type":"setColor"},{"b":98,"g":91,"time":374,"type":"setColor","color":3,"angle":45,"r":51},{"g":13,"r":9,"angle":45,"color":3,"time":375.25,"duration":0.25,"b":13,"type":"setColor"},{"b":98,"g":91,"time":375,"type":"setColor","color":3,"angle":45,"r":51},{"g":13,"r":9,"angle":45,"color":3,"time":376.25,"duration":0.25,"b":13,"type":"setColor"},{"b":98,"g":91,"time":376,"type":"setColor","color":3,"angle":45,"r":51},{"g":13,"r":9,"angle":45,"color":3,"time":377.25,"duration":0.25,"b":13,"type":"setColor"},{"b":98,"g":91,"time":377,"type":"setColor","color":3,"angle":45,"r":51},{"g":13,"r":9,"angle":45,"color":3,"time":378.25,"duration":0.25,"b":13,"type":"setColor"},{"b":98,"g":91,"time":378,"type":"setColor","color":3,"angle":45,"r":51},{"g":13,"r":9,"angle":45,"color":3,"time":379.25,"duration":0.25,"b":13,"type":"setColor"},{"g":13,"r":9,"angle":45,"color":3,"time":380.25,"duration":0.25,"b":13,"type":"setColor"},{"b":98,"g":91,"time":380,"type":"setColor","color":3,"angle":45,"r":51},{"g":13,"r":9,"angle":22.5,"color":3,"time":381.25,"duration":0.25,"b":13,"type":"setColor"},{"b":98,"g":91,"time":381,"type":"setColor","color":3,"angle":22.5,"r":51},{"g":13,"r":9,"angle":45,"color":3,"time":382,"duration":0.25,"b":13,"type":"setColor"},{"b":98,"g":91,"time":381.75,"type":"setColor","color":3,"angle":45,"r":51},{"g":13,"r":9,"angle":45,"color":3,"time":382.75,"duration":0.25,"b":13,"type":"setColor"},{"b":98,"g":91,"time":382.5,"type":"setColor","color":3,"angle":45,"r":51},{"g":13,"r":9,"angle":22.5,"color":3,"time":383,"duration":0.25,"b":13,"type":"setColor"},{"b":98,"g":91,"time":382.75,"type":"setColor","color":3,"angle":22.5,"r":51},{"var":"scrollSpeed","time":351.5,"value":3,"angle":337.5,"type":"ease"},{"value":2,"angle":315,"repeats":7,"repeatDelay":4,"var":"scrollSpeed","time":384.25,"duration":0.5,"type":"ease"},{"value":1,"angle":45,"repeats":7,"repeatDelay":4,"var":"scrollSpeed","time":385,"duration":0.5,"type":"ease"},{"value":3,"angle":157.5,"repeats":6,"repeatDelay":4,"var":"scrollSpeed","time":387.25,"duration":1,"type":"ease"},{"g":13,"r":9,"angle":45,"color":3,"time":383.75,"duration":0.25,"b":13,"type":"setColor"},{"b":98,"g":91,"time":383.5,"type":"setColor","color":3,"angle":45,"r":51},{"g":13,"r":9,"angle":45,"color":3,"time":384.75,"duration":0.25,"b":13,"type":"setColor"},{"b":98,"g":91,"time":384.5,"type":"setColor","color":3,"angle":45,"r":51},{"g":13,"r":9,"angle":45,"color":3,"time":385.75,"duration":0.25,"b":13,"type":"setColor"},{"b":98,"g":91,"time":385.5,"type":"setColor","color":3,"angle":45,"r":51},{"g":13,"r":9,"angle":45,"color":3,"time":386.75,"duration":0.25,"b":13,"type":"setColor"},{"b":98,"g":91,"time":386.5,"type":"setColor","color":3,"angle":45,"r":51},{"g":13,"r":9,"angle":45,"color":3,"time":387.75,"duration":0.25,"b":13,"type":"setColor"},{"b":98,"g":91,"time":387.5,"type":"setColor","color":3,"angle":67.5,"r":51},{"g":13,"r":9,"angle":45,"color":3,"time":388.75,"duration":0.25,"b":13,"type":"setColor"},{"b":98,"g":91,"time":388.5,"type":"setColor","color":3,"angle":45,"r":51},{"g":13,"r":9,"angle":45,"color":3,"time":389.75,"duration":0.25,"b":13,"type":"setColor"},{"b":98,"g":91,"time":389.5,"type":"setColor","color":3,"angle":45,"r":51},{"g":13,"r":9,"angle":45,"color":3,"time":390.75,"duration":0.25,"b":13,"type":"setColor"},{"b":98,"g":91,"time":390.5,"type":"setColor","color":3,"angle":45,"r":51},{"g":13,"r":9,"angle":45,"color":3,"time":391.75,"duration":0.25,"b":13,"type":"setColor"},{"b":98,"g":91,"time":391.5,"type":"setColor","color":3,"angle":45,"r":51},{"b":98,"g":91,"time":379,"type":"setColor","color":3,"angle":45,"r":51},{"var":"scrollSpeed","time":415.5,"value":2,"duration":0.5,"angle":22.5,"type":"ease"},{"b":255,"g":255,"time":415.5,"type":"setColor","color":2,"angle":337.5,"r":255},{"b":255,"g":255,"time":415.5,"type":"setColor","color":3,"angle":315,"r":255},{"g":0,"r":0,"angle":315,"color":2,"time":415.75,"duration":0.5,"b":0,"type":"setColor"},{"g":0,"r":0,"angle":337.5,"color":3,"time":415.75,"duration":0.5,"b":0,"type":"setColor"},{"repeatDelay":4,"var":"vfx.canvPos.r","time":416.5,"value":5,"type":"ease","angle":360,"repeats":3},{"value":0,"angle":0,"repeats":8,"repeatDelay":4,"var":"vfx.canvPos.r","time":416.75,"duration":0.25,"type":"ease"},{"value":0,"angle":0,"repeats":8,"repeatDelay":4,"var":"vfx.canvPos.r","time":418.75,"duration":0.5,"type":"ease"},{"repeatDelay":4,"var":"vfx.canvPos.r","time":418.5,"value":-5,"type":"ease","angle":0,"repeats":3},{"g":13,"r":9,"angle":360,"color":3,"time":335.5,"duration":2,"b":13,"type":"setColor"},{"g":0,"r":0,"angle":360,"color":3,"time":337.5,"duration":2,"b":0,"type":"setColor"},{"g":13,"r":9,"angle":22.5,"color":2,"time":335.5,"duration":2,"b":13,"type":"setColor"},{"g":0,"r":0,"angle":22.5,"color":2,"time":337.5,"duration":2,"b":0,"type":"setColor"},{"g":13,"r":9,"angle":360,"color":3,"time":339.5,"duration":2,"b":13,"type":"setColor"},{"g":0,"r":0,"angle":360,"color":3,"time":341.5,"duration":2,"b":0,"type":"setColor"},{"g":13,"r":9,"angle":22.5,"color":2,"time":339.5,"duration":2,"b":13,"type":"setColor"},{"g":0,"r":0,"angle":22.5,"color":2,"time":341.5,"duration":2,"b":0,"type":"setColor"},{"g":13,"r":9,"angle":360,"color":3,"time":343.5,"duration":2,"b":13,"type":"setColor"},{"g":0,"r":0,"angle":360,"color":3,"time":345.5,"duration":2,"b":0,"type":"setColor"},{"g":13,"r":9,"angle":22.5,"color":2,"time":343.5,"duration":2,"b":13,"type":"setColor"},{"g":0,"r":0,"angle":22.5,"color":2,"time":345.5,"duration":2,"b":0,"type":"setColor"},{"g":13,"r":9,"angle":360,"color":3,"time":347.5,"duration":2,"b":13,"type":"setColor"},{"g":0,"r":0,"angle":360,"color":3,"time":349.5,"duration":2,"b":0,"type":"setColor"},{"g":13,"r":9,"angle":22.5,"color":2,"time":347.5,"duration":2,"b":13,"type":"setColor"},{"g":0,"r":0,"angle":22.5,"color":2,"time":349.5,"duration":2,"b":0,"type":"setColor"},{"g":13,"r":9,"angle":45,"color":3,"time":392.75,"duration":0.25,"b":13,"type":"setColor"},{"b":98,"g":91,"time":392.5,"type":"setColor","color":3,"angle":45,"r":51},{"g":13,"r":9,"angle":45,"color":3,"time":393.75,"duration":0.25,"b":13,"type":"setColor"},{"b":98,"g":91,"time":393.5,"type":"setColor","color":3,"angle":45,"r":51},{"g":13,"r":9,"angle":45,"color":3,"time":394.75,"duration":0.25,"b":13,"type":"setColor"},{"b":98,"g":91,"time":394.5,"type":"setColor","color":3,"angle":45,"r":51},{"g":13,"r":9,"angle":45,"color":3,"time":395.75,"duration":0.25,"b":13,"type":"setColor"},{"b":98,"g":91,"time":395.5,"type":"setColor","color":3,"angle":45,"r":51},{"g":13,"r":9,"angle":45,"color":3,"time":396.75,"duration":0.25,"b":13,"type":"setColor"},{"b":98,"g":91,"time":396.5,"type":"setColor","color":3,"angle":45,"r":51},{"g":13,"r":9,"angle":45,"color":3,"time":397.75,"duration":0.25,"b":13,"type":"setColor"},{"b":98,"g":91,"time":397.5,"type":"setColor","color":3,"angle":45,"r":51},{"g":13,"r":9,"angle":45,"color":3,"time":398.75,"duration":0.25,"b":13,"type":"setColor"},{"b":98,"g":91,"time":398.5,"type":"setColor","color":3,"angle":45,"r":51},{"g":13,"r":9,"angle":45,"color":3,"time":399.75,"duration":0.25,"b":13,"type":"setColor"},{"b":98,"g":91,"time":399.5,"type":"setColor","color":3,"angle":45,"r":51},{"g":13,"r":9,"angle":45,"color":3,"time":400.75,"duration":0.25,"b":13,"type":"setColor"},{"b":98,"g":91,"time":400.5,"type":"setColor","color":3,"angle":45,"r":51},{"g":13,"r":9,"angle":67.5,"color":3,"time":401.75,"duration":0.25,"b":13,"type":"setColor"},{"b":98,"g":91,"time":401.5,"type":"setColor","color":3,"angle":67.5,"r":51},{"g":13,"r":9,"angle":45,"color":3,"time":402.75,"duration":0.25,"b":13,"type":"setColor"},{"b":98,"g":91,"time":402.5,"type":"setColor","color":3,"angle":45,"r":51},{"g":13,"r":9,"angle":45,"color":3,"time":403.75,"duration":0.25,"b":13,"type":"setColor"},{"b":98,"g":91,"time":403.5,"type":"setColor","color":3,"angle":45,"r":51},{"g":13,"r":9,"angle":45,"color":3,"time":404.75,"duration":0.25,"b":13,"type":"setColor"},{"b":98,"g":91,"time":404.5,"type":"setColor","color":3,"angle":45,"r":51},{"g":13,"r":9,"angle":45,"color":3,"time":405.75,"duration":0.25,"b":13,"type":"setColor"},{"b":98,"g":91,"time":405.5,"type":"setColor","color":3,"angle":45,"r":51},{"g":13,"r":9,"angle":45,"color":3,"time":406.75,"duration":0.25,"b":13,"type":"setColor"},{"b":98,"g":91,"time":406.5,"type":"setColor","color":3,"angle":45,"r":51},{"g":13,"r":9,"angle":45,"color":3,"time":407.75,"duration":0.25,"b":13,"type":"setColor"},{"b":98,"g":91,"time":407.5,"type":"setColor","color":3,"angle":45,"r":51},{"g":13,"r":9,"angle":45,"color":3,"time":408.75,"duration":0.25,"b":13,"type":"setColor"},{"b":98,"g":91,"time":408.5,"type":"setColor","color":3,"angle":45,"r":51},{"g":13,"r":9,"angle":45,"color":3,"time":409.75,"duration":0.25,"b":13,"type":"setColor"},{"b":98,"g":91,"time":409.5,"type":"setColor","color":3,"angle":45,"r":51},{"g":13,"r":9,"angle":45,"color":3,"time":410.75,"duration":0.25,"b":13,"type":"setColor"},{"b":98,"g":91,"time":410.5,"type":"setColor","color":3,"angle":45,"r":51},{"g":13,"r":9,"angle":22.5,"color":3,"time":411.75,"duration":0.25,"b":13,"type":"setColor"},{"b":98,"g":91,"time":411.5,"type":"setColor","color":3,"angle":22.5,"r":51},{"g":13,"r":9,"angle":45,"color":3,"time":412.75,"duration":0.25,"b":13,"type":"setColor"},{"b":98,"g":91,"time":412.5,"type":"setColor","color":3,"angle":45,"r":51},{"g":13,"r":9,"angle":45,"color":3,"time":413.75,"duration":0.25,"b":13,"type":"setColor"},{"b":98,"g":91,"time":413.5,"type":"setColor","color":3,"angle":45,"r":51},{"g":13,"r":9,"angle":45,"color":3,"time":414.75,"duration":0.25,"b":13,"type":"setColor"},{"b":98,"g":91,"time":414.5,"type":"setColor","color":3,"angle":45,"r":51},{"g":0,"r":0,"angle":45,"color":3,"time":416.75,"duration":0.25,"b":0,"type":"setColor"},{"b":98,"g":91,"time":416.5,"type":"setColor","color":3,"angle":45,"r":51},{"g":0,"r":0,"angle":22.5,"color":2,"time":416.75,"duration":0.25,"b":0,"type":"setColor"},{"b":98,"g":91,"time":416.5,"type":"setColor","color":2,"angle":22.5,"r":51},{"g":0,"r":0,"angle":45,"color":3,"time":418.75,"duration":0.25,"b":0,"type":"setColor"},{"b":98,"g":91,"time":418.5,"type":"setColor","color":3,"angle":45,"r":51},{"g":0,"r":0,"angle":22.5,"color":2,"time":418.75,"duration":0.25,"b":0,"type":"setColor"},{"b":98,"g":91,"time":418.5,"type":"setColor","color":2,"angle":22.5,"r":51},{"g":0,"r":0,"angle":45,"color":3,"time":420.75,"duration":0.25,"b":0,"type":"setColor"},{"b":98,"g":91,"time":420.5,"type":"setColor","color":3,"angle":45,"r":51},{"g":0,"r":0,"angle":22.5,"color":2,"time":420.75,"duration":0.25,"b":0,"type":"setColor"},{"b":98,"g":91,"time":420.5,"type":"setColor","color":2,"angle":22.5,"r":51},{"g":0,"r":0,"angle":45,"color":3,"time":422.75,"duration":0.25,"b":0,"type":"setColor"},{"b":98,"g":91,"time":422.5,"type":"setColor","color":3,"angle":45,"r":51},{"g":0,"r":0,"angle":22.5,"color":2,"time":422.75,"duration":0.25,"b":0,"type":"setColor"},{"b":98,"g":91,"time":422.5,"type":"setColor","color":2,"angle":22.5,"r":51},{"g":0,"r":0,"angle":45,"color":3,"time":424.75,"duration":0.25,"b":0,"type":"setColor"},{"b":98,"g":91,"time":424.5,"type":"setColor","color":3,"angle":45,"r":51},{"g":0,"r":0,"angle":22.5,"color":2,"time":424.75,"duration":0.25,"b":0,"type":"setColor"},{"b":98,"g":91,"time":424.5,"type":"setColor","color":2,"angle":22.5,"r":51},{"g":0,"r":0,"angle":45,"color":3,"time":426.75,"duration":0.25,"b":0,"type":"setColor"},{"b":98,"g":91,"time":426.5,"type":"setColor","color":3,"angle":45,"r":51},{"g":0,"r":0,"angle":22.5,"color":2,"time":426.75,"duration":0.25,"b":0,"type":"setColor"},{"b":98,"g":91,"time":426.5,"type":"setColor","color":2,"angle":22.5,"r":51},{"g":0,"r":0,"angle":45,"color":3,"time":428.75,"duration":0.25,"b":0,"type":"setColor"},{"b":98,"g":91,"time":428.5,"type":"setColor","color":3,"angle":45,"r":51},{"g":0,"r":0,"angle":22.5,"color":2,"time":428.75,"duration":0.25,"b":0,"type":"setColor"},{"b":98,"g":91,"time":428.5,"type":"setColor","color":2,"angle":22.5,"r":51},{"g":0,"r":0,"angle":45,"color":3,"time":430.75,"duration":0.25,"b":0,"type":"setColor"},{"b":98,"g":91,"time":430.5,"type":"setColor","color":3,"angle":45,"r":51},{"g":0,"r":0,"angle":22.5,"color":2,"time":430.75,"duration":0.25,"b":0,"type":"setColor"},{"b":98,"g":91,"time":430.5,"type":"setColor","color":2,"angle":22.5,"r":51},{"var":"vfx.hwaves.strength","time":431,"value":0,"duration":1.5,"angle":0,"type":"ease"},{"repeatDelay":1,"var":"vfx.canvPos.y","time":432,"value":183,"type":"ease","angle":180,"repeats":15},{"value":180,"angle":157.5,"repeats":15,"repeatDelay":1,"var":"vfx.canvPos.y","time":432.25,"duration":0.25,"type":"ease"},{"var":"scrollSpeed","time":444,"value":1,"duration":3.5,"angle":360,"type":"ease"},{"g":0,"r":0,"angle":45,"color":3,"time":432.25,"duration":0.25,"b":0,"type":"setColor"},{"b":98,"g":91,"time":432,"type":"setColor","color":3,"angle":45,"r":51},{"g":0,"r":0,"angle":22.5,"color":2,"time":432.25,"duration":0.25,"b":0,"type":"setColor"},{"b":98,"g":91,"time":432,"type":"setColor","color":2,"angle":22.5,"r":51},{"g":0,"r":0,"angle":90,"color":3,"time":433.25,"duration":0.25,"b":0,"type":"setColor"},{"b":98,"g":91,"time":433,"type":"setColor","color":3,"angle":90,"r":51},{"g":0,"r":0,"angle":67.5,"color":2,"time":433.25,"duration":0.25,"b":0,"type":"setColor"},{"b":98,"g":91,"time":433,"type":"setColor","color":2,"angle":67.5,"r":51},{"g":0,"r":0,"angle":45,"color":3,"time":434.25,"duration":0.25,"b":0,"type":"setColor"},{"b":98,"g":91,"time":434,"type":"setColor","color":3,"angle":45,"r":51},{"g":0,"r":0,"angle":22.5,"color":2,"time":434.25,"duration":0.25,"b":0,"type":"setColor"},{"b":98,"g":91,"time":434,"type":"setColor","color":2,"angle":22.5,"r":51},{"g":0,"r":0,"angle":45,"color":3,"time":435.25,"duration":0.25,"b":0,"type":"setColor"},{"b":98,"g":91,"time":435,"type":"setColor","color":3,"angle":45,"r":51},{"g":0,"r":0,"angle":22.5,"color":2,"time":435.25,"duration":0.25,"b":0,"type":"setColor"},{"b":98,"g":91,"time":435,"type":"setColor","color":2,"angle":22.5,"r":51},{"g":0,"r":0,"angle":45,"color":3,"time":436.25,"duration":0.25,"b":0,"type":"setColor"},{"b":98,"g":91,"time":436,"type":"setColor","color":3,"angle":45,"r":51},{"g":0,"r":0,"angle":22.5,"color":2,"time":436.25,"duration":0.25,"b":0,"type":"setColor"},{"b":98,"g":91,"time":436,"type":"setColor","color":2,"angle":22.5,"r":51},{"g":0,"r":0,"angle":45,"color":3,"time":437.25,"duration":0.25,"b":0,"type":"setColor"},{"b":98,"g":91,"time":437,"type":"setColor","color":3,"angle":45,"r":51},{"g":0,"r":0,"angle":22.5,"color":2,"time":437.25,"duration":0.25,"b":0,"type":"setColor"},{"b":98,"g":91,"time":437,"type":"setColor","color":2,"angle":22.5,"r":51},{"g":0,"r":0,"angle":45,"color":3,"time":438.25,"duration":0.25,"b":0,"type":"setColor"},{"b":98,"g":91,"time":438,"type":"setColor","color":3,"angle":45,"r":51},{"g":0,"r":0,"angle":22.5,"color":2,"time":438.25,"duration":0.25,"b":0,"type":"setColor"},{"b":98,"g":91,"time":438,"type":"setColor","color":2,"angle":22.5,"r":51},{"g":0,"r":0,"angle":45,"color":3,"time":439.25,"duration":0.25,"b":0,"type":"setColor"},{"b":98,"g":91,"time":439,"type":"setColor","color":3,"angle":45,"r":51},{"g":0,"r":0,"angle":22.5,"color":2,"time":439.25,"duration":0.25,"b":0,"type":"setColor"},{"b":98,"g":91,"time":439,"type":"setColor","color":2,"angle":22.5,"r":51},{"g":0,"r":0,"angle":45,"color":3,"time":440.25,"duration":0.25,"b":0,"type":"setColor"},{"b":98,"g":91,"time":440,"type":"setColor","color":3,"angle":45,"r":51},{"g":0,"r":0,"angle":22.5,"color":2,"time":440.25,"duration":0.25,"b":0,"type":"setColor"},{"b":98,"g":91,"time":440,"type":"setColor","color":2,"angle":22.5,"r":51},{"g":0,"r":0,"angle":45,"color":3,"time":441.25,"duration":0.25,"b":0,"type":"setColor"},{"b":98,"g":91,"time":441,"type":"setColor","color":3,"angle":45,"r":51},{"g":0,"r":0,"angle":22.5,"color":2,"time":441.25,"duration":0.25,"b":0,"type":"setColor"},{"b":98,"g":91,"time":441,"type":"setColor","color":2,"angle":22.5,"r":51},{"g":0,"r":0,"angle":22.5,"color":3,"time":442.25,"duration":0.25,"b":0,"type":"setColor"},{"b":98,"g":91,"time":442,"type":"setColor","color":3,"angle":22.5,"r":51},{"g":0,"r":0,"angle":0,"color":2,"time":442.25,"duration":0.25,"b":0,"type":"setColor"},{"b":98,"g":91,"time":442,"type":"setColor","color":2,"angle":0,"r":51},{"g":0,"r":0,"angle":45,"color":3,"time":443.25,"duration":0.25,"b":0,"type":"setColor"},{"b":98,"g":91,"time":443,"type":"setColor","color":3,"angle":45,"r":51},{"g":0,"r":0,"angle":22.5,"color":2,"time":443.25,"duration":0.25,"b":0,"type":"setColor"},{"b":98,"g":91,"time":443,"type":"setColor","color":2,"angle":22.5,"r":51},{"g":0,"r":0,"angle":45,"color":3,"time":444.25,"duration":0.25,"b":0,"type":"setColor"},{"b":98,"g":91,"time":444,"type":"setColor","color":3,"angle":45,"r":51},{"g":0,"r":0,"angle":22.5,"color":2,"time":444.25,"duration":0.25,"b":0,"type":"setColor"},{"b":98,"g":91,"time":444,"type":"setColor","color":2,"angle":22.5,"r":51},{"g":0,"r":0,"angle":45,"color":3,"time":445.25,"duration":0.25,"b":0,"type":"setColor"},{"b":98,"g":91,"time":445,"type":"setColor","color":3,"angle":45,"r":51},{"g":0,"r":0,"angle":22.5,"color":2,"time":445.25,"duration":0.25,"b":0,"type":"setColor"},{"b":98,"g":91,"time":445,"type":"setColor","color":2,"angle":22.5,"r":51},{"g":0,"r":0,"angle":45,"color":3,"time":446.25,"duration":0.25,"b":0,"type":"setColor"},{"b":98,"g":91,"time":446,"type":"setColor","color":3,"angle":67.5,"r":51},{"g":0,"r":0,"angle":22.5,"color":2,"time":446.25,"duration":0.25,"b":0,"type":"setColor"},{"b":98,"g":91,"time":446,"type":"setColor","color":2,"angle":22.5,"r":51},{"g":0,"r":0,"angle":45,"color":3,"time":447.75,"duration":0.25,"b":0,"type":"setColor"},{"b":98,"g":91,"time":447.5,"type":"setColor","color":3,"angle":45,"r":51},{"g":0,"r":0,"angle":22.5,"color":2,"time":447.75,"duration":0.25,"b":0,"type":"setColor"},{"b":98,"g":91,"time":447.5,"type":"setColor","color":2,"angle":22.5,"r":51},{"g":255,"r":255,"angle":0,"color":2,"time":458.5,"duration":5,"b":255,"type":"setColor"},{"g":13,"r":9,"angle":22.5,"color":3,"time":458.5,"duration":5,"b":13,"type":"setColor"},{"var":"vfx.hwaves.strength","time":463.5,"value":5,"duration":1,"angle":0,"type":"ease"},{"var":"p.x","time":461,"ease":"inOutSine","value":100,"angle":0,"duration":1.5,"type":"ease"},{"g":13,"r":9,"angle":45,"color":3,"time":463.75,"duration":0.25,"b":13,"type":"setColor"},{"b":98,"g":91,"time":463.5,"type":"setColor","color":3,"angle":45,"r":51},{"g":13,"r":9,"angle":45,"color":3,"time":465.25,"duration":0.25,"b":13,"type":"setColor"},{"b":98,"g":91,"time":465,"type":"setColor","color":3,"angle":45,"r":51},{"g":13,"r":9,"angle":45,"color":3,"time":465.75,"duration":0.25,"b":13,"type":"setColor"},{"b":51,"g":51,"time":465.5,"type":"setColor","color":3,"angle":45,"r":98},{"g":13,"r":9,"angle":45,"color":3,"time":466.25,"duration":0.25,"b":13,"type":"setColor"},{"b":98,"g":91,"time":466,"type":"setColor","color":3,"angle":45,"r":51},{"g":13,"r":9,"angle":45,"color":3,"time":466.75,"duration":0.25,"b":13,"type":"setColor"},{"b":98,"g":91,"time":466.5,"type":"setColor","color":3,"angle":45,"r":51},{"g":13,"r":9,"angle":45,"color":3,"time":468,"duration":0.25,"b":13,"type":"setColor"},{"b":98,"g":91,"time":467.75,"type":"setColor","color":3,"angle":45,"r":51},{"g":13,"r":9,"angle":45,"color":3,"time":469,"duration":0.25,"b":13,"type":"setColor"},{"b":98,"g":91,"time":468.75,"type":"setColor","color":3,"angle":45,"r":51},{"g":13,"r":9,"angle":45,"color":3,"time":469.75,"duration":0.25,"b":13,"type":"setColor"},{"angle":45,"g":51,"time":469.5,"type":"setColor","color":3,"b":51,"r":98},{"g":13,"r":9,"angle":45,"color":3,"time":470.5,"duration":0.25,"b":13,"type":"setColor"},{"b":98,"g":91,"time":470.25,"type":"setColor","color":3,"angle":45,"r":51},{"g":13,"r":9,"angle":45,"color":3,"time":471.25,"duration":0.25,"b":13,"type":"setColor"},{"b":98,"g":91,"time":471,"type":"setColor","color":3,"angle":22.5,"r":51},{"g":13,"r":9,"angle":45,"color":3,"time":471.75,"duration":0.25,"b":13,"type":"setColor"},{"angle":45,"g":91,"time":471.5,"r":51,"color":3,"b":98,"type":"setColor"},{"g":13,"r":9,"angle":45,"color":3,"time":473.25,"duration":0.25,"b":13,"type":"setColor"},{"angle":45,"g":91,"time":473,"r":51,"color":3,"b":98,"type":"setColor"},{"g":13,"r":9,"angle":45,"color":3,"time":473.75,"duration":0.25,"b":13,"type":"setColor"},{"angle":45,"g":51,"time":473.5,"r":98,"color":3,"b":51,"type":"setColor"},{"g":13,"r":9,"angle":45,"color":3,"time":474.25,"duration":0.25,"b":13,"type":"setColor"},{"angle":45,"g":91,"time":474,"r":51,"color":3,"b":98,"type":"setColor"},{"g":13,"r":9,"angle":45,"color":3,"time":474.75,"duration":0.25,"b":13,"type":"setColor"},{"angle":45,"g":91,"time":474.5,"r":51,"color":3,"b":98,"type":"setColor"},{"g":13,"r":9,"angle":45,"color":3,"time":476,"duration":0.25,"b":13,"type":"setColor"},{"angle":45,"g":91,"time":475.75,"r":51,"color":3,"b":98,"type":"setColor"},{"g":13,"r":9,"angle":45,"color":3,"time":477,"duration":0.25,"b":13,"type":"setColor"},{"angle":45,"g":91,"time":476.75,"r":51,"color":3,"b":98,"type":"setColor"},{"g":13,"r":9,"angle":45,"color":3,"time":477.75,"duration":0.25,"b":13,"type":"setColor"},{"b":51,"g":51,"time":477.5,"type":"setColor","color":3,"angle":45,"r":98},{"g":13,"r":9,"angle":45,"color":3,"time":478.5,"duration":0.25,"b":13,"type":"setColor"},{"angle":45,"g":91,"time":478.25,"r":51,"color":3,"b":98,"type":"setColor"},{"g":13,"r":9,"angle":45,"color":3,"time":479.25,"duration":0.25,"b":13,"type":"setColor"},{"angle":45,"g":91,"time":479,"r":51,"color":3,"b":98,"type":"setColor"},{"g":13,"r":9,"angle":45,"color":3,"time":479.75,"duration":0.25,"b":13,"type":"setColor"},{"angle":45,"g":91,"time":479.5,"r":51,"color":3,"b":98,"type":"setColor"},{"g":13,"r":9,"angle":45,"color":3,"time":481.25,"duration":0.25,"b":13,"type":"setColor"},{"angle":45,"g":91,"time":481,"r":51,"color":3,"b":98,"type":"setColor"},{"g":13,"r":9,"angle":45,"color":3,"time":481.75,"duration":0.25,"b":13,"type":"setColor"},{"angle":45,"g":51,"time":481.5,"r":98,"color":3,"b":51,"type":"setColor"},{"g":13,"r":9,"angle":45,"color":3,"time":482.25,"duration":0.25,"b":13,"type":"setColor"},{"angle":45,"g":91,"time":482,"r":51,"color":3,"b":98,"type":"setColor"},{"g":13,"r":9,"angle":45,"color":3,"time":482.75,"duration":0.25,"b":13,"type":"setColor"},{"angle":45,"g":91,"time":482.5,"r":51,"color":3,"b":98,"type":"setColor"},{"g":13,"r":9,"angle":45,"color":3,"time":484,"duration":0.25,"b":13,"type":"setColor"},{"angle":45,"g":91,"time":483.75,"r":51,"color":3,"b":98,"type":"setColor"},{"g":13,"r":9,"angle":45,"color":3,"time":485,"duration":0.25,"b":13,"type":"setColor"},{"angle":45,"g":91,"time":484.75,"r":51,"color":3,"b":98,"type":"setColor"},{"g":13,"r":9,"angle":45,"color":3,"time":485.75,"duration":0.25,"b":13,"type":"setColor"},{"b":51,"g":51,"time":485.5,"type":"setColor","color":3,"angle":45,"r":98},{"g":13,"r":9,"angle":45,"color":3,"time":486.5,"duration":0.25,"b":13,"type":"setColor"},{"angle":45,"g":91,"time":486.25,"r":51,"color":3,"b":98,"type":"setColor"},{"g":13,"r":9,"angle":45,"color":3,"time":487.25,"duration":0.25,"b":13,"type":"setColor"},{"angle":45,"g":91,"time":487,"r":51,"color":3,"b":98,"type":"setColor"},{"g":13,"r":9,"angle":45,"color":3,"time":487.75,"duration":0.25,"b":13,"type":"setColor"},{"angle":45,"g":91,"time":487.5,"r":51,"color":3,"b":98,"type":"setColor"},{"g":13,"r":9,"angle":45,"color":3,"time":489.25,"duration":0.25,"b":13,"type":"setColor"},{"angle":45,"g":91,"time":489,"r":51,"color":3,"b":98,"type":"setColor"},{"g":13,"r":9,"angle":45,"color":3,"time":489.75,"duration":0.25,"b":13,"type":"setColor"},{"angle":45,"g":51,"time":489.5,"r":98,"color":3,"b":51,"type":"setColor"},{"g":13,"r":9,"angle":45,"color":3,"time":490.25,"duration":0.25,"b":13,"type":"setColor"},{"angle":45,"g":91,"time":490,"r":51,"color":3,"b":98,"type":"setColor"},{"g":13,"r":9,"angle":45,"color":3,"time":490.75,"duration":0.25,"b":13,"type":"setColor"},{"angle":45,"g":91,"time":490.5,"r":51,"color":3,"b":98,"type":"setColor"},{"g":13,"r":9,"angle":45,"color":3,"time":492,"duration":0.25,"b":13,"type":"setColor"},{"angle":45,"g":91,"time":491.75,"r":51,"color":3,"b":98,"type":"setColor"},{"g":13,"r":9,"angle":45,"color":3,"time":493,"duration":0.25,"b":13,"type":"setColor"},{"angle":45,"g":91,"time":492.75,"r":51,"color":3,"b":98,"type":"setColor"},{"g":13,"r":9,"angle":45,"color":3,"time":493.75,"duration":0.25,"b":13,"type":"setColor"},{"b":51,"g":51,"time":493.5,"type":"setColor","color":3,"angle":45,"r":98},{"g":13,"r":9,"angle":45,"color":3,"time":494.5,"duration":0.25,"b":13,"type":"setColor"},{"angle":45,"g":91,"time":494.25,"r":51,"color":3,"b":98,"type":"setColor"},{"g":13,"r":9,"angle":45,"color":3,"time":495.25,"duration":0.25,"b":13,"type":"setColor"},{"angle":45,"g":91,"time":495,"r":51,"color":3,"b":98,"type":"setColor"},{"g":13,"r":9,"angle":45,"color":3,"time":495.75,"duration":0.25,"b":13,"type":"setColor"},{"b":98,"g":91,"time":495.5,"type":"setColor","color":3,"angle":45,"r":51},{"g":13,"r":9,"angle":45,"color":3,"time":497.25,"duration":0.25,"b":13,"type":"setColor"},{"b":98,"g":91,"time":497,"type":"setColor","color":3,"angle":45,"r":51},{"g":13,"r":9,"angle":45,"color":3,"time":497.75,"duration":0.25,"b":13,"type":"setColor"},{"b":51,"g":51,"time":497.5,"type":"setColor","color":3,"angle":45,"r":98},{"g":13,"r":9,"angle":45,"color":3,"time":498.25,"duration":0.25,"b":13,"type":"setColor"},{"b":98,"g":91,"time":498,"type":"setColor","color":3,"angle":45,"r":51},{"g":13,"r":9,"angle":45,"color":3,"time":498.75,"duration":0.25,"b":13,"type":"setColor"},{"b":98,"g":91,"time":498.5,"type":"setColor","color":3,"angle":45,"r":51},{"g":13,"r":9,"angle":45,"color":3,"time":500,"duration":0.25,"b":13,"type":"setColor"},{"b":98,"g":91,"time":499.75,"type":"setColor","color":3,"angle":45,"r":51},{"g":13,"r":9,"angle":45,"color":3,"time":501,"duration":0.25,"b":13,"type":"setColor"},{"b":98,"g":91,"time":500.75,"type":"setColor","color":3,"angle":45,"r":51},{"g":13,"r":9,"angle":45,"color":3,"time":501.75,"duration":0.25,"b":13,"type":"setColor"},{"angle":45,"g":51,"time":501.5,"type":"setColor","color":3,"b":51,"r":98},{"g":13,"r":9,"angle":45,"color":3,"time":502.5,"duration":0.25,"b":13,"type":"setColor"},{"b":98,"g":91,"time":502.25,"type":"setColor","color":3,"angle":45,"r":51},{"g":13,"r":9,"angle":45,"color":3,"time":503.25,"duration":0.25,"b":13,"type":"setColor"},{"b":98,"g":91,"time":503,"type":"setColor","color":3,"angle":45,"r":51},{"g":13,"r":9,"angle":45,"color":3,"time":503.75,"duration":0.25,"b":13,"type":"setColor"},{"angle":45,"g":91,"time":503.5,"r":51,"color":3,"b":98,"type":"setColor"},{"g":13,"r":9,"angle":45,"color":3,"time":505.25,"duration":0.25,"b":13,"type":"setColor"},{"angle":45,"g":91,"time":505,"r":51,"color":3,"b":98,"type":"setColor"},{"g":13,"r":9,"angle":45,"color":3,"time":505.75,"duration":0.25,"b":13,"type":"setColor"},{"angle":45,"g":51,"time":505.5,"r":98,"color":3,"b":51,"type":"setColor"},{"g":13,"r":9,"angle":45,"color":3,"time":506.25,"duration":0.25,"b":13,"type":"setColor"},{"angle":45,"g":91,"time":506,"r":51,"color":3,"b":98,"type":"setColor"},{"g":13,"r":9,"angle":45,"color":3,"time":506.75,"duration":0.25,"b":13,"type":"setColor"},{"angle":45,"g":91,"time":506.5,"r":51,"color":3,"b":98,"type":"setColor"},{"g":13,"r":9,"angle":45,"color":3,"time":508,"duration":0.25,"b":13,"type":"setColor"},{"angle":45,"g":91,"time":507.75,"r":51,"color":3,"b":98,"type":"setColor"},{"g":13,"r":9,"angle":45,"color":3,"time":509,"duration":0.25,"b":13,"type":"setColor"},{"angle":45,"g":91,"time":508.75,"r":51,"color":3,"b":98,"type":"setColor"},{"g":13,"r":9,"angle":45,"color":3,"time":509.75,"duration":0.25,"b":13,"type":"setColor"},{"b":51,"g":51,"time":509.5,"r":98,"color":3,"angle":22.5,"type":"setColor"},{"g":13,"r":9,"angle":45,"color":3,"time":510.5,"duration":0.25,"b":13,"type":"setColor"},{"angle":45,"g":91,"time":510.25,"r":51,"color":3,"b":98,"type":"setColor"},{"g":13,"r":9,"angle":45,"color":3,"time":511.25,"duration":0.25,"b":13,"type":"setColor"},{"angle":45,"g":91,"time":511,"r":51,"color":3,"b":98,"type":"setColor"},{"g":13,"r":9,"angle":45,"color":3,"time":511.75,"duration":0.25,"b":13,"type":"setColor"},{"angle":45,"g":91,"time":511.5,"r":51,"color":3,"b":98,"type":"setColor"},{"g":13,"r":9,"angle":45,"color":3,"time":513.25,"duration":0.25,"b":13,"type":"setColor"},{"angle":45,"g":91,"time":513,"r":51,"color":3,"b":98,"type":"setColor"},{"g":13,"r":9,"angle":45,"color":3,"time":513.75,"duration":0.25,"b":13,"type":"setColor"},{"angle":45,"g":51,"time":513.5,"r":98,"color":3,"b":51,"type":"setColor"},{"g":13,"r":9,"angle":45,"color":3,"time":514.25,"duration":0.25,"b":13,"type":"setColor"},{"angle":45,"g":91,"time":514,"r":51,"color":3,"b":98,"type":"setColor"},{"g":13,"r":9,"angle":45,"color":3,"time":514.75,"duration":0.25,"b":13,"type":"setColor"},{"angle":45,"g":91,"time":514.5,"r":51,"color":3,"b":98,"type":"setColor"},{"g":13,"r":9,"angle":45,"color":3,"time":516,"duration":0.25,"b":13,"type":"setColor"},{"angle":45,"g":91,"time":515.75,"r":51,"color":3,"b":98,"type":"setColor"},{"g":13,"r":9,"angle":45,"color":3,"time":517,"duration":0.25,"b":13,"type":"setColor"},{"angle":45,"g":91,"time":516.75,"r":51,"color":3,"b":98,"type":"setColor"},{"g":13,"r":9,"angle":45,"color":3,"time":517.75,"duration":0.25,"b":13,"type":"setColor"},{"b":51,"g":51,"time":517.5,"type":"setColor","color":3,"angle":45,"r":98},{"g":13,"r":9,"angle":45,"color":3,"time":518.5,"duration":0.25,"b":13,"type":"setColor"},{"angle":45,"g":91,"time":518.25,"r":51,"color":3,"b":98,"type":"setColor"},{"g":13,"r":9,"angle":45,"color":3,"time":519.25,"duration":0.25,"b":13,"type":"setColor"},{"angle":45,"g":91,"time":519,"r":51,"color":3,"b":98,"type":"setColor"},{"g":13,"r":9,"angle":45,"color":3,"time":519.75,"duration":0.25,"b":13,"type":"setColor"},{"angle":45,"g":91,"time":519.5,"r":51,"color":3,"b":98,"type":"setColor"},{"g":13,"r":9,"angle":45,"color":3,"time":521.25,"duration":0.25,"b":13,"type":"setColor"},{"angle":45,"g":91,"time":521,"r":51,"color":3,"b":98,"type":"setColor"},{"g":13,"r":9,"angle":45,"color":3,"time":521.75,"duration":0.25,"b":13,"type":"setColor"},{"angle":45,"g":51,"time":521.5,"r":98,"color":3,"b":51,"type":"setColor"},{"g":13,"r":9,"angle":45,"color":3,"time":522.25,"duration":0.25,"b":13,"type":"setColor"},{"angle":45,"g":91,"time":522,"r":51,"color":3,"b":98,"type":"setColor"},{"g":13,"r":9,"angle":45,"color":3,"time":522.75,"duration":0.25,"b":13,"type":"setColor"},{"angle":45,"g":91,"time":522.5,"r":51,"color":3,"b":98,"type":"setColor"},{"g":13,"r":9,"angle":45,"color":3,"time":524,"duration":0.25,"b":13,"type":"setColor"},{"angle":45,"g":91,"time":523.75,"r":51,"color":3,"b":98,"type":"setColor"},{"g":13,"r":9,"angle":45,"color":3,"time":525,"duration":0.25,"b":13,"type":"setColor"},{"angle":45,"g":91,"time":524.75,"r":51,"color":3,"b":98,"type":"setColor"},{"g":13,"r":9,"angle":45,"color":3,"time":525.75,"duration":0.25,"b":13,"type":"setColor"},{"b":51,"g":51,"time":525.5,"type":"setColor","color":3,"angle":45,"r":98},{"g":13,"r":9,"angle":45,"color":3,"time":526.5,"duration":0.25,"b":13,"type":"setColor"},{"angle":45,"g":91,"time":526.25,"r":51,"color":3,"b":98,"type":"setColor"},{"g":13,"r":9,"angle":45,"color":3,"time":527.25,"duration":0.25,"b":13,"type":"setColor"},{"angle":45,"g":91,"time":527,"r":51,"color":3,"b":98,"type":"setColor"},{"g":13,"r":9,"angle":45,"color":3,"time":527.75,"duration":0.25,"b":13,"type":"setColor"},{"angle":45,"g":91,"time":527.5,"r":51,"color":3,"b":98,"type":"setColor"},{"g":13,"r":9,"angle":45,"color":3,"time":529.25,"duration":0.25,"b":13,"type":"setColor"},{"angle":45,"g":91,"time":529,"r":51,"color":3,"b":98,"type":"setColor"},{"g":13,"r":9,"angle":45,"color":3,"time":529.75,"duration":0.25,"b":13,"type":"setColor"},{"angle":45,"g":51,"time":529.5,"r":98,"color":3,"b":51,"type":"setColor"},{"g":13,"r":9,"angle":45,"color":3,"time":530.25,"duration":0.25,"b":13,"type":"setColor"},{"angle":45,"g":91,"time":530,"r":51,"color":3,"b":98,"type":"setColor"},{"g":13,"r":9,"angle":45,"color":3,"time":530.75,"duration":0.25,"b":13,"type":"setColor"},{"angle":22.5,"g":91,"time":530.5,"r":51,"color":3,"b":98,"type":"setColor"},{"g":13,"r":9,"angle":45,"color":3,"time":532,"duration":0.25,"b":13,"type":"setColor"},{"angle":45,"g":91,"time":531.75,"r":51,"color":3,"b":98,"type":"setColor"},{"g":13,"r":9,"angle":45,"color":3,"time":533,"duration":0.25,"b":13,"type":"setColor"},{"angle":45,"g":91,"time":532.75,"r":51,"color":3,"b":98,"type":"setColor"},{"g":13,"r":9,"angle":45,"color":3,"time":533.75,"duration":0.25,"b":13,"type":"setColor"},{"b":51,"g":51,"time":533.5,"type":"setColor","color":3,"angle":45,"r":98},{"g":13,"r":9,"angle":45,"color":3,"time":534.5,"duration":0.25,"b":13,"type":"setColor"},{"angle":45,"g":91,"time":534.25,"r":51,"color":3,"b":98,"type":"setColor"},{"g":13,"r":9,"angle":45,"color":3,"time":535.25,"duration":0.25,"b":13,"type":"setColor"},{"angle":45,"g":91,"time":535,"r":51,"color":3,"b":98,"type":"setColor"},{"g":13,"r":9,"angle":45,"color":3,"time":535.75,"duration":0.25,"b":13,"type":"setColor"},{"angle":45,"g":91,"time":535.5,"r":51,"color":3,"b":98,"type":"setColor"},{"g":13,"r":9,"angle":45,"color":3,"time":537.25,"duration":0.25,"b":13,"type":"setColor"},{"angle":45,"g":91,"time":537,"r":51,"color":3,"b":98,"type":"setColor"},{"g":13,"r":9,"angle":45,"color":3,"time":537.75,"duration":0.25,"b":13,"type":"setColor"},{"angle":45,"g":51,"time":537.5,"r":98,"color":3,"b":51,"type":"setColor"},{"g":13,"r":9,"angle":45,"color":3,"time":538.25,"duration":0.25,"b":13,"type":"setColor"},{"angle":45,"g":91,"time":538,"r":51,"color":3,"b":98,"type":"setColor"},{"g":13,"r":9,"angle":45,"color":3,"time":538.75,"duration":0.25,"b":13,"type":"setColor"},{"angle":45,"g":91,"time":538.5,"r":51,"color":3,"b":98,"type":"setColor"},{"g":13,"r":9,"angle":45,"color":3,"time":540,"duration":0.25,"b":13,"type":"setColor"},{"angle":45,"g":91,"time":539.75,"r":51,"color":3,"b":98,"type":"setColor"},{"g":13,"r":9,"angle":45,"color":3,"time":541,"duration":0.25,"b":13,"type":"setColor"},{"angle":45,"g":91,"time":540.75,"r":51,"color":3,"b":98,"type":"setColor"},{"g":13,"r":9,"angle":45,"color":3,"time":541.75,"duration":0.25,"b":13,"type":"setColor"},{"b":51,"g":51,"time":541.5,"type":"setColor","color":3,"angle":45,"r":98},{"g":13,"r":9,"angle":45,"color":3,"time":542.5,"duration":0.25,"b":13,"type":"setColor"},{"angle":45,"g":91,"time":542.25,"r":51,"color":3,"b":98,"type":"setColor"},{"g":13,"r":9,"angle":45,"color":3,"time":543.25,"duration":0.25,"b":13,"type":"setColor"},{"angle":45,"g":91,"time":543,"r":51,"color":3,"b":98,"type":"setColor"},{"g":13,"r":9,"angle":45,"color":3,"time":543.75,"duration":0.25,"b":13,"type":"setColor"},{"b":98,"g":91,"time":543.5,"type":"setColor","color":3,"angle":45,"r":51},{"g":13,"r":9,"angle":45,"color":3,"time":545.25,"duration":0.25,"b":13,"type":"setColor"},{"b":98,"g":91,"time":545,"type":"setColor","color":3,"angle":45,"r":51},{"g":13,"r":9,"angle":45,"color":3,"time":545.75,"duration":0.25,"b":13,"type":"setColor"},{"b":51,"g":51,"time":545.5,"type":"setColor","color":3,"angle":45,"r":98},{"g":13,"r":9,"angle":45,"color":3,"time":546.25,"duration":0.25,"b":13,"type":"setColor"},{"b":98,"g":91,"time":546,"type":"setColor","color":3,"angle":45,"r":51},{"g":13,"r":9,"angle":45,"color":3,"time":546.75,"duration":0.25,"b":13,"type":"setColor"},{"b":98,"g":91,"time":546.5,"type":"setColor","color":3,"angle":45,"r":51},{"g":13,"r":9,"angle":45,"color":3,"time":548,"duration":0.25,"b":13,"type":"setColor"},{"b":98,"g":91,"time":547.75,"type":"setColor","color":3,"angle":45,"r":51},{"g":13,"r":9,"angle":45,"color":3,"time":549,"duration":0.25,"b":13,"type":"setColor"},{"b":98,"g":91,"time":548.75,"type":"setColor","color":3,"angle":45,"r":51},{"g":13,"r":9,"angle":45,"color":3,"time":549.75,"duration":0.25,"b":13,"type":"setColor"},{"angle":45,"g":51,"time":549.5,"type":"setColor","color":3,"b":51,"r":98},{"g":13,"r":9,"angle":45,"color":3,"time":550.5,"duration":0.25,"b":13,"type":"setColor"},{"b":98,"g":91,"time":550.25,"type":"setColor","color":3,"angle":45,"r":51},{"g":13,"r":9,"angle":45,"color":3,"time":551.25,"duration":0.25,"b":13,"type":"setColor"},{"b":98,"g":91,"time":551,"type":"setColor","color":3,"angle":45,"r":51},{"g":13,"r":9,"angle":45,"color":3,"time":551.75,"duration":0.25,"b":13,"type":"setColor"},{"b":98,"g":91,"time":551.5,"type":"setColor","color":3,"angle":45,"r":51},{"g":13,"r":9,"angle":45,"color":3,"time":553.25,"duration":0.25,"b":13,"type":"setColor"},{"b":98,"g":91,"time":553,"type":"setColor","color":3,"angle":45,"r":51},{"g":13,"r":9,"angle":45,"color":3,"time":553.75,"duration":0.25,"b":13,"type":"setColor"},{"b":51,"g":51,"time":553.5,"type":"setColor","color":3,"angle":45,"r":98},{"g":13,"r":9,"angle":45,"color":3,"time":554.25,"duration":0.25,"b":13,"type":"setColor"},{"b":98,"g":91,"time":554,"type":"setColor","color":3,"angle":45,"r":51},{"g":13,"r":9,"angle":45,"color":3,"time":554.75,"duration":0.25,"b":13,"type":"setColor"},{"b":98,"g":91,"time":554.5,"type":"setColor","color":3,"angle":45,"r":51},{"g":13,"r":9,"angle":45,"color":3,"time":556,"duration":0.25,"b":13,"type":"setColor"},{"b":98,"g":91,"time":555.75,"type":"setColor","color":3,"angle":45,"r":51},{"g":13,"r":9,"angle":45,"color":3,"time":557,"duration":0.25,"b":13,"type":"setColor"},{"b":98,"g":91,"time":556.75,"type":"setColor","color":3,"angle":45,"r":51},{"g":13,"r":9,"angle":45,"color":3,"time":557.75,"duration":0.25,"b":13,"type":"setColor"},{"angle":45,"g":51,"time":557.5,"type":"setColor","color":3,"b":51,"r":98},{"g":13,"r":9,"angle":22.5,"color":3,"time":558.5,"duration":0.25,"b":13,"type":"setColor"},{"b":98,"g":91,"time":558.25,"r":51,"color":3,"angle":45,"type":"setColor"},{"g":13,"r":9,"angle":45,"color":3,"time":559.25,"duration":0.25,"b":13,"type":"setColor"},{"b":98,"g":91,"time":559,"type":"setColor","color":3,"angle":45,"r":51},{"g":13,"r":9,"angle":45,"color":3,"time":559.75,"duration":0.25,"b":13,"type":"setColor"},{"b":98,"g":91,"time":559.5,"type":"setColor","color":3,"angle":45,"r":51},{"g":13,"r":9,"angle":45,"color":3,"time":561.25,"duration":0.25,"b":13,"type":"setColor"},{"b":98,"g":91,"time":561,"type":"setColor","color":3,"angle":45,"r":51},{"g":13,"r":9,"angle":45,"color":3,"time":561.75,"duration":0.25,"b":13,"type":"setColor"},{"b":51,"g":51,"time":561.5,"type":"setColor","color":3,"angle":45,"r":98},{"g":13,"r":9,"angle":45,"color":3,"time":562.25,"duration":0.25,"b":13,"type":"setColor"},{"b":98,"g":91,"time":562,"type":"setColor","color":3,"angle":45,"r":51},{"g":13,"r":9,"angle":45,"color":3,"time":562.75,"duration":0.25,"b":13,"type":"setColor"},{"b":98,"g":91,"time":562.5,"type":"setColor","color":3,"angle":45,"r":51},{"g":13,"r":9,"angle":45,"color":3,"time":564,"duration":0.25,"b":13,"type":"setColor"},{"b":98,"g":91,"time":563.75,"type":"setColor","color":3,"angle":45,"r":51},{"g":13,"r":9,"angle":45,"color":3,"time":565,"duration":0.25,"b":13,"type":"setColor"},{"b":98,"g":91,"time":564.75,"type":"setColor","color":3,"angle":45,"r":51},{"g":13,"r":9,"angle":45,"color":3,"time":565.75,"duration":0.25,"b":13,"type":"setColor"},{"angle":45,"g":51,"time":565.5,"type":"setColor","color":3,"b":51,"r":98},{"g":13,"r":9,"angle":45,"color":3,"time":566.5,"duration":0.25,"b":13,"type":"setColor"},{"b":98,"g":91,"time":566.25,"type":"setColor","color":3,"angle":45,"r":51},{"g":13,"r":9,"angle":45,"color":3,"time":567.25,"duration":0.25,"b":13,"type":"setColor"},{"b":98,"g":91,"time":567,"type":"setColor","color":3,"angle":45,"r":51},{"g":13,"r":9,"angle":45,"color":3,"time":567.75,"duration":0.25,"b":13,"type":"setColor"},{"b":98,"g":91,"time":567.5,"type":"setColor","color":3,"angle":45,"r":51},{"g":13,"r":9,"angle":45,"color":3,"time":569.25,"duration":0.25,"b":13,"type":"setColor"},{"b":98,"g":91,"time":569,"type":"setColor","color":3,"angle":45,"r":51},{"g":13,"r":9,"angle":45,"color":3,"time":569.75,"duration":0.25,"b":13,"type":"setColor"},{"b":51,"g":51,"time":569.5,"type":"setColor","color":3,"angle":45,"r":98},{"g":13,"r":9,"angle":45,"color":3,"time":570.25,"duration":0.25,"b":13,"type":"setColor"},{"b":98,"g":91,"time":570,"type":"setColor","color":3,"angle":45,"r":51},{"g":13,"r":9,"angle":45,"color":3,"time":570.75,"duration":0.25,"b":13,"type":"setColor"},{"b":98,"g":91,"time":570.5,"type":"setColor","color":3,"angle":45,"r":51},{"g":13,"r":9,"angle":45,"color":3,"time":572,"duration":0.25,"b":13,"type":"setColor"},{"b":98,"g":91,"time":571.75,"type":"setColor","color":3,"angle":45,"r":51},{"g":13,"r":9,"angle":45,"color":3,"time":573,"duration":0.25,"b":13,"type":"setColor"},{"b":98,"g":91,"time":572.75,"type":"setColor","color":3,"angle":45,"r":51},{"g":13,"r":9,"angle":45,"color":3,"time":573.75,"duration":0.25,"b":13,"type":"setColor"},{"angle":22.5,"g":51,"time":573.5,"r":98,"color":3,"b":51,"type":"setColor"},{"g":13,"r":9,"angle":45,"color":3,"time":574.5,"duration":0.25,"b":13,"type":"setColor"},{"b":98,"g":91,"time":574.25,"type":"setColor","color":3,"angle":45,"r":51},{"g":13,"r":9,"angle":45,"color":3,"time":575.25,"duration":0.25,"b":13,"type":"setColor"},{"b":98,"g":91,"time":575,"type":"setColor","color":3,"angle":45,"r":51},{"g":13,"r":9,"angle":45,"color":3,"time":575.75,"duration":0.25,"b":13,"type":"setColor"},{"b":98,"g":91,"time":575.5,"type":"setColor","color":3,"angle":45,"r":51},{"g":13,"r":9,"angle":45,"color":3,"time":577.25,"duration":0.25,"b":13,"type":"setColor"},{"b":98,"g":91,"time":577,"type":"setColor","color":3,"angle":45,"r":51},{"g":13,"r":9,"angle":45,"color":3,"time":577.75,"duration":0.25,"b":13,"type":"setColor"},{"b":51,"g":51,"time":577.5,"type":"setColor","color":3,"angle":45,"r":98},{"g":13,"r":9,"angle":45,"color":3,"time":578.25,"duration":0.25,"b":13,"type":"setColor"},{"b":98,"g":91,"time":578,"type":"setColor","color":3,"angle":45,"r":51},{"g":13,"r":9,"angle":45,"color":3,"time":578.75,"duration":0.25,"b":13,"type":"setColor"},{"b":98,"g":91,"time":578.5,"r":51,"color":3,"angle":22.5,"type":"setColor"},{"g":13,"r":9,"angle":45,"color":3,"time":580,"duration":0.25,"b":13,"type":"setColor"},{"b":98,"g":91,"time":579.75,"type":"setColor","color":3,"angle":45,"r":51},{"g":13,"r":9,"angle":45,"color":3,"time":581,"duration":0.25,"b":13,"type":"setColor"},{"b":98,"g":91,"time":580.75,"type":"setColor","color":3,"angle":45,"r":51},{"g":13,"r":9,"angle":45,"color":3,"time":581.75,"duration":0.25,"b":13,"type":"setColor"},{"angle":45,"g":51,"time":581.5,"type":"setColor","color":3,"b":51,"r":98},{"g":13,"r":9,"angle":45,"color":3,"time":582.5,"duration":0.25,"b":13,"type":"setColor"},{"b":98,"g":91,"time":582.25,"type":"setColor","color":3,"angle":45,"r":51},{"g":13,"r":9,"angle":45,"color":3,"time":583.25,"duration":0.25,"b":13,"type":"setColor"},{"b":98,"g":91,"time":583,"type":"setColor","color":3,"angle":45,"r":51},{"g":13,"r":9,"angle":45,"color":3,"time":583.75,"duration":0.25,"b":13,"type":"setColor"},{"b":98,"g":91,"time":583.5,"type":"setColor","color":3,"angle":22.5,"r":51},{"g":13,"r":9,"angle":45,"color":3,"time":585.25,"duration":0.25,"b":13,"type":"setColor"},{"b":98,"g":91,"time":585,"type":"setColor","color":3,"angle":45,"r":51},{"g":13,"r":9,"angle":45,"color":3,"time":585.75,"duration":0.25,"b":13,"type":"setColor"},{"b":51,"g":51,"time":585.5,"type":"setColor","color":3,"angle":45,"r":98},{"g":13,"r":9,"angle":45,"color":3,"time":586.25,"duration":0.25,"b":13,"type":"setColor"},{"b":98,"g":91,"time":586,"type":"setColor","color":3,"angle":45,"r":51},{"g":13,"r":9,"angle":45,"color":3,"time":586.75,"duration":0.25,"b":13,"type":"setColor"},{"b":98,"g":91,"time":586.5,"type":"setColor","color":3,"angle":45,"r":51},{"g":13,"r":9,"angle":45,"color":3,"time":588,"duration":0.25,"b":13,"type":"setColor"},{"b":98,"g":91,"time":587.75,"type":"setColor","color":3,"angle":45,"r":51},{"g":13,"r":9,"angle":45,"color":3,"time":589,"duration":0.25,"b":13,"type":"setColor"},{"b":98,"g":91,"time":588.75,"type":"setColor","color":3,"angle":45,"r":51},{"g":13,"r":9,"angle":45,"color":3,"time":589.75,"duration":0.25,"b":13,"type":"setColor"},{"angle":45,"g":51,"time":589.5,"type":"setColor","color":3,"b":51,"r":98},{"g":13,"r":9,"angle":45,"color":3,"time":590.5,"duration":0.25,"b":13,"type":"setColor"},{"b":98,"g":91,"time":590.25,"type":"setColor","color":3,"angle":45,"r":51},{"g":13,"r":9,"angle":45,"color":3,"time":591.25,"duration":0.25,"b":13,"type":"setColor"},{"b":98,"g":91,"time":591,"type":"setColor","color":3,"angle":45,"r":51},{"var":"p.x","time":588,"ease":"inOutSine","value":300,"duration":3.5,"angle":0,"type":"ease"},{"b":255,"g":255,"time":591.5,"r":255,"color":3,"angle":45,"type":"setColor"},{"angle":22.5,"g":255,"time":591.5,"type":"setColor","color":2,"b":255,"r":255},{"g":0,"r":0,"angle":0,"color":2,"time":591.75,"duration":1.5,"b":0,"type":"setColor"},{"g":0,"r":0,"duration":1.5,"color":3,"time":591.75,"angle":22.5,"b":0,"type":"setColor"},{"g":255,"r":255,"duration":0.25,"color":1,"time":591.5,"angle":337.5,"b":255,"type":"setColor"},{"var":"vfx.hwaves.strength","time":591.5,"value":0,"duration":0.5,"angle":315,"type":"ease"},{"time":622.5,"spriteName":"happy","angle":22.5,"type":"forcePlayerSprite"},{"g":255,"r":255,"duration":1,"color":2,"time":622.5,"angle":337.5,"b":255,"type":"setColor"},{"time":628,"angle":360,"type":"showResults"}]}