{ "frames": {
   "360.png": {
    "frame": { "x": 0, "y": 0, "w": 360, "h": 360 },
    "rotated": false,
    "trimmed": false,
    "spriteSourceSize": { "x": 0, "y": 0, "w": 360, "h": 360 },
    "sourceSize": { "w": 360, "h": 360 },
    "duration": 100
   }
 },
 "meta": {
  "app": "http://www.aseprite.org/",
  "version": "1.2.15-x64",
  "format": "RGBA8888",
  "size": { "w": 360, "h": 360 },
  "scale": "1",
  "frameTags": [
  ],
  "layers": [
   { "name": "Layer", "opacity": 255, "blendMode": "normal" }
  ],
  "slices": [
  ]
 }
}
