[{"type":"block","time":0,"angle":270,"tap":true},{"type":"block","time":0.5,"angle":78.75,"tap":true},{"type":"block","time":1,"angle":281.25,"tap":true},{"angle":56.25,"type":"block","time":1.5},{"angle":157.5,"type":"block","time":1.75},{"angle":247.5,"type":"block","time":2},{"angle":472.5,"type":"block","time":3},{"angle":292.5,"type":"block","time":2.25},{"angle":157.5,"type":"block","time":2.75},{"angle":90,"type":"block","time":3.25},{"angle":270,"type":"block","time":3.75},{"angle":-67.5,"type":"block","time":4},{"angle":101.25,"type":"block","time":5},{"angle":247.5,"type":"block","time":4.25},{"angle":67.5,"type":"block","time":4.75},{"angle":45,"type":"block","time":5.25},{"angle":247.5,"type":"block","time":5.75},{"angle":270,"type":"block","time":6},{"angle":326.25,"type":"block","time":7},{"angle":236.25,"type":"block","time":6.25},{"angle":33.75,"type":"block","time":6.75},{"angle":0,"type":"block","time":7.25},{"angle":213.75,"type":"block","time":7.75},{"angle":168.75,"type":"block","time":8},{"angle":337.5,"type":"block","time":9},{"angle":225,"type":"block","time":8.25},{"angle":33.75,"type":"block","time":8.75},{"angle":33.75,"type":"block","time":9.25},{"angle":236.25,"type":"block","time":9.75},{"angle":168.75,"type":"block","time":10},{"angle":258.75,"type":"block","time":11},{"angle":123.75,"type":"block","time":10.25},{"angle":292.5,"type":"block","time":10.75},{"angle":326.25,"type":"block","time":11.25},{"angle":123.75,"type":"block","time":11.75},{"angle":180,"type":"block","time":12},{"angle":33.75,"type":"block","time":13},{"angle":236.25,"type":"block","time":12.25},{"angle":67.5,"type":"block","time":12.75},{"angle":101.25,"type":"block","time":13.25},{"angle":281.25,"type":"block","time":13.75},{"angle":236.25,"type":"block","time":14},{"angle":146.25,"type":"block","time":14.5},{"type":"block","time":14.75,"angle":225,"tap":true},{"angle":146.25,"type":"block","time":15.5},{"angle":101.25,"type":"block","time":15.25},{"angle":191.25,"type":"block","time":15.75},{"angle":191.25,"type":"block","time":14.25},{"angle":157.5,"type":"block","time":30.5},{"type":"block","time":30.75,"angle":56.25,"tap":true},{"angle":78.75,"type":"block","time":31.5},{"angle":146.25,"type":"block","time":31.25},{"angle":22.5,"type":"block","time":31.75},{"angle":123.75,"type":"block","time":30.25},{"angle":247.5,"type":"block","time":34.5},{"angle":337.5,"type":"block","time":35},{"angle":303.75,"type":"block","time":34.25},{"angle":292.5,"type":"block","time":34.75},{"angle":292.5,"type":"block","time":35.25},{"angle":247.5,"type":"block","time":35.5},{"angle":292.5,"type":"block","time":35.75},{"angle":337.5,"type":"block","time":36},{"angle":22.5,"type":"block","time":36.25},{"angle":67.5,"type":"block","time":36.5},{"angle":22.5,"type":"block","time":36.75},{"angle":337.5,"type":"block","time":37},{"angle":22.5,"type":"block","time":37.25},{"angle":67.5,"type":"block","time":37.5},{"angle":348.75,"type":"block","time":37.75},{"angle":281.25,"type":"block","time":38},{"angle":270,"type":"block","time":38.5},{"angle":180,"type":"block","time":39},{"angle":315,"type":"block","time":38.25},{"angle":225,"type":"block","time":38.75},{"angle":135,"type":"block","time":39.25},{"angle":90,"type":"block","time":39.5},{"angle":33.75,"type":"block","time":39.75},{"angle":90,"type":"block","time":40},{"angle":45,"type":"block","time":40.25},{"angle":90,"type":"block","time":40.5},{"angle":135,"type":"block","time":40.75},{"angle":90,"type":"block","time":41},{"angle":45,"type":"block","time":41.25},{"angle":101.25,"type":"block","time":41.5},{"angle":135,"type":"block","time":41.75},{"angle":67.5,"type":"block","time":42},{"angle":315,"type":"block","time":42.5},{"angle":202.5,"type":"block","time":43},{"angle":11.25,"type":"block","time":42.25},{"angle":258.75,"type":"block","time":42.75},{"angle":258.75,"type":"block","time":43.25},{"angle":315,"type":"block","time":43.5},{"angle":11.25,"type":"block","time":43.75},{"angle":315,"type":"block","time":44},{"angle":258.75,"type":"block","time":44.25},{"angle":315,"type":"block","time":44.5},{"angle":11.25,"type":"block","time":44.75},{"angle":67.5,"type":"block","time":45},{"angle":0,"type":"block","time":45.5},{"angle":360,"type":"block","time":46},{"angle":236.25,"type":"block","time":47},{"angle":360,"type":"block","time":47.5},{"angle":101.25,"type":"block","time":48},{"angle":258.75,"type":"block","time":54.5},{"angle":11.25,"type":"block","time":55},{"angle":292.5,"type":"block","time":54.25},{"angle":315,"type":"block","time":54.75},{"angle":90,"type":"block","time":55.25},{"angle":146.25,"type":"block","time":55.5},{"angle":90,"type":"block","time":55.75},{"angle":33.75,"type":"block","time":56},{"angle":90,"type":"block","time":57.75},{"angle":123.75,"type":"block","time":58.5},{"angle":78.75,"type":"block","time":58.25},{"angle":180,"type":"block","time":58.75},{"angle":0,"type":"block","time":60.5},{"angle":56.25,"type":"block","time":60.25},{"angle":303.75,"type":"block","time":60.75},{"angle":247.5,"type":"block","time":61},{"angle":326.25,"type":"block","time":61.5},{"angle":326.25,"type":"block","time":62},{"angle":258.75,"type":"block","time":63},{"angle":326.25,"type":"block","time":63.5},{"angle":247.5,"type":"block","time":64},{"angle":146.25,"type":"block","time":65},{"angle":45,"type":"block","time":79.5},{"angle":337.5,"type":"block","time":81},{"angle":135,"type":"block","time":81.5},{"angle":22.5,"type":"block","time":101},{"angle":281.25,"type":"block","time":100.5},{"angle":123.75,"type":"block","time":101.5},{"angle":45,"type":"block","time":102},{"angle":315,"type":"block","time":102.75},{"angle":258.75,"type":"block","time":103.5},{"angle":315,"type":"block","time":105},{"angle":56.25,"type":"block","time":106},{"angle":22.5,"type":"block","time":109},{"angle":292.5,"type":"block","time":108.5},{"angle":123.75,"type":"block","time":109.5},{"angle":202.5,"type":"block","time":110},{"angle":146.25,"type":"block","time":110.75},{"angle":315,"type":"block","time":111.5},{"angle":247.5,"type":"block","time":112.5},{"angle":157.5,"type":"block","time":113},{"angle":90,"type":"block","time":113.5},{"type":"block","time":114,"angle":360,"tap":true},{"type":"block","time":116.5,"angle":247.5,"tap":true},{"type":"block","time":117,"angle":326.25,"tap":true},{"type":"block","time":117.5,"angle":45,"tap":true},{"type":"block","time":118,"angle":292.5,"tap":true},{"type":"block","time":118.75,"angle":22.5,"tap":true},{"type":"block","time":119.5,"angle":236.25,"tap":true},{"type":"block","time":121,"angle":303.75,"tap":true},{"type":"block","time":122,"angle":303.75,"tap":true},{"type":"block","time":124.5,"angle":258.75,"tap":true},{"type":"block","time":125,"angle":191.25,"tap":true},{"type":"block","angle":146.25,"time":125.5,"tap":true},{"type":"block","time":126,"angle":247.5,"tap":true},{"type":"block","time":128,"angle":348.75,"tap":true},{"type":"block","time":130,"angle":135,"tap":true},{"type":"block","time":133,"angle":180,"tap":true},{"type":"block","time":132.5,"angle":247.5,"tap":true},{"type":"block","time":133.5,"angle":112.5,"tap":true},{"type":"block","time":134,"angle":213.75,"tap":true},{"type":"block","time":134.75,"angle":281.25,"tap":true},{"type":"block","time":135.5,"angle":281.25,"tap":true},{"type":"block","time":137,"angle":337.5,"tap":true},{"type":"block","time":138,"angle":67.5,"tap":true},{"type":"block","time":140.5,"angle":247.5,"tap":true},{"type":"block","time":141,"angle":326.25,"tap":true},{"type":"block","time":141.5,"angle":67.5,"tap":true},{"type":"block","time":142,"angle":135,"tap":true},{"type":"block","time":142.75,"angle":225,"tap":true},{"type":"block","time":143.5,"angle":11.25,"tap":true},{"type":"block","time":144.5,"angle":258.75,"tap":true},{"type":"block","time":145,"angle":191.25,"tap":true},{"type":"block","time":145.5,"angle":123.75,"tap":true},{"type":"block","time":146,"angle":56.25,"tap":true},{"type":"block","time":148.5,"angle":247.5,"tap":true},{"type":"block","time":149,"angle":303.75,"tap":true},{"type":"block","time":149.5,"angle":360,"tap":true},{"type":"block","time":150,"angle":258.75,"tap":true},{"type":"block","time":150.75,"angle":11.25,"tap":true},{"type":"block","time":151.5,"angle":281.25,"tap":true},{"type":"block","time":153,"angle":213.75,"tap":true},{"type":"block","time":154,"angle":281.25,"tap":true},{"type":"block","time":156.5,"angle":236.25,"tap":true},{"type":"block","time":157,"angle":146.25,"tap":true},{"type":"block","time":157.5,"angle":90,"tap":true},{"type":"block","time":158,"angle":11.25,"tap":true},{"type":"block","time":160,"angle":360,"tap":true},{"angle":315,"type":"block","time":1.125},{"angle":348.75,"type":"block","time":1.25},{"type":"side","time":2.5,"angle":225,"tap":true},{"type":"side","time":3.5,"angle":180,"tap":true},{"type":"side","time":4.5,"angle":337.5,"tap":true},{"type":"side","time":5.5,"angle":292.5,"tap":true},{"type":"side","time":6.5,"angle":315,"tap":true},{"type":"side","time":7.5,"angle":281.25,"tap":true},{"type":"side","time":8.5,"angle":101.25,"tap":true},{"type":"side","time":9.5,"angle":303.75,"tap":true},{"type":"side","time":10.5,"angle":22.5,"tap":true},{"type":"side","time":11.5,"angle":56.25,"tap":true},{"type":"side","time":12.5,"angle":157.5,"tap":true},{"type":"side","time":13.5,"angle":202.5,"tap":true},{"angle":247.5,"type":"block","time":14},{"type":"block","time":14.75,"angle":236.25,"tap":true},{"angle":-528.75,"type":"block","time":19},{"angle":-348.75,"type":"block","time":18.25},{"angle":-213.75,"type":"block","time":18.75},{"angle":-146.25,"type":"block","time":19.25},{"angle":-326.25,"type":"block","time":19.75},{"angle":78.75,"type":"block","time":20},{"angle":-90,"type":"block","time":21},{"angle":-236.25,"type":"block","time":20.25},{"angle":-56.25,"type":"block","time":20.75},{"angle":-33.75,"type":"block","time":21.25},{"angle":-236.25,"type":"block","time":21.75},{"angle":-270,"type":"block","time":22},{"angle":45,"type":"block","time":23},{"angle":-225,"type":"block","time":22.25},{"angle":-22.5,"type":"block","time":22.75},{"angle":11.25,"type":"block","time":23.25},{"angle":-202.5,"type":"block","time":23.75},{"angle":-135,"type":"block","time":24},{"angle":56.25,"type":"block","time":25},{"angle":191.25,"type":"block","time":24.25},{"angle":348.75,"type":"block","time":24.75},{"angle":22.5,"type":"block","time":25.25},{"angle":-168.75,"type":"block","time":25.75},{"angle":-112.5,"type":"block","time":26},{"angle":-191.25,"type":"block","time":27},{"angle":-56.25,"type":"block","time":26.25},{"angle":-225,"type":"block","time":26.75},{"angle":-258.75,"type":"block","time":27.25},{"angle":-56.25,"type":"block","time":27.75},{"angle":-112.5,"type":"block","time":28},{"angle":56.25,"type":"block","time":29},{"angle":-168.75,"type":"block","time":28.25},{"angle":0,"type":"block","time":28.75},{"angle":-33.75,"type":"block","time":29.25},{"angle":-213.75,"type":"block","time":29.75},{"type":"side","time":18.5,"angle":-281.25,"tap":true},{"type":"side","time":19.5,"angle":-236.25,"tap":true},{"type":"side","time":20.5,"angle":-326.25,"tap":true},{"type":"side","time":21.5,"angle":-281.25,"tap":true},{"type":"side","time":22.5,"angle":45,"tap":true},{"type":"side","time":23.5,"angle":-270,"tap":true},{"type":"side","time":24.5,"angle":281.25,"tap":true},{"type":"side","time":25.5,"angle":-236.25,"tap":true},{"type":"side","time":26.5,"angle":45,"tap":true},{"type":"side","time":27.5,"angle":11.25,"tap":true},{"type":"side","time":28.5,"angle":-90,"tap":true},{"type":"side","time":29.5,"angle":-135,"tap":true},{"angle":56.25,"type":"block","time":30},{"angle":67.5,"type":"block","time":30},{"type":"block","time":30.75,"angle":67.5,"tap":true},{"holdEase":"inOutSine","angle2":-303.75,"type":"hold","time":32,"duration":0.5,"angle":-416.25},{"holdEase":"inOutSine","angle2":-450,"type":"hold","time":32.5,"duration":0.5,"angle":-303.75},{"holdEase":"inOutSine","angle2":-281.25,"type":"hold","time":33,"duration":0.5,"angle":-450},{"holdEase":"inOutSine","angle2":-450,"type":"hold","time":33.5,"duration":0.5,"angle":-281.25},{"angle":-123.75,"type":"block","time":50.25},{"angle":-213.75,"type":"block","time":50.75},{"angle":-180,"type":"block","time":50},{"angle":-168.75,"type":"block","time":50.5},{"angle":-168.75,"type":"block","time":51},{"angle":-123.75,"type":"block","time":51.25},{"angle":-168.75,"type":"block","time":51.5},{"angle":-213.75,"type":"block","time":51.75},{"angle":101.25,"type":"block","time":52},{"angle":56.25,"type":"block","time":52.25},{"angle":101.25,"type":"block","time":52.5},{"angle":-213.75,"type":"block","time":52.75},{"angle":101.25,"type":"block","time":53},{"angle":56.25,"type":"block","time":53.25},{"angle":-247.5,"type":"block","time":53.5},{"angle":-180,"type":"block","time":53.75},{"angle":236.25,"type":"block","time":54},{"angle":-11.25,"type":"block","time":56.25},{"angle":33.75,"type":"block","time":56.5},{"angle":-281.25,"type":"block","time":56.75},{"angle":33.75,"type":"block","time":57},{"angle":-11.25,"type":"block","time":57.25},{"angle":33.75,"type":"block","time":57.5},{"angle":135,"type":"block","time":58},{"angle2":348.75,"type":"hold","angle":236.25,"time":59,"duration":0.75},{"holdEase":"outSine","angle2":-281.25,"angle":146.25,"type":"hold","time":66,"startTap":true,"duration":1.5},{"holdEase":"outSine","angle2":258.75,"angle":78.75,"type":"hold","time":67.5,"startTap":true,"duration":0.5},{"holdEase":"outSine","angle2":-78.75,"angle":258.75,"type":"hold","time":68,"startTap":true,"duration":1.5},{"holdEase":"outSine","angle2":416.25,"angle":281.25,"type":"hold","time":69.5,"startTap":true,"duration":0.5},{"holdEase":"outSine","angle2":-326.25,"angle":56.25,"type":"hold","time":70,"startTap":true,"duration":1},{"holdEase":"outSine","angle2":191.25,"angle":33.75,"type":"hold","time":71,"startTap":true,"duration":0.5},{"holdEase":"outSine","angle2":11.25,"angle":191.25,"type":"hold","time":71.5,"startTap":true,"duration":0.5},{"holdEase":"outSine","angle2":596.25,"angle":11.25,"type":"hold","time":72,"startTap":true,"duration":2},{"holdEase":"outSine","angle2":11.25,"angle":236.25,"type":"hold","time":74,"startTap":true,"duration":1},{"holdEase":"outSine","angle2":157.5,"angle":11.25,"type":"hold","time":75,"startTap":true,"duration":0.5},{"holdEase":"outSine","angle2":22.5,"angle":157.5,"type":"hold","time":75.5,"startTap":true,"duration":0.5},{"holdEase":"outSine","angle2":427.5,"angle":22.5,"type":"hold","time":76,"startTap":true,"duration":1},{"type":"hold","duration":1,"startTap":true,"endTap":true,"holdEase":"outSine","angle2":-78.75,"time":77,"angle":67.5},{"holdEase":"outSine","angle2":348.75,"angle":247.5,"type":"hold","time":16,"startTap":true,"duration":0.5},{"holdEase":"outSine","angle2":337.5,"angle":236.25,"type":"hold","time":16,"startTap":true,"duration":0.5},{"holdEase":"outSine","angle2":168.75,"type":"hold","duration":0.5,"time":16.5,"angle":337.5},{"holdEase":"outSine","angle2":157.5,"type":"hold","angle":348.75,"duration":0.5,"time":16.5},{"holdEase":"outSine","angle2":281.25,"type":"hold","duration":0.5,"angle":157.5,"time":17},{"holdEase":"outSine","angle2":281.25,"duration":0.5,"angle":168.75,"time":17,"type":"hold"},{"holdEase":"outSine","angle2":67.5,"angle":270,"time":17.5,"duration":0.5,"type":"hold"},{"holdEase":"outSine","angle2":78.75,"time":17.5,"duration":0.5,"angle":281.25,"type":"hold"},{"type":"block","time":78.5,"angle":101.25,"tap":true},{"type":"block","time":78.5,"angle":78.75,"tap":true},{"angle":90,"type":"block","time":78.5},{"type":"block","time":79,"angle":258.75,"tap":true},{"angle":247.5,"type":"block","time":79},{"type":"block","time":79,"angle":236.25,"tap":true},{"type":"block","time":79.5,"angle":56.25,"tap":true},{"type":"block","time":79.5,"angle":33.75,"tap":true},{"holdEase":"outSine","angle2":202.5,"type":"hold","time":79.75,"duration":0.75,"angle":315},{"angle":281.25,"type":"side","time":80.75},{"angle":56.25,"type":"side","time":81.25},{"angle":213.75,"type":"side","time":81.75},{"angle":33.75,"type":"block","time":95.5},{"angle":-281.25,"type":"block","time":97},{"angle":-78.75,"type":"block","time":97.5},{"angle":-225,"type":"block","time":98},{"type":"block","time":94.5,"angle":-22.5,"tap":true},{"type":"block","time":94.5,"angle":0,"tap":true},{"angle":-11.25,"type":"block","time":94.5},{"type":"block","time":95,"angle":-180,"tap":true},{"angle":-168.75,"type":"block","time":95},{"type":"block","time":95,"angle":-157.5,"tap":true},{"type":"block","time":95.5,"angle":22.5,"tap":true},{"type":"block","time":95.5,"angle":45,"tap":true},{"angle":-225,"type":"side","time":96.75},{"angle":0,"type":"side","time":97.25},{"angle":-157.5,"type":"side","time":97.75},{"type":"extraTap","angle":270,"speedMult":1.5,"time":66},{"type":"extraTap","time":82,"speedMult":1.5,"angle":78.75},{"type":"extraTap","angle":-146.25,"speedMult":1.5,"time":84},{"type":"extraTap","angle":90,"speedMult":1.5,"time":88},{"type":"hold","speedMult":2,"duration":1.5,"startTap":true,"holdEase":"outSine","angle2":-270,"angle":157.5,"time":66},{"type":"hold","speedMult":2,"duration":0.5,"startTap":true,"holdEase":"outSine","angle2":270,"angle":90,"time":67.5},{"type":"hold","speedMult":2,"duration":1.5,"startTap":true,"holdEase":"outSine","angle2":-67.5,"angle":270,"time":68},{"type":"hold","speedMult":2,"duration":0.5,"startTap":true,"holdEase":"outSine","angle2":427.5,"angle":292.5,"time":69.5},{"type":"hold","speedMult":2,"duration":1,"startTap":true,"holdEase":"outSine","angle2":-315,"angle":67.5,"time":70},{"type":"hold","speedMult":2,"duration":0.5,"startTap":true,"holdEase":"outSine","angle2":202.5,"angle":45,"time":71},{"type":"hold","speedMult":2,"duration":0.5,"startTap":true,"holdEase":"outSine","angle2":22.5,"angle":202.5,"time":71.5},{"type":"hold","speedMult":2,"duration":2,"startTap":true,"holdEase":"outSine","angle2":607.5,"angle":22.5,"time":72},{"type":"hold","speedMult":2,"duration":1,"startTap":true,"holdEase":"outSine","angle2":22.5,"angle":247.5,"time":74},{"type":"hold","speedMult":2,"duration":0.5,"startTap":true,"holdEase":"outSine","angle2":168.75,"angle":22.5,"time":75},{"type":"hold","speedMult":2,"duration":0.5,"startTap":true,"holdEase":"outSine","angle2":33.75,"angle":168.75,"time":75.5},{"type":"hold","speedMult":2,"duration":1,"startTap":true,"holdEase":"outSine","angle2":438.75,"angle":33.75,"time":76},{"type":"hold","speedMult":2,"duration":1,"startTap":true,"endTap":true,"holdEase":"outSine","angle2":-67.5,"angle":78.75,"time":77},{"holdEase":"outSine","angle2":213.75,"angle":326.25,"type":"hold","time":79.75,"startTap":true,"duration":0.75},{"type":"hold","speedMult":2,"duration":1.5,"startTap":true,"holdEase":"outSine","angle2":-292.5,"angle":135,"time":66},{"type":"hold","speedMult":2,"duration":0.5,"startTap":true,"holdEase":"outSine","angle2":247.5,"angle":67.5,"time":67.5},{"type":"hold","speedMult":2,"duration":1.5,"startTap":true,"holdEase":"outSine","angle2":-90,"angle":247.5,"time":68},{"type":"hold","speedMult":2,"duration":0.5,"startTap":true,"holdEase":"outSine","angle2":405,"angle":270,"time":69.5},{"type":"hold","speedMult":2,"duration":1,"startTap":true,"holdEase":"outSine","angle2":-337.5,"angle":45,"time":70},{"type":"hold","speedMult":2,"duration":0.5,"startTap":true,"holdEase":"outSine","angle2":180,"angle":22.5,"time":71},{"type":"hold","speedMult":2,"duration":0.5,"startTap":true,"holdEase":"outSine","angle2":0,"angle":180,"time":71.5},{"type":"hold","speedMult":2,"duration":2,"startTap":true,"holdEase":"outSine","angle2":585,"angle":0,"time":72},{"type":"hold","speedMult":2,"duration":1,"startTap":true,"holdEase":"outSine","angle2":0,"angle":225,"time":74},{"type":"hold","speedMult":2,"duration":0.5,"startTap":true,"holdEase":"outSine","angle2":146.25,"angle":0,"time":75},{"type":"hold","speedMult":2,"duration":0.5,"startTap":true,"holdEase":"outSine","angle2":11.25,"angle":146.25,"time":75.5},{"type":"hold","speedMult":2,"duration":1,"startTap":true,"holdEase":"outSine","angle2":416.25,"angle":11.25,"time":76},{"type":"hold","speedMult":2,"duration":1,"startTap":true,"endTap":true,"holdEase":"outSine","angle2":-90,"angle":56.25,"time":77},{"holdEase":"outSine","angle2":191.25,"angle":303.75,"type":"hold","time":79.75,"startTap":true,"duration":0.75},{"holdEase":"outSine","angle2":348.75,"angle":-78.75,"type":"hold","time":82,"startTap":true,"duration":1.5},{"holdEase":"outSine","angle2":-191.25,"angle":-11.25,"type":"hold","time":83.5,"startTap":true,"duration":0.5},{"holdEase":"outSine","angle2":146.25,"angle":-191.25,"type":"hold","time":84,"startTap":true,"duration":1.5},{"holdEase":"outSine","angle2":-348.75,"angle":-213.75,"type":"hold","time":85.5,"startTap":true,"duration":0.5},{"holdEase":"outSine","angle2":393.75,"angle":11.25,"type":"hold","time":86,"startTap":true,"duration":1},{"holdEase":"outSine","angle2":-123.75,"angle":33.75,"type":"hold","time":87,"startTap":true,"duration":0.5},{"holdEase":"outSine","angle2":56.25,"angle":-123.75,"type":"hold","time":87.5,"startTap":true,"duration":0.5},{"holdEase":"outSine","angle2":-528.75,"angle":56.25,"type":"hold","time":88,"startTap":true,"duration":2},{"holdEase":"outSine","angle2":56.25,"angle":-168.75,"type":"hold","time":90,"startTap":true,"duration":1},{"holdEase":"outSine","angle2":-90,"angle":56.25,"type":"hold","time":91,"startTap":true,"duration":0.5},{"holdEase":"outSine","angle2":45,"angle":-90,"type":"hold","time":91.5,"startTap":true,"duration":0.5},{"holdEase":"outSine","angle2":-360,"angle":45,"type":"hold","time":92,"startTap":true,"duration":1},{"type":"hold","duration":1,"startTap":true,"endTap":true,"holdEase":"outSine","angle2":146.25,"time":93,"angle":0},{"type":"hold","speedMult":2,"duration":1.5,"startTap":true,"holdEase":"outSine","angle2":337.5,"angle":-90,"time":82},{"type":"hold","speedMult":2,"duration":0.5,"startTap":true,"holdEase":"outSine","angle2":-202.5,"angle":-22.5,"time":83.5},{"type":"hold","speedMult":2,"duration":1.5,"startTap":true,"holdEase":"outSine","angle2":135,"angle":-202.5,"time":84},{"type":"hold","speedMult":2,"duration":0.5,"startTap":true,"holdEase":"outSine","angle2":-360,"angle":-225,"time":85.5},{"type":"hold","speedMult":2,"duration":1,"startTap":true,"holdEase":"outSine","angle2":382.5,"angle":0,"time":86},{"type":"hold","speedMult":2,"duration":0.5,"startTap":true,"holdEase":"outSine","angle2":-135,"angle":22.5,"time":87},{"type":"hold","speedMult":2,"duration":0.5,"startTap":true,"holdEase":"outSine","angle2":45,"angle":-135,"time":87.5},{"type":"hold","speedMult":2,"duration":2,"startTap":true,"holdEase":"outSine","angle2":-540,"angle":45,"time":88},{"type":"hold","speedMult":2,"duration":1,"startTap":true,"holdEase":"outSine","angle2":45,"angle":-180,"time":90},{"type":"hold","speedMult":2,"duration":0.5,"startTap":true,"holdEase":"outSine","angle2":-101.25,"angle":45,"time":91},{"type":"hold","speedMult":2,"duration":0.5,"startTap":true,"holdEase":"outSine","angle2":33.75,"angle":-101.25,"time":91.5},{"type":"hold","speedMult":2,"duration":1,"startTap":true,"holdEase":"outSine","angle2":-371.25,"angle":33.75,"time":92},{"type":"hold","speedMult":2,"duration":1,"startTap":true,"endTap":true,"holdEase":"outSine","angle2":135,"angle":-11.25,"time":93},{"type":"hold","speedMult":2,"duration":1.5,"startTap":true,"holdEase":"outSine","angle2":360,"angle":-67.5,"time":82},{"type":"hold","speedMult":2,"duration":0.5,"startTap":true,"holdEase":"outSine","angle2":-180,"angle":0,"time":83.5},{"type":"hold","speedMult":2,"duration":1.5,"startTap":true,"holdEase":"outSine","angle2":157.5,"angle":-180,"time":84},{"type":"hold","speedMult":2,"duration":0.5,"startTap":true,"holdEase":"outSine","angle2":-337.5,"angle":-202.5,"time":85.5},{"type":"hold","speedMult":2,"duration":1,"startTap":true,"holdEase":"outSine","angle2":405,"angle":22.5,"time":86},{"type":"hold","speedMult":2,"duration":0.5,"startTap":true,"holdEase":"outSine","angle2":-112.5,"angle":45,"time":87},{"type":"hold","speedMult":2,"duration":0.5,"startTap":true,"holdEase":"outSine","angle2":67.5,"angle":-112.5,"time":87.5},{"type":"hold","speedMult":2,"duration":2,"startTap":true,"holdEase":"outSine","angle2":-517.5,"angle":67.5,"time":88},{"type":"hold","speedMult":2,"duration":1,"startTap":true,"holdEase":"outSine","angle2":67.5,"angle":-157.5,"time":90},{"type":"hold","speedMult":2,"duration":0.5,"startTap":true,"holdEase":"outSine","angle2":-78.75,"angle":67.5,"time":91},{"type":"hold","speedMult":2,"duration":0.5,"startTap":true,"holdEase":"outSine","angle2":56.25,"angle":-78.75,"time":91.5},{"type":"hold","speedMult":2,"duration":1,"startTap":true,"holdEase":"outSine","angle2":-348.75,"angle":56.25,"time":92},{"type":"hold","speedMult":2,"duration":1,"startTap":true,"endTap":true,"holdEase":"outSine","angle2":157.5,"angle":11.25,"time":93},{"holdEase":"outSine","angle2":-112.5,"type":"hold","time":95.75,"duration":0.75,"angle":-225},{"holdEase":"outSine","angle2":-123.75,"duration":0.75,"type":"hold","time":95.75,"startTap":true,"angle":-236.25},{"holdEase":"outSine","angle2":-101.25,"angle":-213.75,"type":"hold","time":95.75,"startTap":true,"duration":0.75},{"angle":247.5,"type":"mine","time":98.25},{"angle":270,"type":"mine","time":98.5},{"angle":225,"type":"mine","time":98.75},{"angle":236.25,"type":"mine","time":99},{"angle":292.5,"type":"mine","time":98},{"angle":180,"type":"mine","time":99.25},{"angle":202.5,"type":"mine","time":99.5},{"angle":135,"type":"mine","time":99.75},{"angle":146.25,"type":"mine","time":100},{"angle":101.25,"type":"mine","time":100.25},{"angle":135,"type":"mine","time":100.5},{"angle":123.75,"type":"mine","time":100.75},{"angle":202.5,"type":"mine","time":101},{"angle":180,"type":"mine","time":101.25},{"angle":258.75,"type":"mine","time":101.5},{"angle":270,"type":"mine","time":102},{"angle":236.25,"type":"mine","time":101.75},{"angle":202.5,"type":"mine","time":102.25},{"angle":236.25,"type":"mine","time":102.5},{"angle":180,"type":"mine","time":102.75},{"angle":202.5,"type":"mine","time":103},{"angle":101.25,"type":"mine","time":103.25},{"angle":146.25,"type":"mine","time":103.5},{"angle":112.5,"type":"mine","time":103.75},{"angle":168.75,"type":"mine","time":104},{"angle":123.75,"type":"mine","time":104.25},{"angle":191.25,"type":"mine","time":104.5},{"angle":146.25,"type":"mine","time":104.75},{"angle":191.25,"type":"mine","time":105},{"angle":168.75,"type":"mine","time":105.25},{"angle":236.25,"type":"mine","time":105.5},{"angle":202.5,"type":"mine","time":105.75},{"angle":281.25,"type":"mine","time":106},{"angle":247.5,"type":"mine","time":106.25},{"angle":337.5,"type":"mine","time":106.5},{"angle":292.5,"type":"mine","time":106.75},{"angle":45,"type":"mine","time":107},{"angle":337.5,"type":"mine","time":107.25},{"angle":101.25,"type":"mine","time":107.5},{"angle":67.5,"type":"mine","time":107.75},{"angle":146.25,"type":"mine","time":108},{"angle":112.5,"type":"mine","time":108.25},{"angle":168.75,"type":"mine","time":108.5},{"angle":135,"type":"mine","time":108.75},{"angle":225,"type":"mine","time":109},{"angle":202.5,"type":"mine","time":109.25},{"angle":303.75,"type":"mine","time":109.5},{"angle":270,"type":"mine","time":109.75},{"angle":348.75,"type":"mine","time":110},{"angle":326.25,"type":"mine","time":110.25},{"angle":22.5,"type":"mine","time":110.5},{"angle":11.25,"type":"mine","time":110.75},{"angle":78.75,"type":"mine","time":111},{"angle":56.25,"type":"mine","time":111.25},{"angle":90,"type":"mine","time":111.5},{"angle":56.25,"type":"mine","time":111.75},{"angle":78.75,"type":"mine","time":112},{"angle":22.5,"type":"mine","time":112.25},{"angle":45,"type":"mine","time":112.5},{"angle":315,"type":"mine","time":112.75},{"angle":348.75,"type":"mine","time":113},{"angle":270,"type":"mine","time":113.25},{"angle":292.5,"type":"mine","time":113.5},{"angle":236.25,"type":"mine","time":113.75},{"angle":247.5,"type":"mine","time":114},{"angle":180,"type":"mine","time":114.25},{"angle":213.75,"type":"mine","time":114.5},{"angle":135,"type":"mine","time":114.75},{"angle":157.5,"type":"mine","time":115},{"angle":90,"type":"mine","time":115.25},{"angle":112.5,"type":"mine","time":115.5},{"angle":56.25,"type":"mine","time":115.75},{"angle":101.25,"type":"mine","time":116},{"angle":67.5,"type":"mine","time":116.25},{"angle":123.75,"type":"mine","time":116.5},{"angle":101.25,"type":"mine","time":116.75},{"angle":157.5,"type":"mine","time":117},{"angle":135,"type":"mine","time":117.25},{"angle":180,"type":"mine","time":117.5},{"angle":157.5,"type":"mine","time":117.75},{"angle":191.25,"type":"mine","time":118},{"angle":168.75,"type":"mine","time":118.25},{"angle":191.25,"type":"mine","time":118.5},{"angle":146.25,"type":"mine","time":118.75},{"angle":168.75,"type":"mine","time":119},{"angle":135,"type":"mine","time":119.25},{"angle":157.5,"type":"mine","time":119.5},{"angle":123.75,"type":"mine","time":119.75},{"angle":146.25,"type":"mine","time":120},{"angle":112.5,"type":"mine","time":120.25},{"angle":135,"type":"mine","time":120.5},{"angle":112.5,"type":"mine","time":120.75},{"angle":78.75,"type":"mine","time":121},{"angle":101.25,"type":"mine","time":121.25},{"angle":45,"type":"mine","time":121.5},{"angle":78.75,"type":"mine","time":121.75},{"angle":0,"type":"mine","time":122},{"angle":33.75,"type":"mine","time":122.25},{"angle":326.25,"type":"mine","time":122.5},{"angle":348.75,"type":"mine","time":122.75},{"angle":258.75,"type":"mine","time":123},{"angle":292.5,"type":"mine","time":123.25},{"angle":191.25,"type":"mine","time":123.5},{"angle":236.25,"type":"mine","time":123.75},{"angle":112.5,"type":"mine","time":124},{"angle":157.5,"type":"mine","time":124.25},{"angle":56.25,"type":"mine","time":124.5},{"angle":90,"type":"mine","time":124.75},{"angle":33.75,"type":"mine","time":125},{"angle":56.25,"type":"mine","time":125.25},{"angle":0,"type":"mine","time":125.5},{"angle":33.75,"type":"mine","time":125.75},{"angle":337.5,"type":"mine","time":126},{"angle":0,"type":"mine","time":126.25},{"angle":281.25,"type":"mine","time":126.5},{"angle":315,"type":"mine","time":126.75},{"angle":-146.25,"type":"mine","time":127},{"angle":247.5,"type":"mine","time":127.25},{"angle":135,"type":"mine","time":127.5},{"angle":180,"type":"mine","time":127.75},{"angle":67.5,"type":"mine","time":128},{"angle":112.5,"type":"mine","time":128.25},{"angle":22.5,"type":"mine","time":128.5},{"angle":45,"type":"mine","time":128.75},{"angle":281.25,"type":"mine","time":129},{"angle":337.5,"type":"mine","time":129.25},{"angle":258.75,"type":"mine","time":129.5},{"angle":292.5,"type":"mine","time":129.75},{"angle":270,"type":"mine","time":130},{"angle":348.75,"type":"mine","time":130.25},{"angle":303.75,"type":"mine","time":130.5},{"angle":11.25,"type":"mine","time":130.75},{"angle":337.5,"type":"mine","time":131},{"angle":67.5,"type":"mine","time":131.25},{"angle":22.5,"type":"mine","time":131.5},{"angle":45,"type":"mine","time":131.75},{"angle":337.5,"type":"mine","time":132},{"angle":11.25,"type":"mine","time":132.25},{"angle":348.75,"type":"mine","time":132.5},{"angle":33.75,"type":"mine","time":132.75},{"angle":326.25,"type":"mine","time":133},{"angle":11.25,"type":"mine","time":133.25},{"angle":337.5,"type":"mine","time":133.5},{"angle":45,"type":"mine","time":133.75},{"angle":22.5,"type":"mine","time":134},{"angle":101.25,"type":"mine","time":134.25},{"angle":67.5,"type":"mine","time":134.5},{"angle":112.5,"type":"mine","time":134.75},{"angle":78.75,"type":"mine","time":135},{"angle":123.75,"type":"mine","time":135.25},{"angle":90,"type":"mine","time":135.5},{"angle":135,"type":"mine","time":135.75},{"angle":101.25,"type":"mine","time":136},{"angle":180,"type":"mine","time":136.25},{"angle":135,"type":"mine","time":136.5},{"angle":213.75,"type":"mine","time":136.75},{"angle":168.75,"type":"mine","time":137},{"angle":247.5,"type":"mine","time":137.25},{"angle":202.5,"type":"mine","time":137.5},{"angle":315,"type":"mine","time":137.75},{"angle":270,"type":"mine","time":138},{"angle":0,"type":"mine","time":138.25},{"angle":326.25,"type":"mine","time":138.5},{"angle":33.75,"type":"mine","time":138.75},{"angle":0,"type":"mine","time":139},{"angle":78.75,"type":"mine","time":139.25},{"angle":45,"type":"mine","time":139.5},{"angle":112.5,"type":"mine","time":139.75},{"angle":67.5,"type":"mine","time":140},{"angle":168.75,"type":"mine","time":140.25},{"angle":123.75,"type":"mine","time":140.5},{"angle":202.5,"type":"mine","time":140.75},{"angle":168.75,"type":"mine","time":141},{"angle":270,"type":"mine","time":141.25},{"angle":236.25,"type":"mine","time":141.5},{"angle":348.75,"type":"mine","time":141.75},{"angle":303.75,"type":"mine","time":142},{"angle":67.5,"type":"mine","time":142.25},{"angle":22.5,"type":"mine","time":142.5},{"angle":135,"type":"mine","time":142.75},{"angle":90,"type":"mine","time":143},{"angle":236.25,"type":"mine","time":143.25},{"angle":168.75,"type":"mine","time":143.5},{"angle":213.75,"type":"mine","time":143.75},{"angle":112.5,"type":"mine","time":144},{"angle":135,"type":"mine","time":144.25},{"angle":33.75,"type":"mine","time":144.5},{"angle":78.75,"type":"mine","time":144.75},{"angle":337.5,"type":"mine","time":145},{"angle":22.5,"type":"mine","time":145.25},{"angle":270,"type":"mine","time":145.5},{"angle":303.75,"type":"mine","time":145.75},{"angle":202.5,"type":"mine","time":146},{"angle":258.75,"type":"mine","time":146.25},{"angle":157.5,"type":"mine","time":146.5},{"angle":213.75,"type":"mine","time":146.75},{"angle":67.5,"type":"mine","time":147},{"angle":112.5,"type":"mine","time":147.25},{"angle":348.75,"type":"mine","time":147.5},{"angle":67.5,"type":"mine","time":147.75},{"angle":326.25,"type":"mine","time":148},{"angle":45,"type":"mine","time":148.25},{"angle":11.25,"type":"mine","time":148.5},{"angle":67.5,"type":"mine","time":148.75},{"angle":56.25,"type":"mine","time":149},{"angle":112.5,"type":"mine","time":149.25},{"angle":101.25,"type":"mine","time":149.5},{"angle":168.75,"type":"mine","time":149.75},{"angle":123.75,"type":"mine","time":150},{"angle":180,"type":"mine","time":150.25},{"angle":101.25,"type":"mine","time":150.5},{"angle":135,"type":"mine","time":150.75},{"angle":112.5,"type":"mine","time":151},{"angle":146.25,"type":"mine","time":151.25},{"angle":123.75,"type":"mine","time":151.5},{"angle":236.25,"type":"mine","time":151.75},{"angle":180,"type":"mine","time":152},{"angle":292.5,"type":"mine","time":152.25},{"angle":258.75,"type":"mine","time":152.5},{"angle":45,"type":"mine","time":152.75},{"angle":303.75,"type":"mine","time":153},{"angle":67.5,"type":"mine","time":153.25},{"angle":22.5,"type":"mine","time":153.5},{"angle":-202.5,"type":"mine","time":153.75},{"angle":90,"type":"mine","time":154},{"angle":-146.25,"type":"mine","time":154.25},{"angle":135,"type":"mine","time":154.5},{"angle":247.5,"type":"mine","time":154.75},{"angle":225,"type":"mine","time":155},{"angle":303.75,"type":"mine","time":155.25},{"angle":270,"type":"mine","time":155.5},{"angle":348.75,"type":"mine","time":155.75},{"angle":303.75,"type":"mine","time":156},{"angle":22.5,"type":"mine","time":156.25},{"angle":337.5,"type":"mine","time":156.5},{"angle":33.75,"type":"mine","time":156.75},{"angle":326.25,"type":"mine","time":157},{"angle":348.75,"type":"mine","time":157.25},{"angle":247.5,"type":"mine","time":157.5},{"angle":292.5,"type":"mine","time":157.75},{"angle":225,"type":"mine","time":158},{"angle":180,"type":"mine","time":158.25},{"angle":135,"type":"mine","time":158.5},{"angle":180,"type":"mine","time":158.75},{"angle":225,"type":"mine","time":159},{"angle":180,"type":"mine","time":159.25},{"angle":135,"type":"mine","time":159.5},{"angle":180,"type":"mine","time":159.75},{"angle":225,"type":"mine","time":160},{"angle":180,"type":"mine","time":160.25},{"angle":135,"type":"mine","time":160.5},{"angle":180,"type":"mine","time":160.75},{"angle":225,"type":"mine","time":161},{"angle":180,"type":"mine","time":161.25},{"angle":135,"type":"mine","time":161.5},{"angle":180,"type":"mine","time":161.75},{"angle":67.5,"type":"mine","time":64},{"angle":22.5,"type":"mine","time":64.25},{"angle":56.25,"type":"mine","time":64.5},{"angle":11.25,"type":"mine","time":64.75},{"angle":45,"type":"mine","time":65},{"angle":360,"type":"mine","time":65.25},{"angle":33.75,"type":"mine","time":65.5},{"angle":348.75,"type":"mine","time":65.75},{"angle":22.5,"type":"mine","time":66},{"type":"mine","angle":326.25,"speedMult":2,"time":66.75},{"type":"mine","angle":11.25,"speedMult":2,"time":67},{"type":"mine","angle":337.5,"speedMult":2,"time":67.25},{"type":"mine","angle":0,"speedMult":2,"time":67.5},{"type":"mine","angle":326.25,"speedMult":2,"time":67.75},{"type":"mine","angle":-551.25,"speedMult":2,"time":68.75},{"type":"mine","angle":-236.25,"speedMult":2,"time":69},{"type":"mine","angle":-562.5,"speedMult":2,"time":69.25},{"type":"mine","angle":-225,"speedMult":2,"time":69.5},{"type":"mine","angle":-551.25,"speedMult":2,"time":69.75},{"type":"mine","angle":258.75,"speedMult":2,"time":70.75},{"type":"mine","angle":-56.25,"speedMult":2,"time":71},{"type":"mine","angle":270,"speedMult":2,"time":71.25},{"type":"mine","angle":-67.5,"speedMult":2,"time":71.5},{"type":"mine","angle":258.75,"speedMult":2,"time":71.75},{"type":"mine","angle":236.25,"speedMult":2,"time":74.75},{"type":"mine","angle":-78.75,"speedMult":2,"time":75},{"type":"mine","angle":247.5,"speedMult":2,"time":75.25},{"type":"mine","angle":-90,"speedMult":2,"time":75.5},{"type":"mine","angle":236.25,"speedMult":2,"time":75.75},{"type":"mine","angle":-506.25,"speedMult":2,"time":76.75},{"type":"mine","angle":-191.25,"speedMult":2,"time":77},{"type":"mine","angle":-517.5,"speedMult":2,"time":77.25},{"type":"mine","angle":-180,"speedMult":2,"time":77.5},{"type":"mine","angle":-506.25,"speedMult":2,"time":77.75},{"type":"mine","angle":450,"speedMult":2,"time":82.75},{"type":"mine","angle":135,"speedMult":2,"time":83},{"type":"mine","angle":461.25,"speedMult":2,"time":83.25},{"type":"mine","angle":123.75,"speedMult":2,"time":83.5},{"type":"mine","angle":450,"speedMult":2,"time":83.75},{"type":"mine","angle":247.5,"speedMult":2,"time":84.75},{"type":"mine","angle":-67.5,"speedMult":2,"time":85},{"type":"mine","angle":258.75,"speedMult":2,"time":85.25},{"type":"mine","angle":-78.75,"speedMult":2,"time":85.5},{"type":"mine","angle":247.5,"speedMult":2,"time":85.75},{"type":"mine","angle":495,"speedMult":2,"time":86.75},{"type":"mine","angle":180,"speedMult":2,"time":87},{"type":"mine","angle":506.25,"speedMult":2,"time":87.25},{"type":"mine","angle":168.75,"speedMult":2,"time":87.5},{"type":"mine","angle":495,"speedMult":2,"time":87.75},{"type":"mine","angle":-540,"speedMult":2,"time":90.75},{"type":"mine","angle":-225,"speedMult":2,"time":91},{"type":"mine","angle":-551.25,"speedMult":2,"time":91.25},{"type":"mine","angle":-213.75,"speedMult":2,"time":91.5},{"type":"mine","angle":-540,"speedMult":2,"time":91.75},{"type":"mine","angle":585,"speedMult":2,"time":92.75},{"type":"mine","angle":270,"speedMult":2,"time":93},{"type":"mine","angle":596.25,"speedMult":2,"time":93.25},{"type":"mine","angle":258.75,"speedMult":2,"time":93.5},{"type":"mine","angle":585,"speedMult":2,"time":93.75}]