[{"type":"block","time":1.25,"angle":337.5},{"time":2.25,"duration":0,"type":"hold","angle2":67.5,"angle":67.5},{"type":"block","time":3.25,"angle":337.5},{"type":"block","time":4.25,"angle":11.25},{"type":"block","time":5.25,"angle":56.25},{"time":5.75,"duration":0,"type":"hold","angle2":180,"angle":180},{"type":"block","time":6.25,"angle":56.25},{"type":"block","time":7.25,"angle":337.5},{"tap":true,"time":7.75,"type":"side","angle":33.75},{"type":"side","time":8.25,"angle":33.75},{"time":9.25,"duration":0.5,"type":"hold","angle2":528.75,"angle":337.5},{"type":"side","time":10.25,"angle":135},{"type":"block","time":10.75,"angle":101.25},{"type":"block","time":11.25,"angle":78.75},{"type":"block","time":12.25,"angle":360},{"type":"block","time":12.75,"angle":270},{"time":13.75,"duration":6.5,"type":"hold","angle2":1338.75,"angle":180},{"type":"block","time":20.75,"angle":292.5},{"type":"side","time":21.25,"angle":11.25},{"type":"side","time":21.75,"angle":11.25},{"type":"block","time":22.25,"angle":315},{"type":"block","time":22.75,"angle":56.25},{"type":"block","time":23.25,"angle":326.25},{"type":"block","time":23.75,"angle":45},{"type":"block","time":24.75,"angle":180},{"type":"hold","endTap":true,"duration":6,"angle":180,"angle2":-900,"time":25.75},{"tap":true,"time":31.75,"type":"block","angle":180},{"type":"block","time":33.25,"angle":236.25},{"type":"block","time":33.75,"angle":123.75},{"type":"block","time":34.25,"angle":90},{"type":"hold","time":35.25,"duration":1,"angle":90,"angle2":270,"holdEase":"outExpo"},{"type":"block","time":34.75,"angle":33.75},{"tap":true,"time":32.25,"type":"block","angle":180},{"time":36.75,"duration":0.75,"type":"hold","angle2":213.75,"angle":270},{"time":37.5,"duration":6.25,"type":"hold","angle2":1091.25,"angle":213.75},{"tap":true,"time":43.75,"type":"block","angle":11.25},{"tap":true,"time":44.25,"type":"block","angle":11.25},{"type":"block","time":44.75,"angle":56.25},{"type":"block","time":45.25,"angle":90},{"type":"side","time":45.75,"angle":22.5},{"type":"block","time":46.25,"angle":0},{"type":"block","time":46.75,"angle":33.75},{"type":"block","time":47.25,"angle":315},{"type":"block","time":47.75,"angle":258.75},{"time":48.75,"duration":1,"type":"hold","angle2":45,"angle":146.25},{"time":49.75,"duration":6,"type":"hold","angle2":911.25,"angle":45},{"tap":true,"time":55.75,"type":"block","angle":191.25},{"tap":true,"time":56.25,"type":"block","angle":191.25},{"type":"block","time":57.25,"angle":258.75},{"type":"side","time":57.75,"angle":213.75},{"time":58.25,"duration":2.5,"type":"hold","angle2":-180,"angle":180},{"type":"hold","time":60.75,"duration":1,"angle":180,"angle2":360,"holdEase":"outExpo"},{"type":"side","time":62.25,"angle":33.75},{"type":"block","time":62.75,"angle":90},{"type":"block","time":64.75,"angle":45},{"type":"block","time":64.25,"angle":0},{"type":"block","time":65.25,"angle":180},{"type":"block","time":65.75,"angle":213.75},{"type":"block","time":66.25,"angle":123.75},{"time":66.25,"duration":2.25,"type":"mineHold","angle2":-33.75,"angle":45},{"time":66.25,"duration":2.25,"type":"mineHold","angle2":-45,"angle":33.75},{"time":66.25,"duration":2.25,"type":"mineHold","angle2":-56.25,"angle":22.5},{"time":66.25,"duration":2.25,"type":"mineHold","angle2":-67.5,"angle":11.25},{"time":66.25,"duration":2.25,"type":"mineHold","angle2":-78.75,"angle":0},{"time":66.25,"duration":2.25,"type":"mineHold","angle2":-90,"angle":-11.25},{"time":66.25,"duration":2.25,"type":"mineHold","angle2":-101.25,"angle":-22.5},{"time":66.25,"duration":2.25,"type":"mineHold","angle2":-112.5,"angle":-33.75},{"time":66.25,"duration":2.25,"type":"mineHold","angle2":-123.75,"angle":-45},{"time":66.25,"duration":2.25,"type":"mineHold","angle2":-135,"angle":-56.25},{"time":66.25,"duration":2.25,"type":"mineHold","angle2":-146.25,"angle":-67.5},{"time":66.25,"duration":2.25,"type":"mineHold","angle2":-157.5,"angle":-78.75},{"time":66.25,"duration":2.25,"type":"mineHold","angle2":-168.75,"angle":-90},{"time":66.25,"duration":2.25,"type":"mineHold","angle2":-180,"angle":-101.25},{"time":66.25,"duration":2.25,"type":"mineHold","angle2":-191.25,"angle":-112.5},{"time":66.25,"duration":2.25,"type":"mineHold","angle2":-202.5,"angle":-123.75},{"time":66.25,"duration":2.25,"type":"mineHold","angle2":-213.75,"angle":-135},{"time":66.25,"duration":2.25,"type":"mineHold","angle2":-225,"angle":-146.25},{"time":66.25,"duration":2.25,"type":"mineHold","angle2":-236.25,"angle":-157.5},{"time":66.25,"duration":2.25,"type":"mineHold","angle2":-247.5,"angle":-168.75},{"time":66.25,"duration":2.25,"type":"mineHold","angle2":-258.75,"angle":-180},{"time":66.25,"duration":2.25,"type":"mineHold","angle2":-270,"angle":-191.25},{"time":68.5,"duration":1.25,"type":"hold","angle2":-78.75,"angle":45},{"type":"block","time":70.25,"angle":303.75},{"type":"side","time":70.75,"angle":11.25},{"type":"block","time":72.25,"angle":11.25},{"type":"block","time":72.75,"angle":56.25},{"type":"block","time":73.25,"angle":45},{"type":"block","time":73.75,"angle":101.25},{"time":74.25,"duration":2.25,"type":"hold","angle2":-180,"angle":180},{"type":"block","time":77.5,"angle":90},{"type":"hold","time":78.5,"duration":1.5,"angle":270,"angle2":180,"holdEase":"inBack"},{"type":"block","time":80.5,"angle":157.5},{"type":"block","time":81.25,"angle":112.5},{"type":"hold","time":82.25,"endTap":true,"duration":1,"angle":281.25,"angle2":382.5,"holdEase":"inExpo"},{"type":"extraTap","time":84,"angle":45},{"type":"extraTap","time":84.666664123535,"angle":33.75},{"type":"extraTap","time":85.75,"angle":33.75},{"type":"extraTap","time":86.75,"angle":33.75},{"type":"extraTap","time":87.75,"angle":33.75},{"type":"extraTap","time":88.25,"angle":33.75},{"type":"block","time":89.25,"angle":33.75},{"type":"side","time":89.75,"angle":337.5},{"time":90.25,"duration":2.5,"type":"hold","angle2":765,"angle":337.5},{"type":"block","time":93.5,"angle":45},{"type":"block","time":94,"angle":67.5},{"type":"block","time":94.5,"angle":101.25},{"type":"side","time":96.25,"angle":0},{"type":"side","time":96.75,"angle":0},{"type":"block","time":97.75,"angle":78.75},{"type":"block","time":97.25,"angle":33.75},{"time":98.25,"duration":2.25,"type":"hold","angle2":-90,"angle":123.75},{"time":100.5,"duration":1,"type":"hold","angle2":348.75,"angle":270},{"type":"block","time":102.25,"angle":56.25},{"type":"side","time":104.25,"angle":45},{"type":"side","time":104.75,"angle":326.25},{"type":"block","time":105.25,"angle":45},{"type":"block","time":105.75,"angle":90},{"time":106.25,"duration":2.5,"type":"hold","angle2":371.25,"angle":292.5},{"type":"block","time":109.75,"angle":56.25},{"type":"block","time":110.75,"angle":90},{"type":"block","time":112.25,"angle":360},{"type":"block","time":112.75,"angle":22.5},{"type":"block","time":113.25,"angle":56.25},{"type":"side","time":114.25,"angle":236.25},{"type":"hold","endTap":true,"duration":1,"angle":247.5,"angle2":450,"time":114.25},{"type":"extraTap","time":115.75,"angle":90},{"type":"extraTap","time":116.75,"angle":78.75},{"type":"extraTap","time":117.75,"angle":78.75},{"type":"extraTap","time":118.75,"angle":78.75},{"tap":true,"time":119.75,"type":"side","angle":337.5},{"tap":true,"time":120,"type":"side","angle":22.5},{"type":"block","time":121,"angle":348.75},{"type":"block","time":121.5,"angle":315},{"type":"block","time":122,"angle":90},{"type":"block","time":122.75,"angle":56.25},{"type":"block","time":123.25,"angle":123.75},{"type":"side","time":124.25,"angle":90},{"type":"block","time":124.75,"angle":0},{"time":125.75,"duration":6,"type":"hold","angle2":-495,"angle":180},{"tap":true,"time":132.25,"type":"block","angle":225},{"tap":true,"time":131.75,"type":"block","angle":225},{"type":"block","time":102.75,"angle":101.25},{"type":"block","time":132.75,"angle":180},{"type":"block","time":133.25,"angle":146.25},{"type":"block","time":133.75,"angle":180},{"type":"block","time":134.25,"angle":213.75},{"type":"block","time":134.75,"angle":180},{"type":"block","time":135.25,"angle":146.25},{"type":"block","time":135.75,"angle":360},{"type":"block","time":136.75,"angle":337.5},{"time":137.75,"duration":6,"type":"hold","angle2":-742.5,"angle":33.75},{"tap":true,"time":144.25,"type":"block","angle":337.5},{"tap":true,"time":143.75,"type":"block","angle":337.5},{"type":"block","time":145.25,"angle":0},{"type":"block","time":145.75,"angle":337.5},{"type":"block","time":146.25,"angle":67.5},{"type":"block","time":146.75,"angle":45},{"type":"side","time":147.25,"angle":180},{"type":"block","time":148.25,"angle":247.5},{"type":"block","time":148.75,"angle":146.25},{"time":149.75,"duration":6,"type":"hold","angle2":-675,"angle":180},{"tap":true,"time":155.75,"type":"block","angle":45},{"tap":true,"time":156.25,"type":"block","angle":45},{"type":"block","time":156.75,"angle":360},{"type":"block","time":157.25,"angle":56.25},{"type":"block","time":157.75,"angle":303.75},{"type":"side","time":158.25,"angle":360},{"type":"side","time":158.75,"angle":360},{"type":"block","time":159.25,"angle":315},{"type":"block","time":159.75,"angle":45},{"time":160.5,"duration":1.25,"type":"hold","angle2":180,"angle":0},{"time":161.75,"duration":6,"type":"hold","angle2":-540,"angle":180},{"tap":true,"time":167.75,"type":"block","angle":180},{"tap":true,"time":168.25,"type":"block","angle":180},{"type":"block","time":169.25,"angle":258.75},{"type":"side","time":169.75,"angle":213.75},{"time":170.25,"duration":2.5,"type":"hold","angle2":-180,"angle":180},{"type":"hold","time":172.75,"duration":1,"angle":180,"angle2":360,"holdEase":"outExpo"},{"type":"side","time":174.25,"angle":33.75},{"type":"block","time":174.75,"angle":90},{"type":"block","time":176.75,"angle":45},{"type":"block","time":176.25,"angle":0},{"type":"block","time":177.25,"angle":180},{"type":"block","time":177.75,"angle":213.75},{"type":"block","time":178.25,"angle":123.75},{"time":178.25,"duration":2.25,"type":"mineHold","angle2":-33.75,"angle":45},{"time":178.25,"duration":2.25,"type":"mineHold","angle2":-45,"angle":33.75},{"time":178.25,"duration":2.25,"type":"mineHold","angle2":-56.25,"angle":22.5},{"time":178.25,"duration":2.25,"type":"mineHold","angle2":-67.5,"angle":11.25},{"time":178.25,"duration":2.25,"type":"mineHold","angle2":-78.75,"angle":0},{"time":178.25,"duration":2.25,"type":"mineHold","angle2":-90,"angle":-11.25},{"time":178.25,"duration":2.25,"type":"mineHold","angle2":-101.25,"angle":-22.5},{"time":178.25,"duration":2.25,"type":"mineHold","angle2":-112.5,"angle":-33.75},{"time":178.25,"duration":2.25,"type":"mineHold","angle2":-123.75,"angle":-45},{"time":178.25,"duration":2.25,"type":"mineHold","angle2":-135,"angle":-56.25},{"time":178.25,"duration":2.25,"type":"mineHold","angle2":-146.25,"angle":-67.5},{"time":178.25,"duration":2.25,"type":"mineHold","angle2":-157.5,"angle":-78.75},{"time":178.25,"duration":2.25,"type":"mineHold","angle2":-168.75,"angle":-90},{"time":178.25,"duration":2.25,"type":"mineHold","angle2":-180,"angle":-101.25},{"time":178.25,"duration":2.25,"type":"mineHold","angle2":-191.25,"angle":-112.5},{"time":178.25,"duration":2.25,"type":"mineHold","angle2":-202.5,"angle":-123.75},{"time":178.25,"duration":2.25,"type":"mineHold","angle2":-213.75,"angle":-135},{"time":178.25,"duration":2.25,"type":"mineHold","angle2":-225,"angle":-146.25},{"time":178.25,"duration":2.25,"type":"mineHold","angle2":-236.25,"angle":-157.5},{"time":178.25,"duration":2.25,"type":"mineHold","angle2":-247.5,"angle":-168.75},{"time":178.25,"duration":2.25,"type":"mineHold","angle2":-258.75,"angle":-180},{"time":178.25,"duration":2.25,"type":"mineHold","angle2":-270,"angle":-191.25},{"time":180.5,"duration":1.25,"type":"hold","angle2":-78.75,"angle":45},{"type":"block","time":182.25,"angle":303.75},{"type":"side","time":182.75,"angle":11.25},{"type":"block","time":184.25,"angle":11.25},{"type":"block","time":184.75,"angle":56.25},{"type":"block","time":185.25,"angle":45},{"type":"block","time":185.75,"angle":101.25},{"time":186.25,"duration":2.25,"type":"hold","angle2":-180,"angle":180},{"type":"block","time":189.5,"angle":90},{"type":"hold","time":190.5,"duration":1.5,"angle":270,"angle2":180,"holdEase":"inBack"},{"type":"block","time":192.5,"angle":157.5},{"type":"block","time":193.25,"angle":112.5},{"type":"hold","time":194.25,"endTap":true,"duration":1,"angle":281.25,"angle2":382.5,"holdEase":"inExpo"},{"type":"extraTap","time":195.75,"angle":45},{"type":"extraTap","time":196.75,"angle":33.75},{"type":"extraTap","time":197.75,"angle":33.75},{"type":"extraTap","time":198.75,"angle":33.75},{"type":"extraTap","time":199.75,"angle":33.75},{"type":"extraTap","time":200.25,"angle":33.75},{"type":"block","time":201.25,"angle":33.75},{"type":"side","time":201.75,"angle":337.5},{"time":202.25,"duration":2.5,"type":"hold","angle2":765,"angle":337.5},{"type":"block","time":205.5,"angle":45},{"type":"block","time":206,"angle":67.5},{"type":"block","time":206.5,"angle":101.25},{"type":"side","time":208.25,"angle":0},{"type":"side","time":208.75,"angle":0},{"type":"block","time":209.75,"angle":78.75},{"type":"block","time":209.25,"angle":33.75},{"time":210.25,"duration":2.25,"type":"hold","angle2":-90,"angle":123.75},{"time":212.5,"duration":1,"type":"hold","angle2":348.75,"angle":270},{"type":"block","time":214.25,"angle":56.25},{"type":"side","time":216.25,"angle":45},{"type":"side","time":216.75,"angle":326.25},{"type":"block","time":217.25,"angle":45},{"type":"block","time":217.75,"angle":90},{"time":218.25,"duration":2.5,"type":"hold","angle2":371.25,"angle":292.5},{"type":"block","time":221.75,"angle":56.25},{"type":"block","time":222.75,"angle":90},{"type":"block","time":224.25,"angle":360},{"type":"block","time":224.75,"angle":22.5},{"type":"block","time":225.25,"angle":56.25},{"type":"side","time":226.25,"angle":236.25},{"type":"hold","endTap":true,"duration":1,"angle":247.5,"angle2":450,"time":226.25},{"type":"extraTap","time":227.75,"angle":90},{"type":"extraTap","time":228.75,"angle":78.75},{"type":"extraTap","time":229.75,"angle":78.75},{"type":"extraTap","time":230.75,"angle":78.75},{"tap":true,"time":231.75,"type":"side","angle":337.5},{"tap":true,"time":232.25,"type":"side","angle":22.5},{"type":"block","time":214.75,"angle":101.25},{"time":233.25,"duration":1,"type":"hold","angle2":180,"angle":0},{"time":234.25,"duration":2.5,"type":"hold","angle2":-270,"angle":180},{"type":"block","time":237.75,"angle":56.25},{"type":"block","time":238.75,"angle":135},{"type":"side","time":240.25,"angle":0},{"type":"block","time":240.75,"angle":56.25},{"type":"side","time":241.25,"angle":360},{"time":242.25,"duration":1,"type":"hold","angle2":90,"angle":270},{"type":"block","time":244.75,"angle":180},{"type":"block","time":245.75,"angle":225},{"time":246.75,"duration":1.5,"type":"hold","angle2":540,"angle":303.75},{"type":"block","time":248.75,"angle":168.75},{"type":"block","time":249.25,"angle":90},{"time":248.75,"duration":1.5,"type":"mineHold","angle2":45,"angle":45},{"type":"block","time":250,"angle":348.75},{"type":"mineHold","time":250.25,"duration":2.5,"angle":45,"angle2":-45,"holdEase":"linear"},{"time":250.25,"duration":2.5,"type":"mineHold","angle2":-33.75,"angle":56.25},{"time":250.25,"duration":2.5,"type":"mineHold","angle2":-22.5,"angle":67.5},{"time":250.25,"duration":2.5,"type":"mineHold","angle2":-11.25,"angle":78.75},{"time":250.25,"duration":2.5,"type":"mineHold","angle2":0,"angle":90},{"time":250.25,"duration":2.5,"type":"mineHold","angle2":11.25,"angle":101.25},{"time":250.25,"duration":2.5,"type":"mineHold","angle2":22.5,"angle":112.5},{"time":250.25,"duration":2.5,"type":"mineHold","angle2":33.75,"angle":123.75},{"time":250.25,"duration":2.5,"type":"mineHold","angle2":45,"angle":135},{"time":250.25,"duration":2.5,"type":"mineHold","angle2":56.25,"angle":146.25},{"time":250.25,"duration":2.5,"type":"mineHold","angle2":67.5,"angle":157.5},{"time":250.25,"duration":2.5,"type":"mineHold","angle2":78.75,"angle":168.75},{"time":250.25,"duration":2.5,"type":"mineHold","angle2":90,"angle":180},{"time":250.25,"duration":2.5,"type":"mineHold","angle2":101.25,"angle":191.25},{"time":250.25,"duration":2.5,"type":"mineHold","angle2":112.5,"angle":202.5},{"time":250.25,"duration":2.5,"type":"mineHold","angle2":123.75,"angle":213.75},{"time":250.25,"duration":2.5,"type":"mineHold","angle2":135,"angle":225},{"time":250.25,"duration":2.5,"type":"mineHold","angle2":146.25,"angle":236.25},{"time":250.25,"duration":2.5,"type":"mineHold","angle2":-202.5,"angle":-112.5},{"time":250.25,"duration":2.5,"type":"mineHold","angle2":-191.25,"angle":-101.25},{"time":250.25,"duration":2.5,"type":"mineHold","angle2":-180,"angle":-90},{"time":250.25,"duration":2.5,"type":"mineHold","angle2":-168.75,"angle":-78.75},{"type":"block","time":252.75,"angle":281.25},{"type":"block","time":253.75,"angle":168.75},{"time":254.75,"duration":1.5,"type":"hold","angle2":-303.75,"angle":56.25},{"type":"block","time":256.75,"angle":45},{"type":"side","time":257.25,"angle":90},{"time":258,"duration":2.75,"type":"hold","angle2":-348.75,"angle":11.25},{"type":"block","time":261.75,"angle":326.25},{"type":"side","time":262.75,"angle":22.5},{"type":"block","time":264.25,"angle":0},{"type":"block","time":264.75,"angle":33.75},{"type":"block","time":265.25,"angle":315},{"time":266.25,"duration":1,"type":"hold","angle2":0,"angle":180},{"type":"block","time":268.75,"angle":90},{"type":"block","time":269.75,"angle":0},{"type":"block","time":270.75,"angle":270},{"type":"block","time":272.25,"angle":180},{"type":"block","time":272.75,"angle":213.75},{"time":273.25,"duration":1,"type":"hold","angle2":0,"angle":180},{"time":274.25,"duration":2.5,"type":"hold","angle2":360,"angle":0},{"type":"side","time":277.75,"angle":270},{"type":"side","time":278.75,"angle":90},{"type":"block","time":280.25,"angle":0},{"type":"block","time":280.75,"angle":270},{"type":"block","time":281.25,"angle":360},{"time":282.25,"duration":2.5,"type":"hold","angle2":-270,"angle":90},{"type":"hold","time":285.75,"duration":1,"angle":270,"angle2":303.75,"holdEase":"inElastic"},{"time":286.75,"duration":1.5,"type":"hold","angle2":236.25,"angle":303.75},{"type":"side","time":288.75,"angle":0},{"type":"block","time":289.25,"angle":90},{"time":290.25,"duration":2.5,"type":"hold","angle2":-101.25,"angle":135},{"type":"block","time":293.75,"angle":180},{"type":"block","time":294.75,"angle":135},{"type":"extraTap","time":295.75,"angle":90},{"type":"extraTap","time":296.25,"angle":90},{"type":"block","time":298.25,"angle":315},{"type":"block","time":297.25,"angle":11.25},{"type":"block","time":302.75,"angle":11.25},{"type":"block","time":303.75,"angle":303.75},{"type":"block","time":304.25,"angle":67.5},{"type":"block","time":304.75,"angle":292.5},{"type":"block","time":306.25,"angle":90},{"type":"block","time":305.25,"angle":11.25},{"type":"block","time":307.25,"angle":180},{"type":"block","time":308.75,"angle":11.25},{"type":"block","time":314.25,"angle":11.25},{"type":"block","time":313.25,"angle":90},{"type":"block","time":315.25,"angle":303.75},{"type":"block","time":316.75,"angle":90},{"type":"block","time":317.75,"angle":11.25},{"type":"block","time":318.75,"angle":292.5},{"type":"block","time":322.25,"angle":123.75},{"type":"block","time":323.25,"angle":168.75},{"type":"block","time":330.25,"angle":326.25},{"type":"block","time":331.25,"angle":292.5},{"type":"block","time":338.25,"angle":11.25},{"type":"block","time":339.25,"angle":315},{"type":"block","time":342.75,"angle":0},{"type":"block","time":343.75,"angle":360},{"type":"block","time":344.25,"angle":326.25},{"type":"block","time":344.75,"angle":292.5},{"type":"block","time":346.25,"angle":78.75},{"type":"block","time":345.25,"angle":258.75},{"type":"block","time":347.25,"angle":11.25},{"type":"block","time":348.75,"angle":90},{"type":"block","time":354.25,"angle":11.25},{"type":"block","time":358.75,"angle":213.75},{"tap":true,"time":359.75,"angle":11.25,"type":"block"},{"tap":true,"time":360.25,"angle":56.25,"type":"block"},{"type":"block","time":360.75,"angle":11.25},{"time":299.25,"duration":1.5,"type":"hold","angle2":371.25,"angle":225},{"type":"side","time":301.75,"angle":315},{"type":"side","time":309.75,"angle":56.25},{"time":310.75,"duration":1,"type":"hold","angle2":-112.5,"angle":11.25},{"time":312.25,"duration":0,"type":"hold","angle2":191.25,"angle":225},{"time":312.75,"duration":0,"type":"hold","angle2":146.25,"angle":180},{"time":319.75,"duration":0.5,"angle":11.25,"angle2":-56.25,"type":"hold"},{"time":320.25,"duration":0.5,"angle":303.75,"angle2":371.25,"type":"hold"},{"time":320.75,"duration":0.5,"angle":11.25,"angle2":-56.25,"type":"hold"},{"type":"side","time":324.75,"angle":11.25},{"type":"side","time":325.75,"angle":326.25},{"type":"side","time":326.75,"angle":281.25},{"type":"side","time":332.75,"angle":11.25},{"type":"block","time":333.75,"angle":303.75},{"type":"block","time":334.75,"angle":180},{"type":"block","time":335.75,"angle":303.75},{"type":"block","time":336.25,"angle":0},{"type":"block","time":336.75,"angle":303.75},{"type":"block","time":337.25,"angle":56.25},{"type":"side","time":327.75,"angle":22.5},{"type":"side","time":328.25,"angle":337.5},{"type":"side","time":328.75,"angle":22.5},{"type":"side","time":329.25,"angle":337.5},{"time":340.75,"duration":1,"angle":11.25,"angle2":180,"type":"hold"},{"time":349.75,"duration":1,"angle":11.25,"angle2":-123.75,"type":"hold"},{"type":"block","time":351.75,"angle":236.25},{"time":352.25,"duration":0.5,"angle":202.5,"angle2":135,"type":"hold"},{"type":"block","time":353.25,"angle":236.25},{"time":355.25,"duration":1.5,"angle":315,"angle2":416.25,"type":"hold"},{"type":"side","time":357.75,"angle":348.75},{"type":"block","time":365.75,"angle":11.25},{"type":"block","time":366.75,"angle":315},{"type":"block","time":367.75,"angle":56.25},{"type":"block","time":368.25,"angle":11.25},{"type":"block","time":368.75,"angle":33.75},{"type":"block","time":369.25,"angle":56.25},{"type":"block","time":370.25,"angle":11.25},{"type":"block","time":371.25,"angle":337.5},{"type":"block","time":372.75,"angle":360},{"type":"block","time":373.75,"angle":326.25},{"type":"block","time":374.75,"angle":292.5},{"type":"block","time":375.75,"angle":202.5},{"type":"block","time":376.25,"angle":146.25},{"type":"block","time":376.75,"angle":202.5},{"type":"block","time":377.25,"angle":90},{"type":"block","time":380.75,"angle":56.25},{"type":"block","time":384.25,"angle":33.75},{"type":"block","time":384.75,"angle":112.5},{"type":"block","time":385.25,"angle":180},{"type":"block","time":386.25,"angle":11.25},{"type":"block","time":387.25,"angle":326.25},{"type":"block","time":389.75,"angle":11.25},{"type":"block","time":390.75,"angle":45},{"type":"block","time":391.75,"angle":337.5},{"type":"block","time":392.25,"angle":11.25},{"type":"block","time":392.75,"angle":337.5},{"type":"block","time":393.25,"angle":67.5},{"type":"block","time":394.25,"angle":11.25},{"type":"block","time":395.25,"angle":326.25},{"type":"block","time":405.75,"angle":292.5},{"type":"block","time":407.75,"angle":337.5},{"type":"block","time":408.25,"angle":303.75},{"type":"block","time":408.75,"angle":270},{"type":"block","time":409.25,"angle":236.25},{"type":"block","time":410.25,"angle":11.25},{"type":"block","time":411.25,"angle":56.25},{"type":"block","time":412.75,"angle":315},{"type":"block","time":413.75,"angle":11.25},{"type":"block","time":414.75,"angle":67.5},{"type":"block","time":415.75,"angle":67.5},{"type":"block","time":416.25,"angle":337.5},{"type":"block","time":416.75,"angle":33.75},{"type":"block","time":417.25,"angle":22.5},{"type":"block","time":418.25,"angle":326.25},{"type":"block","time":419.25,"angle":270},{"type":"block","time":420.75,"angle":78.75},{"type":"block","time":421.75,"angle":11.25},{"type":"block","time":422.75,"angle":326.25},{"type":"block","time":423.75,"angle":348.75},{"type":"block","time":424.25,"angle":33.75},{"type":"block","time":424.75,"angle":11.25},{"time":361.25,"duration":1,"angle":11.25,"angle2":90,"type":"hold"},{"time":362.25,"duration":1,"angle":90,"angle2":-67.5,"type":"hold"},{"time":363.25,"duration":1.5,"angle":292.5,"angle2":123.75,"type":"hold"},{"holdEase":"inExpo","time":378.25,"duration":1,"angle":11.25,"angle2":-67.5,"type":"hold"},{"time":381.75,"duration":2,"type":"hold","angle2":303.75,"angle":360},{"time":381.75,"duration":1,"type":"hold","angle2":11.25,"angle":0},{"time":388.75,"duration":1,"type":"mineHold","angle2":270,"angle":303.75},{"time":388.75,"duration":1,"angle":67.5,"angle2":56.25,"type":"mineHold"},{"type":"block","time":389.75,"angle":11.25},{"time":389.75,"duration":1,"angle":270,"angle2":315,"type":"mineHold"},{"time":389.75,"duration":1,"type":"mineHold","angle2":101.25,"angle":56.25},{"time":390.75,"duration":1,"type":"mineHold","angle2":56.25,"angle":101.25},{"time":390.75,"duration":1,"type":"mineHold","angle2":270,"angle":315},{"type":"side","time":396.75,"angle":90},{"type":"side","time":397.75,"angle":180},{"type":"block","time":398.75,"angle":0},{"type":"side","time":399.75,"angle":326.25},{"type":"side","time":400.25,"angle":22.5},{"type":"side","time":400.75,"angle":326.25},{"type":"side","time":401.25,"angle":22.5},{"time":402.25,"duration":1,"angle":360,"angle2":180,"type":"hold"},{"time":403.25,"duration":1.5,"type":"hold","angle2":-45,"angle":180},{"type":"block","time":388.5,"angle":360},{"type":"block","time":406.75,"angle":247.5}]