[{"angle":180,"time":6,"type":"block"},{"angle":270,"time":3,"type":"block"},{"angle":360,"time":0,"type":"block"},{"angle":90,"time":9,"type":"block"},{"angle":0,"time":12,"type":"block"},{"angle":270,"time":15,"type":"block"},{"angle":90,"time":18,"type":"block"},{"angle":270,"time":21,"type":"block"},{"type":"block","time":72,"speedMult":1.75,"angle":0},{"angle":0,"time":22.5,"type":"block"},{"type":"extraTap","time":72,"speedMult":1.6000000238419,"angle":326.25},{"angle":292.5,"time":27,"angle2":67.5,"type":"hold","duration":3},{"angle":270,"time":47,"type":"block"},{"angle":270,"time":38,"angle2":495,"type":"hold","duration":2},{"angle":-67.5,"time":43,"angle2":-22.5,"type":"hold","duration":1},{"angle":-22.5,"time":44,"angle2":-90,"type":"hold","duration":1},{"angle":270,"time":45,"angle2":315,"type":"hold","duration":1},{"angle":-45,"time":46,"angle2":-112.5,"type":"hold","duration":1},{"angle":135,"time":36,"holdEase":"linear","angle2":-90,"type":"hold","duration":2},{"angle":67.5,"time":24,"angle2":292.5,"type":"hold","duration":3},{"angle":67.5,"time":34,"angle2":135,"type":"hold","duration":2},{"angle":360,"time":42,"angle2":292.5,"type":"hold","duration":1},{"angle":67.5,"time":30,"angle2":292.5,"type":"hold","duration":3},{"angle":67.5,"time":50,"type":"block"},{"angle":0,"time":51,"angle2":67.5,"type":"hold","duration":1.5},{"angle":360,"time":54,"angle2":292.5,"type":"hold","duration":1.5},{"angle":-90,"time":57,"angle2":67.5,"type":"hold","duration":1.5},{"angle":180,"time":19.5,"type":"block"},{"type":"mine","time":24,"speedMult":0.69999998807907,"angle":247.5},{"type":"mine","time":27,"speedMult":0.69999998807907,"angle":90},{"type":"mine","time":25,"speedMult":0.69999998807907,"angle":337.5},{"type":"mine","time":26,"speedMult":0.69999998807907,"angle":45},{"type":"mine","time":28,"speedMult":0.69999998807907,"angle":45},{"type":"mine","time":29,"speedMult":0.69999998807907,"angle":337.5},{"type":"mine","time":30,"speedMult":0.69999998807907,"angle":247.5},{"type":"mine","time":31,"speedMult":0.69999998807907,"angle":315},{"type":"mine","time":32,"speedMult":0.69999998807907,"angle":45},{"type":"mine","time":33,"speedMult":0.69999998807907,"angle":135},{"type":"mine","time":34,"speedMult":0.69999998807907,"angle":247.5},{"type":"mine","time":35,"speedMult":0.69999998807907,"angle":292.5},{"type":"mine","time":36,"speedMult":0.69999998807907,"angle":315},{"type":"mine","time":37,"speedMult":0.69999998807907,"angle":202.5},{"type":"mine","time":38,"speedMult":0.69999998807907,"angle":112.5},{"type":"mine","time":39,"speedMult":0.69999998807907,"angle":157.5},{"type":"mine","time":40,"speedMult":0.69999998807907,"angle":247.5},{"type":"mine","time":41,"speedMult":0.69999998807907,"angle":270},{"type":"mine","time":42,"speedMult":0.69999998807907,"angle":180},{"type":"mine","time":43,"speedMult":0.69999998807907,"angle":112.5},{"type":"mine","time":44,"speedMult":0.69999998807907,"angle":135},{"type":"mine","time":45,"speedMult":0.69999998807907,"angle":90},{"type":"mine","time":46,"speedMult":0.69999998807907,"angle":135},{"type":"mine","time":47,"speedMult":0.69999998807907,"angle":67.5},{"type":"mine","time":49,"speedMult":0.69999998807907,"angle":315},{"type":"mine","time":49,"speedMult":0.69999998807907,"angle":337.5},{"type":"mine","time":49,"speedMult":0.69999998807907,"angle":292.5},{"type":"mine","time":50,"speedMult":0.69999998807907,"angle":247.5},{"angle":90,"time":3,"type":"mine"},{"angle":360,"time":6,"type":"mine"},{"angle":270,"time":9,"type":"mine"},{"angle":180,"time":12,"type":"mine"},{"angle":90,"time":15,"type":"mine"},{"angle":270,"time":18,"type":"mine"},{"angle":360,"time":19.5,"type":"mine"},{"angle":90,"time":21,"type":"mine"},{"type":"block","time":72,"speedMult":1.75,"angle":337.5},{"type":"block","time":72,"speedMult":1.75,"angle":22.5},{"angle":0,"time":83.875,"startTap":true,"angle2":-202.5,"type":"hold","duration":1.5},{"angle":292.5,"time":97.666664123535,"angle2":45,"type":"hold","duration":0.99999994039536},{"angle":292.5,"time":86.875,"angle2":540,"type":"hold","duration":1.5},{"angle":22.5,"time":83.875,"startTap":true,"angle2":-202.5,"type":"hold","duration":1.5},{"angle":315,"time":86.875,"angle2":540,"type":"hold","duration":1.5},{"angle":112.5,"time":101.875,"startTap":true,"angle2":0,"type":"hold","duration":1.75},{"angle":-22.5,"time":104.625,"angle2":-112.5,"type":"hold","duration":3.25},{"type":"mine","time":72,"speedMult":1.75,"angle":180},{"type":"inverse","time":49,"speedMult":1,"angle":157.5},{"type":"inverse","time":49,"speedMult":1,"angle":135},{"type":"inverse","time":49,"speedMult":1,"angle":112.5},{"type":"inverse","time":48,"speedMult":1,"angle":180},{"type":"inverse","time":48.5,"speedMult":1,"angle":157.5},{"angle":270,"time":57,"angle2":405,"type":"hold","duration":1.5},{"angle":0,"time":51,"angle2":90,"type":"hold","duration":1.5},{"angle":0,"time":54,"angle2":-90,"type":"hold","duration":1.5},{"angle":67.5,"time":54.25,"type":"mine"},{"angle":45,"time":55,"type":"mine"},{"angle":90,"time":54.5,"type":"mine"},{"angle":135,"time":55.25,"type":"mine"},{"angle":90,"time":57,"type":"mine"},{"angle":112.5,"time":57.5,"type":"mine"},{"angle":135,"time":58,"type":"mine"},{"angle":157.5,"time":58.25,"type":"mine"},{"angle":180,"time":58.5,"type":"mine"},{"angle":202.5,"time":58.75,"type":"mine"},{"angle":225,"time":59,"type":"mine"},{"angle":247.5,"time":59.25,"type":"mine"},{"angle":90,"time":60,"type":"mine"},{"angle":180,"time":61,"type":"mine"},{"angle":-180,"time":62,"type":"mine"},{"angle":-90,"time":63,"type":"mine"},{"angle":0,"time":64,"type":"mine"},{"angle":472.5,"time":65,"type":"mine"},{"angle":-270,"time":66,"type":"mine"},{"angle":-180,"time":67,"type":"mine"},{"angle":0,"time":68,"type":"mine"},{"angle":225,"time":69,"type":"mine"},{"angle":180,"time":60,"angle2":427.5,"type":"hold","duration":2},{"angle":180,"time":65,"type":"block"},{"angle":225,"time":65.5,"type":"block"},{"angle":112.5,"time":64,"type":"block"},{"angle":247.5,"time":65.5,"type":"block"},{"angle":337.5,"time":69,"type":"block"},{"angle":45,"time":67,"type":"inverse"},{"angle":180,"time":68,"type":"inverse"},{"angle":90,"time":63,"angle2":135,"type":"hold","duration":1},{"angle":360,"time":69,"type":"block"},{"angle":270,"time":66,"angle2":405,"type":"hold","duration":1},{"angle":45,"time":67,"angle2":180,"type":"hold","duration":1},{"angle":180,"time":68,"angle2":360,"type":"hold","duration":1},{"angle":337.5,"time":91.875,"angle2":135,"type":"hold","duration":0.99999994039536},{"angle":0,"time":167.5,"type":"block","tap":true},{"angle":90,"time":170.5,"type":"block","tap":true},{"angle":180,"time":173.5,"type":"block","tap":true},{"angle":270,"time":176.5,"type":"block","tap":true},{"angle":90,"time":63,"angle2":157.5,"type":"hold","duration":1},{"angle":202.5,"time":60,"angle2":427.5,"type":"hold","duration":2},{"angle":315,"time":152.5,"angle2":225,"type":"hold","duration":1},{"angle":225,"time":153.5,"angle2":337.5,"type":"hold","duration":1},{"angle":337.5,"time":154.5,"angle2":270,"type":"hold","duration":1},{"angle":270,"time":155.5,"startTap":true,"angle2":450,"type":"hold","duration":1.75},{"angle":90,"time":157.25,"angle2":270,"type":"hold","duration":1.5},{"angle":270,"time":158.75,"angle2":337.5,"type":"hold","duration":1.5},{"angle":337.5,"time":160.25,"angle2":382.5,"type":"hold","duration":1.5},{"angle":382.5,"time":161.75,"startTap":true,"angle2":247.5,"type":"hold","duration":1.5},{"angle":247.5,"time":163.25,"angle2":90,"type":"hold","duration":1.5},{"angle":90,"time":164.75,"angle2":45,"type":"hold","duration":1.5},{"angle":360,"time":191.5,"type":"block"},{"angle":360,"time":197.5,"type":"block"},{"type":"mine","time":72,"speedMult":1.75,"angle":67.5},{"type":"mine","time":72,"speedMult":1.75,"angle":90},{"type":"mine","time":72,"speedMult":1.75,"angle":292.5},{"type":"mine","time":72,"speedMult":1.75,"angle":270},{"type":"mine","time":72,"speedMult":1.75,"angle":247.5},{"type":"mine","time":72,"speedMult":1.75,"angle":225},{"type":"mine","time":72,"speedMult":1.75,"angle":202.5},{"type":"mine","time":72,"speedMult":1.75,"angle":157.5},{"type":"mine","time":72,"speedMult":1.75,"angle":135},{"type":"mine","time":72,"speedMult":1.75,"angle":112.5},{"angle":-112.5,"time":113.875,"startTap":true,"angle2":112.5,"type":"hold","duration":1.75},{"angle":112.5,"time":115.625,"angle2":67.5,"type":"hold","duration":1},{"angle":360,"time":119.75,"type":"block"},{"angle":292.5,"time":121.5,"angle2":90,"type":"hold","duration":1.25},{"angle":315,"time":118.25,"angle2":360,"type":"hold","duration":0.5},{"angle":0,"time":118.75,"angle2":-90,"type":"hold","duration":0.5},{"angle":337.5,"time":119.75,"type":"block"},{"angle":22.5,"time":119.75,"type":"block"},{"angle":75,"time":124.66666412354,"type":"block"},{"angle":90,"time":125.66666412354,"angle2":180,"type":"hold","duration":1.5},{"angle":225,"time":128.75,"angle2":360,"type":"hold","duration":1.5},{"angle":360,"time":130.25,"angle2":270,"type":"hold","duration":1.625},{"angle":202.5,"time":114,"type":"mine"},{"angle":360,"time":114,"type":"mine"},{"angle":270,"time":115,"type":"mine"},{"angle":225,"time":115,"type":"mine"},{"angle":180,"time":115,"type":"mine"},{"angle":360,"time":116,"type":"mine"},{"angle":315,"time":116,"type":"mine"},{"angle":270,"time":116,"type":"mine"},{"angle":135,"time":117,"type":"mine"},{"angle":180,"time":117,"type":"mine"},{"angle":225,"time":117,"type":"mine"},{"angle":247.5,"time":119,"type":"mine"},{"angle":202.5,"time":119,"type":"mine"},{"angle":157.5,"time":119,"type":"mine"},{"angle":112.5,"time":119,"type":"mine"},{"angle":67.5,"time":119,"type":"mine"},{"angle":90,"time":119,"type":"mine"},{"angle":135,"time":119,"type":"mine"},{"angle":180,"time":119,"type":"mine"},{"angle":225,"time":119,"type":"mine"},{"angle":90,"time":114,"type":"mine"},{"angle":45,"time":114,"type":"mine"},{"angle":112.5,"time":114,"type":"mine"},{"angle":157.5,"time":114,"type":"mine"},{"angle":360,"time":118,"type":"mine"},{"angle":45,"time":118,"type":"mine"},{"angle":247.5,"time":118,"type":"mine"},{"angle":247.5,"time":120,"type":"mine"},{"angle":180,"time":120,"type":"mine"},{"angle":112.5,"time":120,"type":"mine"},{"angle":337.5,"time":121,"type":"mine"},{"angle":22.5,"time":121,"type":"mine"},{"angle":45,"time":121,"type":"mine"},{"angle":90,"time":121,"type":"mine"},{"angle":135,"time":121,"type":"mine"},{"angle":157.5,"time":121,"type":"mine"},{"angle":202.5,"time":121,"type":"mine"},{"angle":360,"time":122,"type":"mine"},{"angle":22.5,"time":122,"type":"mine"},{"angle":45,"time":122,"type":"mine"},{"angle":90,"time":122,"type":"mine"},{"angle":112.5,"time":122,"type":"mine"},{"angle":360,"time":123,"angle2":382.5,"type":"mineHold","duration":2},{"angle":315,"time":123,"angle2":337.5,"type":"mineHold","duration":2},{"angle":225,"time":123,"angle2":247.5,"type":"mineHold","duration":2},{"angle":270,"time":123,"angle2":292.5,"type":"mineHold","duration":2},{"angle":180,"time":123,"angle2":202.5,"type":"mineHold","duration":2},{"angle":135,"time":123,"angle2":157.5,"type":"mineHold","duration":2},{"angle":337.5,"time":122,"type":"mine"},{"angle":67.5,"time":122,"type":"mine"},{"angle":0,"time":121,"type":"mine"},{"angle":112.5,"time":121,"type":"mine"},{"angle":180,"time":121,"type":"mine"},{"angle":225,"time":120,"type":"mine"},{"angle":202.5,"time":120,"type":"mine"},{"angle":135,"time":120,"type":"mine"},{"angle":157.5,"time":120,"type":"mine"},{"angle":202.5,"time":118,"type":"mine"},{"angle":67.5,"time":121,"type":"mine"},{"angle":90,"time":118,"type":"mine"},{"angle":157.5,"time":118,"type":"mine"},{"angle":292.5,"time":122.75,"type":"mine"},{"angle":337.5,"time":122.75,"type":"mine"},{"angle":247.5,"time":122.75,"type":"mine"},{"angle":202.5,"time":122.75,"type":"mine"},{"angle":157.5,"time":122.75,"type":"mine"},{"angle":315,"time":125.25,"type":"mine"},{"angle":0,"time":125.25,"type":"mine"},{"angle":270,"time":125.25,"type":"mine"},{"angle":225,"time":125.25,"type":"mine"},{"angle":180,"time":125.25,"type":"mine"},{"type":"mine","time":72,"speedMult":1.75,"angle":315},{"type":"mine","time":72,"speedMult":1.75,"angle":45},{"type":"mine","time":111,"speedMult":0.69999998807907,"angle":247.5},{"angle":67.5,"time":170.5,"type":"block"},{"angle":112.5,"time":170.5,"type":"block"},{"angle":202.5,"time":173.5,"type":"block"},{"angle":157.5,"time":173.5,"type":"block"},{"angle":292.5,"time":176.5,"type":"block"},{"angle":247.5,"time":176.5,"type":"block"},{"angle":22.5,"time":167.5,"type":"block"},{"angle":337.5,"time":167.5,"type":"block"},{"angle":202.5,"time":167.5,"type":"mine"},{"angle":180,"time":167.5,"type":"mine"},{"angle":157.5,"time":167.5,"type":"mine"},{"angle":247.5,"time":170.5,"type":"mine"},{"angle":270,"time":170.5,"type":"mine"},{"angle":292.5,"time":170.5,"type":"mine"},{"angle":337.5,"time":173.5,"type":"mine"},{"angle":360,"time":173.5,"type":"mine"},{"angle":22.5,"time":173.5,"type":"mine"},{"angle":67.5,"time":176.5,"type":"mine"},{"angle":90,"time":176.5,"type":"mine"},{"angle":112.5,"time":176.5,"type":"mine"},{"angle":45,"time":167.5,"type":"extraTap"},{"angle":45,"time":170.5,"type":"extraTap"},{"angle":225,"time":173.5,"type":"extraTap"},{"angle":315,"time":176.5,"type":"extraTap"},{"angle":247.5,"time":107.875,"startTap":true,"angle2":495,"type":"hold","duration":3},{"angle":337.5,"time":179.5,"type":"block"},{"angle":360,"time":179.5,"type":"block","tap":true},{"angle":22.5,"time":179.5,"type":"block"},{"angle":135,"time":179.5,"type":"extraTap"},{"angle":180,"time":179.5,"type":"mine"},{"angle":202.5,"time":179.5,"type":"mine"},{"angle":157.5,"time":179.5,"type":"mine"},{"angle":292.5,"time":200.5,"type":"block"},{"angle":67.5,"time":202,"type":"block"},{"angle":315,"time":191.5,"type":"extraTap"},{"angle":-337.5,"time":194.5,"type":"extraTap"},{"angle":337.5,"time":197.5,"type":"extraTap"},{"angle":247.5,"time":200.5,"type":"extraTap"},{"angle":337.5,"time":202,"type":"extraTap"},{"angle":360,"time":203.5,"type":"extraTap"},{"angle":22.5,"time":74,"angle2":135,"type":"hold","duration":0.99999994039536},{"angle":202.5,"time":79.833335876465,"startTap":true,"angle2":67.5,"type":"hold","duration":1},{"angle":315,"time":77.375,"type":"block"},{"angle":270,"time":76.875,"type":"block"},{"angle":22.5,"time":77.875,"type":"block"},{"angle":292.5,"time":76.333333333333,"type":"block"},{"angle":270,"time":82.333335876465,"type":"block"},{"angle":292.5,"time":82.333335876465,"type":"block"},{"angle":-45,"time":82.333335876465,"type":"block"},{"angle":360,"time":71,"type":"block"},{"type":"mine","time":84,"speedMult":0.69999998807907,"angle":135},{"type":"mine","time":85,"speedMult":0.69999998807907,"angle":67.5},{"type":"mine","time":86,"speedMult":0.69999998807907,"angle":135},{"type":"mine","time":87,"speedMult":0.69999998807907,"angle":180},{"type":"mine","time":88,"speedMult":0.69999998807907,"angle":225},{"type":"mine","time":74,"speedMult":0.69999998807907,"angle":270},{"type":"mine","time":73,"speedMult":0.69999998807907,"angle":225},{"type":"mine","time":79,"speedMult":0.69999998807907,"angle":67.5},{"type":"mine","time":82,"speedMult":0.69999998807907,"angle":90},{"type":"mine","time":81,"speedMult":0.69999998807907,"angle":180},{"type":"mine","time":83,"speedMult":0.69999998807907,"angle":225},{"type":"mine","time":75,"speedMult":0.69999998807907,"angle":315},{"type":"mine","time":77,"speedMult":0.69999998807907,"angle":67.5},{"type":"mine","time":78,"speedMult":0.69999998807907,"angle":247.5},{"type":"mine","time":80,"speedMult":0.69999998807907,"angle":315},{"type":"mine","time":76,"speedMult":0.69999998807907,"angle":112.5},{"type":"mine","time":89,"speedMult":0.69999998807907,"angle":22.5},{"type":"mine","time":90,"speedMult":0.69999998807907,"angle":67.5},{"type":"mine","time":91,"speedMult":0.69999998807907,"angle":112.5},{"type":"mine","time":92,"speedMult":0.69999998807907,"angle":67.5},{"type":"mine","time":93,"speedMult":0.69999998807907,"angle":315},{"type":"mine","time":94,"speedMult":0.69999998807907,"angle":180},{"type":"mine","time":95,"speedMult":0.69999998807907,"angle":270},{"type":"mine","time":96,"speedMult":0.69999998807907,"angle":247.5},{"type":"mine","time":97,"speedMult":0.69999998807907,"angle":157.5},{"type":"mine","time":98,"speedMult":0.69999998807907,"angle":45},{"type":"mine","time":99,"speedMult":0.69999998807907,"angle":225},{"angle":495,"time":110.875,"startTap":true,"angle2":247.5,"type":"hold","duration":3.0000002384186},{"angle":90,"time":94.333335876465,"type":"inverse"},{"angle":135,"time":94.833335876465,"type":"inverse"},{"angle":45,"time":95.333335876465,"type":"inverse"},{"angle":360,"time":95.833335876465,"type":"inverse"},{"angle":292.5,"time":100.25,"type":"inverse"},{"angle":337.5,"time":100.25,"type":"inverse"},{"type":"mine","time":100,"speedMult":0.69999998807907,"angle":0},{"angle":292.5,"time":89.875,"type":"inverse"},{"angle":315,"time":89.875,"type":"inverse","tap":true},{"angle":315,"time":100.25,"type":"inverse"},{"type":"mine","time":101,"speedMult":0.69999998807907,"angle":270},{"type":"mine","time":102,"speedMult":0.69999998807907,"angle":315},{"type":"mine","time":103,"speedMult":0.69999998807907,"angle":270},{"type":"mine","time":104,"speedMult":0.69999998807907,"angle":157.5},{"type":"mine","time":105,"speedMult":0.69999998807907,"angle":90},{"type":"mine","time":107,"speedMult":0.69999998807907,"angle":157.5},{"type":"mine","time":108,"speedMult":0.69999998807907,"angle":90},{"type":"mine","time":109,"speedMult":0.69999998807907,"angle":157.5},{"type":"mine","time":110,"speedMult":0.69999998807907,"angle":225},{"type":"mine","time":110,"speedMult":0.69999998807907,"angle":270},{"type":"mine","time":111,"speedMult":0.69999998807907,"angle":202.5},{"type":"mine","time":106,"speedMult":0.69999998807907,"angle":67.5},{"type":"mine","time":112,"speedMult":0.69999998807907,"angle":292.5},{"type":"mine","time":112,"speedMult":0.69999998807907,"angle":247.5},{"type":"mine","time":113,"speedMult":0.69999998807907,"angle":225},{"type":"mine","time":113,"speedMult":0.69999998807907,"angle":180},{"angle":-120,"time":395.625,"angle2":-120,"type":"mineHold","duration":1},{"angle":-97.5,"time":395.625,"angle2":-120,"type":"mineHold","duration":0},{"angle":-435,"time":395.625,"angle2":-435,"type":"mineHold","duration":1},{"angle":-412.5,"time":395.625,"angle2":-435,"type":"mineHold","duration":0},{"angle":-412.5,"time":396.125,"angle2":-435,"type":"mineHold","duration":0},{"angle":-412.5,"time":396.625,"angle2":-435,"type":"mineHold","duration":0},{"angle":-390,"time":395.625,"angle2":-390,"type":"mineHold","duration":1},{"angle":-345,"time":395.625,"angle2":-345,"type":"mineHold","duration":1},{"angle":-367.5,"time":395.95834350586,"angle2":-390,"type":"mineHold","duration":0.66666662693024},{"angle":-367.5,"time":395.95834350586,"angle2":-345,"type":"mineHold","duration":0.66666662693024},{"angle":-300,"time":395.625,"holdEase":"outCirc","angle2":-322.5,"type":"mineHold","duration":0.49999994039536},{"angle":-322.5,"time":396.125,"holdEase":"inCirc","angle2":-300,"type":"mineHold","duration":0.49999994039536},{"angle":-277.5,"time":396.125,"holdEase":"inCirc","angle2":-300,"type":"mineHold","duration":0.49999994039536},{"angle":-300,"time":395.625,"holdEase":"outQuint","angle2":-277.5,"type":"mineHold","duration":0.5},{"angle":-255,"time":395.625,"angle2":-255,"type":"mineHold","duration":1},{"angle":-232.5,"time":395.625,"angle2":-232.5,"type":"mineHold","duration":1},{"angle":-232.5,"time":395.625,"holdEase":"outSine","angle2":-255,"type":"mineHold","duration":1},{"angle":307.5,"time":398.125,"angle2":307.5,"type":"mineHold","duration":1},{"angle":307.5,"time":398.125,"holdEase":"outCirc","angle2":285,"type":"mineHold","duration":0.49999994039536},{"angle":285,"time":398.625,"holdEase":"inCirc","angle2":307.5,"type":"mineHold","duration":0.49999994039536},{"angle":262.5,"time":398.125,"angle2":262.5,"type":"mineHold","duration":1},{"angle":240,"time":398.125,"angle2":262.5,"type":"mineHold","duration":0},{"angle":240,"time":398.625,"angle2":262.5,"type":"mineHold","duration":0},{"angle":240,"time":399.125,"angle2":262.5,"type":"mineHold","duration":0},{"angle":217.5,"time":398.125,"angle2":217.5,"type":"mineHold","duration":1},{"angle":172.5,"time":398.125,"angle2":172.5,"type":"mineHold","duration":1},{"angle":217.5,"time":398.125,"angle2":195,"type":"mineHold","duration":0.66666662693024},{"angle":172.5,"time":398.125,"angle2":172.5,"type":"mineHold","duration":1},{"angle":172.5,"time":398.125,"angle2":195,"type":"mineHold","duration":0.66666662693024},{"angle":127.5,"time":398.125,"holdEase":"outCirc","angle2":150,"type":"mineHold","duration":0.49999994039536},{"angle":105,"time":398.625,"holdEase":"inCirc","angle2":127.5,"type":"mineHold","duration":0.49999994039536},{"angle":150,"time":398.625,"holdEase":"inCirc","angle2":127.5,"type":"mineHold","duration":0.49999994039536},{"angle":127.5,"time":398.125,"holdEase":"outCirc","angle2":105,"type":"mineHold","duration":0.49999994039536},{"angle":82.5,"time":398.125,"angle2":82.5,"type":"mineHold","duration":1},{"angle":82.5,"time":398.125,"holdEase":"outSine","angle2":60,"type":"mineHold","duration":1},{"angle":60,"time":398.125,"angle2":60,"type":"mineHold","duration":1},{"angle":225,"time":185.5,"angle2":360,"type":"hold","duration":1.4999998807907},{"angle":67.5,"time":182.5,"angle2":0,"type":"hold","duration":1},{"angle":135,"time":188.5,"angle2":180,"type":"hold","duration":1},{"angle":22.5,"time":191.5,"type":"block"},{"angle":337.5,"time":191.5,"type":"block"},{"angle":0,"time":185.5,"type":"extraTap"},{"angle":360,"time":182.5,"type":"extraTap"},{"angle":157.5,"time":188.5,"type":"extraTap"},{"angle":-180,"time":194.5,"angle2":-247.5,"type":"hold","duration":1},{"angle":90,"time":202,"type":"block"},{"angle":45,"time":202,"type":"block"},{"angle":270,"time":200.5,"type":"block"},{"angle":315,"time":200.5,"type":"block"},{"angle":292.5,"time":184.5,"type":"inverse"},{"angle":270,"time":184.5,"type":"inverse"},{"angle":292.5,"time":190.5,"type":"inverse"},{"angle":270,"time":190.5,"type":"inverse"},{"angle":-315,"time":196.5,"type":"inverse"},{"angle":-337.5,"time":196.5,"type":"inverse"},{"angle":-360,"time":196.5,"type":"inverse"},{"angle":337.5,"time":199,"type":"inverse"},{"angle":292.5,"time":199,"type":"inverse"},{"angle":315,"time":199,"type":"inverse"},{"angle":360,"time":206.5,"type":"extraTap"},{"angle":22.5,"time":206.5,"angle2":-135,"type":"hold","duration":3.0000002384186},{"angle":292.5,"time":213.5,"type":"inverse"},{"angle":315,"time":213.5,"type":"inverse"},{"angle":337.5,"time":213.5,"type":"inverse"},{"angle":90,"time":212.5,"type":"inverse"},{"angle":45,"time":212.5,"type":"inverse"},{"angle":67.5,"time":212.5,"type":"inverse"},{"angle":326.25,"time":212.5,"type":"extraTap"},{"angle":337.5,"time":209.5,"type":"extraTap"},{"angle":90,"time":215.5,"holdEase":"inExpo","angle2":0,"type":"hold","duration":1.9999998807907},{"angle":225,"time":209.5,"angle2":67.5,"type":"hold","duration":3.0000002384186},{"angle":315,"time":219.5,"type":"block"},{"angle":292.5,"time":219.5,"type":"block"},{"angle":270,"time":219.5,"type":"block"},{"angle":112.5,"time":215.5,"type":"extraTap"},{"angle":0,"time":218.5,"type":"extraTap"},{"angle":67.5,"time":221.5,"type":"inverse"},{"angle":90,"time":221.5,"type":"inverse"},{"angle":112.5,"time":222.5,"type":"inverse"},{"angle":135,"time":222.5,"type":"inverse"},{"angle":157.5,"time":223.5,"type":"inverse"},{"angle":180,"time":223.5,"type":"inverse"},{"angle":202.5,"time":224.5,"type":"inverse"},{"angle":225,"time":224.5,"type":"inverse"},{"angle":270,"time":225.5,"type":"inverse"},{"angle":247.5,"time":225.5,"type":"inverse"},{"angle":315,"time":226.5,"type":"inverse"},{"angle":292.5,"time":226.5,"type":"inverse"},{"angle":45,"time":221.5,"type":"extraTap"},{"angle":180,"time":224.5,"type":"extraTap"},{"type":"mine","time":203.5,"speedMult":0.69999998807907,"angle":157.5},{"type":"mine","time":205.5,"speedMult":0.69999998807907,"angle":157.5},{"type":"mine","time":206.5,"speedMult":0.69999998807907,"angle":157.5},{"type":"mine","time":204.5,"speedMult":0.69999998807907,"angle":135},{"type":"mine","time":207.5,"speedMult":0.69999998807907,"angle":135},{"type":"mine","time":208.5,"speedMult":0.69999998807907,"angle":112.5},{"angle":337.5,"time":203.5,"angle2":382.5,"type":"hold","duration":3.0000002384186},{"type":"mine","time":209.5,"speedMult":0.69999998807907,"angle":67.5},{"type":"mine","time":210.5,"speedMult":0.69999998807907,"angle":22.5},{"type":"mine","time":211.5,"speedMult":0.69999998807907,"angle":0},{"type":"mine","time":212.5,"speedMult":0.69999998807907,"angle":337.5},{"type":"mine","time":213.5,"speedMult":0.69999998807907,"angle":157.5},{"type":"mine","time":214.5,"speedMult":0.69999998807907,"angle":180},{"type":"mine","time":215.5,"speedMult":0.69999998807907,"angle":225},{"type":"mine","time":216.5,"speedMult":0.69999998807907,"angle":247.5},{"type":"mine","time":217.5,"speedMult":0.69999998807907,"angle":135},{"type":"mine","time":218.5,"speedMult":0.69999998807907,"angle":90},{"type":"mine","time":219.5,"speedMult":0.69999998807907,"angle":135},{"type":"mine","time":220.66667175293,"speedMult":0.69999998807907,"angle":0},{"type":"mine","time":221.5,"speedMult":0.69999998807907,"angle":292.5},{"type":"mine","time":222.5,"speedMult":0.69999998807907,"angle":270},{"type":"mine","time":223.5,"speedMult":0.69999998807907,"angle":292.5},{"type":"mine","time":224.5,"speedMult":0.69999998807907,"angle":315},{"type":"mine","time":225.5,"speedMult":0.69999998807907,"angle":22.5},{"type":"mine","time":226.5,"speedMult":0.69999998807907,"angle":90},{"type":"mine","time":227.5,"speedMult":0.69999998807907,"angle":135},{"type":"mine","time":227.83332824707,"speedMult":0.69999998807907,"angle":157.5},{"type":"mine","time":228.5,"speedMult":0.69999998807907,"angle":180},{"type":"mine","time":229.5,"speedMult":0.69999998807907,"angle":202.5},{"angle":337.5,"time":230.5,"angle2":382.5,"type":"hold","duration":1.4999998807907},{"angle":0,"time":230.5,"angle2":45,"type":"hold","duration":1.4999998807907},{"angle":90,"time":233.5,"angle2":45,"type":"hold","duration":1.4999998807907},{"angle":67.5,"time":233.5,"angle2":22.5,"type":"hold","duration":1.4999998807907},{"angle":225,"time":229.5,"type":"mine"},{"angle":247.5,"time":229.5,"type":"mine"},{"angle":270,"time":229.5,"type":"mine"},{"angle":292.5,"time":229.5,"type":"mine"},{"angle":180,"time":229.5,"type":"mine"},{"angle":157.5,"time":229.5,"type":"mine"},{"angle":135,"time":229.5,"type":"mine"},{"angle":112.5,"time":229.5,"type":"mine"},{"angle":90,"time":229.5,"type":"mine"},{"angle":67.5,"time":229.5,"type":"mine"},{"angle":45,"time":229.5,"type":"mine"},{"angle":22.5,"time":229.5,"type":"mine"},{"angle":202.5,"time":228.5,"type":"mine"},{"angle":225,"time":228.5,"type":"mine"},{"angle":247.5,"time":228.5,"type":"mine"},{"angle":270,"time":228.5,"type":"mine"},{"angle":157.5,"time":228.5,"type":"mine"},{"angle":135,"time":228.5,"type":"mine"},{"angle":112.5,"time":228.5,"type":"mine"},{"angle":90,"time":228.5,"type":"mine"},{"angle":67.5,"time":228.5,"type":"mine"},{"angle":45,"time":228.5,"type":"mine"},{"angle":22.5,"time":228.5,"type":"mine"},{"angle":180,"time":227.83332824707,"type":"mine"},{"angle":202.5,"time":227.83332824707,"type":"mine"},{"angle":225,"time":227.83332824707,"type":"mine"},{"angle":247.5,"time":227.83332824707,"type":"mine"},{"angle":135,"time":227.83332824707,"type":"mine"},{"angle":112.5,"time":227.83332824707,"type":"mine"},{"angle":90,"time":227.83332824707,"type":"mine"},{"angle":67.5,"time":227.83332824707,"type":"mine"},{"angle":112.5,"time":227.5,"type":"mine"},{"angle":157.5,"time":227.5,"type":"mine"},{"angle":180,"time":227.5,"type":"mine"},{"angle":202.5,"time":227.5,"type":"mine"},{"angle":225,"time":227.5,"type":"mine"},{"angle":90,"time":227.5,"type":"mine"},{"angle":202.5,"time":293,"type":"mine"},{"angle":315,"time":293,"type":"mine"},{"angle":337.5,"time":293,"type":"mine"},{"angle":360,"time":293,"type":"mine"},{"angle":22.5,"time":293,"type":"mine"},{"angle":45,"time":293,"type":"mine"},{"angle":135,"time":293,"type":"mine"},{"angle":157.5,"time":293,"type":"mine"},{"angle":180,"time":293,"type":"mine"},{"type":"block","time":298.5,"speedMult":2,"angle":67.5},{"type":"block","time":298,"speedMult":2,"angle":225},{"angle":270,"time":251,"type":"mineHold","speedMult":2,"angle2":180,"duration":12},{"angle":-90,"time":268,"type":"mineHold","speedMult":2,"angle2":0,"duration":12},{"angle":90,"time":251,"type":"mineHold","speedMult":2,"angle2":0,"duration":12},{"angle":90,"time":268,"type":"mineHold","speedMult":2,"angle2":180,"duration":12},{"angle":360,"time":263,"type":"mineHold","speedMult":2,"angle2":630,"duration":4.9999995231628},{"angle":180,"time":263,"type":"mineHold","speedMult":2,"angle2":450,"duration":5},{"type":"mine","time":250.875,"speedMult":1.75,"angle":135},{"type":"mine","time":250.875,"speedMult":1.75,"angle":112.5},{"type":"mine","time":250.875,"speedMult":1.75,"angle":247.5},{"type":"mine","time":250.875,"speedMult":1.75,"angle":225},{"type":"mine","time":250.875,"speedMult":1.75,"angle":202.5},{"type":"mine","time":250.875,"speedMult":1.75,"angle":157.5},{"type":"mine","time":250.875,"speedMult":1.75,"angle":180},{"type":"mine","time":271,"speedMult":0.69999998807907,"angle":202.5},{"type":"mine","time":271,"speedMult":0.69999998807907,"angle":225},{"type":"mine","time":271,"speedMult":0.69999998807907,"angle":247.5},{"type":"mine","time":271,"speedMult":0.69999998807907,"angle":270},{"type":"mine","time":271,"speedMult":0.69999998807907,"angle":135},{"type":"mine","time":272,"speedMult":0.69999998807907,"angle":258.75},{"type":"mine","time":272,"speedMult":0.69999998807907,"angle":270},{"type":"mine","time":272,"speedMult":0.69999998807907,"angle":292.5},{"type":"mine","time":272,"speedMult":0.69999998807907,"angle":281.25},{"type":"mine","time":272,"speedMult":0.69999998807907,"angle":191.25},{"type":"mine","time":272,"speedMult":0.69999998807907,"angle":180},{"type":"mine","time":272,"speedMult":0.69999998807907,"angle":168.75},{"type":"mine","time":272,"speedMult":0.69999998807907,"angle":157.5},{"type":"mine","time":272,"speedMult":0.69999998807907,"angle":146.25},{"type":"mine","time":272,"speedMult":0.69999998807907,"angle":135},{"type":"mine","time":273,"speedMult":0.69999998807907,"angle":292.5},{"type":"mine","time":273,"speedMult":0.69999998807907,"angle":281.25},{"type":"mine","time":273,"speedMult":0.69999998807907,"angle":270},{"type":"mine","time":273,"speedMult":0.69999998807907,"angle":202.5},{"type":"mine","time":273,"speedMult":0.69999998807907,"angle":191.25},{"type":"mine","time":273,"speedMult":0.69999998807907,"angle":180},{"type":"mine","time":273,"speedMult":0.69999998807907,"angle":157.5},{"type":"mine","time":273,"speedMult":0.69999998807907,"angle":135},{"type":"mine","time":273,"speedMult":0.69999998807907,"angle":168.75},{"type":"mine","time":273,"speedMult":0.69999998807907,"angle":146.25},{"type":"mine","time":274,"speedMult":0.69999998807907,"angle":270},{"type":"mine","time":274,"speedMult":0.69999998807907,"angle":281.25},{"type":"mine","time":274,"speedMult":0.69999998807907,"angle":292.5},{"type":"mine","time":274,"speedMult":0.69999998807907,"angle":303.75},{"type":"mine","time":274,"speedMult":0.69999998807907,"angle":191.25},{"type":"mine","time":274,"speedMult":0.69999998807907,"angle":180},{"type":"mine","time":274,"speedMult":0.69999998807907,"angle":168.75},{"type":"mine","time":275,"speedMult":0.69999998807907,"angle":292.5},{"type":"mine","time":275,"speedMult":0.69999998807907,"angle":303.75},{"type":"mine","time":275,"speedMult":0.69999998807907,"angle":315},{"type":"mine","time":275,"speedMult":0.69999998807907,"angle":202.5},{"type":"mine","time":275,"speedMult":0.69999998807907,"angle":191.25},{"type":"mine","time":275,"speedMult":0.69999998807907,"angle":168.75},{"type":"mine","time":275,"speedMult":0.69999998807907,"angle":157.5},{"type":"mine","time":275,"speedMult":0.69999998807907,"angle":180},{"type":"mine","time":276,"speedMult":0.69999998807907,"angle":247.5},{"type":"mine","time":276,"speedMult":0.69999998807907,"angle":236.25},{"type":"mine","time":276,"speedMult":0.69999998807907,"angle":225},{"type":"mine","time":276,"speedMult":0.69999998807907,"angle":213.75},{"type":"mine","time":276,"speedMult":0.69999998807907,"angle":202.5},{"type":"mine","time":276,"speedMult":0.69999998807907,"angle":191.25},{"type":"mine","time":276,"speedMult":0.69999998807907,"angle":315},{"type":"mine","time":277,"speedMult":0.69999998807907,"angle":247.5},{"type":"mine","time":277,"speedMult":0.69999998807907,"angle":258.75},{"type":"mine","time":277,"speedMult":0.69999998807907,"angle":213.75},{"type":"mine","time":277,"speedMult":0.69999998807907,"angle":236.25},{"type":"mine","time":277,"speedMult":0.69999998807907,"angle":202.5},{"type":"mine","time":277,"speedMult":0.69999998807907,"angle":191.25},{"type":"mine","time":277,"speedMult":0.69999998807907,"angle":180},{"type":"mine","time":277,"speedMult":0.69999998807907,"angle":225},{"type":"mine","time":276,"speedMult":0.69999998807907,"angle":168.75},{"type":"mine","time":276,"speedMult":0.69999998807907,"angle":180},{"type":"mine","time":278,"speedMult":0.69999998807907,"angle":202.5},{"type":"mine","time":278,"speedMult":0.69999998807907,"angle":270},{"type":"mine","time":278,"speedMult":0.69999998807907,"angle":281.25},{"type":"mine","time":278,"speedMult":0.69999998807907,"angle":292.5},{"type":"mine","time":278,"speedMult":0.69999998807907,"angle":303.75},{"type":"mine","time":278,"speedMult":0.69999998807907,"angle":315},{"type":"mine","time":278,"speedMult":0.69999998807907,"angle":326.25},{"type":"mine","time":278,"speedMult":0.69999998807907,"angle":191.25},{"type":"mine","time":278,"speedMult":0.69999998807907,"angle":180},{"type":"mine","time":271,"speedMult":0.69999998807907,"angle":213.75},{"type":"mine","time":271,"speedMult":0.69999998807907,"angle":236.25},{"type":"mine","time":271,"speedMult":0.69999998807907,"angle":258.75},{"type":"mine","time":271,"speedMult":0.69999998807907,"angle":281.25},{"type":"block","time":251,"speedMult":1.5,"angle":0,"tap":true},{"type":"mine","time":278,"speedMult":0.69999998807907,"angle":213.75},{"type":"mine","time":277,"speedMult":0.69999998807907,"angle":315},{"type":"mine","time":276,"speedMult":0.69999998807907,"angle":258.75},{"type":"mine","time":276,"speedMult":0.69999998807907,"angle":303.75},{"type":"mine","time":275,"speedMult":0.69999998807907,"angle":281.25},{"type":"mine","time":275,"speedMult":0.69999998807907,"angle":213.75},{"type":"mine","time":274,"speedMult":0.69999998807907,"angle":247.5},{"type":"mine","time":274,"speedMult":0.69999998807907,"angle":258.75},{"type":"mine","time":273,"speedMult":0.69999998807907,"angle":213.75},{"type":"mine","time":272,"speedMult":0.69999998807907,"angle":202.5},{"type":"mine","time":271,"speedMult":0.69999998807907,"angle":191.25},{"type":"mine","time":271,"speedMult":0.69999998807907,"angle":123.75},{"type":"mine","time":272,"speedMult":0.69999998807907,"angle":123.75},{"type":"extraTap","time":251,"speedMult":1.5,"angle":292.5},{"angle":348.75,"time":269.25,"type":"block"},{"angle":45,"time":273.75,"type":"block"},{"angle":45,"time":274.75,"type":"block"},{"angle":67.5,"time":274.25,"type":"block"},{"angle":135,"time":255.75,"type":"block"},{"angle":157.5,"time":256.25,"type":"block"},{"angle":135,"time":256.75,"type":"block"},{"angle":337.5,"time":251,"type":"hold","speedMult":1.5,"angle2":382.5,"duration":2.125},{"angle":22.5,"time":251,"type":"hold","speedMult":1.5,"angle2":45,"duration":2.125},{"angle":22.5,"time":253.125,"type":"hold","speedMult":1.5,"angle2":-67.5,"duration":1},{"angle":45,"time":253.125,"type":"hold","speedMult":1.5,"angle2":-67.5,"duration":1},{"angle":292.5,"time":254.125,"type":"hold","speedMult":1.5,"angle2":315,"duration":1.625},{"angle":315,"time":255.75,"type":"hold","speedMult":1.5,"angle2":337.5,"duration":0.5},{"angle":337.5,"time":256.25,"type":"hold","speedMult":1.5,"angle2":315,"duration":0.5},{"angle":315,"time":256.75,"type":"hold","speedMult":1.5,"angle2":360,"duration":0.5},{"angle":0,"time":257.25,"type":"hold","speedMult":1.5,"angle2":-112.5,"duration":1.875},{"angle":247.5,"time":259.125,"type":"hold","speedMult":1.5,"angle2":292.5,"duration":1},{"angle":247.5,"time":259.125,"type":"hold","speedMult":1.5,"angle2":315,"duration":1},{"angle":315,"time":260.125,"type":"hold","speedMult":1.5,"angle2":270,"duration":1.625},{"angle":292.5,"time":260.125,"type":"hold","speedMult":1.5,"angle2":270,"duration":1.625},{"angle":270,"time":261.75,"type":"hold","speedMult":1.5,"angle2":270,"duration":1.375},{"angle":270,"time":261.75,"type":"hold","speedMult":1.5,"angle2":292.5,"duration":1.375},{"angle":225,"time":253.125,"angle2":112.5,"type":"hold","duration":1},{"angle":202.5,"time":253.125,"angle2":112.5,"type":"hold","duration":1},{"angle":135,"time":260.125,"angle2":90,"type":"hold","duration":1.625},{"angle":112.5,"time":260.125,"angle2":90,"type":"hold","duration":1.625},{"angle":180,"time":257.25,"type":"block"},{"angle":67.5,"time":259.125,"angle2":112.5,"type":"hold","duration":1},{"angle":67.5,"time":259.125,"angle2":135,"type":"hold","duration":1},{"angle":112.5,"time":263.125,"angle2":202.5,"type":"hold","duration":1.625},{"angle":90,"time":263.125,"angle2":180,"type":"hold","duration":1.625},{"angle":360,"time":264.75,"type":"hold","speedMult":1.5,"angle2":405,"duration":1.375},{"angle":22.5,"time":264.75,"type":"hold","speedMult":1.5,"angle2":67.5,"duration":1.375},{"angle":292.5,"time":263.125,"type":"hold","speedMult":1.5,"angle2":382.5,"duration":1.625},{"angle":270,"time":263.125,"type":"hold","speedMult":1.5,"angle2":360,"duration":1.625},{"type":"extraTap","time":257.25,"speedMult":1.2999999523163,"angle":157.5},{"type":"extraTap","time":263.125,"speedMult":1.2999999523163,"angle":67.5},{"type":"extraTap","time":269.25,"speedMult":1.2999999523163,"angle":337.5},{"type":"extraTap","time":275.25,"speedMult":1.2999999523163,"angle":56.25},{"type":"extraTap","time":266.125,"speedMult":1.5,"angle":270},{"angle":247.5,"time":266.125,"angle2":315,"type":"hold","duration":1.375},{"angle":225,"time":266.125,"angle2":292.5,"type":"hold","duration":1.375},{"angle":112.5,"time":267.5,"type":"block"},{"angle":135,"time":267.5,"type":"block"},{"angle":292.5,"time":236.5,"type":"block"},{"angle":292.5,"time":239.5,"type":"block"},{"angle":270,"time":236.5,"angle2":247.5,"type":"hold","duration":1.5},{"angle":315,"time":236.5,"angle2":270,"type":"hold","duration":1.5},{"angle":315,"time":239.5,"angle2":427.5,"type":"hold","duration":1.6666665077209},{"angle":270,"time":239.5,"angle2":405,"type":"hold","duration":1.6666665077209},{"angle":90,"time":242.125,"type":"block"},{"angle":112.5,"time":242.125,"type":"block"},{"angle":112.5,"time":243.125,"type":"block"},{"angle":135,"time":243.125,"type":"block"},{"angle":67.5,"time":244.125,"type":"block"},{"angle":90,"time":244.125,"type":"block"},{"angle":90,"time":244.5,"type":"block"},{"angle":112.5,"time":244.5,"type":"block"},{"angle":135,"time":245,"angle2":247.5,"type":"hold","duration":3.375},{"angle":112.5,"time":245,"angle2":225,"type":"hold","duration":3.375},{"angle":337.5,"time":250,"type":"block"},{"angle":0,"time":250,"type":"block"},{"angle":22.5,"time":250,"type":"block"},{"type":"mine","time":275,"speedMult":0.69999998807907,"angle":225},{"angle":180,"time":15,"type":"mine"},{"angle":337.5,"time":227.5,"type":"extraTap"},{"angle":337.5,"time":228.5,"type":"extraTap"},{"angle":247.5,"time":230.375,"type":"extraTap"},{"angle":247.5,"time":231.375,"type":"extraTap"},{"angle":112.5,"time":233.375,"type":"extraTap"},{"angle":112.5,"time":234.375,"type":"extraTap"},{"angle":112.5,"time":236.5,"type":"extraTap"},{"angle":112.5,"time":237.5,"type":"extraTap"},{"angle":112.5,"time":239.5,"type":"extraTap"},{"angle":112.5,"time":240.5,"type":"extraTap"},{"angle":56.25,"time":245.375,"type":"extraTap"},{"angle":56.25,"time":246.375,"type":"extraTap"},{"angle":56.25,"time":247.375,"type":"extraTap"},{"angle":33.75,"time":242.375,"type":"extraTap"},{"angle":326.25,"time":293,"type":"mine"},{"angle":33.75,"time":293,"type":"mine"},{"angle":11.25,"time":293,"type":"mine"},{"angle":348.75,"time":293,"type":"mine"},{"angle":146.25,"time":293,"type":"mine"},{"angle":168.75,"time":293,"type":"mine"},{"angle":191.25,"time":293,"type":"mine"},{"angle":213.75,"time":293,"type":"mine"},{"angle":225,"time":293,"type":"mine"},{"type":"block","time":298.5,"speedMult":2,"angle":247.5},{"type":"block","time":298,"speedMult":2,"angle":405},{"angle":191.25,"time":294,"type":"mine"},{"angle":303.75,"time":294,"type":"mine"},{"angle":326.25,"time":294,"type":"mine"},{"angle":348.75,"time":294,"type":"mine"},{"angle":11.25,"time":294,"type":"mine"},{"angle":33.75,"time":294,"type":"mine"},{"angle":123.75,"time":294,"type":"mine"},{"angle":146.25,"time":294,"type":"mine"},{"angle":168.75,"time":294,"type":"mine"},{"angle":315,"time":294,"type":"mine"},{"angle":22.5,"time":294,"type":"mine"},{"angle":0,"time":294,"type":"mine"},{"angle":337.5,"time":294,"type":"mine"},{"angle":135,"time":294,"type":"mine"},{"angle":157.5,"time":294,"type":"mine"},{"angle":180,"time":294,"type":"mine"},{"angle":202.5,"time":294,"type":"mine"},{"angle":213.75,"time":294,"type":"mine"},{"angle":180,"time":295,"type":"mine"},{"angle":292.5,"time":295,"type":"mine"},{"angle":315,"time":295,"type":"mine"},{"angle":337.5,"time":295,"type":"mine"},{"angle":0,"time":295,"type":"mine"},{"angle":22.5,"time":295,"type":"mine"},{"angle":112.5,"time":295,"type":"mine"},{"angle":135,"time":295,"type":"mine"},{"angle":157.5,"time":295,"type":"mine"},{"angle":303.75,"time":295,"type":"mine"},{"angle":11.25,"time":295,"type":"mine"},{"angle":-11.25,"time":295,"type":"mine"},{"angle":326.25,"time":295,"type":"mine"},{"angle":123.75,"time":295,"type":"mine"},{"angle":146.25,"time":295,"type":"mine"},{"angle":168.75,"time":295,"type":"mine"},{"angle":191.25,"time":295,"type":"mine"},{"angle":202.5,"time":295,"type":"mine"},{"angle":168.75,"time":296,"type":"mine"},{"angle":281.25,"time":296,"type":"mine"},{"angle":303.75,"time":296,"type":"mine"},{"angle":326.25,"time":296,"type":"mine"},{"angle":-11.25,"time":296,"type":"mine"},{"angle":11.25,"time":296,"type":"mine"},{"angle":101.25,"time":296,"type":"mine"},{"angle":123.75,"time":296,"type":"mine"},{"angle":146.25,"time":296,"type":"mine"},{"angle":292.5,"time":296,"type":"mine"},{"angle":0,"time":296,"type":"mine"},{"angle":-22.5,"time":296,"type":"mine"},{"angle":315,"time":296,"type":"mine"},{"angle":112.5,"time":296,"type":"mine"},{"angle":135,"time":296,"type":"mine"},{"angle":157.5,"time":296,"type":"mine"},{"angle":180,"time":296,"type":"mine"},{"angle":191.25,"time":296,"type":"mine"},{"angle":157.5,"time":297,"type":"mine"},{"angle":270,"time":297,"type":"mine"},{"angle":292.5,"time":297,"type":"mine"},{"angle":315,"time":297,"type":"mine"},{"angle":-22.5,"time":297,"type":"mine"},{"angle":0,"time":297,"type":"mine"},{"angle":90,"time":297,"type":"mine"},{"angle":112.5,"time":297,"type":"mine"},{"angle":135,"time":297,"type":"mine"},{"angle":281.25,"time":297,"type":"mine"},{"angle":-11.25,"time":297,"type":"mine"},{"angle":-33.75,"time":297,"type":"mine"},{"angle":303.75,"time":297,"type":"mine"},{"angle":101.25,"time":297,"type":"mine"},{"angle":123.75,"time":297,"type":"mine"},{"angle":146.25,"time":297,"type":"mine"},{"angle":168.75,"time":297,"type":"mine"},{"angle":180,"time":297,"type":"mine"},{"angle":146.25,"time":298,"type":"mine"},{"angle":258.75,"time":298,"type":"mine"},{"angle":281.25,"time":298,"type":"mine"},{"angle":303.75,"time":298,"type":"mine"},{"angle":-33.75,"time":298,"type":"mine"},{"angle":-11.25,"time":298,"type":"mine"},{"angle":78.75,"time":298,"type":"mine"},{"angle":101.25,"time":298,"type":"mine"},{"angle":123.75,"time":298,"type":"mine"},{"angle":270,"time":298,"type":"mine"},{"angle":-22.5,"time":298,"type":"mine"},{"angle":-45,"time":298,"type":"mine"},{"angle":292.5,"time":298,"type":"mine"},{"angle":90,"time":298,"type":"mine"},{"angle":112.5,"time":298,"type":"mine"},{"angle":135,"time":298,"type":"mine"},{"angle":157.5,"time":298,"type":"mine"},{"angle":168.75,"time":298,"type":"mine"},{"angle":202.5,"time":299,"type":"mine"},{"angle":315,"time":299,"type":"mine"},{"angle":337.5,"time":299,"type":"mine"},{"angle":360,"time":299,"type":"mine"},{"angle":22.5,"time":299,"type":"mine"},{"angle":45,"time":299,"type":"mine"},{"angle":135,"time":299,"type":"mine"},{"angle":157.5,"time":299,"type":"mine"},{"angle":180,"time":299,"type":"mine"},{"angle":326.25,"time":299,"type":"mine"},{"angle":33.75,"time":299,"type":"mine"},{"angle":11.25,"time":299,"type":"mine"},{"angle":348.75,"time":299,"type":"mine"},{"angle":146.25,"time":299,"type":"mine"},{"angle":168.75,"time":299,"type":"mine"},{"angle":191.25,"time":299,"type":"mine"},{"angle":213.75,"time":299,"type":"mine"},{"angle":225,"time":299,"type":"mine"},{"angle":225,"time":300,"type":"mine"},{"angle":337.5,"time":300,"type":"mine"},{"angle":360,"time":300,"type":"mine"},{"angle":382.5,"time":300,"type":"mine"},{"angle":45,"time":300,"type":"mine"},{"angle":67.5,"time":300,"type":"mine"},{"angle":157.5,"time":300,"type":"mine"},{"angle":180,"time":300,"type":"mine"},{"angle":202.5,"time":300,"type":"mine"},{"angle":348.75,"time":300,"type":"mine"},{"angle":56.25,"time":300,"type":"mine"},{"angle":33.75,"time":300,"type":"mine"},{"angle":371.25,"time":300,"type":"mine"},{"angle":168.75,"time":300,"type":"mine"},{"angle":191.25,"time":300,"type":"mine"},{"angle":213.75,"time":300,"type":"mine"},{"angle":236.25,"time":300,"type":"mine"},{"angle":247.5,"time":300,"type":"mine"},{"angle":247.5,"time":301,"type":"mine"},{"angle":360,"time":301,"type":"mine"},{"angle":382.5,"time":301,"type":"mine"},{"angle":405,"time":301,"type":"mine"},{"angle":67.5,"time":301,"type":"mine"},{"angle":90,"time":301,"type":"mine"},{"angle":180,"time":301,"type":"mine"},{"angle":202.5,"time":301,"type":"mine"},{"angle":225,"time":301,"type":"mine"},{"angle":371.25,"time":301,"type":"mine"},{"angle":78.75,"time":301,"type":"mine"},{"angle":45,"time":301,"type":"mine"},{"angle":393.75,"time":301,"type":"mine"},{"angle":191.25,"time":301,"type":"mine"},{"angle":213.75,"time":301,"type":"mine"},{"angle":236.25,"time":301,"type":"mine"},{"angle":258.75,"time":301,"type":"mine"},{"angle":270,"time":301,"type":"mine"},{"angle":382.5,"time":302,"type":"mine"},{"angle":405,"time":302,"type":"mine"},{"angle":427.5,"time":302,"type":"mine"},{"angle":112.5,"time":302,"type":"mine"},{"angle":202.5,"time":302,"type":"mine"},{"angle":225,"time":302,"type":"mine"},{"angle":247.5,"time":302,"type":"mine"},{"angle":393.75,"time":302,"type":"mine"},{"angle":101.25,"time":302,"type":"mine"},{"angle":78.75,"time":302,"type":"mine"},{"angle":416.25,"time":302,"type":"mine"},{"angle":213.75,"time":302,"type":"mine"},{"angle":236.25,"time":302,"type":"mine"},{"angle":258.75,"time":302,"type":"mine"},{"angle":281.25,"time":302,"type":"mine"},{"angle":292.5,"time":302,"type":"mine"},{"angle":270,"time":293.125,"type":"hold","speedMult":2,"angle2":247.5,"duration":1.875},{"angle":90,"time":293.125,"type":"hold","speedMult":2,"angle2":67.5,"duration":1.875},{"angle":247.5,"time":295,"type":"hold","speedMult":2,"angle2":225,"duration":1},{"angle":67.5,"time":295,"type":"hold","speedMult":2,"angle2":45,"duration":1},{"angle":45,"time":296,"type":"hold","speedMult":2,"angle2":33.75,"duration":1.5},{"angle":225,"time":296,"type":"hold","speedMult":2,"angle2":213.75,"duration":1.5},{"angle":90,"time":299,"type":"hold","speedMult":2,"angle2":135,"duration":2},{"angle":270,"time":299,"type":"hold","speedMult":2,"angle2":315,"duration":2},{"angle":315,"time":301,"type":"hold","speedMult":2,"angle2":337.5,"duration":1},{"angle":135,"time":301,"type":"hold","speedMult":2,"angle2":157.5,"duration":1},{"angle":56.25,"time":301,"type":"mine"},{"angle":303.75,"time":293,"type":"mine"},{"angle":236.25,"time":293,"type":"mine"},{"angle":56.25,"time":293,"type":"mine"},{"angle":123.75,"time":293,"type":"mine"},{"angle":112.5,"time":294,"type":"mine"},{"angle":225,"time":294,"type":"mine"},{"angle":292.5,"time":294,"type":"mine"},{"angle":45,"time":294,"type":"mine"},{"angle":33.75,"time":295,"type":"mine"},{"angle":281.25,"time":295,"type":"mine"},{"angle":101.25,"time":295,"type":"mine"},{"angle":213.75,"time":295,"type":"mine"},{"angle":270,"time":296,"type":"mine"},{"angle":22.5,"time":296,"type":"mine"},{"angle":90,"time":296,"type":"mine"},{"angle":202.5,"time":296,"type":"mine"},{"angle":258.75,"time":297,"type":"mine"},{"angle":11.25,"time":297,"type":"mine"},{"angle":78.75,"time":297,"type":"mine"},{"angle":191.25,"time":297,"type":"mine"},{"angle":247.5,"time":298,"type":"mine"},{"angle":0,"time":298,"type":"mine"},{"angle":67.5,"time":298,"type":"mine"},{"angle":180,"time":298,"type":"mine"},{"angle":56.25,"time":299,"type":"mine"},{"angle":303.75,"time":299,"type":"mine"},{"angle":236.25,"time":299,"type":"mine"},{"angle":123.75,"time":299,"type":"mine"},{"angle":78.75,"time":300,"type":"mine"},{"angle":326.25,"time":300,"type":"mine"},{"angle":258.75,"time":300,"type":"mine"},{"angle":146.25,"time":300,"type":"mine"},{"angle":168.75,"time":301,"type":"mine"},{"angle":281.25,"time":301,"type":"mine"},{"angle":348.75,"time":301,"type":"mine"},{"angle":101.25,"time":301,"type":"mine"},{"angle":11.25,"time":302,"type":"mine"},{"angle":303.75,"time":302,"type":"mine"},{"angle":191.25,"time":302,"type":"mine"},{"angle":123.75,"time":302,"type":"mine"},{"angle":-270,"time":304,"angle2":-337.5,"type":"hold","duration":1},{"angle":-247.5,"time":304,"angle2":-337.5,"type":"hold","duration":1},{"angle":-427.5,"time":306.625,"type":"block"},{"angle":-416.25,"time":306.625,"type":"block"},{"angle":-405,"time":306.625,"type":"block"},{"angle":360,"time":311,"startTap":true,"angle2":540,"type":"hold","duration":1.625},{"angle":180,"time":312.625,"angle2":360,"type":"hold","duration":1.5},{"angle":360,"time":314.125,"angle2":540,"type":"hold","duration":1.5},{"angle":180,"time":315.625,"angle2":303.75,"type":"hold","duration":1.5},{"angle":540,"time":311,"startTap":true,"angle2":720,"type":"hold","duration":1.625},{"angle":360,"time":312.625,"angle2":540,"type":"hold","duration":1.5},{"angle":540,"time":314.125,"angle2":720,"type":"hold","duration":1.5},{"angle":360,"time":315.625,"angle2":483.75,"type":"hold","duration":1.5},{"angle":-540,"time":323.125,"startTap":true,"angle2":-720,"type":"hold","duration":1.625},{"angle":-360,"time":324.75,"angle2":-540,"type":"hold","duration":1.5},{"angle":-540,"time":326.25,"angle2":-720,"type":"hold","duration":1.5},{"angle":-360,"time":327.75,"angle2":-483.75,"type":"hold","duration":1.5},{"angle":-720,"time":323.125,"startTap":true,"angle2":-900,"type":"hold","duration":1.625},{"angle":-540,"time":324.75,"angle2":-720,"type":"hold","duration":1.5},{"angle":-720,"time":326.25,"angle2":-900,"type":"hold","duration":1.5},{"angle":-540,"time":327.75,"angle2":-663.75,"type":"hold","duration":1.5},{"angle":33.75,"time":320.125,"type":"block"},{"angle":135,"time":322.125,"type":"block"},{"angle":123.75,"time":322.125,"type":"block"},{"angle":56.25,"time":320.125,"type":"block"},{"angle":270,"time":311,"angle2":450,"type":"mineHold","duration":1.625},{"angle":90,"time":311,"angle2":270,"type":"mineHold","duration":1.625},{"angle":270,"time":312.625,"angle2":450,"type":"mineHold","duration":1.5},{"angle":90,"time":312.625,"angle2":270,"type":"mineHold","duration":1.5},{"angle":90,"time":314.125,"angle2":270,"type":"mineHold","duration":1.5},{"angle":270,"time":315.625,"angle2":393.75,"type":"mineHold","duration":1.5},{"angle":112.5,"time":315.625,"angle2":225,"type":"mineHold","duration":1.5},{"angle":270,"time":314.125,"angle2":472.5,"type":"mineHold","duration":1.5},{"angle":-270,"time":323.125,"angle2":-450,"type":"mineHold","duration":1.625},{"angle":-90,"time":323.125,"angle2":-270,"type":"mineHold","duration":1.625},{"angle":-270,"time":324.75,"angle2":-450,"type":"mineHold","duration":1.5},{"angle":-90,"time":324.75,"angle2":-270,"type":"mineHold","duration":1.5},{"angle":-90,"time":326.25,"angle2":-270,"type":"mineHold","duration":1.5},{"angle":-270,"time":327.75,"angle2":-393.75,"type":"mineHold","duration":1.5},{"angle":-112.5,"time":327.75,"angle2":-213.75,"type":"mineHold","duration":1.5},{"angle":-270,"time":326.25,"angle2":-472.5,"type":"mineHold","duration":1.5},{"angle":33.75,"time":317.125,"angle2":270,"type":"mineHold","duration":6},{"angle":225,"time":317.125,"angle2":450,"type":"mineHold","duration":6},{"angle":258.75,"time":279.875,"angle2":281.25,"type":"hold","duration":1.5},{"angle":270,"time":279.875,"angle2":303.75,"type":"hold","duration":1.5},{"angle":247.5,"time":282.75,"type":"block"},{"angle":236.25,"time":282.75,"type":"block"},{"angle":225,"time":282.75,"type":"block"},{"angle":326.25,"time":284.25,"type":"block"},{"angle":315,"time":284.25,"type":"block"},{"angle":303.75,"time":284.25,"type":"block"},{"angle":-225,"time":306.625,"type":"block"},{"angle":-247.5,"time":306.625,"type":"block"},{"angle":-236.25,"time":306.625,"type":"block"},{"angle":438.75,"time":279.875,"angle2":461.25,"type":"hold","duration":1.5},{"angle":450,"time":279.875,"angle2":483.75,"type":"hold","duration":1.5},{"angle":427.5,"time":282.75,"type":"block"},{"angle":416.25,"time":282.75,"type":"block"},{"angle":405,"time":282.75,"type":"block"},{"angle":506.25,"time":284.25,"type":"block"},{"angle":495,"time":284.25,"type":"block"},{"angle":483.75,"time":284.25,"type":"block"},{"angle":0,"time":280,"type":"mineHold","speedMult":2,"angle2":-33.75,"duration":2.75},{"angle":180,"time":280,"type":"mineHold","speedMult":2,"angle2":146.25,"duration":2.75},{"angle":326.25,"time":282.75,"type":"mineHold","speedMult":2,"angle2":405,"duration":1.5},{"angle":506.25,"time":282.75,"type":"mineHold","speedMult":2,"angle2":585,"duration":1.5},{"angle":45,"time":284.25,"type":"mineHold","speedMult":2,"angle2":225,"duration":2.75},{"angle":225,"time":284.25,"type":"mineHold","speedMult":2,"angle2":405,"duration":2.75},{"angle":135,"time":287,"angle2":11.25,"type":"hold","duration":3},{"angle":11.25,"time":290,"angle2":90,"type":"hold","duration":3.125},{"angle":315,"time":287,"angle2":202.5,"type":"hold","duration":3},{"angle":202.5,"time":290,"angle2":270,"type":"hold","duration":3.125},{"angle":-67.5,"time":304,"angle2":-146.25,"type":"hold","duration":1},{"angle":-90,"time":304,"angle2":-146.25,"type":"hold","duration":1},{"angle":-450,"time":302,"angle2":-528.75,"type":"mineHold","duration":2},{"angle":-630,"time":302,"angle2":-708.75,"type":"mineHold","duration":2},{"angle":-315,"time":308,"angle2":-450,"type":"hold","duration":1.5},{"angle":-315,"time":308,"angle2":-427.5,"type":"hold","duration":1.5},{"angle":-236.25,"time":305,"angle2":-393.75,"type":"mineHold","duration":3},{"angle":-416.25,"time":305,"angle2":-573.75,"type":"mineHold","duration":3},{"angle":-78.75,"time":321.125,"type":"block"},{"angle":-90,"time":321.125,"type":"block"},{"angle":191.25,"time":309.375,"angle2":90,"type":"mineHold","duration":1.625},{"angle":22.5,"time":309.375,"angle2":-90,"type":"mineHold","duration":1.625},{"type":"extraTap","time":284.25,"speedMult":1.2999999523163,"angle":337.5},{"type":"extraTap","time":287,"speedMult":1.2999999523163,"angle":157.5},{"type":"extraTap","time":290,"speedMult":1.2999999523163,"angle":33.75},{"type":"extraTap","time":293.125,"speedMult":1.2999999523163,"angle":292.5},{"type":"extraTap","time":299,"speedMult":1.2999999523163,"angle":281.25},{"angle":-360,"time":305,"type":"extraTap"},{"angle":-292.5,"time":308,"type":"extraTap"},{"angle":168.75,"time":311,"type":"extraTap"},{"angle":191.25,"time":323.125,"type":"extraTap"},{"angle":315,"time":353,"type":"block","tap":true},{"angle":360,"time":359,"type":"block"},{"angle":236.25,"time":350,"type":"block"},{"angle":135,"time":353,"type":"block"},{"angle":225,"time":356,"type":"block","tap":true},{"angle":45,"time":356,"type":"block"},{"angle":180,"time":359,"type":"block","tap":true},{"angle":11.25,"time":290,"angle2":101.25,"type":"hold","duration":3.125},{"angle":202.5,"time":290,"angle2":281.25,"type":"hold","duration":3.125},{"angle":11.25,"time":290,"angle2":78.75,"type":"hold","duration":3.125},{"angle":202.5,"time":290,"angle2":258.75,"type":"hold","duration":3.125},{"angle":123.75,"time":287,"angle2":11.25,"type":"hold","duration":3},{"angle":303.75,"time":287,"angle2":202.5,"type":"hold","duration":3},{"angle":146.25,"time":287,"angle2":11.25,"type":"hold","duration":3},{"angle":326.25,"time":287,"angle2":202.5,"type":"hold","duration":3},{"angle":-135,"time":308,"angle2":-270,"type":"hold","duration":1.5},{"angle":-135,"time":308,"angle2":-247.5,"type":"hold","duration":1.5},{"angle":146.25,"time":332,"type":"block"},{"angle":135,"time":334,"type":"block"},{"angle":180,"time":335,"startTap":true,"angle2":360,"type":"hold","duration":1.5},{"angle":0,"time":336.5,"angle2":180,"type":"hold","duration":1.5},{"angle":180,"time":338,"startTap":true,"angle2":303.75,"type":"hold","duration":1.5},{"angle":-360,"time":341,"startTap":true,"angle2":-540,"type":"hold","duration":1.5},{"angle":-180,"time":342.5,"angle2":-360,"type":"hold","duration":1.5},{"angle":-360,"time":344,"startTap":true,"angle2":-483.75,"type":"hold","duration":1.5},{"angle":360,"time":335,"startTap":true,"angle2":540,"type":"hold","duration":1.5},{"angle":180,"time":336.5,"angle2":360,"type":"hold","duration":1.5},{"angle":360,"time":338,"startTap":true,"angle2":483.75,"type":"hold","duration":1.5},{"angle":-180,"time":341,"startTap":true,"angle2":-360,"type":"hold","duration":1.5},{"angle":0,"time":342.5,"angle2":-180,"type":"hold","duration":1.5},{"angle":-180,"time":344,"startTap":true,"angle2":-303.75,"type":"hold","duration":1.5},{"angle":90,"time":335,"angle2":270,"type":"mineHold","duration":1.5},{"angle":270,"time":336.5,"angle2":450,"type":"mineHold","duration":1.5},{"angle":450,"time":338,"angle2":573.75,"type":"mineHold","duration":1.5},{"angle":-90,"time":335,"angle2":90,"type":"mineHold","duration":1.5},{"angle":90,"time":336.5,"angle2":270,"type":"mineHold","duration":1.5},{"angle":270,"time":338,"angle2":393.75,"type":"mineHold","duration":1.5},{"angle":-270,"time":341,"angle2":-450,"type":"mineHold","duration":1.5},{"angle":-450,"time":342.5,"angle2":-630,"type":"mineHold","duration":1.5},{"angle":-630,"time":344,"angle2":-753.75,"type":"mineHold","duration":1.5},{"angle":-90,"time":341,"angle2":-270,"type":"mineHold","duration":1.5},{"angle":-270,"time":342.5,"angle2":-450,"type":"mineHold","duration":1.5},{"angle":-450,"time":344,"angle2":-573.75,"type":"mineHold","duration":1.5},{"angle":22.5,"time":341,"type":"extraTap"},{"angle":213.75,"time":335,"type":"extraTap"},{"angle":326.25,"time":329.25,"angle2":236.25,"type":"mineHold","duration":2.75},{"angle":236.25,"time":332,"angle2":326.25,"type":"mineHold","duration":1},{"angle":326.25,"time":333,"angle2":225,"type":"mineHold","duration":1},{"angle":225,"time":334,"angle2":270,"type":"mineHold","duration":1},{"angle":405,"time":333,"type":"block"},{"angle":506.25,"time":329.25,"angle2":416.25,"type":"mineHold","duration":2.75},{"angle":416.25,"time":332,"angle2":506.25,"type":"mineHold","duration":1},{"angle":506.25,"time":333,"angle2":405,"type":"mineHold","duration":1},{"angle":405,"time":334,"angle2":450,"type":"mineHold","duration":1},{"angle":157.5,"time":332,"type":"block"},{"angle":135,"time":332,"type":"block"},{"angle":33.75,"time":333,"type":"block"},{"angle":56.25,"time":333,"type":"block"},{"angle":146.25,"time":334,"type":"block"},{"angle":123.75,"time":334,"type":"block"},{"angle":-33.75,"time":332,"type":"block"},{"angle":-45,"time":334,"type":"block"},{"angle":225,"time":333,"type":"block"},{"angle":-22.5,"time":332,"type":"block"},{"angle":-45,"time":332,"type":"block"},{"angle":-146.25,"time":333,"type":"block"},{"angle":-123.75,"time":333,"type":"block"},{"angle":-33.75,"time":334,"type":"block"},{"angle":-56.25,"time":334,"type":"block"},{"angle":315,"time":347,"type":"block"},{"angle":337.5,"time":347,"type":"block"},{"angle":135,"time":347,"type":"block"},{"angle":157.5,"time":347,"type":"block"},{"angle":67.5,"time":350,"type":"block"},{"angle":45,"time":350,"type":"block"},{"angle":225,"time":350,"type":"block"},{"angle":247.5,"time":350,"type":"block"},{"angle":56.25,"time":350,"type":"block","tap":true},{"angle":146.25,"time":347,"type":"block","tap":true},{"angle":326.25,"time":347,"type":"block"},{"angle":303.75,"time":353,"type":"block"},{"angle":326.25,"time":353,"type":"block"},{"angle":146.25,"time":353,"type":"block"},{"angle":123.75,"time":353,"type":"block"},{"angle":33.75,"time":356,"type":"block"},{"angle":56.25,"time":356,"type":"block"},{"angle":236.25,"time":356,"type":"block"},{"angle":213.75,"time":356,"type":"block"},{"angle":348.75,"time":359,"type":"block"},{"angle":11.25,"time":359,"type":"block"},{"angle":168.75,"time":359,"type":"block"},{"angle":191.25,"time":359,"type":"block"},{"angle":337.5,"time":359,"type":"extraTap"},{"angle":22.5,"time":356,"type":"extraTap"},{"angle":292.5,"time":353,"type":"extraTap"},{"angle":33.75,"time":350,"type":"extraTap"},{"angle":303.75,"time":347,"type":"extraTap"},{"angle":45,"time":347,"type":"mine"},{"angle":56.25,"time":347,"type":"mine"},{"angle":33.75,"time":347,"type":"mine"},{"angle":236.25,"time":347,"type":"mine"},{"angle":247.5,"time":347,"type":"mine"},{"angle":225,"time":347,"type":"mine"},{"angle":315,"time":350,"type":"mine"},{"angle":326.25,"time":350,"type":"mine"},{"angle":337.5,"time":350,"type":"mine"},{"angle":157.5,"time":350,"type":"mine"},{"angle":135,"time":350,"type":"mine"},{"angle":146.25,"time":350,"type":"mine"},{"angle":45,"time":353,"type":"mine"},{"angle":33.75,"time":353,"type":"mine"},{"angle":56.25,"time":353,"type":"mine"},{"angle":236.25,"time":353,"type":"mine"},{"angle":225,"time":353,"type":"mine"},{"angle":213.75,"time":353,"type":"mine"},{"angle":315,"time":356,"type":"mine"},{"angle":303.75,"time":356,"type":"mine"},{"angle":326.25,"time":356,"type":"mine"},{"angle":146.25,"time":356,"type":"mine"},{"angle":123.75,"time":356,"type":"mine"},{"angle":135,"time":356,"type":"mine"},{"angle":337.5,"time":271.25,"angle2":427.5,"type":"hold","duration":1},{"angle":360,"time":271.25,"angle2":427.5,"type":"hold","duration":1},{"angle":11.25,"time":269.25,"type":"block"},{"angle":360,"time":269.25,"type":"block"},{"angle":101.25,"time":277.125,"angle2":67.5,"type":"hold","duration":1},{"angle":123.75,"time":277.125,"angle2":67.5,"type":"hold","duration":1},{"angle":78.75,"time":275.25,"angle2":101.25,"type":"hold","duration":1.875},{"angle":78.75,"time":275.25,"angle2":123.75,"type":"hold","duration":1.875},{"angle":270,"time":281.375,"type":"extraTap"},{"angle":292.5,"time":371,"type":"block"},{"angle":281.25,"time":371,"type":"block","tap":true},{"angle":303.75,"time":371,"type":"block","tap":true},{"angle":11.25,"time":374,"angle2":45,"type":"hold","duration":1},{"angle":112.5,"time":376,"type":"block"},{"angle":123.75,"time":376,"type":"block"},{"angle":11.25,"time":374,"angle2":56.25,"type":"hold","duration":1},{"angle":213.75,"time":377,"type":"block"},{"angle":225,"time":377.25,"type":"block"},{"angle":236.25,"time":377.375,"type":"block"},{"angle":348.75,"time":378.5,"type":"block"},{"angle":337.5,"time":378.5,"type":"block"},{"angle":11.25,"time":380,"type":"block"},{"angle":45,"time":381,"angle2":22.5,"type":"hold","duration":1},{"angle":-101.25,"time":383,"angle2":-135,"type":"hold","duration":2.75},{"angle":-112.5,"time":383,"angle2":-146.25,"type":"hold","duration":2.75},{"angle":67.5,"time":381,"angle2":33.75,"type":"hold","duration":1},{"angle":146.25,"time":387,"type":"block"},{"angle":157.5,"time":387,"type":"block"},{"angle":135,"time":387,"type":"block"},{"angle":56.25,"time":388,"type":"block"},{"angle":337.5,"time":389,"startTap":true,"angle2":371.25,"type":"hold","duration":1.625},{"angle":315,"time":389,"startTap":true,"angle2":371.25,"type":"hold","duration":1.625},{"angle":22.5,"time":114,"type":"mine"},{"angle":67.5,"time":114,"type":"mine"},{"angle":135,"time":114,"type":"mine"},{"angle":180,"time":114,"type":"mine"},{"angle":247.5,"time":115,"type":"mine"},{"angle":202.5,"time":115,"type":"mine"},{"angle":157.5,"time":115,"type":"mine"},{"angle":135,"time":115,"type":"mine"},{"angle":112.5,"time":115,"type":"mine"},{"angle":292.5,"time":115,"type":"mine"},{"angle":315,"time":115,"type":"mine"},{"angle":337.5,"time":116,"type":"mine"},{"angle":292.5,"time":116,"type":"mine"},{"angle":247.5,"time":116,"type":"mine"},{"angle":225,"time":116,"type":"mine"},{"angle":202.5,"time":116,"type":"mine"},{"angle":180,"time":116,"type":"mine"},{"angle":22.5,"time":116,"type":"mine"},{"angle":22.5,"time":118,"type":"mine"},{"angle":67.5,"time":118,"type":"mine"},{"angle":135,"time":118,"type":"mine"},{"angle":112.5,"time":118,"type":"mine"},{"angle":180,"time":118,"type":"mine"},{"angle":225,"time":118,"type":"mine"},{"angle":90,"time":120,"type":"mine"},{"angle":270,"time":120,"type":"mine"},{"angle":315,"time":122,"type":"mine"},{"angle":292.5,"time":122,"type":"mine"},{"angle":270,"time":131.875,"startTap":true,"angle2":450,"type":"hold","duration":1.375},{"angle":90,"time":133.25,"angle2":270,"type":"hold","duration":1.375},{"angle":270,"time":134.625,"angle2":435,"type":"hold","duration":1.625},{"angle":75,"time":136.25,"angle2":210,"type":"hold","duration":1.5},{"angle":-225,"time":140.75,"angle2":-315,"type":"hold","duration":0.875},{"angle":-360,"time":142.625,"angle2":-270,"type":"hold","duration":1.125},{"angle":-270,"time":143.75,"startTap":true,"angle2":-450,"type":"hold","duration":1.5},{"angle":-90,"time":145.25,"angle2":-270,"type":"hold","duration":1.375},{"angle":-270,"time":146.625,"angle2":-435,"type":"hold","duration":1.625},{"angle":-75,"time":148.25,"angle2":-210,"type":"hold","duration":1.5},{"angle":90,"time":131.875,"angle2":270,"type":"mineHold","duration":1.375},{"angle":270,"time":133.25,"angle2":450,"type":"mineHold","duration":1.375},{"angle":90,"time":134.625,"angle2":255,"type":"mineHold","duration":1.625},{"angle":255,"time":136.25,"angle2":390,"type":"mineHold","duration":1.5},{"angle":-90,"time":143.75,"angle2":-270,"type":"mineHold","duration":1.5},{"angle":-270,"time":145.25,"angle2":-450,"type":"mineHold","duration":1.375},{"angle":-90,"time":146.625,"angle2":-255,"type":"mineHold","duration":1.625},{"angle":-255,"time":148.25,"angle2":-390,"type":"mineHold","duration":1.5},{"angle":-180,"time":142.625,"angle2":-90,"type":"mineHold","duration":1.125},{"angle":495,"time":152.5,"angle2":405,"type":"mineHold","duration":1},{"angle":405,"time":153.5,"angle2":517.5,"type":"mineHold","duration":1},{"angle":517.5,"time":154.5,"angle2":450,"type":"mineHold","duration":1},{"angle":450,"time":155.5,"angle2":630,"type":"mineHold","duration":1.75},{"angle":270,"time":157.25,"angle2":450,"type":"mineHold","duration":1.5},{"angle":450,"time":158.75,"angle2":517.5,"type":"mineHold","duration":1.5},{"angle":517.5,"time":160.25,"angle2":562.5,"type":"mineHold","duration":1.5},{"angle":202.5,"time":161.75,"angle2":67.5,"type":"mineHold","duration":1.5},{"angle":427.5,"time":163.25,"angle2":270,"type":"mineHold","duration":1.5},{"angle":270,"time":164.75,"angle2":225,"type":"mineHold","duration":1.5},{"angle":315,"time":126,"angle2":382.5,"type":"mineHold","duration":1},{"angle":22.5,"time":127,"angle2":0,"type":"mineHold","duration":1},{"angle":360,"time":128,"angle2":438.75,"type":"mineHold","duration":1},{"angle":78.75,"time":129,"angle2":56.25,"type":"mineHold","duration":1},{"angle":56.25,"time":130,"angle2":135,"type":"mineHold","duration":1},{"angle":135,"time":131,"angle2":90,"type":"mineHold","duration":0.875},{"angle":315,"time":140.75,"angle2":225,"type":"mineHold","duration":0.875},{"angle":315,"time":338,"type":"extraTap"},{"angle":146.25,"time":344,"type":"extraTap"},{"angle":225,"time":141.625,"angle2":180,"type":"mineHold","duration":1},{"angle":30,"time":137.75,"angle2":-45,"type":"mineHold","duration":3},{"angle":330,"time":149.75,"angle2":495,"type":"mineHold","duration":2.75},{"angle":337.5,"time":89.875,"type":"inverse"},{"angle":45,"time":132,"type":"mine"},{"angle":135,"time":132.5,"type":"mine"},{"angle":191.25,"time":133,"type":"mine"},{"angle":258.75,"time":133.5,"type":"mine"},{"angle":-33.75,"time":134,"type":"mine"},{"angle":22.5,"time":134.5,"type":"mine"},{"angle":78.75,"time":135,"type":"mine"},{"angle":135,"time":135.5,"type":"mine"},{"angle":180,"time":136,"type":"mine"},{"angle":236.25,"time":136.5,"type":"mine"},{"angle":281.25,"time":137,"type":"mine"},{"angle":-33.75,"time":137.5,"type":"mine"},{"angle":-22.5,"time":138,"type":"mine"},{"angle":-33.75,"time":138.5,"type":"mine"},{"angle":315,"time":139,"type":"mine"},{"angle":303.75,"time":139.5,"type":"mine"},{"angle":292.5,"time":140,"type":"mine"},{"angle":281.25,"time":140.5,"type":"mine"},{"angle":247.5,"time":141,"type":"mine"},{"angle":202.5,"time":141.5,"type":"mine"},{"angle":157.5,"time":142,"type":"mine"},{"angle":135,"time":142.5,"type":"mine"},{"angle":168.75,"time":143,"type":"mine"},{"angle":202.5,"time":143.5,"type":"mine"},{"angle":191.25,"time":144,"type":"mine"},{"angle":135,"time":144.5,"type":"mine"},{"angle":78.75,"time":145,"type":"mine"},{"angle":11.25,"time":145.5,"type":"mine"},{"angle":303.75,"time":146,"type":"mine"},{"angle":247.5,"time":146.5,"type":"mine"},{"angle":191.25,"time":147,"type":"mine"},{"angle":135,"time":147.5,"type":"mine"},{"angle":90,"time":148,"type":"mine"},{"angle":33.75,"time":148.5,"type":"mine"},{"angle":157.5,"time":132,"type":"mine"},{"angle":247.5,"time":132.5,"type":"mine"},{"angle":303.75,"time":133,"type":"mine"},{"angle":371.25,"time":133.5,"type":"mine"},{"angle":78.75,"time":134,"type":"mine"},{"angle":135,"time":134.5,"type":"mine"},{"angle":191.25,"time":135,"type":"mine"},{"angle":247.5,"time":135.5,"type":"mine"},{"angle":292.5,"time":136,"type":"mine"},{"angle":348.75,"time":136.5,"type":"mine"},{"angle":393.75,"time":137,"type":"mine"},{"angle":78.75,"time":137.5,"type":"mine"},{"angle":90,"time":138,"type":"mine"},{"angle":78.75,"time":138.5,"type":"mine"},{"angle":427.5,"time":139,"type":"mine"},{"angle":416.25,"time":139.5,"type":"mine"},{"angle":405,"time":140,"type":"mine"},{"angle":393.75,"time":140.5,"type":"mine"},{"angle":360,"time":141,"type":"mine"},{"angle":315,"time":141.5,"type":"mine"},{"angle":270,"time":142,"type":"mine"},{"angle":247.5,"time":142.5,"type":"mine"},{"angle":281.25,"time":143,"type":"mine"},{"angle":315,"time":143.5,"type":"mine"},{"angle":303.75,"time":144,"type":"mine"},{"angle":247.5,"time":144.5,"type":"mine"},{"angle":191.25,"time":145,"type":"mine"},{"angle":123.75,"time":145.5,"type":"mine"},{"angle":416.25,"time":146,"type":"mine"},{"angle":360,"time":146.5,"type":"mine"},{"angle":303.75,"time":147,"type":"mine"},{"angle":247.5,"time":147.5,"type":"mine"},{"angle":202.5,"time":148,"type":"mine"},{"angle":146.25,"time":148.5,"type":"mine"},{"angle":123.75,"time":155.5,"type":"mine"},{"angle":191.25,"time":156,"type":"mine"},{"angle":236.25,"time":156.5,"type":"mine"},{"angle":292.5,"time":157,"type":"mine"},{"angle":315,"time":157.5,"type":"mine"},{"angle":45,"time":158,"type":"mine"},{"angle":101.25,"time":158.5,"type":"mine"},{"angle":135,"time":159,"type":"mine"},{"angle":157.5,"time":159.5,"type":"mine"},{"angle":180,"time":160,"type":"mine"},{"angle":202.5,"time":160.5,"type":"mine"},{"angle":213.75,"time":161,"type":"mine"},{"angle":225,"time":161.5,"type":"mine"},{"angle":213.75,"time":162,"type":"mine"},{"angle":168.75,"time":162.5,"type":"mine"},{"angle":123.75,"time":163,"type":"mine"},{"angle":78.75,"time":163.5,"type":"mine"},{"angle":382.5,"time":164,"type":"mine"},{"angle":326.25,"time":164.5,"type":"mine"},{"angle":292.5,"time":165,"type":"mine"},{"angle":270,"time":165.5,"type":"mine"},{"angle":247.5,"time":166,"type":"mine"},{"angle":56.25,"time":155.5,"type":"mine"},{"angle":101.25,"time":156,"type":"mine"},{"angle":146.25,"time":156.5,"type":"mine"},{"angle":202.5,"time":157,"type":"mine"},{"angle":258.75,"time":157.5,"type":"mine"},{"angle":315,"time":158,"type":"mine"},{"angle":11.25,"time":158.5,"type":"mine"},{"angle":67.5,"time":159,"type":"mine"},{"angle":90,"time":159.5,"type":"mine"},{"angle":112.5,"time":160,"type":"mine"},{"angle":135,"time":160.5,"type":"mine"},{"angle":146.25,"time":161,"type":"mine"},{"angle":157.5,"time":161.5,"type":"mine"},{"angle":146.25,"time":162,"type":"mine"},{"angle":101.25,"time":162.5,"type":"mine"},{"angle":56.25,"time":163,"type":"mine"},{"angle":11.25,"time":163.5,"type":"mine"},{"angle":315,"time":164,"type":"mine"},{"angle":258.75,"time":164.5,"type":"mine"},{"angle":225,"time":165,"type":"mine"},{"angle":213.75,"time":165.5,"type":"mine"},{"angle":180,"time":166,"type":"mine"},{"angle":0,"time":149,"type":"mine"},{"angle":315,"time":149.5,"type":"mine"},{"angle":315,"time":150,"type":"mine"},{"angle":-22.5,"time":150.5,"type":"mine"},{"angle":11.25,"time":151,"type":"mine"},{"angle":45,"time":151.5,"type":"mine"},{"angle":67.5,"time":152,"type":"mine"},{"angle":101.25,"time":152.5,"type":"mine"},{"angle":56.25,"time":153,"type":"mine"},{"angle":11.25,"time":153.5,"type":"mine"},{"angle":67.5,"time":154,"type":"mine"},{"angle":123.75,"time":154.5,"type":"mine"},{"angle":90,"time":155,"type":"mine"},{"angle":90,"time":149,"type":"mine"},{"angle":405,"time":149.5,"type":"mine"},{"angle":405,"time":150,"type":"mine"},{"angle":67.5,"time":150.5,"type":"mine"},{"angle":101.25,"time":151,"type":"mine"},{"angle":135,"time":151.5,"type":"mine"},{"angle":157.5,"time":152,"type":"mine"},{"angle":191.25,"time":152.5,"type":"mine"},{"angle":146.25,"time":153,"type":"mine"},{"angle":101.25,"time":153.5,"type":"mine"},{"angle":157.5,"time":154,"type":"mine"},{"angle":213.75,"time":154.5,"type":"mine"},{"angle":180,"time":155,"type":"mine"},{"endAngle":135.5,"spinEase":"linear","angle":348.75,"speedMult":2,"time":245,"type":"inverse"},{"endAngle":168.75,"time":246.375,"speedMult":2.5,"angle":90,"type":"inverse"},{"endAngle":202.5,"spinEase":"linear","type":"inverse","speedMult":3,"time":247.375,"angle":348.75}]