[{"time":0,"angle":0,"type":"block"},{"time":1,"angle":45,"type":"block"},{"time":2,"angle":90,"type":"block"},{"time":3,"angle":112.5,"type":"block"},{"time":4,"angle":67.5,"type":"block"},{"time":5,"angle":45,"type":"block"},{"time":6,"angle":22.5,"type":"block"},{"time":7,"angle":360,"type":"block"},{"time":8,"angle":247.5,"type":"block"},{"time":9,"angle":225,"type":"block"},{"time":10,"angle":202.5,"type":"block"},{"time":11,"angle":180,"type":"block"},{"time":12,"angle":247.5,"type":"block"},{"time":13,"angle":270,"type":"block"},{"time":14,"angle":292.5,"type":"block"},{"time":15,"angle":315,"type":"block"},{"time":16,"angle":247.5,"type":"block"},{"time":17,"angle":225,"type":"block"},{"time":18,"angle":202.5,"type":"block"},{"duration":2,"type":"hold","time":19,"angle":180,"angle2":270},{"time":22,"angle":292.5,"type":"block"},{"time":23,"angle":315,"type":"block"},{"time":24,"angle":202.5,"type":"block"},{"time":25,"angle":180,"type":"block"},{"time":26,"angle":157.5,"type":"block"},{"duration":1,"type":"hold","time":28,"angle":67.5,"angle2":112.5},{"duration":1,"type":"hold","time":29,"angle":112.5,"angle2":90},{"duration":1,"type":"hold","time":30,"angle":90,"angle2":135},{"time":27,"angle":135,"type":"block"},{"duration":1,"type":"hold","time":32,"angle":202.5,"angle2":292.5},{"duration":1,"type":"hold","time":32,"angle":225,"angle2":270},{"time":33.5,"angle":315,"type":"block"},{"time":34,"angle":337.5,"type":"block"},{"duration":1,"type":"hold","time":34.5,"angle":360,"angle2":315},{"duration":1,"type":"hold","time":34.5,"angle":22.5,"angle2":-67.5},{"time":36,"angle":270,"type":"block"},{"time":36.5,"angle":247.5,"type":"block"},{"time":37,"angle":225,"type":"block"},{"time":37.5,"angle":202.5,"type":"block"},{"duration":1,"type":"hold","time":38,"angle":180,"angle2":225},{"duration":1,"type":"hold","time":38,"angle":157.5,"angle2":247.5},{"time":39.5,"angle":270,"type":"block"},{"duration":1,"type":"hold","time":40,"angle":292.5,"angle2":247.5},{"duration":1,"type":"hold","time":40,"angle":315,"angle2":225},{"time":41.5,"angle":202.5,"type":"block"},{"time":42,"angle":180,"type":"block"},{"duration":1,"type":"hold","time":42.5,"angle":157.5,"angle2":202.5},{"duration":1,"type":"hold","time":42.5,"angle":135,"angle2":225},{"time":44,"angle":247.5,"type":"block"},{"time":44.5,"angle":270,"type":"block"},{"time":45,"angle":292.5,"type":"block"},{"time":45.5,"angle":315,"type":"block"},{"duration":1,"type":"hold","time":46,"angle":337.5,"angle2":292.5},{"duration":1,"type":"hold","time":46,"angle":0,"angle2":-90},{"time":47.5,"angle":247.5,"type":"block"},{"duration":1,"type":"hold","time":48,"angle":225,"angle2":270},{"duration":1,"type":"hold","time":48,"angle":202.5,"angle2":292.5},{"time":49.5,"angle":315,"type":"block"},{"time":50,"angle":337.5,"type":"block"},{"duration":1,"type":"hold","time":50.5,"angle":360,"angle2":315},{"duration":1,"type":"hold","time":50.5,"angle":22.5,"angle2":-67.5},{"time":52,"angle":270,"type":"block"},{"time":52.5,"angle":247.5,"type":"block"},{"time":53,"angle":270,"type":"block"},{"time":53.5,"angle":292.5,"type":"block"},{"duration":1,"type":"hold","time":54,"angle":315,"angle2":427.5},{"duration":1,"type":"hold","time":54,"angle":337.5,"angle2":405},{"time":55.5,"angle":90,"type":"block"},{"duration":1,"type":"hold","time":56,"angle":157.5,"angle2":67.5},{"duration":1,"type":"hold","time":56,"angle":135,"angle2":90},{"duration":0,"type":"hold","time":57.5,"angle":22.5,"angle2":45},{"duration":0,"type":"hold","time":58.5,"angle":315,"angle2":337.5},{"duration":0,"type":"hold","time":60,"angle":225,"angle2":202.5},{"duration":0,"type":"hold","time":60.5,"angle":202.5,"angle2":180},{"duration":0,"type":"hold","time":61.5,"angle":90,"angle2":67.5},{"time":63,"angle":315,"type":"block"},{"time":63.5,"angle":292.5,"type":"block"},{"time":64,"angle":292.5,"type":"extraTap"},{"duration":4,"type":"mineHold","time":57.5,"angle":225,"angle2":-67.5},{"time":65,"angle":180,"type":"block"},{"time":65.5,"angle":135,"type":"block"},{"time":65.75,"angle":157.5,"type":"block"},{"time":66,"angle":180,"type":"block"},{"time":66.25,"angle":202.5,"type":"block"},{"duration":0.5,"type":"hold","time":66.5,"angle":225,"angle2":180},{"duration":0.5,"type":"hold","time":66.5,"angle":247.5,"angle2":157.5},{"duration":0.5,"type":"hold","time":64,"angle":270,"angle2":202.5},{"time":67.5,"angle":247.5,"type":"block"},{"time":67.75,"angle":270,"type":"block"},{"duration":0.5,"type":"hold","time":68,"angle":292.5,"angle2":360},{"duration":0.5,"type":"hold","time":64,"angle":247.5,"angle2":225},{"duration":0.5,"type":"hold","time":68,"angle":315,"angle2":337.5},{"time":69,"angle":45,"type":"block"},{"time":69.5,"angle":90,"type":"block"},{"time":69.75,"angle":112.5,"type":"block"},{"time":70,"angle":90,"type":"block"},{"time":70.25,"angle":67.5,"type":"block"},{"duration":0.5,"type":"hold","time":70.5,"angle":45,"angle2":-22.5},{"duration":0.5,"type":"hold","time":70.5,"angle":22.5,"angle2":0},{"time":71.5,"angle":247.5,"type":"block"},{"time":71.75,"angle":225,"type":"block"},{"duration":0.5,"type":"hold","time":72,"angle":225,"angle2":247.5},{"duration":0.5,"type":"hold","time":72,"angle":202.5,"angle2":270},{"time":73,"angle":292.5,"type":"block"},{"time":73.5,"angle":225,"type":"block"},{"time":73.75,"angle":202.5,"type":"block"},{"time":74,"angle":180,"type":"block"},{"time":74.25,"angle":157.5,"type":"block"},{"duration":0.5,"type":"hold","time":74.5,"angle":135,"angle2":67.5},{"duration":0.5,"type":"hold","time":74.5,"angle":112.5,"angle2":90},{"time":75.5,"angle":22.5,"type":"block"},{"time":75.75,"angle":360,"type":"block"},{"time":76,"angle":22.5,"type":"block"},{"time":76.25,"angle":67.5,"type":"block"},{"time":76.5,"angle":112.5,"type":"block"},{"time":76.75,"angle":157.5,"type":"block"},{"time":77,"angle":202.5,"type":"block"},{"time":77.25,"angle":157.5,"type":"block"},{"time":77.75,"angle":67.5,"type":"block"},{"time":77.5,"angle":112.5,"type":"block"},{"time":78,"angle":22.5,"type":"block"},{"time":78.25,"angle":337.5,"type":"block"},{"duration":0.5,"type":"hold","time":78.5,"angle":315,"angle2":405},{"duration":0.5,"type":"hold","time":78.5,"angle":337.5,"angle2":382.5},{"duration":0,"type":"hold","time":79.5,"angle":225,"angle2":247.5},{"duration":0,"type":"hold","time":79.5,"angle":45,"angle2":67.5},{"duration":0,"type":"hold","time":79.75,"angle":45,"angle2":22.5},{"duration":0.5,"type":"hold","time":80,"angle":0,"angle2":-67.5},{"duration":0.5,"type":"hold","time":80.5,"angle":292.5,"angle2":303.75},{"time":81.5,"angle":315,"type":"block"},{"time":81.75,"angle":337.5,"type":"block"},{"time":82,"angle":360,"type":"block"},{"time":82.125,"angle":337.5,"type":"block"},{"time":82.25,"angle":315,"type":"block"},{"time":82.375,"angle":292.5,"type":"block"},{"time":82.5,"angle":270,"type":"block"},{"time":82.625,"angle":247.5,"type":"block"},{"time":82.75,"angle":225,"type":"block"},{"time":82.875,"angle":202.5,"type":"block"},{"time":83,"angle":180,"type":"block"},{"time":83.5,"angle":202.5,"type":"block"},{"duration":1,"type":"hold","startTap":true,"time":84,"angle":225,"angle2":135},{"duration":1,"type":"hold","time":85,"angle":135,"angle2":45},{"duration":1,"type":"hold","startTap":true,"time":86,"angle":45,"angle2":-45},{"duration":1,"type":"hold","time":87,"angle":315,"angle2":225},{"duration":0,"type":"hold","time":79.75,"angle":225,"angle2":202.5},{"duration":0.5,"type":"hold","startTap":true,"time":88,"angle":225,"angle2":270},{"time":89,"angle":270,"type":"block"},{"time":89.125,"angle":247.5,"type":"block"},{"time":89.25,"angle":225,"type":"block"},{"time":89.375,"angle":202.5,"type":"block"},{"time":89.5,"angle":180,"type":"block"},{"time":89.75,"angle":135,"type":"block"},{"time":90,"angle":112.5,"type":"block"},{"time":90.5,"angle":157.5,"type":"block"},{"time":91,"angle":112.5,"type":"block"},{"time":91.5,"angle":180,"type":"block"},{"time":92,"angle":225,"type":"block"},{"duration":0,"type":"hold","time":92.5,"angle":270,"angle2":247.5},{"duration":0,"type":"hold","time":92.75,"angle":247.5,"angle2":225},{"duration":0,"type":"hold","time":93,"angle":225,"angle2":202.5},{"duration":4,"type":"mineHold","time":84,"angle":315,"angle2":-45},{"duration":4,"type":"mineHold","time":84,"angle":135,"angle2":-225},{"duration":0,"type":"hold","time":93.5,"angle":157.5,"angle2":135},{"duration":0,"type":"hold","time":93.75,"angle":135,"angle2":112.5},{"duration":0,"type":"hold","time":94,"angle":112.5,"angle2":90},{"time":94.5,"angle":90,"type":"block"},{"time":94.75,"angle":135,"type":"block"},{"time":95,"angle":180,"type":"block"},{"time":94.625,"angle":112.5,"type":"block"},{"time":94.875,"angle":157.5,"type":"block"},{"time":95.25,"angle":225,"type":"block"},{"time":95.5,"angle":270,"type":"block"},{"time":95.75,"angle":315,"type":"block"},{"duration":0.5,"type":"hold","time":96,"angle":337.5,"angle2":315},{"duration":0.5,"type":"hold","time":96,"angle":0,"angle2":-67.5},{"time":97,"angle":270,"type":"block"},{"time":97.5,"angle":202.5,"type":"block"},{"time":97.75,"angle":225,"type":"block"},{"time":98,"angle":247.5,"type":"block"},{"time":98.25,"angle":270,"type":"block"},{"duration":0.5,"type":"hold","time":98.5,"angle":292.5,"angle2":247.5},{"duration":0.5,"type":"hold","time":98.5,"angle":281.25,"angle2":258.75},{"time":99.5,"angle":315,"type":"block"},{"time":99.75,"angle":337.5,"type":"block"},{"duration":0.5,"type":"hold","time":100,"angle":360,"angle2":427.5},{"duration":0.5,"type":"hold","time":100,"angle":22.5,"angle2":45},{"time":100.75,"angle":90,"type":"block"},{"time":101,"angle":135,"type":"block"},{"time":101.25,"angle":180,"type":"block"},{"time":101.5,"angle":225,"type":"block"},{"time":101.625,"angle":247.5,"type":"block"},{"duration":0.5,"type":"hold","time":102,"angle":315,"angle2":247.5},{"duration":0.5,"type":"hold","time":102,"angle":292.5,"angle2":270},{"time":103,"angle":225,"type":"block"},{"time":103.125,"angle":202.5,"type":"block"},{"time":103.25,"angle":180,"type":"block"},{"time":103.375,"angle":157.5,"type":"block"},{"time":103.5,"angle":135,"type":"block"},{"time":103.625,"angle":112.5,"type":"block"},{"time":103.75,"angle":90,"type":"block"},{"duration":0.25,"type":"hold","time":104,"angle":90,"angle2":112.5},{"duration":0.25,"type":"hold","time":104,"angle":67.5,"angle2":135},{"duration":0.25,"type":"hold","time":104.5,"angle":157.5,"angle2":225},{"duration":0.25,"type":"hold","time":104.5,"angle":157.5,"angle2":180},{"time":105,"angle":247.5,"type":"block"},{"time":105.25,"angle":270,"type":"block"},{"duration":0.25,"type":"hold","time":105.5,"angle":247.5,"angle2":180},{"duration":0.25,"type":"hold","time":105.5,"angle":225,"angle2":202.5},{"duration":0.25,"type":"hold","time":106,"angle":180,"angle2":112.5},{"duration":0.25,"type":"hold","time":106,"angle":157.5,"angle2":135},{"time":106.5,"angle":90,"type":"block"},{"time":106.75,"angle":67.5,"type":"block"},{"duration":0.25,"type":"hold","time":107,"angle":90,"angle2":157.5},{"duration":0.25,"type":"hold","time":107,"angle":112.5,"angle2":135},{"duration":0,"type":"hold","time":108,"angle":225,"angle2":247.5},{"duration":0,"type":"hold","time":108.25,"angle":247.5,"angle2":270},{"duration":0,"type":"hold","time":108.5,"angle":270,"angle2":292.5},{"duration":0,"type":"hold","time":108.75,"angle":292.5,"angle2":315},{"duration":0,"type":"hold","time":109.25,"angle":315,"angle2":292.5},{"duration":0,"type":"hold","time":109.5,"angle":292.5,"angle2":270},{"duration":0,"type":"hold","time":109.75,"angle":270,"angle2":247.5},{"duration":0,"type":"hold","time":109,"angle":337.5,"angle2":315},{"duration":1,"type":"hold","time":110,"angle":225,"angle2":315},{"duration":1,"type":"hold","time":110,"angle":45,"angle2":135},{"duration":1,"type":"hold","startTap":true,"time":111,"angle":315,"angle2":225},{"duration":1,"type":"hold","startTap":true,"endTap":true,"time":111,"angle":135,"angle2":45},{"duration":1,"type":"mineHold","time":110,"angle":315,"angle2":405},{"duration":1,"type":"mineHold","time":110,"angle":135,"angle2":225},{"duration":1,"type":"mineHold","time":111,"angle":225,"angle2":135},{"duration":1,"type":"mineHold","time":111,"angle":45,"angle2":-45},{"duration":1,"type":"hold","startTap":true,"time":112,"angle":225,"angle2":315},{"time":114,"angle":0,"type":"block"},{"time":115,"angle":112.5,"type":"block"},{"time":115.5,"angle":67.5,"type":"block"},{"time":116,"angle":90,"type":"block"},{"time":116.5,"angle":45,"type":"block"},{"time":117,"angle":67.5,"type":"block"},{"time":117.5,"angle":22.5,"type":"block"},{"time":118,"angle":45,"type":"block"},{"time":119.5,"angle":90,"type":"block"},{"time":119.75,"angle":112.5,"type":"block"},{"duration":0.5,"type":"hold","time":120,"angle":135,"angle2":202.5},{"duration":0.5,"type":"hold","time":120,"angle":157.5,"angle2":180},{"time":107.75,"angle":202.5,"type":"block"},{"time":107.5,"angle":180,"type":"block"},{"duration":0.75,"type":"hold","time":118.5,"angle":360,"angle2":427.5},{"duration":0.5,"type":"hold","time":118.5,"angle":337.5,"angle2":405},{"time":121,"angle":225,"type":"block"},{"time":121.5,"angle":270,"type":"block"},{"time":121.75,"angle":247.5,"type":"block"},{"time":122,"angle":225,"type":"block"},{"time":122.25,"angle":202.5,"type":"block"},{"duration":0.5,"type":"hold","time":122.5,"angle":180,"angle2":112.5},{"duration":0.5,"type":"hold","time":122.5,"angle":157.5,"angle2":135},{"time":123.25,"angle":90,"type":"block"},{"time":123.5,"angle":67.5,"type":"block"},{"time":123.75,"angle":45,"type":"block"},{"duration":0.5,"type":"hold","time":124,"angle":0,"angle2":67.5},{"duration":0.5,"type":"hold","time":124,"angle":22.5,"angle2":45},{"time":125,"angle":112.5,"type":"block"},{"time":125.5,"angle":67.5,"type":"block"},{"time":125.75,"angle":45,"type":"block"},{"duration":0,"type":"hold","time":126,"angle":0,"angle2":22.5},{"duration":0,"type":"hold","time":126.25,"angle":22.5,"angle2":45},{"duration":0,"type":"hold","time":126.5,"angle":45,"angle2":67.5},{"duration":0,"type":"hold","time":126.75,"angle":67.5,"angle2":90},{"duration":0.5,"type":"hold","time":127,"angle":90,"angle2":135},{"duration":0.5,"type":"hold","time":127.5,"angle":135,"angle2":90},{"duration":0.5,"type":"mineHold","time":127,"angle":180,"angle2":225},{"duration":0.5,"type":"mineHold","time":127.5,"angle":45,"angle2":0},{"duration":0.5,"type":"mineHold","time":127.5,"angle":225,"angle2":180},{"duration":0.5,"type":"mineHold","time":127,"angle":360,"angle2":405},{"duration":0.5,"type":"hold","time":127,"angle":270,"angle2":315},{"duration":0.5,"type":"hold","time":127.5,"angle":315,"angle2":270},{"duration":1,"type":"hold","time":128,"angle":90,"angle2":157.5},{"duration":1,"type":"hold","time":128,"angle":112.5,"angle2":135},{"time":129.5,"angle":180,"type":"block"},{"time":130,"angle":202.5,"type":"block"},{"time":132,"angle":157.5,"type":"block"},{"time":132.5,"angle":135,"type":"block"},{"time":133,"angle":157.5,"type":"block"},{"time":133.5,"angle":180,"type":"block"},{"duration":1,"type":"hold","time":130.5,"angle":202.5,"angle2":180},{"duration":1,"type":"hold","time":130.5,"angle":225,"angle2":157.5},{"duration":1,"type":"hold","time":134,"angle":202.5,"angle2":180},{"duration":1,"type":"hold","time":134,"angle":225,"angle2":157.5},{"time":135.5,"angle":135,"type":"block"},{"duration":1,"type":"hold","time":136,"angle":112.5,"angle2":45},{"duration":1,"type":"hold","time":136,"angle":90,"angle2":67.5},{"time":137.5,"angle":22.5,"type":"block"},{"time":138,"angle":360,"type":"block"},{"duration":1,"type":"hold","time":138.5,"angle":22.5,"angle2":90},{"duration":1,"type":"hold","time":138.5,"angle":45,"angle2":67.5},{"time":140,"angle":45,"type":"block"},{"time":140.5,"angle":22.5,"type":"block"},{"time":141,"angle":0,"type":"block"},{"time":141.5,"angle":337.5,"type":"block"},{"duration":1,"type":"hold","time":142,"angle":315,"angle2":247.5},{"duration":1,"type":"hold","time":142,"angle":292.5,"angle2":270},{"time":143.5,"angle":292.5,"type":"block"},{"duration":1,"type":"hold","time":144,"angle":315,"angle2":405},{"duration":1,"type":"hold","time":144,"angle":337.5,"angle2":382.5},{"duration":0,"type":"hold","time":145.5,"angle":67.5,"angle2":90},{"duration":0,"type":"hold","time":146.5,"angle":135,"angle2":157.5},{"duration":4.5,"type":"mineHold","time":145,"angle":270,"angle2":607.5},{"duration":4.5,"type":"mineHold","time":145,"angle":247.5,"angle2":630},{"duration":0,"type":"hold","time":149.5,"angle":360,"angle2":382.5},{"time":151,"angle":45,"type":"block"},{"time":151.5,"angle":90,"type":"block"},{"duration":1,"type":"hold","time":152,"angle":67.5,"angle2":0},{"duration":1,"type":"hold","time":152,"angle":45,"angle2":22.5},{"duration":0,"type":"hold","time":148,"angle":270,"angle2":292.5},{"duration":0,"type":"hold","time":148.5,"angle":292.5,"angle2":315},{"duration":4,"type":"mineHold","time":57.5,"angle":202.5,"angle2":-90},{"duration":0,"type":"hold","time":153.5,"angle":337.5,"angle2":315},{"duration":0,"type":"hold","time":154.5,"angle":270,"angle2":247.5},{"duration":0,"type":"hold","time":156,"angle":135,"angle2":112.5},{"duration":0,"type":"hold","time":156.5,"angle":112.5,"angle2":90},{"duration":0,"type":"hold","time":157.5,"angle":22.5,"angle2":0},{"duration":4,"type":"mineHold","time":153.5,"angle":157.5,"angle2":-112.5},{"duration":4,"type":"mineHold","time":153.5,"angle":135,"angle2":-157.5},{"time":159.5,"angle":292.5,"type":"block"},{"time":159,"angle":315,"type":"block"},{"time":160,"angle":225,"type":"extraTap"},{"duration":0.25,"type":"hold","time":160,"angle":270,"angle2":225},{"duration":0.25,"type":"hold","time":160.25,"angle":225,"angle2":180},{"duration":0.25,"type":"hold","time":160.5,"angle":180,"angle2":135},{"time":161,"angle":112.5,"type":"block"},{"time":161.25,"angle":135,"type":"block"},{"time":161.5,"angle":157.5,"type":"block"},{"time":161.75,"angle":180,"type":"block"},{"duration":0.5,"type":"hold","time":162,"angle":202.5,"angle2":270},{"duration":0.5,"type":"hold","time":162,"angle":225,"angle2":247.5},{"time":163,"angle":315,"type":"block"},{"time":163.25,"angle":292.5,"type":"block"},{"time":163.5,"angle":270,"type":"block"},{"time":163.75,"angle":247.5,"type":"block"},{"duration":0.5,"type":"hold","time":164,"angle":225,"angle2":247.5},{"duration":0.5,"type":"hold","time":164,"angle":202.5,"angle2":270},{"time":165,"angle":315,"type":"block"},{"time":165.25,"angle":337.5,"type":"block"},{"duration":0.25,"type":"hold","time":165.5,"angle":360,"angle2":405},{"time":166,"angle":67.5,"type":"block"},{"time":166.25,"angle":45,"type":"block"},{"time":166.5,"angle":22.5,"type":"block"},{"time":166.75,"angle":0,"type":"block"},{"time":167,"angle":337.5,"type":"block"},{"time":167.25,"angle":315,"type":"block"},{"duration":0,"type":"hold","time":167.5,"angle":337.5,"angle2":360},{"duration":0,"type":"hold","time":167.75,"angle":0,"angle2":22.5},{"duration":0.25,"type":"hold","time":168,"angle":45,"angle2":22.5},{"time":168.25,"angle":0,"type":"block"},{"duration":0.5,"type":"hold","time":168.5,"angle":337.5,"angle2":292.5},{"time":169,"angle":270,"type":"block"},{"time":169.25,"angle":247.5,"type":"block"},{"time":169.5,"angle":225,"type":"block"},{"time":169.75,"angle":202.5,"type":"block"},{"duration":0.5,"type":"hold","time":170,"angle":180,"angle2":180},{"duration":0.125,"type":"hold","time":170,"angle":157.5,"angle2":202.5},{"duration":0.125,"type":"hold","time":170.125,"angle":202.5,"angle2":157.5},{"duration":0.125,"type":"hold","time":170.25,"angle":157.5,"angle2":202.5},{"duration":0.125,"type":"hold","time":170.375,"angle":202.5,"angle2":157.5},{"duration":0.5,"type":"hold","time":170.5,"angle":180,"angle2":202.5},{"duration":0.5,"type":"hold","time":170.5,"angle":157.5,"angle2":225},{"time":171.5,"angle":270,"type":"block"},{"duration":0.25,"type":"hold","time":171.75,"angle":292.5,"angle2":360},{"duration":0.25,"type":"hold","time":171.75,"angle":315,"angle2":337.5},{"duration":0.75,"type":"hold","time":172,"angle":337.5,"angle2":337.5},{"duration":0.125,"type":"hold","time":172,"angle":0,"angle2":-45},{"duration":0.125,"type":"hold","time":172.25,"angle":0,"angle2":-45},{"duration":0.125,"type":"hold","time":172.5,"angle":0,"angle2":-45},{"duration":0.125,"type":"hold","time":172.75,"angle":0,"angle2":-45},{"duration":0.125,"type":"hold","time":172.125,"angle":315,"angle2":360},{"duration":0.125,"type":"hold","time":172.375,"angle":315,"angle2":360},{"duration":0.125,"type":"hold","time":172.625,"angle":315,"angle2":360},{"time":173.25,"angle":22.5,"type":"block"},{"time":173.5,"angle":45,"type":"block"},{"time":173,"angle":0,"type":"block"},{"duration":0.25,"type":"hold","time":173.75,"angle":67.5,"angle2":90},{"duration":0.375,"type":"hold","time":174,"angle":90,"angle2":22.5},{"duration":0.125,"type":"hold","time":174.375,"angle":22.5,"angle2":67.5},{"duration":0.125,"type":"hold","time":174.5,"angle":67.5,"angle2":22.5},{"duration":0.25,"type":"hold","time":174.375,"angle":45,"angle2":45},{"time":174.75,"angle":360,"type":"block"},{"time":175,"angle":337.5,"type":"block"},{"time":175.25,"angle":315,"type":"block"},{"time":175.75,"angle":247.5,"type":"block"},{"duration":0.125,"type":"hold","time":175.5,"angle":292.5,"angle2":270},{"time":176.5,"angle":270,"type":"block"},{"duration":0.5,"type":"hold","time":176.75,"angle":292.5,"angle2":360},{"time":177.125,"angle":337.5,"type":"block"},{"time":177.5,"angle":22.5,"type":"block"},{"duration":0.25,"type":"hold","time":176,"angle":225,"angle2":247.5},{"time":176.25,"angle":247.5,"type":"block"},{"time":177.75,"angle":45,"type":"block"},{"time":178,"angle":67.5,"type":"block"},{"duration":0.125,"type":"hold","time":178.125,"angle":90,"angle2":67.5},{"time":178.5,"angle":45,"type":"block"},{"duration":0.125,"type":"hold","time":178.625,"angle":22.5,"angle2":0},{"time":179,"angle":337.5,"type":"block"},{"duration":0.375,"type":"hold","time":179.625,"angle":292.5,"angle2":360},{"time":179.75,"angle":315,"type":"block"},{"duration":0.5,"type":"hold","time":180,"angle":0,"angle2":45},{"duration":0.5,"type":"hold","time":180.5,"angle":45,"angle2":0},{"time":179.25,"angle":315,"type":"block"},{"duration":0.5,"type":"hold","time":181,"angle":0,"angle2":45},{"duration":0.25,"type":"hold","time":181.5,"angle":45,"angle2":67.5},{"time":182,"angle":90,"type":"block"},{"time":182.25,"angle":112.5,"type":"block"},{"time":182.5,"angle":135,"type":"block"},{"time":182.75,"angle":157.5,"type":"block"},{"time":183,"angle":180,"type":"block"},{"time":183.25,"angle":157.5,"type":"block"},{"duration":0.5,"type":"hold","time":183.5,"angle":135,"angle2":180},{"time":184.5,"angle":225,"type":"block"},{"time":185,"angle":270,"type":"block"},{"duration":0.25,"type":"hold","time":184.75,"angle":247.5,"angle2":270},{"time":185.25,"angle":292.5,"type":"block"},{"duration":0.5,"type":"hold","time":185.5,"angle":315,"angle2":270},{"duration":0.25,"type":"hold","time":186.25,"angle":247.5,"angle2":270},{"duration":0.25,"type":"hold","time":186.75,"angle":292.5,"angle2":315},{"duration":0.25,"type":"hold","time":187.25,"angle":337.5,"angle2":315},{"time":187.75,"angle":292.5,"type":"block"},{"time":188,"angle":270,"type":"block"},{"duration":0.3333332836628,"type":"hold","time":188.33332824707,"angle":247.5,"angle2":225},{"duration":0.3333332836628,"type":"hold","time":188.66667175293,"angle":202.5,"angle2":157.5},{"time":189.33332824707,"angle":135,"type":"block"},{"duration":0.3333332836628,"type":"hold","time":189.66667175293,"angle":112.5,"angle2":157.5},{"time":190.25,"angle":180,"type":"block"},{"time":190.5,"angle":157.5,"type":"block"},{"time":190.75,"angle":135,"type":"block"},{"duration":0.5,"type":"hold","time":191.5,"angle":157.5,"angle2":112.5},{"duration":0.25,"type":"hold","time":192,"angle":112.5,"angle2":157.5},{"duration":0.25,"type":"hold","time":192.5,"angle":180,"angle2":225},{"time":193,"angle":247.5,"type":"block"},{"time":193.25,"angle":270,"type":"block"},{"time":193.5,"angle":292.5,"type":"block"},{"time":193.75,"angle":270,"type":"block"},{"time":194,"angle":247.5,"type":"block"},{"duration":0.25,"type":"hold","time":194,"angle":225,"angle2":180},{"time":194.5,"angle":157.5,"type":"block"},{"time":195,"angle":180,"type":"block"},{"time":195.25,"angle":157.5,"type":"block"},{"time":195.5,"angle":135,"type":"block"},{"time":195.75,"angle":112.5,"type":"block"},{"duration":0,"type":"hold","time":196,"angle":90,"angle2":67.5},{"duration":0,"type":"hold","time":196.25,"angle":67.5,"angle2":45},{"duration":0,"type":"hold","time":196.5,"angle":45,"angle2":22.5},{"time":196.75,"angle":67.5,"type":"block"},{"time":197,"angle":90,"type":"block"},{"time":197,"angle":112.5,"type":"block"},{"time":197.25,"angle":135,"type":"block"},{"time":197.5,"angle":157.5,"type":"block"},{"time":197.75,"angle":135,"type":"block"},{"duration":0.25,"type":"hold","time":198,"angle":112.5,"angle2":90},{"duration":0.25,"type":"hold","time":198.5,"angle":112.5,"angle2":135},{"time":199,"angle":157.5,"type":"block"},{"time":199.25,"angle":180,"type":"block"},{"time":199.5,"angle":202.5,"type":"block"},{"time":199.75,"angle":180,"type":"block"},{"duration":0.5,"type":"hold","time":200,"angle":157.5,"angle2":225},{"time":201,"angle":247.5,"type":"block"},{"time":201.25,"angle":270,"type":"block"},{"time":201.5,"angle":292.5,"type":"block"},{"time":201.75,"angle":270,"type":"block"},{"time":202,"angle":247.5,"type":"block"},{"time":202.25,"angle":270,"type":"block"},{"time":202.5,"angle":292.5,"type":"block"},{"time":202.75,"angle":315,"type":"block"},{"duration":0,"type":"hold","time":203,"angle":337.5,"angle2":360},{"duration":0,"type":"hold","time":203.5,"angle":315,"angle2":292.5},{"duration":0.25,"type":"hold","time":204,"angle":270,"angle2":315},{"duration":0.25,"type":"hold","time":204.5,"angle":337.5,"angle2":382.5},{"time":205,"angle":45,"type":"block"},{"time":205.25,"angle":67.5,"type":"block"},{"time":205.5,"angle":45,"type":"block"},{"time":205.75,"angle":22.5,"type":"block"},{"duration":0.25,"type":"hold","time":206,"angle":360,"angle2":315},{"duration":0.25,"type":"hold","time":206.5,"angle":292.5,"angle2":337.5},{"time":207,"angle":315,"type":"block"},{"time":207.25,"angle":292.5,"type":"block"},{"time":207.5,"angle":270,"type":"block"},{"time":207.75,"angle":247.5,"type":"block"},{"duration":0.25,"type":"hold","time":208,"angle":225,"angle2":180},{"duration":0.25,"type":"hold","time":208.5,"angle":157.5,"angle2":112.5},{"time":209,"angle":135,"type":"block"},{"time":209.25,"angle":157.5,"type":"block"},{"duration":1,"type":"hold","time":413,"angle":337.5,"angle2":270},{"duration":1,"type":"hold","time":414,"angle":270,"angle2":292.5},{"duration":1,"type":"hold","time":415,"angle":292.5,"angle2":247.5},{"duration":0.25,"type":"hold","time":209.5,"angle":180,"angle2":225},{"time":210,"angle":247.5,"type":"block"},{"time":210.25,"angle":270,"type":"block"},{"time":210.5,"angle":292.5,"type":"block"},{"time":210.75,"angle":315,"type":"block"},{"time":211,"angle":292.5,"type":"block"},{"duration":0.25,"type":"hold","time":211.5,"angle":247.5,"angle2":225},{"duration":0.25,"type":"hold","time":211.75,"angle":225,"angle2":247.5},{"duration":0.25,"type":"hold","time":212,"angle":247.5,"angle2":270},{"duration":0.25,"type":"hold","time":212.25,"angle":270,"angle2":292.5},{"time":213,"angle":292.5,"type":"block"},{"duration":0.5,"type":"hold","time":191,"angle":112.5,"angle2":157.5},{"time":211.25,"angle":270,"type":"block"},{"duration":0.25,"type":"hold","time":212.5,"angle":292.5,"angle2":315},{"time":213.25,"angle":270,"type":"block"},{"time":213.75,"angle":247.5,"type":"block"},{"duration":0.75,"type":"hold","time":214,"angle":270,"angle2":270},{"duration":0.125,"type":"hold","time":214,"angle":270,"angle2":292.5},{"duration":0.125,"type":"hold","time":214.125,"angle":292.5,"angle2":247.5},{"duration":0.125,"type":"hold","time":214.25,"angle":247.5,"angle2":292.5},{"duration":0.125,"type":"hold","time":214.375,"angle":292.5,"angle2":247.5},{"duration":0.125,"type":"hold","time":214.5,"angle":247.5,"angle2":292.5},{"duration":0.125,"type":"hold","time":214.625,"angle":292.5,"angle2":270},{"time":215,"angle":247.5,"type":"block"},{"time":215.25,"angle":225,"type":"block"},{"time":215.5,"angle":202.5,"type":"block"},{"time":215.75,"angle":225,"type":"block"},{"time":216,"angle":202.5,"type":"block"},{"time":216.25,"angle":180,"type":"block"},{"time":216.5,"angle":157.5,"type":"block"},{"duration":0.25,"type":"hold","time":216.75,"angle":135,"angle2":90},{"duration":0.25,"type":"hold","time":217.5,"angle":157.5,"angle2":202.5},{"time":218,"angle":225,"type":"block"},{"time":218.25,"angle":247.5,"type":"block"},{"time":218.5,"angle":225,"type":"block"},{"time":218.75,"angle":202.5,"type":"block"},{"time":219,"angle":180,"type":"block"},{"time":219.5,"angle":135,"type":"block"},{"time":219.75,"angle":157.5,"type":"block"},{"duration":0.25,"type":"hold","time":220,"angle":180,"angle2":225},{"time":220.5,"angle":247.5,"type":"block"},{"time":220.75,"angle":270,"type":"block"},{"duration":0.25,"type":"hold","time":221,"angle":292.5,"angle2":337.5},{"duration":0.25,"type":"hold","time":221.25,"angle":337.5,"angle2":315},{"time":221.75,"angle":292.5,"type":"block"},{"time":222,"angle":315,"type":"block"},{"time":222.25,"angle":337.5,"type":"block"},{"time":222.5,"angle":360,"type":"block"},{"time":222.75,"angle":382.5,"type":"block"},{"time":223,"angle":405,"type":"block"},{"time":223.25,"angle":67.5,"type":"block"},{"time":223.5,"angle":90,"type":"block"},{"time":223.75,"angle":112.5,"type":"block"},{"duration":0.5,"type":"hold","time":224,"angle":135,"angle2":202.5},{"time":224.5,"angle":202.5,"type":"block"},{"time":225,"angle":247.5,"type":"block"},{"time":328,"angle":270,"type":"extraTap"},{"time":336,"angle":450,"type":"extraTap"},{"time":344,"angle":270,"type":"extraTap"},{"time":352,"angle":270,"type":"extraTap"},{"time":368,"angle":247.5,"type":"extraTap"},{"time":376,"angle":337.5,"type":"extraTap"},{"time":382,"angle":247.5,"type":"block"},{"time":382.25,"angle":270,"type":"block"},{"time":382.5,"angle":292.5,"type":"block"},{"time":383,"angle":337.5,"type":"block"},{"time":383.25,"angle":0,"type":"block"},{"time":383.5,"angle":22.5,"type":"block"},{"time":383.75,"angle":45,"type":"block"},{"type":"block","angle":202.5,"time":382.5,"speedMult":5},{"type":"block","angle":225,"time":382.75,"speedMult":5},{"type":"block","angle":247.5,"time":383,"speedMult":5},{"type":"block","angle":270,"time":383.25,"speedMult":5},{"type":"block","angle":292.5,"time":383.5,"speedMult":5},{"type":"block","angle":315,"time":383.75,"speedMult":5},{"type":"block","angle":157.5,"time":383,"speedMult":5},{"type":"block","angle":180,"time":383.25,"speedMult":5},{"type":"block","angle":202.5,"time":383.5,"speedMult":5},{"type":"block","angle":225,"time":383.75,"speedMult":5},{"type":"block","angle":112.5,"time":383.5,"speedMult":5},{"type":"block","angle":135,"time":383.75,"speedMult":5},{"type":"block","angle":213.75,"time":382.625,"speedMult":5},{"type":"block","angle":236.25,"time":382.875,"speedMult":5},{"type":"block","angle":258.75,"time":383.125,"speedMult":5},{"type":"block","angle":281.25,"time":383.375,"speedMult":5},{"type":"block","angle":303.75,"time":383.625,"speedMult":5},{"type":"block","angle":326.25,"time":383.875,"speedMult":5},{"type":"block","angle":236.25,"time":383.875,"speedMult":5},{"type":"block","angle":213.75,"time":383.625,"speedMult":5},{"type":"block","angle":191.25,"time":383.375,"speedMult":5},{"type":"block","angle":168.75,"time":383.125,"speedMult":5},{"type":"block","angle":123.75,"time":383.625,"speedMult":5},{"type":"block","angle":146.25,"time":383.875,"speedMult":5},{"time":382.75,"angle":315,"type":"block"},{"type":"block","angle":208.125,"time":382.5625,"speedMult":5},{"type":"block","angle":230.625,"time":382.8125,"speedMult":5},{"type":"block","angle":253.125,"time":383.0625,"speedMult":5},{"type":"block","angle":275.625,"time":383.3125,"speedMult":5},{"type":"block","angle":298.125,"time":383.5625,"speedMult":5},{"type":"block","angle":320.625,"time":383.8125,"speedMult":5},{"type":"block","angle":163.125,"time":383.0625,"speedMult":5},{"type":"block","angle":185.625,"time":383.3125,"speedMult":5},{"type":"block","angle":208.125,"time":383.5625,"speedMult":5},{"type":"block","angle":230.625,"time":383.8125,"speedMult":5},{"type":"block","angle":118.125,"time":383.5625,"speedMult":5},{"type":"block","angle":140.625,"time":383.8125,"speedMult":5},{"type":"block","angle":219.375,"time":382.6875,"speedMult":5},{"type":"block","angle":241.875,"time":382.9375,"speedMult":5},{"type":"block","angle":264.375,"time":383.1875,"speedMult":5},{"type":"block","angle":286.875,"time":383.4375,"speedMult":5},{"type":"block","angle":309.375,"time":383.6875,"speedMult":5},{"type":"block","angle":331.875,"time":383.9375,"speedMult":5},{"type":"block","angle":241.875,"time":383.9375,"speedMult":5},{"type":"block","angle":219.375,"time":383.6875,"speedMult":5},{"type":"block","angle":196.875,"time":383.4375,"speedMult":5},{"type":"block","angle":174.375,"time":383.1875,"speedMult":5},{"type":"block","angle":129.375,"time":383.6875,"speedMult":5},{"type":"block","angle":151.875,"time":383.9375,"speedMult":5},{"time":382.125,"angle":258.75,"type":"block"},{"time":382.375,"angle":281.25,"type":"block"},{"time":382.625,"angle":303.75,"type":"block"},{"time":382.875,"angle":326.25,"type":"block"},{"time":383.125,"angle":-11.25,"type":"block"},{"time":383.375,"angle":11.25,"type":"block"},{"time":383.625,"angle":33.75,"type":"block"},{"time":383.875,"angle":56.25,"type":"block"},{"time":381.75,"angle":225,"type":"block"},{"time":381.5,"angle":202.5,"type":"block"},{"time":381.25,"angle":180,"type":"block"},{"time":381,"angle":202.5,"type":"block"},{"time":380.75,"angle":225,"type":"block"},{"time":380.5,"angle":247.5,"type":"block"},{"time":380.25,"angle":270,"type":"block"},{"time":380,"angle":292.5,"type":"block"},{"duration":0.25,"type":"hold","time":225.5,"angle":292.5,"angle2":247.5},{"duration":0.25,"type":"hold","time":225.75,"angle":247.5,"angle2":270},{"duration":0.25,"type":"hold","time":226,"angle":270,"angle2":225},{"duration":0.25,"type":"hold","time":226.25,"angle":225,"angle2":247.5},{"duration":0.25,"type":"hold","time":226.5,"angle":247.5,"angle2":202.5},{"time":227,"angle":180,"type":"block"},{"time":227.25,"angle":157.5,"type":"block"},{"time":227.5,"angle":135,"type":"block"},{"time":227.75,"angle":157.5,"type":"block"},{"duration":0.25,"type":"hold","time":228,"angle":180,"angle2":225},{"duration":0.25,"type":"hold","time":228.25,"angle":225,"angle2":180},{"time":229,"angle":225,"type":"block"},{"time":229.5,"angle":270,"type":"block"},{"time":230,"angle":315,"type":"block"},{"time":230.25,"angle":292.5,"type":"block"},{"time":230.5,"angle":270,"type":"block"},{"time":230.75,"angle":247.5,"type":"block"},{"time":231,"angle":270,"type":"block"},{"time":231.25,"angle":292.5,"type":"block"},{"time":231.5,"angle":315,"type":"block"},{"time":231.75,"angle":337.5,"type":"block"},{"duration":0.25,"type":"hold","time":232,"angle":0,"angle2":45},{"duration":0.25,"type":"hold","time":232.25,"angle":45,"angle2":22.5},{"duration":0.25,"type":"hold","time":232.5,"angle":22.5,"angle2":67.5},{"duration":0.25,"type":"hold","time":232.75,"angle":67.5,"angle2":45},{"duration":0.25,"type":"hold","time":233,"angle":45,"angle2":90},{"time":233.5,"angle":67.5,"type":"block"},{"time":234,"angle":112.5,"type":"block"},{"time":234.25,"angle":90,"type":"block"},{"duration":0.25,"type":"hold","time":234.5,"angle":67.5,"angle2":22.5},{"time":235,"angle":0,"type":"block"},{"time":235.25,"angle":22.5,"type":"block"},{"duration":0.25,"type":"hold","time":235.5,"angle":45,"angle2":90},{"time":236,"angle":112.5,"type":"block"},{"time":236.25,"angle":135,"type":"block"},{"time":236.5,"angle":157.5,"type":"block"},{"duration":0,"type":"hold","time":236.75,"angle":135,"angle2":112.5},{"duration":0,"type":"hold","time":237,"angle":112.5,"angle2":90},{"time":237.25,"angle":67.5,"type":"block"},{"duration":0.25,"type":"hold","time":237.5,"angle":45,"angle2":0},{"time":237.75,"angle":0,"type":"block"},{"duration":0.75,"type":"hold","time":238,"angle":337.5,"angle2":337.5},{"time":239,"angle":315,"type":"block"},{"duration":0.25,"type":"hold","time":239.25,"angle":337.5,"angle2":382.5},{"time":239.5,"angle":22.5,"type":"block"},{"time":239.75,"angle":45,"type":"block"},{"duration":0.25,"type":"hold","time":240,"angle":67.5,"angle2":90},{"duration":0.25,"type":"hold","time":240,"angle":90,"angle2":67.5},{"time":240.25,"angle":67.5,"type":"block"},{"time":240.25,"angle":90,"type":"block"},{"duration":0.25,"type":"hold","time":240.75,"angle":112.5,"angle2":135},{"duration":0.25,"type":"hold","time":240.75,"angle":135,"angle2":112.5},{"duration":0.5,"type":"hold","time":241,"angle":112.5,"angle2":157.5},{"duration":0.5,"type":"hold","time":241,"angle":135,"angle2":135},{"time":242,"angle":202.5,"type":"block"},{"time":242.33332824707,"angle":202.5,"type":"block"},{"time":242.75,"angle":180,"type":"block"},{"time":242,"angle":180,"type":"block"},{"time":242.75,"angle":157.5,"type":"block"},{"time":242.33332824707,"angle":225,"type":"block"},{"duration":0,"type":"hold","time":243,"angle":157.5,"angle2":135},{"time":243.25,"angle":112.5,"type":"block"},{"time":243.5,"angle":135,"type":"block"},{"duration":0.25,"type":"hold","time":243.75,"angle":157.5,"angle2":202.5},{"duration":0.5,"type":"hold","time":244,"angle":202.5,"angle2":270},{"duration":0.5,"type":"hold","time":244.5,"angle":270,"angle2":247.5},{"duration":0.5,"type":"hold","time":245,"angle":247.5,"angle2":292.5},{"duration":0.25,"type":"hold","time":246,"angle":315,"angle2":270},{"time":246.25,"angle":270,"type":"block"},{"duration":0.25,"type":"hold","time":246.5,"angle":247.5,"angle2":292.5},{"time":246.75,"angle":292.5,"type":"block"},{"time":101.75,"angle":270,"type":"block"},{"time":101.875,"angle":292.5,"type":"block"},{"duration":0.25,"type":"hold","time":247,"angle":315,"angle2":270},{"time":247.25,"angle":270,"type":"block"},{"duration":0.25,"type":"hold","time":247.5,"angle":247.5,"angle2":202.5},{"duration":0.25,"type":"hold","time":247.75,"angle":202.5,"angle2":225},{"time":248.25,"angle":247.5,"type":"block"},{"time":248.5,"angle":270,"type":"block"},{"time":248.75,"angle":292.5,"type":"block"},{"duration":0.25,"type":"hold","time":249,"angle":315,"angle2":270},{"duration":0.25,"type":"hold","time":249.5,"angle":247.5,"angle2":202.5},{"time":250,"angle":180,"type":"block"},{"time":250.25,"angle":157.5,"type":"block"},{"duration":0,"type":"hold","time":250.5,"angle":202.5,"angle2":180},{"time":251,"angle":180,"type":"block"},{"duration":0.25,"type":"hold","time":251.25,"angle":157.5,"angle2":112.5},{"time":251.5,"angle":112.5,"type":"block"},{"time":251.5,"angle":90,"type":"block"},{"time":251.75,"angle":90,"type":"block"},{"time":251.75,"angle":67.5,"type":"block"},{"duration":0.25,"type":"hold","time":252,"angle":45,"angle2":0},{"duration":0.25,"type":"hold","time":252.25,"angle":0,"angle2":22.5},{"duration":0.25,"type":"hold","time":252.5,"angle":22.5,"angle2":-22.5},{"time":253,"angle":360,"type":"block"},{"time":253.125,"angle":22.5,"type":"block"},{"time":253.25,"angle":45,"type":"block"},{"time":253.375,"angle":67.5,"type":"block"},{"time":253.5,"angle":90,"type":"block"},{"time":253.75,"angle":112.5,"type":"block"},{"time":254,"angle":135,"type":"block"},{"time":254.5,"angle":90,"type":"block"},{"time":254.75,"angle":67.5,"type":"block"},{"time":255,"angle":45,"type":"block"},{"time":255.25,"angle":22.5,"type":"block"},{"duration":0.25,"type":"hold","time":256,"angle":315,"angle2":270},{"duration":0.125,"type":"hold","time":238,"angle":337.5,"angle2":315},{"duration":0,"type":"hold","time":238.125,"angle":315,"angle2":360},{"duration":0.25,"type":"hold","time":238.125,"angle":360,"angle2":315},{"duration":0.125,"type":"hold","time":238.375,"angle":315,"angle2":360},{"duration":0.125,"type":"hold","time":238.5,"angle":0,"angle2":-45},{"duration":0.125,"type":"hold","time":238.625,"angle":315,"angle2":337.5},{"time":255.5,"angle":0,"type":"block"},{"time":256.25,"angle":270,"type":"block"},{"duration":0.25,"type":"hold","time":256.75,"angle":292.5,"angle2":337.5},{"time":257,"angle":337.5,"type":"block"},{"duration":0.25,"type":"hold","time":257.25,"angle":0,"angle2":45},{"time":257.5,"angle":45,"type":"block"},{"duration":0.25,"type":"hold","time":257.75,"angle":67.5,"angle2":112.5},{"time":258,"angle":112.5,"type":"block"},{"time":258.25,"angle":135,"type":"block"},{"time":258.5,"angle":157.5,"type":"block"},{"time":258.75,"angle":135,"type":"block"},{"time":259,"angle":112.5,"type":"block"},{"duration":0.25,"type":"hold","time":259.25,"angle":90,"angle2":45},{"time":259.5,"angle":45,"type":"block"},{"duration":0.25,"type":"hold","time":259.75,"angle":22.5,"angle2":0},{"duration":0.5,"type":"hold","time":260,"angle":0,"angle2":67.5},{"duration":0.25,"type":"hold","time":260.5,"angle":67.5,"angle2":45},{"time":261,"angle":22.5,"type":"block"},{"time":261.5,"angle":337.5,"type":"block"},{"time":261.75,"angle":315,"type":"block"},{"duration":0.875,"type":"hold","time":262,"angle":292.5,"angle2":292.5},{"duration":0.125,"type":"hold","time":262,"angle":292.5,"angle2":270},{"time":263,"angle":270,"type":"block"},{"duration":0.125,"type":"hold","time":262.125,"angle":270,"angle2":315},{"duration":0.125,"type":"hold","time":262.25,"angle":315,"angle2":270},{"duration":0.125,"type":"hold","time":262.375,"angle":270,"angle2":315},{"duration":0.125,"type":"hold","time":262.5,"angle":315,"angle2":270},{"duration":0.125,"type":"hold","time":262.625,"angle":270,"angle2":315},{"duration":0.125,"type":"hold","time":262.75,"angle":315,"angle2":292.5},{"time":263.5,"angle":225,"type":"block"},{"time":263.75,"angle":202.5,"type":"block"},{"duration":0.25,"type":"hold","time":264,"angle":180,"angle2":225},{"duration":0,"type":"hold","time":264.25,"angle":225,"angle2":202.5},{"duration":0,"type":"hold","time":265,"angle":270,"angle2":292.5},{"time":264.75,"angle":247.5,"type":"block"},{"time":265.25,"angle":315,"type":"block"},{"duration":0,"type":"hold","time":265.5,"angle":337.5,"angle2":360},{"duration":0,"type":"hold","time":265.75,"angle":337.5,"angle2":315},{"time":266,"angle":292.5,"type":"block"},{"time":266.25,"angle":270,"type":"block"},{"duration":0.25,"type":"hold","time":266.5,"angle":247.5,"angle2":292.5},{"duration":0.25,"type":"hold","time":267.25,"angle":225,"angle2":202.5},{"duration":0,"type":"hold","time":267.5,"angle":202.5,"angle2":225},{"duration":0,"type":"hold","time":267,"angle":270,"angle2":247.5},{"duration":0.25,"type":"hold","time":268,"angle":180,"angle2":135},{"duration":0.25,"type":"hold","time":268.25,"angle":135,"angle2":157.5},{"duration":0.25,"type":"hold","time":268.5,"angle":157.5,"angle2":112.5},{"time":269,"angle":90,"type":"block"},{"time":269.25,"angle":67.5,"type":"block"},{"duration":0.25,"type":"hold","time":269.5,"angle":45,"angle2":90},{"time":270,"angle":112.5,"type":"block"},{"time":270.25,"angle":135,"type":"block"},{"time":270.5,"angle":112.5,"type":"block"},{"time":270.75,"angle":90,"type":"block"},{"duration":0.25,"type":"hold","time":271,"angle":67.5,"angle2":22.5},{"time":271.25,"angle":22.5,"type":"block"},{"duration":0.25,"type":"hold","time":271.5,"angle":360,"angle2":405},{"time":271.75,"angle":45,"type":"block"},{"duration":0.25,"type":"hold","time":272,"angle":67.5,"angle2":22.5},{"time":272.25,"angle":22.5,"type":"block"},{"duration":0.25,"type":"hold","time":272.5,"angle":0,"angle2":-45},{"time":272.75,"angle":315,"type":"block"},{"duration":0.25,"type":"hold","time":273,"angle":292.5,"angle2":337.5},{"time":273.5,"angle":0,"type":"block"},{"time":273.75,"angle":22.5,"type":"block"},{"duration":0.75,"type":"hold","time":274,"angle":22.5,"angle2":22.5},{"duration":0.125,"type":"hold","time":274,"angle":22.5,"angle2":45},{"duration":0.125,"type":"hold","time":274.125,"angle":45,"angle2":0},{"duration":0.125,"type":"hold","time":274.25,"angle":360,"angle2":405},{"duration":0.125,"type":"hold","time":274.375,"angle":45,"angle2":0},{"duration":0.125,"type":"hold","time":274.5,"angle":0,"angle2":45},{"duration":0.125,"type":"hold","time":274.625,"angle":45,"angle2":22.5},{"duration":0.25,"type":"hold","time":275.25,"angle":337.5,"angle2":292.5},{"time":275,"angle":0,"type":"block"},{"time":275.75,"angle":270,"type":"block"},{"duration":0.75,"type":"hold","time":276,"angle":247.5,"angle2":180},{"duration":0.25,"type":"hold","time":277,"angle":157.5,"angle2":202.5},{"duration":0.25,"type":"hold","time":277.5,"angle":225,"angle2":270},{"time":278,"angle":292.5,"type":"block"},{"time":278.25,"angle":315,"type":"block"},{"time":278.5,"angle":337.5,"type":"block"},{"duration":0.25,"type":"hold","time":278.75,"angle":360,"angle2":315},{"time":279,"angle":315,"type":"block"},{"time":279.25,"angle":292.5,"type":"block"},{"time":279.5,"angle":270,"type":"block"},{"time":279.75,"angle":292.5,"type":"block"},{"duration":0.25,"type":"hold","time":280,"angle":315,"angle2":360},{"time":280.25,"angle":360,"type":"block"},{"time":280.5,"angle":22.5,"type":"block"},{"time":281,"angle":0,"type":"block"},{"duration":0.25,"type":"hold","time":280.75,"angle":45,"angle2":0},{"time":281.25,"angle":337.5,"type":"block"},{"duration":0.25,"type":"hold","time":281.5,"angle":315,"angle2":270},{"time":282,"angle":247.5,"type":"block"},{"time":282.25,"angle":225,"type":"block"},{"duration":0.5,"type":"hold","time":282.5,"angle":202.5,"angle2":247.5},{"time":283,"angle":247.5,"type":"block"},{"duration":0.25,"type":"hold","time":283.25,"angle":270,"angle2":225},{"time":283.5,"angle":225,"type":"block"},{"time":283.75,"angle":202.5,"type":"block"},{"duration":0.25,"type":"hold","time":284,"angle":180,"angle2":135},{"duration":0.25,"type":"hold","time":284.25,"angle":135,"angle2":157.5},{"duration":0.25,"type":"hold","time":284.5,"angle":157.5,"angle2":112.5},{"duration":0.25,"type":"hold","time":284.75,"angle":112.5,"angle2":135},{"time":285.25,"angle":157.5,"type":"block"},{"time":285.5,"angle":180,"type":"block"},{"time":285.75,"angle":202.5,"type":"block"},{"time":286,"angle":225,"type":"block"},{"duration":0.25,"type":"hold","time":286.25,"angle":247.5,"angle2":292.5},{"time":286.5,"angle":292.5,"type":"block"},{"time":286.75,"angle":315,"type":"block"},{"time":287,"angle":292.5,"type":"block"},{"time":287.25,"angle":270,"type":"block"},{"time":287.5,"angle":247.5,"type":"block"},{"time":287.75,"angle":225,"type":"block"},{"duration":0.25,"type":"hold","time":288,"angle":202.5,"angle2":247.5},{"duration":0.25,"type":"hold","time":288.25,"angle":247.5,"angle2":225},{"duration":0.25,"type":"hold","time":288.5,"angle":225,"angle2":270},{"duration":0.25,"type":"hold","time":288.75,"angle":270,"angle2":247.5},{"time":289.25,"angle":225,"type":"block"},{"time":289.5,"angle":202.5,"type":"block"},{"time":289.75,"angle":180,"type":"block"},{"time":290,"angle":202.5,"type":"block"},{"time":290.25,"angle":225,"type":"block"},{"time":290.5,"angle":247.5,"type":"block"},{"time":290.75,"angle":270,"type":"block"},{"time":291.75,"angle":337.5,"type":"block"},{"time":291,"angle":292.5,"type":"block"},{"duration":1,"type":"hold","time":292,"angle":0,"angle2":90},{"time":293,"angle":90,"type":"block"},{"time":293.5,"angle":135,"type":"block"},{"time":293.75,"angle":112.5,"type":"block"},{"time":294,"angle":90,"type":"block"},{"time":294.5,"angle":45,"type":"block"},{"time":295,"angle":67.5,"type":"block"},{"time":295.5,"angle":22.5,"type":"block"},{"duration":0.5,"type":"hold","time":296,"angle":-360,"angle2":-427.5},{"duration":0.5,"type":"hold","time":296,"angle":-382.5,"angle2":-405},{"time":297,"angle":-112.5,"type":"block"},{"time":297.5,"angle":-157.5,"type":"block"},{"time":297.75,"angle":-180,"type":"block"},{"time":298,"angle":-157.5,"type":"block"},{"time":298.25,"angle":-135,"type":"block"},{"duration":0.5,"type":"hold","time":298.5,"angle":-112.5,"angle2":-45},{"duration":0.5,"type":"hold","time":298.5,"angle":-90,"angle2":-67.5},{"time":299.5,"angle":0,"type":"block"},{"time":299.75,"angle":22.5,"type":"block"},{"duration":0.25,"type":"hold","time":300,"angle":45,"angle2":0},{"duration":0.25,"type":"hold","time":300.25,"angle":0,"angle2":22.5},{"duration":0.25,"type":"hold","time":300.5,"angle":22.5,"angle2":-22.5},{"duration":0.25,"type":"hold","time":300.75,"angle":337.5,"angle2":360},{"duration":0.25,"type":"hold","time":301,"angle":0,"angle2":-45},{"duration":0.25,"type":"hold","time":301.25,"angle":-45,"angle2":-22.5},{"duration":0.25,"type":"hold","time":301.5,"angle":-22.5,"angle2":-67.5},{"duration":0.25,"type":"hold","time":301.75,"angle":292.5,"angle2":315},{"duration":0.25,"type":"hold","time":302,"angle":-45,"angle2":-90},{"duration":0.25,"type":"hold","time":302.25,"angle":-90,"angle2":-67.5},{"duration":0.25,"type":"hold","time":302.5,"angle":-67.5,"angle2":-112.5},{"duration":0.25,"type":"hold","time":302.75,"angle":247.5,"angle2":270},{"duration":0.25,"type":"hold","time":303,"angle":-90,"angle2":-135},{"time":303.5,"angle":202.5,"type":"block"},{"time":303.75,"angle":180,"type":"block"},{"duration":0.5,"type":"hold","time":304,"angle":135,"angle2":202.5},{"duration":0.5,"type":"hold","time":304,"angle":157.5,"angle2":180},{"time":305,"angle":247.5,"type":"block"},{"time":305.5,"angle":270,"type":"block"},{"time":305.75,"angle":292.5,"type":"block"},{"duration":0,"type":"hold","time":306,"angle":315,"angle2":337.5},{"duration":0,"type":"hold","time":306.25,"angle":337.5,"angle2":360},{"duration":0.25,"type":"hold","time":306.5,"angle":22.5,"angle2":-22.5},{"duration":0,"type":"hold","time":307,"angle":315,"angle2":292.5},{"duration":0.25,"type":"hold","time":307.25,"angle":270,"angle2":315},{"duration":0,"type":"hold","time":307.5,"angle":315,"angle2":292.5},{"duration":0.25,"type":"hold","time":308,"angle":270,"angle2":225},{"duration":0.25,"type":"hold","time":308.25,"angle":225,"angle2":247.5},{"time":309.75,"angle":180,"type":"block"},{"duration":0,"type":"hold","time":310,"angle":202.5,"angle2":225},{"time":310.25,"angle":247.5,"type":"block"},{"duration":0.5,"type":"hold","time":310.5,"angle":270,"angle2":337.5},{"time":311,"angle":337.5,"type":"block"},{"duration":0,"type":"hold","time":311.5,"angle":315,"angle2":292.5},{"time":311.75,"angle":270,"type":"block"},{"duration":0.25,"type":"hold","time":312,"angle":247.5,"angle2":292.5},{"duration":0.25,"type":"hold","time":312.25,"angle":292.5,"angle2":270},{"duration":0.25,"type":"hold","time":312.5,"angle":270,"angle2":315},{"time":313,"angle":337.5,"type":"block"},{"duration":0.25,"type":"hold","time":313.25,"angle":360,"angle2":405},{"duration":0.25,"type":"hold","time":313.5,"angle":45,"angle2":22.5},{"time":314,"angle":337.5,"type":"block"},{"time":314.25,"angle":315,"type":"block"},{"time":314.5,"angle":292.5,"type":"block"},{"time":314.75,"angle":270,"type":"block"},{"time":315,"angle":247.5,"type":"block"},{"time":315.5,"angle":270,"type":"block"},{"time":315.75,"angle":292.5,"type":"block"},{"duration":0.5,"type":"hold","time":316,"angle":315,"angle2":247.5},{"time":317,"angle":180,"type":"block"},{"time":317.25,"angle":225,"type":"block"},{"time":317.5,"angle":270,"type":"block"},{"time":317.75,"angle":315,"type":"block"},{"time":318,"angle":0,"type":"block"},{"time":317.125,"angle":202.5,"type":"block"},{"time":317.625,"angle":292.5,"type":"block"},{"time":317.875,"angle":337.5,"type":"block"},{"time":317.375,"angle":247.5,"type":"block"},{"time":318.5,"angle":315,"type":"block"},{"time":319,"angle":337.5,"type":"block"},{"time":319.5,"angle":292.5,"type":"block"},{"duration":0.5,"type":"hold","time":320,"angle":270,"angle2":202.5},{"duration":0.5,"type":"hold","time":320,"angle":247.5,"angle2":225},{"time":321,"angle":180,"type":"block"},{"time":321.5,"angle":135,"type":"block"},{"time":322,"angle":90,"type":"block"},{"time":321.75,"angle":112.5,"type":"block"},{"time":322.25,"angle":112.5,"type":"block"},{"duration":0.5,"type":"hold","time":322.5,"angle":135,"angle2":202.5},{"duration":0.5,"type":"hold","time":322.5,"angle":157.5,"angle2":180},{"time":323.5,"angle":247.5,"type":"block"},{"time":323.75,"angle":225,"type":"block"},{"time":324,"angle":202.5,"type":"block"},{"time":324.5,"angle":180,"type":"block"},{"time":325,"angle":202.5,"type":"block"},{"time":325.5,"angle":225,"type":"block"},{"duration":1,"type":"hold","time":326,"angle":247.5,"angle2":337.5},{"duration":1,"type":"hold","time":326,"angle":270,"angle2":315},{"time":327.5,"angle":360,"type":"block"},{"duration":0.5,"type":"hold","time":328,"angle":337.5,"angle2":270},{"duration":0.5,"type":"hold","time":328,"angle":315,"angle2":292.5},{"time":329,"angle":225,"type":"block"},{"time":329.5,"angle":270,"type":"block"},{"time":329.75,"angle":292.5,"type":"block"},{"time":330,"angle":315,"type":"block"},{"time":330.25,"angle":337.5,"type":"block"},{"duration":0.5,"type":"hold","time":330.5,"angle":360,"angle2":427.5},{"duration":0.5,"type":"hold","time":330.5,"angle":22.5,"angle2":45},{"time":331.5,"angle":112.5,"type":"block"},{"time":331.75,"angle":135,"type":"block"},{"time":332,"angle":112.5,"type":"block"},{"time":332.5,"angle":90,"type":"block"},{"time":333,"angle":67.5,"type":"block"},{"time":333.5,"angle":90,"type":"block"},{"duration":1,"type":"hold","time":334,"angle":112.5,"angle2":180},{"duration":1,"type":"hold","time":334,"angle":135,"angle2":157.5},{"time":335.5,"angle":202.5,"type":"block"},{"duration":0.5,"type":"hold","time":336,"angle":225,"angle2":292.5},{"duration":0.5,"type":"hold","time":336,"angle":247.5,"angle2":270},{"time":337,"angle":315,"type":"block"},{"time":337.5,"angle":292.5,"type":"block"},{"time":337.75,"angle":270,"type":"block"},{"time":338,"angle":247.5,"type":"block"},{"time":338.25,"angle":225,"type":"block"},{"duration":0.5,"type":"hold","time":338.5,"angle":202.5,"angle2":225},{"duration":0.5,"type":"hold","time":338.5,"angle":180,"angle2":247.5},{"time":339.5,"angle":292.5,"type":"block"},{"time":340,"angle":337.5,"type":"block"},{"time":339.75,"angle":315,"type":"block"},{"time":340.5,"angle":315,"type":"block"},{"time":341,"angle":292.5,"type":"block"},{"time":341.5,"angle":270,"type":"block"},{"duration":1,"type":"hold","time":342,"angle":247.5,"angle2":157.5},{"duration":1,"type":"hold","time":342,"angle":225,"angle2":180},{"time":343.5,"angle":135,"type":"block"},{"duration":0.5,"type":"hold","time":344,"angle":112.5,"angle2":45},{"duration":0.5,"type":"hold","time":344,"angle":90,"angle2":67.5},{"time":345,"angle":22.5,"type":"block"},{"time":345.5,"angle":337.5,"type":"block"},{"time":345.75,"angle":315,"type":"block"},{"time":346.25,"angle":360,"type":"block"},{"time":346,"angle":337.5,"type":"block"},{"duration":0.5,"type":"hold","time":346.5,"angle":22.5,"angle2":0},{"duration":0.5,"type":"hold","time":346.5,"angle":45,"angle2":-22.5},{"time":347.5,"angle":292.5,"type":"block"},{"time":347.75,"angle":315,"type":"block"},{"time":348,"angle":337.5,"type":"block"},{"time":348.5,"angle":315,"type":"block"},{"time":349,"angle":292.5,"type":"block"},{"time":349.5,"angle":270,"type":"block"},{"duration":1,"type":"hold","time":350,"angle":247.5,"angle2":315},{"duration":1,"type":"hold","time":350,"angle":270,"angle2":292.5},{"time":351.5,"angle":270,"type":"block"},{"duration":0.5,"type":"hold","time":352,"angle":292.5,"angle2":360},{"duration":0.5,"type":"hold","time":352,"angle":315,"angle2":337.5},{"time":353,"angle":22.5,"type":"block"},{"time":353.5,"angle":337.5,"type":"block"},{"time":353.75,"angle":315,"type":"block"},{"time":354,"angle":292.5,"type":"block"},{"time":354.25,"angle":270,"type":"block"},{"duration":0.5,"type":"hold","time":354.5,"angle":225,"angle2":157.5},{"duration":0.5,"type":"hold","time":354.5,"angle":202.5,"angle2":180},{"time":355.5,"angle":202.5,"type":"block"},{"time":355.75,"angle":225,"type":"block"},{"time":356,"angle":247.5,"type":"block"},{"time":356.5,"angle":270,"type":"block"},{"time":357,"angle":292.5,"type":"block"},{"time":357.5,"angle":315,"type":"block"},{"duration":1,"type":"hold","time":358,"angle":337.5,"angle2":405},{"duration":1,"type":"hold","time":358,"angle":360,"angle2":382.5},{"time":359.5,"angle":45,"type":"block"},{"duration":1,"type":"hold","time":360,"angle":22.5,"angle2":-67.5},{"duration":1,"type":"hold","time":360,"angle":0,"angle2":-45},{"time":361.5,"angle":270,"type":"block"},{"time":362,"angle":247.5,"type":"block"},{"duration":1,"type":"hold","time":362.5,"angle":270,"angle2":360},{"duration":1,"type":"hold","time":362.5,"angle":292.5,"angle2":337.5},{"time":364,"angle":22.5,"type":"block"},{"time":364.5,"angle":45,"type":"block"},{"time":365,"angle":67.5,"type":"block"},{"time":365.5,"angle":90,"type":"block"},{"duration":1,"type":"hold","time":366,"angle":67.5,"angle2":-22.5},{"duration":1,"type":"hold","time":366,"angle":45,"angle2":0},{"time":367.5,"angle":315,"type":"block"},{"duration":0.5,"type":"hold","time":368,"angle":292.5,"angle2":315},{"duration":0.5,"type":"hold","time":368,"angle":270,"angle2":337.5},{"time":369,"angle":0,"type":"block"},{"time":369.5,"angle":45,"type":"block"},{"time":369.75,"angle":22.5,"type":"block"},{"time":370,"angle":0,"type":"block"},{"time":370.25,"angle":-22.5,"type":"block"},{"duration":0.5,"type":"hold","time":370.5,"angle":315,"angle2":247.5},{"duration":0.5,"type":"hold","time":370.5,"angle":292.5,"angle2":270},{"time":371.75,"angle":247.5,"type":"block"},{"time":371.5,"angle":225,"type":"block"},{"time":372,"angle":270,"type":"block"},{"time":372.5,"angle":292.5,"type":"block"},{"time":373,"angle":315,"type":"block"},{"time":373.5,"angle":292.5,"type":"block"},{"duration":1,"type":"hold","time":374,"angle":270,"angle2":180},{"duration":1,"type":"hold","time":374,"angle":247.5,"angle2":202.5},{"time":375.5,"angle":157.5,"type":"block"},{"duration":0.5,"type":"hold","time":376,"angle":202.5,"angle2":225},{"duration":0.5,"type":"hold","time":376,"angle":180,"angle2":247.5},{"time":377,"angle":270,"type":"block"},{"time":377.5,"angle":315,"type":"block"},{"time":378,"angle":270,"type":"block"},{"time":377.75,"angle":292.5,"type":"block"},{"time":378.25,"angle":292.5,"type":"block"},{"duration":0.5,"type":"hold","time":378.5,"angle":315,"angle2":382.5},{"duration":0.5,"type":"hold","time":378.5,"angle":337.5,"angle2":360},{"time":379.5,"angle":337.5,"type":"block"},{"time":379.75,"angle":315,"type":"block"},{"duration":1,"type":"hold","time":384,"angle":67.5,"angle2":157.5},{"duration":1,"type":"hold","time":384,"angle":90,"angle2":135},{"time":385.5,"angle":180,"type":"block"},{"time":386,"angle":202.5,"type":"block"},{"duration":1,"type":"hold","time":386.5,"angle":180,"angle2":90},{"duration":1,"type":"hold","time":386.5,"angle":157.5,"angle2":112.5},{"time":388,"angle":67.5,"type":"block"},{"time":388.5,"angle":45,"type":"block"},{"time":389,"angle":22.5,"type":"block"},{"time":389.5,"angle":0,"type":"block"},{"duration":1,"type":"hold","time":390,"angle":22.5,"angle2":112.5},{"duration":1,"type":"hold","time":390,"angle":45,"angle2":90},{"time":391.5,"angle":135,"type":"block"},{"duration":1,"type":"hold","time":392,"angle":112.5,"angle2":22.5},{"duration":1,"type":"hold","time":392,"angle":90,"angle2":45},{"time":393.5,"angle":0,"type":"block"},{"time":394,"angle":337.5,"type":"block"},{"duration":1,"type":"hold","time":394.5,"angle":315,"angle2":225},{"duration":1,"type":"hold","time":394.5,"angle":292.5,"angle2":247.5},{"time":396,"angle":202.5,"type":"block"},{"time":396.5,"angle":225,"type":"block"},{"time":397,"angle":247.5,"type":"block"},{"time":397.5,"angle":270,"type":"block"},{"duration":1,"type":"hold","time":398,"angle":292.5,"angle2":382.5},{"duration":1,"type":"hold","time":398,"angle":315,"angle2":360},{"time":399.5,"angle":45,"type":"block"},{"duration":1,"type":"hold","time":400,"angle":22.5,"angle2":-67.5},{"duration":1,"type":"hold","time":400,"angle":0,"angle2":-45},{"time":401.5,"angle":270,"type":"block"},{"time":402,"angle":247.5,"type":"block"},{"duration":1,"type":"hold","time":402.5,"angle":270,"angle2":360},{"duration":1,"type":"hold","time":402.5,"angle":292.5,"angle2":337.5},{"time":404,"angle":22.5,"type":"block"},{"time":404.5,"angle":45,"type":"block"},{"time":405,"angle":22.5,"type":"block"},{"time":405.5,"angle":360,"type":"block"},{"duration":1,"type":"hold","time":406,"angle":337.5,"angle2":247.5},{"duration":1,"type":"hold","time":406,"angle":315,"angle2":270},{"time":407.5,"angle":225,"type":"block"},{"duration":1,"type":"hold","time":408,"angle":202.5,"angle2":90},{"duration":1,"type":"hold","time":408,"angle":180,"angle2":112.5},{"time":409.5,"angle":67.5,"type":"block"},{"time":410,"angle":45,"type":"block"},{"duration":1,"type":"hold","time":410.5,"angle":22.5,"angle2":112.5},{"duration":1,"type":"hold","time":410.5,"angle":45,"angle2":90},{"time":412,"angle":67.5,"type":"block"},{"time":412.5,"angle":22.5,"type":"block"},{"time":194.75,"angle":168.75,"type":"block"},{"time":309.5,"angle":157.5,"type":"block"}]