[{"angle":0,"time":0,"type":"block"},{"angle":45,"time":1,"type":"block"},{"angle":90,"time":2,"type":"block"},{"angle":112.5,"time":3,"type":"block"},{"angle":67.5,"time":4,"type":"block"},{"angle":45,"time":5,"type":"block"},{"angle":22.5,"time":6,"type":"block"},{"angle":360,"time":7,"type":"block"},{"angle":247.5,"time":8,"type":"block"},{"angle":225,"time":9,"type":"block"},{"angle":202.5,"time":10,"type":"block"},{"angle":180,"time":11,"type":"block"},{"angle":247.5,"time":12,"type":"block"},{"angle":270,"time":13,"type":"block"},{"angle":292.5,"time":14,"type":"block"},{"angle":315,"time":15,"type":"block"},{"angle":247.5,"time":16,"type":"block"},{"angle":225,"time":17,"type":"block"},{"angle":202.5,"time":18,"type":"block"},{"angle":180,"time":19,"angle2":270,"duration":2,"type":"hold"},{"angle":292.5,"time":22,"type":"block"},{"angle":315,"time":23,"type":"block"},{"angle":202.5,"time":24,"type":"block"},{"angle":180,"time":25,"type":"block"},{"angle":157.5,"time":26,"type":"block"},{"angle":67.5,"time":28,"angle2":112.5,"duration":1,"type":"hold"},{"angle":112.5,"time":29,"angle2":90,"duration":1,"type":"hold"},{"angle":90,"time":30,"angle2":135,"duration":1,"type":"hold"},{"angle":135,"time":27,"type":"block"},{"angle":202.5,"time":32,"angle2":292.5,"duration":1,"type":"hold"},{"angle":225,"time":32,"angle2":270,"duration":1,"type":"hold"},{"angle":315,"time":33.5,"type":"block"},{"angle":337.5,"time":34,"type":"block"},{"angle":360,"time":34.5,"angle2":315,"duration":1,"type":"hold"},{"angle":22.5,"time":34.5,"angle2":-67.5,"duration":1,"type":"hold"},{"angle":270,"time":36,"type":"block"},{"angle":247.5,"time":36.5,"type":"block"},{"angle":225,"time":37,"type":"block"},{"angle":202.5,"time":37.5,"type":"block"},{"angle":180,"time":38,"angle2":225,"duration":1,"type":"hold"},{"angle":157.5,"time":38,"angle2":247.5,"duration":1,"type":"hold"},{"angle":270,"time":39.5,"type":"block"},{"angle":292.5,"time":40,"angle2":247.5,"duration":1,"type":"hold"},{"angle":315,"time":40,"angle2":225,"duration":1,"type":"hold"},{"angle":202.5,"time":41.5,"type":"block"},{"angle":180,"time":42,"type":"block"},{"angle":157.5,"time":42.5,"angle2":202.5,"duration":1,"type":"hold"},{"angle":135,"time":42.5,"angle2":225,"duration":1,"type":"hold"},{"angle":247.5,"time":44,"type":"block"},{"angle":270,"time":44.5,"type":"block"},{"angle":292.5,"time":45,"type":"block"},{"angle":315,"time":45.5,"type":"block"},{"angle":337.5,"time":46,"angle2":292.5,"duration":1,"type":"hold"},{"angle":0,"time":46,"angle2":-90,"duration":1,"type":"hold"},{"angle":247.5,"time":47.5,"type":"block"},{"angle":225,"time":48,"angle2":270,"duration":1,"type":"hold"},{"angle":202.5,"time":48,"angle2":292.5,"duration":1,"type":"hold"},{"angle":315,"time":49.5,"type":"block"},{"angle":337.5,"time":50,"type":"block"},{"angle":360,"time":50.5,"angle2":315,"duration":1,"type":"hold"},{"angle":22.5,"time":50.5,"angle2":-67.5,"duration":1,"type":"hold"},{"angle":270,"time":52,"type":"block"},{"angle":247.5,"time":52.5,"type":"block"},{"angle":270,"time":53,"type":"block"},{"angle":292.5,"time":53.5,"type":"block"},{"angle":315,"time":54,"angle2":427.5,"duration":1,"type":"hold"},{"angle":337.5,"time":54,"angle2":405,"duration":1,"type":"hold"},{"angle":90,"time":55.5,"type":"block"},{"angle":157.5,"time":56,"angle2":67.5,"duration":1,"type":"hold"},{"angle":135,"time":56,"angle2":90,"duration":1,"type":"hold"},{"angle":22.5,"time":57.5,"angle2":45,"duration":0,"type":"hold"},{"angle":315,"time":58.5,"angle2":337.5,"duration":0,"type":"hold"},{"angle":225,"time":60,"angle2":202.5,"duration":0,"type":"hold"},{"angle":202.5,"time":60.5,"angle2":180,"duration":0,"type":"hold"},{"angle":90,"time":61.5,"angle2":67.5,"duration":0,"type":"hold"},{"angle":315,"time":63,"type":"block"},{"angle":292.5,"time":63.5,"type":"block"},{"angle":292.5,"time":64,"type":"extraTap"},{"angle":225,"time":57.5,"angle2":-67.5,"duration":4,"type":"mineHold"},{"angle":180,"time":65,"type":"block"},{"angle":135,"time":65.5,"type":"block"},{"angle":157.5,"time":65.75,"type":"block"},{"angle":180,"time":66,"type":"block"},{"angle":202.5,"time":66.25,"type":"block"},{"angle":225,"time":66.5,"angle2":180,"duration":0.5,"type":"hold"},{"angle":247.5,"time":66.5,"angle2":157.5,"duration":0.5,"type":"hold"},{"angle":270,"time":64,"angle2":202.5,"duration":0.5,"type":"hold"},{"angle":247.5,"time":67.5,"type":"block"},{"angle":270,"time":67.75,"type":"block"},{"angle":292.5,"time":68,"angle2":360,"duration":0.5,"type":"hold"},{"angle":247.5,"time":64,"angle2":225,"duration":0.5,"type":"hold"},{"angle":315,"time":68,"angle2":337.5,"duration":0.5,"type":"hold"},{"angle":45,"time":69,"type":"block"},{"angle":90,"time":69.5,"type":"block"},{"angle":112.5,"time":69.75,"type":"block"},{"angle":90,"time":70,"type":"block"},{"angle":67.5,"time":70.25,"type":"block"},{"angle":45,"time":70.5,"angle2":-22.5,"duration":0.5,"type":"hold"},{"angle":22.5,"time":70.5,"angle2":0,"duration":0.5,"type":"hold"},{"angle":247.5,"time":71.5,"type":"block"},{"angle":225,"time":71.75,"type":"block"},{"angle":225,"time":72,"angle2":247.5,"duration":0.5,"type":"hold"},{"angle":202.5,"time":72,"angle2":270,"duration":0.5,"type":"hold"},{"angle":292.5,"time":73,"type":"block"},{"angle":225,"time":73.5,"type":"block"},{"angle":202.5,"time":73.75,"type":"block"},{"angle":180,"time":74,"type":"block"},{"angle":157.5,"time":74.25,"type":"block"},{"angle":135,"time":74.5,"angle2":67.5,"duration":0.5,"type":"hold"},{"angle":112.5,"time":74.5,"angle2":90,"duration":0.5,"type":"hold"},{"angle":22.5,"time":75.5,"type":"block"},{"angle":360,"time":75.75,"type":"block"},{"angle":22.5,"time":76,"type":"block"},{"angle":67.5,"time":76.25,"type":"block"},{"angle":112.5,"time":76.5,"type":"block"},{"angle":157.5,"time":76.75,"type":"block"},{"angle":202.5,"time":77,"type":"block"},{"angle":157.5,"time":77.25,"type":"block"},{"angle":67.5,"time":77.75,"type":"block"},{"angle":112.5,"time":77.5,"type":"block"},{"angle":22.5,"time":78,"type":"block"},{"angle":337.5,"time":78.25,"type":"block"},{"angle":315,"time":78.5,"angle2":405,"duration":0.5,"type":"hold"},{"angle":337.5,"time":78.5,"angle2":382.5,"duration":0.5,"type":"hold"},{"angle":225,"time":79.5,"angle2":247.5,"duration":0,"type":"hold"},{"angle":45,"time":79.5,"angle2":67.5,"duration":0,"type":"hold"},{"angle":45,"time":79.75,"angle2":22.5,"duration":0,"type":"hold"},{"angle":0,"time":80,"angle2":-67.5,"duration":0.5,"type":"hold"},{"angle":292.5,"time":80.5,"angle2":303.75,"duration":0.5,"type":"hold"},{"angle":315,"time":81.5,"type":"block"},{"angle":337.5,"time":81.75,"type":"block"},{"angle":360,"time":82,"type":"block"},{"angle":337.5,"time":82.125,"type":"block"},{"angle":315,"time":82.25,"type":"block"},{"angle":292.5,"time":82.375,"type":"block"},{"angle":270,"time":82.5,"type":"block"},{"angle":247.5,"time":82.625,"type":"block"},{"angle":225,"time":82.75,"type":"block"},{"angle":202.5,"time":82.875,"type":"block"},{"angle":180,"time":83,"type":"block"},{"angle":202.5,"time":83.5,"type":"block"},{"angle":225,"angle2":135,"time":84,"startTap":true,"duration":1,"type":"hold"},{"angle":135,"time":85,"angle2":45,"duration":1,"type":"hold"},{"angle":45,"angle2":-45,"time":86,"startTap":true,"duration":1,"type":"hold"},{"angle":315,"time":87,"angle2":225,"duration":1,"type":"hold"},{"angle":225,"time":79.75,"angle2":202.5,"duration":0,"type":"hold"},{"angle":225,"angle2":270,"time":88,"startTap":true,"duration":0.5,"type":"hold"},{"angle":270,"time":89,"type":"block"},{"angle":247.5,"time":89.125,"type":"block"},{"angle":225,"time":89.25,"type":"block"},{"angle":202.5,"time":89.375,"type":"block"},{"angle":180,"time":89.5,"type":"block"},{"angle":135,"time":89.75,"type":"block"},{"angle":112.5,"time":90,"type":"block"},{"angle":157.5,"time":90.5,"type":"block"},{"angle":112.5,"time":91,"type":"block"},{"angle":180,"time":91.5,"type":"block"},{"angle":225,"time":92,"type":"block"},{"angle":270,"time":92.5,"angle2":247.5,"duration":0,"type":"hold"},{"angle":247.5,"time":92.75,"angle2":225,"duration":0,"type":"hold"},{"angle":225,"time":93,"angle2":202.5,"duration":0,"type":"hold"},{"angle":315,"time":84,"angle2":-45,"duration":4,"type":"mineHold"},{"angle":135,"time":84,"angle2":-225,"duration":4,"type":"mineHold"},{"angle":157.5,"time":93.5,"angle2":135,"duration":0,"type":"hold"},{"angle":135,"time":93.75,"angle2":112.5,"duration":0,"type":"hold"},{"angle":112.5,"time":94,"angle2":90,"duration":0,"type":"hold"},{"angle":90,"time":94.5,"type":"block"},{"angle":135,"time":94.75,"type":"block"},{"angle":180,"time":95,"type":"block"},{"angle":112.5,"time":94.625,"type":"block"},{"angle":157.5,"time":94.875,"type":"block"},{"angle":225,"time":95.25,"type":"block"},{"angle":270,"time":95.5,"type":"block"},{"angle":315,"time":95.75,"type":"block"},{"angle":337.5,"time":96,"angle2":315,"duration":0.5,"type":"hold"},{"angle":0,"time":96,"angle2":-67.5,"duration":0.5,"type":"hold"},{"angle":270,"time":97,"type":"block"},{"angle":202.5,"time":97.5,"type":"block"},{"angle":225,"time":97.75,"type":"block"},{"angle":247.5,"time":98,"type":"block"},{"angle":270,"time":98.25,"type":"block"},{"angle":292.5,"time":98.5,"angle2":247.5,"duration":0.5,"type":"hold"},{"angle":281.25,"time":98.5,"angle2":258.75,"duration":0.5,"type":"hold"},{"angle":315,"time":99.5,"type":"block"},{"angle":337.5,"time":99.75,"type":"block"},{"angle":360,"time":100,"angle2":427.5,"duration":0.5,"type":"hold"},{"angle":22.5,"time":100,"angle2":45,"duration":0.5,"type":"hold"},{"angle":90,"time":100.75,"type":"block"},{"angle":135,"time":101,"type":"block"},{"angle":180,"time":101.25,"type":"block"},{"angle":225,"time":101.5,"type":"block"},{"angle":247.5,"time":101.625,"type":"block"},{"angle":315,"time":102,"angle2":247.5,"duration":0.5,"type":"hold"},{"angle":292.5,"time":102,"angle2":270,"duration":0.5,"type":"hold"},{"angle":225,"time":103,"type":"block"},{"angle":202.5,"time":103.125,"type":"block"},{"angle":180,"time":103.25,"type":"block"},{"angle":157.5,"time":103.375,"type":"block"},{"angle":135,"time":103.5,"type":"block"},{"angle":112.5,"time":103.625,"type":"block"},{"angle":90,"time":103.75,"type":"block"},{"angle":90,"time":104,"angle2":112.5,"duration":0.25,"type":"hold"},{"angle":67.5,"time":104,"angle2":135,"duration":0.25,"type":"hold"},{"angle":157.5,"time":104.5,"angle2":225,"duration":0.25,"type":"hold"},{"angle":157.5,"time":104.5,"angle2":180,"duration":0.25,"type":"hold"},{"angle":247.5,"time":105,"type":"block"},{"angle":270,"time":105.25,"type":"block"},{"angle":247.5,"time":105.5,"angle2":180,"duration":0.25,"type":"hold"},{"angle":225,"time":105.5,"angle2":202.5,"duration":0.25,"type":"hold"},{"angle":180,"time":106,"angle2":112.5,"duration":0.25,"type":"hold"},{"angle":157.5,"time":106,"angle2":135,"duration":0.25,"type":"hold"},{"angle":90,"time":106.5,"type":"block"},{"angle":67.5,"time":106.75,"type":"block"},{"angle":90,"time":107,"angle2":157.5,"duration":0.25,"type":"hold"},{"angle":112.5,"time":107,"angle2":135,"duration":0.25,"type":"hold"},{"angle":225,"time":108,"angle2":247.5,"duration":0,"type":"hold"},{"angle":247.5,"time":108.25,"angle2":270,"duration":0,"type":"hold"},{"angle":270,"time":108.5,"angle2":292.5,"duration":0,"type":"hold"},{"angle":292.5,"time":108.75,"angle2":315,"duration":0,"type":"hold"},{"angle":315,"time":109.25,"angle2":292.5,"duration":0,"type":"hold"},{"angle":292.5,"time":109.5,"angle2":270,"duration":0,"type":"hold"},{"angle":270,"time":109.75,"angle2":247.5,"duration":0,"type":"hold"},{"angle":337.5,"time":109,"angle2":315,"duration":0,"type":"hold"},{"angle":225,"time":110,"angle2":315,"duration":1,"type":"hold"},{"angle":45,"time":110,"angle2":135,"duration":1,"type":"hold"},{"angle":315,"angle2":225,"time":111,"startTap":true,"duration":1,"type":"hold"},{"angle":135,"angle2":45,"endTap":true,"startTap":true,"time":111,"duration":1,"type":"hold"},{"angle":315,"time":110,"angle2":405,"duration":1,"type":"mineHold"},{"angle":135,"time":110,"angle2":225,"duration":1,"type":"mineHold"},{"angle":225,"time":111,"angle2":135,"duration":1,"type":"mineHold"},{"angle":45,"time":111,"angle2":-45,"duration":1,"type":"mineHold"},{"angle":225,"angle2":315,"time":112,"startTap":true,"duration":1,"type":"hold"},{"angle":0,"time":114,"type":"block"},{"angle":112.5,"time":115,"type":"block"},{"angle":67.5,"time":115.5,"type":"block"},{"angle":90,"time":116,"type":"block"},{"angle":45,"time":116.5,"type":"block"},{"angle":67.5,"time":117,"type":"block"},{"angle":22.5,"time":117.5,"type":"block"},{"angle":45,"time":118,"type":"block"},{"angle":90,"time":119.5,"type":"block"},{"angle":112.5,"time":119.75,"type":"block"},{"angle":135,"time":120,"angle2":202.5,"duration":0.5,"type":"hold"},{"angle":157.5,"time":120,"angle2":180,"duration":0.5,"type":"hold"},{"angle":202.5,"time":107.75,"type":"block"},{"angle":180,"time":107.5,"type":"block"},{"angle":360,"time":118.5,"angle2":427.5,"duration":0.75,"type":"hold"},{"angle":337.5,"time":118.5,"angle2":405,"duration":0.5,"type":"hold"},{"angle":225,"time":121,"type":"block"},{"angle":270,"time":121.5,"type":"block"},{"angle":247.5,"time":121.75,"type":"block"},{"angle":225,"time":122,"type":"block"},{"angle":202.5,"time":122.25,"type":"block"},{"angle":180,"time":122.5,"angle2":112.5,"duration":0.5,"type":"hold"},{"angle":157.5,"time":122.5,"angle2":135,"duration":0.5,"type":"hold"},{"angle":90,"time":123.25,"type":"block"},{"angle":67.5,"time":123.5,"type":"block"},{"angle":45,"time":123.75,"type":"block"},{"angle":0,"time":124,"angle2":67.5,"duration":0.5,"type":"hold"},{"angle":22.5,"time":124,"angle2":45,"duration":0.5,"type":"hold"},{"angle":112.5,"time":125,"type":"block"},{"angle":67.5,"time":125.5,"type":"block"},{"angle":45,"time":125.75,"type":"block"},{"angle":0,"time":126,"angle2":22.5,"duration":0,"type":"hold"},{"angle":22.5,"time":126.25,"angle2":45,"duration":0,"type":"hold"},{"angle":45,"time":126.5,"angle2":67.5,"duration":0,"type":"hold"},{"angle":67.5,"time":126.75,"angle2":90,"duration":0,"type":"hold"},{"angle":90,"time":127,"angle2":135,"duration":0.5,"type":"hold"},{"angle":135,"time":127.5,"angle2":90,"duration":0.5,"type":"hold"},{"angle":180,"time":127,"angle2":225,"duration":0.5,"type":"mineHold"},{"angle":45,"time":127.5,"angle2":0,"duration":0.5,"type":"mineHold"},{"angle":225,"time":127.5,"angle2":180,"duration":0.5,"type":"mineHold"},{"angle":360,"time":127,"angle2":405,"duration":0.5,"type":"mineHold"},{"angle":270,"time":127,"angle2":315,"duration":0.5,"type":"hold"},{"angle":315,"time":127.5,"angle2":270,"duration":0.5,"type":"hold"},{"angle":90,"time":128,"angle2":157.5,"duration":1,"type":"hold"},{"angle":112.5,"time":128,"angle2":135,"duration":1,"type":"hold"},{"angle":180,"time":129.5,"type":"block"},{"angle":202.5,"time":130,"type":"block"},{"angle":157.5,"time":132,"type":"block"},{"angle":135,"time":132.5,"type":"block"},{"angle":157.5,"time":133,"type":"block"},{"angle":180,"time":133.5,"type":"block"},{"angle":202.5,"time":130.5,"angle2":180,"duration":1,"type":"hold"},{"angle":225,"time":130.5,"angle2":157.5,"duration":1,"type":"hold"},{"angle":202.5,"time":134,"angle2":180,"duration":1,"type":"hold"},{"angle":225,"time":134,"angle2":157.5,"duration":1,"type":"hold"},{"angle":135,"time":135.5,"type":"block"},{"angle":112.5,"time":136,"angle2":45,"duration":1,"type":"hold"},{"angle":90,"time":136,"angle2":67.5,"duration":1,"type":"hold"},{"angle":22.5,"time":137.5,"type":"block"},{"angle":360,"time":138,"type":"block"},{"angle":22.5,"time":138.5,"angle2":90,"duration":1,"type":"hold"},{"angle":45,"time":138.5,"angle2":67.5,"duration":1,"type":"hold"},{"angle":45,"time":140,"type":"block"},{"angle":22.5,"time":140.5,"type":"block"},{"angle":0,"time":141,"type":"block"},{"angle":337.5,"time":141.5,"type":"block"},{"angle":315,"time":142,"angle2":247.5,"duration":1,"type":"hold"},{"angle":292.5,"time":142,"angle2":270,"duration":1,"type":"hold"},{"angle":292.5,"time":143.5,"type":"block"},{"angle":315,"time":144,"angle2":405,"duration":1,"type":"hold"},{"angle":337.5,"time":144,"angle2":382.5,"duration":1,"type":"hold"},{"angle":67.5,"time":145.5,"angle2":90,"duration":0,"type":"hold"},{"angle":135,"time":146.5,"angle2":157.5,"duration":0,"type":"hold"},{"angle":270,"time":145,"angle2":607.5,"duration":4.5,"type":"mineHold"},{"angle":247.5,"time":145,"angle2":630,"duration":4.5,"type":"mineHold"},{"angle":360,"time":149.5,"angle2":382.5,"duration":0,"type":"hold"},{"angle":45,"time":151,"type":"block"},{"angle":90,"time":151.5,"type":"block"},{"angle":67.5,"time":152,"angle2":0,"duration":1,"type":"hold"},{"angle":45,"time":152,"angle2":22.5,"duration":1,"type":"hold"},{"angle":270,"time":148,"angle2":292.5,"duration":0,"type":"hold"},{"angle":292.5,"time":148.5,"angle2":315,"duration":0,"type":"hold"},{"angle":202.5,"time":57.5,"angle2":-90,"duration":4,"type":"mineHold"},{"angle":337.5,"time":153.5,"angle2":315,"duration":0,"type":"hold"},{"angle":270,"time":154.5,"angle2":247.5,"duration":0,"type":"hold"},{"angle":135,"time":156,"angle2":112.5,"duration":0,"type":"hold"},{"angle":112.5,"time":156.5,"angle2":90,"duration":0,"type":"hold"},{"angle":22.5,"time":157.5,"angle2":0,"duration":0,"type":"hold"},{"angle":157.5,"time":153.5,"angle2":-112.5,"duration":4,"type":"mineHold"},{"angle":135,"time":153.5,"angle2":-157.5,"duration":4,"type":"mineHold"},{"angle":292.5,"time":159.5,"type":"block"},{"angle":315,"time":159,"type":"block"},{"angle":225,"time":160,"type":"extraTap"},{"angle":270,"time":160,"angle2":225,"duration":0.25,"type":"hold"},{"angle":225,"time":160.25,"angle2":180,"duration":0.25,"type":"hold"},{"angle":180,"time":160.5,"angle2":135,"duration":0.25,"type":"hold"},{"angle":112.5,"time":161,"type":"block"},{"angle":135,"time":161.25,"type":"block"},{"angle":157.5,"time":161.5,"type":"block"},{"angle":180,"time":161.75,"type":"block"},{"angle":202.5,"time":162,"angle2":270,"duration":0.5,"type":"hold"},{"angle":225,"time":162,"angle2":247.5,"duration":0.5,"type":"hold"},{"angle":315,"time":163,"type":"block"},{"angle":292.5,"time":163.25,"type":"block"},{"angle":270,"time":163.5,"type":"block"},{"angle":247.5,"time":163.75,"type":"block"},{"angle":225,"time":164,"angle2":247.5,"duration":0.5,"type":"hold"},{"angle":202.5,"time":164,"angle2":270,"duration":0.5,"type":"hold"},{"angle":315,"time":165,"type":"block"},{"angle":337.5,"time":165.25,"type":"block"},{"angle":360,"time":165.5,"angle2":405,"duration":0.25,"type":"hold"},{"angle":67.5,"time":166,"type":"block"},{"angle":45,"time":166.25,"type":"block"},{"angle":22.5,"time":166.5,"type":"block"},{"angle":0,"time":166.75,"type":"block"},{"angle":337.5,"time":167,"type":"block"},{"angle":315,"time":167.25,"type":"block"},{"angle":337.5,"time":167.5,"angle2":360,"duration":0,"type":"hold"},{"angle":0,"time":167.75,"angle2":22.5,"duration":0,"type":"hold"},{"angle":45,"time":168,"angle2":22.5,"duration":0.25,"type":"hold"},{"angle":0,"time":168.25,"type":"block"},{"angle":337.5,"time":168.5,"angle2":292.5,"duration":0.5,"type":"hold"},{"angle":270,"time":169,"type":"block"},{"angle":247.5,"time":169.25,"type":"block"},{"angle":225,"time":169.5,"type":"block"},{"angle":202.5,"time":169.75,"type":"block"},{"angle":180,"time":170,"angle2":180,"duration":0.5,"type":"hold"},{"angle":157.5,"time":170,"angle2":202.5,"duration":0.125,"type":"hold"},{"angle":202.5,"time":170.125,"angle2":157.5,"duration":0.125,"type":"hold"},{"angle":157.5,"time":170.25,"angle2":202.5,"duration":0.125,"type":"hold"},{"angle":202.5,"time":170.375,"angle2":157.5,"duration":0.125,"type":"hold"},{"angle":180,"time":170.5,"angle2":202.5,"duration":0.5,"type":"hold"},{"angle":157.5,"time":170.5,"angle2":225,"duration":0.5,"type":"hold"},{"angle":270,"time":171.5,"type":"block"},{"angle":292.5,"time":171.75,"angle2":360,"duration":0.25,"type":"hold"},{"angle":315,"time":171.75,"angle2":337.5,"duration":0.25,"type":"hold"},{"angle":337.5,"time":172,"angle2":337.5,"duration":0.75,"type":"hold"},{"angle":0,"time":172,"angle2":-45,"duration":0.125,"type":"hold"},{"angle":0,"time":172.25,"angle2":-45,"duration":0.125,"type":"hold"},{"angle":0,"time":172.5,"angle2":-45,"duration":0.125,"type":"hold"},{"angle":0,"time":172.75,"angle2":-45,"duration":0.125,"type":"hold"},{"angle":315,"time":172.125,"angle2":360,"duration":0.125,"type":"hold"},{"angle":315,"time":172.375,"angle2":360,"duration":0.125,"type":"hold"},{"angle":315,"time":172.625,"angle2":360,"duration":0.125,"type":"hold"},{"angle":22.5,"time":173.25,"type":"block"},{"angle":45,"time":173.5,"type":"block"},{"angle":0,"time":173,"type":"block"},{"angle":67.5,"time":173.75,"angle2":90,"duration":0.25,"type":"hold"},{"angle":90,"time":174,"angle2":22.5,"duration":0.375,"type":"hold"},{"angle":22.5,"time":174.375,"angle2":67.5,"duration":0.125,"type":"hold"},{"angle":67.5,"time":174.5,"angle2":22.5,"duration":0.125,"type":"hold"},{"angle":45,"time":174.375,"angle2":45,"duration":0.25,"type":"hold"},{"angle":360,"time":174.75,"type":"block"},{"angle":337.5,"time":175,"type":"block"},{"angle":315,"time":175.25,"type":"block"},{"angle":247.5,"time":175.75,"type":"block"},{"angle":292.5,"time":175.5,"angle2":270,"duration":0.125,"type":"hold"},{"angle":270,"time":176.5,"type":"block"},{"angle":292.5,"time":176.75,"angle2":360,"duration":0.5,"type":"hold"},{"angle":337.5,"time":177.125,"type":"block"},{"angle":22.5,"time":177.5,"type":"block"},{"angle":225,"time":176,"angle2":247.5,"duration":0.25,"type":"hold"},{"angle":247.5,"time":176.25,"type":"block"},{"angle":45,"time":177.75,"type":"block"},{"angle":67.5,"time":178,"type":"block"},{"angle":90,"time":178.125,"angle2":67.5,"duration":0.125,"type":"hold"},{"angle":45,"time":178.5,"type":"block"},{"angle":22.5,"time":178.625,"angle2":0,"duration":0.125,"type":"hold"},{"angle":337.5,"time":179,"type":"block"},{"angle":292.5,"time":179.625,"angle2":360,"duration":0.375,"type":"hold"},{"angle":315,"time":179.75,"type":"block"},{"angle":0,"time":180,"angle2":45,"duration":0.5,"type":"hold"},{"angle":45,"time":180.5,"angle2":0,"duration":0.5,"type":"hold"},{"angle":315,"time":179.25,"type":"block"},{"angle":0,"time":181,"angle2":45,"duration":0.5,"type":"hold"},{"angle":45,"time":181.5,"angle2":67.5,"duration":0.25,"type":"hold"},{"angle":90,"time":182,"type":"block"},{"angle":112.5,"time":182.25,"type":"block"},{"angle":135,"time":182.5,"type":"block"},{"angle":157.5,"time":182.75,"type":"block"},{"angle":180,"time":183,"type":"block"},{"angle":157.5,"time":183.25,"type":"block"},{"angle":135,"time":183.5,"angle2":180,"duration":0.5,"type":"hold"},{"angle":225,"time":184.5,"type":"block"},{"angle":270,"time":185,"type":"block"},{"angle":247.5,"time":184.75,"angle2":270,"duration":0.25,"type":"hold"},{"angle":292.5,"time":185.25,"type":"block"},{"angle":315,"time":185.5,"angle2":270,"duration":0.5,"type":"hold"},{"angle":247.5,"time":186.25,"angle2":270,"duration":0.25,"type":"hold"},{"angle":292.5,"time":186.75,"angle2":315,"duration":0.25,"type":"hold"},{"angle":337.5,"time":187.25,"angle2":315,"duration":0.25,"type":"hold"},{"angle":292.5,"time":187.75,"type":"block"},{"angle":270,"time":188,"type":"block"},{"angle":247.5,"time":188.33332824707,"angle2":225,"duration":0.3333332836628,"type":"hold"},{"angle":202.5,"time":188.66667175293,"angle2":157.5,"duration":0.3333332836628,"type":"hold"},{"angle":135,"time":189.33332824707,"type":"block"},{"angle":112.5,"time":189.66667175293,"angle2":157.5,"duration":0.3333332836628,"type":"hold"},{"angle":180,"time":190.25,"type":"block"},{"angle":157.5,"time":190.5,"type":"block"},{"angle":135,"time":190.75,"type":"block"},{"angle":157.5,"time":191.5,"angle2":112.5,"duration":0.5,"type":"hold"},{"angle":112.5,"time":192,"angle2":157.5,"duration":0.25,"type":"hold"},{"angle":180,"time":192.5,"angle2":225,"duration":0.25,"type":"hold"},{"angle":247.5,"time":193,"type":"block"},{"angle":270,"time":193.25,"type":"block"},{"angle":292.5,"time":193.5,"type":"block"},{"angle":270,"time":193.75,"type":"block"},{"angle":247.5,"time":194,"type":"block"},{"angle":225,"time":194,"angle2":180,"duration":0.25,"type":"hold"},{"angle":157.5,"time":194.5,"type":"block"},{"angle":180,"time":195,"type":"block"},{"angle":157.5,"time":195.25,"type":"block"},{"angle":135,"time":195.5,"type":"block"},{"angle":112.5,"time":195.75,"type":"block"},{"angle":90,"time":196,"angle2":67.5,"duration":0,"type":"hold"},{"angle":67.5,"time":196.25,"angle2":45,"duration":0,"type":"hold"},{"angle":45,"time":196.5,"angle2":22.5,"duration":0,"type":"hold"},{"angle":67.5,"time":196.75,"type":"block"},{"angle":90,"time":197,"type":"block"},{"angle":112.5,"time":197,"type":"block"},{"angle":135,"time":197.25,"type":"block"},{"angle":157.5,"time":197.5,"type":"block"},{"angle":135,"time":197.75,"type":"block"},{"angle":112.5,"time":198,"angle2":90,"duration":0.25,"type":"hold"},{"angle":112.5,"time":198.5,"angle2":135,"duration":0.25,"type":"hold"},{"angle":157.5,"time":199,"type":"block"},{"angle":180,"time":199.25,"type":"block"},{"angle":202.5,"time":199.5,"type":"block"},{"angle":180,"time":199.75,"type":"block"},{"angle":157.5,"time":200,"angle2":225,"duration":0.5,"type":"hold"},{"angle":247.5,"time":201,"type":"block"},{"angle":270,"time":201.25,"type":"block"},{"angle":292.5,"time":201.5,"type":"block"},{"angle":270,"time":201.75,"type":"block"},{"angle":247.5,"time":202,"type":"block"},{"angle":270,"time":202.25,"type":"block"},{"angle":292.5,"time":202.5,"type":"block"},{"angle":315,"time":202.75,"type":"block"},{"angle":337.5,"time":203,"angle2":360,"duration":0,"type":"hold"},{"angle":315,"time":203.5,"angle2":292.5,"duration":0,"type":"hold"},{"angle":270,"time":204,"angle2":315,"duration":0.25,"type":"hold"},{"angle":337.5,"time":204.5,"angle2":382.5,"duration":0.25,"type":"hold"},{"angle":45,"time":205,"type":"block"},{"angle":67.5,"time":205.25,"type":"block"},{"angle":45,"time":205.5,"type":"block"},{"angle":22.5,"time":205.75,"type":"block"},{"angle":360,"time":206,"angle2":315,"duration":0.25,"type":"hold"},{"angle":292.5,"time":206.5,"angle2":337.5,"duration":0.25,"type":"hold"},{"angle":315,"time":207,"type":"block"},{"angle":292.5,"time":207.25,"type":"block"},{"angle":270,"time":207.5,"type":"block"},{"angle":247.5,"time":207.75,"type":"block"},{"angle":225,"time":208,"angle2":180,"duration":0.25,"type":"hold"},{"angle":157.5,"time":208.5,"angle2":112.5,"duration":0.25,"type":"hold"},{"angle":135,"time":209,"type":"block"},{"angle":157.5,"time":209.25,"type":"block"},{"angle":337.5,"time":413,"angle2":270,"duration":1,"type":"hold"},{"angle":270,"time":414,"angle2":292.5,"duration":1,"type":"hold"},{"angle":292.5,"time":415,"angle2":247.5,"duration":1,"type":"hold"},{"angle":180,"time":209.5,"angle2":225,"duration":0.25,"type":"hold"},{"angle":247.5,"time":210,"type":"block"},{"angle":270,"time":210.25,"type":"block"},{"angle":292.5,"time":210.5,"type":"block"},{"angle":315,"time":210.75,"type":"block"},{"angle":292.5,"time":211,"type":"block"},{"angle":247.5,"time":211.5,"angle2":225,"duration":0.25,"type":"hold"},{"angle":225,"time":211.75,"angle2":247.5,"duration":0.25,"type":"hold"},{"angle":247.5,"time":212,"angle2":270,"duration":0.25,"type":"hold"},{"angle":270,"time":212.25,"angle2":292.5,"duration":0.25,"type":"hold"},{"angle":292.5,"time":213,"type":"block"},{"angle":112.5,"time":191,"angle2":157.5,"duration":0.5,"type":"hold"},{"angle":270,"time":211.25,"type":"block"},{"angle":292.5,"time":212.5,"angle2":315,"duration":0.25,"type":"hold"},{"angle":270,"time":213.25,"type":"block"},{"angle":247.5,"time":213.75,"type":"block"},{"angle":270,"time":214,"angle2":270,"duration":0.75,"type":"hold"},{"angle":270,"time":214,"angle2":292.5,"duration":0.125,"type":"hold"},{"angle":292.5,"time":214.125,"angle2":247.5,"duration":0.125,"type":"hold"},{"angle":247.5,"time":214.25,"angle2":292.5,"duration":0.125,"type":"hold"},{"angle":292.5,"time":214.375,"angle2":247.5,"duration":0.125,"type":"hold"},{"angle":247.5,"time":214.5,"angle2":292.5,"duration":0.125,"type":"hold"},{"angle":292.5,"time":214.625,"angle2":270,"duration":0.125,"type":"hold"},{"angle":247.5,"time":215,"type":"block"},{"angle":225,"time":215.25,"type":"block"},{"angle":202.5,"time":215.5,"type":"block"},{"angle":225,"time":215.75,"type":"block"},{"angle":202.5,"time":216,"type":"block"},{"angle":180,"time":216.25,"type":"block"},{"angle":157.5,"time":216.5,"type":"block"},{"angle":135,"time":216.75,"angle2":90,"duration":0.25,"type":"hold"},{"angle":157.5,"time":217.5,"angle2":202.5,"duration":0.25,"type":"hold"},{"angle":225,"time":218,"type":"block"},{"angle":247.5,"time":218.25,"type":"block"},{"angle":225,"time":218.5,"type":"block"},{"angle":202.5,"time":218.75,"type":"block"},{"angle":180,"time":219,"type":"block"},{"angle":135,"time":219.5,"type":"block"},{"angle":157.5,"time":219.75,"type":"block"},{"angle":180,"time":220,"angle2":225,"duration":0.25,"type":"hold"},{"angle":247.5,"time":220.5,"type":"block"},{"angle":270,"time":220.75,"type":"block"},{"angle":292.5,"time":221,"angle2":337.5,"duration":0.25,"type":"hold"},{"angle":337.5,"time":221.25,"angle2":315,"duration":0.25,"type":"hold"},{"angle":292.5,"time":221.75,"type":"block"},{"angle":315,"time":222,"type":"block"},{"angle":337.5,"time":222.25,"type":"block"},{"angle":360,"time":222.5,"type":"block"},{"angle":382.5,"time":222.75,"type":"block"},{"angle":405,"time":223,"type":"block"},{"angle":67.5,"time":223.25,"type":"block"},{"angle":90,"time":223.5,"type":"block"},{"angle":112.5,"time":223.75,"type":"block"},{"angle":135,"time":224,"angle2":202.5,"duration":0.5,"type":"hold"},{"angle":202.5,"time":224.5,"type":"block"},{"angle":247.5,"time":225,"type":"block"},{"angle":270,"time":328,"type":"extraTap"},{"angle":450,"time":336,"type":"extraTap"},{"angle":270,"time":344,"type":"extraTap"},{"angle":270,"time":352,"type":"extraTap"},{"angle":247.5,"time":368,"type":"extraTap"},{"angle":337.5,"time":376,"type":"extraTap"},{"angle":247.5,"time":382,"type":"block"},{"angle":270,"time":382.25,"type":"block"},{"angle":292.5,"time":382.5,"type":"block"},{"angle":337.5,"time":383,"type":"block"},{"angle":0,"time":383.25,"type":"block"},{"angle":22.5,"time":383.5,"type":"block"},{"angle":45,"time":383.75,"type":"block"},{"speedMult":5,"time":382.5,"angle":202.5,"type":"block"},{"speedMult":5,"time":382.75,"angle":225,"type":"block"},{"speedMult":5,"time":383,"angle":247.5,"type":"block"},{"speedMult":5,"time":383.25,"angle":270,"type":"block"},{"speedMult":5,"time":383.5,"angle":292.5,"type":"block"},{"speedMult":5,"time":383.75,"angle":315,"type":"block"},{"speedMult":5,"time":383,"angle":157.5,"type":"block"},{"speedMult":5,"time":383.25,"angle":180,"type":"block"},{"speedMult":5,"time":383.5,"angle":202.5,"type":"block"},{"speedMult":5,"time":383.75,"angle":225,"type":"block"},{"speedMult":5,"time":383.5,"angle":112.5,"type":"block"},{"speedMult":5,"time":383.75,"angle":135,"type":"block"},{"speedMult":5,"time":382.625,"angle":213.75,"type":"block"},{"speedMult":5,"time":382.875,"angle":236.25,"type":"block"},{"speedMult":5,"time":383.125,"angle":258.75,"type":"block"},{"speedMult":5,"time":383.375,"angle":281.25,"type":"block"},{"speedMult":5,"time":383.625,"angle":303.75,"type":"block"},{"speedMult":5,"time":383.875,"angle":326.25,"type":"block"},{"speedMult":5,"time":383.875,"angle":236.25,"type":"block"},{"speedMult":5,"time":383.625,"angle":213.75,"type":"block"},{"speedMult":5,"time":383.375,"angle":191.25,"type":"block"},{"speedMult":5,"time":383.125,"angle":168.75,"type":"block"},{"speedMult":5,"time":383.625,"angle":123.75,"type":"block"},{"speedMult":5,"time":383.875,"angle":146.25,"type":"block"},{"angle":315,"time":382.75,"type":"block"},{"speedMult":5,"time":382.5625,"angle":208.125,"type":"block"},{"speedMult":5,"time":382.8125,"angle":230.625,"type":"block"},{"speedMult":5,"time":383.0625,"angle":253.125,"type":"block"},{"speedMult":5,"time":383.3125,"angle":275.625,"type":"block"},{"speedMult":5,"time":383.5625,"angle":298.125,"type":"block"},{"speedMult":5,"time":383.8125,"angle":320.625,"type":"block"},{"speedMult":5,"time":383.0625,"angle":163.125,"type":"block"},{"speedMult":5,"time":383.3125,"angle":185.625,"type":"block"},{"speedMult":5,"time":383.5625,"angle":208.125,"type":"block"},{"speedMult":5,"time":383.8125,"angle":230.625,"type":"block"},{"speedMult":5,"time":383.5625,"angle":118.125,"type":"block"},{"speedMult":5,"time":383.8125,"angle":140.625,"type":"block"},{"speedMult":5,"time":382.6875,"angle":219.375,"type":"block"},{"speedMult":5,"time":382.9375,"angle":241.875,"type":"block"},{"speedMult":5,"time":383.1875,"angle":264.375,"type":"block"},{"speedMult":5,"time":383.4375,"angle":286.875,"type":"block"},{"speedMult":5,"time":383.6875,"angle":309.375,"type":"block"},{"speedMult":5,"time":383.9375,"angle":331.875,"type":"block"},{"speedMult":5,"time":383.9375,"angle":241.875,"type":"block"},{"speedMult":5,"time":383.6875,"angle":219.375,"type":"block"},{"speedMult":5,"time":383.4375,"angle":196.875,"type":"block"},{"speedMult":5,"time":383.1875,"angle":174.375,"type":"block"},{"speedMult":5,"time":383.6875,"angle":129.375,"type":"block"},{"speedMult":5,"time":383.9375,"angle":151.875,"type":"block"},{"angle":258.75,"time":382.125,"type":"block"},{"angle":281.25,"time":382.375,"type":"block"},{"angle":303.75,"time":382.625,"type":"block"},{"angle":326.25,"time":382.875,"type":"block"},{"angle":-11.25,"time":383.125,"type":"block"},{"angle":11.25,"time":383.375,"type":"block"},{"angle":33.75,"time":383.625,"type":"block"},{"angle":56.25,"time":383.875,"type":"block"},{"angle":270,"time":381.66665649414,"type":"block"},{"angle":247.5,"time":381.5,"type":"block"},{"angle":225,"time":381.25,"type":"block"},{"angle":202.5,"time":381,"type":"block"},{"angle":225,"time":380.75,"type":"block"},{"angle":247.5,"time":380.5,"type":"block"},{"angle":270,"time":380.25,"type":"block"},{"angle":292.5,"time":380,"type":"block"},{"angle":292.5,"time":225.5,"angle2":247.5,"duration":0.25,"type":"hold"},{"angle":247.5,"time":225.75,"angle2":270,"duration":0.25,"type":"hold"},{"angle":270,"time":226,"angle2":225,"duration":0.25,"type":"hold"},{"angle":225,"time":226.25,"angle2":247.5,"duration":0.25,"type":"hold"},{"angle":247.5,"time":226.5,"angle2":202.5,"duration":0.25,"type":"hold"},{"angle":180,"time":227,"type":"block"},{"angle":157.5,"time":227.25,"type":"block"},{"angle":135,"time":227.5,"type":"block"},{"angle":157.5,"time":227.75,"type":"block"},{"angle":180,"time":228,"angle2":225,"duration":0.25,"type":"hold"},{"angle":225,"time":228.25,"angle2":180,"duration":0.25,"type":"hold"},{"angle":225,"time":229,"type":"block"},{"angle":270,"time":229.5,"type":"block"},{"angle":315,"time":230,"type":"block"},{"angle":292.5,"time":230.25,"type":"block"},{"angle":270,"time":230.5,"type":"block"},{"angle":247.5,"time":230.75,"type":"block"},{"angle":270,"time":231,"type":"block"},{"angle":292.5,"time":231.25,"type":"block"},{"angle":315,"time":231.5,"type":"block"},{"angle":337.5,"time":231.75,"type":"block"},{"angle":0,"time":232,"angle2":45,"duration":0.25,"type":"hold"},{"angle":45,"time":232.25,"angle2":22.5,"duration":0.25,"type":"hold"},{"angle":22.5,"time":232.5,"angle2":67.5,"duration":0.25,"type":"hold"},{"angle":67.5,"time":232.75,"angle2":45,"duration":0.25,"type":"hold"},{"angle":45,"time":233,"angle2":90,"duration":0.25,"type":"hold"},{"angle":67.5,"time":233.5,"type":"block"},{"angle":112.5,"time":234,"type":"block"},{"angle":90,"time":234.25,"type":"block"},{"angle":67.5,"time":234.5,"angle2":22.5,"duration":0.25,"type":"hold"},{"angle":0,"time":235,"type":"block"},{"angle":22.5,"time":235.25,"type":"block"},{"angle":45,"time":235.5,"angle2":90,"duration":0.25,"type":"hold"},{"angle":112.5,"time":236,"type":"block"},{"angle":135,"time":236.25,"type":"block"},{"angle":157.5,"time":236.5,"type":"block"},{"angle":135,"time":236.75,"angle2":112.5,"duration":0,"type":"hold"},{"angle":112.5,"time":237,"angle2":90,"duration":0,"type":"hold"},{"angle":67.5,"time":237.25,"type":"block"},{"angle":45,"time":237.5,"angle2":0,"duration":0.25,"type":"hold"},{"angle":0,"time":237.75,"type":"block"},{"angle":337.5,"time":238,"angle2":337.5,"duration":0.75,"type":"hold"},{"angle":315,"time":239,"type":"block"},{"angle":337.5,"time":239.25,"angle2":382.5,"duration":0.25,"type":"hold"},{"angle":22.5,"time":239.5,"type":"block"},{"angle":45,"time":239.75,"type":"block"},{"angle":67.5,"time":240,"angle2":90,"duration":0.25,"type":"hold"},{"angle":90,"time":240,"angle2":67.5,"duration":0.25,"type":"hold"},{"angle":67.5,"time":240.25,"type":"block"},{"angle":90,"time":240.25,"type":"block"},{"angle":112.5,"time":240.75,"angle2":135,"duration":0.25,"type":"hold"},{"angle":135,"time":240.75,"angle2":112.5,"duration":0.25,"type":"hold"},{"angle":112.5,"time":241,"angle2":157.5,"duration":0.5,"type":"hold"},{"angle":135,"time":241,"angle2":135,"duration":0.5,"type":"hold"},{"angle":202.5,"time":242,"type":"block"},{"angle":202.5,"time":242.33332824707,"type":"block"},{"angle":180,"time":242.75,"type":"block"},{"angle":180,"time":242,"type":"block"},{"angle":157.5,"time":242.75,"type":"block"},{"angle":225,"time":242.33332824707,"type":"block"},{"angle":157.5,"time":243,"angle2":135,"duration":0,"type":"hold"},{"angle":112.5,"time":243.25,"type":"block"},{"angle":135,"time":243.5,"type":"block"},{"angle":157.5,"time":243.75,"angle2":202.5,"duration":0.25,"type":"hold"},{"angle":202.5,"time":244,"angle2":270,"duration":0.5,"type":"hold"},{"angle":270,"time":244.5,"angle2":247.5,"duration":0.5,"type":"hold"},{"angle":247.5,"time":245,"angle2":292.5,"duration":0.5,"type":"hold"},{"angle":315,"time":246,"angle2":270,"duration":0.25,"type":"hold"},{"angle":270,"time":246.25,"type":"block"},{"angle":247.5,"time":246.5,"angle2":292.5,"duration":0.25,"type":"hold"},{"angle":292.5,"time":246.75,"type":"block"},{"angle":270,"time":101.75,"type":"block"},{"angle":292.5,"time":101.875,"type":"block"},{"angle":315,"time":247,"angle2":270,"duration":0.25,"type":"hold"},{"angle":270,"time":247.25,"type":"block"},{"angle":247.5,"time":247.5,"angle2":202.5,"duration":0.25,"type":"hold"},{"angle":202.5,"time":247.75,"angle2":225,"duration":0.25,"type":"hold"},{"angle":247.5,"time":248.25,"type":"block"},{"angle":270,"time":248.5,"type":"block"},{"angle":292.5,"time":248.75,"type":"block"},{"angle":315,"time":249,"angle2":270,"duration":0.25,"type":"hold"},{"angle":247.5,"time":249.5,"angle2":202.5,"duration":0.25,"type":"hold"},{"angle":180,"time":250,"type":"block"},{"angle":157.5,"time":250.25,"type":"block"},{"angle":202.5,"time":250.5,"angle2":180,"duration":0,"type":"hold"},{"angle":180,"time":251,"type":"block"},{"angle":157.5,"time":251.25,"angle2":112.5,"duration":0.25,"type":"hold"},{"angle":112.5,"time":251.5,"type":"block"},{"angle":90,"time":251.5,"type":"block"},{"angle":90,"time":251.75,"type":"block"},{"angle":67.5,"time":251.75,"type":"block"},{"angle":45,"time":252,"angle2":0,"duration":0.25,"type":"hold"},{"angle":0,"time":252.25,"angle2":22.5,"duration":0.25,"type":"hold"},{"angle":22.5,"time":252.5,"angle2":-22.5,"duration":0.25,"type":"hold"},{"angle":360,"time":253,"type":"block"},{"angle":22.5,"time":253.125,"type":"block"},{"angle":45,"time":253.25,"type":"block"},{"angle":67.5,"time":253.375,"type":"block"},{"angle":90,"time":253.5,"type":"block"},{"angle":112.5,"time":253.75,"type":"block"},{"angle":135,"time":254,"type":"block"},{"angle":90,"time":254.5,"type":"block"},{"angle":67.5,"time":254.75,"type":"block"},{"angle":45,"time":255,"type":"block"},{"angle":22.5,"time":255.25,"type":"block"},{"angle":315,"time":256,"angle2":270,"duration":0.25,"type":"hold"},{"angle":337.5,"time":238,"angle2":315,"duration":0.125,"type":"hold"},{"angle":315,"time":238.125,"angle2":360,"duration":0,"type":"hold"},{"angle":360,"time":238.125,"angle2":315,"duration":0.25,"type":"hold"},{"angle":315,"time":238.375,"angle2":360,"duration":0.125,"type":"hold"},{"angle":0,"time":238.5,"angle2":-45,"duration":0.125,"type":"hold"},{"angle":315,"time":238.625,"angle2":337.5,"duration":0.125,"type":"hold"},{"angle":0,"time":255.5,"type":"block"},{"angle":270,"time":256.25,"type":"block"},{"angle":292.5,"time":256.75,"angle2":337.5,"duration":0.25,"type":"hold"},{"angle":337.5,"time":257,"type":"block"},{"angle":0,"time":257.25,"angle2":45,"duration":0.25,"type":"hold"},{"angle":45,"time":257.5,"type":"block"},{"angle":67.5,"time":257.75,"angle2":112.5,"duration":0.25,"type":"hold"},{"angle":112.5,"time":258,"type":"block"},{"angle":135,"time":258.25,"type":"block"},{"angle":157.5,"time":258.5,"type":"block"},{"angle":135,"time":258.75,"type":"block"},{"angle":112.5,"time":259,"type":"block"},{"angle":90,"time":259.25,"angle2":45,"duration":0.25,"type":"hold"},{"angle":45,"time":259.5,"type":"block"},{"angle":22.5,"time":259.75,"angle2":0,"duration":0.25,"type":"hold"},{"angle":0,"time":260,"angle2":67.5,"duration":0.5,"type":"hold"},{"angle":67.5,"time":260.5,"angle2":45,"duration":0.25,"type":"hold"},{"angle":22.5,"time":261,"type":"block"},{"angle":337.5,"time":261.5,"type":"block"},{"angle":315,"time":261.75,"type":"block"},{"angle":292.5,"time":262,"angle2":292.5,"duration":0.875,"type":"hold"},{"angle":292.5,"time":262,"angle2":270,"duration":0.125,"type":"hold"},{"angle":270,"time":263,"type":"block"},{"angle":270,"time":262.125,"angle2":315,"duration":0.125,"type":"hold"},{"angle":315,"time":262.25,"angle2":270,"duration":0.125,"type":"hold"},{"angle":270,"time":262.375,"angle2":315,"duration":0.125,"type":"hold"},{"angle":315,"time":262.5,"angle2":270,"duration":0.125,"type":"hold"},{"angle":270,"time":262.625,"angle2":315,"duration":0.125,"type":"hold"},{"angle":315,"time":262.75,"angle2":292.5,"duration":0.125,"type":"hold"},{"angle":225,"time":263.5,"type":"block"},{"angle":202.5,"time":263.75,"type":"block"},{"angle":180,"time":264,"angle2":225,"duration":0.25,"type":"hold"},{"angle":225,"time":264.25,"angle2":202.5,"duration":0,"type":"hold"},{"angle":270,"time":265,"angle2":292.5,"duration":0,"type":"hold"},{"angle":247.5,"time":264.75,"type":"block"},{"angle":315,"time":265.25,"type":"block"},{"angle":315,"time":265.75,"angle2":292.5,"duration":0,"type":"hold"},{"angle":292.5,"time":266,"type":"block"},{"angle":270,"time":266.25,"type":"block"},{"angle":247.5,"time":266.5,"angle2":270,"duration":0.25,"type":"hold"},{"angle":225,"time":267.25,"angle2":202.5,"duration":0.25,"type":"hold"},{"angle":202.5,"time":267.5,"angle2":180,"duration":0,"type":"hold"},{"angle":270,"time":267,"angle2":247.5,"duration":0,"type":"hold"},{"angle":180,"time":268,"angle2":135,"duration":0.25,"type":"hold"},{"angle":135,"time":268.25,"angle2":157.5,"duration":0.25,"type":"hold"},{"angle":157.5,"time":268.5,"angle2":112.5,"duration":0.25,"type":"hold"},{"angle":90,"time":269,"type":"block"},{"angle":67.5,"time":269.25,"type":"block"},{"angle":45,"time":269.5,"angle2":90,"duration":0.25,"type":"hold"},{"angle":112.5,"time":270,"type":"block"},{"angle":135,"time":270.25,"type":"block"},{"angle":112.5,"time":270.5,"type":"block"},{"angle":90,"time":270.75,"type":"block"},{"angle":67.5,"time":271,"angle2":22.5,"duration":0.25,"type":"hold"},{"angle":22.5,"time":271.25,"type":"block"},{"angle":360,"time":271.5,"angle2":405,"duration":0.25,"type":"hold"},{"angle":45,"time":271.75,"type":"block"},{"angle":67.5,"time":272,"angle2":22.5,"duration":0.25,"type":"hold"},{"angle":22.5,"time":272.25,"type":"block"},{"angle":0,"time":272.5,"angle2":-45,"duration":0.25,"type":"hold"},{"angle":315,"time":272.75,"type":"block"},{"angle":292.5,"time":273,"angle2":337.5,"duration":0.25,"type":"hold"},{"angle":0,"time":273.5,"type":"block"},{"angle":22.5,"time":273.75,"type":"block"},{"angle":22.5,"time":274,"angle2":22.5,"duration":0.75,"type":"hold"},{"angle":22.5,"time":274,"angle2":45,"duration":0.125,"type":"hold"},{"angle":45,"time":274.125,"angle2":0,"duration":0.125,"type":"hold"},{"angle":360,"time":274.25,"angle2":405,"duration":0.125,"type":"hold"},{"angle":45,"time":274.375,"angle2":0,"duration":0.125,"type":"hold"},{"angle":0,"time":274.5,"angle2":45,"duration":0.125,"type":"hold"},{"angle":45,"time":274.625,"angle2":22.5,"duration":0.125,"type":"hold"},{"angle":337.5,"time":275.25,"angle2":292.5,"duration":0.25,"type":"hold"},{"angle":0,"time":275,"type":"block"},{"angle":270,"time":275.75,"type":"block"},{"angle":247.5,"time":276,"angle2":180,"duration":0.75,"type":"hold"},{"angle":157.5,"time":277,"angle2":202.5,"duration":0.25,"type":"hold"},{"angle":225,"time":277.5,"angle2":270,"duration":0.25,"type":"hold"},{"angle":292.5,"time":278,"type":"block"},{"angle":315,"time":278.25,"type":"block"},{"angle":337.5,"time":278.5,"type":"block"},{"angle":360,"time":278.75,"angle2":315,"duration":0.25,"type":"hold"},{"angle":315,"time":279,"type":"block"},{"angle":292.5,"time":279.25,"type":"block"},{"angle":270,"time":279.5,"type":"block"},{"angle":292.5,"time":279.75,"type":"block"},{"angle":315,"time":280,"angle2":360,"duration":0.25,"type":"hold"},{"angle":360,"time":280.25,"type":"block"},{"angle":22.5,"time":280.5,"type":"block"},{"angle":0,"time":281,"type":"block"},{"angle":45,"time":280.75,"angle2":0,"duration":0.25,"type":"hold"},{"angle":337.5,"time":281.25,"type":"block"},{"angle":315,"time":281.5,"angle2":270,"duration":0.25,"type":"hold"},{"angle":247.5,"time":282,"type":"block"},{"angle":225,"time":282.25,"type":"block"},{"angle":202.5,"time":282.5,"angle2":247.5,"duration":0.5,"type":"hold"},{"angle":247.5,"time":283,"type":"block"},{"angle":270,"time":283.25,"angle2":225,"duration":0.25,"type":"hold"},{"angle":225,"time":283.5,"type":"block"},{"angle":202.5,"time":283.75,"type":"block"},{"angle":180,"time":284,"angle2":135,"duration":0.25,"type":"hold"},{"angle":135,"time":284.25,"angle2":157.5,"duration":0.25,"type":"hold"},{"angle":157.5,"time":284.5,"angle2":112.5,"duration":0.25,"type":"hold"},{"angle":112.5,"time":284.75,"angle2":135,"duration":0.25,"type":"hold"},{"angle":157.5,"time":285.25,"type":"block"},{"angle":180,"time":285.5,"type":"block"},{"angle":202.5,"time":285.75,"type":"block"},{"angle":225,"time":286,"type":"block"},{"angle":247.5,"time":286.25,"angle2":292.5,"duration":0.25,"type":"hold"},{"angle":292.5,"time":286.5,"type":"block"},{"angle":315,"time":286.75,"type":"block"},{"angle":292.5,"time":287,"type":"block"},{"angle":270,"time":287.25,"type":"block"},{"angle":247.5,"time":287.5,"type":"block"},{"angle":225,"time":287.75,"type":"block"},{"angle":202.5,"time":288,"angle2":247.5,"duration":0.25,"type":"hold"},{"angle":247.5,"time":288.25,"angle2":225,"duration":0.25,"type":"hold"},{"angle":225,"time":288.5,"angle2":270,"duration":0.25,"type":"hold"},{"angle":270,"time":288.75,"angle2":247.5,"duration":0.25,"type":"hold"},{"angle":225,"time":289.25,"type":"block"},{"angle":202.5,"time":289.5,"type":"block"},{"angle":180,"time":289.75,"type":"block"},{"angle":202.5,"time":290,"type":"block"},{"angle":225,"time":290.25,"type":"block"},{"angle":247.5,"time":290.5,"type":"block"},{"angle":270,"time":290.75,"type":"block"},{"angle":337.5,"time":291.75,"type":"block"},{"angle":292.5,"time":291,"type":"block"},{"angle":0,"time":292,"angle2":90,"duration":1,"type":"hold"},{"angle":90,"time":293,"type":"block"},{"angle":135,"time":293.5,"type":"block"},{"angle":112.5,"time":293.75,"type":"block"},{"angle":90,"time":294,"type":"block"},{"angle":45,"time":294.5,"type":"block"},{"angle":67.5,"time":295,"type":"block"},{"angle":22.5,"time":295.5,"type":"block"},{"angle":-360,"time":296,"angle2":-427.5,"duration":0.5,"type":"hold"},{"angle":-382.5,"time":296,"angle2":-405,"duration":0.5,"type":"hold"},{"angle":-112.5,"time":297,"type":"block"},{"angle":-157.5,"time":297.5,"type":"block"},{"angle":-180,"time":297.75,"type":"block"},{"angle":-157.5,"time":298,"type":"block"},{"angle":-135,"time":298.25,"type":"block"},{"angle":-112.5,"time":298.5,"angle2":-45,"duration":0.5,"type":"hold"},{"angle":-90,"time":298.5,"angle2":-67.5,"duration":0.5,"type":"hold"},{"angle":0,"time":299.5,"type":"block"},{"angle":22.5,"time":299.75,"type":"block"},{"angle":45,"time":300,"angle2":0,"duration":0.25,"type":"hold"},{"angle":0,"time":300.25,"angle2":22.5,"duration":0.25,"type":"hold"},{"angle":22.5,"time":300.5,"angle2":-22.5,"duration":0.25,"type":"hold"},{"angle":337.5,"time":300.75,"angle2":360,"duration":0.25,"type":"hold"},{"angle":0,"time":301,"angle2":-45,"duration":0.25,"type":"hold"},{"angle":-45,"time":301.25,"angle2":-22.5,"duration":0.25,"type":"hold"},{"angle":-22.5,"time":301.5,"angle2":-67.5,"duration":0.25,"type":"hold"},{"angle":292.5,"time":301.75,"angle2":315,"duration":0.25,"type":"hold"},{"angle":-45,"time":302,"angle2":-90,"duration":0.25,"type":"hold"},{"angle":-90,"time":302.25,"angle2":-67.5,"duration":0.25,"type":"hold"},{"angle":-67.5,"time":302.5,"angle2":-112.5,"duration":0.25,"type":"hold"},{"angle":247.5,"time":302.75,"angle2":270,"duration":0.25,"type":"hold"},{"angle":-90,"time":303,"angle2":-135,"duration":0.25,"type":"hold"},{"angle":202.5,"time":303.5,"type":"block"},{"angle":180,"time":303.75,"type":"block"},{"angle":135,"time":304,"angle2":202.5,"duration":0.5,"type":"hold"},{"angle":157.5,"time":304,"angle2":180,"duration":0.5,"type":"hold"},{"angle":247.5,"time":305,"type":"block"},{"angle":270,"time":305.5,"type":"block"},{"angle":292.5,"time":305.75,"type":"block"},{"angle":315,"time":306,"angle2":337.5,"duration":0,"type":"hold"},{"angle":337.5,"time":306.25,"angle2":360,"duration":0,"type":"hold"},{"angle":22.5,"time":306.5,"angle2":-22.5,"duration":0.25,"type":"hold"},{"angle":315,"time":307,"angle2":292.5,"duration":0,"type":"hold"},{"angle":270,"time":307.25,"angle2":315,"duration":0.25,"type":"hold"},{"angle":315,"time":307.5,"angle2":292.5,"duration":0,"type":"hold"},{"angle":270,"time":308,"angle2":225,"duration":0.25,"type":"hold"},{"angle":225,"time":308.25,"angle2":247.5,"duration":0.25,"type":"hold"},{"angle":180,"time":309.75,"type":"block"},{"angle":202.5,"time":310,"angle2":225,"duration":0,"type":"hold"},{"angle":247.5,"time":310.25,"type":"block"},{"angle":270,"time":310.5,"angle2":337.5,"duration":0.5,"type":"hold"},{"angle":337.5,"time":311,"type":"block"},{"angle":315,"time":311.5,"angle2":292.5,"duration":0,"type":"hold"},{"angle":270,"time":311.75,"type":"block"},{"angle":247.5,"time":312,"angle2":292.5,"duration":0.25,"type":"hold"},{"angle":292.5,"time":312.25,"angle2":270,"duration":0.25,"type":"hold"},{"angle":270,"time":312.5,"angle2":315,"duration":0.25,"type":"hold"},{"angle":337.5,"time":313,"type":"block"},{"angle":360,"time":313.25,"angle2":405,"duration":0.25,"type":"hold"},{"angle":45,"time":313.5,"angle2":22.5,"duration":0.25,"type":"hold"},{"angle":337.5,"time":314,"type":"block"},{"angle":315,"time":314.25,"type":"block"},{"angle":292.5,"time":314.5,"type":"block"},{"angle":270,"time":314.75,"type":"block"},{"angle":247.5,"time":315,"type":"block"},{"angle":270,"time":315.5,"type":"block"},{"angle":292.5,"time":315.75,"type":"block"},{"angle":315,"time":316,"angle2":247.5,"duration":0.5,"type":"hold"},{"angle":180,"time":317,"type":"block"},{"angle":225,"time":317.25,"type":"block"},{"angle":270,"time":317.5,"type":"block"},{"angle":315,"time":317.75,"type":"block"},{"angle":0,"time":318,"type":"block"},{"angle":202.5,"time":317.125,"type":"block"},{"angle":292.5,"time":317.625,"type":"block"},{"angle":337.5,"time":317.875,"type":"block"},{"angle":247.5,"time":317.375,"type":"block"},{"angle":315,"time":318.5,"type":"block"},{"angle":337.5,"time":319,"type":"block"},{"angle":292.5,"time":319.5,"type":"block"},{"angle":270,"time":320,"angle2":202.5,"duration":0.5,"type":"hold"},{"angle":247.5,"time":320,"angle2":225,"duration":0.5,"type":"hold"},{"angle":180,"time":321,"type":"block"},{"angle":135,"time":321.5,"type":"block"},{"angle":90,"time":322,"type":"block"},{"angle":112.5,"time":321.75,"type":"block"},{"angle":112.5,"time":322.25,"type":"block"},{"angle":135,"time":322.5,"angle2":202.5,"duration":0.5,"type":"hold"},{"angle":157.5,"time":322.5,"angle2":180,"duration":0.5,"type":"hold"},{"angle":247.5,"time":323.5,"type":"block"},{"angle":225,"time":323.75,"type":"block"},{"angle":202.5,"time":324,"type":"block"},{"angle":180,"time":324.5,"type":"block"},{"angle":202.5,"time":325,"type":"block"},{"angle":225,"time":325.5,"type":"block"},{"angle":247.5,"time":326,"angle2":337.5,"duration":1,"type":"hold"},{"angle":270,"time":326,"angle2":315,"duration":1,"type":"hold"},{"angle":360,"time":327.5,"type":"block"},{"angle":337.5,"time":328,"angle2":270,"duration":0.5,"type":"hold"},{"angle":315,"time":328,"angle2":292.5,"duration":0.5,"type":"hold"},{"angle":225,"time":329,"type":"block"},{"angle":270,"time":329.5,"type":"block"},{"angle":292.5,"time":329.75,"type":"block"},{"angle":315,"time":330,"type":"block"},{"angle":337.5,"time":330.25,"type":"block"},{"angle":360,"time":330.5,"angle2":427.5,"duration":0.5,"type":"hold"},{"angle":22.5,"time":330.5,"angle2":45,"duration":0.5,"type":"hold"},{"angle":112.5,"time":331.5,"type":"block"},{"angle":135,"time":331.75,"type":"block"},{"angle":112.5,"time":332,"type":"block"},{"angle":90,"time":332.5,"type":"block"},{"angle":67.5,"time":333,"type":"block"},{"angle":90,"time":333.5,"type":"block"},{"angle":112.5,"time":334,"angle2":180,"duration":1,"type":"hold"},{"angle":135,"time":334,"angle2":157.5,"duration":1,"type":"hold"},{"angle":202.5,"time":335.5,"type":"block"},{"angle":225,"time":336,"angle2":292.5,"duration":0.5,"type":"hold"},{"angle":247.5,"time":336,"angle2":270,"duration":0.5,"type":"hold"},{"angle":315,"time":337,"type":"block"},{"angle":292.5,"time":337.5,"type":"block"},{"angle":270,"time":337.75,"type":"block"},{"angle":247.5,"time":338,"type":"block"},{"angle":225,"time":338.25,"type":"block"},{"angle":202.5,"time":338.5,"angle2":225,"duration":0.5,"type":"hold"},{"angle":180,"time":338.5,"angle2":247.5,"duration":0.5,"type":"hold"},{"angle":292.5,"time":339.5,"type":"block"},{"angle":337.5,"time":340,"type":"block"},{"angle":315,"time":339.75,"type":"block"},{"angle":315,"time":340.5,"type":"block"},{"angle":292.5,"time":341,"type":"block"},{"angle":270,"time":341.5,"type":"block"},{"angle":247.5,"time":342,"angle2":157.5,"duration":1,"type":"hold"},{"angle":225,"time":342,"angle2":180,"duration":1,"type":"hold"},{"angle":135,"time":343.5,"type":"block"},{"angle":112.5,"time":344,"angle2":45,"duration":0.5,"type":"hold"},{"angle":90,"time":344,"angle2":67.5,"duration":0.5,"type":"hold"},{"angle":22.5,"time":345,"type":"block"},{"angle":337.5,"time":345.5,"type":"block"},{"angle":315,"time":345.75,"type":"block"},{"angle":360,"time":346.25,"type":"block"},{"angle":337.5,"time":346,"type":"block"},{"angle":22.5,"time":346.5,"angle2":0,"duration":0.5,"type":"hold"},{"angle":45,"time":346.5,"angle2":-22.5,"duration":0.5,"type":"hold"},{"angle":292.5,"time":347.5,"type":"block"},{"angle":315,"time":347.75,"type":"block"},{"angle":337.5,"time":348,"type":"block"},{"angle":315,"time":348.5,"type":"block"},{"angle":292.5,"time":349,"type":"block"},{"angle":270,"time":349.5,"type":"block"},{"angle":247.5,"time":350,"angle2":315,"duration":1,"type":"hold"},{"angle":270,"time":350,"angle2":292.5,"duration":1,"type":"hold"},{"angle":270,"time":351.5,"type":"block"},{"angle":292.5,"time":352,"angle2":360,"duration":0.5,"type":"hold"},{"angle":315,"time":352,"angle2":337.5,"duration":0.5,"type":"hold"},{"angle":22.5,"time":353,"type":"block"},{"angle":337.5,"time":353.5,"type":"block"},{"angle":315,"time":353.75,"type":"block"},{"angle":292.5,"time":354,"type":"block"},{"angle":270,"time":354.25,"type":"block"},{"angle":225,"time":354.5,"angle2":157.5,"duration":0.5,"type":"hold"},{"angle":202.5,"time":354.5,"angle2":180,"duration":0.5,"type":"hold"},{"angle":202.5,"time":355.5,"type":"block"},{"angle":225,"time":355.75,"type":"block"},{"angle":247.5,"time":356,"type":"block"},{"angle":270,"time":356.5,"type":"block"},{"angle":292.5,"time":357,"type":"block"},{"angle":315,"time":357.5,"type":"block"},{"angle":337.5,"time":358,"angle2":405,"duration":1,"type":"hold"},{"angle":360,"time":358,"angle2":382.5,"duration":1,"type":"hold"},{"angle":45,"time":359.5,"type":"block"},{"angle":22.5,"time":360,"angle2":-67.5,"duration":1,"type":"hold"},{"angle":0,"time":360,"angle2":-45,"duration":1,"type":"hold"},{"angle":270,"time":361.5,"type":"block"},{"angle":247.5,"time":362,"type":"block"},{"angle":270,"time":362.5,"angle2":360,"duration":1,"type":"hold"},{"angle":292.5,"time":362.5,"angle2":337.5,"duration":1,"type":"hold"},{"angle":22.5,"time":364,"type":"block"},{"angle":45,"time":364.5,"type":"block"},{"angle":67.5,"time":365,"type":"block"},{"angle":90,"time":365.5,"type":"block"},{"angle":67.5,"time":366,"angle2":-22.5,"duration":1,"type":"hold"},{"angle":45,"time":366,"angle2":0,"duration":1,"type":"hold"},{"angle":315,"time":367.5,"type":"block"},{"angle":292.5,"time":368,"angle2":315,"duration":0.5,"type":"hold"},{"angle":270,"time":368,"angle2":337.5,"duration":0.5,"type":"hold"},{"angle":0,"time":369,"type":"block"},{"angle":45,"time":369.5,"type":"block"},{"angle":22.5,"time":369.75,"type":"block"},{"angle":0,"time":370,"type":"block"},{"angle":-22.5,"time":370.25,"type":"block"},{"angle":315,"time":370.5,"angle2":247.5,"duration":0.5,"type":"hold"},{"angle":292.5,"time":370.5,"angle2":270,"duration":0.5,"type":"hold"},{"angle":247.5,"time":371.75,"type":"block"},{"angle":225,"time":371.5,"type":"block"},{"angle":270,"time":372,"type":"block"},{"angle":292.5,"time":372.5,"type":"block"},{"angle":315,"time":373,"type":"block"},{"angle":292.5,"time":373.5,"type":"block"},{"angle":270,"time":374,"angle2":180,"duration":1,"type":"hold"},{"angle":247.5,"time":374,"angle2":202.5,"duration":1,"type":"hold"},{"angle":157.5,"time":375.5,"type":"block"},{"angle":202.5,"time":376,"angle2":225,"duration":0.5,"type":"hold"},{"angle":180,"time":376,"angle2":247.5,"duration":0.5,"type":"hold"},{"angle":270,"time":377,"type":"block"},{"angle":315,"time":377.5,"type":"block"},{"angle":270,"time":378,"type":"block"},{"angle":292.5,"time":377.75,"type":"block"},{"angle":292.5,"time":378.25,"type":"block"},{"angle":315,"time":378.5,"angle2":382.5,"duration":0.5,"type":"hold"},{"angle":337.5,"time":378.5,"angle2":360,"duration":0.5,"type":"hold"},{"angle":337.5,"time":379.5,"type":"block"},{"angle":315,"time":379.75,"type":"block"},{"angle":67.5,"time":384,"angle2":157.5,"duration":1,"type":"hold"},{"angle":90,"time":384,"angle2":135,"duration":1,"type":"hold"},{"angle":180,"time":385.5,"type":"block"},{"angle":202.5,"time":386,"type":"block"},{"angle":180,"time":386.5,"angle2":90,"duration":1,"type":"hold"},{"angle":157.5,"time":386.5,"angle2":112.5,"duration":1,"type":"hold"},{"angle":67.5,"time":388,"type":"block"},{"angle":45,"time":388.5,"type":"block"},{"angle":22.5,"time":389,"type":"block"},{"angle":0,"time":389.5,"type":"block"},{"angle":22.5,"time":390,"angle2":112.5,"duration":1,"type":"hold"},{"angle":45,"time":390,"angle2":90,"duration":1,"type":"hold"},{"angle":135,"time":391.5,"type":"block"},{"angle":112.5,"time":392,"angle2":22.5,"duration":1,"type":"hold"},{"angle":90,"time":392,"angle2":45,"duration":1,"type":"hold"},{"angle":0,"time":393.5,"type":"block"},{"angle":337.5,"time":394,"type":"block"},{"angle":315,"time":394.5,"angle2":225,"duration":1,"type":"hold"},{"angle":292.5,"time":394.5,"angle2":247.5,"duration":1,"type":"hold"},{"angle":202.5,"time":396,"type":"block"},{"angle":225,"time":396.5,"type":"block"},{"angle":247.5,"time":397,"type":"block"},{"angle":270,"time":397.5,"type":"block"},{"angle":292.5,"time":398,"angle2":382.5,"duration":1,"type":"hold"},{"angle":315,"time":398,"angle2":360,"duration":1,"type":"hold"},{"angle":45,"time":399.5,"type":"block"},{"angle":22.5,"time":400,"angle2":-67.5,"duration":1,"type":"hold"},{"angle":0,"time":400,"angle2":-45,"duration":1,"type":"hold"},{"angle":270,"time":401.5,"type":"block"},{"angle":247.5,"time":402,"type":"block"},{"angle":270,"time":402.5,"angle2":360,"duration":1,"type":"hold"},{"angle":292.5,"time":402.5,"angle2":337.5,"duration":1,"type":"hold"},{"angle":22.5,"time":404,"type":"block"},{"angle":45,"time":404.5,"type":"block"},{"angle":22.5,"time":405,"type":"block"},{"angle":360,"time":405.5,"type":"block"},{"angle":337.5,"time":406,"angle2":247.5,"duration":1,"type":"hold"},{"angle":315,"time":406,"angle2":270,"duration":1,"type":"hold"},{"angle":225,"time":407.5,"type":"block"},{"angle":202.5,"time":408,"angle2":90,"duration":1,"type":"hold"},{"angle":180,"time":408,"angle2":112.5,"duration":1,"type":"hold"},{"angle":67.5,"time":409.5,"type":"block"},{"angle":45,"time":410,"type":"block"},{"angle":22.5,"time":410.5,"angle2":112.5,"duration":1,"type":"hold"},{"angle":45,"time":410.5,"angle2":90,"duration":1,"type":"hold"},{"angle":67.5,"time":412,"type":"block"},{"angle":22.5,"time":412.5,"type":"block"},{"angle":168.75,"time":194.75,"type":"block"},{"angle":157.5,"time":309.5,"type":"block"},{"angle":337.5,"time":265.5,"type":"block"},{"angle":270,"time":382,"type":"block"},{"angle":292.5,"time":382.25,"type":"block"},{"angle":315,"time":382.5,"type":"block"},{"angle":360,"time":383,"type":"block"},{"angle":22.5,"time":383.25,"type":"block"},{"angle":45,"time":383.5,"type":"block"},{"angle":67.5,"time":383.75,"type":"block"},{"speedMult":5,"time":382.5,"angle":225,"type":"block"},{"speedMult":5,"time":382.75,"angle":247.5,"type":"block"},{"speedMult":5,"time":383,"angle":270,"type":"block"},{"speedMult":5,"time":383.25,"angle":292.5,"type":"block"},{"speedMult":5,"time":383.5,"angle":315,"type":"block"},{"speedMult":5,"time":383.75,"angle":337.5,"type":"block"},{"speedMult":5,"time":383,"angle":180,"type":"block"},{"speedMult":5,"time":383.25,"angle":202.5,"type":"block"},{"speedMult":5,"time":383.5,"angle":225,"type":"block"},{"speedMult":5,"time":383.75,"angle":247.5,"type":"block"},{"speedMult":5,"time":383.5,"angle":135,"type":"block"},{"speedMult":5,"time":383.75,"angle":157.5,"type":"block"},{"speedMult":5,"time":382.625,"angle":236.25,"type":"block"},{"speedMult":5,"time":382.875,"angle":258.75,"type":"block"},{"speedMult":5,"time":383.125,"angle":281.25,"type":"block"},{"speedMult":5,"time":383.375,"angle":303.75,"type":"block"},{"speedMult":5,"time":383.625,"angle":326.25,"type":"block"},{"speedMult":5,"time":383.875,"angle":348.75,"type":"block"},{"speedMult":5,"time":383.875,"angle":258.75,"type":"block"},{"speedMult":5,"time":383.625,"angle":236.25,"type":"block"},{"speedMult":5,"time":383.375,"angle":213.75,"type":"block"},{"speedMult":5,"time":383.125,"angle":191.25,"type":"block"},{"speedMult":5,"time":383.625,"angle":146.25,"type":"block"},{"speedMult":5,"time":383.875,"angle":168.75,"type":"block"},{"angle":337.5,"time":382.75,"type":"block"},{"speedMult":5,"time":382.5625,"angle":230.625,"type":"block"},{"speedMult":5,"time":382.8125,"angle":253.125,"type":"block"},{"speedMult":5,"time":383.0625,"angle":275.625,"type":"block"},{"speedMult":5,"time":383.3125,"angle":298.125,"type":"block"},{"speedMult":5,"time":383.5625,"angle":320.625,"type":"block"},{"speedMult":5,"time":383.8125,"angle":343.125,"type":"block"},{"speedMult":5,"time":383.0625,"angle":185.625,"type":"block"},{"speedMult":5,"time":383.3125,"angle":208.125,"type":"block"},{"speedMult":5,"time":383.5625,"angle":230.625,"type":"block"},{"speedMult":5,"time":383.8125,"angle":253.125,"type":"block"},{"speedMult":5,"time":383.5625,"angle":140.625,"type":"block"},{"speedMult":5,"time":383.8125,"angle":163.125,"type":"block"},{"speedMult":5,"time":382.6875,"angle":241.875,"type":"block"},{"speedMult":5,"time":382.9375,"angle":264.375,"type":"block"},{"speedMult":5,"time":383.1875,"angle":286.875,"type":"block"},{"speedMult":5,"time":383.4375,"angle":309.375,"type":"block"},{"speedMult":5,"time":383.6875,"angle":331.875,"type":"block"},{"speedMult":5,"time":383.6875,"angle":241.875,"type":"block"},{"speedMult":5,"time":383.4375,"angle":219.375,"type":"block"},{"speedMult":5,"time":383.1875,"angle":196.875,"type":"block"},{"speedMult":5,"time":383.6875,"angle":151.875,"type":"block"},{"angle":281.25,"time":382.125,"type":"block"},{"angle":303.75,"time":382.375,"type":"block"},{"angle":326.25,"time":382.625,"type":"block"},{"angle":348.75,"time":382.875,"type":"block"},{"angle":11.25,"time":383.125,"type":"block"},{"angle":33.75,"time":383.375,"type":"block"},{"angle":56.25,"time":383.625,"type":"block"},{"angle":78.75,"time":383.875,"type":"block"}]