{"properties":{"offset":8,"startBeat":0,"formatversion":13,"speed":70},"events":[{"angle":337.5,"time":0,"file":"anybody can find love (except you.).ogg","volume":1,"bpm":192,"type":"play"},{"g":255,"angle":360,"time":64,"b":255,"color":1,"r":255,"type":"setColor"},{"g":0,"angle":22.5,"time":64,"b":0,"color":0,"r":0,"type":"setColor"},{"angle":315,"time":64,"enable":true,"type":"hom"},{"angle":337.5,"time":64,"chance":0.40000000596046,"color":0,"type":"noise"},{"ease":"inExpo","time":63,"value":1.5,"duration":1,"angle":202.5,"var":"scrollSpeed","type":"ease"},{"ease":"inExpo","time":63,"value":0.94999998807907,"duration":1,"angle":247.5,"var":"vfx.homCanvPos.sy","type":"ease"},{"enabled":true,"newAngle":180,"angle":315,"time":79,"ease":"linear","paddle":2,"duration":0,"type":"paddles"},{"ease":"linear","time":80,"enabled":false,"paddle":2,"angle":11.25,"duration":0,"type":"paddles"},{"ease":"outExpo","time":84,"value":1,"duration":1,"angle":247.5,"var":"scrollSpeed","type":"ease"},{"ease":"outExpo","time":84,"value":1,"duration":1,"angle":270,"var":"vfx.homCanvPos.sy","type":"ease"},{"ease":"outExpo","time":84,"value":1,"duration":1,"angle":292.5,"var":"vfx.homCanvPos.sx","type":"ease"},{"g":255,"angle":360,"time":84,"b":255,"color":0,"r":255,"type":"setColor"},{"g":0,"angle":22.5,"time":84,"b":0,"color":1,"r":0,"type":"setColor"},{"g":0,"angle":180,"time":88,"b":0,"color":0,"r":0,"type":"setColor"},{"g":255,"angle":157.5,"time":88,"b":255,"color":1,"r":255,"type":"setColor"},{"angle":337.5,"time":84,"chance":0.20000000298023,"color":0,"type":"noise"},{"angle":135,"time":88,"chance":0.40000000596046,"color":0,"type":"noise"},{"ease":"inExpo","time":87,"value":0.94999998807907,"duration":1,"angle":202.5,"var":"vfx.homCanvPos.sx","type":"ease"},{"ease":"inExpo","time":87,"value":0.94999998807907,"duration":1,"angle":180,"var":"vfx.homCanvPos.sy","type":"ease"},{"ease":"inExpo","time":87,"value":1.5,"duration":1,"angle":157.5,"var":"scrollSpeed","type":"ease"},{"b":255,"r":0,"g":0,"name":"Drop 1","time":64,"description":"","angle":45,"type":"bookmark"},{"enabled":true,"newAngle":180,"angle":337.5,"time":109.75,"ease":"linear","paddle":2,"duration":0,"type":"paddles"},{"angle":337.5,"time":110,"chance":0.20000000298023,"color":0,"type":"noise"},{"g":255,"angle":360,"time":110,"b":255,"color":0,"r":255,"type":"setColor"},{"g":0,"angle":22.5,"time":110,"b":0,"color":1,"r":0,"type":"setColor"},{"ease":"outExpo","time":110,"value":1,"duration":1,"angle":270,"var":"vfx.homCanvPos.sy","type":"ease"},{"ease":"outExpo","time":110,"value":1,"duration":1,"angle":292.5,"var":"vfx.homCanvPos.sx","type":"ease"},{"ease":"outExpo","time":110,"value":1,"duration":1,"angle":247.5,"var":"scrollSpeed","type":"ease"},{"ease":"linear","time":112.25,"enabled":false,"paddle":2,"angle":292.5,"duration":0,"type":"paddles"},{"ease":"inExpo","time":119,"value":1.5,"duration":1,"angle":270,"var":"scrollSpeed","type":"ease"},{"ease":"inExpo","time":119,"value":0.94999998807907,"duration":1,"angle":247.5,"var":"vfx.homCanvPos.sx","type":"ease"},{"ease":"inExpo","time":119,"value":0.94999998807907,"duration":1,"angle":225,"var":"vfx.homCanvPos.sy","type":"ease"},{"angle":225,"time":120,"chance":0.40000000596046,"color":0,"type":"noise"},{"g":0,"angle":247.5,"time":120,"b":0,"color":0,"r":0,"type":"setColor"},{"g":255,"angle":270,"time":120,"b":255,"color":1,"r":255,"type":"setColor"},{"enabled":true,"newAngle":180,"angle":315,"time":126.75,"ease":"linear","paddle":2,"duration":0,"type":"paddles"},{"ease":"linear","time":128.25,"enabled":false,"paddle":2,"angle":270,"duration":0,"type":"paddles"},{"ease":"outExpo","time":128,"value":1,"duration":1,"angle":247.5,"var":"scrollSpeed","type":"ease"},{"ease":"outExpo","time":128,"value":1,"duration":1,"angle":225,"var":"vfx.homCanvPos.sx","type":"ease"},{"ease":"outExpo","time":128,"value":1,"duration":1,"angle":202.5,"var":"vfx.homCanvPos.sy","type":"ease"},{"angle":157.5,"time":128,"chance":0,"color":0,"type":"noise"},{"angle":135,"time":128,"enable":false,"type":"hom"},{"g":255,"angle":315,"time":128,"b":255,"color":0,"r":255,"type":"setColor"},{"g":0,"angle":337.5,"time":128,"b":0,"color":1,"r":0,"type":"setColor"},{"b":0,"r":0,"g":255,"name":"Predrop 2","time":128,"description":"The part before the actual hell begins","angle":67.5,"type":"bookmark"},{"angle":202.5,"time":160,"enable":true,"type":"hom"},{"angle":180,"time":160,"chance":0.40000000596046,"color":0,"type":"noise"},{"g":255,"angle":157.5,"time":160,"b":255,"color":1,"r":255,"type":"setColor"},{"g":0,"angle":135,"time":160,"b":0,"color":0,"r":0,"type":"setColor"},{"ease":"inExpo","time":159,"value":1.5,"duration":1,"angle":225,"var":"scrollSpeed","type":"ease"},{"ease":"inExpo","time":159,"value":0.89999997615814,"duration":1,"angle":202.5,"var":"vfx.homCanvPos.sx","type":"ease"},{"ease":"inExpo","time":159,"value":0.89999997615814,"duration":1,"angle":180,"var":"vfx.homCanvPos.sy","type":"ease"},{"ease":"inExpo","time":63,"value":0.94999998807907,"duration":1,"angle":225,"var":"vfx.homCanvPos.sx","type":"ease"},{"b":0,"r":255,"g":0,"name":"Drop 2","time":160,"description":"This was unbelievably hard to chart","angle":112.5,"type":"bookmark"},{"ease":"outExpo","time":324,"value":1,"duration":1,"angle":292.5,"var":"scrollSpeed","type":"ease"},{"ease":"outExpo","time":324,"value":1,"duration":1,"angle":270,"var":"vfx.homCanvPos.sx","type":"ease"},{"ease":"outExpo","time":324,"value":1,"duration":1,"angle":247.5,"var":"vfx.homCanvPos.sy","type":"ease"},{"angle":157.5,"time":324,"chance":0,"color":0,"type":"noise"},{"angle":135,"time":324,"enable":false,"type":"hom"},{"g":255,"angle":315,"time":324,"b":255,"color":0,"r":255,"type":"setColor"},{"g":0,"angle":337.5,"time":324,"b":0,"color":1,"r":0,"type":"setColor"},{"b":255,"r":8,"g":0,"name":"Switcheroo","time":320,"description":"breakcore to calm sample moments","angle":67.5,"type":"bookmark"},{"b":15,"r":0,"g":255,"name":"The end.","time":384,"description":"You made it. Congratulations.","angle":45,"type":"bookmark"},{"angle":270,"time":416,"type":"showResults"},{"angle":247.5,"time":328,"enable":true,"type":"hom"},{"angle":225,"time":328,"chance":0.40000000596046,"color":0,"type":"noise"},{"g":255,"angle":202.5,"time":328,"b":255,"color":1,"r":255,"type":"setColor"},{"g":0,"angle":180,"time":328,"b":0,"color":0,"r":0,"type":"setColor"},{"ease":"inExpo","time":327,"value":1.5,"duration":1,"angle":270,"var":"scrollSpeed","type":"ease"},{"ease":"inExpo","time":327,"value":0.89999997615814,"duration":1,"angle":247.5,"var":"vfx.homCanvPos.sx","type":"ease"},{"ease":"inExpo","time":327,"value":0.89999997615814,"duration":1,"angle":225,"var":"vfx.homCanvPos.sy","type":"ease"},{"ease":"outExpo","time":332,"value":1,"duration":1,"angle":247.5,"var":"scrollSpeed","type":"ease"},{"ease":"outExpo","time":332,"value":1,"duration":1,"angle":225,"var":"vfx.homCanvPos.sx","type":"ease"},{"ease":"outExpo","time":332,"value":1,"duration":1,"angle":202.5,"var":"vfx.homCanvPos.sy","type":"ease"},{"angle":157.5,"time":332,"chance":0,"color":0,"type":"noise"},{"angle":135,"time":332,"enable":false,"type":"hom"},{"g":255,"angle":315,"time":332,"b":255,"color":0,"r":255,"type":"setColor"},{"g":0,"angle":337.5,"time":332,"b":0,"color":1,"r":0,"type":"setColor"},{"angle":427.5,"time":336,"enable":true,"type":"hom"},{"angle":405,"time":336,"chance":0.40000000596046,"color":0,"type":"noise"},{"g":255,"angle":382.5,"time":336,"b":255,"color":1,"r":255,"type":"setColor"},{"g":0,"angle":360,"time":336,"b":0,"color":0,"r":0,"type":"setColor"},{"ease":"inExpo","time":335,"value":1.5,"duration":1,"angle":270,"var":"scrollSpeed","type":"ease"},{"ease":"inExpo","time":335,"value":0.89999997615814,"duration":1,"angle":247.5,"var":"vfx.homCanvPos.sx","type":"ease"},{"ease":"inExpo","time":335,"value":0.89999997615814,"duration":1,"angle":225,"var":"vfx.homCanvPos.sy","type":"ease"},{"ease":"outExpo","time":340,"value":1,"duration":1,"angle":135,"var":"scrollSpeed","type":"ease"},{"ease":"outExpo","time":340,"value":1,"duration":1,"angle":112.5,"var":"vfx.homCanvPos.sx","type":"ease"},{"ease":"outExpo","time":340,"value":1,"duration":1,"angle":90,"var":"vfx.homCanvPos.sy","type":"ease"},{"angle":45,"time":340,"chance":0,"color":0,"type":"noise"},{"angle":22.5,"time":340,"enable":false,"type":"hom"},{"g":255,"angle":202.5,"time":340,"b":255,"color":0,"r":255,"type":"setColor"},{"g":0,"angle":225,"time":340,"b":0,"color":1,"r":0,"type":"setColor"},{"angle":247.5,"time":344,"enable":true,"type":"hom"},{"angle":225,"time":344,"chance":0.40000000596046,"color":0,"type":"noise"},{"g":255,"angle":202.5,"time":344,"b":255,"color":1,"r":255,"type":"setColor"},{"g":0,"angle":180,"time":344,"b":0,"color":0,"r":0,"type":"setColor"},{"ease":"inExpo","time":343,"value":1.5,"duration":1,"angle":270,"var":"scrollSpeed","type":"ease"},{"ease":"inExpo","time":343,"value":0.89999997615814,"duration":1,"angle":247.5,"var":"vfx.homCanvPos.sx","type":"ease"},{"ease":"inExpo","time":343,"value":0.89999997615814,"duration":1,"angle":225,"var":"vfx.homCanvPos.sy","type":"ease"},{"ease":"outExpo","time":348,"value":1,"duration":1,"angle":180,"var":"scrollSpeed","type":"ease"},{"ease":"outExpo","time":348,"value":1,"duration":1,"angle":157.5,"var":"vfx.homCanvPos.sx","type":"ease"},{"ease":"outExpo","time":348,"value":1,"duration":1,"angle":135,"var":"vfx.homCanvPos.sy","type":"ease"},{"angle":90,"time":348,"chance":0,"color":0,"type":"noise"},{"angle":67.5,"time":348,"enable":false,"type":"hom"},{"g":255,"angle":247.5,"time":348,"b":255,"color":0,"r":255,"type":"setColor"},{"g":0,"angle":270,"time":348,"b":0,"color":1,"r":0,"type":"setColor"},{"angle":247.5,"time":352,"enable":true,"type":"hom"},{"angle":225,"time":352,"chance":0.40000000596046,"color":0,"type":"noise"},{"g":255,"angle":202.5,"time":352,"b":255,"color":1,"r":255,"type":"setColor"},{"g":0,"angle":180,"time":352,"b":0,"color":0,"r":0,"type":"setColor"},{"ease":"inExpo","time":351,"value":1.5,"duration":1,"angle":270,"var":"scrollSpeed","type":"ease"},{"ease":"inExpo","time":351,"value":0.89999997615814,"duration":1,"angle":247.5,"var":"vfx.homCanvPos.sx","type":"ease"},{"ease":"inExpo","time":351,"value":0.89999997615814,"duration":1,"angle":225,"var":"vfx.homCanvPos.sy","type":"ease"},{"ease":"outExpo","time":356,"value":1,"duration":1,"angle":225,"var":"scrollSpeed","type":"ease"},{"ease":"outExpo","time":356,"value":1,"duration":1,"angle":202.5,"var":"vfx.homCanvPos.sx","type":"ease"},{"ease":"outExpo","time":356,"value":1,"duration":1,"angle":180,"var":"vfx.homCanvPos.sy","type":"ease"},{"angle":135,"time":356,"chance":0,"color":0,"type":"noise"},{"angle":112.5,"time":356,"enable":false,"type":"hom"},{"g":255,"angle":292.5,"time":356,"b":255,"color":0,"r":255,"type":"setColor"},{"g":0,"angle":315,"time":356,"b":0,"color":1,"r":0,"type":"setColor"},{"angle":225,"time":368,"enable":true,"type":"hom"},{"angle":202.5,"time":368,"chance":0.40000000596046,"color":0,"type":"noise"},{"g":255,"angle":180,"time":368,"b":255,"color":1,"r":255,"type":"setColor"},{"g":0,"angle":157.5,"time":368,"b":0,"color":0,"r":0,"type":"setColor"},{"ease":"inExpo","time":367,"value":1.5,"duration":1,"angle":270,"var":"scrollSpeed","type":"ease"},{"ease":"inExpo","time":367,"value":0.89999997615814,"duration":1,"angle":247.5,"var":"vfx.homCanvPos.sx","type":"ease"},{"ease":"inExpo","time":367,"value":0.89999997615814,"duration":1,"angle":225,"var":"vfx.homCanvPos.sy","type":"ease"},{"ease":"outExpo","time":372,"value":1,"duration":1,"angle":247.5,"var":"scrollSpeed","type":"ease"},{"ease":"outExpo","time":372,"value":1,"duration":1,"angle":225,"var":"vfx.homCanvPos.sx","type":"ease"},{"ease":"outExpo","time":372,"value":1,"duration":1,"angle":202.5,"var":"vfx.homCanvPos.sy","type":"ease"},{"angle":157.5,"time":372,"chance":0,"color":0,"type":"noise"},{"angle":135,"time":372,"enable":false,"type":"hom"},{"g":255,"angle":315,"time":372,"b":255,"color":0,"r":255,"type":"setColor"},{"g":0,"angle":337.5,"time":372,"b":0,"color":1,"r":0,"type":"setColor"},{"angle":315,"time":376,"enable":true,"type":"hom"},{"angle":292.5,"time":376,"chance":0.40000000596046,"color":0,"type":"noise"},{"g":255,"angle":270,"time":376,"b":255,"color":1,"r":255,"type":"setColor"},{"g":0,"angle":247.5,"time":376,"b":0,"color":0,"r":0,"type":"setColor"},{"ease":"inExpo","time":375,"value":1.5,"duration":1,"angle":382.5,"var":"scrollSpeed","type":"ease"},{"ease":"inExpo","time":375,"value":0.89999997615814,"duration":1,"angle":360,"var":"vfx.homCanvPos.sx","type":"ease"},{"ease":"inExpo","time":375,"value":0.89999997615814,"duration":1,"angle":337.5,"var":"vfx.homCanvPos.sy","type":"ease"},{"ease":"outExpo","time":384,"value":1,"duration":1,"angle":225,"var":"scrollSpeed","type":"ease"},{"ease":"outExpo","time":384,"value":1,"duration":1,"angle":202.5,"var":"vfx.homCanvPos.sx","type":"ease"},{"ease":"outExpo","time":384,"value":1,"duration":1,"angle":180,"var":"vfx.homCanvPos.sy","type":"ease"},{"angle":135,"time":384,"chance":0,"color":0,"type":"noise"},{"angle":112.5,"time":384,"enable":false,"type":"hom"},{"ease":"linear","time":384,"enabled":false,"paddle":2,"angle":270,"duration":0,"type":"paddles"},{"enabled":true,"newAngle":90,"angle":270,"time":382.5,"ease":"linear","paddle":2,"duration":0,"type":"paddles"},{"enabled":true,"newAngle":180,"angle":270,"time":383,"ease":"linear","paddle":3,"duration":0,"type":"paddles"},{"enabled":true,"newAngle":270,"angle":270,"time":383.5,"ease":"linear","paddle":4,"duration":0,"type":"paddles"},{"ease":"linear","time":384,"enabled":false,"paddle":4,"angle":315,"duration":0,"type":"paddles"},{"ease":"linear","time":384,"enabled":false,"paddle":3,"angle":292.5,"duration":0,"type":"paddles"},{"g":255,"angle":-22.5,"time":384,"b":255,"color":0,"r":255,"type":"setColor"},{"g":0,"angle":0,"time":383,"b":0,"color":0,"r":144,"type":"setColor"},{"g":0,"angle":0,"time":384,"b":0,"color":1,"r":0,"type":"setColor"},{"g":0,"angle":-22.5,"time":383.5,"b":0,"color":0,"r":255,"type":"setColor"},{"g":0,"angle":-22.5,"time":382.5,"b":0,"color":0,"r":81,"type":"setColor"},{"ease":"linear","time":382,"value":20,"duration":2,"angle":157.5,"var":"vfx.hglitch.strength","type":"ease"},{"angle":22.5,"time":384,"value":0,"var":"vfx.hglitch.strength","type":"ease"},{"angle":45,"time":128,"bpm":191,"type":"setBPM"},{"angle":22.5,"time":160,"bpm":191.69999694824,"type":"setBPM"}],"metadata":{"bg":true,"songName":"anybody can find love (except you.)","bgData":{"cyanChannel":{"g":255,"r":255,"b":255},"greenChannel":{"g":119,"r":137,"b":123},"redChannel":{"g":203,"r":220,"b":206},"blueChannel":{"g":38,"r":45,"b":39},"image":"THUMB.png","yellowChannel":{"g":255,"r":255,"b":255},"magentaChannel":{"g":255,"r":255,"b":255}},"difficulty":8,"description":"breakcore in a nutshell\n\nMechanics used: Mines\n","artist":"hkmori","charter":"Random22","artistLink":"https://x.com/hkmori_"}}