[{"angle":247.5,"type":"block","time":2},{"angle":337.5,"type":"block","time":4},{"angle":202.5,"type":"block","time":6},{"angle":45,"type":"block","time":8},{"angle":157.5,"type":"block","time":10},{"angle":360,"type":"extraTap","time":0},{"angle":360,"type":"extraTap","time":12},{"angle":22.5,"type":"block","time":12},{"angle":247.5,"type":"block","time":14},{"angle":315,"type":"block","time":16},{"angle":112.5,"type":"inverse","time":18},{"angle":292.5,"type":"inverse","time":20},{"angle":202.5,"type":"inverse","time":22},{"angle":202.5,"type":"block","time":22},{"angle":315,"type":"block","time":24},{"angle":0,"type":"extraTap","time":24},{"angle":67.5,"type":"block","time":26},{"angle":202.5,"type":"block","time":28},{"angle":22.5,"type":"block","time":30},{"angle":247.5,"type":"block","time":32},{"angle":315,"type":"block","time":34},{"angle":202.5,"type":"block","time":36},{"angle":360,"type":"extraTap","time":36},{"angle":382.5,"type":"extraTap","time":42},{"angle":22.5,"type":"inverse","time":40},{"angle":292.5,"type":"inverse","time":42},{"angle":292.5,"type":"block","time":42},{"angle":157.5,"type":"block","time":48},{"angle":0,"type":"extraTap","time":48},{"angle":292.5,"type":"block","time":50},{"angle":45,"type":"block","time":52},{"angle":247.5,"type":"block","time":54},{"angle":360,"type":"block","time":56},{"angle":157.5,"type":"block","time":58},{"angle":360,"type":"extraTap","time":60},{"angle":247.5,"type":"block","time":60},{"angle":45,"type":"block","time":62},{"angle":292.5,"type":"block","time":64},{"angle":45,"type":"inverse","time":66},{"angle":292.5,"type":"inverse","time":68},{"angle":135,"type":"inverse","time":70},{"angle":135,"type":"block","time":70},{"angle":315,"type":"block","time":72},{"angle":0,"type":"extraTap","time":72},{"angle":157.5,"type":"block","time":74},{"angle":22.5,"type":"block","time":76},{"angle":270,"type":"block","time":78},{"angle":112.5,"type":"block","time":80},{"angle":22.5,"type":"block","time":82},{"angle":247.5,"type":"block","time":84},{"angle":360,"type":"extraTap","time":84},{"angle":360,"type":"extraTap","time":90},{"angle":45,"type":"block","time":92},{"angle":360,"type":"block","time":93},{"angle":315,"type":"block","time":94},{"angle":270,"type":"block","time":95},{"angle":225,"tap":true,"type":"block","time":96},{"angle":270,"type":"block","time":97},{"angle":315,"tap":true,"type":"block","time":98},{"angle":270,"type":"block","time":99},{"angle":225,"type":"block","time":100},{"angle":180,"tap":true,"type":"block","time":101},{"angle":225,"tap":true,"type":"block","time":102},{"angle":270,"type":"block","time":103},{"angle":315,"tap":true,"type":"block","time":104},{"angle":360,"type":"block","time":105},{"angle":45,"type":"block","time":106},{"angle":247.5,"tap":true,"type":"block","time":108},{"angle":292.5,"type":"block","time":109},{"angle":337.5,"tap":true,"type":"block","time":110},{"angle":270,"tap":true,"type":"block","time":111},{"angle":247.5,"tap":true,"type":"block","time":113},{"angle":292.5,"tap":true,"type":"block","time":114},{"angle":337.5,"type":"block","time":115},{"angle":22.5,"tap":true,"type":"block","time":116},{"angle":337.5,"type":"block","time":117},{"angle":292.5,"tap":true,"type":"block","time":118},{"angle":247.5,"tap":true,"type":"block","time":119},{"angle":315,"tap":true,"type":"block","time":112},{"angle":315,"tap":true,"type":"block","time":120},{"angle":360,"type":"block","time":121},{"angle":315,"type":"block","time":122},{"angle":270,"type":"block","time":123},{"angle":225,"type":"block","time":124},{"angle":180,"type":"block","time":125},{"angle":135,"tap":true,"type":"block","time":126},{"angle":180,"type":"block","time":127},{"angle":315,"type":"inverse","time":122},{"angle":270,"type":"inverse","time":123},{"angle":225,"type":"inverse","time":124},{"angle":180,"type":"inverse","time":125},{"angle":135,"tap":true,"type":"block","time":128},{"angle":90,"type":"block","time":129},{"angle":45,"tap":true,"type":"block","time":130},{"angle":360,"type":"block","time":131},{"angle":45,"tap":true,"type":"block","time":132},{"angle":90,"type":"block","time":133},{"angle":135,"type":"block","time":134},{"angle":180,"type":"block","time":135},{"angle":225,"type":"block","time":136},{"angle":270,"type":"block","time":137},{"angle":315,"tap":true,"type":"block","time":138},{"angle":360,"type":"block","time":139},{"angle":45,"type":"block","time":140},{"angle":360,"type":"block","time":141},{"angle":315,"type":"block","time":142},{"angle":270,"type":"block","time":143},{"type":"hold","angle2":-517.5,"duration":12,"angle":-270,"time":180},{"angle2":-495,"angle":-382.5,"duration":6,"type":"hold","time":186},{"angle2":-180,"angle":-45,"duration":6,"type":"hold","time":186},{"type":"block","angle":45,"time":0},{"type":"extraTap","angle":-112.5,"time":186},{"time":144,"type":"block","tap":true,"angle":225.16802978516,"order":1},{"type":"block","time":145,"angle":270,"order":1},{"time":146,"type":"block","tap":true,"angle":314.61022949219,"order":1},{"type":"block","time":147,"angle":292.5,"order":1},{"type":"block","time":148,"angle":269.64993286133,"order":1},{"time":150,"type":"block","tap":true,"angle":203.25115966797,"order":1},{"type":"block","angle":225,"time":151},{"time":153,"type":"block","angle":270,"order":1},{"time":154,"type":"block","angle":292.5,"order":1},{"type":"block","angle":337.5,"time":155},{"type":"block","time":157,"angle":67.5,"order":1},{"time":156,"type":"block","tap":true,"angle":382.5,"order":1},{"time":159,"type":"block","tap":true,"angle":78.75,"order":1},{"time":160,"type":"block","tap":true,"angle":45,"order":1},{"time":161,"type":"block","tap":true,"angle":67.5,"order":1},{"time":162,"type":"block","tap":true,"angle":90,"order":1},{"type":"block","time":163,"angle":56.25,"order":1},{"time":164,"type":"block","tap":true,"angle":382.5,"order":1},{"order":1,"type":"block","angle":348.75,"time":165},{"order":1,"type":"block","tap":true,"angle":315,"time":166},{"order":1,"type":"block","tap":true,"angle":360,"time":167},{"order":1,"type":"block","tap":true,"angle":22.5,"time":168},{"time":169,"type":"block","angle":360,"order":1},{"type":"block","time":170,"angle":337.5,"order":1},{"time":171,"type":"block","angle":315,"order":1},{"time":172,"type":"block","angle":292.5,"order":1},{"time":173,"type":"block","angle":270,"order":1},{"type":"inverse","angle":270,"time":173},{"type":"inverse","angle":292.5,"time":172},{"type":"inverse","angle":315,"time":171},{"type":"inverse","angle":337.5,"time":170},{"time":174,"type":"block","tap":true,"angle":247.5,"order":1},{"time":176,"type":"block","tap":true,"angle":315,"order":1},{"time":178,"type":"block","tap":true,"angle":22.5,"order":1},{"order":1,"type":"block","tap":true,"angle":-273.07745361328,"time":180},{"time":179,"type":"block","angle":56.25,"order":1},{"time":177,"type":"block","angle":348.75,"order":1},{"time":175,"type":"block","angle":281.25,"order":1},{"type":"block","time":181,"angle":-292.03622436523,"order":1},{"type":"block","time":182,"angle":-311.06024169922,"order":1},{"type":"block","time":183,"angle":-332.7333984375,"order":1},{"type":"block","time":184,"angle":-353.3395690918,"order":1},{"type":"block","time":185,"angle":-372.36059570313,"order":1},{"type":"block","tap":true,"angle":-394.26879882813,"time":186},{"order":1,"type":"block","tap":true,"angle":112.5,"time":158},{"time":152,"type":"block","tap":true,"angle":247.5,"order":1},{"order":1,"type":"block","tap":true,"angle":236.25,"time":149},{"angle":225,"angle2":315,"duration":2,"type":"hold","time":144},{"angle":315,"angle2":270,"duration":2,"type":"hold","time":146},{"angle":270,"angle2":202.5,"duration":2,"type":"hold","time":148},{"angle":202.5,"angle2":292.5,"duration":4,"type":"hold","time":150},{"angle":382.5,"angle2":472.5,"duration":2,"type":"hold","time":156},{"angle":112.5,"angle2":45,"duration":2,"type":"hold","time":158},{"angle":45,"angle2":90,"duration":2,"type":"hold","time":160},{"angle":90,"angle2":-45,"duration":4,"type":"hold","time":162},{"angle":382.5,"type":"hold","duration":6,"angle2":247.5,"time":168},{"angle2":450,"type":"hold","duration":6,"angle":247.5,"time":174}]