{"properties":{"formatversion":13,"offset":8,"loadBeat":-1,"speed":70},"events":[{"offset":0.059999998658895,"angle":315,"volume":1,"type":"play","file":"Darkness.ogg","bpm":172,"time":0},{"enable":true,"color":0,"angle":270,"type":"outline","time":-1},{"color":1,"type":"setBgColor","angle":247.5,"time":-1},{"ease":"linear","color":0,"g":0,"time":192.5,"b":0,"type":"setColor","angle":-135,"duration":4,"r":0},{"type":"showResults","angle":112.5,"time":198}],"metadata":{"songName":"Darkness Falls","charter":"Random22","difficulty":2,"artist":"Toby Fox","description":"T H E N   T H E   W O R L D\nW A S   C O V E R E D\nI N   D A R K N E S S .\n\n\nmechanics used: inverses","bg":true,"artistLink":"","bgData":{"redChannel":{"b":0,"g":0,"r":0},"blueChannel":{"b":0,"g":0,"r":0},"greenChannel":{"b":0,"g":0,"r":0},"yellowChannel":{"b":0,"g":0,"r":0},"magentaChannel":{"b":0,"g":0,"r":0},"cyanChannel":{"b":0,"g":0,"r":0},"image":"DARKDARKYETDARKER.png"}}}