[{"angle":360,"time":15,"type":"block"},{"angle":22.5,"time":15.5,"type":"block"},{"angle":45,"time":16,"type":"block"},{"angle":56.25,"time":16.25,"type":"block"},{"angle":67.5,"time":16.5,"type":"block"},{"angle2":270,"time":16.9375,"angle":90,"duration":5.5625,"type":"hold"},{"angle":292.5,"time":23,"type":"block"},{"angle":300,"time":23.5,"type":"block"},{"angle":292.5,"time":24,"type":"block"},{"angle":281.25,"time":24.5,"type":"block"},{"angle2":135,"time":25,"angle":270,"duration":5.5,"type":"hold"},{"angle":123.75,"time":31,"type":"block"},{"angle":135,"time":32,"type":"block"},{"angle":146.25,"time":32.333333969116,"type":"block"},{"angle2":360,"time":33,"angle":168.75,"duration":5.5,"type":"hold"},{"angle":11.25,"time":39,"type":"block"},{"angle":11.25,"time":40.166667938232,"type":"block"},{"angle":16.875,"time":40,"type":"block"},{"angle2":-135,"time":41,"angle":0,"duration":4.7499990463257,"type":"hold"},{"angle":191.25,"time":47,"type":"block"},{"angle":202.5,"time":47.5,"type":"block"},{"angle":213.75,"time":48,"type":"block"},{"angle":225,"time":48.25,"type":"block"},{"angle":236.25,"time":48.5,"type":"block"},{"angle2":506.25,"time":49,"angle":258.75,"duration":5.5,"type":"hold"},{"angle":180,"time":55,"type":"block"},{"angle":191.25,"time":55.5,"type":"block"},{"angle":180,"time":56,"type":"block"},{"angle":157.5,"time":56.5,"type":"block"},{"angle2":0,"time":57,"angle":135,"duration":5.5,"type":"hold"},{"angle":348.75,"time":63,"type":"block"},{"angle":337.5,"time":64,"type":"block"},{"angle":348.75,"time":64.333332061768,"type":"block"},{"angle2":157.5,"time":65,"angle":11.25,"duration":5.5,"type":"hold"},{"angle":180,"time":71,"type":"block"},{"angle":213.75,"time":72,"type":"block"},{"angle":202.5,"time":72.166664123535,"type":"block"},{"angle2":0,"time":73,"angle":157.5,"duration":4.7499995231628,"type":"hold"},{"angle":326.25,"time":79,"type":"block"},{"angle":337.5,"time":79.5,"type":"block"},{"angle":0,"time":80,"type":"block"},{"angle":11.25,"time":80.25,"type":"block"},{"angle":22.5,"time":80.5,"type":"block"},{"angle2":225,"time":81,"angle":45,"duration":5.5,"type":"hold"},{"holdEase":"outSine","angle2":236.25,"time":81,"endAngle":22.5,"angle":45,"duration":5.5,"type":"hold"},{"angle":247.5,"time":87,"type":"block"},{"angle":236.25,"time":87.5,"type":"block"},{"angle":213.75,"time":88,"type":"block"},{"angle":191.25,"time":88.5,"type":"block"},{"angle2":-22.5,"time":89,"angle":157.5,"duration":5.5,"type":"hold"},{"holdEase":"outSine","angle2":-11.25,"time":89,"endAngle":180,"angle":157.5,"duration":5,"type":"hold"},{"angle":326.25,"time":95,"type":"block"},{"angle":337.5,"time":96,"type":"block"},{"angle":348.75,"time":96.333335876465,"type":"block"},{"angle2":135,"time":97,"angle":11.25,"duration":5.5,"type":"hold"},{"holdEase":"outSine","angle2":123.75,"time":97,"endAngle":33.75,"angle":11.25,"duration":5,"type":"hold"},{"angle":135,"time":103,"type":"block"},{"angle":123.75,"time":104,"type":"block"},{"angle":112.5,"time":104.16666412354,"type":"block"},{"angle2":-123.75,"time":105,"angle":90,"duration":4.75,"type":"hold"},{"holdEase":"outSine","angle2":-135,"time":105,"endAngle":112.5,"angle":90,"duration":5,"type":"hold"},{"angle":213.75,"time":111,"type":"block"},{"angle":202.5,"time":111.5,"type":"block"},{"angle":191.25,"time":112,"type":"block"},{"angle":157.5,"time":112.5,"type":"block"},{"angle":174.375,"time":112.25,"type":"block"},{"angle2":-45,"time":113,"angle":135,"duration":5.5,"type":"hold"},{"angle2":315,"time":113,"angle":135,"duration":5.5,"type":"hold"},{"angle":315,"time":119,"type":"block"},{"angle":326.25,"time":119.5,"type":"block"},{"angle":360,"time":120.5,"type":"block"},{"angle":343.125,"time":120,"type":"block"},{"angle2":315,"time":121,"angle":22.5,"duration":5,"type":"hold"},{"holdEase":"outSine","angle2":315,"time":121,"endAngle":0,"angle":22.5,"duration":5.5,"type":"hold"},{"angle":326.25,"time":127,"type":"block"},{"angle":337.5,"time":128,"type":"block"},{"angle":348.75,"time":128.33333587646,"type":"block"},{"angle2":191.25,"time":129,"angle":11.25,"duration":5.4999990463257,"type":"hold"},{"angle2":-168.75,"time":129,"angle":11.25,"duration":5.4999990463257,"type":"hold"},{"angle":191.25,"time":135,"type":"block"},{"angle":180,"time":136,"type":"block"},{"angle":168.75,"time":136.16667175293,"type":"block"},{"holdEase":"outSine","angle2":90,"time":137,"endAngle":202.5,"angle":180,"duration":4.75,"type":"hold"},{"angle2":90,"time":137,"angle":180,"duration":4.75,"type":"hold"},{"holdEase":"outSine","angle2":90,"time":137,"endAngle":157.5,"angle":180,"duration":4.75,"type":"hold"},{"holdEase":"inSine","angle2":45,"time":143.5,"angle":112.5,"duration":3,"type":"mineHold"},{"holdEase":"inSine","angle2":67.5,"time":143.5,"angle":135,"duration":3,"type":"mineHold"},{"holdEase":"inSine","angle2":90,"time":143.5,"angle":157.5,"duration":3,"type":"mineHold"},{"holdEase":"inSine","angle2":112.5,"time":143.5,"angle":180,"duration":3,"type":"mineHold"},{"holdEase":"inSine","angle2":135,"time":143.5,"angle":202.5,"duration":3,"type":"mineHold"},{"time":151,"speedMult":2,"angle":165,"type":"extraTap"},{"angle":165,"time":152,"type":"extraTap"},{"time":153,"angle":225,"endAngle":180,"type":"block"},{"time":153.25,"angle":210,"endAngle":165,"type":"block"},{"time":153.5,"angle":195,"endAngle":150,"type":"block"},{"time":153.75,"angle":120,"endAngle":165,"type":"block"},{"time":154,"angle":105,"endAngle":150,"type":"block"},{"time":154.25,"angle":90,"endAngle":135,"type":"block"},{"time":154.5,"angle":195,"endAngle":150,"type":"block"},{"time":154.75,"angle":180,"endAngle":135,"type":"block"},{"time":155,"angle":165,"endAngle":120,"type":"block"},{"time":155.25,"angle":90,"endAngle":135,"type":"block"},{"time":155.5,"angle":75,"endAngle":120,"type":"block"},{"time":155.75,"angle":60,"endAngle":105,"type":"block"},{"time":156,"angle":165,"endAngle":120,"type":"block"},{"time":156.25,"angle":150,"endAngle":105,"type":"block"},{"time":156.5,"angle":135,"endAngle":90,"type":"block"},{"time":156.75,"angle":60,"endAngle":105,"type":"block"},{"time":157,"angle":45,"endAngle":90,"type":"block"},{"time":157.25,"angle":30,"endAngle":75,"type":"block"},{"time":157.5,"angle":135,"endAngle":90,"type":"block"},{"time":157.75,"angle":120,"endAngle":75,"type":"block"},{"time":158,"angle":105,"endAngle":60,"type":"block"},{"time":158.25,"angle":30,"endAngle":75,"type":"block"},{"time":158.5,"angle":15,"endAngle":60,"type":"block"},{"time":159,"speedMult":2,"angle":90,"type":"extraTap"},{"angle":90,"time":160,"type":"extraTap"},{"angle2":-90,"time":153,"angle":0,"duration":5,"type":"mineHold"},{"angle2":-45,"time":153,"angle":45,"duration":5,"type":"mineHold"},{"angle2":225,"time":153,"angle":315,"duration":5,"type":"mineHold"},{"time":159,"angle":135,"endAngle":90,"type":"side"},{"time":160,"angle":45,"endAngle":90,"type":"side"},{"angle":180,"time":151,"type":"side"},{"angle":180,"time":152,"type":"side"},{"angle2":270,"time":161,"angle":180,"duration":5,"type":"mineHold"},{"angle2":225,"time":161,"angle":135,"duration":5,"type":"mineHold"},{"time":167,"angle":45,"endAngle":90,"type":"side"},{"time":168,"angle":135,"endAngle":90,"type":"side"},{"time":167,"speedMult":2,"angle":90,"type":"extraTap"},{"angle":90,"time":168,"type":"extraTap"},{"angle":90,"time":168.25,"type":"extraTap"},{"time":161,"angle":270,"endAngle":315,"type":"block"},{"time":161.25,"angle":285,"endAngle":330,"type":"block"},{"time":161.5,"angle":300,"endAngle":345,"type":"block"},{"time":161.75,"angle":-45,"endAngle":0,"type":"block"},{"time":162,"angle":-30,"endAngle":15,"type":"block"},{"time":162.25,"angle":-15,"endAngle":30,"type":"block"},{"time":162.5,"angle":405,"endAngle":360,"type":"block"},{"time":162.75,"angle":60,"endAngle":15,"type":"block"},{"time":163,"angle":75,"endAngle":30,"type":"block"},{"time":163.25,"angle":90,"endAngle":45,"type":"block"},{"time":163.5,"angle":105,"endAngle":60,"type":"block"},{"time":163.75,"angle":120,"endAngle":75,"type":"block"},{"time":164,"angle":0,"endAngle":45,"type":"block"},{"time":164.25,"angle":15,"endAngle":60,"type":"block"},{"time":164.5,"angle":30,"endAngle":75,"type":"block"},{"time":164.75,"angle":45,"endAngle":90,"type":"block"},{"time":165,"angle":60,"endAngle":105,"type":"block"},{"time":165.25,"angle":75,"endAngle":120,"type":"block"},{"time":165.5,"angle":135,"endAngle":90,"type":"block"},{"time":165.75,"angle":150,"endAngle":105,"type":"block"},{"time":166,"angle":165,"endAngle":120,"type":"block"},{"time":166.25,"angle":180,"endAngle":135,"type":"block"},{"time":166.5,"angle":195,"endAngle":150,"type":"block"},{"angle2":315,"time":161,"angle":225,"duration":5,"type":"mineHold"},{"time":169,"angle":135,"endAngle":90,"type":"block"},{"time":169.25,"angle":150,"endAngle":105,"type":"block"},{"time":169.5,"angle":165,"endAngle":120,"type":"block"},{"time":169.75,"angle":180,"endAngle":135,"type":"block"},{"time":170,"angle":75,"endAngle":120,"type":"block"},{"time":170.25,"angle":90,"endAngle":135,"type":"block"},{"time":170.5,"angle":105,"endAngle":150,"type":"block"},{"time":170.75,"angle":120,"endAngle":165,"type":"block"},{"time":171.5,"angle":225,"endAngle":180,"type":"block"},{"time":171.75,"angle":240,"endAngle":195,"type":"block"},{"time":171,"angle":195,"endAngle":150,"type":"block"},{"time":171.25,"angle":210,"endAngle":165,"type":"block"},{"time":172,"angle":135,"endAngle":180,"type":"block"},{"time":172.25,"angle":150,"endAngle":195,"type":"block"},{"time":172.5,"angle":165,"endAngle":210,"type":"block"},{"time":172.75,"angle":180,"endAngle":225,"type":"block"},{"time":173,"angle":255,"endAngle":210,"type":"block"},{"time":173.25,"angle":270,"endAngle":225,"type":"block"},{"time":173.5,"angle":285,"endAngle":240,"type":"block"},{"time":173.75,"angle":300,"endAngle":255,"type":"block"},{"time":174,"angle":195,"endAngle":240,"type":"block"},{"time":174.25,"angle":210,"endAngle":255,"type":"block"},{"angle2":371.25,"time":169,"angle":236.25,"duration":5,"type":"mineHold"},{"angle2":416.25,"time":169,"angle":281.25,"duration":5,"type":"mineHold"},{"angle2":461.25,"time":169,"angle":326.25,"duration":5,"type":"mineHold"},{"time":175,"angle":225,"endAngle":270,"type":"side"},{"time":176,"angle":315,"endAngle":270,"type":"side"},{"time":175,"speedMult":2,"angle":270,"type":"extraTap"},{"angle":270,"time":176,"type":"extraTap"},{"angle2":0,"time":177,"angle":180,"duration":5,"type":"mineHold"},{"angle2":-45,"time":177,"angle":135,"duration":5,"type":"mineHold"},{"angle2":-90,"time":177,"angle":90,"duration":5,"type":"mineHold"},{"time":177,"angle":405,"endAngle":315,"type":"block"},{"time":177.25,"angle":390,"endAngle":300,"type":"block"},{"time":177.5,"angle":375,"endAngle":285,"type":"block"},{"time":177.75,"angle":360,"endAngle":270,"type":"block"},{"time":180.5,"angle":105,"endAngle":195,"type":"block"},{"time":180,"angle":135,"endAngle":225,"type":"block"},{"time":180.25,"angle":120,"endAngle":210,"type":"block"},{"time":180.75,"angle":90,"endAngle":180,"type":"block"},{"time":178,"angle":195,"endAngle":285,"type":"block"},{"time":178.25,"angle":180,"endAngle":270,"type":"block"},{"time":178.5,"angle":165,"endAngle":255,"type":"block"},{"time":178.75,"angle":150,"endAngle":240,"type":"block"},{"time":179,"angle":345,"endAngle":255,"type":"block"},{"time":179.25,"angle":330,"endAngle":240,"type":"block"},{"time":179.5,"angle":315,"endAngle":225,"type":"block"},{"time":179.75,"angle":300,"endAngle":210,"type":"block"},{"time":181,"angle":285,"endAngle":195,"type":"block"},{"time":181.25,"angle":270,"endAngle":180,"type":"block"},{"time":181.5,"angle":255,"endAngle":165,"type":"block"},{"time":181.75,"angle":240,"endAngle":150,"type":"block"},{"time":183,"speedMult":2,"angle":-210,"type":"extraTap"},{"angle":-210,"time":184,"type":"extraTap"},{"time":185,"angle":-360,"endAngle":-225,"type":"block"},{"time":185.25,"angle":-345,"endAngle":-210,"type":"block"},{"time":185.5,"angle":-330,"endAngle":-195,"type":"block"},{"time":185.75,"angle":-75,"endAngle":-210,"type":"block"},{"time":186,"angle":-60,"endAngle":-195,"type":"block"},{"time":186.25,"angle":-45,"endAngle":-180,"type":"block"},{"time":186.5,"angle":-330,"endAngle":-195,"type":"block"},{"time":186.75,"angle":-315,"endAngle":-180,"type":"block"},{"time":187,"angle":-300,"endAngle":-165,"type":"block"},{"time":187.25,"angle":-45,"endAngle":-180,"type":"block"},{"time":187.5,"angle":-30,"endAngle":-165,"type":"block"},{"time":187.75,"angle":-15,"endAngle":-150,"type":"block"},{"time":188,"angle":-300,"endAngle":-165,"type":"block"},{"time":188.25,"angle":-285,"endAngle":-150,"type":"block"},{"time":188.5,"angle":-270,"endAngle":-135,"type":"block"},{"time":188.75,"angle":-15,"endAngle":-150,"type":"block"},{"time":189,"angle":0,"endAngle":-135,"type":"block"},{"time":189.25,"angle":15,"endAngle":-120,"type":"block"},{"time":189.5,"angle":-270,"endAngle":-135,"type":"block"},{"time":189.75,"angle":-255,"endAngle":-120,"type":"block"},{"time":190,"angle":-240,"endAngle":-105,"type":"block"},{"time":190.25,"angle":15,"endAngle":-120,"type":"block"},{"time":190.5,"angle":30,"endAngle":-105,"type":"block"},{"time":191,"speedMult":2,"angle":225,"type":"extraTap"},{"angle":-135,"time":192,"type":"extraTap"},{"angle2":56.25,"time":185,"angle":-33.75,"duration":5,"type":"mineHold"},{"angle2":11.25,"time":185,"angle":-78.75,"duration":5,"type":"mineHold"},{"angle2":-258.75,"time":185,"angle":-348.75,"duration":5,"type":"mineHold"},{"time":191,"angle":270,"endAngle":315,"type":"side"},{"time":192,"angle":360,"endAngle":315,"type":"side"},{"time":183,"angle":-180,"endAngle":-225,"type":"side"},{"time":184,"angle":-270,"endAngle":-225,"type":"side"},{"angle2":-330,"time":193,"angle":-195,"duration":5,"type":"mineHold"},{"angle2":-285,"time":193,"angle":-150,"duration":5,"type":"mineHold"},{"time":199,"angle":270,"endAngle":225,"type":"side"},{"time":200,"angle":180,"endAngle":225,"type":"side"},{"time":199,"speedMult":2,"angle":-135,"type":"extraTap"},{"angle":-135,"time":200,"type":"extraTap"},{"angle":-135,"time":200.25,"type":"extraTap"},{"time":193,"angle":-258.75,"endAngle":-360,"type":"block"},{"time":193.25,"angle":-285,"endAngle":-375,"type":"block"},{"time":193.5,"angle":-300,"endAngle":-390,"type":"block"},{"time":193.75,"angle":45,"endAngle":-45,"type":"block"},{"time":194,"angle":30,"endAngle":-60,"type":"block"},{"time":194.25,"angle":15,"endAngle":-75,"type":"block"},{"time":194.5,"angle":-495,"endAngle":-405,"type":"block"},{"time":194.75,"angle":-150,"endAngle":-60,"type":"block"},{"time":195,"angle":-165,"endAngle":-75,"type":"block"},{"time":195.25,"angle":-180,"endAngle":-90,"type":"block"},{"time":195.5,"angle":-195,"endAngle":-105,"type":"block"},{"time":195.75,"angle":-210,"endAngle":-120,"type":"block"},{"time":196,"angle":0,"endAngle":-90,"type":"block"},{"time":196.25,"angle":-15,"endAngle":-105,"type":"block"},{"time":196.5,"angle":-30,"endAngle":-120,"type":"block"},{"time":196.75,"angle":-45,"endAngle":-135,"type":"block"},{"time":197,"angle":-60,"endAngle":-150,"type":"block"},{"time":197.25,"angle":-75,"endAngle":-165,"type":"block"},{"time":197.5,"angle":-225,"endAngle":-135,"type":"block"},{"time":197.75,"angle":-240,"endAngle":-150,"type":"block"},{"time":198,"angle":-255,"endAngle":-165,"type":"block"},{"time":198.25,"angle":-270,"endAngle":-180,"type":"block"},{"time":198.5,"angle":-285,"endAngle":-195,"type":"block"},{"angle2":-375,"time":193,"angle":-240,"duration":5,"type":"mineHold"},{"time":201,"angle":-90,"endAngle":-135,"type":"block"},{"time":201.25,"angle":-105,"endAngle":-150,"type":"block"},{"time":201.5,"angle":-120,"endAngle":-165,"type":"block"},{"time":201.75,"angle":-135,"endAngle":-180,"type":"block"},{"time":202,"angle":-210,"endAngle":-165,"type":"block"},{"time":202.25,"angle":-225,"endAngle":-180,"type":"block"},{"time":202.5,"angle":-240,"endAngle":-195,"type":"block"},{"time":202.75,"angle":-255,"endAngle":-210,"type":"block"},{"time":203.5,"angle":-180,"endAngle":-225,"type":"block"},{"time":203.75,"angle":-195,"endAngle":-240,"type":"block"},{"time":203,"angle":-150,"endAngle":-195,"type":"block"},{"time":203.25,"angle":-165,"endAngle":-210,"type":"block"},{"time":204,"angle":-270,"endAngle":-225,"type":"block"},{"time":204.25,"angle":-285,"endAngle":-240,"type":"block"},{"time":204.5,"angle":-300,"endAngle":-255,"type":"block"},{"time":204.75,"angle":-315,"endAngle":-270,"type":"block"},{"time":205,"angle":-210,"endAngle":-255,"type":"block"},{"time":205.25,"angle":-225,"endAngle":-270,"type":"block"},{"time":205.5,"angle":-240,"endAngle":-285,"type":"block"},{"time":205.75,"angle":-255,"endAngle":-300,"type":"block"},{"time":206,"angle":-330,"endAngle":-285,"type":"block"},{"time":206.25,"angle":-345,"endAngle":-300,"type":"block"},{"angle2":-416.25,"time":201,"angle":-292.5,"duration":5,"type":"mineHold"},{"angle2":-461.25,"time":201,"angle":-337.5,"duration":5,"type":"mineHold"},{"angle2":-506.25,"time":201,"angle":-382.5,"duration":5,"type":"mineHold"},{"time":207,"angle":90,"endAngle":45,"type":"side"},{"time":208,"angle":0,"endAngle":45,"type":"side"},{"time":207,"speedMult":2,"angle":-315,"type":"extraTap"},{"angle":-315,"time":208,"type":"extraTap"},{"angle2":-67.5,"time":209,"angle":-247.5,"duration":5,"type":"mineHold"},{"angle2":-22.5,"time":209,"angle":-202.5,"duration":5,"type":"mineHold"},{"angle2":22.5,"time":209,"angle":-157.5,"duration":5,"type":"mineHold"},{"time":209,"angle":-735,"endAngle":-375,"type":"block"},{"time":209.25,"angle":0,"endAngle":-360,"type":"block"},{"time":209.5,"angle":-705,"endAngle":-345,"type":"block"},{"time":209.75,"angle":30,"endAngle":-330,"type":"block"},{"time":212.5,"angle":465,"endAngle":-255,"type":"block"},{"time":212,"angle":435,"endAngle":-285,"type":"block"},{"time":212.25,"angle":810,"endAngle":-270,"type":"block"},{"time":212.75,"angle":840,"endAngle":-240,"type":"block"},{"time":210,"angle":375,"endAngle":-345,"type":"block"},{"time":210.25,"angle":750,"endAngle":-330,"type":"block"},{"time":210.5,"angle":405,"endAngle":-315,"type":"block"},{"time":210.75,"angle":780,"endAngle":-300,"type":"block"},{"time":211,"angle":-675,"endAngle":-315,"type":"block"},{"time":211.25,"angle":60,"endAngle":-300,"type":"block"},{"time":211.5,"angle":-645,"endAngle":-285,"type":"block"},{"time":211.75,"angle":90,"endAngle":-270,"type":"block"},{"time":213,"angle":-615,"endAngle":-255,"type":"block"},{"time":213.25,"angle":120,"endAngle":-240,"type":"block"},{"time":213.5,"angle":135,"endAngle":-225,"type":"block"},{"time":213.75,"angle":-570,"endAngle":-210,"type":"block"},{"angle2":247.5,"time":209,"angle":67.5,"duration":5,"type":"mineHold"},{"angle2":427.5,"time":209,"angle":247.5,"duration":5,"type":"mineHold"},{"angle2":-11.25,"time":201,"angle":112.5,"duration":5,"type":"mineHold"},{"angle2":168.75,"time":201,"angle":292.5,"duration":5,"type":"mineHold"},{"angle2":120,"time":193,"angle":255,"duration":5,"type":"mineHold"},{"angle2":-60,"time":193,"angle":75,"duration":5,"type":"mineHold"},{"angle2":146.25,"time":185,"angle":56.25,"duration":5,"type":"mineHold"},{"angle2":326.25,"time":185,"angle":236.25,"duration":5,"type":"mineHold"},{"holdEase":"inSine","angle2":225,"time":143.5,"angle":292.5,"duration":3,"type":"mineHold"},{"holdEase":"inSine","angle2":247.5,"time":143.5,"angle":315,"duration":3,"type":"mineHold"},{"holdEase":"inSine","angle2":270,"time":143.5,"angle":337.5,"duration":3,"type":"mineHold"},{"holdEase":"inSine","angle2":292.5,"time":143.5,"angle":360,"duration":3,"type":"mineHold"},{"holdEase":"inSine","angle2":315,"time":143.5,"angle":382.5,"duration":3,"type":"mineHold"},{"holdEase":"inSine","angle2":270,"time":214,"angle":165,"duration":0.5,"type":"hold"},{"time":215,"speedMult":2,"angle":270,"type":"extraTap"},{"angle":90,"time":216,"type":"extraTap"},{"time":215,"angle":90,"endAngle":270,"type":"side"},{"time":216,"angle":-90,"endAngle":90,"type":"side"},{"angle2":157.5,"time":217,"angle":90,"duration":0.5,"type":"hold"},{"angle2":112.5,"time":217.5,"angle":157.5,"duration":0.5,"type":"hold"},{"angle2":180,"time":218,"angle":112.5,"duration":0.5,"type":"hold"},{"angle2":22.5,"time":218.5,"angle":180,"duration":1,"type":"hold"},{"angle2":67.5,"time":219.5,"angle":22.5,"duration":0.5,"type":"hold"},{"angle2":0,"time":220,"angle":67.5,"duration":0.5,"type":"hold"},{"angle2":-45,"time":220.5,"angle":0,"duration":0.5,"type":"hold"},{"angle2":382.5,"time":221,"angle":315,"duration":0.5,"type":"hold"},{"angle2":427.5,"time":221.5,"angle":382.5,"duration":0.5,"type":"hold"},{"angle2":0,"time":222,"angle":67.5,"duration":0.5,"type":"hold"},{"angle2":337.5,"time":217,"angle":270,"duration":0.5,"type":"mineHold"},{"angle2":292.5,"time":217.5,"angle":337.5,"duration":0.5,"type":"mineHold"},{"angle2":360,"time":218,"angle":292.5,"duration":0.5,"type":"mineHold"},{"angle2":202.5,"time":218.5,"angle":360,"duration":1,"type":"mineHold"},{"angle2":247.5,"time":219.5,"angle":202.5,"duration":0.5,"type":"mineHold"},{"angle2":180,"time":220,"angle":247.5,"duration":0.5,"type":"mineHold"},{"angle2":135,"time":220.5,"angle":180,"duration":0.5,"type":"mineHold"},{"angle2":202.5,"time":221,"angle":135,"duration":0.5,"type":"mineHold"},{"angle2":247.5,"time":221.5,"angle":202.5,"duration":0.5,"type":"mineHold"},{"angle2":180,"time":222,"angle":247.5,"duration":0.5,"type":"mineHold"},{"time":223,"speedMult":2,"angle":270,"type":"extraTap"},{"angle":90,"time":224,"type":"extraTap"},{"time":223,"angle":180,"endAngle":270,"type":"side"},{"time":224,"angle":0,"endAngle":90,"type":"side"},{"angle2":157.5,"time":225,"angle":90,"duration":0.5,"type":"hold"},{"angle2":202.5,"time":225.5,"angle":157.5,"duration":0.5,"type":"hold"},{"angle2":135,"time":226,"angle":202.5,"duration":0.5,"type":"hold"},{"angle2":292.5,"time":226.5,"angle":135,"duration":1,"type":"hold"},{"angle2":337.5,"time":227.5,"angle":292.5,"duration":0.5,"type":"hold"},{"angle2":270,"time":228,"angle":337.5,"duration":0.5,"type":"hold"},{"angle2":315,"time":228.5,"angle":270,"duration":0.5,"type":"hold"},{"angle2":247.5,"time":229,"angle":315,"duration":0.5,"type":"hold"},{"angle2":202.5,"time":229.5,"angle":247.5,"duration":0.5,"type":"hold"},{"angle2":270,"time":230,"angle":202.5,"duration":0.5,"type":"hold"},{"time":231,"speedMult":2,"angle":180,"type":"extraTap"},{"time":232,"speedMult":1.5,"angle":0,"type":"extraTap"},{"time":231,"angle":90,"endAngle":180,"type":"side"},{"time":232,"angle":-90,"endAngle":0,"type":"side"},{"angle2":292.5,"time":233,"angle":360,"duration":0.5,"type":"hold"},{"angle2":337.5,"time":233.5,"angle":292.5,"duration":0.5,"type":"hold"},{"angle2":270,"time":234,"angle":337.5,"duration":0.5,"type":"hold"},{"angle2":427.5,"time":234.5,"angle":270,"duration":1,"type":"hold"},{"angle2":22.5,"time":235.5,"angle":67.5,"duration":0.5,"type":"hold"},{"angle2":-45,"time":236,"angle":22.5,"duration":0.5,"type":"hold"},{"angle2":360,"time":236.5,"angle":315,"duration":0.5,"type":"hold"},{"angle2":292.5,"time":237,"angle":360,"duration":0.5,"type":"hold"},{"angle2":247.5,"time":237.5,"angle":292.5,"duration":0.5,"type":"hold"},{"angle2":315,"time":238,"angle":247.5,"duration":0.5,"type":"hold"},{"angle":360,"time":232.25,"type":"extraTap"},{"time":239,"speedMult":2,"angle":90,"type":"extraTap"},{"angle":270,"time":240,"type":"extraTap"},{"time":239,"angle":180,"endAngle":90,"type":"side"},{"time":240,"angle":360,"endAngle":270,"type":"side"},{"angle2":202.5,"time":241,"angle":270,"duration":0.5,"type":"hold"},{"angle2":157.5,"time":241.5,"angle":202.5,"duration":0.5,"type":"hold"},{"angle2":225,"time":242,"angle":157.5,"duration":0.5,"type":"hold"},{"angle2":67.5,"time":242.5,"angle":225,"duration":1,"type":"hold"},{"angle2":22.5,"time":243.5,"angle":67.5,"duration":0.5,"type":"hold"},{"angle2":90,"time":244,"angle":22.5,"duration":0.5,"type":"hold"},{"angle2":45,"time":244.5,"angle":90,"duration":0.5,"type":"hold"},{"angle2":112.5,"time":245,"angle":45,"duration":0.5,"type":"hold"},{"angle2":67.5,"time":245.5,"angle":112.5,"duration":0.5,"type":"hold"},{"angle2":45,"time":246,"angle":67.5,"duration":0.5,"type":"hold"},{"time":247,"speedMult":2,"angle":315,"type":"extraTap"},{"angle":135,"time":248,"type":"extraTap"},{"time":247,"angle":225,"endAngle":315,"type":"side"},{"time":248,"angle":45,"endAngle":135,"type":"side"},{"angle2":157.5,"time":249,"angle":180,"duration":0.5,"type":"hold"},{"angle2":180,"time":249.5,"angle":157.5,"duration":0.5,"type":"hold"},{"angle2":202.5,"time":250,"angle":180,"duration":0.5,"type":"hold"},{"angle2":157.5,"time":250.5,"angle":202.5,"duration":1,"type":"hold"},{"angle2":135,"time":251.5,"angle":157.5,"duration":0.5,"type":"hold"},{"angle2":157.5,"time":252,"angle":135,"duration":0.5,"type":"hold"},{"angle2":135,"time":252.5,"angle":157.5,"duration":0.5,"type":"hold"},{"angle2":112.5,"time":253,"angle":135,"duration":0.5,"type":"hold"},{"angle2":135,"time":253.5,"angle":112.5,"duration":0.5,"type":"hold"},{"angle2":112.5,"time":254,"angle":135,"duration":0.5,"type":"hold"},{"angle2":337.5,"time":225,"angle":270,"duration":0.5,"type":"mineHold"},{"angle2":382.5,"time":225.5,"angle":337.5,"duration":0.5,"type":"mineHold"},{"angle2":-45,"time":226,"angle":22.5,"duration":0.5,"type":"mineHold"},{"angle2":472.5,"time":226.5,"angle":315,"duration":1,"type":"mineHold"},{"angle2":157.5,"time":227.5,"angle":112.5,"duration":0.5,"type":"mineHold"},{"angle2":90,"time":228,"angle":157.5,"duration":0.5,"type":"mineHold"},{"angle2":135,"time":228.5,"angle":90,"duration":0.5,"type":"mineHold"},{"angle2":67.5,"time":229,"angle":135,"duration":0.5,"type":"mineHold"},{"angle2":22.5,"time":229.5,"angle":67.5,"duration":0.5,"type":"mineHold"},{"angle2":90,"time":230,"angle":22.5,"duration":0.5,"type":"mineHold"},{"angle2":112.5,"time":233,"angle":180,"duration":0.5,"type":"mineHold"},{"angle2":157.5,"time":233.5,"angle":112.5,"duration":0.5,"type":"mineHold"},{"angle2":90,"time":234,"angle":157.5,"duration":0.5,"type":"mineHold"},{"angle2":247.5,"time":234.5,"angle":90,"duration":1,"type":"mineHold"},{"angle2":202.5,"time":235.5,"angle":247.5,"duration":0.5,"type":"mineHold"},{"angle2":135,"time":236,"angle":202.5,"duration":0.5,"type":"mineHold"},{"angle2":180,"time":236.5,"angle":135,"duration":0.5,"type":"mineHold"},{"angle2":112.5,"time":237,"angle":180,"duration":0.5,"type":"mineHold"},{"angle2":67.5,"time":237.5,"angle":112.5,"duration":0.5,"type":"mineHold"},{"angle2":135,"time":238,"angle":67.5,"duration":0.5,"type":"mineHold"},{"angle2":22.5,"time":241,"angle":90,"duration":0.5,"type":"mineHold"},{"angle2":-22.5,"time":241.5,"angle":22.5,"duration":0.5,"type":"mineHold"},{"angle2":405,"time":242,"angle":337.5,"duration":0.5,"type":"mineHold"},{"angle2":-112.5,"time":242.5,"angle":45,"duration":1,"type":"mineHold"},{"angle2":202.5,"time":243.5,"angle":247.5,"duration":0.5,"type":"mineHold"},{"angle2":270,"time":244,"angle":202.5,"duration":0.5,"type":"mineHold"},{"angle2":225,"time":244.5,"angle":270,"duration":0.5,"type":"mineHold"},{"angle2":292.5,"time":245,"angle":225,"duration":0.5,"type":"mineHold"},{"angle2":247.5,"time":245.5,"angle":292.5,"duration":0.5,"type":"mineHold"},{"angle2":225,"time":246,"angle":247.5,"duration":0.5,"type":"mineHold"},{"angle2":67.5,"time":233,"angle":135,"duration":0.5,"type":"mineHold"},{"angle2":112.5,"time":233.5,"angle":67.5,"duration":0.5,"type":"mineHold"},{"angle2":45,"time":234,"angle":112.5,"duration":0.5,"type":"mineHold"},{"angle2":202.5,"time":234.5,"angle":45,"duration":1,"type":"mineHold"},{"angle2":157.5,"time":235.5,"angle":202.5,"duration":0.5,"type":"mineHold"},{"angle2":90,"time":236,"angle":157.5,"duration":0.5,"type":"mineHold"},{"angle2":135,"time":236.5,"angle":90,"duration":0.5,"type":"mineHold"},{"angle2":67.5,"time":237,"angle":135,"duration":0.5,"type":"mineHold"},{"angle2":22.5,"time":237.5,"angle":67.5,"duration":0.5,"type":"mineHold"},{"angle2":90,"time":238,"angle":22.5,"duration":0.5,"type":"mineHold"},{"angle2":-22.5,"time":241,"angle":45,"duration":0.5,"type":"mineHold"},{"angle2":-67.5,"time":241.5,"angle":-22.5,"duration":0.5,"type":"mineHold"},{"angle2":360,"time":242,"angle":292.5,"duration":0.5,"type":"mineHold"},{"angle2":-157.5,"time":242.5,"angle":0,"duration":1,"type":"mineHold"},{"angle2":157.5,"time":243.5,"angle":202.5,"duration":0.5,"type":"mineHold"},{"angle2":225,"time":244,"angle":157.5,"duration":0.5,"type":"mineHold"},{"angle2":180,"time":244.5,"angle":225,"duration":0.5,"type":"mineHold"},{"angle2":247.5,"time":245,"angle":180,"duration":0.5,"type":"mineHold"},{"angle2":202.5,"time":245.5,"angle":247.5,"duration":0.5,"type":"mineHold"},{"angle2":180,"time":246,"angle":202.5,"duration":0.5,"type":"mineHold"},{"angle2":157.5,"time":233,"angle":225,"duration":0.5,"type":"mineHold"},{"angle2":202.5,"time":233.5,"angle":157.5,"duration":0.5,"type":"mineHold"},{"angle2":135,"time":234,"angle":202.5,"duration":0.5,"type":"mineHold"},{"angle2":292.5,"time":234.5,"angle":135,"duration":1,"type":"mineHold"},{"angle2":247.5,"time":235.5,"angle":292.5,"duration":0.5,"type":"mineHold"},{"angle2":180,"time":236,"angle":247.5,"duration":0.5,"type":"mineHold"},{"angle2":225,"time":236.5,"angle":180,"duration":0.5,"type":"mineHold"},{"angle2":157.5,"time":237,"angle":225,"duration":0.5,"type":"mineHold"},{"angle2":112.5,"time":237.5,"angle":157.5,"duration":0.5,"type":"mineHold"},{"angle2":180,"time":238,"angle":112.5,"duration":0.5,"type":"mineHold"},{"angle2":67.5,"time":241,"angle":135,"duration":0.5,"type":"mineHold"},{"angle2":22.5,"time":241.5,"angle":67.5,"duration":0.5,"type":"mineHold"},{"angle2":450,"time":242,"angle":382.5,"duration":0.5,"type":"mineHold"},{"angle2":-67.5,"time":242.5,"angle":90,"duration":1,"type":"mineHold"},{"angle2":247.5,"time":243.5,"angle":292.5,"duration":0.5,"type":"mineHold"},{"angle2":315,"time":244,"angle":247.5,"duration":0.5,"type":"mineHold"},{"angle2":270,"time":244.5,"angle":315,"duration":0.5,"type":"mineHold"},{"angle2":337.5,"time":245,"angle":270,"duration":0.5,"type":"mineHold"},{"angle2":292.5,"time":245.5,"angle":337.5,"duration":0.5,"type":"mineHold"},{"angle2":270,"time":246,"angle":292.5,"duration":0.5,"type":"mineHold"},{"angle2":202.5,"time":249,"angle":225,"duration":0.5,"type":"mineHold"},{"angle2":112.5,"time":249,"angle":135,"duration":0.5,"type":"mineHold"},{"angle2":135,"time":249.5,"angle":112.5,"duration":0.5,"type":"mineHold"},{"angle2":225,"time":249.5,"angle":202.5,"duration":0.5,"type":"mineHold"},{"angle2":247.5,"time":250,"angle":225,"duration":0.5,"type":"mineHold"},{"angle2":157.5,"time":250,"angle":135,"duration":0.5,"type":"mineHold"},{"angle2":202.5,"time":250.5,"angle":247.5,"duration":1,"type":"mineHold"},{"angle2":112.5,"time":250.5,"angle":157.5,"duration":1,"type":"mineHold"},{"angle2":90,"time":251.5,"angle":112.5,"duration":0.5,"type":"mineHold"},{"angle2":180,"time":251.5,"angle":202.5,"duration":0.5,"type":"mineHold"},{"angle2":112.5,"time":252,"angle":90,"duration":0.5,"type":"mineHold"},{"angle2":202.5,"time":252,"angle":180,"duration":0.5,"type":"mineHold"},{"angle2":90,"time":252.5,"angle":112.5,"duration":0.5,"type":"mineHold"},{"angle2":180,"time":252.5,"angle":202.5,"duration":0.5,"type":"mineHold"},{"angle2":67.5,"time":253,"angle":90,"duration":0.5,"type":"mineHold"},{"angle2":157.5,"time":253,"angle":180,"duration":0.5,"type":"mineHold"},{"angle2":90,"time":253.5,"angle":67.5,"duration":0.5,"type":"mineHold"},{"angle2":180,"time":253.5,"angle":157.5,"duration":0.5,"type":"mineHold"},{"time":255,"angle":-45,"endAngle":45,"type":"side"},{"time":256,"angle":135,"endAngle":225,"type":"side"},{"time":255,"speedMult":2,"angle":45,"type":"extraTap"},{"angle":202.5,"time":256,"type":"extraTap"},{"angle2":247.5,"time":257,"angle":270,"duration":0.5,"type":"hold"},{"angle2":270,"time":257.5,"angle":247.5,"duration":0.5,"type":"hold"},{"angle2":292.5,"time":258,"angle":270,"duration":0.5,"type":"hold"},{"angle2":247.5,"time":258.5,"angle":292.5,"duration":1,"type":"hold"},{"angle2":225,"time":259.5,"angle":247.5,"duration":0.5,"type":"hold"},{"angle2":247.5,"time":260,"angle":225,"duration":0.5,"type":"hold"},{"angle2":225,"time":260.5,"angle":247.5,"duration":0.5,"type":"hold"},{"angle2":202.5,"time":261,"angle":225,"duration":0.5,"type":"hold"},{"angle2":225,"time":261.5,"angle":202.5,"duration":0.5,"type":"hold"},{"angle2":202.5,"time":262,"angle":225,"duration":0.5,"type":"hold"},{"angle2":292.5,"time":257,"angle":315,"duration":0.5,"type":"mineHold"},{"angle2":315,"time":257.5,"angle":292.5,"duration":0.5,"type":"mineHold"},{"angle2":337.5,"time":258,"angle":315,"duration":0.5,"type":"mineHold"},{"angle2":292.5,"time":258.5,"angle":337.5,"duration":1,"type":"mineHold"},{"angle2":270,"time":259.5,"angle":292.5,"duration":0.5,"type":"mineHold"},{"angle2":292.5,"time":260,"angle":270,"duration":0.5,"type":"mineHold"},{"angle2":270,"time":260.5,"angle":292.5,"duration":0.5,"type":"mineHold"},{"angle2":247.5,"time":261,"angle":270,"duration":0.5,"type":"mineHold"},{"angle2":270,"time":261.5,"angle":247.5,"duration":0.5,"type":"mineHold"},{"angle2":202.5,"time":257,"angle":225,"duration":0.5,"type":"mineHold"},{"angle2":225,"time":257.5,"angle":202.5,"duration":0.5,"type":"mineHold"},{"angle2":247.5,"time":258,"angle":225,"duration":0.5,"type":"mineHold"},{"angle2":202.5,"time":258.5,"angle":247.5,"duration":1,"type":"mineHold"},{"angle2":180,"time":259.5,"angle":202.5,"duration":0.5,"type":"mineHold"},{"angle2":202.5,"time":260,"angle":180,"duration":0.5,"type":"mineHold"},{"angle2":180,"time":260.5,"angle":202.5,"duration":0.5,"type":"mineHold"},{"angle2":157.5,"time":261,"angle":180,"duration":0.5,"type":"mineHold"},{"angle2":180,"time":261.5,"angle":157.5,"duration":0.5,"type":"mineHold"},{"time":263,"speedMult":2,"angle":135,"type":"extraTap"},{"angle":315,"time":264,"type":"extraTap"},{"time":263,"angle":45,"endAngle":135,"type":"side"},{"time":264,"angle":225,"endAngle":315,"type":"side"},{"angle":315,"time":264.25,"type":"extraTap"},{"time":264,"speedMult":1.5,"angle":315,"type":"extraTap"},{"angle2":382.5,"time":265,"angle":360,"duration":0.5,"type":"hold"},{"angle2":0,"time":265.5,"angle":22.5,"duration":0.5,"type":"hold"},{"angle2":337.5,"time":266,"angle":360,"duration":0.5,"type":"hold"},{"angle2":382.5,"time":266.5,"angle":337.5,"duration":1,"type":"hold"},{"angle2":0,"time":267.5,"angle":22.5,"duration":0.5,"type":"hold"},{"angle2":22.5,"time":268,"angle":0,"duration":0.5,"type":"hold"},{"angle2":45,"time":268.5,"angle":22.5,"duration":0.5,"type":"hold"},{"angle2":22.5,"time":269,"angle":45,"duration":0.5,"type":"hold"},{"angle2":45,"time":269.5,"angle":22.5,"duration":0.5,"type":"hold"},{"angle2":67.5,"time":270,"angle":45,"duration":0.5,"type":"hold"},{"holdEase":"inCirc","angle2":112.5,"time":273,"angle":90,"duration":6,"type":"hold"},{"angle2":337.5,"time":265,"angle":315,"duration":0.5,"type":"mineHold"},{"angle2":315,"time":265.5,"angle":337.5,"duration":0.5,"type":"mineHold"},{"angle2":292.5,"time":266,"angle":315,"duration":0.5,"type":"mineHold"},{"angle2":337.5,"time":266.5,"angle":292.5,"duration":1,"type":"mineHold"},{"angle2":315,"time":267.5,"angle":337.5,"duration":0.5,"type":"mineHold"},{"angle2":337.5,"time":268,"angle":315,"duration":0.5,"type":"mineHold"},{"angle2":360,"time":268.5,"angle":337.5,"duration":0.5,"type":"mineHold"},{"angle2":-22.5,"time":269,"angle":0,"duration":0.5,"type":"mineHold"},{"angle2":360,"time":269.5,"angle":337.5,"duration":0.5,"type":"mineHold"},{"angle2":427.5,"time":265,"angle":405,"duration":0.5,"type":"mineHold"},{"angle2":405,"time":265.5,"angle":427.5,"duration":0.5,"type":"mineHold"},{"angle2":382.5,"time":266,"angle":405,"duration":0.5,"type":"mineHold"},{"angle2":427.5,"time":266.5,"angle":382.5,"duration":1,"type":"mineHold"},{"angle2":405,"time":267.5,"angle":427.5,"duration":0.5,"type":"mineHold"},{"angle2":427.5,"time":268,"angle":405,"duration":0.5,"type":"mineHold"},{"angle2":450,"time":268.5,"angle":427.5,"duration":0.5,"type":"mineHold"},{"angle2":67.5,"time":269,"angle":90,"duration":0.5,"type":"mineHold"},{"angle2":450,"time":269.5,"angle":427.5,"duration":0.5,"type":"mineHold"},{"spinEase":"inSine","time":273,"angle":67.5,"endAngle":90,"type":"block"},{"spinEase":"inSine","time":273.25,"angle":45,"endAngle":90,"type":"block"},{"spinEase":"inSine","time":273.5,"angle":22.5,"endAngle":90,"type":"block"},{"spinEase":"inSine","time":273.75,"angle":0,"endAngle":90,"type":"block"},{"spinEase":"inSine","time":274,"angle":22.5,"endAngle":90,"type":"block"},{"spinEase":"inSine","time":274.25,"angle":0,"endAngle":90,"type":"block"},{"spinEase":"inSine","time":274.5,"angle":-22.5,"endAngle":90,"type":"block"},{"spinEase":"inSine","time":274.75,"angle":-45,"endAngle":90,"type":"block"},{"spinEase":"inSine","time":275,"angle":-22.5,"endAngle":90,"type":"block"},{"spinEase":"inSine","time":275.25,"angle":-45,"endAngle":90,"type":"block"},{"spinEase":"inSine","time":275.5,"angle":-67.5,"endAngle":90,"type":"block"},{"spinEase":"inSine","time":275.75,"angle":-90,"endAngle":90,"type":"block"},{"spinEase":"inSine","time":276,"angle":-67.5,"endAngle":90,"type":"block"},{"spinEase":"inSine","time":276.5,"angle":-112.5,"endAngle":90,"type":"block"},{"spinEase":"inSine","time":276.75,"angle":-135,"endAngle":90,"type":"block"},{"spinEase":"inSine","time":277,"angle":-112.5,"endAngle":90,"type":"block"},{"spinEase":"inSine","time":277.25,"angle":-135,"endAngle":90,"type":"block"},{"spinEase":"inSine","time":277.5,"angle":-157.5,"endAngle":90,"type":"block"},{"spinEase":"inSine","time":277.75,"angle":-180,"endAngle":90,"type":"block"},{"spinEase":"inSine","time":276.25,"angle":-90,"endAngle":90,"type":"block"},{"angle2":45,"time":265,"angle":315,"duration":0,"type":"mineHold"},{"angle2":-45,"time":257,"angle":225,"duration":0,"type":"mineHold"},{"angle2":-135,"time":249,"angle":135,"duration":0,"type":"mineHold"}]