[{"angle":360,"time":13,"type":"block"},{"angle":0,"time":14,"type":"block"},{"angle":0,"time":15,"type":"block"},{"angle":360,"time":16,"type":"block"},{"angle":0,"time":17,"type":"block"},{"angle":360,"time":18,"type":"block"},{"angle":360,"type":"block","time":19.5,"tap":true},{"angle":45,"type":"block","time":22,"tap":true},{"angle":315,"type":"block","time":24,"tap":true},{"angle":360,"type":"hold","duration":1,"time":84,"angle2":405},{"angle":45,"type":"hold","duration":1,"time":85,"angle2":0},{"angle":360,"type":"hold","duration":1,"time":86,"angle2":315},{"angle":-45,"type":"hold","duration":1,"time":87,"angle2":0},{"angle":0,"type":"hold","duration":1,"time":88,"angle2":45},{"angle":45,"time":90,"type":"block"},{"angle":45,"time":91,"type":"block"},{"angle":45,"type":"hold","duration":1,"time":92,"angle2":0},{"angle":0,"time":94,"type":"block"},{"angle":0,"time":95,"type":"block"},{"angle":315,"type":"hold","duration":1,"time":96,"angle2":360},{"angle":0,"type":"hold","duration":1,"time":97,"angle2":0},{"angle":0,"type":"hold","duration":3,"time":4,"angle2":0},{"angle":0,"time":98,"type":"extraTap"},{"angle":0,"type":"hold","duration":2,"time":7,"angle2":0},{"angle":180,"time":34.5,"type":"block"},{"angle":157.5,"time":35.5,"type":"block"},{"angle":225,"time":34,"type":"block"},{"angle":180,"type":"hold","duration":1,"time":100,"angle2":225},{"angle":225,"type":"hold","duration":1,"time":101,"angle2":180},{"angle":180,"type":"hold","duration":1,"time":102,"angle2":135},{"angle":135,"type":"block","time":26,"tap":true},{"angle":225,"type":"block","time":28,"tap":true},{"angle":45,"type":"block","time":30,"tap":true},{"angle":315,"type":"block","time":32,"tap":true},{"angle":0,"type":"block","time":50,"tap":true},{"angle":135,"type":"hold","duration":1,"time":103,"angle2":180},{"angle":180,"type":"hold","duration":1,"time":104,"angle2":225},{"angle":225,"time":106,"type":"block"},{"angle":225,"time":107,"type":"block"},{"angle":225,"type":"hold","duration":1,"time":108,"angle2":180},{"angle":180,"time":110,"type":"block"},{"angle":180,"time":111,"type":"block"},{"angle":135,"type":"hold","duration":1,"time":112,"angle2":180},{"angle":180,"type":"hold","duration":1,"time":113,"angle2":180},{"angle":180,"time":114,"type":"extraTap"},{"angle":180,"type":"hold","duration":4,"time":76,"angle2":180},{"angle":0,"type":"hold","duration":1,"time":116,"angle2":0},{"angle":22.5,"time":118,"type":"block"},{"angle":45,"time":119,"type":"block"},{"angle":67.5,"time":120,"type":"block"},{"angle":90,"time":121,"type":"block"},{"angle":112.5,"time":122,"type":"block"},{"angle":135,"time":123,"type":"block"},{"angle":157.5,"time":124,"type":"block"},{"angle":180,"time":125,"type":"block"},{"angle":202.5,"time":126,"type":"block"},{"angle":225,"time":127,"type":"block"},{"angle":247.5,"time":128,"type":"block"},{"angle":315,"type":"block","time":130.5,"tap":true},{"angle":270,"type":"block","time":129,"tap":true},{"angle":0,"type":"block","time":132,"tap":true},{"angle":0,"type":"hold","duration":2,"time":140,"angle2":33.75},{"angle":0,"type":"hold","duration":2,"time":142,"angle2":-33.75},{"angle":360,"type":"hold","duration":1,"time":144,"angle2":337.5},{"angle":0,"type":"hold","duration":1,"time":144,"angle2":22.5},{"angle":337.5,"type":"hold","duration":1,"time":145,"angle2":360},{"angle":22.5,"type":"hold","duration":1,"time":145,"angle2":0},{"angle":0,"time":147.5,"type":"extraTap"},{"angle":360,"time":164,"type":"extraTap"},{"angle":45,"time":46.5,"type":"block"},{"angle":90,"time":45.5,"type":"block"},{"angle":270,"time":47.5,"type":"block"},{"angle":0,"type":"block","time":155.5,"tap":true},{"angle":360,"time":153,"type":"block"},{"angle":0,"time":154,"type":"block"},{"angle":0,"time":155,"type":"block"},{"angle":0,"time":154.5,"type":"block"},{"angle":180,"time":169,"type":"block"},{"angle":180,"time":170,"type":"block"},{"angle":180,"time":170.5,"type":"block"},{"angle":180,"time":171,"type":"block"},{"angle":180,"type":"block","time":171.5,"tap":true},{"angle":180,"type":"inverse","time":220,"tap":true},{"angle":0,"type":"inverse","time":212,"tap":true},{"angle":225,"type":"block","time":54,"tap":true},{"angle":135,"type":"block","time":58,"tap":true},{"angle":225,"type":"block","time":62,"tap":true},{"angle":135,"type":"block","time":66,"tap":true},{"angle":202.5,"time":55,"type":"block"},{"angle":180,"time":56,"type":"block"},{"angle":157.5,"time":57,"type":"block"},{"angle":157.5,"time":59,"type":"block"},{"angle":180,"time":60,"type":"block"},{"angle":202.5,"time":61,"type":"block"},{"angle":180,"time":63,"type":"block"},{"angle":135,"time":64.5,"type":"block"},{"angle":270,"type":"mineHold","duration":1.75,"time":98.25,"angle2":450},{"angle":90,"type":"mineHold","duration":2,"time":114,"angle2":270},{"angle":90,"type":"mineHold","duration":5,"time":164,"angle2":112.5},{"angle":270,"type":"mineHold","duration":5,"time":164,"angle2":247.5},{"angle":292.5,"type":"mineHold","duration":5,"time":164,"angle2":247.5},{"angle":67.5,"type":"mineHold","duration":5,"time":164,"angle2":112.5},{"angle":45,"type":"mineHold","duration":5,"time":164,"angle2":112.5},{"angle":315,"type":"mineHold","duration":5,"time":164,"angle2":247.5},{"angle":337.5,"type":"mineHold","duration":5,"time":164,"angle2":247.5},{"angle":22.5,"type":"mineHold","duration":5,"time":164,"angle2":112.5},{"angle":360,"time":228,"type":"block"},{"angle":90,"time":229,"type":"block"},{"angle":180,"time":230,"type":"block"},{"angle":270,"time":231,"type":"block"},{"angle":0,"time":232,"type":"block"},{"angle":90,"time":233,"type":"block"},{"angle":180,"time":234,"type":"block"},{"angle":270,"time":235,"type":"block"},{"angle":360,"type":"block","time":242,"tap":true},{"angle":360,"time":240,"type":"block"},{"angle":0,"time":239.5,"type":"block"},{"angle":0,"time":238.5,"type":"block"},{"angle":360,"time":237.5,"type":"block"},{"angle":0,"time":236.5,"type":"block"},{"angle":0,"time":236,"type":"block"},{"angle":0,"type":"block","time":243.5,"tap":true},{"angle":180,"type":"block","time":251.5,"tap":true},{"angle":360,"type":"block","time":259.5,"tap":true},{"angle":180,"type":"block","time":267.5,"tap":true},{"angle":360,"type":"hold","duration":3,"time":308,"angle2":360},{"angle":0,"type":"hold","duration":2,"time":311,"angle2":0},{"angle":0,"type":"hold","duration":1,"time":313,"angle2":0},{"angle":0,"type":"hold","duration":0.5,"time":314,"angle2":0},{"angle":0,"type":"hold","duration":0.5,"time":314.5,"angle2":0},{"angle":360,"type":"hold","duration":1,"time":9,"angle2":360},{"angle":360,"type":"hold","duration":0.5,"time":10,"angle2":360},{"angle":360,"type":"hold","duration":0.25,"time":10.5,"angle2":360},{"angle":0,"type":"hold","duration":0.125,"time":10.75,"angle2":0},{"angle":0,"type":"hold","duration":0.125,"time":10.875,"angle2":0},{"angle":360,"type":"hold","duration":0.25,"time":315,"angle2":360},{"angle":0,"type":"hold","duration":0.125,"time":315.25,"angle2":0},{"angle":180,"time":317,"type":"inverse"},{"angle":180,"time":318,"type":"inverse"},{"angle":180,"time":319,"type":"inverse"},{"angle":180,"time":320,"type":"inverse"},{"angle":180,"time":321,"type":"inverse"},{"angle":180,"time":322,"type":"inverse"},{"angle":180,"type":"inverse","time":323.5,"tap":true},{"angle":90,"type":"mineHold","duration":4,"time":80,"angle2":270},{"angle":292.5,"type":"mineHold","duration":10,"time":118,"angle2":517.5},{"angle":112.5,"type":"mineHold","duration":10,"time":118,"angle2":337.5},{"angle":90,"type":"mineHold","duration":5.5,"time":147.5,"angle2":450},{"angle":270,"type":"mineHold","duration":5.5,"time":147.5,"angle2":630},{"angle":0,"time":182,"type":"block"},{"angle":90,"time":184,"type":"block"},{"angle":180,"time":186,"type":"block"},{"angle":270,"time":188,"type":"block"},{"angle":360,"time":190,"type":"block"},{"angle":90,"time":192,"type":"block"},{"angle":180,"time":194,"type":"block"},{"angle":270,"time":196,"type":"block"},{"angle":0,"time":198,"type":"block"},{"angle":90,"type":"mineHold","duration":8,"time":243.5,"angle2":270},{"angle":270,"type":"mineHold","duration":8,"time":243.5,"angle2":450},{"angle":90,"type":"mineHold","duration":8,"time":251.5,"angle2":-90},{"angle":270,"type":"mineHold","duration":8,"time":251.5,"angle2":90},{"angle":90,"type":"mineHold","duration":8,"time":259.5,"angle2":-90},{"angle":270,"type":"mineHold","duration":8,"time":259.5,"angle2":90},{"speedMult":2,"angle":0,"type":"extraTap","time":323.5},{"angle":0,"time":215,"type":"inverse"},{"angle":360,"time":214,"type":"inverse"},{"angle":0,"time":216,"type":"inverse"},{"angle":180,"time":222,"type":"inverse"},{"angle":180,"time":223,"type":"inverse"},{"angle":270,"time":224,"type":"inverse"},{"angle":270,"time":225,"type":"inverse"},{"angle":90,"time":218,"type":"inverse"},{"angle":180,"time":219,"type":"inverse"},{"angle":270,"type":"mineHold","duration":8.5,"time":155.5,"angle2":90},{"angle":90,"type":"mineHold","duration":8.5,"time":155.5,"angle2":-90},{"angle":90,"type":"mineHold","duration":8.5,"time":171.5,"angle2":-90},{"angle":270,"type":"mineHold","duration":8.5,"time":171.5,"angle2":90},{"angle":360,"time":48,"type":"side"},{"angle":135,"time":327,"type":"block"},{"angle":180,"time":326,"type":"block"},{"angle":157.5,"time":326.5,"type":"block"},{"angle":112.5,"time":327.5,"type":"block"},{"angle":90,"time":328,"type":"block"},{"angle":67.5,"time":328.5,"type":"block"},{"angle":45,"time":329.5,"type":"block"},{"angle":22.5,"time":331,"type":"block"},{"angle":180,"type":"block","time":332,"tap":true},{"angle":180,"type":"block","time":340,"tap":true},{"angle":180,"type":"block","time":348,"tap":true},{"angle":0,"type":"block","time":356,"tap":true},{"angle":0,"type":"block","time":364,"tap":true},{"angle":0,"type":"block","time":372,"tap":true},{"angle":360,"type":"block","time":380,"tap":true},{"angle":90,"time":200,"type":"block"},{"angle":180,"time":202,"type":"block"},{"angle":270,"time":203.5,"type":"block"},{"angle":247.5,"time":336,"type":"block"},{"angle":225,"time":335,"type":"block"},{"angle":270,"time":336.5,"type":"block"},{"angle":292.5,"time":337.5,"type":"block"},{"angle":315,"time":339,"type":"block"},{"angle":0,"type":"hold","duration":5.5,"time":388,"angle2":-360},{"angle":360,"time":395,"type":"block"},{"angle":360,"type":"hold","duration":5,"time":396,"angle2":720},{"angle":0,"time":402,"type":"block"},{"angle":0,"time":403,"type":"block"},{"angle":0,"type":"hold","duration":3,"time":404,"angle2":0},{"angle":0,"time":413,"type":"block"},{"angle":0,"time":414,"type":"block"},{"angle":0,"time":415,"type":"block"},{"angle":0,"time":416,"type":"block"},{"angle":0,"time":417,"type":"block"},{"angle":0,"time":418,"type":"block"},{"angle":360,"type":"block","time":419.5,"tap":true},{"speedMult":2,"angle":180,"type":"extraTap","time":419.5},{"angle":225,"type":"block","time":422,"tap":true},{"angle":135,"type":"block","time":424,"tap":true},{"angle":360,"type":"block","time":426,"tap":true},{"angle":180,"type":"block","time":428,"tap":true},{"angle":360,"type":"block","time":430,"tap":true},{"angle":180,"type":"block","time":432,"tap":true},{"angle":315,"time":435.5,"type":"block"},{"angle":45,"time":434,"type":"block"},{"angle":45,"time":435.5,"type":"mine"},{"angle":135,"time":435.5,"type":"mine"},{"angle":225,"time":435.5,"type":"mine"},{"angle":315,"time":434,"type":"mine"},{"angle":225,"time":434,"type":"mine"},{"angle":135,"time":434,"type":"mine"},{"angle":202.5,"time":333.5,"type":"block"},{"angle":0,"type":"hold","duration":2,"time":407,"angle2":0},{"angle":0,"type":"hold","duration":1,"time":409,"angle2":0},{"angle":0,"type":"hold","duration":0.5,"time":410,"angle2":0},{"angle":0,"type":"hold","duration":0.25,"time":410.5,"angle2":0},{"angle":0,"type":"hold","duration":0.125,"time":410.75,"angle2":0},{"angle":0,"type":"hold","duration":0.125,"time":410.875,"angle2":0},{"angle":360,"type":"hold","duration":6,"time":489,"angle2":360},{"angle":0,"type":"hold","duration":3,"time":495,"angle2":180},{"angle":0,"time":52.5,"type":"mine"},{"angle":337.5,"time":52.5,"type":"mine"},{"angle":292.5,"time":52.5,"type":"mine"},{"angle":270,"time":52.5,"type":"mine"},{"angle":22.5,"time":52.5,"type":"mine"},{"angle":45,"time":52.5,"type":"mine"},{"angle":67.5,"time":52.5,"type":"mine"},{"angle":90,"time":52.5,"type":"mine"},{"angle":315,"time":52.5,"type":"mine"},{"angle":180,"type":"mineHold","duration":0,"time":434.5,"angle2":112.5},{"angle":180,"type":"mineHold","duration":0,"time":434.5,"angle2":247.5},{"angle":180,"time":342,"type":"block"},{"angle":180,"time":343,"type":"block"},{"angle":180,"time":342.5,"type":"block"},{"angle":180,"time":343.5,"type":"block"},{"angle":180,"time":344,"type":"block"},{"angle":180,"time":345.5,"type":"block"},{"angle":180,"time":344.5,"type":"block"},{"angle":180,"time":347,"type":"block"},{"angle":157.5,"time":349.5,"type":"block"},{"angle":202.5,"time":349,"type":"block"},{"angle":360,"type":"block","time":275.5,"tap":true},{"angle":315,"type":"block","time":38,"tap":true},{"angle":45,"type":"block","time":40,"tap":true},{"angle":180,"type":"mineHold","duration":0,"time":355.5,"angle2":270},{"angle":180,"type":"mineHold","duration":0,"time":355.5,"angle2":90},{"angle":90,"type":"block","time":438,"tap":true},{"angle":270,"type":"block","time":440,"tap":true},{"angle":180,"time":445.5,"type":"block"},{"angle":180,"time":446.5,"type":"block"},{"angle":180,"time":447.5,"type":"block"},{"angle":180,"time":448,"type":"block"},{"angle":180,"type":"block","time":451.5,"tap":true},{"angle":180,"time":450,"type":"block"},{"angle":270,"type":"mineHold","duration":6,"time":358,"angle2":-90},{"angle":90,"type":"mineHold","duration":6,"time":358,"angle2":-270},{"angle":270,"type":"mineHold","duration":6,"time":366,"angle2":630},{"angle":90,"type":"mineHold","duration":6,"time":366,"angle2":450},{"angle":270,"type":"mineHold","duration":2,"time":364,"angle2":270},{"angle":90,"type":"mineHold","duration":2,"time":364,"angle2":90},{"angle":90,"type":"mineHold","duration":2,"time":372,"angle2":90},{"angle":270,"type":"mineHold","duration":2,"time":372,"angle2":270},{"angle":360,"time":454,"type":"block"},{"angle":0,"time":454.5,"type":"block"},{"angle":0,"type":"block","time":456,"tap":true},{"angle":90,"type":"block","time":458,"tap":true},{"angle":225,"type":"block","time":460,"tap":true},{"angle":315,"type":"block","time":462,"tap":true},{"angle":157.5,"type":"block","time":464,"tap":true},{"angle":270,"type":"block","time":466,"tap":true},{"angle":90,"type":"mineHold","duration":6,"time":374,"angle2":-270},{"angle":270,"type":"mineHold","duration":6,"time":374,"angle2":-90},{"angle":0,"time":475,"type":"block"},{"angle":0,"time":474.5,"type":"block"},{"angle":0,"time":475.5,"type":"block"},{"angle":0,"time":476,"type":"block"},{"angle":0,"time":476.5,"type":"block"},{"angle":0,"time":477,"type":"block"},{"angle":0,"time":478,"type":"block"},{"angle":360,"time":479,"type":"block"},{"angle":0,"time":480,"type":"block"},{"angle":0,"time":477.5,"type":"block"},{"angle":0,"time":478.5,"type":"block"},{"angle":0,"time":479.5,"type":"block"},{"angle":360,"type":"hold","duration":0.5,"time":480.5,"angle2":337.5},{"angle":0,"type":"hold","duration":0.5,"time":480.5,"angle2":22.5},{"angle":337.5,"type":"hold","duration":0.5,"time":481,"angle2":360},{"angle":22.5,"type":"hold","duration":0.5,"time":481,"angle2":0},{"angle":360,"type":"hold","duration":0.5,"time":481.5,"angle2":382.5},{"angle":360,"type":"hold","duration":0.5,"time":481.5,"angle2":337.5},{"angle":337.5,"type":"hold","duration":0.5,"time":482,"angle2":360},{"angle":22.5,"type":"hold","duration":0.5,"time":482,"angle2":0},{"angle":0,"time":455,"type":"block"},{"angle":0,"type":"hold","duration":0.5,"time":482.5,"angle2":-22.5},{"angle":0,"type":"hold","duration":0.5,"time":482.5,"angle2":22.5},{"angle":22.5,"type":"hold","duration":0.5,"time":483,"angle2":0},{"angle":337.5,"type":"hold","duration":0.5,"time":483,"angle2":360},{"angle":0,"type":"hold","duration":0.5,"time":484.5,"angle2":22.5},{"angle":22.5,"type":"hold","duration":0.5,"time":485,"angle2":-22.5},{"angle":337.5,"type":"hold","duration":0.5,"time":485.5,"angle2":382.5},{"angle":22.5,"type":"hold","duration":0.5,"time":486,"angle2":-22.5},{"angle":337.5,"type":"hold","duration":0.5,"time":486.5,"angle2":382.5},{"angle":22.5,"type":"hold","duration":0.5,"time":487,"angle2":-22.5},{"angle":337.5,"type":"hold","duration":0.5,"time":487.5,"angle2":360},{"angle":360,"type":"mineHold","duration":7,"time":205,"angle2":90},{"angle":180,"type":"mineHold","duration":7,"time":205,"angle2":-90},{"angle":292.5,"type":"mineHold","duration":0,"time":132,"angle2":67.5},{"angle":22.5,"type":"mineHold","duration":0,"time":130.5,"angle2":247.5},{"angle":202.5,"type":"mineHold","duration":0,"time":129,"angle2":-22.5},{"angle":0,"type":"mineHold","duration":0,"time":205,"angle2":180},{"angle":0,"type":"block","time":284,"tap":true},{"angle":0,"type":"block","time":292,"tap":true},{"angle":180,"type":"block","time":470,"tap":true},{"angle":360,"type":"block","time":472,"tap":true},{"angle":0,"time":278.5,"type":"block"},{"angle":90,"time":279.5,"type":"block"},{"angle":270,"time":286.5,"type":"block"},{"angle":360,"time":289,"type":"block"},{"angle":270,"time":290,"type":"block"},{"angle":270,"time":295.5,"type":"block"},{"angle":90,"time":294.5,"type":"block"},{"angle":0,"time":304,"type":"block"},{"angle":0,"time":303,"type":"block"},{"angle":360,"time":303.5,"type":"block"},{"angle":0,"time":304.5,"type":"block"},{"angle":0,"time":305.5,"type":"block"},{"angle":0,"time":306.5,"type":"block"},{"angle":360,"time":307,"type":"block"},{"angle":0,"time":352,"type":"inverse"},{"angle":0,"time":352.5,"type":"inverse"},{"angle":360,"time":353.5,"type":"inverse"},{"angle":0,"time":354.5,"type":"inverse"},{"angle":0,"time":355,"type":"inverse"},{"angle":0,"time":298.5,"type":"block"},{"angle":0,"time":282.5,"type":"block"},{"angle":0,"time":381.5,"type":"block"},{"angle":0,"time":382.5,"type":"block"},{"angle":0,"time":383,"type":"block"},{"angle":0,"time":383.5,"type":"block"},{"angle":0,"time":384,"type":"block"},{"angle":0,"time":384.5,"type":"block"},{"angle":360,"time":385.5,"type":"block"},{"angle":0,"time":386.5,"type":"block"},{"angle":0,"time":387,"type":"block"},{"angle":0,"time":443,"type":"block"},{"angle":0,"time":442.5,"type":"block"},{"angle":360,"time":443.5,"type":"block"},{"angle":112.5,"type":"mineHold","duration":0,"time":445,"angle2":-112.5},{"angle":292.5,"type":"mineHold","duration":0,"time":473,"angle2":67.5},{"angle":360,"time":300,"type":"block"},{"angle":0,"time":301.5,"type":"block"},{"angle":90,"type":"mineHold","duration":8.5,"time":67.5,"angle2":450},{"angle":270,"type":"mineHold","duration":8.5,"time":67.5,"angle2":630},{"angle":270,"time":189,"type":"block"},{"angle":180,"time":187,"type":"block"},{"angle":90,"time":185,"type":"block"},{"angle":0,"time":183,"type":"block"},{"angle":0,"time":191,"type":"block"},{"angle":90,"time":193,"type":"block"},{"angle":180,"time":195,"type":"block"},{"angle":270,"time":197,"type":"block"},{"angle":0,"time":199,"type":"block"},{"angle":90,"time":201,"type":"block"},{"angle":270,"type":"mineHold","duration":0,"time":67.5,"angle2":450},{"angle":225,"time":270,"type":"block"},{"angle":270,"time":272,"type":"block"},{"angle":315,"time":274,"type":"block"},{"angle":0,"time":134,"type":"block"},{"angle":0,"time":136,"type":"block"},{"angle":0,"time":137,"type":"block"},{"angle":0,"time":138,"type":"block"},{"angle":0,"time":139,"type":"block"},{"angle":270,"type":"mineHold","duration":5,"time":40,"angle2":720},{"angle":90,"type":"mineHold","duration":5,"time":40,"angle2":540}]