[{"time":9.5,"type":"extraTap","angle":67.5},{"time":11.5,"type":"extraTap","angle":45},{"holdEase":"outQuart","angle2":-135,"duration":0.5,"angle":67.5,"type":"hold","time":10},{"holdEase":"inCirc","angle2":450,"duration":0.5,"angle":270,"type":"hold","time":12},{"time":14,"type":"block","angle":90},{"time":14,"type":"block","angle":112.5},{"time":14.5,"type":"block","angle":135},{"time":14.5,"type":"block","angle":112.5},{"time":15,"type":"block","angle":180},{"time":15,"type":"block","angle":157.5},{"time":14,"angle2":405,"duration":0,"angle":157.5,"type":"mineHold"},{"time":14.5,"angle2":427.5,"duration":0,"angle":180,"type":"mineHold"},{"time":15,"angle2":450,"duration":0,"angle":225,"type":"mineHold"},{"time":14,"type":"extraTap","angle":135},{"time":14.5,"type":"extraTap","angle":157.5},{"time":15,"type":"extraTap","angle":135},{"time":15.5,"type":"block","angle":180},{"time":15.5,"type":"block","angle":202.5},{"time":15.5,"angle2":495,"duration":0,"angle":247.5,"type":"mineHold"},{"time":15.5,"type":"extraTap","angle":157.5},{"time":13.5,"angle":45,"type":"side","speedMult":0.80000001192093},{"time":11,"angle":0,"type":"side","speedMult":0.69999998807907},{"holdEase":"inBack","angle2":292.5,"duration":1,"angle":180,"type":"hold","time":16},{"time":17.5,"type":"side","angle":67.5},{"time":17.5,"type":"side","angle":90},{"time":17.5,"type":"side","angle":112.5},{"time":17.5,"angle":135,"type":"extraTap","speedMult":1.5},{"holdEase":"inQuint","angle2":427.5,"duration":1,"angle":180,"type":"hold","time":18},{"time":19.5,"type":"side","angle":292.5},{"time":19.5,"type":"side","angle":270},{"time":19.5,"type":"side","angle":270},{"time":19.5,"type":"side","angle":247.5},{"time":19.5,"type":"extraTap","angle":315},{"time":20,"angle2":-22.5,"duration":0.5,"angle":90,"type":"hold"},{"time":22,"type":"block","angle":-270},{"time":22,"type":"block","angle":-292.5},{"time":22.5,"type":"block","angle":-315},{"time":22.5,"type":"block","angle":-292.5},{"time":23,"type":"block","angle":-360},{"time":23,"type":"block","angle":-337.5},{"time":22,"angle2":-585,"duration":0,"angle":-337.5,"type":"mineHold"},{"time":22.5,"angle2":-607.5,"duration":0,"angle":-360,"type":"mineHold"},{"time":23,"angle2":-630,"duration":0,"angle":-405,"type":"mineHold"},{"time":22,"type":"extraTap","angle":-315},{"time":22.5,"type":"extraTap","angle":-337.5},{"time":23,"type":"extraTap","angle":-315},{"time":23.5,"type":"block","angle":-360},{"time":23.5,"type":"block","angle":-382.5},{"time":23.5,"angle2":-675,"duration":0,"angle":-427.5,"type":"mineHold"},{"time":23.5,"type":"extraTap","angle":-337.5},{"time":21,"type":"block","angle":247.5},{"time":21.25,"type":"block","angle":180},{"time":21.5,"type":"block","angle":112.5},{"time":21,"type":"block","angle":270},{"time":21.25,"type":"block","angle":202.5},{"time":21.5,"type":"block","angle":135},{"holdEase":"inQuad","angle2":135,"duration":0.75,"angle":45,"type":"hold","time":25},{"holdEase":"inQuad","angle2":45,"duration":1.25,"angle":135,"type":"hold","time":25.75},{"holdEase":"inQuad","angle2":90,"duration":1,"angle":45,"type":"hold","time":27},{"time":29,"angle2":427.5,"duration":1,"angle":45,"type":"hold"},{"time":30,"angle2":0,"duration":1,"angle":67.5,"type":"hold"},{"time":31,"angle2":90,"duration":1,"angle":0,"type":"hold"},{"holdEase":"outQuad","angle2":157.5,"duration":1,"angle":67.5,"type":"hold","time":33},{"holdEase":"inQuad","angle2":315,"duration":1,"angle":157.5,"type":"hold","time":34},{"holdEase":"outQuint","angle2":360,"duration":1,"angle":315,"type":"hold","time":35},{"holdEase":"inSine","angle2":45,"duration":1,"angle":360,"type":"hold","time":36},{"time":37,"angle2":180,"duration":1,"angle":45,"type":"hold"},{"holdEase":"outCirc","angle2":90,"duration":1,"angle":180,"type":"hold","time":38},{"time":13,"type":"block","angle":225},{"time":11.5,"tap":true,"type":"block","angle":180},{"time":19.5,"angle":90,"type":"extraTap","speedMult":1.5},{"time":40,"tap":true,"type":"block","angle":67.5},{"time":40,"tap":true,"type":"block","angle":90},{"time":40.5,"type":"block","angle":135},{"time":40.5,"type":"block","angle":112.5},{"time":41.5,"type":"block","angle":22.5},{"time":41.5,"type":"block","angle":0},{"time":41,"type":"block","angle":22.5},{"time":41,"type":"block","angle":22.5},{"time":41,"type":"block","angle":0},{"time":40.75,"type":"block","angle":22.5},{"time":40.75,"type":"block","angle":45},{"time":41.25,"type":"block","angle":45},{"time":41.25,"type":"block","angle":22.5},{"time":41.5,"type":"extraTap","angle":67.5},{"time":42,"tap":true,"type":"block","angle":247.5},{"time":42,"tap":true,"type":"block","angle":270},{"time":42.5,"type":"block","angle":315},{"time":42.5,"type":"block","angle":292.5},{"time":43.5,"type":"block","angle":202.5},{"time":43.5,"type":"block","angle":180},{"time":43,"type":"block","angle":202.5},{"time":43,"type":"block","angle":202.5},{"time":43,"type":"block","angle":180},{"time":42.75,"type":"block","angle":202.5},{"time":42.75,"type":"block","angle":225},{"time":43.25,"type":"block","angle":225},{"time":43.25,"type":"block","angle":202.5},{"time":43.5,"type":"extraTap","angle":247.5},{"time":44,"tap":true,"type":"block","angle":67.5},{"time":44,"tap":true,"type":"block","angle":90},{"time":44.5,"type":"block","angle":135},{"time":44.5,"type":"block","angle":112.5},{"time":45.5,"type":"block","angle":-45},{"time":45.5,"type":"block","angle":-67.5},{"time":45,"type":"block","angle":45},{"time":45,"type":"block","angle":22.5},{"time":44.75,"type":"block","angle":67.5},{"time":44.75,"type":"block","angle":90},{"time":45.25,"type":"block","angle":-22.5},{"time":45.25,"type":"block","angle":0},{"time":45.5,"type":"extraTap","angle":67.5},{"time":46.5,"angle2":450,"duration":0,"angle":202.5,"type":"mineHold"},{"time":47,"angle2":450,"duration":0,"angle":180,"type":"mineHold"},{"time":46,"angle2":225,"duration":0,"angle":472.5,"type":"mineHold"},{"time":46,"type":"block","angle":202.5},{"time":46.5,"type":"block","angle":180},{"time":46.5,"type":"block","angle":135},{"time":46.5,"type":"block","angle":157.5},{"time":47,"type":"block","angle":157.5},{"time":47,"type":"block","angle":135},{"time":47,"type":"block","angle":112.5},{"time":46,"type":"block","angle":180},{"time":46,"type":"block","angle":157.5},{"holdEase":"outQuad","angle2":67.5,"duration":0.25,"angle":180,"type":"hold","time":48},{"time":49.5,"type":"side","angle":0},{"time":49.5,"type":"side","angle":337.5},{"time":49.5,"type":"extraTap","angle":315},{"time":49.5,"type":"side","angle":22.5},{"time":48.25,"angle2":225,"duration":0.5,"angle":67.5,"type":"hold"},{"holdEase":"outQuad","angle2":135,"duration":0.25,"angle":22.5,"type":"hold","time":50},{"time":51.5,"type":"side","angle":180},{"time":51.5,"type":"side","angle":517.5},{"time":51.5,"type":"extraTap","angle":495},{"time":51.5,"type":"side","angle":202.5},{"time":50.25,"angle2":-45,"duration":0.5,"angle":135,"type":"hold"},{"holdEase":"outQuad","angle2":292.5,"duration":0.25,"angle":180,"type":"hold","time":52},{"time":52.25,"angle2":-22.5,"duration":1.25,"angle":292.5,"type":"hold"},{"time":54.5,"type":"block","angle":225},{"time":54,"type":"block","angle":292.5},{"time":55,"angle2":0,"duration":0.5,"angle":180,"type":"hold"},{"time":56,"angle2":270,"duration":2,"angle":292.5,"type":"hold"},{"time":58,"angle2":337.5,"duration":2,"angle":270,"type":"hold"},{"time":60,"angle2":90,"duration":2,"angle":337.5,"type":"hold"},{"time":62,"angle2":112.5,"duration":1.5,"angle":90,"type":"hold"},{"time":56,"type":"block","angle":112.5},{"time":56.5,"type":"block","angle":100.5},{"time":56.25,"type":"block","angle":112.5},{"time":56.75,"type":"block","angle":90},{"time":57,"type":"block","angle":90},{"time":57,"type":"block","angle":90},{"time":57.5,"type":"block","angle":90},{"time":57.25,"type":"block","angle":90},{"time":57.75,"type":"block","angle":90},{"time":58,"type":"block","angle":87},{"time":58.5,"type":"block","angle":112.5},{"time":58.25,"type":"block","angle":93.5},{"time":58.75,"type":"block","angle":116},{"time":59,"type":"block","angle":118.5},{"time":59.5,"type":"block","angle":125.5},{"time":59.25,"type":"block","angle":118.5},{"time":59.75,"type":"block","angle":135},{"time":60,"type":"block","angle":135},{"time":64,"angle2":157.5,"duration":0.25,"angle":112.5,"type":"hold"},{"time":64.25,"angle2":90,"duration":0.25,"angle":157.5,"type":"hold"},{"time":64.5,"angle2":180,"duration":0.25,"angle":90,"type":"hold"},{"time":64.75,"angle2":112.5,"duration":0.25,"angle":180,"type":"hold"},{"time":65,"angle2":202.5,"duration":0.25,"angle":112.5,"type":"hold"},{"time":65.25,"angle2":135,"duration":0.25,"angle":202.5,"type":"hold"},{"time":65.5,"angle2":67.5,"duration":0.25,"angle":135,"type":"hold"},{"time":65.75,"angle2":112.5,"duration":0.5,"angle":67.5,"type":"hold"},{"time":66.25,"angle2":67.5,"duration":0.25,"angle":112.5,"type":"hold"},{"time":66.75,"angle2":112.5,"duration":0.25,"angle":45,"type":"hold"},{"time":67,"angle2":22.5,"duration":0.75,"angle":135,"type":"hold"},{"time":68,"angle2":157.5,"duration":0.5,"angle":0,"type":"hold"},{"time":68.5,"angle2":67.5,"duration":0.5,"angle":157.5,"type":"hold"},{"time":69,"angle2":22.5,"duration":0.25,"angle":67.5,"type":"hold"},{"time":69.25,"angle2":90,"duration":0.25,"angle":22.5,"type":"hold"},{"time":69.5,"angle2":495,"duration":1.5,"angle":90,"type":"hold"},{"holdEase":"outElastic","angle2":90,"duration":1,"angle":135,"type":"hold","time":71},{"time":60.5,"type":"block","angle":94},{"time":60.25,"type":"block","angle":118.5},{"time":60.75,"type":"block","angle":64.5},{"time":61,"type":"block","angle":22.5},{"time":61.5,"type":"block","angle":337.5},{"time":61.25,"type":"block","angle":0},{"time":61.75,"type":"block","angle":-34.5},{"time":62,"type":"block","angle":-67.5},{"holdEase":"outSine","angle2":-22.5,"duration":0.25,"angle":67.5,"type":"hold","time":72},{"time":73.5,"type":"side","angle":67.5},{"time":73.5,"type":"side","angle":90},{"time":73.5,"type":"side","angle":45},{"time":73.5,"type":"extraTap","angle":22.5},{"holdEase":"inQuad","angle2":202.5,"duration":0.75,"angle":337.5,"type":"hold","time":72.25},{"time":74,"angle2":-22.5,"duration":0.25,"angle":90,"type":"hold","holdEase":"outSine"},{"time":74.25,"angle2":202.5,"duration":0.75,"angle":337.5,"type":"hold"},{"time":75.5,"type":"side","angle":45},{"time":75.5,"type":"side","angle":22.5},{"time":75.5,"type":"side","angle":67.5},{"time":75.5,"type":"extraTap","angle":360},{"time":72.5,"angle2":135,"duration":3.5,"angle":135,"type":"mineHold"},{"time":72.5,"angle2":122.5,"duration":3.5,"angle":145.5,"type":"mineHold","holdEase":"inOutQuad"},{"time":72.5,"angle2":147.5,"duration":3.5,"angle":125.5,"type":"mineHold","holdEase":"inOutCubic"},{"time":76,"angle2":-22.5,"duration":0.25,"angle":45,"type":"hold"},{"time":76.25,"angle2":607.5,"duration":1,"angle":337.5,"type":"hold"},{"time":78,"type":"extraTap","angle":270},{"time":78.5,"type":"extraTap","angle":337.5},{"time":79,"type":"extraTap","angle":315},{"time":79,"type":"extraTap","angle":315},{"time":78,"type":"side","angle":67.5},{"time":78,"type":"side","angle":90},{"time":78,"type":"side","angle":112.5},{"time":78.5,"type":"side","angle":292.5},{"time":78.5,"type":"side","angle":270},{"time":78.5,"type":"side","angle":247.5},{"time":79,"type":"side","angle":67.5},{"time":79,"type":"side","angle":90},{"time":79,"type":"side","angle":112.5},{"time":80,"angle2":135,"duration":0.25,"angle":225,"type":"hold","holdEase":"outSine"},{"time":81.5,"type":"side","angle":225},{"time":81.5,"type":"side","angle":247.5},{"time":81.5,"type":"side","angle":202.5},{"time":81.5,"type":"extraTap","angle":180},{"time":80.25,"angle2":360,"duration":0.75,"angle":495,"type":"hold","holdEase":"inQuad"},{"holdEase":"outSine","angle2":22.5,"duration":0.25,"angle":135,"type":"hold","time":82},{"time":82.25,"angle2":247.5,"duration":0.75,"angle":382.5,"type":"hold"},{"time":83.5,"type":"side","angle":180},{"time":83.5,"type":"side","angle":157.5},{"time":83.5,"type":"side","angle":202.5},{"time":83.5,"type":"extraTap","angle":495},{"time":84,"angle2":360,"duration":1,"angle":112.5,"type":"hold","holdEase":"outSine"},{"time":85.5,"type":"extraTap","angle":22.5},{"time":86,"angle2":247.5,"duration":2,"angle":315,"type":"hold","holdEase":"outElastic"}]