{"properties":{"loadBeat":1,"offset":3,"startBeat":2,"speed":70,"formatversion":12},"metadata":{"difficulty":5,"description":"WE ARE S3X BOB-OMB!!!!\n1!  2!  3!  4! \n\n\n\n\n\n\n\n\nFrom the series: Scott pilgrim takes off (go watch it)\n\n\n\n\n","artistLink":"","songName":"I Feel Fine, Pt. 1","bgData":{"redChannel":{"r":9,"g":13,"b":74},"blueChannel":{"r":197,"g":96,"b":95},"image":"title.png"},"charter":"Cytruss","bg":true,"artist":"Sex Bob-Omb"},"events":[{"time":1.7999999523163,"bpm":95,"angle":315,"volume":1,"file":"Scott.ogg","type":"play"},{"r":255,"g":255,"b":255,"angle":337.5,"type":"setColor","color":0,"time":0},{"r":255,"g":255,"b":255,"angle":22.5,"type":"setColor","color":0,"time":0},{"r":255,"g":255,"b":255,"angle":292.5,"type":"setColor","color":2,"time":0},{"time":0,"enable":false,"angle":67.5,"type":"outline","color":3},{"ease":"linear","enabled":false,"duration":0,"angle":247.5,"type":"paddles","time":0,"paddle":1},{"time":0,"angle":202.5,"type":"forcePlayerSprite","spriteName":"idle"},{"time":0,"angle":135,"var":"vfx.canvPos.sx","type":"ease","value":1.2000000476837},{"time":0,"angle":157.5,"var":"vfx.canvPos.sy","type":"ease","value":1.2000000476837},{"sy":2.2000000476837,"angle":292.5,"sx":2.2000000476837,"r":-15,"time":2,"x":100,"y":50,"type":"deco","sprite":"we.png","id":"we"},{"sy":2.2000000476837,"angle":315,"sx":2.2000000476837,"r":15,"time":2.5,"x":300,"y":20,"type":"deco","sprite":"are.png","id":"are"},{"sy":0.85000002384186,"angle":315,"sx":0.85000002384186,"r":-12,"time":3,"x":15,"y":190,"type":"deco","sprite":"sex.png","id":"sex"},{"sy":0.85000002384186,"angle":315,"y":144,"time":3.5,"r":2,"id":"bob","x":211,"sprite":"bob.png","type":"deco","drawLayer":"bg","sx":0.85000002384186},{"sy":1,"angle":315,"sx":1,"r":-20,"time":3.75,"x":300,"y":235,"type":"deco","sprite":"omb.png","id":"omb"},{"sy":0.15000000596046,"angle":292.5,"y":97,"time":3.5,"r":0,"id":"logo","x":244,"sprite":"logo.png","type":"deco","drawLayer":"bg","sx":0.15000000596046},{"ease":"linear","duration":1,"angle":337.5,"r":0,"g":0,"b":0,"type":"setColor","color":0,"time":4},{"sy":0.69999998807907,"angle":360,"sprite":"frame1.png","time":4.5,"r":0,"id":"frame1","x":120,"y":250,"type":"deco","order":0,"sx":0.69999998807907},{"time":5,"order":0,"angle":315,"type":"deco","hide":true,"id":"we"},{"time":5,"angle":292.5,"type":"deco","hide":true,"id":"are"},{"time":5,"angle":270,"type":"deco","hide":true,"id":"sex"},{"time":5,"angle":247.5,"type":"deco","hide":true,"id":"bob"},{"time":5,"angle":225,"type":"deco","hide":true,"id":"omb"},{"time":5,"angle":202.5,"type":"deco","hide":true,"id":"logo"},{"r":255,"g":255,"b":255,"angle":337.5,"type":"setColor","color":0,"time":5.5},{"r":163,"g":174,"b":169,"angle":45,"type":"setColor","color":2,"time":4.5},{"r":39,"g":157,"b":149,"angle":67.5,"type":"setColor","color":3,"time":4.5},{"ease":"linear","duration":1,"angle":22.5,"time":4.5,"order":1,"y":50,"type":"deco","id":"frame1"},{"time":5,"angle":360,"type":"setBgColor","color":1},{"time":6,"angle":67.5,"type":"deco","hide":true,"id":"frame1"},{"sy":0.69999998807907,"angle":67.5,"sx":0.69999998807907,"r":0,"time":6,"x":120,"y":50,"type":"deco","sprite":"frame2.png","id":"frame2"},{"time":6.25,"angle":67.5,"type":"deco","hide":true,"id":"frame2"},{"time":6.25,"angle":90,"type":"deco","hide":false,"id":"frame1"},{"time":6.5,"angle":90,"type":"deco","hide":true,"id":"frame1"},{"time":6.5,"angle":67.5,"type":"deco","hide":false,"id":"frame2"},{"time":6.75,"angle":112.5,"type":"deco","hide":true,"id":"frame2"},{"time":6.75,"angle":135,"type":"deco","hide":false,"id":"frame1"},{"time":7,"angle":67.5,"type":"deco","hide":true,"id":"frame1"},{"time":7,"angle":90,"type":"deco","hide":false,"id":"frame2"},{"time":7.25,"angle":112.5,"type":"deco","hide":true,"id":"frame2"},{"time":7.25,"angle":135,"type":"deco","hide":false,"id":"frame1"},{"time":7.5,"angle":67.5,"type":"deco","hide":true,"id":"frame1"},{"time":7.5,"angle":90,"type":"deco","hide":false,"id":"frame2"},{"time":7.75,"angle":45,"type":"deco","hide":false,"id":"frame1"},{"time":7.75,"angle":67.5,"type":"deco","hide":true,"id":"frame2"},{"time":5.5,"angle":112.5,"var":"p.y","type":"ease","value":200},{"sy":0.40000000596046,"angle":337.5,"sx":0.40000000596046,"r":-20,"time":6,"x":20,"y":100,"type":"deco","sprite":"one.png","id":"one"},{"sy":0.40000000596046,"angle":337.5,"sx":0.40000000596046,"r":30,"time":6.5,"x":400,"y":30,"type":"deco","sprite":"two.png","id":"two"},{"sy":0.40000000596046,"angle":337.5,"sx":0.40000000596046,"r":-10,"time":7,"x":10,"y":200,"type":"deco","sprite":"three.png","id":"three"},{"sy":0.40000000596046,"angle":337.5,"sx":0.40000000596046,"r":25,"time":7.5,"x":300,"y":90,"type":"deco","sprite":"four.png","id":"four"},{"time":8,"angle":292.5,"type":"deco","hide":true,"id":"one"},{"time":8,"angle":270,"type":"deco","hide":true,"id":"two"},{"time":8,"angle":247.5,"type":"deco","hide":true,"id":"three"},{"time":8,"angle":225,"type":"deco","hide":true,"id":"four"},{"time":8,"angle":22.5,"type":"deco","hide":true,"id":"frame1"},{"ease":"linear","time":8,"duration":0.5,"angle":157.5,"var":"p.y","type":"ease","value":180},{"ease":"linear","enabled":true,"duration":0,"angle":180,"type":"paddles","time":8,"paddle":1},{"duration":0.20000000298023,"angle":112.5,"time":8,"r":184,"g":0,"order":1,"type":"setColor","color":0,"b":0},{"time":8,"angle":315,"type":"deco","hide":true,"id":"we"},{"ease":"linear","duration":0.80000001192093,"angle":67.5,"var":"vfx.canvPos.sx","start":2.5,"type":"ease","time":8,"value":1},{"ease":"linear","duration":0.80000001192093,"angle":45,"var":"vfx.canvPos.sy","start":2.5,"type":"ease","time":8,"value":1},{"time":6,"angle":247.5,"var":"scrollSpeed","type":"ease","value":8},{"ease":"linear","time":8,"duration":0.20000000298023,"angle":202.5,"var":"scrollSpeed","type":"ease","value":3},{"time":8.5,"angle":180,"type":"noise","chance":0.5,"color":0},{"time":8,"order":2,"angle":135,"type":"setBgColor","color":0},{"time":8,"enable":true,"angle":90,"type":"hom","order":0},{"r":255,"g":255,"b":214,"angle":360,"type":"setColor","color":1,"time":8},{"time":8.5,"angleOffset":false,"angle":0,"type":"tag","tag":"Lightning"},{"r":255,"g":255,"b":161,"angle":337.5,"type":"setColor","color":3,"time":8.5},{"time":11.5,"angleOffset":false,"angle":22.5,"type":"tag","tag":"Lightning"},{"time":15,"angleOffset":false,"angle":202.5,"type":"tag","tag":"Lightning"},{"time":18.5,"angleOffset":false,"angle":135,"type":"tag","tag":"Lightning"},{"time":23,"angleOffset":false,"angle":-382.5,"type":"tag","tag":"Lightning"},{"ease":"linear","time":24,"duration":0.5,"angle":270,"var":"vfx.canvPos.ox","type":"ease","value":330},{"ease":"linear","time":24,"paddle":1,"angle":337.5,"type":"paddles","duration":1,"newWidth":45},{"time":26,"angleOffset":false,"angle":360,"type":"tag","tag":"Lightning"},{"time":30,"angleOffset":false,"angle":360,"type":"tag","tag":"Lightning"},{"time":34.5,"angleOffset":false,"angle":22.5,"type":"tag","tag":"Lightning"},{"time":39,"angleOffset":false,"angle":45,"type":"tag","tag":"Lightning"},{"ease":"linear","time":39,"duration":1,"angle":67.5,"var":"vfx.canvPos.ox","type":"ease","value":300},{"ease":"linear","time":16.5,"duration":1,"angle":135,"var":"vfx.canvPos.sx","type":"ease","value":1.1000000238419},{"ease":"linear","time":16.5,"duration":1,"angle":112.5,"var":"vfx.canvPos.sy","type":"ease","value":1.1000000238419},{"start":1.2000000476837,"time":17.25,"duration":0,"angle":225,"var":"vfx.canvPos.sx","type":"ease","value":1},{"ease":"linear","time":17.25,"duration":0.5,"angle":202.5,"var":"vfx.canvPos.sy","type":"ease","value":1},{"ease":"linear","time":18.5,"duration":1,"angle":90,"var":"vfx.canvPos.sx","type":"ease","value":1.1000000238419},{"ease":"linear","time":18.5,"duration":1,"angle":67.5,"var":"vfx.canvPos.sy","type":"ease","value":1.1000000238419},{"start":1.2000000476837,"time":19.25,"duration":0,"angle":180,"var":"vfx.canvPos.sx","type":"ease","value":1},{"ease":"linear","time":19.25,"duration":0.5,"angle":157.5,"var":"vfx.canvPos.sy","type":"ease","value":1},{"ease":"linear","time":39,"paddle":1,"angle":22.5,"type":"paddles","duration":1,"newWidth":70},{"time":9.5,"angleOffset":false,"angle":90,"type":"tag","tag":"HEY"},{"r":255,"g":255,"b":161,"angle":315,"type":"setColor","color":2,"time":8.5},{"time":11.5,"angleOffset":false,"angle":90,"type":"tag","tag":"HEY2"},{"time":17.5,"angleOffset":false,"angle":45,"type":"tag","tag":"HEY"},{"time":19.5,"angleOffset":false,"angle":225,"type":"tag","tag":"HEY2"},{"time":49.5,"angleOffset":false,"angle":90,"type":"tag","tag":"HEY"},{"time":51.5,"angleOffset":false,"angle":270,"type":"tag","tag":"HEY2"},{"time":43,"angleOffset":false,"angle":292.5,"type":"tag","tag":"Lightning"},{"ease":"linear","enabled":true,"duration":0.5,"angle":292.5,"time":55.5,"newWidth":50,"newAngle":180,"paddle":2,"type":"paddles"},{"ease":"linear","time":55.5,"paddle":1,"angle":315,"type":"paddles","duration":0,"newWidth":50},{"ease":"linear","time":55.5,"duration":0.5,"angle":337.5,"var":"scrollSpeed","type":"ease","value":3.5},{"time":55.5,"angle":270,"type":"noise","chance":0.10000000149012,"color":0},{"ease":"linear","duration":1,"angle":202.5,"sprite":"star.png","sx":0.85000002384186,"sy":0.85000002384186,"r":0,"time":55.5,"order":1,"x":245,"y":120,"type":"deco","drawLayer":"bg","id":"star"},{"r":255,"g":255,"b":255,"angle":247.5,"type":"setColor","color":1,"time":55.5},{"time":56,"angleOffset":false,"angle":0,"type":"tag","tag":"Star"},{"time":59,"angleOffset":false,"angle":270,"type":"tag","tag":"Star"},{"time":62,"angleOffset":false,"angle":270,"type":"tag","tag":"Star"},{"time":65,"angleOffset":false,"angle":292.5,"type":"tag","tag":"Star"},{"sy":0.20000000298023,"order":0,"angle":180,"time":55.5,"id":"star","r":0,"y":150,"x":280,"sprite":"star.png","type":"deco","drawLayer":"bg","sx":0.20000000298023},{"ease":"linear","time":63.5,"paddle":1,"angle":90,"type":"paddles","duration":0.5,"newWidth":70},{"time":60,"angleOffset":false,"angle":270,"type":"tag","tag":"Star"},{"time":61,"angleOffset":false,"angle":270,"type":"tag","tag":"Star"},{"ease":"linear","time":62,"paddle":2,"angle":67.5,"type":"paddles","duration":1.5,"newWidth":0},{"ease":"linear","enabled":false,"paddle":2,"angle":135,"type":"paddles","time":63.5,"duration":0},{"time":69,"angleOffset":false,"angle":270,"type":"tag","tag":"Star"},{"time":71.5,"angleOffset":false,"angle":270,"type":"tag","tag":"Lightning"},{"time":72.5,"angleOffset":false,"angle":292.5,"type":"tag","tag":"Star"},{"time":75,"angleOffset":false,"angle":270,"type":"tag","tag":"Lightning"},{"time":76,"angleOffset":false,"angle":292.5,"type":"tag","tag":"Star"},{"time":78.5,"angleOffset":false,"angle":360,"type":"tag","tag":"Lightning"},{"time":79.5,"angleOffset":false,"angle":292.5,"type":"tag","tag":"Star"},{"time":90,"type":"showResults","angle":292.5},{"time":83,"angleOffset":false,"angle":450,"type":"tag","tag":"Star"},{"time":85,"angleOffset":false,"angle":270,"type":"tag","tag":"Lightning"},{"time":86,"angleOffset":false,"angle":292.5,"type":"tag","tag":"Star"},{"time":73.5,"angleOffset":false,"angle":337.5,"type":"tag","tag":"HEY"},{"time":75.5,"angleOffset":false,"angle":337.5,"type":"tag","tag":"HEY2"},{"time":71,"angle":45,"var":"scrollSpeed","type":"ease","value":3},{"time":83,"angleOffset":false,"angle":427.5,"type":"tag","tag":"Lightning"},{"time":81.5,"angleOffset":false,"angle":495,"type":"tag","tag":"HEY"},{"time":83.5,"angleOffset":false,"angle":472.5,"type":"tag","tag":"HEY2"},{"ease":"outSine","time":87.5,"duration":2,"angle":270,"var":"vfx.canvPos.kx","type":"ease","value":1},{"ease":"inSine","time":87,"duration":6,"angle":292.5,"var":"vfx.canvPos.ky","type":"ease","value":2},{"ease":"inSine","time":87,"duration":6,"angle":315,"var":"vfx.canvPos.kx","type":"ease","value":2},{"time":88,"angle":292.5,"type":"noise","chance":0.20000000298023,"color":0}]}