[{"angle":360,"type":"block","time":4},{"angle":360,"type":"block","time":5},{"angle2":202.5,"duration":2,"type":"mineHold","time":0,"angle":270,"holdEase":"inExpo"},{"angle2":157.5,"duration":2,"type":"mineHold","time":-0,"angle":90,"holdEase":"inExpo"},{"angle2":348.75,"duration":1.5,"type":"hold","angle":360,"time":-0},{"angle2":-22.5,"duration":0.25,"type":"hold","angle":0,"time":1.5},{"angle2":0,"duration":0.25,"type":"hold","angle":-22.5,"time":1.75},{"angle2":371.25,"duration":2,"type":"hold","angle":360,"time":2},{"angle2":135,"duration":2,"type":"mineHold","time":2,"angle":202.5,"holdEase":"inExpo"},{"angle2":225,"duration":2,"type":"mineHold","time":2,"angle":157.5,"holdEase":"inExpo"},{"angle":348.75,"type":"block","time":-0},{"angle":11.25,"type":"block","time":-0},{"angle":22.5,"type":"block","time":4},{"angle":348.75,"type":"block","time":2},{"angle":11.25,"type":"block","time":2},{"angle":11.25,"type":"block","time":5},{"angle":348.75,"type":"block","time":5},{"angle":180,"type":"block","time":6},{"angle":168.75,"type":"block","time":6},{"angle2":281.25,"duration":1,"type":"mineHold","angle":258.75,"time":4},{"angle2":78.75,"duration":1,"type":"mineHold","angle":101.25,"time":4},{"angle":191.25,"type":"block","time":7},{"angle":180,"type":"block","time":7},{"angle":157.5,"type":"block","time":6},{"angle":202.5,"type":"block","time":7},{"angle":303.75,"type":"mine","time":7},{"angle":56.25,"type":"mine","time":7},{"angle":326.25,"type":"mine","time":8},{"angle":303.75,"type":"mine","time":8},{"angle":33.75,"type":"mine","time":8},{"angle":56.25,"type":"mine","time":8},{"angle2":146.25,"duration":2,"type":"hold","angle":180,"time":8},{"angle":90,"type":"block","time":11},{"angle2":22.5,"duration":2,"type":"mineHold","angle":45,"time":8},{"angle2":337.5,"duration":2,"type":"mineHold","angle":315,"time":8},{"angle":247.5,"type":"mine","time":0},{"angle":225,"type":"mine","time":-0},{"angle":202.5,"type":"mine","time":-0},{"angle":157.5,"type":"mine","time":0},{"angle":135,"type":"mine","time":0},{"angle":112.5,"type":"mine","time":-0},{"angle":202.5,"type":"mine","time":4},{"angle":157.5,"type":"mine","time":4},{"angle":247.5,"type":"mine","time":5},{"angle":112.5,"type":"mine","time":5},{"angle":315,"type":"mine","time":7},{"angle":45,"type":"mine","time":7},{"angle":326.25,"type":"mine","time":7},{"angle":33.75,"type":"mine","time":7},{"angle":348.75,"type":"mine","time":6},{"angle":11.25,"type":"mine","time":6},{"angle2":315,"duration":1,"type":"mineHold","angle":337.5,"time":10},{"angle2":45,"duration":1,"type":"mineHold","angle":22.5,"time":10},{"angle":123.75,"type":"block","time":11.5},{"angle2":146.25,"duration":1,"type":"hold","angle":135,"startTap":true,"time":12},{"angle2":135,"duration":1,"type":"hold","angle":146.25,"startTap":true,"time":12},{"angle":146.25,"type":"block","time":13},{"angle":180,"type":"block","time":13.5},{"angle2":225,"duration":1,"type":"hold","angle":213.75,"startTap":true,"time":14},{"angle2":213.75,"duration":1,"type":"hold","angle":225,"startTap":true,"time":14},{"angle":213.75,"type":"block","time":15},{"angle2":303.75,"duration":1,"type":"mineHold","angle":281.25,"time":12},{"angle2":56.25,"duration":1,"type":"mineHold","angle":78.75,"time":12},{"angle2":326.25,"duration":1,"type":"mineHold","angle":303.75,"time":12},{"angle2":33.75,"duration":1,"type":"mineHold","angle":56.25,"time":12},{"angle2":360,"duration":1,"type":"mineHold","angle":326.25,"time":12},{"angle2":0,"duration":1,"type":"mineHold","angle":33.75,"time":12},{"angle2":326.25,"duration":1,"type":"mineHold","angle":360,"time":14},{"angle2":33.75,"duration":1,"type":"mineHold","angle":0,"time":14},{"angle2":303.75,"duration":1,"type":"mineHold","angle":326.25,"time":14},{"angle2":56.25,"duration":1,"type":"mineHold","angle":33.75,"time":14},{"angle2":292.5,"duration":1,"type":"mineHold","angle":303.75,"time":14},{"angle2":67.5,"duration":1,"type":"mineHold","angle":56.25,"time":14},{"angle":348.75,"type":"mine","time":15},{"angle":0,"type":"mine","time":15},{"angle":11.25,"type":"mine","time":15},{"angle2":360,"duration":16,"type":"mineHold","angle":292.5,"time":16},{"angle2":360,"duration":16,"type":"mineHold","angle":303.75,"time":16},{"angle2":360,"duration":16,"type":"mineHold","angle":315,"time":16},{"angle2":360,"duration":16,"type":"mineHold","angle":326.25,"time":16},{"angle2":360,"duration":16,"type":"mineHold","angle":337.5,"time":16},{"angle2":360,"duration":16,"type":"mineHold","angle":348.75,"time":16},{"angle2":360,"duration":16,"type":"mineHold","angle":360,"time":16},{"angle2":0,"duration":16,"type":"mineHold","angle":11.25,"time":16},{"angle2":0,"duration":16,"type":"mineHold","angle":22.5,"time":16},{"angle2":0,"duration":16,"type":"mineHold","angle":33.75,"time":16},{"angle2":0,"duration":16,"type":"mineHold","angle":45,"time":16},{"angle2":0,"duration":16,"type":"mineHold","angle":56.25,"time":16},{"angle2":0,"duration":16,"type":"mineHold","angle":67.5,"time":16},{"angle":191.25,"type":"block","time":23},{"angle":168.75,"type":"block","time":23.5},{"angle":191.25,"type":"block","time":24},{"angle":168.75,"type":"block","time":24.5},{"angle":202.5,"type":"block","time":25},{"angle":157.5,"type":"block","time":25.5},{"angle":202.5,"type":"block","time":26},{"angle":157.5,"type":"block","time":26.5},{"angle":213.75,"type":"block","time":27},{"angle":146.25,"type":"block","time":27.5},{"angle":213.75,"type":"block","time":28},{"angle":146.25,"type":"block","time":28.5},{"angle":225,"type":"block","time":29},{"angle":135,"type":"block","time":29.5},{"angle":225,"type":"block","time":30},{"angle":135,"type":"block","time":30.5},{"angle":225,"type":"block","time":31},{"angle":135,"type":"block","time":31.5},{"angle":180,"type":"block","time":32},{"angle2":180,"duration":16,"type":"hold","angle":180,"time":16},{"angle":123.75,"type":"extraTap","time":24},{"angle":123.75,"type":"extraTap","time":25},{"angle":123.75,"type":"extraTap","time":26},{"angle":123.75,"type":"extraTap","time":27},{"angle":123.75,"type":"extraTap","time":28},{"angle":123.75,"type":"extraTap","time":29},{"angle":123.75,"type":"extraTap","time":30},{"angle":123.75,"type":"extraTap","time":31},{"angle":123.75,"type":"extraTap","time":32},{"angle":315,"type":"mine","time":29},{"angle":45,"type":"mine","time":29},{"angle":292.5,"type":"mine","time":29},{"angle":337.5,"type":"mine","time":29},{"angle":22.5,"type":"mine","time":29},{"angle":67.5,"type":"mine","time":29},{"angle":292.5,"type":"mine","time":30},{"angle":315,"type":"mine","time":30},{"angle":45,"type":"mine","time":30},{"angle":67.5,"type":"mine","time":30},{"angle":270,"type":"mine","time":30},{"angle":90,"type":"mine","time":30},{"angle":337.5,"type":"mine","time":31},{"angle":315,"type":"mine","time":31},{"angle":292.5,"type":"mine","time":31},{"angle":22.5,"type":"mine","time":31},{"angle":45,"type":"mine","time":31},{"angle":67.5,"type":"mine","time":31},{"angle":315,"type":"mine","time":32},{"angle":292.5,"type":"mine","time":32},{"angle":270,"type":"mine","time":32},{"angle":45,"type":"mine","time":32},{"angle":67.5,"type":"mine","time":32},{"angle":67.5,"type":"mine","time":32},{"angle":90,"type":"mine","time":32},{"angle":315,"type":"mine","time":28},{"angle":292.5,"type":"mine","time":28},{"angle":270,"type":"mine","time":28},{"angle":45,"type":"mine","time":28},{"angle":67.5,"type":"mine","time":28},{"angle":90,"type":"mine","time":28},{"angle":180,"type":"inverse","time":24},{"angle":180,"type":"inverse","time":25},{"angle":180,"type":"inverse","time":26},{"angle":180,"type":"inverse","time":27},{"angle":180,"type":"inverse","time":28},{"angle":180,"type":"inverse","time":29},{"angle":180,"type":"inverse","time":30},{"angle":180,"type":"inverse","time":31},{"angle":180,"type":"block","time":33},{"angle":202.5,"type":"block","time":33.5},{"angle":135,"type":"block","time":34.5},{"angle":112.5,"time":35,"type":"block","tap":true},{"angle":67.5,"type":"block","time":36},{"angle":202.5,"time":41,"type":"block","tap":true},{"angle":270,"time":43,"type":"block","tap":true},{"angle":22.5,"time":45,"type":"block","tap":true},{"angle":67.5,"type":"block","time":46},{"angle":213.75,"time":49,"type":"block","tap":true},{"angle":258.75,"type":"block","time":50},{"angle":315,"time":51,"type":"block","tap":true},{"angle":22.5,"type":"block","time":52},{"angle":0,"time":53,"type":"block","tap":true},{"angle":303.75,"type":"block","time":54},{"angle":225,"time":55,"type":"block","tap":true},{"angle":180,"type":"block","time":41.5},{"angle":247.5,"type":"block","time":42.5},{"angle2":-112.5,"duration":3,"angle":22.5,"startTap":true,"order":1,"type":"hold","time":37},{"angle":337.5,"type":"block","time":38},{"angle":292.5,"time":39,"type":"block","tap":true},{"angle":337.5,"type":"inverse","time":38},{"angle":0,"type":"inverse","time":37.5},{"angle":315,"type":"inverse","time":38.5},{"angle":292.5,"type":"inverse","time":39},{"angle":270,"type":"inverse","time":39.5},{"angle":247.5,"type":"block","time":40},{"angle2":472.5,"duration":3,"type":"hold","endTap":true,"angle":337.5,"time":44},{"angle":112.5,"time":47,"type":"block","tap":true},{"angle":22.5,"type":"inverse","time":45},{"angle":45,"type":"inverse","time":45.5},{"angle":67.5,"type":"inverse","time":46},{"angle":90,"type":"inverse","time":46.5},{"angle2":382.5,"duration":4,"type":"hold","time":48,"angle":202.5,"holdEase":"inSine"},{"angle2":-225,"duration":4,"type":"hold","time":52,"angle":22.5,"holdEase":"inSine"},{"angle2":438.75,"duration":4,"type":"hold","time":56,"angle":135,"holdEase":"inSine"},{"angle2":-258.75,"duration":4,"type":"hold","angle":78.75,"time":60},{"angle":157.5,"type":"block","time":47.5},{"angle":135,"type":"block","time":56},{"angle":157.5,"time":57,"type":"block","tap":true},{"angle":225,"type":"block","time":58},{"angle":315,"time":59,"type":"block","tap":true},{"angle":78.75,"type":"block","time":60},{"angle":348.75,"time":61,"type":"block","tap":true},{"angle":270,"type":"block","time":62},{"angle":191.25,"time":63,"type":"block","tap":true},{"angle":101.25,"type":"block","time":64},{"angle":337.5,"type":"block","time":44},{"angle2":281.25,"duration":4,"type":"hold","time":64,"angle":101.25,"holdEase":"inSine"},{"angle2":461.25,"duration":4,"type":"hold","time":64,"angle":281.25,"holdEase":"inSine"},{"angle":112.5,"time":65,"type":"block","tap":true},{"angle":292.5,"time":65,"type":"block","tap":true},{"angle":157.5,"type":"block","time":66},{"angle":337.5,"type":"block","time":66},{"angle":33.75,"time":67,"type":"block","tap":true},{"angle":213.75,"time":67,"type":"block","tap":true},{"angle":281.25,"type":"block","time":68},{"angle2":180,"duration":8,"type":"hold","time":332,"angle":0,"holdEase":"outCubic"},{"angle2":-45,"duration":8,"type":"hold","time":340,"angle":180,"holdEase":"outCubic"},{"angle2":360,"duration":8,"type":"hold","time":332,"angle":180,"holdEase":"outCubic"},{"angle2":-225,"duration":8,"type":"hold","time":340,"angle":0,"holdEase":"outCubic"},{"angle2":270,"duration":1,"type":"hold","angle":337.5,"time":348},{"angle2":90,"duration":1,"type":"hold","angle":157.5,"time":348},{"angle2":90,"duration":1,"type":"hold","angle":180,"time":350},{"angle2":270,"duration":1,"type":"hold","angle":360,"time":350},{"angle2":360,"duration":8,"type":"hold","angle":0,"time":352},{"angle2":540,"duration":8,"type":"hold","angle":180,"time":352},{"angle2":337.5,"duration":1,"type":"hold","angle":348.75,"time":359},{"angle2":157.5,"duration":1,"type":"hold","angle":168.75,"time":359},{"angle2":315,"duration":0.5,"type":"hold","angle":348.75,"time":360},{"angle2":326.25,"duration":0.5,"type":"hold","angle":303.75,"time":360.5},{"angle2":315,"duration":0.5,"type":"hold","angle":292.5,"time":361},{"angle2":270,"duration":0.5,"type":"hold","angle":303.75,"time":361.5},{"angle2":281.25,"duration":0.5,"type":"hold","angle":315,"time":362},{"angle2":292.5,"duration":0.5,"type":"hold","angle":258.75,"time":362.5},{"angle2":292.5,"duration":0.5,"type":"hold","angle":258.75,"time":363},{"angle2":247.5,"duration":0.5,"type":"hold","angle":281.25,"time":363.5},{"angle2":495,"duration":0.5,"type":"hold","angle":528.75,"time":360},{"angle2":506.25,"duration":0.5,"type":"hold","angle":483.75,"time":360.5},{"angle2":495,"duration":0.5,"type":"hold","angle":472.5,"time":361},{"angle2":450,"duration":0.5,"type":"hold","angle":483.75,"time":361.5},{"angle2":461.25,"duration":0.5,"type":"hold","angle":495,"time":362},{"angle2":472.5,"duration":0.5,"type":"hold","angle":438.75,"time":362.5},{"angle2":472.5,"duration":0.5,"type":"hold","angle":438.75,"time":363},{"angle2":427.5,"duration":0.5,"type":"hold","angle":461.25,"time":363.5},{"angle2":-45,"duration":7.5,"type":"hold","time":364,"angle":225,"holdEase":"outCubic"},{"angle2":315,"duration":0.5,"type":"hold","time":370.5,"angle":337.5,"holdEase":"inSine"},{"angle2":315,"duration":0.5,"type":"hold","time":370.5,"angle":292.5,"holdEase":"inSine"},{"angle2":303.75,"duration":0.5,"type":"hold","time":371,"angle":315,"holdEase":"outSine"},{"angle2":326.25,"duration":0.5,"type":"hold","time":371,"angle":315,"holdEase":"outSine"},{"angle2":585,"duration":8.5,"type":"hold","time":371.5,"angle":315,"holdEase":"outCubic"},{"angle2":225,"duration":0.5,"type":"hold","angle":202.5,"time":377},{"angle2":202.5,"duration":0.5,"type":"hold","angle":213.75,"time":376.5},{"angle2":213.75,"duration":0.5,"type":"hold","angle":225,"time":377.5},{"angle2":236.25,"duration":0.5,"type":"hold","angle":213.75,"time":378},{"angle2":213.75,"duration":0.5,"type":"hold","angle":236.25,"time":378.5},{"angle2":236.25,"duration":0.5,"type":"hold","angle":213.75,"time":379},{"angle2":213.75,"duration":0.5,"type":"hold","angle":236.25,"time":379.5},{"angle2":225,"duration":0.5,"type":"hold","angle":202.5,"time":376.5},{"angle2":202.5,"duration":0.5,"type":"hold","angle":225,"time":377},{"angle2":236.25,"duration":0.5,"type":"hold","angle":202.5,"time":377.5},{"angle2":213.75,"duration":0.5,"type":"hold","angle":236.25,"time":378},{"angle2":236.25,"duration":0.5,"type":"hold","angle":213.75,"time":378.5},{"angle2":213.75,"duration":0.5,"type":"hold","angle":236.25,"time":379},{"angle2":236.25,"duration":0.5,"type":"hold","angle":213.75,"time":379.5},{"angle2":22.5,"duration":4,"type":"hold","time":380,"angle":225,"holdEase":"outCubic"},{"angle2":-67.5,"duration":2,"type":"hold","holdEase":"outCubic","angle":22.5,"time":384},{"angle2":202.5,"duration":2,"type":"hold","time":386,"angle":292.5,"holdEase":"outCubic"},{"angle2":-22.5,"duration":1,"type":"hold","time":392,"angle":22.5,"holdEase":"outCubic"},{"angle2":382.5,"duration":1,"type":"hold","time":393,"angle":337.5,"holdEase":"outCubic"},{"angle2":-22.5,"duration":1,"type":"hold","time":394,"angle":22.5,"holdEase":"outCubic"},{"angle2":360,"duration":1,"type":"hold","time":395,"angle":337.5,"holdEase":"outCubic"},{"angle2":600,"duration":8,"type":"hold","time":396,"angle":360,"holdEase":"outCubic"},{"angle2":-225,"duration":7.5,"type":"hold","time":364,"angle":45,"holdEase":"outCubic"},{"angle2":135,"duration":0.5,"type":"hold","time":370.5,"angle":157.5,"holdEase":"inSine"},{"angle2":135,"duration":0.5,"type":"hold","time":370.5,"angle":112.5,"holdEase":"inSine"},{"angle2":123.75,"duration":0.5,"type":"hold","time":371,"angle":135,"holdEase":"outSine"},{"angle2":146.25,"duration":0.5,"type":"hold","time":371,"angle":135,"holdEase":"outSine"},{"angle2":405,"duration":8.5,"type":"hold","time":371.5,"angle":135,"holdEase":"outCubic"},{"angle2":45,"duration":0.5,"type":"hold","angle":22.5,"time":377},{"angle2":22.5,"duration":0.5,"type":"hold","angle":33.75,"time":376.5},{"angle2":33.75,"duration":0.5,"type":"hold","angle":45,"time":377.5},{"angle2":56.25,"duration":0.5,"type":"hold","angle":33.75,"time":378},{"angle2":33.75,"duration":0.5,"type":"hold","angle":56.25,"time":378.5},{"angle2":56.25,"duration":0.5,"type":"hold","angle":33.75,"time":379},{"angle2":33.75,"duration":0.5,"type":"hold","angle":56.25,"time":379.5},{"angle2":45,"duration":0.5,"type":"hold","angle":22.5,"time":376.5},{"angle2":22.5,"duration":0.5,"type":"hold","angle":45,"time":377},{"angle2":56.25,"duration":0.5,"type":"hold","angle":22.5,"time":377.5},{"angle2":33.75,"duration":0.5,"type":"hold","angle":56.25,"time":378},{"angle2":56.25,"duration":0.5,"type":"hold","angle":33.75,"time":378.5},{"angle2":33.75,"duration":0.5,"type":"hold","angle":56.25,"time":379},{"angle2":56.25,"duration":0.5,"type":"hold","angle":33.75,"time":379.5},{"angle2":-157.5,"duration":4,"type":"hold","time":380,"angle":45,"holdEase":"outCubic"},{"angle2":-247.5,"duration":2,"type":"hold","time":384,"angle":-157.5,"holdEase":"outCubic"},{"angle2":22.5,"duration":2,"type":"hold","time":386,"angle":112.5,"holdEase":"outCubic"},{"angle2":120,"duration":8,"type":"hold","time":404,"angle":240,"holdEase":"outCubic"},{"angle2":-15,"duration":1,"type":"hold","angle":90,"time":412},{"angle2":60,"duration":1,"type":"hold","angle":180,"time":414},{"angle2":720,"duration":8,"type":"hold","time":396,"angle":480,"holdEase":"outCubic"},{"angle2":240,"duration":8,"type":"hold","time":404,"angle":360,"holdEase":"outCubic"},{"angle2":105,"duration":1,"type":"hold","angle":210,"time":412},{"angle2":180,"duration":1,"type":"hold","angle":300,"time":414},{"angle2":480,"duration":8,"type":"hold","time":396,"angle":240,"holdEase":"outCubic"},{"angle2":0,"duration":8,"type":"hold","time":404,"angle":120,"holdEase":"outCubic"},{"angle2":-135,"duration":1,"type":"hold","angle":-30,"time":412},{"angle2":-60,"duration":1,"type":"hold","angle":60,"time":414},{"angle2":-180,"duration":8,"type":"hold","time":416,"angle":90,"holdEase":"outCubic"},{"angle2":180,"duration":1,"type":"hold","angle":195,"time":423},{"angle2":180,"duration":1,"type":"hold","angle":165,"time":423},{"angle2":165,"duration":0.5,"type":"hold","angle":195,"time":424},{"angle2":150,"duration":0.5,"type":"hold","angle":180,"time":424.5},{"angle2":150,"duration":0.5,"type":"hold","angle":135,"time":425},{"angle2":135,"duration":0.5,"type":"hold","angle":120,"time":425.5},{"angle2":120,"duration":0.5,"type":"hold","angle":150,"time":426},{"angle2":105,"duration":0.5,"type":"hold","angle":135,"time":426.5},{"angle2":105,"duration":0.5,"type":"hold","angle":75,"time":427},{"angle2":90,"duration":0.5,"type":"hold","angle":105,"time":427.5},{"angle2":-270,"duration":7.5,"type":"hold","angle":90,"time":428},{"angle2":105,"duration":0.5,"type":"hold","time":434.5,"angle":135,"holdEase":"inBack"},{"angle2":90,"duration":0.5,"type":"hold","time":435,"angle":105,"holdEase":"outBack"},{"angle2":360,"duration":8.5,"type":"hold","time":435.5,"angle":90,"holdEase":"outCubic"},{"angle2":340,"duration":1,"type":"hold","angle":355.97799682617,"time":440.5},{"angle2":375,"duration":1,"type":"hold","angle":340,"time":441.5},{"angle2":-15,"duration":1,"type":"hold","angle":15,"time":442.5},{"angle2":-15,"duration":1,"type":"hold","angle":15,"time":442},{"angle2":375,"duration":1,"type":"hold","angle":345,"time":443},{"angle2":375,"duration":1,"type":"hold","angle":335.31900024414,"time":441},{"angle2":378.75,"duration":0.5,"type":"hold","time":443.5,"angle":345,"holdEase":"outBack"},{"angle2":-120,"duration":4,"type":"hold","time":444,"angle":15,"holdEase":"outCubic"},{"angle2":120,"duration":2,"type":"hold","time":448,"angle":240,"holdEase":"outCubic"},{"angle2":240,"duration":2,"type":"hold","time":450,"angle":120,"holdEase":"outCubic"},{"angle2":-30,"duration":1,"type":"hold","time":456,"angle":30,"holdEase":"linear"},{"angle2":390,"duration":1.5,"type":"hold","angle":330,"time":457},{"angle2":-30,"duration":2.5,"type":"hold","angle":30,"time":458.5},{"angle2":360,"duration":3,"type":"hold","time":461,"angle":330,"holdEase":"outExpo"},{"angle2":-60,"duration":8,"type":"hold","time":416,"angle":210,"holdEase":"outCubic"},{"angle2":300,"duration":1,"type":"hold","angle":315,"time":423},{"angle2":300,"duration":1,"type":"hold","angle":285,"time":423},{"angle2":285,"duration":0.5,"type":"hold","angle":315,"time":424},{"angle2":270,"duration":0.5,"type":"hold","angle":300,"time":424.5},{"angle2":270,"duration":0.5,"type":"hold","angle":255,"time":425},{"angle2":255,"duration":0.5,"type":"hold","angle":240,"time":425.5},{"angle2":240,"duration":0.5,"type":"hold","angle":270,"time":426},{"angle2":225,"duration":0.5,"type":"hold","angle":255,"time":426.5},{"angle2":225,"duration":0.5,"type":"hold","angle":195,"time":427},{"angle2":210,"duration":0.5,"type":"hold","angle":225,"time":427.5},{"angle2":225,"duration":0.5,"type":"hold","time":434.5,"angle":255,"holdEase":"inBack"},{"angle2":210,"duration":0.5,"type":"hold","time":435,"angle":225,"holdEase":"outBack"},{"angle2":480,"duration":8.5,"type":"hold","time":435.5,"angle":210,"holdEase":"outCubic"},{"angle2":460,"duration":1,"type":"hold","angle":475.97799682617,"time":440.5},{"angle2":495,"duration":1,"type":"hold","angle":460,"time":441.5},{"angle2":105,"duration":1,"type":"hold","angle":135,"time":442.5},{"angle2":105,"duration":1,"type":"hold","angle":135,"time":442},{"angle2":495,"duration":1,"type":"hold","angle":465,"time":443},{"angle2":495,"duration":1,"type":"hold","angle":455.31900024414,"time":441},{"angle2":498.75,"duration":0.5,"type":"hold","time":443.5,"angle":465,"holdEase":"outBack"},{"angle2":0,"duration":4,"type":"hold","time":444,"angle":135,"holdEase":"outCubic"},{"angle2":240,"duration":2,"type":"hold","time":448,"angle":360,"holdEase":"outCubic"},{"angle2":360,"duration":2,"type":"hold","time":450,"angle":240,"holdEase":"outCubic"},{"angle2":-300,"duration":8,"type":"hold","time":416,"angle":-30,"holdEase":"outCubic"},{"angle2":60,"duration":1,"type":"hold","angle":75,"time":423},{"angle2":60,"duration":1,"type":"hold","angle":45,"time":423},{"angle2":45,"duration":0.5,"type":"hold","angle":75,"time":424},{"angle2":30,"duration":0.5,"type":"hold","angle":60,"time":424.5},{"angle2":30,"duration":0.5,"type":"hold","angle":15,"time":425},{"angle2":15,"duration":0.5,"type":"hold","angle":0,"time":425.5},{"angle2":0,"duration":0.5,"type":"hold","angle":30,"time":426},{"angle2":-15,"duration":0.5,"type":"hold","angle":15,"time":426.5},{"angle2":-15,"duration":0.5,"type":"hold","angle":-45,"time":427},{"angle2":-30,"duration":0.5,"type":"hold","angle":-15,"time":427.5},{"angle2":-15,"duration":0.5,"type":"hold","time":434.5,"angle":15,"holdEase":"inBack"},{"angle2":-30,"duration":0.5,"type":"hold","time":435,"angle":-15,"holdEase":"outBack"},{"angle2":240,"duration":8.5,"type":"hold","holdEase":"outCubic","angle":-30,"time":435.5},{"angle2":220,"duration":1,"type":"hold","angle":235.97799682617,"time":440.5},{"angle2":255,"duration":1,"type":"hold","angle":220,"time":441.5},{"angle2":-135,"duration":1,"type":"hold","angle":-105,"time":442.5},{"angle2":-135,"duration":1,"type":"hold","angle":-105,"time":442},{"angle2":255,"duration":1,"type":"hold","angle":225,"time":443},{"angle2":255,"duration":1,"type":"hold","angle":215.31900024414,"time":441},{"angle2":258.75,"duration":0.5,"type":"hold","time":443.5,"angle":225,"holdEase":"outBack"},{"angle2":-240,"duration":4,"type":"hold","time":444,"angle":-105,"holdEase":"outCubic"},{"angle2":0,"duration":2,"type":"hold","time":448,"angle":120,"holdEase":"outCubic"},{"angle2":120,"duration":2,"type":"hold","time":450,"angle":0,"holdEase":"outCubic"},{"angle2":-150,"duration":7.5,"type":"hold","angle":210,"time":428},{"angle2":-390,"duration":7.5,"type":"hold","angle":-30,"time":428},{"angle":337.5,"type":"extraTap","time":452},{"angle2":360,"duration":8,"type":"hold","angle":360,"time":464},{"angle2":170,"duration":8,"type":"hold","angle":10,"time":464},{"angle2":-170,"duration":8,"type":"hold","angle":-10,"time":464},{"angle2":315,"duration":8,"type":"mineHold","angle":270,"time":472},{"angle2":45,"duration":8,"type":"mineHold","angle":90,"time":472},{"angle2":135,"duration":8,"type":"mineHold","angle":90,"time":472},{"angle2":225,"duration":8,"type":"mineHold","angle":270,"time":472},{"angle":348.75,"type":"mine","time":480},{"angle":360,"type":"mine","time":480},{"angle":11.25,"type":"mine","time":480},{"angle":326.25,"type":"mine","time":481},{"angle":315,"type":"mine","time":481},{"angle":303.75,"type":"mine","time":481},{"angle":33.75,"type":"mine","time":481},{"angle":45,"type":"mine","time":481},{"angle":56.25,"type":"mine","time":481},{"angle":303.75,"type":"mine","time":482},{"angle":292.5,"type":"mine","time":482},{"angle":281.25,"type":"mine","time":482},{"angle":56.25,"type":"mine","time":482},{"angle":67.5,"type":"mine","time":482},{"angle":78.75,"type":"mine","time":482},{"angle":78.75,"type":"mine","time":482},{"angle":348.75,"type":"mine","time":482},{"angle":360,"type":"mine","time":482},{"angle":11.25,"type":"mine","time":482},{"angle":281.25,"type":"mine","time":483},{"angle":270,"type":"mine","time":483},{"angle":258.75,"type":"mine","time":483},{"angle":78.75,"type":"mine","time":483},{"angle":90,"type":"mine","time":483},{"angle":101.25,"type":"mine","time":483},{"angle":236.25,"type":"mine","time":484},{"angle":225,"type":"mine","time":484},{"angle":213.75,"type":"mine","time":484},{"angle":135,"type":"mine","time":484},{"angle":123.75,"type":"mine","time":484},{"angle":33.75,"type":"mine","time":484},{"angle":45,"type":"mine","time":484},{"angle":56.25,"type":"mine","time":484},{"angle":315,"type":"mine","time":484},{"angle":303.75,"type":"mine","time":484},{"angle":326.25,"type":"mine","time":484},{"angle":146.25,"type":"mine","time":484},{"angle":168.75,"type":"mine","time":488},{"angle":180,"type":"mine","time":488},{"angle":-168.75,"type":"mine","time":488},{"angle":146.25,"type":"mine","time":489},{"angle":135,"type":"mine","time":489},{"angle":123.75,"type":"mine","time":489},{"angle":-146.25,"type":"mine","time":489},{"angle":-135,"type":"mine","time":489},{"angle":-123.75,"type":"mine","time":489},{"angle":123.75,"type":"mine","time":490},{"angle":112.5,"type":"mine","time":490},{"angle":101.25,"type":"mine","time":490},{"angle":-123.75,"type":"mine","time":490},{"angle":-112.5,"type":"mine","time":490},{"angle":-101.25,"type":"mine","time":490},{"angle":-101.25,"type":"mine","time":490},{"angle":168.75,"type":"mine","time":490},{"angle":180,"type":"mine","time":490},{"angle":-168.75,"type":"mine","time":490},{"angle":101.25,"type":"mine","time":491},{"angle":90,"type":"mine","time":491},{"angle":78.75,"type":"mine","time":491},{"angle":-101.25,"type":"mine","time":491},{"angle":-90,"type":"mine","time":491},{"angle":-78.75,"type":"mine","time":491},{"angle":56.25,"type":"mine","time":492},{"angle":45,"type":"mine","time":492},{"angle":33.75,"type":"mine","time":492},{"angle":-45,"type":"mine","time":492},{"angle":-56.25,"type":"mine","time":492},{"angle":-146.25,"type":"mine","time":492},{"angle":-135,"type":"mine","time":492},{"angle":-123.75,"type":"mine","time":492},{"angle":135,"type":"mine","time":492},{"angle":123.75,"type":"mine","time":492},{"angle":146.25,"type":"mine","time":492},{"angle":-33.75,"type":"mine","time":492},{"angle":360,"type":"mine","time":494},{"angle":270,"type":"mine","time":494},{"angle":180,"type":"mine","time":494},{"angle":90,"type":"mine","time":494},{"angle":315,"type":"mine","time":494},{"angle":45,"type":"mine","time":494},{"angle":135,"type":"mine","time":494},{"angle":225,"type":"mine","time":494},{"angle":438.75,"type":"mine","time":496},{"angle":450,"type":"mine","time":496},{"angle":101.25,"type":"mine","time":496},{"angle":416.25,"type":"mine","time":497},{"angle":405,"type":"mine","time":497},{"angle":393.75,"type":"mine","time":497},{"angle":123.75,"type":"mine","time":497},{"angle":135,"type":"mine","time":497},{"angle":146.25,"type":"mine","time":497},{"angle":393.75,"type":"mine","time":498},{"angle":382.5,"type":"mine","time":498},{"angle":371.25,"type":"mine","time":498},{"angle":146.25,"type":"mine","time":498},{"angle":157.5,"type":"mine","time":498},{"angle":168.75,"type":"mine","time":498},{"angle":168.75,"type":"mine","time":498},{"angle":438.75,"type":"mine","time":498},{"angle":450,"type":"mine","time":498},{"angle":101.25,"type":"mine","time":498},{"angle":371.25,"type":"mine","time":499},{"angle":360,"type":"mine","time":499},{"angle":348.75,"type":"mine","time":499},{"angle":168.75,"type":"mine","time":499},{"angle":180,"type":"mine","time":499},{"angle":191.25,"type":"mine","time":499},{"angle":326.25,"type":"mine","time":500},{"angle":315,"type":"mine","time":500},{"angle":303.75,"type":"mine","time":500},{"angle":225,"type":"mine","time":500},{"angle":213.75,"type":"mine","time":500},{"angle":123.75,"type":"mine","time":500},{"angle":135,"type":"mine","time":500},{"angle":146.25,"type":"mine","time":500},{"angle":405,"type":"mine","time":500},{"angle":393.75,"type":"mine","time":500},{"angle":416.25,"type":"mine","time":500},{"angle":236.25,"type":"mine","time":500},{"angle":258.75,"type":"mine","time":504},{"angle":270,"type":"mine","time":504},{"angle":-78.75,"type":"mine","time":504},{"angle":236.25,"type":"mine","time":505},{"angle":225,"type":"mine","time":505},{"angle":213.75,"type":"mine","time":505},{"angle":-56.25,"type":"mine","time":505},{"angle":-45,"type":"mine","time":505},{"angle":-33.75,"type":"mine","time":505},{"angle":213.75,"type":"mine","time":506},{"angle":202.5,"type":"mine","time":506},{"angle":191.25,"type":"mine","time":506},{"angle":-33.75,"type":"mine","time":506},{"angle":-22.5,"type":"mine","time":506},{"angle":-11.25,"type":"mine","time":506},{"angle":-11.25,"type":"mine","time":506},{"angle":258.75,"type":"mine","time":506},{"angle":270,"type":"mine","time":506},{"angle":-78.75,"type":"mine","time":506},{"angle":191.25,"type":"mine","time":507},{"angle":180,"type":"mine","time":507},{"angle":168.75,"type":"mine","time":507},{"angle":-11.25,"type":"mine","time":507},{"angle":0,"type":"mine","time":507},{"angle":11.25,"type":"mine","time":507},{"angle":146.25,"type":"mine","time":508},{"angle":135,"type":"mine","time":508},{"angle":123.75,"type":"mine","time":508},{"angle":45,"type":"mine","time":508},{"angle":33.75,"type":"mine","time":508},{"angle":-56.25,"type":"mine","time":508},{"angle":-45,"type":"mine","time":508},{"angle":-33.75,"type":"mine","time":508},{"angle":225,"type":"mine","time":508},{"angle":213.75,"type":"mine","time":508},{"angle":236.25,"type":"mine","time":508},{"angle":56.25,"type":"mine","time":508},{"angle2":360,"duration":3,"type":"mineHold","angle":360,"time":510},{"angle2":540,"duration":3,"type":"mineHold","angle":540,"time":510},{"angle2":450,"duration":3,"type":"mineHold","angle":450,"time":510},{"angle2":630,"duration":3,"type":"mineHold","angle":630,"time":510},{"angle2":405,"duration":3,"type":"mineHold","angle":405,"time":510},{"angle2":585,"duration":3,"type":"mineHold","angle":585,"time":510},{"angle2":495,"duration":3,"type":"mineHold","angle":495,"time":510},{"angle2":675,"duration":3,"type":"mineHold","angle":675,"time":510},{"angle2":337.5,"duration":3,"type":"mineHold","angle":337.5,"time":510},{"angle2":517.5,"duration":3,"type":"mineHold","angle":517.5,"time":510},{"angle2":427.5,"duration":3,"type":"mineHold","angle":427.5,"time":510},{"angle2":607.5,"duration":3,"type":"mineHold","angle":607.5,"time":510},{"angle2":382.5,"duration":3,"type":"mineHold","angle":382.5,"time":510},{"angle2":562.5,"duration":3,"type":"mineHold","angle":562.5,"time":510},{"angle2":472.5,"duration":3,"type":"mineHold","angle":472.5,"time":510},{"angle2":652.5,"duration":3,"type":"mineHold","angle":652.5,"time":510},{"angle2":45,"duration":4,"type":"hold","time":68,"angle":281.25,"holdEase":"inSine"},{"angle":258.75,"time":69,"type":"block","tap":true},{"angle":213.75,"type":"block","time":70},{"angle":135,"time":71,"type":"block","tap":true},{"angle":45,"type":"block","time":72},{"angle2":360,"duration":4,"type":"hold","time":72,"angle":45,"holdEase":"inSine"},{"angle":67.5,"time":73,"type":"block","tap":true},{"angle":135,"type":"block","time":74},{"angle":247.5,"time":75,"type":"block","tap":true},{"angle2":360,"duration":4,"type":"hold","angle":360,"time":76},{"angle":101.25,"type":"block","time":68},{"angle2":-135,"duration":4,"type":"hold","time":68,"angle":101.25,"holdEase":"inSine"},{"angle":78.75,"time":69,"type":"block","tap":true},{"angle":33.75,"type":"block","time":70},{"angle":-45,"time":71,"type":"block","tap":true},{"angle":-135,"type":"block","time":72},{"angle2":180,"duration":4,"type":"hold","time":72,"angle":-135,"holdEase":"inSine"},{"angle":-112.5,"time":73,"type":"block","tap":true},{"angle":-45,"type":"block","time":74},{"angle":67.5,"time":75,"type":"block","tap":true},{"angle":0,"type":"block","time":76},{"angle":0,"time":77,"type":"block","tap":true},{"angle":360,"type":"block","time":78},{"angle":0,"time":79,"type":"block","tap":true},{"angle":180,"type":"extraTap","time":80},{"angle":67.5,"type":"block","time":81},{"angle":78.75,"type":"block","time":81.25},{"angle":90,"type":"block","time":81.5},{"angle":101.25,"type":"block","time":81.75},{"angle":123.75,"type":"block","time":82},{"angle":112.5,"type":"block","time":82.25},{"angle":101.25,"type":"block","time":82.5},{"angle":90,"type":"block","time":82.75},{"angle":78.75,"type":"block","time":83},{"angle":67.5,"type":"block","time":83.25},{"angle":56.25,"type":"block","time":83.5},{"angle":45,"type":"block","time":83.75},{"angle2":67.5,"duration":0.5,"type":"hold","angle":33.75,"time":84},{"angle2":45,"duration":0.5,"type":"hold","angle":78.75,"time":84.5},{"angle":56.25,"type":"block","time":85},{"angle":67.5,"type":"block","time":85.25},{"angle":78.75,"type":"block","time":85.5},{"angle":90,"type":"block","time":85.75},{"angle":101.25,"type":"block","time":86},{"angle":112.5,"type":"block","time":86.25},{"angle":123.75,"type":"block","time":86.5},{"angle":135,"type":"block","time":86.75},{"angle":146.25,"type":"block","time":87},{"angle":168.75,"type":"block","time":87.25},{"angle":191.25,"type":"block","time":87.5},{"angle":213.75,"type":"block","time":87.75},{"angle":236.25,"type":"block","time":88},{"angle2":213.75,"duration":0.5,"type":"hold","angle":258.75,"time":88},{"angle2":258.75,"duration":0.5,"type":"hold","angle":213.75,"time":88.5},{"angle":270,"type":"block","time":89},{"angle":247.5,"type":"block","time":89.25},{"angle":225,"type":"block","time":89.5},{"angle":202.5,"type":"block","time":89.75},{"angle":225,"type":"block","time":90},{"angle":236.25,"type":"block","time":90.25},{"angle":247.5,"type":"block","time":90.5},{"angle":258.75,"type":"block","time":90.75},{"angle":270,"type":"block","time":91},{"angle":292.5,"type":"block","time":91.25},{"angle":315,"type":"block","time":91.5},{"angle":337.5,"type":"block","time":91.75},{"angle":0,"type":"block","time":92},{"angle2":-11.25,"duration":0.5,"type":"hold","angle":33.75,"time":92},{"angle2":22.5,"duration":0.5,"type":"hold","angle":-11.25,"time":92.5},{"angle":360,"type":"inverse","time":93},{"angle":0,"type":"inverse","time":94},{"angle":360,"type":"inverse","time":95},{"angle":360,"type":"inverse","time":92},{"angle2":270,"duration":1,"type":"hold","time":95,"angle":360,"holdEase":"inBack"},{"angle":258.75,"type":"extraTap","time":96},{"angle2":236.25,"duration":1.5,"type":"hold","time":96,"angle":270,"holdEase":"outQuad"},{"angle":236.25,"type":"block","time":97.5},{"angle":258.75,"type":"block","time":97.75},{"angle2":303.75,"duration":2,"type":"hold","time":98,"angle":281.25,"holdEase":"outQuad"},{"angle2":247.5,"duration":1,"type":"hold","time":100,"angle":281.25,"holdEase":"outQuad"},{"angle2":303.75,"duration":1,"type":"hold","time":101,"angle":258.75,"holdEase":"outQuad"},{"angle2":281.25,"duration":1,"type":"hold","angle":315,"time":102},{"angle2":236.25,"duration":1,"type":"hold","angle":270,"time":103},{"angle2":281.25,"duration":2,"type":"hold","time":104,"angle":225,"holdEase":"outSine"},{"angle2":303.75,"duration":2,"type":"hold","time":104,"angle":247.5,"holdEase":"outSine"},{"angle2":258.75,"duration":1,"type":"hold","time":106,"angle":303.75,"holdEase":"outSine"},{"angle2":247.5,"duration":1,"type":"hold","time":106,"angle":281.25,"holdEase":"outSine"},{"angle":270,"type":"block","time":107.5},{"angle":303.75,"type":"block","time":108},{"angle2":292.5,"duration":1,"type":"hold","angle":292.5,"time":108},{"angle2":315,"duration":1,"type":"hold","angle":315,"time":108},{"angle":270,"type":"block","time":109.5},{"angle":236.25,"type":"block","time":110},{"angle2":225,"duration":1,"type":"hold","angle":225,"time":110},{"angle2":247.5,"duration":1,"type":"hold","angle":247.5,"time":110},{"angle2":450,"duration":8,"type":"hold","angle":270,"time":112},{"angle2":90,"duration":1,"type":"hold","time":123,"angle":180,"holdEase":"inBack"},{"angle":67.5,"type":"extraTap","time":124},{"angle":56.25,"type":"block","time":125},{"angle":90,"type":"block","time":125.5},{"angle":78.75,"type":"block","time":127},{"angle":90,"type":"extraTap","time":128},{"angle":123.75,"type":"block","time":126.5},{"angle":67.5,"type":"block","time":127},{"angle":67.5,"type":"block","time":125},{"angle":101.25,"type":"block","time":125.5},{"angle":135,"type":"block","time":126.5},{"angle":146.25,"type":"block","time":129},{"angle":135,"type":"block","time":129},{"angle":112.5,"type":"block","time":129.5},{"angle":101.25,"type":"block","time":129.5},{"angle":45,"type":"block","time":131.5},{"angle":56.25,"type":"block","time":131.5},{"angle":33.75,"type":"block","time":131},{"angle":45,"type":"block","time":131},{"angle":67.5,"type":"block","time":130.5},{"angle":78.75,"type":"block","time":130.5},{"angle":90,"type":"extraTap","time":132},{"angle":22.5,"type":"block","time":133},{"angle":33.75,"type":"block","time":133},{"angle":56.25,"type":"block","time":133.5},{"angle":67.5,"type":"block","time":133.5},{"angle":168.75,"type":"block","time":134.5},{"angle":157.5,"type":"block","time":134.5},{"angle":146.25,"type":"block","time":135},{"angle":135,"type":"block","time":135},{"angle":90,"type":"extraTap","time":136},{"angle":135,"type":"block","time":137},{"angle":123.75,"type":"block","time":137},{"angle":112.5,"type":"block","time":137.5},{"angle":101.25,"type":"block","time":137.5},{"angle":11.25,"type":"block","time":139},{"angle":22.5,"type":"block","time":139},{"angle":33.75,"type":"block","time":139.5},{"angle":45,"type":"block","time":139.5},{"angle":33.75,"type":"block","time":138.5},{"angle":45,"type":"block","time":138.5},{"angle":90,"type":"extraTap","time":140},{"angle":-270,"type":"block","time":141},{"angle":-247.5,"type":"block","time":141.5},{"angle":-236.25,"type":"block","time":141.75},{"angle":-225,"type":"block","time":142},{"angle":-236.25,"type":"block","time":142.5},{"angle":-225,"type":"block","time":142.75},{"angle":-213.75,"type":"block","time":143},{"angle":-225,"type":"block","time":143.5},{"angle":-213.75,"type":"block","time":143.75},{"angle":-202.5,"type":"block","time":144},{"angle":-168.75,"type":"block","time":144.5},{"angle":-180,"type":"block","time":144.75},{"angle":-191.25,"type":"block","time":145},{"angle":-146.25,"type":"block","time":145.5},{"angle":-157.5,"type":"block","time":145.75},{"angle":-146.25,"type":"block","time":146},{"angle":-123.75,"type":"block","time":146.5},{"angle":-101.25,"type":"block","time":147},{"angle":-67.5,"type":"block","time":147.5},{"angle":-56.25,"type":"block","time":147.75},{"angle":-67.5,"type":"block","time":148},{"angle":-112.5,"type":"block","time":148.5},{"angle":-101.25,"type":"block","time":148.75},{"angle":-90,"type":"block","time":149},{"angle":-112.5,"type":"block","time":149.5},{"angle":-123.75,"type":"block","time":149.75},{"angle":-135,"type":"block","time":150},{"angle":281.25,"type":"block","time":150.5},{"angle":270,"type":"block","time":150.75},{"angle":258.75,"type":"block","time":151},{"angle":-112.5,"type":"block","time":151.5},{"angle":-101.25,"type":"block","time":151.75},{"angle2":236.25,"duration":1.5,"type":"mineHold","time":124,"angle":270,"holdEase":"outQuad"},{"angle":236.25,"type":"mine","time":125.5},{"angle":258.75,"type":"mine","time":125.75},{"angle2":303.75,"duration":2,"type":"mineHold","time":126,"angle":281.25,"holdEase":"outQuad"},{"angle2":247.5,"duration":1,"type":"mineHold","time":128,"angle":281.25,"holdEase":"outQuad"},{"angle2":303.75,"duration":1,"type":"mineHold","time":129,"angle":258.75,"holdEase":"outQuad"},{"angle2":281.25,"duration":1,"type":"mineHold","angle":315,"time":130},{"angle2":236.25,"duration":1,"type":"mineHold","angle":270,"time":131},{"angle2":303.75,"duration":2,"type":"mineHold","time":132,"angle":247.5,"holdEase":"outSine"},{"angle2":281.25,"duration":2,"type":"mineHold","time":132,"angle":225,"holdEase":"outSine"},{"angle2":247.5,"duration":1,"type":"mineHold","time":134,"angle":281.25,"holdEase":"outSine"},{"angle2":270,"duration":1,"type":"mineHold","time":134,"angle":303.75,"holdEase":"outSine"},{"angle":270,"type":"mine","time":135.5},{"angle":303.75,"type":"mine","time":136},{"angle2":292.5,"duration":1,"type":"mineHold","angle":292.5,"time":136},{"angle2":315,"duration":1,"type":"mineHold","angle":315,"time":136},{"angle":270,"type":"mine","time":137.5},{"angle":236.25,"type":"mine","time":138},{"angle2":247.5,"duration":1,"type":"mineHold","angle":247.5,"time":138},{"angle2":225,"duration":1,"type":"mineHold","angle":225,"time":138},{"angle2":450,"duration":8,"type":"mineHold","angle":270,"time":140},{"angle":56.25,"type":"mine","time":97},{"angle":67.5,"type":"mine","time":97},{"angle":90,"type":"mine","time":97.5},{"angle":101.25,"type":"mine","time":97.5},{"angle":135,"type":"mine","time":98.5},{"angle":123.75,"type":"mine","time":98.5},{"angle":67.5,"type":"mine","time":99},{"angle":78.75,"type":"mine","time":99},{"angle":78.75,"type":"mine","time":100},{"angle":90,"type":"mine","time":100},{"angle":101.25,"type":"mine","time":100},{"angle":180,"type":"mine","time":100},{"angle":168.75,"type":"mine","time":100},{"angle":157.5,"type":"mine","time":100},{"angle":146.25,"type":"mine","time":100},{"angle":135,"type":"mine","time":100},{"angle":123.75,"type":"mine","time":100},{"angle":112.5,"type":"mine","time":100},{"angle":67.5,"type":"mine","time":100},{"angle":45,"type":"mine","time":100},{"angle":56.25,"type":"mine","time":100},{"angle":33.75,"type":"mine","time":100},{"angle":22.5,"type":"mine","time":100},{"angle":11.25,"type":"mine","time":100},{"angle":0,"type":"mine","time":100},{"angle":135,"type":"mine","time":101},{"angle":146.25,"type":"mine","time":101},{"angle":112.5,"type":"mine","time":101.5},{"angle":101.25,"type":"mine","time":101.5},{"angle":67.5,"type":"mine","time":102.5},{"angle":78.75,"type":"mine","time":102.5},{"angle":45,"type":"mine","time":103},{"angle":33.75,"type":"mine","time":103},{"angle":45,"type":"mine","time":103.5},{"angle":56.25,"type":"mine","time":103.5},{"angle":180,"type":"mine","time":104},{"angle":168.75,"type":"mine","time":104},{"angle":157.5,"type":"mine","time":104},{"angle":146.25,"type":"mine","time":104},{"angle":135,"type":"mine","time":104},{"angle":123.75,"type":"mine","time":104},{"angle":112.5,"type":"mine","time":104},{"angle":101.25,"type":"mine","time":104},{"angle":90,"type":"mine","time":104},{"angle":78.75,"type":"mine","time":104},{"angle":67.5,"type":"mine","time":104},{"angle":56.25,"type":"mine","time":104},{"angle":45,"type":"mine","time":104},{"angle":33.75,"type":"mine","time":104},{"angle":22.5,"type":"mine","time":104},{"angle":11.25,"type":"mine","time":104},{"angle":0,"type":"mine","time":104},{"angle":22.5,"type":"mine","time":105},{"angle":33.75,"type":"mine","time":105},{"angle":56.25,"type":"mine","time":105.5},{"angle":67.5,"type":"mine","time":105.5},{"angle":168.75,"type":"mine","time":106.5},{"angle":157.5,"type":"mine","time":106.5},{"angle":146.25,"type":"mine","time":107},{"angle":135,"type":"mine","time":107},{"angle":90,"type":"mine","time":108},{"angle":101.25,"type":"mine","time":108},{"angle":112.5,"type":"mine","time":108},{"angle":123.75,"type":"mine","time":108},{"angle":123.75,"type":"mine","time":108},{"angle":135,"type":"mine","time":108},{"angle":146.25,"type":"mine","time":108},{"angle":157.5,"type":"mine","time":108},{"angle":168.75,"type":"mine","time":108},{"angle":180,"type":"mine","time":108},{"angle":78.75,"type":"mine","time":108},{"angle":67.5,"type":"mine","time":108},{"angle":56.25,"type":"mine","time":108},{"angle":45,"type":"mine","time":108},{"angle":33.75,"type":"mine","time":108},{"angle":22.5,"type":"mine","time":108},{"angle":11.25,"type":"mine","time":108},{"angle":0,"type":"mine","time":108},{"angle":123.75,"type":"mine","time":109},{"angle":135,"type":"mine","time":109},{"angle":112.5,"type":"mine","time":109.5},{"angle":101.25,"type":"mine","time":109.5},{"angle":45,"type":"mine","time":110.5},{"angle":33.75,"type":"mine","time":110.5},{"angle":22.5,"type":"mine","time":111},{"angle":11.25,"type":"mine","time":111},{"angle":33.75,"type":"mine","time":111.5},{"angle":45,"type":"mine","time":111.5},{"angle":90,"type":"mine","time":112},{"angle":101.25,"type":"mine","time":112},{"angle":112.5,"type":"mine","time":112},{"angle":123.75,"type":"mine","time":112},{"angle":135,"type":"mine","time":112},{"angle":146.25,"type":"mine","time":112},{"angle":157.5,"type":"mine","time":112},{"angle":168.75,"type":"mine","time":112},{"angle":180,"type":"mine","time":112},{"angle":78.75,"type":"mine","time":112},{"angle":67.5,"type":"mine","time":112},{"angle":56.25,"type":"mine","time":112},{"angle":45,"type":"mine","time":112},{"angle":33.75,"type":"mine","time":112},{"angle":22.5,"type":"mine","time":112},{"angle":11.25,"type":"mine","time":112},{"angle":0,"type":"mine","time":112},{"angle":90,"type":"mine","time":113},{"angle":112.5,"type":"mine","time":113.5},{"angle":123.75,"type":"mine","time":113.75},{"angle":135,"type":"mine","time":114},{"angle":123.75,"type":"mine","time":114.5},{"angle":135,"type":"mine","time":114.75},{"angle":146.25,"type":"mine","time":115},{"angle":135,"type":"mine","time":115.5},{"angle":146.25,"type":"mine","time":115.75},{"angle":157.5,"type":"mine","time":116},{"angle":191.25,"type":"mine","time":116.5},{"angle":180,"type":"mine","time":116.75},{"angle":168.75,"type":"mine","time":117},{"angle":213.75,"type":"mine","time":117.5},{"angle":202.5,"type":"mine","time":117.75},{"angle":213.75,"type":"mine","time":118},{"angle":236.25,"type":"mine","time":118.5},{"angle":258.75,"type":"mine","time":119},{"angle":292.5,"type":"mine","time":119.5},{"angle":303.75,"type":"mine","time":119.75},{"angle":292.5,"type":"mine","time":120},{"angle":247.5,"type":"mine","time":120.5},{"angle":258.75,"type":"mine","time":120.75},{"angle":270,"type":"mine","time":121},{"angle":247.5,"type":"mine","time":121.5},{"angle":236.25,"type":"mine","time":121.75},{"angle":225,"type":"mine","time":122},{"angle":247.5,"type":"mine","time":123.5},{"angle":258.75,"type":"mine","time":123.75},{"angle":270,"type":"mine","time":124},{"angle":270,"type":"mine","time":122.5},{"angle":258.75,"type":"mine","time":122.75},{"angle":247.5,"type":"mine","time":123},{"angle":270,"type":"block","time":152},{"angle":78.75,"type":"mine","time":152},{"angle":90,"type":"mine","time":152},{"angle":101.25,"type":"mine","time":152},{"angle":78.75,"type":"mine","time":152.5},{"angle":90,"type":"mine","time":152.5},{"angle":101.25,"type":"mine","time":152.5},{"angle2":360,"duration":4,"type":"hold","time":152,"angle":270,"holdEase":"inElastic"},{"angle":56.25,"type":"mine","time":153},{"angle":45,"type":"mine","time":153},{"angle":33.75,"type":"mine","time":153},{"angle":33.75,"type":"mine","time":153.5},{"angle":45,"type":"mine","time":153.5},{"angle":56.25,"type":"mine","time":153.5},{"angle":123.75,"type":"mine","time":153},{"angle":135,"type":"mine","time":153},{"angle":146.25,"type":"mine","time":153},{"angle":123.75,"type":"mine","time":153.5},{"angle":135,"type":"mine","time":153.5},{"angle":146.25,"type":"mine","time":153.5},{"angle":11.25,"type":"mine","time":154},{"angle":360,"type":"mine","time":154},{"angle":348.75,"type":"mine","time":154},{"angle":348.75,"type":"mine","time":154.5},{"angle":0,"type":"mine","time":154.5},{"angle":11.25,"type":"mine","time":154.5},{"angle":191.25,"type":"mine","time":154},{"angle":180,"type":"mine","time":154},{"angle":168.75,"type":"mine","time":154},{"angle":168.75,"type":"mine","time":154.5},{"angle":180,"type":"mine","time":154.5},{"angle":191.25,"type":"mine","time":154.5},{"angle":33.75,"type":"mine","time":155},{"angle":45,"type":"mine","time":155},{"angle":56.25,"type":"mine","time":155},{"angle":146.25,"type":"mine","time":155},{"angle":135,"type":"mine","time":155},{"angle":123.75,"type":"mine","time":155},{"angle":101.25,"type":"mine","time":155.5},{"angle":90,"type":"mine","time":155.5},{"angle":78.75,"type":"mine","time":155.5},{"angle":277.88552856445,"type":"block","time":155},{"angle":267.44891357422,"type":"block","time":155.125},{"angle":251.52374267578,"type":"block","time":155.25},{"angle":239.80282592773,"type":"block","time":155.375},{"angle":236.52825927734,"type":"block","time":155.4375},{"angle":238.28486633301,"type":"block","time":155.5},{"angle":242.86009216309,"type":"block","time":155.5625},{"angle":249.72380065918,"type":"block","time":155.625},{"angle":265.10375976563,"type":"block","time":155.6875},{"angle":286.44338989258,"type":"block","time":155.75},{"angle":312.17367553711,"type":"block","time":155.8125},{"angle":331.05422973633,"type":"block","time":155.875},{"angle":349.62228393555,"type":"block","time":155.9375},{"angle":315,"type":"mine","time":33},{"angle":0,"type":"mine","time":33},{"angle":45,"type":"mine","time":33},{"angle":22.5,"type":"mine","time":34},{"angle":337.5,"type":"mine","time":34},{"angle":292.5,"type":"mine","time":35},{"angle":247.5,"type":"mine","time":35},{"angle":337.5,"type":"mine","time":35},{"angle":270,"type":"mine","time":36},{"angle":225,"type":"mine","time":36},{"angle":202.5,"type":"mine","time":37},{"angle":247.5,"type":"mine","time":37},{"angle":157.5,"type":"mine","time":37},{"angle":180,"type":"mine","time":38},{"angle":135,"type":"mine","time":38},{"angle":90,"type":"mine","time":39},{"angle":135,"type":"mine","time":39},{"angle":45,"type":"mine","time":39},{"angle":45,"type":"mine","time":40},{"angle":90,"type":"mine","time":40},{"angle":337.5,"type":"mine","time":41},{"angle":22.5,"type":"mine","time":41},{"angle":67.5,"type":"mine","time":41},{"angle":45,"type":"mine","time":42},{"angle":90,"type":"mine","time":42},{"angle":90,"type":"mine","time":43},{"angle":45,"type":"mine","time":43},{"angle":135,"type":"mine","time":43},{"angle":180,"type":"mine","time":44},{"angle":135,"type":"mine","time":44},{"angle":202.5,"type":"mine","time":45},{"angle":247.5,"type":"mine","time":45},{"angle":157.5,"type":"mine","time":45},{"angle":225,"type":"mine","time":46},{"angle":270,"type":"mine","time":46},{"angle":292.5,"type":"mine","time":47},{"angle":337.5,"type":"mine","time":47},{"angle":247.5,"type":"mine","time":47},{"angle":22.5,"type":"mine","time":48},{"angle":45,"type":"mine","time":49},{"angle":67.5,"type":"mine","time":49.5},{"angle":90,"type":"mine","time":50.5},{"angle":135,"type":"mine","time":51},{"angle":202.5,"type":"mine","time":52},{"angle":180,"type":"mine","time":53},{"angle":157.5,"type":"mine","time":53.5},{"angle":90,"type":"mine","time":54.5},{"angle":22.5,"type":"mine","time":55},{"angle":315,"type":"mine","time":56},{"angle":112.5,"type":"inverse","time":47},{"angle":157.5,"type":"inverse","time":47.5},{"angle":0,"type":"inverse","time":53},{"angle":303.75,"type":"inverse","time":54},{"angle":272.5,"type":"inverse","time":54.5},{"angle":225,"type":"inverse","time":55},{"angle":180,"type":"inverse","time":55.5},{"angle":348.75,"type":"inverse","time":61},{"angle":270,"type":"inverse","time":62},{"angle":227.5,"type":"inverse","time":62.5},{"angle":191.25,"type":"inverse","time":63},{"angle":143.5,"type":"inverse","time":63.5},{"angle":258.75,"type":"inverse","time":69},{"angle":78.75,"type":"inverse","time":69},{"angle":213.75,"type":"inverse","time":70},{"angle":33.75,"type":"inverse","time":70},{"angle":180,"type":"inverse","time":70.5},{"angle":360,"type":"inverse","time":70.5},{"angle":135,"type":"inverse","time":71},{"angle":315,"type":"inverse","time":71},{"angle":90,"type":"inverse","time":71.5},{"angle":270,"type":"inverse","time":71.5},{"angle":0,"type":"inverse","time":77},{"angle":0,"type":"inverse","time":78},{"angle":0,"type":"inverse","time":78.5},{"angle":0,"type":"inverse","time":79},{"angle":0,"type":"inverse","time":79.5},{"angle2":225,"duration":0.5,"type":"mineHold","angle":258.75,"time":85},{"angle2":258.75,"duration":0.5,"type":"mineHold","angle":213.75,"time":85.5},{"angle":33.75,"type":"mine","time":89},{"angle":56.25,"type":"mine","time":89.25},{"angle":78.75,"type":"mine","time":89.5},{"angle2":168.75,"duration":0.5,"type":"mineHold","angle":191.25,"time":93},{"angle2":191.25,"duration":0.5,"type":"mineHold","angle":168.75,"time":93.5},{"angle":345,"type":"mine","time":57},{"angle":15,"type":"mine","time":57.5},{"angle":90,"type":"mine","time":58.5},{"angle":135,"type":"mine","time":59},{"angle":210,"type":"mine","time":59.5},{"angle":255,"type":"mine","time":60},{"angle":165,"type":"mine","time":61},{"angle":120,"type":"mine","time":61.5},{"angle":45,"type":"mine","time":62.5},{"angle":195,"type":"mine","time":64},{"angle":195,"type":"mine","time":65},{"angle":210,"type":"mine","time":65.5},{"angle":270,"type":"mine","time":66.5},{"angle":300,"type":"mine","time":67},{"angle":15,"type":"mine","time":68},{"angle":345,"type":"mine","time":69},{"angle":330,"type":"mine","time":69.5},{"angle":255,"type":"mine","time":70.5},{"angle":225,"type":"mine","time":71},{"angle":315,"type":"mine","time":72},{"angle":345,"type":"mine","time":73},{"angle":15,"type":"mine","time":73.5},{"angle":105,"type":"mine","time":74.5},{"angle":150,"type":"mine","time":75},{"angle":375,"type":"mine","time":64},{"angle":375,"type":"mine","time":65},{"angle":390,"type":"mine","time":65.5},{"angle":450,"type":"mine","time":66.5},{"angle":480,"type":"mine","time":67},{"angle":195,"type":"mine","time":68},{"angle":525,"type":"mine","time":69},{"angle":510,"type":"mine","time":69.5},{"angle":435,"type":"mine","time":70.5},{"angle":405,"type":"mine","time":71},{"angle":495,"type":"mine","time":72},{"angle":525,"type":"mine","time":73},{"angle":195,"type":"mine","time":73.5},{"angle":285,"type":"mine","time":74.5},{"angle":330,"type":"mine","time":75},{"angle2":258.75,"duration":8,"type":"hold","time":156,"angle":0,"holdEase":"outExpo"},{"angle2":101.25,"duration":6,"type":"hold","time":164,"angle":258.75,"holdEase":"outExpo"},{"angle2":90,"duration":1,"type":"hold","angle":112.5,"time":170},{"angle2":56.25,"duration":1,"type":"hold","angle":78.75,"time":171},{"angle2":-67.5,"duration":3,"type":"hold","time":172,"angle":33.75,"holdEase":"outExpo"},{"angle2":258.75,"duration":1,"type":"hold","angle":281.25,"time":175},{"angle2":225,"duration":1,"type":"hold","angle":247.5,"time":176},{"angle2":258.75,"duration":1,"type":"hold","angle":202.5,"time":177},{"angle2":281.25,"duration":1,"type":"hold","angle":247.5,"time":178},{"angle2":303.75,"duration":1,"type":"hold","angle":270,"time":179},{"angle2":247.5,"duration":1,"type":"hold","angle":315,"time":180},{"angle2":315,"duration":1,"type":"hold","angle":236.25,"time":181},{"angle2":360,"duration":1,"type":"hold","angle":292.5,"time":182},{"angle2":45,"duration":1,"type":"hold","time":183,"angle":-22.5,"holdEase":"inExpo"},{"angle2":405,"duration":3,"type":"hold","time":184,"angle":45,"holdEase":"outQuad"},{"angle2":11.25,"duration":1,"type":"hold","angle":56.25,"time":187},{"angle2":371.25,"duration":0.5,"type":"hold","angle":348.75,"time":188},{"angle2":-180,"duration":7.5,"type":"hold","angle":371.25,"time":188.5},{"angle":180,"type":"mine","time":156},{"angle":348.75,"type":"mine","time":157},{"angle":11.25,"type":"mine","time":157.5},{"angle":67.5,"type":"mine","time":158.5},{"angle":78.75,"type":"mine","time":159},{"angle":78.75,"type":"mine","time":160},{"angle":78.75,"type":"mine","time":161},{"angle":78.75,"type":"mine","time":161.5},{"angle":78.75,"type":"mine","time":162.5},{"angle":78.75,"type":"mine","time":163},{"angle":348.75,"type":"mine","time":161},{"angle":168.75,"type":"mine","time":161},{"angle":348.75,"type":"mine","time":162},{"angle":168.75,"type":"mine","time":162},{"angle":348.75,"type":"mine","time":162.5},{"angle":348.75,"type":"mine","time":163},{"angle":348.75,"type":"mine","time":163.5},{"angle":168.75,"type":"mine","time":162.5},{"angle":168.75,"type":"mine","time":163},{"angle":168.75,"type":"mine","time":163.5},{"angle":78.75,"type":"mine","time":164},{"angle":326.25,"type":"mine","time":165},{"angle":303.75,"type":"mine","time":165.5},{"angle":281.25,"type":"mine","time":166.5},{"angle":281.25,"type":"mine","time":167},{"angle":281.25,"type":"mine","time":168},{"angle":281.25,"type":"mine","time":169},{"angle":281.25,"type":"mine","time":169.5},{"angle":281.25,"type":"mine","time":170.5},{"angle":270,"type":"mine","time":171},{"angle":11.25,"type":"mine","time":169},{"angle":191.25,"type":"mine","time":169},{"angle":11.25,"type":"mine","time":171},{"angle":22.5,"type":"mine","time":170},{"angle":22.5,"type":"mine","time":170.5},{"angle":348.75,"type":"mine","time":171.5},{"angle":202.5,"type":"mine","time":170},{"angle":202.5,"type":"mine","time":170.5},{"angle":191.25,"type":"mine","time":171},{"angle":168.75,"type":"mine","time":171.5},{"angle":213.75,"type":"mine","time":172},{"angle":112.5,"type":"mine","time":173},{"angle":112.5,"type":"mine","time":174.5},{"angle":112.5,"type":"mine","time":173.5},{"angle":112.5,"type":"mine","time":175},{"angle":78.75,"type":"mine","time":176},{"angle":348.75,"type":"mine","time":178},{"angle":168.75,"type":"mine","time":178},{"angle":90,"type":"mine","time":178.5},{"angle":123.75,"type":"mine","time":180},{"angle":67.5,"type":"mine","time":177.5},{"angle":90,"type":"mine","time":179},{"angle":22.5,"type":"mine","time":177},{"angle":292.5,"type":"mine","time":177},{"angle":112.5,"type":"mine","time":177},{"angle":0,"type":"mine","time":178.5},{"angle":180,"type":"mine","time":178.5},{"angle":0,"type":"mine","time":179},{"angle":180,"type":"mine","time":179},{"angle":33.75,"type":"mine","time":179.5},{"angle":202.5,"type":"mine","time":179.5},{"angle":67.5,"type":"mine","time":181},{"angle":90,"type":"mine","time":181.5},{"angle":157.5,"type":"mine","time":182.5},{"angle":157.5,"type":"mine","time":183},{"angle":225,"type":"mine","time":184},{"angle":270,"type":"mine","time":197},{"angle":180,"type":"block","time":201},{"angle":202.5,"type":"block","time":201},{"angle":157.5,"type":"block","time":201},{"angle":135,"type":"block","time":202},{"angle":157.5,"type":"block","time":202.5},{"angle":180,"type":"block","time":203},{"angle":202.5,"type":"block","time":203.5},{"angle2":540,"duration":7,"type":"hold","angle":247.5,"time":204},{"angle2":157.5,"duration":1,"type":"hold","angle":202.5,"time":211},{"angle2":225,"duration":1,"type":"hold","angle":180,"time":212},{"angle2":292.5,"duration":1,"type":"hold","angle":247.5,"time":213},{"angle2":360,"duration":1,"type":"hold","angle":315,"time":214},{"angle2":270,"duration":1,"type":"hold","angle":337.5,"time":215},{"angle2":90,"duration":4,"type":"hold","time":216,"angle":-67.5,"holdEase":"inExpo"},{"angle2":360,"duration":8,"type":"hold","time":220,"angle":90,"holdEase":"outExpo"},{"angle2":-180,"duration":8,"type":"hold","time":228,"angle":0,"holdEase":"outExpo"},{"angle2":112.5,"duration":1,"type":"hold","angle":202.5,"time":236},{"angle2":45,"duration":1,"type":"hold","angle":157.5,"time":237},{"angle2":157.5,"duration":1,"type":"hold","angle":67.5,"time":238},{"angle2":45,"duration":1,"type":"hold","angle":135,"time":239},{"angle2":180,"duration":3,"type":"hold","time":240,"angle":360,"holdEase":"outSine"},{"angle2":225,"duration":1,"type":"hold","angle":157.5,"time":243},{"angle2":67.5,"duration":3,"type":"hold","time":244,"angle":202.5,"holdEase":"outSine"},{"angle2":112.5,"duration":1,"type":"hold","angle":45,"time":247},{"angle2":0,"duration":3,"type":"hold","time":248,"angle":135,"holdEase":"outSine"},{"angle2":45,"duration":1,"type":"hold","angle":-22.5,"time":251},{"angle2":337.5,"duration":11,"type":"hold","time":252,"angle":67.5,"holdEase":"outSine"},{"angle2":67.5,"duration":0,"type":"mineHold","angle":-67.5,"time":196},{"angle2":247.5,"duration":0,"type":"mineHold","angle":382.5,"time":197},{"angle2":202.5,"duration":0,"type":"mineHold","angle":337.5,"time":197.5},{"angle2":112.5,"duration":0,"type":"mineHold","angle":247.5,"time":198.5},{"angle2":202.5,"duration":0,"type":"mineHold","angle":67.5,"time":199},{"angle2":292.5,"duration":0,"type":"mineHold","angle":67.5,"time":200},{"angle2":315,"duration":0,"type":"mineHold","angle":405,"time":201},{"angle2":-67.5,"duration":0,"type":"mineHold","angle":67.5,"time":201.5},{"angle2":292.5,"duration":0,"type":"mineHold","angle":427.5,"time":202.5},{"angle2":45,"duration":0,"type":"mineHold","angle":-45,"time":203},{"angle":67.5,"type":"mine","time":185},{"angle":135,"type":"mine","time":185.5},{"angle":202.5,"type":"mine","time":186.5},{"angle":225,"type":"mine","time":187},{"angle2":-360,"duration":8,"type":"mineHold","time":188,"angle":225,"holdEase":"linear"},{"angle2":360,"duration":8,"type":"mineHold","angle":67.5,"time":204},{"angle":337.5,"type":"mine","time":212},{"angle":67.5,"type":"mine","time":213},{"angle":101.25,"type":"mine","time":213.5},{"angle":157.5,"type":"mine","time":214.5},{"angle":180,"type":"mine","time":215},{"angle2":270,"duration":4,"type":"mineHold","time":216,"angle":112.5,"holdEase":"inExpo"},{"angle2":540,"duration":8,"type":"mineHold","time":220,"angle":270,"holdEase":"outExpo"},{"angle":168.75,"type":"mine","time":228},{"angle":67.5,"type":"mine","time":229},{"angle":45,"type":"mine","time":229.5},{"angle":11.25,"type":"mine","time":230.5},{"angle":0,"type":"mine","time":231},{"angle":360,"type":"mine","time":232},{"angle":0,"type":"mine","time":233},{"angle":360,"type":"mine","time":233.5},{"angle":0,"type":"mine","time":234.5},{"angle":360,"type":"mine","time":235},{"angle":270,"type":"mine","time":226},{"angle":90,"type":"mine","time":226},{"angle":270,"type":"mine","time":226.5},{"angle":270,"type":"mine","time":227},{"angle":90,"type":"mine","time":226.5},{"angle":90,"type":"mine","time":227},{"angle":90,"type":"mine","time":227.5},{"angle":270,"type":"mine","time":227.5},{"angle":270,"type":"mine","time":233},{"angle":90,"type":"mine","time":233},{"angle":270,"type":"mine","time":234},{"angle":270,"type":"mine","time":234.5},{"angle":270,"type":"mine","time":235},{"angle":270,"type":"mine","time":235.5},{"angle":90,"type":"mine","time":234},{"angle":90,"type":"mine","time":234.5},{"angle":90,"type":"mine","time":235},{"angle":90,"type":"mine","time":235.5},{"angle":337.5,"type":"mine","time":264},{"angle":360,"type":"mine","time":265},{"angle":56.25,"type":"mine","time":266.5},{"angle":67.5,"type":"mine","time":267},{"angle":78.75,"type":"extraTap","time":268},{"angle":90,"type":"mine","time":268},{"angle":45,"type":"mine","time":266},{"angle":78.75,"type":"mine","time":267.5},{"angle":112.5,"type":"mine","time":269},{"angle":360,"type":"mine","time":272},{"angle2":315,"duration":1,"type":"mineHold","angle":292.5,"time":273.5},{"angle2":326.25,"duration":1,"type":"mineHold","angle":292.5,"time":274.5},{"angle":292.5,"type":"mine","time":276},{"angle2":45,"duration":1,"type":"mineHold","angle":90,"time":269.5},{"angle2":11.25,"duration":1,"type":"mineHold","angle":67.5,"time":270.5},{"angle":270,"type":"mine","time":277},{"angle2":225,"duration":1,"type":"mineHold","angle":281.25,"time":277.5},{"angle2":202.5,"duration":1,"type":"mineHold","angle":247.5,"time":278.5},{"angle":180,"type":"mine","time":280},{"angle":78.75,"type":"extraTap","time":280},{"angle":78.75,"type":"extraTap","time":281},{"angle":90,"type":"extraTap","time":282},{"angle":90,"type":"extraTap","time":283},{"angle":90,"type":"mine","time":281},{"angle":360,"type":"mine","time":282},{"angle":270,"type":"mine","time":283},{"angle":78.75,"type":"extraTap","time":284},{"angle2":90,"duration":4,"type":"mineHold","angle":0,"time":288},{"angle2":270,"duration":1,"type":"mineHold","time":291,"angle":67.5,"holdEase":"inQuad"},{"angle2":360,"duration":4,"type":"mineHold","angle":270,"time":292},{"angle2":180,"duration":4,"type":"mineHold","angle":90,"time":292},{"angle2":120,"duration":4,"type":"mineHold","angle":0,"time":296},{"angle2":240,"duration":4,"type":"mineHold","angle":120,"time":296},{"angle2":360,"duration":4,"type":"mineHold","angle":240,"time":296},{"angle":11.25,"type":"extraTap","time":300},{"angle":90,"type":"block","time":301},{"angle":78.75,"type":"block","time":300.5},{"angle":67.5,"type":"block","time":301.5},{"angle":112.5,"type":"block","time":302.5},{"angle":135,"type":"block","time":303},{"angle":101.25,"type":"block","time":302},{"angle":112.5,"type":"block","time":303.5},{"angle":146.25,"type":"block","time":304},{"angle":180,"type":"block","time":304.5},{"angle":213.75,"type":"block","time":305},{"angle":247.5,"type":"block","time":305.5},{"angle":191.25,"type":"block","time":306},{"angle":225,"type":"block","time":306.5},{"angle":247.5,"type":"block","time":307},{"angle":270,"type":"block","time":307.5},{"angle":247.5,"type":"block","time":308},{"angle":281.25,"type":"block","time":308.5},{"angle":258.75,"type":"block","time":309},{"angle":236.25,"type":"block","time":309.5},{"angle":281.25,"type":"block","time":310},{"angle":315,"type":"block","time":310.5},{"angle":348.75,"type":"block","time":311},{"angle":337.5,"type":"block","time":311.5},{"angle":11.25,"type":"block","time":312},{"angle":45,"type":"block","time":312.5},{"angle":22.5,"type":"block","time":313},{"angle":11.25,"type":"block","time":313.5},{"angle":45,"type":"block","time":314},{"angle":67.5,"type":"block","time":314.5},{"angle":90,"type":"block","time":315},{"angle":56.25,"type":"block","time":315.5},{"angle":360,"type":"block","time":316},{"angle":11.25,"type":"inverse","time":312},{"angle":22.5,"type":"inverse","time":313},{"angle":45,"type":"inverse","time":314},{"angle":90,"type":"inverse","time":315},{"angle":-33.75,"type":"block","time":317},{"angle":-22.5,"type":"block","time":316.5},{"angle":-11.25,"type":"block","time":317.5},{"angle":-56.25,"type":"block","time":318.5},{"angle":-78.75,"type":"block","time":319},{"angle":-45,"type":"block","time":318},{"angle":-56.25,"type":"block","time":319.5},{"angle":-90,"type":"block","time":320},{"angle":-123.75,"type":"block","time":320.5},{"angle":-157.5,"type":"block","time":321},{"angle":-191.25,"type":"block","time":321.5},{"angle":-135,"type":"block","time":322},{"angle":-168.75,"type":"block","time":322.5},{"angle":-191.25,"type":"block","time":323},{"angle":-213.75,"type":"block","time":323.5},{"angle":-191.25,"type":"block","time":324},{"angle":-225,"type":"block","time":324.5},{"angle":-202.5,"type":"block","time":325},{"angle":-180,"type":"block","time":325.5},{"angle":-225,"type":"block","time":326},{"angle":-258.75,"type":"block","time":326.5},{"angle":45,"type":"block","time":327},{"angle":22.5,"type":"block","time":327.5},{"angle":11.25,"type":"block","time":328},{"angle":348.75,"type":"block","time":328.5},{"angle":11.25,"type":"block","time":329},{"angle":22.5,"type":"block","time":329.5},{"angle":11.25,"type":"block","time":330},{"angle":-11.25,"type":"block","time":330.5},{"angle":11.25,"type":"block","time":331},{"angle":348.75,"type":"block","time":331.5},{"angle":11.25,"type":"inverse","time":328},{"angle":11.25,"type":"inverse","time":329},{"angle":11.25,"type":"inverse","time":330},{"angle":11.25,"type":"inverse","time":331},{"angle2":90,"duration":4,"type":"mineHold","time":316,"angle":180,"holdEase":"outSine"},{"angle2":0,"duration":4,"type":"mineHold","time":320,"angle":90,"holdEase":"outSine"},{"angle2":-90,"duration":4,"type":"mineHold","time":324,"angle":0,"holdEase":"outSine"},{"angle2":-180,"duration":4,"type":"hold","holdEase":"inExpo","angle":0,"time":328},{"angle2":180,"duration":4,"type":"hold","time":328,"angle":0,"holdEase":"inExpo"},{"angle":0,"time":80,"type":"block","tap":true},{"angle":0,"type":"inverse","time":80}]