{"metadata":{"description":"rube busder :D","artistLink":"https://twitter.com/tobyfox","songName":"Rude Buster","difficulty":8,"artist":"Toby Fox","charter":"shoeless","bgData":{"greenChannel":{"g":255,"b":255,"r":255},"yellowChannel":{"g":255,"b":255,"r":255},"magentaChannel":{"g":255,"b":255,"r":255},"cyanChannel":{"g":255,"b":255,"r":255},"redChannel":{"g":1,"b":43,"r":36},"image":"BG.png","blueChannel":{"g":0,"b":172,"r":172}},"bg":true},"events":[{"bpm":140,"type":"play","volume":0.80000001192093,"file":"Rude Buster.ogg","time":4,"angle":112.5},{"type":"ease","value":2.8900001049042,"time":0,"angle":90,"var":"scrollSpeed"},{"type":"showResults","time":193,"angle":45},{"sprite":"BG.png","type":"deco","id":"BG","y":0,"drawLayer":"bg","recolor":-1,"time":-1,"x":0,"angle":67.5},{"type":"setColor","time":-1,"color":1,"angle":315},{"type":"setColor","time":-1,"color":0,"angle":337.5},{"type":"setColor","angle":292.5,"color":3,"b":106,"time":-1,"g":0,"r":106},{"type":"setColor","angle":270,"b":28,"g":0,"time":-1,"color":2,"r":23},{"type":"outline","color":0,"time":-1,"enable":true,"angle":247.5},{"type":"setColor","r":255,"g":255,"color":0,"b":255,"time":-1,"angle":22.5}],"properties":{"speed":70,"startBeat":0,"offset":4,"formatversion":13}}