{"properties":{"loadBeat":-1,"offset":8,"speed":70,"formatversion":13},"metadata":{"description":"Please don't cheat, thanks.","difficulty":1,"charter":"Random22","bgData":{"greenChannel":{"r":58,"b":105,"g":114},"redChannel":{"r":2,"b":253,"g":245},"blueChannel":{"r":8,"b":27,"g":28},"image":"SecretSong.png","yellowChannel":{"r":23,"b":66,"g":55},"magentaChannel":{"r":0,"b":34,"g":20},"cyanChannel":{"r":255,"b":255,"g":255}},"artistLink":"https://x.com/lachhh","songName":"Secret Song","artist":"Lachhh","bg":true},"events":[{"bpm":117,"volume":1,"type":"play","angle":292.5,"file":"cheat detected.ogg","time":-0,"offset":0.019999999552965},{"g":0,"r":0,"type":"setColor","angle":315,"color":0,"time":-1,"b":0},{"type":"setColor","color":1,"g":245,"angle":337.5,"r":2,"time":-1,"b":253},{"var":"vfx.drawCombo","type":"setBoolean","angle":247.5,"time":-1,"enable":false},{"var":"vfx.drawAccuracy","type":"setBoolean","angle":225,"time":-1,"enable":false},{"var":"vfx.drawDifficulty","type":"setBoolean","angle":202.5,"time":-1,"enable":false},{"id":"TXT","type":"deco","angle":90,"time":-0,"hide":false,"sprite":"TXT1.png","y":0,"x":0},{"g":200,"r":0,"type":"setColor","angle":0,"color":2,"time":-1,"b":204},{"id":"TXT","type":"deco","angle":90,"time":-1,"hide":true,"sprite":"","y":0,"x":0},{"id":"TXT","sprite":"TXT2.png","y":0,"type":"deco","angle":270,"time":6.6666665077209,"x":0},{"id":"TXT","angle":90,"y":0,"type":"deco","sprite":"TXT3.png","time":14.666666984558,"x":0},{"id":"TXT","sprite":"TXT4.png","y":0,"type":"deco","angle":292.5,"time":22.666666030884,"x":0},{"id":"TXT","type":"deco","angle":90,"time":28,"hide":false,"sprite":"TXT1.png","y":0,"x":0},{"id":"TXT","sprite":"TXT2.png","y":0,"type":"deco","angle":270,"time":34.666666507721,"x":0},{"id":"TXT","angle":90,"y":0,"type":"deco","sprite":"TXT3.png","time":42.666666984558,"x":0},{"id":"TXT","sprite":"TXT4.png","y":0,"type":"deco","angle":292.5,"time":50.666666030884,"x":0},{"g":0,"angle":157.5,"time":-0,"name":"Loop1","description":"","r":0,"type":"bookmark","b":255},{"g":0,"angle":270,"time":28,"name":"Loop2","description":"","r":0,"type":"bookmark","b":0},{"id":"TXT","type":"deco","angle":90,"time":56,"hide":false,"sprite":"TXT1.png","y":0,"x":0},{"id":"TXT","sprite":"TXT2.png","y":0,"type":"deco","angle":270,"time":62.666666507721,"x":0},{"id":"TXT","sprite":"TXT3.png","y":0,"type":"deco","angle":90,"time":70.666664123535,"x":0},{"g":0,"angle":270,"time":56,"name":"LoopEnd","description":"","r":0,"type":"bookmark","b":0},{"ease":"linear","g":0,"angle":292.5,"color":2,"time":57,"duration":16,"r":0,"type":"setColor","b":0},{"angle":180,"time":75.333335876465,"type":"showResults"},{"id":"TXT","y":0,"hide":true,"type":"deco","angle":157.5,"time":74,"x":0}]}