[{"angle":360,"time":32,"duration":0.5,"type":"hold","holdEase":"inBack","angle2":427.5},{"angle":90,"time":33,"duration":0.5,"type":"hold","holdEase":"inBack","angle2":0},{"type":"block","time":34,"angle":315},{"type":"block","time":34,"angle":337.5},{"type":"block","time":34.5,"angle":326.25},{"type":"block","time":35,"angle":337.5},{"type":"block","time":35.5,"angle":348.75},{"type":"block","time":36,"angle":315},{"type":"block","time":36,"angle":337.5},{"type":"block","time":36.5,"angle":326.25},{"type":"block","time":37,"angle":315},{"type":"block","time":37.5,"angle":303.75},{"angle":292.5,"time":38,"duration":1,"type":"hold","holdEase":"outCirc","angle2":247.5},{"angle":247.5,"time":39,"duration":1,"type":"hold","holdEase":"inCirc","angle2":292.5},{"type":"block","time":40.5,"angle":303.75},{"type":"block","time":41,"angle":326.25},{"type":"block","time":41.5,"angle":348.75},{"type":"block","time":42,"angle":33.75},{"type":"block","time":42,"angle":45},{"type":"block","time":42.5,"angle":0},{"type":"block","time":43,"angle":326.25},{"type":"block","time":43.5,"angle":292.5},{"type":"block","time":44,"angle":270},{"type":"block","time":44,"angle":281.25},{"type":"block","time":44.5,"angle":236.25},{"type":"block","time":45,"angle":202.5},{"type":"block","time":46,"angle":168.75},{"type":"block","time":46.5,"angle":146.25},{"type":"block","time":46.5,"angle":135},{"type":"block","time":47,"angle":112.5},{"type":"block","time":47,"angle":123.75},{"type":"block","time":47.5,"angle":112.5},{"type":"block","time":47.5,"angle":123.75},{"type":"block","time":45.5,"angle":180},{"type":"block","time":48.5,"angle":22.5},{"type":"block","time":49,"angle":0},{"type":"block","time":49.5,"angle":348.75},{"type":"block","time":50,"angle":315},{"type":"block","time":50,"angle":326.25},{"type":"block","time":50.5,"angle":348.75},{"type":"block","time":51,"angle":360},{"type":"block","time":51.5,"angle":11.25},{"type":"block","time":52,"angle":33.75},{"type":"block","time":52,"angle":45},{"type":"block","time":52.5,"angle":11.25},{"type":"block","time":53,"angle":360},{"type":"block","time":53.5,"angle":348.75},{"type":"block","time":54,"angle":326.25},{"type":"block","time":54,"angle":337.5},{"type":"block","time":54.5,"angle":348.75},{"type":"block","time":55,"angle":360},{"type":"block","time":55.5,"angle":11.25},{"angle":348.75,"time":56,"duration":1,"type":"hold","holdEase":"inBack","angle2":371.25},{"angle":11.25,"time":56,"duration":1,"type":"hold","holdEase":"inBack","angle2":33.75},{"angle2":247.5,"type":"hold","time":57.5,"duration":0.5,"angle":326.25},{"angle2":270,"type":"hold","time":57.5,"duration":0.5,"angle":348.75},{"angle2":281.25,"type":"hold","time":58,"duration":1,"angle":247.5},{"angle2":303.75,"type":"hold","time":58,"duration":1,"angle":270},{"angle":281.25,"time":59,"duration":1,"type":"hold","holdEase":"inBack","angle2":236.25},{"angle":303.75,"time":59,"duration":1,"type":"hold","holdEase":"inBack","angle2":258.75},{"angle2":191.25,"type":"hold","time":60.5,"duration":0.5,"angle":213.75},{"angle2":168.75,"type":"hold","time":60.5,"duration":0.5,"angle":191.25},{"angle":191.25,"time":61,"duration":1,"type":"hold","holdEase":"outBack","angle2":78.75},{"angle":168.75,"time":61,"duration":1,"type":"hold","holdEase":"outBack","angle2":56.25},{"angle2":33.75,"type":"hold","time":62.5,"duration":1.5,"angle":33.75},{"angle2":11.25,"type":"hold","time":62.5,"duration":1.5,"angle":11.25},{"type":"block","time":48,"angle":45},{"type":"block","time":48,"angle":56.25},{"angle":348.75,"time":66,"duration":0.5,"type":"hold","holdEase":"inBack","angle2":371.25},{"angle":11.25,"time":66,"duration":0.5,"type":"hold","holdEase":"inBack","angle2":33.75},{"type":"block","time":67,"angle":337.5},{"type":"block","time":67,"angle":-33.75},{"angle2":270,"type":"hold","time":68,"duration":0.5,"angle":292.5},{"type":"block","time":69,"angle":303.75},{"type":"side","time":70,"angle":213.75},{"type":"block","time":71,"tap":true,"angle":90},{"type":"block","time":71,"tap":true,"angle":101.25},{"type":"block","time":71.5,"tap":true,"angle":90},{"type":"block","time":71.5,"tap":true,"angle":101.25},{"type":"block","time":72,"angle":56.25},{"type":"block","time":72,"angle":67.5},{"type":"block","time":73.5,"angle":0},{"type":"block","time":73.5,"angle":11.25},{"angle2":303.75,"type":"hold","time":75,"duration":1,"angle":337.5},{"type":"block","time":76,"angle":303.75},{"type":"block","time":76,"angle":292.5},{"type":"block","time":76.5,"angle":281.25},{"type":"block","time":76.5,"angle":270},{"type":"block","time":77.5,"angle":213.75},{"type":"block","time":77.5,"angle":202.5},{"angle2":123.75,"type":"hold","time":78,"duration":0.25,"angle":180},{"angle2":180,"type":"hold","time":78.5,"duration":0.25,"angle":123.75},{"type":"side","time":79,"tap":true,"angle":258.75},{"type":"block","time":80,"angle":315},{"type":"block","time":80,"angle":326.25},{"angle":315,"time":81,"duration":1,"type":"hold","holdEase":"inExpo","angle2":281.25},{"angle":281.25,"time":82.5,"duration":1,"type":"hold","holdEase":"inExpo","angle2":247.5},{"type":"block","time":83,"angle":292.5},{"type":"block","time":83,"angle":292.5},{"type":"block","time":83.25,"angle":292.5},{"type":"side","time":84,"tap":true,"angle":315},{"type":"block","time":84.5,"angle":11.25},{"angle":405,"time":85,"duration":1,"type":"hold","holdEase":"inExpo","angle2":371.25},{"type":"block","time":87,"angle":337.5},{"type":"block","time":87,"angle":348.75},{"angle":337.5,"time":88,"duration":0.5,"type":"hold","holdEase":"inExpo","angle2":281.25},{"angle":348.75,"time":89,"duration":0.5,"type":"hold","holdEase":"inExpo","angle2":393.75},{"type":"block","time":90,"angle":427.5},{"type":"block","time":90.5,"angle":427.5},{"type":"block","time":91,"angle":382.5},{"type":"block","time":91.5,"angle":382.5},{"type":"block","time":92,"angle":348.75},{"type":"block","time":92.5,"angle":348.75},{"type":"block","time":93,"angle":22.5},{"type":"block","time":93.5,"angle":22.5},{"angle":22.5,"time":94,"duration":1,"type":"hold","holdEase":"outExpo","angle2":213.75},{"type":"block","time":96,"angle":225},{"type":"block","time":96,"angle":213.75},{"type":"block","time":97,"angle":281.25},{"type":"block","time":97,"angle":270},{"type":"extraTap","time":97,"angle":258.75},{"type":"extraTap","time":98.5,"angle":315},{"angle2":236.25,"type":"hold","time":98,"duration":0.25,"angle":281.25},{"angle2":191.25,"type":"hold","time":98.5,"duration":0.25,"angle":236.25},{"angle":180,"time":99,"duration":0.5,"type":"hold","holdEase":"outBack","angle2":112.5},{"angle":112.5,"time":99.5,"duration":0.5,"type":"hold","holdEase":"outBack","angle2":180},{"type":"block","time":100.5,"angle":213.75},{"type":"block","time":101,"angle":247.5},{"angle":270,"time":102,"duration":0.5,"type":"hold","holdEase":"inExpo","angle2":315},{"angle":-405,"time":103,"duration":0.5,"type":"hold","holdEase":"inExpo","angle2":-450},{"angle2":157.5,"type":"hold","time":104,"duration":1.5,"angle":236.25},{"type":"block","time":105,"angle":213.75},{"angle2":157.5,"type":"hold","time":106,"duration":1.5,"angle":236.25},{"type":"block","time":107,"angle":213.75},{"angle2":225,"type":"hold","time":107.5,"duration":0.5,"angle":135},{"angle2":225,"type":"hold","time":108.5,"duration":1,"angle":135},{"type":"block","time":109,"angle":135},{"angle2":146.25,"type":"hold","time":110,"duration":1.5,"angle":225},{"type":"block","time":111,"angle":202.5},{"angle":146.25,"time":112,"duration":0.5,"type":"hold","holdEase":"inBack","angle2":67.5},{"angle":33.75,"time":113,"duration":0.5,"type":"hold","holdEase":"inBack","angle2":90},{"type":"block","time":114,"angle":112.5},{"type":"block","time":114.5,"angle":157.5},{"type":"block","time":114.75,"angle":180},{"type":"block","time":115,"angle":202.5},{"type":"block","time":115.5,"angle":247.5},{"type":"block","time":116,"angle":292.5},{"type":"block","time":116.5,"angle":247.5},{"type":"block","time":117,"angle":202.5},{"type":"block","time":117.25,"angle":180},{"type":"block","time":117.5,"angle":157.5},{"angle2":112.5,"type":"hold","time":118,"duration":8,"angle":112.5},{"type":"block","time":128,"angle":112.5},{"angle2":45,"type":"hold","time":129,"duration":0.5,"angle":90},{"type":"block","time":130,"angle":0},{"type":"block","time":131,"angle":315},{"type":"block","time":131.25,"angle":292.5},{"type":"block","time":131.5,"angle":270},{"type":"block","time":131.75,"angle":247.5},{"type":"block","time":132,"angle":225},{"type":"block","time":132.5,"angle":225},{"type":"block","time":133,"angle":247.5},{"type":"block","time":133.25,"angle":270},{"type":"block","time":133.5,"angle":292.5},{"type":"block","time":133.75,"angle":315},{"type":"block","time":134,"angle":337.5},{"angle2":247.5,"type":"hold","time":138,"duration":1,"angle":135},{"angle2":247.5,"type":"hold","time":139.5,"duration":1,"angle":135},{"type":"block","time":141,"angle":135},{"type":"block","time":144,"angle":315},{"type":"block","time":145,"angle":382.5},{"type":"block","time":145.5,"angle":45},{"type":"side","time":146,"angle":315},{"type":"block","time":146.5,"angle":270},{"type":"block","time":147,"angle":247.5},{"type":"block","time":147.5,"angle":225},{"type":"block","time":147.5,"angle":202.5},{"type":"block","time":148,"angle":247.5},{"type":"block","time":148.5,"angle":270},{"type":"side","time":149,"angle":202.5},{"type":"block","time":150,"angle":90},{"type":"block","time":150,"angle":112.5},{"type":"block","time":150.5,"angle":90},{"type":"block","time":150.5,"angle":112.5},{"type":"block","time":150.75,"angle":90},{"type":"block","time":150.75,"angle":112.5},{"type":"block","time":151,"angle":90},{"type":"block","time":151,"angle":112.5},{"type":"side","time":151.5,"angle":22.5},{"angle2":225,"type":"hold","time":152,"duration":0.5,"angle":292.5},{"angle2":-360,"type":"hold","time":153,"duration":0.5,"angle":-427.5},{"angle2":225,"type":"hold","time":154,"duration":0.5,"angle":292.5},{"angle2":-360,"type":"hold","time":155,"duration":0.5,"angle":-427.5},{"angle":292.5,"time":156,"duration":0.5,"type":"hold","holdEase":"inExpo","angle2":225},{"angle":180,"time":157,"duration":0.5,"type":"hold","holdEase":"inExpo","angle2":112.5},{"type":"block","time":160,"angle":315},{"type":"block","time":160,"angle":292.5},{"type":"block","time":160.5,"angle":315},{"type":"block","time":160.5,"angle":292.5},{"type":"block","time":160.75,"angle":315},{"type":"block","time":160.75,"angle":292.5},{"type":"block","time":161,"angle":270},{"type":"block","time":161.5,"angle":247.5},{"type":"block","time":165,"angle":-67.5},{"type":"block","time":166.5,"angle":-67.5},{"type":"block","time":163,"angle":157.5},{"type":"block","time":163.5,"angle":157.5},{"type":"block","time":162,"angle":202.5},{"type":"block","time":162.5,"angle":157.5},{"angle2":247.5,"type":"hold","time":164,"duration":0.5,"angle":202.5},{"angle2":247.5,"type":"hold","time":165.5,"duration":0.5,"angle":202.5},{"angle2":247.5,"type":"hold","time":167,"duration":0.5,"angle":202.5},{"angle":67.5,"time":170,"duration":1,"type":"hold","holdEase":"inExpo","angle2":135},{"type":"block","time":171.5,"angle":180},{"angle2":270,"type":"hold","time":172,"duration":0.5,"angle":225},{"type":"block","time":173,"angle":315},{"type":"block","time":173.25,"angle":292.5},{"angle2":315,"type":"hold","time":173.5,"duration":0.5,"angle":270},{"type":"block","time":174.5,"angle":360},{"type":"block","time":174.75,"angle":337.5},{"angle":315,"time":175,"duration":0.5,"type":"hold","holdEase":"outBack","angle2":360},{"angle":-360,"time":175.5,"duration":0.5,"type":"hold","holdEase":"outBack","angle2":-405},{"type":"block","time":175.75,"angle":311.98287963867},{"type":"block","time":176,"angle":315},{"type":"block","time":177,"angle":45},{"type":"block","time":178,"angle":135},{"type":"block","time":179,"angle":-135},{"type":"block","time":180,"angle":315},{"type":"block","time":181,"angle":45},{"angle":315,"time":182,"duration":1,"type":"hold","holdEase":"outExpo","angle2":405},{"angle":45,"time":183,"duration":1,"type":"hold","holdEase":"inExpo","angle2":-45},{"type":"block","time":184.5,"angle":270},{"type":"block","time":184.75,"angle":247.5},{"type":"block","time":185,"angle":225},{"type":"block","time":185.5,"angle":270},{"angle":292.5,"time":186,"duration":1,"type":"hold","holdEase":"inBack","angle2":405},{"angle":45,"time":188.5,"duration":1,"type":"hold","holdEase":"inExpo","angle2":112.5},{"angle":112.5,"time":190,"duration":1,"type":"hold","holdEase":"inExpo","angle2":-22.5},{"type":"block","time":192,"angle":270},{"angle2":315,"type":"hold","time":194,"duration":0.5,"angle":270},{"angle2":270,"type":"hold","time":195,"duration":0.5,"angle":315},{"type":"block","time":196,"angle":270},{"angle":270,"time":196.5,"duration":0.5,"type":"hold","holdEase":"inExpo","angle2":180},{"type":"block","time":198,"angle":112.5},{"type":"block","time":198.5,"angle":90},{"type":"block","time":199,"angle":67.5},{"type":"block","time":199.5,"angle":45},{"type":"block","time":200.5,"angle":360},{"type":"block","time":200,"angle":22.5},{"angle":337.5,"time":201,"duration":0.5,"type":"hold","holdEase":"inExpo","angle2":270},{"type":"block","time":202,"angle":225},{"type":"block","time":202.5,"angle":180},{"type":"block","time":203,"angle":225},{"type":"block","time":204,"angle":225},{"angle2":270,"type":"hold","time":204.5,"duration":0.25,"angle":247.5},{"angle":270,"time":205.25,"duration":0.75,"type":"hold","holdEase":"outExpo","angle2":225},{"type":"block","time":208,"angle":135},{"angle2":180,"type":"hold","time":206.75,"duration":0.25,"angle":202.5},{"angle2":90,"type":"hold","time":208.5,"duration":0.25,"angle":112.5},{"angle":67.5,"time":209,"duration":0.5,"type":"hold","holdEase":"outExpo","angle2":45},{"angle":45,"time":209.5,"duration":0.5,"type":"hold","holdEase":"inExpo","angle2":90},{"angle":90,"time":211,"duration":0.5,"type":"hold","holdEase":"outExpo","angle2":157.5},{"type":"block","time":212,"angle":180},{"type":"block","time":212.5,"angle":180},{"angle":180,"time":213,"duration":0.5,"type":"hold","holdEase":"outExpo","angle2":225},{"angle2":202.5,"type":"hold","time":213.5,"duration":0.25,"angle":225},{"type":"block","time":214,"angle":180},{"angle2":270,"type":"hold","time":215,"duration":0.5,"angle":180},{"type":"block","time":214.5,"angle":180},{"angle2":247.5,"type":"hold","time":215.5,"duration":0.25,"angle":270},{"angle2":247.5,"type":"hold","time":216,"duration":0.25,"angle":270},{"angle2":247.5,"type":"hold","time":216.5,"duration":0.25,"angle":270},{"angle2":405,"type":"hold","time":217,"duration":1,"angle":247.5},{"angle2":90,"type":"hold","time":218.5,"duration":0.25,"angle":67.5},{"angle2":22.5,"type":"hold","time":219,"duration":0.5,"angle":112.5},{"angle2":67.5,"type":"hold","time":219.5,"duration":0.25,"angle":22.5},{"angle2":202.5,"type":"hold","time":220,"duration":0.5,"angle":90},{"type":"block","time":221,"angle":225},{"type":"block","time":221,"angle":247.5},{"type":"block","time":221.5,"angle":270},{"type":"block","time":221.5,"angle":247.5},{"angle2":247.5,"type":"hold","time":222,"duration":0.5,"angle":292.5},{"angle2":247.5,"type":"hold","time":223,"duration":0.25,"angle":202.5},{"angle2":202.5,"type":"hold","time":223.5,"duration":0.25,"angle":247.5},{"type":"block","time":224,"angle":180},{"type":"block","time":224.5,"angle":135},{"type":"block","time":225.5,"angle":90},{"type":"block","time":226.5,"angle":360},{"type":"block","time":228,"angle":270},{"type":"block","time":228.5,"angle":315},{"type":"block","time":229,"angle":0},{"type":"block","time":229.5,"angle":45},{"type":"block","time":230,"angle":90},{"type":"block","time":230.5,"angle":135},{"type":"block","time":231,"angle":180},{"type":"block","time":232,"angle":270},{"type":"block","time":232.5,"angle":225},{"angle2":135,"type":"hold","time":233.5,"duration":0.25,"angle":180},{"angle2":157.5,"type":"hold","time":234,"duration":0.5,"angle":112.5},{"type":"block","time":235,"angle":180},{"type":"block","time":236,"angle":270},{"type":"block","time":236.5,"angle":225},{"type":"block","time":237,"angle":180},{"type":"block","time":237.5,"angle":135},{"type":"block","time":238,"angle":90},{"type":"block","time":238.5,"angle":45},{"type":"block","time":239,"angle":90},{"type":"block","time":239.5,"angle":135},{"angle2":225,"type":"hold","time":240,"duration":0.5,"angle":180},{"angle2":180,"type":"hold","time":240.5,"duration":0.5,"angle":225},{"angle2":225,"type":"hold","time":241,"duration":0.5,"angle":180},{"angle2":180,"type":"hold","time":241.5,"duration":0.5,"angle":225},{"type":"block","time":241.75,"angle":202.5},{"type":"block","time":243,"angle":90},{"angle":315,"time":245,"duration":1,"type":"hold","holdEase":"outBack","angle2":180},{"angle":180,"time":246,"duration":2,"type":"hold","holdEase":"outQuart","angle2":315},{"angle2":360,"type":"hold","time":255.5,"duration":0.25,"angle":315},{"type":"block","time":254,"angle":315},{"type":"block","time":254.5,"angle":270},{"type":"block","time":255,"angle":315},{"type":"block","time":256,"angle":45},{"type":"block","time":258,"angle":-112.5},{"type":"block","time":259,"angle":-157.5},{"type":"block","time":260,"angle":157.5},{"type":"block","time":262,"angle":-247.5},{"type":"block","time":262.5,"angle":-225},{"type":"extraTap","time":101,"angle":258.75},{"type":"extraTap","time":102.5,"angle":315},{"type":"extraTap","time":105,"angle":258.75},{"type":"extraTap","time":106.5,"angle":315},{"type":"extraTap","time":109,"angle":258.75},{"type":"extraTap","time":110.5,"angle":315},{"angle2":292.5,"type":"hold","time":261,"duration":0.25,"angle":337.5},{"angle2":315,"type":"hold","time":261.5,"duration":0.25,"angle":270},{"angle2":202.5,"type":"hold","time":263,"duration":0.25,"angle":157.5},{"angle2":270,"type":"hold","time":263.5,"duration":0.25,"angle":225},{"type":"block","time":264,"angle":90},{"type":"block","time":264.5,"angle":45},{"type":"block","time":264.75,"angle":22.5},{"type":"block","time":265,"angle":360},{"type":"block","time":265.5,"angle":315},{"angle":270,"time":266,"duration":0.5,"type":"hold","holdEase":"outExpo","angle2":180},{"type":"block","time":267,"angle":135},{"type":"block","time":267.5,"angle":90},{"type":"block","time":268,"angle":45},{"type":"block","time":268.5,"angle":45},{"type":"block","time":269,"angle":90},{"type":"block","time":269.5,"angle":90},{"angle":90,"time":270,"duration":0.5,"type":"hold","holdEase":"outCirc","angle2":180},{"speedMult":3,"time":270.75,"type":"block","angle":180},{"speedMult":3,"time":271,"type":"block","angle":180},{"speedMult":3,"time":271.25,"type":"block","angle":180},{"speedMult":3,"time":271.5,"type":"block","angle":180},{"speedMult":3,"time":271.75,"type":"block","angle":180},{"type":"block","time":272,"angle":202.5},{"type":"block","time":272,"angle":180},{"angle2":45,"type":"hold","time":257,"duration":0.25,"angle":90},{"angle2":67.5,"type":"hold","time":257.5,"duration":0.25,"angle":22.5},{"type":"block","time":265,"tap":true,"angle":180},{"type":"block","time":265.5,"tap":true,"angle":112.5},{"type":"block","time":267,"tap":true,"angle":315},{"type":"block","time":269,"tap":true,"angle":270},{"type":"block","time":269.5,"tap":true,"angle":270},{"type":"block","time":271,"tap":true,"angle":0},{"type":"block","time":272,"angle":0},{"type":"block","time":272,"angle":22.5},{"angle2":112.5,"type":"hold","time":272.5,"duration":0.5,"angle":157.5},{"type":"block","time":273.5,"angle":382.5},{"type":"block","time":273.5,"angle":360},{"type":"block","time":273.5,"angle":180},{"type":"block","time":273.5,"angle":202.5},{"angle2":292.5,"type":"hold","time":274,"duration":0.5,"angle":337.5},{"type":"block","time":275,"angle":270},{"type":"block","time":275.5,"angle":45},{"type":"block","time":275.5,"angle":67.5},{"type":"block","time":276,"angle":22.5},{"type":"block","time":276.5,"angle":180},{"type":"block","time":277,"angle":337.5},{"type":"block","time":277.5,"angle":135},{"type":"block","time":278,"angle":292.5},{"type":"block","time":278.5,"angle":90},{"type":"block","time":279,"angle":247.5},{"type":"block","time":279.5,"angle":45},{"angle2":157.5,"type":"hold","time":280,"duration":0.25,"angle":202.5},{"angle2":90,"type":"hold","time":280.5,"duration":0.25,"angle":135},{"type":"block","time":281,"tap":true,"angle":247.5},{"type":"block","time":281.5,"tap":true,"angle":247.5},{"angle2":22.5,"type":"hold","time":282,"duration":0.25,"angle":67.5},{"angle2":-45,"type":"hold","time":282.5,"duration":0.25,"angle":0},{"type":"block","time":283,"tap":true,"angle":112.5},{"type":"block","time":283.5,"angle":112.5},{"type":"block","time":284,"angle":270},{"type":"block","time":285,"tap":true,"angle":67.5},{"type":"block","time":285.5,"tap":true,"angle":67.5},{"type":"block","time":284.5,"angle":270},{"type":"block","time":286,"angle":225},{"type":"block","time":286.25,"angle":45},{"type":"block","time":286.5,"angle":225},{"type":"block","time":286.75,"angle":45},{"type":"block","time":287,"tap":true,"angle":225},{"type":"block","time":287.25,"angle":45},{"type":"block","time":287.5,"angle":225},{"type":"block","time":287.75,"angle":45},{"angle2":247.5,"type":"hold","time":290,"duration":0.25,"angle":292.5},{"angle2":202.5,"type":"hold","time":290.5,"duration":0.25,"angle":225},{"type":"block","time":291,"angle":45},{"type":"block","time":291.5,"angle":67.5},{"type":"block","time":292,"angle":90},{"type":"block","time":292.5,"angle":112.5},{"type":"block","time":293,"angle":90},{"type":"block","time":293.5,"angle":67.5},{"type":"block","time":294,"angle":45},{"type":"block","time":294.5,"angle":22.5},{"type":"block","time":295,"angle":0},{"type":"block","time":295.5,"angle":337.5},{"angle2":112.5,"type":"hold","time":296,"duration":0.25,"angle":157.5},{"angle2":112.5,"type":"hold","time":296.5,"duration":0.25,"angle":157.5},{"angle2":90,"type":"hold","time":297,"duration":0.25,"angle":135},{"angle2":90,"type":"hold","time":297.5,"duration":0.25,"angle":135},{"type":"block","time":298,"angle":270},{"type":"block","time":298,"angle":292.5},{"type":"block","time":299,"angle":247.5},{"type":"block","time":299,"angle":225},{"type":"block","time":299.5,"angle":270},{"type":"block","time":299.5,"angle":292.5},{"angle2":157.5,"type":"hold","time":300,"duration":0.25,"angle":112.5},{"type":"block","time":300.5,"angle":337.5},{"type":"block","time":300.5,"angle":360},{"type":"block","time":301,"angle":22.5},{"type":"block","time":301,"angle":45},{"angle2":180,"type":"hold","time":301.5,"duration":0.25,"angle":225},{"type":"block","time":302.5,"angle":112.5},{"type":"block","time":302,"angle":315},{"type":"block","time":303,"angle":67.5},{"type":"block","time":303.5,"angle":112.5},{"type":"block","time":306,"angle":22.5},{"angle2":292.5,"type":"hold","time":307,"duration":0.25,"angle":337.5},{"angle2":225,"type":"hold","time":307.5,"duration":0.25,"angle":270},{"type":"block","time":308,"angle":202.5},{"angle2":270,"type":"hold","time":308.5,"duration":0.25,"angle":225},{"type":"block","time":309,"angle":292.5},{"type":"block","time":309.5,"angle":337.5},{"type":"block","time":310,"angle":22.5},{"type":"block","time":310.5,"angle":67.5},{"angle2":157.5,"type":"hold","time":311,"duration":0.25,"angle":112.5},{"type":"block","time":311.5,"angle":180},{"type":"block","time":312,"angle":180},{"type":"block","time":312,"angle":202.5},{"type":"block","time":313.5,"angle":247.5},{"type":"block","time":314,"angle":202.5},{"type":"block","time":314,"angle":180},{"type":"block","time":315,"angle":112.5},{"type":"block","time":315,"angle":90},{"type":"block","time":316,"angle":0},{"type":"block","time":316,"angle":22.5},{"type":"block","time":316.5,"angle":315},{"type":"block","time":317,"angle":270},{"type":"block","time":317.5,"angle":225},{"type":"block","time":318,"angle":180},{"type":"block","time":318.5,"angle":180},{"type":"block","time":318.75,"angle":180},{"type":"block","time":319,"angle":180},{"type":"block","time":319.5,"angle":180},{"angle2":-67.5,"type":"hold","time":322,"duration":6,"angle":112.5},{"angle2":337.5,"type":"hold","time":328,"duration":0.25,"angle":292.5},{"angle2":292.5,"type":"hold","time":328.5,"duration":0.25,"angle":337.5},{"angle":270,"time":329,"duration":1.5,"type":"hold","holdEase":"inBack","angle2":337.5},{"angle2":112.5,"type":"hold","time":331,"duration":5,"angle":337.5},{"angle":112.5,"time":336,"duration":0.5,"type":"hold","holdEase":"inExpo","angle2":45},{"angle":112.5,"time":337,"duration":0.5,"type":"hold","holdEase":"inExpo","angle2":180},{"angle2":405,"type":"hold","time":338,"duration":6,"angle":225},{"angle":-315,"time":344,"duration":0.5,"type":"hold","holdEase":"inExpo","angle2":-247.5},{"angle":-315,"time":345,"duration":0.5,"type":"hold","holdEase":"inExpo","angle2":-382.5},{"angle2":-247.5,"type":"hold","time":346,"duration":4,"angle":-427.5},{"type":"block","time":322.5,"angle":98.081481933594},{"type":"block","time":323,"angle":82.754753112793},{"type":"block","time":323.5,"angle":68.147560119629},{"type":"block","time":324,"angle":52.020511627197},{"type":"block","time":324.5,"angle":37.297203063965},{"type":"block","time":325,"angle":22.314535140991},{"type":"block","time":325.5,"angle":7.7044734954834},{"type":"block","time":326,"angle":352.89373779297},{"type":"block","time":326.5,"angle":337.31146240234},{"type":"block","time":327,"angle":323.46179199219},{"type":"block","time":327.5,"angle":307.81753540039},{"type":"block","time":331.5,"angle":315},{"type":"block","time":332.5,"angle":270},{"type":"block","time":333,"angle":247.5},{"type":"block","time":334,"angle":202.5},{"type":"block","time":334.5,"angle":180},{"type":"block","time":335.5,"angle":135},{"type":"block","time":338.5,"angle":239.95172119141},{"type":"block","time":339,"angle":255.31912231445},{"type":"block","time":339.5,"angle":270.32165527344},{"type":"block","time":340,"angle":285.09716796875},{"type":"block","time":340.5,"angle":300.26354980469},{"type":"block","time":341,"angle":314.8874206543},{"type":"block","time":341.5,"angle":330.03005981445},{"type":"block","time":342,"angle":344.87759399414},{"type":"block","time":342.5,"angle":0.18332631886005},{"type":"block","time":343,"angle":15.385340690613},{"type":"block","time":343.5,"angle":30.169736862183},{"type":"block","time":346.5,"angle":315},{"type":"block","time":347,"angle":337.5},{"type":"block","time":347.5,"angle":0},{"type":"block","time":348,"angle":22.5},{"type":"block","time":348.5,"angle":45},{"type":"block","time":349,"angle":67.5},{"type":"block","time":349.5,"angle":90},{"angle":112.5,"time":350,"type":"hold","duration":2,"holdEase":"outCirc","angle2":225},{"type":"block","time":353,"angle":292.5},{"angle2":315,"type":"hold","time":352.5,"duration":0.25,"angle":270},{"type":"block","time":354,"angle":247.5},{"angle":202.5,"time":355,"type":"hold","duration":1,"holdEase":"outCubic","angle2":67.5},{"type":"block","time":356.5,"angle":360},{"type":"block","time":357,"angle":315},{"type":"block","time":357.5,"angle":225},{"angle":180,"time":358,"type":"hold","duration":0.5,"holdEase":"inBack","angle2":90},{"angle":-202.5,"time":359,"type":"hold","duration":0.5,"holdEase":"inBack","angle2":-112.5},{"angle":225,"time":360,"type":"hold","duration":0.5,"holdEase":"inBack","angle2":135},{"angle":-157.5,"time":361,"type":"hold","duration":0.5,"holdEase":"inBack","angle2":-67.5},{"angle2":495,"type":"hold","time":362,"duration":4,"angle":315},{"type":"block","time":363,"angle":337.5},{"type":"block","time":363.5,"angle":45},{"type":"block","time":364.5,"angle":90},{"type":"block","time":368,"angle":135},{"type":"block","time":369,"angle":135},{"type":"block","time":370,"angle":45},{"type":"block","time":371,"angle":45},{"type":"block","time":372,"angle":292.5},{"type":"block","time":372.5,"angle":292.5},{"type":"block","time":373,"angle":270},{"type":"block","time":373.5,"angle":292.5},{"type":"block","time":374,"angle":292.5},{"type":"block","time":374.5,"angle":270},{"type":"block","time":375,"angle":292.5},{"type":"block","time":375.25,"angle":315},{"type":"block","time":375.5,"angle":337.5},{"type":"block","time":375.75,"angle":360},{"type":"block","time":376,"angle":22.5},{"type":"block","time":376.5,"angle":0},{"type":"block","time":377,"angle":315},{"angle2":315,"type":"hold","time":377.5,"duration":0.25,"angle":270},{"type":"block","time":378,"angle":337.5},{"angle2":-427.5,"type":"hold","time":378.5,"duration":0.25,"angle":-382.5},{"type":"block","time":379,"angle":-450},{"type":"block","time":379.5,"angle":225},{"type":"block","time":380.5,"angle":180},{"type":"block","time":381.5,"angle":90},{"type":"block","time":382,"angle":67.5},{"angle2":0,"type":"hold","time":382.5,"duration":0.25,"angle":45},{"type":"block","time":383,"angle":67.5},{"angle2":0,"type":"hold","time":383.5,"duration":0.25,"angle":45},{"angle":315,"time":384,"type":"hold","duration":1,"holdEase":"inCirc","angle2":225},{"angle":337.5,"time":384,"type":"hold","duration":1,"holdEase":"inCirc","angle2":247.5},{"angle":-180,"time":385.5,"type":"hold","duration":1,"holdEase":"inCirc","angle2":-90},{"angle":-202.5,"time":385.5,"type":"hold","duration":1,"holdEase":"inCirc","angle2":-112.5},{"angle2":315,"type":"hold","time":387,"duration":4,"angle":315},{"angle2":337.5,"type":"hold","time":387,"duration":4,"angle":337.5},{"angle2":405,"type":"hold","time":391,"duration":0.5,"angle":315},{"angle2":427.5,"type":"hold","time":391,"duration":0.5,"angle":337.5},{"angle2":45,"type":"hold","time":391.5,"duration":2.5,"angle":45},{"angle2":67.5,"type":"hold","time":391.5,"duration":2.5,"angle":67.5},{"angle2":-112.5,"type":"hold","time":394,"duration":0.5,"angle":45},{"angle2":-90,"type":"hold","time":394,"duration":0.5,"angle":67.5},{"angle2":405,"type":"hold","time":394.5,"duration":0.5,"angle":247.5},{"angle2":67.5,"type":"hold","time":394.5,"duration":0.5,"angle":-90},{"angle":45,"time":395,"type":"hold","duration":3.5,"holdEase":"inExpo","angle2":90},{"angle":67.5,"time":395,"type":"hold","duration":3.5,"holdEase":"inExpo","angle2":112.5},{"angle2":225,"type":"hold","time":398.5,"duration":0.5,"angle":112.5},{"angle2":315,"type":"hold","time":399,"duration":0.5,"angle":225},{"angle2":202.5,"type":"hold","time":398.5,"duration":0.5,"angle":90},{"angle2":292.5,"type":"hold","time":399,"duration":0.5,"angle":202.5},{"angle2":247.5,"type":"hold","time":399.5,"duration":8,"angle":292.5},{"angle2":270,"type":"hold","time":399.5,"duration":8,"angle":315},{"angle2":-405,"type":"hold","time":407.5,"duration":7.5,"angle":-450},{"angle2":-427.5,"type":"hold","time":407.5,"duration":7.5,"angle":-472.5},{"angle2":360,"type":"hold","time":415,"duration":0.5,"angle":315},{"angle2":337.5,"type":"hold","time":415,"duration":0.5,"angle":292.5},{"angle2":270,"type":"hold","time":415.5,"duration":0.5,"angle":337.5},{"angle2":292.5,"type":"hold","time":415.5,"duration":0.5,"angle":360},{"angle2":382.5,"type":"hold","time":416.5,"duration":0.25,"angle":337.5},{"angle2":-22.5,"type":"hold","time":417,"duration":0.25,"angle":22.5},{"type":"block","time":417.5,"angle":270},{"type":"block","time":417.5,"angle":247.5},{"angle2":337.5,"type":"hold","time":418,"duration":0.25,"angle":292.5},{"angle2":-67.5,"type":"hold","time":418.5,"duration":0.25,"angle":-22.5},{"angle2":-112.5,"type":"hold","time":419,"duration":4,"angle":-112.5},{"angle2":-135,"type":"hold","time":419,"duration":4,"angle":-135},{"angle2":-202.5,"type":"hold","time":423,"duration":0.5,"angle":-112.5},{"angle2":-225,"type":"hold","time":423,"duration":0.5,"angle":-135},{"angle2":157.5,"type":"hold","time":423.5,"duration":2.5,"angle":157.5},{"angle2":135,"type":"hold","time":423.5,"duration":2.5,"angle":135},{"angle2":45,"type":"hold","time":426,"duration":0.5,"angle":135},{"angle2":67.5,"type":"hold","time":426,"duration":0.5,"angle":157.5},{"angle2":495,"type":"hold","time":426.5,"duration":0.5,"angle":405},{"angle2":157.5,"type":"hold","time":426.5,"duration":0.5,"angle":67.5},{"angle2":157.5,"type":"hold","time":427,"duration":2,"angle":157.5},{"angle2":135,"type":"hold","time":427,"duration":2,"angle":135},{"angle2":157.5,"type":"hold","time":430,"duration":0.5,"angle":157.5},{"angle2":135,"type":"hold","time":430,"duration":0.5,"angle":135},{"angle2":157.5,"type":"hold","time":431.5,"duration":8,"angle":157.5},{"angle2":135,"type":"hold","time":431.5,"duration":8,"angle":135},{"angle2":45,"type":"hold","time":429,"duration":0.5,"angle":135},{"angle2":67.5,"type":"hold","time":429,"duration":0.5,"angle":157.5},{"angle2":495,"type":"hold","time":429.5,"duration":0.5,"angle":405},{"angle2":157.5,"type":"hold","time":429.5,"duration":0.5,"angle":67.5},{"angle2":-112.5,"type":"hold","time":430.5,"duration":0.5,"angle":-202.5},{"angle2":-135,"type":"hold","time":430.5,"duration":0.5,"angle":-225},{"angle2":-562.5,"type":"hold","time":431,"duration":0.5,"angle":-472.5},{"angle2":-225,"type":"hold","time":431,"duration":0.5,"angle":-135},{"type":"block","time":448,"angle":135},{"type":"block","time":449,"angle":45},{"type":"block","time":449.5,"angle":112.5},{"angle":112.5,"time":450,"type":"hold","duration":1,"holdEase":"linear","angle2":22.5},{"angle":22.5,"time":451,"type":"hold","duration":1,"holdEase":"inQuart","angle2":90},{"angle":90,"time":452,"type":"hold","duration":0.5,"holdEase":"inCubic","angle2":-45},{"angle":270,"time":453.5,"type":"hold","duration":0.5,"holdEase":"inQuart","angle2":202.5},{"angle":135,"time":455,"type":"hold","duration":0.5,"holdEase":"inQuart","angle2":67.5},{"angle2":45,"type":"hold","time":456,"duration":0.25,"angle":0},{"angle2":112.5,"type":"hold","time":456.5,"duration":0.25,"angle":67.5},{"type":"block","time":457,"angle":135},{"type":"block","time":457.5,"angle":135},{"angle2":247.5,"type":"hold","time":458,"duration":0.25,"angle":202.5},{"angle2":225,"type":"hold","time":458.5,"duration":0.25,"angle":270},{"type":"block","time":459,"angle":202.5},{"type":"block","time":460,"angle":202.5},{"angle":315,"time":461,"type":"hold","duration":0.5,"holdEase":"inExpo","angle2":202.5},{"type":"block","time":460.5,"angle":270},{"angle":157.5,"time":462,"type":"hold","duration":0.5,"holdEase":"outQuart","angle2":90},{"angle":90,"time":462.5,"type":"hold","duration":0.5,"holdEase":"inQuart","angle2":157.5},{"angle2":202.5,"type":"hold","time":463,"duration":0.25,"angle":157.5},{"angle2":270,"type":"hold","time":463.5,"duration":0.25,"angle":225},{"type":"block","time":464,"angle":292.5},{"type":"block","time":465,"angle":292.5},{"type":"block","time":465.5,"angle":292.5},{"type":"side","time":466,"angle":0},{"type":"block","time":466.5,"angle":67.5},{"type":"block","time":467,"angle":67.5},{"type":"side","time":467.5,"angle":0},{"type":"block","time":468,"angle":292.5},{"type":"block","time":468.5,"angle":270},{"type":"block","time":468.75,"angle":247.5},{"type":"block","time":469,"angle":225},{"type":"block","time":469.5,"angle":202.5},{"type":"block","time":470,"angle":180},{"type":"block","time":470.5,"angle":202.5},{"type":"block","time":471,"angle":180},{"type":"block","time":471.5,"angle":157.5},{"angle2":90,"type":"hold","time":472,"duration":0.25,"angle":135},{"angle2":0,"type":"hold","time":472.5,"duration":0.25,"angle":45},{"type":"block","time":473,"angle":315},{"type":"block","time":473.5,"angle":315},{"angle2":-90,"type":"hold","time":474,"duration":0.25,"angle":-45},{"angle2":-180,"type":"hold","time":474.5,"duration":0.25,"angle":-135},{"type":"block","time":475,"angle":135},{"type":"block","time":475.5,"angle":135},{"angle2":315,"type":"hold","time":476,"duration":1,"angle":135},{"angle2":292.5,"type":"hold","time":477,"duration":0.25,"angle":315},{"angle2":292.5,"type":"hold","time":477.5,"duration":0.25,"angle":315},{"angle2":292.5,"type":"hold","time":478,"duration":0.25,"angle":315},{"angle2":292.5,"type":"hold","time":478.5,"duration":0.25,"angle":315},{"angle":292.5,"time":479,"type":"hold","duration":1,"holdEase":"inBack","angle2":495},{"type":"block","time":479.75,"angle":337.5},{"type":"block","time":479.5,"angle":275.20281982422},{"type":"block","time":481,"angle":180},{"type":"block","time":481.5,"angle":90},{"angle2":0,"type":"hold","time":482,"duration":1,"angle":67.5},{"angle2":427.5,"type":"hold","time":483,"duration":1,"angle":360},{"type":"block","time":484.5,"angle":112.5},{"type":"block","time":484.75,"angle":157.5},{"type":"block","time":485,"angle":180},{"type":"block","time":485.5,"angle":225},{"angle2":292.5,"type":"hold","time":486,"duration":0.25,"angle":247.5},{"angle2":270,"type":"hold","time":486.5,"duration":0.25,"angle":315},{"angle2":202.5,"type":"hold","time":487,"duration":0.25,"angle":247.5},{"angle2":225,"type":"hold","time":487.5,"duration":0.25,"angle":180},{"type":"side","time":488,"angle":292.5},{"type":"block","time":489,"angle":360},{"type":"block","time":489.5,"angle":45},{"angle":112.5,"time":490,"type":"hold","duration":1,"holdEase":"inExpo","angle2":-22.5},{"angle2":270,"type":"hold","time":492,"duration":0.25,"angle":315},{"angle2":202.5,"type":"hold","time":492.5,"duration":0.25,"angle":247.5},{"angle2":135,"type":"hold","time":493,"duration":0.25,"angle":180},{"angle2":67.5,"type":"hold","time":493.5,"duration":0.25,"angle":112.5},{"type":"block","time":494,"angle":45},{"angle":45,"time":495,"type":"hold","duration":0.5,"holdEase":"inExpo","angle2":112.5},{"type":"side","time":496,"angle":45},{"type":"block","time":497,"angle":337.5},{"type":"block","time":497.5,"angle":315},{"angle":292.5,"time":498,"type":"hold","duration":1,"holdEase":"inExpo","angle2":360},{"angle":360,"time":499,"type":"hold","duration":2,"holdEase":"inExpo","angle2":427.5},{"type":"block","time":501.5,"angle":90},{"type":"block","time":501.75,"angle":112.5},{"angle":135,"time":502,"type":"hold","duration":0.5,"holdEase":"outExpo","angle2":202.5},{"angle":202.5,"time":502.5,"type":"hold","duration":0.5,"holdEase":"inExpo","angle2":135},{"angle":135,"time":503,"type":"hold","duration":0.5,"holdEase":"outExpo","angle2":202.5},{"angle":202.5,"time":503.5,"type":"hold","duration":0.5,"holdEase":"inExpo","angle2":135},{"type":"block","time":504.5,"angle":135},{"type":"block","time":505,"angle":67.5},{"type":"block","time":505.5,"angle":67.5},{"type":"block","time":506,"angle":360},{"type":"block","time":506.5,"angle":0},{"type":"block","time":507,"angle":67.5},{"type":"block","time":507.5,"angle":360},{"type":"block","time":508,"angle":0},{"type":"block","time":508.5,"angle":0},{"type":"block","time":509,"angle":0},{"type":"block","time":509.5,"angle":67.5},{"angle2":315,"type":"hold","time":510,"duration":0.25,"angle":360},{"angle2":247.5,"type":"hold","time":510.5,"duration":0.25,"angle":292.5},{"angle2":180,"type":"hold","time":511,"duration":0.25,"angle":225},{"angle2":112.5,"type":"hold","time":511.5,"duration":0.25,"angle":157.5},{"type":"block","time":512,"angle":90},{"type":"side","time":513,"angle":360},{"type":"block","time":513.5,"angle":270},{"type":"block","time":514,"angle":270},{"angle2":180,"type":"hold","time":514.5,"duration":0.5,"angle":270},{"type":"side","time":515.5,"angle":270},{"type":"block","time":516,"angle":337.5},{"type":"block","time":516.5,"angle":315},{"angle2":247.5,"type":"hold","time":517,"duration":0.25,"angle":292.5},{"angle2":270,"type":"hold","time":517.5,"duration":0.25,"angle":225},{"type":"block","time":518,"angle":292.5},{"type":"block","time":518.5,"angle":337.5},{"angle2":202.5,"type":"hold","time":519,"duration":0.5,"angle":292.5},{"angle2":292.5,"type":"hold","time":519.5,"duration":0.5,"angle":202.5},{"angle2":225,"type":"hold","time":521,"duration":0.5,"angle":315},{"angle2":135,"type":"hold","time":522,"duration":0.25,"angle":180},{"angle2":67.5,"type":"hold","time":522.5,"duration":0.25,"angle":112.5},{"type":"block","time":523,"angle":45},{"type":"block","time":523.5,"angle":0},{"type":"side","time":524,"angle":67.5},{"type":"block","time":524.5,"angle":135},{"type":"block","time":525,"angle":157.5},{"type":"side","time":525.5,"angle":67.5},{"angle2":292.5,"type":"hold","time":526,"duration":0.5,"angle":360},{"angle2":360,"type":"hold","time":526.5,"duration":0.5,"angle":292.5},{"type":"block","time":528,"angle":-90},{"angle2":-135,"type":"hold","time":529,"duration":0.25,"angle":-180},{"angle2":-67.5,"type":"hold","time":529.5,"duration":0.25,"angle":-112.5},{"angle2":382.5,"type":"hold","time":530,"duration":0.5,"angle":315},{"angle2":-45,"type":"hold","time":530.5,"duration":0.5,"angle":22.5},{"type":"block","time":531.5,"angle":292.5},{"type":"block","time":532,"angle":225},{"type":"block","time":532,"angle":202.5},{"type":"block","time":532.5,"angle":225},{"type":"block","time":532.5,"angle":202.5},{"type":"side","time":533,"angle":292.5},{"type":"block","time":533.5,"angle":22.5},{"type":"block","time":533.5,"angle":45},{"type":"block","time":534,"angle":22.5},{"type":"block","time":534,"angle":45},{"type":"side","time":535,"angle":337.5},{"type":"block","time":534.25,"angle":22.5},{"type":"block","time":534.25,"angle":45},{"type":"block","time":534.25,"angle":45},{"type":"block","time":534.5,"angle":22.5},{"type":"block","time":534.5,"angle":45},{"type":"block","time":534.75,"angle":22.5},{"type":"block","time":534.75,"angle":45},{"angle2":225,"type":"hold","time":536,"duration":0.25,"angle":270},{"angle2":-112.5,"type":"hold","time":536.5,"duration":0.25,"angle":-157.5},{"type":"block","time":537,"angle":270},{"type":"block","time":537.5,"angle":270},{"angle2":-315,"type":"hold","time":538,"duration":0.25,"angle":-360},{"angle2":22.5,"type":"hold","time":538.5,"duration":0.25,"angle":67.5},{"type":"block","time":539,"angle":-360},{"type":"block","time":539.5,"angle":-360},{"angle2":225,"type":"hold","time":540,"duration":0.25,"angle":270},{"angle2":-112.5,"type":"hold","time":540.5,"duration":0.25,"angle":-157.5},{"type":"block","time":541,"angle":270},{"type":"block","time":541.5,"angle":270},{"type":"block","time":542,"angle":180},{"angle2":135,"type":"hold","time":542.5,"duration":0.25,"angle":180},{"type":"block","time":543,"angle":180},{"type":"block","time":543.5,"angle":180},{"type":"block","time":544,"angle":90},{"angle2":45,"type":"hold","time":544.5,"duration":0.25,"angle":90},{"type":"block","time":545,"angle":22.5},{"angle":0,"time":545.5,"type":"hold","duration":0.5,"holdEase":"inExpo","angle2":-67.5},{"angle":292.5,"time":546,"type":"hold","duration":0.5,"holdEase":"outExpo","angle2":247.5},{"type":"block","time":547,"angle":202.5},{"type":"block","time":547.5,"angle":135},{"type":"block","time":548,"angle":90},{"type":"block","time":548.5,"angle":157.5},{"type":"block","time":549,"angle":202.5},{"type":"block","time":549.5,"angle":247.5},{"angle2":157.5,"type":"hold","time":550,"duration":0.25,"angle":202.5},{"angle2":90,"type":"hold","time":550.5,"duration":0.25,"angle":135},{"angle":45,"time":551,"type":"hold","duration":1,"holdEase":"outQuart","angle2":-67.5},{"type":"block","time":553,"angle":225},{"angle2":135,"type":"hold","time":554,"duration":0.25,"angle":180},{"angle2":157.5,"type":"hold","time":554.5,"duration":0.25,"angle":112.5},{"type":"block","time":555,"angle":202.5},{"type":"block","time":556,"angle":270},{"type":"block","time":556.5,"angle":315},{"type":"block","time":557,"angle":270},{"angle":180,"time":558,"type":"hold","duration":1,"holdEase":"outQuint","angle2":0},{"angle2":292.5,"type":"hold","time":559.5,"duration":0.25,"angle":337.5},{"type":"block","time":560,"tap":true,"angle":270},{"type":"block","time":561,"tap":true,"angle":180},{"type":"hold","startTap":true,"angle":-225,"time":561.5,"duration":0.25,"angle2":-270},{"type":"block","time":562,"tap":true,"angle":45},{"type":"block","time":563,"tap":true,"angle":292.5},{"angle2":-405,"type":"hold","time":562.5,"duration":0.25,"angle":-360},{"type":"block","time":563.5,"tap":true,"angle":247.5},{"type":"block","time":564,"tap":true,"angle":202.5},{"angle2":90,"type":"hold","time":564.5,"duration":0.25,"angle":157.5},{"type":"block","time":565,"tap":true,"angle":67.5},{"type":"block","time":565.5,"tap":true,"angle":22.5},{"type":"block","time":566,"tap":true,"angle":337.5},{"type":"block","time":566.5,"angle":337.5},{"type":"block","time":566.75,"angle":315},{"type":"block","time":567,"angle":292.5},{"type":"block","time":567.25,"angle":270},{"type":"block","time":567.5,"angle":247.5},{"type":"block","time":567.75,"angle":225},{"type":"block","time":568,"angle":202.5},{"angle2":45,"type":"hold","time":584,"duration":1,"angle":90},{"angle2":315,"type":"hold","time":586,"duration":0.25,"angle":360},{"angle2":337.5,"type":"hold","time":586.5,"duration":0.25,"angle":292.5},{"angle2":180,"type":"hold","time":587,"duration":5,"angle":360},{"angle2":-67.5,"type":"hold","time":592,"duration":2,"angle":-180},{"angle2":247.5,"type":"hold","time":595,"duration":0.25,"angle":292.5},{"angle2":180,"type":"hold","time":595.5,"duration":0.25,"angle":225},{"angle2":337.5,"type":"hold","time":596,"duration":1,"angle":157.5},{"type":"block","time":600,"angle":-22.5},{"type":"block","time":601,"tap":true,"angle":-67.5},{"type":"block","time":601,"tap":true,"angle":270},{"type":"block","time":602.5,"tap":true,"angle":-157.5},{"type":"block","time":602.5,"tap":true,"angle":180},{"type":"block","time":604,"tap":true,"angle":-247.5},{"type":"block","time":604,"tap":true,"angle":90},{"type":"block","time":605.5,"tap":true,"angle":-337.5},{"type":"block","time":605.5,"tap":true,"angle":0},{"angle":337.5,"time":606,"type":"hold","duration":0.5,"holdEase":"inExpo","angle2":427.5},{"angle":-270,"time":607,"type":"hold","duration":0.5,"holdEase":"inExpo","angle2":-360},{"type":"block","time":608,"angle":315},{"type":"block","time":608.5,"angle":270},{"type":"block","time":609,"angle":225},{"type":"block","time":609.5,"angle":180},{"type":"block","time":610,"angle":135},{"type":"block","time":610.5,"angle":90},{"type":"block","time":611,"angle":45},{"type":"block","time":610.75,"angle":67.5},{"type":"block","time":611.5,"angle":0},{"angle2":270,"type":"hold","time":612,"duration":0.5,"angle":315},{"type":"block","time":613,"angle":225},{"type":"block","time":613.5,"angle":180},{"type":"block","time":614,"angle":90},{"angle2":90,"type":"hold","time":616,"duration":0.5,"angle":67.5},{"type":"block","time":617,"angle":112.5},{"type":"block","time":618,"angle":180},{"type":"block","time":619,"angle":247.5},{"type":"block","time":620,"angle":292.5},{"angle2":360,"duration":0.25,"time":620.5,"type":"hold","angle":315},{"type":"block","time":621,"angle":45},{"type":"block","time":621.5,"angle":90},{"angle":45,"time":622,"type":"hold","duration":0.5,"holdEase":"inBack","angle2":-67.5},{"angle2":225,"duration":0.25,"time":623,"type":"hold","angle":270},{"type":"block","time":623.5,"angle":180},{"angle":157.5,"time":624,"type":"hold","duration":0.5,"holdEase":"inExpo","angle2":225},{"angle2":180,"duration":0.5,"time":633,"type":"hold","angle":270},{"angle2":157.5,"duration":0.25,"time":634,"type":"hold","angle":202.5},{"angle2":22.5,"duration":0.5,"time":634.5,"type":"hold","angle":112.5},{"angle2":270,"duration":1,"time":632,"type":"hold","angle":202.5},{"type":"block","time":635.5,"angle":360},{"type":"block","time":636,"angle":315},{"type":"block","time":636.5,"angle":360},{"angle2":135,"duration":0.5,"time":637,"type":"hold","angle":45},{"type":"block","time":638.5,"angle":135},{"type":"block","time":639,"angle":180},{"type":"block","time":640,"angle":180},{"type":"block","time":640.5,"angle":225},{"type":"block","time":641,"angle":270},{"type":"block","time":641.5,"angle":315},{"type":"block","time":642,"angle":0},{"type":"block","time":642.5,"angle":45},{"type":"block","time":643,"angle":90},{"type":"block","time":643.5,"angle":135},{"type":"block","time":644,"angle":180},{"type":"block","time":644.5,"angle":225},{"type":"block","time":645,"angle":270},{"type":"block","time":645.5,"angle":315},{"type":"block","time":646,"angle":360},{"angle2":270,"duration":1,"time":648,"type":"hold","angle":270},{"angle2":292.5,"duration":1,"time":648,"type":"hold","angle":292.5},{"angle":292.5,"time":650,"duration":0.5,"type":"hold","holdEase":"outExpo","angle2":337.5},{"angle":270,"time":650,"type":"hold","duration":0.5,"holdEase":"outExpo","angle2":315},{"angle":-405,"time":650.5,"duration":0.5,"type":"hold","holdEase":"inExpo","angle2":-450},{"angle":-382.5,"time":650.5,"type":"hold","duration":0.5,"holdEase":"inExpo","angle2":-427.5},{"type":"block","time":652,"angle":225},{"type":"block","time":652.5,"angle":270},{"type":"block","time":653,"angle":315},{"type":"block","time":653.5,"angle":360},{"angle2":-45,"duration":0.25,"time":654,"type":"hold","angle":0},{"angle2":247.5,"duration":0.25,"time":654.5,"type":"hold","angle":292.5},{"angle":202.5,"time":655,"duration":0.5,"type":"hold","holdEase":"outExpo","angle2":247.5},{"angle":-472.5,"time":655.5,"type":"hold","duration":0.5,"holdEase":"inExpo","angle2":-517.5},{"type":"block","time":657,"angle":202.5},{"type":"block","time":657.5,"angle":202.5},{"type":"block","time":658,"angle":247.5},{"type":"block","time":658,"angle":225},{"type":"block","time":659.5,"angle":292.5},{"type":"block","time":659.5,"angle":270},{"type":"block","time":659,"angle":270},{"type":"block","time":660.5,"angle":315},{"angle2":135,"duration":1,"time":661,"type":"hold","angle":337.5},{"type":"block","time":663,"angle":90},{"type":"block","time":663.5,"angle":135},{"type":"block","time":663.5,"angle":157.5},{"type":"block","time":664,"angle":202.5},{"type":"block","time":664.5,"angle":202.5},{"type":"block","time":664.75,"angle":202.5},{"type":"block","time":664.25,"angle":202.5},{"type":"block","time":665,"angle":247.5},{"type":"block","time":666,"angle":180},{"type":"block","time":666.25,"angle":180},{"type":"block","time":666.5,"angle":180},{"type":"block","time":666.75,"angle":180},{"type":"block","time":665,"angle":247.5},{"type":"block","time":667,"angle":180},{"type":"block","time":667.25,"angle":180},{"type":"block","time":667.5,"angle":180},{"type":"block","time":667.75,"angle":180},{"type":"block","time":668,"angle":135},{"type":"block","time":668.25,"angle":112.5},{"type":"block","time":668.5,"angle":90},{"type":"block","time":668.75,"angle":67.5},{"type":"block","time":669,"angle":90},{"type":"block","time":669.25,"angle":112.5},{"angle":135,"time":669.5,"type":"hold","duration":0.5,"holdEase":"inCirc","angle2":90},{"type":"block","time":670.5,"angle":135},{"type":"block","time":671,"angle":180},{"type":"block","time":671.25,"angle":180},{"type":"block","time":671.5,"angle":180},{"type":"block","time":671.75,"angle":180},{"type":"block","time":672,"angle":180},{"type":"block","time":670.75,"angle":135},{"angle2":292.5,"duration":1,"time":680,"type":"hold","angle":292.5},{"angle2":315,"duration":1,"time":680,"type":"hold","angle":315},{"angle":-67.5,"time":682,"type":"hold","duration":0.5,"holdEase":"outExpo","angle2":-112.5},{"angle":-45,"time":682,"type":"hold","duration":0.5,"holdEase":"outExpo","angle2":-90},{"angle":-90,"time":682.5,"type":"hold","duration":0.5,"holdEase":"inExpo","angle2":-45},{"angle":-112.5,"time":682.5,"type":"hold","duration":0.5,"holdEase":"inExpo","angle2":-67.5},{"angle2":225,"duration":1,"time":683,"type":"hold","angle":292.5},{"angle2":247.5,"duration":1,"time":683,"type":"hold","angle":315},{"angle":-135,"time":685,"type":"hold","duration":0.5,"holdEase":"outExpo","angle2":-180},{"angle":-112.5,"time":685,"type":"hold","duration":0.5,"holdEase":"outExpo","angle2":-157.5},{"angle":-157.5,"time":685.5,"type":"hold","duration":0.5,"holdEase":"inExpo","angle2":-112.5},{"angle":-180,"time":685.5,"type":"hold","duration":0.5,"holdEase":"inExpo","angle2":-135},{"angle2":157.5,"type":"hold","time":686,"duration":1,"angle":225},{"angle2":180,"type":"hold","time":686,"duration":1,"angle":247.5},{"angle":180,"time":687,"type":"hold","duration":0.5,"holdEase":"outExpo","angle2":225},{"angle":157.5,"time":687,"type":"hold","duration":0.5,"holdEase":"outExpo","angle2":202.5},{"angle":202.5,"time":687.5,"type":"hold","duration":0.5,"holdEase":"inExpo","angle2":180},{"angle":225,"time":687.5,"type":"hold","duration":0.5,"holdEase":"inExpo","angle2":202.5},{"angle":202.5,"time":688,"type":"hold","duration":0.5,"holdEase":"outExpo","angle2":247.5},{"angle":180,"time":688,"type":"hold","duration":0.5,"holdEase":"outExpo","angle2":225},{"angle":225,"time":688.5,"type":"hold","duration":0.5,"holdEase":"inExpo","angle2":202.5},{"angle":247.5,"time":688.5,"type":"hold","duration":0.5,"holdEase":"inExpo","angle2":225},{"angle":225,"time":689,"type":"hold","duration":0.5,"holdEase":"outExpo","angle2":270},{"angle":202.5,"time":689,"type":"hold","duration":0.5,"holdEase":"outExpo","angle2":247.5},{"angle":247.5,"time":689.5,"type":"hold","duration":0.5,"holdEase":"inExpo","angle2":225},{"angle":270,"time":689.5,"type":"hold","duration":0.5,"holdEase":"inExpo","angle2":247.5},{"angle":247.5,"time":690,"type":"hold","duration":1,"holdEase":"outQuad","angle2":112.5},{"angle":225,"time":690,"type":"hold","duration":1,"holdEase":"outQuad","angle2":90},{"type":"block","time":691.5,"angle":67.5},{"type":"side","time":692,"angle":157.5},{"type":"block","time":692.5,"angle":225},{"type":"block","time":693,"angle":225},{"type":"block","time":693.5,"angle":225},{"angle":225,"time":694,"type":"hold","duration":1,"holdEase":"outCubic","angle2":315},{"angle":315,"time":695,"type":"hold","duration":1,"holdEase":"inCubic","angle2":225},{"type":"block","time":697.5,"angle":225},{"type":"block","time":697.5,"angle":202.5},{"type":"block","time":698,"angle":225},{"type":"block","time":698,"angle":202.5},{"angle":225,"time":696,"duration":1,"type":"hold","holdEase":"inExpo","angle2":180},{"type":"block","time":699.5,"angle":292.5},{"type":"block","time":699.5,"angle":315},{"type":"block","time":700,"angle":337.5},{"type":"block","time":700,"angle":0},{"type":"block","time":700.5,"angle":22.5},{"type":"block","time":700.5,"angle":45},{"angle":247.5,"time":698.5,"duration":0.5,"type":"hold","holdEase":"inExpo","angle2":292.5},{"angle2":112.5,"duration":0.25,"time":701,"type":"hold","angle":67.5},{"angle2":90,"duration":0.25,"time":701.5,"type":"hold","angle":135},{"type":"block","time":702,"angle":45},{"type":"block","time":702,"angle":67.5},{"angle2":-90,"duration":0.5,"time":703,"type":"hold","angle":0},{"angle2":360,"duration":0.5,"time":703.5,"type":"hold","angle":270},{"angle2":292.5,"duration":0.25,"time":704.5,"type":"hold","angle":337.5},{"type":"block","time":705,"angle":270},{"angle2":292.5,"type":"hold","time":705.5,"duration":0.25,"angle":337.5},{"type":"block","time":706,"angle":270},{"angle2":292.5,"type":"hold","time":706.5,"duration":0.25,"angle":337.5},{"type":"block","time":707,"angle":270},{"angle2":157.5,"duration":1,"time":708,"type":"hold","angle":270},{"angle2":225,"duration":0.25,"time":708.5,"type":"hold","angle":202.5},{"angle2":135,"duration":0.75,"time":708.75,"type":"hold","angle":225},{"type":"block","time":710,"angle":67.5},{"type":"block","time":710,"angle":90},{"type":"block","time":710.5,"angle":67.5},{"type":"block","time":710.5,"angle":90},{"angle2":0,"duration":0.25,"time":711,"type":"hold","angle":45},{"angle2":292.5,"duration":0.25,"time":711.5,"type":"hold","angle":337.5},{"type":"block","time":712,"angle":270},{"type":"block","time":712,"angle":247.5},{"angle2":180,"duration":1,"time":713,"type":"hold","angle":225},{"angle2":270,"duration":1,"time":713.5,"type":"hold","angle":202.5},{"type":"block","time":715,"angle":292.5},{"type":"block","time":715,"angle":270},{"angle2":247.5,"type":"hold","time":716,"duration":1,"angle":292.5},{"angle2":337.5,"type":"hold","time":716.5,"duration":1,"angle":270},{"angle2":292.5,"duration":0.5,"time":717.5,"type":"hold","angle":337.5},{"angle":292.5,"time":718,"duration":1,"type":"hold","holdEase":"outQuint","angle2":472.5},{"angle2":157.5,"duration":0.25,"time":719,"type":"hold","angle":112.5},{"angle2":225,"duration":0.25,"time":719.5,"type":"hold","angle":180},{"type":"block","time":720,"angle":270},{"type":"block","time":720,"angle":247.5},{"type":"block","time":721.5,"angle":157.5},{"type":"block","time":721.5,"angle":135},{"type":"block","time":723,"angle":225},{"type":"block","time":723,"angle":247.5},{"type":"extraTap","time":145,"angle":337.5},{"type":"extraTap","time":146.5,"angle":337.5},{"type":"extraTap","time":149,"angle":315},{"type":"extraTap","time":150.5,"angle":315}]