{"events":[{"volume":1.5,"time":0,"bpm":194,"type":"play","offset":0.03999999910593,"file":"LeatherTeeth.ogg","angle":202.5},{"r":51.249993145466,"g":4.0196071844548,"type":"bookmark","description":"","angle":337.5,"time":32,"b":4.0196071844548,"name":"Start"},{"duration":1,"var":"vfx.angleTwist.offset","value":180,"time":56,"type":"ease","ease":"inCirc","angle":45},{"duration":1,"var":"vfx.angleTwist.offset","value":0,"time":57,"type":"ease","ease":"outCirc","angle":45},{"type":"ease","var":"scrollSpeed","value":0.5,"time":72,"ease":"outExpo","duration":1.5,"angle":33.75},{"duration":1.5,"var":"scrollSpeed","value":0.25,"time":73.5,"type":"ease","ease":"outExpo","angle":33.75},{"duration":1,"var":"scrollSpeed","value":0.5,"time":76,"type":"ease","ease":"outExpo","angle":33.75},{"duration":1,"var":"scrollSpeed","value":0.75,"time":76.5,"type":"ease","ease":"outExpo","angle":33.75},{"duration":1.5,"var":"scrollSpeed","value":1,"time":77.5,"type":"ease","ease":"outExpo","angle":33.75},{"angle":348.75,"time":-4,"type":"setBgColor","color":2},{"start":1,"duration":1,"angle":337.5,"ease":"outCirc","type":"ease","value":0.25,"var":"scrollSpeed","time":94},{"type":"ease","var":"scrollSpeed","value":1,"time":95,"ease":"inCirc","duration":1,"angle":337.5},{"b":0,"angle":11.25,"r":0,"time":-4,"type":"setColor","g":0,"color":3},{"type":"ease","var":"scrollSpeed","value":0.25,"time":118,"duration":1,"ease":"outExpo","angle":90},{"duration":1,"var":"vfx.canvPos.sx","value":0,"time":118,"type":"ease","ease":"outExpo","angle":67.5},{"duration":1,"var":"vfx.canvPos.sy","value":0,"time":118,"ease":"outExpo","type":"ease","angle":45},{"type":"ease","time":120,"value":1,"var":"scrollSpeed","duration":4,"angle":90},{"type":"ease","time":120,"value":1,"var":"vfx.canvPos.sx","duration":4,"angle":67.5},{"type":"ease","time":120,"value":1,"var":"vfx.canvPos.sy","duration":4,"angle":45},{"type":"ease","var":"vfx.canvPos.r","value":360,"time":118,"duration":1,"ease":"outCirc","angle":22.5},{"var":"vfx.canvPos.r","value":0,"time":120,"type":"ease","angle":22.5},{"ease":"inBack","paddle":1,"time":134,"type":"paddles","duration":1,"newAngle":90,"angle":360},{"duration":1,"paddle":1,"time":135,"type":"paddles","ease":"inBack","newAngle":270,"angle":360},{"ease":"outBack","paddle":1,"time":136,"type":"paddles","duration":2,"newAngle":540,"angle":360},{"ease":"outBack","paddle":1,"time":142,"type":"paddles","duration":1,"newAngle":270,"angle":135},{"ease":"outBack","paddle":1,"time":143,"type":"paddles","duration":1,"newAngle":0,"angle":135},{"ease":"outCirc","paddle":1,"time":158,"type":"paddles","duration":1,"newAngle":180,"angle":45},{"ease":"outCirc","paddle":1,"time":168,"type":"paddles","duration":1,"newAngle":0,"angle":247.5},{"r":0,"g":0,"type":"setColor","angle":-22.5,"time":190,"color":0,"b":0,"duration":2},{"r":0,"g":0,"type":"setColor","angle":-45,"time":190,"color":1,"b":0,"duration":2},{"r":0,"g":0,"type":"setColor","angle":-67.5,"time":190,"color":2,"b":0,"duration":2},{"r":29,"g":8,"type":"setColor","angle":-90,"time":192,"color":3,"b":8,"duration":1},{"r":255,"g":0,"type":"setColor","order":0,"angle":360,"color":3,"time":194,"b":0},{"r":0,"g":0,"type":"setColor","order":1,"angle":-22.5,"color":3,"b":0,"time":194,"duration":1},{"r":255,"g":0,"type":"setColor","order":0,"angle":360,"color":3,"time":195,"b":0},{"r":0,"g":0,"type":"setColor","order":1,"angle":-22.5,"color":3,"b":0,"time":195,"duration":1},{"r":255,"g":0,"type":"setColor","order":0,"angle":360,"color":3,"time":196,"b":0},{"r":0,"g":0,"type":"setColor","order":1,"angle":-22.5,"color":3,"b":0,"time":196,"duration":1},{"r":255,"g":0,"type":"setColor","order":0,"angle":360,"color":3,"time":198,"b":0},{"r":0,"g":0,"type":"setColor","angle":-22.5,"time":200.5,"color":3,"b":0,"duration":1},{"r":255,"g":0,"type":"setColor","order":0,"angle":360,"color":3,"time":202,"b":0},{"r":0,"g":0,"type":"setColor","order":1,"angle":-22.5,"color":3,"b":0,"time":202,"duration":1},{"r":255,"g":0,"type":"setColor","order":0,"angle":360,"color":3,"time":203,"b":0},{"r":0,"g":0,"type":"setColor","order":1,"angle":-22.5,"color":3,"b":0,"time":203,"duration":1},{"r":255,"g":0,"type":"setColor","order":0,"angle":360,"color":3,"time":204,"b":0},{"r":0,"g":0,"type":"setColor","order":1,"angle":-22.5,"color":3,"b":0,"time":204,"duration":1},{"r":255,"g":0,"type":"setColor","order":0,"angle":360,"color":3,"time":206,"b":0},{"r":0,"g":0,"type":"setColor","order":1,"angle":-22.5,"color":3,"b":0,"time":206,"duration":1},{"r":255,"g":0,"type":"setColor","order":0,"angle":360,"color":3,"time":207,"b":0},{"r":0,"g":0,"type":"setColor","order":1,"angle":-22.5,"color":3,"b":0,"time":207,"duration":1},{"r":255,"g":0,"type":"setColor","order":0,"angle":360,"color":3,"time":208,"b":0},{"r":0,"g":0,"type":"setColor","order":1,"angle":-22.5,"color":3,"b":0,"time":208,"duration":1},{"r":255,"g":0,"type":"setColor","order":0,"angle":360,"color":3,"time":209.5,"b":0},{"r":0,"g":0,"type":"setColor","order":1,"angle":-22.5,"color":3,"b":0,"time":209.5,"duration":0.5},{"r":255,"g":0,"type":"setColor","order":0,"angle":360,"color":3,"time":210,"b":0},{"r":0,"g":0,"type":"setColor","order":1,"angle":-22.5,"color":3,"b":0,"time":210,"duration":0.5},{"r":255,"g":0,"type":"setColor","order":0,"angle":360,"color":3,"time":211,"b":0},{"r":0,"g":0,"type":"setColor","order":1,"angle":-22.5,"color":3,"b":0,"time":211,"duration":0.5},{"r":255,"g":0,"type":"setColor","order":0,"angle":360,"color":3,"time":212,"b":0},{"r":0,"g":0,"type":"setColor","order":1,"angle":-22.5,"color":3,"b":0,"time":212,"duration":0.5},{"r":255,"g":0,"type":"setColor","order":0,"angle":360,"color":3,"time":212.5,"b":0},{"r":0,"g":0,"type":"setColor","order":1,"angle":-22.5,"color":3,"b":0,"time":212.5,"duration":0.5},{"r":255,"g":0,"type":"setColor","order":0,"angle":360,"color":3,"time":214,"b":0},{"r":0,"g":0,"type":"setColor","order":1,"angle":-22.5,"color":3,"b":0,"time":214,"duration":0.5},{"r":255,"g":0,"type":"setColor","order":0,"angle":360,"color":3,"time":214.5,"b":0},{"r":0,"g":0,"type":"setColor","order":1,"angle":-22.5,"color":3,"b":0,"time":214.5,"duration":0.5},{"var":"vfx.difficultyY","value":-11,"time":-4,"type":"ease","angle":337.5},{"r":255,"g":0,"type":"setColor","order":0,"angle":360,"color":3,"time":217,"b":0},{"r":29,"g":7,"type":"setColor","order":1,"angle":-22.5,"color":3,"b":7,"time":217,"duration":1},{"r":255,"g":0,"type":"setColor","order":0,"angle":360,"color":3,"time":218,"b":0},{"r":29,"g":7,"type":"setColor","order":1,"angle":-22.5,"color":3,"b":7,"time":218,"duration":1},{"r":255,"g":0,"type":"setColor","order":0,"angle":360,"color":3,"time":219.5,"b":0},{"r":29,"g":7,"type":"setColor","order":1,"angle":-22.5,"color":3,"b":7,"time":219.5,"duration":0.5},{"r":255,"g":0,"type":"setColor","order":0,"angle":360,"color":3,"time":220,"b":0},{"chance":0.25,"angle":315,"time":192,"type":"noise","color":2},{"var":"vfx.homCanvPos.r","value":180,"time":192,"type":"ease","angle":337.5},{"b":0,"angle":315,"r":0,"time":-4,"type":"setColor","g":0,"color":0},{"b":255,"angle":292.5,"r":255,"time":-4,"type":"setColor","g":255,"color":1},{"angle":270,"enable":true,"time":190,"type":"outline","color":3},{"r":255,"g":0,"type":"setColor","angle":360,"time":190,"color":3,"b":0,"duration":2},{"r":0,"g":0,"type":"setColor","order":1,"angle":-22.5,"color":3,"b":0,"time":224,"duration":0.5},{"r":255,"g":0,"type":"setColor","order":0,"angle":360,"color":3,"time":224.5,"b":0},{"r":0,"g":0,"type":"setColor","order":1,"angle":-22.5,"color":3,"b":0,"time":224.5,"duration":0.5},{"r":255,"g":0,"type":"setColor","order":0,"angle":360,"color":3,"time":225.5,"b":0},{"r":0,"g":0,"type":"setColor","order":1,"angle":-22.5,"color":3,"b":0,"time":225.5,"duration":0.5},{"r":255,"g":0,"type":"setColor","order":0,"angle":337.5,"color":3,"time":226.5,"b":0},{"r":0,"g":0,"type":"setColor","order":1,"angle":-45,"color":3,"b":0,"time":226.5,"duration":0.5},{"r":255,"g":0,"type":"setColor","order":0,"angle":360,"color":3,"time":228,"b":0},{"r":0,"g":0,"type":"setColor","order":1,"angle":-22.5,"color":3,"b":0,"time":228,"duration":0.5},{"r":255,"g":0,"type":"setColor","order":0,"angle":360,"color":3,"time":228.5,"b":0},{"r":0,"g":0,"type":"setColor","order":1,"angle":-22.5,"color":3,"b":0,"time":228.5,"duration":0.5},{"r":255,"g":0,"type":"setColor","order":0,"angle":360,"color":3,"time":229,"b":0},{"r":0,"g":0,"type":"setColor","order":1,"angle":-22.5,"color":3,"b":0,"time":229,"duration":0.5},{"r":255,"g":0,"type":"setColor","order":0,"angle":360,"color":3,"time":229.5,"b":0},{"r":0,"g":0,"type":"setColor","order":1,"angle":-22.5,"color":3,"b":0,"time":229.5,"duration":0.5},{"r":255,"g":0,"type":"setColor","order":0,"angle":360,"color":3,"time":230,"b":0},{"r":0,"g":0,"type":"setColor","order":1,"angle":-22.5,"color":3,"b":0,"time":230,"duration":0.5},{"r":255,"g":0,"type":"setColor","order":0,"angle":360,"color":3,"time":230.5,"b":0},{"r":0,"g":0,"type":"setColor","order":1,"angle":-22.5,"color":3,"b":0,"time":230.5,"duration":0.5},{"r":255,"g":0,"type":"setColor","order":0,"angle":360,"color":3,"time":231,"b":0},{"r":0,"g":0,"type":"setColor","order":1,"angle":-22.5,"color":3,"b":0,"time":231,"duration":0.5},{"duration":1,"var":"vfx.canvPos.sx","value":0.5,"time":226.5,"type":"ease","ease":"outCirc","angle":22.5},{"duration":0.5,"var":"vfx.canvPos.sx","value":1,"time":227.5,"type":"ease","ease":"inCirc","angle":22.5},{"duration":1,"var":"vfx.canvPos.sy","value":0.5,"time":226.5,"type":"ease","ease":"outCirc","angle":45},{"duration":0.5,"var":"vfx.canvPos.sy","value":1,"time":227.5,"type":"ease","ease":"inCirc","angle":45},{"r":255,"g":0,"type":"setColor","order":0,"angle":360,"color":3,"time":232,"b":0},{"r":0,"g":0,"type":"setColor","order":1,"angle":-22.5,"color":3,"b":0,"time":232,"duration":0.5},{"r":255,"g":0,"type":"setColor","order":0,"angle":360,"color":3,"time":232.5,"b":0},{"r":0,"g":0,"type":"setColor","order":1,"angle":-22.5,"color":3,"b":0,"time":232.5,"duration":0.5},{"r":255,"g":0,"type":"setColor","order":0,"angle":360,"color":3,"b":0,"time":233.5,"duration":1},{"r":0,"g":0,"ease":"outExpo","order":1,"color":3,"duration":1,"time":235,"angle":-22.5,"b":0,"type":"setColor"},{"r":255,"g":0,"type":"setColor","order":0,"angle":360,"color":3,"time":236,"b":0},{"r":0,"g":0,"type":"setColor","order":1,"angle":-22.5,"color":3,"b":0,"time":236,"duration":0.5},{"r":255,"g":0,"type":"setColor","order":0,"angle":360,"color":3,"time":237,"b":0},{"r":0,"g":0,"type":"setColor","order":1,"angle":-22.5,"color":3,"b":0,"time":237,"duration":0.5},{"r":255,"g":0,"type":"setColor","order":0,"angle":360,"color":3,"time":238,"b":0},{"r":0,"g":0,"type":"setColor","order":1,"angle":-22.5,"color":3,"b":0,"time":238,"duration":0.5},{"r":255,"g":0,"type":"setColor","order":0,"angle":360,"color":3,"time":239,"b":0},{"r":0,"g":0,"type":"setColor","order":1,"angle":-22.5,"color":3,"b":0,"time":239,"duration":0.5},{"r":255,"g":0,"type":"setColor","order":0,"angle":360,"color":3,"time":236.5,"b":0},{"r":0,"g":0,"type":"setColor","order":1,"angle":-22.5,"color":3,"b":0,"time":236.5,"duration":0.5},{"r":255,"g":0,"type":"setColor","order":0,"angle":360,"color":3,"time":237.5,"b":0},{"r":0,"g":0,"type":"setColor","order":1,"angle":-22.5,"color":3,"b":0,"time":237.5,"duration":0.5},{"r":255,"g":0,"type":"setColor","order":0,"angle":360,"color":3,"time":238.5,"b":0},{"r":0,"g":0,"type":"setColor","order":1,"angle":-22.5,"color":3,"b":0,"time":238.5,"duration":0.5},{"r":255,"g":0,"type":"setColor","order":0,"angle":360,"color":3,"time":239.5,"b":0},{"r":0,"g":0,"type":"setColor","order":1,"angle":-22.5,"color":3,"b":0,"time":239.5,"duration":0.5},{"r":81,"g":81,"type":"setColor","order":0,"angle":360,"color":3,"time":240,"b":81},{"r":0,"g":0,"type":"setColor","order":1,"angle":-22.5,"color":3,"b":0,"time":240,"duration":0.5},{"r":81,"g":81,"type":"setColor","order":0,"angle":360,"color":3,"time":240.5,"b":81},{"r":0,"g":0,"type":"setColor","order":1,"angle":-22.5,"color":3,"b":0,"time":240.5,"duration":0.5},{"r":81,"g":81,"type":"setColor","order":0,"angle":360,"color":3,"time":241,"b":81},{"r":0,"g":0,"type":"setColor","order":1,"angle":-22.5,"color":3,"b":0,"time":241,"duration":0.5},{"r":81,"g":81,"type":"setColor","order":0,"angle":360,"color":3,"time":241.5,"b":81},{"r":0,"g":0,"type":"setColor","order":1,"angle":-22.5,"color":3,"b":0,"time":241.5,"duration":0.5},{"r":255,"g":0,"type":"setColor","order":0,"angle":360,"color":3,"time":242,"b":0},{"r":0,"g":0,"type":"setColor","order":1,"angle":-22.5,"color":3,"b":0,"time":242,"duration":0.5},{"r":255,"g":0,"type":"setColor","order":0,"angle":360,"color":3,"time":243,"b":0},{"r":0,"g":0,"type":"setColor","order":1,"angle":-22.5,"color":3,"b":0,"time":243,"duration":0.5},{"r":255,"g":0,"type":"setColor","order":0,"angle":360,"color":3,"time":245,"b":0},{"r":0,"g":0,"type":"setColor","order":1,"angle":-22.5,"color":3,"b":0,"time":245,"duration":1},{"r":255,"g":0,"type":"setColor","order":0,"angle":360,"color":3,"time":246,"b":0},{"r":0,"g":0,"type":"setColor","order":1,"angle":-22.5,"color":3,"b":0,"time":246,"duration":1},{"r":81,"g":81,"type":"setColor","order":0,"angle":360,"color":3,"time":244,"b":81},{"r":0,"g":0,"type":"setColor","order":1,"angle":-22.5,"color":3,"b":0,"time":244,"duration":0.5},{"r":255,"g":255,"type":"setColor","order":0,"angle":360,"color":1,"b":255,"time":248,"duration":8},{"b":0,"angle":45,"r":0,"time":-4,"type":"setColor","g":0,"color":2},{"var":"vfx.canvPos.sx","value":0,"time":-4,"type":"ease","angle":247.5},{"var":"vfx.canvPos.sy","value":0,"time":-4,"type":"ease","angle":225},{"time":-0,"type":"ease","value":0.40000000596046,"var":"vfx.canvPos.sx","duration":8,"angle":315},{"time":0,"type":"ease","value":0.40000000596046,"var":"vfx.canvPos.sy","duration":8,"angle":292.5},{"duration":0.5,"value":0.34999999403954,"time":8,"angle":315,"start":0.25,"repeats":1,"repeatDelay":0.5,"var":"vfx.canvPos.sx","type":"ease"},{"duration":0.5,"value":0.34999999403954,"time":8,"angle":292.5,"start":0.25,"repeats":1,"repeatDelay":0.5,"var":"vfx.canvPos.sy","type":"ease"},{"start":0.60000002384186,"var":"vfx.canvPos.sy","value":0.80000001192093,"time":9,"type":"ease","duration":4,"angle":292.5},{"start":0.60000002384186,"var":"vfx.canvPos.sx","value":0.80000001192093,"time":9,"type":"ease","duration":4,"angle":315},{"duration":1,"value":0.80000001192093,"time":12,"angle":315,"start":0.69999998807907,"repeats":2,"repeatDelay":1,"var":"vfx.canvPos.sx","type":"ease"},{"duration":1,"value":0.80000001192093,"time":12,"angle":292.5,"start":0.69999998807907,"repeats":2,"repeatDelay":1,"var":"vfx.canvPos.sy","type":"ease"},{"start":0.89999997615814,"duration":4,"angle":315,"ease":"outBack","type":"ease","value":1,"var":"vfx.canvPos.sx","time":14.5},{"start":0.89999997615814,"var":"vfx.canvPos.sy","value":1,"time":14.5,"type":"ease","duration":1,"angle":337.5},{"ease":"linear","newAngle":180,"angle":337.5,"type":"paddles","enabled":true,"time":248,"paddle":2,"duration":0},{"duration":1,"var":"vfx.homCanvPos.r","value":90,"time":256,"type":"ease","ease":"outBack","angle":22.5},{"var":"vfx.homCanvPos.sx","value":1.5,"time":248,"type":"ease","angle":45},{"var":"vfx.homCanvPos.sy","value":1.5,"time":248,"type":"ease","angle":67.5},{"chance":0.10000000149012,"angle":22.5,"time":248,"type":"noise","color":0},{"r":70,"g":5,"type":"setColor","order":0,"angle":45,"color":2,"time":0,"b":5},{"r":0,"g":0,"ease":"linear","order":1,"color":2,"duration":2,"time":-0,"angle":22.5,"b":0,"type":"setColor"},{"r":70,"g":5,"type":"setColor","order":0,"angle":45,"color":2,"time":2,"b":5},{"r":0,"g":0,"ease":"linear","order":1,"color":2,"duration":2,"time":2,"angle":22.5,"b":0,"type":"setColor"},{"r":70,"g":5,"type":"setColor","order":0,"angle":45,"color":2,"time":4,"b":5},{"r":0,"g":0,"ease":"linear","order":1,"color":2,"duration":2,"time":4,"angle":22.5,"b":0,"type":"setColor"},{"r":70,"g":5,"type":"setColor","order":0,"angle":45,"color":2,"time":6,"b":5},{"r":0,"g":0,"ease":"linear","order":1,"color":2,"duration":2,"time":6,"angle":22.5,"b":0,"type":"setColor"},{"r":70,"g":5,"type":"setColor","order":0,"angle":45,"color":2,"time":8,"b":5},{"r":0,"g":0,"ease":"linear","order":1,"color":2,"duration":1,"time":8,"angle":22.5,"b":0,"type":"setColor"},{"r":70,"g":5,"type":"setColor","order":0,"angle":45,"color":2,"time":8.5,"b":5},{"r":0,"g":0,"ease":"linear","order":1,"color":2,"duration":1,"time":8.5,"angle":22.5,"b":0,"type":"setColor"},{"r":70,"g":5,"type":"setColor","order":0,"angle":45,"color":2,"time":12,"b":5},{"r":0,"g":0,"ease":"linear","order":1,"color":2,"duration":2,"time":12,"angle":22.5,"b":0,"type":"setColor"},{"r":70,"g":5,"type":"setColor","order":0,"angle":45,"color":2,"time":13,"b":5},{"r":0,"g":0,"ease":"linear","order":1,"color":2,"duration":2,"time":13,"angle":22.5,"b":0,"type":"setColor"},{"r":70,"g":5,"type":"setColor","order":0,"angle":45,"color":2,"time":14,"b":5},{"r":0,"g":0,"ease":"linear","order":1,"color":2,"duration":2,"time":14,"angle":22.5,"b":0,"type":"setColor"},{"r":70,"g":5,"type":"setColor","order":0,"angle":45,"color":2,"time":14.5,"b":5},{"r":0,"g":0,"ease":"linear","order":1,"color":2,"duration":2,"time":14.5,"angle":22.5,"b":0,"type":"setColor"},{"r":70,"g":5,"type":"setColor","order":0,"angle":45,"color":2,"time":10,"b":5},{"r":0,"g":0,"ease":"linear","order":1,"color":2,"duration":2,"time":10,"angle":22.5,"b":0,"type":"setColor"},{"r":70,"g":5,"type":"setColor","order":0,"angle":45,"color":2,"time":16,"b":5},{"r":0,"g":0,"ease":"linear","order":1,"color":2,"duration":2,"time":16,"angle":22.5,"b":0,"type":"setColor"},{"r":70,"g":5,"type":"setColor","order":0,"angle":45,"color":2,"time":18,"b":5},{"r":0,"g":0,"ease":"linear","order":1,"color":2,"duration":2,"time":18,"angle":22.5,"b":0,"type":"setColor"},{"r":70,"g":5,"type":"setColor","order":0,"angle":45,"color":2,"time":20,"b":5},{"r":0,"g":0,"ease":"linear","order":1,"color":2,"duration":2,"time":20,"angle":22.5,"b":0,"type":"setColor"},{"r":70,"g":5,"type":"setColor","order":0,"angle":45,"color":2,"time":22,"b":5},{"r":0,"g":0,"ease":"linear","order":1,"color":2,"duration":2,"time":22,"angle":22.5,"b":0,"type":"setColor"},{"r":70,"g":5,"type":"setColor","order":0,"angle":45,"color":2,"time":24,"b":5},{"r":0,"g":0,"ease":"linear","order":1,"color":2,"duration":2,"time":24,"angle":22.5,"b":0,"type":"setColor"},{"r":70,"g":5,"type":"setColor","order":0,"angle":45,"color":2,"time":25.5,"b":5},{"r":0,"g":0,"ease":"linear","order":1,"color":2,"duration":2,"time":25.5,"angle":22.5,"b":0,"type":"setColor"},{"r":70,"g":5,"type":"setColor","order":0,"angle":45,"color":2,"time":27,"b":5},{"r":0,"g":0,"ease":"linear","order":1,"color":2,"duration":2,"time":27,"angle":22.5,"b":0,"type":"setColor"},{"r":70,"g":5,"type":"setColor","order":0,"angle":45,"color":2,"time":28.5,"b":5},{"r":0,"g":0,"ease":"linear","order":1,"color":2,"duration":2,"time":28.5,"angle":22.5,"b":0,"type":"setColor"},{"r":70,"g":5,"type":"setColor","order":0,"angle":45,"color":2,"time":30.5,"b":5},{"r":0,"g":0,"ease":"linear","order":1,"color":2,"duration":2,"time":30.5,"angle":22.5,"b":0,"type":"setColor"},{"r":70,"g":5,"type":"setColor","order":0,"angle":45,"color":2,"time":30,"b":5},{"r":0,"g":0,"ease":"linear","order":1,"color":2,"duration":2,"time":30,"angle":22.5,"b":0,"type":"setColor"},{"duration":0.5,"var":"vfx.angleTwist.offset","value":-60,"time":32,"type":"ease","ease":"outCirc","angle":67.5},{"duration":0.5,"var":"vfx.angleTwist.offset","value":0,"time":32.5,"type":"ease","ease":"outCirc","angle":67.5},{"duration":0.5,"var":"vfx.angleTwist.offset","value":60,"time":33,"type":"ease","ease":"outCirc","angle":67.5},{"duration":0.5,"var":"vfx.angleTwist.offset","value":0,"time":33.5,"type":"ease","ease":"outCirc","angle":67.5},{"duration":1,"var":"vfx.angleTwist.offset","value":-180,"time":59,"type":"ease","ease":"inCirc","angle":45},{"duration":1,"var":"vfx.angleTwist.offset","value":0,"time":60,"type":"ease","ease":"outCirc","angle":45},{"ease":"linear","time":-3.25,"duration":0,"type":"paddles","paddle":1,"angle":270},{"duration":1,"paddle":1,"time":288,"type":"paddles","ease":"outBack","newAngle":90,"angle":360},{"duration":1,"paddle":2,"time":288,"type":"paddles","ease":"outBack","newAngle":270,"angle":337.5},{"duration":1,"paddle":1,"time":304,"type":"paddles","ease":"outBack","newAngle":45,"angle":90},{"duration":1,"paddle":2,"time":304,"type":"paddles","ease":"outBack","newAngle":315,"angle":67.5},{"duration":1,"paddle":1,"time":305,"type":"paddles","ease":"outBack","newAngle":0,"angle":90},{"duration":1,"paddle":2,"time":305,"type":"paddles","ease":"outBack","newAngle":360,"angle":67.5},{"type":"ease","time":322,"value":180,"var":"vfx.canvPos.r","duration":6,"angle":90},{"type":"ease","time":331,"value":360,"var":"vfx.canvPos.r","duration":5,"angle":90},{"type":"ease","time":338,"value":180,"var":"vfx.canvPos.r","duration":6,"angle":90},{"type":"ease","time":346,"value":0,"var":"vfx.canvPos.r","duration":4,"angle":90},{"duration":2,"var":"vfx.canvPos.r","value":0,"time":350,"type":"ease","ease":"outExpo","angle":90},{"type":"ease","var":"vfx.homCanvPos.r","value":0,"time":320,"ease":"outBack","duration":1,"angle":180},{"chance":0.30000001192093,"angle":157.5,"time":320,"type":"noise","color":2},{"duration":1,"var":"vfx.canvPos.r","value":360,"time":366,"type":"ease","ease":"outCirc","angle":90},{"type":"ease","time":368,"value":180,"var":"vfx.canvPos.r","duration":8,"angle":90},{"ease":"linear","paddle":1,"time":368,"type":"paddles","duration":8,"newAngle":180,"angle":67.5},{"ease":"linear","enabled":false,"time":368,"duration":0,"type":"paddles","paddle":2,"angle":45},{"var":"vfx.canvPos.r","value":0,"time":367,"type":"ease","angle":90},{"type":"ease","time":376,"value":0,"var":"vfx.canvPos.r","duration":8,"angle":90},{"ease":"linear","paddle":1,"time":376,"type":"paddles","duration":8,"newAngle":0,"angle":67.5},{"type":"ease","var":"vfx.homCanvPos.sx","value":1,"time":384,"duration":1,"ease":"outCirc","angle":292.5},{"type":"ease","var":"vfx.homCanvPos.sy","value":1,"time":384,"ease":"outCirc","duration":1,"angle":270},{"r":0,"g":0,"type":"bookmark","description":"","angle":337.5,"time":0,"b":0,"name":"Intro"},{"r":151.25000238419,"g":0,"type":"bookmark","description":"","angle":360,"time":64,"b":0,"name":"\"Vanilla\" Gameplay"},{"r":0,"g":246.30776882172,"type":"bookmark","description":"","angle":0,"time":126,"b":255,"name":"Fun with Paddle Movement"},{"r":0,"g":0,"type":"bookmark","description":"","angle":360,"time":192,"b":0,"name":"Blackout"},{"r":129.9999922514,"g":129.99868512154,"type":"bookmark","description":"","angle":270,"time":254,"b":129.99868512154,"name":"Woe, HOM be upon ye"},{"r":81.136377453804,"g":255,"type":"bookmark","description":"","angle":45,"time":322,"b":0,"name":"Cranky HATES you"},{"r":0,"g":0,"type":"bookmark","description":"","angle":337.5,"time":384,"b":0,"name":"Bridge"},{"r":255,"g":0,"type":"bookmark","description":"","angle":360,"time":448,"b":0,"name":"VFX Hell"},{"angleOffset":false,"angle":0,"time":78,"type":"tag","tag":"025Scratch"},{"angleOffset":false,"angle":0,"time":98,"type":"tag","tag":"025Scratch"},{"angleOffset":false,"angle":-22.5,"time":456,"type":"tag","tag":"025Scratch"},{"angleOffset":false,"angle":0,"time":458,"type":"tag","tag":"025Scratch"},{"angleOffset":false,"angle":0,"time":463,"type":"tag","tag":"025Scratch"},{"angleOffset":false,"angle":0,"time":472,"type":"tag","tag":"025Scratch"},{"angleOffset":false,"angle":0,"time":474,"type":"tag","tag":"025Scratch"},{"angleOffset":false,"angle":0,"time":486,"type":"tag","tag":"025Scratch"},{"angleOffset":false,"angle":0,"time":487,"type":"tag","tag":"025Scratch"},{"angleOffset":false,"angle":0,"time":492,"type":"tag","tag":"025Scratch"},{"angleOffset":false,"angle":0,"time":493,"type":"tag","tag":"025Scratch"},{"angleOffset":false,"angle":0,"time":510,"type":"tag","tag":"025Scratch"},{"angleOffset":false,"angle":0,"time":511,"type":"tag","tag":"025Scratch"},{"angleOffset":false,"angle":0,"time":517,"type":"tag","tag":"025ScratchStrong"},{"angleOffset":false,"angle":0,"time":522,"type":"tag","tag":"025ScratchStrong"},{"var":"vfx.angleTwist.distance","value":7,"time":512,"type":"ease","angle":0},{"angleOffset":false,"angle":0,"time":38,"type":"tag","tag":"sloDown2b"},{"angleOffset":false,"angle":0,"time":482,"type":"tag","tag":"sloDown2b"},{"angleOffset":false,"angle":0,"time":519,"type":"tag","tag":"sloDown05b"},{"angleOffset":false,"angle":0,"time":529,"type":"tag","tag":"025ScratchStrong"},{"sprite":"0.png","type":"deco","drawLayer":"fg","angle":360,"oy":40,"id":"text0","ox":64,"time":567,"x":300,"y":-100,"sx":2,"sy":2},{"sprite":"1.png","ox":64,"drawLayer":"fg","angle":382.5,"type":"deco","sx":2,"oy":40,"time":567,"x":300,"y":-100,"id":"text1","sy":2},{"sprite":"2.png","type":"deco","drawLayer":"fg","angle":405,"oy":40,"id":"text3","ox":64,"time":567,"x":300,"y":460,"sx":2,"sy":2},{"ease":"outCirc","type":"deco","time":568,"duration":1,"y":50,"id":"text0","angle":0},{"ease":"outCirc","type":"deco","time":575,"duration":1,"y":90,"id":"text1","angle":0},{"type":"deco","angle":0,"recolor":3,"duration":1,"time":579,"y":300,"id":"text3","ease":"outCirc"},{"r":255,"g":0,"type":"setColor","angle":22.5,"time":568,"color":3,"b":0,"duration":8},{"angle":45,"enable":false,"time":568,"type":"outline","color":0},{"ease":"outCirc","type":"deco","time":583,"duration":1,"y":-100,"id":"text0","angle":67.5},{"ease":"outCirc","type":"deco","time":583,"duration":1,"y":-100,"id":"text1","angle":45},{"ease":"outCirc","type":"deco","time":583,"duration":1,"y":400,"id":"text3","angle":22.5},{"type":"ease","var":"vfx.comboY","value":100,"time":568,"ease":"outCirc","duration":1,"angle":337.5},{"type":"ease","var":"vfx.accuracyY","value":-30,"time":567,"ease":"outCirc","duration":0.5,"angle":337.5},{"var":"vfx.accuracyY","value":400,"time":567.5,"type":"ease","angle":337.5},{"var":"vfx.accuracyX","value":-270,"time":567.5,"type":"ease","angle":0},{"type":"ease","var":"vfx.accuracyY","value":220,"time":568,"ease":"outCirc","duration":1,"angle":315},{"type":"ease","var":"vfx.comboY","value":0,"time":583,"ease":"outCirc","duration":1,"angle":90},{"type":"ease","var":"vfx.accuracyY","value":400,"time":583,"ease":"outCirc","duration":0.5,"angle":112.5},{"var":"vfx.accuracyY","value":0,"time":583.5,"type":"ease","angle":112.5},{"var":"vfx.accuracyX","value":60,"time":583.5,"type":"ease","angle":135},{"type":"ease","var":"vfx.accuracyX","value":0,"time":584,"ease":"outCirc","duration":1,"angle":112.5},{"ease":"inOutExpo","paddle":1,"time":568,"type":"paddles","duration":16,"newAngle":180,"angle":90},{"type":"ease","time":584,"value":30,"var":"vfx.canvPos.r","duration":1,"angle":22.5},{"type":"ease","time":587,"value":180,"var":"vfx.canvPos.r","duration":5,"angle":22.5},{"type":"ease","time":592,"value":120,"var":"vfx.canvPos.r","duration":2,"angle":157.5},{"type":"ease","var":"vfx.canvPos.r","value":90,"time":596,"ease":"linear","duration":1,"angle":135},{"type":"ease","var":"vfx.canvPos.r","value":0,"time":597.5,"ease":"outCirc","duration":1,"angle":22.5},{"type":"ease","time":608,"value":4,"var":"vfx.pixelate","duration":4,"angle":360},{"type":"ease","var":"vfx.pixelate","value":8,"time":614,"ease":"outExpo","duration":1,"angle":112.5},{"type":"ease","var":"vfx.pixelate","value":1,"time":615,"ease":"inExpo","duration":1,"angle":112.5},{"ease":"linear","newAngle":180,"angle":180,"type":"paddles","enabled":true,"time":617,"paddle":2,"duration":0},{"angleOffset":false,"angle":45,"time":513,"type":"tag","tag":"bgFlash1"},{"angleOffset":false,"angle":45,"time":515,"type":"tag","tag":"bgFlash1"},{"angleOffset":false,"angle":45,"time":517,"type":"tag","tag":"bgFlash1"},{"angleOffset":false,"angle":45,"time":519,"type":"tag","tag":"bgFlash1"},{"angleOffset":false,"angle":45,"time":521,"type":"tag","tag":"bgFlash1"},{"angleOffset":false,"angle":45,"time":523,"type":"tag","tag":"bgFlash1"},{"angleOffset":false,"angle":45,"time":525,"type":"tag","tag":"bgFlash1"},{"angleOffset":false,"angle":45,"time":527,"type":"tag","tag":"bgFlash1"},{"angleOffset":false,"angle":45,"time":531,"type":"tag","tag":"bgFlash1"},{"angleOffset":false,"angle":45,"time":533,"type":"tag","tag":"bgFlash1"},{"angleOffset":false,"angle":45,"time":535,"type":"tag","tag":"bgFlash1"},{"angleOffset":false,"angle":45,"time":543,"type":"tag","tag":"bgFlash1"},{"angleOffset":false,"angle":45,"time":542,"type":"tag","tag":"bgFlash1"},{"angleOffset":false,"angle":45,"time":543.5,"type":"tag","tag":"bgFlash1"},{"ease":"inOutExpo","paddle":1,"time":625,"duration":4,"type":"paddles","newAngle":0,"angle":270},{"ease":"linear","enabled":false,"time":624,"duration":0,"type":"paddles","paddle":2,"angle":292.5},{"type":"ease","time":648,"value":720,"var":"vfx.canvPos.r","duration":24,"angle":337.5},{"duration":24,"paddle":1,"time":648,"ease":"linear","type":"paddles","newAngle":720,"angle":360},{"type":"ease","var":"scrollSpeed","value":0.5,"time":658,"ease":"outCirc","duration":1.5,"angle":292.5},{"type":"ease","var":"scrollSpeed","value":0.25,"time":659.5,"duration":1.5,"ease":"outCirc","angle":315},{"duration":1.5,"var":"scrollSpeed","value":0.5,"time":662,"ease":"outCirc","type":"ease","angle":292.5},{"duration":1.5,"var":"scrollSpeed","value":1,"time":663.5,"type":"ease","ease":"outCirc","angle":292.5},{"type":"setBoolean","var":"vfx.drawUI","time":-4,"enable":false,"angle":270},{"type":"setBoolean","var":"vfx.drawUI","time":23.5,"enable":true,"angle":22.5},{"var":"vfx.accuracyY","value":-30,"time":23,"type":"ease","angle":22.5},{"var":"vfx.songNameY","value":30,"time":23,"type":"ease","angle":45},{"var":"vfx.difficultyY","value":30,"time":23,"type":"ease","angle":67.5},{"duration":1.5,"var":"vfx.songNameY","value":0,"time":24,"type":"ease","ease":"outCirc","angle":67.5},{"type":"ease","var":"vfx.difficultyY","value":-11,"time":25.5,"ease":"outCirc","duration":1.5,"angle":67.5},{"duration":1.5,"var":"vfx.accuracyY","value":0,"time":27,"type":"ease","ease":"outCirc","angle":67.5},{"angleOffset":false,"angle":0,"time":88,"type":"tag","tag":"scratch05"},{"angleOffset":false,"angle":0,"time":102,"type":"tag","tag":"scratch05"},{"angleOffset":false,"angle":0,"time":112,"type":"tag","tag":"scratch05"},{"start":6,"duration":1.5,"angle":360,"ease":"outCirc","type":"ease","value":0,"var":"vfx.hwaves.strength","time":97},{"start":-6,"duration":1.5,"angle":360,"ease":"outCirc","type":"ease","value":0,"var":"vfx.hwaves.strength","time":98.5},{"start":6,"duration":1.5,"angle":360,"ease":"outCirc","type":"ease","value":0,"var":"vfx.hwaves.strength","time":101},{"start":-6,"duration":1.5,"angle":360,"ease":"outCirc","type":"ease","value":0,"var":"vfx.hwaves.strength","time":102.5},{"start":6,"duration":1.5,"angle":360,"ease":"outCirc","type":"ease","value":0,"var":"vfx.hwaves.strength","time":105},{"start":-6,"duration":1.5,"angle":360,"ease":"outCirc","type":"ease","value":0,"var":"vfx.hwaves.strength","time":106.5},{"start":6,"duration":1.5,"angle":360,"ease":"outCirc","type":"ease","value":0,"var":"vfx.hwaves.strength","time":109},{"start":-6,"duration":1.5,"angle":360,"ease":"outCirc","type":"ease","value":0,"var":"vfx.hwaves.strength","time":110.5},{"start":6,"duration":1.5,"angle":360,"ease":"outCirc","type":"ease","value":0,"var":"vfx.hwaves.strength","time":145},{"start":-6,"duration":1.5,"angle":360,"ease":"outCirc","type":"ease","value":0,"var":"vfx.hwaves.strength","time":146.5},{"start":6,"duration":1.5,"angle":360,"ease":"outCirc","type":"ease","value":0,"var":"vfx.hwaves.strength","time":149},{"start":-6,"duration":1.5,"angle":360,"ease":"outCirc","type":"ease","value":0,"var":"vfx.hwaves.strength","time":150.5},{"start":6,"duration":1.5,"angle":360,"ease":"outCirc","type":"ease","value":0,"var":"vfx.hwaves.strength","time":168.5},{"start":-6,"duration":1.5,"angle":360,"ease":"outCirc","type":"ease","value":0,"var":"vfx.hwaves.strength","time":170},{"start":6,"duration":1,"angle":360,"ease":"outCirc","type":"ease","value":0,"var":"vfx.hwaves.strength","time":171.5},{"start":-6,"duration":1,"angle":360,"ease":"outCirc","type":"ease","value":0,"var":"vfx.hwaves.strength","time":172},{"start":6,"duration":1,"angle":360,"ease":"outCirc","type":"ease","value":0,"var":"vfx.hwaves.strength","time":173},{"start":-6,"duration":1,"angle":360,"ease":"outCirc","type":"ease","value":0,"var":"vfx.hwaves.strength","time":173.5},{"start":6,"duration":1,"angle":337.5,"ease":"outCirc","type":"ease","value":0,"var":"vfx.hwaves.strength","time":174.5},{"angleOffset":false,"angle":90,"time":142,"type":"tag","tag":"scratch05"},{"angleOffset":false,"angle":90,"time":156,"type":"tag","tag":"scratch05"},{"angleOffset":false,"angle":202.5,"time":358,"type":"tag","tag":"scratch05"},{"angleOffset":false,"angle":202.5,"time":360,"type":"tag","tag":"scratch05"},{"start":90,"type":"ease","angle":0,"ease":"inExpo","var":"vfx.angleTwist.offset","value":0,"time":384,"duration":1},{"start":-90,"type":"ease","angle":0,"ease":"inExpo","var":"vfx.angleTwist.offset","value":0,"time":385.5,"duration":1},{"angleOffset":false,"angle":67.5,"time":416.5,"type":"tag","tag":"025Scratch"},{"angleOffset":false,"angle":67.5,"time":418,"type":"tag","tag":"025Scratch"},{"type":"ease","var":"vfx.angleTwist.offset","value":60,"time":426,"ease":"outCirc","duration":0.5,"angle":22.5},{"duration":0.5,"var":"vfx.angleTwist.offset","value":0,"time":426.5,"type":"ease","ease":"outCirc","angle":22.5},{"duration":0.5,"var":"vfx.angleTwist.offset","value":60,"time":429,"type":"ease","ease":"outCirc","angle":22.5},{"type":"ease","var":"vfx.angleTwist.offset","value":0,"time":429.5,"ease":"outCirc","duration":0.5,"angle":22.5},{"duration":0.5,"var":"vfx.angleTwist.offset","value":-60,"time":430.5,"ease":"outCirc","type":"ease","angle":353},{"type":"ease","var":"vfx.angleTwist.offset","value":0,"time":431,"ease":"outCirc","duration":0.5,"angle":22.5},{"type":"ease","var":"scrollSpeed","value":0.25,"time":431.5,"duration":8,"ease":"outExpo","angle":90},{"duration":8,"var":"vfx.canvPos.sx","value":0,"time":431.5,"type":"ease","ease":"outExpo","angle":67.5},{"type":"ease","var":"vfx.canvPos.sy","value":0,"time":431.5,"duration":8,"ease":"outExpo","angle":45},{"time":439.5,"duration":6,"value":1,"var":"scrollSpeed","type":"ease","angle":90},{"time":439.5,"duration":6,"value":1,"var":"vfx.canvPos.sx","type":"ease","angle":67.5},{"time":439.5,"duration":6,"value":1,"var":"vfx.canvPos.sy","type":"ease","angle":45},{"type":"ease","var":"vfx.canvPos.r","value":360,"time":431.5,"ease":"outCirc","duration":8,"angle":22.5},{"time":439.5,"duration":6,"value":0,"var":"vfx.canvPos.r","type":"ease","angle":22.5},{"angleOffset":false,"angle":135,"time":450,"type":"tag","tag":"sloDown2b"},{"start":8,"var":"vfx.hglitch.strength","value":0,"time":490,"duration":1,"type":"ease","angle":157.5},{"start":8,"var":"vfx.hglitch.strength","value":0,"time":491,"duration":1,"type":"ease","angle":157.5},{"start":16,"var":"vfx.hglitch.strength","value":0,"time":498,"type":"ease","duration":1,"angle":360},{"start":16,"var":"vfx.hglitch.strength","value":0,"time":499,"type":"ease","duration":2,"angle":360},{"angleOffset":false,"angle":90,"time":502,"type":"tag","tag":"scratch05"},{"angleOffset":false,"angle":45,"time":526,"type":"tag","tag":"sloDown05b"},{"angleOffset":false,"angle":67.5,"time":530,"type":"tag","tag":"sloDown05b"},{"angleOffset":false,"angle":0,"time":536,"type":"tag","tag":"025ScratchStrong"},{"angleOffset":false,"angle":0,"time":538,"type":"tag","tag":"025ScratchStrong"},{"angleOffset":false,"angle":0,"time":540,"type":"tag","tag":"025ScratchStrong"},{"angleOffset":false,"angle":0,"time":550,"type":"tag","tag":"025ScratchStrong"},{"angleOffset":false,"angle":0,"time":554,"type":"tag","tag":"025ScratchStrong"},{"angleOffset":false,"angle":202.5,"time":558,"type":"tag","tag":"sloDown05b"},{"bpm":300,"time":575,"type":"setBPM","angle":90},{"bpm":194,"time":575.29998779297,"type":"setBPM","angle":67.5},{"duration":6,"var":"vfx.canvPos.sx","value":0,"time":625,"type":"ease","ease":"linear","angle":292.5},{"type":"ease","var":"vfx.canvPos.sy","value":0,"time":625,"duration":6,"ease":"linear","angle":315},{"type":"ease","var":"vfx.canvPos.sx","value":1,"time":630,"ease":"outBack","duration":1,"angle":292.5},{"type":"ease","var":"vfx.canvPos.sy","value":1,"time":630,"duration":1,"ease":"outBack","angle":315},{"duration":4,"time":640,"value":8,"var":"vfx.pixelate","type":"ease","angle":135},{"type":"ease","var":"vfx.pixelate","value":16,"time":645,"ease":"outExpo","duration":1,"angle":315},{"duration":1,"var":"vfx.pixelate","value":1,"time":646,"ease":"inExpo","type":"ease","angle":315},{"type":"ease","var":"scrollSpeed","value":0.25,"time":672,"ease":"outExpo","duration":4,"angle":90},{"type":"ease","var":"vfx.canvPos.sy","value":0,"time":672,"ease":"outExpo","duration":4,"angle":45},{"type":"ease","time":676,"value":1,"var":"scrollSpeed","duration":4,"angle":90},{"duration":4,"time":676,"value":1,"var":"vfx.canvPos.sx","type":"ease","angle":67.5},{"type":"ease","time":676,"value":1,"var":"vfx.canvPos.sy","duration":4,"angle":45},{"type":"ease","var":"vfx.canvPos.r","value":360,"time":672,"duration":4,"ease":"outCirc","angle":22.5},{"time":676,"type":"ease","value":0,"var":"vfx.canvPos.r","duration":0,"angle":22.5},{"type":"ease","var":"vfx.canvPos.sx","value":0,"time":672,"duration":4,"ease":"outExpo","angle":22.5},{"duration":1,"var":"vfx.angleTwist.offset","value":90,"time":682,"type":"ease","ease":"outExpo","angle":0},{"duration":0.5,"var":"vfx.angleTwist.offset","value":0,"time":682.5,"type":"ease","ease":"outCirc","angle":0},{"type":"ease","var":"vfx.angleTwist.offset","value":-90,"time":685,"ease":"outExpo","duration":1,"angle":0},{"type":"ease","var":"vfx.angleTwist.offset","value":0,"time":685.5,"ease":"outCirc","duration":0.5,"angle":0},{"type":"ease","var":"vfx.angleTwist.offset","value":90,"time":687,"ease":"outExpo","duration":1,"angle":0},{"type":"ease","var":"vfx.angleTwist.offset","value":0,"time":687.5,"ease":"outCirc","duration":0.5,"angle":0},{"type":"ease","var":"vfx.angleTwist.offset","value":90,"time":688,"ease":"outExpo","duration":1,"angle":0},{"type":"ease","var":"vfx.angleTwist.offset","value":0,"time":688.5,"ease":"outCirc","duration":0.5,"angle":0},{"type":"ease","var":"vfx.angleTwist.offset","value":90,"time":689,"ease":"outExpo","duration":1,"angle":0},{"type":"ease","var":"vfx.angleTwist.offset","value":0,"time":689.5,"ease":"outCirc","duration":0.5,"angle":0},{"angleOffset":false,"angle":67.5,"time":690,"type":"tag","tag":"sloDown05b"},{"angleOffset":false,"angle":337.5,"time":694,"type":"tag","tag":"sloDown2b"},{"r":255,"g":0,"duration":1,"angle":180,"b":0,"color":3,"time":695,"type":"setColor"},{"angle":202.5,"type":"outline","time":695,"enable":true,"color":3},{"r":0,"g":0,"duration":1,"angle":157.5,"b":0,"color":0,"time":695,"type":"setColor"},{"r":0,"g":0,"type":"setColor","angle":135,"b":0,"color":1,"time":695,"duration":1},{"r":255,"g":0,"type":"setColor","order":0,"angle":360,"color":3,"time":697.5,"b":0},{"r":0,"g":0,"type":"setColor","order":1,"angle":-22.5,"duration":0.5,"color":3,"time":697.5,"b":0},{"r":255,"g":0,"type":"setColor","order":0,"angle":360,"color":3,"time":698,"b":0},{"r":0,"g":0,"type":"setColor","order":1,"angle":-22.5,"duration":0.5,"color":3,"time":698,"b":0},{"r":255,"g":0,"type":"setColor","order":0,"angle":180,"color":3,"time":696,"b":0},{"r":0,"g":0,"type":"setColor","order":1,"angle":-202.5,"duration":0.5,"color":3,"time":696,"b":0},{"r":255,"g":0,"type":"setColor","order":0,"angle":540,"color":3,"time":699.5,"b":0},{"r":0,"g":0,"type":"setColor","order":1,"angle":157.5,"duration":0.5,"color":3,"time":699.5,"b":0},{"r":255,"g":0,"type":"setColor","order":0,"angle":540,"color":3,"time":700,"b":0},{"r":0,"g":0,"type":"setColor","order":1,"angle":157.5,"duration":0.5,"color":3,"time":700,"b":0},{"r":255,"g":0,"type":"setColor","order":0,"angle":180,"color":3,"time":700.5,"b":0},{"r":0,"g":0,"type":"setColor","order":1,"angle":-202.5,"duration":0.5,"color":3,"time":700.5,"b":0},{"r":255,"g":0,"type":"setColor","order":0,"angle":180,"color":3,"time":702,"b":0},{"r":0,"g":0,"type":"setColor","order":1,"angle":-202.5,"duration":1,"color":3,"time":702,"b":0},{"r":255,"g":0,"type":"setColor","order":0,"angle":405,"color":3,"time":703,"b":0},{"r":0,"g":0,"type":"setColor","order":1,"angle":22.5,"duration":1,"color":3,"time":703,"b":0},{"r":255,"g":0,"type":"setColor","order":0,"angle":405,"color":3,"time":704,"b":0},{"r":0,"g":0,"type":"setColor","order":1,"angle":22.5,"duration":1,"color":3,"time":704,"b":0},{"r":255,"g":0,"type":"setColor","order":0,"angle":45,"color":3,"time":705,"b":0},{"r":0,"g":0,"type":"setColor","order":1,"angle":-337.5,"duration":0.5,"color":3,"time":705,"b":0},{"angle":45,"time":705,"type":"setColor","color":0},{"r":255,"g":0,"type":"setColor","order":0,"angle":405,"color":3,"time":705.5,"b":0},{"r":0,"g":0,"type":"setColor","order":1,"angle":22.5,"duration":1,"color":3,"time":705.5,"b":0},{"r":255,"g":0,"type":"setColor","order":0,"angle":45,"color":3,"time":706.5,"b":0},{"r":0,"g":0,"type":"setColor","order":1,"angle":-337.5,"duration":0.5,"color":3,"time":706.5,"b":0},{"r":255,"g":0,"type":"setColor","order":0,"angle":405,"color":3,"time":707,"b":0},{"r":0,"g":0,"type":"setColor","order":1,"angle":22.5,"duration":0.5,"color":3,"time":707,"b":0},{"r":255,"g":0,"type":"setColor","order":0,"angle":405,"color":3,"time":708,"b":0},{"r":0,"g":0,"type":"setColor","order":1,"angle":22.5,"duration":0.5,"color":3,"time":708,"b":0},{"r":255,"g":0,"type":"setColor","order":0,"angle":405,"color":3,"time":709,"b":0},{"r":0,"g":0,"type":"setColor","order":1,"angle":22.5,"duration":0.5,"color":3,"time":709,"b":0},{"r":255,"g":0,"type":"setColor","order":0,"angle":45,"color":3,"time":709.5,"b":0},{"r":0,"g":0,"type":"setColor","order":1,"angle":-337.5,"duration":0.5,"color":3,"time":709.5,"b":0},{"r":255,"g":0,"type":"setColor","order":0,"angle":405,"color":3,"time":710,"b":0},{"r":0,"g":0,"type":"setColor","order":1,"angle":22.5,"duration":0.5,"color":3,"time":710,"b":0},{"r":255,"g":0,"type":"setColor","order":0,"angle":45,"color":3,"time":710.5,"b":0},{"r":0,"g":0,"type":"setColor","order":1,"angle":-337.5,"duration":0.5,"color":3,"time":710.5,"b":0},{"r":255,"g":0,"type":"setColor","order":0,"angle":540,"color":3,"time":712,"b":0},{"r":0,"g":0,"type":"setColor","order":1,"angle":157.5,"duration":2,"color":3,"time":712,"b":0},{"r":255,"g":0,"type":"setColor","order":0,"angle":540,"color":3,"time":715,"b":0},{"r":0,"g":0,"type":"setColor","order":1,"angle":157.5,"duration":4,"color":3,"time":715,"b":0},{"r":255,"g":0,"type":"setColor","order":0,"angle":540,"color":3,"time":720,"b":0},{"r":0,"g":0,"type":"setColor","order":1,"angle":157.5,"duration":1.5,"color":3,"time":720,"b":0},{"r":255,"g":0,"type":"setColor","order":0,"angle":540,"color":3,"time":721.5,"b":0},{"r":0,"g":0,"type":"setColor","order":1,"angle":157.5,"duration":1.5,"color":3,"time":721.5,"b":0},{"r":255,"g":0,"type":"setColor","order":0,"angle":540,"color":3,"time":723,"b":0},{"r":0,"g":0,"type":"setColor","order":1,"angle":157.5,"duration":8,"color":3,"time":723,"b":0},{"type":"showResults","time":733,"angle":90}],"metadata":{"charter":"DawnAndNight","bgData":{"image":"ltbgqia.png","redChannel":{"g":198,"r":214,"b":122},"blueChannel":{"g":0,"r":43,"b":0}},"description":"Flashing lights warning!\n\nMechanics: VFX Manipulation,\nSides, Taps, Holds.\n\nActual Difficulty: 10\n\nGet ready for mayhem. \n\nMixed by dannyrom288 and iascas","songName":"Leather Teeth (Beat Juggle)","artistLink":"","difficulty":1415221,"artist":"Carpenter Brut","bg":true},"properties":{"startBeat":0,"formatversion":12,"loadBeat":-4,"offset":8,"speed":80}}