[{"angle":45,"type":"block","time":1,"speedMult":3},{"angle":22.5,"type":"block","time":2,"speedMult":3},{"angle":0,"type":"block","time":3,"speedMult":3},{"angle":33.75,"type":"inverse","time":1.5,"speedMult":3},{"angle":11.25,"type":"inverse","time":2.5,"speedMult":3},{"angle":0,"type":"hold","duration":0.5,"time":4.5,"angle2":-90,"holdEase":"inSine","speedMult":3},{"angle":270,"type":"hold","duration":1,"time":5,"angle2":405,"holdEase":"inSine","speedMult":3},{"angle":112.5,"type":"block","time":6.5,"speedMult":3},{"angle":135,"type":"block","time":7.5,"speedMult":3},{"angle":157.5,"type":"block","time":8.5,"speedMult":3},{"angle":123.75,"type":"inverse","time":7,"speedMult":3},{"angle":146.25,"type":"inverse","time":8,"speedMult":3},{"angle":168.75,"type":"inverse","time":9,"speedMult":3},{"angle":191.25,"type":"inverse","time":10,"speedMult":3},{"angle":180,"type":"block","time":9.5,"speedMult":3},{"angle":202.5,"type":"block","time":10.5,"speedMult":3},{"angle":213.75,"type":"hold","duration":1,"time":11,"angle2":393.75,"holdEase":"inSine","speedMult":3},{"angle":22.5,"type":"extraTap","time":12.5,"speedMult":3},{"angle":22.5,"type":"extraTap","time":13,"speedMult":3},{"angle":0,"type":"mine","time":12.5,"speedMult":2},{"angle":120,"type":"mine","time":12.5,"speedMult":2},{"angle":240,"type":"mine","time":12.5,"speedMult":2},{"angle":180,"type":"mine","time":13,"speedMult":2},{"angle":60,"type":"mine","time":13,"speedMult":2},{"angle":300,"type":"mine","time":13,"speedMult":2},{"angle":30,"type":"side","time":14.5,"speedMult":2},{"angle":315,"type":"side","time":16,"speedMult":2},{"angle":360,"type":"side","time":16.5,"speedMult":2},{"angle":300,"type":"side","time":17,"speedMult":2},{"angle":330,"type":"side","time":15,"speedMult":2},{"angle":15,"type":"side","time":15.5,"speedMult":2},{"angle":345,"type":"side","time":17.5,"speedMult":2},{"angle":285,"type":"side","time":18,"speedMult":2},{"angle":225,"type":"mineHold","duration":3.5,"time":14.5,"angle2":180,"speedMult":2},{"angle":195,"type":"mineHold","duration":3.5,"time":14.5,"angle2":150,"speedMult":2},{"angle":165,"type":"mineHold","duration":3.5,"time":14.5,"angle2":120,"speedMult":2},{"angle":135,"type":"mineHold","duration":3.5,"time":14.5,"angle2":90,"speedMult":2},{"angle":270,"type":"hold","duration":0.5,"time":19,"angle2":360,"speedMult":3},{"angle":0,"type":"hold","duration":0.5,"time":19.5,"angle2":90,"speedMult":3},{"angle":90,"type":"hold","duration":0.5,"time":20,"angle2":180,"speedMult":3},{"angle":180,"type":"hold","duration":0.5,"time":20.5,"angle2":270,"speedMult":3},{"angle":270,"type":"hold","duration":1,"time":21,"angle2":450,"speedMult":3},{"angle":90,"type":"hold","duration":0.5,"time":23,"angle2":0,"speedMult":3},{"angle":292.5,"type":"block","tap":true,"time":24,"speedMult":3},{"angle":360,"type":"block","time":24.5,"speedMult":3},{"angle":67.5,"type":"block","tap":true,"time":25,"speedMult":3},{"angle":360,"type":"block","time":25.5,"speedMult":3},{"angle":292.5,"type":"block","tap":true,"time":26,"speedMult":3},{"angle":360,"type":"block","time":27.5,"speedMult":3},{"angle":90,"type":"block","time":28,"speedMult":3},{"angle":180,"type":"block","time":28.5,"speedMult":3},{"angle":270,"type":"block","time":29,"speedMult":3},{"angle":360,"type":"block","time":29.5,"speedMult":3},{"angle":90,"type":"block","time":30,"speedMult":3},{"angle":180,"type":"block","time":30.5,"speedMult":3},{"angle":270,"type":"hold","duration":2,"time":31,"angle2":540,"holdEase":"inSine","speedMult":3},{"angle":270,"type":"block","time":35,"speedMult":3},{"angle":90,"type":"block","time":36,"speedMult":3},{"angle":270,"type":"block","time":37,"speedMult":3},{"angle":270,"type":"block","time":39,"speedMult":3},{"angle":90,"type":"block","time":38,"speedMult":3},{"angle":90,"type":"extraTap","time":35.75,"speedMult":3},{"angle":90,"type":"extraTap","time":36.5,"speedMult":3},{"angle":90,"type":"extraTap","time":37.75,"speedMult":3},{"angle":90,"type":"extraTap","time":38.5,"speedMult":3},{"angle":202.5,"type":"mineHold","duration":0.5,"time":35,"angle2":225,"speedMult":3},{"angle":180,"type":"mineHold","duration":0.5,"time":35,"angle2":180,"speedMult":3},{"angle":157.5,"type":"mineHold","duration":0.5,"time":35,"angle2":135,"speedMult":3},{"angle":0,"type":"mineHold","duration":0.5,"time":36,"angle2":0,"speedMult":3},{"angle":337.5,"type":"mineHold","duration":0.5,"time":36,"angle2":315,"speedMult":3},{"angle":22.5,"type":"mineHold","duration":0.5,"time":36,"angle2":45,"speedMult":3},{"angle":180,"type":"mineHold","duration":0.5,"time":37,"angle2":180,"speedMult":3},{"angle":202.5,"type":"mineHold","duration":0.5,"time":37,"angle2":225,"speedMult":3},{"angle":157.5,"type":"mineHold","duration":0.5,"time":37,"angle2":135,"speedMult":3},{"angle":90,"type":"block","time":40,"speedMult":3},{"angle":90,"type":"block","time":42,"speedMult":3},{"angle":45,"type":"block","time":42.5,"speedMult":3},{"angle":360,"type":"block","time":43,"speedMult":3},{"angle":315,"type":"block","time":43.5,"speedMult":3},{"angle":90,"type":"extraTap","time":39.75,"speedMult":3},{"angle":90,"type":"extraTap","time":40.5,"speedMult":3},{"angle":90,"type":"extraTap","time":41.75,"speedMult":3},{"angle":90,"type":"extraTap","time":42.5,"speedMult":3},{"angle":315,"type":"hold","duration":0.5,"time":44.5,"angle2":360,"speedMult":3},{"angle":360,"type":"hold","duration":1,"time":45,"angle2":270,"speedMult":3},{"angle":270,"type":"block","time":47,"speedMult":3},{"angle":90,"type":"block","time":47,"speedMult":3},{"angle":67.5,"type":"block","time":47.5,"speedMult":3},{"angle":247.5,"type":"block","time":47.5,"speedMult":3},{"angle":225,"type":"block","time":48.5,"speedMult":3},{"angle":45,"type":"block","time":48.5,"speedMult":3},{"angle":202.5,"type":"hold","duration":0.5,"time":49.5,"angle2":157.5,"speedMult":3},{"angle":22.5,"type":"hold","duration":0.5,"time":49.5,"angle2":-22.5,"speedMult":3},{"angle":337.5,"type":"hold","duration":0.5,"time":50,"angle2":382.5,"speedMult":3},{"angle":157.5,"type":"hold","duration":0.5,"time":50,"angle2":202.5,"speedMult":3},{"angle":202.5,"type":"hold","duration":1,"time":50.5,"angle2":45,"speedMult":3},{"angle":22.5,"type":"hold","duration":1,"time":50.5,"angle2":-135,"speedMult":3},{"angle":180,"type":"side","time":51.666667938232,"speedMult":3},{"angle":0,"type":"side","time":51.666667938232,"speedMult":3},{"angle":90,"type":"hold","duration":1,"time":53,"angle2":270,"speedMult":3},{"angle":345,"type":"block","time":55.5,"speedMult":3},{"angle":0,"type":"block","time":55.5,"speedMult":3},{"angle":15,"type":"block","time":55.5,"speedMult":3},{"angle":330,"type":"block","time":55,"speedMult":3},{"angle":315,"type":"block","time":55,"speedMult":3},{"angle":300,"type":"block","time":55,"speedMult":3},{"angle":30,"type":"block","time":56.25,"speedMult":3},{"angle":45,"type":"block","time":56.25,"speedMult":3},{"angle":60,"type":"block","time":56.25,"speedMult":3},{"angle":0,"type":"hold","duration":1.5,"time":57.5,"angle2":-225,"speedMult":3},{"angle":90,"type":"block","time":59.75,"speedMult":3},{"angle":45,"type":"block","time":60.5,"speedMult":3},{"angle":0,"type":"block","time":61,"speedMult":3},{"angle":315,"type":"block","time":61.75,"speedMult":3},{"angle":270,"type":"block","time":63,"speedMult":3},{"angle":90,"type":"block","time":63.5,"speedMult":3},{"angle":270,"type":"block","time":64.25,"speedMult":3},{"angle":285,"type":"extraTap","time":64.25,"speedMult":3},{"angle":360,"type":"mineHold","duration":0.5,"time":38,"angle2":360,"speedMult":3},{"angle":330,"type":"mineHold","duration":0.5,"time":38,"angle2":315,"speedMult":3},{"angle":30,"type":"mineHold","duration":0.5,"time":38,"angle2":45,"speedMult":3},{"angle":210,"type":"mineHold","duration":0.5,"time":39,"angle2":225,"speedMult":3},{"angle":180,"type":"mineHold","duration":0.5,"time":39,"angle2":180,"speedMult":3},{"angle":150,"type":"mineHold","duration":0.5,"time":39,"angle2":135,"speedMult":3},{"angle":360,"type":"mineHold","duration":0.5,"time":40,"angle2":360,"speedMult":3},{"angle":330,"type":"mineHold","duration":0.5,"time":40,"angle2":315,"speedMult":3},{"angle":30,"type":"mineHold","duration":0.5,"time":40,"angle2":45,"speedMult":3},{"angle":270,"type":"block","time":41,"speedMult":3},{"angle":180,"type":"mineHold","duration":0.5,"time":41,"angle2":180,"speedMult":3},{"angle":210,"type":"mineHold","duration":0.5,"time":41,"angle2":225,"speedMult":3},{"angle":150,"type":"mineHold","duration":0.5,"time":41,"angle2":135,"speedMult":3},{"angle":330,"type":"hold","duration":0.33333325386047,"time":65.5,"angle2":375,"speedMult":3},{"angle":300,"type":"hold","duration":0.33333334326744,"time":66,"angle2":345,"speedMult":3},{"angle":270,"type":"hold","duration":0.33333325386047,"time":66.5,"angle2":315,"speedMult":3},{"angle":345,"type":"block","time":67.25,"speedMult":3},{"angle":15,"type":"block","time":67.75,"speedMult":3},{"angle":45,"type":"block","time":68.25,"speedMult":3},{"angle":75,"type":"hold","duration":1,"time":68.75,"angle2":255,"speedMult":3},{"angle":270,"type":"block","time":70.5,"speedMult":3},{"angle":285,"type":"block","time":70.666664123535,"speedMult":3},{"angle":300,"type":"block","time":70.833335876465,"speedMult":3},{"angle":315,"type":"block","time":71,"speedMult":3},{"angle":345,"type":"block","time":71.333335876465,"speedMult":3},{"angle":75,"type":"block","time":72.333335876465,"speedMult":3},{"angle":30,"type":"block","time":71.833335876465,"speedMult":3},{"angle":120,"type":"block","time":72.833335876465,"speedMult":3},{"angle":165,"type":"block","time":73.333335876465,"speedMult":3},{"angle":225,"type":"block","time":74,"speedMult":3},{"angle":240,"type":"block","time":74.166664123535,"speedMult":3},{"angle":255,"type":"extraTap","time":74.166664123535,"speedMult":3},{"angle":0,"type":"extraTap","time":67.25,"speedMult":3},{"angle":360,"type":"mineHold","duration":3.6670000553131,"time":70.5,"angle2":675,"speedMult":3},{"angle":180,"type":"mineHold","duration":3.6666672229767,"time":70.5,"angle2":495,"speedMult":3},{"angle":180,"type":"mineHold","duration":1.4999998807907,"time":47,"angle2":135,"speedMult":3},{"angle":360,"type":"mineHold","duration":1.4999998807907,"time":47,"angle2":315,"speedMult":3},{"angle":315,"type":"side","time":75,"speedMult":2},{"angle":225,"type":"side","time":75.166664123535,"speedMult":2},{"angle":315,"type":"side","time":75.666664123535,"speedMult":2},{"angle":225,"type":"side","time":76,"speedMult":2},{"angle":315,"type":"hold","duration":1,"time":76.5,"angle2":495,"holdEase":"inSine","speedMult":2},{"angle":135,"type":"block","time":78.666664123535,"speedMult":3},{"angle":157.5,"type":"block","time":78.833335876465,"speedMult":3},{"angle":180,"type":"block","time":79,"speedMult":3},{"angle":202.5,"type":"block","time":79.166664123535,"speedMult":3},{"angle":247.5,"type":"block","time":79.5,"speedMult":3},{"angle":315,"type":"block","time":80,"speedMult":3},{"angle":0,"type":"block","time":80.5,"speedMult":3},{"angle":45,"type":"block","time":81,"speedMult":3},{"angle":90,"type":"block","time":81.5,"speedMult":3},{"angle":157.5,"type":"block","time":82.333335876465,"speedMult":3},{"angle":135,"type":"block","time":82.166664123535,"speedMult":3},{"angle":112.5,"type":"extraTap","time":78.666664123535,"speedMult":3},{"angle":90,"type":"extraTap","time":82.333335876465,"speedMult":3},{"angle":180,"type":"mineHold","duration":0.49999988079071,"time":83.5,"angle2":180,"speedMult":3},{"angle":240,"type":"block","time":83.333335876465,"speedMult":3},{"angle":270,"type":"block","time":83.666664123535,"speedMult":3},{"angle":300,"type":"block","time":84,"speedMult":3},{"angle":60,"type":"block","time":83.333335876465,"speedMult":3},{"angle":90,"type":"block","time":83.666664123535,"speedMult":3},{"angle":120,"type":"block","time":84,"speedMult":3},{"angle":360,"type":"mineHold","duration":0.49999994039536,"time":83.5,"angle2":360,"speedMult":3},{"angle":270,"type":"hold","duration":1.9999998807907,"time":84.5,"angle2":540,"speedMult":3},{"angle":90,"type":"hold","duration":2,"time":84.5,"angle2":360,"speedMult":3},{"angle":0,"type":"mineHold","duration":2.5,"time":84,"angle2":270,"holdEase":"inSine","speedMult":3},{"angle":90,"type":"block","time":87.333335876465,"speedMult":3},{"angle":180,"type":"mineHold","duration":2.5,"time":84,"angle2":450,"holdEase":"inSine","speedMult":3},{"angle":120,"type":"extraTap","time":86.5,"speedMult":3.5},{"angle":60,"type":"block","time":87.833335876465,"speedMult":3},{"angle":30,"type":"block","time":88.333335876465,"speedMult":3},{"angle":0,"type":"block","time":88.833335876465,"speedMult":3},{"angle":330,"type":"block","time":89.333335876465,"speedMult":3},{"angle":300,"type":"block","time":89.666664123535,"speedMult":3},{"angle":285,"type":"block","time":89.833335876465,"speedMult":3},{"angle":270,"type":"block","time":90,"speedMult":3},{"angle":240,"type":"block","time":90.5,"speedMult":3},{"angle":300,"type":"extraTap","time":90.5,"speedMult":3},{"angle":180,"type":"block","time":91.166664123535,"speedMult":3},{"angle":150,"type":"block","time":91.666664123535,"speedMult":3},{"angle":120,"type":"block","time":92.166664123535,"speedMult":3},{"angle":90,"type":"block","time":92.666664123535,"speedMult":3},{"angle":60,"type":"block","time":93.166664123535,"speedMult":3},{"angle":30,"type":"block","time":93.666664123535,"speedMult":3},{"angle":15,"type":"block","time":93.833335876465,"speedMult":3},{"angle":0,"type":"block","time":94,"speedMult":3},{"angle":330,"type":"block","time":94.5,"speedMult":3},{"angle":0,"type":"hold","duration":0.99999994039536,"time":95.333335876465,"angle2":180,"speedMult":3},{"angle":180,"type":"hold","duration":1.6666665077209,"time":96.333335876465,"angle2":-30,"speedMult":3},{"angle":330,"type":"hold","duration":0.33333325386047,"time":98,"angle2":390,"speedMult":3},{"angle":390,"type":"hold","duration":0.33333325386047,"time":98.33332824707,"angle2":315,"speedMult":3},{"angle":240,"type":"side","time":99,"speedMult":2},{"angle":300,"type":"side","time":100,"speedMult":2},{"angle":240,"type":"side","time":101,"speedMult":2},{"angle":300,"type":"side","time":102,"speedMult":2},{"angle":120,"type":"side","time":103,"speedMult":2},{"angle":60,"type":"side","time":104,"speedMult":2},{"angle":120,"type":"side","time":105,"speedMult":2},{"angle":60,"type":"side","time":106,"speedMult":2},{"angle":120,"type":"mineHold","duration":0,"segments":1,"time":100,"angle2":60,"speedMult":1},{"angle":120,"type":"mineHold","duration":0.99999994039536,"time":100,"angle2":120,"speedMult":1},{"angle":60,"type":"mineHold","duration":1,"time":100,"angle2":60,"speedMult":1},{"angle":60,"type":"mineHold","duration":1,"segments":1,"time":101,"angle2":75,"speedMult":1},{"angle":120,"type":"mineHold","duration":1,"segments":1,"time":101,"angle2":105,"speedMult":1},{"angle":75,"type":"mineHold","duration":0,"segments":1,"time":102,"angle2":105,"speedMult":1},{"angle":90,"type":"mineHold","duration":0.16666652262211,"segments":1,"time":100.83333587646,"angle2":120,"speedMult":1},{"angle":90,"type":"mineHold","duration":1.1666666269302,"segments":1,"time":100.83333587646,"angle2":75,"speedMult":1},{"angle":60,"type":"mineHold","duration":0.83333331346512,"segments":1,"time":100.00000762939,"angle2":90,"speedMult":1},{"angle":300,"type":"mineHold","duration":1,"time":104,"angle2":240,"holdEase":"outQuad"},{"angle":240,"type":"mineHold","duration":1,"time":105,"angle2":285,"holdEase":"linear"},{"angle":270,"type":"mineHold","duration":0.66666662693024,"time":105.33333587646,"angle2":285},{"angle":300,"type":"mineHold","duration":0.33333325386047,"time":105,"angle2":270},{"angle":270,"type":"mineHold","duration":0.33333325386047,"time":104.66666412354,"angle2":300},{"angle":300,"type":"mineHold","duration":0.66666662693024,"time":104,"angle2":270},{"angle":45,"type":"block","time":113,"speedMult":3},{"angle":33.75,"type":"inverse","time":113.5,"speedMult":3},{"angle":22.5,"type":"block","time":114,"speedMult":3},{"angle":11.25,"type":"inverse","time":114.5,"speedMult":3},{"angle":360,"type":"block","time":115,"speedMult":3},{"angle":0,"type":"hold","duration":0.49999994039536,"time":116.5,"angle2":-90,"holdEase":"inSine","speedMult":3},{"angle":270,"type":"hold","duration":1,"time":117,"angle2":405,"holdEase":"inSine","speedMult":3},{"angle":112.5,"type":"block","time":118.5,"speedMult":3},{"angle":123.75,"type":"inverse","time":119,"speedMult":3},{"angle":146.25,"type":"inverse","time":120,"speedMult":3},{"angle":135,"type":"block","time":119.5,"speedMult":3},{"angle":157.5,"type":"block","time":120.5,"speedMult":3},{"angle":180,"type":"block","time":121.5,"speedMult":3},{"angle":168.75,"type":"inverse","time":121,"speedMult":3},{"angle":191.25,"type":"inverse","time":122,"speedMult":3},{"angle":202.5,"type":"block","time":122.5,"speedMult":3},{"angle":213.75,"type":"hold","duration":1,"time":123,"angle2":393.75,"holdEase":"inSine","speedMult":3},{"angle":33.75,"type":"extraTap","time":124.5,"speedMult":3},{"angle":33.75,"type":"extraTap","time":125,"speedMult":3},{"angle":0,"type":"mine","time":124.5,"speedMult":2},{"angle":120,"type":"mine","time":124.5,"speedMult":2},{"angle":240,"type":"mine","time":124.5,"speedMult":2},{"angle":60,"type":"mine","time":125,"speedMult":2},{"angle":180,"type":"mine","time":125,"speedMult":2},{"angle":300,"type":"mine","time":125,"speedMult":2},{"angle":30,"type":"side","time":126.5,"speedMult":2},{"angle":330,"type":"side","time":127,"speedMult":2},{"angle":15,"type":"side","time":127.5,"speedMult":2},{"angle":315,"type":"side","time":128,"speedMult":2},{"angle":360,"type":"side","time":128.5,"speedMult":2},{"angle":300,"type":"side","time":129,"speedMult":2},{"angle":345,"type":"side","time":129.5,"speedMult":2},{"angle":285,"type":"side","time":130,"speedMult":2},{"angle":270,"type":"hold","duration":0.49999994039536,"time":131,"angle2":360,"speedMult":3},{"angle":360,"type":"hold","duration":0.5,"time":131.5,"angle2":450,"speedMult":3},{"angle":90,"type":"hold","duration":0.5,"time":132,"angle2":180,"speedMult":3},{"angle":180,"type":"hold","duration":0.5,"time":132.5,"angle2":270,"speedMult":3},{"angle":270,"type":"hold","duration":0.5,"time":133,"angle2":360,"speedMult":3},{"angle":0,"type":"hold","duration":0.5,"time":133.5,"angle2":90,"speedMult":3},{"angle":90,"type":"hold","duration":0.5,"time":135,"angle2":0,"speedMult":3},{"angle":292.5,"type":"block","tap":true,"time":136,"speedMult":3},{"angle":0,"type":"block","time":136.5,"speedMult":3},{"angle":67.5,"type":"block","tap":true,"time":137,"speedMult":3},{"angle":0,"type":"block","time":137.5,"speedMult":3},{"angle":292.5,"type":"block","tap":true,"time":138,"speedMult":3},{"angle":360,"type":"block","time":138.5,"speedMult":3},{"angle":165,"type":"mineHold","duration":3.5,"time":126.5,"angle2":120,"speedMult":2},{"angle":135,"type":"mineHold","duration":3.5,"time":126.5,"angle2":90,"speedMult":2},{"angle":195,"type":"mineHold","duration":3.5,"time":126.5,"angle2":150,"speedMult":2},{"angle":225,"type":"mineHold","duration":3.5,"time":126.5,"angle2":180,"speedMult":2},{"angle":0,"type":"block","time":26.5,"speedMult":3},{"angle":0,"type":"block","time":139.5,"speedMult":3},{"angle":90,"type":"block","time":140,"speedMult":3},{"angle":180,"type":"block","time":140.5,"speedMult":3},{"angle":270,"type":"block","time":141,"speedMult":3},{"angle":0,"type":"block","time":141.5,"speedMult":3},{"angle":90,"type":"block","time":142,"speedMult":3},{"angle":180,"type":"block","time":142.5,"speedMult":3},{"angle":270,"type":"hold","duration":2,"time":143,"angle2":540,"holdEase":"inSine","speedMult":3},{"angle":180,"type":"block","time":145.5,"speedMult":3},{"angle":195,"type":"block","time":145.66667175293,"speedMult":3},{"angle":225,"type":"block","time":146,"speedMult":3},{"angle":240,"type":"block","time":146.16667175293,"speedMult":3},{"angle":255,"type":"block","time":146.33332824707,"speedMult":3},{"angle":270,"type":"block","time":146.5,"speedMult":3},{"angle":210,"type":"block","time":145.83332824707,"speedMult":3},{"angle":315,"type":"block","time":147,"speedMult":3},{"angle":0,"type":"block","time":147.83332824707,"speedMult":3},{"angle":45,"type":"block","time":148.5,"speedMult":3},{"angle":90,"type":"block","time":149,"speedMult":3},{"angle":337.5,"type":"extraTap","time":147,"speedMult":3},{"angle":22.5,"type":"extraTap","time":147.83332824707,"speedMult":3},{"angle":67.5,"type":"extraTap","time":148.5,"speedMult":3},{"angle":112.5,"type":"extraTap","time":149,"speedMult":3},{"angle":90,"type":"block","time":149.5,"speedMult":3},{"angle":75,"type":"block","time":149.66667175293,"speedMult":3},{"angle":60,"type":"block","time":149.83332824707,"speedMult":3},{"angle":45,"type":"block","time":150,"speedMult":3},{"angle":30,"type":"block","time":150.16667175293,"speedMult":3},{"angle":15,"type":"block","time":150.33332824707,"speedMult":3},{"angle":0,"type":"block","time":150.5,"speedMult":3},{"angle":315,"type":"block","time":151,"speedMult":3},{"angle":270,"type":"block","time":151.83332824707,"speedMult":3},{"angle":225,"type":"block","time":152.5,"speedMult":3},{"angle":180,"type":"block","time":153,"speedMult":3},{"angle":292.5,"type":"extraTap","time":151,"speedMult":3},{"angle":292.5,"type":"extraTap","time":151.83332824707,"speedMult":3},{"angle":202.5,"type":"extraTap","time":152.5,"speedMult":3},{"angle":0,"type":"extraTap","time":94.5,"speedMult":3},{"angle":157.5,"type":"extraTap","time":153,"speedMult":3},{"angle":180,"type":"block","time":153.5,"speedMult":3},{"angle":202.5,"type":"block","time":153.66667175293,"speedMult":3},{"angle":225,"type":"block","time":153.83332824707,"speedMult":3},{"angle":247.5,"type":"block","time":154,"speedMult":3},{"angle":270,"type":"block","time":154.16667175293,"speedMult":3},{"angle":292.5,"type":"block","time":154.33332824707,"speedMult":3},{"angle":315,"type":"block","time":154.5,"speedMult":3},{"angle":337.5,"type":"block","time":155,"speedMult":3},{"angle":0,"type":"block","time":155.83332824707,"speedMult":3},{"angle":45,"type":"block","time":156.5,"speedMult":3},{"angle":90,"type":"block","time":157,"speedMult":3},{"angle":0,"type":"extraTap","time":155,"speedMult":3},{"angle":22.5,"type":"extraTap","time":155.83332824707,"speedMult":3},{"angle":67.5,"type":"extraTap","time":156.5,"speedMult":3},{"angle":112.5,"type":"extraTap","time":157,"speedMult":3},{"angle":90,"type":"block","time":157.5,"speedMult":3},{"angle":67.5,"type":"block","time":157.66667175293,"speedMult":3},{"angle":45,"type":"block","time":157.83332824707,"speedMult":3},{"angle":22.5,"type":"block","time":158,"speedMult":3},{"angle":0,"type":"block","time":158.16667175293,"speedMult":3},{"angle":337.5,"type":"block","time":158.33332824707,"speedMult":3},{"angle":315,"type":"block","time":158.5,"speedMult":3},{"angle":270,"type":"block","time":159,"speedMult":3},{"angle":225,"type":"block","time":159.83332824707,"speedMult":3},{"angle":202.5,"type":"block","time":160.5,"speedMult":3},{"angle":180,"type":"block","time":161,"speedMult":3},{"angle":292.5,"type":"extraTap","time":159,"speedMult":3},{"angle":247.5,"type":"extraTap","time":159.83332824707,"speedMult":3},{"angle":225,"type":"extraTap","time":160.5,"speedMult":3},{"angle":202.5,"type":"extraTap","time":161,"speedMult":3},{"angle":180,"type":"hold","duration":0.49999988079071,"time":161.5,"angle2":90,"speedMult":3},{"angle":90,"type":"hold","duration":0.49999994039536,"time":162,"angle2":180,"speedMult":3},{"angle":240,"type":"hold","duration":1.6666665077209,"time":162.83332824707,"angle2":240,"speedMult":3},{"angle":210,"type":"hold","duration":1.6666665077209,"time":162.83332824707,"angle2":210,"speedMult":3},{"angle":240,"type":"hold","duration":0.49999994039536,"time":164.5,"angle2":345,"holdEase":"inCubic","speedMult":3},{"angle":210,"type":"hold","duration":0.49999988079071,"time":164.5,"angle2":315,"holdEase":"inCubic","speedMult":3},{"angle":285,"type":"hold","duration":0.49999988079071,"time":165.5,"angle2":390,"holdEase":"inCubic","speedMult":3},{"angle":315,"type":"hold","duration":0.49999994039536,"time":165.5,"angle2":420,"holdEase":"inCubic","speedMult":3},{"angle":315,"type":"hold","duration":0.49999994039536,"time":165,"angle2":285,"holdEase":"inSine","speedMult":3},{"angle":345,"type":"hold","duration":0.49999994039536,"time":165,"angle2":315,"holdEase":"inSine","speedMult":3},{"angle":30,"type":"hold","duration":1.9999997615814,"time":166,"angle2":30,"speedMult":3},{"angle":60,"type":"hold","duration":1.9999997615814,"time":166,"angle2":60,"speedMult":3},{"angle":30,"type":"hold","duration":1,"time":168,"angle2":135,"holdEase":"inCubic","speedMult":3},{"angle":60,"type":"hold","duration":1,"time":168,"angle2":165,"holdEase":"inCubic","speedMult":3},{"angle":135,"type":"hold","duration":0.49999994039536,"time":169,"angle2":105,"holdEase":"inSine","speedMult":3},{"angle":165,"type":"hold","duration":0.49999994039536,"time":169,"angle2":135,"holdEase":"inSine","speedMult":3},{"angle":105,"type":"hold","duration":0.49999994039536,"time":169.5,"angle2":210,"holdEase":"inCubic","speedMult":3},{"angle":135,"type":"hold","duration":0.49999994039536,"time":169.5,"angle2":240,"holdEase":"inCubic","speedMult":3},{"angle":240,"type":"hold","duration":1.9999997615814,"time":170,"angle2":240,"speedMult":3},{"angle":210,"type":"hold","duration":2,"time":170,"angle2":210,"speedMult":3},{"angle":240,"type":"hold","duration":0.49999988079071,"time":172,"angle2":345,"holdEase":"inCubic","speedMult":3},{"angle":210,"type":"hold","duration":0.49999988079071,"time":172,"angle2":315,"holdEase":"inCubic","speedMult":3},{"angle":315,"type":"hold","duration":0.49999994039536,"time":172.5,"angle2":285,"holdEase":"inSine","speedMult":3},{"angle":345,"type":"hold","duration":0.5,"time":172.5,"angle2":315,"holdEase":"inSine","speedMult":3},{"angle":285,"type":"hold","duration":0.49999994039536,"time":173,"angle2":390,"holdEase":"inCubic","speedMult":3},{"angle":315,"type":"hold","duration":0.49999994039536,"time":173,"angle2":420,"holdEase":"inCubic","speedMult":3},{"angle":60,"type":"block","time":174.5,"speedMult":3},{"angle":90,"type":"block","time":174.16667175293,"speedMult":3},{"angle":75,"type":"block","time":174.33332824707,"speedMult":3},{"angle":45,"type":"block","time":174.66667175293,"speedMult":3},{"angle":30,"type":"block","time":174.83332824707,"speedMult":3},{"angle":15,"type":"block","time":175,"speedMult":3},{"angle":360,"type":"block","time":175.16667175293,"speedMult":3},{"angle":345,"type":"block","time":175.33332824707,"speedMult":3},{"angle":60,"type":"block","time":178.5,"speedMult":3},{"angle":45,"type":"extraTap","time":178.5,"speedMult":3},{"angle":330,"type":"block","time":175.5,"speedMult":3},{"angle":315,"type":"block","time":175.66667175293,"speedMult":3},{"angle":300,"type":"block","time":175.83332824707,"speedMult":3},{"angle":285,"type":"block","time":176,"speedMult":3},{"angle":270,"type":"block","time":176.16667175293,"speedMult":3},{"angle":255,"type":"block","time":176.33332824707,"speedMult":3},{"angle":240,"type":"block","time":176.5,"speedMult":3},{"angle":225,"type":"block","time":176.66667175293,"speedMult":3},{"angle":210,"type":"block","time":176.83332824707,"speedMult":3},{"angle":195,"type":"block","time":177,"speedMult":3},{"angle":180,"type":"block","time":177.16667175293,"speedMult":3},{"angle":165,"type":"block","time":177.33332824707,"speedMult":3},{"angle":150,"type":"block","time":177.5,"speedMult":3},{"angle":135,"type":"block","time":177.66667175293,"speedMult":3},{"angle":120,"type":"block","time":177.83332824707,"speedMult":3},{"angle":105,"type":"block","time":178,"speedMult":3},{"angle":90,"type":"block","time":178.16667175293,"speedMult":3},{"angle":75,"type":"block","time":178.33332824707,"speedMult":3},{"angle":120,"type":"side","time":179,"speedMult":2},{"angle":60,"type":"side","time":180,"speedMult":2},{"angle":120,"type":"side","time":181,"speedMult":2},{"angle":60,"type":"side","time":182,"speedMult":2},{"angle":240,"type":"side","time":183,"speedMult":2},{"angle":300,"type":"side","time":184,"speedMult":2},{"angle":240,"type":"side","time":185,"speedMult":2},{"angle":300,"type":"side","time":186,"speedMult":2},{"angle":45,"type":"block","time":193,"speedMult":3},{"angle":22.5,"type":"block","time":194,"speedMult":3},{"angle":0,"type":"block","time":195,"speedMult":3},{"angle":33.75,"type":"inverse","time":193.5,"speedMult":3},{"angle":11.25,"type":"inverse","time":194.5,"speedMult":3},{"angle":0,"type":"hold","duration":0.49999994039536,"time":196.5,"angle2":-90,"holdEase":"inSine","speedMult":3},{"angle":270,"type":"hold","duration":1,"time":197,"angle2":405,"holdEase":"inSine","speedMult":3},{"angle":112.5,"type":"block","time":198.5,"speedMult":3},{"angle":135,"type":"block","time":199.5,"speedMult":3},{"angle":157.5,"type":"block","time":200.5,"speedMult":3},{"angle":180,"type":"block","time":201.5,"speedMult":3},{"angle":202.5,"type":"block","time":202.5,"speedMult":3},{"angle":123.75,"type":"inverse","time":199,"speedMult":3},{"angle":146.25,"type":"inverse","time":200,"speedMult":3},{"angle":168.75,"type":"inverse","time":201,"speedMult":3},{"angle":191.25,"type":"inverse","time":202,"speedMult":3},{"angle":225,"type":"hold","duration":1,"time":203,"angle2":405,"speedMult":3},{"angle":0,"type":"mine","time":204.5,"speedMult":2},{"angle":120,"type":"mine","time":204.5,"speedMult":2},{"angle":240,"type":"mine","time":204.5,"speedMult":2},{"angle":300,"type":"mine","time":205,"speedMult":2},{"angle":60,"type":"mine","time":205,"speedMult":2},{"angle":180,"type":"mine","time":205,"speedMult":2},{"angle":15,"type":"extraTap","time":204.5,"speedMult":3},{"angle":45,"type":"extraTap","time":205,"speedMult":3},{"angle":330,"type":"side","time":207,"speedMult":2},{"angle":30,"type":"side","time":206.5,"speedMult":2},{"angle":15,"type":"side","time":207.5,"speedMult":2},{"angle":315,"type":"side","time":208,"speedMult":2},{"angle":360,"type":"side","time":208.5,"speedMult":2},{"angle":300,"type":"side","time":209,"speedMult":2},{"angle":345,"type":"side","time":209.5,"speedMult":2},{"angle":285,"type":"side","time":210,"speedMult":2},{"angle":195,"type":"mineHold","duration":3.5,"time":206.5,"angle2":150,"speedMult":2},{"angle":165,"type":"mineHold","duration":3.5,"time":206.5,"angle2":120,"speedMult":2},{"angle":135,"type":"mineHold","duration":3.5,"time":206.5,"angle2":90,"speedMult":2},{"angle":225,"type":"mineHold","duration":3.5,"time":206.5,"angle2":180,"speedMult":2},{"angle":270,"type":"hold","duration":0.5,"time":211,"angle2":360,"speedMult":3},{"angle":360,"type":"hold","duration":0.5,"time":211.5,"angle2":450,"speedMult":3},{"angle":90,"type":"hold","duration":0.5,"time":212,"angle2":180,"speedMult":3},{"angle":180,"type":"hold","duration":0.5,"time":212.5,"angle2":270,"speedMult":3},{"angle":270,"type":"hold","duration":0.5,"time":213,"angle2":360,"speedMult":3},{"angle":0,"type":"hold","duration":0.5,"time":213.5,"angle2":90,"speedMult":3},{"angle":90,"type":"hold","duration":0.5,"time":215,"angle2":0,"speedMult":3},{"angle":292.5,"type":"block","tap":true,"time":216,"speedMult":3},{"angle":360,"type":"block","time":216.5,"speedMult":3},{"angle":67.5,"type":"block","tap":true,"time":217,"speedMult":3},{"angle":0,"type":"block","time":217.5,"speedMult":3},{"angle":292.5,"type":"block","tap":true,"time":218,"speedMult":3},{"angle":0,"type":"block","time":218.5,"speedMult":3},{"angle":360,"type":"block","time":219.5,"speedMult":3},{"angle":90,"type":"block","time":220,"speedMult":3},{"angle":180,"type":"block","time":220.5,"speedMult":3},{"angle":270,"type":"block","time":221,"speedMult":3},{"angle":0,"type":"block","time":221.5,"speedMult":3},{"angle":90,"type":"block","time":222,"speedMult":3},{"angle":180,"type":"block","time":222.5,"speedMult":3},{"angle":270,"type":"hold","duration":1.5,"time":223,"angle2":450,"holdEase":"inSine","speedMult":3},{"angle":45,"type":"block","time":225,"speedMult":3},{"angle":22.5,"type":"block","time":226,"speedMult":3},{"angle":0,"type":"block","time":227,"speedMult":3},{"angle":33.75,"type":"inverse","time":225.5,"speedMult":3},{"angle":11.25,"type":"inverse","time":226.5,"speedMult":3},{"angle":360,"type":"hold","duration":0.5,"time":228.5,"angle2":270,"holdEase":"inSine","speedMult":3},{"angle":270,"type":"hold","duration":1,"time":229,"angle2":450,"holdEase":"inSine","speedMult":3},{"angle":112.5,"type":"block","time":230.5,"speedMult":3},{"angle":135,"type":"block","time":231.5,"speedMult":3},{"angle":157.5,"type":"block","time":232.5,"speedMult":3},{"angle":180,"type":"block","time":233.5,"speedMult":3},{"angle":202.5,"type":"block","time":234.5,"speedMult":3},{"angle":123.75,"type":"inverse","time":231,"speedMult":3},{"angle":146.25,"type":"inverse","time":232,"speedMult":3},{"angle":168.75,"type":"inverse","time":233,"speedMult":3},{"angle":191.25,"type":"inverse","time":234,"speedMult":3},{"angle":213.75,"type":"hold","duration":1,"time":235,"angle2":393.75,"holdEase":"inSine","speedMult":3},{"angle":360,"type":"mine","time":236.5,"speedMult":2},{"angle":120,"type":"mine","time":236.5,"speedMult":2},{"angle":240,"type":"mine","time":236.5,"speedMult":2},{"angle":60,"type":"mine","time":237,"speedMult":2},{"angle":300,"type":"mine","time":237,"speedMult":2},{"angle":180,"type":"mine","time":237,"speedMult":2},{"angle":15,"type":"extraTap","time":236.5,"speedMult":3},{"angle":45,"type":"extraTap","time":237,"speedMult":3},{"angle":30,"type":"side","time":238.5,"speedMult":2},{"angle":330,"type":"side","time":239,"speedMult":2},{"angle":15,"type":"side","time":239.5,"speedMult":2},{"angle":315,"type":"side","time":240,"speedMult":2},{"angle":360,"type":"side","time":240.5,"speedMult":2},{"angle":300,"type":"side","time":241,"speedMult":2},{"angle":345,"type":"side","time":241.5,"speedMult":2},{"angle":285,"type":"side","time":242,"speedMult":2},{"angle":270,"type":"hold","duration":0.5,"time":243,"angle2":360,"speedMult":3},{"angle":0,"type":"hold","duration":0.5,"time":243.5,"angle2":90,"speedMult":3},{"angle":90,"type":"hold","duration":0.5,"time":244,"angle2":180,"speedMult":3},{"angle":180,"type":"hold","duration":0.5,"time":244.5,"angle2":270,"speedMult":3},{"angle":270,"type":"hold","duration":0.5,"time":245,"angle2":360,"speedMult":3},{"angle":0,"type":"hold","duration":0.5,"time":245.5,"angle2":90,"speedMult":3},{"angle":90,"type":"hold","duration":0.5,"time":247,"angle2":0,"speedMult":3},{"angle":292.5,"type":"block","tap":true,"time":248,"speedMult":3},{"angle":0,"type":"block","time":248.5,"speedMult":3},{"angle":67.5,"type":"block","tap":true,"time":249,"speedMult":3},{"angle":360,"type":"block","time":249.5,"speedMult":3},{"angle":292.5,"type":"block","tap":true,"time":250,"speedMult":3},{"angle":360,"type":"block","time":250.5,"speedMult":3},{"angle":360,"type":"block","time":251.5,"speedMult":3},{"angle":90,"type":"block","time":252,"speedMult":3},{"angle":180,"type":"block","time":252.5,"speedMult":3},{"angle":270,"type":"block","time":253,"speedMult":3},{"angle":360,"type":"block","time":253.5,"speedMult":3},{"angle":90,"type":"block","time":254,"speedMult":3},{"angle":180,"type":"block","time":254.5,"speedMult":3},{"angle":270,"type":"hold","duration":2,"time":255,"angle2":540,"holdEase":"inSine","speedMult":3},{"angle":180,"type":"block","time":257.5,"speedMult":3},{"angle":0,"type":"block","time":258.5,"speedMult":3},{"angle":90,"type":"block","time":258,"speedMult":3},{"angle":195,"type":"extraTap","time":257.5,"speedMult":3},{"angle":15,"type":"extraTap","time":258.5,"speedMult":3},{"angle":105,"type":"extraTap","time":258,"speedMult":3},{"angle":360,"type":"hold","duration":3,"time":259.5,"angle2":720,"speedMult":3},{"angle":345,"type":"block","time":259.5,"speedMult":3},{"angle":30,"type":"block","time":259.83334350586,"speedMult":3},{"angle":165,"type":"block","time":261,"speedMult":3},{"angle":255,"type":"block","time":261.5,"speedMult":3},{"angle":285,"type":"block","time":262,"speedMult":3},{"angle":135,"type":"block","time":260.5,"speedMult":3},{"angle":345,"type":"block","time":262.5,"speedMult":3},{"angle":180,"type":"mineHold","duration":3.0000002384186,"time":259.5,"angle2":540,"speedMult":3},{"angle":360,"type":"extraTap","time":263,"speedMult":3},{"angle":360,"type":"hold","duration":3.0000002384186,"time":263.5,"angle2":0,"speedMult":3},{"angle":180,"type":"mineHold","duration":3,"time":263.5,"angle2":-180,"speedMult":3},{"angle":15,"type":"block","time":263.5,"speedMult":3},{"angle":300,"type":"block","time":263.83334350586,"speedMult":3},{"angle":285,"type":"block","time":264.33334350586,"speedMult":3},{"angle":165,"type":"block","time":265,"speedMult":3},{"angle":75,"type":"block","time":266,"speedMult":3},{"angle":345,"type":"block","time":266.5,"speedMult":3},{"angle":360,"type":"hold","duration":3.0000002384186,"time":267.5,"angle2":720,"speedMult":3},{"angle":360,"type":"extraTap","time":271,"speedMult":3},{"angle":345,"type":"block","time":267.5,"speedMult":3},{"angle":30,"type":"block","time":267.83334350586,"speedMult":3},{"angle":135,"type":"block","time":268.5,"speedMult":3},{"angle":165,"type":"block","time":269,"speedMult":3},{"angle":255,"type":"block","time":269.5,"speedMult":3},{"angle":285,"type":"block","time":270,"speedMult":3},{"angle":345,"type":"block","time":270.5,"speedMult":3},{"angle":90,"type":"hold","duration":0.49999994039536,"time":271.66665649414,"angle2":180,"speedMult":2},{"angle":180,"type":"hold","duration":0.49999994039536,"time":272.16665649414,"angle2":90,"speedMult":2},{"angle":270,"type":"hold","duration":0.49999994039536,"time":273.5,"angle2":360,"speedMult":2},{"angle":360,"type":"hold","duration":0.49999994039536,"time":274,"angle2":270,"speedMult":2},{"angle":270,"type":"extraTap","time":273,"speedMult":2},{"angle":270,"type":"extraTap","time":275,"speedMult":2},{"angle":360,"type":"hold","duration":3.0000002384186,"time":275.5,"angle2":720,"speedMult":3},{"angle":0,"type":"extraTap","time":279,"speedMult":3},{"angle":0,"type":"hold","duration":3,"time":279.5,"angle2":-360,"speedMult":3},{"angle":0,"type":"hold","duration":3,"time":283.5,"angle2":360,"speedMult":3},{"angle":90,"type":"hold","duration":0.49999994039536,"time":287.66665649414,"angle2":0,"speedMult":2},{"angle":0,"type":"hold","duration":0.49999994039536,"time":288.16665649414,"angle2":90,"speedMult":2},{"angle":270,"type":"hold","duration":0.5,"time":289.5,"angle2":180,"speedMult":2},{"angle":180,"type":"hold","duration":0.5,"time":290,"angle2":270,"speedMult":2},{"angle":285,"type":"extraTap","time":289.5,"speedMult":2},{"angle":165,"type":"extraTap","time":290,"speedMult":2},{"angle":285,"type":"extraTap","time":290.5,"speedMult":2},{"angle":345,"type":"block","time":291.16665649414,"speedMult":3},{"angle":15,"type":"block","time":291.66665649414,"speedMult":3},{"angle":45,"type":"block","time":292.16665649414,"speedMult":3},{"angle":348.75,"type":"block","time":275.5,"speedMult":3},{"angle":22.5,"type":"block","time":275.83334350586,"speedMult":3},{"angle":135,"type":"block","time":276.5,"speedMult":3},{"angle":168.75,"type":"block","time":277,"speedMult":3},{"angle":247.5,"type":"block","time":277.5,"speedMult":3},{"angle":281.25,"type":"block","time":278,"speedMult":3},{"angle":348.75,"type":"block","time":278.5,"speedMult":3},{"angle":15,"type":"block","time":279.5,"speedMult":3},{"angle":300,"type":"block","time":279.83334350586,"speedMult":3},{"angle":285,"type":"block","time":280.33334350586,"speedMult":3},{"angle":165,"type":"block","time":281,"speedMult":3},{"angle":75,"type":"block","time":282,"speedMult":3},{"angle":345,"type":"block","time":282.5,"speedMult":3},{"angle":345,"type":"block","time":283.5,"speedMult":3},{"angle":30,"type":"block","time":283.83334350586,"speedMult":3},{"angle":135,"type":"block","time":284.5,"speedMult":3},{"angle":165,"type":"block","time":285,"speedMult":3},{"angle":255,"type":"block","time":285.5,"speedMult":3},{"angle":285,"type":"block","time":286,"speedMult":3},{"angle":345,"type":"block","time":286.5,"speedMult":3},{"angle":180,"type":"mineHold","duration":3,"time":267.5,"angle2":540,"speedMult":3},{"angle":285,"type":"mineHold","duration":0.49999994039536,"time":271.5,"angle2":285,"speedMult":2},{"angle":255,"type":"mineHold","duration":0.5,"time":271.5,"angle2":255,"speedMult":2},{"angle":75,"type":"mineHold","duration":0.5,"time":273.5,"angle2":75,"speedMult":2},{"angle":105,"type":"mineHold","duration":0.49999994039536,"time":273.5,"angle2":105,"speedMult":2},{"angle":180,"type":"mineHold","duration":3,"time":275.5,"angle2":540,"speedMult":3},{"angle":180,"type":"mineHold","duration":3,"time":279.5,"angle2":-180,"speedMult":3},{"angle":180,"type":"mineHold","duration":3,"time":283.5,"angle2":540,"speedMult":3},{"angle":285,"type":"mineHold","duration":0.5,"time":287.5,"angle2":285,"speedMult":2},{"angle":255,"type":"mineHold","duration":0.49999994039536,"time":287.5,"angle2":255,"speedMult":2},{"angle":75,"type":"mineHold","duration":0.49999994039536,"time":289.5,"angle2":75,"speedMult":2},{"angle":105,"type":"mineHold","duration":0.5,"time":289.5,"angle2":105,"speedMult":2},{"angle":75,"type":"hold","duration":0.99999994039536,"time":292.66665649414,"angle2":255,"speedMult":3},{"angle":270,"type":"block","time":294.5,"speedMult":3},{"angle":285,"type":"block","time":294.66665649414,"speedMult":3},{"angle":300,"type":"block","time":294.83334350586,"speedMult":3},{"angle":315,"type":"block","time":295,"speedMult":3},{"angle":330,"type":"block","time":295.16665649414,"speedMult":3},{"angle":15,"type":"block","time":295.66665649414,"speedMult":3},{"angle":60,"type":"block","time":296.16665649414,"speedMult":3},{"angle":105,"type":"block","time":296.66665649414,"speedMult":3},{"angle":150,"type":"block","time":297.16665649414,"speedMult":3},{"angle":195,"type":"block","time":297.66665649414,"speedMult":3},{"angle":240,"type":"block","time":298.16665649414,"speedMult":3},{"angle":255,"type":"block","time":298.33334350586,"speedMult":3},{"angle":270,"type":"extraTap","time":298.33334350586,"speedMult":3},{"angle":315,"type":"side","time":299,"speedMult":2},{"angle":225,"type":"side","time":299.16665649414,"speedMult":2},{"angle":315,"type":"side","time":299.66665649414,"speedMult":2},{"angle":225,"type":"side","time":300,"speedMult":2},{"angle":315,"type":"hold","duration":1,"time":300.5,"angle2":495,"holdEase":"inSine","speedMult":2},{"angle":360,"type":"mineHold","duration":4.0000004768372,"time":294.33334350586,"angle2":705,"speedMult":3},{"angle":180,"type":"mineHold","duration":4.0000004768372,"time":294.33334350586,"angle2":525,"speedMult":3},{"angle":195,"type":"mineHold","duration":3.5000002384186,"time":238.5,"angle2":150,"speedMult":2},{"angle":165,"type":"mineHold","duration":3.5,"time":238.5,"angle2":120,"speedMult":2},{"angle":135,"type":"mineHold","duration":3.5,"time":238.5,"angle2":90,"speedMult":2},{"angle":225,"type":"mineHold","duration":3.5,"time":238.5,"angle2":180,"speedMult":2},{"angle":135,"type":"block","time":302.5,"speedMult":3},{"angle":157.5,"type":"block","time":302.66665649414,"speedMult":3},{"angle":180,"type":"block","time":302.83334350586,"speedMult":3},{"angle":202.5,"type":"block","time":303,"speedMult":3},{"angle":225,"type":"block","time":303.16665649414,"speedMult":3},{"angle":270,"type":"block","time":303.5,"speedMult":3},{"angle":315,"type":"block","time":304,"speedMult":3},{"angle":360,"type":"block","time":304.5,"speedMult":3},{"angle":45,"type":"block","time":305,"speedMult":3},{"angle":90,"type":"block","time":305.5,"speedMult":3},{"angle":135,"type":"block","time":306.16665649414,"speedMult":3},{"angle":150,"type":"block","time":306.33334350586,"speedMult":3},{"angle":45,"type":"block","time":337,"speedMult":3},{"angle":22.5,"type":"block","time":338,"speedMult":3},{"angle":360,"type":"block","time":339,"speedMult":3},{"angle":11.25,"type":"inverse","time":338.5,"speedMult":3},{"angle":33.75,"type":"inverse","time":337.5,"speedMult":3},{"angle":112.5,"type":"extraTap","time":302.5,"speedMult":3},{"angle":165,"type":"extraTap","time":306.33334350586,"speedMult":3},{"angle":11.25,"type":"extraTap","time":291.16665649414,"speedMult":3},{"angle":270,"type":"block","time":307.66665649414,"speedMult":3},{"angle":300,"type":"block","time":308,"speedMult":3},{"angle":240,"type":"block","time":307.33334350586,"speedMult":3},{"angle":270,"type":"hold","duration":2,"time":308.5,"angle2":540,"speedMult":3},{"angle":90,"type":"hold","duration":2,"time":308.5,"angle2":360,"speedMult":3},{"angle":60,"type":"block","time":307.33334350586,"speedMult":3},{"angle":90,"type":"block","time":307.66665649414,"speedMult":3},{"angle":120,"type":"block","time":308,"speedMult":3},{"angle":360,"type":"mineHold","duration":0.49999988079071,"time":307.5,"angle2":360,"speedMult":3},{"angle":180,"type":"mineHold","duration":0.49999988079071,"time":307.5,"angle2":180,"speedMult":3},{"angle":360,"type":"mineHold","duration":2.5000002384186,"time":308,"angle2":630,"holdEase":"inSine","speedMult":3},{"angle":180,"type":"mineHold","duration":2.5000002384186,"time":308,"angle2":450,"holdEase":"inSine","speedMult":3},{"angle":15,"type":"extraTap","time":310.5,"speedMult":3},{"angle":90,"type":"block","time":311.33334350586,"speedMult":3},{"angle":60,"type":"block","time":311.83334350586,"speedMult":3},{"angle":30,"type":"block","time":312.33334350586,"speedMult":3},{"angle":0,"type":"block","time":312.83334350586,"speedMult":3},{"angle":330,"type":"block","time":313.33334350586,"speedMult":3},{"angle":300,"type":"block","time":313.66665649414,"speedMult":3},{"angle":285,"type":"block","time":313.83334350586,"speedMult":3},{"angle":270,"type":"block","time":314,"speedMult":3},{"angle":240,"type":"block","time":314.5,"speedMult":3},{"angle":255,"type":"extraTap","time":314.5,"speedMult":3},{"angle":180,"type":"block","time":315.16665649414,"speedMult":3},{"angle":150,"type":"block","time":315.66665649414,"speedMult":3},{"angle":120,"type":"block","time":316.16665649414,"speedMult":3},{"angle":90,"type":"block","time":316.66665649414,"speedMult":3},{"angle":60,"type":"block","time":317.16665649414,"speedMult":3},{"angle":45,"type":"block","time":317.66665649414,"speedMult":3},{"angle":30,"type":"block","time":317.83334350586,"speedMult":3},{"angle":15,"type":"block","time":318,"speedMult":3},{"angle":345,"type":"block","time":318.5,"speedMult":3},{"angle":0,"type":"hold","duration":1,"time":319.33334350586,"angle2":180,"speedMult":3},{"angle":180,"type":"hold","duration":1.6666665077209,"time":320.33334350586,"angle2":-30,"speedMult":3},{"angle":240,"type":"side","time":323,"speedMult":2},{"angle":300,"type":"side","time":324,"speedMult":2},{"angle":240,"type":"side","time":325,"speedMult":2},{"angle":300,"type":"side","time":326,"speedMult":2},{"angle":120,"type":"side","time":327,"speedMult":2},{"angle":60,"type":"side","time":328,"speedMult":2},{"angle":120,"type":"side","time":329,"speedMult":2},{"angle":60,"type":"side","time":330,"speedMult":2},{"angle":360,"type":"hold","duration":0.49999994039536,"time":340.5,"angle2":270,"holdEase":"inSine","speedMult":3},{"angle":270,"type":"hold","duration":1,"time":341,"angle2":405,"holdEase":"inSine","speedMult":3},{"angle":315,"type":"extraTap","time":318.5,"speedMult":3},{"angle":112.5,"type":"block","time":342.5,"speedMult":3},{"angle":135,"type":"block","time":343.5,"speedMult":3},{"angle":157.5,"type":"block","time":344.5,"speedMult":3},{"angle":180,"type":"block","time":345.5,"speedMult":3},{"angle":202.5,"type":"block","time":346.5,"speedMult":3},{"angle":191.25,"type":"inverse","time":346,"speedMult":3},{"angle":168.75,"type":"inverse","time":345,"speedMult":3},{"angle":146.25,"type":"inverse","time":344,"speedMult":3},{"angle":123.75,"type":"inverse","time":343,"speedMult":3},{"angle":213.75,"type":"hold","duration":1,"time":347,"angle2":393.75,"holdEase":"inSine","speedMult":3},{"angle":0,"type":"mine","time":348.5,"speedMult":2},{"angle":120,"type":"mine","time":348.5,"speedMult":2},{"angle":240,"type":"mine","time":348.5,"speedMult":2},{"angle":60,"type":"mine","time":349,"speedMult":2},{"angle":300,"type":"mine","time":349,"speedMult":2},{"angle":180,"type":"mine","time":349,"speedMult":2},{"angle":30,"type":"extraTap","time":348.5,"speedMult":3},{"angle":30,"type":"extraTap","time":349,"speedMult":3},{"angle":30,"type":"side","time":350.5,"speedMult":2},{"angle":330,"type":"side","time":351,"speedMult":2},{"angle":15,"type":"side","time":351.5,"speedMult":2},{"angle":315,"type":"side","time":352,"speedMult":2},{"angle":360,"type":"side","time":352.5,"speedMult":2},{"angle":300,"type":"side","time":353,"speedMult":2},{"angle":345,"type":"side","time":353.5,"speedMult":2},{"angle":285,"type":"side","time":354,"speedMult":2},{"angle":195,"type":"mineHold","duration":3.5,"time":350.5,"angle2":150,"speedMult":2},{"angle":165,"type":"mineHold","duration":3.5,"time":350.5,"angle2":120,"speedMult":2},{"angle":135,"type":"mineHold","duration":3.5,"time":350.5,"angle2":90,"speedMult":2},{"angle":225,"type":"mineHold","duration":3.5,"time":350.5,"angle2":180,"speedMult":2},{"angle":270,"type":"hold","duration":0.49999994039536,"time":355,"angle2":360,"speedMult":3},{"angle":0,"type":"hold","duration":0.49999988079071,"time":355.5,"angle2":90,"speedMult":3},{"angle":90,"type":"hold","duration":0.5,"time":356,"angle2":180,"speedMult":3},{"angle":180,"type":"hold","duration":0.5,"time":356.5,"angle2":270,"speedMult":3},{"angle":270,"type":"hold","duration":0.49999994039536,"time":357,"angle2":360,"speedMult":3},{"angle":0,"type":"hold","duration":0.49999994039536,"time":357.5,"angle2":90,"speedMult":3},{"angle":90,"type":"hold","duration":0.5,"time":359,"angle2":0,"speedMult":3},{"angle":292.5,"type":"block","tap":true,"time":360,"speedMult":3},{"angle":360,"type":"block","time":360.5,"speedMult":3},{"angle":67.5,"type":"block","tap":true,"time":361,"speedMult":3},{"angle":0,"type":"block","time":361.5,"speedMult":3},{"angle":292.5,"type":"block","tap":true,"time":362,"speedMult":3},{"angle":0,"type":"block","time":362.5,"speedMult":3},{"angle":0,"type":"block","time":363.5,"speedMult":3},{"angle":90,"type":"block","time":364,"speedMult":3},{"angle":180,"type":"block","time":364.5,"speedMult":3},{"angle":270,"type":"block","time":365,"speedMult":3},{"angle":360,"type":"block","time":365.5,"speedMult":3},{"angle":90,"type":"block","time":366,"speedMult":3},{"angle":180,"type":"block","time":366.5,"speedMult":3},{"angle":270,"type":"hold","duration":1,"time":367,"angle2":450,"holdEase":"inSine","speedMult":3},{"angle":56.25,"type":"block","time":369,"speedMult":3},{"angle":22.5,"type":"block","time":370,"speedMult":3},{"angle":0,"type":"block","time":371,"speedMult":3},{"angle":11.25,"type":"inverse","time":370.5,"speedMult":3},{"angle":45,"type":"inverse","time":369.5,"speedMult":3},{"angle":0,"type":"hold","duration":0.5,"time":372.5,"angle2":-90,"holdEase":"inSine","speedMult":3},{"angle":270,"type":"hold","duration":1,"time":373,"angle2":405,"holdEase":"inSine","speedMult":3},{"angle":112.5,"type":"block","time":374.5,"speedMult":3},{"angle":135,"type":"block","time":375.5,"speedMult":3},{"angle":157.5,"type":"block","time":376.5,"speedMult":3},{"angle":180,"type":"block","time":377.5,"speedMult":3},{"angle":202.5,"type":"block","time":378.5,"speedMult":3},{"angle":191.25,"type":"inverse","time":378,"speedMult":3},{"angle":168.75,"type":"inverse","time":377,"speedMult":3},{"angle":146.25,"type":"inverse","time":376,"speedMult":3},{"angle":123.75,"type":"inverse","time":375,"speedMult":3},{"angle":213.75,"type":"hold","duration":1,"time":379,"angle2":393.75,"holdEase":"inSine","speedMult":3},{"angle":360,"type":"mine","time":380.5,"speedMult":2},{"angle":120,"type":"mine","time":380.5,"speedMult":2},{"angle":240,"type":"mine","time":380.5,"speedMult":2},{"angle":60,"type":"mine","time":381,"speedMult":2},{"angle":300,"type":"mine","time":381,"speedMult":2},{"angle":180,"type":"mine","time":381,"speedMult":2},{"angle":30,"type":"extraTap","time":380.5,"speedMult":3},{"angle":30,"type":"extraTap","time":381,"speedMult":3},{"angle":330,"type":"side","time":383,"speedMult":2},{"angle":30,"type":"side","time":382.5,"speedMult":2},{"angle":15,"type":"side","time":383.5,"speedMult":2},{"angle":315,"type":"side","time":384,"speedMult":2},{"angle":360,"type":"side","time":384.5,"speedMult":2},{"angle":300,"type":"side","time":385,"speedMult":2},{"angle":345,"type":"side","time":385.5,"speedMult":2},{"angle":285,"type":"side","time":386,"speedMult":2},{"angle":195,"type":"mineHold","duration":3.5,"time":382.5,"angle2":150,"speedMult":2},{"angle":165,"type":"mineHold","duration":3.5,"time":382.5,"angle2":120,"speedMult":2},{"angle":135,"type":"mineHold","duration":3.5,"time":382.5,"angle2":90,"speedMult":2},{"angle":225,"type":"mineHold","duration":3.5,"time":382.5,"angle2":180,"speedMult":2},{"angle":270,"type":"hold","duration":0.5,"time":387,"angle2":360,"speedMult":3},{"angle":360,"type":"hold","duration":0.5,"time":387.5,"angle2":450,"speedMult":3},{"angle":90,"type":"hold","duration":0.5,"time":388,"angle2":180,"speedMult":3},{"angle":180,"type":"hold","duration":0.5,"time":388.5,"angle2":270,"speedMult":3},{"angle":270,"type":"hold","duration":0.5,"time":389,"angle2":360,"speedMult":3},{"angle":360,"type":"hold","duration":0.5,"time":389.5,"angle2":450,"speedMult":3},{"angle":90,"type":"hold","duration":0.5,"time":391,"angle2":0,"speedMult":3},{"angle":292.5,"type":"block","tap":true,"time":392,"speedMult":3},{"angle":0,"type":"block","time":392.5,"speedMult":3},{"angle":67.5,"type":"block","tap":true,"time":393,"speedMult":3},{"angle":0,"type":"block","time":393.5,"speedMult":3},{"angle":292.5,"type":"block","tap":true,"time":394,"speedMult":3},{"angle":360,"type":"block","time":394.5,"speedMult":3},{"angle":0,"type":"block","time":395.5,"speedMult":3},{"angle":90,"type":"block","time":396,"speedMult":3},{"angle":180,"type":"block","time":396.5,"speedMult":3},{"angle":270,"type":"block","time":397,"speedMult":3},{"angle":0,"type":"block","time":397.5,"speedMult":3},{"angle":90,"type":"block","time":398,"speedMult":3},{"angle":180,"type":"block","time":398.5,"speedMult":3},{"angle":270,"type":"hold","duration":2,"time":399,"angle2":540,"holdEase":"inSine","speedMult":3},{"angle":270,"type":"block","time":403,"speedMult":3},{"angle":90,"type":"block","time":404,"speedMult":3},{"angle":270,"type":"block","time":405,"speedMult":3},{"angle":90,"type":"block","time":406,"speedMult":3},{"angle":270,"type":"block","time":407,"speedMult":3},{"angle":90,"type":"block","time":408,"speedMult":3},{"angle":270,"type":"block","time":409,"speedMult":3},{"angle":90,"type":"block","time":410,"speedMult":3},{"angle":90,"type":"extraTap","time":403.75,"speedMult":3},{"angle":90,"type":"extraTap","time":404.5,"speedMult":3},{"angle":90,"type":"extraTap","time":405.75,"speedMult":3},{"angle":90,"type":"extraTap","time":406.5,"speedMult":3},{"angle":90,"type":"extraTap","time":407.75,"speedMult":3},{"angle":90,"type":"extraTap","time":408.5,"speedMult":3},{"angle":90,"type":"extraTap","time":409.75,"speedMult":3},{"angle":90,"type":"extraTap","time":410.5,"speedMult":3},{"angle":202.5,"type":"mineHold","duration":0.5,"time":403,"angle2":225,"speedMult":3},{"angle":180,"type":"mineHold","duration":0.5,"time":403,"angle2":180,"speedMult":3},{"angle":157.5,"type":"mineHold","duration":0.5,"time":403,"angle2":135,"speedMult":3},{"angle":0,"type":"mineHold","duration":0.5,"time":404,"angle2":0,"speedMult":3},{"angle":337.5,"type":"mineHold","duration":0.5,"time":404,"angle2":315,"speedMult":3},{"angle":22.5,"type":"mineHold","duration":0.5,"time":404,"angle2":45,"speedMult":3},{"angle":180,"type":"mineHold","duration":0.5,"time":405,"angle2":180,"speedMult":3},{"angle":202.5,"type":"mineHold","duration":0.5,"time":405,"angle2":225,"speedMult":3},{"angle":157.5,"type":"mineHold","duration":0.5,"time":405,"angle2":135,"speedMult":3},{"angle":360,"type":"mineHold","duration":0.5,"time":406,"angle2":360,"speedMult":3},{"angle":22.5,"type":"mineHold","duration":0.5,"time":406,"angle2":45,"speedMult":3},{"angle":337.5,"type":"mineHold","duration":0.5,"time":406,"angle2":315,"speedMult":3},{"angle":180,"type":"mineHold","duration":0.5,"time":407,"angle2":180,"speedMult":3},{"angle":202.5,"type":"mineHold","duration":0.5,"time":407,"angle2":225,"speedMult":3},{"angle":157.5,"type":"mineHold","duration":0.5,"time":407,"angle2":135,"speedMult":3},{"angle":0,"type":"mineHold","duration":0.5,"time":408,"angle2":0,"speedMult":3},{"angle":22.5,"type":"mineHold","duration":0.5,"time":408,"angle2":45,"speedMult":3},{"angle":337.5,"type":"mineHold","duration":0.5,"time":408,"angle2":315,"speedMult":3},{"angle":180,"type":"mineHold","duration":0.5,"time":409,"angle2":180,"speedMult":3},{"angle":202.5,"type":"mineHold","duration":0.5,"time":409,"angle2":225,"speedMult":3},{"angle":157.5,"type":"mineHold","duration":0.5,"time":409,"angle2":135,"speedMult":3},{"angle":45,"type":"block","time":410.5,"speedMult":3},{"angle":360,"type":"block","time":411,"speedMult":3},{"angle":315,"type":"block","time":411.5,"speedMult":3},{"angle":315,"type":"hold","duration":0.5,"time":412.5,"angle2":360,"speedMult":3},{"angle":0,"type":"hold","duration":1,"time":413,"angle2":-90,"speedMult":3},{"angle":270,"type":"block","time":415,"speedMult":3},{"angle":258.75,"type":"block","time":415.5,"speedMult":3},{"angle":236.25,"type":"block","time":416.5,"speedMult":3},{"angle":90,"type":"block","time":415,"speedMult":3},{"angle":78.75,"type":"block","time":415.5,"speedMult":3},{"angle":56.25,"type":"block","time":416.5,"speedMult":3},{"angle":360,"type":"mineHold","duration":1.5,"time":415,"angle2":326.25,"speedMult":3},{"angle":180,"type":"mineHold","duration":1.5,"time":415,"angle2":146.25,"speedMult":3},{"angle":202.5,"type":"hold","duration":0.5,"time":417.5,"angle2":157.5,"speedMult":3},{"angle":157.5,"type":"hold","duration":0.5,"time":418,"angle2":202.5,"speedMult":3},{"angle":202.5,"type":"hold","duration":1,"time":418.5,"angle2":45,"speedMult":3},{"angle":22.5,"type":"hold","duration":0.5,"time":417.5,"angle2":-22.5,"speedMult":3},{"angle":337.5,"type":"hold","duration":0.5,"time":418,"angle2":382.5,"speedMult":3},{"angle":22.5,"type":"hold","duration":1,"time":418.5,"angle2":-135,"speedMult":3},{"angle":0,"type":"side","time":419.66665649414,"speedMult":3},{"angle":180,"type":"side","time":419.66665649414,"speedMult":3},{"angle":90,"type":"hold","duration":1,"time":421,"angle2":270,"speedMult":3},{"angle":315,"type":"block","time":423,"speedMult":3},{"angle":300,"type":"block","time":423,"speedMult":3},{"angle":330,"type":"block","time":423,"speedMult":3},{"angle":345,"type":"block","time":423.5,"speedMult":3},{"angle":0,"type":"block","time":423.5,"speedMult":3},{"angle":15,"type":"block","time":423.5,"speedMult":3},{"angle":30,"type":"block","time":424.25,"speedMult":3},{"angle":45,"type":"block","time":424.25,"speedMult":3},{"angle":60,"type":"block","time":424.25,"speedMult":3},{"angle":360,"type":"hold","duration":1.5,"time":425.5,"angle2":135,"speedMult":3},{"angle":90,"type":"block","time":427.75,"speedMult":3},{"angle":45,"type":"block","time":428.5,"speedMult":3},{"angle":0,"type":"block","time":429,"speedMult":3},{"angle":315,"type":"block","time":429.75,"speedMult":3},{"angle":270,"type":"block","time":431,"speedMult":3},{"angle":270,"type":"block","time":432.25,"speedMult":3},{"angle":285,"type":"extraTap","time":432.25,"speedMult":3},{"angle":90,"type":"block","time":431.5,"speedMult":3},{"angle":240,"type":"mineHold","duration":0,"segments":1,"time":180,"angle2":300,"speedMult":1},{"angle":240,"type":"mineHold","duration":1,"time":180,"angle2":240,"speedMult":1},{"angle":240,"type":"mineHold","duration":1,"segments":1,"time":181,"angle2":255,"speedMult":1},{"angle":255,"type":"mineHold","duration":0,"segments":1,"time":182,"angle2":285,"speedMult":1},{"angle":270,"type":"mineHold","duration":1.1666666269302,"segments":1,"time":180.83332824707,"angle2":285,"speedMult":1},{"angle":270,"type":"mineHold","duration":0.16666667163372,"segments":1,"time":180.83332824707,"angle2":240,"speedMult":1},{"angle":300,"type":"mineHold","duration":0.83333331346512,"segments":1,"time":180,"angle2":270,"speedMult":1},{"angle":300,"type":"mineHold","duration":1,"segments":1,"time":181,"angle2":285,"speedMult":1},{"angle":300,"type":"mineHold","duration":1,"time":180,"angle2":300,"speedMult":1},{"angle":60,"type":"mineHold","duration":0.66666662693024,"time":184,"angle2":90},{"angle":120,"type":"mineHold","duration":1,"time":185,"angle2":75},{"angle":60,"type":"mineHold","duration":1,"time":184,"angle2":120,"holdEase":"outQuad"},{"angle":90,"type":"mineHold","duration":0.33333325386047,"time":184.66667175293,"angle2":60},{"angle":60,"type":"mineHold","duration":0.33333325386047,"time":185,"angle2":90},{"angle":90,"type":"mineHold","duration":0.66666662693024,"time":185.33332824707,"angle2":75},{"angle":120,"type":"mineHold","duration":1,"segments":1,"time":324,"angle2":120},{"angle":60,"type":"mineHold","duration":0,"segments":1,"time":324,"angle2":120},{"angle":60,"type":"mineHold","duration":1,"time":324,"angle2":60},{"angle":60,"type":"mineHold","duration":1,"segments":1,"time":325,"angle2":75},{"angle":90,"type":"mineHold","duration":1.1666666269302,"segments":1,"time":324.83334350586,"angle2":75},{"angle":60,"type":"mineHold","duration":0.83333331346512,"segments":1,"time":324,"angle2":90},{"angle":120,"type":"mineHold","duration":1,"segments":1,"time":325,"angle2":105},{"angle":90,"type":"mineHold","duration":0.16666667163372,"segments":1,"time":324.83334350586,"angle2":120},{"angle":105,"type":"mineHold","duration":0,"segments":1,"time":326,"angle2":75},{"angle":300,"type":"mineHold","duration":0.49999994039536,"time":328,"angle2":270},{"angle":270,"type":"mineHold","duration":0.5,"time":328.5,"angle2":300},{"angle":300,"type":"mineHold","duration":0.5,"time":329,"angle2":270},{"angle":270,"type":"mineHold","duration":0.49999994039536,"time":329.5,"angle2":285},{"angle":300,"type":"mineHold","duration":1,"holdEase":"outCirc","angle2":240,"time":328},{"angle":240,"type":"mineHold","duration":1,"time":329,"angle2":285}]