{"events":[{"angle":180,"type":"play","file":"a.wav","volume":1,"time":0,"offset":0,"bpm":121},{"type":"setColor","g":149,"color":0,"ease":"inSine","r":0,"duration":1,"time":-1.5,"angle":270,"b":40},{"type":"setColor","g":49,"color":2,"ease":"inSine","r":0,"duration":1,"time":-2,"angle":15,"b":2},{"newWidth":70,"ease":"outElastic","angle":247.5,"paddle":2,"newAngle":180,"duration":2,"time":45,"type":"paddles","enabled":true},{"newWidth":70,"ease":"linear","angle":157.5,"paddle":0,"newAngle":0,"duration":0,"time":51.833332061768,"type":"paddles","enabled":true},{"angle":120,"type":"hom","time":-1.5,"enable":true},{"angle":90,"type":"noise","time":-1.5,"chance":0.40000000596046,"color":2},{"type":"setColor","g":255,"color":1,"ease":"inSine","r":0,"duration":1,"time":-2,"angle":315,"b":0},{"angle":330,"type":"outline","time":-1.5,"enable":true,"color":1},{"angle":45,"type":"setBgColor","color":2,"time":-1.5},{"type":"deco","drawLayer":"bg","id":"0","drawOrder":0,"duration":2,"time":-1.5,"ease":"inOutSine","angle":150},{"type":"paddles","ease":"outElastic","paddle":2,"newAngle":180,"duration":2,"time":81.166664123535,"newWidth":70,"angle":180},{"type":"paddles","ease":"outElastic","paddle":0,"newAngle":0,"duration":2,"time":87,"newWidth":70,"angle":75},{"type":"setColor","g":232,"color":1,"ease":"inOutCirc","r":0,"duration":1,"time":98.5,"angle":270,"b":255},{"type":"setColor","g":255,"color":0,"ease":"inOutCirc","r":202,"duration":1,"time":98.5,"angle":255,"b":255},{"type":"setColor","g":255,"color":1,"ease":"inOutCirc","r":243,"duration":1,"time":102.5,"angle":90,"b":0},{"type":"setColor","g":127,"color":0,"ease":"inOutCirc","r":255,"duration":1,"time":102.5,"angle":105,"b":0},{"type":"setColor","g":44,"color":2,"ease":"inOutCirc","r":0,"duration":1,"time":98.5,"angle":285,"b":43},{"type":"setColor","g":0,"color":2,"ease":"inOutCirc","r":71,"duration":1,"time":102.5,"angle":75,"b":0},{"type":"setColor","g":0,"color":1,"ease":"inElastic","r":0,"duration":3,"time":106,"angle":90,"b":0},{"type":"setColor","g":0,"color":2,"ease":"inElastic","r":0,"duration":3,"time":106,"angle":75,"b":0},{"type":"setColor","g":0,"color":0,"ease":"inElastic","r":0,"duration":3,"time":106,"angle":105,"b":0},{"type":"setColor","g":190,"color":1,"ease":"inSine","r":246,"duration":1,"time":111,"angle":90,"b":255},{"type":"setColor","g":0,"color":2,"ease":"inSine","r":41,"duration":1,"time":111,"angle":75,"b":60},{"type":"setColor","g":0,"color":0,"ease":"inSine","r":214,"duration":1,"time":111,"angle":105,"b":174},{"newWidth":70,"angle":180,"ease":"outElastic","paddle":2,"newAngle":180,"duration":2,"time":305,"type":"paddles","enabled":true},{"type":"paddles","angle":60,"paddle":0,"newAngle":0,"duration":1.5000002384186,"time":310.75,"newWidth":70,"ease":"outElastic"},{"newWidth":70,"angle":247.5,"ease":"outElastic","newAngle":180,"duration":2,"time":413,"type":"paddles","paddle":2},{"newWidth":70,"angle":157.5,"ease":"linear","newAngle":0,"duration":0,"time":419.83334350586,"paddle":0,"type":"paddles"},{"time":435,"type":"showResults","angle":180},{"type":"setColor","g":0,"color":0,"ease":"inSine","r":0,"duration":2,"time":432.5,"angle":165,"b":0},{"type":"setColor","g":0,"color":2,"angle":195,"r":0,"duration":2,"time":432.5,"ease":"inSine","b":0},{"type":"setColor","g":0,"color":1,"angle":180,"r":0,"duration":2,"time":432.5,"ease":"inSine","b":0},{"r":255,"type":"setColor","angle":90,"color":1,"time":4.5,"g":255,"b":255},{"type":"setColor","g":255,"color":1,"angle":75,"r":0,"duration":0.33333331346512,"time":4.5833334922791,"ease":"inSine","b":180},{"angle":255,"type":"setColor","r":255,"color":1,"time":5,"g":255,"b":255},{"type":"setColor","g":250,"color":1,"ease":"inSine","r":1,"duration":0.33333334326744,"time":5.0833334922791,"angle":240,"b":250},{"r":255,"type":"setColor","angle":210,"color":0,"time":5,"g":255,"b":255},{"type":"setColor","g":119,"color":0,"angle":195,"r":0,"duration":0.33333334326744,"time":5.0833334922791,"ease":"inSine","b":166},{"angle":75,"type":"setColor","r":8,"color":2,"time":12.416666984558,"g":0,"b":255},{"type":"setColor","g":5,"color":2,"angle":90,"r":0,"duration":0.33333334326744,"time":12.5,"ease":"inSine","b":89},{"r":0,"type":"setColor","angle":75,"color":2,"time":13,"g":30,"b":255},{"type":"setColor","g":6,"color":2,"ease":"inSine","r":0,"duration":0.33333334326744,"time":13.083333015442,"angle":90,"b":61},{"type":"setColor","g":251,"r":255,"angle":90,"duration":2.5,"color":1,"time":19,"b":85},{"type":"setColor","g":191,"r":191,"angle":75,"duration":2.5,"color":0,"time":19,"b":0},{"type":"setColor","g":90,"r":91,"angle":105,"duration":2.5,"color":2,"time":19,"b":0},{"type":"setColor","g":0,"r":177,"angle":105,"duration":2.5,"color":0,"time":23,"b":109},{"type":"setColor","g":10,"r":255,"angle":120,"duration":2.5,"color":1,"time":23,"b":219},{"type":"setColor","g":0,"r":56,"angle":135,"duration":2.5,"color":2,"time":23,"b":47},{"type":"setColor","g":0,"color":0,"angle":285,"r":0,"duration":3,"time":186,"ease":"inOutElastic","b":0},{"type":"setColor","g":0,"color":1,"ease":"inOutElastic","r":0,"duration":3,"time":186,"angle":270,"b":0},{"type":"setColor","g":0,"color":2,"angle":255,"r":0,"duration":3,"time":186,"ease":"inOutElastic","b":0},{"type":"setColor","g":0,"color":0,"angle":75,"r":0,"duration":3,"time":330,"ease":"inOutElastic","b":0},{"type":"setColor","g":0,"color":1,"angle":90,"r":0,"duration":3,"time":330,"ease":"inOutElastic","b":0},{"type":"setColor","g":0,"color":2,"angle":105,"r":0,"duration":3,"time":330,"ease":"inOutElastic","b":0},{"type":"setColor","g":16,"r":255,"angle":75,"duration":1,"color":0,"time":335,"b":127},{"type":"setColor","g":181,"r":255,"angle":90,"duration":1,"color":1,"time":335,"b":209},{"type":"setColor","g":0,"r":39,"angle":105,"duration":1,"color":2,"time":335,"b":28},{"angle":15,"type":"setColor","r":255,"color":1,"time":340.5,"g":249,"b":249},{"type":"setColor","g":94,"r":198,"angle":30,"duration":0.33333334326744,"color":1,"time":340.58334350586,"b":255},{"type":"setColor","g":94,"r":198,"angle":255,"duration":0.33333334326744,"color":1,"time":341.08334350586,"b":255},{"angle":240,"type":"setColor","r":255,"color":1,"time":341,"g":255,"b":255},{"type":"setColor","g":0,"r":134,"angle":225,"duration":0.33333334326744,"color":0,"time":341.08334350586,"b":206},{"r":255,"type":"setColor","angle":210,"color":0,"time":341,"g":255,"b":255},{"r":204,"type":"setColor","angle":75,"color":2,"time":348.5,"g":0,"b":255},{"type":"setColor","g":0,"r":43,"angle":90,"duration":0.33333334326744,"color":2,"time":348.58334350586,"b":101},{"r":204,"type":"setColor","angle":75,"color":2,"time":349,"g":0,"b":255},{"type":"setColor","g":0,"r":43,"angle":90,"duration":0.33333334326744,"color":2,"time":349.08334350586,"b":101},{"type":"setColor","g":196,"r":12,"angle":255,"duration":2.5,"color":0,"time":355,"b":0},{"type":"setColor","g":255,"r":213,"angle":240,"duration":2.5,"color":1,"time":355,"b":146},{"type":"setColor","g":70,"r":27,"angle":225,"duration":2.5,"color":2,"time":355,"b":0},{"type":"setColor","g":145,"r":0,"angle":105,"duration":2.5,"color":0,"time":359,"b":145},{"type":"setColor","g":255,"r":144,"angle":120,"duration":2.5,"color":1,"time":359,"b":245},{"type":"setColor","g":60,"r":0,"angle":135,"duration":2.5,"color":2,"time":359,"b":70},{"type":"setColor","g":255,"r":255,"angle":15,"duration":0,"color":1,"time":372.5,"b":255},{"type":"setColor","g":21,"r":255,"angle":30,"duration":0.33333334326744,"color":1,"time":372.58334350586,"b":21},{"type":"setColor","g":255,"r":255,"angle":255,"duration":0,"color":0,"time":373,"b":255},{"type":"setColor","g":255,"r":255,"angle":225,"duration":0,"color":1,"time":373,"b":255},{"type":"setColor","g":0,"r":119,"angle":240,"duration":0.33333334326744,"color":0,"time":373.08334350586,"b":0},{"type":"setColor","g":0,"r":255,"angle":210,"duration":0.33333334326744,"color":1,"time":373.08334350586,"b":0},{"angle":75,"type":"setColor","r":172,"color":2,"time":380.5,"g":80,"b":80},{"type":"setColor","g":80,"r":172,"angle":75,"duration":0,"color":2,"time":381,"b":80},{"type":"setColor","g":0,"r":54,"angle":90,"duration":0.33333334326744,"color":2,"time":380.58334350586,"b":0},{"type":"setColor","g":0,"r":54,"angle":90,"duration":0.33300000429153,"color":2,"time":381.08334350586,"b":0},{"type":"setColor","g":55,"r":36,"angle":255,"duration":2.5,"color":0,"time":387,"b":162},{"type":"setColor","g":126,"r":111,"angle":240,"duration":2.5,"color":1,"time":387,"b":255},{"type":"setColor","g":41,"r":35,"angle":225,"duration":2.5,"color":2,"time":387,"b":110},{"type":"setColor","g":0,"r":136,"angle":105,"duration":2.5,"color":0,"time":391,"b":145},{"type":"setColor","g":0,"r":255,"angle":120,"duration":2.5,"color":1,"time":391,"b":255},{"type":"setColor","g":0,"r":46,"angle":135,"duration":2.5,"color":2,"time":391,"b":43},{"type":"setColor","g":0,"r":159,"angle":60,"duration":1,"color":0,"time":191,"b":177},{"type":"setColor","g":162,"r":255,"angle":90,"duration":1,"color":1,"time":191,"b":255},{"type":"setColor","g":21,"r":58,"angle":120,"duration":1,"color":2,"time":191,"b":63},{"angle":30,"type":"setColor","r":255,"color":1,"time":196.5,"g":255,"b":255},{"type":"setColor","g":255,"r":105,"angle":45,"duration":0.33333334326744,"color":1,"time":196.58332824707,"b":105},{"type":"setColor","g":255,"r":255,"angle":255,"duration":0,"color":0,"time":197,"b":255},{"type":"setColor","g":255,"r":255,"angle":210,"duration":0,"color":1,"time":197,"b":255},{"type":"setColor","g":169,"r":0,"angle":240,"duration":0.33333334326744,"color":0,"time":197.08332824707,"b":40},{"type":"setColor","g":255,"r":105,"angle":195,"duration":0.33333334326744,"color":1,"time":197.08332824707,"b":105},{"angle":75,"type":"setColor","r":0,"color":2,"time":204.5,"g":187,"b":135},{"type":"setColor","g":187,"r":0,"angle":75,"duration":0,"color":2,"time":205,"b":135},{"type":"setColor","g":81,"r":0,"angle":90,"duration":0.33333334326744,"color":2,"time":204.58332824707,"b":55},{"type":"setColor","g":81,"r":0,"angle":90,"duration":0.33333334326744,"color":2,"time":205.08332824707,"b":55},{"type":"setColor","g":37,"r":23,"angle":255,"duration":2.5,"color":0,"time":211,"b":171},{"type":"setColor","g":178,"r":136,"angle":240,"duration":2.5,"color":1,"time":211,"b":255},{"type":"setColor","g":14,"r":26,"angle":225,"duration":2.5,"color":2,"time":211,"b":79},{"type":"setColor","g":140,"r":251,"angle":105,"duration":2.5,"color":0,"time":215,"b":0},{"type":"setColor","g":210,"r":255,"angle":120,"duration":2.5,"color":1,"time":215,"b":142},{"type":"setColor","g":52,"r":109,"angle":135,"duration":2.5,"color":2,"time":215,"b":0},{"type":"setColor","g":255,"r":255,"angle":15,"duration":0,"color":1,"time":116.5,"b":255},{"type":"setColor","g":255,"r":229,"angle":30,"duration":0.33333334326744,"color":1,"time":116.58333587646,"b":59},{"type":"setColor","g":255,"r":255,"angle":255,"duration":0,"color":0,"time":117,"b":255},{"type":"setColor","g":255,"r":255,"angle":225,"duration":0,"color":1,"time":117,"b":255},{"type":"setColor","g":221,"r":124,"angle":210,"duration":0.33333334326744,"color":0,"time":117.08333587646,"b":0},{"type":"setColor","g":175,"r":150,"angle":240,"duration":0.33333334326744,"color":0,"time":117.08333587646,"b":0},{"type":"setColor","g":152,"r":125,"angle":75,"duration":0,"color":2,"time":124.5,"b":0},{"type":"setColor","g":152,"r":125,"angle":75,"duration":0,"color":2,"time":125,"b":0},{"type":"setColor","g":34,"r":29,"angle":90,"duration":0.33333334326744,"color":2,"time":124.58333587646,"b":0},{"type":"setColor","g":34,"r":29,"angle":90,"duration":0.33333334326744,"color":2,"time":125.08333587646,"b":0},{"type":"setColor","g":0,"r":252,"angle":255,"duration":2.5,"color":0,"time":131,"b":0},{"type":"setColor","g":189,"r":255,"angle":240,"duration":2.5,"color":1,"time":131,"b":189},{"type":"setColor","g":0,"r":70,"angle":225,"duration":2.5,"color":2,"time":131,"b":0},{"type":"setColor","g":0,"r":135,"angle":105,"duration":2.5,"color":0,"time":135,"b":240},{"type":"setColor","g":0,"r":20,"angle":135,"duration":2.5,"color":2,"time":135,"b":50},{"type":"setColor","g":136,"r":203,"angle":120,"duration":2.5,"color":1,"time":135,"b":255},{"type":"setColor","g":255,"r":255,"angle":15,"duration":0,"color":1,"time":228.5,"b":255},{"type":"setColor","g":249,"r":255,"angle":30,"duration":0.33333334326744,"color":1,"time":228.58332824707,"b":139},{"type":"setColor","g":252,"r":252,"angle":255,"duration":0,"color":0,"time":229,"b":252},{"type":"setColor","g":255,"r":255,"angle":225,"duration":0,"color":1,"time":229,"b":255},{"type":"setColor","g":174,"r":186,"angle":240,"duration":0.33333334326744,"color":0,"time":229.08332824707,"b":0},{"type":"setColor","g":249,"r":255,"angle":210,"duration":0.33333334326744,"color":1,"time":229.08332824707,"b":139},{"type":"setColor","g":173,"r":177,"angle":75,"duration":0,"color":2,"time":236.5,"b":23},{"type":"setColor","g":56,"r":56,"angle":90,"duration":0.33333334326744,"color":2,"time":236.58332824707,"b":5},{"type":"setColor","g":173,"r":177,"angle":75,"duration":0,"color":2,"time":237,"b":23},{"type":"setColor","g":56,"r":56,"angle":90,"duration":0.33333334326744,"color":2,"time":237.08332824707,"b":5},{"type":"setColor","g":0,"r":255,"angle":255,"duration":2.5,"color":0,"time":243,"b":0},{"type":"setColor","g":182,"r":255,"angle":240,"duration":2.5,"color":1,"time":243,"b":182},{"type":"setColor","g":0,"r":44,"angle":225,"duration":2.5,"color":2,"time":243,"b":0},{"type":"setColor","g":181,"r":21,"angle":105,"duration":2.5,"color":0,"time":247,"b":0},{"type":"setColor","g":255,"r":89,"angle":120,"duration":2.5,"color":1,"time":247,"b":164},{"type":"setColor","g":38,"r":3,"angle":135,"duration":2.5,"color":2,"time":247,"b":0},{"type":"setColor","g":0,"angle":315,"r":255,"duration":1,"time":27.5,"color":1,"b":0},{"type":"setColor","g":10,"angle":315,"r":255,"duration":0.5,"time":33.5,"color":1,"b":219},{"type":"setColor","g":255,"angle":315,"r":255,"duration":1,"color":1,"time":28.5,"b":0},{"type":"setColor","g":255,"angle":315,"r":0,"duration":1,"time":29.5,"color":1,"b":60},{"type":"setColor","g":60,"angle":315,"r":0,"duration":1,"time":30.5,"color":1,"b":255},{"type":"setColor","g":0,"angle":315,"r":143,"duration":1,"time":31.5,"color":1,"b":255},{"type":"setColor","g":0,"angle":315,"r":255,"duration":1,"color":1,"time":32.5,"b":240},{"type":"setColor","g":255,"angle":225,"r":255,"duration":0,"color":0,"time":45,"b":255},{"type":"setColor","g":0,"angle":202.5,"r":177,"duration":0.33333334326744,"color":0,"time":45.083332061768,"b":109},{"type":"setColor","g":255,"angle":337.5,"r":255,"duration":0,"time":51.666667938232,"color":0,"b":255},{"type":"setColor","g":0,"angle":315,"r":177,"duration":0.5,"color":0,"time":51.75,"b":109},{"type":"setColor","g":255,"angle":157.5,"r":255,"duration":0,"color":0,"time":81.166664123535,"b":255},{"type":"setColor","g":0,"angle":135,"r":177,"duration":0.5,"time":81.25,"color":0,"b":109},{"type":"setColor","g":255,"angle":67.5,"r":255,"duration":0,"time":87,"color":0,"b":255},{"type":"setColor","g":0,"angle":45,"r":177,"duration":0.5,"time":87.083335876465,"color":0,"b":109},{"type":"setColor","g":255,"angle":315,"r":255,"duration":0,"color":1,"time":64.25,"b":255},{"type":"setColor","g":10,"angle":337.5,"r":255,"duration":0.5,"color":1,"time":64.333335876465,"b":219},{"type":"setColor","g":255,"angle":22.5,"r":255,"duration":0,"time":67.25,"color":1,"b":255},{"type":"setColor","g":10,"angle":45,"r":255,"duration":0.5,"time":67.333335876465,"color":1,"b":219},{"type":"setColor","g":255,"angle":270,"r":255,"duration":0,"color":1,"time":74.166664123535,"b":255},{"type":"setColor","g":10,"angle":292.5,"r":255,"duration":0.5,"time":74.25,"color":1,"b":219},{"type":"setColor","g":255,"angle":90,"r":255,"duration":0,"color":1,"time":78.666664123535,"b":255},{"type":"setColor","g":10,"angle":67.5,"r":255,"duration":0.5,"color":1,"time":78.75,"b":219},{"angle":67.5,"type":"setColor","r":255,"time":82.333335876465,"color":1,"g":255,"b":255},{"type":"setColor","g":10,"angle":45,"r":255,"duration":0.5,"time":82.416664123535,"color":1,"b":219},{"angle":135,"type":"setColor","r":255,"color":1,"g":255,"time":86.5,"b":255},{"type":"setColor","g":10,"angle":157.5,"r":255,"duration":0.5,"color":1,"time":86.583335876465,"b":219},{"r":255,"type":"setColor","angle":315,"color":1,"time":90.5,"g":255,"b":255},{"type":"setColor","g":10,"angle":337.5,"r":255,"duration":0.5,"time":90.583335876465,"color":1,"b":219},{"angle":22.5,"type":"setColor","r":255,"time":94.5,"color":1,"g":255,"b":255},{"type":"setColor","g":10,"angle":45,"r":255,"duration":0.5,"time":94.583335876465,"color":1,"b":219},{"angle":360,"type":"setColor","r":41,"g":0,"color":2,"time":147,"b":95},{"angle":45,"type":"setColor","r":41,"g":0,"time":147.83332824707,"color":2,"b":95},{"angle":90,"type":"setColor","r":41,"g":0,"color":2,"time":148.5,"b":95},{"angle":135,"type":"setColor","r":41,"g":0,"color":2,"time":149,"b":95},{"angle":270,"type":"setColor","r":41,"color":2,"time":151,"g":0,"b":95},{"angle":247.5,"type":"setColor","r":41,"g":0,"color":2,"time":151.83332824707,"b":95},{"angle":180,"type":"setColor","r":41,"g":0,"time":152.5,"color":2,"b":95},{"angle":135,"type":"setColor","r":41,"g":0,"color":2,"time":153,"b":95},{"angle":22.5,"type":"setColor","r":41,"color":2,"time":155,"g":0,"b":95},{"angle":45,"type":"setColor","r":41,"g":0,"color":2,"time":155.83332824707,"b":95},{"angle":90,"type":"setColor","r":41,"color":2,"time":156.5,"g":0,"b":95},{"angle":135,"type":"setColor","r":41,"time":157,"color":2,"g":0,"b":95},{"angle":315,"type":"setColor","r":41,"color":2,"time":159,"g":0,"b":95},{"angle":270,"type":"setColor","r":41,"time":159.83332824707,"g":0,"color":2,"b":95},{"angle":247.5,"type":"setColor","r":41,"time":160.5,"g":0,"color":2,"b":95},{"angle":225,"type":"setColor","r":41,"time":161,"g":0,"color":2,"b":95},{"type":"setColor","g":0,"angle":22.5,"r":20,"duration":0.5,"time":147.08332824707,"color":2,"b":50},{"type":"setColor","g":0,"angle":67.5,"r":20,"duration":0.5,"color":2,"time":147.91667175293,"b":50},{"type":"setColor","g":0,"angle":112.5,"r":20,"duration":0.5,"time":148.58332824707,"color":2,"b":50},{"type":"setColor","g":0,"angle":157.5,"r":20,"duration":0.5,"time":149.08332824707,"color":2,"b":50},{"type":"setColor","g":0,"angle":247.5,"r":20,"duration":0.5,"color":2,"time":151.08332824707,"b":50},{"type":"setColor","g":0,"angle":225,"r":20,"duration":0.5,"color":2,"time":151.91667175293,"b":50},{"type":"setColor","g":0,"angle":157.5,"r":20,"duration":0.5,"color":2,"time":152.58332824707,"b":50},{"type":"setColor","g":0,"angle":112.5,"r":20,"duration":0.5,"color":2,"time":153.08332824707,"b":50},{"type":"setColor","g":0,"angle":45,"r":20,"duration":0.5,"time":155.08332824707,"color":2,"b":50},{"type":"setColor","g":0,"angle":67.5,"r":20,"duration":0.5,"color":2,"time":155.91667175293,"b":50},{"type":"setColor","g":0,"angle":112.5,"r":20,"duration":0.5,"time":156.58332824707,"color":2,"b":50},{"type":"setColor","g":0,"angle":157.5,"r":20,"duration":0.5,"time":157.08332824707,"color":2,"b":50},{"type":"setColor","g":0,"angle":337.5,"r":20,"duration":0.5,"time":159.08332824707,"color":2,"b":50},{"type":"setColor","g":0,"angle":292.5,"r":20,"duration":0.5,"color":2,"time":159.91667175293,"b":50},{"type":"setColor","g":0,"angle":270,"r":20,"duration":0.5,"color":2,"time":160.58332824707,"b":50},{"type":"setColor","g":0,"angle":247.5,"r":20,"duration":0.5,"color":2,"time":161.08332824707,"b":50},{"type":"setColor","g":0,"angle":180,"r":41,"duration":0.5,"color":2,"time":164.5,"b":95},{"type":"setColor","g":0,"angle":180,"r":41,"duration":0.5,"time":165.5,"color":2,"b":95},{"type":"setColor","g":0,"angle":360,"r":41,"duration":0.5,"color":2,"time":168,"b":95},{"type":"setColor","g":0,"angle":0,"r":41,"duration":0.5,"color":2,"time":169,"b":95},{"type":"setColor","g":0,"angle":180,"r":20,"duration":0.5,"time":165,"color":2,"b":50},{"type":"setColor","g":0,"angle":180,"r":20,"duration":0.5,"time":166,"color":2,"b":50},{"type":"setColor","g":0,"angle":0,"r":20,"duration":0.5,"time":168.5,"color":2,"b":50},{"type":"setColor","g":0,"angle":0,"r":20,"duration":0.5,"color":2,"time":169.5,"b":50},{"type":"setColor","g":0,"angle":180,"r":41,"duration":0.5,"time":172,"color":2,"b":95},{"type":"setColor","g":0,"angle":180,"r":41,"duration":0.5,"color":2,"time":173,"b":95},{"type":"setColor","g":0,"angle":180,"r":20,"duration":0.5,"color":2,"time":172.5,"b":50},{"type":"setColor","g":0,"angle":180,"r":20,"duration":0.5,"time":173.5,"color":2,"b":50},{"type":"setColor","g":232,"time":177.5,"angle":270,"ease":"inOutCirc","duration":1,"color":1,"r":0,"b":255},{"type":"setColor","g":255,"ease":"inOutCirc","angle":300,"color":0,"duration":1,"time":177.5,"r":202,"b":255},{"type":"setColor","g":44,"time":177.5,"angle":240,"ease":"inOutCirc","duration":1,"color":2,"r":0,"b":43},{"type":"setColor","g":127,"ease":"inOutCirc","angle":60,"color":0,"duration":1,"time":182.5,"r":255,"b":0},{"type":"setColor","g":255,"ease":"inOutCirc","angle":90,"time":182.5,"duration":1,"color":1,"r":243,"b":0},{"type":"setColor","g":0,"ease":"inOutCirc","angle":120,"color":2,"duration":1,"time":182.5,"r":71,"b":0},{"type":"setColor","g":0,"angle":315,"r":255,"duration":1,"time":139.5,"color":1,"b":0},{"type":"setColor","g":255,"angle":315,"r":255,"duration":1,"color":1,"time":140.5,"b":0},{"type":"setColor","g":255,"angle":315,"r":0,"duration":1,"time":141.5,"color":1,"b":60},{"type":"setColor","g":60,"angle":315,"r":0,"duration":1,"time":142.5,"color":1,"b":255},{"type":"setColor","g":0,"angle":315,"r":143,"duration":1,"time":143.5,"color":1,"b":255},{"type":"setColor","g":0,"angle":315,"r":255,"duration":1,"color":1,"time":144.5,"b":240},{"type":"setColor","g":136,"angle":315,"r":203,"duration":1,"color":1,"time":145.5,"b":255},{"type":"setColor","g":0,"angle":315,"r":255,"duration":1,"color":1,"time":251.5,"b":0},{"type":"setColor","g":255,"angle":315,"r":255,"duration":1,"time":252.5,"color":1,"b":0},{"type":"setColor","g":255,"angle":315,"r":0,"duration":1,"time":253.5,"color":1,"b":60},{"type":"setColor","g":60,"angle":315,"r":0,"duration":1,"color":1,"time":254.5,"b":255},{"type":"setColor","g":0,"angle":315,"r":143,"duration":1,"time":255.5,"color":1,"b":255},{"type":"setColor","g":0,"angle":315,"r":255,"duration":1,"time":256.5,"color":1,"b":240},{"type":"setColor","g":255,"angle":210,"r":255,"duration":0,"time":257.5,"color":1,"b":255},{"type":"setColor","g":255,"angle":225,"r":89,"duration":0.33333334326744,"time":257.58334350586,"color":1,"b":164},{"angle":120,"type":"setColor","r":255,"time":258,"color":1,"g":255,"b":255},{"type":"setColor","g":255,"angle":135,"r":89,"duration":0.33333334326744,"color":1,"time":258.08334350586,"b":164},{"type":"setColor","g":255,"angle":30,"r":255,"duration":0,"color":1,"time":258.5,"b":255},{"type":"setColor","g":255,"angle":45,"r":89,"duration":0.33333334326744,"color":1,"time":258.58334350586,"b":164},{"type":"setColor","g":255,"angle":15,"r":255,"duration":0.33333334326744,"time":263,"color":1,"b":255},{"type":"setColor","g":255,"angle":30,"r":89,"duration":0.33333334326744,"time":263.08334350586,"color":1,"b":164},{"type":"setColor","g":255,"angle":15,"r":255,"duration":0,"time":271,"color":1,"b":255},{"type":"setColor","g":255,"angle":30,"r":89,"duration":0.33333334326744,"time":271.08334350586,"color":1,"b":164},{"type":"setColor","g":255,"angle":285,"r":255,"duration":0,"color":1,"time":273,"b":255},{"type":"setColor","g":255,"angle":300,"r":89,"duration":0.33333334326744,"color":1,"time":273.08334350586,"b":164},{"angle":15,"type":"setColor","r":255,"color":1,"g":255,"time":279,"b":255},{"type":"setColor","g":255,"angle":30,"r":89,"duration":0.33333334326744,"color":1,"time":279.08334350586,"b":164},{"angle":300,"type":"setColor","r":255,"g":255,"color":1,"time":289.5,"b":255},{"angle":300,"type":"setColor","r":255,"color":1,"time":290,"g":255,"b":255},{"angle":300,"type":"setColor","r":255,"color":1,"g":255,"time":290.5,"b":255},{"type":"setColor","g":255,"angle":315,"r":89,"duration":0.33333334326744,"time":289.58334350586,"color":1,"b":164},{"type":"setColor","g":255,"angle":315,"r":89,"duration":0.33333334326744,"color":1,"time":290.08334350586,"b":164},{"type":"setColor","g":255,"angle":315,"r":89,"duration":0.33333334326744,"time":290.58334350586,"color":1,"b":164},{"angle":30,"type":"setColor","r":255,"time":291.16665649414,"color":1,"g":255,"b":255},{"type":"setColor","g":255,"angle":45,"r":89,"duration":0.33333334326744,"time":291.25,"color":1,"b":164},{"angle":330,"type":"setColor","r":6,"color":2,"time":259.5,"g":103,"b":0},{"angle":15,"type":"setColor","r":6,"color":2,"g":103,"time":262.5,"b":0},{"angle":30,"type":"setColor","r":6,"color":2,"time":263.5,"g":103,"b":0},{"type":"setColor","g":103,"angle":330,"r":6,"duration":0,"time":266.5,"color":2,"b":0},{"angle":330,"type":"setColor","r":6,"time":267.5,"g":103,"color":2,"b":0},{"angle":15,"type":"setColor","r":6,"time":270.5,"color":2,"g":103,"b":0},{"angle":75,"type":"setColor","r":6,"time":271.66665649414,"color":2,"g":103,"b":0},{"angle":255,"type":"setColor","r":6,"g":103,"color":2,"time":273.5,"b":0},{"angle":330,"type":"setColor","r":6,"color":2,"g":103,"time":275.5,"b":0},{"angle":30,"type":"setColor","r":6,"time":279.5,"color":2,"g":103,"b":0},{"angle":330,"type":"setColor","r":6,"g":103,"color":2,"time":283.5,"b":0},{"angle":105,"type":"setColor","r":6,"g":103,"time":287.66665649414,"color":2,"b":0},{"angle":360,"type":"setColor","r":6,"time":289.58334350586,"color":2,"g":103,"b":0},{"type":"setColor","g":38,"angle":15,"r":3,"duration":0.33333334326744,"color":2,"time":289.66665649414,"b":0},{"type":"setColor","g":38,"angle":120,"r":3,"duration":0.33333334326744,"time":287.75,"color":2,"b":0},{"type":"setColor","g":38,"angle":315,"r":3,"duration":0.99999988079071,"color":2,"time":259.58334350586,"b":0},{"type":"setColor","g":38,"angle":30,"r":3,"duration":0.33333343267441,"color":2,"time":262.58334350586,"b":0},{"type":"setColor","g":38,"angle":45,"r":3,"duration":1,"color":2,"time":263.58334350586,"b":0},{"type":"setColor","g":38,"angle":315,"r":3,"duration":0.33333334326744,"time":266.58334350586,"color":2,"b":0},{"type":"setColor","g":38,"angle":315,"r":3,"duration":1,"color":2,"time":267.58334350586,"b":0},{"type":"setColor","g":38,"angle":30,"r":3,"duration":0.33333334326744,"color":2,"time":270.58334350586,"b":0},{"type":"setColor","g":38,"angle":60,"r":3,"duration":0.5,"color":2,"time":271.75,"b":0},{"type":"setColor","g":38,"angle":240,"r":3,"duration":0.5,"time":273.58334350586,"color":2,"b":0},{"type":"setColor","g":38,"angle":315,"r":3,"duration":1,"time":275.58334350586,"color":2,"b":0},{"type":"setColor","g":38,"angle":30,"r":3,"duration":0.33333334326744,"color":2,"time":278.58334350586,"b":0},{"type":"setColor","g":38,"angle":45,"r":3,"duration":1,"color":2,"time":279.58334350586,"b":0},{"type":"setColor","g":38,"angle":315,"r":3,"duration":0.33333334326744,"time":282.58334350586,"color":2,"b":0},{"type":"setColor","g":38,"angle":315,"r":3,"duration":1,"color":2,"time":283.58334350586,"b":0},{"type":"setColor","g":38,"angle":30,"r":3,"duration":0.33333334326744,"color":2,"time":286.58334350586,"b":0},{"type":"setColor","g":103,"angle":15,"r":6,"duration":0,"time":286.5,"color":2,"b":0},{"angle":330,"type":"setColor","r":6,"color":2,"g":103,"time":282.5,"b":0},{"type":"setColor","g":103,"angle":15,"r":6,"duration":0,"time":278.5,"color":2,"b":0},{"type":"setColor","g":0,"angle":315,"r":255,"duration":1,"time":218.5,"color":1,"b":0},{"type":"setColor","g":255,"angle":315,"r":255,"duration":1,"time":219.5,"color":1,"b":0},{"type":"setColor","g":255,"angle":315,"r":0,"duration":1,"color":1,"time":220.5,"b":60},{"type":"setColor","g":60,"angle":315,"r":0,"duration":1,"color":1,"time":221.5,"b":255},{"type":"setColor","g":0,"angle":315,"r":143,"duration":1,"time":222.5,"color":1,"b":255},{"type":"setColor","g":0,"angle":315,"r":255,"duration":1,"color":1,"time":223.5,"b":240},{"type":"setColor","g":225,"angle":315,"r":255,"duration":1,"time":224.5,"color":1,"b":172},{"type":"setColor","g":44,"ease":"inOutCirc","angle":240,"r":0,"duration":1,"time":322.5,"color":2,"b":43},{"type":"setColor","g":232,"ease":"inOutCirc","angle":270,"color":1,"duration":1,"time":322.5,"r":0,"b":255},{"type":"setColor","g":255,"ease":"inOutCirc","angle":300,"time":322.5,"duration":1,"color":0,"r":202,"b":255},{"type":"setColor","g":0,"r":71,"angle":120,"ease":"inOutCirc","duration":1,"time":326.5,"color":2,"b":0},{"type":"setColor","g":255,"r":243,"angle":90,"ease":"inOutCirc","duration":1,"time":326.5,"color":1,"b":0},{"type":"setColor","g":127,"ease":"inOutCirc","angle":60,"color":0,"duration":1,"time":326.5,"r":255,"b":0},{"type":"setColor","g":0,"angle":315,"r":255,"duration":1,"time":363.5,"color":1,"b":0},{"type":"setColor","g":255,"angle":315,"r":255,"duration":1,"time":364.5,"color":1,"b":0},{"type":"setColor","g":255,"angle":315,"r":0,"duration":1,"color":1,"time":365.5,"b":60},{"type":"setColor","g":60,"angle":315,"r":0,"duration":1,"time":366.5,"color":1,"b":255},{"type":"setColor","g":0,"angle":315,"r":143,"duration":1,"color":1,"time":367.5,"b":255},{"type":"setColor","g":0,"angle":315,"r":255,"duration":1,"color":1,"time":368.5,"b":240},{"type":"setColor","g":247,"angle":315,"r":119,"duration":0.5,"color":1,"time":369.5,"b":255},{"type":"setColor","g":0,"angle":315,"r":255,"duration":1,"color":1,"time":395.5,"b":0},{"type":"setColor","g":255,"angle":315,"r":255,"duration":1,"color":1,"time":396.5,"b":0},{"type":"setColor","g":255,"angle":315,"r":0,"duration":1,"color":1,"time":397.5,"b":60},{"type":"setColor","g":60,"angle":315,"r":0,"duration":1,"time":398.5,"color":1,"b":255},{"type":"setColor","g":0,"angle":315,"r":143,"duration":1,"color":1,"time":399.5,"b":255},{"type":"setColor","g":0,"angle":315,"r":255,"duration":1,"time":400.5,"color":1,"b":240},{"type":"setColor","g":0,"angle":315,"r":255,"duration":0.5,"time":401.5,"color":1,"b":255},{"r":167,"type":"setColor","angle":240,"time":432.41665649414,"color":0,"g":54,"b":255},{"angle":225,"type":"setColor","r":255,"g":255,"color":1,"time":432.41665649414,"b":255},{"angle":210,"type":"setColor","r":190,"color":2,"g":0,"time":432.41665649414,"b":255},{"angle":225,"type":"setColor","r":255,"color":0,"g":255,"time":413,"b":255},{"type":"setColor","g":0,"angle":210,"r":136,"duration":0.33333334326744,"color":0,"time":413.08334350586,"b":145},{"angle":135,"type":"setColor","r":255,"time":419.83334350586,"g":255,"color":0,"b":255},{"type":"setColor","g":0,"angle":120,"r":136,"duration":0.33333334326744,"time":419.91665649414,"color":0,"b":145},{"angle":285,"type":"setColor","r":255,"time":298.33334350586,"g":255,"color":1,"b":255},{"type":"setColor","g":255,"angle":300,"r":89,"duration":0.33333334326744,"time":298.41665649414,"color":1,"b":164},{"angle":90,"type":"setColor","r":255,"g":255,"time":302.5,"color":1,"b":255},{"type":"setColor","g":255,"angle":75,"r":89,"duration":0.33333334326744,"color":1,"time":302.58334350586,"b":164},{"type":"setColor","g":255,"angle":180,"r":255,"duration":0,"color":1,"time":306.33334350586,"b":255},{"type":"setColor","g":255,"angle":195,"r":89,"duration":0.33333334326744,"time":306.41665649414,"color":1,"b":164},{"r":255,"type":"setColor","angle":30,"color":1,"time":310.5,"g":255,"b":255},{"type":"setColor","g":255,"angle":45,"r":89,"duration":0.33333334326744,"color":1,"time":310.58334350586,"b":164},{"angle":75,"type":"setColor","r":255,"color":0,"g":255,"time":311,"b":255},{"type":"setColor","g":181,"angle":90,"r":21,"duration":0.5,"color":0,"time":311.08334350586,"b":0},{"angle":270,"type":"setColor","r":255,"time":314.5,"color":1,"g":255,"b":255},{"type":"setColor","g":255,"angle":285,"r":89,"duration":0.33333334326744,"time":314.58334350586,"color":1,"b":164},{"angle":300,"type":"setColor","r":255,"color":1,"g":255,"time":318.5,"b":255},{"type":"setColor","g":255,"angle":285,"r":89,"duration":0.33333334326744,"time":318.58334350586,"color":1,"b":164},{"angle":195,"type":"setColor","r":255,"color":0,"time":305,"g":255,"b":255},{"type":"setColor","g":181,"angle":210,"r":21,"duration":0.5,"color":0,"time":305.08334350586,"b":0}],"properties":{"startBeat":0,"speed":70,"formatversion":12,"offset":8},"metadata":{"songName":"Lovumba","artistLink":"","bg":true,"artist":"Daddy Yankee","bgData":{"yellowChannel":{"r":255,"g":255,"b":0},"magentaChannel":{"r":255,"g":0,"b":255},"cyanChannel":{"r":0,"g":255,"b":255},"image":"eleditoresunamierda.png","redChannel":{"r":255,"g":0,"b":0},"blueChannel":{"r":0,"g":0,"b":255},"greenChannel":{"r":0,"g":255,"b":0}},"description":"Tu eres hielo, yo soy fuego, vamo' a ver quien se va a quemar~","difficulty":8,"charter":"Brihamsio"}}