{"properties":{"formatversion":13,"speed":70,"offset":8},"metadata":{"artist":"Beemed","description":"I made the song (and the level)","charter":"Beemed","bg":true,"bgData":{"yellowChannel":{"r":255,"g":255,"b":0},"magentaChannel":{"r":255,"g":0,"b":255},"cyanChannel":{"r":0,"g":255,"b":255},"image":"madeus.png","redChannel":{"r":255,"g":0,"b":0},"blueChannel":{"r":0,"g":0,"b":255},"greenChannel":{"r":0,"g":255,"b":0}},"difficulty":8,"artistLink":"https://soundcloud.com/012_09","songName":"In gods grasp"},"events":[{"angle":180,"file":"In gods grasp.wav","volume":1,"type":"play","time":0,"bpm":173},{"angle":270,"ease":"inQuad","type":"paddles","paddle":1,"duration":0.5,"newWidth":1,"time":46},{"angle":270,"ease":"inBack","type":"paddles","paddle":1,"duration":0,"newWidth":70,"time":47.75},{"angle":22.5,"ease":"linear","type":"paddles","paddle":1,"duration":0,"newWidth":50,"time":165},{"angle":360,"ease":"linear","type":"paddles","paddle":1,"duration":0,"newWidth":70,"time":167.75},{"ease":"linear","newAngle":90,"enabled":true,"newWidth":50,"angle":315,"paddle":4,"duration":0,"time":320,"type":"paddles"},{"ease":"linear","newAngle":180,"enabled":true,"newWidth":50,"angle":45,"paddle":2,"duration":0,"time":320,"type":"paddles"},{"ease":"linear","newAngle":-90,"enabled":true,"newWidth":50,"angle":135,"paddle":3,"duration":0,"time":320,"type":"paddles"},{"ease":"linear","newAngle":0,"enabled":true,"newWidth":70,"angle":135,"paddle":1,"duration":0,"time":351,"type":"paddles"},{"ease":"linear","type":"paddles","newWidth":70,"angle":67.5,"paddle":2,"duration":0,"time":351,"newAngle":0},{"ease":"linear","type":"paddles","newWidth":70,"angle":337.5,"paddle":3,"duration":0,"time":351,"newAngle":0},{"ease":"linear","type":"paddles","newWidth":70,"angle":247.5,"paddle":4,"duration":0,"time":351,"newAngle":0},{"ease":"linear","type":"paddles","time":380.75,"enabled":false,"order":5,"paddle":1,"duration":4.5,"angle":45,"newWidth":40},{"ease":"linear","type":"paddles","newAngle":90,"newWidth":70,"angle":112.5,"paddle":1,"duration":0,"enabled":true,"time":448},{"ease":"linear","type":"paddles","newAngle":0,"newWidth":70,"angle":22.5,"paddle":2,"duration":0,"enabled":true,"time":448},{"angle":180,"time":614,"type":"showResults"},{"angle":270,"color":7,"time":0,"chance":0,"type":"noise"},{"angle":270,"type":"noise","time":0.75,"chance":0.099999986588955,"color":3},{"angle":270,"type":"noise","time":1.5,"chance":0,"color":0},{"angle":202.5,"type":"noise","time":9.5,"chance":0,"color":0},{"angle":247.5,"type":"noise","time":16.75,"chance":0.099999986588955,"color":3},{"angle":247.5,"type":"noise","time":17.5,"chance":0,"color":0},{"angle":202.5,"type":"noise","time":8.75,"chance":0.099999986588955,"color":3},{"angle":112.5,"type":"noise","time":24.75,"chance":0.099999986588955,"color":3},{"angle":112.5,"type":"noise","time":25.5,"chance":0,"color":0},{"angle":225,"type":"noise","time":32,"chance":0.29999998211861,"color":3},{"angle":157.5,"type":"noise","time":40,"chance":0.20000001788139,"color":2},{"angle":225,"type":"noise","time":48,"chance":0.099999986588955,"color":2},{"angle":112.5,"type":"noise","time":56,"chance":0.049999997019768,"color":2},{"angle":135,"type":"noise","time":60.5,"chance":0.0099999997764826,"color":1},{"angle":202.5,"type":"noise","time":64,"chance":0.099999986588955,"color":2},{"angle":22.5,"type":"noise","time":72,"chance":0.11999998241663,"color":3},{"angle":270,"type":"noise","time":80,"chance":0.07999999076128,"color":3},{"angle":90,"type":"noise","time":88,"chance":0.0099999997764826,"color":2},{"angle":292.5,"type":"noise","time":96,"chance":0.0099999997764826,"color":1},{"angle":315,"type":"noise","time":96.25,"chance":0,"color":0},{"angle":337.5,"type":"setBgColor","time":160,"voidColor":2,"color":2},{"angle":67.5,"enable":true,"type":"hom","time":456},{"angle":112.5,"color":0,"time":456.5,"type":"noise","chance":0.5},{"order":1,"type":"setColor","time":456,"duration":8,"angle":135,"g":0,"r":255,"color":0,"b":0},{"type":"setColor","time":463,"r":255,"angle":135,"color":0,"duration":1,"g":255,"b":255},{"type":"setColor","time":464,"r":255,"angle":247.5,"color":0,"duration":8,"g":0,"b":0},{"type":"setColor","time":471,"r":255,"angle":90,"color":0,"duration":1,"g":255,"b":255},{"type":"setColor","time":472,"r":30,"angle":67.5,"g":30,"duration":8,"color":0,"b":30},{"type":"setColor","time":480,"duration":0,"angle":315,"color":0,"r":255,"g":255,"b":255},{"angle":180,"enable":false,"type":"hom","time":480},{"angle":157.5,"color":0,"time":480,"type":"noise","chance":0},{"angle":112.5,"ease":"linear","type":"paddles","paddle":0,"duration":0,"time":512,"enabled":false},{"angle":45,"spriteName":"mateus2.png","type":"forcePlayerSprite","time":512}]}