[{"angle":135,"type":"block","time":21},{"angle":30,"type":"block","time":22},{"angle":90,"type":"block","time":23},{"angle":135,"type":"block","time":24},{"angle":150,"type":"block","time":25},{"angle":105,"type":"block","time":26},{"angle":60,"type":"block","time":27},{"angle":120,"type":"block","time":28},{"angle":45,"type":"block","time":29},{"angle":60,"type":"block","time":33},{"angle":60,"type":"block","time":34.125},{"angle":60,"type":"block","time":34},{"angle":60,"type":"block","time":34.25},{"angle":60,"type":"block","time":33.875},{"angle":30,"type":"block","time":32},{"angle":120,"type":"block","time":31},{"angle":135,"type":"block","time":30},{"angle":105,"type":"block","time":35},{"angle":135,"type":"block","time":36},{"angle":75,"type":"block","time":37},{"angle":75,"type":"block","time":38},{"angle":105,"type":"block","time":36.25},{"angle":150,"type":"block","time":39},{"angle":150,"type":"block","time":40},{"angle":150,"type":"block","time":41},{"angle":90,"type":"block","time":42},{"angle":60,"type":"block","time":44},{"angle":105,"type":"block","time":45},{"angle":60,"type":"block","time":46},{"angle":60,"type":"block","time":47},{"angle":60,"type":"block","time":48},{"angle":90,"type":"block","time":49},{"angle":150,"type":"block","time":39.5},{"angle":150,"type":"block","time":39.625},{"angle":150,"type":"block","time":39.75},{"angle":150,"type":"block","time":39.875},{"angle":150,"type":"block","time":40.125},{"angle":150,"type":"block","time":40.25},{"angle":150,"type":"block","time":40.375},{"angle":150,"type":"block","time":40.5},{"angle":150,"type":"block","time":40.625},{"angle":150,"type":"block","time":40.75},{"angle":150,"type":"block","time":40.875},{"angle":60,"type":"block","time":47.25},{"angle":60,"type":"block","time":47.5},{"angle":60,"type":"block","time":47.75},{"angle":60,"type":"block","time":48.25},{"angle":60,"type":"block","time":48.5},{"angle":75,"type":"block","time":48.75},{"angle":105,"type":"block","time":50},{"angle":90,"type":"block","time":51},{"angle":90,"type":"block","time":52},{"angle":90,"type":"block","time":53},{"angle":105,"type":"block","time":50.5},{"angle":90,"type":"block","time":51.25},{"angle":90,"type":"block","time":51.5},{"angle":90,"type":"block","time":51.75},{"angle":90,"type":"block","time":51.875},{"angle":90,"type":"block","time":52.125},{"angle":90,"type":"block","time":52.25},{"angle":90,"type":"block","time":52.375},{"angle":90,"type":"block","time":52.5},{"angle":90,"type":"block","time":52.625},{"angle":90,"type":"block","time":52.75},{"angle":90,"type":"block","time":52.875},{"angle":30,"type":"block","time":54},{"angle":150,"type":"block","time":55},{"angle":75,"type":"block","time":56},{"angle":150,"type":"block","time":57},{"angle":105,"type":"block","time":58},{"angle":15,"type":"block","time":59},{"angle":90,"type":"block","time":60},{"angle":90,"type":"block","time":61},{"angle":135,"type":"block","time":57.5},{"angle":90,"type":"block","time":62},{"angle":150,"type":"block","time":63},{"angle":90,"type":"block","time":64},{"angle":75,"type":"block","time":65},{"angle":105,"type":"block","time":61.5},{"angle":90,"type":"block","time":64.25},{"angle":75,"type":"block","time":64.5},{"angle":90,"type":"block","time":64.75},{"angle":90,"type":"block","time":66},{"angle":135,"type":"block","time":67},{"angle":135,"type":"block","time":68},{"angle":135,"type":"block","time":69},{"angle":90,"type":"block","time":65.5},{"angle":90,"type":"block","time":21.5},{"angle":60,"type":"block","time":22.5},{"angle":60,"type":"block","time":23.5},{"angle":60,"type":"block","time":25.5},{"angle":120,"type":"block","time":26.5},{"angle":30,"type":"block","time":27.5},{"angle":75,"type":"block","time":29.5},{"angle":90,"type":"block","time":30.5},{"angle":75,"type":"block","time":31.5},{"angle":120,"type":"block","time":41.5},{"angle":60,"type":"block","time":53.5},{"angle":120,"type":"block","time":54.5},{"angle":120,"type":"block","time":55.5},{"angle":75,"type":"block","time":58.5},{"angle":60,"type":"block","time":59.5},{"angle":90,"type":"block","time":60.25},{"angle":90,"type":"block","time":60.5},{"angle":90,"type":"block","time":60.75},{"angle":120,"type":"block","time":63.5},{"angle":135,"type":"block","time":68.25},{"angle":135,"type":"block","time":68.5},{"angle":135,"type":"block","time":68.75},{"angle":105,"type":"block","time":70},{"angle":75,"type":"block","time":71},{"angle":105,"type":"block","time":69.5},{"angle":105,"type":"block","time":70.125},{"angle":105,"type":"block","time":70.25},{"angle":105,"type":"block","time":70.375},{"angle":105,"type":"block","time":70.5},{"angle":75,"type":"block","time":72},{"angle":75,"type":"block","time":71.5},{"angle":75,"type":"block","time":71.625},{"angle":75,"type":"block","time":71.75},{"angle":75,"type":"block","time":71.875},{"angle":90,"type":"block","time":72.5},{"angle":75,"type":"block","time":73},{"angle":135,"type":"block","time":72.75},{"angle":75,"type":"block","time":74},{"angle":165,"type":"block","time":75},{"angle":165,"type":"block","time":76},{"angle":60,"type":"block","time":77},{"angle":60,"type":"block","time":78},{"angle":75,"type":"block","time":79},{"angle":150,"type":"block","time":81},{"angle":90,"type":"block","time":82},{"angle":90,"type":"block","time":83},{"angle":45,"type":"block","time":37.5},{"angle":135,"type":"block","time":38.5},{"angle":60,"type":"block","time":42.5},{"angle":60,"type":"block","time":44.5},{"angle":30,"type":"block","time":44.375},{"angle":105,"type":"block","time":45.5},{"angle":45,"type":"block","time":73.5},{"angle":105,"time":74.375,"duration":0.25,"angle2":150,"type":"hold"},{"angle":135,"type":"block","time":75.5},{"angle":135,"type":"block","time":76.5},{"angle":90,"type":"block","time":77.25},{"angle":120,"type":"block","time":77.75},{"angle":135,"type":"block","time":78.5},{"angle":105,"type":"block","time":78.25},{"angle":120,"type":"block","time":78.75},{"angle":60,"type":"block","time":79.25},{"angle":60,"type":"block","time":79.375},{"angle":60,"type":"block","time":79.5},{"angle":60,"type":"block","time":79.625},{"angle":60,"type":"block","time":79.75},{"angle":120,"type":"block","time":81.5},{"angle":105,"type":"block","time":81.75},{"angle":45,"type":"block","time":82.5},{"angle":75,"type":"block","time":82.75},{"angle":135,"type":"block","time":84},{"angle":135,"type":"block","time":84.083335876465},{"angle":135,"type":"block","time":84.25},{"angle":135,"type":"block","time":84.166664123535},{"angle":135,"type":"block","time":84.333335876465},{"angle":135,"type":"block","time":84.416664123535},{"angle":135,"type":"block","time":84.5},{"angle":135,"type":"block","time":84.583335876465},{"angle":135,"type":"block","time":84.666664123535},{"angle":135,"type":"block","time":84.75},{"angle":135,"time":101,"type":"block"},{"angle":105,"time":102,"type":"block"},{"angle":120,"type":"block","time":103},{"angle":60,"time":104,"type":"block"},{"angle":45,"time":106,"type":"block"},{"angle":105,"type":"block","time":107},{"angle":135,"time":108,"type":"block"},{"angle":135,"type":"block","time":109},{"angle":60,"time":110,"type":"block"},{"angle":75,"time":113,"type":"block"},{"angle":135,"time":114,"type":"block"},{"angle":45,"time":115,"type":"block"},{"angle":135,"time":116,"type":"block"},{"angle":90,"type":"block","time":102.5},{"angle":105,"type":"block","time":103.5},{"angle":90,"type":"block","time":104.5},{"angle":30,"time":106.5,"type":"block"},{"angle":135,"time":107.5,"type":"block"},{"angle":135,"time":108.5,"type":"block"},{"angle":105,"time":109.5,"type":"block"},{"angle":105,"time":110.5,"type":"block"},{"angle":45,"type":"block","time":112.5},{"angle":120,"type":"block","time":113.5},{"angle":105,"type":"block","time":114.5},{"angle":75,"time":115.5,"type":"block"},{"angle":105,"time":116.5,"type":"block"},{"angle":90,"type":"block","time":149},{"angle":120,"time":151,"type":"block"},{"angle":60,"type":"block","time":152},{"angle":120,"time":153,"type":"block"},{"angle":60,"type":"block","time":154},{"angle":90,"type":"block","time":155},{"angle":90,"type":"block","time":156},{"angle":90,"type":"block","time":157},{"angle":165,"time":159,"type":"block"},{"angle":165,"type":"block","time":160},{"angle":105,"time":161,"type":"block"},{"angle":105,"type":"block","time":162},{"angle":75,"type":"block","time":164},{"angle":75,"type":"block","time":165},{"angle":30,"type":"block","time":166},{"angle":135,"time":167,"type":"block"},{"angle":165,"type":"block","time":168},{"angle":165,"type":"block","time":169},{"angle":30,"time":172,"type":"block"},{"angle":30,"type":"block","time":173},{"angle":75,"time":176,"type":"block"},{"angle":90,"type":"block","time":179},{"angle":120,"time":180,"type":"block"},{"angle":120,"type":"block","time":181},{"angle":105,"time":187,"type":"block"},{"angle":105,"time":188,"type":"block"},{"angle":90,"type":"block","time":189},{"angle":105,"type":"block","time":190},{"angle":75,"time":191,"type":"block"},{"angle":105,"type":"block","time":192},{"angle":90,"type":"block","time":193},{"angle":135,"type":"block","time":194},{"angle":120,"type":"block","time":195},{"angle":135,"time":196,"type":"block"},{"angle":135,"type":"block","time":197},{"angle":60,"time":198,"type":"block"},{"angle":90,"type":"block","time":201},{"angle":45,"type":"block","time":202},{"angle":105,"type":"block","time":204},{"angle":105,"type":"block","time":205},{"angle":135,"type":"block","time":207},{"angle":135,"type":"block","time":208},{"angle":90,"type":"block","time":209},{"angle":75,"time":210,"type":"block"},{"angle":90,"type":"block","time":211},{"angle":150,"time":212,"type":"block"},{"angle":135,"type":"block","time":213},{"angle":75,"type":"block","time":102.25},{"angle":105,"type":"block","time":102.75},{"angle":75,"type":"block","time":103.75},{"angle":120,"time":105,"type":"block"},{"angle":75,"type":"block","time":106.75},{"angle":135,"type":"block","time":108.25},{"angle":135,"type":"block","time":108.75},{"angle":135,"time":111,"duration":1,"angle2":75,"type":"hold"},{"angle":105,"type":"block","time":111.5},{"angle":90,"type":"block","time":151.5},{"angle":60,"time":153.5,"type":"block"},{"angle":60,"type":"block","time":154.125},{"angle":60,"type":"block","time":154.25},{"angle":60,"type":"block","time":154.375},{"angle":90,"type":"block","time":155.625},{"angle":90,"type":"block","time":155.75},{"angle":90,"type":"block","time":155.875},{"angle":90,"type":"block","time":155.5},{"angle":120,"type":"block","time":156.5},{"angle":120,"type":"block","time":156.25},{"angle":60,"time":157.5,"type":"block"},{"angle":60,"type":"block","time":158},{"angle":60,"type":"block","time":158.0625},{"angle":60,"type":"block","time":158.125},{"angle":60,"type":"block","time":158.1875},{"angle":60,"type":"block","time":158.25},{"angle":60,"type":"block","time":158.3125},{"angle":105,"type":"block","time":158.625},{"angle":105,"time":159.5,"type":"block"},{"angle":105,"type":"block","time":160.5},{"angle":105,"type":"block","time":161.25},{"angle":105,"type":"block","time":161.5},{"angle":105,"type":"block","time":161.75},{"angle":105,"type":"block","time":162.25},{"angle":105,"type":"block","time":162.5},{"angle":105,"type":"block","time":162.75},{"angle":75,"type":"block","time":164.125},{"angle":75,"type":"block","time":164.25},{"angle":75,"type":"block","time":164.375},{"angle":75,"type":"block","time":164.5},{"angle":75,"type":"block","time":164.625},{"angle":75,"type":"block","time":164.75},{"angle":75,"type":"block","time":164.875},{"angle":45,"time":165.5,"type":"block"},{"angle":165,"type":"block","time":167.5},{"angle":165,"type":"block","time":168.25},{"angle":165,"type":"block","time":168.5},{"angle":165,"type":"block","time":168.75},{"angle":45,"type":"block","time":171.5},{"angle":75,"type":"block","time":171},{"angle":75,"type":"block","time":170.9375},{"angle":75,"type":"block","time":170.875},{"angle":75,"type":"block","time":170.8125},{"angle":75,"type":"block","time":170.75},{"angle":75,"type":"block","time":170.6875},{"angle":75,"type":"block","time":170.625},{"angle":75,"type":"block","time":170.5625},{"angle":75,"type":"block","time":170.5},{"angle":75,"type":"block","time":170.4375},{"angle":75,"type":"block","time":170.375},{"angle":75,"type":"block","time":170.3125},{"angle":75,"type":"block","time":170.25},{"angle":75,"type":"block","time":170.1875},{"angle":75,"type":"block","time":170.125},{"angle":75,"type":"block","time":170.0625},{"angle":75,"type":"block","time":170},{"angle":30,"type":"block","time":172.5},{"angle":30,"type":"block","time":172.75},{"angle":30,"type":"block","time":172.875},{"angle":30,"type":"block","time":172.625},{"angle":75,"time":173.5,"type":"block"},{"angle":60,"type":"block","time":173.25},{"angle":90,"type":"block","time":173.75},{"angle":45,"type":"block","time":175},{"angle":105,"time":175.5,"type":"block"},{"angle":105,"type":"block","time":176.5},{"angle":75,"type":"block","time":175.25},{"angle":45,"time":175.75,"type":"block"},{"angle":105,"type":"block","time":176.25},{"angle":90,"time":177,"duration":0.5,"angle2":120,"type":"hold"},{"angle":90,"time":177.5,"duration":0.5,"angle2":120,"type":"hold"},{"angle":90,"type":"block","time":178.5},{"angle":90,"type":"block","time":179.25},{"angle":90,"type":"block","time":179.5},{"angle":90,"type":"block","time":179.75},{"angle":120,"type":"block","time":180.25},{"angle":120,"type":"block","time":180.5},{"angle":120,"type":"block","time":180.75},{"angle":135,"time":181.5,"type":"block"},{"angle":75,"time":182,"type":"block"},{"angle":90,"type":"block","time":182.5},{"angle":150,"time":183,"type":"block"},{"angle":105,"type":"block","time":183.5},{"angle":105,"time":184,"type":"block"},{"angle":105,"type":"block","time":184.25},{"angle":105,"type":"block","time":184.5},{"angle":105,"type":"block","time":184.75},{"angle":105,"type":"block","time":185},{"angle":75,"time":185.5,"type":"block"},{"angle":75,"type":"block","time":185.75},{"angle":75,"type":"block","time":186},{"angle":75,"type":"block","time":186.25},{"angle":90,"type":"block","time":186.75},{"angle":120,"type":"block","time":187.25},{"angle":75,"time":187.5,"type":"block"},{"angle":120,"time":188.25,"type":"block"},{"angle":105,"type":"block","time":188.5},{"angle":90,"type":"block","time":187.75},{"angle":60,"type":"block","time":189.5},{"angle":90,"type":"block","time":189.125},{"angle":105,"type":"block","time":190.25},{"angle":105,"time":190.5,"type":"block"},{"angle":75,"time":191.25,"type":"block"},{"angle":75,"type":"block","time":191.5},{"angle":105,"type":"block","time":192.25},{"angle":105,"time":192.5,"type":"block"},{"angle":120,"time":193.5,"type":"block"},{"angle":90,"type":"block","time":194.5},{"angle":120,"type":"block","time":194.75},{"angle":120,"type":"block","time":195.125},{"angle":120,"type":"block","time":195.25},{"angle":120,"time":195.625,"type":"block"},{"angle":135,"type":"block","time":196.5},{"angle":135,"type":"block","time":196.75},{"angle":135,"type":"block","time":196.875},{"angle":135,"type":"block","time":196.625},{"angle":135,"type":"block","time":196.375},{"angle":75,"time":198.5,"type":"block"},{"angle2":135,"time":199,"duration":1,"angle":135,"type":"hold"},{"angle":105,"time":200.5,"type":"block"},{"angle":105,"type":"block","time":200.625},{"angle":45,"time":201.5,"type":"block"},{"angle":45,"type":"block","time":202.0625},{"angle":45,"type":"block","time":202.125},{"angle":45,"type":"block","time":202.1875},{"angle":45,"type":"block","time":202.25},{"angle":45,"type":"block","time":202.3125},{"angle":45,"type":"block","time":202.375},{"angle":45,"type":"block","time":202.4375},{"angle":45,"type":"block","time":202.5},{"angle":45,"type":"block","time":202.5625},{"angle":45,"type":"block","time":202.625},{"angle":45,"type":"block","time":202.6875},{"angle":45,"type":"block","time":202.75},{"angle":45,"type":"block","time":202.8125},{"angle":45,"type":"block","time":202.875},{"angle":45,"type":"block","time":202.9375},{"angle":45,"type":"block","time":203},{"angle":75,"type":"block","time":203.25},{"angle":90,"time":203.5,"type":"block"},{"angle":105,"type":"block","time":204.5},{"angle":60,"time":205.5,"type":"block"},{"angle":105,"type":"block","time":204.875},{"angle":105,"type":"block","time":204.75},{"angle":105,"type":"block","time":204.625},{"angle":90,"type":"block","time":205.25},{"angle":90,"type":"block","time":206},{"angle":105,"time":207.5,"type":"block"},{"angle":105,"time":208.25,"type":"block"},{"angle":105,"time":208.5,"type":"block"},{"angle":105,"time":208.75,"type":"block"},{"angle":90,"type":"block","time":209.5},{"angle":75,"time":209.875,"type":"block"},{"angle":135,"time":210.5,"type":"block"},{"angle":120,"type":"block","time":210.75},{"angle":90,"type":"block","time":211.25},{"angle":135,"time":211.5,"type":"block"},{"angle":105,"time":211.75,"type":"block"},{"angle":105,"time":212.5,"type":"block"},{"angle":75,"type":"block","time":212.75},{"angle":75,"time":43,"duration":0.375,"angle2":45,"type":"hold"},{"angle":75,"time":43.5,"duration":0.375,"angle2":45,"type":"hold"},{"angle":150,"time":45.25,"type":"block"},{"angle":120,"time":49.375,"type":"block"},{"angle":90,"time":61.25,"type":"block"},{"angle":120,"time":80,"type":"side"},{"angle":135,"time":80,"type":"side"},{"angle":150,"time":80,"type":"side"},{"angle":135,"type":"block","time":109.25},{"angle":165,"type":"side","time":117},{"angle":15,"type":"side","time":149.5},{"angle":60,"type":"block","time":150},{"angle":120,"time":150.5,"type":"side"},{"angle2":75,"time":163,"duration":0.375,"angle":105,"type":"hold"},{"angle2":75,"time":163.5,"duration":0.375,"angle":105,"type":"hold"},{"angle":120,"type":"side","time":166.5},{"angle":90,"type":"side","time":169.5},{"angle":15,"time":174.125,"type":"side"},{"angle":105,"type":"block","time":197.375}]