{"properties":{"formatversion":13,"offset":8,"speed":250},"metadata":{"artist":"fizzd","charter":"Demo","description":"Sword-wielding patient has had chronic tiredness for the past seven years. No medicines have been effective. Rhythmic defibrillation advised.","songName":"Battleworm Insomniac ","bgData":{"yellowChannel":{"r":123,"b":95,"g":128},"magentaChannel":{"r":241,"b":190,"g":221},"cyanChannel":{"r":255,"b":255,"g":255},"image":"backgroundy.png","redChannel":{"r":79,"b":64,"g":59},"blueChannel":{"r":223,"b":169,"g":201},"greenChannel":{"r":228,"b":144,"g":90}},"bg":true,"artistLink":"","difficulty":0},"events":[{"file":"battling.ogg","angle":202.5,"time":0,"bpm":90,"volume":1,"type":"play"},{"angle":120,"value":10,"var":"scrollSpeed","time":33.125,"type":"ease"},{"angle":120,"value":1,"var":"scrollSpeed","time":34.25,"type":"ease"},{"angle":120,"value":10,"var":"scrollSpeed","time":36,"type":"ease"},{"angle":120,"value":1,"var":"scrollSpeed","time":36.25,"type":"ease"},{"angle":120,"value":10,"var":"scrollSpeed","time":39.125,"type":"ease"},{"angle":120,"value":1,"var":"scrollSpeed","time":41.125,"type":"ease"},{"angle":120,"value":5,"var":"scrollSpeed","time":43,"type":"ease"},{"angle":120,"value":1,"var":"scrollSpeed","time":43.5,"type":"ease"},{"angle":120,"value":10,"var":"scrollSpeed","time":46.25,"type":"ease"},{"angle":120,"value":1,"var":"scrollSpeed","time":48.75,"type":"ease"},{"angle":120,"value":5,"var":"scrollSpeed","time":50,"type":"ease"},{"angle":120,"value":10,"var":"scrollSpeed","time":50.5,"type":"ease"},{"angle":120,"value":1,"var":"scrollSpeed","time":52.75,"type":"ease"},{"angle":120,"value":5,"var":"scrollSpeed","time":57,"type":"ease"},{"angle":120,"value":1,"var":"scrollSpeed","time":57.5,"type":"ease"},{"angle":120,"value":5,"var":"scrollSpeed","time":61,"type":"ease"},{"angle":120,"value":1,"var":"scrollSpeed","time":61.5,"type":"ease"},{"angle":120,"value":10,"var":"scrollSpeed","time":63.625,"type":"ease"},{"angle":120,"value":5,"var":"scrollSpeed","time":65,"type":"ease"},{"angle":120,"value":1,"var":"scrollSpeed","time":66,"type":"ease"},{"angle":120,"value":10,"var":"scrollSpeed","time":59.625,"type":"ease"},{"angle":120,"value":10,"var":"scrollSpeed","time":67.125,"type":"ease"},{"angle":120,"value":1,"var":"scrollSpeed","time":68.875,"type":"ease"},{"angle":120,"value":10,"var":"scrollSpeed","time":69.625,"type":"ease"},{"angle":120,"value":1,"var":"scrollSpeed","time":70.625,"type":"ease"},{"angle":120,"value":10,"var":"scrollSpeed","time":71.125,"type":"ease"},{"angle":120,"value":1,"var":"scrollSpeed","time":72.125,"type":"ease"},{"angle":120,"value":10,"var":"scrollSpeed","time":74.083335876465,"type":"ease"},{"angle":120,"value":1,"var":"scrollSpeed","time":74.75,"type":"ease"},{"angle":120,"value":3,"var":"scrollSpeed","time":75.083335876465,"type":"ease"},{"angle":120,"value":1,"var":"scrollSpeed","time":75.666664123535,"type":"ease"},{"angle":120,"value":3,"var":"scrollSpeed","time":76.166664123535,"type":"ease"},{"angle":120,"value":1,"var":"scrollSpeed","time":76.75,"type":"ease"},{"angle":120,"value":3,"var":"scrollSpeed","time":77.083335876465,"type":"ease"},{"angle":120,"value":1,"var":"scrollSpeed","time":77.416664123535,"type":"ease"},{"angle":120,"value":10,"var":"scrollSpeed","time":79.083335876465,"type":"ease"},{"angle":120,"value":1,"var":"scrollSpeed","time":79.375,"type":"ease"},{"angle":120,"value":2,"var":"scrollSpeed","time":77.833335876465,"type":"ease"},{"angle":120,"value":5,"var":"scrollSpeed","time":81.583335876465,"type":"ease"},{"angle":120,"value":1,"var":"scrollSpeed","time":81.916664123535,"type":"ease"},{"angle":120,"value":5,"var":"scrollSpeed","time":82.666664123535,"type":"ease"},{"angle":120,"value":1,"var":"scrollSpeed","time":82.916664123535,"type":"ease"},{"angle":120,"value":15,"var":"scrollSpeed","time":83.25,"type":"ease"},{"angle":120,"value":1,"var":"scrollSpeed","time":85.083335876465,"type":"ease"},{"angle":90,"type":"showResults","time":241},{"angle":120,"value":2,"var":"scrollSpeed","time":113.125,"type":"ease"},{"angle":120,"value":1,"var":"scrollSpeed","time":113.625,"type":"ease"},{"angle":120,"value":2,"var":"scrollSpeed","time":114.125,"type":"ease"},{"angle":120,"value":1,"var":"scrollSpeed","time":114.625,"type":"ease"},{"angle":120,"value":2,"var":"scrollSpeed","time":115.125,"type":"ease"},{"angle":120,"value":1,"var":"scrollSpeed","time":115.625,"type":"ease"},{"angle":120,"value":2,"var":"scrollSpeed","time":116.125,"type":"ease"},{"angle":120,"value":1,"var":"scrollSpeed","time":116.625,"type":"ease"},{"angle":120,"value":5,"var":"scrollSpeed","time":102.125,"type":"ease"},{"angle":120,"value":1,"var":"scrollSpeed","time":103.125,"type":"ease"},{"angle":120,"value":1,"var":"scrollSpeed","time":103.625,"type":"ease"},{"angle":120,"value":1,"var":"scrollSpeed","time":104.125,"type":"ease"},{"angle":120,"value":5,"var":"scrollSpeed","time":106.125,"type":"ease"},{"angle":120,"value":1,"var":"scrollSpeed","time":107.25,"type":"ease"},{"angle":120,"value":5,"var":"scrollSpeed","time":107.75,"type":"ease"},{"angle":120,"value":1,"var":"scrollSpeed","time":109.125,"type":"ease"},{"angle":120,"value":10,"var":"scrollSpeed","time":110.875,"type":"ease"},{"angle":120,"value":2,"var":"scrollSpeed","time":111.625,"type":"ease"},{"angle":120,"value":1,"var":"scrollSpeed","time":112.125,"type":"ease"},{"angle":120,"value":10,"var":"scrollSpeed","time":153.625,"type":"ease"},{"angle":120,"value":1,"var":"scrollSpeed","time":154.625,"type":"ease"},{"angle":120,"value":10,"var":"scrollSpeed","time":155.125,"type":"ease"},{"angle":120,"value":1,"var":"scrollSpeed","time":156.625,"type":"ease"},{"angle":120,"value":1,"var":"scrollSpeed","time":156,"type":"ease"},{"angle":120,"value":10,"var":"scrollSpeed","time":156.375,"type":"ease"},{"angle":120,"value":10,"var":"scrollSpeed","time":157.625,"type":"ease"},{"angle":120,"value":1,"var":"scrollSpeed","time":158.5,"type":"ease"},{"angle":120,"value":2,"var":"scrollSpeed","time":159.125,"type":"ease"},{"angle":120,"value":1,"var":"scrollSpeed","time":159.625,"type":"ease"},{"angle":120,"value":2,"var":"scrollSpeed","time":160.125,"type":"ease"},{"angle":120,"value":10,"var":"scrollSpeed","time":160.625,"type":"ease"},{"angle":135,"value":1,"var":"scrollSpeed","time":162.875,"type":"ease"},{"angle":120,"value":10,"var":"scrollSpeed","time":163.625,"type":"ease"},{"angle":105,"value":1,"var":"scrollSpeed","time":164.875,"type":"ease"},{"angle":120,"value":5,"var":"scrollSpeed","time":167.75,"type":"ease"},{"angle":120,"value":1,"var":"scrollSpeed","time":169.125,"type":"ease"},{"angle":120,"value":12,"var":"scrollSpeed","time":169.625,"type":"ease"},{"angle":105,"value":1,"var":"scrollSpeed","time":171,"type":"ease"},{"angle":120,"value":5,"var":"scrollSpeed","time":172.125,"type":"ease"},{"angle":120,"value":1,"var":"scrollSpeed","time":173.375,"type":"ease"},{"angle":120,"value":5,"var":"scrollSpeed","time":174.875,"type":"ease"},{"angle":120,"value":1,"var":"scrollSpeed","time":176.625,"type":"ease"},{"angle":120,"value":4,"var":"scrollSpeed","time":176.875,"type":"ease"},{"angle":120,"value":1,"var":"scrollSpeed","time":177.375,"type":"ease"},{"angle":120,"value":4,"var":"scrollSpeed","time":177.75,"type":"ease"},{"angle":120,"value":1,"var":"scrollSpeed","time":178.125,"type":"ease"},{"angle":120,"value":5,"var":"scrollSpeed","time":178.875,"type":"ease"},{"angle":120,"value":1,"var":"scrollSpeed","time":181.125,"type":"ease"},{"angle":120,"value":5,"var":"scrollSpeed","time":183.625,"type":"ease"},{"angle":120,"value":1,"var":"scrollSpeed","time":185.125,"type":"ease"},{"angle":120,"value":5,"var":"scrollSpeed","time":185.375,"type":"ease"},{"angle":120,"value":1,"var":"scrollSpeed","time":186.375,"type":"ease"},{"angle":120,"value":5,"var":"scrollSpeed","time":186.625,"type":"ease"},{"angle":120,"value":1,"var":"scrollSpeed","time":188.625,"type":"ease"},{"angle":120,"value":2,"var":"scrollSpeed","time":188.875,"type":"ease"},{"angle":120,"value":1,"var":"scrollSpeed","time":189.25,"type":"ease"},{"angle":120,"value":5,"var":"scrollSpeed","time":189.75,"type":"ease"},{"angle":120,"value":1,"var":"scrollSpeed","time":190.75,"type":"ease"},{"angle":120,"value":5,"var":"scrollSpeed","time":190.875,"type":"ease"},{"angle":120,"value":1,"var":"scrollSpeed","time":191.625,"type":"ease"},{"angle":120,"value":5,"var":"scrollSpeed","time":191.875,"type":"ease"},{"angle":120,"value":1,"var":"scrollSpeed","time":192.625,"type":"ease"},{"angle":120,"value":2,"var":"scrollSpeed","time":193.625,"type":"ease"},{"angle":120,"value":1,"var":"scrollSpeed","time":194.125,"type":"ease"},{"angle":120,"value":2,"var":"scrollSpeed","time":192.875,"type":"ease"},{"angle":120,"value":1,"var":"scrollSpeed","time":193.125,"type":"ease"},{"angle":120,"value":5,"var":"scrollSpeed","time":194.375,"type":"ease"},{"angle":120,"value":1,"var":"scrollSpeed","time":195.375,"type":"ease"},{"angle":120,"value":2,"var":"scrollSpeed","time":195.5,"type":"ease"},{"angle":120,"value":1,"var":"scrollSpeed","time":195.75,"type":"ease"},{"angle":120,"value":2,"var":"scrollSpeed","time":195.875,"type":"ease"},{"angle":120,"value":5,"var":"scrollSpeed","time":196.125,"type":"ease"},{"angle":120,"value":1,"var":"scrollSpeed","time":197.25,"type":"ease"},{"angle":120,"value":0.25,"var":"scrollSpeed","time":198.875,"type":"ease"},{"angle":120,"value":1,"var":"scrollSpeed","time":200.125,"type":"ease"},{"angle":120,"value":2,"var":"scrollSpeed","time":200.375,"type":"ease"},{"angle":120,"value":1,"var":"scrollSpeed","time":200.75,"type":"ease"},{"angle":120,"value":10,"var":"scrollSpeed","time":201.625,"type":"ease"},{"angle":120,"value":1,"var":"scrollSpeed","time":203.125,"type":"ease"},{"angle":120,"value":5,"var":"scrollSpeed","time":204.125,"type":"ease"},{"angle":120,"value":1,"var":"scrollSpeed","time":205.625,"type":"ease"},{"angle":120,"value":2,"var":"scrollSpeed","time":205.875,"type":"ease"},{"angle":120,"value":1,"var":"scrollSpeed","time":206.125,"type":"ease"},{"angle":120,"value":2,"var":"scrollSpeed","time":207.375,"type":"ease"},{"angle":120,"value":1,"var":"scrollSpeed","time":207.625,"type":"ease"},{"angle":120,"value":2,"var":"scrollSpeed","time":207.875,"type":"ease"},{"angle":120,"value":5,"var":"scrollSpeed","time":208.125,"type":"ease"},{"angle":120,"value":1,"var":"scrollSpeed","time":209.125,"type":"ease"},{"angle":120,"value":5,"var":"scrollSpeed","time":209.75,"type":"ease"},{"angle":120,"value":1,"var":"scrollSpeed","time":210.125,"type":"ease"},{"angle":120,"value":5,"var":"scrollSpeed","time":210.375,"type":"ease"},{"angle":120,"value":1,"var":"scrollSpeed","time":212.125,"type":"ease"},{"angle":120,"value":5,"var":"scrollSpeed","time":212.375,"type":"ease"},{"angle":120,"value":2,"var":"scrollSpeed","time":212.625,"type":"ease"},{"angle":120,"value":5,"var":"scrollSpeed","time":212.875,"type":"ease"},{"angle":120,"value":1,"var":"scrollSpeed","time":213.125,"type":"ease"},{"sprite":"boss.png","angle":180,"time":10.375,"id":"bossy","hide":true,"type":"deco"},{"y":130,"angle":240,"time":11,"type":"deco","id":"puffy","sprite":"puff!balls","x":250},{"angle":255,"ease":"linear","time":10.75,"duration":0,"paddle":1,"newWidth":0,"type":"paddles"},{"angle":255,"duration":1.625,"time":11,"ease":"linear","paddle":1,"newWidth":55,"type":"paddles"},{"angle":180,"ease":"linear","value":50,"duration":5,"var":"p.x","time":12,"type":"ease"},{"sprite":"back.png","angle":165,"time":11,"id":"back1","hide":true,"type":"deco"},{"color":7,"angle":240,"time":-8,"r":234,"type":"setColor","b":194,"g":226},{"sy":0.44999998807907,"x":0,"sprite":"backgroundy.png","angle":157.5,"time":-8,"y":0,"id":"back1","sx":0.34999999403954,"type":"deco"},{"hide":true,"sy":10,"x":500,"y":20,"angle":180,"time":0,"sprite":"boss.png","id":"bossy","sx":10,"type":"deco"},{"hide":false,"duration":3,"x":50,"sprite":"boss.png","angle":150,"time":6,"ease":"linear","id":"bossy","y":20,"type":"deco"},{"angle":135,"time":-8,"enable":false,"var":"vfx.drawUI","type":"setBoolean"},{"angle":180,"time":18,"enable":true,"var":"vfx.drawUI","type":"setBoolean"},{"angle":195,"time":-8,"type":"forcePlayerSprite","spriteName":"angry"},{"sy":0.5,"x":0,"y":0,"angle":90,"time":85.375,"sprite":"text1.png","id":"texty1","sx":0.5,"type":"deco"},{"angle":120,"time":85,"enable":false,"var":"vfx.drawUI","type":"setBoolean"},{"sy":0.5,"x":0,"y":0,"angle":105,"time":89,"sprite":"text2.png","id":"texty2","sx":0.5,"type":"deco"},{"angle":120,"hide":true,"id":"texty1","time":89,"type":"deco"},{"sy":0.5,"x":0,"y":0,"angle":105,"time":93,"sprite":"text3.png","id":"texty3","sx":0.5,"type":"deco"},{"angle":120,"hide":true,"id":"texty2","time":93,"type":"deco"},{"sprite":"text2.png","angle":105,"time":97.375,"id":"texty3","hide":true,"type":"deco"},{"angle":120,"time":101,"enable":true,"var":"vfx.drawUI","type":"setBoolean"},{"sy":0.5,"x":0,"y":0,"angle":90,"time":119,"sprite":"text4.png","id":"texty4","sx":0.5,"type":"deco"},{"sprite":"text4.png","angle":120,"time":122.625,"id":"texty4","hide":true,"type":"deco"},{"color":2,"angle":300,"time":-8,"r":79,"g":59,"b":64,"type":"setColor"},{"angle":90,"ease":"linear","value":300,"duration":3,"var":"p.x","time":217,"type":"ease"},{"hide":false,"x":250,"y":130,"angle":180,"time":225,"sprite":"puff!balls","id":"puffs","drawLayer":"fg","type":"deco"},{"angle":180,"duration":2,"time":220,"ease":"linear","paddle":1,"newWidth":0,"type":"paddles"},{"angle":180,"ease":"linear","enabled":false,"duration":0,"paddle":1,"time":221.5,"type":"paddles"},{"hide":false,"x":0,"drawLayer":"fg","angle":165,"time":225,"y":0,"id":"back2","sprite":"backgroundy.png","type":"deco"},{"sy":10,"x":100,"y":10,"angle":180,"time":237,"sprite":"clear.png","id":"cleary","sx":10,"type":"deco"},{"angle":165,"value":0.40000000596046,"var":"scrollSpeed","time":80,"type":"ease"},{"angle":165,"value":1,"var":"scrollSpeed","time":80.75,"type":"ease"},{"color":3,"angle":337.5,"time":-8,"r":228,"g":186,"b":168,"type":"setColor"},{"color":4,"angle":360,"time":-8,"r":228,"g":90,"b":144,"type":"setColor"},{"color":5,"angle":22.5,"time":-8,"r":123,"type":"setColor","b":95,"g":128},{"color":6,"angle":45,"time":-8,"r":241,"type":"setColor","b":190,"g":221},{"sprite":"backgroundy.png","sy":0.44999998807907,"x":0,"y":0,"angle":112.5,"time":-8,"drawLayer":"bg","id":"back2","sx":0.34999999403954,"type":"deco"},{"color":2,"angle":300,"time":117,"r":22,"type":"setColor","b":81,"g":29},{"color":3,"angle":337.5,"time":117,"r":46,"g":50,"b":125,"type":"setColor"},{"color":4,"angle":360,"time":117,"r":132,"g":84,"b":255,"type":"setColor"},{"color":5,"angle":22.5,"time":117,"r":62,"type":"setColor","b":157,"g":86},{"color":6,"angle":45,"time":117,"r":31,"g":93,"b":235,"type":"setColor"},{"color":2,"angle":300,"time":147,"r":0,"type":"setColor","b":0,"g":0},{"color":3,"angle":337.5,"time":147,"r":0,"type":"setColor","b":0,"g":0},{"color":4,"angle":360,"time":147,"r":0,"type":"setColor","b":0,"g":0},{"color":5,"angle":22.5,"time":147,"r":0,"type":"setColor","b":0,"g":0},{"color":6,"angle":45,"time":147,"r":0,"type":"setColor","b":0,"g":0},{"color":2,"angle":300,"time":147.375,"r":22,"g":29,"b":81,"type":"setColor"},{"color":3,"angle":337.5,"time":147.375,"r":46,"type":"setColor","b":125,"g":50},{"color":4,"angle":360,"time":147.375,"r":132,"type":"setColor","b":255,"g":84},{"color":5,"angle":22.5,"time":147.375,"r":62,"g":86,"b":157,"type":"setColor"},{"color":6,"angle":45,"time":147.375,"r":31,"type":"setColor","b":235,"g":93},{"color":2,"angle":300,"time":147.625,"r":0,"g":0,"b":0,"type":"setColor"},{"color":3,"angle":337.5,"time":147.625,"r":0,"type":"setColor","b":0,"g":0},{"color":4,"angle":360,"time":147.625,"r":0,"type":"setColor","b":0,"g":0},{"color":5,"angle":22.5,"time":147.625,"r":0,"type":"setColor","b":0,"g":0},{"color":6,"angle":45,"time":147.625,"r":0,"type":"setColor","b":0,"g":0},{"color":2,"angle":300,"time":148,"r":22,"type":"setColor","b":81,"g":29},{"color":3,"angle":337.5,"time":148,"r":46,"g":50,"b":125,"type":"setColor"},{"color":4,"angle":360,"time":148,"r":132,"g":84,"b":255,"type":"setColor"},{"color":5,"angle":22.5,"time":148,"r":62,"type":"setColor","b":157,"g":86},{"color":6,"angle":45,"time":148,"r":31,"g":93,"b":235,"type":"setColor"}]}