[{"var":"vfx.vglitch.strength","value":600,"type":"ease","angle":247.5,"order":1,"time":0},{"var":"vfx.vglitch.resolution","value":360,"type":"ease","angle":270,"order":1,"time":0},{"var":"vfx.hglitch.strength","value":5,"type":"ease","angle":292.5,"order":2,"time":0},{"var":"vfx.vglitch.strength","value":5,"type":"ease","angle":315,"order":2,"time":0},{"angle":337.5,"ease":"linear","value":0,"type":"ease","duration":0.75,"order":3,"time":0,"var":"vfx.hglitch.strength"},{"angle":360,"ease":"linear","value":0,"type":"ease","duration":0.75,"order":3,"time":0,"var":"vfx.vglitch.strength"}]