[{"time":0,"start":1,"angle":0,"value":1.0499999523163,"type":"ease","duration":0.5,"var":"vfx.canvPos.sx","ease":"outBack"},{"time":0,"var":"vfx.canvPos.sy","ease":"outBack","value":1.0499999523163,"type":"ease","angle":22.5,"start":1,"duration":0.5},{"time":1,"var":"vfx.canvPos.sx","ease":"outBack","value":1.0999999046326,"type":"ease","angle":0,"start":1.0499999523163,"duration":0.5},{"time":1,"start":1.0499999523163,"angle":22.5,"value":1.0999999046326,"type":"ease","ease":"outBack","var":"vfx.canvPos.sy","duration":0.5},{"time":2,"var":"vfx.canvPos.sx","ease":"outBack","value":1.1499999761581,"type":"ease","angle":0,"start":1.1000000238419,"duration":0.5},{"time":2,"start":1.1000000238419,"angle":22.5,"value":1.1499999761581,"type":"ease","ease":"outBack","var":"vfx.canvPos.sy","duration":0.5},{"time":3,"var":"vfx.canvPos.sx","ease":"outBack","value":1.2000000476837,"type":"ease","angle":0,"start":1.1499999761581,"duration":0.5},{"time":3,"start":1.1499999761581,"angle":22.5,"value":1.2000000476837,"type":"ease","ease":"outBack","var":"vfx.canvPos.sy","duration":0.5},{"time":6,"var":"vfx.canvPos.sx","ease":"inBack","value":1,"type":"ease","angle":-157.5,"start":1.2000000476837,"duration":1},{"time":6,"start":1.2000000476837,"angle":-135,"value":1,"type":"ease","ease":"inBack","var":"vfx.canvPos.sy","duration":1},{"time":0,"order":-1,"angle":-382.5,"color":4,"type":"setColor","g":113,"r":99,"b":131},{"time":0,"r":77,"b":105,"duration":0.5,"color":4,"angle":-45,"g":89,"type":"setColor","ease":"inSine"},{"time":1,"order":-1,"type":"setColor","color":4,"angle":-382.5,"g":113,"r":99,"b":131},{"time":1,"r":77,"b":105,"duration":0.5,"color":4,"angle":-45,"g":89,"ease":"inSine","type":"setColor"},{"time":2,"order":-1,"type":"setColor","color":4,"angle":-382.5,"g":113,"r":99,"b":131},{"time":2,"r":77,"b":105,"duration":0.5,"color":4,"angle":-45,"g":89,"ease":"inSine","type":"setColor"},{"time":3,"order":-1,"type":"setColor","color":4,"angle":-382.5,"g":113,"r":99,"b":131},{"time":3,"r":77,"b":105,"duration":0.5,"color":4,"angle":-45,"g":89,"ease":"inSine","type":"setColor"}]