{"properties":{"startBeat":0,"formatversion":12,"offset":8,"speed":70},"metadata":{"bg":true,"difficulty":0,"description":"This is Dirt Man by Carter Vail, hope you enjoy as this is my very first level!","artistLink":"https://open.spotify.com/artist/4Bu9DnBZ12oX7MiiaJy9hK?si=Kz4OlXEPTMSyJlAu90adqg","bgData":{"image":"DirtMan.png","blueChannel":{"g":90,"r":147,"b":62},"redChannel":{"g":159,"r":214,"b":127}},"artist":"Carter Vail","charter":"Grayknight","songName":"Dirt Man"},"events":[{"volume":1,"time":0,"file":"spotifydown.com - Dirt Man.ogg","bpm":90,"angle":360,"type":"play"},{"g":100,"r":141,"b":51,"color":0,"time":0,"angle":236.25,"duration":1,"ease":"linear","type":"setColor"},{"color":1,"time":0,"angle":213.75,"g":141,"r":209,"type":"setColor","b":79},{"color":1,"time":0,"angle":281.25,"type":"setBgColor"},{"color":0,"time":0,"angle":180,"enable":true,"type":"outline"},{"newAngle":-120,"ease":"linear","paddle":2,"time":3.5,"angle":180,"duration":0.5,"enabled":true,"type":"paddles"},{"newAngle":120,"ease":"linear","paddle":3,"time":3.5,"angle":202.5,"duration":0.5,"enabled":true,"type":"paddles"},{"g":36,"r":76,"b":11,"color":1,"time":36,"angle":270,"duration":1,"type":"setColor"},{"g":70,"r":135,"b":10,"color":1,"time":36,"angle":292.5,"duration":1,"type":"setColor"},{"time":51,"angle":180,"type":"showResults"}]}