[{"duration":8,"holdEase":"outQuad","angle":270,"time":0,"angle2":0,"type":"hold"},{"type":"block","tap":true,"time":8,"angle":0},{"type":"block","angle":337.5,"time":8.5},{"type":"block","angle":292.5,"time":9},{"type":"block","angle":270,"time":9.5},{"type":"hold","angle2":360,"time":10,"angle":315,"startTap":true,"duration":1},{"type":"hold","angle2":382.5,"time":10,"angle":337.5,"startTap":true,"duration":1},{"type":"block","angle":315,"time":8.75},{"type":"block","angle":90,"time":12.5},{"type":"block","angle":135,"time":13},{"type":"block","angle":112.5,"time":13.5},{"type":"block","angle":112.5,"time":12.75},{"type":"hold","holdEase":"outCubic","angle":90,"time":14,"duration":1.5,"startTap":true,"angle2":292.5},{"duration":0,"angle":45,"time":12,"angle2":67.5,"type":"hold","startTap":true,"endTap":true},{"type":"block","tap":true,"time":16,"angle":315},{"type":"block","angle":337.5,"time":16.25},{"type":"block","angle":360,"time":16.5},{"type":"block","angle":22.5,"time":16.75},{"type":"block","tap":true,"time":17,"angle":45},{"type":"block","angle":22.5,"time":17.25},{"type":"block","angle":0,"time":17.5},{"type":"block","angle":337.5,"time":17.75},{"type":"block","tap":true,"time":18,"angle":315},{"type":"block","angle":337.5,"time":18.25},{"type":"block","angle":360,"time":18.5},{"type":"block","angle":22.5,"time":18.75},{"type":"block","tap":true,"time":19,"angle":45},{"type":"block","angle":22.5,"time":19.25},{"type":"block","angle":0,"time":19.5},{"type":"block","angle":337.5,"time":19.75},{"type":"side","tap":true,"time":20,"angle":292.5},{"type":"side","tap":true,"time":21,"angle":67.5},{"type":"extraTap","angle":360,"time":22.5},{"type":"extraTap","angle":360,"time":23},{"type":"hold","angle2":270,"time":24,"angle":360,"startTap":true,"duration":1},{"type":"hold","duration":0,"angle2":247.5,"time":25,"angle":270},{"type":"block","angle":225,"time":25.5},{"type":"block","angle":202.5,"time":26},{"type":"block","angle":225,"time":26.5},{"type":"hold","duration":0,"angle2":270,"time":27,"angle":247.5},{"type":"block","angle":292.5,"time":27.5},{"type":"hold","duration":1,"angle2":427.5,"time":28,"angle":315},{"type":"hold","duration":0.5,"angle2":45,"time":29,"angle":67.5},{"type":"hold","duration":0.5,"angle2":90,"time":29.5,"angle":45},{"type":"hold","duration":0.5,"angle2":67.5,"time":30,"angle":90},{"type":"hold","duration":0.5,"angle2":112.5,"time":30.5,"angle":67.5},{"type":"hold","duration":1,"angle2":45,"time":31,"angle":112.5},{"type":"inverse","angle":22.5,"time":32,"endAngle":45},{"type":"inverse","angle":22.5,"time":32.333332061768},{"type":"hold","duration":0,"angle2":337.5,"time":33.000001271566,"angle":360},{"type":"block","angle":315,"time":33.5},{"type":"block","angle":270,"time":34},{"type":"hold","duration":0,"angle2":292.5,"time":35,"angle":270},{"type":"block","angle":247.5,"time":34.5},{"type":"block","angle":315,"time":35.5},{"type":"inverse","angle":337.5,"time":36},{"type":"inverse","angle":292.5,"time":36.5},{"type":"inverse","angle":247.5,"time":37},{"type":"inverse","angle":202.5,"time":37.5},{"type":"inverse","angle":315,"time":36.25},{"type":"inverse","angle":270,"time":36.75},{"type":"inverse","angle":225,"time":37.25},{"type":"inverse","angle":180,"time":37.75},{"type":"inverse","angle":157.5,"time":38},{"type":"inverse","angle":135,"time":38.25},{"type":"inverse","angle":112.5,"time":38.5},{"type":"inverse","angle":90,"time":38.75},{"type":"hold","angle2":135,"time":39,"angle":90,"startTap":true,"duration":1},{"type":"hold","angle2":112.5,"time":39,"angle":67.5,"startTap":true,"duration":1},{"type":"hold","angle2":90,"time":40,"angle":112.5,"startTap":true,"duration":1},{"type":"hold","angle2":112.5,"time":40,"angle":135,"startTap":true,"duration":1},{"type":"block","angle":67.5,"time":41.5},{"type":"block","angle":45,"time":42},{"type":"block","angle":67.5,"time":42.5},{"type":"hold","duration":0,"angle2":112.5,"time":43,"angle":90},{"type":"block","angle":135,"time":43.5},{"type":"hold","holdEase":"inExpo","angle":157.5,"time":44,"angle2":90,"duration":1},{"type":"block","angle":67.5,"time":45.5},{"type":"hold","holdEase":"outQuad","angle":45,"time":46,"angle2":-45,"duration":1},{"type":"hold","holdEase":"inSine","angle":315,"time":47,"angle2":360,"duration":1},{"type":"inverse","angle":22.5,"time":48.25},{"type":"inverse","angle":22.5,"time":48,"endAngle":0},{"duration":8,"holdEase":"outQuad","angle":67.5,"time":0,"angle2":-180,"type":"mineHold"},{"type":"mineHold","holdEase":"outQuad","angle":-22.5,"time":0,"angle2":-270,"duration":8},{"type":"mineHold","holdEase":"outQuad","angle":157.5,"time":0,"angle2":-90,"duration":8},{"type":"hold","holdEase":"outSine","angle":45,"time":49,"angle2":-22.5,"duration":1},{"type":"hold","holdEase":"outSine","angle":67.5,"time":49,"angle2":0,"duration":1},{"type":"hold","holdEase":"inSine","angle":360,"time":50,"angle2":382.5,"duration":1},{"type":"hold","holdEase":"inSine","angle":337.5,"time":50,"angle2":360,"duration":1},{"type":"block","angle":22.5,"time":51.5},{"type":"block","angle":45,"time":51.5},{"type":"block","tap":true,"time":52,"angle":360},{"type":"block","angle":270,"time":53},{"type":"block","angle":180,"time":54},{"type":"block","angle":90,"time":55},{"type":"block","angle":315,"time":52.5},{"type":"block","angle":292.5,"time":52.75},{"type":"block","angle":337.5,"time":52.25},{"type":"block","angle":247.5,"time":53.25},{"type":"block","angle":225,"time":53.5},{"type":"block","angle":202.5,"time":53.75},{"type":"block","angle":157.5,"time":54.25},{"type":"block","angle":135,"time":54.5},{"type":"block","angle":112.5,"time":54.75},{"type":"block","angle":67.5,"time":55.25},{"type":"block","angle":45,"time":55.5},{"type":"block","angle":22.5,"time":55.75},{"type":"mine","angle":180,"time":52},{"type":"mine","angle":157.5,"time":52.25},{"type":"mine","angle":135,"time":52.5},{"type":"mine","angle":112.5,"time":52.75},{"type":"mine","angle":90,"time":53},{"type":"mine","angle":67.5,"time":53.25},{"type":"mine","angle":45,"time":53.5},{"type":"mine","angle":22.5,"time":53.75},{"type":"mine","angle":0,"time":54},{"type":"mine","angle":337.5,"time":54.25},{"type":"mine","angle":315,"time":54.5},{"type":"mine","angle":292.5,"time":54.75},{"type":"mine","angle":270,"time":55},{"type":"mine","angle":247.5,"time":55.25},{"type":"mine","angle":225,"time":55.5},{"type":"mine","angle":202.5,"time":55.75},{"type":"mine","angle":180,"time":56},{"type":"side","angle":225,"time":57},{"type":"hold","angle2":-45,"time":56,"angle":0,"startTap":true,"duration":0.5},{"type":"block","angle":180,"time":57.5},{"type":"block","angle":157.5,"time":58},{"type":"block","angle":180,"time":58.5},{"type":"side","angle":270,"time":59},{"type":"block","angle":315,"time":59.5},{"type":"block","angle":337.5,"time":60},{"type":"block","angle":0,"time":60.5},{"type":"side","angle":112.5,"time":61},{"type":"block","angle":135,"time":61.5},{"type":"hold","duration":0.5,"angle2":202.5,"time":62,"angle":157.5},{"type":"hold","duration":0.5,"angle2":180,"time":62.5,"angle":202.5},{"type":"hold","duration":0.5,"angle2":225,"time":63,"angle":180},{"type":"inverse","angle":247.5,"time":64},{"type":"inverse","angle":225,"time":64.5},{"type":"side","angle":292.5,"time":65},{"type":"block","angle":337.5,"time":65.5},{"type":"block","angle":360,"time":66},{"type":"block","angle":22.5,"time":66.5},{"type":"block","angle":247.5,"time":67.5},{"type":"side","angle":315,"time":67},{"type":"inverse","angle":225,"time":68},{"type":"inverse","angle":292.5,"time":68.75},{"type":"inverse","angle":315,"time":69},{"type":"inverse","angle":270,"time":68.5},{"type":"inverse","angle":247.5,"time":68.25},{"type":"inverse","angle":337.5,"time":69.25},{"type":"inverse","angle":0,"time":69.5},{"type":"inverse","angle":22.5,"time":69.75},{"type":"hold","holdEase":"inSine","angle":45,"time":70,"angle2":-45,"duration":1},{"type":"hold","angle2":247.5,"time":71,"angle":315,"startTap":true,"duration":1},{"type":"hold","angle2":225,"time":71,"angle":292.5,"startTap":true,"duration":1},{"type":"hold","angle2":292.5,"time":72,"angle":247.5,"startTap":true,"duration":1},{"type":"hold","angle2":270,"time":72,"angle":225,"startTap":true,"duration":1},{"type":"mineHold","duration":0.5,"angle2":180,"time":73,"angle":225},{"type":"mineHold","duration":0.5,"angle2":90,"time":75,"angle":45},{"type":"mineHold","duration":0.5,"angle2":315,"time":75,"angle":270},{"type":"mine","angle":247.5,"time":75.116683959961},{"type":"mine","angle":197.89208984375,"time":75.172180175781},{"type":"mine","angle":270.05725097656,"time":75.318481445313},{"type":"mine","angle":240.2809753418,"time":75.388008117676},{"type":"mine","angle":140.07014465332,"time":75.331489562988},{"type":"mine","angle":185.59768676758,"time":75.271781921387},{"type":"mine","angle":152.84365844727,"time":75.169212341309},{"type":"mine","angle":158.22752380371,"time":75.480186462402},{"type":"mine","angle":116.24040222168,"time":75.405632019043},{"type":"mine","angle":97.911079406738,"time":75.14128112793},{"type":"mine","angle":75.787940979004,"time":75.285697937012},{"type":"mine","angle":90.478317260742,"time":75.404655456543},{"type":"mine","angle":128.32745361328,"time":75.166435241699},{"type":"mine","angle":198.98625183105,"time":73.091407775879},{"type":"mine","angle":129.60272979736,"time":73.372756958008},{"type":"mine","angle":170.04243469238,"time":73.404495239258},{"type":"mine","angle":146.99851226807,"time":73.31282043457},{"type":"mine","angle":164.68704223633,"time":73.140083312988},{"type":"mine","angle":168.73245239258,"time":73.697311401367},{"type":"mine","angle":156.10766601563,"time":73.688026428223},{"type":"mine","angle":131.24369812012,"time":73.699264526367},{"type":"mine","angle":97.153160095215,"time":73.425712585449},{"type":"mine","angle":116.52826690674,"time":73.278991699219},{"type":"mine","angle":141.42971801758,"time":73.666793823242},{"type":"mine","angle":61.678680419922,"time":73.42219543457},{"type":"mine","angle":27.575988292694,"time":73.497894287109},{"type":"mine","angle":354.18865966797,"time":73.552925109863},{"type":"mine","angle":338.03546142578,"time":73.591041564941},{"type":"mine","angle":369.59671020508,"time":73.270393371582},{"type":"mine","angle":370.07150268555,"time":73.56901550293},{"type":"mine","angle":44.327959060669,"time":73.665748596191},{"type":"mine","angle":39.721508026123,"time":73.27571105957},{"type":"mine","angle":82.925754547119,"time":73.579429626465},{"type":"mine","angle":85.226379394531,"time":73.173782348633},{"type":"mine","angle":112.07028961182,"time":73.663345336914},{"type":"mine","angle":62.676773071289,"time":73.647506713867},{"type":"mine","angle":100.2815322876,"time":73.731727600098},{"type":"mine","angle":171.13311767578,"time":75.299247741699},{"type":"mine","angle":222.54345703125,"time":75.335945129395},{"type":"mine","angle":284.87982177734,"time":75.428726196289},{"type":"mine","angle":255.50741577148,"time":75.480751037598},{"type":"mine","angle":217.35163879395,"time":75.143264770508},{"type":"mine","angle":202.87284851074,"time":75.46662902832},{"type":"block","angle":247.5,"time":74},{"type":"block","angle":45,"time":76},{"type":"block","angle":22.5,"time":76.5},{"type":"hold","duration":1,"angle2":292.5,"time":77,"angle":360},{"type":"inverse","angle":315,"time":78,"endAngle":292.5},{"type":"inverse","angle":292.5,"time":77.75,"endAngle":325},{"type":"block","angle":337.5,"time":79},{"type":"block","angle":0,"time":79.25},{"type":"side","tap":true,"time":80,"angle":270},{"type":"side","tap":true,"time":81,"angle":90},{"type":"side","tap":true,"time":83,"angle":90},{"type":"side","tap":true,"time":82,"angle":270},{"type":"mineHold","duration":4,"angle2":-540,"time":80,"angle":90},{"type":"hold","holdEase":"outSine","angle":0,"time":84,"duration":4,"startTap":true,"angle2":360},{"type":"hold","angle2":-22.5,"time":88,"angle":22.5,"startTap":true,"duration":1},{"type":"hold","angle2":-45,"time":88,"angle":0,"startTap":true,"duration":1},{"type":"mineHold","duration":2,"angle2":427.5,"time":89,"angle":247.5},{"type":"mineHold","duration":2,"angle2":180,"time":89,"angle":45},{"type":"hold","duration":1,"angle2":67.5,"time":91,"angle":112.5},{"type":"block","angle":45,"time":92.5},{"type":"inverse","angle":22.5,"time":93},{"type":"inverse","angle":45,"time":93.25},{"type":"inverse","angle":67.5,"time":93.5},{"type":"inverse","angle":90,"time":93.75},{"type":"inverse","angle":112.5,"time":94},{"type":"inverse","angle":67.5,"time":94.5},{"type":"block","angle":45,"time":95},{"type":"block","angle":22.5,"time":95.333335876465},{"type":"block","angle":0,"time":95.666664123535},{"type":"hold","duration":0.5,"angle2":292.5,"time":96,"angle":337.5},{"type":"hold","duration":0.5,"angle2":315,"time":96.5,"angle":292.5},{"type":"hold","duration":1,"angle2":225,"time":97,"angle":315},{"type":"inverse","angle":202.5,"time":98,"endAngle":225},{"type":"inverse","angle":225,"time":98.25},{"type":"inverse","angle":247.5,"time":98.5},{"type":"inverse","angle":270,"time":98.75},{"type":"block","angle":292.5,"time":99},{"type":"block","angle":270,"time":99.25},{"type":"block","angle":247.5,"time":99.5},{"type":"block","angle":225,"time":99.75},{"type":"hold","duration":1,"angle2":270,"time":100,"angle":202.5},{"type":"side","angle":180,"time":102},{"type":"hold","angle2":45,"time":103,"angle":90,"startTap":true,"duration":1},{"type":"hold","angle2":67.5,"time":103,"angle":112.5,"startTap":true,"duration":1},{"type":"block","tap":true,"time":104,"angle":45},{"type":"block","angle":22.5,"time":104.5},{"type":"hold","duration":0,"angle2":337.5,"time":105,"angle":360},{"type":"block","angle":315,"time":105.5},{"type":"hold","angle2":247.5,"time":106,"angle":292.5,"startTap":true,"duration":0.5},{"type":"hold","angle2":225,"time":106,"angle":270,"startTap":true,"duration":0.5},{"type":"side","angle":292.5,"time":107},{"type":"block","angle":337.5,"time":107.5},{"type":"hold","angle2":45,"time":108,"angle":0,"startTap":true,"duration":0.5},{"type":"hold","angle2":67.5,"time":108,"angle":22.5,"startTap":true,"duration":0.5},{"type":"hold","holdEase":"outSine","angle":90,"time":109,"angle2":22.5,"duration":1},{"type":"hold","angle2":-22.5,"time":110,"angle":22.5,"startTap":true,"duration":0.5},{"type":"hold","angle2":315,"time":110,"angle":360,"startTap":true,"duration":0.5},{"type":"hold","duration":0,"angle2":292.5,"time":111,"angle":270},{"type":"block","angle":247.5,"time":111.5},{"type":"block","tap":true,"time":112,"angle":225},{"type":"block","angle":247.5,"time":112.25},{"type":"block","angle":270,"time":112.5},{"type":"block","angle":292.5,"time":112.75},{"type":"block","tap":true,"time":113,"angle":315},{"type":"block","angle":337.5,"time":113.25},{"type":"block","angle":360,"time":113.5},{"type":"block","angle":22.5,"time":113.75},{"type":"block","tap":true,"time":114,"angle":45},{"type":"block","angle":67.5,"time":114.25},{"type":"block","angle":90,"time":114.5},{"type":"block","angle":112.5,"time":114.75},{"type":"block","tap":true,"time":115,"angle":135},{"type":"block","angle":157.5,"time":115.25},{"type":"block","angle":180,"time":115.5},{"type":"block","angle":202.5,"time":115.75},{"type":"mineHold","duration":1,"angle2":-22.5,"time":24,"angle":90},{"type":"mineHold","duration":1,"angle2":22.5,"time":24,"angle":135},{"type":"mineHold","duration":1,"angle2":112.5,"time":24,"angle":225},{"duration":1,"type":"mineHold","angle2":157.5,"time":24,"angle":270},{"type":"mineHold","duration":1,"angle2":67.5,"time":24,"angle":180},{"type":"mineHold","duration":1,"angle2":202.5,"time":39,"angle":157.5},{"type":"mineHold","duration":1,"angle2":225,"time":39,"angle":180},{"type":"mineHold","duration":1,"angle2":292.5,"time":39,"angle":247.5},{"type":"mineHold","duration":1,"angle2":315,"time":39,"angle":270},{"type":"mineHold","duration":1,"angle2":382.5,"time":39,"angle":337.5},{"type":"mineHold","duration":1,"angle2":405,"time":39,"angle":360},{"type":"mineHold","duration":1,"angle2":180,"time":40,"angle":202.5},{"type":"mineHold","duration":1,"angle2":202.5,"time":40,"angle":225},{"type":"mineHold","duration":1,"angle2":270,"time":40,"angle":292.5},{"type":"mineHold","duration":1,"angle2":292.5,"time":40,"angle":315},{"type":"mineHold","duration":1,"angle2":0,"time":40,"angle":22.5},{"type":"mineHold","duration":1,"angle2":22.5,"time":40,"angle":45},{"type":"mine","angle":180,"time":84},{"type":"mineHold","duration":1,"angle2":90,"time":20,"angle":247.5},{"duration":1,"type":"mineHold","angle2":315,"time":73,"angle":360}]