{"events":[{"offset":0.10000000149012,"angle":360,"file":"21st Century Humor But It_'s A Rave Song (192kbps).ogg","time":0,"bpm":200,"volume":1,"type":"play"},{"type":"ease","var":"scrollSpeed","angle":315,"time":0,"duration":4,"value":0.40000000596046,"ease":"outSine"},{"type":"ease","duration":2,"angle":315,"time":52,"var":"scrollSpeed","value":0.30000001192093,"ease":"outSine"},{"type":"ease","var":"scrollSpeed","angle":270,"time":54,"duration":2,"value":1,"ease":"inSine"},{"type":"ease","var":"scrollSpeed","angle":315,"time":84,"duration":2,"value":0.30000001192093,"ease":"outSine"},{"type":"ease","duration":2,"angle":270,"time":86,"var":"scrollSpeed","value":1,"ease":"inSine"},{"var":"vfx.canvPos.sx","angle":225,"time":119,"value":2.5,"type":"ease"},{"var":"vfx.canvPos.sy","angle":202.5,"time":119,"value":2.5,"type":"ease"},{"var":"p.x","angle":180,"time":119,"value":240,"type":"ease"},{"var":"p.y","angle":157.5,"time":119,"value":170,"type":"ease"},{"type":"setBoolean","angle":135,"time":119,"enable":false,"var":"vfx.drawUI"},{"type":"forcePlayerSprite","spriteName":"idle","angle":247.5,"time":119},{"var":"vfx.canvPos.sx","angle":225,"time":125,"value":1,"type":"ease"},{"var":"vfx.canvPos.sy","angle":202.5,"time":125,"value":1,"type":"ease"},{"var":"p.x","angle":180,"time":125,"value":300,"type":"ease"},{"var":"p.y","angle":157.5,"time":125,"value":180,"type":"ease"},{"type":"setBoolean","angle":135,"time":125,"enable":true,"var":"vfx.drawUI"},{"type":"forcePlayerSprite","spriteName":"idle","angle":247.5,"time":125},{"type":"forcePlayerSprite","spriteName":"miss","angle":247.5,"time":124.125},{"type":"deco","sprite":"uh oh.png","angle":270,"time":119,"y":192,"id":"uh oh","x":320},{"duration":1,"angle":90,"color":6,"r":255,"type":"setColor","time":121,"ease":"linear","g":255,"b":255},{"duration":1,"angle":112.5,"color":7,"r":149,"type":"setColor","time":121,"ease":"linear","g":149,"b":149},{"type":"deco","id":"uh oh","angle":270,"time":125,"hide":true},{"type":"noise","angle":247.5,"time":0,"color":0,"chance":0.40000000596046},{"type":"hom","angle":90,"time":0,"enable":true},{"duration":4,"angle":22.5,"start":4,"var":"vfx.hwaves.strength","time":0,"type":"ease","value":0.40000000596046,"ease":"linear"},{"duration":4,"angle":45,"start":10,"var":"vfx.hwaves.period","time":0,"type":"ease","value":0.40000000596046,"ease":"linear"},{"type":"setColor","angle":225,"time":0,"color":0,"b":0,"g":0,"r":0},{"type":"setColor","angle":202.5,"time":0,"color":1,"b":255,"g":255,"r":255},{"type":"setColor","angle":292.5,"time":119,"color":0,"b":255,"g":255,"r":255},{"type":"setColor","angle":315,"time":119,"color":1,"b":0,"g":0,"r":0},{"type":"hom","angle":270,"time":116,"enable":false},{"type":"noise","angle":247.5,"time":116,"color":0,"chance":0},{"duration":4.5,"angle":315,"color":0,"r":255,"type":"setColor","time":3,"ease":"inQuad","g":255,"b":255},{"duration":4.5,"angle":292.5,"color":1,"r":0,"type":"setColor","time":3,"ease":"inSine","g":0,"b":0},{"type":"ease","duration":4,"angle":270,"time":4,"var":"scrollSpeed","value":1,"ease":"inSine"},{"type":"hom","angle":315,"time":8,"enable":false},{"type":"noise","angle":292.5,"time":8,"color":0,"chance":0},{"type":"hom","angle":337.5,"time":25,"enable":false},{"type":"noise","angle":315,"time":25,"color":0,"chance":0},{"type":"setColor","angle":225,"time":25,"color":0,"b":255,"g":255,"r":255},{"type":"setColor","angle":202.5,"time":25,"color":1,"b":0,"g":0,"r":0},{"var":"vfx.hwaves.strength","angle":45,"time":24,"value":5,"type":"ease"},{"duration":1,"angle":22.5,"start":2,"var":"vfx.hwaves.period","time":24,"type":"ease","value":30,"ease":"linear"},{"type":"setColor","angle":315,"time":24,"color":1,"b":255,"g":255,"r":255},{"type":"setColor","angle":337.5,"time":24,"color":0,"b":0,"g":0,"r":255},{"var":"vfx.hwaves.strength","angle":45,"time":25,"value":0,"type":"ease"},{"var":"vfx.hwaves.period","angle":22.5,"time":25,"value":0,"type":"ease"},{"type":"hom","angle":337.5,"time":41,"enable":false},{"type":"noise","angle":247.5,"time":41,"color":0,"chance":0},{"type":"setColor","angle":180,"time":40,"color":0,"b":146,"g":28,"r":206},{"type":"setColor","angle":157.5,"time":40,"color":1,"r":255,"g":255,"b":255},{"type":"noise","angle":292.5,"time":39,"color":0,"chance":0.60000002384186},{"duration":2,"angle":45,"start":8,"var":"vfx.hwaves.strength","time":39,"type":"ease","value":5,"ease":"linear"},{"duration":2,"angle":22.5,"start":1,"var":"vfx.hwaves.period","time":39,"type":"ease","value":17,"ease":"linear"},{"type":"setColor","angle":202.5,"time":39,"color":1,"b":255,"g":255,"r":255},{"type":"setColor","angle":225,"time":39,"color":0,"b":210,"g":105,"r":92},{"var":"vfx.hwaves.strength","angle":67.5,"time":41,"value":0,"type":"ease"},{"type":"setColor","angle":157.5,"time":41,"color":0,"b":255,"g":255,"r":255},{"type":"setColor","angle":135,"time":41,"color":1,"b":0,"g":0,"r":0},{"type":"noise","angle":270,"time":52,"color":0,"chance":0.40000000596046},{"type":"hom","angle":157.5,"time":52,"enable":true},{"var":"vfx.hwaves.strength","angle":22.5,"start":4,"type":"ease","time":52,"duration":4,"value":0,"ease":"outSine"},{"var":"vfx.hwaves.period","angle":45,"start":2,"type":"ease","time":52,"duration":4,"value":30,"ease":"outSine"},{"type":"setColor","angle":247.5,"time":52,"color":0,"b":0,"g":0,"r":0},{"type":"setColor","angle":225,"time":52,"color":1,"b":255,"g":255,"r":255},{"type":"hom","angle":157.5,"time":24,"enable":true},{"type":"hom","angle":180,"time":25,"enable":false},{"type":"noise","angle":292.5,"time":24,"color":0,"chance":0.60000002384186},{"var":"vfx.homCanvPos.sx","angle":135,"time":52,"value":1,"type":"ease"},{"var":"vfx.homCanvPos.sy","angle":90,"time":52,"value":1,"type":"ease"},{"var":"vfx.hwaves.period","angle":45,"time":41,"value":0,"type":"ease"},{"type":"hom","angle":315,"time":39,"enable":true},{"type":"setColor","angle":292.5,"time":57,"color":0,"b":255,"g":255,"r":255},{"type":"setColor","angle":270,"time":57,"color":1,"b":0,"g":0,"r":0},{"type":"setColor","angle":382.5,"time":56,"color":1,"b":255,"g":255,"r":255},{"type":"setColor","angle":405,"time":56,"color":0,"b":245,"g":6,"r":153},{"type":"setColor","angle":292.5,"time":72,"color":0,"b":18,"g":199,"r":84},{"type":"setColor","angle":270,"time":72,"color":1,"b":255,"g":255,"r":255},{"type":"setColor","angle":247.5,"time":71,"color":1,"b":255,"g":255,"r":255},{"type":"setColor","angle":270,"time":71,"color":0,"r":17,"g":185,"b":179},{"type":"setColor","angle":157.5,"time":73,"color":0,"b":255,"g":255,"r":255},{"type":"setColor","angle":135,"time":73,"color":1,"b":0,"g":0,"r":0},{"type":"noise","angle":315,"time":57,"color":0,"chance":0},{"type":"noise","angle":315,"time":73,"color":0,"chance":0},{"type":"noise","angle":67.5,"time":71,"color":0,"chance":0.60000002384186},{"type":"noise","angle":292.5,"time":56,"color":0,"chance":0.60000002384186},{"var":"vfx.hwaves.strength","angle":112.5,"time":56,"value":5,"type":"ease"},{"duration":1,"angle":90,"start":2,"var":"vfx.hwaves.period","time":56,"type":"ease","value":30,"ease":"linear"},{"var":"vfx.hwaves.strength","angle":112.5,"time":57,"value":0,"type":"ease"},{"var":"vfx.hwaves.period","angle":90,"time":57,"value":0,"type":"ease"},{"var":"vfx.hwaves.strength","angle":0,"start":8,"type":"ease","time":71,"duration":2,"value":1,"ease":"linear"},{"var":"vfx.hwaves.period","angle":337.5,"start":1,"type":"ease","time":71,"duration":2,"value":17,"ease":"linear"},{"var":"vfx.hwaves.strength","angle":67.5,"time":73,"value":0,"type":"ease"},{"type":"ease","angle":112.5,"time":73,"value":0,"var":"vfx.hwaves.period"},{"type":"hom","angle":337.5,"time":57,"enable":false},{"type":"hom","angle":157.5,"time":71,"enable":true},{"type":"hom","angle":247.5,"time":73,"enable":false},{"type":"ease","duration":2,"angle":315,"time":84,"var":"scrollSpeed","value":0.30000001192093,"ease":"outSine"},{"type":"noise","angle":135,"time":80,"color":0,"chance":0.20000000298023},{"type":"hom","angle":180,"time":80,"enable":true},{"duration":4,"angle":22.5,"start":4,"var":"vfx.hwaves.strength","time":84,"type":"ease","value":0,"ease":"outSine"},{"duration":4,"angle":45,"start":2,"var":"vfx.hwaves.period","time":84,"type":"ease","value":30,"ease":"outSine"},{"type":"setColor","angle":247.5,"time":84,"color":0,"r":0,"g":0,"b":0},{"var":"vfx.homCanvPos.sx","angle":112.5,"time":84,"value":1,"type":"ease"},{"var":"vfx.homCanvPos.sy","angle":90,"time":84,"value":1,"type":"ease"},{"type":"setColor","angle":225,"time":89,"color":0,"b":255,"g":255,"r":255},{"type":"setColor","angle":202.5,"time":89,"color":1,"b":0,"g":0,"r":0},{"type":"setColor","angle":337.5,"time":88,"color":0,"r":164,"g":192,"b":55},{"type":"setColor","angle":180,"time":104,"color":0,"b":53,"g":179,"r":21},{"type":"setColor","angle":225,"time":103,"color":1,"r":255,"g":255,"b":255},{"type":"setColor","angle":247.5,"time":103,"color":0,"r":172,"g":60,"b":165},{"type":"setColor","angle":157.5,"time":105,"color":0,"r":255,"g":255,"b":255},{"type":"setColor","angle":135,"time":105,"color":1,"b":0,"g":0,"r":0},{"type":"noise","angle":292.5,"time":89,"color":0,"chance":0},{"type":"noise","angle":247.5,"time":105,"color":0,"chance":0},{"type":"noise","angle":337.5,"time":103,"color":0,"chance":0.60000002384186},{"type":"noise","angle":292.5,"time":88,"color":0,"chance":0.60000002384186},{"type":"setColor","angle":202.5,"time":106,"color":0,"b":1,"g":87,"r":212},{"type":"setColor","angle":180,"time":106,"color":1,"b":255,"g":255,"r":255},{"type":"setColor","angle":180,"time":107,"color":0,"b":255,"g":255,"r":255},{"type":"setColor","angle":157.5,"time":107,"color":1,"b":0,"g":0,"r":0},{"type":"setColor","angle":180,"time":108,"color":0,"b":165,"g":147,"r":0},{"type":"setColor","angle":157.5,"time":108,"color":1,"b":255,"g":255,"r":255},{"type":"setColor","angle":157.5,"time":109,"color":0,"r":255,"g":255,"b":255},{"type":"setColor","angle":135,"time":109,"color":1,"b":0,"g":0,"r":0},{"type":"setColor","angle":157.5,"time":111,"color":0,"r":255,"g":255,"b":255},{"type":"setColor","angle":135,"time":111,"color":1,"r":0,"g":0,"b":0},{"type":"setColor","angle":135,"time":112,"color":0,"r":2,"g":156,"b":180},{"type":"setColor","angle":157.5,"time":112,"color":1,"r":255,"g":255,"b":255},{"type":"setColor","angle":135,"time":113,"color":0,"r":204,"g":13,"b":35},{"type":"setColor","angle":157.5,"time":114,"color":0,"r":44,"g":198,"b":127},{"type":"setColor","angle":157.5,"time":115,"color":0,"r":215,"g":148,"b":25},{"type":"setColor","angle":157.5,"time":116,"color":0,"r":0,"g":0,"b":0},{"type":"setColor","angle":135,"time":116,"color":1,"b":255,"g":255,"r":255},{"type":"hom","angle":0,"time":89,"enable":false},{"type":"hom","angle":157.5,"time":103,"enable":true},{"type":"hom","angle":90,"time":105,"enable":false},{"type":"hom","angle":112.5,"time":106,"enable":true},{"type":"hom","angle":112.5,"time":107,"enable":false},{"type":"hom","angle":135,"time":108,"enable":true},{"type":"hom","angle":112.5,"time":109,"enable":false},{"type":"hom","angle":135,"time":110,"enable":true},{"type":"hom","angle":112.5,"time":111,"enable":false},{"type":"hom","angle":112.5,"time":112,"enable":true},{"type":"noise","angle":360,"time":107,"color":0,"chance":0},{"type":"noise","angle":337.5,"time":106,"color":0,"chance":0.60000002384186},{"type":"noise","angle":315,"time":109,"color":0,"chance":0},{"type":"noise","angle":292.5,"time":108,"color":0,"chance":0.60000002384186},{"type":"noise","angle":315,"time":111,"color":0,"chance":0},{"type":"noise","angle":292.5,"time":110,"color":0,"chance":0.60000002384186},{"type":"noise","angle":315,"time":112,"color":0,"chance":0.69999998807907},{"type":"ease","angle":112.5,"time":88,"value":5,"var":"vfx.hwaves.strength"},{"duration":1,"angle":90,"start":2,"var":"vfx.hwaves.period","time":88,"type":"ease","value":30,"ease":"linear"},{"var":"vfx.hwaves.strength","angle":112.5,"time":89,"value":0,"type":"ease"},{"var":"vfx.hwaves.period","angle":90,"time":89,"value":0,"type":"ease"},{"var":"vfx.hwaves.strength","angle":67.5,"start":8,"duration":2,"time":103,"type":"ease","value":1,"ease":"linear"},{"var":"vfx.hwaves.period","angle":45,"start":1,"duration":2,"time":103,"type":"ease","value":17,"ease":"linear"},{"var":"vfx.hwaves.strength","angle":135,"time":105,"value":0,"type":"ease"},{"type":"ease","angle":112.5,"time":105,"value":0,"var":"vfx.hwaves.period"},{"var":"vfx.hwaves.strength","angle":90,"time":106,"value":5,"type":"ease"},{"var":"vfx.hwaves.period","angle":67.5,"start":2,"duration":1,"time":106,"type":"ease","value":30,"ease":"linear"},{"var":"vfx.hwaves.strength","angle":90,"time":107,"value":0,"type":"ease"},{"type":"ease","angle":67.5,"time":107,"value":0,"var":"vfx.hwaves.period"},{"type":"ease","angle":247.5,"time":108,"value":5,"var":"vfx.hwaves.strength"},{"var":"vfx.hwaves.period","angle":225,"start":2,"duration":1,"time":108,"type":"ease","value":30,"ease":"linear"},{"var":"vfx.hwaves.strength","angle":247.5,"time":109,"value":0,"type":"ease"},{"type":"ease","angle":225,"time":109,"value":0,"var":"vfx.hwaves.period"},{"var":"vfx.hwaves.strength","angle":90,"time":110,"value":5,"type":"ease"},{"var":"vfx.hwaves.period","angle":67.5,"start":2,"duration":1,"time":110,"type":"ease","value":30,"ease":"linear"},{"var":"vfx.hwaves.strength","angle":90,"time":111,"value":0,"type":"ease"},{"type":"ease","angle":67.5,"time":111,"value":0,"var":"vfx.hwaves.period"},{"type":"setColor","angle":247.5,"time":80,"color":0,"b":207,"g":54,"r":13},{"type":"setColor","angle":225,"time":80,"color":1,"r":255,"g":255,"b":255},{"type":"setColor","angle":247.5,"time":81,"color":0,"r":224,"g":184,"b":41},{"type":"setColor","angle":247.5,"time":82,"color":0,"b":63,"g":36,"r":178},{"type":"setColor","angle":225,"time":81,"color":1,"r":255,"g":255,"b":255},{"type":"setColor","angle":247.5,"time":83,"color":0,"b":135,"g":192,"r":125},{"type":"setColor","angle":180,"time":110,"color":0,"b":115,"g":83,"r":241},{"type":"setColor","angle":157.5,"time":110,"color":1,"b":255,"g":255,"r":255},{"type":"showResults","angle":292.5,"time":125}],"metadata":{"bgData":{"redChannel":{"r":153,"g":99,"b":76},"blueChannel":{"r":104,"g":114,"b":145},"greenChannel":{"r":104,"g":147,"b":107},"yellowChannel":{"r":186,"g":152,"b":108},"magentaChannel":{"r":148,"g":119,"b":136},"image":"THUMB.png","cyanChannel":{"r":116,"g":155,"b":185}},"bg":true,"description":"Truly the level of all time\n\nMechanics used: Mines, Inverses, Sides","songName":"21st Century Humor But It's A Rave Song","artist":"R O C K Y","difficulty":5,"charter":"Random22","artistLink":""},"properties":{"offset":8,"speed":100,"formatversion":13}}