[{"angle2":416.25,"time":3.625,"type":"hold","angle":303.75,"duration":2},{"angle2":697.5,"time":6.5,"type":"hold","angle":78.75,"duration":5.375},{"angle2":337.5,"time":11.875,"type":"hold","angle":337.5,"duration":2},{"angle2":585,"time":14.875,"type":"hold","angle":348.75,"duration":1.5},{"angle2":123.75,"time":16.375,"type":"hold","angle":225,"duration":1.125},{"type":"side","angle":56.25,"time":18.625},{"angle2":45,"time":18.625,"type":"hold","angle":45,"duration":1},{"angle2":168.75,"time":20.625,"type":"hold","angle":22.5,"duration":2.125},{"type":"block","angle":213.75,"time":23.875},{"type":"block","angle":292.5,"time":24.75},{"angle2":416.25,"time":29.5,"type":"hold","angle":225,"duration":2.375},{"type":"inverse","angle":236.25,"time":26},{"type":"inverse","angle":236.25,"time":27},{"type":"block","angle":78.75,"time":33.625},{"type":"block","angle":78.75,"time":32.625},{"type":"block","angle":123.75,"time":34.875},{"type":"block","angle":157.5,"time":36},{"holdEase":"outSine","angle2":427.5,"time":38.125,"type":"hold","angle":225,"duration":2.125},{"holdEase":"inBack","angle2":-33.75,"time":40.25,"type":"hold","angle":67.5,"duration":1.375},{"angle2":326.25,"time":41.625,"type":"hold","angle":326.25,"duration":3},{"angle2":990,"time":46.875,"type":"hold","angle":315,"duration":9.125},{"angle2":810,"time":46.875,"type":"hold","angle":135,"duration":9.125},{"angle2":-438.75,"time":56,"type":"hold","angle":270,"duration":8.625},{"angle2":-258.75,"time":56,"type":"hold","angle":450,"duration":8.625},{"angle2":562.5,"time":64.625,"type":"hold","angle":281.25,"duration":8.625},{"angle2":-78.75,"time":73.25,"type":"hold","angle":202.5,"duration":8.625},{"type":"extraTap","angle":292.5,"time":46.875},{"type":"extraTap","angle":303.75,"time":56},{"type":"extraTap","angle":202.5,"time":64.625},{"type":"extraTap","angle":236.25,"time":73.25},{"type":"extraTap","angle":292.5,"time":81.875},{"holdEase":"inExpo","angle2":427.5,"time":81.875,"type":"hold","angle":281.25,"duration":4.5},{"holdEase":"inElastic","angle2":45,"time":86.375,"type":"hold","angle":67.5,"duration":2.25},{"holdEase":"inQuad","angle2":-78.75,"time":88.625,"type":"hold","angle":45,"duration":2},{"angle2":450,"time":90.625,"type":"hold","angle":281.25,"duration":4.625},{"angle2":-416.25,"time":95.25,"type":"hold","angle":90,"duration":4.25},{"type":"extraTap","angle":337.5,"time":99.5},{"type":"extraTap","angle":225,"time":90.625},{"duration":4.25,"speedMult":5,"type":"hold","angle":123.75,"time":99.625,"angle2":213.75},{"duration":4.375,"speedMult":10,"type":"hold","angle":213.75,"time":103.875,"angle2":247.5},{"type":"extraTap","angle":281.25,"time":108.375},{"angle2":123.75,"time":108.375,"type":"hold","angle":56.25,"duration":4.125},{"angle2":-11.25,"time":112.5,"type":"hold","angle":123.75,"duration":4.25},{"time":121.25,"type":"block","angle":0,"speedMult":0.30000001192093},{"type":"block","angle":326.25,"time":121.75},{"type":"block","angle":360,"time":122.25},{"time":122.75,"type":"block","angle":281.25,"tap":true},{"type":"side","angle":326.25,"time":123.375},{"type":"block","angle":281.25,"time":123},{"angle2":461.25,"time":123.75,"type":"hold","angle":348.75,"duration":0.625},{"type":"side","angle":180,"time":124.75},{"time":125.25,"type":"inverse","angle":202.5,"tap":true},{"angle2":180,"time":125.75,"type":"hold","angle":202.5,"duration":0.25},{"type":"block","angle":157.5,"time":126.375},{"type":"block","angle":101.25,"time":126.875},{"type":"block","angle":56.25,"time":127.375},{"type":"block","angle":90,"time":127.75},{"type":"block","angle":135,"time":128.25},{"angle2":0,"time":128.75,"type":"hold","angle":0,"duration":1},{"type":"block","angle":0,"time":129.25},{"type":"block","angle":326.25,"time":130.25},{"type":"inverse","angle":247.5,"time":130.75},{"angle2":180,"time":130.75,"type":"mineHold","angle":180,"duration":1.5},{"angle2":360,"time":130.75,"type":"mineHold","angle":360,"duration":1.5},{"type":"side","angle":258.75,"time":131.75},{"type":"block","angle":292.5,"time":131.25},{"angle2":292.5,"time":132.25,"type":"hold","angle":247.5,"duration":0.5},{"angle2":247.5,"time":132.75,"type":"hold","angle":292.5,"duration":0.5},{"angle2":247.5,"time":133.25,"type":"hold","angle":247.5,"duration":4},{"type":"block","angle":292.5,"time":133.875},{"type":"block","angle":202.5,"time":134.375},{"type":"block","angle":281.25,"time":134.875},{"type":"block","angle":202.5,"time":135.375},{"type":"block","angle":281.25,"time":135.875},{"type":"block","angle":202.5,"time":136.375},{"type":"block","angle":281.25,"time":136.875},{"type":"block","angle":270,"time":137.625},{"type":"block","angle":292.5,"time":138.25},{"type":"block","angle":326.25,"time":138.75},{"type":"side","angle":292.5,"time":139},{"type":"inverse","angle":258.75,"time":139.875},{"time":140.25,"type":"inverse","angle":281.25,"tap":true},{"type":"side","angle":270,"time":139.25},{"angle2":258.75,"time":140.875,"type":"hold","angle":258.75,"duration":0.875},{"type":"side","angle":337.5,"time":142.125},{"type":"mine","angle":0,"time":142.375},{"type":"mine","angle":11.25,"time":142.375},{"type":"mine","angle":22.5,"time":142.375},{"type":"mine","angle":33.75,"time":142.375},{"type":"mine","angle":45,"time":142.375},{"type":"mine","angle":56.25,"time":142.375},{"type":"mine","angle":67.5,"time":142.375},{"type":"mine","angle":78.75,"time":142.375},{"type":"mine","angle":90,"time":142.375},{"type":"mine","angle":90,"time":142.375},{"type":"mine","angle":101.25,"time":142.375},{"type":"mine","angle":112.5,"time":142.375},{"type":"mine","angle":123.75,"time":142.375},{"type":"mine","angle":135,"time":142.375},{"type":"mine","angle":146.25,"time":142.375},{"type":"mine","angle":146.25,"time":142.375},{"type":"mine","angle":157.5,"time":142.375},{"type":"mine","angle":168.75,"time":142.375},{"type":"mine","angle":180,"time":142.375},{"type":"mine","angle":191.25,"time":142.375},{"type":"mine","angle":348.75,"time":142.375},{"type":"mine","angle":202.5,"time":142.375},{"type":"mine","angle":213.75,"time":142.25},{"type":"mine","angle":225,"time":142.25},{"angle2":348.75,"time":142.625,"type":"hold","angle":292.5,"duration":1.125},{"type":"block","angle":360,"time":144},{"type":"block","angle":45,"time":144.375},{"type":"block","angle":78.75,"time":144.75},{"type":"block","angle":112.5,"time":145.25},{"type":"side","angle":168.75,"time":145.625},{"type":"inverse","angle":225,"time":146.25},{"type":"inverse","angle":247.5,"time":146.75},{"angle2":427.5,"time":147.125,"type":"hold","angle":270,"duration":0.625},{"type":"block","angle":123.75,"time":148.25},{"angle2":123.75,"time":148.75,"type":"hold","angle":146.25,"duration":0.625},{"angle2":157.5,"time":148.75,"type":"hold","angle":146.25,"duration":0.625},{"type":"block","angle":202.5,"time":149.75},{"angle2":270,"time":150,"type":"mineHold","angle":270,"duration":3.5},{"angle2":90,"time":150,"type":"mineHold","angle":90,"duration":3.5},{"type":"block","angle":213.75,"time":150.375},{"type":"block","angle":213.75,"time":150.75},{"type":"block","angle":348.75,"time":151.25},{"type":"block","angle":180,"time":151.625},{"type":"block","angle":157.5,"time":152.75},{"angle2":157.5,"time":153.125,"type":"hold","angle":213.75,"duration":3.25},{"angle2":-22.5,"time":153.125,"type":"hold","angle":33.75,"duration":3.25},{"type":"side","angle":135,"time":156.75},{"type":"side","angle":180,"time":157.25},{"type":"side","angle":270,"time":157.75},{"type":"side","angle":0,"time":158.375},{"type":"side","angle":90,"time":158.875},{"angle2":45,"time":159.25,"type":"hold","angle":123.75,"duration":0.625},{"type":"block","angle":11.25,"time":160.25},{"type":"block","angle":326.25,"time":160.875},{"angle2":33.75,"time":161.375,"type":"hold","angle":303.75,"duration":1},{"type":"inverse","angle":281.25,"time":162.75},{"type":"block","angle":258.75,"time":163.5},{"type":"block","angle":112.5,"time":164.25},{"type":"side","angle":146.25,"time":164.875},{"type":"side","angle":101.25,"time":165.75},{"angle2":-33.75,"time":166.625,"type":"hold","angle":90,"duration":0.625},{"type":"block","angle":315,"time":167.75},{"type":"block","angle":292.5,"time":168.25},{"type":"block","angle":247.5,"time":168.75},{"type":"block","angle":180,"time":169.25},{"angle2":180,"time":169.75,"type":"mineHold","angle":180,"duration":1},{"angle2":191.25,"time":169.75,"type":"mineHold","angle":191.25,"duration":1},{"angle2":202.5,"time":169.75,"type":"mineHold","angle":202.5,"duration":1},{"angle2":213.75,"time":169.75,"type":"mineHold","angle":213.75,"duration":1},{"angle2":225,"time":169.75,"type":"mineHold","angle":225,"duration":1},{"angle2":236.25,"time":169.75,"type":"mineHold","angle":236.25,"duration":1},{"angle2":236.25,"time":169.75,"type":"mineHold","angle":236.25,"duration":1},{"angle2":247.5,"time":169.75,"type":"mineHold","angle":247.5,"duration":1},{"angle2":258.75,"time":169.75,"type":"mineHold","angle":258.75,"duration":1},{"angle2":270,"time":169.75,"type":"mineHold","angle":270,"duration":1},{"angle2":281.25,"time":169.75,"type":"mineHold","angle":281.25,"duration":1},{"angle2":292.5,"time":169.75,"type":"mineHold","angle":292.5,"duration":1},{"angle2":303.75,"time":169.75,"type":"mineHold","angle":303.75,"duration":1},{"angle2":315,"time":169.75,"type":"mineHold","angle":315,"duration":1},{"angle2":326.25,"time":169.75,"type":"mineHold","angle":326.25,"duration":1},{"angle2":168.75,"time":169.75,"type":"mineHold","angle":168.75,"duration":1},{"angle2":157.5,"time":169.75,"type":"mineHold","angle":157.5,"duration":1},{"angle2":146.25,"time":169.75,"type":"mineHold","angle":146.25,"duration":1},{"angle2":135,"time":169.75,"type":"mineHold","angle":135,"duration":1},{"angle2":123.75,"time":169.75,"type":"mineHold","angle":123.75,"duration":1},{"angle2":112.5,"time":169.75,"type":"mineHold","angle":112.5,"duration":1},{"angle2":101.25,"time":169.75,"type":"mineHold","angle":101.25,"duration":1},{"angle2":90,"time":169.75,"type":"mineHold","angle":90,"duration":1},{"angle2":78.75,"time":169.75,"type":"mineHold","angle":78.75,"duration":1},{"angle2":67.5,"time":169.75,"type":"mineHold","angle":67.5,"duration":1},{"angle2":56.25,"time":169.75,"type":"mineHold","angle":56.25,"duration":1},{"type":"block","angle":11.25,"time":169.75},{"type":"block","angle":11.25,"time":170.25},{"holdEase":"inBack","angle2":-45,"time":170.625,"type":"hold","angle":11.25,"duration":0.5,"segments":2},{"type":"block","angle":303.75,"time":171.75},{"angle2":438.75,"time":172.375,"type":"hold","angle":326.25,"duration":0.375},{"time":173.375,"type":"block","angle":101.25,"tap":true},{"type":"block","angle":135,"time":173.875},{"type":"block","angle":191.25,"time":174.25},{"type":"block","angle":191.25,"time":174.75},{"type":"block","angle":303.75,"time":175.25},{"type":"block","angle":56.25,"time":175.75},{"type":"block","angle":146.25,"time":165.25},{"type":"block","angle":101.25,"time":166.125},{"type":"block","angle":22.5,"time":176.25},{"type":"block","angle":45,"time":176.75},{"angle2":146.25,"time":177.125,"type":"hold","angle":78.75,"duration":0.75},{"type":"side","angle":180,"time":178.375},{"type":"block","angle":213.75,"time":178.875},{"type":"block","angle":258.75,"time":179.375},{"type":"block","angle":270,"time":179.875},{"type":"inverse","angle":270,"time":180.375},{"type":"inverse","angle":236.25,"time":180.75},{"type":"block","angle":213.75,"time":181.25},{"type":"side","angle":180,"time":181.75},{"angle2":33.75,"time":182.25,"type":"hold","angle":146.25,"duration":1},{"type":"block","angle":22.5,"time":183.75},{"type":"block","angle":348.75,"time":184.25},{"angle2":236.25,"time":184.625,"type":"hold","angle":326.25,"duration":0.625},{"angle2":303.75,"time":185.25,"type":"hold","angle":236.25,"duration":2},{"type":"block","angle":303.75,"time":187.25},{"type":"block","angle":270,"time":187.75},{"type":"block","angle":270,"time":187.875},{"type":"block","angle":270,"time":188},{"type":"block","angle":247.5,"time":188.5},{"type":"block","angle":258.75,"time":188.25},{"type":"block","angle":236.25,"time":188.75},{"type":"block","angle":202.5,"time":189.25},{"type":"block","angle":135,"time":189.75},{"type":"block","angle":56.25,"time":190.375},{"angle2":371.25,"time":190.75,"type":"hold","angle":315,"duration":0.5},{"angle2":-45,"time":191.375,"type":"hold","angle":45,"duration":0.75},{"type":"block","angle":303.75,"time":192.375},{"type":"block","angle":258.75,"time":192.875},{"type":"block","angle":213.75,"time":193.375},{"type":"block","angle":213.75,"time":193.875},{"type":"block","angle":146.25,"time":194.375},{"type":"block","angle":90,"time":194.75},{"type":"block","angle":45,"time":195.25},{"type":"side","angle":22.5,"time":196.375},{"type":"block","angle":22.5,"time":196.625},{"type":"block","angle":22.5,"time":196.75},{"type":"block","angle":22.5,"time":196.875},{"type":"block","angle":56.25,"time":197.25},{"type":"block","angle":0,"time":197.75},{"type":"block","angle":303.75,"time":198.625},{"type":"block","angle":337.5,"time":198.25},{"type":"block","angle":360,"time":195.75},{"type":"block","angle":191.25,"time":199.875},{"type":"block","angle":247.5,"time":199.375},{"holdEase":"inQuint","angle2":56.25,"time":200.375,"type":"hold","angle":168.75,"duration":1},{"type":"block","angle":33.75,"time":201.875},{"type":"side","angle":0,"time":202.5},{"type":"side","angle":270,"time":203},{"type":"side","angle":180,"time":203.5},{"type":"side","angle":90,"time":203.875},{"type":"block","angle":67.5,"time":204.5},{"type":"block","angle":180,"time":204.875},{"type":"block","angle":236.25,"time":205.5},{"type":"block","angle":236.25,"time":205.375},{"type":"block","angle":213.75,"time":205.75},{"angle2":67.5,"time":206,"type":"hold","angle":202.5,"duration":0.5},{"type":"block","angle":67.5,"time":206.75},{"type":"block","angle":78.75,"time":207.5},{"type":"block","angle":22.5,"time":207.25},{"type":"block","angle":22.5,"time":208.25},{"type":"block","angle":78.75,"time":208.5},{"angle2":11.25,"time":208.75,"type":"hold","angle":112.5,"duration":0.5},{"angle2":-112.5,"time":209.25,"type":"hold","angle":11.25,"duration":1.375},{"angle2":-90,"time":209.5,"type":"hold","angle":22.5,"duration":1},{"angle2":-56.25,"time":209.75,"type":"hold","angle":0,"duration":0.5},{"angle2":337.5,"time":211.25,"type":"hold","angle":236.25,"duration":1},{"angle2":303.75,"time":211.75,"type":"hold","angle":247.5,"duration":0.125},{"angle2":348.75,"time":211.875,"type":"hold","angle":247.5,"duration":0.5},{"type":"side","angle":45,"time":212.875},{"angle2":67.5,"time":213,"type":"hold","angle":67.5,"duration":0.25},{"angle2":101.25,"time":213.25,"type":"hold","angle":67.5,"duration":0.5},{"angle2":45,"time":213.75,"type":"hold","angle":101.25,"duration":0.625},{"angle2":90,"time":214.375,"type":"hold","angle":45,"duration":0.25},{"angle2":22.5,"time":214.625,"type":"hold","angle":90,"duration":0.375},{"angle2":-11.25,"time":215,"type":"hold","angle":22.5,"duration":0.5},{"angle2":292.5,"time":215.5,"type":"hold","angle":348.75,"duration":0.375},{"angle2":348.75,"time":215.875,"type":"hold","angle":292.5,"duration":0.375},{"angle2":427.5,"time":216.25,"type":"hold","angle":348.75,"duration":0.375},{"type":"side","angle":101.25,"time":217},{"type":"block","angle":123.75,"time":217.75},{"type":"block","angle":101.25,"time":217.25},{"type":"block","angle":146.25,"time":218},{"angle2":56.25,"time":218.25,"type":"hold","angle":168.75,"duration":0.375},{"type":"block","angle":360,"time":219.25},{"type":"block","angle":300,"time":219.75},{"type":"block","angle":240,"time":220},{"type":"block","angle":180,"time":220.375},{"type":"block","angle":120,"time":220.875},{"type":"block","angle":60,"time":221},{"type":"block","angle":0,"time":221.375},{"type":"block","angle":300,"time":221.75},{"type":"block","angle":240,"time":222.625},{"type":"block","angle":360,"time":223.25},{"type":"block","angle":0,"time":223.375},{"type":"block","angle":120,"time":223.625},{"type":"block","angle":60,"time":224.25},{"type":"block","angle":60,"time":224.625},{"type":"side","angle":22.5,"time":224.875},{"duration":0.75,"time":225.375,"type":"hold","angle":348.75,"angle2":247.5},{"type":"side","angle":191.25,"time":226.5},{"type":"block","angle":191.25,"time":227.375},{"type":"block","angle":270,"time":222},{"angle2":225,"time":228,"type":"hold","angle":180,"duration":0.375},{"angle2":180,"time":228.375,"type":"hold","angle":225,"duration":0.375},{"angle2":225,"time":228.75,"type":"hold","angle":180,"duration":0.375},{"angle2":180,"time":229.125,"type":"hold","angle":225,"duration":0.375},{"type":"side","angle":213.75,"time":230},{"type":"side","angle":258.75,"time":222.375},{"type":"block","angle":236.25,"time":230.125},{"type":"block","angle":326.25,"time":230.625},{"type":"block","angle":11.25,"time":231.25},{"type":"block","angle":11.25,"time":231.375},{"type":"block","angle":56.25,"time":231.75},{"type":"block","angle":101.25,"time":232.125},{"type":"side","angle":101.25,"time":233},{"type":"side","angle":101.25,"time":233.375},{"type":"block","angle":78.75,"time":233.875},{"type":"block","angle":78.75,"time":234.25},{"type":"block","angle":112.5,"time":234.5},{"type":"block","angle":123.75,"time":235.125},{"type":"block","angle":157.5,"time":235.5},{"type":"block","angle":202.5,"time":235.75},{"angle2":303.75,"time":236.375,"type":"hold","angle":236.25,"duration":0.5},{"type":"block","angle":303.75,"time":237.125},{"type":"block","angle":303.75,"time":237.25},{"angle2":393.75,"time":237.375,"type":"hold","angle":303.75,"duration":0.5},{"type":"block","angle":45,"time":238.5},{"type":"side","angle":11.25,"time":238.875},{"angle2":258.75,"time":239.25,"type":"hold","angle":337.5,"duration":0.625},{"type":"block","angle":326.25,"time":239.25},{"type":"block","angle":315,"time":239.375},{"type":"block","angle":303.75,"time":239.5},{"type":"side","angle":225,"time":240.5},{"type":"block","angle":247.5,"time":240.25},{"angle2":247.5,"time":241,"type":"hold","angle":213.75,"duration":0.375},{"angle2":382.5,"time":241.375,"type":"hold","angle":247.5,"duration":1},{"type":"block","angle":56.25,"time":242.875},{"type":"block","angle":90,"time":243.25},{"type":"block","angle":101.25,"time":243.625},{"type":"block","angle":123.75,"time":244.25},{"type":"block","angle":123.75,"time":244.375},{"type":"block","angle":123.75,"time":244.625},{"angle2":236.25,"time":245,"type":"hold","angle":146.25,"duration":0.5},{"type":"block","angle":247.5,"time":246},{"type":"block","angle":281.25,"time":246.25},{"angle2":416.25,"time":246.875,"type":"hold","angle":258.75,"duration":0.625},{"type":"block","angle":67.5,"time":247.875},{"type":"block","angle":67.5,"time":248},{"type":"block","angle":90,"time":248.375},{"angle2":123.75,"time":248.625,"type":"hold","angle":90,"duration":0.5},{"type":"side","angle":157.5,"time":249.375}]