{"properties":{"startBeat":0,"speed":70,"formatversion":12,"offset":8,"loadBeat":-1},"metadata":{"charter":"lalafk","difficulty":7,"bg":true,"description":"this prison, to hold ME?","bgData":{"redChannel":{"r":48,"b":2,"g":1},"blueChannel":{"r":185,"b":0,"g":0},"image":"flesh-panopticon.png"},"artistLink":"","songName":"War","artist":"Heaven Pierce Her"},"events":[{"file":"war.ogg","bpm":175,"volume":2,"time":3.125,"type":"play","angle":281.25},{"r":48,"duration":6,"ease":"inOutSine","time":1,"type":"setColor","angle":225,"g":1,"b":2,"color":1},{"r":185,"duration":6,"ease":"inOutSine","time":1,"type":"setColor","angle":213.75,"g":0,"b":0,"color":0},{"time":-1,"type":"hom","angle":101.25,"enable":true},{"spriteName":"","time":-1,"type":"forcePlayerSprite","angle":157.5},{"color":0,"chance":0.60000002384186,"type":"noise","angle":78.75,"time":-1},{"r":0,"b":0,"color":0,"time":-1,"type":"setColor","angle":247.5,"g":0},{"r":0,"b":0,"color":1,"time":-1,"type":"setColor","angle":225,"g":0},{"newWidth":350,"ease":"linear","time":-1,"type":"paddles","angle":292.5,"duration":0,"paddle":1},{"newWidth":70,"ease":"linear","time":5.75,"type":"paddles","angle":45,"duration":1.5,"paddle":1},{"newWidth":70,"ease":"inOutSine","time":45.5,"type":"paddles","angle":326.25,"enabled":true,"newAngle":180,"duration":1,"paddle":2},{"r":0,"b":0,"color":0,"time":64.625,"type":"setColor","angle":303.75,"g":0},{"r":185,"duration":4,"ease":"inOutSine","time":64.75,"type":"setColor","angle":303.75,"g":0,"b":0,"color":0},{"spriteName":"miss","time":46.875,"type":"forcePlayerSprite","angle":348.75},{"spriteName":"","time":49.125,"type":"forcePlayerSprite","angle":112.5},{"spriteName":"miss","time":56,"type":"forcePlayerSprite","angle":281.25},{"spriteName":"","time":57.75,"type":"forcePlayerSprite","angle":123.75},{"angleOffset":false,"time":46.875,"tag":"bounce","angle":303.75,"type":"tag"},{"angleOffset":false,"time":56,"tag":"bounce","angle":292.5,"type":"tag"},{"angleOffset":false,"time":64.625,"tag":"bounce","angle":270,"type":"tag"},{"angleOffset":false,"time":73.25,"tag":"bounce","angle":11.25,"type":"tag"},{"angleOffset":false,"time":81.875,"tag":"bounce","angle":270,"type":"tag"},{"spriteName":"miss","time":64.625,"type":"forcePlayerSprite","angle":225},{"spriteName":"","time":66.25,"type":"forcePlayerSprite","angle":348.75},{"spriteName":"miss","time":73.25,"type":"forcePlayerSprite","angle":225},{"spriteName":"","time":75,"type":"forcePlayerSprite","angle":157.5},{"spriteName":"miss","time":81.875,"type":"forcePlayerSprite","angle":258.75},{"spriteName":"","time":83,"type":"forcePlayerSprite","angle":258.75},{"duration":0,"ease":"linear","time":81.875,"type":"paddles","angle":247.5,"enabled":false,"paddle":2},{"angleOffset":false,"time":90.625,"tag":"bounce","angle":270,"type":"tag"},{"spriteName":"miss","time":90.625,"type":"forcePlayerSprite","angle":247.5},{"spriteName":"","time":92.5,"type":"forcePlayerSprite","angle":247.5},{"angleOffset":false,"time":99.5,"tag":"bounce","angle":348.75,"type":"tag"},{"spriteName":"miss","time":99.5,"type":"forcePlayerSprite","angle":360},{"spriteName":"","time":100.75,"type":"forcePlayerSprite","angle":0},{"duration":0,"ease":"linear","time":99.625,"newAngle":180,"angle":11.25,"type":"paddles","paddle":1},{"spriteName":"miss","time":108.25,"type":"forcePlayerSprite","angle":258.75},{"angleOffset":false,"time":108.25,"tag":"bounce","angle":270,"type":"tag"},{"spriteName":"","time":110.125,"type":"forcePlayerSprite","angle":258.75},{"duration":0,"ease":"linear","time":108.375,"newAngle":0,"angle":236.25,"type":"paddles","paddle":1},{"x":0,"time":117.25,"type":"deco","id":"wall","drawLayer":"bg","y":-500,"angle":337.5,"sprite":"wall.png"},{"r":63,"b":0,"color":3,"time":117,"type":"setColor","angle":315,"g":0},{"r":0,"b":0,"color":2,"time":117,"type":"setColor","angle":303.75,"g":0},{"time":117.25,"type":"hom","angle":360,"enable":false},{"color":0,"chance":0,"type":"noise","angle":11.25,"time":117.25},{"duration":1.2000000476837,"ease":"outSine","y":0,"type":"deco","angle":337.5,"id":"wall","time":117.625},{"r":255,"duration":1.2000000476837,"ease":"inOutSine","time":117.625,"type":"setColor","angle":348.75,"g":0,"b":0,"color":0},{"color":0,"time":-1,"type":"outline","angle":135,"enable":true},{"duration":1,"ease":"inOutSine","time":117.625,"type":"ease","angle":0,"var":"scrollSpeed","value":1.25},{"newWidth":30,"ease":"linear","time":131.125,"type":"paddles","angle":225,"duration":0,"paddle":1},{"newWidth":100,"ease":"linear","time":132.125,"type":"paddles","angle":247.5,"duration":0,"paddle":1},{"newWidth":50,"ease":"linear","time":137.625,"type":"paddles","angle":281.25,"duration":0,"paddle":1},{"newWidth":30,"ease":"linear","time":149.75,"type":"paddles","angle":180,"enabled":true,"newAngle":180,"duration":0,"paddle":2},{"newWidth":30,"ease":"linear","time":149.75,"type":"paddles","angle":168.75,"duration":0,"paddle":1},{"duration":0,"ease":"linear","time":156.5,"type":"paddles","angle":168.75,"enabled":false,"paddle":2},{"newWidth":70,"ease":"linear","time":161.25,"type":"paddles","angle":315,"duration":0,"paddle":1},{"newWidth":40,"ease":"linear","time":162.375,"type":"paddles","angle":292.5,"duration":0,"paddle":1},{"newWidth":60,"ease":"linear","time":208.5,"type":"paddles","angle":90,"duration":0,"paddle":1},{"newWidth":40,"ease":"linear","time":212.5,"type":"paddles","angle":11.25,"duration":0,"paddle":1},{"duration":0,"ease":"linear","time":64.625,"type":"paddles","angle":247.5,"enabled":false,"paddle":2},{"duration":0,"ease":"linear","time":218.25,"type":"paddles","angle":180,"newWidth":70,"paddle":1},{"duration":0,"ease":"linear","time":227.375,"type":"paddles","angle":202.5,"newWidth":40,"paddle":1},{"type":"showResults","angle":168.75,"time":250.625}]}