[{"time":0.75,"endAngle":213.75,"angle":270,"type":"mine","speedMult":1.3999999761581},{"time":0.75,"endAngle":146.25,"angle":56.25,"type":"mine","speedMult":1.3999999761581},{"time":0.75,"endAngle":123.75,"angle":45,"type":"mine","speedMult":1.3999999761581},{"time":0.75,"endAngle":236.25,"angle":202.5,"type":"mine","speedMult":1.3999999761581},{"time":0.75,"endAngle":348.75,"angle":45,"type":"block"},{"time":0.75,"endAngle":11.25,"angle":303.75,"type":"block"},{"time":0.75,"endAngle":0,"angle":67.5,"type":"block"},{"time":0.75,"endAngle":337.5,"angle":247.5,"type":"block"},{"time":0.75,"endAngle":22.5,"angle":78.75,"type":"block"},{"time":1.5,"angle":236.25,"type":"mine","speedMult":1.3999999761581},{"time":1.5,"angle":168.75,"type":"mine","speedMult":1.3999999761581},{"time":1.5,"angle":146.25,"type":"mine","speedMult":1.3999999761581},{"time":1.5,"angle":258.75,"type":"mine","speedMult":1.3999999761581},{"angle":371.25,"time":1.5,"type":"block"},{"angle":33.75,"time":1.5,"type":"block"},{"angle":382.5,"time":1.5,"type":"block"},{"angle":360,"time":1.5,"type":"block"},{"angle":45,"time":1.5,"type":"block"},{"time":4.25,"angle":236.25,"type":"mine","speedMult":1.3999999761581},{"time":4.25,"angle":168.75,"type":"mine","speedMult":1.3999999761581},{"time":4.25,"angle":146.25,"type":"mine","speedMult":1.3999999761581},{"time":4.25,"angle":258.75,"type":"mine","speedMult":1.3999999761581},{"angle":371.25,"time":4.25,"type":"block"},{"angle":33.75,"time":4.25,"type":"block"},{"angle":382.5,"time":4.25,"type":"block"},{"angle":360,"time":4.25,"type":"block"},{"angle":45,"time":4.25,"type":"block"},{"time":4.75,"angle":258.75,"type":"mine","speedMult":1.3999999761581},{"time":4.75,"angle":191.25,"type":"mine","speedMult":1.3999999761581},{"time":4.75,"angle":168.75,"type":"mine","speedMult":1.3999999761581},{"time":4.75,"angle":281.25,"type":"mine","speedMult":1.3999999761581},{"angle":393.75,"time":4.75,"type":"block"},{"angle":56.25,"time":4.75,"type":"block"},{"angle":405,"time":4.75,"type":"block"},{"angle":382.5,"time":4.75,"type":"block"},{"angle":67.5,"time":4.75,"type":"block"},{"time":5.5,"angle":213.75,"type":"mine","speedMult":1.3999999761581},{"time":5.5,"angle":146.25,"type":"mine","speedMult":1.3999999761581},{"time":5.5,"angle":123.75,"type":"mine","speedMult":1.3999999761581},{"time":5.5,"angle":236.25,"type":"mine","speedMult":1.3999999761581},{"angle":348.75,"time":5.5,"type":"block"},{"angle":11.25,"time":5.5,"type":"block"},{"angle":360,"time":5.5,"type":"block"},{"angle":337.5,"time":5.5,"type":"block"},{"angle":22.5,"time":5.5,"type":"block"},{"time":4.75,"angle":303.75,"type":"mine","speedMult":1.3999999761581},{"time":4.75,"angle":326.25,"type":"mine","speedMult":1.3999999761581},{"time":5.5,"angle":258.75,"type":"mine","speedMult":1.3999999761581},{"time":5.5,"angle":281.25,"type":"mine","speedMult":1.3999999761581},{"time":4.75,"angle":146.25,"type":"mine","speedMult":1.3999999761581},{"time":4.75,"angle":123.75,"type":"mine","speedMult":1.3999999761581},{"time":4.25,"angle":281.25,"type":"mine","speedMult":1.3999999761581},{"time":4.25,"angle":303.75,"type":"mine","speedMult":1.3999999761581},{"time":4.25,"angle":123.75,"type":"mine","speedMult":1.3999999761581},{"time":4.25,"angle":101.25,"type":"mine","speedMult":1.3999999761581},{"time":0.75,"endAngle":101.25,"angle":157.5,"type":"mine","speedMult":1.3999999761581},{"time":0.75,"endAngle":78.75,"angle":-90,"type":"mine","speedMult":1.3999999761581},{"time":0.75,"endAngle":258.75,"angle":180,"type":"mine","speedMult":1.3999999761581},{"time":0.75,"endAngle":281.25,"angle":348.75,"type":"mine","speedMult":1.3999999761581},{"time":1.5,"angle":281.25,"type":"mine","speedMult":1.3999999761581},{"time":1.5,"angle":303.75,"type":"mine","speedMult":1.3999999761581},{"time":1.5,"angle":123.75,"type":"mine","speedMult":1.3999999761581},{"time":1.5,"angle":101.25,"type":"mine","speedMult":1.3999999761581},{"time":5.5,"angle":101.25,"type":"mine","speedMult":1.3999999761581},{"time":5.5,"angle":78.75,"type":"mine","speedMult":1.3999999761581},{"time":8.25,"angle":303.75,"type":"mine","speedMult":1.3999999761581},{"time":8.25,"angle":236.25,"type":"mine","speedMult":1.3999999761581},{"time":8.25,"angle":213.75,"type":"mine","speedMult":1.3999999761581},{"time":8.25,"angle":326.25,"type":"mine","speedMult":1.3999999761581},{"angle":438.75,"time":8.25,"type":"block"},{"angle":101.25,"time":8.25,"type":"block"},{"angle":450,"time":8.25,"type":"block"},{"angle":427.5,"time":8.25,"type":"block"},{"angle":112.5,"time":8.25,"type":"block"},{"time":8.75,"angle":258.75,"type":"mine","speedMult":1.3999999761581},{"time":8.75,"angle":191.25,"type":"mine","speedMult":1.3999999761581},{"time":8.75,"angle":168.75,"type":"mine","speedMult":1.3999999761581},{"time":8.75,"angle":281.25,"type":"mine","speedMult":1.3999999761581},{"angle":393.75,"time":8.75,"type":"block"},{"angle":56.25,"time":8.75,"type":"block"},{"angle":405,"time":8.75,"type":"block"},{"angle":382.5,"time":8.75,"type":"block"},{"angle":67.5,"time":8.75,"type":"block"},{"time":9.5,"angle":213.75,"type":"mine","speedMult":1.3999999761581},{"time":9.5,"angle":146.25,"type":"mine","speedMult":1.3999999761581},{"time":9.5,"angle":123.75,"type":"mine","speedMult":1.3999999761581},{"time":9.5,"angle":236.25,"type":"mine","speedMult":1.3999999761581},{"angle":348.75,"time":9.5,"type":"block"},{"angle":11.25,"time":9.5,"type":"block"},{"angle":360,"time":9.5,"type":"block"},{"angle":337.5,"time":9.5,"type":"block"},{"angle":22.5,"time":9.5,"type":"block"},{"time":8.75,"angle":303.75,"type":"mine","speedMult":1.3999999761581},{"time":8.75,"angle":326.25,"type":"mine","speedMult":1.3999999761581},{"time":9.5,"angle":258.75,"type":"mine","speedMult":1.3999999761581},{"time":9.5,"angle":281.25,"type":"mine","speedMult":1.3999999761581},{"time":8.75,"angle":146.25,"type":"mine","speedMult":1.3999999761581},{"time":8.75,"angle":123.75,"type":"mine","speedMult":1.3999999761581},{"time":8.25,"angle":348.75,"type":"mine","speedMult":1.3999999761581},{"time":8.25,"angle":371.25,"type":"mine","speedMult":1.3999999761581},{"time":8.25,"angle":191.25,"type":"mine","speedMult":1.3999999761581},{"time":8.25,"angle":168.75,"type":"mine","speedMult":1.3999999761581},{"time":9.5,"angle":101.25,"type":"mine","speedMult":1.3999999761581},{"time":9.5,"angle":78.75,"type":"mine","speedMult":1.3999999761581},{"time":12.25,"angle":123.75,"type":"mine","speedMult":1.3999999761581},{"time":12.25,"angle":56.25,"type":"mine","speedMult":1.3999999761581},{"time":12.25,"angle":33.75,"type":"mine","speedMult":1.3999999761581},{"time":12.25,"angle":146.25,"type":"mine","speedMult":1.3999999761581},{"angle":258.75,"time":12.25,"type":"block"},{"angle":-78.75,"time":12.25,"type":"block"},{"angle":270,"time":12.25,"type":"block"},{"angle":247.5,"time":12.25,"type":"block"},{"angle":-67.5,"time":12.25,"type":"block"},{"time":12.75,"angle":90,"type":"mine","speedMult":1.3999999761581},{"time":12.75,"angle":22.5,"type":"mine","speedMult":1.3999999761581},{"time":12.75,"angle":0,"type":"mine","speedMult":1.3999999761581},{"time":12.75,"angle":112.5,"type":"mine","speedMult":1.3999999761581},{"angle":225,"time":12.75,"type":"block"},{"angle":-112.5,"time":12.75,"type":"block"},{"angle":236.25,"time":12.75,"type":"block"},{"angle":213.75,"time":12.75,"type":"block"},{"angle":-101.25,"time":12.75,"type":"block"},{"time":13.5,"angle":67.5,"type":"mine","speedMult":1.3999999761581},{"time":13.5,"angle":0,"type":"mine","speedMult":1.3999999761581},{"time":13.5,"angle":-22.5,"type":"mine","speedMult":1.3999999761581},{"time":13.5,"angle":90,"type":"mine","speedMult":1.3999999761581},{"angle":202.5,"time":13.5,"type":"block"},{"angle":-135,"time":13.5,"type":"block"},{"angle":213.75,"time":13.5,"type":"block"},{"angle":191.25,"time":13.5,"type":"block"},{"angle":-123.75,"time":13.5,"type":"block"},{"time":12.75,"angle":135,"type":"mine","speedMult":1.3999999761581},{"time":12.75,"angle":157.5,"type":"mine","speedMult":1.3999999761581},{"time":13.5,"angle":112.5,"type":"mine","speedMult":1.3999999761581},{"time":13.5,"angle":135,"type":"mine","speedMult":1.3999999761581},{"time":12.75,"angle":-22.5,"type":"mine","speedMult":1.3999999761581},{"time":12.75,"angle":-45,"type":"mine","speedMult":1.3999999761581},{"time":12.25,"angle":168.75,"type":"mine","speedMult":1.3999999761581},{"time":12.25,"angle":191.25,"type":"mine","speedMult":1.3999999761581},{"time":12.25,"angle":11.25,"type":"mine","speedMult":1.3999999761581},{"time":12.25,"angle":-11.25,"type":"mine","speedMult":1.3999999761581},{"time":13.5,"angle":-45,"type":"mine","speedMult":1.3999999761581},{"time":13.5,"angle":-67.5,"type":"mine","speedMult":1.3999999761581},{"time":14.25,"angle":112.5,"type":"mine","speedMult":1.3999999761581},{"time":14.25,"angle":45,"type":"mine","speedMult":1.3999999761581},{"time":14.25,"angle":22.5,"type":"mine","speedMult":1.3999999761581},{"time":14.25,"angle":135,"type":"mine","speedMult":1.3999999761581},{"angle":247.5,"time":14.25,"type":"block"},{"angle":-90,"time":14.25,"type":"block"},{"angle":258.75,"time":14.25,"type":"block"},{"angle":236.25,"time":14.25,"type":"block"},{"angle":-78.75,"time":14.25,"type":"block"},{"time":14.75,"angle":67.5,"type":"mine","speedMult":1.3999999761581},{"time":14.75,"angle":0,"type":"mine","speedMult":1.3999999761581},{"time":14.75,"angle":-22.5,"type":"mine","speedMult":1.3999999761581},{"time":14.75,"angle":90,"type":"mine","speedMult":1.3999999761581},{"angle":202.5,"time":14.75,"type":"block"},{"angle":-135,"time":14.75,"type":"block"},{"angle":213.75,"time":14.75,"type":"block"},{"angle":191.25,"time":14.75,"type":"block"},{"angle":-123.75,"time":14.75,"type":"block"},{"time":15.5,"angle":22.5,"type":"mine","speedMult":1.3999999761581},{"time":15.5,"angle":-45,"type":"mine","speedMult":1.3999999761581},{"time":15.5,"angle":-67.5,"type":"mine","speedMult":1.3999999761581},{"time":15.5,"angle":45,"type":"mine","speedMult":1.3999999761581},{"angle":157.5,"time":15.5,"type":"block"},{"angle":-180,"time":15.5,"type":"block"},{"angle":168.75,"time":15.5,"type":"block"},{"angle":146.25,"time":15.5,"type":"block"},{"angle":-168.75,"time":15.5,"type":"block"},{"time":14.75,"angle":112.5,"type":"mine","speedMult":1.3999999761581},{"time":14.75,"angle":135,"type":"mine","speedMult":1.3999999761581},{"time":15.5,"angle":67.5,"type":"mine","speedMult":1.3999999761581},{"time":15.5,"angle":90,"type":"mine","speedMult":1.3999999761581},{"time":14.75,"angle":-45,"type":"mine","speedMult":1.3999999761581},{"time":14.75,"angle":-67.5,"type":"mine","speedMult":1.3999999761581},{"time":14.25,"angle":157.5,"type":"mine","speedMult":1.3999999761581},{"time":14.25,"angle":180,"type":"mine","speedMult":1.3999999761581},{"time":14.25,"angle":0,"type":"mine","speedMult":1.3999999761581},{"time":14.25,"angle":-22.5,"type":"mine","speedMult":1.3999999761581},{"time":15.5,"angle":-90,"type":"mine","speedMult":1.3999999761581},{"time":15.5,"angle":-112.5,"type":"mine","speedMult":1.3999999761581},{"time":14.25,"duration":0.5,"angle":236.25,"angle2":191.25,"type":"hold"},{"time":14.25,"duration":0.5,"angle":281.25,"angle2":236.25,"type":"hold"},{"time":14.75,"duration":0.75,"angle":236.25,"angle2":191.25,"type":"hold"},{"time":14.75,"duration":0.75,"angle":191.25,"angle2":146.25,"type":"hold"},{"time":16.25,"angle":67.5,"type":"mine","speedMult":1.3999999761581},{"time":16.25,"angle":0,"type":"mine","speedMult":1.3999999761581},{"time":16.25,"angle":-22.5,"type":"mine","speedMult":1.3999999761581},{"time":16.25,"angle":90,"type":"mine","speedMult":1.3999999761581},{"angle":202.5,"time":16.25,"type":"block"},{"angle":-135,"time":16.25,"type":"block"},{"angle":213.75,"time":16.25,"type":"block"},{"angle":191.25,"time":16.25,"type":"block"},{"angle":-123.75,"time":16.25,"type":"block"},{"time":16.75,"angle":22.5,"type":"mine","speedMult":1.3999999761581},{"time":16.75,"angle":-45,"type":"mine","speedMult":1.3999999761581},{"time":16.75,"angle":-67.5,"type":"mine","speedMult":1.3999999761581},{"time":16.75,"angle":45,"type":"mine","speedMult":1.3999999761581},{"angle":157.5,"time":16.75,"type":"block"},{"angle":-180,"time":16.75,"type":"block"},{"angle":168.75,"time":16.75,"type":"block"},{"angle":146.25,"time":16.75,"type":"block"},{"angle":-168.75,"time":16.75,"type":"block"},{"time":17.5,"angle":-22.5,"type":"mine","speedMult":1.3999999761581},{"time":17.5,"angle":-90,"type":"mine","speedMult":1.3999999761581},{"time":17.5,"angle":-112.5,"type":"mine","speedMult":1.3999999761581},{"time":17.5,"angle":0,"type":"mine","speedMult":1.3999999761581},{"angle":112.5,"time":17.5,"type":"block"},{"angle":-225,"time":17.5,"type":"block"},{"angle":123.75,"time":17.5,"type":"block"},{"angle":101.25,"time":17.5,"type":"block"},{"angle":-213.75,"time":17.5,"type":"block"},{"time":16.75,"angle":67.5,"type":"mine","speedMult":1.3999999761581},{"time":16.75,"angle":90,"type":"mine","speedMult":1.3999999761581},{"time":17.5,"angle":22.5,"type":"mine","speedMult":1.3999999761581},{"time":17.5,"angle":45,"type":"mine","speedMult":1.3999999761581},{"time":16.75,"angle":-90,"type":"mine","speedMult":1.3999999761581},{"time":16.75,"angle":-112.5,"type":"mine","speedMult":1.3999999761581},{"time":16.25,"angle":112.5,"type":"mine","speedMult":1.3999999761581},{"time":16.25,"angle":135,"type":"mine","speedMult":1.3999999761581},{"time":16.25,"angle":-45,"type":"mine","speedMult":1.3999999761581},{"time":16.25,"angle":-67.5,"type":"mine","speedMult":1.3999999761581},{"time":17.5,"angle":-135,"type":"mine","speedMult":1.3999999761581},{"time":17.5,"angle":-157.5,"type":"mine","speedMult":1.3999999761581},{"time":20.25,"angle":67.5,"type":"mine","speedMult":1.3999999761581},{"time":20.25,"angle":0,"type":"mine","speedMult":1.3999999761581},{"time":20.25,"angle":-22.5,"type":"mine","speedMult":1.3999999761581},{"time":20.25,"angle":90,"type":"mine","speedMult":1.3999999761581},{"angle":202.5,"time":20.25,"type":"block"},{"angle":236.25,"time":20.25,"type":"block"},{"time":20.75,"angle":22.5,"type":"mine","speedMult":1.3999999761581},{"time":20.75,"angle":-45,"type":"mine","speedMult":1.3999999761581},{"time":20.75,"angle":-67.5,"type":"mine","speedMult":1.3999999761581},{"time":20.75,"angle":45,"type":"mine","speedMult":1.3999999761581},{"angle":157.5,"time":20.75,"type":"block"},{"angle":-180,"time":20.75,"type":"block"},{"angle":168.75,"time":20.75,"type":"block"},{"angle":146.25,"time":20.75,"type":"block"},{"angle":-168.75,"time":20.75,"type":"block"},{"time":21.5,"angle":-22.5,"type":"mine","speedMult":1.3999999761581},{"time":21.5,"angle":-90,"type":"mine","speedMult":1.3999999761581},{"time":21.5,"angle":-112.5,"type":"mine","speedMult":1.3999999761581},{"time":21.5,"angle":0,"type":"mine","speedMult":1.3999999761581},{"angle":112.5,"time":21.5,"type":"block"},{"angle":-225,"time":21.5,"type":"block"},{"angle":123.75,"time":21.5,"type":"block"},{"angle":101.25,"time":21.5,"type":"block"},{"angle":-213.75,"time":21.5,"type":"block"},{"time":20.75,"angle":67.5,"type":"mine","speedMult":1.3999999761581},{"time":20.75,"angle":90,"type":"mine","speedMult":1.3999999761581},{"time":21.5,"angle":22.5,"type":"mine","speedMult":1.3999999761581},{"time":21.5,"angle":45,"type":"mine","speedMult":1.3999999761581},{"time":20.75,"angle":-90,"type":"mine","speedMult":1.3999999761581},{"time":20.75,"angle":-112.5,"type":"mine","speedMult":1.3999999761581},{"time":20.25,"angle":112.5,"type":"mine","speedMult":1.3999999761581},{"time":20.25,"angle":135,"type":"mine","speedMult":1.3999999761581},{"time":20.25,"angle":-45,"type":"mine","speedMult":1.3999999761581},{"time":20.25,"angle":-67.5,"type":"mine","speedMult":1.3999999761581},{"time":21.5,"angle":-135,"type":"mine","speedMult":1.3999999761581},{"time":21.5,"angle":-157.5,"type":"mine","speedMult":1.3999999761581},{"angle":213.75,"time":20.25,"type":"block"},{"angle":225,"time":20.25,"type":"block"},{"angle":247.5,"time":20.25,"type":"block"},{"time":24.25,"angle":-90,"type":"mine","speedMult":1.3999999761581},{"time":24.25,"angle":-157.5,"type":"mine","speedMult":1.3999999761581},{"time":24.25,"angle":-180,"type":"mine","speedMult":1.3999999761581},{"time":24.25,"angle":-67.5,"type":"mine","speedMult":1.3999999761581},{"angle":45,"time":24.25,"type":"block"},{"angle":-292.5,"time":24.25,"type":"block"},{"angle":56.25,"time":24.25,"type":"block"},{"angle":33.75,"time":24.25,"type":"block"},{"angle":-281.25,"time":24.25,"type":"block"},{"time":24.75,"angle":-112.5,"type":"mine","speedMult":1.3999999761581},{"time":24.75,"angle":-180,"type":"mine","speedMult":1.3999999761581},{"time":24.75,"angle":-202.5,"type":"mine","speedMult":1.3999999761581},{"time":24.75,"angle":-90,"type":"mine","speedMult":1.3999999761581},{"angle":22.5,"time":24.75,"type":"block"},{"angle":-315,"time":24.75,"type":"block"},{"angle":33.75,"time":24.75,"type":"block"},{"angle":11.25,"time":24.75,"type":"block"},{"angle":-303.75,"time":24.75,"type":"block"},{"time":25.5,"angle":-180,"type":"mine","speedMult":1.3999999761581},{"time":25.5,"angle":-247.5,"type":"mine","speedMult":1.3999999761581},{"time":25.5,"angle":-270,"type":"mine","speedMult":1.3999999761581},{"time":25.5,"angle":-157.5,"type":"mine","speedMult":1.3999999761581},{"angle":-45,"time":25.5,"type":"block"},{"angle":-382.5,"time":25.5,"type":"block"},{"angle":-33.75,"time":25.5,"type":"block"},{"angle":-56.25,"time":25.5,"type":"block"},{"angle":-371.25,"time":25.5,"type":"block"},{"time":24.75,"angle":-67.5,"type":"mine","speedMult":1.3999999761581},{"time":24.75,"angle":-45,"type":"mine","speedMult":1.3999999761581},{"time":25.5,"angle":-135,"type":"mine","speedMult":1.3999999761581},{"time":25.5,"angle":-112.5,"type":"mine","speedMult":1.3999999761581},{"time":24.75,"angle":-225,"type":"mine","speedMult":1.3999999761581},{"time":24.75,"angle":-247.5,"type":"mine","speedMult":1.3999999761581},{"time":24.25,"angle":-45,"type":"mine","speedMult":1.3999999761581},{"time":24.25,"angle":-22.5,"type":"mine","speedMult":1.3999999761581},{"time":24.25,"angle":-202.5,"type":"mine","speedMult":1.3999999761581},{"time":24.25,"angle":-225,"type":"mine","speedMult":1.3999999761581},{"time":25.5,"angle":-292.5,"type":"mine","speedMult":1.3999999761581},{"time":25.5,"angle":-315,"type":"mine","speedMult":1.3999999761581},{"angle":352.75939941406,"time":28.25,"type":"block"},{"angle":56,"time":29.5,"type":"block"},{"time":28.25,"duration":1.25,"speedMult":1.2000000476837,"angle":11.25,"type":"mineHold","angle2":78.75},{"angle":36,"time":28.25,"type":"block"},{"angle":60,"time":28.75,"type":"block"},{"angle":12,"time":28.75,"type":"block"},{"angle":96,"time":29.5,"type":"block"},{"angle":-619.75939941406,"time":30.25,"type":"block"},{"angle":36,"time":31.5,"type":"block"},{"time":30.25,"duration":1.25,"angle2":-345.75,"angle":-278.25,"type":"mineHold","speedMult":1.2000000476837},{"angle":-300.7518081665,"time":30.25,"type":"block"},{"angle":36,"time":30.75,"type":"block"},{"angle":72,"time":30.75,"type":"block"},{"angle":356,"time":31.5,"type":"block"},{"angle":352.75939941406,"time":32.25,"type":"block"},{"angle":60,"time":33.5,"type":"block"},{"time":32.25,"duration":1.25,"angle2":78.75,"angle":11.25,"type":"mineHold","speedMult":1.2000000476837},{"angle":33.751808166504,"time":32.25,"type":"block"},{"angle":56,"time":32.75,"type":"block"},{"angle":20,"time":32.75,"type":"block"},{"angle":96,"time":33.5,"type":"block"},{"time":40.25,"duration":1.75,"angle":495,"angle2":540,"type":"mineHold"},{"time":40.25,"duration":1.75,"angle":247.5,"angle2":281.25,"type":"mineHold"},{"time":40.5,"duration":0.5,"angle2":-67.5,"angle":-56.25,"holdEase":"outCubic","type":"mineHold"},{"time":40.5,"duration":0.5,"angle2":-22.5,"angle":-33.75,"holdEase":"outCubic","type":"mineHold"},{"time":40.5,"duration":0,"angle":-56.25,"angle2":-33.75,"type":"mineHold"},{"time":41.25,"duration":0.5,"angle2":-45,"angle":-23.3508605957,"holdEase":"inSine","type":"mineHold"},{"time":41,"duration":0.75,"angle2":-45,"angle":-67.34909057617,"holdEase":"inQuad","type":"mineHold"},{"time":41.25,"duration":0,"angle":-24.40396118164,"angle2":-33.75,"type":"mineHold"},{"time":40.5,"duration":1.25,"angle":0,"angle2":33.75,"type":"mineHold"},{"time":40.5,"duration":1.25,"angle":56.25,"angle2":33.75,"type":"mineHold"},{"time":41,"duration":0,"angle":47,"angle2":11.25,"type":"mineHold"},{"time":40.5,"duration":0.5,"angle":106.72796630859,"angle2":109.11012268066,"type":"mineHold"},{"time":41,"duration":0.75,"angle2":93.064529418945,"angle":109.06561279297,"holdEase":"outBack","type":"mineHold"},{"time":41,"duration":0.75,"angle2":127.60598754883,"angle":109.98310852051,"holdEase":"outBack","type":"mineHold"},{"time":42,"duration":0,"angle":540.11032104492,"angle2":281.75352478027,"type":"mineHold"},{"time":36.25,"duration":1.75,"angle":348.75,"angle2":393.75,"type":"mineHold"},{"time":36.25,"duration":1.75,"angle":101.25,"angle2":135,"type":"mineHold"},{"time":38,"duration":0,"angle":393.86032104492,"angle2":135.50352478027,"type":"mineHold"},{"time":36.5,"duration":1,"angle":702.2096862793,"angle2":725.80377197266,"type":"mineHold"},{"time":36.5,"duration":1,"angle":676.05804443359,"angle2":701.61972045898,"type":"mineHold"},{"time":37,"duration":0.5,"angle":698.44418334961,"angle2":701.62945556641,"type":"mineHold"},{"time":37,"duration":0.5,"angle":700.70645141602,"angle2":724.72055053711,"type":"mineHold"},{"time":36.25,"duration":0,"angle":348.93881225586,"angle2":100.62229919434,"type":"mineHold"},{"time":36.5,"duration":1,"angle":663.51086425781,"angle2":681.34558105469,"type":"mineHold"},{"time":36.5,"duration":1,"angle":638.51159667969,"angle2":681.77737426758,"type":"mineHold"},{"time":37,"duration":0,"angle":661.14898681641,"angle2":672.35147094727,"type":"mineHold"},{"time":36.5,"duration":1,"angle":623.6360168457,"angle2":665.74557495117,"type":"mineHold"},{"time":36.5,"duration":0,"angle":623.77355957031,"angle2":609.28466796875,"type":"mineHold"},{"time":36.5,"duration":0,"angle":594.43255615234,"angle2":578.38008117676,"type":"mineHold"},{"time":36.5,"duration":1,"angle":594.77003479004,"angle2":642.72821044922,"type":"mineHold"},{"time":37.5,"duration":0,"angle":642.40112304688,"angle2":628.32135009766,"type":"mineHold"},{"time":37.25,"duration":0.25,"angle":605.6316986084,"angle2":628.73234558105,"type":"mineHold"},{"time":36.5,"duration":0.5,"angle":573.86422729492,"angle2":588.35415649414,"type":"mineHold"},{"time":36.5,"duration":1,"angle":552.15747070313,"angle2":595.97033691406,"type":"mineHold"},{"time":37,"duration":0,"angle":555.25,"angle2":574.80834960938,"type":"mineHold"},{"time":36.5,"duration":1,"angle":527.49945068359,"angle2":581.92926025391,"type":"mineHold"},{"time":36.5,"duration":1,"angle":506.23760986328,"angle2":572.33685302734,"type":"mineHold"},{"time":36.5,"duration":1,"angle":490.39024353027,"angle2":555.4801940918,"type":"mineHold"},{"time":36.5,"duration":0.5,"angle":473.16259765625,"angle2":521.76953125,"type":"mineHold"},{"time":37,"duration":0.5,"angle":522.06463623047,"angle2":531.7041015625,"type":"mineHold"},{"angle":21.630886077881,"time":36.25,"type":"block"},{"angle":59.907482147217,"time":36.25,"type":"block"},{"angle":39.509517669678,"time":36.75,"type":"block"},{"angle":72.012664794922,"time":36.75,"type":"block"},{"angle":68.481391906738,"time":37.5,"type":"block"},{"angle":110.12673950195,"time":37.5,"type":"block"},{"time":40.25,"duration":1.25,"angle2":202.5,"angle":168.75,"holdEase":"inQuad","type":"hold"},{"time":40.25,"duration":1.25,"angle2":236.25,"angle":202.5,"holdEase":"inQuad","type":"hold"},{"time":40.75,"duration":0.75,"angle2":202.5,"angle":191.25,"holdEase":"outCubic","type":"hold"},{"time":40.75,"duration":0.75,"angle2":236.25,"angle":225,"holdEase":"outCubic","type":"hold"},{"angle":225,"time":44.25,"type":"extraTap"},{"angle":225,"time":44.75,"type":"extraTap"},{"angle":225,"time":45.5,"type":"extraTap"},{"angle":225,"time":46.25,"type":"extraTap"},{"angle":202.5,"time":44.25,"type":"block"},{"angle":247.5,"time":44.25,"type":"block"},{"angle":191.25,"time":44.75,"type":"block"},{"angle":168.75,"time":44.75,"type":"block"},{"angle":236.25,"time":45.5,"type":"block"},{"angle":213.75,"time":45.5,"type":"block"},{"angle":225,"time":45.5,"type":"block"},{"angle":101.25,"time":46.25,"type":"block"},{"angle":123.75,"time":46.25,"type":"block"},{"time":46.5,"endAngle":348.75,"spinEase":"inQuad","angle":720,"type":"mine","speedMult":1.4500000476837},{"time":46.5,"endAngle":405,"spinEase":"inQuad","angle":33.75,"type":"mine","speedMult":1.4500000476837},{"time":46.5,"endAngle":258.75,"spinEase":"inQuad","angle":630,"type":"mine","speedMult":1.4500000476837},{"time":46.5,"endAngle":596.25,"spinEase":"inQuad","angle":213.75,"type":"mine","speedMult":1.4500000476837},{"time":46.5,"endAngle":78.75,"spinEase":"inQuad","angle":450,"type":"mine","speedMult":1.4500000476837},{"time":46.5,"endAngle":495,"spinEase":"inQuad","angle":123.75,"type":"mine","speedMult":1.4500000476837},{"time":46.5,"endAngle":180,"spinEase":"inQuad","angle":540,"type":"mine","speedMult":1.4500000476837},{"time":46.5,"endAngle":675,"spinEase":"inQuad","angle":303.75,"type":"mine","speedMult":1.4500000476837},{"time":46.75,"endAngle":360,"spinEase":"inQuad","angle":731.25,"type":"mine","speedMult":1.4700000286102},{"time":46.75,"endAngle":416.25,"spinEase":"inQuad","angle":45,"type":"mine","speedMult":1.4700000286102},{"time":46.75,"endAngle":270,"spinEase":"inQuad","angle":641.25,"type":"mine","speedMult":1.4700000286102},{"time":46.75,"endAngle":585,"spinEase":"inQuad","angle":225,"type":"mine","speedMult":1.4700000286102},{"time":46.75,"endAngle":90,"spinEase":"inQuad","angle":461.25,"type":"mine","speedMult":1.4700000286102},{"time":46.75,"endAngle":506.25,"spinEase":"inQuad","angle":135,"type":"mine","speedMult":1.4700000286102},{"time":46.75,"endAngle":168.75,"spinEase":"inQuad","angle":551.25,"type":"mine","speedMult":1.4700000286102},{"time":46.75,"endAngle":686.25,"spinEase":"inQuad","angle":315,"type":"mine","speedMult":1.4700000286102},{"time":47,"endAngle":371.25,"spinEase":"inQuad","angle":742.5,"type":"mine","speedMult":1.5},{"time":47,"endAngle":427.5,"spinEase":"inQuad","angle":56.25,"type":"mine","speedMult":1.5},{"time":47,"endAngle":281.25,"spinEase":"inQuad","angle":652.5,"type":"mine","speedMult":1.5},{"time":47,"endAngle":607.5,"spinEase":"inQuad","angle":236.25,"type":"mine","speedMult":1.5},{"time":47,"endAngle":101.25,"spinEase":"inQuad","angle":472.5,"type":"mine","speedMult":1.5},{"time":47,"endAngle":517.5,"spinEase":"inQuad","angle":146.25,"type":"mine","speedMult":1.5},{"time":47,"endAngle":191.25,"spinEase":"inQuad","angle":562.5,"type":"mine","speedMult":1.5},{"time":47,"endAngle":697.5,"spinEase":"inQuad","angle":326.25,"type":"mine","speedMult":1.5},{"time":47.25,"endAngle":348.75,"spinEase":"inQuad","angle":731.25,"type":"mine","speedMult":1.5499999523163},{"time":47.25,"endAngle":405,"spinEase":"inQuad","angle":45,"type":"mine","speedMult":1.5499999523163},{"time":47.25,"endAngle":258.75,"spinEase":"inQuad","angle":641.25,"type":"mine","speedMult":1.5499999523163},{"time":47.25,"endAngle":585,"spinEase":"inQuad","angle":225,"type":"mine","speedMult":1.5499999523163},{"time":47.25,"endAngle":78.75,"spinEase":"inQuad","angle":461.25,"type":"mine","speedMult":1.5499999523163},{"time":47.25,"endAngle":495,"spinEase":"inQuad","angle":135,"type":"mine","speedMult":1.5499999523163},{"time":47.25,"endAngle":168.75,"spinEase":"inQuad","angle":551.25,"type":"mine","speedMult":1.5499999523163},{"time":47.25,"endAngle":675,"spinEase":"inQuad","angle":315,"type":"mine","speedMult":1.5499999523163},{"time":47.5,"endAngle":348.75,"spinEase":"inQuad","angle":720,"type":"mine","speedMult":1.6000000238419},{"time":47.5,"endAngle":405,"spinEase":"inQuad","angle":33.75,"type":"mine","speedMult":1.6000000238419},{"time":47.5,"endAngle":258.75,"spinEase":"inQuad","angle":630,"type":"mine","speedMult":1.6000000238419},{"time":47.5,"endAngle":585,"spinEase":"inQuad","angle":213.75,"type":"mine","speedMult":1.6000000238419},{"time":47.5,"endAngle":78.75,"spinEase":"inQuad","angle":450,"type":"mine","speedMult":1.6000000238419},{"time":47.5,"endAngle":495,"spinEase":"inQuad","angle":123.75,"type":"mine","speedMult":1.6000000238419},{"time":47.5,"endAngle":168.75,"spinEase":"inQuad","angle":540,"type":"mine","speedMult":1.6000000238419},{"time":47.5,"endAngle":675,"spinEase":"inQuad","angle":303.75,"type":"mine","speedMult":1.6000000238419},{"time":47.75,"endAngle":348.75,"spinEase":"inQuad","angle":742.5,"type":"mine","speedMult":1.6499998569489},{"time":47.75,"endAngle":405,"spinEase":"inQuad","angle":56.25,"type":"mine","speedMult":1.6499998569489},{"time":47.75,"endAngle":258.75,"spinEase":"inQuad","angle":652.5,"type":"mine","speedMult":1.6499998569489},{"time":47.75,"endAngle":585,"spinEase":"inQuad","angle":236.25,"type":"mine","speedMult":1.6499998569489},{"time":47.75,"endAngle":78.75,"spinEase":"inQuad","angle":472.5,"type":"mine","speedMult":1.6499998569489},{"time":47.75,"endAngle":495,"spinEase":"inQuad","angle":146.25,"type":"mine","speedMult":1.6499998569489},{"time":47.75,"endAngle":168.75,"spinEase":"inQuad","angle":562.5,"type":"mine","speedMult":1.6499998569489},{"time":47.75,"endAngle":675,"spinEase":"inQuad","angle":326.25,"type":"mine","speedMult":1.6499998569489},{"time":48,"endAngle":348.75,"spinEase":"inQuad","angle":697.5,"type":"mine","speedMult":1.6499998569489},{"time":48,"endAngle":405,"spinEase":"inQuad","angle":11.25,"type":"mine","speedMult":1.6499998569489},{"time":48,"endAngle":258.75,"spinEase":"inQuad","angle":607.5,"type":"mine","speedMult":1.6499998569489},{"time":48,"endAngle":585,"spinEase":"inQuad","angle":191.25,"type":"mine","speedMult":1.6499998569489},{"time":48,"endAngle":78.75,"spinEase":"inQuad","angle":427.5,"type":"mine","speedMult":1.6499998569489},{"time":48,"endAngle":495,"spinEase":"inQuad","angle":101.25,"type":"mine","speedMult":1.6499998569489},{"time":48,"endAngle":168.75,"spinEase":"inQuad","angle":517.5,"type":"mine","speedMult":1.6499998569489},{"time":48,"endAngle":675,"spinEase":"inQuad","angle":281.25,"type":"mine","speedMult":1.6499998569489},{"time":48.5,"duration":1,"angle2":382.5,"angle":360,"holdEase":"inOutCubic","type":"hold"},{"time":48.5,"duration":1,"angle":22.5,"angle2":11.25,"type":"hold"},{"time":50.75,"duration":1,"angle2":337.5,"angle":303.75,"holdEase":"inOutBack","type":"hold"},{"time":51.25,"duration":0.5,"angle":326.25,"angle2":326.25,"type":"hold"},{"time":50.75,"duration":1,"angle2":67.5,"angle":112.5,"holdEase":"outQuad","type":"mineHold"},{"time":50.75,"duration":1,"angle2":146.25,"angle":56.25,"holdEase":"inBack","type":"mineHold"},{"time":50.75,"duration":1,"angle2":-157.5,"angle":-202.5,"holdEase":"outQuad","type":"mineHold"},{"time":50.75,"duration":1,"angle2":-236.25,"angle":-146.25,"holdEase":"inBack","type":"mineHold"},{"time":52.75,"duration":1,"angle2":225,"angle":258.75,"holdEase":"inQuint","type":"hold"},{"angle":270,"time":54.25,"type":"block"},{"angle":281.25,"time":54.25,"type":"block"},{"angle":292.5,"time":54.25,"type":"block"},{"angle":303.75,"time":54.75,"type":"block"},{"angle":315,"time":54.75,"type":"block"},{"angle":326.25,"time":54.75,"type":"block"},{"angle":315,"time":55.25,"type":"block"},{"angle":303.75,"time":55.25,"type":"block"},{"angle":326.25,"time":55.25,"type":"block"},{"angle":360,"time":55.75,"type":"block"},{"angle":348.75,"time":55.75,"type":"block"},{"angle":11.25,"time":55.75,"type":"block"},{"angle":275.71060180664,"time":54.25,"type":"block"},{"angle":287.26788330078,"time":54.25,"type":"block"},{"angle":310.44458007813,"time":54.75,"type":"block"},{"angle":320.35897827148,"time":54.75,"type":"block"},{"angle":309.27517700195,"time":55.25,"type":"block"},{"angle":320.84085083008,"time":55.25,"type":"block"},{"angle":6.0191502571106,"time":55.75,"type":"block"},{"angle":353.91925048828,"time":55.75,"type":"block"},{"angle":45,"time":56.25,"type":"block"},{"angle":33.75,"time":56.75,"type":"block"},{"angle":45,"time":56.75,"type":"block"},{"angle":56.25,"time":56.75,"type":"block"},{"time":56.75,"duration":1,"angle2":0,"angle":45,"holdEase":"outQuint","type":"hold"},{"time":56.75,"duration":1,"angle2":11.25,"angle":33.75,"holdEase":"outQuad","type":"hold"},{"time":56.75,"duration":1,"angle2":348.75,"angle":416.25,"holdEase":"outQuad","type":"hold"},{"angle":0,"time":57.25,"type":"block"},{"angle":11.25,"time":57.25,"type":"block"},{"angle":22.5,"time":58.75,"type":"block"},{"angle":33.75,"time":58.75,"type":"block"},{"angle":45,"time":58.75,"type":"block"},{"angle":22.5,"time":59.75,"type":"block"},{"angle":33.75,"time":59.75,"type":"block"},{"angle":11.25,"time":59.75,"type":"block"},{"time":58.75,"duration":1,"angle":393.75,"angle2":382.5,"type":"hold"},{"time":59.25,"duration":0,"angle":11.25,"angle2":11.25,"type":"hold"},{"time":59.25,"duration":0,"angle":45,"angle2":45,"type":"hold"},{"angle":90,"time":60.75,"type":"block"},{"angle":112.5,"time":60.75,"type":"block"},{"angle":112.5,"time":60.75,"type":"inverse"},{"angle":90,"time":60.75,"type":"inverse"},{"angle":101.25,"time":60.75,"type":"block"},{"angle":101.25,"time":60.5,"type":"block"},{"angle":213.75,"time":62.25,"type":"block"},{"angle":112.5,"time":62.75,"type":"block"},{"angle":337.5,"time":63.25,"type":"block"},{"angle":22.5,"time":63.75,"type":"block"},{"angle":202.5,"time":62.25,"type":"block"},{"angle":101.25,"time":62.75,"type":"block"},{"angle":326.25,"time":63.25,"type":"block"},{"angle":33.75,"time":63.75,"type":"block"},{"angle":0,"time":64.25,"type":"block"},{"angle":348.75,"time":64.25,"type":"block"},{"angle":11.25,"time":64.25,"type":"block"},{"angle":22.5,"time":64.25,"type":"block"},{"angle":337.5,"time":64.25,"type":"block"},{"time":64.75,"duration":1,"angle":0,"angle2":22.5,"type":"hold"},{"time":64.75,"duration":1,"angle":360,"angle2":337.5,"type":"hold"},{"time":65.25,"duration":0.5,"angle":360,"angle2":382.5,"type":"hold"},{"time":65.25,"duration":0.5,"angle":360,"angle2":337.5,"type":"hold"},{"time":64.75,"duration":1,"angle2":337.5,"angle":360,"holdEase":"outQuint","type":"hold"},{"time":64.75,"duration":1,"angle2":22.5,"angle":0,"holdEase":"outQuint","type":"hold"},{"time":66.75,"duration":1,"angle":56.25,"angle2":78.75,"type":"hold"},{"time":66.75,"duration":1,"angle":416.25,"angle2":393.75,"type":"hold"},{"time":67.25,"duration":0.5,"angle":416.25,"angle2":438.75,"type":"hold"},{"time":67.25,"duration":0.5,"angle":416.25,"angle2":393.75,"type":"hold"},{"time":66.75,"duration":1,"angle2":393.75,"angle":416.25,"holdEase":"outQuint","type":"hold"},{"time":66.75,"duration":1,"angle2":78.75,"angle":56.25,"holdEase":"outQuint","type":"hold"},{"time":68.75,"duration":1,"angle":-135,"angle2":-112.5,"type":"hold"},{"time":68.75,"duration":1,"angle":225,"angle2":202.5,"type":"hold"},{"time":69.25,"duration":0.5,"angle":225,"angle2":247.5,"type":"hold"},{"time":69.25,"duration":0.5,"angle":225,"angle2":202.5,"type":"hold"},{"time":68.75,"duration":1,"angle2":202.5,"angle":225,"holdEase":"outQuint","type":"hold"},{"time":68.75,"duration":1,"angle2":-112.5,"angle":-135,"holdEase":"outQuint","type":"hold"},{"angle":337.5,"time":70.25,"type":"block"},{"angle":191.25,"time":70.75,"type":"block"},{"angle":45,"time":71.25,"type":"block"},{"angle":202.5,"time":71.75,"type":"block"},{"time":70.25,"duration":0.5,"angle2":191.25,"angle":337.5,"holdEase":"outQuad","type":"hold"},{"time":71.25,"duration":0.5,"angle2":202.5,"angle":45,"holdEase":"outQuad","type":"hold"},{"time":72.25,"duration":0.5,"angle":180,"angle2":180,"type":"hold"},{"time":72.75,"duration":0.5,"angle":191.25,"angle2":191.25,"type":"hold"},{"time":72.75,"duration":0.5,"angle":168.75,"angle2":168.75,"type":"hold"},{"time":73,"duration":0.25,"angle":180,"angle2":180,"type":"hold"},{"time":74.75,"duration":0.5,"angle":360,"angle2":360,"type":"hold"},{"time":75.25,"duration":0.5,"angle":371.25,"angle2":371.25,"type":"hold"},{"time":75.25,"duration":0.5,"angle":348.75,"angle2":348.75,"type":"hold"},{"time":75.5,"duration":0.25,"angle":360,"angle2":360,"type":"hold"},{"time":76.75,"duration":0.5,"angle2":202.5,"angle":180,"holdEase":"outCirc","type":"hold"},{"time":76.75,"duration":0.5,"angle2":157.5,"angle":180,"holdEase":"outCirc","type":"hold"},{"time":77,"duration":0.25,"angle":180,"angle2":202.5,"type":"hold"},{"time":77,"duration":0.25,"angle":180,"angle2":157.5,"type":"hold"},{"time":76.75,"duration":0.25,"angle":180,"angle2":180,"type":"hold"},{"angle":135,"time":78.25,"type":"block"},{"angle":0,"time":78.75,"type":"block"},{"angle":225,"time":79.25,"type":"block"},{"angle":45,"time":79.75,"type":"block"},{"angle":202.5,"time":80.25,"type":"block"},{"angle":180,"time":80.25,"type":"block"},{"angle":180,"time":80.25,"type":"block"},{"angle":157.5,"time":80.25,"type":"block"},{"angle":180,"time":80.75,"type":"block"},{"angle":180,"time":81.25,"type":"block"},{"time":80.75,"duration":0.5,"angle":202.5,"angle2":157.5,"type":"hold"},{"time":80.75,"duration":0.5,"angle":157.5,"angle2":202.5,"type":"hold"},{"time":82.75,"duration":0.5,"angle":45,"angle2":67.5,"type":"hold"},{"time":82.75,"duration":0.5,"angle":67.5,"angle2":45,"type":"hold"},{"time":83,"duration":0,"angle":56.25,"angle2":56.25,"type":"hold"},{"time":84.75,"duration":0.5,"angle2":303.75,"angle":292.5,"holdEase":"outCirc","type":"hold"},{"time":85,"duration":0.25,"angle2":292.5,"angle":303.75,"holdEase":"outQuint","type":"hold"},{"angle":0,"time":86.25,"type":"block"},{"angle":315,"time":86.75,"type":"side"},{"angle":281.25,"time":87.25,"type":"block"},{"angle":247.5,"time":87.75,"type":"side"},{"angle":225,"time":88.25,"type":"block"},{"time":88.75,"duration":4,"angle2":112.5,"angle":180,"holdEase":"linear","type":"hold"},{"time":89.25,"duration":0.5,"angle2":197.35401916504,"angle":170.68640136719,"holdEase":"inElastic","type":"hold"},{"time":88.75,"duration":0.5,"angle2":202.02851867676,"angle":179.64849853516,"holdEase":"inElastic","type":"hold"},{"time":89.75,"duration":0.5,"angle2":140.95478820801,"angle":161.79608154297,"holdEase":"inElastic","type":"hold"},{"time":90.25,"duration":0.5,"angle2":133.7349395752,"angle":153.61761474609,"holdEase":"inElastic","type":"hold"},{"time":90.75,"duration":0.5,"angle2":156.81802368164,"angle":144.98065185547,"holdEase":"inElastic","type":"hold"},{"time":91.25,"duration":0.5,"angle2":152.22216796875,"angle":137.98951721191,"holdEase":"inElastic","type":"hold"},{"time":91.75,"duration":0.5,"angle2":102.18829345703,"angle":128.98014831543,"holdEase":"inElastic","type":"hold"},{"time":92.25,"duration":0.5,"angle2":100.93127441406,"angle":120.47359466553,"holdEase":"inElastic","type":"hold"},{"angle":165,"time":92.75,"type":"inverse"},{"angle":150,"time":92.75,"type":"inverse"},{"angle":180,"time":93.25,"type":"inverse"},{"angle":168.75,"time":93.25,"type":"inverse"},{"angle":191.25,"time":94.25,"type":"inverse"},{"angle":180,"time":94.25,"type":"inverse"},{"angle":157.5,"time":93.75,"type":"inverse"},{"angle":146.25,"time":93.75,"type":"inverse"},{"angle":180,"time":94.75,"type":"inverse"},{"angle":168.75,"time":94.75,"type":"inverse"},{"angle":157.5,"time":94.75,"type":"inverse"},{"time":94.75,"duration":0.5,"angle":157.5,"angle2":180,"type":"hold"},{"time":94.75,"duration":0.5,"angle":180,"angle2":168.75,"type":"hold"},{"angle":180,"time":95.75,"type":"block"},{"angle":191.25,"time":96,"type":"block"},{"angle":168.75,"time":96,"type":"block"},{"angle":180,"time":96.25,"type":"block"},{"angle":236.25,"time":96.75,"type":"mine"},{"angle":247.5,"time":96.75,"type":"mine"},{"angle":270,"time":96.75,"type":"mine"},{"angle":258.75,"time":96.75,"type":"mine"},{"angle":281.25,"time":96.75,"type":"mine"},{"angle":292.5,"time":96.75,"type":"mine"},{"angle":303.75,"time":96.75,"type":"mine"},{"angle":315,"time":96.75,"type":"mine"},{"angle":326.25,"time":96.75,"type":"mine"},{"angle":337.5,"time":96.75,"type":"mine"},{"angle":348.75,"time":96.75,"type":"mine"},{"angle":11.25,"time":96.75,"type":"mine"},{"angle":360,"time":96.75,"type":"mine"},{"angle":22.5,"time":96.75,"type":"mine"},{"angle":33.75,"time":96.75,"type":"mine"},{"angle":45,"time":96.75,"type":"mine"},{"angle":56.25,"time":96.75,"type":"mine"},{"angle":67.5,"time":96.75,"type":"mine"},{"angle":78.75,"time":96.75,"type":"mine"},{"angle":90,"time":96.75,"type":"mine"},{"angle":101.25,"time":96.75,"type":"mine"},{"angle":112.5,"time":96.75,"type":"mine"},{"angle":123.75,"time":96.75,"type":"mine"},{"angle":135,"time":96.75,"type":"mine"},{"angle":146.25,"time":96.75,"type":"mine"},{"angle":247.5,"time":97.5,"type":"mine"},{"angle":258.75,"time":97.5,"type":"mine"},{"angle":281.25,"time":97.5,"type":"mine"},{"angle":270,"time":97.5,"type":"mine"},{"angle":292.5,"time":97.5,"type":"mine"},{"angle":303.75,"time":97.5,"type":"mine"},{"angle":315,"time":97.5,"type":"mine"},{"angle":326.25,"time":97.5,"type":"mine"},{"angle":337.5,"time":97.5,"type":"mine"},{"angle":348.75,"time":97.5,"type":"mine"},{"angle":360,"time":97.5,"type":"mine"},{"angle":22.5,"time":97.5,"type":"mine"},{"angle":371.25,"time":97.5,"type":"mine"},{"angle":33.75,"time":97.5,"type":"mine"},{"angle":45,"time":97.5,"type":"mine"},{"angle":56.25,"time":97.5,"type":"mine"},{"angle":67.5,"time":97.5,"type":"mine"},{"angle":78.75,"time":97.5,"type":"mine"},{"angle":90,"time":97.5,"type":"mine"},{"angle":101.25,"time":97.5,"type":"mine"},{"angle":112.5,"time":97.5,"type":"mine"},{"angle":123.75,"time":97.5,"type":"mine"},{"angle":135,"time":97.5,"type":"mine"},{"angle":146.25,"time":97.5,"type":"mine"},{"angle":157.5,"time":97.5,"type":"mine"},{"angle":225,"time":97.75,"type":"mine"},{"angle":236.25,"time":97.75,"type":"mine"},{"angle":258.75,"time":97.75,"type":"mine"},{"angle":247.5,"time":97.75,"type":"mine"},{"angle":270,"time":97.75,"type":"mine"},{"angle":281.25,"time":97.75,"type":"mine"},{"angle":292.5,"time":97.75,"type":"mine"},{"angle":303.75,"time":97.75,"type":"mine"},{"angle":315,"time":97.75,"type":"mine"},{"angle":326.25,"time":97.75,"type":"mine"},{"angle":337.5,"time":97.75,"type":"mine"},{"angle":0,"time":97.75,"type":"mine"},{"angle":348.75,"time":97.75,"type":"mine"},{"angle":11.25,"time":97.75,"type":"mine"},{"angle":22.5,"time":97.75,"type":"mine"},{"angle":33.75,"time":97.75,"type":"mine"},{"angle":45,"time":97.75,"type":"mine"},{"angle":56.25,"time":97.75,"type":"mine"},{"angle":67.5,"time":97.75,"type":"mine"},{"angle":78.75,"time":97.75,"type":"mine"},{"angle":90,"time":97.75,"type":"mine"},{"angle":101.25,"time":97.75,"type":"mine"},{"angle":112.5,"time":97.75,"type":"mine"},{"angle":123.75,"time":97.75,"type":"mine"},{"angle":135,"time":97.75,"type":"mine"},{"angle":236.25,"time":98.25,"type":"mine"},{"angle":247.5,"time":98.25,"type":"mine"},{"angle":270,"time":98.25,"type":"mine"},{"angle":258.75,"time":98.25,"type":"mine"},{"angle":281.25,"time":98.25,"type":"mine"},{"angle":292.5,"time":98.25,"type":"mine"},{"angle":303.75,"time":98.25,"type":"mine"},{"angle":315,"time":98.25,"type":"mine"},{"angle":326.25,"time":98.25,"type":"mine"},{"angle":337.5,"time":98.25,"type":"mine"},{"angle":348.75,"time":98.25,"type":"mine"},{"angle":11.25,"time":98.25,"type":"mine"},{"angle":360,"time":98.25,"type":"mine"},{"angle":22.5,"time":98.25,"type":"mine"},{"angle":33.75,"time":98.25,"type":"mine"},{"angle":45,"time":98.25,"type":"mine"},{"angle":56.25,"time":98.25,"type":"mine"},{"angle":67.5,"time":98.25,"type":"mine"},{"angle":78.75,"time":98.25,"type":"mine"},{"angle":90,"time":98.25,"type":"mine"},{"angle":101.25,"time":98.25,"type":"mine"},{"angle":112.5,"time":98.25,"type":"mine"},{"angle":123.75,"time":98.25,"type":"mine"},{"angle":135,"time":98.25,"type":"mine"},{"angle":146.25,"time":98.25,"type":"mine"},{"angle":258.75,"time":98.5,"type":"mine"},{"angle":270,"time":98.5,"type":"mine"},{"angle":292.5,"time":98.5,"type":"mine"},{"angle":281.25,"time":98.5,"type":"mine"},{"angle":303.75,"time":98.5,"type":"mine"},{"angle":315,"time":98.5,"type":"mine"},{"angle":326.25,"time":98.5,"type":"mine"},{"angle":337.5,"time":98.5,"type":"mine"},{"angle":348.75,"time":98.5,"type":"mine"},{"angle":360,"time":98.5,"type":"mine"},{"angle":371.25,"time":98.5,"type":"mine"},{"angle":33.75,"time":98.5,"type":"mine"},{"angle":382.5,"time":98.5,"type":"mine"},{"angle":45,"time":98.5,"type":"mine"},{"angle":56.25,"time":98.5,"type":"mine"},{"angle":67.5,"time":98.5,"type":"mine"},{"angle":78.75,"time":98.5,"type":"mine"},{"angle":90,"time":98.5,"type":"mine"},{"angle":101.25,"time":98.5,"type":"mine"},{"angle":112.5,"time":98.5,"type":"mine"},{"angle":123.75,"time":98.5,"type":"mine"},{"angle":135,"time":98.5,"type":"mine"},{"angle":146.25,"time":98.5,"type":"mine"},{"angle":157.5,"time":98.5,"type":"mine"},{"angle":168.75,"time":98.5,"type":"mine"},{"angle":191.25,"time":99,"type":"block"},{"angle":180,"time":99,"type":"block"},{"angle":202.5,"time":99,"type":"block"},{"angle":191.25,"time":99.25,"type":"block"},{"angle":191.25,"time":99.5,"type":"block"},{"angle":180,"time":99.5,"type":"block"},{"angle":168.75,"time":99.5,"type":"block"},{"angle":180,"time":99.75,"type":"block"},{"angle":191.25,"time":100.25,"type":"block"},{"tap":true,"time":100.25,"angle":180,"type":"block"},{"tap":true,"time":100.25,"angle":168.75,"type":"block"},{"angle":157.5,"time":100.25,"type":"block"},{"time":100.75,"duration":1,"type":"hold","angle":174.375,"holdEase":"inCirc","angle2":123.75},{"angle2":118.125,"time":101.25,"duration":0.25,"speedMult":3,"angle":151.875,"holdEase":"inElastic","type":"hold"},{"time":102.75,"duration":1.5,"type":"hold","angle":-163.125,"holdEase":"inCirc","angle2":-112.5},{"type":"hold","time":103.25,"duration":0.75,"angle2":-123.75,"angle":-140.625,"holdEase":"inElastic","speedMult":3},{"angle":225,"time":103.75,"type":"block"},{"angle":180,"time":104.75,"type":"block"},{"tap":true,"time":105.25,"angle":177.1875,"type":"block"},{"angle":90,"time":105.75,"type":"block"},{"time":104.75,"duration":1,"angle2":90,"angle":180,"holdEase":"inQuint","type":"hold"},{"angle":0,"time":106.75,"type":"block"},{"tap":true,"time":107.25,"angle":-2.8125,"type":"block"},{"angle":-90,"time":107.75,"type":"block"},{"time":106.75,"duration":1,"type":"hold","angle":0,"holdEase":"inQuint","angle2":-90},{"type":"mineHold","time":104.75,"duration":1,"angle2":270,"angle":360,"holdEase":"inQuint","speedMult":2},{"speedMult":2,"time":104.75,"duration":1,"type":"mineHold","angle":450,"holdEase":"inExpo","angle2":360},{"speedMult":2,"time":104.75,"duration":1,"angle2":180,"angle":270,"holdEase":"inExpo","type":"mineHold"},{"type":"mineHold","time":106.75,"duration":1,"speedMult":2,"angle":180,"holdEase":"inQuint","angle2":90},{"speedMult":2,"time":106.75,"duration":1,"angle2":180,"angle":270,"holdEase":"inExpo","type":"mineHold"},{"speedMult":2,"time":106.75,"duration":1,"type":"mineHold","angle":90,"holdEase":"inExpo","angle2":0},{"time":108.25,"duration":0,"angle":-22.5,"angle2":213.75,"type":"mineHold"},{"angle":326.25,"time":108.75,"type":"block"},{"angle":123.75,"time":109.25,"type":"block"},{"angle":33.75,"time":109.75,"type":"block"},{"angle":146.25,"time":110.75,"type":"block"},{"angle":-56.25,"time":111.25,"type":"block"},{"angle":-146.25,"time":111.75,"type":"block"},{"angle":112.5,"time":109.25,"type":"block"},{"angle":22.5,"time":109.75,"type":"block"},{"angle":45,"time":109.75,"type":"block"},{"angle":292.5,"time":111.25,"type":"block"},{"angle":202.5,"time":111.75,"type":"block"},{"angle":225,"time":111.75,"type":"block"},{"time":112.75,"duration":1.125,"angle2":180,"angle":0,"holdEase":"inOutSine","type":"hold"},{"time":113.25,"duration":0.625,"angle2":-180,"angle":78.75,"holdEase":"inOutElastic","type":"hold"},{"time":114.75,"duration":1.125,"type":"hold","angle":-180,"holdEase":"inOutSine","angle2":0},{"time":115.25,"duration":0.625,"angle2":0,"angle":258.75,"holdEase":"inOutElastic","type":"hold"},{"tap":true,"time":116.75,"angle":22.5,"type":"side"},{"angle":67.5,"time":117,"type":"side"},{"tap":true,"time":117.25,"angle":112.5,"type":"side"},{"angle":157.5,"time":117.5,"type":"side"},{"tap":true,"time":117.75,"angle":202.5,"type":"side"},{"tap":true,"time":118.75,"angle":-22.5,"type":"side"},{"angle":-67.5,"time":119,"type":"side"},{"tap":true,"time":119.25,"angle":-112.5,"type":"side"},{"angle":-157.5,"time":119.5,"type":"side"},{"tap":true,"time":119.75,"angle":-202.5,"type":"side"},{"angle":135,"time":120,"type":"block"},{"angle":225,"time":118,"type":"block"},{"time":116.75,"angle":202.5,"speedMult":2,"type":"mine"},{"time":116.875,"angle":225,"speedMult":2,"type":"mine"},{"time":117,"angle":247.5,"speedMult":2,"type":"mine"},{"time":117.125,"angle":270,"speedMult":2,"type":"mine"},{"time":117.25,"angle":292.5,"speedMult":2,"type":"mine"},{"time":117.375,"angle":315,"speedMult":2,"type":"mine"},{"time":117.5,"angle":337.5,"speedMult":2,"type":"mine"},{"time":117.625,"angle":360,"speedMult":2,"type":"mine"},{"time":117.75,"angle":22.5,"speedMult":2,"type":"mine"},{"time":118,"angle":45,"speedMult":2,"type":"mine"},{"time":116.75,"angle":213.75,"speedMult":2,"type":"mine"},{"time":116.875,"angle":236.25,"speedMult":2,"type":"mine"},{"time":117,"angle":258.75,"speedMult":2,"type":"mine"},{"time":117.125,"angle":281.25,"speedMult":2,"type":"mine"},{"time":117.25,"angle":303.75,"speedMult":2,"type":"mine"},{"time":117.375,"angle":326.25,"speedMult":2,"type":"mine"},{"time":117.5,"angle":348.75,"speedMult":2,"type":"mine"},{"time":117.625,"angle":11.25,"speedMult":2,"type":"mine"},{"time":117.875,"angle":33.75,"speedMult":2,"type":"mine"},{"time":118.75,"angle":-202.5,"speedMult":2,"type":"mine"},{"time":118.875,"angle":-225,"speedMult":2,"type":"mine"},{"time":119,"angle":-247.5,"speedMult":2,"type":"mine"},{"time":119.125,"angle":-270,"speedMult":2,"type":"mine"},{"time":119.25,"angle":-292.5,"speedMult":2,"type":"mine"},{"time":119.375,"angle":-315,"speedMult":2,"type":"mine"},{"time":119.5,"angle":-337.5,"speedMult":2,"type":"mine"},{"time":119.625,"angle":-360,"speedMult":2,"type":"mine"},{"time":119.75,"angle":-22.5,"speedMult":2,"type":"mine"},{"time":120,"angle":-45,"speedMult":2,"type":"mine"},{"time":118.75,"angle":-213.75,"speedMult":2,"type":"mine"},{"time":118.875,"angle":-236.25,"speedMult":2,"type":"mine"},{"time":119,"angle":-258.75,"speedMult":2,"type":"mine"},{"time":119.125,"angle":-281.25,"speedMult":2,"type":"mine"},{"time":119.25,"angle":-303.75,"speedMult":2,"type":"mine"},{"time":119.375,"angle":-326.25,"speedMult":2,"type":"mine"},{"time":119.5,"angle":-348.75,"speedMult":2,"type":"mine"},{"time":119.625,"angle":-11.25,"speedMult":2,"type":"mine"},{"time":119.875,"angle":-33.75,"speedMult":2,"type":"mine"},{"angle":348.75,"time":120.75,"type":"mine"},{"angle":90,"time":120.75,"type":"mine"},{"angle":67.5,"time":120.75,"type":"block"},{"angle":11.25,"time":120.75,"type":"block"},{"tap":true,"time":120.75,"angle":45,"type":"block"},{"tap":true,"time":120.75,"angle":33.75,"type":"block"},{"angle":247.5,"time":121.25,"type":"mine"},{"angle":348.75,"time":121.25,"type":"mine"},{"angle":-33.75,"time":121.25,"type":"block"},{"angle":-90,"time":121.25,"type":"block"},{"tap":true,"time":121.25,"angle":-56.25,"type":"block"},{"tap":true,"time":121.25,"angle":-67.5,"type":"block"},{"angle":135,"time":121.75,"type":"mine"},{"angle":236.25,"time":121.75,"type":"mine"},{"angle":-146.25,"time":121.75,"type":"block"},{"angle":-202.5,"time":121.75,"type":"block"},{"tap":true,"time":121.75,"angle":-168.75,"type":"block"},{"tap":true,"time":121.75,"angle":-180,"type":"block"},{"angle":168.75,"time":122.75,"type":"mine"},{"angle":270,"time":122.75,"type":"mine"},{"angle":-112.5,"time":122.75,"type":"block"},{"angle":-168.75,"time":122.75,"type":"block"},{"tap":true,"time":122.75,"angle":-135,"type":"block"},{"tap":true,"time":122.75,"angle":-146.25,"type":"block"},{"angle":67.5,"time":123.25,"type":"mine"},{"angle":168.75,"time":123.25,"type":"mine"},{"angle":-213.75,"time":123.25,"type":"block"},{"angle":-270,"time":123.25,"type":"block"},{"tap":true,"time":123.25,"angle":-236.25,"type":"block"},{"tap":true,"time":123.25,"angle":-247.5,"type":"block"},{"angle":315,"time":123.75,"type":"mine"},{"angle":56.25,"time":123.75,"type":"mine"},{"angle":-326.25,"time":123.75,"type":"block"},{"angle":-382.5,"time":123.75,"type":"block"},{"tap":true,"time":123.75,"angle":-348.75,"type":"block"},{"tap":true,"time":123.75,"angle":-360,"type":"block"},{"time":124.75,"duration":1,"type":"hold","angle":281.25,"holdEase":"outExpo","angle2":225},{"time":125.25,"duration":0.5,"type":"hold","angle":225,"holdEase":"outQuad","angle2":258.75},{"time":125.5,"duration":0,"angle":236.25,"type":"hold","angle2":247.5},{"time":126.75,"duration":1,"angle":-382.5,"type":"hold","angle2":-360},{"time":126.75,"duration":1,"angle":-22.5,"type":"hold","angle2":-45},{"time":127.25,"duration":0.5,"angle":-22.5,"type":"hold","angle2":0},{"time":127.25,"duration":0.5,"angle":-22.5,"type":"hold","angle2":-45},{"time":126.75,"duration":1,"type":"hold","angle":-22.5,"holdEase":"outQuint","angle2":-45},{"time":126.75,"duration":1,"type":"hold","angle":-382.5,"holdEase":"outQuint","angle2":-360},{"angle":45,"time":128.75,"type":"side"},{"angle":78.75,"time":129,"type":"mine"},{"angle":56.25,"time":129,"type":"mine"},{"angle":33.75,"time":129.5,"type":"mine"},{"angle":11.25,"time":129.5,"type":"mine"},{"angle":45,"time":129.25,"type":"side"},{"angle":45,"time":129.75,"type":"side"},{"angle":56.25,"time":130,"type":"mine"},{"angle":78.75,"time":130,"type":"mine"},{"angle":0,"time":130.75,"type":"block"},{"angle":202.5,"time":131.75,"type":"block"},{"angle":33.75,"time":132.25,"type":"block"},{"angle":270,"time":132.75,"type":"block"},{"angle":101.25,"time":129,"type":"mine"},{"angle":348.75,"time":129.5,"type":"mine"},{"angle":101.25,"time":130,"type":"mine"},{"angle":45,"time":132.25,"type":"block"},{"angle":258.75,"time":132.75,"type":"block"},{"angle":281.25,"time":132.75,"type":"block"}]