{"events":[{"time":0,"volume":1,"type":"play","angle":0,"bpm":133,"file":"gay.ogg"},{"enabled":true,"time":0,"duration":0,"type":"paddles","newAngle":180,"newWidth":40,"paddle":2,"angle":67.5,"ease":"linear"},{"g":240,"time":0,"type":"setColor","b":245,"angle":112.5,"color":2,"r":255},{"g":122,"time":0,"type":"setColor","color":1,"angle":146.25,"b":140,"r":227},{"g":218,"time":0,"type":"setColor","color":0,"angle":180,"b":221,"r":250},{"time":0,"color":2,"angle":225,"type":"setBgColor"},{"time":0,"color":2,"angle":270,"chance":0.60000002384186,"type":"noise"},{"time":0,"angle":303.75,"type":"hom","enable":true},{"enabled":false,"time":0,"duration":0.5,"type":"paddles","newWidth":0,"paddle":1,"angle":22.5,"ease":"linear"},{"enabled":true,"time":0,"duration":0.5,"type":"paddles","newWidth":70,"paddle":3,"angle":45,"ease":"linear"},{"time":25.5,"duration":1,"type":"paddles","newAngle":-20,"newWidth":20,"paddle":3,"angle":22.5,"ease":"linear"},{"time":25.5,"duration":1,"type":"paddles","newAngle":20,"newWidth":20,"paddle":2,"angle":11.25,"ease":"linear"},{"time":40,"value":999999995904,"angle":67.5,"var":"extraHoldLeniency","type":"ease"},{"time":42,"duration":0.5,"type":"paddles","newAngle":0,"newWidth":70,"paddle":2,"angle":236.25,"ease":"outBack"},{"time":42,"duration":0.5,"type":"paddles","newAngle":0,"newWidth":50,"paddle":3,"angle":225,"ease":"outBack"},{"time":42.25,"value":1,"angle":247.5,"var":"extraHoldLeniency","type":"ease"},{"newWidth":0,"time":46.25,"duration":0.25,"paddle":3,"angle":146.25,"ease":"linear","type":"paddles"},{"newWidth":0,"time":46.25,"duration":0.25,"paddle":2,"angle":168.75,"ease":"linear","type":"paddles"},{"enabled":false,"time":46.5,"duration":0,"paddle":2,"angle":146.25,"ease":"linear","type":"paddles"},{"enabled":false,"time":46.5,"duration":0,"paddle":3,"angle":191.25,"ease":"linear","type":"paddles"},{"time":46.25,"duration":1.75,"color":2,"r":0,"g":0,"b":0,"angle":78.75,"type":"setColor"},{"time":46.25,"duration":1.25,"color":1,"r":0,"g":0,"b":0,"angle":67.5,"type":"setColor"},{"time":46.25,"duration":1.75,"color":0,"r":0,"g":0,"b":0,"angle":56.25,"type":"setColor"},{"time":44.25,"duration":2,"value":1.3500000238419,"var":"vfx.canvPos.sx","angle":180,"type":"ease"},{"time":44.25,"duration":2,"value":1.3500000238419,"var":"vfx.canvPos.sy","angle":157.5,"type":"ease"},{"type":"ease","time":46.75,"duration":1.25,"angle":348.75,"var":"vfx.canvPos.sx","ease":"inCubic","value":0.86000001430511},{"type":"ease","time":46.75,"duration":1.25,"angle":337.5,"var":"vfx.canvPos.sy","ease":"outCubic","value":1},{"type":"ease","time":46.5,"duration":0.25,"angle":-22.5,"var":"vfx.canvPos.sx","ease":"outCubic","value":1.5},{"type":"ease","time":46.5,"duration":0.25,"angle":-45,"var":"vfx.canvPos.sy","ease":"outCubic","value":1.5},{"x":0,"time":4.75,"drawLayer":"bg","type":"deco","y":-81,"angle":90,"sprite":"malchik.png","id":"m"},{"g":122,"time":0.5,"type":"setColor","color":6,"angle":112.5,"b":140,"r":227},{"x":0,"time":5.75,"drawLayer":"bg","type":"deco","y":100,"angle":45,"sprite":"gay.png","id":"g"},{"x":0,"y":-81,"drawLayer":"bg","type":"deco","hide":true,"time":6.25,"angle":45,"sprite":"malchik.png","id":"m"},{"x":0,"y":100,"drawLayer":"bg","type":"deco","hide":true,"time":6.25,"angle":67.5,"sprite":"gay.png","id":"g"},{"x":0,"y":-81,"drawLayer":"bg","type":"deco","hide":false,"time":12.75,"angle":45,"sprite":"malchik.png","id":"m"},{"x":0,"y":100,"drawLayer":"bg","type":"deco","hide":false,"time":13.5,"angle":45,"sprite":"gay.png","id":"g"},{"x":0,"y":-81,"drawLayer":"bg","type":"deco","hide":true,"time":14,"angle":45,"sprite":"malchik.png","id":"m"},{"x":0,"y":100,"drawLayer":"bg","type":"deco","hide":true,"time":14,"angle":67.5,"sprite":"gay.png","id":"g"},{"x":0,"y":-81,"drawLayer":"bg","type":"deco","hide":true,"time":15,"angle":135,"sprite":"malchik.png","id":"m"},{"x":0,"y":-81,"drawLayer":"bg","type":"deco","hide":false,"time":15.5,"angle":56.25,"sprite":"malchik.png","id":"m"},{"x":0,"y":100,"drawLayer":"bg","type":"deco","hide":false,"time":16.5,"angle":45,"sprite":"gay.png","id":"g"},{"x":0,"y":-81,"drawLayer":"bg","type":"deco","hide":true,"time":17,"angle":45,"sprite":"malchik.png","id":"m"},{"x":0,"y":100,"drawLayer":"bg","type":"deco","hide":true,"time":17,"angle":67.5,"sprite":"gay.png","id":"g"},{"x":0,"y":-81,"drawLayer":"bg","type":"deco","hide":false,"time":14.5,"angle":56.25,"sprite":"malchik.png","id":"m"},{"id":"m","time":20.5,"drawLayer":"bg","drawOrder":1,"hide":false,"y":-81,"type":"deco","angle":45,"sprite":"malchik.png","x":0},{"id":"g","time":21.25,"drawLayer":"bg","drawOrder":1,"hide":false,"y":100,"type":"deco","angle":33.75,"sprite":"gay.png","x":0},{"id":"m2","time":22,"drawLayer":"bg","drawOrder":0,"hide":false,"y":-75,"type":"deco","angle":56.25,"sprite":"malchik2.png","x":7},{"id":"g2","time":23,"drawLayer":"bg","drawOrder":0,"hide":false,"y":106,"type":"deco","angle":56.25,"sprite":"gay2.png","x":7},{"g":218,"time":20.5,"type":"setColor","color":7,"angle":123.75,"b":221,"r":250},{"id":"m2","time":23.75,"drawLayer":"bg","drawOrder":0,"hide":true,"y":-75,"type":"deco","angle":45,"sprite":"malchik2.png","x":7},{"id":"g2","time":24.75,"drawLayer":"bg","drawOrder":0,"hide":true,"y":106,"type":"deco","angle":67.5,"sprite":"gay2.png","x":7},{"id":"m","time":25.5,"drawLayer":"bg","drawOrder":1,"hide":true,"y":-81,"type":"deco","angle":135,"sprite":"malchik.png","x":0},{"id":"g","time":25.5,"drawLayer":"bg","drawOrder":1,"hide":true,"y":100,"type":"deco","angle":157.5,"sprite":"gay.png","x":0},{"id":"m","time":28.75,"drawLayer":"bg","drawOrder":1,"hide":false,"y":-81,"type":"deco","angle":45,"sprite":"malchik.png","x":0},{"id":"g","time":29.5,"drawLayer":"bg","drawOrder":1,"hide":false,"y":100,"type":"deco","angle":33.75,"sprite":"gay.png","x":0},{"id":"m2","time":30.25,"drawLayer":"bg","drawOrder":0,"hide":false,"y":-75,"type":"deco","angle":56.25,"sprite":"malchik2.png","x":7},{"id":"g2","time":31.25,"drawLayer":"bg","drawOrder":0,"hide":false,"y":106,"type":"deco","angle":56.25,"sprite":"gay2.png","x":7},{"id":"m2","time":32,"drawLayer":"bg","drawOrder":0,"hide":true,"y":-75,"type":"deco","angle":45,"sprite":"malchik2.png","x":7},{"id":"g2","time":33,"drawLayer":"bg","drawOrder":0,"hide":true,"y":106,"type":"deco","angle":67.5,"sprite":"gay2.png","x":7},{"id":"m","time":33.75,"drawLayer":"bg","drawOrder":1,"hide":true,"y":-81,"type":"deco","angle":135,"sprite":"malchik.png","x":0},{"id":"g","time":33.75,"drawLayer":"bg","drawOrder":1,"hide":true,"y":100,"type":"deco","angle":157.5,"sprite":"gay.png","x":0},{"id":"m","time":36.75,"drawLayer":"bg","drawOrder":1,"hide":false,"y":-81,"type":"deco","angle":90,"sprite":"malchik.png","x":0},{"id":"g","time":37.5,"drawLayer":"bg","drawOrder":1,"hide":false,"y":100,"type":"deco","angle":78.75,"sprite":"gay.png","x":0},{"id":"m2","time":38.25,"drawLayer":"bg","drawOrder":0,"hide":false,"y":-75,"type":"deco","angle":101.25,"sprite":"malchik2.png","x":7},{"id":"g2","time":39.25,"drawLayer":"bg","drawOrder":0,"hide":false,"y":106,"type":"deco","angle":101.25,"sprite":"gay2.png","x":7},{"id":"m2","time":40,"drawLayer":"bg","drawOrder":0,"hide":true,"y":-75,"type":"deco","angle":90,"sprite":"malchik2.png","x":7},{"id":"g2","time":40,"drawLayer":"bg","drawOrder":0,"hide":true,"y":106,"type":"deco","angle":112.5,"sprite":"gay2.png","x":7},{"id":"m","time":41.25,"drawLayer":"bg","drawOrder":1,"hide":true,"y":-81,"type":"deco","angle":180,"sprite":"malchik.png","x":0},{"id":"g","time":40,"drawLayer":"bg","drawOrder":1,"hide":true,"y":100,"type":"deco","angle":135,"sprite":"gay.png","x":0},{"time":48.5,"duration":1,"color":2,"r":0,"g":15,"b":10,"angle":225,"type":"setColor"},{"time":48.5,"duration":1,"color":1,"r":28,"g":133,"b":115,"angle":202.5,"type":"setColor"},{"time":48.5,"duration":1,"color":0,"r":5,"g":37,"b":34,"angle":180,"type":"setColor"},{"type":"ease","time":48.25,"duration":0.25,"angle":-22.5,"var":"vfx.canvPos.sx","ease":"outCubic","value":1},{"type":"ease","time":48.25,"duration":0.25,"angle":-45,"var":"vfx.canvPos.sy","ease":"outCubic","value":1},{"enabled":true,"time":48.25,"duration":0,"type":"paddles","newWidth":360,"paddle":2,"angle":247.5,"ease":"linear"},{"newWidth":70,"time":48.75,"duration":0.75,"paddle":2,"angle":45,"ease":"outSine","type":"paddles"},{"time":46.5,"value":1.5,"angle":168.75,"var":"vfx.hwaves.strength","type":"ease"},{"time":48.5,"value":1,"angle":146.25,"var":"vfx.hwaves.period","type":"ease"},{"time":64.25,"color":2,"angle":78.75,"chance":0.30000001192093,"type":"noise"},{"g":240,"time":88.75,"type":"setColor","color":2,"angle":91.5,"b":245,"r":255},{"g":122,"time":88.75,"type":"setColor","color":1,"angle":125.25,"b":140,"r":227},{"g":218,"time":88.75,"type":"setColor","color":0,"angle":159,"b":221,"r":250},{"g":15,"time":89.25,"type":"setColor","color":2,"angle":262,"b":10,"r":0},{"g":133,"time":89.25,"type":"setColor","color":1,"angle":239.5,"b":115,"r":28},{"g":37,"time":89.25,"type":"setColor","color":0,"angle":217,"b":34,"r":5},{"g":240,"time":89.75,"type":"setColor","b":245,"angle":91.5,"color":2,"r":255},{"g":122,"time":89.75,"type":"setColor","b":140,"angle":125.25,"color":1,"r":227},{"g":218,"time":89.75,"type":"setColor","b":221,"angle":159,"color":0,"r":250},{"g":15,"time":90.25,"type":"setColor","color":2,"angle":262,"b":10,"r":0},{"g":133,"time":90.25,"type":"setColor","color":1,"angle":239.5,"b":115,"r":28},{"g":37,"time":90.25,"type":"setColor","color":0,"angle":217,"b":34,"r":5},{"g":240,"time":90.75,"type":"setColor","b":245,"angle":73.5,"color":2,"r":255},{"g":122,"time":90.75,"type":"setColor","b":140,"angle":107.25,"color":1,"r":227},{"g":218,"time":90.75,"type":"setColor","b":221,"angle":141,"color":0,"r":250},{"g":15,"time":91.25,"type":"setColor","color":2,"angle":244,"b":10,"r":0},{"g":133,"time":91.25,"type":"setColor","color":1,"angle":221.5,"b":115,"r":28},{"g":37,"time":91.25,"type":"setColor","color":0,"angle":199,"b":34,"r":5},{"g":240,"time":91.75,"type":"setColor","color":2,"angle":226.5,"b":245,"r":255},{"g":122,"time":91.75,"type":"setColor","color":1,"angle":260.25,"b":140,"r":227},{"g":218,"time":91.75,"type":"setColor","color":0,"angle":294,"b":221,"r":250},{"g":15,"time":92.25,"type":"setColor","color":2,"angle":397,"b":10,"r":0},{"g":133,"time":92.25,"type":"setColor","color":1,"angle":374.5,"b":115,"r":28},{"g":37,"time":92.25,"type":"setColor","color":0,"angle":352,"b":34,"r":5},{"g":240,"time":92.25,"type":"setColor","b":245,"angle":211.5,"color":2,"r":255},{"g":122,"time":92.25,"type":"setColor","color":1,"angle":245.25,"b":140,"r":227},{"g":218,"time":92.25,"type":"setColor","color":0,"angle":279,"b":221,"r":250},{"g":15,"time":92.75,"type":"setColor","color":2,"angle":382,"b":10,"r":0},{"g":133,"time":92.75,"type":"setColor","color":1,"angle":359.5,"b":115,"r":28},{"g":37,"time":92.75,"type":"setColor","color":0,"angle":337,"b":34,"r":5},{"newWidth":45,"time":96.25,"duration":0,"paddle":2,"angle":157.5,"ease":"linear","type":"paddles"},{"newWidth":70,"time":99.75,"duration":0,"paddle":2,"angle":146.25,"ease":"linear","type":"paddles"},{"time":96.75,"duration":1,"color":2,"r":255,"g":240,"b":245,"angle":226.5,"type":"setColor"},{"time":96.75,"duration":1,"color":1,"r":227,"g":122,"b":140,"angle":260.25,"type":"setColor"},{"time":96.75,"duration":1,"color":0,"r":250,"g":218,"b":221,"angle":294,"type":"setColor"},{"time":97.25,"duration":1,"color":2,"r":0,"g":15,"b":10,"angle":397,"type":"setColor"},{"time":97.25,"duration":1,"color":1,"r":28,"g":133,"b":115,"angle":374.5,"type":"setColor"},{"time":97.25,"duration":1,"color":0,"r":5,"g":37,"b":34,"angle":352,"type":"setColor"},{"time":97.25,"duration":1,"color":2,"r":255,"g":240,"b":245,"angle":211.5,"type":"setColor"},{"time":97.25,"duration":1,"color":1,"r":227,"g":122,"b":140,"angle":245.25,"type":"setColor"},{"time":97.25,"duration":1,"color":0,"r":250,"g":218,"b":221,"angle":279,"type":"setColor"},{"time":97.75,"duration":1,"color":2,"r":255,"g":240,"b":245,"angle":226.5,"type":"setColor"},{"time":97.75,"duration":1,"color":1,"r":227,"g":122,"b":140,"angle":260.25,"type":"setColor"},{"time":97.75,"duration":1,"color":0,"r":250,"g":218,"b":221,"angle":294,"type":"setColor"},{"time":98.25,"duration":1,"color":2,"r":0,"g":15,"b":10,"angle":397,"type":"setColor"},{"time":98.25,"duration":1,"color":1,"r":28,"g":133,"b":115,"angle":374.5,"type":"setColor"},{"time":98.25,"duration":1,"color":0,"r":5,"g":37,"b":34,"angle":352,"type":"setColor"},{"time":98.25,"duration":1,"color":2,"r":255,"g":240,"b":245,"angle":211.5,"type":"setColor"},{"time":98.25,"duration":1,"color":1,"r":227,"g":122,"b":140,"angle":245.25,"type":"setColor"},{"time":98.25,"duration":1,"color":0,"r":250,"g":218,"b":221,"angle":279,"type":"setColor"},{"g":240,"time":100.25,"type":"setColor","color":2,"angle":226.5,"b":245,"r":255},{"g":122,"time":100.25,"type":"setColor","b":140,"angle":260.25,"color":1,"r":227},{"g":218,"time":100.25,"type":"setColor","b":221,"angle":294,"color":0,"r":250},{"time":99.75,"duration":0.25,"color":2,"type":"setColor","g":255,"b":255,"angle":194.79963684082,"ease":"inQuad","r":255},{"time":99.75,"duration":0.25,"color":1,"type":"setColor","g":255,"b":255,"angle":206.12825012207,"ease":"inQuad","r":255},{"time":99.75,"duration":0.25,"color":0,"type":"setColor","g":255,"b":255,"angle":219.87181091309,"ease":"inQuad","r":255},{"time":100.25,"value":0,"angle":132.46644592285,"var":"vfx.hwaves.strength","type":"ease"},{"time":100.25,"type":"ease","angle":90,"var":"scrollSpeed","value":1.1499999761581},{"angle":281.25,"time":132.75,"type":"showResults"},{"type":"ease","time":130.75,"duration":1,"angle":45,"var":"scrollSpeed","ease":"inQuad","value":1.7000000476837},{"type":"ease","time":115.875,"duration":0.875,"angle":33.75,"var":"scrollSpeed","ease":"outQuad","value":0.89999997615814}],"properties":{"speed":100,"formatversion":13,"offset":8},"metadata":{"artist":"t.a.t.u.","charter":"Charter","bg":true,"description":"Greatest thx to @himych_hehe!!!\n","songName":"malchik gay","bgData":{"greenChannel":{"b":255,"g":255,"r":255},"yellowChannel":{"b":255,"g":255,"r":255},"magentaChannel":{"b":255,"g":255,"r":255},"cyanChannel":{"b":255,"g":255,"r":255},"image":"cover.png","redChannel":{"b":39,"g":66,"r":71},"blueChannel":{"b":214,"g":231,"r":226}},"difficulty":6.69,"artistLink":""}}