[{"angle":270,"time":3,"type":"block"},{"angle":281.25,"time":3.25,"type":"block"},{"angle":292.5,"time":3.5,"type":"block"},{"angle":303.75,"time":3.75,"type":"block"},{"angle":45,"time":4.25,"type":"block"},{"angle":56.25,"time":4.5,"type":"block"},{"angle":67.5,"time":4.75,"type":"block"},{"angle":78.75,"time":5,"type":"block"},{"angle":348.75,"time":4,"type":"block"},{"angle":11.25,"time":5.25,"type":"block"},{"angle":348.75,"time":5.5,"type":"block"},{"angle":337.5,"time":5.75,"type":"block"},{"angle":326.25,"time":6,"type":"block"},{"angle":315,"time":6.25,"type":"block"},{"angle":11.25,"time":6.5,"type":"block"},{"time":7,"angle":90,"type":"hold","angle2":-90,"duration":2},{"time":9,"angle":270,"type":"hold","angle2":315,"duration":0.5},{"time":9.5,"angle":315,"type":"hold","angle2":213.75,"duration":1},{"time":10.5,"angle":213.75,"type":"hold","angle2":292.5,"duration":1},{"time":12.5,"angle":90,"type":"side","tap":true},{"time":15,"angle":-90,"type":"hold","angle2":-270,"duration":2},{"time":17,"angle":90,"type":"hold","angle2":135,"duration":0.5},{"time":17.5,"angle":135,"type":"hold","angle2":33.75,"duration":1},{"time":18.5,"angle":33.75,"type":"hold","angle2":112.5,"duration":1},{"time":20.5,"angle":-90,"type":"side","tap":true},{"angle":101.25,"time":22,"type":"block"},{"time":22.5,"angle":90,"type":"hold","angle2":-45,"duration":2.5},{"angle":191.25,"time":26.5,"type":"block"},{"time":28.5,"angle":270,"type":"hold","angle2":416.25,"duration":0.5},{"time":29,"angle":56.25,"type":"hold","angle2":22.5,"duration":0.5},{"time":29.5,"angle":22.5,"type":"hold","angle2":-101.25,"duration":0.5},{"time":30,"angle":258.75,"type":"hold","angle2":180,"duration":0.5},{"angle":101.25,"time":36.5,"type":"block"},{"angle":45,"time":37,"type":"block"},{"angle":0,"time":37.5,"type":"block"},{"angle":292.5,"time":38,"type":"block"},{"startTap":true,"time":39,"angle":157.5,"holdEase":"outExpo","type":"hold","angle2":393.75,"duration":2},{"angle":225,"time":38.25,"type":"block"},{"angle":180,"time":38.5,"type":"block"},{"time":42.5,"angle":270,"type":"side","tap":true},{"endTap":true,"angle":45,"time":44.75,"angle2":-337.5,"type":"hold","duration":2.25},{"angle":56.25,"time":54,"type":"block"},{"angle":11.25,"time":54.5,"type":"block"},{"angle":180,"time":49,"type":"side"},{"time":50.5,"angle":56.25,"type":"hold","angle2":-22.5,"duration":2},{"angle":11.25,"time":55,"type":"extraTap"},{"angle":56.25,"time":57,"type":"block"},{"angle":11.25,"time":56.5,"type":"block"},{"angle":101.25,"time":57.5,"type":"block"},{"angle":146.25,"time":58,"type":"block"},{"startTap":true,"time":58.5,"type":"hold","angle":180,"angle2":360,"duration":2},{"angle":45,"time":61,"type":"block"},{"angle":11.25,"time":61.25,"type":"block"},{"angle":348.75,"time":61.5,"type":"block"},{"angle":315,"time":61.75,"type":"block"},{"angle":281.25,"time":62,"type":"block"},{"time":62.5,"angle":247.5,"type":"block","tap":true},{"angle":90,"time":63.5,"type":"block"},{"angle":78.75,"time":64,"type":"block"},{"angle":135,"time":64.5,"type":"block"},{"time":65,"angle":213.75,"type":"block","tap":true},{"angle":258.75,"time":65.5,"type":"block"},{"angle":213.75,"time":66,"type":"block"},{"angle":202.5,"time":66.5,"type":"block"},{"time":67,"angle":157.5,"type":"block","tap":true},{"angle":191.25,"time":67.5,"type":"block"},{"angle":225,"time":68,"type":"block"},{"angle":247.5,"time":68.5,"type":"block"},{"time":69,"angle":270,"type":"block","tap":true},{"angle":303.75,"time":69.5,"type":"block"},{"angle":315,"time":69.75,"type":"block"},{"angle":326.25,"time":70,"type":"block"},{"angle":337.5,"time":70.25,"type":"block"},{"angle":348.75,"time":70.5,"type":"block"},{"angle":0,"time":70.75,"type":"block"},{"angle":11.25,"time":71,"type":"block"},{"angle":22.5,"time":71,"type":"extraTap"},{"angle":45,"time":72.5,"type":"extraTap"},{"angle":45,"time":74,"type":"extraTap"},{"angle":33.75,"time":71.25,"type":"block"},{"angle":56.25,"time":71.5,"type":"block"},{"angle":78.75,"time":71.75,"type":"block"},{"angle":90,"time":72,"type":"block"},{"angle":202.5,"time":72.5,"type":"block"},{"angle":213.75,"time":72.75,"type":"block"},{"angle":225,"time":73,"type":"block"},{"angle":337.5,"time":74,"type":"block"},{"angle":348.75,"time":74.25,"type":"block"},{"angle":0,"time":74.5,"type":"block"},{"angle":11.25,"time":74.75,"type":"block"},{"time":74.75,"angle":33.75,"type":"hold","angle2":-33.75,"duration":1},{"time":76,"angle":337.5,"type":"hold","angle2":360,"duration":0.5},{"angle":33.75,"time":79,"type":"extraTap"},{"angle":45,"time":80.5,"type":"extraTap"},{"angle":45,"time":82,"type":"extraTap"},{"angle":348.75,"time":79,"type":"block"},{"angle":326.25,"time":79.25,"type":"block"},{"angle":303.75,"time":79.5,"type":"block"},{"angle":281.25,"time":79.75,"type":"block"},{"angle":258.75,"time":80,"type":"block"},{"angle":461.25,"time":80.5,"type":"block"},{"angle":438.75,"time":80.75,"type":"block"},{"angle":416.25,"time":81,"type":"block"},{"angle":393.75,"time":81.25,"type":"block"},{"angle":371.25,"time":81.5,"type":"block"},{"angle":168.75,"time":82,"type":"block"},{"angle":146.25,"time":82.25,"type":"block"},{"angle":123.75,"time":82.5,"type":"block"},{"angle":101.25,"time":82.75,"type":"block"},{"time":83,"angle":78.75,"holdEase":"inSine","type":"hold","angle2":-326.25,"duration":3.25},{"angle":33.75,"time":87,"type":"extraTap"},{"angle":45,"time":88.5,"type":"extraTap"},{"angle":11.25,"time":90,"type":"extraTap"},{"angle":0,"time":87,"type":"block"},{"angle":326.25,"time":87.25,"type":"block"},{"angle":292.5,"time":87.5,"type":"block"},{"angle":258.75,"time":87.75,"type":"block"},{"angle":225,"time":88,"type":"block"},{"time":88.5,"angle":168.75,"type":"hold","angle2":123.75,"duration":0.25},{"time":89,"angle":112.5,"type":"hold","angle2":202.5,"duration":0.5},{"angle":168.75,"time":89.25,"type":"block"},{"angle":213.75,"time":89.75,"type":"block"},{"angle":225,"time":90,"type":"block"},{"angle":247.5,"time":90.25,"type":"block"},{"angle":270,"time":90.5,"type":"block"},{"angle":315,"time":90.75,"type":"block"},{"time":91.75,"angle":22.5,"holdEase":"inQuad","type":"hold","angle2":-146.25,"duration":1},{"angle":191.25,"time":93,"type":"block"},{"angle":180,"time":93.5,"type":"block"},{"angle":157.5,"time":93.5,"type":"block"},{"angle":90,"time":95.25,"type":"extraTap"},{"angle":90,"time":96.75,"type":"extraTap"},{"angle":90,"time":98.25,"type":"extraTap"},{"time":95.25,"angle":112.5,"type":"hold","angle2":146.25,"duration":0.25},{"time":95.5,"angle":146.25,"type":"hold","angle2":180,"duration":0.25},{"time":95.75,"angle":180,"type":"hold","angle2":213.75,"duration":0.25},{"time":96,"angle":213.75,"type":"hold","angle2":247.5,"duration":0.25},{"angle":337.5,"time":96.75,"type":"block"},{"angle":22.5,"time":97,"type":"block"},{"angle":337.5,"time":97.25,"type":"block"},{"angle":292.5,"time":97.5,"type":"block"},{"angle":337.5,"time":97.75,"type":"block"},{"angle":56.25,"time":98.25,"type":"block"},{"angle":258.75,"time":99.75,"type":"side"},{"angle":258.75,"time":100.25,"type":"block"},{"angle":270,"time":103,"type":"extraTap"},{"angle":22.5,"time":105,"type":"block"},{"angle":45,"time":105.25,"type":"block"},{"angle":67.5,"time":105.5,"type":"block"},{"angle":0,"time":104.75,"type":"block"},{"angle":-67.5,"time":106.75,"type":"block"},{"angle":-45,"time":107,"type":"block"},{"angle":-22.5,"time":107.25,"type":"block"},{"angle":-90,"time":106.5,"type":"block"},{"angle":360,"time":107.5,"type":"block"},{"time":108.5,"angle":45,"type":"hold","angle2":78.75,"duration":0.25},{"time":109,"angle":90,"type":"hold","angle2":56.25,"duration":0.25},{"time":109.25,"angle":56.25,"type":"hold","angle2":123.75,"duration":0.25},{"angle":67.5,"time":116.75,"type":"extraTap"},{"angle":11.25,"time":121,"type":"block"},{"angle":281.25,"time":120.5,"type":"block"},{"angle":326.25,"time":120.75,"type":"block"},{"angle":45,"time":121.25,"type":"block"},{"angle":78.75,"time":121.5,"type":"block"},{"angle":191.25,"time":122.5,"type":"block"},{"angle":168.75,"time":122.75,"type":"block"},{"angle":146.25,"time":123,"type":"block"},{"angle":168.75,"time":123.5,"type":"block"},{"angle":67.5,"time":124.5,"type":"block"},{"angle":90,"time":124.75,"type":"block"},{"angle":112.5,"time":125,"type":"block"},{"angle":135,"time":125.5,"type":"block"},{"time":136,"angle":213.75,"type":"hold","angle2":101.25,"duration":0.75},{"angle":225,"time":137.5,"type":"block"},{"angle":90,"time":138.25,"type":"side"},{"time":139.5,"angle":33.75,"type":"hold","angle2":135,"duration":0.5},{"time":141,"angle":225,"holdEase":"inSine","type":"hold","angle2":360,"duration":1},{"angle":67.5,"time":143,"type":"extraTap"},{"time":144,"angle":213.75,"type":"hold","angle2":101.25,"duration":0.75},{"angle":225,"time":145.5,"type":"block"},{"angle":90,"time":146.25,"type":"side"},{"time":147.5,"angle":33.75,"type":"hold","angle2":135,"duration":0.5},{"angle":315,"time":149,"type":"block"},{"angle":281.25,"time":148.75,"type":"block"},{"angle":281.25,"time":149.25,"type":"block"},{"angle":326.25,"time":149.5,"type":"block"},{"angle":348.75,"time":149.75,"type":"block"},{"angle":11.25,"time":150,"type":"block"},{"angle":303.75,"time":150.25,"type":"block"},{"angle":270,"time":150.5,"type":"block"},{"angle":247.5,"time":150.75,"type":"block"},{"angle":225,"time":151,"type":"block"},{"time":151.25,"angle":135,"type":"block","tap":true},{"time":151.75,"angle":146.25,"type":"block","tap":true},{"angle":90,"time":152.5,"type":"block"},{"angle":78.75,"time":153.25,"type":"block"},{"angle":67.5,"time":153.5,"type":"block"},{"angle":45,"time":153.75,"type":"block"},{"time":154,"angle":67.5,"holdEase":"inQuad","type":"hold","angle2":-22.5,"duration":1},{"angle":22.5,"time":155.25,"type":"block"},{"angle":67.5,"time":155.5,"type":"block"},{"angle":112.5,"time":155.75,"type":"block"},{"angle":157.5,"time":156,"type":"block"},{"angle":202.5,"time":156.5,"type":"block"},{"angle":236.25,"time":156.75,"type":"block"},{"angle":247.5,"time":157,"type":"block"},{"angle":236.25,"time":157.25,"type":"block"},{"angle":202.5,"time":157.5,"type":"block"},{"angle":157.5,"time":157.75,"type":"block"},{"angle":123.75,"time":158,"type":"block"},{"time":158.25,"angle":67.5,"type":"block","tap":true},{"time":158.75,"angle":33.75,"type":"hold","angle2":-22.5,"duration":0.5},{"angle":270,"time":160,"type":"block"},{"angle":315,"time":160.75,"type":"block"},{"angle":292.5,"time":161,"type":"block"},{"angle":326.25,"time":161.25,"type":"block"},{"angle":360,"time":161.5,"type":"block"},{"angle":22.5,"time":161.75,"type":"block"},{"angle":33.75,"time":162,"type":"block"},{"time":162.25,"angle":360,"type":"hold","angle2":450,"duration":0.75},{"angle":101.25,"time":164,"type":"block"},{"angle":90,"time":164.25,"type":"block"},{"angle":146.25,"time":164.5,"type":"block"},{"angle":135,"time":164.75,"type":"block"},{"angle":123.75,"time":163.25,"type":"block"},{"angle":112.5,"time":163.75,"type":"block"},{"angle":146.25,"time":163.5,"type":"block"},{"angle":123.75,"time":165,"type":"block"},{"angle":168.75,"time":165.25,"type":"block"},{"angle":180,"time":165.5,"type":"block"},{"angle":191.25,"time":165.75,"type":"block"},{"angle":225,"time":166,"type":"block"},{"angle":258.75,"time":166.25,"type":"block"},{"angle":292.5,"time":166.5,"type":"block"},{"angle":326.25,"time":166.75,"type":"block"},{"angle":348.75,"time":167,"type":"block"},{"time":168.25,"angle":236.25,"type":"block","tap":true},{"time":168.75,"angle":213.75,"type":"hold","angle2":180,"duration":0},{"angle":360,"time":169.75,"type":"side"},{"time":170,"angle":326.25,"type":"hold","angle2":483.75,"duration":1},{"angle":67.5,"time":171.5,"type":"block"},{"angle":337.5,"time":172,"type":"block"},{"angle":225,"time":172.5,"type":"block"},{"angle":236.25,"time":172.5,"type":"block"},{"angle":247.5,"time":172.5,"type":"block"},{"angle":258.75,"time":172.5,"type":"block"},{"time":173,"angle":135,"holdEase":"inCirc","type":"hold","angle2":-45,"duration":1},{"angle":303.75,"time":175.25,"type":"extraTap"},{"angle":270,"time":176,"type":"side"},{"angle":225,"time":176.5,"type":"block"},{"angle":101.25,"time":177.5,"type":"block"},{"endTap":true,"angle":135,"time":178,"angle2":337.5,"type":"hold","duration":1},{"time":179.75,"angle":33.75,"type":"block","tap":true},{"time":180.5,"angle":90,"type":"block","tap":true},{"time":181.75,"angle":45,"type":"block","tap":true},{"endTap":true,"angle":22.5,"time":183,"angle2":-157.5,"type":"hold","duration":1},{"angle":191.25,"time":185,"type":"block"},{"angle":157.5,"time":185.25,"type":"block"},{"angle":191.25,"time":185.5,"type":"block"},{"angle":213.75,"time":185.75,"type":"block"},{"time":186.25,"angle":236.25,"type":"hold","angle2":371.25,"duration":1},{"angle":56.25,"time":187.75,"type":"block"},{"angle":78.75,"time":187.5,"type":"block"},{"angle":11.25,"time":188,"type":"block"},{"time":188.25,"angle":326.25,"type":"block","tap":true},{"angle":292.5,"time":188.75,"type":"block"},{"angle":303.75,"time":189,"type":"block"},{"angle":315,"time":189.25,"type":"block"},{"angle":67.5,"time":189.75,"type":"block"},{"angle":11.25,"time":189.5,"type":"block"},{"angle":123.75,"time":190,"type":"block"},{"time":190.25,"angle":157.5,"type":"block","tap":true},{"time":191.25,"angle":292.5,"type":"block","tap":true},{"time":192,"angle":258.75,"type":"block","tap":true},{"time":192.75,"angle":202.5,"type":"block","tap":true},{"time":193.5,"angle":315,"type":"block","tap":true},{"time":194.25,"angle":270,"type":"block","tap":true},{"angle":303.75,"time":199.25,"type":"extraTap"},{"angle":258.75,"time":200,"type":"block"},{"angle":270,"time":200.25,"type":"block"},{"angle":281.25,"time":200.5,"type":"block"},{"angle":292.5,"time":200.75,"type":"block"},{"angle":303.75,"time":201,"type":"block"},{"angle":337.5,"time":201.25,"type":"block"},{"angle":0,"time":201.5,"type":"block"},{"angle":33.75,"time":201.75,"type":"block"},{"time":202,"angle":112.5,"type":"hold","angle2":180,"duration":1},{"angle":135,"time":202.25,"type":"block"},{"angle":157.5,"time":202.5,"type":"block"},{"angle":168.75,"time":202.75,"type":"block"},{"angle":225,"time":203.25,"type":"block"},{"angle":202.5,"time":203.5,"type":"block"},{"angle":180,"time":203.75,"type":"block"},{"angle":67.5,"time":204.5,"type":"block"},{"angle":157.5,"time":204,"type":"block"},{"angle":33.75,"time":204.75,"type":"block"},{"angle":90,"time":205.25,"type":"block"},{"angle":56.25,"time":205,"type":"block"},{"angle":45,"time":205.75,"type":"block"},{"angle":56.25,"time":205.5,"type":"extraTap"},{"angle":56.25,"time":206.5,"type":"extraTap"},{"angle":56.25,"time":207.5,"type":"extraTap"},{"angle":33.75,"time":208,"type":"block"},{"angle":11.25,"time":208.25,"type":"block"},{"angle":67.5,"time":208.5,"type":"block"},{"angle":78.75,"time":208.75,"type":"block"},{"angle":45,"time":209,"type":"block"},{"angle":22.5,"time":209.25,"type":"block"},{"angle":0,"time":209.5,"type":"block"},{"angle":326.25,"time":209.75,"type":"block"},{"angle":337.5,"time":210.25,"type":"block"},{"angle":360,"time":210.5,"type":"block"},{"angle":22.5,"time":210.75,"type":"block"},{"time":211,"angle":11.25,"type":"hold","angle2":-33.75,"duration":0.25},{"time":211.25,"angle":326.25,"type":"hold","angle2":360,"duration":0.25},{"time":211.5,"angle":360,"type":"hold","angle2":416.25,"duration":0.75},{"time":211.75,"angle":33.75,"type":"hold","angle2":11.25,"duration":0.25},{"angle":101.25,"time":212.5,"type":"block"},{"angle":135,"time":212.75,"type":"block"},{"angle":168.75,"time":213,"type":"block"},{"angle":135,"time":213.25,"type":"block"},{"angle":101.25,"time":213.5,"type":"block"},{"angle":78.75,"time":213.75,"type":"block"},{"angle":90,"time":214,"type":"block"},{"angle":123.75,"time":214.25,"type":"block"},{"angle":157.5,"time":214.5,"type":"block"},{"angle":202.5,"time":214.75,"type":"block"},{"angle":247.5,"time":215,"type":"block"},{"angle":303.75,"time":215.25,"type":"extraTap"},{"angle":258.75,"time":215.75,"type":"block"},{"angle":270,"time":216,"type":"block"},{"angle":281.25,"time":216.25,"type":"block"},{"angle":292.5,"time":216.5,"type":"block"},{"angle":258.75,"time":216.75,"type":"block"},{"angle":292.5,"time":217,"type":"block"},{"angle":258.75,"time":217.5,"type":"block"},{"angle":225,"time":217.75,"type":"block"},{"angle":202.5,"time":218,"type":"block"},{"angle":146.25,"time":218.5,"type":"block"},{"angle":112.5,"time":218.75,"type":"block"},{"angle":157.5,"time":218.25,"type":"block"},{"angle":90,"time":219.25,"type":"block"},{"time":219.5,"angle":67.5,"type":"hold","angle2":135,"duration":0.25},{"angle":101.25,"time":220,"type":"block"},{"angle":67.5,"time":220.25,"type":"block"},{"angle":33.75,"time":220.5,"type":"block"},{"angle":360,"time":220.75,"type":"block"},{"angle":326.25,"time":221,"type":"block"},{"angle":281.25,"time":221.25,"type":"block"},{"angle":236.25,"time":221.5,"type":"block"},{"angle":180,"time":221.75,"type":"block"},{"angle":123.75,"time":222,"type":"block"},{"angle":90,"time":222.25,"type":"block"},{"angle":56.25,"time":222.5,"type":"block"},{"angle":348.75,"time":222.75,"type":"block"},{"angle":303.75,"time":223,"type":"extraTap"},{"angle":303.75,"time":225,"type":"extraTap"},{"angle":348.75,"time":227.25,"type":"extraTap"},{"time":223,"angle":326.25,"type":"hold","angle2":427.5,"duration":1},{"time":225,"angle":315,"type":"hold","angle2":213.75,"duration":1},{"angle":11.25,"time":231,"type":"extraTap"},{"angle":326.25,"time":231.5,"type":"block"},{"angle":360,"time":231.75,"type":"block"},{"angle":33.75,"time":232,"type":"block"},{"angle":67.5,"time":232.25,"type":"block"},{"angle":90,"time":232.5,"type":"block"},{"angle":483.75,"time":232.75,"type":"block"},{"angle":517.5,"time":233,"type":"block"},{"angle":191.25,"time":233.25,"type":"block"},{"angle":225,"time":233.5,"type":"block"},{"angle":247.5,"time":233.75,"type":"block"},{"angle":270,"time":234,"type":"block"},{"angle":292.5,"time":234.25,"type":"block"},{"angle":11.25,"time":234.75,"type":"extraTap"},{"time":235.5,"angle":326.25,"type":"hold","angle2":393.75,"duration":0.25},{"angle":315,"time":235.375,"type":"block"},{"time":235.75,"angle":33.75,"type":"hold","angle2":-11.25,"duration":0.25},{"time":236,"angle":0,"type":"hold","angle2":45,"duration":0.5},{"time":236.5,"angle":45,"type":"hold","angle2":11.25,"duration":0.5},{"time":237,"angle":11.25,"type":"hold","angle2":135,"duration":1},{"time":237.25,"angle":33.75,"type":"hold","angle2":112.5,"duration":0.75},{"angle":67.5,"time":237.75,"type":"block"},{"angle":157.5,"time":238.25,"type":"block"},{"angle":168.75,"time":238.5,"type":"block"},{"angle":180,"time":238.75,"type":"block"},{"angle":191.25,"time":239,"type":"block"},{"angle":236.25,"time":239.25,"type":"extraTap"},{"angle":292.5,"time":240,"type":"block"},{"angle":303.75,"time":240.25,"type":"block"},{"angle":315,"time":240.5,"type":"block"},{"angle":281.25,"time":240.75,"type":"block"},{"angle":292.5,"time":241,"type":"block"},{"angle":315,"time":241.25,"type":"block"},{"angle":348.75,"time":241.5,"type":"block"},{"angle":337.5,"time":241.75,"type":"block"},{"angle":326.25,"time":242,"type":"block"},{"angle":348.75,"time":242.25,"type":"block"},{"angle":337.5,"time":242.5,"type":"block"},{"angle":326.25,"time":242.75,"type":"block"},{"angle":11.25,"time":243,"type":"block"},{"angle":0,"time":243.25,"type":"block"},{"angle":348.75,"time":243.5,"type":"block"},{"angle":33.75,"time":243.75,"type":"block"},{"angle":22.5,"time":244,"type":"block"},{"angle":11.25,"time":244.25,"type":"block"},{"angle":56.25,"time":244.5,"type":"block"},{"angle":45,"time":244.75,"type":"block"},{"angle":33.75,"time":245,"type":"block"},{"angle":90,"time":245.25,"type":"block"},{"angle":78.75,"time":245.5,"type":"block"},{"angle":67.5,"time":245.75,"type":"block"},{"angle":11.25,"time":246,"type":"block"},{"angle":0,"time":246.25,"type":"block"},{"angle":348.75,"time":246.5,"type":"block"},{"angle":270,"time":246.75,"type":"block"},{"angle":258.75,"time":247,"type":"block"},{"time":247.25,"angle":247.5,"type":"block","tap":true},{"angle":348.75,"time":248,"type":"block"},{"angle":326.25,"time":248.5,"type":"block"},{"angle":11.25,"time":248.25,"type":"block"},{"angle":281.25,"time":249,"type":"block"},{"angle":303.75,"time":248.75,"type":"block"},{"angle":303.75,"time":249.25,"type":"block"},{"angle":326.25,"time":249.5,"type":"block"},{"angle":348.75,"time":249.75,"type":"block"},{"angle":33.75,"time":250,"type":"block"},{"angle":22.5,"time":250.25,"type":"block"},{"angle":337.5,"time":250.5,"type":"block"},{"angle":292.5,"time":250.75,"type":"extraTap"},{"angle":348.75,"time":251.25,"type":"block"},{"angle":22.5,"time":251.5,"type":"block"},{"angle":56.25,"time":251.75,"type":"block"},{"time":252,"angle":11.25,"type":"hold","angle2":-157.5,"duration":1},{"angle":337.5,"time":252.125,"type":"block"},{"angle":303.75,"time":252.25,"type":"block"},{"angle":292.5,"time":252.375,"type":"block"},{"angle":270,"time":252.5,"type":"block"},{"angle":247.5,"time":252.75,"type":"block"},{"angle":225,"time":252.875,"type":"block"},{"angle":101.25,"time":253.5,"type":"side"},{"time":254.25,"angle":33.75,"type":"hold","angle2":-157.5,"duration":0.75},{"time":256.5,"angle":202.5,"type":"hold","angle2":168.75,"duration":0.25},{"time":257,"angle":146.25,"type":"hold","angle2":180,"duration":0.25},{"time":257.5,"angle":202.5,"type":"hold","angle2":225,"duration":0.25},{"time":258,"angle":258.75,"type":"hold","angle2":303.75,"duration":0.25},{"time":258.25,"angle":303.75,"type":"hold","angle2":281.25,"duration":0.25},{"time":258.5,"angle":281.25,"type":"hold","angle2":326.25,"duration":0.25},{"time":259,"angle":292.5,"type":"hold","angle2":247.5,"duration":0.25},{"time":259.25,"angle":247.5,"type":"hold","angle2":270,"duration":0.25},{"time":259.75,"angle":315,"type":"hold","angle2":371.25,"duration":0.25},{"time":260.25,"angle":33.75,"type":"hold","angle2":67.5,"duration":0.25},{"time":260.5,"angle":67.5,"type":"hold","angle2":67.5,"duration":0.25},{"endTap":false,"angle":67.5,"time":260.75,"angle2":11.25,"type":"hold","duration":0.25},{"time":261.25,"angle":348.75,"type":"hold","angle2":382.5,"duration":0.25},{"time":261.5,"angle":22.5,"type":"hold","angle2":-11.25,"duration":0.25},{"time":262,"angle":337.5,"type":"hold","angle2":303.75,"duration":0.25},{"time":262.5,"angle":348.75,"type":"hold","angle2":303.75,"duration":0.25},{"angle":326.25,"time":264,"type":"block"},{"angle":0,"time":264.25,"type":"block"},{"angle":33.75,"time":264.5,"type":"block"},{"angle":67.5,"time":264.75,"type":"block"},{"angle":292.5,"time":263.75,"type":"block"},{"angle":123.75,"time":265.25,"type":"block"},{"angle":101.25,"time":265,"type":"block"},{"angle":146.25,"time":265.5,"type":"block"},{"angle":168.75,"time":265.75,"type":"block"},{"angle":303.75,"time":263,"type":"extraTap"},{"angle":11.25,"time":266.5,"type":"extraTap"},{"time":267.5,"angle":315,"type":"hold","angle2":371.25,"duration":0.5},{"angle":303.75,"time":267.375,"type":"block"},{"angle":292.5,"time":267.25,"type":"block"},{"angle":315,"time":268.5,"type":"block"},{"angle":213.75,"time":269,"type":"block"},{"time":269.5,"angle":90,"type":"hold","angle2":11.25,"duration":0.5},{"angle":326.25,"time":271,"type":"extraTap"},{"angle":33.75,"time":272.5,"type":"block"},{"angle":45,"time":272.75,"type":"block"},{"time":273,"angle":22.5,"type":"block","tap":true},{"time":273.25,"angle":348.75,"type":"block","tap":false},{"angle":360,"time":273.5,"type":"block"},{"angle":-56.25,"time":274,"type":"block"},{"angle":-45,"time":274.25,"type":"block"},{"angle":-33.75,"time":274.5,"type":"block"},{"angle":281.25,"time":274.75,"type":"block"},{"time":275,"angle":292.5,"type":"block","tap":true},{"time":275.25,"angle":-56.25,"type":"block","tap":false},{"time":273.75,"angle":348.75,"type":"block","tap":true},{"angle":337.5,"time":275.5,"type":"block"},{"time":275.75,"angle":360,"type":"block","tap":true},{"angle":33.75,"time":276,"type":"block"},{"angle":22.5,"time":276.25,"type":"block"},{"angle":11.25,"time":276.5,"type":"block"},{"angle":337.5,"time":276.75,"type":"block"},{"angle":326.25,"time":277,"type":"block"},{"time":277.25,"angle":315,"type":"block","tap":true},{"angle":348.75,"time":277.5,"type":"block"},{"angle":360,"time":277.75,"type":"block"},{"time":278,"angle":11.25,"type":"block","tap":true},{"angle":67.5,"time":279,"type":"extraTap"},{"angle":33.75,"time":279.5,"type":"block"},{"angle":67.5,"time":279.75,"type":"block"},{"angle":348.75,"time":280,"type":"block"},{"angle":326.25,"time":280.25,"type":"block"},{"angle":303.75,"time":280.5,"type":"block"},{"angle":281.25,"time":280.75,"type":"block"},{"angle":258.75,"time":281,"type":"block"},{"angle":236.25,"time":281.25,"type":"block"},{"angle":213.75,"time":281.5,"type":"block"},{"angle":191.25,"time":281.75,"type":"block"},{"angle":157.5,"time":282,"type":"block"},{"angle":123.75,"time":282.25,"type":"block"},{"time":282.5,"angle":90,"type":"block","tap":true},{"time":283.5,"angle":33.75,"type":"hold","angle2":-11.25,"duration":0.25},{"time":284,"angle":-22.5,"type":"hold","angle2":-67.5,"duration":0.25},{"time":284.5,"angle":-78.75,"type":"hold","angle2":-123.75,"duration":0.25},{"time":285,"angle":303.75,"type":"hold","angle2":348.75,"duration":0.25},{"time":285.5,"angle":33.75,"type":"hold","angle2":78.75,"duration":0.25},{"time":287,"angle":90,"holdEase":"inCubic","type":"hold","angle2":-303.75,"duration":3},{"angle":337.5,"time":291,"type":"block"},{"angle":348.75,"time":291.25,"type":"block"},{"angle":0,"time":291.5,"type":"block"},{"angle":11.25,"time":291.75,"type":"block"},{"angle":22.5,"time":292,"type":"block"},{"angle":33.75,"time":292.25,"type":"block"},{"angle":45,"time":292.5,"type":"block"},{"angle":56.25,"time":292.75,"type":"block"},{"angle":67.5,"time":293,"type":"block"},{"angle":78.75,"time":293.25,"type":"block"},{"angle":90,"time":293.5,"type":"block"},{"angle":101.25,"time":293.75,"type":"block"},{"angle":112.5,"time":294,"type":"block"},{"angle":123.75,"time":294.25,"type":"block"},{"time":295,"angle":90,"type":"hold","angle2":-90,"duration":2},{"time":298.5,"angle":-90,"type":"hold","angle2":-270,"duration":2},{"angle":0,"time":303,"type":"side"},{"angle":180,"time":305,"type":"side"},{"angle":33.75,"time":306.5,"type":"mine"},{"angle":146.25,"time":306.5,"type":"mine"},{"angle":22.5,"time":306.5,"type":"mine"},{"angle":11.25,"time":306.5,"type":"mine"},{"angle":0,"time":306.5,"type":"mine"},{"angle":348.75,"time":306.5,"type":"mine"},{"angle":337.5,"time":306.5,"type":"mine"},{"angle":326.25,"time":306.5,"type":"mine"},{"angle":315,"time":306.5,"type":"mine"},{"angle":303.75,"time":306.5,"type":"mine"},{"angle":292.5,"time":306.5,"type":"mine"},{"angle":281.25,"time":306.5,"type":"mine"},{"angle":270,"time":306.5,"type":"mine"},{"angle":258.75,"time":306.5,"type":"mine"},{"angle":247.5,"time":306.5,"type":"mine"},{"angle":236.25,"time":306.5,"type":"mine"},{"angle":225,"time":306.5,"type":"mine"},{"angle":213.75,"time":306.5,"type":"mine"},{"angle":202.5,"time":306.5,"type":"mine"},{"angle":191.25,"time":306.5,"type":"mine"},{"angle":180,"time":306.5,"type":"mine"},{"angle":168.75,"time":306.5,"type":"mine"},{"angle":157.5,"time":306.5,"type":"mine"},{"angle":56.25,"time":310,"type":"block"},{"angle":11.25,"time":310.5,"type":"block"},{"time":311,"angle":303.75,"type":"hold","angle2":135,"duration":2},{"angle":56.25,"time":314.5,"type":"block"},{"angle":281.25,"time":316.5,"type":"block"},{"angle":258.75,"time":317,"type":"block"},{"angle":225,"time":317.5,"type":"block"},{"angle":157.5,"time":318,"type":"block"},{"time":318.5,"angle":90,"type":"side","tap":true},{"angle":101.25,"time":324.5,"type":"block"},{"angle":45,"time":325,"type":"block"},{"angle":0,"time":325.5,"type":"block"},{"angle":292.5,"time":326,"type":"block"},{"startTap":true,"time":327,"angle":157.5,"holdEase":"outExpo","type":"hold","angle2":393.75,"duration":2},{"angle":225,"time":326.25,"type":"block"},{"angle":180,"time":326.5,"type":"block"},{"time":330.5,"angle":270,"type":"side","tap":true},{"endTap":true,"angle":45,"time":332.75,"angle2":-337.5,"type":"hold","duration":2.25},{"angle":56.25,"time":342,"type":"block"},{"angle":11.25,"time":342.5,"type":"block"},{"angle":180,"time":337,"type":"side"},{"time":338.5,"angle":56.25,"type":"hold","angle2":-22.5,"duration":2},{"angle":11.25,"time":343,"type":"extraTap"},{"angle":348.75,"time":346,"type":"block"},{"angle":326.25,"time":345.5,"type":"block"},{"angle":337.5,"time":345.75,"type":"block"},{"angle":0,"time":346.25,"type":"block"},{"time":346.5,"angle":11.25,"type":"hold","angle2":517.5,"duration":3},{"angle":168.75,"time":349.75,"type":"block"},{"angle":180,"time":350,"type":"block"},{"angle":191.25,"time":350.25,"type":"block"},{"angle":202.5,"time":350.5,"type":"block"},{"angle":213.75,"time":350.75,"type":"block"},{"angle":360,"time":364.5,"type":"extraTap"},{"angle":123.75,"time":367,"type":"extraTap"},{"angle":360,"time":362.5,"type":"extraTap"},{"time":371,"angle":337.5,"type":"hold","angle2":202.5,"duration":2},{"time":375,"angle":45,"type":"block","tap":true},{"time":376.5,"angle":292.5,"type":"block","tap":true},{"time":378.5,"angle":146.25,"type":"block","tap":true},{"time":380.5,"angle":78.75,"type":"block","tap":true},{"time":382,"angle":315,"type":"block","tap":true},{"time":392,"speedMult":2,"angle":270,"type":"block"},{"time":392.25,"speedMult":2,"angle":281.25,"type":"block"},{"time":392.5,"speedMult":2,"angle":292.5,"type":"block"},{"time":393,"speedMult":2,"angle":270,"type":"block"},{"time":393.25,"speedMult":2,"angle":281.25,"type":"block"},{"time":393.5,"speedMult":2,"angle":292.5,"type":"block"},{"angle":303.75,"time":394,"type":"block"},{"angle":315,"time":394.25,"type":"block"},{"angle":326.25,"time":394.5,"type":"block"},{"angle":303.75,"time":395,"type":"block"},{"angle":315,"time":395.25,"type":"block"},{"angle":326.25,"time":395.5,"type":"block"},{"time":396.25,"angle":56.25,"type":"hold","angle2":90,"duration":0.25},{"time":396.5,"angle":90,"type":"hold","angle2":22.5,"duration":0.25},{"time":397,"angle":11.25,"type":"hold","angle2":11.25,"duration":0.25},{"time":397.5,"angle":45,"type":"hold","angle2":45,"duration":1},{"time":397.75,"angle":56.25,"type":"hold","angle2":78.75,"duration":0.25},{"time":398,"angle":33.75,"type":"hold","angle2":11.25,"duration":0.25},{"angle":348.75,"time":398.75,"type":"block"},{"angle":337.5,"time":399,"type":"block"},{"angle":326.25,"time":399.25,"type":"block"},{"angle":360,"time":399.5,"type":"block"},{"angle":348.75,"time":399.75,"type":"block"},{"angle":337.5,"time":400,"type":"block"},{"angle":281.25,"time":400.25,"type":"block"},{"angle":270,"time":400.5,"type":"block"},{"angle":258.75,"time":400.75,"type":"block"},{"angle":213.75,"time":401,"type":"block"},{"angle":202.5,"time":401.25,"type":"block"},{"angle":191.25,"time":401.5,"type":"block"},{"angle":112.5,"time":401.75,"type":"block"},{"angle":101.25,"time":402,"type":"block"},{"angle":90,"time":402.25,"type":"block"},{"angle":45,"time":402.5,"type":"block"},{"angle":56.25,"time":403,"type":"block"},{"angle":22.5,"time":403.25,"type":"block"},{"angle":348.75,"time":403.5,"type":"block"},{"angle":360,"time":403.75,"type":"block"},{"angle":337.5,"time":404,"type":"block"},{"angle":303.75,"time":404.25,"type":"block"},{"angle":315,"time":404.5,"type":"block"},{"angle":326.25,"time":404.75,"type":"block"},{"angle":33.75,"time":405,"type":"block"},{"angle":11.25,"time":405.25,"type":"block"},{"angle":348.75,"time":405.5,"type":"block"},{"angle":326.25,"time":405.75,"type":"block"},{"angle":303.75,"time":406,"type":"block"},{"angle":326.25,"time":406.25,"type":"block"},{"angle":348.75,"time":406.5,"type":"block"},{"angle":11.25,"time":406.75,"type":"block"},{"time":407,"angle":33.75,"type":"hold","angle2":-213.75,"duration":1},{"angle":123.75,"time":408.25,"type":"block"},{"angle":112.5,"time":408.5,"type":"block"},{"angle":101.25,"time":408.75,"type":"block"},{"angle":123.75,"time":409,"type":"block"},{"angle":146.25,"time":409.25,"type":"block"},{"angle":180,"time":409.5,"type":"block"},{"angle":225,"time":409.75,"type":"block"},{"angle":270,"time":410,"type":"block"},{"time":410.5,"angle":225,"holdEase":"outQuint","type":"hold","angle2":337.5,"duration":1},{"angle":360,"time":411.75,"type":"block"},{"angle":22.5,"time":412,"type":"block"},{"angle":45,"time":412.25,"type":"block"},{"angle":78.75,"time":412.5,"type":"block"},{"angle":101.25,"time":412.75,"type":"block"},{"angle":78.75,"time":413,"type":"block"},{"angle":123.75,"time":413.25,"type":"block"},{"angle":101.25,"time":413.5,"type":"block"},{"angle":146.25,"time":413.75,"type":"block"},{"angle":135,"time":414,"type":"block"},{"time":414.25,"angle":146.25,"holdEase":"outQuart","type":"hold","angle2":270,"duration":1},{"angle":292.5,"time":415.5,"type":"block"},{"angle":303.75,"time":415.75,"type":"block"},{"angle":315,"time":416,"type":"block"},{"angle":326.25,"time":416.25,"type":"block"},{"angle":337.5,"time":416.5,"type":"block"},{"time":416.75,"angle":348.75,"type":"hold","angle2":450,"duration":1.5},{"time":417,"angle":0,"type":"hold","angle2":56.25,"duration":0.25},{"time":417.25,"angle":56.25,"type":"hold","angle2":22.5,"duration":0.25},{"time":417.5,"angle":22.5,"type":"hold","angle2":78.75,"duration":0.25},{"time":417.75,"angle":78.75,"type":"hold","angle2":45,"duration":0.25},{"time":418,"angle":45,"type":"hold","angle2":90,"duration":0.25},{"angle":90,"time":418.75,"type":"extraTap"},{"angle":90,"time":419.25,"type":"extraTap"},{"time":419.5,"angle":360,"type":"hold","angle2":427.5,"duration":0.5},{"time":420.5,"angle":78.75,"type":"hold","angle2":146.25,"duration":0.5},{"angle":101.25,"time":421.75,"type":"block"},{"angle":90,"time":422,"type":"block"},{"angle":78.75,"time":422.25,"type":"block"},{"angle":67.5,"time":422.5,"type":"block"},{"angle":56.25,"time":422.75,"type":"block"},{"angle":112.5,"time":421.5,"type":"block"},{"time":423,"angle":45,"type":"block","tap":true},{"angle":337.5,"time":423.5,"type":"block"},{"angle":348.75,"time":423.75,"type":"block"},{"angle":360,"time":424,"type":"block"},{"angle":22.5,"time":424.25,"type":"block"},{"angle":56.25,"time":424.5,"type":"block"},{"angle":90,"time":424.75,"type":"block"},{"angle":56.25,"time":425,"type":"block"},{"angle":45,"time":425.25,"type":"block"},{"angle":33.75,"time":425.5,"type":"block"},{"angle":348.75,"time":425.75,"type":"block"},{"angle":337.5,"time":426,"type":"block"},{"angle":326.25,"time":426.25,"type":"block"},{"angle":292.5,"time":426.5,"type":"block"},{"angle":303.75,"time":426.75,"type":"block"},{"time":427,"angle":315,"type":"hold","angle2":427.5,"duration":1},{"time":427.25,"angle":337.5,"type":"hold","angle2":427.5,"duration":0.75},{"time":427.5,"angle":360,"type":"hold","angle2":427.5,"duration":0.5},{"time":427.75,"angle":22.5,"type":"hold","angle2":67.5,"duration":0.25},{"angle":90,"time":428.25,"type":"block"},{"angle":112.5,"time":428.5,"type":"block"},{"angle":135,"time":428.75,"type":"block"},{"angle":236.25,"time":429,"type":"block"},{"angle":258.75,"time":429.25,"type":"block"},{"angle":281.25,"time":429.5,"type":"block"},{"angle":11.25,"time":429.75,"type":"block"},{"angle":22.5,"time":430,"type":"block"},{"angle":33.75,"time":430.25,"type":"block"},{"angle":45,"time":430.5,"type":"block"},{"angle":56.25,"time":430.75,"type":"block"},{"time":431,"angle":67.5,"type":"hold","angle2":-292.5,"duration":1.25},{"angle":33.75,"time":431.25,"type":"block"},{"angle":303.75,"time":431.5,"type":"block"},{"angle":225,"time":431.75,"type":"block"},{"angle":146.25,"time":432,"type":"block"},{"angle":78.75,"time":432.25,"type":"block"},{"angle":56.25,"time":432.5,"type":"block"},{"angle":45,"time":432.75,"type":"block"},{"angle":33.75,"time":433,"type":"block"},{"angle":326.25,"time":433.25,"type":"block"},{"angle":360,"time":433.5,"type":"block"},{"angle":33.75,"time":433.75,"type":"block"},{"angle":67.5,"time":434,"type":"block"},{"angle":101.25,"time":434.25,"type":"block"},{"angle":146.25,"time":434.5,"type":"block"},{"time":434.75,"angle":180,"holdEase":"outQuart","type":"hold","angle2":337.5,"duration":0.75},{"angle":45,"time":436,"type":"block"},{"angle":67.5,"time":436.25,"type":"block"},{"angle":90,"time":436.5,"type":"block"},{"time":436.75,"angle":101.25,"type":"hold","angle2":11.25,"duration":1},{"angle":360,"time":438,"type":"block"},{"angle":348.75,"time":438.25,"type":"block"},{"angle":337.5,"time":438.5,"type":"block"},{"time":439,"angle":22.5,"type":"block","tap":true},{"angle":326.25,"time":440,"type":"block"},{"angle":337.5,"time":440.25,"type":"block"},{"angle":348.75,"time":440.5,"type":"block"},{"angle":360,"time":440.75,"type":"block"},{"angle":11.25,"time":441,"type":"block"},{"angle":22.5,"time":441.25,"type":"block"},{"angle":33.75,"time":441.5,"type":"block"},{"angle":78.75,"time":441.75,"type":"block"},{"angle":90,"time":442.25,"type":"block"},{"angle":45,"time":442,"type":"block"},{"time":442.5,"angle":112.5,"type":"hold","angle2":-78.75,"duration":1},{"angle":225,"time":444,"type":"block"},{"angle":101.25,"time":444.5,"type":"block"},{"angle":90,"time":444.75,"type":"block"},{"angle":78.75,"time":445,"type":"block"},{"angle":67.5,"time":445.25,"type":"block"},{"angle":56.25,"time":445.5,"type":"block"},{"angle":45,"time":445.75,"type":"block"},{"time":446,"angle":360,"type":"hold","angle2":337.5,"duration":0},{"time":446.25,"angle":11.25,"type":"hold","angle2":-11.25,"duration":0},{"time":446.5,"angle":33.75,"type":"hold","angle2":11.25,"duration":0},{"angle":101.25,"time":446.75,"type":"extraTap"},{"time":446.75,"angle":33.75,"holdEase":"inBack","angle2":-90,"type":"hold","duration":1},{"angle":292.5,"time":448.25,"type":"block"},{"angle":326.25,"time":448.75,"type":"block"},{"angle":0,"time":449.5,"type":"extraTap"},{"angle":360,"time":450,"type":"extraTap"},{"angle":0,"time":450.75,"type":"extraTap"},{"angle":0,"time":453,"type":"extraTap"},{"time":456,"angle":326.25,"type":"block","tap":true},{"time":457.75,"angle":438.75,"type":"block","tap":true},{"time":458.75,"angle":326.25,"holdEase":"outQuad","type":"hold","angle2":573.75,"duration":2},{"time":463,"angle":337.5,"holdEase":"outCubic","angle2":168.75,"type":"hold","duration":2},{"time":465,"angle":168.75,"holdEase":"outCirc","angle2":-33.75,"type":"hold","duration":1.5},{"angle":56.25,"time":468.5,"type":"side"},{"angle":0,"time":470,"type":"extraTap"},{"time":471,"angle":337.5,"holdEase":"outCirc","angle2":517.5,"type":"hold","duration":2},{"angle":292.5,"time":474.5,"type":"side"},{"time":474.75,"angle":303.75,"type":"hold","angle2":382.5,"duration":0.5},{"angle":90,"time":477,"type":"block"},{"angle":56.25,"time":476.5,"type":"block"},{"angle":123.75,"time":477.5,"type":"block"},{"angle":157.5,"time":478,"type":"block"},{"time":478.5,"angle":202.5,"type":"hold","angle2":888.75,"duration":5},{"angle":236.25,"time":485,"type":"block"},{"angle":191.25,"time":484.5,"type":"block"},{"angle":258.75,"time":485.5,"type":"block"},{"angle":303.75,"time":486,"type":"block"},{"angle":337.5,"time":486.5,"type":"block"},{"angle":33.75,"time":487.25,"type":"extraTap"},{"angle":360,"time":487.25,"type":"block"},{"angle":11.25,"time":487.5,"type":"block"},{"angle":22.5,"time":487.75,"type":"block"},{"angle":0,"time":488,"type":"block"},{"angle":67.5,"time":488.5,"type":"block"},{"angle":56.25,"time":488.75,"type":"block"},{"angle":67.5,"time":489,"type":"block"},{"angle":78.75,"time":489.25,"type":"block"},{"angle":22.5,"time":488.25,"type":"block"},{"angle":56.25,"time":489.5,"type":"block"},{"angle":33.75,"time":489.75,"type":"block"},{"angle":11.25,"time":490,"type":"block"},{"angle":326.25,"time":490.25,"type":"block"},{"angle":292.5,"time":490.5,"type":"block"},{"angle":247.5,"time":490.75,"type":"block"},{"angle":191.25,"time":491,"type":"block"},{"angle":168.75,"time":491.25,"type":"block"},{"angle":146.25,"time":491.25,"type":"extraTap"},{"angle":146.25,"time":492,"type":"extraTap"},{"angle":135,"time":492.75,"type":"extraTap"},{"angle":123.75,"time":493.5,"type":"extraTap"},{"angle":315,"time":495,"type":"block"},{"angle":337.5,"time":495.25,"type":"block"},{"angle":360,"time":495.5,"type":"block"},{"angle":22.5,"time":495.75,"type":"block"},{"angle":168.75,"time":496.5,"type":"block"},{"angle":180,"time":496.75,"type":"block"},{"angle":191.25,"time":497,"type":"block"},{"angle":202.5,"time":497.25,"type":"block"},{"angle":270,"time":497.5,"type":"block"},{"angle":281.25,"time":497.75,"type":"block"},{"angle":292.5,"time":498,"type":"block"},{"angle":270,"time":498.25,"type":"block"},{"angle":258.75,"time":498.5,"type":"block"},{"angle":247.5,"time":498.75,"type":"block"},{"angle":67.5,"time":496,"type":"block"},{"angle":135,"time":496.25,"type":"block"},{"angle":281.25,"time":499,"type":"block"},{"angle":326.25,"time":499.5,"type":"block"},{"angle":303.75,"time":499.25,"type":"block"},{"angle":348.75,"time":499.75,"type":"block"},{"angle":11.25,"time":500,"type":"block"},{"angle":33.75,"time":500.25,"type":"block"},{"angle":56.25,"time":500.5,"type":"block"},{"angle":78.75,"time":500.75,"type":"block"},{"angle":101.25,"time":501,"type":"block"},{"time":502,"angle":123.75,"type":"hold","angle2":180,"duration":0.5},{"time":504.5,"angle":247.5,"type":"hold","angle2":202.5,"duration":0.5},{"angle":112.5,"time":505.5,"type":"block"},{"angle":56.25,"time":506,"type":"block"},{"angle":11.25,"time":506.5,"type":"block"},{"angle":258.75,"time":509,"type":"block"},{"angle":292.5,"time":508.5,"type":"block"},{"angle":225,"time":509.5,"type":"block"},{"angle":180,"time":510,"type":"block"},{"time":510.5,"angle":146.25,"holdEase":"outCubic","angle2":-67.5,"type":"hold","duration":1},{"time":512,"angle":315,"type":"hold","angle2":371.25,"duration":0.5},{"time":512.5,"angle":11.25,"type":"hold","angle2":-90,"duration":0.5},{"time":513,"angle":270,"type":"hold","angle2":180,"duration":0.5},{"time":513.5,"angle":180,"type":"hold","angle2":270,"duration":0.5},{"time":514.5,"angle":360,"type":"hold","angle2":450,"duration":0.5},{"time":515,"angle":90,"type":"hold","angle2":180,"duration":0.5},{"time":515.5,"angle":180,"type":"hold","angle2":270,"duration":0.5},{"time":516,"angle":270,"type":"hold","angle2":180,"duration":0.5},{"angle":157.5,"time":517,"type":"block"},{"angle":146.25,"time":517.25,"type":"block"},{"angle":135,"time":517.5,"type":"block"},{"angle":123.75,"time":517.75,"type":"block"},{"angle":112.5,"time":518,"type":"block"},{"angle":101.25,"time":518.25,"type":"block"},{"angle":90,"time":518.5,"type":"block"},{"angle":78.75,"time":518.75,"type":"block"},{"angle":11.25,"time":519,"type":"block"},{"angle":22.5,"time":519,"type":"extraTap"},{"angle":45,"time":520.5,"type":"extraTap"},{"angle":45,"time":522,"type":"extraTap"},{"angle":33.75,"time":519.25,"type":"block"},{"angle":56.25,"time":519.5,"type":"block"},{"angle":78.75,"time":519.75,"type":"block"},{"angle":101.25,"time":520,"type":"block"},{"angle":202.5,"time":520.5,"type":"block"},{"angle":213.75,"time":520.75,"type":"block"},{"angle":225,"time":521,"type":"block"},{"angle":236.25,"time":521.25,"type":"block"},{"angle":247.5,"time":521.5,"type":"block"},{"time":522,"angle":337.5,"holdEase":"outQuart","type":"hold","angle2":483.75,"duration":1.25},{"angle":67.5,"time":523.75,"type":"block"},{"angle":11.25,"time":524.25,"type":"block"},{"angle":337.5,"time":525,"type":"block"},{"angle":303.75,"time":525.5,"type":"block"},{"angle":22.5,"time":527,"type":"extraTap"},{"angle":45,"time":528.5,"type":"extraTap"},{"angle":45,"time":530,"type":"extraTap"},{"angle":202.5,"time":528.5,"type":"block"},{"angle":225,"time":528.75,"type":"block"},{"angle":202.5,"time":529,"type":"block"},{"time":527,"angle":11.25,"type":"hold","angle2":-90,"duration":1},{"time":527.25,"angle":348.75,"type":"hold","angle2":292.5,"duration":0.5},{"time":527.5,"angle":326.25,"type":"hold","angle2":270,"duration":0.5},{"angle":180,"time":529.25,"type":"block"},{"time":530,"angle":337.5,"type":"hold","angle2":528.75,"duration":1.5},{"angle":146.25,"time":531.75,"type":"block"},{"angle":168.75,"time":532,"type":"block"},{"angle":191.25,"time":532.25,"type":"block"},{"angle":213.75,"time":532.5,"type":"block"},{"angle":236.25,"time":532.75,"type":"block"},{"angle":258.75,"time":533,"type":"block"},{"angle":281.25,"time":533.25,"type":"block"},{"angle":303.75,"time":533.5,"type":"block"},{"angle":326.25,"time":533.75,"type":"block"},{"angle":348.75,"time":534,"type":"block"},{"angle":11.25,"time":534.25,"type":"block"},{"angle":11.25,"time":535,"type":"block"},{"angle":22.5,"time":535,"type":"extraTap"},{"angle":45,"time":536.5,"type":"extraTap"},{"angle":45,"time":538,"type":"extraTap"},{"angle":33.75,"time":535.25,"type":"block"},{"angle":213.75,"time":536.75,"type":"block"},{"angle":303.75,"time":538,"type":"block"},{"angle":348.75,"time":535.5,"type":"block"},{"angle":326.25,"time":535.75,"type":"block"},{"angle":303.75,"time":536,"type":"block"},{"angle":247.5,"time":536.5,"type":"block"},{"angle":180,"time":537,"type":"block"},{"angle":270,"time":536.25,"type":"block"},{"angle":157.5,"time":537.25,"type":"block"},{"angle":213.75,"time":537.5,"type":"block"},{"angle":258.75,"time":537.75,"type":"block"},{"time":539.5,"type":"hold","angle":281.25,"angle2":393.75,"duration":0.5},{"time":540.5,"type":"hold","angle":67.5,"angle2":90,"duration":0},{"time":540.5,"type":"hold","angle":78.75,"angle2":33.75,"duration":0.5},{"time":541,"type":"hold","angle":33.75,"angle2":326.25,"duration":1},{"type":"block","time":541.5,"angle":157.5},{"angle":90,"time":543,"type":"extraTap"},{"angle":90,"time":544.5,"type":"extraTap"},{"angle":90,"time":546,"type":"extraTap"},{"time":543,"angle":112.5,"type":"hold","angle2":146.25,"duration":0.25},{"time":543.25,"angle":146.25,"type":"hold","angle2":180,"duration":0.25},{"time":543.5,"angle":180,"type":"hold","angle2":213.75,"duration":0.25},{"time":543.75,"angle":213.75,"type":"hold","angle2":247.5,"duration":0.25},{"angle":337.5,"time":544.5,"type":"block"},{"angle":22.5,"time":544.75,"type":"block"},{"angle":337.5,"time":545,"type":"block"},{"angle":292.5,"time":545.25,"type":"block"},{"angle":337.5,"time":545.5,"type":"block"},{"angle":56.25,"time":546,"type":"block"},{"type":"block","time":547.5,"angle":112.5},{"type":"block","time":548,"angle":45},{"type":"block","time":548.5,"angle":348.75},{"time":549,"type":"hold","angle":292.5,"angle2":22.5,"duration":2},{"angle":67.5,"time":551,"type":"extraTap"},{"time":552.5,"type":"hold","angle":348.75,"angle2":360,"duration":0.08333332836628},{"time":553.25,"angle2":461.25,"angle":450,"type":"hold","duration":0.08333332836628},{"time":553.75,"angle2":191.25,"angle":180,"type":"hold","duration":0.08333332836628},{"time":555,"type":"block","angle":270,"tap":true},{"type":"block","time":555.25,"angle":303.75},{"type":"block","time":555.5,"angle":337.5},{"type":"block","time":555.75,"angle":371.25},{"type":"block","time":556,"angle":405},{"type":"block","time":556.25,"angle":438.75},{"type":"block","time":556.5,"angle":472.5},{"type":"block","time":556.75,"angle":506.25},{"type":"block","time":557,"angle":540},{"type":"block","time":557.25,"angle":202.5},{"type":"block","time":557.5,"angle":236.25},{"type":"block","time":557.75,"angle":270},{"type":"block","time":558,"angle":303.75},{"type":"block","time":558.25,"angle":337.5},{"type":"block","time":558.5,"angle":11.25},{"type":"block","time":558.75,"angle":45},{"type":"block","time":559,"angle":78.75},{"type":"block","time":559.25,"angle":112.5},{"type":"block","time":559.5,"angle":146.25},{"type":"block","time":559.75,"angle":180},{"type":"block","time":560,"angle":213.75},{"type":"block","time":560.25,"angle":247.5},{"type":"block","time":560.5,"angle":281.25},{"type":"block","time":560.75,"angle":-45},{"type":"block","time":561,"angle":-11.25},{"type":"block","time":561.25,"angle":22.5},{"type":"block","time":561.5,"angle":56.25},{"type":"block","time":561.75,"angle":90},{"type":"block","time":562,"angle":123.75},{"type":"block","time":562.25,"angle":157.5},{"type":"block","time":562.5,"angle":191.25}]