{"properties":{"startingBeat":-1,"formatversion":13,"offset":8,"speed":70,"loadBeat":-1},"events":[{"offset":1.3600000143051,"volume":1,"time":3,"angle":360,"type":"play","file":"lustre.ogg","bpm":180},{"b":111,"color":0,"r":9,"angle":90,"type":"setColor","time":-1,"g":14},{"b":164,"color":1,"r":163,"angle":67.5,"type":"setColor","time":-1,"g":178},{"time":3,"angle":292.5,"g":255,"b":255,"r":255,"ease":"linear","type":"setColor","color":0,"duration":4},{"time":7,"angle":78.75,"g":125,"b":255,"r":85,"ease":"linear","type":"setColor","color":0,"duration":1},{"time":7,"angle":67.5,"g":255,"b":255,"r":255,"ease":"linear","type":"setColor","color":1,"duration":1},{"time":3,"angle":303.75,"g":255,"b":255,"r":255,"ease":"linear","type":"setColor","color":1,"duration":4},{"angle":33.75,"time":7,"value":13,"type":"ease","var":"p.bodyRadius","ease":"outExpo","duration":1.5},{"angle":22.5,"time":7,"value":18,"type":"ease","var":"p.paddleDistance","ease":"outExpo","duration":1.5},{"angle":11.25,"time":7,"value":3,"type":"ease","var":"p.lookRadius","ease":"outExpo","duration":1.5},{"angle":33.75,"time":21,"value":20,"type":"ease","var":"p.bodyRadius","ease":"inOutSine","duration":2.5},{"angle":22.5,"time":21,"value":31,"type":"ease","var":"p.paddleDistance","ease":"inOutSine","duration":2.5},{"angle":11.25,"time":21,"value":6,"type":"ease","var":"p.lookRadius","ease":"inOutSine","duration":2.5},{"time":21,"enable":true,"angle":360,"type":"hom"},{"time":21,"var":"vfx.bgNoise","angle":348.75,"type":"ease","value":0.69999998807907,"duration":3},{"chance":1,"color":0,"type":"noise","angle":348.75,"time":20.75},{"time":20.5,"angle":78.75,"g":23,"b":58,"r":29,"ease":"linear","type":"setColor","color":0,"duration":2},{"b":187,"color":6,"r":187,"angle":90,"type":"setColor","time":20.5,"g":121},{"b":235,"color":5,"r":235,"angle":101.25,"type":"setColor","time":20.5,"g":170},{"id":"bg","y":50,"time":20.5,"angle":112.5,"type":"deco","ease":"outExpo","duration":1},{"order":-1,"time":20.5,"sprite":"bg.png","angle":123.75,"x":0,"y":360,"type":"deco","id":"bg","drawLayer":"bg"},{"angle":146.25,"time":33,"value":1.3999999761581,"var":"vfx.canvPos.sy","type":"ease","ease":"outBack","duration":2},{"angle":123.75,"time":33,"value":1.3999999761581,"type":"ease","var":"vfx.canvPos.sx","ease":"outBack","duration":2},{"angle":146.25,"time":34.75,"value":1,"var":"vfx.canvPos.sy","type":"ease","ease":"outBack","duration":2},{"angle":123.75,"time":34.75,"value":1,"type":"ease","var":"vfx.canvPos.sx","ease":"outBack","duration":2},{"chance":0.80000001192093,"color":0,"type":"noise","angle":56.25,"time":22.5},{"angle":112.5,"time":39,"value":1.3999999761581,"type":"ease","var":"vfx.homCanvPos.sy","ease":"outBack","duration":1},{"angle":90,"time":39,"value":1.3999999761581,"type":"ease","var":"vfx.homCanvPos.sx","ease":"outBack","duration":1},{"angle":112.5,"time":40,"value":1,"type":"ease","var":"vfx.homCanvPos.sy","ease":"outSine","duration":1},{"angle":90,"time":40,"value":1,"type":"ease","var":"vfx.homCanvPos.sx","ease":"outSine","duration":1},{"time":7,"type":"forcePlayerSprite","angle":348.75,"spriteName":"smoleyes.png"},{"time":22,"type":"forcePlayerSprite","angle":78.75,"spriteName":""},{"angle":112.5,"time":42.5,"value":1.3999999761581,"type":"ease","var":"vfx.homCanvPos.sy","ease":"outBack","duration":1},{"angle":90,"time":42.5,"value":1.3999999761581,"type":"ease","var":"vfx.homCanvPos.sx","ease":"outBack","duration":1},{"angle":112.5,"time":43.5,"value":1,"type":"ease","var":"vfx.homCanvPos.sy","ease":"outSine","duration":1},{"angle":90,"time":43.5,"value":1,"type":"ease","var":"vfx.homCanvPos.sx","ease":"outSine","duration":1},{"time":-1,"angle":33.75,"value":1.25,"var":"scrollSpeed","type":"ease"},{"angle":101.25,"time":7,"value":0.85000002384186,"type":"ease","var":"scrollSpeed","ease":"outExpo","duration":1},{"angle":112.5,"time":33,"value":1.3999999761581,"type":"ease","var":"scrollSpeed","ease":"inOutSine","duration":1.5},{"angle":112.5,"time":47,"value":1.1000000238419,"type":"ease","var":"vfx.canvPos.sy","ease":"outBack","duration":1},{"angle":90,"time":47,"value":1.1000000238419,"type":"ease","var":"vfx.canvPos.sx","ease":"outBack","duration":1},{"angle":112.5,"time":49,"value":1.2000000476837,"type":"ease","var":"vfx.canvPos.sy","ease":"outBack","duration":1},{"angle":90,"time":49,"value":1.2000000476837,"type":"ease","var":"vfx.canvPos.sx","ease":"outBack","duration":1},{"angle":112.5,"time":50.5,"value":1.2999999523163,"type":"ease","var":"vfx.canvPos.sy","ease":"outBack","duration":1},{"angle":90,"time":50.5,"value":1.2999999523163,"type":"ease","var":"vfx.canvPos.sx","ease":"outBack","duration":1},{"angle":112.5,"time":52.5,"value":1,"type":"ease","var":"vfx.canvPos.sy","ease":"outBack","duration":1.5},{"angle":90,"time":52.5,"value":1,"type":"ease","var":"vfx.canvPos.sx","ease":"outBack","duration":1.5},{"chance":0.40000000596046,"color":0,"type":"noise","angle":360,"time":47},{"chance":0.64999997615814,"color":0,"type":"noise","angle":360,"time":54},{"angle":112.5,"time":55,"value":1.3999999761581,"type":"ease","var":"vfx.homCanvPos.sy","ease":"outBack","duration":1},{"angle":90,"time":55,"value":1.3999999761581,"type":"ease","var":"vfx.homCanvPos.sx","ease":"outBack","duration":1},{"angle":112.5,"time":56,"value":1,"type":"ease","var":"vfx.homCanvPos.sy","ease":"outSine","duration":1},{"angle":90,"time":56,"value":1,"type":"ease","var":"vfx.homCanvPos.sx","ease":"outSine","duration":1},{"angle":112.5,"time":58.5,"value":1.3999999761581,"type":"ease","var":"vfx.homCanvPos.sy","ease":"outBack","duration":1},{"angle":90,"time":58.5,"value":1.3999999761581,"type":"ease","var":"vfx.homCanvPos.sx","ease":"outBack","duration":1},{"angle":112.5,"time":59.5,"value":1,"type":"ease","var":"vfx.homCanvPos.sy","ease":"outSine","duration":1},{"angle":90,"time":59.5,"value":1,"type":"ease","var":"vfx.homCanvPos.sx","ease":"outSine","duration":1},{"angle":112.5,"time":62.5,"value":1.3999999761581,"type":"ease","var":"vfx.homCanvPos.sy","ease":"outBack","duration":1},{"angle":90,"time":62.5,"value":1.3999999761581,"type":"ease","var":"vfx.homCanvPos.sx","ease":"outBack","duration":1},{"angle":112.5,"time":63.25,"value":1,"type":"ease","var":"vfx.homCanvPos.sy","ease":"outSine","duration":0.75},{"angle":90,"time":63.25,"value":1,"type":"ease","var":"vfx.homCanvPos.sx","ease":"outSine","duration":0.75},{"time":20.5,"angle":67.5,"g":252,"b":255,"r":174,"ease":"linear","type":"setColor","color":1,"duration":2},{"angle":112.5,"time":65,"value":1.3999999761581,"type":"ease","var":"vfx.homCanvPos.sy","ease":"outBack","duration":1},{"angle":90,"time":65,"value":1.3999999761581,"type":"ease","var":"vfx.homCanvPos.sx","ease":"outBack","duration":1},{"angle":112.5,"time":65.75,"value":1,"type":"ease","var":"vfx.homCanvPos.sy","ease":"outSine","duration":0.75},{"angle":90,"time":65.75,"value":1,"type":"ease","var":"vfx.homCanvPos.sx","ease":"outSine","duration":0.75},{"angle":112.5,"time":67,"value":1.3999999761581,"type":"ease","var":"vfx.canvPos.sy","ease":"outBack","duration":1},{"angle":90,"time":67,"value":1.3999999761581,"type":"ease","var":"vfx.canvPos.sx","ease":"outBack","duration":1},{"angle":112.5,"time":69,"value":1,"type":"ease","var":"vfx.canvPos.sy","ease":"outBack","duration":1},{"angle":90,"time":69,"value":1,"type":"ease","var":"vfx.canvPos.sx","ease":"outBack","duration":1},{"time":69,"angle":56.25,"g":187,"b":187,"r":121,"ease":"linear","type":"setColor","color":6,"duration":1.5},{"time":69,"angle":67.5,"g":235,"b":229,"r":170,"ease":"linear","type":"setColor","color":5,"duration":1.5},{"time":69,"angle":45,"g":174,"b":255,"r":243,"ease":"linear","type":"setColor","color":1,"duration":1.5},{"angle":22.5,"time":69,"value":1.3999999761581,"var":"scrollSpeed","type":"ease","ease":"inOutSine","duration":1.5},{"time":71,"value":0,"var":"vfx.hglitch.strength","start":10,"ease":"linear","type":"ease","angle":45,"duration":1},{"time":72.5,"value":0,"var":"vfx.hglitch.strength","start":10,"ease":"linear","type":"ease","angle":78.75,"duration":1},{"time":74,"value":0,"var":"vfx.hglitch.strength","start":10,"ease":"linear","type":"ease","angle":78.75,"duration":1},{"time":79,"value":0,"var":"vfx.hglitch.strength","start":10,"ease":"linear","type":"ease","angle":78.75,"duration":1},{"time":80.5,"value":0,"var":"vfx.hglitch.strength","start":10,"ease":"linear","type":"ease","angle":78.75,"duration":1},{"time":82,"value":0,"var":"vfx.hglitch.strength","start":10,"ease":"linear","type":"ease","angle":78.75,"duration":1},{"time":87,"value":0,"var":"vfx.hglitch.strength","start":10,"ease":"linear","type":"ease","angle":56.25,"duration":1},{"time":88.5,"value":0,"var":"vfx.hglitch.strength","start":10,"ease":"linear","type":"ease","angle":56.25,"duration":1},{"time":90,"value":0,"var":"vfx.hglitch.strength","start":10,"ease":"linear","type":"ease","angle":45,"duration":1},{"time":98.25,"value":0,"var":"vfx.hglitch.strength","start":10,"ease":"linear","type":"ease","angle":45,"duration":1},{"time":96.75,"value":0,"var":"vfx.hglitch.strength","start":10,"ease":"linear","type":"ease","angle":45,"duration":1},{"time":95.25,"value":0,"var":"vfx.hglitch.strength","start":10,"ease":"linear","type":"ease","angle":45,"duration":1},{"angle":281.25,"time":103,"value":2,"var":"vfx.pixelate","type":"ease","ease":"outExpo","duration":2},{"time":103,"enable":false,"angle":292.5,"type":"hom"},{"time":112.75,"angle":90,"g":187,"b":187,"r":121,"ease":"linear","type":"setColor","color":6,"duration":0.5},{"time":112.75,"angle":101.25,"g":235,"b":229,"r":170,"ease":"linear","type":"setColor","color":5,"duration":0.5},{"time":112,"angle":90,"g":121,"b":187,"r":187,"ease":"linear","type":"setColor","color":6,"duration":0.5},{"time":112,"angle":101.25,"g":170,"b":235,"r":235,"ease":"linear","type":"setColor","color":5,"duration":0.5},{"time":111.25,"angle":90,"g":187,"b":187,"r":121,"ease":"linear","type":"setColor","color":6,"duration":0.5},{"time":111.25,"angle":101.25,"g":235,"b":229,"r":170,"ease":"linear","type":"setColor","color":5,"duration":0.5},{"time":110.5,"angle":90,"g":121,"b":187,"r":187,"ease":"linear","type":"setColor","color":6,"duration":0.5},{"time":110.5,"angle":101.25,"g":170,"b":235,"r":235,"ease":"linear","type":"setColor","color":5,"duration":0.5},{"time":114.25,"angle":90,"g":187,"b":187,"r":121,"ease":"linear","type":"setColor","color":6,"duration":0.5},{"time":114.25,"angle":101.25,"g":235,"b":229,"r":170,"ease":"linear","type":"setColor","color":5,"duration":0.5},{"time":113.5,"angle":90,"g":121,"b":187,"r":187,"ease":"linear","type":"setColor","color":6,"duration":0.5},{"time":113.5,"angle":101.25,"g":170,"b":235,"r":235,"ease":"linear","type":"setColor","color":5,"duration":0.5},{"time":115.75,"angle":90,"g":187,"b":187,"r":121,"ease":"linear","type":"setColor","color":6,"duration":0.5},{"time":115.75,"angle":101.25,"g":235,"b":229,"r":170,"ease":"linear","type":"setColor","color":5,"duration":0.5},{"time":115,"angle":90,"g":121,"b":187,"r":187,"ease":"linear","type":"setColor","color":6,"duration":0.5},{"time":115,"angle":101.25,"g":170,"b":235,"r":235,"ease":"linear","type":"setColor","color":5,"duration":0.5},{"time":116.75,"angle":90,"g":121,"b":187,"r":187,"ease":"linear","type":"setColor","color":6,"duration":2},{"time":116.75,"angle":101.25,"g":170,"b":235,"r":235,"ease":"linear","type":"setColor","color":5,"duration":2},{"angle":45,"time":116.75,"value":1,"var":"vfx.pixelate","type":"ease","ease":"linear","duration":2},{"time":116.75,"angle":112.5,"g":252,"b":255,"r":174,"ease":"linear","type":"setColor","color":1,"duration":2},{"id":"bg","y":600,"time":126.25,"angle":78.75,"type":"deco","ease":"inOutSine","duration":5},{"angle":56.25,"time":126.25,"value":560,"var":"p.y","type":"ease","ease":"inOutSine","duration":5},{"oy":180,"time":131,"sprite":"L.png","angle":11.25,"id":"L1","sy":0.80000001192093,"ox":300,"x":70,"sx":0.80000001192093,"type":"deco","y":180,"recolor":1},{"oy":180,"time":131.25,"sprite":"L.png","angle":11.25,"id":"L2","sy":0.80000001192093,"ox":300,"x":130,"sx":0.80000001192093,"type":"deco","y":180,"recolor":1},{"oy":180,"time":131.5,"sprite":"L.png","angle":11.25,"id":"L3","sy":0.80000001192093,"ox":300,"x":190,"sx":0.80000001192093,"type":"deco","y":180,"recolor":1},{"oy":180,"time":131.75,"sprite":"L.png","angle":11.25,"id":"L4","sy":0.80000001192093,"ox":300,"x":250,"sx":0.80000001192093,"type":"deco","y":180,"recolor":1},{"oy":180,"time":132,"sprite":"L.png","angle":11.25,"id":"L5","sy":0.80000001192093,"ox":300,"x":310,"sx":0.80000001192093,"type":"deco","y":180,"recolor":1},{"oy":180,"time":132.25,"sprite":"L.png","angle":11.25,"id":"L6","sy":0.80000001192093,"ox":300,"x":370,"sx":0.80000001192093,"type":"deco","y":180,"recolor":1},{"oy":180,"time":132.5,"sprite":"L.png","angle":11.25,"id":"L7","sy":0.80000001192093,"ox":300,"x":430,"sx":0.80000001192093,"type":"deco","y":180,"recolor":1},{"oy":180,"time":132.75,"sprite":"L.png","angle":11.25,"id":"L8","sy":0.80000001192093,"ox":300,"x":490,"sx":0.80000001192093,"type":"deco","y":180,"recolor":1},{"oy":180,"time":133,"sprite":"L.png","angle":135,"recolor":1,"x":70,"y":180,"id":"L1","hide":true,"sy":0.80000001192093,"type":"deco","sx":0.80000001192093,"ox":300},{"oy":180,"time":133,"sprite":"L.png","angle":123.75,"recolor":1,"x":130,"y":180,"id":"L2","hide":true,"sy":0.80000001192093,"type":"deco","sx":0.80000001192093,"ox":300},{"oy":180,"time":133,"sprite":"L.png","angle":112.5,"recolor":1,"x":190,"y":180,"id":"L3","hide":true,"sy":0.80000001192093,"type":"deco","sx":0.80000001192093,"ox":300},{"oy":180,"time":133,"sprite":"L.png","angle":101.25,"hide":true,"sx":0.80000001192093,"y":180,"x":250,"id":"L4","recolor":1,"type":"deco","sy":0.80000001192093,"ox":300},{"oy":180,"time":133,"sprite":"L.png","angle":90,"recolor":1,"x":310,"y":180,"id":"L5","hide":true,"sy":0.80000001192093,"type":"deco","sx":0.80000001192093,"ox":300},{"oy":180,"time":133,"sprite":"L.png","angle":78.75,"hide":true,"sx":0.80000001192093,"y":180,"x":370,"id":"L6","recolor":1,"type":"deco","sy":0.80000001192093,"ox":300},{"oy":180,"time":133,"sprite":"L.png","angle":67.5,"recolor":1,"x":430,"y":180,"id":"L7","hide":true,"sy":0.80000001192093,"type":"deco","sx":0.80000001192093,"ox":300},{"oy":180,"time":133,"sprite":"L.png","angle":56.25,"recolor":1,"x":490,"y":180,"id":"L8","hide":true,"sy":0.80000001192093,"type":"deco","sx":0.80000001192093,"ox":300},{"oy":180,"time":133,"sprite":"LUS.png","angle":11.25,"id":"LUS","y":180,"ox":300,"type":"deco","x":180,"recolor":1},{"oy":180,"time":133.5,"sprite":"LUSTRE.png","angle":11.25,"id":"LUSTRE","y":180,"ox":300,"type":"deco","x":300,"recolor":1},{"oy":180,"time":133.5,"sprite":"LUS.png","angle":22.5,"id":"LUS","y":180,"ox":300,"x":180,"type":"deco","recolor":1,"hide":true},{"id":"LUSTRE","y":-360,"time":133.75,"angle":22.5,"type":"deco","ease":"inOutSine","duration":2},{"time":131.5,"angle":78.75,"g":23,"b":58,"r":29,"ease":"linear","type":"setColor","color":0,"duration":2},{"b":58,"color":6,"r":29,"angle":90,"type":"setColor","time":131.5,"g":23},{"b":58,"color":5,"r":29,"angle":101.25,"type":"setColor","time":131.5,"g":23},{"time":131.5,"angle":67.5,"g":252,"b":255,"r":174,"ease":"linear","type":"setColor","color":1,"duration":2},{"time":134,"angle":78.75,"g":23,"b":58,"r":29,"ease":"linear","type":"setColor","color":0,"duration":2},{"time":134,"angle":90,"g":121,"b":187,"r":187,"ease":"linear","type":"setColor","color":6,"duration":1},{"time":134,"angle":101.25,"g":170,"b":235,"r":235,"ease":"linear","type":"setColor","color":5,"duration":1},{"time":134,"angle":67.5,"g":252,"b":255,"r":174,"ease":"linear","type":"setColor","color":1,"duration":2},{"id":"bg","y":50,"time":131.5,"angle":112.5,"type":"deco"},{"time":134.25,"enable":true,"angle":45,"type":"hom"},{"angle":112.5,"time":133.75,"value":180,"var":"p.y","type":"ease","ease":"outExpo","duration":2},{"time":143,"value":1,"var":"vfx.homCanvPos.sx","start":1.5,"ease":"outExpo","type":"ease","angle":56.25,"duration":2.5},{"time":143,"value":1,"var":"vfx.homCanvPos.sy","start":1.5,"ease":"outExpo","type":"ease","angle":45,"duration":2.5},{"time":175.25,"value":1,"var":"vfx.homCanvPos.sx","start":1.5,"ease":"outExpo","type":"ease","angle":56.25,"duration":2.5},{"time":175.25,"value":1,"var":"vfx.homCanvPos.sy","start":1.5,"ease":"outExpo","type":"ease","angle":45,"duration":2.5},{"time":158.25,"value":1,"var":"vfx.homCanvPos.sx","start":0.10000000149012,"ease":"outExpo","type":"ease","angle":33.75,"duration":2.5},{"time":158.25,"value":1,"var":"vfx.homCanvPos.sy","start":0.10000000149012,"ease":"outExpo","type":"ease","angle":22.5,"duration":2.5},{"time":179,"value":1,"var":"vfx.homCanvPos.sx","start":1.2000000476837,"ease":"outExpo","type":"ease","angle":56.25,"duration":2.5},{"time":179,"value":1,"var":"vfx.homCanvPos.sy","start":1.2000000476837,"ease":"outExpo","type":"ease","angle":45,"duration":2.5},{"time":179.75,"value":1,"var":"vfx.homCanvPos.sx","start":1.2000000476837,"ease":"outExpo","type":"ease","angle":56.25,"duration":2.5},{"time":179.75,"value":1,"var":"vfx.homCanvPos.sy","start":1.2000000476837,"ease":"outExpo","type":"ease","angle":45,"duration":2.5},{"time":180.5,"value":1,"var":"vfx.homCanvPos.sx","start":1.2000000476837,"ease":"outExpo","type":"ease","angle":56.25,"duration":2.5},{"time":180.5,"value":1,"var":"vfx.homCanvPos.sy","start":1.2000000476837,"ease":"outExpo","type":"ease","angle":45,"duration":2.5},{"time":181.75,"value":1,"var":"vfx.homCanvPos.sx","start":1.2000000476837,"ease":"outExpo","type":"ease","angle":90,"duration":2.5},{"time":181.75,"value":1,"var":"vfx.homCanvPos.sy","start":1.2000000476837,"ease":"outExpo","type":"ease","angle":78.75,"duration":2.5},{"time":184,"value":1,"var":"vfx.homCanvPos.sx","start":0.10000000149012,"ease":"outExpo","type":"ease","angle":56.25,"duration":2.5},{"time":184,"value":1,"var":"vfx.homCanvPos.sy","start":0.10000000149012,"ease":"outExpo","type":"ease","angle":45,"duration":2.5},{"time":188.25,"value":1,"var":"vfx.homCanvPos.sy","start":1.2999999523163,"ease":"outExpo","type":"ease","angle":45,"duration":2},{"time":190.25,"value":1,"var":"vfx.homCanvPos.sx","start":1.2999999523163,"ease":"outExpo","type":"ease","angle":45,"duration":2},{"angle":45,"time":191.25,"value":1.1499999761581,"type":"ease","var":"vfx.canvPos.sy","ease":"outExpo","duration":2},{"angle":33.75,"time":191.25,"value":1.1499999761581,"type":"ease","var":"vfx.canvPos.sx","ease":"outExpo","duration":2},{"angle":45,"time":192,"value":1.2999999523163,"type":"ease","var":"vfx.canvPos.sy","ease":"outExpo","duration":2},{"angle":33.75,"time":192,"value":1.2999999523163,"type":"ease","var":"vfx.canvPos.sx","ease":"outExpo","duration":2},{"angle":45,"time":192.75,"value":1.4500000476837,"type":"ease","var":"vfx.canvPos.sy","ease":"outExpo","duration":2},{"angle":33.75,"time":192.75,"value":1.4500000476837,"type":"ease","var":"vfx.canvPos.sx","ease":"outExpo","duration":2},{"angle":45,"time":193.5,"value":1.6000000238419,"type":"ease","var":"vfx.canvPos.sy","ease":"outExpo","duration":2},{"angle":33.75,"time":193.5,"value":1.6000000238419,"type":"ease","var":"vfx.canvPos.sx","ease":"outExpo","duration":2},{"angle":45,"time":194.25,"value":1,"type":"ease","var":"vfx.canvPos.sy","ease":"outBack","duration":4},{"angle":33.75,"time":194.25,"value":1,"type":"ease","var":"vfx.canvPos.sx","ease":"outBack","duration":4},{"angle":326.25,"time":199.5,"value":1,"type":"ease","var":"vfx.canvPos.sx","ease":"linear","duration":8},{"angle":337.5,"time":199.5,"value":1,"type":"ease","var":"vfx.canvPos.sy","ease":"linear","duration":8},{"angle":348.75,"time":199.5,"value":1,"type":"ease","var":"vfx.homCanvPos.sy","ease":"linear","duration":8},{"angle":0,"time":199.5,"value":1,"type":"ease","var":"vfx.homCanvPos.sx","ease":"linear","duration":8},{"angle":326.25,"time":199.25,"value":1.5,"type":"ease","var":"vfx.canvPos.sx","ease":"outExpo","duration":1},{"angle":337.5,"time":199.25,"value":1.5,"type":"ease","var":"vfx.canvPos.sy","ease":"outExpo","duration":1},{"angle":348.75,"time":199.25,"value":0.60000002384186,"type":"ease","var":"vfx.homCanvPos.sy","ease":"outExpo","duration":1},{"angle":0,"time":199.25,"value":0.60000002384186,"type":"ease","var":"vfx.homCanvPos.sx","ease":"outExpo","duration":1},{"angle":0,"time":205.5,"value":1.1499999761581,"type":"ease","var":"vfx.homCanvPos.sx","ease":"outExpo","duration":1},{"angle":0,"time":206.5,"value":1,"type":"ease","var":"vfx.homCanvPos.sx","ease":"outExpo","duration":1},{"time":207.5,"value":1,"var":"vfx.homCanvPos.sx","start":1.2000000476837,"ease":"outExpo","type":"ease","angle":0,"duration":1},{"time":207.5,"value":1,"var":"vfx.homCanvPos.sy","start":1.2000000476837,"ease":"outExpo","type":"ease","angle":348.75,"duration":1},{"time":215.25,"value":1,"var":"vfx.homCanvPos.sx","start":1.5,"ease":"outExpo","type":"ease","angle":56.25,"duration":2.5},{"time":215.25,"value":1,"var":"vfx.homCanvPos.sy","start":1.5,"ease":"outExpo","type":"ease","angle":45,"duration":2.5},{"time":223,"value":1,"var":"vfx.homCanvPos.sx","start":1.5,"ease":"outExpo","type":"ease","angle":56.25,"duration":2.5},{"time":223,"value":1,"var":"vfx.homCanvPos.sy","start":1.5,"ease":"outExpo","type":"ease","angle":45,"duration":2.5},{"angle":56.25,"time":227.25,"value":3,"type":"ease","var":"vfx.homCanvPos.sx","ease":"outExpo","duration":2},{"angle":45,"time":227.25,"value":3,"type":"ease","var":"vfx.homCanvPos.sy","ease":"outExpo","duration":2},{"angle":56.25,"time":229,"value":1,"type":"ease","var":"vfx.homCanvPos.sx","ease":"outExpo","duration":2},{"angle":45,"time":229,"value":1,"type":"ease","var":"vfx.homCanvPos.sy","ease":"outExpo","duration":2},{"time":228,"angle":56.25,"g":187,"b":187,"r":121,"ease":"linear","type":"setColor","color":6,"duration":1.5},{"time":228,"angle":67.5,"g":235,"b":229,"r":170,"ease":"linear","type":"setColor","color":5,"duration":1.5},{"time":228,"angle":45,"g":174,"b":255,"r":243,"ease":"linear","type":"setColor","color":1,"duration":1.5},{"time":225,"value":1,"var":"vfx.homCanvPos.sx","start":1.5,"ease":"outExpo","type":"ease","angle":56.25,"duration":2.5},{"time":225,"value":1,"var":"vfx.homCanvPos.sy","start":1.5,"ease":"outExpo","type":"ease","angle":45,"duration":2.5},{"time":231,"value":1,"var":"vfx.homCanvPos.sx","start":1.3999999761581,"ease":"outExpo","type":"ease","angle":56.25,"duration":2},{"time":231,"value":1,"var":"vfx.homCanvPos.sy","start":1.3999999761581,"ease":"outExpo","type":"ease","angle":45,"duration":2},{"time":234.75,"value":1,"var":"vfx.homCanvPos.sx","start":1.3999999761581,"ease":"outExpo","type":"ease","angle":56.25,"duration":2},{"time":234.75,"value":1,"var":"vfx.homCanvPos.sy","start":1.3999999761581,"ease":"outExpo","type":"ease","angle":45,"duration":2},{"time":239.25,"angle":78.75,"g":23,"b":58,"r":29,"ease":"outExpo","type":"setColor","color":0,"duration":1},{"time":239.25,"angle":90,"g":23,"b":58,"r":29,"ease":"outExpo","type":"setColor","color":6,"duration":1},{"time":239.25,"angle":101.25,"g":23,"b":58,"r":29,"ease":"outExpo","type":"setColor","color":5,"duration":1},{"time":247.25,"angle":67.5,"g":23,"b":58,"r":29,"ease":"linear","type":"setColor","color":0,"duration":2},{"angle":213.75,"time":239.25,"value":0.80000001192093,"type":"ease","var":"vfx.canvPos.sy","ease":"outExpo","duration":2},{"angle":202.5,"time":239.25,"value":0.80000001192093,"type":"ease","var":"vfx.canvPos.sx","ease":"outExpo","duration":2},{"angle":56.25,"time":247.25,"value":1,"type":"ease","var":"vfx.canvPos.sy","ease":"outExpo","duration":2},{"angle":45,"time":247.25,"value":1,"type":"ease","var":"vfx.canvPos.sx","ease":"outExpo","duration":2},{"time":250.75,"value":1,"var":"vfx.homCanvPos.sx","start":1.5,"ease":"outExpo","type":"ease","angle":56.25,"duration":2.5},{"time":250.75,"value":1,"var":"vfx.homCanvPos.sy","start":1.5,"ease":"outExpo","type":"ease","angle":45,"duration":2.5},{"angle":168.75,"time":255,"value":0.80000001192093,"type":"ease","var":"scrollSpeed","ease":"outExpo","duration":2},{"angle":11.25,"time":263,"value":1.3999999761581,"var":"scrollSpeed","type":"ease","ease":"outExpo","duration":2},{"time":263,"value":1,"var":"vfx.homCanvPos.sx","start":1.3999999761581,"ease":"outExpo","type":"ease","angle":56.25,"duration":2},{"time":263,"value":1,"var":"vfx.homCanvPos.sy","start":1.3999999761581,"ease":"outExpo","type":"ease","angle":45,"duration":2},{"time":266.5,"value":1,"var":"vfx.homCanvPos.sx","start":1.3999999761581,"ease":"outExpo","type":"ease","angle":56.25,"duration":2},{"time":266.5,"value":1,"var":"vfx.homCanvPos.sy","start":1.3999999761581,"ease":"outExpo","type":"ease","angle":45,"duration":2},{"time":270,"angle":90,"g":121,"b":121,"r":187,"ease":"linear","type":"setColor","color":6,"duration":1},{"time":270,"angle":101.25,"g":170,"b":170,"r":235,"ease":"linear","type":"setColor","color":5,"duration":1},{"time":270,"angle":112.5,"g":255,"b":174,"r":186,"ease":"linear","type":"setColor","color":1,"duration":2},{"time":273,"value":1,"var":"vfx.homCanvPos.sx","start":1.1499999761581,"ease":"outExpo","type":"ease","angle":56.25,"duration":1.5},{"time":273,"value":1,"var":"vfx.homCanvPos.sy","start":1.1499999761581,"ease":"outExpo","type":"ease","angle":45,"duration":1.5},{"time":273.75,"value":1,"var":"vfx.homCanvPos.sx","start":1.1499999761581,"ease":"outExpo","type":"ease","angle":56.25,"duration":1.5},{"time":273.75,"value":1,"var":"vfx.homCanvPos.sy","start":1.1499999761581,"ease":"outExpo","type":"ease","angle":45,"duration":1.5},{"time":275,"value":1,"var":"vfx.homCanvPos.sx","start":1.1499999761581,"ease":"outExpo","type":"ease","angle":56.25,"duration":1.5},{"time":275,"value":1,"var":"vfx.homCanvPos.sy","start":1.1499999761581,"ease":"outExpo","type":"ease","angle":45,"duration":1.5},{"time":275.75,"value":1,"var":"vfx.homCanvPos.sx","start":1.1499999761581,"ease":"outExpo","type":"ease","angle":56.25,"duration":1.5},{"time":275.75,"value":1,"var":"vfx.homCanvPos.sy","start":1.1499999761581,"ease":"outExpo","type":"ease","angle":45,"duration":1.5},{"time":277.25,"value":1,"var":"vfx.homCanvPos.sx","start":1.1499999761581,"ease":"outExpo","type":"ease","angle":56.25,"duration":1.5},{"time":277.25,"value":1,"var":"vfx.homCanvPos.sy","start":1.1499999761581,"ease":"outExpo","type":"ease","angle":45,"duration":1.5},{"time":278,"value":1,"var":"vfx.homCanvPos.sx","start":1.1499999761581,"ease":"outExpo","type":"ease","angle":56.25,"duration":1.5},{"time":278,"value":1,"var":"vfx.homCanvPos.sy","start":1.1499999761581,"ease":"outExpo","type":"ease","angle":45,"duration":1.5},{"time":279,"angle":90,"g":121,"b":187,"r":187,"ease":"linear","type":"setColor","color":6,"duration":1},{"time":279,"angle":101.25,"g":170,"b":235,"r":235,"ease":"linear","type":"setColor","color":5,"duration":1},{"time":279,"angle":112.5,"g":252,"b":255,"r":174,"ease":"linear","type":"setColor","color":1,"duration":1},{"time":247.25,"angle":90,"g":187,"b":187,"r":121,"ease":"linear","type":"setColor","color":6,"duration":1.5},{"time":247.25,"angle":101.25,"g":235,"b":229,"r":170,"ease":"linear","type":"setColor","color":5,"duration":1.5},{"time":247.25,"angle":78.75,"g":174,"b":255,"r":243,"ease":"linear","type":"setColor","color":1,"duration":1.5},{"time":282.5,"angle":45,"g":121,"b":187,"r":127,"ease":"linear","type":"setColor","color":6,"duration":1},{"time":282.5,"angle":56.25,"g":170,"b":235,"r":176,"ease":"linear","type":"setColor","color":5,"duration":1},{"time":282.5,"angle":67.5,"g":248,"b":174,"r":255,"ease":"linear","type":"setColor","color":1,"duration":2},{"time":291,"angle":292.5,"g":255,"b":255,"r":255,"ease":"linear","type":"setColor","color":0,"duration":3},{"time":291,"angle":303.75,"g":255,"b":255,"r":255,"ease":"linear","type":"setColor","color":1,"duration":3},{"time":291,"angle":281.25,"g":255,"b":255,"r":255,"ease":"linear","type":"setColor","color":7,"duration":3},{"time":291,"angle":270,"g":255,"b":255,"r":255,"ease":"linear","type":"setColor","color":6,"duration":3},{"time":291,"angle":258.75,"g":255,"b":255,"r":255,"ease":"linear","type":"setColor","color":5,"duration":3},{"time":295,"angle":78.75,"g":125,"b":255,"r":85,"ease":"linear","type":"setColor","color":0,"duration":1},{"time":295,"angle":67.5,"g":255,"b":255,"r":255,"ease":"linear","type":"setColor","color":1,"duration":1},{"angle":33.75,"time":295,"value":13,"type":"ease","var":"p.bodyRadius","ease":"outExpo","duration":1.5},{"angle":22.5,"time":295,"value":18,"type":"ease","var":"p.paddleDistance","ease":"outExpo","duration":1.5},{"angle":11.25,"time":295,"value":3,"type":"ease","var":"p.lookRadius","ease":"outExpo","duration":1.5},{"time":295,"type":"forcePlayerSprite","angle":348.75,"spriteName":"smoleyes.png"},{"angle":101.25,"time":295,"value":0.85000002384186,"type":"ease","var":"scrollSpeed","ease":"outExpo","duration":1},{"id":"bg","time":294.25,"type":"deco","angle":146.25,"hide":true},{"time":295,"enable":false,"angle":112.5,"type":"hom"},{"angle":33.75,"time":318.5,"value":20,"type":"ease","var":"p.bodyRadius","ease":"outExpo","duration":2.5},{"angle":22.5,"time":318.5,"value":31,"type":"ease","var":"p.paddleDistance","ease":"outExpo","duration":2.5},{"angle":11.25,"time":318.5,"value":6,"type":"ease","var":"p.lookRadius","ease":"outExpo","duration":2.5},{"time":319,"enable":true,"angle":337.5,"type":"hom"},{"time":318.5,"angle":-78.75,"g":23,"b":58,"r":29,"ease":"linear","type":"setColor","color":0,"duration":2},{"b":187,"color":6,"r":187,"angle":-67.5,"type":"setColor","time":318.5,"g":121},{"b":235,"color":5,"r":235,"angle":-56.25,"type":"setColor","time":318.5,"g":170},{"id":"bg","y":50,"time":318.5,"angle":-45,"type":"deco","ease":"outExpo","duration":1},{"order":-1,"time":318.5,"sprite":"bg.png","angle":-33.75,"x":0,"y":360,"hide":false,"type":"deco","id":"bg","drawLayer":"bg"},{"time":318.5,"angle":-90,"g":252,"b":255,"r":174,"ease":"linear","type":"setColor","color":1,"duration":2},{"chance":0.80000001192093,"time":320,"angle":56.25,"type":"noise","color":0},{"time":318.5,"type":"forcePlayerSprite","angle":67.5,"spriteName":""},{"angle":146.25,"time":320.25,"value":1.3999999761581,"type":"ease","var":"vfx.canvPos.sy","ease":"outBack","duration":2},{"angle":123.75,"time":320.25,"value":1.3999999761581,"type":"ease","var":"vfx.canvPos.sx","ease":"outBack","duration":2},{"angle":146.25,"time":322.25,"value":1,"type":"ease","var":"vfx.canvPos.sy","ease":"outBack","duration":2},{"angle":123.75,"time":322.25,"value":1,"type":"ease","var":"vfx.canvPos.sx","ease":"outBack","duration":2},{"angle":112.5,"time":320.25,"value":1.3999999761581,"type":"ease","var":"scrollSpeed","ease":"inOutSine","duration":1.5},{"angle":112.5,"time":327,"value":1.3999999761581,"type":"ease","var":"vfx.homCanvPos.sy","ease":"outBack","duration":1},{"angle":90,"time":327,"value":1.3999999761581,"type":"ease","var":"vfx.homCanvPos.sx","ease":"outBack","duration":1},{"angle":112.5,"time":328,"value":1,"type":"ease","var":"vfx.homCanvPos.sy","ease":"outSine","duration":1},{"angle":90,"time":328,"value":1,"type":"ease","var":"vfx.homCanvPos.sx","ease":"outSine","duration":1},{"angle":112.5,"time":330.5,"value":1.3999999761581,"type":"ease","var":"vfx.homCanvPos.sy","ease":"outBack","duration":1},{"angle":90,"time":330.5,"value":1.3999999761581,"type":"ease","var":"vfx.homCanvPos.sx","ease":"outBack","duration":1},{"angle":112.5,"time":331.5,"value":1,"type":"ease","var":"vfx.homCanvPos.sy","ease":"outSine","duration":1},{"angle":90,"time":331.5,"value":1,"type":"ease","var":"vfx.homCanvPos.sx","ease":"outSine","duration":1},{"angle":112.5,"time":335,"value":1.1000000238419,"type":"ease","var":"vfx.canvPos.sy","ease":"outBack","duration":1},{"angle":90,"time":335,"value":1.1000000238419,"type":"ease","var":"vfx.canvPos.sx","ease":"outBack","duration":1},{"angle":112.5,"time":337,"value":1.2000000476837,"type":"ease","var":"vfx.canvPos.sy","ease":"outBack","duration":1},{"angle":90,"time":337,"value":1.2000000476837,"type":"ease","var":"vfx.canvPos.sx","ease":"outBack","duration":1},{"angle":112.5,"time":338.5,"value":1.2999999523163,"type":"ease","var":"vfx.canvPos.sy","ease":"outBack","duration":1},{"angle":90,"time":338.5,"value":1.2999999523163,"type":"ease","var":"vfx.canvPos.sx","ease":"outBack","duration":1},{"angle":112.5,"time":340.5,"value":1,"type":"ease","var":"vfx.canvPos.sy","ease":"outBack","duration":1.5},{"angle":90,"time":340.5,"value":1,"type":"ease","var":"vfx.canvPos.sx","ease":"outBack","duration":1.5},{"chance":0.40000000596046,"time":335,"type":"noise","angle":360,"color":0},{"chance":0.64999997615814,"time":342,"type":"noise","angle":360,"color":0},{"angle":112.5,"time":343,"value":1.3999999761581,"type":"ease","var":"vfx.homCanvPos.sy","ease":"outBack","duration":2},{"angle":90,"time":343,"value":1.3999999761581,"type":"ease","var":"vfx.homCanvPos.sx","ease":"outBack","duration":2},{"angle":112.5,"time":344.75,"value":1,"type":"ease","var":"vfx.homCanvPos.sy","ease":"outSine","duration":1.5},{"angle":90,"time":344.75,"value":1,"type":"ease","var":"vfx.homCanvPos.sx","ease":"outSine","duration":1.5},{"angle":112.5,"time":350.75,"value":1.3999999761581,"type":"ease","var":"vfx.homCanvPos.sy","ease":"outBack","duration":6},{"angle":90,"time":350.75,"value":1.3999999761581,"type":"ease","var":"vfx.homCanvPos.sx","ease":"outBack","duration":6},{"angle":112.5,"time":357.5,"value":1,"type":"ease","var":"vfx.homCanvPos.sy","ease":"outSine","duration":1.5},{"angle":90,"time":357.5,"value":1,"type":"ease","var":"vfx.homCanvPos.sx","ease":"outSine","duration":1.5},{"angle":11.25,"time":371,"value":120,"type":"ease","var":"vfx.homCanvPos.y","ease":"outBack","duration":2},{"angle":11.25,"time":373,"value":180,"type":"ease","var":"vfx.homCanvPos.y","ease":"outExpo","duration":2},{"time":375,"value":0,"var":"vfx.homCanvPos.kx","start":1,"ease":"outExpo","type":"ease","angle":11.25,"duration":2},{"time":376.5,"value":0,"var":"vfx.homCanvPos.kx","start":-1,"ease":"outExpo","type":"ease","angle":11.25,"duration":2},{"time":378.5,"value":0,"var":"vfx.homCanvPos.ky","start":1,"ease":"outExpo","type":"ease","angle":11.25,"duration":2},{"time":380.5,"value":0,"var":"vfx.homCanvPos.ky","start":-1,"ease":"outExpo","type":"ease","angle":11.25,"duration":2},{"value":80,"time":382,"angle":22.5,"type":"ease","var":"vfx.canvPos.sx","ease":"inOutCubic","duration":5},{"angle":11.25,"time":382,"value":80,"type":"ease","var":"vfx.canvPos.sy","ease":"inOutCubic","duration":5},{"time":383.25,"angle":45,"g":23,"b":58,"r":29,"ease":"linear","type":"setColor","color":1,"duration":1},{"time":386.5,"angle":22.5,"value":1,"type":"ease","var":"vfx.canvPos.sx"},{"time":386.5,"angle":11.25,"value":1,"type":"ease","var":"vfx.canvPos.sy"},{"oy":180,"time":387,"sprite":"L.png","angle":11.25,"recolor":1,"x":70,"sy":0.80000001192093,"id":"L1","hide":false,"y":180,"type":"deco","sx":0.80000001192093,"ox":300},{"oy":180,"time":387.25,"sprite":"L.png","angle":11.25,"recolor":1,"x":130,"sy":0.80000001192093,"id":"L2","hide":false,"y":180,"type":"deco","sx":0.80000001192093,"ox":300},{"oy":180,"time":387.5,"sprite":"L.png","angle":11.25,"recolor":1,"x":190,"sy":0.80000001192093,"id":"L3","hide":false,"y":180,"type":"deco","sx":0.80000001192093,"ox":300},{"oy":180,"time":387.75,"sprite":"L.png","angle":11.25,"recolor":1,"x":250,"sy":0.80000001192093,"id":"L4","hide":false,"y":180,"type":"deco","sx":0.80000001192093,"ox":300},{"oy":180,"time":388,"sprite":"L.png","angle":11.25,"recolor":1,"x":310,"sy":0.80000001192093,"id":"L5","hide":false,"y":180,"type":"deco","sx":0.80000001192093,"ox":300},{"oy":180,"time":388.25,"sprite":"L.png","angle":11.25,"recolor":1,"x":370,"sy":0.80000001192093,"id":"L6","hide":false,"y":180,"type":"deco","sx":0.80000001192093,"ox":300},{"oy":180,"time":388.5,"sprite":"L.png","angle":11.25,"recolor":1,"x":430,"sy":0.80000001192093,"id":"L7","hide":false,"y":180,"type":"deco","sx":0.80000001192093,"ox":300},{"oy":180,"time":388.75,"sprite":"L.png","angle":11.25,"recolor":1,"x":490,"sy":0.80000001192093,"id":"L8","hide":false,"y":180,"type":"deco","sx":0.80000001192093,"ox":300},{"oy":180,"time":389,"sprite":"L.png","angle":135,"recolor":1,"x":70,"sy":0.80000001192093,"id":"L1","hide":true,"y":180,"type":"deco","sx":0.80000001192093,"ox":300},{"oy":180,"time":389,"sprite":"L.png","angle":123.75,"recolor":1,"x":130,"sy":0.80000001192093,"id":"L2","hide":true,"y":180,"type":"deco","sx":0.80000001192093,"ox":300},{"oy":180,"time":389,"sprite":"L.png","angle":112.5,"recolor":1,"x":190,"sy":0.80000001192093,"id":"L3","hide":true,"y":180,"type":"deco","sx":0.80000001192093,"ox":300},{"oy":180,"time":389,"sprite":"L.png","angle":101.25,"hide":true,"sx":0.80000001192093,"y":180,"x":250,"id":"L4","recolor":1,"type":"deco","sy":0.80000001192093,"ox":300},{"oy":180,"time":389,"sprite":"L.png","angle":90,"recolor":1,"x":310,"sy":0.80000001192093,"id":"L5","hide":true,"y":180,"type":"deco","sx":0.80000001192093,"ox":300},{"oy":180,"time":389,"sprite":"L.png","angle":78.75,"hide":true,"sx":0.80000001192093,"y":180,"x":370,"id":"L6","recolor":1,"type":"deco","sy":0.80000001192093,"ox":300},{"oy":180,"time":389,"sprite":"L.png","angle":67.5,"recolor":1,"x":430,"sy":0.80000001192093,"id":"L7","hide":true,"y":180,"type":"deco","sx":0.80000001192093,"ox":300},{"oy":180,"time":389,"sprite":"L.png","angle":56.25,"recolor":1,"x":490,"sy":0.80000001192093,"id":"L8","hide":true,"y":180,"type":"deco","sx":0.80000001192093,"ox":300},{"oy":180,"time":389,"sprite":"LUS.png","angle":11.25,"x":180,"y":180,"hide":false,"ox":300,"type":"deco","id":"LUS","recolor":1},{"oy":180,"time":389.5,"sprite":"LUSTRE.png","angle":11.25,"id":"LUSTRE","y":180,"ox":300,"type":"deco","x":300,"recolor":1},{"oy":180,"time":389.5,"sprite":"LUS.png","angle":22.5,"id":"LUS","y":180,"ox":300,"x":180,"type":"deco","recolor":1,"hide":true},{"id":"LUSTRE","y":-360,"time":389.75,"angle":22.5,"type":"deco","ease":"inOutSine","duration":2},{"time":385.75,"angle":0,"g":23,"b":58,"r":29,"ease":"linear","type":"setColor","color":0,"duration":2},{"b":58,"color":6,"r":29,"angle":348.75,"type":"setColor","time":385.75,"g":23},{"b":58,"color":5,"r":29,"time":385.75,"type":"setColor","angle":337.5,"g":23},{"b":255,"time":385,"r":174,"color":1,"angle":67.5,"type":"setColor","g":252},{"time":390,"angle":78.75,"g":23,"b":58,"r":29,"ease":"linear","type":"setColor","color":0,"duration":2},{"time":390,"angle":90,"g":121,"b":187,"r":187,"ease":"linear","type":"setColor","color":6,"duration":1},{"time":390,"angle":101.25,"g":170,"b":235,"r":235,"ease":"linear","type":"setColor","color":5,"duration":1},{"time":390,"angle":67.5,"g":252,"b":255,"r":174,"ease":"linear","type":"setColor","color":1,"duration":2},{"angle":112.5,"time":389.75,"value":180,"type":"ease","var":"p.y","ease":"outExpo","duration":2},{"time":384.75,"angle":33.75,"value":0,"var":"p.outlineColor","type":"ease"},{"time":384.75,"angle":22.5,"value":0,"var":"p.faceColor","type":"ease"},{"time":390.75,"angle":56.25,"value":1,"var":"p.outlineColor","type":"ease"},{"time":390.75,"angle":45,"value":1,"var":"p.faceColor","type":"ease"},{"b":58,"color":1,"r":29,"angle":22.5,"type":"setColor","time":390.75,"g":23},{"time":391,"angle":22.5,"g":252,"b":255,"r":174,"ease":"outExpo","type":"setColor","color":1,"duration":3},{"angle":67.5,"time":383.25,"value":-50,"var":"vfx.comboY","type":"ease","ease":"outExpo","duration":2},{"angle":78.75,"time":383.25,"value":-100,"type":"ease","var":"vfx.accuracyY","ease":"outExpo","duration":2},{"angle":90,"time":383.25,"value":400,"type":"ease","var":"vfx.songNameY","ease":"outExpo","duration":2},{"angle":101.25,"time":383.25,"value":400,"type":"ease","var":"vfx.difficultyY","ease":"outExpo","duration":2},{"angle":67.5,"time":391.25,"value":0,"type":"ease","var":"vfx.comboY","ease":"outExpo","duration":2},{"angle":78.75,"time":391.25,"value":0,"type":"ease","var":"vfx.accuracyY","ease":"outExpo","duration":2},{"angle":90,"time":391.25,"value":0,"type":"ease","var":"vfx.songNameY","ease":"outExpo","duration":2},{"angle":101.25,"time":391.25,"value":0,"type":"ease","var":"vfx.difficultyY","ease":"outExpo","duration":2},{"time":423,"angle":90,"g":121,"b":121,"r":187,"ease":"linear","type":"setColor","color":6,"duration":0.5},{"time":423,"angle":101.25,"g":170,"b":170,"r":235,"ease":"linear","type":"setColor","color":5,"duration":0.5},{"time":423,"angle":112.5,"g":255,"b":174,"r":186,"ease":"linear","type":"setColor","color":1,"duration":0.5},{"time":439,"angle":90,"g":121,"b":187,"r":179,"ease":"linear","type":"setColor","color":6,"duration":0.5},{"time":439,"angle":101.25,"g":170,"b":235,"r":233,"ease":"linear","type":"setColor","color":5,"duration":0.5},{"time":439,"angle":112.5,"g":174,"b":174,"r":255,"ease":"linear","type":"setColor","color":1,"duration":0.5},{"color":6,"angle":45,"g":183,"b":187,"r":121,"type":"setColor","ease":"linear","time":446.75,"duration":0.5},{"color":5,"angle":56.25,"g":235,"b":233,"r":170,"type":"setColor","ease":"linear","time":446.75,"duration":0.5},{"color":1,"angle":67.5,"g":174,"b":250,"r":255,"type":"setColor","ease":"linear","time":446.75,"duration":0.5},{"time":449.5,"value":1,"var":"vfx.homCanvPos.sx","start":1.1499999761581,"ease":"outExpo","type":"ease","angle":56.25,"duration":1.5},{"time":449.5,"value":1,"var":"vfx.homCanvPos.sy","start":1.1499999761581,"ease":"outExpo","type":"ease","angle":45,"duration":1.5},{"time":450,"value":1,"var":"vfx.homCanvPos.sx","start":1.1499999761581,"ease":"outExpo","type":"ease","angle":56.25,"duration":1.5},{"time":450,"value":1,"var":"vfx.homCanvPos.sy","start":1.1499999761581,"ease":"outExpo","type":"ease","angle":45,"duration":1.5},{"time":450.75,"value":1,"var":"vfx.homCanvPos.sx","start":1.1499999761581,"ease":"outExpo","type":"ease","angle":56.25,"duration":1.5},{"time":450.75,"value":1,"var":"vfx.homCanvPos.sy","start":1.1499999761581,"ease":"outExpo","type":"ease","angle":45,"duration":1.5},{"time":453,"value":1,"var":"vfx.homCanvPos.sx","start":1.1499999761581,"ease":"outExpo","type":"ease","angle":56.25,"duration":1.5},{"time":453,"value":1,"var":"vfx.homCanvPos.sy","start":1.1499999761581,"ease":"outExpo","type":"ease","angle":45,"duration":1.5},{"time":454.75,"angle":371.25,"g":23,"b":58,"r":29,"ease":"outExpo","type":"setColor","color":6,"duration":2},{"time":454.75,"angle":360,"g":23,"b":58,"r":29,"ease":"outExpo","type":"setColor","color":5,"duration":2},{"time":456,"angle":45,"g":183,"b":187,"r":121,"ease":"outExpo","type":"setColor","color":6,"duration":1},{"time":456,"angle":56.25,"g":235,"b":233,"r":170,"ease":"outExpo","type":"setColor","color":5,"duration":1},{"color":6,"angle":56.25,"g":23,"b":58,"r":29,"type":"setColor","ease":"outExpo","time":456.5,"duration":2},{"color":5,"angle":45,"g":23,"b":58,"r":29,"type":"setColor","ease":"outExpo","time":456.5,"duration":2},{"color":6,"angle":157.5,"g":183,"b":187,"r":121,"type":"setColor","ease":"outExpo","time":457.75,"duration":1},{"color":5,"angle":168.75,"g":235,"b":233,"r":170,"type":"setColor","ease":"outExpo","time":457.75,"duration":1},{"time":458,"angle":168.75,"g":23,"b":58,"r":29,"ease":"outExpo","type":"setColor","color":6,"duration":2},{"time":458,"angle":157.5,"g":23,"b":58,"r":29,"ease":"outExpo","type":"setColor","color":5,"duration":2},{"color":6,"angle":45,"g":183,"b":187,"r":121,"type":"setColor","ease":"outExpo","time":458.75,"duration":3},{"color":5,"angle":56.25,"g":235,"b":233,"r":170,"type":"setColor","ease":"outExpo","time":458.75,"duration":3},{"time":470,"value":1,"var":"vfx.homCanvPos.sx","start":1.2000000476837,"ease":"outExpo","type":"ease","angle":56.25,"duration":1.5},{"time":470,"value":1,"var":"vfx.homCanvPos.sy","start":1.2000000476837,"ease":"outExpo","type":"ease","angle":45,"duration":1.5},{"time":487.25,"value":1,"var":"vfx.homCanvPos.sx","start":1.3999999761581,"ease":"outExpo","type":"ease","angle":56.25,"duration":2.5},{"time":487.25,"value":1,"var":"vfx.homCanvPos.sy","start":1.3999999761581,"ease":"outExpo","type":"ease","angle":45,"duration":2.5},{"time":491.25,"value":1,"var":"vfx.homCanvPos.sx","start":1.1499999761581,"ease":"outExpo","type":"ease","angle":56.25,"duration":1.5},{"time":491.25,"value":1,"var":"vfx.homCanvPos.sy","start":1.1499999761581,"ease":"outExpo","type":"ease","angle":45,"duration":1.5},{"time":492.25,"value":1,"var":"vfx.homCanvPos.sx","start":1.1499999761581,"ease":"outExpo","type":"ease","angle":56.25,"duration":1.5},{"time":492.25,"value":1,"var":"vfx.homCanvPos.sy","start":1.1499999761581,"ease":"outExpo","type":"ease","angle":45,"duration":1.5},{"time":493,"value":1,"var":"vfx.homCanvPos.sx","start":1.1499999761581,"ease":"outExpo","type":"ease","angle":56.25,"duration":1.5},{"time":493,"value":1,"var":"vfx.homCanvPos.sy","start":1.1499999761581,"ease":"outExpo","type":"ease","angle":45,"duration":1.5},{"time":493.5,"value":1,"var":"vfx.homCanvPos.sx","start":1.1499999761581,"ease":"outExpo","type":"ease","angle":56.25,"duration":1.5},{"time":493.5,"value":1,"var":"vfx.homCanvPos.sy","start":1.1499999761581,"ease":"outExpo","type":"ease","angle":45,"duration":1.5},{"time":519,"value":0,"var":"vfx.hglitch.strength","start":10,"ease":"linear","type":"ease","angle":45,"duration":1},{"time":520.5,"value":0,"var":"vfx.hglitch.strength","start":10,"ease":"linear","type":"ease","angle":78.75,"duration":1},{"time":522,"value":0,"var":"vfx.hglitch.strength","start":10,"ease":"linear","type":"ease","angle":78.75,"duration":1},{"time":527,"value":0,"var":"vfx.hglitch.strength","start":10,"ease":"linear","type":"ease","angle":45,"duration":1},{"time":528.5,"value":0,"var":"vfx.hglitch.strength","start":10,"ease":"linear","type":"ease","angle":78.75,"duration":1},{"time":530,"value":0,"var":"vfx.hglitch.strength","start":10,"ease":"linear","type":"ease","angle":78.75,"duration":1},{"time":535,"value":0,"var":"vfx.hglitch.strength","start":10,"ease":"linear","type":"ease","angle":45,"duration":1},{"time":536.5,"value":0,"var":"vfx.hglitch.strength","start":10,"ease":"linear","type":"ease","angle":78.75,"duration":1},{"time":538,"value":0,"var":"vfx.hglitch.strength","start":10,"ease":"linear","type":"ease","angle":78.75,"duration":1},{"time":546,"value":0,"ease":"linear","start":10,"angle":45,"type":"ease","var":"vfx.hglitch.strength","duration":1},{"time":544.5,"value":0,"ease":"linear","start":10,"angle":45,"type":"ease","var":"vfx.hglitch.strength","duration":1},{"time":543,"value":0,"ease":"linear","start":10,"angle":45,"type":"ease","var":"vfx.hglitch.strength","duration":1},{"color":6,"angle":90,"g":121,"b":187,"r":187,"type":"setColor","ease":"linear","time":551,"duration":1},{"color":5,"angle":101.25,"g":170,"b":235,"r":235,"type":"setColor","ease":"linear","time":551,"duration":1},{"color":1,"angle":112.5,"g":252,"b":255,"r":174,"type":"setColor","ease":"linear","time":551,"duration":1},{"type":"ease","time":555,"var":"vfx.homCanvPos.sx","ease":"linear","angle":56.25,"value":0.5,"duration":10},{"type":"ease","time":555,"var":"vfx.homCanvPos.sy","ease":"linear","angle":45,"value":0.5,"duration":10},{"ease":"linear","time":555,"type":"ease","angle":22.5,"var":"vfx.canvPos.sx","value":1.5,"duration":10},{"ease":"linear","time":555,"type":"ease","angle":11.25,"var":"vfx.canvPos.sy","value":1.5,"duration":10},{"color":0,"angle":78.75,"g":23,"b":58,"r":29,"type":"setColor","ease":"inOutSine","time":562.5,"duration":1},{"time":562.5,"angle":90,"g":23,"b":58,"r":29,"ease":"inOutSine","type":"setColor","color":6,"duration":1},{"time":562.5,"angle":101.25,"g":23,"b":58,"r":29,"ease":"inOutSine","type":"setColor","color":5,"duration":1},{"color":4,"angle":67.5,"g":252,"b":255,"r":174,"type":"setColor","ease":"inOutSine","time":562.5,"duration":1},{"time":562.5,"angle":56.25,"g":23,"b":58,"r":29,"ease":"inOutSine","type":"setColor","color":1,"duration":1},{"value":2,"time":555,"var":"scrollSpeed","angle":78.75,"type":"ease","ease":"linear","duration":8},{"time":564,"angle":360,"id":"LUSTRE","y":120,"recolor":4,"ease":"outExpo","type":"deco","duration":2},{"time":563.75,"type":"ease","value":1,"var":"vfx.homCanvPos.sy","angle":326.25},{"time":563.75,"var":"vfx.homCanvPos.sx","angle":315,"value":1,"type":"ease"},{"time":563.75,"type":"ease","value":1,"var":"vfx.canvPos.sx","angle":292.5},{"time":563.75,"angle":281.25,"var":"vfx.canvPos.sy","value":1,"type":"ease"},{"id":"bg","time":563.75,"angle":270,"type":"deco","hide":true},{"time":563.75,"value":400,"var":"p.y","type":"ease","angle":258.75},{"oy":180,"time":564,"duration":2,"sprite":"end.png","angle":22.5,"ox":300,"x":300,"sy":0.69999998807907,"ease":"outExpo","y":270,"id":"end","type":"deco","sx":0.69999998807907,"recolor":4},{"oy":180,"order":-1,"time":564,"sprite":"end.png","angle":11.25,"duration":2,"sx":0.69999998807907,"x":300,"y":500,"ease":"outExpo","sy":0.69999998807907,"id":"end","type":"deco","ox":300,"recolor":4},{"type":"showResults","time":579,"angle":90}],"metadata":{"charter":"lalafk","artist":"Camellia","bgData":{"greenChannel":{"b":66,"g":66,"r":25},"yellowChannel":{"b":33,"g":25,"r":0},"magentaChannel":{"b":132,"g":99,"r":25},"cyanChannel":{"b":255,"g":255,"r":255},"image":"lustreicon.png","redChannel":{"b":206,"g":206,"r":156},"blueChannel":{"b":123,"g":107,"r":90}},"artistLink":"","songName":"Lustre","bg":true,"description":"the beatsaber ost is soo damn good in beatblock","difficulty":9}}