{"properties":{"speed":35,"loadBeat":0,"startBeat":0,"offset":8,"formatversion":12},"events":[{"time":0,"angle":45,"type":"setColor","g":28,"color":2,"r":28,"b":28,"order":1},{"b":165,"g":165,"color":1,"r":165,"angle":22.5,"type":"setColor","time":0},{"time":0,"color":2,"angle":67.5,"type":"setBgColor"},{"b":152,"g":152,"color":0,"r":152,"angle":360,"type":"setColor","time":0},{"time":1,"volume":1,"bpm":80,"angle":180,"type":"play","file":"cotton.wav"},{"chance":0.80000001192093,"time":0.25,"color":2,"angle":270,"type":"noise"},{"time":0.25,"enable":true,"angle":247.5,"type":"hom"},{"spriteName":"","time":0,"angle":180,"type":"forcePlayerSprite"},{"time":73,"duration":7.5,"angle":225,"type":"ease","start":1,"value":5,"ease":"linear","var":"vfx.canvPos.sx"},{"time":73,"duration":7.5,"angle":202.5,"type":"ease","start":1,"value":5,"ease":"linear","var":"vfx.canvPos.sy"},{"time":81,"value":1,"angle":225,"type":"ease","var":"vfx.canvPos.sx"},{"time":81,"value":1,"angle":202.5,"type":"ease","var":"vfx.canvPos.sy"},{"time":73,"duration":7.5,"angle":157.5,"type":"ease","start":1,"value":0.20000000298023,"ease":"linear","var":"vfx.homCanvPos.sy"},{"time":73,"duration":7.5,"angle":135,"type":"ease","start":1,"value":0.20000000298023,"ease":"linear","var":"vfx.homCanvPos.sx"},{"time":81,"value":1,"angle":157.5,"type":"ease","var":"vfx.homCanvPos.sy"},{"time":81,"value":1,"angle":135,"type":"ease","var":"vfx.homCanvPos.sx"},{"time":120.5,"angle":180,"type":"bookmark","name":"Verse2","g":0,"r":255,"b":0,"description":""},{"time":82,"angle":180,"type":"bookmark","name":"Chorus1","g":255,"r":0,"b":0,"description":""},{"time":73,"angle":180,"type":"bookmark","name":"PreChorus1","g":0,"r":0,"b":255,"description":""},{"time":14.5,"angle":180,"type":"bookmark","name":"Verse1","g":0,"r":255,"b":0,"description":""},{"spriteName":"miss","time":82,"angle":337.5,"type":"forcePlayerSprite"},{"spriteName":"miss","time":77.25,"angle":22.5,"type":"forcePlayerSprite"},{"spriteName":"happy","time":100.5,"angle":22.5,"type":"forcePlayerSprite"},{"spriteName":"miss","time":102,"angle":22.5,"type":"forcePlayerSprite"},{"spriteName":"","time":117,"angle":22.5,"type":"forcePlayerSprite"},{"time":164.375,"angle":180,"type":"bookmark","name":"Chorus2","g":255,"r":0,"b":0,"description":""},{"time":153,"angle":180,"type":"bookmark","name":"PreChorus2","g":0,"r":0,"b":255,"description":""},{"time":158,"duration":7.5,"angle":225,"type":"ease","start":1,"value":5,"ease":"linear","var":"vfx.canvPos.sy"},{"time":158,"duration":7.5,"angle":202.5,"type":"ease","start":1,"value":5,"ease":"linear","var":"vfx.canvPos.sx"},{"time":164.375,"value":1,"angle":202.5,"type":"ease","var":"vfx.canvPos.sx"},{"time":164.375,"value":1,"angle":225,"type":"ease","var":"vfx.canvPos.sy"},{"time":164.375,"value":1,"angle":157.5,"type":"ease","var":"vfx.homCanvPos.sy"},{"time":164.375,"value":1,"angle":135,"type":"ease","var":"vfx.homCanvPos.sx"},{"time":158,"duration":7.5,"angle":157.5,"type":"ease","start":1,"value":0.20000000298023,"ease":"linear","var":"vfx.homCanvPos.sx"},{"time":158,"duration":7.5,"angle":135,"type":"ease","start":1,"value":0.20000000298023,"ease":"linear","var":"vfx.homCanvPos.sy"},{"spriteName":"miss","time":158,"angle":180,"type":"forcePlayerSprite"},{"spriteName":"","time":164.375,"angle":112.5,"type":"forcePlayerSprite"},{"spriteName":"miss","time":165.625,"angle":180,"type":"forcePlayerSprite"},{"spriteName":"","time":73,"angle":90,"type":"forcePlayerSprite"},{"spriteName":"","time":153,"angle":157.5,"type":"forcePlayerSprite"},{"time":319,"angle":360,"type":"showResults"},{"tag":"breakdownhold","time":272.75,"angleOffset":false,"angle":0,"type":"tag"},{"tag":"breakdownhold","time":273,"angleOffset":false,"angle":0,"type":"tag"},{"tag":"breakdownhold","time":273.25,"angleOffset":false,"angle":0,"type":"tag"},{"tag":"breakdownhold","time":273.5,"angleOffset":false,"angle":0,"type":"tag"},{"tag":"breakdownhold","time":273.75,"angleOffset":false,"angle":0,"type":"tag"},{"tag":"breakdownhold","time":274,"angleOffset":false,"angle":0,"type":"tag"},{"tag":"breakdownhold","time":274.25,"angleOffset":false,"angle":0,"type":"tag"},{"tag":"breakdownhold","time":274.5,"angleOffset":false,"angle":0,"type":"tag"},{"tag":"breakdownhold","time":274.75,"angleOffset":false,"angle":0,"type":"tag"},{"tag":"breakdownhold","time":275,"angleOffset":false,"angle":0,"type":"tag"},{"tag":"breakdownhold","time":275.25,"angleOffset":false,"angle":0,"type":"tag"},{"tag":"breakdownhold","time":275.5,"angleOffset":false,"angle":0,"type":"tag"},{"tag":"breakdownhold","time":275.75,"angleOffset":false,"angle":0,"type":"tag"},{"tag":"breakdownhold","time":276,"angleOffset":false,"angle":0,"type":"tag"},{"tag":"breakdownhold","time":276.25,"angleOffset":false,"angle":0,"type":"tag"},{"tag":"breakdownhold","time":276.5,"angleOffset":false,"angle":0,"type":"tag"},{"tag":"breakdownhold","time":276.75,"angleOffset":false,"angle":0,"type":"tag"},{"tag":"breakdownhold","time":277,"angleOffset":false,"angle":360,"type":"tag"},{"tag":"breakdownhold","time":277.25,"angleOffset":false,"angle":360,"type":"tag"},{"tag":"breakdownhold","time":277.5,"angleOffset":false,"angle":0,"type":"tag"},{"tag":"breakdownhold","time":277.75,"angleOffset":false,"angle":0,"type":"tag"},{"tag":"breakdownhold","time":278,"angleOffset":false,"angle":0,"type":"tag"},{"tag":"breakdownhold","time":278.25,"angleOffset":false,"angle":0,"type":"tag"},{"tag":"breakdownhold","time":278.5,"angleOffset":false,"angle":0,"type":"tag"},{"tag":"breakdownhold","time":278.75,"angleOffset":false,"angle":0,"type":"tag"},{"tag":"breakdownhold","time":279,"angleOffset":false,"angle":0,"type":"tag"},{"tag":"breakdownhold","time":279.25,"angleOffset":false,"angle":0,"type":"tag"},{"tag":"breakdownhold","time":282.5,"angleOffset":false,"angle":0,"type":"tag"},{"tag":"breakdownhold","time":282.75,"angleOffset":false,"angle":0,"type":"tag"},{"tag":"breakdownhold","time":283,"angleOffset":false,"angle":0,"type":"tag"},{"tag":"breakdownhold","time":283.25,"angleOffset":false,"angle":0,"type":"tag"},{"time":307,"duration":9,"angle":337.5,"type":"setColor","g":28,"color":0,"ease":"inQuint","r":28,"b":28},{"time":195,"value":1.25,"angle":180,"type":"ease","var":"vfx.pixelate"},{"time":218.5,"duration":1,"angle":292.5,"type":"ease","start":1.25,"value":1.5,"ease":"linear","var":"vfx.pixelate"},{"time":284,"duration":5.5,"angle":22.5,"type":"ease","start":1.5,"value":1,"ease":"linear","var":"vfx.pixelate"},{"time":297,"duration":3,"angle":22.5,"type":"ease","start":1,"value":1.5,"ease":"linear","var":"vfx.pixelate"},{"time":302,"duration":1.5,"angle":22.5,"type":"ease","start":1.5,"value":1,"ease":"linear","var":"vfx.pixelate"},{"time":230.5,"duration":2.5,"angle":22.5,"type":"ease","start":1.5,"value":1,"ease":"linear","var":"vfx.pixelate"},{"time":233.5,"duration":2,"angle":337.5,"type":"ease","start":1,"value":1.5,"ease":"linear","var":"vfx.pixelate"},{"time":236.75,"duration":3,"angle":45,"type":"ease","start":1.5,"value":1,"ease":"linear","var":"vfx.pixelate"},{"time":240,"duration":3,"angle":45,"type":"ease","start":1,"value":1.5,"ease":"linear","var":"vfx.pixelate"},{"time":243.25,"duration":2.75,"angle":337.5,"type":"ease","start":1.5,"value":1,"ease":"linear","var":"vfx.pixelate"},{"time":246.25,"duration":3,"angle":202.5,"type":"ease","start":1,"value":1.5,"ease":"linear","var":"vfx.pixelate"},{"time":249.5,"duration":3.5,"angle":22.5,"type":"ease","start":1.5,"value":1,"ease":"linear","var":"vfx.pixelate"},{"time":259,"duration":11.5,"angle":157.5,"type":"ease","start":1,"value":1.5,"ease":"linear","var":"vfx.pixelate"},{"time":307,"duration":9,"angle":22.5,"type":"setColor","g":28,"color":1,"ease":"inQuint","r":28,"b":28}],"metadata":{"bg":true,"description":"\"I want us to go back to the way we were long, long ago.\"","artistLink":"","bgData":{"redChannel":{"r":166,"g":166,"b":166},"blueChannel":{"r":28,"g":28,"b":28},"image":"candybg.png"},"charter":"Spookeegie","artist":"Kikuo","difficulty":0,"songName":"Cotton Candy"}}