[{"angle":247.5,"type":"block","time":0},{"angle":247.5,"type":"block","time":0.5},{"angle":292.5,"type":"block","time":0.25},{"angle":292.5,"type":"block","time":0.75},{"speedMult":1.5,"type":"block","angle":360,"time":1.25},{"speedMult":1.5,"type":"block","angle":180,"time":1.75},{"speedMult":1.5,"type":"block","angle":360,"time":2.25},{"angle":112.5,"type":"block","time":3.5},{"angle":90,"type":"block","time":3.25},{"angle":67.5,"type":"block","time":3.75},{"angle":112.5,"type":"block","time":4},{"angle":67.5,"type":"block","time":4.25},{"angle":112.5,"type":"block","time":4.5},{"angle":67.5,"type":"block","time":4.75},{"type":"block","time":5.25,"angle":135,"tap":true},{"type":"block","time":5.75,"angle":112.5,"tap":true},{"type":"block","time":6.25,"angle":90,"tap":true},{"angle":225,"type":"block","time":11.5},{"angle":270,"type":"block","time":11.25},{"angle":180,"type":"block","time":11.75},{"angle":135,"type":"block","time":12},{"angle":180,"type":"block","time":12.25},{"angle":225,"type":"block","time":12.5},{"angle":270,"type":"block","time":15.25},{"angle":292.5,"type":"block","time":15.5},{"angle":315,"type":"block","time":15.75},{"angle":337.5,"type":"block","time":16},{"angle":292.5,"type":"block","time":16.5},{"angle":315,"type":"block","time":16.25},{"angle":270,"type":"block","time":16.75},{"angle":270,"type":"block","time":17.75},{"angle":247.5,"type":"block","time":17.25},{"angle":292.5,"type":"block","time":18.25},{"angle":360,"type":"block","time":19.5},{"angle":315,"type":"block","time":19.25},{"angle":315,"type":"block","time":19.75},{"angle":360,"type":"block","time":20},{"angle":315,"type":"block","time":20.25},{"speedMult":2,"type":"extraTap","angle":202.5,"time":0},{"angle":247.5,"type":"extraTap","time":16},{"angle":120,"type":"block","time":23.25},{"angle":120,"type":"block","time":23.75},{"angle":120,"type":"block","time":24.25},{"angle":120,"type":"block","time":24.75},{"angle":180,"type":"block","time":25.25},{"angle":157.5,"type":"block","time":25.75},{"angle":135,"type":"block","time":26.25},{"angle":157.5,"type":"block","time":27.25},{"angle":225,"type":"block","time":29.25},{"angle":225,"type":"block","time":29.75},{"angle":225,"type":"block","time":30.25},{"angle":135,"type":"block","time":31.25},{"angle":135,"type":"block","time":31.75},{"speedMult":1.5,"type":"block","angle":135,"time":32,"tap":true},{"angle":67.5,"type":"block","time":33},{"angle":382.5,"type":"block","time":33.25},{"angle":405,"type":"block","time":33.375},{"angle":67.5,"type":"block","time":33.75},{"speedMult":1.5,"type":"block","angle":405,"time":34,"tap":true},{"angle":225,"type":"block","time":35.25},{"angle":225,"type":"block","time":35.75},{"speedMult":1.5,"type":"block","angle":225,"time":36,"tap":true},{"angle":315,"type":"block","time":37.5},{"speedMult":1.5,"type":"block","angle":315,"time":38,"tap":true},{"angle":315,"type":"block","time":37.75},{"speedMult":1.5,"type":"block","angle":315,"time":39,"tap":true},{"speedMult":1.5,"type":"block","angle":225,"time":39.5,"tap":true},{"speedMult":1.5,"type":"block","angle":315,"time":40,"tap":true},{"angle":236.25,"type":"block","time":43},{"angle":247.5,"type":"block","time":43.25},{"angle":258.75,"type":"block","time":43.5},{"angle":270,"type":"block","time":43.75},{"speedMult":1.5,"type":"block","angle":281.25,"time":44,"tap":true},{"angle":360,"type":"block","time":45.75},{"angle":11.25,"type":"block","time":45.5},{"type":"block","time":46,"angle":348.75,"tap":true},{"angle":270,"type":"block","time":49.5},{"angle":270,"type":"block","time":49.75},{"speedMult":1.5,"type":"block","angle":270,"time":50,"tap":true},{"angle":315,"type":"block","time":51.5},{"angle":315,"type":"block","time":51.75},{"speedMult":1.5,"type":"block","angle":315,"time":52,"tap":true},{"angle":270,"type":"block","time":57.25},{"angle":247.5,"type":"block","time":57.5},{"angle":255,"type":"block","time":57.75},{"angle":262.5,"type":"block","time":58},{"angle":225,"type":"block","time":61},{"type":"block","time":63,"angle":225,"tap":true},{"angle":90,"type":"extraTap","time":32},{"angle":180,"type":"extraTap","time":64},{"angle2":270,"type":"hold","angle":180,"time":64,"duration":1.25},{"angle2":202.5,"type":"hold","angle":270,"time":65.25,"duration":0.25},{"angle2":270,"type":"hold","angle":202.5,"time":65.5,"duration":0.25},{"angle2":225,"type":"hold","angle":270,"time":65.75,"duration":0.25},{"angle":90,"type":"block","time":75.25},{"angle":139.54927062988,"type":"block","time":75.5},{"angle":187.59181213379,"type":"block","time":75.75},{"angle":236.25,"type":"block","time":76},{"angle":45,"type":"block","time":89},{"angle":33.75,"type":"block","time":89.125},{"angle":56.25,"type":"block","time":89.375},{"angle":45,"type":"block","time":89.25},{"angle":90,"type":"block","time":89.5},{"angle":101.25,"type":"block","time":89.625},{"angle":112.5,"type":"block","time":89.75},{"angle":191.25,"type":"block","time":90.125},{"angle":236.25,"type":"block","time":90.375},{"angle":281.25,"type":"block","time":90.625},{"angle":326.25,"type":"block","time":90.875},{"angle":146.25,"type":"block","time":89.875},{"angle":281.25,"type":"block","time":91.125},{"angle":236.25,"type":"block","time":91.375},{"angle":191.25,"type":"block","time":91.625},{"angle":146.25,"type":"block","time":91.875},{"time":66,"angle2":112.5,"type":"hold","startTap":true,"angle":225,"duration":1},{"angle2":180,"type":"hold","angle":157.5,"time":67,"duration":0.25},{"angle2":225,"type":"hold","angle":202.5,"time":67.25,"duration":0.25},{"angle2":270,"type":"hold","angle":247.5,"time":67.5,"duration":0.25},{"angle2":315,"type":"hold","angle":292.5,"time":67.75,"duration":0.25},{"time":68,"angle2":697.5,"type":"hold","startTap":true,"angle":337.5,"duration":1.5},{"time":69.5,"angle2":349.25,"type":"hold","startTap":true,"angle":360,"duration":0.25},{"time":69.75,"angle2":326.75,"type":"hold","startTap":true,"angle":360,"duration":0.25},{"angle2":326.25,"type":"hold","angle":393.75,"time":71,"duration":0.5},{"angle2":393.75,"type":"hold","angle":326.25,"time":71.5,"duration":0.5},{"angle2":326.25,"type":"hold","angle":393.75,"time":72,"duration":1},{"angle2":393.75,"type":"hold","angle":326.25,"time":73,"duration":0.5},{"angle2":-33.75,"type":"hold","angle":33.75,"time":73.5,"duration":0.5},{"angle2":405,"type":"hold","angle":326.25,"time":74,"duration":1},{"time":76,"angle2":472.5,"type":"hold","startTap":true,"angle":270,"duration":1},{"time":77,"angle2":112.5,"type":"hold","angle":101.25,"endTap":true,"duration":0.25},{"angle2":112.5,"type":"hold","angle":123.75,"time":77.25,"duration":0.25},{"time":77.5,"angle2":112.5,"type":"hold","angle":101.25,"endTap":true,"duration":0.25},{"angle2":112.5,"type":"hold","angle":123.75,"time":77.75,"duration":0.25},{"angle2":-247.5,"type":"hold","angle":112.5,"time":78,"duration":1.75},{"angle2":135,"type":"hold","angle":112.5,"time":79.75,"duration":0.25},{"angle2":67.5,"type":"hold","angle":135,"time":80,"duration":1.25},{"time":81.25,"angle2":22.5,"type":"hold","startTap":true,"angle":45,"duration":0.25},{"angle2":326.25,"type":"hold","angle":360,"time":81.5,"duration":0.5},{"time":82,"angle2":281.25,"type":"hold","startTap":true,"angle":326.25,"duration":0.75},{"angle2":281.25,"type":"hold","angle":258.75,"time":82.75,"duration":0.25},{"angle2":270,"type":"hold","angle":247.5,"time":83,"duration":0.25},{"angle2":258.75,"type":"hold","angle":236.25,"time":83.25,"duration":0.25},{"angle2":247.5,"type":"hold","angle":225,"time":83.5,"duration":0.25},{"angle2":236.25,"type":"hold","angle":213.75,"time":83.75,"duration":0.25},{"angle2":270,"type":"hold","angle":236.25,"time":84,"duration":1},{"angle2":247.5,"type":"hold","angle":270,"time":85,"duration":0.25},{"angle2":281.25,"type":"hold","angle":247.5,"time":85.25,"duration":0.25},{"angle2":236.25,"type":"hold","angle":281.25,"time":85.5,"duration":0.25},{"angle2":292.5,"type":"hold","angle":236.25,"time":85.75,"duration":0.25},{"duration":0.5,"angle2":281.25,"type":"hold","angle":292.5,"time":86,"segments":1},{"duration":0.5,"angle2":247.5,"type":"hold","angle":258.75,"time":86.5,"segments":1},{"duration":0.5,"angle2":213.75,"type":"hold","angle":225,"time":87,"segments":1},{"time":87.5,"angle2":180,"type":"hold","duration":0.5,"angle":191.25,"endTap":true,"segments":1},{"angle2":78.75,"type":"hold","angle":146.25,"time":92.5,"duration":0.5},{"angle2":146.25,"type":"hold","angle":78.75,"time":93,"duration":0.5},{"angle2":78.75,"type":"hold","angle":146.25,"time":93.5,"duration":0.5},{"duration":1,"angle2":67.5,"type":"hold","angle":78.75,"time":94,"segments":1},{"duration":1,"angle2":33.75,"type":"hold","angle":67.5,"time":95,"segments":1},{"angle":225,"type":"extraTap","time":80},{"speedMult":1.5,"type":"extraTap","angle":225,"time":94},{"speedMult":1.5,"type":"extraTap","angle":225,"time":94.5},{"speedMult":1.5,"type":"extraTap","angle":225,"time":95},{"speedMult":1.5,"type":"extraTap","angle":225,"time":95.5},{"speedMult":1.5,"type":"extraTap","angle":225,"time":96},{"angle":247.5,"type":"side","time":41},{"angle":292.5,"type":"side","time":41.5},{"angle":247.5,"type":"side","time":42},{"angle":315,"type":"side","time":53},{"angle":135,"type":"side","time":53.5},{"angle":315,"type":"side","time":54},{"angle":135,"type":"side","time":54.5},{"angle":315,"type":"side","time":55},{"angle":135,"type":"side","time":55.5},{"type":"side","time":56,"angle":315,"tap":true},{"angle":270,"type":"block","time":98},{"angle":90,"type":"block","time":99},{"angle":180,"type":"block","time":100},{"angle":90,"type":"block","time":104},{"angle":360,"type":"block","time":106},{"angle":180,"type":"block","time":107},{"speedMult":1.5,"type":"extraTap","angle":247.5,"time":112},{"speedMult":1.5,"type":"extraTap","angle":247.5,"time":112.5},{"speedMult":1.5,"type":"extraTap","angle":247.5,"time":113},{"speedMult":1.5,"type":"extraTap","angle":247.5,"time":113.5},{"speedMult":1.5,"type":"extraTap","angle":247.5,"time":114},{"speedMult":1.5,"type":"extraTap","angle":247.5,"time":114.5},{"speedMult":1.5,"type":"extraTap","angle":247.5,"time":115},{"speedMult":1.5,"type":"extraTap","angle":247.5,"time":115.5},{"speedMult":1.5,"type":"extraTap","angle":247.5,"time":116},{"speedMult":1.5,"type":"extraTap","angle":247.5,"time":116.5},{"speedMult":1.5,"type":"extraTap","angle":247.5,"time":117},{"speedMult":1.5,"type":"extraTap","angle":247.5,"time":117.5},{"speedMult":1.5,"type":"extraTap","angle":247.5,"time":118},{"speedMult":1.5,"type":"extraTap","angle":247.5,"time":118.5},{"speedMult":1.5,"type":"extraTap","angle":247.5,"time":119},{"speedMult":1.5,"type":"extraTap","angle":247.5,"time":119.5},{"speedMult":1.5,"type":"extraTap","angle":247.5,"time":120},{"speedMult":1.5,"type":"extraTap","angle":247.5,"time":120.5},{"speedMult":1.5,"type":"extraTap","angle":247.5,"time":121},{"speedMult":1.5,"type":"extraTap","angle":247.5,"time":121.5},{"speedMult":1.5,"type":"extraTap","angle":247.5,"time":122},{"speedMult":3,"type":"extraTap","angle":225,"time":126},{"speedMult":3,"type":"extraTap","angle":225,"time":126.75},{"speedMult":3,"type":"extraTap","angle":225,"time":127.5},{"speedMult":1.5,"type":"extraTap","angle":247.5,"time":122.5},{"speedMult":1.5,"type":"extraTap","angle":247.5,"time":123},{"speedMult":1.5,"type":"extraTap","angle":247.5,"time":123.5},{"speedMult":1.5,"type":"extraTap","angle":247.5,"time":124},{"angle":270,"type":"block","time":157.5},{"angle":270,"type":"block","time":158},{"angle":303.75,"type":"block","time":162.25},{"angle":258.75,"type":"block","time":162.5},{"angle":213.75,"type":"block","time":162.75},{"time":162,"type":"block","angle":326.25},{"angle":270,"type":"block","time":160},{"angle":292.5,"type":"block","time":160.25},{"angle":247.5,"type":"block","time":160.5},{"angle":292.5,"type":"block","time":160.75},{"angle":247.5,"type":"block","time":161},{"angle":292.5,"type":"block","time":161.25},{"angle":247.5,"type":"block","time":161.5},{"angle":292.5,"type":"block","time":161.75},{"angle":258.75,"type":"block","time":163},{"angle":270,"type":"block","time":163.25},{"angle":270,"type":"block","time":163.5},{"speedMult":3,"type":"extraTap","angle":247.5,"time":135.5},{"speedMult":3,"type":"extraTap","angle":247.5,"time":136},{"speedMult":3,"type":"extraTap","angle":247.5,"time":144},{"speedMult":2,"type":"extraTap","angle":247.5,"time":151.5},{"speedMult":2,"type":"extraTap","angle":247.5,"time":152},{"speedMult":3,"type":"extraTap","angle":247.5,"time":158},{"speedMult":3,"type":"extraTap","angle":247.5,"time":158.5},{"speedMult":3,"type":"extraTap","angle":247.5,"time":159},{"speedMult":3,"type":"extraTap","angle":247.5,"time":159.5},{"angle":270,"type":"block","time":163.66667175293},{"angle":270,"type":"block","time":163.75},{"angle":270,"type":"block","time":163.875},{"angle":292.5,"type":"block","time":164},{"angle":90,"type":"block","time":166},{"angle":270,"type":"block","time":172},{"angle":112.5,"type":"block","time":175},{"angle":191.25,"type":"block","time":176.125},{"angle":202.5,"type":"block","time":176.25},{"angle":213.75,"type":"block","time":176.375},{"angle":225,"type":"block","time":176.5},{"angle":236.25,"type":"block","time":176.625},{"angle":191.25,"type":"block","time":176.75},{"angle":202.5,"type":"block","time":176.875},{"angle":213.75,"type":"block","time":177},{"angle":225,"type":"block","time":177.125},{"angle":236.25,"type":"block","time":177.25},{"angle":191.25,"type":"block","time":177.375},{"angle":202.5,"type":"block","time":177.5},{"angle":213.75,"type":"block","time":177.625},{"angle":225,"type":"block","time":177.75},{"angle":236.25,"type":"block","time":177.875},{"angle":270,"type":"block","time":178},{"angle":292.5,"type":"block","time":178.125},{"angle":315,"type":"block","time":178.25},{"angle":337.5,"type":"block","time":178.375},{"angle":236.25,"type":"block","time":178.5},{"angle":258.75,"type":"block","time":178.625},{"angle":281.25,"type":"block","time":178.75},{"angle":303.75,"type":"block","time":178.875},{"angle":326.25,"type":"block","time":179},{"angle":303.75,"type":"block","time":179.125},{"angle":281.25,"type":"block","time":179.25},{"angle":258.75,"type":"block","time":179.375},{"angle":236.25,"type":"block","time":179.5},{"angle":270,"type":"block","time":179.625},{"angle":270,"type":"block","time":179.75},{"angle":270,"type":"block","time":179.875},{"angle":270,"type":"block","time":180},{"angle":292.5,"type":"block","time":180.125},{"angle":270,"type":"block","time":180.375},{"angle":292.5,"type":"block","time":180.625},{"angle":315,"type":"block","time":180.875},{"angle":292.5,"type":"block","time":181.125},{"angle":270,"type":"block","time":181.375},{"angle":281.25,"type":"block","time":181.625},{"angle":292.5,"type":"block","time":181.875},{"angle":281.25,"type":"block","time":182.125},{"angle":258.75,"type":"block","time":182.125},{"angle":22.5,"type":"block","time":183},{"angle":22.5,"type":"block","time":183.5},{"angle":337.5,"type":"block","time":183.75},{"angle":337.5,"type":"block","time":183.25},{"angle":225,"type":"block","time":182.25},{"angle":191.25,"type":"block","time":182.375},{"angle":157.5,"type":"block","time":182.5},{"angle":123.75,"type":"block","time":182.625},{"angle":90,"type":"block","time":182.75},{"angle":56.25,"type":"block","time":182.875},{"angle":292.5,"type":"block","time":184.125},{"angle":315,"type":"block","time":184.25},{"angle":337.5,"type":"block","time":184.375},{"angle":315,"type":"block","time":184.5},{"angle":292.5,"type":"block","time":184.625},{"angle":270,"type":"block","time":184.75},{"angle":247.5,"type":"block","time":184.875},{"angle":270,"type":"block","time":185},{"angle":292.5,"type":"block","time":185.125},{"angle":315,"type":"block","time":185.25},{"angle":337.5,"type":"block","time":185.375},{"angle":315,"type":"block","time":185.5},{"angle":292.5,"type":"block","time":185.625},{"angle":270,"type":"block","time":185.75},{"angle":247.5,"type":"block","time":185.875},{"angle":270,"type":"block","time":186},{"angle":270,"type":"block","time":186.5},{"angle":270,"type":"block","time":186.75},{"type":"block","time":187,"angle":270,"tap":true},{"angle":258.75,"type":"block","time":187.125},{"angle":247.5,"type":"block","time":187.25},{"angle":236.25,"type":"block","time":187.375},{"angle":225,"type":"block","time":187.5},{"angle":213.75,"type":"block","time":187.625},{"angle":202.5,"type":"block","time":187.75},{"angle":191.25,"type":"block","time":187.875},{"angle":180,"type":"block","time":188},{"angle":258.75,"type":"block","time":188.75},{"angle":315,"type":"block","time":188.5},{"angle":247.5,"type":"block","time":189},{"angle":281.25,"type":"block","time":189.25},{"angle":303.75,"type":"block","time":189.5},{"angle":270,"type":"block","time":188.25},{"angle":326.25,"type":"block","time":189.75},{"angle":270,"type":"block","time":190},{"angle":270,"type":"block","time":192},{"angle":315,"type":"block","time":164.125},{"angle":292.5,"type":"block","time":164.25},{"angle":281.25,"type":"block","time":164.375},{"angle":270,"type":"block","time":164.5},{"angle":258.75,"type":"block","time":164.625},{"angle":270,"type":"block","time":164.75},{"angle":292.5,"type":"block","time":164.875},{"angle":315,"type":"block","time":165},{"angle":337.5,"type":"block","time":165.125},{"angle":360,"type":"block","time":165.25},{"angle":348.75,"type":"block","time":165.375},{"angle":337.5,"type":"block","time":165.5},{"angle":360,"type":"block","time":165.625},{"angle":22.5,"type":"block","time":165.75},{"angle":45,"type":"block","time":165.875},{"angle":123.75,"type":"block","time":166.125},{"angle":157.5,"type":"block","time":166.25},{"angle":112.5,"type":"block","time":166.375},{"angle":101.25,"type":"block","time":166.5},{"angle":90,"type":"block","time":166.625},{"angle":78.75,"type":"block","time":166.75},{"angle":67.5,"type":"block","time":166.875},{"angle":45,"type":"block","time":167},{"angle":22.5,"type":"block","time":167.125},{"angle":360,"type":"block","time":167.25},{"angle":337.5,"type":"block","time":167.375},{"angle":315,"type":"block","time":167.5},{"angle":292.5,"type":"block","time":167.625},{"angle":270,"type":"block","time":167.75},{"angle":247.5,"type":"block","time":167.875},{"angle":326.25,"type":"block","time":168.5},{"angle":337.5,"type":"block","time":168.625},{"angle":348.75,"type":"block","time":168.75},{"angle":360,"type":"block","time":168.875},{"angle":337.5,"type":"block","time":169},{"angle":303.75,"type":"block","time":169.125},{"angle":270,"type":"block","time":169.25},{"angle":236.25,"type":"block","time":169.375},{"angle":247.5,"type":"block","time":169.5},{"angle":258.75,"type":"block","time":169.625},{"angle":270,"type":"block","time":169.75},{"angle":258.75,"type":"block","time":169.875},{"angle":236.25,"type":"block","time":170},{"angle":213.75,"type":"block","time":170.125},{"angle":236.25,"type":"block","time":170.25},{"angle":258.75,"type":"block","time":170.375},{"angle":236.25,"type":"block","time":170.5},{"angle":213.75,"type":"block","time":170.625},{"angle":236.25,"type":"block","time":170.75},{"angle":258.75,"type":"block","time":170.875},{"angle":236.25,"type":"block","time":171},{"angle":213.75,"type":"block","time":171.125},{"angle":236.25,"type":"block","time":171.25},{"angle":258.75,"type":"block","time":171.375},{"angle":236.25,"type":"block","time":171.5},{"angle":213.75,"type":"block","time":171.625},{"angle":236.25,"type":"block","time":171.75},{"angle":258.75,"type":"block","time":171.875},{"angle":270,"type":"block","time":172.125},{"angle":270,"type":"block","time":172.25},{"angle":270,"type":"block","time":172.375},{"angle":270,"type":"block","time":172.5},{"angle":270,"type":"block","time":172.625},{"angle":315,"type":"block","time":173},{"angle":270,"type":"block","time":172.75},{"angle":270,"type":"block","time":172.875},{"angle":315,"type":"block","time":173.125},{"angle":315,"type":"block","time":173.25},{"angle":315,"type":"block","time":173.375},{"angle":315,"type":"block","time":173.5},{"angle":315,"type":"block","time":173.625},{"angle":315,"type":"block","time":173.75},{"angle":315,"type":"block","time":173.875},{"angle":112.5,"type":"block","time":175.125},{"angle":112.5,"type":"block","time":175.25},{"angle":112.5,"type":"block","time":175.375},{"angle":112.5,"type":"block","time":175.5},{"angle":112.5,"type":"block","time":175.625},{"angle":112.5,"type":"block","time":175.75},{"angle":112.5,"type":"block","time":175.875},{"angle":112.5,"type":"block","time":176},{"angle":247.5,"type":"extraTap","time":192},{"angle":247.5,"type":"inverse","time":7.25},{"angle":225,"type":"inverse","time":7.5},{"angle":202.5,"type":"inverse","time":7.75},{"angle":180,"type":"inverse","time":8},{"angle":202.5,"type":"inverse","time":8.25},{"angle":225,"type":"inverse","time":8.5},{"angle":247.5,"type":"inverse","time":8.75},{"type":"inverse","time":9.25,"angle":270,"tap":true},{"type":"inverse","time":9.75,"angle":270,"tap":true},{"type":"inverse","time":10.25,"angle":270,"tap":true},{"angle2":292.5,"type":"hold","angle":247.5,"time":12.75,"duration":0.5},{"angle2":247.5,"type":"hold","angle":292.5,"time":13.25,"duration":0.5},{"angle2":292.5,"type":"hold","angle":247.5,"time":13.75,"duration":0.5},{"angle":225,"type":"block","time":27.5},{"angle":270,"type":"block","time":27.75},{"angle":315,"type":"block","time":28},{"angle":22.5,"type":"block","time":28.25},{"angle":90,"type":"block","time":28.5},{"angle":157.5,"type":"block","time":28.75},{"angle2":517.5,"type":"mineHold","angle":157.5,"time":27.75,"duration":1.25},{"angle":225,"type":"inverse","time":29.25},{"angle":225,"type":"inverse","time":29.75},{"angle":225,"type":"inverse","time":30.25},{"angle2":382.5,"type":"hold","angle":326.25,"time":45,"duration":0.125},{"angle2":101.25,"type":"hold","angle":67.5,"time":47.875,"duration":0.125},{"angle2":-22.5,"type":"hold","angle":90,"time":20.75,"duration":0.5},{"angle2":-135,"type":"hold","angle":-22.5,"time":21.25,"duration":0.5},{"angle2":112.5,"type":"hold","angle":225,"time":21.75,"duration":0.5},{"angle":45,"type":"inverse","time":33.5},{"angle":135,"type":"inverse","time":31.5},{"angle":225,"type":"inverse","time":35},{"angle":225,"type":"inverse","time":35.5},{"angle2":45,"type":"mineHold","angle":135,"time":41,"duration":0.5},{"angle2":135,"type":"mineHold","angle":45,"time":41.5,"duration":0.5},{"angle":337.5,"type":"inverse","time":51.5},{"angle":292.5,"type":"inverse","time":51.5},{"angle":337.5,"type":"inverse","time":51.75},{"angle":292.5,"type":"inverse","time":51.75},{"angle":337.5,"type":"inverse","time":52},{"angle":292.5,"type":"inverse","time":52},{"angle2":285,"type":"hold","angle":315,"time":57,"duration":0.125},{"angle":120,"type":"inverse","time":23.5},{"angle":120,"type":"inverse","time":24},{"angle":120,"type":"inverse","time":24.5},{"angle2":255,"type":"hold","angle":270,"time":58,"duration":1},{"angle2":240,"type":"hold","angle":255,"time":58.5,"duration":1},{"angle2":225,"type":"hold","angle":240,"time":59,"duration":1},{"angle2":225,"type":"hold","angle":165,"time":61.75,"duration":0.25},{"time":69.5,"angle2":11.75,"type":"hold","startTap":true,"angle":0,"duration":0.25},{"time":69.75,"angle2":11.25,"type":"hold","startTap":true,"angle":0,"duration":0.25},{"angle2":393.75,"type":"hold","angle":326.25,"time":70,"duration":1},{"angle2":360,"type":"hold","angle":360,"time":70,"duration":4.5},{"duration":1,"angle2":236.25,"type":"hold","angle":45,"time":75,"segments":4},{"angle":45,"type":"mine","time":75.75},{"angle":90,"type":"mine","time":76},{"angle":137.46728515625,"type":"mine","time":76.25},{"angle":185.04901123047,"type":"mine","time":76.5},{"angle":236.39532470703,"type":"mine","time":76.75},{"angle2":303.75,"type":"mineHold","angle":281.25,"time":84,"duration":1},{"angle2":281.25,"type":"mineHold","angle":303.75,"time":85,"duration":0.25},{"angle2":315,"type":"mineHold","angle":281.25,"time":85.25,"duration":0.25},{"angle2":303.75,"type":"mineHold","angle":315,"time":85.5,"duration":0.25},{"angle2":326.25,"type":"mineHold","angle":303.75,"time":85.75,"duration":0.25},{"angle2":213.75,"type":"mineHold","angle":191.25,"time":84,"duration":1},{"angle2":191.25,"type":"mineHold","angle":213.75,"time":85,"duration":0.25},{"angle2":225,"type":"mineHold","angle":191.25,"time":85.25,"duration":0.25},{"angle2":191.25,"type":"mineHold","angle":225,"time":85.5,"duration":0.25},{"angle2":213.75,"type":"mineHold","angle":191.25,"time":85.75,"duration":0.25},{"angle2":45,"type":"hold","angle":180,"time":88,"duration":1},{"angle":123.75,"type":"block","time":89.875},{"angle":33.75,"type":"inverse","time":89.125},{"angle":45,"type":"inverse","time":89.25},{"angle":56.25,"type":"inverse","time":89.375},{"angle":90,"type":"inverse","time":89.5},{"angle":101.25,"type":"inverse","time":89.625},{"angle":112.5,"type":"inverse","time":89.75},{"angle":123.75,"type":"inverse","time":89.875},{"angle2":225,"type":"hold","angle":258.75,"time":108,"duration":2},{"angle":225,"type":"mine","time":98},{"angle":213.75,"type":"mine","time":98},{"angle":202.5,"type":"mine","time":98},{"angle":191.25,"type":"mine","time":98},{"angle":180,"type":"mine","time":98},{"angle":168.75,"type":"mine","time":98},{"angle":157.5,"type":"mine","time":98},{"angle":146.25,"type":"mine","time":98},{"angle":135,"type":"mine","time":98},{"angle":315,"type":"mine","time":98},{"angle":326.25,"type":"mine","time":98},{"angle":337.5,"type":"mine","time":98},{"angle":348.75,"type":"mine","time":98},{"angle":0,"type":"mine","time":98},{"angle":11.25,"type":"mine","time":98},{"angle":22.5,"type":"mine","time":98},{"angle":33.75,"type":"mine","time":98},{"angle":56.25,"type":"mine","time":98},{"angle":67.5,"type":"mine","time":98},{"angle":45,"type":"mine","time":98},{"angle":78.75,"type":"mine","time":98},{"angle":90,"type":"mine","time":98},{"angle":101.25,"type":"mine","time":98},{"angle":112.5,"type":"mine","time":98},{"angle":123.75,"type":"mine","time":98},{"angle":405,"type":"mine","time":99},{"angle":393.75,"type":"mine","time":99},{"angle":382.5,"type":"mine","time":99},{"angle":371.25,"type":"mine","time":99},{"angle":360,"type":"mine","time":99},{"angle":348.75,"type":"mine","time":99},{"angle":337.5,"type":"mine","time":99},{"angle":326.25,"type":"mine","time":99},{"angle":315,"type":"mine","time":99},{"angle":495,"type":"mine","time":99},{"angle":506.25,"type":"mine","time":99},{"angle":517.5,"type":"mine","time":99},{"angle":528.75,"type":"mine","time":99},{"angle":180,"type":"mine","time":99},{"angle":191.25,"type":"mine","time":99},{"angle":202.5,"type":"mine","time":99},{"angle":213.75,"type":"mine","time":99},{"angle":236.25,"type":"mine","time":99},{"angle":247.5,"type":"mine","time":99},{"angle":225,"type":"mine","time":99},{"angle":258.75,"type":"mine","time":99},{"angle":270,"type":"mine","time":99},{"angle":281.25,"type":"mine","time":99},{"angle":292.5,"type":"mine","time":99},{"angle":303.75,"type":"mine","time":99},{"angle":135,"type":"mine","time":100},{"angle":123.75,"type":"mine","time":100},{"angle":112.5,"type":"mine","time":100},{"angle":101.25,"type":"mine","time":100},{"angle":90,"type":"mine","time":100},{"angle":78.75,"type":"mine","time":100},{"angle":67.5,"type":"mine","time":100},{"angle":56.25,"type":"mine","time":100},{"angle":45,"type":"mine","time":100},{"angle":225,"type":"mine","time":100},{"angle":236.25,"type":"mine","time":100},{"angle":247.5,"type":"mine","time":100},{"angle":258.75,"type":"mine","time":100},{"angle":-90,"type":"mine","time":100},{"angle":-78.75,"type":"mine","time":100},{"angle":-67.5,"type":"mine","time":100},{"angle":-56.25,"type":"mine","time":100},{"angle":-33.75,"type":"mine","time":100},{"angle":-22.5,"type":"mine","time":100},{"angle":-45,"type":"mine","time":100},{"angle":-11.25,"type":"mine","time":100},{"angle":0,"type":"mine","time":100},{"angle":11.25,"type":"mine","time":100},{"angle":22.5,"type":"mine","time":100},{"angle":33.75,"type":"mine","time":100},{"angle":405,"type":"mine","time":104},{"angle":393.75,"type":"mine","time":104},{"angle":382.5,"type":"mine","time":104},{"angle":371.25,"type":"mine","time":104},{"angle":360,"type":"mine","time":104},{"angle":348.75,"type":"mine","time":104},{"angle":337.5,"type":"mine","time":104},{"angle":326.25,"type":"mine","time":104},{"angle":315,"type":"mine","time":104},{"angle":495,"type":"mine","time":104},{"angle":506.25,"type":"mine","time":104},{"angle":517.5,"type":"mine","time":104},{"angle":528.75,"type":"mine","time":104},{"angle":180,"type":"mine","time":104},{"angle":191.25,"type":"mine","time":104},{"angle":202.5,"type":"mine","time":104},{"angle":213.75,"type":"mine","time":104},{"angle":236.25,"type":"mine","time":104},{"angle":247.5,"type":"mine","time":104},{"angle":225,"type":"mine","time":104},{"angle":258.75,"type":"mine","time":104},{"angle":270,"type":"mine","time":104},{"angle":281.25,"type":"mine","time":104},{"angle":292.5,"type":"mine","time":104},{"angle":303.75,"type":"mine","time":104},{"angle":315,"type":"mine","time":106},{"angle":303.75,"type":"mine","time":106},{"angle":292.5,"type":"mine","time":106},{"angle":281.25,"type":"mine","time":106},{"angle":270,"type":"mine","time":106},{"angle":258.75,"type":"mine","time":106},{"angle":247.5,"type":"mine","time":106},{"angle":236.25,"type":"mine","time":106},{"angle":225,"type":"mine","time":106},{"angle":405,"type":"mine","time":106},{"angle":416.25,"type":"mine","time":106},{"angle":427.5,"type":"mine","time":106},{"angle":438.75,"type":"mine","time":106},{"angle":90,"type":"mine","time":106},{"angle":101.25,"type":"mine","time":106},{"angle":112.5,"type":"mine","time":106},{"angle":123.75,"type":"mine","time":106},{"angle":146.25,"type":"mine","time":106},{"angle":157.5,"type":"mine","time":106},{"angle":135,"type":"mine","time":106},{"angle":168.75,"type":"mine","time":106},{"angle":180,"type":"mine","time":106},{"angle":191.25,"type":"mine","time":106},{"angle":202.5,"type":"mine","time":106},{"angle":213.75,"type":"mine","time":106},{"angle":135,"type":"mine","time":106.875},{"angle":123.75,"type":"mine","time":106.875},{"angle":112.5,"type":"mine","time":106.875},{"angle":101.25,"type":"mine","time":106.875},{"angle":90,"type":"mine","time":106.875},{"angle":78.75,"type":"mine","time":106.875},{"angle":67.5,"type":"mine","time":106.875},{"angle":56.25,"type":"mine","time":106.875},{"angle":45,"type":"mine","time":106.875},{"angle":225,"type":"mine","time":106.875},{"angle":236.25,"type":"mine","time":106.875},{"angle":247.5,"type":"mine","time":106.875},{"angle":258.75,"type":"mine","time":106.875},{"angle":-90,"type":"mine","time":106.875},{"angle":-78.75,"type":"mine","time":106.875},{"angle":-67.5,"type":"mine","time":106.875},{"angle":-56.25,"type":"mine","time":106.875},{"angle":-33.75,"type":"mine","time":106.875},{"angle":-22.5,"type":"mine","time":106.875},{"angle":-45,"type":"mine","time":106.875},{"angle":-11.25,"type":"mine","time":106.875},{"angle":0,"type":"mine","time":106.875},{"angle":11.25,"type":"mine","time":106.875},{"angle":22.5,"type":"mine","time":106.875},{"angle":33.75,"type":"mine","time":106.875},{"angle2":0,"type":"hold","angle":0,"time":101.5,"duration":0.5},{"angle2":45,"type":"mineHold","angle":45,"time":101.5,"duration":0.5},{"angle2":-45,"type":"mineHold","angle":-45,"time":101.5,"duration":0.5},{"angle2":225,"type":"mineHold","angle":225,"time":101.5,"duration":0.5},{"angle2":135,"type":"mineHold","angle":135,"time":101.5,"duration":0.5},{"angle2":56.25,"type":"mineHold","angle":56.25,"time":101.5,"duration":0.5},{"angle2":236.25,"type":"mineHold","angle":236.25,"time":101.5,"duration":0.5},{"angle2":146.25,"type":"mineHold","angle":146.25,"time":101.5,"duration":0.5},{"angle2":-56.25,"type":"mineHold","angle":-56.25,"time":101.5,"duration":0.5},{"angle2":213.75,"type":"mineHold","angle":213.75,"time":101.5,"duration":0.5},{"angle2":123.75,"type":"mineHold","angle":123.75,"time":101.5,"duration":0.5},{"angle2":67.5,"type":"mineHold","angle":67.5,"time":101.5,"duration":0.5},{"angle2":247.5,"type":"mineHold","angle":247.5,"time":101.5,"duration":0.5},{"angle2":157.5,"type":"mineHold","angle":157.5,"time":101.5,"duration":0.5},{"angle2":-67.5,"type":"mineHold","angle":-67.5,"time":101.5,"duration":0.5},{"angle2":202.5,"type":"mineHold","angle":202.5,"time":101.5,"duration":0.5},{"angle2":112.5,"type":"mineHold","angle":112.5,"time":101.5,"duration":0.5},{"angle2":-78.75,"type":"mineHold","angle":-78.75,"time":101.5,"duration":0.5},{"angle2":191.25,"type":"mineHold","angle":191.25,"time":101.5,"duration":0.5},{"angle2":101.25,"type":"mineHold","angle":101.25,"time":101.5,"duration":0.5},{"angle2":-90,"type":"mineHold","angle":-90,"time":101.5,"duration":0.5},{"angle2":180,"type":"mineHold","angle":180,"time":101.5,"duration":0.5},{"angle2":90,"type":"mineHold","angle":90,"time":101.5,"duration":0.5},{"angle2":-101.25,"type":"mineHold","angle":-101.25,"time":101.5,"duration":0.5},{"angle2":168.75,"type":"mineHold","angle":168.75,"time":101.5,"duration":0.5},{"angle2":78.75,"type":"mineHold","angle":78.75,"time":101.5,"duration":0.5},{"angle2":270,"type":"hold","angle":270,"time":112,"duration":2},{"duration":1,"angle2":281.25,"type":"hold","angle":270,"time":114,"segments":1},{"duration":1,"angle2":292.5,"type":"hold","angle":281.25,"time":115,"segments":1},{"duration":1.5,"angle2":281.25,"type":"hold","angle":292.5,"time":116,"segments":1},{"duration":0.5,"angle2":270,"type":"hold","angle":281.25,"time":117.5,"segments":1},{"duration":2,"angle2":281.25,"type":"hold","angle":270,"time":118,"segments":1},{"duration":2,"angle2":258.75,"type":"hold","angle":281.25,"time":120,"segments":1},{"duration":1,"angle2":270,"type":"hold","angle":258.75,"time":122,"segments":1},{"angle2":270,"type":"hold","angle":270,"time":123,"duration":1},{"angle":22.5,"type":"side","time":45.125},{"type":"side","time":48,"angle":101.25,"tap":true},{"angle":281.25,"type":"side","time":57.125},{"type":"block","time":126,"angle":0,"tap":true},{"type":"block","time":126,"angle":180,"tap":true},{"type":"block","time":126.75,"angle":270,"tap":true},{"type":"block","time":126.75,"angle":90,"tap":true},{"type":"block","time":127.5,"angle":180,"tap":true},{"type":"block","time":127.5,"angle":0,"tap":true},{"angle2":-157.5,"type":"hold","angle":-90,"time":128,"duration":0.75},{"angle2":-67.5,"type":"hold","angle":-157.5,"time":128.75,"duration":0.75},{"angle2":-67.5,"type":"hold","angle":-67.5,"time":129.5,"duration":0.5},{"angle2":0,"type":"hold","angle":-67.5,"time":130,"duration":0.75},{"angle2":-90,"type":"hold","angle":0,"time":130.75,"duration":1.25},{"angle2":-202.5,"type":"hold","angle":-90,"time":132,"duration":0.75},{"angle2":-180,"type":"hold","angle":-202.5,"time":132.75,"duration":0.75},{"angle2":-90,"type":"hold","angle":-180,"time":133.5,"duration":0.5},{"angle2":-90,"type":"hold","angle":-90,"time":134,"duration":1},{"angle2":-67.5,"type":"hold","angle":-90,"time":135,"duration":0.5},{"angle2":-22.5,"type":"hold","angle":-45,"time":135.5,"duration":0.5},{"angle2":22.5,"type":"hold","angle":0,"time":136,"duration":0.75},{"angle2":382.5,"type":"hold","angle":22.5,"time":136.75,"duration":0.75},{"angle2":22.5,"type":"hold","angle":22.5,"time":137.5,"duration":0.5},{"angle2":0,"type":"hold","angle":67.5,"time":138,"duration":0.75},{"angle2":67.5,"type":"hold","angle":0,"time":138.75,"duration":0.75},{"angle2":0,"type":"hold","angle":67.5,"time":139.5,"duration":0.5},{"angle2":-22.5,"type":"hold","angle":-22.5,"time":140,"duration":0.75},{"angle2":-45,"type":"hold","angle":-45,"time":140.75,"duration":0.75},{"angle2":-67.5,"type":"hold","angle":-67.5,"time":141.5,"duration":0.5},{"angle2":-450,"type":"hold","angle":-90,"time":142,"duration":1.5},{"angle2":-56.25,"type":"hold","angle":-90,"time":143.5,"duration":0.5},{"angle2":-123.75,"type":"hold","angle":-90,"time":144,"duration":0.75},{"angle2":-56.25,"type":"hold","angle":-90,"time":144.75,"duration":0.75},{"angle2":-123.75,"type":"hold","angle":-90,"time":145.5,"duration":0.5},{"duration":0.75,"angle2":-22.5,"type":"hold","angle":-90,"time":146,"segments":2},{"duration":1.25,"angle2":-135,"type":"hold","angle":-22.5,"time":146.75,"segments":2},{"angle2":270,"type":"hold","angle":247.5,"time":148,"duration":0.75},{"time":149.5,"angle2":270,"type":"hold","startTap":true,"angle":292.5,"duration":0.125},{"angle2":270,"type":"hold","angle":270,"time":149.625,"duration":0.375},{"angle2":180,"type":"hold","angle":270,"time":150,"duration":1},{"angle2":225,"type":"hold","angle":180,"time":151,"duration":0.5},{"angle2":270,"type":"hold","angle":225,"time":151.5,"duration":0.5},{"duration":0.75,"angle2":326.25,"type":"hold","angle":292.5,"time":152,"segments":1},{"angle2":630,"type":"hold","angle":270,"time":156,"duration":0.75},{"angle2":326.25,"type":"hold","angle":326.25,"time":152.75,"duration":0.75},{"duration":0.5,"angle2":382.5,"type":"hold","angle":348.75,"time":153.5,"segments":1},{"angle2":450,"type":"hold","angle":90,"time":156,"duration":0.75},{"angle2":-45,"type":"hold","angle":-78.75,"time":143.5,"duration":0.5},{"angle2":-112.5,"type":"hold","angle":-78.75,"time":144,"duration":0.75},{"angle2":-45,"type":"hold","angle":-78.75,"time":144.75,"duration":0.75},{"angle2":-112.5,"type":"hold","angle":-78.75,"time":145.5,"duration":0.5},{"angle2":292.5,"type":"hold","angle":270,"time":148,"duration":1.5},{"duration":0.5,"angle2":438.75,"type":"hold","angle":405,"time":154,"segments":1},{"duration":0.5,"angle2":495,"type":"hold","angle":461.25,"time":154.5,"segments":1},{"duration":0.5,"angle2":551.25,"type":"hold","angle":517.5,"time":155,"segments":1},{"duration":0.5,"angle2":607.5,"type":"hold","angle":573.75,"time":155.5,"segments":1},{"angle2":-337.5,"type":"hold","angle":-270,"time":128,"duration":0.75},{"angle2":-247.5,"type":"hold","angle":-337.5,"time":128.75,"duration":0.75},{"angle2":-247.5,"type":"hold","angle":-247.5,"time":129.5,"duration":0.5},{"angle2":-180,"type":"hold","angle":-247.5,"time":130,"duration":0.75},{"angle2":-270,"type":"hold","angle":-180,"time":130.75,"duration":1.25},{"angle2":-382.5,"type":"hold","angle":-270,"time":132,"duration":0.75},{"angle2":-360,"type":"hold","angle":-382.5,"time":132.75,"duration":0.75},{"angle2":-270,"type":"hold","angle":-360,"time":133.5,"duration":0.5},{"angle2":-270,"type":"hold","angle":-270,"time":134,"duration":1},{"angle2":-247.5,"type":"hold","angle":-270,"time":135,"duration":0.5},{"angle2":-202.5,"type":"hold","angle":-225,"time":135.5,"duration":0.5},{"angle2":-157.5,"type":"hold","angle":-180,"time":136,"duration":0.75},{"angle2":202.5,"type":"hold","angle":-157.5,"time":136.75,"duration":0.75},{"angle2":-157.5,"type":"hold","angle":-157.5,"time":137.5,"duration":0.5},{"angle2":-180,"type":"hold","angle":-112.5,"time":138,"duration":0.75},{"angle2":-112.5,"type":"hold","angle":-180,"time":138.75,"duration":0.75},{"angle2":-180,"type":"hold","angle":-112.5,"time":139.5,"duration":0.5},{"angle2":-202.5,"type":"hold","angle":-202.5,"time":140,"duration":0.75},{"angle2":-225,"type":"hold","angle":-225,"time":140.75,"duration":0.75},{"angle2":-247.5,"type":"hold","angle":-247.5,"time":141.5,"duration":0.5},{"angle2":-630,"type":"hold","angle":-270,"time":142,"duration":1.5},{"angle2":-236.25,"type":"hold","angle":-270,"time":143.5,"duration":0.5},{"angle2":-303.75,"type":"hold","angle":-270,"time":144,"duration":0.75},{"angle2":-236.25,"type":"hold","angle":-270,"time":144.75,"duration":0.75},{"angle2":-303.75,"type":"hold","angle":-270,"time":145.5,"duration":0.5},{"duration":0.75,"angle2":-202.5,"type":"hold","angle":-270,"time":146,"segments":2},{"duration":1.25,"angle2":-315,"type":"hold","angle":-202.5,"time":146.75,"segments":2},{"angle2":90,"type":"hold","angle":67.5,"time":148,"duration":0.75},{"time":149.5,"angle2":90,"type":"hold","startTap":true,"angle":112.5,"duration":0.125},{"angle2":90,"type":"hold","angle":90,"time":149.625,"duration":0.375},{"angle2":0,"type":"hold","angle":90,"time":150,"duration":1},{"angle2":45,"type":"hold","angle":0,"time":151,"duration":0.5},{"angle2":90,"type":"hold","angle":45,"time":151.5,"duration":0.5},{"duration":0.75,"angle2":146.25,"type":"hold","angle":112.5,"time":152,"segments":1},{"angle2":146.25,"type":"hold","angle":146.25,"time":152.75,"duration":0.75},{"duration":0.5,"angle2":202.5,"type":"hold","angle":168.75,"time":153.5,"segments":1},{"angle2":-225,"type":"hold","angle":-258.75,"time":143.5,"duration":0.5},{"angle2":-292.5,"type":"hold","angle":-258.75,"time":144,"duration":0.75},{"angle2":-225,"type":"hold","angle":-258.75,"time":144.75,"duration":0.75},{"angle2":-292.5,"type":"hold","angle":-258.75,"time":145.5,"duration":0.5},{"angle2":112.5,"type":"hold","angle":90,"time":148,"duration":1.5},{"duration":0.5,"angle2":258.75,"type":"hold","angle":225,"time":154,"segments":1},{"duration":0.5,"angle2":315,"type":"hold","angle":281.25,"time":154.5,"segments":1},{"duration":0.5,"angle2":371.25,"type":"hold","angle":337.5,"time":155,"segments":1},{"duration":0.5,"angle2":427.5,"type":"hold","angle":393.75,"time":155.5,"segments":1},{"angle":270,"type":"inverse","time":160.125},{"angle":258.75,"type":"inverse","time":160.375},{"angle":281.25,"type":"inverse","time":160.625},{"angle":258.75,"type":"inverse","time":160.875},{"angle":281.25,"type":"inverse","time":161.125},{"angle":258.75,"type":"inverse","time":161.375},{"angle":281.25,"type":"inverse","time":161.625},{"angle":258.75,"type":"inverse","time":161.875},{"time":168,"angle2":315,"type":"hold","startTap":true,"angle":247.5,"endTap":true,"duration":0.375},{"angle":337.5,"type":"block","time":173},{"angle":337.5,"type":"block","time":173.125},{"angle":337.5,"type":"block","time":173.25},{"angle":337.5,"type":"block","time":173.375},{"angle":337.5,"type":"block","time":173.5},{"angle":337.5,"type":"block","time":173.625},{"angle":337.5,"type":"block","time":173.75},{"angle":337.5,"type":"block","time":173.875},{"angle":393.75,"type":"block","time":174},{"angle":393.75,"type":"block","time":174.125},{"angle":393.75,"type":"block","time":174.25},{"angle":393.75,"type":"block","time":174.375},{"angle":393.75,"type":"block","time":174.5},{"angle":393.75,"type":"block","time":174.5},{"angle":393.75,"type":"block","time":174.625},{"angle":393.75,"type":"block","time":174.75},{"angle":56.25,"type":"block","time":174.875},{"angle":371.25,"type":"block","time":174},{"angle":371.25,"type":"block","time":174.125},{"angle":371.25,"type":"block","time":174.25},{"angle":371.25,"type":"block","time":174.375},{"angle":371.25,"type":"block","time":174.5},{"angle":371.25,"type":"block","time":174.5},{"angle":371.25,"type":"block","time":174.625},{"angle":371.25,"type":"block","time":174.75},{"angle":33.75,"type":"block","time":174.875},{"angle":416.25,"type":"block","time":174},{"angle":416.25,"type":"block","time":174.125},{"angle":416.25,"type":"block","time":174.25},{"angle":416.25,"type":"block","time":174.375},{"angle":416.25,"type":"block","time":174.5},{"angle":416.25,"type":"block","time":174.5},{"angle":416.25,"type":"block","time":174.625},{"angle":416.25,"type":"block","time":174.75},{"angle":11.25,"type":"block","time":174.875},{"angle":135,"type":"block","time":175},{"angle":135,"type":"block","time":175.125},{"angle":135,"type":"block","time":175.25},{"angle":135,"type":"block","time":175.375},{"angle":135,"type":"block","time":175.5},{"angle":135,"type":"block","time":175.625},{"angle":135,"type":"block","time":175.75},{"angle":135,"type":"block","time":175.875},{"angle":135,"type":"block","time":176},{"angle":157.5,"type":"block","time":175},{"angle":157.5,"type":"block","time":175.125},{"angle":157.5,"type":"block","time":175.25},{"angle":157.5,"type":"block","time":175.375},{"angle":157.5,"type":"block","time":175.5},{"angle":157.5,"type":"block","time":175.5},{"angle":157.5,"type":"block","time":175.625},{"angle":157.5,"type":"block","time":175.75},{"angle":157.5,"type":"block","time":175.875},{"angle":157.5,"type":"block","time":176},{"angle":90,"type":"block","time":175},{"angle":90,"type":"block","time":175.125},{"angle":90,"type":"block","time":175.25},{"angle":90,"type":"block","time":175.375},{"angle":90,"type":"block","time":175.5},{"angle":90,"type":"block","time":175.5},{"angle":90,"type":"block","time":175.625},{"angle":90,"type":"block","time":175.75},{"angle":90,"type":"block","time":175.875},{"angle":90,"type":"block","time":176},{"angle":495,"type":"mine","time":173},{"angle":495,"type":"mine","time":173.875},{"angle":495,"type":"mine","time":173.75},{"angle":495,"type":"mine","time":173.625},{"angle":495,"type":"mine","time":173.5},{"angle":495,"type":"mine","time":173.375},{"angle":495,"type":"mine","time":173.25},{"angle":495,"type":"mine","time":173.125},{"angle":157.5,"type":"mine","time":173},{"angle":157.5,"type":"mine","time":173.875},{"angle":157.5,"type":"mine","time":173.75},{"angle":157.5,"type":"mine","time":173.625},{"angle":157.5,"type":"mine","time":173.5},{"angle":157.5,"type":"mine","time":173.375},{"angle":157.5,"type":"mine","time":173.25},{"angle":157.5,"type":"mine","time":173.125},{"angle":450,"type":"mine","time":172},{"angle":450,"type":"mine","time":172.875},{"angle":450,"type":"mine","time":172.75},{"angle":450,"type":"mine","time":172.625},{"angle":450,"type":"mine","time":172.5},{"angle":450,"type":"mine","time":172.375},{"angle":450,"type":"mine","time":172.25},{"angle":450,"type":"mine","time":172.125},{"angle":213.75,"type":"mine","time":174},{"angle":213.75,"type":"mine","time":174.875},{"angle":213.75,"type":"mine","time":174.75},{"angle":213.75,"type":"mine","time":174.625},{"angle":213.75,"type":"mine","time":174.5},{"angle":213.75,"type":"mine","time":174.375},{"angle":213.75,"type":"mine","time":174.25},{"angle":213.75,"type":"mine","time":174.125},{"angle":236.25,"type":"mine","time":174},{"angle":236.25,"type":"mine","time":174.875},{"angle":236.25,"type":"mine","time":174.75},{"angle":236.25,"type":"mine","time":174.625},{"angle":236.25,"type":"mine","time":174.5},{"angle":236.25,"type":"mine","time":174.375},{"angle":236.25,"type":"mine","time":174.25},{"angle":236.25,"type":"mine","time":174.125},{"angle":191.25,"type":"mine","time":174},{"angle":191.25,"type":"mine","time":174.875},{"angle":191.25,"type":"mine","time":174.75},{"angle":191.25,"type":"mine","time":174.625},{"angle":191.25,"type":"mine","time":174.5},{"angle":191.25,"type":"mine","time":174.375},{"angle":191.25,"type":"mine","time":174.25},{"angle":191.25,"type":"mine","time":174.125},{"angle":270,"type":"mine","time":175},{"angle":270,"type":"mine","time":175.875},{"angle":270,"type":"mine","time":175.75},{"angle":270,"type":"mine","time":175.625},{"angle":270,"type":"mine","time":175.5},{"angle":270,"type":"mine","time":175.375},{"angle":270,"type":"mine","time":175.25},{"angle":270,"type":"mine","time":175.125},{"angle":292.5,"type":"mine","time":175},{"angle":292.5,"type":"mine","time":175.875},{"angle":292.5,"type":"mine","time":175.75},{"angle":292.5,"type":"mine","time":175.625},{"angle":292.5,"type":"mine","time":175.5},{"angle":292.5,"type":"mine","time":175.375},{"angle":292.5,"type":"mine","time":175.25},{"angle":292.5,"type":"mine","time":175.125},{"angle":315,"type":"mine","time":175},{"angle":315,"type":"mine","time":175.875},{"angle":315,"type":"mine","time":175.75},{"angle":315,"type":"mine","time":175.625},{"angle":315,"type":"mine","time":175.5},{"angle":315,"type":"mine","time":175.375},{"angle":315,"type":"mine","time":175.25},{"angle":315,"type":"mine","time":175.125},{"angle":337.5,"type":"mine","time":175},{"angle":337.5,"type":"mine","time":175.875},{"angle":337.5,"type":"mine","time":175.75},{"angle":337.5,"type":"mine","time":175.625},{"angle":337.5,"type":"mine","time":175.5},{"angle":337.5,"type":"mine","time":175.375},{"angle":337.5,"type":"mine","time":175.25},{"angle":337.5,"type":"mine","time":175.125},{"time":186.125,"angle2":270,"type":"hold","angle":315,"endTap":true,"duration":0.125},{"type":"block","time":62,"angle":225,"tap":true}]