{"events":[{"file":"792908_Guardian-of-The-Former-Sea.ogg","type":"play","bpm":95,"angle":292.5,"volume":1,"time":0},{"b":0,"time":64,"description":"","g":0,"name":"Guitar start","angle":315,"type":"bookmark","r":0},{"b":0,"time":32,"description":"","g":0,"name":"intro end","angle":157.5,"type":"bookmark","r":0},{"b":0,"time":112,"description":"","g":0,"name":"drums start","angle":225,"type":"bookmark","r":0},{"b":0,"time":160,"description":"","g":0,"name":"fast part","angle":292.5,"type":"bookmark","r":0},{"type":"paddles","duration":0,"newWidth":40,"ease":"linear","angle":247.5,"time":12.75,"paddle":1},{"type":"paddles","duration":0,"newWidth":70,"ease":"linear","angle":292.5,"time":14.25,"paddle":1},{"start":2.5,"type":"ease","angle":157.5,"order":0,"value":2.5,"time":-10,"var":"scrollSpeed"},{"newAngle":180,"angle":315,"paddle":2,"type":"paddles","ease":"linear","time":52,"enabled":true,"duration":0},{"time":56,"paddle":2,"type":"paddles","ease":"linear","angle":315,"enabled":false,"duration":0},{"type":"paddles","duration":0,"newWidth":40,"ease":"linear","angle":360,"time":69.5,"paddle":1},{"type":"paddles","duration":0,"newWidth":70,"ease":"linear","angle":45,"time":75,"paddle":1},{"type":"paddles","duration":0,"newWidth":20,"ease":"linear","angle":236.25,"time":84,"paddle":1},{"type":"paddles","duration":0,"newWidth":70,"ease":"linear","angle":236.25,"time":86.25,"paddle":1},{"type":"paddles","duration":0,"newWidth":70,"ease":"linear","angle":247.5,"time":86.25,"paddle":1},{"type":"paddles","duration":0,"newWidth":70,"ease":"linear","angle":258.75,"time":86.25,"paddle":1},{"type":"paddles","duration":0,"newWidth":70,"ease":"linear","angle":303.75,"time":86.25,"paddle":1},{"type":"paddles","duration":0,"newWidth":70,"ease":"linear","angle":225,"time":86.25,"paddle":1},{"type":"paddles","duration":0,"newWidth":70,"ease":"linear","angle":281.25,"time":86.25,"paddle":1},{"type":"paddles","duration":0,"newWidth":70,"ease":"linear","angle":292.5,"time":86.25,"paddle":1},{"value":550,"type":"ease","ease":"outQuad","var":"p.x","time":110,"angle":225,"duration":1.5},{"value":300,"type":"ease","ease":"outQuad","var":"p.x","time":124,"angle":303.75,"duration":1.5},{"newAngle":180,"angle":270,"paddle":2,"type":"paddles","ease":"linear","time":124,"enabled":true,"duration":0},{"duration":0,"type":"paddles","ease":"linear","time":128,"angle":281.25,"paddle":1},{"duration":0,"type":"paddles","ease":"linear","time":128,"angle":292.5,"paddle":2},{"b":0,"time":124,"description":"","g":0,"name":"scroll speed change","angle":281.25,"type":"bookmark","r":0},{"newAngle":0,"newWidth":70,"time":158,"paddle":2,"type":"paddles","ease":"linear","angle":315,"duration":0},{"type":"paddles","duration":0,"newWidth":70,"ease":"linear","angle":292.5,"time":158,"paddle":1},{"type":"paddles","duration":0,"newWidth":60,"ease":"linear","angle":281.25,"time":172,"paddle":1},{"type":"paddles","duration":0,"newWidth":60,"ease":"linear","angle":292.5,"time":172,"paddle":2},{"type":"paddles","duration":0,"newWidth":80,"ease":"linear","angle":225,"time":172.875,"paddle":2},{"type":"paddles","duration":0,"newWidth":80,"ease":"linear","angle":247.5,"time":172.875,"paddle":1},{"type":"paddles","duration":0,"newWidth":120,"ease":"linear","angle":67.5,"time":174.875,"paddle":1},{"type":"paddles","duration":0,"newWidth":120,"ease":"linear","angle":78.75,"time":174.875,"paddle":2},{"type":"paddles","duration":0,"newWidth":100,"ease":"linear","angle":360,"time":173.875,"paddle":2},{"type":"paddles","duration":0,"newWidth":100,"ease":"linear","angle":348.75,"time":173.875,"paddle":1},{"type":"paddles","duration":0,"newWidth":70,"ease":"linear","angle":168.75,"time":176,"paddle":1},{"newWidth":70,"time":176,"paddle":2,"type":"paddles","ease":"linear","angle":180,"enabled":false,"duration":0},{"var":"scrollSpeed","type":"ease","angle":247.5,"start":1.5,"value":3,"time":160,"duration":30},{"type":"ease","var":"scrollSpeed","time":190,"value":2.5,"angle":258.75},{"b":0,"time":128,"description":"","g":0,"name":"Double Hold","angle":303.75,"type":"bookmark","r":0},{"angle":292.5,"type":"showResults","time":192},{"value":1.5,"var":"scrollSpeed","type":"ease","ease":"linear","start":2.5,"angle":225,"time":124,"duration":3},{"type":"setBgColor","color":1,"time":-10,"angle":180},{"type":"outline","color":2,"time":-10,"angle":202.5,"enable":true},{"r":255,"b":255,"type":"setColor","color":2,"angle":225,"time":-10,"g":255},{"b":16,"time":20.75,"duration":11.25,"g":50,"type":"setColor","ease":"linear","color":1,"angle":112.5,"r":99},{"type":"noise","color":3,"chance":0.060999996960163,"time":32,"angle":202.5},{"type":"hom","order":0,"time":-9.75,"angle":247.5,"enable":true},{"type":"noise","color":1,"chance":0.010999999940395,"time":-9.75,"angle":270},{"r":0,"b":0,"type":"setColor","color":2,"angle":112.5,"time":32,"g":0},{"r":255,"b":0,"type":"setColor","color":1,"angle":180,"time":32,"g":120},{"r":220,"b":99,"type":"setColor","color":3,"angle":225,"time":32,"g":177},{"type":"outline","color":1,"time":32,"angle":247.5,"enable":true},{"type":"noise","color":2,"chance":0.20000000298023,"time":96,"angle":0},{"type":"noise","color":3,"chance":0.060999996960163,"time":128,"angle":315}],"metadata":{"bgData":{"yellowChannel":{"b":127,"g":127,"r":255},"magentaChannel":{"b":127,"g":127,"r":127},"cyanChannel":{"b":255,"g":255,"r":127},"image":"dsresprite.png","redChannel":{"b":0,"g":0,"r":127},"blueChannel":{"b":0,"g":0,"r":0},"greenChannel":{"b":0,"g":127,"r":127}},"artistLink":"https://open.spotify.com/artist/2NHvG0lx27x07cSzMn51KO?si=S1uSEQw2RMCEM4LapWosDw","bg":true,"artist":"DM Dokuro","charter":"JC","difficulty":0,"description":"For all the Calamity fans! Theme of the Aquatic Scourge's jerkified cousin, the Desert Scourge.","songName":"Guardian of the Former Seas"},"properties":{"formatversion":13,"speed":70,"startingBeat":-2,"loadBeat":-1,"offset":10,"startBeat":0}}