[{"angle":67.5,"time":2.5,"type":"block"},{"angle":90,"time":3.25,"type":"block"},{"angle":112.5,"time":4,"type":"block"},{"angle":135,"time":4.75,"type":"block"},{"angle":180,"time":5.5,"type":"block"},{"angle":202.5,"time":6.25,"type":"block"},{"angle":270,"tap":true,"time":7,"type":"block"},{"angle":285,"time":7.75,"type":"block"},{"angle":300,"endTap":true,"angle2":405,"time":8.5,"type":"hold","duration":3},{"angle":150,"tap":true,"time":13,"type":"block"},{"angle":135,"tap":true,"time":13,"type":"block"},{"angle":90,"tap":true,"time":14,"type":"block"},{"angle":165,"tap":true,"time":15,"type":"block"},{"angle":150,"tap":true,"time":15,"type":"block"},{"angle":105,"tap":true,"time":14,"type":"block"},{"angle":180,"tap":true,"time":16,"type":"block"},{"angle":195,"tap":true,"time":16,"type":"block"},{"angle":225,"tap":true,"time":17,"type":"block"},{"angle":240,"tap":true,"time":17,"type":"block"},{"angle":270,"tap":true,"time":18,"type":"block"},{"angle":285,"tap":true,"time":18,"type":"block"},{"angle":225,"time":19,"type":"block"},{"angle":225,"tap":true,"time":19.5,"type":"block"},{"angle":210,"tap":true,"time":19.5,"type":"block"},{"angle":210,"time":19,"type":"block"},{"angle":195,"time":20.25,"type":"block"},{"angle":165,"time":21,"type":"block"},{"angle":135,"time":22,"type":"block"},{"angle":165,"time":23,"type":"block"},{"angle":210,"time":24,"type":"block"},{"angle":225,"time":24.5,"type":"block"},{"angle":240,"time":25,"type":"block"},{"angle":270,"tap":true,"time":25.5,"type":"block"},{"angle":285,"tap":true,"time":25.5,"type":"block"},{"angle":285,"time":26,"type":"block"},{"angle":270,"time":26,"type":"block"},{"angle":285,"tap":true,"time":26.5,"type":"block"},{"angle":270,"tap":true,"time":26.5,"type":"block"},{"angle":285,"time":27,"type":"block"},{"angle":270,"time":27,"type":"block"},{"angle":345,"endTap":true,"angle2":330,"time":29,"type":"hold","duration":1},{"angle":300,"angle2":345,"time":27.5,"duration":1.5,"type":"hold"},{"startTap":true,"duration":1,"angle2":375,"time":31,"type":"hold","angle":330},{"angle":60,"tap":true,"time":33,"type":"block","speedMult":1.5000004768372},{"angle":105,"tap":true,"time":34,"type":"block","speedMult":1.4999995231628},{"startTap":true,"duration":0.5,"angle2":165,"time":35.5,"type":"hold","angle":150},{"angle":225,"tap":true,"time":37,"type":"block"},{"angle":255,"tap":true,"time":38,"type":"block"},{"startTap":true,"duration":0.5,"angle2":300,"time":39.5,"type":"hold","angle":285},{"angle":0,"tap":true,"time":42,"type":"block"},{"angle":330,"tap":true,"time":41,"type":"block"},{"angle":90,"time":43.5,"type":"extraTap"},{"angle":330,"time":43.5,"type":"mine"},{"angle":292.5,"time":43.5,"type":"mine"},{"angle":247.5,"time":43.5,"type":"mine"},{"angle":202.5,"time":43.5,"type":"mine"},{"angle":157.5,"time":43.5,"type":"mine"},{"angle":22.5,"time":43.5,"type":"mine"},{"angle":180,"time":45,"type":"block"},{"angle":225,"time":46,"type":"block"},{"angle":285,"time":47,"type":"block"},{"angle":315,"time":48,"type":"block"},{"angle":15,"tap":true,"time":49,"type":"block"},{"angle":30,"tap":true,"time":49,"type":"block"},{"angle":15,"tap":true,"time":50,"type":"block"},{"angle":30,"tap":true,"time":50,"type":"block"},{"angle":105,"time":52,"type":"block"},{"angle":75,"time":51.5,"type":"block"},{"angle":165,"tap":true,"time":53,"type":"block"},{"angle":210,"tap":true,"time":54,"type":"block"},{"angle":270,"time":55,"type":"block"},{"angle":225,"time":56,"type":"block"},{"angle":210,"time":56.5,"type":"block"},{"angle":195,"tap":true,"time":57,"type":"block"},{"angle":180,"tap":true,"time":57,"type":"block"},{"angle":180,"endTap":true,"startTap":true,"angle2":90,"time":58,"type":"hold","duration":1.5},{"angle":45,"time":60.5,"type":"block"},{"startTap":true,"duration":0.5,"angle2":90,"time":61.5,"type":"hold","angle":75},{"startTap":true,"duration":0.5,"angle2":150,"time":62.5,"type":"hold","angle":135},{"angle":180,"tap":true,"time":63.5,"type":"block"},{"angle":225,"tap":true,"time":64.5,"type":"block"},{"startTap":true,"duration":2,"angle2":360,"time":65.5,"type":"hold","angle":270},{"angle":75,"time":68.5,"type":"block"},{"angle":90,"time":69.5,"type":"block"},{"angle":120,"time":70,"type":"block"},{"angle":150,"time":70.5,"type":"block"},{"angle":165,"time":71,"type":"block"},{"angle":180,"tap":true,"time":71.5,"type":"block"},{"angle":270,"tap":true,"time":73.5,"type":"block"},{"angle":240,"tap":true,"time":72.5,"type":"block"},{"angle":300,"tap":true,"time":74.5,"type":"block"},{"angle":345,"time":76,"type":"block"},{"angle":360,"time":76.5,"type":"block"},{"angle":15,"time":77,"type":"block"},{"startTap":true,"duration":0.5,"angle2":60,"time":77.5,"type":"hold","angle":60},{"startTap":true,"duration":0.5,"angle2":90,"time":79,"type":"hold","angle":75},{"angle":120,"tap":true,"time":80.5,"type":"block"},{"angle":135,"tap":true,"time":80.5,"type":"block"},{"angle":150,"tap":true,"time":81.5,"type":"block"},{"angle":165,"tap":true,"time":81.5,"type":"block"},{"angle":180,"endTap":true,"startTap":true,"angle2":240,"time":82.5,"type":"hold","duration":1},{"angle":270,"endTap":true,"startTap":true,"angle2":315,"time":84.5,"type":"hold","duration":1},{"angle":0,"time":86.5,"type":"block"},{"angle":15,"time":87,"type":"block"},{"startTap":true,"duration":0.75,"angle2":60,"time":87.5,"type":"hold","angle":30},{"startTap":true,"duration":0.75,"angle2":45,"time":89,"type":"hold","angle":75},{"angle":60,"time":11.5,"type":"extraTap"},{"angle":0,"time":91.5,"type":"block"},{"angle":345,"time":92,"type":"block"},{"angle":315,"tap":true,"time":92.5,"type":"block"},{"angle":315,"time":93,"type":"block"},{"angle":285,"time":93.5,"type":"block"},{"angle":270,"angle2":240,"time":94.5,"duration":0.5,"type":"hold"},{"angle":210,"tap":true,"time":95.5,"type":"block"},{"angle":195,"time":96,"type":"block"},{"angle":180,"endTap":true,"angle2":135,"time":96.5,"type":"hold","duration":1},{"angle":180,"time":99.5,"type":"block"},{"angle":195,"time":100,"type":"block"},{"angle":240,"time":100.5,"type":"block"},{"angle":225,"tap":true,"time":100.5,"type":"block"},{"angle":240,"tap":true,"time":100.5,"type":"block"},{"angle":270,"time":101.5,"type":"block"},{"angle":285,"time":102,"type":"block"},{"angle":315,"time":102.5,"type":"block"},{"angle":285,"time":103,"type":"block"},{"angle":255,"tap":true,"time":103.5,"type":"block"},{"angle":120,"tap":true,"time":105.5,"type":"block"},{"angle":180,"tap":true,"time":104.5,"type":"block"},{"angle":105,"endTap":true,"angle2":90,"time":107,"type":"hold","duration":0.5},{"angle":75,"endTap":true,"angle2":45,"time":108.5,"type":"hold","duration":0.5},{"angle":360,"endTap":true,"angle2":330,"time":109.5,"type":"hold","duration":1},{"angle":300,"endTap":true,"angle2":270,"time":111,"type":"hold","duration":0.75},{"angle":225,"angle2":195,"time":112.5,"duration":0.5,"type":"hold"},{"angle":195,"tap":true,"time":113.5,"type":"block"},{"angle":180,"tap":true,"time":113.5,"type":"block"},{"angle":180,"tap":true,"time":114.5,"type":"block"},{"angle":165,"tap":true,"time":114.5,"type":"block"},{"angle":135,"time":115.5,"type":"block"},{"angle":90,"time":117,"type":"block"},{"angle":60,"endTap":true,"angle2":15,"time":117.5,"type":"hold","duration":1.5},{"angle":15,"angle2":45,"time":119,"duration":0.75,"type":"hold"},{"angle":360,"time":121,"type":"block"},{"angle":345,"time":121.5,"type":"block"},{"startTap":true,"duration":1,"angle2":270,"time":122.5,"type":"hold","angle":300},{"angle":270,"angle2":240,"time":123.5,"duration":1,"type":"hold"},{"angle":240,"angle2":210,"time":124.5,"duration":1,"type":"hold"},{"angle":210,"angle2":180,"time":125.5,"duration":1,"type":"hold"},{"angle":180,"angle2":150,"time":126.5,"duration":1,"type":"hold"},{"angle":150,"angle2":120,"time":127.5,"duration":1,"type":"hold"},{"angle":255,"time":123.5,"type":"extraTap"},{"angle":225,"time":124.5,"type":"extraTap"},{"angle":195,"time":125.5,"type":"extraTap"},{"angle":165,"time":126.5,"type":"extraTap"},{"angle":135,"time":127.5,"type":"extraTap"},{"angle":135,"time":128.5,"type":"extraTap"},{"angle":105,"time":129.5,"type":"block"},{"angle":90,"time":130.5,"type":"block"},{"startTap":true,"duration":2,"angle2":15,"time":131.5,"type":"hold","angle":60},{"angle":360,"tap":true,"time":134.5,"type":"block"},{"angle":360,"time":135,"type":"block"},{"angle":292.5,"time":134.5,"type":"mine"},{"angle":67.5,"time":134.5,"type":"mine"},{"angle":135,"time":134.5,"type":"mine"},{"angle":225,"time":134.5,"type":"mine"},{"angle":180,"time":134.5,"type":"mine"},{"angle":247.5,"time":134.5,"type":"mine"},{"angle":112.5,"time":134.5,"type":"mine"},{"angle":90,"time":134.5,"type":"mine"},{"angle":270,"time":134.5,"type":"mine"},{"angle":67.5,"time":135,"type":"mine"},{"angle":90,"time":135,"type":"mine"},{"angle":112.5,"time":135,"type":"mine"},{"angle":135,"time":135,"type":"mine"},{"angle":180,"time":135,"type":"mine"},{"angle":202.5,"time":135,"type":"mine"},{"angle":157.5,"time":135,"type":"mine"},{"angle":157.5,"time":134.5,"type":"mine"},{"angle":202.5,"time":134.5,"type":"mine"},{"angle":225,"time":135,"type":"mine"},{"angle":247.5,"time":135,"type":"mine"},{"angle":270,"time":135,"type":"mine"},{"angle":292.5,"time":135,"type":"mine"},{"angle":270,"time":136,"type":"mine"},{"angle":225,"time":136,"type":"mine"},{"angle":180,"time":136,"type":"mine"},{"angle":135,"time":136,"type":"mine"},{"angle":90,"time":136,"type":"mine"},{"angle":0,"time":137.5,"type":"block"},{"angle":337.5,"time":138,"type":"block"},{"angle":315,"time":138.5,"type":"block"},{"angle":292.5,"time":139,"type":"block"},{"angle":281.25,"tap":true,"time":139.5,"type":"block"},{"angle":270,"tap":true,"time":139.5,"type":"block"},{"angle":0,"time":139.5,"type":"mine"},{"angle":90,"time":139.5,"type":"mine"},{"angle":180,"time":139.5,"type":"mine"},{"angle":135,"time":139.5,"type":"mine"},{"angle":45,"time":139.5,"type":"mine"},{"angle":315,"tap":true,"time":140.5,"type":"block"},{"angle":330,"time":140.5,"type":"block"},{"angle":330,"tap":true,"time":140.5,"type":"block"},{"angle":0,"time":141.5,"type":"block"},{"angle":345,"time":142,"type":"block"},{"angle":300,"time":142.5,"type":"block"},{"angle":270,"time":143,"type":"block"},{"angle":240,"tap":true,"time":143.5,"type":"block"},{"angle":240,"time":144,"type":"block"},{"startTap":true,"duration":1,"angle2":210,"time":144.5,"type":"hold","angle":240},{"angle":180,"angle2":135,"time":147,"duration":0.75,"type":"hold"},{"angle":135,"angle2":165,"time":149,"duration":0.5,"type":"hold"},{"angle":165,"endTap":true,"angle2":105,"time":149.5,"type":"hold","duration":1},{"angle":60,"endTap":true,"angle2":105,"time":151.5,"type":"hold","duration":1.5},{"angle":105,"angle2":60,"time":153,"duration":0.75,"type":"hold"},{"angle":45,"time":155.5,"type":"block"},{"angle":0,"endTap":true,"angle2":-30,"time":156.5,"type":"hold","duration":1},{"angle":270,"endTap":true,"angle2":240,"time":158.5,"type":"hold","duration":1},{"angle":90,"angle2":60,"time":156.5,"duration":1,"type":"mineHold"},{"angle":360,"angle2":330,"time":158.5,"duration":1,"type":"mineHold"},{"angle":180,"endTap":true,"angle2":150,"time":160.5,"type":"hold","duration":1},{"angle":270,"angle2":240,"time":160.5,"duration":1,"type":"mineHold"},{"angle":180,"angle2":150,"time":156.5,"duration":1,"type":"mineHold"},{"angle":270,"angle2":240,"time":156.5,"duration":1,"type":"mineHold"},{"angle":90,"angle2":60,"time":158.5,"duration":1,"type":"mineHold"},{"angle":180,"angle2":150,"time":158.5,"duration":1,"type":"mineHold"},{"angle":360,"angle2":330,"time":160.5,"duration":1,"type":"mineHold"},{"angle":90,"angle2":60,"time":160.5,"duration":1,"type":"mineHold"},{"angle":90,"angle2":30,"time":163,"duration":0.75,"type":"hold"},{"angle":360,"time":164.5,"type":"block"},{"angle":315,"time":165.5,"type":"block"},{"angle":270,"tap":true,"time":166.5,"type":"block"},{"angle":255,"tap":true,"time":166.5,"type":"block"},{"angle":255,"angle2":225,"time":167.25,"duration":1.75,"type":"hold"},{"angle":270,"angle2":240,"time":167.25,"duration":1.75,"type":"hold"},{"angle":210,"time":169.5,"type":"block"},{"angle":225,"time":169.25,"type":"block"},{"angle":180,"time":170,"type":"block"},{"angle":150,"time":170.5,"type":"block"},{"angle":120,"time":171,"type":"block"},{"angle":120,"angle2":150,"time":171.5,"duration":0.5,"type":"hold"},{"angle":165,"tap":true,"time":172.5,"type":"block"},{"angle":150,"tap":true,"time":172.5,"type":"block"},{"angle":180,"time":173.5,"type":"block"},{"angle":195,"time":174,"type":"block"},{"angle":210,"time":174.5,"type":"block"},{"angle":225,"time":175,"type":"block"},{"angle":240,"time":175.5,"type":"block"},{"angle":270,"endTap":true,"angle2":285,"time":176.5,"type":"hold","duration":1},{"angle":255,"time":176,"type":"block"},{"angle":0,"time":173.5,"type":"mine"},{"angle":30,"time":174.5,"type":"mine"},{"angle":15,"time":174,"type":"mine"},{"angle":60,"time":175.5,"type":"mine"},{"angle":45,"time":175,"type":"mine"},{"angle":75,"time":176,"type":"mine"},{"angle":90,"angle2":105,"time":176.5,"duration":1,"type":"mineHold"},{"angle":75,"tap":true,"time":43.5,"type":"block"},{"angle":105,"tap":true,"time":43.5,"type":"block"},{"angle":300,"angle2":330,"time":179,"duration":0.75,"type":"hold"},{"angle":0,"time":181,"type":"block"},{"angle":45,"endTap":true,"angle2":75,"time":181.5,"type":"hold","duration":1},{"angle":135,"endTap":true,"angle2":135,"time":183.5,"type":"hold","duration":1.5},{"angle":150,"endTap":true,"angle2":150,"time":183.5,"type":"hold","duration":1.5},{"angle":150,"time":185.5,"type":"block"},{"angle":135,"time":185.5,"type":"block"},{"angle":285,"angle2":285,"time":188,"duration":1,"type":"mineHold"},{"angle":300,"angle2":300,"time":188,"duration":1,"type":"mineHold"},{"angle":315,"angle2":315,"time":188,"duration":1,"type":"mineHold"},{"angle":330,"angle2":330,"time":188,"duration":1,"type":"mineHold"},{"angle":345,"angle2":345,"time":188,"duration":1,"type":"mineHold"},{"angle":360,"angle2":360,"time":188,"duration":1,"type":"mineHold"},{"angle":15,"angle2":15,"time":188,"duration":1,"type":"mineHold"},{"angle":30,"angle2":30,"time":188,"duration":1,"type":"mineHold"},{"angle":45,"angle2":45,"time":188,"duration":1,"type":"mineHold"},{"angle":60,"angle2":60,"time":188,"duration":1,"type":"mineHold"},{"angle":75,"angle2":75,"time":188,"duration":1,"type":"mineHold"},{"angle":195,"tap":true,"time":187.5,"type":"block"},{"angle":165,"tap":true,"time":187.5,"type":"block"},{"angle":195,"endTap":true,"startTap":true,"angle2":195,"time":188.5,"type":"hold","duration":1},{"angle":165,"endTap":true,"startTap":true,"angle2":165,"time":188.5,"type":"hold","duration":1},{"angle":135,"time":187.5,"type":"mine"},{"angle":225,"time":187.5,"type":"mine"},{"angle":255,"time":187.5,"type":"mine"},{"angle":105,"time":187.5,"type":"mine"},{"angle":75,"time":187.5,"type":"mine"},{"angle":285,"time":187.5,"type":"mine"},{"angle":315,"time":187.5,"type":"mine"},{"angle":345,"time":187.5,"type":"mine"},{"angle":15,"time":187.5,"type":"mine"},{"angle":45,"time":187.5,"type":"mine"},{"angle":180,"endTap":true,"angle2":120,"time":190.5,"type":"hold","duration":1},{"angle":90,"time":192.5,"type":"block"},{"angle":45,"time":193,"type":"block"},{"angle":360,"time":193.5,"type":"block"},{"angle":270,"angle2":330,"time":190.5,"duration":1,"type":"mineHold"},{"angle":90,"angle2":30,"time":190.5,"duration":1,"type":"mineHold"},{"angle":0,"angle2":0,"time":190.5,"duration":1,"type":"mineHold"},{"angle":315,"angle2":345,"time":190.5,"duration":1,"type":"mineHold"},{"angle":45,"angle2":15,"time":190.5,"duration":1,"type":"mineHold"},{"angle":180,"time":193.5,"type":"mine"},{"angle":225,"time":193.5,"type":"mine"},{"angle":135,"time":193.5,"type":"mine"},{"angle":90,"time":193.5,"type":"mine"},{"angle":270,"time":193.5,"type":"mine"},{"angle":345,"angle2":360,"time":193.5,"duration":1,"type":"hold"},{"angle":15,"angle2":0,"time":193.5,"duration":1,"type":"hold"},{"angle":360,"angle2":450,"time":195.5,"duration":1,"type":"hold"},{"angle":180,"angle2":270,"time":197.5,"duration":1,"type":"hold"},{"angle":345,"tap":true,"time":199.5,"type":"block"},{"angle":15,"tap":true,"time":199.5,"type":"block"},{"angle":30,"tap":true,"time":200.5,"type":"block"},{"angle":45,"tap":true,"time":200.5,"type":"block"},{"angle":75,"tap":true,"time":201.5,"type":"block"},{"angle":90,"time":201.5,"type":"block"},{"angle":90,"tap":true,"time":201.5,"type":"block"},{"angle":120,"time":203.5,"type":"extraTap"},{"angle":150,"angle2":180,"time":203.5,"duration":1,"type":"hold"},{"angle":165,"angle2":195,"time":203.5,"duration":1,"type":"hold"},{"angle":255,"endTap":true,"angle2":255,"time":205.5,"type":"hold","duration":1},{"angle":270,"endTap":true,"angle2":270,"time":205.5,"type":"hold","duration":1},{"angle":270,"time":207.5,"type":"block"},{"angle":255,"tap":true,"time":207.5,"type":"block"},{"angle":270,"tap":true,"time":207.5,"type":"block"},{"angle":315,"tap":true,"time":209.5,"type":"block"},{"angle":0,"endTap":true,"startTap":true,"angle2":0,"time":210.5,"type":"hold","duration":1},{"angle":105,"tap":true,"time":213,"type":"block"},{"angle":180,"tap":true,"time":214,"type":"block"},{"angle":120,"tap":true,"time":215,"type":"block"},{"angle":60,"tap":true,"time":216,"type":"block"},{"angle":15,"tap":true,"time":217,"type":"block"},{"angle":345,"tap":true,"time":217,"type":"block"},{"angle":15,"tap":true,"time":218,"type":"block"},{"angle":345,"tap":true,"time":218,"type":"block"},{"angle":300,"time":219.5,"type":"block"},{"angle":285,"time":220,"type":"block"},{"angle":240,"tap":true,"time":221,"type":"block"},{"angle":225,"tap":true,"time":221,"type":"block"},{"angle":210,"time":222,"type":"block"},{"angle":195,"tap":true,"time":222,"type":"block"},{"angle":210,"tap":true,"time":222,"type":"block"},{"angle":165,"time":223.5,"type":"block"},{"angle":150,"time":224,"type":"block"},{"angle":75,"tap":true,"time":225,"type":"block"},{"angle":105,"tap":true,"time":225,"type":"block"},{"angle":30,"time":226,"type":"block"},{"angle":45,"tap":true,"time":226,"type":"block"},{"angle":30,"tap":true,"time":226,"type":"block"},{"angle":105,"tap":true,"time":227.5,"type":"block"},{"angle":75,"time":227.5,"type":"block"},{"angle":75,"tap":true,"time":227.5,"type":"block"},{"angle":150,"tap":true,"time":229,"type":"block"},{"angle":165,"tap":true,"time":229,"type":"block"},{"angle":165,"tap":true,"time":230,"type":"block"},{"angle":195,"tap":true,"time":230,"type":"block"},{"angle":225,"tap":true,"time":231,"type":"block"},{"angle":240,"tap":true,"time":231,"type":"block"},{"angle":255,"tap":true,"time":232,"type":"block"},{"angle":285,"tap":true,"time":232,"type":"block"},{"angle":315,"tap":true,"time":233,"type":"block"},{"angle":330,"tap":true,"time":233,"type":"block"},{"angle":345,"tap":true,"time":234,"type":"block"},{"angle":15,"tap":true,"time":234,"type":"block"},{"angle":45,"time":235.5,"type":"block"},{"angle":75,"time":236,"type":"block"},{"angle":135,"tap":true,"time":237,"type":"block"},{"angle":150,"tap":true,"time":237,"type":"block"},{"angle":165,"tap":true,"time":238,"type":"block"},{"angle":195,"tap":true,"time":238,"type":"block"},{"angle":195,"tap":true,"time":239,"type":"block"},{"angle":165,"tap":true,"time":239,"type":"block"},{"angle":210,"time":240,"type":"block"},{"angle":240,"tap":true,"time":241,"type":"block"},{"angle":255,"tap":true,"time":241,"type":"block"},{"angle":255,"endTap":true,"startTap":true,"angle2":255,"time":242,"type":"hold","duration":1},{"angle":240,"endTap":true,"startTap":true,"angle2":240,"time":242,"type":"hold","duration":1},{"angle":300,"angle2":300,"time":242,"duration":1,"type":"mineHold"},{"angle":315,"angle2":315,"time":242,"duration":1,"type":"mineHold"},{"angle":330,"angle2":330,"time":242,"duration":1,"type":"mineHold"},{"angle":345,"angle2":345,"time":242,"duration":1,"type":"mineHold"},{"angle":0,"angle2":0,"time":242,"duration":1,"type":"mineHold"},{"angle":15,"angle2":15,"time":242,"duration":1,"type":"mineHold"},{"angle":30,"angle2":30,"time":242,"duration":1,"type":"mineHold"},{"angle":45,"angle2":45,"time":242,"duration":1,"type":"mineHold"},{"angle":60,"angle2":60,"time":242,"duration":1,"type":"mineHold"},{"angle":75,"angle2":75,"time":242,"duration":1,"type":"mineHold"},{"angle":90,"angle2":90,"time":242,"duration":1,"type":"mineHold"},{"angle":105,"angle2":105,"time":242,"duration":1,"type":"mineHold"},{"angle":120,"angle2":120,"time":242,"duration":1,"type":"mineHold"},{"angle":135,"angle2":135,"time":242,"duration":1,"type":"mineHold"},{"angle":150,"angle2":150,"time":242,"duration":1,"type":"mineHold"},{"angle":165,"angle2":165,"time":242,"duration":1,"type":"mineHold"},{"angle":180,"angle2":180,"time":242,"duration":1,"type":"mineHold"},{"angle":195,"angle2":195,"time":242,"duration":1,"type":"mineHold"},{"angle":240,"time":240.5,"type":"block"},{"angle":90,"angle2":90,"time":203.5,"type":"mineHold","duration":1},{"angle":270,"angle2":270,"time":203.5,"type":"mineHold","duration":1},{"angle":315,"angle2":315,"time":203.5,"type":"mineHold","duration":1},{"angle":45,"angle2":45,"time":203.5,"type":"mineHold","duration":1},{"angle":360,"angle2":360,"time":203.5,"type":"mineHold","duration":1},{"angle":15,"endTap":true,"startTap":true,"angle2":15,"time":210.5,"type":"hold","duration":1}]