{"properties":{"speed":70,"startBeat":0,"formatversion":12,"offset":8},"events":[{"angle":337.5,"bpm":171,"volume":1,"time":0,"type":"play","file":"zankyosanka.ogg"},{"angle":22.5,"color":1,"time":0.5,"type":"setBgColor"},{"angle":22.5,"color":0,"time":1.5,"type":"setBgColor"},{"angle":225,"color":0,"time":25,"type":"setBgColor"},{"b":255,"angle":360,"g":255,"time":1.5,"r":255,"type":"setColor","color":0},{"angle":270,"g":68,"r":251,"ease":"inSine","b":20,"type":"setColor","color":0,"time":8.5,"duration":2.75},{"b":0,"angle":15,"color":0,"time":11.5,"r":0,"type":"setColor","g":0},{"b":10,"angle":345,"color":1,"time":11.5,"r":225,"type":"setColor","g":50},{"angle":180,"g":43,"r":142,"ease":"linear","b":64,"type":"setColor","color":0,"time":24,"duration":0.5},{"angle":150,"g":221,"r":248,"ease":"linear","b":110,"type":"setColor","color":1,"time":24,"duration":0.5},{"angle":135,"g":32,"r":34,"ease":"linear","b":31,"type":"setColor","color":0,"time":43.5,"duration":0.5},{"angle":120,"g":176,"r":70,"ease":"linear","b":119,"type":"setColor","color":1,"time":43.5,"duration":0.5},{"angle":120,"g":162,"r":255,"ease":"linear","b":55,"type":"setColor","color":0,"time":68.5,"duration":0.5},{"angle":105,"g":255,"r":249,"ease":"linear","b":94,"type":"setColor","color":1,"time":68.5,"duration":0.5},{"angle":150,"g":64,"r":52,"ease":"linear","b":87,"type":"setColor","color":0,"time":82.5,"duration":0.5},{"angle":135,"g":158,"r":206,"ease":"linear","b":115,"type":"setColor","color":1,"time":82.5,"duration":0.5},{"angle":15,"g":187,"r":246,"ease":"linear","b":190,"type":"setColor","color":0,"time":91.5,"duration":0.5},{"angle":30,"g":103,"r":197,"ease":"linear","b":66,"type":"setColor","color":1,"time":91.5,"duration":0.5},{"angle":75,"g":32,"r":34,"ease":"linear","b":31,"type":"setColor","color":0,"time":107,"duration":0.5},{"angle":60,"g":176,"r":70,"ease":"linear","b":119,"type":"setColor","color":1,"time":107,"duration":0.5},{"angle":225,"time":243.25,"type":"showResults"},{"angle":270,"color":0,"r":0,"ease":"linear","b":0,"type":"setColor","g":0,"time":122.5,"duration":5},{"angle":247.5,"g":51,"r":235,"ease":"linear","b":12,"type":"setColor","color":1,"time":122.5,"duration":3},{"angle":270,"color":0,"time":122.5,"type":"setColor"},{"angle":270,"g":0,"r":0,"ease":"linear","b":0,"type":"setColor","color":0,"time":122.5,"duration":5},{"angle":300,"color":0,"r":142,"ease":"linear","b":64,"type":"setColor","g":43,"time":138,"duration":1.25},{"angle":255,"color":1,"r":248,"ease":"linear","b":110,"type":"setColor","g":221,"time":139,"duration":0.5},{"angle":75,"g":32,"r":34,"ease":"linear","b":31,"type":"setColor","color":0,"time":155.5,"duration":4.75},{"angle":105,"g":176,"r":70,"ease":"linear","b":119,"type":"setColor","color":1,"time":155.5,"duration":4.75},{"angle":270,"color":1,"r":231,"ease":"linear","b":25,"type":"setColor","g":49,"time":243,"duration":0.25}],"metadata":{"difficulty":0,"bg":true,"artist":"Aimer","bgData":{"image":"bg.png","redChannel":{"b":0,"r":0,"g":0},"blueChannel":{"b":255,"r":255,"g":255}},"artistLink":"","songName":"Zankyosanka","description":"The second opening song for Kimetsu no Yaiba Season 2. It is performed by Aimer.","charter":"Pepplay"}}