[{"angle":180,"time":24,"type":"block"},{"angle":191.25,"time":24.5,"type":"block"},{"angle":236.25,"time":25.5,"type":"block"},{"angle":213.75,"time":26,"type":"block"},{"angle":90,"time":27,"type":"block"},{"angle":67.5,"time":27.25,"type":"block"},{"angle":45,"time":27.5,"type":"block"},{"angle":22.5,"time":27.75,"type":"block"},{"angle":360,"time":28,"type":"block"},{"angle":303.75,"time":28.5,"type":"block"},{"angle":270,"time":29.5,"type":"block"},{"angle":270,"time":30,"type":"block"},{"angle":180,"time":31,"type":"block"},{"angle":213.75,"time":31.25,"type":"block"},{"angle":247.5,"time":31.5,"type":"block"},{"angle":281.25,"time":31.75,"type":"block"},{"angle":326.25,"time":32,"type":"block"},{"angle":303.75,"time":32.5,"type":"block"},{"angle":202.5,"time":33.5,"type":"block"},{"angle":146.25,"time":34,"type":"block"},{"angle":22.5,"time":35,"type":"block"},{"angle":56.25,"time":35.25,"type":"block"},{"angle":90,"time":35.5,"type":"block"},{"angle":135,"time":35.75,"type":"block"},{"angle":213.75,"time":36,"type":"block"},{"angle":213.75,"time":36.5,"type":"block"},{"angle":213.75,"time":37.5,"type":"block"},{"angle":157.5,"time":38,"type":"block"},{"angle":360,"time":39,"type":"block"},{"angle":33.75,"time":39.25,"type":"block"},{"angle":67.5,"time":39.5,"type":"block"},{"angle":101.25,"time":39.75,"type":"block"},{"angle":135,"time":40,"type":"block"},{"angle":146.25,"time":40.5,"type":"block"},{"angle":191.25,"time":41.5,"type":"block"},{"angle":168.75,"time":42,"type":"block"},{"angle":45,"time":43,"type":"block"},{"angle":22.5,"time":43.25,"type":"block"},{"angle":0,"time":43.5,"type":"block"},{"angle":-22.5,"time":43.75,"type":"block"},{"angle":315,"time":44,"type":"block"},{"angle":258.75,"time":44.5,"type":"block"},{"angle":225,"time":45.5,"type":"block"},{"angle":225,"time":46,"type":"block"},{"angle":135,"time":47,"type":"block"},{"angle":168.75,"time":47.25,"type":"block"},{"angle":202.5,"time":47.5,"type":"block"},{"angle":236.25,"time":47.75,"type":"block"},{"angle":281.25,"time":48,"type":"block"},{"angle":258.75,"time":48.5,"type":"block"},{"angle":157.5,"time":49.5,"type":"block"},{"angle":101.25,"time":50,"type":"block"},{"angle":-22.5,"time":51,"type":"block"},{"angle":11.25,"time":51.25,"type":"block"},{"angle":45,"time":51.5,"type":"block"},{"angle":90,"time":51.75,"type":"block"},{"angle":123.75,"time":52,"type":"block"},{"angle":157.5,"time":52.5,"type":"block"},{"angle":213.75,"time":53.5,"type":"block"},{"angle":247.5,"time":54,"type":"block"},{"angle":315,"time":55,"type":"block"},{"angle":337.5,"time":55.25,"type":"block"},{"angle":0,"time":55.5,"type":"block"},{"type":"hold","angle":30,"time":57,"angle2":90,"duration":1},{"type":"hold","angle":90,"time":58,"angle2":60,"duration":1},{"type":"hold","angle":60,"time":59,"angle2":30,"duration":1},{"type":"hold","angle":30,"time":60,"angle2":60,"duration":1},{"type":"hold","angle":60,"time":61,"angle2":90,"duration":1},{"type":"hold","angle":90,"time":62,"angle2":150,"duration":1},{"type":"hold","angle":150,"time":63,"angle2":210,"duration":1},{"type":"hold","angle":210,"time":64,"angle2":255,"duration":1},{"type":"hold","angle":255,"time":65,"angle2":285,"duration":1},{"type":"hold","angle":285,"time":66,"angle2":285,"duration":1},{"type":"hold","angle":285,"time":67,"angle2":240,"duration":1},{"type":"hold","angle":240,"time":68,"angle2":195,"duration":1},{"type":"hold","angle":195,"time":69,"angle2":210,"duration":1},{"type":"hold","angle":210,"time":70,"angle2":255,"duration":1},{"type":"hold","angle":255,"time":71,"angle2":330,"duration":1},{"type":"hold","angle":330,"time":72,"angle2":345,"duration":1},{"type":"hold","angle":345,"time":73,"angle2":345,"duration":1},{"type":"hold","angle":345,"time":74,"angle2":315,"duration":1},{"type":"hold","angle":315,"time":75,"angle2":360,"duration":1},{"type":"hold","angle":0,"time":76,"angle2":30,"duration":1},{"type":"hold","angle":30,"time":77,"angle2":75,"duration":1},{"type":"hold","angle":75,"time":78,"angle2":60,"duration":1},{"type":"hold","angle":60,"time":79,"angle2":90,"duration":1},{"type":"hold","angle":90,"time":80,"angle2":135,"duration":1},{"type":"hold","angle":135,"time":81,"angle2":150,"duration":1},{"type":"hold","angle":150,"time":82,"angle2":135,"duration":1},{"type":"hold","angle":135,"time":83,"angle2":90,"duration":1},{"type":"hold","angle":90,"time":84,"angle2":45,"duration":1},{"type":"hold","angle":45,"time":85,"angle2":0,"duration":1},{"type":"hold","angle":0,"time":86,"angle2":-30,"duration":1},{"type":"hold","angle":330,"time":87,"angle2":315,"duration":1},{"type":"hold","angle":315,"time":88,"angle2":300,"duration":1},{"type":"hold","angle":300,"time":89,"angle2":255,"duration":1},{"type":"hold","angle":255,"time":90,"angle2":210,"duration":1},{"type":"hold","angle":210,"time":91,"angle2":210,"duration":1},{"type":"hold","angle":210,"time":92,"angle2":195,"duration":1},{"type":"hold","angle":195,"time":93,"angle2":225,"duration":1},{"type":"hold","angle":225,"time":94,"angle2":270,"duration":1},{"type":"hold","angle":270,"time":95,"angle2":330,"duration":1},{"type":"hold","angle":330,"time":96,"angle2":315,"duration":1},{"type":"hold","angle":315,"time":97,"angle2":330,"duration":1},{"type":"hold","angle":330,"time":98,"angle2":300,"duration":1},{"type":"hold","angle":300,"time":99,"angle2":240,"duration":1},{"type":"hold","angle":240,"time":100,"angle2":210,"duration":1},{"type":"hold","angle":210,"time":101,"angle2":240,"duration":1},{"type":"hold","angle":240,"time":102,"angle2":300,"duration":1},{"type":"hold","angle":300,"time":103,"angle2":270,"duration":1},{"type":"hold","angle":281.25,"time":104,"angle2":258.75,"duration":0},{"time":105,"angle":311.25,"type":"hold","angle2":288.75,"duration":0},{"time":106,"angle":341.25,"type":"hold","angle2":318.75,"duration":0},{"time":107,"angle":371.25,"type":"hold","angle2":348.75,"duration":0},{"type":"hold","angle":67.5,"time":108,"angle2":90,"duration":1},{"type":"hold","angle":45,"time":108,"angle2":67.5,"duration":0},{"type":"hold","angle":90,"time":109,"angle2":112.5,"duration":0.5},{"holdEase":"outSine","type":"hold","angle":112.5,"time":109.5,"angle2":0,"duration":2},{"type":"hold","angle":360,"time":111.5,"angle2":360,"duration":0.5},{"type":"hold","angle":0,"time":112,"angle2":-45,"duration":1},{"type":"hold","angle":315,"time":113,"angle2":270,"duration":1},{"type":"hold","angle":270,"time":114,"angle2":236.25,"duration":1},{"type":"hold","angle":236.25,"time":115,"angle2":191.25,"duration":1},{"type":"hold","angle":191.25,"time":116,"angle2":236.25,"duration":1},{"type":"hold","angle":225,"time":117.5,"angle2":247.5,"duration":0},{"angle":348.75,"time":119.5,"type":"extraTap"},{"holdEase":"inSine","time":120,"angle":292.5,"type":"hold","angle2":202.5,"duration":1},{"angle":191.25,"time":121,"type":"block"},{"angle":213.75,"time":121.5,"type":"block"},{"angle":202.5,"time":121.25,"type":"block"},{"angle":225,"time":121.75,"type":"block"},{"angle":258.75,"time":122.25,"type":"block"},{"time":122.5,"angle":292.5,"type":"hold","angle2":315,"duration":0.5},{"time":122.5,"angle":303.75,"type":"hold","angle2":326.25,"duration":0.5},{"time":123.5,"angle":315,"type":"hold","angle2":292.5,"duration":0.5},{"time":123.5,"angle":326.25,"type":"hold","angle2":303.75,"duration":0.5},{"speedMult":1.5,"type":"hold","angle":270,"time":124.5,"angle2":270,"duration":0.5},{"speedMult":1.5,"time":124.5,"angle":281.25,"type":"hold","angle2":281.25,"duration":0.5},{"speedMult":1.5,"time":125.5,"angle":236.25,"type":"hold","angle2":236.25,"duration":0.5},{"speedMult":1.5,"type":"hold","angle":247.5,"time":125.5,"angle2":247.5,"duration":0.5},{"speedMult":1.5,"time":126.5,"angle":202.5,"type":"hold","angle2":202.5,"duration":0.5},{"speedMult":1.5,"type":"hold","angle":213.75,"time":126.5,"angle2":213.75,"duration":0.5},{"speedMult":1.5,"angle":360,"time":127.5,"type":"extraTap"},{"speedMult":1.5,"type":"hold","angle":382.5,"time":127.5,"angle2":371.25,"duration":0.5},{"speedMult":1.5,"time":127.5,"angle":393.75,"type":"hold","angle2":382.5,"duration":0.5},{"speedMult":1.5,"angle":360,"time":132.5,"type":"extraTap"},{"speedMult":1.5,"angle":360,"time":133.5,"type":"extraTap"},{"speedMult":1.5,"angle":360,"time":134.5,"type":"extraTap"},{"speedMult":1.5,"angle":360,"time":143.5,"type":"extraTap"},{"angle":180,"time":128.5,"type":"block"},{"angle":157.5,"time":129,"type":"block"},{"angle":135,"time":129.5,"type":"block"},{"angle":112.5,"time":130,"type":"block"},{"angle":90,"time":130.25,"type":"block"},{"angle":67.5,"time":130.5,"type":"block"},{"angle":45,"time":130.75,"type":"block"},{"angle":22.5,"time":131,"type":"block"},{"angle":360,"time":131.25,"type":"block"},{"angle":337.5,"time":131.5,"type":"block"},{"speedMult":1.5,"type":"hold","angle":0,"time":132,"angle2":0,"duration":0.25},{"speedMult":1.5,"time":132.5,"angle":-157.5,"type":"hold","angle2":-157.5,"duration":0.25},{"speedMult":1.5,"time":133,"angle":45,"type":"hold","angle2":45,"duration":0.25},{"speedMult":1.5,"time":133.5,"angle":247.5,"type":"hold","angle2":247.5,"duration":0.25},{"speedMult":1.5,"time":134,"angle":90,"type":"hold","angle2":90,"duration":0.25},{"speedMult":1.5,"time":134.5,"angle":-67.5,"type":"hold","angle2":-67.5,"duration":0.25},{"angle":360,"time":131.75,"type":"block"},{"time":135,"angle":135,"type":"hold","angle2":135,"duration":1},{"time":135,"angle":146.25,"type":"hold","angle2":146.25,"duration":1},{"time":135,"angle":123.75,"type":"hold","angle2":123.75,"duration":1},{"angle":123.75,"time":136.5,"type":"block"},{"angle":146.25,"time":136.5,"type":"block"},{"angle":135,"time":137,"type":"block"},{"angle":146.25,"time":137.25,"type":"block"},{"angle":157.5,"time":137.5,"type":"block"},{"angle":168.75,"time":137.75,"type":"block"},{"angle":191.25,"time":138.25,"type":"block"},{"speedMult":1.5,"time":138.5,"angle":247.5,"type":"hold","angle2":247.5,"duration":0.5},{"speedMult":1.5,"type":"hold","angle":225,"time":138.5,"angle2":225,"duration":0.5},{"speedMult":1.5,"type":"hold","angle":292.5,"time":139.5,"angle2":292.5,"duration":0.5},{"speedMult":1.5,"time":139.5,"angle":270,"type":"hold","angle2":270,"duration":0.5},{"speedMult":1.5,"type":"hold","angle":281.25,"time":140,"angle2":281.25,"duration":0.5},{"speedMult":1.5,"type":"hold","angle":292.5,"time":140.5,"angle2":292.5,"duration":0.5},{"speedMult":1.5,"type":"hold","angle":303.75,"time":141,"angle2":303.75,"duration":0.5},{"speedMult":1.5,"type":"hold","angle":315,"time":141.5,"angle2":315,"duration":0.5},{"speedMult":1.5,"type":"hold","angle":337.5,"time":142,"angle2":337.5,"duration":0.5},{"speedMult":1.5,"type":"hold","angle":382.5,"time":142.5,"angle2":382.5,"duration":0.5},{"speedMult":1.5,"type":"hold","angle":416.25,"time":143,"angle2":416.25,"duration":0.47999998927116},{"speedMult":1.5,"time":143.5,"angle":270,"type":"hold","angle2":270,"duration":0.49000000953674},{"speedMult":1.5,"time":144,"angle":472.5,"type":"hold","angle2":472.5,"duration":0.5},{"speedMult":1.5,"type":"hold","angle":450,"time":144,"angle2":450,"duration":0.5},{"speedMult":1.5,"time":145,"angle":-292.5,"type":"hold","angle2":-292.5,"duration":0.5},{"speedMult":1.5,"type":"hold","angle":-270,"time":145,"angle2":-270,"duration":0.5},{"speedMult":1.5,"type":"hold","angle":-326.25,"time":146,"angle2":-326.25,"duration":0.5},{"speedMult":1.5,"time":146,"angle":-303.75,"type":"hold","angle2":-303.75,"duration":0.5},{"speedMult":1.5,"time":147,"angle":-315,"type":"hold","angle2":-315,"duration":1},{"speedMult":1.5,"type":"hold","angle":-326.25,"time":147.25,"angle2":-326.25,"duration":0.75},{"speedMult":1.5,"type":"hold","angle":-337.5,"time":147.5,"angle2":-337.5,"duration":0.5},{"speedMult":1.5,"type":"hold","angle":-348.75,"time":147.75,"angle2":-348.75,"duration":0.25},{"angle":11.25,"time":148.5,"type":"block"},{"angle":33.75,"time":148.5,"type":"block"},{"angle":11.25,"time":149,"type":"block"},{"angle":348.75,"time":149,"type":"block"},{"angle":348.75,"time":149.5,"type":"block"},{"angle":326.25,"time":149.5,"type":"block"},{"angle":326.25,"time":150,"type":"block"},{"angle":303.75,"time":150,"type":"block"},{"angle":281.25,"time":150.5,"type":"block"},{"angle":303.75,"time":150.5,"type":"block"},{"angle":281.25,"time":151,"type":"block"},{"angle":258.75,"time":151.25,"type":"block"},{"angle":281.25,"time":151.5,"type":"block"},{"angle":258.75,"time":151.75,"type":"block"},{"angle":270,"time":152,"type":"block"},{"speedMult":1.5,"angle":405,"type":"extraTap","time":159.5},{"speedMult":1.5,"angle":360,"type":"extraTap","time":164.5},{"speedMult":1.5,"angle":360,"type":"extraTap","time":165.5},{"speedMult":1.5,"angle":360,"type":"extraTap","time":166.5},{"speedMult":1.5,"angle":360,"type":"extraTap","time":167},{"speedMult":1.5,"angle":360,"type":"extraTap","time":167.5},{"speedMult":1.5,"angle":405,"type":"extraTap","time":170.5},{"angle":225,"time":152.25,"type":"block"},{"angle":202.5,"time":152.5,"type":"block"},{"angle":180,"time":152.75,"type":"block"},{"angle":157.5,"time":153,"type":"block"},{"angle":157.5,"time":153.5,"type":"block"},{"angle":191.25,"time":154,"type":"block"},{"angle":213.75,"time":154.25,"type":"block"},{"angle":236.25,"time":154.5,"type":"block"},{"angle":348.75,"time":155.5,"type":"block"},{"angle":326.25,"time":155.75,"type":"block"},{"angle":303.75,"time":156,"type":"block"},{"angle":247.5,"time":156.5,"type":"block"},{"angle":281.25,"time":156.25,"type":"block"},{"angle":213.75,"time":156.75,"type":"block"},{"angle":168.75,"time":157,"type":"block"},{"angle":101.25,"time":157.5,"type":"block"},{"angle":67.5,"time":157.75,"type":"block"},{"angle":11.25,"time":158,"type":"block"},{"angle":56.25,"time":158.25,"type":"block"},{"angle":22.5,"time":158.5,"type":"block"},{"angle":45,"time":158.75,"type":"block"},{"angle":33.75,"time":159,"type":"block"},{"angle":225,"time":159.5,"type":"block"},{"angle":22.5,"time":160,"type":"block"},{"angle":45,"time":160,"type":"block"},{"speedMult":3,"type":"mineHold","angle":270,"time":160,"angle2":258.75,"duration":0.5},{"speedMult":3,"type":"mineHold","angle":157.5,"time":160,"angle2":146.25,"duration":0.5},{"speedMult":3,"time":160.5,"angle":258.75,"type":"mineHold","angle2":247.5,"duration":0.5},{"speedMult":3,"time":160.5,"angle":146.25,"type":"mineHold","angle2":135,"duration":0.5},{"speedMult":3,"time":161,"angle":247.5,"type":"mineHold","angle2":236.25,"duration":0.5},{"speedMult":3,"time":161,"angle":135,"type":"mineHold","angle2":123.75,"duration":0.5},{"speedMult":3,"time":161.5,"angle":236.25,"type":"mineHold","angle2":225,"duration":0.5},{"speedMult":3,"time":161.5,"angle":123.75,"type":"mineHold","angle2":112.5,"duration":0.5},{"speedMult":3,"time":162,"angle":225,"type":"mineHold","angle2":213.75,"duration":0.5},{"speedMult":3,"time":162,"angle":112.5,"type":"mineHold","angle2":101.25,"duration":0.5},{"speedMult":3,"type":"mineHold","angle":213.75,"time":162.5,"angle2":202.5,"duration":0.5},{"speedMult":3,"time":162.5,"angle":101.25,"type":"mineHold","angle2":90,"duration":0.5},{"speedMult":3,"time":163,"angle":202.5,"type":"mineHold","angle2":191.25,"duration":0.5},{"speedMult":3,"time":163,"angle":90,"type":"mineHold","angle2":78.75,"duration":0.5},{"speedMult":3,"time":163.5,"angle":191.25,"type":"mineHold","angle2":180,"duration":0.5},{"speedMult":3,"time":163.5,"angle":78.75,"type":"mineHold","angle2":67.5,"duration":0.5},{"speedMult":3,"time":164,"angle":180,"type":"mineHold","angle2":168.75,"duration":0.5},{"speedMult":3,"time":164,"angle":67.5,"type":"mineHold","angle2":56.25,"duration":0.5},{"speedMult":3,"type":"mineHold","angle":168.75,"time":164.5,"angle2":157.5,"duration":0.5},{"speedMult":3,"time":164.5,"angle":56.25,"type":"mineHold","angle2":45,"duration":0.5},{"speedMult":3,"time":165,"angle":157.5,"type":"mineHold","angle2":146.25,"duration":0.5},{"speedMult":3,"time":165,"angle":45,"type":"mineHold","angle2":33.75,"duration":0.5},{"speedMult":3,"time":165.5,"angle":146.25,"type":"mineHold","angle2":135,"duration":0.5},{"speedMult":3,"time":165.5,"angle":33.75,"type":"mineHold","angle2":22.5,"duration":0.5},{"speedMult":3,"time":166,"angle":135,"type":"mineHold","angle2":123.75,"duration":0.5},{"speedMult":3,"time":166,"angle":22.5,"type":"mineHold","angle2":11.25,"duration":0.5},{"speedMult":3,"type":"mineHold","angle":123.75,"time":166.5,"angle2":112.5,"duration":0.5},{"speedMult":3,"time":166.5,"angle":11.25,"type":"mineHold","angle2":0,"duration":0.5},{"speedMult":3,"time":167,"angle":112.5,"type":"mineHold","angle2":101.25,"duration":0.5},{"speedMult":3,"time":167,"angle":0,"type":"mineHold","angle2":-11.25,"duration":0.5},{"speedMult":3,"time":167.5,"angle":101.25,"type":"mineHold","angle2":90,"duration":0.5},{"speedMult":3,"time":167.5,"angle":-11.25,"type":"mineHold","angle2":-22.5,"duration":0.5},{"angle":225,"time":168,"type":"block"},{"angle":202.5,"time":168.25,"type":"block"},{"angle":180,"time":168.5,"type":"block"},{"angle":191.25,"time":168.75,"type":"block"},{"angle":213.75,"time":169,"type":"block"},{"angle":258.75,"time":169.25,"type":"block"},{"angle":292.5,"time":169.5,"type":"block"},{"angle":315,"time":169.75,"type":"block"},{"angle":348.75,"time":170,"type":"block"},{"angle":22.5,"time":170.25,"type":"block"},{"angle":236.25,"time":170.75,"type":"block"},{"angle":247.5,"time":171,"type":"block"},{"angle":78.75,"time":172,"type":"block"},{"angle":123.75,"time":172.25,"type":"block"},{"angle":168.75,"time":172.75,"type":"block"},{"angle":202.5,"time":173,"type":"block"},{"angle":225,"time":173.25,"type":"block"},{"angle":258.75,"time":173.5,"type":"block"},{"angle":292.5,"time":173.75,"type":"block"},{"angle":90,"time":176,"type":"block"},{"angle":120,"time":176.33332824707,"type":"block"},{"angle":150,"time":176.66667175293,"type":"block"},{"angle":180,"time":177,"type":"block"},{"angle":210,"time":177.33332824707,"type":"block"},{"angle":240,"time":177.66667175293,"type":"block"},{"angle":270,"time":178,"type":"block"},{"angle":300,"time":178.33332824707,"type":"block"},{"angle":330,"time":178.66667175293,"type":"block"},{"angle":360,"time":179,"type":"block"},{"angle":390,"time":179.33332824707,"type":"block"},{"angle":420,"time":179.66667175293,"type":"block"},{"angle":90,"time":180,"type":"block"},{"angle":120,"time":180.33332824707,"type":"block"},{"angle":150,"time":180.66667175293,"type":"block"},{"angle":180,"time":181,"type":"block"},{"angle":210,"time":181.33332824707,"type":"block"},{"angle":240,"time":181.66667175293,"type":"block"},{"angle":270,"time":182,"type":"block"},{"angle":300,"time":182.33332824707,"type":"block"},{"angle":330,"time":182.66667175293,"type":"block"},{"angle":360,"time":183,"type":"block"},{"angle":390,"time":183.33332824707,"type":"block"},{"angle":420,"time":183.66667175293,"type":"block"},{"angle":450,"time":184,"type":"block"},{"time":184,"angle":45,"type":"mineHold","angle2":45,"duration":1},{"time":184,"angle":315,"type":"mineHold","angle2":315,"duration":1},{"time":184,"angle":135,"type":"mineHold","angle2":135,"duration":1},{"time":184,"angle":225,"type":"mineHold","angle2":225,"duration":1},{"time":185,"angle":90,"type":"hold","angle2":135,"duration":0.5},{"time":187,"angle":315,"type":"mineHold","angle2":315,"duration":1},{"time":187,"angle":285,"type":"mineHold","angle2":285,"duration":1},{"time":187,"angle":255,"type":"mineHold","angle2":255,"duration":1},{"time":187,"angle":225,"type":"mineHold","angle2":225,"duration":1},{"time":187,"angle":75,"type":"mineHold","angle2":75,"duration":1},{"time":187,"angle":105,"type":"mineHold","angle2":105,"duration":1},{"time":187,"angle":135,"type":"mineHold","angle2":135,"duration":1},{"time":187,"angle":165,"type":"mineHold","angle2":165,"duration":1},{"time":187,"angle":195,"type":"mineHold","angle2":195,"duration":1},{"time":188,"angle":270,"type":"mineHold","angle2":270,"duration":1},{"time":188,"angle":240,"type":"mineHold","angle2":240,"duration":1},{"time":188,"angle":210,"type":"mineHold","angle2":210,"duration":1},{"time":188,"angle":180,"type":"mineHold","angle2":180,"duration":1},{"time":188,"angle":30,"type":"mineHold","angle2":30,"duration":1},{"time":188,"angle":60,"type":"mineHold","angle2":60,"duration":1},{"time":188,"angle":90,"type":"mineHold","angle2":90,"duration":1},{"time":188,"angle":120,"type":"mineHold","angle2":120,"duration":1},{"time":188,"angle":150,"type":"mineHold","angle2":150,"duration":1},{"time":189,"angle":225,"type":"mineHold","angle2":225,"duration":1},{"time":189,"angle":195,"type":"mineHold","angle2":195,"duration":1},{"time":189,"angle":165,"type":"mineHold","angle2":165,"duration":1},{"time":189,"angle":135,"type":"mineHold","angle2":135,"duration":1},{"time":189,"angle":-15,"type":"mineHold","angle2":-15,"duration":1},{"time":189,"angle":15,"type":"mineHold","angle2":15,"duration":1},{"time":189,"angle":45,"type":"mineHold","angle2":45,"duration":1},{"time":189,"angle":75,"type":"mineHold","angle2":75,"duration":1},{"time":189,"angle":105,"type":"mineHold","angle2":105,"duration":1},{"time":190,"angle":180,"type":"mineHold","angle2":180,"duration":1},{"time":190,"angle":150,"type":"mineHold","angle2":150,"duration":1},{"time":190,"angle":120,"type":"mineHold","angle2":120,"duration":1},{"time":190,"angle":90,"type":"mineHold","angle2":90,"duration":1},{"time":190,"angle":-60,"type":"mineHold","angle2":-60,"duration":1},{"time":190,"angle":-30,"type":"mineHold","angle2":-30,"duration":1},{"time":190,"angle":0,"type":"mineHold","angle2":0,"duration":1},{"time":190,"angle":30,"type":"mineHold","angle2":30,"duration":1},{"time":190,"angle":60,"type":"mineHold","angle2":60,"duration":1},{"time":185.5,"angle":135,"type":"hold","angle2":90,"duration":0.5},{"time":186,"angle":90,"type":"hold","angle2":30,"duration":1},{"time":191,"angle":135,"type":"mineHold","angle2":135,"duration":1},{"time":191,"angle":105,"type":"mineHold","angle2":105,"duration":1},{"time":191,"angle":75,"type":"mineHold","angle2":75,"duration":1},{"time":191,"angle":45,"type":"mineHold","angle2":45,"duration":1},{"time":191,"angle":-105,"type":"mineHold","angle2":-105,"duration":1},{"time":191,"angle":-75,"type":"mineHold","angle2":-75,"duration":1},{"time":191,"angle":-45,"type":"mineHold","angle2":-45,"duration":1},{"time":191,"angle":-15,"type":"mineHold","angle2":-15,"duration":1},{"time":191,"angle":15,"type":"mineHold","angle2":15,"duration":1},{"time":192,"angle":195,"type":"hold","angle2":180,"duration":0.25},{"time":192.75,"angle":180,"type":"hold","angle2":225,"duration":0.25},{"time":193,"angle":180,"type":"mineHold","angle2":180,"duration":1},{"time":193,"angle":150,"type":"mineHold","angle2":150,"duration":1},{"time":193,"angle":120,"type":"mineHold","angle2":120,"duration":1},{"time":193,"angle":90,"type":"mineHold","angle2":90,"duration":1},{"time":193,"angle":-60,"type":"mineHold","angle2":-60,"duration":1},{"time":193,"angle":-30,"type":"mineHold","angle2":-30,"duration":1},{"time":193,"angle":0,"type":"mineHold","angle2":0,"duration":1},{"time":193,"angle":30,"type":"mineHold","angle2":30,"duration":1},{"time":193,"angle":60,"type":"mineHold","angle2":60,"duration":1},{"angle":255,"time":194,"type":"block"},{"angle":285,"time":194.5,"type":"block"},{"time":195,"angle":-360,"type":"mineHold","angle2":-360,"duration":1},{"time":195,"angle":-330,"type":"mineHold","angle2":-330,"duration":1},{"time":195,"angle":-300,"type":"mineHold","angle2":-300,"duration":1},{"time":195,"angle":-270,"type":"mineHold","angle2":-270,"duration":1},{"time":195,"angle":-120,"type":"mineHold","angle2":-120,"duration":1},{"time":195,"angle":-150,"type":"mineHold","angle2":-150,"duration":1},{"time":195,"angle":-180,"type":"mineHold","angle2":-180,"duration":1},{"time":195,"angle":-210,"type":"mineHold","angle2":-210,"duration":1},{"time":195,"angle":-240,"type":"mineHold","angle2":-240,"duration":1},{"time":196,"angle":-315,"type":"mineHold","angle2":-315,"duration":1},{"time":196,"angle":-285,"type":"mineHold","angle2":-285,"duration":1},{"time":196,"angle":-255,"type":"mineHold","angle2":-255,"duration":1},{"time":196,"angle":-225,"type":"mineHold","angle2":-225,"duration":1},{"time":196,"angle":-75,"type":"mineHold","angle2":-75,"duration":1},{"time":196,"angle":-105,"type":"mineHold","angle2":-105,"duration":1},{"time":196,"angle":-135,"type":"mineHold","angle2":-135,"duration":1},{"time":196,"angle":-165,"type":"mineHold","angle2":-165,"duration":1},{"time":196,"angle":-195,"type":"mineHold","angle2":-195,"duration":1},{"time":197,"angle":-270,"type":"mineHold","angle2":-270,"duration":1},{"time":197,"angle":-240,"type":"mineHold","angle2":-240,"duration":1},{"time":197,"angle":-210,"type":"mineHold","angle2":-210,"duration":1},{"time":197,"angle":-180,"type":"mineHold","angle2":-180,"duration":1},{"time":197,"angle":-30,"type":"mineHold","angle2":-30,"duration":1},{"time":197,"angle":-60,"type":"mineHold","angle2":-60,"duration":1},{"time":197,"angle":-90,"type":"mineHold","angle2":-90,"duration":1},{"time":197,"angle":-120,"type":"mineHold","angle2":-120,"duration":1},{"time":197,"angle":-150,"type":"mineHold","angle2":-150,"duration":1},{"time":198,"angle":-225,"type":"mineHold","angle2":-225,"duration":0.25},{"time":198,"angle":-195,"type":"mineHold","angle2":-195,"duration":0.25},{"time":198,"angle":-165,"type":"mineHold","angle2":-165,"duration":0.25},{"time":198,"angle":-135,"type":"mineHold","angle2":-135,"duration":0.25},{"time":198,"angle":15,"type":"mineHold","angle2":15,"duration":0.25},{"time":198,"angle":-15,"type":"mineHold","angle2":-15,"duration":0.25},{"time":198,"angle":-45,"type":"mineHold","angle2":-45,"duration":0.25},{"time":198,"angle":-75,"type":"mineHold","angle2":-75,"duration":0.25},{"time":198,"angle":-105,"type":"mineHold","angle2":-105,"duration":0.25},{"time":199,"angle":-180,"type":"mineHold","angle2":-180,"duration":1},{"time":199,"angle":-150,"type":"mineHold","angle2":-150,"duration":1},{"time":199,"angle":-120,"type":"mineHold","angle2":-120,"duration":1},{"time":199,"angle":-90,"type":"mineHold","angle2":-90,"duration":1},{"time":199,"angle":60,"type":"mineHold","angle2":60,"duration":1},{"time":199,"angle":30,"type":"mineHold","angle2":30,"duration":1},{"time":199,"angle":0,"type":"mineHold","angle2":0,"duration":1},{"time":199,"angle":-30,"type":"mineHold","angle2":-30,"duration":1},{"time":199,"angle":-60,"type":"mineHold","angle2":-60,"duration":1},{"time":198.25,"angle":-210,"type":"mineHold","angle2":-210,"duration":0.25},{"time":198.25,"angle":-180,"type":"mineHold","angle2":-180,"duration":0.25},{"time":198.25,"angle":-150,"type":"mineHold","angle2":-150,"duration":0.25},{"time":198.25,"angle":-120,"type":"mineHold","angle2":-120,"duration":0.25},{"time":198.25,"angle":30,"type":"mineHold","angle2":30,"duration":0.25},{"time":198.25,"angle":0,"type":"mineHold","angle2":0,"duration":0.25},{"time":198.25,"angle":-30,"type":"mineHold","angle2":-30,"duration":0.25},{"time":198.25,"angle":-60,"type":"mineHold","angle2":-60,"duration":0.25},{"time":198.25,"angle":-90,"type":"mineHold","angle2":-90,"duration":0.25},{"time":198.5,"angle":-195,"type":"mineHold","angle2":-195,"duration":0.25},{"time":198.5,"angle":-165,"type":"mineHold","angle2":-165,"duration":0.25},{"time":198.5,"angle":-135,"type":"mineHold","angle2":-135,"duration":0.25},{"time":198.5,"angle":-105,"type":"mineHold","angle2":-105,"duration":0.25},{"time":198.5,"angle":45,"type":"mineHold","angle2":45,"duration":0.25},{"time":198.5,"angle":15,"type":"mineHold","angle2":15,"duration":0.25},{"time":198.5,"angle":-15,"type":"mineHold","angle2":-15,"duration":0.25},{"time":198.5,"angle":-45,"type":"mineHold","angle2":-45,"duration":0.25},{"time":198.5,"angle":-75,"type":"mineHold","angle2":-75,"duration":0.25},{"time":198.75,"angle":-180,"type":"mineHold","angle2":-180,"duration":0.25},{"time":198.75,"angle":-150,"type":"mineHold","angle2":-150,"duration":0.25},{"time":198.75,"angle":-120,"type":"mineHold","angle2":-120,"duration":0.25},{"time":198.75,"angle":-90,"type":"mineHold","angle2":-90,"duration":0.25},{"time":198.75,"angle":60,"type":"mineHold","angle2":60,"duration":0.25},{"time":198.75,"angle":30,"type":"mineHold","angle2":30,"duration":0.25},{"time":198.75,"angle":0,"type":"mineHold","angle2":0,"duration":0.25},{"time":198.75,"angle":-30,"type":"mineHold","angle2":-30,"duration":0.25},{"time":198.75,"angle":-60,"type":"mineHold","angle2":-60,"duration":0.25},{"time":200,"angle":105,"type":"mineHold","angle2":105,"duration":1},{"time":200,"angle":75,"type":"mineHold","angle2":75,"duration":1},{"time":200,"angle":45,"type":"mineHold","angle2":45,"duration":1},{"time":200,"angle":15,"type":"mineHold","angle2":15,"duration":1},{"time":200,"angle":-135,"type":"mineHold","angle2":-135,"duration":1},{"time":200,"angle":-105,"type":"mineHold","angle2":-105,"duration":1},{"time":200,"angle":-75,"type":"mineHold","angle2":-75,"duration":1},{"time":200,"angle":-45,"type":"mineHold","angle2":-45,"duration":1},{"time":200,"angle":-15,"type":"mineHold","angle2":-15,"duration":1},{"time":201,"angle":180,"type":"hold","angle2":225,"duration":0.5},{"time":203,"angle":405,"type":"mineHold","angle2":405,"duration":1},{"time":203,"angle":375,"type":"mineHold","angle2":375,"duration":1},{"time":203,"angle":345,"type":"mineHold","angle2":345,"duration":1},{"time":203,"angle":315,"type":"mineHold","angle2":315,"duration":1},{"time":203,"angle":165,"type":"mineHold","angle2":165,"duration":1},{"time":203,"angle":195,"type":"mineHold","angle2":195,"duration":1},{"time":203,"angle":225,"type":"mineHold","angle2":225,"duration":1},{"time":203,"angle":255,"type":"mineHold","angle2":255,"duration":1},{"time":203,"angle":285,"type":"mineHold","angle2":285,"duration":1},{"time":204,"angle":360,"type":"mineHold","angle2":360,"duration":1},{"time":204,"angle":330,"type":"mineHold","angle2":330,"duration":1},{"time":204,"angle":300,"type":"mineHold","angle2":300,"duration":1},{"time":204,"angle":270,"type":"mineHold","angle2":270,"duration":1},{"time":204,"angle":120,"type":"mineHold","angle2":120,"duration":1},{"time":204,"angle":150,"type":"mineHold","angle2":150,"duration":1},{"time":204,"angle":180,"type":"mineHold","angle2":180,"duration":1},{"time":204,"angle":210,"type":"mineHold","angle2":210,"duration":1},{"time":204,"angle":240,"type":"mineHold","angle2":240,"duration":1},{"time":205,"angle":315,"type":"mineHold","angle2":315,"duration":1},{"time":205,"angle":285,"type":"mineHold","angle2":285,"duration":1},{"time":205,"angle":255,"type":"mineHold","angle2":255,"duration":1},{"time":205,"angle":225,"type":"mineHold","angle2":225,"duration":1},{"time":205,"angle":75,"type":"mineHold","angle2":75,"duration":1},{"time":205,"angle":105,"type":"mineHold","angle2":105,"duration":1},{"time":205,"angle":135,"type":"mineHold","angle2":135,"duration":1},{"time":205,"angle":165,"type":"mineHold","angle2":165,"duration":1},{"time":205,"angle":195,"type":"mineHold","angle2":195,"duration":1},{"time":206,"angle":270,"type":"mineHold","angle2":270,"duration":1},{"time":206,"angle":240,"type":"mineHold","angle2":240,"duration":1},{"time":206,"angle":210,"type":"mineHold","angle2":210,"duration":1},{"time":206,"angle":180,"type":"mineHold","angle2":180,"duration":1},{"time":206,"angle":30,"type":"mineHold","angle2":30,"duration":1},{"time":206,"angle":60,"type":"mineHold","angle2":60,"duration":1},{"time":206,"angle":90,"type":"mineHold","angle2":90,"duration":1},{"time":206,"angle":120,"type":"mineHold","angle2":120,"duration":1},{"time":206,"angle":150,"type":"mineHold","angle2":150,"duration":1},{"time":201.5,"angle":225,"type":"hold","angle2":180,"duration":0.5},{"time":202,"angle":180,"type":"hold","angle2":120,"duration":1},{"time":207,"angle":225,"type":"mineHold","angle2":225,"duration":1},{"time":207,"angle":195,"type":"mineHold","angle2":195,"duration":1},{"time":207,"angle":165,"type":"mineHold","angle2":165,"duration":1},{"time":207,"angle":135,"type":"mineHold","angle2":135,"duration":1},{"time":207,"angle":-15,"type":"mineHold","angle2":-15,"duration":1},{"time":207,"angle":15,"type":"mineHold","angle2":15,"duration":1},{"time":207,"angle":45,"type":"mineHold","angle2":45,"duration":1},{"time":207,"angle":75,"type":"mineHold","angle2":75,"duration":1},{"time":207,"angle":105,"type":"mineHold","angle2":105,"duration":1},{"time":209,"angle":270,"type":"mineHold","angle2":270,"duration":1},{"time":209,"angle":240,"type":"mineHold","angle2":240,"duration":1},{"time":209,"angle":210,"type":"mineHold","angle2":210,"duration":1},{"time":209,"angle":180,"type":"mineHold","angle2":180,"duration":1},{"time":209,"angle":30,"type":"mineHold","angle2":30,"duration":1},{"time":209,"angle":60,"type":"mineHold","angle2":60,"duration":1},{"time":209,"angle":90,"type":"mineHold","angle2":90,"duration":1},{"time":209,"angle":120,"type":"mineHold","angle2":120,"duration":1},{"time":209,"angle":150,"type":"mineHold","angle2":150,"duration":1},{"angle":345,"time":210,"type":"block"},{"angle":375,"time":210.5,"type":"block"},{"time":211,"angle":-270,"type":"mineHold","angle2":-270,"duration":1},{"time":211,"angle":-240,"type":"mineHold","angle2":-240,"duration":1},{"time":211,"angle":-210,"type":"mineHold","angle2":-210,"duration":1},{"time":211,"angle":-180,"type":"mineHold","angle2":-180,"duration":1},{"time":211,"angle":-30,"type":"mineHold","angle2":-30,"duration":1},{"time":211,"angle":-60,"type":"mineHold","angle2":-60,"duration":1},{"time":211,"angle":-90,"type":"mineHold","angle2":-90,"duration":1},{"time":211,"angle":-120,"type":"mineHold","angle2":-120,"duration":1},{"time":211,"angle":-150,"type":"mineHold","angle2":-150,"duration":1},{"time":212,"angle":-225,"type":"mineHold","angle2":-225,"duration":1},{"time":212,"angle":-195,"type":"mineHold","angle2":-195,"duration":1},{"time":212,"angle":-165,"type":"mineHold","angle2":-165,"duration":1},{"time":212,"angle":-135,"type":"mineHold","angle2":-135,"duration":1},{"time":212,"angle":15,"type":"mineHold","angle2":15,"duration":1},{"time":212,"angle":-15,"type":"mineHold","angle2":-15,"duration":1},{"time":212,"angle":-45,"type":"mineHold","angle2":-45,"duration":1},{"time":212,"angle":-75,"type":"mineHold","angle2":-75,"duration":1},{"time":212,"angle":-105,"type":"mineHold","angle2":-105,"duration":1},{"time":213,"angle":-180,"type":"mineHold","angle2":-180,"duration":1},{"time":213,"angle":-150,"type":"mineHold","angle2":-150,"duration":1},{"time":213,"angle":-120,"type":"mineHold","angle2":-120,"duration":1},{"time":213,"angle":-90,"type":"mineHold","angle2":-90,"duration":1},{"time":213,"angle":60,"type":"mineHold","angle2":60,"duration":1},{"time":213,"angle":30,"type":"mineHold","angle2":30,"duration":1},{"time":213,"angle":0,"type":"mineHold","angle2":0,"duration":1},{"time":213,"angle":-30,"type":"mineHold","angle2":-30,"duration":1},{"time":213,"angle":-60,"type":"mineHold","angle2":-60,"duration":1},{"time":215,"angle":-90,"type":"mineHold","angle2":-90,"duration":1},{"time":215,"angle":-60,"type":"mineHold","angle2":-60,"duration":1},{"time":215,"angle":-30,"type":"mineHold","angle2":-30,"duration":1},{"time":215,"angle":0,"type":"mineHold","angle2":0,"duration":1},{"time":215,"angle":150,"type":"mineHold","angle2":150,"duration":1},{"time":215,"angle":120,"type":"mineHold","angle2":120,"duration":1},{"time":215,"angle":90,"type":"mineHold","angle2":90,"duration":1},{"time":215,"angle":60,"type":"mineHold","angle2":60,"duration":1},{"time":215,"angle":30,"type":"mineHold","angle2":30,"duration":1},{"time":216,"angle":195,"type":"mineHold","angle2":195,"duration":1},{"time":216,"angle":165,"type":"mineHold","angle2":165,"duration":1},{"time":216,"angle":135,"type":"mineHold","angle2":135,"duration":1},{"time":216,"angle":105,"type":"mineHold","angle2":105,"duration":1},{"time":216,"angle":-45,"type":"mineHold","angle2":-45,"duration":1},{"time":216,"angle":-15,"type":"mineHold","angle2":-15,"duration":1},{"time":216,"angle":15,"type":"mineHold","angle2":15,"duration":1},{"time":216,"angle":45,"type":"mineHold","angle2":45,"duration":1},{"time":216,"angle":75,"type":"mineHold","angle2":75,"duration":1},{"time":208,"angle":0,"type":"mineHold","angle2":0,"duration":0.25},{"time":208,"angle":30,"type":"mineHold","angle2":30,"duration":0.25},{"time":208,"angle":60,"type":"mineHold","angle2":60,"duration":0.25},{"time":208,"angle":90,"type":"mineHold","angle2":90,"duration":0.25},{"time":208,"angle":240,"type":"mineHold","angle2":240,"duration":0.25},{"time":208,"angle":210,"type":"mineHold","angle2":210,"duration":0.25},{"time":208,"angle":180,"type":"mineHold","angle2":180,"duration":0.25},{"time":208,"angle":150,"type":"mineHold","angle2":150,"duration":0.25},{"time":208,"angle":120,"type":"mineHold","angle2":120,"duration":0.25},{"time":208.25,"angle":15,"type":"mineHold","angle2":15,"duration":0.25},{"time":208.25,"angle":45,"type":"mineHold","angle2":45,"duration":0.25},{"time":208.25,"angle":75,"type":"mineHold","angle2":75,"duration":0.25},{"time":208.25,"angle":105,"type":"mineHold","angle2":105,"duration":0.25},{"time":208.25,"angle":255,"type":"mineHold","angle2":255,"duration":0.25},{"time":208.25,"angle":225,"type":"mineHold","angle2":225,"duration":0.25},{"time":208.25,"angle":195,"type":"mineHold","angle2":195,"duration":0.25},{"time":208.25,"angle":165,"type":"mineHold","angle2":165,"duration":0.25},{"time":208.25,"angle":135,"type":"mineHold","angle2":135,"duration":0.25},{"time":208.5,"angle":30,"type":"mineHold","angle2":30,"duration":0.25},{"time":208.5,"angle":60,"type":"mineHold","angle2":60,"duration":0.25},{"time":208.5,"angle":90,"type":"mineHold","angle2":90,"duration":0.25},{"time":208.5,"angle":120,"type":"mineHold","angle2":120,"duration":0.25},{"time":208.5,"angle":270,"type":"mineHold","angle2":270,"duration":0.25},{"time":208.5,"angle":240,"type":"mineHold","angle2":240,"duration":0.25},{"time":208.5,"angle":210,"type":"mineHold","angle2":210,"duration":0.25},{"time":208.5,"angle":180,"type":"mineHold","angle2":180,"duration":0.25},{"time":208.5,"angle":150,"type":"mineHold","angle2":150,"duration":0.25},{"time":208.75,"angle":45,"type":"mineHold","angle2":45,"duration":0.25},{"time":208.75,"angle":75,"type":"mineHold","angle2":75,"duration":0.25},{"time":208.75,"angle":105,"type":"mineHold","angle2":105,"duration":0.25},{"time":208.75,"angle":135,"type":"mineHold","angle2":135,"duration":0.25},{"time":208.75,"angle":285,"type":"mineHold","angle2":285,"duration":0.25},{"time":208.75,"angle":255,"type":"mineHold","angle2":255,"duration":0.25},{"time":208.75,"angle":225,"type":"mineHold","angle2":225,"duration":0.25},{"time":208.75,"angle":195,"type":"mineHold","angle2":195,"duration":0.25},{"time":208.75,"angle":165,"type":"mineHold","angle2":165,"duration":0.25},{"time":214,"angle":-135,"type":"mineHold","angle2":-135,"duration":1},{"time":214,"angle":-105,"type":"mineHold","angle2":-105,"duration":1},{"time":214,"angle":-75,"type":"mineHold","angle2":-75,"duration":1},{"time":214,"angle":-45,"type":"mineHold","angle2":-45,"duration":1},{"time":214,"angle":105,"type":"mineHold","angle2":105,"duration":1},{"time":214,"angle":75,"type":"mineHold","angle2":75,"duration":1},{"time":214,"angle":45,"type":"mineHold","angle2":45,"duration":1},{"time":214,"angle":15,"type":"mineHold","angle2":15,"duration":1},{"time":214,"angle":-15,"type":"mineHold","angle2":-15,"duration":1},{"time":187,"angle":30,"type":"hold","angle2":-165,"duration":5},{"time":193,"angle":225,"type":"hold","angle2":255,"duration":1},{"time":195,"angle":300,"type":"hold","angle2":405,"duration":3},{"time":198,"angle":45,"type":"hold","angle2":120,"duration":1},{"time":199,"angle":120,"type":"hold","angle2":180,"duration":2},{"time":203,"angle":120,"type":"hold","angle2":-75,"duration":5},{"time":208,"angle":285,"type":"hold","angle2":345,"duration":1},{"time":209,"angle":345,"type":"hold","angle2":345,"duration":1},{"time":211,"angle":30,"type":"hold","angle2":270,"duration":6},{"time":217,"angle":-90,"type":"hold","angle2":-120,"duration":0.5},{"time":219,"angle":-315,"type":"mineHold","angle2":-315,"duration":1},{"time":219,"angle":-285,"type":"mineHold","angle2":-285,"duration":1},{"time":219,"angle":-255,"type":"mineHold","angle2":-255,"duration":1},{"time":219,"angle":-225,"type":"mineHold","angle2":-225,"duration":1},{"time":219,"angle":-75,"type":"mineHold","angle2":-75,"duration":1},{"time":219,"angle":-105,"type":"mineHold","angle2":-105,"duration":1},{"time":219,"angle":-135,"type":"mineHold","angle2":-135,"duration":1},{"time":219,"angle":-165,"type":"mineHold","angle2":-165,"duration":1},{"time":219,"angle":-195,"type":"mineHold","angle2":-195,"duration":1},{"time":220,"angle":-270,"type":"mineHold","angle2":-270,"duration":1},{"time":220,"angle":-240,"type":"mineHold","angle2":-240,"duration":1},{"time":220,"angle":-210,"type":"mineHold","angle2":-210,"duration":1},{"time":220,"angle":-180,"type":"mineHold","angle2":-180,"duration":1},{"time":220,"angle":-30,"type":"mineHold","angle2":-30,"duration":1},{"time":220,"angle":-60,"type":"mineHold","angle2":-60,"duration":1},{"time":220,"angle":-90,"type":"mineHold","angle2":-90,"duration":1},{"time":220,"angle":-120,"type":"mineHold","angle2":-120,"duration":1},{"time":220,"angle":-150,"type":"mineHold","angle2":-150,"duration":1},{"time":221,"angle":-225,"type":"mineHold","angle2":-225,"duration":1},{"time":221,"angle":-195,"type":"mineHold","angle2":-195,"duration":1},{"time":221,"angle":-165,"type":"mineHold","angle2":-165,"duration":1},{"time":221,"angle":-135,"type":"mineHold","angle2":-135,"duration":1},{"time":221,"angle":15,"type":"mineHold","angle2":15,"duration":1},{"time":221,"angle":-15,"type":"mineHold","angle2":-15,"duration":1},{"time":221,"angle":-45,"type":"mineHold","angle2":-45,"duration":1},{"time":221,"angle":-75,"type":"mineHold","angle2":-75,"duration":1},{"time":221,"angle":-105,"type":"mineHold","angle2":-105,"duration":1},{"time":222,"angle":-180,"type":"mineHold","angle2":-180,"duration":1},{"time":222,"angle":-150,"type":"mineHold","angle2":-150,"duration":1},{"time":222,"angle":-120,"type":"mineHold","angle2":-120,"duration":1},{"time":222,"angle":-90,"type":"mineHold","angle2":-90,"duration":1},{"time":222,"angle":60,"type":"mineHold","angle2":60,"duration":1},{"time":222,"angle":30,"type":"mineHold","angle2":30,"duration":1},{"time":222,"angle":0,"type":"mineHold","angle2":0,"duration":1},{"time":222,"angle":-30,"type":"mineHold","angle2":-30,"duration":1},{"time":222,"angle":-60,"type":"mineHold","angle2":-60,"duration":1},{"time":217.5,"angle":-120,"type":"hold","angle2":-90,"duration":0.5},{"time":218,"angle":-90,"type":"hold","angle2":-30,"duration":1},{"time":223,"angle":-135,"type":"mineHold","angle2":-135,"duration":1},{"time":223,"angle":-105,"type":"mineHold","angle2":-105,"duration":1},{"time":223,"angle":-75,"type":"mineHold","angle2":-75,"duration":1},{"time":223,"angle":-45,"type":"mineHold","angle2":-45,"duration":1},{"time":223,"angle":105,"type":"mineHold","angle2":105,"duration":1},{"time":223,"angle":75,"type":"mineHold","angle2":75,"duration":1},{"time":223,"angle":45,"type":"mineHold","angle2":45,"duration":1},{"time":223,"angle":15,"type":"mineHold","angle2":15,"duration":1},{"time":223,"angle":-15,"type":"mineHold","angle2":-15,"duration":1},{"time":224,"angle":-165,"type":"hold","angle2":-180,"duration":0.25},{"time":224.75,"angle":-180,"type":"hold","angle2":-225,"duration":0.25},{"time":225,"angle":-180,"type":"mineHold","angle2":-180,"duration":1},{"time":225,"angle":-150,"type":"mineHold","angle2":-150,"duration":1},{"time":225,"angle":-120,"type":"mineHold","angle2":-120,"duration":1},{"time":225,"angle":-90,"type":"mineHold","angle2":-90,"duration":1},{"time":225,"angle":60,"type":"mineHold","angle2":60,"duration":1},{"time":225,"angle":30,"type":"mineHold","angle2":30,"duration":1},{"time":225,"angle":0,"type":"mineHold","angle2":0,"duration":1},{"time":225,"angle":-30,"type":"mineHold","angle2":-30,"duration":1},{"time":225,"angle":-60,"type":"mineHold","angle2":-60,"duration":1},{"angle":-255,"time":226,"type":"block"},{"angle":-285,"time":226.5,"type":"block"},{"time":227,"angle":360,"type":"mineHold","angle2":360,"duration":1},{"time":227,"angle":330,"type":"mineHold","angle2":330,"duration":1},{"time":227,"angle":300,"type":"mineHold","angle2":300,"duration":1},{"time":227,"angle":270,"type":"mineHold","angle2":270,"duration":1},{"time":227,"angle":120,"type":"mineHold","angle2":120,"duration":1},{"time":227,"angle":150,"type":"mineHold","angle2":150,"duration":1},{"time":227,"angle":180,"type":"mineHold","angle2":180,"duration":1},{"time":227,"angle":210,"type":"mineHold","angle2":210,"duration":1},{"time":227,"angle":240,"type":"mineHold","angle2":240,"duration":1},{"time":228,"angle":315,"type":"mineHold","angle2":315,"duration":1},{"time":228,"angle":285,"type":"mineHold","angle2":285,"duration":1},{"time":228,"angle":255,"type":"mineHold","angle2":255,"duration":1},{"time":228,"angle":225,"type":"mineHold","angle2":225,"duration":1},{"time":228,"angle":75,"type":"mineHold","angle2":75,"duration":1},{"time":228,"angle":105,"type":"mineHold","angle2":105,"duration":1},{"time":228,"angle":135,"type":"mineHold","angle2":135,"duration":1},{"time":228,"angle":165,"type":"mineHold","angle2":165,"duration":1},{"time":228,"angle":195,"type":"mineHold","angle2":195,"duration":1},{"time":229,"angle":270,"type":"mineHold","angle2":270,"duration":1},{"time":229,"angle":240,"type":"mineHold","angle2":240,"duration":1},{"time":229,"angle":210,"type":"mineHold","angle2":210,"duration":1},{"time":229,"angle":180,"type":"mineHold","angle2":180,"duration":1},{"time":229,"angle":30,"type":"mineHold","angle2":30,"duration":1},{"time":229,"angle":60,"type":"mineHold","angle2":60,"duration":1},{"time":229,"angle":90,"type":"mineHold","angle2":90,"duration":1},{"time":229,"angle":120,"type":"mineHold","angle2":120,"duration":1},{"time":229,"angle":150,"type":"mineHold","angle2":150,"duration":1},{"time":230,"angle":225,"type":"mineHold","angle2":225,"duration":0.25},{"time":230,"angle":195,"type":"mineHold","angle2":195,"duration":0.25},{"time":230,"angle":165,"type":"mineHold","angle2":165,"duration":0.25},{"time":230,"angle":135,"type":"mineHold","angle2":135,"duration":0.25},{"time":230,"angle":-15,"type":"mineHold","angle2":-15,"duration":0.25},{"time":230,"angle":15,"type":"mineHold","angle2":15,"duration":0.25},{"time":230,"angle":45,"type":"mineHold","angle2":45,"duration":0.25},{"time":230,"angle":75,"type":"mineHold","angle2":75,"duration":0.25},{"time":230,"angle":105,"type":"mineHold","angle2":105,"duration":0.25},{"time":230.25,"angle":210,"type":"mineHold","angle2":210,"duration":0.25},{"time":230.25,"angle":180,"type":"mineHold","angle2":180,"duration":0.25},{"time":230.25,"angle":150,"type":"mineHold","angle2":150,"duration":0.25},{"time":230.25,"angle":120,"type":"mineHold","angle2":120,"duration":0.25},{"time":230.25,"angle":-30,"type":"mineHold","angle2":-30,"duration":0.25},{"time":230.25,"angle":0,"type":"mineHold","angle2":0,"duration":0.25},{"time":230.25,"angle":30,"type":"mineHold","angle2":30,"duration":0.25},{"time":230.25,"angle":60,"type":"mineHold","angle2":60,"duration":0.25},{"time":230.25,"angle":90,"type":"mineHold","angle2":90,"duration":0.25},{"time":230.5,"angle":195,"type":"mineHold","angle2":195,"duration":0.25},{"time":230.5,"angle":165,"type":"mineHold","angle2":165,"duration":0.25},{"time":230.5,"angle":135,"type":"mineHold","angle2":135,"duration":0.25},{"time":230.5,"angle":105,"type":"mineHold","angle2":105,"duration":0.25},{"time":230.5,"angle":-45,"type":"mineHold","angle2":-45,"duration":0.25},{"time":230.5,"angle":-15,"type":"mineHold","angle2":-15,"duration":0.25},{"time":230.5,"angle":15,"type":"mineHold","angle2":15,"duration":0.25},{"time":230.5,"angle":45,"type":"mineHold","angle2":45,"duration":0.25},{"time":230.5,"angle":75,"type":"mineHold","angle2":75,"duration":0.25},{"time":230.75,"angle":180,"type":"mineHold","angle2":180,"duration":0.25},{"time":230.75,"angle":150,"type":"mineHold","angle2":150,"duration":0.25},{"time":230.75,"angle":120,"type":"mineHold","angle2":120,"duration":0.25},{"time":230.75,"angle":90,"type":"mineHold","angle2":90,"duration":0.25},{"time":230.75,"angle":-60,"type":"mineHold","angle2":-60,"duration":0.25},{"time":230.75,"angle":-30,"type":"mineHold","angle2":-30,"duration":0.25},{"time":230.75,"angle":0,"type":"mineHold","angle2":0,"duration":0.25},{"time":230.75,"angle":30,"type":"mineHold","angle2":30,"duration":0.25},{"time":230.75,"angle":60,"type":"mineHold","angle2":60,"duration":0.25},{"time":233,"angle":-195,"type":"hold","angle2":-225,"duration":0.5},{"time":235,"angle":-405,"type":"mineHold","angle2":-405,"duration":1},{"time":235,"angle":-375,"type":"mineHold","angle2":-375,"duration":1},{"time":235,"angle":-345,"type":"mineHold","angle2":-345,"duration":1},{"time":235,"angle":-315,"type":"mineHold","angle2":-315,"duration":1},{"time":235,"angle":-165,"type":"mineHold","angle2":-165,"duration":1},{"time":235,"angle":-195,"type":"mineHold","angle2":-195,"duration":1},{"time":235,"angle":-225,"type":"mineHold","angle2":-225,"duration":1},{"time":235,"angle":-255,"type":"mineHold","angle2":-255,"duration":1},{"time":235,"angle":-285,"type":"mineHold","angle2":-285,"duration":1},{"time":236,"angle":-360,"type":"mineHold","angle2":-360,"duration":1},{"time":236,"angle":-330,"type":"mineHold","angle2":-330,"duration":1},{"time":236,"angle":-300,"type":"mineHold","angle2":-300,"duration":1},{"time":236,"angle":-270,"type":"mineHold","angle2":-270,"duration":1},{"time":236,"angle":-120,"type":"mineHold","angle2":-120,"duration":1},{"time":236,"angle":-150,"type":"mineHold","angle2":-150,"duration":1},{"time":236,"angle":-180,"type":"mineHold","angle2":-180,"duration":1},{"time":236,"angle":-210,"type":"mineHold","angle2":-210,"duration":1},{"time":236,"angle":-240,"type":"mineHold","angle2":-240,"duration":1},{"time":237,"angle":-315,"type":"mineHold","angle2":-315,"duration":1},{"time":237,"angle":-285,"type":"mineHold","angle2":-285,"duration":1},{"time":237,"angle":-255,"type":"mineHold","angle2":-255,"duration":1},{"time":237,"angle":-225,"type":"mineHold","angle2":-225,"duration":1},{"time":237,"angle":-75,"type":"mineHold","angle2":-75,"duration":1},{"time":237,"angle":-105,"type":"mineHold","angle2":-105,"duration":1},{"time":237,"angle":-135,"type":"mineHold","angle2":-135,"duration":1},{"time":237,"angle":-165,"type":"mineHold","angle2":-165,"duration":1},{"time":237,"angle":-195,"type":"mineHold","angle2":-195,"duration":1},{"time":238,"angle":-270,"type":"mineHold","angle2":-270,"duration":1},{"time":238,"angle":-240,"type":"mineHold","angle2":-240,"duration":1},{"time":238,"angle":-210,"type":"mineHold","angle2":-210,"duration":1},{"time":238,"angle":-180,"type":"mineHold","angle2":-180,"duration":1},{"time":238,"angle":-30,"type":"mineHold","angle2":-30,"duration":1},{"time":238,"angle":-60,"type":"mineHold","angle2":-60,"duration":1},{"time":238,"angle":-90,"type":"mineHold","angle2":-90,"duration":1},{"time":238,"angle":-120,"type":"mineHold","angle2":-120,"duration":1},{"time":238,"angle":-150,"type":"mineHold","angle2":-150,"duration":1},{"time":233.5,"angle":-225,"type":"hold","angle2":-180,"duration":0.5},{"time":234,"angle":-180,"type":"hold","angle2":-120,"duration":1},{"time":239,"angle":-225,"type":"mineHold","angle2":-225,"duration":1},{"time":239,"angle":-195,"type":"mineHold","angle2":-195,"duration":1},{"time":239,"angle":-165,"type":"mineHold","angle2":-165,"duration":1},{"time":239,"angle":-135,"type":"mineHold","angle2":-135,"duration":1},{"time":239,"angle":15,"type":"mineHold","angle2":15,"duration":1},{"time":239,"angle":-15,"type":"mineHold","angle2":-15,"duration":1},{"time":239,"angle":-45,"type":"mineHold","angle2":-45,"duration":1},{"time":239,"angle":-75,"type":"mineHold","angle2":-75,"duration":1},{"time":239,"angle":-105,"type":"mineHold","angle2":-105,"duration":1},{"time":241,"angle":-270,"type":"mineHold","angle2":-270,"duration":1},{"time":241,"angle":-240,"type":"mineHold","angle2":-240,"duration":1},{"time":241,"angle":-210,"type":"mineHold","angle2":-210,"duration":1},{"time":241,"angle":-180,"type":"mineHold","angle2":-180,"duration":1},{"time":241,"angle":-30,"type":"mineHold","angle2":-30,"duration":1},{"time":241,"angle":-60,"type":"mineHold","angle2":-60,"duration":1},{"time":241,"angle":-90,"type":"mineHold","angle2":-90,"duration":1},{"time":241,"angle":-120,"type":"mineHold","angle2":-120,"duration":1},{"time":241,"angle":-150,"type":"mineHold","angle2":-150,"duration":1},{"time":243,"angle":270,"type":"mineHold","angle2":270,"duration":1},{"time":243,"angle":240,"type":"mineHold","angle2":240,"duration":1},{"time":243,"angle":210,"type":"mineHold","angle2":210,"duration":1},{"time":243,"angle":180,"type":"mineHold","angle2":180,"duration":1},{"time":243,"angle":30,"type":"mineHold","angle2":30,"duration":1},{"time":243,"angle":60,"type":"mineHold","angle2":60,"duration":1},{"time":243,"angle":90,"type":"mineHold","angle2":90,"duration":1},{"time":243,"angle":120,"type":"mineHold","angle2":120,"duration":1},{"time":243,"angle":150,"type":"mineHold","angle2":150,"duration":1},{"time":244,"angle":225,"type":"mineHold","angle2":225,"duration":1},{"time":244,"angle":195,"type":"mineHold","angle2":195,"duration":1},{"time":244,"angle":165,"type":"mineHold","angle2":165,"duration":1},{"time":244,"angle":135,"type":"mineHold","angle2":135,"duration":1},{"time":244,"angle":-15,"type":"mineHold","angle2":-15,"duration":1},{"time":244,"angle":15,"type":"mineHold","angle2":15,"duration":1},{"time":244,"angle":45,"type":"mineHold","angle2":45,"duration":1},{"time":244,"angle":75,"type":"mineHold","angle2":75,"duration":1},{"time":244,"angle":105,"type":"mineHold","angle2":105,"duration":1},{"time":245,"angle":180,"type":"mineHold","angle2":180,"duration":1},{"time":245,"angle":150,"type":"mineHold","angle2":150,"duration":1},{"time":245,"angle":120,"type":"mineHold","angle2":120,"duration":1},{"time":245,"angle":90,"type":"mineHold","angle2":90,"duration":1},{"time":245,"angle":-60,"type":"mineHold","angle2":-60,"duration":1},{"time":245,"angle":-30,"type":"mineHold","angle2":-30,"duration":1},{"time":245,"angle":0,"type":"mineHold","angle2":0,"duration":1},{"time":245,"angle":30,"type":"mineHold","angle2":30,"duration":1},{"time":245,"angle":60,"type":"mineHold","angle2":60,"duration":1},{"time":247,"angle":90,"type":"mineHold","angle2":90,"duration":1},{"time":247,"angle":60,"type":"mineHold","angle2":60,"duration":1},{"time":247,"angle":30,"type":"mineHold","angle2":30,"duration":1},{"time":247,"angle":0,"type":"mineHold","angle2":0,"duration":1},{"time":247,"angle":-150,"type":"mineHold","angle2":-150,"duration":1},{"time":247,"angle":-120,"type":"mineHold","angle2":-120,"duration":1},{"time":247,"angle":-90,"type":"mineHold","angle2":-90,"duration":1},{"time":247,"angle":-60,"type":"mineHold","angle2":-60,"duration":1},{"time":247,"angle":-30,"type":"mineHold","angle2":-30,"duration":1},{"time":240,"angle":0,"type":"mineHold","angle2":0,"duration":0.25},{"time":240,"angle":-30,"type":"mineHold","angle2":-30,"duration":0.25},{"time":240,"angle":-60,"type":"mineHold","angle2":-60,"duration":0.25},{"time":240,"angle":-90,"type":"mineHold","angle2":-90,"duration":0.25},{"time":240,"angle":-240,"type":"mineHold","angle2":-240,"duration":0.25},{"time":240,"angle":-210,"type":"mineHold","angle2":-210,"duration":0.25},{"time":240,"angle":-180,"type":"mineHold","angle2":-180,"duration":0.25},{"time":240,"angle":-150,"type":"mineHold","angle2":-150,"duration":0.25},{"time":240,"angle":-120,"type":"mineHold","angle2":-120,"duration":0.25},{"time":240.25,"angle":-15,"type":"mineHold","angle2":-15,"duration":0.25},{"time":240.25,"angle":-45,"type":"mineHold","angle2":-45,"duration":0.25},{"time":240.25,"angle":-75,"type":"mineHold","angle2":-75,"duration":0.25},{"time":240.25,"angle":-105,"type":"mineHold","angle2":-105,"duration":0.25},{"time":240.25,"angle":-255,"type":"mineHold","angle2":-255,"duration":0.25},{"time":240.25,"angle":-225,"type":"mineHold","angle2":-225,"duration":0.25},{"time":240.25,"angle":-195,"type":"mineHold","angle2":-195,"duration":0.25},{"time":240.25,"angle":-165,"type":"mineHold","angle2":-165,"duration":0.25},{"time":240.25,"angle":-135,"type":"mineHold","angle2":-135,"duration":0.25},{"time":240.5,"angle":-30,"type":"mineHold","angle2":-30,"duration":0.25},{"time":240.5,"angle":-60,"type":"mineHold","angle2":-60,"duration":0.25},{"time":240.5,"angle":-90,"type":"mineHold","angle2":-90,"duration":0.25},{"time":240.5,"angle":-120,"type":"mineHold","angle2":-120,"duration":0.25},{"time":240.5,"angle":-270,"type":"mineHold","angle2":-270,"duration":0.25},{"time":240.5,"angle":-240,"type":"mineHold","angle2":-240,"duration":0.25},{"time":240.5,"angle":-210,"type":"mineHold","angle2":-210,"duration":0.25},{"time":240.5,"angle":-180,"type":"mineHold","angle2":-180,"duration":0.25},{"time":240.5,"angle":-150,"type":"mineHold","angle2":-150,"duration":0.25},{"time":240.75,"angle":-45,"type":"mineHold","angle2":-45,"duration":0.25},{"time":240.75,"angle":-75,"type":"mineHold","angle2":-75,"duration":0.25},{"time":240.75,"angle":-105,"type":"mineHold","angle2":-105,"duration":0.25},{"time":240.75,"angle":-135,"type":"mineHold","angle2":-135,"duration":0.25},{"time":240.75,"angle":-285,"type":"mineHold","angle2":-285,"duration":0.25},{"time":240.75,"angle":-255,"type":"mineHold","angle2":-255,"duration":0.25},{"time":240.75,"angle":-225,"type":"mineHold","angle2":-225,"duration":0.25},{"time":240.75,"angle":-195,"type":"mineHold","angle2":-195,"duration":0.25},{"time":240.75,"angle":-165,"type":"mineHold","angle2":-165,"duration":0.25},{"time":246,"angle":135,"type":"mineHold","angle2":135,"duration":1},{"time":246,"angle":105,"type":"mineHold","angle2":105,"duration":1},{"time":246,"angle":75,"type":"mineHold","angle2":75,"duration":1},{"time":246,"angle":45,"type":"mineHold","angle2":45,"duration":1},{"time":246,"angle":-105,"type":"mineHold","angle2":-105,"duration":1},{"time":246,"angle":-75,"type":"mineHold","angle2":-75,"duration":1},{"time":246,"angle":-45,"type":"mineHold","angle2":-45,"duration":1},{"time":246,"angle":-15,"type":"mineHold","angle2":-15,"duration":1},{"time":246,"angle":15,"type":"mineHold","angle2":15,"duration":1},{"time":219,"angle":-30,"type":"hold","angle2":195,"duration":5},{"time":225,"angle":-225,"type":"hold","angle2":-255,"duration":1},{"time":227,"angle":-300,"type":"hold","angle2":-405,"duration":3},{"time":230,"angle":-45,"type":"hold","angle2":-120,"duration":1},{"time":231,"angle":-120,"type":"hold","angle2":-195,"duration":2},{"time":235,"angle":-120,"type":"hold","angle2":75,"duration":5},{"time":240,"angle":-285,"type":"hold","angle2":-345,"duration":1},{"time":241,"angle":-345,"type":"hold","angle2":-345,"duration":1},{"time":243,"angle":-30,"type":"hold","angle2":-210,"duration":5},{"time":231,"angle":165,"type":"mineHold","angle2":165,"duration":0.25},{"time":231,"angle":135,"type":"mineHold","angle2":135,"duration":0.25},{"time":231,"angle":105,"type":"mineHold","angle2":105,"duration":0.25},{"time":231,"angle":75,"type":"mineHold","angle2":75,"duration":0.25},{"time":231,"angle":-75,"type":"mineHold","angle2":-75,"duration":0.25},{"time":231,"angle":-45,"type":"mineHold","angle2":-45,"duration":0.25},{"time":231,"angle":-15,"type":"mineHold","angle2":-15,"duration":0.25},{"time":231,"angle":15,"type":"mineHold","angle2":15,"duration":0.25},{"time":231,"angle":45,"type":"mineHold","angle2":45,"duration":0.25},{"time":231.25,"angle":150,"type":"mineHold","angle2":150,"duration":0.25},{"time":231.25,"angle":120,"type":"mineHold","angle2":120,"duration":0.25},{"time":231.25,"angle":90,"type":"mineHold","angle2":90,"duration":0.25},{"time":231.25,"angle":60,"type":"mineHold","angle2":60,"duration":0.25},{"time":231.25,"angle":-90,"type":"mineHold","angle2":-90,"duration":0.25},{"time":231.25,"angle":-60,"type":"mineHold","angle2":-60,"duration":0.25},{"time":231.25,"angle":-30,"type":"mineHold","angle2":-30,"duration":0.25},{"time":231.25,"angle":0,"type":"mineHold","angle2":0,"duration":0.25},{"time":231.25,"angle":30,"type":"mineHold","angle2":30,"duration":0.25},{"time":231.5,"angle":135,"type":"mineHold","angle2":135,"duration":0.25},{"time":231.5,"angle":105,"type":"mineHold","angle2":105,"duration":0.25},{"time":231.5,"angle":75,"type":"mineHold","angle2":75,"duration":0.25},{"time":231.5,"angle":45,"type":"mineHold","angle2":45,"duration":0.25},{"time":231.5,"angle":-105,"type":"mineHold","angle2":-105,"duration":0.25},{"time":231.5,"angle":-75,"type":"mineHold","angle2":-75,"duration":0.25},{"time":231.5,"angle":-45,"type":"mineHold","angle2":-45,"duration":0.25},{"time":231.5,"angle":-15,"type":"mineHold","angle2":-15,"duration":0.25},{"time":231.5,"angle":15,"type":"mineHold","angle2":15,"duration":0.25},{"time":231.75,"angle":120,"type":"mineHold","angle2":120,"duration":0.25},{"time":231.75,"angle":90,"type":"mineHold","angle2":90,"duration":0.25},{"time":231.75,"angle":60,"type":"mineHold","angle2":60,"duration":0.25},{"time":231.75,"angle":30,"type":"mineHold","angle2":30,"duration":0.25},{"time":231.75,"angle":-120,"type":"mineHold","angle2":-120,"duration":0.25},{"time":231.75,"angle":-90,"type":"mineHold","angle2":-90,"duration":0.25},{"time":231.75,"angle":-60,"type":"mineHold","angle2":-60,"duration":0.25},{"time":231.75,"angle":-30,"type":"mineHold","angle2":-30,"duration":0.25},{"time":231.75,"angle":0,"type":"mineHold","angle2":0,"duration":0.25},{"time":232,"angle":135,"type":"mineHold","angle2":135,"duration":0.25},{"time":232,"angle":105,"type":"mineHold","angle2":105,"duration":0.25},{"time":232,"angle":75,"type":"mineHold","angle2":75,"duration":0.25},{"time":232,"angle":45,"type":"mineHold","angle2":45,"duration":0.25},{"time":232,"angle":-105,"type":"mineHold","angle2":-105,"duration":0.25},{"time":232,"angle":-75,"type":"mineHold","angle2":-75,"duration":0.25},{"time":232,"angle":-45,"type":"mineHold","angle2":-45,"duration":0.25},{"time":232,"angle":-15,"type":"mineHold","angle2":-15,"duration":0.25},{"time":232,"angle":15,"type":"mineHold","angle2":15,"duration":0.25},{"time":232.25,"angle":120,"type":"mineHold","angle2":120,"duration":0.25},{"time":232.25,"angle":90,"type":"mineHold","angle2":90,"duration":0.25},{"time":232.25,"angle":60,"type":"mineHold","angle2":60,"duration":0.25},{"time":232.25,"angle":30,"type":"mineHold","angle2":30,"duration":0.25},{"time":232.25,"angle":-120,"type":"mineHold","angle2":-120,"duration":0.25},{"time":232.25,"angle":-90,"type":"mineHold","angle2":-90,"duration":0.25},{"time":232.25,"angle":-60,"type":"mineHold","angle2":-60,"duration":0.25},{"time":232.25,"angle":-30,"type":"mineHold","angle2":-30,"duration":0.25},{"time":232.25,"angle":0,"type":"mineHold","angle2":0,"duration":0.25},{"time":232.5,"angle":105,"type":"mineHold","angle2":105,"duration":0.25},{"time":232.5,"angle":75,"type":"mineHold","angle2":75,"duration":0.25},{"time":232.5,"angle":45,"type":"mineHold","angle2":45,"duration":0.25},{"time":232.5,"angle":15,"type":"mineHold","angle2":15,"duration":0.25},{"time":232.5,"angle":-135,"type":"mineHold","angle2":-135,"duration":0.25},{"time":232.5,"angle":-105,"type":"mineHold","angle2":-105,"duration":0.25},{"time":232.5,"angle":-75,"type":"mineHold","angle2":-75,"duration":0.25},{"time":232.5,"angle":-45,"type":"mineHold","angle2":-45,"duration":0.25},{"time":232.5,"angle":-15,"type":"mineHold","angle2":-15,"duration":0.25},{"time":232.75,"angle":90,"type":"mineHold","angle2":90,"duration":0.25},{"time":232.75,"angle":60,"type":"mineHold","angle2":60,"duration":0.25},{"time":232.75,"angle":30,"type":"mineHold","angle2":30,"duration":0.25},{"time":232.75,"angle":0,"type":"mineHold","angle2":0,"duration":0.25},{"time":232.75,"angle":-150,"type":"mineHold","angle2":-150,"duration":0.25},{"time":232.75,"angle":-120,"type":"mineHold","angle2":-120,"duration":0.25},{"time":232.75,"angle":-90,"type":"mineHold","angle2":-90,"duration":0.25},{"time":232.75,"angle":-60,"type":"mineHold","angle2":-60,"duration":0.25},{"time":232.75,"angle":-30,"type":"mineHold","angle2":-30,"duration":0.25},{"time":242,"angle":15,"type":"hold","angle2":-15,"duration":0.5},{"time":242.5,"angle":345,"type":"hold","angle2":330,"duration":0.5},{"angle":270,"time":259,"type":"block"},{"angle":225,"time":259.25,"type":"block"},{"angle":180,"time":259.5,"type":"block"},{"angle":135,"time":259.75,"type":"block"},{"angle":90,"time":260,"type":"block"},{"angle":135,"time":248.5,"type":"block"},{"angle":135,"time":249.5,"type":"block"},{"angle":112.5,"time":249.5,"type":"block"},{"holdEase":"inSine","type":"hold","angle":90,"time":250,"angle2":45,"duration":1},{"angle":360,"time":251.25,"type":"block"},{"angle":315,"time":251.5,"type":"block"},{"angle":270,"time":251.75,"type":"block"},{"angle":225,"time":252,"type":"block"},{"angle":202.5,"time":252,"type":"block"},{"angle":202.5,"time":253,"type":"block"},{"angle":180,"time":253,"type":"block"},{"angle":157.5,"time":254,"type":"block"},{"angle":112.5,"time":255,"type":"block"},{"angle":135,"time":254,"type":"block"},{"angle":90,"time":255,"type":"block"},{"angle":45,"time":256,"type":"block"},{"angle":22.5,"time":256,"type":"block"},{"angle":0,"time":258,"type":"block"},{"angle":360,"time":256.25,"type":"block"},{"angle":0,"time":256.75,"type":"block"},{"angle":337.5,"time":257,"type":"block"},{"angle":22.5,"time":257,"type":"block"},{"angle":0,"time":257.5,"type":"block"},{"angle":22.5,"time":260.5,"type":"block"},{"angle":315,"time":261,"type":"block"},{"angle":225,"time":261.5,"type":"block"},{"angle":90,"time":262,"type":"block"},{"angle":45,"time":262.5,"type":"block"},{"angle":0,"time":263,"type":"block"},{"angle":315,"time":263.5,"type":"block"},{"angle":270,"time":263.75,"type":"block"},{"angle":270,"time":263.5,"type":"block"},{"angle":0,"time":263.75,"type":"extraTap"},{"angle":0,"time":264,"type":"extraTap"},{"type":"mineHold","angle":202.5,"time":264,"angle2":202.5,"duration":1},{"type":"mineHold","angle":315,"time":264,"angle2":315,"duration":1},{"type":"mineHold","angle":0,"time":265.5,"angle2":0,"duration":1},{"type":"mineHold","angle":90,"time":265.5,"angle2":90,"duration":1},{"type":"mineHold","angle":157.5,"time":265.5,"angle2":157.5,"duration":1},{"type":"mineHold","angle":247.5,"time":268,"angle2":247.5,"duration":1},{"type":"mineHold","angle":22.5,"time":268,"angle2":22.5,"duration":1},{"type":"mineHold","angle":135,"time":268,"angle2":135,"duration":1},{"type":"mineHold","angle":180,"time":269,"angle2":180,"duration":1},{"type":"mineHold","angle":345,"time":269,"angle2":345,"duration":1},{"type":"mineHold","angle":330,"time":272,"angle2":330,"duration":1},{"type":"mineHold","angle":120,"time":272,"angle2":120,"duration":1},{"type":"mineHold","angle":210,"time":273.5,"angle2":210,"duration":1},{"type":"mineHold","angle":150,"time":273.5,"angle2":150,"duration":1},{"time":274.5,"angle":90,"type":"mineHold","angle2":90,"duration":1},{"time":274.5,"angle":30,"type":"mineHold","angle2":30,"duration":1},{"time":275.5,"angle":330,"type":"mineHold","angle2":330,"duration":1},{"time":275.5,"angle":270,"type":"mineHold","angle2":270,"duration":1},{"angle":360,"time":279.5,"type":"mine"},{"angle":150,"time":279.75,"type":"mine"},{"angle":270,"time":280,"type":"mine"},{"angle":210,"time":280.5,"type":"mine"},{"angle":0,"time":281,"type":"mine"},{"angle":150,"time":282,"type":"mine"},{"angle":120,"time":281.75,"type":"mine"},{"angle":60,"time":281.25,"type":"mine"},{"angle":210,"time":283,"type":"mine"},{"angle":210,"time":282,"type":"mine"},{"angle":30,"time":282.75,"type":"mine"},{"angle":60,"time":282.25,"type":"mine"},{"angle":330,"time":283,"type":"mine"},{"angle":270,"time":283.5,"type":"mine"},{"angle":150,"time":284,"type":"mine"},{"angle":330,"time":284.5,"type":"mine"},{"angle":270,"time":285,"type":"mine"},{"angle":120,"time":285.5,"type":"mine"},{"angle":90,"time":286,"type":"mine"},{"angle":360,"time":285.75,"type":"mine"},{"type":"mineHold","angle":60,"time":288,"angle2":60,"duration":1},{"type":"mineHold","angle":90,"time":288,"angle2":90,"duration":1},{"type":"mineHold","angle":0,"time":288.5,"angle2":0,"duration":1},{"type":"mineHold","angle":180,"time":288.75,"angle2":180,"duration":1},{"type":"mineHold","angle":120,"time":288,"angle2":120,"duration":1},{"type":"mineHold","angle":30,"time":288.5,"angle2":30,"duration":1},{"type":"mineHold","angle":150,"time":288.75,"angle2":150,"duration":1},{"type":"mineHold","angle":330,"time":289.5,"angle2":330,"duration":1},{"type":"mineHold","angle":210,"time":289.5,"angle2":210,"duration":1},{"type":"mineHold","angle":270,"time":291.5,"angle2":270,"duration":1},{"type":"mineHold","angle":0,"time":292.5,"angle2":0,"duration":1},{"type":"mineHold","angle":90,"time":293,"angle2":90,"duration":1},{"type":"mineHold","angle":180,"time":293.5,"angle2":180,"duration":1},{"time":294,"angle":135,"type":"mineHold","angle2":135,"duration":0.5},{"time":294.5,"angle":45,"type":"mineHold","angle2":45,"duration":0.5},{"time":295,"angle":315,"type":"mineHold","angle2":315,"duration":0.5},{"time":295,"angle":225,"type":"mineHold","angle2":225,"duration":0.5},{"angle":360,"time":297,"type":"extraTap"},{"angle":0,"time":299,"type":"extraTap"},{"angle":0,"time":301,"type":"extraTap"},{"angle":360,"time":303,"type":"extraTap"},{"time":296,"angle":270,"type":"hold","angle2":247.5,"duration":0.25},{"time":296.25,"angle":247.5,"type":"hold","angle2":270,"duration":0.5},{"time":296.75,"angle":270,"type":"hold","angle2":303.75,"duration":0.5},{"time":297.75,"angle":315,"type":"hold","angle2":360,"duration":0.5},{"time":298.25,"angle":360,"type":"hold","angle2":315,"duration":0.5},{"time":299,"angle":270,"type":"hold","angle2":270,"duration":0.5},{"time":299,"angle":281.25,"type":"hold","angle2":281.25,"duration":0.5},{"time":300,"angle":247.5,"type":"hold","angle2":247.5,"duration":0.25},{"time":300,"angle":236.25,"type":"hold","angle2":236.25,"duration":0.25},{"angle":202.5,"time":300.75,"type":"block"},{"type":"hold","angle":202.5,"time":301,"angle2":202.5,"duration":0.25},{"type":"hold","angle":191.25,"time":301,"angle2":191.25,"duration":0.25},{"angle":247.5,"time":299.75,"type":"block"},{"angle":180,"time":301.75,"type":"block"},{"angle":168.75,"time":301.75,"type":"block"},{"angle":180,"time":302.25,"type":"block"},{"angle":168.75,"time":302.25,"type":"block"},{"type":"hold","angle":472.5,"time":302.75,"angle2":472.5,"duration":0.25},{"type":"hold","angle":461.25,"time":302.75,"angle2":461.25,"duration":0.25},{"time":303,"angle":101.25,"type":"hold","angle2":67.5,"duration":0.5},{"time":303,"angle":112.5,"type":"hold","angle2":78.75,"duration":0.5},{"time":303.5,"angle":78.75,"type":"hold","angle2":112.5,"duration":0.5},{"time":303.5,"angle":67.5,"type":"hold","angle2":101.25,"duration":0.5},{"time":304,"angle":123.75,"type":"hold","angle2":123.75,"duration":0.25},{"type":"hold","angle":135,"time":304.25,"angle2":135,"duration":0.25},{"type":"hold","angle":146.25,"time":304.5,"angle2":146.25,"duration":0.25},{"type":"hold","angle":157.5,"time":304.75,"angle2":157.5,"duration":0.25},{"angle":0,"time":305,"type":"extraTap"},{"angle":0,"time":307,"type":"extraTap"},{"angle":0,"time":309,"type":"extraTap"},{"angle":0,"time":311,"type":"extraTap"},{"time":305,"angle":168.75,"type":"hold","angle2":180,"duration":0.25},{"type":"hold","angle":-528.75,"time":305.75,"angle2":-528.75,"duration":0.25},{"type":"hold","angle":-517.5,"time":305.75,"angle2":-517.5,"duration":0.25},{"type":"hold","angle":-517.5,"time":306.25,"angle2":-517.5,"duration":0.25},{"type":"hold","angle":-506.25,"time":306.25,"angle2":-506.25,"duration":0.25},{"type":"hold","angle":-528.75,"time":306.75,"angle2":-528.75,"duration":0.25},{"type":"hold","angle":-517.5,"time":306.75,"angle2":-517.5,"duration":0.25},{"time":307,"angle":191.25,"type":"hold","angle2":225,"duration":0.5},{"time":307,"angle":202.5,"type":"hold","angle2":236.25,"duration":0.5},{"time":308,"angle":281.25,"type":"hold","angle2":247.5,"duration":0.25},{"time":308,"angle":292.5,"type":"hold","angle2":258.75,"duration":0.25},{"type":"hold","angle":191.25,"time":309,"angle2":157.5,"duration":0.25},{"type":"hold","angle":202.5,"time":309,"angle2":168.75,"duration":0.25},{"time":309.75,"angle":90,"type":"hold","angle2":45,"duration":0.5},{"time":310.25,"angle":45,"type":"hold","angle2":78.75,"duration":0.5},{"type":"hold","angle":-236.25,"time":311,"angle2":-202.5,"duration":0.25},{"type":"hold","angle":-247.5,"time":311,"angle2":-213.75,"duration":0.25},{"type":"hold","angle":-180,"time":311.5,"angle2":-146.25,"duration":0.25},{"type":"hold","angle":-191.25,"time":311.5,"angle2":-157.5,"duration":0.25},{"angle":450,"time":344,"type":"block"},{"time":345,"angle":90,"type":"hold","angle2":135,"duration":0.5},{"time":347,"angle":315,"type":"mineHold","angle2":315,"duration":1},{"time":347,"angle":285,"type":"mineHold","angle2":285,"duration":1},{"time":347,"angle":255,"type":"mineHold","angle2":255,"duration":1},{"time":347,"angle":225,"type":"mineHold","angle2":225,"duration":1},{"time":347,"angle":75,"type":"mineHold","angle2":75,"duration":1},{"time":347,"angle":105,"type":"mineHold","angle2":105,"duration":1},{"time":347,"angle":135,"type":"mineHold","angle2":135,"duration":1},{"time":347,"angle":165,"type":"mineHold","angle2":165,"duration":1},{"time":347,"angle":195,"type":"mineHold","angle2":195,"duration":1},{"time":348,"angle":270,"type":"mineHold","angle2":270,"duration":1},{"time":348,"angle":240,"type":"mineHold","angle2":240,"duration":1},{"time":348,"angle":210,"type":"mineHold","angle2":210,"duration":1},{"time":348,"angle":180,"type":"mineHold","angle2":180,"duration":1},{"time":348,"angle":30,"type":"mineHold","angle2":30,"duration":1},{"time":348,"angle":60,"type":"mineHold","angle2":60,"duration":1},{"time":348,"angle":90,"type":"mineHold","angle2":90,"duration":1},{"time":348,"angle":120,"type":"mineHold","angle2":120,"duration":1},{"time":348,"angle":150,"type":"mineHold","angle2":150,"duration":1},{"time":349,"angle":225,"type":"mineHold","angle2":225,"duration":1},{"time":349,"angle":195,"type":"mineHold","angle2":195,"duration":1},{"time":349,"angle":165,"type":"mineHold","angle2":165,"duration":1},{"time":349,"angle":135,"type":"mineHold","angle2":135,"duration":1},{"time":349,"angle":-15,"type":"mineHold","angle2":-15,"duration":1},{"time":349,"angle":15,"type":"mineHold","angle2":15,"duration":1},{"time":349,"angle":45,"type":"mineHold","angle2":45,"duration":1},{"time":349,"angle":75,"type":"mineHold","angle2":75,"duration":1},{"time":349,"angle":105,"type":"mineHold","angle2":105,"duration":1},{"time":350,"angle":180,"type":"mineHold","angle2":180,"duration":1},{"time":350,"angle":150,"type":"mineHold","angle2":150,"duration":1},{"time":350,"angle":120,"type":"mineHold","angle2":120,"duration":1},{"time":350,"angle":90,"type":"mineHold","angle2":90,"duration":1},{"time":350,"angle":-60,"type":"mineHold","angle2":-60,"duration":1},{"time":350,"angle":-30,"type":"mineHold","angle2":-30,"duration":1},{"time":350,"angle":0,"type":"mineHold","angle2":0,"duration":1},{"time":350,"angle":30,"type":"mineHold","angle2":30,"duration":1},{"time":350,"angle":60,"type":"mineHold","angle2":60,"duration":1},{"time":345.5,"angle":135,"type":"hold","angle2":90,"duration":0.5},{"time":346,"angle":90,"type":"hold","angle2":30,"duration":1},{"time":351,"angle":135,"type":"mineHold","angle2":135,"duration":1},{"time":351,"angle":105,"type":"mineHold","angle2":105,"duration":1},{"time":351,"angle":75,"type":"mineHold","angle2":75,"duration":1},{"time":351,"angle":45,"type":"mineHold","angle2":45,"duration":1},{"time":351,"angle":-105,"type":"mineHold","angle2":-105,"duration":1},{"time":351,"angle":-75,"type":"mineHold","angle2":-75,"duration":1},{"time":351,"angle":-45,"type":"mineHold","angle2":-45,"duration":1},{"time":351,"angle":-15,"type":"mineHold","angle2":-15,"duration":1},{"time":351,"angle":15,"type":"mineHold","angle2":15,"duration":1},{"time":352,"angle":195,"type":"hold","angle2":180,"duration":0.25},{"time":352.75,"angle":180,"type":"hold","angle2":225,"duration":0.25},{"time":353,"angle":180,"type":"mineHold","angle2":180,"duration":1},{"time":353,"angle":150,"type":"mineHold","angle2":150,"duration":1},{"time":353,"angle":120,"type":"mineHold","angle2":120,"duration":1},{"time":353,"angle":90,"type":"mineHold","angle2":90,"duration":1},{"time":353,"angle":-60,"type":"mineHold","angle2":-60,"duration":1},{"time":353,"angle":-30,"type":"mineHold","angle2":-30,"duration":1},{"time":353,"angle":0,"type":"mineHold","angle2":0,"duration":1},{"time":353,"angle":30,"type":"mineHold","angle2":30,"duration":1},{"time":353,"angle":60,"type":"mineHold","angle2":60,"duration":1},{"angle":255,"time":354,"type":"block"},{"time":347,"angle":30,"type":"hold","angle2":-165,"duration":5},{"time":353,"angle":225,"type":"hold","angle2":255,"duration":1}]