{"events":[{"volume":1,"type":"play","file":"mus.wav","offset":0.32400000095367,"time":-0,"bpm":120,"angle":90},{"var":"vfx.drawUI","enable":false,"time":-1,"angle":270,"type":"setBoolean"},{"g":255,"type":"setColor","r":255,"angle":90,"time":-1,"color":0,"b":255},{"g":10,"type":"setColor","r":10,"angle":101.25,"time":-1,"color":1,"b":10},{"g":28,"time":-1,"r":28,"color":2,"type":"setColor","angle":112.5,"b":28},{"b":79,"angle":123.75,"r":79,"color":3,"time":-1,"type":"setColor","g":79},{"b":40,"color":4,"r":19,"angle":135,"type":"setColor","time":-1,"g":27},{"g":52,"time":-1,"r":35,"color":5,"type":"setColor","angle":146.25,"b":77},{"g":81,"time":-1,"r":44,"color":6,"type":"setColor","angle":157.5,"b":130},{"g":105,"time":-1,"r":51,"color":7,"type":"setColor","angle":168.75,"b":173},{"sx":0,"sy":0,"drawOrder":1,"ox":195,"oy":120,"time":-1,"sprite":"newlevel1.png","angle":191.25,"id":"newlevel","type":"deco","drawLayer":"fg"},{"y":-300,"sx":1,"sy":1,"drawOrder":0,"ox":75,"oy":150,"drawLayer":"fg","type":"deco","sprite":"event.png","angle":202.5,"id":"evemt","time":-1,"x":-300},{"y":-300,"sx":1,"sy":1,"drawOrder":-1,"ox":195,"oy":30,"id":"playback","sprite":"playback.png","angle":213.75,"type":"deco","time":-1,"drawLayer":"fg"},{"y":660,"sx":1,"sy":1,"drawOrder":0,"ox":125,"drawLayer":"fg","oy":50,"time":-1,"sprite":"gotobeat.png","angle":225,"type":"deco","id":"gotobeat","x":725},{"y":-300,"sx":1,"sy":1,"drawOrder":-1,"ox":125,"drawLayer":"fg","oy":270,"time":-1,"sprite":"eventedit.png","angle":236.25,"type":"deco","id":"eventedit","x":725},{"y":660,"sx":1,"sy":1,"drawOrder":-1,"ox":75,"oy":45,"drawLayer":"fg","time":-1,"sprite":"snap.png","angle":247.5,"type":"deco","id":"snap","x":-300},{"sx":1,"sy":1,"drawOrder":1,"ox":195,"drawLayer":"fg","id":"newlevel","sprite":"newlevel1.png","angle":191.25,"type":"deco","time":0,"oy":120},{"y":150,"sx":1,"sy":1,"x":75,"drawOrder":0,"ox":75,"oy":150,"id":"evemt","type":"deco","drawLayer":"fg","sprite":"event.png","angle":202.5,"time":0,"ease":"inExpo","duration":0},{"y":30,"sx":1,"sy":1,"drawOrder":-1,"ox":195,"oy":30,"ease":"inExpo","drawLayer":"fg","time":0,"sprite":"playback.png","angle":213.75,"type":"deco","id":"playback","duration":0},{"y":310,"sx":1,"sy":1,"duration":0,"drawOrder":0,"ox":125,"oy":50,"drawLayer":"fg","id":"gotobeat","type":"deco","sprite":"gotobeat.png","angle":225,"time":0,"ease":"inExpo","x":475},{"y":270,"sx":1,"sy":1,"duration":0,"drawOrder":-1,"ox":125,"oy":270,"drawLayer":"fg","id":"eventedit","time":0,"sprite":"eventedit.png","angle":236.25,"type":"deco","ease":"inExpo","x":475},{"y":315,"sx":1,"sy":1,"duration":0,"drawOrder":-1,"ox":75,"oy":45,"drawLayer":"fg","id":"snap","type":"deco","sprite":"snap.png","angle":247.5,"time":0,"ease":"inExpo","x":75},{"sprite":"newlevel2.png","angle":180,"id":"newlevel","type":"deco","time":4.5},{"sprite":"playback2.png","angle":202.5,"time":4.5,"id":"playback","type":"deco"},{"sprite":"newlevel3.png","angle":180,"type":"deco","time":14,"id":"newlevel"},{"sprite":"newlevel4.png","angle":180,"time":20.5,"id":"newlevel","type":"deco"},{"sprite":"newlevel5.png","angle":180,"time":22,"id":"newlevel","type":"deco"},{"y":800,"sx":1,"sy":1,"ease":"inBack","ox":195,"oy":120,"drawOrder":1,"drawLayer":"fg","id":"newlevel","angle":202.5,"time":22.5,"type":"deco","duration":1},{"y":800,"ease":"inBack","drawOrder":0,"drawLayer":"fg","type":"deco","sprite":"event.png","angle":213.75,"time":22.5,"id":"evemt","duration":1.125},{"y":800,"drawOrder":-1,"drawLayer":"fg","ease":"inBack","time":22.5,"angle":225,"type":"deco","id":"playback","duration":1.25},{"y":800,"ease":"inBack","drawLayer":"fg","drawOrder":0,"type":"deco","angle":236.25,"time":22.5,"id":"gotobeat","duration":1.375},{"y":800,"ease":"inBack","drawOrder":-1,"drawLayer":"fg","time":22.5,"sprite":"eventedit.png","angle":247.5,"id":"eventedit","type":"deco","duration":1.5},{"y":800,"ease":"inBack","drawLayer":"fg","drawOrder":-1,"time":22.5,"angle":258.75,"id":"snap","type":"deco","duration":1.625},{"ease":"inExpo","time":22.5,"r":-360,"angle":112.5,"type":"deco","id":"newlevel","duration":3},{"type":"deco","id":"playback","r":360,"angle":135,"ease":"inExpo","time":22.5,"duration":3},{"time":22.5,"id":"gotobeat","r":360,"angle":146.25,"ease":"inExpo","type":"deco","duration":3},{"id":"eventedit","time":22.5,"r":360,"angle":157.5,"ease":"inExpo","type":"deco","duration":3},{"ease":"inExpo","id":"snap","r":-360,"angle":168.75,"type":"deco","time":22.5,"duration":3},{"time":22.5,"id":"evemt","r":-360,"angle":123.75,"type":"deco","ease":"inExpo","duration":3},{"sprite":"newlevel4.png","angle":180,"id":"newlevel","type":"deco","time":22.5},{"sx":8,"sy":8,"drawOrder":0,"ox":600,"oy":360,"time":21.5,"sprite":"editor1.png","angle":191.25,"type":"deco","id":"editor","drawLayer":"bg"},{"r":191,"color":3,"ease":"linear","g":191,"duration":2,"angle":135,"time":22,"type":"setColor","b":191},{"sx":0.5,"sy":0.5,"ease":"inSine","order":2,"id":"editor","angle":191.25,"type":"deco","time":22,"duration":1},{"angleOffset":false,"angle":0,"type":"tag","tag":"editorloop","time":23},{"var":"scrollSpeed","value":0.40000000596046,"angle":202.5,"type":"ease","time":18},{"var":"scrollSpeed","ease":"inSine","value":1,"angle":202.5,"type":"ease","time":22,"duration":2},{"order":0,"repeats":64,"repeatDelay":0.5,"var":"vfx.noteXScale","value":1,"angle":326.25,"type":"ease","time":24},{"order":1,"repeats":64,"repeatDelay":0.5,"var":"vfx.noteXScale","type":"ease","value":0,"angle":337.5,"time":24.010000228882},{"angle":56.25,"time":24,"type":"hom","enable":true},{"tag":"editorloop2","angle":11.25,"time":22.989999771118,"type":"tag","angleOffset":false},{"tag":"editorloop","angle":0,"time":31,"type":"tag","angleOffset":false},{"tag":"editorloop2","angle":11.25,"time":30.989999771118,"type":"tag","angleOffset":false},{"tag":"editorloop","angle":0,"time":39,"type":"tag","angleOffset":false},{"tag":"editorloop2","angle":11.25,"time":38.989999771118,"type":"tag","angleOffset":false},{"angleOffset":false,"angle":0,"tag":"editorloop","type":"tag","time":47},{"angleOffset":false,"angle":11.25,"tag":"editorloop2","type":"tag","time":46.989999771118},{"sx":8,"sy":8,"drawOrder":0,"ox":86,"drawLayer":"bg","id":"editorcircle","sprite":"editorcircle.png","angle":270,"type":"deco","time":21.5,"oy":86},{"sx":0.5,"sy":0.5,"ease":"inSine","type":"deco","angle":270,"id":"editorcircle","time":22,"duration":2},{"sx":0.5,"sy":0.5,"ease":"inSine","type":"deco","angle":157.5,"id":"editor","time":22,"duration":2},{"var":"p.paddleDistance","type":"ease","value":25,"angle":0,"ease":"inSine","time":22,"duration":2},{"var":"vfx.canvPos.sx","value":1.039999961853,"angle":33.75,"time":55.5,"type":"ease"},{"var":"vfx.canvPos.sy","value":1.039999961853,"angle":45,"type":"ease","time":55.5},{"sprite":"editorcircle2.png","angle":180,"id":"editorcircle","type":"deco","time":56},{"var":"p.paddleDistance","ease":"outSine","value":31,"angle":56.25,"time":55.5,"type":"ease","duration":0.5},{"order":2,"ease":"outElastic","var":"vfx.noteXScale","value":1,"angle":123.75,"time":56.020000457764,"type":"ease","duration":1},{"r":0,"color":0,"ease":"linear","g":0,"time":56,"angle":168.75,"type":"setColor","b":0,"duration":4},{"g":255,"angle":157.5,"r":255,"color":2,"type":"setColor","time":56,"b":255},{"angle":146.25,"time":56,"type":"setBgColor","color":2},{"var":"p.outlineColor","value":2,"angle":135,"time":56,"type":"ease"},{"var":"scrollSpeed","ease":"outSine","value":1.2999999523163,"angle":78.75,"time":55.5,"type":"ease","duration":1},{"r":255,"color":0,"ease":"outSine","g":255,"b":255,"angle":180,"time":101,"type":"setColor","duration":4},{"r":0,"color":2,"ease":"outSine","g":0,"b":0,"angle":165,"type":"setColor","time":101,"duration":4},{"var":"vfx.canvPos.sx","ease":"outSine","value":1,"angle":150,"type":"ease","time":101,"duration":4},{"var":"vfx.canvPos.sy","type":"ease","value":1,"angle":135,"time":101,"ease":"outSine","duration":1},{"chance":0.89999997615814,"color":0,"type":"noise","time":101,"angle":120},{"g":255,"type":"setColor","r":255,"angle":360,"time":104,"color":0,"b":255},{"b":10,"color":1,"r":10,"angle":371.25,"type":"setColor","time":104,"g":10},{"b":28,"angle":382.5,"r":28,"color":2,"time":104,"type":"setColor","g":28},{"g":79,"type":"setColor","r":79,"angle":393.75,"time":104,"color":3,"b":79},{"b":40,"color":7,"r":19,"angle":405,"type":"setColor","time":104,"g":27},{"g":52,"time":104,"r":35,"color":6,"type":"setColor","angle":416.25,"b":77},{"b":130,"angle":427.5,"r":44,"color":4,"time":104,"type":"setColor","g":81},{"g":105,"time":104,"r":51,"color":5,"type":"setColor","angle":438.75,"b":173},{"angle":112.5,"time":104,"type":"setBgColor","color":0},{"r":0,"color":1,"ease":"linear","g":0,"b":0,"angle":191.25,"time":56,"type":"setColor","duration":4},{"var":"vfx.hglitch.strength","value":15,"angle":360,"type":"ease","time":119.5},{"var":"vfx.hglitch.strength","value":0,"angle":348.75,"time":120,"type":"ease"},{"enable":true,"type":"hom","angle":11.25,"time":119.5},{"enable":false,"type":"hom","angle":11.25,"time":120},{"y":300,"sy":0,"ox":300,"oy":24,"outline":true,"sprite":"txt1.png","angle":270,"kx":25,"ky":0,"sx":1,"drawLayer":"bg","id":"text","time":55,"type":"deco","x":300},{"var":"vfx.drawUI","angle":22.5,"type":"setBoolean","enable":true,"time":55.5},{"kx":0,"ky":0,"sx":1,"ease":"outElastic","sy":1,"time":56,"angle":281.25,"id":"text","type":"deco","duration":1},{"ease":"outSine","repeats":48,"repeatDelay":1,"var":"vfx.canvPos.sx","start":1.0499999523163,"value":1.0199999809265,"angle":45,"type":"ease","time":56,"duration":2},{"ease":"outSine","repeats":48,"repeatDelay":1,"var":"vfx.canvPos.sy","start":1.0499999523163,"value":1.0199999809265,"angle":56.25,"time":56,"type":"ease","duration":2},{"y":300,"kx":25,"sy":0,"ox":300,"oy":24,"order":-1,"sx":1,"time":56,"id":"text","angle":270,"type":"deco","ky":0,"x":300},{"kx":0,"ky":0,"id":"text","ease":"outElastic","sy":1,"type":"deco","sprite":"txt2.png","angle":281.25,"time":63.5,"sx":1,"duration":1},{"y":80,"kx":25,"sy":0,"ox":300,"oy":24,"ky":0,"order":-1,"type":"deco","time":63.5,"angle":270,"id":"text","sx":1,"x":300},{"sx":1,"sy":1,"ky":0,"ease":"outElastic","kx":0,"time":67.5,"sprite":"txt2.png","angle":315,"id":"text2","type":"deco","duration":1},{"y":300,"kx":25,"sy":0,"ox":300,"oy":24,"order":-1,"sx":1,"type":"deco","id":"text2","angle":303.75,"time":67.5,"ky":0,"x":300},{"sx":1,"sy":0,"id":"text2","ease":"outElastic","kx":0,"type":"deco","sprite":"txt2.png","angle":0,"time":72,"ky":25,"duration":1},{"sx":1,"sy":1,"ky":0,"ease":"outElastic","kx":0,"time":72,"sprite":"txt3.png","angle":285,"id":"text","type":"deco","duration":1},{"y":300,"kx":25,"sy":0,"order":-1,"ox":300,"oy":24,"ky":0,"type":"deco","id":"text","angle":270,"time":72,"sx":1,"x":300},{"sx":1,"sy":1,"id":"text","ease":"outElastic","kx":0,"type":"deco","sprite":"txt4.png","angle":281.25,"time":79.5,"ky":0,"duration":1},{"y":300,"kx":25,"sy":0,"ox":300,"oy":24,"order":-1,"ky":0,"type":"deco","time":79.5,"angle":270,"id":"text","sx":1,"x":300},{"sx":1,"sy":1,"ky":0,"ease":"outElastic","kx":0,"time":83.5,"sprite":"txt4.png","angle":281.25,"id":"text2","type":"deco","duration":1},{"y":80,"kx":25,"sy":0,"order":-1,"ox":300,"oy":24,"ky":0,"time":83.5,"type":"deco","angle":270,"id":"text2","sx":1,"x":300},{"sx":1,"sy":1,"ky":0,"ease":"outElastic","kx":0,"time":88,"sprite":"txt5.png","angle":281.25,"type":"deco","id":"text","duration":1},{"y":300,"kx":25,"sy":0,"ox":300,"oy":24,"sx":1,"ky":0,"id":"text","time":88,"angle":270,"type":"deco","order":-1,"x":300},{"sx":1,"sy":0,"kx":25,"ease":"outElastic","id":"text2","type":"deco","angle":303.75,"time":88,"ky":0,"duration":1},{"sx":1,"sy":1,"type":"deco","ease":"outElastic","kx":0,"id":"text","sprite":"txt6.png","angle":281.25,"time":95.5,"ky":0,"duration":1},{"y":300,"kx":25,"sy":0,"order":-1,"ox":300,"oy":24,"sx":1,"id":"text","time":95.5,"angle":270,"type":"deco","ky":0,"x":300},{"kx":0,"sy":1,"type":"deco","ease":"outElastic","sx":1,"time":99.5,"sprite":"txt6.png","angle":281.25,"id":"text2","ky":0,"duration":1},{"y":80,"kx":25,"sy":0,"ky":0,"ox":300,"oy":24,"order":-1,"id":"text2","type":"deco","angle":270,"time":99.5,"sx":1,"x":300},{"sx":1,"sy":1,"id":"text","ease":"outElastic","kx":0,"time":104,"sprite":"txt7.png","angle":303.75,"type":"deco","ky":0,"duration":1},{"y":300,"kx":25,"sy":0,"ox":300,"oy":24,"sx":1,"ky":0,"time":104,"type":"deco","angle":292.5,"id":"text","order":-1,"x":300},{"sx":1,"sy":0,"ease":"outElastic","kx":25,"id":"text2","ky":0,"angle":326.25,"time":104,"type":"deco","duration":1},{"kx":0,"sy":1,"type":"deco","ease":"outElastic","sx":1,"time":111.5,"sprite":"txt8.png","angle":303.75,"id":"text","ky":0,"duration":1},{"y":300,"kx":25,"sy":0,"order":-1,"ox":300,"oy":24,"sx":1,"type":"deco","id":"text","angle":292.5,"time":111.5,"ky":0,"x":300},{"sx":1,"sy":0,"type":"deco","ease":"outElastic","kx":25,"time":120,"sprite":"txt5.png","angle":300,"id":"text","ky":0,"duration":1},{"order":1,"ease":"outSine","var":"vfx.canvPos.sx","value":1,"angle":168.75,"time":104,"type":"ease","duration":4},{"order":1,"ease":"outSine","var":"vfx.canvPos.sy","value":1,"angle":157.5,"time":104,"type":"ease","duration":4},{"chance":0,"color":0,"time":119.5,"type":"noise","angle":22.5},{"var":"vfx.hglitch.strength","value":15,"angle":382.5,"time":127.5,"type":"ease"},{"var":"vfx.hglitch.strength","value":0,"angle":371.25,"type":"ease","time":128},{"enable":true,"type":"hom","angle":33.75,"time":127.5},{"angle":33.75,"time":128,"type":"hom","enable":false},{"chance":0.80000001192093,"color":6,"time":127.75,"type":"noise","angle":45},{"ease":"linear","newAngle":180,"type":"paddles","angle":180,"time":127.5,"paddle":1,"duration":0},{"time":128.00999450684,"ease":"linear","type":"paddles","angle":180,"newAngle":0,"paddle":1,"duration":0},{"ox":160,"oy":160,"type":"deco","sprite":"extrarev@8","angle":90,"time":120,"id":"extra_rev","x":800},{"sx":1,"order":1,"ease":"outExpo","x":450,"time":120,"angle":101.25,"type":"deco","id":"extra_rev","duration":4},{"chance":0,"angle":45,"type":"noise","color":0,"time":128},{"id":"editorcircle","angle":337.5,"time":104,"type":"deco","hide":true},{"id":"extra_rev","angle":101.25,"time":127.75,"type":"deco","hide":true},{"b":127,"color":5,"r":236,"angle":67.5,"type":"setColor","time":120,"g":127},{"b":45,"type":"setColor","r":225,"color":6,"time":120,"angle":78.75,"g":45},{"chance":0.80000001192093,"color":5,"time":127.5,"type":"noise","angle":45},{"var":"vfx.hglitch.strength","value":15,"angle":382.5,"type":"ease","time":132.5},{"var":"vfx.hglitch.strength","value":0,"angle":371.25,"time":133,"type":"ease"},{"angle":33.75,"time":132.5,"type":"hom","enable":true},{"enable":false,"type":"hom","angle":33.75,"time":133},{"chance":0.80000001192093,"color":6,"time":132.75,"type":"noise","angle":45},{"ease":"linear","time":132.5,"type":"paddles","angle":180,"newAngle":180,"paddle":1,"duration":0},{"time":133,"newAngle":0,"type":"paddles","angle":180,"ease":"linear","paddle":1,"duration":0},{"chance":0,"color":0,"time":133,"angle":45,"type":"noise"},{"g":127,"type":"setColor","r":236,"angle":67.5,"time":132.5,"color":5,"b":127},{"b":45,"type":"setColor","r":225,"color":6,"time":132.5,"angle":78.75,"g":45},{"chance":0.80000001192093,"color":5,"time":132.5,"type":"noise","angle":45},{"var":"vfx.hglitch.strength","value":15,"angle":382.5,"type":"ease","time":133.5},{"var":"vfx.hglitch.strength","value":0,"angle":371.25,"time":134,"type":"ease"},{"angle":33.75,"time":133.5,"type":"hom","enable":true},{"enable":false,"type":"hom","angle":33.75,"time":134},{"chance":0.80000001192093,"color":6,"time":133.75,"type":"noise","angle":45},{"ease":"linear","time":133.5,"type":"paddles","angle":180,"newAngle":180,"paddle":1,"duration":0},{"time":134,"newAngle":0,"type":"paddles","angle":180,"ease":"linear","paddle":1,"duration":0},{"chance":0,"color":0,"time":134,"angle":45,"type":"noise"},{"g":127,"type":"setColor","r":236,"angle":67.5,"time":133.5,"color":5,"b":127},{"b":45,"type":"setColor","r":225,"color":6,"time":133.5,"angle":78.75,"g":45},{"chance":0.80000001192093,"color":5,"time":133.5,"type":"noise","angle":45},{"var":"vfx.hglitch.strength","value":15,"angle":382.5,"type":"ease","time":134.5},{"var":"vfx.hglitch.strength","value":0,"angle":371.25,"time":135,"type":"ease"},{"angle":33.75,"time":134.5,"type":"hom","enable":true},{"enable":false,"type":"hom","angle":33.75,"time":135},{"chance":0.80000001192093,"color":6,"time":134.75,"type":"noise","angle":45},{"ease":"linear","time":134.5,"type":"paddles","angle":180,"newAngle":180,"paddle":1,"duration":0},{"time":135,"newAngle":0,"type":"paddles","angle":180,"ease":"linear","paddle":1,"duration":0},{"chance":0,"color":0,"time":135,"angle":45,"type":"noise"},{"g":127,"type":"setColor","r":236,"angle":67.5,"time":134.5,"color":5,"b":127},{"b":45,"type":"setColor","r":225,"color":6,"time":134.5,"angle":78.75,"g":45},{"chance":0.80000001192093,"color":5,"time":134.5,"type":"noise","angle":45},{"var":"vfx.hglitch.strength","value":15,"angle":382.5,"type":"ease","time":143.5},{"var":"vfx.hglitch.strength","value":0,"angle":371.25,"time":144,"type":"ease"},{"angle":33.75,"time":143.5,"type":"hom","enable":true},{"enable":false,"type":"hom","angle":33.75,"time":144},{"chance":0.80000001192093,"color":6,"time":143.75,"type":"noise","angle":45},{"time":143.5,"newAngle":180,"type":"paddles","angle":180,"ease":"linear","paddle":1,"duration":0},{"ease":"linear","time":144,"type":"paddles","angle":180,"newAngle":0,"paddle":1,"duration":0},{"chance":0,"color":0,"time":144,"angle":45,"type":"noise"},{"g":127,"type":"setColor","r":236,"angle":67.5,"time":143.5,"color":5,"b":127},{"b":45,"type":"setColor","r":225,"color":6,"time":143.5,"angle":78.75,"g":45},{"chance":0.80000001192093,"color":5,"time":143.5,"type":"noise","angle":45},{"chance":0.89999997615814,"color":0,"time":104,"type":"noise","angle":90},{"tag":"backpulse2","angle":360,"time":159.75,"type":"tag","angleOffset":false},{"angleOffset":false,"angle":348.75,"tag":"backpulse","type":"tag","time":103.75},{"tag":"backpulse","angle":11.25,"type":"tag","time":111.75,"angleOffset":false},{"time":151.75,"angle":0,"tag":"backpulse2","type":"tag","angleOffset":false},{"var":"vfx.hglitch.strength","value":15,"angle":427.5,"time":159.5,"type":"ease"},{"var":"vfx.hglitch.strength","value":0,"angle":416.25,"type":"ease","time":160},{"enable":true,"type":"hom","time":159.5,"angle":78.75},{"angle":78.75,"time":160,"enable":false,"type":"hom"},{"chance":0.80000001192093,"color":6,"time":159.75,"angle":90,"type":"noise"},{"time":159.5,"ease":"linear","type":"paddles","angle":225,"newAngle":180,"paddle":1,"duration":0},{"newAngle":0,"time":160,"type":"paddles","angle":225,"ease":"linear","paddle":1,"duration":0},{"chance":0,"color":0,"time":160,"type":"noise","angle":90},{"b":127,"color":5,"r":236,"angle":112.5,"type":"setColor","time":159.5,"g":127},{"g":45,"angle":123.75,"r":225,"color":6,"type":"setColor","time":159.5,"b":45},{"chance":0.80000001192093,"color":5,"time":159.5,"angle":90,"type":"noise"},{"var":"vfx.hglitch.strength","value":15,"angle":382.5,"time":164.5,"type":"ease"},{"var":"vfx.hglitch.strength","value":0,"angle":371.25,"type":"ease","time":165},{"enable":true,"type":"hom","time":164.5,"angle":33.75},{"angle":33.75,"time":165,"enable":false,"type":"hom"},{"chance":0.80000001192093,"color":6,"time":164.75,"angle":45,"type":"noise"},{"ease":"linear","newAngle":180,"type":"paddles","angle":180,"time":164.5,"paddle":1,"duration":0},{"newAngle":0,"time":165,"type":"paddles","angle":180,"ease":"linear","paddle":1,"duration":0},{"chance":0,"color":0,"time":165,"type":"noise","angle":45},{"b":127,"color":5,"r":236,"angle":67.5,"type":"setColor","time":164.5,"g":127},{"g":45,"angle":78.75,"r":225,"color":6,"type":"setColor","time":164.5,"b":45},{"chance":0.80000001192093,"color":5,"time":164.5,"angle":45,"type":"noise"},{"var":"vfx.hglitch.strength","value":15,"angle":382.5,"time":165.5,"type":"ease"},{"enable":true,"type":"hom","time":165.5,"angle":33.75},{"angle":33.75,"time":166,"enable":false,"type":"hom"},{"chance":0.80000001192093,"color":6,"time":165.75,"angle":45,"type":"noise"},{"ease":"linear","newAngle":180,"type":"paddles","angle":180,"time":165.5,"paddle":1,"duration":0},{"newAngle":0,"time":166,"type":"paddles","angle":180,"ease":"linear","paddle":1,"duration":0},{"chance":0,"color":0,"time":166,"type":"noise","angle":45},{"b":127,"color":5,"r":236,"angle":67.5,"type":"setColor","time":165.5,"g":127},{"g":45,"angle":78.75,"r":225,"color":6,"type":"setColor","time":165.5,"b":45},{"chance":0.80000001192093,"color":5,"time":165.5,"angle":45,"type":"noise"},{"var":"vfx.hglitch.strength","value":15,"angle":382.5,"type":"ease","time":166.5},{"enable":true,"type":"hom","time":166.5,"angle":33.75},{"angle":33.75,"time":168,"enable":false,"type":"hom"},{"chance":0.80000001192093,"color":6,"time":166.75,"angle":45,"type":"noise"},{"newAngle":180,"time":166.5,"type":"paddles","angle":180,"ease":"linear","paddle":1,"duration":0},{"chance":0,"color":0,"time":167,"type":"noise","angle":45},{"b":127,"color":5,"r":236,"angle":67.5,"type":"setColor","time":166.5,"g":127},{"g":45,"angle":78.75,"r":225,"color":6,"type":"setColor","time":166.5,"b":45},{"chance":0.80000001192093,"color":5,"time":166.5,"angle":45,"type":"noise"},{"var":"vfx.hglitch.strength","value":15,"angle":382.5,"time":167,"type":"ease"},{"chance":0.80000001192093,"color":6,"time":167.25,"angle":45,"type":"noise"},{"type":"paddles","newAngle":180,"time":167,"angle":180,"ease":"linear","paddle":1,"duration":0},{"chance":0,"color":0,"time":167.5,"type":"noise","angle":45},{"b":127,"angle":67.5,"r":236,"color":5,"time":167,"type":"setColor","g":127},{"g":45,"color":6,"r":225,"angle":78.75,"time":167,"type":"setColor","b":45},{"chance":0.80000001192093,"color":5,"time":167,"angle":45,"type":"noise"},{"var":"vfx.hglitch.strength","value":15,"angle":382.5,"time":167.5,"type":"ease"},{"var":"vfx.hglitch.strength","value":0,"angle":371.25,"type":"ease","time":168},{"chance":0.80000001192093,"color":6,"time":167.75,"angle":45,"type":"noise"},{"newAngle":180,"ease":"linear","time":167.5,"angle":180,"type":"paddles","paddle":1,"duration":0},{"time":168,"newAngle":0,"ease":"linear","angle":180,"type":"paddles","paddle":1,"duration":0},{"chance":0,"color":0,"time":168,"type":"noise","angle":45},{"b":127,"angle":67.5,"r":236,"color":5,"time":167.5,"type":"setColor","g":127},{"g":45,"color":6,"r":225,"angle":78.75,"time":167.5,"type":"setColor","b":45},{"chance":0.80000001192093,"color":5,"time":167.5,"angle":45,"type":"noise"},{"var":"vfx.hglitch.strength","value":0,"angle":22.5,"type":"ease","time":166},{"tag":"backpulse2","angle":360,"time":170.75,"type":"tag","angleOffset":false},{"var":"vfx.hglitch.strength","value":15,"angle":427.5,"type":"ease","time":170.5},{"var":"vfx.hglitch.strength","value":0,"angle":416.25,"time":171,"type":"ease"},{"enable":true,"type":"hom","time":170.5,"angle":78.75},{"angle":78.75,"time":171,"enable":false,"type":"hom"},{"chance":0.80000001192093,"color":6,"time":170.75,"type":"noise","angle":90},{"ease":"linear","time":170.5,"type":"paddles","angle":225,"newAngle":180,"paddle":1,"duration":0},{"time":171.02000427246,"newAngle":0,"type":"paddles","angle":225,"ease":"linear","paddle":1,"duration":0},{"chance":0,"color":0,"time":171,"angle":90,"type":"noise"},{"g":127,"time":170.5,"r":236,"color":5,"type":"setColor","angle":112.5,"b":127},{"b":45,"time":170.5,"r":225,"angle":123.75,"type":"setColor","color":6,"g":45},{"chance":0.80000001192093,"color":5,"time":170.5,"type":"noise","angle":90},{"angle":123.75,"color":6,"type":"outline","time":120,"enable":true},{"newWidth":25,"time":160,"type":"paddles","angle":0,"ease":"outSine","paddle":1,"duration":2},{"newWidth":70,"type":"paddles","ease":"outSine","angle":360,"time":168,"paddle":1,"duration":1},{"var":"scrollSpeed","type":"ease","value":1.5,"angle":326.25,"time":151,"ease":"outElastic","duration":2},{"color":0,"angle":0,"time":171.25,"type":"outline","enable":false},{"type":"outline","enable":true,"time":171.5,"color":5,"angle":0},{"time":171.75,"color":0,"type":"outline","angle":0,"enable":false},{"type":"outline","angle":0,"time":172,"enable":true,"color":5},{"time":172.25,"color":0,"type":"outline","angle":0,"enable":false},{"type":"outline","angle":0,"time":172.5,"enable":true,"color":5},{"time":172.75,"color":0,"type":"outline","angle":0,"enable":false},{"type":"outline","angle":0,"time":171,"enable":true,"color":5},{"angle":11.25,"time":176,"type":"hom","enable":true},{"var":"vfx.canvPos.r","time":176,"value":4,"angle":348.75,"ease":"inSine","type":"ease","duration":8},{"var":"vfx.canvPos.r","value":0,"angle":0,"time":184,"type":"ease"},{"tag":"backpulse","angle":0,"time":176,"type":"tag","angleOffset":false},{"color":2,"type":"setBgColor","angle":120,"time":184},{"tag":"impact","angle":-30,"time":184,"type":"tag","angleOffset":false},{"kx":0,"ky":0,"ox":320,"oy":320,"time":184,"sprite":"space.png","angle":180,"type":"deco","id":"space"},{"kx":0.30000001192093,"order":1,"r":360,"ease":"outExpo","drawLayer":"bg","ky":-0.30000001192093,"id":"space","angle":165,"time":184,"type":"deco","duration":6},{"start":360,"var":"vfx.angleTwist.offset","ease":"outSine","value":0,"angle":195,"type":"ease","time":184,"duration":2},{"start":5,"var":"scrollSpeed","ease":"inExpo","value":2,"angle":210,"type":"ease","time":184,"duration":1},{"g":23,"type":"setColor","r":20,"angle":105,"time":184,"color":2,"b":36},{"var":"vfx.canvPos.r","value":0,"angle":0,"type":"ease","time":187},{"angle":345,"angleOffset":false,"type":"tag","tag":"impact2","time":187},{"kx":0,"ky":0,"ox":320,"oy":320,"time":187,"sprite":"space.png","angle":180,"id":"space","type":"deco"},{"kx":0.30000001192093,"order":1,"r":-360,"ease":"outExpo","ky":-0.30000001192093,"type":"deco","angle":150,"time":187,"id":"space","duration":12},{"ease":"outSine","repeats":3,"repeatDelay":1,"var":"vfx.angleTwist.offset","type":"ease","value":0,"angle":210,"time":187,"start":-720,"duration":2},{"ease":"inExpo","repeats":3,"repeatDelay":1,"var":"scrollSpeed","type":"ease","value":2,"angle":240,"time":187,"start":5,"duration":1},{"newWidth":40,"ease":"linear","time":176,"angle":330,"type":"paddles","paddle":1,"duration":4},{"var":"vfx.canvPos.r","value":0,"angle":-15,"type":"ease","time":193},{"angle":-45,"angleOffset":false,"type":"tag","tag":"impact","time":193},{"kx":0,"ky":0,"ox":320,"oy":320,"id":"space","sprite":"space.png","angle":135,"time":193,"type":"deco"},{"kx":0.30000001192093,"ky":-0.30000001192093,"r":360,"ease":"outExpo","order":1,"type":"deco","angle":105,"time":193,"id":"space","duration":6},{"ease":"outSine","var":"vfx.angleTwist.offset","type":"ease","value":0,"angle":165,"time":193,"start":360,"duration":2},{"ease":"inExpo","var":"scrollSpeed","type":"ease","value":2,"angle":195,"time":193,"start":5,"duration":1},{"enable":true,"time":184,"type":"hom","angle":15},{"enable":false,"time":185,"type":"hom","angle":15},{"enable":true,"time":187,"type":"hom","angle":45},{"enable":false,"time":192,"type":"hom","angle":90},{"enable":true,"time":193,"type":"hom","angle":75},{"enable":false,"time":194,"type":"hom","angle":90},{"chance":0.30000001192093,"angle":60,"type":"noise","color":7,"time":184},{"var":"vfx.canvPos.r","value":0,"angle":-45,"time":195,"type":"ease"},{"time":195,"angleOffset":false,"type":"tag","tag":"impact2","angle":-390},{"kx":0,"ky":0,"ox":320,"oy":320,"sprite":"space.png","angle":-225,"type":"deco","time":195,"id":"space"},{"kx":0.30000001192093,"order":1,"r":-360,"ease":"outExpo","id":"space","ky":-0.30000001192093,"angle":-195,"time":195,"type":"deco","duration":12},{"ease":"outSine","repeats":3,"repeatDelay":1,"var":"vfx.angleTwist.offset","type":"ease","value":0,"angle":-255,"time":195,"start":-720,"duration":2},{"ease":"inExpo","repeats":3,"repeatDelay":1,"var":"scrollSpeed","type":"ease","value":2,"angle":-285,"time":195,"start":5,"duration":1},{"angle":-90,"type":"hom","time":195,"enable":true},{"angle":-135,"type":"hom","time":200,"enable":false},{"var":"vfx.canvPos.r","value":0,"angle":-90,"time":200,"type":"ease"},{"tag":"impact","angleOffset":false,"type":"tag","time":200,"angle":-120},{"kx":0,"ky":0,"ox":320,"oy":320,"sprite":"space.png","angle":60,"type":"deco","id":"space","time":200},{"kx":0.30000001192093,"ky":-0.30000001192093,"r":360,"ease":"outExpo","id":"space","order":1,"angle":30,"time":200,"type":"deco","duration":6},{"start":360,"var":"vfx.angleTwist.offset","type":"ease","value":0,"angle":90,"time":200,"ease":"outSine","duration":2},{"start":5,"var":"scrollSpeed","type":"ease","value":2,"angle":120,"time":200,"ease":"inExpo","duration":1},{"enable":true,"time":200,"angle":0,"type":"hom"},{"var":"vfx.canvPos.r","value":0,"angle":90,"time":203,"type":"ease"},{"angle":435,"angleOffset":false,"type":"tag","tag":"impact2","time":203},{"kx":0,"ky":0,"ox":320,"oy":320,"sprite":"space.png","angle":270,"type":"deco","time":203,"id":"space"},{"kx":0.30000001192093,"order":1,"r":-360,"ease":"outExpo","id":"space","ky":-0.30000001192093,"angle":240,"time":203,"type":"deco","duration":12},{"ease":"outSine","repeats":3,"repeatDelay":1,"var":"vfx.angleTwist.offset","type":"ease","value":0,"angle":300,"time":203,"start":-720,"duration":2},{"ease":"inExpo","repeats":3,"repeatDelay":1,"var":"scrollSpeed","type":"ease","value":2,"angle":330,"time":203,"start":5,"duration":1},{"var":"vfx.canvPos.r","value":0,"angle":75,"time":209,"type":"ease"},{"angle":45,"angleOffset":false,"type":"tag","tag":"impact","time":209},{"kx":0,"ky":0,"ox":320,"oy":320,"sprite":"space.png","angle":225,"type":"deco","id":"space","time":209},{"kx":0.30000001192093,"ky":-0.30000001192093,"r":360,"ease":"outExpo","id":"space","order":1,"angle":195,"time":209,"type":"deco","duration":6},{"start":360,"var":"vfx.angleTwist.offset","type":"ease","value":0,"angle":255,"time":209,"ease":"outSine","duration":2},{"start":5,"var":"scrollSpeed","type":"ease","value":2,"angle":285,"time":209,"ease":"inExpo","duration":1},{"enable":false,"time":201,"angle":105,"type":"hom"},{"enable":true,"time":203,"angle":135,"type":"hom"},{"enable":false,"time":208,"angle":180,"type":"hom"},{"enable":true,"time":209,"angle":165,"type":"hom"},{"enable":false,"time":210,"angle":180,"type":"hom"},{"var":"vfx.canvPos.r","value":0,"angle":45,"type":"ease","time":211},{"angleOffset":false,"angle":-300,"type":"tag","tag":"impact2","time":211},{"kx":0,"ky":0,"ox":320,"oy":320,"sprite":"space.png","angle":-135,"id":"space","type":"deco","time":211},{"kx":0.30000001192093,"order":1,"r":-360,"ease":"outExpo","type":"deco","id":"space","angle":-105,"time":211,"ky":-0.30000001192093,"duration":12},{"ease":"outSine","repeats":3,"repeatDelay":1,"var":"vfx.angleTwist.offset","type":"ease","value":0,"angle":-165,"time":211,"start":-720,"duration":2},{"ease":"inExpo","repeats":3,"repeatDelay":1,"var":"scrollSpeed","type":"ease","value":2,"angle":-195,"time":211,"start":5,"duration":1},{"enable":true,"time":211,"angle":0,"type":"hom"},{"enable":false,"time":216,"angle":-45,"type":"hom"},{"var":"vfx.canvPos.r","value":0,"angle":0,"type":"ease","time":216},{"angleOffset":false,"angle":-30,"type":"tag","time":216,"tag":"impact"},{"kx":0,"ky":0,"ox":320,"oy":320,"sprite":"space.png","angle":150,"time":216,"type":"deco","id":"space"},{"kx":0.30000001192093,"ky":-0.30000001192093,"r":360,"ease":"outExpo","type":"deco","id":"space","angle":120,"time":216,"order":1,"duration":6},{"ease":"outSine","var":"vfx.angleTwist.offset","type":"ease","value":0,"angle":180,"time":216,"start":360,"duration":2},{"ease":"inExpo","var":"scrollSpeed","type":"ease","value":2,"angle":210,"time":216,"start":5,"duration":1},{"angle":90,"type":"hom","time":216,"enable":true},{"var":"vfx.canvPos.r","value":0,"angle":0,"time":219,"type":"ease"},{"tag":"impact2","angleOffset":false,"time":219,"type":"tag","angle":-345},{"kx":0,"ky":0,"ox":320,"oy":320,"sprite":"space.png","angle":-180,"type":"deco","time":219,"id":"space"},{"kx":0.30000001192093,"order":1,"r":-360,"ease":"outExpo","id":"space","ky":-0.30000001192093,"angle":-150,"time":219,"type":"deco","duration":12},{"ease":"outSine","repeats":3,"repeatDelay":1,"var":"vfx.angleTwist.offset","type":"ease","value":0,"angle":-210,"time":219,"start":-720,"duration":2},{"ease":"inExpo","repeats":3,"repeatDelay":1,"var":"scrollSpeed","type":"ease","value":2,"angle":-240,"time":219,"start":5,"duration":1},{"var":"vfx.canvPos.r","value":0,"angle":15,"time":225,"type":"ease"},{"tag":"impact","angleOffset":false,"time":225,"type":"tag","angle":45},{"kx":0,"ky":0,"ox":320,"oy":320,"sprite":"space.png","angle":-135,"type":"deco","id":"space","time":225},{"kx":0.30000001192093,"ky":-0.30000001192093,"r":360,"ease":"outExpo","id":"space","order":1,"angle":-105,"time":225,"type":"deco","duration":6},{"start":360,"var":"vfx.angleTwist.offset","type":"ease","value":0,"angle":-165,"time":225,"ease":"outSine","duration":2},{"start":5,"var":"scrollSpeed","type":"ease","value":2,"angle":-195,"time":225,"ease":"inExpo","duration":1},{"enable":false,"time":217,"angle":-15,"type":"hom"},{"enable":true,"time":219,"angle":-45,"type":"hom"},{"enable":false,"time":224,"angle":-90,"type":"hom"},{"enable":true,"time":225,"angle":-75,"type":"hom"},{"enable":false,"time":226,"angle":-90,"type":"hom"},{"var":"vfx.canvPos.r","value":0,"angle":45,"type":"ease","time":227},{"time":227,"angleOffset":false,"type":"tag","tag":"impact2","angle":390},{"kx":0,"ky":0,"ox":320,"oy":320,"sprite":"space.png","angle":225,"id":"space","type":"deco","time":227},{"kx":0.30000001192093,"order":1,"r":-360,"ease":"outExpo","type":"deco","id":"space","angle":195,"time":227,"ky":-0.30000001192093,"duration":12},{"ease":"outSine","repeats":3,"repeatDelay":1,"var":"vfx.angleTwist.offset","type":"ease","value":0,"angle":255,"time":227,"start":-720,"duration":2},{"ease":"inExpo","repeats":3,"repeatDelay":1,"var":"scrollSpeed","type":"ease","value":2,"angle":285,"time":227,"start":5,"duration":1},{"enable":true,"time":227,"angle":90,"type":"hom"},{"var":"vfx.canvPos.r","value":0,"angle":-90,"type":"ease","time":235},{"tag":"impact2","angleOffset":false,"time":235,"type":"tag","angle":-435},{"kx":0,"ky":0,"ox":320,"oy":320,"sprite":"space.png","angle":-270,"id":"space","type":"deco","time":235},{"kx":0.30000001192093,"order":1,"r":-360,"ease":"outExpo","type":"deco","id":"space","angle":-240,"time":235,"ky":-0.30000001192093,"duration":12},{"ease":"outSine","repeats":3,"repeatDelay":1,"var":"vfx.angleTwist.offset","type":"ease","value":0,"angle":-300,"time":235,"start":-720,"duration":2},{"ease":"inExpo","repeats":3,"repeatDelay":1,"var":"scrollSpeed","type":"ease","value":2,"angle":-330,"time":235,"start":5,"duration":1},{"var":"vfx.canvPos.r","value":0,"angle":-75,"type":"ease","time":241},{"tag":"impact","angleOffset":false,"time":241,"type":"tag","angle":-45},{"kx":0,"ky":0,"ox":320,"oy":320,"sprite":"space.png","angle":-225,"time":241,"type":"deco","id":"space"},{"kx":0.30000001192093,"ky":-0.30000001192093,"r":360,"ease":"outExpo","type":"deco","id":"space","angle":-195,"time":241,"order":1,"duration":6},{"ease":"outSine","var":"vfx.angleTwist.offset","type":"ease","value":0,"angle":-255,"time":241,"start":360,"duration":2},{"ease":"inExpo","var":"scrollSpeed","type":"ease","value":2,"angle":-285,"time":241,"start":5,"duration":1},{"enable":false,"time":233,"angle":-105,"type":"hom"},{"enable":true,"time":235,"angle":-135,"type":"hom"},{"enable":false,"time":240,"angle":-180,"type":"hom"},{"enable":true,"time":241,"angle":-165,"type":"hom"},{"enable":false,"time":242,"angle":-180,"type":"hom"},{"var":"vfx.canvPos.r","value":0,"angle":-45,"time":243,"type":"ease"},{"tag":"impact2","angle":300,"time":243,"type":"tag","angleOffset":false},{"kx":0,"ky":0,"ox":320,"oy":320,"sprite":"space.png","angle":135,"time":243,"id":"space","type":"deco"},{"kx":0.30000001192093,"order":1,"r":-360,"ease":"outExpo","ky":-0.30000001192093,"type":"deco","angle":105,"time":243,"id":"space","duration":12},{"ease":"outSine","repeats":3,"repeatDelay":1,"var":"vfx.angleTwist.offset","type":"ease","value":0,"angle":165,"time":243,"start":-720,"duration":2},{"ease":"inExpo","repeats":3,"repeatDelay":1,"var":"scrollSpeed","type":"ease","value":2,"angle":195,"time":243,"start":5,"duration":1},{"enable":true,"time":243,"angle":0,"type":"hom"},{"sx":4,"sy":4,"ease":"inExpo","time":243,"angle":75,"id":"space","type":"deco","duration":4},{"sx":1,"ky":0,"id":"text","ease":"outElastic","sy":1,"type":"deco","sprite":"txt9.png","angle":315,"time":152,"kx":0,"duration":1},{"y":300,"kx":25,"sy":0,"order":-1,"ox":300,"oy":24,"sx":1,"type":"deco","id":"text","angle":300,"time":152,"ky":0,"x":300},{"sx":1,"sy":1,"kx":0,"ease":"outElastic","ky":0,"type":"deco","sprite":"txt10.png","angle":315,"time":158,"id":"text","duration":1},{"y":300,"kx":25,"sy":0,"ox":300,"oy":24,"order":-1,"sx":1,"type":"deco","id":"text","angle":300,"time":158,"ky":0,"x":300},{"sx":1,"sy":1,"time":168,"ease":"outElastic","ky":0,"id":"text","sprite":"txt11.png","angle":315,"type":"deco","kx":0,"duration":1},{"y":300,"kx":25,"sy":0,"ox":300,"oy":24,"sx":1,"order":-1,"time":168,"id":"text","angle":300,"type":"deco","ky":0,"x":300},{"sx":1,"sy":1,"time":176,"ease":"outElastic","ky":0,"id":"text","sprite":"txt12.png","angle":315,"type":"deco","kx":0,"duration":1},{"y":300,"kx":25,"sy":0,"sx":1,"ox":300,"oy":24,"order":-1,"time":176,"id":"text","angle":300,"type":"deco","ky":0,"x":300},{"sx":1,"sy":0,"ease":"outElastic","ky":0,"time":184,"id":"text","angle":285,"type":"deco","kx":25,"duration":1},{"type":"paddles","time":186,"ease":"inSine","angle":15,"newWidth":40,"paddle":1,"duration":0.25},{"newWidth":25,"time":187,"ease":"outSine","angle":15,"type":"paddles","paddle":1,"duration":0.25},{"time":192,"type":"paddles","ease":"inSine","angle":30,"newWidth":40,"paddle":1,"duration":0.25},{"type":"paddles","time":193,"ease":"outSine","angle":30,"newWidth":25,"paddle":1,"duration":0.25},{"type":"paddles","newWidth":40,"ease":"inSine","angle":15,"time":194,"paddle":1,"duration":0.25},{"newWidth":25,"type":"paddles","ease":"outSine","angle":15,"time":195,"paddle":1,"duration":0.25},{"type":"paddles","newWidth":40,"ease":"inSine","angle":15,"time":198,"paddle":1,"duration":0.25},{"newWidth":25,"type":"paddles","ease":"outSine","angle":15,"time":199,"paddle":1,"duration":0.25},{"type":"paddles","newWidth":40,"ease":"inSine","angle":15,"time":201,"paddle":1,"duration":0.25},{"time":203,"newWidth":25,"ease":"outSine","angle":30,"type":"paddles","paddle":1,"duration":0.25},{"type":"paddles","newWidth":40,"ease":"inSine","angle":15,"time":208,"paddle":1,"duration":0.25},{"newWidth":25,"type":"paddles","ease":"outSine","angle":15,"time":209,"paddle":1,"duration":0.25},{"type":"paddles","newWidth":40,"ease":"inSine","angle":15,"time":210,"paddle":1,"duration":0.25},{"newWidth":25,"type":"paddles","ease":"outSine","angle":15,"time":211,"paddle":1,"duration":0.25},{"type":"paddles","newWidth":40,"ease":"inSine","angle":15,"time":217,"paddle":1,"duration":0.25},{"newWidth":25,"type":"paddles","ease":"outSine","angle":30,"time":219,"paddle":1,"duration":0.25},{"type":"paddles","newWidth":40,"ease":"inSine","angle":15,"time":224,"paddle":1,"duration":0.25},{"newWidth":25,"type":"paddles","ease":"outSine","angle":15,"time":225,"paddle":1,"duration":0.25},{"type":"paddles","newWidth":40,"ease":"inSine","angle":15,"time":226,"paddle":1,"duration":0.25},{"newWidth":25,"type":"paddles","ease":"outSine","angle":15,"time":227,"paddle":1,"duration":0.25},{"type":"paddles","newWidth":40,"ease":"inSine","angle":15,"time":230,"paddle":1,"duration":0.25},{"type":"paddles","newWidth":40,"ease":"inSine","angle":15,"time":231,"paddle":1,"duration":0.25},{"time":231,"newWidth":25,"ease":"outSine","angle":225,"type":"paddles","paddle":1,"duration":0.25},{"type":"paddles","newWidth":40,"ease":"inSine","angle":15,"time":233,"paddle":1,"duration":0.25},{"newWidth":25,"type":"paddles","ease":"outSine","angle":0,"time":235,"paddle":1,"duration":0.25},{"type":"paddles","newWidth":40,"ease":"inSine","angle":15,"time":242,"paddle":1,"duration":0.25},{"newWidth":25,"type":"paddles","ease":"outSine","angle":15,"time":243,"paddle":1,"duration":0.25},{"type":"paddles","ease":"outSine","time":248,"angle":15,"newWidth":70,"paddle":1,"duration":1},{"r":255,"color":0,"ease":"linear","g":255,"b":255,"angle":33.75,"type":"setColor","time":248,"duration":1},{"r":10,"color":1,"ease":"linear","g":10,"time":248,"angle":45,"type":"setColor","b":10,"duration":1},{"r":28,"color":2,"ease":"linear","g":28,"b":28,"angle":56.25,"type":"setColor","time":248,"duration":1},{"r":79,"color":3,"ease":"linear","g":79,"duration":1,"angle":67.5,"time":248,"type":"setColor","b":79},{"r":19,"color":4,"ease":"linear","g":27,"type":"setColor","angle":78.75,"time":248,"b":40,"duration":1},{"r":35,"color":5,"ease":"linear","g":52,"type":"setColor","angle":90,"time":248,"b":77,"duration":1},{"r":44,"color":6,"ease":"linear","g":81,"b":130,"angle":101.25,"type":"setColor","time":248,"duration":1},{"r":51,"color":7,"ease":"linear","g":105,"duration":1,"angle":112.5,"time":248,"type":"setColor","b":173},{"y":170,"sx":0.5,"sy":0.5,"ox":1220,"oy":0,"type":"deco","sprite":"fakenote2.png","angle":258.75,"id":"fakenote1","time":255,"x":290},{"order":1,"ease":"linear","ox":100,"oy":0,"time":255,"angle":247.5,"id":"fakenote1","type":"deco","duration":4},{"var":"scrollSpeed","ease":"linear","value":2,"angle":123.75,"time":248,"type":"ease","duration":2},{"y":170,"sx":0.5,"sy":0.5,"ox":862.67028808594,"oy":-862.67028808594,"id":"fakenote2","sprite":"fakenote2.png","angle":281.25,"type":"deco","time":255.25,"x":290},{"order":1,"ease":"linear","ox":70.710678100586,"oy":-70.710678100586,"type":"deco","angle":270,"time":255.25,"id":"fakenote2","duration":4},{"y":170,"sx":0.5,"sy":0.5,"ox":0,"oy":-1220,"id":"fakenote3","sprite":"fakenote2.png","angle":303.75,"type":"deco","time":255.5,"x":290},{"order":1,"ease":"linear","ox":0,"oy":-100,"type":"deco","angle":292.5,"time":255.5,"id":"fakenote3","duration":4},{"y":170,"sx":0.5,"sy":0.5,"ox":-862.66998291016,"oy":-862.66998291016,"type":"deco","sprite":"fakenote2.png","angle":326.25,"id":"fakenote4","time":255.75,"x":290},{"order":1,"ease":"linear","ox":-70.710998535156,"oy":-70.710998535156,"id":"fakenote4","angle":315,"type":"deco","time":255.75,"duration":4},{"y":170,"sx":0.5,"sy":0.5,"ox":-1220,"oy":0,"type":"deco","sprite":"fakenote2.png","angle":348.75,"id":"fakenote5","time":256,"x":290},{"order":1,"ease":"linear","ox":-100,"oy":0,"type":"deco","angle":337.5,"time":256,"id":"fakenote5","duration":4},{"order":1,"ease":"linear","hide":true,"time":259,"angle":360,"id":"fakenote1","type":"deco","duration":4},{"order":1,"ease":"linear","hide":true,"id":"fakenote2","angle":0,"time":259.25,"type":"deco","duration":4},{"order":1,"ease":"linear","hide":true,"id":"fakenote3","angle":0,"time":259.5,"type":"deco","duration":4},{"order":1,"ease":"linear","hide":true,"time":259.75,"angle":0,"id":"fakenote4","type":"deco","duration":4},{"order":1,"ease":"linear","hide":true,"time":260,"angle":0,"id":"fakenote5","type":"deco","duration":4},{"y":-100,"sx":0.5,"sy":0.5,"ox":240,"oy":120,"sprite":"swap@3","angle":360,"id":"swap","type":"deco","time":251},{"y":80,"order":1,"ease":"inOutSine","type":"deco","angle":22.5,"id":"swap","time":251,"duration":4},{"y":-100,"id":"swap","time":257,"angle":45,"type":"deco","ease":"inOutSine","duration":4},{"angle":67.5,"type":"deco","time":255.5,"id":"swap"},{"r":255,"color":7,"ease":"inOutSine","g":255,"b":255,"angle":180,"time":262,"type":"setColor","duration":2},{"kx":0,"sy":1,"ky":0,"ease":"outElastic","sx":1,"id":"text","sprite":"txt14.png","angle":303.75,"type":"deco","time":268,"duration":1},{"y":300,"kx":25,"sy":0,"ox":300,"oy":24,"order":-1,"sx":1,"type":"deco","id":"text","angle":292.5,"time":268,"ky":0,"x":300},{"sx":1,"sy":1,"time":272,"ease":"outElastic","kx":0,"id":"text","sprite":"txt15.png","angle":303.75,"type":"deco","ky":0,"duration":1},{"y":300,"kx":25,"sy":0,"ox":300,"oy":24,"order":-1,"sx":1,"type":"deco","id":"text","angle":292.5,"time":272,"ky":0,"x":300},{"sx":1,"sy":1,"id":"text","ease":"outElastic","kx":0,"time":279.5,"sprite":"txt16.png","angle":303.75,"type":"deco","ky":0,"duration":1},{"y":300,"kx":25,"sy":0,"ox":300,"oy":24,"sx":1,"order":-1,"time":279.5,"id":"text","angle":292.5,"type":"deco","ky":0,"x":300},{"sx":1,"sy":1,"time":284,"ease":"outElastic","kx":0,"id":"text","sprite":"txt17.png","angle":303.75,"type":"deco","ky":0,"duration":1},{"y":300,"kx":25,"sy":0,"ox":300,"oy":24,"sx":1,"order":-1,"time":284,"id":"text","angle":292.5,"type":"deco","ky":0,"x":300},{"sx":1,"sy":1,"time":287.75,"ease":"outElastic","kx":0,"id":"text","sprite":"txt18.png","angle":303.75,"type":"deco","ky":0,"duration":1},{"y":300,"kx":25,"sy":0,"ox":300,"oy":24,"order":-1,"sx":1,"time":287.75,"id":"text","angle":292.5,"type":"deco","ky":0,"x":300},{"sx":1,"sy":1,"time":291.75,"ease":"outElastic","kx":0,"id":"text","sprite":"txt19.png","angle":303.75,"type":"deco","ky":0,"duration":1},{"y":300,"kx":25,"sy":0,"ox":300,"oy":24,"sx":1,"order":-1,"time":291.75,"id":"text","angle":292.5,"type":"deco","ky":0,"x":300},{"kx":25,"sy":0,"ky":0,"ease":"outElastic","time":296,"type":"deco","angle":300,"id":"text","sx":1,"duration":1},{"recolor":0,"time":264,"sprite":"editorcircle2.png","angle":180,"type":"deco","id":"editorcircle","hide":false},{"r":255,"color":0,"ease":"linear","g":255,"b":255,"angle":168.75,"time":264,"type":"setColor","duration":4},{"g":0,"color":2,"r":0,"angle":157.5,"time":264,"type":"setColor","b":0},{"angle":146.25,"time":264,"color":1,"type":"setBgColor"},{"var":"p.outlineColor","value":2,"angle":135,"time":264,"type":"ease"},{"r":255,"color":1,"ease":"linear","g":255,"b":255,"angle":191.25,"time":264,"type":"setColor","duration":4},{"kx":0,"ky":0,"ease":"outElastic","sx":1,"time":264,"id":"text","angle":281.25,"type":"deco","sy":1,"duration":1},{"ease":"outSine","repeats":32,"repeatDelay":1,"var":"vfx.canvPos.sx","start":1.039999961853,"value":1.0199999809265,"angle":33.75,"type":"ease","time":264,"duration":2},{"ease":"outSine","repeats":32,"repeatDelay":1,"var":"vfx.canvPos.sy","start":1.039999961853,"value":1.0199999809265,"angle":45,"time":264,"type":"ease","duration":2},{"y":300,"recolor":2,"sy":0,"ox":300,"oy":24,"sprite":"txt13.png","angle":292.5,"kx":25,"ky":0,"sx":1,"time":264,"id":"text","type":"deco","order":-1,"x":300},{"chance":0,"angle":112.5,"time":264,"color":0,"type":"noise"},{"newWidth":40,"ease":"outSine","time":262,"angle":157.5,"type":"paddles","paddle":1,"duration":2},{"color":0,"angle":90,"time":264,"type":"outline","enable":false},{"var":"scrollSpeed","ease":"outSine","value":0.60000002384186,"angle":67.5,"time":263,"type":"ease","duration":2},{"enable":false,"time":296,"angle":90,"type":"hom"},{"r":255,"color":0,"ease":"outSine","g":255,"b":255,"angle":180,"time":293,"type":"setColor","duration":4},{"r":0,"color":1,"ease":"outSine","g":0,"b":0,"angle":165,"type":"setColor","time":293,"duration":4},{"var":"vfx.canvPos.sx","time":293,"value":1,"angle":150,"type":"ease","ease":"outSine","duration":4},{"var":"vfx.canvPos.sy","type":"ease","value":1,"angle":135,"ease":"outSine","time":293,"duration":1},{"chance":0.89999997615814,"color":0,"type":"noise","angle":120,"time":293},{"chance":0.5,"color":3,"time":296,"angle":78.75,"type":"noise"},{"color":0,"time":296,"angle":67.5,"type":"setBgColor"},{"var":"scrollSpeed","time":293,"value":2,"angle":78.75,"type":"ease","ease":"outSine","duration":3},{"ease":"outSine","repeatDelay":1,"var":"vfx.canvPos.sx","value":1,"angle":33.75,"type":"ease","time":296,"duration":2},{"ease":"outSine","repeatDelay":1,"var":"vfx.canvPos.sy","value":1,"angle":45,"time":296,"type":"ease","duration":2},{"type":"paddles","newWidth":70,"time":295.5,"angle":180,"ease":"outSine","paddle":1,"duration":0.5},{"r":199,"color":3,"ease":"inSine","g":199,"type":"setColor","angle":90,"time":295,"b":199,"duration":1},{"time":296,"angle":101.25,"id":"editorcircle","type":"deco","hide":true},{"angleOffset":false,"angle":360,"type":"tag","time":311.75,"tag":"backpulse2"},{"r":199,"color":4,"ease":"inSine","g":199,"b":199,"angle":90,"type":"setColor","time":310.75,"duration":1},{"r":255,"color":5,"ease":"inSine","g":255,"b":255,"angle":101.25,"type":"setColor","time":310.75,"duration":1},{"angle":360,"angleOffset":false,"tag":"backpulse2","time":319.75,"type":"tag"},{"var":"vfx.canvPos.r","value":0,"angle":0,"type":"ease","time":344},{"color":7,"type":"setBgColor","angle":123.75,"time":343},{"kx":0,"ky":0,"id":"space","ox":320,"oy":320,"recolor":1,"sprite":"space.png","angle":180,"time":344,"type":"deco"},{"kx":0.30000001192093,"sy":1,"r":360,"ease":"outExpo","sx":1,"drawLayer":"bg","hide":false,"time":344,"id":"space","ky":-0.30000001192093,"angle":168.75,"type":"deco","order":1,"duration":6},{"r":20,"color":2,"ease":"linear","g":23,"b":36,"angle":112.5,"type":"setColor","time":343,"duration":2},{"var":"vfx.canvPos.r","value":0,"angle":0,"time":347,"type":"ease"},{"type":"tag","angle":345,"time":347,"tag":"impact2","angleOffset":false},{"kx":0,"ky":0,"ox":320,"oy":320,"sprite":"space.png","angle":180,"type":"deco","time":347,"id":"space"},{"kx":0.30000001192093,"order":1,"r":-360,"ease":"outExpo","id":"space","ky":-0.30000001192093,"angle":150,"time":347,"type":"deco","duration":12},{"ease":"outSine","repeats":3,"repeatDelay":1,"var":"vfx.angleTwist.offset","type":"ease","value":0,"angle":210,"time":347,"start":-720,"duration":2},{"ease":"inExpo","repeats":3,"repeatDelay":1,"var":"scrollSpeed","type":"ease","value":2,"angle":240,"time":347,"start":5,"duration":1},{"var":"vfx.canvPos.r","value":0,"angle":-15,"time":353,"type":"ease"},{"type":"tag","angle":-45,"time":353,"tag":"impact","angleOffset":false},{"kx":0,"ky":0,"ox":320,"oy":320,"sprite":"space.png","angle":135,"type":"deco","id":"space","time":353},{"kx":0.30000001192093,"ky":-0.30000001192093,"r":360,"ease":"outExpo","id":"space","order":1,"angle":105,"time":353,"type":"deco","duration":6},{"start":360,"var":"vfx.angleTwist.offset","type":"ease","value":0,"angle":165,"time":353,"ease":"outSine","duration":2},{"start":5,"var":"scrollSpeed","type":"ease","value":2,"angle":195,"time":353,"ease":"inExpo","duration":1},{"angle":15,"type":"hom","time":344,"enable":true},{"angle":15,"type":"hom","time":345,"enable":false},{"angle":45,"type":"hom","time":347,"enable":true},{"angle":90,"type":"hom","time":352,"enable":false},{"angle":75,"type":"hom","time":353,"enable":true},{"angle":90,"type":"hom","time":354,"enable":false},{"chance":0.30000001192093,"color":7,"time":344,"angle":60,"type":"noise"},{"sx":1,"ky":0,"sy":0,"ease":"outElastic","id":"text","type":"deco","angle":285,"time":344,"kx":25,"duration":1},{"type":"paddles","newWidth":40,"ease":"inSine","angle":15,"time":346,"paddle":1,"duration":0.25},{"newWidth":25,"type":"paddles","ease":"outSine","angle":15,"time":347,"paddle":1,"duration":0.25},{"time":352,"newWidth":40,"ease":"inSine","angle":30,"type":"paddles","paddle":1,"duration":0.25},{"type":"paddles","newWidth":25,"ease":"outSine","angle":30,"time":353,"paddle":1,"duration":0.25},{"type":"paddles","time":354,"ease":"inSine","angle":15,"newWidth":40,"paddle":1,"duration":0.25},{"var":"vfx.angleTwist.offset","time":345,"value":-360,"angle":225,"ease":"outSine","type":"ease","duration":1},{"var":"vfx.angleTwist.offset","type":"ease","value":0,"angle":225,"time":346,"ease":"inSine","duration":1},{"r":255,"color":0,"ease":"linear","g":255,"type":"setColor","angle":90,"time":328,"b":255,"duration":8},{"r":10,"color":1,"ease":"linear","g":10,"duration":8,"angle":101.25,"type":"setColor","time":328,"b":10},{"r":28,"color":2,"ease":"linear","g":28,"time":328,"angle":112.5,"type":"setColor","b":28,"duration":8},{"r":79,"color":3,"ease":"linear","g":79,"duration":8,"angle":123.75,"type":"setColor","time":328,"b":79},{"r":19,"color":4,"ease":"linear","g":27,"duration":8,"angle":135,"time":328,"type":"setColor","b":40},{"r":44,"color":6,"ease":"linear","g":81,"time":328,"angle":157.5,"type":"setColor","b":130,"duration":8},{"r":51,"color":7,"ease":"linear","g":105,"duration":8,"angle":168.75,"type":"setColor","time":328,"b":173},{"r":35,"color":5,"ease":"linear","g":52,"b":77,"angle":146.25,"time":328,"type":"setColor","duration":8},{"chance":0,"angle":78.75,"type":"noise","color":0,"time":328}],"properties":{"speed":70,"offset":8,"startBeat":0,"formatversion":12},"metadata":{"bg":false,"difficulty":0,"artistLink":"https://businesscasual87.bandcamp.com/album/cheesecake","description":"Wow! It's a level!","artist":"LemKuuja","charter":"Starcat_JP","songName":"Ouais Ouais (ft. SlyLeaf)"}}